Datetime,Open,High,Low,Close,Volume,Dividends,Stock Splits
2022-10-13 09:30:00-04:00,9.890000343322754,9.890000343322754,9.835000038146973,9.887200355529785,20376,0.0,0.0
2022-10-13 10:30:00-04:00,9.899200439453125,9.969599723815918,9.899200439453125,9.969599723815918,5986,0.0,0.0
2022-10-13 11:30:00-04:00,9.949999809265137,9.970000267028809,9.919599533081055,9.919599533081055,6674,0.0,0.0
2022-10-13 12:30:00-04:00,9.90999984741211,9.949999809265137,9.90999984741211,9.949999809265137,3559,0.0,0.0
2022-10-13 13:30:00-04:00,9.949999809265137,9.949999809265137,9.850000381469727,9.859999656677246,16728,0.0,0.0
2022-10-13 14:30:00-04:00,9.859999656677246,9.899999618530273,9.84000015258789,9.84000015258789,39485,0.0,0.0
2022-10-13 15:30:00-04:00,9.84000015258789,9.979999542236328,9.829999923706055,9.954999923706055,45441,0.0,0.0
2022-10-14 09:30:00-04:00,10.010000228881836,10.010000228881836,9.890000343322754,9.943499565124512,0,0.0,0.0
2022-10-14 10:30:00-04:00,9.943699836730957,10.042699813842773,9.940400123596191,10.042699813842773,16795,0.0,0.0
2022-10-14 11:30:00-04:00,10.039999961853027,10.039999961853027,9.970000267028809,9.989700317382812,13000,0.0,0.0
2022-10-14 12:30:00-04:00,9.993599891662598,9.993599891662598,9.993599891662598,9.993599891662598,200,0.0,0.0
2022-10-14 13:30:00-04:00,10.014100074768066,10.014100074768066,9.989999771118164,9.989999771118164,7340,0.0,0.0
2022-10-14 14:30:00-04:00,9.979999542236328,9.989899635314941,9.979999542236328,9.989899635314941,0,0.0,0.0
2022-10-14 15:30:00-04:00,9.975000381469727,9.989999771118164,9.945699691772461,9.989999771118164,56941,0.0,0.0
2022-10-17 09:30:00-04:00,10.0,10.069000244140625,10.0,10.020099639892578,0,0.0,0.0
2022-10-17 10:30:00-04:00,10.02910041809082,10.02910041809082,9.993200302124023,10.006099700927734,6924,0.0,0.0
2022-10-17 11:30:00-04:00,10.010199546813965,10.010199546813965,9.979999542236328,9.989999771118164,9478,0.0,0.0
2022-10-17 12:30:00-04:00,9.979999542236328,9.979999542236328,9.9399995803833,9.974699974060059,1504,0.0,0.0
2022-10-17 13:30:00-04:00,9.946900367736816,9.984999656677246,9.920000076293945,9.984999656677246,5999,0.0,0.0
2022-10-17 14:30:00-04:00,9.979700088500977,9.989999771118164,9.971699714660645,9.971699714660645,4047,0.0,0.0
2022-10-17 15:30:00-04:00,9.971699714660645,9.979999542236328,9.970000267028809,9.970000267028809,2392,0.0,0.0
2022-10-18 09:30:00-04:00,9.949999809265137,10.015000343322754,9.920000076293945,10.015000343322754,21068,0.0,0.0
2022-10-18 10:30:00-04:00,9.979999542236328,9.989999771118164,9.960000038146973,9.989899635314941,5114,0.0,0.0
2022-10-18 11:30:00-04:00,9.971599578857422,9.982799530029297,9.970000267028809,9.979999542236328,3741,0.0,0.0
2022-10-18 12:30:00-04:00,9.982000350952148,10.0,9.979999542236328,9.979999542236328,0,0.0,0.0
2022-10-18 13:30:00-04:00,9.984999656677246,10.0,9.979999542236328,9.98900032043457,77015,0.0,0.0
2022-10-18 14:30:00-04:00,9.984999656677246,9.989999771118164,9.970000267028809,9.979999542236328,6132,0.0,0.0
2022-10-18 15:30:00-04:00,9.979999542236328,9.989999771118164,9.979999542236328,9.989999771118164,1063,0.0,0.0
2022-10-19 09:30:00-04:00,9.960000038146973,10.029999732971191,9.947500228881836,10.004899978637695,18314,0.0,0.0
2022-10-19 10:30:00-04:00,10.010000228881836,10.011300086975098,10.010000228881836,10.010000228881836,862,0.0,0.0
2022-10-19 11:30:00-04:00,10.0,10.010000228881836,9.979999542236328,9.98009967803955,11254,0.0,0.0
2022-10-19 12:30:00-04:00,9.991399765014648,10.010000228881836,9.979999542236328,9.982999801635742,10810,0.0,0.0
2022-10-19 13:30:00-04:00,10.0,10.010000228881836,9.984399795532227,10.0,11979,0.0,0.0
2022-10-19 14:30:00-04:00,10.010000228881836,10.010000228881836,9.954999923706055,9.979999542236328,6292,0.0,0.0
2022-10-19 15:30:00-04:00,9.989999771118164,10.079999923706055,9.989999771118164,10.0600004196167,63818,0.0,0.0
2022-10-20 09:30:00-04:00,10.020000457763672,10.210000038146973,10.020000457763672,10.185099601745605,0,0.0,0.0
2022-10-20 10:30:00-04:00,10.135000228881836,10.279999732971191,10.109999656677246,10.210000038146973,25982,0.0,0.0
2022-10-20 11:30:00-04:00,10.1899995803833,10.211000442504883,10.170000076293945,10.170000076293945,4546,0.0,0.0
2022-10-20 12:30:00-04:00,10.170000076293945,10.180000305175781,10.140000343322754,10.140000343322754,9290,0.0,0.0
2022-10-20 13:30:00-04:00,10.154999732971191,10.170000076293945,10.109999656677246,10.109999656677246,6351,0.0,0.0
2022-10-20 14:30:00-04:00,10.119999885559082,10.140000343322754,10.079999923706055,10.079999923706055,24937,0.0,0.0
2022-10-20 15:30:00-04:00,10.069999694824219,10.079999923706055,10.010000228881836,10.029999732971191,19020,0.0,0.0
2022-10-21 09:30:00-04:00,9.949999809265137,10.010000228881836,9.920000076293945,9.968199729919434,0,0.0,0.0
2022-10-21 10:30:00-04:00,9.970000267028809,9.970000267028809,9.949999809265137,9.95009994506836,500,0.0,0.0
2022-10-21 11:30:00-04:00,9.96310043334961,9.979900360107422,9.954999923706055,9.954999923706055,1790,0.0,0.0
2022-10-21 12:30:00-04:00,9.979999542236328,10.029999732971191,9.979900360107422,10.0,11869,0.0,0.0
2022-10-21 13:30:00-04:00,10.005000114440918,10.149999618530273,10.005000114440918,10.136300086975098,18221,0.0,0.0
2022-10-21 14:30:00-04:00,10.140000343322754,10.149999618530273,10.13010025024414,10.13010025024414,11560,0.0,0.0
2022-10-21 15:30:00-04:00,10.140000343322754,10.149999618530273,10.130000114440918,10.149999618530273,2233,0.0,0.0
2022-10-24 09:30:00-04:00,10.069999694824219,10.069999694824219,9.960000038146973,9.994999885559082,0,0.0,0.0
2022-10-24 10:30:00-04:00,9.979999542236328,10.039999961853027,9.96500015258789,9.970000267028809,13131,0.0,0.0
2022-10-24 11:30:00-04:00,9.975000381469727,10.005999565124512,9.8100004196167,9.8100004196167,34708,0.0,0.0
2022-10-24 12:30:00-04:00,9.8100004196167,9.842499732971191,9.75,9.800000190734863,44707,0.0,0.0
2022-10-24 13:30:00-04:00,9.805000305175781,9.84000015258789,9.805000305175781,9.84000015258789,2868,0.0,0.0
2022-10-24 14:30:00-04:00,9.800000190734863,10.0,9.789999961853027,10.0,22602,0.0,0.0
2022-10-24 15:30:00-04:00,9.949999809265137,10.524999618530273,9.9399995803833,10.319999694824219,102089,0.0,0.0
2022-10-25 09:30:00-04:00,10.3100004196167,10.429900169372559,10.260000228881836,10.359999656677246,0,0.0,0.0
2022-10-25 10:30:00-04:00,10.289999961853027,10.300000190734863,10.229999542236328,10.255000114440918,2227,0.0,0.0
2022-10-25 11:30:00-04:00,10.319999694824219,10.34000015258789,10.180000305175781,10.180000305175781,23041,0.0,0.0
2022-10-25 12:30:00-04:00,10.289999961853027,10.289999961853027,10.289999961853027,10.289999961853027,3010,0.0,0.0
2022-10-25 13:30:00-04:00,10.218199729919434,10.218199729919434,10.139900207519531,10.139900207519531,1131,0.0,0.0
2022-10-25 14:30:00-04:00,10.249899864196777,10.249899864196777,10.1899995803833,10.1899995803833,9644,0.0,0.0
2022-10-25 15:30:00-04:00,10.220000267028809,10.36299991607666,10.220000267028809,10.3100004196167,8282,0.0,0.0
2022-10-26 09:30:00-04:00,10.279999732971191,10.390000343322754,10.1899995803833,10.289999961853027,0,0.0,0.0
2022-10-26 10:30:00-04:00,10.359999656677246,10.399999618530273,10.359999656677246,10.396400451660156,5694,0.0,0.0
2022-10-26 11:30:00-04:00,10.720000267028809,10.880000114440918,10.640000343322754,10.660099983215332,70969,0.0,0.0
2022-10-26 12:30:00-04:00,10.6850004196167,10.69219970703125,10.649999618530273,10.65999984741211,6803,0.0,0.0
2022-10-26 13:30:00-04:00,10.630000114440918,10.654000282287598,10.619999885559082,10.645000457763672,6959,0.0,0.0
2022-10-26 14:30:00-04:00,10.621199607849121,10.645000457763672,10.621199607849121,10.645000457763672,300,0.0,0.0
2022-10-26 15:30:00-04:00,10.649999618530273,10.75,10.649999618530273,10.739999771118164,19311,0.0,0.0
2022-10-27 09:30:00-04:00,10.600000381469727,10.70259952545166,10.59000015258789,10.59000015258789,0,0.0,0.0
2022-10-27 10:30:00-04:00,10.579999923706055,10.675000190734863,10.579999923706055,10.675000190734863,4407,0.0,0.0
2022-10-27 11:30:00-04:00,10.675000190734863,10.711899757385254,10.630000114440918,10.699899673461914,8617,0.0,0.0
2022-10-27 12:30:00-04:00,10.6899995803833,10.720000267028809,10.65999984741211,10.720000267028809,1453,0.0,0.0
2022-10-27 13:30:00-04:00,10.699999809265137,10.711299896240234,10.649999618530273,10.675000190734863,7842,0.0,0.0
2022-10-27 14:30:00-04:00,10.620100021362305,10.64330005645752,10.600000381469727,10.624300003051758,12337,0.0,0.0
2022-10-27 15:30:00-04:00,10.622099876403809,10.673399925231934,10.622099876403809,10.640000343322754,3241,0.0,0.0
2022-10-28 09:30:00-04:00,10.640000343322754,10.78499984741211,10.640000343322754,10.704999923706055,0,0.0,0.0
2022-10-28 10:30:00-04:00,10.71500015258789,10.84000015258789,10.681500434875488,10.84000015258789,7963,0.0,0.0
2022-10-28 11:30:00-04:00,10.84000015258789,10.84000015258789,10.802200317382812,10.839900016784668,7791,0.0,0.0
2022-10-28 12:30:00-04:00,10.819999694824219,10.819999694824219,10.732199668884277,10.789999961853027,18339,0.0,0.0
2022-10-28 13:30:00-04:00,10.795000076293945,10.8149995803833,10.680000305175781,10.680000305175781,4954,0.0,0.0
2022-10-28 14:30:00-04:00,10.65999984741211,10.670000076293945,10.529999732971191,10.529999732971191,17471,0.0,0.0
2022-10-28 15:30:00-04:00,10.529999732971191,10.539999961853027,10.460000038146973,10.479999542236328,6208,0.0,0.0
2022-10-31 09:30:00-04:00,10.390000343322754,10.656100273132324,10.390000343322754,10.399999618530273,0,0.0,0.0
2022-10-31 10:30:00-04:00,10.40999984741211,10.420000076293945,10.279999732971191,10.329999923706055,11331,0.0,0.0
2022-10-31 11:30:00-04:00,10.34000015258789,10.34000015258789,10.329999923706055,10.329999923706055,572,0.0,0.0
2022-10-31 12:30:00-04:00,10.359999656677246,10.4399995803833,10.314000129699707,10.4399995803833,14714,0.0,0.0
2022-10-31 13:30:00-04:00,10.399700164794922,10.430000305175781,10.34000015258789,10.379799842834473,9271,0.0,0.0
2022-10-31 14:30:00-04:00,10.350000381469727,10.375,10.350000381469727,10.350000381469727,2765,0.0,0.0
2022-10-31 15:30:00-04:00,10.329999923706055,10.369999885559082,10.329999923706055,10.359999656677246,11134,0.0,0.0
2022-11-01 09:30:00-04:00,10.5,10.579999923706055,10.385000228881836,10.479999542236328,19254,0.0,0.0
2022-11-01 10:30:00-04:00,10.547499656677246,10.547499656677246,10.338000297546387,10.34000015258789,12472,0.0,0.0
2022-11-01 11:30:00-04:00,10.319999694824219,10.380000114440918,10.289999961853027,10.380000114440918,6182,0.0,0.0
2022-11-01 12:30:00-04:00,10.329999923706055,10.395000457763672,10.319999694824219,10.395000457763672,13136,0.0,0.0
2022-11-01 13:30:00-04:00,10.369999885559082,10.369999885559082,10.319999694824219,10.319999694824219,6218,0.0,0.0
2022-11-01 14:30:00-04:00,10.34000015258789,10.350000381469727,10.289999961853027,10.315400123596191,12107,0.0,0.0
2022-11-01 15:30:00-04:00,10.3100004196167,10.3149995803833,10.3100004196167,10.3149995803833,382,0.0,0.0
2022-11-02 09:30:00-04:00,10.300000190734863,10.529999732971191,10.300000190734863,10.380000114440918,0,0.0,0.0
2022-11-02 10:30:00-04:00,10.369999885559082,10.475000381469727,10.369999885559082,10.475000381469727,8918,0.0,0.0
2022-11-02 11:30:00-04:00,10.399900436401367,10.399900436401367,10.350000381469727,10.394200325012207,9686,0.0,0.0
2022-11-02 12:30:00-04:00,10.380599975585938,10.390000343322754,10.34000015258789,10.390000343322754,14655,0.0,0.0
2022-11-02 13:30:00-04:00,10.399999618530273,10.5,10.395000457763672,10.498000144958496,8963,0.0,0.0
2022-11-02 14:30:00-04:00,10.479999542236328,10.604999542236328,10.454999923706055,10.600000381469727,17140,0.0,0.0
2022-11-02 15:30:00-04:00,10.550000190734863,10.650099754333496,10.4399995803833,10.4399995803833,17039,0.0,0.0
2022-11-03 09:30:00-04:00,10.390000343322754,10.439900398254395,10.260000228881836,10.260000228881836,21841,0.0,0.0
2022-11-03 10:30:00-04:00,10.270000457763672,10.321000099182129,10.140000343322754,10.229999542236328,13780,0.0,0.0
2022-11-03 11:30:00-04:00,10.229999542236328,10.229999542236328,10.199999809265137,10.210000038146973,7146,0.0,0.0
2022-11-03 12:30:00-04:00,10.199999809265137,10.213899612426758,10.140000343322754,10.154600143432617,13051,0.0,0.0
2022-11-03 13:30:00-04:00,10.149999618530273,10.15999984741211,10.100000381469727,10.100000381469727,12447,0.0,0.0
2022-11-03 14:30:00-04:00,10.100000381469727,10.157400131225586,10.100000381469727,10.130000114440918,9178,0.0,0.0
2022-11-03 15:30:00-04:00,10.130000114440918,10.130000114440918,10.119999885559082,10.119999885559082,5925,0.0,0.0
2022-11-04 09:30:00-04:00,10.130000114440918,10.239999771118164,10.130000114440918,10.236000061035156,0,0.0,0.0
2022-11-04 10:30:00-04:00,10.227299690246582,10.29990005493164,10.1899995803833,10.1899995803833,6410,0.0,0.0
2022-11-04 11:30:00-04:00,10.1899995803833,10.212800025939941,10.170000076293945,10.170000076293945,15210,0.0,0.0
2022-11-04 12:30:00-04:00,10.170000076293945,10.180000305175781,10.140000343322754,10.140000343322754,7333,0.0,0.0
2022-11-04 13:30:00-04:00,10.145000457763672,10.170000076293945,10.125,10.159899711608887,8213,0.0,0.0
2022-11-04 14:30:00-04:00,10.149999618530273,10.20009994506836,10.149999618530273,10.149999618530273,11848,0.0,0.0
2022-11-04 15:30:00-04:00,10.169599533081055,10.260000228881836,10.130000114440918,10.180000305175781,16356,0.0,0.0
2022-11-07 09:30:00-05:00,10.15999984741211,10.350000381469727,10.140000343322754,10.149999618530273,0,0.0,0.0
2022-11-07 10:30:00-05:00,10.170000076293945,10.199999809265137,10.149999618530273,10.170000076293945,14193,0.0,0.0
2022-11-07 11:30:00-05:00,10.170000076293945,10.220000267028809,10.0600004196167,10.0600004196167,15385,0.0,0.0
2022-11-07 12:30:00-05:00,10.085000038146973,10.270000457763672,10.0600004196167,10.270000457763672,17234,0.0,0.0
2022-11-07 13:30:00-05:00,10.260000228881836,10.300000190734863,10.23169994354248,10.300000190734863,12433,0.0,0.0
2022-11-07 14:30:00-05:00,10.300000190734863,10.359999656677246,10.260000228881836,10.329999923706055,10755,0.0,0.0
2022-11-07 15:30:00-05:00,10.34000015258789,10.350000381469727,10.329999923706055,10.339900016784668,5222,0.0,0.0
2022-11-08 09:30:00-05:00,10.260000228881836,10.300000190734863,10.220000267028809,10.288000106811523,0,0.0,0.0
2022-11-08 10:30:00-05:00,10.239999771118164,10.25,10.170000076293945,10.170000076293945,14354,0.0,0.0
2022-11-08 11:30:00-05:00,10.15999984741211,10.1850004196167,10.15999984741211,10.15999984741211,9196,0.0,0.0
2022-11-08 12:30:00-05:00,10.15999984741211,10.1899995803833,10.15999984741211,10.15999984741211,0,0.0,0.0
2022-11-08 13:30:00-05:00,10.15999984741211,10.180000305175781,10.149999618530273,10.149999618530273,52727,0.0,0.0
2022-11-08 14:30:00-05:00,10.15999984741211,10.258399963378906,10.15999984741211,10.180000305175781,16513,0.0,0.0
2022-11-08 15:30:00-05:00,10.180000305175781,10.194600105285645,10.130000114440918,10.170000076293945,17409,0.0,0.0
2022-11-09 09:30:00-05:00,10.140000343322754,10.224499702453613,10.140000343322754,10.180000305175781,12819,0.0,0.0
2022-11-09 10:30:00-05:00,10.194999694824219,10.289999961853027,10.170000076293945,10.180000305175781,8761,0.0,0.0
2022-11-09 11:30:00-05:00,10.170000076293945,10.194199562072754,10.15999984741211,10.15999984741211,5952,0.0,0.0
2022-11-09 12:30:00-05:00,10.170000076293945,10.229999542236328,10.15999984741211,10.15999984741211,8068,0.0,0.0
2022-11-09 13:30:00-05:00,10.15999984741211,10.180000305175781,10.149999618530273,10.149999618530273,2848,0.0,0.0
2022-11-09 14:30:00-05:00,10.149999618530273,10.168299674987793,10.140000343322754,10.140000343322754,8978,0.0,0.0
2022-11-09 15:30:00-05:00,10.151800155639648,10.151800155639648,10.119999885559082,10.119999885559082,12433,0.0,0.0
2022-11-10 09:30:00-05:00,10.300000190734863,10.430000305175781,10.239999771118164,10.350099563598633,0,0.0,0.0
2022-11-10 10:30:00-05:00,10.369999885559082,10.399999618530273,10.359999656677246,10.399999618530273,4019,0.0,0.0
2022-11-10 11:30:00-05:00,10.430000305175781,10.479999542236328,10.429900169372559,10.465499877929688,8540,0.0,0.0
2022-11-10 12:30:00-05:00,10.475000381469727,10.489999771118164,10.43850040435791,10.43850040435791,20474,0.0,0.0
2022-11-10 13:30:00-05:00,10.449999809265137,10.489999771118164,10.421899795532227,10.46500015258789,9491,0.0,0.0
2022-11-10 14:30:00-05:00,10.489999771118164,10.5600004196167,10.489999771118164,10.53499984741211,7888,0.0,0.0
2022-11-10 15:30:00-05:00,10.541000366210938,10.5600004196167,10.420000076293945,10.420000076293945,57331,0.0,0.0
2022-11-11 09:30:00-05:00,10.470000267028809,10.675000190734863,10.449999809265137,10.574999809265137,0,0.0,0.0
2022-11-11 10:30:00-05:00,10.664999961853027,10.679900169372559,10.579999923706055,10.579999923706055,7497,0.0,0.0
2022-11-11 11:30:00-05:00,10.570500373840332,10.679400444030762,10.569999694824219,10.579999923706055,5546,0.0,0.0
2022-11-11 13:30:00-05:00,10.496500015258789,10.65939998626709,10.479999542236328,10.529999732971191,4285,0.0,0.0
2022-11-11 14:30:00-05:00,10.529999732971191,10.630800247192383,10.520000457763672,10.520000457763672,14712,0.0,0.0
2022-11-11 15:30:00-05:00,10.520000457763672,10.630000114440918,10.520000457763672,10.630000114440918,7626,0.0,0.0
2022-11-14 09:30:00-05:00,10.510000228881836,10.576199531555176,10.430999755859375,10.489999771118164,0,0.0,0.0
2022-11-14 10:30:00-05:00,10.5600004196167,10.5600004196167,10.5600004196167,10.5600004196167,2017,0.0,0.0
2022-11-14 11:30:00-05:00,10.539999961853027,10.579999923706055,10.520000457763672,10.569999694824219,6876,0.0,0.0
2022-11-14 12:30:00-05:00,10.569999694824219,10.670000076293945,10.569999694824219,10.670000076293945,1877,0.0,0.0
2022-11-14 13:30:00-05:00,10.670000076293945,10.699999809265137,10.654999732971191,10.654999732971191,13944,0.0,0.0
2022-11-14 14:30:00-05:00,10.64210033416748,10.64210033416748,10.579999923706055,10.59000015258789,8175,0.0,0.0
2022-11-14 15:30:00-05:00,10.579999923706055,10.598999977111816,10.529999732971191,10.579999923706055,8841,0.0,0.0
2022-11-15 09:30:00-05:00,10.579999923706055,10.670000076293945,10.579999923706055,10.65999984741211,0,0.0,0.0
2022-11-15 10:30:00-05:00,10.645000457763672,10.645000457763672,10.579999923706055,10.59000015258789,6418,0.0,0.0
2022-11-15 11:30:00-05:00,10.59000015258789,10.600000381469727,10.529999732971191,10.600000381469727,5759,0.0,0.0
2022-11-15 12:30:00-05:00,10.579999923706055,10.649999618530273,10.579999923706055,10.619999885559082,7222,0.0,0.0
2022-11-15 13:30:00-05:00,10.630000114440918,10.729999542236328,10.614999771118164,10.720000267028809,27849,0.0,0.0
2022-11-15 14:30:00-05:00,10.699899673461914,10.880000114440918,10.699899673461914,10.730999946594238,43140,0.0,0.0
2022-11-15 15:30:00-05:00,10.738300323486328,10.75,10.720000267028809,10.720000267028809,2050,0.0,0.0
2022-11-16 09:30:00-05:00,10.739999771118164,10.920000076293945,10.739999771118164,10.75,0,0.0,0.0
2022-11-16 10:30:00-05:00,10.837300300598145,10.84000015258789,10.78499984741211,10.84000015258789,3351,0.0,0.0
2022-11-16 11:30:00-05:00,10.75,10.75,10.75,10.75,101,0.0,0.0
2022-11-16 12:30:00-05:00,10.807999610900879,10.84000015258789,10.789999961853027,10.829999923706055,3905,0.0,0.0
2022-11-16 13:30:00-05:00,10.829999923706055,10.920000076293945,10.829999923706055,10.919899940490723,8956,0.0,0.0
2022-11-16 14:30:00-05:00,10.920000076293945,11.149999618530273,10.920000076293945,11.100000381469727,3298,0.0,0.0
2022-11-16 15:30:00-05:00,11.149999618530273,11.149999618530273,11.04010009765625,11.130000114440918,4245,0.0,0.0
2022-11-17 09:30:00-05:00,11.069999694824219,11.069999694824219,10.890000343322754,10.930000305175781,0,0.0,0.0
2022-11-17 10:30:00-05:00,10.982999801635742,11.390000343322754,10.975000381469727,11.180000305175781,29926,0.0,0.0
2022-11-17 11:30:00-05:00,11.267200469970703,11.267200469970703,11.100000381469727,11.117500305175781,8485,0.0,0.0
2022-11-17 12:30:00-05:00,11.239999771118164,11.431699752807617,11.119999885559082,11.385700225830078,20892,0.0,0.0
2022-11-17 13:30:00-05:00,11.399999618530273,11.460000038146973,11.279999732971191,11.34000015258789,26299,0.0,0.0
2022-11-17 14:30:00-05:00,11.4399995803833,11.460000038146973,11.369999885559082,11.425000190734863,12154,0.0,0.0
2022-11-17 15:30:00-05:00,11.423600196838379,11.470000267028809,11.399999618530273,11.420000076293945,20220,0.0,0.0
2022-11-18 09:30:00-05:00,11.460000038146973,11.460000038146973,11.279999732971191,11.289999961853027,0,0.0,0.0
2022-11-18 10:30:00-05:00,11.279999732971191,11.420000076293945,11.260000228881836,11.310799598693848,14121,0.0,0.0
2022-11-18 11:30:00-05:00,11.345000267028809,11.369999885559082,11.3100004196167,11.3100004196167,3354,0.0,0.0
2022-11-18 12:30:00-05:00,11.3100004196167,11.325599670410156,11.220000267028809,11.220000267028809,3740,0.0,0.0
2022-11-18 13:30:00-05:00,11.301799774169922,11.301799774169922,11.239999771118164,11.269700050354004,14147,0.0,0.0
2022-11-18 14:30:00-05:00,11.270000457763672,11.270000457763672,11.0,11.0,21889,0.0,0.0
2022-11-18 15:30:00-05:00,11.010000228881836,11.039999961853027,10.949999809265137,10.979999542236328,12069,0.0,0.0
2022-11-21 09:30:00-05:00,10.979999542236328,11.045000076293945,10.949999809265137,10.960000038146973,0,0.0,0.0
2022-11-21 10:30:00-05:00,10.970000267028809,11.039999961853027,10.960599899291992,11.016599655151367,13691,0.0,0.0
2022-11-21 11:30:00-05:00,11.015000343322754,11.015000343322754,10.979999542236328,10.979999542236328,3554,0.0,0.0
2022-11-21 12:30:00-05:00,10.979999542236328,11.039999961853027,10.949999809265137,11.039999961853027,2881,0.0,0.0
2022-11-21 13:30:00-05:00,11.012999534606934,11.012999534606934,10.994999885559082,10.994999885559082,1158,0.0,0.0
2022-11-21 14:30:00-05:00,11.027999877929688,11.027999877929688,11.009099960327148,11.009099960327148,1286,0.0,0.0
2022-11-21 15:30:00-05:00,11.016300201416016,11.039999961853027,11.010000228881836,11.039999961853027,4579,0.0,0.0
2022-11-22 09:30:00-05:00,10.970000267028809,11.229999542236328,10.970000267028809,11.077099800109863,0,0.0,0.0
2022-11-22 10:30:00-05:00,11.15999984741211,11.180000305175781,11.070699691772461,11.180000305175781,5895,0.0,0.0
2022-11-22 11:30:00-05:00,11.180000305175781,11.289999961853027,11.125,11.199999809265137,15134,0.0,0.0
2022-11-22 12:30:00-05:00,11.199999809265137,11.199999809265137,11.079999923706055,11.140000343322754,5559,0.0,0.0
2022-11-22 13:30:00-05:00,11.140000343322754,11.300000190734863,11.109999656677246,11.25,15934,0.0,0.0
2022-11-22 14:30:00-05:00,11.25,11.25,11.140000343322754,11.149999618530273,22099,0.0,0.0
2022-11-22 15:30:00-05:00,11.149999618530273,11.25,11.140000343322754,11.239999771118164,13024,0.0,0.0
2022-11-23 09:30:00-05:00,11.1899995803833,11.390000343322754,11.180000305175781,11.319999694824219,0,0.0,0.0
2022-11-23 10:30:00-05:00,11.198800086975098,11.390000343322754,11.198800086975098,11.359999656677246,22727,0.0,0.0
2022-11-23 11:30:00-05:00,11.316100120544434,11.399999618530273,11.305000305175781,11.390000343322754,4817,0.0,0.0
2022-11-23 12:30:00-05:00,11.369999885559082,11.369999885559082,11.324999809265137,11.350000381469727,7953,0.0,0.0
2022-11-23 13:30:00-05:00,11.350000381469727,11.359999656677246,11.335800170898438,11.350000381469727,4063,0.0,0.0
2022-11-23 14:30:00-05:00,11.350000381469727,11.350000381469727,11.32450008392334,11.335000038146973,4488,0.0,0.0
2022-11-23 15:30:00-05:00,11.335000038146973,11.359999656677246,11.335000038146973,11.34000015258789,12246,0.0,0.0
2022-11-25 09:30:00-05:00,11.289999961853027,11.291999816894531,11.170000076293945,11.170000076293945,0,0.0,0.0
2022-11-25 10:30:00-05:00,11.210000038146973,11.210000038146973,11.1899995803833,11.199999809265137,3903,0.0,0.0
2022-11-25 11:30:00-05:00,11.1899995803833,11.40999984741211,11.1899995803833,11.404999732971191,53848,0.0,0.0
2022-11-28 09:30:00-05:00,11.329999923706055,11.359999656677246,11.140000343322754,11.25,13021,0.0,0.0
2022-11-28 10:30:00-05:00,11.25,11.291899681091309,11.239999771118164,11.270000457763672,8482,0.0,0.0
2022-11-28 11:30:00-05:00,11.239999771118164,11.279600143432617,11.199999809265137,11.239999771118164,11582,0.0,0.0
2022-11-28 12:30:00-05:00,11.25,11.270000457763672,11.229999542236328,11.229999542236328,11069,0.0,0.0
2022-11-28 13:30:00-05:00,11.220000267028809,11.229999542236328,10.970000267028809,10.970000267028809,29764,0.0,0.0
2022-11-28 14:30:00-05:00,10.930000305175781,10.991800308227539,10.850000381469727,10.991800308227539,28643,0.0,0.0
2022-11-28 15:30:00-05:00,10.989999771118164,11.102100372314453,10.989999771118164,11.09000015258789,21626,0.0,0.0
2022-11-29 09:30:00-05:00,11.130000114440918,11.180000305175781,11.029999732971191,11.180000305175781,0,0.0,0.0
2022-11-29 10:30:00-05:00,11.180000305175781,11.329999923706055,11.100000381469727,11.229999542236328,29147,0.0,0.0
2022-11-29 11:30:00-05:00,11.229999542236328,11.279999732971191,11.149999618530273,11.180000305175781,6222,0.0,0.0
2022-11-29 12:30:00-05:00,11.229999542236328,11.26990032196045,11.180000305175781,11.239999771118164,8429,0.0,0.0
2022-11-29 13:30:00-05:00,11.210000038146973,11.210000038146973,11.130000114440918,11.154999732971191,6115,0.0,0.0
2022-11-29 14:30:00-05:00,11.130000114440918,11.210000038146973,11.100000381469727,11.210000038146973,9265,0.0,0.0
2022-11-29 15:30:00-05:00,11.1899995803833,11.1899995803833,11.1899995803833,11.1899995803833,315,0.0,0.0
2022-11-30 09:30:00-05:00,11.170000076293945,11.350000381469727,11.109999656677246,11.300000190734863,22668,0.0,0.0
2022-11-30 10:30:00-05:00,11.300000190734863,11.3100004196167,11.25,11.260000228881836,18548,0.0,0.0
2022-11-30 11:30:00-05:00,11.260000228881836,11.28499984741211,11.239999771118164,11.239999771118164,2381,0.0,0.0
2022-11-30 12:30:00-05:00,11.270000457763672,11.289999961853027,11.220000267028809,11.28499984741211,5476,0.0,0.0
2022-11-30 13:30:00-05:00,11.289999961853027,11.295000076293945,11.279999732971191,11.279999732971191,6220,0.0,0.0
2022-11-30 14:30:00-05:00,11.279999732971191,11.289999961853027,11.279999732971191,11.288900375366211,6281,0.0,0.0
2022-11-30 15:30:00-05:00,11.289999961853027,11.289999961853027,11.25,11.260000228881836,8941,0.0,0.0
2022-12-01 09:30:00-05:00,11.350000381469727,11.40999984741211,11.229999542236328,11.229999542236328,0,0.0,0.0
2022-12-01 10:30:00-05:00,11.229999542236328,11.300000190734863,11.210000038146973,11.210000038146973,12130,0.0,0.0
2022-12-01 11:30:00-05:00,11.210000038146973,11.264699935913086,11.180000305175781,11.180000305175781,20398,0.0,0.0
2022-12-01 12:30:00-05:00,11.180000305175781,11.220000267028809,11.100000381469727,11.119999885559082,6568,0.0,0.0
2022-12-01 13:30:00-05:00,11.100000381469727,11.179900169372559,11.100000381469727,11.119999885559082,4587,0.0,0.0
2022-12-01 14:30:00-05:00,11.149999618530273,11.1899995803833,11.149999618530273,11.15999984741211,3308,0.0,0.0
2022-12-01 15:30:00-05:00,11.14799976348877,11.185700416564941,11.079999923706055,11.170000076293945,14030,0.0,0.0
2022-12-02 09:30:00-05:00,11.079999923706055,11.089900016784668,10.9399995803833,11.020000457763672,0,0.0,0.0
2022-12-02 10:30:00-05:00,11.03499984741211,11.130000114440918,11.020000457763672,11.079999923706055,11734,0.0,0.0
2022-12-02 11:30:00-05:00,11.09000015258789,11.130000114440918,11.050000190734863,11.079999923706055,3937,0.0,0.0
2022-12-02 12:30:00-05:00,11.087400436401367,11.196000099182129,11.087400436401367,11.130000114440918,15842,0.0,0.0
2022-12-02 13:30:00-05:00,11.125,11.130000114440918,11.119999885559082,11.130000114440918,10086,0.0,0.0
2022-12-02 14:30:00-05:00,11.119999885559082,11.135000228881836,11.109999656677246,11.130000114440918,13414,0.0,0.0
2022-12-02 15:30:00-05:00,11.129899978637695,11.129899978637695,11.09000015258789,11.100000381469727,13179,0.0,0.0
2022-12-05 09:30:00-05:00,11.079999923706055,11.079999923706055,10.979999542236328,11.039999961853027,0,0.0,0.0
2022-12-05 10:30:00-05:00,11.069999694824219,11.1899995803833,11.0,11.019399642944336,16751,0.0,0.0
2022-12-05 11:30:00-05:00,11.0,11.079999923706055,10.979999542236328,11.068599700927734,13512,0.0,0.0
2022-12-05 12:30:00-05:00,11.069999694824219,11.079999923706055,11.0600004196167,11.069999694824219,4641,0.0,0.0
2022-12-05 13:30:00-05:00,11.067999839782715,11.116800308227539,11.057999610900879,11.116800308227539,7544,0.0,0.0
2022-12-05 14:30:00-05:00,11.097599983215332,11.10990047454834,11.032099723815918,11.039999961853027,24229,0.0,0.0
2022-12-05 15:30:00-05:00,11.010000228881836,11.140000343322754,11.010000228881836,11.079999923706055,23816,0.0,0.0
2022-12-06 09:30:00-05:00,11.100000381469727,11.100000381469727,10.960000038146973,11.015000343322754,0,0.0,0.0
2022-12-06 10:30:00-05:00,11.059900283813477,11.059900283813477,11.000100135803223,11.045000076293945,14562,0.0,0.0
2022-12-06 11:30:00-05:00,11.0600004196167,11.069999694824219,11.050999641418457,11.050999641418457,17374,0.0,0.0
2022-12-06 12:30:00-05:00,11.0600004196167,11.083399772644043,11.050000190734863,11.083399772644043,15045,0.0,0.0
2022-12-06 13:30:00-05:00,11.069999694824219,11.079999923706055,11.069999694824219,11.069999694824219,758,0.0,0.0
2022-12-06 14:30:00-05:00,11.074999809265137,11.076000213623047,11.050000190734863,11.050000190734863,26974,0.0,0.0
2022-12-06 15:30:00-05:00,11.0600004196167,11.0600004196167,11.04990005493164,11.050000190734863,0,0.0,0.0
2022-12-07 09:30:00-05:00,11.020000457763672,11.170000076293945,11.0,11.165399551391602,24115,0.0,0.0
2022-12-07 10:30:00-05:00,11.149999618530273,11.149999618530273,11.100000381469727,11.125,1173,0.0,0.0
2022-12-07 11:30:00-05:00,11.109999656677246,11.140000343322754,11.074999809265137,11.075699806213379,13445,0.0,0.0
2022-12-07 12:30:00-05:00,11.050000190734863,11.100000381469727,11.050000190734863,11.100000381469727,7730,0.0,0.0
2022-12-07 13:30:00-05:00,11.09000015258789,11.100000381469727,11.039999961853027,11.039999961853027,11382,0.0,0.0
2022-12-07 14:30:00-05:00,11.050000190734863,11.050000190734863,11.029999732971191,11.032600402832031,5131,0.0,0.0
2022-12-07 15:30:00-05:00,11.030099868774414,11.050000190734863,11.030099868774414,11.050000190734863,2674,0.0,0.0
2022-12-08 09:30:00-05:00,11.079999923706055,11.081600189208984,10.960000038146973,10.984999656677246,34394,0.0,0.0
2022-12-08 10:30:00-05:00,11.0,11.039999961853027,10.970000267028809,11.039999961853027,14358,0.0,0.0
2022-12-08 11:30:00-05:00,11.005000114440918,11.039999961853027,10.970000267028809,10.970000267028809,4001,0.0,0.0
2022-12-08 12:30:00-05:00,10.960000038146973,11.045000076293945,10.960000038146973,10.989999771118164,15680,0.0,0.0
2022-12-08 13:30:00-05:00,10.989999771118164,11.050000190734863,10.899999618530273,11.029999732971191,86647,0.0,0.0
2022-12-08 14:30:00-05:00,11.0,11.029999732971191,10.960000038146973,10.970000267028809,15230,0.0,0.0
2022-12-08 15:30:00-05:00,10.970000267028809,10.970000267028809,10.819999694824219,10.859999656677246,56968,0.0,0.0
2022-12-09 09:30:00-05:00,10.890000343322754,10.930899620056152,10.720000267028809,10.774999618530273,0,0.0,0.0
2022-12-09 10:30:00-05:00,10.760000228881836,10.783300399780273,10.75,10.770000457763672,19180,0.0,0.0
2022-12-09 11:30:00-05:00,10.770000457763672,10.789999961853027,10.75,10.75,15217,0.0,0.0
2022-12-09 12:30:00-05:00,10.729999542236328,10.729999542236328,10.675000190734863,10.680000305175781,24435,0.0,0.0
2022-12-09 13:30:00-05:00,10.674200057983398,10.674200057983398,10.59000015258789,10.639300346374512,26947,0.0,0.0
2022-12-09 14:30:00-05:00,10.640000343322754,10.734999656677246,10.600000381469727,10.704999923706055,113290,0.0,0.0
2022-12-09 15:30:00-05:00,10.70359992980957,10.720000267028809,10.630000114440918,10.670000076293945,20249,0.0,0.0
2022-12-12 09:30:00-05:00,10.670000076293945,10.757399559020996,10.670000076293945,10.757399559020996,0,0.0,0.0
2022-12-12 10:30:00-05:00,10.758700370788574,10.811599731445312,10.720000267028809,10.78499984741211,11517,0.0,0.0
2022-12-12 11:30:00-05:00,10.755000114440918,10.803099632263184,10.699999809265137,10.795000076293945,33930,0.0,0.0
2022-12-12 12:30:00-05:00,10.799200057983398,10.800000190734863,10.739999771118164,10.75,15622,0.0,0.0
2022-12-12 13:30:00-05:00,10.720000267028809,10.720000267028809,10.680000305175781,10.699999809265137,12525,0.0,0.0
2022-12-12 14:30:00-05:00,10.699999809265137,10.704999923706055,10.5600004196167,10.567000389099121,67220,0.0,0.0
2022-12-12 15:30:00-05:00,10.5600004196167,10.579999923706055,10.510000228881836,10.579999923706055,35202,0.0,0.0
2022-12-13 09:30:00-05:00,10.699999809265137,10.808099746704102,10.699999809265137,10.768699645996094,0,0.0,0.0
2022-12-13 10:30:00-05:00,10.768699645996094,10.780599594116211,10.5600004196167,10.670000076293945,70879,0.0,0.0
2022-12-13 11:30:00-05:00,10.670000076293945,10.720000267028809,10.649999618530273,10.649999618530273,19546,0.0,0.0
2022-12-13 12:30:00-05:00,10.667499542236328,10.680000305175781,10.649999618530273,10.680000305175781,7899,0.0,0.0
2022-12-13 13:30:00-05:00,10.680000305175781,10.680000305175781,10.65999984741211,10.680000305175781,5892,0.0,0.0
2022-12-13 14:30:00-05:00,10.65999984741211,10.699999809265137,10.649999618530273,10.680000305175781,17143,0.0,0.0
2022-12-13 15:30:00-05:00,10.65999984741211,10.678000450134277,10.65999984741211,10.670000076293945,5067,0.0,0.0
2022-12-14 09:30:00-05:00,10.670000076293945,10.699999809265137,10.579999923706055,10.680000305175781,0,0.0,0.0
2022-12-14 10:30:00-05:00,10.6850004196167,10.720000267028809,10.6850004196167,10.71500015258789,21187,0.0,0.0
2022-12-14 11:30:00-05:00,10.710000038146973,10.760000228881836,10.710000038146973,10.739999771118164,39120,0.0,0.0
2022-12-14 12:30:00-05:00,10.7391996383667,10.7391996383667,10.720000267028809,10.720000267028809,7655,0.0,0.0
2022-12-14 13:30:00-05:00,10.729999542236328,10.770000457763672,10.682600021362305,10.690099716186523,32768,0.0,0.0
2022-12-14 14:30:00-05:00,10.688400268554688,10.73390007019043,10.630000114440918,10.710000038146973,29848,0.0,0.0
2022-12-14 15:30:00-05:00,10.710000038146973,10.729999542236328,10.710000038146973,10.710000038146973,9993,0.0,0.0
2022-12-15 09:30:00-05:00,10.760000228881836,10.800000190734863,10.710000038146973,10.78499984741211,0,0.0,0.0
2022-12-15 10:30:00-05:00,10.789400100708008,10.800000190734863,10.729999542236328,10.75,10238,0.0,0.0
2022-12-15 11:30:00-05:00,10.760000228881836,10.800000190734863,10.710000038146973,10.787599563598633,24058,0.0,0.0
2022-12-15 12:30:00-05:00,10.78499984741211,10.8100004196167,10.779999732971191,10.779999732971191,8000,0.0,0.0
2022-12-15 13:30:00-05:00,10.739999771118164,10.800000190734863,10.739999771118164,10.744199752807617,23664,0.0,0.0
2022-12-15 14:30:00-05:00,10.768199920654297,10.850000381469727,10.75,10.829999923706055,28598,0.0,0.0
2022-12-15 15:30:00-05:00,10.829999923706055,10.890000343322754,10.800000190734863,10.869999885559082,39326,0.0,0.0
2022-12-16 09:30:00-05:00,10.789999961853027,10.85990047454834,10.78499984741211,10.805000305175781,0,0.0,0.0
2022-12-16 10:30:00-05:00,10.819999694824219,10.819999694824219,10.779999732971191,10.789999961853027,7096,0.0,0.0
2022-12-16 11:30:00-05:00,10.76039981842041,10.819999694824219,10.760000228881836,10.800000190734863,26486,0.0,0.0
2022-12-16 12:30:00-05:00,10.789999961853027,10.850000381469727,10.770000457763672,10.850000381469727,6071,0.0,0.0
2022-12-16 13:30:00-05:00,10.829999923706055,10.890000343322754,10.829999923706055,10.829999923706055,14346,0.0,0.0
2022-12-16 14:30:00-05:00,10.819999694824219,10.869999885559082,10.789999961853027,10.835000038146973,12695,0.0,0.0
2022-12-16 15:30:00-05:00,10.880000114440918,10.899999618530273,10.800100326538086,10.8100004196167,7471,0.0,0.0
2022-12-19 09:30:00-05:00,10.770000457763672,10.899999618530273,10.760000228881836,10.800000190734863,0,0.0,0.0
2022-12-19 10:30:00-05:00,10.800000190734863,10.800000190734863,10.75,10.75,5759,0.0,0.0
2022-12-19 11:30:00-05:00,10.729999542236328,10.779899597167969,10.710000038146973,10.725000381469727,20710,0.0,0.0
2022-12-19 12:30:00-05:00,10.729999542236328,10.734999656677246,10.699999809265137,10.720000267028809,15086,0.0,0.0
2022-12-19 13:30:00-05:00,10.710000038146973,10.725000381469727,10.6899995803833,10.6899995803833,11377,0.0,0.0
2022-12-19 14:30:00-05:00,10.680000305175781,10.704999923706055,10.569999694824219,10.699999809265137,27809,0.0,0.0
2022-12-19 15:30:00-05:00,10.699999809265137,10.704999923706055,10.649999618530273,10.680000305175781,11929,0.0,0.0
2022-12-20 09:30:00-05:00,10.65999984741211,10.6899995803833,10.609999656677246,10.649999618530273,0,0.0,0.0
2022-12-20 10:30:00-05:00,10.649999618530273,10.720000267028809,10.609999656677246,10.609999656677246,5792,0.0,0.0
2022-12-20 11:30:00-05:00,10.600099563598633,10.63949966430664,10.579999923706055,10.579999923706055,7476,0.0,0.0
2022-12-20 12:30:00-05:00,10.579999923706055,10.680000305175781,10.574999809265137,10.609999656677246,25678,0.0,0.0
2022-12-20 13:30:00-05:00,10.579999923706055,10.600000381469727,10.569999694824219,10.569999694824219,17147,0.0,0.0
2022-12-20 14:30:00-05:00,10.569999694824219,10.59000015258789,10.550000190734863,10.569999694824219,15418,0.0,0.0
2022-12-20 15:30:00-05:00,10.579999923706055,10.625,10.5600004196167,10.59000015258789,26115,0.0,0.0
2022-12-21 09:30:00-05:00,10.619999885559082,10.670000076293945,10.550000190734863,10.550000190734863,0,0.0,0.0
2022-12-21 10:30:00-05:00,10.550000190734863,10.609600067138672,10.550000190734863,10.59000015258789,25127,0.0,0.0
2022-12-21 11:30:00-05:00,10.619999885559082,10.680000305175781,10.579999923706055,10.643199920654297,17167,0.0,0.0
2022-12-21 12:30:00-05:00,10.640199661254883,10.699999809265137,10.637900352478027,10.6899995803833,12068,0.0,0.0
2022-12-21 13:30:00-05:00,10.685600280761719,10.739999771118164,10.65999984741211,10.6899995803833,34783,0.0,0.0
2022-12-21 14:30:00-05:00,10.6899995803833,10.6899995803833,10.619999885559082,10.619999885559082,11722,0.0,0.0
2022-12-21 15:30:00-05:00,10.600000381469727,11.010000228881836,10.600000381469727,11.0,109989,0.0,0.0
2022-12-22 09:30:00-05:00,10.90999984741211,10.9399995803833,10.819999694824219,10.819999694824219,13979,0.0,0.0
2022-12-22 10:30:00-05:00,10.819999694824219,10.899999618530273,10.779999732971191,10.789999961853027,10888,0.0,0.0
2022-12-22 11:30:00-05:00,10.8100004196167,10.979999542236328,10.765000343322754,10.930000305175781,36150,0.0,0.0
2022-12-22 12:30:00-05:00,10.9399995803833,10.979999542236328,10.880000114440918,10.930000305175781,40816,0.0,0.0
2022-12-22 13:30:00-05:00,10.930000305175781,11.199999809265137,10.890000343322754,11.079999923706055,56885,0.0,0.0
2022-12-22 14:30:00-05:00,11.079999923706055,11.390000343322754,10.930000305175781,11.319999694824219,55075,0.0,0.0
2022-12-22 15:30:00-05:00,11.300000190734863,11.34000015258789,11.239999771118164,11.239999771118164,17426,0.0,0.0
2022-12-23 09:30:00-05:00,11.220000267028809,11.220000267028809,10.979999542236328,11.09000015258789,0,0.0,0.0
2022-12-23 10:30:00-05:00,11.085700035095215,11.085700035095215,10.86769962310791,10.869999885559082,44766,0.0,0.0
2022-12-23 11:30:00-05:00,10.869999885559082,11.15999984741211,10.84000015258789,10.978899955749512,51373,0.0,0.0
2022-12-23 12:30:00-05:00,10.979999542236328,11.020000457763672,10.869999885559082,10.869999885559082,27253,0.0,0.0
2022-12-23 13:30:00-05:00,10.869999885559082,10.914199829101562,10.829999923706055,10.880000114440918,31735,0.0,0.0
2022-12-23 14:30:00-05:00,10.869999885559082,10.949999809265137,10.859999656677246,10.949999809265137,12876,0.0,0.0
2022-12-23 15:30:00-05:00,10.975000381469727,10.979999542236328,10.869999885559082,10.880000114440918,7718,0.0,0.0
2022-12-27 09:30:00-05:00,10.819999694824219,10.84000015258789,10.78499984741211,10.829999923706055,0,0.0,0.0
2022-12-27 10:30:00-05:00,10.829999923706055,10.829999923706055,10.651000022888184,10.693400382995605,52662,0.0,0.0
2022-12-27 11:30:00-05:00,10.675000190734863,10.708100318908691,10.577099800109863,10.613100051879883,41875,0.0,0.0
2022-12-27 12:30:00-05:00,10.606399536132812,10.630000114440918,10.5600004196167,10.630000114440918,12312,0.0,0.0
2022-12-27 13:30:00-05:00,10.625,10.630000114440918,10.529999732971191,10.539999961853027,11681,0.0,0.0
2022-12-27 14:30:00-05:00,10.539999961853027,10.539999961853027,10.380000114440918,10.40999984741211,40940,0.0,0.0
2022-12-27 15:30:00-05:00,10.380000114440918,10.539999961853027,10.37600040435791,10.510000228881836,22863,0.0,0.0
2022-12-28 09:30:00-05:00,10.510000228881836,10.670000076293945,10.506199836730957,10.5600004196167,26536,0.0,0.0
2022-12-28 10:30:00-05:00,10.569999694824219,10.619999885559082,10.5600004196167,10.619999885559082,13155,0.0,0.0
2022-12-28 11:30:00-05:00,10.550299644470215,10.61299991607666,10.520000457763672,10.53499984741211,29855,0.0,0.0
2022-12-28 12:30:00-05:00,10.569999694824219,10.649999618530273,10.545000076293945,10.64009952545166,16586,0.0,0.0
2022-12-28 13:30:00-05:00,10.653400421142578,10.653400421142578,10.609999656677246,10.609999656677246,9170,0.0,0.0
2022-12-28 14:30:00-05:00,10.614999771118164,10.699999809265137,10.539999961853027,10.579999923706055,50367,0.0,0.0
2022-12-28 15:30:00-05:00,10.604999542236328,10.65999984741211,10.579999923706055,10.630000114440918,21665,0.0,0.0
2022-12-29 09:30:00-05:00,10.609999656677246,10.770000457763672,10.609999656677246,10.770000457763672,0,0.0,0.0
2022-12-29 10:30:00-05:00,10.720000267028809,10.800000190734863,10.720000267028809,10.800000190734863,9458,0.0,0.0
2022-12-29 11:30:00-05:00,10.800000190734863,10.819999694824219,10.770000457763672,10.8100004196167,12865,0.0,0.0
2022-12-29 12:30:00-05:00,10.8100004196167,10.8100004196167,10.720000267028809,10.774999618530273,18847,0.0,0.0
2022-12-29 13:30:00-05:00,10.789999961853027,10.789999961853027,10.739999771118164,10.755000114440918,18553,0.0,0.0
2022-12-29 14:30:00-05:00,10.755000114440918,10.770000457763672,10.725000381469727,10.725000381469727,14246,0.0,0.0
2022-12-29 15:30:00-05:00,10.725000381469727,10.760000228881836,10.70460033416748,10.729999542236328,20059,0.0,0.0
2022-12-30 09:30:00-05:00,10.600000381469727,10.710000038146973,10.520000457763672,10.710000038146973,0,0.0,0.0
2022-12-30 10:30:00-05:00,10.654999732971191,10.800000190734863,10.610099792480469,10.699899673461914,52787,0.0,0.0
2022-12-30 11:30:00-05:00,10.699999809265137,10.87399959564209,10.699999809265137,10.800000190734863,26241,0.0,0.0
2022-12-30 12:30:00-05:00,10.829999923706055,11.029999732971191,10.829999923706055,10.939000129699707,17941,0.0,0.0
2022-12-30 13:30:00-05:00,10.96500015258789,11.180000305175781,10.899999618530273,11.010000228881836,40529,0.0,0.0
2022-12-30 14:30:00-05:00,11.024200439453125,11.100000381469727,11.0,11.029999732971191,22640,0.0,0.0
2022-12-30 15:30:00-05:00,11.029999732971191,11.029999732971191,10.869999885559082,10.869999885559082,27073,0.0,0.0
2023-01-03 09:30:00-05:00,10.949999809265137,10.949999809265137,10.899999618530273,10.899999618530273,15032,0.0,0.0
2023-01-03 10:30:00-05:00,10.850000381469727,10.850000381469727,10.774999618530273,10.779999732971191,15620,0.0,0.0
2023-01-03 11:30:00-05:00,10.75,10.921500205993652,10.75,10.921500205993652,12205,0.0,0.0
2023-01-03 12:30:00-05:00,10.949700355529785,11.050000190734863,10.930000305175781,11.050000190734863,29790,0.0,0.0
2023-01-03 13:30:00-05:00,10.986900329589844,11.149999618530273,10.986900329589844,11.050100326538086,14746,0.0,0.0
2023-01-03 14:30:00-05:00,11.024700164794922,11.024700164794922,10.98009967803955,11.013699531555176,1947,0.0,0.0
2023-01-03 15:30:00-05:00,11.029999732971191,11.079999923706055,11.029999732971191,11.069999694824219,982,0.0,0.0
2023-01-04 09:30:00-05:00,11.069999694824219,11.069999694824219,10.970000267028809,11.045000076293945,0,0.0,0.0
2023-01-04 10:30:00-05:00,11.039999961853027,11.063300132751465,11.029999732971191,11.029999732971191,2061,0.0,0.0
2023-01-04 11:30:00-05:00,11.03499984741211,11.03499984741211,10.95740032196045,10.970000267028809,15402,0.0,0.0
2023-01-04 12:30:00-05:00,10.989999771118164,11.039999961853027,10.989999771118164,11.020000457763672,4135,0.0,0.0
2023-01-04 13:30:00-05:00,11.020000457763672,11.030500411987305,11.020000457763672,11.020000457763672,4018,0.0,0.0
2023-01-04 14:30:00-05:00,11.020000457763672,11.030900001525879,11.010000228881836,11.010000228881836,13575,0.0,0.0
2023-01-04 15:30:00-05:00,11.010000228881836,11.012200355529785,10.960000038146973,10.960000038146973,15315,0.0,0.0
2023-01-05 09:30:00-05:00,10.899999618530273,10.899999618530273,10.720000267028809,10.720000267028809,0,0.0,0.0
2023-01-05 10:30:00-05:00,10.729999542236328,10.774999618530273,10.680000305175781,10.774999618530273,23197,0.0,0.0
2023-01-05 11:30:00-05:00,10.770000457763672,10.770000457763672,10.75,10.75,8646,0.0,0.0
2023-01-05 12:30:00-05:00,10.779999732971191,10.850000381469727,10.779999732971191,10.84000015258789,9900,0.0,0.0
2023-01-05 13:30:00-05:00,10.833200454711914,10.833200454711914,10.833200454711914,10.833200454711914,300,0.0,0.0
2023-01-05 14:30:00-05:00,10.829999923706055,10.850000381469727,10.829999923706055,10.850000381469727,2019,0.0,0.0
2023-01-05 15:30:00-05:00,10.84000015258789,10.850000381469727,10.8149995803833,10.829999923706055,6479,0.0,0.0
2023-01-06 09:30:00-05:00,10.800000190734863,11.0,10.800000190734863,10.970000267028809,0,0.0,0.0
2023-01-06 10:30:00-05:00,10.962699890136719,11.09000015258789,10.939399719238281,11.020000457763672,31981,0.0,0.0
2023-01-06 11:30:00-05:00,11.039999961853027,11.039999961853027,10.949999809265137,11.0,5239,0.0,0.0
2023-01-06 12:30:00-05:00,10.960000038146973,10.995400428771973,10.960000038146973,10.995400428771973,1821,0.0,0.0
2023-01-06 13:30:00-05:00,10.989999771118164,11.030400276184082,10.989999771118164,11.030400276184082,2032,0.0,0.0
2023-01-06 14:30:00-05:00,11.029999732971191,11.039999961853027,11.024999618530273,11.03499984741211,3856,0.0,0.0
2023-01-06 15:30:00-05:00,11.039999961853027,11.09000015258789,11.038999557495117,11.09000015258789,13615,0.0,0.0
2023-01-09 09:30:00-05:00,11.130000114440918,11.265000343322754,11.130000114440918,11.239999771118164,0,0.0,0.0
2023-01-09 10:30:00-05:00,11.25,11.45989990234375,11.239999771118164,11.414999961853027,19988,0.0,0.0
2023-01-09 11:30:00-05:00,11.40999984741211,11.420000076293945,11.380000114440918,11.380000114440918,5388,0.0,0.0
2023-01-09 12:30:00-05:00,11.369999885559082,11.4399995803833,11.369999885559082,11.4399995803833,29494,0.0,0.0
2023-01-09 13:30:00-05:00,11.4399995803833,11.449999809265137,11.424799919128418,11.449999809265137,7908,0.0,0.0
2023-01-09 14:30:00-05:00,11.4399995803833,11.479999542236328,11.389399528503418,11.479999542236328,7251,0.0,0.0
2023-01-09 15:30:00-05:00,11.420000076293945,11.472700119018555,11.270000457763672,11.430000305175781,30563,0.0,0.0
2023-01-10 09:30:00-05:00,11.380000114440918,11.479999542236328,11.380000114440918,11.470000267028809,0,0.0,0.0
2023-01-10 10:30:00-05:00,11.470000267028809,11.470000267028809,11.329999923706055,11.329999923706055,2385,0.0,0.0
2023-01-10 11:30:00-05:00,11.329999923706055,11.329999923706055,11.260000228881836,11.312299728393555,4700,0.0,0.0
2023-01-10 12:30:00-05:00,11.280099868774414,11.3149995803833,11.279999732971191,11.3149995803833,3966,0.0,0.0
2023-01-10 13:30:00-05:00,11.3149995803833,11.4399995803833,11.277899742126465,11.4399995803833,16731,0.0,0.0
2023-01-10 14:30:00-05:00,11.444999694824219,11.470000267028809,11.420000076293945,11.470000267028809,10843,0.0,0.0
2023-01-10 15:30:00-05:00,11.483499526977539,11.489999771118164,11.483499526977539,11.489999771118164,1330,0.0,0.0
2023-01-11 09:30:00-05:00,11.510000228881836,11.510000228881836,11.438400268554688,11.438400268554688,0,0.0,0.0
2023-01-11 10:30:00-05:00,11.399999618530273,11.5,11.373800277709961,11.450300216674805,20070,0.0,0.0
2023-01-11 11:30:00-05:00,11.460000038146973,11.5,11.27180004119873,11.430000305175781,29218,0.0,0.0
2023-01-11 12:30:00-05:00,11.357000350952148,11.4483003616333,11.330100059509277,11.376999855041504,3915,0.0,0.0
2023-01-11 13:30:00-05:00,11.479999542236328,11.479999542236328,11.380000114440918,11.479999542236328,2463,0.0,0.0
2023-01-11 14:30:00-05:00,11.494400024414062,11.494400024414062,11.460000038146973,11.470000267028809,2564,0.0,0.0
2023-01-11 15:30:00-05:00,11.477899551391602,11.477899551391602,11.369999885559082,11.369999885559082,2689,0.0,0.0
2023-01-12 09:30:00-05:00,11.40999984741211,11.484000205993652,11.40999984741211,11.444999694824219,7188,0.0,0.0
2023-01-12 10:30:00-05:00,11.42020034790039,11.42020034790039,11.380000114440918,11.418100357055664,5080,0.0,0.0
2023-01-12 11:30:00-05:00,11.414999961853027,11.5,11.40999984741211,11.499899864196777,6854,0.0,0.0
2023-01-12 12:30:00-05:00,11.539999961853027,11.552200317382812,11.539999961853027,11.552200317382812,890,0.0,0.0
2023-01-12 13:30:00-05:00,11.529999732971191,11.562000274658203,11.5,11.500499725341797,10295,0.0,0.0
2023-01-12 14:30:00-05:00,11.53499984741211,11.53499984741211,11.511300086975098,11.511300086975098,1318,0.0,0.0
2023-01-12 15:30:00-05:00,11.550000190734863,11.57859992980957,11.539999961853027,11.57859992980957,1891,0.0,0.0
2023-01-13 09:30:00-05:00,11.579999923706055,11.630000114440918,11.560099601745605,11.619999885559082,0,0.0,0.0
2023-01-13 10:30:00-05:00,11.619999885559082,11.670000076293945,11.619999885559082,11.670000076293945,6275,0.0,0.0
2023-01-13 11:30:00-05:00,11.579999923706055,11.590100288391113,11.579999923706055,11.590100288391113,1266,0.0,0.0
2023-01-13 12:30:00-05:00,11.65939998626709,11.65939998626709,11.65939998626709,11.65939998626709,383,0.0,0.0
2023-01-13 13:30:00-05:00,11.59000015258789,11.610400199890137,11.550600051879883,11.610400199890137,5613,0.0,0.0
2023-01-13 14:30:00-05:00,11.619999885559082,11.619999885559082,11.539999961853027,11.569999694824219,12855,0.0,0.0
2023-01-13 15:30:00-05:00,11.555000305175781,11.565400123596191,11.529999732971191,11.529999732971191,4084,0.0,0.0
2023-01-17 09:30:00-05:00,11.539999961853027,11.683699607849121,11.539999961853027,11.585000038146973,0,0.0,0.0
2023-01-17 10:30:00-05:00,11.579999923706055,11.579999923706055,11.539999961853027,11.541000366210938,5220,0.0,0.0
2023-01-17 11:30:00-05:00,11.587400436401367,11.587400436401367,11.587400436401367,11.587400436401367,800,0.0,0.0
2023-01-17 12:30:00-05:00,11.59000015258789,11.869999885559082,11.59000015258789,11.695300102233887,29183,0.0,0.0
2023-01-17 13:30:00-05:00,11.77649974822998,11.77649974822998,11.70009994506836,11.719900131225586,7733,0.0,0.0
2023-01-17 14:30:00-05:00,11.699999809265137,11.720000267028809,11.642900466918945,11.642900466918945,4154,0.0,0.0
2023-01-17 15:30:00-05:00,11.65999984741211,11.65999984741211,11.640000343322754,11.640000343322754,1457,0.0,0.0
2023-01-18 09:30:00-05:00,11.729999542236328,11.779999732971191,11.710000038146973,11.710000038146973,0,0.0,0.0
2023-01-18 10:30:00-05:00,11.729999542236328,11.748000144958496,11.689200401306152,11.724200248718262,6968,0.0,0.0
2023-01-18 11:30:00-05:00,11.720000267028809,11.720000267028809,11.678099632263184,11.680100440979004,12746,0.0,0.0
2023-01-18 12:30:00-05:00,11.7121000289917,11.7121000289917,11.710000038146973,11.710000038146973,877,0.0,0.0
2023-01-18 13:30:00-05:00,11.699999809265137,11.699999809265137,11.460000038146973,11.460000038146973,14204,0.0,0.0
2023-01-18 14:30:00-05:00,11.490099906921387,11.5600004196167,11.490099906921387,11.510000228881836,14308,0.0,0.0
2023-01-18 15:30:00-05:00,11.510000228881836,11.529999732971191,11.5,11.529999732971191,9947,0.0,0.0
2023-01-19 09:30:00-05:00,11.470000267028809,11.550000190734863,11.470000267028809,11.540599822998047,0,0.0,0.0
2023-01-19 10:30:00-05:00,11.539999961853027,11.614999771118164,11.529999732971191,11.54990005493164,6023,0.0,0.0
2023-01-19 11:30:00-05:00,11.550000190734863,11.609999656677246,11.550000190734863,11.609999656677246,7448,0.0,0.0
2023-01-19 12:30:00-05:00,11.60669994354248,11.63010025024414,11.592499732971191,11.63010025024414,4891,0.0,0.0
2023-01-19 13:30:00-05:00,11.639699935913086,11.639699935913086,11.639699935913086,11.639699935913086,854,0.0,0.0
2023-01-19 14:30:00-05:00,11.640000343322754,11.6899995803833,11.623100280761719,11.6899995803833,15191,0.0,0.0
2023-01-19 15:30:00-05:00,11.670000076293945,11.729999542236328,11.670000076293945,11.729999542236328,11696,0.0,0.0
2023-01-20 09:30:00-05:00,11.6899995803833,11.932299613952637,11.649999618530273,11.712499618530273,0,0.0,0.0
2023-01-20 10:30:00-05:00,11.693499565124512,11.760000228881836,11.680000305175781,11.710000038146973,32801,0.0,0.0
2023-01-20 11:30:00-05:00,11.725000381469727,11.739999771118164,11.696499824523926,11.696499824523926,2875,0.0,0.0
2023-01-20 12:30:00-05:00,11.6899995803833,11.6899995803833,11.640000343322754,11.640000343322754,6378,0.0,0.0
2023-01-20 13:30:00-05:00,11.65999984741211,11.759499549865723,11.65999984741211,11.759499549865723,13412,0.0,0.0
2023-01-20 14:30:00-05:00,11.800000190734863,11.859999656677246,11.800000190734863,11.859999656677246,6300,0.0,0.0
2023-01-20 15:30:00-05:00,11.859999656677246,11.869999885559082,11.84000015258789,11.84000015258789,1395,0.0,0.0
2023-01-23 09:30:00-05:00,11.800000190734863,12.0,11.600099563598633,11.920000076293945,0,0.0,0.0
2023-01-23 10:30:00-05:00,11.930000305175781,11.930100440979004,11.86400032043457,11.86400032043457,20591,0.0,0.0
2023-01-23 11:30:00-05:00,11.869999885559082,11.88010025024414,11.851699829101562,11.859999656677246,3636,0.0,0.0
2023-01-23 12:30:00-05:00,11.859999656677246,11.864500045776367,11.850000381469727,11.864500045776367,876,0.0,0.0
2023-01-23 13:30:00-05:00,11.875,11.920000076293945,11.875,11.899999618530273,4120,0.0,0.0
2023-01-23 14:30:00-05:00,11.920000076293945,11.930000305175781,11.890000343322754,11.930000305175781,6474,0.0,0.0
2023-01-23 15:30:00-05:00,11.9350004196167,11.9399995803833,11.9350004196167,11.9399995803833,1240,0.0,0.0
2023-01-24 09:30:00-05:00,12.020000457763672,12.020000457763672,11.864999771118164,11.899999618530273,0,0.0,0.0
2023-01-24 10:30:00-05:00,11.90999984741211,11.9399995803833,11.880000114440918,11.930000305175781,9755,0.0,0.0
2023-01-24 11:30:00-05:00,11.930000305175781,12.119999885559082,11.914999961853027,12.0,19198,0.0,0.0
2023-01-24 12:30:00-05:00,12.0,12.170000076293945,11.970000267028809,12.170000076293945,24710,0.0,0.0
2023-01-24 13:30:00-05:00,12.180000305175781,12.220000267028809,12.070599555969238,12.140000343322754,24295,0.0,0.0
2023-01-24 14:30:00-05:00,12.149999618530273,12.1899995803833,11.979999542236328,12.142999649047852,51729,0.0,0.0
2023-01-24 15:30:00-05:00,12.050000190734863,12.15999984741211,12.050000190734863,12.130000114440918,11707,0.0,0.0
2023-01-25 09:30:00-05:00,12.029999732971191,12.119600296020508,11.949999809265137,11.979999542236328,0,0.0,0.0
2023-01-25 10:30:00-05:00,12.0,12.039999961853027,11.930000305175781,12.015000343322754,3900,0.0,0.0
2023-01-25 11:30:00-05:00,12.010000228881836,12.069999694824219,11.960000038146973,12.010000228881836,4504,0.0,0.0
2023-01-25 12:30:00-05:00,12.010000228881836,12.109999656677246,12.010000228881836,12.039999961853027,5620,0.0,0.0
2023-01-25 13:30:00-05:00,12.039999961853027,12.100000381469727,12.020000457763672,12.09000015258789,4879,0.0,0.0
2023-01-25 14:30:00-05:00,12.09000015258789,12.100000381469727,12.0,12.0600004196167,4691,0.0,0.0
2023-01-25 15:30:00-05:00,12.07919979095459,12.09000015258789,12.043999671936035,12.09000015258789,8583,0.0,0.0
2023-01-26 09:30:00-05:00,12.010000228881836,12.130000114440918,12.010000228881836,12.10200023651123,0,0.0,0.0
2023-01-26 10:30:00-05:00,12.119999885559082,12.149999618530273,12.034299850463867,12.034299850463867,4218,0.0,0.0
2023-01-26 11:30:00-05:00,12.039999961853027,12.130000114440918,11.975000381469727,12.108699798583984,27801,0.0,0.0
2023-01-26 12:30:00-05:00,12.100000381469727,12.118000030517578,12.028400421142578,12.038399696350098,9533,0.0,0.0
2023-01-26 13:30:00-05:00,12.038999557495117,12.11970043182373,12.030500411987305,12.09000015258789,4668,0.0,0.0
2023-01-26 14:30:00-05:00,12.069999694824219,12.121600151062012,12.048399925231934,12.048399925231934,11197,0.0,0.0
2023-01-26 15:30:00-05:00,12.140000343322754,12.140000343322754,12.050000190734863,12.050000190734863,2782,0.0,0.0
2023-01-27 09:30:00-05:00,12.109999656677246,12.149999618530273,12.010100364685059,12.010100364685059,0,0.0,0.0
2023-01-27 10:30:00-05:00,12.104000091552734,12.130000114440918,12.079999923706055,12.109999656677246,6088,0.0,0.0
2023-01-27 11:30:00-05:00,12.104999542236328,12.131999969482422,12.029999732971191,12.029999732971191,6190,0.0,0.0
2023-01-27 12:30:00-05:00,12.020000457763672,12.051199913024902,12.020000457763672,12.020000457763672,7654,0.0,0.0
2023-01-27 13:30:00-05:00,12.020000457763672,12.029999732971191,11.970000267028809,12.009499549865723,10418,0.0,0.0
2023-01-27 14:30:00-05:00,12.010000228881836,12.016900062561035,11.979999542236328,11.979999542236328,5084,0.0,0.0
2023-01-27 15:30:00-05:00,11.979999542236328,12.0,11.970000267028809,11.970000267028809,7005,0.0,0.0
2023-01-30 09:30:00-05:00,12.010000228881836,12.070799827575684,12.010000228881836,12.050000190734863,7542,0.0,0.0
2023-01-30 10:30:00-05:00,12.050000190734863,12.050000190734863,11.925000190734863,11.967399597167969,13575,0.0,0.0
2023-01-30 11:30:00-05:00,11.979999542236328,12.119999885559082,11.970000267028809,12.0600004196167,26085,0.0,0.0
2023-01-30 12:30:00-05:00,12.0600004196167,12.229999542236328,12.0600004196167,12.170000076293945,40009,0.0,0.0
2023-01-30 13:30:00-05:00,12.170000076293945,12.25,12.170000076293945,12.210000038146973,26428,0.0,0.0
2023-01-30 14:30:00-05:00,12.220000267028809,12.229999542236328,12.114100456237793,12.114100456237793,10909,0.0,0.0
2023-01-30 15:30:00-05:00,12.149999618530273,12.1899995803833,12.140000343322754,12.1899995803833,13402,0.0,0.0
2023-01-31 09:30:00-05:00,12.079999923706055,12.079999923706055,11.920000076293945,11.920000076293945,13171,0.0,0.0
2023-01-31 10:30:00-05:00,11.920000076293945,12.0,11.920000076293945,12.0,3467,0.0,0.0
2023-01-31 11:30:00-05:00,12.0,12.0,11.899999618530273,11.989999771118164,23884,0.0,0.0
2023-01-31 12:30:00-05:00,11.952300071716309,12.020000457763672,11.952300071716309,11.989999771118164,2119,0.0,0.0
2023-01-31 13:30:00-05:00,12.015000343322754,12.015000343322754,11.983699798583984,11.989999771118164,3993,0.0,0.0
2023-01-31 14:30:00-05:00,12.010000228881836,12.019599914550781,11.960000038146973,11.960000038146973,10127,0.0,0.0
2023-01-31 15:30:00-05:00,11.949999809265137,11.960000038146973,11.880000114440918,11.920000076293945,23402,0.0,0.0
2023-02-01 09:30:00-05:00,11.970000267028809,11.982000350952148,11.90999984741211,11.975000381469727,0,0.0,0.0
2023-02-01 10:30:00-05:00,11.940999984741211,11.973099708557129,11.940999984741211,11.96500015258789,1963,0.0,0.0
2023-02-01 11:30:00-05:00,12.010000228881836,12.010000228881836,11.930000305175781,11.954999923706055,3739,0.0,0.0
2023-02-01 12:30:00-05:00,11.949999809265137,11.949999809265137,11.859999656677246,11.860099792480469,15415,0.0,0.0
2023-02-01 13:30:00-05:00,11.890000343322754,11.949999809265137,11.859999656677246,11.859999656677246,5353,0.0,0.0
2023-02-01 14:30:00-05:00,11.859999656677246,11.886500358581543,11.850000381469727,11.869999885559082,10082,0.0,0.0
2023-02-01 15:30:00-05:00,11.897000312805176,11.897000312805176,11.84000015258789,11.850000381469727,8780,0.0,0.0
2023-02-02 09:30:00-05:00,11.880000114440918,12.048199653625488,11.880000114440918,12.048199653625488,0,0.0,0.0
2023-02-02 10:30:00-05:00,11.9399995803833,12.12339973449707,11.930000305175781,12.0600004196167,17583,0.0,0.0
2023-02-02 11:30:00-05:00,12.0600004196167,12.130000114440918,11.9399995803833,11.9399995803833,17111,0.0,0.0
2023-02-02 12:30:00-05:00,11.949999809265137,12.020000457763672,11.9399995803833,11.970000267028809,6156,0.0,0.0
2023-02-02 13:30:00-05:00,11.949999809265137,12.010000228881836,11.949999809265137,11.949999809265137,3295,0.0,0.0
2023-02-02 14:30:00-05:00,11.96500015258789,12.029000282287598,11.899999618530273,11.920000076293945,9524,0.0,0.0
2023-02-02 15:30:00-05:00,11.920000076293945,12.010000228881836,11.819999694824219,11.84000015258789,34031,0.0,0.0
2023-02-03 09:30:00-05:00,11.789999961853027,11.880000114440918,11.789999961853027,11.791099548339844,0,0.0,0.0
2023-02-03 10:30:00-05:00,11.789999961853027,12.099900245666504,11.789999961853027,12.099900245666504,20223,0.0,0.0
2023-02-03 11:30:00-05:00,11.949999809265137,11.970000267028809,11.869999885559082,11.869999885559082,14440,0.0,0.0
2023-02-03 12:30:00-05:00,11.880000114440918,11.920000076293945,11.850000381469727,11.895000457763672,12167,0.0,0.0
2023-02-03 13:30:00-05:00,11.890000343322754,11.899999618530273,11.850000381469727,11.850000381469727,22214,0.0,0.0
2023-02-03 14:30:00-05:00,11.859999656677246,11.859999656677246,11.75,11.75,16574,0.0,0.0
2023-02-03 15:30:00-05:00,11.75,11.7878999710083,11.75,11.770000457763672,9491,0.0,0.0
2023-02-06 09:30:00-05:00,11.779999732971191,11.800000190734863,11.609999656677246,11.699999809265137,0,0.0,0.0
2023-02-06 10:30:00-05:00,11.687899589538574,11.715399742126465,11.609999656677246,11.680000305175781,11967,0.0,0.0
2023-02-06 11:30:00-05:00,11.699999809265137,11.805000305175781,11.6899995803833,11.770000457763672,13728,0.0,0.0
2023-02-06 12:30:00-05:00,11.780799865722656,11.789999961853027,11.680000305175781,11.6899995803833,16068,0.0,0.0
2023-02-06 13:30:00-05:00,11.680000305175781,11.701000213623047,11.680000305175781,11.680000305175781,4591,0.0,0.0
2023-02-06 14:30:00-05:00,11.680000305175781,11.710000038146973,11.579999923706055,11.640000343322754,18678,0.0,0.0
2023-02-06 15:30:00-05:00,11.649999618530273,11.680000305175781,11.630000114440918,11.640000343322754,15341,0.0,0.0
2023-02-07 09:30:00-05:00,11.65999984741211,11.89739990234375,11.65999984741211,11.89739990234375,2807,0.0,0.0
2023-02-07 10:30:00-05:00,11.795000076293945,11.819999694824219,11.769399642944336,11.769399642944336,2416,0.0,0.0
2023-02-07 11:30:00-05:00,11.780900001525879,11.859999656677246,11.780900001525879,11.842700004577637,1237,0.0,0.0
2023-02-07 12:30:00-05:00,11.880000114440918,11.960000038146973,11.835200309753418,11.949999809265137,12341,0.0,0.0
2023-02-07 13:30:00-05:00,11.930000305175781,11.949999809265137,11.859999656677246,11.87030029296875,11096,0.0,0.0
2023-02-07 14:30:00-05:00,11.90999984741211,12.005000114440918,11.907400131225586,12.003199577331543,5048,0.0,0.0
2023-02-07 15:30:00-05:00,11.989999771118164,12.020000457763672,11.989999771118164,12.010000228881836,1832,0.0,0.0
2023-02-08 09:30:00-05:00,12.0,12.0,11.90999984741211,11.967499732971191,16799,0.0,0.0
2023-02-08 10:30:00-05:00,11.915300369262695,11.949999809265137,11.859999656677246,11.859999656677246,23174,0.0,0.0
2023-02-08 11:30:00-05:00,11.880000114440918,11.895000457763672,11.870100021362305,11.880000114440918,5451,0.0,0.0
2023-02-08 12:30:00-05:00,11.930000305175781,11.979900360107422,11.91919994354248,11.91919994354248,1275,0.0,0.0
2023-02-08 13:30:00-05:00,11.899999618530273,11.899999618530273,11.899999618530273,11.899999618530273,1252,0.0,0.0
2023-02-08 14:30:00-05:00,11.92039966583252,11.942399978637695,11.880599975585938,11.890000343322754,10448,0.0,0.0
2023-02-08 15:30:00-05:00,11.933799743652344,11.946399688720703,11.890000343322754,11.890000343322754,3292,0.0,0.0
2023-02-09 09:30:00-05:00,11.869999885559082,11.972399711608887,11.869999885559082,11.925000190734863,0,0.0,0.0
2023-02-09 10:30:00-05:00,11.920000076293945,11.949999809265137,11.920000076293945,11.93280029296875,4073,0.0,0.0
2023-02-09 11:30:00-05:00,11.914999961853027,11.914999961853027,11.819999694824219,11.819999694824219,11444,0.0,0.0
2023-02-09 12:30:00-05:00,11.819999694824219,11.880000114440918,11.78499984741211,11.880000114440918,2923,0.0,0.0
2023-02-09 13:30:00-05:00,11.859999656677246,11.864999771118164,11.835000038146973,11.835000038146973,804,0.0,0.0
2023-02-09 14:30:00-05:00,11.835000038146973,11.835000038146973,11.804499626159668,11.804499626159668,4371,0.0,0.0
2023-02-09 15:30:00-05:00,11.800000190734863,11.814200401306152,11.770000457763672,11.770000457763672,6021,0.0,0.0
2023-02-10 09:30:00-05:00,11.800000190734863,11.800000190734863,11.710000038146973,11.710000038146973,0,0.0,0.0
2023-02-10 11:30:00-05:00,11.793000221252441,11.793000221252441,11.720100402832031,11.760000228881836,8882,0.0,0.0
2023-02-10 12:30:00-05:00,11.779999732971191,11.800000190734863,11.779999732971191,11.79990005493164,1711,0.0,0.0
2023-02-10 13:30:00-05:00,11.819999694824219,11.839900016784668,11.819999694824219,11.839900016784668,1000,0.0,0.0
2023-02-10 14:30:00-05:00,11.79010009765625,11.850000381469727,11.79010009765625,11.843199729919434,7198,0.0,0.0
2023-02-10 15:30:00-05:00,11.869999885559082,11.869999885559082,11.84000015258789,11.850000381469727,4135,0.0,0.0
2023-02-13 09:30:00-05:00,11.829999923706055,11.880000114440918,11.819999694824219,11.819999694824219,0,0.0,0.0
2023-02-13 10:30:00-05:00,11.84000015258789,11.845000267028809,11.84000015258789,11.845000267028809,4380,0.0,0.0
2023-02-13 11:30:00-05:00,11.811200141906738,11.84000015258789,11.807499885559082,11.807499885559082,7381,0.0,0.0
2023-02-13 12:30:00-05:00,11.804300308227539,11.804300308227539,11.804300308227539,11.804300308227539,2164,0.0,0.0
2023-02-13 13:30:00-05:00,11.835000038146973,11.899999618530273,11.82800006866455,11.880000114440918,4739,0.0,0.0
2023-02-13 14:30:00-05:00,11.84000015258789,11.84000015258789,11.84000015258789,11.84000015258789,344,0.0,0.0
2023-02-13 15:30:00-05:00,11.880000114440918,11.880000114440918,11.819999694824219,11.819999694824219,1929,0.0,0.0
2023-02-14 09:30:00-05:00,11.84000015258789,11.90999984741211,11.819999694824219,11.895000457763672,0,0.0,0.0
2023-02-14 10:30:00-05:00,11.850000381469727,11.850000381469727,11.752400398254395,11.752400398254395,4495,0.0,0.0
2023-02-14 11:30:00-05:00,11.800000190734863,11.800000190734863,11.619999885559082,11.65999984741211,29236,0.0,0.0
2023-02-14 12:30:00-05:00,11.680000305175781,11.764900207519531,11.680000305175781,11.764900207519531,1643,0.0,0.0
2023-02-14 13:30:00-05:00,11.729000091552734,11.729000091552734,11.65999984741211,11.65999984741211,7060,0.0,0.0
2023-02-14 14:30:00-05:00,11.708999633789062,11.74020004272461,11.630000114440918,11.74020004272461,14775,0.0,0.0
2023-02-14 15:30:00-05:00,11.75,11.750100135803223,11.6899995803833,11.720000267028809,8787,0.0,0.0
2023-02-15 09:30:00-05:00,11.65999984741211,11.79990005493164,11.65999984741211,11.773699760437012,0,0.0,0.0
2023-02-15 10:30:00-05:00,11.736599922180176,11.800000190734863,11.68340015411377,11.799699783325195,14929,0.0,0.0
2023-02-15 11:30:00-05:00,11.761300086975098,11.789899826049805,11.744999885559082,11.744999885559082,2850,0.0,0.0
2023-02-15 12:30:00-05:00,11.760000228881836,11.779999732971191,11.755000114440918,11.769499778747559,1809,0.0,0.0
2023-02-15 13:30:00-05:00,11.765000343322754,11.800000190734863,11.765000343322754,11.800000190734863,9771,0.0,0.0
2023-02-15 14:30:00-05:00,11.789999961853027,11.800000190734863,11.670100212097168,11.712499618530273,31360,0.0,0.0
2023-02-15 15:30:00-05:00,11.734999656677246,11.800000190734863,11.710399627685547,11.789999961853027,6930,0.0,0.0
2023-02-16 09:30:00-05:00,11.739999771118164,11.739999771118164,11.649999618530273,11.649999618530273,0,0.0,0.0
2023-02-16 10:30:00-05:00,11.739899635314941,11.739899635314941,11.609999656677246,11.630000114440918,19567,0.0,0.0
2023-02-16 11:30:00-05:00,11.630000114440918,11.699999809265137,11.630000114440918,11.630000114440918,4694,0.0,0.0
2023-02-16 12:30:00-05:00,11.630000114440918,11.645000457763672,11.630000114440918,11.630000114440918,9824,0.0,0.0
2023-02-16 13:30:00-05:00,11.630000114440918,11.640000343322754,11.609999656677246,11.640000343322754,3726,0.0,0.0
2023-02-16 14:30:00-05:00,11.619999885559082,11.65999984741211,11.59000015258789,11.59000015258789,16812,0.0,0.0
2023-02-16 15:30:00-05:00,11.59000015258789,11.680000305175781,11.5600004196167,11.5600004196167,12808,0.0,0.0
2023-02-17 09:30:00-05:00,11.539999961853027,11.569999694824219,11.484999656677246,11.520000457763672,0,0.0,0.0
2023-02-17 10:30:00-05:00,11.554800033569336,11.554800033569336,11.449999809265137,11.449999809265137,4441,0.0,0.0
2023-02-17 11:30:00-05:00,11.449999809265137,11.479999542236328,11.420000076293945,11.449999809265137,12930,0.0,0.0
2023-02-17 12:30:00-05:00,11.449999809265137,11.470000267028809,11.420000076293945,11.445699691772461,5376,0.0,0.0
2023-02-17 13:30:00-05:00,11.430000305175781,11.441499710083008,11.420000076293945,11.430000305175781,4422,0.0,0.0
2023-02-17 14:30:00-05:00,11.430000305175781,11.4399995803833,11.420000076293945,11.420000076293945,9465,0.0,0.0
2023-02-17 15:30:00-05:00,11.420000076293945,11.430000305175781,11.40999984741211,11.414999961853027,3700,0.0,0.0
2023-02-21 09:30:00-05:00,11.399999618530273,11.444999694824219,11.380000114440918,11.40999984741211,0,0.0,0.0
2023-02-21 10:30:00-05:00,11.425000190734863,11.460000038146973,11.329999923706055,11.329999923706055,23335,0.0,0.0
2023-02-21 11:30:00-05:00,11.329999923706055,11.329999923706055,11.319999694824219,11.319999694824219,2207,0.0,0.0
2023-02-21 12:30:00-05:00,11.319999694824219,11.50409984588623,11.319999694824219,11.479999542236328,15737,0.0,0.0
2023-02-21 13:30:00-05:00,11.460000038146973,11.479999542236328,11.460000038146973,11.479999542236328,2630,0.0,0.0
2023-02-21 14:30:00-05:00,11.489999771118164,11.520000457763672,11.460000038146973,11.499500274658203,15955,0.0,0.0
2023-02-21 15:30:00-05:00,11.505000114440918,11.569999694824219,11.420000076293945,11.420000076293945,25472,0.0,0.0
2023-02-22 09:30:00-05:00,11.449999809265137,11.489899635314941,11.34000015258789,11.40999984741211,0,0.0,0.0
2023-02-22 10:30:00-05:00,11.420000076293945,11.454999923706055,11.40999984741211,11.40999984741211,6889,0.0,0.0
2023-02-22 11:30:00-05:00,11.40999984741211,11.48330020904541,11.350000381469727,11.359999656677246,8861,0.0,0.0
2023-02-22 12:30:00-05:00,11.359999656677246,11.392900466918945,11.350000381469727,11.350000381469727,8031,0.0,0.0
2023-02-22 13:30:00-05:00,11.350000381469727,11.380000114440918,11.260000228881836,11.260000228881836,18422,0.0,0.0
2023-02-22 14:30:00-05:00,11.260000228881836,11.26710033416748,11.220000267028809,11.220000267028809,6142,0.0,0.0
2023-02-22 15:30:00-05:00,11.220000267028809,11.260000228881836,11.199999809265137,11.199999809265137,6706,0.0,0.0
2023-02-23 09:30:00-05:00,11.260000228881836,11.350000381469727,11.260000228881836,11.289999961853027,0,0.0,0.0
2023-02-23 10:30:00-05:00,11.289999961853027,11.329999923706055,11.220000267028809,11.240099906921387,9899,0.0,0.0
2023-02-23 11:30:00-05:00,11.239999771118164,11.279999732971191,11.210000038146973,11.210000038146973,11515,0.0,0.0
2023-02-23 12:30:00-05:00,11.210000038146973,11.271100044250488,11.210000038146973,11.25,8680,0.0,0.0
2023-02-23 13:30:00-05:00,11.25,11.329999923706055,11.234999656677246,11.3100004196167,14199,0.0,0.0
2023-02-23 14:30:00-05:00,11.300000190734863,11.380000114440918,11.300000190734863,11.3100004196167,5488,0.0,0.0
2023-02-23 15:30:00-05:00,11.3100004196167,11.369999885559082,11.3100004196167,11.369999885559082,9577,0.0,0.0
2023-02-24 09:30:00-05:00,11.300000190734863,11.402899742126465,11.280099868774414,11.280099868774414,0,0.0,0.0
2023-02-24 10:30:00-05:00,11.289999961853027,11.291399955749512,11.260000228881836,11.270000457763672,4472,0.0,0.0
2023-02-24 11:30:00-05:00,11.265000343322754,11.270000457763672,11.254300117492676,11.260000228881836,2972,0.0,0.0
2023-02-24 12:30:00-05:00,11.268699645996094,11.270000457763672,11.260000228881836,11.270000457763672,402,0.0,0.0
2023-02-24 13:30:00-05:00,11.270000457763672,11.3100004196167,11.270000457763672,11.28499984741211,22773,0.0,0.0
2023-02-24 14:30:00-05:00,11.299099922180176,11.299099922180176,11.293399810791016,11.293399810791016,637,0.0,0.0
2023-02-24 15:30:00-05:00,11.289999961853027,11.319999694824219,11.274999618530273,11.319999694824219,8015,0.0,0.0
2023-02-27 09:30:00-05:00,11.329999923706055,11.40999984741211,11.329999923706055,11.40999984741211,0,0.0,0.0
2023-02-27 10:30:00-05:00,11.40999984741211,11.430000305175781,11.345100402832031,11.40999984741211,4569,0.0,0.0
2023-02-27 11:30:00-05:00,11.390000343322754,11.399999618530273,11.353899955749512,11.390000343322754,6312,0.0,0.0
2023-02-27 12:30:00-05:00,11.390000343322754,11.420000076293945,11.390000343322754,11.420000076293945,3400,0.0,0.0
2023-02-27 13:30:00-05:00,11.420000076293945,11.489999771118164,11.399999618530273,11.489999771118164,20004,0.0,0.0
2023-02-27 14:30:00-05:00,11.489999771118164,11.489999771118164,11.484999656677246,11.484999656677246,1616,0.0,0.0
2023-02-27 15:30:00-05:00,11.479999542236328,11.5,11.479999542236328,11.5,2434,0.0,0.0
2023-02-28 09:30:00-05:00,11.40999984741211,11.47089958190918,11.40999984741211,11.449999809265137,0,0.0,0.0
2023-02-28 10:30:00-05:00,11.430000305175781,11.4399995803833,11.380000114440918,11.399999618530273,4732,0.0,0.0
2023-02-28 11:30:00-05:00,11.399999618530273,11.420000076293945,11.380000114440918,11.399999618530273,9078,0.0,0.0
2023-02-28 12:30:00-05:00,11.390000343322754,11.414999961853027,11.390000343322754,11.40999984741211,7865,0.0,0.0
2023-02-28 13:30:00-05:00,11.40999984741211,11.449999809265137,11.404999732971191,11.40999984741211,5963,0.0,0.0
2023-02-28 14:30:00-05:00,11.40999984741211,11.4399995803833,11.383899688720703,11.40999984741211,6154,0.0,0.0
2023-02-28 15:30:00-05:00,11.40999984741211,11.449999809265137,11.399999618530273,11.449999809265137,3264,0.0,0.0
2023-03-01 09:30:00-05:00,11.460000038146973,11.52750015258789,11.3100004196167,11.40999984741211,0,0.0,0.0
2023-03-01 10:30:00-05:00,11.380000114440918,11.399999618530273,11.380000114440918,11.39009952545166,1666,0.0,0.0
2023-03-01 11:30:00-05:00,11.399999618530273,11.399999618530273,11.399999618530273,11.399999618530273,1108,0.0,0.0
2023-03-01 12:30:00-05:00,11.449899673461914,11.460000038146973,11.425000190734863,11.460000038146973,10880,0.0,0.0
2023-03-01 13:30:00-05:00,11.4399995803833,11.5,11.430000305175781,11.475099563598633,6640,0.0,0.0
2023-03-01 14:30:00-05:00,11.522500038146973,11.589599609375,11.4399995803833,11.569999694824219,29308,0.0,0.0
2023-03-01 15:30:00-05:00,11.52400016784668,11.550000190734863,11.52400016784668,11.539999961853027,1635,0.0,0.0
2023-03-02 09:30:00-05:00,11.479999542236328,11.479999542236328,11.420000076293945,11.449999809265137,0,0.0,0.0
2023-03-02 10:30:00-05:00,11.430000305175781,11.510000228881836,11.430000305175781,11.482099533081055,11270,0.0,0.0
2023-03-02 11:30:00-05:00,11.5,11.5,11.5,11.5,636,0.0,0.0
2023-03-02 12:30:00-05:00,11.46500015258789,11.512700080871582,11.431699752807617,11.460000038146973,5969,0.0,0.0
2023-03-02 13:30:00-05:00,11.460000038146973,11.520000457763672,11.460000038146973,11.5,2701,0.0,0.0
2023-03-02 14:30:00-05:00,11.515000343322754,11.550000190734863,11.489999771118164,11.519100189208984,4519,0.0,0.0
2023-03-02 15:30:00-05:00,11.520000457763672,11.5600004196167,11.516500473022461,11.5600004196167,3491,0.0,0.0
2023-03-03 09:30:00-05:00,11.520000457763672,11.609999656677246,11.434100151062012,11.579999923706055,0,0.0,0.0
2023-03-03 10:30:00-05:00,11.569999694824219,11.603799819946289,11.5600004196167,11.569999694824219,9861,0.0,0.0
2023-03-03 11:30:00-05:00,11.569999694824219,11.680000305175781,11.555000305175781,11.640000343322754,12723,0.0,0.0
2023-03-03 12:30:00-05:00,11.640000343322754,11.664999961853027,11.630000114440918,11.635000228881836,4086,0.0,0.0
2023-03-03 13:30:00-05:00,11.635000228881836,11.680000305175781,11.617500305175781,11.680000305175781,12068,0.0,0.0
2023-03-03 14:30:00-05:00,11.6899995803833,11.710000038146973,11.655500411987305,11.710000038146973,13978,0.0,0.0
2023-03-03 15:30:00-05:00,11.710000038146973,11.710000038146973,11.692899703979492,11.710000038146973,5836,0.0,0.0
2023-03-06 09:30:00-05:00,11.829999923706055,11.989999771118164,11.816399574279785,11.868900299072266,0,0.0,0.0
2023-03-06 10:30:00-05:00,11.869999885559082,11.869999885559082,11.774999618530273,11.774999618530273,6236,0.0,0.0
2023-03-06 11:30:00-05:00,11.770000457763672,11.84000015258789,11.770000457763672,11.835000038146973,3372,0.0,0.0
2023-03-06 12:30:00-05:00,11.84000015258789,11.84000015258789,11.760000228881836,11.776399612426758,18154,0.0,0.0
2023-03-06 13:30:00-05:00,11.824999809265137,11.824999809265137,11.806099891662598,11.824999809265137,1225,0.0,0.0
2023-03-06 14:30:00-05:00,11.800000190734863,11.92959976196289,11.800000190734863,11.805000305175781,38185,0.0,0.0
2023-03-06 15:30:00-05:00,11.8100004196167,11.84000015258789,11.760000228881836,11.84000015258789,7392,0.0,0.0
2023-03-07 09:30:00-05:00,11.770000457763672,11.770000457763672,11.649999618530273,11.720199584960938,0,0.0,0.0
2023-03-07 10:30:00-05:00,11.6899995803833,11.729999542236328,11.660099983215332,11.729999542236328,5958,0.0,0.0
2023-03-07 11:30:00-05:00,11.670000076293945,11.720000267028809,11.659899711608887,11.720000267028809,4355,0.0,0.0
2023-03-07 12:30:00-05:00,11.729999542236328,11.729999542236328,11.699999809265137,11.699999809265137,1920,0.0,0.0
2023-03-07 13:30:00-05:00,11.670000076293945,11.6899995803833,11.660599708557129,11.6899995803833,1455,0.0,0.0
2023-03-07 14:30:00-05:00,11.660300254821777,11.6899995803833,11.619999885559082,11.619999885559082,11520,0.0,0.0
2023-03-07 15:30:00-05:00,11.669899940490723,11.6899995803833,11.649999618530273,11.649999618530273,2581,0.0,0.0
2023-03-08 09:30:00-05:00,11.619999885559082,11.663999557495117,11.59000015258789,11.609999656677246,0,0.0,0.0
2023-03-08 10:30:00-05:00,11.619999885559082,11.699999809265137,11.600099563598633,11.649999618530273,9824,0.0,0.0
2023-03-08 11:30:00-05:00,11.649999618530273,11.677499771118164,11.640000343322754,11.65999984741211,11774,0.0,0.0
2023-03-08 12:30:00-05:00,11.670000076293945,11.710000038146973,11.649999618530273,11.6899995803833,3048,0.0,0.0
2023-03-08 13:30:00-05:00,11.654500007629395,11.800000190734863,11.654500007629395,11.78499984741211,11606,0.0,0.0
2023-03-08 14:30:00-05:00,11.819999694824219,11.819999694824219,11.792200088500977,11.792200088500977,818,0.0,0.0
2023-03-08 15:30:00-05:00,11.819999694824219,11.84000015258789,11.81779956817627,11.819999694824219,8901,0.0,0.0
2023-03-09 09:30:00-05:00,11.819999694824219,11.850000381469727,11.8149995803833,11.84000015258789,0,0.0,0.0
2023-03-09 10:30:00-05:00,11.850000381469727,11.850000381469727,11.850000381469727,11.850000381469727,717,0.0,0.0
2023-03-09 11:30:00-05:00,11.891599655151367,11.891599655151367,11.850000381469727,11.850000381469727,694,0.0,0.0
2023-03-09 12:30:00-05:00,11.835100173950195,11.883999824523926,11.830100059509277,11.875,3168,0.0,0.0
2023-03-09 13:30:00-05:00,11.855299949645996,11.855299949645996,11.855299949645996,11.855299949645996,2580,0.0,0.0
2023-03-09 14:30:00-05:00,11.880000114440918,11.880000114440918,11.829999923706055,11.84000015258789,4901,0.0,0.0
2023-03-09 15:30:00-05:00,11.850000381469727,11.850000381469727,11.838000297546387,11.850000381469727,2264,0.0,0.0
2023-03-10 09:30:00-05:00,11.899999618530273,11.989999771118164,11.829999923706055,11.9399995803833,0,0.0,0.0
2023-03-10 10:30:00-05:00,11.899999618530273,11.989999771118164,11.89229965209961,11.930000305175781,9015,0.0,0.0
2023-03-10 11:30:00-05:00,11.9399995803833,11.969900131225586,11.930000305175781,11.930000305175781,1441,0.0,0.0
2023-03-10 12:30:00-05:00,11.949999809265137,12.020000457763672,11.930000305175781,11.930000305175781,11990,0.0,0.0
2023-03-10 13:30:00-05:00,11.90999984741211,11.90999984741211,11.876999855041504,11.876999855041504,271,0.0,0.0
2023-03-10 14:30:00-05:00,11.914999961853027,11.949999809265137,11.914999961853027,11.932499885559082,3440,0.0,0.0
2023-03-10 15:30:00-05:00,11.949999809265137,11.949999809265137,11.940099716186523,11.949999809265137,3598,0.0,0.0
2023-03-13 09:30:00-04:00,11.859999656677246,12.170000076293945,11.859999656677246,12.06719970703125,0,0.0,0.0
2023-03-13 10:30:00-04:00,12.069999694824219,12.170000076293945,12.0600004196167,12.139900207519531,12620,0.0,0.0
2023-03-13 11:30:00-04:00,12.119999885559082,12.130000114440918,12.069999694824219,12.069999694824219,3003,0.0,0.0
2023-03-13 12:30:00-04:00,12.050000190734863,12.129899978637695,12.029999732971191,12.0600004196167,6973,0.0,0.0
2023-03-13 13:30:00-04:00,12.069999694824219,12.170000076293945,12.0600004196167,12.091899871826172,12331,0.0,0.0
2023-03-13 14:30:00-04:00,12.114999771118164,12.114999771118164,12.0,12.0,6962,0.0,0.0
2023-03-13 15:30:00-04:00,12.029999732971191,12.029999732971191,11.979999542236328,12.010000228881836,6988,0.0,0.0
2023-03-14 09:30:00-04:00,11.949999809265137,12.133999824523926,11.89009952545166,12.013699531555176,0,0.0,0.0
2023-03-14 10:30:00-04:00,12.079999923706055,12.079999923706055,12.029600143432617,12.065799713134766,1010,0.0,0.0
2023-03-14 11:30:00-04:00,12.027999877929688,12.027999877929688,11.970000267028809,11.970000267028809,12708,0.0,0.0
2023-03-14 12:30:00-04:00,12.0,12.0,11.947500228881836,12.0,6065,0.0,0.0
2023-03-14 13:30:00-04:00,11.979999542236328,11.979999542236328,11.9399995803833,11.942999839782715,2171,0.0,0.0
2023-03-14 14:30:00-04:00,11.920100212097168,11.960000038146973,11.875,11.875,17134,0.0,0.0
2023-03-14 15:30:00-04:00,11.898500442504883,11.94909954071045,11.800000190734863,11.8100004196167,4997,0.0,0.0
2023-03-15 09:30:00-04:00,11.75,11.969900131225586,11.75,11.800000190734863,0,0.0,0.0
2023-03-15 10:30:00-04:00,11.79990005493164,11.811200141906738,11.79010009765625,11.80270004272461,2133,0.0,0.0
2023-03-15 11:30:00-04:00,11.824199676513672,11.825499534606934,11.800000190734863,11.825499534606934,1554,0.0,0.0
2023-03-15 12:30:00-04:00,11.848400115966797,11.850000381469727,11.819999694824219,11.84000015258789,3958,0.0,0.0
2023-03-15 13:30:00-04:00,11.8100004196167,11.854999542236328,11.795000076293945,11.854999542236328,9058,0.0,0.0
2023-03-15 14:30:00-04:00,11.829999923706055,11.869999885559082,11.829999923706055,11.84000015258789,3685,0.0,0.0
2023-03-15 15:30:00-04:00,11.84000015258789,11.84000015258789,11.8100004196167,11.8100004196167,1968,0.0,0.0
2023-03-16 09:30:00-04:00,11.789999961853027,11.920000076293945,11.789999961853027,11.920000076293945,0,0.0,0.0
2023-03-16 10:30:00-04:00,11.919899940490723,11.919899940490723,11.880000114440918,11.890000343322754,11565,0.0,0.0
2023-03-16 11:30:00-04:00,11.880000114440918,11.880000114440918,11.859999656677246,11.880000114440918,2796,0.0,0.0
2023-03-16 12:30:00-04:00,11.879899978637695,11.879899978637695,11.84000015258789,11.859999656677246,2610,0.0,0.0
2023-03-16 13:30:00-04:00,11.84000015258789,11.840299606323242,11.819999694824219,11.819999694824219,10299,0.0,0.0
2023-03-16 14:30:00-04:00,11.8100004196167,11.819999694824219,11.760000228881836,11.760000228881836,6875,0.0,0.0
2023-03-16 15:30:00-04:00,11.760000228881836,11.779999732971191,11.75,11.770000457763672,8750,0.0,0.0
2023-03-17 09:30:00-04:00,11.75,11.779999732971191,11.710000038146973,11.720000267028809,0,0.0,0.0
2023-03-17 10:30:00-04:00,11.710000038146973,11.729999542236328,11.635000228881836,11.670000076293945,8094,0.0,0.0
2023-03-17 11:30:00-04:00,11.640000343322754,11.675000190734863,11.619999885559082,11.619999885559082,5195,0.0,0.0
2023-03-17 12:30:00-04:00,11.640000343322754,11.670000076293945,11.617500305175781,11.645000457763672,10192,0.0,0.0
2023-03-17 13:30:00-04:00,11.640000343322754,11.645000457763672,11.529999732971191,11.529999732971191,10628,0.0,0.0
2023-03-17 14:30:00-04:00,11.529999732971191,11.560600280761719,11.520000457763672,11.539999961853027,3778,0.0,0.0
2023-03-17 15:30:00-04:00,11.539999961853027,11.619999885559082,11.539999961853027,11.619999885559082,6066,0.0,0.0
2023-03-20 09:30:00-04:00,11.539999961853027,11.724800109863281,11.520000457763672,11.539999961853027,0,0.0,0.0
2023-03-20 10:30:00-04:00,11.520000457763672,11.520000457763672,11.470000267028809,11.470000267028809,6324,0.0,0.0
2023-03-20 11:30:00-04:00,11.489999771118164,11.510000228881836,11.420000076293945,11.420000076293945,7122,0.0,0.0
2023-03-20 12:30:00-04:00,11.420000076293945,11.503700256347656,11.420000076293945,11.440099716186523,33802,0.0,0.0
2023-03-20 13:30:00-04:00,11.45199966430664,11.45419979095459,11.430000305175781,11.430000305175781,4536,0.0,0.0
2023-03-20 14:30:00-04:00,11.4399995803833,11.457900047302246,11.430000305175781,11.4399995803833,11693,0.0,0.0
2023-03-20 15:30:00-04:00,11.4399995803833,11.444999694824219,11.399999618530273,11.399999618530273,3442,0.0,0.0
2023-03-21 09:30:00-04:00,11.369999885559082,11.399999618530273,11.240599632263184,11.34000015258789,0,0.0,0.0
2023-03-21 10:30:00-04:00,11.305000305175781,11.319999694824219,11.289999961853027,11.3100004196167,3712,0.0,0.0
2023-03-21 11:30:00-04:00,11.3100004196167,11.349900245666504,11.300000190734863,11.3100004196167,15674,0.0,0.0
2023-03-21 12:30:00-04:00,11.300000190734863,11.319999694824219,11.300000190734863,11.300000190734863,4467,0.0,0.0
2023-03-21 13:30:00-04:00,11.319999694824219,11.399900436401367,11.319999694824219,11.350000381469727,9760,0.0,0.0
2023-03-21 14:30:00-04:00,11.359999656677246,11.444999694824219,11.34000015258789,11.380000114440918,9598,0.0,0.0
2023-03-21 15:30:00-04:00,11.359999656677246,11.390000343322754,11.329999923706055,11.359999656677246,4683,0.0,0.0
2023-03-22 09:30:00-04:00,11.369999885559082,11.40410041809082,11.319999694824219,11.380000114440918,0,0.0,0.0
2023-03-22 10:30:00-04:00,11.350000381469727,11.39229965209961,11.350000381469727,11.359999656677246,3320,0.0,0.0
2023-03-22 11:30:00-04:00,11.34000015258789,11.34000015258789,11.300000190734863,11.3100004196167,3092,0.0,0.0
2023-03-22 12:30:00-04:00,11.337499618530273,11.337499618530273,11.337499618530273,11.337499618530273,401,0.0,0.0
2023-03-22 13:30:00-04:00,11.319999694824219,11.363100051879883,11.300000190734863,11.300000190734863,4407,0.0,0.0
2023-03-22 14:30:00-04:00,11.3100004196167,11.505000114440918,11.28499984741211,11.489999771118164,28391,0.0,0.0
2023-03-22 15:30:00-04:00,11.489999771118164,11.512100219726562,11.305000305175781,11.369999885559082,9735,0.0,0.0
2023-03-23 09:30:00-04:00,11.3100004196167,11.319999694824219,11.271599769592285,11.3100004196167,0,0.0,0.0
2023-03-23 10:30:00-04:00,11.3149995803833,11.369999885559082,11.3100004196167,11.350000381469727,8316,0.0,0.0
2023-03-23 11:30:00-04:00,11.305000305175781,11.33240032196045,11.305000305175781,11.33240032196045,574,0.0,0.0
2023-03-23 12:30:00-04:00,11.274999618530273,11.305000305175781,11.270000457763672,11.300000190734863,4864,0.0,0.0
2023-03-23 13:30:00-04:00,11.319999694824219,11.369999885559082,11.28499984741211,11.295000076293945,7594,0.0,0.0
2023-03-23 14:30:00-04:00,11.295000076293945,11.369999885559082,11.270000457763672,11.270000457763672,11432,0.0,0.0
2023-03-23 15:30:00-04:00,11.270000457763672,11.270000457763672,11.229999542236328,11.270000457763672,0,0.0,0.0
2023-03-24 09:30:00-04:00,11.130000114440918,11.16450023651123,11.0600004196167,11.109999656677246,66617,0.0,0.0
2023-03-24 10:30:00-04:00,11.125,11.125,10.930000305175781,10.969599723815918,59559,0.0,0.0
2023-03-24 11:30:00-04:00,10.954999923706055,10.976200103759766,10.90999984741211,10.925000190734863,12445,0.0,0.0
2023-03-24 12:30:00-04:00,10.90999984741211,10.930000305175781,10.819999694824219,10.820099830627441,68995,0.0,0.0
2023-03-24 13:30:00-04:00,10.819999694824219,10.829999923706055,10.75,10.760000228881836,65702,0.0,0.0
2023-03-24 14:30:00-04:00,10.779999732971191,10.789999961853027,10.640000343322754,10.640000343322754,57738,0.0,0.0
2023-03-24 15:30:00-04:00,10.640000343322754,10.649999618530273,10.569999694824219,10.600000381469727,45741,0.0,0.0
2023-03-27 09:30:00-04:00,10.59000015258789,10.680000305175781,10.561400413513184,10.585000038146973,0,0.0,0.0
2023-03-27 10:30:00-04:00,10.579999923706055,10.600000381469727,10.5600004196167,10.5649995803833,27675,0.0,0.0
2023-03-27 11:30:00-04:00,10.5649995803833,10.5649995803833,10.199999809265137,10.229700088500977,102692,0.0,0.0
2023-03-27 12:30:00-04:00,10.21500015258789,10.260000228881836,10.109999656677246,10.125,48108,0.0,0.0
2023-03-27 13:30:00-04:00,10.109999656677246,10.109999656677246,9.960000038146973,9.979999542236328,86350,0.0,0.0
2023-03-27 14:30:00-04:00,9.970000267028809,10.0600004196167,9.930000305175781,10.0600004196167,97514,0.0,0.0
2023-03-27 15:30:00-04:00,10.069999694824219,10.09000015258789,10.0,10.020000457763672,22140,0.0,0.0
2023-03-28 09:30:00-04:00,10.010000228881836,10.270000457763672,10.010000228881836,10.260000228881836,0,0.0,0.0
2023-03-28 10:30:00-04:00,10.265000343322754,10.300000190734863,10.1899995803833,10.289999961853027,67037,0.0,0.0
2023-03-28 11:30:00-04:00,10.289999961853027,10.319999694824219,10.239999771118164,10.289999961853027,18534,0.0,0.0
2023-03-28 12:30:00-04:00,10.289999961853027,10.390000343322754,10.276300430297852,10.390000343322754,23416,0.0,0.0
2023-03-28 13:30:00-04:00,10.354999542236328,10.380000114440918,10.3100004196167,10.34000015258789,13976,0.0,0.0
2023-03-28 14:30:00-04:00,10.34000015258789,10.364999771118164,10.3100004196167,10.359999656677246,6010,0.0,0.0
2023-03-28 15:30:00-04:00,10.34000015258789,10.369999885559082,10.34000015258789,10.369999885559082,6547,0.0,0.0
2023-03-29 09:30:00-04:00,10.390000343322754,10.419899940490723,10.25,10.28219985961914,0,0.0,0.0
2023-03-29 10:30:00-04:00,10.254799842834473,10.254799842834473,10.220000267028809,10.220000267028809,12280,0.0,0.0
2023-03-29 11:30:00-04:00,10.229999542236328,10.229999542236328,10.170000076293945,10.210000038146973,15898,0.0,0.0
2023-03-29 12:30:00-04:00,10.220000267028809,10.239999771118164,10.199999809265137,10.199999809265137,3303,0.0,0.0
2023-03-29 13:30:00-04:00,10.199999809265137,10.25,10.199999809265137,10.25,8155,0.0,0.0
2023-03-29 14:30:00-04:00,10.253999710083008,10.260000228881836,10.229999542236328,10.260000228881836,11461,0.0,0.0
2023-03-29 15:30:00-04:00,10.25,10.270000457763672,10.25,10.270000457763672,12310,0.0,0.0
2023-03-30 09:30:00-04:00,10.369999885559082,10.5,10.299400329589844,10.494999885559082,0,0.0,0.0
2023-03-30 10:30:00-04:00,10.5,10.555000305175781,10.480999946594238,10.500100135803223,28765,0.0,0.0
2023-03-30 11:30:00-04:00,10.5,10.5447998046875,10.489999771118164,10.524999618530273,3586,0.0,0.0
2023-03-30 12:30:00-04:00,10.5,10.550000190734863,10.5,10.550000190734863,1524,0.0,0.0
2023-03-30 13:30:00-04:00,10.550000190734863,10.550000190734863,10.483599662780762,10.489999771118164,9293,0.0,0.0
2023-03-30 14:30:00-04:00,10.489999771118164,10.5,10.390399932861328,10.425000190734863,13649,0.0,0.0
2023-03-30 15:30:00-04:00,10.430000305175781,10.430000305175781,10.350000381469727,10.420000076293945,7941,0.0,0.0
2023-03-31 09:30:00-04:00,10.420000076293945,10.520000457763672,10.350000381469727,10.420000076293945,0,0.0,0.0
2023-03-31 10:30:00-04:00,10.399999618530273,10.399999618530273,10.382699966430664,10.390000343322754,4585,0.0,0.0
2023-03-31 11:30:00-04:00,10.390000343322754,10.4399995803833,10.390000343322754,10.4399995803833,7945,0.0,0.0
2023-03-31 12:30:00-04:00,10.449999809265137,10.470199584960938,10.410099983215332,10.410099983215332,4198,0.0,0.0
2023-03-31 13:30:00-04:00,10.45829963684082,10.460000038146973,10.399999618530273,10.40999984741211,17491,0.0,0.0
2023-03-31 14:30:00-04:00,10.399999618530273,10.420000076293945,10.387299537658691,10.387299537658691,14044,0.0,0.0
2023-03-31 15:30:00-04:00,10.390000343322754,10.399999618530273,10.369999885559082,10.380000114440918,10444,0.0,0.0
2023-04-03 09:30:00-04:00,10.34000015258789,10.389900207519531,10.23009967803955,10.279999732971191,70131,0.0,0.0
2023-04-03 10:30:00-04:00,10.279999732971191,10.300000190734863,10.279999732971191,10.300000190734863,15464,0.0,0.0
2023-04-03 11:30:00-04:00,10.292400360107422,10.3100004196167,10.279999732971191,10.289999961853027,36903,0.0,0.0
2023-04-03 12:30:00-04:00,10.279999732971191,10.289999961853027,10.270000457763672,10.279999732971191,20811,0.0,0.0
2023-04-03 13:30:00-04:00,10.279999732971191,10.289999961853027,10.279999732971191,10.279999732971191,4685,0.0,0.0
2023-04-03 14:30:00-04:00,10.289999961853027,10.303999900817871,10.279999732971191,10.303999900817871,10126,0.0,0.0
2023-04-03 15:30:00-04:00,10.295000076293945,10.309700012207031,10.279999732971191,10.279999732971191,6788,0.0,0.0
2023-04-04 09:30:00-04:00,10.380000114440918,10.414999961853027,10.3100004196167,10.414999961853027,0,0.0,0.0
2023-04-04 10:30:00-04:00,10.420000076293945,10.449999809265137,10.370100021362305,10.370100021362305,8237,0.0,0.0
2023-04-04 11:30:00-04:00,10.398699760437012,10.398699760437012,10.369999885559082,10.369999885559082,2362,0.0,0.0
2023-04-04 12:30:00-04:00,10.368000030517578,10.399999618530273,10.350000381469727,10.369999885559082,11372,0.0,0.0
2023-04-04 13:30:00-04:00,10.360099792480469,10.369999885559082,10.329999923706055,10.359999656677246,7787,0.0,0.0
2023-04-04 14:30:00-04:00,10.345000267028809,10.369999885559082,10.319999694824219,10.34000015258789,16767,0.0,0.0
2023-04-04 15:30:00-04:00,10.34000015258789,10.350000381469727,10.319999694824219,10.329999923706055,21288,0.0,0.0
2023-04-05 09:30:00-04:00,10.350000381469727,10.449999809265137,10.350000381469727,10.449999809265137,0,0.0,0.0
2023-04-05 10:30:00-04:00,10.449899673461914,10.5,10.350000381469727,10.4399995803833,23295,0.0,0.0
2023-04-05 11:30:00-04:00,10.449999809265137,10.479999542236328,10.4350004196167,10.4350004196167,2767,0.0,0.0
2023-04-05 12:30:00-04:00,10.420000076293945,10.449999809265137,10.420000076293945,10.430100440979004,1435,0.0,0.0
2023-04-05 13:30:00-04:00,10.4399995803833,10.4399995803833,10.350000381469727,10.350799560546875,20948,0.0,0.0
2023-04-05 14:30:00-04:00,10.40999984741211,10.40999984741211,10.350000381469727,10.359999656677246,28518,0.0,0.0
2023-04-05 15:30:00-04:00,10.399999618530273,10.40999984741211,10.390000343322754,10.40999984741211,3785,0.0,0.0
2023-04-06 09:30:00-04:00,10.399999618530273,10.470000267028809,10.380000114440918,10.460000038146973,0,0.0,0.0
2023-04-06 10:30:00-04:00,10.460000038146973,10.470000267028809,10.38010025024414,10.40999984741211,20256,0.0,0.0
2023-04-06 11:30:00-04:00,10.399999618530273,10.430000305175781,10.380499839782715,10.40999984741211,7331,0.0,0.0
2023-04-06 12:30:00-04:00,10.390000343322754,10.420000076293945,10.385000228881836,10.390000343322754,5661,0.0,0.0
2023-04-06 13:30:00-04:00,10.390000343322754,10.453900337219238,10.390000343322754,10.430000305175781,36160,0.0,0.0
2023-04-06 14:30:00-04:00,10.40999984741211,10.430000305175781,10.390000343322754,10.390000343322754,14303,0.0,0.0
2023-04-06 15:30:00-04:00,10.390000343322754,10.399999618530273,10.380000114440918,10.390000343322754,28387,0.0,0.0
2023-04-10 09:30:00-04:00,10.449999809265137,10.479999542236328,10.399999618530273,10.479999542236328,0,0.0,0.0
2023-04-10 10:30:00-04:00,10.489999771118164,10.5,10.45009994506836,10.489999771118164,19238,0.0,0.0
2023-04-10 11:30:00-04:00,10.48330020904541,10.489999771118164,10.470000267028809,10.475000381469727,7441,0.0,0.0
2023-04-10 12:30:00-04:00,10.475000381469727,10.479999542236328,10.470000267028809,10.470000267028809,4745,0.0,0.0
2023-04-10 13:30:00-04:00,10.475000381469727,10.475000381469727,10.460000038146973,10.460000038146973,7092,0.0,0.0
2023-04-10 14:30:00-04:00,10.469499588012695,10.489999771118164,10.460000038146973,10.475000381469727,8654,0.0,0.0
2023-04-10 15:30:00-04:00,10.489299774169922,10.489299774169922,10.453700065612793,10.479999542236328,3541,0.0,0.0
2023-04-11 09:30:00-04:00,10.470000267028809,10.5600004196167,10.470000267028809,10.550000190734863,0,0.0,0.0
2023-04-11 10:30:00-04:00,10.550000190734863,10.555000305175781,10.520000457763672,10.539999961853027,12024,0.0,0.0
2023-04-11 11:30:00-04:00,10.53499984741211,10.53499984741211,10.520099639892578,10.529999732971191,2999,0.0,0.0
2023-04-11 12:30:00-04:00,10.53499984741211,10.539999961853027,10.53499984741211,10.53600025177002,1719,0.0,0.0
2023-04-11 13:30:00-04:00,10.550000190734863,10.5600004196167,10.550000190734863,10.5600004196167,462,0.0,0.0
2023-04-11 14:30:00-04:00,10.550000190734863,10.579999923706055,10.539999961853027,10.550000190734863,7907,0.0,0.0
2023-04-11 15:30:00-04:00,10.550000190734863,10.5600004196167,10.520000457763672,10.520000457763672,4449,0.0,0.0
2023-04-12 09:30:00-04:00,10.520000457763672,10.59000015258789,10.520000457763672,10.579999923706055,0,0.0,0.0
2023-04-12 10:30:00-04:00,10.588199615478516,10.59000015258789,10.566200256347656,10.59000015258789,3328,0.0,0.0
2023-04-12 11:30:00-04:00,10.579999923706055,10.579999923706055,10.554499626159668,10.5600004196167,3891,0.0,0.0
2023-04-12 12:30:00-04:00,10.569999694824219,10.569999694824219,10.569999694824219,10.569999694824219,311,0.0,0.0
2023-04-12 13:30:00-04:00,10.550000190734863,10.5600004196167,10.510000228881836,10.510000228881836,7907,0.0,0.0
2023-04-12 14:30:00-04:00,10.490099906921387,10.558500289916992,10.490099906921387,10.539999961853027,2674,0.0,0.0
2023-04-12 15:30:00-04:00,10.539999961853027,10.569999694824219,10.539999961853027,10.5649995803833,3979,0.0,0.0
2023-04-13 09:30:00-04:00,10.539999961853027,10.543499946594238,10.524999618530273,10.529999732971191,0,0.0,0.0
2023-04-13 10:30:00-04:00,10.539899826049805,10.539999961853027,10.51039981842041,10.517999649047852,13466,0.0,0.0
2023-04-13 11:30:00-04:00,10.529899597167969,10.529899597167969,10.489999771118164,10.489999771118164,5598,0.0,0.0
2023-04-13 12:30:00-04:00,10.489999771118164,10.489999771118164,10.475000381469727,10.475000381469727,3813,0.0,0.0
2023-04-13 13:30:00-04:00,10.479100227355957,10.479100227355957,10.449999809265137,10.45259952545166,9410,0.0,0.0
2023-04-13 14:30:00-04:00,10.458499908447266,10.458499908447266,10.420000076293945,10.429800033569336,6344,0.0,0.0
2023-04-13 15:30:00-04:00,10.420000076293945,10.420000076293945,10.399999618530273,10.40999984741211,9946,0.0,0.0
2023-04-14 09:30:00-04:00,10.399999618530273,10.42549991607666,10.34000015258789,10.34000015258789,0,0.0,0.0
2023-04-14 10:30:00-04:00,10.34000015258789,10.355600357055664,10.239999771118164,10.295000076293945,53586,0.0,0.0
2023-04-14 11:30:00-04:00,10.289999961853027,10.354999542236328,10.289999961853027,10.350000381469727,13580,0.0,0.0
2023-04-14 12:30:00-04:00,10.350000381469727,10.358799934387207,10.350000381469727,10.350000381469727,8444,0.0,0.0
2023-04-14 13:30:00-04:00,10.350000381469727,10.414999961853027,10.350000381469727,10.359999656677246,19920,0.0,0.0
2023-04-14 14:30:00-04:00,10.350000381469727,10.375,10.34000015258789,10.350000381469727,15929,0.0,0.0
2023-04-14 15:30:00-04:00,10.329999923706055,10.34000015258789,10.270000457763672,10.270000457763672,8162,0.0,0.0
2023-04-17 09:30:00-04:00,10.350000381469727,10.385000228881836,10.239999771118164,10.288399696350098,0,0.0,0.0
2023-04-17 10:30:00-04:00,10.295000076293945,10.354000091552734,10.289999961853027,10.34000015258789,10372,0.0,0.0
2023-04-17 11:30:00-04:00,10.345000267028809,10.37559986114502,10.300000190734863,10.359999656677246,10863,0.0,0.0
2023-04-17 12:30:00-04:00,10.369999885559082,10.390000343322754,10.369999885559082,10.369999885559082,8940,0.0,0.0
2023-04-17 13:30:00-04:00,10.375800132751465,10.380000114440918,10.359999656677246,10.369999885559082,6630,0.0,0.0
2023-04-17 14:30:00-04:00,10.380000114440918,10.399999618530273,10.369999885559082,10.378800392150879,9839,0.0,0.0
2023-04-17 15:30:00-04:00,10.364999771118164,10.380000114440918,10.359999656677246,10.364999771118164,3293,0.0,0.0
2023-04-18 09:30:00-04:00,10.3100004196167,10.34000015258789,10.300000190734863,10.300000190734863,14734,0.0,0.0
2023-04-18 10:30:00-04:00,10.300000190734863,10.328900337219238,10.229999542236328,10.229999542236328,13904,0.0,0.0
2023-04-18 11:30:00-04:00,10.229999542236328,10.25,10.199999809265137,10.25,10823,0.0,0.0
2023-04-18 12:30:00-04:00,10.25,10.270000457763672,10.1899995803833,10.1899995803833,12401,0.0,0.0
2023-04-18 13:30:00-04:00,10.225000381469727,10.279999732971191,10.225000381469727,10.279999732971191,12234,0.0,0.0
2023-04-18 14:30:00-04:00,10.279999732971191,10.300000190734863,10.260000228881836,10.270000457763672,11008,0.0,0.0
2023-04-18 15:30:00-04:00,10.265000343322754,10.268699645996094,10.210000038146973,10.220000267028809,19469,0.0,0.0
2023-04-19 09:30:00-04:00,10.15999984741211,10.229999542236328,10.15999984741211,10.229999542236328,0,0.0,0.0
2023-04-19 10:30:00-04:00,10.239999771118164,10.260000228881836,10.229999542236328,10.244999885559082,13680,0.0,0.0
2023-04-19 11:30:00-04:00,10.25,10.25,10.229999542236328,10.229999542236328,7584,0.0,0.0
2023-04-19 12:30:00-04:00,10.229999542236328,10.239999771118164,10.225000381469727,10.229999542236328,8923,0.0,0.0
2023-04-19 13:30:00-04:00,10.229999542236328,10.239899635314941,10.229999542236328,10.229999542236328,5571,0.0,0.0
2023-04-19 14:30:00-04:00,10.229999542236328,10.235400199890137,10.225000381469727,10.229999542236328,16793,0.0,0.0
2023-04-19 15:30:00-04:00,10.239800453186035,10.252300262451172,10.210000038146973,10.210000038146973,17427,0.0,0.0
2023-04-20 09:30:00-04:00,10.239999771118164,10.380000114440918,10.239999771118164,10.380000114440918,0,0.0,0.0
2023-04-20 10:30:00-04:00,10.380000114440918,10.380000114440918,10.300000190734863,10.350000381469727,22537,0.0,0.0
2023-04-20 11:30:00-04:00,10.350000381469727,10.357999801635742,10.350000381469727,10.350000381469727,3976,0.0,0.0
2023-04-20 12:30:00-04:00,10.382800102233887,10.387200355529785,10.359999656677246,10.375,9964,0.0,0.0
2023-04-20 13:30:00-04:00,10.369999885559082,10.394700050354004,10.369999885559082,10.380000114440918,7302,0.0,0.0
2023-04-20 14:30:00-04:00,10.385000228881836,10.385000228881836,10.329999923706055,10.350000381469727,12605,0.0,0.0
2023-04-20 15:30:00-04:00,10.319999694824219,10.359999656677246,10.319999694824219,10.329999923706055,6141,0.0,0.0
2023-04-21 09:30:00-04:00,10.260000228881836,10.329999923706055,10.210000038146973,10.279999732971191,0,0.0,0.0
2023-04-21 10:30:00-04:00,10.279999732971191,10.319299697875977,10.26039981842041,10.29800033569336,4952,0.0,0.0
2023-04-21 11:30:00-04:00,10.279999732971191,10.29800033569336,10.260000228881836,10.272700309753418,8143,0.0,0.0
2023-04-21 12:30:00-04:00,10.270000457763672,10.294699668884277,10.260000228881836,10.294699668884277,0,0.0,0.0
2023-04-21 13:30:00-04:00,10.289999961853027,10.295000076293945,10.289999961853027,10.295000076293945,52949,0.0,0.0
2023-04-21 14:30:00-04:00,10.289999961853027,10.295999526977539,10.25,10.25,6211,0.0,0.0
2023-04-21 15:30:00-04:00,10.25,10.300000190734863,10.25,10.289999961853027,4059,0.0,0.0
2023-04-24 09:30:00-04:00,10.289999961853027,10.34000015258789,10.199999809265137,10.210000038146973,18775,0.0,0.0
2023-04-24 10:30:00-04:00,10.210000038146973,10.229999542236328,10.210000038146973,10.228500366210938,3204,0.0,0.0
2023-04-24 11:30:00-04:00,10.21679973602295,10.219900131225586,10.020000457763672,10.020000457763672,35350,0.0,0.0
2023-04-24 12:30:00-04:00,10.020000457763672,10.079999923706055,10.0,10.015000343322754,64545,0.0,0.0
2023-04-24 13:30:00-04:00,10.0,10.069999694824219,10.0,10.029999732971191,28286,0.0,0.0
2023-04-24 14:30:00-04:00,10.029999732971191,10.050000190734863,10.0,10.0,27747,0.0,0.0
2023-04-24 15:30:00-04:00,10.0,10.050000190734863,10.0,10.0,20469,0.0,0.0
2023-04-25 09:30:00-04:00,10.039999961853027,10.079999923706055,10.039999961853027,10.0649995803833,16575,0.0,0.0
2023-04-25 10:30:00-04:00,10.062100410461426,10.087400436401367,10.050000190734863,10.085000038146973,25811,0.0,0.0
2023-04-25 11:30:00-04:00,10.085800170898438,10.109999656677246,10.050000190734863,10.050000190734863,9888,0.0,0.0
2023-04-25 12:30:00-04:00,10.0649995803833,10.109999656677246,10.0600004196167,10.069999694824219,16389,0.0,0.0
2023-04-25 13:30:00-04:00,10.069999694824219,10.119999885559082,10.069999694824219,10.09000015258789,17121,0.0,0.0
2023-04-25 14:30:00-04:00,10.11620044708252,10.11620044708252,10.029999732971191,10.050000190734863,64030,0.0,0.0
2023-04-25 15:30:00-04:00,10.039999961853027,10.079999923706055,10.010000228881836,10.020000457763672,53907,0.0,0.0
2023-04-26 09:30:00-04:00,10.020000457763672,10.239999771118164,10.020000457763672,10.239999771118164,0,0.0,0.0
2023-04-26 10:30:00-04:00,10.229999542236328,10.255000114440918,10.170000076293945,10.170000076293945,19870,0.0,0.0
2023-04-26 11:30:00-04:00,10.180000305175781,10.260000228881836,10.170100212097168,10.1899995803833,32580,0.0,0.0
2023-04-26 12:30:00-04:00,10.210000038146973,10.229999542236328,10.079999923706055,10.100000381469727,41440,0.0,0.0
2023-04-26 13:30:00-04:00,10.114999771118164,10.154199600219727,10.079999923706055,10.119999885559082,28335,0.0,0.0
2023-04-26 14:30:00-04:00,10.119999885559082,10.140700340270996,10.109999656677246,10.135000228881836,19119,0.0,0.0
2023-04-26 15:30:00-04:00,10.140000343322754,10.149999618530273,10.09000015258789,10.140000343322754,19622,0.0,0.0
2023-04-27 09:30:00-04:00,10.170000076293945,10.180000305175781,10.079999923706055,10.178600311279297,27066,0.0,0.0
2023-04-27 10:30:00-04:00,10.180000305175781,10.25,10.160300254821777,10.25,32793,0.0,0.0
2023-04-27 11:30:00-04:00,10.25,10.270000457763672,10.210000038146973,10.220000267028809,14660,0.0,0.0
2023-04-27 12:30:00-04:00,10.239999771118164,10.28499984741211,10.239999771118164,10.284600257873535,16233,0.0,0.0
2023-04-27 13:30:00-04:00,10.289899826049805,10.353400230407715,10.28499984741211,10.310199737548828,34224,0.0,0.0
2023-04-27 14:30:00-04:00,10.335000038146973,10.380000114440918,10.329999923706055,10.354999542236328,20476,0.0,0.0
2023-04-27 15:30:00-04:00,10.34000015258789,10.369999885559082,10.320099830627441,10.369999885559082,13646,0.0,0.0
2023-04-28 09:30:00-04:00,10.329999923706055,10.390000343322754,10.329999923706055,10.375,0,0.0,0.0
2023-04-28 10:30:00-04:00,10.371899604797363,10.390000343322754,10.359999656677246,10.380000114440918,5354,0.0,0.0
2023-04-28 11:30:00-04:00,10.390000343322754,10.399999618530273,10.380000114440918,10.380000114440918,7123,0.0,0.0
2023-04-28 12:30:00-04:00,10.380000114440918,10.380000114440918,10.36299991607666,10.380000114440918,2560,0.0,0.0
2023-04-28 13:30:00-04:00,10.385299682617188,10.385299682617188,10.359999656677246,10.380000114440918,2943,0.0,0.0
2023-04-28 14:30:00-04:00,10.354999542236328,10.369999885559082,10.300000190734863,10.305000305175781,67073,0.0,0.0
2023-04-28 15:30:00-04:00,10.3149995803833,10.34000015258789,10.300000190734863,10.3100004196167,7463,0.0,0.0
2023-05-01 09:30:00-04:00,10.25,10.319999694824219,10.214799880981445,10.25,0,0.0,0.0
2023-05-01 10:30:00-04:00,10.283499717712402,10.283499717712402,10.229999542236328,10.23009967803955,7126,0.0,0.0
2023-05-01 11:30:00-04:00,10.248299598693848,10.256799697875977,10.170000076293945,10.219900131225586,5828,0.0,0.0
2023-05-01 12:30:00-04:00,10.194999694824219,10.232399940490723,10.194999694824219,10.232399940490723,2919,0.0,0.0
2023-05-01 13:30:00-04:00,10.210000038146973,10.229999542236328,10.199999809265137,10.21500015258789,6051,0.0,0.0
2023-05-01 14:30:00-04:00,10.210000038146973,10.220000267028809,10.199999809265137,10.205699920654297,8828,0.0,0.0
2023-05-01 15:30:00-04:00,10.210000038146973,10.210000038146973,10.140000343322754,10.180000305175781,17154,0.0,0.0
2023-05-02 09:30:00-04:00,10.109999656677246,10.210000038146973,10.109999656677246,10.17140007019043,33324,0.0,0.0
2023-05-02 10:30:00-04:00,10.210000038146973,10.210000038146973,10.15999984741211,10.194199562072754,22800,0.0,0.0
2023-05-02 11:30:00-04:00,10.180000305175781,10.194999694824219,10.130000114440918,10.175000190734863,3526,0.0,0.0
2023-05-02 12:30:00-04:00,10.184800148010254,10.184800148010254,10.140000343322754,10.154999732971191,4011,0.0,0.0
2023-05-02 13:30:00-04:00,10.15999984741211,10.164999961853027,10.13010025024414,10.15999984741211,3139,0.0,0.0
2023-05-02 14:30:00-04:00,10.170000076293945,10.170000076293945,10.100000381469727,10.140000343322754,0,0.0,0.0
2023-05-02 15:30:00-04:00,10.145000457763672,10.145000457763672,10.125,10.130000114440918,99020,0.0,0.0
2023-05-03 09:30:00-04:00,10.069999694824219,10.15999984741211,10.069999694824219,10.15999984741211,0,0.0,0.0
2023-05-03 10:30:00-04:00,10.180000305175781,10.180000305175781,10.15999984741211,10.160099983215332,12194,0.0,0.0
2023-05-03 11:30:00-04:00,10.1899995803833,10.1899995803833,10.149999618530273,10.170000076293945,11816,0.0,0.0
2023-05-03 12:30:00-04:00,10.170000076293945,10.175000190734863,10.149999618530273,10.170000076293945,10475,0.0,0.0
2023-05-03 13:30:00-04:00,10.149999618530273,10.180000305175781,10.119999885559082,10.148300170898438,6445,0.0,0.0
2023-05-03 14:30:00-04:00,10.170000076293945,10.170000076293945,10.100000381469727,10.135000228881836,27770,0.0,0.0
2023-05-03 15:30:00-04:00,10.162699699401855,10.162699699401855,10.0600004196167,10.0600004196167,11501,0.0,0.0
2023-05-04 09:30:00-04:00,10.119999885559082,10.119999885559082,10.050000190734863,10.050000190734863,0,0.0,0.0
2023-05-04 10:30:00-04:00,10.079999923706055,10.109999656677246,10.050000190734863,10.109999656677246,9781,0.0,0.0
2023-05-04 11:30:00-04:00,10.109999656677246,10.109999656677246,10.069999694824219,10.079999923706055,2579,0.0,0.0
2023-05-04 12:30:00-04:00,10.079999923706055,10.140000343322754,10.079999923706055,10.104499816894531,22059,0.0,0.0
2023-05-04 13:30:00-04:00,10.09000015258789,10.104999542236328,10.079999923706055,10.100000381469727,8361,0.0,0.0
2023-05-04 14:30:00-04:00,10.109999656677246,10.119999885559082,10.050000190734863,10.0600004196167,22109,0.0,0.0
2023-05-04 15:30:00-04:00,10.050000190734863,10.119999885559082,10.050000190734863,10.119999885559082,15311,0.0,0.0
2023-05-05 09:30:00-04:00,10.100000381469727,10.180000305175781,10.0600004196167,10.180000305175781,36317,0.0,0.0
2023-05-05 10:30:00-04:00,10.125499725341797,10.15999984741211,10.119999885559082,10.119999885559082,18550,0.0,0.0
2023-05-05 11:30:00-04:00,10.119999885559082,10.149999618530273,10.09000015258789,10.149999618530273,18107,0.0,0.0
2023-05-05 12:30:00-04:00,10.140000343322754,10.149999618530273,10.109999656677246,10.114999771118164,4963,0.0,0.0
2023-05-05 13:30:00-04:00,10.130000114440918,10.130000114440918,10.109999656677246,10.119999885559082,8109,0.0,0.0
2023-05-05 14:30:00-04:00,10.119999885559082,10.140000343322754,10.109999656677246,10.109999656677246,8949,0.0,0.0
2023-05-05 15:30:00-04:00,10.109999656677246,10.140000343322754,10.100000381469727,10.140000343322754,19221,0.0,0.0
2023-05-08 09:30:00-04:00,10.100000381469727,10.1899995803833,10.100000381469727,10.138400077819824,0,0.0,0.0
2023-05-08 10:30:00-04:00,10.119999885559082,10.145000457763672,10.039999961853027,10.039999961853027,12172,0.0,0.0
2023-05-08 11:30:00-04:00,10.039999961853027,10.09000015258789,10.039999961853027,10.039999961853027,6785,0.0,0.0
2023-05-08 12:30:00-04:00,10.050000190734863,10.065199851989746,10.010000228881836,10.029999732971191,19214,0.0,0.0
2023-05-08 13:30:00-04:00,10.020000457763672,10.039999961853027,10.010000228881836,10.029999732971191,6165,0.0,0.0
2023-05-08 14:30:00-04:00,10.029999732971191,10.069999694824219,10.029999732971191,10.039999961853027,12596,0.0,0.0
2023-05-08 15:30:00-04:00,10.039999961853027,10.055800437927246,10.020000457763672,10.029999732971191,10259,0.0,0.0
2023-05-09 09:30:00-04:00,10.029999732971191,10.0649995803833,10.029999732971191,10.036299705505371,0,0.0,0.0
2023-05-09 10:30:00-04:00,10.029999732971191,10.079999923706055,10.029999732971191,10.069999694824219,13634,0.0,0.0
2023-05-09 11:30:00-04:00,10.069999694824219,10.119500160217285,10.069999694824219,10.079999923706055,23497,0.0,0.0
2023-05-09 12:30:00-04:00,10.079999923706055,10.105600357055664,10.079999923706055,10.095000267028809,20816,0.0,0.0
2023-05-09 13:30:00-04:00,10.09000015258789,10.109999656677246,10.079999923706055,10.079999923706055,12918,0.0,0.0
2023-05-09 14:30:00-04:00,10.079999923706055,10.100000381469727,10.069999694824219,10.079999923706055,11780,0.0,0.0
2023-05-09 15:30:00-04:00,10.079999923706055,10.079999923706055,10.039999961853027,10.069999694824219,24477,0.0,0.0
2023-05-10 09:30:00-04:00,10.0600004196167,10.100000381469727,10.0,10.0,0,0.0,0.0
2023-05-10 10:30:00-04:00,10.0,10.020000457763672,9.979999542236328,10.010000228881836,22835,0.0,0.0
2023-05-10 11:30:00-04:00,10.010000228881836,10.038999557495117,10.0,10.0,12208,0.0,0.0
2023-05-10 12:30:00-04:00,10.0,10.034700393676758,10.0,10.029999732971191,9716,0.0,0.0
2023-05-10 13:30:00-04:00,10.029999732971191,10.037699699401855,10.029999732971191,10.029999732971191,4063,0.0,0.0
2023-05-10 14:30:00-04:00,10.029999732971191,10.074999809265137,10.029999732971191,10.074999809265137,16372,0.0,0.0
2023-05-10 15:30:00-04:00,10.074999809265137,10.09000015258789,10.029999732971191,10.029999732971191,15514,0.0,0.0
2023-05-11 09:30:00-04:00,10.050000190734863,10.100000381469727,10.0,10.039999961853027,0,0.0,0.0
2023-05-11 10:30:00-04:00,10.039999961853027,10.059599876403809,10.029999732971191,10.050000190734863,13157,0.0,0.0
2023-05-11 11:30:00-04:00,10.050000190734863,10.069999694824219,10.020000457763672,10.020000457763672,9415,0.0,0.0
2023-05-11 12:30:00-04:00,10.029999732971191,10.04889965057373,10.020000457763672,10.045000076293945,20562,0.0,0.0
2023-05-11 13:30:00-04:00,10.050000190734863,10.069999694824219,10.039999961853027,10.0649995803833,12733,0.0,0.0
2023-05-11 14:30:00-04:00,10.0649995803833,10.079999923706055,10.0600004196167,10.0600004196167,12150,0.0,0.0
2023-05-11 15:30:00-04:00,10.0600004196167,10.0600004196167,10.050000190734863,10.050000190734863,0,0.0,0.0
2023-05-12 09:30:00-04:00,10.079999923706055,10.09000015258789,10.050100326538086,10.069999694824219,15484,0.0,0.0
2023-05-12 10:30:00-04:00,10.069999694824219,10.069999694824219,10.049099922180176,10.0600004196167,14675,0.0,0.0
2023-05-12 11:30:00-04:00,10.0649995803833,10.069999694824219,10.0600004196167,10.0600004196167,3954,0.0,0.0
2023-05-12 12:30:00-04:00,10.0600004196167,10.0649995803833,10.0,10.039999961853027,31257,0.0,0.0
2023-05-12 13:30:00-04:00,10.039999961853027,10.0600004196167,10.0,10.055000305175781,14293,0.0,0.0
2023-05-12 14:30:00-04:00,10.050000190734863,10.069999694824219,10.050000190734863,10.0649995803833,19657,0.0,0.0
2023-05-12 15:30:00-04:00,10.0649995803833,10.069999694824219,10.0600004196167,10.0649995803833,4189,0.0,0.0
2023-05-15 09:30:00-04:00,10.050000190734863,10.069999694824219,10.010000228881836,10.0649995803833,48047,0.0,0.0
2023-05-15 10:30:00-04:00,10.069999694824219,10.100000381469727,10.069999694824219,10.069999694824219,16076,0.0,0.0
2023-05-15 11:30:00-04:00,10.069999694824219,10.100000381469727,10.069999694824219,10.09000015258789,15836,0.0,0.0
2023-05-15 12:30:00-04:00,10.09000015258789,10.100000381469727,10.079999923706055,10.079999923706055,9162,0.0,0.0
2023-05-15 13:30:00-04:00,10.079999923706055,10.09000015258789,10.069999694824219,10.069999694824219,12882,0.0,0.0
2023-05-15 14:30:00-04:00,10.079999923706055,10.09000015258789,10.069999694824219,10.069999694824219,13965,0.0,0.0
2023-05-15 15:30:00-04:00,10.065999984741211,10.065999984741211,10.050000190734863,10.0600004196167,2379,0.0,0.0
2023-05-16 09:30:00-04:00,10.100000381469727,10.11520004272461,10.069999694824219,10.069999694824219,9781,0.0,0.0
2023-05-16 10:30:00-04:00,10.069999694824219,10.085000038146973,10.0600004196167,10.069999694824219,12874,0.0,0.0
2023-05-16 11:30:00-04:00,10.069999694824219,10.08899974822998,10.03499984741211,10.074999809265137,17499,0.0,0.0
2023-05-16 12:30:00-04:00,10.069999694824219,10.085000038146973,10.069999694824219,10.079999923706055,6254,0.0,0.0
2023-05-16 13:30:00-04:00,10.079999923706055,10.080100059509277,9.960000038146973,10.011500358581543,67557,0.0,0.0
2023-05-16 14:30:00-04:00,10.019100189208984,10.039999961853027,10.010000228881836,10.03499984741211,0,0.0,0.0
2023-05-16 15:30:00-04:00,9.989999771118164,10.020000457763672,9.989999771118164,10.020000457763672,129140,0.0,0.0
2023-05-17 09:30:00-04:00,10.020000457763672,10.039999961853027,10.010000228881836,10.039999961853027,0,0.0,0.0
2023-05-17 10:30:00-04:00,10.039999961853027,10.050000190734863,10.010000228881836,10.029999732971191,11622,0.0,0.0
2023-05-17 11:30:00-04:00,10.029999732971191,10.029999732971191,10.010000228881836,10.027400016784668,13110,0.0,0.0
2023-05-17 12:30:00-04:00,10.020000457763672,10.050000190734863,10.020000457763672,10.04800033569336,11187,0.0,0.0
2023-05-17 13:30:00-04:00,10.050000190734863,10.085000038146973,10.045000076293945,10.079999923706055,12133,0.0,0.0
2023-05-17 14:30:00-04:00,10.079999923706055,10.080900192260742,10.020000457763672,10.039999961853027,17967,0.0,0.0
2023-05-17 15:30:00-04:00,10.045000076293945,10.0600004196167,10.038900375366211,10.039999961853027,0,0.0,0.0
2023-05-18 09:30:00-04:00,10.069999694824219,10.069999694824219,10.029999732971191,10.050000190734863,4101,0.0,0.0
2023-05-18 10:30:00-04:00,10.055000305175781,10.055000305175781,10.050000190734863,10.050100326538086,1351,0.0,0.0
2023-05-18 11:30:00-04:00,10.055000305175781,10.1899995803833,10.055000305175781,10.170599937438965,66836,0.0,0.0
2023-05-18 12:30:00-04:00,10.175000190734863,10.279999732971191,10.175000190734863,10.210000038146973,46260,0.0,0.0
2023-05-18 13:30:00-04:00,10.210000038146973,10.210000038146973,10.161999702453613,10.175000190734863,16897,0.0,0.0
2023-05-18 14:30:00-04:00,10.180000305175781,10.180000305175781,10.114999771118164,10.119999885559082,35476,0.0,0.0
2023-05-18 15:30:00-04:00,10.114999771118164,10.114999771118164,10.100000381469727,10.100000381469727,6129,0.0,0.0
2023-05-19 09:30:00-04:00,10.100000381469727,10.109999656677246,10.029999732971191,10.039999961853027,0,0.0,0.0
2023-05-19 10:30:00-04:00,10.045000076293945,10.095000267028809,10.041799545288086,10.09000015258789,22337,0.0,0.0
2023-05-19 11:30:00-04:00,10.09000015258789,10.100000381469727,10.09000015258789,10.09000015258789,5814,0.0,0.0
2023-05-19 12:30:00-04:00,10.09000015258789,10.100000381469727,10.058300018310547,10.079999923706055,20529,0.0,0.0
2023-05-19 13:30:00-04:00,10.079999923706055,10.079999923706055,10.050000190734863,10.050000190734863,9648,0.0,0.0
2023-05-19 14:30:00-04:00,10.050000190734863,10.069999694824219,10.050000190734863,10.0600004196167,5444,0.0,0.0
2023-05-19 15:30:00-04:00,10.0600004196167,10.069999694824219,10.029999732971191,10.039999961853027,34429,0.0,0.0
2023-05-22 09:30:00-04:00,10.039999961853027,10.100000381469727,10.039999961853027,10.069999694824219,19138,0.0,0.0
2023-05-22 10:30:00-04:00,10.069999694824219,10.069999694824219,10.020000457763672,10.040900230407715,11773,0.0,0.0
2023-05-22 11:30:00-04:00,10.039999961853027,10.039999961853027,9.979999542236328,10.039999961853027,9594,0.0,0.0
2023-05-22 12:30:00-04:00,10.039999961853027,10.039999961853027,9.989999771118164,10.013999938964844,11666,0.0,0.0
2023-05-22 13:30:00-04:00,10.007100105285645,10.01990032196045,9.989999771118164,10.0,4835,0.0,0.0
2023-05-22 14:30:00-04:00,10.002400398254395,10.020000457763672,10.002400398254395,10.010000228881836,10377,0.0,0.0
2023-05-22 15:30:00-04:00,10.010000228881836,10.010000228881836,9.90999984741211,9.914999961853027,41417,0.0,0.0
2023-05-23 09:30:00-04:00,9.90999984741211,9.920000076293945,9.875,9.890000343322754,0,0.0,0.0
2023-05-23 10:30:00-04:00,9.920000076293945,9.920000076293945,9.880000114440918,9.920000076293945,24594,0.0,0.0
2023-05-23 11:30:00-04:00,9.890000343322754,9.895400047302246,9.880000114440918,9.890000343322754,16948,0.0,0.0
2023-05-23 12:30:00-04:00,9.890000343322754,9.890000343322754,9.854999542236328,9.869999885559082,33166,0.0,0.0
2023-05-23 13:30:00-04:00,9.880000114440918,9.895000457763672,9.869999885559082,9.879400253295898,6671,0.0,0.0
2023-05-23 14:30:00-04:00,9.869999885559082,9.87600040435791,9.869999885559082,9.869999885559082,12239,0.0,0.0
2023-05-23 15:30:00-04:00,9.869999885559082,9.880000114440918,9.850000381469727,9.859999656677246,0,0.0,0.0
2023-05-24 09:30:00-04:00,9.8100004196167,9.880000114440918,9.8100004196167,9.829999923706055,22801,0.0,0.0
2023-05-24 10:30:00-04:00,9.84000015258789,9.859999656677246,9.779999732971191,9.800000190734863,29141,0.0,0.0
2023-05-24 11:30:00-04:00,9.800000190734863,9.818300247192383,9.800000190734863,9.812000274658203,7459,0.0,0.0
2023-05-24 12:30:00-04:00,9.819999694824219,9.890000343322754,9.800000190734863,9.819999694824219,97139,0.0,0.0
2023-05-24 13:30:00-04:00,9.8100004196167,9.850000381469727,9.789999961853027,9.8100004196167,28320,0.0,0.0
2023-05-24 14:30:00-04:00,9.8100004196167,9.824999809265137,9.800000190734863,9.800000190734863,16476,0.0,0.0
2023-05-24 15:30:00-04:00,9.789999961853027,9.8100004196167,9.779999732971191,9.789999961853027,7648,0.0,0.0
2023-05-25 09:30:00-04:00,9.829999923706055,9.829999923706055,9.75,9.829999923706055,0,0.0,0.0
2023-05-25 10:30:00-04:00,9.850000381469727,9.850000381469727,9.800000190734863,9.8100004196167,14452,0.0,0.0
2023-05-25 11:30:00-04:00,9.8100004196167,9.8100004196167,9.789999961853027,9.800000190734863,5457,0.0,0.0
2023-05-25 12:30:00-04:00,9.800000190734863,9.809900283813477,9.800000190734863,9.800000190734863,1561,0.0,0.0
2023-05-25 13:30:00-04:00,9.800000190734863,9.819999694824219,9.800000190734863,9.81470012664795,16590,0.0,0.0
2023-05-25 14:30:00-04:00,9.8100004196167,9.8100004196167,9.720000267028809,9.739999771118164,48421,0.0,0.0
2023-05-25 15:30:00-04:00,9.744999885559082,9.744999885559082,9.729999542236328,9.729999542236328,1398,0.0,0.0
2023-05-26 09:30:00-04:00,9.75,9.800000190734863,9.75,9.795000076293945,0,0.0,0.0
2023-05-26 10:30:00-04:00,9.795000076293945,9.8100004196167,9.779999732971191,9.789999961853027,12754,0.0,0.0
2023-05-26 11:30:00-04:00,9.795000076293945,9.819999694824219,9.779999732971191,9.800000190734863,18878,0.0,0.0
2023-05-26 12:30:00-04:00,9.8100004196167,9.84000015258789,9.8100004196167,9.819999694824219,17474,0.0,0.0
2023-05-26 13:30:00-04:00,9.819999694824219,9.820099830627441,9.800000190734863,9.800000190734863,16166,0.0,0.0
2023-05-26 14:30:00-04:00,9.800000190734863,9.816200256347656,9.800000190734863,9.816200256347656,23984,0.0,0.0
2023-05-26 15:30:00-04:00,9.8149995803833,9.829999923706055,9.800000190734863,9.800000190734863,17052,0.0,0.0
2023-05-30 09:30:00-04:00,9.859999656677246,9.880000114440918,9.829999923706055,9.854999542236328,0,0.0,0.0
2023-05-30 10:30:00-04:00,9.854999542236328,9.904999732971191,9.829999923706055,9.899999618530273,29570,0.0,0.0
2023-05-30 11:30:00-04:00,9.885000228881836,9.90999984741211,9.84000015258789,9.859999656677246,28893,0.0,0.0
2023-05-30 12:30:00-04:00,9.859999656677246,9.890000343322754,9.829999923706055,9.890000343322754,22691,0.0,0.0
2023-05-30 13:30:00-04:00,9.890000343322754,9.890000343322754,9.850000381469727,9.850000381469727,14899,0.0,0.0
2023-05-30 14:30:00-04:00,9.850000381469727,9.875,9.84000015258789,9.859999656677246,13918,0.0,0.0
2023-05-30 15:30:00-04:00,9.850000381469727,9.850000381469727,9.819999694824219,9.84000015258789,11938,0.0,0.0
2023-05-31 09:30:00-04:00,9.869999885559082,9.979999542236328,9.869999885559082,9.970000267028809,20545,0.0,0.0
2023-05-31 10:30:00-04:00,9.960000038146973,9.960000038146973,9.880000114440918,9.90999984741211,27881,0.0,0.0
2023-05-31 11:30:00-04:00,9.90999984741211,9.949999809265137,9.890000343322754,9.90999984741211,14140,0.0,0.0
2023-05-31 12:30:00-04:00,9.90999984741211,9.95989990234375,9.890000343322754,9.930000305175781,15122,0.0,0.0
2023-05-31 13:30:00-04:00,9.930000305175781,9.964699745178223,9.930000305175781,9.9399995803833,10343,0.0,0.0
2023-05-31 14:30:00-04:00,9.9399995803833,9.946000099182129,9.9399995803833,9.9399995803833,5384,0.0,0.0
2023-05-31 15:30:00-04:00,9.930000305175781,9.960000038146973,9.890000343322754,9.9399995803833,24267,0.0,0.0
2023-06-01 09:30:00-04:00,9.970000267028809,10.043000221252441,9.9399995803833,10.005000114440918,0,0.0,0.0
2023-06-01 10:30:00-04:00,9.989999771118164,10.020000457763672,9.970000267028809,9.989999771118164,18710,0.0,0.0
2023-06-01 11:30:00-04:00,9.989999771118164,10.001899719238281,9.970000267028809,9.984999656677246,5492,0.0,0.0
2023-06-01 12:30:00-04:00,9.979999542236328,10.0,9.960000038146973,9.979999542236328,13006,0.0,0.0
2023-06-01 13:30:00-04:00,9.979999542236328,9.994999885559082,9.970000267028809,9.989999771118164,9354,0.0,0.0
2023-06-01 14:30:00-04:00,9.989999771118164,9.994799613952637,9.920000076293945,9.93220043182373,24574,0.0,0.0
2023-06-01 15:30:00-04:00,9.920000076293945,9.949999809265137,9.90999984741211,9.949999809265137,15357,0.0,0.0
2023-06-02 09:30:00-04:00,10.0,10.029899597167969,9.916600227355957,9.970000267028809,0,0.0,0.0
2023-06-02 10:30:00-04:00,9.954999923706055,9.960000038146973,9.920000076293945,9.9399995803833,16625,0.0,0.0
2023-06-02 11:30:00-04:00,9.9399995803833,9.949999809265137,9.880000114440918,9.899999618530273,33107,0.0,0.0
2023-06-02 12:30:00-04:00,9.890000343322754,9.930000305175781,9.854399681091309,9.890000343322754,17076,0.0,0.0
2023-06-02 13:30:00-04:00,9.880399703979492,9.90999984741211,9.859999656677246,9.859999656677246,5713,0.0,0.0
2023-06-02 14:30:00-04:00,9.850000381469727,9.867400169372559,9.829999923706055,9.829999923706055,13474,0.0,0.0
2023-06-02 15:30:00-04:00,9.829999923706055,9.874899864196777,9.819999694824219,9.859999656677246,12170,0.0,0.0
2023-06-05 09:30:00-04:00,9.829999923706055,9.930000305175781,9.829999923706055,9.90999984741211,16467,0.0,0.0
2023-06-05 10:30:00-04:00,9.860099792480469,9.930000305175781,9.860099792480469,9.90999984741211,6050,0.0,0.0
2023-06-05 11:30:00-04:00,9.86769962310791,9.909000396728516,9.86769962310791,9.869999885559082,7525,0.0,0.0
2023-06-05 12:30:00-04:00,9.869999885559082,9.890000343322754,9.829999923706055,9.883899688720703,15643,0.0,0.0
2023-06-05 13:30:00-04:00,9.880000114440918,9.890000343322754,9.880000114440918,9.890000343322754,501,0.0,0.0
2023-06-05 15:30:00-04:00,9.878700256347656,9.890000343322754,9.869999885559082,9.880000114440918,5525,0.0,0.0
2023-06-06 09:30:00-04:00,9.850000381469727,9.9399995803833,9.850000381469727,9.930000305175781,0,0.0,0.0
2023-06-06 10:30:00-04:00,9.949999809265137,9.949999809265137,9.90999984741211,9.949999809265137,8776,0.0,0.0
2023-06-06 11:30:00-04:00,9.949999809265137,9.960000038146973,9.899999618530273,9.920000076293945,12338,0.0,0.0
2023-06-06 12:30:00-04:00,9.914999961853027,9.9399995803833,9.899999618530273,9.925000190734863,3705,0.0,0.0
2023-06-06 13:30:00-04:00,9.90999984741211,9.947500228881836,9.90999984741211,9.944999694824219,10154,0.0,0.0
2023-06-06 14:30:00-04:00,9.944999694824219,9.949999809265137,9.9399995803833,9.9399995803833,3616,0.0,0.0
2023-06-06 15:30:00-04:00,9.9399995803833,9.949999809265137,9.9399995803833,9.949999809265137,6329,0.0,0.0
2023-06-07 09:30:00-04:00,9.9399995803833,10.010000228881836,9.938699722290039,9.970000267028809,17212,0.0,0.0
2023-06-07 10:30:00-04:00,9.970000267028809,9.979999542236328,9.96500015258789,9.975000381469727,12494,0.0,0.0
2023-06-07 11:30:00-04:00,9.975000381469727,10.029999732971191,9.970000267028809,10.029999732971191,16236,0.0,0.0
2023-06-07 12:30:00-04:00,10.020000457763672,10.020000457763672,9.869999885559082,9.925000190734863,47905,0.0,0.0
2023-06-07 13:30:00-04:00,9.9350004196167,9.960000038146973,9.930000305175781,9.9350004196167,4075,0.0,0.0
2023-06-07 14:30:00-04:00,9.9399995803833,9.949999809265137,9.928999900817871,9.949999809265137,8719,0.0,0.0
2023-06-07 15:30:00-04:00,9.949999809265137,9.949999809265137,9.899999618530273,9.930000305175781,14277,0.0,0.0
2023-06-08 09:30:00-04:00,9.869999885559082,9.989999771118164,9.869999885559082,9.979999542236328,0,0.0,0.0
2023-06-08 10:30:00-04:00,9.947699546813965,9.979999542236328,9.947699546813965,9.949999809265137,12175,0.0,0.0
2023-06-08 11:30:00-04:00,9.975000381469727,10.050000190734863,9.95009994506836,10.050000190734863,14087,0.0,0.0
2023-06-08 12:30:00-04:00,9.989999771118164,10.039999961853027,9.98009967803955,9.990599632263184,1062,0.0,0.0
2023-06-08 13:30:00-04:00,10.010000228881836,10.039999961853027,9.960000038146973,10.029999732971191,35486,0.0,0.0
2023-06-08 14:30:00-04:00,10.014200210571289,10.15999984741211,10.010000228881836,10.140000343322754,50309,0.0,0.0
2023-06-08 15:30:00-04:00,10.140600204467773,10.199999809265137,10.100000381469727,10.199999809265137,35487,0.0,0.0
2023-06-09 09:30:00-04:00,10.149999618530273,10.214699745178223,10.0,10.170000076293945,0,0.0,0.0
2023-06-09 10:30:00-04:00,10.170000076293945,10.199999809265137,10.119999885559082,10.149999618530273,25405,0.0,0.0
2023-06-09 11:30:00-04:00,10.162500381469727,10.199999809265137,10.15999984741211,10.199999809265137,19975,0.0,0.0
2023-06-09 12:30:00-04:00,10.199999809265137,10.204999923706055,10.199999809265137,10.204999923706055,4838,0.0,0.0
2023-06-09 13:30:00-04:00,10.204999923706055,10.260000228881836,10.201600074768066,10.25,21256,0.0,0.0
2023-06-09 14:30:00-04:00,10.255000114440918,10.345000267028809,10.255000114440918,10.34000015258789,26143,0.0,0.0
2023-06-09 15:30:00-04:00,10.350000381469727,10.350000381469727,10.3100004196167,10.350000381469727,10624,0.0,0.0
2023-06-12 09:30:00-04:00,10.380000114440918,10.390000343322754,10.324999809265137,10.324999809265137,0,0.0,0.0
2023-06-12 10:30:00-04:00,10.324999809265137,10.324999809265137,10.270000457763672,10.305000305175781,9609,0.0,0.0
2023-06-12 11:30:00-04:00,10.300000190734863,10.300000190734863,10.260000228881836,10.260000228881836,10460,0.0,0.0
2023-06-12 12:30:00-04:00,10.270000457763672,10.279999732971191,10.239999771118164,10.279999732971191,10011,0.0,0.0
2023-06-12 13:30:00-04:00,10.279999732971191,10.279999732971191,10.239999771118164,10.239999771118164,543,0.0,0.0
2023-06-12 14:30:00-04:00,10.270000457763672,10.289999961853027,10.220000267028809,10.22659969329834,28357,0.0,0.0
2023-06-12 15:30:00-04:00,10.258999824523926,10.260000228881836,10.220000267028809,10.25,5508,0.0,0.0
2023-06-13 09:30:00-04:00,10.220000267028809,10.229999542236328,10.199999809265137,10.199999809265137,6568,0.0,0.0
2023-06-13 10:30:00-04:00,10.204999923706055,10.220000267028809,10.149999618530273,10.149999618530273,19061,0.0,0.0
2023-06-13 11:30:00-04:00,10.164999961853027,10.194999694824219,10.140000343322754,10.194999694824219,18263,0.0,0.0
2023-06-13 12:30:00-04:00,10.167499542236328,10.175000190734863,10.15999984741211,10.15999984741211,3357,0.0,0.0
2023-06-13 13:30:00-04:00,10.164999961853027,10.164999961853027,10.119999885559082,10.162500381469727,704,0.0,0.0
2023-06-13 14:30:00-04:00,10.13010025024414,10.1899995803833,10.13010025024414,10.170000076293945,5384,0.0,0.0
2023-06-13 15:30:00-04:00,10.170000076293945,10.199999809265137,10.170000076293945,10.199999809265137,4110,0.0,0.0
2023-06-14 09:30:00-04:00,10.210000038146973,10.289999961853027,10.1899995803833,10.289999961853027,15578,0.0,0.0
2023-06-14 10:30:00-04:00,10.289999961853027,10.300000190734863,10.270000457763672,10.300000190734863,3380,0.0,0.0
2023-06-14 11:30:00-04:00,10.319999694824219,10.380000114440918,10.3100004196167,10.369999885559082,18028,0.0,0.0
2023-06-14 12:30:00-04:00,10.385000228881836,10.39680004119873,10.380000114440918,10.390000343322754,6785,0.0,0.0
2023-06-14 13:30:00-04:00,10.390000343322754,10.404999732971191,10.362899780273438,10.390000343322754,12769,0.0,0.0
2023-06-14 14:30:00-04:00,10.390000343322754,10.449999809265137,10.350000381469727,10.414999961853027,36682,0.0,0.0
2023-06-14 15:30:00-04:00,10.414999961853027,10.449999809265137,10.380000114440918,10.425000190734863,15250,0.0,0.0
2023-06-15 09:30:00-04:00,10.460000038146973,10.460000038146973,10.210000038146973,10.369999885559082,0,0.0,0.0
2023-06-15 10:30:00-04:00,10.341099739074707,10.380000114440918,10.341099739074707,10.359999656677246,2480,0.0,0.0
2023-06-15 11:30:00-04:00,10.34000015258789,10.364999771118164,10.279999732971191,10.319899559020996,5228,0.0,0.0
2023-06-15 12:30:00-04:00,10.289999961853027,10.305000305175781,10.239999771118164,10.239999771118164,4495,0.0,0.0
2023-06-15 13:30:00-04:00,10.239999771118164,10.270000457763672,10.239999771118164,10.25,4735,0.0,0.0
2023-06-15 14:30:00-04:00,10.260000228881836,10.268600463867188,10.210000038146973,10.220000267028809,18701,0.0,0.0
2023-06-15 15:30:00-04:00,10.210000038146973,10.229999542236328,10.180000305175781,10.180000305175781,8232,0.0,0.0
2023-06-16 09:30:00-04:00,10.279999732971191,10.279999732971191,10.1899995803833,10.260000228881836,0,0.0,0.0
2023-06-16 10:30:00-04:00,10.27239990234375,10.308799743652344,10.27239990234375,10.308799743652344,6018,0.0,0.0
2023-06-16 11:30:00-04:00,10.3100004196167,10.3149995803833,10.3100004196167,10.3100004196167,13514,0.0,0.0
2023-06-16 12:30:00-04:00,10.3100004196167,10.3100004196167,10.3100004196167,10.3100004196167,6892,0.0,0.0
2023-06-16 13:30:00-04:00,10.3100004196167,10.319999694824219,10.3100004196167,10.319999694824219,6346,0.0,0.0
2023-06-16 14:30:00-04:00,10.319999694824219,10.333900451660156,10.270000457763672,10.3100004196167,17126,0.0,0.0
2023-06-16 15:30:00-04:00,10.3100004196167,10.319999694824219,10.270000457763672,10.319999694824219,9503,0.0,0.0
2023-06-20 09:30:00-04:00,10.329999923706055,10.34000015258789,10.28499984741211,10.34000015258789,0,0.0,0.0
2023-06-20 10:30:00-04:00,10.34000015258789,10.345000267028809,10.3100004196167,10.319999694824219,9355,0.0,0.0
2023-06-20 11:30:00-04:00,10.300000190734863,10.319999694824219,10.289999961853027,10.319999694824219,2192,0.0,0.0
2023-06-20 12:30:00-04:00,10.319999694824219,10.319999694824219,10.234999656677246,10.234999656677246,20721,0.0,0.0
2023-06-20 13:30:00-04:00,10.234999656677246,10.270000457763672,10.149999618530273,10.170100212097168,42411,0.0,0.0
2023-06-20 14:30:00-04:00,10.140000343322754,10.170000076293945,10.109999656677246,10.15999984741211,9891,0.0,0.0
2023-06-20 15:30:00-04:00,10.129899978637695,10.145099639892578,10.100000381469727,10.119999885559082,8162,0.0,0.0
2023-06-21 09:30:00-04:00,10.15999984741211,10.170000076293945,10.079999923706055,10.170000076293945,0,0.0,0.0
2023-06-21 10:30:00-04:00,10.170000076293945,10.175200462341309,10.119999885559082,10.140700340270996,33561,0.0,0.0
2023-06-21 11:30:00-04:00,10.149999618530273,10.180000305175781,10.149999618530273,10.154999732971191,13857,0.0,0.0
2023-06-21 12:30:00-04:00,10.154999732971191,10.154999732971191,10.135000228881836,10.135000228881836,2346,0.0,0.0
2023-06-21 13:30:00-04:00,10.149999618530273,10.15999984741211,10.149999618530273,10.15999984741211,438,0.0,0.0
2023-06-21 14:30:00-04:00,10.1850004196167,10.1850004196167,10.170000076293945,10.170000076293945,14128,0.0,0.0
2023-06-21 15:30:00-04:00,10.164999961853027,10.164999961853027,10.140000343322754,10.140000343322754,1025,0.0,0.0
2023-06-22 09:30:00-04:00,10.119999885559082,10.145000457763672,10.079999923706055,10.145000457763672,0,0.0,0.0
2023-06-22 10:30:00-04:00,10.145000457763672,10.15999984741211,10.144499778747559,10.15999984741211,3507,0.0,0.0
2023-06-22 11:30:00-04:00,10.1899995803833,10.3149995803833,10.1899995803833,10.3100004196167,19630,0.0,0.0
2023-06-22 12:30:00-04:00,10.3100004196167,10.380000114440918,10.270000457763672,10.319999694824219,26415,0.0,0.0
2023-06-22 13:30:00-04:00,10.3100004196167,10.31879997253418,10.300000190734863,10.305000305175781,7805,0.0,0.0
2023-06-22 14:30:00-04:00,10.3100004196167,10.376199722290039,10.3100004196167,10.369999885559082,27037,0.0,0.0
2023-06-22 15:30:00-04:00,10.369999885559082,10.380000114440918,10.345000267028809,10.380000114440918,2752,0.0,0.0
2023-06-23 09:30:00-04:00,10.390000343322754,10.430000305175781,10.350700378417969,10.369999885559082,9096,0.0,0.0
2023-06-23 10:30:00-04:00,10.364999771118164,10.364999771118164,10.329999923706055,10.34000015258789,6681,0.0,0.0
2023-06-23 11:30:00-04:00,10.34000015258789,10.359999656677246,10.335000038146973,10.359999656677246,25265,0.0,0.0
2023-06-23 12:30:00-04:00,10.359999656677246,10.369999885559082,10.34000015258789,10.350000381469727,17082,0.0,0.0
2023-06-23 13:30:00-04:00,10.350000381469727,10.353500366210938,10.319999694824219,10.319999694824219,27427,0.0,0.0
2023-06-23 14:30:00-04:00,10.3100004196167,10.319999694824219,10.289999961853027,10.3100004196167,4914,0.0,0.0
2023-06-23 15:30:00-04:00,10.3100004196167,10.3100004196167,10.210000038146973,10.260000228881836,13726,0.0,0.0
2023-06-26 09:30:00-04:00,10.199999809265137,10.3100004196167,10.199999809265137,10.300000190734863,0,0.0,0.0
2023-06-26 10:30:00-04:00,10.289999961853027,10.289999961853027,10.194999694824219,10.199999809265137,25050,0.0,0.0
2023-06-26 11:30:00-04:00,10.199999809265137,10.210000038146973,10.180000305175781,10.180000305175781,5475,0.0,0.0
2023-06-26 12:30:00-04:00,10.180000305175781,10.1899995803833,10.15999984741211,10.1899995803833,5256,0.0,0.0
2023-06-26 13:30:00-04:00,10.1899995803833,10.1899995803833,10.119999885559082,10.119999885559082,22634,0.0,0.0
2023-06-26 14:30:00-04:00,10.119999885559082,10.210000038146973,10.119999885559082,10.210000038146973,16451,0.0,0.0
2023-06-26 15:30:00-04:00,10.17140007019043,10.260000228881836,10.17140007019043,10.255000114440918,25121,0.0,0.0
2023-06-27 09:30:00-04:00,10.25,10.34000015258789,10.25,10.34000015258789,3417,0.0,0.0
2023-06-27 10:30:00-04:00,10.329999923706055,10.34000015258789,10.289999961853027,10.289999961853027,7434,0.0,0.0
2023-06-27 11:30:00-04:00,10.300000190734863,10.300000190734863,10.279999732971191,10.300000190734863,4715,0.0,0.0
2023-06-27 12:30:00-04:00,10.319999694824219,10.329999923706055,10.302900314331055,10.319999694824219,4452,0.0,0.0
2023-06-27 13:30:00-04:00,10.319999694824219,10.319999694824219,10.289999961853027,10.300000190734863,16824,0.0,0.0
2023-06-27 14:30:00-04:00,10.290599822998047,10.300000190734863,10.229999542236328,10.25,10037,0.0,0.0
2023-06-27 15:30:00-04:00,10.25,10.289999961853027,10.25,10.279999732971191,27202,0.0,0.0
2023-06-28 09:30:00-04:00,10.25,10.34000015258789,10.25,10.289999961853027,10462,0.0,0.0
2023-06-28 10:30:00-04:00,10.280400276184082,10.329999923706055,10.279999732971191,10.3100004196167,7849,0.0,0.0
2023-06-28 11:30:00-04:00,10.3100004196167,10.319999694824219,10.270000457763672,10.300000190734863,16293,0.0,0.0
2023-06-28 12:30:00-04:00,10.270000457763672,10.289999961853027,10.260000228881836,10.289999961853027,13391,0.0,0.0
2023-06-28 13:30:00-04:00,10.270000457763672,10.293899536132812,10.260000228881836,10.293899536132812,11471,0.0,0.0
2023-06-28 14:30:00-04:00,10.29990005493164,10.3100004196167,10.270000457763672,10.3100004196167,31077,0.0,0.0
2023-06-28 15:30:00-04:00,10.329999923706055,10.34000015258789,10.319999694824219,10.329999923706055,8573,0.0,0.0
2023-06-29 09:30:00-04:00,10.300000190734863,10.300000190734863,10.199999809265137,10.239999771118164,13823,0.0,0.0
2023-06-29 10:30:00-04:00,10.279999732971191,10.279999732971191,10.199999809265137,10.270000457763672,6206,0.0,0.0
2023-06-29 11:30:00-04:00,10.270000457763672,10.270000457763672,10.119999885559082,10.1899995803833,69238,0.0,0.0
2023-06-29 12:30:00-04:00,10.1899995803833,10.210000038146973,10.1899995803833,10.210000038146973,1598,0.0,0.0
2023-06-29 13:30:00-04:00,10.18340015411377,10.199999809265137,10.149999618530273,10.15999984741211,18498,0.0,0.0
2023-06-29 14:30:00-04:00,10.15999984741211,10.199999809265137,10.15999984741211,10.180000305175781,4587,0.0,0.0
2023-06-29 15:30:00-04:00,10.15999984741211,10.180000305175781,10.149999618530273,10.180000305175781,1580,0.0,0.0
2023-06-30 09:30:00-04:00,10.170000076293945,10.260000228881836,10.170000076293945,10.260000228881836,22601,0.0,0.0
2023-06-30 10:30:00-04:00,10.260000228881836,10.264699935913086,10.1899995803833,10.229999542236328,23806,0.0,0.0
2023-06-30 11:30:00-04:00,10.210000038146973,10.234999656677246,10.210000038146973,10.210000038146973,5562,0.0,0.0
2023-06-30 12:30:00-04:00,10.210000038146973,10.25,10.210000038146973,10.24470043182373,12910,0.0,0.0
2023-06-30 13:30:00-04:00,10.229999542236328,10.239999771118164,10.15999984741211,10.1850004196167,14472,0.0,0.0
2023-06-30 14:30:00-04:00,10.180000305175781,10.210000038146973,10.180000305175781,10.199999809265137,8905,0.0,0.0
2023-06-30 15:30:00-04:00,10.1899995803833,10.220000267028809,10.180000305175781,10.210000038146973,17129,0.0,0.0
2023-07-03 09:30:00-04:00,10.279999732971191,10.279999732971191,10.0600004196167,10.25,0,0.0,0.0
2023-07-03 10:30:00-04:00,10.25,10.25,10.199999809265137,10.199999809265137,4176,0.0,0.0
2023-07-03 11:30:00-04:00,10.227999687194824,10.243200302124023,10.199999809265137,10.243200302124023,9757,0.0,0.0
2023-07-05 09:30:00-04:00,10.229999542236328,10.239999771118164,10.15999984741211,10.210200309753418,0,0.0,0.0
2023-07-05 10:30:00-04:00,10.220100402832031,10.234999656677246,10.210000038146973,10.210000038146973,23384,0.0,0.0
2023-07-05 11:30:00-04:00,10.220000267028809,10.220000267028809,10.210000038146973,10.220000267028809,9616,0.0,0.0
2023-07-05 12:30:00-04:00,10.210000038146973,10.239999771118164,10.210000038146973,10.229999542236328,16682,0.0,0.0
2023-07-05 13:30:00-04:00,10.220000267028809,10.229999542236328,10.220000267028809,10.229999542236328,3913,0.0,0.0
2023-07-05 14:30:00-04:00,10.23900032043457,10.239999771118164,10.220000267028809,10.229999542236328,9304,0.0,0.0
2023-07-05 15:30:00-04:00,10.229999542236328,10.239999771118164,10.210000038146973,10.229999542236328,7425,0.0,0.0
2023-07-06 09:30:00-04:00,10.199999809265137,10.199999809265137,10.010000228881836,10.029999732971191,0,0.0,0.0
2023-07-06 10:30:00-04:00,10.050000190734863,10.050000190734863,9.90999984741211,9.979999542236328,35309,0.0,0.0
2023-07-06 11:30:00-04:00,9.975000381469727,9.975000381469727,9.925000190734863,9.9399995803833,17604,0.0,0.0
2023-07-06 12:30:00-04:00,9.949999809265137,10.010000228881836,9.94849967956543,10.005000114440918,7374,0.0,0.0
2023-07-06 13:30:00-04:00,10.005000114440918,10.010000228881836,9.970199584960938,9.970199584960938,4631,0.0,0.0
2023-07-06 14:30:00-04:00,9.994999885559082,10.020000457763672,9.994999885559082,10.010000228881836,5640,0.0,0.0
2023-07-06 15:30:00-04:00,10.010000228881836,10.100000381469727,10.0,10.079999923706055,29226,0.0,0.0
2023-07-07 09:30:00-04:00,10.069999694824219,10.119999885559082,10.069999694824219,10.119999885559082,3908,0.0,0.0
2023-07-07 10:30:00-04:00,10.109999656677246,10.177200317382812,10.109999656677246,10.15999984741211,15028,0.0,0.0
2023-07-07 11:30:00-04:00,10.166899681091309,10.1899995803833,10.149999618530273,10.1899995803833,10549,0.0,0.0
2023-07-07 12:30:00-04:00,10.171600341796875,10.1899995803833,10.130000114440918,10.149999618530273,9460,0.0,0.0
2023-07-07 13:30:00-04:00,10.154999732971191,10.170000076293945,10.119999885559082,10.158499717712402,35857,0.0,0.0
2023-07-07 14:30:00-04:00,10.149999618530273,10.182000160217285,10.149999618530273,10.180000305175781,5956,0.0,0.0
2023-07-07 15:30:00-04:00,10.180000305175781,10.1899995803833,10.154999732971191,10.15999984741211,4069,0.0,0.0
2023-07-10 09:30:00-04:00,10.220000267028809,10.249899864196777,10.170000076293945,10.239999771118164,7773,0.0,0.0
2023-07-10 10:30:00-04:00,10.239999771118164,10.239999771118164,10.210000038146973,10.239999771118164,3947,0.0,0.0
2023-07-10 11:30:00-04:00,10.239999771118164,10.289999961853027,10.239999771118164,10.289999961853027,20311,0.0,0.0
2023-07-10 12:30:00-04:00,10.300000190734863,10.319999694824219,10.289999961853027,10.319999694824219,12436,0.0,0.0
2023-07-10 13:30:00-04:00,10.329999923706055,10.329999923706055,10.295000076293945,10.295000076293945,5465,0.0,0.0
2023-07-10 14:30:00-04:00,10.300800323486328,10.3149995803833,10.282500267028809,10.3149995803833,9910,0.0,0.0
2023-07-10 15:30:00-04:00,10.319999694824219,10.329999923706055,10.289999961853027,10.329999923706055,8386,0.0,0.0
2023-07-11 09:30:00-04:00,10.300000190734863,10.329999923706055,10.260000228881836,10.29580020904541,0,0.0,0.0
2023-07-11 10:30:00-04:00,10.319999694824219,10.319999694824219,10.289999961853027,10.3100004196167,2494,0.0,0.0
2023-07-11 11:30:00-04:00,10.295499801635742,10.3100004196167,10.295499801635742,10.3100004196167,5005,0.0,0.0
2023-07-11 12:30:00-04:00,10.309000015258789,10.319999694824219,10.300000190734863,10.319999694824219,7187,0.0,0.0
2023-07-11 13:30:00-04:00,10.300000190734863,10.329999923706055,10.300000190734863,10.3100004196167,3763,0.0,0.0
2023-07-11 14:30:00-04:00,10.308699607849121,10.319999694824219,10.28499984741211,10.300000190734863,14729,0.0,0.0
2023-07-11 15:30:00-04:00,10.300000190734863,10.34000015258789,10.300000190734863,10.305000305175781,5164,0.0,0.0
2023-07-12 09:30:00-04:00,10.350000381469727,10.350000381469727,10.300000190734863,10.319999694824219,0,0.0,0.0
2023-07-12 10:30:00-04:00,10.31029987335205,10.3233003616333,10.31029987335205,10.3233003616333,1639,0.0,0.0
2023-07-12 11:30:00-04:00,10.324999809265137,10.34000015258789,10.31149959564209,10.31149959564209,6112,0.0,0.0
2023-07-12 12:30:00-04:00,10.34000015258789,10.350000381469727,10.329999923706055,10.34000015258789,4870,0.0,0.0
2023-07-12 13:30:00-04:00,10.331700325012207,10.350000381469727,10.329999923706055,10.34000015258789,4845,0.0,0.0
2023-07-12 14:30:00-04:00,10.34000015258789,10.364999771118164,10.34000015258789,10.359999656677246,7311,0.0,0.0
2023-07-12 15:30:00-04:00,10.359999656677246,10.380000114440918,10.34000015258789,10.34000015258789,3859,0.0,0.0
2023-07-13 09:30:00-04:00,10.329999923706055,10.359999656677246,10.329999923706055,10.359999656677246,15883,0.0,0.0
2023-07-13 10:30:00-04:00,10.369999885559082,10.390000343322754,10.343899726867676,10.343899726867676,6761,0.0,0.0
2023-07-13 11:30:00-04:00,10.354999542236328,10.359999656677246,10.350000381469727,10.350000381469727,12825,0.0,0.0
2023-07-13 12:30:00-04:00,10.350000381469727,10.3725004196167,10.350000381469727,10.3725004196167,3511,0.0,0.0
2023-07-13 13:30:00-04:00,10.369999885559082,10.369999885559082,10.369999885559082,10.369999885559082,154,0.0,0.0
2023-07-13 14:30:00-04:00,10.380000114440918,10.389900207519531,10.369999885559082,10.380000114440918,4106,0.0,0.0
2023-07-13 15:30:00-04:00,10.380000114440918,10.390000343322754,10.375,10.390000343322754,13832,0.0,0.0
2023-07-14 09:30:00-04:00,10.420000076293945,10.4399995803833,10.369999885559082,10.40999984741211,0,0.0,0.0
2023-07-14 10:30:00-04:00,10.430000305175781,10.430000305175781,10.362099647521973,10.38010025024414,11457,0.0,0.0
2023-07-14 11:30:00-04:00,10.399999618530273,10.399999618530273,10.380000114440918,10.399999618530273,26027,0.0,0.0
2023-07-14 12:30:00-04:00,10.380000114440918,10.382699966430664,10.380000114440918,10.380000114440918,11983,0.0,0.0
2023-07-14 13:30:00-04:00,10.385000228881836,10.385000228881836,10.380000114440918,10.380000114440918,7586,0.0,0.0
2023-07-14 14:30:00-04:00,10.380000114440918,10.390000343322754,10.380000114440918,10.380000114440918,7761,0.0,0.0
2023-07-14 15:30:00-04:00,10.38599967956543,10.390000343322754,10.380000114440918,10.390000343322754,4662,0.0,0.0
2023-07-17 09:30:00-04:00,10.430000305175781,10.430000305175781,10.404999732971191,10.40999984741211,0,0.0,0.0
2023-07-17 10:30:00-04:00,10.40999984741211,10.40999984741211,10.407400131225586,10.407400131225586,1397,0.0,0.0
2023-07-17 11:30:00-04:00,10.404999732971191,10.449999809265137,10.404999732971191,10.422599792480469,15364,0.0,0.0
2023-07-17 12:30:00-04:00,10.42199993133545,10.430000305175781,10.420599937438965,10.430000305175781,805,0.0,0.0
2023-07-17 13:30:00-04:00,10.420000076293945,10.420000076293945,10.399999618530273,10.419400215148926,1937,0.0,0.0
2023-07-17 14:30:00-04:00,10.400099754333496,10.414299964904785,10.400099754333496,10.40999984741211,1922,0.0,0.0
2023-07-17 15:30:00-04:00,10.400400161743164,10.420000076293945,10.400400161743164,10.414999961853027,1962,0.0,0.0
2023-07-18 09:30:00-04:00,10.430000305175781,10.479999542236328,10.430000305175781,10.479999542236328,0,0.0,0.0
2023-07-18 10:30:00-04:00,10.479999542236328,10.479999542236328,10.46500015258789,10.474599838256836,3096,0.0,0.0
2023-07-18 11:30:00-04:00,10.46500015258789,10.46500015258789,10.4399995803833,10.4399995803833,5174,0.0,0.0
2023-07-18 12:30:00-04:00,10.4399995803833,10.4399995803833,10.4350004196167,10.439900398254395,3556,0.0,0.0
2023-07-18 13:30:00-04:00,10.4350004196167,10.4350004196167,10.420000076293945,10.420000076293945,5359,0.0,0.0
2023-07-18 14:30:00-04:00,10.418100357055664,10.420000076293945,10.369999885559082,10.369999885559082,4112,0.0,0.0
2023-07-18 15:30:00-04:00,10.373200416564941,10.390000343322754,10.369999885559082,10.369999885559082,4393,0.0,0.0
2023-07-19 09:30:00-04:00,10.420000076293945,10.470000267028809,10.388699531555176,10.470000267028809,0,0.0,0.0
2023-07-19 10:30:00-04:00,10.470000267028809,10.470000267028809,10.435500144958496,10.460000038146973,784,0.0,0.0
2023-07-19 11:30:00-04:00,10.45479965209961,10.460000038146973,10.399999618530273,10.399999618530273,15857,0.0,0.0
2023-07-19 13:30:00-04:00,10.420000076293945,10.4399995803833,10.390000343322754,10.399999618530273,9479,0.0,0.0
2023-07-19 14:30:00-04:00,10.417699813842773,10.417699813842773,10.399999618530273,10.400199890136719,4062,0.0,0.0
2023-07-19 15:30:00-04:00,10.430000305175781,10.430000305175781,10.399999618530273,10.399999618530273,1150,0.0,0.0
2023-07-20 09:30:00-04:00,10.399999618530273,10.399999618530273,10.399999618530273,10.399999618530273,0,0.0,0.0
2023-07-20 10:30:00-04:00,10.386500358581543,10.420000076293945,10.386500358581543,10.390000343322754,6320,0.0,0.0
2023-07-20 12:30:00-04:00,10.390000343322754,10.390000343322754,10.390000343322754,10.390000343322754,0,0.0,0.0
2023-07-20 13:30:00-04:00,10.380000114440918,10.380000114440918,10.34000015258789,10.34000015258789,18609,0.0,0.0
2023-07-20 14:30:00-04:00,10.350000381469727,10.382200241088867,10.350000381469727,10.350000381469727,2502,0.0,0.0
2023-07-20 15:30:00-04:00,10.350000381469727,10.350000381469727,10.34000015258789,10.34000015258789,2058,0.0,0.0
2023-07-21 09:30:00-04:00,10.34000015258789,10.380000114440918,10.295299530029297,10.34000015258789,15226,0.0,0.0
2023-07-21 10:30:00-04:00,10.390000343322754,10.390000343322754,10.390000343322754,10.390000343322754,600,0.0,0.0
2023-07-21 11:30:00-04:00,10.399999618530273,10.428899765014648,10.359999656677246,10.385000228881836,6786,0.0,0.0
2023-07-21 12:30:00-04:00,10.369999885559082,10.420000076293945,10.369999885559082,10.419699668884277,9377,0.0,0.0
2023-07-21 13:30:00-04:00,10.414999961853027,10.425000190734863,10.40999984741211,10.420000076293945,4404,0.0,0.0
2023-07-21 14:30:00-04:00,10.429200172424316,10.429200172424316,10.420000076293945,10.420000076293945,5315,0.0,0.0
2023-07-21 15:30:00-04:00,10.40999984741211,10.40999984741211,10.350000381469727,10.350000381469727,3243,0.0,0.0
2023-07-24 09:30:00-04:00,10.350000381469727,10.375,10.3100004196167,10.3100004196167,45323,0.0,0.0
2023-07-24 10:30:00-04:00,10.31820011138916,10.31820011138916,10.260000228881836,10.260000228881836,16971,0.0,0.0
2023-07-24 11:30:00-04:00,10.260000228881836,10.260000228881836,10.210000038146973,10.239999771118164,14582,0.0,0.0
2023-07-24 12:30:00-04:00,10.210000038146973,10.239999771118164,10.210000038146973,10.229999542236328,10914,0.0,0.0
2023-07-24 13:30:00-04:00,10.229999542236328,10.237000465393066,10.199999809265137,10.229999542236328,16052,0.0,0.0
2023-07-24 14:30:00-04:00,10.20009994506836,10.229999542236328,10.199999809265137,10.199999809265137,7711,0.0,0.0
2023-07-24 15:30:00-04:00,10.210000038146973,10.211400032043457,10.170000076293945,10.1899995803833,17988,0.0,0.0
2023-07-25 09:30:00-04:00,10.210000038146973,10.270000457763672,10.199999809265137,10.260000228881836,0,0.0,0.0
2023-07-25 10:30:00-04:00,10.239999771118164,10.264699935913086,10.199999809265137,10.234999656677246,22151,0.0,0.0
2023-07-25 11:30:00-04:00,10.244999885559082,10.245499610900879,10.239999771118164,10.245499610900879,4260,0.0,0.0
2023-07-25 12:30:00-04:00,10.244999885559082,10.260000228881836,10.244999885559082,10.252599716186523,8566,0.0,0.0
2023-07-25 13:30:00-04:00,10.25,10.25,10.25,10.25,990,0.0,0.0
2023-07-25 14:30:00-04:00,10.25,10.260000228881836,10.234999656677246,10.25,10059,0.0,0.0
2023-07-25 15:30:00-04:00,10.25,10.25,10.15999984741211,10.170000076293945,16667,0.0,0.0
2023-07-26 09:30:00-04:00,10.1899995803833,10.214699745178223,10.160099983215332,10.194999694824219,0,0.0,0.0
2023-07-26 10:30:00-04:00,10.204999923706055,10.220000267028809,10.204999923706055,10.220000267028809,5212,0.0,0.0
2023-07-26 11:30:00-04:00,10.220000267028809,10.25,10.220000267028809,10.234999656677246,4822,0.0,0.0
2023-07-26 12:30:00-04:00,10.229999542236328,10.229999542236328,10.220000267028809,10.222999572753906,9981,0.0,0.0
2023-07-26 13:30:00-04:00,10.220000267028809,10.227499961853027,10.220000267028809,10.220000267028809,7937,0.0,0.0
2023-07-26 14:30:00-04:00,10.220000267028809,10.234999656677246,10.220000267028809,10.229999542236328,7856,0.0,0.0
2023-07-26 15:30:00-04:00,10.220000267028809,10.221199989318848,10.180000305175781,10.180000305175781,7103,0.0,0.0
2023-07-27 09:30:00-04:00,10.199999809265137,10.199999809265137,10.160900115966797,10.178299903869629,0,0.0,0.0
2023-07-27 10:30:00-04:00,10.180000305175781,10.210000038146973,10.170000076293945,10.189499855041504,7225,0.0,0.0
2023-07-27 11:30:00-04:00,10.180000305175781,10.1899995803833,10.109999656677246,10.170000076293945,42421,0.0,0.0
2023-07-27 12:30:00-04:00,10.170000076293945,10.170000076293945,10.15999984741211,10.170000076293945,18026,0.0,0.0
2023-07-27 13:30:00-04:00,10.170000076293945,10.204999923706055,10.170000076293945,10.180000305175781,13053,0.0,0.0
2023-07-27 14:30:00-04:00,10.180000305175781,10.199999809265137,10.180000305175781,10.180000305175781,22986,0.0,0.0
2023-07-27 15:30:00-04:00,10.175000190734863,10.180000305175781,10.130000114440918,10.130000114440918,8562,0.0,0.0
2023-07-28 09:30:00-04:00,10.229999542236328,10.29419994354248,10.199999809265137,10.279999732971191,0,0.0,0.0
2023-07-28 10:30:00-04:00,10.309800148010254,10.329999923706055,10.300000190734863,10.329999923706055,8759,0.0,0.0
2023-07-28 11:30:00-04:00,10.34000015258789,10.380000114440918,10.319999694824219,10.345000267028809,16365,0.0,0.0
2023-07-28 12:30:00-04:00,10.350000381469727,10.359999656677246,10.34000015258789,10.34000015258789,11864,0.0,0.0
2023-07-28 13:30:00-04:00,10.34000015258789,10.350000381469727,10.34000015258789,10.345000267028809,4043,0.0,0.0
2023-07-28 14:30:00-04:00,10.345000267028809,10.359999656677246,10.341500282287598,10.350000381469727,11288,0.0,0.0
2023-07-28 15:30:00-04:00,10.319999694824219,10.350000381469727,10.289999961853027,10.289999961853027,9549,0.0,0.0
2023-07-31 09:30:00-04:00,10.359999656677246,10.359999656677246,10.279999732971191,10.300000190734863,0,0.0,0.0
2023-07-31 10:30:00-04:00,10.300000190734863,10.34000015258789,10.25,10.279999732971191,10727,0.0,0.0
2023-07-31 11:30:00-04:00,10.25,10.354999542236328,10.25,10.260000228881836,31055,0.0,0.0
2023-07-31 12:30:00-04:00,10.260000228881836,10.279999732971191,10.229999542236328,10.229999542236328,5286,0.0,0.0
2023-07-31 13:30:00-04:00,10.234999656677246,10.25,10.199999809265137,10.25,8161,0.0,0.0
2023-07-31 14:30:00-04:00,10.239999771118164,10.260000228881836,10.239999771118164,10.25,3437,0.0,0.0
2023-07-31 15:30:00-04:00,10.25,10.289999961853027,10.25,10.265000343322754,4682,0.0,0.0
2023-08-01 09:30:00-04:00,10.3100004196167,10.40999984741211,10.239999771118164,10.265000343322754,0,0.0,0.0
2023-08-01 10:30:00-04:00,10.25,10.264200210571289,10.1899995803833,10.1899995803833,9000,0.0,0.0
2023-08-01 11:30:00-04:00,10.245699882507324,10.245699882507324,10.1899995803833,10.1899995803833,18719,0.0,0.0
2023-08-01 12:30:00-04:00,10.213399887084961,10.222999572753906,10.1850004196167,10.1899995803833,10682,0.0,0.0
2023-08-01 13:30:00-04:00,10.1899995803833,10.199999809265137,10.180000305175781,10.192899703979492,5652,0.0,0.0
2023-08-01 14:30:00-04:00,10.1899995803833,10.2052001953125,10.1899995803833,10.1899995803833,6653,0.0,0.0
2023-08-01 15:30:00-04:00,10.1899995803833,10.1899995803833,10.149999618530273,10.149999618530273,5745,0.0,0.0
2023-08-02 09:30:00-04:00,10.15999984741211,10.199999809265137,10.136300086975098,10.140600204467773,0,0.0,0.0
2023-08-02 10:30:00-04:00,10.154999732971191,10.170000076293945,10.12600040435791,10.140000343322754,3084,0.0,0.0
2023-08-02 11:30:00-04:00,10.130000114440918,10.140000343322754,10.069999694824219,10.079999923706055,13370,0.0,0.0
2023-08-02 12:30:00-04:00,10.079999923706055,10.114100456237793,10.079999923706055,10.095000267028809,5277,0.0,0.0
2023-08-02 13:30:00-04:00,10.10420036315918,10.119999885559082,10.085000038146973,10.104999542236328,17820,0.0,0.0
2023-08-02 14:30:00-04:00,10.09000015258789,10.109999656677246,10.09000015258789,10.100000381469727,8951,0.0,0.0
2023-08-02 15:30:00-04:00,10.100000381469727,10.119999885559082,10.100000381469727,10.100000381469727,5670,0.0,0.0
2023-08-03 09:30:00-04:00,10.029999732971191,10.050000190734863,10.0,10.010000228881836,0,0.0,0.0
2023-08-03 10:30:00-04:00,10.010000228881836,10.039999961853027,10.0,10.021699905395508,10594,0.0,0.0
2023-08-03 11:30:00-04:00,10.0,10.050000190734863,10.0,10.039999961853027,38961,0.0,0.0
2023-08-03 12:30:00-04:00,10.029999732971191,10.03950023651123,10.0,10.015000343322754,8507,0.0,0.0
2023-08-03 13:30:00-04:00,10.015000343322754,10.015000343322754,10.0,10.0,6899,0.0,0.0
2023-08-03 14:30:00-04:00,10.010000228881836,10.039999961853027,10.010000228881836,10.020000457763672,22116,0.0,0.0
2023-08-03 15:30:00-04:00,10.029999732971191,10.029999732971191,10.0,10.020000457763672,7025,0.0,0.0
2023-08-04 09:30:00-04:00,10.050000190734863,10.09000015258789,10.030599594116211,10.09000015258789,0,0.0,0.0
2023-08-04 10:30:00-04:00,10.071000099182129,10.140000343322754,10.071000099182129,10.140000343322754,3009,0.0,0.0
2023-08-04 11:30:00-04:00,10.114999771118164,10.114999771118164,10.0600004196167,10.081700325012207,13967,0.0,0.0
2023-08-04 12:30:00-04:00,10.0600004196167,10.0625,10.010000228881836,10.010000228881836,16460,0.0,0.0
2023-08-04 13:30:00-04:00,10.0600004196167,10.0600004196167,10.041500091552734,10.045000076293945,1284,0.0,0.0
2023-08-04 14:30:00-04:00,10.045000076293945,10.09060001373291,10.039999961853027,10.0600004196167,10077,0.0,0.0
2023-08-04 15:30:00-04:00,10.0600004196167,10.079999923706055,10.0600004196167,10.074999809265137,5031,0.0,0.0
2023-08-07 09:30:00-04:00,10.069999694824219,10.085000038146973,10.069999694824219,10.069999694824219,0,0.0,0.0
2023-08-07 10:30:00-04:00,10.100000381469727,10.100000381469727,10.050000190734863,10.074999809265137,11682,0.0,0.0
2023-08-07 11:30:00-04:00,10.079999923706055,10.079999923706055,10.010000228881836,10.079999923706055,21461,0.0,0.0
2023-08-07 12:30:00-04:00,10.079999923706055,10.079999923706055,10.020000457763672,10.029999732971191,14559,0.0,0.0
2023-08-07 13:30:00-04:00,10.010000228881836,10.023799896240234,10.0,10.023799896240234,4268,0.0,0.0
2023-08-07 14:30:00-04:00,10.02280044555664,10.029899597167969,9.994999885559082,10.010000228881836,6926,0.0,0.0
2023-08-07 15:30:00-04:00,10.0,10.006199836730957,9.979999542236328,10.0,15681,0.0,0.0
2023-08-08 09:30:00-04:00,10.010000228881836,10.100000381469727,10.010000228881836,10.0600004196167,0,0.0,0.0
2023-08-08 10:30:00-04:00,10.0600004196167,10.0600004196167,9.998100280761719,10.020000457763672,6043,0.0,0.0
2023-08-08 11:30:00-04:00,10.020000457763672,10.068599700927734,10.020000457763672,10.029999732971191,4108,0.0,0.0
2023-08-08 12:30:00-04:00,10.042499542236328,10.042499542236328,10.010000228881836,10.024999618530273,974,0.0,0.0
2023-08-08 13:30:00-04:00,10.024999618530273,10.024999618530273,10.0,10.0,1070,0.0,0.0
2023-08-08 14:30:00-04:00,10.013799667358398,10.035599708557129,10.0,10.025899887084961,2728,0.0,0.0
2023-08-08 15:30:00-04:00,10.019399642944336,10.019399642944336,9.979999542236328,9.994999885559082,6421,0.0,0.0
2023-08-09 09:30:00-04:00,10.0,10.0600004196167,9.920000076293945,10.015000343322754,9539,0.0,0.0
2023-08-09 10:30:00-04:00,10.010000228881836,10.01990032196045,10.0,10.00220012664795,8566,0.0,0.0
2023-08-09 11:30:00-04:00,10.010000228881836,10.013999938964844,9.949999809265137,10.0,10271,0.0,0.0
2023-08-09 12:30:00-04:00,10.005000114440918,10.008899688720703,9.949999809265137,9.960000038146973,12826,0.0,0.0
2023-08-09 13:30:00-04:00,9.971799850463867,9.971799850463867,9.960000038146973,9.970000267028809,5395,0.0,0.0
2023-08-09 14:30:00-04:00,9.979999542236328,9.989999771118164,9.949999809265137,9.979999542236328,14928,0.0,0.0
2023-08-09 15:30:00-04:00,9.975000381469727,9.979999542236328,9.949999809265137,9.949999809265137,3761,0.0,0.0
2023-08-10 09:30:00-04:00,9.9399995803833,10.008999824523926,9.9399995803833,10.008999824523926,5603,0.0,0.0
2023-08-10 10:30:00-04:00,10.005000114440918,10.024200439453125,10.005000114440918,10.024200439453125,7189,0.0,0.0
2023-08-10 11:30:00-04:00,9.989999771118164,10.023500442504883,9.989999771118164,10.020000457763672,8772,0.0,0.0
2023-08-10 12:30:00-04:00,10.020000457763672,10.020000457763672,10.010000228881836,10.010000228881836,18398,0.0,0.0
2023-08-10 13:30:00-04:00,10.010000228881836,10.018500328063965,9.979999542236328,9.979999542236328,20263,0.0,0.0
2023-08-10 14:30:00-04:00,9.984999656677246,9.986300468444824,9.979999542236328,9.984999656677246,5805,0.0,0.0
2023-08-10 15:30:00-04:00,9.984999656677246,9.989999771118164,9.979999542236328,9.984999656677246,18567,0.0,0.0
2023-08-11 09:30:00-04:00,9.930000305175781,9.979999542236328,9.92549991607666,9.949999809265137,0,0.0,0.0
2023-08-11 10:30:00-04:00,9.949999809265137,9.960000038146973,9.930000305175781,9.9399995803833,15779,0.0,0.0
2023-08-11 11:30:00-04:00,9.9399995803833,9.960000038146973,9.920000076293945,9.947500228881836,9235,0.0,0.0
2023-08-11 12:30:00-04:00,9.9399995803833,10.0,9.9399995803833,10.0,14889,0.0,0.0
2023-08-11 13:30:00-04:00,10.0,10.010000228881836,9.970000267028809,9.975000381469727,6089,0.0,0.0
2023-08-11 14:30:00-04:00,9.970100402832031,9.977499961853027,9.970100402832031,9.974300384521484,1612,0.0,0.0
2023-08-11 15:30:00-04:00,9.970000267028809,9.979999542236328,9.920000076293945,9.920000076293945,20171,0.0,0.0
2023-08-14 09:30:00-04:00,9.949999809265137,9.979999542236328,9.920000076293945,9.949999809265137,0,0.0,0.0
2023-08-14 10:30:00-04:00,9.949999809265137,9.979999542236328,9.949999809265137,9.960000038146973,3909,0.0,0.0
2023-08-14 11:30:00-04:00,9.960000038146973,9.979999542236328,9.954400062561035,9.979999542236328,18096,0.0,0.0
2023-08-14 12:30:00-04:00,9.979999542236328,9.989999771118164,9.975000381469727,9.975000381469727,24085,0.0,0.0
2023-08-14 13:30:00-04:00,9.970000267028809,9.980799674987793,9.970000267028809,9.979999542236328,6204,0.0,0.0
2023-08-14 14:30:00-04:00,9.989999771118164,9.989999771118164,9.968099594116211,9.989999771118164,8749,0.0,0.0
2023-08-14 15:30:00-04:00,9.989999771118164,9.989999771118164,9.96500015258789,9.989999771118164,7306,0.0,0.0
2023-08-15 09:30:00-04:00,9.979999542236328,10.010000228881836,9.964699745178223,9.989999771118164,0,0.0,0.0
2023-08-15 10:30:00-04:00,9.97350025177002,9.999899864196777,9.970499992370605,9.979900360107422,12969,0.0,0.0
2023-08-15 11:30:00-04:00,9.979999542236328,10.010000228881836,9.979999542236328,9.989999771118164,13939,0.0,0.0
2023-08-15 12:30:00-04:00,10.0,10.010000228881836,9.979999542236328,10.0,13690,0.0,0.0
2023-08-15 13:30:00-04:00,10.0,10.005000114440918,10.0,10.002900123596191,4314,0.0,0.0
2023-08-15 14:30:00-04:00,10.005000114440918,10.005000114440918,9.994999885559082,10.0,4324,0.0,0.0
2023-08-15 15:30:00-04:00,10.0,10.0,9.970100402832031,9.979999542236328,4412,0.0,0.0
2023-08-16 09:30:00-04:00,10.0,10.010000228881836,9.955599784851074,10.0,16566,0.0,0.0
2023-08-16 10:30:00-04:00,10.0,10.0,10.0,10.0,0,0.0,0.0
2023-08-16 11:30:00-04:00,10.005000114440918,10.005000114440918,10.0,10.000100135803223,25363,0.0,0.0
2023-08-16 12:30:00-04:00,10.000100135803223,10.000100135803223,10.0,10.0,5417,0.0,0.0
2023-08-16 13:30:00-04:00,10.0,10.0,9.970000267028809,9.975000381469727,6997,0.0,0.0
2023-08-16 14:30:00-04:00,9.975000381469727,9.975000381469727,9.944999694824219,9.949999809265137,6988,0.0,0.0
2023-08-16 15:30:00-04:00,9.9399995803833,9.9399995803833,9.920000076293945,9.920000076293945,299,0.0,0.0
2023-08-17 09:30:00-04:00,9.930000305175781,10.010000228881836,9.930000305175781,9.989999771118164,0,0.0,0.0
2023-08-17 10:30:00-04:00,9.970000267028809,9.970000267028809,9.90999984741211,9.949999809265137,10016,0.0,0.0
2023-08-17 11:30:00-04:00,9.9399995803833,9.959099769592285,9.9399995803833,9.949999809265137,4737,0.0,0.0
2023-08-17 12:30:00-04:00,9.954999923706055,9.959799766540527,9.949999809265137,9.959799766540527,10359,0.0,0.0
2023-08-17 13:30:00-04:00,9.951000213623047,9.951000213623047,9.9399995803833,9.949999809265137,9791,0.0,0.0
2023-08-17 14:30:00-04:00,9.949999809265137,9.960000038146973,9.949999809265137,9.954999923706055,9739,0.0,0.0
2023-08-17 15:30:00-04:00,9.960000038146973,9.960000038146973,9.930000305175781,9.930000305175781,26163,0.0,0.0
2023-08-18 09:30:00-04:00,9.970000267028809,10.019000053405762,9.970000267028809,10.015000343322754,0,0.0,0.0
2023-08-18 10:30:00-04:00,10.015000343322754,10.020000457763672,10.010000228881836,10.020000457763672,3216,0.0,0.0
2023-08-18 11:30:00-04:00,10.020000457763672,10.020000457763672,9.979999542236328,9.979999542236328,10951,0.0,0.0
2023-08-18 12:30:00-04:00,10.0,10.015000343322754,10.0,10.015000343322754,1840,0.0,0.0
2023-08-18 13:30:00-04:00,10.020000457763672,10.020000457763672,10.020000457763672,10.020000457763672,2482,0.0,0.0
2023-08-18 14:30:00-04:00,10.029999732971191,10.085000038146973,10.029999732971191,10.0600004196167,16726,0.0,0.0
2023-08-18 15:30:00-04:00,10.0600004196167,10.069999694824219,9.989999771118164,10.020000457763672,18503,0.0,0.0
2023-08-21 09:30:00-04:00,10.0,10.0,9.970000267028809,9.979999542236328,0,0.0,0.0
2023-08-21 10:30:00-04:00,9.979999542236328,9.979999542236328,9.899999618530273,9.899999618530273,10761,0.0,0.0
2023-08-21 11:30:00-04:00,9.890000343322754,9.890000343322754,9.820199966430664,9.820199966430664,10192,0.0,0.0
2023-08-21 12:30:00-04:00,9.826399803161621,9.839200019836426,9.800000190734863,9.819999694824219,7157,0.0,0.0
2023-08-21 13:30:00-04:00,9.819999694824219,9.84000015258789,9.8149995803833,9.84000015258789,2494,0.0,0.0
2023-08-21 14:30:00-04:00,9.841500282287598,9.850000381469727,9.8100004196167,9.81029987335205,9578,0.0,0.0
2023-08-21 15:30:00-04:00,9.8100004196167,9.829899787902832,9.8100004196167,9.819999694824219,7429,0.0,0.0
2023-08-22 09:30:00-04:00,9.850000381469727,9.869999885559082,9.829999923706055,9.829999923706055,26723,0.0,0.0
2023-08-22 10:30:00-04:00,9.84000015258789,9.850000381469727,9.819999694824219,9.835000038146973,24889,0.0,0.0
2023-08-22 11:30:00-04:00,9.829999923706055,9.850000381469727,9.821499824523926,9.824999809265137,14596,0.0,0.0
2023-08-22 12:30:00-04:00,9.829999923706055,9.84000015258789,9.819999694824219,9.829999923706055,21586,0.0,0.0
2023-08-22 13:30:00-04:00,9.829999923706055,9.84000015258789,9.788000106811523,9.789999961853027,32808,0.0,0.0
2023-08-22 14:30:00-04:00,9.795000076293945,9.800000190734863,9.789999961853027,9.789999961853027,12443,0.0,0.0
2023-08-22 15:30:00-04:00,9.795000076293945,9.800000190734863,9.793600082397461,9.795000076293945,5087,0.0,0.0
2023-08-23 09:30:00-04:00,9.789999961853027,9.869999885559082,9.789999961853027,9.869999885559082,0,0.0,0.0
2023-08-23 10:30:00-04:00,9.875,9.913000106811523,9.869999885559082,9.904999732971191,14319,0.0,0.0
2023-08-23 11:30:00-04:00,9.899999618530273,9.899999618530273,9.79010009765625,9.819999694824219,18225,0.0,0.0
2023-08-23 12:30:00-04:00,9.819999694824219,9.865799903869629,9.79010009765625,9.865799903869629,39706,0.0,0.0
2023-08-23 13:30:00-04:00,9.859999656677246,9.859999656677246,9.859999656677246,9.859999656677246,951,0.0,0.0
2023-08-23 14:30:00-04:00,9.86299991607666,9.885000228881836,9.859999656677246,9.880000114440918,20019,0.0,0.0
2023-08-23 15:30:00-04:00,9.810999870300293,9.869999885559082,9.810999870300293,9.819999694824219,0,0.0,0.0
2023-08-24 09:30:00-04:00,9.770000457763672,9.84000015258789,9.770000457763672,9.800000190734863,15829,0.0,0.0
2023-08-24 10:30:00-04:00,9.800000190734863,9.83329963684082,9.800000190734863,9.829999923706055,14217,0.0,0.0
2023-08-24 11:30:00-04:00,9.829999923706055,9.835000038146973,9.829999923706055,9.835000038146973,1708,0.0,0.0
2023-08-24 12:30:00-04:00,9.829999923706055,9.84000015258789,9.789999961853027,9.79010009765625,12518,0.0,0.0
2023-08-24 13:30:00-04:00,9.791000366210938,9.829999923706055,9.789999961853027,9.8100004196167,10991,0.0,0.0
2023-08-24 14:30:00-04:00,9.8100004196167,9.822799682617188,9.789999961853027,9.8100004196167,5934,0.0,0.0
2023-08-24 15:30:00-04:00,9.800399780273438,9.800399780273438,9.779899597167969,9.779899597167969,5424,0.0,0.0
2023-08-25 09:30:00-04:00,9.8100004196167,9.819999694824219,9.789999961853027,9.8100004196167,0,0.0,0.0
2023-08-25 10:30:00-04:00,9.80090045928955,9.80090045928955,9.800000190734863,9.800000190734863,5638,0.0,0.0
2023-08-25 11:30:00-04:00,9.800999641418457,9.80739974975586,9.759499549865723,9.78499984741211,11115,0.0,0.0
2023-08-25 12:30:00-04:00,9.789999961853027,9.789999961853027,9.789999961853027,9.789999961853027,622,0.0,0.0
2023-08-25 13:30:00-04:00,9.789999961853027,9.7923002243042,9.789999961853027,9.7923002243042,4474,0.0,0.0
2023-08-25 14:30:00-04:00,9.789999961853027,9.790200233459473,9.78499984741211,9.789999961853027,7447,0.0,0.0
2023-08-25 15:30:00-04:00,9.789999961853027,9.789999961853027,9.779999732971191,9.779999732971191,453,0.0,0.0
2023-08-28 09:30:00-04:00,9.800000190734863,9.800000190734863,9.760000228881836,9.797900199890137,0,0.0,0.0
2023-08-28 10:30:00-04:00,9.789999961853027,9.796199798583984,9.78499984741211,9.789999961853027,5393,0.0,0.0
2023-08-28 11:30:00-04:00,9.789999961853027,9.795000076293945,9.789999961853027,9.789999961853027,3875,0.0,0.0
2023-08-28 12:30:00-04:00,9.79010009765625,9.800000190734863,9.79010009765625,9.795000076293945,3697,0.0,0.0
2023-08-28 13:30:00-04:00,9.789999961853027,9.794899940490723,9.789999961853027,9.789999961853027,4544,0.0,0.0
2023-08-28 14:30:00-04:00,9.789999961853027,9.799699783325195,9.789999961853027,9.789999961853027,6810,0.0,0.0
2023-08-28 15:30:00-04:00,9.770000457763672,9.770000457763672,9.729999542236328,9.75,23797,0.0,0.0
2023-08-29 09:30:00-04:00,9.75,9.8100004196167,9.75,9.78499984741211,0,0.0,0.0
2023-08-29 10:30:00-04:00,9.800000190734863,9.804699897766113,9.800000190734863,9.804699897766113,4716,0.0,0.0
2023-08-29 11:30:00-04:00,9.805000305175781,9.805000305175781,9.770000457763672,9.795000076293945,17562,0.0,0.0
2023-08-29 12:30:00-04:00,9.795000076293945,9.8100004196167,9.790800094604492,9.8100004196167,0,0.0,0.0
2023-08-29 13:30:00-04:00,9.8100004196167,9.819999694824219,9.789999961853027,9.789999961853027,0,0.0,0.0
2023-08-29 14:30:00-04:00,9.800000190734863,9.805000305175781,9.800000190734863,9.800000190734863,59356,0.0,0.0
2023-08-29 15:30:00-04:00,9.800000190734863,9.800000190734863,9.779999732971191,9.795000076293945,3153,0.0,0.0
2023-08-30 09:30:00-04:00,9.829999923706055,9.930000305175781,9.829999923706055,9.90999984741211,21885,0.0,0.0
2023-08-30 10:30:00-04:00,9.9197998046875,9.949899673461914,9.90999984741211,9.9399995803833,11633,0.0,0.0
2023-08-30 11:30:00-04:00,9.9399995803833,9.949999809265137,9.90999984741211,9.949999809265137,34086,0.0,0.0
2023-08-30 12:30:00-04:00,9.949999809265137,9.970000267028809,9.9399995803833,9.95009994506836,6919,0.0,0.0
2023-08-30 13:30:00-04:00,9.954999923706055,9.970000267028809,9.9399995803833,9.960000038146973,12339,0.0,0.0
2023-08-30 14:30:00-04:00,9.960000038146973,9.989999771118164,9.960000038146973,9.970000267028809,24549,0.0,0.0
2023-08-30 15:30:00-04:00,9.95009994506836,9.989999771118164,9.90999984741211,9.989999771118164,2763,0.0,0.0
2023-08-31 09:30:00-04:00,9.989999771118164,9.989999771118164,9.9399995803833,9.949999809265137,0,0.0,0.0
2023-08-31 10:30:00-04:00,9.958999633789062,9.960000038146973,9.902999877929688,9.902999877929688,8019,0.0,0.0
2023-08-31 11:30:00-04:00,9.92140007019043,9.92140007019043,9.90999984741211,9.90999984741211,7554,0.0,0.0
2023-08-31 12:30:00-04:00,9.904000282287598,9.904000282287598,9.899999618530273,9.899999618530273,4159,0.0,0.0
2023-08-31 13:30:00-04:00,9.902700424194336,9.925700187683105,9.899999618530273,9.901000022888184,1791,0.0,0.0
2023-08-31 14:30:00-04:00,9.899999618530273,9.90999984741211,9.899999618530273,9.90149974822998,2865,0.0,0.0
2023-08-31 15:30:00-04:00,9.891200065612793,9.90999984741211,9.891200065612793,9.90999984741211,2459,0.0,0.0
2023-09-01 09:30:00-04:00,9.989999771118164,9.989999771118164,9.930000305175781,9.970000267028809,0,0.0,0.0
2023-09-01 10:30:00-04:00,9.960000038146973,9.960000038146973,9.9399995803833,9.9399995803833,3100,0.0,0.0
2023-09-01 11:30:00-04:00,9.9399995803833,9.9399995803833,9.911499977111816,9.927599906921387,12594,0.0,0.0
2023-09-01 12:30:00-04:00,9.90999984741211,9.920000076293945,9.90999984741211,9.90999984741211,1762,0.0,0.0
2023-09-01 13:30:00-04:00,9.890600204467773,9.892999649047852,9.890000343322754,9.890199661254883,3595,0.0,0.0
2023-09-01 14:30:00-04:00,9.880000114440918,9.923999786376953,9.880000114440918,9.89009952545166,9124,0.0,0.0
2023-09-01 15:30:00-04:00,9.899999618530273,9.899999618530273,9.859999656677246,9.880000114440918,2489,0.0,0.0
2023-09-05 09:30:00-04:00,9.890000343322754,9.970000267028809,9.883099555969238,9.949999809265137,0,0.0,0.0
2023-09-05 10:30:00-04:00,9.9399995803833,9.949999809265137,9.914999961853027,9.9399995803833,2205,0.0,0.0
2023-09-05 11:30:00-04:00,9.914999961853027,9.949999809265137,9.88010025024414,9.920000076293945,12135,0.0,0.0
2023-09-05 12:30:00-04:00,9.9399995803833,9.949999809265137,9.899999618530273,9.9399995803833,11203,0.0,0.0
2023-09-05 13:30:00-04:00,9.914999961853027,9.914999961853027,9.89050006866455,9.899999618530273,1363,0.0,0.0
2023-09-05 14:30:00-04:00,9.892399787902832,9.892499923706055,9.869999885559082,9.885000228881836,4087,0.0,0.0
2023-09-05 15:30:00-04:00,9.899999618530273,9.90999984741211,9.899999618530273,9.899999618530273,1653,0.0,0.0
2023-09-06 09:30:00-04:00,9.890000343322754,9.890000343322754,9.868900299072266,9.868900299072266,0,0.0,0.0
2023-09-06 10:30:00-04:00,9.864999771118164,9.880000114440918,9.84000015258789,9.850000381469727,6110,0.0,0.0
2023-09-06 11:30:00-04:00,9.829999923706055,9.829999923706055,9.8100004196167,9.813799858093262,8663,0.0,0.0
2023-09-06 12:30:00-04:00,9.8149995803833,9.819999694824219,9.760000228881836,9.765000343322754,27876,0.0,0.0
2023-09-06 13:30:00-04:00,9.777099609375,9.788999557495117,9.75,9.778300285339355,17668,0.0,0.0
2023-09-06 14:30:00-04:00,9.770000457763672,9.790900230407715,9.770000457763672,9.789999961853027,4476,0.0,0.0
2023-09-06 15:30:00-04:00,9.78499984741211,9.800000190734863,9.779999732971191,9.78499984741211,5407,0.0,0.0
2023-09-07 09:30:00-04:00,9.760000228881836,9.817000389099121,9.739999771118164,9.744500160217285,0,0.0,0.0
2023-09-07 10:30:00-04:00,9.755000114440918,9.763299942016602,9.741000175476074,9.741000175476074,8357,0.0,0.0
2023-09-07 11:30:00-04:00,9.7431001663208,9.760000228881836,9.720000267028809,9.729999542236328,21164,0.0,0.0
2023-09-07 12:30:00-04:00,9.729999542236328,9.75,9.729999542236328,9.749899864196777,5264,0.0,0.0
2023-09-07 13:30:00-04:00,9.741000175476074,9.759400367736816,9.720000267028809,9.728500366210938,10818,0.0,0.0
2023-09-07 14:30:00-04:00,9.710000038146973,9.769599914550781,9.710000038146973,9.733200073242188,14638,0.0,0.0
2023-09-07 15:30:00-04:00,9.740099906921387,9.770000457763672,9.729999542236328,9.739999771118164,7869,0.0,0.0
2023-09-08 09:30:00-04:00,9.779999732971191,9.829999923706055,9.733499526977539,9.770099639892578,0,0.0,0.0
2023-09-08 11:30:00-04:00,9.819999694824219,9.819999694824219,9.750100135803223,9.789999961853027,5974,0.0,0.0
2023-09-08 12:30:00-04:00,9.774999618530273,9.774999618530273,9.725000381469727,9.725000381469727,10255,0.0,0.0
2023-09-08 13:30:00-04:00,9.729999542236328,9.759900093078613,9.65999984741211,9.710000038146973,22703,0.0,0.0
2023-09-08 14:30:00-04:00,9.710000038146973,9.73840045928955,9.70479965209961,9.73840045928955,6338,0.0,0.0
2023-09-08 15:30:00-04:00,9.729999542236328,9.729999542236328,9.694999694824219,9.699999809265137,8797,0.0,0.0
2023-09-11 09:30:00-04:00,9.739999771118164,9.779999732971191,9.729999542236328,9.779999732971191,0,0.0,0.0
2023-09-11 10:30:00-04:00,9.789999961853027,9.789999961853027,9.729999542236328,9.779999732971191,6522,0.0,0.0
2023-09-11 11:30:00-04:00,9.734000205993652,9.779999732971191,9.703700065612793,9.703700065612793,14889,0.0,0.0
2023-09-11 12:30:00-04:00,9.690699577331543,9.70419979095459,9.690699577331543,9.70419979095459,4875,0.0,0.0
2023-09-11 13:30:00-04:00,9.694999694824219,9.708399772644043,9.600000381469727,9.609999656677246,19828,0.0,0.0
2023-09-11 14:30:00-04:00,9.609999656677246,9.61989974975586,9.579999923706055,9.579999923706055,13892,0.0,0.0
2023-09-11 15:30:00-04:00,9.569999694824219,9.595600128173828,9.569999694824219,9.59000015258789,8794,0.0,0.0
2023-09-12 09:30:00-04:00,9.640000343322754,9.659000396728516,9.613200187683105,9.613200187683105,0,0.0,0.0
2023-09-12 10:30:00-04:00,9.630000114440918,9.670000076293945,9.615699768066406,9.654199600219727,17108,0.0,0.0
2023-09-12 11:30:00-04:00,9.65999984741211,9.65999984741211,9.649999618530273,9.649999618530273,10378,0.0,0.0
2023-09-12 12:30:00-04:00,9.649999618530273,9.649999618530273,9.630000114440918,9.630000114440918,6806,0.0,0.0
2023-09-12 13:30:00-04:00,9.630000114440918,9.64840030670166,9.630000114440918,9.640000343322754,8520,0.0,0.0
2023-09-12 14:30:00-04:00,9.640000343322754,9.646300315856934,9.640000343322754,9.640000343322754,1729,0.0,0.0
2023-09-12 15:30:00-04:00,9.640000343322754,9.640000343322754,9.630000114440918,9.630000114440918,3665,0.0,0.0
2023-09-13 09:30:00-04:00,9.670000076293945,9.680000305175781,9.649999618530273,9.649999618530273,0,0.0,0.0
2023-09-13 10:30:00-04:00,9.664999961853027,9.670000076293945,9.65999984741211,9.65999984741211,3984,0.0,0.0
2023-09-13 11:30:00-04:00,9.65999984741211,9.670000076293945,9.640000343322754,9.65999984741211,12193,0.0,0.0
2023-09-13 12:30:00-04:00,9.670000076293945,9.678000450134277,9.670000076293945,9.678000450134277,8964,0.0,0.0
2023-09-13 13:30:00-04:00,9.680000305175781,9.6899995803833,9.680000305175781,9.680100440979004,3803,0.0,0.0
2023-09-13 14:30:00-04:00,9.682600021362305,9.6850004196167,9.680000305175781,9.6850004196167,5551,0.0,0.0
2023-09-13 15:30:00-04:00,9.65999984741211,9.6899995803833,9.640000343322754,9.6899995803833,2081,0.0,0.0
2023-09-14 09:30:00-04:00,9.6899995803833,9.6899995803833,9.664999961853027,9.680000305175781,6709,0.0,0.0
2023-09-14 10:30:00-04:00,9.6899995803833,9.710000038146973,9.6899995803833,9.710000038146973,17993,0.0,0.0
2023-09-14 11:30:00-04:00,9.710000038146973,9.710000038146973,9.670000076293945,9.670000076293945,3698,0.0,0.0
2023-09-14 12:30:00-04:00,9.670000076293945,9.680000305175781,9.670000076293945,9.680000305175781,5576,0.0,0.0
2023-09-14 13:30:00-04:00,9.680000305175781,9.686800003051758,9.680000305175781,9.686800003051758,1969,0.0,0.0
2023-09-14 14:30:00-04:00,9.680000305175781,9.680000305175781,9.649999618530273,9.649999618530273,13142,0.0,0.0
2023-09-14 15:30:00-04:00,9.637800216674805,9.65999984741211,9.630000114440918,9.65999984741211,2997,0.0,0.0
2023-09-15 09:30:00-04:00,9.680000305175781,9.729999542236328,9.649999618530273,9.720000267028809,0,0.0,0.0
2023-09-15 10:30:00-04:00,9.720000267028809,9.75,9.720000267028809,9.739999771118164,14579,0.0,0.0
2023-09-15 11:30:00-04:00,9.734999656677246,9.734999656677246,9.699999809265137,9.720000267028809,9300,0.0,0.0
2023-09-15 12:30:00-04:00,9.704999923706055,9.729999542236328,9.6899995803833,9.720000267028809,4550,0.0,0.0
2023-09-15 13:30:00-04:00,9.720000267028809,9.720000267028809,9.680000305175781,9.6899995803833,10460,0.0,0.0
2023-09-15 14:30:00-04:00,9.694999694824219,9.710000038146973,9.680000305175781,9.694999694824219,16684,0.0,0.0
2023-09-15 15:30:00-04:00,9.694999694824219,9.699999809265137,9.670000076293945,9.699999809265137,3264,0.0,0.0
2023-09-18 09:30:00-04:00,9.720000267028809,9.739999771118164,9.670000076293945,9.720000267028809,0,0.0,0.0
2023-09-18 10:30:00-04:00,9.734999656677246,9.75,9.710000038146973,9.720000267028809,7604,0.0,0.0
2023-09-18 11:30:00-04:00,9.720000267028809,9.729999542236328,9.720000267028809,9.720100402832031,10041,0.0,0.0
2023-09-18 12:30:00-04:00,9.720000267028809,9.729999542236328,9.720000267028809,9.729999542236328,6023,0.0,0.0
2023-09-18 13:30:00-04:00,9.729999542236328,9.73550033569336,9.720000267028809,9.720000267028809,3421,0.0,0.0
2023-09-18 14:30:00-04:00,9.734999656677246,9.747900009155273,9.630000114440918,9.680000305175781,25532,0.0,0.0
2023-09-18 15:30:00-04:00,9.680000305175781,9.70419979095459,9.550000190734863,9.630000114440918,29594,0.0,0.0
2023-09-19 09:30:00-04:00,9.649999618530273,9.670000076293945,9.630000114440918,9.640000343322754,0,0.0,0.0
2023-09-19 10:30:00-04:00,9.640000343322754,9.65999984741211,9.640000343322754,9.640000343322754,11755,0.0,0.0
2023-09-19 11:30:00-04:00,9.654999732971191,9.66349983215332,9.649999618530273,9.649999618530273,6679,0.0,0.0
2023-09-19 12:30:00-04:00,9.651700019836426,9.670000076293945,9.5600004196167,9.5600004196167,33378,0.0,0.0
2023-09-19 14:30:00-04:00,9.569999694824219,9.600000381469727,9.569999694824219,9.600000381469727,11255,0.0,0.0
2023-09-19 15:30:00-04:00,9.600000381469727,9.600000381469727,9.5600004196167,9.600000381469727,28163,0.0,0.0
2023-09-20 09:30:00-04:00,9.630000114440918,9.664999961853027,9.630000114440918,9.649999618530273,9286,0.0,0.0
2023-09-20 10:30:00-04:00,9.649999618530273,9.65999984741211,9.630000114440918,9.630000114440918,11533,0.0,0.0
2023-09-20 11:30:00-04:00,9.649999618530273,9.65999984741211,9.649999618530273,9.649999618530273,5053,0.0,0.0
2023-09-20 12:30:00-04:00,9.649999618530273,9.65999984741211,9.640000343322754,9.65999984741211,10089,0.0,0.0
2023-09-20 13:30:00-04:00,9.65999984741211,9.664999961853027,9.649900436401367,9.65149974822998,6403,0.0,0.0
2023-09-20 14:30:00-04:00,9.649999618530273,9.67959976196289,9.649999618530273,9.670000076293945,7570,0.0,0.0
2023-09-20 15:30:00-04:00,9.678999900817871,9.678999900817871,9.640000343322754,9.65999984741211,2493,0.0,0.0
2023-09-21 09:30:00-04:00,9.609999656677246,9.609999656677246,9.542900085449219,9.579999923706055,0,0.0,0.0
2023-09-21 10:30:00-04:00,9.609999656677246,9.609999656677246,9.609999656677246,9.609999656677246,2748,0.0,0.0
2023-09-21 11:30:00-04:00,9.61359977722168,9.649999618530273,9.609999656677246,9.625,15399,0.0,0.0
2023-09-21 12:30:00-04:00,9.630000114440918,9.649999618530273,9.630000114440918,9.63010025024414,7696,0.0,0.0
2023-09-21 13:30:00-04:00,9.630000114440918,9.63010025024414,9.619999885559082,9.623200416564941,10915,0.0,0.0
2023-09-21 14:30:00-04:00,9.619999885559082,9.619999885559082,9.569999694824219,9.569999694824219,10436,0.0,0.0
2023-09-21 15:30:00-04:00,9.579400062561035,9.579400062561035,9.550000190734863,9.550000190734863,13200,0.0,0.0
2023-09-22 09:30:00-04:00,9.5600004196167,9.573200225830078,9.536299705505371,9.564399719238281,0,0.0,0.0
2023-09-22 10:30:00-04:00,9.5600004196167,9.622400283813477,9.550000190734863,9.600000381469727,5419,0.0,0.0
2023-09-22 11:30:00-04:00,9.614999771118164,9.65999984741211,9.614999771118164,9.65999984741211,6155,0.0,0.0
2023-09-22 12:30:00-04:00,9.65999984741211,9.661600112915039,9.65999984741211,9.65999984741211,5582,0.0,0.0
2023-09-22 13:30:00-04:00,9.65999984741211,9.680000305175781,9.65999984741211,9.680000305175781,7175,0.0,0.0
2023-09-22 14:30:00-04:00,9.680000305175781,9.682999610900879,9.649999618530273,9.649999618530273,9910,0.0,0.0
2023-09-22 15:30:00-04:00,9.645000457763672,9.645000457763672,9.630000114440918,9.630000114440918,2128,0.0,0.0
2023-09-25 09:30:00-04:00,9.59000015258789,9.610099792480469,9.5600004196167,9.579999923706055,0,0.0,0.0
2023-09-25 10:30:00-04:00,9.59000015258789,9.59000015258789,9.529999732971191,9.549200057983398,8236,0.0,0.0
2023-09-25 11:30:00-04:00,9.539999961853027,9.539999961853027,9.420000076293945,9.449999809265137,44517,0.0,0.0
2023-09-25 12:30:00-04:00,9.454999923706055,9.465399742126465,9.454999923706055,9.460000038146973,4578,0.0,0.0
2023-09-25 13:30:00-04:00,9.46500015258789,9.469400405883789,9.460000038146973,9.46310043334961,3594,0.0,0.0
2023-09-25 14:30:00-04:00,9.461000442504883,9.478899955749512,9.460000038146973,9.470000267028809,17558,0.0,0.0
2023-09-25 15:30:00-04:00,9.453300476074219,9.460000038146973,9.449999809265137,9.449999809265137,5519,0.0,0.0
2023-09-26 09:30:00-04:00,9.460000038146973,9.479999542236328,9.369999885559082,9.398699760437012,9093,0.0,0.0
2023-09-26 10:30:00-04:00,9.390000343322754,9.390000343322754,9.354900360107422,9.354900360107422,10589,0.0,0.0
2023-09-26 11:30:00-04:00,9.360600471496582,9.360600471496582,9.329999923706055,9.329999923706055,12519,0.0,0.0
2023-09-26 12:30:00-04:00,9.331700325012207,9.359999656677246,9.199999809265137,9.25,60252,0.0,0.0
2023-09-26 13:30:00-04:00,9.256099700927734,9.259900093078613,9.25,9.25,4974,0.0,0.0
2023-09-26 14:30:00-04:00,9.255900382995605,9.255999565124512,9.25,9.25,12232,0.0,0.0
2023-09-26 15:30:00-04:00,9.244999885559082,9.260000228881836,9.239999771118164,9.260000228881836,2330,0.0,0.0
2023-09-27 09:30:00-04:00,9.289999961853027,9.329899787902832,9.229999542236328,9.270000457763672,0,0.0,0.0
2023-09-27 10:30:00-04:00,9.254400253295898,9.25510025024414,9.194999694824219,9.210000038146973,15571,0.0,0.0
2023-09-27 11:30:00-04:00,9.210000038146973,9.210000038146973,9.130000114440918,9.13599967956543,18886,0.0,0.0
2023-09-27 12:30:00-04:00,9.130000114440918,9.130000114440918,8.9399995803833,9.050000190734863,86593,0.0,0.0
2023-09-27 13:30:00-04:00,9.053500175476074,9.067999839782715,9.020000457763672,9.02929973602295,26788,0.0,0.0
2023-09-27 14:30:00-04:00,9.029999732971191,9.069999694824219,9.020000457763672,9.055000305175781,21921,0.0,0.0
2023-09-27 15:30:00-04:00,9.050000190734863,9.057700157165527,8.920000076293945,8.998000144958496,56358,0.0,0.0
2023-09-28 09:30:00-04:00,9.010000228881836,9.039999961853027,8.96399974822998,9.030099868774414,0,0.0,0.0
2023-09-28 10:30:00-04:00,9.029999732971191,9.038299560546875,9.010000228881836,9.029999732971191,21561,0.0,0.0
2023-09-28 11:30:00-04:00,9.029999732971191,9.074999809265137,9.029999732971191,9.0600004196167,18626,0.0,0.0
2023-09-28 12:30:00-04:00,9.0600004196167,9.0600004196167,9.039999961853027,9.050000190734863,10166,0.0,0.0
2023-09-28 13:30:00-04:00,9.050000190734863,9.050000190734863,8.994999885559082,9.016799926757812,23581,0.0,0.0
2023-09-28 14:30:00-04:00,9.015000343322754,9.015000343322754,9.0,9.0,7045,0.0,0.0
2023-09-28 15:30:00-04:00,9.00100040435791,9.00100040435791,8.970000267028809,8.979999542236328,9626,0.0,0.0
2023-09-29 09:30:00-04:00,9.020000457763672,9.15999984741211,9.010000228881836,9.130000114440918,0,0.0,0.0
2023-09-29 10:30:00-04:00,9.135000228881836,9.145000457763672,9.119999885559082,9.119999885559082,14256,0.0,0.0
2023-09-29 11:30:00-04:00,9.109999656677246,9.119000434875488,9.085000038146973,9.109999656677246,10302,0.0,0.0
2023-09-29 12:30:00-04:00,9.110899925231934,9.140000343322754,9.057299613952637,9.057299613952637,26898,0.0,0.0
2023-09-29 13:30:00-04:00,9.06410026550293,9.119000434875488,9.06410026550293,9.100199699401855,8416,0.0,0.0
2023-09-29 14:30:00-04:00,9.106399536132812,9.114999771118164,9.09000015258789,9.109999656677246,7632,0.0,0.0
2023-09-29 15:30:00-04:00,9.109999656677246,9.149999618530273,9.100000381469727,9.149999618530273,23720,0.0,0.0
2023-10-02 09:30:00-04:00,9.149999618530273,9.220000267028809,9.149999618530273,9.220000267028809,35110,0.0,0.0
2023-10-02 10:30:00-04:00,9.25,9.270000457763672,9.197400093078613,9.199999809265137,12748,0.0,0.0
2023-10-02 11:30:00-04:00,9.194999694824219,9.199999809265137,9.140000343322754,9.15999984741211,3306,0.0,0.0
2023-10-02 12:30:00-04:00,9.154999732971191,9.170000076293945,9.140000343322754,9.144399642944336,16367,0.0,0.0
2023-10-02 13:30:00-04:00,9.109999656677246,9.115300178527832,9.107199668884277,9.115300178527832,7717,0.0,0.0
2023-10-02 14:30:00-04:00,9.095000267028809,9.095000267028809,9.0,9.029999732971191,31079,0.0,0.0
2023-10-02 15:30:00-04:00,9.029999732971191,9.039999961853027,9.020000457763672,9.029999732971191,4106,0.0,0.0
2023-10-03 09:30:00-04:00,9.0600004196167,9.100000381469727,9.036999702453613,9.09000015258789,0,0.0,0.0
2023-10-03 10:30:00-04:00,9.09000015258789,9.09000015258789,8.982000350952148,8.982000350952148,10213,0.0,0.0
2023-10-03 11:30:00-04:00,8.979999542236328,8.979999542236328,8.899999618530273,8.899999618530273,21636,0.0,0.0
2023-10-03 12:30:00-04:00,8.899999618530273,8.899999618530273,8.890000343322754,8.890000343322754,7370,0.0,0.0
2023-10-03 13:30:00-04:00,8.889900207519531,8.889900207519531,8.869999885559082,8.875,14401,0.0,0.0
2023-10-03 14:30:00-04:00,8.875,8.920000076293945,8.875,8.920000076293945,24457,0.0,0.0
2023-10-03 15:30:00-04:00,8.90999984741211,8.925000190734863,8.899999618530273,8.920000076293945,31575,0.0,0.0
2023-10-04 09:30:00-04:00,8.960000038146973,9.010000228881836,8.920000076293945,9.010000228881836,0,0.0,0.0
2023-10-04 10:30:00-04:00,9.0,9.020000457763672,8.949999809265137,9.020000457763672,12070,0.0,0.0
2023-10-04 11:30:00-04:00,9.020000457763672,9.039999961853027,8.970000267028809,9.039999961853027,22723,0.0,0.0
2023-10-04 12:30:00-04:00,9.039999961853027,9.050800323486328,9.030099868774414,9.050100326538086,9490,0.0,0.0
2023-10-04 13:30:00-04:00,9.039999961853027,9.050000190734863,9.020000457763672,9.029999732971191,7657,0.0,0.0
2023-10-04 14:30:00-04:00,9.020000457763672,9.050000190734863,9.010000228881836,9.039999961853027,10420,0.0,0.0
2023-10-04 15:30:00-04:00,9.039999961853027,9.039999961853027,9.020000457763672,9.029999732971191,2606,0.0,0.0
2023-10-05 09:30:00-04:00,9.029999732971191,9.069999694824219,8.930000305175781,9.03499984741211,0,0.0,0.0
2023-10-05 10:30:00-04:00,9.0,9.0,8.949999809265137,8.949999809265137,20880,0.0,0.0
2023-10-05 11:30:00-04:00,8.940099716186523,8.979999542236328,8.9399995803833,8.9399995803833,10485,0.0,0.0
2023-10-05 12:30:00-04:00,8.979999542236328,8.979999542236328,8.94480037689209,8.945599555969238,4350,0.0,0.0
2023-10-05 13:30:00-04:00,8.943300247192383,8.952400207519531,8.9399995803833,8.9399995803833,3419,0.0,0.0
2023-10-05 14:30:00-04:00,8.950799942016602,8.97249984741211,8.9399995803833,8.960000038146973,10188,0.0,0.0
2023-10-05 15:30:00-04:00,8.949999809265137,8.970000267028809,8.949999809265137,8.954999923706055,4397,0.0,0.0
2023-10-06 09:30:00-04:00,8.930000305175781,8.9399995803833,8.899999618530273,8.920000076293945,0,0.0,0.0
2023-10-06 10:30:00-04:00,8.930000305175781,8.930000305175781,8.899999618530273,8.90999984741211,25099,0.0,0.0
2023-10-06 11:30:00-04:00,8.918600082397461,8.930000305175781,8.819999694824219,8.819999694824219,64040,0.0,0.0
2023-10-06 12:30:00-04:00,8.819999694824219,8.829999923706055,8.789999961853027,8.819999694824219,38609,0.0,0.0
2023-10-06 13:30:00-04:00,8.8100004196167,8.819999694824219,8.739999771118164,8.75,25154,0.0,0.0
2023-10-06 14:30:00-04:00,8.755000114440918,8.800000190734863,8.744999885559082,8.793999671936035,28558,0.0,0.0
2023-10-06 15:30:00-04:00,8.800000190734863,8.800000190734863,8.779999732971191,8.789999961853027,3717,0.0,0.0
2023-10-09 09:30:00-04:00,8.779999732971191,8.819999694824219,8.729999542236328,8.8100004196167,0,0.0,0.0
2023-10-09 10:30:00-04:00,8.805000305175781,8.869999885559082,8.805000305175781,8.818300247192383,24545,0.0,0.0
2023-10-09 11:30:00-04:00,8.835000038146973,8.869999885559082,8.8100004196167,8.8100004196167,2762,0.0,0.0
2023-10-09 12:30:00-04:00,8.8100004196167,8.859999656677246,8.8100004196167,8.819999694824219,4004,0.0,0.0
2023-10-09 13:30:00-04:00,8.8100004196167,8.850000381469727,8.8100004196167,8.819999694824219,15071,0.0,0.0
2023-10-09 14:30:00-04:00,8.8100004196167,8.829999923706055,8.789999961853027,8.8100004196167,35859,0.0,0.0
2023-10-09 15:30:00-04:00,8.800000190734863,8.8100004196167,8.779999732971191,8.789999961853027,21137,0.0,0.0
2023-10-10 09:30:00-04:00,8.779999732971191,8.9399995803833,8.779999732971191,8.910099983215332,0,0.0,0.0
2023-10-10 10:30:00-04:00,8.90999984741211,8.930000305175781,8.84000015258789,8.869999885559082,33693,0.0,0.0
2023-10-10 11:30:00-04:00,8.859999656677246,8.890000343322754,8.859999656677246,8.869999885559082,17012,0.0,0.0
2023-10-10 12:30:00-04:00,8.880000114440918,8.890000343322754,8.859999656677246,8.859999656677246,22003,0.0,0.0
2023-10-10 13:30:00-04:00,8.869999885559082,8.899999618530273,8.859999656677246,8.880000114440918,9624,0.0,0.0
2023-10-10 14:30:00-04:00,8.880000114440918,8.890000343322754,8.859999656677246,8.859999656677246,9098,0.0,0.0
2023-10-10 15:30:00-04:00,8.869999885559082,8.880000114440918,8.829999923706055,8.829999923706055,16197,0.0,0.0
2023-10-11 09:30:00-04:00,8.960000038146973,8.960000038146973,8.920000076293945,8.9399995803833,14728,0.0,0.0
2023-10-11 10:30:00-04:00,8.920000076293945,8.960000038146973,8.899999618530273,8.90999984741211,16669,0.0,0.0
2023-10-11 11:30:00-04:00,8.90999984741211,8.9483003616333,8.90999984741211,8.920000076293945,8630,0.0,0.0
2023-10-11 12:30:00-04:00,8.920000076293945,8.949999809265137,8.880000114440918,8.89009952545166,12418,0.0,0.0
2023-10-11 13:30:00-04:00,8.880000114440918,8.890000343322754,8.859999656677246,8.880000114440918,28749,0.0,0.0
2023-10-11 14:30:00-04:00,8.880000114440918,8.930000305175781,8.859999656677246,8.930000305175781,28782,0.0,0.0
2023-10-11 15:30:00-04:00,8.930000305175781,8.930000305175781,8.869999885559082,8.880000114440918,30352,0.0,0.0
2023-10-12 09:30:00-04:00,8.9399995803833,8.960000038146973,8.920000076293945,8.94279956817627,26747,0.0,0.0
2023-10-12 10:30:00-04:00,8.9399995803833,8.944700241088867,8.880000114440918,8.899999618530273,20182,0.0,0.0
2023-10-12 11:30:00-04:00,8.902799606323242,8.920000076293945,8.899999618530273,8.920000076293945,6614,0.0,0.0
2023-10-12 12:30:00-04:00,8.920000076293945,8.922699928283691,8.880000114440918,8.880000114440918,15144,0.0,0.0
2023-10-12 13:30:00-04:00,8.890000343322754,8.90999984741211,8.854999542236328,8.899999618530273,23143,0.0,0.0
2023-10-12 14:30:00-04:00,8.90999984741211,8.90999984741211,8.890000343322754,8.899999618530273,17694,0.0,0.0
2023-10-12 15:30:00-04:00,8.899999618530273,8.90999984741211,8.890000343322754,8.909000396728516,6793,0.0,0.0
2023-10-13 09:30:00-04:00,8.960000038146973,8.970000267028809,8.9350004196167,8.970000267028809,0,0.0,0.0
2023-10-13 10:30:00-04:00,8.970000267028809,8.979999542236328,8.970000267028809,8.975000381469727,21205,0.0,0.0
2023-10-13 11:30:00-04:00,8.979999542236328,8.979999542236328,8.970000267028809,8.975000381469727,12319,0.0,0.0
2023-10-13 12:30:00-04:00,8.970000267028809,8.979999542236328,8.949999809265137,8.95930004119873,12590,0.0,0.0
2023-10-13 13:30:00-04:00,8.960000038146973,8.960000038146973,8.949999809265137,8.949999809265137,9212,0.0,0.0
2023-10-13 14:30:00-04:00,8.9399995803833,8.949999809265137,8.9399995803833,8.9399995803833,4645,0.0,0.0
2023-10-13 15:30:00-04:00,8.938599586486816,8.9399995803833,8.920000076293945,8.930000305175781,954,0.0,0.0
2023-10-16 09:30:00-04:00,8.920000076293945,8.949899673461914,8.859999656677246,8.869999885559082,0,0.0,0.0
2023-10-16 10:30:00-04:00,8.85099983215332,8.90999984741211,8.819999694824219,8.850000381469727,30272,0.0,0.0
2023-10-16 11:30:00-04:00,8.850000381469727,8.869999885559082,8.84939956665039,8.859999656677246,18964,0.0,0.0
2023-10-16 12:30:00-04:00,8.859999656677246,8.869999885559082,8.850000381469727,8.859999656677246,31428,0.0,0.0
2023-10-16 13:30:00-04:00,8.859999656677246,8.869999885559082,8.850000381469727,8.869999885559082,12554,0.0,0.0
2023-10-16 14:30:00-04:00,8.870100021362305,8.880000114440918,8.859999656677246,8.859999656677246,8841,0.0,0.0
2023-10-16 15:30:00-04:00,8.859999656677246,8.869999885559082,8.859999656677246,8.859999656677246,6495,0.0,0.0
2023-10-17 09:30:00-04:00,8.819999694824219,8.829999923706055,8.789999961853027,8.824999809265137,0,0.0,0.0
2023-10-17 10:30:00-04:00,8.829999923706055,8.859999656677246,8.829999923706055,8.859999656677246,8384,0.0,0.0
2023-10-17 11:30:00-04:00,8.854999542236328,8.859999656677246,8.850099563598633,8.850099563598633,3518,0.0,0.0
2023-10-17 12:30:00-04:00,8.852999687194824,8.859999656677246,8.850000381469727,8.850000381469727,2427,0.0,0.0
2023-10-17 13:30:00-04:00,8.820099830627441,8.826000213623047,8.819999694824219,8.826000213623047,6436,0.0,0.0
2023-10-17 14:30:00-04:00,8.824999809265137,8.838600158691406,8.8100004196167,8.829999923706055,11892,0.0,0.0
2023-10-17 15:30:00-04:00,8.833999633789062,8.850000381469727,8.829999923706055,8.850000381469727,6820,0.0,0.0
2023-10-18 09:30:00-04:00,8.779999732971191,8.850000381469727,8.779999732971191,8.781999588012695,0,0.0,0.0
2023-10-18 10:30:00-04:00,8.779999732971191,8.8100004196167,8.770000457763672,8.800000190734863,14695,0.0,0.0
2023-10-18 11:30:00-04:00,8.800000190734863,8.8100004196167,8.789999961853027,8.80049991607666,11327,0.0,0.0
2023-10-18 12:30:00-04:00,8.809000015258789,8.809900283813477,8.793999671936035,8.800000190734863,18936,0.0,0.0
2023-10-18 13:30:00-04:00,8.800000190734863,8.800000190734863,8.779999732971191,8.798399925231934,12664,0.0,0.0
2023-10-18 14:30:00-04:00,8.789999961853027,8.791899681091309,8.779999732971191,8.789999961853027,20290,0.0,0.0
2023-10-18 15:30:00-04:00,8.789999961853027,8.789999961853027,8.779999732971191,8.78499984741211,1697,0.0,0.0
2023-10-19 09:30:00-04:00,8.770000457763672,8.809499740600586,8.760000228881836,8.770000457763672,0,0.0,0.0
2023-10-19 10:30:00-04:00,8.770000457763672,8.779999732971191,8.760000228881836,8.779999732971191,19498,0.0,0.0
2023-10-19 11:30:00-04:00,8.779999732971191,8.789999961853027,8.760000228881836,8.760000228881836,11127,0.0,0.0
2023-10-19 12:30:00-04:00,8.753000259399414,8.760000228881836,8.75,8.760000228881836,4324,0.0,0.0
2023-10-19 13:30:00-04:00,8.75,8.760000228881836,8.729999542236328,8.734999656677246,11498,0.0,0.0
2023-10-19 14:30:00-04:00,8.72029972076416,8.725000381469727,8.65999984741211,8.680000305175781,22679,0.0,0.0
2023-10-19 15:30:00-04:00,8.680000305175781,8.680000305175781,8.675000190734863,8.675000190734863,3061,0.0,0.0
2023-10-20 09:30:00-04:00,8.729999542236328,8.739999771118164,8.729999542236328,8.729999542236328,0,0.0,0.0
2023-10-20 10:30:00-04:00,8.715999603271484,8.739999771118164,8.680000305175781,8.710000038146973,13907,0.0,0.0
2023-10-20 11:30:00-04:00,8.699999809265137,8.710000038146973,8.6899995803833,8.6899995803833,18183,0.0,0.0
2023-10-20 12:30:00-04:00,8.696499824523926,8.710000038146973,8.696499824523926,8.699999809265137,5457,0.0,0.0
2023-10-20 13:30:00-04:00,8.708200454711914,8.709199905395508,8.699999809265137,8.699999809265137,2774,0.0,0.0
2023-10-20 14:30:00-04:00,8.6899995803833,8.699999809265137,8.670000076293945,8.699999809265137,5615,0.0,0.0
2023-10-20 15:30:00-04:00,8.694999694824219,8.710000038146973,8.6899995803833,8.710000038146973,9609,0.0,0.0
2023-10-23 09:30:00-04:00,8.600000381469727,8.654999732971191,8.585000038146973,8.654999732971191,0,0.0,0.0
2023-10-23 10:30:00-04:00,8.654999732971191,8.66349983215332,8.645000457763672,8.645000457763672,1281,0.0,0.0
2023-10-23 11:30:00-04:00,8.641900062561035,8.680000305175781,8.641900062561035,8.680000305175781,1301,0.0,0.0
2023-10-23 12:30:00-04:00,8.660099983215332,8.664999961853027,8.630000114440918,8.645000457763672,11940,0.0,0.0
2023-10-23 13:30:00-04:00,8.640000343322754,8.652999877929688,8.640000343322754,8.649999618530273,5476,0.0,0.0
2023-10-23 14:30:00-04:00,8.645000457763672,8.658699989318848,8.630000114440918,8.649999618530273,14203,0.0,0.0
2023-10-23 15:30:00-04:00,8.619999885559082,8.630000114440918,8.600000381469727,8.600000381469727,5793,0.0,0.0
2023-10-24 09:30:00-04:00,8.649999618530273,8.649999618530273,8.63010025024414,8.649999618530273,0,0.0,0.0
2023-10-24 10:30:00-04:00,8.67549991607666,8.678999900817871,8.65999984741211,8.670000076293945,10665,0.0,0.0
2023-10-24 11:30:00-04:00,8.670000076293945,8.680000305175781,8.649999618530273,8.664999961853027,17267,0.0,0.0
2023-10-24 12:30:00-04:00,8.664999961853027,8.669699668884277,8.640000343322754,8.651399612426758,21139,0.0,0.0
2023-10-24 13:30:00-04:00,8.640000343322754,8.645000457763672,8.59000015258789,8.600000381469727,17639,0.0,0.0
2023-10-24 14:30:00-04:00,8.600000381469727,8.630000114440918,8.569999694824219,8.630000114440918,21358,0.0,0.0
2023-10-24 15:30:00-04:00,8.630000114440918,8.680000305175781,8.609999656677246,8.680000305175781,53852,0.0,0.0
2023-10-25 09:30:00-04:00,8.680000305175781,8.680000305175781,8.59000015258789,8.619999885559082,0,0.0,0.0
2023-10-25 10:30:00-04:00,8.619999885559082,8.649999618530273,8.604999542236328,8.649999618530273,8307,0.0,0.0
2023-10-25 11:30:00-04:00,8.647299766540527,8.710000038146973,8.6427001953125,8.6899995803833,68719,0.0,0.0
2023-10-25 12:30:00-04:00,8.699999809265137,8.739999771118164,8.6899995803833,8.710000038146973,43444,0.0,0.0
2023-10-25 13:30:00-04:00,8.710000038146973,8.710000038146973,8.670000076293945,8.675000190734863,22646,0.0,0.0
2023-10-25 14:30:00-04:00,8.675000190734863,8.6899995803833,8.630000114440918,8.6850004196167,25430,0.0,0.0
2023-10-25 15:30:00-04:00,8.6899995803833,8.6899995803833,8.600000381469727,8.600000381469727,23006,0.0,0.0
2023-10-26 09:30:00-04:00,8.649999618530273,8.6899995803833,8.640000343322754,8.65999984741211,0,0.0,0.0
2023-10-26 10:30:00-04:00,8.65999984741211,8.6899995803833,8.64009952545166,8.6899995803833,6915,0.0,0.0
2023-10-26 11:30:00-04:00,8.6899995803833,8.6899995803833,8.657500267028809,8.6899995803833,4848,0.0,0.0
2023-10-26 12:30:00-04:00,8.6899995803833,8.6899995803833,8.649999618530273,8.6899995803833,3419,0.0,0.0
2023-10-26 13:30:00-04:00,8.6899995803833,8.6899995803833,8.640000343322754,8.640000343322754,9159,0.0,0.0
2023-10-26 14:30:00-04:00,8.649999618530273,8.756400108337402,8.610099792480469,8.729499816894531,29085,0.0,0.0
2023-10-26 15:30:00-04:00,8.739999771118164,8.750100135803223,8.739999771118164,8.75,18756,0.0,0.0
2023-10-27 09:30:00-04:00,8.760000228881836,8.760000228881836,8.660599708557129,8.739999771118164,6960,0.0,0.0
2023-10-27 10:30:00-04:00,8.720000267028809,8.779999732971191,8.720000267028809,8.739999771118164,24702,0.0,0.0
2023-10-27 11:30:00-04:00,8.760000228881836,8.770000457763672,8.630000114440918,8.680000305175781,51379,0.0,0.0
2023-10-27 12:30:00-04:00,8.675999641418457,8.675999641418457,8.649999618530273,8.649999618530273,1778,0.0,0.0
2023-10-27 13:30:00-04:00,8.65999984741211,8.667799949645996,8.640000343322754,8.649999618530273,3126,0.0,0.0
2023-10-27 14:30:00-04:00,8.670000076293945,8.670000076293945,8.649999618530273,8.670000076293945,4909,0.0,0.0
2023-10-27 15:30:00-04:00,8.668700218200684,8.670000076293945,8.640000343322754,8.640000343322754,8449,0.0,0.0
2023-10-30 09:30:00-04:00,8.649999618530273,8.720000267028809,8.640199661254883,8.710000038146973,0,0.0,0.0
2023-10-30 10:30:00-04:00,8.710000038146973,8.710000038146973,8.670100212097168,8.670100212097168,8638,0.0,0.0
2023-10-30 11:30:00-04:00,8.710000038146973,8.710000038146973,8.65999984741211,8.699999809265137,2708,0.0,0.0
2023-10-30 12:30:00-04:00,8.710000038146973,8.720000267028809,8.675000190734863,8.720000267028809,1545,0.0,0.0
2023-10-30 13:30:00-04:00,8.75,8.760000228881836,8.70300006866455,8.760000228881836,5577,0.0,0.0
2023-10-30 14:30:00-04:00,8.717700004577637,8.789999961853027,8.717700004577637,8.760000228881836,10770,0.0,0.0
2023-10-30 15:30:00-04:00,8.73799991607666,8.739999771118164,8.729999542236328,8.729999542236328,3753,0.0,0.0
2023-10-31 09:30:00-04:00,8.75,8.779999732971191,8.75,8.779999732971191,0,0.0,0.0
2023-10-31 10:30:00-04:00,8.779999732971191,8.789999961853027,8.729999542236328,8.742799758911133,48471,0.0,0.0
2023-10-31 11:30:00-04:00,8.770000457763672,8.800000190734863,8.750200271606445,8.800000190734863,34238,0.0,0.0
2023-10-31 12:30:00-04:00,8.779999732971191,8.799400329589844,8.760000228881836,8.760000228881836,7606,0.0,0.0
2023-10-31 13:30:00-04:00,8.760000228881836,8.770000457763672,8.75,8.760000228881836,3755,0.0,0.0
2023-10-31 14:30:00-04:00,8.760000228881836,8.765999794006348,8.75,8.760000228881836,10432,0.0,0.0
2023-10-31 15:30:00-04:00,8.755000114440918,8.779999732971191,8.755000114440918,8.779999732971191,11869,0.0,0.0
2023-11-01 09:30:00-04:00,8.819999694824219,8.869999885559082,8.789999961853027,8.863499641418457,0,0.0,0.0
2023-11-01 10:30:00-04:00,8.862799644470215,8.899999618530273,8.819999694824219,8.836999893188477,17781,0.0,0.0
2023-11-01 11:30:00-04:00,8.864999771118164,8.880000114440918,8.864999771118164,8.880000114440918,11803,0.0,0.0
2023-11-01 12:30:00-04:00,8.84000015258789,8.879599571228027,8.819999694824219,8.819999694824219,9312,0.0,0.0
2023-11-01 13:30:00-04:00,8.819999694824219,8.829999923706055,8.800000190734863,8.800000190734863,3540,0.0,0.0
2023-11-01 14:30:00-04:00,8.8100004196167,8.84000015258789,8.800000190734863,8.820099830627441,16742,0.0,0.0
2023-11-01 15:30:00-04:00,8.829999923706055,8.829999923706055,8.819999694824219,8.829999923706055,6744,0.0,0.0
2023-11-02 09:30:00-04:00,8.899999618530273,8.997300148010254,8.894399642944336,8.989999771118164,0,0.0,0.0
2023-11-02 10:30:00-04:00,8.989999771118164,8.99470043182373,8.949999809265137,8.960000038146973,23824,0.0,0.0
2023-11-02 11:30:00-04:00,8.961099624633789,8.979999542236328,8.960000038146973,8.960000038146973,19376,0.0,0.0
2023-11-02 12:30:00-04:00,8.960000038146973,8.979999542236328,8.960000038146973,8.960000038146973,17817,0.0,0.0
2023-11-02 13:30:00-04:00,8.960000038146973,8.977100372314453,8.960000038146973,8.970000267028809,14821,0.0,0.0
2023-11-02 14:30:00-04:00,8.970000267028809,8.970000267028809,8.960000038146973,8.960000038146973,16347,0.0,0.0
2023-11-02 15:30:00-04:00,8.960000038146973,8.970000267028809,8.960000038146973,8.96500015258789,8710,0.0,0.0
2023-11-03 09:30:00-04:00,9.039999961853027,9.16819953918457,9.039999961853027,9.130000114440918,26921,0.0,0.0
2023-11-03 10:30:00-04:00,9.109999656677246,9.15999984741211,9.109999656677246,9.109999656677246,9446,0.0,0.0
2023-11-03 11:30:00-04:00,9.109999656677246,9.118000030517578,9.100099563598633,9.109999656677246,13788,0.0,0.0
2023-11-03 12:30:00-04:00,9.109999656677246,9.118000030517578,9.109999656677246,9.109999656677246,3651,0.0,0.0
2023-11-03 13:30:00-04:00,9.109999656677246,9.119999885559082,9.100000381469727,9.110600471496582,14230,0.0,0.0
2023-11-03 14:30:00-04:00,9.109999656677246,9.149999618530273,9.109999656677246,9.149999618530273,33278,0.0,0.0
2023-11-03 15:30:00-04:00,9.15999984741211,9.199999809265137,9.15999984741211,9.199999809265137,15973,0.0,0.0
2023-11-06 09:30:00-05:00,9.15999984741211,9.210000038146973,9.135000228881836,9.135000228881836,15243,0.0,0.0
2023-11-06 10:30:00-05:00,9.125,9.125,9.125,9.125,939,0.0,0.0
2023-11-06 11:30:00-05:00,9.1003999710083,9.134200096130371,9.095000267028809,9.109999656677246,5708,0.0,0.0
2023-11-06 12:30:00-05:00,9.091300010681152,9.109999656677246,9.09000015258789,9.09000015258789,5265,0.0,0.0
2023-11-06 13:30:00-05:00,9.126299858093262,9.126299858093262,9.112299919128418,9.112299919128418,690,0.0,0.0
2023-11-06 14:30:00-05:00,9.119999885559082,9.170000076293945,9.109999656677246,9.170000076293945,8028,0.0,0.0
2023-11-06 15:30:00-05:00,9.170000076293945,9.220000267028809,9.15999984741211,9.220000267028809,6198,0.0,0.0
2023-11-07 09:30:00-05:00,9.220000267028809,9.289999961853027,9.220000267028809,9.289999961853027,0,0.0,0.0
2023-11-07 10:30:00-05:00,9.3100004196167,9.319999694824219,9.300000190734863,9.319999694824219,2158,0.0,0.0
2023-11-07 11:30:00-05:00,9.3100004196167,9.350000381469727,9.3100004196167,9.34000015258789,7592,0.0,0.0
2023-11-07 12:30:00-05:00,9.327799797058105,9.350000381469727,9.324999809265137,9.350000381469727,3832,0.0,0.0
2023-11-07 14:30:00-05:00,9.34000015258789,9.350000381469727,9.335000038146973,9.34000015258789,6255,0.0,0.0
2023-11-07 15:30:00-05:00,9.34000015258789,9.355600357055664,9.3326997756958,9.355600357055664,1531,0.0,0.0
2023-11-08 09:30:00-05:00,9.390000343322754,9.529999732971191,9.380000114440918,9.399999618530273,0,0.0,0.0
2023-11-08 10:30:00-05:00,9.399999618530273,9.470000267028809,9.38029956817627,9.470000267028809,38495,0.0,0.0
2023-11-08 11:30:00-05:00,9.479999542236328,9.489999771118164,9.479999542236328,9.479999542236328,3754,0.0,0.0
2023-11-08 12:30:00-05:00,9.470000267028809,9.470000267028809,9.40999984741211,9.40999984741211,16146,0.0,0.0
2023-11-08 13:30:00-05:00,9.420000076293945,9.449999809265137,9.40999984741211,9.449999809265137,14123,0.0,0.0
2023-11-08 14:30:00-05:00,9.430000305175781,9.485400199890137,9.430000305175781,9.470000267028809,21051,0.0,0.0
2023-11-08 15:30:00-05:00,9.451000213623047,9.569999694824219,9.4399995803833,9.551300048828125,37179,0.0,0.0
2023-11-09 09:30:00-05:00,9.529999732971191,9.569999694824219,9.449999809265137,9.53499984741211,14965,0.0,0.0
2023-11-09 10:30:00-05:00,9.53499984741211,9.600000381469727,9.53499984741211,9.54520034790039,31216,0.0,0.0
2023-11-09 11:30:00-05:00,9.550999641418457,9.569899559020996,9.526000022888184,9.550000190734863,8786,0.0,0.0
2023-11-09 12:30:00-05:00,9.547800064086914,9.569999694824219,9.505000114440918,9.539999961853027,3568,0.0,0.0
2023-11-09 13:30:00-05:00,9.520000457763672,9.54990005493164,9.460000038146973,9.5,9668,0.0,0.0
2023-11-09 14:30:00-05:00,9.520000457763672,9.520000457763672,9.4399995803833,9.489999771118164,17363,0.0,0.0
2023-11-09 15:30:00-05:00,9.470000267028809,9.489999771118164,9.449999809265137,9.470000267028809,4437,0.0,0.0
2023-11-10 09:30:00-05:00,9.550000190734863,9.569999694824219,9.449999809265137,9.550000190734863,11458,0.0,0.0
2023-11-10 10:30:00-05:00,9.550000190734863,9.59000015258789,9.5,9.550000190734863,4301,0.0,0.0
2023-11-10 11:30:00-05:00,9.529999732971191,9.552300453186035,9.529999732971191,9.53499984741211,6650,0.0,0.0
2023-11-10 12:30:00-05:00,9.550000190734863,9.569899559020996,9.550000190734863,9.550000190734863,8522,0.0,0.0
2023-11-10 13:30:00-05:00,9.5600004196167,9.59000015258789,9.545000076293945,9.5649995803833,12630,0.0,0.0
2023-11-10 14:30:00-05:00,9.550000190734863,9.569999694824219,9.550000190734863,9.5600004196167,7378,0.0,0.0
2023-11-10 15:30:00-05:00,9.5600004196167,9.600000381469727,9.550100326538086,9.600000381469727,8365,0.0,0.0
2023-11-13 09:30:00-05:00,9.550000190734863,9.579999923706055,9.518400192260742,9.579999923706055,0,0.0,0.0
2023-11-13 10:30:00-05:00,9.579999923706055,9.609999656677246,9.579999923706055,9.609999656677246,4915,0.0,0.0
2023-11-13 11:30:00-05:00,9.600000381469727,9.609999656677246,9.59000015258789,9.59000015258789,2152,0.0,0.0
2023-11-13 12:30:00-05:00,9.619999885559082,9.619999885559082,9.59000015258789,9.604999542236328,11931,0.0,0.0
2023-11-13 13:30:00-05:00,9.604999542236328,9.604999542236328,9.604999542236328,9.604999542236328,8445,0.0,0.0
2023-11-13 14:30:00-05:00,9.600000381469727,9.600199699401855,9.579999923706055,9.600199699401855,6515,0.0,0.0
2023-11-13 15:30:00-05:00,9.61299991607666,9.61299991607666,9.61299991607666,9.61299991607666,100,0.0,0.0
2023-11-14 09:30:00-05:00,9.680000305175781,9.760000228881836,9.649999618530273,9.699999809265137,0,0.0,0.0
2023-11-14 10:30:00-05:00,9.749899864196777,9.75,9.699999809265137,9.725000381469727,27304,0.0,0.0
2023-11-14 11:30:00-05:00,9.699999809265137,9.729999542236328,9.6899995803833,9.725000381469727,5813,0.0,0.0
2023-11-14 12:30:00-05:00,9.699999809265137,9.727700233459473,9.699999809265137,9.699999809265137,4445,0.0,0.0
2023-11-14 13:30:00-05:00,9.720000267028809,9.770000457763672,9.699999809265137,9.76099967956543,19723,0.0,0.0
2023-11-14 14:30:00-05:00,9.779999732971191,9.819999694824219,9.760000228881836,9.819999694824219,18947,0.0,0.0
2023-11-14 15:30:00-05:00,9.829999923706055,9.869999885559082,9.800000190734863,9.859999656677246,22658,0.0,0.0
2023-11-15 09:30:00-05:00,9.800000190734863,9.84000015258789,9.793399810791016,9.800000190734863,37774,0.0,0.0
2023-11-15 10:30:00-05:00,9.800100326538086,9.8100004196167,9.800000190734863,9.800000190734863,13565,0.0,0.0
2023-11-15 11:30:00-05:00,9.800000190734863,9.8100004196167,9.800000190734863,9.800000190734863,13945,0.0,0.0
2023-11-15 12:30:00-05:00,9.805000305175781,9.829999923706055,9.800000190734863,9.820199966430664,20937,0.0,0.0
2023-11-15 13:30:00-05:00,9.824999809265137,9.869999885559082,9.819999694824219,9.84000015258789,37940,0.0,0.0
2023-11-15 14:30:00-05:00,9.84000015258789,9.890000343322754,9.824999809265137,9.859999656677246,27436,0.0,0.0
2023-11-15 15:30:00-05:00,9.869999885559082,9.90999984741211,9.869999885559082,9.890000343322754,49019,0.0,0.0
2023-11-16 09:30:00-05:00,9.930000305175781,9.979999542236328,9.84000015258789,9.970000267028809,0,0.0,0.0
2023-11-16 10:30:00-05:00,9.979999542236328,9.979999542236328,9.930000305175781,9.939000129699707,20659,0.0,0.0
2023-11-16 11:30:00-05:00,9.949999809265137,10.029999732971191,9.949999809265137,9.980299949645996,18991,0.0,0.0
2023-11-16 12:30:00-05:00,9.979999542236328,9.979999542236328,9.96500015258789,9.979999542236328,1113,0.0,0.0
2023-11-16 13:30:00-05:00,9.979999542236328,10.020000457763672,9.951700210571289,9.989999771118164,13308,0.0,0.0
2023-11-16 14:30:00-05:00,9.989999771118164,10.020000457763672,9.989999771118164,10.0,8352,0.0,0.0
2023-11-16 15:30:00-05:00,10.010000228881836,10.010000228881836,9.960000038146973,10.008000373840332,0,0.0,0.0
2023-11-17 09:30:00-05:00,10.020000457763672,10.10990047454834,10.020000457763672,10.050000190734863,23597,0.0,0.0
2023-11-17 10:30:00-05:00,10.050000190734863,10.0516996383667,9.98169994354248,10.021100044250488,16167,0.0,0.0
2023-11-17 11:30:00-05:00,10.010000228881836,10.024999618530273,10.010000228881836,10.020000457763672,26385,0.0,0.0
2023-11-17 12:30:00-05:00,10.010000228881836,10.031999588012695,10.010000228881836,10.029999732971191,4964,0.0,0.0
2023-11-17 13:30:00-05:00,10.020000457763672,10.020000457763672,10.020000457763672,10.020000457763672,2329,0.0,0.0
2023-11-17 14:30:00-05:00,10.020000457763672,10.053799629211426,10.010000228881836,10.050000190734863,54965,0.0,0.0
2023-11-17 15:30:00-05:00,10.039999961853027,10.050000190734863,10.020000457763672,10.039999961853027,29758,0.0,0.0
2023-11-20 09:30:00-05:00,10.010000228881836,10.0600004196167,9.930000305175781,10.050000190734863,0,0.0,0.0
2023-11-20 10:30:00-05:00,10.050000190734863,10.050000190734863,10.050000190734863,10.050000190734863,3803,0.0,0.0
2023-11-20 11:30:00-05:00,10.050000190734863,10.09000015258789,10.050000190734863,10.09000015258789,21828,0.0,0.0
2023-11-20 12:30:00-05:00,10.100000381469727,10.123499870300293,10.095000267028809,10.123499870300293,8156,0.0,0.0
2023-11-20 13:30:00-05:00,10.119999885559082,10.130000114440918,10.09000015258789,10.09000015258789,85843,0.0,0.0
2023-11-20 14:30:00-05:00,10.079999923706055,10.129899978637695,10.030400276184082,10.09000015258789,15728,0.0,0.0
2023-11-20 15:30:00-05:00,10.09000015258789,10.100000381469727,10.079999923706055,10.09000015258789,4268,0.0,0.0
2023-11-21 09:30:00-05:00,10.050000190734863,10.11970043182373,10.039999961853027,10.11970043182373,0,0.0,0.0
2023-11-21 10:30:00-05:00,10.140000343322754,10.260000228881836,10.140000343322754,10.253999710083008,29567,0.0,0.0
2023-11-21 11:30:00-05:00,10.25,10.251799583435059,10.25,10.25,12152,0.0,0.0
2023-11-21 12:30:00-05:00,10.255000114440918,10.270000457763672,10.25,10.265000343322754,11767,0.0,0.0
2023-11-21 13:30:00-05:00,10.265000343322754,10.3100004196167,10.260000228881836,10.305000305175781,13984,0.0,0.0
2023-11-21 14:30:00-05:00,10.300000190734863,10.350000381469727,10.289999961853027,10.293800354003906,45256,0.0,0.0
2023-11-21 15:30:00-05:00,10.29010009765625,10.369999885559082,10.29010009765625,10.359999656677246,35534,0.0,0.0
2023-11-22 09:30:00-05:00,10.329999923706055,10.430000305175781,10.270000457763672,10.392000198364258,43222,0.0,0.0
2023-11-22 10:30:00-05:00,10.416299819946289,10.416299819946289,10.279999732971191,10.289999961853027,10304,0.0,0.0
2023-11-22 11:30:00-05:00,10.289999961853027,10.359999656677246,10.289999961853027,10.34000015258789,15209,0.0,0.0
2023-11-22 12:30:00-05:00,10.34000015258789,10.380000114440918,10.3100004196167,10.380000114440918,12231,0.0,0.0
2023-11-22 13:30:00-05:00,10.380000114440918,10.385899543762207,10.380000114440918,10.380000114440918,12459,0.0,0.0
2023-11-22 14:30:00-05:00,10.380000114440918,10.430000305175781,10.350000381469727,10.369999885559082,19876,0.0,0.0
2023-11-22 15:30:00-05:00,10.375,10.420000076293945,10.324999809265137,10.359999656677246,11078,0.0,0.0
2023-11-24 09:30:00-05:00,10.3100004196167,10.359999656677246,10.3100004196167,10.350600242614746,0,0.0,0.0
2023-11-24 10:30:00-05:00,10.352399826049805,10.359999656677246,10.3100004196167,10.335000038146973,4556,0.0,0.0
2023-11-24 11:30:00-05:00,10.326399803161621,10.449999809265137,10.3100004196167,10.420000076293945,15665,0.0,0.0
2023-11-27 09:30:00-05:00,10.380000114440918,10.390000343322754,10.14009952545166,10.390000343322754,16077,0.0,0.0
2023-11-27 10:30:00-05:00,10.329999923706055,10.329999923706055,10.15999984741211,10.180000305175781,17657,0.0,0.0
2023-11-27 11:30:00-05:00,10.180000305175781,10.229999542236328,10.109999656677246,10.109999656677246,23500,0.0,0.0
2023-11-27 12:30:00-05:00,10.109999656677246,10.15999984741211,10.079999923706055,10.119999885559082,13488,0.0,0.0
2023-11-27 13:30:00-05:00,10.119999885559082,10.169899940490723,10.069999694824219,10.079999923706055,10450,0.0,0.0
2023-11-27 14:30:00-05:00,10.081000328063965,10.100000381469727,10.050000190734863,10.069999694824219,18717,0.0,0.0
2023-11-27 15:30:00-05:00,10.069999694824219,10.09000015258789,10.0600004196167,10.079999923706055,9662,0.0,0.0
2023-11-28 09:30:00-05:00,10.039999961853027,10.039999961853027,9.9399995803833,9.95989990234375,0,0.0,0.0
2023-11-28 10:30:00-05:00,9.949999809265137,9.960000038146973,9.920000076293945,9.960000038146973,16971,0.0,0.0
2023-11-28 11:30:00-05:00,9.960000038146973,9.96399974822998,9.944999694824219,9.949999809265137,12491,0.0,0.0
2023-11-28 12:30:00-05:00,9.949999809265137,9.954999923706055,9.890000343322754,9.919899940490723,16211,0.0,0.0
2023-11-28 13:30:00-05:00,9.890000343322754,9.91919994354248,9.890000343322754,9.890000343322754,6484,0.0,0.0
2023-11-28 14:30:00-05:00,9.890000343322754,9.949999809265137,9.890000343322754,9.890000343322754,12381,0.0,0.0
2023-11-28 15:30:00-05:00,9.890000343322754,9.915300369262695,9.890000343322754,9.899999618530273,0,0.0,0.0
2023-11-29 09:30:00-05:00,9.9399995803833,10.020000457763672,9.920000076293945,9.930000305175781,39735,0.0,0.0
2023-11-29 10:30:00-05:00,9.930000305175781,9.979999542236328,9.930000305175781,9.979999542236328,9868,0.0,0.0
2023-11-29 11:30:00-05:00,9.979999542236328,10.020000457763672,9.979999542236328,9.979999542236328,17271,0.0,0.0
2023-11-29 12:30:00-05:00,9.979999542236328,10.010000228881836,9.970000267028809,10.0,11545,0.0,0.0
2023-11-29 13:30:00-05:00,10.0,10.010000228881836,9.970000267028809,10.009099960327148,19760,0.0,0.0
2023-11-29 14:30:00-05:00,10.0,10.057999610900879,10.0,10.020000457763672,16050,0.0,0.0
2023-11-29 15:30:00-05:00,10.020000457763672,10.04990005493164,9.970000267028809,9.970000267028809,20697,0.0,0.0
2023-11-30 09:30:00-05:00,10.0,10.039999961853027,9.960000038146973,9.970000267028809,9805,0.0,0.0
2023-11-30 10:30:00-05:00,9.970000267028809,9.970100402832031,9.949999809265137,9.949999809265137,14060,0.0,0.0
2023-11-30 11:30:00-05:00,9.949999809265137,9.975000381469727,9.9399995803833,9.970000267028809,10515,0.0,0.0
2023-11-30 12:30:00-05:00,9.970000267028809,9.975000381469727,9.970000267028809,9.970000267028809,4226,0.0,0.0
2023-11-30 13:30:00-05:00,9.970000267028809,9.99429988861084,9.90999984741211,9.920000076293945,23568,0.0,0.0
2023-11-30 14:30:00-05:00,9.920000076293945,9.920000076293945,9.850000381469727,9.850000381469727,35978,0.0,0.0
2023-11-30 15:30:00-05:00,9.84000015258789,9.869999885559082,9.8100004196167,9.869999885559082,20658,0.0,0.0
2023-12-01 09:30:00-05:00,9.949999809265137,9.977800369262695,9.881699562072754,9.9399995803833,0,0.0,0.0
2023-12-01 10:30:00-05:00,9.960000038146973,10.170000076293945,9.9399995803833,10.13029956817627,31235,0.0,0.0
2023-12-01 11:30:00-05:00,10.109999656677246,10.109999656677246,9.970000267028809,9.979999542236328,36681,0.0,0.0
2023-12-01 12:30:00-05:00,9.970499992370605,10.0,9.880000114440918,9.924400329589844,64665,0.0,0.0
2023-12-01 13:30:00-05:00,9.930000305175781,9.973999977111816,9.930000305175781,9.9399995803833,12052,0.0,0.0
2023-12-01 14:30:00-05:00,9.9399995803833,9.970000267028809,9.930000305175781,9.960000038146973,25451,0.0,0.0
2023-12-01 15:30:00-05:00,9.960000038146973,10.020000457763672,9.949999809265137,10.010000228881836,9569,0.0,0.0
2023-12-04 09:30:00-05:00,9.9399995803833,10.199999809265137,9.9399995803833,10.100000381469727,38084,0.0,0.0
2023-12-04 10:30:00-05:00,10.09000015258789,10.140000343322754,10.079999923706055,10.128999710083008,9187,0.0,0.0
2023-12-04 11:30:00-05:00,10.113699913024902,10.113699913024902,10.09000015258789,10.095000267028809,6057,0.0,0.0
2023-12-04 12:30:00-05:00,10.098999977111816,10.100000381469727,10.07800006866455,10.07800006866455,6154,0.0,0.0
2023-12-04 13:30:00-05:00,10.079999923706055,10.09000015258789,10.010000228881836,10.018099784851074,8081,0.0,0.0
2023-12-04 14:30:00-05:00,10.0,10.0,9.90999984741211,9.96500015258789,35943,0.0,0.0
2023-12-04 15:30:00-05:00,9.979999542236328,10.010000228881836,9.96500015258789,9.979999542236328,7604,0.0,0.0
2023-12-05 09:30:00-05:00,10.020000457763672,10.035099983215332,9.960000038146973,9.970000267028809,23311,0.0,0.0
2023-12-05 10:30:00-05:00,10.020000457763672,10.033499717712402,9.970600128173828,9.970600128173828,7052,0.0,0.0
2023-12-05 11:30:00-05:00,10.029999732971191,10.029999732971191,9.9399995803833,10.010100364685059,17251,0.0,0.0
2023-12-05 12:30:00-05:00,9.970000267028809,10.0,9.890000343322754,9.890000343322754,56728,0.0,0.0
2023-12-05 13:30:00-05:00,9.899999618530273,9.970000267028809,9.895000457763672,9.904999732971191,32042,0.0,0.0
2023-12-05 14:30:00-05:00,9.904999732971191,9.949999809265137,9.89009952545166,9.949999809265137,157084,0.0,0.0
2023-12-05 15:30:00-05:00,9.949999809265137,9.979999542236328,9.949999809265137,9.960000038146973,21344,0.0,0.0
2023-12-06 09:30:00-05:00,9.960000038146973,9.989999771118164,9.960000038146973,9.989999771118164,11052,0.0,0.0
2023-12-06 10:30:00-05:00,9.989999771118164,10.0,9.960000038146973,9.96500015258789,12202,0.0,0.0
2023-12-06 11:30:00-05:00,9.960000038146973,9.960000038146973,9.949999809265137,9.956700325012207,4478,0.0,0.0
2023-12-06 12:30:00-05:00,9.967900276184082,10.0,9.949999809265137,9.962800025939941,10503,0.0,0.0
2023-12-06 13:30:00-05:00,9.975000381469727,9.989999771118164,9.949999809265137,9.949999809265137,15098,0.0,0.0
2023-12-06 14:30:00-05:00,9.949999809265137,9.960000038146973,9.949999809265137,9.95009994506836,17701,0.0,0.0
2023-12-06 15:30:00-05:00,9.960000038146973,9.979999542236328,9.954999923706055,9.979999542236328,5931,0.0,0.0
2023-12-07 09:30:00-05:00,9.979999542236328,9.990099906921387,9.967700004577637,9.989999771118164,0,0.0,0.0
2023-12-07 10:30:00-05:00,10.010000228881836,10.020000457763672,10.003499984741211,10.015000343322754,10811,0.0,0.0
2023-12-07 11:30:00-05:00,10.029999732971191,10.050000190734863,10.010000228881836,10.048999786376953,10469,0.0,0.0
2023-12-07 12:30:00-05:00,10.021200180053711,10.081199645996094,10.021200180053711,10.0649995803833,13768,0.0,0.0
2023-12-07 13:30:00-05:00,10.069600105285645,10.069999694824219,10.050000190734863,10.050000190734863,9226,0.0,0.0
2023-12-07 14:30:00-05:00,10.050000190734863,10.0600004196167,10.039999961853027,10.050000190734863,13779,0.0,0.0
2023-12-07 15:30:00-05:00,10.055000305175781,10.0600004196167,10.050000190734863,10.059399604797363,12131,0.0,0.0
2023-12-08 09:30:00-05:00,9.989999771118164,10.0600004196167,9.989999771118164,10.02910041809082,0,0.0,0.0
2023-12-08 10:30:00-05:00,10.029999732971191,10.041399955749512,10.020000457763672,10.029999732971191,12754,0.0,0.0
2023-12-08 11:30:00-05:00,10.029999732971191,10.050000190734863,10.029999732971191,10.029999732971191,1316,0.0,0.0
2023-12-08 12:30:00-05:00,10.029999732971191,10.039999961853027,10.015000343322754,10.039999961853027,10180,0.0,0.0
2023-12-08 13:30:00-05:00,10.041899681091309,10.140000343322754,10.029999732971191,10.132499694824219,52857,0.0,0.0
2023-12-08 14:30:00-05:00,10.130000114440918,10.15999984741211,10.130000114440918,10.149999618530273,52862,0.0,0.0
2023-12-08 15:30:00-05:00,10.149999618530273,10.15999984741211,10.145000457763672,10.149999618530273,22577,0.0,0.0
2023-12-11 09:30:00-05:00,10.09000015258789,10.149999618530273,10.050000190734863,10.140000343322754,0,0.0,0.0
2023-12-11 10:30:00-05:00,10.140000343322754,10.204999923706055,10.140000343322754,10.20009994506836,32552,0.0,0.0
2023-12-11 11:30:00-05:00,10.199999809265137,10.204999923706055,10.140000343322754,10.194999694824219,26685,0.0,0.0
2023-12-11 12:30:00-05:00,10.1899995803833,10.210000038146973,10.1899995803833,10.207300186157227,12646,0.0,0.0
2023-12-11 13:30:00-05:00,10.210000038146973,10.210000038146973,10.140000343322754,10.170000076293945,25404,0.0,0.0
2023-12-11 14:30:00-05:00,10.175000190734863,10.194999694824219,10.135000228881836,10.140199661254883,17182,0.0,0.0
2023-12-11 15:30:00-05:00,10.119999885559082,10.130000114440918,10.079999923706055,10.079999923706055,11168,0.0,0.0
2023-12-12 09:30:00-05:00,10.0600004196167,10.149999618530273,10.0600004196167,10.095000267028809,0,0.0,0.0
2023-12-12 10:30:00-05:00,10.060099601745605,10.154999732971191,10.060099601745605,10.154999732971191,9166,0.0,0.0
2023-12-12 11:30:00-05:00,10.149999618530273,10.15999984741211,10.149999618530273,10.154999732971191,15966,0.0,0.0
2023-12-12 12:30:00-05:00,10.151100158691406,10.151100158691406,10.135000228881836,10.135000228881836,14643,0.0,0.0
2023-12-12 13:30:00-05:00,10.130000114440918,10.130000114440918,10.079999923706055,10.079999923706055,15256,0.0,0.0
2023-12-12 14:30:00-05:00,10.079999923706055,10.079999923706055,10.020000457763672,10.020000457763672,0,0.0,0.0
2023-12-12 15:30:00-05:00,10.010000228881836,10.020000457763672,10.010000228881836,10.020000457763672,118556,0.0,0.0
2023-12-13 09:30:00-05:00,10.010000228881836,10.039999961853027,9.970000267028809,9.979999542236328,0,0.0,0.0
2023-12-13 10:30:00-05:00,10.0,10.020000457763672,9.979999542236328,9.989899635314941,33853,0.0,0.0
2023-12-13 11:30:00-05:00,9.979999542236328,9.979999542236328,9.930000305175781,9.9399995803833,37850,0.0,0.0
2023-12-13 12:30:00-05:00,9.9399995803833,9.944999694824219,9.920000076293945,9.930000305175781,35209,0.0,0.0
2023-12-13 13:30:00-05:00,9.930000305175781,10.010000228881836,9.890000343322754,9.99940013885498,47074,0.0,0.0
2023-12-13 14:30:00-05:00,10.005000114440918,10.061100006103516,9.994999885559082,10.020000457763672,60234,0.0,0.0
2023-12-13 15:30:00-05:00,10.020000457763672,10.100000381469727,10.020000457763672,10.100000381469727,47711,0.0,0.0
2023-12-14 09:30:00-05:00,10.119999885559082,10.244999885559082,10.119999885559082,10.21500015258789,0,0.0,0.0
2023-12-14 10:30:00-05:00,10.229999542236328,10.289999961853027,10.229999542236328,10.282299995422363,25102,0.0,0.0
2023-12-14 11:30:00-05:00,10.281000137329102,10.3149995803833,10.281000137329102,10.3100004196167,12719,0.0,0.0
2023-12-14 12:30:00-05:00,10.3100004196167,10.369999885559082,10.3100004196167,10.350000381469727,24842,0.0,0.0
2023-12-14 13:30:00-05:00,10.350099563598633,10.355199813842773,10.240099906921387,10.274999618530273,26651,0.0,0.0
2023-12-14 14:30:00-05:00,10.274999618530273,10.300000190734863,10.270000457763672,10.300000190734863,16898,0.0,0.0
2023-12-14 15:30:00-05:00,10.28499984741211,10.300000190734863,10.234999656677246,10.255000114440918,19627,0.0,0.0
2023-12-15 09:30:00-05:00,10.270000457763672,10.279999732971191,10.26099967956543,10.270299911499023,8265,0.0,0.0
2023-12-15 10:30:00-05:00,10.279999732971191,10.329999923706055,10.270000457763672,10.329999923706055,16534,0.0,0.0
2023-12-15 11:30:00-05:00,10.329999923706055,10.335000038146973,10.270000457763672,10.3149995803833,24857,0.0,0.0
2023-12-15 12:30:00-05:00,10.311300277709961,10.345000267028809,10.3100004196167,10.319999694824219,24252,0.0,0.0
2023-12-15 13:30:00-05:00,10.319999694824219,10.37030029296875,10.319999694824219,10.37030029296875,14293,0.0,0.0
2023-12-15 14:30:00-05:00,10.375,10.41469955444336,10.369999885559082,10.39009952545166,22747,0.0,0.0
2023-12-15 15:30:00-05:00,10.38599967956543,10.395000457763672,10.319999694824219,10.319999694824219,12165,0.0,0.0
2023-12-18 09:30:00-05:00,10.270000457763672,10.35260009765625,10.251700401306152,10.281599998474121,0,0.0,0.0
2023-12-18 10:30:00-05:00,10.312000274658203,10.335000038146973,10.312000274658203,10.331999778747559,14601,0.0,0.0
2023-12-18 11:30:00-05:00,10.329999923706055,10.330499649047852,10.300000190734863,10.319999694824219,18099,0.0,0.0
2023-12-18 12:30:00-05:00,10.329899787902832,10.329899787902832,10.239999771118164,10.305999755859375,34729,0.0,0.0
2023-12-18 13:30:00-05:00,10.300000190734863,10.300000190734863,10.270000457763672,10.289999961853027,8829,0.0,0.0
2023-12-18 14:30:00-05:00,10.28499984741211,10.289999961853027,10.210000038146973,10.229999542236328,48297,0.0,0.0
2023-12-18 15:30:00-05:00,10.220000267028809,10.239999771118164,10.220000267028809,10.234999656677246,0,0.0,0.0
2023-12-19 09:30:00-05:00,10.25,10.319999694824219,10.25,10.28499984741211,10636,0.0,0.0
2023-12-19 10:30:00-05:00,10.3100004196167,10.369999885559082,10.3100004196167,10.341400146484375,27464,0.0,0.0
2023-12-19 11:30:00-05:00,10.317000389099121,10.369099617004395,10.300100326538086,10.369099617004395,14047,0.0,0.0
2023-12-19 12:30:00-05:00,10.359999656677246,10.359999656677246,10.329999923706055,10.34000015258789,17985,0.0,0.0
2023-12-19 13:30:00-05:00,10.34000015258789,10.418299674987793,10.34000015258789,10.418299674987793,49861,0.0,0.0
2023-12-19 14:30:00-05:00,10.420000076293945,10.460000038146973,10.399999618530273,10.460000038146973,39880,0.0,0.0
2023-12-19 15:30:00-05:00,10.460000038146973,10.460000038146973,10.390000343322754,10.390000343322754,48291,0.0,0.0
2023-12-20 09:30:00-05:00,10.380000114440918,10.440699577331543,10.350000381469727,10.385000228881836,0,0.0,0.0
2023-12-20 10:30:00-05:00,10.399999618530273,10.40999984741211,10.359999656677246,10.399999618530273,13687,0.0,0.0
2023-12-20 11:30:00-05:00,10.399999618530273,10.399999618530273,10.350000381469727,10.350000381469727,9768,0.0,0.0
2023-12-20 12:30:00-05:00,10.368000030517578,10.399999618530273,10.350000381469727,10.399999618530273,16968,0.0,0.0
2023-12-20 13:30:00-05:00,10.399999618530273,10.470000267028809,10.399999618530273,10.470000267028809,11489,0.0,0.0
2023-12-20 14:30:00-05:00,10.470000267028809,10.489999771118164,10.390000343322754,10.399999618530273,23922,0.0,0.0
2023-12-20 15:30:00-05:00,10.40999984741211,10.420000076293945,10.390000343322754,10.390000343322754,0,0.0,0.0
2023-12-21 09:30:00-05:00,10.40999984741211,10.430800437927246,10.311200141906738,10.324999809265137,23456,0.0,0.0
2023-12-21 10:30:00-05:00,10.3100004196167,10.3149995803833,10.279999732971191,10.289899826049805,32128,0.0,0.0
2023-12-21 11:30:00-05:00,10.279500007629395,10.28499984741211,10.25,10.25,23364,0.0,0.0
2023-12-21 12:30:00-05:00,10.259900093078613,10.260000228881836,10.25,10.260000228881836,7674,0.0,0.0
2023-12-21 13:30:00-05:00,10.255000114440918,10.260000228881836,10.2524995803833,10.260000228881836,2212,0.0,0.0
2023-12-21 14:30:00-05:00,10.260000228881836,10.270000457763672,10.250200271606445,10.265000343322754,12628,0.0,0.0
2023-12-21 15:30:00-05:00,10.270000457763672,10.286999702453613,10.270000457763672,10.278200149536133,5321,0.0,0.0
2023-12-22 09:30:00-05:00,10.270000457763672,10.319999694824219,10.270000457763672,10.3100004196167,14883,0.0,0.0
2023-12-22 10:30:00-05:00,10.310999870300293,10.3149995803833,10.3100004196167,10.310600280761719,5491,0.0,0.0
2023-12-22 11:30:00-05:00,10.319999694824219,10.350000381469727,10.312000274658203,10.312000274658203,49603,0.0,0.0
2023-12-22 12:30:00-05:00,10.320899963378906,10.324999809265137,10.319999694824219,10.324999809265137,10337,0.0,0.0
2023-12-22 13:30:00-05:00,10.319999694824219,10.350000381469727,10.319999694824219,10.345000267028809,12767,0.0,0.0
2023-12-22 14:30:00-05:00,10.34000015258789,10.34000015258789,10.260000228881836,10.3149995803833,25766,0.0,0.0
2023-12-22 15:30:00-05:00,10.3100004196167,10.319999694824219,10.289999961853027,10.289999961853027,3647,0.0,0.0
2023-12-26 09:30:00-05:00,10.3100004196167,10.319999694824219,10.229999542236328,10.260299682617188,0,0.0,0.0
2023-12-26 10:30:00-05:00,10.270000457763672,10.324999809265137,10.270000457763672,10.324399948120117,21787,0.0,0.0
2023-12-26 11:30:00-05:00,10.324999809265137,10.350000381469727,10.319999694824219,10.329999923706055,16568,0.0,0.0
2023-12-26 12:30:00-05:00,10.329999923706055,10.334699630737305,10.319999694824219,10.322799682617188,9726,0.0,0.0
2023-12-26 13:30:00-05:00,10.319999694824219,10.324999809265137,10.300000190734863,10.300000190734863,16965,0.0,0.0
2023-12-26 14:30:00-05:00,10.305100440979004,10.329999923706055,10.270000457763672,10.289999961853027,31857,0.0,0.0
2023-12-26 15:30:00-05:00,10.289999961853027,10.292499542236328,10.25,10.260000228881836,22686,0.0,0.0
2023-12-27 09:30:00-05:00,10.260000228881836,10.335700035095215,10.25,10.3326997756958,11914,0.0,0.0
2023-12-27 10:30:00-05:00,10.34000015258789,10.350000381469727,10.3100004196167,10.3100004196167,8093,0.0,0.0
2023-12-27 11:30:00-05:00,10.304400444030762,10.350000381469727,10.279999732971191,10.289999961853027,28052,0.0,0.0
2023-12-27 12:30:00-05:00,10.295000076293945,10.29800033569336,10.260000228881836,10.28499984741211,10008,0.0,0.0
2023-12-27 13:30:00-05:00,10.28499984741211,10.289999961853027,10.255000114440918,10.255000114440918,19545,0.0,0.0
2023-12-27 14:30:00-05:00,10.250100135803223,10.270000457763672,10.229999542236328,10.239999771118164,48769,0.0,0.0
2023-12-27 15:30:00-05:00,10.26990032196045,10.270000457763672,10.255000114440918,10.267000198364258,3414,0.0,0.0
2023-12-28 09:30:00-05:00,10.1899995803833,10.260000228881836,10.1899995803833,10.255000114440918,0,0.0,0.0
2023-12-28 10:30:00-05:00,10.239999771118164,10.265000343322754,10.229999542236328,10.265000343322754,14451,0.0,0.0
2023-12-28 11:30:00-05:00,10.260000228881836,10.289999961853027,10.229999542236328,10.28969955444336,21903,0.0,0.0
2023-12-28 12:30:00-05:00,10.289999961853027,10.3149995803833,10.289999961853027,10.290900230407715,25556,0.0,0.0
2023-12-28 13:30:00-05:00,10.295000076293945,10.295000076293945,10.220000267028809,10.252900123596191,42055,0.0,0.0
2023-12-28 14:30:00-05:00,10.255000114440918,10.279600143432617,10.255000114440918,10.260000228881836,30550,0.0,0.0
2023-12-28 15:30:00-05:00,10.239999771118164,10.270000457763672,10.199999809265137,10.225000381469727,24244,0.0,0.0
2023-12-29 09:30:00-05:00,10.220000267028809,10.279999732971191,10.220000267028809,10.25,0,0.0,0.0
2023-12-29 10:30:00-05:00,10.250200271606445,10.286499977111816,10.239999771118164,10.260000228881836,30235,0.0,0.0
2023-12-29 11:30:00-05:00,10.260000228881836,10.270000457763672,10.229999542236328,10.255000114440918,18246,0.0,0.0
2023-12-29 12:30:00-05:00,10.260000228881836,10.267499923706055,10.260000228881836,10.264699935913086,11894,0.0,0.0
2023-12-29 13:30:00-05:00,10.260000228881836,10.265299797058105,10.260000228881836,10.264699935913086,5397,0.0,0.0
2023-12-29 14:30:00-05:00,10.270000457763672,10.270000457763672,10.260000228881836,10.268899917602539,14991,0.0,0.0
2023-12-29 15:30:00-05:00,10.265000343322754,10.270000457763672,10.229999542236328,10.234999656677246,37845,0.0,0.0
2024-01-02 09:30:00-05:00,10.279999732971191,10.319999694824219,10.25,10.3100004196167,0,0.0,0.0
2024-01-02 10:30:00-05:00,10.319999694824219,10.329999923706055,10.280099868774414,10.329999923706055,14181,0.0,0.0
2024-01-02 11:30:00-05:00,10.327799797058105,10.327799797058105,10.289999961853027,10.300000190734863,3152,0.0,0.0
2024-01-02 12:30:00-05:00,10.300000190734863,10.319999694824219,10.292900085449219,10.319999694824219,1860,0.0,0.0
2024-01-02 13:30:00-05:00,10.289999961853027,10.319999694824219,10.289999961853027,10.305000305175781,2220,0.0,0.0
2024-01-02 14:30:00-05:00,10.289999961853027,10.3100004196167,10.289999961853027,10.300000190734863,8733,0.0,0.0
2024-01-02 15:30:00-05:00,10.3100004196167,10.3100004196167,10.279999732971191,10.289999961853027,22109,0.0,0.0
2024-01-03 09:30:00-05:00,10.300000190734863,10.399999618530273,10.295000076293945,10.345000267028809,0,0.0,0.0
2024-01-03 10:30:00-05:00,10.358200073242188,10.380000114440918,10.335000038146973,10.340100288391113,22087,0.0,0.0
2024-01-03 11:30:00-05:00,10.350000381469727,10.359999656677246,10.34000015258789,10.350000381469727,7297,0.0,0.0
2024-01-03 12:30:00-05:00,10.340100288391113,10.359999656677246,10.34000015258789,10.34000015258789,6063,0.0,0.0
2024-01-03 13:30:00-05:00,10.34000015258789,10.359999656677246,10.34000015258789,10.34000015258789,590,0.0,0.0
2024-01-03 14:30:00-05:00,10.34000015258789,10.369999885559082,10.34000015258789,10.369999885559082,7469,0.0,0.0
2024-01-03 15:30:00-05:00,10.364999771118164,10.369999885559082,10.354999542236328,10.369999885559082,8870,0.0,0.0
2024-01-04 09:30:00-05:00,10.270000457763672,10.350000381469727,10.239999771118164,10.260000228881836,0,0.0,0.0
2024-01-04 10:30:00-05:00,10.260000228881836,10.289999961853027,10.25,10.265000343322754,24538,0.0,0.0
2024-01-04 11:30:00-05:00,10.265000343322754,10.270000457763672,10.25,10.260000228881836,12077,0.0,0.0
2024-01-04 12:30:00-05:00,10.260000228881836,10.289999961853027,10.260000228881836,10.260000228881836,9763,0.0,0.0
2024-01-04 13:30:00-05:00,10.260000228881836,10.265000343322754,10.260000228881836,10.260000228881836,3537,0.0,0.0
2024-01-04 14:30:00-05:00,10.260000228881836,10.270000457763672,10.260000228881836,10.260000228881836,11467,0.0,0.0
2024-01-04 15:30:00-05:00,10.265000343322754,10.279999732971191,10.260000228881836,10.276599884033203,9974,0.0,0.0
2024-01-05 09:30:00-05:00,10.279999732971191,10.319999694824219,10.21500015258789,10.289999961853027,29159,0.0,0.0
2024-01-05 10:30:00-05:00,10.270000457763672,10.270000457763672,10.239999771118164,10.239999771118164,7990,0.0,0.0
2024-01-05 11:30:00-05:00,10.239999771118164,10.270000457763672,10.229999542236328,10.246000289916992,8195,0.0,0.0
2024-01-05 12:30:00-05:00,10.239999771118164,10.25,10.239999771118164,10.244999885559082,5132,0.0,0.0
2024-01-05 13:30:00-05:00,10.25,10.259900093078613,10.239999771118164,10.244999885559082,9696,0.0,0.0
2024-01-05 14:30:00-05:00,10.244000434875488,10.25,10.239999771118164,10.244999885559082,9531,0.0,0.0
2024-01-05 15:30:00-05:00,10.244999885559082,10.25,10.239999771118164,10.239999771118164,10464,0.0,0.0
2024-01-08 09:30:00-05:00,10.270000457763672,10.319999694824219,10.270000457763672,10.319999694824219,0,0.0,0.0
2024-01-08 10:30:00-05:00,10.319999694824219,10.369999885559082,10.302000045776367,10.350000381469727,15653,0.0,0.0
2024-01-08 11:30:00-05:00,10.350000381469727,10.354700088500977,10.350000381469727,10.354700088500977,203,0.0,0.0
2024-01-08 12:30:00-05:00,10.310400009155273,10.339799880981445,10.3100004196167,10.339799880981445,5050,0.0,0.0
2024-01-08 13:30:00-05:00,10.337300300598145,10.337300300598145,10.337300300598145,10.337300300598145,1171,0.0,0.0
2024-01-08 14:30:00-05:00,10.329999923706055,10.335000038146973,10.320599555969238,10.329999923706055,4171,0.0,0.0
2024-01-08 15:30:00-05:00,10.329999923706055,10.34000015258789,10.329999923706055,10.34000015258789,3435,0.0,0.0
2024-01-09 09:30:00-05:00,10.300000190734863,10.359999656677246,10.300000190734863,10.350000381469727,24183,0.0,0.0
2024-01-09 10:30:00-05:00,10.350000381469727,10.359999656677246,10.3100004196167,10.329899787902832,14730,0.0,0.0
2024-01-09 11:30:00-05:00,10.3149995803833,10.3149995803833,10.312700271606445,10.3149995803833,2737,0.0,0.0
2024-01-09 12:30:00-05:00,10.318900108337402,10.319999694824219,10.3100004196167,10.3149995803833,3358,0.0,0.0
2024-01-09 13:30:00-05:00,10.3100004196167,10.3100004196167,10.289999961853027,10.309399604797363,11558,0.0,0.0
2024-01-09 14:30:00-05:00,10.270000457763672,10.289999961853027,10.270000457763672,10.270000457763672,7122,0.0,0.0
2024-01-09 15:30:00-05:00,10.270000457763672,10.28499984741211,10.270000457763672,10.270000457763672,4004,0.0,0.0
2024-01-10 09:30:00-05:00,10.300000190734863,10.319999694824219,10.289600372314453,10.289600372314453,3432,0.0,0.0
2024-01-10 10:30:00-05:00,10.251399993896484,10.270600318908691,10.25,10.270000457763672,1683,0.0,0.0
2024-01-10 11:30:00-05:00,10.280900001525879,10.280900001525879,10.272000312805176,10.272000312805176,6461,0.0,0.0
2024-01-10 12:30:00-05:00,10.27810001373291,10.27810001373291,10.27810001373291,10.27810001373291,1251,0.0,0.0
2024-01-10 13:30:00-05:00,10.28849983215332,10.28849983215332,10.279999732971191,10.279999732971191,5600,0.0,0.0
2024-01-10 14:30:00-05:00,10.279999732971191,10.289899826049805,10.279999732971191,10.28499984741211,15321,0.0,0.0
2024-01-10 15:30:00-05:00,10.28499984741211,10.28499984741211,10.25,10.270000457763672,3584,0.0,0.0
2024-01-11 09:30:00-05:00,10.25,10.289199829101562,10.239999771118164,10.244999885559082,13757,0.0,0.0
2024-01-11 10:30:00-05:00,10.25,10.259900093078613,10.25,10.259900093078613,6960,0.0,0.0
2024-01-11 11:30:00-05:00,10.25,10.270000457763672,10.25,10.25,24565,0.0,0.0
2024-01-11 12:30:00-05:00,10.260000228881836,10.284700393676758,10.255000114440918,10.270000457763672,23504,0.0,0.0
2024-01-11 13:30:00-05:00,10.274999618530273,10.295000076293945,10.274999618530273,10.289899826049805,14071,0.0,0.0
2024-01-11 14:30:00-05:00,10.28499984741211,10.300100326538086,10.279999732971191,10.289999961853027,25623,0.0,0.0
2024-01-11 15:30:00-05:00,10.28499984741211,10.289999961853027,10.260000228881836,10.260000228881836,10490,0.0,0.0
2024-01-12 09:30:00-05:00,10.279999732971191,10.305000305175781,10.260000228881836,10.300000190734863,0,0.0,0.0
2024-01-12 10:30:00-05:00,10.289999961853027,10.305000305175781,10.289999961853027,10.300000190734863,2667,0.0,0.0
2024-01-12 11:30:00-05:00,10.305000305175781,10.307499885559082,10.300000190734863,10.305000305175781,4128,0.0,0.0
2024-01-12 12:30:00-05:00,10.3100004196167,10.319999694824219,10.300000190734863,10.300100326538086,7202,0.0,0.0
2024-01-12 13:30:00-05:00,10.305000305175781,10.309900283813477,10.300000190734863,10.300000190734863,14269,0.0,0.0
2024-01-12 14:30:00-05:00,10.305000305175781,10.305700302124023,10.300000190734863,10.300000190734863,10623,0.0,0.0
2024-01-12 15:30:00-05:00,10.279999732971191,10.289999961853027,10.279999732971191,10.279999732971191,2932,0.0,0.0
2024-01-16 09:30:00-05:00,10.289999961853027,10.289999961853027,10.199999809265137,10.229999542236328,0,0.0,0.0
2024-01-16 10:30:00-05:00,10.229999542236328,10.239899635314941,10.229999542236328,10.229999542236328,18001,0.0,0.0
2024-01-16 11:30:00-05:00,10.229999542236328,10.239899635314941,10.210000038146973,10.210599899291992,8090,0.0,0.0
2024-01-16 12:30:00-05:00,10.212300300598145,10.214699745178223,10.172800064086914,10.172800064086914,6823,0.0,0.0
2024-01-16 13:30:00-05:00,10.182000160217285,10.199899673461914,10.182000160217285,10.1899995803833,9217,0.0,0.0
2024-01-16 14:30:00-05:00,10.1899995803833,10.199999809265137,10.183300018310547,10.1899995803833,21585,0.0,0.0
2024-01-16 15:30:00-05:00,10.1899995803833,10.199999809265137,10.170000076293945,10.199999809265137,7567,0.0,0.0
2024-01-17 09:30:00-05:00,10.1899995803833,10.199899673461914,10.15999984741211,10.164999961853027,10282,0.0,0.0
2024-01-17 10:30:00-05:00,10.155099868774414,10.161800384521484,10.130000114440918,10.161800384521484,10963,0.0,0.0
2024-01-17 11:30:00-05:00,10.15999984741211,10.180000305175781,10.15999984741211,10.175000190734863,15872,0.0,0.0
2024-01-17 12:30:00-05:00,10.180100440979004,10.1899995803833,10.170000076293945,10.170000076293945,22104,0.0,0.0
2024-01-17 13:30:00-05:00,10.175000190734863,10.180000305175781,10.170000076293945,10.175000190734863,12881,0.0,0.0
2024-01-17 14:30:00-05:00,10.170000076293945,10.175299644470215,10.170000076293945,10.170000076293945,10255,0.0,0.0
2024-01-17 15:30:00-05:00,10.170000076293945,10.170100212097168,10.140000343322754,10.149999618530273,8559,0.0,0.0
2024-01-18 09:30:00-05:00,10.149999618530273,10.187800407409668,10.149999618530273,10.170000076293945,0,0.0,0.0
2024-01-18 10:30:00-05:00,10.170000076293945,10.171199798583984,10.100000381469727,10.100000381469727,5531,0.0,0.0
2024-01-18 11:30:00-05:00,10.120100021362305,10.120100021362305,10.120100021362305,10.120100021362305,413,0.0,0.0
2024-01-18 12:30:00-05:00,10.130000114440918,10.155099868774414,10.130000114440918,10.155099868774414,8495,0.0,0.0
2024-01-18 13:30:00-05:00,10.154999732971191,10.1850004196167,10.149999618530273,10.1850004196167,11449,0.0,0.0
2024-01-18 14:30:00-05:00,10.180100440979004,10.1899995803833,10.180000305175781,10.180000305175781,20189,0.0,0.0
2024-01-18 15:30:00-05:00,10.175000190734863,10.182299613952637,10.15999984741211,10.170000076293945,3302,0.0,0.0
2024-01-19 09:30:00-05:00,10.180000305175781,10.180000305175781,10.050000190734863,10.069999694824219,0,0.0,0.0
2024-01-19 10:30:00-05:00,10.09000015258789,10.09000015258789,10.069999694824219,10.09000015258789,10427,0.0,0.0
2024-01-19 11:30:00-05:00,10.079999923706055,10.108499526977539,10.079999923706055,10.081000328063965,5501,0.0,0.0
2024-01-19 12:30:00-05:00,10.093999862670898,10.093999862670898,10.093999862670898,10.093999862670898,650,0.0,0.0
2024-01-19 13:30:00-05:00,10.109999656677246,10.168600082397461,10.109999656677246,10.161999702453613,21628,0.0,0.0
2024-01-19 14:30:00-05:00,10.15999984741211,10.175000190734863,10.15999984741211,10.175000190734863,20787,0.0,0.0
2024-01-19 15:30:00-05:00,10.175000190734863,10.180000305175781,10.170299530029297,10.180000305175781,16675,0.0,0.0
2024-01-22 09:30:00-05:00,10.199999809265137,10.270000457763672,10.15999984741211,10.270000457763672,0,0.0,0.0
2024-01-22 10:30:00-05:00,10.270000457763672,10.270000457763672,10.229999542236328,10.229999542236328,7451,0.0,0.0
2024-01-22 11:30:00-05:00,10.23490047454834,10.234999656677246,10.229999542236328,10.234999656677246,5102,0.0,0.0
2024-01-22 12:30:00-05:00,10.229999542236328,10.238800048828125,10.229999542236328,10.229999542236328,4789,0.0,0.0
2024-01-22 13:30:00-05:00,10.229999542236328,10.229999542236328,10.220000267028809,10.222999572753906,10369,0.0,0.0
2024-01-22 14:30:00-05:00,10.220000267028809,10.22599983215332,10.220000267028809,10.220000267028809,9258,0.0,0.0
2024-01-22 15:30:00-05:00,10.220000267028809,10.229999542236328,10.204999923706055,10.222000122070312,8792,0.0,0.0
2024-01-23 09:30:00-05:00,10.1899995803833,10.1899995803833,10.149999618530273,10.1899995803833,0,0.0,0.0
2024-01-23 10:30:00-05:00,10.1899995803833,10.199999809265137,10.1850004196167,10.1850004196167,35608,0.0,0.0
2024-01-23 11:30:00-05:00,10.180000305175781,10.1850004196167,10.175000190734863,10.180000305175781,9290,0.0,0.0
2024-01-23 12:30:00-05:00,10.180000305175781,10.180000305175781,10.170000076293945,10.170000076293945,0,0.0,0.0
2024-01-23 13:30:00-05:00,10.175200462341309,10.180000305175781,10.170000076293945,10.170000076293945,64762,0.0,0.0
2024-01-23 14:30:00-05:00,10.170000076293945,10.180000305175781,10.164999961853027,10.170000076293945,29809,0.0,0.0
2024-01-23 15:30:00-05:00,10.170000076293945,10.170000076293945,10.15999984741211,10.15999984741211,3122,0.0,0.0
2024-01-24 09:30:00-05:00,10.180000305175781,10.239999771118164,10.138400077819824,10.213000297546387,0,0.0,0.0
2024-01-24 10:30:00-05:00,10.225000381469727,10.225000381469727,10.180000305175781,10.180000305175781,14640,0.0,0.0
2024-01-24 11:30:00-05:00,10.180000305175781,10.184700012207031,10.135000228881836,10.180000305175781,38947,0.0,0.0
2024-01-24 12:30:00-05:00,10.180000305175781,10.192500114440918,10.170000076293945,10.192500114440918,52511,0.0,0.0
2024-01-24 13:30:00-05:00,10.190999984741211,10.239999771118164,10.1899995803833,10.239999771118164,21601,0.0,0.0
2024-01-24 14:30:00-05:00,10.25,10.255000114440918,10.229999542236328,10.239999771118164,15405,0.0,0.0
2024-01-24 15:30:00-05:00,10.239999771118164,10.239999771118164,10.199999809265137,10.204999923706055,21435,0.0,0.0
2024-01-25 09:30:00-05:00,10.239999771118164,10.289999961853027,10.239999771118164,10.279999732971191,9563,0.0,0.0
2024-01-25 10:30:00-05:00,10.289999961853027,10.36050033569336,10.289899826049805,10.34000015258789,18591,0.0,0.0
2024-01-25 11:30:00-05:00,10.34000015258789,10.34000015258789,10.300000190734863,10.300000190734863,16177,0.0,0.0
2024-01-25 12:30:00-05:00,10.300000190734863,10.300000190734863,10.239999771118164,10.25409984588623,17335,0.0,0.0
2024-01-25 13:30:00-05:00,10.251999855041504,10.319999694824219,10.251999855041504,10.3100004196167,11396,0.0,0.0
2024-01-25 14:30:00-05:00,10.312000274658203,10.312000274658203,10.295000076293945,10.303099632263184,23821,0.0,0.0
2024-01-25 15:30:00-05:00,10.300999641418457,10.3100004196167,10.289999961853027,10.3100004196167,0,0.0,0.0
2024-01-26 09:30:00-05:00,10.239999771118164,10.239999771118164,10.199999809265137,10.218400001525879,16026,0.0,0.0
2024-01-26 10:30:00-05:00,10.220000267028809,10.3100004196167,10.220000267028809,10.300000190734863,16724,0.0,0.0
2024-01-26 11:30:00-05:00,10.300000190734863,10.300000190734863,10.289999961853027,10.289999961853027,7777,0.0,0.0
2024-01-26 12:30:00-05:00,10.290300369262695,10.299200057983398,10.289999961853027,10.299200057983398,3492,0.0,0.0
2024-01-26 13:30:00-05:00,10.291099548339844,10.299300193786621,10.289999961853027,10.298700332641602,5977,0.0,0.0
2024-01-26 14:30:00-05:00,10.291099548339844,10.305000305175781,10.289999961853027,10.305000305175781,16373,0.0,0.0
2024-01-26 15:30:00-05:00,10.300000190734863,10.300000190734863,10.270000457763672,10.300000190734863,4132,0.0,0.0
2024-01-29 09:30:00-05:00,10.329999923706055,10.329999923706055,10.293000221252441,10.293000221252441,0,0.0,0.0
2024-01-29 10:30:00-05:00,10.300999641418457,10.3100004196167,10.260000228881836,10.290499687194824,8292,0.0,0.0
2024-01-29 11:30:00-05:00,10.305000305175781,10.359999656677246,10.305000305175781,10.359999656677246,7856,0.0,0.0
2024-01-29 12:30:00-05:00,10.389900207519531,10.404999732971191,10.380000114440918,10.404999732971191,9829,0.0,0.0
2024-01-29 13:30:00-05:00,10.404999732971191,10.429499626159668,10.399999618530273,10.420000076293945,10121,0.0,0.0
2024-01-29 14:30:00-05:00,10.420000076293945,10.46500015258789,10.420000076293945,10.460000038146973,24967,0.0,0.0
2024-01-29 15:30:00-05:00,10.449999809265137,10.46500015258789,10.420000076293945,10.420000076293945,15501,0.0,0.0
2024-01-30 09:30:00-05:00,10.449999809265137,10.469900131225586,10.372400283813477,10.372400283813477,23829,0.0,0.0
2024-01-30 10:30:00-05:00,10.40999984741211,10.4399995803833,10.40999984741211,10.4399995803833,9327,0.0,0.0
2024-01-30 11:30:00-05:00,10.460000038146973,10.470000267028809,10.4399995803833,10.4399995803833,6459,0.0,0.0
2024-01-30 12:30:00-05:00,10.454999923706055,10.454999923706055,10.430000305175781,10.449999809265137,3440,0.0,0.0
2024-01-30 13:30:00-05:00,10.454999923706055,10.460000038146973,10.4399995803833,10.453700065612793,9752,0.0,0.0
2024-01-30 14:30:00-05:00,10.454999923706055,10.482000350952148,10.454999923706055,10.479999542236328,7962,0.0,0.0
2024-01-30 15:30:00-05:00,10.479999542236328,10.479999542236328,10.380000114440918,10.404999732971191,15938,0.0,0.0
2024-01-31 09:30:00-05:00,10.479999542236328,10.545000076293945,10.449999809265137,10.520000457763672,0,0.0,0.0
2024-01-31 10:30:00-05:00,10.529999732971191,10.529999732971191,10.489999771118164,10.510000228881836,11856,0.0,0.0
2024-01-31 11:30:00-05:00,10.510000228881836,10.510000228881836,10.501099586486816,10.502599716186523,2918,0.0,0.0
2024-01-31 12:30:00-05:00,10.508000373840332,10.519399642944336,10.508000373840332,10.519399642944336,6030,0.0,0.0
2024-01-31 13:30:00-05:00,10.510000228881836,10.515000343322754,10.48009967803955,10.48009967803955,6644,0.0,0.0
2024-01-31 14:30:00-05:00,10.5,10.529899597167969,10.470000267028809,10.479999542236328,14932,0.0,0.0
2024-01-31 15:30:00-05:00,10.479999542236328,10.479999542236328,10.420000076293945,10.420000076293945,15436,0.0,0.0
2024-02-01 09:30:00-05:00,10.539999961853027,10.56659984588623,10.539999961853027,10.550000190734863,0,0.0,0.0
2024-02-01 10:30:00-05:00,10.56089973449707,10.567999839782715,10.529999732971191,10.529999732971191,7718,0.0,0.0
2024-02-01 11:30:00-05:00,10.529999732971191,10.539299964904785,10.5,10.510000228881836,15810,0.0,0.0
2024-02-01 12:30:00-05:00,10.510000228881836,10.520000457763672,10.489999771118164,10.510000228881836,33712,0.0,0.0
2024-02-01 13:30:00-05:00,10.491000175476074,10.510000228881836,10.491000175476074,10.5,2270,0.0,0.0
2024-02-01 14:30:00-05:00,10.489999771118164,10.489999771118164,10.449999809265137,10.451600074768066,19746,0.0,0.0
2024-02-01 15:30:00-05:00,10.449999809265137,10.449999809265137,10.421099662780762,10.430000305175781,10656,0.0,0.0
2024-02-02 09:30:00-05:00,10.390000343322754,10.399800300598145,10.34000015258789,10.390000343322754,8083,0.0,0.0
2024-02-02 10:30:00-05:00,10.384400367736816,10.390000343322754,10.359999656677246,10.359999656677246,800,0.0,0.0
2024-02-02 11:30:00-05:00,10.380000114440918,10.380000114440918,10.351099967956543,10.351099967956543,1939,0.0,0.0
2024-02-02 12:30:00-05:00,10.350000381469727,10.350000381469727,10.329999923706055,10.330100059509277,9526,0.0,0.0
2024-02-02 13:30:00-05:00,10.338500022888184,10.369999885559082,10.338500022888184,10.350000381469727,3545,0.0,0.0
2024-02-02 14:30:00-05:00,10.34000015258789,10.367600440979004,10.34000015258789,10.340100288391113,6586,0.0,0.0
2024-02-02 15:30:00-05:00,10.350000381469727,10.369999885559082,10.34000015258789,10.350000381469727,11466,0.0,0.0
2024-02-05 09:30:00-05:00,10.329999923706055,10.329999923706055,10.289999961853027,10.289999961853027,0,0.0,0.0
2024-02-05 10:30:00-05:00,10.296899795532227,10.296899795532227,10.260100364685059,10.289999961853027,5201,0.0,0.0
2024-02-05 11:30:00-05:00,10.271699905395508,10.289999961853027,10.271699905395508,10.289999961853027,3672,0.0,0.0
2024-02-05 12:30:00-05:00,10.279999732971191,10.300000190734863,10.279999732971191,10.300000190734863,1308,0.0,0.0
2024-02-05 13:30:00-05:00,10.289999961853027,10.289999961853027,10.25,10.25,5239,0.0,0.0
2024-02-05 14:30:00-05:00,10.263799667358398,10.279999732971191,10.263799667358398,10.279999732971191,1650,0.0,0.0
2024-02-05 15:30:00-05:00,10.278599739074707,10.278599739074707,10.250100135803223,10.260000228881836,2711,0.0,0.0
2024-02-06 09:30:00-05:00,10.270000457763672,10.300000190734863,10.270000457763672,10.288000106811523,0,0.0,0.0
2024-02-06 10:30:00-05:00,10.29259967803955,10.300000190734863,10.279999732971191,10.300000190734863,7312,0.0,0.0
2024-02-06 11:30:00-05:00,10.289999961853027,10.289999961853027,10.25,10.279999732971191,21544,0.0,0.0
2024-02-06 12:30:00-05:00,10.279899597167969,10.289999961853027,10.279899597167969,10.289999961853027,2003,0.0,0.0
2024-02-06 13:30:00-05:00,10.284000396728516,10.284000396728516,10.270000457763672,10.279999732971191,3746,0.0,0.0
2024-02-06 14:30:00-05:00,10.279999732971191,10.289899826049805,10.270000457763672,10.274700164794922,6332,0.0,0.0
2024-02-06 15:30:00-05:00,10.270000457763672,10.279999732971191,10.270000457763672,10.274999618530273,4074,0.0,0.0
2024-02-07 09:30:00-05:00,10.279999732971191,10.344099998474121,10.279999732971191,10.344099998474121,4278,0.0,0.0
2024-02-07 10:30:00-05:00,10.350000381469727,10.359999656677246,10.300000190734863,10.335200309753418,7660,0.0,0.0
2024-02-07 11:30:00-05:00,10.329999923706055,10.339900016784668,10.319999694824219,10.319999694824219,6046,0.0,0.0
2024-02-07 12:30:00-05:00,10.329500198364258,10.350000381469727,10.329500198364258,10.350000381469727,15232,0.0,0.0
2024-02-07 13:30:00-05:00,10.340100288391113,10.350000381469727,10.336199760437012,10.350000381469727,8092,0.0,0.0
2024-02-07 14:30:00-05:00,10.350000381469727,10.350000381469727,10.330100059509277,10.349900245666504,11772,0.0,0.0
2024-02-07 15:30:00-05:00,10.329999923706055,10.34000015258789,10.329999923706055,10.34000015258789,853,0.0,0.0
2024-02-08 09:30:00-05:00,10.34000015258789,10.380000114440918,10.329999923706055,10.339900016784668,13468,0.0,0.0
2024-02-08 10:30:00-05:00,10.34000015258789,10.359999656677246,10.3100004196167,10.324999809265137,9650,0.0,0.0
2024-02-08 11:30:00-05:00,10.329999923706055,10.335000038146973,10.3100004196167,10.335000038146973,2087,0.0,0.0
2024-02-08 12:30:00-05:00,10.333700180053711,10.350000381469727,10.333700180053711,10.335800170898438,8350,0.0,0.0
2024-02-08 13:30:00-05:00,10.34000015258789,10.348999977111816,10.329999923706055,10.34000015258789,3735,0.0,0.0
2024-02-08 14:30:00-05:00,10.34000015258789,10.350000381469727,10.329999923706055,10.350000381469727,7259,0.0,0.0
2024-02-08 15:30:00-05:00,10.350000381469727,10.369999885559082,10.340100288391113,10.369999885559082,12244,0.0,0.0
2024-02-09 09:30:00-05:00,10.350000381469727,10.369999885559082,10.346699714660645,10.368800163269043,0,0.0,0.0
2024-02-09 10:30:00-05:00,10.369999885559082,10.395000457763672,10.350099563598633,10.390000343322754,7392,0.0,0.0
2024-02-09 11:30:00-05:00,10.395000457763672,10.395000457763672,10.39009952545166,10.395000457763672,4635,0.0,0.0
2024-02-09 12:30:00-05:00,10.399200439453125,10.399200439453125,10.391200065612793,10.391200065612793,2485,0.0,0.0
2024-02-09 13:30:00-05:00,10.392499923706055,10.4350004196167,10.392499923706055,10.430000305175781,17120,0.0,0.0
2024-02-09 14:30:00-05:00,10.430000305175781,10.456199645996094,10.430000305175781,10.449999809265137,23497,0.0,0.0
2024-02-09 15:30:00-05:00,10.449999809265137,10.449999809265137,10.420000076293945,10.4399995803833,4994,0.0,0.0
2024-02-12 09:30:00-05:00,10.399999618530273,10.479999542236328,10.399999618530273,10.479999542236328,0,0.0,0.0
2024-02-12 10:30:00-05:00,10.487500190734863,10.515000343322754,10.487500190734863,10.515000343322754,8593,0.0,0.0
2024-02-12 11:30:00-05:00,10.51990032196045,10.528800010681152,10.510000228881836,10.528800010681152,6813,0.0,0.0
2024-02-12 12:30:00-05:00,10.520000457763672,10.520000457763672,10.511099815368652,10.511099815368652,9091,0.0,0.0
2024-02-12 13:30:00-05:00,10.515000343322754,10.539999961853027,10.515000343322754,10.539899826049805,13546,0.0,0.0
2024-02-12 14:30:00-05:00,10.539999961853027,10.569999694824219,10.536999702453613,10.5649995803833,27968,0.0,0.0
2024-02-12 15:30:00-05:00,10.5600004196167,10.5600004196167,10.53499984741211,10.53499984741211,5506,0.0,0.0
2024-02-13 09:30:00-05:00,10.479999542236328,10.5,10.4399995803833,10.48009967803955,35760,0.0,0.0
2024-02-13 10:30:00-05:00,10.481100082397461,10.489399909973145,10.481100082397461,10.4822998046875,5213,0.0,0.0
2024-02-13 11:30:00-05:00,10.479999542236328,10.479999542236328,10.4399995803833,10.449999809265137,25564,0.0,0.0
2024-02-13 12:30:00-05:00,10.449999809265137,10.449999809265137,10.449999809265137,10.449999809265137,335,0.0,0.0
2024-02-13 13:30:00-05:00,10.449999809265137,10.452799797058105,10.449999809265137,10.449999809265137,9284,0.0,0.0
2024-02-13 14:30:00-05:00,10.449999809265137,10.457200050354004,10.449999809265137,10.454999923706055,7914,0.0,0.0
2024-02-13 15:30:00-05:00,10.449999809265137,10.450200080871582,10.4399995803833,10.4399995803833,5813,0.0,0.0
2024-02-14 09:30:00-05:00,10.489999771118164,10.489999771118164,10.460000038146973,10.470000267028809,0,0.0,0.0
2024-02-14 10:30:00-05:00,10.5,10.529999732971191,10.489999771118164,10.529999732971191,2677,0.0,0.0
2024-02-14 11:30:00-05:00,10.529999732971191,10.539999961853027,10.529999732971191,10.539999961853027,3984,0.0,0.0
2024-02-14 12:30:00-05:00,10.539999961853027,10.540900230407715,10.539999961853027,10.540900230407715,5991,0.0,0.0
2024-02-14 13:30:00-05:00,10.549400329589844,10.549400329589844,10.539999961853027,10.539999961853027,3252,0.0,0.0
2024-02-14 14:30:00-05:00,10.539999961853027,10.5600004196167,10.539999961853027,10.5600004196167,24440,0.0,0.0
2024-02-14 15:30:00-05:00,10.550000190734863,10.550800323486328,10.510000228881836,10.51200008392334,14876,0.0,0.0
2024-02-15 09:30:00-05:00,10.550000190734863,10.569999694824219,10.510000228881836,10.555000305175781,0,0.0,0.0
2024-02-15 10:30:00-05:00,10.550000190734863,10.5600004196167,10.529999732971191,10.529999732971191,8071,0.0,0.0
2024-02-15 11:30:00-05:00,10.53499984741211,10.53499984741211,10.529999732971191,10.529999732971191,987,0.0,0.0
2024-02-15 12:30:00-05:00,10.529999732971191,10.539999961853027,10.510000228881836,10.510000228881836,8429,0.0,0.0
2024-02-15 13:30:00-05:00,10.511099815368652,10.519399642944336,10.51099967956543,10.51099967956543,2387,0.0,0.0
2024-02-15 14:30:00-05:00,10.515000343322754,10.550000190734863,10.5,10.550000190734863,6301,0.0,0.0
2024-02-15 15:30:00-05:00,10.520000457763672,10.539999961853027,10.520000457763672,10.520000457763672,5117,0.0,0.0
2024-02-16 09:30:00-05:00,10.510000228881836,10.510000228881836,10.46500015258789,10.46500015258789,0,0.0,0.0
2024-02-16 11:30:00-05:00,10.471599578857422,10.471599578857422,10.471599578857422,10.471599578857422,779,0.0,0.0
2024-02-16 12:30:00-05:00,10.475000381469727,10.479999542236328,10.470000267028809,10.475000381469727,20128,0.0,0.0
2024-02-16 13:30:00-05:00,10.470000267028809,10.475000381469727,10.470000267028809,10.475000381469727,1264,0.0,0.0
2024-02-16 14:30:00-05:00,10.475000381469727,10.484100341796875,10.470000267028809,10.479999542236328,6695,0.0,0.0
2024-02-16 15:30:00-05:00,10.484999656677246,10.489999771118164,10.479999542236328,10.479999542236328,2376,0.0,0.0
2024-02-20 09:30:00-05:00,10.449999809265137,10.479999542236328,10.430000305175781,10.439299583435059,0,0.0,0.0
2024-02-20 10:30:00-05:00,10.4399995803833,10.449999809265137,10.4399995803833,10.449999809265137,12016,0.0,0.0
2024-02-20 11:30:00-05:00,10.449999809265137,10.449999809265137,10.4399995803833,10.449999809265137,6290,0.0,0.0
2024-02-20 12:30:00-05:00,10.4399995803833,10.449999809265137,10.4399995803833,10.444999694824219,4595,0.0,0.0
2024-02-20 13:30:00-05:00,10.4399995803833,10.449999809265137,10.430000305175781,10.4399995803833,13232,0.0,0.0
2024-02-20 14:30:00-05:00,10.449999809265137,10.449999809265137,10.4399995803833,10.444999694824219,6146,0.0,0.0
2024-02-20 15:30:00-05:00,10.444999694824219,10.449999809265137,10.4399995803833,10.4443998336792,0,0.0,0.0
2024-02-21 09:30:00-05:00,10.470000267028809,10.470000267028809,10.470000267028809,10.470000267028809,479,0.0,0.0
2024-02-21 10:30:00-05:00,10.48009967803955,10.539999961853027,10.48009967803955,10.53499984741211,9514,0.0,0.0
2024-02-21 11:30:00-05:00,10.539999961853027,10.545000076293945,10.515000343322754,10.529999732971191,17874,0.0,0.0
2024-02-21 12:30:00-05:00,10.529999732971191,10.545000076293945,10.529999732971191,10.539999961853027,9346,0.0,0.0
2024-02-21 13:30:00-05:00,10.539999961853027,10.545000076293945,10.539999961853027,10.541000366210938,3738,0.0,0.0
2024-02-21 14:30:00-05:00,10.539999961853027,10.550000190734863,10.515000343322754,10.517999649047852,15759,0.0,0.0
2024-02-21 15:30:00-05:00,10.520000457763672,10.529999732971191,10.510000228881836,10.520000457763672,6575,0.0,0.0
2024-02-22 09:30:00-05:00,10.489999771118164,10.520000457763672,10.489999771118164,10.510700225830078,0,0.0,0.0
2024-02-22 10:30:00-05:00,10.510000228881836,10.510000228881836,10.484299659729004,10.488100051879883,13123,0.0,0.0
2024-02-22 11:30:00-05:00,10.479999542236328,10.486599922180176,10.479999542236328,10.483599662780762,587,0.0,0.0
2024-02-22 12:30:00-05:00,10.484999656677246,10.486000061035156,10.450699806213379,10.467900276184082,17053,0.0,0.0
2024-02-22 13:30:00-05:00,10.460200309753418,10.460200309753418,10.449999809265137,10.459400177001953,14162,0.0,0.0
2024-02-22 14:30:00-05:00,10.449999809265137,10.452500343322754,10.40999984741211,10.428799629211426,19639,0.0,0.0
2024-02-22 15:30:00-05:00,10.430000305175781,10.430000305175781,10.399999618530273,10.399999618530273,10865,0.0,0.0
2024-02-23 09:30:00-05:00,10.399999618530273,10.420000076293945,10.389900207519531,10.389900207519531,0,0.0,0.0
2024-02-23 10:30:00-05:00,10.399999618530273,10.399999618530273,10.380000114440918,10.389900207519531,8144,0.0,0.0
2024-02-23 11:30:00-05:00,10.385000228881836,10.399999618530273,10.369999885559082,10.38659954071045,14258,0.0,0.0
2024-02-23 12:30:00-05:00,10.390000343322754,10.40999984741211,10.390000343322754,10.390000343322754,13884,0.0,0.0
2024-02-23 13:30:00-05:00,10.390000343322754,10.390299797058105,10.390000343322754,10.390299797058105,933,0.0,0.0
2024-02-23 14:30:00-05:00,10.399200439453125,10.41469955444336,10.399200439453125,10.40999984741211,10798,0.0,0.0
2024-02-23 15:30:00-05:00,10.40999984741211,10.40999984741211,10.399999618530273,10.399999618530273,3560,0.0,0.0
2024-02-26 09:30:00-05:00,10.40999984741211,10.40999984741211,10.350000381469727,10.350000381469727,0,0.0,0.0
2024-02-26 10:30:00-05:00,10.369999885559082,10.380000114440918,10.369999885559082,10.369999885559082,10025,0.0,0.0
2024-02-26 11:30:00-05:00,10.369999885559082,10.379400253295898,10.345000267028809,10.345000267028809,11005,0.0,0.0
2024-02-26 12:30:00-05:00,10.34000015258789,10.34000015258789,10.289999961853027,10.289999961853027,24826,0.0,0.0
2024-02-26 13:30:00-05:00,10.289999961853027,10.289999961853027,10.270000457763672,10.28499984741211,13757,0.0,0.0
2024-02-26 14:30:00-05:00,10.289999961853027,10.300000190734863,10.279999732971191,10.289999961853027,19301,0.0,0.0
2024-02-26 15:30:00-05:00,10.279999732971191,10.280500411987305,10.239999771118164,10.239999771118164,17430,0.0,0.0
2024-02-27 09:30:00-05:00,10.25,10.25,10.199899673461914,10.210000038146973,0,0.0,0.0
2024-02-27 10:30:00-05:00,10.210000038146973,10.220000267028809,10.199899673461914,10.199899673461914,12816,0.0,0.0
2024-02-27 11:30:00-05:00,10.199999809265137,10.199999809265137,10.1899995803833,10.1899995803833,4859,0.0,0.0
2024-02-27 12:30:00-05:00,10.194999694824219,10.199999809265137,10.1899995803833,10.199999809265137,13460,0.0,0.0
2024-02-27 13:30:00-05:00,10.199999809265137,10.210000038146973,10.1943998336792,10.19950008392334,8142,0.0,0.0
2024-02-27 14:30:00-05:00,10.199700355529785,10.199999809265137,10.1899995803833,10.199600219726562,6207,0.0,0.0
2024-02-27 15:30:00-05:00,10.1899995803833,10.1899995803833,10.149999618530273,10.159299850463867,0,0.0,0.0
2024-02-28 09:30:00-05:00,10.180000305175781,10.229900360107422,10.140000343322754,10.149999618530273,83226,0.0,0.0
2024-02-28 10:30:00-05:00,10.149999618530273,10.15999984741211,10.149499893188477,10.149999618530273,31590,0.0,0.0
2024-02-28 11:30:00-05:00,10.149999618530273,10.15999984741211,10.140000343322754,10.147100448608398,17725,0.0,0.0
2024-02-28 12:30:00-05:00,10.149999618530273,10.149999618530273,10.140000343322754,10.149999618530273,17571,0.0,0.0
2024-02-28 13:30:00-05:00,10.145000457763672,10.199999809265137,10.145000457763672,10.1899995803833,24484,0.0,0.0
2024-02-28 14:30:00-05:00,10.1850004196167,10.1899995803833,10.180000305175781,10.1899995803833,18645,0.0,0.0
2024-02-28 15:30:00-05:00,10.1899995803833,10.1899995803833,10.180000305175781,10.1850004196167,5501,0.0,0.0
2024-02-29 09:30:00-05:00,10.229999542236328,10.25,10.198699951171875,10.207300186157227,65841,0.0,0.0
2024-02-29 10:30:00-05:00,10.208800315856934,10.220000267028809,10.194999694824219,10.199999809265137,15275,0.0,0.0
2024-02-29 11:30:00-05:00,10.199999809265137,10.210000038146973,10.1899995803833,10.210000038146973,6690,0.0,0.0
2024-02-29 12:30:00-05:00,10.219900131225586,10.219900131225586,10.194999694824219,10.199999809265137,15464,0.0,0.0
2024-02-29 13:30:00-05:00,10.199999809265137,10.199999809265137,10.180000305175781,10.1899995803833,24478,0.0,0.0
2024-02-29 14:30:00-05:00,10.1899995803833,10.1899995803833,10.180000305175781,10.180000305175781,10116,0.0,0.0
2024-02-29 15:30:00-05:00,10.1899995803833,10.1899995803833,10.180000305175781,10.1899995803833,3430,0.0,0.0
2024-03-01 09:30:00-05:00,10.15999984741211,10.21500015258789,10.140000343322754,10.1899995803833,48259,0.0,0.0
2024-03-01 10:30:00-05:00,10.199999809265137,10.199999809265137,10.180000305175781,10.1899995803833,8597,0.0,0.0
2024-03-01 11:30:00-05:00,10.181099891662598,10.1899995803833,10.181099891662598,10.189000129699707,1812,0.0,0.0
2024-03-01 12:30:00-05:00,10.1850004196167,10.1850004196167,10.15999984741211,10.169899940490723,25367,0.0,0.0
2024-03-01 13:30:00-05:00,10.169699668884277,10.199999809265137,10.166799545288086,10.170000076293945,45133,0.0,0.0
2024-03-01 14:30:00-05:00,10.166000366210938,10.170000076293945,10.15939998626709,10.159799575805664,15211,0.0,0.0
2024-03-01 15:30:00-05:00,10.154999732971191,10.169500350952148,10.149800300598145,10.15999984741211,19420,0.0,0.0
2024-03-04 09:30:00-05:00,10.140000343322754,10.1899995803833,10.140000343322754,10.169899940490723,0,0.0,0.0
2024-03-04 10:30:00-05:00,10.164999961853027,10.210000038146973,10.15999984741211,10.162199974060059,22311,0.0,0.0
2024-03-04 11:30:00-05:00,10.170000076293945,10.175000190734863,10.15999984741211,10.170000076293945,5675,0.0,0.0
2024-03-04 12:30:00-05:00,10.15999984741211,10.15999984741211,10.09000015258789,10.100000381469727,38021,0.0,0.0
2024-03-04 13:30:00-05:00,10.100000381469727,10.109999656677246,10.09000015258789,10.09000015258789,13346,0.0,0.0
2024-03-04 14:30:00-05:00,10.085000038146973,10.100000381469727,10.085000038146973,10.100000381469727,10599,0.0,0.0
2024-03-04 15:30:00-05:00,10.100000381469727,10.109999656677246,10.09000015258789,10.100000381469727,5757,0.0,0.0
2024-03-05 09:30:00-05:00,10.149999618530273,10.149999618530273,10.0600004196167,10.100000381469727,0,0.0,0.0
2024-03-05 10:30:00-05:00,10.100000381469727,10.119999885559082,10.079999923706055,10.109999656677246,20229,0.0,0.0
2024-03-05 11:30:00-05:00,10.100000381469727,10.109999656677246,10.100000381469727,10.100000381469727,14864,0.0,0.0
2024-03-05 12:30:00-05:00,10.09939956665039,10.100000381469727,10.09000015258789,10.09000015258789,14305,0.0,0.0
2024-03-05 13:30:00-05:00,10.098899841308594,10.100000381469727,10.087800025939941,10.087800025939941,10081,0.0,0.0
2024-03-05 14:30:00-05:00,10.09000015258789,10.100000381469727,10.084799766540527,10.100000381469727,5306,0.0,0.0
2024-03-05 15:30:00-05:00,10.100000381469727,10.100000381469727,10.090900421142578,10.100000381469727,6372,0.0,0.0
2024-03-06 09:30:00-05:00,10.100000381469727,10.140000343322754,10.039999961853027,10.069999694824219,0,0.0,0.0
2024-03-06 10:30:00-05:00,10.069999694824219,10.072199821472168,10.048999786376953,10.0649995803833,51054,0.0,0.0
2024-03-06 11:30:00-05:00,10.0649995803833,10.069999694824219,10.029999732971191,10.050000190734863,62138,0.0,0.0
2024-03-06 12:30:00-05:00,10.0649995803833,10.069999694824219,10.029999732971191,10.050000190734863,45171,0.0,0.0
2024-03-06 13:30:00-05:00,10.050000190734863,10.050000190734863,10.029999732971191,10.029999732971191,32688,0.0,0.0
2024-03-06 14:30:00-05:00,10.029999732971191,10.039999961853027,10.010000228881836,10.020000457763672,48419,0.0,0.0
2024-03-06 15:30:00-05:00,10.020000457763672,10.039999961853027,10.010000228881836,10.029999732971191,29250,0.0,0.0
2024-03-07 09:30:00-05:00,10.050000190734863,10.095000267028809,10.029999732971191,10.029999732971191,21412,0.0,0.0
2024-03-07 10:30:00-05:00,10.0600004196167,10.0600004196167,10.029999732971191,10.039999961853027,8100,0.0,0.0
2024-03-07 11:30:00-05:00,10.04419994354248,10.0600004196167,10.04419994354248,10.045000076293945,6430,0.0,0.0
2024-03-07 12:30:00-05:00,10.046899795532227,10.0600004196167,10.046899795532227,10.046899795532227,13853,0.0,0.0
2024-03-07 13:30:00-05:00,10.039999961853027,10.069999694824219,10.039999961853027,10.069000244140625,9003,0.0,0.0
2024-03-07 14:30:00-05:00,10.0600004196167,10.069999694824219,10.050000190734863,10.067999839782715,15291,0.0,0.0
2024-03-07 15:30:00-05:00,10.067999839782715,10.069999694824219,10.0600004196167,10.069999694824219,1456,0.0,0.0
2024-03-08 09:30:00-05:00,10.069999694824219,10.100000381469727,10.059000015258789,10.059000015258789,0,0.0,0.0
2024-03-08 10:30:00-05:00,10.069999694824219,10.079999923706055,10.065699577331543,10.069999694824219,31549,0.0,0.0
2024-03-08 11:30:00-05:00,10.069999694824219,10.109999656677246,10.069999694824219,10.09000015258789,15975,0.0,0.0
2024-03-08 12:30:00-05:00,10.09000015258789,10.09000015258789,10.079999923706055,10.079999923706055,3270,0.0,0.0
2024-03-08 13:30:00-05:00,10.109999656677246,10.109999656677246,10.05150032043457,10.06149959564209,11742,0.0,0.0
2024-03-08 14:30:00-05:00,10.079999923706055,10.100000381469727,10.069999694824219,10.09000015258789,16365,0.0,0.0
2024-03-08 15:30:00-05:00,10.085000038146973,10.087800025939941,10.050000190734863,10.079999923706055,19503,0.0,0.0
2024-03-11 09:30:00-04:00,10.069999694824219,10.100000381469727,10.0600004196167,10.098299980163574,0,0.0,0.0
2024-03-11 10:30:00-04:00,10.079999923706055,10.081999778747559,10.061699867248535,10.080100059509277,7366,0.0,0.0
2024-03-11 11:30:00-04:00,10.079999923706055,10.130000114440918,10.079999923706055,10.130000114440918,19978,0.0,0.0
2024-03-11 12:30:00-04:00,10.130000114440918,10.135000228881836,10.130000114440918,10.130000114440918,953,0.0,0.0
2024-03-11 13:30:00-04:00,10.140000343322754,10.170000076293945,10.140000343322754,10.15999984741211,20375,0.0,0.0
2024-03-11 14:30:00-04:00,10.15999984741211,10.15999984741211,10.149999618530273,10.150099754333496,12301,0.0,0.0
2024-03-11 15:30:00-04:00,10.153400421142578,10.153400421142578,10.140000343322754,10.145000457763672,2503,0.0,0.0
2024-03-12 09:30:00-04:00,10.140000343322754,10.149999618530273,10.121000289916992,10.145000457763672,15093,0.0,0.0
2024-03-12 10:30:00-04:00,10.143699645996094,10.170000076293945,10.130000114440918,10.15999984741211,22544,0.0,0.0
2024-03-12 11:30:00-04:00,10.15999984741211,10.164899826049805,10.15999984741211,10.15999984741211,5605,0.0,0.0
2024-03-12 12:30:00-04:00,10.154999732971191,10.15999984741211,10.149999618530273,10.149999618530273,8752,0.0,0.0
2024-03-12 13:30:00-04:00,10.149999618530273,10.164999961853027,10.148200035095215,10.15999984741211,16920,0.0,0.0
2024-03-12 14:30:00-04:00,10.15999984741211,10.170000076293945,10.149999618530273,10.170000076293945,9697,0.0,0.0
2024-03-12 15:30:00-04:00,10.17020034790039,10.180000305175781,10.15999984741211,10.170000076293945,1835,0.0,0.0
2024-03-13 09:30:00-04:00,10.15999984741211,10.1899995803833,10.15999984741211,10.170000076293945,0,0.0,0.0
2024-03-13 10:30:00-04:00,10.170000076293945,10.1899995803833,10.154999732971191,10.180000305175781,31473,0.0,0.0
2024-03-13 11:30:00-04:00,10.161499977111816,10.19909954071045,10.161499977111816,10.1899995803833,12470,0.0,0.0
2024-03-13 12:30:00-04:00,10.1899995803833,10.193400382995605,10.1899995803833,10.193400382995605,3665,0.0,0.0
2024-03-13 13:30:00-04:00,10.1899995803833,10.220000267028809,10.1899995803833,10.220000267028809,30563,0.0,0.0
2024-03-13 14:30:00-04:00,10.220000267028809,10.350000381469727,10.219900131225586,10.335000038146973,162554,0.0,0.0
2024-03-13 15:30:00-04:00,10.329999923706055,10.359999656677246,10.289999961853027,10.300000190734863,69558,0.0,0.0
2024-03-14 09:30:00-04:00,10.3100004196167,10.350000381469727,10.252300262451172,10.279999732971191,0,0.0,0.0
2024-03-14 10:30:00-04:00,10.300000190734863,10.3149995803833,10.270000457763672,10.281999588012695,33543,0.0,0.0
2024-03-14 11:30:00-04:00,10.289999961853027,10.289999961853027,10.270000457763672,10.270000457763672,12796,0.0,0.0
2024-03-14 12:30:00-04:00,10.270899772644043,10.270899772644043,10.25,10.25,8160,0.0,0.0
2024-03-14 13:30:00-04:00,10.25,10.255000114440918,10.25,10.25,5763,0.0,0.0
2024-03-14 14:30:00-04:00,10.25,10.257499694824219,10.25,10.25,13926,0.0,0.0
2024-03-14 15:30:00-04:00,10.25,10.25,10.229999542236328,10.229999542236328,7940,0.0,0.0
2024-03-15 09:30:00-04:00,10.229999542236328,10.239999771118164,10.199999809265137,10.239999771118164,0,0.0,0.0
2024-03-15 10:30:00-04:00,10.239999771118164,10.258000373840332,10.239999771118164,10.258000373840332,6367,0.0,0.0
2024-03-15 11:30:00-04:00,10.260000228881836,10.270000457763672,10.260000228881836,10.265000343322754,6352,0.0,0.0
2024-03-15 12:30:00-04:00,10.260000228881836,10.260000228881836,10.260000228881836,10.260000228881836,1416,0.0,0.0
2024-03-15 13:30:00-04:00,10.260000228881836,10.260000228881836,10.260000228881836,10.260000228881836,6591,0.0,0.0
2024-03-15 14:30:00-04:00,10.260000228881836,10.270000457763672,10.255000114440918,10.265000343322754,9294,0.0,0.0
2024-03-15 15:30:00-04:00,10.260000228881836,10.265000343322754,10.260000228881836,10.265000343322754,320,0.0,0.0
2024-03-18 09:30:00-04:00,10.220000267028809,10.289999961853027,10.220000267028809,10.289999961853027,0,0.0,0.0
2024-03-18 10:30:00-04:00,10.279999732971191,10.295000076293945,10.279999732971191,10.289999961853027,10240,0.0,0.0
2024-03-18 11:30:00-04:00,10.289999961853027,10.321100234985352,10.289999961853027,10.321100234985352,9826,0.0,0.0
2024-03-18 12:30:00-04:00,10.324999809265137,10.324999809265137,10.319999694824219,10.319999694824219,630,0.0,0.0
2024-03-18 13:30:00-04:00,10.319999694824219,10.327500343322754,10.270000457763672,10.270000457763672,25424,0.0,0.0
2024-03-18 14:30:00-04:00,10.25,10.289999961853027,10.249899864196777,10.259900093078613,24160,0.0,0.0
2024-03-18 15:30:00-04:00,10.260000228881836,10.260000228881836,10.25,10.25,2400,0.0,0.0
2024-03-19 09:30:00-04:00,10.34000015258789,10.34000015258789,10.220000267028809,10.255000114440918,0,0.0,0.0
2024-03-19 10:30:00-04:00,10.255000114440918,10.270000457763672,10.255000114440918,10.270000457763672,1033,0.0,0.0
2024-03-19 11:30:00-04:00,10.270899772644043,10.27970027923584,10.244999885559082,10.25,24339,0.0,0.0
2024-03-19 12:30:00-04:00,10.260000228881836,10.260000228881836,10.220000267028809,10.25,11537,0.0,0.0
2024-03-19 13:30:00-04:00,10.25,10.260000228881836,10.25,10.260000228881836,3939,0.0,0.0
2024-03-19 14:30:00-04:00,10.264100074768066,10.26990032196045,10.255000114440918,10.265000343322754,19936,0.0,0.0
2024-03-19 15:30:00-04:00,10.26990032196045,10.26990032196045,10.25,10.25,0,0.0,0.0
2024-03-20 09:30:00-04:00,10.260000228881836,10.260000228881836,10.239999771118164,10.25,693,0.0,0.0
2024-03-20 10:30:00-04:00,10.258399963378906,10.270000457763672,10.258399963378906,10.265000343322754,11833,0.0,0.0
2024-03-20 11:30:00-04:00,10.265000343322754,10.279399871826172,10.265000343322754,10.270400047302246,15898,0.0,0.0
2024-03-20 12:30:00-04:00,10.270099639892578,10.279999732971191,10.270000457763672,10.274999618530273,11006,0.0,0.0
2024-03-20 13:30:00-04:00,10.270000457763672,10.274999618530273,10.244999885559082,10.244999885559082,14534,0.0,0.0
2024-03-20 14:30:00-04:00,10.249899864196777,10.25,10.220000267028809,10.234700202941895,10522,0.0,0.0
2024-03-20 15:30:00-04:00,10.220000267028809,10.239999771118164,10.220000267028809,10.220000267028809,11967,0.0,0.0
2024-03-21 09:30:00-04:00,10.25,10.260000228881836,10.210000038146973,10.210000038146973,6169,0.0,0.0
2024-03-21 10:30:00-04:00,10.223999977111816,10.223999977111816,10.22089958190918,10.22089958190918,951,0.0,0.0
2024-03-21 11:30:00-04:00,10.225000381469727,10.225099563598633,10.220000267028809,10.220000267028809,3316,0.0,0.0
2024-03-21 12:30:00-04:00,10.225000381469727,10.265000343322754,10.225000381469727,10.261199951171875,20341,0.0,0.0
2024-03-21 13:30:00-04:00,10.265000343322754,10.270000457763672,10.260000228881836,10.260000228881836,9590,0.0,0.0
2024-03-21 14:30:00-04:00,10.260000228881836,10.265000343322754,10.255000114440918,10.260000228881836,18428,0.0,0.0
2024-03-21 15:30:00-04:00,10.260000228881836,10.260000228881836,10.229999542236328,10.229999542236328,3160,0.0,0.0
2024-03-22 09:30:00-04:00,10.25,10.270000457763672,10.210000038146973,10.270000457763672,27789,0.0,0.0
2024-03-22 10:30:00-04:00,10.270000457763672,10.29889965057373,10.265000343322754,10.289999961853027,11612,0.0,0.0
2024-03-22 11:30:00-04:00,10.289999961853027,10.295000076293945,10.289999961853027,10.294699668884277,7737,0.0,0.0
2024-03-22 12:30:00-04:00,10.289999961853027,10.300000190734863,10.289999961853027,10.300000190734863,17879,0.0,0.0
2024-03-22 13:30:00-04:00,10.300000190734863,10.303999900817871,10.300000190734863,10.300000190734863,13303,0.0,0.0
2024-03-22 14:30:00-04:00,10.300100326538086,10.309399604797363,10.279999732971191,10.279999732971191,25580,0.0,0.0
2024-03-22 15:30:00-04:00,10.279899597167969,10.279899597167969,10.260000228881836,10.270000457763672,2345,0.0,0.0
2024-03-25 09:30:00-04:00,10.279999732971191,10.279999732971191,10.240099906921387,10.260000228881836,0,0.0,0.0
2024-03-25 10:30:00-04:00,10.260000228881836,10.260000228881836,10.239999771118164,10.25529956817627,5386,0.0,0.0
2024-03-25 11:30:00-04:00,10.25,10.251099586486816,10.25,10.251099586486816,821,0.0,0.0
2024-03-25 12:30:00-04:00,10.250200271606445,10.255000114440918,10.250200271606445,10.255000114440918,4546,0.0,0.0
2024-03-25 13:30:00-04:00,10.25,10.25,10.25,10.25,5819,0.0,0.0
2024-03-25 14:30:00-04:00,10.25,10.260000228881836,10.25,10.260000228881836,14321,0.0,0.0
2024-03-25 15:30:00-04:00,10.26990032196045,10.26990032196045,10.220000267028809,10.234999656677246,3705,0.0,0.0
2024-03-26 09:30:00-04:00,10.25,10.289899826049805,10.240099906921387,10.287699699401855,0,0.0,0.0
2024-03-26 10:30:00-04:00,10.279999732971191,10.295000076293945,10.279999732971191,10.295000076293945,2560,0.0,0.0
2024-03-26 11:30:00-04:00,10.289999961853027,10.295000076293945,10.289999961853027,10.295000076293945,582,0.0,0.0
2024-03-26 12:30:00-04:00,10.289999961853027,10.29010009765625,10.279999732971191,10.28499984741211,18481,0.0,0.0
2024-03-26 13:30:00-04:00,10.279999732971191,10.28499984741211,10.279999732971191,10.279999732971191,3111,0.0,0.0
2024-03-26 14:30:00-04:00,10.286299705505371,10.288100242614746,10.27079963684082,10.274999618530273,24442,0.0,0.0
2024-03-26 15:30:00-04:00,10.260000228881836,10.260000228881836,10.229999542236328,10.239999771118164,5154,0.0,0.0
2024-03-27 09:30:00-04:00,10.279999732971191,10.279999732971191,10.270000457763672,10.274999618530273,0,0.0,0.0
2024-03-27 10:30:00-04:00,10.274999618530273,10.28499984741211,10.270000457763672,10.28499984741211,12917,0.0,0.0
2024-03-27 11:30:00-04:00,10.289999961853027,10.312199592590332,10.270000457763672,10.283900260925293,24504,0.0,0.0
2024-03-27 12:30:00-04:00,10.279999732971191,10.34000015258789,10.279999732971191,10.3149995803833,8114,0.0,0.0
2024-03-27 13:30:00-04:00,10.319999694824219,10.329999923706055,10.3100004196167,10.3100004196167,15421,0.0,0.0
2024-03-27 14:30:00-04:00,10.305000305175781,10.329999923706055,10.302499771118164,10.319999694824219,7519,0.0,0.0
2024-03-27 15:30:00-04:00,10.3100004196167,10.3100004196167,10.279999732971191,10.279999732971191,1545,0.0,0.0
2024-03-28 09:30:00-04:00,10.279999732971191,10.289999961853027,10.279999732971191,10.285200119018555,0,0.0,0.0
2024-03-28 10:30:00-04:00,10.28499984741211,10.28499984741211,10.28499984741211,10.28499984741211,284,0.0,0.0
2024-03-28 11:30:00-04:00,10.28499984741211,10.289899826049805,10.279999732971191,10.28499984741211,6822,0.0,0.0
2024-03-28 12:30:00-04:00,10.286600112915039,10.289899826049805,10.279999732971191,10.283499717712402,7335,0.0,0.0
2024-03-28 13:30:00-04:00,10.280099868774414,10.286299705505371,10.279999732971191,10.279999732971191,5575,0.0,0.0
2024-03-28 14:30:00-04:00,10.279999732971191,10.28499984741211,10.279999732971191,10.279999732971191,5567,0.0,0.0
2024-03-28 15:30:00-04:00,10.270000457763672,10.270000457763672,10.210000038146973,10.210000038146973,19563,0.0,0.0
2024-04-01 09:30:00-04:00,10.180000305175781,10.267999649047852,10.175000190734863,10.175000190734863,20976,0.0,0.0
2024-04-01 10:30:00-04:00,10.175000190734863,10.179900169372559,10.140000343322754,10.149100303649902,5829,0.0,0.0
2024-04-01 11:30:00-04:00,10.145000457763672,10.145000457763672,10.13010025024414,10.135000228881836,5708,0.0,0.0
2024-04-01 12:30:00-04:00,10.140000343322754,10.140000343322754,10.079999923706055,10.0871000289917,22201,0.0,0.0
2024-04-01 13:30:00-04:00,10.086899757385254,10.100000381469727,10.079999923706055,10.09000015258789,7560,0.0,0.0
2024-04-01 14:30:00-04:00,10.09000015258789,10.100000381469727,10.09000015258789,10.095000267028809,11757,0.0,0.0
2024-04-01 15:30:00-04:00,10.095000267028809,10.100000381469727,10.09000015258789,10.095000267028809,6320,0.0,0.0
2024-04-02 09:30:00-04:00,10.039999961853027,10.0600004196167,10.013799667358398,10.029999732971191,14057,0.0,0.0
2024-04-02 10:30:00-04:00,10.055000305175781,10.069999694824219,10.050000190734863,10.0600004196167,2415,0.0,0.0
2024-04-02 11:30:00-04:00,10.0649995803833,10.0649995803833,10.050000190734863,10.050000190734863,4676,0.0,0.0
2024-04-02 12:30:00-04:00,10.0600004196167,10.069999694824219,10.039999961853027,10.039999961853027,5956,0.0,0.0
2024-04-02 13:30:00-04:00,10.039999961853027,10.050000190734863,10.024999618530273,10.029999732971191,7826,0.0,0.0
2024-04-02 14:30:00-04:00,10.029999732971191,10.039999961853027,10.029999732971191,10.029999732971191,3842,0.0,0.0
2024-04-02 15:30:00-04:00,10.029999732971191,10.039999961853027,10.020000457763672,10.029999732971191,13518,0.0,0.0
2024-04-03 09:30:00-04:00,9.989999771118164,10.005000114440918,9.930000305175781,9.960000038146973,45841,0.0,0.0
2024-04-03 10:30:00-04:00,9.960000038146973,9.979999542236328,9.949999809265137,9.960000038146973,9949,0.0,0.0
2024-04-03 11:30:00-04:00,9.954999923706055,9.970000267028809,9.930000305175781,9.944999694824219,24183,0.0,0.0
2024-04-03 12:30:00-04:00,9.949999809265137,9.959099769592285,9.9399995803833,9.940099716186523,19425,0.0,0.0
2024-04-03 13:30:00-04:00,9.9399995803833,9.9399995803833,9.920000076293945,9.920000076293945,18847,0.0,0.0
2024-04-03 14:30:00-04:00,9.925000190734863,9.95199966430664,9.920000076293945,9.9399995803833,32650,0.0,0.0
2024-04-03 15:30:00-04:00,9.949899673461914,9.960000038146973,9.949899673461914,9.960000038146973,7692,0.0,0.0
2024-04-04 09:30:00-04:00,9.9399995803833,9.969900131225586,9.925000190734863,9.930000305175781,0,0.0,0.0
2024-04-04 10:30:00-04:00,9.930000305175781,9.930000305175781,9.899999618530273,9.904999732971191,9840,0.0,0.0
2024-04-04 11:30:00-04:00,9.930000305175781,9.930000305175781,9.890000343322754,9.895000457763672,41254,0.0,0.0
2024-04-04 12:30:00-04:00,9.895000457763672,9.930000305175781,9.890000343322754,9.925000190734863,13363,0.0,0.0
2024-04-04 13:30:00-04:00,9.920000076293945,9.920000076293945,9.890000343322754,9.899999618530273,5779,0.0,0.0
2024-04-04 14:30:00-04:00,9.899999618530273,9.920000076293945,9.890000343322754,9.899999618530273,21134,0.0,0.0
2024-04-04 15:30:00-04:00,9.90999984741211,9.920000076293945,9.899999618530273,9.90999984741211,0,0.0,0.0
2024-04-05 09:30:00-04:00,9.859999656677246,9.90999984741211,9.859999656677246,9.90999984741211,9645,0.0,0.0
2024-04-05 10:30:00-04:00,9.903800010681152,9.903800010681152,9.869999885559082,9.895000457763672,10587,0.0,0.0
2024-04-05 11:30:00-04:00,9.899999618530273,9.899999618530273,9.859999656677246,9.895000457763672,21051,0.0,0.0
2024-04-05 12:30:00-04:00,9.899999618530273,9.899999618530273,9.890000343322754,9.899999618530273,3490,0.0,0.0
2024-04-05 13:30:00-04:00,9.901300430297852,9.90999984741211,9.890000343322754,9.90999984741211,12789,0.0,0.0
2024-04-05 14:30:00-04:00,9.900099754333496,9.9399995803833,9.899999618530273,9.904999732971191,58346,0.0,0.0
2024-04-05 15:30:00-04:00,9.904999732971191,9.90999984741211,9.890000343322754,9.90999984741211,18570,0.0,0.0
2024-04-08 09:30:00-04:00,9.880000114440918,9.960000038146973,9.880000114440918,9.960000038146973,0,0.0,0.0
2024-04-08 10:30:00-04:00,9.960000038146973,9.960000038146973,9.920000076293945,9.930000305175781,4007,0.0,0.0
2024-04-08 11:30:00-04:00,9.933199882507324,9.933199882507324,9.899999618530273,9.920000076293945,5168,0.0,0.0
2024-04-08 12:30:00-04:00,9.90999984741211,9.920000076293945,9.90999984741211,9.90999984741211,6942,0.0,0.0
2024-04-08 13:30:00-04:00,9.900099754333496,9.90999984741211,9.900099754333496,9.902000427246094,6432,0.0,0.0
2024-04-08 14:30:00-04:00,9.899999618530273,9.920000076293945,9.891799926757812,9.894000053405762,6976,0.0,0.0
2024-04-08 15:30:00-04:00,9.895000457763672,9.895000457763672,9.890000343322754,9.895000457763672,0,0.0,0.0
2024-04-09 09:30:00-04:00,9.90999984741211,9.925000190734863,9.899999618530273,9.92020034790039,14538,0.0,0.0
2024-04-09 10:30:00-04:00,9.920000076293945,9.928899765014648,9.914999961853027,9.928899765014648,2079,0.0,0.0
2024-04-09 11:30:00-04:00,9.925000190734863,9.9350004196167,9.920000076293945,9.932499885559082,20261,0.0,0.0
2024-04-09 12:30:00-04:00,9.938699722290039,9.938699722290039,9.930000305175781,9.9350004196167,2954,0.0,0.0
2024-04-09 13:30:00-04:00,9.937299728393555,9.946100234985352,9.937299728393555,9.944700241088867,21262,0.0,0.0
2024-04-09 14:30:00-04:00,9.944999694824219,9.949799537658691,9.9399995803833,9.944999694824219,6756,0.0,0.0
2024-04-09 15:30:00-04:00,9.944999694824219,9.949999809265137,9.937000274658203,9.9399995803833,0,0.0,0.0
2024-04-10 09:30:00-04:00,9.899999618530273,9.920000076293945,9.760000228881836,9.817999839782715,62005,0.0,0.0
2024-04-10 10:30:00-04:00,9.819000244140625,9.84000015258789,9.817999839782715,9.84000015258789,8202,0.0,0.0
2024-04-10 11:30:00-04:00,9.84000015258789,9.84000015258789,9.829999923706055,9.835000038146973,9299,0.0,0.0
2024-04-10 12:30:00-04:00,9.836299896240234,9.836299896240234,9.800000190734863,9.8100004196167,23296,0.0,0.0
2024-04-10 13:30:00-04:00,9.810099601745605,9.829899787902832,9.8100004196167,9.829899787902832,9444,0.0,0.0
2024-04-10 14:30:00-04:00,9.820300102233887,9.824999809265137,9.819999694824219,9.819999694824219,4652,0.0,0.0
2024-04-10 15:30:00-04:00,9.819999694824219,9.819999694824219,9.800000190734863,9.800000190734863,0,0.0,0.0
2024-04-11 09:30:00-04:00,9.869999885559082,9.869999885559082,9.795000076293945,9.795000076293945,4969,0.0,0.0
2024-04-11 10:30:00-04:00,9.79990005493164,9.829999923706055,9.795000076293945,9.823800086975098,20978,0.0,0.0
2024-04-11 11:30:00-04:00,9.829999923706055,9.8302001953125,9.789999961853027,9.800000190734863,20930,0.0,0.0
2024-04-11 12:30:00-04:00,9.819999694824219,9.830100059509277,9.819999694824219,9.830100059509277,5066,0.0,0.0
2024-04-11 13:30:00-04:00,9.84000015258789,9.845000267028809,9.835000038146973,9.840299606323242,8951,0.0,0.0
2024-04-11 14:30:00-04:00,9.845000267028809,9.854999542236328,9.84000015258789,9.854999542236328,17207,0.0,0.0
2024-04-11 15:30:00-04:00,9.845000267028809,9.845000267028809,9.835000038146973,9.84000015258789,1943,0.0,0.0
2024-04-12 09:30:00-04:00,9.850000381469727,9.875,9.850000381469727,9.859999656677246,0,0.0,0.0
2024-04-12 10:30:00-04:00,9.869999885559082,9.880000114440918,9.859999656677246,9.864999771118164,17214,0.0,0.0
2024-04-12 11:30:00-04:00,9.879799842834473,9.879799842834473,9.84000015258789,9.856900215148926,14024,0.0,0.0
2024-04-12 12:30:00-04:00,9.854999542236328,9.875,9.854999542236328,9.869999885559082,9650,0.0,0.0
2024-04-12 13:30:00-04:00,9.869999885559082,9.875,9.869999885559082,9.869999885559082,8979,0.0,0.0
2024-04-12 14:30:00-04:00,9.869999885559082,9.869999885559082,9.859999656677246,9.859999656677246,12412,0.0,0.0
2024-04-12 15:30:00-04:00,9.859999656677246,9.859999656677246,9.859999656677246,9.859999656677246,428,0.0,0.0
2024-04-15 09:30:00-04:00,9.829999923706055,9.829999923706055,9.776399612426758,9.779999732971191,8341,0.0,0.0
2024-04-15 10:30:00-04:00,9.788999557495117,9.789899826049805,9.779999732971191,9.779999732971191,1225,0.0,0.0
2024-04-15 11:30:00-04:00,9.789999961853027,9.79990005493164,9.774999618530273,9.789999961853027,17612,0.0,0.0
2024-04-15 12:30:00-04:00,9.789999961853027,9.800000190734863,9.789999961853027,9.789999961853027,9661,0.0,0.0
2024-04-15 13:30:00-04:00,9.789999961853027,9.795000076293945,9.779899597167969,9.78499984741211,10276,0.0,0.0
2024-04-15 14:30:00-04:00,9.78499984741211,9.789999961853027,9.774999618530273,9.779999732971191,6532,0.0,0.0
2024-04-15 15:30:00-04:00,9.784199714660645,9.78499984741211,9.779999732971191,9.779999732971191,948,0.0,0.0
2024-04-16 09:30:00-04:00,9.75,9.780400276184082,9.75,9.779999732971191,17848,0.0,0.0
2024-04-16 10:30:00-04:00,9.779999732971191,9.800000190734863,9.779999732971191,9.800000190734863,2282,0.0,0.0
2024-04-16 11:30:00-04:00,9.805000305175781,9.805000305175781,9.800100326538086,9.800100326538086,1239,0.0,0.0
2024-04-16 12:30:00-04:00,9.805000305175781,9.805000305175781,9.800000190734863,9.803600311279297,4354,0.0,0.0
2024-04-16 13:30:00-04:00,9.802000045776367,9.8149995803833,9.802000045776367,9.810999870300293,5733,0.0,0.0
2024-04-16 14:30:00-04:00,9.8149995803833,9.8149995803833,9.8100004196167,9.8100004196167,212,0.0,0.0
2024-04-16 15:30:00-04:00,9.8100004196167,9.810199737548828,9.789999961853027,9.789999961853027,2864,0.0,0.0
2024-04-17 09:30:00-04:00,9.8100004196167,9.8100004196167,9.789999961853027,9.795000076293945,0,0.0,0.0
2024-04-17 10:30:00-04:00,9.792499542236328,9.819999694824219,9.792499542236328,9.819999694824219,6516,0.0,0.0
2024-04-17 11:30:00-04:00,9.819999694824219,9.824999809265137,9.819999694824219,9.819999694824219,5319,0.0,0.0
2024-04-17 12:30:00-04:00,9.819999694824219,9.831199645996094,9.819999694824219,9.830100059509277,11069,0.0,0.0
2024-04-17 13:30:00-04:00,9.839900016784668,9.845000267028809,9.835000038146973,9.845000267028809,7586,0.0,0.0
2024-04-17 14:30:00-04:00,9.845000267028809,9.854999542236328,9.84000015258789,9.850099563598633,2320,0.0,0.0
2024-04-17 15:30:00-04:00,9.856300354003906,9.856300354003906,9.84000015258789,9.845000267028809,1030,0.0,0.0
2024-04-18 09:30:00-04:00,9.829999923706055,9.829999923706055,9.78499984741211,9.829999923706055,12717,0.0,0.0
2024-04-18 10:30:00-04:00,9.829999923706055,9.849900245666504,9.824999809265137,9.845000267028809,9834,0.0,0.0
2024-04-18 11:30:00-04:00,9.850000381469727,9.850000381469727,9.84000015258789,9.845000267028809,7478,0.0,0.0
2024-04-18 12:30:00-04:00,9.845000267028809,9.845000267028809,9.84000015258789,9.845000267028809,1107,0.0,0.0
2024-04-18 13:30:00-04:00,9.845000267028809,9.845000267028809,9.84000015258789,9.84000015258789,8402,0.0,0.0
2024-04-18 14:30:00-04:00,9.84000015258789,9.842499732971191,9.835000038146973,9.84000015258789,4809,0.0,0.0
2024-04-18 15:30:00-04:00,9.829999923706055,9.829999923706055,9.829999923706055,9.829999923706055,0,0.0,0.0
2024-04-19 09:30:00-04:00,9.890000343322754,9.899900436401367,9.84000015258789,9.850000381469727,8673,0.0,0.0
2024-04-19 10:30:00-04:00,9.854999542236328,9.859000205993652,9.854999542236328,9.854999542236328,4516,0.0,0.0
2024-04-19 11:30:00-04:00,9.850000381469727,9.854999542236328,9.850000381469727,9.850000381469727,2846,0.0,0.0
2024-04-19 12:30:00-04:00,9.850000381469727,9.859700202941895,9.845000267028809,9.859700202941895,15347,0.0,0.0
2024-04-19 13:30:00-04:00,9.850000381469727,9.850000381469727,9.84000015258789,9.845000267028809,3650,0.0,0.0
2024-04-19 14:30:00-04:00,9.84000015258789,9.859999656677246,9.84000015258789,9.84000015258789,25825,0.0,0.0
2024-04-19 15:30:00-04:00,9.829999923706055,9.835000038146973,9.8100004196167,9.819999694824219,7345,0.0,0.0
2024-04-22 09:30:00-04:00,9.8100004196167,9.850000381469727,9.8100004196167,9.850000381469727,0,0.0,0.0
2024-04-22 10:30:00-04:00,9.850000381469727,9.869999885559082,9.850000381469727,9.869999885559082,9328,0.0,0.0
2024-04-22 11:30:00-04:00,9.869999885559082,9.875,9.864999771118164,9.864999771118164,4476,0.0,0.0
2024-04-22 12:30:00-04:00,9.86989974975586,9.86989974975586,9.864999771118164,9.864999771118164,599,0.0,0.0
2024-04-22 13:30:00-04:00,9.869999885559082,9.876099586486816,9.869999885559082,9.875,3506,0.0,0.0
2024-04-22 14:30:00-04:00,9.869999885559082,9.8774995803833,9.864999771118164,9.875,11852,0.0,0.0
2024-04-22 15:30:00-04:00,9.875,9.875300407409668,9.8100004196167,9.819899559020996,5819,0.0,0.0
2024-04-23 09:30:00-04:00,9.770000457763672,9.820899963378906,9.770000457763672,9.820899963378906,0,0.0,0.0
2024-04-23 10:30:00-04:00,9.832500457763672,9.832500457763672,9.829999923706055,9.829999923706055,2375,0.0,0.0
2024-04-23 11:30:00-04:00,9.835000038146973,9.835000038146973,9.824999809265137,9.835000038146973,7141,0.0,0.0
2024-04-23 12:30:00-04:00,9.835000038146973,9.839900016784668,9.829999923706055,9.839900016784668,4536,0.0,0.0
2024-04-23 13:30:00-04:00,9.830100059509277,9.830100059509277,9.829999923706055,9.829999923706055,904,0.0,0.0
2024-04-23 14:30:00-04:00,9.831000328063965,9.835000038146973,9.824999809265137,9.829999923706055,13071,0.0,0.0
2024-04-23 15:30:00-04:00,9.819999694824219,9.829899787902832,9.819999694824219,9.819999694824219,8661,0.0,0.0
2024-04-24 09:30:00-04:00,9.819999694824219,9.819999694824219,9.789999961853027,9.789999961853027,0,0.0,0.0
2024-04-24 10:30:00-04:00,9.789999961853027,9.795000076293945,9.789999961853027,9.789999961853027,1804,0.0,0.0
2024-04-24 11:30:00-04:00,9.789999961853027,9.800000190734863,9.789999961853027,9.800000190734863,7617,0.0,0.0
2024-04-24 12:30:00-04:00,9.800000190734863,9.809900283813477,9.789999961853027,9.800000190734863,9694,0.0,0.0
2024-04-24 13:30:00-04:00,9.800000190734863,9.819999694824219,9.800000190734863,9.816399574279785,14357,0.0,0.0
2024-04-24 14:30:00-04:00,9.811599731445312,9.824999809265137,9.8100004196167,9.824999809265137,7357,0.0,0.0
2024-04-24 15:30:00-04:00,9.8149995803833,9.817999839782715,9.789999961853027,9.789999961853027,5998,0.0,0.0
2024-04-25 09:30:00-04:00,9.770000457763672,9.770000457763672,9.720100402832031,9.73639965057373,0,0.0,0.0
2024-04-25 10:30:00-04:00,9.760000228881836,9.760000228881836,9.752599716186523,9.752599716186523,2959,0.0,0.0
2024-04-25 11:30:00-04:00,9.75,9.755000114440918,9.744999885559082,9.755000114440918,2421,0.0,0.0
2024-04-25 12:30:00-04:00,9.759900093078613,9.759900093078613,9.753899574279785,9.753899574279785,764,0.0,0.0
2024-04-25 14:30:00-04:00,9.755000114440918,9.755000114440918,9.755000114440918,9.755000114440918,1527,0.0,0.0
2024-04-26 09:30:00-04:00,9.760000228881836,9.774999618530273,9.739999771118164,9.774999618530273,0,0.0,0.0
2024-04-26 10:30:00-04:00,9.770000457763672,9.770000457763672,9.760000228881836,9.76990032196045,13303,0.0,0.0
2024-04-26 11:30:00-04:00,9.770000457763672,9.78499984741211,9.770000457763672,9.780099868774414,5490,0.0,0.0
2024-04-26 12:30:00-04:00,9.789999961853027,9.800000190734863,9.789999961853027,9.795000076293945,5893,0.0,0.0
2024-04-26 13:30:00-04:00,9.795000076293945,9.8149995803833,9.760000228881836,9.760000228881836,20486,0.0,0.0
2024-04-26 14:30:00-04:00,9.765000343322754,9.768799781799316,9.765000343322754,9.768799781799316,207,0.0,0.0
2024-04-26 15:30:00-04:00,9.760000228881836,9.760000228881836,9.75,9.75,1046,0.0,0.0
2024-04-29 09:30:00-04:00,9.770000457763672,9.770000457763672,9.751299858093262,9.765000343322754,12843,0.0,0.0
2024-04-29 10:30:00-04:00,9.765000343322754,9.765000343322754,9.75,9.755000114440918,15934,0.0,0.0
2024-04-29 11:30:00-04:00,9.755000114440918,9.765000343322754,9.75059986114502,9.765000343322754,7030,0.0,0.0
2024-04-29 12:30:00-04:00,9.76099967956543,9.765000343322754,9.755000114440918,9.755000114440918,16733,0.0,0.0
2024-04-29 13:30:00-04:00,9.755000114440918,9.755399703979492,9.75,9.755000114440918,1287,0.0,0.0
2024-04-29 14:30:00-04:00,9.755000114440918,9.755000114440918,9.744999885559082,9.755000114440918,7992,0.0,0.0
2024-04-29 15:30:00-04:00,9.75,9.75,9.729999542236328,9.739999771118164,9225,0.0,0.0
2024-04-30 09:30:00-04:00,9.729999542236328,9.75,9.71500015258789,9.725000381469727,0,0.0,0.0
2024-04-30 10:30:00-04:00,9.729000091552734,9.729999542236328,9.720000267028809,9.722000122070312,6759,0.0,0.0
2024-04-30 11:30:00-04:00,9.726300239562988,9.739999771118164,9.725000381469727,9.734999656677246,17753,0.0,0.0
2024-04-30 12:30:00-04:00,9.739299774169922,9.739299774169922,9.720000267028809,9.725000381469727,16932,0.0,0.0
2024-04-30 13:30:00-04:00,9.725000381469727,9.73859977722168,9.720499992370605,9.73859977722168,18550,0.0,0.0
2024-04-30 14:30:00-04:00,9.729999542236328,9.735300064086914,9.725000381469727,9.734999656677246,9517,0.0,0.0
2024-04-30 15:30:00-04:00,9.730999946594238,9.730999946594238,9.71500015258789,9.720000267028809,20028,0.0,0.0
2024-05-01 09:30:00-04:00,9.760000228881836,9.779899597167969,9.729999542236328,9.729999542236328,0,0.0,0.0
2024-05-01 10:30:00-04:00,9.744999885559082,9.758399963378906,9.729999542236328,9.729999542236328,2271,0.0,0.0
2024-05-01 11:30:00-04:00,9.755399703979492,9.755399703979492,9.6899995803833,9.699999809265137,42525,0.0,0.0
2024-05-01 12:30:00-04:00,9.694999694824219,9.699999809265137,9.6899995803833,9.6899995803833,7896,0.0,0.0
2024-05-01 13:30:00-04:00,9.694999694824219,9.699999809265137,9.691499710083008,9.699999809265137,19458,0.0,0.0
2024-05-01 14:30:00-04:00,9.699999809265137,9.739999771118164,9.6899995803833,9.71500015258789,33438,0.0,0.0
2024-05-01 15:30:00-04:00,9.71500015258789,9.720000267028809,9.699999809265137,9.720000267028809,22756,0.0,0.0
2024-05-02 09:30:00-04:00,9.760000228881836,9.760000228881836,9.720000267028809,9.744999885559082,0,0.0,0.0
2024-05-02 10:30:00-04:00,9.75,9.75,9.744999885559082,9.75,893,0.0,0.0
2024-05-02 11:30:00-04:00,9.744999885559082,9.760000228881836,9.744999885559082,9.760000228881836,5950,0.0,0.0
2024-05-02 12:30:00-04:00,9.759699821472168,9.78499984741211,9.753000259399414,9.77079963684082,10177,0.0,0.0
2024-05-02 13:30:00-04:00,9.770099639892578,9.779999732971191,9.770099639892578,9.779999732971191,2496,0.0,0.0
2024-05-02 14:30:00-04:00,9.78499984741211,9.789799690246582,9.78499984741211,9.78499984741211,1989,0.0,0.0
2024-05-02 15:30:00-04:00,9.78499984741211,9.78499984741211,9.781000137329102,9.78499984741211,2059,0.0,0.0
2024-05-03 09:30:00-04:00,9.829999923706055,9.850000381469727,9.729999542236328,9.850000381469727,0,0.0,0.0
2024-05-03 10:30:00-04:00,9.850000381469727,9.859999656677246,9.829999923706055,9.850000381469727,25313,0.0,0.0
2024-05-03 11:30:00-04:00,9.850000381469727,9.869999885559082,9.850000381469727,9.869999885559082,12193,0.0,0.0
2024-05-03 12:30:00-04:00,9.869999885559082,9.869999885559082,9.859999656677246,9.864999771118164,2032,0.0,0.0
2024-05-03 13:30:00-04:00,9.850000381469727,9.850099563598633,9.84000015258789,9.845000267028809,10846,0.0,0.0
2024-05-03 14:30:00-04:00,9.84000015258789,9.869999885559082,9.84000015258789,9.869999885559082,10342,0.0,0.0
2024-05-03 15:30:00-04:00,9.859999656677246,9.859999656677246,9.84000015258789,9.84000015258789,7822,0.0,0.0
2024-05-06 09:30:00-04:00,9.90999984741211,9.90999984741211,9.850000381469727,9.880000114440918,0,0.0,0.0
2024-05-06 10:30:00-04:00,9.880000114440918,9.890000343322754,9.860099792480469,9.880000114440918,10001,0.0,0.0
2024-05-06 11:30:00-04:00,9.873200416564941,9.88290023803711,9.850000381469727,9.850099563598633,20889,0.0,0.0
2024-05-06 12:30:00-04:00,9.854999542236328,9.879500389099121,9.854999542236328,9.869999885559082,4072,0.0,0.0
2024-05-06 13:30:00-04:00,9.861000061035156,9.869999885559082,9.831000328063965,9.84000015258789,32569,0.0,0.0
2024-05-06 14:30:00-04:00,9.84000015258789,9.849900245666504,9.829999923706055,9.845000267028809,5803,0.0,0.0
2024-05-06 15:30:00-04:00,9.84000015258789,9.845000267028809,9.84000015258789,9.845000267028809,9359,0.0,0.0
2024-05-07 09:30:00-04:00,9.9399995803833,9.949999809265137,9.90999984741211,9.94849967956543,0,0.0,0.0
2024-05-07 10:30:00-04:00,9.949999809265137,9.970000267028809,9.949999809265137,9.965999603271484,5126,0.0,0.0
2024-05-07 11:30:00-04:00,9.970000267028809,9.979999542236328,9.960000038146973,9.960000038146973,5019,0.0,0.0
2024-05-07 12:30:00-04:00,9.970000267028809,9.979999542236328,9.968600273132324,9.970000267028809,7098,0.0,0.0
2024-05-07 13:30:00-04:00,9.96500015258789,9.970000267028809,9.960000038146973,9.96500015258789,6645,0.0,0.0
2024-05-07 14:30:00-04:00,9.96500015258789,9.970000267028809,9.880000114440918,9.930000305175781,72785,0.0,0.0
2024-05-07 15:30:00-04:00,9.920000076293945,9.930000305175781,9.90999984741211,9.928999900817871,3492,0.0,0.0
2024-05-08 09:30:00-04:00,9.979999542236328,9.979999542236328,9.84000015258789,9.949999809265137,0,0.0,0.0
2024-05-08 10:30:00-04:00,9.958000183105469,9.970000267028809,9.954999923706055,9.970000267028809,18611,0.0,0.0
2024-05-08 11:30:00-04:00,9.970000267028809,10.0,9.95009994506836,9.989999771118164,34964,0.0,0.0
2024-05-08 12:30:00-04:00,9.979999542236328,9.989999771118164,9.970000267028809,9.975000381469727,13280,0.0,0.0
2024-05-08 13:30:00-04:00,9.960000038146973,9.977999687194824,9.960000038146973,9.977999687194824,6682,0.0,0.0
2024-05-08 14:30:00-04:00,9.975000381469727,9.989899635314941,9.9399995803833,9.96500015258789,31897,0.0,0.0
2024-05-08 15:30:00-04:00,9.96500015258789,9.977999687194824,9.964400291442871,9.977999687194824,6508,0.0,0.0
2024-05-09 09:30:00-04:00,10.039999961853027,10.039999961853027,10.000200271606445,10.024999618530273,0,0.0,0.0
2024-05-09 10:30:00-04:00,10.02910041809082,10.029199600219727,9.99899959564209,10.020000457763672,12385,0.0,0.0
2024-05-09 11:30:00-04:00,10.020000457763672,10.029999732971191,10.020000457763672,10.02649974822998,7916,0.0,0.0
2024-05-09 12:30:00-04:00,10.020999908447266,10.024999618530273,10.010000228881836,10.010000228881836,9374,0.0,0.0
2024-05-09 13:30:00-04:00,10.015000343322754,10.01990032196045,10.010000228881836,10.014800071716309,12935,0.0,0.0
2024-05-09 14:30:00-04:00,10.010000228881836,10.020000457763672,10.010000228881836,10.010000228881836,7486,0.0,0.0
2024-05-09 15:30:00-04:00,10.010100364685059,10.01140022277832,10.0,10.005000114440918,4981,0.0,0.0
2024-05-10 09:30:00-04:00,10.029999732971191,10.029999732971191,9.960000038146973,9.989999771118164,12592,0.0,0.0
2024-05-10 10:30:00-04:00,9.984999656677246,10.0,9.979999542236328,9.984999656677246,30461,0.0,0.0
2024-05-10 11:30:00-04:00,9.984399795532227,10.020000457763672,9.984399795532227,10.0,19642,0.0,0.0
2024-05-10 12:30:00-04:00,10.001500129699707,10.001500129699707,10.0,10.0,942,0.0,0.0
2024-05-10 13:30:00-04:00,10.0,10.005000114440918,9.994999885559082,10.0,8860,0.0,0.0
2024-05-10 14:30:00-04:00,10.0,10.005000114440918,9.994999885559082,10.0,4161,0.0,0.0
2024-05-10 15:30:00-04:00,10.0,10.005000114440918,9.989999771118164,10.0,16737,0.0,0.0
2024-05-13 09:30:00-04:00,10.020000457763672,10.020000457763672,9.989999771118164,10.010100364685059,10850,0.0,0.0
2024-05-13 10:30:00-04:00,10.010000228881836,10.01930046081543,10.010000228881836,10.010000228881836,5622,0.0,0.0
2024-05-13 11:30:00-04:00,10.010000228881836,10.018699645996094,9.989999771118164,10.0,15424,0.0,0.0
2024-05-13 12:30:00-04:00,10.0,10.0,9.989999771118164,10.0,6643,0.0,0.0
2024-05-13 13:30:00-04:00,10.0,10.009200096130371,9.989999771118164,10.0,7224,0.0,0.0
2024-05-13 14:30:00-04:00,10.0024995803833,10.010000228881836,9.994999885559082,10.0,6921,0.0,0.0
2024-05-13 15:30:00-04:00,10.0,10.0,9.989899635314941,9.994999885559082,11171,0.0,0.0
2024-05-14 09:30:00-04:00,10.0,10.015000343322754,10.0,10.010100364685059,0,0.0,0.0
2024-05-14 10:30:00-04:00,10.01200008392334,10.029999732971191,10.01200008392334,10.029999732971191,40931,0.0,0.0
2024-05-14 11:30:00-04:00,10.03499984741211,10.036600112915039,10.0,10.015000343322754,21889,0.0,0.0
2024-05-14 12:30:00-04:00,10.020000457763672,10.039999961853027,10.020000457763672,10.03499984741211,38407,0.0,0.0
2024-05-14 13:30:00-04:00,10.038399696350098,10.039178848266602,10.0,10.0,16409,0.0,0.0
2024-05-14 14:30:00-04:00,10.010000228881836,10.03499984741211,10.010000228881836,10.031999588012695,8016,0.0,0.0
2024-05-14 15:30:00-04:00,10.029999732971191,10.035499572753906,9.989399909973145,10.01099967956543,26563,0.0,0.0
2024-05-15 09:30:00-04:00,10.039999961853027,10.114999771118164,10.015000343322754,10.114999771118164,0,0.0,0.0
2024-05-15 10:30:00-04:00,10.114999771118164,10.125,10.109999656677246,10.111000061035156,42610,0.0,0.0
2024-05-15 11:30:00-04:00,10.111000061035156,10.111000061035156,10.111000061035156,10.111000061035156,108,0.0,0.0
2024-05-15 12:30:00-04:00,10.111000061035156,10.135299682617188,10.111000061035156,10.13010025024414,1582,0.0,0.0
2024-05-15 13:30:00-04:00,10.130999565124512,10.135000228881836,10.130000114440918,10.130000114440918,7655,0.0,0.0
2024-05-15 14:30:00-04:00,10.13010025024414,10.139399528503418,10.119999885559082,10.119999885559082,3836,0.0,0.0
2024-05-15 15:30:00-04:00,10.111000061035156,10.111000061035156,10.111000061035156,10.111000061035156,368,0.0,0.0
2024-05-16 09:30:00-04:00,10.140000343322754,10.140000343322754,10.079999923706055,10.09000015258789,0,0.0,0.0
2024-05-16 10:30:00-04:00,10.081999778747559,10.140000343322754,10.081999778747559,10.135000228881836,13616,0.0,0.0
2024-05-16 11:30:00-04:00,10.139800071716309,10.154999732971191,10.135000228881836,10.152000427246094,5319,0.0,0.0
2024-05-16 12:30:00-04:00,10.15999984741211,10.21500015258789,10.154999732971191,10.199999809265137,16528,0.0,0.0
2024-05-16 13:30:00-04:00,10.199999809265137,10.219900131225586,10.170100212097168,10.170100212097168,29350,0.0,0.0
2024-05-16 14:30:00-04:00,10.1899995803833,10.199999809265137,10.161499977111816,10.175000190734863,10742,0.0,0.0
2024-05-16 15:30:00-04:00,10.180000305175781,10.180000305175781,10.140000343322754,10.140000343322754,0,0.0,0.0
2024-05-17 09:30:00-04:00,10.170000076293945,10.170000076293945,10.113499641418457,10.152000427246094,11360,0.0,0.0
2024-05-17 10:30:00-04:00,10.15999984741211,10.1899995803833,10.135000228881836,10.149999618530273,14747,0.0,0.0
2024-05-17 11:30:00-04:00,10.149999618530273,10.155200004577637,10.149999618530273,10.149999618530273,2659,0.0,0.0
2024-05-17 12:30:00-04:00,10.154999732971191,10.164999961853027,10.152799606323242,10.15999984741211,11977,0.0,0.0
2024-05-17 13:30:00-04:00,10.163700103759766,10.163700103759766,10.145000457763672,10.145000457763672,11413,0.0,0.0
2024-05-17 14:30:00-04:00,10.145000457763672,10.145000457763672,10.125,10.130000114440918,8466,0.0,0.0
2024-05-17 15:30:00-04:00,10.119999885559082,10.119999885559082,10.114999771118164,10.114999771118164,4572,0.0,0.0
2024-05-20 09:30:00-04:00,10.149999618530273,10.149999618530273,10.130000114440918,10.135000228881836,0,0.0,0.0
2024-05-20 10:30:00-04:00,10.139399528503418,10.140000343322754,10.130000114440918,10.135000228881836,10374,0.0,0.0
2024-05-20 11:30:00-04:00,10.130000114440918,10.130000114440918,10.095000267028809,10.125,7197,0.0,0.0
2024-05-20 12:30:00-04:00,10.119999885559082,10.125,10.109999656677246,10.109999656677246,8791,0.0,0.0
2024-05-20 14:30:00-04:00,10.117400169372559,10.117400169372559,10.109999656677246,10.109999656677246,5936,0.0,0.0
2024-05-20 15:30:00-04:00,10.109999656677246,10.109999656677246,10.09000015258789,10.09000015258789,1048,0.0,0.0
2024-05-21 09:30:00-04:00,10.149999618530273,10.149999618530273,10.112000465393066,10.131999969482422,3118,0.0,0.0
2024-05-21 10:30:00-04:00,10.131999969482422,10.13659954071045,10.130000114440918,10.130000114440918,5807,0.0,0.0
2024-05-21 11:30:00-04:00,10.130000114440918,10.13010025024414,10.130000114440918,10.130000114440918,2491,0.0,0.0
2024-05-21 12:30:00-04:00,10.130000114440918,10.133999824523926,10.119999885559082,10.130000114440918,8814,0.0,0.0
2024-05-21 13:30:00-04:00,10.130000114440918,10.138799667358398,10.130000114440918,10.130000114440918,3303,0.0,0.0
2024-05-21 14:30:00-04:00,10.130000114440918,10.137200355529785,10.125,10.130000114440918,8427,0.0,0.0
2024-05-21 15:30:00-04:00,10.109999656677246,10.112000465393066,10.109999656677246,10.109999656677246,1111,0.0,0.0
2024-05-22 09:30:00-04:00,10.109999656677246,10.125699996948242,10.075599670410156,10.100000381469727,0,0.0,0.0
2024-05-22 10:30:00-04:00,10.100000381469727,10.100000381469727,10.079999923706055,10.09000015258789,9757,0.0,0.0
2024-05-22 11:30:00-04:00,10.09000015258789,10.090299606323242,10.0600004196167,10.0649995803833,10597,0.0,0.0
2024-05-22 12:30:00-04:00,10.0600004196167,10.0649995803833,10.055000305175781,10.058799743652344,8890,0.0,0.0
2024-05-22 13:30:00-04:00,10.059900283813477,10.079999923706055,10.059900283813477,10.074999809265137,8934,0.0,0.0
2024-05-22 14:30:00-04:00,10.069999694824219,10.119999885559082,10.069999694824219,10.100000381469727,26500,0.0,0.0
2024-05-22 15:30:00-04:00,10.119999885559082,10.130000114440918,10.09000015258789,10.090999603271484,23202,0.0,0.0
2024-05-23 09:30:00-04:00,10.0600004196167,10.0600004196167,9.800000190734863,9.9399995803833,0,0.0,0.0
2024-05-23 10:30:00-04:00,9.9399995803833,9.954999923706055,9.92020034790039,9.950200080871582,13841,0.0,0.0
2024-05-23 11:30:00-04:00,9.954999923706055,9.954999923706055,9.949999809265137,9.949999809265137,9488,0.0,0.0
2024-05-23 12:30:00-04:00,9.949999809265137,9.975000381469727,9.949999809265137,9.970000267028809,12109,0.0,0.0
2024-05-23 13:30:00-04:00,9.975000381469727,9.979000091552734,9.974100112915039,9.975000381469727,1494,0.0,0.0
2024-05-23 14:30:00-04:00,9.975000381469727,9.975000381469727,9.970000267028809,9.970000267028809,832,0.0,0.0
2024-05-23 15:30:00-04:00,9.976300239562988,9.976300239562988,9.970000267028809,9.970000267028809,1341,0.0,0.0
2024-05-24 09:30:00-04:00,9.970000267028809,9.970000267028809,9.93120002746582,9.949999809265137,0,0.0,0.0
2024-05-24 10:30:00-04:00,9.949999809265137,9.954700469970703,9.920000076293945,9.930000305175781,10528,0.0,0.0
2024-05-24 11:30:00-04:00,9.9350004196167,9.9350004196167,9.930000305175781,9.9350004196167,515,0.0,0.0
2024-05-24 12:30:00-04:00,9.9350004196167,9.938599586486816,9.930000305175781,9.9350004196167,2649,0.0,0.0
2024-05-24 13:30:00-04:00,9.9350004196167,9.9399995803833,9.930000305175781,9.9399995803833,8571,0.0,0.0
2024-05-24 14:30:00-04:00,9.949399948120117,9.987700462341309,9.946200370788574,9.979999542236328,8641,0.0,0.0
2024-05-24 15:30:00-04:00,9.984999656677246,9.989999771118164,9.979999542236328,9.989999771118164,2678,0.0,0.0
2024-05-28 09:30:00-04:00,9.960000038146973,9.994999885559082,9.960000038146973,9.989999771118164,0,0.0,0.0
2024-05-28 10:30:00-04:00,9.994999885559082,9.99899959564209,9.989999771118164,9.99899959564209,3299,0.0,0.0
2024-05-28 11:30:00-04:00,9.994999885559082,9.99940013885498,9.979999542236328,9.979999542236328,13920,0.0,0.0
2024-05-28 12:30:00-04:00,9.989999771118164,9.989999771118164,9.979999542236328,9.984999656677246,5131,0.0,0.0
2024-05-28 13:30:00-04:00,9.98840045928955,9.98840045928955,9.960000038146973,9.960000038146973,9467,0.0,0.0
2024-05-28 14:30:00-04:00,9.960000038146973,9.968999862670898,9.949999809265137,9.949999809265137,14006,0.0,0.0
2024-05-28 15:30:00-04:00,9.949999809265137,9.949999809265137,9.930000305175781,9.9399995803833,5571,0.0,0.0
2024-05-29 09:30:00-04:00,9.960000038146973,10.0,9.899999618530273,9.899999618530273,19831,0.0,0.0
2024-05-29 10:30:00-04:00,9.899999618530273,9.899999618530273,9.890000343322754,9.890000343322754,3695,0.0,0.0
2024-05-29 11:30:00-04:00,9.895000457763672,9.895000457763672,9.890000343322754,9.890000343322754,1645,0.0,0.0
2024-05-29 12:30:00-04:00,9.89009952545166,9.899999618530273,9.890000343322754,9.895000457763672,7460,0.0,0.0
2024-05-29 13:30:00-04:00,9.895000457763672,9.895000457763672,9.885000228881836,9.895000457763672,12920,0.0,0.0
2024-05-29 14:30:00-04:00,9.899999618530273,9.914999961853027,9.895000457763672,9.900199890136719,21294,0.0,0.0
2024-05-29 15:30:00-04:00,9.90999984741211,9.90999984741211,9.899999618530273,9.899999618530273,2525,0.0,0.0
2024-05-30 09:30:00-04:00,9.920000076293945,9.960000038146973,9.920000076293945,9.9399995803833,12775,0.0,0.0
2024-05-30 10:30:00-04:00,9.9399995803833,9.9399995803833,9.9399995803833,9.9399995803833,1782,0.0,0.0
2024-05-30 11:30:00-04:00,9.9399995803833,9.947699546813965,9.9399995803833,9.9399995803833,9501,0.0,0.0
2024-05-30 12:30:00-04:00,9.9399995803833,9.944999694824219,9.9399995803833,9.944999694824219,1510,0.0,0.0
2024-05-30 13:30:00-04:00,9.9399995803833,9.949899673461914,9.920000076293945,9.920000076293945,11773,0.0,0.0
2024-05-30 14:30:00-04:00,9.920000076293945,9.920999526977539,9.914999961853027,9.920000076293945,4680,0.0,0.0
2024-05-30 15:30:00-04:00,9.920000076293945,9.920000076293945,9.899999618530273,9.899999618530273,4820,0.0,0.0
2024-05-31 09:30:00-04:00,9.930000305175781,9.989999771118164,9.930000305175781,9.949999809265137,8278,0.0,0.0
2024-05-31 10:30:00-04:00,9.9399995803833,9.975000381469727,9.9350004196167,9.96500015258789,4582,0.0,0.0
2024-05-31 11:30:00-04:00,9.960000038146973,9.96500015258789,9.930000305175781,9.930000305175781,8125,0.0,0.0
2024-05-31 12:30:00-04:00,9.930000305175781,9.954999923706055,9.930000305175781,9.944999694824219,6994,0.0,0.0
2024-05-31 13:30:00-04:00,9.949999809265137,9.960000038146973,9.949999809265137,9.960000038146973,2063,0.0,0.0
2024-05-31 14:30:00-04:00,9.960000038146973,9.970000267028809,9.960000038146973,9.970000267028809,13992,0.0,0.0
2024-05-31 15:30:00-04:00,9.960000038146973,9.960000038146973,9.949999809265137,9.960000038146973,1486,0.0,0.0
2024-06-03 09:30:00-04:00,10.029999732971191,10.031000137329102,9.99530029296875,10.029999732971191,0,0.0,0.0
2024-06-03 10:30:00-04:00,10.0,10.010000228881836,10.0,10.0,701,0.0,0.0
2024-06-03 11:30:00-04:00,10.010000228881836,10.013099670410156,10.001799583435059,10.013099670410156,4013,0.0,0.0
2024-06-03 12:30:00-04:00,10.0,10.010000228881836,9.991000175476074,9.991000175476074,2130,0.0,0.0
2024-06-03 13:30:00-04:00,9.989999771118164,9.999199867248535,9.970000267028809,9.989999771118164,5182,0.0,0.0
2024-06-03 14:30:00-04:00,9.979999542236328,9.989999771118164,9.979999542236328,9.983599662780762,6310,0.0,0.0
2024-06-03 15:30:00-04:00,9.970000267028809,9.970000267028809,9.970000267028809,9.970000267028809,112,0.0,0.0
2024-06-04 09:30:00-04:00,10.09000015258789,10.09000015258789,10.050000190734863,10.068400382995605,0,0.0,0.0
2024-06-04 10:30:00-04:00,10.060999870300293,10.067399978637695,10.029999732971191,10.029999732971191,5745,0.0,0.0
2024-06-04 11:30:00-04:00,10.029999732971191,10.029999732971191,10.021200180053711,10.021200180053711,1500,0.0,0.0
2024-06-04 12:30:00-04:00,10.020000457763672,10.039999961853027,9.989999771118164,10.0,22781,0.0,0.0
2024-06-04 13:30:00-04:00,10.010000228881836,10.069999694824219,10.010000228881836,10.010000228881836,44801,0.0,0.0
2024-06-04 14:30:00-04:00,10.010000228881836,10.01990032196045,10.001999855041504,10.01990032196045,3635,0.0,0.0
2024-06-04 15:30:00-04:00,10.0,10.017800331115723,10.0,10.010000228881836,4880,0.0,0.0
2024-06-05 09:30:00-04:00,10.020000457763672,10.048999786376953,10.020000457763672,10.020500183105469,13024,0.0,0.0
2024-06-05 10:30:00-04:00,10.024999618530273,10.039899826049805,10.018799781799316,10.029000282287598,18454,0.0,0.0
2024-06-05 11:30:00-04:00,10.022299766540527,10.029999732971191,10.010000228881836,10.015000343322754,21129,0.0,0.0
2024-06-05 12:30:00-04:00,10.015000343322754,10.029999732971191,10.015000343322754,10.020000457763672,59945,0.0,0.0
2024-06-05 13:30:00-04:00,10.024999618530273,10.029999732971191,10.020000457763672,10.029999732971191,15448,0.0,0.0
2024-06-05 14:30:00-04:00,10.028900146484375,10.028900146484375,10.010000228881836,10.010000228881836,11414,0.0,0.0
2024-06-05 15:30:00-04:00,10.010000228881836,10.029800415039062,10.010000228881836,10.020000457763672,0,0.0,0.0
2024-06-06 09:30:00-04:00,10.020000457763672,10.050000190734863,10.0,10.020000457763672,23293,0.0,0.0
2024-06-06 10:30:00-04:00,10.020000457763672,10.039999961853027,10.015999794006348,10.020000457763672,21487,0.0,0.0
2024-06-06 11:30:00-04:00,10.020000457763672,10.029999732971191,10.010000228881836,10.020000457763672,23155,0.0,0.0
2024-06-06 12:30:00-04:00,10.020000457763672,10.029999732971191,10.010000228881836,10.010000228881836,19451,0.0,0.0
2024-06-06 13:30:00-04:00,10.020000457763672,10.029999732971191,10.010000228881836,10.010000228881836,8962,0.0,0.0
2024-06-06 14:30:00-04:00,10.015000343322754,10.019000053405762,10.010000228881836,10.013799667358398,3727,0.0,0.0
2024-06-06 15:30:00-04:00,10.010000228881836,10.020000457763672,10.010000228881836,10.010000228881836,0,0.0,0.0
2024-06-07 09:30:00-04:00,10.0,10.020000457763672,9.960100173950195,10.020000457763672,27147,0.0,0.0
2024-06-07 10:30:00-04:00,10.020000457763672,10.020000457763672,10.010000228881836,10.020000457763672,7289,0.0,0.0
2024-06-07 11:30:00-04:00,10.015000343322754,10.01990032196045,10.005000114440918,10.005000114440918,12000,0.0,0.0
2024-06-07 12:30:00-04:00,10.005000114440918,10.036999702453613,10.0,10.036999702453613,41201,0.0,0.0
2024-06-07 13:30:00-04:00,10.038000106811523,10.079999923706055,10.038000106811523,10.060099601745605,30263,0.0,0.0
2024-06-07 14:30:00-04:00,10.0600004196167,10.069999694824219,10.055000305175781,10.059200286865234,4259,0.0,0.0
2024-06-07 15:30:00-04:00,10.050200462341309,10.050200462341309,10.039999961853027,10.039999961853027,10459,0.0,0.0
2024-06-10 09:30:00-04:00,10.069999694824219,10.069999694824219,10.050000190734863,10.069999694824219,0,0.0,0.0
2024-06-10 10:30:00-04:00,10.069999694824219,10.09000015258789,10.069999694824219,10.089900016784668,8296,0.0,0.0
2024-06-10 11:30:00-04:00,10.09000015258789,10.100000381469727,10.09000015258789,10.100000381469727,797,0.0,0.0
2024-06-10 12:30:00-04:00,10.090100288391113,10.100000381469727,10.090100288391113,10.100000381469727,10070,0.0,0.0
2024-06-10 13:30:00-04:00,10.090100288391113,10.100000381469727,10.090100288391113,10.100000381469727,1455,0.0,0.0
2024-06-10 14:30:00-04:00,10.09000015258789,10.107199668884277,10.079999923706055,10.100000381469727,40088,0.0,0.0
2024-06-10 15:30:00-04:00,10.080100059509277,10.100000381469727,10.0649995803833,10.09000015258789,37109,0.0,0.0
2024-06-11 09:30:00-04:00,10.109999656677246,10.15999984741211,10.109999656677246,10.15999984741211,15936,0.0,0.0
2024-06-11 10:30:00-04:00,10.15999984741211,10.15999984741211,10.149999618530273,10.149999618530273,12113,0.0,0.0
2024-06-11 11:30:00-04:00,10.149999618530273,10.149999618530273,10.09000015258789,10.114999771118164,15270,0.0,0.0
2024-06-11 12:30:00-04:00,10.114999771118164,10.119999885559082,10.100000381469727,10.100099563598633,5406,0.0,0.0
2024-06-11 13:30:00-04:00,10.109999656677246,10.114999771118164,10.109999656677246,10.114999771118164,757,0.0,0.0
2024-06-11 14:30:00-04:00,10.114999771118164,10.125,10.109999656677246,10.119999885559082,24998,0.0,0.0
2024-06-11 15:30:00-04:00,10.114999771118164,10.116499900817871,10.100000381469727,10.116499900817871,1184,0.0,0.0
2024-06-12 09:30:00-04:00,10.180000305175781,10.220000267028809,10.180000305175781,10.220000267028809,0,0.0,0.0
2024-06-12 10:30:00-04:00,10.21500015258789,10.220000267028809,10.140000343322754,10.164999961853027,17201,0.0,0.0
2024-06-12 11:30:00-04:00,10.15999984741211,10.170000076293945,10.140000343322754,10.154999732971191,9036,0.0,0.0
2024-06-12 12:30:00-04:00,10.15999984741211,10.160200119018555,10.149999618530273,10.15999984741211,9971,0.0,0.0
2024-06-12 13:30:00-04:00,10.164999961853027,10.180000305175781,10.15999984741211,10.170000076293945,42130,0.0,0.0
2024-06-12 14:30:00-04:00,10.170000076293945,10.175000190734863,10.15999984741211,10.15999984741211,20673,0.0,0.0
2024-06-12 15:30:00-04:00,10.15999984741211,10.15999984741211,10.130000114440918,10.130000114440918,3074,0.0,0.0
2024-06-13 09:30:00-04:00,10.180000305175781,10.229900360107422,10.180000305175781,10.199999809265137,0,0.0,0.0
2024-06-13 10:30:00-04:00,10.199999809265137,10.204999923706055,10.1899995803833,10.190099716186523,3680,0.0,0.0
2024-06-13 11:30:00-04:00,10.194999694824219,10.199999809265137,10.192099571228027,10.194999694824219,9831,0.0,0.0
2024-06-13 12:30:00-04:00,10.1899995803833,10.194999694824219,10.1899995803833,10.194999694824219,6511,0.0,0.0
2024-06-13 13:30:00-04:00,10.194999694824219,10.194999694824219,10.1899995803833,10.1899995803833,6785,0.0,0.0
2024-06-13 14:30:00-04:00,10.1899995803833,10.197999954223633,10.1899995803833,10.194999694824219,4279,0.0,0.0
2024-06-13 15:30:00-04:00,10.1899995803833,10.194999694824219,10.1899995803833,10.1899995803833,1715,0.0,0.0
2024-06-14 09:30:00-04:00,10.270000457763672,10.270000457763672,10.204999923706055,10.220000267028809,0,0.0,0.0
2024-06-14 10:30:00-04:00,10.220000267028809,10.229999542236328,10.210000038146973,10.220000267028809,17076,0.0,0.0
2024-06-14 11:30:00-04:00,10.220000267028809,10.220000267028809,10.199999809265137,10.220000267028809,10249,0.0,0.0
2024-06-14 12:30:00-04:00,10.220000267028809,10.220000267028809,10.1899995803833,10.210000038146973,23208,0.0,0.0
2024-06-14 13:30:00-04:00,10.210000038146973,10.211899757385254,10.199999809265137,10.210000038146973,16238,0.0,0.0
2024-06-14 14:30:00-04:00,10.210000038146973,10.215499877929688,10.199999809265137,10.21500015258789,14338,0.0,0.0
2024-06-14 15:30:00-04:00,10.210000038146973,10.210000038146973,10.1899995803833,10.194999694824219,9562,0.0,0.0
2024-06-17 09:30:00-04:00,10.220000267028809,10.239999771118164,10.180000305175781,10.1850004196167,31052,0.0,0.0
2024-06-17 10:30:00-04:00,10.18809986114502,10.210000038146973,10.180000305175781,10.210000038146973,10287,0.0,0.0
2024-06-17 11:30:00-04:00,10.210000038146973,10.210000038146973,10.170000076293945,10.1899995803833,9724,0.0,0.0
2024-06-17 12:30:00-04:00,10.1899995803833,10.194999694824219,10.170000076293945,10.170000076293945,12947,0.0,0.0
2024-06-17 13:30:00-04:00,10.170700073242188,10.172699928283691,10.153300285339355,10.164999961853027,11631,0.0,0.0
2024-06-17 14:30:00-04:00,10.15999984741211,10.164999961853027,10.15999984741211,10.15999984741211,3146,0.0,0.0
2024-06-17 15:30:00-04:00,10.166999816894531,10.170000076293945,10.15999984741211,10.170000076293945,3167,0.0,0.0
2024-06-18 09:30:00-04:00,10.199999809265137,10.239999771118164,10.1899995803833,10.229999542236328,0,0.0,0.0
2024-06-18 10:30:00-04:00,10.229999542236328,10.229999542236328,10.210000038146973,10.229999542236328,11493,0.0,0.0
2024-06-18 11:30:00-04:00,10.239700317382812,10.25,10.239700317382812,10.244999885559082,9196,0.0,0.0
2024-06-18 12:30:00-04:00,10.244999885559082,10.247099876403809,10.239999771118164,10.244999885559082,7172,0.0,0.0
2024-06-18 13:30:00-04:00,10.239999771118164,10.25,10.239999771118164,10.24590015411377,15498,0.0,0.0
2024-06-18 14:30:00-04:00,10.244999885559082,10.244999885559082,10.244999885559082,10.244999885559082,317,0.0,0.0
2024-06-18 15:30:00-04:00,10.239999771118164,10.239999771118164,10.220000267028809,10.23900032043457,2436,0.0,0.0
2024-06-20 09:30:00-04:00,10.180000305175781,10.260000228881836,10.180000305175781,10.260000228881836,16737,0.0,0.0
2024-06-20 10:30:00-04:00,10.260000228881836,10.270000457763672,10.239999771118164,10.239999771118164,11323,0.0,0.0
2024-06-20 11:30:00-04:00,10.239999771118164,10.25,10.239999771118164,10.239999771118164,4675,0.0,0.0
2024-06-20 12:30:00-04:00,10.239999771118164,10.244999885559082,10.220000267028809,10.220000267028809,12651,0.0,0.0
2024-06-20 13:30:00-04:00,10.220000267028809,10.229999542236328,10.210000038146973,10.210000038146973,2648,0.0,0.0
2024-06-20 14:30:00-04:00,10.21500015258789,10.220000267028809,10.210000038146973,10.210000038146973,10127,0.0,0.0
2024-06-20 15:30:00-04:00,10.21500015258789,10.219900131225586,10.204999923706055,10.204999923706055,5582,0.0,0.0
2024-06-21 09:30:00-04:00,10.199999809265137,10.199999809265137,10.180000305175781,10.1850004196167,0,0.0,0.0
2024-06-21 10:30:00-04:00,10.1899995803833,10.194999694824219,10.170000076293945,10.183099746704102,15168,0.0,0.0
2024-06-21 11:30:00-04:00,10.180000305175781,10.1850004196167,10.180000305175781,10.180000305175781,3178,0.0,0.0
2024-06-21 12:30:00-04:00,10.1899995803833,10.194999694824219,10.1899995803833,10.194999694824219,2869,0.0,0.0
2024-06-21 13:30:00-04:00,10.191499710083008,10.191499710083008,10.1899995803833,10.1899995803833,1859,0.0,0.0
2024-06-21 14:30:00-04:00,10.1899995803833,10.194999694824219,10.1899995803833,10.1899995803833,1865,0.0,0.0
2024-06-21 15:30:00-04:00,10.180000305175781,10.189900398254395,10.15999984741211,10.180000305175781,8342,0.0,0.0
2024-06-24 09:30:00-04:00,10.149999618530273,10.169500350952148,10.149999618530273,10.164999961853027,0,0.0,0.0
2024-06-24 10:30:00-04:00,10.170000076293945,10.180000305175781,10.15999984741211,10.163999557495117,28227,0.0,0.0
2024-06-24 11:30:00-04:00,10.164999961853027,10.164999961853027,10.15999984741211,10.16469955444336,3651,0.0,0.0
2024-06-24 12:30:00-04:00,10.164999961853027,10.164999961853027,10.164999961853027,10.164999961853027,1000,0.0,0.0
2024-06-24 14:30:00-04:00,10.15999984741211,10.166299819946289,10.15999984741211,10.164999961853027,6810,0.0,0.0
2024-06-24 15:30:00-04:00,10.164999961853027,10.164999961853027,10.140000343322754,10.149999618530273,7710,0.0,0.0
2024-06-25 09:30:00-04:00,10.180000305175781,10.180000305175781,10.130000114440918,10.149999618530273,0,0.0,0.0
2024-06-25 10:30:00-04:00,10.15999984741211,10.174699783325195,10.150099754333496,10.170000076293945,7070,0.0,0.0
2024-06-25 11:30:00-04:00,10.170000076293945,10.180000305175781,10.170000076293945,10.170000076293945,8566,0.0,0.0
2024-06-25 12:30:00-04:00,10.180399894714355,10.180399894714355,10.170100212097168,10.180000305175781,6869,0.0,0.0
2024-06-25 13:30:00-04:00,10.180000305175781,10.180000305175781,10.17199993133545,10.180000305175781,4958,0.0,0.0
2024-06-25 14:30:00-04:00,10.180000305175781,10.180000305175781,10.130000114440918,10.179400444030762,45448,0.0,0.0
2024-06-25 15:30:00-04:00,10.170000076293945,10.170000076293945,10.09000015258789,10.130000114440918,54782,0.0,0.0
2024-06-26 09:30:00-04:00,10.119999885559082,10.15999984741211,10.069999694824219,10.149999618530273,0,0.0,0.0
2024-06-26 10:30:00-04:00,10.151900291442871,10.15999984741211,10.119999885559082,10.154999732971191,8675,0.0,0.0
2024-06-26 11:30:00-04:00,10.154999732971191,10.170000076293945,10.149999618530273,10.170000076293945,12817,0.0,0.0
2024-06-26 12:30:00-04:00,10.172900199890137,10.1899995803833,10.172900199890137,10.1850004196167,7800,0.0,0.0
2024-06-26 13:30:00-04:00,10.180000305175781,10.199999809265137,10.180000305175781,10.194999694824219,6513,0.0,0.0
2024-06-26 14:30:00-04:00,10.199999809265137,10.210000038146973,10.1899995803833,10.194999694824219,13793,0.0,0.0
2024-06-26 15:30:00-04:00,10.194999694824219,10.199999809265137,10.1850004196167,10.1899995803833,4240,0.0,0.0
2024-06-27 09:30:00-04:00,10.210000038146973,10.239999771118164,10.171799659729004,10.239999771118164,5962,0.0,0.0
2024-06-27 10:30:00-04:00,10.239999771118164,10.239999771118164,10.1899995803833,10.1899995803833,9489,0.0,0.0
2024-06-27 11:30:00-04:00,10.199999809265137,10.210000038146973,10.1899995803833,10.1899995803833,13037,0.0,0.0
2024-06-27 12:30:00-04:00,10.1899995803833,10.210000038146973,10.1899995803833,10.204999923706055,30613,0.0,0.0
2024-06-27 13:30:00-04:00,10.204999923706055,10.210000038146973,10.194999694824219,10.210000038146973,9505,0.0,0.0
2024-06-27 14:30:00-04:00,10.210000038146973,10.210000038146973,10.1899995803833,10.210000038146973,24224,0.0,0.0
2024-06-27 15:30:00-04:00,10.210000038146973,10.210000038146973,10.180000305175781,10.199999809265137,20350,0.0,0.0
2024-06-28 09:30:00-04:00,10.25,10.260000228881836,10.180000305175781,10.194000244140625,0,0.0,0.0
2024-06-28 10:30:00-04:00,10.210000038146973,10.210000038146973,10.1899995803833,10.199999809265137,1507,0.0,0.0
2024-06-28 11:30:00-04:00,10.204999923706055,10.204999923706055,10.199999809265137,10.199999809265137,2819,0.0,0.0
2024-06-28 12:30:00-04:00,10.204999923706055,10.206199645996094,10.199999809265137,10.204999923706055,1035,0.0,0.0
2024-06-28 13:30:00-04:00,10.199999809265137,10.209799766540527,10.199999809265137,10.204999923706055,2824,0.0,0.0
2024-06-28 14:30:00-04:00,10.204999923706055,10.21500015258789,10.1899995803833,10.194999694824219,32907,0.0,0.0
2024-06-28 15:30:00-04:00,10.194999694824219,10.210000038146973,10.1850004196167,10.210000038146973,27395,0.0,0.0
2024-07-01 09:30:00-04:00,10.239999771118164,10.25,10.199999809265137,10.199999809265137,17356,0.0,0.0
2024-07-01 10:30:00-04:00,10.210000038146973,10.220000267028809,10.170000076293945,10.220000267028809,6518,0.0,0.0
2024-07-01 11:30:00-04:00,10.199999809265137,10.199999809265137,10.171099662780762,10.171099662780762,1768,0.0,0.0
2024-07-01 12:30:00-04:00,10.180000305175781,10.180000305175781,10.15999984741211,10.163800239562988,1892,0.0,0.0
2024-07-01 13:30:00-04:00,10.149999618530273,10.170000076293945,10.140000343322754,10.154999732971191,9899,0.0,0.0
2024-07-01 14:30:00-04:00,10.154999732971191,10.154999732971191,10.149999618530273,10.149999618530273,1822,0.0,0.0
2024-07-01 15:30:00-04:00,10.140000343322754,10.149999618530273,10.13010025024414,10.149999618530273,0,0.0,0.0
2024-07-02 09:30:00-04:00,10.210000038146973,10.23799991607666,10.199999809265137,10.23799991607666,8277,0.0,0.0
2024-07-02 10:30:00-04:00,10.208800315856934,10.208800315856934,10.180000305175781,10.180000305175781,956,0.0,0.0
2024-07-02 11:30:00-04:00,10.170000076293945,10.1899995803833,10.170000076293945,10.180000305175781,1645,0.0,0.0
2024-07-02 13:30:00-04:00,10.1899995803833,10.199999809265137,10.170000076293945,10.180000305175781,10376,0.0,0.0
2024-07-02 14:30:00-04:00,10.170000076293945,10.195599555969238,10.170000076293945,10.180000305175781,5201,0.0,0.0
2024-07-02 15:30:00-04:00,10.170000076293945,10.180000305175781,10.15999984741211,10.170000076293945,5159,0.0,0.0
2024-07-03 09:30:00-04:00,10.210000038146973,10.210000038146973,10.119999885559082,10.180000305175781,31872,0.0,0.0
2024-07-03 10:30:00-04:00,10.1899995803833,10.199999809265137,10.170000076293945,10.173800468444824,9639,0.0,0.0
2024-07-03 11:30:00-04:00,10.195899963378906,10.195899963378906,10.170100212097168,10.170100212097168,12145,0.0,0.0
2024-07-05 09:30:00-04:00,10.210000038146973,10.236300468444824,10.194100379943848,10.215499877929688,8736,0.0,0.0
2024-07-05 10:30:00-04:00,10.1899995803833,10.22070026397705,10.1899995803833,10.204999923706055,6895,0.0,0.0
2024-07-05 11:30:00-04:00,10.210000038146973,10.210000038146973,10.203900337219238,10.210000038146973,15708,0.0,0.0
2024-07-05 12:30:00-04:00,10.210000038146973,10.210000038146973,10.1899995803833,10.210000038146973,16164,0.0,0.0
2024-07-05 13:30:00-04:00,10.204999923706055,10.210000038146973,10.194999694824219,10.199999809265137,31615,0.0,0.0
2024-07-05 14:30:00-04:00,10.204999923706055,10.210000038146973,10.204999923706055,10.208000183105469,2728,0.0,0.0
2024-07-05 15:30:00-04:00,10.204999923706055,10.210000038146973,10.204999923706055,10.210000038146973,2348,0.0,0.0
2024-07-08 09:30:00-04:00,10.1899995803833,10.220000267028809,10.140000343322754,10.149999618530273,0,0.0,0.0
2024-07-08 10:30:00-04:00,10.149999618530273,10.1899995803833,10.140000343322754,10.149999618530273,25043,0.0,0.0
2024-07-08 11:30:00-04:00,10.15999984741211,10.170000076293945,10.152899742126465,10.170000076293945,14903,0.0,0.0
2024-07-08 12:30:00-04:00,10.1628999710083,10.180000305175781,10.15999984741211,10.164999961853027,12507,0.0,0.0
2024-07-08 13:30:00-04:00,10.164999961853027,10.170000076293945,10.164999961853027,10.170000076293945,458,0.0,0.0
2024-07-08 14:30:00-04:00,10.170000076293945,10.180000305175781,10.170000076293945,10.175000190734863,9337,0.0,0.0
2024-07-08 15:30:00-04:00,10.175000190734863,10.180000305175781,10.170000076293945,10.175000190734863,4022,0.0,0.0
2024-07-09 09:30:00-04:00,10.15999984741211,10.180000305175781,10.15999984741211,10.180000305175781,0,0.0,0.0
2024-07-09 10:30:00-04:00,10.180000305175781,10.1899995803833,10.170999526977539,10.1899995803833,6435,0.0,0.0
2024-07-09 11:30:00-04:00,10.179900169372559,10.185700416564941,10.179900169372559,10.185700416564941,2263,0.0,0.0
2024-07-09 12:30:00-04:00,10.1850004196167,10.1850004196167,10.180000305175781,10.181500434875488,13419,0.0,0.0
2024-07-09 13:30:00-04:00,10.170000076293945,10.184599876403809,10.170000076293945,10.175000190734863,9548,0.0,0.0
2024-07-09 14:30:00-04:00,10.175000190734863,10.180000305175781,10.15999984741211,10.180000305175781,1811,0.0,0.0
2024-07-09 15:30:00-04:00,10.170000076293945,10.180000305175781,10.170000076293945,10.179400444030762,1652,0.0,0.0
2024-07-10 09:30:00-04:00,10.1899995803833,10.239999771118164,10.1899995803833,10.220000267028809,0,0.0,0.0
2024-07-10 10:30:00-04:00,10.199999809265137,10.220000267028809,10.199999809265137,10.21090030670166,44655,0.0,0.0
2024-07-10 11:30:00-04:00,10.220000267028809,10.229999542236328,10.199999809265137,10.220000267028809,45014,0.0,0.0
2024-07-10 12:30:00-04:00,10.220000267028809,10.220000267028809,10.210000038146973,10.21500015258789,5336,0.0,0.0
2024-07-10 13:30:00-04:00,10.210000038146973,10.210000038146973,10.170000076293945,10.199999809265137,32284,0.0,0.0
2024-07-10 14:30:00-04:00,10.204999923706055,10.204999923706055,10.194999694824219,10.20009994506836,6014,0.0,0.0
2024-07-10 15:30:00-04:00,10.199999809265137,10.210000038146973,10.1850004196167,10.208999633789062,11984,0.0,0.0
2024-07-11 09:30:00-04:00,10.210000038146973,10.25,10.210000038146973,10.241100311279297,6036,0.0,0.0
2024-07-11 10:30:00-04:00,10.239999771118164,10.248100280761719,10.239999771118164,10.244999885559082,12355,0.0,0.0
2024-07-11 11:30:00-04:00,10.246700286865234,10.25,10.229999542236328,10.239999771118164,51487,0.0,0.0
2024-07-11 12:30:00-04:00,10.234999656677246,10.25,10.229999542236328,10.239999771118164,35760,0.0,0.0
2024-07-11 13:30:00-04:00,10.239999771118164,10.239999771118164,10.229999542236328,10.23490047454834,19236,0.0,0.0
2024-07-11 14:30:00-04:00,10.239999771118164,10.239999771118164,10.194999694824219,10.225000381469727,106399,0.0,0.0
2024-07-11 15:30:00-04:00,10.225000381469727,10.239999771118164,10.225000381469727,10.234999656677246,34733,0.0,0.0
2024-07-12 09:30:00-04:00,10.220000267028809,10.255000114440918,10.220000267028809,10.25,0,0.0,0.0
2024-07-12 10:30:00-04:00,10.25,10.260000228881836,10.229999542236328,10.249899864196777,9047,0.0,0.0
2024-07-12 11:30:00-04:00,10.25,10.25,10.239999771118164,10.25,21593,0.0,0.0
2024-07-12 12:30:00-04:00,10.25,10.25,10.239999771118164,10.239999771118164,8593,0.0,0.0
2024-07-12 13:30:00-04:00,10.244999885559082,10.279999732971191,10.234999656677246,10.255000114440918,108844,0.0,0.0
2024-07-12 14:30:00-04:00,10.25,10.260000228881836,10.25,10.255000114440918,17808,0.0,0.0
2024-07-12 15:30:00-04:00,10.25,10.25,10.239999771118164,10.239999771118164,15859,0.0,0.0
2024-07-15 09:30:00-04:00,10.229999542236328,10.239999771118164,10.21500015258789,10.239999771118164,0,0.0,0.0
2024-07-15 10:30:00-04:00,10.239999771118164,10.260000228881836,10.220000267028809,10.260000228881836,10080,0.0,0.0
2024-07-15 11:30:00-04:00,10.260899543762207,10.265000343322754,10.25,10.25629997253418,20553,0.0,0.0
2024-07-15 12:30:00-04:00,10.259900093078613,10.259900093078613,10.255000114440918,10.255000114440918,3193,0.0,0.0
2024-07-15 13:30:00-04:00,10.260000228881836,10.260000228881836,10.25,10.260000228881836,65680,0.0,0.0
2024-07-15 14:30:00-04:00,10.260000228881836,10.260000228881836,10.25,10.256199836730957,3829,0.0,0.0
2024-07-15 15:30:00-04:00,10.25,10.260000228881836,10.25,10.260000228881836,137313,0.0,0.0
2024-07-16 09:30:00-04:00,10.25,10.279999732971191,10.25,10.279999732971191,0,0.0,0.0
2024-07-16 10:30:00-04:00,10.279999732971191,10.279999732971191,10.270000457763672,10.274999618530273,22315,0.0,0.0
2024-07-16 11:30:00-04:00,10.274999618530273,10.279999732971191,10.27400016784668,10.27400016784668,8600,0.0,0.0
2024-07-16 12:30:00-04:00,10.279999732971191,10.312000274658203,10.270000457763672,10.279999732971191,87713,0.0,0.0
2024-07-16 13:30:00-04:00,10.279999732971191,10.28499984741211,10.270000457763672,10.279999732971191,25080,0.0,0.0
2024-07-16 14:30:00-04:00,10.279999732971191,10.295000076293945,10.270000457763672,10.295000076293945,23879,0.0,0.0
2024-07-16 15:30:00-04:00,10.29990005493164,10.300000190734863,10.289999961853027,10.295000076293945,9505,0.0,0.0
2024-07-17 09:30:00-04:00,10.289999961853027,10.289999961853027,10.25,10.270000457763672,0,0.0,0.0
2024-07-17 10:30:00-04:00,10.270000457763672,10.28499984741211,10.260000228881836,10.279999732971191,21706,0.0,0.0
2024-07-17 11:30:00-04:00,10.289999961853027,10.295000076293945,10.279999732971191,10.279999732971191,19149,0.0,0.0
2024-07-17 12:30:00-04:00,10.28499984741211,10.289999961853027,10.260000228881836,10.260000228881836,22442,0.0,0.0
2024-07-17 13:30:00-04:00,10.270000457763672,10.28339958190918,10.25,10.28339958190918,27792,0.0,0.0
2024-07-17 14:30:00-04:00,10.28499984741211,10.289999961853027,10.279999732971191,10.28499984741211,11804,0.0,0.0
2024-07-17 15:30:00-04:00,10.270700454711914,10.279999732971191,10.270700454711914,10.279999732971191,0,0.0,0.0
2024-07-18 09:30:00-04:00,10.279999732971191,10.289999961853027,10.266599655151367,10.28499984741211,11005,0.0,0.0
2024-07-18 10:30:00-04:00,10.289999961853027,10.289999961853027,10.279999732971191,10.289999961853027,4828,0.0,0.0
2024-07-18 11:30:00-04:00,10.289999961853027,10.295000076293945,10.270000457763672,10.279999732971191,12783,0.0,0.0
2024-07-18 12:30:00-04:00,10.279999732971191,10.319999694824219,10.274999618530273,10.319999694824219,31275,0.0,0.0
2024-07-18 13:30:00-04:00,10.319999694824219,10.350000381469727,10.3100004196167,10.329999923706055,28249,0.0,0.0
2024-07-18 14:30:00-04:00,10.34000015258789,10.350000381469727,10.3100004196167,10.324999809265137,21764,0.0,0.0
2024-07-18 15:30:00-04:00,10.329999923706055,10.329999923706055,10.319999694824219,10.319999694824219,6003,0.0,0.0
2024-07-19 09:30:00-04:00,10.300000190734863,10.300000190734863,10.270099639892578,10.279999732971191,0,0.0,0.0
2024-07-19 10:30:00-04:00,10.279999732971191,10.279999732971191,10.260000228881836,10.265000343322754,12591,0.0,0.0
2024-07-19 11:30:00-04:00,10.270000457763672,10.3149995803833,10.270000457763672,10.3149995803833,7073,0.0,0.0
2024-07-19 12:30:00-04:00,10.3149995803833,10.3149995803833,10.3100004196167,10.3149995803833,6626,0.0,0.0
2024-07-19 13:30:00-04:00,10.319999694824219,10.329999923706055,10.319999694824219,10.324999809265137,10846,0.0,0.0
2024-07-19 14:30:00-04:00,10.324999809265137,10.333000183105469,10.3100004196167,10.3100004196167,15959,0.0,0.0
2024-07-19 15:30:00-04:00,10.305999755859375,10.3100004196167,10.279999732971191,10.279999732971191,2719,0.0,0.0
2024-07-22 09:30:00-04:00,10.289999961853027,10.390000343322754,10.289999961853027,10.38599967956543,0,0.0,0.0
2024-07-22 10:30:00-04:00,10.390000343322754,10.40999984741211,10.380000114440918,10.390000343322754,14302,0.0,0.0
2024-07-22 11:30:00-04:00,10.40999984741211,10.40999984741211,10.360600471496582,10.399999618530273,32128,0.0,0.0
2024-07-22 12:30:00-04:00,10.399999618530273,10.432000160217285,10.39900016784668,10.430000305175781,14731,0.0,0.0
2024-07-22 13:30:00-04:00,10.430000305175781,10.449999809265137,10.430000305175781,10.4399995803833,16153,0.0,0.0
2024-07-22 14:30:00-04:00,10.4350004196167,10.4399995803833,10.407999992370605,10.40999984741211,14136,0.0,0.0
2024-07-22 15:30:00-04:00,10.420000076293945,10.420000076293945,10.380000114440918,10.380000114440918,4405,0.0,0.0
2024-07-23 09:30:00-04:00,10.40999984741211,10.430000305175781,10.392499923706055,10.430000305175781,0,0.0,0.0
2024-07-23 10:30:00-04:00,10.430000305175781,10.4399995803833,10.420000076293945,10.430000305175781,13408,0.0,0.0
2024-07-23 11:30:00-04:00,10.430000305175781,10.4399995803833,10.420000076293945,10.42549991607666,6814,0.0,0.0
2024-07-23 12:30:00-04:00,10.425000190734863,10.430000305175781,10.40999984741211,10.40999984741211,9531,0.0,0.0
2024-07-23 13:30:00-04:00,10.414999961853027,10.420000076293945,10.40999984741211,10.420000076293945,5010,0.0,0.0
2024-07-23 14:30:00-04:00,10.425000190734863,10.425000190734863,10.420000076293945,10.425000190734863,4507,0.0,0.0
2024-07-23 15:30:00-04:00,10.425000190734863,10.425000190734863,10.380000114440918,10.380000114440918,500,0.0,0.0
2024-07-24 09:30:00-04:00,10.369999885559082,10.369999885559082,10.359999656677246,10.359999656677246,0,0.0,0.0
2024-07-24 10:30:00-04:00,10.359999656677246,10.359999656677246,10.34000015258789,10.34000015258789,3486,0.0,0.0
2024-07-24 11:30:00-04:00,10.350000381469727,10.359999656677246,10.350000381469727,10.350000381469727,8463,0.0,0.0
2024-07-24 12:30:00-04:00,10.351900100708008,10.354999542236328,10.351900100708008,10.354999542236328,6430,0.0,0.0
2024-07-24 13:30:00-04:00,10.352100372314453,10.357999801635742,10.350000381469727,10.354999542236328,14838,0.0,0.0
2024-07-24 14:30:00-04:00,10.350000381469727,10.380000114440918,10.350000381469727,10.369999885559082,34404,0.0,0.0
2024-07-24 15:30:00-04:00,10.350199699401855,10.369999885559082,10.34000015258789,10.369999885559082,2366,0.0,0.0
2024-07-25 09:30:00-04:00,10.350000381469727,10.361000061035156,10.319999694824219,10.350000381469727,0,0.0,0.0
2024-07-25 10:30:00-04:00,10.354999542236328,10.369999885559082,10.345000267028809,10.347999572753906,23678,0.0,0.0
2024-07-25 11:30:00-04:00,10.350000381469727,10.359999656677246,10.345000267028809,10.359999656677246,10204,0.0,0.0
2024-07-25 12:30:00-04:00,10.364999771118164,10.364999771118164,10.359999656677246,10.364999771118164,1410,0.0,0.0
2024-07-25 13:30:00-04:00,10.361100196838379,10.361100196838379,10.360099792480469,10.360099792480469,521,0.0,0.0
2024-07-25 14:30:00-04:00,10.36989974975586,10.36989974975586,10.359999656677246,10.360099792480469,6149,0.0,0.0
2024-07-25 15:30:00-04:00,10.359999656677246,10.359999656677246,10.351300239562988,10.359999656677246,3742,0.0,0.0
2024-07-26 09:30:00-04:00,10.350000381469727,10.398699760437012,10.350000381469727,10.398699760437012,0,0.0,0.0
2024-07-26 10:30:00-04:00,10.399999618530273,10.399999618530273,10.380000114440918,10.390000343322754,7060,0.0,0.0
2024-07-26 11:30:00-04:00,10.39579963684082,10.399999618530273,10.390000343322754,10.399999618530273,2219,0.0,0.0
2024-07-26 12:30:00-04:00,10.404999732971191,10.404999732971191,10.399999618530273,10.400099754333496,1320,0.0,0.0
2024-07-26 13:30:00-04:00,10.404999732971191,10.40999984741211,10.400099754333496,10.405200004577637,5406,0.0,0.0
2024-07-26 14:30:00-04:00,10.404999732971191,10.404999732971191,10.404999732971191,10.404999732971191,2253,0.0,0.0
2024-07-26 15:30:00-04:00,10.399999618530273,10.40999984741211,10.380000114440918,10.380000114440918,653,0.0,0.0
2024-07-29 09:30:00-04:00,10.5,10.5,10.406900405883789,10.430100440979004,0,0.0,0.0
2024-07-29 10:30:00-04:00,10.40999984741211,10.410300254821777,10.399999618530273,10.410300254821777,4887,0.0,0.0
2024-07-29 11:30:00-04:00,10.410200119018555,10.420000076293945,10.390000343322754,10.420000076293945,13487,0.0,0.0
2024-07-29 12:30:00-04:00,10.425000190734863,10.425000190734863,10.420000076293945,10.420000076293945,824,0.0,0.0
2024-07-29 13:30:00-04:00,10.420000076293945,10.430000305175781,10.420000076293945,10.425000190734863,4756,0.0,0.0
2024-07-29 14:30:00-04:00,10.425000190734863,10.429100036621094,10.420000076293945,10.420000076293945,8542,0.0,0.0
2024-07-29 15:30:00-04:00,10.420000076293945,10.449999809265137,10.420000076293945,10.449999809265137,13338,0.0,0.0
2024-07-30 09:30:00-04:00,10.449999809265137,10.449999809265137,10.42199993133545,10.4350004196167,0,0.0,0.0
2024-07-30 10:30:00-04:00,10.439399719238281,10.4399995803833,10.40999984741211,10.40999984741211,6526,0.0,0.0
2024-07-30 11:30:00-04:00,10.410099983215332,10.414999961853027,10.410099983215332,10.414999961853027,285,0.0,0.0
2024-07-30 12:30:00-04:00,10.414999961853027,10.4399995803833,10.40999984741211,10.40999984741211,0,0.0,0.0
2024-07-30 13:30:00-04:00,10.40999984741211,10.420000076293945,10.40999984741211,10.416399955749512,62093,0.0,0.0
2024-07-30 14:30:00-04:00,10.40999984741211,10.415200233459473,10.40999984741211,10.40999984741211,3519,0.0,0.0
2024-07-30 15:30:00-04:00,10.409000396728516,10.410099983215332,10.404999732971191,10.404999732971191,3557,0.0,0.0
2024-07-31 09:30:00-04:00,10.489999771118164,10.489999771118164,10.411999702453613,10.4399995803833,0,0.0,0.0
2024-07-31 10:30:00-04:00,10.4399995803833,10.449999809265137,10.420000076293945,10.425000190734863,0,0.0,0.0
2024-07-31 11:30:00-04:00,10.420000076293945,10.425000190734863,10.420000076293945,10.425000190734863,35376,0.0,0.0
2024-07-31 12:30:00-04:00,10.425000190734863,10.429699897766113,10.425000190734863,10.429699897766113,2242,0.0,0.0
2024-07-31 13:30:00-04:00,10.430000305175781,10.50469970703125,10.430000305175781,10.50469970703125,18622,0.0,0.0
2024-07-31 14:30:00-04:00,10.501500129699707,10.520000457763672,10.494999885559082,10.5,30929,0.0,0.0
2024-07-31 15:30:00-04:00,10.489999771118164,10.5024995803833,10.489999771118164,10.5,4144,0.0,0.0
2024-08-01 09:30:00-04:00,10.470000267028809,10.5600004196167,10.470000267028809,10.5600004196167,0,0.0,0.0
2024-08-01 10:30:00-04:00,10.5600004196167,10.5600004196167,10.510000228881836,10.550000190734863,0,0.0,0.0
2024-08-01 11:30:00-04:00,10.550000190734863,10.5600004196167,10.529999732971191,10.550000190734863,38466,0.0,0.0
2024-08-01 13:30:00-04:00,10.550000190734863,10.55519962310791,10.539999961853027,10.550000190734863,5686,0.0,0.0
2024-08-01 14:30:00-04:00,10.550000190734863,10.5600004196167,10.550000190734863,10.555700302124023,4371,0.0,0.0
2024-08-01 15:30:00-04:00,10.555000305175781,10.555000305175781,10.539999961853027,10.539999961853027,6126,0.0,0.0
2024-08-02 09:30:00-04:00,10.600000381469727,10.619999885559082,10.569999694824219,10.569999694824219,0,0.0,0.0
2024-08-02 10:30:00-04:00,10.579999923706055,10.579999923706055,10.555000305175781,10.555000305175781,9588,0.0,0.0
2024-08-02 11:30:00-04:00,10.550000190734863,10.5600004196167,10.545000076293945,10.545000076293945,9934,0.0,0.0
2024-08-02 12:30:00-04:00,10.54069995880127,10.5600004196167,10.54069995880127,10.553999900817871,5130,0.0,0.0
2024-08-02 13:30:00-04:00,10.555000305175781,10.5600004196167,10.539999961853027,10.539999961853027,8715,0.0,0.0
2024-08-02 14:30:00-04:00,10.539999961853027,10.5600004196167,10.539999961853027,10.550000190734863,5219,0.0,0.0
2024-08-02 15:30:00-04:00,10.550000190734863,10.5600004196167,10.550000190734863,10.555000305175781,1730,0.0,0.0
2024-08-05 09:30:00-04:00,10.569999694824219,10.569999694824219,10.510000228881836,10.51509952545166,0,0.0,0.0
2024-08-05 10:30:00-04:00,10.510000228881836,10.510000228881836,10.5,10.510000228881836,13501,0.0,0.0
2024-08-05 11:30:00-04:00,10.510000228881836,10.510000228881836,10.510000228881836,10.510000228881836,1036,0.0,0.0
2024-08-05 12:30:00-04:00,10.520000457763672,10.520000457763672,10.500100135803223,10.510000228881836,13068,0.0,0.0
2024-08-05 13:30:00-04:00,10.510000228881836,10.520000457763672,10.510000228881836,10.510000228881836,11875,0.0,0.0
2024-08-05 14:30:00-04:00,10.510000228881836,10.510000228881836,10.484999656677246,10.489999771118164,5560,0.0,0.0
2024-08-05 15:30:00-04:00,10.470100402832031,10.484999656677246,10.449999809265137,10.449999809265137,5110,0.0,0.0
2024-08-06 09:30:00-04:00,10.460000038146973,10.505000114440918,10.4399995803833,10.5,0,0.0,0.0
2024-08-06 10:30:00-04:00,10.510000228881836,10.600000381469727,10.489999771118164,10.539999961853027,19413,0.0,0.0
2024-08-06 11:30:00-04:00,10.539999961853027,10.539999961853027,10.475199699401855,10.489999771118164,11112,0.0,0.0
2024-08-06 12:30:00-04:00,10.489999771118164,10.5,10.470000267028809,10.470000267028809,28056,0.0,0.0
2024-08-06 13:30:00-04:00,10.470000267028809,10.489999771118164,10.460000038146973,10.479999542236328,11605,0.0,0.0
2024-08-06 14:30:00-04:00,10.479999542236328,10.484999656677246,10.479999542236328,10.484999656677246,4950,0.0,0.0
2024-08-06 15:30:00-04:00,10.484999656677246,10.489999771118164,10.479999542236328,10.479999542236328,5162,0.0,0.0
2024-08-07 09:30:00-04:00,10.494999885559082,10.579999923706055,10.494999885559082,10.550000190734863,6759,0.0,0.0
2024-08-07 10:30:00-04:00,10.579999923706055,10.680000305175781,10.579999923706055,10.670000076293945,27856,0.0,0.0
2024-08-07 11:30:00-04:00,10.670000076293945,10.6899995803833,10.65999984741211,10.65999984741211,23615,0.0,0.0
2024-08-07 12:30:00-04:00,10.640000343322754,10.654999732971191,10.59000015258789,10.59000015258789,15981,0.0,0.0
2024-08-07 13:30:00-04:00,10.619999885559082,10.630000114440918,10.579999923706055,10.585000038146973,17842,0.0,0.0
2024-08-07 14:30:00-04:00,10.569999694824219,10.590999603271484,10.569999694824219,10.569999694824219,8414,0.0,0.0
2024-08-07 15:30:00-04:00,10.569999694824219,10.585000038146973,10.569999694824219,10.569999694824219,14766,0.0,0.0
2024-08-08 09:30:00-04:00,10.550000190734863,10.569999694824219,10.550000190734863,10.5600004196167,0,0.0,0.0
2024-08-08 10:30:00-04:00,10.539999961853027,10.569999694824219,10.5,10.520000457763672,7124,0.0,0.0
2024-08-08 11:30:00-04:00,10.489999771118164,10.539999961853027,10.479999542236328,10.479999542236328,12252,0.0,0.0
2024-08-08 12:30:00-04:00,10.479999542236328,10.509900093078613,10.460000038146973,10.464200019836426,10037,0.0,0.0
2024-08-08 13:30:00-04:00,10.464200019836426,10.464200019836426,10.430000305175781,10.430000305175781,10934,0.0,0.0
2024-08-08 14:30:00-04:00,10.430000305175781,10.430000305175781,10.415200233459473,10.420000076293945,15881,0.0,0.0
2024-08-08 15:30:00-04:00,10.420000076293945,10.449999809265137,10.420000076293945,10.4399995803833,12042,0.0,0.0
2024-08-09 09:30:00-04:00,10.510000228881836,10.510000228881836,10.40999984741211,10.430000305175781,18865,0.0,0.0
2024-08-09 10:30:00-04:00,10.428000450134277,10.4399995803833,10.420000076293945,10.420000076293945,12117,0.0,0.0
2024-08-09 11:30:00-04:00,10.420000076293945,10.479999542236328,10.420000076293945,10.475000381469727,21463,0.0,0.0
2024-08-09 12:30:00-04:00,10.470000267028809,10.479900360107422,10.470000267028809,10.475000381469727,15788,0.0,0.0
2024-08-09 13:30:00-04:00,10.470000267028809,10.479999542236328,10.470000267028809,10.470000267028809,15159,0.0,0.0
2024-08-09 14:30:00-04:00,10.470000267028809,10.484999656677246,10.470000267028809,10.479999542236328,12522,0.0,0.0
2024-08-09 15:30:00-04:00,10.470000267028809,10.479999542236328,10.449999809265137,10.460000038146973,3435,0.0,0.0
2024-08-12 09:30:00-04:00,10.430000305175781,10.489999771118164,10.430000305175781,10.449999809265137,0,0.0,0.0
2024-08-12 10:30:00-04:00,10.460000038146973,10.489999771118164,10.449999809265137,10.484999656677246,11587,0.0,0.0
2024-08-12 11:30:00-04:00,10.48009967803955,10.5,10.479999542236328,10.489999771118164,14141,0.0,0.0
2024-08-12 12:30:00-04:00,10.5,10.529999732971191,10.489999771118164,10.529999732971191,7288,0.0,0.0
2024-08-12 13:30:00-04:00,10.529999732971191,10.5600004196167,10.510000228881836,10.510000228881836,30239,0.0,0.0
2024-08-12 14:30:00-04:00,10.529999732971191,10.555000305175781,10.444999694824219,10.449999809265137,30698,0.0,0.0
2024-08-12 15:30:00-04:00,10.460000038146973,10.470000267028809,10.4399995803833,10.4399995803833,5729,0.0,0.0
2024-08-13 09:30:00-04:00,10.510000228881836,10.5600004196167,10.489999771118164,10.510000228881836,28396,0.0,0.0
2024-08-13 10:30:00-04:00,10.510000228881836,10.510000228881836,10.479999542236328,10.505000114440918,91954,0.0,0.0
2024-08-13 11:30:00-04:00,10.500100135803223,10.505000114440918,10.479999542236328,10.484999656677246,44019,0.0,0.0
2024-08-13 12:30:00-04:00,10.479999542236328,10.484999656677246,10.479999542236328,10.479999542236328,2315,0.0,0.0
2024-08-13 13:30:00-04:00,10.479999542236328,10.5,10.479999542236328,10.489999771118164,13886,0.0,0.0
2024-08-13 14:30:00-04:00,10.5,10.505000114440918,10.5,10.5,3340,0.0,0.0
2024-08-13 15:30:00-04:00,10.500300407409668,10.500300407409668,10.494999885559082,10.494999885559082,400,0.0,0.0
2024-08-14 09:30:00-04:00,10.479999542236328,10.509900093078613,10.479999542236328,10.49899959564209,0,0.0,0.0
2024-08-14 10:30:00-04:00,10.498000144958496,10.539999961853027,10.498000144958496,10.539999961853027,23429,0.0,0.0
2024-08-14 11:30:00-04:00,10.539999961853027,10.539999961853027,10.530099868774414,10.53499984741211,2392,0.0,0.0
2024-08-14 12:30:00-04:00,10.534199714660645,10.534199714660645,10.529999732971191,10.529999732971191,2809,0.0,0.0
2024-08-14 13:30:00-04:00,10.529999732971191,10.531999588012695,10.529999732971191,10.529999732971191,4539,0.0,0.0
2024-08-14 14:30:00-04:00,10.529999732971191,10.529999732971191,10.529999732971191,10.529999732971191,1778,0.0,0.0
2024-08-14 15:30:00-04:00,10.520099639892578,10.524999618530273,10.5,10.510000228881836,17703,0.0,0.0
2024-08-15 09:30:00-04:00,10.5,10.5,10.449999809265137,10.5,0,0.0,0.0
2024-08-15 10:30:00-04:00,10.491999626159668,10.505000114440918,10.449999809265137,10.466699600219727,40019,0.0,0.0
2024-08-15 11:30:00-04:00,10.470000267028809,10.529999732971191,10.470000267028809,10.529999732971191,30032,0.0,0.0
2024-08-15 12:30:00-04:00,10.529999732971191,10.545000076293945,10.529999732971191,10.545000076293945,9227,0.0,0.0
2024-08-15 13:30:00-04:00,10.539999961853027,10.539999961853027,10.524999618530273,10.539999961853027,9900,0.0,0.0
2024-08-15 14:30:00-04:00,10.539999961853027,10.550000190734863,10.539999961853027,10.539999961853027,7298,0.0,0.0
2024-08-15 15:30:00-04:00,10.539999961853027,10.550000190734863,10.539999961853027,10.545000076293945,0,0.0,0.0
2024-08-16 09:30:00-04:00,10.5600004196167,10.579999923706055,10.545000076293945,10.545000076293945,3181,0.0,0.0
2024-08-16 10:30:00-04:00,10.545100212097168,10.574999809265137,10.545100212097168,10.5649995803833,11708,0.0,0.0
2024-08-16 11:30:00-04:00,10.56029987335205,10.569999694824219,10.56029987335205,10.5649995803833,10633,0.0,0.0
2024-08-16 12:30:00-04:00,10.5649995803833,10.5649995803833,10.5600004196167,10.5649995803833,9181,0.0,0.0
2024-08-16 13:30:00-04:00,10.5649995803833,10.5649995803833,10.5600004196167,10.5649995803833,1450,0.0,0.0
2024-08-16 14:30:00-04:00,10.5649995803833,10.574999809265137,10.5649995803833,10.574999809265137,15664,0.0,0.0
2024-08-16 15:30:00-04:00,10.574999809265137,10.59000015258789,10.574999809265137,10.579999923706055,5475,0.0,0.0
2024-08-19 09:30:00-04:00,10.539999961853027,10.5649995803833,10.529999732971191,10.53499984741211,11867,0.0,0.0
2024-08-19 10:30:00-04:00,10.539899826049805,10.539999961853027,10.520000457763672,10.534600257873535,13635,0.0,0.0
2024-08-19 11:30:00-04:00,10.53499984741211,10.569999694824219,10.529999732971191,10.569999694824219,5511,0.0,0.0
2024-08-19 12:30:00-04:00,10.574999809265137,10.59000015258789,10.574999809265137,10.580100059509277,8084,0.0,0.0
2024-08-19 13:30:00-04:00,10.579999923706055,10.585000038146973,10.5600004196167,10.569899559020996,5734,0.0,0.0
2024-08-19 14:30:00-04:00,10.5649995803833,10.594799995422363,10.5649995803833,10.59000015258789,14432,0.0,0.0
2024-08-19 15:30:00-04:00,10.59000015258789,10.59000015258789,10.579999923706055,10.585000038146973,2271,0.0,0.0
2024-08-20 09:30:00-04:00,10.600000381469727,10.614999771118164,10.598799705505371,10.604999542236328,0,0.0,0.0
2024-08-20 10:30:00-04:00,10.607999801635742,10.623299598693848,10.600000381469727,10.600000381469727,1523,0.0,0.0
2024-08-20 11:30:00-04:00,10.585000038146973,10.589900016784668,10.579999923706055,10.579999923706055,1193,0.0,0.0
2024-08-20 12:30:00-04:00,10.579999923706055,10.581100463867188,10.579999923706055,10.579999923706055,1245,0.0,0.0
2024-08-20 13:30:00-04:00,10.579999923706055,10.589099884033203,10.579999923706055,10.589099884033203,1105,0.0,0.0
2024-08-20 14:30:00-04:00,10.579999923706055,10.586000442504883,10.579999923706055,10.580100059509277,20876,0.0,0.0
2024-08-20 15:30:00-04:00,10.569999694824219,10.579899787902832,10.5,10.54419994354248,0,0.0,0.0
2024-08-21 09:30:00-04:00,10.579999923706055,10.620800018310547,10.529999732971191,10.53499984741211,12346,0.0,0.0
2024-08-21 10:30:00-04:00,10.541999816894531,10.550000190734863,10.512200355529785,10.520000457763672,30605,0.0,0.0
2024-08-21 11:30:00-04:00,10.51200008392334,10.537699699401855,10.5,10.524999618530273,24056,0.0,0.0
2024-08-21 12:30:00-04:00,10.520000457763672,10.539899826049805,10.520000457763672,10.530099868774414,4055,0.0,0.0
2024-08-21 13:30:00-04:00,10.531499862670898,10.534500122070312,10.515000343322754,10.529999732971191,8095,0.0,0.0
2024-08-21 14:30:00-04:00,10.530200004577637,10.536499977111816,10.529999732971191,10.529999732971191,2368,0.0,0.0
2024-08-21 15:30:00-04:00,10.530200004577637,10.539999961853027,10.530200004577637,10.53499984741211,3164,0.0,0.0
2024-08-22 09:30:00-04:00,10.539999961853027,10.539999961853027,10.508500099182129,10.510000228881836,0,0.0,0.0
2024-08-22 10:30:00-04:00,10.5108003616333,10.529999732971191,10.510000228881836,10.520000457763672,6666,0.0,0.0
2024-08-22 11:30:00-04:00,10.520000457763672,10.524999618530273,10.510000228881836,10.520299911499023,18263,0.0,0.0
2024-08-22 12:30:00-04:00,10.529999732971191,10.534700393676758,10.515000343322754,10.515000343322754,8362,0.0,0.0
2024-08-22 13:30:00-04:00,10.510000228881836,10.529999732971191,10.510000228881836,10.520000457763672,11082,0.0,0.0
2024-08-22 14:30:00-04:00,10.520000457763672,10.524999618530273,10.510000228881836,10.524999618530273,4888,0.0,0.0
2024-08-22 15:30:00-04:00,10.520000457763672,10.524999618530273,10.520000457763672,10.524999618530273,687,0.0,0.0
2024-08-23 09:30:00-04:00,10.510000228881836,10.5600004196167,10.510000228881836,10.539999961853027,0,0.0,0.0
2024-08-23 10:30:00-04:00,10.539999961853027,10.539999961853027,10.529999732971191,10.529999732971191,4914,0.0,0.0
2024-08-23 11:30:00-04:00,10.529999732971191,10.53499984741211,10.524999618530273,10.529999732971191,8855,0.0,0.0
2024-08-23 12:30:00-04:00,10.539899826049805,10.539899826049805,10.53499984741211,10.53499984741211,2200,0.0,0.0
2024-08-23 13:30:00-04:00,10.53969955444336,10.539899826049805,10.529999732971191,10.531900405883789,12334,0.0,0.0
2024-08-23 14:30:00-04:00,10.534700393676758,10.545000076293945,10.530099868774414,10.545000076293945,5920,0.0,0.0
2024-08-26 09:30:00-04:00,10.529999732971191,10.549599647521973,10.489999771118164,10.520099639892578,0,0.0,0.0
2024-08-26 10:30:00-04:00,10.524999618530273,10.529999732971191,10.510000228881836,10.515000343322754,7078,0.0,0.0
2024-08-26 11:30:00-04:00,10.5,10.515000343322754,10.5,10.5,3371,0.0,0.0
2024-08-26 12:30:00-04:00,10.5,10.510000228881836,10.489999771118164,10.5,7694,0.0,0.0
2024-08-26 13:30:00-04:00,10.5,10.5,10.489999771118164,10.5,3463,0.0,0.0
2024-08-26 14:30:00-04:00,10.494999885559082,10.5,10.479999542236328,10.489999771118164,8358,0.0,0.0
2024-08-26 15:30:00-04:00,10.479999542236328,10.489999771118164,10.470000267028809,10.489999771118164,9037,0.0,0.0
2024-08-27 09:30:00-04:00,10.520000457763672,10.520000457763672,10.484999656677246,10.490300178527832,0,0.0,0.0
2024-08-27 10:30:00-04:00,10.49470043182373,10.494999885559082,10.489999771118164,10.489999771118164,4886,0.0,0.0
2024-08-27 11:30:00-04:00,10.490300178527832,10.5,10.489999771118164,10.494999885559082,5548,0.0,0.0
2024-08-27 12:30:00-04:00,10.490799903869629,10.494999885559082,10.489999771118164,10.49120044708252,13361,0.0,0.0
2024-08-27 13:30:00-04:00,10.4931001663208,10.514699935913086,10.489999771118164,10.514699935913086,17859,0.0,0.0
2024-08-27 14:30:00-04:00,10.513999938964844,10.513999938964844,10.494999885559082,10.5,10982,0.0,0.0
2024-08-27 15:30:00-04:00,10.509900093078613,10.509900093078613,10.479999542236328,10.479999542236328,3925,0.0,0.0
2024-08-28 09:30:00-04:00,10.520000457763672,10.539999961853027,10.484999656677246,10.520000457763672,0,0.0,0.0
2024-08-28 10:30:00-04:00,10.520000457763672,10.520000457763672,10.479999542236328,10.5,17990,0.0,0.0
2024-08-28 11:30:00-04:00,10.494999885559082,10.5,10.460000038146973,10.460000038146973,12797,0.0,0.0
2024-08-28 12:30:00-04:00,10.460000038146973,10.470000267028809,10.40999984741211,10.430000305175781,24935,0.0,0.0
2024-08-28 13:30:00-04:00,10.40999984741211,10.430000305175781,10.390000343322754,10.399999618530273,16546,0.0,0.0
2024-08-28 14:30:00-04:00,10.399999618530273,10.430000305175781,10.390000343322754,10.425700187683105,33836,0.0,0.0
2024-08-28 15:30:00-04:00,10.40999984741211,10.437700271606445,10.399999618530273,10.420000076293945,28289,0.0,0.0
2024-08-29 09:30:00-04:00,10.420000076293945,10.420000076293945,10.399999618530273,10.399999618530273,13811,0.0,0.0
2024-08-29 10:30:00-04:00,10.40999984741211,10.419099807739258,10.399999618530273,10.399999618530273,7910,0.0,0.0
2024-08-29 11:30:00-04:00,10.40999984741211,10.40999984741211,10.399999618530273,10.404999732971191,29966,0.0,0.0
2024-08-29 12:30:00-04:00,10.399999618530273,10.428999900817871,10.399999618530273,10.420000076293945,17224,0.0,0.0
2024-08-29 13:30:00-04:00,10.420000076293945,10.425000190734863,10.420000076293945,10.425000190734863,2127,0.0,0.0
2024-08-29 14:30:00-04:00,10.422499656677246,10.4350004196167,10.420000076293945,10.430000305175781,6652,0.0,0.0
2024-08-29 15:30:00-04:00,10.420000076293945,10.449999809265137,10.420000076293945,10.449999809265137,7578,0.0,0.0
2024-08-30 09:30:00-04:00,10.470000267028809,10.479999542236328,10.458700180053711,10.460000038146973,16692,0.0,0.0
2024-08-30 10:30:00-04:00,10.467499732971191,10.467499732971191,10.449999809265137,10.454999923706055,18669,0.0,0.0
2024-08-30 11:30:00-04:00,10.454999923706055,10.460000038146973,10.449999809265137,10.449999809265137,11853,0.0,0.0
2024-08-30 12:30:00-04:00,10.450300216674805,10.45740032196045,10.449999809265137,10.449999809265137,11950,0.0,0.0
2024-08-30 13:30:00-04:00,10.454999923706055,10.454999923706055,10.430800437927246,10.439299583435059,20860,0.0,0.0
2024-08-30 14:30:00-04:00,10.430000305175781,10.439900398254395,10.430000305175781,10.430000305175781,13701,0.0,0.0
2024-08-30 15:30:00-04:00,10.430000305175781,10.430000305175781,10.420000076293945,10.425000190734863,10310,0.0,0.0
2024-09-03 09:30:00-04:00,10.470000267028809,10.470000267028809,10.399999618530273,10.449999809265137,35038,0.0,0.0
2024-09-03 10:30:00-04:00,10.449999809265137,10.46500015258789,10.4399995803833,10.444999694824219,28224,0.0,0.0
2024-09-03 11:30:00-04:00,10.449999809265137,10.460000038146973,10.444999694824219,10.458000183105469,13680,0.0,0.0
2024-09-03 12:30:00-04:00,10.456999778747559,10.460000038146973,10.449999809265137,10.454999923706055,8970,0.0,0.0
2024-09-03 13:30:00-04:00,10.460000038146973,10.475000381469727,10.449999809265137,10.460000038146973,12196,0.0,0.0
2024-09-03 14:30:00-04:00,10.460000038146973,10.479999542236328,10.460000038146973,10.460000038146973,12504,0.0,0.0
2024-09-03 15:30:00-04:00,10.460000038146973,10.479000091552734,10.454999923706055,10.470000267028809,11646,0.0,0.0
2024-09-04 09:30:00-04:00,10.449999809265137,10.479999542236328,10.449999809265137,10.463299751281738,0,0.0,0.0
2024-09-04 10:30:00-04:00,10.460000038146973,10.470100402832031,10.449999809265137,10.470000267028809,31394,0.0,0.0
2024-09-04 11:30:00-04:00,10.46500015258789,10.470000267028809,10.460000038146973,10.470000267028809,11096,0.0,0.0
2024-09-04 12:30:00-04:00,10.46500015258789,10.470000267028809,10.46399974822998,10.46500015258789,11631,0.0,0.0
2024-09-04 13:30:00-04:00,10.470000267028809,10.470000267028809,10.46500015258789,10.46500015258789,13545,0.0,0.0
2024-09-04 14:30:00-04:00,10.470000267028809,10.470000267028809,10.460000038146973,10.460000038146973,11842,0.0,0.0
2024-09-04 15:30:00-04:00,10.46500015258789,10.470000267028809,10.460000038146973,10.460000038146973,8059,0.0,0.0
2024-09-05 09:30:00-04:00,10.460000038146973,10.520000457763672,10.460000038146973,10.5,0,0.0,0.0
2024-09-05 10:30:00-04:00,10.494999885559082,10.494999885559082,10.460000038146973,10.470000267028809,13760,0.0,0.0
2024-09-05 11:30:00-04:00,10.470000267028809,10.489999771118164,10.470000267028809,10.470000267028809,12994,0.0,0.0
2024-09-05 12:30:00-04:00,10.470000267028809,10.475000381469727,10.460000038146973,10.475000381469727,8095,0.0,0.0
2024-09-05 13:30:00-04:00,10.475000381469727,10.479999542236328,10.470000267028809,10.475000381469727,6850,0.0,0.0
2024-09-05 14:30:00-04:00,10.475000381469727,10.489999771118164,10.475000381469727,10.489999771118164,8236,0.0,0.0
2024-09-05 15:30:00-04:00,10.484999656677246,10.489999771118164,10.470000267028809,10.470000267028809,12892,0.0,0.0
2024-09-06 09:30:00-04:00,10.510000228881836,10.539999961853027,10.510000228881836,10.510000228881836,7543,0.0,0.0
2024-09-06 10:30:00-04:00,10.510000228881836,10.520000457763672,10.5,10.520000457763672,7098,0.0,0.0
2024-09-06 11:30:00-04:00,10.510000228881836,10.520000457763672,10.5,10.505000114440918,9981,0.0,0.0
2024-09-06 12:30:00-04:00,10.520000457763672,10.539999961853027,10.5,10.510000228881836,14485,0.0,0.0
2024-09-06 13:30:00-04:00,10.510000228881836,10.520000457763672,10.479999542236328,10.5,4690,0.0,0.0
2024-09-06 14:30:00-04:00,10.5,10.509900093078613,10.489999771118164,10.5,5854,0.0,0.0
2024-09-06 15:30:00-04:00,10.508600234985352,10.509900093078613,10.489999771118164,10.5,4765,0.0,0.0
2024-09-09 09:30:00-04:00,10.550000190734863,10.5600004196167,10.529999732971191,10.529999732971191,0,0.0,0.0
2024-09-09 10:30:00-04:00,10.53320026397705,10.53499984741211,10.520000457763672,10.529999732971191,4460,0.0,0.0
2024-09-09 11:30:00-04:00,10.53499984741211,10.545000076293945,10.529999732971191,10.529999732971191,12349,0.0,0.0
2024-09-09 12:30:00-04:00,10.529999732971191,10.539999961853027,10.520000457763672,10.524999618530273,9272,0.0,0.0
2024-09-09 13:30:00-04:00,10.520000457763672,10.539999961853027,10.520000457763672,10.529999732971191,15193,0.0,0.0
2024-09-09 14:30:00-04:00,10.539999961853027,10.539999961853027,10.529999732971191,10.529999732971191,13274,0.0,0.0
2024-09-09 15:30:00-04:00,10.529999732971191,10.539999961853027,10.524999618530273,10.529999732971191,8836,0.0,0.0
2024-09-10 09:30:00-04:00,10.550000190734863,10.574999809265137,10.550000190734863,10.569999694824219,0,0.0,0.0
2024-09-10 10:30:00-04:00,10.569999694824219,10.574999809265137,10.5600004196167,10.5600004196167,0,0.0,0.0
2024-09-10 11:30:00-04:00,10.560999870300293,10.5649995803833,10.5600004196167,10.5600004196167,16938,0.0,0.0
2024-09-10 12:30:00-04:00,10.5600004196167,10.5600004196167,10.550000190734863,10.559900283813477,7413,0.0,0.0
2024-09-10 13:30:00-04:00,10.555000305175781,10.5600004196167,10.550000190734863,10.5600004196167,3349,0.0,0.0
2024-09-10 14:30:00-04:00,10.555000305175781,10.557499885559082,10.544795036315918,10.550000190734863,12646,0.0,0.0
2024-09-10 15:30:00-04:00,10.550000190734863,10.550000190734863,10.539999961853027,10.545000076293945,11254,0.0,0.0
2024-09-11 09:30:00-04:00,10.569999694824219,10.59000015258789,10.560099601745605,10.59000015258789,2829,0.0,0.0
2024-09-11 10:30:00-04:00,10.59000015258789,10.649999618530273,10.585000038146973,10.630000114440918,24882,0.0,0.0
2024-09-11 11:30:00-04:00,10.63010025024414,10.635000228881836,10.619999885559082,10.635000228881836,12004,0.0,0.0
2024-09-11 12:30:00-04:00,10.635000228881836,10.635000228881836,10.550000190734863,10.609999656677246,44792,0.0,0.0
2024-09-11 13:30:00-04:00,10.609999656677246,10.630000114440918,10.5600004196167,10.604999542236328,42769,0.0,0.0
2024-09-11 14:30:00-04:00,10.622699737548828,10.625,10.619999885559082,10.619999885559082,3334,0.0,0.0
2024-09-11 15:30:00-04:00,10.604599952697754,10.604999542236328,10.604599952697754,10.604999542236328,6612,0.0,0.0
2024-09-12 09:30:00-04:00,10.630000114440918,10.6899995803833,10.630000114440918,10.6850004196167,0,0.0,0.0
2024-09-12 10:30:00-04:00,10.694999694824219,10.699199676513672,10.6899995803833,10.6899995803833,2243,0.0,0.0
2024-09-12 11:30:00-04:00,10.694999694824219,10.699999809265137,10.640000343322754,10.6850004196167,147532,0.0,0.0
2024-09-12 12:30:00-04:00,10.6850004196167,10.6899995803833,10.670000076293945,10.670000076293945,4807,0.0,0.0
2024-09-12 13:30:00-04:00,10.680000305175781,10.680000305175781,10.65149974822998,10.670000076293945,14684,0.0,0.0
2024-09-12 14:30:00-04:00,10.670000076293945,10.679900169372559,10.65999984741211,10.65999984741211,9400,0.0,0.0
2024-09-12 15:30:00-04:00,10.670000076293945,10.670000076293945,10.670000076293945,10.670000076293945,3757,0.0,0.0
2024-09-13 09:30:00-04:00,10.720000267028809,10.720000267028809,10.680000305175781,10.680000305175781,0,0.0,0.0
2024-09-13 10:30:00-04:00,10.6899995803833,10.699999809265137,10.680000305175781,10.6850004196167,16155,0.0,0.0
2024-09-13 11:30:00-04:00,10.6850004196167,10.725000381469727,10.680000305175781,10.725000381469727,70624,0.0,0.0
2024-09-13 12:30:00-04:00,10.720499992370605,10.729999542236328,10.720499992370605,10.729999542236328,12444,0.0,0.0
2024-09-13 13:30:00-04:00,10.729999542236328,10.744999885559082,10.729999542236328,10.739999771118164,32832,0.0,0.0
2024-09-13 14:30:00-04:00,10.75,10.760000228881836,10.739999771118164,10.75,10780,0.0,0.0
2024-09-13 15:30:00-04:00,10.75,10.755000114440918,10.720399856567383,10.755000114440918,8848,0.0,0.0
2024-09-16 09:30:00-04:00,10.800000190734863,10.854999542236328,10.800000190734863,10.84000015258789,0,0.0,0.0
2024-09-16 10:30:00-04:00,10.84000015258789,10.84000015258789,10.819999694824219,10.829999923706055,7205,0.0,0.0
2024-09-16 11:30:00-04:00,10.829999923706055,10.829999923706055,10.8100004196167,10.8100004196167,6962,0.0,0.0
2024-09-16 12:30:00-04:00,10.8100004196167,10.819999694824219,10.8100004196167,10.8149995803833,13965,0.0,0.0
2024-09-16 13:30:00-04:00,10.8100004196167,10.824999809265137,10.8100004196167,10.824999809265137,8690,0.0,0.0
2024-09-16 14:30:00-04:00,10.819999694824219,10.829999923706055,10.819999694824219,10.820099830627441,13391,0.0,0.0
2024-09-16 15:30:00-04:00,10.819999694824219,10.819999694824219,10.800000190734863,10.8100004196167,4032,0.0,0.0
2024-09-17 09:30:00-04:00,10.84000015258789,10.850000381469727,10.8100004196167,10.8100004196167,3643,0.0,0.0
2024-09-17 10:30:00-04:00,10.82040023803711,10.829999923706055,10.779999732971191,10.789999961853027,7977,0.0,0.0
2024-09-17 11:30:00-04:00,10.789999961853027,10.800000190734863,10.779999732971191,10.789999961853027,20345,0.0,0.0
2024-09-17 12:30:00-04:00,10.789999961853027,10.800000190734863,10.779999732971191,10.789999961853027,26349,0.0,0.0
2024-09-17 13:30:00-04:00,10.79319953918457,10.79319953918457,10.770000457763672,10.779999732971191,0,0.0,0.0
2024-09-17 14:30:00-04:00,10.779999732971191,10.78219985961914,10.75,10.75,84190,0.0,0.0
2024-09-17 15:30:00-04:00,10.755000114440918,10.769499778747559,10.741000175476074,10.741000175476074,4270,0.0,0.0
2024-09-18 09:30:00-04:00,10.789999961853027,10.809399604797363,10.710000038146973,10.755000114440918,5937,0.0,0.0
2024-09-18 10:30:00-04:00,10.770000457763672,10.785200119018555,10.770000457763672,10.770000457763672,12296,0.0,0.0
2024-09-18 11:30:00-04:00,10.770000457763672,10.800000190734863,10.770000457763672,10.78499984741211,34155,0.0,0.0
2024-09-18 12:30:00-04:00,10.780900001525879,10.780900001525879,10.779999732971191,10.779999732971191,3137,0.0,0.0
2024-09-18 13:30:00-04:00,10.773300170898438,10.779899597167969,10.760000228881836,10.774999618530273,8876,0.0,0.0
2024-09-18 14:30:00-04:00,10.789999961853027,10.789999961853027,10.789999961853027,10.789999961853027,5066,0.0,0.0
2024-09-18 15:30:00-04:00,10.797900199890137,10.797900199890137,10.779999732971191,10.779999732971191,1045,0.0,0.0
2024-09-19 09:30:00-04:00,10.760000228881836,10.779999732971191,10.760000228881836,10.770000457763672,17701,0.0,0.0
2024-09-19 10:30:00-04:00,10.770000457763672,10.779899597167969,10.760000228881836,10.760000228881836,18197,0.0,0.0
2024-09-19 11:30:00-04:00,10.770000457763672,10.779899597167969,10.75,10.760000228881836,10921,0.0,0.0
2024-09-19 12:30:00-04:00,10.760000228881836,10.760000228881836,10.75,10.75,13042,0.0,0.0
2024-09-19 13:30:00-04:00,10.75,10.765000343322754,10.75,10.765000343322754,3353,0.0,0.0
2024-09-19 14:30:00-04:00,10.765000343322754,10.766400337219238,10.760000228881836,10.765000343322754,13042,0.0,0.0
2024-09-19 15:30:00-04:00,10.765000343322754,10.765000343322754,10.75,10.760000228881836,0,0.0,0.0
2024-09-20 09:30:00-04:00,10.760000228881836,10.760000228881836,10.680000305175781,10.731800079345703,6750,0.0,0.0
2024-09-20 11:30:00-04:00,10.739999771118164,10.746999740600586,10.739999771118164,10.742400169372559,7690,0.0,0.0
2024-09-20 12:30:00-04:00,10.739999771118164,10.739999771118164,10.720000267028809,10.720000267028809,11112,0.0,0.0
2024-09-20 13:30:00-04:00,10.723231315612793,10.723231315612793,10.710000038146973,10.72249984741211,10733,0.0,0.0
2024-09-20 14:30:00-04:00,10.720000267028809,10.720199584960938,10.710000038146973,10.720000267028809,11424,0.0,0.0
2024-09-20 15:30:00-04:00,10.720000267028809,10.720000267028809,10.680000305175781,10.6899995803833,0,0.0,0.0
2024-09-23 09:30:00-04:00,10.699999809265137,10.729999542236328,10.680000305175781,10.680000305175781,13774,0.0,0.0
2024-09-23 10:30:00-04:00,10.710000038146973,10.725000381469727,10.680000305175781,10.71500015258789,17016,0.0,0.0
2024-09-23 11:30:00-04:00,10.720000267028809,10.725000381469727,10.710000038146973,10.720000267028809,20672,0.0,0.0
2024-09-23 12:30:00-04:00,10.729999542236328,10.770000457763672,10.729999542236328,10.75,21619,0.0,0.0
2024-09-23 13:30:00-04:00,10.755000114440918,10.758999824523926,10.75,10.75,26231,0.0,0.0
2024-09-23 14:30:00-04:00,10.75,10.753899574279785,10.75,10.75,18601,0.0,0.0
2024-09-23 15:30:00-04:00,10.75,10.75,10.720000267028809,10.729999542236328,12557,0.0,0.0
2024-09-24 09:30:00-04:00,10.710000038146973,10.710000038146973,10.65999984741211,10.699999809265137,0,0.0,0.0
2024-09-24 10:30:00-04:00,10.699999809265137,10.710000038146973,10.6899995803833,10.710000038146973,13285,0.0,0.0
2024-09-24 11:30:00-04:00,10.710000038146973,10.725000381469727,10.710000038146973,10.720000267028809,13354,0.0,0.0
2024-09-24 12:30:00-04:00,10.720000267028809,10.760000228881836,10.720000267028809,10.760000228881836,18796,0.0,0.0
2024-09-24 13:30:00-04:00,10.765000343322754,10.779999732971191,10.765000343322754,10.774999618530273,10636,0.0,0.0
2024-09-24 14:30:00-04:00,10.774999618530273,10.779999732971191,10.774999618530273,10.774999618530273,12953,0.0,0.0
2024-09-24 15:30:00-04:00,10.774999618530273,10.779999732971191,10.774999618530273,10.779999732971191,2050,0.0,0.0
2024-09-25 09:30:00-04:00,10.75,10.779999732971191,10.720000267028809,10.74020004272461,0,0.0,0.0
2024-09-25 10:30:00-04:00,10.739999771118164,10.779999732971191,10.739999771118164,10.779999732971191,4905,0.0,0.0
2024-09-25 11:30:00-04:00,10.779999732971191,10.819999694824219,10.770000457763672,10.819999694824219,11158,0.0,0.0
2024-09-25 12:30:00-04:00,10.821999549865723,10.829999923706055,10.779999732971191,10.824999809265137,14333,0.0,0.0
2024-09-25 13:30:00-04:00,10.829999923706055,10.829999923706055,10.819999694824219,10.819999694824219,9776,0.0,0.0
2024-09-25 14:30:00-04:00,10.824999809265137,10.824999809265137,10.789999961853027,10.800000190734863,16056,0.0,0.0
2024-09-25 15:30:00-04:00,10.800000190734863,10.800000190734863,10.770000457763672,10.779999732971191,6358,0.0,0.0
2024-09-26 09:30:00-04:00,10.84000015258789,10.84000015258789,10.819999694824219,10.819999694824219,0,0.0,0.0
2024-09-26 10:30:00-04:00,10.8100004196167,10.8100004196167,10.78499984741211,10.800000190734863,9657,0.0,0.0
2024-09-26 11:30:00-04:00,10.8100004196167,10.82960033416748,10.8100004196167,10.824999809265137,18003,0.0,0.0
2024-09-26 12:30:00-04:00,10.819999694824219,10.824999809265137,10.800000190734863,10.800000190734863,12268,0.0,0.0
2024-09-26 13:30:00-04:00,10.795000076293945,10.795000076293945,10.789999961853027,10.789999961853027,6178,0.0,0.0
2024-09-26 14:30:00-04:00,10.795000076293945,10.800000190734863,10.789999961853027,10.795000076293945,3863,0.0,0.0
2024-09-26 15:30:00-04:00,10.797499656677246,10.84000015258789,10.779999732971191,10.800000190734863,9130,0.0,0.0
2024-09-27 09:30:00-04:00,10.84000015258789,10.869999885559082,10.829999923706055,10.869999885559082,0,0.0,0.0
2024-09-27 10:30:00-04:00,10.854999542236328,10.859999656677246,10.84000015258789,10.848999977111816,9599,0.0,0.0
2024-09-27 11:30:00-04:00,10.84000015258789,10.850000381469727,10.829999923706055,10.840299606323242,20622,0.0,0.0
2024-09-27 12:30:00-04:00,10.848699569702148,10.850000381469727,10.845000267028809,10.845000267028809,8135,0.0,0.0
2024-09-27 13:30:00-04:00,10.84000015258789,10.840100288391113,10.84000015258789,10.84000015258789,6088,0.0,0.0
2024-09-27 14:30:00-04:00,10.84000015258789,10.859999656677246,10.84000015258789,10.84000015258789,17805,0.0,0.0
2024-09-27 15:30:00-04:00,10.829999923706055,10.829999923706055,10.800000190734863,10.800000190734863,6904,0.0,0.0
2024-09-30 09:30:00-04:00,10.859999656677246,10.875,10.843600273132324,10.875,0,0.0,0.0
2024-09-30 10:30:00-04:00,10.875,10.888999938964844,10.869999885559082,10.888999938964844,9584,0.0,0.0
2024-09-30 11:30:00-04:00,10.890000343322754,10.890000343322754,10.875,10.885000228881836,39491,0.0,0.0
2024-09-30 12:30:00-04:00,10.885000228881836,10.889200210571289,10.880000114440918,10.885000228881836,9108,0.0,0.0
2024-09-30 13:30:00-04:00,10.882800102233887,10.895000457763672,10.882800102233887,10.89109992980957,7179,0.0,0.0
2024-09-30 14:30:00-04:00,10.896965026855469,10.904999732971191,10.890000343322754,10.904999732971191,23245,0.0,0.0
2024-09-30 15:30:00-04:00,10.899999618530273,10.90999984741211,10.869999885559082,10.90999984741211,24937,0.0,0.0
2024-10-01 09:30:00-04:00,10.949999809265137,10.949999809265137,10.872200012207031,10.90999984741211,15308,0.0,0.0
2024-10-01 10:30:00-04:00,10.90999984741211,10.920000076293945,10.880000114440918,10.880000114440918,3574,0.0,0.0
2024-10-01 11:30:00-04:00,10.920000076293945,10.930000305175781,10.890000343322754,10.890000343322754,1843,0.0,0.0
2024-10-01 12:30:00-04:00,10.930000305175781,10.949999809265137,10.899999618530273,10.949999809265137,20328,0.0,0.0
2024-10-01 13:30:00-04:00,10.949999809265137,10.949999809265137,10.90999984741211,10.930000305175781,12371,0.0,0.0
2024-10-01 14:30:00-04:00,10.930000305175781,10.960000038146973,10.930000305175781,10.960000038146973,10866,0.0,0.0
2024-10-01 15:30:00-04:00,10.944999694824219,10.960000038146973,10.90999984741211,10.920000076293945,5950,0.0,0.0
2024-10-02 09:30:00-04:00,10.930000305175781,10.930000305175781,10.8774995803833,10.880000114440918,0,0.0,0.0
2024-10-02 10:30:00-04:00,10.875,10.880000114440918,10.85099983215332,10.859999656677246,4029,0.0,0.0
2024-10-02 11:30:00-04:00,10.861000061035156,10.869999885559082,10.850000381469727,10.869999885559082,10508,0.0,0.0
2024-10-02 12:30:00-04:00,10.864999771118164,10.890000343322754,10.864999771118164,10.890000343322754,7183,0.0,0.0
2024-10-02 13:30:00-04:00,10.890000343322754,10.899999618530273,10.890000343322754,10.890000343322754,1737,0.0,0.0
2024-10-02 14:30:00-04:00,10.889200210571289,10.899999618530273,10.850000381469727,10.875,49382,0.0,0.0
2024-10-02 15:30:00-04:00,10.875,10.886099815368652,10.850000381469727,10.864999771118164,7485,0.0,0.0
2024-10-03 09:30:00-04:00,10.850000381469727,10.890000343322754,10.8100004196167,10.84000015258789,15012,0.0,0.0
2024-10-03 10:30:00-04:00,10.84000015258789,10.850000381469727,10.75,10.75,36202,0.0,0.0
2024-10-03 11:30:00-04:00,10.755000114440918,10.850000381469727,10.75,10.760000228881836,37671,0.0,0.0
2024-10-03 12:30:00-04:00,10.760000228881836,10.779999732971191,10.75,10.779999732971191,14127,0.0,0.0
2024-10-03 13:30:00-04:00,10.779999732971191,10.789999961853027,10.75,10.770000457763672,21275,0.0,0.0
2024-10-03 14:30:00-04:00,10.779999732971191,10.779999732971191,10.760100364685059,10.774999618530273,27026,0.0,0.0
2024-10-03 15:30:00-04:00,10.774999618530273,10.829999923706055,10.774999618530273,10.800000190734863,12093,0.0,0.0
2024-10-04 09:30:00-04:00,10.770000457763672,10.770000457763672,10.699999809265137,10.739999771118164,0,0.0,0.0
2024-10-04 10:30:00-04:00,10.739999771118164,10.739999771118164,10.739999771118164,10.739999771118164,2583,0.0,0.0
2024-10-04 11:30:00-04:00,10.75,10.75,10.739999771118164,10.739999771118164,6898,0.0,0.0
2024-10-04 12:30:00-04:00,10.739999771118164,10.74470043182373,10.739999771118164,10.739999771118164,5397,0.0,0.0
2024-10-04 13:30:00-04:00,10.739999771118164,10.744999885559082,10.739999771118164,10.739999771118164,6083,0.0,0.0
2024-10-04 14:30:00-04:00,10.739999771118164,10.739999771118164,10.739999771118164,10.739999771118164,2379,0.0,0.0
2024-10-04 15:30:00-04:00,10.739999771118164,10.744999885559082,10.739999771118164,10.744999885559082,5485,0.0,0.0
2024-10-07 09:30:00-04:00,10.739999771118164,10.749500274658203,10.729999542236328,10.739999771118164,36228,0.0,0.0
2024-10-07 10:30:00-04:00,10.739999771118164,10.739999771118164,10.729999542236328,10.729999542236328,36768,0.0,0.0
2024-10-07 11:30:00-04:00,10.729999542236328,10.75,10.729999542236328,10.744999885559082,64843,0.0,0.0
2024-10-07 12:30:00-04:00,10.739999771118164,10.75,10.739999771118164,10.739999771118164,11870,0.0,0.0
2024-10-07 13:30:00-04:00,10.739999771118164,10.744999885559082,10.739999771118164,10.739999771118164,5710,0.0,0.0
2024-10-07 14:30:00-04:00,10.739999771118164,10.748900413513184,10.729999542236328,10.729999542236328,58909,0.0,0.0
2024-10-07 15:30:00-04:00,10.729999542236328,10.739999771118164,10.729999542236328,10.739999771118164,3119,0.0,0.0
2024-10-08 09:30:00-04:00,10.789999961853027,10.789999961853027,10.729999542236328,10.729999542236328,7037,0.0,0.0
2024-10-08 10:30:00-04:00,10.720000267028809,10.729999542236328,10.710000038146973,10.729999542236328,5935,0.0,0.0
2024-10-08 11:30:00-04:00,10.729999542236328,10.733099937438965,10.6899995803833,10.6899995803833,21744,0.0,0.0
2024-10-08 12:30:00-04:00,10.70740032196045,10.70740032196045,10.655200004577637,10.65999984741211,24351,0.0,0.0
2024-10-08 13:30:00-04:00,10.664999961853027,10.670000076293945,10.649999618530273,10.649999618530273,10112,0.0,0.0
2024-10-08 14:30:00-04:00,10.649999618530273,10.655799865722656,10.630000114440918,10.630000114440918,15204,0.0,0.0
2024-10-08 15:30:00-04:00,10.630000114440918,10.65999984741211,10.630000114440918,10.654999732971191,14950,0.0,0.0
2024-10-09 09:30:00-04:00,10.619999885559082,10.680000305175781,10.619999885559082,10.675000190734863,0,0.0,0.0
2024-10-09 10:30:00-04:00,10.675000190734863,10.75,10.674699783325195,10.71500015258789,22285,0.0,0.0
2024-10-09 11:30:00-04:00,10.71500015258789,10.779999732971191,10.713423728942871,10.779999732971191,26229,0.0,0.0
2024-10-09 12:30:00-04:00,10.770000457763672,10.795000076293945,10.770000457763672,10.770000457763672,47126,0.0,0.0
2024-10-09 13:30:00-04:00,10.770000457763672,10.795000076293945,10.770000457763672,10.789999961853027,13717,0.0,0.0
2024-10-09 14:30:00-04:00,10.795000076293945,10.795000076293945,10.760000228881836,10.779999732971191,23978,0.0,0.0
2024-10-09 15:30:00-04:00,10.760000228881836,10.760000228881836,10.744999885559082,10.744999885559082,3018,0.0,0.0
2024-10-10 09:30:00-04:00,10.760000228881836,10.779999732971191,10.751500129699707,10.775300025939941,0,0.0,0.0
2024-10-10 10:30:00-04:00,10.755000114440918,10.755000114440918,10.710000038146973,10.710000038146973,22978,0.0,0.0
2024-10-10 11:30:00-04:00,10.710000038146973,10.729999542236328,10.699999809265137,10.720000267028809,14109,0.0,0.0
2024-10-10 12:30:00-04:00,10.720000267028809,10.720000267028809,10.720000267028809,10.720000267028809,5126,0.0,0.0
2024-10-10 13:30:00-04:00,10.710000038146973,10.729999542236328,10.6899995803833,10.699999809265137,8762,0.0,0.0
2024-10-10 14:30:00-04:00,10.6899995803833,10.720000267028809,10.6899995803833,10.720000267028809,3456,0.0,0.0
2024-10-10 15:30:00-04:00,10.720000267028809,10.729999542236328,10.720000267028809,10.729999542236328,2387,0.0,0.0
2024-10-11 09:30:00-04:00,10.760000228881836,10.770000457763672,10.720100402832031,10.75,6759,0.0,0.0
2024-10-11 10:30:00-04:00,10.75,10.758000373840332,10.729999542236328,10.755000114440918,8475,0.0,0.0
2024-10-11 11:30:00-04:00,10.760000228881836,10.765000343322754,10.739999771118164,10.755000114440918,17899,0.0,0.0
2024-10-11 12:30:00-04:00,10.755000114440918,10.760000228881836,10.75,10.75,7785,0.0,0.0
2024-10-11 13:30:00-04:00,10.755000114440918,10.755000114440918,10.75,10.755000114440918,2869,0.0,0.0
2024-10-11 14:30:00-04:00,10.755000114440918,10.75879955291748,10.720000267028809,10.720000267028809,5482,0.0,0.0
2024-10-11 15:30:00-04:00,10.75,10.75,10.71500015258789,10.720000267028809,14637,0.0,0.0
