Datetime,Open,High,Low,Close,Volume,Dividends,Stock Splits
2023-02-09 09:00:00+09:00,10000.0,13000.0,10000.0,13000.0,0,0.0,0.0
2023-02-09 10:00:00+09:00,13000.0,13000.0,13000.0,13000.0,5547,0.0,0.0
2023-02-09 11:00:00+09:00,13000.0,13000.0,13000.0,13000.0,1495,0.0,0.0
2023-02-09 12:00:00+09:00,13000.0,13000.0,13000.0,13000.0,977,0.0,0.0
2023-02-09 13:00:00+09:00,13000.0,13000.0,13000.0,13000.0,693,0.0,0.0
2023-02-09 14:00:00+09:00,13000.0,13000.0,13000.0,13000.0,1182,0.0,0.0
2023-02-10 09:00:00+09:00,16800.0,16900.0,15910.0,16900.0,1838152,0.0,0.0
2023-02-10 10:00:00+09:00,16900.0,16900.0,16900.0,16900.0,11671,0.0,0.0
2023-02-10 11:00:00+09:00,16900.0,16900.0,16900.0,16900.0,11565,0.0,0.0
2023-02-10 12:00:00+09:00,16900.0,16900.0,16900.0,16900.0,2189,0.0,0.0
2023-02-10 13:00:00+09:00,16900.0,16900.0,16900.0,16900.0,2720,0.0,0.0
2023-02-10 14:00:00+09:00,16900.0,16900.0,16900.0,16900.0,3475,0.0,0.0
2023-02-13 09:00:00+09:00,18180.0,19400.0,16430.0,18870.0,4392835,0.0,0.0
2023-02-13 10:00:00+09:00,18870.0,20800.0,18160.0,20050.0,3679744,0.0,0.0
2023-02-13 11:00:00+09:00,20050.0,20150.0,19410.0,19700.0,783407,0.0,0.0
2023-02-13 12:00:00+09:00,19710.0,20050.0,19520.0,19740.0,554785,0.0,0.0
2023-02-13 13:00:00+09:00,19730.0,20050.0,18610.0,18850.0,909759,0.0,0.0
2023-02-13 14:00:00+09:00,18850.0,18980.0,17620.0,17740.0,863488,0.0,0.0
2023-02-14 09:00:00+09:00,17250.0,19700.0,17060.0,18540.0,0,0.0,0.0
2023-02-14 10:00:00+09:00,18540.0,18830.0,18110.0,18560.0,524297,0.0,0.0
2023-02-14 11:00:00+09:00,18560.0,18650.0,18000.0,18030.0,245512,0.0,0.0
2023-02-14 12:00:00+09:00,18030.0,18330.0,17660.0,17880.0,341774,0.0,0.0
2023-02-14 13:00:00+09:00,17880.0,17960.0,17460.0,17850.0,205362,0.0,0.0
2023-02-14 14:00:00+09:00,17810.0,17850.0,17560.0,17760.0,154497,0.0,0.0
2023-02-15 09:00:00+09:00,17620.0,18500.0,16510.0,16650.0,0,0.0,0.0
2023-02-15 10:00:00+09:00,16650.0,18920.0,16560.0,17010.0,1350956,0.0,0.0
2023-02-15 11:00:00+09:00,17010.0,17070.0,16610.0,16690.0,129098,0.0,0.0
2023-02-15 12:00:00+09:00,16690.0,17000.0,16690.0,16980.0,66477,0.0,0.0
2023-02-15 13:00:00+09:00,16990.0,17320.0,16630.0,17060.0,215118,0.0,0.0
2023-02-15 14:00:00+09:00,17060.0,17060.0,16600.0,16700.0,93435,0.0,0.0
2023-02-16 09:00:00+09:00,16270.0,16870.0,15550.0,15550.0,0,0.0,0.0
2023-02-16 10:00:00+09:00,15550.0,16030.0,15460.0,15630.0,178406,0.0,0.0
2023-02-16 11:00:00+09:00,15620.0,15620.0,15430.0,15500.0,66740,0.0,0.0
2023-02-16 12:00:00+09:00,15500.0,15540.0,15430.0,15450.0,42434,0.0,0.0
2023-02-16 13:00:00+09:00,15450.0,15680.0,15360.0,15360.0,97818,0.0,0.0
2023-02-16 14:00:00+09:00,15360.0,15500.0,15200.0,15260.0,71221,0.0,0.0
2023-02-17 09:00:00+09:00,15100.0,15130.0,14240.0,14360.0,0,0.0,0.0
2023-02-17 10:00:00+09:00,14360.0,14480.0,14280.0,14310.0,66573,0.0,0.0
2023-02-17 11:00:00+09:00,14310.0,14360.0,14270.0,14280.0,28442,0.0,0.0
2023-02-17 12:00:00+09:00,14280.0,14330.0,14160.0,14200.0,45776,0.0,0.0
2023-02-17 13:00:00+09:00,14200.0,14280.0,14200.0,14280.0,23813,0.0,0.0
2023-02-17 14:00:00+09:00,14270.0,14290.0,14130.0,14190.0,40244,0.0,0.0
2023-02-20 09:00:00+09:00,14300.0,17630.0,14300.0,17250.0,2172574,0.0,0.0
2023-02-20 10:00:00+09:00,17240.0,17300.0,16230.0,16360.0,764524,0.0,0.0
2023-02-20 11:00:00+09:00,16360.0,17200.0,16240.0,16490.0,812472,0.0,0.0
2023-02-20 12:00:00+09:00,16490.0,16630.0,16220.0,16250.0,169502,0.0,0.0
2023-02-20 13:00:00+09:00,16250.0,16990.0,16240.0,16980.0,269474,0.0,0.0
2023-02-20 14:00:00+09:00,16980.0,17200.0,16310.0,16550.0,662830,0.0,0.0
2023-02-21 09:00:00+09:00,15900.0,19460.0,15850.0,18610.0,0,0.0,0.0
2023-02-21 10:00:00+09:00,18600.0,20150.0,18440.0,19600.0,2595047,0.0,0.0
2023-02-21 11:00:00+09:00,19600.0,19800.0,18930.0,19010.0,736612,0.0,0.0
2023-02-21 12:00:00+09:00,19050.0,19600.0,18960.0,19370.0,721166,0.0,0.0
2023-02-21 13:00:00+09:00,19350.0,19450.0,18320.0,18320.0,725374,0.0,0.0
2023-02-21 14:00:00+09:00,18290.0,18750.0,18110.0,18300.0,493300,0.0,0.0
2023-02-22 09:00:00+09:00,18280.0,21400.0,18090.0,20950.0,0,0.0,0.0
2023-02-22 10:00:00+09:00,20950.0,21100.0,19240.0,19710.0,1470164,0.0,0.0
2023-02-22 11:00:00+09:00,19690.0,19740.0,18780.0,18910.0,429244,0.0,0.0
2023-02-22 12:00:00+09:00,18910.0,19040.0,18610.0,18820.0,197767,0.0,0.0
2023-02-22 13:00:00+09:00,18820.0,18850.0,18410.0,18430.0,167159,0.0,0.0
2023-02-22 14:00:00+09:00,18450.0,18920.0,18190.0,18730.0,292938,0.0,0.0
2023-02-23 09:00:00+09:00,19250.0,20350.0,19140.0,19660.0,0,0.0,0.0
2023-02-23 10:00:00+09:00,19660.0,19790.0,18800.0,18830.0,297189,0.0,0.0
2023-02-23 11:00:00+09:00,18830.0,19120.0,18560.0,18780.0,193802,0.0,0.0
2023-02-23 12:00:00+09:00,18780.0,18840.0,18600.0,18650.0,82061,0.0,0.0
2023-02-23 13:00:00+09:00,18650.0,19010.0,18600.0,18760.0,161096,0.0,0.0
2023-02-23 14:00:00+09:00,18760.0,20500.0,18670.0,19590.0,1357273,0.0,0.0
2023-02-24 09:00:00+09:00,20550.0,21100.0,19620.0,19820.0,0,0.0,0.0
2023-02-24 10:00:00+09:00,19810.0,20150.0,19640.0,19860.0,291156,0.0,0.0
2023-02-24 11:00:00+09:00,19880.0,19980.0,19780.0,19830.0,93240,0.0,0.0
2023-02-24 12:00:00+09:00,19830.0,19840.0,19620.0,19700.0,101432,0.0,0.0
2023-02-24 13:00:00+09:00,19700.0,19970.0,19400.0,19650.0,255729,0.0,0.0
2023-02-24 14:00:00+09:00,19640.0,19830.0,19530.0,19610.0,98871,0.0,0.0
2023-02-27 09:00:00+09:00,19030.0,20150.0,19000.0,19110.0,0,0.0,0.0
2023-02-27 10:00:00+09:00,19110.0,19440.0,19100.0,19180.0,117339,0.0,0.0
2023-02-27 11:00:00+09:00,19180.0,19680.0,19180.0,19490.0,138265,0.0,0.0
2023-02-27 12:00:00+09:00,19490.0,20200.0,19480.0,19530.0,679645,0.0,0.0
2023-02-27 13:00:00+09:00,19530.0,19550.0,19200.0,19330.0,101745,0.0,0.0
2023-02-27 14:00:00+09:00,19340.0,19640.0,19200.0,19380.0,125604,0.0,0.0
2023-02-28 09:00:00+09:00,19240.0,19860.0,19210.0,19310.0,0,0.0,0.0
2023-02-28 10:00:00+09:00,19330.0,19660.0,19250.0,19290.0,176919,0.0,0.0
2023-02-28 11:00:00+09:00,19290.0,19470.0,19260.0,19310.0,68030,0.0,0.0
2023-02-28 12:00:00+09:00,19300.0,19360.0,19210.0,19220.0,36627,0.0,0.0
2023-02-28 13:00:00+09:00,19220.0,19390.0,19200.0,19270.0,49328,0.0,0.0
2023-02-28 14:00:00+09:00,19260.0,19290.0,18920.0,18920.0,80343,0.0,0.0
2023-03-02 09:00:00+09:00,19100.0,19740.0,19090.0,19480.0,0,0.0,0.0
2023-03-02 10:00:00+09:00,19460.0,19540.0,19230.0,19450.0,119319,0.0,0.0
2023-03-02 11:00:00+09:00,19450.0,19520.0,19340.0,19410.0,69396,0.0,0.0
2023-03-02 12:00:00+09:00,19410.0,20150.0,19370.0,19840.0,691495,0.0,0.0
2023-03-02 13:00:00+09:00,19840.0,22500.0,19830.0,22050.0,2261387,0.0,0.0
2023-03-02 14:00:00+09:00,22100.0,24700.0,21350.0,24600.0,3491544,0.0,0.0
2023-03-03 09:00:00+09:00,24500.0,28650.0,24100.0,26050.0,0,0.0,0.0
2023-03-03 10:00:00+09:00,26050.0,26200.0,25250.0,25550.0,266458,0.0,0.0
2023-03-03 11:00:00+09:00,25550.0,25650.0,25250.0,25450.0,83175,0.0,0.0
2023-03-03 12:00:00+09:00,25450.0,26550.0,25400.0,25650.0,417563,0.0,0.0
2023-03-03 13:00:00+09:00,25700.0,25750.0,25400.0,25500.0,88031,0.0,0.0
2023-03-03 14:00:00+09:00,25500.0,25900.0,25300.0,25450.0,128943,0.0,0.0
2023-03-06 09:00:00+09:00,26400.0,26450.0,24750.0,25050.0,0,0.0,0.0
2023-03-06 10:00:00+09:00,25050.0,25300.0,24600.0,24900.0,129189,0.0,0.0
2023-03-06 11:00:00+09:00,24900.0,25150.0,24700.0,24850.0,62922,0.0,0.0
2023-03-06 12:00:00+09:00,24850.0,25150.0,24750.0,25050.0,32961,0.0,0.0
2023-03-06 13:00:00+09:00,25050.0,25100.0,24800.0,24950.0,40728,0.0,0.0
2023-03-06 14:00:00+09:00,25000.0,25200.0,24850.0,25000.0,62302,0.0,0.0
2023-03-07 09:00:00+09:00,25200.0,26300.0,24900.0,25150.0,0,0.0,0.0
2023-03-07 10:00:00+09:00,25200.0,25250.0,23850.0,24000.0,263778,0.0,0.0
2023-03-07 11:00:00+09:00,23950.0,24300.0,23900.0,24250.0,48309,0.0,0.0
2023-03-07 12:00:00+09:00,24250.0,24300.0,24000.0,24100.0,22969,0.0,0.0
2023-03-07 13:00:00+09:00,24100.0,24150.0,23900.0,24000.0,26615,0.0,0.0
2023-03-07 14:00:00+09:00,23950.0,24350.0,23850.0,24300.0,47796,0.0,0.0
2023-03-08 09:00:00+09:00,23550.0,24150.0,23100.0,23350.0,0,0.0,0.0
2023-03-08 10:00:00+09:00,23350.0,27350.0,23150.0,27150.0,1264917,0.0,0.0
2023-03-08 11:00:00+09:00,27200.0,29200.0,26300.0,26450.0,2582637,0.0,0.0
2023-03-08 12:00:00+09:00,26450.0,29550.0,26400.0,28500.0,2225177,0.0,0.0
2023-03-08 13:00:00+09:00,28500.0,30450.0,27300.0,29700.0,2179715,0.0,0.0
2023-03-08 14:00:00+09:00,29750.0,30300.0,28000.0,28200.0,1198710,0.0,0.0
2023-03-09 09:00:00+09:00,28050.0,29450.0,27300.0,27300.0,0,0.0,0.0
2023-03-09 10:00:00+09:00,27300.0,27600.0,26750.0,27500.0,210479,0.0,0.0
2023-03-09 11:00:00+09:00,27450.0,27900.0,27300.0,27400.0,96340,0.0,0.0
2023-03-09 12:00:00+09:00,27400.0,27450.0,26950.0,27300.0,89296,0.0,0.0
2023-03-09 13:00:00+09:00,27300.0,27350.0,26900.0,27100.0,56815,0.0,0.0
2023-03-09 14:00:00+09:00,27050.0,27100.0,26550.0,26650.0,77569,0.0,0.0
2023-03-10 09:00:00+09:00,27050.0,29600.0,26600.0,28450.0,517430,0.0,0.0
2023-03-10 10:00:00+09:00,28450.0,28500.0,26750.0,27150.0,382302,0.0,0.0
2023-03-10 11:00:00+09:00,27150.0,27850.0,26900.0,27750.0,166542,0.0,0.0
2023-03-10 12:00:00+09:00,27750.0,27750.0,26900.0,27050.0,103466,0.0,0.0
2023-03-10 13:00:00+09:00,27050.0,27150.0,26550.0,26600.0,90012,0.0,0.0
2023-03-10 14:00:00+09:00,26600.0,26650.0,26200.0,26200.0,103476,0.0,0.0
2023-03-13 09:00:00+09:00,25150.0,26700.0,23950.0,24350.0,0,0.0,0.0
2023-03-13 10:00:00+09:00,24350.0,24400.0,23400.0,23750.0,130148,0.0,0.0
2023-03-13 11:00:00+09:00,23800.0,24200.0,23750.0,24150.0,39652,0.0,0.0
2023-03-13 12:00:00+09:00,24150.0,24500.0,24100.0,24150.0,40455,0.0,0.0
2023-03-13 13:00:00+09:00,24250.0,24650.0,24100.0,24100.0,39611,0.0,0.0
2023-03-13 14:00:00+09:00,24150.0,24350.0,24000.0,24250.0,36211,0.0,0.0
2023-03-14 09:00:00+09:00,25200.0,26250.0,24700.0,25850.0,0,0.0,0.0
2023-03-14 10:00:00+09:00,25850.0,27750.0,24850.0,25200.0,1515649,0.0,0.0
2023-03-14 11:00:00+09:00,25200.0,25400.0,25050.0,25150.0,78834,0.0,0.0
2023-03-14 12:00:00+09:00,25100.0,25800.0,25050.0,25450.0,175783,0.0,0.0
2023-03-14 13:00:00+09:00,25450.0,26400.0,25350.0,26100.0,327990,0.0,0.0
2023-03-14 14:00:00+09:00,26100.0,26250.0,24050.0,24250.0,288961,0.0,0.0
2023-03-15 09:00:00+09:00,24550.0,26700.0,24500.0,25600.0,0,0.0,0.0
2023-03-15 10:00:00+09:00,25650.0,25700.0,24700.0,24750.0,198696,0.0,0.0
2023-03-15 11:00:00+09:00,24750.0,25250.0,24700.0,25100.0,82735,0.0,0.0
2023-03-15 12:00:00+09:00,25100.0,25150.0,24900.0,25000.0,32099,0.0,0.0
2023-03-15 13:00:00+09:00,25000.0,25100.0,24700.0,24750.0,60710,0.0,0.0
2023-03-15 14:00:00+09:00,24800.0,24850.0,24100.0,24600.0,91370,0.0,0.0
2023-03-16 09:00:00+09:00,24500.0,25500.0,23750.0,24100.0,0,0.0,0.0
2023-03-16 10:00:00+09:00,24050.0,24450.0,23950.0,24350.0,48859,0.0,0.0
2023-03-16 11:00:00+09:00,24400.0,24450.0,24000.0,24100.0,33665,0.0,0.0
2023-03-16 12:00:00+09:00,24100.0,24350.0,24000.0,24050.0,27288,0.0,0.0
2023-03-16 13:00:00+09:00,24150.0,24200.0,23850.0,24100.0,42700,0.0,0.0
2023-03-16 14:00:00+09:00,24050.0,24050.0,23700.0,23950.0,44112,0.0,0.0
2023-03-17 09:00:00+09:00,24750.0,24950.0,23800.0,24600.0,0,0.0,0.0
2023-03-17 10:00:00+09:00,24550.0,24750.0,24350.0,24550.0,177575,0.0,0.0
2023-03-17 11:00:00+09:00,24550.0,24550.0,24350.0,24500.0,28659,0.0,0.0
2023-03-17 12:00:00+09:00,24500.0,25850.0,24500.0,25150.0,613258,0.0,0.0
2023-03-17 13:00:00+09:00,25150.0,25350.0,24950.0,25150.0,100582,0.0,0.0
2023-03-17 14:00:00+09:00,25100.0,25550.0,24750.0,25500.0,172153,0.0,0.0
2023-03-20 09:00:00+09:00,25600.0,27700.0,25500.0,26900.0,0,0.0,0.0
2023-03-20 10:00:00+09:00,26850.0,26900.0,26150.0,26650.0,149232,0.0,0.0
2023-03-20 11:00:00+09:00,26650.0,26900.0,26400.0,26800.0,120245,0.0,0.0
2023-03-20 12:00:00+09:00,26750.0,26800.0,26500.0,26650.0,39139,0.0,0.0
2023-03-20 13:00:00+09:00,26650.0,27000.0,26400.0,26450.0,74651,0.0,0.0
2023-03-20 14:00:00+09:00,26450.0,26600.0,26150.0,26400.0,81456,0.0,0.0
2023-03-21 09:00:00+09:00,28650.0,28650.0,26900.0,27150.0,0,0.0,0.0
2023-03-21 10:00:00+09:00,27200.0,27550.0,27000.0,27050.0,112999,0.0,0.0
2023-03-21 11:00:00+09:00,27050.0,27650.0,26700.0,27150.0,218978,0.0,0.0
2023-03-21 12:00:00+09:00,27150.0,27200.0,27050.0,27150.0,37894,0.0,0.0
2023-03-21 13:00:00+09:00,27150.0,27200.0,27000.0,27050.0,40772,0.0,0.0
2023-03-21 14:00:00+09:00,27000.0,27250.0,26700.0,26700.0,95226,0.0,0.0
2023-03-22 09:00:00+09:00,27000.0,30950.0,26950.0,28900.0,1241626,0.0,0.0
2023-03-22 10:00:00+09:00,28900.0,30050.0,28500.0,29350.0,813141,0.0,0.0
2023-03-22 11:00:00+09:00,29350.0,29500.0,28550.0,28700.0,251268,0.0,0.0
2023-03-22 12:00:00+09:00,28750.0,29200.0,28650.0,28700.0,130792,0.0,0.0
2023-03-22 13:00:00+09:00,28750.0,28900.0,28050.0,28450.0,182208,0.0,0.0
2023-03-22 14:00:00+09:00,28450.0,29000.0,28200.0,28800.0,146743,0.0,0.0
2023-03-23 09:00:00+09:00,28650.0,29350.0,28150.0,28250.0,0,0.0,0.0
2023-03-23 10:00:00+09:00,28250.0,28650.0,27950.0,28600.0,108936,0.0,0.0
2023-03-23 11:00:00+09:00,28600.0,29350.0,28550.0,29150.0,201909,0.0,0.0
2023-03-23 12:00:00+09:00,29150.0,29650.0,28900.0,29150.0,207397,0.0,0.0
2023-03-23 13:00:00+09:00,29150.0,29250.0,28850.0,29200.0,70044,0.0,0.0
2023-03-23 14:00:00+09:00,29200.0,30200.0,28950.0,28950.0,460050,0.0,0.0
2023-03-24 09:00:00+09:00,29350.0,31700.0,28450.0,29450.0,0,0.0,0.0
2023-03-24 10:00:00+09:00,29450.0,31500.0,29150.0,30850.0,1027878,0.0,0.0
2023-03-24 11:00:00+09:00,30850.0,32700.0,30750.0,31350.0,1964278,0.0,0.0
2023-03-24 12:00:00+09:00,31350.0,33950.0,31200.0,33000.0,1714226,0.0,0.0
2023-03-24 13:00:00+09:00,32950.0,33450.0,32050.0,32250.0,683759,0.0,0.0
2023-03-24 14:00:00+09:00,32300.0,33100.0,31600.0,31850.0,527745,0.0,0.0
2023-03-27 09:00:00+09:00,32800.0,34100.0,32250.0,32650.0,0,0.0,0.0
2023-03-27 10:00:00+09:00,32700.0,33150.0,32000.0,32550.0,218543,0.0,0.0
2023-03-27 11:00:00+09:00,32550.0,34900.0,32300.0,34750.0,998865,0.0,0.0
2023-03-27 12:00:00+09:00,34750.0,35450.0,33950.0,34250.0,1405215,0.0,0.0
2023-03-27 13:00:00+09:00,34250.0,34500.0,33300.0,33400.0,275306,0.0,0.0
2023-03-27 14:00:00+09:00,33400.0,33900.0,33150.0,33600.0,191396,0.0,0.0
2023-03-28 09:00:00+09:00,34150.0,34200.0,32150.0,32600.0,0,0.0,0.0
2023-03-28 10:00:00+09:00,32600.0,33400.0,32350.0,32350.0,155750,0.0,0.0
2023-03-28 11:00:00+09:00,32350.0,32850.0,32300.0,32300.0,51255,0.0,0.0
2023-03-28 12:00:00+09:00,32300.0,32350.0,31550.0,31750.0,125524,0.0,0.0
2023-03-28 13:00:00+09:00,31750.0,32400.0,31600.0,31950.0,75428,0.0,0.0
2023-03-28 14:00:00+09:00,31950.0,32150.0,31550.0,31800.0,83078,0.0,0.0
2023-03-29 09:00:00+09:00,31000.0,31150.0,29500.0,30400.0,0,0.0,0.0
2023-03-29 10:00:00+09:00,30450.0,30600.0,30000.0,30200.0,81142,0.0,0.0
2023-03-29 11:00:00+09:00,30150.0,30250.0,29800.0,30050.0,54752,0.0,0.0
2023-03-29 12:00:00+09:00,30050.0,30200.0,29800.0,30150.0,37106,0.0,0.0
2023-03-29 13:00:00+09:00,30100.0,30550.0,30050.0,30250.0,47547,0.0,0.0
2023-03-29 14:00:00+09:00,30250.0,30650.0,30150.0,30200.0,52668,0.0,0.0
2023-03-30 09:00:00+09:00,30300.0,31050.0,29650.0,29800.0,0,0.0,0.0
2023-03-30 10:00:00+09:00,29800.0,29850.0,29200.0,29650.0,76766,0.0,0.0
2023-03-30 11:00:00+09:00,29650.0,30100.0,29600.0,29700.0,44493,0.0,0.0
2023-03-30 12:00:00+09:00,29700.0,29800.0,29450.0,29750.0,22342,0.0,0.0
2023-03-30 13:00:00+09:00,29750.0,29750.0,29500.0,29550.0,15826,0.0,0.0
2023-03-30 14:00:00+09:00,29500.0,29550.0,29050.0,29100.0,58218,0.0,0.0
2023-03-31 09:00:00+09:00,28700.0,30050.0,28250.0,29350.0,0,0.0,0.0
2023-03-31 10:00:00+09:00,29350.0,31950.0,29350.0,31000.0,860666,0.0,0.0
2023-03-31 11:00:00+09:00,31000.0,31800.0,29450.0,29850.0,435533,0.0,0.0
2023-03-31 12:00:00+09:00,29850.0,30250.0,29600.0,29750.0,77331,0.0,0.0
2023-03-31 13:00:00+09:00,29750.0,29850.0,28600.0,28750.0,92098,0.0,0.0
2023-03-31 14:00:00+09:00,28550.0,28950.0,28100.0,28550.0,90162,0.0,0.0
2023-04-03 09:00:00+09:00,28550.0,29400.0,26950.0,27100.0,0,0.0,0.0
2023-04-03 10:00:00+09:00,27150.0,27250.0,26700.0,27000.0,82551,0.0,0.0
2023-04-03 11:00:00+09:00,27000.0,27150.0,26750.0,27050.0,40360,0.0,0.0
2023-04-03 12:00:00+09:00,27050.0,27250.0,26950.0,27200.0,17599,0.0,0.0
2023-04-03 13:00:00+09:00,27200.0,27400.0,27100.0,27300.0,19973,0.0,0.0
2023-04-03 14:00:00+09:00,27300.0,27650.0,27050.0,27250.0,49668,0.0,0.0
2023-04-04 09:00:00+09:00,27550.0,28300.0,27250.0,27600.0,0,0.0,0.0
2023-04-04 10:00:00+09:00,27550.0,28100.0,27300.0,27600.0,59153,0.0,0.0
2023-04-04 11:00:00+09:00,27600.0,27950.0,27500.0,27650.0,27029,0.0,0.0
2023-04-04 12:00:00+09:00,27600.0,27750.0,27500.0,27600.0,12432,0.0,0.0
2023-04-04 13:00:00+09:00,27650.0,28000.0,27550.0,27600.0,29707,0.0,0.0
2023-04-04 14:00:00+09:00,27550.0,28500.0,27400.0,28200.0,173162,0.0,0.0
2023-04-05 09:00:00+09:00,28000.0,29500.0,27800.0,29200.0,0,0.0,0.0
2023-04-05 10:00:00+09:00,29250.0,29500.0,28400.0,28650.0,237154,0.0,0.0
2023-04-05 11:00:00+09:00,28600.0,28750.0,28200.0,28400.0,38236,0.0,0.0
2023-04-05 12:00:00+09:00,28350.0,28600.0,28350.0,28600.0,14601,0.0,0.0
2023-04-05 13:00:00+09:00,28600.0,28600.0,28350.0,28500.0,19520,0.0,0.0
2023-04-05 14:00:00+09:00,28500.0,28850.0,28450.0,28750.0,63977,0.0,0.0
2023-04-06 09:00:00+09:00,28500.0,29400.0,28200.0,28900.0,0,0.0,0.0
2023-04-06 10:00:00+09:00,28900.0,29350.0,28700.0,29200.0,104454,0.0,0.0
2023-04-06 11:00:00+09:00,29250.0,29250.0,28800.0,28900.0,40720,0.0,0.0
2023-04-06 12:00:00+09:00,28900.0,29050.0,28850.0,29000.0,13518,0.0,0.0
2023-04-06 13:00:00+09:00,29000.0,29000.0,28500.0,28600.0,27629,0.0,0.0
2023-04-06 14:00:00+09:00,28600.0,28750.0,28500.0,28600.0,18508,0.0,0.0
2023-04-07 09:00:00+09:00,28700.0,29200.0,28300.0,28350.0,0,0.0,0.0
2023-04-07 10:00:00+09:00,28350.0,28350.0,27250.0,27550.0,81670,0.0,0.0
2023-04-07 11:00:00+09:00,27550.0,27900.0,27500.0,27700.0,23343,0.0,0.0
2023-04-07 12:00:00+09:00,27700.0,27700.0,27300.0,27500.0,25696,0.0,0.0
2023-04-07 13:00:00+09:00,27500.0,27600.0,27400.0,27500.0,12499,0.0,0.0
2023-04-07 14:00:00+09:00,27500.0,27750.0,27400.0,27550.0,19719,0.0,0.0
2023-04-10 09:00:00+09:00,27500.0,27550.0,25400.0,25600.0,0,0.0,0.0
2023-04-10 10:00:00+09:00,25650.0,26000.0,25600.0,25650.0,34785,0.0,0.0
2023-04-10 11:00:00+09:00,25650.0,25700.0,25450.0,25550.0,32203,0.0,0.0
2023-04-10 12:00:00+09:00,25550.0,25800.0,25500.0,25550.0,12827,0.0,0.0
2023-04-10 13:00:00+09:00,25550.0,26050.0,25550.0,25600.0,28172,0.0,0.0
2023-04-10 14:00:00+09:00,25650.0,25650.0,25400.0,25500.0,26146,0.0,0.0
2023-04-11 09:00:00+09:00,25050.0,26800.0,25000.0,25850.0,0,0.0,0.0
2023-04-11 10:00:00+09:00,25900.0,26250.0,25450.0,25500.0,60670,0.0,0.0
2023-04-11 11:00:00+09:00,25500.0,25750.0,25350.0,25550.0,10974,0.0,0.0
2023-04-11 12:00:00+09:00,25550.0,25600.0,25350.0,25350.0,6357,0.0,0.0
2023-04-11 13:00:00+09:00,25350.0,25550.0,25300.0,25500.0,9184,0.0,0.0
2023-04-11 14:00:00+09:00,25450.0,25550.0,25150.0,25350.0,16451,0.0,0.0
2023-04-12 09:00:00+09:00,25300.0,26200.0,24600.0,24650.0,106558,0.0,0.0
2023-04-12 10:00:00+09:00,24600.0,24800.0,24050.0,24200.0,55712,0.0,0.0
2023-04-12 11:00:00+09:00,24200.0,24350.0,24150.0,24350.0,13602,0.0,0.0
2023-04-12 12:00:00+09:00,24300.0,24350.0,24150.0,24250.0,9938,0.0,0.0
2023-04-12 13:00:00+09:00,24250.0,24450.0,24200.0,24250.0,11238,0.0,0.0
2023-04-12 14:00:00+09:00,24250.0,24250.0,23900.0,23950.0,31343,0.0,0.0
2023-04-13 09:00:00+09:00,24250.0,24300.0,23150.0,23600.0,58510,0.0,0.0
2023-04-13 10:00:00+09:00,23650.0,24500.0,23600.0,24500.0,52203,0.0,0.0
2023-04-13 11:00:00+09:00,24400.0,24750.0,24000.0,24300.0,93371,0.0,0.0
2023-04-13 12:00:00+09:00,24300.0,24400.0,24150.0,24150.0,11686,0.0,0.0
2023-04-13 13:00:00+09:00,24150.0,24450.0,24100.0,24150.0,12514,0.0,0.0
2023-04-13 14:00:00+09:00,24100.0,24150.0,23800.0,24000.0,17637,0.0,0.0
2023-04-14 09:00:00+09:00,24050.0,24450.0,23200.0,23550.0,75379,0.0,0.0
2023-04-14 10:00:00+09:00,23550.0,23650.0,23500.0,23650.0,11636,0.0,0.0
2023-04-14 11:00:00+09:00,23600.0,23700.0,23450.0,23600.0,12706,0.0,0.0
2023-04-14 12:00:00+09:00,23600.0,23800.0,23500.0,23700.0,12403,0.0,0.0
2023-04-14 13:00:00+09:00,23700.0,23700.0,23350.0,23400.0,14266,0.0,0.0
2023-04-14 14:00:00+09:00,23400.0,23500.0,23350.0,23400.0,14663,0.0,0.0
2023-04-17 09:00:00+09:00,23500.0,23650.0,23100.0,23200.0,0,0.0,0.0
2023-04-17 10:00:00+09:00,23250.0,23600.0,23100.0,23350.0,24631,0.0,0.0
2023-04-17 11:00:00+09:00,23350.0,23350.0,23150.0,23250.0,5952,0.0,0.0
2023-04-17 12:00:00+09:00,23250.0,23450.0,23200.0,23450.0,4598,0.0,0.0
2023-04-17 13:00:00+09:00,23450.0,23500.0,23250.0,23300.0,5082,0.0,0.0
2023-04-17 14:00:00+09:00,23300.0,23400.0,23250.0,23400.0,7184,0.0,0.0
2023-04-18 09:00:00+09:00,23500.0,23500.0,22350.0,22550.0,0,0.0,0.0
2023-04-18 10:00:00+09:00,22550.0,22800.0,22500.0,22700.0,17339,0.0,0.0
2023-04-18 11:00:00+09:00,22700.0,22700.0,22550.0,22650.0,8166,0.0,0.0
2023-04-18 12:00:00+09:00,22650.0,22750.0,22400.0,22450.0,11607,0.0,0.0
2023-04-18 13:00:00+09:00,22450.0,22450.0,22150.0,22300.0,21353,0.0,0.0
2023-04-18 14:00:00+09:00,22350.0,22700.0,22250.0,22650.0,24901,0.0,0.0
2023-04-19 09:00:00+09:00,22800.0,23000.0,22250.0,22250.0,0,0.0,0.0
2023-04-19 10:00:00+09:00,22300.0,22700.0,22250.0,22300.0,13736,0.0,0.0
2023-04-19 11:00:00+09:00,22300.0,22450.0,22250.0,22350.0,7068,0.0,0.0
2023-04-19 12:00:00+09:00,22350.0,22450.0,22300.0,22350.0,5538,0.0,0.0
2023-04-19 13:00:00+09:00,22400.0,23000.0,22300.0,22750.0,30562,0.0,0.0
2023-04-19 14:00:00+09:00,22700.0,23050.0,22650.0,22850.0,20426,0.0,0.0
2023-04-20 09:00:00+09:00,22850.0,22900.0,21900.0,21950.0,0,0.0,0.0
2023-04-20 10:00:00+09:00,22050.0,22050.0,21650.0,21650.0,27144,0.0,0.0
2023-04-20 11:00:00+09:00,21650.0,21850.0,21650.0,21850.0,11516,0.0,0.0
2023-04-20 12:00:00+09:00,21850.0,21850.0,21650.0,21800.0,9797,0.0,0.0
2023-04-20 13:00:00+09:00,21750.0,21800.0,21550.0,21600.0,14961,0.0,0.0
2023-04-20 14:00:00+09:00,21600.0,21650.0,21400.0,21600.0,16916,0.0,0.0
2023-04-21 09:00:00+09:00,21450.0,21550.0,20650.0,20900.0,36400,0.0,0.0
2023-04-21 10:00:00+09:00,20900.0,21200.0,20650.0,21100.0,10910,0.0,0.0
2023-04-21 11:00:00+09:00,21100.0,21200.0,20950.0,21050.0,4433,0.0,0.0
2023-04-21 12:00:00+09:00,21000.0,21050.0,20750.0,20850.0,5749,0.0,0.0
2023-04-21 13:00:00+09:00,20850.0,20950.0,20800.0,20850.0,2763,0.0,0.0
2023-04-21 14:00:00+09:00,20800.0,21150.0,20800.0,21050.0,10991,0.0,0.0
2023-04-24 09:00:00+09:00,21050.0,21150.0,20550.0,21050.0,0,0.0,0.0
2023-04-24 10:00:00+09:00,21050.0,21450.0,20800.0,20800.0,12846,0.0,0.0
2023-04-24 11:00:00+09:00,20850.0,21000.0,20800.0,20900.0,6591,0.0,0.0
2023-04-24 12:00:00+09:00,20900.0,21050.0,20750.0,21050.0,10044,0.0,0.0
2023-04-24 13:00:00+09:00,21050.0,21250.0,20950.0,21050.0,10190,0.0,0.0
2023-04-24 14:00:00+09:00,21050.0,21050.0,20900.0,21050.0,3693,0.0,0.0
2023-04-25 09:00:00+09:00,20650.0,21350.0,20650.0,21150.0,0,0.0,0.0
2023-04-25 10:00:00+09:00,21150.0,21150.0,20800.0,20800.0,9506,0.0,0.0
2023-04-25 11:00:00+09:00,20800.0,20900.0,20450.0,20600.0,13778,0.0,0.0
2023-04-25 12:00:00+09:00,20500.0,20850.0,20500.0,20800.0,2673,0.0,0.0
2023-04-25 13:00:00+09:00,20850.0,21150.0,20700.0,21050.0,8727,0.0,0.0
2023-04-25 14:00:00+09:00,21050.0,21150.0,20900.0,21000.0,4441,0.0,0.0
2023-04-26 09:00:00+09:00,21100.0,21100.0,20450.0,20800.0,0,0.0,0.0
2023-04-26 10:00:00+09:00,20800.0,21000.0,20800.0,20950.0,5219,0.0,0.0
2023-04-26 11:00:00+09:00,20900.0,21000.0,20700.0,20900.0,3228,0.0,0.0
2023-04-26 12:00:00+09:00,20900.0,21000.0,20700.0,20800.0,4454,0.0,0.0
2023-04-26 13:00:00+09:00,20900.0,20900.0,20600.0,20700.0,6250,0.0,0.0
2023-04-26 14:00:00+09:00,20650.0,20700.0,20450.0,20550.0,8119,0.0,0.0
2023-04-27 09:00:00+09:00,20850.0,21200.0,20350.0,20550.0,19425,0.0,0.0
2023-04-27 10:00:00+09:00,20550.0,20550.0,20350.0,20500.0,3768,0.0,0.0
2023-04-27 11:00:00+09:00,20500.0,20500.0,20200.0,20400.0,7937,0.0,0.0
2023-04-27 12:00:00+09:00,20400.0,20450.0,20150.0,20250.0,4225,0.0,0.0
2023-04-27 13:00:00+09:00,20250.0,20350.0,20100.0,20300.0,5208,0.0,0.0
2023-04-27 14:00:00+09:00,20300.0,20750.0,20250.0,20450.0,13056,0.0,0.0
2023-04-28 09:00:00+09:00,20450.0,20600.0,19990.0,20400.0,0,0.0,0.0
2023-04-28 10:00:00+09:00,20400.0,20400.0,20100.0,20300.0,10911,0.0,0.0
2023-04-28 11:00:00+09:00,20300.0,20400.0,19810.0,19870.0,12974,0.0,0.0
2023-04-28 12:00:00+09:00,19880.0,19890.0,19550.0,19770.0,18830,0.0,0.0
2023-04-28 13:00:00+09:00,19760.0,20000.0,19660.0,19660.0,3619,0.0,0.0
2023-04-28 14:00:00+09:00,19720.0,19880.0,19600.0,19840.0,4970,0.0,0.0
2023-05-02 09:00:00+09:00,20000.0,20450.0,19480.0,20100.0,0,0.0,0.0
2023-05-02 10:00:00+09:00,20100.0,20450.0,20100.0,20400.0,15633,0.0,0.0
2023-05-02 11:00:00+09:00,20400.0,21000.0,20300.0,20500.0,36917,0.0,0.0
2023-05-02 12:00:00+09:00,20500.0,20550.0,20300.0,20350.0,5544,0.0,0.0
2023-05-02 13:00:00+09:00,20450.0,20550.0,20400.0,20450.0,4157,0.0,0.0
2023-05-02 14:00:00+09:00,20450.0,20800.0,20450.0,20650.0,11810,0.0,0.0
2023-05-03 09:00:00+09:00,20800.0,20800.0,19990.0,20100.0,0,0.0,0.0
2023-05-03 10:00:00+09:00,20000.0,20500.0,20000.0,20300.0,5314,0.0,0.0
2023-05-03 11:00:00+09:00,20350.0,20450.0,20200.0,20300.0,3347,0.0,0.0
2023-05-03 12:00:00+09:00,20300.0,20350.0,20200.0,20300.0,3954,0.0,0.0
2023-05-03 13:00:00+09:00,20300.0,20350.0,19990.0,20100.0,10625,0.0,0.0
2023-05-03 14:00:00+09:00,20150.0,20200.0,20050.0,20200.0,4743,0.0,0.0
2023-05-04 09:00:00+09:00,20150.0,20200.0,19640.0,19770.0,0,0.0,0.0
2023-05-04 10:00:00+09:00,19760.0,19760.0,19500.0,19580.0,15474,0.0,0.0
2023-05-04 11:00:00+09:00,19590.0,19710.0,19510.0,19700.0,5453,0.0,0.0
2023-05-04 12:00:00+09:00,19680.0,19700.0,19370.0,19380.0,19072,0.0,0.0
2023-05-04 13:00:00+09:00,19390.0,19550.0,19310.0,19380.0,6135,0.0,0.0
2023-05-04 14:00:00+09:00,19380.0,19470.0,19380.0,19420.0,2809,0.0,0.0
2023-05-08 09:00:00+09:00,19500.0,20100.0,19500.0,19730.0,0,0.0,0.0
2023-05-08 10:00:00+09:00,19770.0,20000.0,19700.0,19850.0,4355,0.0,0.0
2023-05-08 11:00:00+09:00,19850.0,19850.0,19620.0,19630.0,3588,0.0,0.0
2023-05-08 12:00:00+09:00,19640.0,19750.0,19600.0,19670.0,3880,0.0,0.0
2023-05-08 13:00:00+09:00,19670.0,19670.0,19480.0,19480.0,3526,0.0,0.0
2023-05-08 14:00:00+09:00,19470.0,19480.0,19200.0,19290.0,6230,0.0,0.0
2023-05-09 09:00:00+09:00,18520.0,18790.0,17550.0,17590.0,87596,0.0,0.0
2023-05-09 10:00:00+09:00,17580.0,17680.0,17500.0,17550.0,32703,0.0,0.0
2023-05-09 11:00:00+09:00,17540.0,17560.0,17280.0,17300.0,48985,0.0,0.0
2023-05-09 12:00:00+09:00,17290.0,17300.0,17180.0,17200.0,22085,0.0,0.0
2023-05-09 13:00:00+09:00,17200.0,17280.0,17060.0,17120.0,30426,0.0,0.0
2023-05-09 14:00:00+09:00,17120.0,17230.0,17070.0,17150.0,20331,0.0,0.0
2023-05-10 09:00:00+09:00,17330.0,17500.0,17040.0,17110.0,0,0.0,0.0
2023-05-10 10:00:00+09:00,17110.0,17120.0,16670.0,16710.0,42860,0.0,0.0
2023-05-10 11:00:00+09:00,16690.0,16800.0,16660.0,16680.0,24794,0.0,0.0
2023-05-10 12:00:00+09:00,16680.0,16740.0,16560.0,16570.0,26491,0.0,0.0
2023-05-10 13:00:00+09:00,16570.0,16590.0,16340.0,16360.0,40020,0.0,0.0
2023-05-10 14:00:00+09:00,16360.0,16410.0,16320.0,16360.0,35867,0.0,0.0
2023-05-11 09:00:00+09:00,16700.0,16710.0,16400.0,16530.0,0,0.0,0.0
2023-05-11 10:00:00+09:00,16480.0,16630.0,16440.0,16440.0,24805,0.0,0.0
2023-05-11 11:00:00+09:00,16440.0,16510.0,16410.0,16410.0,13457,0.0,0.0
2023-05-11 12:00:00+09:00,16390.0,16410.0,16330.0,16340.0,13375,0.0,0.0
2023-05-11 13:00:00+09:00,16350.0,16530.0,16320.0,16410.0,36072,0.0,0.0
2023-05-11 14:00:00+09:00,16430.0,16430.0,16310.0,16310.0,12598,0.0,0.0
2023-05-12 09:00:00+09:00,16300.0,16750.0,16210.0,16360.0,0,0.0,0.0
2023-05-12 10:00:00+09:00,16360.0,16450.0,16240.0,16250.0,19434,0.0,0.0
2023-05-12 11:00:00+09:00,16250.0,16250.0,16090.0,16140.0,21355,0.0,0.0
2023-05-12 12:00:00+09:00,16140.0,16220.0,16070.0,16120.0,12627,0.0,0.0
2023-05-12 13:00:00+09:00,16130.0,16220.0,16020.0,16030.0,14320,0.0,0.0
2023-05-12 14:00:00+09:00,16030.0,16080.0,15990.0,16010.0,26714,0.0,0.0
2023-05-15 09:00:00+09:00,16390.0,16400.0,16000.0,16090.0,0,0.0,0.0
2023-05-15 10:00:00+09:00,16090.0,16190.0,16030.0,16120.0,12251,0.0,0.0
2023-05-15 11:00:00+09:00,16120.0,16180.0,16050.0,16110.0,4834,0.0,0.0
2023-05-15 12:00:00+09:00,16110.0,16320.0,16080.0,16320.0,12856,0.0,0.0
2023-05-15 13:00:00+09:00,16310.0,16350.0,16130.0,16230.0,9591,0.0,0.0
2023-05-15 14:00:00+09:00,16230.0,16320.0,16150.0,16230.0,8948,0.0,0.0
2023-05-16 09:00:00+09:00,16360.0,16500.0,15750.0,15840.0,0,0.0,0.0
2023-05-16 10:00:00+09:00,15840.0,16480.0,15730.0,16100.0,43245,0.0,0.0
2023-05-16 11:00:00+09:00,16100.0,16110.0,15810.0,15920.0,8099,0.0,0.0
2023-05-16 12:00:00+09:00,15910.0,15930.0,15790.0,15870.0,5009,0.0,0.0
2023-05-16 13:00:00+09:00,15870.0,15870.0,15750.0,15760.0,5935,0.0,0.0
2023-05-16 14:00:00+09:00,15760.0,15930.0,15750.0,15850.0,10527,0.0,0.0
2023-05-17 09:00:00+09:00,16100.0,16150.0,15820.0,16000.0,0,0.0,0.0
2023-05-17 10:00:00+09:00,16000.0,16250.0,16000.0,16180.0,25197,0.0,0.0
2023-05-17 11:00:00+09:00,16180.0,16180.0,16090.0,16100.0,5412,0.0,0.0
2023-05-17 12:00:00+09:00,16100.0,16170.0,16080.0,16100.0,9730,0.0,0.0
2023-05-17 13:00:00+09:00,16100.0,16310.0,16100.0,16260.0,17205,0.0,0.0
2023-05-17 14:00:00+09:00,16270.0,16540.0,16240.0,16360.0,28660,0.0,0.0
2023-05-18 09:00:00+09:00,16660.0,16690.0,16220.0,16220.0,27809,0.0,0.0
2023-05-18 10:00:00+09:00,16220.0,16280.0,16130.0,16140.0,11227,0.0,0.0
2023-05-18 11:00:00+09:00,16130.0,16270.0,16130.0,16210.0,3040,0.0,0.0
2023-05-18 12:00:00+09:00,16220.0,16250.0,16190.0,16210.0,4060,0.0,0.0
2023-05-18 13:00:00+09:00,16230.0,16740.0,16210.0,16720.0,38415,0.0,0.0
2023-05-18 14:00:00+09:00,16720.0,19200.0,16660.0,17760.0,2509503,0.0,0.0
2023-05-19 09:00:00+09:00,16970.0,17420.0,16430.0,16430.0,198693,0.0,0.0
2023-05-19 10:00:00+09:00,16450.0,16540.0,16120.0,16230.0,71572,0.0,0.0
2023-05-19 11:00:00+09:00,16230.0,16360.0,16160.0,16320.0,22884,0.0,0.0
2023-05-19 12:00:00+09:00,16330.0,16360.0,16190.0,16250.0,16742,0.0,0.0
2023-05-19 13:00:00+09:00,16240.0,16250.0,16110.0,16190.0,18744,0.0,0.0
2023-05-19 14:00:00+09:00,16150.0,16250.0,16020.0,16090.0,44779,0.0,0.0
2023-05-22 09:00:00+09:00,16290.0,17070.0,16150.0,16780.0,0,0.0,0.0
2023-05-22 10:00:00+09:00,16790.0,17100.0,16710.0,16840.0,63728,0.0,0.0
2023-05-22 11:00:00+09:00,16840.0,17050.0,16780.0,17010.0,18167,0.0,0.0
2023-05-22 12:00:00+09:00,17010.0,19750.0,16910.0,19720.0,1348468,0.0,0.0
2023-05-22 13:00:00+09:00,19750.0,20350.0,19030.0,19380.0,1754520,0.0,0.0
2023-05-22 14:00:00+09:00,19390.0,20950.0,19200.0,20900.0,1426198,0.0,0.0
2023-05-23 09:00:00+09:00,19900.0,20650.0,19540.0,19920.0,0,0.0,0.0
2023-05-23 10:00:00+09:00,19910.0,19980.0,19400.0,19490.0,173269,0.0,0.0
2023-05-23 11:00:00+09:00,19500.0,19740.0,19260.0,19420.0,123052,0.0,0.0
2023-05-23 12:00:00+09:00,19420.0,19520.0,19350.0,19410.0,26337,0.0,0.0
2023-05-23 13:00:00+09:00,19410.0,19600.0,19370.0,19410.0,35734,0.0,0.0
2023-05-23 14:00:00+09:00,19410.0,19610.0,19400.0,19500.0,38029,0.0,0.0
2023-05-24 09:00:00+09:00,19300.0,19790.0,19200.0,19320.0,0,0.0,0.0
2023-05-24 10:00:00+09:00,19300.0,19350.0,19050.0,19140.0,65520,0.0,0.0
2023-05-24 11:00:00+09:00,19140.0,19250.0,19030.0,19190.0,32764,0.0,0.0
2023-05-24 12:00:00+09:00,19190.0,19640.0,19180.0,19390.0,108871,0.0,0.0
2023-05-24 13:00:00+09:00,19390.0,19420.0,19200.0,19200.0,32249,0.0,0.0
2023-05-24 14:00:00+09:00,19200.0,19350.0,19170.0,19190.0,36555,0.0,0.0
2023-05-25 09:00:00+09:00,19070.0,19520.0,18830.0,19270.0,0,0.0,0.0
2023-05-25 10:00:00+09:00,19270.0,19270.0,18850.0,18860.0,54101,0.0,0.0
2023-05-25 11:00:00+09:00,18860.0,18880.0,18690.0,18850.0,33149,0.0,0.0
2023-05-25 12:00:00+09:00,18850.0,18950.0,18690.0,18700.0,11184,0.0,0.0
2023-05-25 13:00:00+09:00,18800.0,18820.0,18570.0,18640.0,25081,0.0,0.0
2023-05-25 14:00:00+09:00,18640.0,18700.0,18550.0,18590.0,23910,0.0,0.0
2023-05-26 09:00:00+09:00,16900.0,17550.0,16530.0,17110.0,0,0.0,0.0
2023-05-26 10:00:00+09:00,17110.0,17190.0,16950.0,17080.0,43472,0.0,0.0
2023-05-26 11:00:00+09:00,17080.0,17140.0,16960.0,17070.0,28888,0.0,0.0
2023-05-26 12:00:00+09:00,17080.0,17080.0,16940.0,17000.0,16694,0.0,0.0
2023-05-26 13:00:00+09:00,16990.0,17090.0,16940.0,17090.0,20856,0.0,0.0
2023-05-26 14:00:00+09:00,17090.0,17350.0,16700.0,16750.0,64801,0.0,0.0
2023-05-30 09:00:00+09:00,16640.0,16640.0,15930.0,16050.0,0,0.0,0.0
2023-05-30 10:00:00+09:00,16060.0,16320.0,16050.0,16190.0,29222,0.0,0.0
2023-05-30 11:00:00+09:00,16230.0,16570.0,16100.0,16260.0,47177,0.0,0.0
2023-05-30 12:00:00+09:00,16260.0,16370.0,16170.0,16370.0,10790,0.0,0.0
2023-05-30 13:00:00+09:00,16370.0,16420.0,16260.0,16400.0,10450,0.0,0.0
2023-05-30 14:00:00+09:00,16380.0,16380.0,16250.0,16250.0,10679,0.0,0.0
2023-05-31 09:00:00+09:00,16130.0,16540.0,16050.0,16520.0,0,0.0,0.0
2023-05-31 10:00:00+09:00,16520.0,16800.0,16520.0,16730.0,32176,0.0,0.0
2023-05-31 11:00:00+09:00,16710.0,16960.0,16640.0,16700.0,22447,0.0,0.0
2023-05-31 12:00:00+09:00,16700.0,16900.0,16680.0,16760.0,15099,0.0,0.0
2023-05-31 13:00:00+09:00,16780.0,16880.0,16750.0,16830.0,9099,0.0,0.0
2023-05-31 14:00:00+09:00,16800.0,16880.0,16690.0,16880.0,11821,0.0,0.0
2023-06-01 09:00:00+09:00,16680.0,16780.0,16430.0,16490.0,0,0.0,0.0
2023-06-01 10:00:00+09:00,16520.0,16690.0,16520.0,16610.0,4734,0.0,0.0
2023-06-01 11:00:00+09:00,16610.0,16700.0,16530.0,16690.0,6099,0.0,0.0
2023-06-01 12:00:00+09:00,16700.0,16700.0,16550.0,16600.0,3882,0.0,0.0
2023-06-01 13:00:00+09:00,16610.0,16690.0,16530.0,16610.0,4417,0.0,0.0
2023-06-01 14:00:00+09:00,16610.0,16660.0,16540.0,16610.0,5873,0.0,0.0
2023-06-02 09:00:00+09:00,16800.0,17040.0,16620.0,16790.0,36201,0.0,0.0
2023-06-02 10:00:00+09:00,16850.0,16990.0,16790.0,16870.0,15527,0.0,0.0
2023-06-02 11:00:00+09:00,16860.0,16920.0,16740.0,16810.0,8821,0.0,0.0
2023-06-02 12:00:00+09:00,16800.0,16880.0,16780.0,16800.0,6816,0.0,0.0
2023-06-02 13:00:00+09:00,16810.0,16850.0,16740.0,16780.0,8122,0.0,0.0
2023-06-02 14:00:00+09:00,16790.0,16840.0,16750.0,16810.0,5137,0.0,0.0
2023-06-05 09:00:00+09:00,17030.0,17030.0,16700.0,16950.0,0,0.0,0.0
2023-06-05 10:00:00+09:00,16910.0,17100.0,16890.0,16910.0,14159,0.0,0.0
2023-06-05 11:00:00+09:00,16910.0,16970.0,16870.0,16950.0,5582,0.0,0.0
2023-06-05 12:00:00+09:00,16950.0,16990.0,16940.0,16950.0,2699,0.0,0.0
2023-06-05 13:00:00+09:00,16950.0,16980.0,16890.0,16890.0,8272,0.0,0.0
2023-06-05 14:00:00+09:00,16880.0,16880.0,16700.0,16770.0,12243,0.0,0.0
2023-06-07 09:00:00+09:00,16740.0,16740.0,16420.0,16600.0,0,0.0,0.0
2023-06-07 10:00:00+09:00,16600.0,16690.0,16590.0,16630.0,5248,0.0,0.0
2023-06-07 11:00:00+09:00,16630.0,16640.0,16570.0,16600.0,4411,0.0,0.0
2023-06-07 12:00:00+09:00,16600.0,16640.0,16560.0,16560.0,5245,0.0,0.0
2023-06-07 13:00:00+09:00,16570.0,16580.0,16460.0,16470.0,11170,0.0,0.0
2023-06-07 14:00:00+09:00,16470.0,16470.0,16370.0,16380.0,17860,0.0,0.0
2023-06-08 09:00:00+09:00,16410.0,16460.0,16180.0,16210.0,0,0.0,0.0
2023-06-08 10:00:00+09:00,16210.0,16220.0,16090.0,16090.0,16221,0.0,0.0
2023-06-08 11:00:00+09:00,16090.0,16090.0,16030.0,16030.0,8289,0.0,0.0
2023-06-08 12:00:00+09:00,16040.0,16050.0,15910.0,15940.0,11934,0.0,0.0
2023-06-08 13:00:00+09:00,15960.0,15970.0,15850.0,15910.0,8676,0.0,0.0
2023-06-08 14:00:00+09:00,15900.0,15940.0,15810.0,15930.0,13834,0.0,0.0
2023-06-09 09:00:00+09:00,16070.0,16410.0,15910.0,16210.0,0,0.0,0.0
2023-06-09 10:00:00+09:00,16260.0,16280.0,16190.0,16200.0,4852,0.0,0.0
2023-06-09 11:00:00+09:00,16200.0,16210.0,16090.0,16110.0,7356,0.0,0.0
2023-06-09 12:00:00+09:00,16170.0,16170.0,16110.0,16160.0,2397,0.0,0.0
2023-06-09 13:00:00+09:00,16160.0,19200.0,16160.0,17110.0,2340599,0.0,0.0
2023-06-09 14:00:00+09:00,17080.0,17140.0,16540.0,16730.0,268977,0.0,0.0
2023-06-12 09:00:00+09:00,17100.0,17320.0,16900.0,17040.0,0,0.0,0.0
2023-06-12 10:00:00+09:00,17040.0,17160.0,16920.0,16960.0,33034,0.0,0.0
2023-06-12 11:00:00+09:00,16930.0,17000.0,16820.0,16950.0,28331,0.0,0.0
2023-06-12 12:00:00+09:00,16920.0,16940.0,16830.0,16870.0,13262,0.0,0.0
2023-06-12 13:00:00+09:00,16870.0,16940.0,16760.0,16770.0,16110,0.0,0.0
2023-06-12 14:00:00+09:00,16770.0,16840.0,16710.0,16790.0,13891,0.0,0.0
2023-06-13 09:00:00+09:00,16710.0,17070.0,16550.0,16870.0,0,0.0,0.0
2023-06-13 10:00:00+09:00,16870.0,18550.0,16830.0,17660.0,1222942,0.0,0.0
2023-06-13 11:00:00+09:00,17650.0,17700.0,17250.0,17310.0,117077,0.0,0.0
2023-06-13 12:00:00+09:00,17310.0,17350.0,17200.0,17290.0,33555,0.0,0.0
2023-06-13 13:00:00+09:00,17290.0,17820.0,17180.0,17440.0,78549,0.0,0.0
2023-06-13 14:00:00+09:00,17440.0,17520.0,17260.0,17270.0,37906,0.0,0.0
2023-06-14 09:00:00+09:00,17310.0,19040.0,17200.0,19040.0,0,0.0,0.0
2023-06-14 10:00:00+09:00,19150.0,19970.0,19030.0,19110.0,1548556,0.0,0.0
2023-06-14 11:00:00+09:00,19100.0,19730.0,19080.0,19180.0,388986,0.0,0.0
2023-06-14 12:00:00+09:00,19180.0,19530.0,19130.0,19180.0,136369,0.0,0.0
2023-06-14 13:00:00+09:00,19200.0,19200.0,18470.0,18700.0,203424,0.0,0.0
2023-06-14 14:00:00+09:00,18700.0,18990.0,18400.0,18740.0,87562,0.0,0.0
2023-06-15 09:00:00+09:00,18730.0,19140.0,18220.0,18820.0,0,0.0,0.0
2023-06-15 10:00:00+09:00,18820.0,18840.0,18350.0,18380.0,60011,0.0,0.0
2023-06-15 11:00:00+09:00,18370.0,18470.0,18230.0,18450.0,32209,0.0,0.0
2023-06-15 12:00:00+09:00,18410.0,18480.0,18240.0,18260.0,19233,0.0,0.0
2023-06-15 13:00:00+09:00,18240.0,18330.0,18010.0,18240.0,63453,0.0,0.0
2023-06-15 14:00:00+09:00,18230.0,18230.0,18030.0,18080.0,28289,0.0,0.0
2023-06-16 09:00:00+09:00,17870.0,19130.0,17610.0,18720.0,0,0.0,0.0
2023-06-16 10:00:00+09:00,18690.0,18960.0,18400.0,18800.0,130005,0.0,0.0
2023-06-16 11:00:00+09:00,18810.0,20300.0,18780.0,19160.0,1507933,0.0,0.0
2023-06-16 12:00:00+09:00,19160.0,19320.0,19010.0,19110.0,198629,0.0,0.0
2023-06-16 13:00:00+09:00,19100.0,19130.0,18830.0,19090.0,93613,0.0,0.0
2023-06-16 14:00:00+09:00,19080.0,19110.0,18960.0,19070.0,49450,0.0,0.0
2023-06-19 09:00:00+09:00,19310.0,19950.0,19050.0,19150.0,0,0.0,0.0
2023-06-19 10:00:00+09:00,19150.0,19340.0,18900.0,19200.0,68079,0.0,0.0
2023-06-19 11:00:00+09:00,19230.0,20100.0,19200.0,19790.0,422569,0.0,0.0
2023-06-19 12:00:00+09:00,19790.0,20950.0,19710.0,20100.0,1265347,0.0,0.0
2023-06-19 13:00:00+09:00,20100.0,20500.0,19810.0,19910.0,296802,0.0,0.0
2023-06-19 14:00:00+09:00,19930.0,20150.0,19870.0,20050.0,122520,0.0,0.0
2023-06-20 09:00:00+09:00,19920.0,20150.0,19320.0,19420.0,0,0.0,0.0
2023-06-20 10:00:00+09:00,19420.0,19570.0,19310.0,19380.0,61077,0.0,0.0
2023-06-20 11:00:00+09:00,19370.0,19480.0,19150.0,19170.0,52800,0.0,0.0
2023-06-20 12:00:00+09:00,19170.0,19600.0,19150.0,19550.0,35913,0.0,0.0
2023-06-20 13:00:00+09:00,19540.0,19590.0,19300.0,19480.0,29901,0.0,0.0
2023-06-20 14:00:00+09:00,19450.0,19680.0,19390.0,19450.0,44516,0.0,0.0
2023-06-21 09:00:00+09:00,19320.0,20350.0,19320.0,19500.0,0,0.0,0.0
2023-06-21 10:00:00+09:00,19490.0,19610.0,19210.0,19530.0,67907,0.0,0.0
2023-06-21 11:00:00+09:00,19530.0,19940.0,19410.0,19570.0,78412,0.0,0.0
2023-06-21 12:00:00+09:00,19580.0,19750.0,19470.0,19670.0,17988,0.0,0.0
2023-06-21 13:00:00+09:00,19670.0,19690.0,19450.0,19460.0,21250,0.0,0.0
2023-06-21 14:00:00+09:00,19470.0,19550.0,19170.0,19180.0,39159,0.0,0.0
2023-06-22 09:00:00+09:00,18610.0,19190.0,18200.0,19170.0,0,0.0,0.0
2023-06-22 10:00:00+09:00,19170.0,19380.0,18920.0,18990.0,49455,0.0,0.0
2023-06-22 11:00:00+09:00,18990.0,19320.0,18900.0,19300.0,22821,0.0,0.0
2023-06-22 12:00:00+09:00,19300.0,19450.0,18920.0,18960.0,50563,0.0,0.0
2023-06-22 13:00:00+09:00,18960.0,19130.0,18920.0,18960.0,12284,0.0,0.0
2023-06-22 14:00:00+09:00,18960.0,18980.0,18710.0,18790.0,26867,0.0,0.0
2023-06-23 09:00:00+09:00,18890.0,19200.0,18500.0,18500.0,0,0.0,0.0
2023-06-23 10:00:00+09:00,18500.0,18940.0,18450.0,18520.0,40644,0.0,0.0
2023-06-23 11:00:00+09:00,18520.0,18590.0,18370.0,18480.0,18106,0.0,0.0
2023-06-23 12:00:00+09:00,18450.0,18500.0,18220.0,18240.0,23856,0.0,0.0
2023-06-23 13:00:00+09:00,18240.0,18280.0,18210.0,18240.0,17560,0.0,0.0
2023-06-23 14:00:00+09:00,18240.0,18240.0,18090.0,18110.0,28312,0.0,0.0
2023-06-26 09:00:00+09:00,15580.0,18360.0,15500.0,18360.0,853003,0.0,0.0
2023-06-26 10:00:00+09:00,18360.0,18360.0,18200.0,18360.0,79164,0.0,0.0
2023-06-26 11:00:00+09:00,18360.0,18360.0,17940.0,18180.0,290530,0.0,0.0
2023-06-26 12:00:00+09:00,18180.0,18220.0,18000.0,18030.0,78914,0.0,0.0
2023-06-26 13:00:00+09:00,18030.0,18270.0,17420.0,18150.0,208241,0.0,0.0
2023-06-26 14:00:00+09:00,18150.0,18200.0,17770.0,18000.0,121833,0.0,0.0
2023-06-27 09:00:00+09:00,17130.0,17550.0,16360.0,16450.0,0,0.0,0.0
2023-06-27 10:00:00+09:00,16500.0,16550.0,16270.0,16430.0,37821,0.0,0.0
2023-06-27 11:00:00+09:00,16370.0,16580.0,16340.0,16420.0,14004,0.0,0.0
2023-06-27 12:00:00+09:00,16420.0,16420.0,16320.0,16330.0,9549,0.0,0.0
2023-06-27 13:00:00+09:00,16330.0,16330.0,16070.0,16190.0,32410,0.0,0.0
2023-06-27 14:00:00+09:00,16170.0,16390.0,16160.0,16300.0,23568,0.0,0.0
2023-06-28 09:00:00+09:00,16370.0,16370.0,15800.0,15830.0,0,0.0,0.0
2023-06-28 10:00:00+09:00,15830.0,15990.0,15680.0,15710.0,23944,0.0,0.0
2023-06-28 11:00:00+09:00,15710.0,18700.0,15420.0,18430.0,649531,0.0,0.0
2023-06-28 12:00:00+09:00,18470.0,19850.0,17850.0,19840.0,2931581,0.0,0.0
2023-06-28 13:00:00+09:00,19840.0,20450.0,18730.0,18920.0,2115561,0.0,0.0
2023-06-28 14:00:00+09:00,18930.0,19390.0,18130.0,18340.0,638368,0.0,0.0
2023-06-29 09:00:00+09:00,18300.0,18710.0,17530.0,17690.0,0,0.0,0.0
2023-06-29 10:00:00+09:00,17690.0,17800.0,17190.0,17240.0,109182,0.0,0.0
2023-06-29 11:00:00+09:00,17220.0,17340.0,17070.0,17130.0,62029,0.0,0.0
2023-06-29 12:00:00+09:00,17130.0,17180.0,17000.0,17080.0,53663,0.0,0.0
2023-06-29 13:00:00+09:00,17070.0,17150.0,16940.0,16970.0,37887,0.0,0.0
2023-06-29 14:00:00+09:00,16960.0,16970.0,16800.0,16800.0,59663,0.0,0.0
2023-06-30 09:00:00+09:00,16750.0,17460.0,16550.0,17240.0,0,0.0,0.0
2023-06-30 10:00:00+09:00,17240.0,18880.0,17120.0,17940.0,1322430,0.0,0.0
2023-06-30 11:00:00+09:00,17940.0,19240.0,17610.0,18190.0,1369936,0.0,0.0
2023-06-30 12:00:00+09:00,18200.0,18340.0,17600.0,17660.0,275480,0.0,0.0
2023-06-30 13:00:00+09:00,17660.0,17680.0,17020.0,17130.0,186350,0.0,0.0
2023-06-30 14:00:00+09:00,17130.0,17560.0,17130.0,17210.0,126579,0.0,0.0
2023-07-03 09:00:00+09:00,16750.0,17550.0,16750.0,17310.0,0,0.0,0.0
2023-07-03 10:00:00+09:00,17310.0,17490.0,17130.0,17340.0,50351,0.0,0.0
2023-07-03 11:00:00+09:00,17310.0,17960.0,17250.0,17490.0,295471,0.0,0.0
2023-07-03 12:00:00+09:00,17490.0,17550.0,17200.0,17270.0,43722,0.0,0.0
2023-07-03 13:00:00+09:00,17270.0,17440.0,17130.0,17230.0,45575,0.0,0.0
2023-07-03 14:00:00+09:00,17220.0,17230.0,17000.0,17050.0,38978,0.0,0.0
2023-07-04 09:00:00+09:00,13600.0,14540.0,13600.0,14010.0,523871,0.0,0.0
2023-07-04 10:00:00+09:00,14010.0,14170.0,13980.0,14070.0,203193,0.0,0.0
2023-07-04 11:00:00+09:00,14070.0,14080.0,13980.0,14000.0,111718,0.0,0.0
2023-07-04 12:00:00+09:00,13990.0,14000.0,13680.0,13800.0,188388,0.0,0.0
2023-07-04 13:00:00+09:00,13810.0,13840.0,13680.0,13720.0,113988,0.0,0.0
2023-07-04 14:00:00+09:00,13710.0,13840.0,13700.0,13720.0,97847,0.0,0.0
2023-07-05 09:00:00+09:00,13770.0,13780.0,13150.0,13150.0,0,0.0,0.0
2023-07-05 10:00:00+09:00,13150.0,13230.0,13110.0,13140.0,69824,0.0,0.0
2023-07-05 11:00:00+09:00,13170.0,13190.0,13120.0,13180.0,36774,0.0,0.0
2023-07-05 12:00:00+09:00,13180.0,13190.0,13150.0,13170.0,22045,0.0,0.0
2023-07-05 13:00:00+09:00,13170.0,13180.0,13110.0,13140.0,56270,0.0,0.0
2023-07-05 14:00:00+09:00,13150.0,13150.0,13070.0,13090.0,50892,0.0,0.0
2023-07-06 09:00:00+09:00,13170.0,13540.0,13060.0,13240.0,0,0.0,0.0
2023-07-06 10:00:00+09:00,13230.0,13260.0,13010.0,13020.0,47941,0.0,0.0
2023-07-06 11:00:00+09:00,13020.0,13330.0,13010.0,13050.0,70530,0.0,0.0
2023-07-06 12:00:00+09:00,13060.0,13060.0,13020.0,13030.0,26754,0.0,0.0
2023-07-06 13:00:00+09:00,13020.0,13030.0,12600.0,12720.0,85967,0.0,0.0
2023-07-06 14:00:00+09:00,12710.0,12710.0,12370.0,12400.0,71890,0.0,0.0
2023-07-07 09:00:00+09:00,12340.0,12600.0,12250.0,12450.0,0,0.0,0.0
2023-07-07 10:00:00+09:00,12440.0,12510.0,12250.0,12270.0,34580,0.0,0.0
2023-07-07 11:00:00+09:00,12280.0,12280.0,11950.0,11980.0,73919,0.0,0.0
2023-07-07 12:00:00+09:00,11980.0,12050.0,11670.0,11710.0,97881,0.0,0.0
2023-07-07 13:00:00+09:00,11710.0,11710.0,11600.0,11610.0,67815,0.0,0.0
2023-07-07 14:00:00+09:00,11620.0,11660.0,11600.0,11650.0,39666,0.0,0.0
2023-07-10 09:00:00+09:00,11580.0,12300.0,11200.0,12030.0,0,0.0,0.0
2023-07-10 10:00:00+09:00,12020.0,12030.0,11700.0,11760.0,84383,0.0,0.0
2023-07-10 11:00:00+09:00,11760.0,11820.0,11650.0,11760.0,23616,0.0,0.0
2023-07-10 12:00:00+09:00,11760.0,11760.0,11610.0,11700.0,25840,0.0,0.0
2023-07-10 13:00:00+09:00,11680.0,11840.0,11650.0,11720.0,36750,0.0,0.0
2023-07-10 14:00:00+09:00,11750.0,11770.0,11550.0,11550.0,30721,0.0,0.0
2023-07-11 09:00:00+09:00,11460.0,11830.0,11440.0,11760.0,0,0.0,0.0
2023-07-11 10:00:00+09:00,11760.0,11940.0,11660.0,11910.0,144042,0.0,0.0
2023-07-11 11:00:00+09:00,11870.0,11950.0,11690.0,11710.0,113511,0.0,0.0
2023-07-11 12:00:00+09:00,11710.0,11750.0,11620.0,11650.0,29542,0.0,0.0
2023-07-11 13:00:00+09:00,11650.0,11650.0,11540.0,11580.0,26214,0.0,0.0
2023-07-11 14:00:00+09:00,11580.0,11620.0,11530.0,11610.0,19329,0.0,0.0
2023-07-12 09:00:00+09:00,11710.0,12100.0,11660.0,12040.0,0,0.0,0.0
2023-07-12 10:00:00+09:00,12040.0,12330.0,11850.0,12050.0,395808,0.0,0.0
2023-07-12 11:00:00+09:00,12040.0,13710.0,12030.0,12690.0,2554983,0.0,0.0
2023-07-12 12:00:00+09:00,12690.0,12900.0,12390.0,12420.0,457036,0.0,0.0
2023-07-12 13:00:00+09:00,12420.0,12640.0,12250.0,12280.0,233441,0.0,0.0
2023-07-12 14:00:00+09:00,12280.0,12360.0,12230.0,12290.0,96833,0.0,0.0
2023-07-13 09:00:00+09:00,12310.0,12650.0,12020.0,12480.0,0,0.0,0.0
2023-07-13 10:00:00+09:00,12500.0,12950.0,12440.0,12940.0,305682,0.0,0.0
2023-07-13 11:00:00+09:00,12930.0,12940.0,12500.0,12570.0,96539,0.0,0.0
2023-07-13 12:00:00+09:00,12570.0,12650.0,12450.0,12510.0,37704,0.0,0.0
2023-07-13 13:00:00+09:00,12510.0,12540.0,12420.0,12460.0,32871,0.0,0.0
2023-07-13 14:00:00+09:00,12470.0,12730.0,12370.0,12600.0,77968,0.0,0.0
2023-07-14 09:00:00+09:00,12540.0,12540.0,12030.0,12130.0,0,0.0,0.0
2023-07-14 10:00:00+09:00,12130.0,12230.0,12030.0,12100.0,90878,0.0,0.0
2023-07-14 11:00:00+09:00,12100.0,12100.0,12020.0,12050.0,23331,0.0,0.0
2023-07-14 12:00:00+09:00,12080.0,12080.0,12000.0,12040.0,26439,0.0,0.0
2023-07-14 13:00:00+09:00,12040.0,12040.0,11890.0,11970.0,45873,0.0,0.0
2023-07-14 14:00:00+09:00,11970.0,12040.0,11890.0,11950.0,44500,0.0,0.0
2023-07-17 09:00:00+09:00,11590.0,11800.0,11410.0,11430.0,0,0.0,0.0
2023-07-17 10:00:00+09:00,11430.0,11790.0,11410.0,11690.0,125829,0.0,0.0
2023-07-17 11:00:00+09:00,11650.0,12220.0,11630.0,11980.0,136472,0.0,0.0
2023-07-17 12:00:00+09:00,11980.0,12020.0,11880.0,11960.0,20377,0.0,0.0
2023-07-17 13:00:00+09:00,11960.0,11970.0,11800.0,11910.0,32407,0.0,0.0
2023-07-17 14:00:00+09:00,11910.0,11940.0,11720.0,11740.0,23128,0.0,0.0
2023-07-18 09:00:00+09:00,11750.0,12390.0,11750.0,12080.0,339970,0.0,0.0
2023-07-18 10:00:00+09:00,12100.0,12120.0,11560.0,11560.0,124068,0.0,0.0
2023-07-18 11:00:00+09:00,11550.0,11630.0,11510.0,11530.0,33298,0.0,0.0
2023-07-18 12:00:00+09:00,11540.0,11560.0,11440.0,11470.0,37236,0.0,0.0
2023-07-18 13:00:00+09:00,11470.0,11730.0,11400.0,11430.0,51003,0.0,0.0
2023-07-18 14:00:00+09:00,11430.0,11520.0,11430.0,11500.0,30950,0.0,0.0
2023-07-19 09:00:00+09:00,10600.0,10800.0,10480.0,10650.0,525569,0.0,0.0
2023-07-19 10:00:00+09:00,10650.0,10970.0,10650.0,10920.0,130786,0.0,0.0
2023-07-19 11:00:00+09:00,10920.0,11130.0,10850.0,11010.0,191571,0.0,0.0
2023-07-19 12:00:00+09:00,10990.0,11110.0,10960.0,10990.0,72364,0.0,0.0
2023-07-19 13:00:00+09:00,10990.0,11070.0,10920.0,10940.0,71033,0.0,0.0
2023-07-19 14:00:00+09:00,10940.0,10950.0,10750.0,10810.0,87200,0.0,0.0
2023-07-20 09:00:00+09:00,10860.0,11150.0,10710.0,10730.0,161267,0.0,0.0
2023-07-20 10:00:00+09:00,10730.0,10830.0,10680.0,10750.0,48774,0.0,0.0
2023-07-20 11:00:00+09:00,10750.0,10820.0,10730.0,10740.0,22332,0.0,0.0
2023-07-20 12:00:00+09:00,10740.0,10800.0,10710.0,10740.0,19102,0.0,0.0
2023-07-20 13:00:00+09:00,10750.0,10840.0,10740.0,10760.0,19239,0.0,0.0
2023-07-20 14:00:00+09:00,10760.0,10770.0,10680.0,10690.0,61466,0.0,0.0
2023-07-21 09:00:00+09:00,10550.0,10700.0,10510.0,10640.0,68392,0.0,0.0
2023-07-21 10:00:00+09:00,10600.0,10720.0,10600.0,10650.0,31074,0.0,0.0
2023-07-21 11:00:00+09:00,10680.0,10680.0,10610.0,10640.0,11203,0.0,0.0
2023-07-21 12:00:00+09:00,10630.0,10660.0,10610.0,10650.0,9468,0.0,0.0
2023-07-21 13:00:00+09:00,10640.0,10670.0,10610.0,10610.0,20588,0.0,0.0
2023-07-21 14:00:00+09:00,10610.0,10630.0,10550.0,10570.0,22791,0.0,0.0
2023-07-24 09:00:00+09:00,10460.0,10460.0,9970.0,9970.0,0,0.0,0.0
2023-07-24 10:00:00+09:00,9970.0,9980.0,9800.0,9810.0,110293,0.0,0.0
2023-07-24 11:00:00+09:00,9800.0,9840.0,9610.0,9610.0,82596,0.0,0.0
2023-07-24 12:00:00+09:00,9610.0,9700.0,9520.0,9540.0,58838,0.0,0.0
2023-07-24 13:00:00+09:00,9540.0,9570.0,9410.0,9460.0,77401,0.0,0.0
2023-07-24 14:00:00+09:00,9460.0,9550.0,9420.0,9500.0,45354,0.0,0.0
2023-07-25 09:00:00+09:00,9660.0,9660.0,9360.0,9460.0,76731,0.0,0.0
2023-07-25 10:00:00+09:00,9470.0,9470.0,9160.0,9160.0,59096,0.0,0.0
2023-07-25 11:00:00+09:00,9160.0,9240.0,9030.0,9200.0,57259,0.0,0.0
2023-07-25 12:00:00+09:00,9200.0,9210.0,9120.0,9140.0,24637,0.0,0.0
2023-07-25 13:00:00+09:00,9140.0,9170.0,9080.0,9100.0,24514,0.0,0.0
2023-07-25 14:00:00+09:00,9090.0,9110.0,9060.0,9060.0,27688,0.0,0.0
2023-07-26 09:00:00+09:00,8950.0,9000.0,8590.0,8650.0,109032,0.0,0.0
2023-07-26 10:00:00+09:00,8650.0,8700.0,8360.0,8510.0,101484,0.0,0.0
2023-07-26 11:00:00+09:00,8510.0,8540.0,8390.0,8410.0,37055,0.0,0.0
2023-07-26 12:00:00+09:00,8410.0,8410.0,8110.0,8200.0,72413,0.0,0.0
2023-07-26 13:00:00+09:00,8200.0,8250.0,8070.0,8090.0,73064,0.0,0.0
2023-07-26 14:00:00+09:00,8100.0,8380.0,8080.0,8330.0,56362,0.0,0.0
2023-07-27 09:00:00+09:00,8340.0,8670.0,8330.0,8590.0,68826,0.0,0.0
2023-07-27 10:00:00+09:00,8590.0,8700.0,8520.0,8610.0,31865,0.0,0.0
2023-07-27 11:00:00+09:00,8620.0,9090.0,8460.0,8550.0,131916,0.0,0.0
2023-07-27 12:00:00+09:00,8560.0,8600.0,8460.0,8540.0,19699,0.0,0.0
2023-07-27 13:00:00+09:00,8540.0,8570.0,8410.0,8500.0,23919,0.0,0.0
2023-07-27 14:00:00+09:00,8490.0,8690.0,8450.0,8520.0,35312,0.0,0.0
2023-07-28 09:00:00+09:00,8500.0,9060.0,8390.0,8920.0,311459,0.0,0.0
2023-07-28 10:00:00+09:00,8970.0,8970.0,8590.0,8660.0,91077,0.0,0.0
2023-07-28 11:00:00+09:00,8630.0,8680.0,8600.0,8620.0,16304,0.0,0.0
2023-07-28 12:00:00+09:00,8620.0,8750.0,8580.0,8740.0,16322,0.0,0.0
2023-07-28 13:00:00+09:00,8730.0,8750.0,8660.0,8750.0,13904,0.0,0.0
2023-07-28 14:00:00+09:00,8720.0,8750.0,8610.0,8650.0,23823,0.0,0.0
2023-07-31 09:00:00+09:00,8610.0,8620.0,8450.0,8560.0,0,0.0,0.0
2023-07-31 10:00:00+09:00,8600.0,8790.0,8600.0,8750.0,39677,0.0,0.0
2023-07-31 11:00:00+09:00,8780.0,8980.0,8760.0,8780.0,60392,0.0,0.0
2023-07-31 12:00:00+09:00,8780.0,8840.0,8770.0,8790.0,8324,0.0,0.0
2023-07-31 13:00:00+09:00,8810.0,8880.0,8770.0,8870.0,12199,0.0,0.0
2023-07-31 14:00:00+09:00,8870.0,8880.0,8810.0,8830.0,12958,0.0,0.0
2023-08-01 09:00:00+09:00,8860.0,9180.0,8700.0,9130.0,101056,0.0,0.0
2023-08-01 10:00:00+09:00,9130.0,9130.0,8990.0,9070.0,28116,0.0,0.0
2023-08-01 11:00:00+09:00,9070.0,9100.0,8990.0,9020.0,17634,0.0,0.0
2023-08-01 12:00:00+09:00,9010.0,9310.0,8990.0,9000.0,246799,0.0,0.0
2023-08-01 13:00:00+09:00,8990.0,9000.0,8760.0,8800.0,45152,0.0,0.0
2023-08-01 14:00:00+09:00,8790.0,8830.0,8770.0,8810.0,17920,0.0,0.0
2023-08-02 09:00:00+09:00,8900.0,9050.0,8720.0,8990.0,54448,0.0,0.0
2023-08-02 10:00:00+09:00,9010.0,9270.0,8940.0,9000.0,73298,0.0,0.0
2023-08-02 11:00:00+09:00,9000.0,9000.0,8750.0,8830.0,32883,0.0,0.0
2023-08-02 12:00:00+09:00,8820.0,8880.0,8800.0,8850.0,8977,0.0,0.0
2023-08-02 13:00:00+09:00,8850.0,8850.0,8650.0,8760.0,37262,0.0,0.0
2023-08-02 14:00:00+09:00,8720.0,8730.0,8630.0,8650.0,14473,0.0,0.0
2023-08-03 09:00:00+09:00,8530.0,9050.0,8470.0,8500.0,206040,0.0,0.0
2023-08-03 10:00:00+09:00,8500.0,8570.0,8320.0,8330.0,46593,0.0,0.0
2023-08-03 11:00:00+09:00,8340.0,8390.0,8260.0,8270.0,22119,0.0,0.0
2023-08-03 12:00:00+09:00,8270.0,8320.0,8260.0,8280.0,12375,0.0,0.0
2023-08-03 13:00:00+09:00,8280.0,8350.0,8270.0,8320.0,12092,0.0,0.0
2023-08-03 14:00:00+09:00,8330.0,8430.0,8300.0,8370.0,16212,0.0,0.0
2023-08-04 09:00:00+09:00,8260.0,8700.0,8220.0,8420.0,143009,0.0,0.0
2023-08-04 10:00:00+09:00,8470.0,9300.0,8430.0,9090.0,391987,0.0,0.0
2023-08-04 11:00:00+09:00,9090.0,9140.0,8550.0,8630.0,226361,0.0,0.0
2023-08-04 12:00:00+09:00,8640.0,8650.0,8500.0,8560.0,37107,0.0,0.0
2023-08-04 13:00:00+09:00,8550.0,8850.0,8540.0,8830.0,68489,0.0,0.0
2023-08-04 14:00:00+09:00,8820.0,8870.0,8760.0,8810.0,31879,0.0,0.0
2023-08-07 09:00:00+09:00,8800.0,8980.0,8610.0,8830.0,0,0.0,0.0
2023-08-07 10:00:00+09:00,8860.0,8920.0,8720.0,8820.0,18729,0.0,0.0
2023-08-07 11:00:00+09:00,8830.0,8960.0,8750.0,8750.0,91473,0.0,0.0
2023-08-07 12:00:00+09:00,8750.0,8850.0,8740.0,8770.0,16950,0.0,0.0
2023-08-07 13:00:00+09:00,8770.0,8780.0,8690.0,8690.0,16452,0.0,0.0
2023-08-07 14:00:00+09:00,8700.0,8720.0,8620.0,8660.0,17668,0.0,0.0
2023-08-08 09:00:00+09:00,8680.0,8830.0,8510.0,8700.0,99906,0.0,0.0
2023-08-08 10:00:00+09:00,8730.0,8830.0,8540.0,8770.0,81065,0.0,0.0
2023-08-08 11:00:00+09:00,8790.0,9840.0,8660.0,9740.0,798878,0.0,0.0
2023-08-08 12:00:00+09:00,9740.0,9750.0,8920.0,8990.0,791528,0.0,0.0
2023-08-08 13:00:00+09:00,8990.0,9100.0,8850.0,9000.0,92860,0.0,0.0
2023-08-08 14:00:00+09:00,9000.0,9050.0,8840.0,8880.0,69542,0.0,0.0
2023-08-09 09:00:00+09:00,8850.0,8870.0,8500.0,8760.0,90434,0.0,0.0
2023-08-09 10:00:00+09:00,8750.0,8800.0,8680.0,8690.0,27386,0.0,0.0
2023-08-09 11:00:00+09:00,8680.0,8850.0,8680.0,8750.0,34593,0.0,0.0
2023-08-09 12:00:00+09:00,8750.0,8950.0,8750.0,8810.0,39399,0.0,0.0
2023-08-09 13:00:00+09:00,8810.0,8870.0,8750.0,8770.0,20307,0.0,0.0
2023-08-09 14:00:00+09:00,8770.0,8810.0,8700.0,8780.0,46748,0.0,0.0
2023-08-10 09:00:00+09:00,8870.0,9350.0,8780.0,9020.0,572990,0.0,0.0
2023-08-10 10:00:00+09:00,9000.0,9450.0,8940.0,9050.0,388228,0.0,0.0
2023-08-10 11:00:00+09:00,9050.0,9140.0,9000.0,9050.0,50521,0.0,0.0
2023-08-10 12:00:00+09:00,9060.0,9070.0,8840.0,8950.0,78581,0.0,0.0
2023-08-10 13:00:00+09:00,8950.0,9430.0,8920.0,9320.0,555248,0.0,0.0
2023-08-10 14:00:00+09:00,9310.0,9340.0,8980.0,9100.0,205424,0.0,0.0
2023-08-11 09:00:00+09:00,9100.0,9450.0,9080.0,9230.0,242639,0.0,0.0
2023-08-11 10:00:00+09:00,9260.0,9300.0,9140.0,9190.0,44977,0.0,0.0
2023-08-11 11:00:00+09:00,9190.0,9290.0,9170.0,9220.0,23530,0.0,0.0
2023-08-11 12:00:00+09:00,9200.0,9230.0,9190.0,9210.0,15487,0.0,0.0
2023-08-11 13:00:00+09:00,9210.0,9220.0,9060.0,9120.0,59790,0.0,0.0
2023-08-11 14:00:00+09:00,9120.0,9150.0,9050.0,9110.0,31599,0.0,0.0
2023-08-14 09:00:00+09:00,9140.0,9430.0,8980.0,9280.0,0,0.0,0.0
2023-08-14 10:00:00+09:00,9290.0,10000.0,9290.0,9680.0,1033355,0.0,0.0
2023-08-14 11:00:00+09:00,9680.0,9760.0,9570.0,9590.0,129458,0.0,0.0
2023-08-14 12:00:00+09:00,9600.0,9630.0,9450.0,9460.0,83747,0.0,0.0
2023-08-14 13:00:00+09:00,9460.0,9540.0,9400.0,9410.0,35190,0.0,0.0
2023-08-14 14:00:00+09:00,9410.0,9440.0,9330.0,9400.0,55158,0.0,0.0
2023-08-16 09:00:00+09:00,9310.0,9310.0,8870.0,8920.0,0,0.0,0.0
2023-08-16 10:00:00+09:00,8930.0,9050.0,8900.0,9040.0,38908,0.0,0.0
2023-08-16 11:00:00+09:00,9030.0,9150.0,9000.0,9020.0,23342,0.0,0.0
2023-08-16 12:00:00+09:00,9030.0,9080.0,8950.0,9060.0,18030,0.0,0.0
2023-08-16 13:00:00+09:00,9040.0,9040.0,8880.0,8920.0,28477,0.0,0.0
2023-08-16 14:00:00+09:00,8920.0,9200.0,8840.0,8880.0,80016,0.0,0.0
2023-08-17 09:00:00+09:00,8690.0,8800.0,8300.0,8460.0,90536,0.0,0.0
2023-08-17 10:00:00+09:00,8460.0,8540.0,8400.0,8420.0,17298,0.0,0.0
2023-08-17 11:00:00+09:00,8420.0,8490.0,8410.0,8460.0,11918,0.0,0.0
2023-08-17 12:00:00+09:00,8460.0,8470.0,8400.0,8460.0,7636,0.0,0.0
2023-08-17 13:00:00+09:00,8460.0,8500.0,8410.0,8410.0,16050,0.0,0.0
2023-08-17 14:00:00+09:00,8450.0,8630.0,8410.0,8480.0,14335,0.0,0.0
2023-08-18 09:00:00+09:00,8400.0,8940.0,8400.0,8660.0,220414,0.0,0.0
2023-08-18 10:00:00+09:00,8650.0,8700.0,8550.0,8580.0,25297,0.0,0.0
2023-08-18 11:00:00+09:00,8630.0,8630.0,8450.0,8540.0,33517,0.0,0.0
2023-08-18 12:00:00+09:00,8550.0,8610.0,8460.0,8470.0,15716,0.0,0.0
2023-08-18 13:00:00+09:00,8470.0,8500.0,8330.0,8410.0,25707,0.0,0.0
2023-08-18 14:00:00+09:00,8400.0,8440.0,8350.0,8370.0,23019,0.0,0.0
2023-08-21 09:00:00+09:00,8410.0,8530.0,8100.0,8280.0,0,0.0,0.0
2023-08-21 10:00:00+09:00,8280.0,8570.0,8230.0,8470.0,98070,0.0,0.0
2023-08-21 11:00:00+09:00,8490.0,8600.0,8350.0,8400.0,106027,0.0,0.0
2023-08-21 12:00:00+09:00,8420.0,8460.0,8370.0,8420.0,11128,0.0,0.0
2023-08-21 13:00:00+09:00,8420.0,8430.0,8350.0,8350.0,17396,0.0,0.0
2023-08-21 14:00:00+09:00,8350.0,8410.0,8310.0,8340.0,12546,0.0,0.0
2023-08-22 09:00:00+09:00,8310.0,8490.0,8140.0,8470.0,87221,0.0,0.0
2023-08-22 10:00:00+09:00,8460.0,8590.0,8300.0,8320.0,116956,0.0,0.0
2023-08-22 11:00:00+09:00,8320.0,8360.0,8290.0,8330.0,10773,0.0,0.0
2023-08-22 12:00:00+09:00,8330.0,8330.0,8270.0,8310.0,10152,0.0,0.0
2023-08-22 13:00:00+09:00,8290.0,8310.0,8240.0,8250.0,17405,0.0,0.0
2023-08-22 14:00:00+09:00,8260.0,8270.0,8200.0,8230.0,17428,0.0,0.0
2023-08-23 09:00:00+09:00,8180.0,8540.0,8110.0,8280.0,113202,0.0,0.0
2023-08-23 10:00:00+09:00,8280.0,8340.0,8230.0,8290.0,15603,0.0,0.0
2023-08-23 11:00:00+09:00,8280.0,8290.0,8180.0,8210.0,12101,0.0,0.0
2023-08-23 12:00:00+09:00,8220.0,8240.0,8190.0,8190.0,7740,0.0,0.0
2023-08-23 13:00:00+09:00,8190.0,8190.0,8110.0,8140.0,22838,0.0,0.0
2023-08-23 14:00:00+09:00,8140.0,8140.0,7890.0,7910.0,60249,0.0,0.0
2023-08-24 09:00:00+09:00,7900.0,7990.0,7800.0,7960.0,37281,0.0,0.0
2023-08-24 10:00:00+09:00,7960.0,7960.0,7700.0,7780.0,72129,0.0,0.0
2023-08-24 11:00:00+09:00,7780.0,7850.0,7770.0,7820.0,18658,0.0,0.0
2023-08-24 12:00:00+09:00,7820.0,7850.0,7780.0,7850.0,12641,0.0,0.0
2023-08-24 13:00:00+09:00,7850.0,7870.0,7790.0,7830.0,10966,0.0,0.0
2023-08-24 14:00:00+09:00,7830.0,7870.0,7800.0,7870.0,12969,0.0,0.0
2023-08-25 09:00:00+09:00,7860.0,7980.0,7750.0,7900.0,25564,0.0,0.0
2023-08-25 10:00:00+09:00,7900.0,8070.0,7870.0,7930.0,73607,0.0,0.0
2023-08-25 11:00:00+09:00,7920.0,7970.0,7900.0,7960.0,18350,0.0,0.0
2023-08-25 12:00:00+09:00,7890.0,7900.0,7830.0,7830.0,20450,0.0,0.0
2023-08-25 13:00:00+09:00,7830.0,7920.0,7820.0,7900.0,4378,0.0,0.0
2023-08-25 14:00:00+09:00,7900.0,7930.0,7870.0,7900.0,8726,0.0,0.0
2023-08-28 09:00:00+09:00,7920.0,9060.0,7910.0,8610.0,1865918,0.0,0.0
2023-08-28 10:00:00+09:00,8610.0,8730.0,8410.0,8480.0,248376,0.0,0.0
2023-08-28 11:00:00+09:00,8470.0,8510.0,8340.0,8400.0,73174,0.0,0.0
2023-08-28 12:00:00+09:00,8400.0,8440.0,8330.0,8380.0,46069,0.0,0.0
2023-08-28 13:00:00+09:00,8370.0,8400.0,8300.0,8330.0,35714,0.0,0.0
2023-08-28 14:00:00+09:00,8330.0,8400.0,8300.0,8320.0,62125,0.0,0.0
2023-08-29 09:00:00+09:00,8330.0,8930.0,8300.0,8930.0,312080,0.0,0.0
2023-08-29 10:00:00+09:00,8920.0,10790.0,8920.0,10300.0,3978886,0.0,0.0
2023-08-29 11:00:00+09:00,10300.0,10630.0,10160.0,10210.0,886636,0.0,0.0
2023-08-29 12:00:00+09:00,10210.0,10260.0,9880.0,9880.0,620073,0.0,0.0
2023-08-29 13:00:00+09:00,9880.0,10230.0,9550.0,9980.0,1068710,0.0,0.0
2023-08-29 14:00:00+09:00,9980.0,10420.0,9670.0,10030.0,1179968,0.0,0.0
2023-08-30 09:00:00+09:00,9830.0,9890.0,9600.0,9740.0,484121,0.0,0.0
2023-08-30 10:00:00+09:00,9750.0,9820.0,9630.0,9650.0,128556,0.0,0.0
2023-08-30 11:00:00+09:00,9660.0,9720.0,9620.0,9650.0,61942,0.0,0.0
2023-08-30 12:00:00+09:00,9640.0,10640.0,9640.0,9930.0,3061218,0.0,0.0
2023-08-30 13:00:00+09:00,9930.0,10040.0,9850.0,9990.0,298410,0.0,0.0
2023-08-30 14:00:00+09:00,9980.0,10010.0,9900.0,9930.0,141696,0.0,0.0
2023-08-31 09:00:00+09:00,10270.0,11130.0,10040.0,10390.0,2956478,0.0,0.0
2023-08-31 10:00:00+09:00,10390.0,10500.0,10250.0,10460.0,435363,0.0,0.0
2023-08-31 11:00:00+09:00,10470.0,10480.0,10280.0,10370.0,140688,0.0,0.0
2023-08-31 12:00:00+09:00,10370.0,10470.0,10320.0,10380.0,136593,0.0,0.0
2023-08-31 13:00:00+09:00,10380.0,11290.0,10330.0,10440.0,2060907,0.0,0.0
2023-08-31 14:00:00+09:00,10440.0,10550.0,10330.0,10440.0,217704,0.0,0.0
2023-09-01 09:00:00+09:00,10400.0,10590.0,10120.0,10250.0,394810,0.0,0.0
2023-09-01 10:00:00+09:00,10250.0,10360.0,10050.0,10070.0,115575,0.0,0.0
2023-09-01 11:00:00+09:00,10070.0,10230.0,10040.0,10080.0,56793,0.0,0.0
2023-09-01 12:00:00+09:00,10100.0,10180.0,10050.0,10060.0,41681,0.0,0.0
2023-09-01 13:00:00+09:00,10060.0,10060.0,9960.0,10000.0,93563,0.0,0.0
2023-09-01 14:00:00+09:00,9990.0,10010.0,9880.0,9910.0,83832,0.0,0.0
2023-09-04 09:00:00+09:00,9800.0,10040.0,9630.0,9770.0,0,0.0,0.0
2023-09-04 10:00:00+09:00,9770.0,10880.0,9660.0,10840.0,1678406,0.0,0.0
2023-09-04 11:00:00+09:00,10840.0,10870.0,10100.0,10120.0,960499,0.0,0.0
2023-09-04 12:00:00+09:00,10130.0,10190.0,9960.0,10030.0,152536,0.0,0.0
2023-09-04 13:00:00+09:00,10010.0,10100.0,9940.0,10090.0,67868,0.0,0.0
2023-09-04 14:00:00+09:00,10100.0,10200.0,9980.0,10030.0,62795,0.0,0.0
2023-09-05 09:00:00+09:00,9850.0,10200.0,9850.0,9970.0,181471,0.0,0.0
2023-09-05 10:00:00+09:00,9970.0,10560.0,9970.0,10200.0,738599,0.0,0.0
2023-09-05 11:00:00+09:00,10190.0,10200.0,10000.0,10020.0,115109,0.0,0.0
2023-09-05 12:00:00+09:00,10030.0,10140.0,10020.0,10060.0,40472,0.0,0.0
2023-09-05 13:00:00+09:00,10050.0,10060.0,9980.0,9980.0,54849,0.0,0.0
2023-09-05 14:00:00+09:00,9990.0,10010.0,9930.0,9950.0,51808,0.0,0.0
2023-09-06 09:00:00+09:00,10030.0,10180.0,9980.0,10130.0,128110,0.0,0.0
2023-09-06 10:00:00+09:00,10130.0,10380.0,10060.0,10090.0,180338,0.0,0.0
2023-09-06 11:00:00+09:00,10080.0,10100.0,9960.0,9960.0,59149,0.0,0.0
2023-09-06 12:00:00+09:00,9980.0,10060.0,9960.0,9980.0,19995,0.0,0.0
2023-09-06 13:00:00+09:00,9980.0,10040.0,9970.0,9990.0,21282,0.0,0.0
2023-09-06 14:00:00+09:00,9990.0,9990.0,9870.0,9900.0,76782,0.0,0.0
2023-09-07 09:00:00+09:00,9710.0,9890.0,9500.0,9510.0,98392,0.0,0.0
2023-09-07 10:00:00+09:00,9530.0,10130.0,9500.0,10000.0,222064,0.0,0.0
2023-09-07 11:00:00+09:00,10000.0,10120.0,9920.0,9990.0,81893,0.0,0.0
2023-09-07 12:00:00+09:00,9960.0,10100.0,9960.0,9970.0,38794,0.0,0.0
2023-09-07 13:00:00+09:00,9970.0,9990.0,9730.0,9820.0,58284,0.0,0.0
2023-09-07 14:00:00+09:00,9820.0,9870.0,9780.0,9860.0,23629,0.0,0.0
2023-09-08 09:00:00+09:00,9950.0,10830.0,9930.0,10580.0,994599,0.0,0.0
2023-09-08 10:00:00+09:00,10680.0,10800.0,10400.0,10570.0,644499,0.0,0.0
2023-09-08 11:00:00+09:00,10570.0,10580.0,10370.0,10460.0,160082,0.0,0.0
2023-09-08 12:00:00+09:00,10450.0,10530.0,10400.0,10460.0,77752,0.0,0.0
2023-09-08 13:00:00+09:00,10460.0,10560.0,10270.0,10330.0,162872,0.0,0.0
2023-09-08 14:00:00+09:00,10320.0,10350.0,10220.0,10340.0,97690,0.0,0.0
2023-09-11 09:00:00+09:00,10360.0,10450.0,10150.0,10160.0,0,0.0,0.0
2023-09-11 10:00:00+09:00,10170.0,10220.0,10100.0,10210.0,51011,0.0,0.0
2023-09-11 11:00:00+09:00,10210.0,10410.0,10200.0,10280.0,232173,0.0,0.0
2023-09-11 12:00:00+09:00,10280.0,10800.0,10230.0,10660.0,205814,0.0,0.0
2023-09-11 13:00:00+09:00,10660.0,10680.0,10380.0,10530.0,306528,0.0,0.0
2023-09-11 14:00:00+09:00,10530.0,10580.0,10410.0,10450.0,107824,0.0,0.0
2023-09-12 09:00:00+09:00,10630.0,10840.0,10370.0,10530.0,399393,0.0,0.0
2023-09-12 10:00:00+09:00,10550.0,10600.0,10160.0,10210.0,165253,0.0,0.0
2023-09-12 11:00:00+09:00,10210.0,10270.0,10130.0,10170.0,66936,0.0,0.0
2023-09-12 12:00:00+09:00,10170.0,10190.0,10010.0,10120.0,63139,0.0,0.0
2023-09-12 13:00:00+09:00,10120.0,10170.0,10050.0,10130.0,30340,0.0,0.0
2023-09-12 14:00:00+09:00,10120.0,10140.0,9920.0,10000.0,87145,0.0,0.0
2023-09-13 09:00:00+09:00,9870.0,10450.0,9760.0,10330.0,242779,0.0,0.0
2023-09-13 10:00:00+09:00,10310.0,10360.0,10110.0,10140.0,87407,0.0,0.0
2023-09-13 11:00:00+09:00,10170.0,10250.0,9910.0,10000.0,51856,0.0,0.0
2023-09-13 12:00:00+09:00,9990.0,10060.0,9860.0,9890.0,53513,0.0,0.0
2023-09-13 13:00:00+09:00,9900.0,10000.0,9800.0,9980.0,34422,0.0,0.0
2023-09-13 14:00:00+09:00,9980.0,10010.0,9800.0,9840.0,55155,0.0,0.0
2023-09-14 09:00:00+09:00,9950.0,9960.0,9820.0,9950.0,48647,0.0,0.0
2023-09-14 10:00:00+09:00,9930.0,9980.0,9790.0,9920.0,43551,0.0,0.0
2023-09-14 11:00:00+09:00,9920.0,9980.0,9870.0,9900.0,24257,0.0,0.0
2023-09-14 12:00:00+09:00,9900.0,9950.0,9870.0,9940.0,16477,0.0,0.0
2023-09-14 13:00:00+09:00,9930.0,10020.0,9930.0,9960.0,22773,0.0,0.0
2023-09-14 14:00:00+09:00,9960.0,10050.0,9910.0,10020.0,24900,0.0,0.0
2023-09-15 09:00:00+09:00,10030.0,10240.0,10000.0,10080.0,75338,0.0,0.0
2023-09-15 10:00:00+09:00,10080.0,10090.0,9920.0,9940.0,51359,0.0,0.0
2023-09-15 11:00:00+09:00,9920.0,9950.0,9850.0,9890.0,31621,0.0,0.0
2023-09-15 12:00:00+09:00,9890.0,9980.0,9890.0,9950.0,9332,0.0,0.0
2023-09-15 13:00:00+09:00,9950.0,9970.0,9880.0,9890.0,20741,0.0,0.0
2023-09-15 14:00:00+09:00,9880.0,9900.0,9840.0,9870.0,36633,0.0,0.0
2023-09-18 09:00:00+09:00,9730.0,9960.0,9700.0,9850.0,0,0.0,0.0
2023-09-18 10:00:00+09:00,9850.0,10000.0,9830.0,9980.0,35928,0.0,0.0
2023-09-18 11:00:00+09:00,9980.0,10100.0,9880.0,9900.0,57200,0.0,0.0
2023-09-18 12:00:00+09:00,9900.0,9900.0,9790.0,9820.0,38744,0.0,0.0
2023-09-18 13:00:00+09:00,9840.0,9870.0,9750.0,9810.0,26817,0.0,0.0
2023-09-18 14:00:00+09:00,9810.0,9810.0,9740.0,9770.0,22934,0.0,0.0
2023-09-19 09:00:00+09:00,9800.0,9880.0,9610.0,9660.0,54716,0.0,0.0
2023-09-19 10:00:00+09:00,9660.0,9750.0,9600.0,9610.0,41918,0.0,0.0
2023-09-19 11:00:00+09:00,9600.0,9640.0,9560.0,9620.0,18876,0.0,0.0
2023-09-19 12:00:00+09:00,9600.0,9660.0,9510.0,9540.0,21646,0.0,0.0
2023-09-19 13:00:00+09:00,9550.0,9610.0,9230.0,9270.0,49108,0.0,0.0
2023-09-19 14:00:00+09:00,9280.0,9290.0,9190.0,9260.0,41152,0.0,0.0
2023-09-20 09:00:00+09:00,9300.0,9790.0,9240.0,9620.0,222665,0.0,0.0
2023-09-20 10:00:00+09:00,9610.0,9970.0,9500.0,9530.0,357052,0.0,0.0
2023-09-20 11:00:00+09:00,9530.0,9580.0,9370.0,9370.0,52925,0.0,0.0
2023-09-20 12:00:00+09:00,9370.0,9450.0,9250.0,9280.0,44910,0.0,0.0
2023-09-20 13:00:00+09:00,9290.0,9410.0,9260.0,9400.0,21179,0.0,0.0
2023-09-20 14:00:00+09:00,9400.0,9400.0,9250.0,9260.0,27298,0.0,0.0
2023-09-21 09:00:00+09:00,9220.0,9360.0,8990.0,9030.0,74355,0.0,0.0
2023-09-21 10:00:00+09:00,9030.0,9140.0,9000.0,9050.0,19388,0.0,0.0
2023-09-21 11:00:00+09:00,9030.0,9560.0,8980.0,9250.0,61931,0.0,0.0
2023-09-21 12:00:00+09:00,9250.0,9390.0,9190.0,9250.0,31823,0.0,0.0
2023-09-21 13:00:00+09:00,9250.0,9270.0,9210.0,9230.0,13275,0.0,0.0
2023-09-21 14:00:00+09:00,9220.0,9290.0,9200.0,9200.0,19251,0.0,0.0
2023-09-22 09:00:00+09:00,8980.0,9250.0,8980.0,9140.0,45883,0.0,0.0
2023-09-22 10:00:00+09:00,9200.0,9200.0,9080.0,9170.0,13094,0.0,0.0
2023-09-22 11:00:00+09:00,9170.0,9230.0,9140.0,9140.0,11893,0.0,0.0
2023-09-22 12:00:00+09:00,9150.0,9160.0,9100.0,9130.0,10151,0.0,0.0
2023-09-22 13:00:00+09:00,9130.0,9150.0,9040.0,9110.0,16622,0.0,0.0
2023-09-22 14:00:00+09:00,9060.0,9090.0,8880.0,8890.0,38151,0.0,0.0
2023-09-25 09:00:00+09:00,8730.0,9310.0,8730.0,8960.0,0,0.0,0.0
2023-09-25 10:00:00+09:00,8970.0,8980.0,8810.0,8830.0,11043,0.0,0.0
2023-09-25 11:00:00+09:00,8830.0,8910.0,8830.0,8880.0,4731,0.0,0.0
2023-09-25 12:00:00+09:00,8890.0,8900.0,8800.0,8800.0,6361,0.0,0.0
2023-09-25 13:00:00+09:00,8800.0,8850.0,8690.0,8710.0,18241,0.0,0.0
2023-09-25 14:00:00+09:00,8710.0,8740.0,8570.0,8600.0,21658,0.0,0.0
2023-09-26 09:00:00+09:00,8550.0,8780.0,8350.0,8410.0,33333,0.0,0.0
2023-09-26 10:00:00+09:00,8410.0,9040.0,8410.0,8720.0,150021,0.0,0.0
2023-09-26 11:00:00+09:00,8720.0,8720.0,8560.0,8610.0,23310,0.0,0.0
2023-09-26 12:00:00+09:00,8620.0,8750.0,8620.0,8740.0,12049,0.0,0.0
2023-09-26 13:00:00+09:00,8740.0,8870.0,8580.0,8640.0,49084,0.0,0.0
2023-09-26 14:00:00+09:00,8640.0,8680.0,8530.0,8550.0,13097,0.0,0.0
2023-09-27 09:00:00+09:00,8370.0,8660.0,8300.0,8590.0,32284,0.0,0.0
2023-09-27 10:00:00+09:00,8590.0,8640.0,8530.0,8560.0,7327,0.0,0.0
2023-09-27 11:00:00+09:00,8590.0,8590.0,8510.0,8510.0,4870,0.0,0.0
2023-09-27 12:00:00+09:00,8510.0,8670.0,8500.0,8530.0,8785,0.0,0.0
2023-09-27 13:00:00+09:00,8530.0,8660.0,8530.0,8590.0,8857,0.0,0.0
2023-09-27 14:00:00+09:00,8600.0,8920.0,8590.0,8740.0,54922,0.0,0.0
2023-10-04 09:00:00+09:00,8850.0,8850.0,8410.0,8500.0,0,0.0,0.0
2023-10-04 10:00:00+09:00,8480.0,8600.0,8440.0,8510.0,9896,0.0,0.0
2023-10-04 11:00:00+09:00,8500.0,8510.0,8410.0,8440.0,15136,0.0,0.0
2023-10-04 12:00:00+09:00,8440.0,8520.0,8350.0,8350.0,12336,0.0,0.0
2023-10-04 13:00:00+09:00,8350.0,8400.0,8350.0,8350.0,15424,0.0,0.0
2023-10-04 14:00:00+09:00,8350.0,8450.0,8320.0,8430.0,10425,0.0,0.0
2023-10-05 09:00:00+09:00,8420.0,8580.0,8190.0,8280.0,40947,0.0,0.0
2023-10-05 10:00:00+09:00,8240.0,8300.0,8160.0,8270.0,16387,0.0,0.0
2023-10-05 11:00:00+09:00,8270.0,8300.0,8250.0,8280.0,5248,0.0,0.0
2023-10-05 12:00:00+09:00,8280.0,8350.0,8270.0,8340.0,4349,0.0,0.0
2023-10-05 13:00:00+09:00,8350.0,8370.0,8300.0,8330.0,5762,0.0,0.0
2023-10-05 14:00:00+09:00,8320.0,8320.0,8050.0,8050.0,34089,0.0,0.0
2023-10-06 09:00:00+09:00,7960.0,8850.0,7960.0,8390.0,268344,0.0,0.0
2023-10-06 10:00:00+09:00,8390.0,8500.0,8320.0,8330.0,24546,0.0,0.0
2023-10-06 11:00:00+09:00,8370.0,8450.0,8310.0,8380.0,9866,0.0,0.0
2023-10-06 12:00:00+09:00,8380.0,8420.0,8300.0,8360.0,8990,0.0,0.0
2023-10-06 13:00:00+09:00,8370.0,8390.0,8310.0,8310.0,7964,0.0,0.0
2023-10-06 14:00:00+09:00,8310.0,8360.0,8310.0,8320.0,8109,0.0,0.0
2023-10-10 09:00:00+09:00,8300.0,8400.0,8200.0,8350.0,0,0.0,0.0
2023-10-10 10:00:00+09:00,8350.0,8420.0,8310.0,8330.0,15080,0.0,0.0
2023-10-10 11:00:00+09:00,8330.0,8390.0,8300.0,8310.0,4089,0.0,0.0
2023-10-10 12:00:00+09:00,8310.0,8360.0,8120.0,8130.0,23922,0.0,0.0
2023-10-10 13:00:00+09:00,8120.0,8160.0,7990.0,8000.0,28641,0.0,0.0
2023-10-10 14:00:00+09:00,8000.0,8030.0,7880.0,7980.0,33389,0.0,0.0
2023-10-11 09:00:00+09:00,8110.0,9400.0,8110.0,9010.0,1263414,0.0,0.0
2023-10-11 10:00:00+09:00,9010.0,9420.0,8750.0,8950.0,1709585,0.0,0.0
2023-10-11 11:00:00+09:00,8950.0,9020.0,8760.0,8900.0,290933,0.0,0.0
2023-10-11 12:00:00+09:00,8910.0,8920.0,8780.0,8800.0,70293,0.0,0.0
2023-10-11 13:00:00+09:00,8790.0,8840.0,8600.0,8650.0,131694,0.0,0.0
2023-10-11 14:00:00+09:00,8640.0,9390.0,8610.0,8840.0,1175560,0.0,0.0
2023-10-12 09:00:00+09:00,9090.0,9290.0,8970.0,9100.0,314935,0.0,0.0
2023-10-12 10:00:00+09:00,9100.0,9330.0,9090.0,9280.0,80860,0.0,0.0
2023-10-12 11:00:00+09:00,9270.0,9280.0,9200.0,9230.0,47985,0.0,0.0
2023-10-12 12:00:00+09:00,9230.0,9270.0,9160.0,9190.0,24846,0.0,0.0
2023-10-12 13:00:00+09:00,9170.0,9230.0,9160.0,9200.0,21818,0.0,0.0
2023-10-12 14:00:00+09:00,9210.0,9250.0,9140.0,9170.0,37927,0.0,0.0
2023-10-13 09:00:00+09:00,9170.0,9250.0,8890.0,8980.0,102631,0.0,0.0
2023-10-13 10:00:00+09:00,8980.0,9040.0,8960.0,9000.0,25566,0.0,0.0
2023-10-13 11:00:00+09:00,8990.0,9040.0,8960.0,9000.0,7564,0.0,0.0
2023-10-13 12:00:00+09:00,8990.0,8990.0,8830.0,8860.0,41315,0.0,0.0
2023-10-13 13:00:00+09:00,8860.0,8870.0,8780.0,8790.0,32544,0.0,0.0
2023-10-13 14:00:00+09:00,8790.0,8830.0,8750.0,8810.0,31406,0.0,0.0
2023-10-16 09:00:00+09:00,8800.0,8980.0,8660.0,8900.0,0,0.0,0.0
2023-10-16 10:00:00+09:00,8900.0,8900.0,8750.0,8800.0,24050,0.0,0.0
2023-10-16 11:00:00+09:00,8780.0,8800.0,8610.0,8680.0,26490,0.0,0.0
2023-10-16 12:00:00+09:00,8620.0,8680.0,8550.0,8640.0,26358,0.0,0.0
2023-10-16 13:00:00+09:00,8640.0,8720.0,8540.0,8610.0,18575,0.0,0.0
2023-10-16 14:00:00+09:00,8600.0,8650.0,8520.0,8580.0,21230,0.0,0.0
2023-10-17 09:00:00+09:00,8750.0,9150.0,8630.0,9010.0,137537,0.0,0.0
2023-10-17 10:00:00+09:00,9120.0,9370.0,8920.0,9220.0,228372,0.0,0.0
2023-10-17 11:00:00+09:00,9210.0,9290.0,9010.0,9010.0,338092,0.0,0.0
2023-10-17 12:00:00+09:00,9010.0,9030.0,8870.0,8870.0,52887,0.0,0.0
2023-10-17 13:00:00+09:00,8870.0,8950.0,8860.0,8860.0,18068,0.0,0.0
2023-10-17 14:00:00+09:00,8870.0,9020.0,8810.0,8980.0,26122,0.0,0.0
2023-10-18 09:00:00+09:00,9020.0,9320.0,8870.0,8880.0,200223,0.0,0.0
2023-10-18 10:00:00+09:00,8880.0,9020.0,8870.0,9000.0,15657,0.0,0.0
2023-10-18 11:00:00+09:00,9010.0,9030.0,8850.0,8880.0,22207,0.0,0.0
2023-10-18 12:00:00+09:00,8890.0,8940.0,8830.0,8870.0,14135,0.0,0.0
2023-10-18 13:00:00+09:00,8870.0,8900.0,8770.0,8800.0,20233,0.0,0.0
2023-10-18 14:00:00+09:00,8790.0,8900.0,8700.0,8740.0,31669,0.0,0.0
2023-10-19 09:00:00+09:00,8600.0,8600.0,8280.0,8360.0,78246,0.0,0.0
2023-10-19 10:00:00+09:00,8360.0,8360.0,8270.0,8280.0,36112,0.0,0.0
2023-10-19 11:00:00+09:00,8280.0,8310.0,8210.0,8220.0,17466,0.0,0.0
2023-10-19 12:00:00+09:00,8220.0,8320.0,8190.0,8210.0,22257,0.0,0.0
2023-10-19 13:00:00+09:00,8220.0,8290.0,8210.0,8240.0,4642,0.0,0.0
2023-10-19 14:00:00+09:00,8240.0,8290.0,8230.0,8250.0,7418,0.0,0.0
2023-10-20 09:00:00+09:00,8210.0,8210.0,8000.0,8000.0,49113,0.0,0.0
2023-10-20 10:00:00+09:00,8000.0,8030.0,7940.0,8000.0,30806,0.0,0.0
2023-10-20 11:00:00+09:00,8000.0,8110.0,7980.0,8100.0,11784,0.0,0.0
2023-10-20 12:00:00+09:00,8100.0,8120.0,8070.0,8100.0,15717,0.0,0.0
2023-10-20 13:00:00+09:00,8100.0,8390.0,8100.0,8300.0,30820,0.0,0.0
2023-10-20 14:00:00+09:00,8300.0,8320.0,8170.0,8200.0,20575,0.0,0.0
2023-10-23 09:00:00+09:00,8060.0,8240.0,8060.0,8190.0,0,0.0,0.0
2023-10-23 10:00:00+09:00,8170.0,8250.0,8130.0,8210.0,10406,0.0,0.0
2023-10-23 11:00:00+09:00,8210.0,8210.0,8110.0,8130.0,8168,0.0,0.0
2023-10-23 12:00:00+09:00,8120.0,8150.0,8070.0,8070.0,6625,0.0,0.0
2023-10-23 13:00:00+09:00,8080.0,8120.0,7930.0,7960.0,38221,0.0,0.0
2023-10-23 14:00:00+09:00,8010.0,8010.0,7900.0,7920.0,21012,0.0,0.0
2023-10-24 09:00:00+09:00,8080.0,8280.0,7990.0,8030.0,0,0.0,0.0
2023-10-24 10:00:00+09:00,8030.0,8030.0,7810.0,7860.0,122226,0.0,0.0
2023-10-24 11:00:00+09:00,7870.0,7950.0,7850.0,7900.0,8815,0.0,0.0
2023-10-24 12:00:00+09:00,7920.0,7980.0,7880.0,7930.0,6638,0.0,0.0
2023-10-24 13:00:00+09:00,7930.0,8110.0,7920.0,8080.0,17875,0.0,0.0
2023-10-24 14:00:00+09:00,8060.0,8210.0,8040.0,8180.0,25829,0.0,0.0
2023-10-25 09:00:00+09:00,8360.0,8400.0,8210.0,8390.0,52358,0.0,0.0
2023-10-25 10:00:00+09:00,8370.0,8640.0,8370.0,8430.0,94460,0.0,0.0
2023-10-25 11:00:00+09:00,8400.0,8450.0,8390.0,8410.0,5405,0.0,0.0
2023-10-25 12:00:00+09:00,8410.0,8960.0,8400.0,8510.0,504586,0.0,0.0
2023-10-25 13:00:00+09:00,8450.0,9100.0,8430.0,8620.0,485337,0.0,0.0
2023-10-25 14:00:00+09:00,8600.0,8640.0,8430.0,8440.0,78510,0.0,0.0
2023-10-26 09:00:00+09:00,8150.0,8950.0,8060.0,8890.0,541843,0.0,0.0
2023-10-26 10:00:00+09:00,8890.0,9380.0,8760.0,8870.0,1755571,0.0,0.0
2023-10-26 11:00:00+09:00,8870.0,9850.0,8870.0,9200.0,3372587,0.0,0.0
2023-10-26 12:00:00+09:00,9200.0,9460.0,9050.0,9140.0,1036524,0.0,0.0
2023-10-26 13:00:00+09:00,9130.0,9140.0,8700.0,8760.0,549506,0.0,0.0
2023-10-26 14:00:00+09:00,8770.0,8780.0,8570.0,8730.0,268637,0.0,0.0
2023-10-27 09:00:00+09:00,8700.0,9080.0,8650.0,8810.0,658138,0.0,0.0
2023-10-27 10:00:00+09:00,8840.0,8950.0,8740.0,8840.0,107524,0.0,0.0
2023-10-27 11:00:00+09:00,8840.0,8870.0,8730.0,8860.0,79031,0.0,0.0
2023-10-27 12:00:00+09:00,8850.0,8900.0,8610.0,8660.0,72445,0.0,0.0
2023-10-27 13:00:00+09:00,8670.0,8700.0,8430.0,8620.0,89072,0.0,0.0
2023-10-27 14:00:00+09:00,8620.0,8750.0,8550.0,8730.0,40818,0.0,0.0
2023-10-30 09:00:00+09:00,8550.0,8840.0,8550.0,8690.0,0,0.0,0.0
2023-10-30 10:00:00+09:00,8690.0,8740.0,8550.0,8660.0,48365,0.0,0.0
2023-10-30 11:00:00+09:00,8660.0,8810.0,8660.0,8700.0,23050,0.0,0.0
2023-10-30 12:00:00+09:00,8740.0,8830.0,8660.0,8830.0,32598,0.0,0.0
2023-10-30 13:00:00+09:00,8830.0,8830.0,8730.0,8740.0,16584,0.0,0.0
2023-10-30 14:00:00+09:00,8750.0,8780.0,8700.0,8740.0,30889,0.0,0.0
2023-10-31 09:00:00+09:00,9190.0,9420.0,8890.0,8940.0,934160,0.0,0.0
2023-10-31 10:00:00+09:00,8940.0,9520.0,8930.0,9190.0,1063076,0.0,0.0
2023-10-31 11:00:00+09:00,9200.0,9430.0,9110.0,9310.0,182166,0.0,0.0
2023-10-31 12:00:00+09:00,9300.0,9410.0,8960.0,8990.0,176421,0.0,0.0
2023-10-31 13:00:00+09:00,8990.0,9370.0,8920.0,9180.0,225843,0.0,0.0
2023-10-31 14:00:00+09:00,9180.0,9300.0,9010.0,9300.0,142538,0.0,0.0
2023-11-01 09:00:00+09:00,9240.0,9480.0,9230.0,9240.0,453622,0.0,0.0
2023-11-01 10:00:00+09:00,9260.0,9510.0,9250.0,9370.0,307053,0.0,0.0
2023-11-01 11:00:00+09:00,9370.0,9620.0,9360.0,9500.0,391411,0.0,0.0
2023-11-01 12:00:00+09:00,9500.0,9510.0,9310.0,9340.0,80613,0.0,0.0
2023-11-01 13:00:00+09:00,9340.0,9340.0,9250.0,9320.0,58470,0.0,0.0
2023-11-01 14:00:00+09:00,9310.0,9380.0,9260.0,9280.0,57321,0.0,0.0
2023-11-02 09:00:00+09:00,9430.0,9430.0,9060.0,9330.0,175432,0.0,0.0
2023-11-02 10:00:00+09:00,9320.0,9400.0,9230.0,9310.0,105759,0.0,0.0
2023-11-02 11:00:00+09:00,9330.0,9330.0,9220.0,9270.0,38007,0.0,0.0
2023-11-02 12:00:00+09:00,9270.0,9300.0,9240.0,9280.0,17328,0.0,0.0
2023-11-02 13:00:00+09:00,9270.0,9310.0,9240.0,9260.0,25603,0.0,0.0
2023-11-02 14:00:00+09:00,9260.0,9310.0,9250.0,9290.0,34624,0.0,0.0
2023-11-03 09:00:00+09:00,9360.0,9650.0,9290.0,9530.0,297300,0.0,0.0
2023-11-03 10:00:00+09:00,9530.0,9670.0,9520.0,9580.0,125473,0.0,0.0
2023-11-03 11:00:00+09:00,9590.0,9780.0,9530.0,9580.0,174588,0.0,0.0
2023-11-03 12:00:00+09:00,9580.0,9700.0,9560.0,9610.0,59435,0.0,0.0
2023-11-03 13:00:00+09:00,9610.0,9640.0,9560.0,9600.0,34304,0.0,0.0
2023-11-03 14:00:00+09:00,9610.0,9700.0,9590.0,9660.0,72212,0.0,0.0
2023-11-06 09:00:00+09:00,9550.0,9580.0,9000.0,9400.0,0,0.0,0.0
2023-11-06 10:00:00+09:00,9380.0,9410.0,9280.0,9350.0,49294,0.0,0.0
2023-11-06 11:00:00+09:00,9360.0,9420.0,9270.0,9420.0,50568,0.0,0.0
2023-11-06 12:00:00+09:00,9420.0,9470.0,9360.0,9400.0,22702,0.0,0.0
2023-11-06 13:00:00+09:00,9400.0,9450.0,9360.0,9430.0,23192,0.0,0.0
2023-11-06 14:00:00+09:00,9430.0,9550.0,9390.0,9470.0,49280,0.0,0.0
2023-11-07 09:00:00+09:00,9470.0,9650.0,9310.0,9560.0,106330,0.0,0.0
2023-11-07 10:00:00+09:00,9550.0,9660.0,9470.0,9530.0,82525,0.0,0.0
2023-11-07 11:00:00+09:00,9570.0,9570.0,9410.0,9410.0,37046,0.0,0.0
2023-11-07 12:00:00+09:00,9420.0,9450.0,9270.0,9420.0,52415,0.0,0.0
2023-11-07 13:00:00+09:00,9400.0,9500.0,9400.0,9490.0,16507,0.0,0.0
2023-11-07 14:00:00+09:00,9480.0,9570.0,9470.0,9510.0,19911,0.0,0.0
2023-11-08 09:00:00+09:00,9650.0,9730.0,9500.0,9550.0,108327,0.0,0.0
2023-11-08 10:00:00+09:00,9560.0,9710.0,9550.0,9610.0,51096,0.0,0.0
2023-11-08 11:00:00+09:00,9610.0,9630.0,9550.0,9570.0,23629,0.0,0.0
2023-11-08 12:00:00+09:00,9590.0,9590.0,9430.0,9440.0,40473,0.0,0.0
2023-11-08 13:00:00+09:00,9440.0,9490.0,9330.0,9390.0,48067,0.0,0.0
2023-11-08 14:00:00+09:00,9380.0,9420.0,9330.0,9330.0,28373,0.0,0.0
2023-11-09 09:00:00+09:00,9230.0,9570.0,9090.0,9100.0,169772,0.0,0.0
2023-11-09 10:00:00+09:00,9100.0,9280.0,9070.0,9200.0,28542,0.0,0.0
2023-11-09 11:00:00+09:00,9200.0,9200.0,9120.0,9150.0,10407,0.0,0.0
2023-11-09 12:00:00+09:00,9150.0,9210.0,9130.0,9160.0,12127,0.0,0.0
2023-11-09 13:00:00+09:00,9160.0,9190.0,9120.0,9150.0,15840,0.0,0.0
2023-11-09 14:00:00+09:00,9130.0,9180.0,9090.0,9150.0,19979,0.0,0.0
2023-11-10 09:00:00+09:00,9060.0,9220.0,9050.0,9140.0,30352,0.0,0.0
2023-11-10 10:00:00+09:00,9160.0,9200.0,9110.0,9150.0,17681,0.0,0.0
2023-11-10 11:00:00+09:00,9130.0,9400.0,9080.0,9270.0,67551,0.0,0.0
2023-11-10 12:00:00+09:00,9270.0,9320.0,9200.0,9280.0,21793,0.0,0.0
2023-11-10 13:00:00+09:00,9280.0,9280.0,9170.0,9230.0,13886,0.0,0.0
2023-11-10 14:00:00+09:00,9230.0,9240.0,9150.0,9150.0,17532,0.0,0.0
2023-11-13 09:00:00+09:00,9210.0,9340.0,9140.0,9300.0,0,0.0,0.0
2023-11-13 10:00:00+09:00,9290.0,9340.0,9120.0,9170.0,30258,0.0,0.0
2023-11-13 11:00:00+09:00,9150.0,9160.0,9020.0,9030.0,26611,0.0,0.0
2023-11-13 12:00:00+09:00,9030.0,9080.0,9000.0,9040.0,10783,0.0,0.0
2023-11-13 13:00:00+09:00,9040.0,9050.0,9020.0,9030.0,8153,0.0,0.0
2023-11-13 14:00:00+09:00,9050.0,9180.0,9030.0,9140.0,15772,0.0,0.0
2023-11-14 09:00:00+09:00,9110.0,9290.0,9100.0,9270.0,33313,0.0,0.0
2023-11-14 10:00:00+09:00,9270.0,9300.0,9210.0,9220.0,13504,0.0,0.0
2023-11-14 11:00:00+09:00,9220.0,9280.0,9180.0,9220.0,10891,0.0,0.0
2023-11-14 12:00:00+09:00,9210.0,9290.0,9190.0,9280.0,8497,0.0,0.0
2023-11-14 13:00:00+09:00,9270.0,9280.0,9210.0,9240.0,10641,0.0,0.0
2023-11-14 14:00:00+09:00,9250.0,9310.0,9240.0,9300.0,22195,0.0,0.0
2023-11-15 09:00:00+09:00,9320.0,9530.0,9260.0,9400.0,76677,0.0,0.0
2023-11-15 10:00:00+09:00,9400.0,9450.0,9370.0,9410.0,16063,0.0,0.0
2023-11-15 11:00:00+09:00,9410.0,9430.0,9360.0,9410.0,19886,0.0,0.0
2023-11-15 12:00:00+09:00,9420.0,9430.0,9360.0,9420.0,14252,0.0,0.0
2023-11-15 13:00:00+09:00,9420.0,9430.0,9340.0,9370.0,17068,0.0,0.0
2023-11-15 14:00:00+09:00,9390.0,9410.0,9360.0,9360.0,10069,0.0,0.0
2023-11-16 10:00:00+09:00,9410.0,9440.0,9260.0,9400.0,30875,0.0,0.0
2023-11-16 11:00:00+09:00,9400.0,9550.0,9360.0,9540.0,53619,0.0,0.0
2023-11-16 12:00:00+09:00,9540.0,9540.0,9470.0,9490.0,10738,0.0,0.0
2023-11-16 13:00:00+09:00,9480.0,9500.0,9440.0,9500.0,19474,0.0,0.0
2023-11-16 14:00:00+09:00,9490.0,9530.0,9440.0,9490.0,19164,0.0,0.0
2023-11-17 09:00:00+09:00,9550.0,9600.0,9320.0,9450.0,70269,0.0,0.0
2023-11-17 10:00:00+09:00,9450.0,9540.0,9360.0,9410.0,20405,0.0,0.0
2023-11-17 11:00:00+09:00,9420.0,9450.0,9370.0,9380.0,13131,0.0,0.0
2023-11-17 12:00:00+09:00,9380.0,9410.0,9360.0,9390.0,7852,0.0,0.0
2023-11-17 13:00:00+09:00,9390.0,9410.0,9370.0,9410.0,2029,0.0,0.0
2023-11-17 14:00:00+09:00,9410.0,9420.0,9380.0,9390.0,8782,0.0,0.0
2023-11-20 09:00:00+09:00,9450.0,9550.0,9350.0,9500.0,0,0.0,0.0
2023-11-20 10:00:00+09:00,9530.0,9940.0,9510.0,9760.0,456343,0.0,0.0
2023-11-20 11:00:00+09:00,9770.0,9880.0,9740.0,9800.0,103582,0.0,0.0
2023-11-20 12:00:00+09:00,9790.0,10360.0,9790.0,10170.0,1208360,0.0,0.0
2023-11-20 13:00:00+09:00,10170.0,10360.0,10060.0,10170.0,525402,0.0,0.0
2023-11-20 14:00:00+09:00,10180.0,10400.0,10120.0,10300.0,470624,0.0,0.0
2023-11-21 09:00:00+09:00,10290.0,10370.0,10150.0,10300.0,435208,0.0,0.0
2023-11-21 10:00:00+09:00,10300.0,10930.0,10290.0,10580.0,1276545,0.0,0.0
2023-11-21 11:00:00+09:00,10580.0,10710.0,10470.0,10570.0,222205,0.0,0.0
2023-11-21 12:00:00+09:00,10580.0,10670.0,10510.0,10630.0,100983,0.0,0.0
2023-11-21 13:00:00+09:00,10600.0,10630.0,10510.0,10600.0,80258,0.0,0.0
2023-11-21 14:00:00+09:00,10600.0,10660.0,10540.0,10630.0,99369,0.0,0.0
2023-11-22 09:00:00+09:00,10620.0,10860.0,10410.0,10680.0,470581,0.0,0.0
2023-11-22 10:00:00+09:00,10690.0,11600.0,10670.0,11280.0,2562896,0.0,0.0
2023-11-22 11:00:00+09:00,11280.0,11410.0,10960.0,11140.0,941635,0.0,0.0
2023-11-22 12:00:00+09:00,11140.0,11200.0,10980.0,11000.0,194798,0.0,0.0
2023-11-22 13:00:00+09:00,11000.0,11350.0,10860.0,11120.0,608854,0.0,0.0
2023-11-22 14:00:00+09:00,11120.0,11170.0,10810.0,10950.0,247829,0.0,0.0
2023-11-23 09:00:00+09:00,10940.0,11200.0,10660.0,10980.0,351702,0.0,0.0
2023-11-23 10:00:00+09:00,10980.0,11180.0,10890.0,10980.0,152518,0.0,0.0
2023-11-23 11:00:00+09:00,10980.0,11070.0,10930.0,11030.0,56086,0.0,0.0
2023-11-23 12:00:00+09:00,11030.0,11130.0,11000.0,11040.0,114319,0.0,0.0
2023-11-23 13:00:00+09:00,11040.0,11060.0,10830.0,10850.0,116364,0.0,0.0
2023-11-23 14:00:00+09:00,10860.0,11040.0,10620.0,10760.0,209165,0.0,0.0
2023-11-24 09:00:00+09:00,10810.0,10970.0,10610.0,10870.0,231119,0.0,0.0
2023-11-24 10:00:00+09:00,10870.0,10960.0,10780.0,10790.0,95222,0.0,0.0
2023-11-24 11:00:00+09:00,10790.0,10820.0,10730.0,10780.0,33507,0.0,0.0
2023-11-24 12:00:00+09:00,10780.0,10790.0,10670.0,10670.0,45966,0.0,0.0
2023-11-24 13:00:00+09:00,10670.0,10700.0,10540.0,10610.0,85420,0.0,0.0
2023-11-24 14:00:00+09:00,10610.0,10800.0,10550.0,10790.0,90253,0.0,0.0
2023-11-27 09:00:00+09:00,10820.0,10910.0,10340.0,10390.0,0,0.0,0.0
2023-11-27 10:00:00+09:00,10400.0,10520.0,10360.0,10420.0,73652,0.0,0.0
2023-11-27 11:00:00+09:00,10430.0,10430.0,10230.0,10250.0,103517,0.0,0.0
2023-11-27 12:00:00+09:00,10250.0,10330.0,10250.0,10280.0,26441,0.0,0.0
2023-11-27 13:00:00+09:00,10290.0,10340.0,10250.0,10290.0,43616,0.0,0.0
2023-11-27 14:00:00+09:00,10270.0,10340.0,10240.0,10330.0,40899,0.0,0.0
2023-11-28 09:00:00+09:00,10310.0,10450.0,10190.0,10380.0,120291,0.0,0.0
2023-11-28 10:00:00+09:00,10330.0,10490.0,10300.0,10370.0,95451,0.0,0.0
2023-11-28 11:00:00+09:00,10370.0,10470.0,10360.0,10460.0,26224,0.0,0.0
2023-11-28 12:00:00+09:00,10460.0,10510.0,10400.0,10460.0,31369,0.0,0.0
2023-11-28 13:00:00+09:00,10460.0,10460.0,10210.0,10290.0,65385,0.0,0.0
2023-11-28 14:00:00+09:00,10290.0,10380.0,10260.0,10260.0,16143,0.0,0.0
2023-11-29 09:00:00+09:00,10300.0,10620.0,10200.0,10620.0,183457,0.0,0.0
2023-11-29 10:00:00+09:00,10620.0,10640.0,10460.0,10530.0,57538,0.0,0.0
2023-11-29 11:00:00+09:00,10530.0,10600.0,10460.0,10550.0,29855,0.0,0.0
2023-11-29 12:00:00+09:00,10550.0,10870.0,10510.0,10550.0,363151,0.0,0.0
2023-11-29 13:00:00+09:00,10570.0,10610.0,10460.0,10490.0,73021,0.0,0.0
2023-11-29 14:00:00+09:00,10480.0,10500.0,10350.0,10430.0,71755,0.0,0.0
2023-11-30 09:00:00+09:00,10480.0,10760.0,10450.0,10640.0,178065,0.0,0.0
2023-11-30 10:00:00+09:00,10630.0,10840.0,10620.0,10670.0,110203,0.0,0.0
2023-11-30 11:00:00+09:00,10670.0,10850.0,10660.0,10800.0,88807,0.0,0.0
2023-11-30 12:00:00+09:00,10800.0,10810.0,10700.0,10800.0,36199,0.0,0.0
2023-11-30 13:00:00+09:00,10790.0,10890.0,10750.0,10830.0,68849,0.0,0.0
2023-11-30 14:00:00+09:00,10830.0,10830.0,10710.0,10790.0,47781,0.0,0.0
2023-12-01 09:00:00+09:00,10800.0,11010.0,10620.0,10820.0,163547,0.0,0.0
2023-12-01 10:00:00+09:00,10810.0,10900.0,10700.0,10870.0,45958,0.0,0.0
2023-12-01 11:00:00+09:00,10860.0,10920.0,10800.0,10870.0,37014,0.0,0.0
2023-12-01 12:00:00+09:00,10870.0,10880.0,10810.0,10870.0,22295,0.0,0.0
2023-12-01 13:00:00+09:00,10830.0,10870.0,10770.0,10840.0,28977,0.0,0.0
2023-12-01 14:00:00+09:00,10830.0,10910.0,10800.0,10890.0,48247,0.0,0.0
2023-12-04 09:00:00+09:00,11290.0,11440.0,10960.0,11140.0,223803,0.0,0.0
2023-12-04 10:00:00+09:00,11140.0,11450.0,11140.0,11310.0,283064,0.0,0.0
2023-12-04 11:00:00+09:00,11310.0,11550.0,11290.0,11470.0,339480,0.0,0.0
2023-12-04 12:00:00+09:00,11470.0,11490.0,11220.0,11410.0,173556,0.0,0.0
2023-12-04 13:00:00+09:00,11420.0,11690.0,11270.0,11690.0,309376,0.0,0.0
2023-12-04 14:00:00+09:00,11680.0,11980.0,11430.0,11580.0,1513829,0.0,0.0
2023-12-05 09:00:00+09:00,11540.0,11700.0,11300.0,11610.0,352208,0.0,0.0
2023-12-05 10:00:00+09:00,11610.0,12690.0,11600.0,12120.0,2357385,0.0,0.0
2023-12-05 11:00:00+09:00,12100.0,12270.0,11840.0,12030.0,295253,0.0,0.0
2023-12-05 12:00:00+09:00,12030.0,12090.0,11490.0,11490.0,279182,0.0,0.0
2023-12-05 13:00:00+09:00,11490.0,11790.0,11490.0,11660.0,185208,0.0,0.0
2023-12-05 14:00:00+09:00,11660.0,11760.0,11260.0,11300.0,221785,0.0,0.0
2023-12-06 09:00:00+09:00,11450.0,11990.0,11350.0,11780.0,645039,0.0,0.0
2023-12-06 10:00:00+09:00,11780.0,11920.0,11610.0,11870.0,165272,0.0,0.0
2023-12-06 11:00:00+09:00,11870.0,12250.0,11770.0,12010.0,694782,0.0,0.0
2023-12-06 12:00:00+09:00,12010.0,12150.0,11960.0,12020.0,147244,0.0,0.0
2023-12-06 13:00:00+09:00,12010.0,12150.0,11910.0,12070.0,239630,0.0,0.0
2023-12-06 14:00:00+09:00,12080.0,12290.0,12050.0,12150.0,570335,0.0,0.0
2023-12-07 09:00:00+09:00,11670.0,11860.0,11530.0,11600.0,242406,0.0,0.0
2023-12-07 10:00:00+09:00,11600.0,11690.0,11570.0,11600.0,60956,0.0,0.0
2023-12-07 11:00:00+09:00,11590.0,11610.0,11500.0,11550.0,55222,0.0,0.0
2023-12-07 12:00:00+09:00,11550.0,11690.0,11520.0,11620.0,31306,0.0,0.0
2023-12-07 13:00:00+09:00,11610.0,11660.0,11550.0,11550.0,45464,0.0,0.0
2023-12-07 14:00:00+09:00,11580.0,11580.0,11050.0,11280.0,206787,0.0,0.0
2023-12-08 09:00:00+09:00,11000.0,11400.0,11000.0,11330.0,164830,0.0,0.0
2023-12-08 10:00:00+09:00,11320.0,11340.0,11170.0,11330.0,42767,0.0,0.0
2023-12-08 11:00:00+09:00,11330.0,11390.0,11100.0,11140.0,47982,0.0,0.0
2023-12-08 12:00:00+09:00,11160.0,11160.0,11050.0,11150.0,29234,0.0,0.0
2023-12-08 13:00:00+09:00,11150.0,11320.0,11110.0,11140.0,27283,0.0,0.0
2023-12-08 14:00:00+09:00,11150.0,11270.0,11130.0,11240.0,24234,0.0,0.0
2023-12-11 09:00:00+09:00,11150.0,11580.0,11050.0,11570.0,0,0.0,0.0
2023-12-11 10:00:00+09:00,11570.0,11730.0,11450.0,11730.0,125076,0.0,0.0
2023-12-11 11:00:00+09:00,11740.0,11760.0,11620.0,11660.0,80631,0.0,0.0
2023-12-11 12:00:00+09:00,11640.0,11720.0,11620.0,11640.0,27518,0.0,0.0
2023-12-11 13:00:00+09:00,11640.0,11680.0,11500.0,11530.0,60310,0.0,0.0
2023-12-11 14:00:00+09:00,11530.0,11580.0,11430.0,11530.0,66804,0.0,0.0
2023-12-12 09:00:00+09:00,11770.0,11770.0,11460.0,11480.0,169371,0.0,0.0
2023-12-12 10:00:00+09:00,11470.0,11620.0,11450.0,11500.0,38679,0.0,0.0
2023-12-12 11:00:00+09:00,11510.0,11630.0,11480.0,11480.0,26888,0.0,0.0
2023-12-12 12:00:00+09:00,11490.0,11560.0,11490.0,11520.0,12564,0.0,0.0
2023-12-12 13:00:00+09:00,11520.0,11520.0,11450.0,11450.0,34509,0.0,0.0
2023-12-12 14:00:00+09:00,11460.0,11500.0,11400.0,11420.0,26209,0.0,0.0
2023-12-13 09:00:00+09:00,11470.0,11470.0,11060.0,11250.0,149239,0.0,0.0
2023-12-13 10:00:00+09:00,11260.0,11280.0,11070.0,11100.0,59203,0.0,0.0
2023-12-13 11:00:00+09:00,11100.0,11220.0,11080.0,11110.0,20181,0.0,0.0
2023-12-13 12:00:00+09:00,11120.0,11220.0,11110.0,11220.0,20186,0.0,0.0
2023-12-13 13:00:00+09:00,11220.0,11220.0,11100.0,11110.0,35603,0.0,0.0
2023-12-13 14:00:00+09:00,11120.0,11160.0,10900.0,10970.0,82507,0.0,0.0
2023-12-14 09:00:00+09:00,11110.0,11300.0,10910.0,11270.0,206762,0.0,0.0
2023-12-14 10:00:00+09:00,11280.0,11280.0,10990.0,11040.0,68911,0.0,0.0
2023-12-14 11:00:00+09:00,11030.0,11170.0,10980.0,11170.0,26122,0.0,0.0
2023-12-14 12:00:00+09:00,11160.0,11330.0,11080.0,11180.0,46516,0.0,0.0
2023-12-14 13:00:00+09:00,11180.0,11230.0,11170.0,11180.0,24356,0.0,0.0
2023-12-14 14:00:00+09:00,11180.0,11190.0,11080.0,11140.0,24718,0.0,0.0
2023-12-15 09:00:00+09:00,11120.0,11310.0,11060.0,11260.0,87013,0.0,0.0
2023-12-15 10:00:00+09:00,11260.0,11270.0,11080.0,11200.0,42323,0.0,0.0
2023-12-15 11:00:00+09:00,11200.0,11280.0,11170.0,11250.0,19972,0.0,0.0
2023-12-15 12:00:00+09:00,11260.0,11320.0,11200.0,11280.0,28986,0.0,0.0
2023-12-15 13:00:00+09:00,11290.0,11630.0,11230.0,11300.0,531572,0.0,0.0
2023-12-15 14:00:00+09:00,11270.0,11500.0,11270.0,11430.0,67810,0.0,0.0
2023-12-18 09:00:00+09:00,11510.0,11790.0,11360.0,11710.0,0,0.0,0.0
2023-12-18 10:00:00+09:00,11720.0,11720.0,11570.0,11630.0,73416,0.0,0.0
2023-12-18 11:00:00+09:00,11630.0,11730.0,11570.0,11680.0,59765,0.0,0.0
2023-12-18 12:00:00+09:00,11680.0,11690.0,11580.0,11610.0,31094,0.0,0.0
2023-12-18 13:00:00+09:00,11610.0,11610.0,11480.0,11500.0,54275,0.0,0.0
2023-12-18 14:00:00+09:00,11500.0,11700.0,11490.0,11610.0,49640,0.0,0.0
2023-12-19 09:00:00+09:00,11830.0,11840.0,11530.0,11670.0,188878,0.0,0.0
2023-12-19 10:00:00+09:00,11670.0,11740.0,11620.0,11740.0,55466,0.0,0.0
2023-12-19 11:00:00+09:00,11740.0,11860.0,11700.0,11720.0,51586,0.0,0.0
2023-12-19 12:00:00+09:00,11720.0,11770.0,11620.0,11670.0,38977,0.0,0.0
2023-12-19 13:00:00+09:00,11680.0,11730.0,11660.0,11660.0,15464,0.0,0.0
2023-12-19 14:00:00+09:00,11690.0,11710.0,11610.0,11670.0,30460,0.0,0.0
2023-12-20 09:00:00+09:00,11860.0,11860.0,11650.0,11710.0,96995,0.0,0.0
2023-12-20 10:00:00+09:00,11710.0,11930.0,11700.0,11820.0,184972,0.0,0.0
2023-12-20 11:00:00+09:00,11830.0,11830.0,11740.0,11800.0,34235,0.0,0.0
2023-12-20 12:00:00+09:00,11800.0,11800.0,11700.0,11700.0,41579,0.0,0.0
2023-12-20 13:00:00+09:00,11700.0,11720.0,11660.0,11690.0,33438,0.0,0.0
2023-12-20 14:00:00+09:00,11690.0,11730.0,11680.0,11700.0,25459,0.0,0.0
2023-12-21 09:00:00+09:00,12100.0,13220.0,11980.0,12730.0,1551352,0.0,0.0
2023-12-21 10:00:00+09:00,12720.0,12810.0,12210.0,12270.0,368082,0.0,0.0
2023-12-21 11:00:00+09:00,12270.0,12470.0,12230.0,12440.0,82939,0.0,0.0
2023-12-21 12:00:00+09:00,12440.0,12460.0,12230.0,12410.0,71180,0.0,0.0
2023-12-21 13:00:00+09:00,12400.0,12400.0,12280.0,12310.0,43789,0.0,0.0
2023-12-21 14:00:00+09:00,12310.0,12320.0,12120.0,12130.0,117118,0.0,0.0
2023-12-22 09:00:00+09:00,12230.0,12250.0,11700.0,11900.0,244264,0.0,0.0
2023-12-22 10:00:00+09:00,11900.0,12070.0,11820.0,11960.0,66674,0.0,0.0
2023-12-22 11:00:00+09:00,11960.0,11970.0,11800.0,11840.0,41931,0.0,0.0
2023-12-22 12:00:00+09:00,11840.0,11990.0,11830.0,11980.0,28216,0.0,0.0
2023-12-22 13:00:00+09:00,11970.0,11970.0,11840.0,11850.0,29733,0.0,0.0
2023-12-22 14:00:00+09:00,11850.0,11850.0,11720.0,11720.0,57211,0.0,0.0
2023-12-26 09:00:00+09:00,12010.0,12200.0,11830.0,11930.0,0,0.0,0.0
2023-12-26 10:00:00+09:00,11920.0,12460.0,11840.0,12390.0,532998,0.0,0.0
2023-12-26 11:00:00+09:00,12400.0,12430.0,12200.0,12240.0,130155,0.0,0.0
2023-12-26 12:00:00+09:00,12240.0,12400.0,12200.0,12270.0,88741,0.0,0.0
2023-12-26 13:00:00+09:00,12270.0,12430.0,12230.0,12300.0,123519,0.0,0.0
2023-12-26 14:00:00+09:00,12300.0,12350.0,12200.0,12320.0,93268,0.0,0.0
2023-12-27 09:00:00+09:00,11970.0,12360.0,11770.0,11780.0,400084,0.0,0.0
2023-12-27 10:00:00+09:00,11780.0,11950.0,11750.0,11890.0,56557,0.0,0.0
2023-12-27 11:00:00+09:00,11880.0,11930.0,11800.0,11900.0,25651,0.0,0.0
2023-12-27 12:00:00+09:00,11900.0,11940.0,11880.0,11920.0,15646,0.0,0.0
2023-12-27 13:00:00+09:00,11930.0,11940.0,11840.0,11860.0,26948,0.0,0.0
2023-12-27 14:00:00+09:00,11860.0,11940.0,11850.0,11890.0,23301,0.0,0.0
2023-12-28 09:00:00+09:00,11820.0,12270.0,11820.0,12110.0,217145,0.0,0.0
2023-12-28 10:00:00+09:00,12090.0,12120.0,11860.0,11940.0,67172,0.0,0.0
2023-12-28 11:00:00+09:00,11940.0,12060.0,11900.0,12040.0,35848,0.0,0.0
2023-12-28 12:00:00+09:00,12030.0,12040.0,11970.0,12020.0,12726,0.0,0.0
2023-12-28 13:00:00+09:00,12010.0,12040.0,11950.0,11960.0,30893,0.0,0.0
2023-12-28 14:00:00+09:00,11960.0,12020.0,11880.0,11920.0,36440,0.0,0.0
2024-01-02 10:00:00+09:00,12170.0,12370.0,12040.0,12330.0,257552,0.0,0.0
2024-01-02 11:00:00+09:00,12330.0,12430.0,12200.0,12240.0,142130,0.0,0.0
2024-01-02 12:00:00+09:00,12240.0,12320.0,12160.0,12320.0,43487,0.0,0.0
2024-01-02 13:00:00+09:00,12320.0,12430.0,12270.0,12360.0,92556,0.0,0.0
2024-01-02 14:00:00+09:00,12360.0,12560.0,12290.0,12530.0,267913,0.0,0.0
2024-01-03 09:00:00+09:00,12390.0,12460.0,12230.0,12270.0,193848,0.0,0.0
2024-01-03 10:00:00+09:00,12270.0,12420.0,12250.0,12340.0,48779,0.0,0.0
2024-01-03 11:00:00+09:00,12330.0,12950.0,12320.0,12830.0,573731,0.0,0.0
2024-01-03 12:00:00+09:00,12820.0,14700.0,12740.0,14430.0,3969823,0.0,0.0
2024-01-03 13:00:00+09:00,14410.0,14590.0,13270.0,13430.0,2238847,0.0,0.0
2024-01-03 14:00:00+09:00,13430.0,13700.0,13200.0,13260.0,702167,0.0,0.0
2024-01-04 09:00:00+09:00,13540.0,13650.0,12520.0,12770.0,664873,0.0,0.0
2024-01-04 10:00:00+09:00,12780.0,13050.0,12620.0,13010.0,226404,0.0,0.0
2024-01-04 11:00:00+09:00,13000.0,13280.0,12700.0,13170.0,285638,0.0,0.0
2024-01-04 12:00:00+09:00,13170.0,13300.0,13070.0,13090.0,107153,0.0,0.0
2024-01-04 13:00:00+09:00,13090.0,13120.0,12880.0,13010.0,75251,0.0,0.0
2024-01-04 14:00:00+09:00,13010.0,13010.0,12800.0,12810.0,79385,0.0,0.0
2024-01-05 09:00:00+09:00,12810.0,12850.0,12420.0,12610.0,201593,0.0,0.0
2024-01-05 10:00:00+09:00,12610.0,12780.0,12530.0,12630.0,55233,0.0,0.0
2024-01-05 11:00:00+09:00,12630.0,12820.0,12600.0,12750.0,78115,0.0,0.0
2024-01-05 12:00:00+09:00,12750.0,12760.0,12650.0,12660.0,36081,0.0,0.0
2024-01-05 13:00:00+09:00,12660.0,12700.0,12520.0,12590.0,54662,0.0,0.0
2024-01-05 14:00:00+09:00,12570.0,12640.0,12500.0,12520.0,46026,0.0,0.0
2024-01-08 09:00:00+09:00,12500.0,13250.0,12500.0,13100.0,0,0.0,0.0
2024-01-08 10:00:00+09:00,13100.0,13190.0,13000.0,13050.0,186741,0.0,0.0
2024-01-08 11:00:00+09:00,13060.0,13180.0,13010.0,13170.0,60368,0.0,0.0
2024-01-08 12:00:00+09:00,13150.0,13210.0,13080.0,13090.0,46232,0.0,0.0
2024-01-08 13:00:00+09:00,13080.0,13110.0,13020.0,13050.0,48539,0.0,0.0
2024-01-08 14:00:00+09:00,13050.0,13090.0,13000.0,13080.0,38362,0.0,0.0
2024-01-09 09:00:00+09:00,13000.0,13190.0,12890.0,13130.0,191439,0.0,0.0
2024-01-09 10:00:00+09:00,13130.0,13260.0,13070.0,13170.0,163835,0.0,0.0
2024-01-09 11:00:00+09:00,13170.0,13170.0,13040.0,13080.0,52623,0.0,0.0
2024-01-09 12:00:00+09:00,13080.0,13170.0,13040.0,13100.0,51921,0.0,0.0
2024-01-09 13:00:00+09:00,13100.0,13110.0,12850.0,13010.0,86427,0.0,0.0
2024-01-09 14:00:00+09:00,13010.0,13040.0,12950.0,13030.0,41265,0.0,0.0
2024-01-10 09:00:00+09:00,12980.0,13090.0,12800.0,13030.0,87080,0.0,0.0
2024-01-10 10:00:00+09:00,13030.0,13300.0,12910.0,13140.0,180797,0.0,0.0
2024-01-10 11:00:00+09:00,13140.0,13240.0,13010.0,13190.0,77776,0.0,0.0
2024-01-10 12:00:00+09:00,13180.0,13430.0,13110.0,13220.0,297617,0.0,0.0
2024-01-10 13:00:00+09:00,13230.0,13310.0,13000.0,13050.0,91795,0.0,0.0
2024-01-10 14:00:00+09:00,13050.0,13100.0,12990.0,13000.0,46485,0.0,0.0
2024-01-11 09:00:00+09:00,12790.0,12790.0,12350.0,12500.0,272613,0.0,0.0
2024-01-11 10:00:00+09:00,12510.0,12670.0,12500.0,12610.0,51992,0.0,0.0
2024-01-11 11:00:00+09:00,12610.0,12620.0,12520.0,12530.0,20639,0.0,0.0
2024-01-11 12:00:00+09:00,12530.0,12620.0,12510.0,12570.0,22048,0.0,0.0
2024-01-11 13:00:00+09:00,12530.0,12580.0,12450.0,12470.0,36374,0.0,0.0
2024-01-11 14:00:00+09:00,12470.0,12570.0,12460.0,12550.0,18789,0.0,0.0
2024-01-12 09:00:00+09:00,12510.0,12510.0,11830.0,11920.0,243230,0.0,0.0
2024-01-12 10:00:00+09:00,11920.0,12030.0,11880.0,12030.0,60159,0.0,0.0
2024-01-12 11:00:00+09:00,12030.0,12030.0,11900.0,11910.0,28145,0.0,0.0
2024-01-12 12:00:00+09:00,11910.0,11950.0,11710.0,11750.0,71111,0.0,0.0
2024-01-12 13:00:00+09:00,11750.0,11750.0,11500.0,11590.0,111265,0.0,0.0
2024-01-12 14:00:00+09:00,11600.0,11730.0,11570.0,11730.0,37818,0.0,0.0
2024-01-15 09:00:00+09:00,11750.0,12120.0,11750.0,12080.0,0,0.0,0.0
2024-01-15 10:00:00+09:00,12080.0,12090.0,11780.0,11840.0,47528,0.0,0.0
2024-01-15 11:00:00+09:00,11840.0,12080.0,11780.0,12010.0,31054,0.0,0.0
2024-01-15 12:00:00+09:00,12010.0,12010.0,11900.0,11910.0,13278,0.0,0.0
2024-01-15 13:00:00+09:00,11910.0,11910.0,11850.0,11850.0,11149,0.0,0.0
2024-01-15 14:00:00+09:00,11850.0,11900.0,11800.0,11890.0,21308,0.0,0.0
2024-01-16 09:00:00+09:00,11750.0,11900.0,11520.0,11530.0,69037,0.0,0.0
2024-01-16 10:00:00+09:00,11530.0,11550.0,11250.0,11490.0,83591,0.0,0.0
2024-01-16 11:00:00+09:00,11490.0,11600.0,11480.0,11480.0,24318,0.0,0.0
2024-01-16 12:00:00+09:00,11480.0,11620.0,11480.0,11500.0,17209,0.0,0.0
2024-01-16 13:00:00+09:00,11500.0,11510.0,11440.0,11460.0,13367,0.0,0.0
2024-01-16 14:00:00+09:00,11460.0,11530.0,11410.0,11410.0,28076,0.0,0.0
2024-01-17 09:00:00+09:00,11450.0,11490.0,10920.0,11090.0,89992,0.0,0.0
2024-01-17 10:00:00+09:00,11090.0,11170.0,10930.0,11050.0,30668,0.0,0.0
2024-01-17 11:00:00+09:00,11050.0,11080.0,10970.0,11000.0,28302,0.0,0.0
2024-01-17 12:00:00+09:00,11000.0,11080.0,10970.0,11000.0,20005,0.0,0.0
2024-01-17 13:00:00+09:00,11000.0,11070.0,10960.0,11040.0,13947,0.0,0.0
2024-01-17 14:00:00+09:00,11040.0,11040.0,10910.0,10970.0,27857,0.0,0.0
2024-01-18 09:00:00+09:00,12090.0,12780.0,11680.0,11770.0,2025622,0.0,0.0
2024-01-18 10:00:00+09:00,11770.0,12010.0,11730.0,11880.0,139537,0.0,0.0
2024-01-18 11:00:00+09:00,11880.0,12040.0,11670.0,11670.0,147637,0.0,0.0
2024-01-18 12:00:00+09:00,11670.0,11750.0,11450.0,11660.0,114441,0.0,0.0
2024-01-18 13:00:00+09:00,11610.0,11670.0,11100.0,11140.0,147088,0.0,0.0
2024-01-18 14:00:00+09:00,11140.0,11440.0,11140.0,11410.0,64846,0.0,0.0
2024-01-19 09:00:00+09:00,11110.0,11550.0,11000.0,11360.0,164974,0.0,0.0
2024-01-19 10:00:00+09:00,11360.0,11670.0,11310.0,11420.0,139997,0.0,0.0
2024-01-19 11:00:00+09:00,11420.0,11540.0,11370.0,11370.0,37430,0.0,0.0
2024-01-19 12:00:00+09:00,11370.0,11580.0,11330.0,11360.0,30955,0.0,0.0
2024-01-19 13:00:00+09:00,11360.0,11450.0,11310.0,11330.0,20885,0.0,0.0
2024-01-19 14:00:00+09:00,11330.0,11340.0,11210.0,11230.0,46066,0.0,0.0
2024-01-22 09:00:00+09:00,11460.0,11660.0,11360.0,11620.0,0,0.0,0.0
2024-01-22 10:00:00+09:00,11620.0,11830.0,11500.0,11590.0,173117,0.0,0.0
2024-01-22 11:00:00+09:00,11590.0,11720.0,11510.0,11690.0,34381,0.0,0.0
2024-01-22 12:00:00+09:00,11700.0,11720.0,11600.0,11610.0,26658,0.0,0.0
2024-01-22 13:00:00+09:00,11610.0,11620.0,11510.0,11530.0,21374,0.0,0.0
2024-01-22 14:00:00+09:00,11520.0,11560.0,11500.0,11520.0,21652,0.0,0.0
2024-01-23 09:00:00+09:00,11530.0,11790.0,11230.0,11660.0,170703,0.0,0.0
2024-01-23 10:00:00+09:00,11660.0,11670.0,11590.0,11620.0,36341,0.0,0.0
2024-01-23 11:00:00+09:00,11630.0,11650.0,11540.0,11540.0,21707,0.0,0.0
2024-01-23 12:00:00+09:00,11540.0,11550.0,11440.0,11500.0,24117,0.0,0.0
2024-01-23 13:00:00+09:00,11490.0,11500.0,11410.0,11500.0,23494,0.0,0.0
2024-01-23 14:00:00+09:00,11470.0,11690.0,11470.0,11690.0,43781,0.0,0.0
2024-01-24 09:00:00+09:00,11790.0,11790.0,11520.0,11540.0,47905,0.0,0.0
2024-01-24 10:00:00+09:00,11540.0,11760.0,11450.0,11600.0,69089,0.0,0.0
2024-01-24 11:00:00+09:00,11600.0,11710.0,11540.0,11610.0,22576,0.0,0.0
2024-01-24 12:00:00+09:00,11620.0,11640.0,11570.0,11580.0,11765,0.0,0.0
2024-01-24 13:00:00+09:00,11580.0,11630.0,11550.0,11550.0,0,0.0,0.0
2024-01-24 14:00:00+09:00,11550.0,11580.0,11480.0,11480.0,177890,0.0,0.0
2024-01-25 09:00:00+09:00,11630.0,11750.0,11480.0,11480.0,152052,0.0,0.0
2024-01-25 10:00:00+09:00,11490.0,11600.0,11340.0,11340.0,40984,0.0,0.0
2024-01-25 11:00:00+09:00,11340.0,11470.0,11310.0,11390.0,22433,0.0,0.0
2024-01-25 12:00:00+09:00,11420.0,11420.0,11320.0,11340.0,12722,0.0,0.0
2024-01-25 13:00:00+09:00,11350.0,11460.0,11350.0,11410.0,8439,0.0,0.0
2024-01-25 14:00:00+09:00,11400.0,11700.0,11380.0,11500.0,43439,0.0,0.0
2024-01-26 09:00:00+09:00,11350.0,11500.0,11310.0,11350.0,31285,0.0,0.0
2024-01-26 10:00:00+09:00,11350.0,11410.0,11320.0,11380.0,22556,0.0,0.0
2024-01-26 11:00:00+09:00,11380.0,11460.0,11340.0,11350.0,15051,0.0,0.0
2024-01-26 12:00:00+09:00,11350.0,11390.0,11320.0,11320.0,13093,0.0,0.0
2024-01-26 13:00:00+09:00,11320.0,11350.0,11300.0,11310.0,16602,0.0,0.0
2024-01-26 14:00:00+09:00,11310.0,11310.0,11170.0,11230.0,32951,0.0,0.0
2024-01-29 09:00:00+09:00,11130.0,11240.0,11120.0,11130.0,0,0.0,0.0
2024-01-29 10:00:00+09:00,11130.0,11130.0,10610.0,10670.0,90648,0.0,0.0
2024-01-29 11:00:00+09:00,10670.0,10730.0,10600.0,10710.0,35483,0.0,0.0
2024-01-29 12:00:00+09:00,10710.0,10760.0,10660.0,10670.0,6755,0.0,0.0
2024-01-29 13:00:00+09:00,10670.0,10690.0,10560.0,10560.0,31094,0.0,0.0
2024-01-29 14:00:00+09:00,10570.0,10650.0,10550.0,10580.0,19280,0.0,0.0
2024-01-30 09:00:00+09:00,10650.0,10660.0,10410.0,10420.0,32414,0.0,0.0
2024-01-30 10:00:00+09:00,10420.0,10500.0,10210.0,10470.0,35343,0.0,0.0
2024-01-30 11:00:00+09:00,10440.0,10480.0,10300.0,10320.0,13236,0.0,0.0
2024-01-30 12:00:00+09:00,10320.0,10340.0,10250.0,10310.0,12908,0.0,0.0
2024-01-30 13:00:00+09:00,10290.0,10310.0,10250.0,10300.0,13776,0.0,0.0
2024-01-30 14:00:00+09:00,10290.0,10360.0,10270.0,10310.0,13554,0.0,0.0
2024-01-31 09:00:00+09:00,10160.0,10470.0,10160.0,10380.0,27348,0.0,0.0
2024-01-31 10:00:00+09:00,10360.0,10410.0,10160.0,10180.0,23621,0.0,0.0
2024-01-31 11:00:00+09:00,10200.0,10200.0,10130.0,10150.0,18885,0.0,0.0
2024-01-31 12:00:00+09:00,10150.0,10150.0,10080.0,10110.0,18996,0.0,0.0
2024-01-31 13:00:00+09:00,10110.0,10220.0,10050.0,10190.0,14925,0.0,0.0
2024-01-31 14:00:00+09:00,10190.0,10200.0,10100.0,10120.0,8239,0.0,0.0
2024-02-01 09:00:00+09:00,10070.0,10190.0,9940.0,9960.0,33285,0.0,0.0
2024-02-01 10:00:00+09:00,9960.0,9960.0,9740.0,9930.0,39777,0.0,0.0
2024-02-01 11:00:00+09:00,9930.0,9950.0,9860.0,9910.0,15496,0.0,0.0
2024-02-01 12:00:00+09:00,9920.0,10080.0,9920.0,9990.0,13584,0.0,0.0
2024-02-01 13:00:00+09:00,9990.0,9990.0,9860.0,9890.0,8434,0.0,0.0
2024-02-01 14:00:00+09:00,9890.0,9930.0,9850.0,9920.0,10621,0.0,0.0
2024-02-02 09:00:00+09:00,10000.0,10320.0,9990.0,10230.0,44278,0.0,0.0
2024-02-02 10:00:00+09:00,10230.0,10280.0,10180.0,10250.0,24183,0.0,0.0
2024-02-02 11:00:00+09:00,10220.0,10260.0,10160.0,10240.0,9439,0.0,0.0
2024-02-02 12:00:00+09:00,10230.0,10310.0,10220.0,10260.0,9974,0.0,0.0
2024-02-02 13:00:00+09:00,10260.0,10290.0,10210.0,10240.0,12094,0.0,0.0
2024-02-02 14:00:00+09:00,10240.0,10260.0,10220.0,10250.0,8316,0.0,0.0
2024-02-05 09:00:00+09:00,10270.0,10590.0,10030.0,10400.0,0,0.0,0.0
2024-02-05 10:00:00+09:00,10420.0,10690.0,10420.0,10550.0,43543,0.0,0.0
2024-02-05 11:00:00+09:00,10550.0,10600.0,10480.0,10480.0,14752,0.0,0.0
2024-02-05 12:00:00+09:00,10480.0,10540.0,10430.0,10490.0,6819,0.0,0.0
2024-02-05 13:00:00+09:00,10480.0,10580.0,10480.0,10580.0,13344,0.0,0.0
2024-02-05 14:00:00+09:00,10580.0,10680.0,10550.0,10620.0,50484,0.0,0.0
2024-02-06 09:00:00+09:00,11000.0,11070.0,10570.0,10660.0,139731,0.0,0.0
2024-02-06 10:00:00+09:00,10670.0,10790.0,10670.0,10750.0,17911,0.0,0.0
2024-02-06 11:00:00+09:00,10760.0,10770.0,10630.0,10630.0,16800,0.0,0.0
2024-02-06 12:00:00+09:00,10690.0,10690.0,10490.0,10530.0,20326,0.0,0.0
2024-02-06 13:00:00+09:00,10500.0,10580.0,10340.0,10380.0,25266,0.0,0.0
2024-02-06 14:00:00+09:00,10380.0,10480.0,10310.0,10410.0,27323,0.0,0.0
2024-02-07 09:00:00+09:00,10340.0,10470.0,10210.0,10360.0,22647,0.0,0.0
2024-02-07 10:00:00+09:00,10360.0,10360.0,10210.0,10260.0,16258,0.0,0.0
2024-02-07 11:00:00+09:00,10260.0,10590.0,10260.0,10390.0,29002,0.0,0.0
2024-02-07 12:00:00+09:00,10370.0,10470.0,10330.0,10430.0,5888,0.0,0.0
2024-02-07 13:00:00+09:00,10430.0,10480.0,10370.0,10380.0,15932,0.0,0.0
2024-02-07 14:00:00+09:00,10380.0,10890.0,10380.0,10870.0,92032,0.0,0.0
2024-02-08 09:00:00+09:00,10980.0,11200.0,10610.0,10820.0,77815,0.0,0.0
2024-02-08 10:00:00+09:00,10820.0,10890.0,10720.0,10780.0,22204,0.0,0.0
2024-02-08 11:00:00+09:00,10770.0,10900.0,10740.0,10780.0,10335,0.0,0.0
2024-02-08 12:00:00+09:00,10780.0,10820.0,10710.0,10730.0,8830,0.0,0.0
2024-02-08 13:00:00+09:00,10730.0,10770.0,10660.0,10660.0,18424,0.0,0.0
2024-02-08 14:00:00+09:00,10660.0,10810.0,10650.0,10780.0,16006,0.0,0.0
2024-02-13 09:00:00+09:00,10810.0,10930.0,10700.0,10790.0,0,0.0,0.0
2024-02-13 10:00:00+09:00,10790.0,10840.0,10540.0,10790.0,28264,0.0,0.0
2024-02-13 11:00:00+09:00,10790.0,11080.0,10770.0,10900.0,50125,0.0,0.0
2024-02-13 12:00:00+09:00,10900.0,10980.0,10870.0,10880.0,12388,0.0,0.0
2024-02-13 13:00:00+09:00,10870.0,10880.0,10780.0,10850.0,10764,0.0,0.0
2024-02-13 14:00:00+09:00,10870.0,10880.0,10790.0,10810.0,10491,0.0,0.0
2024-02-14 09:00:00+09:00,10700.0,11070.0,10640.0,10890.0,54791,0.0,0.0
2024-02-14 10:00:00+09:00,10890.0,10890.0,10810.0,10820.0,6753,0.0,0.0
2024-02-14 11:00:00+09:00,10810.0,11100.0,10730.0,10950.0,69823,0.0,0.0
2024-02-14 12:00:00+09:00,10940.0,10950.0,10880.0,10930.0,12959,0.0,0.0
2024-02-14 13:00:00+09:00,10930.0,11200.0,10900.0,11020.0,128947,0.0,0.0
2024-02-14 14:00:00+09:00,11020.0,11070.0,10950.0,10950.0,35403,0.0,0.0
2024-02-15 09:00:00+09:00,11050.0,11050.0,10850.0,10930.0,48468,0.0,0.0
2024-02-15 10:00:00+09:00,10940.0,10950.0,10850.0,10910.0,22554,0.0,0.0
2024-02-15 11:00:00+09:00,10910.0,10960.0,10850.0,10940.0,22736,0.0,0.0
2024-02-15 12:00:00+09:00,10950.0,11030.0,10900.0,11000.0,12979,0.0,0.0
2024-02-15 13:00:00+09:00,11000.0,11000.0,10860.0,10890.0,14971,0.0,0.0
2024-02-15 14:00:00+09:00,10880.0,10900.0,10860.0,10870.0,7583,0.0,0.0
2024-02-16 09:00:00+09:00,10920.0,10920.0,10730.0,10800.0,42413,0.0,0.0
2024-02-16 10:00:00+09:00,10800.0,10850.0,10770.0,10820.0,16735,0.0,0.0
2024-02-16 11:00:00+09:00,10820.0,10850.0,10710.0,10710.0,39452,0.0,0.0
2024-02-16 12:00:00+09:00,10720.0,10750.0,10710.0,10730.0,12041,0.0,0.0
2024-02-16 13:00:00+09:00,10730.0,10850.0,10710.0,10770.0,14810,0.0,0.0
2024-02-16 14:00:00+09:00,10770.0,10800.0,10730.0,10800.0,10099,0.0,0.0
2024-02-19 09:00:00+09:00,10790.0,10820.0,10650.0,10750.0,0,0.0,0.0
2024-02-19 10:00:00+09:00,10750.0,10780.0,10600.0,10610.0,50573,0.0,0.0
2024-02-19 11:00:00+09:00,10610.0,10610.0,10540.0,10540.0,18994,0.0,0.0
2024-02-19 12:00:00+09:00,10550.0,10630.0,10520.0,10590.0,14698,0.0,0.0
2024-02-19 13:00:00+09:00,10590.0,10590.0,10550.0,10570.0,0,0.0,0.0
2024-02-19 14:00:00+09:00,10570.0,10590.0,10530.0,10560.0,102874,0.0,0.0
2024-02-20 09:00:00+09:00,10520.0,10560.0,10330.0,10410.0,42151,0.0,0.0
2024-02-20 10:00:00+09:00,10420.0,10520.0,10400.0,10520.0,11471,0.0,0.0
2024-02-20 11:00:00+09:00,10530.0,10750.0,10440.0,10620.0,36746,0.0,0.0
2024-02-20 12:00:00+09:00,10630.0,10810.0,10610.0,10690.0,29620,0.0,0.0
2024-02-20 13:00:00+09:00,10690.0,10700.0,10590.0,10600.0,12960,0.0,0.0
2024-02-20 14:00:00+09:00,10630.0,10850.0,10570.0,10800.0,53778,0.0,0.0
2024-02-21 09:00:00+09:00,10750.0,11100.0,10710.0,10880.0,115371,0.0,0.0
2024-02-21 10:00:00+09:00,10880.0,10910.0,10670.0,10690.0,33219,0.0,0.0
2024-02-21 11:00:00+09:00,10710.0,10730.0,10670.0,10730.0,7198,0.0,0.0
2024-02-21 12:00:00+09:00,10730.0,10740.0,10680.0,10720.0,6474,0.0,0.0
2024-02-21 13:00:00+09:00,10720.0,10720.0,10660.0,10690.0,9239,0.0,0.0
2024-02-21 14:00:00+09:00,10670.0,10680.0,10600.0,10610.0,17370,0.0,0.0
2024-02-22 09:00:00+09:00,10600.0,10630.0,10470.0,10550.0,21985,0.0,0.0
2024-02-22 10:00:00+09:00,10560.0,10760.0,10520.0,10700.0,22139,0.0,0.0
2024-02-22 11:00:00+09:00,10700.0,10710.0,10570.0,10580.0,10383,0.0,0.0
2024-02-22 12:00:00+09:00,10580.0,10630.0,10570.0,10600.0,3537,0.0,0.0
2024-02-22 13:00:00+09:00,10600.0,10600.0,10540.0,10560.0,5047,0.0,0.0
2024-02-22 14:00:00+09:00,10560.0,10570.0,10480.0,10560.0,12458,0.0,0.0
2024-02-23 09:00:00+09:00,10600.0,10600.0,10410.0,10420.0,19620,0.0,0.0
2024-02-23 10:00:00+09:00,10420.0,10550.0,10420.0,10500.0,4635,0.0,0.0
2024-02-23 11:00:00+09:00,10550.0,10550.0,10490.0,10500.0,4251,0.0,0.0
2024-02-23 12:00:00+09:00,10500.0,10500.0,10410.0,10430.0,9785,0.0,0.0
2024-02-23 13:00:00+09:00,10430.0,10480.0,10420.0,10430.0,6003,0.0,0.0
2024-02-23 14:00:00+09:00,10470.0,10470.0,10420.0,10460.0,2244,0.0,0.0
2024-02-26 09:00:00+09:00,10550.0,10550.0,10390.0,10480.0,0,0.0,0.0
2024-02-26 10:00:00+09:00,10540.0,10620.0,10450.0,10510.0,13757,0.0,0.0
2024-02-26 11:00:00+09:00,10500.0,10660.0,10490.0,10600.0,13119,0.0,0.0
2024-02-26 12:00:00+09:00,10600.0,10680.0,10520.0,10630.0,10669,0.0,0.0
2024-02-26 13:00:00+09:00,10630.0,10630.0,10540.0,10540.0,6156,0.0,0.0
2024-02-26 14:00:00+09:00,10540.0,10570.0,10470.0,10480.0,6896,0.0,0.0
2024-02-27 09:00:00+09:00,10410.0,10410.0,10150.0,10280.0,37401,0.0,0.0
2024-02-27 10:00:00+09:00,10280.0,10280.0,10170.0,10210.0,13854,0.0,0.0
2024-02-27 11:00:00+09:00,10230.0,10230.0,10190.0,10220.0,7976,0.0,0.0
2024-02-27 12:00:00+09:00,10220.0,10230.0,10180.0,10210.0,8009,0.0,0.0
2024-02-27 13:00:00+09:00,10210.0,10210.0,10140.0,10140.0,9071,0.0,0.0
2024-02-27 14:00:00+09:00,10180.0,10180.0,9980.0,10050.0,26961,0.0,0.0
2024-02-28 09:00:00+09:00,10220.0,10220.0,10020.0,10070.0,18750,0.0,0.0
2024-02-28 10:00:00+09:00,10150.0,10160.0,10080.0,10090.0,6443,0.0,0.0
2024-02-28 11:00:00+09:00,10090.0,10100.0,9980.0,10000.0,21379,0.0,0.0
2024-02-28 12:00:00+09:00,10000.0,10080.0,9900.0,9970.0,27617,0.0,0.0
2024-02-28 13:00:00+09:00,9970.0,10020.0,9960.0,9970.0,9948,0.0,0.0
2024-02-28 14:00:00+09:00,9980.0,9980.0,9940.0,9940.0,12529,0.0,0.0
2024-02-29 09:00:00+09:00,10100.0,10620.0,10080.0,10380.0,181850,0.0,0.0
2024-02-29 10:00:00+09:00,10370.0,10380.0,10250.0,10300.0,33879,0.0,0.0
2024-02-29 11:00:00+09:00,10300.0,10340.0,10230.0,10280.0,18839,0.0,0.0
2024-02-29 12:00:00+09:00,10270.0,10300.0,10180.0,10190.0,13596,0.0,0.0
2024-02-29 13:00:00+09:00,10190.0,10210.0,10110.0,10150.0,14847,0.0,0.0
2024-02-29 14:00:00+09:00,10150.0,10190.0,10090.0,10170.0,22091,0.0,0.0
2024-03-04 09:00:00+09:00,10100.0,10300.0,10050.0,10180.0,0,0.0,0.0
2024-03-04 10:00:00+09:00,10160.0,10280.0,10140.0,10210.0,13980,0.0,0.0
2024-03-04 11:00:00+09:00,10250.0,10250.0,10180.0,10200.0,4921,0.0,0.0
2024-03-04 12:00:00+09:00,10180.0,10210.0,10140.0,10170.0,6873,0.0,0.0
2024-03-04 13:00:00+09:00,10150.0,10200.0,10130.0,10180.0,5286,0.0,0.0
2024-03-04 14:00:00+09:00,10180.0,10180.0,10120.0,10150.0,7421,0.0,0.0
2024-03-05 09:00:00+09:00,10130.0,10130.0,9870.0,9960.0,44020,0.0,0.0
2024-03-05 10:00:00+09:00,10000.0,10120.0,9970.0,10000.0,9036,0.0,0.0
2024-03-05 11:00:00+09:00,10000.0,10000.0,9950.0,9980.0,4476,0.0,0.0
2024-03-05 12:00:00+09:00,9970.0,9990.0,9930.0,9970.0,7323,0.0,0.0
2024-03-05 13:00:00+09:00,9970.0,9970.0,9910.0,9920.0,10467,0.0,0.0
2024-03-05 14:00:00+09:00,9920.0,9920.0,9850.0,9870.0,19092,0.0,0.0
2024-03-06 09:00:00+09:00,9900.0,10020.0,9810.0,9930.0,21000,0.0,0.0
2024-03-06 10:00:00+09:00,9900.0,9920.0,9810.0,9850.0,8680,0.0,0.0
2024-03-06 11:00:00+09:00,9850.0,9860.0,9820.0,9840.0,4301,0.0,0.0
2024-03-06 12:00:00+09:00,9860.0,9890.0,9820.0,9860.0,2956,0.0,0.0
2024-03-06 13:00:00+09:00,9850.0,9850.0,9800.0,9800.0,9052,0.0,0.0
2024-03-06 14:00:00+09:00,9800.0,9830.0,9730.0,9770.0,9507,0.0,0.0
2024-03-07 09:00:00+09:00,9650.0,9770.0,9190.0,9280.0,65220,0.0,0.0
2024-03-07 10:00:00+09:00,9280.0,9360.0,9200.0,9320.0,20688,0.0,0.0
2024-03-07 11:00:00+09:00,9330.0,9330.0,9230.0,9250.0,10003,0.0,0.0
2024-03-07 12:00:00+09:00,9250.0,9310.0,9210.0,9250.0,8841,0.0,0.0
2024-03-07 13:00:00+09:00,9260.0,9340.0,9250.0,9310.0,4107,0.0,0.0
2024-03-07 14:00:00+09:00,9310.0,9350.0,9290.0,9320.0,8033,0.0,0.0
2024-03-08 09:00:00+09:00,9260.0,9420.0,9150.0,9230.0,32640,0.0,0.0
2024-03-08 10:00:00+09:00,9280.0,9280.0,9220.0,9250.0,4747,0.0,0.0
2024-03-08 11:00:00+09:00,9230.0,9250.0,9210.0,9220.0,5201,0.0,0.0
2024-03-08 12:00:00+09:00,9210.0,9220.0,9160.0,9180.0,9184,0.0,0.0
2024-03-08 13:00:00+09:00,9180.0,9220.0,9170.0,9200.0,7290,0.0,0.0
2024-03-08 14:00:00+09:00,9220.0,9250.0,9190.0,9240.0,0,0.0,0.0
2024-03-11 09:00:00+09:00,9050.0,9360.0,9050.0,9310.0,0,0.0,0.0
2024-03-11 10:00:00+09:00,9310.0,9600.0,9260.0,9280.0,63479,0.0,0.0
2024-03-11 11:00:00+09:00,9270.0,9330.0,9260.0,9270.0,4566,0.0,0.0
2024-03-11 12:00:00+09:00,9280.0,9300.0,9210.0,9270.0,6687,0.0,0.0
2024-03-11 13:00:00+09:00,9270.0,9290.0,9230.0,9250.0,3849,0.0,0.0
2024-03-11 14:00:00+09:00,9250.0,9260.0,9210.0,9210.0,4750,0.0,0.0
2024-03-12 09:00:00+09:00,9210.0,9210.0,8960.0,9190.0,40778,0.0,0.0
2024-03-12 10:00:00+09:00,9190.0,9210.0,9100.0,9150.0,3864,0.0,0.0
2024-03-12 11:00:00+09:00,9150.0,9150.0,9080.0,9090.0,5708,0.0,0.0
2024-03-12 12:00:00+09:00,9090.0,9110.0,9020.0,9030.0,6110,0.0,0.0
2024-03-12 13:00:00+09:00,9090.0,9100.0,9040.0,9060.0,3895,0.0,0.0
2024-03-12 14:00:00+09:00,9060.0,9090.0,9030.0,9080.0,8163,0.0,0.0
2024-03-13 09:00:00+09:00,9170.0,9180.0,9010.0,9140.0,14472,0.0,0.0
2024-03-13 10:00:00+09:00,9140.0,9290.0,9140.0,9270.0,16313,0.0,0.0
2024-03-13 11:00:00+09:00,9250.0,9270.0,9200.0,9210.0,6067,0.0,0.0
2024-03-13 12:00:00+09:00,9210.0,9220.0,9140.0,9190.0,5427,0.0,0.0
2024-03-13 13:00:00+09:00,9180.0,9200.0,9130.0,9140.0,7901,0.0,0.0
2024-03-13 14:00:00+09:00,9140.0,9220.0,9130.0,9210.0,6894,0.0,0.0
2024-03-14 09:00:00+09:00,9180.0,9270.0,9040.0,9110.0,0,0.0,0.0
2024-03-14 10:00:00+09:00,9100.0,9120.0,9050.0,9080.0,32213,0.0,0.0
2024-03-14 11:00:00+09:00,9090.0,9160.0,9060.0,9100.0,9867,0.0,0.0
2024-03-14 12:00:00+09:00,9100.0,9100.0,9060.0,9080.0,5652,0.0,0.0
2024-03-14 13:00:00+09:00,9080.0,9100.0,9070.0,9090.0,4038,0.0,0.0
2024-03-14 14:00:00+09:00,9100.0,9120.0,9090.0,9110.0,5642,0.0,0.0
2024-03-15 09:00:00+09:00,9110.0,9180.0,9030.0,9170.0,17277,0.0,0.0
2024-03-15 10:00:00+09:00,9160.0,9170.0,9080.0,9120.0,7996,0.0,0.0
2024-03-15 11:00:00+09:00,9110.0,9110.0,9060.0,9060.0,4650,0.0,0.0
2024-03-15 12:00:00+09:00,9060.0,9080.0,9000.0,9040.0,9981,0.0,0.0
2024-03-15 13:00:00+09:00,9060.0,9070.0,9000.0,9010.0,3494,0.0,0.0
2024-03-15 14:00:00+09:00,9010.0,9040.0,8960.0,9000.0,11422,0.0,0.0
2024-03-18 09:00:00+09:00,9000.0,9130.0,9000.0,9070.0,0,0.0,0.0
2024-03-18 10:00:00+09:00,9070.0,9070.0,9010.0,9050.0,6353,0.0,0.0
2024-03-18 11:00:00+09:00,9050.0,9290.0,9040.0,9230.0,36404,0.0,0.0
2024-03-18 12:00:00+09:00,9230.0,9230.0,9120.0,9180.0,7626,0.0,0.0
2024-03-18 13:00:00+09:00,9180.0,9190.0,9160.0,9180.0,5500,0.0,0.0
2024-03-18 14:00:00+09:00,9180.0,9200.0,9170.0,9180.0,6189,0.0,0.0
2024-03-19 09:00:00+09:00,9220.0,9220.0,9070.0,9100.0,15134,0.0,0.0
2024-03-19 10:00:00+09:00,9120.0,9120.0,9080.0,9090.0,6931,0.0,0.0
2024-03-19 11:00:00+09:00,9090.0,9130.0,9020.0,9090.0,12092,0.0,0.0
2024-03-19 12:00:00+09:00,9090.0,9090.0,9000.0,9030.0,8768,0.0,0.0
2024-03-19 13:00:00+09:00,9030.0,9060.0,9000.0,9060.0,6497,0.0,0.0
2024-03-19 14:00:00+09:00,9060.0,9060.0,9020.0,9060.0,6222,0.0,0.0
2024-03-20 09:00:00+09:00,9290.0,10310.0,9290.0,10010.0,829823,0.0,0.0
2024-03-20 10:00:00+09:00,10100.0,10960.0,10070.0,10550.0,2610068,0.0,0.0
2024-03-20 11:00:00+09:00,10550.0,10770.0,10410.0,10550.0,504489,0.0,0.0
2024-03-20 12:00:00+09:00,10540.0,10610.0,10130.0,10210.0,348752,0.0,0.0
2024-03-20 13:00:00+09:00,10200.0,10330.0,10020.0,10220.0,235473,0.0,0.0
2024-03-20 14:00:00+09:00,10210.0,10290.0,9880.0,10030.0,284730,0.0,0.0
2024-03-21 09:00:00+09:00,9750.0,9910.0,9660.0,9820.0,238179,0.0,0.0
2024-03-21 10:00:00+09:00,9820.0,9880.0,9750.0,9800.0,51119,0.0,0.0
2024-03-21 11:00:00+09:00,9800.0,9960.0,9790.0,9930.0,53492,0.0,0.0
2024-03-21 12:00:00+09:00,9930.0,10090.0,9900.0,10050.0,87326,0.0,0.0
2024-03-21 13:00:00+09:00,10030.0,10240.0,9960.0,10210.0,98656,0.0,0.0
2024-03-21 14:00:00+09:00,10200.0,10200.0,9940.0,10000.0,65240,0.0,0.0
2024-03-22 09:00:00+09:00,9800.0,9940.0,9680.0,9820.0,70815,0.0,0.0
2024-03-22 10:00:00+09:00,9820.0,10020.0,9770.0,9980.0,71174,0.0,0.0
2024-03-22 11:00:00+09:00,10000.0,10240.0,9840.0,9860.0,156808,0.0,0.0
2024-03-22 12:00:00+09:00,9860.0,9870.0,9790.0,9820.0,33369,0.0,0.0
2024-03-22 13:00:00+09:00,9820.0,9930.0,9800.0,9890.0,18381,0.0,0.0
2024-03-22 14:00:00+09:00,9900.0,9930.0,9800.0,9840.0,34886,0.0,0.0
2024-03-25 09:00:00+09:00,9760.0,9840.0,9540.0,9710.0,0,0.0,0.0
2024-03-25 10:00:00+09:00,9700.0,9830.0,9670.0,9760.0,30419,0.0,0.0
2024-03-25 11:00:00+09:00,9750.0,9770.0,9620.0,9650.0,22845,0.0,0.0
2024-03-25 12:00:00+09:00,9640.0,9650.0,9530.0,9560.0,42770,0.0,0.0
2024-03-25 13:00:00+09:00,9560.0,9560.0,9440.0,9540.0,43602,0.0,0.0
2024-03-25 14:00:00+09:00,9530.0,9540.0,9410.0,9430.0,23319,0.0,0.0
2024-03-26 09:00:00+09:00,9490.0,9590.0,9400.0,9450.0,38291,0.0,0.0
2024-03-26 10:00:00+09:00,9450.0,9490.0,9240.0,9320.0,42306,0.0,0.0
2024-03-26 11:00:00+09:00,9320.0,9320.0,9240.0,9280.0,13077,0.0,0.0
2024-03-26 12:00:00+09:00,9280.0,9370.0,9260.0,9320.0,9262,0.0,0.0
2024-03-26 13:00:00+09:00,9280.0,9330.0,9240.0,9270.0,16368,0.0,0.0
2024-03-26 14:00:00+09:00,9270.0,9270.0,9220.0,9260.0,20215,0.0,0.0
2024-03-27 09:00:00+09:00,9230.0,9340.0,9230.0,9320.0,21088,0.0,0.0
2024-03-27 10:00:00+09:00,9300.0,9340.0,9160.0,9180.0,19436,0.0,0.0
2024-03-27 11:00:00+09:00,9180.0,9190.0,9030.0,9110.0,24260,0.0,0.0
2024-03-27 12:00:00+09:00,9170.0,9190.0,9110.0,9190.0,6226,0.0,0.0
2024-03-27 13:00:00+09:00,9190.0,9190.0,9150.0,9150.0,3777,0.0,0.0
2024-03-27 14:00:00+09:00,9160.0,9230.0,9120.0,9210.0,15218,0.0,0.0
2024-03-28 09:00:00+09:00,9340.0,9430.0,9190.0,9290.0,28998,0.0,0.0
2024-03-28 10:00:00+09:00,9280.0,9300.0,9190.0,9240.0,8238,0.0,0.0
2024-03-28 11:00:00+09:00,9240.0,9250.0,9200.0,9210.0,8967,0.0,0.0
2024-03-28 12:00:00+09:00,9210.0,9240.0,9200.0,9210.0,3080,0.0,0.0
2024-03-28 13:00:00+09:00,9210.0,9430.0,9200.0,9340.0,36864,0.0,0.0
2024-03-28 14:00:00+09:00,9340.0,9340.0,9190.0,9220.0,22973,0.0,0.0
2024-03-29 09:00:00+09:00,9200.0,9320.0,9200.0,9270.0,13042,0.0,0.0
2024-03-29 10:00:00+09:00,9250.0,9270.0,9160.0,9170.0,15895,0.0,0.0
2024-03-29 11:00:00+09:00,9170.0,9180.0,9070.0,9100.0,21563,0.0,0.0
2024-03-29 12:00:00+09:00,9090.0,9140.0,9070.0,9100.0,8539,0.0,0.0
2024-03-29 13:00:00+09:00,9110.0,9140.0,9080.0,9140.0,6850,0.0,0.0
2024-03-29 14:00:00+09:00,9140.0,9140.0,9080.0,9090.0,8368,0.0,0.0
2024-04-01 09:00:00+09:00,9110.0,9300.0,9070.0,9270.0,0,0.0,0.0
2024-04-01 10:00:00+09:00,9290.0,9310.0,9250.0,9250.0,8575,0.0,0.0
2024-04-01 11:00:00+09:00,9250.0,9290.0,9250.0,9280.0,4920,0.0,0.0
2024-04-01 12:00:00+09:00,9280.0,9330.0,9270.0,9310.0,11138,0.0,0.0
2024-04-01 13:00:00+09:00,9300.0,9310.0,9280.0,9300.0,5289,0.0,0.0
2024-04-01 14:00:00+09:00,9300.0,9300.0,9240.0,9270.0,7473,0.0,0.0
2024-04-02 09:00:00+09:00,9260.0,9270.0,9100.0,9110.0,23912,0.0,0.0
2024-04-02 10:00:00+09:00,9120.0,9130.0,9070.0,9120.0,12688,0.0,0.0
2024-04-02 11:00:00+09:00,9120.0,9120.0,9040.0,9090.0,18850,0.0,0.0
2024-04-02 12:00:00+09:00,9090.0,9090.0,9060.0,9060.0,5189,0.0,0.0
2024-04-02 13:00:00+09:00,9080.0,9080.0,9020.0,9030.0,16235,0.0,0.0
2024-04-02 14:00:00+09:00,9030.0,9040.0,8960.0,8960.0,26108,0.0,0.0
2024-04-03 09:00:00+09:00,8970.0,8970.0,8540.0,8650.0,43253,0.0,0.0
2024-04-03 10:00:00+09:00,8650.0,8900.0,8630.0,8780.0,8588,0.0,0.0
2024-04-03 11:00:00+09:00,8840.0,8840.0,8720.0,8750.0,6252,0.0,0.0
2024-04-03 12:00:00+09:00,8720.0,8790.0,8660.0,8700.0,12894,0.0,0.0
2024-04-03 13:00:00+09:00,8700.0,8790.0,8700.0,8730.0,8477,0.0,0.0
2024-04-03 14:00:00+09:00,8720.0,8730.0,8680.0,8680.0,6325,0.0,0.0
2024-04-04 09:00:00+09:00,8720.0,8870.0,8660.0,8720.0,14469,0.0,0.0
2024-04-04 10:00:00+09:00,8750.0,8750.0,8640.0,8720.0,13426,0.0,0.0
2024-04-04 11:00:00+09:00,8730.0,8760.0,8630.0,8730.0,8213,0.0,0.0
2024-04-04 12:00:00+09:00,8680.0,8730.0,8600.0,8640.0,13582,0.0,0.0
2024-04-04 13:00:00+09:00,8650.0,8710.0,8630.0,8660.0,5057,0.0,0.0
2024-04-04 14:00:00+09:00,8670.0,8690.0,8620.0,8690.0,17523,0.0,0.0
2024-04-05 09:00:00+09:00,8640.0,8670.0,8510.0,8520.0,25701,0.0,0.0
2024-04-05 10:00:00+09:00,8560.0,8560.0,8300.0,8330.0,52829,0.0,0.0
2024-04-05 11:00:00+09:00,8330.0,8350.0,8280.0,8310.0,15902,0.0,0.0
2024-04-05 12:00:00+09:00,8310.0,8320.0,8290.0,8320.0,8346,0.0,0.0
2024-04-05 13:00:00+09:00,8320.0,8350.0,8300.0,8300.0,13949,0.0,0.0
2024-04-05 14:00:00+09:00,8340.0,8340.0,8250.0,8250.0,20076,0.0,0.0
2024-04-08 09:00:00+09:00,8310.0,8350.0,8180.0,8200.0,0,0.0,0.0
2024-04-08 10:00:00+09:00,8220.0,8280.0,8180.0,8220.0,9668,0.0,0.0
2024-04-08 11:00:00+09:00,8220.0,8230.0,8120.0,8160.0,11785,0.0,0.0
2024-04-08 12:00:00+09:00,8190.0,8210.0,8100.0,8130.0,9745,0.0,0.0
2024-04-08 13:00:00+09:00,8180.0,8210.0,8160.0,8180.0,2574,0.0,0.0
2024-04-08 14:00:00+09:00,8160.0,8200.0,8100.0,8140.0,7977,0.0,0.0
2024-04-09 09:00:00+09:00,8210.0,8320.0,8130.0,8280.0,31959,0.0,0.0
2024-04-09 10:00:00+09:00,8280.0,8300.0,8200.0,8240.0,13597,0.0,0.0
2024-04-09 11:00:00+09:00,8240.0,8270.0,8180.0,8180.0,5245,0.0,0.0
2024-04-09 12:00:00+09:00,8180.0,8200.0,8140.0,8190.0,9339,0.0,0.0
2024-04-09 13:00:00+09:00,8190.0,8220.0,8170.0,8180.0,4338,0.0,0.0
2024-04-09 14:00:00+09:00,8190.0,8210.0,8150.0,8170.0,7791,0.0,0.0
2024-04-11 09:00:00+09:00,8110.0,8110.0,7940.0,8100.0,0,0.0,0.0
2024-04-11 10:00:00+09:00,8100.0,8250.0,8100.0,8190.0,9250,0.0,0.0
2024-04-11 11:00:00+09:00,8180.0,8210.0,8150.0,8150.0,3017,0.0,0.0
2024-04-11 12:00:00+09:00,8150.0,8180.0,8120.0,8180.0,3546,0.0,0.0
2024-04-11 13:00:00+09:00,8170.0,8210.0,8140.0,8180.0,7241,0.0,0.0
2024-04-11 14:00:00+09:00,8200.0,8280.0,8160.0,8280.0,8975,0.0,0.0
2024-04-12 09:00:00+09:00,8350.0,8370.0,8220.0,8350.0,16462,0.0,0.0
2024-04-12 10:00:00+09:00,8330.0,8390.0,8300.0,8380.0,5348,0.0,0.0
2024-04-12 11:00:00+09:00,8350.0,8380.0,8250.0,8250.0,10466,0.0,0.0
2024-04-12 12:00:00+09:00,8260.0,8290.0,8180.0,8200.0,14451,0.0,0.0
2024-04-12 13:00:00+09:00,8200.0,8250.0,8190.0,8240.0,5151,0.0,0.0
2024-04-12 14:00:00+09:00,8230.0,8240.0,8200.0,8220.0,6478,0.0,0.0
2024-04-15 09:00:00+09:00,8060.0,8060.0,7890.0,7930.0,0,0.0,0.0
2024-04-15 10:00:00+09:00,7950.0,8010.0,7910.0,7960.0,12391,0.0,0.0
2024-04-15 11:00:00+09:00,7960.0,7960.0,7900.0,7940.0,8242,0.0,0.0
2024-04-15 12:00:00+09:00,7940.0,7990.0,7900.0,7990.0,8895,0.0,0.0
2024-04-15 13:00:00+09:00,7970.0,8000.0,7960.0,8000.0,2372,0.0,0.0
2024-04-15 14:00:00+09:00,7990.0,8000.0,7950.0,7950.0,3593,0.0,0.0
2024-04-16 09:00:00+09:00,7940.0,7970.0,7780.0,7820.0,28250,0.0,0.0
2024-04-16 10:00:00+09:00,7820.0,7820.0,7650.0,7670.0,37160,0.0,0.0
2024-04-16 11:00:00+09:00,7690.0,7700.0,7650.0,7670.0,14367,0.0,0.0
2024-04-16 12:00:00+09:00,7670.0,7690.0,7630.0,7670.0,7473,0.0,0.0
2024-04-16 13:00:00+09:00,7680.0,7690.0,7640.0,7670.0,7984,0.0,0.0
2024-04-16 14:00:00+09:00,7660.0,7730.0,7630.0,7730.0,14918,0.0,0.0
2024-04-17 09:00:00+09:00,7700.0,7880.0,7700.0,7880.0,19663,0.0,0.0
2024-04-17 10:00:00+09:00,7850.0,7880.0,7740.0,7740.0,7230,0.0,0.0
2024-04-17 11:00:00+09:00,7750.0,7780.0,7700.0,7770.0,5595,0.0,0.0
2024-04-17 12:00:00+09:00,7770.0,7770.0,7700.0,7740.0,4246,0.0,0.0
2024-04-17 13:00:00+09:00,7720.0,7770.0,7710.0,7720.0,2340,0.0,0.0
2024-04-17 14:00:00+09:00,7720.0,7760.0,7680.0,7710.0,11299,0.0,0.0
2024-04-18 09:00:00+09:00,7700.0,8000.0,7700.0,7850.0,23260,0.0,0.0
2024-04-18 10:00:00+09:00,7850.0,7860.0,7800.0,7840.0,2823,0.0,0.0
2024-04-18 11:00:00+09:00,7830.0,7840.0,7790.0,7820.0,4090,0.0,0.0
2024-04-18 12:00:00+09:00,7820.0,7870.0,7800.0,7860.0,2006,0.0,0.0
2024-04-18 13:00:00+09:00,7850.0,7860.0,7800.0,7840.0,2952,0.0,0.0
2024-04-18 14:00:00+09:00,7840.0,7850.0,7820.0,7840.0,2762,0.0,0.0
2024-04-19 09:00:00+09:00,7730.0,7850.0,7650.0,7770.0,19429,0.0,0.0
2024-04-19 10:00:00+09:00,7770.0,7770.0,7560.0,7570.0,16128,0.0,0.0
2024-04-19 11:00:00+09:00,7570.0,7590.0,7290.0,7380.0,35676,0.0,0.0
2024-04-19 12:00:00+09:00,7390.0,7480.0,7380.0,7480.0,8243,0.0,0.0
2024-04-19 13:00:00+09:00,7470.0,7580.0,7420.0,7500.0,10218,0.0,0.0
2024-04-19 14:00:00+09:00,7490.0,7530.0,7440.0,7470.0,5835,0.0,0.0
2024-04-22 09:00:00+09:00,7420.0,8950.0,7420.0,8040.0,1228413,0.0,0.0
2024-04-22 10:00:00+09:00,8030.0,8120.0,7810.0,7910.0,113389,0.0,0.0
2024-04-22 11:00:00+09:00,7910.0,8990.0,7910.0,8580.0,1695166,0.0,0.0
2024-04-22 12:00:00+09:00,8560.0,8770.0,8360.0,8490.0,597718,0.0,0.0
2024-04-22 13:00:00+09:00,8500.0,8750.0,8100.0,8280.0,705107,0.0,0.0
2024-04-22 14:00:00+09:00,8280.0,8470.0,8110.0,8120.0,233081,0.0,0.0
2024-04-23 09:00:00+09:00,7950.0,8040.0,7890.0,7980.0,134089,0.0,0.0
2024-04-23 10:00:00+09:00,8020.0,8040.0,7890.0,7900.0,40425,0.0,0.0
2024-04-23 11:00:00+09:00,7930.0,7930.0,7870.0,7910.0,19875,0.0,0.0
2024-04-23 12:00:00+09:00,7910.0,9090.0,7910.0,8320.0,1506834,0.0,0.0
2024-04-23 13:00:00+09:00,8310.0,8650.0,8250.0,8320.0,237147,0.0,0.0
2024-04-23 14:00:00+09:00,8320.0,8380.0,8200.0,8280.0,58501,0.0,0.0
2024-04-24 09:00:00+09:00,8260.0,8600.0,8100.0,8450.0,175475,0.0,0.0
2024-04-24 10:00:00+09:00,8450.0,8480.0,8400.0,8450.0,22903,0.0,0.0
2024-04-24 11:00:00+09:00,8450.0,8590.0,8410.0,8460.0,96892,0.0,0.0
2024-04-24 12:00:00+09:00,8460.0,8550.0,8430.0,8480.0,58299,0.0,0.0
2024-04-24 13:00:00+09:00,8480.0,8480.0,8410.0,8450.0,18841,0.0,0.0
2024-04-24 14:00:00+09:00,8430.0,8460.0,8350.0,8370.0,25869,0.0,0.0
2024-04-25 09:00:00+09:00,8430.0,8640.0,8390.0,8540.0,97807,0.0,0.0
2024-04-25 10:00:00+09:00,8560.0,8660.0,8480.0,8510.0,89287,0.0,0.0
2024-04-25 11:00:00+09:00,8510.0,8560.0,8480.0,8480.0,12140,0.0,0.0
2024-04-25 12:00:00+09:00,8520.0,9070.0,8500.0,8730.0,778471,0.0,0.0
2024-04-25 13:00:00+09:00,8720.0,8830.0,8580.0,8630.0,102718,0.0,0.0
2024-04-25 14:00:00+09:00,8640.0,8720.0,8500.0,8560.0,78795,0.0,0.0
2024-04-26 09:00:00+09:00,8600.0,8640.0,8450.0,8510.0,52673,0.0,0.0
2024-04-26 10:00:00+09:00,8470.0,8520.0,8310.0,8330.0,43168,0.0,0.0
2024-04-26 11:00:00+09:00,8330.0,8430.0,8330.0,8400.0,12080,0.0,0.0
2024-04-26 12:00:00+09:00,8410.0,8420.0,8350.0,8400.0,6833,0.0,0.0
2024-04-26 13:00:00+09:00,8400.0,8440.0,8340.0,8340.0,9058,0.0,0.0
2024-04-26 14:00:00+09:00,8390.0,8390.0,8170.0,8270.0,47018,0.0,0.0
2024-04-29 09:00:00+09:00,8200.0,8930.0,8200.0,8790.0,120821,0.0,0.0
2024-04-29 10:00:00+09:00,8790.0,8830.0,8570.0,8620.0,133184,0.0,0.0
2024-04-29 11:00:00+09:00,8620.0,8660.0,8580.0,8600.0,21810,0.0,0.0
2024-04-29 12:00:00+09:00,8600.0,8620.0,8560.0,8590.0,15964,0.0,0.0
2024-04-29 13:00:00+09:00,8610.0,8730.0,8600.0,8660.0,28984,0.0,0.0
2024-04-29 14:00:00+09:00,8660.0,8740.0,8660.0,8720.0,37129,0.0,0.0
2024-04-30 09:00:00+09:00,8630.0,8720.0,8520.0,8650.0,58781,0.0,0.0
2024-04-30 10:00:00+09:00,8660.0,8710.0,8580.0,8640.0,19130,0.0,0.0
2024-04-30 11:00:00+09:00,8610.0,8660.0,8580.0,8600.0,8516,0.0,0.0
2024-04-30 12:00:00+09:00,8600.0,8630.0,8560.0,8570.0,6661,0.0,0.0
2024-04-30 13:00:00+09:00,8570.0,8620.0,8530.0,8570.0,14979,0.0,0.0
2024-04-30 14:00:00+09:00,8600.0,8690.0,8560.0,8660.0,21721,0.0,0.0
2024-05-02 09:00:00+09:00,8580.0,8650.0,8520.0,8610.0,0,0.0,0.0
2024-05-02 10:00:00+09:00,8620.0,8730.0,8600.0,8630.0,23590,0.0,0.0
2024-05-02 11:00:00+09:00,8630.0,9820.0,8600.0,9730.0,1568691,0.0,0.0
2024-05-02 12:00:00+09:00,9730.0,9730.0,8910.0,8940.0,737403,0.0,0.0
2024-05-02 13:00:00+09:00,8920.0,8950.0,8750.0,8800.0,133274,0.0,0.0
2024-05-02 14:00:00+09:00,8790.0,8860.0,8740.0,8800.0,61884,0.0,0.0
2024-05-03 09:00:00+09:00,8720.0,9200.0,8700.0,8840.0,215494,0.0,0.0
2024-05-03 10:00:00+09:00,8840.0,8950.0,8830.0,8830.0,25848,0.0,0.0
2024-05-03 11:00:00+09:00,8870.0,9150.0,8820.0,8890.0,79372,0.0,0.0
2024-05-03 12:00:00+09:00,8890.0,8980.0,8860.0,8930.0,21445,0.0,0.0
2024-05-03 13:00:00+09:00,8930.0,8940.0,8830.0,8850.0,19220,0.0,0.0
2024-05-03 14:00:00+09:00,8860.0,8920.0,8760.0,8880.0,29653,0.0,0.0
2024-05-07 09:00:00+09:00,8790.0,8970.0,8760.0,8860.0,0,0.0,0.0
2024-05-07 10:00:00+09:00,8860.0,8970.0,8810.0,8970.0,29791,0.0,0.0
2024-05-07 11:00:00+09:00,8960.0,8980.0,8910.0,8960.0,30712,0.0,0.0
2024-05-07 12:00:00+09:00,8970.0,9040.0,8930.0,8970.0,28159,0.0,0.0
2024-05-07 13:00:00+09:00,8970.0,9050.0,8920.0,9030.0,28775,0.0,0.0
2024-05-07 14:00:00+09:00,9030.0,9040.0,8910.0,8940.0,35340,0.0,0.0
2024-05-08 09:00:00+09:00,8960.0,9030.0,8860.0,8890.0,54217,0.0,0.0
2024-05-08 10:00:00+09:00,8890.0,8950.0,8860.0,8950.0,13806,0.0,0.0
2024-05-08 11:00:00+09:00,8940.0,8970.0,8910.0,8910.0,10122,0.0,0.0
2024-05-08 12:00:00+09:00,8940.0,8950.0,8890.0,8930.0,8495,0.0,0.0
2024-05-08 13:00:00+09:00,8900.0,8960.0,8890.0,8950.0,12737,0.0,0.0
2024-05-08 14:00:00+09:00,8950.0,8950.0,8890.0,8950.0,9148,0.0,0.0
2024-05-09 09:00:00+09:00,9300.0,9300.0,9060.0,9180.0,268631,0.0,0.0
2024-05-09 10:00:00+09:00,9180.0,9490.0,8920.0,9090.0,890947,0.0,0.0
2024-05-09 11:00:00+09:00,9090.0,9170.0,8920.0,8930.0,117383,0.0,0.0
2024-05-09 12:00:00+09:00,8930.0,8980.0,8770.0,8850.0,65924,0.0,0.0
2024-05-09 13:00:00+09:00,8840.0,8870.0,8820.0,8830.0,24837,0.0,0.0
2024-05-09 14:00:00+09:00,8820.0,8830.0,8600.0,8650.0,51509,0.0,0.0
2024-05-10 09:00:00+09:00,8670.0,8720.0,8510.0,8550.0,56232,0.0,0.0
2024-05-10 10:00:00+09:00,8540.0,8550.0,8360.0,8490.0,28298,0.0,0.0
2024-05-10 11:00:00+09:00,8470.0,8530.0,8450.0,8510.0,6770,0.0,0.0
2024-05-10 12:00:00+09:00,8510.0,8520.0,8450.0,8470.0,8309,0.0,0.0
2024-05-10 13:00:00+09:00,8480.0,8530.0,8460.0,8520.0,3982,0.0,0.0
2024-05-10 14:00:00+09:00,8510.0,8510.0,8460.0,8470.0,3427,0.0,0.0
2024-05-13 09:00:00+09:00,8400.0,8500.0,8250.0,8340.0,0,0.0,0.0
2024-05-13 10:00:00+09:00,8340.0,8370.0,8230.0,8250.0,13137,0.0,0.0
2024-05-13 11:00:00+09:00,8250.0,8350.0,8250.0,8300.0,5397,0.0,0.0
2024-05-13 12:00:00+09:00,8300.0,8860.0,8250.0,8580.0,101167,0.0,0.0
2024-05-13 13:00:00+09:00,8620.0,8760.0,8530.0,8620.0,36711,0.0,0.0
2024-05-13 14:00:00+09:00,8610.0,8760.0,8560.0,8600.0,27491,0.0,0.0
2024-05-14 09:00:00+09:00,8760.0,8880.0,8650.0,8840.0,79866,0.0,0.0
2024-05-14 10:00:00+09:00,8840.0,8870.0,8710.0,8720.0,25646,0.0,0.0
2024-05-14 11:00:00+09:00,8720.0,8760.0,8720.0,8740.0,3628,0.0,0.0
2024-05-14 12:00:00+09:00,8740.0,8740.0,8620.0,8710.0,26334,0.0,0.0
2024-05-14 13:00:00+09:00,8710.0,8710.0,8600.0,8610.0,11206,0.0,0.0
2024-05-14 14:00:00+09:00,8610.0,8620.0,8550.0,8620.0,11581,0.0,0.0
2024-05-16 09:00:00+09:00,8600.0,8700.0,8550.0,8610.0,0,0.0,0.0
2024-05-16 10:00:00+09:00,8610.0,8650.0,8560.0,8590.0,12824,0.0,0.0
2024-05-16 11:00:00+09:00,8570.0,8620.0,8510.0,8590.0,9723,0.0,0.0
2024-05-16 12:00:00+09:00,8600.0,8600.0,8530.0,8560.0,6615,0.0,0.0
2024-05-16 13:00:00+09:00,8560.0,8560.0,8510.0,8550.0,9144,0.0,0.0
2024-05-16 14:00:00+09:00,8550.0,8550.0,8520.0,8530.0,4353,0.0,0.0
2024-05-17 09:00:00+09:00,9360.0,9530.0,8900.0,8960.0,924292,0.0,0.0
2024-05-17 10:00:00+09:00,8960.0,9150.0,8850.0,8990.0,122771,0.0,0.0
2024-05-17 11:00:00+09:00,8980.0,9070.0,8890.0,9000.0,44324,0.0,0.0
2024-05-17 12:00:00+09:00,8980.0,9090.0,8910.0,8920.0,68052,0.0,0.0
2024-05-17 13:00:00+09:00,8920.0,8960.0,8770.0,8800.0,40943,0.0,0.0
2024-05-17 14:00:00+09:00,8800.0,8890.0,8770.0,8780.0,38338,0.0,0.0
2024-05-20 09:00:00+09:00,8580.0,8680.0,8480.0,8640.0,0,0.0,0.0
2024-05-20 10:00:00+09:00,8620.0,8670.0,8590.0,8590.0,16868,0.0,0.0
2024-05-20 11:00:00+09:00,8600.0,8700.0,8590.0,8610.0,10730,0.0,0.0
2024-05-20 12:00:00+09:00,8610.0,8620.0,8560.0,8570.0,12683,0.0,0.0
2024-05-20 13:00:00+09:00,8580.0,8600.0,8530.0,8540.0,12638,0.0,0.0
2024-05-20 14:00:00+09:00,8530.0,8610.0,8530.0,8610.0,11887,0.0,0.0
2024-05-21 09:00:00+09:00,8580.0,8790.0,8480.0,8640.0,40645,0.0,0.0
2024-05-21 10:00:00+09:00,8650.0,8670.0,8600.0,8600.0,11026,0.0,0.0
2024-05-21 11:00:00+09:00,8600.0,8650.0,8580.0,8580.0,11501,0.0,0.0
2024-05-21 12:00:00+09:00,8580.0,8650.0,8580.0,8610.0,5629,0.0,0.0
2024-05-21 13:00:00+09:00,8610.0,8720.0,8600.0,8710.0,17774,0.0,0.0
2024-05-21 14:00:00+09:00,8710.0,8740.0,8640.0,8670.0,16343,0.0,0.0
2024-05-22 09:00:00+09:00,8600.0,8690.0,8570.0,8630.0,14893,0.0,0.0
2024-05-22 10:00:00+09:00,8630.0,8710.0,8590.0,8710.0,17388,0.0,0.0
2024-05-22 11:00:00+09:00,8710.0,8840.0,8650.0,8780.0,31782,0.0,0.0
2024-05-22 12:00:00+09:00,8780.0,8800.0,8740.0,8790.0,8718,0.0,0.0
2024-05-22 13:00:00+09:00,8780.0,8810.0,8740.0,8780.0,17329,0.0,0.0
2024-05-22 14:00:00+09:00,8770.0,8790.0,8710.0,8720.0,13257,0.0,0.0
2024-05-23 09:00:00+09:00,8780.0,8810.0,8600.0,8710.0,21820,0.0,0.0
2024-05-23 10:00:00+09:00,8690.0,8710.0,8660.0,8690.0,7317,0.0,0.0
2024-05-23 11:00:00+09:00,8690.0,8700.0,8670.0,8690.0,6763,0.0,0.0
2024-05-23 12:00:00+09:00,8690.0,8700.0,8660.0,8680.0,7354,0.0,0.0
2024-05-23 13:00:00+09:00,8660.0,8710.0,8660.0,8660.0,4449,0.0,0.0
2024-05-23 14:00:00+09:00,8660.0,8700.0,8650.0,8690.0,9454,0.0,0.0
2024-05-24 09:00:00+09:00,8630.0,8870.0,8590.0,8800.0,39637,0.0,0.0
2024-05-24 10:00:00+09:00,8800.0,8850.0,8770.0,8810.0,33085,0.0,0.0
2024-05-24 11:00:00+09:00,8800.0,8950.0,8750.0,8900.0,40093,0.0,0.0
2024-05-24 12:00:00+09:00,8900.0,8930.0,8820.0,8820.0,16515,0.0,0.0
2024-05-24 13:00:00+09:00,8880.0,8880.0,8800.0,8820.0,6292,0.0,0.0
2024-05-24 14:00:00+09:00,8810.0,8820.0,8750.0,8770.0,20700,0.0,0.0
2024-05-27 09:00:00+09:00,8830.0,8830.0,8670.0,8800.0,0,0.0,0.0
2024-05-27 10:00:00+09:00,8790.0,8800.0,8670.0,8740.0,19980,0.0,0.0
2024-05-27 11:00:00+09:00,8740.0,8760.0,8670.0,8680.0,4941,0.0,0.0
2024-05-27 12:00:00+09:00,8670.0,8700.0,8640.0,8640.0,9292,0.0,0.0
2024-05-27 13:00:00+09:00,8640.0,8720.0,8630.0,8680.0,8883,0.0,0.0
2024-05-27 14:00:00+09:00,8680.0,8830.0,8630.0,8780.0,18286,0.0,0.0
2024-05-28 09:00:00+09:00,8820.0,8970.0,8710.0,8940.0,59250,0.0,0.0
2024-05-28 10:00:00+09:00,8910.0,9080.0,8900.0,9020.0,81061,0.0,0.0
2024-05-28 11:00:00+09:00,9020.0,9100.0,9010.0,9020.0,33780,0.0,0.0
2024-05-28 12:00:00+09:00,9010.0,9170.0,9000.0,9040.0,72032,0.0,0.0
2024-05-28 13:00:00+09:00,9040.0,9090.0,8930.0,8970.0,38684,0.0,0.0
2024-05-28 14:00:00+09:00,8970.0,9100.0,8880.0,9030.0,27059,0.0,0.0
2024-05-29 09:00:00+09:00,9000.0,9140.0,8840.0,9140.0,64212,0.0,0.0
2024-05-29 10:00:00+09:00,9130.0,9140.0,9000.0,9100.0,30853,0.0,0.0
2024-05-29 11:00:00+09:00,9090.0,9100.0,9020.0,9090.0,21145,0.0,0.0
2024-05-29 12:00:00+09:00,9090.0,9310.0,9060.0,9210.0,141947,0.0,0.0
2024-05-29 13:00:00+09:00,9230.0,9240.0,9090.0,9170.0,43194,0.0,0.0
2024-05-29 14:00:00+09:00,9170.0,9400.0,9120.0,9350.0,218135,0.0,0.0
2024-05-30 09:00:00+09:00,9290.0,9710.0,9250.0,9400.0,419095,0.0,0.0
2024-05-30 10:00:00+09:00,9400.0,9620.0,9400.0,9400.0,197006,0.0,0.0
2024-05-30 11:00:00+09:00,9400.0,9590.0,9370.0,9480.0,68980,0.0,0.0
2024-05-30 12:00:00+09:00,9490.0,9600.0,9470.0,9480.0,45377,0.0,0.0
2024-05-30 13:00:00+09:00,9480.0,9560.0,9410.0,9430.0,72942,0.0,0.0
2024-05-30 14:00:00+09:00,9430.0,9520.0,9420.0,9510.0,41249,0.0,0.0
2024-05-31 09:00:00+09:00,9460.0,9520.0,9250.0,9310.0,164311,0.0,0.0
2024-05-31 10:00:00+09:00,9310.0,9410.0,9270.0,9360.0,24597,0.0,0.0
2024-05-31 11:00:00+09:00,9330.0,9500.0,9320.0,9480.0,35670,0.0,0.0
2024-05-31 12:00:00+09:00,9480.0,9490.0,9380.0,9420.0,20034,0.0,0.0
2024-05-31 13:00:00+09:00,9430.0,9610.0,9370.0,9500.0,54222,0.0,0.0
2024-05-31 14:00:00+09:00,9500.0,9510.0,9380.0,9430.0,35723,0.0,0.0
2024-06-03 09:00:00+09:00,9450.0,9510.0,9350.0,9430.0,0,0.0,0.0
2024-06-03 10:00:00+09:00,9410.0,9430.0,9250.0,9250.0,45253,0.0,0.0
2024-06-03 11:00:00+09:00,9250.0,9270.0,9090.0,9190.0,27690,0.0,0.0
2024-06-03 12:00:00+09:00,9190.0,9210.0,9150.0,9210.0,23693,0.0,0.0
2024-06-03 13:00:00+09:00,9190.0,9220.0,9140.0,9210.0,17752,0.0,0.0
2024-06-03 14:00:00+09:00,9220.0,9230.0,9120.0,9120.0,27303,0.0,0.0
2024-06-04 09:00:00+09:00,9040.0,9200.0,8960.0,9200.0,64495,0.0,0.0
2024-06-04 10:00:00+09:00,9200.0,9390.0,9170.0,9280.0,58907,0.0,0.0
2024-06-04 11:00:00+09:00,9270.0,9390.0,9260.0,9360.0,24705,0.0,0.0
2024-06-04 12:00:00+09:00,9360.0,9360.0,9300.0,9350.0,8184,0.0,0.0
2024-06-04 13:00:00+09:00,9350.0,9440.0,9300.0,9330.0,106936,0.0,0.0
2024-06-04 14:00:00+09:00,9330.0,9340.0,9100.0,9140.0,53174,0.0,0.0
2024-06-05 09:00:00+09:00,9120.0,9280.0,8980.0,9010.0,56274,0.0,0.0
2024-06-05 10:00:00+09:00,9010.0,9150.0,8990.0,9030.0,19298,0.0,0.0
2024-06-05 11:00:00+09:00,9030.0,9100.0,8980.0,9080.0,15048,0.0,0.0
2024-06-05 12:00:00+09:00,9080.0,9180.0,9040.0,9080.0,23752,0.0,0.0
2024-06-05 13:00:00+09:00,9070.0,9100.0,9000.0,9010.0,17633,0.0,0.0
2024-06-05 14:00:00+09:00,9020.0,9070.0,8910.0,8920.0,28878,0.0,0.0
2024-06-07 09:00:00+09:00,8780.0,8840.0,8580.0,8720.0,0,0.0,0.0
2024-06-07 10:00:00+09:00,8740.0,8830.0,8720.0,8770.0,19599,0.0,0.0
2024-06-07 11:00:00+09:00,8810.0,8810.0,8730.0,8750.0,5868,0.0,0.0
2024-06-07 12:00:00+09:00,8760.0,8760.0,8720.0,8740.0,4970,0.0,0.0
2024-06-07 13:00:00+09:00,8740.0,8830.0,8730.0,8750.0,12721,0.0,0.0
2024-06-07 14:00:00+09:00,8740.0,8790.0,8680.0,8750.0,26199,0.0,0.0
2024-06-10 09:00:00+09:00,8620.0,8680.0,8400.0,8450.0,0,0.0,0.0
2024-06-10 10:00:00+09:00,8450.0,8450.0,8380.0,8430.0,21858,0.0,0.0
2024-06-10 11:00:00+09:00,8430.0,8430.0,8330.0,8360.0,32604,0.0,0.0
2024-06-10 12:00:00+09:00,8360.0,8400.0,8340.0,8400.0,11869,0.0,0.0
2024-06-10 13:00:00+09:00,8400.0,8420.0,8370.0,8410.0,3630,0.0,0.0
2024-06-10 14:00:00+09:00,8410.0,8420.0,8360.0,8410.0,12853,0.0,0.0
2024-06-11 09:00:00+09:00,8400.0,8530.0,8040.0,8360.0,43422,0.0,0.0
2024-06-11 10:00:00+09:00,8360.0,8460.0,8360.0,8450.0,6145,0.0,0.0
2024-06-11 11:00:00+09:00,8430.0,8450.0,8380.0,8400.0,2861,0.0,0.0
2024-06-11 12:00:00+09:00,8390.0,8400.0,8330.0,8400.0,11180,0.0,0.0
2024-06-11 13:00:00+09:00,8400.0,8420.0,8300.0,8370.0,9579,0.0,0.0
2024-06-11 14:00:00+09:00,8380.0,8390.0,8330.0,8370.0,7583,0.0,0.0
2024-06-12 09:00:00+09:00,8360.0,8480.0,8360.0,8470.0,15501,0.0,0.0
2024-06-12 10:00:00+09:00,8470.0,8510.0,8450.0,8470.0,17843,0.0,0.0
2024-06-12 11:00:00+09:00,8460.0,8480.0,8380.0,8380.0,11146,0.0,0.0
2024-06-12 12:00:00+09:00,8380.0,8420.0,8370.0,8420.0,10835,0.0,0.0
2024-06-12 13:00:00+09:00,8440.0,8490.0,8400.0,8440.0,0,0.0,0.0
2024-06-12 14:00:00+09:00,8440.0,8440.0,8380.0,8390.0,66239,0.0,0.0
2024-06-13 09:00:00+09:00,8680.0,9080.0,8610.0,8890.0,185568,0.0,0.0
2024-06-13 10:00:00+09:00,8900.0,9300.0,8860.0,9180.0,246470,0.0,0.0
2024-06-13 11:00:00+09:00,9160.0,9230.0,9060.0,9150.0,109605,0.0,0.0
2024-06-13 12:00:00+09:00,9150.0,9180.0,9090.0,9100.0,33637,0.0,0.0
2024-06-13 13:00:00+09:00,9100.0,9410.0,9010.0,9100.0,278468,0.0,0.0
2024-06-13 14:00:00+09:00,9100.0,9480.0,9050.0,9180.0,727901,0.0,0.0
2024-06-14 09:00:00+09:00,9160.0,9620.0,9130.0,9590.0,350123,0.0,0.0
2024-06-14 10:00:00+09:00,9580.0,9600.0,9330.0,9360.0,125649,0.0,0.0
2024-06-14 11:00:00+09:00,9370.0,9520.0,9330.0,9410.0,46699,0.0,0.0
2024-06-14 12:00:00+09:00,9410.0,9520.0,9390.0,9490.0,30742,0.0,0.0
2024-06-14 13:00:00+09:00,9480.0,9530.0,9410.0,9520.0,43803,0.0,0.0
2024-06-14 14:00:00+09:00,9530.0,11000.0,9530.0,10510.0,4398680,0.0,0.0
2024-06-17 09:00:00+09:00,10500.0,11340.0,10270.0,10830.0,0,0.0,0.0
2024-06-17 10:00:00+09:00,10830.0,10940.0,10650.0,10690.0,301725,0.0,0.0
2024-06-17 11:00:00+09:00,10690.0,10860.0,10520.0,10790.0,200566,0.0,0.0
2024-06-17 12:00:00+09:00,10790.0,12150.0,10730.0,11980.0,4507502,0.0,0.0
2024-06-17 13:00:00+09:00,11980.0,11990.0,10840.0,11150.0,2714935,0.0,0.0
2024-06-17 14:00:00+09:00,11150.0,11160.0,10790.0,11040.0,511227,0.0,0.0
2024-06-18 09:00:00+09:00,11250.0,11340.0,11070.0,11220.0,551445,0.0,0.0
2024-06-18 10:00:00+09:00,11220.0,11500.0,11190.0,11370.0,434991,0.0,0.0
2024-06-18 11:00:00+09:00,11380.0,11730.0,11280.0,11600.0,1131066,0.0,0.0
2024-06-18 12:00:00+09:00,11590.0,11590.0,11300.0,11540.0,437602,0.0,0.0
2024-06-18 13:00:00+09:00,11530.0,11660.0,11250.0,11280.0,701487,0.0,0.0
2024-06-18 14:00:00+09:00,11280.0,11440.0,11260.0,11350.0,155913,0.0,0.0
2024-06-19 09:00:00+09:00,11150.0,11320.0,10520.0,10830.0,630006,0.0,0.0
2024-06-19 10:00:00+09:00,10830.0,11160.0,10800.0,10920.0,246729,0.0,0.0
2024-06-19 11:00:00+09:00,10970.0,11050.0,10650.0,10700.0,120258,0.0,0.0
2024-06-19 12:00:00+09:00,10700.0,10730.0,10560.0,10630.0,91622,0.0,0.0
2024-06-19 13:00:00+09:00,10630.0,10850.0,10570.0,10810.0,110417,0.0,0.0
2024-06-19 14:00:00+09:00,10810.0,11080.0,10730.0,10870.0,184265,0.0,0.0
2024-06-20 09:00:00+09:00,12500.0,13200.0,12030.0,12100.0,8994188,0.0,0.0
2024-06-20 10:00:00+09:00,12110.0,12180.0,11720.0,11900.0,1544342,0.0,0.0
2024-06-20 11:00:00+09:00,11900.0,12250.0,11850.0,12120.0,834963,0.0,0.0
2024-06-20 12:00:00+09:00,12130.0,12140.0,11450.0,11510.0,685652,0.0,0.0
2024-06-20 13:00:00+09:00,11500.0,11510.0,11070.0,11140.0,697766,0.0,0.0
2024-06-20 14:00:00+09:00,11130.0,11320.0,10880.0,10960.0,621921,0.0,0.0
2024-06-21 09:00:00+09:00,10460.0,10500.0,9980.0,10120.0,613173,0.0,0.0
2024-06-21 10:00:00+09:00,10130.0,10140.0,9960.0,9970.0,162549,0.0,0.0
2024-06-21 11:00:00+09:00,9960.0,10030.0,9890.0,9950.0,138532,0.0,0.0
2024-06-21 12:00:00+09:00,9950.0,9980.0,9870.0,9920.0,94271,0.0,0.0
2024-06-21 13:00:00+09:00,9920.0,9930.0,9720.0,9800.0,197531,0.0,0.0
2024-06-21 14:00:00+09:00,9800.0,9810.0,9700.0,9760.0,131020,0.0,0.0
2024-06-24 09:00:00+09:00,9650.0,9890.0,9520.0,9540.0,0,0.0,0.0
2024-06-24 10:00:00+09:00,9560.0,9760.0,9490.0,9540.0,203349,0.0,0.0
2024-06-24 11:00:00+09:00,9530.0,9530.0,9180.0,9260.0,122118,0.0,0.0
2024-06-24 12:00:00+09:00,9300.0,9300.0,9130.0,9160.0,70337,0.0,0.0
2024-06-24 13:00:00+09:00,9170.0,9210.0,9100.0,9200.0,52239,0.0,0.0
2024-06-24 14:00:00+09:00,9200.0,9200.0,9100.0,9160.0,66017,0.0,0.0
2024-06-25 09:00:00+09:00,8910.0,9470.0,8840.0,9200.0,610042,0.0,0.0
2024-06-25 10:00:00+09:00,9200.0,9360.0,9060.0,9140.0,203962,0.0,0.0
2024-06-25 11:00:00+09:00,9140.0,9140.0,8950.0,8950.0,52059,0.0,0.0
2024-06-25 12:00:00+09:00,8950.0,9020.0,8930.0,8960.0,44414,0.0,0.0
2024-06-25 13:00:00+09:00,8960.0,9050.0,8940.0,9040.0,15635,0.0,0.0
2024-06-25 14:00:00+09:00,9040.0,9100.0,8960.0,9050.0,37082,0.0,0.0
2024-06-26 09:00:00+09:00,8850.0,9230.0,8850.0,9210.0,133142,0.0,0.0
2024-06-26 10:00:00+09:00,9200.0,9230.0,9130.0,9140.0,61955,0.0,0.0
2024-06-26 11:00:00+09:00,9140.0,9170.0,9100.0,9110.0,19952,0.0,0.0
2024-06-26 12:00:00+09:00,9110.0,9660.0,9070.0,9190.0,1054697,0.0,0.0
2024-06-26 13:00:00+09:00,9180.0,9230.0,9110.0,9120.0,89186,0.0,0.0
2024-06-26 14:00:00+09:00,9120.0,9130.0,8990.0,9080.0,91516,0.0,0.0
2024-06-27 09:00:00+09:00,9050.0,9180.0,8940.0,8960.0,174652,0.0,0.0
2024-06-27 10:00:00+09:00,8960.0,9000.0,8940.0,8950.0,35675,0.0,0.0
2024-06-27 11:00:00+09:00,8950.0,8980.0,8870.0,8910.0,51662,0.0,0.0
2024-06-27 12:00:00+09:00,8910.0,8930.0,8880.0,8900.0,13234,0.0,0.0
2024-06-27 13:00:00+09:00,8900.0,8930.0,8810.0,8830.0,35648,0.0,0.0
2024-06-27 14:00:00+09:00,8830.0,8860.0,8650.0,8660.0,90576,0.0,0.0
2024-06-28 09:00:00+09:00,8690.0,8800.0,8520.0,8720.0,81155,0.0,0.0
2024-06-28 10:00:00+09:00,8720.0,8760.0,8650.0,8660.0,24261,0.0,0.0
2024-06-28 11:00:00+09:00,8680.0,8770.0,8670.0,8730.0,15397,0.0,0.0
2024-06-28 12:00:00+09:00,8730.0,8780.0,8670.0,8710.0,17732,0.0,0.0
2024-06-28 13:00:00+09:00,8710.0,8710.0,8600.0,8650.0,25170,0.0,0.0
2024-06-28 14:00:00+09:00,8640.0,8660.0,8600.0,8630.0,15050,0.0,0.0
2024-07-01 09:00:00+09:00,8840.0,9360.0,8820.0,9140.0,430987,0.0,0.0
2024-07-01 10:00:00+09:00,9170.0,9250.0,9110.0,9150.0,61693,0.0,0.0
2024-07-01 11:00:00+09:00,9160.0,9570.0,9130.0,9220.0,860677,0.0,0.0
2024-07-01 12:00:00+09:00,9220.0,9230.0,9140.0,9200.0,48568,0.0,0.0
2024-07-01 13:00:00+09:00,9190.0,9200.0,9130.0,9200.0,32535,0.0,0.0
2024-07-01 14:00:00+09:00,9190.0,9210.0,9140.0,9180.0,54085,0.0,0.0
2024-07-02 09:00:00+09:00,9130.0,9130.0,8750.0,8950.0,161547,0.0,0.0
2024-07-02 10:00:00+09:00,8950.0,9790.0,8860.0,9220.0,2173547,0.0,0.0
2024-07-02 11:00:00+09:00,9220.0,9400.0,9190.0,9260.0,111803,0.0,0.0
2024-07-02 12:00:00+09:00,9260.0,9280.0,9110.0,9150.0,78336,0.0,0.0
2024-07-02 13:00:00+09:00,9140.0,9230.0,9070.0,9090.0,62918,0.0,0.0
2024-07-02 14:00:00+09:00,9090.0,9280.0,9070.0,9280.0,62657,0.0,0.0
2024-07-03 09:00:00+09:00,9170.0,9170.0,8940.0,9000.0,139531,0.0,0.0
2024-07-03 10:00:00+09:00,8990.0,9050.0,8890.0,8900.0,61886,0.0,0.0
2024-07-03 11:00:00+09:00,8890.0,8950.0,8890.0,8920.0,26605,0.0,0.0
2024-07-03 12:00:00+09:00,8920.0,8950.0,8860.0,8870.0,27485,0.0,0.0
2024-07-03 13:00:00+09:00,8860.0,8940.0,8860.0,8920.0,23413,0.0,0.0
2024-07-03 14:00:00+09:00,8910.0,8930.0,8880.0,8920.0,24106,0.0,0.0
2024-07-04 09:00:00+09:00,8810.0,8950.0,8650.0,8920.0,122626,0.0,0.0
2024-07-04 10:00:00+09:00,8920.0,8960.0,8810.0,8850.0,37064,0.0,0.0
2024-07-04 11:00:00+09:00,8830.0,8860.0,8770.0,8800.0,13891,0.0,0.0
2024-07-04 12:00:00+09:00,8800.0,8810.0,8760.0,8790.0,8299,0.0,0.0
2024-07-04 13:00:00+09:00,8790.0,8810.0,8710.0,8760.0,27037,0.0,0.0
2024-07-04 14:00:00+09:00,8740.0,8830.0,8720.0,8780.0,17648,0.0,0.0
2024-07-05 09:00:00+09:00,8700.0,8890.0,8690.0,8850.0,57669,0.0,0.0
2024-07-05 10:00:00+09:00,8870.0,9060.0,8820.0,8860.0,132246,0.0,0.0
2024-07-05 11:00:00+09:00,8850.0,8860.0,8770.0,8830.0,22914,0.0,0.0
2024-07-05 12:00:00+09:00,8830.0,8870.0,8810.0,8820.0,10647,0.0,0.0
2024-07-05 13:00:00+09:00,8820.0,8860.0,8780.0,8830.0,10428,0.0,0.0
2024-07-05 14:00:00+09:00,8820.0,8830.0,8740.0,8750.0,24732,0.0,0.0
2024-07-08 09:00:00+09:00,8720.0,8900.0,8720.0,8860.0,0,0.0,0.0
2024-07-08 10:00:00+09:00,8860.0,8870.0,8780.0,8850.0,23152,0.0,0.0
2024-07-08 11:00:00+09:00,8850.0,8870.0,8800.0,8840.0,6675,0.0,0.0
2024-07-08 12:00:00+09:00,8840.0,8960.0,8810.0,8890.0,27152,0.0,0.0
2024-07-08 13:00:00+09:00,8880.0,8950.0,8870.0,8930.0,13721,0.0,0.0
2024-07-08 14:00:00+09:00,8930.0,8930.0,8880.0,8890.0,15673,0.0,0.0
2024-07-09 09:00:00+09:00,8910.0,9100.0,8870.0,9040.0,193776,0.0,0.0
2024-07-09 10:00:00+09:00,9040.0,9070.0,8960.0,8970.0,21636,0.0,0.0
2024-07-09 11:00:00+09:00,8960.0,8970.0,8910.0,8940.0,14451,0.0,0.0
2024-07-09 12:00:00+09:00,8940.0,8970.0,8870.0,8930.0,13397,0.0,0.0
2024-07-09 13:00:00+09:00,8920.0,8930.0,8870.0,8900.0,10940,0.0,0.0
2024-07-09 14:00:00+09:00,8900.0,8910.0,8860.0,8860.0,21022,0.0,0.0
2024-07-10 09:00:00+09:00,8810.0,8910.0,8810.0,8850.0,24936,0.0,0.0
2024-07-10 10:00:00+09:00,8850.0,9040.0,8830.0,8900.0,70848,0.0,0.0
2024-07-10 11:00:00+09:00,8900.0,8910.0,8850.0,8880.0,11242,0.0,0.0
2024-07-10 12:00:00+09:00,8880.0,8970.0,8860.0,8920.0,14388,0.0,0.0
2024-07-10 13:00:00+09:00,8930.0,9060.0,8910.0,9020.0,50636,0.0,0.0
2024-07-10 14:00:00+09:00,9010.0,9070.0,9000.0,9050.0,53306,0.0,0.0
2024-07-11 09:00:00+09:00,9080.0,9080.0,8920.0,8990.0,64032,0.0,0.0
2024-07-11 10:00:00+09:00,8990.0,9200.0,8980.0,9030.0,62939,0.0,0.0
2024-07-11 11:00:00+09:00,9030.0,9070.0,8970.0,8990.0,20895,0.0,0.0
2024-07-11 12:00:00+09:00,8990.0,9030.0,8980.0,8990.0,9279,0.0,0.0
2024-07-11 13:00:00+09:00,9000.0,9020.0,8950.0,8990.0,12913,0.0,0.0
2024-07-11 14:00:00+09:00,8960.0,9050.0,8930.0,9010.0,14030,0.0,0.0
2024-07-12 09:00:00+09:00,9010.0,9080.0,8850.0,8910.0,33701,0.0,0.0
2024-07-12 10:00:00+09:00,8910.0,8960.0,8880.0,8900.0,21041,0.0,0.0
2024-07-12 11:00:00+09:00,8890.0,8920.0,8850.0,8850.0,24642,0.0,0.0
2024-07-12 12:00:00+09:00,8850.0,8900.0,8840.0,8860.0,11017,0.0,0.0
2024-07-12 13:00:00+09:00,8860.0,8880.0,8840.0,8870.0,14988,0.0,0.0
2024-07-12 14:00:00+09:00,8860.0,8860.0,8830.0,8850.0,11960,0.0,0.0
2024-07-15 09:00:00+09:00,8840.0,9090.0,8840.0,8990.0,5897,0.0,0.0
2024-07-15 10:00:00+09:00,8990.0,8990.0,8900.0,8910.0,8130,0.0,0.0
2024-07-15 11:00:00+09:00,8910.0,8910.0,8880.0,8900.0,10141,0.0,0.0
2024-07-15 12:00:00+09:00,8900.0,8900.0,8860.0,8890.0,9462,0.0,0.0
2024-07-15 13:00:00+09:00,8890.0,8950.0,8870.0,8910.0,7507,0.0,0.0
2024-07-15 14:00:00+09:00,8910.0,8920.0,8870.0,8890.0,8622,0.0,0.0
2024-07-16 09:00:00+09:00,8880.0,8910.0,8650.0,8700.0,74668,0.0,0.0
2024-07-16 10:00:00+09:00,8700.0,8750.0,8660.0,8750.0,14866,0.0,0.0
2024-07-16 11:00:00+09:00,8740.0,8740.0,8670.0,8720.0,13859,0.0,0.0
2024-07-16 12:00:00+09:00,8720.0,8830.0,8690.0,8810.0,23469,0.0,0.0
2024-07-16 13:00:00+09:00,8810.0,8810.0,8740.0,8770.0,2363,0.0,0.0
2024-07-16 14:00:00+09:00,8760.0,8770.0,8680.0,8720.0,13767,0.0,0.0
2024-07-17 09:00:00+09:00,8680.0,8740.0,8660.0,8700.0,25136,0.0,0.0
2024-07-17 10:00:00+09:00,8710.0,8840.0,8680.0,8700.0,62083,0.0,0.0
2024-07-17 11:00:00+09:00,8700.0,8720.0,8670.0,8720.0,7674,0.0,0.0
2024-07-17 12:00:00+09:00,8690.0,8710.0,8670.0,8700.0,5666,0.0,0.0
2024-07-17 13:00:00+09:00,8710.0,8740.0,8660.0,8670.0,10061,0.0,0.0
2024-07-17 14:00:00+09:00,8670.0,8700.0,8660.0,8660.0,17539,0.0,0.0
2024-07-18 09:00:00+09:00,8500.0,8500.0,8200.0,8350.0,113932,0.0,0.0
2024-07-18 10:00:00+09:00,8350.0,8360.0,8300.0,8300.0,21554,0.0,0.0
2024-07-18 11:00:00+09:00,8310.0,8340.0,8250.0,8290.0,14768,0.0,0.0
2024-07-18 12:00:00+09:00,8310.0,8340.0,8260.0,8290.0,11229,0.0,0.0
2024-07-18 13:00:00+09:00,8270.0,8300.0,8240.0,8240.0,17710,0.0,0.0
2024-07-18 14:00:00+09:00,8240.0,8260.0,8220.0,8240.0,19072,0.0,0.0
2024-07-19 09:00:00+09:00,8270.0,8350.0,8110.0,8170.0,29124,0.0,0.0
2024-07-19 10:00:00+09:00,8160.0,8190.0,8140.0,8180.0,8605,0.0,0.0
2024-07-19 11:00:00+09:00,8150.0,8180.0,8150.0,8160.0,4348,0.0,0.0
2024-07-19 12:00:00+09:00,8160.0,8170.0,8140.0,8150.0,8766,0.0,0.0
2024-07-19 13:00:00+09:00,8150.0,8150.0,8120.0,8130.0,8756,0.0,0.0
2024-07-19 14:00:00+09:00,8130.0,8180.0,8120.0,8160.0,7201,0.0,0.0
2024-07-22 09:00:00+09:00,8090.0,8280.0,7950.0,7950.0,0,0.0,0.0
2024-07-22 10:00:00+09:00,7960.0,8020.0,7910.0,7940.0,17090,0.0,0.0
2024-07-22 11:00:00+09:00,7930.0,7930.0,7880.0,7900.0,21370,0.0,0.0
2024-07-22 12:00:00+09:00,7900.0,7910.0,7850.0,7890.0,20565,0.0,0.0
2024-07-22 13:00:00+09:00,7890.0,7950.0,7870.0,7930.0,6807,0.0,0.0
2024-07-22 14:00:00+09:00,7930.0,7940.0,7900.0,7930.0,3975,0.0,0.0
2024-07-23 09:00:00+09:00,7990.0,8070.0,7960.0,8000.0,19030,0.0,0.0
2024-07-23 10:00:00+09:00,8000.0,8000.0,7870.0,7910.0,11343,0.0,0.0
2024-07-23 11:00:00+09:00,7910.0,7940.0,7860.0,7890.0,5586,0.0,0.0
2024-07-23 12:00:00+09:00,7880.0,7890.0,7860.0,7880.0,4664,0.0,0.0
2024-07-23 13:00:00+09:00,7880.0,7920.0,7880.0,7900.0,5148,0.0,0.0
2024-07-23 14:00:00+09:00,7890.0,7980.0,7880.0,7930.0,11293,0.0,0.0
2024-07-24 09:00:00+09:00,7820.0,8180.0,7800.0,8110.0,31286,0.0,0.0
2024-07-24 10:00:00+09:00,8100.0,8140.0,8050.0,8050.0,10727,0.0,0.0
2024-07-24 11:00:00+09:00,8050.0,8050.0,8020.0,8030.0,5488,0.0,0.0
2024-07-24 12:00:00+09:00,8020.0,8050.0,8010.0,8030.0,3725,0.0,0.0
2024-07-24 13:00:00+09:00,8030.0,8030.0,7950.0,7970.0,8506,0.0,0.0
2024-07-24 14:00:00+09:00,7990.0,8000.0,7970.0,8000.0,2891,0.0,0.0
2024-07-25 09:00:00+09:00,7990.0,8010.0,7830.0,7870.0,37448,0.0,0.0
2024-07-25 10:00:00+09:00,7850.0,7940.0,7850.0,7890.0,10764,0.0,0.0
2024-07-25 11:00:00+09:00,7890.0,8050.0,7860.0,7990.0,14865,0.0,0.0
2024-07-25 12:00:00+09:00,7990.0,8100.0,7990.0,8060.0,6330,0.0,0.0
2024-07-25 13:00:00+09:00,8060.0,8140.0,8000.0,8100.0,17586,0.0,0.0
2024-07-25 14:00:00+09:00,8100.0,8780.0,8050.0,8160.0,496667,0.0,0.0
2024-07-26 09:00:00+09:00,8100.0,8170.0,8070.0,8160.0,38492,0.0,0.0
2024-07-26 10:00:00+09:00,8160.0,8160.0,8100.0,8100.0,9465,0.0,0.0
2024-07-26 11:00:00+09:00,8140.0,8160.0,8100.0,8120.0,4755,0.0,0.0
2024-07-26 12:00:00+09:00,8150.0,8150.0,8110.0,8130.0,4499,0.0,0.0
2024-07-26 13:00:00+09:00,8120.0,8140.0,8100.0,8100.0,7562,0.0,0.0
2024-07-26 14:00:00+09:00,8110.0,8130.0,8100.0,8110.0,8196,0.0,0.0
2024-07-29 09:00:00+09:00,8100.0,8210.0,8080.0,8200.0,0,0.0,0.0
2024-07-29 10:00:00+09:00,8200.0,8290.0,8150.0,8250.0,35070,0.0,0.0
2024-07-29 11:00:00+09:00,8250.0,8270.0,8190.0,8200.0,10899,0.0,0.0
2024-07-29 12:00:00+09:00,8220.0,8260.0,8210.0,8260.0,4783,0.0,0.0
2024-07-29 13:00:00+09:00,8250.0,8280.0,8250.0,8260.0,6042,0.0,0.0
2024-07-29 14:00:00+09:00,8260.0,8370.0,8210.0,8290.0,40065,0.0,0.0
2024-07-30 09:00:00+09:00,8120.0,8250.0,8020.0,8020.0,47193,0.0,0.0
2024-07-30 10:00:00+09:00,8020.0,8130.0,8020.0,8030.0,9433,0.0,0.0
2024-07-30 11:00:00+09:00,8040.0,8060.0,8030.0,8040.0,2038,0.0,0.0
2024-07-30 12:00:00+09:00,8040.0,8040.0,7970.0,8000.0,16090,0.0,0.0
2024-07-30 13:00:00+09:00,8000.0,8020.0,7990.0,8000.0,4197,0.0,0.0
2024-07-30 14:00:00+09:00,8010.0,8030.0,7950.0,7970.0,16327,0.0,0.0
2024-07-31 09:00:00+09:00,7900.0,7950.0,7800.0,7880.0,30834,0.0,0.0
2024-07-31 10:00:00+09:00,7870.0,7890.0,7800.0,7860.0,18004,0.0,0.0
2024-07-31 11:00:00+09:00,7840.0,7860.0,7810.0,7840.0,6446,0.0,0.0
2024-07-31 12:00:00+09:00,7840.0,7840.0,7800.0,7810.0,10128,0.0,0.0
2024-07-31 13:00:00+09:00,7810.0,7830.0,7770.0,7780.0,21415,0.0,0.0
2024-07-31 14:00:00+09:00,7780.0,7830.0,7750.0,7830.0,13653,0.0,0.0
2024-08-01 09:00:00+09:00,7790.0,7980.0,7790.0,7950.0,30096,0.0,0.0
2024-08-01 10:00:00+09:00,7950.0,7950.0,7860.0,7900.0,3007,0.0,0.0
2024-08-01 11:00:00+09:00,7890.0,7930.0,7880.0,7910.0,3102,0.0,0.0
2024-08-01 12:00:00+09:00,7920.0,8050.0,7910.0,8020.0,15302,0.0,0.0
2024-08-01 13:00:00+09:00,8020.0,8060.0,8000.0,8020.0,7826,0.0,0.0
2024-08-01 14:00:00+09:00,8020.0,8040.0,7970.0,7970.0,7260,0.0,0.0
2024-08-02 09:00:00+09:00,7840.0,7880.0,7710.0,7730.0,50868,0.0,0.0
2024-08-02 10:00:00+09:00,7710.0,7780.0,7710.0,7710.0,12135,0.0,0.0
2024-08-02 11:00:00+09:00,7750.0,7750.0,7610.0,7640.0,24329,0.0,0.0
2024-08-02 12:00:00+09:00,7660.0,7660.0,7590.0,7590.0,18779,0.0,0.0
2024-08-02 13:00:00+09:00,7600.0,7630.0,7580.0,7590.0,11910,0.0,0.0
2024-08-02 14:00:00+09:00,7590.0,7600.0,7520.0,7540.0,25192,0.0,0.0
2024-08-05 09:00:00+09:00,7340.0,7490.0,6700.0,6990.0,0,0.0,0.0
2024-08-05 10:00:00+09:00,6980.0,6980.0,6760.0,6790.0,46208,0.0,0.0
2024-08-05 11:00:00+09:00,6790.0,6800.0,6650.0,6740.0,45675,0.0,0.0
2024-08-05 12:00:00+09:00,6720.0,6770.0,6610.0,6620.0,40941,0.0,0.0
2024-08-05 13:00:00+09:00,6610.0,6660.0,6490.0,6490.0,47860,0.0,0.0
2024-08-05 14:00:00+09:00,6500.0,6520.0,5880.0,6100.0,71155,0.0,0.0
2024-08-06 09:00:00+09:00,6050.0,6600.0,6050.0,6590.0,140078,0.0,0.0
2024-08-06 10:00:00+09:00,6590.0,6620.0,6280.0,6420.0,35853,0.0,0.0
2024-08-06 11:00:00+09:00,6400.0,6430.0,6350.0,6370.0,6474,0.0,0.0
2024-08-06 12:00:00+09:00,6370.0,6490.0,6330.0,6480.0,14315,0.0,0.0
2024-08-06 13:00:00+09:00,6470.0,6530.0,6430.0,6450.0,11918,0.0,0.0
2024-08-06 14:00:00+09:00,6430.0,6490.0,6360.0,6440.0,16904,0.0,0.0
2024-08-07 09:00:00+09:00,6400.0,6630.0,6400.0,6610.0,45146,0.0,0.0
2024-08-07 10:00:00+09:00,6620.0,6730.0,6570.0,6660.0,14305,0.0,0.0
2024-08-07 11:00:00+09:00,6670.0,6720.0,6630.0,6670.0,8174,0.0,0.0
2024-08-07 12:00:00+09:00,6690.0,6730.0,6650.0,6700.0,11563,0.0,0.0
2024-08-07 13:00:00+09:00,6690.0,6720.0,6670.0,6700.0,9993,0.0,0.0
2024-08-07 14:00:00+09:00,6710.0,6710.0,6580.0,6600.0,20419,0.0,0.0
2024-08-08 09:00:00+09:00,6540.0,6780.0,6510.0,6610.0,95811,0.0,0.0
2024-08-08 10:00:00+09:00,6590.0,6680.0,6550.0,6600.0,60255,0.0,0.0
2024-08-08 11:00:00+09:00,6590.0,6640.0,6560.0,6580.0,6369,0.0,0.0
2024-08-08 12:00:00+09:00,6600.0,6660.0,6570.0,6620.0,9924,0.0,0.0
2024-08-08 13:00:00+09:00,6620.0,6630.0,6520.0,6540.0,12205,0.0,0.0
2024-08-08 14:00:00+09:00,6520.0,6580.0,6500.0,6500.0,16476,0.0,0.0
2024-08-09 09:00:00+09:00,6600.0,6740.0,6590.0,6720.0,42771,0.0,0.0
2024-08-09 10:00:00+09:00,6720.0,6810.0,6650.0,6740.0,33465,0.0,0.0
2024-08-09 11:00:00+09:00,6750.0,6820.0,6740.0,6750.0,9129,0.0,0.0
2024-08-09 12:00:00+09:00,6770.0,6840.0,6720.0,6740.0,38144,0.0,0.0
2024-08-09 13:00:00+09:00,6750.0,6780.0,6680.0,6680.0,5201,0.0,0.0
2024-08-09 14:00:00+09:00,6680.0,6800.0,6670.0,6740.0,12017,0.0,0.0
2024-08-12 09:00:00+09:00,6790.0,6880.0,6760.0,6830.0,0,0.0,0.0
2024-08-12 10:00:00+09:00,6830.0,6880.0,6800.0,6830.0,6159,0.0,0.0
2024-08-12 11:00:00+09:00,6830.0,6840.0,6800.0,6840.0,3933,0.0,0.0
2024-08-12 12:00:00+09:00,6840.0,6880.0,6810.0,6870.0,3848,0.0,0.0
2024-08-12 13:00:00+09:00,6860.0,6880.0,6810.0,6870.0,7899,0.0,0.0
2024-08-12 14:00:00+09:00,6860.0,6880.0,6820.0,6820.0,6598,0.0,0.0
2024-08-13 09:00:00+09:00,6760.0,6890.0,6600.0,6710.0,21173,0.0,0.0
2024-08-13 10:00:00+09:00,6700.0,6700.0,6600.0,6620.0,6574,0.0,0.0
2024-08-13 11:00:00+09:00,6640.0,6670.0,6590.0,6670.0,12474,0.0,0.0
2024-08-13 12:00:00+09:00,6670.0,6680.0,6610.0,6670.0,6475,0.0,0.0
2024-08-13 13:00:00+09:00,6660.0,6680.0,6590.0,6680.0,4206,0.0,0.0
2024-08-13 14:00:00+09:00,6640.0,6760.0,6630.0,6700.0,18745,0.0,0.0
2024-08-14 09:00:00+09:00,6770.0,6870.0,6770.0,6830.0,14946,0.0,0.0
2024-08-14 10:00:00+09:00,6830.0,6830.0,6780.0,6800.0,5383,0.0,0.0
2024-08-14 11:00:00+09:00,6800.0,6880.0,6800.0,6860.0,12563,0.0,0.0
2024-08-14 12:00:00+09:00,6880.0,6880.0,6820.0,6850.0,3343,0.0,0.0
2024-08-14 13:00:00+09:00,6850.0,6880.0,6820.0,6830.0,4902,0.0,0.0
2024-08-14 14:00:00+09:00,6840.0,6860.0,6820.0,6850.0,4274,0.0,0.0
2024-08-16 09:00:00+09:00,6870.0,6970.0,6860.0,6960.0,0,0.0,0.0
2024-08-16 10:00:00+09:00,6950.0,6950.0,6900.0,6940.0,7094,0.0,0.0
2024-08-16 11:00:00+09:00,6930.0,6960.0,6900.0,6910.0,8828,0.0,0.0
2024-08-16 12:00:00+09:00,6910.0,6940.0,6900.0,6930.0,2256,0.0,0.0
2024-08-16 13:00:00+09:00,6910.0,6930.0,6900.0,6930.0,2837,0.0,0.0
2024-08-16 14:00:00+09:00,6930.0,6940.0,6900.0,6930.0,7378,0.0,0.0
2024-08-19 09:00:00+09:00,6940.0,6990.0,6800.0,6900.0,0,0.0,0.0
2024-08-19 10:00:00+09:00,6880.0,6990.0,6850.0,6910.0,12611,0.0,0.0
2024-08-19 11:00:00+09:00,6890.0,6940.0,6880.0,6920.0,6320,0.0,0.0
2024-08-19 12:00:00+09:00,6920.0,6950.0,6900.0,6950.0,4252,0.0,0.0
2024-08-19 13:00:00+09:00,6950.0,6960.0,6910.0,6920.0,4678,0.0,0.0
2024-08-19 14:00:00+09:00,6910.0,6920.0,6830.0,6840.0,12601,0.0,0.0
2024-08-20 09:00:00+09:00,6890.0,7040.0,6860.0,6990.0,31535,0.0,0.0
2024-08-20 10:00:00+09:00,6990.0,7000.0,6890.0,6910.0,11627,0.0,0.0
2024-08-20 11:00:00+09:00,6920.0,6970.0,6920.0,6940.0,2605,0.0,0.0
2024-08-20 12:00:00+09:00,6960.0,6970.0,6860.0,6920.0,7918,0.0,0.0
2024-08-20 13:00:00+09:00,6910.0,6930.0,6900.0,6910.0,3129,0.0,0.0
2024-08-20 14:00:00+09:00,6910.0,6970.0,6910.0,6950.0,5722,0.0,0.0
2024-08-21 09:00:00+09:00,6960.0,6990.0,6880.0,6890.0,15960,0.0,0.0
2024-08-21 10:00:00+09:00,6890.0,7190.0,6830.0,6840.0,46637,0.0,0.0
2024-08-21 11:00:00+09:00,6850.0,6880.0,6820.0,6880.0,8833,0.0,0.0
2024-08-21 12:00:00+09:00,6850.0,6970.0,6850.0,6880.0,1442,0.0,0.0
2024-08-21 13:00:00+09:00,6860.0,6920.0,6850.0,6870.0,2169,0.0,0.0
2024-08-21 14:00:00+09:00,6880.0,6940.0,6870.0,6890.0,5803,0.0,0.0
2024-08-22 09:00:00+09:00,6930.0,7040.0,6860.0,6880.0,23974,0.0,0.0
2024-08-22 10:00:00+09:00,6880.0,6900.0,6820.0,6850.0,4425,0.0,0.0
2024-08-22 11:00:00+09:00,6840.0,6840.0,6730.0,6770.0,12730,0.0,0.0
2024-08-22 12:00:00+09:00,6770.0,6770.0,6700.0,6750.0,12427,0.0,0.0
2024-08-22 13:00:00+09:00,6750.0,6780.0,6720.0,6770.0,2247,0.0,0.0
2024-08-22 14:00:00+09:00,6770.0,6800.0,6730.0,6740.0,5124,0.0,0.0
2024-08-23 09:00:00+09:00,6630.0,6780.0,6630.0,6770.0,7871,0.0,0.0
2024-08-23 10:00:00+09:00,6760.0,6760.0,6650.0,6700.0,5599,0.0,0.0
2024-08-23 11:00:00+09:00,6700.0,6700.0,6630.0,6670.0,5554,0.0,0.0
2024-08-23 12:00:00+09:00,6680.0,6760.0,6650.0,6730.0,3836,0.0,0.0
2024-08-23 13:00:00+09:00,6740.0,6770.0,6670.0,6740.0,5795,0.0,0.0
2024-08-23 14:00:00+09:00,6730.0,6740.0,6710.0,6740.0,2477,0.0,0.0
2024-08-26 09:00:00+09:00,7070.0,7170.0,6880.0,7040.0,156890,0.0,0.0
2024-08-26 10:00:00+09:00,7040.0,7090.0,6940.0,7030.0,41031,0.0,0.0
2024-08-26 11:00:00+09:00,7030.0,7120.0,7030.0,7080.0,24545,0.0,0.0
2024-08-26 12:00:00+09:00,7080.0,7650.0,7000.0,7020.0,441572,0.0,0.0
2024-08-26 13:00:00+09:00,7020.0,7120.0,7020.0,7060.0,15968,0.0,0.0
2024-08-26 14:00:00+09:00,7060.0,7070.0,7010.0,7050.0,16872,0.0,0.0
2024-08-27 09:00:00+09:00,7070.0,7360.0,6990.0,7350.0,189415,0.0,0.0
2024-08-27 10:00:00+09:00,7350.0,7500.0,7240.0,7330.0,144227,0.0,0.0
2024-08-27 11:00:00+09:00,7330.0,7500.0,7210.0,7380.0,96927,0.0,0.0
2024-08-27 12:00:00+09:00,7390.0,7770.0,7330.0,7440.0,705285,0.0,0.0
2024-08-27 13:00:00+09:00,7430.0,7550.0,7360.0,7360.0,138968,0.0,0.0
2024-08-27 14:00:00+09:00,7370.0,7430.0,7330.0,7340.0,36835,0.0,0.0
2024-08-28 09:00:00+09:00,7680.0,7850.0,7470.0,7550.0,338364,0.0,0.0
2024-08-28 10:00:00+09:00,7540.0,7550.0,7440.0,7440.0,27996,0.0,0.0
2024-08-28 11:00:00+09:00,7480.0,7490.0,7420.0,7430.0,21925,0.0,0.0
2024-08-28 12:00:00+09:00,7430.0,7600.0,7400.0,7440.0,59546,0.0,0.0
2024-08-28 13:00:00+09:00,7430.0,7750.0,7400.0,7710.0,169906,0.0,0.0
2024-08-28 14:00:00+09:00,7710.0,8450.0,7670.0,8330.0,2254788,0.0,0.0
2024-08-29 09:00:00+09:00,8200.0,8900.0,8100.0,8340.0,2232791,0.0,0.0
2024-08-29 10:00:00+09:00,8330.0,8600.0,7630.0,7650.0,1045357,0.0,0.0
2024-08-29 11:00:00+09:00,7650.0,7750.0,7400.0,7480.0,323541,0.0,0.0
2024-08-29 12:00:00+09:00,7490.0,7490.0,7380.0,7450.0,131457,0.0,0.0
2024-08-29 13:00:00+09:00,7450.0,7450.0,7200.0,7240.0,149679,0.0,0.0
2024-08-29 14:00:00+09:00,7240.0,7310.0,7170.0,7210.0,76068,0.0,0.0
2024-08-30 09:00:00+09:00,7100.0,7280.0,7000.0,7150.0,136318,0.0,0.0
2024-08-30 10:00:00+09:00,7150.0,7180.0,7080.0,7120.0,31204,0.0,0.0
2024-08-30 11:00:00+09:00,7130.0,7170.0,7080.0,7150.0,23483,0.0,0.0
2024-08-30 12:00:00+09:00,7160.0,7160.0,7030.0,7050.0,21232,0.0,0.0
2024-08-30 13:00:00+09:00,7050.0,7080.0,6970.0,6990.0,39603,0.0,0.0
2024-08-30 14:00:00+09:00,6990.0,7040.0,6990.0,7020.0,24928,0.0,0.0
2024-09-02 09:00:00+09:00,7100.0,7280.0,6950.0,7170.0,0,0.0,0.0
2024-09-02 10:00:00+09:00,7160.0,7300.0,7120.0,7140.0,131515,0.0,0.0
2024-09-02 11:00:00+09:00,7140.0,7530.0,7140.0,7300.0,320574,0.0,0.0
2024-09-02 12:00:00+09:00,7290.0,7330.0,7260.0,7280.0,30554,0.0,0.0
2024-09-02 13:00:00+09:00,7280.0,7320.0,7250.0,7250.0,31893,0.0,0.0
2024-09-02 14:00:00+09:00,7250.0,7280.0,7180.0,7230.0,31185,0.0,0.0
2024-09-03 09:00:00+09:00,7220.0,7230.0,7060.0,7150.0,63376,0.0,0.0
2024-09-03 10:00:00+09:00,7140.0,7160.0,7110.0,7160.0,17652,0.0,0.0
2024-09-03 11:00:00+09:00,7150.0,7170.0,7110.0,7110.0,7634,0.0,0.0
2024-09-03 12:00:00+09:00,7130.0,7130.0,7070.0,7120.0,14210,0.0,0.0
2024-09-03 13:00:00+09:00,7120.0,7120.0,7070.0,7070.0,11536,0.0,0.0
2024-09-03 14:00:00+09:00,7070.0,7110.0,7050.0,7070.0,15334,0.0,0.0
2024-09-04 09:00:00+09:00,6880.0,6900.0,6720.0,6840.0,48392,0.0,0.0
2024-09-04 10:00:00+09:00,6830.0,6860.0,6790.0,6850.0,9606,0.0,0.0
2024-09-04 11:00:00+09:00,6860.0,6890.0,6800.0,6860.0,8949,0.0,0.0
2024-09-04 12:00:00+09:00,6860.0,6870.0,6780.0,6780.0,11450,0.0,0.0
2024-09-04 13:00:00+09:00,6780.0,6810.0,6780.0,6780.0,7327,0.0,0.0
2024-09-04 14:00:00+09:00,6780.0,6790.0,6700.0,6750.0,31717,0.0,0.0
2024-09-05 09:00:00+09:00,6730.0,6890.0,6730.0,6860.0,25343,0.0,0.0
2024-09-05 10:00:00+09:00,6860.0,6890.0,6770.0,6770.0,16236,0.0,0.0
2024-09-05 11:00:00+09:00,6770.0,6770.0,6680.0,6750.0,15612,0.0,0.0
2024-09-05 12:00:00+09:00,6710.0,6710.0,6610.0,6650.0,11602,0.0,0.0
2024-09-05 13:00:00+09:00,6640.0,6680.0,6610.0,6620.0,0,0.0,0.0
2024-09-05 14:00:00+09:00,6630.0,6750.0,6620.0,6720.0,86454,0.0,0.0
2024-09-06 09:00:00+09:00,6580.0,6730.0,6450.0,6460.0,35462,0.0,0.0
2024-09-06 10:00:00+09:00,6460.0,6510.0,6340.0,6510.0,20433,0.0,0.0
2024-09-06 11:00:00+09:00,6520.0,6560.0,6440.0,6440.0,5588,0.0,0.0
2024-09-06 12:00:00+09:00,6450.0,6480.0,6450.0,6460.0,2483,0.0,0.0
2024-09-06 13:00:00+09:00,6450.0,6520.0,6450.0,6500.0,1750,0.0,0.0
2024-09-06 14:00:00+09:00,6500.0,6500.0,6440.0,6480.0,9882,0.0,0.0
2024-09-09 09:00:00+09:00,6180.0,6460.0,6180.0,6340.0,0,0.0,0.0
2024-09-09 10:00:00+09:00,6330.0,6380.0,6320.0,6380.0,4292,0.0,0.0
2024-09-09 11:00:00+09:00,6350.0,6430.0,6340.0,6430.0,6076,0.0,0.0
2024-09-09 12:00:00+09:00,6430.0,6450.0,6410.0,6450.0,5698,0.0,0.0
2024-09-09 13:00:00+09:00,6450.0,6540.0,6440.0,6510.0,5915,0.0,0.0
2024-09-09 14:00:00+09:00,6500.0,6560.0,6470.0,6560.0,6985,0.0,0.0
2024-09-10 09:00:00+09:00,6600.0,6600.0,6420.0,6540.0,11653,0.0,0.0
2024-09-10 10:00:00+09:00,6540.0,6560.0,6490.0,6530.0,8204,0.0,0.0
2024-09-10 11:00:00+09:00,6530.0,6540.0,6480.0,6540.0,4477,0.0,0.0
2024-09-10 12:00:00+09:00,6540.0,6540.0,6490.0,6490.0,2029,0.0,0.0
2024-09-10 13:00:00+09:00,6510.0,6530.0,6460.0,6460.0,5402,0.0,0.0
2024-09-10 14:00:00+09:00,6450.0,6490.0,6440.0,6480.0,3511,0.0,0.0
2024-09-11 09:00:00+09:00,6500.0,6570.0,6440.0,6540.0,9366,0.0,0.0
2024-09-11 10:00:00+09:00,6530.0,6530.0,6440.0,6450.0,9120,0.0,0.0
2024-09-11 11:00:00+09:00,6450.0,6490.0,6430.0,6440.0,3105,0.0,0.0
2024-09-11 12:00:00+09:00,6440.0,6450.0,6420.0,6420.0,4022,0.0,0.0
2024-09-11 13:00:00+09:00,6420.0,6480.0,6370.0,6370.0,7316,0.0,0.0
2024-09-11 14:00:00+09:00,6410.0,6420.0,6360.0,6400.0,3994,0.0,0.0
2024-09-12 09:00:00+09:00,6540.0,6680.0,6540.0,6610.0,19993,0.0,0.0
2024-09-12 10:00:00+09:00,6620.0,6680.0,6590.0,6680.0,9917,0.0,0.0
2024-09-12 11:00:00+09:00,6670.0,6670.0,6630.0,6660.0,3391,0.0,0.0
2024-09-12 12:00:00+09:00,6630.0,6690.0,6600.0,6660.0,8892,0.0,0.0
2024-09-12 13:00:00+09:00,6650.0,6680.0,6620.0,6670.0,6578,0.0,0.0
2024-09-12 14:00:00+09:00,6660.0,6700.0,6640.0,6670.0,15235,0.0,0.0
2024-09-13 09:00:00+09:00,6770.0,6790.0,6610.0,6660.0,10745,0.0,0.0
2024-09-13 10:00:00+09:00,6660.0,6700.0,6640.0,6690.0,2823,0.0,0.0
2024-09-13 11:00:00+09:00,6690.0,6940.0,6620.0,6660.0,37367,0.0,0.0
2024-09-13 12:00:00+09:00,6650.0,6680.0,6640.0,6660.0,3220,0.0,0.0
2024-09-13 13:00:00+09:00,6660.0,6750.0,6650.0,6670.0,2711,0.0,0.0
2024-09-13 14:00:00+09:00,6660.0,6760.0,6650.0,6720.0,2742,0.0,0.0
2024-09-19 09:00:00+09:00,6770.0,6770.0,6620.0,6660.0,0,0.0,0.0
2024-09-19 10:00:00+09:00,6660.0,6660.0,6560.0,6560.0,8783,0.0,0.0
2024-09-19 11:00:00+09:00,6560.0,6600.0,6560.0,6600.0,217,0.0,0.0
2024-09-19 12:00:00+09:00,6600.0,6600.0,6560.0,6590.0,2137,0.0,0.0
2024-09-19 13:00:00+09:00,6600.0,6640.0,6590.0,6640.0,790,0.0,0.0
2024-09-19 14:00:00+09:00,6640.0,6650.0,6610.0,6620.0,4164,0.0,0.0
2024-09-20 09:00:00+09:00,6630.0,6730.0,6630.0,6690.0,11225,0.0,0.0
2024-09-20 10:00:00+09:00,6690.0,6740.0,6640.0,6690.0,7323,0.0,0.0
2024-09-20 11:00:00+09:00,6690.0,6710.0,6680.0,6680.0,3611,0.0,0.0
2024-09-20 12:00:00+09:00,6680.0,6800.0,6670.0,6740.0,12237,0.0,0.0
2024-09-20 13:00:00+09:00,6720.0,6810.0,6690.0,6770.0,10765,0.0,0.0
2024-09-20 14:00:00+09:00,6730.0,6770.0,6660.0,6660.0,10231,0.0,0.0
