Datetime,Open,High,Low,Close,Volume,Dividends,Stock Splits
2024-05-23 09:00:00+08:00,0.28999999165534973,0.28999999165534973,0.28999999165534973,0.28999999165534973,10000,0.0,0.0
2024-05-23 09:05:00+08:00,0.28999999165534973,0.28999999165534973,0.28999999165534973,0.28999999165534973,22300,0.0,0.0
2024-05-23 09:10:00+08:00,0.28999999165534973,0.28999999165534973,0.28999999165534973,0.28999999165534973,200,0.0,0.0
2024-05-23 09:15:00+08:00,0.28999999165534973,0.28999999165534973,0.2849999964237213,0.28999999165534973,53300,0.0,0.0
2024-05-23 09:20:00+08:00,0.28999999165534973,0.28999999165534973,0.2849999964237213,0.28999999165534973,99600,0.0,0.0
2024-05-23 09:25:00+08:00,0.28999999165534973,0.28999999165534973,0.28999999165534973,0.28999999165534973,300,0.0,0.0
2024-05-23 09:30:00+08:00,0.28999999165534973,0.28999999165534973,0.2849999964237213,0.2849999964237213,100,0.0,0.0
2024-05-23 09:35:00+08:00,0.2849999964237213,0.28999999165534973,0.2849999964237213,0.28999999165534973,400,0.0,0.0
2024-05-23 09:40:00+08:00,0.28999999165534973,0.28999999165534973,0.28999999165534973,0.28999999165534973,700,0.0,0.0
2024-05-23 09:45:00+08:00,0.28999999165534973,0.28999999165534973,0.2849999964237213,0.2849999964237213,600,0.0,0.0
2024-05-23 09:50:00+08:00,0.2849999964237213,0.2849999964237213,0.2849999964237213,0.2849999964237213,500,0.0,0.0
2024-05-23 10:00:00+08:00,0.2849999964237213,0.2849999964237213,0.2849999964237213,0.2849999964237213,700,0.0,0.0
2024-05-23 10:05:00+08:00,0.2849999964237213,0.28999999165534973,0.2849999964237213,0.2849999964237213,2900,0.0,0.0
2024-05-23 10:10:00+08:00,0.2849999964237213,0.2849999964237213,0.2849999964237213,0.2849999964237213,100,0.0,0.0
2024-05-23 10:15:00+08:00,0.2849999964237213,0.28999999165534973,0.2849999964237213,0.2849999964237213,64300,0.0,0.0
2024-05-23 10:20:00+08:00,0.2849999964237213,0.28999999165534973,0.2849999964237213,0.2849999964237213,2100,0.0,0.0
2024-05-23 10:25:00+08:00,0.2849999964237213,0.2849999964237213,0.2849999964237213,0.2849999964237213,1200,0.0,0.0
2024-05-23 10:30:00+08:00,0.2849999964237213,0.28999999165534973,0.2849999964237213,0.2849999964237213,1900,0.0,0.0
2024-05-23 10:35:00+08:00,0.2849999964237213,0.2849999964237213,0.2849999964237213,0.2849999964237213,500,0.0,0.0
2024-05-23 10:40:00+08:00,0.2849999964237213,0.28999999165534973,0.2849999964237213,0.2849999964237213,8300,0.0,0.0
2024-05-23 10:45:00+08:00,0.2849999964237213,0.28999999165534973,0.2849999964237213,0.2849999964237213,1200,0.0,0.0
2024-05-23 10:50:00+08:00,0.2849999964237213,0.28999999165534973,0.2849999964237213,0.2849999964237213,416200,0.0,0.0
2024-05-23 10:55:00+08:00,0.2849999964237213,0.28999999165534973,0.2849999964237213,0.2849999964237213,3800,0.0,0.0
2024-05-23 11:00:00+08:00,0.2849999964237213,0.2849999964237213,0.2849999964237213,0.2849999964237213,7800,0.0,0.0
2024-05-23 11:05:00+08:00,0.2849999964237213,0.28999999165534973,0.2849999964237213,0.2849999964237213,11600,0.0,0.0
2024-05-23 11:10:00+08:00,0.2849999964237213,0.2849999964237213,0.2849999964237213,0.2849999964237213,4000,0.0,0.0
2024-05-23 11:15:00+08:00,0.2849999964237213,0.28999999165534973,0.2849999964237213,0.28999999165534973,5100,0.0,0.0
2024-05-23 11:20:00+08:00,0.28999999165534973,0.28999999165534973,0.2849999964237213,0.2849999964237213,7100,0.0,0.0
2024-05-23 11:25:00+08:00,0.2849999964237213,0.28999999165534973,0.2849999964237213,0.2849999964237213,5400,0.0,0.0
2024-05-23 11:30:00+08:00,0.2849999964237213,0.28999999165534973,0.2849999964237213,0.2849999964237213,4800,0.0,0.0
2024-05-23 11:35:00+08:00,0.2849999964237213,0.2849999964237213,0.2849999964237213,0.2849999964237213,2500,0.0,0.0
2024-05-23 11:40:00+08:00,0.2849999964237213,0.2849999964237213,0.2849999964237213,0.2849999964237213,300,0.0,0.0
2024-05-23 11:45:00+08:00,0.2849999964237213,0.2849999964237213,0.2849999964237213,0.2849999964237213,4200,0.0,0.0
2024-05-23 11:50:00+08:00,0.2849999964237213,0.2849999964237213,0.2849999964237213,0.2849999964237213,400,0.0,0.0
2024-05-23 11:55:00+08:00,0.2849999964237213,0.28999999165534973,0.2849999964237213,0.2849999964237213,10200,0.0,0.0
2024-05-23 12:55:00+08:00,0.2849999964237213,0.28999999165534973,0.2849999964237213,0.28999999165534973,1603200,0.0,0.0
2024-05-23 13:00:00+08:00,0.28999999165534973,0.28999999165534973,0.2849999964237213,0.2849999964237213,100,0.0,0.0
2024-05-23 13:10:00+08:00,0.2849999964237213,0.2849999964237213,0.2849999964237213,0.2849999964237213,500,0.0,0.0
2024-05-23 13:35:00+08:00,0.2849999964237213,0.2849999964237213,0.2849999964237213,0.2849999964237213,3100,0.0,0.0
2024-05-23 13:50:00+08:00,0.2849999964237213,0.2849999964237213,0.2849999964237213,0.2849999964237213,300,0.0,0.0
2024-05-23 14:05:00+08:00,0.2849999964237213,0.28999999165534973,0.2849999964237213,0.28999999165534973,57700,0.0,0.0
2024-05-23 14:10:00+08:00,0.28999999165534973,0.28999999165534973,0.28999999165534973,0.28999999165534973,100,0.0,0.0
2024-05-23 14:20:00+08:00,0.28999999165534973,0.28999999165534973,0.2849999964237213,0.28999999165534973,20400,0.0,0.0
2024-05-23 14:35:00+08:00,0.28999999165534973,0.28999999165534973,0.2849999964237213,0.2849999964237213,7900,0.0,0.0
2024-05-23 14:40:00+08:00,0.2849999964237213,0.2849999964237213,0.2849999964237213,0.2849999964237213,37600,0.0,0.0
2024-05-23 14:45:00+08:00,0.2849999964237213,0.28999999165534973,0.2849999964237213,0.28999999165534973,3900,0.0,0.0
2024-05-23 14:50:00+08:00,0.28999999165534973,0.28999999165534973,0.2849999964237213,0.2849999964237213,100,0.0,0.0
2024-05-23 14:55:00+08:00,0.2849999964237213,0.2849999964237213,0.2849999964237213,0.2849999964237213,1800,0.0,0.0
2024-05-23 15:00:00+08:00,0.2849999964237213,0.28999999165534973,0.2849999964237213,0.2849999964237213,1000,0.0,0.0
2024-05-23 15:05:00+08:00,0.2849999964237213,0.2849999964237213,0.2849999964237213,0.2849999964237213,2200,0.0,0.0
2024-05-23 15:10:00+08:00,0.2849999964237213,0.28999999165534973,0.2849999964237213,0.2849999964237213,2100,0.0,0.0
2024-05-23 15:15:00+08:00,0.2849999964237213,0.28999999165534973,0.2849999964237213,0.28999999165534973,6800,0.0,0.0
2024-05-23 15:20:00+08:00,0.28999999165534973,0.28999999165534973,0.2849999964237213,0.2849999964237213,8900,0.0,0.0
2024-05-23 15:25:00+08:00,0.2849999964237213,0.28999999165534973,0.2849999964237213,0.2849999964237213,3400,0.0,0.0
2024-05-23 15:30:00+08:00,0.2849999964237213,0.28999999165534973,0.2849999964237213,0.2849999964237213,1800,0.0,0.0
2024-05-23 15:35:00+08:00,0.2849999964237213,0.28999999165534973,0.2849999964237213,0.28999999165534973,4200,0.0,0.0
2024-05-23 15:40:00+08:00,0.28999999165534973,0.28999999165534973,0.2849999964237213,0.2849999964237213,2600,0.0,0.0
2024-05-23 15:45:00+08:00,0.2849999964237213,0.28999999165534973,0.2849999964237213,0.28999999165534973,3100,0.0,0.0
2024-05-23 15:50:00+08:00,0.28999999165534973,0.28999999165534973,0.2849999964237213,0.2849999964237213,8700,0.0,0.0
2024-05-23 15:55:00+08:00,0.2849999964237213,0.28999999165534973,0.2849999964237213,0.28999999165534973,2700,0.0,0.0
2024-05-23 16:00:00+08:00,0.28999999165534973,0.28999999165534973,0.2849999964237213,0.2849999964237213,18800,0.0,0.0
2024-05-23 16:05:00+08:00,0.2849999964237213,0.28999999165534973,0.2849999964237213,0.2849999964237213,3100,0.0,0.0
2024-05-23 16:10:00+08:00,0.2849999964237213,0.28999999165534973,0.2849999964237213,0.2849999964237213,13000,0.0,0.0
2024-05-23 16:15:00+08:00,0.2849999964237213,0.28999999165534973,0.2849999964237213,0.28999999165534973,8000,0.0,0.0
2024-05-23 16:20:00+08:00,0.28999999165534973,0.28999999165534973,0.2849999964237213,0.2849999964237213,21400,0.0,0.0
2024-05-23 16:25:00+08:00,0.2849999964237213,0.28999999165534973,0.2849999964237213,0.2849999964237213,8600,0.0,0.0
2024-05-23 16:30:00+08:00,0.2849999964237213,0.28999999165534973,0.2849999964237213,0.2849999964237213,12600,0.0,0.0
2024-05-23 16:35:00+08:00,0.2849999964237213,0.2849999964237213,0.2849999964237213,0.2849999964237213,9800,0.0,0.0
2024-05-23 16:40:00+08:00,0.2849999964237213,0.2849999964237213,0.2849999964237213,0.2849999964237213,10400,0.0,0.0
2024-05-23 16:45:00+08:00,0.2849999964237213,0.2849999964237213,0.2849999964237213,0.2849999964237213,13600,0.0,0.0
2024-05-23 16:50:00+08:00,0.2849999964237213,0.2849999964237213,0.2849999964237213,0.2849999964237213,6200,0.0,0.0
2024-05-23 16:55:00+08:00,0.2849999964237213,0.2849999964237213,0.2800000011920929,0.2800000011920929,3816700,0.0,0.0
2024-05-24 09:00:00+08:00,0.2849999964237213,0.28999999165534973,0.2800000011920929,0.28999999165534973,1293600,0.0,0.0
2024-05-24 09:05:00+08:00,0.28999999165534973,0.28999999165534973,0.28999999165534973,0.28999999165534973,1100,0.0,0.0
2024-05-24 09:10:00+08:00,0.28999999165534973,0.28999999165534973,0.28999999165534973,0.28999999165534973,15500,0.0,0.0
2024-05-24 09:30:00+08:00,0.28999999165534973,0.28999999165534973,0.2849999964237213,0.2849999964237213,8700,0.0,0.0
2024-05-24 09:45:00+08:00,0.2849999964237213,0.28999999165534973,0.2849999964237213,0.28999999165534973,700,0.0,0.0
2024-05-24 09:50:00+08:00,0.28999999165534973,0.28999999165534973,0.2849999964237213,0.2849999964237213,17700,0.0,0.0
2024-05-24 09:55:00+08:00,0.2849999964237213,0.2849999964237213,0.2849999964237213,0.2849999964237213,700,0.0,0.0
2024-05-24 10:00:00+08:00,0.2849999964237213,0.2849999964237213,0.2849999964237213,0.2849999964237213,100,0.0,0.0
2024-05-24 10:05:00+08:00,0.2849999964237213,0.28999999165534973,0.2849999964237213,0.28999999165534973,15100,0.0,0.0
2024-05-24 10:10:00+08:00,0.28999999165534973,0.28999999165534973,0.2849999964237213,0.28999999165534973,12800,0.0,0.0
2024-05-24 10:15:00+08:00,0.28999999165534973,0.28999999165534973,0.2849999964237213,0.2849999964237213,4900,0.0,0.0
2024-05-24 10:20:00+08:00,0.2849999964237213,0.28999999165534973,0.2849999964237213,0.28999999165534973,700,0.0,0.0
2024-05-24 10:30:00+08:00,0.28999999165534973,0.28999999165534973,0.2849999964237213,0.28999999165534973,16900,0.0,0.0
2024-05-24 10:35:00+08:00,0.28999999165534973,0.28999999165534973,0.2849999964237213,0.2849999964237213,500,0.0,0.0
2024-05-24 10:40:00+08:00,0.2849999964237213,0.28999999165534973,0.2849999964237213,0.2849999964237213,10100,0.0,0.0
2024-05-24 10:45:00+08:00,0.2849999964237213,0.28999999165534973,0.2849999964237213,0.28999999165534973,2300,0.0,0.0
2024-05-24 10:50:00+08:00,0.28999999165534973,0.28999999165534973,0.2849999964237213,0.28999999165534973,39800,0.0,0.0
2024-05-24 10:55:00+08:00,0.28999999165534973,0.28999999165534973,0.2849999964237213,0.2849999964237213,21800,0.0,0.0
2024-05-24 11:00:00+08:00,0.2849999964237213,0.28999999165534973,0.2849999964237213,0.2849999964237213,5200,0.0,0.0
2024-05-24 11:05:00+08:00,0.2849999964237213,0.28999999165534973,0.2849999964237213,0.28999999165534973,13300,0.0,0.0
2024-05-24 11:10:00+08:00,0.28999999165534973,0.28999999165534973,0.2849999964237213,0.2849999964237213,16300,0.0,0.0
2024-05-24 11:15:00+08:00,0.2849999964237213,0.2849999964237213,0.2849999964237213,0.2849999964237213,2600,0.0,0.0
2024-05-24 11:20:00+08:00,0.2849999964237213,0.28999999165534973,0.2849999964237213,0.2849999964237213,8500,0.0,0.0
2024-05-24 11:25:00+08:00,0.2849999964237213,0.28999999165534973,0.2849999964237213,0.28999999165534973,13100,0.0,0.0
2024-05-24 11:30:00+08:00,0.28999999165534973,0.28999999165534973,0.2849999964237213,0.28999999165534973,17400,0.0,0.0
2024-05-24 11:35:00+08:00,0.28999999165534973,0.28999999165534973,0.2849999964237213,0.2849999964237213,10300,0.0,0.0
2024-05-24 11:40:00+08:00,0.2849999964237213,0.2849999964237213,0.2849999964237213,0.2849999964237213,2900,0.0,0.0
2024-05-24 11:45:00+08:00,0.2849999964237213,0.28999999165534973,0.2849999964237213,0.28999999165534973,600,0.0,0.0
2024-05-24 11:50:00+08:00,0.28999999165534973,0.28999999165534973,0.2849999964237213,0.28999999165534973,17000,0.0,0.0
2024-05-24 11:55:00+08:00,0.28999999165534973,0.28999999165534973,0.2849999964237213,0.2849999964237213,36300,0.0,0.0
2024-05-24 12:55:00+08:00,0.2849999964237213,0.2849999964237213,0.2849999964237213,0.2849999964237213,32400,0.0,0.0
2024-05-24 13:00:00+08:00,0.2849999964237213,0.28999999165534973,0.2849999964237213,0.28999999165534973,10200,0.0,0.0
2024-05-24 13:10:00+08:00,0.28999999165534973,0.28999999165534973,0.2849999964237213,0.2849999964237213,17100,0.0,0.0
2024-05-24 13:15:00+08:00,0.2849999964237213,0.28999999165534973,0.2849999964237213,0.28999999165534973,1000,0.0,0.0
2024-05-24 13:30:00+08:00,0.28999999165534973,0.28999999165534973,0.2849999964237213,0.2849999964237213,11900,0.0,0.0
2024-05-24 13:35:00+08:00,0.2849999964237213,0.28999999165534973,0.2849999964237213,0.2849999964237213,12200,0.0,0.0
2024-05-24 13:40:00+08:00,0.2849999964237213,0.28999999165534973,0.2849999964237213,0.2849999964237213,7600,0.0,0.0
2024-05-24 13:45:00+08:00,0.2849999964237213,0.28999999165534973,0.2849999964237213,0.28999999165534973,566000,0.0,0.0
2024-05-24 13:50:00+08:00,0.28999999165534973,0.28999999165534973,0.2849999964237213,0.2849999964237213,25500,0.0,0.0
2024-05-24 13:55:00+08:00,0.2849999964237213,0.28999999165534973,0.2849999964237213,0.2849999964237213,25100,0.0,0.0
2024-05-24 14:00:00+08:00,0.2849999964237213,0.28999999165534973,0.2849999964237213,0.2849999964237213,18500,0.0,0.0
2024-05-24 14:05:00+08:00,0.2849999964237213,0.28999999165534973,0.2849999964237213,0.28999999165534973,3800,0.0,0.0
2024-05-24 14:10:00+08:00,0.28999999165534973,0.28999999165534973,0.2849999964237213,0.2849999964237213,39700,0.0,0.0
2024-05-24 14:15:00+08:00,0.2849999964237213,0.2849999964237213,0.2849999964237213,0.2849999964237213,10700,0.0,0.0
2024-05-24 14:20:00+08:00,0.2849999964237213,0.2849999964237213,0.2849999964237213,0.2849999964237213,4400,0.0,0.0
2024-05-24 14:25:00+08:00,0.2849999964237213,0.28999999165534973,0.2849999964237213,0.28999999165534973,106000,0.0,0.0
2024-05-24 14:30:00+08:00,0.28999999165534973,0.28999999165534973,0.2849999964237213,0.28999999165534973,20900,0.0,0.0
2024-05-24 14:35:00+08:00,0.28999999165534973,0.28999999165534973,0.2849999964237213,0.2849999964237213,2200,0.0,0.0
2024-05-24 14:40:00+08:00,0.2849999964237213,0.2849999964237213,0.2849999964237213,0.2849999964237213,2700,0.0,0.0
2024-05-24 14:45:00+08:00,0.2849999964237213,0.28999999165534973,0.2849999964237213,0.28999999165534973,1900,0.0,0.0
2024-05-24 14:50:00+08:00,0.28999999165534973,0.28999999165534973,0.2849999964237213,0.2849999964237213,61100,0.0,0.0
2024-05-24 14:55:00+08:00,0.2849999964237213,0.28999999165534973,0.2849999964237213,0.2849999964237213,22700,0.0,0.0
2024-05-24 15:00:00+08:00,0.2849999964237213,0.28999999165534973,0.2849999964237213,0.2849999964237213,11700,0.0,0.0
2024-05-24 15:05:00+08:00,0.2849999964237213,0.28999999165534973,0.2849999964237213,0.28999999165534973,9300,0.0,0.0
2024-05-24 15:10:00+08:00,0.28999999165534973,0.28999999165534973,0.2849999964237213,0.28999999165534973,26400,0.0,0.0
2024-05-24 15:15:00+08:00,0.28999999165534973,0.28999999165534973,0.2849999964237213,0.2849999964237213,29700,0.0,0.0
2024-05-24 15:20:00+08:00,0.2849999964237213,0.2849999964237213,0.2849999964237213,0.2849999964237213,5500,0.0,0.0
2024-05-24 15:25:00+08:00,0.2849999964237213,0.28999999165534973,0.2849999964237213,0.28999999165534973,2600,0.0,0.0
2024-05-24 15:30:00+08:00,0.28999999165534973,0.28999999165534973,0.2849999964237213,0.2849999964237213,30500,0.0,0.0
2024-05-24 15:35:00+08:00,0.2849999964237213,0.2849999964237213,0.2849999964237213,0.2849999964237213,15500,0.0,0.0
2024-05-24 15:40:00+08:00,0.2849999964237213,0.2849999964237213,0.2849999964237213,0.2849999964237213,6900,0.0,0.0
2024-05-24 15:45:00+08:00,0.2849999964237213,0.28999999165534973,0.2849999964237213,0.28999999165534973,39100,0.0,0.0
2024-05-24 15:50:00+08:00,0.28999999165534973,0.28999999165534973,0.2849999964237213,0.2849999964237213,45400,0.0,0.0
2024-05-24 15:55:00+08:00,0.2849999964237213,0.28999999165534973,0.2849999964237213,0.2849999964237213,5000,0.0,0.0
2024-05-24 16:00:00+08:00,0.2849999964237213,0.2849999964237213,0.2849999964237213,0.2849999964237213,3400,0.0,0.0
2024-05-24 16:05:00+08:00,0.2849999964237213,0.28999999165534973,0.2849999964237213,0.28999999165534973,116300,0.0,0.0
2024-05-24 16:10:00+08:00,0.28999999165534973,0.28999999165534973,0.2849999964237213,0.28999999165534973,39300,0.0,0.0
2024-05-24 16:15:00+08:00,0.28999999165534973,0.28999999165534973,0.2849999964237213,0.2849999964237213,24300,0.0,0.0
2024-05-24 16:20:00+08:00,0.2849999964237213,0.2849999964237213,0.2849999964237213,0.2849999964237213,8600,0.0,0.0
2024-05-24 16:25:00+08:00,0.2849999964237213,0.28999999165534973,0.2849999964237213,0.28999999165534973,6300,0.0,0.0
2024-05-24 16:30:00+08:00,0.28999999165534973,0.28999999165534973,0.2849999964237213,0.28999999165534973,53700,0.0,0.0
2024-05-24 16:35:00+08:00,0.28999999165534973,0.28999999165534973,0.2849999964237213,0.2849999964237213,10000,0.0,0.0
2024-05-24 16:40:00+08:00,0.2849999964237213,0.28999999165534973,0.2849999964237213,0.2849999964237213,10800,0.0,0.0
2024-05-24 16:45:00+08:00,0.2849999964237213,0.28999999165534973,0.2849999964237213,0.2849999964237213,61400,0.0,0.0
2024-05-24 16:50:00+08:00,0.2849999964237213,0.28999999165534973,0.2849999964237213,0.2849999964237213,129500,0.0,0.0
2024-05-24 16:55:00+08:00,0.2849999964237213,0.28999999165534973,0.2849999964237213,0.2849999964237213,77500,0.0,0.0
2024-05-27 09:05:00+08:00,0.28999999165534973,0.28999999165534973,0.28999999165534973,0.28999999165534973,100,0.0,0.0
2024-05-27 09:10:00+08:00,0.28999999165534973,0.28999999165534973,0.28999999165534973,0.28999999165534973,100,0.0,0.0
2024-05-27 09:15:00+08:00,0.28999999165534973,0.28999999165534973,0.2849999964237213,0.2849999964237213,100,0.0,0.0
2024-05-27 09:45:00+08:00,0.2849999964237213,0.28999999165534973,0.2849999964237213,0.28999999165534973,500,0.0,0.0
2024-05-27 10:20:00+08:00,0.28999999165534973,0.28999999165534973,0.28999999165534973,0.28999999165534973,200,0.0,0.0
2024-05-27 10:30:00+08:00,0.28999999165534973,0.28999999165534973,0.2849999964237213,0.2849999964237213,600,0.0,0.0
2024-05-27 10:55:00+08:00,0.2849999964237213,0.28999999165534973,0.2849999964237213,0.2849999964237213,7400,0.0,0.0
2024-05-27 11:00:00+08:00,0.2849999964237213,0.28999999165534973,0.2849999964237213,0.28999999165534973,800,0.0,0.0
2024-05-27 11:05:00+08:00,0.28999999165534973,0.28999999165534973,0.2849999964237213,0.2849999964237213,400,0.0,0.0
2024-05-27 11:10:00+08:00,0.2849999964237213,0.28999999165534973,0.2849999964237213,0.28999999165534973,10400,0.0,0.0
2024-05-27 11:15:00+08:00,0.28999999165534973,0.28999999165534973,0.2849999964237213,0.2849999964237213,44400,0.0,0.0
2024-05-27 11:20:00+08:00,0.2849999964237213,0.28999999165534973,0.2849999964237213,0.2849999964237213,7700,0.0,0.0
2024-05-27 11:25:00+08:00,0.2849999964237213,0.28999999165534973,0.2849999964237213,0.2849999964237213,23700,0.0,0.0
2024-05-27 11:30:00+08:00,0.2849999964237213,0.2849999964237213,0.2849999964237213,0.2849999964237213,100,0.0,0.0
2024-05-27 11:35:00+08:00,0.2849999964237213,0.2849999964237213,0.2849999964237213,0.2849999964237213,500,0.0,0.0
2024-05-27 11:40:00+08:00,0.2849999964237213,0.28999999165534973,0.2849999964237213,0.2849999964237213,4900,0.0,0.0
2024-05-27 11:50:00+08:00,0.2849999964237213,0.2849999964237213,0.2849999964237213,0.2849999964237213,500,0.0,0.0
2024-05-27 11:55:00+08:00,0.2849999964237213,0.28999999165534973,0.2849999964237213,0.2849999964237213,10300,0.0,0.0
2024-05-27 12:55:00+08:00,0.2849999964237213,0.2849999964237213,0.2849999964237213,0.2849999964237213,9000,0.0,0.0
2024-05-27 13:00:00+08:00,0.28999999165534973,0.28999999165534973,0.2849999964237213,0.2849999964237213,47200,0.0,0.0
2024-05-27 13:05:00+08:00,0.2849999964237213,0.28999999165534973,0.2849999964237213,0.28999999165534973,900,0.0,0.0
2024-05-27 13:15:00+08:00,0.28999999165534973,0.28999999165534973,0.2849999964237213,0.2849999964237213,4700,0.0,0.0
2024-05-27 13:30:00+08:00,0.2849999964237213,0.28999999165534973,0.2849999964237213,0.2849999964237213,1200,0.0,0.0
2024-05-27 13:40:00+08:00,0.2849999964237213,0.2849999964237213,0.2849999964237213,0.2849999964237213,3700,0.0,0.0
2024-05-27 13:45:00+08:00,0.2849999964237213,0.28999999165534973,0.2849999964237213,0.2849999964237213,3100,0.0,0.0
2024-05-27 13:50:00+08:00,0.2849999964237213,0.28999999165534973,0.2849999964237213,0.2849999964237213,2100,0.0,0.0
2024-05-27 13:55:00+08:00,0.2849999964237213,0.28999999165534973,0.2849999964237213,0.2849999964237213,1400,0.0,0.0
2024-05-27 14:00:00+08:00,0.2849999964237213,0.2849999964237213,0.2849999964237213,0.2849999964237213,700,0.0,0.0
2024-05-27 14:10:00+08:00,0.2849999964237213,0.28999999165534973,0.2849999964237213,0.28999999165534973,500,0.0,0.0
2024-05-27 14:15:00+08:00,0.28999999165534973,0.28999999165534973,0.2849999964237213,0.2849999964237213,100,0.0,0.0
2024-05-27 14:20:00+08:00,0.2849999964237213,0.28999999165534973,0.2849999964237213,0.2849999964237213,500,0.0,0.0
2024-05-27 14:25:00+08:00,0.2849999964237213,0.28999999165534973,0.2849999964237213,0.2849999964237213,8300,0.0,0.0
2024-05-27 14:30:00+08:00,0.2849999964237213,0.28999999165534973,0.2849999964237213,0.2849999964237213,1700,0.0,0.0
2024-05-27 14:40:00+08:00,0.2849999964237213,0.28999999165534973,0.2849999964237213,0.2849999964237213,900,0.0,0.0
2024-05-27 14:45:00+08:00,0.2849999964237213,0.28999999165534973,0.2849999964237213,0.2849999964237213,1700,0.0,0.0
2024-05-27 14:50:00+08:00,0.2849999964237213,0.28999999165534973,0.2849999964237213,0.2849999964237213,1700,0.0,0.0
2024-05-27 14:55:00+08:00,0.2849999964237213,0.28999999165534973,0.2849999964237213,0.2849999964237213,3900,0.0,0.0
2024-05-27 15:00:00+08:00,0.2849999964237213,0.2849999964237213,0.2849999964237213,0.2849999964237213,0,0.0,0.0
2024-05-27 15:05:00+08:00,0.2849999964237213,0.28999999165534973,0.2849999964237213,0.2849999964237213,244200,0.0,0.0
2024-05-27 15:10:00+08:00,0.2849999964237213,0.28999999165534973,0.2849999964237213,0.28999999165534973,3700,0.0,0.0
2024-05-27 15:15:00+08:00,0.28999999165534973,0.28999999165534973,0.2849999964237213,0.2849999964237213,3900,0.0,0.0
2024-05-27 15:20:00+08:00,0.2849999964237213,0.28999999165534973,0.2849999964237213,0.2849999964237213,2800,0.0,0.0
2024-05-27 15:25:00+08:00,0.2849999964237213,0.28999999165534973,0.2849999964237213,0.2849999964237213,8800,0.0,0.0
2024-05-27 15:30:00+08:00,0.2849999964237213,0.28999999165534973,0.2849999964237213,0.2849999964237213,3100,0.0,0.0
2024-05-27 15:35:00+08:00,0.2849999964237213,0.28999999165534973,0.2849999964237213,0.2849999964237213,1600,0.0,0.0
2024-05-27 15:40:00+08:00,0.2849999964237213,0.28999999165534973,0.2849999964237213,0.2849999964237213,6400,0.0,0.0
2024-05-27 15:45:00+08:00,0.2849999964237213,0.28999999165534973,0.2849999964237213,0.2849999964237213,2400,0.0,0.0
2024-05-27 15:50:00+08:00,0.2849999964237213,0.28999999165534973,0.2849999964237213,0.2849999964237213,2000,0.0,0.0
2024-05-27 15:55:00+08:00,0.2849999964237213,0.2849999964237213,0.2849999964237213,0.2849999964237213,300,0.0,0.0
2024-05-27 16:00:00+08:00,0.2849999964237213,0.28999999165534973,0.2849999964237213,0.2849999964237213,1200,0.0,0.0
2024-05-27 16:05:00+08:00,0.2849999964237213,0.28999999165534973,0.2849999964237213,0.2849999964237213,67500,0.0,0.0
2024-05-27 16:10:00+08:00,0.2849999964237213,0.28999999165534973,0.2849999964237213,0.2849999964237213,16100,0.0,0.0
2024-05-27 16:15:00+08:00,0.2849999964237213,0.28999999165534973,0.2849999964237213,0.2849999964237213,3500,0.0,0.0
2024-05-27 16:20:00+08:00,0.2849999964237213,0.28999999165534973,0.2849999964237213,0.2849999964237213,9600,0.0,0.0
2024-05-27 16:25:00+08:00,0.2849999964237213,0.28999999165534973,0.2849999964237213,0.2849999964237213,56900,0.0,0.0
2024-05-27 16:30:00+08:00,0.2849999964237213,0.28999999165534973,0.2849999964237213,0.2849999964237213,120300,0.0,0.0
2024-05-27 16:35:00+08:00,0.2849999964237213,0.28999999165534973,0.2849999964237213,0.2849999964237213,18600,0.0,0.0
2024-05-27 16:40:00+08:00,0.2849999964237213,0.28999999165534973,0.2849999964237213,0.2849999964237213,16100,0.0,0.0
2024-05-27 16:45:00+08:00,0.2849999964237213,0.28999999165534973,0.2849999964237213,0.2849999964237213,14800,0.0,0.0
2024-05-27 16:50:00+08:00,0.2849999964237213,0.28999999165534973,0.2849999964237213,0.2849999964237213,28200,0.0,0.0
2024-05-27 16:55:00+08:00,0.2849999964237213,0.28999999165534973,0.2849999964237213,0.28999999165534973,144800,0.0,0.0
2024-05-28 09:10:00+08:00,0.2849999964237213,0.2849999964237213,0.2849999964237213,0.2849999964237213,100,0.0,0.0
2024-05-28 09:20:00+08:00,0.2849999964237213,0.2849999964237213,0.2849999964237213,0.2849999964237213,100,0.0,0.0
2024-05-28 09:25:00+08:00,0.2849999964237213,0.2849999964237213,0.2849999964237213,0.2849999964237213,100,0.0,0.0
2024-05-28 09:50:00+08:00,0.2849999964237213,0.2849999964237213,0.2849999964237213,0.2849999964237213,500,0.0,0.0
2024-05-28 10:30:00+08:00,0.2849999964237213,0.2849999964237213,0.2849999964237213,0.2849999964237213,100,0.0,0.0
2024-05-28 10:50:00+08:00,0.2849999964237213,0.2849999964237213,0.2849999964237213,0.2849999964237213,6500,0.0,0.0
2024-05-28 11:10:00+08:00,0.2849999964237213,0.2849999964237213,0.2849999964237213,0.2849999964237213,100,0.0,0.0
2024-05-28 12:55:00+08:00,0.2849999964237213,0.2849999964237213,0.2849999964237213,0.2849999964237213,16000,0.0,0.0
2024-05-28 13:00:00+08:00,0.2849999964237213,0.28999999165534973,0.2849999964237213,0.2849999964237213,215800,0.0,0.0
2024-05-28 13:05:00+08:00,0.2849999964237213,0.28999999165534973,0.2849999964237213,0.2849999964237213,11800,0.0,0.0
2024-05-28 13:10:00+08:00,0.2849999964237213,0.2849999964237213,0.2849999964237213,0.2849999964237213,4600,0.0,0.0
2024-05-28 13:15:00+08:00,0.2849999964237213,0.28999999165534973,0.2849999964237213,0.2849999964237213,6000,0.0,0.0
2024-05-28 13:20:00+08:00,0.2849999964237213,0.28999999165534973,0.2849999964237213,0.2849999964237213,9100,0.0,0.0
2024-05-28 13:25:00+08:00,0.2849999964237213,0.28999999165534973,0.2849999964237213,0.2849999964237213,8200,0.0,0.0
2024-05-28 13:30:00+08:00,0.2849999964237213,0.28999999165534973,0.2849999964237213,0.2849999964237213,96500,0.0,0.0
2024-05-28 13:35:00+08:00,0.2849999964237213,0.28999999165534973,0.2849999964237213,0.2849999964237213,4800,0.0,0.0
2024-05-28 13:40:00+08:00,0.2849999964237213,0.28999999165534973,0.2849999964237213,0.2849999964237213,66800,0.0,0.0
2024-05-28 13:45:00+08:00,0.2849999964237213,0.2849999964237213,0.2849999964237213,0.2849999964237213,18500,0.0,0.0
2024-05-28 13:50:00+08:00,0.2849999964237213,0.28999999165534973,0.2849999964237213,0.2849999964237213,57900,0.0,0.0
2024-05-28 13:55:00+08:00,0.2849999964237213,0.28999999165534973,0.2849999964237213,0.2849999964237213,6700,0.0,0.0
2024-05-28 14:20:00+08:00,0.2849999964237213,0.2849999964237213,0.2849999964237213,0.2849999964237213,7300,0.0,0.0
2024-05-28 14:25:00+08:00,0.2849999964237213,0.2849999964237213,0.2849999964237213,0.2849999964237213,700,0.0,0.0
2024-05-28 14:30:00+08:00,0.2849999964237213,0.28999999165534973,0.2849999964237213,0.28999999165534973,100,0.0,0.0
2024-05-28 14:45:00+08:00,0.28999999165534973,0.28999999165534973,0.2849999964237213,0.2849999964237213,14400,0.0,0.0
2024-05-28 14:50:00+08:00,0.2849999964237213,0.28999999165534973,0.2849999964237213,0.2849999964237213,1500,0.0,0.0
2024-05-28 14:55:00+08:00,0.2849999964237213,0.28999999165534973,0.2849999964237213,0.2849999964237213,6300,0.0,0.0
2024-05-28 15:00:00+08:00,0.2849999964237213,0.2849999964237213,0.2849999964237213,0.2849999964237213,1300,0.0,0.0
2024-05-28 15:05:00+08:00,0.2849999964237213,0.28999999165534973,0.2849999964237213,0.28999999165534973,1900,0.0,0.0
2024-05-28 15:10:00+08:00,0.28999999165534973,0.28999999165534973,0.2849999964237213,0.2849999964237213,1600,0.0,0.0
2024-05-28 15:15:00+08:00,0.2849999964237213,0.28999999165534973,0.2849999964237213,0.2849999964237213,7100,0.0,0.0
2024-05-28 15:20:00+08:00,0.2849999964237213,0.28999999165534973,0.2849999964237213,0.28999999165534973,21000,0.0,0.0
2024-05-28 15:30:00+08:00,0.28999999165534973,0.28999999165534973,0.2849999964237213,0.2849999964237213,5800,0.0,0.0
2024-05-28 15:35:00+08:00,0.2849999964237213,0.28999999165534973,0.2849999964237213,0.2849999964237213,500,0.0,0.0
2024-05-28 15:40:00+08:00,0.2849999964237213,0.2849999964237213,0.2849999964237213,0.2849999964237213,1200,0.0,0.0
2024-05-28 15:45:00+08:00,0.2849999964237213,0.2849999964237213,0.2849999964237213,0.2849999964237213,6300,0.0,0.0
2024-05-28 15:50:00+08:00,0.2849999964237213,0.28999999165534973,0.2849999964237213,0.2849999964237213,56600,0.0,0.0
2024-05-28 15:55:00+08:00,0.2849999964237213,0.28999999165534973,0.2849999964237213,0.28999999165534973,883800,0.0,0.0
2024-05-28 16:00:00+08:00,0.2849999964237213,0.2849999964237213,0.2800000011920929,0.2800000011920929,3484200,0.0,0.0
2024-05-28 16:05:00+08:00,0.2800000011920929,0.2849999964237213,0.2800000011920929,0.2849999964237213,2669700,0.0,0.0
2024-05-28 16:10:00+08:00,0.2849999964237213,0.2849999964237213,0.2849999964237213,0.2849999964237213,8900,0.0,0.0
2024-05-28 16:15:00+08:00,0.2849999964237213,0.28999999165534973,0.2849999964237213,0.2849999964237213,101700,0.0,0.0
2024-05-28 16:20:00+08:00,0.2849999964237213,0.2849999964237213,0.2849999964237213,0.2849999964237213,600,0.0,0.0
2024-05-28 16:25:00+08:00,0.2849999964237213,0.2849999964237213,0.2849999964237213,0.2849999964237213,500,0.0,0.0
2024-05-28 16:30:00+08:00,0.2849999964237213,0.2849999964237213,0.2849999964237213,0.2849999964237213,100,0.0,0.0
2024-05-28 16:35:00+08:00,0.2849999964237213,0.2849999964237213,0.2849999964237213,0.2849999964237213,100,0.0,0.0
2024-05-28 16:40:00+08:00,0.2849999964237213,0.2849999964237213,0.2849999964237213,0.2849999964237213,600,0.0,0.0
2024-05-28 16:45:00+08:00,0.2849999964237213,0.28999999165534973,0.2849999964237213,0.28999999165534973,7500,0.0,0.0
2024-05-28 16:50:00+08:00,0.28999999165534973,0.28999999165534973,0.2849999964237213,0.2849999964237213,3600,0.0,0.0
2024-05-28 16:55:00+08:00,0.2849999964237213,0.28999999165534973,0.2849999964237213,0.2849999964237213,280700,0.0,0.0
2024-05-29 09:00:00+08:00,0.28999999165534973,0.28999999165534973,0.2849999964237213,0.2849999964237213,300,0.0,0.0
2024-05-29 09:45:00+08:00,0.2849999964237213,0.2849999964237213,0.2849999964237213,0.2849999964237213,500,0.0,0.0
2024-05-29 09:50:00+08:00,0.2849999964237213,0.2849999964237213,0.2849999964237213,0.2849999964237213,100,0.0,0.0
2024-05-29 09:55:00+08:00,0.2849999964237213,0.28999999165534973,0.2849999964237213,0.28999999165534973,5100,0.0,0.0
2024-05-29 10:05:00+08:00,0.28999999165534973,0.28999999165534973,0.2849999964237213,0.2849999964237213,200,0.0,0.0
2024-05-29 10:30:00+08:00,0.2849999964237213,0.2849999964237213,0.2849999964237213,0.2849999964237213,200,0.0,0.0
2024-05-29 11:00:00+08:00,0.2849999964237213,0.28999999165534973,0.2849999964237213,0.2849999964237213,3400,0.0,0.0
2024-05-29 11:20:00+08:00,0.28999999165534973,0.28999999165534973,0.28999999165534973,0.28999999165534973,0,0.0,0.0
2024-05-29 11:25:00+08:00,0.28999999165534973,0.28999999165534973,0.2849999964237213,0.2849999964237213,63400,0.0,0.0
2024-05-29 11:30:00+08:00,0.2849999964237213,0.28999999165534973,0.2849999964237213,0.2849999964237213,39400,0.0,0.0
2024-05-29 11:35:00+08:00,0.2849999964237213,0.2849999964237213,0.2849999964237213,0.2849999964237213,100,0.0,0.0
2024-05-29 11:40:00+08:00,0.2849999964237213,0.28999999165534973,0.2849999964237213,0.28999999165534973,1800,0.0,0.0
2024-05-29 11:45:00+08:00,0.28999999165534973,0.28999999165534973,0.2849999964237213,0.2849999964237213,400,0.0,0.0
2024-05-29 11:50:00+08:00,0.2849999964237213,0.2849999964237213,0.2849999964237213,0.2849999964237213,600,0.0,0.0
2024-05-29 11:55:00+08:00,0.2849999964237213,0.28999999165534973,0.2849999964237213,0.2849999964237213,2300,0.0,0.0
2024-05-29 12:55:00+08:00,0.2849999964237213,0.28999999165534973,0.2849999964237213,0.28999999165534973,20400,0.0,0.0
2024-05-29 13:20:00+08:00,0.28999999165534973,0.28999999165534973,0.2849999964237213,0.2849999964237213,7900,0.0,0.0
2024-05-29 13:25:00+08:00,0.2849999964237213,0.2849999964237213,0.2849999964237213,0.2849999964237213,100,0.0,0.0
2024-05-29 13:40:00+08:00,0.2849999964237213,0.2849999964237213,0.2849999964237213,0.2849999964237213,2300,0.0,0.0
2024-05-29 13:45:00+08:00,0.2849999964237213,0.2849999964237213,0.2849999964237213,0.2849999964237213,600,0.0,0.0
2024-05-29 13:50:00+08:00,0.2849999964237213,0.28999999165534973,0.2849999964237213,0.2849999964237213,10400,0.0,0.0
2024-05-29 13:55:00+08:00,0.2849999964237213,0.2849999964237213,0.2849999964237213,0.2849999964237213,900,0.0,0.0
2024-05-29 14:00:00+08:00,0.2849999964237213,0.2849999964237213,0.2849999964237213,0.2849999964237213,200,0.0,0.0
2024-05-29 14:15:00+08:00,0.2849999964237213,0.2849999964237213,0.2849999964237213,0.2849999964237213,300,0.0,0.0
2024-05-29 14:20:00+08:00,0.2849999964237213,0.2849999964237213,0.2849999964237213,0.2849999964237213,500,0.0,0.0
2024-05-29 14:25:00+08:00,0.2849999964237213,0.2849999964237213,0.2849999964237213,0.2849999964237213,500,0.0,0.0
2024-05-29 14:30:00+08:00,0.2849999964237213,0.2849999964237213,0.2849999964237213,0.2849999964237213,100,0.0,0.0
2024-05-29 14:40:00+08:00,0.2849999964237213,0.2849999964237213,0.2849999964237213,0.2849999964237213,100,0.0,0.0
2024-05-29 14:50:00+08:00,0.2849999964237213,0.28999999165534973,0.2849999964237213,0.2849999964237213,700,0.0,0.0
2024-05-29 14:55:00+08:00,0.2849999964237213,0.28999999165534973,0.2849999964237213,0.2849999964237213,3200,0.0,0.0
2024-05-29 15:00:00+08:00,0.2849999964237213,0.2849999964237213,0.2849999964237213,0.2849999964237213,400,0.0,0.0
2024-05-29 15:05:00+08:00,0.2849999964237213,0.2849999964237213,0.2849999964237213,0.2849999964237213,1300,0.0,0.0
2024-05-29 15:10:00+08:00,0.2849999964237213,0.2849999964237213,0.2849999964237213,0.2849999964237213,500,0.0,0.0
2024-05-29 15:15:00+08:00,0.2849999964237213,0.2849999964237213,0.2849999964237213,0.2849999964237213,100,0.0,0.0
2024-05-29 15:20:00+08:00,0.2849999964237213,0.2849999964237213,0.2849999964237213,0.2849999964237213,1300,0.0,0.0
2024-05-29 15:25:00+08:00,0.2849999964237213,0.2849999964237213,0.2849999964237213,0.2849999964237213,700,0.0,0.0
2024-05-29 15:30:00+08:00,0.2849999964237213,0.2849999964237213,0.2849999964237213,0.2849999964237213,500,0.0,0.0
2024-05-29 15:35:00+08:00,0.2849999964237213,0.2849999964237213,0.2849999964237213,0.2849999964237213,800,0.0,0.0
2024-05-29 15:40:00+08:00,0.2849999964237213,0.28999999165534973,0.2849999964237213,0.2849999964237213,700,0.0,0.0
2024-05-29 15:45:00+08:00,0.2849999964237213,0.28999999165534973,0.2849999964237213,0.2849999964237213,6700,0.0,0.0
2024-05-29 15:50:00+08:00,0.2849999964237213,0.2849999964237213,0.2849999964237213,0.2849999964237213,1100,0.0,0.0
2024-05-29 15:55:00+08:00,0.2849999964237213,0.28999999165534973,0.2849999964237213,0.2849999964237213,600,0.0,0.0
2024-05-29 16:00:00+08:00,0.2849999964237213,0.28999999165534973,0.2849999964237213,0.2849999964237213,800,0.0,0.0
2024-05-29 16:05:00+08:00,0.2849999964237213,0.2849999964237213,0.2849999964237213,0.2849999964237213,300,0.0,0.0
2024-05-29 16:10:00+08:00,0.2849999964237213,0.28999999165534973,0.2849999964237213,0.2849999964237213,5500,0.0,0.0
2024-05-29 16:15:00+08:00,0.2849999964237213,0.28999999165534973,0.2849999964237213,0.2849999964237213,3700,0.0,0.0
2024-05-29 16:20:00+08:00,0.2849999964237213,0.28999999165534973,0.2849999964237213,0.2849999964237213,1500,0.0,0.0
2024-05-29 16:25:00+08:00,0.2849999964237213,0.28999999165534973,0.2849999964237213,0.2849999964237213,1300,0.0,0.0
2024-05-29 16:30:00+08:00,0.2849999964237213,0.28999999165534973,0.2849999964237213,0.28999999165534973,3400,0.0,0.0
2024-05-29 16:35:00+08:00,0.28999999165534973,0.28999999165534973,0.2849999964237213,0.2849999964237213,1900,0.0,0.0
2024-05-29 16:40:00+08:00,0.2849999964237213,0.28999999165534973,0.2849999964237213,0.2849999964237213,2600,0.0,0.0
2024-05-29 16:45:00+08:00,0.2849999964237213,0.28999999165534973,0.2849999964237213,0.2849999964237213,33400,0.0,0.0
2024-05-29 16:50:00+08:00,0.2849999964237213,0.28999999165534973,0.2849999964237213,0.2849999964237213,7600,0.0,0.0
2024-05-29 16:55:00+08:00,0.2849999964237213,0.28999999165534973,0.2849999964237213,0.28999999165534973,13500,0.0,0.0
2024-05-30 09:05:00+08:00,0.28999999165534973,0.28999999165534973,0.2849999964237213,0.2849999964237213,1000,0.0,0.0
2024-05-30 09:35:00+08:00,0.2849999964237213,0.28999999165534973,0.2849999964237213,0.28999999165534973,300,0.0,0.0
2024-05-30 09:40:00+08:00,0.28999999165534973,0.28999999165534973,0.2849999964237213,0.2849999964237213,700,0.0,0.0
2024-05-30 09:45:00+08:00,0.2849999964237213,0.28999999165534973,0.2849999964237213,0.2849999964237213,1400,0.0,0.0
2024-05-30 09:50:00+08:00,0.2849999964237213,0.2849999964237213,0.2849999964237213,0.2849999964237213,100,0.0,0.0
2024-05-30 09:55:00+08:00,0.2849999964237213,0.28999999165534973,0.2849999964237213,0.2849999964237213,36400,0.0,0.0
2024-05-30 10:00:00+08:00,0.2849999964237213,0.2849999964237213,0.2849999964237213,0.2849999964237213,500,0.0,0.0
2024-05-30 10:05:00+08:00,0.2849999964237213,0.2849999964237213,0.2849999964237213,0.2849999964237213,1900,0.0,0.0
2024-05-30 10:10:00+08:00,0.2849999964237213,0.2849999964237213,0.2849999964237213,0.2849999964237213,300,0.0,0.0
2024-05-30 10:15:00+08:00,0.2849999964237213,0.2849999964237213,0.2849999964237213,0.2849999964237213,500,0.0,0.0
2024-05-30 10:55:00+08:00,0.2849999964237213,0.2849999964237213,0.2849999964237213,0.2849999964237213,300,0.0,0.0
2024-05-30 11:00:00+08:00,0.2849999964237213,0.2849999964237213,0.2849999964237213,0.2849999964237213,400,0.0,0.0
2024-05-30 11:05:00+08:00,0.2849999964237213,0.2849999964237213,0.2849999964237213,0.2849999964237213,300,0.0,0.0
2024-05-30 11:10:00+08:00,0.2849999964237213,0.2849999964237213,0.2849999964237213,0.2849999964237213,400,0.0,0.0
2024-05-30 11:15:00+08:00,0.2849999964237213,0.2849999964237213,0.2849999964237213,0.2849999964237213,500,0.0,0.0
2024-05-30 11:20:00+08:00,0.2849999964237213,0.2849999964237213,0.2849999964237213,0.2849999964237213,500,0.0,0.0
2024-05-30 11:25:00+08:00,0.2849999964237213,0.2849999964237213,0.2849999964237213,0.2849999964237213,100,0.0,0.0
2024-05-30 11:30:00+08:00,0.2849999964237213,0.2849999964237213,0.2849999964237213,0.2849999964237213,700,0.0,0.0
2024-05-30 11:35:00+08:00,0.2849999964237213,0.2849999964237213,0.2849999964237213,0.2849999964237213,1200,0.0,0.0
2024-05-30 11:40:00+08:00,0.2849999964237213,0.2849999964237213,0.2849999964237213,0.2849999964237213,600,0.0,0.0
2024-05-30 11:45:00+08:00,0.2849999964237213,0.2849999964237213,0.2849999964237213,0.2849999964237213,7300,0.0,0.0
2024-05-30 11:50:00+08:00,0.2849999964237213,0.2849999964237213,0.2849999964237213,0.2849999964237213,600,0.0,0.0
2024-05-30 11:55:00+08:00,0.2849999964237213,0.2849999964237213,0.2849999964237213,0.2849999964237213,1300,0.0,0.0
2024-05-30 12:55:00+08:00,0.2849999964237213,0.2849999964237213,0.2849999964237213,0.2849999964237213,16300,0.0,0.0
2024-05-30 13:25:00+08:00,0.2849999964237213,0.2849999964237213,0.2849999964237213,0.2849999964237213,300,0.0,0.0
2024-05-30 13:30:00+08:00,0.2849999964237213,0.28999999165534973,0.2849999964237213,0.28999999165534973,1400,0.0,0.0
2024-05-30 13:35:00+08:00,0.28999999165534973,0.28999999165534973,0.2849999964237213,0.2849999964237213,5200,0.0,0.0
2024-05-30 13:40:00+08:00,0.2849999964237213,0.2849999964237213,0.2849999964237213,0.2849999964237213,1600,0.0,0.0
2024-05-30 13:45:00+08:00,0.2849999964237213,0.2849999964237213,0.2849999964237213,0.2849999964237213,700,0.0,0.0
2024-05-30 13:50:00+08:00,0.2849999964237213,0.28999999165534973,0.2849999964237213,0.2849999964237213,2000,0.0,0.0
2024-05-30 13:55:00+08:00,0.2849999964237213,0.28999999165534973,0.2849999964237213,0.28999999165534973,13100,0.0,0.0
2024-05-30 14:00:00+08:00,0.28999999165534973,0.28999999165534973,0.2849999964237213,0.2849999964237213,1200,0.0,0.0
2024-05-30 14:05:00+08:00,0.2849999964237213,0.28999999165534973,0.2849999964237213,0.28999999165534973,900,0.0,0.0
2024-05-30 14:10:00+08:00,0.28999999165534973,0.28999999165534973,0.2849999964237213,0.28999999165534973,1100,0.0,0.0
2024-05-30 14:15:00+08:00,0.28999999165534973,0.28999999165534973,0.2849999964237213,0.2849999964237213,1500,0.0,0.0
2024-05-30 14:20:00+08:00,0.2849999964237213,0.28999999165534973,0.2849999964237213,0.28999999165534973,1500,0.0,0.0
2024-05-30 14:25:00+08:00,0.28999999165534973,0.28999999165534973,0.2849999964237213,0.28999999165534973,2900,0.0,0.0
2024-05-30 14:30:00+08:00,0.28999999165534973,0.28999999165534973,0.2849999964237213,0.28999999165534973,1500,0.0,0.0
2024-05-30 14:35:00+08:00,0.28999999165534973,0.28999999165534973,0.2800000011920929,0.2800000011920929,3605900,0.0,0.0
2024-05-30 14:40:00+08:00,0.2800000011920929,0.2849999964237213,0.2800000011920929,0.2849999964237213,25100,0.0,0.0
2024-05-30 14:45:00+08:00,0.2849999964237213,0.2849999964237213,0.2800000011920929,0.2800000011920929,4700,0.0,0.0
2024-05-30 14:50:00+08:00,0.2800000011920929,0.2849999964237213,0.2800000011920929,0.2849999964237213,2497200,0.0,0.0
2024-05-30 14:55:00+08:00,0.2849999964237213,0.2849999964237213,0.2849999964237213,0.2849999964237213,2300,0.0,0.0
2024-05-30 15:00:00+08:00,0.2849999964237213,0.28999999165534973,0.2849999964237213,0.2849999964237213,2400,0.0,0.0
2024-05-30 15:05:00+08:00,0.2849999964237213,0.2849999964237213,0.2849999964237213,0.2849999964237213,3400,0.0,0.0
2024-05-30 15:10:00+08:00,0.2849999964237213,0.2849999964237213,0.2849999964237213,0.2849999964237213,600,0.0,0.0
2024-05-30 15:15:00+08:00,0.2849999964237213,0.2849999964237213,0.2849999964237213,0.2849999964237213,200,0.0,0.0
2024-05-30 15:20:00+08:00,0.2849999964237213,0.28999999165534973,0.2849999964237213,0.28999999165534973,200,0.0,0.0
2024-05-30 15:25:00+08:00,0.28999999165534973,0.28999999165534973,0.2849999964237213,0.2849999964237213,1000,0.0,0.0
2024-05-30 15:30:00+08:00,0.2849999964237213,0.2849999964237213,0.2849999964237213,0.2849999964237213,400,0.0,0.0
2024-05-30 15:35:00+08:00,0.2849999964237213,0.28999999165534973,0.2849999964237213,0.2849999964237213,50700,0.0,0.0
2024-05-30 15:40:00+08:00,0.2849999964237213,0.2849999964237213,0.2849999964237213,0.2849999964237213,400,0.0,0.0
2024-05-30 15:45:00+08:00,0.2849999964237213,0.2849999964237213,0.2849999964237213,0.2849999964237213,400,0.0,0.0
2024-05-30 15:50:00+08:00,0.2849999964237213,0.2849999964237213,0.2849999964237213,0.2849999964237213,200,0.0,0.0
2024-05-30 16:05:00+08:00,0.2849999964237213,0.28999999165534973,0.2849999964237213,0.2849999964237213,42800,0.0,0.0
2024-05-30 16:10:00+08:00,0.2849999964237213,0.2849999964237213,0.2849999964237213,0.2849999964237213,7400,0.0,0.0
2024-05-30 16:15:00+08:00,0.2849999964237213,0.2849999964237213,0.2849999964237213,0.2849999964237213,6100,0.0,0.0
2024-05-30 16:20:00+08:00,0.2849999964237213,0.28999999165534973,0.2849999964237213,0.28999999165534973,6200,0.0,0.0
2024-05-30 16:25:00+08:00,0.28999999165534973,0.28999999165534973,0.2849999964237213,0.2849999964237213,8000,0.0,0.0
2024-05-30 16:30:00+08:00,0.2849999964237213,0.28999999165534973,0.2849999964237213,0.28999999165534973,15500,0.0,0.0
2024-05-30 16:35:00+08:00,0.28999999165534973,0.28999999165534973,0.2849999964237213,0.28999999165534973,109400,0.0,0.0
2024-05-30 16:40:00+08:00,0.28999999165534973,0.28999999165534973,0.2849999964237213,0.28999999165534973,10500,0.0,0.0
2024-05-30 16:45:00+08:00,0.28999999165534973,0.28999999165534973,0.2849999964237213,0.28999999165534973,103200,0.0,0.0
2024-05-30 16:50:00+08:00,0.28999999165534973,0.28999999165534973,0.2849999964237213,0.2849999964237213,55300,0.0,0.0
2024-05-30 16:55:00+08:00,0.2849999964237213,0.28999999165534973,0.2849999964237213,0.2849999964237213,188900,0.0,0.0
2024-05-31 09:00:00+08:00,0.28999999165534973,0.28999999165534973,0.28999999165534973,0.28999999165534973,8300,0.0,0.0
2024-05-31 09:05:00+08:00,0.28999999165534973,0.28999999165534973,0.28999999165534973,0.28999999165534973,0,0.0,0.0
2024-05-31 09:10:00+08:00,0.28999999165534973,0.28999999165534973,0.2849999964237213,0.2849999964237213,288800,0.0,0.0
2024-05-31 09:15:00+08:00,0.2849999964237213,0.28999999165534973,0.2849999964237213,0.28999999165534973,10500,0.0,0.0
2024-05-31 09:20:00+08:00,0.28999999165534973,0.28999999165534973,0.2849999964237213,0.2849999964237213,505100,0.0,0.0
2024-05-31 09:25:00+08:00,0.2849999964237213,0.28999999165534973,0.2849999964237213,0.28999999165534973,54400,0.0,0.0
2024-05-31 09:35:00+08:00,0.28999999165534973,0.28999999165534973,0.2849999964237213,0.2849999964237213,8900,0.0,0.0
2024-05-31 09:40:00+08:00,0.2849999964237213,0.2849999964237213,0.2849999964237213,0.2849999964237213,2200,0.0,0.0
2024-05-31 09:45:00+08:00,0.2849999964237213,0.28999999165534973,0.2849999964237213,0.2849999964237213,9300,0.0,0.0
2024-05-31 09:50:00+08:00,0.2849999964237213,0.2849999964237213,0.2849999964237213,0.2849999964237213,3800,0.0,0.0
2024-05-31 09:55:00+08:00,0.2849999964237213,0.2849999964237213,0.2849999964237213,0.2849999964237213,4700,0.0,0.0
2024-05-31 10:00:00+08:00,0.2849999964237213,0.2849999964237213,0.2849999964237213,0.2849999964237213,900,0.0,0.0
2024-05-31 10:05:00+08:00,0.2849999964237213,0.2849999964237213,0.2849999964237213,0.2849999964237213,7400,0.0,0.0
2024-05-31 10:10:00+08:00,0.2849999964237213,0.2849999964237213,0.2849999964237213,0.2849999964237213,1000,0.0,0.0
2024-05-31 10:15:00+08:00,0.2849999964237213,0.28999999165534973,0.2849999964237213,0.2849999964237213,3700,0.0,0.0
2024-05-31 10:20:00+08:00,0.2849999964237213,0.28999999165534973,0.2849999964237213,0.28999999165534973,3600,0.0,0.0
2024-05-31 10:25:00+08:00,0.28999999165534973,0.28999999165534973,0.2849999964237213,0.2849999964237213,13100,0.0,0.0
2024-05-31 10:30:00+08:00,0.2849999964237213,0.28999999165534973,0.2849999964237213,0.2849999964237213,6300,0.0,0.0
2024-05-31 10:35:00+08:00,0.2849999964237213,0.28999999165534973,0.2849999964237213,0.2849999964237213,6200,0.0,0.0
2024-05-31 10:40:00+08:00,0.2849999964237213,0.28999999165534973,0.2849999964237213,0.2849999964237213,8900,0.0,0.0
2024-05-31 10:45:00+08:00,0.2849999964237213,0.28999999165534973,0.2849999964237213,0.2849999964237213,4000,0.0,0.0
2024-05-31 10:50:00+08:00,0.2849999964237213,0.28999999165534973,0.2849999964237213,0.2849999964237213,9300,0.0,0.0
2024-05-31 10:55:00+08:00,0.2849999964237213,0.28999999165534973,0.2849999964237213,0.2849999964237213,4800,0.0,0.0
2024-05-31 11:00:00+08:00,0.2849999964237213,0.28999999165534973,0.2849999964237213,0.28999999165534973,6200,0.0,0.0
2024-05-31 11:05:00+08:00,0.28999999165534973,0.28999999165534973,0.2849999964237213,0.28999999165534973,8500,0.0,0.0
2024-05-31 11:10:00+08:00,0.28999999165534973,0.28999999165534973,0.2849999964237213,0.28999999165534973,2700,0.0,0.0
2024-05-31 11:15:00+08:00,0.28999999165534973,0.28999999165534973,0.2849999964237213,0.2849999964237213,2800,0.0,0.0
2024-05-31 11:20:00+08:00,0.2849999964237213,0.28999999165534973,0.2849999964237213,0.28999999165534973,12800,0.0,0.0
2024-05-31 11:25:00+08:00,0.28999999165534973,0.28999999165534973,0.2849999964237213,0.2849999964237213,12200,0.0,0.0
2024-05-31 11:30:00+08:00,0.2849999964237213,0.28999999165534973,0.2849999964237213,0.28999999165534973,5400,0.0,0.0
2024-05-31 11:35:00+08:00,0.28999999165534973,0.28999999165534973,0.2849999964237213,0.28999999165534973,16400,0.0,0.0
2024-05-31 11:40:00+08:00,0.28999999165534973,0.28999999165534973,0.2849999964237213,0.28999999165534973,8300,0.0,0.0
2024-05-31 11:45:00+08:00,0.28999999165534973,0.28999999165534973,0.2849999964237213,0.2849999964237213,1800,0.0,0.0
2024-05-31 11:50:00+08:00,0.2849999964237213,0.28999999165534973,0.2849999964237213,0.28999999165534973,12700,0.0,0.0
2024-05-31 11:55:00+08:00,0.28999999165534973,0.28999999165534973,0.2849999964237213,0.28999999165534973,0,0.0,0.0
2024-05-31 12:55:00+08:00,0.28999999165534973,0.28999999165534973,0.28999999165534973,0.28999999165534973,1105900,0.0,0.0
2024-05-31 13:00:00+08:00,0.28999999165534973,0.28999999165534973,0.2849999964237213,0.28999999165534973,28800,0.0,0.0
2024-05-31 13:05:00+08:00,0.28999999165534973,0.28999999165534973,0.2849999964237213,0.28999999165534973,2000,0.0,0.0
2024-05-31 13:10:00+08:00,0.28999999165534973,0.28999999165534973,0.2849999964237213,0.28999999165534973,4300,0.0,0.0
2024-05-31 13:15:00+08:00,0.28999999165534973,0.28999999165534973,0.28999999165534973,0.28999999165534973,2900,0.0,0.0
2024-05-31 13:20:00+08:00,0.28999999165534973,0.28999999165534973,0.2849999964237213,0.28999999165534973,5100,0.0,0.0
2024-05-31 13:25:00+08:00,0.28999999165534973,0.28999999165534973,0.2849999964237213,0.28999999165534973,3600,0.0,0.0
2024-05-31 13:30:00+08:00,0.28999999165534973,0.28999999165534973,0.2849999964237213,0.28999999165534973,22800,0.0,0.0
2024-05-31 13:35:00+08:00,0.28999999165534973,0.28999999165534973,0.2849999964237213,0.28999999165534973,5200,0.0,0.0
2024-05-31 13:40:00+08:00,0.28999999165534973,0.28999999165534973,0.2849999964237213,0.28999999165534973,3600,0.0,0.0
2024-05-31 13:45:00+08:00,0.28999999165534973,0.28999999165534973,0.2849999964237213,0.28999999165534973,13400,0.0,0.0
2024-05-31 13:50:00+08:00,0.28999999165534973,0.28999999165534973,0.2849999964237213,0.28999999165534973,7000,0.0,0.0
2024-05-31 13:55:00+08:00,0.28999999165534973,0.28999999165534973,0.2849999964237213,0.28999999165534973,256100,0.0,0.0
2024-05-31 14:00:00+08:00,0.28999999165534973,0.28999999165534973,0.2849999964237213,0.28999999165534973,28500,0.0,0.0
2024-05-31 14:05:00+08:00,0.28999999165534973,0.28999999165534973,0.2849999964237213,0.28999999165534973,2800,0.0,0.0
2024-05-31 14:10:00+08:00,0.28999999165534973,0.28999999165534973,0.2849999964237213,0.28999999165534973,15300,0.0,0.0
2024-05-31 14:15:00+08:00,0.28999999165534973,0.28999999165534973,0.2849999964237213,0.28999999165534973,8100,0.0,0.0
2024-05-31 14:20:00+08:00,0.28999999165534973,0.28999999165534973,0.2849999964237213,0.28999999165534973,6200,0.0,0.0
2024-05-31 14:25:00+08:00,0.28999999165534973,0.28999999165534973,0.2849999964237213,0.28999999165534973,13000,0.0,0.0
2024-05-31 14:30:00+08:00,0.28999999165534973,0.28999999165534973,0.2849999964237213,0.28999999165534973,3900,0.0,0.0
2024-05-31 14:35:00+08:00,0.28999999165534973,0.28999999165534973,0.2849999964237213,0.2849999964237213,13300,0.0,0.0
2024-05-31 14:40:00+08:00,0.28999999165534973,0.28999999165534973,0.2849999964237213,0.28999999165534973,4500,0.0,0.0
2024-05-31 14:45:00+08:00,0.28999999165534973,0.28999999165534973,0.2849999964237213,0.28999999165534973,3100,0.0,0.0
2024-05-31 14:50:00+08:00,0.28999999165534973,0.28999999165534973,0.2849999964237213,0.28999999165534973,17300,0.0,0.0
2024-05-31 14:55:00+08:00,0.28999999165534973,0.28999999165534973,0.2849999964237213,0.28999999165534973,20600,0.0,0.0
2024-05-31 15:00:00+08:00,0.28999999165534973,0.28999999165534973,0.2849999964237213,0.28999999165534973,12400,0.0,0.0
2024-05-31 15:05:00+08:00,0.28999999165534973,0.29499998688697815,0.2849999964237213,0.28999999165534973,7518400,0.0,0.0
2024-05-31 15:10:00+08:00,0.28999999165534973,0.29499998688697815,0.28999999165534973,0.28999999165534973,2855900,0.0,0.0
2024-05-31 15:15:00+08:00,0.28999999165534973,0.28999999165534973,0.28999999165534973,0.28999999165534973,4300,0.0,0.0
2024-05-31 15:20:00+08:00,0.28999999165534973,0.28999999165534973,0.28999999165534973,0.28999999165534973,15200,0.0,0.0
2024-05-31 15:25:00+08:00,0.28999999165534973,0.28999999165534973,0.28999999165534973,0.28999999165534973,29900,0.0,0.0
2024-05-31 15:30:00+08:00,0.28999999165534973,0.28999999165534973,0.28999999165534973,0.28999999165534973,270000,0.0,0.0
2024-05-31 15:35:00+08:00,0.28999999165534973,0.28999999165534973,0.28999999165534973,0.28999999165534973,58300,0.0,0.0
2024-05-31 15:40:00+08:00,0.28999999165534973,0.28999999165534973,0.28999999165534973,0.28999999165534973,23600,0.0,0.0
2024-05-31 15:45:00+08:00,0.28999999165534973,0.28999999165534973,0.28999999165534973,0.28999999165534973,14300,0.0,0.0
2024-05-31 15:50:00+08:00,0.28999999165534973,0.28999999165534973,0.28999999165534973,0.28999999165534973,99300,0.0,0.0
2024-05-31 15:55:00+08:00,0.28999999165534973,0.29499998688697815,0.28999999165534973,0.28999999165534973,279000,0.0,0.0
2024-05-31 16:00:00+08:00,0.28999999165534973,0.28999999165534973,0.28999999165534973,0.28999999165534973,15600,0.0,0.0
2024-05-31 16:05:00+08:00,0.28999999165534973,0.28999999165534973,0.28999999165534973,0.28999999165534973,39200,0.0,0.0
2024-05-31 16:10:00+08:00,0.28999999165534973,0.29499998688697815,0.28999999165534973,0.28999999165534973,22100,0.0,0.0
2024-05-31 16:15:00+08:00,0.28999999165534973,0.28999999165534973,0.28999999165534973,0.28999999165534973,4300,0.0,0.0
2024-05-31 16:20:00+08:00,0.28999999165534973,0.28999999165534973,0.28999999165534973,0.28999999165534973,20800,0.0,0.0
2024-05-31 16:25:00+08:00,0.28999999165534973,0.28999999165534973,0.28999999165534973,0.28999999165534973,4200,0.0,0.0
2024-05-31 16:30:00+08:00,0.28999999165534973,0.29499998688697815,0.28999999165534973,0.28999999165534973,18100,0.0,0.0
2024-05-31 16:35:00+08:00,0.28999999165534973,0.29499998688697815,0.28999999165534973,0.28999999165534973,19500,0.0,0.0
2024-05-31 16:40:00+08:00,0.28999999165534973,0.29499998688697815,0.28999999165534973,0.28999999165534973,10700,0.0,0.0
2024-05-31 16:45:00+08:00,0.28999999165534973,0.29499998688697815,0.28999999165534973,0.29499998688697815,15500,0.0,0.0
2024-05-31 16:50:00+08:00,0.29499998688697815,0.29499998688697815,0.28999999165534973,0.28999999165534973,61200,0.0,0.0
2024-05-31 16:55:00+08:00,0.28999999165534973,0.29499998688697815,0.28999999165534973,0.29499998688697815,178500,0.0,0.0
2024-06-03 09:00:00+08:00,0.28999999165534973,0.29499998688697815,0.28999999165534973,0.29499998688697815,4900,0.0,0.0
2024-06-03 09:05:00+08:00,0.29499998688697815,0.29499998688697815,0.29499998688697815,0.29499998688697815,100,0.0,0.0
2024-06-03 09:20:00+08:00,0.29499998688697815,0.29499998688697815,0.28999999165534973,0.28999999165534973,41300,0.0,0.0
2024-06-03 09:25:00+08:00,0.28999999165534973,0.29499998688697815,0.28999999165534973,0.29499998688697815,34800,0.0,0.0
2024-06-03 09:30:00+08:00,0.29499998688697815,0.29499998688697815,0.28999999165534973,0.29499998688697815,28200,0.0,0.0
2024-06-03 09:35:00+08:00,0.29499998688697815,0.29499998688697815,0.28999999165534973,0.28999999165534973,529300,0.0,0.0
2024-06-03 09:40:00+08:00,0.28999999165534973,0.28999999165534973,0.28999999165534973,0.28999999165534973,504300,0.0,0.0
2024-06-03 09:50:00+08:00,0.28999999165534973,0.28999999165534973,0.2849999964237213,0.2849999964237213,8400,0.0,0.0
2024-06-03 09:55:00+08:00,0.2849999964237213,0.2849999964237213,0.2849999964237213,0.2849999964237213,170000,0.0,0.0
2024-06-03 10:00:00+08:00,0.2849999964237213,0.28999999165534973,0.2849999964237213,0.2849999964237213,18200,0.0,0.0
2024-06-03 10:05:00+08:00,0.2849999964237213,0.28999999165534973,0.2849999964237213,0.28999999165534973,3700,0.0,0.0
2024-06-03 10:10:00+08:00,0.28999999165534973,0.28999999165534973,0.28999999165534973,0.28999999165534973,13500,0.0,0.0
2024-06-03 10:15:00+08:00,0.28999999165534973,0.28999999165534973,0.2849999964237213,0.28999999165534973,3100,0.0,0.0
2024-06-03 10:20:00+08:00,0.28999999165534973,0.28999999165534973,0.28999999165534973,0.28999999165534973,9000,0.0,0.0
2024-06-03 10:25:00+08:00,0.28999999165534973,0.28999999165534973,0.2849999964237213,0.28999999165534973,8400,0.0,0.0
2024-06-03 10:30:00+08:00,0.28999999165534973,0.28999999165534973,0.2849999964237213,0.2849999964237213,28900,0.0,0.0
2024-06-03 10:35:00+08:00,0.2849999964237213,0.28999999165534973,0.2849999964237213,0.28999999165534973,3300,0.0,0.0
2024-06-03 10:40:00+08:00,0.28999999165534973,0.28999999165534973,0.28999999165534973,0.28999999165534973,8400,0.0,0.0
2024-06-03 10:45:00+08:00,0.28999999165534973,0.28999999165534973,0.2849999964237213,0.2849999964237213,15800,0.0,0.0
2024-06-03 10:50:00+08:00,0.2849999964237213,0.28999999165534973,0.2849999964237213,0.28999999165534973,22600,0.0,0.0
2024-06-03 10:55:00+08:00,0.28999999165534973,0.28999999165534973,0.2849999964237213,0.28999999165534973,13600,0.0,0.0
2024-06-03 11:00:00+08:00,0.28999999165534973,0.28999999165534973,0.2849999964237213,0.28999999165534973,24900,0.0,0.0
2024-06-03 11:05:00+08:00,0.28999999165534973,0.28999999165534973,0.2849999964237213,0.2849999964237213,100,0.0,0.0
2024-06-03 11:10:00+08:00,0.2849999964237213,0.28999999165534973,0.2849999964237213,0.28999999165534973,15800,0.0,0.0
2024-06-03 11:15:00+08:00,0.28999999165534973,0.28999999165534973,0.28999999165534973,0.28999999165534973,7900,0.0,0.0
2024-06-03 11:20:00+08:00,0.28999999165534973,0.28999999165534973,0.2849999964237213,0.28999999165534973,13600,0.0,0.0
2024-06-03 11:25:00+08:00,0.28999999165534973,0.28999999165534973,0.28999999165534973,0.28999999165534973,10700,0.0,0.0
2024-06-03 11:30:00+08:00,0.28999999165534973,0.28999999165534973,0.2849999964237213,0.2849999964237213,22600,0.0,0.0
2024-06-03 11:35:00+08:00,0.2849999964237213,0.2849999964237213,0.2849999964237213,0.2849999964237213,700,0.0,0.0
2024-06-03 11:40:00+08:00,0.28999999165534973,0.28999999165534973,0.28999999165534973,0.28999999165534973,15600,0.0,0.0
2024-06-03 11:45:00+08:00,0.28999999165534973,0.28999999165534973,0.28999999165534973,0.28999999165534973,7800,0.0,0.0
2024-06-03 11:50:00+08:00,0.28999999165534973,0.28999999165534973,0.2849999964237213,0.2849999964237213,14100,0.0,0.0
2024-06-03 11:55:00+08:00,0.2849999964237213,0.28999999165534973,0.2849999964237213,0.28999999165534973,32200,0.0,0.0
2024-06-03 12:55:00+08:00,0.28999999165534973,0.28999999165534973,0.28999999165534973,0.28999999165534973,14900,0.0,0.0
2024-06-03 13:00:00+08:00,0.28999999165534973,0.28999999165534973,0.2849999964237213,0.2849999964237213,36800,0.0,0.0
2024-06-03 13:10:00+08:00,0.2849999964237213,0.28999999165534973,0.2849999964237213,0.28999999165534973,1200,0.0,0.0
2024-06-03 13:20:00+08:00,0.28999999165534973,0.28999999165534973,0.2849999964237213,0.28999999165534973,13300,0.0,0.0
2024-06-03 13:25:00+08:00,0.28999999165534973,0.28999999165534973,0.28999999165534973,0.28999999165534973,11000,0.0,0.0
2024-06-03 13:30:00+08:00,0.28999999165534973,0.28999999165534973,0.2849999964237213,0.2849999964237213,14900,0.0,0.0
2024-06-03 13:35:00+08:00,0.2849999964237213,0.28999999165534973,0.2849999964237213,0.28999999165534973,35000,0.0,0.0
2024-06-03 13:40:00+08:00,0.28999999165534973,0.28999999165534973,0.28999999165534973,0.28999999165534973,13000,0.0,0.0
2024-06-03 13:45:00+08:00,0.28999999165534973,0.28999999165534973,0.28999999165534973,0.28999999165534973,8900,0.0,0.0
2024-06-03 13:50:00+08:00,0.28999999165534973,0.28999999165534973,0.2849999964237213,0.28999999165534973,16700,0.0,0.0
2024-06-03 13:55:00+08:00,0.28999999165534973,0.28999999165534973,0.28999999165534973,0.28999999165534973,6000,0.0,0.0
2024-06-03 14:00:00+08:00,0.28999999165534973,0.28999999165534973,0.28999999165534973,0.28999999165534973,50000,0.0,0.0
2024-06-03 14:05:00+08:00,0.28999999165534973,0.28999999165534973,0.2849999964237213,0.28999999165534973,6900,0.0,0.0
2024-06-03 14:10:00+08:00,0.28999999165534973,0.28999999165534973,0.2849999964237213,0.28999999165534973,13500,0.0,0.0
2024-06-03 14:15:00+08:00,0.28999999165534973,0.28999999165534973,0.2849999964237213,0.2849999964237213,8400,0.0,0.0
2024-06-03 14:20:00+08:00,0.2849999964237213,0.28999999165534973,0.2849999964237213,0.28999999165534973,10600,0.0,0.0
2024-06-03 14:25:00+08:00,0.28999999165534973,0.28999999165534973,0.2849999964237213,0.28999999165534973,8600,0.0,0.0
2024-06-03 14:30:00+08:00,0.28999999165534973,0.28999999165534973,0.2849999964237213,0.2849999964237213,13300,0.0,0.0
2024-06-03 14:35:00+08:00,0.2849999964237213,0.28999999165534973,0.2849999964237213,0.28999999165534973,7800,0.0,0.0
2024-06-03 14:40:00+08:00,0.28999999165534973,0.28999999165534973,0.28999999165534973,0.28999999165534973,6000,0.0,0.0
2024-06-03 14:45:00+08:00,0.28999999165534973,0.28999999165534973,0.2849999964237213,0.2849999964237213,8000,0.0,0.0
2024-06-03 14:50:00+08:00,0.2849999964237213,0.28999999165534973,0.2849999964237213,0.2849999964237213,10400,0.0,0.0
2024-06-03 14:55:00+08:00,0.2849999964237213,0.28999999165534973,0.2849999964237213,0.28999999165534973,16600,0.0,0.0
2024-06-03 15:00:00+08:00,0.28999999165534973,0.28999999165534973,0.2849999964237213,0.2849999964237213,19000,0.0,0.0
2024-06-03 15:05:00+08:00,0.2849999964237213,0.28999999165534973,0.2849999964237213,0.2849999964237213,6900,0.0,0.0
2024-06-03 15:10:00+08:00,0.2849999964237213,0.28999999165534973,0.2849999964237213,0.28999999165534973,6000,0.0,0.0
2024-06-03 15:15:00+08:00,0.28999999165534973,0.28999999165534973,0.2849999964237213,0.2849999964237213,12100,0.0,0.0
2024-06-03 15:20:00+08:00,0.2849999964237213,0.28999999165534973,0.2849999964237213,0.28999999165534973,16100,0.0,0.0
2024-06-03 15:25:00+08:00,0.28999999165534973,0.28999999165534973,0.2849999964237213,0.28999999165534973,6400,0.0,0.0
2024-06-03 15:30:00+08:00,0.28999999165534973,0.28999999165534973,0.2849999964237213,0.28999999165534973,26900,0.0,0.0
2024-06-03 15:35:00+08:00,0.28999999165534973,0.28999999165534973,0.2849999964237213,0.28999999165534973,1000,0.0,0.0
2024-06-03 15:40:00+08:00,0.28999999165534973,0.28999999165534973,0.2849999964237213,0.28999999165534973,5400,0.0,0.0
2024-06-03 15:45:00+08:00,0.28999999165534973,0.28999999165534973,0.2849999964237213,0.2849999964237213,16400,0.0,0.0
2024-06-03 15:50:00+08:00,0.2849999964237213,0.28999999165534973,0.2849999964237213,0.2849999964237213,15400,0.0,0.0
2024-06-03 15:55:00+08:00,0.2849999964237213,0.28999999165534973,0.2849999964237213,0.2849999964237213,15100,0.0,0.0
2024-06-03 16:00:00+08:00,0.2849999964237213,0.28999999165534973,0.2849999964237213,0.2849999964237213,20000,0.0,0.0
2024-06-03 16:05:00+08:00,0.2849999964237213,0.28999999165534973,0.2849999964237213,0.2849999964237213,12900,0.0,0.0
2024-06-03 16:10:00+08:00,0.2849999964237213,0.28999999165534973,0.2849999964237213,0.28999999165534973,14600,0.0,0.0
2024-06-03 16:15:00+08:00,0.28999999165534973,0.28999999165534973,0.2849999964237213,0.28999999165534973,16200,0.0,0.0
2024-06-03 16:20:00+08:00,0.28999999165534973,0.28999999165534973,0.2849999964237213,0.28999999165534973,86000,0.0,0.0
2024-06-03 16:25:00+08:00,0.28999999165534973,0.28999999165534973,0.2849999964237213,0.28999999165534973,19700,0.0,0.0
2024-06-03 16:30:00+08:00,0.28999999165534973,0.28999999165534973,0.2849999964237213,0.28999999165534973,27900,0.0,0.0
2024-06-03 16:35:00+08:00,0.28999999165534973,0.28999999165534973,0.2849999964237213,0.2849999964237213,14500,0.0,0.0
2024-06-03 16:40:00+08:00,0.2849999964237213,0.28999999165534973,0.2849999964237213,0.28999999165534973,29100,0.0,0.0
2024-06-03 16:45:00+08:00,0.28999999165534973,0.28999999165534973,0.2849999964237213,0.28999999165534973,28200,0.0,0.0
2024-06-03 16:50:00+08:00,0.28999999165534973,0.28999999165534973,0.2849999964237213,0.2849999964237213,35600,0.0,0.0
2024-06-03 16:55:00+08:00,0.2849999964237213,0.28999999165534973,0.2849999964237213,0.28999999165534973,84700,0.0,0.0
2024-06-04 09:10:00+08:00,0.28999999165534973,0.28999999165534973,0.28999999165534973,0.28999999165534973,100,0.0,0.0
2024-06-04 09:20:00+08:00,0.28999999165534973,0.28999999165534973,0.2849999964237213,0.28999999165534973,22600,0.0,0.0
2024-06-04 09:25:00+08:00,0.28999999165534973,0.28999999165534973,0.2849999964237213,0.28999999165534973,9100,0.0,0.0
2024-06-04 09:30:00+08:00,0.28999999165534973,0.28999999165534973,0.2849999964237213,0.28999999165534973,42500,0.0,0.0
2024-06-04 09:35:00+08:00,0.28999999165534973,0.28999999165534973,0.2849999964237213,0.28999999165534973,29900,0.0,0.0
2024-06-04 09:40:00+08:00,0.28999999165534973,0.28999999165534973,0.2849999964237213,0.28999999165534973,3700,0.0,0.0
2024-06-04 09:45:00+08:00,0.28999999165534973,0.28999999165534973,0.2849999964237213,0.2849999964237213,5200,0.0,0.0
2024-06-04 09:50:00+08:00,0.2849999964237213,0.28999999165534973,0.2849999964237213,0.28999999165534973,15300,0.0,0.0
2024-06-04 09:55:00+08:00,0.28999999165534973,0.28999999165534973,0.2849999964237213,0.28999999165534973,5900,0.0,0.0
2024-06-04 10:00:00+08:00,0.28999999165534973,0.28999999165534973,0.2849999964237213,0.28999999165534973,18000,0.0,0.0
2024-06-04 10:05:00+08:00,0.28999999165534973,0.28999999165534973,0.2849999964237213,0.2849999964237213,3100,0.0,0.0
2024-06-04 10:10:00+08:00,0.2849999964237213,0.28999999165534973,0.2849999964237213,0.28999999165534973,15000,0.0,0.0
2024-06-04 10:15:00+08:00,0.28999999165534973,0.28999999165534973,0.2849999964237213,0.28999999165534973,5000,0.0,0.0
2024-06-04 10:20:00+08:00,0.28999999165534973,0.28999999165534973,0.2849999964237213,0.28999999165534973,8600,0.0,0.0
2024-06-04 10:25:00+08:00,0.28999999165534973,0.28999999165534973,0.2849999964237213,0.2849999964237213,4100,0.0,0.0
2024-06-04 10:30:00+08:00,0.2849999964237213,0.28999999165534973,0.2849999964237213,0.28999999165534973,22600,0.0,0.0
2024-06-04 10:40:00+08:00,0.28999999165534973,0.28999999165534973,0.2849999964237213,0.2849999964237213,4500,0.0,0.0
2024-06-04 10:45:00+08:00,0.2849999964237213,0.28999999165534973,0.2849999964237213,0.2849999964237213,7000,0.0,0.0
2024-06-04 10:50:00+08:00,0.2849999964237213,0.28999999165534973,0.2849999964237213,0.28999999165534973,10500,0.0,0.0
2024-06-04 10:55:00+08:00,0.28999999165534973,0.28999999165534973,0.2849999964237213,0.28999999165534973,11700,0.0,0.0
2024-06-04 11:00:00+08:00,0.28999999165534973,0.28999999165534973,0.2849999964237213,0.2849999964237213,8000,0.0,0.0
2024-06-04 11:10:00+08:00,0.2849999964237213,0.28999999165534973,0.2849999964237213,0.28999999165534973,9900,0.0,0.0
2024-06-04 11:15:00+08:00,0.28999999165534973,0.28999999165534973,0.2849999964237213,0.28999999165534973,4800,0.0,0.0
2024-06-04 11:20:00+08:00,0.28999999165534973,0.28999999165534973,0.2849999964237213,0.28999999165534973,4300,0.0,0.0
2024-06-04 11:25:00+08:00,0.28999999165534973,0.28999999165534973,0.2849999964237213,0.2849999964237213,9000,0.0,0.0
2024-06-04 11:30:00+08:00,0.2849999964237213,0.28999999165534973,0.2849999964237213,0.28999999165534973,12800,0.0,0.0
2024-06-04 11:40:00+08:00,0.28999999165534973,0.28999999165534973,0.2849999964237213,0.28999999165534973,3000,0.0,0.0
2024-06-04 11:45:00+08:00,0.28999999165534973,0.28999999165534973,0.2849999964237213,0.2849999964237213,5400,0.0,0.0
2024-06-04 11:50:00+08:00,0.2849999964237213,0.28999999165534973,0.2849999964237213,0.28999999165534973,11200,0.0,0.0
2024-06-04 11:55:00+08:00,0.28999999165534973,0.28999999165534973,0.2849999964237213,0.2849999964237213,10200,0.0,0.0
2024-06-04 12:55:00+08:00,0.2849999964237213,0.28999999165534973,0.2849999964237213,0.28999999165534973,20900,0.0,0.0
2024-06-04 13:00:00+08:00,0.28999999165534973,0.28999999165534973,0.2849999964237213,0.28999999165534973,7500,0.0,0.0
2024-06-04 13:05:00+08:00,0.28999999165534973,0.28999999165534973,0.2849999964237213,0.2849999964237213,4200,0.0,0.0
2024-06-04 13:10:00+08:00,0.2849999964237213,0.28999999165534973,0.2849999964237213,0.2849999964237213,4200,0.0,0.0
2024-06-04 13:15:00+08:00,0.2849999964237213,0.28999999165534973,0.2849999964237213,0.28999999165534973,1800,0.0,0.0
2024-06-04 13:20:00+08:00,0.28999999165534973,0.28999999165534973,0.2849999964237213,0.2849999964237213,8100,0.0,0.0
2024-06-04 13:25:00+08:00,0.2849999964237213,0.28999999165534973,0.2849999964237213,0.2849999964237213,5300,0.0,0.0
2024-06-04 13:30:00+08:00,0.2849999964237213,0.28999999165534973,0.2849999964237213,0.28999999165534973,11400,0.0,0.0
2024-06-04 13:40:00+08:00,0.28999999165534973,0.28999999165534973,0.2849999964237213,0.28999999165534973,4500,0.0,0.0
2024-06-04 13:45:00+08:00,0.28999999165534973,0.28999999165534973,0.2849999964237213,0.2849999964237213,12100,0.0,0.0
2024-06-04 13:50:00+08:00,0.2849999964237213,0.28999999165534973,0.2849999964237213,0.28999999165534973,13100,0.0,0.0
2024-06-04 13:55:00+08:00,0.28999999165534973,0.28999999165534973,0.2849999964237213,0.28999999165534973,6300,0.0,0.0
2024-06-04 14:00:00+08:00,0.28999999165534973,0.28999999165534973,0.2849999964237213,0.28999999165534973,7000,0.0,0.0
2024-06-04 14:05:00+08:00,0.28999999165534973,0.28999999165534973,0.2849999964237213,0.2849999964237213,3200,0.0,0.0
2024-06-04 14:10:00+08:00,0.2849999964237213,0.28999999165534973,0.2849999964237213,0.28999999165534973,11500,0.0,0.0
2024-06-04 14:15:00+08:00,0.28999999165534973,0.28999999165534973,0.2849999964237213,0.28999999165534973,10200,0.0,0.0
2024-06-04 14:25:00+08:00,0.28999999165534973,0.28999999165534973,0.2849999964237213,0.2849999964237213,5000,0.0,0.0
2024-06-04 14:30:00+08:00,0.2849999964237213,0.28999999165534973,0.2849999964237213,0.28999999165534973,17100,0.0,0.0
2024-06-04 14:35:00+08:00,0.28999999165534973,0.28999999165534973,0.2849999964237213,0.28999999165534973,1700,0.0,0.0
2024-06-04 14:45:00+08:00,0.28999999165534973,0.28999999165534973,0.2849999964237213,0.2849999964237213,10000,0.0,0.0
2024-06-04 14:50:00+08:00,0.2849999964237213,0.28999999165534973,0.2849999964237213,0.2849999964237213,11600,0.0,0.0
2024-06-04 14:55:00+08:00,0.2849999964237213,0.28999999165534973,0.2849999964237213,0.28999999165534973,1000,0.0,0.0
2024-06-04 15:00:00+08:00,0.28999999165534973,0.28999999165534973,0.2849999964237213,0.28999999165534973,10000,0.0,0.0
2024-06-04 15:05:00+08:00,0.28999999165534973,0.28999999165534973,0.2849999964237213,0.2849999964237213,6100,0.0,0.0
2024-06-04 15:10:00+08:00,0.2849999964237213,0.28999999165534973,0.2849999964237213,0.28999999165534973,7500,0.0,0.0
2024-06-04 15:15:00+08:00,0.28999999165534973,0.28999999165534973,0.2849999964237213,0.2849999964237213,11000,0.0,0.0
2024-06-04 15:20:00+08:00,0.2849999964237213,0.28999999165534973,0.2849999964237213,0.2849999964237213,6800,0.0,0.0
2024-06-04 15:25:00+08:00,0.2849999964237213,0.28999999165534973,0.2849999964237213,0.2849999964237213,393100,0.0,0.0
2024-06-04 15:30:00+08:00,0.2849999964237213,0.28999999165534973,0.2849999964237213,0.28999999165534973,95000,0.0,0.0
2024-06-04 15:35:00+08:00,0.28999999165534973,0.28999999165534973,0.2849999964237213,0.2849999964237213,16300,0.0,0.0
2024-06-04 15:40:00+08:00,0.2849999964237213,0.28999999165534973,0.2849999964237213,0.28999999165534973,11500,0.0,0.0
2024-06-04 15:45:00+08:00,0.28999999165534973,0.28999999165534973,0.2849999964237213,0.2849999964237213,7500,0.0,0.0
2024-06-04 15:50:00+08:00,0.2849999964237213,0.28999999165534973,0.2849999964237213,0.28999999165534973,25100,0.0,0.0
2024-06-04 15:55:00+08:00,0.28999999165534973,0.28999999165534973,0.2849999964237213,0.2849999964237213,14500,0.0,0.0
2024-06-04 16:00:00+08:00,0.2849999964237213,0.28999999165534973,0.2849999964237213,0.2849999964237213,12700,0.0,0.0
2024-06-04 16:05:00+08:00,0.2849999964237213,0.28999999165534973,0.2849999964237213,0.2849999964237213,3700,0.0,0.0
2024-06-04 16:10:00+08:00,0.2849999964237213,0.28999999165534973,0.2849999964237213,0.2849999964237213,29700,0.0,0.0
2024-06-04 16:15:00+08:00,0.2849999964237213,0.28999999165534973,0.2849999964237213,0.28999999165534973,6900,0.0,0.0
2024-06-04 16:20:00+08:00,0.28999999165534973,0.28999999165534973,0.2849999964237213,0.28999999165534973,7600,0.0,0.0
2024-06-04 16:25:00+08:00,0.28999999165534973,0.28999999165534973,0.2849999964237213,0.2849999964237213,17300,0.0,0.0
2024-06-04 16:30:00+08:00,0.2849999964237213,0.28999999165534973,0.2849999964237213,0.28999999165534973,21000,0.0,0.0
2024-06-04 16:35:00+08:00,0.28999999165534973,0.28999999165534973,0.2849999964237213,0.28999999165534973,8700,0.0,0.0
2024-06-04 16:40:00+08:00,0.28999999165534973,0.28999999165534973,0.2849999964237213,0.28999999165534973,11900,0.0,0.0
2024-06-04 16:45:00+08:00,0.28999999165534973,0.28999999165534973,0.2849999964237213,0.28999999165534973,20500,0.0,0.0
2024-06-04 16:50:00+08:00,0.28999999165534973,0.28999999165534973,0.2849999964237213,0.28999999165534973,31100,0.0,0.0
2024-06-04 16:55:00+08:00,0.28999999165534973,0.28999999165534973,0.2849999964237213,0.2849999964237213,116400,0.0,0.0
2024-06-05 09:00:00+08:00,0.28999999165534973,0.28999999165534973,0.28999999165534973,0.28999999165534973,100,0.0,0.0
2024-06-05 09:05:00+08:00,0.28999999165534973,0.28999999165534973,0.28999999165534973,0.28999999165534973,113500,0.0,0.0
2024-06-05 09:10:00+08:00,0.28999999165534973,0.28999999165534973,0.28999999165534973,0.28999999165534973,200,0.0,0.0
2024-06-05 09:15:00+08:00,0.28999999165534973,0.28999999165534973,0.28999999165534973,0.28999999165534973,0,0.0,0.0
2024-06-05 09:20:00+08:00,0.28999999165534973,0.28999999165534973,0.28999999165534973,0.28999999165534973,255800,0.0,0.0
2024-06-05 09:25:00+08:00,0.28999999165534973,0.28999999165534973,0.28999999165534973,0.28999999165534973,900,0.0,0.0
2024-06-05 09:30:00+08:00,0.28999999165534973,0.28999999165534973,0.28999999165534973,0.28999999165534973,200,0.0,0.0
2024-06-05 09:35:00+08:00,0.28999999165534973,0.28999999165534973,0.28999999165534973,0.28999999165534973,4100,0.0,0.0
2024-06-05 09:40:00+08:00,0.28999999165534973,0.28999999165534973,0.2849999964237213,0.28999999165534973,523000,0.0,0.0
2024-06-05 09:45:00+08:00,0.28999999165534973,0.28999999165534973,0.28999999165534973,0.28999999165534973,400,0.0,0.0
2024-06-05 09:50:00+08:00,0.28999999165534973,0.28999999165534973,0.28999999165534973,0.28999999165534973,104100,0.0,0.0
2024-06-05 09:55:00+08:00,0.28999999165534973,0.28999999165534973,0.28999999165534973,0.28999999165534973,7400,0.0,0.0
2024-06-05 10:00:00+08:00,0.28999999165534973,0.28999999165534973,0.28999999165534973,0.28999999165534973,3400,0.0,0.0
2024-06-05 10:05:00+08:00,0.28999999165534973,0.28999999165534973,0.28999999165534973,0.28999999165534973,300,0.0,0.0
2024-06-05 10:10:00+08:00,0.28999999165534973,0.28999999165534973,0.28999999165534973,0.28999999165534973,4000,0.0,0.0
2024-06-05 10:15:00+08:00,0.28999999165534973,0.28999999165534973,0.28999999165534973,0.28999999165534973,400,0.0,0.0
2024-06-05 10:20:00+08:00,0.28999999165534973,0.28999999165534973,0.28999999165534973,0.28999999165534973,7100,0.0,0.0
2024-06-05 10:25:00+08:00,0.28999999165534973,0.28999999165534973,0.2849999964237213,0.28999999165534973,5200,0.0,0.0
2024-06-05 10:30:00+08:00,0.28999999165534973,0.28999999165534973,0.28999999165534973,0.28999999165534973,500,0.0,0.0
2024-06-05 10:35:00+08:00,0.28999999165534973,0.28999999165534973,0.2849999964237213,0.28999999165534973,4800,0.0,0.0
2024-06-05 10:40:00+08:00,0.28999999165534973,0.28999999165534973,0.28999999165534973,0.28999999165534973,100,0.0,0.0
2024-06-05 10:45:00+08:00,0.28999999165534973,0.28999999165534973,0.2849999964237213,0.28999999165534973,1300,0.0,0.0
2024-06-05 10:50:00+08:00,0.28999999165534973,0.28999999165534973,0.2849999964237213,0.28999999165534973,1600,0.0,0.0
2024-06-05 10:55:00+08:00,0.28999999165534973,0.28999999165534973,0.2849999964237213,0.28999999165534973,137200,0.0,0.0
2024-06-05 11:00:00+08:00,0.28999999165534973,0.28999999165534973,0.28999999165534973,0.28999999165534973,1900,0.0,0.0
2024-06-05 11:05:00+08:00,0.28999999165534973,0.28999999165534973,0.28999999165534973,0.28999999165534973,4500,0.0,0.0
2024-06-05 11:10:00+08:00,0.28999999165534973,0.28999999165534973,0.2849999964237213,0.28999999165534973,1200,0.0,0.0
2024-06-05 11:15:00+08:00,0.28999999165534973,0.28999999165534973,0.28999999165534973,0.28999999165534973,800,0.0,0.0
2024-06-05 11:20:00+08:00,0.28999999165534973,0.28999999165534973,0.2849999964237213,0.28999999165534973,1300,0.0,0.0
2024-06-05 11:25:00+08:00,0.28999999165534973,0.28999999165534973,0.2849999964237213,0.28999999165534973,900,0.0,0.0
2024-06-05 11:30:00+08:00,0.28999999165534973,0.28999999165534973,0.28999999165534973,0.28999999165534973,3200,0.0,0.0
2024-06-05 11:35:00+08:00,0.28999999165534973,0.28999999165534973,0.2849999964237213,0.28999999165534973,4900,0.0,0.0
2024-06-05 11:40:00+08:00,0.28999999165534973,0.28999999165534973,0.28999999165534973,0.28999999165534973,6900,0.0,0.0
2024-06-05 11:45:00+08:00,0.28999999165534973,0.28999999165534973,0.28999999165534973,0.28999999165534973,2000,0.0,0.0
2024-06-05 11:50:00+08:00,0.28999999165534973,0.28999999165534973,0.2849999964237213,0.28999999165534973,2800,0.0,0.0
2024-06-05 11:55:00+08:00,0.28999999165534973,0.28999999165534973,0.2849999964237213,0.28999999165534973,11000,0.0,0.0
2024-06-05 12:55:00+08:00,0.2849999964237213,0.2849999964237213,0.2849999964237213,0.2849999964237213,69600,0.0,0.0
2024-06-05 13:00:00+08:00,0.2849999964237213,0.2849999964237213,0.2849999964237213,0.2849999964237213,46600,0.0,0.0
2024-06-05 13:15:00+08:00,0.2849999964237213,0.2849999964237213,0.2849999964237213,0.2849999964237213,800,0.0,0.0
2024-06-05 13:30:00+08:00,0.2849999964237213,0.28999999165534973,0.2849999964237213,0.28999999165534973,600,0.0,0.0
2024-06-05 13:45:00+08:00,0.28999999165534973,0.28999999165534973,0.2849999964237213,0.28999999165534973,3400,0.0,0.0
2024-06-05 13:50:00+08:00,0.28999999165534973,0.28999999165534973,0.28999999165534973,0.28999999165534973,5800,0.0,0.0
2024-06-05 13:55:00+08:00,0.28999999165534973,0.28999999165534973,0.28999999165534973,0.28999999165534973,600,0.0,0.0
2024-06-05 14:00:00+08:00,0.28999999165534973,0.28999999165534973,0.2849999964237213,0.28999999165534973,1400,0.0,0.0
2024-06-05 14:05:00+08:00,0.28999999165534973,0.28999999165534973,0.2849999964237213,0.28999999165534973,200,0.0,0.0
2024-06-05 14:10:00+08:00,0.28999999165534973,0.28999999165534973,0.2849999964237213,0.28999999165534973,700,0.0,0.0
2024-06-05 14:15:00+08:00,0.28999999165534973,0.28999999165534973,0.28999999165534973,0.28999999165534973,400,0.0,0.0
2024-06-05 14:20:00+08:00,0.28999999165534973,0.28999999165534973,0.28999999165534973,0.28999999165534973,100,0.0,0.0
2024-06-05 14:25:00+08:00,0.28999999165534973,0.28999999165534973,0.2849999964237213,0.28999999165534973,5900,0.0,0.0
2024-06-05 14:30:00+08:00,0.28999999165534973,0.28999999165534973,0.28999999165534973,0.28999999165534973,200,0.0,0.0
2024-06-05 14:35:00+08:00,0.28999999165534973,0.28999999165534973,0.2849999964237213,0.28999999165534973,9500,0.0,0.0
2024-06-05 14:40:00+08:00,0.28999999165534973,0.28999999165534973,0.28999999165534973,0.28999999165534973,300,0.0,0.0
2024-06-05 14:45:00+08:00,0.28999999165534973,0.28999999165534973,0.28999999165534973,0.28999999165534973,200,0.0,0.0
2024-06-05 14:50:00+08:00,0.28999999165534973,0.28999999165534973,0.2849999964237213,0.2849999964237213,14100,0.0,0.0
2024-06-05 14:55:00+08:00,0.2849999964237213,0.28999999165534973,0.2849999964237213,0.2849999964237213,307300,0.0,0.0
2024-06-05 15:00:00+08:00,0.2849999964237213,0.2849999964237213,0.2800000011920929,0.2849999964237213,4024600,0.0,0.0
2024-06-05 15:05:00+08:00,0.2849999964237213,0.2849999964237213,0.2800000011920929,0.2800000011920929,50800,0.0,0.0
2024-06-05 15:10:00+08:00,0.2800000011920929,0.2849999964237213,0.2800000011920929,0.2849999964237213,10400,0.0,0.0
2024-06-05 15:15:00+08:00,0.2849999964237213,0.2849999964237213,0.2800000011920929,0.2800000011920929,59900,0.0,0.0
2024-06-05 15:20:00+08:00,0.2800000011920929,0.2800000011920929,0.2800000011920929,0.2800000011920929,3200,0.0,0.0
2024-06-05 15:25:00+08:00,0.2800000011920929,0.2849999964237213,0.2800000011920929,0.2849999964237213,43400,0.0,0.0
2024-06-05 15:30:00+08:00,0.2849999964237213,0.2849999964237213,0.2800000011920929,0.2800000011920929,5700,0.0,0.0
2024-06-05 15:35:00+08:00,0.2800000011920929,0.2849999964237213,0.2800000011920929,0.2800000011920929,2400,0.0,0.0
2024-06-05 15:40:00+08:00,0.2800000011920929,0.2849999964237213,0.2800000011920929,0.2849999964237213,164600,0.0,0.0
2024-06-05 15:45:00+08:00,0.2849999964237213,0.2849999964237213,0.2800000011920929,0.2800000011920929,57300,0.0,0.0
2024-06-05 15:50:00+08:00,0.2800000011920929,0.2849999964237213,0.2800000011920929,0.2849999964237213,18000,0.0,0.0
2024-06-05 15:55:00+08:00,0.2849999964237213,0.2849999964237213,0.2800000011920929,0.2800000011920929,10300,0.0,0.0
2024-06-05 16:00:00+08:00,0.2800000011920929,0.2849999964237213,0.2800000011920929,0.2849999964237213,18100,0.0,0.0
2024-06-05 16:05:00+08:00,0.2849999964237213,0.2849999964237213,0.2800000011920929,0.2800000011920929,18900,0.0,0.0
2024-06-05 16:10:00+08:00,0.2800000011920929,0.2849999964237213,0.2800000011920929,0.2800000011920929,22300,0.0,0.0
2024-06-05 16:15:00+08:00,0.2800000011920929,0.2849999964237213,0.2800000011920929,0.2800000011920929,5100,0.0,0.0
2024-06-05 16:20:00+08:00,0.2800000011920929,0.2849999964237213,0.2800000011920929,0.2800000011920929,7000,0.0,0.0
2024-06-05 16:25:00+08:00,0.2800000011920929,0.2849999964237213,0.2800000011920929,0.2849999964237213,4300,0.0,0.0
2024-06-05 16:30:00+08:00,0.2849999964237213,0.2849999964237213,0.2800000011920929,0.2800000011920929,10200,0.0,0.0
2024-06-05 16:35:00+08:00,0.2800000011920929,0.2849999964237213,0.2800000011920929,0.2800000011920929,42600,0.0,0.0
2024-06-05 16:40:00+08:00,0.2800000011920929,0.2849999964237213,0.2800000011920929,0.2800000011920929,279900,0.0,0.0
2024-06-05 16:45:00+08:00,0.2800000011920929,0.2849999964237213,0.2800000011920929,0.2849999964237213,208300,0.0,0.0
2024-06-05 16:50:00+08:00,0.2849999964237213,0.2849999964237213,0.2800000011920929,0.2849999964237213,76500,0.0,0.0
2024-06-05 16:55:00+08:00,0.2849999964237213,0.2849999964237213,0.2800000011920929,0.2849999964237213,79200,0.0,0.0
2024-06-06 09:00:00+08:00,0.2849999964237213,0.28999999165534973,0.2849999964237213,0.28999999165534973,0,0.0,0.0
2024-06-06 09:05:00+08:00,0.28999999165534973,0.28999999165534973,0.2849999964237213,0.2849999964237213,0,0.0,0.0
2024-06-06 09:10:00+08:00,0.2849999964237213,0.28999999165534973,0.2849999964237213,0.28999999165534973,1441000,0.0,0.0
2024-06-06 09:15:00+08:00,0.28999999165534973,0.28999999165534973,0.2849999964237213,0.2849999964237213,0,0.0,0.0
2024-06-06 09:20:00+08:00,0.2849999964237213,0.28999999165534973,0.2849999964237213,0.28999999165534973,1449100,0.0,0.0
2024-06-06 09:25:00+08:00,0.28999999165534973,0.28999999165534973,0.28999999165534973,0.28999999165534973,2700,0.0,0.0
2024-06-06 09:50:00+08:00,0.28999999165534973,0.28999999165534973,0.2849999964237213,0.2849999964237213,18900,0.0,0.0
2024-06-06 10:00:00+08:00,0.2849999964237213,0.2849999964237213,0.2849999964237213,0.2849999964237213,100,0.0,0.0
2024-06-06 10:10:00+08:00,0.2849999964237213,0.2849999964237213,0.2849999964237213,0.2849999964237213,2600,0.0,0.0
2024-06-06 10:25:00+08:00,0.2849999964237213,0.2849999964237213,0.2849999964237213,0.2849999964237213,2100,0.0,0.0
2024-06-06 11:35:00+08:00,0.2849999964237213,0.28999999165534973,0.2849999964237213,0.28999999165534973,68600,0.0,0.0
2024-06-06 11:40:00+08:00,0.28999999165534973,0.28999999165534973,0.2849999964237213,0.28999999165534973,7500,0.0,0.0
2024-06-06 11:45:00+08:00,0.28999999165534973,0.28999999165534973,0.28999999165534973,0.28999999165534973,8500,0.0,0.0
2024-06-06 11:50:00+08:00,0.28999999165534973,0.28999999165534973,0.28999999165534973,0.28999999165534973,18000,0.0,0.0
2024-06-06 11:55:00+08:00,0.28999999165534973,0.28999999165534973,0.2849999964237213,0.28999999165534973,15100,0.0,0.0
2024-06-06 12:55:00+08:00,0.28999999165534973,0.28999999165534973,0.28999999165534973,0.28999999165534973,13100,0.0,0.0
2024-06-06 13:00:00+08:00,0.2849999964237213,0.28999999165534973,0.2849999964237213,0.2849999964237213,13500,0.0,0.0
2024-06-06 13:05:00+08:00,0.2849999964237213,0.28999999165534973,0.2849999964237213,0.2849999964237213,5400,0.0,0.0
2024-06-06 13:10:00+08:00,0.2849999964237213,0.28999999165534973,0.2849999964237213,0.28999999165534973,400,0.0,0.0
2024-06-06 13:35:00+08:00,0.28999999165534973,0.28999999165534973,0.2849999964237213,0.2849999964237213,11300,0.0,0.0
2024-06-06 13:40:00+08:00,0.2849999964237213,0.28999999165534973,0.2849999964237213,0.28999999165534973,2900,0.0,0.0
2024-06-06 13:50:00+08:00,0.28999999165534973,0.28999999165534973,0.28999999165534973,0.28999999165534973,2700,0.0,0.0
2024-06-06 13:55:00+08:00,0.28999999165534973,0.28999999165534973,0.28999999165534973,0.28999999165534973,13000,0.0,0.0
2024-06-06 14:15:00+08:00,0.28999999165534973,0.28999999165534973,0.2849999964237213,0.2849999964237213,37000,0.0,0.0
2024-06-06 14:20:00+08:00,0.2849999964237213,0.28999999165534973,0.2849999964237213,0.2849999964237213,15700,0.0,0.0
2024-06-06 14:25:00+08:00,0.2849999964237213,0.28999999165534973,0.2849999964237213,0.2849999964237213,3300,0.0,0.0
2024-06-06 14:30:00+08:00,0.2849999964237213,0.28999999165534973,0.2849999964237213,0.28999999165534973,300,0.0,0.0
2024-06-06 14:35:00+08:00,0.28999999165534973,0.28999999165534973,0.2849999964237213,0.2849999964237213,22700,0.0,0.0
2024-06-06 14:40:00+08:00,0.2849999964237213,0.28999999165534973,0.2849999964237213,0.28999999165534973,2200,0.0,0.0
2024-06-06 14:45:00+08:00,0.28999999165534973,0.28999999165534973,0.2849999964237213,0.2849999964237213,6900,0.0,0.0
2024-06-06 14:50:00+08:00,0.2849999964237213,0.2849999964237213,0.2849999964237213,0.2849999964237213,4200,0.0,0.0
2024-06-06 14:55:00+08:00,0.2849999964237213,0.28999999165534973,0.2849999964237213,0.2849999964237213,40700,0.0,0.0
2024-06-06 15:00:00+08:00,0.2849999964237213,0.28999999165534973,0.2849999964237213,0.2849999964237213,36200,0.0,0.0
2024-06-06 15:05:00+08:00,0.2849999964237213,0.28999999165534973,0.2849999964237213,0.2849999964237213,56800,0.0,0.0
2024-06-06 15:10:00+08:00,0.2849999964237213,0.28999999165534973,0.2849999964237213,0.2849999964237213,46900,0.0,0.0
2024-06-06 15:15:00+08:00,0.2849999964237213,0.28999999165534973,0.2849999964237213,0.2849999964237213,15400,0.0,0.0
2024-06-06 15:20:00+08:00,0.2849999964237213,0.28999999165534973,0.2849999964237213,0.2849999964237213,13400,0.0,0.0
2024-06-06 15:25:00+08:00,0.2849999964237213,0.28999999165534973,0.2849999964237213,0.2849999964237213,100400,0.0,0.0
2024-06-06 15:30:00+08:00,0.2849999964237213,0.2849999964237213,0.2849999964237213,0.2849999964237213,12300,0.0,0.0
2024-06-06 15:35:00+08:00,0.2849999964237213,0.28999999165534973,0.2849999964237213,0.2849999964237213,57700,0.0,0.0
2024-06-06 15:40:00+08:00,0.2849999964237213,0.28999999165534973,0.2849999964237213,0.2849999964237213,277600,0.0,0.0
2024-06-06 15:45:00+08:00,0.2849999964237213,0.28999999165534973,0.2849999964237213,0.28999999165534973,14500,0.0,0.0
2024-06-06 15:50:00+08:00,0.28999999165534973,0.28999999165534973,0.2849999964237213,0.28999999165534973,6000,0.0,0.0
2024-06-06 15:55:00+08:00,0.28999999165534973,0.28999999165534973,0.2849999964237213,0.28999999165534973,20400,0.0,0.0
2024-06-06 16:00:00+08:00,0.28999999165534973,0.28999999165534973,0.2849999964237213,0.28999999165534973,110200,0.0,0.0
2024-06-06 16:05:00+08:00,0.28999999165534973,0.28999999165534973,0.2849999964237213,0.2849999964237213,25800,0.0,0.0
2024-06-06 16:10:00+08:00,0.2849999964237213,0.28999999165534973,0.2849999964237213,0.2849999964237213,18100,0.0,0.0
2024-06-06 16:15:00+08:00,0.2849999964237213,0.28999999165534973,0.2849999964237213,0.2849999964237213,110600,0.0,0.0
2024-06-06 16:20:00+08:00,0.2849999964237213,0.28999999165534973,0.2849999964237213,0.2849999964237213,17300,0.0,0.0
2024-06-06 16:25:00+08:00,0.2849999964237213,0.28999999165534973,0.2849999964237213,0.2849999964237213,396800,0.0,0.0
2024-06-06 16:30:00+08:00,0.2849999964237213,0.28999999165534973,0.2849999964237213,0.2849999964237213,44000,0.0,0.0
2024-06-06 16:35:00+08:00,0.2849999964237213,0.28999999165534973,0.2849999964237213,0.28999999165534973,171700,0.0,0.0
2024-06-06 16:40:00+08:00,0.28999999165534973,0.28999999165534973,0.2849999964237213,0.28999999165534973,42600,0.0,0.0
2024-06-06 16:45:00+08:00,0.28999999165534973,0.28999999165534973,0.2849999964237213,0.2849999964237213,153700,0.0,0.0
2024-06-06 16:50:00+08:00,0.2849999964237213,0.28999999165534973,0.2849999964237213,0.28999999165534973,98700,0.0,0.0
2024-06-06 16:55:00+08:00,0.28999999165534973,0.28999999165534973,0.2849999964237213,0.2849999964237213,289300,0.0,0.0
2024-06-07 09:00:00+08:00,0.28999999165534973,0.28999999165534973,0.2849999964237213,0.2849999964237213,100,0.0,0.0
2024-06-07 09:05:00+08:00,0.2849999964237213,0.28999999165534973,0.2849999964237213,0.28999999165534973,46600,0.0,0.0
2024-06-07 09:15:00+08:00,0.28999999165534973,0.28999999165534973,0.28999999165534973,0.28999999165534973,0,0.0,0.0
2024-06-07 09:35:00+08:00,0.28999999165534973,0.28999999165534973,0.2849999964237213,0.2849999964237213,120800,0.0,0.0
2024-06-07 09:40:00+08:00,0.2849999964237213,0.2849999964237213,0.2849999964237213,0.2849999964237213,100,0.0,0.0
2024-06-07 09:50:00+08:00,0.2849999964237213,0.28999999165534973,0.2849999964237213,0.2849999964237213,15100,0.0,0.0
2024-06-07 09:55:00+08:00,0.2849999964237213,0.28999999165534973,0.2849999964237213,0.28999999165534973,200,0.0,0.0
2024-06-07 10:05:00+08:00,0.28999999165534973,0.28999999165534973,0.28999999165534973,0.28999999165534973,100,0.0,0.0
2024-06-07 10:15:00+08:00,0.28999999165534973,0.28999999165534973,0.2849999964237213,0.2849999964237213,2600,0.0,0.0
2024-06-07 10:25:00+08:00,0.2849999964237213,0.2849999964237213,0.2849999964237213,0.2849999964237213,300,0.0,0.0
2024-06-07 10:30:00+08:00,0.2849999964237213,0.2849999964237213,0.2849999964237213,0.2849999964237213,400,0.0,0.0
2024-06-07 10:40:00+08:00,0.2849999964237213,0.2849999964237213,0.2849999964237213,0.2849999964237213,100,0.0,0.0
2024-06-07 10:45:00+08:00,0.2849999964237213,0.2849999964237213,0.2849999964237213,0.2849999964237213,400,0.0,0.0
2024-06-07 10:50:00+08:00,0.2849999964237213,0.28999999165534973,0.2849999964237213,0.2849999964237213,1100,0.0,0.0
2024-06-07 10:55:00+08:00,0.2849999964237213,0.2849999964237213,0.2849999964237213,0.2849999964237213,200,0.0,0.0
2024-06-07 11:00:00+08:00,0.2849999964237213,0.2849999964237213,0.2849999964237213,0.2849999964237213,400,0.0,0.0
2024-06-07 11:05:00+08:00,0.2849999964237213,0.2849999964237213,0.2849999964237213,0.2849999964237213,100,0.0,0.0
2024-06-07 11:10:00+08:00,0.2849999964237213,0.2849999964237213,0.2849999964237213,0.2849999964237213,100,0.0,0.0
2024-06-07 11:15:00+08:00,0.2849999964237213,0.2849999964237213,0.2849999964237213,0.2849999964237213,300,0.0,0.0
2024-06-07 11:20:00+08:00,0.2849999964237213,0.2849999964237213,0.2849999964237213,0.2849999964237213,700,0.0,0.0
2024-06-07 11:25:00+08:00,0.2849999964237213,0.2849999964237213,0.2849999964237213,0.2849999964237213,700,0.0,0.0
2024-06-07 11:30:00+08:00,0.2849999964237213,0.28999999165534973,0.2849999964237213,0.28999999165534973,700,0.0,0.0
2024-06-07 11:35:00+08:00,0.28999999165534973,0.28999999165534973,0.2849999964237213,0.2849999964237213,400,0.0,0.0
2024-06-07 11:40:00+08:00,0.2849999964237213,0.28999999165534973,0.2849999964237213,0.2849999964237213,22500,0.0,0.0
2024-06-07 11:45:00+08:00,0.2849999964237213,0.2849999964237213,0.2849999964237213,0.2849999964237213,300,0.0,0.0
2024-06-07 11:50:00+08:00,0.2849999964237213,0.2849999964237213,0.2849999964237213,0.2849999964237213,300,0.0,0.0
2024-06-07 11:55:00+08:00,0.2849999964237213,0.28999999165534973,0.2849999964237213,0.2849999964237213,2300,0.0,0.0
2024-06-07 12:55:00+08:00,0.2849999964237213,0.2849999964237213,0.2849999964237213,0.2849999964237213,22500,0.0,0.0
2024-06-07 13:00:00+08:00,0.2849999964237213,0.2849999964237213,0.2849999964237213,0.2849999964237213,2000,0.0,0.0
2024-06-07 13:15:00+08:00,0.2849999964237213,0.2849999964237213,0.2849999964237213,0.2849999964237213,4800,0.0,0.0
2024-06-07 13:45:00+08:00,0.2849999964237213,0.28999999165534973,0.2849999964237213,0.2849999964237213,293900,0.0,0.0
2024-06-07 13:50:00+08:00,0.2849999964237213,0.28999999165534973,0.2849999964237213,0.28999999165534973,100,0.0,0.0
2024-06-07 14:00:00+08:00,0.28999999165534973,0.28999999165534973,0.2849999964237213,0.28999999165534973,4200,0.0,0.0
2024-06-07 14:10:00+08:00,0.28999999165534973,0.28999999165534973,0.28999999165534973,0.28999999165534973,4600,0.0,0.0
2024-06-07 14:20:00+08:00,0.28999999165534973,0.28999999165534973,0.2849999964237213,0.2849999964237213,34700,0.0,0.0
2024-06-07 14:25:00+08:00,0.2849999964237213,0.28999999165534973,0.2849999964237213,0.2849999964237213,5800,0.0,0.0
2024-06-07 14:30:00+08:00,0.2849999964237213,0.28999999165534973,0.2849999964237213,0.2849999964237213,4300,0.0,0.0
2024-06-07 14:35:00+08:00,0.2849999964237213,0.28999999165534973,0.2849999964237213,0.28999999165534973,6200,0.0,0.0
2024-06-07 14:40:00+08:00,0.28999999165534973,0.28999999165534973,0.2849999964237213,0.2849999964237213,4600,0.0,0.0
2024-06-07 14:45:00+08:00,0.2849999964237213,0.28999999165534973,0.2849999964237213,0.2849999964237213,10700,0.0,0.0
2024-06-07 14:50:00+08:00,0.2849999964237213,0.28999999165534973,0.2849999964237213,0.2849999964237213,10500,0.0,0.0
2024-06-07 14:55:00+08:00,0.2849999964237213,0.28999999165534973,0.2849999964237213,0.2849999964237213,4600,0.0,0.0
2024-06-07 15:00:00+08:00,0.2849999964237213,0.28999999165534973,0.2849999964237213,0.2849999964237213,7700,0.0,0.0
2024-06-07 15:05:00+08:00,0.2849999964237213,0.28999999165534973,0.2849999964237213,0.2849999964237213,9300,0.0,0.0
2024-06-07 15:10:00+08:00,0.2849999964237213,0.28999999165534973,0.2849999964237213,0.2849999964237213,10100,0.0,0.0
2024-06-07 15:15:00+08:00,0.2849999964237213,0.28999999165534973,0.2849999964237213,0.2849999964237213,9100,0.0,0.0
2024-06-07 15:20:00+08:00,0.2849999964237213,0.2849999964237213,0.2849999964237213,0.2849999964237213,1200,0.0,0.0
2024-06-07 15:25:00+08:00,0.2849999964237213,0.2849999964237213,0.2849999964237213,0.2849999964237213,900,0.0,0.0
2024-06-07 15:30:00+08:00,0.2849999964237213,0.28999999165534973,0.2849999964237213,0.2849999964237213,11000,0.0,0.0
2024-06-07 15:35:00+08:00,0.2849999964237213,0.2849999964237213,0.2849999964237213,0.2849999964237213,4000,0.0,0.0
2024-06-07 15:40:00+08:00,0.2849999964237213,0.28999999165534973,0.2849999964237213,0.2849999964237213,1400,0.0,0.0
2024-06-07 15:45:00+08:00,0.2849999964237213,0.28999999165534973,0.2849999964237213,0.2849999964237213,5600,0.0,0.0
2024-06-07 15:50:00+08:00,0.2849999964237213,0.28999999165534973,0.2849999964237213,0.2849999964237213,1000,0.0,0.0
2024-06-07 15:55:00+08:00,0.2849999964237213,0.2849999964237213,0.2849999964237213,0.2849999964237213,7500,0.0,0.0
2024-06-07 16:00:00+08:00,0.2849999964237213,0.28999999165534973,0.2849999964237213,0.28999999165534973,60500,0.0,0.0
2024-06-07 16:05:00+08:00,0.28999999165534973,0.28999999165534973,0.2849999964237213,0.2849999964237213,16000,0.0,0.0
2024-06-07 16:10:00+08:00,0.2849999964237213,0.2849999964237213,0.2849999964237213,0.2849999964237213,2500,0.0,0.0
2024-06-07 16:15:00+08:00,0.2849999964237213,0.28999999165534973,0.2849999964237213,0.2849999964237213,4600,0.0,0.0
2024-06-07 16:20:00+08:00,0.2849999964237213,0.28999999165534973,0.2849999964237213,0.2849999964237213,2500,0.0,0.0
2024-06-07 16:25:00+08:00,0.2849999964237213,0.2849999964237213,0.2849999964237213,0.2849999964237213,800,0.0,0.0
2024-06-07 16:30:00+08:00,0.2849999964237213,0.28999999165534973,0.2849999964237213,0.2849999964237213,4500,0.0,0.0
2024-06-07 16:35:00+08:00,0.2849999964237213,0.2849999964237213,0.2849999964237213,0.2849999964237213,3100,0.0,0.0
2024-06-07 16:40:00+08:00,0.2849999964237213,0.28999999165534973,0.2849999964237213,0.2849999964237213,3500,0.0,0.0
2024-06-07 16:45:00+08:00,0.2849999964237213,0.28999999165534973,0.2849999964237213,0.28999999165534973,7200,0.0,0.0
2024-06-07 16:50:00+08:00,0.28999999165534973,0.28999999165534973,0.2849999964237213,0.2849999964237213,144100,0.0,0.0
2024-06-07 16:55:00+08:00,0.2849999964237213,0.28999999165534973,0.2849999964237213,0.2849999964237213,40000,0.0,0.0
2024-06-10 09:00:00+08:00,0.2849999964237213,0.2849999964237213,0.2849999964237213,0.2849999964237213,479300,0.0,0.0
2024-06-10 09:05:00+08:00,0.2849999964237213,0.2849999964237213,0.2849999964237213,0.2849999964237213,10000,0.0,0.0
2024-06-10 09:10:00+08:00,0.2849999964237213,0.28999999165534973,0.2849999964237213,0.2849999964237213,3400,0.0,0.0
2024-06-10 09:15:00+08:00,0.2849999964237213,0.2849999964237213,0.2849999964237213,0.2849999964237213,6300,0.0,0.0
2024-06-10 09:25:00+08:00,0.2849999964237213,0.2849999964237213,0.2849999964237213,0.2849999964237213,4800,0.0,0.0
2024-06-10 09:30:00+08:00,0.2849999964237213,0.2849999964237213,0.2849999964237213,0.2849999964237213,3700,0.0,0.0
2024-06-10 09:35:00+08:00,0.2849999964237213,0.2849999964237213,0.2800000011920929,0.2849999964237213,3638800,0.0,0.0
2024-06-10 09:40:00+08:00,0.2849999964237213,0.2849999964237213,0.2800000011920929,0.2849999964237213,1100,0.0,0.0
2024-06-10 09:45:00+08:00,0.2849999964237213,0.2849999964237213,0.2800000011920929,0.2800000011920929,198800,0.0,0.0
2024-06-10 09:50:00+08:00,0.2800000011920929,0.2849999964237213,0.2800000011920929,0.2849999964237213,7600,0.0,0.0
2024-06-10 09:55:00+08:00,0.2849999964237213,0.2849999964237213,0.2800000011920929,0.2800000011920929,30000,0.0,0.0
2024-06-10 10:00:00+08:00,0.2800000011920929,0.2849999964237213,0.2800000011920929,0.2849999964237213,200,0.0,0.0
2024-06-10 10:05:00+08:00,0.2849999964237213,0.2849999964237213,0.2800000011920929,0.2800000011920929,600,0.0,0.0
2024-06-10 10:15:00+08:00,0.2800000011920929,0.2849999964237213,0.2800000011920929,0.2849999964237213,4300,0.0,0.0
2024-06-10 10:20:00+08:00,0.2849999964237213,0.2849999964237213,0.2800000011920929,0.2800000011920929,10000,0.0,0.0
2024-06-10 10:25:00+08:00,0.2800000011920929,0.2800000011920929,0.2800000011920929,0.2800000011920929,200,0.0,0.0
2024-06-10 10:30:00+08:00,0.2800000011920929,0.2800000011920929,0.2800000011920929,0.2800000011920929,200,0.0,0.0
2024-06-10 10:35:00+08:00,0.2800000011920929,0.2849999964237213,0.2800000011920929,0.2849999964237213,4100,0.0,0.0
2024-06-10 10:45:00+08:00,0.2849999964237213,0.2849999964237213,0.2800000011920929,0.2800000011920929,67100,0.0,0.0
2024-06-10 10:55:00+08:00,0.2800000011920929,0.2849999964237213,0.2800000011920929,0.2849999964237213,162300,0.0,0.0
2024-06-10 11:00:00+08:00,0.2849999964237213,0.2849999964237213,0.2849999964237213,0.2849999964237213,833100,0.0,0.0
2024-06-10 11:05:00+08:00,0.2849999964237213,0.2849999964237213,0.2849999964237213,0.2849999964237213,500,0.0,0.0
2024-06-10 11:20:00+08:00,0.2849999964237213,0.2849999964237213,0.2849999964237213,0.2849999964237213,19900,0.0,0.0
2024-06-10 11:35:00+08:00,0.2849999964237213,0.2849999964237213,0.2849999964237213,0.2849999964237213,46300,0.0,0.0
2024-06-10 11:40:00+08:00,0.2849999964237213,0.28999999165534973,0.2800000011920929,0.28999999165534973,249300,0.0,0.0
2024-06-10 11:45:00+08:00,0.2849999964237213,0.28999999165534973,0.2849999964237213,0.2849999964237213,541500,0.0,0.0
2024-06-10 12:55:00+08:00,0.2849999964237213,0.2849999964237213,0.2849999964237213,0.2849999964237213,200,0.0,0.0
2024-06-10 13:00:00+08:00,0.2849999964237213,0.2849999964237213,0.2849999964237213,0.2849999964237213,100,0.0,0.0
2024-06-10 13:05:00+08:00,0.2849999964237213,0.2849999964237213,0.2849999964237213,0.2849999964237213,4100,0.0,0.0
2024-06-10 13:25:00+08:00,0.2849999964237213,0.2849999964237213,0.2849999964237213,0.2849999964237213,4100,0.0,0.0
2024-06-10 13:30:00+08:00,0.2849999964237213,0.2849999964237213,0.2849999964237213,0.2849999964237213,4000,0.0,0.0
2024-06-10 13:40:00+08:00,0.2849999964237213,0.2849999964237213,0.2849999964237213,0.2849999964237213,1400,0.0,0.0
2024-06-10 13:45:00+08:00,0.2849999964237213,0.28999999165534973,0.2849999964237213,0.28999999165534973,11000,0.0,0.0
2024-06-10 13:50:00+08:00,0.28999999165534973,0.28999999165534973,0.2849999964237213,0.2849999964237213,1600,0.0,0.0
2024-06-10 13:55:00+08:00,0.2849999964237213,0.2849999964237213,0.2849999964237213,0.2849999964237213,1400,0.0,0.0
2024-06-10 14:00:00+08:00,0.2849999964237213,0.2849999964237213,0.2849999964237213,0.2849999964237213,1400,0.0,0.0
2024-06-10 14:05:00+08:00,0.2849999964237213,0.2849999964237213,0.2849999964237213,0.2849999964237213,4100,0.0,0.0
2024-06-10 14:30:00+08:00,0.2849999964237213,0.2849999964237213,0.2849999964237213,0.2849999964237213,4100,0.0,0.0
2024-06-10 14:35:00+08:00,0.2849999964237213,0.2849999964237213,0.2849999964237213,0.2849999964237213,7700,0.0,0.0
2024-06-10 14:45:00+08:00,0.2849999964237213,0.2849999964237213,0.2849999964237213,0.2849999964237213,100,0.0,0.0
2024-06-10 14:50:00+08:00,0.2849999964237213,0.2849999964237213,0.2800000011920929,0.2849999964237213,424300,0.0,0.0
2024-06-10 14:55:00+08:00,0.2849999964237213,0.2849999964237213,0.2849999964237213,0.2849999964237213,54000,0.0,0.0
2024-06-10 15:15:00+08:00,0.2849999964237213,0.2849999964237213,0.2849999964237213,0.2849999964237213,102900,0.0,0.0
2024-06-10 15:25:00+08:00,0.2849999964237213,0.2849999964237213,0.2849999964237213,0.2849999964237213,5000,0.0,0.0
2024-06-10 15:30:00+08:00,0.2849999964237213,0.2849999964237213,0.2849999964237213,0.2849999964237213,60000,0.0,0.0
2024-06-10 15:40:00+08:00,0.2849999964237213,0.2849999964237213,0.2849999964237213,0.2849999964237213,3500,0.0,0.0
2024-06-10 15:45:00+08:00,0.2849999964237213,0.2849999964237213,0.2800000011920929,0.2800000011920929,50000,0.0,0.0
2024-06-10 15:50:00+08:00,0.2800000011920929,0.2849999964237213,0.2800000011920929,0.2849999964237213,3900,0.0,0.0
2024-06-10 16:00:00+08:00,0.2849999964237213,0.2849999964237213,0.2800000011920929,0.2800000011920929,100,0.0,0.0
2024-06-10 16:05:00+08:00,0.2800000011920929,0.2849999964237213,0.2800000011920929,0.2849999964237213,20100,0.0,0.0
2024-06-10 16:15:00+08:00,0.2849999964237213,0.2849999964237213,0.2800000011920929,0.2849999964237213,28500,0.0,0.0
2024-06-10 16:20:00+08:00,0.2849999964237213,0.2849999964237213,0.2849999964237213,0.2849999964237213,15000,0.0,0.0
2024-06-10 16:25:00+08:00,0.2849999964237213,0.2849999964237213,0.2800000011920929,0.2800000011920929,6500,0.0,0.0
2024-06-10 16:30:00+08:00,0.2800000011920929,0.2849999964237213,0.2800000011920929,0.2800000011920929,400,0.0,0.0
2024-06-10 16:40:00+08:00,0.2800000011920929,0.2849999964237213,0.2800000011920929,0.2800000011920929,2700,0.0,0.0
2024-06-10 16:50:00+08:00,0.2800000011920929,0.2849999964237213,0.2800000011920929,0.2800000011920929,14000,0.0,0.0
2024-06-10 16:55:00+08:00,0.2800000011920929,0.2849999964237213,0.2800000011920929,0.2849999964237213,68000,0.0,0.0
2024-06-11 09:00:00+08:00,0.2800000011920929,0.2849999964237213,0.2800000011920929,0.2849999964237213,500,0.0,0.0
2024-06-11 09:10:00+08:00,0.2849999964237213,0.2849999964237213,0.2800000011920929,0.2800000011920929,2300,0.0,0.0
2024-06-11 09:15:00+08:00,0.2800000011920929,0.2849999964237213,0.2800000011920929,0.2849999964237213,200,0.0,0.0
2024-06-11 09:20:00+08:00,0.2849999964237213,0.2849999964237213,0.2800000011920929,0.2800000011920929,51500,0.0,0.0
2024-06-11 09:25:00+08:00,0.2800000011920929,0.2849999964237213,0.2800000011920929,0.2849999964237213,8000,0.0,0.0
2024-06-11 09:30:00+08:00,0.2849999964237213,0.2849999964237213,0.2800000011920929,0.2800000011920929,572900,0.0,0.0
2024-06-11 09:35:00+08:00,0.2800000011920929,0.2849999964237213,0.2800000011920929,0.2800000011920929,5300,0.0,0.0
2024-06-11 09:40:00+08:00,0.2800000011920929,0.2800000011920929,0.2800000011920929,0.2800000011920929,100,0.0,0.0
2024-06-11 09:45:00+08:00,0.2800000011920929,0.2849999964237213,0.2800000011920929,0.2800000011920929,34700,0.0,0.0
2024-06-11 09:50:00+08:00,0.2800000011920929,0.2800000011920929,0.2800000011920929,0.2800000011920929,100,0.0,0.0
2024-06-11 09:55:00+08:00,0.2800000011920929,0.2800000011920929,0.2800000011920929,0.2800000011920929,3600,0.0,0.0
2024-06-11 10:00:00+08:00,0.2800000011920929,0.2800000011920929,0.2800000011920929,0.2800000011920929,4100,0.0,0.0
2024-06-11 10:05:00+08:00,0.2800000011920929,0.2849999964237213,0.2800000011920929,0.2800000011920929,61500,0.0,0.0
2024-06-11 10:10:00+08:00,0.2800000011920929,0.2800000011920929,0.2800000011920929,0.2800000011920929,5900,0.0,0.0
2024-06-11 10:15:00+08:00,0.2800000011920929,0.2849999964237213,0.2800000011920929,0.2849999964237213,2600,0.0,0.0
2024-06-11 10:20:00+08:00,0.2849999964237213,0.2849999964237213,0.2800000011920929,0.2849999964237213,6800,0.0,0.0
2024-06-11 10:25:00+08:00,0.2849999964237213,0.2849999964237213,0.2800000011920929,0.2849999964237213,4700,0.0,0.0
2024-06-11 10:30:00+08:00,0.2849999964237213,0.2849999964237213,0.2800000011920929,0.2800000011920929,4600,0.0,0.0
2024-06-11 10:35:00+08:00,0.2800000011920929,0.2849999964237213,0.2800000011920929,0.2800000011920929,10000,0.0,0.0
2024-06-11 10:40:00+08:00,0.2800000011920929,0.2849999964237213,0.2800000011920929,0.2849999964237213,2400,0.0,0.0
2024-06-11 10:45:00+08:00,0.2849999964237213,0.2849999964237213,0.2800000011920929,0.2800000011920929,5700,0.0,0.0
2024-06-11 10:50:00+08:00,0.2800000011920929,0.2849999964237213,0.2800000011920929,0.2849999964237213,6600,0.0,0.0
2024-06-11 10:55:00+08:00,0.2849999964237213,0.2849999964237213,0.2849999964237213,0.2849999964237213,5000,0.0,0.0
2024-06-11 11:00:00+08:00,0.2849999964237213,0.2849999964237213,0.2800000011920929,0.2800000011920929,2300,0.0,0.0
2024-06-11 11:05:00+08:00,0.2800000011920929,0.2849999964237213,0.2800000011920929,0.2849999964237213,7700,0.0,0.0
2024-06-11 11:10:00+08:00,0.2849999964237213,0.2849999964237213,0.2849999964237213,0.2849999964237213,4600,0.0,0.0
2024-06-11 11:15:00+08:00,0.2849999964237213,0.2849999964237213,0.2800000011920929,0.2849999964237213,7400,0.0,0.0
2024-06-11 11:20:00+08:00,0.2849999964237213,0.2849999964237213,0.2849999964237213,0.2849999964237213,2300,0.0,0.0
2024-06-11 11:25:00+08:00,0.2849999964237213,0.2849999964237213,0.2800000011920929,0.2849999964237213,10500,0.0,0.0
2024-06-11 11:30:00+08:00,0.2849999964237213,0.2849999964237213,0.2800000011920929,0.2849999964237213,13900,0.0,0.0
2024-06-11 11:35:00+08:00,0.2849999964237213,0.2849999964237213,0.2800000011920929,0.2849999964237213,26400,0.0,0.0
2024-06-11 11:40:00+08:00,0.2849999964237213,0.2849999964237213,0.2800000011920929,0.2800000011920929,2800,0.0,0.0
2024-06-11 11:45:00+08:00,0.2800000011920929,0.2849999964237213,0.2800000011920929,0.2849999964237213,7900,0.0,0.0
2024-06-11 11:50:00+08:00,0.2849999964237213,0.2849999964237213,0.2849999964237213,0.2849999964237213,2300,0.0,0.0
2024-06-11 11:55:00+08:00,0.2849999964237213,0.2849999964237213,0.2800000011920929,0.2849999964237213,12000,0.0,0.0
2024-06-11 12:55:00+08:00,0.2800000011920929,0.2800000011920929,0.2800000011920929,0.2800000011920929,12400,0.0,0.0
2024-06-11 13:00:00+08:00,0.2800000011920929,0.2849999964237213,0.2800000011920929,0.2800000011920929,74700,0.0,0.0
2024-06-11 13:05:00+08:00,0.2800000011920929,0.2849999964237213,0.2800000011920929,0.2849999964237213,7800,0.0,0.0
2024-06-11 13:10:00+08:00,0.2849999964237213,0.2849999964237213,0.2800000011920929,0.2800000011920929,3700,0.0,0.0
2024-06-11 13:15:00+08:00,0.2800000011920929,0.2849999964237213,0.2800000011920929,0.2800000011920929,10300,0.0,0.0
2024-06-11 13:20:00+08:00,0.2800000011920929,0.2849999964237213,0.2800000011920929,0.2800000011920929,1400,0.0,0.0
2024-06-11 13:25:00+08:00,0.2800000011920929,0.2849999964237213,0.2800000011920929,0.2800000011920929,8500,0.0,0.0
2024-06-11 13:30:00+08:00,0.2800000011920929,0.2800000011920929,0.2800000011920929,0.2800000011920929,1100,0.0,0.0
2024-06-11 13:35:00+08:00,0.2800000011920929,0.2849999964237213,0.2800000011920929,0.2800000011920929,13500,0.0,0.0
2024-06-11 13:40:00+08:00,0.2800000011920929,0.2849999964237213,0.2800000011920929,0.2800000011920929,9700,0.0,0.0
2024-06-11 13:45:00+08:00,0.2800000011920929,0.2800000011920929,0.2800000011920929,0.2800000011920929,1100,0.0,0.0
2024-06-11 13:50:00+08:00,0.2800000011920929,0.2849999964237213,0.2800000011920929,0.2800000011920929,15000,0.0,0.0
2024-06-11 13:55:00+08:00,0.2800000011920929,0.2800000011920929,0.2800000011920929,0.2800000011920929,1200,0.0,0.0
2024-06-11 14:00:00+08:00,0.2800000011920929,0.2849999964237213,0.2800000011920929,0.2800000011920929,8500,0.0,0.0
2024-06-11 14:05:00+08:00,0.2800000011920929,0.2800000011920929,0.2800000011920929,0.2800000011920929,4400,0.0,0.0
2024-06-11 14:10:00+08:00,0.2800000011920929,0.2849999964237213,0.2800000011920929,0.2800000011920929,9900,0.0,0.0
2024-06-11 14:15:00+08:00,0.2800000011920929,0.2800000011920929,0.2800000011920929,0.2800000011920929,5200,0.0,0.0
2024-06-11 14:20:00+08:00,0.2800000011920929,0.28999999165534973,0.2800000011920929,0.2849999964237213,2218100,0.0,0.0
2024-06-11 14:25:00+08:00,0.2849999964237213,0.2849999964237213,0.2849999964237213,0.2849999964237213,1128200,0.0,0.0
2024-06-11 14:30:00+08:00,0.2849999964237213,0.2849999964237213,0.2849999964237213,0.2849999964237213,12200,0.0,0.0
2024-06-11 14:35:00+08:00,0.2849999964237213,0.2849999964237213,0.2849999964237213,0.2849999964237213,1900,0.0,0.0
2024-06-11 14:40:00+08:00,0.2849999964237213,0.2849999964237213,0.2849999964237213,0.2849999964237213,4500,0.0,0.0
2024-06-11 14:45:00+08:00,0.2849999964237213,0.2849999964237213,0.2849999964237213,0.2849999964237213,56000,0.0,0.0
2024-06-11 14:55:00+08:00,0.2849999964237213,0.2849999964237213,0.2849999964237213,0.2849999964237213,2600,0.0,0.0
2024-06-11 15:05:00+08:00,0.2849999964237213,0.2849999964237213,0.2849999964237213,0.2849999964237213,64000,0.0,0.0
2024-06-11 15:15:00+08:00,0.2849999964237213,0.2849999964237213,0.2800000011920929,0.2800000011920929,1900,0.0,0.0
2024-06-11 15:25:00+08:00,0.2800000011920929,0.2800000011920929,0.2800000011920929,0.2800000011920929,200,0.0,0.0
2024-06-11 15:30:00+08:00,0.2800000011920929,0.2800000011920929,0.2800000011920929,0.2800000011920929,100,0.0,0.0
2024-06-11 15:35:00+08:00,0.2800000011920929,0.2800000011920929,0.2800000011920929,0.2800000011920929,100,0.0,0.0
2024-06-11 15:40:00+08:00,0.2800000011920929,0.2849999964237213,0.2800000011920929,0.2849999964237213,100,0.0,0.0
2024-06-11 15:45:00+08:00,0.2849999964237213,0.2849999964237213,0.2800000011920929,0.2800000011920929,6600,0.0,0.0
2024-06-11 15:50:00+08:00,0.2800000011920929,0.2800000011920929,0.2800000011920929,0.2800000011920929,200,0.0,0.0
2024-06-11 15:55:00+08:00,0.2800000011920929,0.2800000011920929,0.2800000011920929,0.2800000011920929,3300,0.0,0.0
2024-06-11 16:00:00+08:00,0.2800000011920929,0.2800000011920929,0.2800000011920929,0.2800000011920929,4300,0.0,0.0
2024-06-11 16:05:00+08:00,0.2800000011920929,0.2800000011920929,0.2800000011920929,0.2800000011920929,16900,0.0,0.0
2024-06-11 16:10:00+08:00,0.2800000011920929,0.2849999964237213,0.2800000011920929,0.2800000011920929,21800,0.0,0.0
2024-06-11 16:15:00+08:00,0.2800000011920929,0.2849999964237213,0.2800000011920929,0.2800000011920929,18400,0.0,0.0
2024-06-11 16:20:00+08:00,0.2800000011920929,0.2849999964237213,0.2800000011920929,0.2800000011920929,19200,0.0,0.0
2024-06-11 16:25:00+08:00,0.2800000011920929,0.2849999964237213,0.2800000011920929,0.2800000011920929,77800,0.0,0.0
2024-06-11 16:30:00+08:00,0.2800000011920929,0.2849999964237213,0.2800000011920929,0.2800000011920929,116400,0.0,0.0
2024-06-11 16:35:00+08:00,0.2800000011920929,0.2849999964237213,0.2800000011920929,0.2849999964237213,126000,0.0,0.0
2024-06-11 16:40:00+08:00,0.2849999964237213,0.2849999964237213,0.2800000011920929,0.2800000011920929,120500,0.0,0.0
2024-06-11 16:45:00+08:00,0.2800000011920929,0.2849999964237213,0.2800000011920929,0.2800000011920929,146500,0.0,0.0
2024-06-11 16:50:00+08:00,0.2800000011920929,0.2849999964237213,0.2800000011920929,0.2800000011920929,208500,0.0,0.0
2024-06-11 16:55:00+08:00,0.2800000011920929,0.2849999964237213,0.2800000011920929,0.2800000011920929,443100,0.0,0.0
2024-06-12 09:00:00+08:00,0.2849999964237213,0.2849999964237213,0.2849999964237213,0.2849999964237213,200,0.0,0.0
2024-06-12 09:05:00+08:00,0.2849999964237213,0.2849999964237213,0.2849999964237213,0.2849999964237213,1000,0.0,0.0
2024-06-12 09:20:00+08:00,0.2800000011920929,0.2800000011920929,0.2800000011920929,0.2800000011920929,27100,0.0,0.0
2024-06-12 09:25:00+08:00,0.2800000011920929,0.2849999964237213,0.2800000011920929,0.2849999964237213,17100,0.0,0.0
2024-06-12 09:30:00+08:00,0.2849999964237213,0.2849999964237213,0.2800000011920929,0.2800000011920929,500,0.0,0.0
2024-06-12 09:35:00+08:00,0.2800000011920929,0.2849999964237213,0.2800000011920929,0.2849999964237213,300,0.0,0.0
2024-06-12 09:50:00+08:00,0.2849999964237213,0.2849999964237213,0.2800000011920929,0.2849999964237213,1000,0.0,0.0
2024-06-12 09:55:00+08:00,0.2849999964237213,0.2849999964237213,0.2800000011920929,0.2800000011920929,200,0.0,0.0
2024-06-12 10:05:00+08:00,0.2800000011920929,0.2849999964237213,0.2800000011920929,0.2849999964237213,500,0.0,0.0
2024-06-12 10:20:00+08:00,0.2849999964237213,0.2849999964237213,0.2849999964237213,0.2849999964237213,1000,0.0,0.0
2024-06-12 10:25:00+08:00,0.2849999964237213,0.2849999964237213,0.2800000011920929,0.2849999964237213,11200,0.0,0.0
2024-06-12 10:30:00+08:00,0.2849999964237213,0.2849999964237213,0.2849999964237213,0.2849999964237213,5100,0.0,0.0
2024-06-12 10:35:00+08:00,0.2849999964237213,0.2849999964237213,0.2800000011920929,0.2849999964237213,13300,0.0,0.0
2024-06-12 10:40:00+08:00,0.2849999964237213,0.2849999964237213,0.2849999964237213,0.2849999964237213,2900,0.0,0.0
2024-06-12 10:45:00+08:00,0.2849999964237213,0.2849999964237213,0.2800000011920929,0.2849999964237213,13900,0.0,0.0
2024-06-12 10:50:00+08:00,0.2849999964237213,0.2849999964237213,0.2800000011920929,0.2849999964237213,3400,0.0,0.0
2024-06-12 10:55:00+08:00,0.2849999964237213,0.2849999964237213,0.2800000011920929,0.2800000011920929,11000,0.0,0.0
2024-06-12 11:00:00+08:00,0.2800000011920929,0.2849999964237213,0.2800000011920929,0.2849999964237213,22300,0.0,0.0
2024-06-12 11:05:00+08:00,0.2849999964237213,0.2849999964237213,0.2800000011920929,0.2800000011920929,4700,0.0,0.0
2024-06-12 11:10:00+08:00,0.2800000011920929,0.2849999964237213,0.2800000011920929,0.2800000011920929,3800,0.0,0.0
2024-06-12 11:15:00+08:00,0.2800000011920929,0.2849999964237213,0.2800000011920929,0.2849999964237213,8200,0.0,0.0
2024-06-12 11:20:00+08:00,0.2800000011920929,0.2849999964237213,0.2800000011920929,0.2849999964237213,20400,0.0,0.0
2024-06-12 11:25:00+08:00,0.2849999964237213,0.2849999964237213,0.2800000011920929,0.2800000011920929,8200,0.0,0.0
2024-06-12 11:30:00+08:00,0.2800000011920929,0.2849999964237213,0.2800000011920929,0.2849999964237213,14700,0.0,0.0
2024-06-12 11:35:00+08:00,0.2849999964237213,0.2849999964237213,0.2800000011920929,0.2800000011920929,11200,0.0,0.0
2024-06-12 11:40:00+08:00,0.2800000011920929,0.2849999964237213,0.2800000011920929,0.2849999964237213,14400,0.0,0.0
2024-06-12 11:45:00+08:00,0.2849999964237213,0.2849999964237213,0.2800000011920929,0.2800000011920929,2800,0.0,0.0
2024-06-12 11:50:00+08:00,0.2800000011920929,0.2849999964237213,0.2800000011920929,0.2800000011920929,28000,0.0,0.0
2024-06-12 11:55:00+08:00,0.2800000011920929,0.2849999964237213,0.2800000011920929,0.2800000011920929,48800,0.0,0.0
2024-06-12 12:55:00+08:00,0.2849999964237213,0.2849999964237213,0.2849999964237213,0.2849999964237213,8700,0.0,0.0
2024-06-12 13:00:00+08:00,0.2849999964237213,0.2849999964237213,0.2800000011920929,0.2800000011920929,11800,0.0,0.0
2024-06-12 13:05:00+08:00,0.2800000011920929,0.2849999964237213,0.2800000011920929,0.2800000011920929,9700,0.0,0.0
2024-06-12 13:10:00+08:00,0.2800000011920929,0.2849999964237213,0.2800000011920929,0.2849999964237213,3500,0.0,0.0
2024-06-12 13:15:00+08:00,0.2849999964237213,0.2849999964237213,0.2800000011920929,0.2800000011920929,4900,0.0,0.0
2024-06-12 13:20:00+08:00,0.2800000011920929,0.2849999964237213,0.2800000011920929,0.2849999964237213,3700,0.0,0.0
2024-06-12 13:25:00+08:00,0.2849999964237213,0.2849999964237213,0.2800000011920929,0.2800000011920929,83400,0.0,0.0
2024-06-12 13:30:00+08:00,0.2800000011920929,0.2849999964237213,0.2800000011920929,0.2849999964237213,3200,0.0,0.0
2024-06-12 13:35:00+08:00,0.2849999964237213,0.2849999964237213,0.2800000011920929,0.2849999964237213,2700,0.0,0.0
2024-06-12 13:40:00+08:00,0.2849999964237213,0.2849999964237213,0.2800000011920929,0.2800000011920929,5400,0.0,0.0
2024-06-12 13:45:00+08:00,0.2800000011920929,0.2849999964237213,0.2800000011920929,0.2849999964237213,24900,0.0,0.0
2024-06-12 13:50:00+08:00,0.2849999964237213,0.2849999964237213,0.2800000011920929,0.2800000011920929,17300,0.0,0.0
2024-06-12 13:55:00+08:00,0.2800000011920929,0.2849999964237213,0.2800000011920929,0.2800000011920929,8400,0.0,0.0
2024-06-12 14:00:00+08:00,0.2800000011920929,0.2849999964237213,0.2800000011920929,0.2849999964237213,3700,0.0,0.0
2024-06-12 14:05:00+08:00,0.2849999964237213,0.2849999964237213,0.2800000011920929,0.2800000011920929,73700,0.0,0.0
2024-06-12 14:10:00+08:00,0.2800000011920929,0.2849999964237213,0.2800000011920929,0.2849999964237213,5000,0.0,0.0
2024-06-12 14:15:00+08:00,0.2849999964237213,0.2849999964237213,0.2800000011920929,0.2849999964237213,3000,0.0,0.0
2024-06-12 14:20:00+08:00,0.2849999964237213,0.2849999964237213,0.2800000011920929,0.2800000011920929,5100,0.0,0.0
2024-06-12 14:25:00+08:00,0.2800000011920929,0.2849999964237213,0.2800000011920929,0.2800000011920929,5300,0.0,0.0
2024-06-12 14:30:00+08:00,0.2800000011920929,0.2849999964237213,0.2800000011920929,0.2800000011920929,14500,0.0,0.0
2024-06-12 14:35:00+08:00,0.2800000011920929,0.2849999964237213,0.2800000011920929,0.2849999964237213,11800,0.0,0.0
2024-06-12 14:40:00+08:00,0.2849999964237213,0.2849999964237213,0.2800000011920929,0.2800000011920929,6300,0.0,0.0
2024-06-12 14:45:00+08:00,0.2800000011920929,0.2849999964237213,0.2800000011920929,0.2849999964237213,2500,0.0,0.0
2024-06-12 14:50:00+08:00,0.2849999964237213,0.2849999964237213,0.2800000011920929,0.2800000011920929,20900,0.0,0.0
2024-06-12 14:55:00+08:00,0.2800000011920929,0.2849999964237213,0.2800000011920929,0.2849999964237213,29000,0.0,0.0
2024-06-12 15:00:00+08:00,0.2849999964237213,0.2849999964237213,0.2800000011920929,0.2849999964237213,5400,0.0,0.0
2024-06-12 15:05:00+08:00,0.2849999964237213,0.2849999964237213,0.2800000011920929,0.2800000011920929,19400,0.0,0.0
2024-06-12 15:10:00+08:00,0.2800000011920929,0.2849999964237213,0.2800000011920929,0.2800000011920929,13200,0.0,0.0
2024-06-12 15:15:00+08:00,0.2800000011920929,0.2849999964237213,0.2800000011920929,0.2849999964237213,36600,0.0,0.0
2024-06-12 15:20:00+08:00,0.2849999964237213,0.2849999964237213,0.2800000011920929,0.2800000011920929,9500,0.0,0.0
2024-06-12 15:25:00+08:00,0.2800000011920929,0.2849999964237213,0.2800000011920929,0.2849999964237213,5800,0.0,0.0
2024-06-12 15:30:00+08:00,0.2849999964237213,0.2849999964237213,0.2800000011920929,0.2849999964237213,9300,0.0,0.0
2024-06-12 15:35:00+08:00,0.2849999964237213,0.2849999964237213,0.2800000011920929,0.2849999964237213,15100,0.0,0.0
2024-06-12 15:40:00+08:00,0.2849999964237213,0.2849999964237213,0.2800000011920929,0.2800000011920929,143500,0.0,0.0
2024-06-12 15:45:00+08:00,0.2800000011920929,0.2849999964237213,0.2800000011920929,0.2849999964237213,13800,0.0,0.0
2024-06-12 15:50:00+08:00,0.2849999964237213,0.2849999964237213,0.2800000011920929,0.2800000011920929,14400,0.0,0.0
2024-06-12 15:55:00+08:00,0.2800000011920929,0.2849999964237213,0.2800000011920929,0.2849999964237213,16700,0.0,0.0
2024-06-12 16:00:00+08:00,0.2849999964237213,0.2849999964237213,0.2800000011920929,0.2800000011920929,16600,0.0,0.0
2024-06-12 16:05:00+08:00,0.2800000011920929,0.2849999964237213,0.2800000011920929,0.2800000011920929,73800,0.0,0.0
2024-06-12 16:10:00+08:00,0.2800000011920929,0.2849999964237213,0.2800000011920929,0.2849999964237213,22200,0.0,0.0
2024-06-12 16:15:00+08:00,0.2849999964237213,0.2849999964237213,0.2800000011920929,0.2849999964237213,26000,0.0,0.0
2024-06-12 16:20:00+08:00,0.2849999964237213,0.2849999964237213,0.2800000011920929,0.2849999964237213,44300,0.0,0.0
2024-06-12 16:25:00+08:00,0.2849999964237213,0.2849999964237213,0.2800000011920929,0.2800000011920929,82000,0.0,0.0
2024-06-12 16:30:00+08:00,0.2800000011920929,0.2849999964237213,0.2800000011920929,0.2800000011920929,34900,0.0,0.0
2024-06-12 16:35:00+08:00,0.2800000011920929,0.2849999964237213,0.2800000011920929,0.2800000011920929,36400,0.0,0.0
2024-06-12 16:40:00+08:00,0.2800000011920929,0.2849999964237213,0.2800000011920929,0.2849999964237213,109200,0.0,0.0
2024-06-12 16:45:00+08:00,0.2849999964237213,0.2849999964237213,0.2800000011920929,0.2800000011920929,77500,0.0,0.0
2024-06-12 16:50:00+08:00,0.2800000011920929,0.2849999964237213,0.2800000011920929,0.2849999964237213,111200,0.0,0.0
2024-06-12 16:55:00+08:00,0.2849999964237213,0.2849999964237213,0.2800000011920929,0.2800000011920929,388800,0.0,0.0
2024-06-13 09:00:00+08:00,0.2800000011920929,0.2849999964237213,0.2800000011920929,0.2849999964237213,6300,0.0,0.0
2024-06-13 09:05:00+08:00,0.2849999964237213,0.2849999964237213,0.2800000011920929,0.2800000011920929,100,0.0,0.0
2024-06-13 09:15:00+08:00,0.2800000011920929,0.2800000011920929,0.2800000011920929,0.2800000011920929,13800,0.0,0.0
2024-06-13 09:20:00+08:00,0.2800000011920929,0.2800000011920929,0.2800000011920929,0.2800000011920929,0,0.0,0.0
2024-06-13 09:25:00+08:00,0.2800000011920929,0.2800000011920929,0.2800000011920929,0.2800000011920929,153800,0.0,0.0
2024-06-13 09:30:00+08:00,0.2800000011920929,0.2849999964237213,0.2800000011920929,0.2800000011920929,4600,0.0,0.0
2024-06-13 09:35:00+08:00,0.2800000011920929,0.2849999964237213,0.2800000011920929,0.2800000011920929,48400,0.0,0.0
2024-06-13 09:40:00+08:00,0.2800000011920929,0.2849999964237213,0.2800000011920929,0.2800000011920929,12800,0.0,0.0
2024-06-13 09:45:00+08:00,0.2800000011920929,0.2800000011920929,0.2750000059604645,0.2800000011920929,4119400,0.0,0.0
2024-06-13 09:50:00+08:00,0.2800000011920929,0.2800000011920929,0.2750000059604645,0.2750000059604645,578400,0.0,0.0
2024-06-13 09:55:00+08:00,0.2750000059604645,0.2750000059604645,0.2750000059604645,0.2750000059604645,4200,0.0,0.0
2024-06-13 10:00:00+08:00,0.2750000059604645,0.2800000011920929,0.2750000059604645,0.2750000059604645,64000,0.0,0.0
2024-06-13 10:05:00+08:00,0.2750000059604645,0.2800000011920929,0.2750000059604645,0.2800000011920929,4600,0.0,0.0
2024-06-13 10:10:00+08:00,0.2800000011920929,0.2800000011920929,0.2750000059604645,0.2750000059604645,51400,0.0,0.0
2024-06-13 10:15:00+08:00,0.2750000059604645,0.2800000011920929,0.2750000059604645,0.2800000011920929,4900,0.0,0.0
2024-06-13 10:20:00+08:00,0.2800000011920929,0.2800000011920929,0.2750000059604645,0.2750000059604645,36500,0.0,0.0
2024-06-13 10:25:00+08:00,0.2750000059604645,0.2800000011920929,0.2750000059604645,0.2750000059604645,17000,0.0,0.0
2024-06-13 10:30:00+08:00,0.2750000059604645,0.2800000011920929,0.2750000059604645,0.2800000011920929,9000,0.0,0.0
2024-06-13 10:35:00+08:00,0.2800000011920929,0.2800000011920929,0.2800000011920929,0.2800000011920929,7000,0.0,0.0
2024-06-13 10:40:00+08:00,0.2800000011920929,0.2800000011920929,0.2750000059604645,0.2800000011920929,26600,0.0,0.0
2024-06-13 10:45:00+08:00,0.2800000011920929,0.2800000011920929,0.2750000059604645,0.2750000059604645,7700,0.0,0.0
2024-06-13 10:55:00+08:00,0.2750000059604645,0.2750000059604645,0.2750000059604645,0.2750000059604645,1100,0.0,0.0
2024-06-13 11:00:00+08:00,0.2750000059604645,0.2800000011920929,0.2750000059604645,0.2800000011920929,4200,0.0,0.0
2024-06-13 11:10:00+08:00,0.2800000011920929,0.2800000011920929,0.2750000059604645,0.2750000059604645,122500,0.0,0.0
2024-06-13 11:15:00+08:00,0.2750000059604645,0.2800000011920929,0.2750000059604645,0.2750000059604645,544100,0.0,0.0
2024-06-13 11:20:00+08:00,0.2750000059604645,0.2800000011920929,0.2750000059604645,0.2750000059604645,13800,0.0,0.0
2024-06-13 11:25:00+08:00,0.2750000059604645,0.2800000011920929,0.2750000059604645,0.2750000059604645,7600,0.0,0.0
2024-06-13 11:30:00+08:00,0.2750000059604645,0.2800000011920929,0.2750000059604645,0.2800000011920929,6000,0.0,0.0
2024-06-13 11:35:00+08:00,0.2800000011920929,0.2800000011920929,0.2750000059604645,0.2800000011920929,8400,0.0,0.0
2024-06-13 11:40:00+08:00,0.2800000011920929,0.2800000011920929,0.2750000059604645,0.2800000011920929,8900,0.0,0.0
2024-06-13 11:45:00+08:00,0.2750000059604645,0.2800000011920929,0.2750000059604645,0.2750000059604645,8800,0.0,0.0
2024-06-13 11:50:00+08:00,0.2750000059604645,0.2800000011920929,0.2750000059604645,0.2800000011920929,14000,0.0,0.0
2024-06-13 11:55:00+08:00,0.2800000011920929,0.2800000011920929,0.2750000059604645,0.2800000011920929,11300,0.0,0.0
2024-06-13 12:55:00+08:00,0.2800000011920929,0.2800000011920929,0.2800000011920929,0.2800000011920929,93400,0.0,0.0
2024-06-13 13:00:00+08:00,0.2750000059604645,0.2800000011920929,0.2750000059604645,0.2800000011920929,0,0.0,0.0
2024-06-13 13:10:00+08:00,0.2800000011920929,0.2849999964237213,0.2800000011920929,0.2800000011920929,6691500,0.0,0.0
2024-06-13 13:20:00+08:00,0.2800000011920929,0.2800000011920929,0.2800000011920929,0.2800000011920929,16000,0.0,0.0
2024-06-13 13:25:00+08:00,0.2800000011920929,0.2849999964237213,0.2800000011920929,0.2800000011920929,17700,0.0,0.0
2024-06-13 13:30:00+08:00,0.2800000011920929,0.2849999964237213,0.2800000011920929,0.2800000011920929,7200,0.0,0.0
2024-06-13 13:35:00+08:00,0.2800000011920929,0.2849999964237213,0.2800000011920929,0.2800000011920929,4200,0.0,0.0
2024-06-13 13:45:00+08:00,0.2800000011920929,0.2800000011920929,0.2800000011920929,0.2800000011920929,100,0.0,0.0
2024-06-13 13:50:00+08:00,0.2800000011920929,0.2800000011920929,0.2800000011920929,0.2800000011920929,800,0.0,0.0
2024-06-13 13:55:00+08:00,0.2800000011920929,0.2800000011920929,0.2800000011920929,0.2800000011920929,7200,0.0,0.0
2024-06-13 14:00:00+08:00,0.2800000011920929,0.2800000011920929,0.2800000011920929,0.2800000011920929,56500,0.0,0.0
2024-06-13 14:05:00+08:00,0.2800000011920929,0.2800000011920929,0.2800000011920929,0.2800000011920929,2900,0.0,0.0
2024-06-13 14:15:00+08:00,0.2800000011920929,0.2800000011920929,0.2800000011920929,0.2800000011920929,100,0.0,0.0
2024-06-13 14:20:00+08:00,0.2800000011920929,0.2800000011920929,0.2800000011920929,0.2800000011920929,1300,0.0,0.0
2024-06-13 14:25:00+08:00,0.2800000011920929,0.2849999964237213,0.2800000011920929,0.2800000011920929,1000,0.0,0.0
2024-06-13 14:30:00+08:00,0.2800000011920929,0.2849999964237213,0.2800000011920929,0.2849999964237213,5100,0.0,0.0
2024-06-13 14:35:00+08:00,0.2849999964237213,0.2849999964237213,0.2800000011920929,0.2800000011920929,4400,0.0,0.0
2024-06-13 14:40:00+08:00,0.2800000011920929,0.2800000011920929,0.2800000011920929,0.2800000011920929,1000,0.0,0.0
2024-06-13 14:45:00+08:00,0.2800000011920929,0.2800000011920929,0.2800000011920929,0.2800000011920929,100,0.0,0.0
2024-06-13 14:50:00+08:00,0.2800000011920929,0.2849999964237213,0.2800000011920929,0.2800000011920929,6500,0.0,0.0
2024-06-13 14:55:00+08:00,0.2800000011920929,0.2849999964237213,0.2800000011920929,0.2800000011920929,7100,0.0,0.0
2024-06-13 15:00:00+08:00,0.2800000011920929,0.2849999964237213,0.2800000011920929,0.2800000011920929,217500,0.0,0.0
2024-06-13 15:05:00+08:00,0.2800000011920929,0.2849999964237213,0.2800000011920929,0.2800000011920929,9500,0.0,0.0
2024-06-13 15:10:00+08:00,0.2800000011920929,0.2849999964237213,0.2800000011920929,0.2800000011920929,8400,0.0,0.0
2024-06-13 15:15:00+08:00,0.2800000011920929,0.2849999964237213,0.2800000011920929,0.2849999964237213,200,0.0,0.0
2024-06-13 15:20:00+08:00,0.2849999964237213,0.2849999964237213,0.2800000011920929,0.2800000011920929,9500,0.0,0.0
2024-06-13 15:25:00+08:00,0.2800000011920929,0.2849999964237213,0.2800000011920929,0.2849999964237213,2600,0.0,0.0
2024-06-13 15:30:00+08:00,0.2849999964237213,0.2849999964237213,0.2800000011920929,0.2800000011920929,1800,0.0,0.0
2024-06-13 15:35:00+08:00,0.2800000011920929,0.2849999964237213,0.2800000011920929,0.2849999964237213,8100,0.0,0.0
2024-06-13 15:40:00+08:00,0.2849999964237213,0.2849999964237213,0.2800000011920929,0.2800000011920929,5400,0.0,0.0
2024-06-13 15:45:00+08:00,0.2800000011920929,0.2849999964237213,0.2800000011920929,0.2800000011920929,6200,0.0,0.0
2024-06-13 15:50:00+08:00,0.2800000011920929,0.2849999964237213,0.2800000011920929,0.2800000011920929,500,0.0,0.0
2024-06-13 15:55:00+08:00,0.2800000011920929,0.2849999964237213,0.2800000011920929,0.2800000011920929,6500,0.0,0.0
2024-06-13 16:00:00+08:00,0.2800000011920929,0.2849999964237213,0.2800000011920929,0.2849999964237213,8900,0.0,0.0
2024-06-13 16:05:00+08:00,0.2849999964237213,0.2849999964237213,0.2800000011920929,0.2800000011920929,13800,0.0,0.0
2024-06-13 16:10:00+08:00,0.2800000011920929,0.2849999964237213,0.2800000011920929,0.2800000011920929,25400,0.0,0.0
2024-06-13 16:15:00+08:00,0.2800000011920929,0.2849999964237213,0.2800000011920929,0.2800000011920929,11000,0.0,0.0
2024-06-13 16:20:00+08:00,0.2800000011920929,0.2849999964237213,0.2800000011920929,0.2800000011920929,7100,0.0,0.0
2024-06-13 16:25:00+08:00,0.2800000011920929,0.2849999964237213,0.2800000011920929,0.2800000011920929,8100,0.0,0.0
2024-06-13 16:30:00+08:00,0.2800000011920929,0.2849999964237213,0.2800000011920929,0.2800000011920929,11900,0.0,0.0
2024-06-13 16:35:00+08:00,0.2800000011920929,0.2849999964237213,0.2800000011920929,0.2800000011920929,8800,0.0,0.0
2024-06-13 16:40:00+08:00,0.2800000011920929,0.2849999964237213,0.2800000011920929,0.2800000011920929,6600,0.0,0.0
2024-06-13 16:45:00+08:00,0.2800000011920929,0.2849999964237213,0.2800000011920929,0.2849999964237213,19800,0.0,0.0
2024-06-13 16:50:00+08:00,0.2849999964237213,0.2849999964237213,0.2800000011920929,0.2800000011920929,35000,0.0,0.0
2024-06-13 16:55:00+08:00,0.2800000011920929,0.2849999964237213,0.2800000011920929,0.2849999964237213,86500,0.0,0.0
2024-06-14 09:00:00+08:00,0.2849999964237213,0.2849999964237213,0.2800000011920929,0.2800000011920929,200,0.0,0.0
2024-06-14 09:15:00+08:00,0.2800000011920929,0.2849999964237213,0.2800000011920929,0.2849999964237213,46800,0.0,0.0
2024-06-14 09:20:00+08:00,0.2849999964237213,0.2849999964237213,0.2800000011920929,0.2800000011920929,7000,0.0,0.0
2024-06-14 09:25:00+08:00,0.2800000011920929,0.2849999964237213,0.2800000011920929,0.2849999964237213,9200,0.0,0.0
2024-06-14 09:30:00+08:00,0.2849999964237213,0.2849999964237213,0.2800000011920929,0.2800000011920929,19500,0.0,0.0
2024-06-14 09:35:00+08:00,0.2800000011920929,0.2849999964237213,0.2800000011920929,0.2849999964237213,4000,0.0,0.0
2024-06-14 09:40:00+08:00,0.2849999964237213,0.2849999964237213,0.2800000011920929,0.2849999964237213,16700,0.0,0.0
2024-06-14 09:50:00+08:00,0.2849999964237213,0.2849999964237213,0.2800000011920929,0.2800000011920929,3500,0.0,0.0
2024-06-14 09:55:00+08:00,0.2800000011920929,0.2849999964237213,0.2800000011920929,0.2849999964237213,9300,0.0,0.0
2024-06-14 10:00:00+08:00,0.2849999964237213,0.2849999964237213,0.2800000011920929,0.2800000011920929,3100,0.0,0.0
2024-06-14 10:05:00+08:00,0.2800000011920929,0.2849999964237213,0.2800000011920929,0.2800000011920929,4300,0.0,0.0
2024-06-14 10:10:00+08:00,0.2800000011920929,0.2849999964237213,0.2800000011920929,0.2800000011920929,7400,0.0,0.0
2024-06-14 10:15:00+08:00,0.2800000011920929,0.2849999964237213,0.2800000011920929,0.2849999964237213,8000,0.0,0.0
2024-06-14 10:20:00+08:00,0.2849999964237213,0.2849999964237213,0.2800000011920929,0.2800000011920929,3100,0.0,0.0
2024-06-14 10:25:00+08:00,0.2800000011920929,0.2849999964237213,0.2800000011920929,0.2849999964237213,9100,0.0,0.0
2024-06-14 10:30:00+08:00,0.2849999964237213,0.2849999964237213,0.2800000011920929,0.2800000011920929,3400,0.0,0.0
2024-06-14 10:35:00+08:00,0.2800000011920929,0.2849999964237213,0.2800000011920929,0.2849999964237213,8700,0.0,0.0
2024-06-14 10:45:00+08:00,0.2849999964237213,0.2849999964237213,0.2800000011920929,0.2800000011920929,2700,0.0,0.0
2024-06-14 10:50:00+08:00,0.2800000011920929,0.2849999964237213,0.2800000011920929,0.2800000011920929,8400,0.0,0.0
2024-06-14 10:55:00+08:00,0.2800000011920929,0.2849999964237213,0.2800000011920929,0.2849999964237213,7800,0.0,0.0
2024-06-14 11:00:00+08:00,0.2849999964237213,0.2849999964237213,0.2800000011920929,0.2800000011920929,3900,0.0,0.0
2024-06-14 11:05:00+08:00,0.2800000011920929,0.2800000011920929,0.2800000011920929,0.2800000011920929,4200,0.0,0.0
2024-06-14 11:10:00+08:00,0.2800000011920929,0.2849999964237213,0.2800000011920929,0.2849999964237213,14400,0.0,0.0
2024-06-14 11:15:00+08:00,0.2849999964237213,0.2849999964237213,0.2800000011920929,0.2800000011920929,6700,0.0,0.0
2024-06-14 11:20:00+08:00,0.2800000011920929,0.2849999964237213,0.2800000011920929,0.2849999964237213,5200,0.0,0.0
2024-06-14 11:25:00+08:00,0.2849999964237213,0.2849999964237213,0.2800000011920929,0.2800000011920929,0,0.0,0.0
2024-06-14 11:30:00+08:00,0.2800000011920929,0.2849999964237213,0.2800000011920929,0.2800000011920929,659000,0.0,0.0
2024-06-14 11:35:00+08:00,0.2800000011920929,0.2849999964237213,0.2800000011920929,0.2800000011920929,4400,0.0,0.0
2024-06-14 11:45:00+08:00,0.2800000011920929,0.2849999964237213,0.2800000011920929,0.2800000011920929,17800,0.0,0.0
2024-06-14 11:50:00+08:00,0.2800000011920929,0.2849999964237213,0.2800000011920929,0.2800000011920929,14900,0.0,0.0
2024-06-14 11:55:00+08:00,0.2800000011920929,0.2849999964237213,0.2800000011920929,0.2849999964237213,9400,0.0,0.0
2024-06-14 12:55:00+08:00,0.2800000011920929,0.2800000011920929,0.2800000011920929,0.2800000011920929,61700,0.0,0.0
2024-06-14 13:05:00+08:00,0.2800000011920929,0.2849999964237213,0.2800000011920929,0.2800000011920929,4100,0.0,0.0
2024-06-14 13:15:00+08:00,0.2800000011920929,0.2849999964237213,0.2800000011920929,0.2800000011920929,42200,0.0,0.0
2024-06-14 13:20:00+08:00,0.2800000011920929,0.2849999964237213,0.2800000011920929,0.2849999964237213,59200,0.0,0.0
2024-06-14 13:25:00+08:00,0.2849999964237213,0.2849999964237213,0.2849999964237213,0.2849999964237213,4300,0.0,0.0
2024-06-14 13:35:00+08:00,0.2849999964237213,0.2849999964237213,0.2800000011920929,0.2800000011920929,3200,0.0,0.0
2024-06-14 13:40:00+08:00,0.2800000011920929,0.2800000011920929,0.2800000011920929,0.2800000011920929,1500,0.0,0.0
2024-06-14 13:45:00+08:00,0.2800000011920929,0.2849999964237213,0.2800000011920929,0.2849999964237213,3200,0.0,0.0
2024-06-14 13:50:00+08:00,0.2849999964237213,0.2849999964237213,0.2800000011920929,0.2849999964237213,4800,0.0,0.0
2024-06-14 14:00:00+08:00,0.2849999964237213,0.2849999964237213,0.2800000011920929,0.2800000011920929,3400,0.0,0.0
2024-06-14 14:05:00+08:00,0.2800000011920929,0.2849999964237213,0.2800000011920929,0.2849999964237213,400,0.0,0.0
2024-06-14 14:15:00+08:00,0.2849999964237213,0.2849999964237213,0.2800000011920929,0.2800000011920929,4800,0.0,0.0
2024-06-14 14:20:00+08:00,0.2800000011920929,0.2849999964237213,0.2800000011920929,0.2849999964237213,120800,0.0,0.0
2024-06-14 14:25:00+08:00,0.2849999964237213,0.2849999964237213,0.2849999964237213,0.2849999964237213,3600,0.0,0.0
2024-06-14 14:30:00+08:00,0.2849999964237213,0.2849999964237213,0.2849999964237213,0.2849999964237213,3300,0.0,0.0
2024-06-14 14:35:00+08:00,0.2849999964237213,0.2849999964237213,0.2800000011920929,0.2849999964237213,6000,0.0,0.0
2024-06-14 14:40:00+08:00,0.2849999964237213,0.2849999964237213,0.2800000011920929,0.2849999964237213,5200,0.0,0.0
2024-06-14 14:45:00+08:00,0.2849999964237213,0.2849999964237213,0.2800000011920929,0.2849999964237213,3000,0.0,0.0
2024-06-14 14:50:00+08:00,0.2849999964237213,0.2849999964237213,0.2800000011920929,0.2849999964237213,15400,0.0,0.0
2024-06-14 14:55:00+08:00,0.2849999964237213,0.2849999964237213,0.2800000011920929,0.2849999964237213,4800,0.0,0.0
2024-06-14 15:00:00+08:00,0.2849999964237213,0.2849999964237213,0.2800000011920929,0.2849999964237213,11600,0.0,0.0
2024-06-14 15:05:00+08:00,0.2800000011920929,0.2849999964237213,0.2800000011920929,0.2849999964237213,46300,0.0,0.0
2024-06-14 15:10:00+08:00,0.2849999964237213,0.2849999964237213,0.2800000011920929,0.2800000011920929,1000,0.0,0.0
2024-06-14 15:15:00+08:00,0.2800000011920929,0.2849999964237213,0.2800000011920929,0.2849999964237213,9400,0.0,0.0
2024-06-14 15:20:00+08:00,0.2849999964237213,0.2849999964237213,0.2849999964237213,0.2849999964237213,1100,0.0,0.0
2024-06-14 15:25:00+08:00,0.2849999964237213,0.2849999964237213,0.2800000011920929,0.2849999964237213,4700,0.0,0.0
2024-06-14 15:30:00+08:00,0.2849999964237213,0.2849999964237213,0.2800000011920929,0.2849999964237213,10300,0.0,0.0
2024-06-14 15:35:00+08:00,0.2849999964237213,0.2849999964237213,0.2849999964237213,0.2849999964237213,100,0.0,0.0
2024-06-14 15:40:00+08:00,0.2849999964237213,0.2849999964237213,0.2800000011920929,0.2849999964237213,182800,0.0,0.0
2024-06-14 15:45:00+08:00,0.2849999964237213,0.2849999964237213,0.2800000011920929,0.2800000011920929,8500,0.0,0.0
2024-06-14 15:50:00+08:00,0.2800000011920929,0.2849999964237213,0.2800000011920929,0.2849999964237213,7000,0.0,0.0
2024-06-14 15:55:00+08:00,0.2849999964237213,0.2849999964237213,0.2800000011920929,0.2849999964237213,8600,0.0,0.0
2024-06-14 16:00:00+08:00,0.2849999964237213,0.2849999964237213,0.2849999964237213,0.2849999964237213,5900,0.0,0.0
2024-06-14 16:05:00+08:00,0.2849999964237213,0.2849999964237213,0.2800000011920929,0.2800000011920929,10900,0.0,0.0
2024-06-14 16:10:00+08:00,0.2800000011920929,0.2849999964237213,0.2800000011920929,0.2800000011920929,12000,0.0,0.0
2024-06-14 16:15:00+08:00,0.2800000011920929,0.2849999964237213,0.2800000011920929,0.2849999964237213,11000,0.0,0.0
2024-06-14 16:20:00+08:00,0.2849999964237213,0.2849999964237213,0.2800000011920929,0.2849999964237213,14200,0.0,0.0
2024-06-14 16:25:00+08:00,0.2849999964237213,0.2849999964237213,0.2800000011920929,0.2849999964237213,162500,0.0,0.0
2024-06-14 16:30:00+08:00,0.2849999964237213,0.2849999964237213,0.2800000011920929,0.2800000011920929,11300,0.0,0.0
2024-06-14 16:35:00+08:00,0.2800000011920929,0.2849999964237213,0.2800000011920929,0.2849999964237213,24800,0.0,0.0
2024-06-14 16:40:00+08:00,0.2849999964237213,0.2849999964237213,0.2800000011920929,0.2849999964237213,26000,0.0,0.0
2024-06-14 16:45:00+08:00,0.2849999964237213,0.2849999964237213,0.2800000011920929,0.2800000011920929,57400,0.0,0.0
2024-06-14 16:50:00+08:00,0.2800000011920929,0.2849999964237213,0.2800000011920929,0.2800000011920929,44200,0.0,0.0
2024-06-14 16:55:00+08:00,0.2800000011920929,0.2849999964237213,0.2800000011920929,0.2849999964237213,59300,0.0,0.0
2024-06-18 09:00:00+08:00,0.2849999964237213,0.2849999964237213,0.2849999964237213,0.2849999964237213,700,0.0,0.0
2024-06-18 09:05:00+08:00,0.2849999964237213,0.2849999964237213,0.2849999964237213,0.2849999964237213,900,0.0,0.0
2024-06-18 09:10:00+08:00,0.2849999964237213,0.2849999964237213,0.2849999964237213,0.2849999964237213,2400,0.0,0.0
2024-06-18 09:15:00+08:00,0.2849999964237213,0.2849999964237213,0.2849999964237213,0.2849999964237213,7400,0.0,0.0
2024-06-18 09:20:00+08:00,0.2849999964237213,0.2849999964237213,0.2849999964237213,0.2849999964237213,43600,0.0,0.0
2024-06-18 09:25:00+08:00,0.2849999964237213,0.2849999964237213,0.2849999964237213,0.2849999964237213,43000,0.0,0.0
2024-06-18 09:30:00+08:00,0.2849999964237213,0.2849999964237213,0.2849999964237213,0.2849999964237213,45400,0.0,0.0
2024-06-18 09:35:00+08:00,0.2849999964237213,0.2849999964237213,0.2849999964237213,0.2849999964237213,36600,0.0,0.0
2024-06-18 09:40:00+08:00,0.2849999964237213,0.2849999964237213,0.2800000011920929,0.2849999964237213,57400,0.0,0.0
2024-06-18 09:45:00+08:00,0.2849999964237213,0.2849999964237213,0.2849999964237213,0.2849999964237213,30500,0.0,0.0
2024-06-18 09:50:00+08:00,0.2849999964237213,0.2849999964237213,0.2849999964237213,0.2849999964237213,21200,0.0,0.0
2024-06-18 09:55:00+08:00,0.2849999964237213,0.2849999964237213,0.2800000011920929,0.2849999964237213,27000,0.0,0.0
2024-06-18 10:00:00+08:00,0.2849999964237213,0.2849999964237213,0.2800000011920929,0.2849999964237213,48500,0.0,0.0
2024-06-18 10:05:00+08:00,0.2849999964237213,0.2849999964237213,0.2800000011920929,0.2849999964237213,5500,0.0,0.0
2024-06-18 10:10:00+08:00,0.2849999964237213,0.2849999964237213,0.2800000011920929,0.2800000011920929,15900,0.0,0.0
2024-06-18 10:15:00+08:00,0.2800000011920929,0.2849999964237213,0.2800000011920929,0.2849999964237213,36500,0.0,0.0
2024-06-18 10:20:00+08:00,0.2849999964237213,0.2849999964237213,0.2800000011920929,0.2849999964237213,28300,0.0,0.0
2024-06-18 10:25:00+08:00,0.2849999964237213,0.2849999964237213,0.2800000011920929,0.2849999964237213,51100,0.0,0.0
2024-06-18 10:30:00+08:00,0.2849999964237213,0.2849999964237213,0.2800000011920929,0.2849999964237213,35600,0.0,0.0
2024-06-18 10:35:00+08:00,0.2849999964237213,0.2849999964237213,0.2800000011920929,0.2849999964237213,2100,0.0,0.0
2024-06-18 10:40:00+08:00,0.2849999964237213,0.2849999964237213,0.2800000011920929,0.2849999964237213,714500,0.0,0.0
2024-06-18 10:45:00+08:00,0.2849999964237213,0.2849999964237213,0.2800000011920929,0.2849999964237213,17000,0.0,0.0
2024-06-18 10:50:00+08:00,0.2849999964237213,0.2849999964237213,0.2800000011920929,0.2849999964237213,12400,0.0,0.0
2024-06-18 10:55:00+08:00,0.2849999964237213,0.2849999964237213,0.2800000011920929,0.2849999964237213,20700,0.0,0.0
2024-06-18 11:00:00+08:00,0.2849999964237213,0.2849999964237213,0.2800000011920929,0.2849999964237213,31600,0.0,0.0
2024-06-18 11:05:00+08:00,0.2849999964237213,0.2849999964237213,0.2800000011920929,0.2849999964237213,2900,0.0,0.0
2024-06-18 11:10:00+08:00,0.2849999964237213,0.2849999964237213,0.2800000011920929,0.2849999964237213,12700,0.0,0.0
2024-06-18 11:15:00+08:00,0.2849999964237213,0.2849999964237213,0.2800000011920929,0.2849999964237213,23700,0.0,0.0
2024-06-18 11:20:00+08:00,0.2849999964237213,0.2849999964237213,0.2800000011920929,0.2849999964237213,24400,0.0,0.0
2024-06-18 11:25:00+08:00,0.2849999964237213,0.2849999964237213,0.2800000011920929,0.2800000011920929,14700,0.0,0.0
2024-06-18 11:30:00+08:00,0.2849999964237213,0.2849999964237213,0.2800000011920929,0.2849999964237213,36400,0.0,0.0
2024-06-18 11:35:00+08:00,0.2849999964237213,0.2849999964237213,0.2800000011920929,0.2849999964237213,8000,0.0,0.0
2024-06-18 11:40:00+08:00,0.2849999964237213,0.2849999964237213,0.2800000011920929,0.2849999964237213,17200,0.0,0.0
2024-06-18 11:45:00+08:00,0.2849999964237213,0.2849999964237213,0.2800000011920929,0.2849999964237213,13900,0.0,0.0
2024-06-18 11:50:00+08:00,0.2849999964237213,0.2849999964237213,0.2800000011920929,0.2849999964237213,10700,0.0,0.0
2024-06-18 11:55:00+08:00,0.2849999964237213,0.2849999964237213,0.2800000011920929,0.2849999964237213,15100,0.0,0.0
2024-06-18 12:55:00+08:00,0.2849999964237213,0.2849999964237213,0.2800000011920929,0.2800000011920929,103200,0.0,0.0
2024-06-18 13:00:00+08:00,0.2800000011920929,0.2849999964237213,0.2800000011920929,0.2849999964237213,168700,0.0,0.0
2024-06-18 13:05:00+08:00,0.2849999964237213,0.2849999964237213,0.2800000011920929,0.2800000011920929,32000,0.0,0.0
2024-06-18 13:10:00+08:00,0.2800000011920929,0.2849999964237213,0.2800000011920929,0.2849999964237213,3400,0.0,0.0
2024-06-18 13:15:00+08:00,0.2849999964237213,0.2849999964237213,0.2800000011920929,0.2849999964237213,3100,0.0,0.0
2024-06-18 13:20:00+08:00,0.2849999964237213,0.2849999964237213,0.2800000011920929,0.2849999964237213,11800,0.0,0.0
2024-06-18 13:25:00+08:00,0.2849999964237213,0.2849999964237213,0.2800000011920929,0.2800000011920929,11500,0.0,0.0
2024-06-18 13:30:00+08:00,0.2800000011920929,0.2849999964237213,0.2800000011920929,0.2800000011920929,20700,0.0,0.0
2024-06-18 13:35:00+08:00,0.2800000011920929,0.2849999964237213,0.2800000011920929,0.2849999964237213,3200,0.0,0.0
2024-06-18 13:40:00+08:00,0.2849999964237213,0.2849999964237213,0.2800000011920929,0.2849999964237213,30400,0.0,0.0
2024-06-18 13:45:00+08:00,0.2849999964237213,0.2849999964237213,0.2800000011920929,0.2849999964237213,30100,0.0,0.0
2024-06-18 13:50:00+08:00,0.2849999964237213,0.2849999964237213,0.2800000011920929,0.2800000011920929,17300,0.0,0.0
2024-06-18 13:55:00+08:00,0.2800000011920929,0.2849999964237213,0.2800000011920929,0.2849999964237213,11000,0.0,0.0
2024-06-18 14:00:00+08:00,0.2849999964237213,0.2849999964237213,0.2800000011920929,0.2849999964237213,29600,0.0,0.0
2024-06-18 14:05:00+08:00,0.2849999964237213,0.2849999964237213,0.2800000011920929,0.2800000011920929,5700,0.0,0.0
2024-06-18 14:10:00+08:00,0.2800000011920929,0.2849999964237213,0.2800000011920929,0.2800000011920929,10100,0.0,0.0
2024-06-18 14:15:00+08:00,0.2800000011920929,0.2849999964237213,0.2800000011920929,0.2849999964237213,21000,0.0,0.0
2024-06-18 14:20:00+08:00,0.2849999964237213,0.2849999964237213,0.2800000011920929,0.2849999964237213,33600,0.0,0.0
2024-06-18 14:25:00+08:00,0.2849999964237213,0.2849999964237213,0.2800000011920929,0.2800000011920929,46200,0.0,0.0
2024-06-18 14:30:00+08:00,0.2800000011920929,0.2849999964237213,0.2800000011920929,0.2800000011920929,28500,0.0,0.0
2024-06-18 14:35:00+08:00,0.2800000011920929,0.2849999964237213,0.2800000011920929,0.2849999964237213,39700,0.0,0.0
2024-06-18 14:40:00+08:00,0.2849999964237213,0.2849999964237213,0.2800000011920929,0.2849999964237213,13100,0.0,0.0
2024-06-18 14:45:00+08:00,0.2849999964237213,0.2849999964237213,0.2800000011920929,0.2800000011920929,14200,0.0,0.0
2024-06-18 14:50:00+08:00,0.2800000011920929,0.2849999964237213,0.2800000011920929,0.2849999964237213,433900,0.0,0.0
2024-06-18 14:55:00+08:00,0.2849999964237213,0.2849999964237213,0.2800000011920929,0.2800000011920929,20600,0.0,0.0
2024-06-18 15:00:00+08:00,0.2800000011920929,0.2849999964237213,0.2800000011920929,0.2849999964237213,189600,0.0,0.0
2024-06-18 15:05:00+08:00,0.2849999964237213,0.2849999964237213,0.2800000011920929,0.2800000011920929,27400,0.0,0.0
2024-06-18 15:10:00+08:00,0.2800000011920929,0.2849999964237213,0.2800000011920929,0.2849999964237213,112700,0.0,0.0
2024-06-18 15:15:00+08:00,0.2849999964237213,0.2849999964237213,0.2800000011920929,0.2849999964237213,22100,0.0,0.0
2024-06-18 15:20:00+08:00,0.2849999964237213,0.2849999964237213,0.2800000011920929,0.2849999964237213,49700,0.0,0.0
2024-06-18 15:25:00+08:00,0.2849999964237213,0.2849999964237213,0.2800000011920929,0.2800000011920929,47400,0.0,0.0
2024-06-18 15:30:00+08:00,0.2800000011920929,0.2849999964237213,0.2800000011920929,0.2849999964237213,115100,0.0,0.0
2024-06-18 15:35:00+08:00,0.2849999964237213,0.2849999964237213,0.2800000011920929,0.2849999964237213,35100,0.0,0.0
2024-06-18 15:40:00+08:00,0.2849999964237213,0.2849999964237213,0.2800000011920929,0.2849999964237213,100300,0.0,0.0
2024-06-18 15:45:00+08:00,0.2849999964237213,0.2849999964237213,0.2800000011920929,0.2800000011920929,35200,0.0,0.0
2024-06-18 15:50:00+08:00,0.2800000011920929,0.2849999964237213,0.2800000011920929,0.2849999964237213,92000,0.0,0.0
2024-06-18 15:55:00+08:00,0.2849999964237213,0.2849999964237213,0.2800000011920929,0.2849999964237213,63200,0.0,0.0
2024-06-18 16:00:00+08:00,0.2849999964237213,0.2849999964237213,0.2800000011920929,0.2800000011920929,124100,0.0,0.0
2024-06-18 16:05:00+08:00,0.2800000011920929,0.2849999964237213,0.2800000011920929,0.2800000011920929,78600,0.0,0.0
2024-06-18 16:10:00+08:00,0.2800000011920929,0.2849999964237213,0.2800000011920929,0.2849999964237213,111800,0.0,0.0
2024-06-18 16:15:00+08:00,0.2849999964237213,0.2849999964237213,0.2800000011920929,0.2849999964237213,53800,0.0,0.0
2024-06-18 16:20:00+08:00,0.2849999964237213,0.2849999964237213,0.2800000011920929,0.2849999964237213,187000,0.0,0.0
2024-06-18 16:25:00+08:00,0.2849999964237213,0.2849999964237213,0.2800000011920929,0.2800000011920929,49000,0.0,0.0
2024-06-18 16:30:00+08:00,0.2800000011920929,0.2849999964237213,0.2800000011920929,0.2800000011920929,158200,0.0,0.0
2024-06-18 16:35:00+08:00,0.2800000011920929,0.2849999964237213,0.2800000011920929,0.2849999964237213,41100,0.0,0.0
2024-06-18 16:40:00+08:00,0.2849999964237213,0.2849999964237213,0.2800000011920929,0.2800000011920929,140700,0.0,0.0
2024-06-18 16:45:00+08:00,0.2800000011920929,0.2849999964237213,0.2800000011920929,0.2849999964237213,75800,0.0,0.0
2024-06-18 16:50:00+08:00,0.2849999964237213,0.2849999964237213,0.2800000011920929,0.2849999964237213,111700,0.0,0.0
2024-06-18 16:55:00+08:00,0.2849999964237213,0.2849999964237213,0.2800000011920929,0.2849999964237213,189900,0.0,0.0
2024-06-19 09:00:00+08:00,0.2849999964237213,0.2849999964237213,0.2800000011920929,0.2800000011920929,900,0.0,0.0
2024-06-19 09:05:00+08:00,0.2800000011920929,0.2849999964237213,0.2800000011920929,0.2800000011920929,88500,0.0,0.0
2024-06-19 09:10:00+08:00,0.2800000011920929,0.2800000011920929,0.2800000011920929,0.2800000011920929,3500,0.0,0.0
2024-06-19 09:15:00+08:00,0.2800000011920929,0.2800000011920929,0.2800000011920929,0.2800000011920929,3900,0.0,0.0
2024-06-19 09:20:00+08:00,0.2800000011920929,0.2849999964237213,0.2800000011920929,0.2800000011920929,4200,0.0,0.0
2024-06-19 09:25:00+08:00,0.2800000011920929,0.2800000011920929,0.2800000011920929,0.2800000011920929,4000,0.0,0.0
2024-06-19 09:30:00+08:00,0.2800000011920929,0.2800000011920929,0.2800000011920929,0.2800000011920929,2700,0.0,0.0
2024-06-19 09:35:00+08:00,0.2800000011920929,0.2849999964237213,0.2800000011920929,0.2800000011920929,16600,0.0,0.0
2024-06-19 09:40:00+08:00,0.2800000011920929,0.2849999964237213,0.2800000011920929,0.2800000011920929,3400,0.0,0.0
2024-06-19 09:45:00+08:00,0.2800000011920929,0.2849999964237213,0.2800000011920929,0.2800000011920929,4200,0.0,0.0
2024-06-19 09:50:00+08:00,0.2800000011920929,0.2849999964237213,0.2800000011920929,0.2800000011920929,4700,0.0,0.0
2024-06-19 09:55:00+08:00,0.2800000011920929,0.2849999964237213,0.2800000011920929,0.2800000011920929,25200,0.0,0.0
2024-06-19 10:00:00+08:00,0.2800000011920929,0.2800000011920929,0.2800000011920929,0.2800000011920929,2600,0.0,0.0
2024-06-19 10:05:00+08:00,0.2800000011920929,0.2800000011920929,0.2800000011920929,0.2800000011920929,2800,0.0,0.0
2024-06-19 10:10:00+08:00,0.2800000011920929,0.2849999964237213,0.2800000011920929,0.2800000011920929,12800,0.0,0.0
2024-06-19 10:15:00+08:00,0.2800000011920929,0.2800000011920929,0.2800000011920929,0.2800000011920929,4600,0.0,0.0
2024-06-19 10:20:00+08:00,0.2800000011920929,0.2800000011920929,0.2800000011920929,0.2800000011920929,2200,0.0,0.0
2024-06-19 10:25:00+08:00,0.2800000011920929,0.2849999964237213,0.2800000011920929,0.2800000011920929,2800,0.0,0.0
2024-06-19 10:30:00+08:00,0.2800000011920929,0.2849999964237213,0.2800000011920929,0.2800000011920929,3400,0.0,0.0
2024-06-19 10:35:00+08:00,0.2800000011920929,0.2800000011920929,0.2800000011920929,0.2800000011920929,2400,0.0,0.0
2024-06-19 10:40:00+08:00,0.2800000011920929,0.2849999964237213,0.2800000011920929,0.2800000011920929,120100,0.0,0.0
2024-06-19 10:45:00+08:00,0.2800000011920929,0.2800000011920929,0.2800000011920929,0.2800000011920929,1600,0.0,0.0
2024-06-19 10:50:00+08:00,0.2800000011920929,0.2849999964237213,0.2800000011920929,0.2800000011920929,3400,0.0,0.0
2024-06-19 10:55:00+08:00,0.2800000011920929,0.2800000011920929,0.2800000011920929,0.2800000011920929,1500,0.0,0.0
2024-06-19 11:00:00+08:00,0.2800000011920929,0.2849999964237213,0.2800000011920929,0.2800000011920929,2800,0.0,0.0
2024-06-19 11:05:00+08:00,0.2800000011920929,0.2849999964237213,0.2800000011920929,0.2800000011920929,22600,0.0,0.0
2024-06-19 11:10:00+08:00,0.2800000011920929,0.2849999964237213,0.2800000011920929,0.2800000011920929,2300,0.0,0.0
2024-06-19 11:15:00+08:00,0.2800000011920929,0.2849999964237213,0.2800000011920929,0.2800000011920929,3900,0.0,0.0
2024-06-19 11:20:00+08:00,0.2800000011920929,0.2849999964237213,0.2800000011920929,0.2800000011920929,6200,0.0,0.0
2024-06-19 11:25:00+08:00,0.2800000011920929,0.2849999964237213,0.2800000011920929,0.2800000011920929,2600,0.0,0.0
2024-06-19 11:30:00+08:00,0.2800000011920929,0.2800000011920929,0.2800000011920929,0.2800000011920929,2400,0.0,0.0
2024-06-19 11:35:00+08:00,0.2800000011920929,0.2849999964237213,0.2800000011920929,0.2800000011920929,2900,0.0,0.0
2024-06-19 11:40:00+08:00,0.2800000011920929,0.2849999964237213,0.2800000011920929,0.2800000011920929,8700,0.0,0.0
2024-06-19 11:45:00+08:00,0.2800000011920929,0.2800000011920929,0.2800000011920929,0.2800000011920929,3500,0.0,0.0
2024-06-19 11:50:00+08:00,0.2800000011920929,0.2849999964237213,0.2800000011920929,0.2800000011920929,8100,0.0,0.0
2024-06-19 11:55:00+08:00,0.2800000011920929,0.2849999964237213,0.2800000011920929,0.2849999964237213,4300,0.0,0.0
2024-06-19 12:55:00+08:00,0.2849999964237213,0.2849999964237213,0.2849999964237213,0.2849999964237213,17100,0.0,0.0
2024-06-19 13:00:00+08:00,0.2849999964237213,0.2849999964237213,0.2800000011920929,0.2800000011920929,1300,0.0,0.0
2024-06-19 13:05:00+08:00,0.2800000011920929,0.2800000011920929,0.2800000011920929,0.2800000011920929,1500,0.0,0.0
2024-06-19 13:10:00+08:00,0.2800000011920929,0.2800000011920929,0.2800000011920929,0.2800000011920929,1700,0.0,0.0
2024-06-19 13:15:00+08:00,0.2800000011920929,0.2800000011920929,0.2800000011920929,0.2800000011920929,1200,0.0,0.0
2024-06-19 13:20:00+08:00,0.2800000011920929,0.2849999964237213,0.2800000011920929,0.2800000011920929,1700,0.0,0.0
2024-06-19 13:25:00+08:00,0.2800000011920929,0.2849999964237213,0.2800000011920929,0.2800000011920929,25600,0.0,0.0
2024-06-19 13:30:00+08:00,0.2800000011920929,0.2849999964237213,0.2800000011920929,0.2800000011920929,2600,0.0,0.0
2024-06-19 13:35:00+08:00,0.2800000011920929,0.2849999964237213,0.2800000011920929,0.2800000011920929,11600,0.0,0.0
2024-06-19 13:40:00+08:00,0.2800000011920929,0.2849999964237213,0.2800000011920929,0.2800000011920929,2600,0.0,0.0
2024-06-19 13:45:00+08:00,0.2800000011920929,0.2800000011920929,0.2800000011920929,0.2800000011920929,1200,0.0,0.0
2024-06-19 13:50:00+08:00,0.2800000011920929,0.2849999964237213,0.2800000011920929,0.2800000011920929,2100,0.0,0.0
2024-06-19 13:55:00+08:00,0.2800000011920929,0.2800000011920929,0.2800000011920929,0.2800000011920929,4500,0.0,0.0
2024-06-19 14:00:00+08:00,0.2800000011920929,0.2849999964237213,0.2800000011920929,0.2800000011920929,4800,0.0,0.0
2024-06-19 14:05:00+08:00,0.2800000011920929,0.2800000011920929,0.2800000011920929,0.2800000011920929,1300,0.0,0.0
2024-06-19 14:10:00+08:00,0.2800000011920929,0.2800000011920929,0.2800000011920929,0.2800000011920929,0,0.0,0.0
2024-06-19 14:15:00+08:00,0.2800000011920929,0.2849999964237213,0.2800000011920929,0.2800000011920929,502400,0.0,0.0
2024-06-19 14:20:00+08:00,0.2800000011920929,0.2849999964237213,0.2800000011920929,0.2800000011920929,3800,0.0,0.0
2024-06-19 14:25:00+08:00,0.2800000011920929,0.2800000011920929,0.2800000011920929,0.2800000011920929,1900,0.0,0.0
2024-06-19 14:30:00+08:00,0.2800000011920929,0.2849999964237213,0.2800000011920929,0.2849999964237213,1900,0.0,0.0
2024-06-19 14:35:00+08:00,0.2849999964237213,0.2849999964237213,0.2800000011920929,0.2800000011920929,8600,0.0,0.0
2024-06-19 14:40:00+08:00,0.2800000011920929,0.2849999964237213,0.2800000011920929,0.2800000011920929,1600,0.0,0.0
2024-06-19 14:45:00+08:00,0.2800000011920929,0.2849999964237213,0.2800000011920929,0.2800000011920929,4500,0.0,0.0
2024-06-19 14:50:00+08:00,0.2800000011920929,0.2849999964237213,0.2800000011920929,0.2800000011920929,77900,0.0,0.0
2024-06-19 14:55:00+08:00,0.2800000011920929,0.2849999964237213,0.2800000011920929,0.2800000011920929,7100,0.0,0.0
2024-06-19 15:00:00+08:00,0.2800000011920929,0.2849999964237213,0.2800000011920929,0.2800000011920929,4600,0.0,0.0
2024-06-19 15:05:00+08:00,0.2800000011920929,0.2849999964237213,0.2800000011920929,0.2800000011920929,11800,0.0,0.0
2024-06-19 15:10:00+08:00,0.2800000011920929,0.2849999964237213,0.2800000011920929,0.2849999964237213,1600,0.0,0.0
2024-06-19 15:15:00+08:00,0.2849999964237213,0.2849999964237213,0.2800000011920929,0.2800000011920929,12500,0.0,0.0
2024-06-19 15:20:00+08:00,0.2800000011920929,0.2849999964237213,0.2800000011920929,0.2800000011920929,60300,0.0,0.0
2024-06-19 15:25:00+08:00,0.2800000011920929,0.2849999964237213,0.2800000011920929,0.2849999964237213,10300,0.0,0.0
2024-06-19 15:30:00+08:00,0.2849999964237213,0.2849999964237213,0.2800000011920929,0.2800000011920929,4200,0.0,0.0
2024-06-19 15:35:00+08:00,0.2800000011920929,0.2849999964237213,0.2800000011920929,0.2800000011920929,9100,0.0,0.0
2024-06-19 15:40:00+08:00,0.2800000011920929,0.2849999964237213,0.2800000011920929,0.2800000011920929,20600,0.0,0.0
2024-06-19 15:45:00+08:00,0.2800000011920929,0.2849999964237213,0.2800000011920929,0.2800000011920929,6000,0.0,0.0
2024-06-19 15:50:00+08:00,0.2800000011920929,0.2849999964237213,0.2800000011920929,0.2800000011920929,41300,0.0,0.0
2024-06-19 15:55:00+08:00,0.2800000011920929,0.2849999964237213,0.2800000011920929,0.2800000011920929,59000,0.0,0.0
2024-06-19 16:00:00+08:00,0.2800000011920929,0.2849999964237213,0.2800000011920929,0.2800000011920929,4200,0.0,0.0
2024-06-19 16:05:00+08:00,0.2800000011920929,0.2849999964237213,0.2800000011920929,0.2800000011920929,73300,0.0,0.0
2024-06-19 16:10:00+08:00,0.2800000011920929,0.2849999964237213,0.2800000011920929,0.2800000011920929,67500,0.0,0.0
2024-06-19 16:15:00+08:00,0.2800000011920929,0.2849999964237213,0.2800000011920929,0.2849999964237213,46300,0.0,0.0
2024-06-19 16:20:00+08:00,0.2849999964237213,0.2849999964237213,0.2800000011920929,0.2800000011920929,39800,0.0,0.0
2024-06-19 16:25:00+08:00,0.2800000011920929,0.2849999964237213,0.2800000011920929,0.2800000011920929,267300,0.0,0.0
2024-06-19 16:30:00+08:00,0.2800000011920929,0.2849999964237213,0.2800000011920929,0.2849999964237213,79000,0.0,0.0
2024-06-19 16:35:00+08:00,0.2849999964237213,0.2849999964237213,0.2800000011920929,0.2800000011920929,70200,0.0,0.0
2024-06-19 16:40:00+08:00,0.2800000011920929,0.2849999964237213,0.2800000011920929,0.2800000011920929,112500,0.0,0.0
2024-06-19 16:45:00+08:00,0.2800000011920929,0.2849999964237213,0.2800000011920929,0.2800000011920929,79100,0.0,0.0
2024-06-19 16:50:00+08:00,0.2800000011920929,0.2849999964237213,0.2800000011920929,0.2849999964237213,93300,0.0,0.0
2024-06-19 16:55:00+08:00,0.2849999964237213,0.2849999964237213,0.2800000011920929,0.2849999964237213,46600,0.0,0.0
2024-06-20 09:00:00+08:00,0.2849999964237213,0.2849999964237213,0.2750000059604645,0.2800000011920929,0,0.0,0.0
2024-06-20 09:05:00+08:00,0.2800000011920929,0.2800000011920929,0.2750000059604645,0.2800000011920929,1537400,0.0,0.0
2024-06-20 09:10:00+08:00,0.2800000011920929,0.2800000011920929,0.2800000011920929,0.2800000011920929,50500,0.0,0.0
2024-06-20 09:15:00+08:00,0.2800000011920929,0.2800000011920929,0.2750000059604645,0.2750000059604645,1000,0.0,0.0
2024-06-20 09:20:00+08:00,0.2750000059604645,0.2800000011920929,0.2750000059604645,0.2750000059604645,0,0.0,0.0
2024-06-20 09:25:00+08:00,0.2750000059604645,0.2800000011920929,0.2750000059604645,0.2750000059604645,1608100,0.0,0.0
2024-06-20 09:30:00+08:00,0.2750000059604645,0.2800000011920929,0.2750000059604645,0.2800000011920929,55700,0.0,0.0
2024-06-20 09:35:00+08:00,0.2800000011920929,0.2800000011920929,0.2750000059604645,0.2800000011920929,24900,0.0,0.0
2024-06-20 09:40:00+08:00,0.2800000011920929,0.2800000011920929,0.2750000059604645,0.2750000059604645,64600,0.0,0.0
2024-06-20 09:45:00+08:00,0.2750000059604645,0.2800000011920929,0.2750000059604645,0.2800000011920929,60900,0.0,0.0
2024-06-20 09:50:00+08:00,0.2800000011920929,0.2800000011920929,0.2750000059604645,0.2800000011920929,8600,0.0,0.0
2024-06-20 09:55:00+08:00,0.2800000011920929,0.2800000011920929,0.2750000059604645,0.2800000011920929,8100,0.0,0.0
2024-06-20 10:00:00+08:00,0.2800000011920929,0.2800000011920929,0.2750000059604645,0.2800000011920929,17000,0.0,0.0
2024-06-20 10:05:00+08:00,0.2800000011920929,0.2800000011920929,0.2750000059604645,0.2750000059604645,74200,0.0,0.0
2024-06-20 10:10:00+08:00,0.2750000059604645,0.2800000011920929,0.2750000059604645,0.2800000011920929,7700,0.0,0.0
2024-06-20 10:15:00+08:00,0.2800000011920929,0.2800000011920929,0.2750000059604645,0.2750000059604645,8100,0.0,0.0
2024-06-20 10:20:00+08:00,0.2750000059604645,0.2800000011920929,0.2750000059604645,0.2800000011920929,8100,0.0,0.0
2024-06-20 10:25:00+08:00,0.2800000011920929,0.2800000011920929,0.2800000011920929,0.2800000011920929,17200,0.0,0.0
2024-06-20 10:30:00+08:00,0.2800000011920929,0.2800000011920929,0.2750000059604645,0.2800000011920929,45400,0.0,0.0
2024-06-20 10:35:00+08:00,0.2800000011920929,0.2800000011920929,0.2800000011920929,0.2800000011920929,1100,0.0,0.0
2024-06-20 10:40:00+08:00,0.2800000011920929,0.2800000011920929,0.2750000059604645,0.2800000011920929,40400,0.0,0.0
2024-06-20 10:45:00+08:00,0.2800000011920929,0.2800000011920929,0.2800000011920929,0.2800000011920929,2500,0.0,0.0
2024-06-20 10:50:00+08:00,0.2800000011920929,0.2800000011920929,0.2750000059604645,0.2800000011920929,12000,0.0,0.0
2024-06-20 10:55:00+08:00,0.2800000011920929,0.2800000011920929,0.2800000011920929,0.2800000011920929,3500,0.0,0.0
2024-06-20 11:00:00+08:00,0.2800000011920929,0.2800000011920929,0.2750000059604645,0.2800000011920929,12600,0.0,0.0
2024-06-20 11:10:00+08:00,0.2800000011920929,0.2800000011920929,0.2750000059604645,0.2800000011920929,7300,0.0,0.0
2024-06-20 11:15:00+08:00,0.2800000011920929,0.2800000011920929,0.2800000011920929,0.2800000011920929,6500,0.0,0.0
2024-06-20 11:20:00+08:00,0.2800000011920929,0.2800000011920929,0.2750000059604645,0.2800000011920929,4100,0.0,0.0
2024-06-20 11:25:00+08:00,0.2800000011920929,0.2800000011920929,0.2750000059604645,0.2800000011920929,3900,0.0,0.0
2024-06-20 11:30:00+08:00,0.2800000011920929,0.2800000011920929,0.2750000059604645,0.2800000011920929,10100,0.0,0.0
2024-06-20 11:40:00+08:00,0.2800000011920929,0.2800000011920929,0.2750000059604645,0.2800000011920929,86700,0.0,0.0
2024-06-20 11:45:00+08:00,0.2800000011920929,0.2800000011920929,0.2750000059604645,0.2800000011920929,5800,0.0,0.0
2024-06-20 11:50:00+08:00,0.2800000011920929,0.2800000011920929,0.2800000011920929,0.2800000011920929,24100,0.0,0.0
2024-06-20 11:55:00+08:00,0.2800000011920929,0.2800000011920929,0.2750000059604645,0.2800000011920929,56100,0.0,0.0
2024-06-20 12:55:00+08:00,0.2750000059604645,0.2750000059604645,0.2750000059604645,0.2750000059604645,40300,0.0,0.0
2024-06-20 13:00:00+08:00,0.2800000011920929,0.2800000011920929,0.2800000011920929,0.2800000011920929,0,0.0,0.0
2024-06-20 13:05:00+08:00,0.2800000011920929,0.2800000011920929,0.2800000011920929,0.2800000011920929,2337400,0.0,0.0
2024-06-20 13:10:00+08:00,0.2800000011920929,0.2800000011920929,0.2800000011920929,0.2800000011920929,2100,0.0,0.0
2024-06-20 13:20:00+08:00,0.2800000011920929,0.2800000011920929,0.2800000011920929,0.2800000011920929,1500,0.0,0.0
2024-06-20 13:35:00+08:00,0.2800000011920929,0.2800000011920929,0.2750000059604645,0.2750000059604645,10000,0.0,0.0
2024-06-20 13:40:00+08:00,0.2750000059604645,0.2800000011920929,0.2750000059604645,0.2800000011920929,12000,0.0,0.0
2024-06-20 13:45:00+08:00,0.2800000011920929,0.2800000011920929,0.2800000011920929,0.2800000011920929,7800,0.0,0.0
2024-06-20 13:50:00+08:00,0.2800000011920929,0.2800000011920929,0.2750000059604645,0.2800000011920929,54400,0.0,0.0
2024-06-20 13:55:00+08:00,0.2800000011920929,0.2800000011920929,0.2800000011920929,0.2800000011920929,2300,0.0,0.0
2024-06-20 14:00:00+08:00,0.2800000011920929,0.2800000011920929,0.2800000011920929,0.2800000011920929,23800,0.0,0.0
2024-06-20 14:05:00+08:00,0.2800000011920929,0.2800000011920929,0.2800000011920929,0.2800000011920929,1100,0.0,0.0
2024-06-20 14:10:00+08:00,0.2800000011920929,0.2800000011920929,0.2750000059604645,0.2750000059604645,5400,0.0,0.0
2024-06-20 14:15:00+08:00,0.2750000059604645,0.2800000011920929,0.2750000059604645,0.2800000011920929,3600,0.0,0.0
2024-06-20 14:20:00+08:00,0.2800000011920929,0.2800000011920929,0.2800000011920929,0.2800000011920929,45200,0.0,0.0
2024-06-20 14:25:00+08:00,0.2800000011920929,0.2800000011920929,0.2750000059604645,0.2750000059604645,7900,0.0,0.0
2024-06-20 14:30:00+08:00,0.2750000059604645,0.2800000011920929,0.2750000059604645,0.2800000011920929,3700,0.0,0.0
2024-06-20 14:35:00+08:00,0.2800000011920929,0.2800000011920929,0.2800000011920929,0.2800000011920929,2100,0.0,0.0
2024-06-20 14:40:00+08:00,0.2800000011920929,0.2800000011920929,0.2750000059604645,0.2800000011920929,41700,0.0,0.0
2024-06-20 14:45:00+08:00,0.2800000011920929,0.2800000011920929,0.2800000011920929,0.2800000011920929,31600,0.0,0.0
2024-06-20 14:50:00+08:00,0.2800000011920929,0.2800000011920929,0.2750000059604645,0.2800000011920929,9100,0.0,0.0
2024-06-20 14:55:00+08:00,0.2800000011920929,0.2800000011920929,0.2800000011920929,0.2800000011920929,4000,0.0,0.0
2024-06-20 15:00:00+08:00,0.2800000011920929,0.2800000011920929,0.2750000059604645,0.2800000011920929,61200,0.0,0.0
2024-06-20 15:05:00+08:00,0.2800000011920929,0.2800000011920929,0.2800000011920929,0.2800000011920929,6200,0.0,0.0
2024-06-20 15:10:00+08:00,0.2800000011920929,0.2800000011920929,0.2750000059604645,0.2750000059604645,700,0.0,0.0
2024-06-20 15:15:00+08:00,0.2750000059604645,0.2750000059604645,0.2750000059604645,0.2750000059604645,6700,0.0,0.0
2024-06-20 15:20:00+08:00,0.2750000059604645,0.2800000011920929,0.2750000059604645,0.2800000011920929,133400,0.0,0.0
2024-06-20 15:25:00+08:00,0.2800000011920929,0.2800000011920929,0.2750000059604645,0.2750000059604645,70200,0.0,0.0
2024-06-20 15:30:00+08:00,0.2750000059604645,0.2800000011920929,0.2750000059604645,0.2750000059604645,9600,0.0,0.0
2024-06-20 15:35:00+08:00,0.2750000059604645,0.2750000059604645,0.2750000059604645,0.2750000059604645,3800,0.0,0.0
2024-06-20 15:40:00+08:00,0.2750000059604645,0.2800000011920929,0.2750000059604645,0.2750000059604645,104300,0.0,0.0
2024-06-20 15:45:00+08:00,0.2750000059604645,0.2750000059604645,0.2750000059604645,0.2750000059604645,11300,0.0,0.0
2024-06-20 15:50:00+08:00,0.2750000059604645,0.2800000011920929,0.2750000059604645,0.2750000059604645,14100,0.0,0.0
2024-06-20 15:55:00+08:00,0.2750000059604645,0.2800000011920929,0.2750000059604645,0.2750000059604645,8600,0.0,0.0
2024-06-20 16:00:00+08:00,0.2750000059604645,0.2800000011920929,0.2750000059604645,0.2800000011920929,79100,0.0,0.0
2024-06-20 16:05:00+08:00,0.2800000011920929,0.2800000011920929,0.2750000059604645,0.2800000011920929,9700,0.0,0.0
2024-06-20 16:10:00+08:00,0.2800000011920929,0.2800000011920929,0.2750000059604645,0.2750000059604645,9100,0.0,0.0
2024-06-20 16:15:00+08:00,0.2750000059604645,0.2750000059604645,0.2750000059604645,0.2750000059604645,6700,0.0,0.0
2024-06-20 16:20:00+08:00,0.2750000059604645,0.2800000011920929,0.2750000059604645,0.2750000059604645,113800,0.0,0.0
2024-06-20 16:25:00+08:00,0.2750000059604645,0.2800000011920929,0.2750000059604645,0.2750000059604645,8700,0.0,0.0
2024-06-20 16:30:00+08:00,0.2750000059604645,0.2800000011920929,0.2750000059604645,0.2750000059604645,22600,0.0,0.0
2024-06-20 16:35:00+08:00,0.2750000059604645,0.2750000059604645,0.2750000059604645,0.2750000059604645,13100,0.0,0.0
2024-06-20 16:40:00+08:00,0.2750000059604645,0.2800000011920929,0.2750000059604645,0.2800000011920929,373000,0.0,0.0
2024-06-20 16:45:00+08:00,0.2800000011920929,0.2800000011920929,0.2750000059604645,0.2800000011920929,43000,0.0,0.0
2024-06-20 16:50:00+08:00,0.2800000011920929,0.2800000011920929,0.2750000059604645,0.2800000011920929,130300,0.0,0.0
2024-06-20 16:55:00+08:00,0.2800000011920929,0.2800000011920929,0.2750000059604645,0.2800000011920929,197200,0.0,0.0
2024-06-21 09:00:00+08:00,0.2750000059604645,0.2800000011920929,0.2750000059604645,0.2800000011920929,2500,0.0,0.0
2024-06-21 09:20:00+08:00,0.2800000011920929,0.2800000011920929,0.2750000059604645,0.2750000059604645,48300,0.0,0.0
2024-06-21 09:25:00+08:00,0.2750000059604645,0.2750000059604645,0.2750000059604645,0.2750000059604645,8400,0.0,0.0
2024-06-21 09:35:00+08:00,0.2750000059604645,0.2800000011920929,0.2750000059604645,0.2750000059604645,105400,0.0,0.0
2024-06-21 09:40:00+08:00,0.2750000059604645,0.2750000059604645,0.27000001072883606,0.27000001072883606,5194800,0.0,0.0
2024-06-21 09:45:00+08:00,0.27000001072883606,0.2750000059604645,0.27000001072883606,0.27000001072883606,11400,0.0,0.0
2024-06-21 09:55:00+08:00,0.27000001072883606,0.27000001072883606,0.27000001072883606,0.27000001072883606,54500,0.0,0.0
2024-06-21 10:00:00+08:00,0.27000001072883606,0.2750000059604645,0.27000001072883606,0.27000001072883606,4500,0.0,0.0
2024-06-21 10:05:00+08:00,0.27000001072883606,0.2750000059604645,0.27000001072883606,0.27000001072883606,45100,0.0,0.0
2024-06-21 10:10:00+08:00,0.27000001072883606,0.2750000059604645,0.27000001072883606,0.2750000059604645,8400,0.0,0.0
2024-06-21 10:20:00+08:00,0.2750000059604645,0.2750000059604645,0.27000001072883606,0.2750000059604645,1800,0.0,0.0
2024-06-21 10:35:00+08:00,0.2750000059604645,0.2750000059604645,0.27000001072883606,0.27000001072883606,1400,0.0,0.0
2024-06-21 10:45:00+08:00,0.27000001072883606,0.2750000059604645,0.27000001072883606,0.27000001072883606,9200,0.0,0.0
2024-06-21 10:50:00+08:00,0.27000001072883606,0.2750000059604645,0.27000001072883606,0.2750000059604645,222500,0.0,0.0
2024-06-21 10:55:00+08:00,0.2750000059604645,0.2750000059604645,0.27000001072883606,0.27000001072883606,1800,0.0,0.0
2024-06-21 11:00:00+08:00,0.27000001072883606,0.2750000059604645,0.27000001072883606,0.2750000059604645,17200,0.0,0.0
2024-06-21 11:05:00+08:00,0.2750000059604645,0.2750000059604645,0.27000001072883606,0.2750000059604645,56000,0.0,0.0
2024-06-21 11:10:00+08:00,0.2750000059604645,0.2750000059604645,0.27000001072883606,0.27000001072883606,3400,0.0,0.0
2024-06-21 11:15:00+08:00,0.27000001072883606,0.2750000059604645,0.27000001072883606,0.2750000059604645,7100,0.0,0.0
2024-06-21 11:20:00+08:00,0.2750000059604645,0.2750000059604645,0.27000001072883606,0.27000001072883606,4000,0.0,0.0
2024-06-21 11:25:00+08:00,0.27000001072883606,0.2750000059604645,0.27000001072883606,0.27000001072883606,53900,0.0,0.0
2024-06-21 11:30:00+08:00,0.2750000059604645,0.2750000059604645,0.27000001072883606,0.27000001072883606,5200,0.0,0.0
2024-06-21 11:35:00+08:00,0.27000001072883606,0.2750000059604645,0.27000001072883606,0.27000001072883606,23600,0.0,0.0
2024-06-21 11:40:00+08:00,0.27000001072883606,0.2750000059604645,0.27000001072883606,0.27000001072883606,9600,0.0,0.0
2024-06-21 11:45:00+08:00,0.27000001072883606,0.2750000059604645,0.27000001072883606,0.2750000059604645,4800,0.0,0.0
2024-06-21 11:50:00+08:00,0.2750000059604645,0.2750000059604645,0.27000001072883606,0.2750000059604645,7500,0.0,0.0
2024-06-21 11:55:00+08:00,0.2750000059604645,0.2750000059604645,0.27000001072883606,0.27000001072883606,1200,0.0,0.0
2024-06-21 12:55:00+08:00,0.2750000059604645,0.2750000059604645,0.2750000059604645,0.2750000059604645,75600,0.0,0.0
2024-06-21 13:00:00+08:00,0.2750000059604645,0.2750000059604645,0.27000001072883606,0.27000001072883606,6800,0.0,0.0
2024-06-21 13:05:00+08:00,0.27000001072883606,0.2750000059604645,0.27000001072883606,0.2750000059604645,3700,0.0,0.0
2024-06-21 13:10:00+08:00,0.2750000059604645,0.2750000059604645,0.27000001072883606,0.27000001072883606,300,0.0,0.0
2024-06-21 13:20:00+08:00,0.27000001072883606,0.27000001072883606,0.27000001072883606,0.27000001072883606,73100,0.0,0.0
2024-06-21 13:25:00+08:00,0.27000001072883606,0.2750000059604645,0.27000001072883606,0.2750000059604645,135800,0.0,0.0
2024-06-21 13:30:00+08:00,0.2750000059604645,0.2750000059604645,0.27000001072883606,0.27000001072883606,1600,0.0,0.0
2024-06-21 13:35:00+08:00,0.27000001072883606,0.2750000059604645,0.27000001072883606,0.2750000059604645,59000,0.0,0.0
2024-06-21 13:40:00+08:00,0.2750000059604645,0.2750000059604645,0.27000001072883606,0.27000001072883606,5000,0.0,0.0
2024-06-21 13:50:00+08:00,0.27000001072883606,0.2750000059604645,0.27000001072883606,0.27000001072883606,252800,0.0,0.0
2024-06-21 14:00:00+08:00,0.27000001072883606,0.2750000059604645,0.27000001072883606,0.2750000059604645,60900,0.0,0.0
2024-06-21 14:10:00+08:00,0.2750000059604645,0.2750000059604645,0.27000001072883606,0.2750000059604645,126900,0.0,0.0
2024-06-21 14:15:00+08:00,0.2750000059604645,0.2750000059604645,0.27000001072883606,0.2750000059604645,20100,0.0,0.0
2024-06-21 14:20:00+08:00,0.2750000059604645,0.2750000059604645,0.27000001072883606,0.2750000059604645,7700,0.0,0.0
2024-06-21 14:25:00+08:00,0.2750000059604645,0.2750000059604645,0.27000001072883606,0.27000001072883606,4100,0.0,0.0
2024-06-21 14:30:00+08:00,0.27000001072883606,0.2750000059604645,0.27000001072883606,0.27000001072883606,219400,0.0,0.0
2024-06-21 14:35:00+08:00,0.27000001072883606,0.2750000059604645,0.27000001072883606,0.2750000059604645,5300,0.0,0.0
2024-06-21 14:40:00+08:00,0.2750000059604645,0.2750000059604645,0.27000001072883606,0.2750000059604645,3100,0.0,0.0
2024-06-21 14:45:00+08:00,0.2750000059604645,0.2750000059604645,0.27000001072883606,0.2750000059604645,32100,0.0,0.0
2024-06-21 14:50:00+08:00,0.2750000059604645,0.2750000059604645,0.27000001072883606,0.2750000059604645,12000,0.0,0.0
2024-06-21 14:55:00+08:00,0.2750000059604645,0.2750000059604645,0.27000001072883606,0.2750000059604645,1100,0.0,0.0
2024-06-21 15:00:00+08:00,0.2750000059604645,0.2750000059604645,0.27000001072883606,0.27000001072883606,23800,0.0,0.0
2024-06-21 15:05:00+08:00,0.27000001072883606,0.2750000059604645,0.27000001072883606,0.27000001072883606,23700,0.0,0.0
2024-06-21 15:10:00+08:00,0.27000001072883606,0.2750000059604645,0.27000001072883606,0.27000001072883606,34600,0.0,0.0
2024-06-21 15:15:00+08:00,0.27000001072883606,0.2750000059604645,0.27000001072883606,0.27000001072883606,24300,0.0,0.0
2024-06-21 15:20:00+08:00,0.27000001072883606,0.2750000059604645,0.27000001072883606,0.2750000059604645,134800,0.0,0.0
2024-06-21 15:25:00+08:00,0.2750000059604645,0.2750000059604645,0.27000001072883606,0.2750000059604645,88000,0.0,0.0
2024-06-21 15:30:00+08:00,0.2750000059604645,0.2750000059604645,0.27000001072883606,0.2750000059604645,18500,0.0,0.0
2024-06-21 15:35:00+08:00,0.2750000059604645,0.2750000059604645,0.27000001072883606,0.2750000059604645,36200,0.0,0.0
2024-06-21 15:40:00+08:00,0.2750000059604645,0.2750000059604645,0.27000001072883606,0.27000001072883606,33800,0.0,0.0
2024-06-21 15:45:00+08:00,0.27000001072883606,0.2750000059604645,0.27000001072883606,0.27000001072883606,29900,0.0,0.0
2024-06-21 15:50:00+08:00,0.27000001072883606,0.2750000059604645,0.27000001072883606,0.27000001072883606,46600,0.0,0.0
2024-06-21 15:55:00+08:00,0.27000001072883606,0.2750000059604645,0.27000001072883606,0.27000001072883606,30400,0.0,0.0
2024-06-21 16:00:00+08:00,0.27000001072883606,0.2750000059604645,0.27000001072883606,0.27000001072883606,130100,0.0,0.0
2024-06-21 16:05:00+08:00,0.27000001072883606,0.2750000059604645,0.27000001072883606,0.27000001072883606,335500,0.0,0.0
2024-06-21 16:10:00+08:00,0.27000001072883606,0.2750000059604645,0.27000001072883606,0.27000001072883606,86900,0.0,0.0
2024-06-21 16:15:00+08:00,0.27000001072883606,0.2750000059604645,0.27000001072883606,0.27000001072883606,42900,0.0,0.0
2024-06-21 16:20:00+08:00,0.27000001072883606,0.2750000059604645,0.27000001072883606,0.27000001072883606,2733700,0.0,0.0
2024-06-21 16:25:00+08:00,0.27000001072883606,0.2750000059604645,0.27000001072883606,0.2750000059604645,317600,0.0,0.0
2024-06-21 16:30:00+08:00,0.2750000059604645,0.2750000059604645,0.27000001072883606,0.27000001072883606,339000,0.0,0.0
2024-06-21 16:35:00+08:00,0.27000001072883606,0.2750000059604645,0.27000001072883606,0.2750000059604645,144000,0.0,0.0
2024-06-21 16:40:00+08:00,0.2750000059604645,0.2750000059604645,0.27000001072883606,0.2750000059604645,51200,0.0,0.0
2024-06-21 16:45:00+08:00,0.2750000059604645,0.2750000059604645,0.27000001072883606,0.27000001072883606,446300,0.0,0.0
2024-06-21 16:50:00+08:00,0.27000001072883606,0.2750000059604645,0.27000001072883606,0.2750000059604645,24900,0.0,0.0
2024-06-21 16:55:00+08:00,0.2750000059604645,0.2750000059604645,0.27000001072883606,0.27000001072883606,44700,0.0,0.0
