Datetime,Open,High,Low,Close,Volume,Dividends,Stock Splits
2022-08-25 11:30:00-04:00,26.0,26.086599349975586,25.908000946044922,26.086599349975586,0,0.0,0.0
2022-08-26 12:30:00-04:00,26.19300079345703,26.19300079345703,26.19300079345703,26.19300079345703,10,0.0,0.0
2022-08-29 09:30:00-04:00,26.149999618530273,26.149999618530273,26.149999618530273,26.149999618530273,305,0.0,0.0
2022-08-29 10:30:00-04:00,26.149999618530273,26.149999618530273,26.149999618530273,26.149999618530273,100,0.0,0.0
2022-08-29 13:30:00-04:00,26.040000915527344,26.040000915527344,26.03499984741211,26.03499984741211,200,0.0,0.0
2022-08-30 10:30:00-04:00,26.110000610351562,26.121200561523438,26.040000915527344,26.049999237060547,2637,0.0,0.0
2022-08-30 12:30:00-04:00,26.299999237060547,26.299999237060547,26.299999237060547,26.299999237060547,560,0.0,0.0
2022-08-30 13:30:00-04:00,26.239999771118164,26.239999771118164,26.239999771118164,26.239999771118164,200,0.0,0.0
2022-08-30 14:30:00-04:00,26.309999465942383,26.309999465942383,26.219999313354492,26.219999313354492,643,0.0,0.0
2022-08-30 15:30:00-04:00,26.280000686645508,26.280000686645508,26.280000686645508,26.280000686645508,350,0.0,0.0
2022-08-31 10:30:00-04:00,26.059999465942383,26.1299991607666,26.020000457763672,26.1299991607666,800,0.0,0.0
2022-08-31 13:30:00-04:00,26.114999771118164,26.114999771118164,26.114999771118164,26.114999771118164,207,0.0,0.0
2022-08-31 14:30:00-04:00,26.18000030517578,26.200000762939453,26.18000030517578,26.200000762939453,510,0.0,0.0
2022-08-31 15:30:00-04:00,26.149999618530273,26.149999618530273,26.0,26.0,1810,0.0,0.0
2022-09-02 10:30:00-04:00,25.739999771118164,25.739999771118164,25.739999771118164,25.739999771118164,111,0.0,0.0
2022-09-02 11:30:00-04:00,25.690000534057617,26.501800537109375,25.690000534057617,26.501800537109375,609,0.0,0.0
2022-09-02 12:30:00-04:00,25.760000228881836,25.760000228881836,25.760000228881836,25.760000228881836,100,0.0,0.0
2022-09-02 13:30:00-04:00,25.75,25.75,25.75,25.75,175,0.0,0.0
2022-09-02 15:30:00-04:00,25.780000686645508,25.780000686645508,25.75,25.75,1085,0.0,0.0
2022-09-06 12:30:00-04:00,25.889999389648438,25.889999389648438,25.889999389648438,25.889999389648438,0,0.0,0.0
2022-09-06 15:30:00-04:00,25.729999542236328,25.850000381469727,25.729999542236328,25.850000381469727,733,0.0,0.0
2022-09-07 11:30:00-04:00,26.079999923706055,26.079999923706055,26.079999923706055,26.079999923706055,0,0.0,0.0
2022-09-07 12:30:00-04:00,25.799999237060547,25.799999237060547,25.799999237060547,25.799999237060547,300,0.0,0.0
2022-09-07 14:30:00-04:00,26.049999237060547,26.049999237060547,26.049999237060547,26.049999237060547,100,0.0,0.0
2022-09-08 11:30:00-04:00,26.100000381469727,26.100000381469727,26.0,26.0,210,0.0,0.0
2022-09-08 14:30:00-04:00,25.809999465942383,25.850000381469727,25.809999465942383,25.850000381469727,550,0.0,0.0
2022-09-08 15:30:00-04:00,25.770000457763672,26.09000015258789,25.75,26.09000015258789,3595,0.0,0.0
2022-09-09 10:30:00-04:00,25.899999618530273,25.899999618530273,25.899999618530273,25.899999618530273,0,0.0,0.0
2022-09-09 11:30:00-04:00,25.959999084472656,25.989999771118164,25.959999084472656,25.989999771118164,245,0.0,0.0
2022-09-12 11:30:00-04:00,26.149999618530273,26.149999618530273,26.149999618530273,26.149999618530273,4175,0.0,0.0
2022-09-12 12:30:00-04:00,26.149999618530273,26.149999618530273,26.149999618530273,26.149999618530273,194,0.0,0.0
2022-09-12 15:30:00-04:00,26.200000762939453,26.200000762939453,26.200000762939453,26.200000762939453,110,0.0,0.0
2022-09-13 15:30:00-04:00,26.479999542236328,26.479999542236328,26.459999084472656,26.459999084472656,100,0.0,0.0
2022-09-14 09:30:00-04:00,26.0,26.25,25.93000030517578,25.93000030517578,4734,0.0,0.0
2022-09-14 10:30:00-04:00,26.010000228881836,26.1200008392334,26.010000228881836,26.09000015258789,1478,0.0,0.0
2022-09-14 13:30:00-04:00,25.809999465942383,26.030000686645508,25.809999465942383,26.030000686645508,1135,0.0,0.0
2022-09-14 14:30:00-04:00,26.020000457763672,26.020000457763672,26.020000457763672,26.020000457763672,246,0.0,0.0
2022-09-15 09:30:00-04:00,25.834999084472656,25.834999084472656,25.834999084472656,25.834999084472656,0,0.0,0.0
2022-09-16 10:30:00-04:00,26.0,26.0,26.0,26.0,548,0.0,0.0
2022-09-16 11:30:00-04:00,25.770000457763672,25.770000457763672,25.770000457763672,25.770000457763672,501,0.0,0.0
2022-09-16 14:30:00-04:00,25.889999389648438,25.889999389648438,25.889999389648438,25.889999389648438,775,0.0,0.0
2022-09-19 14:30:00-04:00,25.709999084472656,25.790000915527344,25.709999084472656,25.729999542236328,100,0.0,0.0
2022-09-19 15:30:00-04:00,25.690000534057617,25.709999084472656,25.690000534057617,25.690000534057617,300,0.0,0.0
2022-09-21 13:30:00-04:00,25.899999618530273,25.899999618530273,25.899999618530273,25.899999618530273,531,0.0,0.0
2022-09-21 15:30:00-04:00,25.799999237060547,25.799999237060547,25.799999237060547,25.799999237060547,267,0.0,0.0
2022-09-22 12:30:00-04:00,25.600000381469727,25.600000381469727,25.59000015258789,25.59000015258789,0,0.0,0.0
2022-09-22 15:30:00-04:00,25.600000381469727,25.610000610351562,25.600000381469727,25.610000610351562,313,0.0,0.0
2022-09-23 09:30:00-04:00,25.559999465942383,25.559999465942383,25.559999465942383,25.559999465942383,0,0.0,0.0
2022-09-23 12:30:00-04:00,25.1200008392334,25.150100708007812,25.1200008392334,25.150100708007812,783,0.0,0.0
2022-09-23 13:30:00-04:00,25.209999084472656,25.229999542236328,25.209999084472656,25.229999542236328,530,0.0,0.0
2022-09-26 12:30:00-04:00,25.260000228881836,25.3799991607666,25.25,25.25,4697,0.0,0.0
2022-09-26 14:30:00-04:00,25.09000015258789,25.09000015258789,25.09000015258789,25.09000015258789,582,0.0,0.0
2022-09-26 15:30:00-04:00,25.1200008392334,25.1200008392334,25.1200008392334,25.1200008392334,280,0.0,0.0
2022-09-27 11:30:00-04:00,25.239999771118164,25.239999771118164,25.239999771118164,25.239999771118164,0,0.0,0.0
2022-09-27 12:30:00-04:00,25.5,25.5,25.5,25.5,321,0.0,0.0
2022-09-28 13:30:00-04:00,25.15999984741211,25.222900390625,25.139999389648438,25.202899932861328,1387,0.0,0.0
2022-09-28 14:30:00-04:00,25.229999542236328,25.229999542236328,25.229999542236328,25.229999542236328,783,0.0,0.0
2022-09-28 15:30:00-04:00,25.329999923706055,25.329999923706055,25.329999923706055,25.329999923706055,150,0.0,0.0
2022-09-29 13:30:00-04:00,25.25,25.25,25.0,25.0,2579,0.0,0.0
2022-09-29 14:30:00-04:00,25.079999923706055,25.079999923706055,25.040000915527344,25.079999923706055,302,0.0,0.0
2022-09-30 13:30:00-04:00,25.246700286865234,25.246700286865234,25.100000381469727,25.100000381469727,1295,0.0,0.0
2022-09-30 15:30:00-04:00,25.31999969482422,26.0,25.31999969482422,26.0,4968,0.0,0.0
2022-10-03 09:30:00-04:00,25.34000015258789,25.34000015258789,25.110000610351562,25.260000228881836,400,0.0,0.0
2022-10-03 11:30:00-04:00,25.6299991607666,25.6299991607666,25.6299991607666,25.6299991607666,100,0.0,0.0
2022-10-03 14:30:00-04:00,25.610000610351562,25.610000610351562,25.610000610351562,25.610000610351562,513,0.0,0.0
2022-10-03 15:30:00-04:00,25.440000534057617,25.610000610351562,25.440000534057617,25.610000610351562,221,0.0,0.0
2022-10-04 09:30:00-04:00,25.510000228881836,25.510000228881836,25.510000228881836,25.510000228881836,0,0.0,0.0
2022-10-04 10:30:00-04:00,25.74489974975586,25.74489974975586,25.209999084472656,25.420000076293945,441,0.0,0.0
2022-10-04 11:30:00-04:00,25.1299991607666,25.1299991607666,25.1299991607666,25.1299991607666,100,0.0,0.0
2022-10-04 12:30:00-04:00,25.479999542236328,25.479999542236328,25.479999542236328,25.479999542236328,405,0.0,0.0
2022-10-04 13:30:00-04:00,25.31999969482422,25.31999969482422,25.31999969482422,25.31999969482422,100,0.0,0.0
2022-10-04 14:30:00-04:00,25.59000015258789,25.67099952697754,25.479999542236328,25.5,948,0.0,0.0
2022-10-05 09:30:00-04:00,25.469999313354492,25.600000381469727,25.450000762939453,25.450000762939453,0,0.0,0.0
2022-10-05 10:30:00-04:00,25.424999237060547,25.424999237060547,25.0,25.0,7504,0.0,0.0
2022-10-05 11:30:00-04:00,25.229999542236328,25.229999542236328,25.229999542236328,25.229999542236328,200,0.0,0.0
2022-10-05 12:30:00-04:00,25.260000228881836,25.260000228881836,25.260000228881836,25.260000228881836,400,0.0,0.0
2022-10-05 13:30:00-04:00,25.25,25.25,25.25,25.25,100,0.0,0.0
2022-10-05 14:30:00-04:00,25.25,25.360000610351562,25.25,25.360000610351562,1132,0.0,0.0
2022-10-06 10:30:00-04:00,25.399999618530273,25.399999618530273,25.399999618530273,25.399999618530273,0,0.0,0.0
2022-10-06 11:30:00-04:00,25.25,25.25,25.25,25.25,265,0.0,0.0
2022-10-06 14:30:00-04:00,25.3799991607666,25.3799991607666,25.3799991607666,25.3799991607666,129,0.0,0.0
2022-10-10 10:30:00-04:00,25.09000015258789,25.222200393676758,25.09000015258789,25.200000762939453,2144,0.0,0.0
2022-10-10 14:30:00-04:00,25.209999084472656,25.209999084472656,25.209999084472656,25.209999084472656,390,0.0,0.0
2022-10-10 15:30:00-04:00,25.25,25.25,25.09000015258789,25.25,5297,0.0,0.0
2022-10-11 14:30:00-04:00,25.229999542236328,25.229999542236328,25.229999542236328,25.229999542236328,225,0.0,0.0
2022-10-14 12:30:00-04:00,25.5,25.5,25.250099182128906,25.250099182128906,783,0.0,0.0
2022-10-18 13:30:00-04:00,25.375999450683594,25.375999450683594,25.375999450683594,25.375999450683594,187,0.0,0.0
2022-10-20 14:30:00-04:00,25.43000030517578,25.43000030517578,25.399999618530273,25.399999618530273,445,0.0,0.0
2022-10-24 09:30:00-04:00,25.627500534057617,25.627500534057617,25.25,25.625,1684,0.0,0.0
2022-10-24 14:30:00-04:00,25.940000534057617,25.940000534057617,25.940000534057617,25.940000534057617,100,0.0,0.0
2022-10-25 10:30:00-04:00,25.600000381469727,25.600000381469727,25.600000381469727,25.600000381469727,0,0.0,0.0
2022-10-25 13:30:00-04:00,25.600000381469727,25.600000381469727,25.600000381469727,25.600000381469727,142,0.0,0.0
2022-10-26 09:30:00-04:00,25.649999618530273,25.649999618530273,25.600000381469727,25.600000381469727,1002,0.0,0.0
2022-10-26 13:30:00-04:00,25.600000381469727,25.600000381469727,25.600000381469727,25.600000381469727,287,0.0,0.0
2022-10-27 15:30:00-04:00,25.600000381469727,25.600000381469727,25.600000381469727,25.600000381469727,769,0.0,0.0
2022-10-31 11:30:00-04:00,25.1200008392334,25.1200008392334,25.1200008392334,25.1200008392334,0,0.0,0.0
2022-11-01 11:30:00-04:00,25.399999618530273,25.399999618530273,25.399999618530273,25.399999618530273,308,0.0,0.0
2022-11-01 15:30:00-04:00,25.31999969482422,25.395000457763672,25.31999969482422,25.31999969482422,1241,0.0,0.0
2022-11-02 11:30:00-04:00,25.389999389648438,25.389999389648438,25.299999237060547,25.299999237060547,0,0.0,0.0
2022-11-02 15:30:00-04:00,25.149999618530273,25.175199508666992,25.149999618530273,25.175199508666992,416,0.0,0.0
2022-11-03 09:30:00-04:00,25.059999465942383,25.149999618530273,25.059999465942383,25.149999618530273,0,0.0,0.0
2022-11-03 13:30:00-04:00,25.3700008392334,25.440000534057617,25.3700008392334,25.440000534057617,698,0.0,0.0
2022-11-03 14:30:00-04:00,25.3700008392334,25.3700008392334,25.3700008392334,25.3700008392334,394,0.0,0.0
2022-11-04 13:30:00-04:00,25.18000030517578,25.270000457763672,25.18000030517578,25.270000457763672,731,0.0,0.0
2022-11-07 09:30:00-05:00,25.139999389648438,25.139999389648438,25.100000381469727,25.100000381469727,0,0.0,0.0
2022-11-07 10:30:00-05:00,25.455799102783203,25.489999771118164,25.455799102783203,25.489999771118164,408,0.0,0.0
2022-11-07 15:30:00-05:00,25.5,25.5,25.489999771118164,25.489999771118164,3569,0.0,0.0
2022-11-08 11:30:00-05:00,25.239999771118164,25.350000381469727,25.239999771118164,25.350000381469727,101,0.0,0.0
2022-11-09 11:30:00-05:00,25.350000381469727,25.350000381469727,25.299999237060547,25.299999237060547,105,0.0,0.0
2022-11-09 13:30:00-05:00,25.25,25.398399353027344,25.25,25.299999237060547,1287,0.0,0.0
2022-11-10 09:30:00-05:00,25.350000381469727,25.549999237060547,25.350000381469727,25.549999237060547,0,0.0,0.0
2022-11-10 10:30:00-05:00,25.440000534057617,25.440000534057617,25.440000534057617,25.440000534057617,187,0.0,0.0
2022-11-10 14:30:00-05:00,25.459999084472656,25.719999313354492,25.459999084472656,25.719999313354492,784,0.0,0.0
2022-11-11 09:30:00-05:00,26.1299991607666,26.1299991607666,26.1299991607666,26.1299991607666,0,0.0,0.0
2022-11-11 11:30:00-05:00,26.25,26.56999969482422,26.149999618530273,26.56999969482422,730,0.0,0.0
2022-11-11 12:30:00-05:00,26.479999542236328,26.479999542236328,26.479999542236328,26.479999542236328,466,0.0,0.0
2022-11-11 15:30:00-05:00,26.360000610351562,26.360000610351562,26.360000610351562,26.360000610351562,102,0.0,0.0
2022-11-14 15:30:00-05:00,26.25,26.25,26.25,26.25,0,0.0,0.0
2022-11-15 09:30:00-05:00,25.229999542236328,25.229999542236328,25.229999542236328,25.229999542236328,560,0.0,0.0
2022-11-15 11:30:00-05:00,26.309999465942383,26.309999465942383,26.290000915527344,26.309999465942383,1535,0.0,0.0
2022-11-15 13:30:00-05:00,26.350000381469727,26.350000381469727,26.350000381469727,26.350000381469727,269,0.0,0.0
2022-11-15 15:30:00-05:00,26.725000381469727,26.725000381469727,26.725000381469727,26.725000381469727,700,0.0,0.0
2022-11-16 10:30:00-05:00,25.5,25.5,25.459999084472656,25.5,0,0.0,0.0
2022-11-16 12:30:00-05:00,25.510000228881836,25.510000228881836,25.510000228881836,25.510000228881836,234,0.0,0.0
2022-11-17 09:30:00-05:00,25.25,25.399999618530273,25.06999969482422,25.399999618530273,3156,0.0,0.0
2022-11-17 10:30:00-05:00,25.260000228881836,25.299999237060547,25.260000228881836,25.284000396728516,600,0.0,0.0
2022-11-17 11:30:00-05:00,25.18000030517578,25.260000228881836,25.149999618530273,25.200000762939453,625,0.0,0.0
2022-11-17 12:30:00-05:00,25.140100479125977,25.140100479125977,25.140100479125977,25.140100479125977,458,0.0,0.0
2022-11-17 13:30:00-05:00,25.190000534057617,25.190000534057617,25.18000030517578,25.18000030517578,404,0.0,0.0
2022-11-17 14:30:00-05:00,25.139999389648438,26.0,25.065000534057617,26.0,4293,0.0,0.0
2022-11-18 10:30:00-05:00,25.149999618530273,25.260000228881836,25.1299991607666,25.260000228881836,113,0.0,0.0
2022-11-18 15:30:00-05:00,25.420000076293945,25.420000076293945,25.1200008392334,25.420000076293945,560,0.0,0.0
2022-11-21 10:30:00-05:00,25.399999618530273,25.450000762939453,25.3799991607666,25.3799991607666,859,0.0,0.0
2022-11-21 11:30:00-05:00,25.3799991607666,25.3799991607666,25.149999618530273,25.149999618530273,900,0.0,0.0
2022-11-21 12:30:00-05:00,25.25,25.350000381469727,25.25,25.350000381469727,701,0.0,0.0
2022-11-21 13:30:00-05:00,25.299999237060547,25.299999237060547,25.299999237060547,25.299999237060547,299,0.0,0.0
2022-11-21 14:30:00-05:00,25.29990005493164,25.299999237060547,25.25,25.290000915527344,3332,0.0,0.0
2022-11-21 15:30:00-05:00,25.25,25.299999237060547,25.25,25.290000915527344,600,0.0,0.0
2022-11-22 10:30:00-05:00,24.903499603271484,24.903499603271484,24.903499603271484,24.903499603271484,0,0.0,0.0
2022-11-22 11:30:00-05:00,24.950000762939453,24.950000762939453,24.950000762939453,24.950000762939453,159,0.0,0.0
2022-11-22 14:30:00-05:00,25.31999969482422,25.34000015258789,25.19499969482422,25.19499969482422,1000,0.0,0.0
2022-11-23 09:30:00-05:00,25.190000534057617,25.200000762939453,25.15999984741211,25.15999984741211,0,0.0,0.0
2022-11-23 10:30:00-05:00,25.290000915527344,25.290000915527344,25.290000915527344,25.290000915527344,1053,0.0,0.0
2022-11-23 11:30:00-05:00,25.170000076293945,25.170000076293945,25.170000076293945,25.170000076293945,105,0.0,0.0
2022-11-23 12:30:00-05:00,25.290000915527344,25.290000915527344,25.290000915527344,25.290000915527344,751,0.0,0.0
2022-11-28 10:30:00-05:00,25.030000686645508,25.030000686645508,25.030000686645508,25.030000686645508,0,0.0,0.0
2022-11-28 11:30:00-05:00,25.049999237060547,25.049999237060547,25.049999237060547,25.049999237060547,457,0.0,0.0
2022-11-29 09:30:00-05:00,24.989999771118164,24.989999771118164,24.989999771118164,24.989999771118164,648,0.0,0.0
2022-11-29 12:30:00-05:00,25.06999969482422,25.06999969482422,25.06999969482422,25.06999969482422,257,0.0,0.0
2022-11-29 13:30:00-05:00,25.110000610351562,25.110000610351562,25.110000610351562,25.110000610351562,947,0.0,0.0
2022-11-30 10:30:00-05:00,25.280000686645508,25.280000686645508,24.979999542236328,24.979999542236328,169,0.0,0.0
2022-11-30 11:30:00-05:00,25.0,25.0,25.0,25.0,434,0.0,0.0
2022-11-30 13:30:00-05:00,25.0,25.010000228881836,25.0,25.010000228881836,533,0.0,0.0
2022-11-30 15:30:00-05:00,25.030000686645508,25.030000686645508,25.010000228881836,25.010000228881836,241,0.0,0.0
2022-12-01 09:30:00-05:00,25.139999389648438,25.2007999420166,25.139999389648438,25.2007999420166,0,0.0,0.0
2022-12-01 10:30:00-05:00,25.049999237060547,25.049999237060547,25.049999237060547,25.049999237060547,101,0.0,0.0
2022-12-01 11:30:00-05:00,25.059999465942383,25.190000534057617,25.059999465942383,25.139999389648438,3006,0.0,0.0
2022-12-01 12:30:00-05:00,25.520000457763672,25.520000457763672,25.520000457763672,25.520000457763672,230,0.0,0.0
2022-12-01 13:30:00-05:00,25.900100708007812,25.900100708007812,25.900100708007812,25.900100708007812,510,0.0,0.0
2022-12-02 09:30:00-05:00,25.454999923706055,25.454999923706055,25.454999923706055,25.454999923706055,0,0.0,0.0
2022-12-02 11:30:00-05:00,25.5,25.5,25.06999969482422,25.06999969482422,2101,0.0,0.0
2022-12-02 12:30:00-05:00,25.44499969482422,25.489999771118164,25.399999618530273,25.472000122070312,501,0.0,0.0
2022-12-02 15:30:00-05:00,25.59000015258789,25.59000015258789,25.59000015258789,25.59000015258789,100,0.0,0.0
2022-12-05 15:30:00-05:00,25.079999923706055,25.079999923706055,25.079999923706055,25.079999923706055,0,0.0,0.0
2022-12-06 09:30:00-05:00,25.079999923706055,25.079999923706055,25.049999237060547,25.049999237060547,0,0.0,0.0
2022-12-06 12:30:00-05:00,24.979999542236328,24.979999542236328,24.979999542236328,24.979999542236328,116,0.0,0.0
2022-12-06 14:30:00-05:00,25.09000015258789,25.09000015258789,25.09000015258789,25.09000015258789,131,0.0,0.0
2022-12-07 10:30:00-05:00,25.270000457763672,25.3700008392334,25.270000457763672,25.3700008392334,8,0.0,0.0
2022-12-07 11:30:00-05:00,25.349899291992188,25.349899291992188,25.349899291992188,25.349899291992188,686,0.0,0.0
2022-12-08 10:30:00-05:00,25.079999923706055,25.079999923706055,25.06999969482422,25.06999969482422,0,0.0,0.0
2022-12-08 13:30:00-05:00,25.100000381469727,25.100000381469727,25.06999969482422,25.100000381469727,715,0.0,0.0
2022-12-12 09:30:00-05:00,24.899999618530273,25.110000610351562,24.899999618530273,25.110000610351562,3858,0.0,0.0
2022-12-12 10:30:00-05:00,25.139999389648438,25.149999618530273,25.139999389648438,25.149999618530273,2566,0.0,0.0
2022-12-12 15:30:00-05:00,24.895000457763672,24.895000457763672,24.895000457763672,24.895000457763672,100,0.0,0.0
2022-12-13 09:30:00-05:00,25.0,25.149999618530273,25.0,25.149999618530273,0,0.0,0.0
2022-12-14 09:30:00-05:00,25.149999618530273,25.299999237060547,25.149999618530273,25.299999237060547,0,0.0,0.0
2022-12-14 15:30:00-05:00,25.5,25.5,25.399999618530273,25.5,516,0.0,0.0
2022-12-19 13:30:00-05:00,25.499900817871094,25.499900817871094,25.25,25.25,0,0.0,0.0
2022-12-19 14:30:00-05:00,25.499900817871094,25.499900817871094,25.46500015258789,25.46500015258789,1000,0.0,0.0
2022-12-22 11:30:00-05:00,25.110000610351562,25.110000610351562,25.06999969482422,25.06999969482422,660,0.0,0.0
2022-12-22 14:30:00-05:00,25.139999389648438,25.139999389648438,25.09000015258789,25.1200008392334,1637,0.0,0.0
2022-12-22 15:30:00-05:00,25.1200008392334,25.739999771118164,25.1200008392334,25.739999771118164,429,0.0,0.0
2022-12-23 11:30:00-05:00,25.399999618530273,25.399999618530273,25.190000534057617,25.190000534057617,419,0.0,0.0
2022-12-23 14:30:00-05:00,25.1200008392334,25.1200008392334,24.700000762939453,25.049999237060547,16177,0.0,0.0
2022-12-27 09:30:00-05:00,24.709999084472656,24.709999084472656,24.709999084472656,24.709999084472656,0,0.0,0.0
2022-12-27 11:30:00-05:00,24.780000686645508,24.939899444580078,24.780000686645508,24.939899444580078,781,0.0,0.0
2022-12-27 12:30:00-05:00,24.81999969482422,24.939899444580078,24.809999465942383,24.93000030517578,4398,0.0,0.0
2022-12-27 13:30:00-05:00,24.899999618530273,24.899999618530273,24.899999618530273,24.899999618530273,1417,0.0,0.0
2022-12-28 11:30:00-05:00,24.920000076293945,24.940000534057617,24.920000076293945,24.929899215698242,0,0.0,0.0
2022-12-28 13:30:00-05:00,24.829999923706055,24.829999923706055,24.81999969482422,24.81999969482422,904,0.0,0.0
2022-12-28 14:30:00-05:00,24.770000457763672,24.770000457763672,24.75,24.75,1189,0.0,0.0
2022-12-28 15:30:00-05:00,24.939899444580078,24.939899444580078,24.939899444580078,24.939899444580078,365,0.0,0.0
2022-12-29 09:30:00-05:00,24.75,24.75,24.75,24.75,0,0.0,0.0
2022-12-29 11:30:00-05:00,24.860000610351562,24.860000610351562,24.860000610351562,24.860000610351562,188,0.0,0.0
2022-12-29 12:30:00-05:00,24.940000534057617,24.940000534057617,24.940000534057617,24.940000534057617,204,0.0,0.0
2022-12-30 11:30:00-05:00,24.959999084472656,25.100000381469727,24.959999084472656,25.100000381469727,200,0.0,0.0
2022-12-30 12:30:00-05:00,24.8799991607666,24.889999389648438,24.639999389648438,24.639999389648438,7419,0.0,0.0
2022-12-30 15:30:00-05:00,25.030000686645508,25.31999969482422,25.0,25.284500122070312,7872,0.0,0.0
2023-01-03 09:30:00-05:00,25.190000534057617,25.190000534057617,25.190000534057617,25.190000534057617,2130,0.0,0.0
2023-01-03 13:30:00-05:00,25.049999237060547,25.049999237060547,25.049999237060547,25.049999237060547,100,0.0,0.0
2023-01-04 09:30:00-05:00,25.229999542236328,25.229999542236328,25.229999542236328,25.229999542236328,0,0.0,0.0
2023-01-04 12:30:00-05:00,24.94499969482422,24.94499969482422,24.94499969482422,24.94499969482422,882,0.0,0.0
2023-01-04 14:30:00-05:00,25.100000381469727,25.190000534057617,25.100000381469727,25.190000534057617,492,0.0,0.0
2023-01-05 11:30:00-05:00,25.18000030517578,25.190000534057617,25.170000076293945,25.170000076293945,375,0.0,0.0
2023-01-05 13:30:00-05:00,25.190000534057617,25.209999084472656,25.190000534057617,25.190000534057617,0,0.0,0.0
2023-01-06 12:30:00-05:00,25.049999237060547,25.170000076293945,25.049999237060547,25.170000076293945,200,0.0,0.0
2023-01-06 13:30:00-05:00,25.219999313354492,25.219999313354492,25.219999313354492,25.219999313354492,101,0.0,0.0
2023-01-06 14:30:00-05:00,25.219999313354492,25.219999313354492,25.219999313354492,25.219999313354492,254,0.0,0.0
2023-01-06 15:30:00-05:00,25.25,25.25,25.25,25.25,100,0.0,0.0
2023-01-10 10:30:00-05:00,25.295000076293945,25.489900588989258,25.295000076293945,25.295000076293945,1233,0.0,0.0
2023-01-10 15:30:00-05:00,25.489999771118164,25.489999771118164,25.489999771118164,25.489999771118164,199,0.0,0.0
2023-01-11 09:30:00-05:00,25.489999771118164,25.489999771118164,25.489999771118164,25.489999771118164,0,0.0,0.0
2023-01-11 12:30:00-05:00,25.125,25.149999618530273,25.100000381469727,25.100000381469727,2600,0.0,0.0
2023-01-11 13:30:00-05:00,25.200000762939453,25.200000762939453,25.200000762939453,25.200000762939453,503,0.0,0.0
2023-01-11 14:30:00-05:00,25.299999237060547,25.299999237060547,25.18000030517578,25.190000534057617,2749,0.0,0.0
2023-01-11 15:30:00-05:00,25.149999618530273,25.149999618530273,25.110000610351562,25.1200008392334,2180,0.0,0.0
2023-01-12 11:30:00-05:00,25.0,25.0,25.0,25.0,0,0.0,0.0
2023-01-12 12:30:00-05:00,24.969999313354492,25.030000686645508,24.969999313354492,25.030000686645508,1476,0.0,0.0
2023-01-12 13:30:00-05:00,25.239999771118164,25.239999771118164,25.190000534057617,25.239999771118164,626,0.0,0.0
2023-01-12 15:30:00-05:00,25.0,25.0,25.0,25.0,1028,0.0,0.0
2023-01-13 11:30:00-05:00,25.040000915527344,25.040000915527344,25.020000457763672,25.020000457763672,0,0.0,0.0
2023-01-13 12:30:00-05:00,25.139999389648438,25.139999389648438,25.1200008392334,25.1200008392334,203,0.0,0.0
2023-01-13 13:30:00-05:00,25.010000228881836,25.010000228881836,25.010000228881836,25.010000228881836,445,0.0,0.0
2023-01-13 15:30:00-05:00,24.950000762939453,24.950000762939453,24.950000762939453,24.950000762939453,823,0.0,0.0
2023-01-17 09:30:00-05:00,24.829999923706055,24.829999923706055,24.829999923706055,24.829999923706055,0,0.0,0.0
2023-01-17 12:30:00-05:00,25.040000915527344,25.040000915527344,25.040000915527344,25.040000915527344,167,0.0,0.0
2023-01-17 14:30:00-05:00,25.0,25.0,25.0,25.0,2017,0.0,0.0
2023-01-18 09:30:00-05:00,25.0,25.010000228881836,25.0,25.010000228881836,0,0.0,0.0
2023-01-18 15:30:00-05:00,25.010000228881836,25.010000228881836,25.010000228881836,25.010000228881836,200,0.0,0.0
2023-01-19 09:30:00-05:00,24.950000762939453,24.959999084472656,24.950000762939453,24.959999084472656,0,0.0,0.0
2023-01-19 11:30:00-05:00,24.950000762939453,24.950000762939453,24.950000762939453,24.950000762939453,1194,0.0,0.0
2023-01-19 13:30:00-05:00,24.93000030517578,24.979999542236328,24.93000030517578,24.979999542236328,474,0.0,0.0
2023-01-20 09:30:00-05:00,25.18000030517578,25.18000030517578,25.18000030517578,25.18000030517578,0,0.0,0.0
2023-01-20 10:30:00-05:00,24.979999542236328,24.979999542236328,24.979999542236328,24.979999542236328,268,0.0,0.0
2023-01-20 11:30:00-05:00,24.899999618530273,24.899999618530273,24.899999618530273,24.899999618530273,387,0.0,0.0
2023-01-20 14:30:00-05:00,24.90999984741211,24.90999984741211,24.899999618530273,24.899999618530273,3129,0.0,0.0
2023-01-23 09:30:00-05:00,24.989999771118164,25.049999237060547,24.989999771118164,25.049999237060547,0,0.0,0.0
2023-01-23 11:30:00-05:00,25.104999542236328,25.104999542236328,24.959999084472656,24.959999084472656,315,0.0,0.0
2023-01-23 12:30:00-05:00,25.0,25.0,25.0,25.0,560,0.0,0.0
2023-01-23 13:30:00-05:00,25.05500030517578,25.05500030517578,25.030000686645508,25.030000686645508,954,0.0,0.0
2023-01-23 14:30:00-05:00,24.979999542236328,24.979999542236328,24.979999542236328,24.979999542236328,110,0.0,0.0
2023-01-23 15:30:00-05:00,24.969999313354492,24.969999313354492,24.920000076293945,24.920000076293945,2380,0.0,0.0
2023-01-24 09:30:00-05:00,24.989999771118164,24.989999771118164,24.989999771118164,24.989999771118164,0,0.0,0.0
2023-01-24 10:30:00-05:00,25.0,25.0,25.0,25.0,1116,0.0,0.0
2023-01-24 15:30:00-05:00,24.959999084472656,24.959999084472656,24.959999084472656,24.959999084472656,203,0.0,0.0
2023-01-25 11:30:00-05:00,25.40999984741211,25.40999984741211,25.0,25.040000915527344,720,0.0,0.0
2023-01-25 12:30:00-05:00,25.0,25.0,25.0,25.0,1683,0.0,0.0
2023-01-25 15:30:00-05:00,25.0,25.0,25.0,25.0,110,0.0,0.0
2023-01-26 11:30:00-05:00,24.913000106811523,24.93400001525879,24.913000106811523,24.93400001525879,105,0.0,0.0
2023-01-26 13:30:00-05:00,24.899999618530273,24.899999618530273,24.899999618530273,24.899999618530273,2660,0.0,0.0
2023-01-26 14:30:00-05:00,24.959999084472656,25.0,24.959999084472656,25.0,1528,0.0,0.0
2023-01-27 09:30:00-05:00,25.030000686645508,25.100000381469727,25.030000686645508,25.100000381469727,0,0.0,0.0
2023-01-27 10:30:00-05:00,25.139999389648438,25.149999618530273,25.139999389648438,25.149999618530273,2311,0.0,0.0
2023-01-27 11:30:00-05:00,25.1299991607666,25.1299991607666,25.1299991607666,25.1299991607666,471,0.0,0.0
2023-01-27 13:30:00-05:00,25.030000686645508,25.030000686645508,25.030000686645508,25.030000686645508,100,0.0,0.0
2023-01-27 14:30:00-05:00,25.030000686645508,25.030000686645508,25.020000457763672,25.020000457763672,2018,0.0,0.0
2023-01-27 15:30:00-05:00,24.993499755859375,24.993499755859375,24.993499755859375,24.993499755859375,230,0.0,0.0
2023-01-30 09:30:00-05:00,24.989999771118164,24.989999771118164,24.989999771118164,24.989999771118164,0,0.0,0.0
2023-01-30 10:30:00-05:00,24.979999542236328,24.989999771118164,24.979999542236328,24.979999542236328,3154,0.0,0.0
2023-01-30 12:30:00-05:00,24.979999542236328,24.979999542236328,24.950000762939453,24.950000762939453,848,0.0,0.0
2023-01-30 13:30:00-05:00,24.989999771118164,25.2450008392334,24.989999771118164,25.239999771118164,2606,0.0,0.0
2023-01-30 14:30:00-05:00,25.2549991607666,25.2549991607666,25.139999389648438,25.139999389648438,1984,0.0,0.0
2023-01-30 15:30:00-05:00,25.125,25.290000915527344,25.125,25.219999313354492,2199,0.0,0.0
2023-01-31 09:30:00-05:00,25.28459930419922,25.28459930419922,25.110000610351562,25.110000610351562,0,0.0,0.0
2023-01-31 10:30:00-05:00,25.110000610351562,25.1200008392334,25.110000610351562,25.1200008392334,968,0.0,0.0
2023-01-31 11:30:00-05:00,25.1200008392334,25.1200008392334,25.03499984741211,25.03499984741211,627,0.0,0.0
2023-01-31 12:30:00-05:00,25.149999618530273,25.149999618530273,25.149999618530273,25.149999618530273,978,0.0,0.0
2023-01-31 13:30:00-05:00,25.149999618530273,25.149999618530273,25.149999618530273,25.149999618530273,1909,0.0,0.0
2023-01-31 15:30:00-05:00,25.15999984741211,25.3700008392334,25.049999237060547,25.049999237060547,4177,0.0,0.0
2023-02-01 12:30:00-05:00,25.290000915527344,25.315000534057617,25.280000686645508,25.315000534057617,446,0.0,0.0
2023-02-01 15:30:00-05:00,25.479999542236328,25.479999542236328,25.479999542236328,25.479999542236328,197,0.0,0.0
2023-02-02 09:30:00-05:00,25.450000762939453,25.489999771118164,25.450000762939453,25.450000762939453,0,0.0,0.0
2023-02-02 13:30:00-05:00,25.2549991607666,25.2549991607666,25.2549991607666,25.2549991607666,3255,0.0,0.0
2023-02-02 15:30:00-05:00,25.34000015258789,25.8700008392334,25.34000015258789,25.8700008392334,444,0.0,0.0
2023-02-03 15:30:00-05:00,25.459999084472656,25.459999084472656,25.459999084472656,25.459999084472656,0,0.0,0.0
2023-02-06 13:30:00-05:00,25.479999542236328,25.79990005493164,25.479999542236328,25.594999313354492,3936,0.0,0.0
2023-02-07 09:30:00-05:00,25.56999969482422,25.610000610351562,25.56999969482422,25.610000610351562,0,0.0,0.0
2023-02-07 11:30:00-05:00,25.344999313354492,25.350000381469727,25.1200008392334,25.350000381469727,638,0.0,0.0
2023-02-07 12:30:00-05:00,25.350000381469727,25.350000381469727,25.350000381469727,25.350000381469727,470,0.0,0.0
2023-02-08 09:30:00-05:00,25.275699615478516,25.299999237060547,25.275699615478516,25.299999237060547,1402,0.0,0.0
2023-02-08 10:30:00-05:00,25.290000915527344,25.299999237060547,25.225000381469727,25.299999237060547,19425,0.0,0.0
2023-02-08 14:30:00-05:00,25.3799991607666,25.3799991607666,25.264999389648438,25.264999389648438,7000,0.0,0.0
2023-02-09 10:30:00-05:00,25.6200008392334,25.6200008392334,25.549999237060547,25.6200008392334,251,0.0,0.0
2023-02-09 11:30:00-05:00,25.75,25.75,25.75,25.75,421,0.0,0.0
2023-02-10 09:30:00-05:00,25.75,25.75,25.75,25.75,0,0.0,0.0
2023-02-10 15:30:00-05:00,25.530000686645508,25.530000686645508,25.530000686645508,25.530000686645508,378,0.0,0.0
2023-02-13 09:30:00-05:00,25.940000534057617,25.940000534057617,25.739999771118164,25.75,0,0.0,0.0
2023-02-13 10:30:00-05:00,25.84000015258789,25.84000015258789,25.84000015258789,25.84000015258789,592,0.0,0.0
2023-02-13 11:30:00-05:00,25.790000915527344,25.790000915527344,25.790000915527344,25.790000915527344,228,0.0,0.0
2023-02-13 12:30:00-05:00,25.700000762939453,25.700000762939453,25.700000762939453,25.700000762939453,165,0.0,0.0
2023-02-13 14:30:00-05:00,25.700000762939453,25.700000762939453,25.700000762939453,25.700000762939453,140,0.0,0.0
2023-02-13 15:30:00-05:00,25.790000915527344,25.790000915527344,25.790000915527344,25.790000915527344,258,0.0,0.0
2023-02-14 09:30:00-05:00,25.635000228881836,25.635000228881836,25.635000228881836,25.635000228881836,0,0.0,0.0
2023-02-14 13:30:00-05:00,25.780000686645508,25.780000686645508,25.780000686645508,25.780000686645508,537,0.0,0.0
2023-02-15 12:30:00-05:00,25.719999313354492,25.719999313354492,25.719999313354492,25.719999313354492,0,0.0,0.0
2023-02-15 14:30:00-05:00,25.709999084472656,25.709999084472656,25.709999084472656,25.709999084472656,211,0.0,0.0
2023-02-15 15:30:00-05:00,25.545000076293945,25.545000076293945,25.545000076293945,25.545000076293945,300,0.0,0.0
2023-02-16 13:30:00-05:00,25.600000381469727,25.600000381469727,25.600000381469727,25.600000381469727,195,0.0,0.0
2023-02-17 09:30:00-05:00,25.360000610351562,25.360000610351562,25.360000610351562,25.360000610351562,0,0.0,0.0
2023-02-17 12:30:00-05:00,25.440000534057617,25.440000534057617,25.440000534057617,25.440000534057617,100,0.0,0.0
2023-02-21 11:30:00-05:00,25.520000457763672,25.520000457763672,25.350000381469727,25.450000762939453,931,0.0,0.0
2023-02-21 12:30:00-05:00,25.600000381469727,25.780000686645508,25.600000381469727,25.600000381469727,467,0.0,0.0
2023-02-22 10:30:00-05:00,25.260000228881836,25.260000228881836,25.219999313354492,25.219999313354492,372,0.0,0.0
2023-02-22 14:30:00-05:00,25.329999923706055,25.440000534057617,25.329999923706055,25.399999618530273,582,0.0,0.0
2023-02-23 09:30:00-05:00,25.170000076293945,25.309999465942383,25.170000076293945,25.309999465942383,8428,0.0,0.0
2023-02-23 11:30:00-05:00,25.689899444580078,25.689899444580078,25.290000915527344,25.290000915527344,2252,0.0,0.0
2023-02-23 14:30:00-05:00,25.270000457763672,25.350000381469727,25.264999389648438,25.350000381469727,1729,0.0,0.0
2023-02-24 10:30:00-05:00,25.469999313354492,25.469999313354492,25.190000534057617,25.190000534057617,3529,0.0,0.0
2023-02-24 13:30:00-05:00,25.170000076293945,25.299999237060547,25.170000076293945,25.260000228881836,4457,0.0,0.0
2023-02-27 11:30:00-05:00,25.34000015258789,25.34000015258789,25.34000015258789,25.34000015258789,183,0.0,0.0
2023-02-27 14:30:00-05:00,25.420000076293945,25.420000076293945,25.420000076293945,25.420000076293945,130,0.0,0.0
2023-02-28 10:30:00-05:00,25.079999923706055,25.34000015258789,24.950000762939453,25.030000686645508,22197,0.0,0.0
2023-02-28 11:30:00-05:00,25.079999923706055,25.09000015258789,25.049999237060547,25.09000015258789,1100,0.0,0.0
2023-02-28 12:30:00-05:00,25.07080078125,25.100000381469727,25.059999465942383,25.100000381469727,1480,0.0,0.0
2023-02-28 13:30:00-05:00,25.1299991607666,25.170000076293945,25.1299991607666,25.170000076293945,270,0.0,0.0
2023-02-28 14:30:00-05:00,25.040000915527344,25.040000915527344,25.020000457763672,25.020000457763672,265,0.0,0.0
2023-02-28 15:30:00-05:00,25.040000915527344,25.040000915527344,24.790000915527344,24.790000915527344,21748,0.0,0.0
2023-03-01 09:30:00-05:00,24.799999237060547,24.86989974975586,24.780000686645508,24.799999237060547,39364,0.0,0.0
2023-03-01 10:30:00-05:00,24.799999237060547,24.81999969482422,24.799999237060547,24.809999465942383,7278,0.0,0.0
2023-03-01 11:30:00-05:00,24.799999237060547,24.868000030517578,24.799999237060547,24.84000015258789,5705,0.0,0.0
2023-03-01 12:30:00-05:00,24.850000381469727,24.850000381469727,24.850000381469727,24.850000381469727,100,0.0,0.0
2023-03-01 13:30:00-05:00,24.8700008392334,24.90999984741211,24.850000381469727,24.90999984741211,8045,0.0,0.0
2023-03-01 14:30:00-05:00,24.905000686645508,25.079999923706055,24.899999618530273,24.979999542236328,5477,0.0,0.0
2023-03-01 15:30:00-05:00,24.950000762939453,24.950000762939453,24.940000534057617,24.940000534057617,305,0.0,0.0
2023-03-02 09:30:00-05:00,24.950000762939453,24.950000762939453,24.86870002746582,24.86870002746582,0,0.0,0.0
2023-03-02 10:30:00-05:00,25.0,25.0,25.0,25.0,200,0.0,0.0
2023-03-02 11:30:00-05:00,24.989999771118164,24.989999771118164,24.979999542236328,24.979999542236328,300,0.0,0.0
2023-03-02 12:30:00-05:00,25.010000228881836,25.010000228881836,25.010000228881836,25.010000228881836,400,0.0,0.0
2023-03-02 14:30:00-05:00,25.010000228881836,25.010000228881836,25.010000228881836,25.010000228881836,101,0.0,0.0
2023-03-02 15:30:00-05:00,25.030000686645508,25.030000686645508,24.950000762939453,24.950000762939453,718,0.0,0.0
2023-03-03 09:30:00-05:00,24.989999771118164,25.0,24.989999771118164,25.0,0,0.0,0.0
2023-03-03 10:30:00-05:00,25.18000030517578,25.18000030517578,25.18000030517578,25.18000030517578,280,0.0,0.0
2023-03-03 13:30:00-05:00,25.049999237060547,25.100000381469727,25.049999237060547,25.100000381469727,467,0.0,0.0
2023-03-03 14:30:00-05:00,25.100000381469727,25.100000381469727,25.100000381469727,25.100000381469727,300,0.0,0.0
2023-03-03 15:30:00-05:00,25.049999237060547,25.049999237060547,25.049999237060547,25.049999237060547,1651,0.0,0.0
2023-03-06 11:30:00-05:00,25.059999465942383,25.059999465942383,25.059999465942383,25.059999465942383,157,0.0,0.0
2023-03-06 13:30:00-05:00,24.959999084472656,24.959999084472656,24.959999084472656,24.959999084472656,441,0.0,0.0
2023-03-06 14:30:00-05:00,25.06999969482422,25.06999969482422,25.06999969482422,25.06999969482422,146,0.0,0.0
2023-03-06 15:30:00-05:00,24.969999313354492,24.969999313354492,24.969999313354492,24.969999313354492,308,0.0,0.0
2023-03-07 11:30:00-05:00,25.010000228881836,25.040000915527344,24.979999542236328,25.040000915527344,382,0.0,0.0
2023-03-07 12:30:00-05:00,24.969999313354492,25.014999389648438,24.969999313354492,25.014999389648438,200,0.0,0.0
2023-03-07 13:30:00-05:00,24.889999389648438,24.920000076293945,24.889999389648438,24.920000076293945,721,0.0,0.0
2023-03-07 14:30:00-05:00,24.940000534057617,24.950000762939453,24.8799991607666,24.950000762939453,599,0.0,0.0
2023-03-08 09:30:00-05:00,24.81999969482422,24.950000762939453,24.81999969482422,24.950000762939453,0,0.0,0.0
2023-03-08 10:30:00-05:00,24.899999618530273,25.0,24.8799991607666,25.0,698,0.0,0.0
2023-03-08 12:30:00-05:00,24.899999618530273,24.899999618530273,24.899999618530273,24.899999618530273,100,0.0,0.0
2023-03-08 13:30:00-05:00,24.860000610351562,24.90999984741211,24.860000610351562,24.90999984741211,405,0.0,0.0
2023-03-08 14:30:00-05:00,24.889999389648438,24.889999389648438,24.8700008392334,24.8700008392334,1935,0.0,0.0
2023-03-08 15:30:00-05:00,24.8700008392334,24.8700008392334,24.8700008392334,24.8700008392334,300,0.0,0.0
2023-03-09 10:30:00-05:00,24.86680030822754,24.940000534057617,24.700000762939453,24.700000762939453,33580,0.0,0.0
2023-03-09 11:30:00-05:00,24.799999237060547,24.799999237060547,24.770000457763672,24.799999237060547,1100,0.0,0.0
2023-03-09 12:30:00-05:00,24.700000762939453,24.709999084472656,24.690000534057617,24.690000534057617,930,0.0,0.0
2023-03-09 13:30:00-05:00,24.690000534057617,24.690000534057617,24.690000534057617,24.690000534057617,101,0.0,0.0
2023-03-09 14:30:00-05:00,24.690000534057617,24.690000534057617,24.520000457763672,24.530000686645508,3478,0.0,0.0
2023-03-09 15:30:00-05:00,24.5,24.600000381469727,24.399999618530273,24.600000381469727,1476,0.0,0.0
2023-03-10 09:30:00-05:00,24.59000015258789,24.59000015258789,24.479999542236328,24.479999542236328,1776,0.0,0.0
2023-03-10 11:30:00-05:00,24.600000381469727,24.649999618530273,24.450000762939453,24.450000762939453,7530,0.0,0.0
2023-03-10 12:30:00-05:00,24.25,24.25,24.010000228881836,24.110000610351562,1377,0.0,0.0
2023-03-10 13:30:00-05:00,24.010000228881836,24.010000228881836,24.0,24.0,503,0.0,0.0
2023-03-10 15:30:00-05:00,23.75,24.219999313354492,23.75,24.219999313354492,200,0.0,0.0
2023-03-13 09:30:00-04:00,20.809999465942383,22.0,20.610000610351562,21.010000228881836,13759,0.0,0.0
2023-03-13 10:30:00-04:00,21.0,22.91990089416504,21.0,22.033700942993164,9463,0.0,0.0
2023-03-13 11:30:00-04:00,22.651199340820312,22.651199340820312,22.0,22.5,6654,0.0,0.0
2023-03-13 12:30:00-04:00,23.11370086669922,23.11370086669922,23.11370086669922,23.11370086669922,1005,0.0,0.0
2023-03-13 13:30:00-04:00,22.790000915527344,23.0,22.5,22.5,2419,0.0,0.0
2023-03-13 14:30:00-04:00,22.5,22.965499877929688,22.5,22.520000457763672,6109,0.0,0.0
2023-03-13 15:30:00-04:00,22.520000457763672,22.913700103759766,22.520000457763672,22.530000686645508,900,0.0,0.0
2023-03-14 09:30:00-04:00,23.0,23.350000381469727,22.940000534057617,23.34000015258789,0,0.0,0.0
2023-03-14 10:30:00-04:00,23.165000915527344,23.5,23.1200008392334,23.5,1476,0.0,0.0
2023-03-14 11:30:00-04:00,23.43000030517578,24.37190055847168,23.43000030517578,23.5,4015,0.0,0.0
2023-03-14 12:30:00-04:00,24.0,24.149999618530273,23.90999984741211,24.149999618530273,2603,0.0,0.0
2023-03-14 13:30:00-04:00,24.149999618530273,24.149999618530273,24.0,24.0,3782,0.0,0.0
2023-03-14 14:30:00-04:00,23.979999542236328,24.0,23.500099182128906,23.999900817871094,3105,0.0,0.0
2023-03-14 15:30:00-04:00,23.649999618530273,23.649999618530273,23.514999389648438,23.514999389648438,200,0.0,0.0
2023-03-15 09:30:00-04:00,23.510000228881836,23.510000228881836,23.010000228881836,23.010000228881836,0,0.0,0.0
2023-03-15 10:30:00-04:00,23.695499420166016,23.695499420166016,23.5,23.5,687,0.0,0.0
2023-03-15 12:30:00-04:00,23.780000686645508,23.950000762939453,23.780000686645508,23.950000762939453,7497,0.0,0.0
2023-03-15 13:30:00-04:00,23.90999984741211,23.90999984741211,23.899999618530273,23.90999984741211,1486,0.0,0.0
2023-03-15 14:30:00-04:00,23.899999618530273,24.0,23.899999618530273,24.0,5775,0.0,0.0
2023-03-15 15:30:00-04:00,24.0,24.020000457763672,24.0,24.020000457763672,320,0.0,0.0
2023-03-16 09:30:00-04:00,24.0,24.0,24.0,24.0,0,0.0,0.0
2023-03-16 11:30:00-04:00,24.175600051879883,24.31999969482422,24.175600051879883,24.31999969482422,1181,0.0,0.0
2023-03-16 13:30:00-04:00,24.2549991607666,24.2549991607666,24.2549991607666,24.2549991607666,1211,0.0,0.0
2023-03-16 15:30:00-04:00,24.489999771118164,24.649999618530273,24.280000686645508,24.649999618530273,5590,0.0,0.0
2023-03-17 09:30:00-04:00,24.049999237060547,24.049999237060547,23.989999771118164,23.989999771118164,0,0.0,0.0
2023-03-17 11:30:00-04:00,23.979999542236328,24.389999389648438,23.959999084472656,24.389999389648438,1662,0.0,0.0
2023-03-17 13:30:00-04:00,24.010000228881836,24.010000228881836,23.899999618530273,23.900100708007812,1800,0.0,0.0
2023-03-20 09:30:00-04:00,24.479999542236328,24.489999771118164,24.479999542236328,24.489999771118164,0,0.0,0.0
2023-03-20 10:30:00-04:00,24.489999771118164,24.719999313354492,24.125,24.125,840,0.0,0.0
2023-03-20 11:30:00-04:00,23.540000915527344,23.540000915527344,23.1299991607666,23.1299991607666,2500,0.0,0.0
2023-03-20 14:30:00-04:00,23.68280029296875,23.68280029296875,23.68280029296875,23.68280029296875,949,0.0,0.0
2023-03-21 14:30:00-04:00,23.999900817871094,24.0,23.75,24.0,6509,0.0,0.0
2023-03-21 15:30:00-04:00,24.0,24.0,24.0,24.0,250,0.0,0.0
2023-03-22 11:30:00-04:00,24.000099182128906,24.020000457763672,24.0,24.0,977,0.0,0.0
2023-03-22 14:30:00-04:00,24.25,24.25,23.510099411010742,23.510099411010742,1817,0.0,0.0
2023-03-23 09:30:00-04:00,23.65999984741211,23.65999984741211,23.593900680541992,23.593900680541992,0,0.0,0.0
2023-03-23 12:30:00-04:00,24.148399353027344,24.148399353027344,23.93000030517578,23.93000030517578,3001,0.0,0.0
2023-03-23 15:30:00-04:00,23.886699676513672,23.886699676513672,23.886699676513672,23.886699676513672,505,0.0,0.0
2023-03-24 10:30:00-04:00,23.996700286865234,23.996700286865234,23.996700286865234,23.996700286865234,0,0.0,0.0
2023-03-24 12:30:00-04:00,24.150100708007812,24.150100708007812,24.150100708007812,24.150100708007812,500,0.0,0.0
2023-03-24 13:30:00-04:00,24.399999618530273,24.399999618530273,24.399999618530273,24.399999618530273,4135,0.0,0.0
2023-03-24 14:30:00-04:00,24.329999923706055,24.399999618530273,24.329999923706055,24.329999923706055,1112,0.0,0.0
2023-03-27 11:30:00-04:00,24.450000762939453,24.450000762939453,24.25,24.25,3789,0.0,0.0
2023-03-27 12:30:00-04:00,24.399999618530273,24.417999267578125,24.399999618530273,24.399999618530273,2759,0.0,0.0
2023-03-27 13:30:00-04:00,24.399900436401367,24.5,24.399900436401367,24.489999771118164,4759,0.0,0.0
2023-03-27 14:30:00-04:00,24.510000228881836,24.510000228881836,24.450000762939453,24.450000762939453,3722,0.0,0.0
2023-03-28 09:30:00-04:00,24.459999084472656,24.5,24.459999084472656,24.5,0,0.0,0.0
2023-03-28 10:30:00-04:00,24.600000381469727,24.600000381469727,24.600000381469727,24.600000381469727,100,0.0,0.0
2023-03-28 11:30:00-04:00,24.700000762939453,24.700000762939453,24.6200008392334,24.6200008392334,318,0.0,0.0
2023-03-28 13:30:00-04:00,24.75,24.75,24.75,24.75,1641,0.0,0.0
2023-03-28 15:30:00-04:00,24.8700008392334,24.8700008392334,24.8700008392334,24.8700008392334,180,0.0,0.0
2023-03-29 10:30:00-04:00,24.754899978637695,24.850000381469727,24.754899978637695,24.850000381469727,3387,0.0,0.0
2023-03-29 11:30:00-04:00,24.950000762939453,25.100000381469727,24.950000762939453,25.100000381469727,5780,0.0,0.0
2023-03-29 12:30:00-04:00,25.100000381469727,25.100000381469727,25.040000915527344,25.100000381469727,2648,0.0,0.0
2023-03-29 13:30:00-04:00,25.100000381469727,25.100000381469727,25.09000015258789,25.100000381469727,3292,0.0,0.0
2023-03-29 14:30:00-04:00,25.100000381469727,25.100000381469727,25.100000381469727,25.100000381469727,3463,0.0,0.0
2023-03-29 15:30:00-04:00,25.100000381469727,25.100000381469727,25.075000762939453,25.075000762939453,7851,0.0,0.0
2023-03-30 09:30:00-04:00,25.0,25.100000381469727,24.989999771118164,25.100000381469727,0,0.0,0.0
2023-03-30 10:30:00-04:00,25.1299991607666,25.450000762939453,25.100000381469727,25.450000762939453,3491,0.0,0.0
2023-03-30 11:30:00-04:00,25.5,25.5,25.270000457763672,25.270000457763672,2536,0.0,0.0
2023-03-30 12:30:00-04:00,25.5,25.56999969482422,25.200000762939453,25.270000457763672,5050,0.0,0.0
2023-03-30 13:30:00-04:00,25.479999542236328,25.559999465942383,25.299999237060547,25.520000457763672,3892,0.0,0.0
2023-03-30 14:30:00-04:00,25.540000915527344,25.780000686645508,25.299999237060547,25.780000686645508,2512,0.0,0.0
2023-03-30 15:30:00-04:00,25.729999542236328,25.889999389648438,25.690000534057617,25.829999923706055,6889,0.0,0.0
2023-03-31 09:30:00-04:00,25.809999465942383,25.809999465942383,25.809999465942383,25.809999465942383,0,0.0,0.0
2023-03-31 10:30:00-04:00,25.600000381469727,25.600000381469727,25.600000381469727,25.600000381469727,366,0.0,0.0
2023-03-31 15:30:00-04:00,25.8799991607666,25.959999084472656,25.8799991607666,25.959999084472656,941,0.0,0.0
2023-04-03 09:30:00-04:00,24.889999389648438,25.170000076293945,24.687999725341797,24.687999725341797,0,0.0,0.0
2023-04-03 12:30:00-04:00,25.200000762939453,25.25,25.200000762939453,25.25,535,0.0,0.0
2023-04-03 15:30:00-04:00,25.56999969482422,25.56999969482422,25.56999969482422,25.56999969482422,282,0.0,0.0
2023-04-04 10:30:00-04:00,24.989999771118164,24.989999771118164,24.940000534057617,24.940000534057617,0,0.0,0.0
2023-04-04 12:30:00-04:00,25.34000015258789,25.34000015258789,25.34000015258789,25.34000015258789,127,0.0,0.0
2023-04-04 13:30:00-04:00,25.34000015258789,25.34000015258789,25.329999923706055,25.329999923706055,492,0.0,0.0
2023-04-04 14:30:00-04:00,25.329999923706055,25.329999923706055,25.329999923706055,25.329999923706055,205,0.0,0.0
2023-04-04 15:30:00-04:00,25.600000381469727,25.68939971923828,25.600000381469727,25.68939971923828,789,0.0,0.0
2023-04-05 14:30:00-04:00,25.0,25.0,25.0,25.0,0,0.0,0.0
2023-04-06 09:30:00-04:00,25.020000457763672,25.020000457763672,25.020000457763672,25.020000457763672,880,0.0,0.0
2023-04-11 11:30:00-04:00,25.18000030517578,25.200000762939453,25.18000030517578,25.200000762939453,290,0.0,0.0
2023-04-11 14:30:00-04:00,25.610000610351562,25.610000610351562,25.200000762939453,25.200000762939453,8694,0.0,0.0
2023-04-12 09:30:00-04:00,24.81999969482422,24.93000030517578,24.81999969482422,24.93000030517578,0,0.0,0.0
2023-04-14 09:30:00-04:00,25.56920051574707,25.56920051574707,25.09000015258789,25.09000015258789,515,0.0,0.0
2023-04-14 12:30:00-04:00,25.479999542236328,25.479999542236328,25.479999542236328,25.479999542236328,362,0.0,0.0
2023-04-17 09:30:00-04:00,25.5,25.5,25.5,25.5,0,0.0,0.0
2023-04-17 12:30:00-04:00,25.299999237060547,25.299999237060547,25.299999237060547,25.299999237060547,145,0.0,0.0
2023-04-18 09:30:00-04:00,25.104799270629883,25.104799270629883,25.104799270629883,25.104799270629883,0,0.0,0.0
2023-04-18 15:30:00-04:00,25.485200881958008,25.485200881958008,25.399999618530273,25.399999618530273,820,0.0,0.0
2023-04-19 09:30:00-04:00,25.008100509643555,25.008100509643555,25.008100509643555,25.008100509643555,0,0.0,0.0
2023-04-20 12:30:00-04:00,25.377300262451172,25.450000762939453,25.377300262451172,25.399999618530273,942,0.0,0.0
2023-04-20 13:30:00-04:00,25.200000762939453,25.200000762939453,25.200000762939453,25.200000762939453,104,0.0,0.0
2023-04-21 09:30:00-04:00,25.100000381469727,25.100000381469727,25.094999313354492,25.100000381469727,0,0.0,0.0
2023-04-24 12:30:00-04:00,25.489999771118164,25.489999771118164,25.395000457763672,25.395000457763672,121,0.0,0.0
2023-04-24 13:30:00-04:00,25.377099990844727,25.377099990844727,25.377099990844727,25.377099990844727,1303,0.0,0.0
2023-04-24 15:30:00-04:00,25.111499786376953,25.111499786376953,25.111499786376953,25.111499786376953,0,0.0,0.0
2023-04-28 13:30:00-04:00,25.31999969482422,25.31999969482422,25.31999969482422,25.31999969482422,1595,0.0,0.0
2023-04-28 15:30:00-04:00,25.559999465942383,25.600000381469727,25.559999465942383,25.579999923706055,2109,0.0,0.0
2023-05-01 09:30:00-04:00,25.5,25.5,25.459999084472656,25.5,0,0.0,0.0
2023-05-01 11:30:00-04:00,25.469999313354492,25.469999313354492,25.270000457763672,25.270000457763672,0,0.0,0.0
2023-05-02 11:30:00-04:00,25.200000762939453,25.200000762939453,25.200000762939453,25.200000762939453,437,0.0,0.0
2023-05-02 13:30:00-04:00,25.077199935913086,25.077199935913086,25.077199935913086,25.077199935913086,549,0.0,0.0
2023-05-03 11:30:00-04:00,25.299999237060547,25.299999237060547,25.25,25.25,205,0.0,0.0
2023-05-03 15:30:00-04:00,25.079999923706055,25.079999923706055,25.079999923706055,25.079999923706055,143,0.0,0.0
2023-05-04 09:30:00-04:00,24.950000762939453,24.950000762939453,23.920000076293945,24.190000534057617,4204,0.0,0.0
2023-05-04 12:30:00-04:00,24.860000610351562,24.90999984741211,24.639999389648438,24.639999389648438,685,0.0,0.0
2023-05-04 14:30:00-04:00,24.65999984741211,24.65999984741211,24.65999984741211,24.65999984741211,227,0.0,0.0
2023-05-05 09:30:00-04:00,25.049999237060547,25.049999237060547,25.049999237060547,25.049999237060547,0,0.0,0.0
2023-05-09 13:30:00-04:00,24.78849983215332,24.78849983215332,24.78849983215332,24.78849983215332,0,0.0,0.0
2023-05-10 09:30:00-04:00,24.959999084472656,24.959999084472656,24.959999084472656,24.959999084472656,0,0.0,0.0
2023-05-10 12:30:00-04:00,24.870100021362305,25.1299991607666,24.870100021362305,24.8799991607666,0,0.0,0.0
2023-05-10 15:30:00-04:00,24.90999984741211,24.90999984741211,24.90999984741211,24.90999984741211,2915,0.0,0.0
2023-05-11 09:30:00-04:00,24.80940055847168,24.80940055847168,24.80940055847168,24.80940055847168,0,0.0,0.0
2023-05-16 11:30:00-04:00,25.018999099731445,25.018999099731445,25.018999099731445,25.018999099731445,1400,0.0,0.0
2023-05-17 09:30:00-04:00,25.0,25.0,24.940000534057617,24.940000534057617,460,0.0,0.0
2023-05-18 11:30:00-04:00,25.199499130249023,25.199499130249023,25.199499130249023,25.199499130249023,0,0.0,0.0
2023-05-18 12:30:00-04:00,25.104999542236328,25.104999542236328,25.104999542236328,25.104999542236328,475,0.0,0.0
2023-05-18 15:30:00-04:00,25.110000610351562,25.110000610351562,25.110000610351562,25.110000610351562,146,0.0,0.0
2023-05-22 15:30:00-04:00,25.229999542236328,25.229999542236328,25.229999542236328,25.229999542236328,0,0.0,0.0
2023-05-23 10:30:00-04:00,25.239999771118164,25.239999771118164,25.239999771118164,25.239999771118164,0,0.0,0.0
2023-05-23 11:30:00-04:00,25.489999771118164,25.489999771118164,25.489999771118164,25.489999771118164,1456,0.0,0.0
2023-05-23 12:30:00-04:00,25.489999771118164,25.489999771118164,25.489999771118164,25.489999771118164,159,0.0,0.0
2023-05-23 13:30:00-04:00,25.489999771118164,25.489999771118164,25.489999771118164,25.489999771118164,155,0.0,0.0
2023-05-24 11:30:00-04:00,25.010000228881836,25.114999771118164,25.010000228881836,25.114999771118164,0,0.0,0.0
2023-05-24 13:30:00-04:00,25.25,25.540000915527344,25.239999771118164,25.5,0,0.0,0.0
2023-05-25 15:30:00-04:00,25.190000534057617,25.190000534057617,25.190000534057617,25.190000534057617,342,0.0,0.0
2023-05-26 10:30:00-04:00,25.760000228881836,25.760000228881836,25.760000228881836,25.760000228881836,0,0.0,0.0
2023-05-26 14:30:00-04:00,25.729999542236328,25.729999542236328,25.729999542236328,25.729999542236328,135,0.0,0.0
2023-05-26 15:30:00-04:00,25.420000076293945,25.420000076293945,25.420000076293945,25.420000076293945,141,0.0,0.0
2023-05-30 11:30:00-04:00,25.42009925842285,25.42009925842285,25.42009925842285,25.42009925842285,1707,0.0,0.0
2023-05-31 12:30:00-04:00,25.59000015258789,25.59000015258789,25.59000015258789,25.59000015258789,0,0.0,0.0
2023-05-31 15:30:00-04:00,25.709999084472656,25.739999771118164,25.489999771118164,25.5,1160,0.0,0.0
2023-06-01 10:30:00-04:00,25.5,25.5,25.399999618530273,25.5,622,0.0,0.0
2023-06-01 12:30:00-04:00,25.5,25.5,25.5,25.5,120,0.0,0.0
2023-06-01 14:30:00-04:00,25.549699783325195,25.549699783325195,25.530000686645508,25.530099868774414,0,0.0,0.0
2023-06-02 10:30:00-04:00,25.579999923706055,25.59000015258789,25.579999923706055,25.59000015258789,600,0.0,0.0
2023-06-02 14:30:00-04:00,25.489999771118164,25.5,25.489999771118164,25.5,5329,0.0,0.0
2023-06-02 15:30:00-04:00,25.719999313354492,25.75,25.719999313354492,25.719999313354492,1053,0.0,0.0
2023-06-05 09:30:00-04:00,25.75,25.75,25.75,25.75,0,0.0,0.0
2023-06-06 09:30:00-04:00,25.5,25.5,25.5,25.5,899,0.0,0.0
2023-06-06 13:30:00-04:00,25.530000686645508,25.530000686645508,25.530000686645508,25.530000686645508,153,0.0,0.0
2023-06-06 15:30:00-04:00,25.639999389648438,25.639999389648438,25.639999389648438,25.639999389648438,0,0.0,0.0
2023-06-07 10:30:00-04:00,25.562999725341797,25.562999725341797,25.562999725341797,25.562999725341797,745,0.0,0.0
2023-06-08 12:30:00-04:00,25.75,25.75,25.75,25.75,268,0.0,0.0
2023-06-09 15:30:00-04:00,25.75,25.75,25.75,25.75,181,0.0,0.0
2023-06-12 10:30:00-04:00,25.3700008392334,25.75,25.3700008392334,25.75,0,0.0,0.0
2023-06-13 13:30:00-04:00,25.469999313354492,25.5,25.469999313354492,25.5,598,0.0,0.0
2023-06-13 14:30:00-04:00,25.5,25.5,25.5,25.5,0,0.0,0.0
2023-06-14 10:30:00-04:00,25.15999984741211,25.15999984741211,25.110000610351562,25.110000610351562,1069,0.0,0.0
2023-06-14 11:30:00-04:00,24.920000076293945,24.920000076293945,24.920000076293945,24.920000076293945,0,0.0,0.0
2023-06-15 11:30:00-04:00,24.989999771118164,25.0,24.989999771118164,25.0,2119,0.0,0.0
2023-06-16 15:30:00-04:00,25.0,25.0,25.0,25.0,0,0.0,0.0
2023-06-20 09:30:00-04:00,24.90999984741211,24.90999984741211,24.90999984741211,24.90999984741211,62,0.0,0.0
2023-06-20 11:30:00-04:00,24.979999542236328,24.979999542236328,24.979999542236328,24.979999542236328,299,0.0,0.0
2023-06-20 12:30:00-04:00,25.0,25.0,25.0,25.0,1354,0.0,0.0
2023-06-20 15:30:00-04:00,24.950000762939453,25.0,24.950000762939453,24.98590087890625,0,0.0,0.0
2023-06-21 14:30:00-04:00,24.889999389648438,24.889999389648438,24.889999389648438,24.889999389648438,176,0.0,0.0
2023-06-21 15:30:00-04:00,25.0,25.0,25.0,25.0,100,0.0,0.0
2023-06-23 09:30:00-04:00,24.8700008392334,24.8700008392334,24.8700008392334,24.8700008392334,0,0.0,0.0
2023-06-26 12:30:00-04:00,24.8700008392334,24.8700008392334,24.799999237060547,24.850000381469727,4061,0.0,0.0
2023-06-26 13:30:00-04:00,24.809999465942383,24.809999465942383,24.71500015258789,24.799999237060547,8812,0.0,0.0
2023-06-26 15:30:00-04:00,24.709999084472656,24.799999237060547,24.700000762939453,24.799999237060547,1588,0.0,0.0
2023-06-27 09:30:00-04:00,24.790000915527344,24.799999237060547,24.678199768066406,24.678199768066406,0,0.0,0.0
2023-06-27 10:30:00-04:00,24.799999237060547,24.799999237060547,24.799999237060547,24.799999237060547,2561,0.0,0.0
2023-06-28 15:30:00-04:00,24.93000030517578,24.93000030517578,24.93000030517578,24.93000030517578,282,0.0,0.0
2023-06-29 13:30:00-04:00,24.899999618530273,24.899999618530273,24.899999618530273,24.899999618530273,80,0.0,0.0
2023-06-30 09:30:00-04:00,25.239999771118164,25.25,25.239999771118164,25.25,226,0.0,0.0
2023-06-30 10:30:00-04:00,25.0,25.0,25.0,25.0,200,0.0,0.0
2023-06-30 11:30:00-04:00,25.0,25.0,25.0,25.0,305,0.0,0.0
2023-06-30 12:30:00-04:00,25.0,25.0,25.0,25.0,1133,0.0,0.0
2023-06-30 13:30:00-04:00,25.0,25.0,25.0,25.0,819,0.0,0.0
2023-06-30 14:30:00-04:00,25.100000381469727,25.25,25.100000381469727,25.25,437,0.0,0.0
2023-06-30 15:30:00-04:00,25.25,25.8700008392334,25.25,25.770000457763672,5950,0.0,0.0
2023-07-05 10:30:00-04:00,25.584999084472656,25.584999084472656,25.100099563598633,25.100099563598633,1007,0.0,0.0
2023-07-05 15:30:00-04:00,25.709999084472656,25.889999389648438,25.709999084472656,25.889999389648438,0,0.0,0.0
2023-07-06 14:30:00-04:00,25.780000686645508,25.780000686645508,25.31999969482422,25.329999923706055,200,0.0,0.0
2023-07-07 09:30:00-04:00,24.950000762939453,24.950000762939453,24.809999465942383,24.950000762939453,1446,0.0,0.0
2023-07-11 10:30:00-04:00,25.020000457763672,25.030000686645508,25.010000228881836,25.020000457763672,18,0.0,0.0
2023-07-11 15:30:00-04:00,25.510000228881836,25.510000228881836,25.510000228881836,25.510000228881836,0,0.0,0.0
2023-07-12 12:30:00-04:00,25.469999313354492,25.469999313354492,25.469999313354492,25.469999313354492,127,0.0,0.0
2023-07-12 13:30:00-04:00,25.260000228881836,25.5,25.260000228881836,25.5,450,0.0,0.0
2023-07-12 14:30:00-04:00,25.34000015258789,25.479999542236328,25.34000015258789,25.400100708007812,0,0.0,0.0
2023-07-13 11:30:00-04:00,25.360000610351562,25.399999618530273,25.360000610351562,25.399999618530273,311,0.0,0.0
2023-07-13 12:30:00-04:00,25.25,25.25,25.229999542236328,25.25,201,0.0,0.0
2023-07-17 14:30:00-04:00,25.020000457763672,25.020000457763672,25.020000457763672,25.020000457763672,0,0.0,0.0
2023-07-18 12:30:00-04:00,25.030000686645508,25.030000686645508,25.030000686645508,25.030000686645508,614,0.0,0.0
2023-07-18 15:30:00-04:00,25.030000686645508,25.030000686645508,25.030000686645508,25.030000686645508,0,0.0,0.0
2023-07-21 11:30:00-04:00,25.450000762939453,25.450000762939453,25.450000762939453,25.450000762939453,0,0.0,0.0
2023-07-21 12:30:00-04:00,25.399999618530273,25.399999618530273,25.399999618530273,25.399999618530273,102,0.0,0.0
2023-07-25 11:30:00-04:00,25.006399154663086,25.165000915527344,25.006399154663086,25.165000915527344,209,0.0,0.0
2023-07-25 12:30:00-04:00,25.149999618530273,25.149999618530273,25.149999618530273,25.149999618530273,0,0.0,0.0
2023-07-26 10:30:00-04:00,25.350000381469727,25.350000381469727,25.350000381469727,25.350000381469727,604,0.0,0.0
2023-07-26 11:30:00-04:00,25.100000381469727,25.100000381469727,25.100000381469727,25.100000381469727,0,0.0,0.0
2023-07-27 14:30:00-04:00,25.110000610351562,25.110000610351562,25.110000610351562,25.110000610351562,97,0.0,0.0
2023-07-28 09:30:00-04:00,25.06999969482422,25.079999923706055,25.06999969482422,25.06999969482422,954,0.0,0.0
2023-07-31 15:30:00-04:00,25.5,25.5,25.5,25.5,0,0.0,0.0
2023-08-01 09:30:00-04:00,25.100000381469727,25.100000381469727,25.100000381469727,25.100000381469727,0,0.0,0.0
2023-08-01 15:30:00-04:00,25.102399826049805,25.102399826049805,25.102399826049805,25.102399826049805,31,0.0,0.0
2023-08-02 10:30:00-04:00,24.959999084472656,24.959999084472656,24.889999389648438,24.889999389648438,611,0.0,0.0
2023-08-02 11:30:00-04:00,24.899999618530273,24.899999618530273,24.899999618530273,24.899999618530273,550,0.0,0.0
2023-08-02 13:30:00-04:00,24.973499298095703,24.973499298095703,24.973499298095703,24.973499298095703,227,0.0,0.0
2023-08-03 09:30:00-04:00,24.799999237060547,24.799999237060547,24.666000366210938,24.666000366210938,0,0.0,0.0
2023-08-03 10:30:00-04:00,24.889999389648438,24.899999618530273,24.85849952697754,24.899999618530273,0,0.0,0.0
2023-08-03 15:30:00-04:00,24.889999389648438,24.889999389648438,24.889999389648438,24.889999389648438,4739,0.0,0.0
2023-08-08 09:30:00-04:00,24.899999618530273,24.899999618530273,24.899999618530273,24.899999618530273,625,0.0,0.0
2023-08-10 13:30:00-04:00,24.950000762939453,24.950000762939453,24.950000762939453,24.950000762939453,0,0.0,0.0
2023-08-11 11:30:00-04:00,25.821399688720703,25.821399688720703,25.821399688720703,25.821399688720703,520,0.0,0.0
2023-08-14 10:30:00-04:00,24.820999145507812,24.820999145507812,24.820999145507812,24.820999145507812,792,0.0,0.0
2023-08-15 09:30:00-04:00,25.100000381469727,25.100000381469727,25.100000381469727,25.100000381469727,0,0.0,0.0
2023-08-15 14:30:00-04:00,25.100000381469727,25.100000381469727,25.100000381469727,25.100000381469727,214,0.0,0.0
2023-08-15 15:30:00-04:00,25.100000381469727,25.100000381469727,25.100000381469727,25.100000381469727,1050,0.0,0.0
2023-08-16 09:30:00-04:00,25.18000030517578,25.18000030517578,25.100099563598633,25.100099563598633,377,0.0,0.0
2023-08-16 11:30:00-04:00,25.110000610351562,25.110000610351562,25.100000381469727,25.100000381469727,4555,0.0,0.0
2023-08-16 13:30:00-04:00,24.899999618530273,24.899999618530273,24.899999618530273,24.899999618530273,164,0.0,0.0
2023-08-16 15:30:00-04:00,24.889999389648438,24.889999389648438,24.889999389648438,24.889999389648438,0,0.0,0.0
2023-08-17 10:30:00-04:00,24.915000915527344,24.915000915527344,24.915000915527344,24.915000915527344,4357,0.0,0.0
2023-08-18 09:30:00-04:00,24.8799991607666,24.8799991607666,24.8799991607666,24.8799991607666,0,0.0,0.0
2023-08-18 10:30:00-04:00,25.0,25.0,25.0,25.0,0,0.0,0.0
2023-08-18 12:30:00-04:00,25.007999420166016,25.007999420166016,25.007999420166016,25.007999420166016,817,0.0,0.0
2023-08-18 13:30:00-04:00,25.000999450683594,25.000999450683594,25.0,25.0,786,0.0,0.0
2023-08-21 15:30:00-04:00,25.149999618530273,25.149999618530273,25.149999618530273,25.149999618530273,111,0.0,0.0
2023-08-23 10:30:00-04:00,25.43000030517578,25.43000030517578,25.43000030517578,25.43000030517578,126,0.0,0.0
2023-08-23 11:30:00-04:00,25.43000030517578,25.43000030517578,25.43000030517578,25.43000030517578,200,0.0,0.0
2023-08-23 14:30:00-04:00,25.43000030517578,25.43000030517578,25.219999313354492,25.219999313354492,409,0.0,0.0
2023-08-23 15:30:00-04:00,25.200000762939453,25.200000762939453,25.200000762939453,25.200000762939453,370,0.0,0.0
2023-08-25 11:30:00-04:00,25.0,25.049999237060547,24.969999313354492,24.969999313354492,823,0.0,0.0
2023-08-25 13:30:00-04:00,24.943899154663086,25.049999237060547,24.899999618530273,25.049999237060547,4074,0.0,0.0
2023-08-28 10:30:00-04:00,25.0,25.0,25.0,25.0,121,0.0,0.0
2023-08-28 13:30:00-04:00,25.0,25.0,25.0,25.0,292,0.0,0.0
2023-08-28 14:30:00-04:00,25.190000534057617,25.190000534057617,25.190000534057617,25.190000534057617,0,0.0,0.0
2023-08-29 14:30:00-04:00,24.989999771118164,24.989999771118164,24.989999771118164,24.989999771118164,71,0.0,0.0
2023-08-30 15:30:00-04:00,25.0,25.0,25.0,25.0,200,0.0,0.0
2023-08-31 10:30:00-04:00,25.0,25.0,25.0,25.0,1467,0.0,0.0
2023-08-31 12:30:00-04:00,25.5,25.5,25.200000762939453,25.200000762939453,2649,0.0,0.0
2023-08-31 15:30:00-04:00,25.59000015258789,25.889999389648438,25.59000015258789,25.889999389648438,951,0.0,0.0
2023-09-05 09:30:00-04:00,25.43000030517578,25.43000030517578,25.43000030517578,25.43000030517578,188,0.0,0.0
2023-09-07 09:30:00-04:00,25.43000030517578,25.43000030517578,25.239999771118164,25.31999969482422,0,0.0,0.0
2023-09-08 15:30:00-04:00,25.43000030517578,25.43000030517578,25.43000030517578,25.43000030517578,100,0.0,0.0
2023-09-11 12:30:00-04:00,25.290000915527344,25.290000915527344,25.290000915527344,25.290000915527344,194,0.0,0.0
2023-09-11 14:30:00-04:00,25.31999969482422,25.31999969482422,25.31999969482422,25.31999969482422,0,0.0,0.0
2023-09-19 11:30:00-04:00,25.690000534057617,25.690000534057617,25.690000534057617,25.690000534057617,0,0.0,0.0
2023-09-19 13:30:00-04:00,25.3799991607666,25.3799991607666,25.3799991607666,25.3799991607666,920,0.0,0.0
2023-09-19 14:30:00-04:00,25.514999389648438,25.514999389648438,25.514999389648438,25.514999389648438,110,0.0,0.0
2023-09-19 15:30:00-04:00,25.510000228881836,25.510000228881836,25.510000228881836,25.510000228881836,0,0.0,0.0
2023-09-20 13:30:00-04:00,25.350099563598633,25.350099563598633,25.350099563598633,25.350099563598633,0,0.0,0.0
2023-09-22 13:30:00-04:00,25.25,25.25,25.25,25.25,233,0.0,0.0
2023-09-22 14:30:00-04:00,25.25,25.25,25.25,25.25,4418,0.0,0.0
2023-09-22 15:30:00-04:00,25.260000228881836,25.260000228881836,25.260000228881836,25.260000228881836,100,0.0,0.0
2023-09-25 09:30:00-04:00,25.420000076293945,25.420000076293945,25.420000076293945,25.420000076293945,0,0.0,0.0
2023-09-25 14:30:00-04:00,25.04599952697754,25.04599952697754,25.04599952697754,25.04599952697754,0,0.0,0.0
2023-09-26 09:30:00-04:00,25.06999969482422,25.06999969482422,25.06999969482422,25.06999969482422,195,0.0,0.0
2023-09-27 11:30:00-04:00,25.100000381469727,25.100000381469727,25.010000228881836,25.010000228881836,595,0.0,0.0
2023-09-27 15:30:00-04:00,25.030000686645508,25.030000686645508,25.030000686645508,25.030000686645508,0,0.0,0.0
2023-09-28 11:30:00-04:00,25.06999969482422,25.06999969482422,25.049999237060547,25.059999465942383,5007,0.0,0.0
2023-09-28 14:30:00-04:00,25.0,25.0,24.8700008392334,24.8700008392334,2551,0.0,0.0
2023-09-28 15:30:00-04:00,25.079999923706055,25.079999923706055,25.079999923706055,25.079999923706055,100,0.0,0.0
2023-09-29 09:30:00-04:00,25.100000381469727,25.3799991607666,25.100000381469727,25.3799991607666,0,0.0,0.0
2023-09-29 11:30:00-04:00,25.200000762939453,25.200000762939453,25.190000534057617,25.190000534057617,322,0.0,0.0
2023-09-29 12:30:00-04:00,25.200000762939453,25.360000610351562,25.100000381469727,25.100000381469727,4166,0.0,0.0
2023-09-29 14:30:00-04:00,25.239999771118164,25.239999771118164,25.239999771118164,25.239999771118164,466,0.0,0.0
2023-09-29 15:30:00-04:00,25.15999984741211,25.15999984741211,25.1299991607666,25.149999618530273,3307,0.0,0.0
2023-10-02 09:30:00-04:00,25.139999389648438,25.139999389648438,25.100000381469727,25.100000381469727,280,0.0,0.0
2023-10-02 12:30:00-04:00,24.8700008392334,24.8700008392334,24.8700008392334,24.8700008392334,291,0.0,0.0
2023-10-02 15:30:00-04:00,24.995899200439453,24.995899200439453,24.995899200439453,24.995899200439453,0,0.0,0.0
2023-10-03 10:30:00-04:00,24.770000457763672,24.770000457763672,24.430700302124023,24.430700302124023,4160,0.0,0.0
2023-10-03 12:30:00-04:00,24.549999237060547,24.549999237060547,24.549999237060547,24.549999237060547,300,0.0,0.0
2023-10-03 14:30:00-04:00,24.3799991607666,24.3799991607666,24.3799991607666,24.3799991607666,280,0.0,0.0
2023-10-04 09:30:00-04:00,24.65999984741211,24.65999984741211,24.65999984741211,24.65999984741211,0,0.0,0.0
2023-10-04 11:30:00-04:00,24.649999618530273,24.65999984741211,24.600000381469727,24.600000381469727,0,0.0,0.0
2023-10-06 10:30:00-04:00,24.75,24.75,24.75,24.75,250,0.0,0.0
2023-10-06 11:30:00-04:00,24.75,24.75,24.75,24.75,1389,0.0,0.0
2023-10-09 13:30:00-04:00,24.850000381469727,24.899999618530273,24.850000381469727,24.899900436401367,0,0.0,0.0
2023-10-13 09:30:00-04:00,25.16990089416504,25.16990089416504,25.16990089416504,25.16990089416504,99,0.0,0.0
2023-10-13 13:30:00-04:00,25.049999237060547,25.049999237060547,25.049999237060547,25.049999237060547,100,0.0,0.0
2023-10-13 14:30:00-04:00,25.09000015258789,25.100000381469727,25.010000228881836,25.010000228881836,1814,0.0,0.0
2023-10-17 14:30:00-04:00,24.8700008392334,25.0,24.8700008392334,25.0,0,0.0,0.0
2023-10-20 14:30:00-04:00,24.709999084472656,24.709999084472656,24.709999084472656,24.709999084472656,89,0.0,0.0
2023-10-26 11:30:00-04:00,24.790000915527344,24.829999923706055,24.790000915527344,24.790000915527344,2087,0.0,0.0
2023-10-26 12:30:00-04:00,24.93090057373047,24.93090057373047,24.93090057373047,24.93090057373047,1400,0.0,0.0
2023-10-26 15:30:00-04:00,24.850000381469727,24.850000381469727,24.850000381469727,24.850000381469727,0,0.0,0.0
2023-10-27 11:30:00-04:00,24.739999771118164,24.937999725341797,24.700000762939453,24.937999725341797,2547,0.0,0.0
2023-10-30 10:30:00-04:00,24.700000762939453,24.700000762939453,24.5,24.510000228881836,2164,0.0,0.0
2023-10-30 11:30:00-04:00,24.600000381469727,24.600000381469727,24.600000381469727,24.600000381469727,0,0.0,0.0
2023-10-30 12:30:00-04:00,24.600000381469727,24.600000381469727,24.600000381469727,24.600000381469727,4013,0.0,0.0
2023-10-30 13:30:00-04:00,24.594999313354492,24.600000381469727,24.5,24.5,2843,0.0,0.0
2023-10-30 14:30:00-04:00,24.5,24.56999969482422,24.5,24.56999969482422,684,0.0,0.0
2023-10-30 15:30:00-04:00,24.639999389648438,24.639999389648438,24.6299991607666,24.6299991607666,0,0.0,0.0
2023-10-31 10:30:00-04:00,24.93000030517578,24.93000030517578,24.93000030517578,24.93000030517578,100,0.0,0.0
2023-10-31 11:30:00-04:00,24.889999389648438,24.889999389648438,24.8700008392334,24.8700008392334,217,0.0,0.0
2023-10-31 12:30:00-04:00,24.829999923706055,24.829999923706055,24.829999923706055,24.829999923706055,230,0.0,0.0
2023-10-31 13:30:00-04:00,24.81999969482422,24.81999969482422,24.81999969482422,24.81999969482422,371,0.0,0.0
2023-11-01 11:30:00-04:00,25.239999771118164,25.239999771118164,25.170000076293945,25.170000076293945,1126,0.0,0.0
2023-11-01 15:30:00-04:00,25.0,25.0,25.0,25.0,617,0.0,0.0
2023-11-02 09:30:00-04:00,25.010000228881836,25.010000228881836,25.010000228881836,25.010000228881836,0,0.0,0.0
2023-11-02 10:30:00-04:00,25.520000457763672,25.520000457763672,25.430599212646484,25.430599212646484,1362,0.0,0.0
2023-11-02 12:30:00-04:00,25.170000076293945,25.170000076293945,25.139999389648438,25.139999389648438,468,0.0,0.0
2023-11-02 14:30:00-04:00,25.139999389648438,25.139999389648438,25.139999389648438,25.139999389648438,0,0.0,0.0
2023-11-03 10:30:00-04:00,25.170000076293945,25.170000076293945,25.16990089416504,25.170000076293945,2464,0.0,0.0
2023-11-03 14:30:00-04:00,25.139999389648438,25.139999389648438,25.139999389648438,25.139999389648438,459,0.0,0.0
2023-11-03 15:30:00-04:00,25.1299991607666,25.1299991607666,25.1299991607666,25.1299991607666,200,0.0,0.0
2023-11-06 10:30:00-05:00,25.18000030517578,25.18000030517578,25.18000030517578,25.18000030517578,0,0.0,0.0
2023-11-06 11:30:00-05:00,25.100000381469727,25.100000381469727,25.100000381469727,25.100000381469727,105,0.0,0.0
2023-11-06 14:30:00-05:00,24.93000030517578,24.93000030517578,24.93000030517578,24.93000030517578,0,0.0,0.0
2023-11-08 09:30:00-05:00,24.924999237060547,25.0,24.924999237060547,24.950000762939453,1113,0.0,0.0
2023-11-08 12:30:00-05:00,24.925500869750977,24.925500869750977,24.925500869750977,24.925500869750977,0,0.0,0.0
2023-11-09 11:30:00-05:00,24.979999542236328,24.989999771118164,24.959999084472656,24.959999084472656,404,0.0,0.0
2023-11-09 12:30:00-05:00,24.989999771118164,24.989999771118164,24.97570037841797,24.97570037841797,600,0.0,0.0
2023-11-09 13:30:00-05:00,24.975000381469727,24.975000381469727,24.975000381469727,24.975000381469727,100,0.0,0.0
2023-11-10 10:30:00-05:00,24.920000076293945,24.920000076293945,24.90999984741211,24.90999984741211,400,0.0,0.0
2023-11-10 11:30:00-05:00,24.900100708007812,24.900100708007812,24.900100708007812,24.900100708007812,391,0.0,0.0
2023-11-10 12:30:00-05:00,24.920000076293945,24.920000076293945,24.90999984741211,24.90999984741211,562,0.0,0.0
2023-11-13 13:30:00-05:00,24.950000762939453,24.950000762939453,24.950000762939453,24.950000762939453,0,0.0,0.0
2023-11-13 15:30:00-05:00,24.950000762939453,24.950000762939453,24.950000762939453,24.950000762939453,167,0.0,0.0
2023-11-14 09:30:00-05:00,24.950000762939453,24.950000762939453,24.799999237060547,24.799999237060547,2694,0.0,0.0
2023-11-14 10:30:00-05:00,24.920000076293945,24.920000076293945,24.920000076293945,24.920000076293945,324,0.0,0.0
2023-11-14 11:30:00-05:00,24.899999618530273,24.899999618530273,24.899999618530273,24.899999618530273,1022,0.0,0.0
2023-11-14 15:30:00-05:00,24.93000030517578,24.93000030517578,24.93000030517578,24.93000030517578,0,0.0,0.0
2023-11-15 13:30:00-05:00,24.890300750732422,24.890300750732422,24.890300750732422,24.890300750732422,1181,0.0,0.0
2023-11-15 14:30:00-05:00,24.8700008392334,24.8700008392334,24.850000381469727,24.850000381469727,1148,0.0,0.0
2023-11-16 09:30:00-05:00,24.89539909362793,24.89539909362793,24.8700008392334,24.8700008392334,1260,0.0,0.0
2023-11-16 11:30:00-05:00,24.8799991607666,24.8799991607666,24.8799991607666,24.8799991607666,202,0.0,0.0
2023-11-17 09:30:00-05:00,24.940000534057617,24.940000534057617,24.940000534057617,24.940000534057617,0,0.0,0.0
2023-11-17 11:30:00-05:00,24.849700927734375,24.850000381469727,24.849700927734375,24.850000381469727,1159,0.0,0.0
2023-11-17 13:30:00-05:00,24.850000381469727,24.850000381469727,24.849899291992188,24.849899291992188,2001,0.0,0.0
2023-11-20 09:30:00-05:00,24.899599075317383,24.899999618530273,24.899599075317383,24.899999618530273,0,0.0,0.0
2023-11-20 14:30:00-05:00,24.887300491333008,24.887300491333008,24.887300491333008,24.887300491333008,501,0.0,0.0
2023-11-21 09:30:00-05:00,24.889999389648438,24.889999389648438,24.889999389648438,24.889999389648438,0,0.0,0.0
2023-11-21 10:30:00-05:00,24.889999389648438,24.90999984741211,24.889999389648438,24.899999618530273,3315,0.0,0.0
2023-11-21 11:30:00-05:00,24.850000381469727,24.850000381469727,24.850000381469727,24.850000381469727,0,0.0,0.0
2023-11-22 11:30:00-05:00,24.809999465942383,24.8799991607666,24.809999465942383,24.850000381469727,1657,0.0,0.0
2023-11-27 09:30:00-05:00,24.770000457763672,24.770000457763672,24.75,24.75,0,0.0,0.0
2023-11-27 10:30:00-05:00,24.79960060119629,24.79960060119629,24.75,24.75,1150,0.0,0.0
2023-11-27 13:30:00-05:00,24.850000381469727,24.850000381469727,24.850000381469727,24.850000381469727,175,0.0,0.0
2023-11-27 14:30:00-05:00,24.850000381469727,24.850000381469727,24.850000381469727,24.850000381469727,0,0.0,0.0
2023-11-28 09:30:00-05:00,24.850000381469727,24.850000381469727,24.709999084472656,24.709999084472656,2994,0.0,0.0
2023-11-28 11:30:00-05:00,24.940000534057617,24.940000534057617,24.940000534057617,24.940000534057617,0,0.0,0.0
2023-11-28 13:30:00-05:00,24.950000762939453,24.950000762939453,24.950000762939453,24.950000762939453,3726,0.0,0.0
2023-11-28 14:30:00-05:00,24.729999542236328,24.729999542236328,24.729999542236328,24.729999542236328,0,0.0,0.0
2023-11-29 10:30:00-05:00,24.93000030517578,24.940000534057617,24.93000030517578,24.93000030517578,800,0.0,0.0
2023-11-29 11:30:00-05:00,24.850000381469727,24.850000381469727,24.850000381469727,24.850000381469727,1100,0.0,0.0
2023-11-29 13:30:00-05:00,24.950000762939453,24.950000762939453,24.950000762939453,24.950000762939453,822,0.0,0.0
2023-11-29 14:30:00-05:00,24.950000762939453,25.049999237060547,24.950000762939453,25.049999237060547,0,0.0,0.0
2023-11-30 12:30:00-05:00,25.260000228881836,25.353900909423828,25.260000228881836,25.353900909423828,624,0.0,0.0
2023-11-30 15:30:00-05:00,25.479999542236328,25.479999542236328,25.25,25.25,2133,0.0,0.0
2023-12-04 09:30:00-05:00,25.270000457763672,25.270000457763672,25.270000457763672,25.270000457763672,275,0.0,0.0
2023-12-04 10:30:00-05:00,25.200000762939453,25.200000762939453,25.200000762939453,25.200000762939453,0,0.0,0.0
2023-12-05 15:30:00-05:00,25.020000457763672,25.020000457763672,25.020000457763672,25.020000457763672,0,0.0,0.0
2023-12-06 11:30:00-05:00,25.020000457763672,25.020000457763672,25.020000457763672,25.020000457763672,301,0.0,0.0
2023-12-06 14:30:00-05:00,24.94499969482422,25.100000381469727,24.94499969482422,25.100000381469727,0,0.0,0.0
2023-12-08 09:30:00-05:00,25.530000686645508,25.530000686645508,25.200000762939453,25.200000762939453,1098,0.0,0.0
2023-12-08 15:30:00-05:00,25.479999542236328,25.479999542236328,25.309999465942383,25.309999465942383,950,0.0,0.0
2023-12-11 14:30:00-05:00,25.110000610351562,25.110000610351562,25.110000610351562,25.110000610351562,900,0.0,0.0
2023-12-12 09:30:00-05:00,25.149999618530273,25.15999984741211,25.149999618530273,25.15999984741211,400,0.0,0.0
2023-12-12 10:30:00-05:00,25.1299991607666,25.15999984741211,25.1299991607666,25.145000457763672,0,0.0,0.0
2023-12-14 11:30:00-05:00,25.271699905395508,25.271699905395508,25.271699905395508,25.271699905395508,383,0.0,0.0
2023-12-14 15:30:00-05:00,25.182300567626953,25.182300567626953,25.182300567626953,25.182300567626953,1200,0.0,0.0
2023-12-18 13:30:00-05:00,25.209999084472656,25.28059959411621,25.200000762939453,25.28059959411621,57,0.0,0.0
2023-12-18 15:30:00-05:00,25.263500213623047,25.263500213623047,25.263500213623047,25.263500213623047,0,0.0,0.0
2023-12-19 09:30:00-05:00,25.20159912109375,25.20159912109375,25.20159912109375,25.20159912109375,277,0.0,0.0
2023-12-20 09:30:00-05:00,25.229999542236328,25.229999542236328,25.200000762939453,25.200000762939453,960,0.0,0.0
2023-12-20 14:30:00-05:00,25.1299991607666,25.1299991607666,25.1299991607666,25.1299991607666,457,0.0,0.0
2023-12-20 15:30:00-05:00,25.139999389648438,25.139999389648438,25.1200008392334,25.1299991607666,0,0.0,0.0
2023-12-21 14:30:00-05:00,25.270000457763672,25.329999923706055,25.270000457763672,25.299999237060547,1140,0.0,0.0
2023-12-21 15:30:00-05:00,25.290000915527344,25.290000915527344,25.290000915527344,25.290000915527344,0,0.0,0.0
2023-12-22 09:30:00-05:00,25.139999389648438,25.139999389648438,25.1200008392334,25.1200008392334,700,0.0,0.0
2023-12-22 10:30:00-05:00,25.1200008392334,25.18000030517578,25.1200008392334,25.18000030517578,606,0.0,0.0
2023-12-22 12:30:00-05:00,25.18000030517578,25.18000030517578,25.18000030517578,25.18000030517578,135,0.0,0.0
2023-12-22 13:30:00-05:00,25.15999984741211,25.15999984741211,25.139999389648438,25.139999389648438,1221,0.0,0.0
2023-12-22 14:30:00-05:00,25.139999389648438,25.139999389648438,25.100000381469727,25.100000381469727,4411,0.0,0.0
2023-12-22 15:30:00-05:00,25.100000381469727,25.100000381469727,25.100000381469727,25.100000381469727,100,0.0,0.0
2023-12-26 14:30:00-05:00,25.141399383544922,25.141399383544922,25.141399383544922,25.141399383544922,0,0.0,0.0
2023-12-26 15:30:00-05:00,25.36720085144043,25.530000686645508,25.36720085144043,25.510000228881836,3600,0.0,0.0
2023-12-27 09:30:00-05:00,25.510000228881836,25.510000228881836,25.510000228881836,25.510000228881836,0,0.0,0.0
2023-12-27 12:30:00-05:00,25.299999237060547,25.31999969482422,25.299999237060547,25.31999969482422,661,0.0,0.0
2023-12-27 15:30:00-05:00,25.52989959716797,25.8799991607666,25.489999771118164,25.78059959411621,0,0.0,0.0
2023-12-28 13:30:00-05:00,25.78499984741211,25.825000762939453,25.78499984741211,25.825000762939453,324,0.0,0.0
2023-12-28 14:30:00-05:00,25.81999969482422,25.81999969482422,25.530000686645508,25.549999237060547,0,0.0,0.0
2023-12-29 10:30:00-05:00,25.690000534057617,25.729999542236328,25.690000534057617,25.709999084472656,479,0.0,0.0
2023-12-29 11:30:00-05:00,25.704500198364258,25.709999084472656,25.65999984741211,25.65999984741211,698,0.0,0.0
2023-12-29 12:30:00-05:00,25.65999984741211,25.65999984741211,25.649999618530273,25.649999618530273,725,0.0,0.0
2023-12-29 15:30:00-05:00,25.6200008392334,25.6200008392334,25.6200008392334,25.6200008392334,310,0.0,0.0
2024-01-02 11:30:00-05:00,25.459999084472656,25.459999084472656,25.459999084472656,25.459999084472656,55,0.0,0.0
2024-01-03 09:30:00-05:00,25.34000015258789,25.450000762939453,25.34000015258789,25.450000762939453,1919,0.0,0.0
2024-01-04 09:30:00-05:00,25.309999465942383,25.309999465942383,25.309999465942383,25.309999465942383,0,0.0,0.0
2024-01-04 13:30:00-05:00,25.360000610351562,25.559999465942383,25.329999923706055,25.559999465942383,1627,0.0,0.0
2024-01-04 14:30:00-05:00,25.540000915527344,25.540000915527344,25.540000915527344,25.540000915527344,0,0.0,0.0
2024-01-05 10:30:00-05:00,25.549999237060547,25.549999237060547,25.549999237060547,25.549999237060547,246,0.0,0.0
2024-01-08 10:30:00-05:00,25.31999969482422,25.31999969482422,25.30030059814453,25.30030059814453,894,0.0,0.0
2024-01-08 14:30:00-05:00,25.450000762939453,25.549999237060547,25.450000762939453,25.549999237060547,0,0.0,0.0
2024-01-09 09:30:00-05:00,25.43000030517578,25.43000030517578,25.43000030517578,25.43000030517578,216,0.0,0.0
2024-01-09 14:30:00-05:00,25.399999618530273,25.399999618530273,25.399999618530273,25.399999618530273,0,0.0,0.0
2024-01-10 13:30:00-05:00,25.29010009765625,25.489999771118164,25.29010009765625,25.489999771118164,277,0.0,0.0
2024-01-11 11:30:00-05:00,25.520000457763672,25.520000457763672,25.520000457763672,25.520000457763672,0,0.0,0.0
2024-01-16 10:30:00-05:00,25.280000686645508,25.280000686645508,25.280000686645508,25.280000686645508,217,0.0,0.0
2024-01-16 11:30:00-05:00,25.479999542236328,25.479999542236328,25.479999542236328,25.479999542236328,0,0.0,0.0
2024-01-17 11:30:00-05:00,25.150100708007812,25.150100708007812,25.150100708007812,25.150100708007812,144,0.0,0.0
2024-01-18 11:30:00-05:00,25.315000534057617,25.315000534057617,25.25,25.25,361,0.0,0.0
2024-01-18 15:30:00-05:00,25.15999984741211,25.15999984741211,25.15999984741211,25.15999984741211,0,0.0,0.0
2024-01-19 10:30:00-05:00,25.22599983215332,25.22599983215332,25.22599983215332,25.22599983215332,813,0.0,0.0
2024-01-19 13:30:00-05:00,25.09280014038086,25.09280014038086,25.09280014038086,25.09280014038086,350,0.0,0.0
2024-01-22 09:30:00-05:00,25.149999618530273,25.149999618530273,25.149999618530273,25.149999618530273,0,0.0,0.0
2024-01-22 11:30:00-05:00,25.25,25.25,25.25,25.25,200,0.0,0.0
2024-01-22 13:30:00-05:00,25.25,25.25,25.25,25.25,349,0.0,0.0
2024-01-23 09:30:00-05:00,25.520000457763672,25.520000457763672,25.520000457763672,25.520000457763672,0,0.0,0.0
2024-01-23 14:30:00-05:00,25.5,25.5,25.5,25.5,0,0.0,0.0
2024-01-24 12:30:00-05:00,25.459999084472656,25.53499984741211,25.459999084472656,25.459999084472656,505,0.0,0.0
2024-01-25 09:30:00-05:00,25.1299991607666,25.360000610351562,25.1299991607666,25.15999984741211,3652,0.0,0.0
2024-01-25 10:30:00-05:00,25.350000381469727,25.350000381469727,25.350000381469727,25.350000381469727,200,0.0,0.0
2024-01-25 11:30:00-05:00,25.389999389648438,25.389999389648438,25.389999389648438,25.389999389648438,244,0.0,0.0
2024-01-25 12:30:00-05:00,25.3700008392334,25.3700008392334,25.3700008392334,25.3700008392334,1345,0.0,0.0
2024-01-25 13:30:00-05:00,25.350000381469727,25.350000381469727,25.350000381469727,25.350000381469727,554,0.0,0.0
2024-01-25 15:30:00-05:00,25.130599975585938,25.506500244140625,25.130599975585938,25.454599380493164,0,0.0,0.0
2024-01-26 11:30:00-05:00,25.399999618530273,25.75,25.399999618530273,25.56559944152832,974,0.0,0.0
2024-01-26 15:30:00-05:00,25.559999465942383,25.559999465942383,25.559999465942383,25.559999465942383,126,0.0,0.0
2024-01-29 12:30:00-05:00,25.405000686645508,25.405000686645508,25.405000686645508,25.405000686645508,0,0.0,0.0
2024-01-30 09:30:00-05:00,25.420000076293945,25.420000076293945,25.350000381469727,25.350000381469727,220,0.0,0.0
2024-01-31 09:30:00-05:00,25.399999618530273,25.399999618530273,25.399999618530273,25.399999618530273,0,0.0,0.0
2024-01-31 11:30:00-05:00,25.34000015258789,25.350000381469727,25.34000015258789,25.350000381469727,200,0.0,0.0
2024-01-31 12:30:00-05:00,25.3700008392334,25.3700008392334,25.3700008392334,25.3700008392334,125,0.0,0.0
2024-01-31 13:30:00-05:00,25.399999618530273,25.399999618530273,25.399999618530273,25.399999618530273,106,0.0,0.0
2024-01-31 14:30:00-05:00,25.399999618530273,25.43000030517578,25.399999618530273,25.43000030517578,311,0.0,0.0
2024-01-31 15:30:00-05:00,25.450000762939453,25.450000762939453,25.329999923706055,25.329999923706055,280,0.0,0.0
2024-02-01 09:30:00-05:00,25.31999969482422,25.31999969482422,25.299999237060547,25.299999237060547,2649,0.0,0.0
2024-02-01 12:30:00-05:00,25.3700008392334,25.3700008392334,25.360000610351562,25.360000610351562,836,0.0,0.0
2024-02-01 14:30:00-05:00,25.404499053955078,25.404499053955078,25.404499053955078,25.404499053955078,1125,0.0,0.0
2024-02-01 15:30:00-05:00,25.485000610351562,25.485000610351562,25.450000762939453,25.450000762939453,0,0.0,0.0
2024-02-02 12:30:00-05:00,25.399999618530273,25.40999984741211,25.350000381469727,25.350000381469727,619,0.0,0.0
2024-02-06 09:30:00-05:00,25.524999618530273,25.524999618530273,25.524999618530273,25.524999618530273,0,0.0,0.0
2024-02-06 12:30:00-05:00,25.469999313354492,25.469999313354492,25.270000457763672,25.327800750732422,0,0.0,0.0
2024-02-08 12:30:00-05:00,25.350000381469727,25.3700008392334,25.350000381469727,25.350000381469727,689,0.0,0.0
2024-02-08 13:30:00-05:00,25.350000381469727,25.360000610351562,25.34000015258789,25.34000015258789,0,0.0,0.0
2024-02-09 11:30:00-05:00,25.31999969482422,25.31999969482422,25.309999465942383,25.31999969482422,565,0.0,0.0
2024-02-09 13:30:00-05:00,25.45039939880371,25.6299991607666,25.45039939880371,25.600000381469727,3049,0.0,0.0
2024-02-09 14:30:00-05:00,25.520000457763672,25.520000457763672,25.520000457763672,25.520000457763672,334,0.0,0.0
2024-02-09 15:30:00-05:00,25.700000762939453,25.700000762939453,25.700000762939453,25.700000762939453,369,0.0,0.0
2024-02-12 10:30:00-05:00,25.549999237060547,25.549999237060547,25.549999237060547,25.549999237060547,0,0.0,0.0
2024-02-12 14:30:00-05:00,25.780000686645508,25.780000686645508,25.649999618530273,25.649999618530273,722,0.0,0.0
2024-02-12 15:30:00-05:00,25.75,25.75,25.700000762939453,25.700000762939453,0,0.0,0.0
2024-02-13 09:30:00-05:00,25.479999542236328,25.780000686645508,25.479999542236328,25.780000686645508,901,0.0,0.0
2024-02-13 13:30:00-05:00,25.549999237060547,25.559999465942383,25.549999237060547,25.559999465942383,0,0.0,0.0
2024-02-14 11:30:00-05:00,25.399999618530273,25.399999618530273,25.399999618530273,25.399999618530273,552,0.0,0.0
2024-02-14 13:30:00-05:00,25.577899932861328,25.577899932861328,25.577899932861328,25.577899932861328,185,0.0,0.0
2024-02-15 14:30:00-05:00,25.56999969482422,25.56999969482422,25.56999969482422,25.56999969482422,171,0.0,0.0
2024-02-16 09:30:00-05:00,25.889999389648438,25.889999389648438,25.889999389648438,25.889999389648438,0,0.0,0.0
2024-02-16 10:30:00-05:00,25.700000762939453,25.700000762939453,25.700000762939453,25.700000762939453,267,0.0,0.0
2024-02-16 11:30:00-05:00,25.610000610351562,25.610000610351562,25.610000610351562,25.610000610351562,100,0.0,0.0
2024-02-16 12:30:00-05:00,25.6200008392334,25.6200008392334,25.6200008392334,25.6200008392334,105,0.0,0.0
2024-02-16 14:30:00-05:00,25.6299991607666,25.6299991607666,25.6299991607666,25.6299991607666,121,0.0,0.0
2024-02-20 10:30:00-05:00,25.549999237060547,25.549999237060547,25.489999771118164,25.489999771118164,1334,0.0,0.0
2024-02-20 14:30:00-05:00,25.479999542236328,25.479999542236328,25.479999542236328,25.479999542236328,0,0.0,0.0
2024-02-23 12:30:00-05:00,25.649999618530273,25.649999618530273,25.559999465942383,25.639999389648438,1709,0.0,0.0
2024-02-26 13:30:00-05:00,25.809999465942383,25.809999465942383,25.610000610351562,25.610000610351562,0,0.0,0.0
2024-02-27 14:30:00-05:00,25.670000076293945,25.670000076293945,25.670000076293945,25.670000076293945,102,0.0,0.0
2024-02-27 15:30:00-05:00,25.790000915527344,25.790000915527344,25.65060043334961,25.65060043334961,0,0.0,0.0
2024-02-29 15:30:00-05:00,25.709999084472656,25.709999084472656,25.6200008392334,25.6200008392334,347,0.0,0.0
2024-03-01 11:30:00-05:00,25.600000381469727,25.600000381469727,25.600000381469727,25.600000381469727,532,0.0,0.0
2024-03-04 12:30:00-05:00,25.259599685668945,25.259599685668945,25.259599685668945,25.259599685668945,0,0.0,0.0
2024-03-04 14:30:00-05:00,25.40999984741211,25.43000030517578,25.40999984741211,25.43000030517578,0,0.0,0.0
2024-03-06 09:30:00-05:00,25.549999237060547,25.549999237060547,25.549999237060547,25.549999237060547,0,0.0,0.0
2024-03-06 10:30:00-05:00,25.549999237060547,25.549999237060547,25.549999237060547,25.549999237060547,761,0.0,0.0
2024-03-06 11:30:00-05:00,25.541099548339844,25.541099548339844,25.541099548339844,25.541099548339844,778,0.0,0.0
2024-03-06 15:30:00-05:00,25.549999237060547,25.549999237060547,25.549999237060547,25.549999237060547,0,0.0,0.0
2024-03-07 09:30:00-05:00,25.860000610351562,25.929399490356445,25.860000610351562,25.929399490356445,749,0.0,0.0
2024-03-07 10:30:00-05:00,25.850000381469727,25.950000762939453,25.850000381469727,25.950000762939453,3159,0.0,0.0
2024-03-07 13:30:00-05:00,25.760099411010742,25.850000381469727,25.760099411010742,25.850000381469727,0,0.0,0.0
2024-03-08 09:30:00-05:00,25.969999313354492,26.040000915527344,25.969999313354492,26.040000915527344,2501,0.0,0.0
2024-03-08 10:30:00-05:00,26.079999923706055,26.079999923706055,26.079999923706055,26.079999923706055,246,0.0,0.0
2024-03-08 13:30:00-05:00,26.11669921875,26.11669921875,26.11669921875,26.11669921875,522,0.0,0.0
2024-03-08 14:30:00-05:00,26.18000030517578,26.219999313354492,26.18000030517578,26.219999313354492,530,0.0,0.0
2024-03-08 15:30:00-05:00,26.229999542236328,26.229999542236328,26.229999542236328,26.229999542236328,434,0.0,0.0
2024-03-11 09:30:00-04:00,26.25,26.25,26.25,26.25,0,0.0,0.0
2024-03-12 09:30:00-04:00,26.139999389648438,26.139999389648438,26.139999389648438,26.139999389648438,332,0.0,0.0
2024-03-12 10:30:00-04:00,25.8799991607666,25.889999389648438,25.8799991607666,25.889999389648438,1267,0.0,0.0
2024-03-12 13:30:00-04:00,25.59000015258789,25.600000381469727,25.59000015258789,25.600000381469727,300,0.0,0.0
2024-03-12 14:30:00-04:00,25.639999389648438,25.639999389648438,25.6299991607666,25.6299991607666,704,0.0,0.0
2024-03-12 15:30:00-04:00,25.649999618530273,25.649999618530273,25.649999618530273,25.649999618530273,0,0.0,0.0
2024-03-13 11:30:00-04:00,25.6200008392334,25.6299991607666,25.600000381469727,25.6200008392334,991,0.0,0.0
2024-03-13 12:30:00-04:00,25.6299991607666,25.6299991607666,25.510000228881836,25.510000228881836,1200,0.0,0.0
2024-03-13 13:30:00-04:00,25.530000686645508,25.530000686645508,25.290000915527344,25.450000762939453,11578,0.0,0.0
2024-03-13 14:30:00-04:00,25.40999984741211,25.40999984741211,25.350000381469727,25.3700008392334,1300,0.0,0.0
2024-03-13 15:30:00-04:00,25.350000381469727,25.40999984741211,25.270000457763672,25.3700008392334,3116,0.0,0.0
2024-03-14 09:30:00-04:00,25.350000381469727,25.350000381469727,25.190000534057617,25.190000534057617,2729,0.0,0.0
2024-03-14 11:30:00-04:00,25.25,25.280000686645508,25.25,25.280000686645508,300,0.0,0.0
2024-03-14 12:30:00-04:00,25.280000686645508,25.42289924621582,25.1200008392334,25.42289924621582,7212,0.0,0.0
2024-03-18 10:30:00-04:00,25.300600051879883,25.300600051879883,25.299999237060547,25.299999237060547,525,0.0,0.0
2024-03-18 11:30:00-04:00,25.292200088500977,25.350000381469727,25.292200088500977,25.350000381469727,872,0.0,0.0
2024-03-18 14:30:00-04:00,25.309999465942383,25.309999465942383,25.309999465942383,25.309999465942383,195,0.0,0.0
2024-03-18 15:30:00-04:00,25.309999465942383,25.309999465942383,25.309999465942383,25.309999465942383,200,0.0,0.0
2024-03-19 11:30:00-04:00,25.389999389648438,25.389999389648438,25.389999389648438,25.389999389648438,487,0.0,0.0
2024-03-19 12:30:00-04:00,25.3700008392334,25.5,25.059999465942383,25.5,5820,0.0,0.0
2024-03-19 13:30:00-04:00,25.200000762939453,25.200000762939453,25.075000762939453,25.18000030517578,6322,0.0,0.0
2024-03-19 14:30:00-04:00,25.15999984741211,25.200000762939453,25.15999984741211,25.200000762939453,1046,0.0,0.0
2024-03-20 09:30:00-04:00,25.25,25.25,25.25,25.25,0,0.0,0.0
2024-03-20 10:30:00-04:00,25.25,25.280000686645508,25.25,25.280000686645508,480,0.0,0.0
2024-03-20 11:30:00-04:00,25.280000686645508,25.280000686645508,25.229999542236328,25.229999542236328,1013,0.0,0.0
2024-03-20 12:30:00-04:00,25.270000457763672,25.270000457763672,25.270000457763672,25.270000457763672,980,0.0,0.0
2024-03-20 15:30:00-04:00,25.209999084472656,25.209999084472656,25.209999084472656,25.209999084472656,335,0.0,0.0
2024-03-21 09:30:00-04:00,25.329999923706055,25.329999923706055,25.31999969482422,25.31999969482422,767,0.0,0.0
2024-03-21 15:30:00-04:00,25.31999969482422,25.31999969482422,25.31999969482422,25.31999969482422,567,0.0,0.0
2024-03-22 12:30:00-04:00,25.350000381469727,25.350000381469727,25.350000381469727,25.350000381469727,0,0.0,0.0
2024-03-22 14:30:00-04:00,25.260000228881836,25.34000015258789,25.260000228881836,25.34000015258789,667,0.0,0.0
2024-03-25 13:30:00-04:00,25.260000228881836,25.260000228881836,25.2406005859375,25.2406005859375,536,0.0,0.0
2024-03-25 15:30:00-04:00,25.260000228881836,25.260000228881836,25.260000228881836,25.260000228881836,202,0.0,0.0
2024-03-26 09:30:00-04:00,25.239999771118164,25.239999771118164,25.239999771118164,25.239999771118164,3104,0.0,0.0
2024-03-26 12:30:00-04:00,25.29170036315918,25.299400329589844,25.290000915527344,25.299400329589844,1318,0.0,0.0
2024-03-26 15:30:00-04:00,25.299999237060547,25.329999923706055,25.299999237060547,25.329999923706055,696,0.0,0.0
2024-03-27 14:30:00-04:00,25.3700008392334,25.3799991607666,25.309999465942383,25.3700008392334,1988,0.0,0.0
2024-03-27 15:30:00-04:00,25.440000534057617,25.440000534057617,25.40999984741211,25.40999984741211,1379,0.0,0.0
2024-03-28 12:30:00-04:00,25.43000030517578,25.43000030517578,25.43000030517578,25.43000030517578,200,0.0,0.0
2024-03-28 13:30:00-04:00,25.53499984741211,25.53499984741211,25.520700454711914,25.520700454711914,815,0.0,0.0
2024-03-28 15:30:00-04:00,25.260000228881836,25.270000457763672,25.260000228881836,25.260000228881836,773,0.0,0.0
2024-04-01 11:30:00-04:00,25.299999237060547,25.299999237060547,25.299999237060547,25.299999237060547,302,0.0,0.0
2024-04-01 12:30:00-04:00,25.3799991607666,25.3799991607666,25.3700008392334,25.3799991607666,2386,0.0,0.0
2024-04-02 10:30:00-04:00,25.329999923706055,25.329999923706055,25.25,25.25,3854,0.0,0.0
2024-04-02 13:30:00-04:00,25.260000228881836,25.260000228881836,25.260000228881836,25.260000228881836,182,0.0,0.0
2024-04-04 10:30:00-04:00,25.229999542236328,25.229999542236328,25.229999542236328,25.229999542236328,401,0.0,0.0
2024-04-04 13:30:00-04:00,25.200000762939453,25.200000762939453,25.200000762939453,25.200000762939453,400,0.0,0.0
2024-04-04 14:30:00-04:00,25.190000534057617,25.190000534057617,25.149999618530273,25.149999618530273,2112,0.0,0.0
2024-04-04 15:30:00-04:00,25.149999618530273,25.149999618530273,25.149999618530273,25.149999618530273,0,0.0,0.0
2024-04-05 13:30:00-04:00,25.239999771118164,25.239999771118164,25.239999771118164,25.239999771118164,191,0.0,0.0
2024-04-05 14:30:00-04:00,25.239999771118164,25.239999771118164,25.239999771118164,25.239999771118164,200,0.0,0.0
2024-04-08 15:30:00-04:00,25.239999771118164,25.540000915527344,25.239999771118164,25.540000915527344,4068,0.0,0.0
2024-04-10 10:30:00-04:00,25.345500946044922,25.345500946044922,25.345500946044922,25.345500946044922,1080,0.0,0.0
2024-04-10 14:30:00-04:00,25.200000762939453,25.450000762939453,25.200000762939453,25.25,1405,0.0,0.0
2024-04-10 15:30:00-04:00,25.299999237060547,25.299999237060547,25.299999237060547,25.299999237060547,512,0.0,0.0
2024-04-11 14:30:00-04:00,25.149999618530273,25.149999618530273,25.149999618530273,25.149999618530273,339,0.0,0.0
2024-04-12 11:30:00-04:00,25.270000457763672,25.270000457763672,25.270000457763672,25.270000457763672,1138,0.0,0.0
2024-04-15 10:30:00-04:00,25.020000457763672,25.020000457763672,25.020000457763672,25.020000457763672,1470,0.0,0.0
2024-04-15 13:30:00-04:00,25.049999237060547,25.049999237060547,25.049999237060547,25.049999237060547,904,0.0,0.0
2024-04-16 11:30:00-04:00,25.25,25.299999237060547,25.25,25.299999237060547,602,0.0,0.0
2024-04-16 12:30:00-04:00,25.270000457763672,25.270000457763672,25.270000457763672,25.270000457763672,1755,0.0,0.0
2024-04-17 10:30:00-04:00,25.290000915527344,25.290000915527344,25.290000915527344,25.290000915527344,370,0.0,0.0
2024-04-17 11:30:00-04:00,25.479999542236328,25.479999542236328,25.280000686645508,25.280000686645508,867,0.0,0.0
2024-04-19 11:30:00-04:00,25.149999618530273,25.149999618530273,25.149999618530273,25.149999618530273,314,0.0,0.0
2024-04-22 09:30:00-04:00,25.139999389648438,25.149999618530273,25.139999389648438,25.139999389648438,513,0.0,0.0
2024-04-22 14:30:00-04:00,25.13990020751953,25.139999389648438,25.13990020751953,25.139999389648438,456,0.0,0.0
2024-04-22 15:30:00-04:00,25.09000015258789,25.114999771118164,25.09000015258789,25.114999771118164,265,0.0,0.0
2024-04-23 10:30:00-04:00,25.1200008392334,25.1200008392334,25.1200008392334,25.1200008392334,0,0.0,0.0
2024-04-23 12:30:00-04:00,25.189699172973633,25.189699172973633,25.189699172973633,25.189699172973633,496,0.0,0.0
2024-04-23 15:30:00-04:00,25.190000534057617,25.190000534057617,25.190000534057617,25.190000534057617,305,0.0,0.0
2024-04-24 11:30:00-04:00,25.25,25.25,25.25,25.25,0,0.0,0.0
2024-04-26 11:30:00-04:00,25.229999542236328,25.229999542236328,25.229999542236328,25.229999542236328,1985,0.0,0.0
2024-04-29 10:30:00-04:00,25.229999542236328,25.229999542236328,25.229999542236328,25.229999542236328,515,0.0,0.0
2024-04-30 10:30:00-04:00,25.239999771118164,25.239999771118164,25.239999771118164,25.239999771118164,2428,0.0,0.0
2024-05-01 09:30:00-04:00,25.399999618530273,25.399999618530273,25.399999618530273,25.399999618530273,2218,0.0,0.0
2024-05-01 13:30:00-04:00,25.09000015258789,25.09000015258789,25.09000015258789,25.09000015258789,5828,0.0,0.0
2024-05-01 14:30:00-04:00,25.110000610351562,25.110000610351562,25.110000610351562,25.110000610351562,578,0.0,0.0
2024-05-03 11:30:00-04:00,25.414499282836914,25.414499282836914,25.304800033569336,25.304800033569336,4190,0.0,0.0
2024-05-03 13:30:00-04:00,25.200000762939453,25.200000762939453,25.200000762939453,25.200000762939453,2196,0.0,0.0
2024-05-03 14:30:00-04:00,25.260000228881836,25.260000228881836,25.260000228881836,25.260000228881836,993,0.0,0.0
2024-05-06 11:30:00-04:00,25.329999923706055,25.329999923706055,25.329999923706055,25.329999923706055,1841,0.0,0.0
2024-05-06 15:30:00-04:00,25.329999923706055,25.329999923706055,25.329999923706055,25.329999923706055,354,0.0,0.0
2024-05-07 09:30:00-04:00,25.479999542236328,25.479999542236328,25.479999542236328,25.479999542236328,1200,0.0,0.0
2024-05-07 10:30:00-04:00,25.299999237060547,25.299999237060547,25.299999237060547,25.299999237060547,1870,0.0,0.0
2024-05-07 11:30:00-04:00,25.31999969482422,25.31999969482422,25.31999969482422,25.31999969482422,2088,0.0,0.0
2024-05-07 12:30:00-04:00,25.329999923706055,25.329999923706055,25.329999923706055,25.329999923706055,1232,0.0,0.0
2024-05-08 11:30:00-04:00,25.329999923706055,25.329999923706055,25.329999923706055,25.329999923706055,2296,0.0,0.0
2024-05-09 11:30:00-04:00,25.100000381469727,25.100000381469727,25.079999923706055,25.079999923706055,247,0.0,0.0
2024-05-09 12:30:00-04:00,25.23040008544922,25.23040008544922,25.210800170898438,25.210800170898438,2612,0.0,0.0
2024-05-09 15:30:00-04:00,25.149999618530273,25.149999618530273,25.149999618530273,25.149999618530273,260,0.0,0.0
2024-05-10 09:30:00-04:00,25.389999389648438,25.389999389648438,25.389999389648438,25.389999389648438,358,0.0,0.0
2024-05-10 12:30:00-04:00,25.149999618530273,25.149999618530273,25.130699157714844,25.130699157714844,1486,0.0,0.0
2024-05-15 10:30:00-04:00,25.19529914855957,25.19529914855957,25.19529914855957,25.19529914855957,200,0.0,0.0
2024-05-15 11:30:00-04:00,25.208900451660156,25.43000030517578,25.208900451660156,25.309999465942383,4270,0.0,0.0
2024-05-15 14:30:00-04:00,25.5,25.5,25.5,25.5,429,0.0,0.0
2024-05-15 15:30:00-04:00,25.5,25.500099182128906,25.5,25.500099182128906,355,0.0,0.0
2024-05-16 09:30:00-04:00,25.5,25.530000686645508,25.5,25.5,998,0.0,0.0
2024-05-16 15:30:00-04:00,25.489999771118164,25.489999771118164,25.489999771118164,25.489999771118164,188,0.0,0.0
2024-05-17 12:30:00-04:00,25.200000762939453,25.209999084472656,25.200000762939453,25.209999084472656,0,0.0,0.0
2024-05-20 14:30:00-04:00,25.40760040283203,25.461299896240234,25.40760040283203,25.461299896240234,1926,0.0,0.0
2024-05-21 12:30:00-04:00,25.139999389648438,25.139999389648438,25.139999389648438,25.139999389648438,317,0.0,0.0
2024-05-21 13:30:00-04:00,25.290000915527344,25.37150001525879,25.270000457763672,25.37150001525879,1100,0.0,0.0
2024-05-21 14:30:00-04:00,25.290000915527344,25.290000915527344,25.290000915527344,25.290000915527344,437,0.0,0.0
2024-05-21 15:30:00-04:00,25.299999237060547,25.299999237060547,25.299999237060547,25.299999237060547,187,0.0,0.0
2024-05-22 09:30:00-04:00,25.350000381469727,25.350000381469727,25.350000381469727,25.350000381469727,302,0.0,0.0
2024-05-22 11:30:00-04:00,25.46500015258789,25.46500015258789,25.46500015258789,25.46500015258789,277,0.0,0.0
2024-05-22 12:30:00-04:00,25.399999618530273,25.399999618530273,25.399999618530273,25.399999618530273,106,0.0,0.0
2024-05-22 13:30:00-04:00,25.399999618530273,25.399999618530273,25.399999618530273,25.399999618530273,2904,0.0,0.0
2024-05-23 09:30:00-04:00,25.15999984741211,25.15999984741211,25.15999984741211,25.15999984741211,0,0.0,0.0
2024-05-23 11:30:00-04:00,25.15999984741211,25.15999984741211,25.15999984741211,25.15999984741211,263,0.0,0.0
2024-05-23 12:30:00-04:00,25.15999984741211,25.15999984741211,25.15999984741211,25.15999984741211,230,0.0,0.0
2024-05-23 13:30:00-04:00,25.149999618530273,25.149999618530273,25.149999618530273,25.149999618530273,200,0.0,0.0
2024-05-23 14:30:00-04:00,25.1299991607666,25.1299991607666,25.1299991607666,25.1299991607666,328,0.0,0.0
2024-05-24 11:30:00-04:00,25.24650001525879,25.24650001525879,25.24650001525879,25.24650001525879,0,0.0,0.0
2024-05-28 11:30:00-04:00,25.260000228881836,25.260000228881836,25.260000228881836,25.260000228881836,967,0.0,0.0
2024-05-30 10:30:00-04:00,25.31999969482422,25.31999969482422,25.31999969482422,25.31999969482422,334,0.0,0.0
2024-05-31 09:30:00-04:00,25.13010025024414,25.170000076293945,25.13010025024414,25.149999618530273,304,0.0,0.0
2024-05-31 10:30:00-04:00,25.350000381469727,25.350000381469727,25.329999923706055,25.329999923706055,556,0.0,0.0
2024-05-31 11:30:00-04:00,25.450000762939453,25.450000762939453,25.450000762939453,25.450000762939453,227,0.0,0.0
2024-05-31 12:30:00-04:00,25.450000762939453,25.450000762939453,25.450000762939453,25.450000762939453,795,0.0,0.0
2024-06-03 10:30:00-04:00,25.399999618530273,25.399999618530273,25.399999618530273,25.399999618530273,854,0.0,0.0
2024-06-04 15:30:00-04:00,25.424999237060547,25.424999237060547,25.424999237060547,25.424999237060547,126,0.0,0.0
2024-06-05 11:30:00-04:00,25.25,25.416000366210938,25.25,25.416000366210938,1603,0.0,0.0
2024-06-07 10:30:00-04:00,25.360000610351562,25.360000610351562,25.360000610351562,25.360000610351562,160,0.0,0.0
2024-06-10 10:30:00-04:00,25.400100708007812,25.400100708007812,25.400100708007812,25.400100708007812,564,0.0,0.0
2024-06-11 09:30:00-04:00,25.450000762939453,25.45009994506836,25.450000762939453,25.45009994506836,373,0.0,0.0
2024-06-11 12:30:00-04:00,25.509300231933594,25.509300231933594,25.509300231933594,25.509300231933594,549,0.0,0.0
2024-06-12 11:30:00-04:00,25.37150001525879,25.5,25.34000015258789,25.382400512695312,11488,0.0,0.0
2024-06-12 12:30:00-04:00,25.475000381469727,25.475000381469727,25.475000381469727,25.475000381469727,940,0.0,0.0
2024-06-12 13:30:00-04:00,25.475000381469727,25.475000381469727,25.450000762939453,25.450000762939453,1046,0.0,0.0
2024-06-12 14:30:00-04:00,25.549999237060547,25.690000534057617,25.518699645996094,25.518699645996094,2806,0.0,0.0
2024-06-12 15:30:00-04:00,25.540000915527344,25.540000915527344,25.350000381469727,25.450000762939453,1188,0.0,0.0
2024-06-13 11:30:00-04:00,25.575000762939453,25.575000762939453,25.460100173950195,25.460100173950195,874,0.0,0.0
2024-06-13 15:30:00-04:00,25.540000915527344,25.540000915527344,25.540000915527344,25.540000915527344,321,0.0,0.0
2024-06-14 12:30:00-04:00,25.338199615478516,25.338199615478516,25.338199615478516,25.338199615478516,353,0.0,0.0
2024-06-18 09:30:00-04:00,25.299999237060547,25.299999237060547,25.299999237060547,25.299999237060547,135,0.0,0.0
2024-06-18 10:30:00-04:00,25.380800247192383,25.380800247192383,25.040000915527344,25.040000915527344,1248,0.0,0.0
2024-06-20 09:30:00-04:00,25.32990074157715,25.32990074157715,25.300100326538086,25.300100326538086,0,0.0,0.0
2024-06-20 10:30:00-04:00,25.309999465942383,25.309999465942383,25.299999237060547,25.299999237060547,1039,0.0,0.0
2024-06-20 13:30:00-04:00,25.309999465942383,25.309999465942383,25.299999237060547,25.299999237060547,716,0.0,0.0
2024-06-24 11:30:00-04:00,25.549999237060547,25.93000030517578,25.549999237060547,25.93000030517578,2259,0.0,0.0
2024-06-25 10:30:00-04:00,25.433900833129883,25.433900833129883,25.433900833129883,25.433900833129883,816,0.0,0.0
2024-06-25 14:30:00-04:00,25.5,25.5,25.5,25.5,1271,0.0,0.0
2024-06-26 13:30:00-04:00,25.450000762939453,25.479999542236328,25.450000762939453,25.450000762939453,731,0.0,0.0
2024-06-26 15:30:00-04:00,25.6200008392334,25.6200008392334,25.6200008392334,25.6200008392334,160,0.0,0.0
2024-06-27 14:30:00-04:00,25.420000076293945,25.420000076293945,25.420000076293945,25.420000076293945,242,0.0,0.0
2024-07-01 10:30:00-04:00,25.399999618530273,25.399999618530273,25.399999618530273,25.399999618530273,510,0.0,0.0
2024-07-02 12:30:00-04:00,25.14859962463379,25.14859962463379,25.14859962463379,25.14859962463379,614,0.0,0.0
2024-07-03 09:30:00-04:00,25.170000076293945,25.350000381469727,25.139999389648438,25.350000381469727,4432,0.0,0.0
2024-07-03 10:30:00-04:00,25.329999923706055,25.34000015258789,25.329999923706055,25.34000015258789,332,0.0,0.0
2024-07-03 11:30:00-04:00,25.2908992767334,25.2908992767334,25.2908992767334,25.2908992767334,442,0.0,0.0
2024-07-05 15:30:00-04:00,25.450000762939453,25.450000762939453,25.450000762939453,25.450000762939453,0,0.0,0.0
2024-07-11 09:30:00-04:00,25.480100631713867,25.480100631713867,25.480100631713867,25.480100631713867,0,0.0,0.0
2024-07-11 10:30:00-04:00,25.600000381469727,25.600000381469727,25.600000381469727,25.600000381469727,1635,0.0,0.0
2024-07-11 15:30:00-04:00,25.559999465942383,25.559999465942383,25.540000915527344,25.540000915527344,473,0.0,0.0
2024-07-12 12:30:00-04:00,25.489999771118164,25.489999771118164,25.489999771118164,25.489999771118164,499,0.0,0.0
2024-07-15 10:30:00-04:00,25.239999771118164,25.50469970703125,25.219999313354492,25.50469970703125,1762,0.0,0.0
2024-07-15 11:30:00-04:00,25.44499969482422,25.44499969482422,25.44499969482422,25.44499969482422,261,0.0,0.0
2024-07-15 12:30:00-04:00,25.376100540161133,25.376100540161133,25.373899459838867,25.373899459838867,700,0.0,0.0
2024-07-16 09:30:00-04:00,25.444299697875977,25.444299697875977,25.444299697875977,25.444299697875977,984,0.0,0.0
2024-07-17 11:30:00-04:00,25.46500015258789,25.46500015258789,25.46500015258789,25.46500015258789,1293,0.0,0.0
2024-07-17 14:30:00-04:00,25.430200576782227,25.430200576782227,25.430200576782227,25.430200576782227,200,0.0,0.0
2024-07-17 15:30:00-04:00,25.440000534057617,25.440000534057617,25.440000534057617,25.440000534057617,504,0.0,0.0
2024-07-19 12:30:00-04:00,25.25,25.25,25.239999771118164,25.239999771118164,1669,0.0,0.0
2024-07-19 14:30:00-04:00,25.329999923706055,25.329999923706055,25.329999923706055,25.329999923706055,200,0.0,0.0
2024-07-24 13:30:00-04:00,25.400100708007812,25.475000381469727,25.190000534057617,25.190000534057617,4146,0.0,0.0
2024-07-25 09:30:00-04:00,25.219999313354492,25.219999313354492,25.219999313354492,25.219999313354492,207,0.0,0.0
2024-07-25 10:30:00-04:00,25.399999618530273,25.399999618530273,25.350000381469727,25.350000381469727,1078,0.0,0.0
2024-07-25 11:30:00-04:00,25.350000381469727,25.350000381469727,25.350000381469727,25.350000381469727,979,0.0,0.0
2024-07-29 10:30:00-04:00,25.350000381469727,25.350000381469727,25.350000381469727,25.350000381469727,1061,0.0,0.0
2024-07-30 11:30:00-04:00,25.5,25.5,25.5,25.5,300,0.0,0.0
2024-07-30 14:30:00-04:00,25.479999542236328,25.479999542236328,25.479999542236328,25.479999542236328,122,0.0,0.0
2024-07-30 15:30:00-04:00,25.350000381469727,25.350000381469727,25.350000381469727,25.350000381469727,200,0.0,0.0
2024-07-31 09:30:00-04:00,25.350000381469727,25.350000381469727,25.350000381469727,25.350000381469727,1460,0.0,0.0
2024-08-01 09:30:00-04:00,25.32740020751953,25.32740020751953,25.32740020751953,25.32740020751953,418,0.0,0.0
2024-08-01 15:30:00-04:00,25.43000030517578,25.43000030517578,25.43000030517578,25.43000030517578,459,0.0,0.0
2024-08-02 13:30:00-04:00,25.50200080871582,25.50200080871582,25.50200080871582,25.50200080871582,438,0.0,0.0
2024-08-02 14:30:00-04:00,25.520000457763672,25.520000457763672,25.520000457763672,25.520000457763672,372,0.0,0.0
2024-08-05 09:30:00-04:00,25.3700008392334,25.3700008392334,25.3700008392334,25.3700008392334,0,0.0,0.0
2024-08-05 13:30:00-04:00,25.31999969482422,25.31999969482422,25.270000457763672,25.31599998474121,4624,0.0,0.0
2024-08-05 14:30:00-04:00,25.30699920654297,25.30699920654297,25.30699920654297,25.30699920654297,1356,0.0,0.0
2024-08-07 09:30:00-04:00,25.522899627685547,25.711700439453125,25.522899627685547,25.711700439453125,2588,0.0,0.0
2024-08-07 14:30:00-04:00,25.6299991607666,25.6299991607666,25.549999237060547,25.549999237060547,1639,0.0,0.0
2024-08-12 15:30:00-04:00,25.430099487304688,25.430099487304688,25.430099487304688,25.430099487304688,310,0.0,0.0
2024-08-16 14:30:00-04:00,25.55470085144043,25.559999465942383,25.395000457763672,25.479999542236328,2015,0.0,0.0
2024-08-23 11:30:00-04:00,25.399999618530273,25.399999618530273,25.399999618530273,25.399999618530273,546,0.0,0.0
