Datetime,Open,High,Low,Close,Volume,Dividends,Stock Splits
2022-08-25 09:30:00-04:00,11.399999618530273,11.510000228881836,11.309399604797363,11.4399995803833,120395,0.0,0.0
2022-08-25 10:30:00-04:00,11.436400413513184,11.550000190734863,11.430000305175781,11.479999542236328,47580,0.0,0.0
2022-08-25 11:30:00-04:00,11.479999542236328,11.630000114440918,11.479999542236328,11.579899787902832,60923,0.0,0.0
2022-08-25 12:30:00-04:00,11.569999694824219,11.649999618530273,11.569999694824219,11.609999656677246,31375,0.0,0.0
2022-08-25 13:30:00-04:00,11.609999656677246,11.680000305175781,11.609999656677246,11.649999618530273,32255,0.0,0.0
2022-08-25 14:30:00-04:00,11.670000076293945,11.710000038146973,11.636199951171875,11.699999809265137,58128,0.0,0.0
2022-08-25 15:30:00-04:00,11.704999923706055,11.797499656677246,11.6899995803833,11.779999732971191,97354,0.0,0.0
2022-08-26 09:30:00-04:00,12.119999885559082,12.135199546813965,11.850000381469727,11.885000228881836,399289,0.0,0.0
2022-08-26 10:30:00-04:00,11.885000228881836,11.90999984741211,11.789999961853027,11.795000076293945,200508,0.0,0.0
2022-08-26 11:30:00-04:00,11.795000076293945,11.895000457763672,11.795000076293945,11.819999694824219,96664,0.0,0.0
2022-08-26 12:30:00-04:00,11.820199966430664,11.925000190734863,11.800000190734863,11.90999984741211,75361,0.0,0.0
2022-08-26 13:30:00-04:00,11.905699729919434,11.90999984741211,11.829999923706055,11.90999984741211,49643,0.0,0.0
2022-08-26 14:30:00-04:00,11.904999732971191,11.970000267028809,11.904999732971191,11.970000267028809,74352,0.0,0.0
2022-08-26 15:30:00-04:00,11.96500015258789,11.979999542236328,11.859999656677246,11.859999656677246,94914,0.0,0.0
2022-08-29 09:30:00-04:00,11.760000228881836,11.770000457763672,11.619999885559082,11.710000038146973,169512,0.0,0.0
2022-08-29 10:30:00-04:00,11.720000267028809,11.760000228881836,11.640000343322754,11.71500015258789,83660,0.0,0.0
2022-08-29 11:30:00-04:00,11.711000442504883,11.718700408935547,11.644599914550781,11.694999694824219,63939,0.0,0.0
2022-08-29 12:30:00-04:00,11.6899995803833,11.6899995803833,11.612700462341309,11.619999885559082,36642,0.0,0.0
2022-08-29 13:30:00-04:00,11.625,11.649999618530273,11.5649995803833,11.566399574279785,54320,0.0,0.0
2022-08-29 14:30:00-04:00,11.5649995803833,11.625,11.555000305175781,11.569999694824219,50687,0.0,0.0
2022-08-29 15:30:00-04:00,11.5649995803833,11.609999656677246,11.539999961853027,11.550000190734863,140038,0.0,0.0
2022-08-30 09:30:00-04:00,11.529999732971191,11.604999542236328,10.90999984741211,10.949999809265137,455453,0.0,0.0
2022-08-30 10:30:00-04:00,10.94950008392334,11.225000381469727,10.869999885559082,11.225000381469727,147976,0.0,0.0
2022-08-30 11:30:00-04:00,11.22070026397705,11.380000114440918,11.1899995803833,11.3149995803833,129270,0.0,0.0
2022-08-30 12:30:00-04:00,11.321000099182129,11.321000099182129,11.171899795532227,11.220000267028809,40866,0.0,0.0
2022-08-30 13:30:00-04:00,11.220000267028809,11.279999732971191,11.199999809265137,11.210000038146973,41331,0.0,0.0
2022-08-30 14:30:00-04:00,11.229999542236328,11.319999694824219,11.229999542236328,11.234999656677246,55873,0.0,0.0
2022-08-30 15:30:00-04:00,11.234999656677246,11.260000228881836,11.210000038146973,11.234999656677246,89824,0.0,0.0
2022-08-31 09:30:00-04:00,11.220000267028809,11.398799896240234,11.109999656677246,11.359999656677246,96040,0.0,0.0
2022-08-31 10:30:00-04:00,11.359999656677246,11.380000114440918,11.289999961853027,11.329999923706055,58611,0.0,0.0
2022-08-31 11:30:00-04:00,11.324999809265137,11.439900398254395,11.314800262451172,11.399999618530273,46740,0.0,0.0
2022-08-31 12:30:00-04:00,11.40999984741211,11.479999542236328,11.395700454711914,11.454999923706055,74034,0.0,0.0
2022-08-31 13:30:00-04:00,11.449999809265137,11.449999809265137,11.380000114440918,11.380000114440918,32391,0.0,0.0
2022-08-31 14:30:00-04:00,11.380000114440918,11.391799926757812,11.300000190734863,11.350000381469727,56931,0.0,0.0
2022-08-31 15:30:00-04:00,11.350000381469727,11.359999656677246,11.270000457763672,11.279999732971191,79314,0.0,0.0
2022-09-01 09:30:00-04:00,11.229999542236328,11.260000228881836,11.140000343322754,11.210000038146973,90186,0.0,0.0
2022-09-01 10:30:00-04:00,11.199999809265137,11.220000267028809,11.114999771118164,11.119999885559082,36582,0.0,0.0
2022-09-01 11:30:00-04:00,11.140000343322754,11.170000076293945,11.074999809265137,11.09000015258789,38638,0.0,0.0
2022-09-01 12:30:00-04:00,11.09000015258789,11.154999732971191,11.069999694824219,11.149999618530273,61738,0.0,0.0
2022-09-01 13:30:00-04:00,11.140000343322754,11.170000076293945,11.079999923706055,11.154999732971191,31358,0.0,0.0
2022-09-01 14:30:00-04:00,11.149999618530273,11.180000305175781,11.119999885559082,11.125,51318,0.0,0.0
2022-09-01 15:30:00-04:00,11.119999885559082,11.130000114440918,11.079999923706055,11.100000381469727,72751,0.0,0.0
2022-09-02 09:30:00-04:00,11.220000267028809,11.25,11.008000373840332,11.039999961853027,95284,0.0,0.0
2022-09-02 10:30:00-04:00,11.039999961853027,11.100000381469727,11.020000457763672,11.050000190734863,62827,0.0,0.0
2022-09-02 11:30:00-04:00,11.050000190734863,11.119999885559082,11.032500267028809,11.050000190734863,56464,0.0,0.0
2022-09-02 12:30:00-04:00,11.045000076293945,11.04990005493164,10.989999771118164,10.994999885559082,103158,0.0,0.0
2022-09-02 13:30:00-04:00,10.994999885559082,11.0649995803833,10.979999542236328,11.050000190734863,85562,0.0,0.0
2022-09-02 14:30:00-04:00,11.0600004196167,11.140000343322754,11.050000190734863,11.079999923706055,86317,0.0,0.0
2022-09-02 15:30:00-04:00,11.074999809265137,11.09000015258789,11.050000190734863,11.09000015258789,80315,0.0,0.0
2022-09-06 09:30:00-04:00,11.079999923706055,11.175000190734863,10.9399995803833,10.970000267028809,102357,0.0,0.0
2022-09-06 10:30:00-04:00,10.960000038146973,11.03499984741211,10.90999984741211,10.9350004196167,117549,0.0,0.0
2022-09-06 11:30:00-04:00,10.9399995803833,10.970000267028809,10.90999984741211,10.944999694824219,58436,0.0,0.0
2022-09-06 12:30:00-04:00,10.9399995803833,10.970000267028809,10.880000114440918,10.911199569702148,69001,0.0,0.0
2022-09-06 13:30:00-04:00,10.914999961853027,10.920000076293945,10.850000381469727,10.850000381469727,54236,0.0,0.0
2022-09-06 14:30:00-04:00,10.850000381469727,10.890299797058105,10.800000190734863,10.800000190734863,88573,0.0,0.0
2022-09-06 15:30:00-04:00,10.800000190734863,10.845000267028809,10.789999961853027,10.8100004196167,95009,0.0,0.0
2022-09-07 09:30:00-04:00,10.75,10.75,10.548100471496582,10.670000076293945,104889,0.0,0.0
2022-09-07 10:30:00-04:00,10.680000305175781,10.720000267028809,10.595000267028809,10.600000381469727,58686,0.0,0.0
2022-09-07 11:30:00-04:00,10.600000381469727,10.604999542236328,10.5,10.515000343322754,56852,0.0,0.0
2022-09-07 12:30:00-04:00,10.515000343322754,10.550000190734863,10.475000381469727,10.510000228881836,83660,0.0,0.0
2022-09-07 13:30:00-04:00,10.510000228881836,10.550000190734863,10.380000114440918,10.425000190734863,126962,0.0,0.0
2022-09-07 14:30:00-04:00,10.425000190734863,10.539999961853027,10.425000190734863,10.505000114440918,104513,0.0,0.0
2022-09-07 15:30:00-04:00,10.505000114440918,10.515000343322754,10.460000038146973,10.470000267028809,88006,0.0,0.0
2022-09-08 09:30:00-04:00,10.300000190734863,10.510000228881836,10.260000228881836,10.420000076293945,124554,0.0,0.0
2022-09-08 10:30:00-04:00,10.40999984741211,10.479999542236328,10.399999618530273,10.460000038146973,69092,0.0,0.0
2022-09-08 11:30:00-04:00,10.45989990234375,10.53499984741211,10.4350004196167,10.5,73668,0.0,0.0
2022-09-08 12:30:00-04:00,10.5,10.59000015258789,10.5,10.524999618530273,62896,0.0,0.0
2022-09-08 13:30:00-04:00,10.520899772644043,10.520899772644043,10.420000076293945,10.449999809265137,55480,0.0,0.0
2022-09-08 14:30:00-04:00,10.460000038146973,10.489999771118164,10.414999961853027,10.489999771118164,56413,0.0,0.0
2022-09-08 15:30:00-04:00,10.489999771118164,10.574999809265137,10.489999771118164,10.574999809265137,88264,0.0,0.0
2022-09-09 09:30:00-04:00,10.729999542236328,11.010000228881836,10.720000267028809,11.0,168825,0.0,0.0
2022-09-09 10:30:00-04:00,11.010000228881836,11.010000228881836,10.930000305175781,10.960000038146973,45648,0.0,0.0
2022-09-09 11:30:00-04:00,10.949999809265137,10.979999542236328,10.930000305175781,10.971599578857422,30515,0.0,0.0
2022-09-09 12:30:00-04:00,10.979999542236328,11.010000228881836,10.970000267028809,10.984999656677246,31604,0.0,0.0
2022-09-09 13:30:00-04:00,10.989999771118164,11.029999732971191,10.970000267028809,11.020000457763672,27949,0.0,0.0
2022-09-09 14:30:00-04:00,11.010000228881836,11.09000015258789,10.960000038146973,11.072400093078613,43112,0.0,0.0
2022-09-09 15:30:00-04:00,11.074999809265137,11.104999542236328,11.050000190734863,11.074999809265137,69795,0.0,0.0
2022-09-12 09:30:00-04:00,11.210000038146973,11.255000114440918,11.079999923706055,11.234999656677246,163438,0.0,0.0
2022-09-12 10:30:00-04:00,11.239999771118164,11.255000114440918,11.104999542236328,11.145000457763672,70636,0.0,0.0
2022-09-12 11:30:00-04:00,11.149999618530273,11.164999961853027,11.114999771118164,11.119999885559082,34572,0.0,0.0
2022-09-12 12:30:00-04:00,11.114999771118164,11.138699531555176,11.104999542236328,11.119999885559082,28439,0.0,0.0
2022-09-12 13:30:00-04:00,11.109999656677246,11.130000114440918,11.055000305175781,11.055000305175781,38948,0.0,0.0
2022-09-12 14:30:00-04:00,11.055000305175781,11.1899995803833,11.045000076293945,11.154999732971191,72019,0.0,0.0
2022-09-12 15:30:00-04:00,11.154999732971191,11.1899995803833,11.140000343322754,11.1899995803833,54304,0.0,0.0
2022-09-13 09:30:00-04:00,10.979999542236328,11.119999885559082,10.949999809265137,11.039999961853027,101068,0.0,0.0
2022-09-13 10:30:00-04:00,11.045000076293945,11.045000076293945,10.9399995803833,10.970000267028809,56531,0.0,0.0
2022-09-13 11:30:00-04:00,10.979999542236328,11.065500259399414,10.970000267028809,11.0649995803833,32826,0.0,0.0
2022-09-13 12:30:00-04:00,11.0600004196167,11.09000015258789,11.024999618530273,11.050000190734863,31800,0.0,0.0
2022-09-13 13:30:00-04:00,11.069999694824219,11.085000038146973,10.989999771118164,10.989999771118164,56678,0.0,0.0
2022-09-13 14:30:00-04:00,10.989999771118164,11.0,10.850099563598633,10.864999771118164,68176,0.0,0.0
2022-09-13 15:30:00-04:00,10.864999771118164,10.864999771118164,10.78499984741211,10.824999809265137,83550,0.0,0.0
2022-09-14 09:30:00-04:00,10.920000076293945,10.970000267028809,10.800000190734863,10.8100004196167,75343,0.0,0.0
2022-09-14 10:30:00-04:00,10.829999923706055,10.920000076293945,10.824999809265137,10.82509994506836,35784,0.0,0.0
2022-09-14 11:30:00-04:00,10.826899528503418,10.845000267028809,10.789999961853027,10.805000305175781,33317,0.0,0.0
2022-09-14 12:30:00-04:00,10.800000190734863,10.869999885559082,10.779999732971191,10.800000190734863,40663,0.0,0.0
2022-09-14 13:30:00-04:00,10.800000190734863,10.819999694824219,10.779999732971191,10.78499984741211,22264,0.0,0.0
2022-09-14 14:30:00-04:00,10.779999732971191,10.807999610900879,10.734999656677246,10.765000343322754,37702,0.0,0.0
2022-09-14 15:30:00-04:00,10.760000228881836,10.819999694824219,10.729999542236328,10.8149995803833,52927,0.0,0.0
2022-09-15 09:30:00-04:00,10.739999771118164,10.755000114440918,10.654399871826172,10.699999809265137,53550,0.0,0.0
2022-09-15 10:30:00-04:00,10.6850004196167,10.739999771118164,10.649999618530273,10.734999656677246,50815,0.0,0.0
2022-09-15 11:30:00-04:00,10.734999656677246,10.75,10.640000343322754,10.640000343322754,28924,0.0,0.0
2022-09-15 12:30:00-04:00,10.649999618530273,10.720000267028809,10.645000457763672,10.710000038146973,30515,0.0,0.0
2022-09-15 13:30:00-04:00,10.704999923706055,10.704999923706055,10.614999771118164,10.680000305175781,80268,0.0,0.0
2022-09-15 14:30:00-04:00,10.675000190734863,10.6850004196167,10.579999923706055,10.619999885559082,53016,0.0,0.0
2022-09-15 15:30:00-04:00,10.625,10.670000076293945,10.619999885559082,10.640000343322754,63048,0.0,0.0
2022-09-16 09:30:00-04:00,10.390000343322754,10.394000053405762,10.239999771118164,10.380000114440918,171929,0.0,0.0
2022-09-16 10:30:00-04:00,10.350000381469727,10.385000228881836,10.289999961853027,10.329999923706055,63345,0.0,0.0
2022-09-16 11:30:00-04:00,10.332500457763672,10.332500457763672,10.25,10.265000343322754,47280,0.0,0.0
2022-09-16 12:30:00-04:00,10.260000228881836,10.287099838256836,10.220000267028809,10.234999656677246,72153,0.0,0.0
2022-09-16 13:30:00-04:00,10.239999771118164,10.255000114440918,10.220000267028809,10.25,54620,0.0,0.0
2022-09-16 14:30:00-04:00,10.239999771118164,10.319999694824219,10.225000381469727,10.305000305175781,60341,0.0,0.0
2022-09-16 15:30:00-04:00,10.305000305175781,10.34000015258789,10.255000114440918,10.319999694824219,101181,0.0,0.0
2022-09-19 09:30:00-04:00,10.119999885559082,10.25,10.050000190734863,10.119999885559082,113685,0.0,0.0
2022-09-19 10:30:00-04:00,10.11989974975586,10.199999809265137,10.100000381469727,10.109999656677246,56416,0.0,0.0
2022-09-19 11:30:00-04:00,10.114999771118164,10.128000259399414,10.010700225830078,10.024999618530273,68735,0.0,0.0
2022-09-19 12:30:00-04:00,10.029999732971191,10.0600004196167,9.979999542236328,10.005000114440918,60019,0.0,0.0
2022-09-19 13:30:00-04:00,10.010000228881836,10.029999732971191,9.925000190734863,10.029999732971191,97082,0.0,0.0
2022-09-19 14:30:00-04:00,10.024999618530273,10.109999656677246,10.005000114440918,10.104999542236328,111508,0.0,0.0
2022-09-19 15:30:00-04:00,10.104999542236328,10.125,10.079999923706055,10.100000381469727,85699,0.0,0.0
2022-09-20 09:30:00-04:00,10.069999694824219,10.3100004196167,10.0600004196167,10.225000381469727,124297,0.0,0.0
2022-09-20 10:30:00-04:00,10.225000381469727,10.329999923706055,10.210000038146973,10.319999694824219,61605,0.0,0.0
2022-09-20 11:30:00-04:00,10.329999923706055,10.34000015258789,10.289999961853027,10.305000305175781,50816,0.0,0.0
2022-09-20 12:30:00-04:00,10.3100004196167,10.359999656677246,10.289999961853027,10.359999656677246,51638,0.0,0.0
2022-09-20 13:30:00-04:00,10.354999542236328,10.380000114440918,10.329999923706055,10.350000381469727,66879,0.0,0.0
2022-09-20 14:30:00-04:00,10.345000267028809,10.350000381469727,10.260000228881836,10.28499984741211,72609,0.0,0.0
2022-09-20 15:30:00-04:00,10.279999732971191,10.359999656677246,10.274999618530273,10.34000015258789,81270,0.0,0.0
2022-09-21 09:30:00-04:00,10.329999923706055,10.329999923706055,10.050000190734863,10.050000190734863,116876,0.0,0.0
2022-09-21 10:30:00-04:00,10.0600004196167,10.0600004196167,9.975000381469727,10.029999732971191,56499,0.0,0.0
2022-09-21 11:30:00-04:00,10.024999618530273,10.09000015258789,10.005000114440918,10.055000305175781,55972,0.0,0.0
2022-09-21 12:30:00-04:00,10.055000305175781,10.0600004196167,10.039999961853027,10.045000076293945,21502,0.0,0.0
2022-09-21 13:30:00-04:00,10.050000190734863,10.055000305175781,9.869999885559082,9.920000076293945,118969,0.0,0.0
2022-09-21 14:30:00-04:00,9.90999984741211,10.100000381469727,9.89009952545166,9.895000457763672,121254,0.0,0.0
2022-09-21 15:30:00-04:00,9.890000343322754,9.895000457763672,9.789999961853027,9.819999694824219,131036,0.0,0.0
2022-09-22 09:30:00-04:00,9.829999923706055,9.930000305175781,9.710000038146973,9.720000267028809,153643,0.0,0.0
2022-09-22 10:30:00-04:00,9.720000267028809,9.720000267028809,9.59000015258789,9.59000015258789,92012,0.0,0.0
2022-09-22 11:30:00-04:00,9.59000015258789,9.710000038146973,9.59000015258789,9.6899995803833,80149,0.0,0.0
2022-09-22 12:30:00-04:00,9.680000305175781,9.6850004196167,9.604999542236328,9.640000343322754,83522,0.0,0.0
2022-09-22 13:30:00-04:00,9.640000343322754,9.75,9.625,9.640000343322754,104627,0.0,0.0
2022-09-22 14:30:00-04:00,9.640000343322754,9.734999656677246,9.640000343322754,9.680000305175781,94618,0.0,0.0
2022-09-22 15:30:00-04:00,9.680000305175781,9.720000267028809,9.670000076293945,9.675000190734863,106379,0.0,0.0
2022-09-23 09:30:00-04:00,9.449999809265137,9.529999732971191,9.260000228881836,9.359999656677246,456761,0.0,0.0
2022-09-23 10:30:00-04:00,9.350000381469727,9.350000381469727,9.25,9.295000076293945,144630,0.0,0.0
2022-09-23 11:30:00-04:00,9.300000190734863,9.310099601745605,9.15999984741211,9.260000228881836,213734,0.0,0.0
2022-09-23 12:30:00-04:00,9.260000228881836,9.261199951171875,9.1850004196167,9.225000381469727,130183,0.0,0.0
2022-09-23 13:30:00-04:00,9.229999542236328,9.239999771118164,9.149999618530273,9.199999809265137,126745,0.0,0.0
2022-09-23 14:30:00-04:00,9.199999809265137,9.239999771118164,9.145000457763672,9.239999771118164,162214,0.0,0.0
2022-09-23 15:30:00-04:00,9.239999771118164,9.449999809265137,9.229999542236328,9.449999809265137,385073,0.0,0.0
2022-09-26 09:30:00-04:00,9.34000015258789,9.390000343322754,8.979999542236328,9.11929988861084,305639,0.0,0.0
2022-09-26 10:30:00-04:00,9.11929988861084,9.150099754333496,9.050000190734863,9.0600004196167,118878,0.0,0.0
2022-09-26 11:30:00-04:00,9.0600004196167,9.100000381469727,9.010000228881836,9.013699531555176,79824,0.0,0.0
2022-09-26 12:30:00-04:00,9.015000343322754,9.039999961853027,8.879300117492676,8.890000343322754,157812,0.0,0.0
2022-09-26 13:30:00-04:00,8.890000343322754,9.015000343322754,8.890000343322754,8.989999771118164,112829,0.0,0.0
2022-09-26 14:30:00-04:00,8.994999885559082,9.09000015258789,8.989999771118164,9.045000076293945,125381,0.0,0.0
2022-09-26 15:30:00-04:00,9.045000076293945,9.0649995803833,8.979999542236328,9.010000228881836,167079,0.0,0.0
2022-09-27 09:30:00-04:00,9.109999656677246,9.233799934387207,8.970000267028809,9.050800323486328,409098,0.0,0.0
2022-09-27 10:30:00-04:00,9.050000190734863,9.15999984741211,9.020000457763672,9.079999923706055,532487,0.0,0.0
2022-09-27 11:30:00-04:00,9.083999633789062,9.109999656677246,9.024999618530273,9.024999618530273,358397,0.0,0.0
2022-09-27 12:30:00-04:00,9.024999618530273,9.050000190734863,9.010000228881836,9.015000343322754,83228,0.0,0.0
2022-09-27 13:30:00-04:00,9.010000228881836,9.050000190734863,8.970000267028809,9.046600341796875,79453,0.0,0.0
2022-09-27 14:30:00-04:00,9.04889965057373,9.199999809265137,9.045000076293945,9.194999694824219,125154,0.0,0.0
2022-09-27 15:30:00-04:00,9.194999694824219,9.225000381469727,9.140000343322754,9.149999618530273,392086,0.0,0.0
2022-09-28 09:30:00-04:00,9.100000381469727,9.210000038146973,9.0600004196167,9.180000305175781,84055,0.0,0.0
2022-09-28 10:30:00-04:00,9.1899995803833,9.220000267028809,9.095000267028809,9.130000114440918,83535,0.0,0.0
2022-09-28 11:30:00-04:00,9.130000114440918,9.164999961853027,9.109999656677246,9.149999618530273,33894,0.0,0.0
2022-09-28 12:30:00-04:00,9.145000457763672,9.154999732971191,9.104999542236328,9.109999656677246,61596,0.0,0.0
2022-09-28 13:30:00-04:00,9.107500076293945,9.145000457763672,9.09000015258789,9.119999885559082,77047,0.0,0.0
2022-09-28 14:30:00-04:00,9.119999885559082,9.199999809265137,9.114999771118164,9.199999809265137,72780,0.0,0.0
2022-09-28 15:30:00-04:00,9.199999809265137,9.229999542236328,9.199999809265137,9.220000267028809,86613,0.0,0.0
2022-09-29 09:30:00-04:00,9.0,9.0,8.755000114440918,8.770000457763672,185468,0.0,0.0
2022-09-29 10:30:00-04:00,8.773599624633789,8.890000343322754,8.721799850463867,8.854999542236328,80340,0.0,0.0
2022-09-29 11:30:00-04:00,8.859999656677246,8.914999961853027,8.831199645996094,8.84000015258789,60657,0.0,0.0
2022-09-29 12:30:00-04:00,8.84000015258789,8.90999984741211,8.839900016784668,8.899999618530273,47609,0.0,0.0
2022-09-29 13:30:00-04:00,8.895000457763672,8.90999984741211,8.845000267028809,8.850000381469727,62097,0.0,0.0
2022-09-29 14:30:00-04:00,8.850000381469727,8.920000076293945,8.829999923706055,8.90999984741211,75283,0.0,0.0
2022-09-29 15:30:00-04:00,8.90999984741211,8.9399995803833,8.892900466918945,8.930100440979004,91076,0.0,0.0
2022-09-30 09:30:00-04:00,8.90999984741211,9.050000190734863,8.890000343322754,9.050000190734863,92775,0.0,0.0
2022-09-30 10:30:00-04:00,9.039999961853027,9.109999656677246,9.039999961853027,9.079999923706055,32201,0.0,0.0
2022-09-30 11:30:00-04:00,9.069999694824219,9.069999694824219,9.010000228881836,9.020000457763672,34833,0.0,0.0
2022-09-30 12:30:00-04:00,9.010000228881836,9.03499984741211,9.0,9.010100364685059,36675,0.0,0.0
2022-09-30 13:30:00-04:00,9.020000457763672,9.03499984741211,8.989999771118164,8.994999885559082,43787,0.0,0.0
2022-09-30 14:30:00-04:00,8.994999885559082,9.012800216674805,8.960000038146973,8.994999885559082,104889,0.0,0.0
2022-09-30 15:30:00-04:00,9.0,9.0,8.9399995803833,8.960000038146973,100755,0.0,0.0
2022-10-03 09:30:00-04:00,8.930000305175781,9.199999809265137,8.920000076293945,9.19279956817627,171248,0.0,0.0
2022-10-03 10:30:00-04:00,9.199999809265137,9.300000190734863,9.1875,9.260000228881836,113933,0.0,0.0
2022-10-03 11:30:00-04:00,9.270000457763672,9.300000190734863,9.194999694824219,9.204999923706055,63871,0.0,0.0
2022-10-03 12:30:00-04:00,9.199999809265137,9.25,9.1899995803833,9.1899995803833,39535,0.0,0.0
2022-10-03 13:30:00-04:00,9.194999694824219,9.234999656677246,9.1850004196167,9.220100402832031,71563,0.0,0.0
2022-10-03 14:30:00-04:00,9.225000381469727,9.239999771118164,9.199999809265137,9.234999656677246,75900,0.0,0.0
2022-10-03 15:30:00-04:00,9.234999656677246,9.239999771118164,9.170000076293945,9.210000038146973,84713,0.0,0.0
2022-10-04 09:30:00-04:00,9.34000015258789,9.5,9.289999961853027,9.479999542236328,211571,0.0,0.0
2022-10-04 10:30:00-04:00,9.476300239562988,9.555000305175781,9.470000267028809,9.524999618530273,63927,0.0,0.0
2022-10-04 11:30:00-04:00,9.520000457763672,9.539999961853027,9.499799728393555,9.520000457763672,42291,0.0,0.0
2022-10-04 12:30:00-04:00,9.520000457763672,9.520000457763672,9.390000343322754,9.40999984741211,80806,0.0,0.0
2022-10-04 13:30:00-04:00,9.404999732971191,9.4399995803833,9.369999885559082,9.380000114440918,92585,0.0,0.0
2022-10-04 14:30:00-04:00,9.375,9.395000457763672,9.350000381469727,9.390000343322754,75608,0.0,0.0
2022-10-04 15:30:00-04:00,9.390000343322754,9.4399995803833,9.380000114440918,9.430000305175781,131118,0.0,0.0
2022-10-05 09:30:00-04:00,9.279999732971191,9.430000305175781,9.130000114440918,9.15999984741211,115504,0.0,0.0
2022-10-05 10:30:00-04:00,9.140000343322754,9.260000228881836,9.125,9.244999885559082,68490,0.0,0.0
2022-10-05 11:30:00-04:00,9.249899864196777,9.350000381469727,9.244999885559082,9.3149995803833,52161,0.0,0.0
2022-10-05 12:30:00-04:00,9.3100004196167,9.390000343322754,9.305000305175781,9.34000015258789,73286,0.0,0.0
2022-10-05 13:30:00-04:00,9.349100112915039,9.399999618530273,9.319999694824219,9.335000038146973,75489,0.0,0.0
2022-10-05 14:30:00-04:00,9.34000015258789,9.409099578857422,9.319999694824219,9.392000198364258,91494,0.0,0.0
2022-10-05 15:30:00-04:00,9.395000457763672,9.430000305175781,9.359999656677246,9.359999656677246,127176,0.0,0.0
2022-10-06 09:30:00-04:00,9.380000114440918,9.460000038146973,9.265000343322754,9.34000015258789,130244,0.0,0.0
2022-10-06 10:30:00-04:00,9.350000381469727,9.4350004196167,9.324999809265137,9.40999984741211,81789,0.0,0.0
2022-10-06 11:30:00-04:00,9.414999961853027,9.479999542236328,9.390000343322754,9.46500015258789,53825,0.0,0.0
2022-10-06 12:30:00-04:00,9.460000038146973,9.489999771118164,9.449999809265137,9.489999771118164,44094,0.0,0.0
2022-10-06 13:30:00-04:00,9.479999542236328,9.479999542236328,9.40999984741211,9.4399995803833,72645,0.0,0.0
2022-10-06 14:30:00-04:00,9.444999694824219,9.479999542236328,9.404999732971191,9.475000381469727,63095,0.0,0.0
2022-10-06 15:30:00-04:00,9.479999542236328,9.5,9.475000381469727,9.489999771118164,58678,0.0,0.0
2022-10-07 09:30:00-04:00,9.420000076293945,9.4399995803833,9.244999885559082,9.329999923706055,112910,0.0,0.0
2022-10-07 10:30:00-04:00,9.319999694824219,9.369999885559082,9.270000457763672,9.279999732971191,29313,0.0,0.0
2022-10-07 11:30:00-04:00,9.279999732971191,9.279999732971191,9.220000267028809,9.220000267028809,42353,0.0,0.0
2022-10-07 12:30:00-04:00,9.220000267028809,9.260000228881836,9.180000305175781,9.256199836730957,42457,0.0,0.0
2022-10-07 13:30:00-04:00,9.229999542236328,9.260000228881836,9.210000038146973,9.225000381469727,47788,0.0,0.0
2022-10-07 14:30:00-04:00,9.220000267028809,9.220000267028809,9.149999618530273,9.149999618530273,78576,0.0,0.0
2022-10-07 15:30:00-04:00,9.149999618530273,9.15999984741211,9.119999885559082,9.149999618530273,103442,0.0,0.0
2022-10-10 09:30:00-04:00,9.029999732971191,9.079999923706055,8.925000190734863,8.994999885559082,467409,0.0,0.0
2022-10-10 10:30:00-04:00,8.994999885559082,8.994999885559082,8.859999656677246,8.890000343322754,129875,0.0,0.0
2022-10-10 11:30:00-04:00,8.883500099182129,8.930000305175781,8.869999885559082,8.899999618530273,89200,0.0,0.0
2022-10-10 12:30:00-04:00,8.904999732971191,8.970000267028809,8.890000343322754,8.92609977722168,100846,0.0,0.0
2022-10-10 13:30:00-04:00,8.925000190734863,8.979999542236328,8.859999656677246,8.875,74629,0.0,0.0
2022-10-10 14:30:00-04:00,8.878899574279785,8.890000343322754,8.75,8.755000114440918,119583,0.0,0.0
2022-10-10 15:30:00-04:00,8.755000114440918,8.810099601745605,8.755000114440918,8.800000190734863,132191,0.0,0.0
2022-10-11 09:30:00-04:00,8.75,8.774999618530273,8.553000450134277,8.770000457763672,169091,0.0,0.0
2022-10-11 10:30:00-04:00,8.760000228881836,8.774999618530273,8.699999809265137,8.765000343322754,74240,0.0,0.0
2022-10-11 11:30:00-04:00,8.770000457763672,8.890000343322754,8.755000114440918,8.880000114440918,70238,0.0,0.0
2022-10-11 12:30:00-04:00,8.890000343322754,8.920000076293945,8.869999885559082,8.875,43795,0.0,0.0
2022-10-11 13:30:00-04:00,8.875,8.880000114440918,8.829999923706055,8.83080005645752,74733,0.0,0.0
2022-10-11 14:30:00-04:00,8.835000038146973,8.845000267028809,8.71500015258789,8.74120044708252,113214,0.0,0.0
2022-10-11 15:30:00-04:00,8.744999885559082,8.789999961853027,8.729999542236328,8.779999732971191,52178,0.0,0.0
2022-10-12 09:30:00-04:00,8.779999732971191,8.869999885559082,8.654999732971191,8.8100004196167,75746,0.0,0.0
2022-10-12 10:30:00-04:00,8.819999694824219,8.960000038146973,8.8100004196167,8.920000076293945,66921,0.0,0.0
2022-10-12 11:30:00-04:00,8.930000305175781,9.020000457763672,8.923299789428711,8.979999542236328,110288,0.0,0.0
2022-10-12 12:30:00-04:00,8.979999542236328,9.010000228881836,8.96500015258789,9.010000228881836,89714,0.0,0.0
2022-10-12 13:30:00-04:00,9.015000343322754,9.029999732971191,8.989999771118164,9.024999618530273,98934,0.0,0.0
2022-10-12 14:30:00-04:00,9.029999732971191,9.039999961853027,9.005000114440918,9.024999618530273,43818,0.0,0.0
2022-10-12 15:30:00-04:00,9.029999732971191,9.0600004196167,9.010000228881836,9.015000343322754,72612,0.0,0.0
2022-10-13 09:30:00-04:00,8.899999618530273,8.984999656677246,8.729999542236328,8.914999961853027,105816,0.0,0.0
2022-10-13 10:30:00-04:00,8.925000190734863,9.15999984741211,8.925000190734863,9.079999923706055,191408,0.0,0.0
2022-10-13 11:30:00-04:00,9.095000267028809,9.149999618530273,9.069999694824219,9.085000038146973,66864,0.0,0.0
2022-10-13 12:30:00-04:00,9.079999923706055,9.15999984741211,9.069999694824219,9.149999618530273,212200,0.0,0.0
2022-10-13 13:30:00-04:00,9.15999984741211,9.229999542236328,9.079999923706055,9.140000343322754,394991,0.0,0.0
2022-10-13 14:30:00-04:00,9.145000457763672,9.244999885559082,9.145000457763672,9.199999809265137,102636,0.0,0.0
2022-10-13 15:30:00-04:00,9.204999923706055,9.25,9.1899995803833,9.239999771118164,108708,0.0,0.0
2022-10-14 09:30:00-04:00,9.319999694824219,9.479999542236328,9.25,9.449999809265137,229837,0.0,0.0
2022-10-14 10:30:00-04:00,9.4399995803833,9.539999961853027,9.425000190734863,9.524999618530273,116162,0.0,0.0
2022-10-14 11:30:00-04:00,9.520000457763672,9.531200408935547,9.4399995803833,9.520000457763672,115114,0.0,0.0
2022-10-14 12:30:00-04:00,9.529999732971191,9.607999801635742,9.529999732971191,9.59000015258789,145686,0.0,0.0
2022-10-14 13:30:00-04:00,9.595000267028809,9.640000343322754,9.579999923706055,9.599699974060059,66395,0.0,0.0
2022-10-14 14:30:00-04:00,9.595000267028809,9.630000114440918,9.574999809265137,9.595000267028809,83813,0.0,0.0
2022-10-14 15:30:00-04:00,9.59000015258789,9.600000381469727,9.551199913024902,9.574999809265137,92318,0.0,0.0
2022-10-17 09:30:00-04:00,9.649999618530273,9.800000190734863,9.625,9.65999984741211,189672,0.0,0.0
2022-10-17 10:30:00-04:00,9.666999816894531,9.699999809265137,9.600000381469727,9.649999618530273,126324,0.0,0.0
2022-10-17 11:30:00-04:00,9.649999618530273,9.654999732971191,9.595000267028809,9.640000343322754,87168,0.0,0.0
2022-10-17 12:30:00-04:00,9.640000343322754,9.649999618530273,9.569999694824219,9.619999885559082,111979,0.0,0.0
2022-10-17 13:30:00-04:00,9.619999885559082,9.619999885559082,9.59000015258789,9.595000267028809,65929,0.0,0.0
2022-10-17 14:30:00-04:00,9.595000267028809,9.6697998046875,9.592000007629395,9.640000343322754,130043,0.0,0.0
2022-10-17 15:30:00-04:00,9.640000343322754,9.649999618530273,9.600000381469727,9.635000228881836,121533,0.0,0.0
2022-10-18 09:30:00-04:00,9.789999961853027,9.899999618530273,9.680000305175781,9.680000305175781,203352,0.0,0.0
2022-10-18 10:30:00-04:00,9.670000076293945,9.8100004196167,9.65999984741211,9.760000228881836,46185,0.0,0.0
2022-10-18 11:30:00-04:00,9.7608003616333,9.800000190734863,9.6899995803833,9.789999961853027,69856,0.0,0.0
2022-10-18 12:30:00-04:00,9.789999961853027,9.850000381469727,9.769000053405762,9.845000267028809,61420,0.0,0.0
2022-10-18 13:30:00-04:00,9.850000381469727,9.875,9.821499824523926,9.835000038146973,31156,0.0,0.0
2022-10-18 14:30:00-04:00,9.829999923706055,9.829999923706055,9.760000228881836,9.829999923706055,45276,0.0,0.0
2022-10-18 15:30:00-04:00,9.829999923706055,9.850000381469727,9.8149995803833,9.84000015258789,68376,0.0,0.0
2022-10-19 09:30:00-04:00,9.65999984741211,9.720000267028809,9.609999656677246,9.6850004196167,120787,0.0,0.0
2022-10-19 10:30:00-04:00,9.68220043182373,9.68220043182373,9.494999885559082,9.5,39126,0.0,0.0
2022-10-19 11:30:00-04:00,9.490599632263184,9.539999961853027,9.4399995803833,9.470000267028809,36313,0.0,0.0
2022-10-19 12:30:00-04:00,9.475000381469727,9.5,9.354999542236328,9.395000457763672,65902,0.0,0.0
2022-10-19 13:30:00-04:00,9.399999618530273,9.479999542236328,9.395000457763672,9.449999809265137,63766,0.0,0.0
2022-10-19 14:30:00-04:00,9.449999809265137,9.460000038146973,9.414999961853027,9.430000305175781,70909,0.0,0.0
2022-10-19 15:30:00-04:00,9.4350004196167,9.460000038146973,9.383500099182129,9.460000038146973,148083,0.0,0.0
2022-10-20 09:30:00-04:00,9.390000343322754,9.454999923706055,9.270000457763672,9.399999618530273,171264,0.0,0.0
2022-10-20 10:30:00-04:00,9.399999618530273,9.492199897766113,9.380000114440918,9.430000305175781,134921,0.0,0.0
2022-10-20 11:30:00-04:00,9.4399995803833,9.449999809265137,9.319999694824219,9.329999923706055,64560,0.0,0.0
2022-10-20 12:30:00-04:00,9.324999809265137,9.32509994506836,9.25,9.289999961853027,34870,0.0,0.0
2022-10-20 13:30:00-04:00,9.28499984741211,9.3100004196167,9.22070026397705,9.22070026397705,39336,0.0,0.0
2022-10-20 14:30:00-04:00,9.220000267028809,9.270000457763672,9.220000267028809,9.255000114440918,37592,0.0,0.0
2022-10-20 15:30:00-04:00,9.255000114440918,9.3100004196167,9.25,9.289999961853027,101497,0.0,0.0
2022-10-21 09:30:00-04:00,9.359999656677246,9.40999984741211,9.25,9.270000457763672,82818,0.0,0.0
2022-10-21 10:30:00-04:00,9.270000457763672,9.354999542236328,9.220000267028809,9.34000015258789,44032,0.0,0.0
2022-10-21 11:30:00-04:00,9.350000381469727,9.380000114440918,9.319999694824219,9.364999771118164,55333,0.0,0.0
2022-10-21 12:30:00-04:00,9.364999771118164,9.460000038146973,9.359999656677246,9.4399995803833,38994,0.0,0.0
2022-10-21 13:30:00-04:00,9.439000129699707,9.479999542236328,9.430000305175781,9.430000305175781,38386,0.0,0.0
2022-10-21 14:30:00-04:00,9.430000305175781,9.489999771118164,9.425000190734863,9.449999809265137,52555,0.0,0.0
2022-10-21 15:30:00-04:00,9.454999923706055,9.470000267028809,9.430000305175781,9.470000267028809,81924,0.0,0.0
2022-10-24 09:30:00-04:00,9.5,9.565400123596191,9.359999656677246,9.460000038146973,162880,0.0,0.0
2022-10-24 10:30:00-04:00,9.449999809265137,9.517999649047852,9.390000343322754,9.517999649047852,38218,0.0,0.0
2022-10-24 11:30:00-04:00,9.510000228881836,9.5649995803833,9.510000228881836,9.5600004196167,47748,0.0,0.0
2022-10-24 12:30:00-04:00,9.555000305175781,9.609999656677246,9.510000228881836,9.529999732971191,44814,0.0,0.0
2022-10-24 13:30:00-04:00,9.53499984741211,9.550000190734863,9.522000312805176,9.545000076293945,32439,0.0,0.0
2022-10-24 14:30:00-04:00,9.545000076293945,9.579999923706055,9.520000457763672,9.579999923706055,52438,0.0,0.0
2022-10-24 15:30:00-04:00,9.579999923706055,9.59000015258789,9.550000190734863,9.579999923706055,142955,0.0,0.0
2022-10-25 09:30:00-04:00,9.569999694824219,9.699999809265137,9.4399995803833,9.670000076293945,212393,0.0,0.0
2022-10-25 10:30:00-04:00,9.670000076293945,9.6899995803833,9.630000114440918,9.654999732971191,32295,0.0,0.0
2022-10-25 11:30:00-04:00,9.640000343322754,9.680000305175781,9.619999885559082,9.630000114440918,47954,0.0,0.0
2022-10-25 12:30:00-04:00,9.625,9.670000076293945,9.625,9.65999984741211,16963,0.0,0.0
2022-10-25 13:30:00-04:00,9.65999984741211,9.760000228881836,9.65999984741211,9.755000114440918,49720,0.0,0.0
2022-10-25 14:30:00-04:00,9.760000228881836,9.774999618530273,9.725000381469727,9.75,42412,0.0,0.0
2022-10-25 15:30:00-04:00,9.744999885559082,9.779999732971191,9.729999542236328,9.75,76653,0.0,0.0
2022-10-26 09:30:00-04:00,9.779999732971191,9.8100004196167,9.699999809265137,9.734999656677246,207254,0.0,0.0
2022-10-26 10:30:00-04:00,9.720000267028809,9.805000305175781,9.65999984741211,9.784199714660645,157491,0.0,0.0
2022-10-26 11:30:00-04:00,9.779999732971191,9.854999542236328,9.770000457763672,9.84000015258789,95107,0.0,0.0
2022-10-26 12:30:00-04:00,9.84000015258789,9.84000015258789,9.720000267028809,9.720000267028809,28859,0.0,0.0
2022-10-26 13:30:00-04:00,9.710000038146973,9.795000076293945,9.6899995803833,9.720000267028809,102154,0.0,0.0
2022-10-26 14:30:00-04:00,9.720000267028809,9.770000457763672,9.68529987335205,9.68529987335205,92499,0.0,0.0
2022-10-26 15:30:00-04:00,9.6850004196167,9.699999809265137,9.619999885559082,9.619999885559082,73553,0.0,0.0
2022-10-27 09:30:00-04:00,9.59000015258789,9.648900032043457,9.390000343322754,9.479999542236328,67112,0.0,0.0
2022-10-27 10:30:00-04:00,9.479999542236328,9.5,9.430000305175781,9.460000038146973,54201,0.0,0.0
2022-10-27 11:30:00-04:00,9.449999809265137,9.449999809265137,9.319999694824219,9.319999694824219,53382,0.0,0.0
2022-10-27 12:30:00-04:00,9.3100004196167,9.369999885559082,9.270000457763672,9.270000457763672,60859,0.0,0.0
2022-10-27 13:30:00-04:00,9.270000457763672,9.300000190734863,9.21500015258789,9.21500015258789,74818,0.0,0.0
2022-10-27 14:30:00-04:00,9.21500015258789,9.229999542236328,9.085000038146973,9.085000038146973,108373,0.0,0.0
2022-10-27 15:30:00-04:00,9.079999923706055,9.140000343322754,9.039999961853027,9.119999885559082,208785,0.0,0.0
2022-10-28 09:30:00-04:00,9.119999885559082,9.140000343322754,8.819999694824219,8.910099983215332,317075,0.0,0.0
2022-10-28 10:30:00-04:00,8.90999984741211,8.979999542236328,8.824999809265137,8.869999885559082,58910,0.0,0.0
2022-10-28 11:30:00-04:00,8.880000114440918,9.009200096130371,8.864999771118164,9.0,95266,0.0,0.0
2022-10-28 12:30:00-04:00,9.010000228881836,9.039999961853027,9.005000114440918,9.024999618530273,40467,0.0,0.0
2022-10-28 13:30:00-04:00,9.020000457763672,9.109999656677246,9.020000457763672,9.100000381469727,63999,0.0,0.0
2022-10-28 14:30:00-04:00,9.109999656677246,9.225000381469727,9.109999656677246,9.204999923706055,130566,0.0,0.0
2022-10-28 15:30:00-04:00,9.199999809265137,9.28499984741211,9.194999694824219,9.270000457763672,191697,0.0,0.0
2022-10-31 09:30:00-04:00,9.220000267028809,9.375,9.170000076293945,9.345000267028809,206345,0.0,0.0
2022-10-31 10:30:00-04:00,9.350000381469727,9.411299705505371,9.279999732971191,9.3149995803833,88814,0.0,0.0
2022-10-31 11:30:00-04:00,9.319999694824219,9.414999961853027,9.3149995803833,9.354999542236328,73396,0.0,0.0
2022-10-31 12:30:00-04:00,9.350000381469727,9.470000267028809,9.345000267028809,9.40999984741211,87706,0.0,0.0
2022-10-31 13:30:00-04:00,9.411299705505371,9.475000381469727,9.40999984741211,9.414999961853027,73760,0.0,0.0
2022-10-31 14:30:00-04:00,9.414999961853027,9.460000038146973,9.399999618530273,9.4399995803833,74806,0.0,0.0
2022-10-31 15:30:00-04:00,9.4350004196167,9.460000038146973,9.420000076293945,9.4399995803833,141298,0.0,0.0
2022-11-01 09:30:00-04:00,9.59000015258789,9.710000038146973,9.420000076293945,9.640800476074219,176594,0.0,0.0
2022-11-01 10:30:00-04:00,9.64009952545166,9.680000305175781,9.569999694824219,9.645000457763672,53292,0.0,0.0
2022-11-01 11:30:00-04:00,9.649999618530273,9.670000076293945,9.5649995803833,9.635000228881836,129788,0.0,0.0
2022-11-01 12:30:00-04:00,9.640000343322754,9.664999961853027,9.5649995803833,9.65999984741211,120803,0.0,0.0
2022-11-01 13:30:00-04:00,9.649999618530273,9.729999542236328,9.625,9.710000038146973,59261,0.0,0.0
2022-11-01 14:30:00-04:00,9.704999923706055,9.744999885559082,9.699999809265137,9.725000381469727,67482,0.0,0.0
2022-11-01 15:30:00-04:00,9.729999542236328,9.760000228881836,9.710000038146973,9.71500015258789,142808,0.0,0.0
2022-11-02 09:30:00-04:00,9.680000305175781,9.680000305175781,9.460000038146973,9.59000015258789,184728,0.0,0.0
2022-11-02 10:30:00-04:00,9.579999923706055,9.645000457763672,9.569999694824219,9.625,90157,0.0,0.0
2022-11-02 11:30:00-04:00,9.619999885559082,9.73009967803955,9.609999656677246,9.6850004196167,109572,0.0,0.0
2022-11-02 12:30:00-04:00,9.675000190734863,9.869999885559082,9.649999618530273,9.859999656677246,147206,0.0,0.0
2022-11-02 13:30:00-04:00,9.863800048828125,10.0600004196167,9.84000015258789,10.045000076293945,132601,0.0,0.0
2022-11-02 14:30:00-04:00,10.050000190734863,10.056099891662598,9.65999984741211,9.6899995803833,150783,0.0,0.0
2022-11-02 15:30:00-04:00,9.6899995803833,9.720000267028809,9.600000381469727,9.609999656677246,126619,0.0,0.0
2022-11-03 09:30:00-04:00,9.4399995803833,9.600000381469727,9.329999923706055,9.555000305175781,209259,0.0,0.0
2022-11-03 10:30:00-04:00,9.550000190734863,9.704999923706055,9.539999961853027,9.671799659729004,52671,0.0,0.0
2022-11-03 11:30:00-04:00,9.670000076293945,9.6899995803833,9.569999694824219,9.59000015258789,55325,0.0,0.0
2022-11-03 12:30:00-04:00,9.59000015258789,9.649999618530273,9.550000190734863,9.585000038146973,65071,0.0,0.0
2022-11-03 13:30:00-04:00,9.579999923706055,9.59000015258789,9.539999961853027,9.5600004196167,37549,0.0,0.0
2022-11-03 14:30:00-04:00,9.5600004196167,9.569999694824219,9.529999732971191,9.53499984741211,77726,0.0,0.0
2022-11-03 15:30:00-04:00,9.529999732971191,9.539999961853027,9.399999618530273,9.425000190734863,189236,0.0,0.0
2022-11-04 09:30:00-04:00,9.520000457763672,9.8149995803833,9.520000457763672,9.8100004196167,208554,0.0,0.0
2022-11-04 10:30:00-04:00,9.818900108337402,9.824999809265137,9.710000038146973,9.71500015258789,145749,0.0,0.0
2022-11-04 11:30:00-04:00,9.710000038146973,9.734999656677246,9.5600004196167,9.59000015258789,120642,0.0,0.0
2022-11-04 12:30:00-04:00,9.59000015258789,9.649999618530273,9.550000190734863,9.649999618530273,48460,0.0,0.0
2022-11-04 13:30:00-04:00,9.654999732971191,9.654999732971191,9.569999694824219,9.579999923706055,110735,0.0,0.0
2022-11-04 14:30:00-04:00,9.579999923706055,9.84000015258789,9.569999694824219,9.824999809265137,261747,0.0,0.0
2022-11-04 15:30:00-04:00,9.819999694824219,9.854999542236328,9.800000190734863,9.84000015258789,123494,0.0,0.0
2022-11-07 09:30:00-05:00,9.90999984741211,10.095000267028809,9.899999618530273,10.029999732971191,211655,0.0,0.0
2022-11-07 10:30:00-05:00,10.039999961853027,10.15999984741211,10.039999961853027,10.15999984741211,85048,0.0,0.0
2022-11-07 11:30:00-05:00,10.170000076293945,10.180000305175781,9.960000038146973,9.96500015258789,157532,0.0,0.0
2022-11-07 12:30:00-05:00,9.970000267028809,10.020000457763672,9.890000343322754,10.015000343322754,104597,0.0,0.0
2022-11-07 13:30:00-05:00,10.015000343322754,10.119999885559082,9.994999885559082,10.039999961853027,105568,0.0,0.0
2022-11-07 14:30:00-05:00,10.039999961853027,10.039999961853027,9.949999809265137,9.984999656677246,63317,0.0,0.0
2022-11-07 15:30:00-05:00,9.989999771118164,10.0,9.960000038146973,9.979999542236328,112347,0.0,0.0
2022-11-08 09:30:00-05:00,9.989999771118164,10.010000228881836,9.854999542236328,9.869999885559082,63625,0.0,0.0
2022-11-08 10:30:00-05:00,9.869999885559082,9.989999771118164,9.860099792480469,9.979999542236328,90188,0.0,0.0
2022-11-08 11:30:00-05:00,9.970000267028809,9.989999771118164,9.890000343322754,9.890000343322754,28756,0.0,0.0
2022-11-08 12:30:00-05:00,9.895000457763672,9.895000457763672,9.755000114440918,9.755000114440918,25242,0.0,0.0
2022-11-08 13:30:00-05:00,9.75,9.8149995803833,9.680000305175781,9.680700302124023,38542,0.0,0.0
2022-11-08 14:30:00-05:00,9.6899995803833,9.755000114440918,9.675000190734863,9.75,28963,0.0,0.0
2022-11-08 15:30:00-05:00,9.744999885559082,9.890000343322754,9.744999885559082,9.850000381469727,186395,0.0,0.0
2022-11-09 09:30:00-05:00,9.850000381469727,9.850000381469727,9.710000038146973,9.720000267028809,80254,0.0,0.0
2022-11-09 10:30:00-05:00,9.729999542236328,9.739999771118164,9.5649995803833,9.569999694824219,60018,0.0,0.0
2022-11-09 11:30:00-05:00,9.5600004196167,9.619999885559082,9.524999618530273,9.545000076293945,37488,0.0,0.0
2022-11-09 12:30:00-05:00,9.555000305175781,9.569999694824219,9.460000038146973,9.460000038146973,51970,0.0,0.0
2022-11-09 13:30:00-05:00,9.460000038146973,9.489999771118164,9.430000305175781,9.470000267028809,57218,0.0,0.0
2022-11-09 14:30:00-05:00,9.460000038146973,9.46500015258789,9.390000343322754,9.40999984741211,51643,0.0,0.0
2022-11-09 15:30:00-05:00,9.404999732971191,9.404999732971191,9.34000015258789,9.34000015258789,135128,0.0,0.0
2022-11-10 09:30:00-05:00,9.649999618530273,9.720000267028809,9.539999961853027,9.654399871826172,309016,0.0,0.0
2022-11-10 10:30:00-05:00,9.649999618530273,9.719900131225586,9.630000114440918,9.640000343322754,64026,0.0,0.0
2022-11-10 11:30:00-05:00,9.649999618530273,9.6850004196167,9.640000343322754,9.65999984741211,39980,0.0,0.0
2022-11-10 12:30:00-05:00,9.649999618530273,9.652400016784668,9.571999549865723,9.609999656677246,53461,0.0,0.0
2022-11-10 13:30:00-05:00,9.609999656677246,9.640000343322754,9.5600004196167,9.579999923706055,68154,0.0,0.0
2022-11-10 14:30:00-05:00,9.59000015258789,9.704999923706055,9.585000038146973,9.704999923706055,81546,0.0,0.0
2022-11-10 15:30:00-05:00,9.704999923706055,9.710000038146973,9.670000076293945,9.670000076293945,125779,0.0,0.0
2022-11-11 09:30:00-05:00,9.829999923706055,10.04069995880127,9.760000228881836,10.024999618530273,138237,0.0,0.0
2022-11-11 10:30:00-05:00,10.024999618530273,10.024999618530273,9.899999618530273,10.0,84421,0.0,0.0
2022-11-11 11:30:00-05:00,10.010000228881836,10.079999923706055,9.979999542236328,10.044500350952148,120251,0.0,0.0
2022-11-11 12:30:00-05:00,10.050000190734863,10.119999885559082,10.022700309753418,10.114999771118164,71639,0.0,0.0
2022-11-11 13:30:00-05:00,10.114999771118164,10.119999885559082,10.0600004196167,10.079999923706055,43311,0.0,0.0
2022-11-11 14:30:00-05:00,10.069999694824219,10.089900016784668,9.979999542236328,9.984999656677246,76479,0.0,0.0
2022-11-11 15:30:00-05:00,9.984999656677246,10.069999694824219,9.984999656677246,10.020000457763672,136672,0.0,0.0
2022-11-14 09:30:00-05:00,10.039999961853027,10.114999771118164,9.880000114440918,10.069999694824219,136553,0.0,0.0
2022-11-14 10:30:00-05:00,10.069999694824219,10.220000267028809,10.050000190734863,10.220000267028809,83256,0.0,0.0
2022-11-14 11:30:00-05:00,10.210000038146973,10.239999771118164,10.125,10.17199993133545,94990,0.0,0.0
2022-11-14 12:30:00-05:00,10.180000305175781,10.220000267028809,10.135000228881836,10.210000038146973,69683,0.0,0.0
2022-11-14 13:30:00-05:00,10.21500015258789,10.244999885559082,10.130000114440918,10.130000114440918,52648,0.0,0.0
2022-11-14 14:30:00-05:00,10.130000114440918,10.180000305175781,10.0600004196167,10.085000038146973,89920,0.0,0.0
2022-11-14 15:30:00-05:00,10.079999923706055,10.119999885559082,10.050000190734863,10.079999923706055,158386,0.0,0.0
2022-11-15 09:30:00-05:00,10.210000038146973,10.319999694824219,10.175000190734863,10.300000190734863,221730,0.0,0.0
2022-11-15 10:30:00-05:00,10.300000190734863,10.319999694824219,10.175000190734863,10.21399974822998,89730,0.0,0.0
2022-11-15 11:30:00-05:00,10.210000038146973,10.210000038146973,10.140000343322754,10.175000190734863,46181,0.0,0.0
2022-11-15 12:30:00-05:00,10.175000190734863,10.1899995803833,10.104999542236328,10.114999771118164,69779,0.0,0.0
2022-11-15 13:30:00-05:00,10.119999885559082,10.229999542236328,10.100000381469727,10.229999542236328,129472,0.0,0.0
2022-11-15 14:30:00-05:00,10.234999656677246,10.274999618530273,10.194999694824219,10.255000114440918,72691,0.0,0.0
2022-11-15 15:30:00-05:00,10.25,10.260000228881836,10.199999809265137,10.239999771118164,149802,0.0,0.0
2022-11-16 09:30:00-05:00,10.119999885559082,10.289999961853027,9.869999885559082,9.869999885559082,186174,0.0,0.0
2022-11-16 10:30:00-05:00,9.869999885559082,9.890000343322754,9.807499885559082,9.864999771118164,66988,0.0,0.0
2022-11-16 11:30:00-05:00,9.86870002746582,9.949999809265137,9.845000267028809,9.859999656677246,56176,0.0,0.0
2022-11-16 12:30:00-05:00,9.864999771118164,9.930000305175781,9.850000381469727,9.859999656677246,115085,0.0,0.0
2022-11-16 13:30:00-05:00,9.859999656677246,9.864999771118164,9.789999961853027,9.84000015258789,40338,0.0,0.0
2022-11-16 14:30:00-05:00,9.835000038146973,9.845000267028809,9.75,9.75,81430,0.0,0.0
2022-11-16 15:30:00-05:00,9.75,9.869999885559082,9.75,9.84000015258789,128632,0.0,0.0
2022-11-17 09:30:00-05:00,9.75,9.75,9.529999732971191,9.75,106474,0.0,0.0
2022-11-17 10:30:00-05:00,9.729999542236328,9.729999542236328,9.585000038146973,9.59000015258789,80137,0.0,0.0
2022-11-17 11:30:00-05:00,9.569999694824219,9.630000114440918,9.529999732971191,9.609999656677246,72567,0.0,0.0
2022-11-17 12:30:00-05:00,9.600000381469727,9.670000076293945,9.595000267028809,9.640000343322754,30205,0.0,0.0
2022-11-17 13:30:00-05:00,9.630000114440918,9.704999923706055,9.630000114440918,9.649999618530273,45189,0.0,0.0
2022-11-17 14:30:00-05:00,9.645000457763672,9.710000038146973,9.640000343322754,9.699999809265137,59108,0.0,0.0
2022-11-17 15:30:00-05:00,9.694999694824219,9.770000457763672,9.694999694824219,9.770000457763672,71140,0.0,0.0
2022-11-18 09:30:00-05:00,9.84000015258789,9.84000015258789,9.670000076293945,9.710000038146973,99959,0.0,0.0
2022-11-18 10:30:00-05:00,9.710000038146973,9.739999771118164,9.640000343322754,9.65999984741211,38722,0.0,0.0
2022-11-18 11:30:00-05:00,9.649999618530273,9.689599990844727,9.569999694824219,9.604999542236328,63896,0.0,0.0
2022-11-18 12:30:00-05:00,9.600000381469727,9.640000343322754,9.579999923706055,9.640000343322754,63797,0.0,0.0
2022-11-18 13:30:00-05:00,9.640000343322754,9.680000305175781,9.625,9.664999961853027,45707,0.0,0.0
2022-11-18 14:30:00-05:00,9.670000076293945,9.71500015258789,9.640000343322754,9.710000038146973,48917,0.0,0.0
2022-11-18 15:30:00-05:00,9.720000267028809,9.729999542236328,9.680000305175781,9.699999809265137,81689,0.0,0.0
2022-11-21 09:30:00-05:00,9.630000114440918,9.680000305175781,9.479999542236328,9.5600004196167,90898,0.0,0.0
2022-11-21 10:30:00-05:00,9.550000190734863,9.569999694824219,9.484999656677246,9.555000305175781,112973,0.0,0.0
2022-11-21 11:30:00-05:00,9.550000190734863,9.640000343322754,9.550000190734863,9.600000381469727,49576,0.0,0.0
2022-11-21 12:30:00-05:00,9.609999656677246,9.675000190734863,9.609999656677246,9.619999885559082,121100,0.0,0.0
2022-11-21 13:30:00-05:00,9.630000114440918,9.649999618530273,9.604999542236328,9.630000114440918,70435,0.0,0.0
2022-11-21 14:30:00-05:00,9.62090015411377,9.640000343322754,9.609999656677246,9.614999771118164,32526,0.0,0.0
2022-11-21 15:30:00-05:00,9.619999885559082,9.699999809265137,9.614999771118164,9.694999694824219,190290,0.0,0.0
2022-11-22 09:30:00-05:00,9.6899995803833,9.84000015258789,9.6899995803833,9.84000015258789,83924,0.0,0.0
2022-11-22 10:30:00-05:00,9.835000038146973,9.850000381469727,9.800000190734863,9.8100004196167,26696,0.0,0.0
2022-11-22 11:30:00-05:00,9.800000190734863,9.800000190734863,9.72599983215332,9.744999885559082,34608,0.0,0.0
2022-11-22 12:30:00-05:00,9.739999771118164,9.779999732971191,9.71500015258789,9.779999732971191,31221,0.0,0.0
2022-11-22 13:30:00-05:00,9.779999732971191,9.8149995803833,9.729999542236328,9.733599662780762,50537,0.0,0.0
2022-11-22 14:30:00-05:00,9.73009967803955,9.73009967803955,9.670000076293945,9.71500015258789,60678,0.0,0.0
2022-11-22 15:30:00-05:00,9.71500015258789,9.729999542236328,9.694999694824219,9.704999923706055,78840,0.0,0.0
2022-11-23 09:30:00-05:00,9.729999542236328,9.885000228881836,9.729999542236328,9.824999809265137,108033,0.0,0.0
2022-11-23 10:30:00-05:00,9.819999694824219,9.84000015258789,9.760000228881836,9.770000457763672,34360,0.0,0.0
2022-11-23 11:30:00-05:00,9.770000457763672,9.789999961853027,9.729999542236328,9.765000343322754,43615,0.0,0.0
2022-11-23 12:30:00-05:00,9.770000457763672,9.805000305175781,9.751799583435059,9.779999732971191,44701,0.0,0.0
2022-11-23 13:30:00-05:00,9.779999732971191,9.800000190734863,9.770000457763672,9.78499984741211,46653,0.0,0.0
2022-11-23 14:30:00-05:00,9.779999732971191,9.8100004196167,9.75,9.770000457763672,46454,0.0,0.0
2022-11-23 15:30:00-05:00,9.765000343322754,9.8100004196167,9.760000228881836,9.8100004196167,97732,0.0,0.0
2022-11-25 09:30:00-05:00,9.789999961853027,10.079999923706055,9.789999961853027,10.055000305175781,117830,0.0,0.0
2022-11-25 10:30:00-05:00,10.050000190734863,10.0600004196167,9.944999694824219,9.975000381469727,40330,0.0,0.0
2022-11-25 11:30:00-05:00,9.96500015258789,10.039999961853027,9.944999694824219,10.039999961853027,50992,0.0,0.0
2022-11-28 09:30:00-05:00,9.859999656677246,9.859999656677246,9.649999618530273,9.654999732971191,83261,0.0,0.0
2022-11-28 10:30:00-05:00,9.65999984741211,9.680000305175781,9.529999732971191,9.539999961853027,162979,0.0,0.0
2022-11-28 11:30:00-05:00,9.539999961853027,9.670000076293945,9.53499984741211,9.65999984741211,49378,0.0,0.0
2022-11-28 12:30:00-05:00,9.65999984741211,9.710000038146973,9.649999618530273,9.6899995803833,34657,0.0,0.0
2022-11-28 13:30:00-05:00,9.6899995803833,9.6899995803833,9.645000457763672,9.649999618530273,27050,0.0,0.0
2022-11-28 14:30:00-05:00,9.649999618530273,9.670000076293945,9.600000381469727,9.604299545288086,53524,0.0,0.0
2022-11-28 15:30:00-05:00,9.604999542236328,9.625,9.579999923706055,9.585000038146973,114539,0.0,0.0
2022-11-29 09:30:00-05:00,9.649999618530273,9.805000305175781,9.5600004196167,9.774999618530273,71490,0.0,0.0
2022-11-29 10:30:00-05:00,9.779999732971191,9.84000015258789,9.675000190734863,9.675000190734863,161463,0.0,0.0
2022-11-29 11:30:00-05:00,9.680000305175781,9.6899995803833,9.5649995803833,9.5649995803833,26153,0.0,0.0
2022-11-29 12:30:00-05:00,9.569999694824219,9.600000381469727,9.539999961853027,9.539999961853027,31435,0.0,0.0
2022-11-29 13:30:00-05:00,9.545000076293945,9.579999923706055,9.510000228881836,9.534799575805664,43344,0.0,0.0
2022-11-29 14:30:00-05:00,9.53499984741211,9.539999961853027,9.510000228881836,9.520000457763672,34217,0.0,0.0
2022-11-29 15:30:00-05:00,9.524999618530273,9.5600004196167,9.515000343322754,9.550000190734863,114032,0.0,0.0
2022-11-30 09:30:00-05:00,9.630000114440918,9.680000305175781,9.505000114440918,9.510000228881836,77681,0.0,0.0
2022-11-30 10:30:00-05:00,9.510000228881836,9.520000457763672,9.46500015258789,9.484999656677246,41031,0.0,0.0
2022-11-30 11:30:00-05:00,9.489999771118164,9.529999732971191,9.460000038146973,9.470000267028809,48056,0.0,0.0
2022-11-30 12:30:00-05:00,9.475000381469727,9.515000343322754,9.460000038146973,9.484999656677246,45149,0.0,0.0
2022-11-30 13:30:00-05:00,9.479999542236328,9.6899995803833,9.470000267028809,9.649999618530273,356871,0.0,0.0
2022-11-30 14:30:00-05:00,9.645000457763672,9.645000457763672,9.604700088500977,9.619999885559082,58161,0.0,0.0
2022-11-30 15:30:00-05:00,9.625,9.649999618530273,9.595000267028809,9.630000114440918,107978,0.0,0.0
2022-12-01 09:30:00-05:00,9.670000076293945,9.739999771118164,9.555000305175781,9.555000305175781,50404,0.0,0.0
2022-12-01 10:30:00-05:00,9.545000076293945,9.581000328063965,9.505000114440918,9.505000114440918,42863,0.0,0.0
2022-12-01 11:30:00-05:00,9.510000228881836,9.524999618530273,9.354999542236328,9.354999542236328,77659,0.0,0.0
2022-12-01 12:30:00-05:00,9.354999542236328,9.399999618530273,9.335000038146973,9.350000381469727,67413,0.0,0.0
2022-12-01 13:30:00-05:00,9.350000381469727,9.40999984741211,9.335000038146973,9.385000228881836,55730,0.0,0.0
2022-12-01 14:30:00-05:00,9.385000228881836,9.454999923706055,9.375,9.4399995803833,80136,0.0,0.0
2022-12-01 15:30:00-05:00,9.4399995803833,9.484999656677246,9.420000076293945,9.430000305175781,107115,0.0,0.0
2022-12-02 09:30:00-05:00,9.350000381469727,9.359999656677246,9.25,9.319999694824219,81983,0.0,0.0
2022-12-02 10:30:00-05:00,9.329999923706055,9.350000381469727,9.319999694824219,9.345000267028809,21418,0.0,0.0
2022-12-02 11:30:00-05:00,9.350099563598633,9.395000457763672,9.34000015258789,9.345000267028809,54526,0.0,0.0
2022-12-02 12:30:00-05:00,9.342700004577637,9.350000381469727,9.324999809265137,9.350000381469727,25931,0.0,0.0
2022-12-02 13:30:00-05:00,9.350000381469727,9.399999618530273,9.350000381469727,9.380000114440918,23226,0.0,0.0
2022-12-02 14:30:00-05:00,9.380000114440918,9.479999542236328,9.380000114440918,9.476499557495117,66390,0.0,0.0
2022-12-02 15:30:00-05:00,9.479999542236328,9.489999771118164,9.454999923706055,9.484999656677246,62671,0.0,0.0
2022-12-05 09:30:00-05:00,9.5,9.59000015258789,9.4399995803833,9.4399995803833,80988,0.0,0.0
2022-12-05 10:30:00-05:00,9.4399995803833,9.4399995803833,9.329999923706055,9.350000381469727,59479,0.0,0.0
2022-12-05 11:30:00-05:00,9.354999542236328,9.354999542236328,9.199999809265137,9.204999923706055,56362,0.0,0.0
2022-12-05 12:30:00-05:00,9.199999809265137,9.239999771118164,9.170000076293945,9.1850004196167,65358,0.0,0.0
2022-12-05 13:30:00-05:00,9.180000305175781,9.1899995803833,9.119999885559082,9.139900207519531,78172,0.0,0.0
2022-12-05 14:30:00-05:00,9.135000228881836,9.15999984741211,9.109999656677246,9.145000457763672,57429,0.0,0.0
2022-12-05 15:30:00-05:00,9.145000457763672,9.210000038146973,9.145000457763672,9.210000038146973,98819,0.0,0.0
2022-12-06 09:30:00-05:00,9.180000305175781,9.270000457763672,9.140000343322754,9.1899995803833,60360,0.0,0.0
2022-12-06 10:30:00-05:00,9.18589973449707,9.21500015258789,9.145000457763672,9.1899995803833,47243,0.0,0.0
2022-12-06 11:30:00-05:00,9.199999809265137,9.21500015258789,9.145000457763672,9.170000076293945,41544,0.0,0.0
2022-12-06 12:30:00-05:00,9.15999984741211,9.15999984741211,9.0,9.020000457763672,125152,0.0,0.0
2022-12-06 13:30:00-05:00,9.010899543762207,9.0600004196167,9.0,9.009900093078613,57999,0.0,0.0
2022-12-06 14:30:00-05:00,9.010000228881836,9.010000228881836,8.930000305175781,8.979999542236328,75325,0.0,0.0
2022-12-06 15:30:00-05:00,8.984999656677246,9.069999694824219,8.984999656677246,9.0649995803833,75055,0.0,0.0
2022-12-07 09:30:00-05:00,9.020000457763672,9.020000457763672,8.750100135803223,8.789999961853027,85498,0.0,0.0
2022-12-07 10:30:00-05:00,8.78499984741211,8.869999885559082,8.774999618530273,8.819999694824219,65315,0.0,0.0
2022-12-07 11:30:00-05:00,8.819999694824219,8.86970043182373,8.795000076293945,8.819999694824219,42108,0.0,0.0
2022-12-07 12:30:00-05:00,8.8149995803833,8.84000015258789,8.789999961853027,8.795000076293945,20130,0.0,0.0
2022-12-07 13:30:00-05:00,8.795000076293945,8.8100004196167,8.770000457763672,8.78499984741211,46701,0.0,0.0
2022-12-07 14:30:00-05:00,8.78499984741211,8.819999694824219,8.78499984741211,8.8149995803833,55118,0.0,0.0
2022-12-07 15:30:00-05:00,8.8100004196167,8.8149995803833,8.760000228881836,8.770000457763672,86596,0.0,0.0
2022-12-08 09:30:00-05:00,8.84000015258789,9.055000305175781,8.819999694824219,9.039999961853027,53119,0.0,0.0
2022-12-08 10:30:00-05:00,9.029999732971191,9.0649995803833,8.989999771118164,9.029999732971191,36834,0.0,0.0
2022-12-08 11:30:00-05:00,9.03499984741211,9.048800468444824,9.015000343322754,9.015000343322754,17681,0.0,0.0
2022-12-08 12:30:00-05:00,9.010000228881836,9.039999961853027,9.010000228881836,9.039999961853027,12509,0.0,0.0
2022-12-08 13:30:00-05:00,9.039999961853027,9.050000190734863,8.989999771118164,9.020000457763672,41300,0.0,0.0
2022-12-08 14:30:00-05:00,9.020000457763672,9.029999732971191,8.989999771118164,9.015000343322754,40473,0.0,0.0
2022-12-08 15:30:00-05:00,9.020000457763672,9.020000457763672,8.989999771118164,9.015000343322754,43919,0.0,0.0
2022-12-09 09:30:00-05:00,9.010000228881836,9.079500198364258,8.9399995803833,9.059000015258789,98592,0.0,0.0
2022-12-09 10:30:00-05:00,9.050000190734863,9.0649995803833,8.988499641418457,9.0649995803833,59949,0.0,0.0
2022-12-09 11:30:00-05:00,9.0600004196167,9.079999923706055,8.9399995803833,8.9399995803833,74851,0.0,0.0
2022-12-09 12:30:00-05:00,8.949999809265137,8.984999656677246,8.9399995803833,8.954999923706055,57854,0.0,0.0
2022-12-09 13:30:00-05:00,8.960000038146973,9.029999732971191,8.960000038146973,9.028800010681152,47711,0.0,0.0
2022-12-09 14:30:00-05:00,9.029999732971191,9.069999694824219,9.010000228881836,9.03499984741211,73133,0.0,0.0
2022-12-09 15:30:00-05:00,9.039999961853027,9.045000076293945,9.020000457763672,9.029999732971191,65306,0.0,0.0
2022-12-12 09:30:00-05:00,9.039999961853027,9.055000305175781,8.970000267028809,8.974100112915039,52613,0.0,0.0
2022-12-12 10:30:00-05:00,8.960000038146973,8.979999542236328,8.914999961853027,8.970000267028809,42512,0.0,0.0
2022-12-12 11:30:00-05:00,8.970000267028809,9.0,8.960000038146973,8.989999771118164,20435,0.0,0.0
2022-12-12 12:30:00-05:00,8.994999885559082,9.005000114440918,8.951899528503418,8.951899528503418,29976,0.0,0.0
2022-12-12 13:30:00-05:00,8.954999923706055,8.984999656677246,8.9350004196167,8.949999809265137,37576,0.0,0.0
2022-12-12 14:30:00-05:00,8.9399995803833,8.970000267028809,8.930000305175781,8.970000267028809,50537,0.0,0.0
2022-12-12 15:30:00-05:00,8.970000267028809,8.979999542236328,8.920000076293945,8.9350004196167,53685,0.0,0.0
2022-12-13 09:30:00-05:00,9.100000381469727,9.270000457763672,9.100000381469727,9.114999771118164,147937,0.0,0.0
2022-12-13 10:30:00-05:00,9.109999656677246,9.130000114440918,9.0649995803833,9.114999771118164,34893,0.0,0.0
2022-12-13 11:30:00-05:00,9.119999885559082,9.130000114440918,9.0600004196167,9.09000015258789,49333,0.0,0.0
2022-12-13 12:30:00-05:00,9.085000038146973,9.085000038146973,9.020000457763672,9.049300193786621,34163,0.0,0.0
2022-12-13 13:30:00-05:00,9.050000190734863,9.0600004196167,9.01930046081543,9.020099639892578,45428,0.0,0.0
2022-12-13 14:30:00-05:00,9.020000457763672,9.029999732971191,8.954999923706055,9.010000228881836,69730,0.0,0.0
2022-12-13 15:30:00-05:00,9.015000343322754,9.039999961853027,9.0,9.039999961853027,78011,0.0,0.0
2022-12-14 09:30:00-05:00,9.050000190734863,9.069999694824219,8.971400260925293,9.050000190734863,69654,0.0,0.0
2022-12-14 10:30:00-05:00,9.039999961853027,9.069999694824219,9.0,9.0,50994,0.0,0.0
2022-12-14 11:30:00-05:00,9.010000228881836,9.03499984741211,8.999099731445312,9.024999618530273,66799,0.0,0.0
2022-12-14 12:30:00-05:00,9.029999732971191,9.045000076293945,8.984999656677246,8.989999771118164,178093,0.0,0.0
2022-12-14 13:30:00-05:00,8.984999656677246,8.989999771118164,8.835000038146973,8.850000381469727,91266,0.0,0.0
2022-12-14 14:30:00-05:00,8.850000381469727,8.970000267028809,8.779999732971191,8.869999885559082,102554,0.0,0.0
2022-12-14 15:30:00-05:00,8.864999771118164,8.920000076293945,8.845000267028809,8.90999984741211,108539,0.0,0.0
2022-12-15 09:30:00-05:00,8.880000114440918,9.029999732971191,8.84000015258789,9.029999732971191,120109,0.0,0.0
2022-12-15 10:30:00-05:00,9.020000457763672,9.029999732971191,8.869999885559082,8.869999885559082,34116,0.0,0.0
2022-12-15 11:30:00-05:00,8.869999885559082,8.930000305175781,8.850000381469727,8.90999984741211,35779,0.0,0.0
2022-12-15 12:30:00-05:00,8.920000076293945,8.926400184631348,8.829999923706055,8.849200248718262,22179,0.0,0.0
2022-12-15 13:30:00-05:00,8.845000267028809,8.899999618530273,8.84000015258789,8.899999618530273,47985,0.0,0.0
2022-12-15 14:30:00-05:00,8.899999618530273,9.0,8.895000457763672,8.994999885559082,65757,0.0,0.0
2022-12-15 15:30:00-05:00,8.999899864196777,9.0,8.930000305175781,8.954999923706055,106086,0.0,0.0
2022-12-16 09:30:00-05:00,8.859999656677246,8.9399995803833,8.779999732971191,8.845000267028809,147626,0.0,0.0
2022-12-16 10:30:00-05:00,8.850000381469727,8.930000305175781,8.835000038146973,8.899999618530273,73890,0.0,0.0
2022-12-16 11:30:00-05:00,8.899999618530273,8.920000076293945,8.8100004196167,8.917499542236328,54417,0.0,0.0
2022-12-16 12:30:00-05:00,8.920000076293945,8.920000076293945,8.850000381469727,8.854999542236328,27287,0.0,0.0
2022-12-16 13:30:00-05:00,8.850000381469727,8.859999656677246,8.8149995803833,8.850000381469727,63415,0.0,0.0
2022-12-16 14:30:00-05:00,8.850000381469727,8.920000076293945,8.84000015258789,8.895000457763672,62628,0.0,0.0
2022-12-16 15:30:00-05:00,8.899999618530273,8.925000190734863,8.84000015258789,8.84000015258789,86505,0.0,0.0
2022-12-19 09:30:00-05:00,8.819999694824219,8.880000114440918,8.719900131225586,8.789999961853027,130948,0.0,0.0
2022-12-19 10:30:00-05:00,8.789999961853027,8.800000190734863,8.720000267028809,8.739999771118164,60110,0.0,0.0
2022-12-19 11:30:00-05:00,8.739999771118164,8.744999885559082,8.670000076293945,8.7322998046875,54388,0.0,0.0
2022-12-19 12:30:00-05:00,8.734999656677246,8.75,8.701199531555176,8.739999771118164,45753,0.0,0.0
2022-12-19 13:30:00-05:00,8.740900039672852,8.740900039672852,8.619999885559082,8.619999885559082,55430,0.0,0.0
2022-12-19 14:30:00-05:00,8.609999656677246,8.680000305175781,8.579999923706055,8.670000076293945,82562,0.0,0.0
2022-12-19 15:30:00-05:00,8.664999961853027,8.680000305175781,8.65999984741211,8.680000305175781,69229,0.0,0.0
2022-12-20 09:30:00-05:00,8.670000076293945,8.84000015258789,8.630000114440918,8.819999694824219,74773,0.0,0.0
2022-12-20 10:30:00-05:00,8.829999923706055,8.880000114440918,8.75,8.760000228881836,37988,0.0,0.0
2022-12-20 11:30:00-05:00,8.770000457763672,8.780900001525879,8.744999885559082,8.75,28149,0.0,0.0
2022-12-20 12:30:00-05:00,8.75,8.824999809265137,8.739999771118164,8.824999809265137,23551,0.0,0.0
2022-12-20 13:30:00-05:00,8.824999809265137,8.859999656677246,8.789999961853027,8.795000076293945,44483,0.0,0.0
2022-12-20 14:30:00-05:00,8.795000076293945,8.84000015258789,8.795000076293945,8.84000015258789,39234,0.0,0.0
2022-12-20 15:30:00-05:00,8.84000015258789,8.880000114440918,8.835000038146973,8.880000114440918,80494,0.0,0.0
2022-12-21 09:30:00-05:00,8.960000038146973,9.180000305175781,8.949999809265137,9.170000076293945,147609,0.0,0.0
2022-12-21 10:30:00-05:00,9.170000076293945,9.204999923706055,9.074999809265137,9.194999694824219,111646,0.0,0.0
2022-12-21 11:30:00-05:00,9.199999809265137,9.220000267028809,9.180000305175781,9.210000038146973,54315,0.0,0.0
2022-12-21 12:30:00-05:00,9.206999778747559,9.229999542236328,9.145000457763672,9.210000038146973,67544,0.0,0.0
2022-12-21 13:30:00-05:00,9.204999923706055,9.270000457763672,9.199999809265137,9.220000267028809,69852,0.0,0.0
2022-12-21 14:30:00-05:00,9.220000267028809,9.229999542236328,9.1850004196167,9.194999694824219,86841,0.0,0.0
2022-12-21 15:30:00-05:00,9.1899995803833,9.199999809265137,9.170000076293945,9.170000076293945,108199,0.0,0.0
2022-12-22 09:30:00-05:00,9.069999694824219,9.09000015258789,8.895000457763672,8.975000381469727,71972,0.0,0.0
2022-12-22 10:30:00-05:00,8.970000267028809,8.970000267028809,8.880000114440918,8.895000457763672,44746,0.0,0.0
2022-12-22 11:30:00-05:00,8.899999618530273,8.920000076293945,8.850000381469727,8.850000381469727,20759,0.0,0.0
2022-12-22 12:30:00-05:00,8.845000267028809,8.850000381469727,8.75,8.75,34819,0.0,0.0
2022-12-22 13:30:00-05:00,8.75,8.779999732971191,8.710000038146973,8.774999618530273,68098,0.0,0.0
2022-12-22 14:30:00-05:00,8.779999732971191,8.819999694824219,8.75,8.805000305175781,69993,0.0,0.0
2022-12-22 15:30:00-05:00,8.805000305175781,8.829999923706055,8.765000343322754,8.819999694824219,99383,0.0,0.0
2022-12-23 09:30:00-05:00,8.84000015258789,8.90999984741211,8.8100004196167,8.895000457763672,52945,0.0,0.0
2022-12-23 10:30:00-05:00,8.899999618530273,8.979999542236328,8.880000114440918,8.960000038146973,58162,0.0,0.0
2022-12-23 11:30:00-05:00,8.960000038146973,9.0,8.954999923706055,8.989999771118164,18959,0.0,0.0
2022-12-23 12:30:00-05:00,8.989999771118164,9.069999694824219,8.989999771118164,9.039999961853027,71038,0.0,0.0
2022-12-23 13:30:00-05:00,9.046899795532227,9.109999656677246,9.039999961853027,9.104999542236328,50874,0.0,0.0
2022-12-23 14:30:00-05:00,9.104999542236328,9.119999885559082,9.083900451660156,9.119999885559082,46396,0.0,0.0
2022-12-23 15:30:00-05:00,9.125,9.125,9.0600004196167,9.0649995803833,78005,0.0,0.0
2022-12-27 09:30:00-05:00,9.09000015258789,9.09000015258789,8.897700309753418,8.949999809265137,67252,0.0,0.0
2022-12-27 10:30:00-05:00,8.957599639892578,8.968000411987305,8.881999969482422,8.881999969482422,27928,0.0,0.0
2022-12-27 11:30:00-05:00,8.88010025024414,8.895099639892578,8.824999809265137,8.835000038146973,54707,0.0,0.0
2022-12-27 12:30:00-05:00,8.831999778747559,9.149999618530273,8.831999778747559,9.095000267028809,233547,0.0,0.0
2022-12-27 13:30:00-05:00,9.095000267028809,9.100000381469727,8.96049976348877,8.970000267028809,93812,0.0,0.0
2022-12-27 14:30:00-05:00,8.979999542236328,9.039999961853027,8.9399995803833,9.039999961853027,55873,0.0,0.0
2022-12-27 15:30:00-05:00,9.03499984741211,9.09000015258789,9.024999618530273,9.079999923706055,77163,0.0,0.0
2022-12-28 09:30:00-05:00,9.010000228881836,9.130000114440918,8.979900360107422,8.989999771118164,96852,0.0,0.0
2022-12-28 10:30:00-05:00,8.979999542236328,9.029999732971191,8.949999809265137,9.024999618530273,80549,0.0,0.0
2022-12-28 11:30:00-05:00,9.026000022888184,9.029999732971191,8.954999923706055,8.975000381469727,36335,0.0,0.0
2022-12-28 12:30:00-05:00,8.972000122070312,9.024999618530273,8.961000442504883,8.984999656677246,45180,0.0,0.0
2022-12-28 13:30:00-05:00,8.984999656677246,8.984999656677246,8.9399995803833,8.970000267028809,62430,0.0,0.0
2022-12-28 14:30:00-05:00,8.970000267028809,9.069999694824219,8.960000038146973,9.0600004196167,147515,0.0,0.0
2022-12-28 15:30:00-05:00,9.0600004196167,9.069999694824219,9.029999732971191,9.069999694824219,75037,0.0,0.0
2022-12-29 09:30:00-05:00,9.100000381469727,9.420000076293945,9.077500343322754,9.25,233072,0.0,0.0
2022-12-29 10:30:00-05:00,9.25,9.359999656677246,9.25,9.354999542236328,66007,0.0,0.0
2022-12-29 11:30:00-05:00,9.354999542236328,9.40999984741211,9.354999542236328,9.399999618530273,51756,0.0,0.0
2022-12-29 12:30:00-05:00,9.40250015258789,9.409600257873535,9.380000114440918,9.390000343322754,28267,0.0,0.0
2022-12-29 13:30:00-05:00,9.395000457763672,9.414999961853027,9.359999656677246,9.359999656677246,53186,0.0,0.0
2022-12-29 14:30:00-05:00,9.359999656677246,9.389200210571289,9.335000038146973,9.359999656677246,52529,0.0,0.0
2022-12-29 15:30:00-05:00,9.354999542236328,9.40999984741211,9.354999542236328,9.399999618530273,74989,0.0,0.0
2022-12-30 09:30:00-05:00,9.270000457763672,9.34000015258789,9.255000114440918,9.319999694824219,68524,0.0,0.0
2022-12-30 10:30:00-05:00,9.3100004196167,9.3100004196167,9.210000038146973,9.216500282287598,52419,0.0,0.0
2022-12-30 11:30:00-05:00,9.210000038146973,9.250900268554688,9.210000038146973,9.21500015258789,43608,0.0,0.0
2022-12-30 12:30:00-05:00,9.21500015258789,9.229999542236328,9.15999984741211,9.1850004196167,63250,0.0,0.0
2022-12-30 13:30:00-05:00,9.1899995803833,9.244999885559082,9.1850004196167,9.244999885559082,48334,0.0,0.0
2022-12-30 14:30:00-05:00,9.239999771118164,9.3100004196167,9.229999542236328,9.28499984741211,131520,0.0,0.0
2022-12-30 15:30:00-05:00,9.279999732971191,9.300000190734863,9.279999732971191,9.279999732971191,111875,0.0,0.0
2023-01-03 09:30:00-05:00,9.300000190734863,9.484999656677246,9.300000190734863,9.350000381469727,81168,0.0,0.0
2023-01-03 10:30:00-05:00,9.34060001373291,9.420000076293945,9.335000038146973,9.380000114440918,64314,0.0,0.0
2023-01-03 11:30:00-05:00,9.380000114440918,9.380000114440918,9.34000015258789,9.354999542236328,36893,0.0,0.0
2023-01-03 12:30:00-05:00,9.359999656677246,9.359999656677246,9.289999961853027,9.335000038146973,75648,0.0,0.0
2023-01-03 13:30:00-05:00,9.335000038146973,9.335000038146973,9.234999656677246,9.239999771118164,69786,0.0,0.0
2023-01-03 14:30:00-05:00,9.244999885559082,9.289999961853027,9.229999542236328,9.255000114440918,55198,0.0,0.0
2023-01-03 15:30:00-05:00,9.260000228881836,9.350000381469727,9.259099960327148,9.350000381469727,88877,0.0,0.0
2023-01-04 09:30:00-05:00,9.300000190734863,9.350000381469727,9.109999656677246,9.169899940490723,63290,0.0,0.0
2023-01-04 10:30:00-05:00,9.168499946594238,9.255000114440918,9.159799575805664,9.229999542236328,18517,0.0,0.0
2023-01-04 11:30:00-05:00,9.229999542236328,9.255000114440918,9.170000076293945,9.1899995803833,32969,0.0,0.0
2023-01-04 12:30:00-05:00,9.1850004196167,9.1899995803833,9.109999656677246,9.109999656677246,36933,0.0,0.0
2023-01-04 13:30:00-05:00,9.109999656677246,9.119999885559082,8.994999885559082,9.010000228881836,85382,0.0,0.0
2023-01-04 14:30:00-05:00,9.005000114440918,9.079999923706055,9.005000114440918,9.03499984741211,75604,0.0,0.0
2023-01-04 15:30:00-05:00,9.039999961853027,9.039999961853027,8.949999809265137,9.0,126971,0.0,0.0
2023-01-05 09:30:00-05:00,8.960000038146973,9.029999732971191,8.899999618530273,8.960000038146973,162621,0.0,0.0
2023-01-05 10:30:00-05:00,8.960000038146973,9.039999961853027,8.944999694824219,8.994999885559082,49825,0.0,0.0
2023-01-05 11:30:00-05:00,8.994999885559082,9.0649995803833,8.975000381469727,8.989999771118164,74336,0.0,0.0
2023-01-05 12:30:00-05:00,8.979999542236328,9.010000228881836,8.9399995803833,9.010000228881836,57111,0.0,0.0
2023-01-05 13:30:00-05:00,9.010000228881836,9.029999732971191,8.9399995803833,8.9399995803833,66591,0.0,0.0
2023-01-05 14:30:00-05:00,8.944999694824219,8.984999656677246,8.930000305175781,8.949999809265137,85603,0.0,0.0
2023-01-05 15:30:00-05:00,8.944999694824219,8.960000038146973,8.920000076293945,8.954999923706055,94978,0.0,0.0
2023-01-06 09:30:00-05:00,9.050000190734863,9.140000343322754,9.010000228881836,9.114999771118164,140859,0.0,0.0
2023-01-06 10:30:00-05:00,9.119999885559082,9.244999885559082,9.119999885559082,9.244999885559082,39575,0.0,0.0
2023-01-06 11:30:00-05:00,9.249899864196777,9.319999694824219,9.249699592590332,9.319999694824219,35583,0.0,0.0
2023-01-06 12:30:00-05:00,9.319999694824219,9.4399995803833,9.310099601745605,9.439900398254395,45628,0.0,0.0
2023-01-06 13:30:00-05:00,9.430000305175781,9.445199966430664,9.369999885559082,9.375,43586,0.0,0.0
2023-01-06 14:30:00-05:00,9.380000114440918,9.454999923706055,9.380000114440918,9.449999809265137,67530,0.0,0.0
2023-01-06 15:30:00-05:00,9.449999809265137,9.479999542236328,9.420000076293945,9.430000305175781,119311,0.0,0.0
2023-01-09 09:30:00-05:00,9.579999923706055,9.645000457763672,9.529999732971191,9.545000076293945,123320,0.0,0.0
2023-01-09 10:30:00-05:00,9.53499984741211,9.539999961853027,9.475000381469727,9.53499984741211,70309,0.0,0.0
2023-01-09 11:30:00-05:00,9.529999732971191,9.609999656677246,9.515000343322754,9.555000305175781,65742,0.0,0.0
2023-01-09 12:30:00-05:00,9.569999694824219,9.59000015258789,9.520000457763672,9.555000305175781,46538,0.0,0.0
2023-01-09 13:30:00-05:00,9.555000305175781,9.555000305175781,9.5,9.519000053405762,41752,0.0,0.0
2023-01-09 14:30:00-05:00,9.515000343322754,9.569999694824219,9.5,9.5649995803833,76726,0.0,0.0
2023-01-09 15:30:00-05:00,9.5649995803833,9.5649995803833,9.520099639892578,9.555000305175781,86246,0.0,0.0
2023-01-10 09:30:00-05:00,9.600000381469727,9.760000228881836,9.585000038146973,9.75,111073,0.0,0.0
2023-01-10 10:30:00-05:00,9.75,9.880000114440918,9.75,9.869999885559082,60489,0.0,0.0
2023-01-10 11:30:00-05:00,9.880000114440918,9.920000076293945,9.835000038146973,9.859999656677246,47443,0.0,0.0
2023-01-10 12:30:00-05:00,9.85200023651123,9.9350004196167,9.850000381469727,9.9350004196167,53801,0.0,0.0
2023-01-10 13:30:00-05:00,9.933600425720215,9.960000038146973,9.899999618530273,9.944999694824219,46906,0.0,0.0
2023-01-10 14:30:00-05:00,9.944999694824219,10.024999618530273,9.930000305175781,9.9350004196167,110983,0.0,0.0
2023-01-10 15:30:00-05:00,9.9350004196167,10.024999618530273,9.904999732971191,10.0,173433,0.0,0.0
2023-01-11 09:30:00-05:00,10.0600004196167,10.164999961853027,10.039999961853027,10.074999809265137,114900,0.0,0.0
2023-01-11 10:30:00-05:00,10.0649995803833,10.100000381469727,9.920000076293945,9.944999694824219,106084,0.0,0.0
2023-01-11 11:30:00-05:00,9.944999694824219,9.970000267028809,9.9399995803833,9.944100379943848,41745,0.0,0.0
2023-01-11 12:30:00-05:00,9.9399995803833,9.9399995803833,9.829999923706055,9.854999542236328,52153,0.0,0.0
2023-01-11 13:30:00-05:00,9.858699798583984,9.858699798583984,9.805000305175781,9.824999809265137,34029,0.0,0.0
2023-01-11 14:30:00-05:00,9.824999809265137,9.829999923706055,9.78499984741211,9.795000076293945,51292,0.0,0.0
2023-01-11 15:30:00-05:00,9.789999961853027,9.84000015258789,9.770000457763672,9.829999923706055,119764,0.0,0.0
2023-01-12 09:30:00-05:00,9.819999694824219,9.899999618530273,9.800000190734863,9.899999618530273,45901,0.0,0.0
2023-01-12 10:30:00-05:00,9.895000457763672,9.930000305175781,9.850000381469727,9.899999618530273,36931,0.0,0.0
2023-01-12 11:30:00-05:00,9.899999618530273,9.930000305175781,9.875,9.930000305175781,23280,0.0,0.0
2023-01-12 12:30:00-05:00,9.9399995803833,10.010000228881836,9.930000305175781,9.954999923706055,50505,0.0,0.0
2023-01-12 13:30:00-05:00,9.954999923706055,10.005000114440918,9.954999923706055,9.994999885559082,34172,0.0,0.0
2023-01-12 14:30:00-05:00,9.989999771118164,10.029999732971191,9.975000381469727,10.027999877929688,97468,0.0,0.0
2023-01-12 15:30:00-05:00,10.024999618530273,10.055000305175781,9.989999771118164,9.989999771118164,128321,0.0,0.0
2023-01-13 09:30:00-05:00,9.569999694824219,10.029999732971191,9.550000190734863,9.83080005645752,296469,0.0,0.0
2023-01-13 10:30:00-05:00,9.829999923706055,9.850000381469727,9.78499984741211,9.819999694824219,48844,0.0,0.0
2023-01-13 11:30:00-05:00,9.819999694824219,9.850000381469727,9.800000190734863,9.824999809265137,54578,0.0,0.0
2023-01-13 12:30:00-05:00,9.824999809265137,9.84000015258789,9.8100004196167,9.84000015258789,33051,0.0,0.0
2023-01-13 13:30:00-05:00,9.829999923706055,9.850000381469727,9.755000114440918,9.774999618530273,60585,0.0,0.0
2023-01-13 14:30:00-05:00,9.774999618530273,9.795000076293945,9.75,9.774999618530273,64096,0.0,0.0
2023-01-13 15:30:00-05:00,9.774999618530273,9.789999961853027,9.734999656677246,9.78499984741211,139416,0.0,0.0
2023-01-17 09:30:00-05:00,9.869999885559082,10.020000457763672,9.869999885559082,9.984999656677246,136509,0.0,0.0
2023-01-17 10:30:00-05:00,9.979999542236328,9.979999542236328,9.829999923706055,9.835000038146973,63742,0.0,0.0
2023-01-17 11:30:00-05:00,9.84000015258789,9.86989974975586,9.8100004196167,9.828800201416016,37327,0.0,0.0
2023-01-17 12:30:00-05:00,9.824999809265137,9.895000457763672,9.824999809265137,9.895000457763672,29210,0.0,0.0
2023-01-17 13:30:00-05:00,9.895000457763672,9.9350004196167,9.864999771118164,9.869999885559082,34437,0.0,0.0
2023-01-17 14:30:00-05:00,9.880000114440918,9.890000343322754,9.770000457763672,9.819999694824219,115082,0.0,0.0
2023-01-17 15:30:00-05:00,9.824999809265137,9.84000015258789,9.789999961853027,9.8100004196167,163699,0.0,0.0
2023-01-18 09:30:00-05:00,9.920000076293945,10.069999694824219,9.899999618530273,10.064299583435059,103215,0.0,0.0
2023-01-18 10:30:00-05:00,10.0600004196167,10.104599952697754,10.026000022888184,10.029999732971191,68716,0.0,0.0
2023-01-18 11:30:00-05:00,10.020000457763672,10.020000457763672,9.899999618530273,9.904999732971191,43478,0.0,0.0
2023-01-18 12:30:00-05:00,9.900099754333496,9.900099754333496,9.819999694824219,9.819999694824219,29968,0.0,0.0
2023-01-18 13:30:00-05:00,9.810099601745605,9.838000297546387,9.760000228881836,9.8100004196167,71585,0.0,0.0
2023-01-18 14:30:00-05:00,9.819999694824219,9.819999694824219,9.779999732971191,9.78499984741211,42966,0.0,0.0
2023-01-18 15:30:00-05:00,9.787500381469727,9.789999961853027,9.760000228881836,9.770000457763672,71101,0.0,0.0
2023-01-19 09:30:00-05:00,9.649999618530273,9.760000228881836,9.550000190734863,9.75,250819,0.0,0.0
2023-01-19 10:30:00-05:00,9.750100135803223,9.786999702453613,9.725000381469727,9.765000343322754,51757,0.0,0.0
2023-01-19 11:30:00-05:00,9.760000228881836,9.864999771118164,9.760000228881836,9.835000038146973,91648,0.0,0.0
2023-01-19 12:30:00-05:00,9.835000038146973,9.925000190734863,9.831299781799316,9.914999961853027,44361,0.0,0.0
2023-01-19 13:30:00-05:00,9.920000076293945,9.949999809265137,9.880000114440918,9.904999732971191,44600,0.0,0.0
2023-01-19 14:30:00-05:00,9.890000343322754,9.895000457763672,9.84000015258789,9.854999542236328,46889,0.0,0.0
2023-01-19 15:30:00-05:00,9.850000381469727,9.930000305175781,9.819999694824219,9.880000114440918,135452,0.0,0.0
2023-01-20 09:30:00-05:00,9.949999809265137,9.999899864196777,9.819999694824219,9.989999771118164,94140,0.0,0.0
2023-01-20 10:30:00-05:00,9.999799728393555,10.005000114440918,9.930000305175781,9.944999694824219,42166,0.0,0.0
2023-01-20 11:30:00-05:00,9.9399995803833,10.0,9.890000343322754,9.989999771118164,33709,0.0,0.0
2023-01-20 12:30:00-05:00,9.979999542236328,9.994999885559082,9.944999694824219,9.970000267028809,46813,0.0,0.0
2023-01-20 13:30:00-05:00,9.979999542236328,10.0,9.9399995803833,9.989999771118164,60247,0.0,0.0
2023-01-20 14:30:00-05:00,9.989999771118164,10.005000114440918,9.949999809265137,9.994999885559082,57092,0.0,0.0
2023-01-20 15:30:00-05:00,9.994999885559082,10.0649995803833,9.979999542236328,10.045000076293945,117033,0.0,0.0
2023-01-23 09:30:00-05:00,10.050000190734863,10.229999542236328,10.0,10.21500015258789,187576,0.0,0.0
2023-01-23 10:30:00-05:00,10.210000038146973,10.34000015258789,10.178000450134277,10.279999732971191,75886,0.0,0.0
2023-01-23 11:30:00-05:00,10.270099639892578,10.274999618530273,10.170000076293945,10.1899995803833,40248,0.0,0.0
2023-01-23 12:30:00-05:00,10.1899995803833,10.204999923706055,10.149999618530273,10.204999923706055,43753,0.0,0.0
2023-01-23 13:30:00-05:00,10.204999923706055,10.210000038146973,10.154999732971191,10.175000190734863,66450,0.0,0.0
2023-01-23 14:30:00-05:00,10.170000076293945,10.194999694824219,10.140000343322754,10.15999984741211,132975,0.0,0.0
2023-01-23 15:30:00-05:00,10.145000457763672,10.180000305175781,10.130000114440918,10.140000343322754,131375,0.0,0.0
2023-01-24 09:30:00-05:00,10.100000381469727,10.170000076293945,9.90999984741211,10.100000381469727,105523,0.0,0.0
2023-01-24 10:30:00-05:00,10.095000267028809,10.119999885559082,10.039999961853027,10.050000190734863,27112,0.0,0.0
2023-01-24 11:30:00-05:00,10.039999961853027,10.25,10.015000343322754,10.140000343322754,140575,0.0,0.0
2023-01-24 12:30:00-05:00,10.140000343322754,10.160099983215332,10.104999542236328,10.119999885559082,23214,0.0,0.0
2023-01-24 13:30:00-05:00,10.130000114440918,10.170000076293945,10.104999542236328,10.125,63940,0.0,0.0
2023-01-24 14:30:00-05:00,10.125,10.135000228881836,10.085000038146973,10.090999603271484,41867,0.0,0.0
2023-01-24 15:30:00-05:00,10.100000381469727,10.100000381469727,10.029999732971191,10.050000190734863,103809,0.0,0.0
2023-01-25 09:30:00-05:00,9.90999984741211,9.930000305175781,9.770000457763672,9.8100004196167,82475,0.0,0.0
2023-01-25 10:30:00-05:00,9.8100004196167,9.869999885559082,9.789999961853027,9.789999961853027,34993,0.0,0.0
2023-01-25 11:30:00-05:00,9.779999732971191,9.785200119018555,9.6899995803833,9.720100402832031,58470,0.0,0.0
2023-01-25 12:30:00-05:00,9.720000267028809,9.84000015258789,9.710000038146973,9.825400352478027,55582,0.0,0.0
2023-01-25 13:30:00-05:00,9.824999809265137,9.827799797058105,9.770000457763672,9.790200233459473,37415,0.0,0.0
2023-01-25 14:30:00-05:00,9.789999961853027,9.84000015258789,9.779999732971191,9.813300132751465,48164,0.0,0.0
2023-01-25 15:30:00-05:00,9.8100004196167,9.849900245666504,9.800000190734863,9.819999694824219,64678,0.0,0.0
2023-01-26 09:30:00-05:00,9.859999656677246,9.904999732971191,9.630000114440918,9.680000305175781,112441,0.0,0.0
2023-01-26 10:30:00-05:00,9.675000190734863,9.789999961853027,9.664999961853027,9.680000305175781,120070,0.0,0.0
2023-01-26 11:30:00-05:00,9.675000190734863,9.739999771118164,9.649999618530273,9.6899995803833,44610,0.0,0.0
2023-01-26 12:30:00-05:00,9.694999694824219,9.765000343322754,9.65999984741211,9.739999771118164,101470,0.0,0.0
2023-01-26 13:30:00-05:00,9.734999656677246,9.795000076293945,9.729999542236328,9.779999732971191,43952,0.0,0.0
2023-01-26 14:30:00-05:00,9.789999961853027,9.850000381469727,9.779999732971191,9.845000267028809,28315,0.0,0.0
2023-01-26 15:30:00-05:00,9.84000015258789,9.994999885559082,9.84000015258789,9.979999542236328,139191,0.0,0.0
2023-01-27 09:30:00-05:00,9.979999542236328,10.13010025024414,9.930000305175781,10.069999694824219,74161,0.0,0.0
2023-01-27 10:30:00-05:00,10.079999923706055,10.145000457763672,10.050000190734863,10.14109992980957,48388,0.0,0.0
2023-01-27 11:30:00-05:00,10.149999618530273,10.170000076293945,10.119999885559082,10.130000114440918,33942,0.0,0.0
2023-01-27 12:30:00-05:00,10.125,10.135000228881836,10.0649995803833,10.0649995803833,37886,0.0,0.0
2023-01-27 13:30:00-05:00,10.0600004196167,10.145000457763672,10.0600004196167,10.140000343322754,24869,0.0,0.0
2023-01-27 14:30:00-05:00,10.145000457763672,10.21500015258789,10.140000343322754,10.210000038146973,90042,0.0,0.0
2023-01-27 15:30:00-05:00,10.220000267028809,10.260000228881836,10.210000038146973,10.260000228881836,76898,0.0,0.0
2023-01-30 09:30:00-05:00,10.15999984741211,10.279999732971191,10.109999656677246,10.114999771118164,209759,0.0,0.0
2023-01-30 10:30:00-05:00,10.109999656677246,10.180000305175781,10.100000381469727,10.130000114440918,131161,0.0,0.0
2023-01-30 11:30:00-05:00,10.140000343322754,10.140000343322754,10.069999694824219,10.09000015258789,89674,0.0,0.0
2023-01-30 12:30:00-05:00,10.085000038146973,10.088000297546387,9.984999656677246,10.055000305175781,83728,0.0,0.0
2023-01-30 13:30:00-05:00,10.050000190734863,10.050000190734863,10.010000228881836,10.024999618530273,31476,0.0,0.0
2023-01-30 14:30:00-05:00,10.024999618530273,10.039999961853027,10.010000228881836,10.030099868774414,56111,0.0,0.0
2023-01-30 15:30:00-05:00,10.039999961853027,10.050000190734863,10.010000228881836,10.015000343322754,70713,0.0,0.0
2023-01-31 09:30:00-05:00,10.010000228881836,10.114999771118164,10.010000228881836,10.079999923706055,123555,0.0,0.0
2023-01-31 10:30:00-05:00,10.079999923706055,10.095000267028809,10.055000305175781,10.0649995803833,62212,0.0,0.0
2023-01-31 11:30:00-05:00,10.0600004196167,10.104999542236328,10.045000076293945,10.070799827575684,45469,0.0,0.0
2023-01-31 12:30:00-05:00,10.074999809265137,10.114999771118164,10.069999694824219,10.100000381469727,54462,0.0,0.0
2023-01-31 13:30:00-05:00,10.100000381469727,10.130000114440918,10.095000267028809,10.125,42137,0.0,0.0
2023-01-31 14:30:00-05:00,10.128499984741211,10.128499984741211,10.085000038146973,10.119999885559082,94903,0.0,0.0
2023-01-31 15:30:00-05:00,10.119999885559082,10.170000076293945,10.119999885559082,10.149999618530273,87698,0.0,0.0
2023-02-01 09:30:00-05:00,10.15999984741211,10.300000190734863,10.149999618530273,10.279999732971191,154882,0.0,0.0
2023-02-01 10:30:00-05:00,10.270000457763672,10.375,10.270000457763672,10.375,55587,0.0,0.0
2023-02-01 11:30:00-05:00,10.380000114440918,10.399999618530273,10.319999694824219,10.350000381469727,34468,0.0,0.0
2023-02-01 12:30:00-05:00,10.359999656677246,10.399999618530273,10.34000015258789,10.390000343322754,37704,0.0,0.0
2023-02-01 13:30:00-05:00,10.390000343322754,10.430000305175781,10.3774995803833,10.40999984741211,55712,0.0,0.0
2023-02-01 14:30:00-05:00,10.419899940490723,10.59000015258789,10.350000381469727,10.585000038146973,161741,0.0,0.0
2023-02-01 15:30:00-05:00,10.585000038146973,10.649999618530273,10.520000457763672,10.5600004196167,163447,0.0,0.0
2023-02-02 09:30:00-05:00,10.65999984741211,10.8149995803833,10.619999885559082,10.675000190734863,204632,0.0,0.0
2023-02-02 10:30:00-05:00,10.670000076293945,10.789999961853027,10.569999694824219,10.569999694824219,128593,0.0,0.0
2023-02-02 11:30:00-05:00,10.569999694824219,10.649999618530273,10.539999961853027,10.545000076293945,51629,0.0,0.0
2023-02-02 12:30:00-05:00,10.545000076293945,10.59000015258789,10.510000228881836,10.524999618530273,36661,0.0,0.0
2023-02-02 13:30:00-05:00,10.520000457763672,10.545000076293945,10.399999618530273,10.399999618530273,33784,0.0,0.0
2023-02-02 14:30:00-05:00,10.404999732971191,10.414999961853027,10.335000038146973,10.395000457763672,53613,0.0,0.0
2023-02-02 15:30:00-05:00,10.399999618530273,10.430000305175781,10.359999656677246,10.390000343322754,137040,0.0,0.0
2023-02-03 09:30:00-05:00,10.390000343322754,10.40999984741211,10.220000267028809,10.361200332641602,73753,0.0,0.0
2023-02-03 10:30:00-05:00,10.364100456237793,10.479999542236328,10.364100456237793,10.470000267028809,63973,0.0,0.0
2023-02-03 11:30:00-05:00,10.460000038146973,10.470000267028809,10.430000305175781,10.460000038146973,32733,0.0,0.0
2023-02-03 12:30:00-05:00,10.469900131225586,10.5,10.4399995803833,10.454999923706055,41714,0.0,0.0
2023-02-03 13:30:00-05:00,10.449999809265137,10.449999809265137,10.369999885559082,10.375,29946,0.0,0.0
2023-02-03 14:30:00-05:00,10.359999656677246,10.385000228881836,10.329999923706055,10.385000228881836,33482,0.0,0.0
2023-02-03 15:30:00-05:00,10.384900093078613,10.390000343322754,10.3100004196167,10.329999923706055,114832,0.0,0.0
2023-02-06 09:30:00-05:00,10.239999771118164,10.34000015258789,10.199999809265137,10.210000038146973,112014,0.0,0.0
2023-02-06 10:30:00-05:00,10.210000038146973,10.350000381469727,10.204999923706055,10.345000267028809,49957,0.0,0.0
2023-02-06 11:30:00-05:00,10.350000381469727,10.369999885559082,10.300000190734863,10.300000190734863,38229,0.0,0.0
2023-02-06 12:30:00-05:00,10.305000305175781,10.329999923706055,10.28499984741211,10.329999923706055,37190,0.0,0.0
2023-02-06 13:30:00-05:00,10.320099830627441,10.34000015258789,10.265000343322754,10.279999732971191,57378,0.0,0.0
2023-02-06 14:30:00-05:00,10.274999618530273,10.305000305175781,10.239999771118164,10.295000076293945,74937,0.0,0.0
2023-02-06 15:30:00-05:00,10.295000076293945,10.319999694824219,10.260000228881836,10.270000457763672,83644,0.0,0.0
2023-02-07 09:30:00-05:00,10.300000190734863,10.331100463867188,10.220000267028809,10.270000457763672,88843,0.0,0.0
2023-02-07 10:30:00-05:00,10.260000228881836,10.3100004196167,10.244999885559082,10.26259994506836,52771,0.0,0.0
2023-02-07 11:30:00-05:00,10.270000457763672,10.399999618530273,10.270000457763672,10.364999771118164,73814,0.0,0.0
2023-02-07 12:30:00-05:00,10.359999656677246,10.529999732971191,10.319999694824219,10.324999809265137,114013,0.0,0.0
2023-02-07 13:30:00-05:00,10.324999809265137,10.354999542236328,10.239999771118164,10.345000267028809,74584,0.0,0.0
2023-02-07 14:30:00-05:00,10.350000381469727,10.390000343322754,10.329999923706055,10.354999542236328,61338,0.0,0.0
2023-02-07 15:30:00-05:00,10.359999656677246,10.470000267028809,10.34000015258789,10.420000076293945,175532,0.0,0.0
2023-02-08 09:30:00-05:00,10.390000343322754,10.579999923706055,9.970000267028809,10.479999542236328,286794,0.0,0.0
2023-02-08 10:30:00-05:00,10.498000144958496,10.498000144958496,10.0,10.010000228881836,98741,0.0,0.0
2023-02-08 11:30:00-05:00,10.010000228881836,10.119999885559082,10.0,10.03499984741211,90217,0.0,0.0
2023-02-08 12:30:00-05:00,10.029999732971191,10.069999694824219,9.925000190734863,10.020000457763672,124984,0.0,0.0
2023-02-08 13:30:00-05:00,10.015000343322754,10.550000190734863,9.979999542236328,10.149999618530273,228412,0.0,0.0
2023-02-08 14:30:00-05:00,10.140000343322754,10.25,10.140000343322754,10.170000076293945,104246,0.0,0.0
2023-02-08 15:30:00-05:00,10.175000190734863,10.199999809265137,10.130000114440918,10.15999984741211,127087,0.0,0.0
2023-02-09 09:30:00-05:00,10.199999809265137,10.260000228881836,10.140000343322754,10.149999618530273,199456,0.0,0.0
2023-02-09 10:30:00-05:00,10.15999984741211,10.180000305175781,10.095000267028809,10.130000114440918,92517,0.0,0.0
2023-02-09 11:30:00-05:00,10.130000114440918,10.1899995803833,10.039999961853027,10.149999618530273,143071,0.0,0.0
2023-02-09 12:30:00-05:00,10.154999732971191,10.15999984741211,9.9399995803833,9.979999542236328,101093,0.0,0.0
2023-02-09 13:30:00-05:00,9.970000267028809,10.024999618530273,9.930000305175781,9.960000038146973,59289,0.0,0.0
2023-02-09 14:30:00-05:00,9.954999923706055,9.970000267028809,9.889900207519531,9.9399995803833,94333,0.0,0.0
2023-02-09 15:30:00-05:00,9.9350004196167,10.020000457763672,9.899999618530273,10.0,154621,0.0,0.0
2023-02-10 09:30:00-05:00,9.970000267028809,9.989999771118164,9.800000190734863,9.899700164794922,97934,0.0,0.0
2023-02-10 10:30:00-05:00,9.899999618530273,9.914999961853027,9.779199600219727,9.829999923706055,65223,0.0,0.0
2023-02-10 11:30:00-05:00,9.84000015258789,9.850000381469727,9.789999961853027,9.789999961853027,54206,0.0,0.0
2023-02-10 12:30:00-05:00,9.789999961853027,9.920000076293945,9.779999732971191,9.885000228881836,145379,0.0,0.0
2023-02-10 13:30:00-05:00,9.880000114440918,9.914999961853027,9.800000190734863,9.829999923706055,89426,0.0,0.0
2023-02-10 14:30:00-05:00,9.819999694824219,9.90999984741211,9.819999694824219,9.904999732971191,61440,0.0,0.0
2023-02-10 15:30:00-05:00,9.904999732971191,9.960000038146973,9.885000228881836,9.920000076293945,121312,0.0,0.0
2023-02-13 09:30:00-05:00,9.880000114440918,9.899999618530273,9.779999732971191,9.899999618530273,60897,0.0,0.0
2023-02-13 10:30:00-05:00,9.900099754333496,9.9375,9.880000114440918,9.895000457763672,38835,0.0,0.0
2023-02-13 11:30:00-05:00,9.890000343322754,9.925000190734863,9.859999656677246,9.923500061035156,24483,0.0,0.0
2023-02-13 12:30:00-05:00,9.925000190734863,9.9350004196167,9.890000343322754,9.920000076293945,58978,0.0,0.0
2023-02-13 13:30:00-05:00,9.920000076293945,9.930000305175781,9.890000343322754,9.895000457763672,40442,0.0,0.0
2023-02-13 14:30:00-05:00,9.890000343322754,9.899999618530273,9.859999656677246,9.869999885559082,42400,0.0,0.0
2023-02-13 15:30:00-05:00,9.869999885559082,9.899999618530273,9.869999885559082,9.880000114440918,58206,0.0,0.0
2023-02-14 09:30:00-05:00,9.869999885559082,9.930000305175781,9.699999809265137,9.859999656677246,78514,0.0,0.0
2023-02-14 10:30:00-05:00,9.859999656677246,9.859999656677246,9.739999771118164,9.760000228881836,43775,0.0,0.0
2023-02-14 11:30:00-05:00,9.760000228881836,9.819999694824219,9.739999771118164,9.819999694824219,53598,0.0,0.0
2023-02-14 12:30:00-05:00,9.819999694824219,9.869999885559082,9.800000190734863,9.820099830627441,90980,0.0,0.0
2023-02-14 13:30:00-05:00,9.824999809265137,9.835000038146973,9.75,9.770000457763672,54238,0.0,0.0
2023-02-14 14:30:00-05:00,9.760000228881836,9.8149995803833,9.680000305175781,9.800100326538086,224739,0.0,0.0
2023-02-14 15:30:00-05:00,9.800000190734863,9.84000015258789,9.774999618530273,9.84000015258789,168274,0.0,0.0
2023-02-15 09:30:00-05:00,9.770000457763672,9.789999961853027,9.600000381469727,9.624799728393555,188022,0.0,0.0
2023-02-15 10:30:00-05:00,9.619999885559082,9.699999809265137,9.600000381469727,9.65999984741211,82326,0.0,0.0
2023-02-15 11:30:00-05:00,9.670000076293945,9.734999656677246,9.654999732971191,9.710000038146973,46285,0.0,0.0
2023-02-15 12:30:00-05:00,9.718799591064453,9.760000228881836,9.71500015258789,9.759200096130371,32329,0.0,0.0
2023-02-15 13:30:00-05:00,9.760000228881836,9.774999618530273,9.744999885559082,9.760000228881836,46770,0.0,0.0
2023-02-15 14:30:00-05:00,9.770000457763672,9.770000457763672,9.71500015258789,9.734999656677246,70763,0.0,0.0
2023-02-15 15:30:00-05:00,9.734999656677246,9.739999771118164,9.6899995803833,9.694999694824219,77735,0.0,0.0
2023-02-16 09:30:00-05:00,9.770000457763672,9.949999809265137,9.770000457763672,9.859999656677246,246013,0.0,0.0
2023-02-16 10:30:00-05:00,9.864999771118164,9.890000343322754,9.845000267028809,9.864999771118164,37497,0.0,0.0
2023-02-16 11:30:00-05:00,9.869999885559082,9.920000076293945,9.869999885559082,9.920000076293945,51860,0.0,0.0
2023-02-16 12:30:00-05:00,9.928799629211426,9.967499732971191,9.925000190734863,9.9399995803833,30454,0.0,0.0
2023-02-16 13:30:00-05:00,9.930000305175781,9.9975004196167,9.914999961853027,9.991000175476074,79106,0.0,0.0
2023-02-16 14:30:00-05:00,9.989999771118164,10.045999526977539,9.989999771118164,10.045000076293945,97875,0.0,0.0
2023-02-16 15:30:00-05:00,10.039999961853027,10.0600004196167,9.979999542236328,9.984999656677246,120327,0.0,0.0
2023-02-17 09:30:00-05:00,10.010000228881836,10.050000190734863,9.970000267028809,10.029999732971191,85615,0.0,0.0
2023-02-17 10:30:00-05:00,10.039899826049805,10.069999694824219,10.0,10.039999961853027,45945,0.0,0.0
2023-02-17 11:30:00-05:00,10.029999732971191,10.079999923706055,10.0,10.020000457763672,83110,0.0,0.0
2023-02-17 12:30:00-05:00,10.024999618530273,10.0600004196167,10.015000343322754,10.050000190734863,45299,0.0,0.0
2023-02-17 13:30:00-05:00,10.039999961853027,10.079999923706055,10.015000343322754,10.0600004196167,76671,0.0,0.0
2023-02-17 14:30:00-05:00,10.0649995803833,10.130000114440918,10.0649995803833,10.119999885559082,44596,0.0,0.0
2023-02-17 15:30:00-05:00,10.119999885559082,10.170000076293945,10.119999885559082,10.135000228881836,95212,0.0,0.0
2023-02-21 09:30:00-05:00,10.130000114440918,10.25,10.0649995803833,10.079999923706055,104639,0.0,0.0
2023-02-21 10:30:00-05:00,10.074999809265137,10.145000457763672,10.0649995803833,10.079899787902832,45502,0.0,0.0
2023-02-21 11:30:00-05:00,10.079999923706055,10.085000038146973,9.944999694824219,9.944999694824219,117851,0.0,0.0
2023-02-21 12:30:00-05:00,9.9399995803833,9.970000267028809,9.920000076293945,9.9350004196167,33549,0.0,0.0
2023-02-21 13:30:00-05:00,9.9375,9.9399995803833,9.90999984741211,9.920000076293945,38038,0.0,0.0
2023-02-21 14:30:00-05:00,9.914999961853027,9.9399995803833,9.875,9.914999961853027,60358,0.0,0.0
2023-02-21 15:30:00-05:00,9.920000076293945,9.930000305175781,9.84000015258789,9.850000381469727,115037,0.0,0.0
2023-02-22 09:30:00-05:00,9.84000015258789,9.90999984741211,9.805000305175781,9.869999885559082,52566,0.0,0.0
2023-02-22 10:30:00-05:00,9.850000381469727,9.875,9.805000305175781,9.869999885559082,31416,0.0,0.0
2023-02-22 11:30:00-05:00,9.875,9.90999984741211,9.859999656677246,9.90999984741211,15300,0.0,0.0
2023-02-22 12:30:00-05:00,9.90999984741211,9.930000305175781,9.860099792480469,9.890000343322754,35841,0.0,0.0
2023-02-22 13:30:00-05:00,9.89009952545166,9.899999618530273,9.819999694824219,9.835000038146973,44450,0.0,0.0
2023-02-22 14:30:00-05:00,9.835000038146973,9.835000038146973,9.774999618530273,9.8100004196167,30746,0.0,0.0
2023-02-22 15:30:00-05:00,9.805000305175781,9.819999694824219,9.789999961853027,9.8100004196167,44147,0.0,0.0
2023-02-23 09:30:00-05:00,9.90999984741211,10.102899551391602,9.90999984741211,10.039999961853027,82761,0.0,0.0
2023-02-23 10:30:00-05:00,10.029999732971191,10.09000015258789,9.970000267028809,10.069999694824219,66985,0.0,0.0
2023-02-23 11:30:00-05:00,10.079999923706055,10.135000228881836,10.0649995803833,10.121999740600586,32771,0.0,0.0
2023-02-23 12:30:00-05:00,10.119999885559082,10.140000343322754,10.100000381469727,10.100099563598633,34501,0.0,0.0
2023-02-23 13:30:00-05:00,10.104999542236328,10.189900398254395,10.079999923706055,10.180000305175781,36240,0.0,0.0
2023-02-23 14:30:00-05:00,10.175000190734863,10.229999542236328,10.130000114440918,10.225000381469727,113835,0.0,0.0
2023-02-23 15:30:00-05:00,10.225000381469727,10.229999542236328,10.1899995803833,10.220000267028809,60895,0.0,0.0
2023-02-24 09:30:00-05:00,10.15999984741211,10.359999656677246,10.101499557495117,10.302000045776367,188436,0.0,0.0
2023-02-24 10:30:00-05:00,10.3100004196167,10.40999984741211,10.300000190734863,10.399900436401367,145683,0.0,0.0
2023-02-24 11:30:00-05:00,10.390000343322754,10.390000343322754,10.300000190734863,10.319999694824219,57202,0.0,0.0
2023-02-24 12:30:00-05:00,10.319999694824219,10.319999694824219,10.145000457763672,10.260000228881836,131060,0.0,0.0
2023-02-24 13:30:00-05:00,10.260000228881836,10.34000015258789,10.244999885559082,10.324999809265137,74411,0.0,0.0
2023-02-24 14:30:00-05:00,10.322999954223633,10.380000114440918,10.305000305175781,10.3149995803833,59116,0.0,0.0
2023-02-24 15:30:00-05:00,10.319999694824219,10.359999656677246,10.295000076293945,10.354999542236328,99603,0.0,0.0
2023-02-27 09:30:00-05:00,10.449999809265137,10.774999618530273,10.449999809265137,10.6899995803833,174750,0.0,0.0
2023-02-27 10:30:00-05:00,10.6899995803833,10.755000114440918,10.595000267028809,10.734999656677246,110635,0.0,0.0
2023-02-27 11:30:00-05:00,10.729999542236328,10.760000228881836,10.645000457763672,10.680000305175781,87805,0.0,0.0
2023-02-27 12:30:00-05:00,10.680000305175781,10.760000228881836,10.640000343322754,10.739999771118164,67347,0.0,0.0
2023-02-27 13:30:00-05:00,10.739999771118164,10.774999618530273,10.71500015258789,10.729999542236328,51822,0.0,0.0
2023-02-27 14:30:00-05:00,10.729999542236328,10.739999771118164,10.649999618530273,10.680000305175781,73620,0.0,0.0
2023-02-27 15:30:00-05:00,10.680000305175781,10.6899995803833,10.645000457763672,10.65999984741211,145339,0.0,0.0
2023-02-28 09:30:00-05:00,10.579999923706055,10.725000381469727,10.5600004196167,10.699999809265137,224542,0.0,0.0
2023-02-28 10:30:00-05:00,10.699999809265137,10.760000228881836,10.6899995803833,10.75,33162,0.0,0.0
2023-02-28 11:30:00-05:00,10.755000114440918,10.760000228881836,10.729999542236328,10.739999771118164,27733,0.0,0.0
2023-02-28 12:30:00-05:00,10.744999885559082,10.760000228881836,10.710000038146973,10.710000038146973,23983,0.0,0.0
2023-02-28 13:30:00-05:00,10.720000267028809,10.725000381469727,10.609999656677246,10.619999885559082,38238,0.0,0.0
2023-02-28 14:30:00-05:00,10.609999656677246,10.619999885559082,10.510000228881836,10.520000457763672,68025,0.0,0.0
2023-02-28 15:30:00-05:00,10.524999618530273,10.529999732971191,10.479999542236328,10.5,70191,0.0,0.0
2023-03-01 09:30:00-05:00,10.550000190734863,10.850000381469727,10.550000190734863,10.734999656677246,153128,0.0,0.0
2023-03-01 10:30:00-05:00,10.729999542236328,10.789999961853027,10.6899995803833,10.777000427246094,136218,0.0,0.0
2023-03-01 11:30:00-05:00,10.770000457763672,10.914999961853027,10.75,10.829999923706055,113322,0.0,0.0
2023-03-01 12:30:00-05:00,10.829999923706055,10.869000434875488,10.800000190734863,10.829999923706055,55041,0.0,0.0
2023-03-01 13:30:00-05:00,10.829999923706055,10.84000015258789,10.760000228881836,10.760000228881836,56216,0.0,0.0
2023-03-01 14:30:00-05:00,10.760000228881836,10.774999618530273,10.702500343322754,10.719900131225586,57013,0.0,0.0
2023-03-01 15:30:00-05:00,10.71500015258789,10.729999542236328,10.6899995803833,10.699999809265137,77898,0.0,0.0
2023-03-02 09:30:00-05:00,10.65999984741211,10.689399719238281,10.570599555969238,10.630000114440918,84398,0.0,0.0
2023-03-02 10:30:00-05:00,10.649999618530273,10.694999694824219,10.600000381469727,10.619999885559082,55460,0.0,0.0
2023-03-02 11:30:00-05:00,10.619999885559082,10.619999885559082,10.5600004196167,10.5649995803833,25637,0.0,0.0
2023-03-02 12:30:00-05:00,10.579999923706055,10.649999618530273,10.579999923706055,10.612500190734863,93586,0.0,0.0
2023-03-02 13:30:00-05:00,10.609999656677246,10.640000343322754,10.582500457763672,10.614999771118164,125808,0.0,0.0
2023-03-02 14:30:00-05:00,10.614999771118164,10.619999885559082,10.579999923706055,10.600000381469727,36963,0.0,0.0
2023-03-02 15:30:00-05:00,10.604999542236328,10.65999984741211,10.604999542236328,10.649999618530273,136069,0.0,0.0
2023-03-03 09:30:00-05:00,10.65999984741211,10.739999771118164,10.635000228881836,10.675000190734863,46513,0.0,0.0
2023-03-03 10:30:00-05:00,10.6899995803833,10.710000038146973,10.569999694824219,10.595000267028809,70397,0.0,0.0
2023-03-03 11:30:00-05:00,10.59119987487793,10.635000228881836,10.558500289916992,10.630000114440918,55603,0.0,0.0
2023-03-03 12:30:00-05:00,10.625,10.630000114440918,10.5600004196167,10.59000015258789,108960,0.0,0.0
2023-03-03 13:30:00-05:00,10.600000381469727,10.604999542236328,10.5600004196167,10.569999694824219,46258,0.0,0.0
2023-03-03 14:30:00-05:00,10.569999694824219,10.625,10.5600004196167,10.59000015258789,111075,0.0,0.0
2023-03-03 15:30:00-05:00,10.600000381469727,10.600000381469727,10.5600004196167,10.585000038146973,91189,0.0,0.0
2023-03-06 09:30:00-05:00,10.579999923706055,10.600000381469727,10.449999809265137,10.475000381469727,45655,0.0,0.0
2023-03-06 10:30:00-05:00,10.479999542236328,10.494999885559082,10.444999694824219,10.470000267028809,79181,0.0,0.0
2023-03-06 11:30:00-05:00,10.475700378417969,10.475700378417969,10.395000457763672,10.399999618530273,37925,0.0,0.0
2023-03-06 12:30:00-05:00,10.404999732971191,10.404999732971191,10.279999732971191,10.350000381469727,81547,0.0,0.0
2023-03-06 13:30:00-05:00,10.359999656677246,10.390000343322754,10.3100004196167,10.315500259399414,80262,0.0,0.0
2023-03-06 14:30:00-05:00,10.31879997253418,10.319999694824219,10.289999961853027,10.295000076293945,58252,0.0,0.0
2023-03-06 15:30:00-05:00,10.295000076293945,10.319999694824219,10.279999732971191,10.300000190734863,95712,0.0,0.0
2023-03-07 09:30:00-05:00,10.289999961853027,10.34000015258789,10.170000076293945,10.234999656677246,87118,0.0,0.0
2023-03-07 10:30:00-05:00,10.244999885559082,10.310999870300293,10.244999885559082,10.260000228881836,50313,0.0,0.0
2023-03-07 11:30:00-05:00,10.265000343322754,10.324999809265137,10.265000343322754,10.3100004196167,30001,0.0,0.0
2023-03-07 12:30:00-05:00,10.309200286865234,10.3100004196167,10.279999732971191,10.279999732971191,22216,0.0,0.0
2023-03-07 13:30:00-05:00,10.28499984741211,10.295000076293945,10.229999542236328,10.229999542236328,42677,0.0,0.0
2023-03-07 14:30:00-05:00,10.234999656677246,10.239999771118164,10.1899995803833,10.21500015258789,60265,0.0,0.0
2023-03-07 15:30:00-05:00,10.210000038146973,10.25,10.199999809265137,10.199999809265137,54252,0.0,0.0
2023-03-08 09:30:00-05:00,10.239999771118164,10.420000076293945,10.229999542236328,10.390000343322754,68663,0.0,0.0
2023-03-08 10:30:00-05:00,10.390000343322754,10.430000305175781,10.364999771118164,10.380000114440918,46633,0.0,0.0
2023-03-08 11:30:00-05:00,10.369999885559082,10.369999885559082,10.279999732971191,10.295000076293945,46957,0.0,0.0
2023-03-08 12:30:00-05:00,10.289999961853027,10.289999961853027,10.1899995803833,10.1899995803833,44558,0.0,0.0
2023-03-08 13:30:00-05:00,10.1899995803833,10.219900131225586,10.15999984741211,10.217499732971191,46308,0.0,0.0
2023-03-08 14:30:00-05:00,10.21500015258789,10.21500015258789,10.140000343322754,10.149999618530273,72123,0.0,0.0
2023-03-08 15:30:00-05:00,10.159899711608887,10.260000228881836,10.149999618530273,10.255000114440918,162902,0.0,0.0
2023-03-09 09:30:00-05:00,10.260000228881836,10.3149995803833,10.220000267028809,10.234999656677246,47570,0.0,0.0
2023-03-09 10:30:00-05:00,10.23009967803955,10.255000114440918,10.125,10.180000305175781,102131,0.0,0.0
2023-03-09 11:30:00-05:00,10.15999984741211,10.220000267028809,10.135000228881836,10.149999618530273,119461,0.0,0.0
2023-03-09 12:30:00-05:00,10.15999984741211,10.175000190734863,10.114999771118164,10.164999961853027,48872,0.0,0.0
2023-03-09 13:30:00-05:00,10.15999984741211,10.164999961853027,10.114999771118164,10.145000457763672,23508,0.0,0.0
2023-03-09 14:30:00-05:00,10.145000457763672,10.166000366210938,10.09000015258789,10.104999542236328,65406,0.0,0.0
2023-03-09 15:30:00-05:00,10.100000381469727,10.130000114440918,10.0600004196167,10.079999923706055,121761,0.0,0.0
2023-03-10 09:30:00-05:00,10.039999961853027,10.0600004196167,9.949999809265137,9.960000038146973,189162,0.0,0.0
2023-03-10 10:30:00-05:00,9.960000038146973,10.050000190734863,9.875,10.050000190734863,120917,0.0,0.0
2023-03-10 11:30:00-05:00,10.055000305175781,10.085000038146973,9.949999809265137,9.960000038146973,77664,0.0,0.0
2023-03-10 12:30:00-05:00,9.970000267028809,9.984999656677246,9.819299697875977,9.819299697875977,88747,0.0,0.0
2023-03-10 13:30:00-05:00,9.819999694824219,9.848799705505371,9.740099906921387,9.829899787902832,80081,0.0,0.0
2023-03-10 14:30:00-05:00,9.824999809265137,9.880000114440918,9.8149995803833,9.824999809265137,95054,0.0,0.0
2023-03-10 15:30:00-05:00,9.819999694824219,9.850000381469727,9.79010009765625,9.845000267028809,124543,0.0,0.0
2023-03-13 09:30:00-04:00,9.619999885559082,9.75,9.470000267028809,9.609999656677246,318942,0.0,0.0
2023-03-13 10:30:00-04:00,9.614999771118164,9.869999885559082,9.59000015258789,9.859999656677246,166150,0.0,0.0
2023-03-13 11:30:00-04:00,9.850000381469727,9.850000381469727,9.710000038146973,9.739999771118164,94223,0.0,0.0
2023-03-13 12:30:00-04:00,9.739999771118164,9.770000457763672,9.71500015258789,9.739999771118164,61768,0.0,0.0
2023-03-13 13:30:00-04:00,9.744999885559082,9.800000190734863,9.729999542236328,9.770000457763672,81119,0.0,0.0
2023-03-13 14:30:00-04:00,9.765000343322754,9.8100004196167,9.640000343322754,9.645000457763672,55174,0.0,0.0
2023-03-13 15:30:00-04:00,9.645000457763672,9.699999809265137,9.645000457763672,9.694999694824219,84565,0.0,0.0
2023-03-14 09:30:00-04:00,9.90999984741211,9.960000038146973,9.845000267028809,9.949999809265137,135319,0.0,0.0
2023-03-14 10:30:00-04:00,9.949999809265137,10.020000457763672,9.949999809265137,9.994999885559082,85274,0.0,0.0
2023-03-14 11:30:00-04:00,9.989999771118164,10.010000228881836,9.960000038146973,10.0,33098,0.0,0.0
2023-03-14 12:30:00-04:00,10.0,10.01990032196045,9.859999656677246,9.880000114440918,84344,0.0,0.0
2023-03-14 13:30:00-04:00,9.880000114440918,9.920000076293945,9.829999923706055,9.859999656677246,33159,0.0,0.0
2023-03-14 14:30:00-04:00,9.859999656677246,9.880000114440918,9.729999542236328,9.734999656677246,64792,0.0,0.0
2023-03-14 15:30:00-04:00,9.734999656677246,9.84000015258789,9.734999656677246,9.819999694824219,109784,0.0,0.0
2023-03-15 09:30:00-04:00,9.5600004196167,9.710000038146973,9.524999618530273,9.590100288391113,172787,0.0,0.0
2023-03-15 10:30:00-04:00,9.595000267028809,9.779999732971191,9.59000015258789,9.75,77602,0.0,0.0
2023-03-15 11:30:00-04:00,9.75,9.779999732971191,9.579999923706055,9.579999923706055,102094,0.0,0.0
2023-03-15 12:30:00-04:00,9.59000015258789,9.619999885559082,9.510000228881836,9.619999885559082,63919,0.0,0.0
2023-03-15 13:30:00-04:00,9.614999771118164,9.710000038146973,9.595999717712402,9.6899995803833,64403,0.0,0.0
2023-03-15 14:30:00-04:00,9.680000305175781,9.704999923706055,9.630000114440918,9.664999961853027,62767,0.0,0.0
2023-03-15 15:30:00-04:00,9.65999984741211,9.680000305175781,9.625,9.680000305175781,84889,0.0,0.0
2023-03-16 09:30:00-04:00,9.520000457763672,9.569999694824219,9.149999618530273,9.210000038146973,148915,0.0,0.0
2023-03-16 10:30:00-04:00,9.21500015258789,9.430000305175781,9.210000038146973,9.345000267028809,103589,0.0,0.0
2023-03-16 11:30:00-04:00,9.350000381469727,9.40999984741211,9.199999809265137,9.300000190734863,166735,0.0,0.0
2023-03-16 12:30:00-04:00,9.289999961853027,9.454999923706055,9.239999771118164,9.444999694824219,69270,0.0,0.0
2023-03-16 13:30:00-04:00,9.449999809265137,9.449999809265137,9.34000015258789,9.380000114440918,63278,0.0,0.0
2023-03-16 14:30:00-04:00,9.380000114440918,9.430000305175781,9.368000030517578,9.404999732971191,86987,0.0,0.0
2023-03-16 15:30:00-04:00,9.40999984741211,9.40999984741211,9.350000381469727,9.359999656677246,78966,0.0,0.0
2023-03-17 09:30:00-04:00,9.300000190734863,9.470000267028809,9.270000457763672,9.420000076293945,264089,0.0,0.0
2023-03-17 10:30:00-04:00,9.420000076293945,9.4350004196167,9.199999809265137,9.199999809265137,89013,0.0,0.0
2023-03-17 11:30:00-04:00,9.204999923706055,9.239999771118164,9.100000381469727,9.15999984741211,70017,0.0,0.0
2023-03-17 12:30:00-04:00,9.170000076293945,9.1899995803833,9.085000038146973,9.09000015258789,67659,0.0,0.0
2023-03-17 13:30:00-04:00,9.095000267028809,9.114999771118164,9.0600004196167,9.091099739074707,64287,0.0,0.0
2023-03-17 14:30:00-04:00,9.095000267028809,9.104999542236328,9.020000457763672,9.085000038146973,87737,0.0,0.0
2023-03-17 15:30:00-04:00,9.079999923706055,9.109999656677246,9.020000457763672,9.079999923706055,165122,0.0,0.0
2023-03-20 09:30:00-04:00,9.09000015258789,9.149999618530273,9.020000457763672,9.114999771118164,110857,0.0,0.0
2023-03-20 10:30:00-04:00,9.119999885559082,9.199999809265137,9.114999771118164,9.1899995803833,63653,0.0,0.0
2023-03-20 11:30:00-04:00,9.180000305175781,9.189200401306152,9.0600004196167,9.109999656677246,93286,0.0,0.0
2023-03-20 12:30:00-04:00,9.119999885559082,9.194999694824219,9.100000381469727,9.190099716186523,92470,0.0,0.0
2023-03-20 13:30:00-04:00,9.1899995803833,9.190799713134766,9.095000267028809,9.114999771118164,30411,0.0,0.0
2023-03-20 14:30:00-04:00,9.100000381469727,9.109999656677246,9.029999732971191,9.039999961853027,58909,0.0,0.0
2023-03-20 15:30:00-04:00,9.03499984741211,9.0600004196167,9.024999618530273,9.039999961853027,83252,0.0,0.0
2023-03-21 09:30:00-04:00,9.210000038146973,9.460000038146973,9.210000038146973,9.350000381469727,72956,0.0,0.0
2023-03-21 10:30:00-04:00,9.359999656677246,9.395000457763672,9.319999694824219,9.380000114440918,56627,0.0,0.0
2023-03-21 11:30:00-04:00,9.380000114440918,9.420000076293945,9.369999885559082,9.414199829101562,30811,0.0,0.0
2023-03-21 12:30:00-04:00,9.420000076293945,9.420000076293945,9.36989974975586,9.390000343322754,38715,0.0,0.0
2023-03-21 13:30:00-04:00,9.399999618530273,9.404999732971191,9.359999656677246,9.375,34660,0.0,0.0
2023-03-21 14:30:00-04:00,9.375,9.375,9.329999923706055,9.359999656677246,39091,0.0,0.0
2023-03-21 15:30:00-04:00,9.350000381469727,9.390000343322754,9.329999923706055,9.335000038146973,86050,0.0,0.0
2023-03-22 09:30:00-04:00,9.300000190734863,9.390000343322754,9.270000457763672,9.390000343322754,43531,0.0,0.0
2023-03-22 10:30:00-04:00,9.390000343322754,9.475000381469727,9.390000343322754,9.430000305175781,29565,0.0,0.0
2023-03-22 11:30:00-04:00,9.4350004196167,9.460000038146973,9.414999961853027,9.4399995803833,17620,0.0,0.0
2023-03-22 12:30:00-04:00,9.4399995803833,9.460000038146973,9.40999984741211,9.425000190734863,13236,0.0,0.0
2023-03-22 13:30:00-04:00,9.430000305175781,9.510000228881836,9.410900115966797,9.470000267028809,35027,0.0,0.0
2023-03-22 14:30:00-04:00,9.460000038146973,9.520000457763672,9.329999923706055,9.399999618530273,89699,0.0,0.0
2023-03-22 15:30:00-04:00,9.404999732971191,9.404999732971191,9.239999771118164,9.239999771118164,74429,0.0,0.0
2023-03-23 09:30:00-04:00,9.350000381469727,9.479999542236328,9.324999809265137,9.4399995803833,48304,0.0,0.0
2023-03-23 10:30:00-04:00,9.449999809265137,9.460000038146973,9.40999984741211,9.4350004196167,52802,0.0,0.0
2023-03-23 11:30:00-04:00,9.4350004196167,9.45989990234375,9.300000190734863,9.335000038146973,37596,0.0,0.0
2023-03-23 12:30:00-04:00,9.329999923706055,9.335000038146973,9.25,9.25,31278,0.0,0.0
2023-03-23 13:30:00-04:00,9.251099586486816,9.26830005645752,9.170000076293945,9.180000305175781,42167,0.0,0.0
2023-03-23 14:30:00-04:00,9.175000190734863,9.229999542236328,9.109999656677246,9.149999618530273,61259,0.0,0.0
2023-03-23 15:30:00-04:00,9.14009952545166,9.229999542236328,9.130000114440918,9.1850004196167,65424,0.0,0.0
2023-03-24 09:30:00-04:00,9.109999656677246,9.140000343322754,9.008099555969238,9.140000343322754,68390,0.0,0.0
2023-03-24 10:30:00-04:00,9.149999618530273,9.149999618530273,9.069999694824219,9.149999618530273,40814,0.0,0.0
2023-03-24 11:30:00-04:00,9.140000343322754,9.25,9.140000343322754,9.175000190734863,19779,0.0,0.0
2023-03-24 12:30:00-04:00,9.170100212097168,9.1899995803833,9.114999771118164,9.140000343322754,92774,0.0,0.0
2023-03-24 13:30:00-04:00,9.135000228881836,9.149999618530273,9.109999656677246,9.130000114440918,40316,0.0,0.0
2023-03-24 14:30:00-04:00,9.130000114440918,9.220000267028809,9.1225004196167,9.220000267028809,44008,0.0,0.0
2023-03-24 15:30:00-04:00,9.225000381469727,9.234999656677246,9.180000305175781,9.1899995803833,59853,0.0,0.0
2023-03-27 09:30:00-04:00,9.25,9.270000457763672,9.140000343322754,9.140000343322754,79525,0.0,0.0
2023-03-27 10:30:00-04:00,9.140000343322754,9.152199745178223,9.109999656677246,9.114999771118164,26631,0.0,0.0
2023-03-27 11:30:00-04:00,9.119999885559082,9.199999809265137,9.069999694824219,9.180000305175781,35915,0.0,0.0
2023-03-27 12:30:00-04:00,9.180000305175781,9.255000114440918,9.180000305175781,9.25,22742,0.0,0.0
2023-03-27 13:30:00-04:00,9.25,9.28499984741211,9.229999542236328,9.255000114440918,26675,0.0,0.0
2023-03-27 14:30:00-04:00,9.254400253295898,9.279999732971191,9.25,9.265000343322754,25017,0.0,0.0
2023-03-27 15:30:00-04:00,9.265000343322754,9.279999732971191,9.229999542236328,9.25,57937,0.0,0.0
2023-03-28 09:30:00-04:00,9.239999771118164,9.319999694824219,9.229999542236328,9.3100004196167,62175,0.0,0.0
2023-03-28 10:30:00-04:00,9.319999694824219,9.329999923706055,9.28499984741211,9.300000190734863,24563,0.0,0.0
2023-03-28 11:30:00-04:00,9.305000305175781,9.3149995803833,9.270000457763672,9.274999618530273,9515,0.0,0.0
2023-03-28 12:30:00-04:00,9.267800331115723,9.279999732971191,9.244999885559082,9.270000457763672,27562,0.0,0.0
2023-03-28 13:30:00-04:00,9.265000343322754,9.270000457763672,9.25,9.270000457763672,11812,0.0,0.0
2023-03-28 14:30:00-04:00,9.265000343322754,9.300000190734863,9.260000228881836,9.260000228881836,32601,0.0,0.0
2023-03-28 15:30:00-04:00,9.260000228881836,9.279999732971191,9.239999771118164,9.265000343322754,67730,0.0,0.0
2023-03-29 09:30:00-04:00,9.369999885559082,9.430000305175781,9.300000190734863,9.395000457763672,32866,0.0,0.0
2023-03-29 10:30:00-04:00,9.40999984741211,9.419899940490723,9.324999809265137,9.329999923706055,28224,0.0,0.0
2023-03-29 11:30:00-04:00,9.329999923706055,9.364999771118164,9.3100004196167,9.335000038146973,44948,0.0,0.0
2023-03-29 12:30:00-04:00,9.335000038146973,9.335000038146973,9.28499984741211,9.305000305175781,25694,0.0,0.0
2023-03-29 13:30:00-04:00,9.305000305175781,9.305000305175781,9.234999656677246,9.255000114440918,31044,0.0,0.0
2023-03-29 14:30:00-04:00,9.250200271606445,9.270000457763672,9.234999656677246,9.255000114440918,31780,0.0,0.0
2023-03-29 15:30:00-04:00,9.255000114440918,9.279999732971191,9.229999542236328,9.274999618530273,40977,0.0,0.0
2023-03-30 09:30:00-04:00,9.390000343322754,9.449999809265137,9.363900184631348,9.420000076293945,73306,0.0,0.0
2023-03-30 10:30:00-04:00,9.420000076293945,9.420000076293945,9.319999694824219,9.335000038146973,26132,0.0,0.0
2023-03-30 11:30:00-04:00,9.329999923706055,9.354999542236328,9.279999732971191,9.305000305175781,26382,0.0,0.0
2023-03-30 12:30:00-04:00,9.300000190734863,9.3149995803833,9.279999732971191,9.28499984741211,22984,0.0,0.0
2023-03-30 13:30:00-04:00,9.279999732971191,9.279999732971191,9.239999771118164,9.260199546813965,33776,0.0,0.0
2023-03-30 14:30:00-04:00,9.260000228881836,9.260000228881836,9.21500015258789,9.260000228881836,35425,0.0,0.0
2023-03-30 15:30:00-04:00,9.270000457763672,9.295000076293945,9.255000114440918,9.279999732971191,58575,0.0,0.0
2023-03-31 09:30:00-04:00,9.3100004196167,9.390000343322754,9.3100004196167,9.380000114440918,25767,0.0,0.0
2023-03-31 10:30:00-04:00,9.380000114440918,9.414999961853027,9.34000015258789,9.414999961853027,17533,0.0,0.0
2023-03-31 11:30:00-04:00,9.414999961853027,9.425000190734863,9.375,9.404999732971191,50719,0.0,0.0
2023-03-31 12:30:00-04:00,9.40999984741211,9.420000076293945,9.380000114440918,9.390000343322754,17899,0.0,0.0
2023-03-31 13:30:00-04:00,9.390000343322754,9.39009952545166,9.34000015258789,9.34000015258789,22875,0.0,0.0
2023-03-31 14:30:00-04:00,9.335000038146973,9.350000381469727,9.3100004196167,9.319999694824219,51359,0.0,0.0
2023-03-31 15:30:00-04:00,9.324399948120117,9.40999984741211,9.300000190734863,9.40999984741211,99355,0.0,0.0
2023-04-03 09:30:00-04:00,9.380000114440918,9.390000343322754,9.239999771118164,9.305000305175781,92155,0.0,0.0
2023-04-03 10:30:00-04:00,9.300000190734863,9.300000190734863,9.159899711608887,9.1899995803833,51955,0.0,0.0
2023-04-03 11:30:00-04:00,9.199999809265137,9.199999809265137,9.100000381469727,9.1899995803833,133050,0.0,0.0
2023-04-03 12:30:00-04:00,9.1899995803833,9.199999809265137,9.149999618530273,9.156000137329102,50527,0.0,0.0
2023-04-03 13:30:00-04:00,9.15999984741211,9.21500015258789,9.140000343322754,9.1899995803833,42570,0.0,0.0
2023-04-03 14:30:00-04:00,9.1899995803833,9.25,9.180000305175781,9.234999656677246,44737,0.0,0.0
2023-04-03 15:30:00-04:00,9.229999542236328,9.2475004196167,9.210000038146973,9.210000038146973,59525,0.0,0.0
2023-04-04 09:30:00-04:00,9.350000381469727,9.489999771118164,9.305000305175781,9.324999809265137,133812,0.0,0.0
2023-04-04 10:30:00-04:00,9.329999923706055,9.350000381469727,9.229999542236328,9.25,53418,0.0,0.0
2023-04-04 11:30:00-04:00,9.240099906921387,9.244999885559082,9.140000343322754,9.204999923706055,76736,0.0,0.0
2023-04-04 12:30:00-04:00,9.199999809265137,9.274999618530273,9.1850004196167,9.220000267028809,36200,0.0,0.0
2023-04-04 13:30:00-04:00,9.229999542236328,9.229999542236328,9.145000457763672,9.145000457763672,39855,0.0,0.0
2023-04-04 14:30:00-04:00,9.145000457763672,9.149999618530273,9.109999656677246,9.109999656677246,69991,0.0,0.0
2023-04-04 15:30:00-04:00,9.109999656677246,9.170000076293945,9.109999656677246,9.15999984741211,77265,0.0,0.0
2023-04-05 09:30:00-04:00,9.119999885559082,9.119999885559082,8.979999542236328,9.0,135916,0.0,0.0
2023-04-05 10:30:00-04:00,9.0,9.085000038146973,9.0,9.069999694824219,88943,0.0,0.0
2023-04-05 11:30:00-04:00,9.069999694824219,9.109600067138672,9.0649995803833,9.109600067138672,41907,0.0,0.0
2023-04-05 12:30:00-04:00,9.104999542236328,9.149999618530273,9.09000015258789,9.135000228881836,36636,0.0,0.0
2023-04-05 13:30:00-04:00,9.130000114440918,9.15999984741211,9.100000381469727,9.140000343322754,89452,0.0,0.0
2023-04-05 14:30:00-04:00,9.140000343322754,9.15999984741211,9.119999885559082,9.130000114440918,78477,0.0,0.0
2023-04-05 15:30:00-04:00,9.140000343322754,9.210000038146973,9.119999885559082,9.210000038146973,87899,0.0,0.0
2023-04-06 09:30:00-04:00,9.260000228881836,9.324999809265137,9.135000228881836,9.149999618530273,146738,0.0,0.0
2023-04-06 10:30:00-04:00,9.145000457763672,9.149999618530273,9.095000267028809,9.114999771118164,71031,0.0,0.0
2023-04-06 11:30:00-04:00,9.119999885559082,9.15999984741211,9.104999542236328,9.140000343322754,54480,0.0,0.0
2023-04-06 12:30:00-04:00,9.149999618530273,9.180000305175781,9.140000343322754,9.15880012512207,48596,0.0,0.0
2023-04-06 13:30:00-04:00,9.154999732971191,9.170000076293945,9.109999656677246,9.164999961853027,59994,0.0,0.0
2023-04-06 14:30:00-04:00,9.164999961853027,9.170000076293945,9.109999656677246,9.140000343322754,80063,0.0,0.0
2023-04-06 15:30:00-04:00,9.149999618530273,9.15999984741211,9.109999656677246,9.109999656677246,82490,0.0,0.0
2023-04-10 09:30:00-04:00,9.180000305175781,9.440299987792969,9.180000305175781,9.399999618530273,178330,0.0,0.0
2023-04-10 10:30:00-04:00,9.40999984741211,9.4399995803833,9.34000015258789,9.359999656677246,109507,0.0,0.0
2023-04-10 11:30:00-04:00,9.359999656677246,9.364999771118164,9.260000228881836,9.274999618530273,59254,0.0,0.0
2023-04-10 12:30:00-04:00,9.274999618530273,9.3100004196167,9.270000457763672,9.289999961853027,34173,0.0,0.0
2023-04-10 13:30:00-04:00,9.295000076293945,9.345000267028809,9.279999732971191,9.319999694824219,32998,0.0,0.0
2023-04-10 14:30:00-04:00,9.329999923706055,9.395000457763672,9.329999923706055,9.390000343322754,54078,0.0,0.0
2023-04-10 15:30:00-04:00,9.390000343322754,9.395000457763672,9.359999656677246,9.369999885559082,75011,0.0,0.0
2023-04-11 09:30:00-04:00,9.369999885559082,9.510000228881836,9.319999694824219,9.479999542236328,78264,0.0,0.0
2023-04-11 10:30:00-04:00,9.479999542236328,9.619999885559082,9.479999542236328,9.61769962310791,58888,0.0,0.0
2023-04-11 11:30:00-04:00,9.619999885559082,9.635000228881836,9.569999694824219,9.619999885559082,78782,0.0,0.0
2023-04-11 12:30:00-04:00,9.609999656677246,9.649999618530273,9.600000381469727,9.600000381469727,63624,0.0,0.0
2023-04-11 13:30:00-04:00,9.600000381469727,9.604999542236328,9.529999732971191,9.53499984741211,30200,0.0,0.0
2023-04-11 14:30:00-04:00,9.534500122070312,9.587499618530273,9.529999732971191,9.574999809265137,56661,0.0,0.0
2023-04-11 15:30:00-04:00,9.574999809265137,9.600000381469727,9.539999961853027,9.550000190734863,104187,0.0,0.0
2023-04-12 09:30:00-04:00,9.600000381469727,9.704999923706055,9.569999694824219,9.65999984741211,73133,0.0,0.0
2023-04-12 10:30:00-04:00,9.65999984741211,9.664999961853027,9.569999694824219,9.659899711608887,30191,0.0,0.0
2023-04-12 11:30:00-04:00,9.65999984741211,9.680000305175781,9.635000228881836,9.680000305175781,15692,0.0,0.0
2023-04-12 12:30:00-04:00,9.680000305175781,9.710000038146973,9.65999984741211,9.687600135803223,31080,0.0,0.0
2023-04-12 13:30:00-04:00,9.6899995803833,9.720000267028809,9.670000076293945,9.6850004196167,24376,0.0,0.0
2023-04-12 14:30:00-04:00,9.670000076293945,9.680000305175781,9.640000343322754,9.640000343322754,40104,0.0,0.0
2023-04-12 15:30:00-04:00,9.640000343322754,9.680000305175781,9.630000114440918,9.645000457763672,50629,0.0,0.0
2023-04-13 09:30:00-04:00,9.729999542236328,9.930000305175781,9.710000038146973,9.930000305175781,110353,0.0,0.0
2023-04-13 10:30:00-04:00,9.924099922180176,9.979999542236328,9.90999984741211,9.968899726867676,63385,0.0,0.0
2023-04-13 11:30:00-04:00,9.96500015258789,9.989999771118164,9.9399995803833,9.96500015258789,47038,0.0,0.0
2023-04-13 12:30:00-04:00,9.960000038146973,10.050000190734863,9.954999923706055,10.030099868774414,54431,0.0,0.0
2023-04-13 13:30:00-04:00,10.039999961853027,10.0600004196167,10.020000457763672,10.045000076293945,48805,0.0,0.0
2023-04-13 14:30:00-04:00,10.045000076293945,10.045000076293945,10.004500389099121,10.010000228881836,56295,0.0,0.0
2023-04-13 15:30:00-04:00,10.005000114440918,10.010000228881836,9.944999694824219,9.984999656677246,98657,0.0,0.0
2023-04-14 09:30:00-04:00,10.079999923706055,10.180000305175781,10.020000457763672,10.029999732971191,97596,0.0,0.0
2023-04-14 10:30:00-04:00,10.024999618530273,10.024999618530273,9.920000076293945,9.925000190734863,47132,0.0,0.0
2023-04-14 11:30:00-04:00,9.930000305175781,9.9399995803833,9.899999618530273,9.9350004196167,32928,0.0,0.0
2023-04-14 12:30:00-04:00,9.9350004196167,9.970000267028809,9.920000076293945,9.954999923706055,20545,0.0,0.0
2023-04-14 13:30:00-04:00,9.949999809265137,10.005000114440918,9.930000305175781,9.984999656677246,25366,0.0,0.0
2023-04-14 14:30:00-04:00,9.984999656677246,10.010000228881836,9.944999694824219,9.949999809265137,71392,0.0,0.0
2023-04-14 15:30:00-04:00,9.949999809265137,10.015000343322754,9.949999809265137,9.994999885559082,55493,0.0,0.0
2023-04-17 09:30:00-04:00,10.100000381469727,10.149999618530273,10.010000228881836,10.069999694824219,72307,0.0,0.0
2023-04-17 10:30:00-04:00,10.079999923706055,10.119999885559082,10.050000190734863,10.104999542236328,73193,0.0,0.0
2023-04-17 11:30:00-04:00,10.10890007019043,10.140000343322754,10.089200019836426,10.125,65165,0.0,0.0
2023-04-17 12:30:00-04:00,10.125,10.180000305175781,10.125,10.15999984741211,30557,0.0,0.0
2023-04-17 13:30:00-04:00,10.154999732971191,10.170000076293945,10.130000114440918,10.149999618530273,36689,0.0,0.0
2023-04-17 14:30:00-04:00,10.154999732971191,10.210000038146973,10.151000022888184,10.204999923706055,52785,0.0,0.0
2023-04-17 15:30:00-04:00,10.204999923706055,10.204999923706055,10.149999618530273,10.15999984741211,67812,0.0,0.0
2023-04-18 09:30:00-04:00,10.069999694824219,10.08810043334961,9.932000160217285,10.015000343322754,73004,0.0,0.0
2023-04-18 10:30:00-04:00,10.015000343322754,10.09000015258789,9.979999542236328,10.085000038146973,57302,0.0,0.0
2023-04-18 11:30:00-04:00,10.09000015258789,10.100000381469727,10.0649995803833,10.079999923706055,31928,0.0,0.0
2023-04-18 12:30:00-04:00,10.069999694824219,10.074999809265137,10.029999732971191,10.03499984741211,29440,0.0,0.0
2023-04-18 13:30:00-04:00,10.03499984741211,10.039999961853027,9.979999542236328,10.010000228881836,46260,0.0,0.0
2023-04-18 14:30:00-04:00,10.005000114440918,10.024999618530273,9.975000381469727,10.010000228881836,49957,0.0,0.0
2023-04-18 15:30:00-04:00,10.015000343322754,10.0600004196167,10.015000343322754,10.050000190734863,66368,0.0,0.0
2023-04-19 09:30:00-04:00,9.930000305175781,10.009300231933594,9.90999984741211,9.960000038146973,59365,0.0,0.0
2023-04-19 10:30:00-04:00,9.960000038146973,9.984999656677246,9.944999694824219,9.970000267028809,59189,0.0,0.0
2023-04-19 11:30:00-04:00,9.96500015258789,9.979999542236328,9.904999732971191,9.975000381469727,208660,0.0,0.0
2023-04-19 12:30:00-04:00,9.979999542236328,10.050000190734863,9.979999542236328,10.029999732971191,22028,0.0,0.0
2023-04-19 13:30:00-04:00,10.024999618530273,10.095000267028809,10.024999618530273,10.051300048828125,24339,0.0,0.0
2023-04-19 14:30:00-04:00,10.0600004196167,10.100000381469727,10.010000228881836,10.015000343322754,75324,0.0,0.0
2023-04-19 15:30:00-04:00,10.010000228881836,10.03499984741211,9.994999885559082,10.0,77825,0.0,0.0
2023-04-20 09:30:00-04:00,10.0,10.029999732971191,9.979999542236328,10.029999732971191,43128,0.0,0.0
2023-04-20 10:30:00-04:00,10.039999961853027,10.050000190734863,10.0,10.005000114440918,44228,0.0,0.0
2023-04-20 11:30:00-04:00,10.005399703979492,10.015000343322754,9.854999542236328,9.864999771118164,105940,0.0,0.0
2023-04-20 12:30:00-04:00,9.864999771118164,9.920000076293945,9.84000015258789,9.899999618530273,50203,0.0,0.0
2023-04-20 13:30:00-04:00,9.899999618530273,9.914999961853027,9.850000381469727,9.850000381469727,35772,0.0,0.0
2023-04-20 14:30:00-04:00,9.850000381469727,9.854999542236328,9.720000267028809,9.770000457763672,96483,0.0,0.0
2023-04-20 15:30:00-04:00,9.770000457763672,9.835000038146973,9.765000343322754,9.819999694824219,86541,0.0,0.0
2023-04-21 09:30:00-04:00,9.829999923706055,9.829999923706055,9.470000267028809,9.614999771118164,128713,0.0,0.0
2023-04-21 10:30:00-04:00,9.619999885559082,9.664999961853027,9.545000076293945,9.59000015258789,61529,0.0,0.0
2023-04-21 11:30:00-04:00,9.600000381469727,9.614999771118164,9.529999732971191,9.529999732971191,20010,0.0,0.0
2023-04-21 12:30:00-04:00,9.539999961853027,9.539999961853027,9.489999771118164,9.529899597167969,48267,0.0,0.0
2023-04-21 13:30:00-04:00,9.529999732971191,9.579999923706055,9.529999732971191,9.539999961853027,49319,0.0,0.0
2023-04-21 14:30:00-04:00,9.539999961853027,9.547499656677246,9.510000228881836,9.539999961853027,40547,0.0,0.0
2023-04-21 15:30:00-04:00,9.545000076293945,9.5600004196167,9.489999771118164,9.489999771118164,64691,0.0,0.0
2023-04-24 09:30:00-04:00,9.180000305175781,9.289899826049805,9.039999961853027,9.274800300598145,240115,0.0,0.0
2023-04-24 10:30:00-04:00,9.279600143432617,9.369999885559082,9.270000457763672,9.319999694824219,155121,0.0,0.0
2023-04-24 11:30:00-04:00,9.319999694824219,9.350000381469727,9.3100004196167,9.34000015258789,38037,0.0,0.0
2023-04-24 12:30:00-04:00,9.329999923706055,9.359999656677246,9.319999694824219,9.354999542236328,28295,0.0,0.0
2023-04-24 13:30:00-04:00,9.359999656677246,9.390000343322754,9.324999809265137,9.354999542236328,44591,0.0,0.0
2023-04-24 14:30:00-04:00,9.350000381469727,9.404999732971191,9.329999923706055,9.380000114440918,70939,0.0,0.0
2023-04-24 15:30:00-04:00,9.380000114440918,9.390000343322754,9.350000381469727,9.350199699401855,107886,0.0,0.0
2023-04-25 09:30:00-04:00,9.09000015258789,9.247300148010254,8.979999542236328,9.045000076293945,297451,0.0,0.0
2023-04-25 10:30:00-04:00,9.050000190734863,9.055000305175781,8.9399995803833,9.0,151033,0.0,0.0
2023-04-25 11:30:00-04:00,9.0,9.039999961853027,8.975000381469727,9.024999618530273,60526,0.0,0.0
2023-04-25 12:30:00-04:00,9.020000457763672,9.029999732971191,8.904999732971191,8.90999984741211,87774,0.0,0.0
2023-04-25 13:30:00-04:00,8.90999984741211,8.9399995803833,8.880000114440918,8.9399995803833,76490,0.0,0.0
2023-04-25 14:30:00-04:00,8.944999694824219,9.069999694824219,8.920000076293945,9.020000457763672,256092,0.0,0.0
2023-04-25 15:30:00-04:00,9.015000343322754,9.029999732971191,8.949999809265137,8.979999542236328,114730,0.0,0.0
2023-04-26 09:30:00-04:00,8.90999984741211,8.954999923706055,8.785499572753906,8.789999961853027,169255,0.0,0.0
2023-04-26 10:30:00-04:00,8.800000190734863,8.819999694824219,8.739999771118164,8.789400100708008,83493,0.0,0.0
2023-04-26 11:30:00-04:00,8.78499984741211,8.84000015258789,8.78499984741211,8.797900199890137,45507,0.0,0.0
2023-04-26 12:30:00-04:00,8.796199798583984,8.904999732971191,8.78499984741211,8.864999771118164,100203,0.0,0.0
2023-04-26 13:30:00-04:00,8.869000434875488,8.899999618530273,8.850000381469727,8.880000114440918,70241,0.0,0.0
2023-04-26 14:30:00-04:00,8.87090015411377,8.880000114440918,8.824999809265137,8.859999656677246,94307,0.0,0.0
2023-04-26 15:30:00-04:00,8.869999885559082,8.90999984741211,8.850000381469727,8.890000343322754,158634,0.0,0.0
2023-04-27 09:30:00-04:00,8.930000305175781,8.970000267028809,8.850099563598633,8.869999885559082,71617,0.0,0.0
2023-04-27 10:30:00-04:00,8.880000114440918,8.90999984741211,8.84000015258789,8.90999984741211,38670,0.0,0.0
2023-04-27 11:30:00-04:00,8.90999984741211,8.920000076293945,8.854999542236328,8.920000076293945,46449,0.0,0.0
2023-04-27 12:30:00-04:00,8.929900169372559,8.9350004196167,8.885000228881836,8.920000076293945,26044,0.0,0.0
2023-04-27 13:30:00-04:00,8.914999961853027,8.925000190734863,8.899999618530273,8.90999984741211,40307,0.0,0.0
2023-04-27 14:30:00-04:00,8.90999984741211,8.90999984741211,8.880000114440918,8.90999984741211,43205,0.0,0.0
2023-04-27 15:30:00-04:00,8.899999618530273,8.904999732971191,8.869999885559082,8.895000457763672,72927,0.0,0.0
2023-04-28 09:30:00-04:00,8.899999618530273,9.050000190734863,8.890000343322754,9.010000228881836,75686,0.0,0.0
2023-04-28 10:30:00-04:00,9.020000457763672,9.024999618530273,8.944999694824219,9.010000228881836,36693,0.0,0.0
2023-04-28 11:30:00-04:00,9.010000228881836,9.055000305175781,9.010000228881836,9.055000305175781,27539,0.0,0.0
2023-04-28 12:30:00-04:00,9.055000305175781,9.0600004196167,9.020000457763672,9.029999732971191,32423,0.0,0.0
2023-04-28 13:30:00-04:00,9.024999618530273,9.039999961853027,9.005000114440918,9.005000114440918,50821,0.0,0.0
2023-04-28 14:30:00-04:00,9.005000114440918,9.069999694824219,8.975000381469727,9.0600004196167,66076,0.0,0.0
2023-04-28 15:30:00-04:00,9.0600004196167,9.069999694824219,9.020000457763672,9.029999732971191,95897,0.0,0.0
2023-05-01 09:30:00-04:00,9.010000228881836,9.020000457763672,8.779999732971191,8.78499984741211,145887,0.0,0.0
2023-05-01 10:30:00-04:00,8.789999961853027,8.819999694824219,8.645000457763672,8.65999984741211,138510,0.0,0.0
2023-05-01 11:30:00-04:00,8.662300109863281,8.720000267028809,8.625,8.717100143432617,77046,0.0,0.0
2023-05-01 12:30:00-04:00,8.720000267028809,8.725000381469727,8.654999732971191,8.680000305175781,64043,0.0,0.0
2023-05-01 13:30:00-04:00,8.683600425720215,8.729999542236328,8.680000305175781,8.710000038146973,36614,0.0,0.0
2023-05-01 14:30:00-04:00,8.700799942016602,8.734999656677246,8.6899995803833,8.708999633789062,59197,0.0,0.0
2023-05-01 15:30:00-04:00,8.704999923706055,8.744999885559082,8.699999809265137,8.729999542236328,104119,0.0,0.0
2023-05-02 09:30:00-04:00,8.670000076293945,8.704999923706055,8.350000381469727,8.380000114440918,203322,0.0,0.0
2023-05-02 10:30:00-04:00,8.369999885559082,8.5,8.329999923706055,8.489999771118164,372807,0.0,0.0
2023-05-02 11:30:00-04:00,8.494999885559082,8.614800453186035,8.430000305175781,8.505000114440918,242137,0.0,0.0
2023-05-02 12:30:00-04:00,8.494999885559082,8.494999885559082,8.420000076293945,8.46500015258789,176441,0.0,0.0
2023-05-02 13:30:00-04:00,8.460000038146973,8.494999885559082,8.40999984741211,8.420000076293945,142233,0.0,0.0
2023-05-02 14:30:00-04:00,8.429900169372559,8.470000267028809,8.40999984741211,8.46500015258789,183906,0.0,0.0
2023-05-02 15:30:00-04:00,8.460000038146973,8.46500015258789,8.420000076293945,8.4399995803833,185483,0.0,0.0
2023-05-03 09:30:00-04:00,8.449999809265137,8.470000267028809,8.385000228881836,8.4399995803833,126652,0.0,0.0
2023-05-03 10:30:00-04:00,8.447999954223633,8.458499908447266,8.345000267028809,8.350000381469727,63570,0.0,0.0
2023-05-03 11:30:00-04:00,8.341099739074707,8.420000076293945,8.324999809265137,8.385000228881836,52953,0.0,0.0
2023-05-03 12:30:00-04:00,8.385000228881836,8.449999809265137,8.375,8.444999694824219,56541,0.0,0.0
2023-05-03 13:30:00-04:00,8.444999694824219,8.489999771118164,8.425000190734863,8.430000305175781,98237,0.0,0.0
2023-05-03 14:30:00-04:00,8.420000076293945,8.449999809265137,8.369199752807617,8.390000343322754,127248,0.0,0.0
2023-05-03 15:30:00-04:00,8.399999618530273,8.420000076293945,8.380000114440918,8.399999618530273,121219,0.0,0.0
2023-05-04 09:30:00-04:00,8.300000190734863,8.300000190734863,8.029999732971191,8.050000190734863,308290,0.0,0.0
2023-05-04 10:30:00-04:00,8.052499771118164,8.069999694824219,7.969699859619141,8.029999732971191,113506,0.0,0.0
2023-05-04 11:30:00-04:00,8.029999732971191,8.029999732971191,7.929999828338623,7.986999988555908,113356,0.0,0.0
2023-05-04 12:30:00-04:00,7.989999771118164,8.055000305175781,7.934999942779541,8.039999961853027,96507,0.0,0.0
2023-05-04 13:30:00-04:00,8.039999961853027,8.039999961853027,7.974999904632568,7.989999771118164,104319,0.0,0.0
2023-05-04 14:30:00-04:00,7.980000019073486,8.04520034790039,7.974999904632568,8.019200325012207,213754,0.0,0.0
2023-05-04 15:30:00-04:00,8.020000457763672,8.055000305175781,7.989999771118164,8.050000190734863,169190,0.0,0.0
2023-05-05 09:30:00-04:00,8.079999923706055,8.40999984741211,8.079999923706055,8.380000114440918,128719,0.0,0.0
2023-05-05 10:30:00-04:00,8.380000114440918,8.399999618530273,8.279999732971191,8.335000038146973,52880,0.0,0.0
2023-05-05 11:30:00-04:00,8.329999923706055,8.390000343322754,8.319999694824219,8.319999694824219,51060,0.0,0.0
2023-05-05 12:30:00-04:00,8.3149995803833,8.34000015258789,8.279999732971191,8.310700416564941,57088,0.0,0.0
2023-05-05 13:30:00-04:00,8.315899848937988,8.359999656677246,8.300000190734863,8.359999656677246,37871,0.0,0.0
2023-05-05 14:30:00-04:00,8.359999656677246,8.414999961853027,8.350000381469727,8.385000228881836,61969,0.0,0.0
2023-05-05 15:30:00-04:00,8.390000343322754,8.420000076293945,8.364999771118164,8.395000457763672,94992,0.0,0.0
2023-05-08 09:30:00-04:00,8.420000076293945,8.479999542236328,8.34000015258789,8.375,104365,0.0,0.0
2023-05-08 10:30:00-04:00,8.380000114440918,8.479999542236328,8.380000114440918,8.399999618530273,45705,0.0,0.0
2023-05-08 11:30:00-04:00,8.395000457763672,8.510000228881836,8.380000114440918,8.470000267028809,95709,0.0,0.0
2023-05-08 12:30:00-04:00,8.46500015258789,8.489999771118164,8.4399995803833,8.479999542236328,39795,0.0,0.0
2023-05-08 13:30:00-04:00,8.484999656677246,8.5,8.430000305175781,8.468999862670898,46887,0.0,0.0
2023-05-08 14:30:00-04:00,8.470000267028809,8.489999771118164,8.425000190734863,8.425000190734863,54972,0.0,0.0
2023-05-08 15:30:00-04:00,8.425000190734863,8.5,8.425000190734863,8.5,60675,0.0,0.0
2023-05-09 09:30:00-04:00,8.420000076293945,8.4399995803833,8.300000190734863,8.380000114440918,77003,0.0,0.0
2023-05-09 10:30:00-04:00,8.380000114440918,8.449999809265137,8.359999656677246,8.390000343322754,65472,0.0,0.0
2023-05-09 11:30:00-04:00,8.390000343322754,8.4399995803833,8.385000228881836,8.430000305175781,20900,0.0,0.0
2023-05-09 12:30:00-04:00,8.430000305175781,8.4399995803833,8.395000457763672,8.4399995803833,23980,0.0,0.0
2023-05-09 13:30:00-04:00,8.438799858093262,8.489999771118164,8.430899620056152,8.489999771118164,21559,0.0,0.0
2023-05-09 14:30:00-04:00,8.489999771118164,8.494999885559082,8.449999809265137,8.475000381469727,39263,0.0,0.0
2023-05-09 15:30:00-04:00,8.470000267028809,8.484999656677246,8.420000076293945,8.420000076293945,95599,0.0,0.0
2023-05-10 09:30:00-04:00,8.510000228881836,8.520000457763672,8.265700340270996,8.265700340270996,113981,0.0,0.0
2023-05-10 10:30:00-04:00,8.270000457763672,8.369999885559082,8.260000228881836,8.359999656677246,56937,0.0,0.0
2023-05-10 11:30:00-04:00,8.354999542236328,8.395000457763672,8.329999923706055,8.385000228881836,36959,0.0,0.0
2023-05-10 12:30:00-04:00,8.380000114440918,8.390000343322754,8.3100004196167,8.3149995803833,33605,0.0,0.0
2023-05-10 13:30:00-04:00,8.319999694824219,8.380000114440918,8.3100004196167,8.379300117492676,24057,0.0,0.0
2023-05-10 14:30:00-04:00,8.380000114440918,8.390000343322754,8.345000267028809,8.380000114440918,51264,0.0,0.0
2023-05-10 15:30:00-04:00,8.385000228881836,8.390000343322754,8.345000267028809,8.350000381469727,105477,0.0,0.0
2023-05-11 09:30:00-04:00,8.279999732971191,8.425000190734863,8.260000228881836,8.350000381469727,93641,0.0,0.0
2023-05-11 10:30:00-04:00,8.350000381469727,8.399999618530273,8.319999694824219,8.399999618530273,61819,0.0,0.0
2023-05-11 11:30:00-04:00,8.40999984741211,8.414999961853027,8.380000114440918,8.399999618530273,63640,0.0,0.0
2023-05-11 12:30:00-04:00,8.399999618530273,8.420000076293945,8.380000114440918,8.385000228881836,33922,0.0,0.0
2023-05-11 13:30:00-04:00,8.387499809265137,8.407699584960938,8.380000114440918,8.393600463867188,36382,0.0,0.0
2023-05-11 14:30:00-04:00,8.399900436401367,8.430000305175781,8.395000457763672,8.420000076293945,40192,0.0,0.0
2023-05-11 15:30:00-04:00,8.414999961853027,8.420000076293945,8.381999969482422,8.412500381469727,71126,0.0,0.0
2023-05-12 09:30:00-04:00,8.489999771118164,8.5600004196167,8.399999618530273,8.404999732971191,77758,0.0,0.0
2023-05-12 10:30:00-04:00,8.399999618530273,8.399999618530273,8.319999694824219,8.324999809265137,41735,0.0,0.0
2023-05-12 11:30:00-04:00,8.319999694824219,8.324999809265137,8.274999618530273,8.319999694824219,59714,0.0,0.0
2023-05-12 12:30:00-04:00,8.319999694824219,8.359999656677246,8.3149995803833,8.354999542236328,49850,0.0,0.0
2023-05-12 13:30:00-04:00,8.354999542236328,8.359999656677246,8.305000305175781,8.319999694824219,58185,0.0,0.0
2023-05-12 14:30:00-04:00,8.3149995803833,8.319999694824219,8.289999961853027,8.3100004196167,70067,0.0,0.0
2023-05-12 15:30:00-04:00,8.3149995803833,8.329999923706055,8.300000190734863,8.329999923706055,94218,0.0,0.0
2023-05-15 09:30:00-04:00,8.479999542236328,8.550000190734863,8.119999885559082,8.375,295974,0.0,0.0
2023-05-15 10:30:00-04:00,8.375,8.449999809265137,8.375,8.401300430297852,70749,0.0,0.0
2023-05-15 11:30:00-04:00,8.399999618530273,8.40999984741211,8.34000015258789,8.369999885559082,67559,0.0,0.0
2023-05-15 12:30:00-04:00,8.369999885559082,8.430000305175781,8.359999656677246,8.399999618530273,95034,0.0,0.0
2023-05-15 13:30:00-04:00,8.399999618530273,8.529999732971191,8.385000228881836,8.5,149881,0.0,0.0
2023-05-15 14:30:00-04:00,8.5,8.539999961853027,8.484999656677246,8.505000114440918,93293,0.0,0.0
2023-05-15 15:30:00-04:00,8.505000114440918,8.5600004196167,8.484999656677246,8.550000190734863,139031,0.0,0.0
2023-05-16 09:30:00-04:00,8.40999984741211,8.710000038146973,8.389399528503418,8.619999885559082,154435,0.0,0.0
2023-05-16 10:30:00-04:00,8.630000114440918,8.65999984741211,8.520000457763672,8.5600004196167,84650,0.0,0.0
2023-05-16 11:30:00-04:00,8.5649995803833,8.5649995803833,8.460000038146973,8.460000038146973,47931,0.0,0.0
2023-05-16 12:30:00-04:00,8.460000038146973,8.475000381469727,8.390000343322754,8.399999618530273,44227,0.0,0.0
2023-05-16 13:30:00-04:00,8.40530014038086,8.420000076293945,8.359999656677246,8.375,68568,0.0,0.0
2023-05-16 14:30:00-04:00,8.369999885559082,8.454999923706055,8.369999885559082,8.395000457763672,142310,0.0,0.0
2023-05-16 15:30:00-04:00,8.395000457763672,8.404999732971191,8.385000228881836,8.399999618530273,88969,0.0,0.0
2023-05-17 09:30:00-04:00,8.550000190734863,8.664999961853027,8.460000038146973,8.477999687194824,131763,0.0,0.0
2023-05-17 10:30:00-04:00,8.470000267028809,8.550000190734863,8.454999923706055,8.548999786376953,37812,0.0,0.0
2023-05-17 11:30:00-04:00,8.550000190734863,8.574999809265137,8.5,8.574999809265137,83240,0.0,0.0
2023-05-17 12:30:00-04:00,8.574999809265137,8.600000381469727,8.5600004196167,8.585000038146973,55470,0.0,0.0
2023-05-17 13:30:00-04:00,8.59000015258789,8.609999656677246,8.579999923706055,8.604999542236328,30807,0.0,0.0
2023-05-17 14:30:00-04:00,8.600000381469727,8.649999618530273,8.600000381469727,8.640000343322754,101906,0.0,0.0
2023-05-17 15:30:00-04:00,8.645000457763672,8.670000076293945,8.635000228881836,8.670000076293945,65090,0.0,0.0
2023-05-18 09:30:00-04:00,8.65999984741211,8.680000305175781,8.595000267028809,8.619999885559082,58712,0.0,0.0
2023-05-18 10:30:00-04:00,8.619999885559082,8.670000076293945,8.619999885559082,8.635000228881836,46105,0.0,0.0
2023-05-18 11:30:00-04:00,8.635000228881836,8.670000076293945,8.614999771118164,8.630000114440918,23048,0.0,0.0
2023-05-18 12:30:00-04:00,8.619999885559082,8.649999618530273,8.595000267028809,8.619999885559082,24606,0.0,0.0
2023-05-18 13:30:00-04:00,8.619999885559082,8.640000343322754,8.600899696350098,8.640000343322754,25010,0.0,0.0
2023-05-18 14:30:00-04:00,8.649900436401367,8.654999732971191,8.619999885559082,8.619999885559082,67669,0.0,0.0
2023-05-18 15:30:00-04:00,8.630000114440918,8.65999984741211,8.619999885559082,8.635000228881836,124018,0.0,0.0
2023-05-19 09:30:00-04:00,8.720000267028809,8.720000267028809,8.614999771118164,8.645000457763672,75928,0.0,0.0
2023-05-19 10:30:00-04:00,8.645000457763672,8.680000305175781,8.630000114440918,8.635000228881836,55516,0.0,0.0
2023-05-19 11:30:00-04:00,8.619999885559082,8.645000457763672,8.569999694824219,8.645000457763672,48100,0.0,0.0
2023-05-19 12:30:00-04:00,8.640000343322754,8.664999961853027,8.619999885559082,8.635000228881836,27350,0.0,0.0
2023-05-19 13:30:00-04:00,8.640000343322754,8.640000343322754,8.569999694824219,8.59000015258789,29832,0.0,0.0
2023-05-19 14:30:00-04:00,8.595000267028809,8.609999656677246,8.579999923706055,8.579999923706055,21125,0.0,0.0
2023-05-19 15:30:00-04:00,8.585000038146973,8.585000038146973,8.510000228881836,8.510000228881836,99783,0.0,0.0
2023-05-22 09:30:00-04:00,8.539999961853027,8.571000099182129,8.350000381469727,8.444999694824219,93981,0.0,0.0
2023-05-22 10:30:00-04:00,8.449999809265137,8.520000457763672,8.444999694824219,8.512800216674805,64938,0.0,0.0
2023-05-22 11:30:00-04:00,8.510000228881836,8.539999961853027,8.470000267028809,8.489999771118164,59968,0.0,0.0
2023-05-22 12:30:00-04:00,8.494999885559082,8.5,8.454999923706055,8.494999885559082,78193,0.0,0.0
2023-05-22 13:30:00-04:00,8.494999885559082,8.5,8.420000076293945,8.420000076293945,73503,0.0,0.0
2023-05-22 14:30:00-04:00,8.425000190734863,8.489999771118164,8.420000076293945,8.460000038146973,69877,0.0,0.0
2023-05-22 15:30:00-04:00,8.46500015258789,8.470000267028809,8.4399995803833,8.460000038146973,79033,0.0,0.0
2023-05-23 09:30:00-04:00,8.479999542236328,8.59000015258789,8.460000038146973,8.569999694824219,62034,0.0,0.0
2023-05-23 10:30:00-04:00,8.5600004196167,8.595000267028809,8.5600004196167,8.579999923706055,40748,0.0,0.0
2023-05-23 11:30:00-04:00,8.579999923706055,8.65999984741211,8.569999694824219,8.630000114440918,45944,0.0,0.0
2023-05-23 12:30:00-04:00,8.625,8.625,8.579999923706055,8.579999923706055,35571,0.0,0.0
2023-05-23 13:30:00-04:00,8.579999923706055,8.619999885559082,8.5600004196167,8.579999923706055,43509,0.0,0.0
2023-05-23 14:30:00-04:00,8.579999923706055,8.604999542236328,8.5600004196167,8.569999694824219,57874,0.0,0.0
2023-05-23 15:30:00-04:00,8.579999923706055,8.600000381469727,8.550000190734863,8.550000190734863,104899,0.0,0.0
2023-05-24 09:30:00-04:00,8.479999542236328,8.520000457763672,8.375,8.40999984741211,82152,0.0,0.0
2023-05-24 10:30:00-04:00,8.414999961853027,8.520000457763672,8.40999984741211,8.494999885559082,78999,0.0,0.0
2023-05-24 11:30:00-04:00,8.489999771118164,8.539999961853027,8.479999542236328,8.515000343322754,29575,0.0,0.0
2023-05-24 12:30:00-04:00,8.520000457763672,8.539999961853027,8.454999923706055,8.46500015258789,30560,0.0,0.0
2023-05-24 13:30:00-04:00,8.460000038146973,8.489999771118164,8.420000076293945,8.425000190734863,29914,0.0,0.0
2023-05-24 14:30:00-04:00,8.425000190734863,8.460000038146973,8.40999984741211,8.4399995803833,71801,0.0,0.0
2023-05-24 15:30:00-04:00,8.444999694824219,8.454999923706055,8.399999618530273,8.399999618530273,110261,0.0,0.0
2023-05-25 09:30:00-04:00,8.350000381469727,8.420000076293945,8.274999618530273,8.279999732971191,68332,0.0,0.0
2023-05-25 10:30:00-04:00,8.279999732971191,8.279999732971191,8.1899995803833,8.1899995803833,57925,0.0,0.0
2023-05-25 11:30:00-04:00,8.1850004196167,8.1850004196167,8.149999618530273,8.159899711608887,23146,0.0,0.0
2023-05-25 12:30:00-04:00,8.149999618530273,8.210000038146973,8.130000114440918,8.199999809265137,60547,0.0,0.0
2023-05-25 13:30:00-04:00,8.199999809265137,8.201899528503418,8.140000343322754,8.175000190734863,25586,0.0,0.0
2023-05-25 14:30:00-04:00,8.170000076293945,8.180000305175781,8.130000114440918,8.170000076293945,55931,0.0,0.0
2023-05-25 15:30:00-04:00,8.164999961853027,8.1899995803833,8.149999618530273,8.154999732971191,61312,0.0,0.0
2023-05-26 09:30:00-04:00,8.210000038146973,8.270000457763672,8.145000457763672,8.169099807739258,48332,0.0,0.0
2023-05-26 10:30:00-04:00,8.168000221252441,8.169099807739258,8.074999809265137,8.074999809265137,59902,0.0,0.0
2023-05-26 11:30:00-04:00,8.074999809265137,8.109000205993652,8.010000228881836,8.055000305175781,196901,0.0,0.0
2023-05-26 12:30:00-04:00,8.0600004196167,8.079999923706055,7.965000152587891,8.0,106892,0.0,0.0
2023-05-26 13:30:00-04:00,7.994999885559082,8.010000228881836,7.940000057220459,7.96999979019165,65286,0.0,0.0
2023-05-26 14:30:00-04:00,7.980000019073486,8.010000228881836,7.949999809265137,7.960000038146973,64006,0.0,0.0
2023-05-26 15:30:00-04:00,7.960000038146973,8.045000076293945,7.960000038146973,8.010000228881836,120721,0.0,0.0
2023-05-30 09:30:00-04:00,7.96999979019165,8.050000190734863,7.940000057220459,7.989999771118164,129103,0.0,0.0
2023-05-30 10:30:00-04:00,7.989999771118164,8.0,7.920000076293945,7.934999942779541,123870,0.0,0.0
2023-05-30 11:30:00-04:00,7.934999942779541,8.005000114440918,7.925000190734863,7.96999979019165,66197,0.0,0.0
2023-05-30 12:30:00-04:00,7.96999979019165,8.0600004196167,7.96999979019165,8.039999961853027,67812,0.0,0.0
2023-05-30 13:30:00-04:00,8.039999961853027,8.079999923706055,8.039999961853027,8.069999694824219,55495,0.0,0.0
2023-05-30 14:30:00-04:00,8.079999923706055,8.140000343322754,8.074999809265137,8.135000228881836,68959,0.0,0.0
2023-05-30 15:30:00-04:00,8.135000228881836,8.154999732971191,8.100000381469727,8.100000381469727,103926,0.0,0.0
2023-05-31 09:30:00-04:00,7.96999979019165,7.96999979019165,7.710000038146973,7.784999847412109,263258,0.0,0.0
2023-05-31 10:30:00-04:00,7.781000137329102,7.889999866485596,7.769999980926514,7.809999942779541,153656,0.0,0.0
2023-05-31 11:30:00-04:00,7.804999828338623,7.855000019073486,7.795000076293945,7.820000171661377,111873,0.0,0.0
2023-05-31 12:30:00-04:00,7.815000057220459,7.835000038146973,7.800000190734863,7.815000057220459,54498,0.0,0.0
2023-05-31 13:30:00-04:00,7.820000171661377,7.824999809265137,7.730000019073486,7.796000003814697,114880,0.0,0.0
2023-05-31 14:30:00-04:00,7.800000190734863,7.809999942779541,7.760000228881836,7.784999847412109,99386,0.0,0.0
2023-05-31 15:30:00-04:00,7.78000020980835,7.804999828338623,7.71999979019165,7.724999904632568,159318,0.0,0.0
2023-06-01 09:30:00-04:00,7.78000020980835,7.860000133514404,7.744999885559082,7.8190999031066895,179214,0.0,0.0
2023-06-01 10:30:00-04:00,7.809999942779541,7.835000038146973,7.789999961853027,7.835000038146973,117978,0.0,0.0
2023-06-01 11:30:00-04:00,7.829999923706055,7.920000076293945,7.829999923706055,7.869999885559082,109597,0.0,0.0
2023-06-01 12:30:00-04:00,7.860000133514404,7.894999980926514,7.860000133514404,7.894999980926514,52337,0.0,0.0
2023-06-01 13:30:00-04:00,7.889999866485596,7.940000057220459,7.880000114440918,7.929999828338623,68233,0.0,0.0
2023-06-01 14:30:00-04:00,7.929999828338623,7.940000057220459,7.909999847412109,7.920000076293945,80202,0.0,0.0
2023-06-01 15:30:00-04:00,7.920000076293945,7.921000003814697,7.869999885559082,7.909999847412109,118403,0.0,0.0
2023-06-02 09:30:00-04:00,8.079999923706055,8.279999732971191,8.055000305175781,8.210000038146973,252596,0.0,0.0
2023-06-02 10:30:00-04:00,8.210000038146973,8.295000076293945,8.1899995803833,8.260000228881836,120404,0.0,0.0
2023-06-02 11:30:00-04:00,8.260000228881836,8.329999923706055,8.229999542236328,8.329999923706055,79468,0.0,0.0
2023-06-02 12:30:00-04:00,8.319999694824219,8.369999885559082,8.319999694824219,8.369999885559082,74935,0.0,0.0
2023-06-02 13:30:00-04:00,8.369999885559082,8.380000114440918,8.239999771118164,8.260000228881836,154434,0.0,0.0
2023-06-02 14:30:00-04:00,8.265000343322754,8.289999961853027,8.244999885559082,8.25,107657,0.0,0.0
2023-06-02 15:30:00-04:00,8.25,8.300000190734863,8.25,8.270000457763672,134275,0.0,0.0
2023-06-05 09:30:00-04:00,8.239999771118164,8.399999618530273,8.229999542236328,8.300000190734863,147791,0.0,0.0
2023-06-05 10:30:00-04:00,8.300000190734863,8.34000015258789,8.295000076293945,8.319999694824219,93378,0.0,0.0
2023-06-05 11:30:00-04:00,8.319999694824219,8.395000457763672,8.319999694824219,8.395000457763672,53974,0.0,0.0
2023-06-05 12:30:00-04:00,8.399999618530273,8.460000038146973,8.399999618530273,8.414999961853027,63511,0.0,0.0
2023-06-05 13:30:00-04:00,8.40999984741211,8.425000190734863,8.380000114440918,8.420000076293945,53530,0.0,0.0
2023-06-05 14:30:00-04:00,8.414999961853027,8.420000076293945,8.329999923706055,8.335000038146973,65852,0.0,0.0
2023-06-05 15:30:00-04:00,8.329999923706055,8.359999656677246,8.300000190734863,8.329999923706055,90866,0.0,0.0
2023-06-06 09:30:00-04:00,8.270000457763672,8.470000267028809,8.25,8.470000267028809,132166,0.0,0.0
2023-06-06 10:30:00-04:00,8.470000267028809,8.680000305175781,8.470000267028809,8.670000076293945,107394,0.0,0.0
2023-06-06 11:30:00-04:00,8.680000305175781,8.770000457763672,8.675000190734863,8.770000457763672,70262,0.0,0.0
2023-06-06 12:30:00-04:00,8.769800186157227,8.800000190734863,8.744999885559082,8.765000343322754,107291,0.0,0.0
2023-06-06 13:30:00-04:00,8.760000228881836,8.779999732971191,8.694999694824219,8.755000114440918,93062,0.0,0.0
2023-06-06 14:30:00-04:00,8.760000228881836,8.770000457763672,8.720000267028809,8.765000343322754,113813,0.0,0.0
2023-06-06 15:30:00-04:00,8.770000457763672,8.800000190734863,8.75,8.800000190734863,103548,0.0,0.0
2023-06-07 09:30:00-04:00,8.869999885559082,8.960000038146973,8.850000381469727,8.954999923706055,169938,0.0,0.0
2023-06-07 10:30:00-04:00,8.954999923706055,9.0649995803833,8.890000343322754,9.055000305175781,122752,0.0,0.0
2023-06-07 11:30:00-04:00,9.055000305175781,9.130000114440918,9.03499984741211,9.095000267028809,107109,0.0,0.0
2023-06-07 12:30:00-04:00,9.100000381469727,9.149999618530273,9.069999694824219,9.135000228881836,134337,0.0,0.0
2023-06-07 13:30:00-04:00,9.135000228881836,9.175000190734863,9.091300010681152,9.170000076293945,104350,0.0,0.0
2023-06-07 14:30:00-04:00,9.170000076293945,9.1850004196167,9.130000114440918,9.175000190734863,86086,0.0,0.0
2023-06-07 15:30:00-04:00,9.175000190734863,9.180000305175781,9.140000343322754,9.15999984741211,135350,0.0,0.0
2023-06-08 09:30:00-04:00,9.149999618530273,9.220800399780273,8.949999809265137,8.949999809265137,132604,0.0,0.0
2023-06-08 10:30:00-04:00,8.949999809265137,9.005000114440918,8.90999984741211,9.005000114440918,89888,0.0,0.0
2023-06-08 11:30:00-04:00,9.005000114440918,9.095000267028809,8.960000038146973,9.085000038146973,65737,0.0,0.0
2023-06-08 12:30:00-04:00,9.079999923706055,9.149999618530273,9.0649995803833,9.135000228881836,75870,0.0,0.0
2023-06-08 13:30:00-04:00,9.135000228881836,9.140000343322754,9.079999923706055,9.09000015258789,75007,0.0,0.0
2023-06-08 14:30:00-04:00,9.09000015258789,9.100000381469727,9.039999961853027,9.074999809265137,80998,0.0,0.0
2023-06-08 15:30:00-04:00,9.069999694824219,9.069999694824219,9.029999732971191,9.0600004196167,108879,0.0,0.0
2023-06-09 09:30:00-04:00,9.039999961853027,9.119999885559082,8.944999694824219,9.119999885559082,189732,0.0,0.0
2023-06-09 10:30:00-04:00,9.130000114440918,9.149999618530273,9.09000015258789,9.114999771118164,75776,0.0,0.0
2023-06-09 11:30:00-04:00,9.114999771118164,9.114999771118164,9.029999732971191,9.0649995803833,52239,0.0,0.0
2023-06-09 12:30:00-04:00,9.0600004196167,9.079999923706055,9.039999961853027,9.078800201416016,42942,0.0,0.0
2023-06-09 13:30:00-04:00,9.079999923706055,9.079999923706055,9.039999961853027,9.069999694824219,61662,0.0,0.0
2023-06-09 14:30:00-04:00,9.0649995803833,9.09000015258789,9.039999961853027,9.0600004196167,80707,0.0,0.0
2023-06-09 15:30:00-04:00,9.0600004196167,9.0600004196167,9.010000228881836,9.050000190734863,70078,0.0,0.0
2023-06-12 09:30:00-04:00,9.0,9.050000190734863,8.958000183105469,9.020000457763672,118726,0.0,0.0
2023-06-12 10:30:00-04:00,9.024999618530273,9.125,9.0,9.0600004196167,72218,0.0,0.0
2023-06-12 11:30:00-04:00,9.0649995803833,9.09000015258789,9.024999618530273,9.09000015258789,46459,0.0,0.0
2023-06-12 12:30:00-04:00,9.099900245666504,9.099900245666504,9.050000190734863,9.062000274658203,45012,0.0,0.0
2023-06-12 13:30:00-04:00,9.069899559020996,9.074999809265137,9.039999961853027,9.0600004196167,69482,0.0,0.0
2023-06-12 14:30:00-04:00,9.069999694824219,9.119999885559082,9.069999694824219,9.100000381469727,70496,0.0,0.0
2023-06-12 15:30:00-04:00,9.100000381469727,9.130000114440918,9.100000381469727,9.119999885559082,76258,0.0,0.0
2023-06-13 09:30:00-04:00,9.170000076293945,9.329999923706055,9.140000343322754,9.295000076293945,152990,0.0,0.0
2023-06-13 10:30:00-04:00,9.289999961853027,9.3100004196167,9.1899995803833,9.204999923706055,79136,0.0,0.0
2023-06-13 11:30:00-04:00,9.204999923706055,9.265000343322754,9.164999961853027,9.26099967956543,68854,0.0,0.0
2023-06-13 12:30:00-04:00,9.265000343322754,9.279999732971191,9.229999542236328,9.234999656677246,49942,0.0,0.0
2023-06-13 13:30:00-04:00,9.25,9.260000228881836,9.234999656677246,9.255000114440918,56628,0.0,0.0
2023-06-13 14:30:00-04:00,9.255000114440918,9.289999961853027,9.25,9.270000457763672,104055,0.0,0.0
2023-06-13 15:30:00-04:00,9.270000457763672,9.279999732971191,9.239999771118164,9.239999771118164,78567,0.0,0.0
2023-06-14 09:30:00-04:00,9.319999694824219,9.449999809265137,9.300000190734863,9.404999732971191,158387,0.0,0.0
2023-06-14 10:30:00-04:00,9.399999618530273,9.484999656677246,9.399999618530273,9.399999618530273,88360,0.0,0.0
2023-06-14 11:30:00-04:00,9.40999984741211,9.425000190734863,9.359999656677246,9.385000228881836,60768,0.0,0.0
2023-06-14 12:30:00-04:00,9.380000114440918,9.38640022277832,9.359999656677246,9.375,52053,0.0,0.0
2023-06-14 13:30:00-04:00,9.375,9.404999732971191,9.302000045776367,9.3149995803833,78653,0.0,0.0
2023-06-14 14:30:00-04:00,9.3149995803833,9.414999961853027,9.3149995803833,9.399999618530273,105851,0.0,0.0
2023-06-14 15:30:00-04:00,9.395000457763672,9.399999618530273,9.270000457763672,9.319999694824219,95990,0.0,0.0
2023-06-15 09:30:00-04:00,9.300000190734863,9.41510009765625,9.279999732971191,9.399999618530273,100392,0.0,0.0
2023-06-15 10:30:00-04:00,9.404999732971191,9.40999984741211,9.289999961853027,9.392000198364258,96585,0.0,0.0
2023-06-15 11:30:00-04:00,9.395000457763672,9.46500015258789,9.395000457763672,9.414999961853027,99172,0.0,0.0
2023-06-15 12:30:00-04:00,9.40999984741211,9.420000076293945,9.350000381469727,9.359999656677246,85786,0.0,0.0
2023-06-15 13:30:00-04:00,9.359999656677246,9.449999809265137,9.359999656677246,9.431400299072266,97058,0.0,0.0
2023-06-15 14:30:00-04:00,9.4399995803833,9.470000267028809,9.390000343322754,9.395000457763672,139346,0.0,0.0
2023-06-15 15:30:00-04:00,9.404999732971191,9.420000076293945,9.390000343322754,9.420000076293945,75907,0.0,0.0
2023-06-16 09:30:00-04:00,9.460000038146973,9.470000267028809,9.274999618530273,9.300000190734863,229652,0.0,0.0
2023-06-16 10:30:00-04:00,9.300000190734863,9.305000305175781,9.234999656677246,9.255000114440918,88821,0.0,0.0
2023-06-16 11:30:00-04:00,9.255000114440918,9.279999732971191,9.210000038146973,9.270000457763672,63207,0.0,0.0
2023-06-16 12:30:00-04:00,9.274999618530273,9.3100004196167,9.270000457763672,9.270000457763672,63107,0.0,0.0
2023-06-16 13:30:00-04:00,9.274999618530273,9.274999618530273,9.239999771118164,9.244999885559082,56777,0.0,0.0
2023-06-16 14:30:00-04:00,9.239999771118164,9.272500038146973,9.239999771118164,9.260000228881836,72184,0.0,0.0
2023-06-16 15:30:00-04:00,9.260000228881836,9.260000228881836,9.1899995803833,9.199999809265137,106606,0.0,0.0
2023-06-20 09:30:00-04:00,9.180000305175781,9.199999809265137,9.0600004196167,9.085000038146973,156172,0.0,0.0
2023-06-20 10:30:00-04:00,9.085000038146973,9.109999656677246,9.050000190734863,9.055000305175781,115815,0.0,0.0
2023-06-20 11:30:00-04:00,9.050000190734863,9.130000114440918,9.029999732971191,9.119999885559082,70110,0.0,0.0
2023-06-20 12:30:00-04:00,9.119999885559082,9.15999984741211,9.119999885559082,9.154999732971191,56058,0.0,0.0
2023-06-20 13:30:00-04:00,9.149999618530273,9.199999809265137,9.140000343322754,9.175000190734863,78580,0.0,0.0
2023-06-20 14:30:00-04:00,9.170000076293945,9.180000305175781,9.145000457763672,9.149999618530273,93650,0.0,0.0
2023-06-20 15:30:00-04:00,9.149999618530273,9.149999618530273,9.119999885559082,9.130000114440918,70889,0.0,0.0
2023-06-21 09:30:00-04:00,9.069999694824219,9.239999771118164,9.0600004196167,9.239999771118164,106482,0.0,0.0
2023-06-21 10:30:00-04:00,9.244999885559082,9.244999885559082,9.15999984741211,9.180000305175781,83497,0.0,0.0
2023-06-21 11:30:00-04:00,9.180000305175781,9.219900131225586,9.164999961853027,9.21500015258789,61314,0.0,0.0
2023-06-21 12:30:00-04:00,9.210000038146973,9.239999771118164,9.199999809265137,9.229999542236328,50474,0.0,0.0
2023-06-21 13:30:00-04:00,9.229999542236328,9.305000305175781,9.229999542236328,9.305000305175781,66528,0.0,0.0
2023-06-21 14:30:00-04:00,9.305000305175781,9.335000038146973,9.305000305175781,9.3100004196167,85404,0.0,0.0
2023-06-21 15:30:00-04:00,9.3100004196167,9.3100004196167,9.199999809265137,9.204999923706055,64711,0.0,0.0
2023-06-22 09:30:00-04:00,9.180000305175781,9.25,9.145000457763672,9.239999771118164,94110,0.0,0.0
2023-06-22 10:30:00-04:00,9.234999656677246,9.329999923706055,9.225000381469727,9.329999923706055,93283,0.0,0.0
2023-06-22 11:30:00-04:00,9.34000015258789,9.4399995803833,9.34000015258789,9.404999732971191,76433,0.0,0.0
2023-06-22 12:30:00-04:00,9.40999984741211,9.40999984741211,9.350000381469727,9.359999656677246,50145,0.0,0.0
2023-06-22 13:30:00-04:00,9.364999771118164,9.40999984741211,9.359999656677246,9.404999732971191,42833,0.0,0.0
2023-06-22 14:30:00-04:00,9.399999618530273,9.399999618530273,9.350000381469727,9.354999542236328,105849,0.0,0.0
2023-06-22 15:30:00-04:00,9.350000381469727,9.380000114440918,9.319999694824219,9.380000114440918,98082,0.0,0.0
2023-06-23 09:30:00-04:00,9.239999771118164,9.354999542236328,9.210000038146973,9.354999542236328,92096,0.0,0.0
2023-06-23 10:30:00-04:00,9.354999542236328,9.380000114440918,9.329999923706055,9.364999771118164,58221,0.0,0.0
2023-06-23 11:30:00-04:00,9.364999771118164,9.460000038146973,9.364999771118164,9.454999923706055,54265,0.0,0.0
2023-06-23 12:30:00-04:00,9.460000038146973,9.46500015258789,9.40999984741211,9.454999923706055,44840,0.0,0.0
2023-06-23 13:30:00-04:00,9.449999809265137,9.454999923706055,9.390000343322754,9.399999618530273,67533,0.0,0.0
2023-06-23 14:30:00-04:00,9.399999618530273,9.399999618530273,9.329999923706055,9.345000267028809,90150,0.0,0.0
2023-06-23 15:30:00-04:00,9.34000015258789,9.359999656677246,9.289999961853027,9.324999809265137,126525,0.0,0.0
2023-06-26 09:30:00-04:00,9.380000114440918,9.40999984741211,9.329999923706055,9.340499877929688,117854,0.0,0.0
2023-06-26 10:30:00-04:00,9.345000267028809,9.395000457763672,9.329999923706055,9.375,101596,0.0,0.0
2023-06-26 11:30:00-04:00,9.369999885559082,9.380000114440918,9.3149995803833,9.324999809265137,90279,0.0,0.0
2023-06-26 12:30:00-04:00,9.319999694824219,9.345000267028809,9.289999961853027,9.3149995803833,80981,0.0,0.0
2023-06-26 13:30:00-04:00,9.32129955291748,9.350000381469727,9.300999641418457,9.305000305175781,80241,0.0,0.0
2023-06-26 14:30:00-04:00,9.300999641418457,9.345000267028809,9.300000190734863,9.335000038146973,106158,0.0,0.0
2023-06-26 15:30:00-04:00,9.34000015258789,9.34000015258789,9.1899995803833,9.1899995803833,126059,0.0,0.0
2023-06-27 09:30:00-04:00,9.149999618530273,9.319999694824219,9.119999885559082,9.319999694824219,126837,0.0,0.0
2023-06-27 10:30:00-04:00,9.329999923706055,9.395000457763672,9.329999923706055,9.395000457763672,91813,0.0,0.0
2023-06-27 11:30:00-04:00,9.395000457763672,9.414999961853027,9.350000381469727,9.375,63541,0.0,0.0
2023-06-27 12:30:00-04:00,9.369999885559082,9.386699676513672,9.350000381469727,9.385000228881836,57688,0.0,0.0
2023-06-27 13:30:00-04:00,9.385000228881836,9.390000343322754,9.364999771118164,9.373900413513184,54754,0.0,0.0
2023-06-27 14:30:00-04:00,9.375,9.395000457763672,9.364999771118164,9.395000457763672,45846,0.0,0.0
2023-06-27 15:30:00-04:00,9.395000457763672,9.395000457763672,9.359999656677246,9.364999771118164,76091,0.0,0.0
2023-06-28 09:30:00-04:00,9.350000381469727,9.420000076293945,9.300000190734863,9.385000228881836,117616,0.0,0.0
2023-06-28 10:30:00-04:00,9.387800216674805,9.404999732971191,9.350000381469727,9.399999618530273,92519,0.0,0.0
2023-06-28 11:30:00-04:00,9.40939998626709,9.46500015258789,9.40939998626709,9.46500015258789,37070,0.0,0.0
2023-06-28 12:30:00-04:00,9.461000442504883,9.5,9.454999923706055,9.494999885559082,50122,0.0,0.0
2023-06-28 13:30:00-04:00,9.494999885559082,9.53499984741211,9.489999771118164,9.530699729919434,53796,0.0,0.0
2023-06-28 14:30:00-04:00,9.53499984741211,9.585000038146973,9.529999732971191,9.574999809265137,107366,0.0,0.0
2023-06-28 15:30:00-04:00,9.569999694824219,9.600000381469727,9.569999694824219,9.579999923706055,74045,0.0,0.0
2023-06-29 09:30:00-04:00,9.600000381469727,9.819999694824219,9.600000381469727,9.739999771118164,146841,0.0,0.0
2023-06-29 10:30:00-04:00,9.75,9.80109977722168,9.720000267028809,9.760000228881836,95601,0.0,0.0
2023-06-29 11:30:00-04:00,9.760000228881836,9.795000076293945,9.71500015258789,9.767499923706055,90059,0.0,0.0
2023-06-29 12:30:00-04:00,9.765000343322754,9.789999961853027,9.739999771118164,9.789999961853027,67861,0.0,0.0
2023-06-29 13:30:00-04:00,9.789999961853027,9.829999923706055,9.789999961853027,9.8100004196167,68139,0.0,0.0
2023-06-29 14:30:00-04:00,9.8100004196167,9.828700065612793,9.8100004196167,9.819999694824219,57645,0.0,0.0
2023-06-29 15:30:00-04:00,9.819999694824219,9.819999694824219,9.739999771118164,9.75,98281,0.0,0.0
2023-06-30 09:30:00-04:00,9.8100004196167,9.859999656677246,9.770000457763672,9.789999961853027,140946,0.0,0.0
2023-06-30 10:30:00-04:00,9.789999961853027,9.800000190734863,9.723600387573242,9.729999542236328,96730,0.0,0.0
2023-06-30 11:30:00-04:00,9.734999656677246,9.779899597167969,9.710100173950195,9.729999542236328,87263,0.0,0.0
2023-06-30 12:30:00-04:00,9.729999542236328,9.774999618530273,9.729999542236328,9.774999618530273,42379,0.0,0.0
2023-06-30 13:30:00-04:00,9.774999618530273,9.835000038146973,9.770000457763672,9.835000038146973,74302,0.0,0.0
2023-06-30 14:30:00-04:00,9.835000038146973,9.835000038146973,9.755000114440918,9.755000114440918,112888,0.0,0.0
2023-06-30 15:30:00-04:00,9.755000114440918,9.755000114440918,9.670000076293945,9.680000305175781,110105,0.0,0.0
2023-07-03 09:30:00-04:00,9.720000267028809,10.029999732971191,9.699999809265137,10.015000343322754,228535,0.0,0.0
2023-07-03 10:30:00-04:00,10.020000457763672,10.03849983215332,9.970000267028809,10.005999565124512,125920,0.0,0.0
2023-07-03 11:30:00-04:00,10.0,10.020000457763672,9.954999923706055,9.975000381469727,138402,0.0,0.0
2023-07-05 09:30:00-04:00,10.039999961853027,10.050000190734863,9.819999694824219,9.989999771118164,150724,0.0,0.0
2023-07-05 10:30:00-04:00,10.010000228881836,10.079999923706055,10.010000228881836,10.079999923706055,79848,0.0,0.0
2023-07-05 11:30:00-04:00,10.070899963378906,10.070899963378906,10.005000114440918,10.055000305175781,59090,0.0,0.0
2023-07-05 12:30:00-04:00,10.055000305175781,10.069999694824219,10.029999732971191,10.03499984741211,64626,0.0,0.0
2023-07-05 13:30:00-04:00,10.03499984741211,10.069999694824219,10.029999732971191,10.050000190734863,44809,0.0,0.0
2023-07-05 14:30:00-04:00,10.050000190734863,10.0600004196167,9.994999885559082,10.010000228881836,69557,0.0,0.0
2023-07-05 15:30:00-04:00,10.010000228881836,10.029999732971191,9.989999771118164,9.989999771118164,94313,0.0,0.0
2023-07-06 09:30:00-04:00,9.829999923706055,9.914999961853027,9.779999732971191,9.84000015258789,143860,0.0,0.0
2023-07-06 10:30:00-04:00,9.829999923706055,9.864999771118164,9.729999542236328,9.760000228881836,92165,0.0,0.0
2023-07-06 11:30:00-04:00,9.760000228881836,9.859999656677246,9.760000228881836,9.845000267028809,127862,0.0,0.0
2023-07-06 12:30:00-04:00,9.850000381469727,9.930000305175781,9.850000381469727,9.90999984741211,50940,0.0,0.0
2023-07-06 13:30:00-04:00,9.90999984741211,9.984999656677246,9.890000343322754,9.975000381469727,74782,0.0,0.0
2023-07-06 14:30:00-04:00,9.979999542236328,10.010000228881836,9.960000038146973,9.989999771118164,96248,0.0,0.0
2023-07-06 15:30:00-04:00,9.984999656677246,10.010000228881836,9.979999542236328,10.005000114440918,100646,0.0,0.0
2023-07-07 09:30:00-04:00,10.039999961853027,10.145000457763672,10.020000457763672,10.055000305175781,102566,0.0,0.0
2023-07-07 10:30:00-04:00,10.055000305175781,10.140000343322754,10.039999961853027,10.140000343322754,76971,0.0,0.0
2023-07-07 11:30:00-04:00,10.135000228881836,10.135000228881836,10.085000038146973,10.130000114440918,51608,0.0,0.0
2023-07-07 12:30:00-04:00,10.125,10.21500015258789,10.104999542236328,10.210000038146973,75206,0.0,0.0
2023-07-07 13:30:00-04:00,10.201199531555176,10.201199531555176,10.149999618530273,10.184900283813477,87756,0.0,0.0
2023-07-07 14:30:00-04:00,10.1850004196167,10.204999923706055,10.164999961853027,10.19219970703125,100527,0.0,0.0
2023-07-07 15:30:00-04:00,10.194999694824219,10.210000038146973,10.130000114440918,10.149999618530273,115084,0.0,0.0
2023-07-10 09:30:00-04:00,10.1899995803833,10.350000381469727,10.180000305175781,10.3149995803833,135110,0.0,0.0
2023-07-10 10:30:00-04:00,10.3100004196167,10.3149995803833,10.1899995803833,10.210000038146973,81899,0.0,0.0
2023-07-10 11:30:00-04:00,10.210000038146973,10.210000038146973,10.09000015258789,10.109999656677246,59651,0.0,0.0
2023-07-10 12:30:00-04:00,10.109999656677246,10.109999656677246,10.010000228881836,10.045000076293945,87565,0.0,0.0
2023-07-10 13:30:00-04:00,10.039999961853027,10.050100326538086,10.015000343322754,10.050000190734863,52686,0.0,0.0
2023-07-10 14:30:00-04:00,10.045000076293945,10.0600004196167,10.0,10.010000228881836,53836,0.0,0.0
2023-07-10 15:30:00-04:00,10.0,10.039999961853027,10.0,10.029999732971191,99411,0.0,0.0
2023-07-11 09:30:00-04:00,10.119999885559082,10.321999549865723,10.100000381469727,10.300999641418457,122831,0.0,0.0
2023-07-11 10:30:00-04:00,10.300000190734863,10.329999923706055,10.21500015258789,10.229999542236328,147504,0.0,0.0
2023-07-11 11:30:00-04:00,10.210000038146973,10.220000267028809,10.166500091552734,10.170000076293945,40048,0.0,0.0
2023-07-11 12:30:00-04:00,10.170000076293945,10.175000190734863,10.15250015258789,10.175000190734863,25434,0.0,0.0
2023-07-11 13:30:00-04:00,10.180000305175781,10.180000305175781,10.1225004196167,10.145000457763672,41272,0.0,0.0
2023-07-11 14:30:00-04:00,10.145000457763672,10.15999984741211,10.119999885559082,10.149999618530273,31946,0.0,0.0
2023-07-11 15:30:00-04:00,10.149999618530273,10.180000305175781,10.140000343322754,10.15999984741211,57270,0.0,0.0
2023-07-12 09:30:00-04:00,10.300000190734863,10.319999694824219,10.140000343322754,10.229999542236328,79722,0.0,0.0
2023-07-12 10:30:00-04:00,10.229999542236328,10.279999732971191,10.194999694824219,10.210000038146973,54351,0.0,0.0
2023-07-12 11:30:00-04:00,10.199999809265137,10.199999809265137,10.104999542236328,10.119999885559082,42692,0.0,0.0
2023-07-12 12:30:00-04:00,10.130000114440918,10.143699645996094,10.069999694824219,10.074999809265137,27179,0.0,0.0
2023-07-12 13:30:00-04:00,10.074999809265137,10.074999809265137,10.010000228881836,10.015000343322754,34827,0.0,0.0
2023-07-12 14:30:00-04:00,10.020000457763672,10.039999961853027,10.0,10.020000457763672,72957,0.0,0.0
2023-07-12 15:30:00-04:00,10.039999961853027,10.050000190734863,9.979999542236328,9.979999542236328,54539,0.0,0.0
2023-07-13 09:30:00-04:00,10.010000228881836,10.09000015258789,9.9399995803833,10.010000228881836,148168,0.0,0.0
2023-07-13 10:30:00-04:00,10.020000457763672,10.0600004196167,10.0,10.057999610900879,62862,0.0,0.0
2023-07-13 11:30:00-04:00,10.0600004196167,10.09000015258789,10.029999732971191,10.09000015258789,45935,0.0,0.0
2023-07-13 12:30:00-04:00,10.09000015258789,10.104999542236328,10.039999961853027,10.045000076293945,34282,0.0,0.0
2023-07-13 13:30:00-04:00,10.045000076293945,10.069999694824219,10.029999732971191,10.055000305175781,43964,0.0,0.0
2023-07-13 14:30:00-04:00,10.055000305175781,10.079999923706055,10.039999961853027,10.045000076293945,53195,0.0,0.0
2023-07-13 15:30:00-04:00,10.045000076293945,10.069999694824219,10.039999961853027,10.045000076293945,85996,0.0,0.0
2023-07-14 09:30:00-04:00,10.0600004196167,10.069999694824219,9.890000343322754,9.949999809265137,140364,0.0,0.0
2023-07-14 10:30:00-04:00,9.949999809265137,9.949999809265137,9.859999656677246,9.895000457763672,118286,0.0,0.0
2023-07-14 11:30:00-04:00,9.899999618530273,9.960000038146973,9.899999618530273,9.90999984741211,77784,0.0,0.0
2023-07-14 12:30:00-04:00,9.920000076293945,9.930000305175781,9.869999885559082,9.869999885559082,56875,0.0,0.0
2023-07-14 13:30:00-04:00,9.880000114440918,9.904999732971191,9.845000267028809,9.86870002746582,126511,0.0,0.0
2023-07-14 14:30:00-04:00,9.859999656677246,9.869999885559082,9.8100004196167,9.824999809265137,57327,0.0,0.0
2023-07-14 15:30:00-04:00,9.829999923706055,9.845000267028809,9.8100004196167,9.819999694824219,76299,0.0,0.0
2023-07-17 09:30:00-04:00,9.75,9.84000015258789,9.725000381469727,9.815699577331543,119704,0.0,0.0
2023-07-17 10:30:00-04:00,9.819999694824219,9.890000343322754,9.790499687194824,9.890000343322754,63541,0.0,0.0
2023-07-17 11:30:00-04:00,9.899900436401367,9.949999809265137,9.880000114440918,9.949999809265137,66217,0.0,0.0
2023-07-17 12:30:00-04:00,9.949999809265137,9.994999885559082,9.930000305175781,9.994999885559082,61272,0.0,0.0
2023-07-17 13:30:00-04:00,9.994999885559082,9.994999885559082,9.949999809265137,9.96500015258789,62040,0.0,0.0
2023-07-17 14:30:00-04:00,9.960000038146973,9.979999542236328,9.920000076293945,9.930000305175781,81228,0.0,0.0
2023-07-17 15:30:00-04:00,9.930000305175781,9.949199676513672,9.869999885559082,9.880000114440918,121269,0.0,0.0
2023-07-18 09:30:00-04:00,9.9399995803833,10.109999656677246,9.920000076293945,10.039999961853027,119004,0.0,0.0
2023-07-18 10:30:00-04:00,10.015000343322754,10.079999923706055,9.979999542236328,10.074999809265137,68514,0.0,0.0
2023-07-18 11:30:00-04:00,10.069999694824219,10.079999923706055,10.010000228881836,10.015000343322754,47514,0.0,0.0
2023-07-18 12:30:00-04:00,10.020000457763672,10.029999732971191,9.989999771118164,10.015000343322754,45045,0.0,0.0
2023-07-18 13:30:00-04:00,10.020000457763672,10.024999618530273,10.0,10.015000343322754,30101,0.0,0.0
2023-07-18 14:30:00-04:00,10.015000343322754,10.039999961853027,10.0,10.015000343322754,50525,0.0,0.0
2023-07-18 15:30:00-04:00,10.010000228881836,10.020000457763672,9.979999542236328,10.0,100418,0.0,0.0
2023-07-19 09:30:00-04:00,9.859999656677246,9.920000076293945,9.8100004196167,9.864999771118164,208336,0.0,0.0
2023-07-19 10:30:00-04:00,9.869999885559082,9.899999618530273,9.84000015258789,9.895000457763672,102208,0.0,0.0
2023-07-19 11:30:00-04:00,9.890000343322754,9.920000076293945,9.859999656677246,9.869999885559082,63214,0.0,0.0
2023-07-19 12:30:00-04:00,9.869999885559082,9.959799766540527,9.84000015258789,9.9350004196167,162327,0.0,0.0
2023-07-19 13:30:00-04:00,9.93220043182373,9.989899635314941,9.920000076293945,9.9350004196167,148594,0.0,0.0
2023-07-19 14:30:00-04:00,9.9350004196167,9.9399995803833,9.850000381469727,9.875,116676,0.0,0.0
2023-07-19 15:30:00-04:00,9.869999885559082,9.880000114440918,9.850000381469727,9.880000114440918,146251,0.0,0.0
2023-07-20 09:30:00-04:00,9.930000305175781,9.949999809265137,9.720000267028809,9.720000267028809,121514,0.0,0.0
2023-07-20 10:30:00-04:00,9.720000267028809,9.765000343322754,9.654999732971191,9.659299850463867,95868,0.0,0.0
2023-07-20 11:30:00-04:00,9.649999618530273,9.699999809265137,9.625,9.645000457763672,61841,0.0,0.0
2023-07-20 12:30:00-04:00,9.642000198364258,9.675000190734863,9.619999885559082,9.670000076293945,53884,0.0,0.0
2023-07-20 13:30:00-04:00,9.670000076293945,9.6850004196167,9.649999618530273,9.67199993133545,61430,0.0,0.0
2023-07-20 14:30:00-04:00,9.670000076293945,9.680000305175781,9.600000381469727,9.600000381469727,85735,0.0,0.0
2023-07-20 15:30:00-04:00,9.600000381469727,9.614999771118164,9.569999694824219,9.574999809265137,115337,0.0,0.0
2023-07-21 09:30:00-04:00,9.609999656677246,9.654999732971191,9.489999771118164,9.524999618530273,208737,0.0,0.0
2023-07-21 10:30:00-04:00,9.520000457763672,9.585000038146973,9.470000267028809,9.585000038146973,111704,0.0,0.0
2023-07-21 11:30:00-04:00,9.579999923706055,9.604999542236328,9.529999732971191,9.5600004196167,72767,0.0,0.0
2023-07-21 12:30:00-04:00,9.550000190734863,9.588700294494629,9.529999732971191,9.5600004196167,69891,0.0,0.0
2023-07-21 13:30:00-04:00,9.5600004196167,9.589599609375,9.550000190734863,9.5649995803833,59509,0.0,0.0
2023-07-21 14:30:00-04:00,9.5600004196167,9.619999885559082,9.5600004196167,9.59000015258789,82074,0.0,0.0
2023-07-21 15:30:00-04:00,9.595000267028809,9.600000381469727,9.539999961853027,9.5600004196167,95607,0.0,0.0
2023-07-24 09:30:00-04:00,9.470000267028809,9.710000038146973,9.449999809265137,9.595000267028809,134848,0.0,0.0
2023-07-24 10:30:00-04:00,9.600000381469727,9.789999961853027,9.569999694824219,9.779999732971191,104585,0.0,0.0
2023-07-24 11:30:00-04:00,9.789999961853027,9.84000015258789,9.779999732971191,9.84000015258789,87352,0.0,0.0
2023-07-24 12:30:00-04:00,9.850000381469727,9.869999885559082,9.789999961853027,9.835000038146973,72765,0.0,0.0
2023-07-24 13:30:00-04:00,9.84000015258789,9.850000381469727,9.774999618530273,9.779999732971191,74939,0.0,0.0
2023-07-24 14:30:00-04:00,9.781000137329102,9.78499984741211,9.725000381469727,9.739999771118164,110342,0.0,0.0
2023-07-24 15:30:00-04:00,9.734999656677246,9.75,9.729999542236328,9.739999771118164,91691,0.0,0.0
2023-07-25 09:30:00-04:00,9.779999732971191,9.899999618530273,9.760000228881836,9.892900466918945,92274,0.0,0.0
2023-07-25 10:30:00-04:00,9.895000457763672,9.9399995803833,9.800000190734863,9.800000190734863,91763,0.0,0.0
2023-07-25 11:30:00-04:00,9.800000190734863,9.8149995803833,9.770000457763672,9.795000076293945,65678,0.0,0.0
2023-07-25 12:30:00-04:00,9.800000190734863,9.800000190734863,9.710000038146973,9.720000267028809,56506,0.0,0.0
2023-07-25 13:30:00-04:00,9.729999542236328,9.770000457763672,9.710000038146973,9.760000228881836,52253,0.0,0.0
2023-07-25 14:30:00-04:00,9.760000228881836,9.770000457763672,9.710000038146973,9.71500015258789,79341,0.0,0.0
2023-07-25 15:30:00-04:00,9.710000038146973,9.710000038146973,9.630000114440918,9.649999618530273,78890,0.0,0.0
2023-07-26 09:30:00-04:00,9.59000015258789,9.659899711608887,9.449999809265137,9.520000457763672,175604,0.0,0.0
2023-07-26 10:30:00-04:00,9.529999732971191,9.550000190734863,9.4891996383667,9.550000190734863,39094,0.0,0.0
2023-07-26 11:30:00-04:00,9.545000076293945,9.598999977111816,9.542499542236328,9.5649995803833,53488,0.0,0.0
2023-07-26 12:30:00-04:00,9.5649995803833,9.59000015258789,9.550000190734863,9.5649995803833,27654,0.0,0.0
2023-07-26 13:30:00-04:00,9.5600004196167,9.569999694824219,9.529999732971191,9.569999694824219,33103,0.0,0.0
2023-07-26 14:30:00-04:00,9.569999694824219,9.619999885559082,9.569999694824219,9.595000267028809,60271,0.0,0.0
2023-07-26 15:30:00-04:00,9.59000015258789,9.619999885559082,9.59000015258789,9.604999542236328,79452,0.0,0.0
2023-07-27 09:30:00-04:00,9.609999656677246,9.649999618530273,9.515000343322754,9.640000343322754,77045,0.0,0.0
2023-07-27 10:30:00-04:00,9.645000457763672,9.6899995803833,9.640000343322754,9.675000190734863,44556,0.0,0.0
2023-07-27 11:30:00-04:00,9.675000190734863,9.710000038146973,9.654999732971191,9.704999923706055,39579,0.0,0.0
2023-07-27 12:30:00-04:00,9.710000038146973,9.710000038146973,9.649999618530273,9.654999732971191,33840,0.0,0.0
2023-07-27 13:30:00-04:00,9.649999618530273,9.649999618530273,9.569999694824219,9.569999694824219,40715,0.0,0.0
2023-07-27 14:30:00-04:00,9.569999694824219,9.570099830627441,9.520000457763672,9.520000457763672,73142,0.0,0.0
2023-07-27 15:30:00-04:00,9.520000457763672,9.529999732971191,9.479999542236328,9.5,87353,0.0,0.0
2023-07-28 09:30:00-04:00,9.90999984741211,11.279999732971191,9.720000267028809,11.229999542236328,1035475,0.0,0.0
2023-07-28 10:30:00-04:00,11.239999771118164,11.470000267028809,11.180000305175781,11.430000305175781,623199,0.0,0.0
2023-07-28 11:30:00-04:00,11.420000076293945,11.698100090026855,11.404999732971191,11.635000228881836,490489,0.0,0.0
2023-07-28 12:30:00-04:00,11.640000343322754,11.850000381469727,11.555000305175781,11.579999923706055,998805,0.0,0.0
2023-07-28 13:30:00-04:00,11.585000038146973,11.629899978637695,11.3149995803833,11.369999885559082,582765,0.0,0.0
2023-07-28 14:30:00-04:00,11.375,11.479999542236328,11.369999885559082,11.414999961853027,217594,0.0,0.0
2023-07-28 15:30:00-04:00,11.414999961853027,11.609999656677246,11.411399841308594,11.59000015258789,404914,0.0,0.0
2023-07-31 09:30:00-04:00,11.430000305175781,11.555000305175781,11.239999771118164,11.350000381469727,681154,0.0,0.0
2023-07-31 10:30:00-04:00,11.350000381469727,11.380000114440918,11.170000076293945,11.34000015258789,243534,0.0,0.0
2023-07-31 11:30:00-04:00,11.329999923706055,11.420000076293945,11.229999542236328,11.229999542236328,181281,0.0,0.0
2023-07-31 12:30:00-04:00,11.234999656677246,11.260000228881836,11.154999732971191,11.175000190734863,117481,0.0,0.0
2023-07-31 13:30:00-04:00,11.180000305175781,11.255000114440918,11.149999618530273,11.167499542236328,133034,0.0,0.0
2023-07-31 14:30:00-04:00,11.170000076293945,11.239999771118164,11.149999618530273,11.229999542236328,162381,0.0,0.0
2023-07-31 15:30:00-04:00,11.229999542236328,11.239999771118164,11.130000114440918,11.170000076293945,291443,0.0,0.0
2023-08-01 09:30:00-04:00,11.210000038146973,11.210000038146973,10.859999656677246,10.944999694824219,171912,0.0,0.0
2023-08-01 10:30:00-04:00,10.9399995803833,11.0,10.851099967956543,10.925000190734863,89452,0.0,0.0
2023-08-01 11:30:00-04:00,10.930000305175781,11.140000343322754,10.930000305175781,11.095000267028809,165120,0.0,0.0
2023-08-01 12:30:00-04:00,11.100000381469727,11.1899995803833,11.0600004196167,11.1850004196167,135285,0.0,0.0
2023-08-01 13:30:00-04:00,11.187999725341797,11.229999542236328,11.130000114440918,11.225000381469727,122837,0.0,0.0
2023-08-01 14:30:00-04:00,11.225000381469727,11.229999542236328,11.15999984741211,11.180000305175781,170127,0.0,0.0
2023-08-01 15:30:00-04:00,11.180000305175781,11.210000038146973,11.109999656677246,11.114999771118164,213009,0.0,0.0
2023-08-02 09:30:00-04:00,11.050000190734863,11.15999984741211,10.960000038146973,11.00790023803711,228580,0.0,0.0
2023-08-02 10:30:00-04:00,11.010000228881836,11.100000381469727,10.944999694824219,11.100000381469727,188414,0.0,0.0
2023-08-02 11:30:00-04:00,11.095000267028809,11.234999656677246,11.0600004196167,11.225000381469727,117510,0.0,0.0
2023-08-02 12:30:00-04:00,11.225000381469727,11.309900283813477,11.194999694824219,11.260000228881836,117644,0.0,0.0
2023-08-02 13:30:00-04:00,11.260000228881836,11.3100004196167,11.229999542236328,11.295000076293945,109299,0.0,0.0
2023-08-02 14:30:00-04:00,11.300000190734863,11.329999923706055,11.274999618530273,11.274999618530273,145220,0.0,0.0
2023-08-02 15:30:00-04:00,11.270000457763672,11.350000381469727,11.25,11.25,188652,0.0,0.0
2023-08-03 09:30:00-04:00,11.260000228881836,11.555000305175781,11.25,11.467900276184082,246296,0.0,0.0
2023-08-03 10:30:00-04:00,11.470000267028809,11.5649995803833,11.449999809265137,11.539999961853027,125533,0.0,0.0
2023-08-03 11:30:00-04:00,11.53499984741211,11.579999923706055,11.220000267028809,11.364999771118164,464274,0.0,0.0
2023-08-03 12:30:00-04:00,11.369999885559082,11.430000305175781,11.34000015258789,11.425000190734863,130728,0.0,0.0
2023-08-03 13:30:00-04:00,11.420000076293945,11.444999694824219,11.369999885559082,11.444999694824219,139698,0.0,0.0
2023-08-03 14:30:00-04:00,11.444999694824219,11.484999656677246,11.395000457763672,11.4399995803833,177276,0.0,0.0
2023-08-03 15:30:00-04:00,11.444999694824219,11.449999809265137,11.40999984741211,11.420000076293945,159343,0.0,0.0
2023-08-04 09:30:00-04:00,11.420000076293945,11.569999694824219,11.390000343322754,11.5600004196167,167391,0.0,0.0
2023-08-04 10:30:00-04:00,11.5649995803833,11.600000381469727,11.329999923706055,11.449999809265137,184163,0.0,0.0
2023-08-04 11:30:00-04:00,11.460000038146973,11.509099960327148,11.430000305175781,11.454999923706055,106865,0.0,0.0
2023-08-04 12:30:00-04:00,11.454999923706055,11.515000343322754,11.454999923706055,11.5,97990,0.0,0.0
2023-08-04 13:30:00-04:00,11.484999656677246,11.510000228881836,11.454999923706055,11.505000114440918,81124,0.0,0.0
2023-08-04 14:30:00-04:00,11.505000114440918,11.510000228881836,11.369999885559082,11.395000457763672,204469,0.0,0.0
2023-08-04 15:30:00-04:00,11.399999618530273,11.449999809265137,11.395000457763672,11.420000076293945,161297,0.0,0.0
2023-08-07 09:30:00-04:00,11.430000305175781,11.510000228881836,11.234999656677246,11.414999961853027,220137,0.0,0.0
2023-08-07 10:30:00-04:00,11.420000076293945,11.510000228881836,11.390000343322754,11.460000038146973,72333,0.0,0.0
2023-08-07 11:30:00-04:00,11.460000038146973,11.475000381469727,11.40999984741211,11.454999923706055,59194,0.0,0.0
2023-08-07 12:30:00-04:00,11.460000038146973,11.510000228881836,11.4399995803833,11.449999809265137,43570,0.0,0.0
2023-08-07 13:30:00-04:00,11.460000038146973,11.479999542236328,11.430000305175781,11.449999809265137,60849,0.0,0.0
2023-08-07 14:30:00-04:00,11.449999809265137,11.470000267028809,11.420000076293945,11.4399995803833,75817,0.0,0.0
2023-08-07 15:30:00-04:00,11.4350004196167,11.470000267028809,11.430000305175781,11.454999923706055,101534,0.0,0.0
2023-08-08 09:30:00-04:00,11.319999694824219,11.359999656677246,11.119999885559082,11.345000267028809,105817,0.0,0.0
2023-08-08 10:30:00-04:00,11.34000015258789,11.354999542236328,11.295000076293945,11.34000015258789,50004,0.0,0.0
2023-08-08 11:30:00-04:00,11.345000267028809,11.375,11.34000015258789,11.364999771118164,24931,0.0,0.0
2023-08-08 12:30:00-04:00,11.369999885559082,11.4399995803833,11.369999885559082,11.385000228881836,24743,0.0,0.0
2023-08-08 13:30:00-04:00,11.385000228881836,11.420000076293945,11.375,11.390000343322754,50417,0.0,0.0
2023-08-08 14:30:00-04:00,11.380000114440918,11.380000114440918,11.34000015258789,11.34000015258789,47716,0.0,0.0
2023-08-08 15:30:00-04:00,11.335000038146973,11.369999885559082,11.319999694824219,11.359999656677246,76996,0.0,0.0
2023-08-09 09:30:00-04:00,11.40999984741211,11.47089958190918,11.3100004196167,11.46500015258789,57566,0.0,0.0
2023-08-09 10:30:00-04:00,11.46500015258789,11.475000381469727,11.399999618530273,11.425000190734863,55491,0.0,0.0
2023-08-09 11:30:00-04:00,11.430000305175781,11.5,11.425000190734863,11.484999656677246,42707,0.0,0.0
2023-08-09 12:30:00-04:00,11.479999542236328,11.600000381469727,11.479999542236328,11.550000190734863,108169,0.0,0.0
2023-08-09 13:30:00-04:00,11.555000305175781,11.600000381469727,11.5,11.5600004196167,54439,0.0,0.0
2023-08-09 14:30:00-04:00,11.5649995803833,11.609999656677246,11.555000305175781,11.569999694824219,98148,0.0,0.0
2023-08-09 15:30:00-04:00,11.579999923706055,11.59000015258789,11.505000114440918,11.529999732971191,85525,0.0,0.0
2023-08-10 09:30:00-04:00,11.649999618530273,11.649999618530273,11.510000228881836,11.5649995803833,60775,0.0,0.0
2023-08-10 10:30:00-04:00,11.5600004196167,11.569999694824219,11.395000457763672,11.4399995803833,73284,0.0,0.0
2023-08-10 11:30:00-04:00,11.4399995803833,11.470000267028809,11.390000343322754,11.449999809265137,43572,0.0,0.0
2023-08-10 12:30:00-04:00,11.449999809265137,11.46150016784668,11.359999656677246,11.369999885559082,32051,0.0,0.0
2023-08-10 13:30:00-04:00,11.369999885559082,11.369999885559082,11.300000190734863,11.329999923706055,46197,0.0,0.0
2023-08-10 14:30:00-04:00,11.329999923706055,11.369999885559082,11.3100004196167,11.329999923706055,34270,0.0,0.0
2023-08-10 15:30:00-04:00,11.329999923706055,11.329999923706055,11.289999961853027,11.3100004196167,65623,0.0,0.0
2023-08-11 09:30:00-04:00,11.220000267028809,11.289999961853027,11.119999885559082,11.260000228881836,77359,0.0,0.0
2023-08-11 10:30:00-04:00,11.270000457763672,11.295000076293945,11.15999984741211,11.175000190734863,30952,0.0,0.0
2023-08-11 11:30:00-04:00,11.170000076293945,11.211000442504883,11.161100387573242,11.190999984741211,24141,0.0,0.0
2023-08-11 12:30:00-04:00,11.199999809265137,11.210000038146973,11.1899995803833,11.210000038146973,16353,0.0,0.0
2023-08-11 13:30:00-04:00,11.210000038146973,11.21660041809082,11.15999984741211,11.180000305175781,20004,0.0,0.0
2023-08-11 14:30:00-04:00,11.180000305175781,11.1850004196167,11.15999984741211,11.164999961853027,26332,0.0,0.0
2023-08-11 15:30:00-04:00,11.170000076293945,11.170000076293945,11.09000015258789,11.114999771118164,93954,0.0,0.0
2023-08-14 09:30:00-04:00,11.020000457763672,11.085000038146973,10.930000305175781,10.954999923706055,60755,0.0,0.0
2023-08-14 10:30:00-04:00,10.960000038146973,10.989999771118164,10.920000076293945,10.989999771118164,31976,0.0,0.0
2023-08-14 11:30:00-04:00,10.989999771118164,11.0,10.9399995803833,10.979999542236328,48334,0.0,0.0
2023-08-14 12:30:00-04:00,10.979999542236328,11.074999809265137,10.975000381469727,10.984999656677246,42271,0.0,0.0
2023-08-14 13:30:00-04:00,10.989999771118164,11.020000457763672,10.970000267028809,11.020000457763672,29921,0.0,0.0
2023-08-14 14:30:00-04:00,11.029999732971191,11.039999961853027,11.0,11.020000457763672,36508,0.0,0.0
2023-08-14 15:30:00-04:00,11.017499923706055,11.050000190734863,11.0,11.050000190734863,53804,0.0,0.0
2023-08-15 09:30:00-04:00,10.899999618530273,10.994999885559082,10.860199928283691,10.925000190734863,36847,0.0,0.0
2023-08-15 10:30:00-04:00,10.925000190734863,10.970100402832031,10.90999984741211,10.920000076293945,28953,0.0,0.0
2023-08-15 11:30:00-04:00,10.920000076293945,10.960000038146973,10.885000228881836,10.920000076293945,20696,0.0,0.0
2023-08-15 12:30:00-04:00,10.920000076293945,10.920000076293945,10.845000267028809,10.850000381469727,43035,0.0,0.0
2023-08-15 13:30:00-04:00,10.850000381469727,10.920000076293945,10.845000267028809,10.904999732971191,34631,0.0,0.0
2023-08-15 14:30:00-04:00,10.90999984741211,10.920000076293945,10.869999885559082,10.875,28715,0.0,0.0
2023-08-15 15:30:00-04:00,10.869999885559082,10.899999618530273,10.859999656677246,10.890000343322754,46623,0.0,0.0
2023-08-16 09:30:00-04:00,10.8100004196167,10.989999771118164,10.800000190734863,10.890000343322754,57770,0.0,0.0
2023-08-16 10:30:00-04:00,10.899999618530273,10.9399995803833,10.869999885559082,10.90999984741211,43445,0.0,0.0
2023-08-16 11:30:00-04:00,10.90999984741211,10.90999984741211,10.84000015258789,10.859999656677246,23647,0.0,0.0
2023-08-16 12:30:00-04:00,10.850000381469727,10.875,10.8100004196167,10.81879997253418,37383,0.0,0.0
2023-08-16 13:30:00-04:00,10.8100004196167,10.829999923706055,10.732500076293945,10.755000114440918,55297,0.0,0.0
2023-08-16 14:30:00-04:00,10.760000228881836,10.765000343322754,10.690699577331543,10.694999694824219,46198,0.0,0.0
2023-08-16 15:30:00-04:00,10.694999694824219,10.710000038146973,10.65999984741211,10.65999984741211,95687,0.0,0.0
2023-08-17 09:30:00-04:00,10.739999771118164,10.930000305175781,10.739999771118164,10.850000381469727,88268,0.0,0.0
2023-08-17 10:30:00-04:00,10.845000267028809,10.847999572753906,10.789999961853027,10.795000076293945,27593,0.0,0.0
2023-08-17 11:30:00-04:00,10.800000190734863,10.927399635314941,10.800000190734863,10.90999984741211,43459,0.0,0.0
2023-08-17 12:30:00-04:00,10.900099754333496,10.930000305175781,10.890000343322754,10.90999984741211,26776,0.0,0.0
2023-08-17 13:30:00-04:00,10.904999732971191,10.90999984741211,10.83180046081543,10.835000038146973,31349,0.0,0.0
2023-08-17 14:30:00-04:00,10.829999923706055,10.850000381469727,10.8100004196167,10.845000267028809,32064,0.0,0.0
2023-08-17 15:30:00-04:00,10.84000015258789,10.850000381469727,10.829999923706055,10.84000015258789,26593,0.0,0.0
2023-08-18 09:30:00-04:00,10.710000038146973,10.84000015258789,10.670000076293945,10.8149995803833,71775,0.0,0.0
2023-08-18 10:30:00-04:00,10.819999694824219,10.885000228881836,10.770000457763672,10.8100004196167,47576,0.0,0.0
2023-08-18 11:30:00-04:00,10.8100004196167,10.850000381469727,10.8100004196167,10.8149995803833,34104,0.0,0.0
2023-08-18 12:30:00-04:00,10.8100004196167,10.821000099182129,10.739999771118164,10.779999732971191,54736,0.0,0.0
2023-08-18 13:30:00-04:00,10.789999961853027,10.800000190734863,10.739999771118164,10.770000457763672,38997,0.0,0.0
2023-08-18 14:30:00-04:00,10.774999618530273,10.789999961853027,10.729999542236328,10.729999542236328,36876,0.0,0.0
2023-08-18 15:30:00-04:00,10.729999542236328,10.75,10.710000038146973,10.729999542236328,66080,0.0,0.0
2023-08-21 09:30:00-04:00,10.760000228881836,10.8100004196167,10.67080020904541,10.6899995803833,39573,0.0,0.0
2023-08-21 10:30:00-04:00,10.6850004196167,10.71500015258789,10.654999732971191,10.65999984741211,29781,0.0,0.0
2023-08-21 11:30:00-04:00,10.670000076293945,10.670000076293945,10.59000015258789,10.600000381469727,51024,0.0,0.0
2023-08-21 12:30:00-04:00,10.59000015258789,10.625,10.574999809265137,10.595000267028809,35468,0.0,0.0
2023-08-21 13:30:00-04:00,10.59000015258789,10.607799530029297,10.5600004196167,10.5649995803833,20886,0.0,0.0
2023-08-21 14:30:00-04:00,10.5649995803833,10.574999809265137,10.550000190734863,10.555000305175781,26154,0.0,0.0
2023-08-21 15:30:00-04:00,10.55090045928955,10.600000381469727,10.55090045928955,10.569999694824219,56757,0.0,0.0
2023-08-22 09:30:00-04:00,10.640000343322754,10.70009994506836,10.541000366210938,10.5516996383667,44815,0.0,0.0
2023-08-22 10:30:00-04:00,10.550000190734863,10.599499702453613,10.54010009765625,10.550000190734863,18954,0.0,0.0
2023-08-22 11:30:00-04:00,10.539999961853027,10.539999961853027,10.46500015258789,10.484999656677246,49262,0.0,0.0
2023-08-22 12:30:00-04:00,10.489999771118164,10.489999771118164,10.449999809265137,10.449999809265137,20520,0.0,0.0
2023-08-22 13:30:00-04:00,10.449999809265137,10.460000038146973,10.34000015258789,10.40999984741211,165410,0.0,0.0
2023-08-22 14:30:00-04:00,10.40999984741211,10.40999984741211,10.34000015258789,10.34000015258789,58421,0.0,0.0
2023-08-22 15:30:00-04:00,10.340100288391113,10.359999656677246,10.319999694824219,10.34000015258789,98526,0.0,0.0
2023-08-23 09:30:00-04:00,10.289999961853027,10.300000190734863,10.180000305175781,10.25,71770,0.0,0.0
2023-08-23 10:30:00-04:00,10.25,10.399999618530273,10.25,10.390000343322754,45582,0.0,0.0
2023-08-23 11:30:00-04:00,10.384900093078613,10.4399995803833,10.384900093078613,10.40369987487793,30586,0.0,0.0
2023-08-23 12:30:00-04:00,10.404999732971191,10.420000076293945,10.375,10.414999961853027,26666,0.0,0.0
2023-08-23 13:30:00-04:00,10.41450023651123,10.414999961853027,10.364999771118164,10.375,37828,0.0,0.0
2023-08-23 14:30:00-04:00,10.369999885559082,10.380000114440918,10.329899787902832,10.350000381469727,30728,0.0,0.0
2023-08-23 15:30:00-04:00,10.345000267028809,10.404999732971191,10.34000015258789,10.39009952545166,84813,0.0,0.0
2023-08-24 09:30:00-04:00,10.430000305175781,10.470000267028809,10.289999961853027,10.40999984741211,49429,0.0,0.0
2023-08-24 10:30:00-04:00,10.40999984741211,10.40999984741211,10.300000190734863,10.305000305175781,27426,0.0,0.0
2023-08-24 11:30:00-04:00,10.289999961853027,10.364999771118164,10.289999961853027,10.350000381469727,26716,0.0,0.0
2023-08-24 12:30:00-04:00,10.350000381469727,10.350000381469727,10.319999694824219,10.335000038146973,16729,0.0,0.0
2023-08-24 13:30:00-04:00,10.329999923706055,10.329999923706055,10.289999961853027,10.295000076293945,19637,0.0,0.0
2023-08-24 14:30:00-04:00,10.295000076293945,10.300000190734863,10.270000457763672,10.28499984741211,33485,0.0,0.0
2023-08-24 15:30:00-04:00,10.28499984741211,10.289999961853027,10.260000228881836,10.260000228881836,54336,0.0,0.0
2023-08-25 09:30:00-04:00,10.260000228881836,10.319999694824219,10.210000038146973,10.220000267028809,37317,0.0,0.0
2023-08-25 10:30:00-04:00,10.210000038146973,10.210000038146973,10.100000381469727,10.180000305175781,54292,0.0,0.0
2023-08-25 11:30:00-04:00,10.180000305175781,10.18529987335205,10.145000457763672,10.180000305175781,32362,0.0,0.0
2023-08-25 12:30:00-04:00,10.1850004196167,10.210000038146973,10.170100212097168,10.1850004196167,25775,0.0,0.0
2023-08-25 13:30:00-04:00,10.180000305175781,10.204999923706055,10.114999771118164,10.204999923706055,34450,0.0,0.0
2023-08-25 14:30:00-04:00,10.210000038146973,10.220000267028809,10.180000305175781,10.21500015258789,29173,0.0,0.0
2023-08-25 15:30:00-04:00,10.21500015258789,10.21500015258789,10.130000114440918,10.149999618530273,80355,0.0,0.0
2023-08-28 09:30:00-04:00,10.220000267028809,10.279999732971191,10.15999984741211,10.234999656677246,37406,0.0,0.0
2023-08-28 10:30:00-04:00,10.220000267028809,10.220000267028809,10.154999732971191,10.170000076293945,44550,0.0,0.0
2023-08-28 11:30:00-04:00,10.15999984741211,10.1899995803833,10.140000343322754,10.164999961853027,33717,0.0,0.0
2023-08-28 12:30:00-04:00,10.164999961853027,10.175000190734863,10.149999618530273,10.149999618530273,26430,0.0,0.0
2023-08-28 13:30:00-04:00,10.149999618530273,10.156299591064453,10.100000381469727,10.113300323486328,27370,0.0,0.0
2023-08-28 14:30:00-04:00,10.109999656677246,10.119999885559082,10.079999923706055,10.114999771118164,46699,0.0,0.0
2023-08-28 15:30:00-04:00,10.114999771118164,10.149999618530273,10.110600471496582,10.149999618530273,71577,0.0,0.0
2023-08-29 09:30:00-04:00,10.239999771118164,10.295000076293945,10.149999618530273,10.290599822998047,60322,0.0,0.0
2023-08-29 10:30:00-04:00,10.29010009765625,10.34000015258789,10.260000228881836,10.324999809265137,66651,0.0,0.0
2023-08-29 11:30:00-04:00,10.329999923706055,10.399999618530273,10.329999923706055,10.399999618530273,23580,0.0,0.0
2023-08-29 12:30:00-04:00,10.399999618530273,10.428099632263184,10.395000457763672,10.428099632263184,30465,0.0,0.0
2023-08-29 13:30:00-04:00,10.420000076293945,10.4350004196167,10.399900436401367,10.404999732971191,25585,0.0,0.0
2023-08-29 14:30:00-04:00,10.404999732971191,10.449999809265137,10.399999618530273,10.449999809265137,33723,0.0,0.0
2023-08-29 15:30:00-04:00,10.444999694824219,10.454999923706055,10.420000076293945,10.420000076293945,84475,0.0,0.0
2023-08-30 09:30:00-04:00,10.350000381469727,10.404999732971191,10.34000015258789,10.399999618530273,21939,0.0,0.0
2023-08-30 10:30:00-04:00,10.40880012512207,10.454999923706055,10.390000343322754,10.454999923706055,23526,0.0,0.0
2023-08-30 11:30:00-04:00,10.460000038146973,10.479999542236328,10.404999732971191,10.479999542236328,58199,0.0,0.0
2023-08-30 12:30:00-04:00,10.470000267028809,10.494999885559082,10.470000267028809,10.489999771118164,15978,0.0,0.0
2023-08-30 13:30:00-04:00,10.489999771118164,10.489999771118164,10.460000038146973,10.484999656677246,20336,0.0,0.0
2023-08-30 14:30:00-04:00,10.489999771118164,10.489999771118164,10.420000076293945,10.449999809265137,29122,0.0,0.0
2023-08-30 15:30:00-04:00,10.449999809265137,10.470000267028809,10.4350004196167,10.449999809265137,58818,0.0,0.0
2023-08-31 09:30:00-04:00,10.449999809265137,10.475000381469727,10.420000076293945,10.454999923706055,26459,0.0,0.0
2023-08-31 10:30:00-04:00,10.460000038146973,10.510000228881836,10.449999809265137,10.491100311279297,24874,0.0,0.0
2023-08-31 11:30:00-04:00,10.510000228881836,10.510000228881836,10.4399995803833,10.470000267028809,16862,0.0,0.0
2023-08-31 12:30:00-04:00,10.470000267028809,10.470000267028809,10.411199569702148,10.430000305175781,20062,0.0,0.0
2023-08-31 13:30:00-04:00,10.420000076293945,10.420000076293945,10.359999656677246,10.375,15390,0.0,0.0
2023-08-31 14:30:00-04:00,10.375,10.380000114440918,10.329999923706055,10.345000267028809,32512,0.0,0.0
2023-08-31 15:30:00-04:00,10.345000267028809,10.345000267028809,10.28499984741211,10.289999961853027,86958,0.0,0.0
2023-09-01 09:30:00-04:00,10.399999618530273,10.470000267028809,10.390000343322754,10.460000038146973,34238,0.0,0.0
2023-09-01 10:30:00-04:00,10.470000267028809,10.470000267028809,10.390000343322754,10.390000343322754,28483,0.0,0.0
2023-09-01 11:30:00-04:00,10.379899978637695,10.399999618530273,10.34000015258789,10.399999618530273,13248,0.0,0.0
2023-09-01 12:30:00-04:00,10.392499923706055,10.430000305175781,10.390000343322754,10.420000076293945,29455,0.0,0.0
2023-09-01 13:30:00-04:00,10.420000076293945,10.430000305175781,10.369999885559082,10.369999885559082,19558,0.0,0.0
2023-09-01 14:30:00-04:00,10.380000114440918,10.390000343322754,10.359999656677246,10.364999771118164,28962,0.0,0.0
2023-09-01 15:30:00-04:00,10.369999885559082,10.425000190734863,10.369999885559082,10.420000076293945,36981,0.0,0.0
2023-09-05 09:30:00-04:00,10.34000015258789,10.34000015258789,9.970600128173828,10.037099838256836,71483,0.0,0.0
2023-09-05 10:30:00-04:00,10.039999961853027,10.039999961853027,9.954999923706055,10.03499984741211,35831,0.0,0.0
2023-09-05 11:30:00-04:00,10.029999732971191,10.085000038146973,10.0,10.069999694824219,27749,0.0,0.0
2023-09-05 12:30:00-04:00,10.069999694824219,10.079999923706055,10.010000228881836,10.039999961853027,38636,0.0,0.0
2023-09-05 13:30:00-04:00,10.029999732971191,10.039999961853027,9.989999771118164,10.015000343322754,23928,0.0,0.0
2023-09-05 14:30:00-04:00,10.015000343322754,10.017499923706055,9.970000267028809,9.975000381469727,39256,0.0,0.0
2023-09-05 15:30:00-04:00,9.979999542236328,9.989999771118164,9.949999809265137,9.979000091552734,85472,0.0,0.0
2023-09-06 09:30:00-04:00,10.010000228881836,10.09000015258789,9.960000038146973,9.984999656677246,32726,0.0,0.0
2023-09-06 10:30:00-04:00,9.980999946594238,9.989999771118164,9.914999961853027,9.9399995803833,32063,0.0,0.0
2023-09-06 11:30:00-04:00,9.930000305175781,9.949999809265137,9.872200012207031,9.875,57170,0.0,0.0
2023-09-06 12:30:00-04:00,9.875,9.885000228881836,9.819999694824219,9.829999923706055,28944,0.0,0.0
2023-09-06 13:30:00-04:00,9.835000038146973,9.845000267028809,9.8100004196167,9.824799537658691,35174,0.0,0.0
2023-09-06 14:30:00-04:00,9.819999694824219,9.850000381469727,9.795000076293945,9.819999694824219,39649,0.0,0.0
2023-09-06 15:30:00-04:00,9.829999923706055,9.845000267028809,9.800000190734863,9.829999923706055,69945,0.0,0.0
2023-09-07 09:30:00-04:00,9.760000228881836,9.869999885559082,9.571000099182129,9.588000297546387,75716,0.0,0.0
2023-09-07 10:30:00-04:00,9.579999923706055,9.65999984741211,9.561200141906738,9.649999618530273,62805,0.0,0.0
2023-09-07 11:30:00-04:00,9.657999992370605,9.657999992370605,9.600000381469727,9.630000114440918,35658,0.0,0.0
2023-09-07 12:30:00-04:00,9.619999885559082,9.649900436401367,9.614999771118164,9.614999771118164,32784,0.0,0.0
2023-09-07 13:30:00-04:00,9.609999656677246,9.625,9.510000228881836,9.521300315856934,91468,0.0,0.0
2023-09-07 14:30:00-04:00,9.522000312805176,9.595000267028809,9.505000114440918,9.59000015258789,74350,0.0,0.0
2023-09-07 15:30:00-04:00,9.595000267028809,9.619999885559082,9.5649995803833,9.600000381469727,121295,0.0,0.0
2023-09-08 09:30:00-04:00,9.600000381469727,9.6899995803833,9.579999923706055,9.654999732971191,63719,0.0,0.0
2023-09-08 10:30:00-04:00,9.654999732971191,9.664999961853027,9.614999771118164,9.664999961853027,25282,0.0,0.0
2023-09-08 11:30:00-04:00,9.670000076293945,9.739999771118164,9.670000076293945,9.739999771118164,24272,0.0,0.0
2023-09-08 12:30:00-04:00,9.739999771118164,9.789999961853027,9.729999542236328,9.739999771118164,29520,0.0,0.0
2023-09-08 13:30:00-04:00,9.739999771118164,9.779999732971191,9.739999771118164,9.779999732971191,30984,0.0,0.0
2023-09-08 14:30:00-04:00,9.774999618530273,9.779999732971191,9.755000114440918,9.765000343322754,25791,0.0,0.0
2023-09-08 15:30:00-04:00,9.765000343322754,9.774999618530273,9.739999771118164,9.75,41416,0.0,0.0
2023-09-11 09:30:00-04:00,9.800000190734863,9.870599746704102,9.71500015258789,9.760000228881836,43729,0.0,0.0
2023-09-11 10:30:00-04:00,9.75,9.760000228881836,9.699999809265137,9.739999771118164,19200,0.0,0.0
2023-09-11 11:30:00-04:00,9.749199867248535,9.760000228881836,9.71500015258789,9.739999771118164,16724,0.0,0.0
2023-09-11 12:30:00-04:00,9.739999771118164,9.75,9.699999809265137,9.744999885559082,20093,0.0,0.0
2023-09-11 13:30:00-04:00,9.739999771118164,9.739999771118164,9.65999984741211,9.680000305175781,63409,0.0,0.0
2023-09-11 14:30:00-04:00,9.680000305175781,9.680000305175781,9.630000114440918,9.630000114440918,20880,0.0,0.0
2023-09-11 15:30:00-04:00,9.640000343322754,9.649999618530273,9.630000114440918,9.640000343322754,45587,0.0,0.0
2023-09-12 09:30:00-04:00,9.670000076293945,9.720000267028809,9.585000038146973,9.59000015258789,93267,0.0,0.0
2023-09-12 10:30:00-04:00,9.589900016784668,9.625,9.570500373840332,9.604999542236328,34183,0.0,0.0
2023-09-12 11:30:00-04:00,9.60990047454834,9.630000114440918,9.59000015258789,9.59000015258789,24786,0.0,0.0
2023-09-12 12:30:00-04:00,9.579999923706055,9.628999710083008,9.531999588012695,9.620499610900879,38758,0.0,0.0
2023-09-12 13:30:00-04:00,9.625,9.645000457763672,9.619999885559082,9.640000343322754,20488,0.0,0.0
2023-09-12 14:30:00-04:00,9.635000228881836,9.635000228881836,9.550000190734863,9.5600004196167,33774,0.0,0.0
2023-09-12 15:30:00-04:00,9.5649995803833,9.609999656677246,9.5600004196167,9.59000015258789,66090,0.0,0.0
2023-09-13 09:30:00-04:00,9.600000381469727,9.720000267028809,9.59000015258789,9.71500015258789,79179,0.0,0.0
2023-09-13 10:30:00-04:00,9.710000038146973,9.770000457763672,9.6899995803833,9.734999656677246,59490,0.0,0.0
2023-09-13 11:30:00-04:00,9.734999656677246,9.778800010681152,9.720000267028809,9.765000343322754,24439,0.0,0.0
2023-09-13 12:30:00-04:00,9.770000457763672,9.770000457763672,9.734999656677246,9.744999885559082,22226,0.0,0.0
2023-09-13 13:30:00-04:00,9.75,9.75,9.6899995803833,9.694999694824219,22791,0.0,0.0
2023-09-13 14:30:00-04:00,9.694999694824219,9.6983003616333,9.649999618530273,9.675000190734863,36495,0.0,0.0
2023-09-13 15:30:00-04:00,9.675000190734863,9.6899995803833,9.670000076293945,9.6899995803833,46640,0.0,0.0
2023-09-14 09:30:00-04:00,9.699999809265137,9.855199813842773,9.6899995803833,9.770000457763672,127396,0.0,0.0
2023-09-14 10:30:00-04:00,9.77180004119873,9.869999885559082,9.765000343322754,9.829999923706055,32328,0.0,0.0
2023-09-14 11:30:00-04:00,9.825499534606934,9.825499534606934,9.779999732971191,9.789999961853027,23094,0.0,0.0
2023-09-14 12:30:00-04:00,9.78499984741211,9.850000381469727,9.78499984741211,9.78499984741211,48148,0.0,0.0
2023-09-14 13:30:00-04:00,9.780900001525879,9.78499984741211,9.75,9.783699989318848,27823,0.0,0.0
2023-09-14 14:30:00-04:00,9.78499984741211,9.795000076293945,9.770000457763672,9.770999908447266,24909,0.0,0.0
2023-09-14 15:30:00-04:00,9.770000457763672,9.789999961853027,9.75,9.78499984741211,56784,0.0,0.0
2023-09-15 09:30:00-04:00,9.770000457763672,9.8100004196167,9.65999984741211,9.6899995803833,139563,0.0,0.0
2023-09-15 10:30:00-04:00,9.6899995803833,9.729999542236328,9.619999885559082,9.729999542236328,111829,0.0,0.0
2023-09-15 11:30:00-04:00,9.734299659729004,9.75,9.710000038146973,9.71500015258789,28440,0.0,0.0
2023-09-15 12:30:00-04:00,9.714300155639648,9.714300155639648,9.630000114440918,9.630000114440918,25282,0.0,0.0
2023-09-15 13:30:00-04:00,9.635000228881836,9.649999618530273,9.619999885559082,9.625,35247,0.0,0.0
2023-09-15 14:30:00-04:00,9.630000114440918,9.670000076293945,9.619999885559082,9.645000457763672,58794,0.0,0.0
2023-09-15 15:30:00-04:00,9.649900436401367,9.649999618530273,9.529999732971191,9.5600004196167,135813,0.0,0.0
2023-09-18 09:30:00-04:00,9.569999694824219,9.59000015258789,9.46500015258789,9.520000457763672,80504,0.0,0.0
2023-09-18 10:30:00-04:00,9.529999732971191,9.545000076293945,9.479999542236328,9.484999656677246,42664,0.0,0.0
2023-09-18 11:30:00-04:00,9.483499526977539,9.529999732971191,9.479999542236328,9.524999618530273,37066,0.0,0.0
2023-09-18 12:30:00-04:00,9.524999618530273,9.559000015258789,9.520000457763672,9.524999618530273,34533,0.0,0.0
2023-09-18 13:30:00-04:00,9.524999618530273,9.579999923706055,9.524999618530273,9.579999923706055,22132,0.0,0.0
2023-09-18 14:30:00-04:00,9.579899787902832,9.600000381469727,9.5600004196167,9.59000015258789,43333,0.0,0.0
2023-09-18 15:30:00-04:00,9.585000038146973,9.59000015258789,9.5600004196167,9.569999694824219,40813,0.0,0.0
2023-09-19 09:30:00-04:00,9.630000114440918,9.6899995803833,9.609000205993652,9.640000343322754,69556,0.0,0.0
2023-09-19 10:30:00-04:00,9.630000114440918,9.630000114440918,9.550000190734863,9.550000190734863,27529,0.0,0.0
2023-09-19 11:30:00-04:00,9.550000190734863,9.580100059509277,9.545000076293945,9.550000190734863,23926,0.0,0.0
2023-09-19 12:30:00-04:00,9.55090045928955,9.5600004196167,9.529999732971191,9.5600004196167,20479,0.0,0.0
2023-09-19 13:30:00-04:00,9.550000190734863,9.569100379943848,9.529999732971191,9.545000076293945,28498,0.0,0.0
2023-09-19 14:30:00-04:00,9.545000076293945,9.550000190734863,9.510100364685059,9.510100364685059,17198,0.0,0.0
2023-09-19 15:30:00-04:00,9.515000343322754,9.529999732971191,9.5,9.510000228881836,49376,0.0,0.0
2023-09-20 09:30:00-04:00,9.300000190734863,9.4822998046875,9.25,9.40999984741211,245933,0.0,0.0
2023-09-20 10:30:00-04:00,9.40999984741211,9.414999961853027,9.354999542236328,9.369999885559082,96199,0.0,0.0
2023-09-20 11:30:00-04:00,9.359999656677246,9.38010025024414,9.329999923706055,9.364999771118164,88395,0.0,0.0
2023-09-20 12:30:00-04:00,9.364999771118164,9.380000114440918,9.329999923706055,9.331500053405762,46854,0.0,0.0
2023-09-20 13:30:00-04:00,9.329999923706055,9.34000015258789,9.260000228881836,9.270000457763672,64378,0.0,0.0
2023-09-20 14:30:00-04:00,9.274999618530273,9.339099884033203,9.274999618530273,9.306500434875488,127640,0.0,0.0
2023-09-20 15:30:00-04:00,9.300100326538086,9.3100004196167,9.270000457763672,9.300000190734863,113108,0.0,0.0
2023-09-21 09:30:00-04:00,9.270000457763672,9.34000015258789,9.25,9.289999961853027,65719,0.0,0.0
2023-09-21 10:30:00-04:00,9.289999961853027,9.3100004196167,9.220000267028809,9.234999656677246,38554,0.0,0.0
2023-09-21 11:30:00-04:00,9.234999656677246,9.279999732971191,9.220000267028809,9.229999542236328,22758,0.0,0.0
2023-09-21 12:30:00-04:00,9.225000381469727,9.27750015258789,9.220000267028809,9.274999618530273,25202,0.0,0.0
2023-09-21 13:30:00-04:00,9.279999732971191,9.279999732971191,9.25,9.25,20735,0.0,0.0
2023-09-21 14:30:00-04:00,9.25,9.260000228881836,9.220000267028809,9.229999542236328,26457,0.0,0.0
2023-09-21 15:30:00-04:00,9.225000381469727,9.270000457763672,9.220000267028809,9.260000228881836,59504,0.0,0.0
2023-09-22 09:30:00-04:00,9.239999771118164,9.369199752807617,9.220000267028809,9.354999542236328,63698,0.0,0.0
2023-09-22 10:30:00-04:00,9.348999977111816,9.359999656677246,9.273799896240234,9.27910041809082,41603,0.0,0.0
2023-09-22 11:30:00-04:00,9.270000457763672,9.289999961853027,9.255000114440918,9.270000457763672,31236,0.0,0.0
2023-09-22 12:30:00-04:00,9.270000457763672,9.279999732971191,9.229999542236328,9.234999656677246,13382,0.0,0.0
2023-09-22 13:30:00-04:00,9.234999656677246,9.260000228881836,9.229999542236328,9.239999771118164,21632,0.0,0.0
2023-09-22 14:30:00-04:00,9.234999656677246,9.354999542236328,9.234999656677246,9.335000038146973,47977,0.0,0.0
2023-09-22 15:30:00-04:00,9.34000015258789,9.34000015258789,9.309200286865234,9.319999694824219,60306,0.0,0.0
2023-09-25 09:30:00-04:00,9.260000228881836,9.3149995803833,9.229999542236328,9.300000190734863,74456,0.0,0.0
2023-09-25 10:30:00-04:00,9.305000305175781,9.40999984741211,9.300000190734863,9.390000343322754,41856,0.0,0.0
2023-09-25 11:30:00-04:00,9.381099700927734,9.425000190734863,9.369999885559082,9.410300254821777,27726,0.0,0.0
2023-09-25 12:30:00-04:00,9.420000076293945,9.444999694824219,9.399999618530273,9.399999618530273,28756,0.0,0.0
2023-09-25 13:30:00-04:00,9.40999984741211,9.430000305175781,9.390000343322754,9.40999984741211,29895,0.0,0.0
2023-09-25 14:30:00-04:00,9.404999732971191,9.404999732971191,9.354999542236328,9.390999794006348,37703,0.0,0.0
2023-09-25 15:30:00-04:00,9.390000343322754,9.399999618530273,9.364999771118164,9.390000343322754,55417,0.0,0.0
2023-09-26 09:30:00-04:00,9.300000190734863,9.40999984741211,9.300000190734863,9.395000457763672,24887,0.0,0.0
2023-09-26 10:30:00-04:00,9.390000343322754,9.460000038146973,9.385000228881836,9.454999923706055,30673,0.0,0.0
2023-09-26 11:30:00-04:00,9.454999923706055,9.46500015258789,9.399999618530273,9.425000190734863,40182,0.0,0.0
2023-09-26 12:30:00-04:00,9.420000076293945,9.4350004196167,9.369999885559082,9.395000457763672,38291,0.0,0.0
2023-09-26 13:30:00-04:00,9.399999618530273,9.404999732971191,9.375,9.382499694824219,40713,0.0,0.0
2023-09-26 14:30:00-04:00,9.390000343322754,9.40999984741211,9.375,9.380000114440918,40151,0.0,0.0
2023-09-26 15:30:00-04:00,9.390000343322754,9.399999618530273,9.350000381469727,9.390000343322754,84392,0.0,0.0
2023-09-27 09:30:00-04:00,9.460000038146973,9.550000190734863,9.414999961853027,9.508500099182129,69273,0.0,0.0
2023-09-27 10:30:00-04:00,9.505999565124512,9.505999565124512,9.420000076293945,9.449999809265137,25508,0.0,0.0
2023-09-27 11:30:00-04:00,9.460000038146973,9.46500015258789,9.430000305175781,9.430000305175781,17829,0.0,0.0
2023-09-27 12:30:00-04:00,9.4399995803833,9.454999923706055,9.422499656677246,9.4350004196167,28458,0.0,0.0
2023-09-27 13:30:00-04:00,9.430000305175781,9.444999694824219,9.390000343322754,9.432499885559082,39202,0.0,0.0
2023-09-27 14:30:00-04:00,9.4399995803833,9.499899864196777,9.425000190734863,9.489999771118164,38774,0.0,0.0
2023-09-27 15:30:00-04:00,9.479999542236328,9.484999656677246,9.449999809265137,9.460000038146973,63447,0.0,0.0
2023-09-28 09:30:00-04:00,9.430000305175781,9.585000038146973,9.430000305175781,9.539999961853027,40390,0.0,0.0
2023-09-28 10:30:00-04:00,9.539999961853027,9.59000015258789,9.515999794006348,9.574999809265137,25495,0.0,0.0
2023-09-28 11:30:00-04:00,9.569999694824219,9.649999618530273,9.569999694824219,9.625,32521,0.0,0.0
2023-09-28 12:30:00-04:00,9.630000114440918,9.630000114440918,9.600000381469727,9.600000381469727,21701,0.0,0.0
2023-09-28 13:30:00-04:00,9.604999542236328,9.619999885559082,9.579999923706055,9.614999771118164,40717,0.0,0.0
2023-09-28 14:30:00-04:00,9.609999656677246,9.619999885559082,9.59000015258789,9.595000267028809,69228,0.0,0.0
2023-09-28 15:30:00-04:00,9.59000015258789,9.59000015258789,9.539999961853027,9.539999961853027,53478,0.0,0.0
2023-09-29 09:30:00-04:00,9.59000015258789,9.625,9.539999961853027,9.569999694824219,64526,0.0,0.0
2023-09-29 10:30:00-04:00,9.569999694824219,9.600000381469727,9.520000457763672,9.579999923706055,31233,0.0,0.0
2023-09-29 11:30:00-04:00,9.579999923706055,9.670000076293945,9.569999694824219,9.640000343322754,61391,0.0,0.0
2023-09-29 12:30:00-04:00,9.630000114440918,9.630000114440918,9.539999961853027,9.555000305175781,19140,0.0,0.0
2023-09-29 13:30:00-04:00,9.5600004196167,9.5600004196167,9.529999732971191,9.539999961853027,30974,0.0,0.0
2023-09-29 14:30:00-04:00,9.529999732971191,9.609999656677246,9.520000457763672,9.600000381469727,33891,0.0,0.0
2023-09-29 15:30:00-04:00,9.600000381469727,9.65880012512207,9.579999923706055,9.614999771118164,79586,0.0,0.0
2023-10-02 09:30:00-04:00,9.640000343322754,9.6899995803833,9.539999961853027,9.5600004196167,58634,0.0,0.0
2023-10-02 10:30:00-04:00,9.555000305175781,9.630000114440918,9.555000305175781,9.609999656677246,51181,0.0,0.0
2023-10-02 11:30:00-04:00,9.614999771118164,9.619999885559082,9.579999923706055,9.604999542236328,38087,0.0,0.0
2023-10-02 12:30:00-04:00,9.604999542236328,9.609999656677246,9.574999809265137,9.579999923706055,79802,0.0,0.0
2023-10-02 13:30:00-04:00,9.579999923706055,9.59000015258789,9.539999961853027,9.539999961853027,145887,0.0,0.0
2023-10-02 14:30:00-04:00,9.539999961853027,9.539999961853027,9.475000381469727,9.5,51803,0.0,0.0
2023-10-02 15:30:00-04:00,9.489999771118164,9.505000114440918,9.479999542236328,9.489999771118164,66203,0.0,0.0
2023-10-03 09:30:00-04:00,9.399999618530273,9.479999542236328,9.369999885559082,9.40999984741211,54213,0.0,0.0
2023-10-03 10:30:00-04:00,9.399999618530273,9.399999618530273,9.25,9.279999732971191,181930,0.0,0.0
2023-10-03 11:30:00-04:00,9.280099868774414,9.281000137329102,9.199999809265137,9.255000114440918,30331,0.0,0.0
2023-10-03 12:30:00-04:00,9.25,9.255000114440918,9.210000038146973,9.210000038146973,28352,0.0,0.0
2023-10-03 13:30:00-04:00,9.203700065612793,9.210000038146973,9.140000343322754,9.1850004196167,56788,0.0,0.0
2023-10-03 14:30:00-04:00,9.1899995803833,9.234999656677246,9.180000305175781,9.225000381469727,40727,0.0,0.0
2023-10-03 15:30:00-04:00,9.229999542236328,9.239999771118164,9.204999923706055,9.220000267028809,88892,0.0,0.0
2023-10-04 09:30:00-04:00,9.25,9.289999961853027,9.0649995803833,9.079999923706055,59689,0.0,0.0
2023-10-04 10:30:00-04:00,9.078200340270996,9.130000114440918,9.050000190734863,9.114999771118164,36521,0.0,0.0
2023-10-04 11:30:00-04:00,9.109999656677246,9.229999542236328,9.100000381469727,9.229999542236328,26726,0.0,0.0
2023-10-04 12:30:00-04:00,9.239999771118164,9.260000228881836,9.170000076293945,9.170000076293945,33250,0.0,0.0
2023-10-04 13:30:00-04:00,9.164999961853027,9.164999961853027,9.09179973602295,9.100000381469727,27112,0.0,0.0
2023-10-04 14:30:00-04:00,9.109999656677246,9.140000343322754,9.100000381469727,9.114999771118164,37863,0.0,0.0
2023-10-04 15:30:00-04:00,9.119999885559082,9.170000076293945,9.119999885559082,9.140000343322754,102107,0.0,0.0
2023-10-05 09:30:00-04:00,9.140000343322754,9.270000457763672,9.140000343322754,9.255000114440918,49666,0.0,0.0
2023-10-05 10:30:00-04:00,9.260000228881836,9.28499984741211,9.210000038146973,9.210000038146973,62724,0.0,0.0
2023-10-05 11:30:00-04:00,9.199999809265137,9.220000267028809,9.15999984741211,9.220000267028809,35904,0.0,0.0
2023-10-05 12:30:00-04:00,9.229999542236328,9.255000114440918,9.1899995803833,9.25,43042,0.0,0.0
2023-10-05 13:30:00-04:00,9.255000114440918,9.360799789428711,9.25,9.329999923706055,99875,0.0,0.0
2023-10-05 14:30:00-04:00,9.335000038146973,9.335000038146973,9.255000114440918,9.279999732971191,37661,0.0,0.0
2023-10-05 15:30:00-04:00,9.274999618530273,9.34000015258789,9.270000457763672,9.3100004196167,77706,0.0,0.0
2023-10-06 09:30:00-04:00,9.319999694824219,9.399999618530273,9.229999542236328,9.234999656677246,60371,0.0,0.0
2023-10-06 10:30:00-04:00,9.239999771118164,9.279999732971191,9.210000038146973,9.255000114440918,58117,0.0,0.0
2023-10-06 11:30:00-04:00,9.255000114440918,9.369999885559082,9.25,9.329999923706055,54483,0.0,0.0
2023-10-06 12:30:00-04:00,9.329999923706055,9.380000114440918,9.305000305175781,9.375,34105,0.0,0.0
2023-10-06 13:30:00-04:00,9.375,9.414999961853027,9.369999885559082,9.40999984741211,37517,0.0,0.0
2023-10-06 14:30:00-04:00,9.404999732971191,9.4399995803833,9.390000343322754,9.40999984741211,63777,0.0,0.0
2023-10-06 15:30:00-04:00,9.414999961853027,9.414999961853027,9.369999885559082,9.40999984741211,80853,0.0,0.0
2023-10-09 09:30:00-04:00,9.420000076293945,9.600799560546875,9.399999618530273,9.567999839782715,106379,0.0,0.0
2023-10-09 10:30:00-04:00,9.569999694824219,9.640000343322754,9.569999694824219,9.574999809265137,113159,0.0,0.0
2023-10-09 11:30:00-04:00,9.569999694824219,9.649999618530273,9.569999694824219,9.635000228881836,57728,0.0,0.0
2023-10-09 12:30:00-04:00,9.632699966430664,9.65999984741211,9.600000381469727,9.604999542236328,40918,0.0,0.0
2023-10-09 13:30:00-04:00,9.604999542236328,9.680000305175781,9.585000038146973,9.609999656677246,75769,0.0,0.0
2023-10-09 14:30:00-04:00,9.609999656677246,9.614999771118164,9.569999694824219,9.579999923706055,28184,0.0,0.0
2023-10-09 15:30:00-04:00,9.569999694824219,9.569999694824219,9.510000228881836,9.510000228881836,58943,0.0,0.0
2023-10-10 09:30:00-04:00,9.539999961853027,9.710000038146973,9.539999961853027,9.675000190734863,72844,0.0,0.0
2023-10-10 10:30:00-04:00,9.670000076293945,9.699999809265137,9.635000228881836,9.640000343322754,92765,0.0,0.0
2023-10-10 11:30:00-04:00,9.64050006866455,9.6899995803833,9.64050006866455,9.675000190734863,37030,0.0,0.0
2023-10-10 12:30:00-04:00,9.670000076293945,9.6850004196167,9.649999618530273,9.664999961853027,44080,0.0,0.0
2023-10-10 13:30:00-04:00,9.65999984741211,9.670000076293945,9.640000343322754,9.645000457763672,36751,0.0,0.0
2023-10-10 14:30:00-04:00,9.640999794006348,9.649999618530273,9.600000381469727,9.600000381469727,33616,0.0,0.0
2023-10-10 15:30:00-04:00,9.609999656677246,9.609999656677246,9.579999923706055,9.59000015258789,49219,0.0,0.0
2023-10-11 09:30:00-04:00,9.600000381469727,9.720000267028809,9.595000267028809,9.609999656677246,169984,0.0,0.0
2023-10-11 10:30:00-04:00,9.619999885559082,9.645000457763672,9.600000381469727,9.604999542236328,33307,0.0,0.0
2023-10-11 11:30:00-04:00,9.609199523925781,9.614999771118164,9.5649995803833,9.569999694824219,20366,0.0,0.0
2023-10-11 12:30:00-04:00,9.574999809265137,9.574999809265137,9.510100364685059,9.520000457763672,34584,0.0,0.0
2023-10-11 13:30:00-04:00,9.520000457763672,9.5600004196167,9.515000343322754,9.550000190734863,14434,0.0,0.0
2023-10-11 14:30:00-04:00,9.550000190734863,9.569999694824219,9.539999961853027,9.550000190734863,16898,0.0,0.0
2023-10-11 15:30:00-04:00,9.55679988861084,9.595000267028809,9.550800323486328,9.59000015258789,40698,0.0,0.0
2023-10-12 09:30:00-04:00,9.65999984741211,9.699999809265137,9.449999809265137,9.454999923706055,54561,0.0,0.0
2023-10-12 10:30:00-04:00,9.460000038146973,9.510000228881836,9.385000228881836,9.510000228881836,50200,0.0,0.0
2023-10-12 11:30:00-04:00,9.510000228881836,9.5600004196167,9.489999771118164,9.539999961853027,40105,0.0,0.0
2023-10-12 12:30:00-04:00,9.539999961853027,9.539999961853027,9.489999771118164,9.505000114440918,38109,0.0,0.0
2023-10-12 13:30:00-04:00,9.5,9.515000343322754,9.470000267028809,9.515000343322754,35104,0.0,0.0
2023-10-12 14:30:00-04:00,9.515000343322754,9.555000305175781,9.510000228881836,9.555000305175781,45627,0.0,0.0
2023-10-12 15:30:00-04:00,9.5600004196167,9.600000381469727,9.5600004196167,9.59000015258789,99185,0.0,0.0
2023-10-13 09:30:00-04:00,9.65999984741211,9.670000076293945,9.574999809265137,9.619999885559082,80017,0.0,0.0
2023-10-13 10:30:00-04:00,9.609999656677246,9.65999984741211,9.595000267028809,9.595000267028809,39512,0.0,0.0
2023-10-13 11:30:00-04:00,9.595000267028809,9.595000267028809,9.539999961853027,9.539999961853027,22828,0.0,0.0
2023-10-13 12:30:00-04:00,9.54010009765625,9.550000190734863,9.46500015258789,9.46500015258789,31623,0.0,0.0
2023-10-13 13:30:00-04:00,9.46500015258789,9.53499984741211,9.46500015258789,9.53499984741211,28480,0.0,0.0
2023-10-13 14:30:00-04:00,9.53499984741211,9.619999885559082,9.53499984741211,9.610099792480469,46895,0.0,0.0
2023-10-13 15:30:00-04:00,9.619999885559082,9.635000228881836,9.59000015258789,9.600000381469727,97884,0.0,0.0
2023-10-16 09:30:00-04:00,9.630000114440918,9.657999992370605,9.529999732971191,9.600099563598633,63876,0.0,0.0
2023-10-16 10:30:00-04:00,9.609999656677246,9.640000343322754,9.569999694824219,9.569999694824219,22868,0.0,0.0
2023-10-16 11:30:00-04:00,9.574999809265137,9.579999923706055,9.529999732971191,9.529999732971191,16271,0.0,0.0
2023-10-16 12:30:00-04:00,9.510000228881836,9.517499923706055,9.460000038146973,9.470000267028809,15931,0.0,0.0
2023-10-16 13:30:00-04:00,9.470000267028809,9.559800148010254,9.470000267028809,9.550000190734863,40104,0.0,0.0
2023-10-16 14:30:00-04:00,9.539999961853027,9.539999961853027,9.489999771118164,9.515000343322754,34341,0.0,0.0
2023-10-16 15:30:00-04:00,9.520000457763672,9.529999732971191,9.479999542236328,9.489999771118164,49456,0.0,0.0
2023-10-17 09:30:00-04:00,9.430000305175781,9.5600004196167,9.430000305175781,9.539999961853027,37218,0.0,0.0
2023-10-17 10:30:00-04:00,9.543999671936035,9.591300010681152,9.543999671936035,9.5600004196167,36432,0.0,0.0
2023-10-17 11:30:00-04:00,9.5600004196167,9.598999977111816,9.5600004196167,9.598999977111816,36123,0.0,0.0
2023-10-17 12:30:00-04:00,9.59000015258789,9.595000267028809,9.550000190734863,9.555000305175781,19222,0.0,0.0
2023-10-17 13:30:00-04:00,9.555000305175781,9.555000305175781,9.489999771118164,9.494999885559082,17981,0.0,0.0
2023-10-17 14:30:00-04:00,9.494999885559082,9.520000457763672,9.484999656677246,9.520000457763672,21662,0.0,0.0
2023-10-17 15:30:00-04:00,9.520000457763672,9.529999732971191,9.510000228881836,9.520000457763672,47159,0.0,0.0
2023-10-18 09:30:00-04:00,9.449999809265137,9.449999809265137,9.3100004196167,9.345000267028809,53253,0.0,0.0
2023-10-18 10:30:00-04:00,9.343999862670898,9.364999771118164,9.28499984741211,9.329999923706055,101465,0.0,0.0
2023-10-18 11:30:00-04:00,9.335000038146973,9.369999885559082,9.3100004196167,9.3149995803833,49276,0.0,0.0
2023-10-18 12:30:00-04:00,9.314000129699707,9.390000343322754,9.314000129699707,9.375,37950,0.0,0.0
2023-10-18 13:30:00-04:00,9.375,9.380000114440918,9.345000267028809,9.350000381469727,42167,0.0,0.0
2023-10-18 14:30:00-04:00,9.350000381469727,9.350000381469727,9.300000190734863,9.3100004196167,46011,0.0,0.0
2023-10-18 15:30:00-04:00,9.3149995803833,9.359999656677246,9.300000190734863,9.319999694824219,122031,0.0,0.0
2023-10-19 09:30:00-04:00,9.210000038146973,9.220000267028809,9.069999694824219,9.069999694824219,52622,0.0,0.0
2023-10-19 10:30:00-04:00,9.050000190734863,9.135000228881836,9.045000076293945,9.095000267028809,40831,0.0,0.0
2023-10-19 11:30:00-04:00,9.09000015258789,9.149999618530273,9.079999923706055,9.109999656677246,32010,0.0,0.0
2023-10-19 12:30:00-04:00,9.109999656677246,9.15999984741211,9.050000190734863,9.15999984741211,25793,0.0,0.0
2023-10-19 13:30:00-04:00,9.15999984741211,9.15999984741211,9.089200019836426,9.119999885559082,26420,0.0,0.0
2023-10-19 14:30:00-04:00,9.119999885559082,9.119999885559082,9.045000076293945,9.055000305175781,35060,0.0,0.0
2023-10-19 15:30:00-04:00,9.0600004196167,9.079999923706055,9.020000457763672,9.039999961853027,155141,0.0,0.0
2023-10-20 09:30:00-04:00,9.039999961853027,9.079999923706055,9.010000228881836,9.029999732971191,63621,0.0,0.0
2023-10-20 10:30:00-04:00,9.029999732971191,9.069999694824219,8.989999771118164,9.015000343322754,57788,0.0,0.0
2023-10-20 11:30:00-04:00,9.015000343322754,9.084199905395508,9.015000343322754,9.079899787902832,22920,0.0,0.0
2023-10-20 12:30:00-04:00,9.079999923706055,9.119999885559082,9.070099830627441,9.109999656677246,20877,0.0,0.0
2023-10-20 13:30:00-04:00,9.100000381469727,9.100000381469727,9.050000190734863,9.085000038146973,31797,0.0,0.0
2023-10-20 14:30:00-04:00,9.085000038146973,9.109999656677246,9.069999694824219,9.079999923706055,27370,0.0,0.0
2023-10-20 15:30:00-04:00,9.079999923706055,9.109999656677246,9.069999694824219,9.100000381469727,109108,0.0,0.0
2023-10-23 09:30:00-04:00,9.079999923706055,9.130000114440918,8.979999542236328,9.114999771118164,67785,0.0,0.0
2023-10-23 10:30:00-04:00,9.119999885559082,9.25,9.114999771118164,9.244999885559082,36821,0.0,0.0
2023-10-23 11:30:00-04:00,9.25,9.255000114440918,9.175000190734863,9.18910026550293,19323,0.0,0.0
2023-10-23 12:30:00-04:00,9.186200141906738,9.225000381469727,9.175000190734863,9.210100173950195,26897,0.0,0.0
2023-10-23 13:30:00-04:00,9.220000267028809,9.229999542236328,9.194999694824219,9.194999694824219,27250,0.0,0.0
2023-10-23 14:30:00-04:00,9.199999809265137,9.229999542236328,9.15999984741211,9.15999984741211,56146,0.0,0.0
2023-10-23 15:30:00-04:00,9.149999618530273,9.170000076293945,9.149999618530273,9.154999732971191,55464,0.0,0.0
2023-10-24 09:30:00-04:00,9.130000114440918,9.170000076293945,9.055000305175781,9.095000267028809,80576,0.0,0.0
2023-10-24 10:30:00-04:00,9.095000267028809,9.180000305175781,9.085000038146973,9.085000038146973,61743,0.0,0.0
2023-10-24 11:30:00-04:00,9.085000038146973,9.220000267028809,9.0649995803833,9.175000190734863,118448,0.0,0.0
2023-10-24 12:30:00-04:00,9.171099662780762,9.199999809265137,9.154999732971191,9.180000305175781,34492,0.0,0.0
2023-10-24 13:30:00-04:00,9.1850004196167,9.265000343322754,9.140000343322754,9.25,66098,0.0,0.0
2023-10-24 14:30:00-04:00,9.25,9.260000228881836,9.199999809265137,9.225000381469727,33133,0.0,0.0
2023-10-24 15:30:00-04:00,9.225000381469727,9.225000381469727,9.1899995803833,9.1899995803833,78803,0.0,0.0
2023-10-25 09:30:00-04:00,9.0600004196167,9.15999984741211,9.050000190734863,9.069999694824219,67613,0.0,0.0
2023-10-25 10:30:00-04:00,9.074999809265137,9.140000343322754,9.074999809265137,9.140000343322754,31883,0.0,0.0
2023-10-25 11:30:00-04:00,9.130000114440918,9.130000114440918,9.050000190734863,9.0649995803833,33023,0.0,0.0
2023-10-25 12:30:00-04:00,9.0600004196167,9.074999809265137,9.015000343322754,9.039999961853027,43550,0.0,0.0
2023-10-25 13:30:00-04:00,9.029999732971191,9.109999656677246,9.010000228881836,9.09000015258789,34926,0.0,0.0
2023-10-25 14:30:00-04:00,9.095000267028809,9.135000228881836,9.069999694824219,9.130000114440918,52389,0.0,0.0
2023-10-25 15:30:00-04:00,9.130000114440918,9.170000076293945,9.128999710083008,9.140000343322754,79891,0.0,0.0
2023-10-26 09:30:00-04:00,9.149999618530273,9.180000305175781,9.045000076293945,9.100000381469727,43946,0.0,0.0
2023-10-26 10:30:00-04:00,9.100000381469727,9.190099716186523,9.085000038146973,9.140000343322754,74005,0.0,0.0
2023-10-26 11:30:00-04:00,9.135000228881836,9.140000343322754,9.085000038146973,9.085000038146973,18071,0.0,0.0
2023-10-26 12:30:00-04:00,9.09000015258789,9.09000015258789,9.055000305175781,9.0600004196167,33247,0.0,0.0
2023-10-26 13:30:00-04:00,9.050000190734863,9.119999885559082,9.042499542236328,9.109999656677246,21098,0.0,0.0
2023-10-26 14:30:00-04:00,9.119999885559082,9.170000076293945,9.119999885559082,9.145000457763672,27629,0.0,0.0
2023-10-26 15:30:00-04:00,9.140000343322754,9.149999618530273,9.125,9.145000457763672,47086,0.0,0.0
2023-10-27 09:30:00-04:00,9.270000457763672,9.319999694824219,9.15999984741211,9.220000267028809,122720,0.0,0.0
2023-10-27 10:30:00-04:00,9.234999656677246,9.25,9.210000038146973,9.210000038146973,35288,0.0,0.0
2023-10-27 11:30:00-04:00,9.21500015258789,9.279999732971191,9.210000038146973,9.220000267028809,48437,0.0,0.0
2023-10-27 12:30:00-04:00,9.225000381469727,9.229999542236328,9.165900230407715,9.175000190734863,29428,0.0,0.0
2023-10-27 13:30:00-04:00,9.170100212097168,9.180000305175781,9.114999771118164,9.119999885559082,54022,0.0,0.0
2023-10-27 14:30:00-04:00,9.120200157165527,9.140000343322754,9.100000381469727,9.104999542236328,48484,0.0,0.0
2023-10-27 15:30:00-04:00,9.109999656677246,9.109999656677246,9.09000015258789,9.100000381469727,74833,0.0,0.0
2023-10-30 09:30:00-04:00,9.229999542236328,9.279999732971191,9.104999542236328,9.109999656677246,100021,0.0,0.0
2023-10-30 10:30:00-04:00,9.109999656677246,9.109999656677246,9.020000457763672,9.024999618530273,68138,0.0,0.0
2023-10-30 11:30:00-04:00,9.024999618530273,9.074999809265137,9.015000343322754,9.055000305175781,54511,0.0,0.0
2023-10-30 12:30:00-04:00,9.055000305175781,9.095000267028809,9.010000228881836,9.079999923706055,55674,0.0,0.0
2023-10-30 13:30:00-04:00,9.079999923706055,9.130000114440918,9.079999923706055,9.100000381469727,45138,0.0,0.0
2023-10-30 14:30:00-04:00,9.100000381469727,9.175000190734863,9.09000015258789,9.170000076293945,46533,0.0,0.0
2023-10-30 15:30:00-04:00,9.164999961853027,9.170000076293945,9.135000228881836,9.140000343322754,47292,0.0,0.0
2023-10-31 09:30:00-04:00,9.100000381469727,9.149999618530273,9.010000228881836,9.119999885559082,63847,0.0,0.0
2023-10-31 10:30:00-04:00,9.109999656677246,9.154999732971191,9.109999656677246,9.130000114440918,33851,0.0,0.0
2023-10-31 11:30:00-04:00,9.140000343322754,9.154999732971191,9.050000190734863,9.0649995803833,26546,0.0,0.0
2023-10-31 12:30:00-04:00,9.0600004196167,9.100000381469727,8.960000038146973,8.984999656677246,105504,0.0,0.0
2023-10-31 13:30:00-04:00,8.984999656677246,8.989999771118164,8.90999984741211,8.9350004196167,86463,0.0,0.0
2023-10-31 14:30:00-04:00,8.939900398254395,8.989999771118164,8.930000305175781,8.975000381469727,77189,0.0,0.0
2023-10-31 15:30:00-04:00,8.975000381469727,9.085000038146973,8.954999923706055,9.020000457763672,322148,0.0,0.0
2023-11-01 09:30:00-04:00,9.0,9.0,8.579999923706055,8.75,185370,0.0,0.0
2023-11-01 10:30:00-04:00,8.75,8.800000190734863,8.619999885559082,8.739999771118164,87514,0.0,0.0
2023-11-01 11:30:00-04:00,8.729999542236328,8.779000282287598,8.604999542236328,8.649100303649902,65509,0.0,0.0
2023-11-01 12:30:00-04:00,8.649999618530273,8.649999618530273,8.550000190734863,8.550000190734863,109076,0.0,0.0
2023-11-01 13:30:00-04:00,8.555000305175781,8.729999542236328,8.539999961853027,8.729999542236328,169040,0.0,0.0
2023-11-01 14:30:00-04:00,8.729999542236328,8.850000381469727,8.680000305175781,8.820099830627441,225176,0.0,0.0
2023-11-01 15:30:00-04:00,8.824999809265137,8.899999618530273,8.819999694824219,8.859999656677246,189958,0.0,0.0
2023-11-02 09:30:00-04:00,8.920000076293945,9.265000343322754,8.890000343322754,9.194999694824219,197928,0.0,0.0
2023-11-02 10:30:00-04:00,9.180000305175781,9.234999656677246,9.109999656677246,9.210000038146973,65478,0.0,0.0
2023-11-02 11:30:00-04:00,9.210000038146973,9.210000038146973,9.109999656677246,9.170000076293945,73593,0.0,0.0
2023-11-02 12:30:00-04:00,9.175000190734863,9.269000053405762,9.149999618530273,9.170000076293945,132038,0.0,0.0
2023-11-02 13:30:00-04:00,9.170000076293945,9.289999961853027,9.164999961853027,9.265000343322754,54952,0.0,0.0
2023-11-02 14:30:00-04:00,9.265000343322754,9.404999732971191,9.265000343322754,9.395000457763672,119920,0.0,0.0
2023-11-02 15:30:00-04:00,9.380000114440918,9.460000038146973,9.380000114440918,9.449999809265137,134733,0.0,0.0
2023-11-03 09:30:00-04:00,9.34000015258789,9.489999771118164,9.319999694824219,9.4350004196167,135588,0.0,0.0
2023-11-03 10:30:00-04:00,9.425999641418457,9.430000305175781,9.335000038146973,9.385000228881836,51585,0.0,0.0
2023-11-03 11:30:00-04:00,9.390000343322754,9.390000343322754,9.319999694824219,9.329999923706055,32840,0.0,0.0
2023-11-03 12:30:00-04:00,9.329999923706055,9.369999885559082,9.324999809265137,9.345000267028809,24893,0.0,0.0
2023-11-03 13:30:00-04:00,9.350000381469727,9.369999885559082,9.289999961853027,9.359999656677246,38278,0.0,0.0
2023-11-03 14:30:00-04:00,9.365500450134277,9.369999885559082,9.3100004196167,9.319999694824219,68637,0.0,0.0
2023-11-03 15:30:00-04:00,9.3100004196167,9.321000099182129,9.25,9.289999961853027,134764,0.0,0.0
2023-11-06 09:30:00-05:00,9.279999732971191,9.3100004196167,9.11989974975586,9.135000228881836,57057,0.0,0.0
2023-11-06 10:30:00-05:00,9.13599967956543,9.158599853515625,9.09000015258789,9.100000381469727,31167,0.0,0.0
2023-11-06 11:30:00-05:00,9.090999603271484,9.100000381469727,9.055000305175781,9.069999694824219,21759,0.0,0.0
2023-11-06 12:30:00-05:00,9.079999923706055,9.09000015258789,9.020000457763672,9.038800239562988,36976,0.0,0.0
2023-11-06 13:30:00-05:00,9.029999732971191,9.068699836730957,9.029999732971191,9.039999961853027,27388,0.0,0.0
2023-11-06 14:30:00-05:00,9.039999961853027,9.081500053405762,8.989999771118164,8.994999885559082,74959,0.0,0.0
2023-11-06 15:30:00-05:00,8.998600006103516,9.079999923706055,8.998600006103516,9.079999923706055,100435,0.0,0.0
2023-11-07 09:30:00-05:00,9.0,9.0,8.859999656677246,8.890000343322754,113098,0.0,0.0
2023-11-07 10:30:00-05:00,8.880000114440918,8.895000457763672,8.824999809265137,8.859999656677246,32057,0.0,0.0
2023-11-07 11:30:00-05:00,8.859999656677246,8.899999618530273,8.859999656677246,8.895000457763672,27273,0.0,0.0
2023-11-07 12:30:00-05:00,8.890000343322754,8.920000076293945,8.844599723815918,8.90999984741211,45841,0.0,0.0
2023-11-07 13:30:00-05:00,8.90999984741211,8.914999961853027,8.850000381469727,8.859999656677246,20169,0.0,0.0
2023-11-07 14:30:00-05:00,8.864999771118164,8.875,8.819999694824219,8.829999923706055,29170,0.0,0.0
2023-11-07 15:30:00-05:00,8.824999809265137,8.850000381469727,8.824999809265137,8.824999809265137,66381,0.0,0.0
2023-11-08 09:30:00-05:00,8.789999961853027,8.800000190734863,8.640000343322754,8.649999618530273,63598,0.0,0.0
2023-11-08 10:30:00-05:00,8.640000343322754,8.710000038146973,8.609999656677246,8.710000038146973,37847,0.0,0.0
2023-11-08 11:30:00-05:00,8.71500015258789,8.734999656677246,8.664999961853027,8.664999961853027,24934,0.0,0.0
2023-11-08 12:30:00-05:00,8.65999984741211,8.6899995803833,8.640000343322754,8.680000305175781,24864,0.0,0.0
2023-11-08 13:30:00-05:00,8.6899995803833,8.729999542236328,8.680000305175781,8.71500015258789,15606,0.0,0.0
2023-11-08 14:30:00-05:00,8.71500015258789,8.720000267028809,8.680000305175781,8.6983003616333,66428,0.0,0.0
2023-11-08 15:30:00-05:00,8.694999694824219,8.720000267028809,8.6899995803833,8.720000267028809,49090,0.0,0.0
2023-11-09 09:30:00-05:00,8.75,8.895000457763672,8.75,8.84000015258789,80844,0.0,0.0
2023-11-09 10:30:00-05:00,8.829999923706055,8.869999885559082,8.8149995803833,8.819999694824219,21145,0.0,0.0
2023-11-09 11:30:00-05:00,8.819899559020996,8.880000114440918,8.819899559020996,8.836799621582031,27901,0.0,0.0
2023-11-09 12:30:00-05:00,8.84000015258789,8.850000381469727,8.789999961853027,8.8149995803833,40344,0.0,0.0
2023-11-09 13:30:00-05:00,8.8100004196167,8.8100004196167,8.748800277709961,8.75,35008,0.0,0.0
2023-11-09 14:30:00-05:00,8.75,8.760000228881836,8.720000267028809,8.739999771118164,27056,0.0,0.0
2023-11-09 15:30:00-05:00,8.739999771118164,8.75,8.729999542236328,8.744999885559082,41077,0.0,0.0
2023-11-10 09:30:00-05:00,8.75,8.779999732971191,8.6850004196167,8.699999809265137,22333,0.0,0.0
2023-11-10 10:30:00-05:00,8.696000099182129,8.699999809265137,8.654999732971191,8.6899995803833,22926,0.0,0.0
2023-11-10 11:30:00-05:00,8.6850004196167,8.694999694824219,8.670000076293945,8.670000076293945,8078,0.0,0.0
2023-11-10 12:30:00-05:00,8.680000305175781,8.744999885559082,8.680000305175781,8.739999771118164,21746,0.0,0.0
2023-11-10 13:30:00-05:00,8.739999771118164,8.760000228881836,8.729999542236328,8.760000228881836,10660,0.0,0.0
2023-11-10 14:30:00-05:00,8.75790023803711,8.765000343322754,8.680000305175781,8.699999809265137,46940,0.0,0.0
2023-11-10 15:30:00-05:00,8.699999809265137,8.710000038146973,8.6899995803833,8.699999809265137,39931,0.0,0.0
2023-11-13 09:30:00-05:00,8.670000076293945,8.6899995803833,8.619999885559082,8.6899995803833,28142,0.0,0.0
2023-11-13 10:30:00-05:00,8.6899995803833,8.75,8.6899995803833,8.75,13672,0.0,0.0
2023-11-13 11:30:00-05:00,8.739999771118164,8.760899543762207,8.710000038146973,8.724900245666504,21509,0.0,0.0
2023-11-13 12:30:00-05:00,8.720000267028809,8.720000267028809,8.6899995803833,8.704999923706055,12746,0.0,0.0
2023-11-13 13:30:00-05:00,8.710000038146973,8.720000267028809,8.6899995803833,8.691300392150879,16057,0.0,0.0
2023-11-13 14:30:00-05:00,8.6899995803833,8.720000267028809,8.670000076293945,8.675000190734863,26014,0.0,0.0
2023-11-13 15:30:00-05:00,8.680000305175781,8.729999542236328,8.680000305175781,8.720000267028809,39143,0.0,0.0
2023-11-14 09:30:00-05:00,8.9399995803833,9.050000190734863,8.90999984741211,9.045000076293945,62454,0.0,0.0
2023-11-14 10:30:00-05:00,9.050000190734863,9.120100021362305,9.039999961853027,9.104999542236328,72755,0.0,0.0
2023-11-14 11:30:00-05:00,9.109999656677246,9.119999885559082,9.020099639892578,9.050000190734863,23487,0.0,0.0
2023-11-14 12:30:00-05:00,9.050000190734863,9.164999961853027,9.050000190734863,9.154999732971191,104941,0.0,0.0
2023-11-14 13:30:00-05:00,9.15999984741211,9.1899995803833,9.140000343322754,9.1850004196167,43744,0.0,0.0
2023-11-14 14:30:00-05:00,9.180899620056152,9.244999885559082,9.145000457763672,9.239999771118164,66766,0.0,0.0
2023-11-14 15:30:00-05:00,9.239999771118164,9.25,9.210000038146973,9.239999771118164,113526,0.0,0.0
2023-11-15 09:30:00-05:00,9.239999771118164,9.550000190734863,9.210000038146973,9.529999732971191,144500,0.0,0.0
2023-11-15 10:30:00-05:00,9.539999961853027,9.649999618530273,9.539999961853027,9.550700187683105,73112,0.0,0.0
2023-11-15 11:30:00-05:00,9.550000190734863,9.5600004196167,9.479999542236328,9.550000190734863,47513,0.0,0.0
2023-11-15 12:30:00-05:00,9.5600004196167,9.579999923706055,9.5,9.550000190734863,45407,0.0,0.0
2023-11-15 13:30:00-05:00,9.550000190734863,9.630000114440918,9.550000190734863,9.619999885559082,54847,0.0,0.0
2023-11-15 14:30:00-05:00,9.619999885559082,9.649999618530273,9.604999542236328,9.649999618530273,78057,0.0,0.0
2023-11-15 15:30:00-05:00,9.649999618530273,9.670000076293945,9.640000343322754,9.670000076293945,175496,0.0,0.0
2023-11-16 09:30:00-05:00,9.65999984741211,9.6899995803833,9.524999618530273,9.5600004196167,37511,0.0,0.0
2023-11-16 10:30:00-05:00,9.5600004196167,9.5649995803833,9.484999656677246,9.510000228881836,40128,0.0,0.0
2023-11-16 11:30:00-05:00,9.505000114440918,9.515000343322754,9.404999732971191,9.425000190734863,33220,0.0,0.0
2023-11-16 12:30:00-05:00,9.420000076293945,9.449999809265137,9.391300201416016,9.414999961853027,22104,0.0,0.0
2023-11-16 13:30:00-05:00,9.420000076293945,9.438799858093262,9.40999984741211,9.430000305175781,15040,0.0,0.0
2023-11-16 14:30:00-05:00,9.430000305175781,9.449999809265137,9.414999961853027,9.444999694824219,31203,0.0,0.0
2023-11-16 15:30:00-05:00,9.444999694824219,9.444999694824219,9.359999656677246,9.359999656677246,82194,0.0,0.0
2023-11-17 09:30:00-05:00,9.449999809265137,9.555000305175781,9.449999809265137,9.550000190734863,54362,0.0,0.0
2023-11-17 10:30:00-05:00,9.531000137329102,9.539999961853027,9.475000381469727,9.479999542236328,15213,0.0,0.0
2023-11-17 11:30:00-05:00,9.479999542236328,9.510000228881836,9.460000038146973,9.5,16706,0.0,0.0
2023-11-17 12:30:00-05:00,9.5,9.550000190734863,9.494999885559082,9.515000343322754,39849,0.0,0.0
2023-11-17 13:30:00-05:00,9.515000343322754,9.539999961853027,9.510000228881836,9.524999618530273,23177,0.0,0.0
2023-11-17 14:30:00-05:00,9.520000457763672,9.520000457763672,9.470000267028809,9.494999885559082,31638,0.0,0.0
2023-11-17 15:30:00-05:00,9.484999656677246,9.484999656677246,9.449999809265137,9.475000381469727,81955,0.0,0.0
2023-11-20 09:30:00-05:00,9.520000457763672,9.529999732971191,9.420000076293945,9.46500015258789,38526,0.0,0.0
2023-11-20 10:30:00-05:00,9.470000267028809,9.564599990844727,9.470000267028809,9.479999542236328,29373,0.0,0.0
2023-11-20 11:30:00-05:00,9.484999656677246,9.545000076293945,9.479999542236328,9.520899772644043,17663,0.0,0.0
2023-11-20 12:30:00-05:00,9.524999618530273,9.529999732971191,9.479999542236328,9.479999542236328,11848,0.0,0.0
2023-11-20 13:30:00-05:00,9.46500015258789,9.46500015258789,9.420000076293945,9.454999923706055,11982,0.0,0.0
2023-11-20 14:30:00-05:00,9.454999923706055,9.454999923706055,9.430000305175781,9.4399995803833,17785,0.0,0.0
2023-11-20 15:30:00-05:00,9.4350004196167,9.460000038146973,9.420000076293945,9.460000038146973,64441,0.0,0.0
2023-11-21 09:30:00-05:00,9.399999618530273,9.479999542236328,9.380000114440918,9.444999694824219,52029,0.0,0.0
2023-11-21 10:30:00-05:00,9.449999809265137,9.5,9.449999809265137,9.470000267028809,21351,0.0,0.0
2023-11-21 11:30:00-05:00,9.460000038146973,9.460000038146973,9.40999984741211,9.414999961853027,26288,0.0,0.0
2023-11-21 12:30:00-05:00,9.420000076293945,9.430000305175781,9.399999618530273,9.417400360107422,25106,0.0,0.0
2023-11-21 13:30:00-05:00,9.420000076293945,9.429499626159668,9.380000114440918,9.385000228881836,29099,0.0,0.0
2023-11-21 14:30:00-05:00,9.390000343322754,9.449999809265137,9.390000343322754,9.444999694824219,29806,0.0,0.0
2023-11-21 15:30:00-05:00,9.444999694824219,9.449999809265137,9.40999984741211,9.430000305175781,46587,0.0,0.0
2023-11-22 09:30:00-05:00,9.4399995803833,9.479999542236328,9.390000343322754,9.460000038146973,35191,0.0,0.0
2023-11-22 10:30:00-05:00,9.460000038146973,9.5,9.449999809265137,9.479999542236328,24332,0.0,0.0
2023-11-22 11:30:00-05:00,9.479999542236328,9.489999771118164,9.460000038146973,9.46500015258789,14184,0.0,0.0
2023-11-22 12:30:00-05:00,9.449999809265137,9.460000038146973,9.430000305175781,9.449999809265137,12547,0.0,0.0
2023-11-22 13:30:00-05:00,9.449999809265137,9.454999923706055,9.420000076293945,9.429100036621094,23542,0.0,0.0
2023-11-22 14:30:00-05:00,9.430000305175781,9.449999809265137,9.399999618530273,9.4399995803833,24057,0.0,0.0
2023-11-22 15:30:00-05:00,9.4350004196167,9.4399995803833,9.420000076293945,9.420000076293945,43200,0.0,0.0
2023-11-24 09:30:00-05:00,9.460000038146973,9.6850004196167,9.460000038146973,9.670499801635742,53991,0.0,0.0
2023-11-24 10:30:00-05:00,9.680000305175781,9.729999542236328,9.680000305175781,9.694999694824219,58462,0.0,0.0
2023-11-24 11:30:00-05:00,9.694999694824219,9.739899635314941,9.675000190734863,9.710000038146973,39740,0.0,0.0
2023-11-27 09:30:00-05:00,9.630000114440918,9.6899995803833,9.510000228881836,9.675000190734863,66381,0.0,0.0
2023-11-27 10:30:00-05:00,9.675000190734863,9.675999641418457,9.625,9.670000076293945,41185,0.0,0.0
2023-11-27 11:30:00-05:00,9.65999984741211,9.670000076293945,9.59000015258789,9.59000015258789,51603,0.0,0.0
2023-11-27 12:30:00-05:00,9.59000015258789,9.640000343322754,9.579999923706055,9.635000228881836,18627,0.0,0.0
2023-11-27 13:30:00-05:00,9.640000343322754,9.664999961853027,9.630000114440918,9.640000343322754,23012,0.0,0.0
2023-11-27 14:30:00-05:00,9.635000228881836,9.654999732971191,9.625,9.640000343322754,19964,0.0,0.0
2023-11-27 15:30:00-05:00,9.649999618530273,9.649999618530273,9.619999885559082,9.635000228881836,35917,0.0,0.0
2023-11-28 09:30:00-05:00,9.649999618530273,9.6899995803833,9.539999961853027,9.670000076293945,32055,0.0,0.0
2023-11-28 10:30:00-05:00,9.675000190734863,9.704999923706055,9.630000114440918,9.660799980163574,20426,0.0,0.0
2023-11-28 11:30:00-05:00,9.670000076293945,9.670000076293945,9.574999809265137,9.574999809265137,15732,0.0,0.0
2023-11-28 12:30:00-05:00,9.569999694824219,9.569999694824219,9.5,9.515000343322754,19570,0.0,0.0
2023-11-28 13:30:00-05:00,9.520000457763672,9.579999923706055,9.510000228881836,9.539199829101562,21370,0.0,0.0
2023-11-28 14:30:00-05:00,9.529999732971191,9.550000190734863,9.5,9.529999732971191,25923,0.0,0.0
2023-11-28 15:30:00-05:00,9.524999618530273,9.5649995803833,9.524999618530273,9.555000305175781,61704,0.0,0.0
2023-11-29 09:30:00-05:00,9.619999885559082,9.744999885559082,9.619999885559082,9.744999885559082,43152,0.0,0.0
2023-11-29 10:30:00-05:00,9.734000205993652,9.739999771118164,9.609999656677246,9.609999656677246,21208,0.0,0.0
2023-11-29 11:30:00-05:00,9.609999656677246,9.640000343322754,9.59000015258789,9.638799667358398,17864,0.0,0.0
2023-11-29 12:30:00-05:00,9.635000228881836,9.645000457763672,9.619999885559082,9.630000114440918,25202,0.0,0.0
2023-11-29 13:30:00-05:00,9.635000228881836,9.6850004196167,9.635000228881836,9.649999618530273,18381,0.0,0.0
2023-11-29 14:30:00-05:00,9.649999618530273,9.649999618530273,9.604999542236328,9.614999771118164,25918,0.0,0.0
2023-11-29 15:30:00-05:00,9.614999771118164,9.628199577331543,9.600000381469727,9.625,45715,0.0,0.0
2023-11-30 09:30:00-05:00,9.670000076293945,9.760000228881836,9.640000343322754,9.760000228881836,38007,0.0,0.0
2023-11-30 10:30:00-05:00,9.75,9.84000015258789,9.734999656677246,9.79010009765625,45952,0.0,0.0
2023-11-30 11:30:00-05:00,9.789999961853027,9.854999542236328,9.779999732971191,9.850000381469727,25111,0.0,0.0
2023-11-30 12:30:00-05:00,9.850000381469727,9.859999656677246,9.800000190734863,9.84000015258789,23886,0.0,0.0
2023-11-30 13:30:00-05:00,9.830100059509277,9.949999809265137,9.824999809265137,9.944999694824219,96417,0.0,0.0
2023-11-30 14:30:00-05:00,9.9399995803833,10.039999961853027,9.9399995803833,10.024999618530273,138729,0.0,0.0
2023-11-30 15:30:00-05:00,10.024999618530273,10.125,10.020000457763672,10.119999885559082,144889,0.0,0.0
2023-12-01 09:30:00-05:00,10.069999694824219,10.388400077819824,10.069999694824219,10.380000114440918,118939,0.0,0.0
2023-12-01 10:30:00-05:00,10.385899543762207,10.420000076293945,10.329999923706055,10.404999732971191,77069,0.0,0.0
2023-12-01 11:30:00-05:00,10.399999618530273,10.450300216674805,10.395000457763672,10.420100212097168,48443,0.0,0.0
2023-12-01 12:30:00-05:00,10.425000190734863,10.550000190734863,10.425000190734863,10.515000343322754,139282,0.0,0.0
2023-12-01 13:30:00-05:00,10.515000343322754,10.579999923706055,10.510000228881836,10.550000190734863,45126,0.0,0.0
2023-12-01 14:30:00-05:00,10.550000190734863,10.619999885559082,10.539999961853027,10.550000190734863,83964,0.0,0.0
2023-12-01 15:30:00-05:00,10.54990005493164,10.630000114440918,10.54990005493164,10.614999771118164,123799,0.0,0.0
2023-12-04 09:30:00-05:00,10.470000267028809,10.664999961853027,10.4399995803833,10.470000267028809,89457,0.0,0.0
2023-12-04 10:30:00-05:00,10.479999542236328,10.609999656677246,10.461199760437012,10.539999961853027,44293,0.0,0.0
2023-12-04 11:30:00-05:00,10.539999961853027,10.574999809265137,10.431400299072266,10.4399995803833,50524,0.0,0.0
2023-12-04 12:30:00-05:00,10.4399995803833,10.449999809265137,10.37399959564209,10.375,28884,0.0,0.0
2023-12-04 13:30:00-05:00,10.371600151062012,10.40999984741211,10.345000267028809,10.345000267028809,34031,0.0,0.0
2023-12-04 14:30:00-05:00,10.350000381469727,10.375,10.260000228881836,10.270000457763672,140396,0.0,0.0
2023-12-04 15:30:00-05:00,10.270000457763672,10.319999694824219,10.239999771118164,10.295000076293945,89689,0.0,0.0
2023-12-05 09:30:00-05:00,10.239999771118164,10.276399612426758,10.029999732971191,10.104999542236328,75714,0.0,0.0
2023-12-05 10:30:00-05:00,10.112299919128418,10.114999771118164,9.989999771118164,10.100099563598633,44080,0.0,0.0
2023-12-05 11:30:00-05:00,10.100000381469727,10.119999885559082,10.039999961853027,10.045000076293945,19287,0.0,0.0
2023-12-05 12:30:00-05:00,10.049799919128418,10.079999923706055,10.029999732971191,10.03499984741211,15951,0.0,0.0
2023-12-05 13:30:00-05:00,10.036399841308594,10.0600004196167,10.0,10.010000228881836,22641,0.0,0.0
2023-12-05 14:30:00-05:00,10.020000457763672,10.050000190734863,9.949999809265137,9.949999809265137,29031,0.0,0.0
2023-12-05 15:30:00-05:00,9.949999809265137,9.949999809265137,9.880000114440918,9.880999565124512,97712,0.0,0.0
2023-12-06 09:30:00-05:00,9.880000114440918,10.03499984741211,9.869999885559082,9.930000305175781,50444,0.0,0.0
2023-12-06 10:30:00-05:00,9.920000076293945,9.920000076293945,9.770000457763672,9.859999656677246,46700,0.0,0.0
2023-12-06 11:30:00-05:00,9.864999771118164,9.899999618530273,9.829999923706055,9.880000114440918,32567,0.0,0.0
2023-12-06 12:30:00-05:00,9.869999885559082,9.899999618530273,9.795000076293945,9.795000076293945,25565,0.0,0.0
2023-12-06 13:30:00-05:00,9.800000190734863,9.8149995803833,9.741299629211426,9.741299629211426,30214,0.0,0.0
2023-12-06 14:30:00-05:00,9.744999885559082,9.770000457763672,9.710000038146973,9.710000038146973,40987,0.0,0.0
2023-12-06 15:30:00-05:00,9.710000038146973,9.739999771118164,9.680000305175781,9.739999771118164,81186,0.0,0.0
2023-12-07 09:30:00-05:00,9.729999542236328,9.760000228881836,9.5600004196167,9.607999801635742,57442,0.0,0.0
2023-12-07 10:30:00-05:00,9.609999656677246,9.638400077819824,9.5,9.545000076293945,74101,0.0,0.0
2023-12-07 11:30:00-05:00,9.54699993133545,9.5600004196167,9.479999542236328,9.515000343322754,48630,0.0,0.0
2023-12-07 12:30:00-05:00,9.515000343322754,9.579999923706055,9.509400367736816,9.574999809265137,43864,0.0,0.0
2023-12-07 13:30:00-05:00,9.574999809265137,9.579999923706055,9.460000038146973,9.520000457763672,68829,0.0,0.0
2023-12-07 14:30:00-05:00,9.510000228881836,9.53499984741211,9.475000381469727,9.520000457763672,84646,0.0,0.0
2023-12-07 15:30:00-05:00,9.524999618530273,9.539999961853027,9.510000228881836,9.529999732971191,120826,0.0,0.0
2023-12-08 09:30:00-05:00,9.5600004196167,9.670000076293945,9.5600004196167,9.600000381469727,64851,0.0,0.0
2023-12-08 10:30:00-05:00,9.600000381469727,9.604999542236328,9.470000267028809,9.5,30916,0.0,0.0
2023-12-08 11:30:00-05:00,9.510000228881836,9.524999618530273,9.449999809265137,9.470000267028809,25699,0.0,0.0
2023-12-08 12:30:00-05:00,9.475000381469727,9.539999961853027,9.460000038146973,9.539999961853027,20702,0.0,0.0
2023-12-08 13:30:00-05:00,9.539999961853027,9.569999694824219,9.520000457763672,9.569999694824219,24014,0.0,0.0
2023-12-08 14:30:00-05:00,9.569999694824219,9.579999923706055,9.520000457763672,9.539999961853027,77493,0.0,0.0
2023-12-08 15:30:00-05:00,9.53499984741211,9.5600004196167,9.510000228881836,9.515000343322754,101845,0.0,0.0
2023-12-11 09:30:00-05:00,9.505000114440918,9.529999732971191,9.335000038146973,9.34000015258789,81617,0.0,0.0
2023-12-11 10:30:00-05:00,9.345999717712402,9.369999885559082,9.3100004196167,9.3100004196167,36050,0.0,0.0
2023-12-11 11:30:00-05:00,9.3149995803833,9.404999732971191,9.300000190734863,9.34000015258789,34936,0.0,0.0
2023-12-11 12:30:00-05:00,9.350000381469727,9.399999618530273,9.350000381469727,9.375,35796,0.0,0.0
2023-12-11 13:30:00-05:00,9.375,9.380000114440918,9.300000190734863,9.344099998474121,145319,0.0,0.0
2023-12-11 14:30:00-05:00,9.345000267028809,9.399999618530273,9.319999694824219,9.375,64707,0.0,0.0
2023-12-11 15:30:00-05:00,9.375,9.375,9.34000015258789,9.345000267028809,73388,0.0,0.0
2023-12-12 09:30:00-05:00,9.369999885559082,9.375,9.210000038146973,9.358599662780762,70863,0.0,0.0
2023-12-12 10:30:00-05:00,9.359999656677246,9.375,9.289999961853027,9.3100004196167,53968,0.0,0.0
2023-12-12 11:30:00-05:00,9.319999694824219,9.319999694824219,9.270000457763672,9.274999618530273,32817,0.0,0.0
2023-12-12 12:30:00-05:00,9.274999618530273,9.278900146484375,9.229999542236328,9.25,36117,0.0,0.0
2023-12-12 13:30:00-05:00,9.25,9.260000228881836,9.225000381469727,9.244999885559082,29720,0.0,0.0
2023-12-12 14:30:00-05:00,9.244999885559082,9.350000381469727,9.244999885559082,9.350000381469727,46647,0.0,0.0
2023-12-12 15:30:00-05:00,9.345000267028809,9.359999656677246,9.332500457763672,9.350000381469727,43978,0.0,0.0
2023-12-13 09:30:00-05:00,9.319999694824219,9.380000114440918,9.225000381469727,9.225000381469727,35413,0.0,0.0
2023-12-13 10:30:00-05:00,9.221099853515625,9.239899635314941,9.194999694824219,9.210000038146973,34062,0.0,0.0
2023-12-13 11:30:00-05:00,9.210000038146973,9.229999542236328,9.1899995803833,9.204999923706055,32448,0.0,0.0
2023-12-13 12:30:00-05:00,9.204999923706055,9.210000038146973,9.15999984741211,9.175000190734863,41934,0.0,0.0
2023-12-13 13:30:00-05:00,9.175000190734863,9.359999656677246,9.175000190734863,9.34000015258789,62153,0.0,0.0
2023-12-13 14:30:00-05:00,9.34000015258789,9.484999656677246,9.335000038146973,9.449999809265137,77549,0.0,0.0
2023-12-13 15:30:00-05:00,9.460000038146973,9.538999557495117,9.454999923706055,9.529999732971191,72166,0.0,0.0
2023-12-14 09:30:00-05:00,9.680000305175781,9.880000114440918,9.680000305175781,9.774999618530273,54517,0.0,0.0
2023-12-14 10:30:00-05:00,9.770500183105469,9.819999694824219,9.720000267028809,9.739999771118164,79017,0.0,0.0
2023-12-14 11:30:00-05:00,9.739999771118164,9.770999908447266,9.720000267028809,9.739999771118164,26561,0.0,0.0
2023-12-14 12:30:00-05:00,9.729999542236328,9.789999961853027,9.729999542236328,9.739999771118164,23884,0.0,0.0
2023-12-14 13:30:00-05:00,9.729999542236328,9.730999946594238,9.675000190734863,9.694999694824219,25496,0.0,0.0
2023-12-14 14:30:00-05:00,9.6899995803833,9.75,9.6850004196167,9.75,23318,0.0,0.0
2023-12-14 15:30:00-05:00,9.739999771118164,9.770000457763672,9.720000267028809,9.75,93580,0.0,0.0
2023-12-15 09:30:00-05:00,9.8100004196167,10.069999694824219,9.770000457763672,10.029999732971191,284876,0.0,0.0
2023-12-15 10:30:00-05:00,10.029999732971191,10.232000350952148,10.020000457763672,10.095000267028809,275120,0.0,0.0
2023-12-15 11:30:00-05:00,10.09000015258789,10.199999809265137,10.03499984741211,10.140000343322754,128254,0.0,0.0
2023-12-15 12:30:00-05:00,10.149999618530273,10.149999618530273,10.069999694824219,10.09000015258789,67636,0.0,0.0
2023-12-15 13:30:00-05:00,10.09000015258789,10.09000015258789,10.029999732971191,10.029999732971191,60850,0.0,0.0
2023-12-15 14:30:00-05:00,10.03499984741211,10.094099998474121,9.989999771118164,10.050000190734863,91446,0.0,0.0
2023-12-15 15:30:00-05:00,10.050000190734863,10.114999771118164,10.050000190734863,10.069999694824219,120244,0.0,0.0
2023-12-18 09:30:00-05:00,10.300000190734863,10.470000267028809,10.069999694824219,10.239999771118164,386177,0.0,0.0
2023-12-18 10:30:00-05:00,10.25,10.270000457763672,10.069999694824219,10.180000305175781,76676,0.0,0.0
2023-12-18 11:30:00-05:00,10.170100212097168,10.210000038146973,10.145000457763672,10.15999984741211,58773,0.0,0.0
2023-12-18 12:30:00-05:00,10.149999618530273,10.154999732971191,10.0600004196167,10.069999694824219,28707,0.0,0.0
2023-12-18 13:30:00-05:00,10.074999809265137,10.125,10.039999961853027,10.050000190734863,32683,0.0,0.0
2023-12-18 14:30:00-05:00,10.050000190734863,10.085000038146973,10.015000343322754,10.024999618530273,40004,0.0,0.0
2023-12-18 15:30:00-05:00,10.024999618530273,10.050000190734863,9.989999771118164,10.0,128261,0.0,0.0
2023-12-19 09:30:00-05:00,10.010000228881836,10.15999984741211,10.010000228881836,10.100000381469727,93907,0.0,0.0
2023-12-19 10:30:00-05:00,10.095000267028809,10.260000228881836,10.074999809265137,10.239999771118164,68010,0.0,0.0
2023-12-19 11:30:00-05:00,10.239999771118164,10.270000457763672,10.15999984741211,10.1899995803833,51526,0.0,0.0
2023-12-19 12:30:00-05:00,10.1899995803833,10.220000267028809,10.179900169372559,10.21500015258789,38264,0.0,0.0
2023-12-19 13:30:00-05:00,10.21500015258789,10.305000305175781,10.21500015258789,10.270000457763672,50813,0.0,0.0
2023-12-19 14:30:00-05:00,10.274999618530273,10.279999732971191,10.225000381469727,10.25,44295,0.0,0.0
2023-12-19 15:30:00-05:00,10.260000228881836,10.3100004196167,10.255000114440918,10.300000190734863,140498,0.0,0.0
2023-12-20 09:30:00-05:00,10.25,10.45199966430664,10.199999809265137,10.430000305175781,103144,0.0,0.0
2023-12-20 10:30:00-05:00,10.430000305175781,10.430000305175781,10.305000305175781,10.324999809265137,55884,0.0,0.0
2023-12-20 11:30:00-05:00,10.321200370788574,10.321200370788574,10.234999656677246,10.289999961853027,63649,0.0,0.0
2023-12-20 12:30:00-05:00,10.295000076293945,10.305000305175781,10.25,10.265000343322754,56425,0.0,0.0
2023-12-20 13:30:00-05:00,10.270000457763672,10.319999694824219,10.25,10.295000076293945,42937,0.0,0.0
2023-12-20 14:30:00-05:00,10.295000076293945,10.295000076293945,10.095000267028809,10.095000267028809,99940,0.0,0.0
2023-12-20 15:30:00-05:00,10.100000381469727,10.125,10.079999923706055,10.09000015258789,94377,0.0,0.0
2023-12-21 09:30:00-05:00,10.229999542236328,10.25,10.149999618530273,10.210000038146973,72555,0.0,0.0
2023-12-21 10:30:00-05:00,10.220000267028809,10.255999565124512,10.210000038146973,10.220000267028809,58957,0.0,0.0
2023-12-21 11:30:00-05:00,10.225000381469727,10.270000457763672,10.225000381469727,10.237500190734863,36344,0.0,0.0
2023-12-21 12:30:00-05:00,10.239999771118164,10.3100004196167,10.234999656677246,10.3100004196167,52334,0.0,0.0
2023-12-21 13:30:00-05:00,10.319499969482422,10.34000015258789,10.305000305175781,10.3100004196167,49543,0.0,0.0
2023-12-21 14:30:00-05:00,10.319999694824219,10.34000015258789,10.25,10.34000015258789,91731,0.0,0.0
2023-12-21 15:30:00-05:00,10.34000015258789,10.420000076293945,10.329999923706055,10.40999984741211,111515,0.0,0.0
2023-12-22 09:30:00-05:00,10.5,10.654999732971191,10.470000267028809,10.645600318908691,117440,0.0,0.0
2023-12-22 10:30:00-05:00,10.649999618530273,10.649999618530273,10.579999923706055,10.585000038146973,68253,0.0,0.0
2023-12-22 11:30:00-05:00,10.59000015258789,10.640000343322754,10.569999694824219,10.619999885559082,61328,0.0,0.0
2023-12-22 12:30:00-05:00,10.621299743652344,10.630000114440918,10.581000328063965,10.609999656677246,35365,0.0,0.0
2023-12-22 13:30:00-05:00,10.609999656677246,10.609999656677246,10.489999771118164,10.489999771118164,51637,0.0,0.0
2023-12-22 14:30:00-05:00,10.489999771118164,10.630000114440918,10.489999771118164,10.59000015258789,99116,0.0,0.0
2023-12-22 15:30:00-05:00,10.59000015258789,10.619999885559082,10.550000190734863,10.5600004196167,157823,0.0,0.0
2023-12-26 09:30:00-05:00,10.5600004196167,10.5600004196167,10.260000228881836,10.369999885559082,102555,0.0,0.0
2023-12-26 10:30:00-05:00,10.369999885559082,10.4399995803833,10.34000015258789,10.399999618530273,56568,0.0,0.0
2023-12-26 11:30:00-05:00,10.399999618530273,10.470000267028809,10.359999656677246,10.4399995803833,37421,0.0,0.0
2023-12-26 12:30:00-05:00,10.430000305175781,10.539999961853027,10.430000305175781,10.539999961853027,33006,0.0,0.0
2023-12-26 13:30:00-05:00,10.529999732971191,10.579999923706055,10.529999732971191,10.550000190734863,29240,0.0,0.0
2023-12-26 14:30:00-05:00,10.545000076293945,10.5600004196167,10.5,10.5600004196167,69453,0.0,0.0
2023-12-26 15:30:00-05:00,10.555000305175781,10.5600004196167,10.529999732971191,10.5600004196167,91373,0.0,0.0
2023-12-27 09:30:00-05:00,10.579999923706055,10.579999923706055,10.4399995803833,10.539999961853027,64595,0.0,0.0
2023-12-27 10:30:00-05:00,10.543999671936035,10.550000190734863,10.479999542236328,10.545000076293945,27004,0.0,0.0
2023-12-27 11:30:00-05:00,10.545000076293945,10.595000267028809,10.545000076293945,10.59000015258789,16452,0.0,0.0
2023-12-27 12:30:00-05:00,10.595000267028809,10.619999885559082,10.5649995803833,10.588700294494629,41433,0.0,0.0
2023-12-27 13:30:00-05:00,10.58650016784668,10.604999542236328,10.540900230407715,10.555000305175781,24627,0.0,0.0
2023-12-27 14:30:00-05:00,10.550000190734863,10.5649995803833,10.529999732971191,10.539999961853027,33646,0.0,0.0
2023-12-27 15:30:00-05:00,10.538999557495117,10.559200286865234,10.494999885559082,10.520000457763672,79375,0.0,0.0
2023-12-28 09:30:00-05:00,10.550000190734863,10.550000190734863,10.489999771118164,10.5,53455,0.0,0.0
2023-12-28 10:30:00-05:00,10.503999710083008,10.503999710083008,10.425000190734863,10.449999809265137,26859,0.0,0.0
2023-12-28 11:30:00-05:00,10.449999809265137,10.470000267028809,10.449700355529785,10.46090030670166,11766,0.0,0.0
2023-12-28 12:30:00-05:00,10.470000267028809,10.470000267028809,10.369999885559082,10.425000190734863,27678,0.0,0.0
2023-12-28 13:30:00-05:00,10.420000076293945,10.429900169372559,10.385000228881836,10.392499923706055,14499,0.0,0.0
2023-12-28 14:30:00-05:00,10.395000457763672,10.40250015258789,10.369999885559082,10.390000343322754,24717,0.0,0.0
2023-12-28 15:30:00-05:00,10.395000457763672,10.414999961853027,10.380000114440918,10.380000114440918,51097,0.0,0.0
2023-12-29 09:30:00-05:00,10.380000114440918,10.448200225830078,10.329999923706055,10.399999618530273,87299,0.0,0.0
2023-12-29 10:30:00-05:00,10.404999732971191,10.40999984741211,10.3149995803833,10.329999923706055,22875,0.0,0.0
2023-12-29 11:30:00-05:00,10.329999923706055,10.350000381469727,10.3100004196167,10.324999809265137,20662,0.0,0.0
2023-12-29 12:30:00-05:00,10.319999694824219,10.364999771118164,10.31350040435791,10.345000267028809,24174,0.0,0.0
2023-12-29 13:30:00-05:00,10.34000015258789,10.399999618530273,10.34000015258789,10.380000114440918,27274,0.0,0.0
2023-12-29 14:30:00-05:00,10.390000343322754,10.4399995803833,10.390000343322754,10.4350004196167,46444,0.0,0.0
2023-12-29 15:30:00-05:00,10.430000305175781,10.43649959564209,10.399999618530273,10.420000076293945,73991,0.0,0.0
2024-01-02 09:30:00-05:00,10.5,10.800000190734863,10.449999809265137,10.75,131405,0.0,0.0
2024-01-02 10:30:00-05:00,10.739999771118164,10.904999732971191,10.6899995803833,10.899999618530273,68640,0.0,0.0
2024-01-02 11:30:00-05:00,10.899999618530273,10.899999618530273,10.789999961853027,10.795000076293945,53599,0.0,0.0
2024-01-02 12:30:00-05:00,10.789999961853027,10.795000076293945,10.75,10.760000228881836,17988,0.0,0.0
2024-01-02 13:30:00-05:00,10.758299827575684,10.800100326538086,10.729999542236328,10.729999542236328,28826,0.0,0.0
2024-01-02 14:30:00-05:00,10.730999946594238,10.75,10.65999984741211,10.670000076293945,51576,0.0,0.0
2024-01-02 15:30:00-05:00,10.670000076293945,10.6899995803833,10.630000114440918,10.6850004196167,77394,0.0,0.0
2024-01-03 09:30:00-05:00,10.640000343322754,10.930000305175781,10.550000190734863,10.899999618530273,136556,0.0,0.0
2024-01-03 10:30:00-05:00,10.89169979095459,11.055000305175781,10.859999656677246,10.930000305175781,173176,0.0,0.0
2024-01-03 11:30:00-05:00,10.930000305175781,10.9375,10.869999885559082,10.890000343322754,54091,0.0,0.0
2024-01-03 12:30:00-05:00,10.890000343322754,11.029999732971191,10.864999771118164,11.015000343322754,74473,0.0,0.0
2024-01-03 13:30:00-05:00,11.010000228881836,11.0600004196167,10.920000076293945,10.970000267028809,60605,0.0,0.0
2024-01-03 14:30:00-05:00,10.970000267028809,10.979999542236328,10.84000015258789,10.890000343322754,64293,0.0,0.0
2024-01-03 15:30:00-05:00,10.885000228881836,10.914999961853027,10.880000114440918,10.895000457763672,97016,0.0,0.0
2024-01-04 09:30:00-05:00,11.0600004196167,11.164999961853027,11.039999961853027,11.070199966430664,113296,0.0,0.0
2024-01-04 10:30:00-05:00,11.076000213623047,11.154999732971191,11.069999694824219,11.125,58192,0.0,0.0
2024-01-04 11:30:00-05:00,11.114999771118164,11.130000114440918,11.0600004196167,11.100000381469727,60232,0.0,0.0
2024-01-04 12:30:00-05:00,11.09000015258789,11.09000015258789,11.0,11.050000190734863,54959,0.0,0.0
2024-01-04 13:30:00-05:00,11.059900283813477,11.15999984741211,11.057999610900879,11.130000114440918,74289,0.0,0.0
2024-01-04 14:30:00-05:00,11.130000114440918,11.154999732971191,11.067999839782715,11.095000267028809,51511,0.0,0.0
2024-01-04 15:30:00-05:00,11.095000267028809,11.119999885559082,11.085000038146973,11.119999885559082,91778,0.0,0.0
2024-01-05 09:30:00-05:00,11.09000015258789,11.390000343322754,11.039999961853027,11.368499755859375,141849,0.0,0.0
2024-01-05 10:30:00-05:00,11.369999885559082,11.420000076293945,11.319999694824219,11.380000114440918,71226,0.0,0.0
2024-01-05 11:30:00-05:00,11.380000114440918,11.425000190734863,11.350000381469727,11.414999961853027,62013,0.0,0.0
2024-01-05 12:30:00-05:00,11.40999984741211,11.479999542236328,11.350000381469727,11.399999618530273,76270,0.0,0.0
2024-01-05 13:30:00-05:00,11.399999618530273,11.414999961853027,11.34000015258789,11.387999534606934,53628,0.0,0.0
2024-01-05 14:30:00-05:00,11.380000114440918,11.380000114440918,11.255000114440918,11.274999618530273,84741,0.0,0.0
2024-01-05 15:30:00-05:00,11.27910041809082,11.375,11.270000457763672,11.350000381469727,102671,0.0,0.0
2024-01-08 09:30:00-05:00,11.140000343322754,11.26990032196045,10.859999656677246,11.09000015258789,237620,0.0,0.0
2024-01-08 10:30:00-05:00,11.109999656677246,11.109999656677246,11.039999961853027,11.09000015258789,55203,0.0,0.0
2024-01-08 11:30:00-05:00,11.09000015258789,11.15999984741211,11.039999961853027,11.119999885559082,38104,0.0,0.0
2024-01-08 12:30:00-05:00,11.119999885559082,11.149999618530273,11.050000190734863,11.0649995803833,51939,0.0,0.0
2024-01-08 13:30:00-05:00,11.0600004196167,11.130000114440918,11.039999961853027,11.104999542236328,39483,0.0,0.0
2024-01-08 14:30:00-05:00,11.109999656677246,11.119999885559082,11.050000190734863,11.074999809265137,45176,0.0,0.0
2024-01-08 15:30:00-05:00,11.074999809265137,11.100000381469727,11.0600004196167,11.081999778747559,73881,0.0,0.0
2024-01-09 09:30:00-05:00,11.010000228881836,11.010000228881836,10.750800132751465,10.781000137329102,111884,0.0,0.0
2024-01-09 10:30:00-05:00,10.789999961853027,10.8149995803833,10.72249984741211,10.765000343322754,36805,0.0,0.0
2024-01-09 11:30:00-05:00,10.770000457763672,10.770000457763672,10.720000267028809,10.760000228881836,32787,0.0,0.0
2024-01-09 12:30:00-05:00,10.760000228881836,10.795000076293945,10.75,10.765000343322754,34594,0.0,0.0
2024-01-09 13:30:00-05:00,10.760000228881836,10.770000457763672,10.734999656677246,10.734999656677246,28581,0.0,0.0
2024-01-09 14:30:00-05:00,10.734999656677246,10.760000228881836,10.690500259399414,10.755000114440918,53205,0.0,0.0
2024-01-09 15:30:00-05:00,10.755000114440918,10.779999732971191,10.739999771118164,10.744999885559082,102816,0.0,0.0
2024-01-10 09:30:00-05:00,10.760000228881836,10.989999771118164,10.760000228881836,10.989999771118164,81458,0.0,0.0
2024-01-10 10:30:00-05:00,10.984999656677246,11.020000457763672,10.890000343322754,10.914999961853027,126449,0.0,0.0
2024-01-10 11:30:00-05:00,10.90999984741211,10.90999984741211,10.779999732971191,10.789999961853027,36514,0.0,0.0
2024-01-10 12:30:00-05:00,10.789999961853027,10.8100004196167,10.75,10.770000457763672,35985,0.0,0.0
2024-01-10 13:30:00-05:00,10.770000457763672,10.829999923706055,10.765000343322754,10.8100004196167,34570,0.0,0.0
2024-01-10 14:30:00-05:00,10.8149995803833,10.850000381469727,10.760000228881836,10.760000228881836,77056,0.0,0.0
2024-01-10 15:30:00-05:00,10.760000228881836,10.789999961853027,10.720000267028809,10.789999961853027,85195,0.0,0.0
2024-01-11 09:30:00-05:00,10.75,10.75,10.630000114440918,10.6899995803833,111928,0.0,0.0
2024-01-11 10:30:00-05:00,10.697099685668945,10.71500015258789,10.59000015258789,10.614999771118164,22984,0.0,0.0
2024-01-11 11:30:00-05:00,10.609999656677246,10.679900169372559,10.604999542236328,10.649999618530273,17355,0.0,0.0
2024-01-11 12:30:00-05:00,10.649999618530273,10.720000267028809,10.640000343322754,10.710000038146973,15423,0.0,0.0
2024-01-11 13:30:00-05:00,10.704999923706055,10.744999885559082,10.680000305175781,10.744999885559082,16532,0.0,0.0
2024-01-11 14:30:00-05:00,10.744999885559082,10.8149995803833,10.729999542236328,10.765000343322754,58200,0.0,0.0
2024-01-11 15:30:00-05:00,10.760000228881836,10.770000457763672,10.744999885559082,10.765000343322754,41195,0.0,0.0
2024-01-12 09:30:00-05:00,10.949999809265137,10.989999771118164,10.824999809265137,10.845000267028809,108707,0.0,0.0
2024-01-12 10:30:00-05:00,10.84000015258789,10.84000015258789,10.75,10.789999961853027,43963,0.0,0.0
2024-01-12 11:30:00-05:00,10.78969955444336,10.789999961853027,10.717000007629395,10.765000343322754,45980,0.0,0.0
2024-01-12 12:30:00-05:00,10.770000457763672,10.779999732971191,10.739999771118164,10.75,55453,0.0,0.0
2024-01-12 13:30:00-05:00,10.734999656677246,10.805000305175781,10.734999656677246,10.774999618530273,23460,0.0,0.0
2024-01-12 14:30:00-05:00,10.779999732971191,10.779999732971191,10.694999694824219,10.729999542236328,29660,0.0,0.0
2024-01-12 15:30:00-05:00,10.729999542236328,10.739999771118164,10.704999923706055,10.729999542236328,36327,0.0,0.0
2024-01-16 09:30:00-05:00,10.800000190734863,10.857000350952148,10.710000038146973,10.857000350952148,87033,0.0,0.0
2024-01-16 10:30:00-05:00,10.859999656677246,11.024999618530273,10.850000381469727,10.899999618530273,126956,0.0,0.0
2024-01-16 11:30:00-05:00,10.899999618530273,10.930000305175781,10.835000038146973,10.890000343322754,52201,0.0,0.0
2024-01-16 12:30:00-05:00,10.890000343322754,10.939499855041504,10.850000381469727,10.895000457763672,54188,0.0,0.0
2024-01-16 13:30:00-05:00,10.895000457763672,10.9350004196167,10.8100004196167,10.864999771118164,46850,0.0,0.0
2024-01-16 14:30:00-05:00,10.859999656677246,10.899999618530273,10.850099563598633,10.869999885559082,28640,0.0,0.0
2024-01-16 15:30:00-05:00,10.880000114440918,10.920000076293945,10.864999771118164,10.90999984741211,62083,0.0,0.0
2024-01-17 09:30:00-05:00,10.75,10.954999923706055,10.609999656677246,10.925000190734863,166502,0.0,0.0
2024-01-17 10:30:00-05:00,10.920000076293945,10.989999771118164,10.809900283813477,10.949999809265137,121832,0.0,0.0
2024-01-17 11:30:00-05:00,10.944999694824219,11.010000228881836,10.944999694824219,10.994999885559082,44767,0.0,0.0
2024-01-17 12:30:00-05:00,10.989999771118164,10.994999885559082,10.9399995803833,10.967000007629395,28517,0.0,0.0
2024-01-17 13:30:00-05:00,10.960000038146973,10.96500015258789,10.899999618530273,10.954999923706055,34260,0.0,0.0
2024-01-17 14:30:00-05:00,10.960000038146973,10.979999542236328,10.930000305175781,10.9350004196167,38764,0.0,0.0
2024-01-17 15:30:00-05:00,10.930000305175781,10.989999771118164,10.920000076293945,10.970000267028809,77078,0.0,0.0
2024-01-18 09:30:00-05:00,11.079999923706055,11.180000305175781,10.930000305175781,11.170000076293945,105189,0.0,0.0
2024-01-18 10:30:00-05:00,11.173999786376953,11.194999694824219,11.079999923706055,11.130000114440918,58368,0.0,0.0
2024-01-18 11:30:00-05:00,11.125,11.140000343322754,11.050000190734863,11.053999900817871,25618,0.0,0.0
2024-01-18 12:30:00-05:00,11.055000305175781,11.055000305175781,11.010000228881836,11.029999732971191,22063,0.0,0.0
2024-01-18 13:30:00-05:00,11.029999732971191,11.128399848937988,11.029999732971191,11.119999885559082,32896,0.0,0.0
2024-01-18 14:30:00-05:00,11.12399959564209,11.140000343322754,11.09000015258789,11.109999656677246,39552,0.0,0.0
2024-01-18 15:30:00-05:00,11.119999885559082,11.15999984741211,11.109999656677246,11.15999984741211,45868,0.0,0.0
2024-01-19 09:30:00-05:00,11.109999656677246,11.109999656677246,10.90999984741211,10.979999542236328,104066,0.0,0.0
2024-01-19 10:30:00-05:00,10.975000381469727,11.079999923706055,10.975000381469727,11.055000305175781,43391,0.0,0.0
2024-01-19 11:30:00-05:00,11.0600004196167,11.109999656677246,11.020000457763672,11.109999656677246,32189,0.0,0.0
2024-01-19 12:30:00-05:00,11.109999656677246,11.130000114440918,11.079999923706055,11.130000114440918,44472,0.0,0.0
2024-01-19 13:30:00-05:00,11.130000114440918,11.140000343322754,11.045000076293945,11.069999694824219,66626,0.0,0.0
2024-01-19 14:30:00-05:00,11.079899787902832,11.079899787902832,10.979999542236328,11.005000114440918,77505,0.0,0.0
2024-01-19 15:30:00-05:00,11.005000114440918,11.015000343322754,10.949999809265137,10.970000267028809,116818,0.0,0.0
2024-01-22 09:30:00-05:00,10.970000267028809,11.0,10.899999618530273,10.994999885559082,90080,0.0,0.0
2024-01-22 10:30:00-05:00,10.994000434875488,11.020000457763672,10.930000305175781,10.979999542236328,92361,0.0,0.0
2024-01-22 11:30:00-05:00,10.984999656677246,10.989999771118164,10.960000038146973,10.960000038146973,24851,0.0,0.0
2024-01-22 12:30:00-05:00,10.95989990234375,10.979999542236328,10.904000282287598,10.904000282287598,31805,0.0,0.0
2024-01-22 13:30:00-05:00,10.904999732971191,10.9399995803833,10.899999618530273,10.920000076293945,30860,0.0,0.0
2024-01-22 14:30:00-05:00,10.930000305175781,10.944999694824219,10.84000015258789,10.859999656677246,109814,0.0,0.0
2024-01-22 15:30:00-05:00,10.864999771118164,10.869999885559082,10.805000305175781,10.829999923706055,76228,0.0,0.0
2024-01-23 09:30:00-05:00,10.859999656677246,10.880000114440918,10.755000114440918,10.760000228881836,63566,0.0,0.0
2024-01-23 10:30:00-05:00,10.770000457763672,10.779999732971191,10.675000190734863,10.770000457763672,70456,0.0,0.0
2024-01-23 11:30:00-05:00,10.779999732971191,10.8100004196167,10.765000343322754,10.779500007629395,62196,0.0,0.0
2024-01-23 12:30:00-05:00,10.779999732971191,10.819999694824219,10.760000228881836,10.819999694824219,44015,0.0,0.0
2024-01-23 13:30:00-05:00,10.819999694824219,10.824999809265137,10.75,10.760000228881836,59500,0.0,0.0
2024-01-23 14:30:00-05:00,10.765000343322754,10.827500343322754,10.76099967956543,10.779999732971191,59456,0.0,0.0
2024-01-23 15:30:00-05:00,10.779999732971191,10.789999961853027,10.710000038146973,10.710000038146973,142818,0.0,0.0
2024-01-24 09:30:00-05:00,10.890000343322754,11.020000457763672,10.8100004196167,11.020000457763672,69809,0.0,0.0
2024-01-24 10:30:00-05:00,11.020000457763672,11.155900001525879,10.994999885559082,11.135000228881836,49834,0.0,0.0
2024-01-24 11:30:00-05:00,11.135000228881836,11.15999984741211,11.119999885559082,11.130000114440918,36780,0.0,0.0
2024-01-24 12:30:00-05:00,11.119999885559082,11.119999885559082,10.949999809265137,10.954999923706055,143390,0.0,0.0
2024-01-24 13:30:00-05:00,10.949999809265137,11.039999961853027,10.9350004196167,11.0,50087,0.0,0.0
2024-01-24 14:30:00-05:00,11.010000228881836,11.045000076293945,10.970000267028809,10.970000267028809,47613,0.0,0.0
2024-01-24 15:30:00-05:00,10.975000381469727,11.09000015258789,10.975000381469727,11.09000015258789,93662,0.0,0.0
2024-01-25 09:30:00-05:00,11.149999618530273,11.149999618530273,10.90999984741211,10.920000076293945,113257,0.0,0.0
2024-01-25 10:30:00-05:00,10.920499801635742,10.920499801635742,10.84000015258789,10.859999656677246,50200,0.0,0.0
2024-01-25 11:30:00-05:00,10.859399795532227,10.904999732971191,10.854999542236328,10.860099792480469,25204,0.0,0.0
2024-01-25 12:30:00-05:00,10.859999656677246,10.859999656677246,10.784500122070312,10.78499984741211,36516,0.0,0.0
2024-01-25 13:30:00-05:00,10.789899826049805,10.895000457763672,10.789899826049805,10.880000114440918,46946,0.0,0.0
2024-01-25 14:30:00-05:00,10.875,10.90999984741211,10.845000267028809,10.875,51376,0.0,0.0
2024-01-25 15:30:00-05:00,10.875,10.989999771118164,10.870499610900879,10.989999771118164,104528,0.0,0.0
2024-01-26 09:30:00-05:00,11.069999694824219,11.085000038146973,10.890000343322754,10.890000343322754,81464,0.0,0.0
2024-01-26 10:30:00-05:00,10.899999618530273,10.90999984741211,10.819999694824219,10.827699661254883,29805,0.0,0.0
2024-01-26 11:30:00-05:00,10.819999694824219,10.845000267028809,10.759900093078613,10.78499984741211,32236,0.0,0.0
2024-01-26 12:30:00-05:00,10.78499984741211,10.819999694824219,10.75,10.819999694824219,56735,0.0,0.0
2024-01-26 13:30:00-05:00,10.819999694824219,10.895000457763672,10.8100004196167,10.890999794006348,26599,0.0,0.0
2024-01-26 14:30:00-05:00,10.899999618530273,10.902299880981445,10.880000114440918,10.885000228881836,44604,0.0,0.0
2024-01-26 15:30:00-05:00,10.885000228881836,10.904999732971191,10.869999885559082,10.880000114440918,73279,0.0,0.0
2024-01-29 09:30:00-05:00,10.890000343322754,11.03969955444336,10.734999656677246,10.734999656677246,127914,0.0,0.0
2024-01-29 10:30:00-05:00,10.739999771118164,10.8100004196167,10.725000381469727,10.800000190734863,86490,0.0,0.0
2024-01-29 11:30:00-05:00,10.800000190734863,10.84000015258789,10.75,10.800000190734863,40088,0.0,0.0
2024-01-29 12:30:00-05:00,10.800000190734863,10.819999694824219,10.770000457763672,10.789999961853027,38256,0.0,0.0
2024-01-29 13:30:00-05:00,10.789999961853027,10.800000190734863,10.739999771118164,10.760000228881836,22520,0.0,0.0
2024-01-29 14:30:00-05:00,10.760000228881836,10.779999732971191,10.720000267028809,10.774999618530273,55077,0.0,0.0
2024-01-29 15:30:00-05:00,10.779999732971191,10.789999961853027,10.75,10.770000457763672,65912,0.0,0.0
2024-01-30 09:30:00-05:00,10.710000038146973,10.899999618530273,10.6899995803833,10.899999618530273,98252,0.0,0.0
2024-01-30 10:30:00-05:00,10.899999618530273,10.9350004196167,10.882399559020996,10.882399559020996,35967,0.0,0.0
2024-01-30 11:30:00-05:00,10.890000343322754,10.975000381469727,10.890000343322754,10.970000267028809,29415,0.0,0.0
2024-01-30 12:30:00-05:00,10.96500015258789,11.010000228881836,10.9350004196167,11.0,33746,0.0,0.0
2024-01-30 13:30:00-05:00,10.998000144958496,11.050000190734863,10.984999656677246,11.029999732971191,34060,0.0,0.0
2024-01-30 14:30:00-05:00,11.020000457763672,11.0600004196167,10.994999885559082,11.015000343322754,65808,0.0,0.0
2024-01-30 15:30:00-05:00,11.015000343322754,11.050000190734863,10.994999885559082,11.024999618530273,67015,0.0,0.0
2024-01-31 09:30:00-05:00,10.979999542236328,11.010000228881836,10.890000343322754,10.90999984741211,62606,0.0,0.0
2024-01-31 10:30:00-05:00,10.90999984741211,10.90999984741211,10.850000381469727,10.850000381469727,41962,0.0,0.0
2024-01-31 11:30:00-05:00,10.859999656677246,10.899999618530273,10.829999923706055,10.89009952545166,22034,0.0,0.0
2024-01-31 12:30:00-05:00,10.890000343322754,10.9399995803833,10.880000114440918,10.880200386047363,17042,0.0,0.0
2024-01-31 13:30:00-05:00,10.890000343322754,10.890000343322754,10.84000015258789,10.850000381469727,30595,0.0,0.0
2024-01-31 14:30:00-05:00,10.84000015258789,10.90999984741211,10.739999771118164,10.800000190734863,67441,0.0,0.0
2024-01-31 15:30:00-05:00,10.8100004196167,10.8100004196167,10.699999809265137,10.699999809265137,126613,0.0,0.0
2024-02-01 09:30:00-05:00,10.829999923706055,10.869999885559082,10.774999618530273,10.84000015258789,62242,0.0,0.0
2024-02-01 10:30:00-05:00,10.850000381469727,10.859999656677246,10.6850004196167,10.744999885559082,40423,0.0,0.0
2024-02-01 11:30:00-05:00,10.75,10.800000190734863,10.739999771118164,10.789999961853027,21346,0.0,0.0
2024-02-01 12:30:00-05:00,10.789999961853027,10.79990005493164,10.321000099182129,10.529999732971191,270989,0.0,0.0
2024-02-01 13:30:00-05:00,10.529999732971191,10.640000343322754,10.524999618530273,10.569999694824219,94008,0.0,0.0
2024-02-01 14:30:00-05:00,10.555000305175781,10.585000038146973,10.517999649047852,10.524999618530273,48488,0.0,0.0
2024-02-01 15:30:00-05:00,10.524999618530273,10.53499984741211,10.5,10.520000457763672,72272,0.0,0.0
2024-02-02 09:30:00-05:00,10.510000228881836,10.520000457763672,10.26509952545166,10.40999984741211,105161,0.0,0.0
2024-02-02 10:30:00-05:00,10.413999557495117,10.479999542236328,10.390000343322754,10.460000038146973,53411,0.0,0.0
2024-02-02 11:30:00-05:00,10.470000267028809,10.489999771118164,10.4399995803833,10.449999809265137,30863,0.0,0.0
2024-02-02 12:30:00-05:00,10.460000038146973,10.47249984741211,10.404999732971191,10.449999809265137,29945,0.0,0.0
2024-02-02 13:30:00-05:00,10.449999809265137,10.449999809265137,10.409000396728516,10.40999984741211,21938,0.0,0.0
2024-02-02 14:30:00-05:00,10.420000076293945,10.4399995803833,10.369999885559082,10.369999885559082,56272,0.0,0.0
2024-02-02 15:30:00-05:00,10.369999885559082,10.369999885559082,10.329999923706055,10.350000381469727,59125,0.0,0.0
2024-02-05 09:30:00-05:00,10.3100004196167,10.359999656677246,10.149999618530273,10.210000038146973,77252,0.0,0.0
2024-02-05 10:30:00-05:00,10.210000038146973,10.25,10.199999809265137,10.199999809265137,29132,0.0,0.0
2024-02-05 11:30:00-05:00,10.199999809265137,10.249500274658203,10.175000190734863,10.1850004196167,41327,0.0,0.0
2024-02-05 12:30:00-05:00,10.1899995803833,10.234999656677246,10.135000228881836,10.229999542236328,71787,0.0,0.0
2024-02-05 13:30:00-05:00,10.229999542236328,10.279999732971191,10.229999542236328,10.274999618530273,15909,0.0,0.0
2024-02-05 14:30:00-05:00,10.279999732971191,10.305000305175781,10.25,10.288299560546875,35919,0.0,0.0
2024-02-05 15:30:00-05:00,10.282500267028809,10.319999694824219,10.279999732971191,10.279999732971191,74233,0.0,0.0
2024-02-06 09:30:00-05:00,10.319999694824219,10.619999885559082,10.289999961853027,10.520000457763672,149192,0.0,0.0
2024-02-06 10:30:00-05:00,10.524999618530273,10.539999961853027,10.444999694824219,10.460000038146973,38205,0.0,0.0
2024-02-06 11:30:00-05:00,10.460000038146973,10.520000457763672,10.460000038146973,10.460000038146973,43580,0.0,0.0
2024-02-06 12:30:00-05:00,10.449999809265137,10.510000228881836,10.420000076293945,10.420000076293945,34700,0.0,0.0
2024-02-06 13:30:00-05:00,10.4350004196167,10.489999771118164,10.40999984741211,10.4350004196167,37525,0.0,0.0
2024-02-06 14:30:00-05:00,10.430000305175781,10.470000267028809,10.395000457763672,10.404999732971191,51566,0.0,0.0
2024-02-06 15:30:00-05:00,10.404999732971191,10.460000038146973,10.395000457763672,10.414999961853027,84410,0.0,0.0
2024-02-07 09:30:00-05:00,10.6899995803833,10.869999885559082,10.4399995803833,10.830100059509277,272103,0.0,0.0
2024-02-07 10:30:00-05:00,10.84000015258789,10.920000076293945,10.800000190734863,10.869999885559082,110954,0.0,0.0
2024-02-07 11:30:00-05:00,10.869999885559082,10.930000305175781,10.794699668884277,10.795000076293945,102223,0.0,0.0
2024-02-07 12:30:00-05:00,10.800000190734863,10.979999542236328,10.734999656677246,10.970000267028809,82565,0.0,0.0
2024-02-07 13:30:00-05:00,10.975000381469727,11.020000457763672,10.90999984741211,10.949999809265137,72426,0.0,0.0
2024-02-07 14:30:00-05:00,10.942000389099121,10.961999893188477,10.79800033569336,10.819999694824219,145388,0.0,0.0
2024-02-07 15:30:00-05:00,10.8149995803833,10.920000076293945,10.779999732971191,10.90999984741211,111301,0.0,0.0
2024-02-08 09:30:00-05:00,10.880000114440918,10.989999771118164,10.635000228881836,10.800000190734863,198376,0.0,0.0
2024-02-08 10:30:00-05:00,10.800000190734863,10.914999961853027,10.789999961853027,10.819999694824219,75039,0.0,0.0
2024-02-08 11:30:00-05:00,10.819999694824219,10.90999984741211,10.789999961853027,10.869999885559082,78663,0.0,0.0
2024-02-08 12:30:00-05:00,10.864999771118164,10.989999771118164,10.800000190734863,10.989999771118164,110954,0.0,0.0
2024-02-08 13:30:00-05:00,10.979999542236328,11.09000015258789,10.979999542236328,11.050000190734863,83552,0.0,0.0
2024-02-08 14:30:00-05:00,11.0600004196167,11.0600004196167,10.949999809265137,10.954999923706055,76900,0.0,0.0
2024-02-08 15:30:00-05:00,10.954999923706055,11.010000228881836,10.954999923706055,11.010000228881836,112561,0.0,0.0
2024-02-09 09:30:00-05:00,11.029999732971191,11.140000343322754,10.949999809265137,10.994999885559082,90519,0.0,0.0
2024-02-09 10:30:00-05:00,11.005000114440918,11.005000114440918,10.9399995803833,10.960000038146973,35565,0.0,0.0
2024-02-09 11:30:00-05:00,10.960000038146973,10.975000381469727,10.890000343322754,10.895000457763672,34380,0.0,0.0
2024-02-09 12:30:00-05:00,10.899999618530273,10.954999923706055,10.890199661254883,10.954999923706055,41790,0.0,0.0
2024-02-09 13:30:00-05:00,10.954999923706055,10.954999923706055,10.904999732971191,10.9399995803833,27833,0.0,0.0
2024-02-09 14:30:00-05:00,10.949999809265137,11.020000457763672,10.899999618530273,11.010000228881836,67823,0.0,0.0
2024-02-09 15:30:00-05:00,11.010000228881836,11.100000381469727,11.0,11.09000015258789,189172,0.0,0.0
2024-02-12 09:30:00-05:00,11.149999618530273,11.46500015258789,11.119999885559082,11.451199531555176,125101,0.0,0.0
2024-02-12 10:30:00-05:00,11.449999809265137,11.529999732971191,11.40999984741211,11.515000343322754,88848,0.0,0.0
2024-02-12 11:30:00-05:00,11.520000457763672,11.645000457763672,11.520000457763672,11.625,57658,0.0,0.0
2024-02-12 12:30:00-05:00,11.630000114440918,11.630000114440918,11.529999732971191,11.622200012207031,56115,0.0,0.0
2024-02-12 13:30:00-05:00,11.619999885559082,11.645000457763672,11.569999694824219,11.609999656677246,62218,0.0,0.0
2024-02-12 14:30:00-05:00,11.609999656677246,11.649999618530273,11.579999923706055,11.604999542236328,57990,0.0,0.0
2024-02-12 15:30:00-05:00,11.604999542236328,11.630000114440918,11.569999694824219,11.569999694824219,103786,0.0,0.0
2024-02-13 09:30:00-05:00,11.399999618530273,11.399999618530273,11.220000267028809,11.3100004196167,83551,0.0,0.0
2024-02-13 10:30:00-05:00,11.289999961853027,11.34000015258789,11.194999694824219,11.194999694824219,56499,0.0,0.0
2024-02-13 11:30:00-05:00,11.194999694824219,11.225000381469727,11.125,11.180000305175781,68616,0.0,0.0
2024-02-13 12:30:00-05:00,11.180000305175781,11.270000457763672,11.15999984741211,11.270000457763672,36024,0.0,0.0
2024-02-13 13:30:00-05:00,11.260000228881836,11.279999732971191,11.149999618530273,11.210000038146973,61185,0.0,0.0
2024-02-13 14:30:00-05:00,11.199999809265137,11.204999923706055,11.050000190734863,11.069999694824219,67938,0.0,0.0
2024-02-13 15:30:00-05:00,11.0649995803833,11.149999618530273,11.0649995803833,11.149999618530273,117898,0.0,0.0
2024-02-14 09:30:00-05:00,11.220000267028809,11.229999542236328,11.020000457763672,11.045000076293945,124685,0.0,0.0
2024-02-14 10:30:00-05:00,11.039999961853027,11.069999694824219,10.975000381469727,11.069999694824219,63702,0.0,0.0
2024-02-14 11:30:00-05:00,11.071900367736816,11.079099655151367,10.979999542236328,11.049200057983398,46261,0.0,0.0
2024-02-14 12:30:00-05:00,11.039999961853027,11.055000305175781,10.989999771118164,10.994999885559082,34965,0.0,0.0
2024-02-14 13:30:00-05:00,11.005000114440918,11.029999732971191,10.930000305175781,11.024999618530273,49800,0.0,0.0
2024-02-14 14:30:00-05:00,11.020000457763672,11.09000015258789,11.015000343322754,11.0600004196167,52729,0.0,0.0
2024-02-14 15:30:00-05:00,11.055000305175781,11.140000343322754,11.050000190734863,11.130000114440918,104754,0.0,0.0
2024-02-15 09:30:00-05:00,11.140000343322754,11.300000190734863,11.109999656677246,11.248100280761719,52004,0.0,0.0
2024-02-15 10:30:00-05:00,11.229999542236328,11.239999771118164,11.140000343322754,11.170000076293945,31756,0.0,0.0
2024-02-15 11:30:00-05:00,11.170000076293945,11.279999732971191,11.168399810791016,11.279999732971191,27419,0.0,0.0
2024-02-15 12:30:00-05:00,11.270000457763672,11.289999961853027,11.260000228881836,11.28499984741211,21907,0.0,0.0
2024-02-15 13:30:00-05:00,11.279999732971191,11.305000305175781,11.260000228881836,11.279999732971191,35144,0.0,0.0
2024-02-15 14:30:00-05:00,11.279999732971191,11.300000190734863,11.210000038146973,11.241999626159668,42718,0.0,0.0
2024-02-15 15:30:00-05:00,11.25,11.278800010681152,11.220000267028809,11.220000267028809,72654,0.0,0.0
2024-02-16 09:30:00-05:00,11.289999961853027,11.329999923706055,11.119999885559082,11.199999809265137,70721,0.0,0.0
2024-02-16 10:30:00-05:00,11.170000076293945,11.1899995803833,11.11400032043457,11.159899711608887,39916,0.0,0.0
2024-02-16 11:30:00-05:00,11.15999984741211,11.180000305175781,11.130000114440918,11.149999618530273,17796,0.0,0.0
2024-02-16 12:30:00-05:00,11.164999961853027,11.164999961853027,11.070500373840332,11.125,31885,0.0,0.0
2024-02-16 13:30:00-05:00,11.125,11.225000381469727,11.104999542236328,11.225000381469727,38927,0.0,0.0
2024-02-16 14:30:00-05:00,11.225000381469727,11.225000381469727,11.180000305175781,11.1899995803833,38507,0.0,0.0
2024-02-16 15:30:00-05:00,11.1899995803833,11.194999694824219,11.119999885559082,11.145000457763672,62946,0.0,0.0
2024-02-20 09:30:00-05:00,11.020000457763672,11.104999542236328,10.90999984741211,11.0600004196167,73688,0.0,0.0
2024-02-20 10:30:00-05:00,11.050000190734863,11.050000190734863,10.989999771118164,11.03499984741211,30150,0.0,0.0
2024-02-20 11:30:00-05:00,11.029999732971191,11.029999732971191,10.949999809265137,10.949999809265137,27916,0.0,0.0
2024-02-20 12:30:00-05:00,10.9399995803833,10.944999694824219,10.906299591064453,10.930100440979004,16307,0.0,0.0
2024-02-20 13:30:00-05:00,10.9399995803833,10.9399995803833,10.899999618530273,10.914999961853027,27800,0.0,0.0
2024-02-20 14:30:00-05:00,10.930000305175781,10.979999542236328,10.925000190734863,10.96500015258789,22723,0.0,0.0
2024-02-20 15:30:00-05:00,10.960000038146973,10.960000038146973,10.859999656677246,10.869999885559082,121467,0.0,0.0
2024-02-21 09:30:00-05:00,10.869999885559082,11.03499984741211,10.8100004196167,11.029999732971191,56973,0.0,0.0
2024-02-21 10:30:00-05:00,11.029999732971191,11.09000015258789,11.029999732971191,11.079999923706055,26294,0.0,0.0
2024-02-21 11:30:00-05:00,11.074999809265137,11.090100288391113,11.009099960327148,11.029999732971191,54455,0.0,0.0
2024-02-21 12:30:00-05:00,11.029999732971191,11.074999809265137,11.024999618530273,11.050000190734863,38147,0.0,0.0
2024-02-21 13:30:00-05:00,11.050000190734863,11.055000305175781,11.0,11.010000228881836,43408,0.0,0.0
2024-02-21 14:30:00-05:00,11.015000343322754,11.039999961853027,10.979999542236328,11.020000457763672,34105,0.0,0.0
2024-02-21 15:30:00-05:00,11.020000457763672,11.100000381469727,11.020000457763672,11.09000015258789,77673,0.0,0.0
2024-02-22 09:30:00-05:00,11.069999694824219,11.130000114440918,10.955599784851074,11.119500160217285,80087,0.0,0.0
2024-02-22 10:30:00-05:00,11.119999885559082,11.170000076293945,11.095000267028809,11.121000289916992,45575,0.0,0.0
2024-02-22 11:30:00-05:00,11.125,11.15999984741211,11.074999809265137,11.074999809265137,47248,0.0,0.0
2024-02-22 12:30:00-05:00,11.079999923706055,11.119999885559082,11.039799690246582,11.119999885559082,42695,0.0,0.0
2024-02-22 13:30:00-05:00,11.125,11.170000076293945,11.104000091552734,11.14009952545166,49644,0.0,0.0
2024-02-22 14:30:00-05:00,11.140000343322754,11.145000457763672,11.062000274658203,11.074999809265137,84835,0.0,0.0
2024-02-22 15:30:00-05:00,11.074999809265137,11.140000343322754,11.0600004196167,11.140000343322754,85026,0.0,0.0
2024-02-23 09:30:00-05:00,11.180000305175781,11.225000381469727,11.045000076293945,11.170000076293945,82802,0.0,0.0
2024-02-23 10:30:00-05:00,11.15999984741211,11.210000038146973,11.130499839782715,11.1899995803833,42539,0.0,0.0
2024-02-23 11:30:00-05:00,11.1899995803833,11.349900245666504,11.1899995803833,11.319999694824219,42561,0.0,0.0
2024-02-23 12:30:00-05:00,11.3149995803833,11.324999809265137,11.279999732971191,11.3100004196167,30057,0.0,0.0
2024-02-23 13:30:00-05:00,11.305000305175781,11.354999542236328,11.305000305175781,11.330100059509277,31376,0.0,0.0
2024-02-23 14:30:00-05:00,11.335000038146973,11.350000381469727,11.3149995803833,11.324999809265137,34337,0.0,0.0
2024-02-23 15:30:00-05:00,11.324999809265137,11.380000114440918,11.324999809265137,11.345000267028809,84476,0.0,0.0
2024-02-26 09:30:00-05:00,11.34000015258789,11.399999618530273,11.210000038146973,11.234999656677246,71209,0.0,0.0
2024-02-26 10:30:00-05:00,11.229999542236328,11.329999923706055,11.14009952545166,11.289999961853027,63422,0.0,0.0
2024-02-26 11:30:00-05:00,11.289999961853027,11.395000457763672,11.270000457763672,11.380000114440918,62089,0.0,0.0
2024-02-26 12:30:00-05:00,11.380000114440918,11.40999984741211,11.350000381469727,11.359999656677246,41244,0.0,0.0
2024-02-26 13:30:00-05:00,11.359999656677246,11.375,11.332500457763672,11.359999656677246,19464,0.0,0.0
2024-02-26 14:30:00-05:00,11.359999656677246,11.40999984741211,11.34000015258789,11.395000457763672,42238,0.0,0.0
2024-02-26 15:30:00-05:00,11.399999618530273,11.414999961853027,11.380000114440918,11.40999984741211,67040,0.0,0.0
2024-02-27 09:30:00-05:00,11.399999618530273,11.654999732971191,11.354999542236328,11.604999542236328,88503,0.0,0.0
2024-02-27 10:30:00-05:00,11.600000381469727,11.65999984741211,11.5600004196167,11.600000381469727,34562,0.0,0.0
2024-02-27 11:30:00-05:00,11.600000381469727,11.600000381469727,11.515000343322754,11.569199562072754,27028,0.0,0.0
2024-02-27 12:30:00-05:00,11.569999694824219,11.579999923706055,11.515000343322754,11.520000457763672,48369,0.0,0.0
2024-02-27 13:30:00-05:00,11.520000457763672,11.574999809265137,11.515000343322754,11.539999961853027,47217,0.0,0.0
2024-02-27 14:30:00-05:00,11.53499984741211,11.5600004196167,11.515000343322754,11.539999961853027,38974,0.0,0.0
2024-02-27 15:30:00-05:00,11.539999961853027,11.5600004196167,11.510000228881836,11.520000457763672,72469,0.0,0.0
2024-02-28 09:30:00-05:00,11.479999542236328,11.765000343322754,11.479999542236328,11.550000190734863,60049,0.0,0.0
2024-02-28 10:30:00-05:00,11.550000190734863,11.5600004196167,11.40999984741211,11.449999809265137,43218,0.0,0.0
2024-02-28 11:30:00-05:00,11.454999923706055,11.539999961853027,11.4399995803833,11.510000228881836,51058,0.0,0.0
2024-02-28 12:30:00-05:00,11.510000228881836,11.510000228881836,11.444999694824219,11.470000267028809,55862,0.0,0.0
2024-02-28 13:30:00-05:00,11.479999542236328,11.489999771118164,11.444999694824219,11.460000038146973,52501,0.0,0.0
2024-02-28 14:30:00-05:00,11.460000038146973,11.524999618530273,11.449999809265137,11.489999771118164,148343,0.0,0.0
2024-02-28 15:30:00-05:00,11.489999771118164,11.520000457763672,11.484999656677246,11.510000228881836,58539,0.0,0.0
2024-02-29 09:30:00-05:00,11.619999885559082,11.630000114440918,11.520000457763672,11.5600004196167,27991,0.0,0.0
2024-02-29 10:30:00-05:00,11.5600004196167,11.59000015258789,11.461000442504883,11.461000442504883,31549,0.0,0.0
2024-02-29 11:30:00-05:00,11.460000038146973,11.460000038146973,11.404999732971191,11.420000076293945,27529,0.0,0.0
2024-02-29 12:30:00-05:00,11.414999961853027,11.414999961853027,11.335000038146973,11.335000038146973,33790,0.0,0.0
2024-02-29 13:30:00-05:00,11.344599723815918,11.350000381469727,11.3100004196167,11.324999809265137,27094,0.0,0.0
2024-02-29 14:30:00-05:00,11.324999809265137,11.369999885559082,11.300000190734863,11.364999771118164,20738,0.0,0.0
2024-02-29 15:30:00-05:00,11.359999656677246,11.40999984741211,11.345000267028809,11.369999885559082,46770,0.0,0.0
2024-03-01 09:30:00-05:00,11.40999984741211,11.59000015258789,11.369999885559082,11.550100326538086,60143,0.0,0.0
2024-03-01 10:30:00-05:00,11.559900283813477,11.630000114440918,11.520000457763672,11.595000267028809,44708,0.0,0.0
2024-03-01 11:30:00-05:00,11.59000015258789,11.625,11.579999923706055,11.579999923706055,49514,0.0,0.0
2024-03-01 12:30:00-05:00,11.579999923706055,11.595000267028809,11.524999618530273,11.595000267028809,24757,0.0,0.0
2024-03-01 13:30:00-05:00,11.595000267028809,11.614999771118164,11.569999694824219,11.595000267028809,18955,0.0,0.0
2024-03-01 14:30:00-05:00,11.600000381469727,11.600000381469727,11.529999732971191,11.529999732971191,26615,0.0,0.0
2024-03-01 15:30:00-05:00,11.529999732971191,11.550000190734863,11.489999771118164,11.489999771118164,72523,0.0,0.0
2024-03-04 09:30:00-05:00,11.529999732971191,11.529999732971191,11.029999732971191,11.15999984741211,102831,0.0,0.0
2024-03-04 10:30:00-05:00,11.157999992370605,11.210000038146973,11.09000015258789,11.109999656677246,61614,0.0,0.0
2024-03-04 11:30:00-05:00,11.125,11.170000076293945,11.0649995803833,11.15999984741211,46228,0.0,0.0
2024-03-04 12:30:00-05:00,11.15999984741211,11.210000038146973,11.109999656677246,11.204999923706055,29927,0.0,0.0
2024-03-04 13:30:00-05:00,11.204999923706055,11.204999923706055,11.055000305175781,11.0600004196167,32504,0.0,0.0
2024-03-04 14:30:00-05:00,11.079999923706055,11.114999771118164,11.045000076293945,11.050000190734863,52090,0.0,0.0
2024-03-04 15:30:00-05:00,11.059900283813477,11.074999809265137,10.970000267028809,10.975000381469727,90201,0.0,0.0
2024-03-05 09:30:00-05:00,10.960000038146973,11.234999656677246,10.960000038146973,11.170000076293945,90609,0.0,0.0
2024-03-05 10:30:00-05:00,11.170000076293945,11.244999885559082,11.170000076293945,11.239999771118164,38043,0.0,0.0
2024-03-05 11:30:00-05:00,11.244999885559082,11.244999885559082,11.175000190734863,11.229999542236328,27862,0.0,0.0
2024-03-05 12:30:00-05:00,11.229999542236328,11.239999771118164,11.199999809265137,11.204999923706055,25407,0.0,0.0
2024-03-05 13:30:00-05:00,11.210000038146973,11.229999542236328,11.164999961853027,11.170000076293945,33260,0.0,0.0
2024-03-05 14:30:00-05:00,11.175000190734863,11.175000190734863,11.125,11.149999618530273,49276,0.0,0.0
2024-03-05 15:30:00-05:00,11.149999618530273,11.199999809265137,11.140000343322754,11.182999610900879,107281,0.0,0.0
2024-03-06 09:30:00-05:00,11.229999542236328,11.3100004196167,11.170000076293945,11.279999732971191,58620,0.0,0.0
2024-03-06 10:30:00-05:00,11.279999732971191,11.359999656677246,11.255000114440918,11.359999656677246,34226,0.0,0.0
2024-03-06 11:30:00-05:00,11.364999771118164,11.380000114440918,11.289999961853027,11.34000015258789,31000,0.0,0.0
2024-03-06 12:30:00-05:00,11.335000038146973,11.364999771118164,11.300000190734863,11.359999656677246,30410,0.0,0.0
2024-03-06 13:30:00-05:00,11.364999771118164,11.364999771118164,11.319999694824219,11.354999542236328,43838,0.0,0.0
2024-03-06 14:30:00-05:00,11.364999771118164,11.449999809265137,11.34000015258789,11.449999809265137,43308,0.0,0.0
2024-03-06 15:30:00-05:00,11.449999809265137,11.494999885559082,11.425000190734863,11.460000038146973,69280,0.0,0.0
2024-03-07 09:30:00-05:00,11.40999984741211,11.666999816894531,11.350000381469727,11.470000267028809,143241,0.0,0.0
2024-03-07 10:30:00-05:00,11.462699890136719,11.510000228881836,11.425000190734863,11.46500015258789,53104,0.0,0.0
2024-03-07 11:30:00-05:00,11.460000038146973,11.539999961853027,11.460000038146973,11.520000457763672,26750,0.0,0.0
2024-03-07 12:30:00-05:00,11.510000228881836,11.550000190734863,11.5,11.550000190734863,23261,0.0,0.0
2024-03-07 13:30:00-05:00,11.541500091552734,11.550000190734863,11.47920036315918,11.505000114440918,58379,0.0,0.0
2024-03-07 14:30:00-05:00,11.505000114440918,11.550000190734863,11.505000114440918,11.53499984741211,35219,0.0,0.0
2024-03-07 15:30:00-05:00,11.539999961853027,11.59000015258789,11.539999961853027,11.539999961853027,88757,0.0,0.0
2024-03-08 09:30:00-05:00,11.65999984741211,11.739899635314941,11.619999885559082,11.670000076293945,106303,0.0,0.0
2024-03-08 10:30:00-05:00,11.664999961853027,11.765000343322754,11.630900382995605,11.630900382995605,52252,0.0,0.0
2024-03-08 11:30:00-05:00,11.640000343322754,11.654000282287598,11.489999771118164,11.510000228881836,99066,0.0,0.0
2024-03-08 12:30:00-05:00,11.510000228881836,11.529999732971191,11.395000457763672,11.40999984741211,118587,0.0,0.0
2024-03-08 13:30:00-05:00,11.40999984741211,11.40999984741211,11.337499618530273,11.364999771118164,109473,0.0,0.0
2024-03-08 14:30:00-05:00,11.369999885559082,11.430000305175781,11.354999542236328,11.390000343322754,82372,0.0,0.0
2024-03-08 15:30:00-05:00,11.390000343322754,11.40999984741211,11.364999771118164,11.40999984741211,62462,0.0,0.0
2024-03-11 09:30:00-04:00,11.359999656677246,11.390000343322754,11.149999618530273,11.199999809265137,101406,0.0,0.0
2024-03-11 10:30:00-04:00,11.194999694824219,11.229999542236328,11.180000305175781,11.204999923706055,27989,0.0,0.0
2024-03-11 11:30:00-04:00,11.20989990234375,11.229999542236328,11.1899995803833,11.210000038146973,31411,0.0,0.0
2024-03-11 12:30:00-04:00,11.212400436401367,11.21500015258789,11.15999984741211,11.168800354003906,27701,0.0,0.0
2024-03-11 13:30:00-04:00,11.175000190734863,11.194999694824219,11.149999618530273,11.170000076293945,18646,0.0,0.0
2024-03-11 14:30:00-04:00,11.180000305175781,11.239999771118164,11.172300338745117,11.239999771118164,24201,0.0,0.0
2024-03-11 15:30:00-04:00,11.229999542236328,11.229999542236328,11.1899995803833,11.225000381469727,50978,0.0,0.0
2024-03-12 09:30:00-04:00,11.260000228881836,11.329999923706055,11.170000076293945,11.289999961853027,45377,0.0,0.0
2024-03-12 10:30:00-04:00,11.300000190734863,11.46500015258789,11.300000190734863,11.375,32657,0.0,0.0
2024-03-12 11:30:00-04:00,11.385000228881836,11.4399995803833,11.380000114440918,11.40999984741211,22156,0.0,0.0
2024-03-12 12:30:00-04:00,11.40999984741211,11.449999809265137,11.404999732971191,11.4399995803833,21515,0.0,0.0
2024-03-12 13:30:00-04:00,11.4350004196167,11.4350004196167,11.390000343322754,11.420000076293945,18862,0.0,0.0
2024-03-12 14:30:00-04:00,11.420000076293945,11.520000457763672,11.414999961853027,11.515000343322754,34371,0.0,0.0
2024-03-12 15:30:00-04:00,11.510000228881836,11.529999732971191,11.484999656677246,11.505000114440918,85501,0.0,0.0
2024-03-13 09:30:00-04:00,11.489999771118164,11.539999961853027,11.375,11.444999694824219,61380,0.0,0.0
2024-03-13 10:30:00-04:00,11.4399995803833,11.449999809265137,11.380000114440918,11.380000114440918,29393,0.0,0.0
2024-03-13 11:30:00-04:00,11.375,11.380000114440918,11.279999732971191,11.279999732971191,29482,0.0,0.0
2024-03-13 12:30:00-04:00,11.279999732971191,11.354999542236328,11.279999732971191,11.350099563598633,21826,0.0,0.0
2024-03-13 13:30:00-04:00,11.354999542236328,11.395000457763672,11.319999694824219,11.385000228881836,38136,0.0,0.0
2024-03-13 14:30:00-04:00,11.385000228881836,11.425000190734863,11.369999885559082,11.380000114440918,47832,0.0,0.0
2024-03-13 15:30:00-04:00,11.390000343322754,11.430000305175781,11.380000114440918,11.420000076293945,68073,0.0,0.0
2024-03-14 09:30:00-04:00,11.40999984741211,11.40999984741211,11.28499984741211,11.289999961853027,153066,0.0,0.0
2024-03-14 10:30:00-04:00,11.301300048828125,11.359999656677246,11.25,11.25,43951,0.0,0.0
2024-03-14 11:30:00-04:00,11.25,11.335000038146973,11.25,11.265000343322754,22747,0.0,0.0
2024-03-14 12:30:00-04:00,11.265000343322754,11.319999694824219,11.265000343322754,11.289999961853027,14397,0.0,0.0
2024-03-14 13:30:00-04:00,11.289999961853027,11.34939956665039,11.279999732971191,11.279999732971191,17655,0.0,0.0
2024-03-14 14:30:00-04:00,11.274999618530273,11.289999961853027,11.180000305175781,11.1899995803833,41298,0.0,0.0
2024-03-14 15:30:00-04:00,11.194999694824219,11.210000038146973,11.154999732971191,11.199999809265137,58673,0.0,0.0
2024-03-15 09:30:00-04:00,11.149999618530273,11.289999961853027,11.149999618530273,11.175000190734863,117176,0.0,0.0
2024-03-15 10:30:00-04:00,11.180000305175781,11.210000038146973,11.135000228881836,11.15999984741211,32301,0.0,0.0
2024-03-15 11:30:00-04:00,11.15999984741211,11.199999809265137,11.125,11.125,25470,0.0,0.0
2024-03-15 12:30:00-04:00,11.125,11.140000343322754,11.100000381469727,11.104999542236328,16208,0.0,0.0
2024-03-15 13:30:00-04:00,11.109999656677246,11.154999732971191,11.109999656677246,11.154999732971191,15439,0.0,0.0
2024-03-15 14:30:00-04:00,11.145500183105469,11.154999732971191,11.114999771118164,11.145000457763672,18802,0.0,0.0
2024-03-15 15:30:00-04:00,11.145000457763672,11.170000076293945,11.130000114440918,11.170000076293945,50795,0.0,0.0
2024-03-18 09:30:00-04:00,11.170000076293945,11.170000076293945,11.039999961853027,11.140000343322754,49580,0.0,0.0
2024-03-18 10:30:00-04:00,11.140000343322754,11.194999694824219,11.102700233459473,11.129899978637695,17685,0.0,0.0
2024-03-18 11:30:00-04:00,11.125,11.170000076293945,11.100000381469727,11.15999984741211,24791,0.0,0.0
2024-03-18 12:30:00-04:00,11.164999961853027,11.21500015258789,11.164999961853027,11.204899787902832,18464,0.0,0.0
2024-03-18 13:30:00-04:00,11.199999809265137,11.220000267028809,11.1899995803833,11.199999809265137,18641,0.0,0.0
2024-03-18 14:30:00-04:00,11.204999923706055,11.225000381469727,11.194999694824219,11.220000267028809,26730,0.0,0.0
2024-03-18 15:30:00-04:00,11.21500015258789,11.21500015258789,11.109999656677246,11.119999885559082,78991,0.0,0.0
2024-03-19 09:30:00-04:00,11.100000381469727,11.164999961853027,11.0600004196167,11.15999984741211,40093,0.0,0.0
2024-03-19 10:30:00-04:00,11.15999984741211,11.170000076293945,11.079999923706055,11.079999923706055,20893,0.0,0.0
2024-03-19 11:30:00-04:00,11.079999923706055,11.088800430297852,11.039999961853027,11.045000076293945,11410,0.0,0.0
2024-03-19 12:30:00-04:00,11.045900344848633,11.100000381469727,11.045000076293945,11.100000381469727,14895,0.0,0.0
2024-03-19 13:30:00-04:00,11.095000267028809,11.130000114440918,11.069999694824219,11.095000267028809,20317,0.0,0.0
2024-03-19 14:30:00-04:00,11.095000267028809,11.100000381469727,11.069999694824219,11.074999809265137,12590,0.0,0.0
2024-03-19 15:30:00-04:00,11.074999809265137,11.09000015258789,11.0600004196167,11.0649995803833,34749,0.0,0.0
2024-03-20 09:30:00-04:00,11.0,11.0,10.819999694824219,10.920000076293945,65911,0.0,0.0
2024-03-20 10:30:00-04:00,10.930000305175781,10.970000267028809,10.920000076293945,10.970000267028809,20411,0.0,0.0
2024-03-20 11:30:00-04:00,10.979999542236328,10.988800048828125,10.9399995803833,10.979999542236328,22676,0.0,0.0
2024-03-20 12:30:00-04:00,10.98009967803955,10.989999771118164,10.975000381469727,10.98009967803955,14433,0.0,0.0
2024-03-20 13:30:00-04:00,10.979999542236328,11.09000015258789,10.979999542236328,11.0600004196167,27221,0.0,0.0
2024-03-20 14:30:00-04:00,11.069999694824219,11.260000228881836,11.039999961853027,11.244999885559082,54735,0.0,0.0
2024-03-20 15:30:00-04:00,11.244999885559082,11.265000343322754,11.1899995803833,11.210000038146973,68913,0.0,0.0
2024-03-21 09:30:00-04:00,11.270000457763672,11.420000076293945,11.265000343322754,11.329999923706055,43815,0.0,0.0
2024-03-21 10:30:00-04:00,11.329999923706055,11.420000076293945,11.3100004196167,11.345000267028809,39978,0.0,0.0
2024-03-21 11:30:00-04:00,11.34000015258789,11.345000267028809,11.28439998626709,11.300000190734863,20009,0.0,0.0
2024-03-21 12:30:00-04:00,11.300000190734863,11.359999656677246,11.300000190734863,11.359999656677246,31185,0.0,0.0
2024-03-21 13:30:00-04:00,11.354999542236328,11.354999542236328,11.292499542236328,11.319999694824219,26976,0.0,0.0
2024-03-21 14:30:00-04:00,11.329999923706055,11.399999618530273,11.321100234985352,11.399999618530273,25074,0.0,0.0
2024-03-21 15:30:00-04:00,11.392000198364258,11.399999618530273,11.345000267028809,11.369999885559082,65796,0.0,0.0
2024-03-22 09:30:00-04:00,11.329999923706055,11.350000381469727,11.234999656677246,11.25,32625,0.0,0.0
2024-03-22 10:30:00-04:00,11.265000343322754,11.265000343322754,11.210000038146973,11.255000114440918,21720,0.0,0.0
2024-03-22 11:30:00-04:00,11.260000228881836,11.260000228881836,11.229999542236328,11.255000114440918,11341,0.0,0.0
2024-03-22 12:30:00-04:00,11.260000228881836,11.289999961853027,11.260000228881836,11.274999618530273,10907,0.0,0.0
2024-03-22 13:30:00-04:00,11.274999618530273,11.274999618530273,11.25,11.270000457763672,9475,0.0,0.0
2024-03-22 14:30:00-04:00,11.265000343322754,11.265000343322754,11.170000076293945,11.210000038146973,25027,0.0,0.0
2024-03-22 15:30:00-04:00,11.207500457763672,11.210000038146973,11.15999984741211,11.15999984741211,46991,0.0,0.0
2024-03-25 09:30:00-04:00,11.149999618530273,11.239999771118164,11.109999656677246,11.1899995803833,37728,0.0,0.0
2024-03-25 10:30:00-04:00,11.190999984741211,11.22070026397705,11.119999885559082,11.1899995803833,40285,0.0,0.0
2024-03-25 11:30:00-04:00,11.1899995803833,11.1899995803833,11.175000190734863,11.180000305175781,13146,0.0,0.0
2024-03-25 12:30:00-04:00,11.180000305175781,11.180000305175781,11.15999984741211,11.164999961853027,11398,0.0,0.0
2024-03-25 13:30:00-04:00,11.164999961853027,11.194999694824219,11.164999961853027,11.194999694824219,13841,0.0,0.0
2024-03-25 14:30:00-04:00,11.1899995803833,11.1899995803833,11.130000114440918,11.135000228881836,22109,0.0,0.0
2024-03-25 15:30:00-04:00,11.135000228881836,11.15999984741211,11.119999885559082,11.125,26663,0.0,0.0
2024-03-26 09:30:00-04:00,11.119999885559082,11.21500015258789,11.09000015258789,11.119999885559082,44172,0.0,0.0
2024-03-26 10:30:00-04:00,11.109999656677246,11.170000076293945,11.100000381469727,11.15999984741211,13706,0.0,0.0
2024-03-26 11:30:00-04:00,11.15999984741211,11.15999984741211,11.114999771118164,11.14009952545166,16819,0.0,0.0
2024-03-26 12:30:00-04:00,11.140000343322754,11.175000190734863,11.09000015258789,11.170000076293945,41103,0.0,0.0
2024-03-26 13:30:00-04:00,11.180000305175781,11.220000267028809,11.180000305175781,11.197500228881836,14934,0.0,0.0
2024-03-26 14:30:00-04:00,11.199999809265137,11.199999809265137,11.149999618530273,11.1850004196167,29822,0.0,0.0
2024-03-26 15:30:00-04:00,11.180000305175781,11.1850004196167,11.149999618530273,11.180000305175781,44558,0.0,0.0
2024-03-27 09:30:00-04:00,11.1899995803833,11.319999694824219,11.180000305175781,11.180000305175781,31480,0.0,0.0
2024-03-27 10:30:00-04:00,11.1850004196167,11.220000267028809,11.175000190734863,11.220000267028809,12253,0.0,0.0
2024-03-27 11:30:00-04:00,11.210000038146973,11.279999732971191,11.1899995803833,11.276900291442871,20179,0.0,0.0
2024-03-27 12:30:00-04:00,11.270000457763672,11.289999961853027,11.25,11.260000228881836,20877,0.0,0.0
2024-03-27 13:30:00-04:00,11.25,11.260000228881836,11.239999771118164,11.25,15684,0.0,0.0
2024-03-27 14:30:00-04:00,11.255000114440918,11.279999732971191,11.234999656677246,11.239999771118164,17932,0.0,0.0
2024-03-27 15:30:00-04:00,11.229999542236328,11.289999961853027,11.229999542236328,11.289999961853027,47129,0.0,0.0
2024-03-28 09:30:00-04:00,11.319999694824219,11.390000343322754,11.289999961853027,11.340299606323242,35620,0.0,0.0
2024-03-28 10:30:00-04:00,11.350000381469727,11.381999969482422,11.319999694824219,11.380000114440918,39077,0.0,0.0
2024-03-28 11:30:00-04:00,11.369999885559082,11.449999809265137,11.364999771118164,11.399999618530273,23968,0.0,0.0
2024-03-28 12:30:00-04:00,11.390000343322754,11.399999618530273,11.329999923706055,11.329999923706055,16200,0.0,0.0
2024-03-28 13:30:00-04:00,11.335000038146973,11.369999885559082,11.28499984741211,11.289999961853027,32734,0.0,0.0
2024-03-28 14:30:00-04:00,11.300000190734863,11.300000190734863,11.270000457763672,11.270000457763672,12237,0.0,0.0
2024-03-28 15:30:00-04:00,11.270000457763672,11.359999656677246,11.270000457763672,11.350000381469727,69304,0.0,0.0
2024-04-01 09:30:00-04:00,11.380000114440918,11.539999961853027,11.34000015258789,11.454999923706055,55434,0.0,0.0
2024-04-01 10:30:00-04:00,11.454999923706055,11.5,11.414999961853027,11.460000038146973,38525,0.0,0.0
2024-04-01 11:30:00-04:00,11.449999809265137,11.470000267028809,11.4399995803833,11.454999923706055,24285,0.0,0.0
2024-04-01 12:30:00-04:00,11.460000038146973,11.524999618530273,11.4399995803833,11.449999809265137,29502,0.0,0.0
2024-04-01 13:30:00-04:00,11.444999694824219,11.444999694824219,11.406100273132324,11.4399995803833,23419,0.0,0.0
2024-04-01 14:30:00-04:00,11.4350004196167,11.4399995803833,11.390000343322754,11.390000343322754,24019,0.0,0.0
2024-04-01 15:30:00-04:00,11.385000228881836,11.404999732971191,11.369999885559082,11.380000114440918,42804,0.0,0.0
2024-04-02 09:30:00-04:00,11.329999923706055,11.329999923706055,11.170000076293945,11.170000076293945,49667,0.0,0.0
2024-04-02 10:30:00-04:00,11.170000076293945,11.274999618530273,11.145000457763672,11.225000381469727,32713,0.0,0.0
2024-04-02 11:30:00-04:00,11.220000267028809,11.222200393676758,11.170000076293945,11.1850004196167,20588,0.0,0.0
2024-04-02 12:30:00-04:00,11.1850004196167,11.1850004196167,11.149999618530273,11.149999618530273,15645,0.0,0.0
2024-04-02 13:30:00-04:00,11.154999732971191,11.15999984741211,11.088000297546387,11.100000381469727,42467,0.0,0.0
2024-04-02 14:30:00-04:00,11.104999542236328,11.140000343322754,11.09000015258789,11.095000267028809,23524,0.0,0.0
2024-04-02 15:30:00-04:00,11.095999717712402,11.180000305175781,11.095999717712402,11.170000076293945,81960,0.0,0.0
2024-04-03 09:30:00-04:00,11.210000038146973,11.53499984741211,11.210000038146973,11.53499984741211,79828,0.0,0.0
2024-04-03 10:30:00-04:00,11.53909969329834,11.619999885559082,11.46500015258789,11.505000114440918,51842,0.0,0.0
2024-04-03 11:30:00-04:00,11.5,11.530200004577637,11.475000381469727,11.494999885559082,15712,0.0,0.0
2024-04-03 12:30:00-04:00,11.494999885559082,11.515000343322754,11.449999809265137,11.449999809265137,13684,0.0,0.0
2024-04-03 13:30:00-04:00,11.454999923706055,11.520000457763672,11.454999923706055,11.489999771118164,33055,0.0,0.0
2024-04-03 14:30:00-04:00,11.489999771118164,11.510000228881836,11.4399995803833,11.470000267028809,33231,0.0,0.0
2024-04-03 15:30:00-04:00,11.479999542236328,11.569999694824219,11.479999542236328,11.550000190734863,83335,0.0,0.0
2024-04-04 09:30:00-04:00,11.65999984741211,11.720000267028809,11.4399995803833,11.529999732971191,53216,0.0,0.0
2024-04-04 10:30:00-04:00,11.539999961853027,11.604999542236328,11.520000457763672,11.5600004196167,22293,0.0,0.0
2024-04-04 11:30:00-04:00,11.574999809265137,11.615500450134277,11.574999809265137,11.614999771118164,12560,0.0,0.0
2024-04-04 12:30:00-04:00,11.609999656677246,11.649999618530273,11.555000305175781,11.569999694824219,18612,0.0,0.0
2024-04-04 13:30:00-04:00,11.569999694824219,11.585000038146973,11.510000228881836,11.520000457763672,22333,0.0,0.0
2024-04-04 14:30:00-04:00,11.520000457763672,11.529999732971191,11.40999984741211,11.414999961853027,48334,0.0,0.0
2024-04-04 15:30:00-04:00,11.40999984741211,11.460000038146973,11.380000114440918,11.420000076293945,61379,0.0,0.0
2024-04-05 09:30:00-04:00,11.40999984741211,11.520000457763672,11.380000114440918,11.390000343322754,36322,0.0,0.0
2024-04-05 10:30:00-04:00,11.390000343322754,11.4399995803833,11.375,11.380000114440918,19497,0.0,0.0
2024-04-05 11:30:00-04:00,11.385000228881836,11.454999923706055,11.385000228881836,11.420000076293945,18842,0.0,0.0
2024-04-05 12:30:00-04:00,11.425000190734863,11.425000190734863,11.319999694824219,11.324999809265137,21467,0.0,0.0
2024-04-05 13:30:00-04:00,11.329999923706055,11.40999984741211,11.329999923706055,11.390000343322754,23013,0.0,0.0
2024-04-05 14:30:00-04:00,11.390000343322754,11.399999618530273,11.359999656677246,11.387499809265137,39230,0.0,0.0
2024-04-05 15:30:00-04:00,11.385000228881836,11.4399995803833,11.385000228881836,11.430000305175781,68574,0.0,0.0
2024-04-08 09:30:00-04:00,11.4399995803833,11.510000228881836,11.345000267028809,11.390000343322754,82161,0.0,0.0
2024-04-08 10:30:00-04:00,11.390000343322754,11.498000144958496,11.369999885559082,11.424699783325195,26318,0.0,0.0
2024-04-08 11:30:00-04:00,11.420000076293945,11.420000076293945,11.3100004196167,11.40999984741211,66072,0.0,0.0
2024-04-08 12:30:00-04:00,11.404999732971191,11.430000305175781,11.383000373840332,11.404999732971191,14949,0.0,0.0
2024-04-08 13:30:00-04:00,11.40999984741211,11.4399995803833,11.395000457763672,11.414999961853027,15062,0.0,0.0
2024-04-08 14:30:00-04:00,11.40999984741211,11.460000038146973,11.399999618530273,11.430000305175781,23986,0.0,0.0
2024-04-08 15:30:00-04:00,11.430000305175781,11.435999870300293,11.369999885559082,11.375,48677,0.0,0.0
2024-04-09 09:30:00-04:00,11.420000076293945,11.420000076293945,11.255000114440918,11.260000228881836,41952,0.0,0.0
2024-04-09 10:30:00-04:00,11.26200008392334,11.26200008392334,11.109999656677246,11.116600036621094,39887,0.0,0.0
2024-04-09 11:30:00-04:00,11.109999656677246,11.15999984741211,11.064800262451172,11.149499893188477,30370,0.0,0.0
2024-04-09 12:30:00-04:00,11.130000114440918,11.180000305175781,11.130000114440918,11.175000190734863,20230,0.0,0.0
2024-04-09 13:30:00-04:00,11.175000190734863,11.225000381469727,11.145000457763672,11.220000267028809,31827,0.0,0.0
2024-04-09 14:30:00-04:00,11.225000381469727,11.229900360107422,11.1850004196167,11.220000267028809,20447,0.0,0.0
2024-04-09 15:30:00-04:00,11.217499732971191,11.225299835205078,11.175000190734863,11.1899995803833,43173,0.0,0.0
2024-04-10 09:30:00-04:00,11.050000190734863,11.239999771118164,10.92199993133545,11.239999771118164,72215,0.0,0.0
2024-04-10 10:30:00-04:00,11.234999656677246,11.289999961853027,11.220000267028809,11.25,67984,0.0,0.0
2024-04-10 11:30:00-04:00,11.244999885559082,11.260000228881836,11.210000038146973,11.25,37229,0.0,0.0
2024-04-10 12:30:00-04:00,11.25,11.25,11.199999809265137,11.225000381469727,51062,0.0,0.0
2024-04-10 13:30:00-04:00,11.225000381469727,11.239999771118164,11.170000076293945,11.170000076293945,30926,0.0,0.0
2024-04-10 14:30:00-04:00,11.161800384521484,11.180000305175781,11.140000343322754,11.164999961853027,19433,0.0,0.0
2024-04-10 15:30:00-04:00,11.164999961853027,11.1899995803833,11.130000114440918,11.15999984741211,48891,0.0,0.0
2024-04-11 09:30:00-04:00,11.239999771118164,11.5,11.239999771118164,11.345000267028809,96966,0.0,0.0
2024-04-11 10:30:00-04:00,11.34000015258789,11.375,11.282500267028809,11.375,23128,0.0,0.0
2024-04-11 11:30:00-04:00,11.375,11.475000381469727,11.370800018310547,11.444999694824219,27784,0.0,0.0
2024-04-11 12:30:00-04:00,11.449999809265137,11.460000038146973,11.375,11.4399995803833,34759,0.0,0.0
2024-04-11 13:30:00-04:00,11.4399995803833,11.4399995803833,11.395000457763672,11.430000305175781,33825,0.0,0.0
2024-04-11 14:30:00-04:00,11.420000076293945,11.420000076293945,11.305000305175781,11.319999694824219,33858,0.0,0.0
2024-04-11 15:30:00-04:00,11.3100004196167,11.369999885559082,11.305000305175781,11.369999885559082,36350,0.0,0.0
2024-04-12 09:30:00-04:00,11.350000381469727,11.359999656677246,11.1899995803833,11.226200103759766,49255,0.0,0.0
2024-04-12 10:30:00-04:00,11.220000267028809,11.229999542236328,11.149999618530273,11.164999961853027,23132,0.0,0.0
2024-04-12 11:30:00-04:00,11.161999702453613,11.194999694824219,11.110899925231934,11.110899925231934,12854,0.0,0.0
2024-04-12 12:30:00-04:00,11.109999656677246,11.109999656677246,11.050000190734863,11.069999694824219,23537,0.0,0.0
2024-04-12 13:30:00-04:00,11.069999694824219,11.09000015258789,11.045000076293945,11.045000076293945,16108,0.0,0.0
2024-04-12 14:30:00-04:00,11.039999961853027,11.039999961853027,11.005000114440918,11.010000228881836,22338,0.0,0.0
2024-04-12 15:30:00-04:00,11.010000228881836,11.04990005493164,11.005000114440918,11.020000457763672,33794,0.0,0.0
2024-04-15 09:30:00-04:00,11.119999885559082,11.3100004196167,11.095000267028809,11.229999542236328,45859,0.0,0.0
2024-04-15 10:30:00-04:00,11.220100402832031,11.289999961853027,11.1850004196167,11.1899995803833,24103,0.0,0.0
2024-04-15 11:30:00-04:00,11.1899995803833,11.234999656677246,11.149999618530273,11.149999618530273,14314,0.0,0.0
2024-04-15 12:30:00-04:00,11.145000457763672,11.15999984741211,11.079999923706055,11.079999923706055,43577,0.0,0.0
2024-04-15 13:30:00-04:00,11.069999694824219,11.09000015258789,11.041500091552734,11.050000190734863,16604,0.0,0.0
2024-04-15 14:30:00-04:00,11.050000190734863,11.0600004196167,11.005000114440918,11.039999961853027,22325,0.0,0.0
2024-04-15 15:30:00-04:00,11.039999961853027,11.085000038146973,11.039999961853027,11.0600004196167,31502,0.0,0.0
2024-04-16 09:30:00-04:00,10.970000267028809,10.970000267028809,10.760000228881836,10.892000198364258,86498,0.0,0.0
2024-04-16 10:30:00-04:00,10.899999618530273,10.949999809265137,10.885000228881836,10.925000190734863,17540,0.0,0.0
2024-04-16 11:30:00-04:00,10.920000076293945,10.984999656677246,10.920000076293945,10.949999809265137,9725,0.0,0.0
2024-04-16 12:30:00-04:00,10.949999809265137,10.979999542236328,10.9399995803833,10.960000038146973,10817,0.0,0.0
2024-04-16 13:30:00-04:00,10.949999809265137,11.010000228881836,10.90999984741211,10.949999809265137,24094,0.0,0.0
2024-04-16 14:30:00-04:00,10.9399995803833,10.994999885559082,10.9399995803833,10.975000381469727,10841,0.0,0.0
2024-04-16 15:30:00-04:00,10.970000267028809,10.989999771118164,10.930000305175781,10.989999771118164,49661,0.0,0.0
2024-04-17 09:30:00-04:00,11.0,11.119999885559082,10.960100173950195,10.960100173950195,32484,0.0,0.0
2024-04-17 10:30:00-04:00,10.96500015258789,10.989999771118164,10.919899940490723,10.920000076293945,22791,0.0,0.0
2024-04-17 11:30:00-04:00,10.90999984741211,10.944999694824219,10.869999885559082,10.880000114440918,24287,0.0,0.0
2024-04-17 12:30:00-04:00,10.869999885559082,10.925000190734863,10.835000038146973,10.925000190734863,17462,0.0,0.0
2024-04-17 13:30:00-04:00,10.930000305175781,10.930000305175781,10.879599571228027,10.890000343322754,21666,0.0,0.0
2024-04-17 14:30:00-04:00,10.895000457763672,10.930000305175781,10.845000267028809,10.845000267028809,40061,0.0,0.0
2024-04-17 15:30:00-04:00,10.847999572753906,10.880000114440918,10.829999923706055,10.829999923706055,45558,0.0,0.0
2024-04-18 09:30:00-04:00,10.760000228881836,10.835000038146973,10.720000267028809,10.770000457763672,32423,0.0,0.0
2024-04-18 10:30:00-04:00,10.770299911499023,10.824999809265137,10.760000228881836,10.819999694824219,14284,0.0,0.0
2024-04-18 11:30:00-04:00,10.8100004196167,10.8100004196167,10.710000038146973,10.734999656677246,17389,0.0,0.0
2024-04-18 12:30:00-04:00,10.734999656677246,10.734999656677246,10.65999984741211,10.694999694824219,44586,0.0,0.0
2024-04-18 13:30:00-04:00,10.699999809265137,10.707799911499023,10.654500007629395,10.670000076293945,20042,0.0,0.0
2024-04-18 14:30:00-04:00,10.65999984741211,10.6899995803833,10.640000343322754,10.65999984741211,28020,0.0,0.0
2024-04-18 15:30:00-04:00,10.65999984741211,10.699999809265137,10.649999618530273,10.680000305175781,51761,0.0,0.0
2024-04-19 09:30:00-04:00,10.770000457763672,10.899999618530273,10.699999809265137,10.880000114440918,81225,0.0,0.0
2024-04-19 10:30:00-04:00,10.890000343322754,10.90999984741211,10.835000038146973,10.850000381469727,31382,0.0,0.0
2024-04-19 11:30:00-04:00,10.850099563598633,10.880000114440918,10.789999961853027,10.789999961853027,27797,0.0,0.0
2024-04-19 12:30:00-04:00,10.800000190734863,10.899999618530273,10.800000190734863,10.864999771118164,17090,0.0,0.0
2024-04-19 13:30:00-04:00,10.864999771118164,10.885000228881836,10.829999923706055,10.829999923706055,21230,0.0,0.0
2024-04-19 14:30:00-04:00,10.829999923706055,10.880000114440918,10.795000076293945,10.869999885559082,31490,0.0,0.0
2024-04-19 15:30:00-04:00,10.870599746704102,10.949999809265137,10.859999656677246,10.9399995803833,48337,0.0,0.0
2024-04-22 09:30:00-04:00,10.949999809265137,11.109999656677246,10.9399995803833,11.069999694824219,28876,0.0,0.0
2024-04-22 10:30:00-04:00,11.069999694824219,11.114999771118164,11.050000190734863,11.050000190734863,17565,0.0,0.0
2024-04-22 11:30:00-04:00,11.050000190734863,11.180000305175781,11.050000190734863,11.15999984741211,42878,0.0,0.0
2024-04-22 12:30:00-04:00,11.170000076293945,11.279999732971191,11.149999618530273,11.25,36854,0.0,0.0
2024-04-22 13:30:00-04:00,11.24020004272461,11.270000457763672,11.229999542236328,11.25,15256,0.0,0.0
2024-04-22 14:30:00-04:00,11.249899864196777,11.28499984741211,11.180000305175781,11.21500015258789,62088,0.0,0.0
2024-04-22 15:30:00-04:00,11.21500015258789,11.239999771118164,11.180000305175781,11.180000305175781,83223,0.0,0.0
2024-04-23 09:30:00-04:00,11.1899995803833,11.4350004196167,11.170000076293945,11.380000114440918,76158,0.0,0.0
2024-04-23 10:30:00-04:00,11.399999618530273,11.430000305175781,11.3100004196167,11.420000076293945,36603,0.0,0.0
2024-04-23 11:30:00-04:00,11.40999984741211,11.5,11.385000228881836,11.5,50497,0.0,0.0
2024-04-23 12:30:00-04:00,11.489999771118164,11.539999961853027,11.475000381469727,11.53499984741211,31342,0.0,0.0
2024-04-23 13:30:00-04:00,11.529999732971191,11.539999961853027,11.479999542236328,11.494999885559082,30479,0.0,0.0
2024-04-23 14:30:00-04:00,11.489999771118164,11.5,11.430000305175781,11.449999809265137,41151,0.0,0.0
2024-04-23 15:30:00-04:00,11.449999809265137,11.550000190734863,11.444999694824219,11.53499984741211,121099,0.0,0.0
2024-04-24 09:30:00-04:00,11.529999732971191,11.539999961853027,11.40999984741211,11.427499771118164,67676,0.0,0.0
2024-04-24 10:30:00-04:00,11.430000305175781,11.430000305175781,11.239999771118164,11.265000343322754,44268,0.0,0.0
2024-04-24 11:30:00-04:00,11.265000343322754,11.319999694824219,11.260000228881836,11.270000457763672,29084,0.0,0.0
2024-04-24 12:30:00-04:00,11.270000457763672,11.3100004196167,11.255000114440918,11.300000190734863,29453,0.0,0.0
2024-04-24 13:30:00-04:00,11.300000190734863,11.319999694824219,11.260000228881836,11.300000190734863,32966,0.0,0.0
2024-04-24 14:30:00-04:00,11.300000190734863,11.385000228881836,11.289999961853027,11.371000289916992,36662,0.0,0.0
2024-04-24 15:30:00-04:00,11.375,11.399999618530273,11.350000381469727,11.359999656677246,83051,0.0,0.0
2024-04-25 09:30:00-04:00,11.319999694824219,11.520000457763672,11.270000457763672,11.520000457763672,60852,0.0,0.0
2024-04-25 10:30:00-04:00,11.529999732971191,11.539999961853027,11.475000381469727,11.494999885559082,43998,0.0,0.0
2024-04-25 11:30:00-04:00,11.494999885559082,11.569999694824219,11.494999885559082,11.524999618530273,45106,0.0,0.0
2024-04-25 12:30:00-04:00,11.524999618530273,11.5600004196167,11.484999656677246,11.524999618530273,39411,0.0,0.0
2024-04-25 13:30:00-04:00,11.524999618530273,11.539999961853027,11.479999542236328,11.5,56150,0.0,0.0
2024-04-25 14:30:00-04:00,11.510000228881836,11.53499984741211,11.470000267028809,11.520000457763672,38598,0.0,0.0
2024-04-25 15:30:00-04:00,11.524999618530273,11.539999961853027,11.475000381469727,11.529999732971191,77421,0.0,0.0
2024-04-26 09:30:00-04:00,11.529999732971191,11.699999809265137,11.529999732971191,11.585000038146973,116111,0.0,0.0
2024-04-26 10:30:00-04:00,11.585000038146973,11.65999984741211,11.524999618530273,11.65999984741211,106069,0.0,0.0
2024-04-26 11:30:00-04:00,11.65999984741211,11.760000228881836,11.635000228881836,11.760000228881836,44471,0.0,0.0
2024-04-26 12:30:00-04:00,11.760100364685059,11.78499984741211,11.734999656677246,11.765000343322754,30922,0.0,0.0
2024-04-26 13:30:00-04:00,11.766900062561035,11.878999710083008,11.75,11.875,56003,0.0,0.0
2024-04-26 14:30:00-04:00,11.869999885559082,11.899999618530273,11.859999656677246,11.890000343322754,57841,0.0,0.0
2024-04-26 15:30:00-04:00,11.890000343322754,11.899999618530273,11.770000457763672,11.774999618530273,91516,0.0,0.0
2024-04-29 09:30:00-04:00,11.779999732971191,11.779999732971191,11.699999809265137,11.765000343322754,39578,0.0,0.0
2024-04-29 10:30:00-04:00,11.760000228881836,11.929800033569336,11.75,11.920000076293945,110599,0.0,0.0
2024-04-29 11:30:00-04:00,11.914999961853027,11.930000305175781,11.850000381469727,11.850000381469727,19254,0.0,0.0
2024-04-29 12:30:00-04:00,11.854999542236328,11.895000457763672,11.805000305175781,11.880000114440918,19353,0.0,0.0
2024-04-29 13:30:00-04:00,11.880000114440918,11.930000305175781,11.8725004196167,11.930000305175781,46258,0.0,0.0
2024-04-29 14:30:00-04:00,11.930000305175781,11.930000305175781,11.866000175476074,11.920000076293945,32488,0.0,0.0
2024-04-29 15:30:00-04:00,11.920000076293945,11.96500015258789,11.90999984741211,11.920000076293945,50678,0.0,0.0
2024-04-30 09:30:00-04:00,11.829999923706055,11.880000114440918,11.789999961853027,11.880000114440918,62773,0.0,0.0
2024-04-30 10:30:00-04:00,11.885000228881836,11.925000190734863,11.854999542236328,11.899999618530273,42975,0.0,0.0
2024-04-30 11:30:00-04:00,11.899999618530273,11.899999618530273,11.832500457763672,11.854999542236328,20308,0.0,0.0
2024-04-30 12:30:00-04:00,11.850000381469727,11.925000190734863,11.84000015258789,11.925000190734863,38207,0.0,0.0
2024-04-30 13:30:00-04:00,11.920000076293945,12.050000190734863,11.880000114440918,12.010000228881836,89748,0.0,0.0
2024-04-30 14:30:00-04:00,12.010000228881836,12.074999809265137,12.005000114440918,12.03499984741211,56401,0.0,0.0
2024-04-30 15:30:00-04:00,12.039999961853027,12.0600004196167,11.970000267028809,11.979999542236328,107227,0.0,0.0
2024-05-01 09:30:00-04:00,11.979999542236328,12.109999656677246,11.960000038146973,11.979999542236328,93073,0.0,0.0
2024-05-01 10:30:00-04:00,11.979999542236328,11.994999885559082,11.920000076293945,11.979999542236328,34316,0.0,0.0
2024-05-01 11:30:00-04:00,11.970000267028809,12.050000190734863,11.935099601745605,12.050000190734863,116112,0.0,0.0
2024-05-01 12:30:00-04:00,12.0649995803833,12.114999771118164,12.055000305175781,12.109999656677246,44755,0.0,0.0
2024-05-01 13:30:00-04:00,12.100000381469727,12.154999732971191,12.055000305175781,12.140700340270996,32463,0.0,0.0
2024-05-01 14:30:00-04:00,12.149999618530273,12.329999923706055,12.119999885559082,12.289999961853027,94320,0.0,0.0
2024-05-01 15:30:00-04:00,12.265000343322754,12.329999923706055,12.25,12.279999732971191,98377,0.0,0.0
2024-05-02 09:30:00-04:00,12.399999618530273,12.399999618530273,12.239999771118164,12.359999656677246,41615,0.0,0.0
2024-05-02 10:30:00-04:00,12.345000267028809,12.375,12.274999618530273,12.324999809265137,37232,0.0,0.0
2024-05-02 11:30:00-04:00,12.324999809265137,12.370100021362305,12.3100004196167,12.364999771118164,20317,0.0,0.0
2024-05-02 12:30:00-04:00,12.369999885559082,12.449999809265137,12.364999771118164,12.430000305175781,40497,0.0,0.0
2024-05-02 13:30:00-04:00,12.430000305175781,12.454999923706055,12.395000457763672,12.420000076293945,44724,0.0,0.0
2024-05-02 14:30:00-04:00,12.420000076293945,12.430000305175781,12.399999618530273,12.399999618530273,35308,0.0,0.0
2024-05-02 15:30:00-04:00,12.404999732971191,12.404999732971191,12.319999694824219,12.359999656677246,96857,0.0,0.0
2024-05-03 09:30:00-04:00,12.390000343322754,12.4399995803833,12.229999542236328,12.279999732971191,51620,0.0,0.0
2024-05-03 10:30:00-04:00,12.279999732971191,12.364999771118164,12.260000228881836,12.34000015258789,17334,0.0,0.0
2024-05-03 11:30:00-04:00,12.345000267028809,12.399900436401367,12.335000038146973,12.335000038146973,15729,0.0,0.0
2024-05-03 12:30:00-04:00,12.350000381469727,12.429100036621094,12.345000267028809,12.40999984741211,17043,0.0,0.0
2024-05-03 13:30:00-04:00,12.399999618530273,12.430000305175781,12.390000343322754,12.425000190734863,16843,0.0,0.0
2024-05-03 14:30:00-04:00,12.425000190734863,12.479999542236328,12.40999984741211,12.470000267028809,35046,0.0,0.0
2024-05-03 15:30:00-04:00,12.460000038146973,12.494999885559082,12.454999923706055,12.484999656677246,80453,0.0,0.0
2024-05-06 09:30:00-04:00,12.5,12.650099754333496,12.449999809265137,12.649999618530273,83389,0.0,0.0
2024-05-06 10:30:00-04:00,12.645000457763672,12.645000457763672,12.539999961853027,12.585000038146973,39243,0.0,0.0
2024-05-06 11:30:00-04:00,12.585000038146973,12.609999656677246,12.550000190734863,12.579999923706055,32806,0.0,0.0
2024-05-06 12:30:00-04:00,12.585000038146973,12.609999656677246,12.510000228881836,12.555000305175781,80663,0.0,0.0
2024-05-06 13:30:00-04:00,12.555000305175781,12.579999923706055,12.53499984741211,12.550000190734863,32010,0.0,0.0
2024-05-06 14:30:00-04:00,12.554800033569336,12.559900283813477,12.505000114440918,12.529999732971191,38522,0.0,0.0
2024-05-06 15:30:00-04:00,12.53499984741211,12.53499984741211,12.454999923706055,12.494999885559082,63247,0.0,0.0
2024-05-07 09:30:00-04:00,12.529999732971191,12.6899995803833,12.529999732971191,12.579999923706055,45790,0.0,0.0
2024-05-07 10:30:00-04:00,12.585000038146973,12.670000076293945,12.585000038146973,12.670000076293945,24279,0.0,0.0
2024-05-07 11:30:00-04:00,12.670000076293945,12.6850004196167,12.657999992370605,12.670000076293945,24395,0.0,0.0
2024-05-07 12:30:00-04:00,12.669699668884277,12.670000076293945,12.635000228881836,12.65999984741211,24889,0.0,0.0
2024-05-07 13:30:00-04:00,12.668499946594238,12.669099807739258,12.619999885559082,12.664999961853027,17410,0.0,0.0
2024-05-07 14:30:00-04:00,12.664999961853027,12.664999961853027,12.579999923706055,12.614999771118164,91911,0.0,0.0
2024-05-07 15:30:00-04:00,12.614999771118164,12.664999961853027,12.614999771118164,12.630000114440918,80018,0.0,0.0
2024-05-08 09:30:00-04:00,12.600000381469727,12.835000038146973,12.539999961853027,12.819999694824219,91826,0.0,0.0
2024-05-08 10:30:00-04:00,12.819999694824219,12.879199981689453,12.805000305175781,12.864999771118164,46168,0.0,0.0
2024-05-08 11:30:00-04:00,12.864999771118164,12.875,12.845000267028809,12.869999885559082,19693,0.0,0.0
2024-05-08 12:30:00-04:00,12.880000114440918,12.949999809265137,12.880000114440918,12.904999732971191,31800,0.0,0.0
2024-05-08 13:30:00-04:00,12.904999732971191,13.029999732971191,12.904999732971191,12.9350004196167,92298,0.0,0.0
2024-05-08 14:30:00-04:00,12.929300308227539,13.010000228881836,12.929300308227539,12.989999771118164,39104,0.0,0.0
2024-05-08 15:30:00-04:00,12.989999771118164,13.109999656677246,12.989999771118164,13.100000381469727,104058,0.0,0.0
2024-05-09 09:30:00-04:00,13.15999984741211,13.300000190734863,13.100000381469727,13.244999885559082,111956,0.0,0.0
2024-05-09 10:30:00-04:00,13.239999771118164,13.270000457763672,13.069999694824219,13.270000457763672,153702,0.0,0.0
2024-05-09 11:30:00-04:00,13.26930046081543,13.279999732971191,13.1899995803833,13.255000114440918,72002,0.0,0.0
2024-05-09 12:30:00-04:00,13.25,13.279999732971191,13.225000381469727,13.25,42822,0.0,0.0
2024-05-09 13:30:00-04:00,13.244999885559082,13.260000228881836,13.220000267028809,13.25,33411,0.0,0.0
2024-05-09 14:30:00-04:00,13.255000114440918,13.390000343322754,13.25,13.390000343322754,75388,0.0,0.0
2024-05-09 15:30:00-04:00,13.390000343322754,13.449999809265137,13.369999885559082,13.449999809265137,204890,0.0,0.0
2024-05-10 09:30:00-04:00,13.430000305175781,13.460000038146973,12.770000457763672,13.239999771118164,403824,0.0,0.0
2024-05-10 10:30:00-04:00,13.25,13.8100004196167,13.220000267028809,13.732000350952148,285073,0.0,0.0
2024-05-10 11:30:00-04:00,13.734999656677246,13.734999656677246,13.454999923706055,13.5600004196167,190769,0.0,0.0
2024-05-10 12:30:00-04:00,13.550000190734863,13.569999694824219,13.354999542236328,13.479999542236328,119982,0.0,0.0
2024-05-10 13:30:00-04:00,13.484999656677246,13.579999923706055,13.354100227355957,13.354100227355957,148731,0.0,0.0
2024-05-10 14:30:00-04:00,13.354999542236328,13.505000114440918,13.319999694824219,13.420000076293945,153184,0.0,0.0
2024-05-10 15:30:00-04:00,13.420000076293945,13.46500015258789,13.3149995803833,13.369999885559082,272693,0.0,0.0
2024-05-13 09:30:00-04:00,13.430000305175781,13.524999618530273,13.265000343322754,13.423999786376953,116757,0.0,0.0
2024-05-13 10:30:00-04:00,13.420000076293945,13.449999809265137,13.239999771118164,13.369999885559082,66914,0.0,0.0
2024-05-13 11:30:00-04:00,13.324999809265137,13.350000381469727,13.243800163269043,13.319999694824219,51646,0.0,0.0
2024-05-13 12:30:00-04:00,13.329999923706055,13.369999885559082,13.25,13.270000457763672,47476,0.0,0.0
2024-05-13 13:30:00-04:00,13.250100135803223,13.305000305175781,13.239999771118164,13.305000305175781,23023,0.0,0.0
2024-05-13 14:30:00-04:00,13.319999694824219,13.479999542236328,13.319999694824219,13.430000305175781,49717,0.0,0.0
2024-05-13 15:30:00-04:00,13.430000305175781,13.444999694824219,13.300000190734863,13.350000381469727,115614,0.0,0.0
2024-05-14 09:30:00-04:00,13.4399995803833,13.600000381469727,13.175000190734863,13.510000228881836,106748,0.0,0.0
2024-05-14 10:30:00-04:00,13.510000228881836,13.670000076293945,13.510000228881836,13.60990047454834,69140,0.0,0.0
2024-05-14 11:30:00-04:00,13.609999656677246,13.739999771118164,13.609999656677246,13.669899940490723,76000,0.0,0.0
2024-05-14 12:30:00-04:00,13.670000076293945,13.805000305175781,13.654999732971191,13.759499549865723,93100,0.0,0.0
2024-05-14 13:30:00-04:00,13.75,13.8100004196167,13.729999542236328,13.75,61233,0.0,0.0
2024-05-14 14:30:00-04:00,13.75,13.800000190734863,13.71500015258789,13.770000457763672,85872,0.0,0.0
2024-05-14 15:30:00-04:00,13.77280044555664,13.9399995803833,13.77280044555664,13.899999618530273,185271,0.0,0.0
2024-05-15 09:30:00-04:00,13.949999809265137,13.989999771118164,13.8100004196167,13.8100004196167,103320,0.0,0.0
2024-05-15 10:30:00-04:00,13.805000305175781,13.859999656677246,13.744999885559082,13.84000015258789,70418,0.0,0.0
2024-05-15 11:30:00-04:00,13.835000038146973,13.890000343322754,13.770000457763672,13.869999885559082,76576,0.0,0.0
2024-05-15 12:30:00-04:00,13.880000114440918,13.999199867248535,13.845000267028809,13.989999771118164,67575,0.0,0.0
2024-05-15 13:30:00-04:00,13.989999771118164,14.055000305175781,13.975000381469727,14.0,70820,0.0,0.0
2024-05-15 14:30:00-04:00,14.010000228881836,14.020000457763672,13.954999923706055,13.96500015258789,87553,0.0,0.0
2024-05-15 15:30:00-04:00,13.96500015258789,14.020000457763672,13.949999809265137,14.020000457763672,117121,0.0,0.0
2024-05-16 09:30:00-04:00,14.029999732971191,14.1850004196167,14.0,14.169899940490723,116055,0.0,0.0
2024-05-16 10:30:00-04:00,14.170000076293945,14.295000076293945,14.109999656677246,14.225000381469727,113646,0.0,0.0
2024-05-16 11:30:00-04:00,14.229999542236328,14.364999771118164,14.219900131225586,14.364999771118164,138956,0.0,0.0
2024-05-16 12:30:00-04:00,14.364999771118164,14.395000457763672,14.274999618530273,14.300000190734863,70674,0.0,0.0
2024-05-16 13:30:00-04:00,14.295000076293945,14.3100004196167,14.239999771118164,14.270099639892578,68748,0.0,0.0
2024-05-16 14:30:00-04:00,14.274999618530273,14.380000114440918,14.274999618530273,14.369999885559082,73283,0.0,0.0
2024-05-16 15:30:00-04:00,14.380000114440918,14.470000267028809,14.350000381469727,14.4399995803833,154328,0.0,0.0
2024-05-17 09:30:00-04:00,14.550000190734863,14.75,14.399999618530273,14.664999961853027,130048,0.0,0.0
2024-05-17 10:30:00-04:00,14.654000282287598,14.704999923706055,14.569999694824219,14.670000076293945,87521,0.0,0.0
2024-05-17 11:30:00-04:00,14.680000305175781,14.758000373840332,14.630000114440918,14.710000038146973,71791,0.0,0.0
2024-05-17 12:30:00-04:00,14.703900337219238,14.720000267028809,14.664999961853027,14.694999694824219,38937,0.0,0.0
2024-05-17 13:30:00-04:00,14.699999809265137,14.734999656677246,14.673999786376953,14.720000267028809,57642,0.0,0.0
2024-05-17 14:30:00-04:00,14.720000267028809,14.744999885559082,14.649999618530273,14.65999984741211,65322,0.0,0.0
2024-05-17 15:30:00-04:00,14.670000076293945,14.694999694824219,14.635000228881836,14.649999618530273,108639,0.0,0.0
2024-05-20 09:30:00-04:00,14.649999618530273,14.760000228881836,14.550100326538086,14.720000267028809,125924,0.0,0.0
2024-05-20 10:30:00-04:00,14.720000267028809,14.770000457763672,14.65999984741211,14.708900451660156,89998,0.0,0.0
2024-05-20 11:30:00-04:00,14.699999809265137,14.704999923706055,14.604999542236328,14.654999732971191,61974,0.0,0.0
2024-05-20 12:30:00-04:00,14.654999732971191,14.654999732971191,14.600099563598633,14.600099563598633,48280,0.0,0.0
2024-05-20 13:30:00-04:00,14.619999885559082,14.640000343322754,14.569999694824219,14.59000015258789,32005,0.0,0.0
2024-05-20 14:30:00-04:00,14.579999923706055,14.645000457763672,14.550000190734863,14.569999694824219,72882,0.0,0.0
2024-05-20 15:30:00-04:00,14.569999694824219,14.585000038146973,14.489999771118164,14.489999771118164,167898,0.0,0.0
2024-05-21 09:30:00-04:00,14.359999656677246,14.399999618530273,14.239999771118164,14.375,93397,0.0,0.0
2024-05-21 10:30:00-04:00,14.395000457763672,14.595000267028809,14.395000457763672,14.579999923706055,95185,0.0,0.0
2024-05-21 11:30:00-04:00,14.579999923706055,14.614999771118164,14.53499984741211,14.555000305175781,38050,0.0,0.0
2024-05-21 12:30:00-04:00,14.550000190734863,14.579999923706055,14.5,14.579999923706055,78176,0.0,0.0
2024-05-21 13:30:00-04:00,14.585000038146973,14.625,14.5600004196167,14.579999923706055,54736,0.0,0.0
2024-05-21 14:30:00-04:00,14.574999809265137,14.595000267028809,14.5600004196167,14.585000038146973,46131,0.0,0.0
2024-05-21 15:30:00-04:00,14.585000038146973,14.654999732971191,14.579999923706055,14.640000343322754,115344,0.0,0.0
2024-05-22 09:30:00-04:00,14.529999732971191,14.59000015258789,14.399999618530273,14.494999885559082,91265,0.0,0.0
2024-05-22 10:30:00-04:00,14.5,14.595000267028809,14.5,14.595000267028809,84073,0.0,0.0
2024-05-22 11:30:00-04:00,14.59000015258789,14.654999732971191,14.59000015258789,14.64009952545166,46319,0.0,0.0
2024-05-22 12:30:00-04:00,14.645000457763672,14.649999618530273,14.579999923706055,14.614999771118164,33902,0.0,0.0
2024-05-22 13:30:00-04:00,14.614999771118164,14.614999771118164,14.5,14.520000457763672,56422,0.0,0.0
2024-05-22 14:30:00-04:00,14.520000457763672,14.630000114440918,14.520000457763672,14.619999885559082,56748,0.0,0.0
2024-05-22 15:30:00-04:00,14.630000114440918,14.744999885559082,14.630000114440918,14.739999771118164,145992,0.0,0.0
2024-05-23 09:30:00-04:00,14.789999961853027,14.859999656677246,14.690699577331543,14.819999694824219,60225,0.0,0.0
2024-05-23 10:30:00-04:00,14.8100004196167,14.84000015258789,14.710000038146973,14.835000038146973,69342,0.0,0.0
2024-05-23 11:30:00-04:00,14.835000038146973,14.869999885559082,14.75,14.8149995803833,41951,0.0,0.0
2024-05-23 12:30:00-04:00,14.8149995803833,14.824999809265137,14.699999809265137,14.706000328063965,37966,0.0,0.0
2024-05-23 13:30:00-04:00,14.704999923706055,14.739999771118164,14.640000343322754,14.654999732971191,52405,0.0,0.0
2024-05-23 14:30:00-04:00,14.649999618530273,14.734999656677246,14.640000343322754,14.720000267028809,58926,0.0,0.0
2024-05-23 15:30:00-04:00,14.720000267028809,14.869999885559082,14.720000267028809,14.859999656677246,154631,0.0,0.0
2024-05-24 09:30:00-04:00,14.920000076293945,15.289299964904785,14.920000076293945,15.170000076293945,167911,0.0,0.0
2024-05-24 10:30:00-04:00,15.170000076293945,15.170000076293945,15.029999732971191,15.039899826049805,67184,0.0,0.0
2024-05-24 11:30:00-04:00,15.03499984741211,15.164400100708008,15.020000457763672,15.020000457763672,118289,0.0,0.0
2024-05-24 12:30:00-04:00,15.020000457763672,15.039999961853027,14.880000114440918,14.905599594116211,125673,0.0,0.0
2024-05-24 13:30:00-04:00,14.899999618530273,15.0,14.899999618530273,14.975000381469727,79998,0.0,0.0
2024-05-24 14:30:00-04:00,14.975000381469727,15.029000282287598,14.972000122070312,15.024999618530273,50277,0.0,0.0
2024-05-24 15:30:00-04:00,15.029999732971191,15.079999923706055,14.994999885559082,15.069999694824219,98125,0.0,0.0
2024-05-28 09:30:00-04:00,15.09000015258789,15.09000015258789,14.6899995803833,14.829999923706055,264897,0.0,0.0
2024-05-28 10:30:00-04:00,14.824999809265137,15.079999923706055,14.8149995803833,15.0649995803833,107209,0.0,0.0
2024-05-28 11:30:00-04:00,15.069999694824219,15.1899995803833,15.050000190734863,15.100000381469727,50736,0.0,0.0
2024-05-28 12:30:00-04:00,15.095000267028809,15.119999885559082,15.050000190734863,15.050000190734863,119381,0.0,0.0
2024-05-28 13:30:00-04:00,15.039999961853027,15.050000190734863,14.9753999710083,15.0,36939,0.0,0.0
2024-05-28 14:30:00-04:00,15.0,15.119999885559082,15.0,15.114999771118164,38393,0.0,0.0
2024-05-28 15:30:00-04:00,15.119999885559082,15.140000343322754,15.0600004196167,15.079999923706055,94051,0.0,0.0
2024-05-29 09:30:00-04:00,15.0,15.289999961853027,14.920000076293945,15.234999656677246,121654,0.0,0.0
2024-05-29 10:30:00-04:00,15.234999656677246,15.25,15.109999656677246,15.180000305175781,108215,0.0,0.0
2024-05-29 11:30:00-04:00,15.1850004196167,15.1850004196167,15.069999694824219,15.180000305175781,57663,0.0,0.0
2024-05-29 12:30:00-04:00,15.175000190734863,15.225000381469727,15.119999885559082,15.194999694824219,67235,0.0,0.0
2024-05-29 13:30:00-04:00,15.194999694824219,15.220000267028809,15.100000381469727,15.100000381469727,59283,0.0,0.0
2024-05-29 14:30:00-04:00,15.085000038146973,15.154999732971191,15.050100326538086,15.140000343322754,48539,0.0,0.0
2024-05-29 15:30:00-04:00,15.140000343322754,15.194999694824219,15.130000114440918,15.1899995803833,83265,0.0,0.0
2024-05-30 09:30:00-04:00,15.199999809265137,15.380000114440918,15.09000015258789,15.28499984741211,141557,0.0,0.0
2024-05-30 10:30:00-04:00,15.279999732971191,15.449999809265137,15.270000457763672,15.444999694824219,75488,0.0,0.0
2024-05-30 11:30:00-04:00,15.449999809265137,15.600000381469727,15.399999618530273,15.539999961853027,82259,0.0,0.0
2024-05-30 12:30:00-04:00,15.539999961853027,15.579999923706055,15.399999618530273,15.5600004196167,116505,0.0,0.0
2024-05-30 13:30:00-04:00,15.5649995803833,15.680000305175781,15.529999732971191,15.629899978637695,88757,0.0,0.0
2024-05-30 14:30:00-04:00,15.625,15.670000076293945,15.579999923706055,15.619999885559082,86306,0.0,0.0
2024-05-30 15:30:00-04:00,15.61929988861084,15.65999984741211,15.600000381469727,15.630000114440918,136828,0.0,0.0
2024-05-31 09:30:00-04:00,15.640000343322754,15.789999961853027,15.600000381469727,15.635000228881836,98791,0.0,0.0
2024-05-31 10:30:00-04:00,15.635000228881836,15.675000190734863,15.53499984741211,15.54990005493164,76854,0.0,0.0
2024-05-31 11:30:00-04:00,15.550000190734863,15.739999771118164,15.539999961853027,15.704999923706055,63816,0.0,0.0
2024-05-31 12:30:00-04:00,15.704999923706055,15.899999618530273,15.704999923706055,15.899900436401367,82034,0.0,0.0
2024-05-31 13:30:00-04:00,15.8927001953125,15.960000038146973,15.8927001953125,15.944999694824219,62271,0.0,0.0
2024-05-31 14:30:00-04:00,15.9399995803833,15.994999885559082,15.899999618530273,15.971199989318848,78398,0.0,0.0
2024-05-31 15:30:00-04:00,15.970000267028809,16.059999465942383,15.960000038146973,16.020000457763672,210219,0.0,0.0
2024-06-03 09:30:00-04:00,16.1200008392334,16.280000686645508,16.049999237060547,16.190000534057617,215182,0.0,0.0
2024-06-03 10:30:00-04:00,16.110000610351562,16.399999618530273,16.045900344848633,16.329999923706055,138485,0.0,0.0
2024-06-03 11:30:00-04:00,16.34000015258789,16.459999084472656,16.31999969482422,16.385000228881836,106116,0.0,0.0
2024-06-03 12:30:00-04:00,16.3799991607666,16.3887996673584,16.100000381469727,16.100000381469727,81665,0.0,0.0
2024-06-03 13:30:00-04:00,16.100000381469727,16.34000015258789,16.100000381469727,16.2450008392334,90298,0.0,0.0
2024-06-03 14:30:00-04:00,16.239999771118164,16.34000015258789,16.139999389648438,16.229999542236328,158341,0.0,0.0
2024-06-03 15:30:00-04:00,16.239999771118164,16.25,16.190000534057617,16.200000762939453,152335,0.0,0.0
2024-06-04 09:30:00-04:00,15.970000267028809,16.190000534057617,15.914999961853027,16.020000457763672,234621,0.0,0.0
2024-06-04 10:30:00-04:00,16.03499984741211,16.049999237060547,15.6899995803833,15.71500015258789,192473,0.0,0.0
2024-06-04 11:30:00-04:00,15.720000267028809,15.890000343322754,15.645000457763672,15.734999656677246,95075,0.0,0.0
2024-06-04 12:30:00-04:00,15.739999771118164,15.800000190734863,15.649999618530273,15.699999809265137,67869,0.0,0.0
2024-06-04 13:30:00-04:00,15.710000038146973,15.710000038146973,15.460000038146973,15.609999656677246,132097,0.0,0.0
2024-06-04 14:30:00-04:00,15.600000381469727,15.600000381469727,15.451000213623047,15.550000190734863,90636,0.0,0.0
2024-06-04 15:30:00-04:00,15.545000076293945,15.609999656677246,15.475000381469727,15.609999656677246,183779,0.0,0.0
2024-06-05 09:30:00-04:00,15.720000267028809,15.970000267028809,15.609999656677246,15.805000305175781,123814,0.0,0.0
2024-06-05 10:30:00-04:00,15.800000190734863,15.994999885559082,15.720000267028809,15.970000267028809,162233,0.0,0.0
2024-06-05 11:30:00-04:00,15.960000038146973,15.979999542236328,15.920000076293945,15.955400466918945,71306,0.0,0.0
2024-06-05 12:30:00-04:00,15.950499534606934,16.129899978637695,15.949999809265137,16.06999969482422,113465,0.0,0.0
2024-06-05 13:30:00-04:00,16.059999465942383,16.100000381469727,16.0,16.075000762939453,54912,0.0,0.0
2024-06-05 14:30:00-04:00,16.079999923706055,16.190000534057617,16.059999465942383,16.145000457763672,104311,0.0,0.0
2024-06-05 15:30:00-04:00,16.145000457763672,16.19890022277832,16.075000762939453,16.114999771118164,140959,0.0,0.0
2024-06-06 09:30:00-04:00,16.059999465942383,16.077499389648438,15.635000228881836,15.663000106811523,152105,0.0,0.0
2024-06-06 10:30:00-04:00,15.65999984741211,15.914999961853027,15.640000343322754,15.770000457763672,67545,0.0,0.0
2024-06-06 11:30:00-04:00,15.760000228881836,15.8149995803833,15.569999694824219,15.622599601745605,91269,0.0,0.0
2024-06-06 12:30:00-04:00,15.619999885559082,15.630000114440918,15.510000228881836,15.569999694824219,90771,0.0,0.0
2024-06-06 13:30:00-04:00,15.5649995803833,15.5649995803833,15.420000076293945,15.479999542236328,96721,0.0,0.0
2024-06-06 14:30:00-04:00,15.479999542236328,15.520000457763672,15.414999961853027,15.4399995803833,114721,0.0,0.0
2024-06-06 15:30:00-04:00,15.4350004196167,15.479999542236328,15.34000015258789,15.479999542236328,190863,0.0,0.0
2024-06-07 09:30:00-04:00,15.5,15.550000190734863,15.300999641418457,15.369999885559082,76576,0.0,0.0
2024-06-07 10:30:00-04:00,15.369999885559082,15.494999885559082,15.250200271606445,15.345000267028809,120794,0.0,0.0
2024-06-07 11:30:00-04:00,15.350000381469727,15.385000228881836,15.305000305175781,15.385000228881836,59556,0.0,0.0
2024-06-07 12:30:00-04:00,15.390000343322754,15.414999961853027,15.350000381469727,15.364999771118164,68573,0.0,0.0
2024-06-07 13:30:00-04:00,15.359999656677246,15.375,15.295000076293945,15.359999656677246,64546,0.0,0.0
2024-06-07 14:30:00-04:00,15.369999885559082,15.420000076293945,15.329999923706055,15.359999656677246,85922,0.0,0.0
2024-06-07 15:30:00-04:00,15.359999656677246,15.489999771118164,15.359999656677246,15.479999542236328,190390,0.0,0.0
2024-06-10 09:30:00-04:00,15.359999656677246,15.390000343322754,15.260000228881836,15.319999694824219,66029,0.0,0.0
2024-06-10 10:30:00-04:00,15.319999694824219,15.539400100708008,15.319999694824219,15.5,73317,0.0,0.0
2024-06-10 11:30:00-04:00,15.505000114440918,15.529999732971191,15.46500015258789,15.520000457763672,30523,0.0,0.0
2024-06-10 12:30:00-04:00,15.520000457763672,15.555000305175781,15.449999809265137,15.449999809265137,41387,0.0,0.0
2024-06-10 13:30:00-04:00,15.449999809265137,15.524999618530273,15.4399995803833,15.4399995803833,59587,0.0,0.0
2024-06-10 14:30:00-04:00,15.430000305175781,15.595000267028809,15.430000305175781,15.585000038146973,45065,0.0,0.0
2024-06-10 15:30:00-04:00,15.585000038146973,15.6899995803833,15.5600004196167,15.680000305175781,117030,0.0,0.0
2024-06-11 09:30:00-04:00,15.40999984741211,15.4399995803833,15.15999984741211,15.425000190734863,129674,0.0,0.0
2024-06-11 10:30:00-04:00,15.420000076293945,15.479999542236328,15.34000015258789,15.40999984741211,99207,0.0,0.0
2024-06-11 11:30:00-04:00,15.414999961853027,15.420000076293945,15.3149995803833,15.375,45784,0.0,0.0
2024-06-11 12:30:00-04:00,15.369999885559082,15.420000076293945,15.345000267028809,15.380000114440918,61065,0.0,0.0
2024-06-11 13:30:00-04:00,15.385000228881836,15.494999885559082,15.385000228881836,15.489999771118164,51131,0.0,0.0
2024-06-11 14:30:00-04:00,15.479999542236328,15.479999542236328,15.40999984741211,15.432499885559082,53269,0.0,0.0
2024-06-11 15:30:00-04:00,15.4350004196167,15.454999923706055,15.385000228881836,15.430000305175781,122615,0.0,0.0
2024-06-12 09:30:00-04:00,15.619999885559082,15.75,15.569999694824219,15.694999694824219,110966,0.0,0.0
2024-06-12 10:30:00-04:00,15.6850004196167,15.6850004196167,15.5600004196167,15.640000343322754,60333,0.0,0.0
2024-06-12 11:30:00-04:00,15.630000114440918,15.680000305175781,15.609999656677246,15.649999618530273,58358,0.0,0.0
2024-06-12 12:30:00-04:00,15.640000343322754,15.670000076293945,15.574999809265137,15.614999771118164,46642,0.0,0.0
2024-06-12 13:30:00-04:00,15.619999885559082,15.65999984741211,15.550000190734863,15.654999732971191,56257,0.0,0.0
2024-06-12 14:30:00-04:00,15.65999984741211,15.670000076293945,15.520000457763672,15.524999618530273,61718,0.0,0.0
2024-06-12 15:30:00-04:00,15.529999732971191,15.53499984741211,15.4399995803833,15.470000267028809,97896,0.0,0.0
2024-06-13 09:30:00-04:00,15.369999885559082,15.375,15.050000190734863,15.079999923706055,154982,0.0,0.0
2024-06-13 10:30:00-04:00,15.09000015258789,15.244999885559082,15.050000190734863,15.239999771118164,81487,0.0,0.0
2024-06-13 11:30:00-04:00,15.239999771118164,15.270000457763672,15.149999618530273,15.154999732971191,64677,0.0,0.0
2024-06-13 12:30:00-04:00,15.154999732971191,15.255000114440918,15.142600059509277,15.244999885559082,39293,0.0,0.0
2024-06-13 13:30:00-04:00,15.244999885559082,15.265000343322754,15.204999923706055,15.25,32767,0.0,0.0
2024-06-13 14:30:00-04:00,15.260000228881836,15.329999923706055,15.255000114440918,15.305000305175781,35061,0.0,0.0
2024-06-13 15:30:00-04:00,15.305000305175781,15.430000305175781,15.295000076293945,15.420000076293945,72022,0.0,0.0
2024-06-14 09:30:00-04:00,15.220000267028809,15.489999771118164,15.220000267028809,15.484999656677246,145997,0.0,0.0
2024-06-14 10:30:00-04:00,15.489999771118164,15.539999961853027,15.25,15.28499984741211,131712,0.0,0.0
2024-06-14 11:30:00-04:00,15.28499984741211,15.28499984741211,15.085000038146973,15.09000015258789,67095,0.0,0.0
2024-06-14 12:30:00-04:00,15.09000015258789,15.140000343322754,15.020000457763672,15.104999542236328,70575,0.0,0.0
2024-06-14 13:30:00-04:00,15.100000381469727,15.104999542236328,15.029999732971191,15.09000015258789,61158,0.0,0.0
2024-06-14 14:30:00-04:00,15.09000015258789,15.104999542236328,14.859999656677246,14.925000190734863,115408,0.0,0.0
2024-06-14 15:30:00-04:00,14.920000076293945,15.0,14.899999618530273,15.0,144741,0.0,0.0
2024-06-17 09:30:00-04:00,15.0,15.0600004196167,14.800000190734863,14.8100004196167,66652,0.0,0.0
2024-06-17 10:30:00-04:00,14.805000305175781,15.0,14.720000267028809,14.989999771118164,100128,0.0,0.0
2024-06-17 11:30:00-04:00,14.989999771118164,15.005000114440918,14.920000076293945,14.989999771118164,62814,0.0,0.0
2024-06-17 12:30:00-04:00,14.989999771118164,15.09000015258789,14.98900032043457,15.0600004196167,88949,0.0,0.0
2024-06-17 13:30:00-04:00,15.0600004196167,15.218999862670898,15.045000076293945,15.1850004196167,63671,0.0,0.0
2024-06-17 14:30:00-04:00,15.170000076293945,15.194999694824219,15.109999656677246,15.180000305175781,54154,0.0,0.0
2024-06-17 15:30:00-04:00,15.1850004196167,15.1899995803833,15.140000343322754,15.175000190734863,55189,0.0,0.0
2024-06-18 09:30:00-04:00,15.199999809265137,15.300000190734863,15.154999732971191,15.300000190734863,62763,0.0,0.0
2024-06-18 10:30:00-04:00,15.300000190734863,15.300000190734863,15.190099716186523,15.244999885559082,31333,0.0,0.0
2024-06-18 11:30:00-04:00,15.25,15.300000190734863,15.239999771118164,15.300000190734863,28373,0.0,0.0
2024-06-18 12:30:00-04:00,15.290200233459473,15.339099884033203,15.279999732971191,15.305000305175781,54426,0.0,0.0
2024-06-18 13:30:00-04:00,15.295000076293945,15.372699737548828,15.295000076293945,15.372699737548828,33086,0.0,0.0
2024-06-18 14:30:00-04:00,15.375,15.479999542236328,15.375,15.453100204467773,75898,0.0,0.0
2024-06-18 15:30:00-04:00,15.460000038146973,15.479999542236328,15.425000190734863,15.479999542236328,101119,0.0,0.0
2024-06-20 09:30:00-04:00,15.489999771118164,15.954999923706055,15.489999771118164,15.954999923706055,145854,0.0,0.0
2024-06-20 10:30:00-04:00,15.954999923706055,16.219999313354492,15.949999809265137,16.21500015258789,147945,0.0,0.0
2024-06-20 11:30:00-04:00,16.200000762939453,16.40999984741211,16.19580078125,16.34000015258789,153387,0.0,0.0
2024-06-20 12:30:00-04:00,16.344999313354492,16.358999252319336,16.190000534057617,16.225000381469727,157551,0.0,0.0
2024-06-20 13:30:00-04:00,16.229999542236328,16.299999237060547,16.18000030517578,16.270000457763672,86026,0.0,0.0
2024-06-20 14:30:00-04:00,16.274999618530273,16.3700008392334,16.219999313354492,16.325000762939453,145027,0.0,0.0
2024-06-20 15:30:00-04:00,16.325000762939453,16.3700008392334,16.264999389648438,16.360000610351562,152803,0.0,0.0
2024-06-21 09:30:00-04:00,16.389999389648438,16.7450008392334,16.34000015258789,16.725000381469727,337040,0.0,0.0
2024-06-21 10:30:00-04:00,16.719999313354492,16.8700008392334,16.655000686645508,16.7450008392334,209997,0.0,0.0
2024-06-21 11:30:00-04:00,16.7450008392334,16.81999969482422,16.6299991607666,16.76799964904785,150549,0.0,0.0
2024-06-21 12:30:00-04:00,16.764999389648438,16.899999618530273,16.764999389648438,16.84000015258789,113338,0.0,0.0
2024-06-21 13:30:00-04:00,16.84000015258789,16.895000457763672,16.799999237060547,16.889999389648438,98237,0.0,0.0
2024-06-21 14:30:00-04:00,16.889999389648438,17.0049991607666,16.829999923706055,16.950000762939453,277415,0.0,0.0
2024-06-21 15:30:00-04:00,16.950000762939453,16.959999084472656,16.825000762939453,16.860000610351562,325786,0.0,0.0
2024-06-24 09:30:00-04:00,16.8799991607666,17.575000762939453,16.829999923706055,17.350000381469727,333974,0.0,0.0
2024-06-24 10:30:00-04:00,17.350099563598633,17.3700008392334,16.809499740600586,16.850000381469727,215668,0.0,0.0
2024-06-24 11:30:00-04:00,16.860000610351562,17.020000457763672,16.820100784301758,17.014999389648438,98242,0.0,0.0
2024-06-24 12:30:00-04:00,17.010000228881836,17.045000076293945,16.899999618530273,16.899999618530273,81776,0.0,0.0
2024-06-24 13:30:00-04:00,16.899999618530273,16.975000381469727,16.800500869750977,16.844999313354492,102226,0.0,0.0
2024-06-24 14:30:00-04:00,16.84000015258789,16.93000030517578,16.839799880981445,16.90999984741211,88930,0.0,0.0
2024-06-24 15:30:00-04:00,16.915000915527344,16.9950008392334,16.915000915527344,16.94499969482422,230123,0.0,0.0
2024-06-25 09:30:00-04:00,16.920000076293945,17.149999618530273,16.850000381469727,16.95009994506836,109145,0.0,0.0
2024-06-25 10:30:00-04:00,16.969999313354492,17.110000610351562,16.934999465942383,17.05430030822754,59395,0.0,0.0
2024-06-25 11:30:00-04:00,17.05500030517578,17.209999084472656,17.049999237060547,17.094999313354492,63588,0.0,0.0
2024-06-25 12:30:00-04:00,17.09000015258789,17.170000076293945,16.985000610351562,17.15999984741211,72430,0.0,0.0
2024-06-25 13:30:00-04:00,17.15999984741211,17.174999237060547,17.094999313354492,17.170000076293945,64250,0.0,0.0
2024-06-25 14:30:00-04:00,17.165000915527344,17.229999542236328,17.125,17.229999542236328,88952,0.0,0.0
2024-06-25 15:30:00-04:00,17.235000610351562,17.274999618530273,17.190000534057617,17.190000534057617,176464,0.0,0.0
2024-06-26 09:30:00-04:00,17.260000228881836,17.260000228881836,17.09000015258789,17.139999389648438,63815,0.0,0.0
2024-06-26 10:30:00-04:00,17.135000228881836,17.135000228881836,16.989999771118164,17.100000381469727,89930,0.0,0.0
2024-06-26 11:30:00-04:00,17.094999313354492,17.1299991607666,16.94499969482422,16.979999542236328,60914,0.0,0.0
2024-06-26 12:30:00-04:00,16.975000381469727,16.979999542236328,16.815000534057617,16.829999923706055,91791,0.0,0.0
2024-06-26 13:30:00-04:00,16.834999084472656,16.860000610351562,16.808000564575195,16.850000381469727,83663,0.0,0.0
2024-06-26 14:30:00-04:00,16.844999313354492,16.8700008392334,16.690000534057617,16.760000228881836,167847,0.0,0.0
2024-06-26 15:30:00-04:00,16.764999389648438,16.774999618530273,16.709999084472656,16.739999771118164,165454,0.0,0.0
2024-06-27 09:30:00-04:00,16.739999771118164,16.8799991607666,16.200000762939453,16.344999313354492,278682,0.0,0.0
2024-06-27 10:30:00-04:00,16.34000015258789,16.454999923706055,16.270000457763672,16.3799991607666,174645,0.0,0.0
2024-06-27 11:30:00-04:00,16.389999389648438,16.399999618530273,16.290000915527344,16.315000534057617,101777,0.0,0.0
2024-06-27 12:30:00-04:00,16.329999923706055,16.34000015258789,16.239999771118164,16.242900848388672,74978,0.0,0.0
2024-06-27 13:30:00-04:00,16.239999771118164,16.350000381469727,16.180500030517578,16.34000015258789,106434,0.0,0.0
2024-06-27 14:30:00-04:00,16.344999313354492,16.3799991607666,16.31999969482422,16.364999771118164,77679,0.0,0.0
2024-06-27 15:30:00-04:00,16.3700008392334,16.479999542236328,16.34000015258789,16.479999542236328,180043,0.0,0.0
2024-06-28 09:30:00-04:00,16.56999969482422,16.889999389648438,16.489999771118164,16.690000534057617,151139,0.0,0.0
2024-06-28 10:30:00-04:00,16.690000534057617,16.700000762939453,16.40999984741211,16.5,141145,0.0,0.0
2024-06-28 11:30:00-04:00,16.5,16.545000076293945,16.40999984741211,16.5049991607666,82312,0.0,0.0
2024-06-28 12:30:00-04:00,16.5049991607666,16.5049991607666,16.350000381469727,16.420000076293945,122480,0.0,0.0
2024-06-28 13:30:00-04:00,16.434999465942383,16.459999084472656,16.280000686645508,16.290000915527344,85950,0.0,0.0
2024-06-28 14:30:00-04:00,16.30500030517578,16.40999984741211,16.270000457763672,16.3700008392334,75109,0.0,0.0
2024-06-28 15:30:00-04:00,16.364999771118164,16.540000915527344,16.334999084472656,16.420000076293945,200694,0.0,0.0
2024-07-01 09:30:00-04:00,16.549999237060547,16.549999237060547,16.110000610351562,16.1299991607666,88706,0.0,0.0
2024-07-01 10:30:00-04:00,16.145000457763672,16.354999542236328,16.040000915527344,16.280000686645508,82997,0.0,0.0
2024-07-01 11:30:00-04:00,16.270000457763672,16.360000610351562,16.204999923706055,16.360000610351562,72625,0.0,0.0
2024-07-01 12:30:00-04:00,16.3700008392334,16.420000076293945,16.350000381469727,16.405000686645508,50953,0.0,0.0
2024-07-01 13:30:00-04:00,16.405000686645508,16.440000534057617,16.219999313354492,16.260000228881836,107005,0.0,0.0
2024-07-01 14:30:00-04:00,16.2549991607666,16.2549991607666,16.139999389648438,16.190000534057617,138713,0.0,0.0
2024-07-01 15:30:00-04:00,16.190000534057617,16.360000610351562,16.18000030517578,16.329500198364258,192330,0.0,0.0
2024-07-02 09:30:00-04:00,16.25,16.649999618530273,16.15999984741211,16.610000610351562,117051,0.0,0.0
2024-07-02 10:30:00-04:00,16.609800338745117,16.75,16.609800338745117,16.690000534057617,117843,0.0,0.0
2024-07-02 11:30:00-04:00,16.684999465942383,16.725000381469727,16.520000457763672,16.520000457763672,75882,0.0,0.0
2024-07-02 12:30:00-04:00,16.520099639892578,16.670000076293945,16.520099639892578,16.635000228881836,62988,0.0,0.0
2024-07-02 13:30:00-04:00,16.635000228881836,16.704999923706055,16.610000610351562,16.665000915527344,75380,0.0,0.0
2024-07-02 14:30:00-04:00,16.665000915527344,16.71500015258789,16.655000686645508,16.709999084472656,88798,0.0,0.0
2024-07-02 15:30:00-04:00,16.700000762939453,16.719999313354492,16.649999618530273,16.66900062561035,166795,0.0,0.0
2024-07-03 09:30:00-04:00,16.65999984741211,16.9950008392334,16.65999984741211,16.97610092163086,91813,0.0,0.0
2024-07-03 10:30:00-04:00,16.979999542236328,17.114999771118164,16.975000381469727,16.989999771118164,77540,0.0,0.0
2024-07-03 11:30:00-04:00,16.989999771118164,17.045000076293945,16.969999313354492,17.040000915527344,37672,0.0,0.0
2024-07-05 09:30:00-04:00,16.899999618530273,16.969900131225586,16.489999771118164,16.489999771118164,82876,0.0,0.0
2024-07-05 10:30:00-04:00,16.479999542236328,16.520000457763672,16.309999465942383,16.359899520874023,60165,0.0,0.0
2024-07-05 11:30:00-04:00,16.360000610351562,16.389999389648438,16.184999465942383,16.239999771118164,81822,0.0,0.0
2024-07-05 12:30:00-04:00,16.229999542236328,16.229999542236328,16.065000534057617,16.21500015258789,105014,0.0,0.0
2024-07-05 13:30:00-04:00,16.239999771118164,16.274999618530273,16.174999237060547,16.239999771118164,74190,0.0,0.0
2024-07-05 14:30:00-04:00,16.239999771118164,16.329999923706055,16.19499969482422,16.19499969482422,67431,0.0,0.0
2024-07-05 15:30:00-04:00,16.19499969482422,16.209999084472656,16.1200008392334,16.1299991607666,122631,0.0,0.0
2024-07-08 09:30:00-04:00,16.100000381469727,16.125,15.5600004196167,15.609999656677246,217590,0.0,0.0
2024-07-08 10:30:00-04:00,15.609999656677246,15.680000305175781,15.472000122070312,15.579999923706055,93250,0.0,0.0
2024-07-08 11:30:00-04:00,15.579999923706055,15.649999618530273,15.470999717712402,15.619999885559082,65296,0.0,0.0
2024-07-08 12:30:00-04:00,15.619999885559082,15.630000114440918,15.470000267028809,15.479999542236328,52181,0.0,0.0
2024-07-08 13:30:00-04:00,15.475000381469727,15.520000457763672,15.390000343322754,15.449999809265137,96558,0.0,0.0
2024-07-08 14:30:00-04:00,15.4399995803833,15.539999961853027,15.385000228881836,15.430000305175781,185392,0.0,0.0
2024-07-08 15:30:00-04:00,15.439000129699707,15.494999885559082,15.399999618530273,15.40999984741211,168471,0.0,0.0
2024-07-09 09:30:00-04:00,15.399999618530273,15.40999984741211,15.25,15.316900253295898,53165,0.0,0.0
2024-07-09 10:30:00-04:00,15.329999923706055,15.39009952545166,15.229999542236328,15.3100004196167,56066,0.0,0.0
2024-07-09 11:30:00-04:00,15.3100004196167,15.414999961853027,15.300000190734863,15.380000114440918,39407,0.0,0.0
2024-07-09 12:30:00-04:00,15.380000114440918,15.420100212097168,15.354999542236328,15.390000343322754,60206,0.0,0.0
2024-07-09 13:30:00-04:00,15.390000343322754,15.414999961853027,15.239999771118164,15.260000228881836,55300,0.0,0.0
2024-07-09 14:30:00-04:00,15.260000228881836,15.329999923706055,15.234999656677246,15.295000076293945,60262,0.0,0.0
2024-07-09 15:30:00-04:00,15.289999961853027,15.289999961853027,15.175000190734863,15.255000114440918,173095,0.0,0.0
2024-07-10 09:30:00-04:00,15.319999694824219,15.479999542236328,15.319999694824219,15.470000267028809,55911,0.0,0.0
2024-07-10 10:30:00-04:00,15.479999542236328,15.600000381469727,15.430000305175781,15.529999732971191,58598,0.0,0.0
2024-07-10 11:30:00-04:00,15.529999732971191,15.779999732971191,15.520000457763672,15.739999771118164,63955,0.0,0.0
2024-07-10 12:30:00-04:00,15.729999542236328,15.789999961853027,15.699999809265137,15.739999771118164,59624,0.0,0.0
2024-07-10 13:30:00-04:00,15.739999771118164,15.75,15.649999618530273,15.670000076293945,31774,0.0,0.0
2024-07-10 14:30:00-04:00,15.670000076293945,15.779899597167969,15.65999984741211,15.734999656677246,68320,0.0,0.0
2024-07-10 15:30:00-04:00,15.729999542236328,15.789999961853027,15.670000076293945,15.670000076293945,145530,0.0,0.0
2024-07-11 09:30:00-04:00,15.680000305175781,15.850000381469727,15.600000381469727,15.75,192253,0.0,0.0
2024-07-11 10:30:00-04:00,15.789999961853027,15.84000015258789,15.640000343322754,15.645000457763672,53786,0.0,0.0
2024-07-11 11:30:00-04:00,15.649999618530273,15.649999618530273,15.5600004196167,15.5649995803833,40139,0.0,0.0
2024-07-11 12:30:00-04:00,15.569999694824219,15.585000038146973,15.5,15.515999794006348,30554,0.0,0.0
2024-07-11 13:30:00-04:00,15.510000228881836,15.630000114440918,15.5,15.59000015258789,36616,0.0,0.0
2024-07-11 14:30:00-04:00,15.579999923706055,15.609999656677246,15.529999732971191,15.5600004196167,89720,0.0,0.0
2024-07-11 15:30:00-04:00,15.569999694824219,15.640000343322754,15.529999732971191,15.539999961853027,104183,0.0,0.0
2024-07-12 09:30:00-04:00,15.609999656677246,15.720000267028809,15.34000015258789,15.399999618530273,130110,0.0,0.0
2024-07-12 10:30:00-04:00,15.390000343322754,15.40999984741211,15.289799690246582,15.319999694824219,118907,0.0,0.0
2024-07-12 11:30:00-04:00,15.319999694824219,15.319999694824219,15.100000381469727,15.199999809265137,123481,0.0,0.0
2024-07-12 12:30:00-04:00,15.199999809265137,15.260000228881836,15.15999984741211,15.210000038146973,116929,0.0,0.0
2024-07-12 13:30:00-04:00,15.204999923706055,15.260000228881836,15.1850004196167,15.199999809265137,97258,0.0,0.0
2024-07-12 14:30:00-04:00,15.204999923706055,15.3149995803833,15.180000305175781,15.3100004196167,108364,0.0,0.0
2024-07-12 15:30:00-04:00,15.300000190734863,15.305000305175781,15.170000076293945,15.180000305175781,94828,0.0,0.0
2024-07-15 09:30:00-04:00,15.210000038146973,15.430000305175781,15.157999992370605,15.409899711608887,77247,0.0,0.0
2024-07-15 10:30:00-04:00,15.40999984741211,15.579999923706055,15.399999618530273,15.524999618530273,72550,0.0,0.0
2024-07-15 11:30:00-04:00,15.524999618530273,15.612000465393066,15.430000305175781,15.489999771118164,45904,0.0,0.0
2024-07-15 12:30:00-04:00,15.489999771118164,15.489999771118164,15.380000114440918,15.399999618530273,41099,0.0,0.0
2024-07-15 13:30:00-04:00,15.399999618530273,15.4399995803833,15.385000228881836,15.40999984741211,33756,0.0,0.0
2024-07-15 14:30:00-04:00,15.40999984741211,15.470000267028809,15.385000228881836,15.395000457763672,60970,0.0,0.0
2024-07-15 15:30:00-04:00,15.390000343322754,15.390000343322754,15.220000267028809,15.239999771118164,196393,0.0,0.0
2024-07-16 09:30:00-04:00,15.25,15.430000305175781,15.25,15.34000015258789,48507,0.0,0.0
2024-07-16 10:30:00-04:00,15.329999923706055,15.329999923706055,15.260000228881836,15.314900398254395,38842,0.0,0.0
2024-07-16 11:30:00-04:00,15.3149995803833,15.479999542236328,15.300000190734863,15.4399995803833,53301,0.0,0.0
2024-07-16 12:30:00-04:00,15.4399995803833,15.489999771118164,15.404999732971191,15.46500015258789,29214,0.0,0.0
2024-07-16 13:30:00-04:00,15.470000267028809,15.520000457763672,15.420000076293945,15.479999542236328,38230,0.0,0.0
2024-07-16 14:30:00-04:00,15.489999771118164,15.510000228881836,15.449999809265137,15.470000267028809,43701,0.0,0.0
2024-07-16 15:30:00-04:00,15.479999542236328,15.489999771118164,15.420000076293945,15.479999542236328,107277,0.0,0.0
2024-07-17 09:30:00-04:00,15.300000190734863,15.59000015258789,15.289999961853027,15.460000038146973,78808,0.0,0.0
2024-07-17 10:30:00-04:00,15.460000038146973,15.5,15.34000015258789,15.5,66180,0.0,0.0
2024-07-17 11:30:00-04:00,15.5,15.5600004196167,15.460000038146973,15.46500015258789,65648,0.0,0.0
2024-07-17 12:30:00-04:00,15.460000038146973,15.470000267028809,15.359999656677246,15.379400253295898,58638,0.0,0.0
2024-07-17 13:30:00-04:00,15.369999885559082,15.407400131225586,15.300000190734863,15.369999885559082,57898,0.0,0.0
2024-07-17 14:30:00-04:00,15.369999885559082,15.65999984741211,15.359999656677246,15.65999984741211,102445,0.0,0.0
2024-07-17 15:30:00-04:00,15.649999618530273,15.6899995803833,15.550000190734863,15.5600004196167,166438,0.0,0.0
2024-07-18 09:30:00-04:00,15.59000015258789,15.699999809265137,15.15999984741211,15.205599784851074,88018,0.0,0.0
2024-07-18 10:30:00-04:00,15.1899995803833,15.220000267028809,14.90999984741211,14.90999984741211,103033,0.0,0.0
2024-07-18 11:30:00-04:00,14.909199714660645,14.913700103759766,14.760000228881836,14.819999694824219,64882,0.0,0.0
2024-07-18 12:30:00-04:00,14.819999694824219,14.954999923706055,14.779999732971191,14.880000114440918,36252,0.0,0.0
2024-07-18 13:30:00-04:00,14.869999885559082,14.869999885559082,14.770000457763672,14.819999694824219,43235,0.0,0.0
2024-07-18 14:30:00-04:00,14.800000190734863,14.850000381469727,14.729999542236328,14.84000015258789,70791,0.0,0.0
2024-07-18 15:30:00-04:00,14.829999923706055,14.859999656677246,14.774999618530273,14.819999694824219,97785,0.0,0.0
2024-07-19 09:30:00-04:00,14.779999732971191,14.779999732971191,14.529999732971191,14.569999694824219,63250,0.0,0.0
2024-07-19 10:30:00-04:00,14.579999923706055,14.59000015258789,14.420000076293945,14.420000076293945,62333,0.0,0.0
2024-07-19 11:30:00-04:00,14.414999961853027,14.489999771118164,14.380000114440918,14.380000114440918,58201,0.0,0.0
2024-07-19 12:30:00-04:00,14.385000228881836,14.479999542236328,14.385000228881836,14.449999809265137,52862,0.0,0.0
2024-07-19 13:30:00-04:00,14.449999809265137,14.460000038146973,14.359999656677246,14.380000114440918,48154,0.0,0.0
2024-07-19 14:30:00-04:00,14.369999885559082,14.449999809265137,14.350000381469727,14.350000381469727,42690,0.0,0.0
2024-07-19 15:30:00-04:00,14.354999542236328,14.359999656677246,14.279999732971191,14.359999656677246,152804,0.0,0.0
2024-07-22 09:30:00-04:00,14.300000190734863,14.710000038146973,14.170000076293945,14.710000038146973,114211,0.0,0.0
2024-07-22 10:30:00-04:00,14.710000038146973,14.912500381469727,14.710000038146973,14.912500381469727,62355,0.0,0.0
2024-07-22 11:30:00-04:00,14.920000076293945,14.998800277709961,14.874300003051758,14.880000114440918,63951,0.0,0.0
2024-07-22 12:30:00-04:00,14.880000114440918,14.930000305175781,14.850000381469727,14.90999984741211,37467,0.0,0.0
2024-07-22 13:30:00-04:00,14.902000427246094,15.029999732971191,14.902000427246094,14.9399995803833,50909,0.0,0.0
2024-07-22 14:30:00-04:00,14.949999809265137,14.970000267028809,14.890000343322754,14.90999984741211,64254,0.0,0.0
2024-07-22 15:30:00-04:00,14.90999984741211,14.970000267028809,14.859999656677246,14.864999771118164,98415,0.0,0.0
2024-07-23 09:30:00-04:00,14.760000228881836,14.839900016784668,14.569999694824219,14.8100004196167,51148,0.0,0.0
2024-07-23 10:30:00-04:00,14.819999694824219,14.920000076293945,14.789999961853027,14.875,38074,0.0,0.0
2024-07-23 11:30:00-04:00,14.869999885559082,14.890000343322754,14.770000457763672,14.860099792480469,35092,0.0,0.0
2024-07-23 12:30:00-04:00,14.869999885559082,14.960000038146973,14.859999656677246,14.869999885559082,23026,0.0,0.0
2024-07-23 13:30:00-04:00,14.859999656677246,14.899900436401367,14.8100004196167,14.819999694824219,39140,0.0,0.0
2024-07-23 14:30:00-04:00,14.829999923706055,14.9399995803833,14.8149995803833,14.930000305175781,34684,0.0,0.0
2024-07-23 15:30:00-04:00,14.899999618530273,14.899999618530273,14.779999732971191,14.789999961853027,94204,0.0,0.0
2024-07-24 09:30:00-04:00,14.779999732971191,14.800000190734863,14.569999694824219,14.65999984741211,84407,0.0,0.0
2024-07-24 10:30:00-04:00,14.649999618530273,14.829999923706055,14.649999618530273,14.701600074768066,49923,0.0,0.0
2024-07-24 11:30:00-04:00,14.720000267028809,14.789999961853027,14.699999809265137,14.739999771118164,63652,0.0,0.0
2024-07-24 12:30:00-04:00,14.739999771118164,14.75,14.65999984741211,14.670000076293945,19768,0.0,0.0
2024-07-24 13:30:00-04:00,14.65999984741211,14.680000305175781,14.619999885559082,14.619999885559082,29813,0.0,0.0
2024-07-24 14:30:00-04:00,14.619999885559082,14.664999961853027,14.569999694824219,14.640000343322754,42048,0.0,0.0
2024-07-24 15:30:00-04:00,14.649900436401367,14.675000190734863,14.550000190734863,14.5600004196167,121110,0.0,0.0
2024-07-25 09:30:00-04:00,14.529999732971191,14.59000015258789,14.039999961853027,14.329999923706055,197448,0.0,0.0
2024-07-25 10:30:00-04:00,14.319999694824219,14.479999542236328,14.240699768066406,14.399999618530273,109781,0.0,0.0
2024-07-25 11:30:00-04:00,14.399999618530273,14.444999694824219,14.350000381469727,14.399999618530273,52895,0.0,0.0
2024-07-25 12:30:00-04:00,14.399999618530273,14.46500015258789,14.380000114440918,14.40999984741211,54192,0.0,0.0
2024-07-25 13:30:00-04:00,14.40999984741211,14.460000038146973,14.399999618530273,14.40999984741211,42016,0.0,0.0
2024-07-25 14:30:00-04:00,14.404999732971191,14.420000076293945,14.289999961853027,14.375,72586,0.0,0.0
2024-07-25 15:30:00-04:00,14.369999885559082,14.375,14.279999732971191,14.289999961853027,132943,0.0,0.0
2024-07-26 09:30:00-04:00,14.029999732971191,14.119999885559082,13.850000381469727,13.920000076293945,217342,0.0,0.0
2024-07-26 10:30:00-04:00,13.917499542236328,13.9399995803833,13.779999732971191,13.8100004196167,73863,0.0,0.0
2024-07-26 11:30:00-04:00,13.800000190734863,13.899999618530273,13.65999984741211,13.899999618530273,58579,0.0,0.0
2024-07-26 12:30:00-04:00,13.895000457763672,13.9399995803833,13.8100004196167,13.920000076293945,36507,0.0,0.0
2024-07-26 13:30:00-04:00,13.920000076293945,14.069999694824219,13.880599975585938,14.050000190734863,86306,0.0,0.0
2024-07-26 14:30:00-04:00,14.050000190734863,14.119999885559082,13.9399995803833,14.100000381469727,144004,0.0,0.0
2024-07-26 15:30:00-04:00,14.100000381469727,14.119999885559082,14.0600004196167,14.109999656677246,115220,0.0,0.0
2024-07-29 09:30:00-04:00,14.199999809265137,14.5600004196167,14.170000076293945,14.5,107244,0.0,0.0
2024-07-29 10:30:00-04:00,14.470000267028809,14.470000267028809,14.220000267028809,14.289999961853027,23221,0.0,0.0
2024-07-29 11:30:00-04:00,14.289999961853027,14.3100004196167,14.210000038146973,14.210000038146973,24066,0.0,0.0
2024-07-29 12:30:00-04:00,14.220000267028809,14.239999771118164,14.140000343322754,14.170000076293945,26478,0.0,0.0
2024-07-29 13:30:00-04:00,14.15999984741211,14.199999809265137,14.100000381469727,14.170000076293945,39178,0.0,0.0
2024-07-29 14:30:00-04:00,14.180000305175781,14.260000228881836,14.149999618530273,14.25,33612,0.0,0.0
2024-07-29 15:30:00-04:00,14.25,14.260000228881836,14.15999984741211,14.170000076293945,87391,0.0,0.0
2024-07-30 09:30:00-04:00,14.029999732971191,14.199999809265137,13.890000343322754,14.0600004196167,84612,0.0,0.0
2024-07-30 10:30:00-04:00,14.050000190734863,14.119999885559082,13.950200080871582,14.0201997756958,29221,0.0,0.0
2024-07-30 11:30:00-04:00,14.029999732971191,14.050000190734863,13.949999809265137,13.96500015258789,26656,0.0,0.0
2024-07-30 12:30:00-04:00,13.960000038146973,14.0600004196167,13.949999809265137,14.0,39509,0.0,0.0
2024-07-30 13:30:00-04:00,13.979999542236328,14.03499984741211,13.9399995803833,13.979999542236328,37936,0.0,0.0
2024-07-30 14:30:00-04:00,13.970000267028809,14.0,13.930000305175781,13.960000038146973,37985,0.0,0.0
2024-07-30 15:30:00-04:00,13.949999809265137,14.005000114440918,13.904999732971191,13.979999542236328,139232,0.0,0.0
2024-07-31 09:30:00-04:00,14.479999542236328,14.75,14.319999694824219,14.59000015258789,123728,0.0,0.0
2024-07-31 10:30:00-04:00,14.59000015258789,14.59000015258789,14.369999885559082,14.40999984741211,47907,0.0,0.0
2024-07-31 11:30:00-04:00,14.420000076293945,14.579999923706055,14.40999984741211,14.520000457763672,26573,0.0,0.0
2024-07-31 12:30:00-04:00,14.539999961853027,14.739999771118164,14.539999961853027,14.6899995803833,53717,0.0,0.0
2024-07-31 13:30:00-04:00,14.680100440979004,14.739999771118164,14.520000457763672,14.550000190734863,53312,0.0,0.0
2024-07-31 14:30:00-04:00,14.5600004196167,14.770000457763672,14.550000190734863,14.6899995803833,151633,0.0,0.0
2024-07-31 15:30:00-04:00,14.6899995803833,14.869999885559082,14.6899995803833,14.819999694824219,195772,0.0,0.0
2024-08-01 09:30:00-04:00,14.869999885559082,14.949999809265137,14.5,14.5,60898,0.0,0.0
2024-08-01 10:30:00-04:00,14.430000305175781,14.460000038146973,14.079999923706055,14.119999885559082,64691,0.0,0.0
2024-08-01 11:30:00-04:00,14.119999885559082,14.239999771118164,14.069999694824219,14.180000305175781,42061,0.0,0.0
2024-08-01 12:30:00-04:00,14.1899995803833,14.1899995803833,14.017999649047852,14.039999961853027,35745,0.0,0.0
2024-08-01 13:30:00-04:00,14.029999732971191,14.069999694824219,13.9399995803833,14.010000228881836,52422,0.0,0.0
2024-08-01 14:30:00-04:00,14.010000228881836,14.039999961853027,13.924400329589844,14.010000228881836,47149,0.0,0.0
2024-08-01 15:30:00-04:00,14.015000343322754,14.09000015258789,13.979999542236328,14.015000343322754,89479,0.0,0.0
2024-08-02 09:30:00-04:00,13.720000267028809,13.770000457763672,13.239999771118164,13.40310001373291,177527,0.0,0.0
2024-08-02 10:30:00-04:00,13.420000076293945,13.59000015258789,13.420000076293945,13.510000228881836,81790,0.0,0.0
2024-08-02 11:30:00-04:00,13.529999732971191,13.720000267028809,13.529999732971191,13.704999923706055,54825,0.0,0.0
2024-08-02 12:30:00-04:00,13.704999923706055,13.720000267028809,13.630000114440918,13.649999618530273,36538,0.0,0.0
2024-08-02 13:30:00-04:00,13.640000343322754,13.640000343322754,13.539999961853027,13.630000114440918,42200,0.0,0.0
2024-08-02 14:30:00-04:00,13.630000114440918,13.656000137329102,13.520000457763672,13.600099563598633,67884,0.0,0.0
2024-08-02 15:30:00-04:00,13.600000381469727,13.704999923706055,13.580100059509277,13.630000114440918,128955,0.0,0.0
2024-08-05 09:30:00-04:00,12.8100004196167,13.399999618530273,12.770000457763672,13.324999809265137,117200,0.0,0.0
2024-08-05 10:30:00-04:00,13.34000015258789,13.579999923706055,13.319999694824219,13.579999923706055,75194,0.0,0.0
2024-08-05 11:30:00-04:00,13.589900016784668,13.850000381469727,13.589900016784668,13.84000015258789,109388,0.0,0.0
2024-08-05 12:30:00-04:00,13.829999923706055,13.835000038146973,13.670000076293945,13.675000190734863,108142,0.0,0.0
2024-08-05 13:30:00-04:00,13.680000305175781,13.789999961853027,13.609999656677246,13.630000114440918,112534,0.0,0.0
2024-08-05 14:30:00-04:00,13.635000228881836,13.65999984741211,13.53499984741211,13.609999656677246,103503,0.0,0.0
2024-08-05 15:30:00-04:00,13.619999885559082,13.649999618530273,13.510000228881836,13.649999618530273,191400,0.0,0.0
2024-08-06 09:30:00-04:00,13.579999923706055,13.869999885559082,13.34000015258789,13.850000381469727,86674,0.0,0.0
2024-08-06 10:30:00-04:00,13.850000381469727,14.015000343322754,13.829999923706055,13.869999885559082,77504,0.0,0.0
2024-08-06 11:30:00-04:00,13.880000114440918,13.979999542236328,13.829999923706055,13.920000076293945,57126,0.0,0.0
2024-08-06 12:30:00-04:00,13.920000076293945,14.038700103759766,13.850000381469727,13.989999771118164,57612,0.0,0.0
2024-08-06 13:30:00-04:00,14.0,14.079000473022461,13.9399995803833,14.050000190734863,58895,0.0,0.0
2024-08-06 14:30:00-04:00,14.020000457763672,14.079999923706055,13.9399995803833,14.010000228881836,69986,0.0,0.0
2024-08-06 15:30:00-04:00,14.020000457763672,14.0600004196167,13.90999984741211,13.960000038146973,198030,0.0,0.0
2024-08-07 09:30:00-04:00,14.239999771118164,14.399999618530273,13.90999984741211,13.949999809265137,51280,0.0,0.0
2024-08-07 10:30:00-04:00,13.949999809265137,14.039999961853027,13.810099601745605,13.84000015258789,55438,0.0,0.0
2024-08-07 11:30:00-04:00,13.859999656677246,13.970000267028809,13.790599822998047,13.970000267028809,50046,0.0,0.0
2024-08-07 12:30:00-04:00,13.949999809265137,13.949999809265137,13.720000267028809,13.800000190734863,56856,0.0,0.0
2024-08-07 13:30:00-04:00,13.800000190734863,13.829999923706055,13.720000267028809,13.819999694824219,40349,0.0,0.0
2024-08-07 14:30:00-04:00,13.8100004196167,13.890000343322754,13.750100135803223,13.829999923706055,41648,0.0,0.0
2024-08-07 15:30:00-04:00,13.829999923706055,13.920000076293945,13.819999694824219,13.880000114440918,132956,0.0,0.0
2024-08-08 09:30:00-04:00,13.930000305175781,14.029999732971191,13.789999961853027,13.930000305175781,48361,0.0,0.0
2024-08-08 10:30:00-04:00,13.930000305175781,13.9399995803833,13.819999694824219,13.895000457763672,24699,0.0,0.0
2024-08-08 11:30:00-04:00,13.90999984741211,13.930000305175781,13.819999694824219,13.871000289916992,23121,0.0,0.0
2024-08-08 12:30:00-04:00,13.869999885559082,13.9399995803833,13.800000190734863,13.920000076293945,22162,0.0,0.0
2024-08-08 13:30:00-04:00,13.90999984741211,14.039999961853027,13.880000114440918,14.010000228881836,39256,0.0,0.0
2024-08-08 14:30:00-04:00,14.010000228881836,14.0600004196167,13.970000267028809,13.989999771118164,61990,0.0,0.0
2024-08-08 15:30:00-04:00,13.989999771118164,14.050000190734863,13.96500015258789,14.005000114440918,112036,0.0,0.0
2024-08-09 09:30:00-04:00,14.0,14.0,13.789999961853027,13.920000076293945,30562,0.0,0.0
2024-08-09 10:30:00-04:00,13.920000076293945,14.0600004196167,13.895000457763672,14.039999961853027,28546,0.0,0.0
2024-08-09 11:30:00-04:00,14.020999908447266,14.039999961853027,13.904999732971191,13.90999984741211,21581,0.0,0.0
2024-08-09 12:30:00-04:00,13.920000076293945,13.979999542236328,13.869999885559082,13.979999542236328,25624,0.0,0.0
2024-08-09 13:30:00-04:00,13.989999771118164,14.050000190734863,13.885000228881836,13.90999984741211,23953,0.0,0.0
2024-08-09 14:30:00-04:00,13.920000076293945,13.949999809265137,13.899999618530273,13.949999809265137,19017,0.0,0.0
2024-08-09 15:30:00-04:00,13.9399995803833,13.949999809265137,13.890000343322754,13.9399995803833,58151,0.0,0.0
2024-08-12 09:30:00-04:00,14.0,14.0600004196167,13.84000015258789,13.925000190734863,32634,0.0,0.0
2024-08-12 10:30:00-04:00,13.920000076293945,14.09000015258789,13.880000114440918,13.90999984741211,36607,0.0,0.0
2024-08-12 11:30:00-04:00,13.890000343322754,13.979999542236328,13.84000015258789,13.970000267028809,20059,0.0,0.0
2024-08-12 12:30:00-04:00,13.970000267028809,13.989999771118164,13.90999984741211,13.930000305175781,22938,0.0,0.0
2024-08-12 13:30:00-04:00,13.9399995803833,13.989999771118164,13.9399995803833,13.970000267028809,16185,0.0,0.0
2024-08-12 14:30:00-04:00,13.970000267028809,14.0,13.944999694824219,13.979999542236328,23815,0.0,0.0
2024-08-12 15:30:00-04:00,13.979999542236328,13.989999771118164,13.9399995803833,13.989999771118164,55457,0.0,0.0
2024-08-13 09:30:00-04:00,14.050000190734863,14.050000190734863,13.920000076293945,13.96500015258789,27905,0.0,0.0
2024-08-13 10:30:00-04:00,13.989999771118164,14.069999694824219,13.960000038146973,13.979999542236328,26373,0.0,0.0
2024-08-13 11:30:00-04:00,13.979999542236328,14.09000015258789,13.960000038146973,14.069899559020996,35917,0.0,0.0
2024-08-13 12:30:00-04:00,14.069999694824219,14.149999618530273,14.0600004196167,14.079999923706055,36472,0.0,0.0
2024-08-13 13:30:00-04:00,14.079999923706055,14.095000267028809,14.039999961853027,14.069999694824219,35724,0.0,0.0
2024-08-13 14:30:00-04:00,14.074999809265137,14.114999771118164,14.010000228881836,14.079999923706055,40896,0.0,0.0
2024-08-13 15:30:00-04:00,14.074999809265137,14.095000267028809,14.041000366210938,14.069999694824219,83217,0.0,0.0
2024-08-14 09:30:00-04:00,14.15999984741211,14.199999809265137,14.029999732971191,14.15999984741211,32700,0.0,0.0
2024-08-14 10:30:00-04:00,14.140000343322754,14.140000343322754,14.03499984741211,14.03499984741211,16742,0.0,0.0
2024-08-14 11:30:00-04:00,14.050000190734863,14.15999984741211,14.010000228881836,14.010000228881836,41711,0.0,0.0
2024-08-14 12:30:00-04:00,14.020000457763672,14.020000457763672,13.970000267028809,14.0,22305,0.0,0.0
2024-08-14 13:30:00-04:00,14.0,14.0600004196167,13.930000305175781,14.050000190734863,49534,0.0,0.0
2024-08-14 14:30:00-04:00,14.039999961853027,14.0600004196167,13.989999771118164,14.029999732971191,44924,0.0,0.0
2024-08-14 15:30:00-04:00,14.029999732971191,14.09000015258789,14.005000114440918,14.079999923706055,92362,0.0,0.0
2024-08-15 09:30:00-04:00,14.220000267028809,14.25,13.970000267028809,14.039999961853027,43741,0.0,0.0
2024-08-15 10:30:00-04:00,14.059000015258789,14.079999923706055,13.960000038146973,14.039999961853027,23923,0.0,0.0
2024-08-15 11:30:00-04:00,14.039999961853027,14.079999923706055,14.020000457763672,14.050000190734863,23178,0.0,0.0
2024-08-15 12:30:00-04:00,14.050000190734863,14.050000190734863,13.960000038146973,14.010000228881836,35552,0.0,0.0
2024-08-15 13:30:00-04:00,14.010000228881836,14.039999961853027,13.970000267028809,14.015000343322754,29855,0.0,0.0
2024-08-15 14:30:00-04:00,14.020000457763672,14.050000190734863,13.979999542236328,14.0,33001,0.0,0.0
2024-08-15 15:30:00-04:00,13.989999771118164,14.029999732971191,13.970000267028809,14.020000457763672,94190,0.0,0.0
2024-08-16 09:30:00-04:00,14.029999732971191,14.055000305175781,13.850000381469727,13.850000381469727,24807,0.0,0.0
2024-08-16 10:30:00-04:00,13.84000015258789,13.869999885559082,13.78499984741211,13.800000190734863,26658,0.0,0.0
2024-08-16 11:30:00-04:00,13.8100004196167,13.869999885559082,13.779999732971191,13.86050033569336,27838,0.0,0.0
2024-08-16 12:30:00-04:00,13.850099563598633,13.899999618530273,13.84000015258789,13.850000381469727,17271,0.0,0.0
2024-08-16 13:30:00-04:00,13.854999542236328,13.90999984741211,13.854999542236328,13.880000114440918,17802,0.0,0.0
2024-08-16 14:30:00-04:00,13.875,13.920000076293945,13.850000381469727,13.859999656677246,26579,0.0,0.0
2024-08-16 15:30:00-04:00,13.854999542236328,13.880200386047363,13.829999923706055,13.850000381469727,54339,0.0,0.0
2024-08-19 09:30:00-04:00,13.920000076293945,14.140000343322754,13.890000343322754,14.119099617004395,52221,0.0,0.0
2024-08-19 10:30:00-04:00,14.11929988861084,14.210000038146973,14.100000381469727,14.15999984741211,26190,0.0,0.0
2024-08-19 11:30:00-04:00,14.170000076293945,14.180000305175781,14.140000343322754,14.149999618530273,14100,0.0,0.0
2024-08-19 12:30:00-04:00,14.140000343322754,14.220000267028809,14.091099739074707,14.1899995803833,21952,0.0,0.0
2024-08-19 13:30:00-04:00,14.180000305175781,14.229999542236328,14.109999656677246,14.149999618530273,54628,0.0,0.0
2024-08-19 14:30:00-04:00,14.140000343322754,14.15999984741211,14.100000381469727,14.149999618530273,33026,0.0,0.0
2024-08-19 15:30:00-04:00,14.149999618530273,14.149999618530273,14.03499984741211,14.039999961853027,62887,0.0,0.0
2024-08-20 09:30:00-04:00,13.989999771118164,14.010000228881836,13.920000076293945,13.960000038146973,23436,0.0,0.0
2024-08-20 10:30:00-04:00,13.960000038146973,13.979999542236328,13.930000305175781,13.9399995803833,21300,0.0,0.0
2024-08-20 11:30:00-04:00,13.949999809265137,13.949999809265137,13.869999885559082,13.920000076293945,27831,0.0,0.0
2024-08-20 12:30:00-04:00,13.920000076293945,13.949999809265137,13.84000015258789,13.869999885559082,40669,0.0,0.0
2024-08-20 13:30:00-04:00,13.870200157165527,13.890000343322754,13.829999923706055,13.850099563598633,29659,0.0,0.0
2024-08-20 14:30:00-04:00,13.829999923706055,13.869999885559082,13.819999694824219,13.850000381469727,28543,0.0,0.0
2024-08-20 15:30:00-04:00,13.850000381469727,13.880000114440918,13.819999694824219,13.859999656677246,69252,0.0,0.0
2024-08-21 09:30:00-04:00,13.979999542236328,14.0,13.720000267028809,13.75,45752,0.0,0.0
2024-08-21 10:30:00-04:00,13.729999542236328,13.842499732971191,13.694000244140625,13.824999809265137,23987,0.0,0.0
2024-08-21 11:30:00-04:00,13.819999694824219,13.824999809265137,13.773500442504883,13.800000190734863,15076,0.0,0.0
2024-08-21 12:30:00-04:00,13.800000190734863,13.800000190734863,13.699999809265137,13.760000228881836,16422,0.0,0.0
2024-08-21 13:30:00-04:00,13.758999824523926,13.789999961853027,13.729999542236328,13.75,18865,0.0,0.0
2024-08-21 14:30:00-04:00,13.760000228881836,13.779999732971191,13.729999542236328,13.770000457763672,23192,0.0,0.0
2024-08-21 15:30:00-04:00,13.770000457763672,13.795000076293945,13.720000267028809,13.729999542236328,61172,0.0,0.0
2024-08-22 09:30:00-04:00,13.729999542236328,13.800000190734863,13.675000190734863,13.677900314331055,18350,0.0,0.0
2024-08-22 10:30:00-04:00,13.680000305175781,13.729999542236328,13.640000343322754,13.729999542236328,28123,0.0,0.0
2024-08-22 11:30:00-04:00,13.699999809265137,13.699999809265137,13.600000381469727,13.645000457763672,14662,0.0,0.0
2024-08-22 12:30:00-04:00,13.649999618530273,13.649999618530273,13.579999923706055,13.600000381469727,21037,0.0,0.0
2024-08-22 13:30:00-04:00,13.579999923706055,13.600000381469727,13.5600004196167,13.569999694824219,23258,0.0,0.0
2024-08-22 14:30:00-04:00,13.569999694824219,13.579999923706055,13.510000228881836,13.569999694824219,52742,0.0,0.0
2024-08-22 15:30:00-04:00,13.569999694824219,13.579999923706055,13.460000038146973,13.529999732971191,82887,0.0,0.0
2024-08-23 09:30:00-04:00,13.609999656677246,13.880000114440918,13.59000015258789,13.859999656677246,40861,0.0,0.0
2024-08-23 10:30:00-04:00,13.859999656677246,13.875,13.760000228881836,13.859999656677246,38448,0.0,0.0
2024-08-23 11:30:00-04:00,13.84000015258789,13.859999656677246,13.71500015258789,13.720000267028809,35896,0.0,0.0
2024-08-23 12:30:00-04:00,13.729999542236328,13.800000190734863,13.729999542236328,13.779999732971191,22870,0.0,0.0
2024-08-23 13:30:00-04:00,13.77750015258789,13.779999732971191,13.699999809265137,13.720000267028809,21199,0.0,0.0
2024-08-23 14:30:00-04:00,13.720000267028809,13.739999771118164,13.670000076293945,13.729999542236328,19904,0.0,0.0
2024-08-23 15:30:00-04:00,13.720000267028809,13.75,13.699999809265137,13.699999809265137,58720,0.0,0.0
