Datetime,Open,High,Low,Close,Volume,Dividends,Stock Splits
2022-08-25 09:30:00-04:00,32.150001525878906,33.04999923706055,31.75,32.84000015258789,258324,0.0,0.0
2022-08-25 10:30:00-04:00,32.82500076293945,32.900001525878906,32.33340072631836,32.5,97755,0.0,0.0
2022-08-25 11:30:00-04:00,32.4900016784668,32.75,32.41379928588867,32.650699615478516,58400,0.0,0.0
2022-08-25 12:30:00-04:00,32.650001525878906,32.65999984741211,32.435001373291016,32.540000915527344,41155,0.0,0.0
2022-08-25 13:30:00-04:00,32.540000915527344,32.599998474121094,32.415000915527344,32.470001220703125,47637,0.0,0.0
2022-08-25 14:30:00-04:00,32.459999084472656,32.4900016784668,32.290000915527344,32.39500045776367,61378,0.0,0.0
2022-08-25 15:30:00-04:00,32.38999938964844,32.39939880371094,32.209999084472656,32.220001220703125,183422,0.0,0.0
2022-08-26 09:30:00-04:00,32.18000030517578,32.439998626708984,31.549999237060547,31.559999465942383,84681,0.0,0.0
2022-08-26 10:30:00-04:00,31.549999237060547,31.649999618530273,31.190000534057617,31.280000686645508,114519,0.0,0.0
2022-08-26 11:30:00-04:00,31.299999237060547,31.360000610351562,31.15999984741211,31.260000228881836,66701,0.0,0.0
2022-08-26 12:30:00-04:00,31.290000915527344,31.610000610351562,31.25,31.540000915527344,48169,0.0,0.0
2022-08-26 13:30:00-04:00,31.510000228881836,31.6200008392334,31.399999618530273,31.46500015258789,44575,0.0,0.0
2022-08-26 14:30:00-04:00,31.475000381469727,31.649999618530273,31.469999313354492,31.549999237060547,58130,0.0,0.0
2022-08-26 15:30:00-04:00,31.549999237060547,31.56999969482422,31.34480094909668,31.527700424194336,109896,0.0,0.0
2022-08-29 09:30:00-04:00,31.25,31.549999237060547,30.920000076293945,31.290000915527344,67458,0.0,0.0
2022-08-29 10:30:00-04:00,31.299999237060547,31.475000381469727,31.0,31.399999618530273,44200,0.0,0.0
2022-08-29 11:30:00-04:00,31.450000762939453,31.739999771118164,31.364999771118164,31.524999618530273,40810,0.0,0.0
2022-08-29 12:30:00-04:00,31.479999542236328,31.700000762939453,31.450000762939453,31.6200008392334,43853,0.0,0.0
2022-08-29 13:30:00-04:00,31.614999771118164,31.719999313354492,31.520000457763672,31.607999801635742,30209,0.0,0.0
2022-08-29 14:30:00-04:00,31.56999969482422,31.594999313354492,31.32069969177246,31.329999923706055,40738,0.0,0.0
2022-08-29 15:30:00-04:00,31.334999084472656,31.389999389648438,31.229999542236328,31.280000686645508,90916,0.0,0.0
2022-08-30 09:30:00-04:00,31.719999313354492,31.719999313354492,30.850000381469727,30.889999389648438,74271,0.0,0.0
2022-08-30 10:30:00-04:00,30.8799991607666,30.8799991607666,30.309999465942383,30.670000076293945,60664,0.0,0.0
2022-08-30 11:30:00-04:00,30.663999557495117,30.7549991607666,30.5,30.600000381469727,31889,0.0,0.0
2022-08-30 12:30:00-04:00,30.59000015258789,30.690000534057617,30.5,30.59000015258789,23518,0.0,0.0
2022-08-30 13:30:00-04:00,30.579999923706055,30.792400360107422,30.579999923706055,30.670000076293945,36935,0.0,0.0
2022-08-30 14:30:00-04:00,30.670000076293945,30.735000610351562,30.485000610351562,30.500200271606445,37162,0.0,0.0
2022-08-30 15:30:00-04:00,30.485000610351562,30.600000381469727,30.400999069213867,30.579999923706055,70707,0.0,0.0
2022-08-31 09:30:00-04:00,30.520000457763672,30.83329963684082,29.770000457763672,29.924999237060547,81560,0.0,0.0
2022-08-31 10:30:00-04:00,29.959999084472656,30.290000915527344,29.84000015258789,30.260000228881836,46837,0.0,0.0
2022-08-31 11:30:00-04:00,30.260000228881836,30.440000534057617,30.229999542236328,30.350000381469727,29244,0.0,0.0
2022-08-31 12:30:00-04:00,30.3799991607666,30.584999084472656,30.28499984741211,30.3799991607666,56098,0.0,0.0
2022-08-31 13:30:00-04:00,30.3799991607666,30.420000076293945,30.25,30.299999237060547,52363,0.0,0.0
2022-08-31 14:30:00-04:00,30.290000915527344,30.43000030517578,30.139999389648438,30.329999923706055,97747,0.0,0.0
2022-08-31 15:30:00-04:00,30.31999969482422,30.43000030517578,30.1200008392334,30.149999618530273,133613,0.0,0.0
2022-09-01 09:30:00-04:00,29.790000915527344,29.905000686645508,29.219999313354492,29.479999542236328,109456,0.0,0.0
2022-09-01 10:30:00-04:00,29.459999084472656,29.459999084472656,29.15999984741211,29.270000457763672,105753,0.0,0.0
2022-09-01 11:30:00-04:00,29.280000686645508,29.459999084472656,29.059999465942383,29.100000381469727,40643,0.0,0.0
2022-09-01 12:30:00-04:00,29.084999084472656,29.40999984741211,29.020000457763672,29.389999389648438,52280,0.0,0.0
2022-09-01 13:30:00-04:00,29.387500762939453,29.515600204467773,29.270000457763672,29.479999542236328,32479,0.0,0.0
2022-09-01 14:30:00-04:00,29.510000228881836,29.760000228881836,29.510000228881836,29.53499984741211,32854,0.0,0.0
2022-09-01 15:30:00-04:00,29.540000915527344,29.690000534057617,29.434999465942383,29.690000534057617,90786,0.0,0.0
2022-09-02 09:30:00-04:00,30.049999237060547,30.108999252319336,29.17099952697754,29.825000762939453,47755,0.0,0.0
2022-09-02 10:30:00-04:00,29.860000610351562,30.260000228881836,29.860000610351562,30.1200008392334,31821,0.0,0.0
2022-09-02 11:30:00-04:00,30.170000076293945,30.3700008392334,30.079999923706055,30.117399215698242,31646,0.0,0.0
2022-09-02 12:30:00-04:00,30.110000610351562,30.1299991607666,29.600000381469727,29.600000381469727,26843,0.0,0.0
2022-09-02 13:30:00-04:00,29.649999618530273,29.75,29.575000762939453,29.75,16606,0.0,0.0
2022-09-02 14:30:00-04:00,29.7549991607666,29.959999084472656,29.6200008392334,29.649999618530273,49949,0.0,0.0
2022-09-02 15:30:00-04:00,29.6299991607666,29.920000076293945,29.510000228881836,29.899999618530273,102875,0.0,0.0
2022-09-06 09:30:00-04:00,29.899999618530273,29.93000030517578,28.200000762939453,28.545000076293945,203030,0.0,0.0
2022-09-06 10:30:00-04:00,28.479999542236328,29.280000686645508,28.270000457763672,29.139999389648438,198040,0.0,0.0
2022-09-06 11:30:00-04:00,29.106800079345703,29.174999237060547,28.700000762939453,28.739999771118164,75151,0.0,0.0
2022-09-06 12:30:00-04:00,28.709999084472656,28.895000457763672,28.59000015258789,28.760000228881836,69257,0.0,0.0
2022-09-06 13:30:00-04:00,28.760000228881836,28.795799255371094,28.579999923706055,28.704999923706055,72180,0.0,0.0
2022-09-06 14:30:00-04:00,28.690000534057617,28.709999084472656,28.3700008392334,28.3799991607666,108917,0.0,0.0
2022-09-06 15:30:00-04:00,28.3700008392334,28.489999771118164,28.299999237060547,28.469999313354492,187373,0.0,0.0
2022-09-07 09:30:00-04:00,28.440000534057617,28.969999313354492,28.030000686645508,28.850000381469727,111852,0.0,0.0
2022-09-07 10:30:00-04:00,28.889999389648438,28.979999542236328,28.68000030517578,28.8700008392334,90741,0.0,0.0
2022-09-07 11:30:00-04:00,28.860000610351562,29.059999465942383,28.73150062561035,28.81999969482422,56314,0.0,0.0
2022-09-07 12:30:00-04:00,28.799999237060547,28.924999237060547,28.690000534057617,28.860000610351562,70458,0.0,0.0
2022-09-07 13:30:00-04:00,28.860000610351562,29.079999923706055,28.809999465942383,29.045000076293945,61840,0.0,0.0
2022-09-07 14:30:00-04:00,29.045000076293945,29.329700469970703,29.030000686645508,29.15999984741211,72141,0.0,0.0
2022-09-07 15:30:00-04:00,29.139999389648438,29.2549991607666,28.889999389648438,28.889999389648438,171314,0.0,0.0
2022-09-08 09:30:00-04:00,28.559999465942383,28.700000762939453,27.7450008392334,28.260000228881836,183822,0.0,0.0
2022-09-08 10:30:00-04:00,28.239999771118164,29.1200008392334,28.209999084472656,29.09000015258789,128948,0.0,0.0
2022-09-08 11:30:00-04:00,29.110000610351562,29.219999313354492,28.34000015258789,28.5,79669,0.0,0.0
2022-09-08 12:30:00-04:00,28.469999313354492,28.700000762939453,28.454999923706055,28.665000915527344,53961,0.0,0.0
2022-09-08 13:30:00-04:00,28.65999984741211,28.885000228881836,28.639999389648438,28.860000610351562,51786,0.0,0.0
2022-09-08 14:30:00-04:00,28.854999542236328,28.950000762939453,28.739999771118164,28.950000762939453,63883,0.0,0.0
2022-09-08 15:30:00-04:00,28.950000762939453,29.059999465942383,28.875,29.059999465942383,109047,0.0,0.0
2022-09-09 09:30:00-04:00,29.350000381469727,30.399999618530273,29.350000381469727,30.229999542236328,158418,0.0,0.0
2022-09-09 10:30:00-04:00,30.229999542236328,30.459999084472656,29.719999313354492,29.81999969482422,131016,0.0,0.0
2022-09-09 11:30:00-04:00,29.799999237060547,30.1299991607666,29.709999084472656,29.975000381469727,75496,0.0,0.0
2022-09-09 12:30:00-04:00,30.010000228881836,30.290000915527344,29.989999771118164,30.209999084472656,56932,0.0,0.0
2022-09-09 13:30:00-04:00,30.229999542236328,30.315000534057617,30.104999542236328,30.28499984741211,64861,0.0,0.0
2022-09-09 14:30:00-04:00,30.280000686645508,30.299999237060547,30.155000686645508,30.15999984741211,75442,0.0,0.0
2022-09-09 15:30:00-04:00,30.15999984741211,30.3799991607666,30.145000457763672,30.3700008392334,137151,0.0,0.0
2022-09-12 09:30:00-04:00,30.790000915527344,31.625,30.725000381469727,31.56999969482422,255771,0.0,0.0
2022-09-12 10:30:00-04:00,31.59000015258789,31.68000030517578,31.280000686645508,31.665000915527344,91246,0.0,0.0
2022-09-12 11:30:00-04:00,31.649999618530273,31.719999313354492,31.40999984741211,31.690000534057617,112431,0.0,0.0
2022-09-12 12:30:00-04:00,31.674999237060547,31.889999389648438,31.625,31.84000015258789,115564,0.0,0.0
2022-09-12 13:30:00-04:00,31.889999389648438,32.2599983215332,31.850000381469727,32.150001525878906,142162,0.0,0.0
2022-09-12 14:30:00-04:00,32.150001525878906,32.2400016784668,32.11000061035156,32.17499923706055,122169,0.0,0.0
2022-09-12 15:30:00-04:00,32.17499923706055,32.31999969482422,32.099998474121094,32.2400016784668,228887,0.0,0.0
2022-09-13 09:30:00-04:00,30.579999923706055,31.100000381469727,30.209999084472656,30.790000915527344,287033,0.0,0.0
2022-09-13 10:30:00-04:00,30.770000457763672,30.860000610351562,30.270000457763672,30.565000534057617,91143,0.0,0.0
2022-09-13 11:30:00-04:00,30.645000457763672,30.969999313354492,30.6200008392334,30.80900001525879,61439,0.0,0.0
2022-09-13 12:30:00-04:00,30.809999465942383,30.8700008392334,30.3799991607666,30.475000381469727,93940,0.0,0.0
2022-09-13 13:30:00-04:00,30.459999084472656,30.5,30.0,30.020000457763672,76356,0.0,0.0
2022-09-13 14:30:00-04:00,30.03499984741211,30.049999237060547,29.649999618530273,29.770000457763672,149221,0.0,0.0
2022-09-13 15:30:00-04:00,29.760000228881836,29.90999984741211,29.6200008392334,29.670000076293945,189022,0.0,0.0
2022-09-14 09:30:00-04:00,30.229999542236328,30.229999542236328,28.809999465942383,28.934999465942383,163530,0.0,0.0
2022-09-14 10:30:00-04:00,28.920000076293945,29.75,28.899999618530273,29.540000915527344,86434,0.0,0.0
2022-09-14 11:30:00-04:00,29.524999618530273,29.579999923706055,29.299999237060547,29.3700008392334,29100,0.0,0.0
2022-09-14 12:30:00-04:00,29.3799991607666,29.600000381469727,29.309999465942383,29.600000381469727,28738,0.0,0.0
2022-09-14 13:30:00-04:00,29.639999389648438,29.75,29.440000534057617,29.6299991607666,43051,0.0,0.0
2022-09-14 14:30:00-04:00,29.639999389648438,29.719999313354492,29.219999313354492,29.299999237060547,50376,0.0,0.0
2022-09-14 15:30:00-04:00,29.309999465942383,29.6200008392334,29.209999084472656,29.600000381469727,70827,0.0,0.0
2022-09-15 09:30:00-04:00,29.690000534057617,30.420000076293945,29.6387996673584,30.190000534057617,89649,0.0,0.0
2022-09-15 10:30:00-04:00,30.170000076293945,30.229999542236328,29.600000381469727,29.860000610351562,57914,0.0,0.0
2022-09-15 11:30:00-04:00,29.8700008392334,29.950000762939453,29.719999313354492,29.719999313354492,38556,0.0,0.0
2022-09-15 12:30:00-04:00,29.709999084472656,30.75,29.700000762939453,30.690000534057617,142252,0.0,0.0
2022-09-15 13:30:00-04:00,30.684999465942383,30.709999084472656,30.3700008392334,30.520000457763672,66730,0.0,0.0
2022-09-15 14:30:00-04:00,30.559999465942383,30.6299991607666,30.110000610351562,30.170000076293945,73543,0.0,0.0
2022-09-15 15:30:00-04:00,30.190000534057617,30.5,30.149999618530273,30.350000381469727,427776,0.0,0.0
2022-09-16 09:30:00-04:00,30.6299991607666,30.790000915527344,29.399999618530273,29.649999618530273,237314,0.0,0.0
2022-09-16 10:30:00-04:00,29.700000762939453,30.0,29.549999237060547,29.59000015258789,92802,0.0,0.0
2022-09-16 11:30:00-04:00,29.610000610351562,29.690000534057617,29.014999389648438,29.15999984741211,148679,0.0,0.0
2022-09-16 12:30:00-04:00,29.15999984741211,29.229999542236328,28.790000915527344,28.790000915527344,65167,0.0,0.0
2022-09-16 13:30:00-04:00,28.790000915527344,28.885000228881836,28.155000686645508,28.3799991607666,132276,0.0,0.0
2022-09-16 14:30:00-04:00,28.3799991607666,28.579999923706055,28.229999542236328,28.315000534057617,142257,0.0,0.0
2022-09-16 15:30:00-04:00,28.328899383544922,28.450000762939453,28.229999542236328,28.389999389648438,320038,0.0,0.0
2022-09-19 09:30:00-04:00,28.200000762939453,29.090299606323242,28.200000762939453,28.90999984741211,153122,0.0,0.0
2022-09-19 10:30:00-04:00,28.899999618530273,29.15999984741211,28.719999313354492,28.773099899291992,68565,0.0,0.0
2022-09-19 11:30:00-04:00,28.770000457763672,28.84000015258789,28.579999923706055,28.709999084472656,53517,0.0,0.0
2022-09-19 12:30:00-04:00,28.7007999420166,29.0049991607666,28.690000534057617,28.980300903320312,64206,0.0,0.0
2022-09-19 13:30:00-04:00,28.980100631713867,28.9950008392334,28.719999313354492,28.719999313354492,39242,0.0,0.0
2022-09-19 14:30:00-04:00,28.760000228881836,29.06999969482422,28.68000030517578,28.930599212646484,81719,0.0,0.0
2022-09-19 15:30:00-04:00,28.940000534057617,29.139999389648438,28.920000076293945,28.940000534057617,152118,0.0,0.0
2022-09-20 09:30:00-04:00,28.399999618530273,28.459999084472656,28.010000228881836,28.079999923706055,110330,0.0,0.0
2022-09-20 10:30:00-04:00,28.040000915527344,28.110000610351562,27.899999618530273,27.96500015258789,140043,0.0,0.0
2022-09-20 11:30:00-04:00,27.96500015258789,28.030000686645508,27.780000686645508,27.780000686645508,78374,0.0,0.0
2022-09-20 12:30:00-04:00,27.780000686645508,27.780000686645508,27.229999542236328,27.46500015258789,114450,0.0,0.0
2022-09-20 13:30:00-04:00,27.43000030517578,27.469999313354492,27.260000228881836,27.395000457763672,90217,0.0,0.0
2022-09-20 14:30:00-04:00,27.389999389648438,27.559999465942383,27.260000228881836,27.46500015258789,134278,0.0,0.0
2022-09-20 15:30:00-04:00,27.454999923706055,27.459999084472656,27.290000915527344,27.3700008392334,250229,0.0,0.0
2022-09-21 09:30:00-04:00,27.68000030517578,28.34000015258789,27.40999984741211,28.32699966430664,114585,0.0,0.0
2022-09-21 10:30:00-04:00,28.309999465942383,28.43000030517578,27.8700008392334,28.020000457763672,246697,0.0,0.0
2022-09-21 11:30:00-04:00,28.045000076293945,28.139999389648438,27.799999237060547,27.8799991607666,54743,0.0,0.0
2022-09-21 12:30:00-04:00,27.860000610351562,27.882699966430664,27.559999465942383,27.670000076293945,62108,0.0,0.0
2022-09-21 13:30:00-04:00,27.68000030517578,27.799999237060547,27.1200008392334,27.165000915527344,149011,0.0,0.0
2022-09-21 14:30:00-04:00,27.155000686645508,27.950000762939453,27.079999923706055,27.079999923706055,198631,0.0,0.0
2022-09-21 15:30:00-04:00,27.06999969482422,27.204999923706055,26.860000610351562,26.860000610351562,194270,0.0,0.0
2022-09-22 09:30:00-04:00,26.860000610351562,27.020000457763672,26.1200008392334,26.239999771118164,102050,0.0,0.0
2022-09-22 10:30:00-04:00,26.274999618530273,26.290000915527344,25.59000015258789,25.739999771118164,188092,0.0,0.0
2022-09-22 11:30:00-04:00,25.719999313354492,25.84000015258789,25.600000381469727,25.78499984741211,132799,0.0,0.0
2022-09-22 12:30:00-04:00,25.760000228881836,25.850000381469727,25.56999969482422,25.6299991607666,107347,0.0,0.0
2022-09-22 13:30:00-04:00,25.649999618530273,25.940000534057617,25.575000762939453,25.684999465942383,102825,0.0,0.0
2022-09-22 14:30:00-04:00,25.674299240112305,25.790000915527344,25.56999969482422,25.610000610351562,100693,0.0,0.0
2022-09-22 15:30:00-04:00,25.604999542236328,25.610000610351562,25.469999313354492,25.479999542236328,196293,0.0,0.0
2022-09-23 09:30:00-04:00,24.489999771118164,24.81999969482422,23.155000686645508,23.270000457763672,427053,0.0,0.0
2022-09-23 10:30:00-04:00,23.260000228881836,23.520000457763672,22.93000030517578,23.5049991607666,458167,0.0,0.0
2022-09-23 11:30:00-04:00,23.520000457763672,23.559999465942383,22.795000076293945,22.809999465942383,263367,0.0,0.0
2022-09-23 12:30:00-04:00,22.815000534057617,23.06999969482422,22.766399383544922,22.950000762939453,217419,0.0,0.0
2022-09-23 13:30:00-04:00,22.950000762939453,23.049999237060547,22.799999237060547,22.920000076293945,151235,0.0,0.0
2022-09-23 14:30:00-04:00,22.924999237060547,23.270000457763672,22.8700008392334,23.15999984741211,286668,0.0,0.0
2022-09-23 15:30:00-04:00,23.170000076293945,23.540000915527344,23.139999389648438,23.31999969482422,715333,0.0,0.0
2022-09-26 09:30:00-04:00,23.18000030517578,24.020000457763672,23.18000030517578,23.790000915527344,164023,0.0,0.0
2022-09-26 10:30:00-04:00,23.760000228881836,23.760000228881836,23.454999923706055,23.520000457763672,174215,0.0,0.0
2022-09-26 11:30:00-04:00,23.540000915527344,23.68000030517578,23.459999084472656,23.469999313354492,73614,0.0,0.0
2022-09-26 12:30:00-04:00,23.46179962158203,23.493999481201172,23.209999084472656,23.280000686645508,105333,0.0,0.0
2022-09-26 13:30:00-04:00,23.270000457763672,23.469999313354492,23.0049991607666,23.020000457763672,162060,0.0,0.0
2022-09-26 14:30:00-04:00,23.024999618530273,23.329999923706055,23.010000228881836,23.075000762939453,129489,0.0,0.0
2022-09-26 15:30:00-04:00,23.06999969482422,23.170000076293945,22.93000030517578,22.969999313354492,240857,0.0,0.0
2022-09-27 09:30:00-04:00,23.43000030517578,24.030000686645508,23.21500015258789,23.639999389648438,134199,0.0,0.0
2022-09-27 10:30:00-04:00,23.665000915527344,23.889999389648438,23.34000015258789,23.350000381469727,103858,0.0,0.0
2022-09-27 11:30:00-04:00,23.383899688720703,23.59000015258789,23.15999984741211,23.239999771118164,119906,0.0,0.0
2022-09-27 12:30:00-04:00,23.2549991607666,23.350000381469727,23.170000076293945,23.280000686645508,61476,0.0,0.0
2022-09-27 13:30:00-04:00,23.2549991607666,23.56999969482422,23.239999771118164,23.5,188406,0.0,0.0
2022-09-27 14:30:00-04:00,23.514999389648438,23.809999465942383,23.5,23.700000762939453,71310,0.0,0.0
2022-09-27 15:30:00-04:00,23.709999084472656,23.81999969482422,23.6299991607666,23.799999237060547,168762,0.0,0.0
2022-09-28 09:30:00-04:00,24.25,25.25,23.709999084472656,25.2450008392334,268597,0.0,0.0
2022-09-28 10:30:00-04:00,25.25,26.18000030517578,25.200000762939453,25.530099868774414,549070,0.0,0.0
2022-09-28 11:30:00-04:00,25.559999465942383,25.610000610351562,25.18000030517578,25.559999465942383,182111,0.0,0.0
2022-09-28 12:30:00-04:00,25.540000915527344,25.799999237060547,25.485000610351562,25.649999618530273,103154,0.0,0.0
2022-09-28 13:30:00-04:00,25.6299991607666,25.84000015258789,25.549999237060547,25.809999465942383,74891,0.0,0.0
2022-09-28 14:30:00-04:00,25.829999923706055,26.360000610351562,25.68000030517578,26.290000915527344,190817,0.0,0.0
2022-09-28 15:30:00-04:00,26.29800033569336,26.334999084472656,25.920000076293945,25.959999084472656,281210,0.0,0.0
2022-09-29 09:30:00-04:00,25.1299991607666,25.219999313354492,23.1299991607666,23.360000610351562,416308,0.0,0.0
2022-09-29 10:30:00-04:00,23.360000610351562,24.34000015258789,23.270000457763672,24.046600341796875,252055,0.0,0.0
2022-09-29 11:30:00-04:00,24.059999465942383,24.575000762939453,23.973600387573242,24.389999389648438,168164,0.0,0.0
2022-09-29 12:30:00-04:00,24.415000915527344,24.545000076293945,23.950000762939453,24.125,121383,0.0,0.0
2022-09-29 13:30:00-04:00,24.114999771118164,24.3700008392334,23.959999084472656,24.350000381469727,74109,0.0,0.0
2022-09-29 14:30:00-04:00,24.344999313354492,24.510000228881836,24.239999771118164,24.389999389648438,94036,0.0,0.0
2022-09-29 15:30:00-04:00,24.370100021362305,24.700000762939453,24.370100021362305,24.670000076293945,164558,0.0,0.0
2022-09-30 09:30:00-04:00,24.809999465942383,25.239999771118164,24.170000076293945,25.209999084472656,187424,0.0,0.0
2022-09-30 10:30:00-04:00,25.209999084472656,25.770000457763672,25.190000534057617,25.54800033569336,102961,0.0,0.0
2022-09-30 11:30:00-04:00,25.549999237060547,25.700000762939453,25.440000534057617,25.530000686645508,72756,0.0,0.0
2022-09-30 12:30:00-04:00,25.510000228881836,25.84000015258789,25.510000228881836,25.831300735473633,72959,0.0,0.0
2022-09-30 13:30:00-04:00,25.829999923706055,25.850000381469727,25.309999465942383,25.40999984741211,79723,0.0,0.0
2022-09-30 14:30:00-04:00,25.420000076293945,25.469999313354492,25.190000534057617,25.40999984741211,111578,0.0,0.0
2022-09-30 15:30:00-04:00,25.415000915527344,25.5,25.299999237060547,25.31999969482422,203523,0.0,0.0
2022-10-03 09:30:00-04:00,25.65999984741211,25.90999984741211,25.139999389648438,25.690000534057617,93681,0.0,0.0
2022-10-03 10:30:00-04:00,25.729999542236328,25.792699813842773,25.399999618530273,25.510000228881836,93209,0.0,0.0
2022-10-03 11:30:00-04:00,25.530000686645508,25.559999465942383,25.139999389648438,25.545000076293945,86779,0.0,0.0
2022-10-03 12:30:00-04:00,25.530000686645508,25.764999389648438,25.530000686645508,25.75,71900,0.0,0.0
2022-10-03 13:30:00-04:00,25.764999389648438,26.0,25.59000015258789,25.989999771118164,86937,0.0,0.0
2022-10-03 14:30:00-04:00,25.979999542236328,26.100000381469727,25.90999984741211,25.975000381469727,139911,0.0,0.0
2022-10-03 15:30:00-04:00,25.959999084472656,25.969999313354492,25.670000076293945,25.68000030517578,222968,0.0,0.0
2022-10-04 09:30:00-04:00,26.260000228881836,27.280000686645508,26.19499969482422,26.75,120270,0.0,0.0
2022-10-04 10:30:00-04:00,26.75,27.280000686645508,26.700000762939453,27.260000228881836,68264,0.0,0.0
2022-10-04 11:30:00-04:00,27.280000686645508,27.299999237060547,26.989999771118164,27.165000915527344,46558,0.0,0.0
2022-10-04 12:30:00-04:00,27.17729949951172,27.209999084472656,26.850000381469727,27.059999465942383,51697,0.0,0.0
2022-10-04 13:30:00-04:00,27.020000457763672,27.079999923706055,26.899999618530273,26.899999618530273,43367,0.0,0.0
2022-10-04 14:30:00-04:00,26.920000076293945,27.094999313354492,26.905000686645508,27.040000915527344,60731,0.0,0.0
2022-10-04 15:30:00-04:00,27.030000686645508,27.329999923706055,26.979999542236328,27.329999923706055,179937,0.0,0.0
2022-10-05 09:30:00-04:00,26.59000015258789,27.0,26.299999237060547,26.399999618530273,58292,0.0,0.0
2022-10-05 10:30:00-04:00,26.40999984741211,26.559999465942383,26.34000015258789,26.5,55498,0.0,0.0
2022-10-05 11:30:00-04:00,26.5,26.725000381469727,26.450000762939453,26.65999984741211,43825,0.0,0.0
2022-10-05 12:30:00-04:00,26.65999984741211,26.90999984741211,26.600000381469727,26.8700008392334,36597,0.0,0.0
2022-10-05 13:30:00-04:00,26.844999313354492,26.844999313354492,26.670000076293945,26.75,52063,0.0,0.0
2022-10-05 14:30:00-04:00,26.764999389648438,27.049999237060547,26.709999084472656,26.979999542236328,70756,0.0,0.0
2022-10-05 15:30:00-04:00,26.96500015258789,27.049999237060547,26.8700008392334,26.93000030517578,116139,0.0,0.0
2022-10-06 09:30:00-04:00,26.799999237060547,27.43000030517578,26.549999237060547,26.649999618530273,40807,0.0,0.0
2022-10-06 10:30:00-04:00,26.600000381469727,27.059999465942383,26.565000534057617,26.969999313354492,37471,0.0,0.0
2022-10-06 11:30:00-04:00,26.950000762939453,27.020000457763672,26.809999465942383,26.950000762939453,29052,0.0,0.0
2022-10-06 12:30:00-04:00,26.96500015258789,27.131999969482422,26.93000030517578,27.049999237060547,31519,0.0,0.0
2022-10-06 13:30:00-04:00,27.049999237060547,27.06999969482422,26.940000534057617,27.010000228881836,32371,0.0,0.0
2022-10-06 14:30:00-04:00,27.010000228881836,27.040000915527344,26.780000686645508,26.90999984741211,69703,0.0,0.0
2022-10-06 15:30:00-04:00,26.940000534057617,26.959999084472656,26.774999618530273,26.790000915527344,90259,0.0,0.0
2022-10-07 09:30:00-04:00,26.459999084472656,26.549999237060547,26.049999237060547,26.239999771118164,62790,0.0,0.0
2022-10-07 10:30:00-04:00,26.299999237060547,26.343599319458008,25.75,25.75,53964,0.0,0.0
2022-10-07 11:30:00-04:00,25.739999771118164,25.780000686645508,25.59000015258789,25.619800567626953,44256,0.0,0.0
2022-10-07 12:30:00-04:00,25.610000610351562,25.649999618530273,25.530000686645508,25.579999923706055,45550,0.0,0.0
2022-10-07 13:30:00-04:00,25.59000015258789,25.7450008392334,25.540000915527344,25.559999465942383,77848,0.0,0.0
2022-10-07 14:30:00-04:00,25.56999969482422,25.690000534057617,25.434999465942383,25.489999771118164,80958,0.0,0.0
2022-10-07 15:30:00-04:00,25.479999542236328,25.729999542236328,25.420000076293945,25.68000030517578,149856,0.0,0.0
2022-10-10 09:30:00-04:00,25.969999313354492,26.350000381469727,25.71139907836914,26.350000381469727,117619,0.0,0.0
2022-10-10 10:30:00-04:00,26.3700008392334,26.479999542236328,26.15999984741211,26.40999984741211,86061,0.0,0.0
2022-10-10 11:30:00-04:00,26.399999618530273,26.40999984741211,25.78660011291504,25.78660011291504,221472,0.0,0.0
2022-10-10 12:30:00-04:00,25.790000915527344,26.010000228881836,25.56999969482422,26.010000228881836,64810,0.0,0.0
2022-10-10 13:30:00-04:00,26.010000228881836,26.530000686645508,26.0,26.360000610351562,67793,0.0,0.0
2022-10-10 14:30:00-04:00,26.354999542236328,26.780000686645508,26.350000381469727,26.700000762939453,108375,0.0,0.0
2022-10-10 15:30:00-04:00,26.700000762939453,26.84000015258789,26.5,26.520000457763672,274255,0.0,0.0
2022-10-11 09:30:00-04:00,26.459999084472656,26.71500015258789,26.078500747680664,26.510000228881836,85639,0.0,0.0
2022-10-11 10:30:00-04:00,26.5,27.09000015258789,26.479999542236328,27.040000915527344,104279,0.0,0.0
2022-10-11 11:30:00-04:00,27.040000915527344,27.459999084472656,27.040000915527344,27.43000030517578,104903,0.0,0.0
2022-10-11 12:30:00-04:00,27.440000534057617,27.610000610351562,27.40999984741211,27.530000686645508,57085,0.0,0.0
2022-10-11 13:30:00-04:00,27.549999237060547,27.700000762939453,27.350000381469727,27.6299991607666,82951,0.0,0.0
2022-10-11 14:30:00-04:00,27.700000762939453,27.760000228881836,27.280000686645508,27.389999389648438,99414,0.0,0.0
2022-10-11 15:30:00-04:00,27.399999618530273,27.665000915527344,27.399999618530273,27.59000015258789,221117,0.0,0.0
2022-10-12 09:30:00-04:00,27.59000015258789,27.59000015258789,27.040000915527344,27.3700008392334,51375,0.0,0.0
2022-10-12 10:30:00-04:00,27.420000076293945,27.59000015258789,27.290000915527344,27.479999542236328,76644,0.0,0.0
2022-10-12 11:30:00-04:00,27.489999771118164,27.8700008392334,27.44499969482422,27.639999389648438,69803,0.0,0.0
2022-10-12 12:30:00-04:00,27.65999984741211,27.959999084472656,27.6200008392334,27.959999084472656,75941,0.0,0.0
2022-10-12 13:30:00-04:00,27.959999084472656,27.989999771118164,27.290000915527344,27.950000762939453,208701,0.0,0.0
2022-10-12 14:30:00-04:00,27.959999084472656,28.030000686645508,27.729999542236328,27.77199935913086,112561,0.0,0.0
2022-10-12 15:30:00-04:00,27.780000686645508,27.860000610351562,27.729999542236328,27.770000457763672,140695,0.0,0.0
2022-10-13 09:30:00-04:00,27.149999618530273,27.219999313354492,26.204999923706055,26.57699966430664,98045,0.0,0.0
2022-10-13 10:30:00-04:00,26.6200008392334,27.850000381469727,26.576000213623047,27.6299991607666,85486,0.0,0.0
2022-10-13 11:30:00-04:00,27.649999618530273,27.905000686645508,27.420000076293945,27.510000228881836,73162,0.0,0.0
2022-10-13 12:30:00-04:00,27.540000915527344,27.969999313354492,27.520000457763672,27.915000915527344,71094,0.0,0.0
2022-10-13 13:30:00-04:00,27.93000030517578,27.969999313354492,27.760000228881836,27.760000228881836,60901,0.0,0.0
2022-10-13 14:30:00-04:00,27.790000915527344,28.040000915527344,27.75,27.829999923706055,65134,0.0,0.0
2022-10-13 15:30:00-04:00,27.8700008392334,28.0,27.75,27.979999542236328,145724,0.0,0.0
2022-10-14 09:30:00-04:00,28.459999084472656,28.530000686645508,27.36009979248047,27.645000457763672,71588,0.0,0.0
2022-10-14 10:30:00-04:00,27.655000686645508,28.1200008392334,27.655000686645508,28.059999465942383,51819,0.0,0.0
2022-10-14 11:30:00-04:00,27.989999771118164,28.020000457763672,27.530000686645508,27.780000686645508,38602,0.0,0.0
2022-10-14 12:30:00-04:00,27.78499984741211,27.90999984741211,27.579999923706055,27.584999084472656,34401,0.0,0.0
2022-10-14 13:30:00-04:00,27.600000381469727,27.75,27.34000015258789,27.469999313354492,67680,0.0,0.0
2022-10-14 14:30:00-04:00,27.469999313354492,27.510000228881836,27.15999984741211,27.344999313354492,104910,0.0,0.0
2022-10-14 15:30:00-04:00,27.334999084472656,27.350000381469727,27.0,27.09000015258789,150626,0.0,0.0
2022-10-17 09:30:00-04:00,27.670000076293945,27.81999969482422,26.9414005279541,27.094999313354492,124137,0.0,0.0
2022-10-17 10:30:00-04:00,27.1200008392334,27.149999618530273,26.729999542236328,27.024999618530273,96644,0.0,0.0
2022-10-17 11:30:00-04:00,27.0,27.149999618530273,26.979999542236328,27.030000686645508,103773,0.0,0.0
2022-10-17 12:30:00-04:00,27.030000686645508,27.280000686645508,27.024999618530273,27.110000610351562,63313,0.0,0.0
2022-10-17 13:30:00-04:00,27.1200008392334,27.239999771118164,27.030000686645508,27.049999237060547,68808,0.0,0.0
2022-10-17 14:30:00-04:00,27.059999465942383,27.18000030517578,26.940000534057617,27.15999984741211,105322,0.0,0.0
2022-10-17 15:30:00-04:00,27.165000915527344,27.280000686645508,26.969999313354492,27.165000915527344,207219,0.0,0.0
2022-10-18 09:30:00-04:00,27.829999923706055,28.280000686645508,27.25,27.25,146968,0.0,0.0
2022-10-18 10:30:00-04:00,27.229999542236328,27.423099517822266,27.010000228881836,27.079999923706055,114327,0.0,0.0
2022-10-18 11:30:00-04:00,27.075000762939453,27.399999618530273,26.950000762939453,27.28499984741211,86933,0.0,0.0
2022-10-18 12:30:00-04:00,27.360000610351562,27.501300811767578,27.079999923706055,27.209999084472656,85965,0.0,0.0
2022-10-18 13:30:00-04:00,27.225000381469727,27.270000457763672,26.940000534057617,27.094999313354492,109539,0.0,0.0
2022-10-18 14:30:00-04:00,27.104999542236328,27.1200008392334,26.709999084472656,26.719999313354492,142131,0.0,0.0
2022-10-18 15:30:00-04:00,26.719999313354492,26.899999618530273,26.700000762939453,26.899999618530273,263452,0.0,0.0
2022-10-19 09:30:00-04:00,26.799999237060547,26.799999237060547,25.350000381469727,26.079999923706055,216095,0.0,0.0
2022-10-19 10:30:00-04:00,26.079999923706055,26.1200008392334,25.100000381469727,25.114999771118164,160720,0.0,0.0
2022-10-19 11:30:00-04:00,25.1299991607666,25.190000534057617,24.645000457763672,24.649999618530273,152569,0.0,0.0
2022-10-19 12:30:00-04:00,24.6299991607666,24.799999237060547,24.389999389648438,24.799999237060547,113613,0.0,0.0
2022-10-19 13:30:00-04:00,24.795000076293945,25.354999542236328,24.795000076293945,25.334699630737305,124344,0.0,0.0
2022-10-19 14:30:00-04:00,25.31999969482422,25.3700008392334,25.139999389648438,25.149999618530273,125213,0.0,0.0
2022-10-19 15:30:00-04:00,25.139999389648438,25.399999618530273,25.079999923706055,25.3700008392334,240215,0.0,0.0
2022-10-20 09:30:00-04:00,25.40999984741211,26.170000076293945,25.15999984741211,25.93000030517578,86214,0.0,0.0
2022-10-20 10:30:00-04:00,26.0,26.079999923706055,25.6299991607666,25.860000610351562,77000,0.0,0.0
2022-10-20 11:30:00-04:00,25.860000610351562,25.920000076293945,24.93000030517578,25.049999237060547,83878,0.0,0.0
2022-10-20 12:30:00-04:00,25.059999465942383,25.170000076293945,24.799999237060547,24.947999954223633,72872,0.0,0.0
2022-10-20 13:30:00-04:00,24.93000030517578,25.0,24.700000762939453,24.729999542236328,71745,0.0,0.0
2022-10-20 14:30:00-04:00,24.725000381469727,24.899999618530273,24.579999923706055,24.670000076293945,80551,0.0,0.0
2022-10-20 15:30:00-04:00,24.690000534057617,24.889999389648438,24.6299991607666,24.829999923706055,185577,0.0,0.0
2022-10-21 09:30:00-04:00,25.0,25.75,24.722200393676758,25.010000228881836,71587,0.0,0.0
2022-10-21 10:30:00-04:00,25.049999237060547,25.229999542236328,24.93000030517578,25.160999298095703,94526,0.0,0.0
2022-10-21 11:30:00-04:00,25.184999465942383,25.530000686645508,25.184999465942383,25.389999389648438,39573,0.0,0.0
2022-10-21 12:30:00-04:00,25.415000915527344,25.81999969482422,25.415000915527344,25.770000457763672,110623,0.0,0.0
2022-10-21 13:30:00-04:00,25.770000457763672,25.809999465942383,25.47010040283203,25.68000030517578,86069,0.0,0.0
2022-10-21 14:30:00-04:00,25.719999313354492,25.885000228881836,25.674999237060547,25.850000381469727,98625,0.0,0.0
2022-10-21 15:30:00-04:00,25.850000381469727,25.940000534057617,25.790000915527344,25.850000381469727,138810,0.0,0.0
2022-10-24 09:30:00-04:00,25.940000534057617,26.530000686645508,25.440000534057617,25.65999984741211,88830,0.0,0.0
2022-10-24 10:30:00-04:00,25.665000915527344,26.260000228881836,25.634599685668945,26.084999084472656,72031,0.0,0.0
2022-10-24 11:30:00-04:00,26.06999969482422,26.440000534057617,25.989999771118164,26.329999923706055,48936,0.0,0.0
2022-10-24 12:30:00-04:00,26.329999923706055,26.329999923706055,26.014999389648438,26.065000534057617,45183,0.0,0.0
2022-10-24 13:30:00-04:00,26.030000686645508,26.18000030517578,26.020000457763672,26.18000030517578,30861,0.0,0.0
2022-10-24 14:30:00-04:00,26.174999237060547,26.389999389648438,26.149999618530273,26.333999633789062,46761,0.0,0.0
2022-10-24 15:30:00-04:00,26.329999923706055,26.530000686645508,26.329999923706055,26.3700008392334,126425,0.0,0.0
2022-10-25 09:30:00-04:00,26.309999465942383,26.989999771118164,26.260000228881836,26.950000762939453,53650,0.0,0.0
2022-10-25 10:30:00-04:00,26.989999771118164,27.540000915527344,26.89080047607422,27.510000228881836,90453,0.0,0.0
2022-10-25 11:30:00-04:00,27.48430061340332,27.639999389648438,27.350000381469727,27.514999389648438,69338,0.0,0.0
2022-10-25 12:30:00-04:00,27.5,27.530000686645508,27.1200008392334,27.174999237060547,43213,0.0,0.0
2022-10-25 13:30:00-04:00,27.200000762939453,27.360000610351562,27.1200008392334,27.299999237060547,41180,0.0,0.0
2022-10-25 14:30:00-04:00,27.290000915527344,27.459999084472656,27.200000762939453,27.370100021362305,66117,0.0,0.0
2022-10-25 15:30:00-04:00,27.395000457763672,27.489999771118164,27.299999237060547,27.31999969482422,140725,0.0,0.0
2022-10-26 09:30:00-04:00,27.59000015258789,27.889999389648438,26.905000686645508,27.889999389648438,110080,0.0,0.0
2022-10-26 10:30:00-04:00,27.899999618530273,28.110000610351562,27.66230010986328,28.09749984741211,77417,0.0,0.0
2022-10-26 11:30:00-04:00,28.1200008392334,28.489999771118164,28.1112003326416,28.479999542236328,56514,0.0,0.0
2022-10-26 12:30:00-04:00,28.479999542236328,28.5,27.604999542236328,27.6200008392334,70698,0.0,0.0
2022-10-26 13:30:00-04:00,27.639999389648438,27.950000762939453,27.489999771118164,27.65999984741211,49022,0.0,0.0
2022-10-26 14:30:00-04:00,27.6299991607666,27.739999771118164,27.510000228881836,27.540000915527344,43168,0.0,0.0
2022-10-26 15:30:00-04:00,27.549999237060547,27.59000015258789,27.350000381469727,27.399999618530273,92572,0.0,0.0
2022-10-27 09:30:00-04:00,27.790000915527344,28.1299991607666,27.200000762939453,27.665000915527344,45276,0.0,0.0
2022-10-27 10:30:00-04:00,27.69499969482422,28.030000686645508,27.389999389648438,28.0,56176,0.0,0.0
2022-10-27 11:30:00-04:00,27.979999542236328,28.110000610351562,27.709999084472656,27.84000015258789,50601,0.0,0.0
2022-10-27 12:30:00-04:00,27.799999237060547,28.132999420166016,27.780000686645508,27.934999465942383,47196,0.0,0.0
2022-10-27 13:30:00-04:00,27.850000381469727,27.90999984741211,27.420000076293945,27.639999389648438,41330,0.0,0.0
2022-10-27 14:30:00-04:00,27.639999389648438,27.8799991607666,27.559999465942383,27.829999923706055,160613,0.0,0.0
2022-10-27 15:30:00-04:00,27.809999465942383,28.010000228881836,27.719999313354492,27.969999313354492,182900,0.0,0.0
2022-10-28 09:30:00-04:00,28.149999618530273,29.075300216674805,27.739999771118164,28.200000762939453,204438,0.0,0.0
2022-10-28 10:30:00-04:00,28.15999984741211,28.5,27.950000762939453,28.40999984741211,55512,0.0,0.0
2022-10-28 11:30:00-04:00,28.489999771118164,28.540000915527344,28.209999084472656,28.399999618530273,48390,0.0,0.0
2022-10-28 12:30:00-04:00,28.43000030517578,28.670000076293945,28.345199584960938,28.514999389648438,78711,0.0,0.0
2022-10-28 13:30:00-04:00,28.514999389648438,28.514999389648438,28.190000534057617,28.350000381469727,45508,0.0,0.0
2022-10-28 14:30:00-04:00,28.334999084472656,28.670000076293945,28.260000228881836,28.610000610351562,105234,0.0,0.0
2022-10-28 15:30:00-04:00,28.600000381469727,28.665000915527344,28.25,28.260000228881836,160720,0.0,0.0
2022-10-31 09:30:00-04:00,28.239999771118164,28.950000762939453,28.110000610351562,28.65999984741211,76975,0.0,0.0
2022-10-31 10:30:00-04:00,28.600000381469727,28.770000457763672,28.420000076293945,28.600000381469727,75340,0.0,0.0
2022-10-31 11:30:00-04:00,28.56999969482422,28.700000762939453,28.360000610351562,28.360000610351562,85174,0.0,0.0
2022-10-31 12:30:00-04:00,28.350000381469727,28.3700008392334,28.1200008392334,28.31999969482422,80214,0.0,0.0
2022-10-31 13:30:00-04:00,28.325000762939453,28.5,27.985000610351562,28.145000457763672,142684,0.0,0.0
2022-10-31 14:30:00-04:00,28.125,28.15999984741211,27.709999084472656,27.76799964904785,101117,0.0,0.0
2022-10-31 15:30:00-04:00,27.760000228881836,27.885000228881836,27.649999618530273,27.770000457763672,227369,0.0,0.0
2022-11-01 09:30:00-04:00,28.5,28.6299991607666,27.760000228881836,28.0,129212,0.0,0.0
2022-11-01 10:30:00-04:00,28.020000457763672,28.34000015258789,27.725099563598633,28.34000015258789,138685,0.0,0.0
2022-11-01 11:30:00-04:00,28.3799991607666,28.690000534057617,28.31999969482422,28.489999771118164,125836,0.0,0.0
2022-11-01 12:30:00-04:00,28.459999084472656,28.65999984741211,28.420000076293945,28.6200008392334,69461,0.0,0.0
2022-11-01 13:30:00-04:00,28.604999542236328,28.670000076293945,28.350000381469727,28.420000076293945,146237,0.0,0.0
2022-11-01 14:30:00-04:00,28.399999618530273,28.469999313354492,28.139999389648438,28.139999389648438,112363,0.0,0.0
2022-11-01 15:30:00-04:00,28.15999984741211,28.329999923706055,28.0,28.18000030517578,208146,0.0,0.0
2022-11-02 09:30:00-04:00,26.75,26.75,25.010000228881836,25.770000457763672,547115,0.0,0.0
2022-11-02 10:30:00-04:00,25.69499969482422,25.93000030517578,25.469999313354492,25.780000686645508,170838,0.0,0.0
2022-11-02 11:30:00-04:00,25.795299530029297,25.829999923706055,25.53499984741211,25.69499969482422,157932,0.0,0.0
2022-11-02 12:30:00-04:00,25.69499969482422,25.979999542236328,25.549999237060547,25.950000762939453,153413,0.0,0.0
2022-11-02 13:30:00-04:00,25.9596004486084,27.09000015258789,25.889999389648438,26.55500030517578,249254,0.0,0.0
2022-11-02 14:30:00-04:00,26.530899047851562,26.540000915527344,25.010000228881836,25.174999237060547,421930,0.0,0.0
2022-11-02 15:30:00-04:00,25.184999465942383,25.65250015258789,25.059999465942383,25.600000381469727,422800,0.0,0.0
2022-11-03 09:30:00-04:00,24.899999618530273,26.739999771118164,24.25,26.649999618530273,324640,0.0,0.0
2022-11-03 10:30:00-04:00,26.68000030517578,26.760000228881836,25.899999618530273,26.030000686645508,279839,0.0,0.0
2022-11-03 11:30:00-04:00,26.020000457763672,26.3700008392334,25.979999542236328,26.31999969482422,118513,0.0,0.0
2022-11-03 12:30:00-04:00,26.299999237060547,26.299999237060547,25.684999465942383,25.829999923706055,108455,0.0,0.0
2022-11-03 13:30:00-04:00,25.829999923706055,26.045000076293945,25.729999542236328,25.954999923706055,132404,0.0,0.0
2022-11-03 14:30:00-04:00,25.950899124145508,26.350000381469727,25.93000030517578,26.219999313354492,209393,0.0,0.0
2022-11-03 15:30:00-04:00,26.21500015258789,26.280000686645508,25.829999923706055,25.93000030517578,348177,0.0,0.0
2022-11-04 09:30:00-04:00,26.18000030517578,26.75,26.170000076293945,26.70549964904785,126312,0.0,0.0
2022-11-04 10:30:00-04:00,26.709999084472656,26.989999771118164,26.549999237060547,26.549999237060547,105418,0.0,0.0
2022-11-04 11:30:00-04:00,26.549999237060547,26.565000534057617,26.0,26.329999923706055,117694,0.0,0.0
2022-11-04 12:30:00-04:00,26.31999969482422,26.34000015258789,25.90999984741211,25.969999313354492,75391,0.0,0.0
2022-11-04 13:30:00-04:00,25.985000610351562,26.030000686645508,25.770000457763672,26.0,108168,0.0,0.0
2022-11-04 14:30:00-04:00,26.0,26.09000015258789,25.850000381469727,25.889999389648438,105583,0.0,0.0
2022-11-04 15:30:00-04:00,25.889999389648438,25.985000610351562,25.81999969482422,25.90999984741211,233490,0.0,0.0
2022-11-07 09:30:00-05:00,26.09000015258789,26.36720085144043,25.399999618530273,25.649999618530273,99547,0.0,0.0
2022-11-07 10:30:00-05:00,25.649999618530273,26.170000076293945,25.600000381469727,26.155000686645508,108249,0.0,0.0
2022-11-07 11:30:00-05:00,26.200000762939453,26.43000030517578,25.915000915527344,26.43000030517578,56774,0.0,0.0
2022-11-07 12:30:00-05:00,26.43000030517578,26.479999542236328,26.299999237060547,26.31999969482422,46356,0.0,0.0
2022-11-07 13:30:00-05:00,26.312999725341797,26.829999923706055,26.312999725341797,26.780000686645508,46979,0.0,0.0
2022-11-07 14:30:00-05:00,26.829999923706055,26.8700008392334,26.6299991607666,26.739999771118164,71074,0.0,0.0
2022-11-07 15:30:00-05:00,26.739999771118164,26.860000610351562,26.604999542236328,26.610000610351562,171469,0.0,0.0
2022-11-08 09:30:00-05:00,26.799999237060547,26.809999465942383,26.15999984741211,26.795000076293945,111929,0.0,0.0
2022-11-08 10:30:00-05:00,26.770000457763672,27.356199264526367,26.75,27.260000228881836,95485,0.0,0.0
2022-11-08 11:30:00-05:00,27.290000915527344,27.3700008392334,27.190000534057617,27.29330062866211,53513,0.0,0.0
2022-11-08 12:30:00-05:00,27.260000228881836,27.309999465942383,26.79010009765625,26.860000610351562,43507,0.0,0.0
2022-11-08 13:30:00-05:00,26.860000610351562,27.049999237060547,26.520000457763672,26.520000457763672,48318,0.0,0.0
2022-11-08 14:30:00-05:00,26.530000686645508,27.170000076293945,26.440000534057617,27.145000457763672,102152,0.0,0.0
2022-11-08 15:30:00-05:00,27.15999984741211,27.3700008392334,27.149999618530273,27.18000030517578,164384,0.0,0.0
2022-11-09 09:30:00-05:00,26.959999084472656,27.8799991607666,26.649999618530273,27.780000686645508,117150,0.0,0.0
2022-11-09 10:30:00-05:00,27.790000915527344,27.899999618530273,27.3799991607666,27.3799991607666,67972,0.0,0.0
2022-11-09 11:30:00-05:00,27.334999084472656,27.520000457763672,27.149999618530273,27.239999771118164,49070,0.0,0.0
2022-11-09 12:30:00-05:00,27.209999084472656,27.260000228881836,27.049999237060547,27.079999923706055,43345,0.0,0.0
2022-11-09 13:30:00-05:00,27.06999969482422,27.06999969482422,26.809999465942383,26.889999389648438,55397,0.0,0.0
2022-11-09 14:30:00-05:00,26.889999389648438,27.010000228881836,26.739999771118164,26.989999771118164,81413,0.0,0.0
2022-11-09 15:30:00-05:00,26.989999771118164,27.229999542236328,26.950000762939453,27.18000030517578,190823,0.0,0.0
2022-11-10 09:30:00-05:00,28.520000457763672,30.559999465942383,28.3799991607666,30.15999984741211,613214,0.0,0.0
2022-11-10 10:30:00-05:00,30.155000686645508,30.200000762939453,29.132999420166016,29.219999313354492,357338,0.0,0.0
2022-11-10 11:30:00-05:00,29.270000457763672,29.440000534057617,28.1200008392334,28.530000686645508,228227,0.0,0.0
2022-11-10 12:30:00-05:00,28.549999237060547,28.84000015258789,28.3700008392334,28.56999969482422,153088,0.0,0.0
2022-11-10 13:30:00-05:00,28.575000762939453,28.579999923706055,28.329999923706055,28.489999771118164,67508,0.0,0.0
2022-11-10 14:30:00-05:00,28.459999084472656,28.850000381469727,28.336700439453125,28.729999542236328,229404,0.0,0.0
2022-11-10 15:30:00-05:00,28.729999542236328,28.899999618530273,28.559999465942383,28.6200008392334,207366,0.0,0.0
2022-11-11 09:30:00-05:00,28.579999923706055,29.06999969482422,28.12299919128418,28.940000534057617,122668,0.0,0.0
2022-11-11 10:30:00-05:00,28.959999084472656,29.420000076293945,28.90999984741211,29.280799865722656,134756,0.0,0.0
2022-11-11 11:30:00-05:00,29.260000228881836,29.709999084472656,29.18000030517578,29.18000030517578,86969,0.0,0.0
2022-11-11 12:30:00-05:00,29.15999984741211,29.200000762939453,28.96500015258789,29.125,92473,0.0,0.0
2022-11-11 13:30:00-05:00,29.125,29.40999984741211,29.040000915527344,29.290000915527344,161405,0.0,0.0
2022-11-11 14:30:00-05:00,29.290000915527344,29.489999771118164,29.139999389648438,29.184999465942383,90365,0.0,0.0
2022-11-11 15:30:00-05:00,29.200000762939453,29.200000762939453,28.940000534057617,28.94499969482422,354960,0.0,0.0
2022-11-14 09:30:00-05:00,28.850000381469727,29.079999923706055,27.84000015258789,28.09000015258789,158948,0.0,0.0
2022-11-14 10:30:00-05:00,28.09000015258789,28.68000030517578,28.020000457763672,28.40999984741211,94280,0.0,0.0
2022-11-14 11:30:00-05:00,28.440000534057617,28.799999237060547,28.440000534057617,28.479999542236328,84160,0.0,0.0
2022-11-14 12:30:00-05:00,28.46500015258789,28.729999542236328,28.350000381469727,28.450000762939453,86448,0.0,0.0
2022-11-14 13:30:00-05:00,28.459999084472656,28.739999771118164,28.25,28.489999771118164,59068,0.0,0.0
2022-11-14 14:30:00-05:00,28.492599487304688,28.65999984741211,28.424999237060547,28.639999389648438,104971,0.0,0.0
2022-11-14 15:30:00-05:00,28.649999618530273,28.704999923706055,28.34000015258789,28.395000457763672,153854,0.0,0.0
2022-11-15 09:30:00-05:00,29.149999618530273,29.350000381469727,28.600000381469727,29.309999465942383,119950,0.0,0.0
2022-11-15 10:30:00-05:00,29.2450008392334,29.350000381469727,28.950000762939453,29.049999237060547,50939,0.0,0.0
2022-11-15 11:30:00-05:00,29.049999237060547,29.179899215698242,28.6299991607666,28.655000686645508,44889,0.0,0.0
2022-11-15 12:30:00-05:00,28.6299991607666,28.65999984741211,27.934999465942383,28.0,47916,0.0,0.0
2022-11-15 13:30:00-05:00,28.040000915527344,28.204999923706055,27.81999969482422,28.149999618530273,119087,0.0,0.0
2022-11-15 14:30:00-05:00,28.110000610351562,28.18000030517578,27.934999465942383,27.9950008392334,69226,0.0,0.0
2022-11-15 15:30:00-05:00,27.979999542236328,27.979999542236328,27.610000610351562,27.739999771118164,301539,0.0,0.0
2022-11-16 09:30:00-05:00,27.010000228881836,27.280000686645508,26.559999465942383,26.954999923706055,132449,0.0,0.0
2022-11-16 10:30:00-05:00,26.969999313354492,27.280000686645508,26.850000381469727,27.125,106855,0.0,0.0
2022-11-16 11:30:00-05:00,27.110300064086914,27.290000915527344,27.010000228881836,27.18000030517578,55404,0.0,0.0
2022-11-16 12:30:00-05:00,27.200000762939453,27.360000610351562,27.18000030517578,27.239999771118164,33961,0.0,0.0
2022-11-16 13:30:00-05:00,27.239999771118164,27.270000457763672,27.030000686645508,27.165000915527344,41300,0.0,0.0
2022-11-16 14:30:00-05:00,27.165000915527344,27.290000915527344,27.0,27.100000381469727,63627,0.0,0.0
2022-11-16 15:30:00-05:00,27.100000381469727,27.219999313354492,27.030000686645508,27.18000030517578,108154,0.0,0.0
2022-11-17 09:30:00-05:00,26.670000076293945,26.979999542236328,26.450000762939453,26.84000015258789,72721,0.0,0.0
2022-11-17 10:30:00-05:00,26.81999969482422,27.18000030517578,26.760000228881836,26.950000762939453,64307,0.0,0.0
2022-11-17 11:30:00-05:00,26.864999771118164,27.1200008392334,26.75,26.989999771118164,45486,0.0,0.0
2022-11-17 12:30:00-05:00,26.999500274658203,27.110000610351562,26.928800582885742,26.9950008392334,35211,0.0,0.0
2022-11-17 13:30:00-05:00,26.961299896240234,27.03499984741211,26.68000030517578,26.725000381469727,30590,0.0,0.0
2022-11-17 14:30:00-05:00,26.725000381469727,27.149999618530273,26.709999084472656,27.020000457763672,56297,0.0,0.0
2022-11-17 15:30:00-05:00,27.020000457763672,27.15999984741211,27.0,27.110000610351562,105878,0.0,0.0
2022-11-18 09:30:00-05:00,27.540000915527344,27.780000686645508,26.719900131225586,27.3700008392334,112258,0.0,0.0
2022-11-18 10:30:00-05:00,27.325000762939453,27.5,27.049999237060547,27.1200008392334,50676,0.0,0.0
2022-11-18 11:30:00-05:00,27.100000381469727,27.170000076293945,26.860000610351562,27.059999465942383,56474,0.0,0.0
2022-11-18 12:30:00-05:00,27.06999969482422,27.270000457763672,26.81999969482422,27.19499969482422,151646,0.0,0.0
2022-11-18 13:30:00-05:00,27.184999465942383,27.600000381469727,27.170000076293945,27.385000228881836,125399,0.0,0.0
2022-11-18 14:30:00-05:00,27.385000228881836,27.489999771118164,27.209999084472656,27.364999771118164,80178,0.0,0.0
2022-11-18 15:30:00-05:00,27.3799991607666,27.59000015258789,27.350000381469727,27.530000686645508,144069,0.0,0.0
2022-11-21 09:30:00-05:00,27.389999389648438,27.520000457763672,27.084999084472656,27.178699493408203,109994,0.0,0.0
2022-11-21 10:30:00-05:00,27.149999618530273,27.6200008392334,27.1200008392334,27.399999618530273,80447,0.0,0.0
2022-11-21 11:30:00-05:00,27.389999389648438,27.67799949645996,27.364999771118164,27.6299991607666,44857,0.0,0.0
2022-11-21 12:30:00-05:00,27.649999618530273,27.850000381469727,27.6299991607666,27.73390007019043,49858,0.0,0.0
2022-11-21 13:30:00-05:00,27.68000030517578,27.81999969482422,27.170000076293945,27.260000228881836,88173,0.0,0.0
2022-11-21 14:30:00-05:00,27.239999771118164,27.5,27.209999084472656,27.3700008392334,59923,0.0,0.0
2022-11-21 15:30:00-05:00,27.3799991607666,27.440000534057617,27.25,27.309999465942383,109286,0.0,0.0
2022-11-22 09:30:00-05:00,27.420000076293945,28.56999969482422,27.420000076293945,28.440000534057617,142353,0.0,0.0
2022-11-22 10:30:00-05:00,28.510000228881836,28.530000686645508,27.84000015258789,27.847999572753906,78861,0.0,0.0
2022-11-22 11:30:00-05:00,27.860000610351562,27.8700008392334,27.190000534057617,27.209999084472656,87681,0.0,0.0
2022-11-22 12:30:00-05:00,27.219999313354492,27.6200008392334,27.219999313354492,27.479999542236328,113814,0.0,0.0
2022-11-22 13:30:00-05:00,27.485000610351562,27.530000686645508,27.344999313354492,27.43000030517578,107845,0.0,0.0
2022-11-22 14:30:00-05:00,27.440000534057617,27.545000076293945,27.360000610351562,27.485000610351562,112607,0.0,0.0
2022-11-22 15:30:00-05:00,27.485000610351562,27.75,27.485000610351562,27.625,243845,0.0,0.0
2022-11-23 09:30:00-05:00,27.600000381469727,27.809999465942383,27.385000228881836,27.56999969482422,73065,0.0,0.0
2022-11-23 10:30:00-05:00,27.565000534057617,27.774999618530273,27.540000915527344,27.645000457763672,53284,0.0,0.0
2022-11-23 11:30:00-05:00,27.674999237060547,27.790000915527344,27.510000228881836,27.530000686645508,38304,0.0,0.0
2022-11-23 12:30:00-05:00,27.540000915527344,27.709999084472656,27.389999389648438,27.690000534057617,38595,0.0,0.0
2022-11-23 13:30:00-05:00,27.68000030517578,27.875,27.6200008392334,27.799999237060547,92070,0.0,0.0
2022-11-23 14:30:00-05:00,27.770000457763672,28.200000762939453,27.760000228881836,28.165000915527344,70152,0.0,0.0
2022-11-23 15:30:00-05:00,28.165000915527344,28.209999084472656,28.0,28.06999969482422,100952,0.0,0.0
2022-11-25 09:30:00-05:00,28.040000915527344,28.40999984741211,27.979999542236328,27.979999542236328,45340,0.0,0.0
2022-11-25 10:30:00-05:00,28.010000228881836,28.15999984741211,27.895000457763672,27.9950008392334,41334,0.0,0.0
2022-11-25 11:30:00-05:00,28.0,28.09000015258789,27.899999618530273,27.899999618530273,31801,0.0,0.0
2022-11-28 09:30:00-05:00,27.399999618530273,27.82990074157715,26.844999313354492,27.059999465942383,165911,0.0,0.0
2022-11-28 10:30:00-05:00,27.075000762939453,27.18000030517578,26.260099411010742,26.385000228881836,226629,0.0,0.0
2022-11-28 11:30:00-05:00,26.3700008392334,26.6299991607666,26.100099563598633,26.604999542236328,135141,0.0,0.0
2022-11-28 12:30:00-05:00,26.6200008392334,26.8700008392334,26.549999237060547,26.63599967956543,83264,0.0,0.0
2022-11-28 13:30:00-05:00,26.634899139404297,26.75,26.459999084472656,26.5,59239,0.0,0.0
2022-11-28 14:30:00-05:00,26.489999771118164,26.690000534057617,26.459999084472656,26.461999893188477,68015,0.0,0.0
2022-11-28 15:30:00-05:00,26.459999084472656,26.729999542236328,26.399999618530273,26.670000076293945,158592,0.0,0.0
2022-11-29 09:30:00-05:00,26.649999618530273,26.888900756835938,26.459999084472656,26.861299514770508,74391,0.0,0.0
2022-11-29 10:30:00-05:00,26.899999618530273,27.0049991607666,26.739999771118164,26.86009979248047,61051,0.0,0.0
2022-11-29 11:30:00-05:00,26.8799991607666,27.200000762939453,26.86009979248047,27.020000457763672,63598,0.0,0.0
2022-11-29 12:30:00-05:00,27.026199340820312,27.34000015258789,27.020000457763672,27.170000076293945,113502,0.0,0.0
2022-11-29 13:30:00-05:00,27.18000030517578,27.229999542236328,26.889999389648438,26.920000076293945,74772,0.0,0.0
2022-11-29 14:30:00-05:00,26.889999389648438,26.985000610351562,26.851699829101562,26.959999084472656,65374,0.0,0.0
2022-11-29 15:30:00-05:00,26.959999084472656,27.014999389648438,26.81999969482422,26.84000015258789,107407,0.0,0.0
2022-11-30 09:30:00-05:00,26.75,27.04199981689453,26.64259910583496,26.684999465942383,90311,0.0,0.0
2022-11-30 10:30:00-05:00,26.684999465942383,27.1200008392334,26.540000915527344,26.98349952697754,86231,0.0,0.0
2022-11-30 11:30:00-05:00,27.0,27.0,26.510000228881836,26.64080047607422,73794,0.0,0.0
2022-11-30 12:30:00-05:00,26.649999618530273,26.84000015258789,26.600000381469727,26.700000762939453,65324,0.0,0.0
2022-11-30 13:30:00-05:00,26.729999542236328,27.450000762939453,26.68000030517578,27.425199508666992,151500,0.0,0.0
2022-11-30 14:30:00-05:00,27.43000030517578,27.59000015258789,27.280000686645508,27.549999237060547,107000,0.0,0.0
2022-11-30 15:30:00-05:00,27.540000915527344,27.610000610351562,27.440000534057617,27.5,188220,0.0,0.0
2022-12-01 09:30:00-05:00,27.649999618530273,28.15999984741211,27.399999618530273,27.399999618530273,168001,0.0,0.0
2022-12-01 10:30:00-05:00,27.407699584960938,27.71310043334961,27.329999923706055,27.639999389648438,101582,0.0,0.0
2022-12-01 11:30:00-05:00,27.65999984741211,27.75,27.5049991607666,27.600000381469727,53665,0.0,0.0
2022-12-01 12:30:00-05:00,27.579999923706055,27.636600494384766,27.149999618530273,27.229999542236328,92271,0.0,0.0
2022-12-01 13:30:00-05:00,27.224599838256836,27.479999542236328,27.200000762939453,27.364999771118164,70690,0.0,0.0
2022-12-01 14:30:00-05:00,27.389999389648438,27.459999084472656,27.25,27.315000534057617,101333,0.0,0.0
2022-12-01 15:30:00-05:00,27.30500030517578,27.450000762939453,27.239999771118164,27.280000686645508,181503,0.0,0.0
2022-12-02 09:30:00-05:00,27.0,27.665000915527344,26.770000457763672,27.459999084472656,98047,0.0,0.0
2022-12-02 10:30:00-05:00,27.440000534057617,27.5,27.25,27.454999923706055,96030,0.0,0.0
2022-12-02 11:30:00-05:00,27.459999084472656,27.55500030517578,27.440000534057617,27.510000228881836,84913,0.0,0.0
2022-12-02 12:30:00-05:00,27.520000457763672,27.56999969482422,27.334999084472656,27.4950008392334,114680,0.0,0.0
2022-12-02 13:30:00-05:00,27.46980094909668,27.56999969482422,27.43000030517578,27.520000457763672,92335,0.0,0.0
2022-12-02 14:30:00-05:00,27.520000457763672,27.764699935913086,27.479999542236328,27.690000534057617,106980,0.0,0.0
2022-12-02 15:30:00-05:00,27.690000534057617,27.739999771118164,27.6200008392334,27.670000076293945,169406,0.0,0.0
2022-12-05 09:30:00-05:00,27.489999771118164,27.520000457763672,26.31999969482422,26.37030029296875,227617,0.0,0.0
2022-12-05 10:30:00-05:00,26.364999771118164,26.399999618530273,25.809999465942383,25.809999465942383,221553,0.0,0.0
2022-12-05 11:30:00-05:00,25.825000762939453,25.850000381469727,25.549999237060547,25.549999237060547,207336,0.0,0.0
2022-12-05 12:30:00-05:00,25.739900588989258,25.969999313354492,25.5,25.65999984741211,204785,0.0,0.0
2022-12-05 13:30:00-05:00,25.69499969482422,25.81999969482422,25.610000610351562,25.639999389648438,72561,0.0,0.0
2022-12-05 14:30:00-05:00,25.6299991607666,25.690000534057617,25.399999618530273,25.415000915527344,170576,0.0,0.0
2022-12-05 15:30:00-05:00,25.43000030517578,25.511999130249023,25.375,25.479999542236328,257974,0.0,0.0
2022-12-06 09:30:00-05:00,25.5,25.598100662231445,24.75,24.75,319136,0.0,0.0
2022-12-06 10:30:00-05:00,24.760000228881836,24.860000610351562,24.3799991607666,24.677000045776367,231654,0.0,0.0
2022-12-06 11:30:00-05:00,24.655000686645508,24.780000686645508,24.440000534057617,24.639999389648438,168028,0.0,0.0
2022-12-06 12:30:00-05:00,24.665000915527344,24.709999084472656,24.40999984741211,24.40999984741211,164322,0.0,0.0
2022-12-06 13:30:00-05:00,24.448999404907227,24.610000610351562,24.420000076293945,24.440000534057617,113263,0.0,0.0
2022-12-06 14:30:00-05:00,24.44809913635254,24.549999237060547,24.280000686645508,24.498899459838867,195450,0.0,0.0
2022-12-06 15:30:00-05:00,24.5049991607666,24.905000686645508,24.5,24.719999313354492,349282,0.0,0.0
2022-12-07 09:30:00-05:00,24.760000228881836,25.356000900268555,23.860000610351562,24.065000534057617,264198,0.0,0.0
2022-12-07 10:30:00-05:00,24.059999465942383,24.530000686645508,24.010000228881836,24.100000381469727,154969,0.0,0.0
2022-12-07 11:30:00-05:00,24.110000610351562,24.229999542236328,23.889999389648438,23.889999389648438,105139,0.0,0.0
2022-12-07 12:30:00-05:00,23.90999984741211,24.170000076293945,23.850000381469727,24.149999618530273,109106,0.0,0.0
2022-12-07 13:30:00-05:00,24.139999389648438,24.147199630737305,23.809999465942383,23.8700008392334,88394,0.0,0.0
2022-12-07 14:30:00-05:00,23.860000610351562,24.003999710083008,23.739700317382812,23.829999923706055,149930,0.0,0.0
2022-12-07 15:30:00-05:00,23.834999084472656,23.855600357055664,23.575000762939453,23.6299991607666,218923,0.0,0.0
2022-12-08 09:30:00-05:00,23.579999923706055,23.989999771118164,23.200000762939453,23.899999618530273,186916,0.0,0.0
2022-12-08 10:30:00-05:00,23.950000762939453,24.100000381469727,23.739999771118164,23.950000762939453,106643,0.0,0.0
2022-12-08 11:30:00-05:00,23.920000076293945,24.049999237060547,23.780000686645508,23.850000381469727,95748,0.0,0.0
2022-12-08 12:30:00-05:00,23.809999465942383,23.809999465942383,23.532800674438477,23.6299991607666,75973,0.0,0.0
2022-12-08 13:30:00-05:00,23.65999984741211,23.790000915527344,23.545000076293945,23.68000030517578,74985,0.0,0.0
2022-12-08 14:30:00-05:00,23.690000534057617,23.746200561523438,23.6200008392334,23.68000030517578,75776,0.0,0.0
2022-12-08 15:30:00-05:00,23.67020034790039,23.829999923706055,23.600000381469727,23.825000762939453,183600,0.0,0.0
2022-12-09 09:30:00-05:00,23.59000015258789,24.329999923706055,23.25,24.264999389648438,136482,0.0,0.0
2022-12-09 10:30:00-05:00,24.274999618530273,24.480199813842773,24.239999771118164,24.299999237060547,78232,0.0,0.0
2022-12-09 11:30:00-05:00,24.290000915527344,24.559999465942383,24.25,24.440000534057617,185665,0.0,0.0
2022-12-09 12:30:00-05:00,24.440000534057617,24.56999969482422,24.31999969482422,24.350000381469727,196333,0.0,0.0
2022-12-09 13:30:00-05:00,24.34000015258789,24.510000228881836,24.270000457763672,24.270000457763672,216890,0.0,0.0
2022-12-09 14:30:00-05:00,24.274999618530273,24.3799991607666,24.139999389648438,24.139999389648438,248542,0.0,0.0
2022-12-09 15:30:00-05:00,24.1299991607666,24.209999084472656,24.010000228881836,24.06999969482422,197759,0.0,0.0
2022-12-12 09:30:00-05:00,24.149999618530273,24.600000381469727,23.940000534057617,24.49250030517578,221982,0.0,0.0
2022-12-12 10:30:00-05:00,24.485000610351562,25.139999389648438,24.485000610351562,25.1200008392334,106720,0.0,0.0
2022-12-12 11:30:00-05:00,25.123199462890625,25.18000030517578,24.8799991607666,24.889999389648438,202841,0.0,0.0
2022-12-12 12:30:00-05:00,24.889999389648438,25.09000015258789,24.739999771118164,25.0,227676,0.0,0.0
2022-12-12 13:30:00-05:00,25.010000228881836,25.110000610351562,24.950000762939453,25.094999313354492,216005,0.0,0.0
2022-12-12 14:30:00-05:00,25.094999313354492,25.405000686645508,25.079999923706055,25.260000228881836,262943,0.0,0.0
2022-12-12 15:30:00-05:00,25.264999389648438,25.350000381469727,25.09000015258789,25.209999084472656,259550,0.0,0.0
2022-12-13 09:30:00-05:00,25.530000686645508,25.739999771118164,24.43000030517578,24.5,295593,0.0,0.0
2022-12-13 10:30:00-05:00,24.565000534057617,24.600000381469727,24.26799964904785,24.270000457763672,81596,0.0,0.0
2022-12-13 11:30:00-05:00,24.295000076293945,24.409900665283203,24.059999465942383,24.149999618530273,209413,0.0,0.0
2022-12-13 12:30:00-05:00,24.139999389648438,24.420000076293945,24.040000915527344,24.420000076293945,225360,0.0,0.0
2022-12-13 13:30:00-05:00,24.399999618530273,24.459999084472656,24.290000915527344,24.350000381469727,220657,0.0,0.0
2022-12-13 14:30:00-05:00,24.34000015258789,24.459999084472656,24.145000457763672,24.440000534057617,232909,0.0,0.0
2022-12-13 15:30:00-05:00,24.440000534057617,24.530000686645508,24.329999923706055,24.350000381469727,127036,0.0,0.0
2022-12-14 09:30:00-05:00,24.25,24.489999771118164,24.07939910888672,24.219999313354492,114801,0.0,0.0
2022-12-14 10:30:00-05:00,24.213499069213867,24.725000381469727,24.15999984741211,24.725000381469727,103892,0.0,0.0
2022-12-14 11:30:00-05:00,24.724700927734375,24.75,24.579500198364258,24.599000930786133,65441,0.0,0.0
2022-12-14 12:30:00-05:00,24.600000381469727,24.65999984741211,24.520000457763672,24.65999984741211,33601,0.0,0.0
2022-12-14 13:30:00-05:00,24.655000686645508,24.829999923706055,24.200000762939453,24.540000915527344,69534,0.0,0.0
2022-12-14 14:30:00-05:00,24.530000686645508,24.809999465942383,24.18000030517578,24.4950008392334,79478,0.0,0.0
2022-12-14 15:30:00-05:00,24.459999084472656,24.65999984741211,24.43000030517578,24.579999923706055,98860,0.0,0.0
2022-12-15 09:30:00-05:00,24.209999084472656,24.399999618530273,23.829999923706055,24.030000686645508,104909,0.0,0.0
2022-12-15 10:30:00-05:00,24.04560089111328,24.059999465942383,23.329999923706055,23.428199768066406,191786,0.0,0.0
2022-12-15 11:30:00-05:00,23.459999084472656,23.8981990814209,23.440000534057617,23.81999969482422,117581,0.0,0.0
2022-12-15 12:30:00-05:00,23.81999969482422,23.969999313354492,23.420400619506836,23.440000534057617,58979,0.0,0.0
2022-12-15 13:30:00-05:00,23.420000076293945,23.829999923706055,23.40999984741211,23.770000457763672,71848,0.0,0.0
2022-12-15 14:30:00-05:00,23.770000457763672,24.100000381469727,23.770000457763672,23.959999084472656,92636,0.0,0.0
2022-12-15 15:30:00-05:00,23.950000762939453,23.950000762939453,23.7549991607666,23.780000686645508,147051,0.0,0.0
2022-12-16 09:30:00-05:00,23.510000228881836,24.100000381469727,23.510000228881836,23.719999313354492,167914,0.0,0.0
2022-12-16 10:30:00-05:00,23.68000030517578,23.795000076293945,23.56999969482422,23.68000030517578,80237,0.0,0.0
2022-12-16 11:30:00-05:00,23.690000534057617,23.690000534057617,23.31999969482422,23.440000534057617,75218,0.0,0.0
2022-12-16 12:30:00-05:00,23.440000534057617,23.725000381469727,23.39229965209961,23.709999084472656,86053,0.0,0.0
2022-12-16 13:30:00-05:00,23.709999084472656,23.979999542236328,23.704999923706055,23.719999313354492,144952,0.0,0.0
2022-12-16 14:30:00-05:00,23.739999771118164,23.80500030517578,23.6299991607666,23.770000457763672,65819,0.0,0.0
2022-12-16 15:30:00-05:00,23.780000686645508,23.8700008392334,23.56999969482422,23.56999969482422,231307,0.0,0.0
2022-12-19 09:30:00-05:00,23.489999771118164,23.690000534057617,23.110000610351562,23.31999969482422,128142,0.0,0.0
2022-12-19 10:30:00-05:00,23.295000076293945,23.295000076293945,22.700000762939453,22.895000457763672,101797,0.0,0.0
2022-12-19 11:30:00-05:00,22.885000228881836,22.885000228881836,22.739999771118164,22.770000457763672,48494,0.0,0.0
2022-12-19 12:30:00-05:00,22.764999389648438,22.809999465942383,22.5,22.530000686645508,96004,0.0,0.0
2022-12-19 13:30:00-05:00,22.530000686645508,22.641300201416016,22.450000762939453,22.610000610351562,68488,0.0,0.0
2022-12-19 14:30:00-05:00,22.610000610351562,22.65999984741211,22.219999313354492,22.270000457763672,152138,0.0,0.0
2022-12-19 15:30:00-05:00,22.2549991607666,22.295000076293945,22.114999771118164,22.190000534057617,166344,0.0,0.0
2022-12-20 09:30:00-05:00,22.0,22.100000381469727,21.450000762939453,22.020000457763672,176814,0.0,0.0
2022-12-20 10:30:00-05:00,22.020000457763672,22.170000076293945,21.610000610351562,21.760000228881836,95329,0.0,0.0
2022-12-20 11:30:00-05:00,21.760000228881836,21.780000686645508,21.559999465942383,21.559999465942383,71965,0.0,0.0
2022-12-20 12:30:00-05:00,21.559999465942383,21.795000076293945,21.540000915527344,21.795000076293945,69958,0.0,0.0
2022-12-20 13:30:00-05:00,21.790000915527344,21.93000030517578,21.76020050048828,21.825000762939453,87245,0.0,0.0
2022-12-20 14:30:00-05:00,21.825000762939453,21.825000762939453,21.510000228881836,21.514999389648438,104673,0.0,0.0
2022-12-20 15:30:00-05:00,21.514999389648438,21.795000076293945,21.510000228881836,21.729999542236328,246823,0.0,0.0
2022-12-21 09:30:00-05:00,22.270000457763672,22.43000030517578,21.93000030517578,22.209999084472656,129882,0.0,0.0
2022-12-21 10:30:00-05:00,22.230300903320312,22.429899215698242,22.149999618530273,22.209999084472656,136694,0.0,0.0
2022-12-21 11:30:00-05:00,22.20359992980957,22.350000381469727,22.149999618530273,22.170000076293945,79624,0.0,0.0
2022-12-21 12:30:00-05:00,22.170000076293945,22.329999923706055,22.149999618530273,22.219999313354492,77198,0.0,0.0
2022-12-21 13:30:00-05:00,22.239999771118164,22.25,22.070100784301758,22.070100784301758,201985,0.0,0.0
2022-12-21 14:30:00-05:00,22.059999465942383,22.139699935913086,22.010000228881836,22.014999389648438,95752,0.0,0.0
2022-12-21 15:30:00-05:00,22.014999389648438,22.209999084472656,22.0,22.200000762939453,147164,0.0,0.0
2022-12-22 09:30:00-05:00,21.75,21.889999389648438,20.549999237060547,20.729999542236328,355278,0.0,0.0
2022-12-22 10:30:00-05:00,20.739999771118164,21.0,20.610000610351562,20.860000610351562,167321,0.0,0.0
2022-12-22 11:30:00-05:00,20.8612003326416,20.940000534057617,20.733999252319336,20.885000228881836,122646,0.0,0.0
2022-12-22 12:30:00-05:00,20.889999389648438,20.99139976501465,20.700000762939453,20.969999313354492,177984,0.0,0.0
2022-12-22 13:30:00-05:00,20.969999313354492,21.225000381469727,20.950000762939453,21.18000030517578,109187,0.0,0.0
2022-12-22 14:30:00-05:00,21.170000076293945,21.420000076293945,21.1200008392334,21.37619972229004,106724,0.0,0.0
2022-12-22 15:30:00-05:00,21.3700008392334,21.5,21.280000686645508,21.489999771118164,160444,0.0,0.0
2022-12-23 09:30:00-05:00,21.3700008392334,21.657699584960938,21.270000457763672,21.657699584960938,117489,0.0,0.0
2022-12-23 10:30:00-05:00,21.65999984741211,21.989999771118164,21.514999389648438,21.969999313354492,225680,0.0,0.0
2022-12-23 11:30:00-05:00,21.989999771118164,22.309999465942383,21.920000076293945,22.139999389648438,174343,0.0,0.0
2022-12-23 12:30:00-05:00,22.1117000579834,22.170000076293945,22.040000915527344,22.1299991607666,73744,0.0,0.0
2022-12-23 13:30:00-05:00,22.149999618530273,22.15999984741211,21.969999313354492,21.979999542236328,62928,0.0,0.0
2022-12-23 14:30:00-05:00,21.979999542236328,22.110000610351562,21.959999084472656,22.06999969482422,73746,0.0,0.0
2022-12-23 15:30:00-05:00,22.079999923706055,22.174999237060547,22.031600952148438,22.1200008392334,150028,0.0,0.0
2022-12-27 09:30:00-05:00,22.030000686645508,22.18000030517578,21.809999465942383,22.1299991607666,67990,0.0,0.0
2022-12-27 10:30:00-05:00,22.149999618530273,22.235000610351562,21.979999542236328,22.040000915527344,84140,0.0,0.0
2022-12-27 11:30:00-05:00,22.040000915527344,22.149999618530273,22.010000228881836,22.040000915527344,66812,0.0,0.0
2022-12-27 12:30:00-05:00,22.044599533081055,22.079999923706055,21.950000762939453,22.079999923706055,68860,0.0,0.0
2022-12-27 13:30:00-05:00,22.059999465942383,22.079999923706055,21.820100784301758,21.889999389648438,68064,0.0,0.0
2022-12-27 14:30:00-05:00,21.889999389648438,21.909900665283203,21.739999771118164,21.764999389648438,101790,0.0,0.0
2022-12-27 15:30:00-05:00,21.760000228881836,21.795000076293945,21.725000381469727,21.780000686645508,114994,0.0,0.0
2022-12-28 09:30:00-05:00,21.739999771118164,21.940000534057617,21.540000915527344,21.559999465942383,62420,0.0,0.0
2022-12-28 10:30:00-05:00,21.56999969482422,21.735000610351562,21.44499969482422,21.510000228881836,98335,0.0,0.0
2022-12-28 11:30:00-05:00,21.520000457763672,21.59000015258789,21.450000762939453,21.459999084472656,60349,0.0,0.0
2022-12-28 12:30:00-05:00,21.459999084472656,21.709999084472656,21.459999084472656,21.56999969482422,45975,0.0,0.0
2022-12-28 13:30:00-05:00,21.559999465942383,21.59000015258789,21.40999984741211,21.469999313354492,180529,0.0,0.0
2022-12-28 14:30:00-05:00,21.459999084472656,21.65999984741211,21.40999984741211,21.440000534057617,73301,0.0,0.0
2022-12-28 15:30:00-05:00,21.459999084472656,21.59000015258789,21.450199127197266,21.549999237060547,131751,0.0,0.0
2022-12-29 09:30:00-05:00,22.020000457763672,22.31999969482422,21.799999237060547,22.1200008392334,126236,0.0,0.0
2022-12-29 10:30:00-05:00,22.1299991607666,22.290000915527344,21.969999313354492,22.139999389648438,180233,0.0,0.0
2022-12-29 11:30:00-05:00,22.139999389648438,22.235000610351562,22.020000457763672,22.08919906616211,168097,0.0,0.0
2022-12-29 12:30:00-05:00,22.079999923706055,22.229999542236328,21.95009994506836,22.170000076293945,88392,0.0,0.0
2022-12-29 13:30:00-05:00,22.15999984741211,22.229999542236328,22.079999923706055,22.219999313354492,104581,0.0,0.0
2022-12-29 14:30:00-05:00,22.218000411987305,22.274999618530273,21.885000228881836,21.940000534057617,118461,0.0,0.0
2022-12-29 15:30:00-05:00,21.934999465942383,22.15999984741211,21.920000076293945,22.15999984741211,187615,0.0,0.0
2022-12-30 09:30:00-05:00,21.969999313354492,22.280000686645508,21.930999755859375,22.229999542236328,116270,0.0,0.0
2022-12-30 10:30:00-05:00,22.229999542236328,22.278200149536133,22.1299991607666,22.211999893188477,86014,0.0,0.0
2022-12-30 11:30:00-05:00,22.204999923706055,22.479999542236328,22.204999923706055,22.40999984741211,126159,0.0,0.0
2022-12-30 12:30:00-05:00,22.399999618530273,22.43000030517578,22.209999084472656,22.299999237060547,112481,0.0,0.0
2022-12-30 13:30:00-05:00,22.290000915527344,22.399999618530273,22.2450008392334,22.270000457763672,86423,0.0,0.0
2022-12-30 14:30:00-05:00,22.270000457763672,22.31999969482422,22.15999984741211,22.239999771118164,102544,0.0,0.0
2022-12-30 15:30:00-05:00,22.25,22.399999618530273,22.25,22.31999969482422,131063,0.0,0.0
2023-01-03 09:30:00-05:00,22.5,22.969900131225586,22.399999618530273,22.530000686645508,208297,0.0,0.0
2023-01-03 10:30:00-05:00,22.549999237060547,22.81999969482422,22.459999084472656,22.5,179666,0.0,0.0
2023-01-03 11:30:00-05:00,22.510000228881836,22.530000686645508,22.0,22.086999893188477,98702,0.0,0.0
2023-01-03 12:30:00-05:00,22.079999923706055,22.329999923706055,21.989999771118164,22.329999923706055,70511,0.0,0.0
2023-01-03 13:30:00-05:00,22.315000534057617,22.344999313354492,22.09000015258789,22.1299991607666,64211,0.0,0.0
2023-01-03 14:30:00-05:00,22.1200008392334,22.340999603271484,22.03499984741211,22.225000381469727,98184,0.0,0.0
2023-01-03 15:30:00-05:00,22.219999313354492,22.260000228881836,22.100000381469727,22.100000381469727,151412,0.0,0.0
2023-01-04 09:30:00-05:00,22.360000610351562,22.549999237060547,22.25,22.420000076293945,70396,0.0,0.0
2023-01-04 10:30:00-05:00,22.459999084472656,22.809999465942383,22.459999084472656,22.770000457763672,49374,0.0,0.0
2023-01-04 11:30:00-05:00,22.81999969482422,23.264999389648438,22.80500030517578,23.204999923706055,130392,0.0,0.0
2023-01-04 12:30:00-05:00,23.209999084472656,23.350000381469727,23.15999984741211,23.292600631713867,84761,0.0,0.0
2023-01-04 13:30:00-05:00,23.299999237060547,23.479999542236328,23.219999313354492,23.239999771118164,87391,0.0,0.0
2023-01-04 14:30:00-05:00,23.229999542236328,23.520000457763672,23.229999542236328,23.285900115966797,149408,0.0,0.0
2023-01-04 15:30:00-05:00,23.270000457763672,23.43000030517578,23.209999084472656,23.3799991607666,140578,0.0,0.0
2023-01-05 09:30:00-05:00,23.06999969482422,23.407899856567383,22.899999618530273,23.399999618530273,74635,0.0,0.0
2023-01-05 10:30:00-05:00,23.399999618530273,23.56999969482422,23.34000015258789,23.34000015258789,61175,0.0,0.0
2023-01-05 11:30:00-05:00,23.344999313354492,23.559999465942383,23.344999313354492,23.40999984741211,36717,0.0,0.0
2023-01-05 12:30:00-05:00,23.399999618530273,23.540000915527344,23.280000686645508,23.510000228881836,68153,0.0,0.0
2023-01-05 13:30:00-05:00,23.5,23.510000228881836,23.299999237060547,23.350000381469727,44615,0.0,0.0
2023-01-05 14:30:00-05:00,23.354999542236328,23.40999984741211,23.260000228881836,23.270000457763672,60061,0.0,0.0
2023-01-05 15:30:00-05:00,23.25,23.270000457763672,23.110000610351562,23.1200008392334,180557,0.0,0.0
2023-01-06 09:30:00-05:00,23.440000534057617,23.75,23.270000457763672,23.559999465942383,88558,0.0,0.0
2023-01-06 10:30:00-05:00,23.559999465942383,23.889999389648438,23.559999465942383,23.889999389648438,75342,0.0,0.0
2023-01-06 11:30:00-05:00,23.889999389648438,24.040000915527344,23.8799991607666,23.989900588989258,61101,0.0,0.0
2023-01-06 12:30:00-05:00,23.989999771118164,24.079999923706055,23.934999465942383,24.079999923706055,41022,0.0,0.0
2023-01-06 13:30:00-05:00,24.079999923706055,24.139999389648438,23.889999389648438,24.040000915527344,84564,0.0,0.0
2023-01-06 14:30:00-05:00,24.03499984741211,24.229999542236328,24.010000228881836,24.09000015258789,59081,0.0,0.0
2023-01-06 15:30:00-05:00,24.100000381469727,24.360000610351562,24.100000381469727,24.360000610351562,115086,0.0,0.0
2023-01-09 09:30:00-05:00,24.649999618530273,25.440000534057617,24.56399917602539,24.989999771118164,275607,0.0,0.0
2023-01-09 10:30:00-05:00,24.954599380493164,25.1299991607666,24.760099411010742,25.084999084472656,114207,0.0,0.0
2023-01-09 11:30:00-05:00,25.09000015258789,25.3700008392334,25.0,25.299999237060547,110309,0.0,0.0
2023-01-09 12:30:00-05:00,25.315000534057617,25.5,25.290000915527344,25.334999084472656,86738,0.0,0.0
2023-01-09 13:30:00-05:00,25.350000381469727,25.375,25.079999923706055,25.2549991607666,77280,0.0,0.0
2023-01-09 14:30:00-05:00,25.239999771118164,25.2450008392334,25.059999465942383,25.104999542236328,104909,0.0,0.0
2023-01-09 15:30:00-05:00,25.100000381469727,25.139999389648438,24.979999542236328,24.989999771118164,203155,0.0,0.0
2023-01-10 09:30:00-05:00,24.889999389648438,25.149999618530273,24.75,24.75,61218,0.0,0.0
2023-01-10 10:30:00-05:00,24.770000457763672,25.040000915527344,24.54010009765625,25.020000457763672,69229,0.0,0.0
2023-01-10 11:30:00-05:00,25.020000457763672,25.289899826049805,24.9950008392334,25.06999969482422,82979,0.0,0.0
2023-01-10 12:30:00-05:00,25.079999923706055,25.18000030517578,25.030000686645508,25.163999557495117,45901,0.0,0.0
2023-01-10 13:30:00-05:00,25.139999389648438,25.31999969482422,25.139999389648438,25.309999465942383,45037,0.0,0.0
2023-01-10 14:30:00-05:00,25.309999465942383,25.309999465942383,25.1200008392334,25.183000564575195,39023,0.0,0.0
2023-01-10 15:30:00-05:00,25.190000534057617,25.389999389648438,25.190000534057617,25.3700008392334,91359,0.0,0.0
2023-01-11 09:30:00-05:00,25.510000228881836,25.860000610351562,25.350000381469727,25.700000762939453,230873,0.0,0.0
2023-01-11 10:30:00-05:00,25.735000610351562,25.799999237060547,25.58009910583496,25.670000076293945,95335,0.0,0.0
2023-01-11 11:30:00-05:00,25.65999984741211,25.770000457763672,25.600000381469727,25.729999542236328,64500,0.0,0.0
2023-01-11 12:30:00-05:00,25.719999313354492,25.739999771118164,25.639999389648438,25.639999389648438,38047,0.0,0.0
2023-01-11 13:30:00-05:00,25.6299991607666,25.75,25.524999618530273,25.684999465942383,57417,0.0,0.0
2023-01-11 14:30:00-05:00,25.684999465942383,25.829999923706055,25.684999465942383,25.690000534057617,111405,0.0,0.0
2023-01-11 15:30:00-05:00,25.690000534057617,25.81999969482422,25.614999771118164,25.790000915527344,160994,0.0,0.0
2023-01-12 09:30:00-05:00,26.0,26.170000076293945,25.40999984741211,25.71500015258789,119664,0.0,0.0
2023-01-12 10:30:00-05:00,25.713699340820312,25.75,25.25,25.389999389648438,82143,0.0,0.0
2023-01-12 11:30:00-05:00,25.389999389648438,25.450000762939453,25.309999465942383,25.379100799560547,61048,0.0,0.0
2023-01-12 12:30:00-05:00,25.375,25.49209976196289,25.260000228881836,25.260000228881836,51395,0.0,0.0
2023-01-12 13:30:00-05:00,25.25,25.559999465942383,25.190000534057617,25.559999465942383,66958,0.0,0.0
2023-01-12 14:30:00-05:00,25.540000915527344,25.670000076293945,25.520000457763672,25.579999923706055,73290,0.0,0.0
2023-01-12 15:30:00-05:00,25.56999969482422,25.579999923706055,25.40999984741211,25.540000915527344,139196,0.0,0.0
2023-01-13 09:30:00-05:00,25.190000534057617,25.760000228881836,25.139999389648438,25.354999542236328,80852,0.0,0.0
2023-01-13 10:30:00-05:00,25.354999542236328,25.809999465942383,25.31999969482422,25.719999313354492,76715,0.0,0.0
2023-01-13 11:30:00-05:00,25.71500015258789,25.825000762939453,25.59000015258789,25.81999969482422,60922,0.0,0.0
2023-01-13 12:30:00-05:00,25.81999969482422,25.81999969482422,25.6299991607666,25.700000762939453,61775,0.0,0.0
2023-01-13 13:30:00-05:00,25.709999084472656,25.850000381469727,25.700000762939453,25.799999237060547,58188,0.0,0.0
2023-01-13 14:30:00-05:00,25.799999237060547,25.799999237060547,25.649999618530273,25.780000686645508,65423,0.0,0.0
2023-01-13 15:30:00-05:00,25.780000686645508,25.860000610351562,25.670000076293945,25.700000762939453,121198,0.0,0.0
2023-01-17 09:30:00-05:00,25.510000228881836,26.010000228881836,25.489999771118164,25.78499984741211,84393,0.0,0.0
2023-01-17 10:30:00-05:00,25.78499984741211,25.829999923706055,25.43000030517578,25.52239990234375,76766,0.0,0.0
2023-01-17 11:30:00-05:00,25.530000686645508,25.790000915527344,25.459999084472656,25.709999084472656,135364,0.0,0.0
2023-01-17 12:30:00-05:00,25.735000610351562,25.770000457763672,25.68000030517578,25.75,52752,0.0,0.0
2023-01-17 13:30:00-05:00,25.739999771118164,25.739999771118164,25.399999618530273,25.459999084472656,56861,0.0,0.0
2023-01-17 14:30:00-05:00,25.459999084472656,25.77989959716797,25.459999084472656,25.706600189208984,110882,0.0,0.0
2023-01-17 15:30:00-05:00,25.690000534057617,25.809999465942383,25.649999618530273,25.780000686645508,145705,0.0,0.0
2023-01-18 09:30:00-05:00,25.920000076293945,26.0,24.010000228881836,24.049999237060547,468784,0.0,0.0
2023-01-18 10:30:00-05:00,24.050100326538086,24.06999969482422,22.899999618530273,23.799999237060547,964709,0.0,0.0
2023-01-18 11:30:00-05:00,23.799999237060547,24.149999618530273,23.663400650024414,23.774999618530273,327199,0.0,0.0
2023-01-18 12:30:00-05:00,23.774999618530273,24.225000381469727,23.760000228881836,24.190000534057617,250469,0.0,0.0
2023-01-18 13:30:00-05:00,24.170000076293945,24.3700008392334,23.579999923706055,23.84000015258789,283705,0.0,0.0
2023-01-18 14:30:00-05:00,23.850000381469727,23.8700008392334,23.600000381469727,23.729999542236328,203260,0.0,0.0
2023-01-18 15:30:00-05:00,23.725000381469727,23.829999923706055,23.649999618530273,23.78499984741211,333893,0.0,0.0
2023-01-19 09:30:00-05:00,23.399999618530273,23.6299991607666,23.209999084472656,23.3799991607666,294715,0.0,0.0
2023-01-19 10:30:00-05:00,23.360000610351562,23.578399658203125,23.264999389648438,23.43000030517578,268761,0.0,0.0
2023-01-19 11:30:00-05:00,23.439800262451172,23.770000457763672,23.430099487304688,23.610000610351562,192806,0.0,0.0
2023-01-19 12:30:00-05:00,23.600000381469727,23.68000030517578,23.5,23.649999618530273,182566,0.0,0.0
2023-01-19 13:30:00-05:00,23.639999389648438,23.885000228881836,23.639999389648438,23.864999771118164,175281,0.0,0.0
2023-01-19 14:30:00-05:00,23.86389923095703,23.920000076293945,23.604999542236328,23.6299991607666,220367,0.0,0.0
2023-01-19 15:30:00-05:00,23.6200008392334,23.719999313354492,23.549999237060547,23.649999618530273,282612,0.0,0.0
2023-01-20 09:30:00-05:00,23.81999969482422,23.81999969482422,23.43000030517578,23.666500091552734,100336,0.0,0.0
2023-01-20 10:30:00-05:00,23.65999984741211,24.02680015563965,23.56999969482422,23.959999084472656,117619,0.0,0.0
2023-01-20 11:30:00-05:00,23.979999542236328,24.06999969482422,23.704999923706055,23.9950008392334,395037,0.0,0.0
2023-01-20 12:30:00-05:00,23.9950008392334,24.0,23.600000381469727,23.735000610351562,150978,0.0,0.0
2023-01-20 13:30:00-05:00,23.735000610351562,23.950000762939453,23.735000610351562,23.93000030517578,199796,0.0,0.0
2023-01-20 14:30:00-05:00,23.940000534057617,24.030000686645508,23.799999237060547,23.809999465942383,157075,0.0,0.0
2023-01-20 15:30:00-05:00,23.81999969482422,24.010000228881836,23.690000534057617,23.940000534057617,310522,0.0,0.0
2023-01-23 09:30:00-05:00,23.959999084472656,24.389999389648438,23.820100784301758,24.149999618530273,149171,0.0,0.0
2023-01-23 10:30:00-05:00,24.135499954223633,24.5,24.049999237060547,24.437999725341797,148644,0.0,0.0
2023-01-23 11:30:00-05:00,24.42889976501465,24.649999618530273,24.360000610351562,24.475000381469727,191127,0.0,0.0
2023-01-23 12:30:00-05:00,24.5,24.56999969482422,24.219999313354492,24.264999389648438,225664,0.0,0.0
2023-01-23 13:30:00-05:00,24.264999389648438,24.290000915527344,23.950000762939453,23.959999084472656,205100,0.0,0.0
2023-01-23 14:30:00-05:00,23.969999313354492,23.989999771118164,23.820100784301758,23.889400482177734,163655,0.0,0.0
2023-01-23 15:30:00-05:00,23.889999389648438,23.959999084472656,23.809999465942383,23.959999084472656,347366,0.0,0.0
2023-01-24 09:30:00-05:00,23.969999313354492,24.049999237060547,23.5,23.920000076293945,146327,0.0,0.0
2023-01-24 10:30:00-05:00,23.940000534057617,24.139999389648438,23.700000762939453,24.065000534057617,202302,0.0,0.0
2023-01-24 11:30:00-05:00,24.065000534057617,24.065000534057617,23.75,23.864999771118164,81830,0.0,0.0
2023-01-24 12:30:00-05:00,23.864999771118164,23.969999313354492,23.700000762939453,23.969999313354492,127601,0.0,0.0
2023-01-24 13:30:00-05:00,23.989999771118164,24.110000610351562,23.84000015258789,23.84000015258789,116107,0.0,0.0
2023-01-24 14:30:00-05:00,23.860000610351562,24.010000228881836,23.850000381469727,23.950000762939453,87941,0.0,0.0
2023-01-24 15:30:00-05:00,23.950000762939453,23.979999542236328,23.75,23.760000228881836,224954,0.0,0.0
2023-01-25 09:30:00-05:00,23.65999984741211,23.665000915527344,23.34000015258789,23.5,171944,0.0,0.0
2023-01-25 10:30:00-05:00,23.5,23.815000534057617,23.479999542236328,23.75,94257,0.0,0.0
2023-01-25 11:30:00-05:00,23.762500762939453,23.8700008392334,23.690000534057617,23.790000915527344,64200,0.0,0.0
2023-01-25 12:30:00-05:00,23.790000915527344,24.049999237060547,23.790000915527344,24.0,61600,0.0,0.0
2023-01-25 13:30:00-05:00,24.0,24.229999542236328,23.980100631713867,24.229999542236328,77676,0.0,0.0
2023-01-25 14:30:00-05:00,24.220500946044922,24.3700008392334,24.219999313354492,24.264999389648438,133842,0.0,0.0
2023-01-25 15:30:00-05:00,24.280000686645508,24.299999237060547,24.15999984741211,24.229999542236328,231990,0.0,0.0
2023-01-26 09:30:00-05:00,24.309999465942383,24.540000915527344,23.6200008392334,23.770000457763672,380334,0.0,0.0
2023-01-26 10:30:00-05:00,23.764999389648438,23.889999389648438,23.6737003326416,23.75,119226,0.0,0.0
2023-01-26 11:30:00-05:00,23.799999237060547,24.020000457763672,23.729999542236328,23.895000457763672,154139,0.0,0.0
2023-01-26 12:30:00-05:00,23.8799991607666,23.9950008392334,23.81999969482422,23.959999084472656,103699,0.0,0.0
2023-01-26 13:30:00-05:00,23.950000762939453,24.079999923706055,23.920000076293945,23.979999542236328,204346,0.0,0.0
2023-01-26 14:30:00-05:00,24.0,24.225000381469727,23.989999771118164,24.190000534057617,120008,0.0,0.0
2023-01-26 15:30:00-05:00,24.190000534057617,24.34000015258789,24.100000381469727,24.290000915527344,203747,0.0,0.0
2023-01-27 09:30:00-05:00,24.290000915527344,24.389999389648438,24.1299991607666,24.280000686645508,142300,0.0,0.0
2023-01-27 10:30:00-05:00,24.295000076293945,24.3700008392334,23.940000534057617,23.950000762939453,164105,0.0,0.0
2023-01-27 11:30:00-05:00,23.934999465942383,24.094999313354492,23.93000030517578,24.094999313354492,129665,0.0,0.0
2023-01-27 12:30:00-05:00,24.084999084472656,24.329999923706055,23.93000030517578,24.260000228881836,202668,0.0,0.0
2023-01-27 13:30:00-05:00,24.270000457763672,24.510000228881836,24.260000228881836,24.46500015258789,171015,0.0,0.0
2023-01-27 14:30:00-05:00,24.46500015258789,24.530000686645508,24.3700008392334,24.454999923706055,204885,0.0,0.0
2023-01-27 15:30:00-05:00,24.454999923706055,24.5049991607666,24.290000915527344,24.389999389648438,386865,0.0,0.0
2023-01-30 09:30:00-05:00,24.100000381469727,24.780000686645508,24.100000381469727,24.700000762939453,111947,0.0,0.0
2023-01-30 10:30:00-05:00,24.700000762939453,24.729999542236328,24.450000762939453,24.65999984741211,77110,0.0,0.0
2023-01-30 11:30:00-05:00,24.649999618530273,24.90999984741211,24.549999237060547,24.90999984741211,77213,0.0,0.0
2023-01-30 12:30:00-05:00,24.889999389648438,24.959999084472656,24.65999984741211,24.790000915527344,75554,0.0,0.0
2023-01-30 13:30:00-05:00,24.774999618530273,24.84000015258789,24.600000381469727,24.834999084472656,71261,0.0,0.0
2023-01-30 14:30:00-05:00,24.84000015258789,24.850000381469727,24.454999923706055,24.479999542236328,98468,0.0,0.0
2023-01-30 15:30:00-05:00,24.459999084472656,24.565000534057617,24.399999618530273,24.420000076293945,175615,0.0,0.0
2023-01-31 09:30:00-05:00,24.59000015258789,24.959999084472656,24.59000015258789,24.770000457763672,71849,0.0,0.0
2023-01-31 10:30:00-05:00,24.780000686645508,25.200000762939453,24.780000686645508,24.989999771118164,136378,0.0,0.0
2023-01-31 11:30:00-05:00,24.989999771118164,25.020000457763672,24.850000381469727,24.905000686645508,73873,0.0,0.0
2023-01-31 12:30:00-05:00,24.899999618530273,25.014999389648438,24.799999237060547,24.809999465942383,82048,0.0,0.0
2023-01-31 13:30:00-05:00,24.809999465942383,25.079999923706055,24.75,25.040000915527344,104251,0.0,0.0
2023-01-31 14:30:00-05:00,25.049999237060547,25.280000686645508,25.040000915527344,25.114999771118164,138818,0.0,0.0
2023-01-31 15:30:00-05:00,25.114999771118164,25.450000762939453,25.114999771118164,25.40999984741211,265846,0.0,0.0
2023-02-01 09:30:00-05:00,25.25,25.6200008392334,25.059999465942383,25.475000381469727,90604,0.0,0.0
2023-02-01 10:30:00-05:00,25.46500015258789,25.479999542236328,25.099700927734375,25.25,75261,0.0,0.0
2023-02-01 11:30:00-05:00,25.280000686645508,25.280000686645508,25.149999618530273,25.239999771118164,48701,0.0,0.0
2023-02-01 12:30:00-05:00,25.25,25.350000381469727,25.075000762939453,25.229999542236328,72569,0.0,0.0
2023-02-01 13:30:00-05:00,25.21500015258789,25.360000610351562,25.030000686645508,25.31999969482422,69535,0.0,0.0
2023-02-01 14:30:00-05:00,25.329999923706055,25.790000915527344,25.110000610351562,25.780000686645508,226997,0.0,0.0
2023-02-01 15:30:00-05:00,25.790000915527344,26.0,25.639999389648438,25.649999618530273,322668,0.0,0.0
2023-02-02 09:30:00-05:00,26.0,26.350000381469727,25.780000686645508,26.239999771118164,459282,0.0,0.0
2023-02-02 10:30:00-05:00,26.239999771118164,27.010000228881836,26.139999389648438,26.770000457763672,344010,0.0,0.0
2023-02-02 11:30:00-05:00,26.760000228881836,26.799999237060547,26.6200008392334,26.786399841308594,161088,0.0,0.0
2023-02-02 12:30:00-05:00,26.78499984741211,27.014999389648438,26.767900466918945,26.959999084472656,135215,0.0,0.0
2023-02-02 13:30:00-05:00,26.989999771118164,27.014999389648438,26.729999542236328,26.8799991607666,179679,0.0,0.0
2023-02-02 14:30:00-05:00,26.875,26.875,26.450000762939453,26.53499984741211,161792,0.0,0.0
2023-02-02 15:30:00-05:00,26.549999237060547,26.809999465942383,26.510000228881836,26.809999465942383,318430,0.0,0.0
2023-02-03 09:30:00-05:00,26.360000610351562,27.0,26.209999084472656,26.905000686645508,99390,0.0,0.0
2023-02-03 10:30:00-05:00,26.8799991607666,27.325000762939453,26.8799991607666,27.033000946044922,132516,0.0,0.0
2023-02-03 11:30:00-05:00,27.054100036621094,27.329999923706055,26.950000762939453,27.06999969482422,55242,0.0,0.0
2023-02-03 12:30:00-05:00,27.084999084472656,27.15999984741211,26.760000228881836,26.809999465942383,71775,0.0,0.0
2023-02-03 13:30:00-05:00,26.75,26.850000381469727,26.610000610351562,26.75,62023,0.0,0.0
2023-02-03 14:30:00-05:00,26.739999771118164,26.790000915527344,26.59000015258789,26.725000381469727,77382,0.0,0.0
2023-02-03 15:30:00-05:00,26.725000381469727,26.739999771118164,26.43000030517578,26.549999237060547,170400,0.0,0.0
2023-02-06 09:30:00-05:00,26.420000076293945,26.600000381469727,26.0,26.046499252319336,139367,0.0,0.0
2023-02-06 10:30:00-05:00,26.040000915527344,26.360000610351562,25.920000076293945,26.270000457763672,84744,0.0,0.0
2023-02-06 11:30:00-05:00,26.270000457763672,26.40019989013672,26.200000762939453,26.209999084472656,72231,0.0,0.0
2023-02-06 12:30:00-05:00,26.219999313354492,26.350000381469727,26.1299991607666,26.209999084472656,51587,0.0,0.0
2023-02-06 13:30:00-05:00,26.200000762939453,26.43000030517578,26.170000076293945,26.350000381469727,58917,0.0,0.0
2023-02-06 14:30:00-05:00,26.350000381469727,26.540000915527344,26.31999969482422,26.510000228881836,101086,0.0,0.0
2023-02-06 15:30:00-05:00,26.5,26.56999969482422,26.420000076293945,26.489999771118164,151914,0.0,0.0
2023-02-07 09:30:00-05:00,26.190000534057617,26.540000915527344,26.09000015258789,26.219999313354492,59094,0.0,0.0
2023-02-07 10:30:00-05:00,26.260000228881836,26.510000228881836,26.239999771118164,26.31999969482422,45408,0.0,0.0
2023-02-07 11:30:00-05:00,26.31999969482422,26.375999450683594,26.1299991607666,26.170000076293945,58934,0.0,0.0
2023-02-07 12:30:00-05:00,26.18000030517578,26.40180015563965,26.010000228881836,26.010000228881836,81249,0.0,0.0
2023-02-07 13:30:00-05:00,26.0,26.209999084472656,25.84000015258789,26.165000915527344,96374,0.0,0.0
2023-02-07 14:30:00-05:00,26.165000915527344,26.360000610351562,26.149999618530273,26.360000610351562,76741,0.0,0.0
2023-02-07 15:30:00-05:00,26.3700008392334,26.559999465942383,26.329999923706055,26.440000534057617,151421,0.0,0.0
2023-02-08 09:30:00-05:00,26.170000076293945,26.3700008392334,26.0,26.229999542236328,62892,0.0,0.0
2023-02-08 10:30:00-05:00,26.209999084472656,26.209999084472656,25.739999771118164,25.799999237060547,114982,0.0,0.0
2023-02-08 11:30:00-05:00,25.780000686645508,25.8799991607666,25.670000076293945,25.68000030517578,84513,0.0,0.0
2023-02-08 12:30:00-05:00,25.690000534057617,25.82469940185547,25.6200008392334,25.774999618530273,72560,0.0,0.0
2023-02-08 13:30:00-05:00,25.774999618530273,25.950000762939453,25.729999542236328,25.81999969482422,50384,0.0,0.0
2023-02-08 14:30:00-05:00,25.81999969482422,26.0,25.770000457763672,25.989999771118164,61592,0.0,0.0
2023-02-08 15:30:00-05:00,25.989999771118164,26.020000457763672,25.780000686645508,25.780000686645508,132412,0.0,0.0
2023-02-09 09:30:00-05:00,25.989999771118164,26.309999465942383,25.92889976501465,26.079999923706055,70848,0.0,0.0
2023-02-09 10:30:00-05:00,26.079999923706055,26.18000030517578,25.950000762939453,25.989999771118164,52458,0.0,0.0
2023-02-09 11:30:00-05:00,25.965999603271484,26.006799697875977,25.610000610351562,25.610000610351562,39467,0.0,0.0
2023-02-09 12:30:00-05:00,25.600000381469727,25.739999771118164,25.480199813842773,25.510000228881836,61032,0.0,0.0
2023-02-09 13:30:00-05:00,25.489999771118164,25.549999237060547,25.225000381469727,25.229999542236328,79576,0.0,0.0
2023-02-09 14:30:00-05:00,25.221399307250977,25.3700008392334,25.1299991607666,25.209999084472656,69377,0.0,0.0
2023-02-09 15:30:00-05:00,25.188499450683594,25.3700008392334,25.110000610351562,25.290000915527344,141604,0.0,0.0
2023-02-10 09:30:00-05:00,25.06999969482422,25.209999084472656,24.858800888061523,25.099899291992188,48329,0.0,0.0
2023-02-10 10:30:00-05:00,25.079999923706055,25.31999969482422,25.0,25.280000686645508,56166,0.0,0.0
2023-02-10 11:30:00-05:00,25.240100860595703,25.309999465942383,25.18000030517578,25.280000686645508,33913,0.0,0.0
2023-02-10 12:30:00-05:00,25.270000457763672,25.3799991607666,25.190000534057617,25.329999923706055,50980,0.0,0.0
2023-02-10 13:30:00-05:00,25.34000015258789,25.34000015258789,25.030000686645508,25.049999237060547,58457,0.0,0.0
2023-02-10 14:30:00-05:00,25.030000686645508,25.1299991607666,24.93000030517578,24.975000381469727,144348,0.0,0.0
2023-02-10 15:30:00-05:00,24.960100173950195,25.045000076293945,24.899999618530273,25.0,174463,0.0,0.0
2023-02-13 09:30:00-05:00,25.0,25.049999237060547,24.760000228881836,24.889999389648438,97315,0.0,0.0
2023-02-13 10:30:00-05:00,24.889999389648438,25.099899291992188,24.84000015258789,24.950000762939453,110133,0.0,0.0
2023-02-13 11:30:00-05:00,24.950000762939453,25.219999313354492,24.917499542236328,25.172700881958008,100674,0.0,0.0
2023-02-13 12:30:00-05:00,25.15999984741211,25.15999984741211,24.989999771118164,25.1299991607666,121135,0.0,0.0
2023-02-13 13:30:00-05:00,25.139999389648438,25.31999969482422,25.110000610351562,25.209999084472656,118774,0.0,0.0
2023-02-13 14:30:00-05:00,25.21500015258789,25.2450008392334,25.030000686645508,25.190000534057617,169338,0.0,0.0
2023-02-13 15:30:00-05:00,25.190000534057617,25.34000015258789,25.174999237060547,25.299999237060547,262481,0.0,0.0
2023-02-14 09:30:00-05:00,24.989999771118164,25.149999618530273,24.3799991607666,24.440000534057617,237072,0.0,0.0
2023-02-14 10:30:00-05:00,24.43000030517578,24.56999969482422,24.219999313354492,24.385000228881836,206295,0.0,0.0
2023-02-14 11:30:00-05:00,24.385000228881836,24.56999969482422,24.219999313354492,24.479999542236328,121518,0.0,0.0
2023-02-14 12:30:00-05:00,24.479999542236328,24.790000915527344,24.450000762939453,24.739999771118164,126924,0.0,0.0
2023-02-14 13:30:00-05:00,24.735000610351562,24.860000610351562,24.68000030517578,24.829999923706055,83165,0.0,0.0
2023-02-14 14:30:00-05:00,24.834999084472656,25.040000915527344,24.829999923706055,25.0,121184,0.0,0.0
2023-02-14 15:30:00-05:00,25.0049991607666,25.100000381469727,24.93000030517578,25.100000381469727,282639,0.0,0.0
2023-02-15 09:30:00-05:00,24.799999237060547,25.030000686645508,24.59000015258789,25.0,87755,0.0,0.0
2023-02-15 10:30:00-05:00,25.0,25.239999771118164,24.96500015258789,25.170000076293945,100024,0.0,0.0
2023-02-15 11:30:00-05:00,25.200000762939453,25.360000610351562,25.030000686645508,25.030000686645508,80674,0.0,0.0
2023-02-15 12:30:00-05:00,25.024999618530273,25.1299991607666,25.0,25.1299991607666,35507,0.0,0.0
2023-02-15 13:30:00-05:00,25.15999984741211,25.360000610351562,25.15999984741211,25.329999923706055,59495,0.0,0.0
2023-02-15 14:30:00-05:00,25.350000381469727,25.41990089416504,25.315000534057617,25.3799991607666,72750,0.0,0.0
2023-02-15 15:30:00-05:00,25.3799991607666,25.604999542236328,25.364999771118164,25.559999465942383,171582,0.0,0.0
2023-02-16 09:30:00-05:00,25.309999465942383,25.989999771118164,25.219999313354492,25.969999313354492,155455,0.0,0.0
2023-02-16 10:30:00-05:00,25.950000762939453,26.239999771118164,25.795000076293945,26.239999771118164,151977,0.0,0.0
2023-02-16 11:30:00-05:00,26.219999313354492,26.5049991607666,26.209999084472656,26.479999542236328,193411,0.0,0.0
2023-02-16 12:30:00-05:00,26.475000381469727,26.768199920654297,26.467300415039062,26.604999542236328,151354,0.0,0.0
2023-02-16 13:30:00-05:00,26.584999084472656,26.73870086669922,26.520000457763672,26.56999969482422,125655,0.0,0.0
2023-02-16 14:30:00-05:00,26.56999969482422,26.670000076293945,26.299999237060547,26.34000015258789,355131,0.0,0.0
2023-02-16 15:30:00-05:00,26.309999465942383,26.329999923706055,25.989999771118164,25.9950008392334,386818,0.0,0.0
2023-02-17 09:30:00-05:00,26.049999237060547,26.190000534057617,25.280000686645508,25.75,220330,0.0,0.0
2023-02-17 10:30:00-05:00,25.7549991607666,25.969999313354492,25.549999237060547,25.65999984741211,134390,0.0,0.0
2023-02-17 11:30:00-05:00,25.649999618530273,25.760000228881836,25.6299991607666,25.729999542236328,117400,0.0,0.0
2023-02-17 12:30:00-05:00,25.709999084472656,25.760000228881836,25.594999313354492,25.719999313354492,61544,0.0,0.0
2023-02-17 13:30:00-05:00,25.709999084472656,25.90999984741211,25.674999237060547,25.739999771118164,130533,0.0,0.0
2023-02-17 14:30:00-05:00,25.739999771118164,25.889999389648438,25.719999313354492,25.719999313354492,203265,0.0,0.0
2023-02-17 15:30:00-05:00,25.719999313354492,26.059999465942383,25.71150016784668,26.010000228881836,323293,0.0,0.0
2023-02-21 09:30:00-05:00,25.3700008392334,25.6299991607666,24.225000381469727,24.229999542236328,310487,0.0,0.0
2023-02-21 10:30:00-05:00,24.209999084472656,24.389999389648438,24.079999923706055,24.139999389648438,195007,0.0,0.0
2023-02-21 11:30:00-05:00,24.170000076293945,24.229999542236328,23.920000076293945,23.989999771118164,191898,0.0,0.0
2023-02-21 12:30:00-05:00,24.0,24.020000457763672,23.860000610351562,23.924999237060547,131241,0.0,0.0
2023-02-21 13:30:00-05:00,23.899999618530273,24.010000228881836,23.68000030517578,23.770000457763672,219889,0.0,0.0
2023-02-21 14:30:00-05:00,23.790000915527344,24.0,23.790000915527344,23.920000076293945,211085,0.0,0.0
2023-02-21 15:30:00-05:00,23.899999618530273,24.010000228881836,23.540000915527344,23.600000381469727,417642,0.0,0.0
2023-02-22 09:30:00-05:00,24.170000076293945,26.559999465942383,23.725000381469727,24.959999084472656,1037194,0.0,0.0
2023-02-22 10:30:00-05:00,24.959999084472656,25.829999923706055,24.59000015258789,25.059999465942383,599058,0.0,0.0
2023-02-22 11:30:00-05:00,25.059999465942383,25.299999237060547,24.940000534057617,25.170000076293945,161520,0.0,0.0
2023-02-22 12:30:00-05:00,25.15999984741211,25.19499969482422,24.489999771118164,24.509300231933594,198297,0.0,0.0
2023-02-22 13:30:00-05:00,24.4950008392334,24.69420051574707,24.1200008392334,24.3799991607666,204807,0.0,0.0
2023-02-22 14:30:00-05:00,24.3700008392334,24.420000076293945,23.8700008392334,23.8799991607666,211168,0.0,0.0
2023-02-22 15:30:00-05:00,23.860000610351562,23.93000030517578,23.450000762939453,23.549999237060547,529197,0.0,0.0
2023-02-23 09:30:00-05:00,23.420000076293945,23.700000762939453,22.860000610351562,23.114999771118164,261999,0.0,0.0
2023-02-23 10:30:00-05:00,23.1200008392334,23.3700008392334,22.996700286865234,23.1387996673584,211630,0.0,0.0
2023-02-23 11:30:00-05:00,23.1200008392334,23.204999923706055,23.040000915527344,23.1200008392334,130750,0.0,0.0
2023-02-23 12:30:00-05:00,23.100000381469727,23.209999084472656,22.739999771118164,22.781999588012695,166573,0.0,0.0
2023-02-23 13:30:00-05:00,22.790000915527344,23.108600616455078,22.75,23.049999237060547,145000,0.0,0.0
2023-02-23 14:30:00-05:00,23.049999237060547,23.354999542236328,23.049999237060547,23.354999542236328,131798,0.0,0.0
2023-02-23 15:30:00-05:00,23.354999542236328,23.709999084472656,23.329999923706055,23.489999771118164,447525,0.0,0.0
2023-02-24 09:30:00-05:00,23.280000686645508,23.360000610351562,22.899999618530273,23.139999389648438,194040,0.0,0.0
2023-02-24 10:30:00-05:00,23.149999618530273,23.440000534057617,22.989999771118164,23.405000686645508,108474,0.0,0.0
2023-02-24 11:30:00-05:00,23.420000076293945,23.5,23.280000686645508,23.4950008392334,80135,0.0,0.0
2023-02-24 12:30:00-05:00,23.510000228881836,23.56999969482422,23.229999542236328,23.3700008392334,84569,0.0,0.0
2023-02-24 13:30:00-05:00,23.3700008392334,23.4950008392334,23.34000015258789,23.434999465942383,81778,0.0,0.0
2023-02-24 14:30:00-05:00,23.434999465942383,23.645000457763672,23.3799991607666,23.510000228881836,125153,0.0,0.0
2023-02-24 15:30:00-05:00,23.510000228881836,23.55500030517578,23.40999984741211,23.450000762939453,288622,0.0,0.0
2023-02-27 09:30:00-05:00,23.510000228881836,23.75,23.34000015258789,23.65999984741211,114590,0.0,0.0
2023-02-27 10:30:00-05:00,23.621299743652344,23.625,23.31999969482422,23.3700008392334,85421,0.0,0.0
2023-02-27 11:30:00-05:00,23.3700008392334,23.3799991607666,23.190000534057617,23.239999771118164,63619,0.0,0.0
2023-02-27 12:30:00-05:00,23.229999542236328,23.309999465942383,23.15999984741211,23.229999542236328,61568,0.0,0.0
2023-02-27 13:30:00-05:00,23.229999542236328,23.239999771118164,23.05500030517578,23.15999984741211,74466,0.0,0.0
2023-02-27 14:30:00-05:00,23.170000076293945,23.280000686645508,23.100000381469727,23.190000534057617,140248,0.0,0.0
2023-02-27 15:30:00-05:00,23.190000534057617,23.190000534057617,23.06999969482422,23.06999969482422,174548,0.0,0.0
2023-02-28 09:30:00-05:00,23.0,23.219999313354492,22.860000610351562,23.06999969482422,123531,0.0,0.0
2023-02-28 10:30:00-05:00,23.049999237060547,23.15999984741211,22.795000076293945,23.1200008392334,100171,0.0,0.0
2023-02-28 11:30:00-05:00,23.1200008392334,23.239999771118164,23.059999465942383,23.09000015258789,80070,0.0,0.0
2023-02-28 12:30:00-05:00,23.110000610351562,23.2450008392334,23.049999237060547,23.09000015258789,59339,0.0,0.0
2023-02-28 13:30:00-05:00,23.100000381469727,23.239999771118164,23.059999465942383,23.229999542236328,67186,0.0,0.0
2023-02-28 14:30:00-05:00,23.219999313354492,23.309999465942383,23.059999465942383,23.079999923706055,132744,0.0,0.0
2023-02-28 15:30:00-05:00,23.075000762939453,23.079999923706055,22.84000015258789,22.84000015258789,226352,0.0,0.0
2023-03-01 09:30:00-05:00,22.75,22.8799991607666,22.5,22.635000228881836,153396,0.0,0.0
2023-03-01 10:30:00-05:00,22.670000076293945,22.791099548339844,22.450000762939453,22.549999237060547,114141,0.0,0.0
2023-03-01 11:30:00-05:00,22.540000915527344,22.700000762939453,22.440000534057617,22.623699188232422,83187,0.0,0.0
2023-03-01 12:30:00-05:00,22.621000289916992,22.709999084472656,22.44499969482422,22.460100173950195,70398,0.0,0.0
2023-03-01 13:30:00-05:00,22.462600708007812,22.462799072265625,22.295000076293945,22.295000076293945,84118,0.0,0.0
2023-03-01 14:30:00-05:00,22.290000915527344,22.459999084472656,22.235000610351562,22.360000610351562,156877,0.0,0.0
2023-03-01 15:30:00-05:00,22.3700008392334,22.5,22.350000381469727,22.420000076293945,205943,0.0,0.0
2023-03-02 09:30:00-05:00,22.190000534057617,22.489999771118164,21.93000030517578,22.0,190372,0.0,0.0
2023-03-02 10:30:00-05:00,22.010000228881836,22.1200008392334,21.90999984741211,21.969999313354492,180548,0.0,0.0
2023-03-02 11:30:00-05:00,21.989999771118164,22.02400016784668,21.854999542236328,22.020000457763672,171544,0.0,0.0
2023-03-02 12:30:00-05:00,22.030000686645508,22.31999969482422,21.985000610351562,22.190000534057617,116229,0.0,0.0
2023-03-02 13:30:00-05:00,22.170000076293945,22.5,22.15999984741211,22.440000534057617,204148,0.0,0.0
2023-03-02 14:30:00-05:00,22.434999465942383,22.5,22.299999237060547,22.360000610351562,153771,0.0,0.0
2023-03-02 15:30:00-05:00,22.350000381469727,22.510000228881836,22.329999923706055,22.43000030517578,321477,0.0,0.0
2023-03-03 09:30:00-05:00,22.75,22.940000534057617,22.572599411010742,22.760000228881836,173777,0.0,0.0
2023-03-03 10:30:00-05:00,22.760000228881836,23.100000381469727,22.75,23.087299346923828,147427,0.0,0.0
2023-03-03 11:30:00-05:00,23.079999923706055,23.209999084472656,23.079999923706055,23.18560028076172,140918,0.0,0.0
2023-03-03 12:30:00-05:00,23.184999465942383,23.299999237060547,23.059999465942383,23.1697998046875,100510,0.0,0.0
2023-03-03 13:30:00-05:00,23.170000076293945,23.270000457763672,23.139999389648438,23.18000030517578,91928,0.0,0.0
2023-03-03 14:30:00-05:00,23.190000534057617,23.280000686645508,23.100000381469727,23.18000030517578,151333,0.0,0.0
2023-03-03 15:30:00-05:00,23.18000030517578,23.204999923706055,22.979999542236328,23.010000228881836,271852,0.0,0.0
2023-03-06 09:30:00-05:00,23.049999237060547,23.280000686645508,22.924999237060547,23.20989990234375,163180,0.0,0.0
2023-03-06 10:30:00-05:00,23.209999084472656,23.309999465942383,23.09000015258789,23.302900314331055,98898,0.0,0.0
2023-03-06 11:30:00-05:00,23.309999465942383,23.34000015258789,23.06999969482422,23.094999313354492,109007,0.0,0.0
2023-03-06 12:30:00-05:00,23.09000015258789,23.104999542236328,22.920000076293945,22.969999313354492,129262,0.0,0.0
2023-03-06 13:30:00-05:00,22.979999542236328,23.024999618530273,22.809999465942383,22.90250015258789,113726,0.0,0.0
2023-03-06 14:30:00-05:00,22.920000076293945,22.94499969482422,22.760000228881836,22.770000457763672,103652,0.0,0.0
2023-03-06 15:30:00-05:00,22.774999618530273,22.979999542236328,22.760000228881836,22.90999984741211,181997,0.0,0.0
2023-03-07 09:30:00-05:00,22.25,23.0132999420166,22.209999084472656,22.719999313354492,445425,0.0,0.0
2023-03-07 10:30:00-05:00,22.729999542236328,22.844999313354492,22.360000610351562,22.600000381469727,170499,0.0,0.0
2023-03-07 11:30:00-05:00,22.610000610351562,22.690000534057617,22.530000686645508,22.607099533081055,74043,0.0,0.0
2023-03-07 12:30:00-05:00,22.579999923706055,22.760000228881836,22.545000076293945,22.65999984741211,111342,0.0,0.0
2023-03-07 13:30:00-05:00,22.670000076293945,22.719999313354492,22.5,22.56999969482422,99192,0.0,0.0
2023-03-07 14:30:00-05:00,22.56999969482422,22.690000534057617,22.4950008392334,22.639999389648438,134003,0.0,0.0
2023-03-07 15:30:00-05:00,22.6299991607666,22.719999313354492,22.530000686645508,22.559999465942383,228072,0.0,0.0
2023-03-08 09:30:00-05:00,22.709999084472656,22.849899291992188,22.270000457763672,22.309999465942383,145691,0.0,0.0
2023-03-08 10:30:00-05:00,22.30500030517578,22.40999984741211,22.229999542236328,22.290000915527344,122214,0.0,0.0
2023-03-08 11:30:00-05:00,22.299999237060547,22.5049991607666,22.190000534057617,22.209999084472656,96382,0.0,0.0
2023-03-08 12:30:00-05:00,22.204999923706055,22.299999237060547,22.030000686645508,22.030000686645508,166578,0.0,0.0
2023-03-08 13:30:00-05:00,22.030000686645508,22.110000610351562,21.880699157714844,21.969999313354492,171439,0.0,0.0
2023-03-08 14:30:00-05:00,21.969999313354492,22.190000534057617,21.927600860595703,22.184999465942383,108470,0.0,0.0
2023-03-08 15:30:00-05:00,22.190000534057617,22.399999618530273,22.188600540161133,22.399999618530273,196802,0.0,0.0
2023-03-09 09:30:00-05:00,22.46500015258789,22.579999923706055,22.219999313354492,22.399999618530273,85018,0.0,0.0
2023-03-09 10:30:00-05:00,22.420000076293945,22.709999084472656,22.40999984741211,22.549999237060547,124751,0.0,0.0
2023-03-09 11:30:00-05:00,22.569900512695312,22.809999465942383,22.565000534057617,22.809999465942383,86002,0.0,0.0
2023-03-09 12:30:00-05:00,22.809999465942383,22.899999618530273,22.709999084472656,22.75,86739,0.0,0.0
2023-03-09 13:30:00-05:00,22.739999771118164,22.860000610351562,22.649999618530273,22.81999969482422,107924,0.0,0.0
2023-03-09 14:30:00-05:00,22.809999465942383,22.899999618530273,22.549999237060547,22.559999465942383,113129,0.0,0.0
2023-03-09 15:30:00-05:00,22.56999969482422,22.6299991607666,22.385000228881836,22.420000076293945,251543,0.0,0.0
2023-03-10 09:30:00-05:00,22.25,22.25,21.780000686645508,22.059999465942383,146293,0.0,0.0
2023-03-10 10:30:00-05:00,22.1299991607666,22.360000610351562,21.829999923706055,22.360000610351562,156006,0.0,0.0
2023-03-10 11:30:00-05:00,22.354999542236328,22.360000610351562,21.90999984741211,21.950000762939453,105814,0.0,0.0
2023-03-10 12:30:00-05:00,21.959999084472656,22.030000686645508,21.649999618530273,21.684999465942383,150208,0.0,0.0
2023-03-10 13:30:00-05:00,21.66189956665039,21.8075008392334,21.540000915527344,21.540000915527344,189261,0.0,0.0
2023-03-10 14:30:00-05:00,21.56999969482422,22.010000228881836,21.56999969482422,21.920000076293945,228273,0.0,0.0
2023-03-10 15:30:00-05:00,21.920000076293945,22.06999969482422,21.875,22.020000457763672,329513,0.0,0.0
2023-03-13 09:30:00-04:00,20.920000076293945,21.18000030517578,20.219999313354492,20.459999084472656,594591,0.0,0.0
2023-03-13 10:30:00-04:00,20.469999313354492,20.770000457763672,20.204200744628906,20.750999450683594,311189,0.0,0.0
2023-03-13 11:30:00-04:00,20.75,21.0049991607666,20.649999618530273,20.770000457763672,234586,0.0,0.0
2023-03-13 12:30:00-04:00,20.770000457763672,20.790000915527344,20.59510040283203,20.68000030517578,104147,0.0,0.0
2023-03-13 13:30:00-04:00,20.684999465942383,20.956600189208984,20.6200008392334,20.899999618530273,152193,0.0,0.0
2023-03-13 14:30:00-04:00,20.899999618530273,21.110000610351562,20.809999465942383,20.84000015258789,237205,0.0,0.0
2023-03-13 15:30:00-04:00,20.81999969482422,21.0,20.815000534057617,20.899999618530273,334824,0.0,0.0
2023-03-14 09:30:00-04:00,21.459999084472656,21.790000915527344,21.020000457763672,21.28700065612793,187660,0.0,0.0
2023-03-14 10:30:00-04:00,21.270000457763672,21.479999542236328,21.209999084472656,21.405000686645508,120129,0.0,0.0
2023-03-14 11:30:00-04:00,21.399999618530273,21.440000534057617,21.135000228881836,21.135000228881836,61106,0.0,0.0
2023-03-14 12:30:00-04:00,21.1299991607666,21.170000076293945,20.799999237060547,20.863000869750977,148710,0.0,0.0
2023-03-14 13:30:00-04:00,20.860000610351562,20.860000610351562,20.614999771118164,20.729999542236328,172093,0.0,0.0
2023-03-14 14:30:00-04:00,20.735000610351562,20.780000686645508,20.520000457763672,20.625,86083,0.0,0.0
2023-03-14 15:30:00-04:00,20.610000610351562,20.959999084472656,20.579999923706055,20.889999389648438,227543,0.0,0.0
2023-03-15 09:30:00-04:00,20.209999084472656,20.639999389648438,20.18000030517578,20.420000076293945,167792,0.0,0.0
2023-03-15 10:30:00-04:00,20.420000076293945,20.520000457763672,20.18000030517578,20.43000030517578,100234,0.0,0.0
2023-03-15 11:30:00-04:00,20.420000076293945,20.6200008392334,20.25,20.350000381469727,125701,0.0,0.0
2023-03-15 12:30:00-04:00,20.350000381469727,20.350000381469727,20.110000610351562,20.219999313354492,183531,0.0,0.0
2023-03-15 13:30:00-04:00,20.209999084472656,20.56999969482422,20.155000686645508,20.479999542236328,183401,0.0,0.0
2023-03-15 14:30:00-04:00,20.479999542236328,20.700000762939453,20.424999237060547,20.68000030517578,130451,0.0,0.0
2023-03-15 15:30:00-04:00,20.68000030517578,20.68000030517578,20.520000457763672,20.670000076293945,219984,0.0,0.0
2023-03-16 09:30:00-04:00,20.360000610351562,20.559999465942383,20.145000457763672,20.350000381469727,179799,0.0,0.0
2023-03-16 10:30:00-04:00,20.34000015258789,20.798999786376953,20.267499923706055,20.760000228881836,99525,0.0,0.0
2023-03-16 11:30:00-04:00,20.760000228881836,21.059999465942383,20.710100173950195,20.90999984741211,113280,0.0,0.0
2023-03-16 12:30:00-04:00,20.899999618530273,21.110000610351562,20.8799991607666,21.049999237060547,87464,0.0,0.0
2023-03-16 13:30:00-04:00,21.010000228881836,21.06999969482422,20.890100479125977,20.979999542236328,95760,0.0,0.0
2023-03-16 14:30:00-04:00,20.960800170898438,21.049999237060547,20.889999389648438,20.96500015258789,94569,0.0,0.0
2023-03-16 15:30:00-04:00,20.975000381469727,21.06999969482422,20.899999618530273,21.049999237060547,198557,0.0,0.0
2023-03-17 09:30:00-04:00,20.940000534057617,20.940000534057617,20.299999237060547,20.350000381469727,228506,0.0,0.0
2023-03-17 10:30:00-04:00,20.360000610351562,20.5,20.18000030517578,20.350000381469727,238395,0.0,0.0
2023-03-17 11:30:00-04:00,20.350000381469727,20.549999237060547,20.329999923706055,20.524999618530273,81739,0.0,0.0
2023-03-17 12:30:00-04:00,20.540000915527344,20.6200008392334,20.350000381469727,20.350000381469727,84302,0.0,0.0
2023-03-17 13:30:00-04:00,20.360000610351562,20.43000030517578,20.18000030517578,20.21500015258789,141382,0.0,0.0
2023-03-17 14:30:00-04:00,20.21500015258789,20.40999984741211,20.209999084472656,20.385000228881836,130841,0.0,0.0
2023-03-17 15:30:00-04:00,20.3799991607666,20.405000686645508,20.25,20.270000457763672,362547,0.0,0.0
2023-03-20 09:30:00-04:00,20.25,20.610000610351562,20.149999618530273,20.579999923706055,115183,0.0,0.0
2023-03-20 10:30:00-04:00,20.59000015258789,20.809999465942383,20.489999771118164,20.770000457763672,133710,0.0,0.0
2023-03-20 11:30:00-04:00,20.7549991607666,20.780000686645508,20.299999237060547,20.3700008392334,102723,0.0,0.0
2023-03-20 12:30:00-04:00,20.3700008392334,20.52989959716797,20.315000534057617,20.450000762939453,79789,0.0,0.0
2023-03-20 13:30:00-04:00,20.454999923706055,20.469999313354492,20.1299991607666,20.18000030517578,219655,0.0,0.0
2023-03-20 14:30:00-04:00,20.190000534057617,20.225000381469727,20.014999389648438,20.219999313354492,175988,0.0,0.0
2023-03-20 15:30:00-04:00,20.219999313354492,20.329999923706055,20.15999984741211,20.170000076293945,212805,0.0,0.0
2023-03-21 09:30:00-04:00,20.6299991607666,20.979999542236328,20.59000015258789,20.90999984741211,107865,0.0,0.0
2023-03-21 10:30:00-04:00,20.8799991607666,21.059999465942383,20.770000457763672,21.049999237060547,121159,0.0,0.0
2023-03-21 11:30:00-04:00,21.049999237060547,21.100000381469727,20.860000610351562,20.969999313354492,125590,0.0,0.0
2023-03-21 12:30:00-04:00,20.979900360107422,21.0,20.8799991607666,20.94499969482422,79916,0.0,0.0
2023-03-21 13:30:00-04:00,20.94499969482422,20.969999313354492,20.81999969482422,20.8700008392334,99397,0.0,0.0
2023-03-21 14:30:00-04:00,20.8700008392334,20.9778995513916,20.864999771118164,20.93000030517578,129144,0.0,0.0
2023-03-21 15:30:00-04:00,20.940000534057617,21.059999465942383,20.899999618530273,20.940000534057617,268897,0.0,0.0
2023-03-22 09:30:00-04:00,21.010000228881836,21.049999237060547,20.670000076293945,20.954999923706055,127815,0.0,0.0
2023-03-22 10:30:00-04:00,20.954999923706055,21.030000686645508,20.780000686645508,20.93000030517578,200455,0.0,0.0
2023-03-22 11:30:00-04:00,20.940000534057617,20.940000534057617,20.610000610351562,20.649999618530273,96991,0.0,0.0
2023-03-22 12:30:00-04:00,20.649999618530273,20.670000076293945,20.489999771118164,20.600000381469727,93138,0.0,0.0
2023-03-22 13:30:00-04:00,20.610000610351562,20.84000015258789,20.5049991607666,20.56999969482422,125807,0.0,0.0
2023-03-22 14:30:00-04:00,20.579999923706055,20.684999465942383,20.229999542236328,20.405000686645508,196360,0.0,0.0
2023-03-22 15:30:00-04:00,20.399999618530273,20.40999984741211,19.8700008392334,19.920000076293945,345151,0.0,0.0
2023-03-23 09:30:00-04:00,20.040000915527344,20.170000076293945,19.440099716186523,19.622499465942383,234537,0.0,0.0
2023-03-23 10:30:00-04:00,19.62929916381836,19.940000534057617,19.614999771118164,19.809999465942383,216457,0.0,0.0
2023-03-23 11:30:00-04:00,19.81999969482422,19.959999084472656,19.690000534057617,19.780000686645508,219215,0.0,0.0
2023-03-23 12:30:00-04:00,19.790000915527344,19.799999237060547,19.469999313354492,19.53969955444336,214304,0.0,0.0
2023-03-23 13:30:00-04:00,19.530000686645508,19.575000762939453,19.155000686645508,19.155000686645508,304860,0.0,0.0
2023-03-23 14:30:00-04:00,19.149999618530273,19.399999618530273,19.100000381469727,19.209999084472656,331204,0.0,0.0
2023-03-23 15:30:00-04:00,19.200000762939453,19.350000381469727,19.149999618530273,19.229999542236328,357523,0.0,0.0
2023-03-24 09:30:00-04:00,19.0,19.229999542236328,18.690000534057617,19.15999984741211,178362,0.0,0.0
2023-03-24 10:30:00-04:00,19.165000915527344,19.200000762939453,18.795000076293945,18.889999389648438,133949,0.0,0.0
2023-03-24 11:30:00-04:00,18.8799991607666,19.05500030517578,18.851499557495117,18.950000762939453,121568,0.0,0.0
2023-03-24 12:30:00-04:00,18.975000381469727,19.100000381469727,18.934999465942383,19.059999465942383,114104,0.0,0.0
2023-03-24 13:30:00-04:00,19.06999969482422,19.1299991607666,18.9950008392334,19.100000381469727,84119,0.0,0.0
2023-03-24 14:30:00-04:00,19.094999313354492,19.170000076293945,19.045000076293945,19.141000747680664,135980,0.0,0.0
2023-03-24 15:30:00-04:00,19.145000457763672,19.165000915527344,19.010000228881836,19.15999984741211,271381,0.0,0.0
2023-03-27 09:30:00-04:00,19.520000457763672,19.559999465942383,19.190000534057617,19.3700008392334,127721,0.0,0.0
2023-03-27 10:30:00-04:00,19.3700008392334,19.440000534057617,19.219999313354492,19.338499069213867,107638,0.0,0.0
2023-03-27 11:30:00-04:00,19.34000015258789,19.424999237060547,19.219999313354492,19.3799991607666,101194,0.0,0.0
2023-03-27 12:30:00-04:00,19.3799991607666,19.469999313354492,19.34000015258789,19.440000534057617,80246,0.0,0.0
2023-03-27 13:30:00-04:00,19.434999465942383,19.559999465942383,19.43000030517578,19.479999542236328,129111,0.0,0.0
2023-03-27 14:30:00-04:00,19.479999542236328,19.670000076293945,19.479999542236328,19.55500030517578,110266,0.0,0.0
2023-03-27 15:30:00-04:00,19.55500030517578,19.594999313354492,19.395000457763672,19.469999313354492,230532,0.0,0.0
2023-03-28 09:30:00-04:00,19.440000534057617,19.940000534057617,19.402000427246094,19.790000915527344,98327,0.0,0.0
2023-03-28 10:30:00-04:00,19.799999237060547,19.989999771118164,19.709999084472656,19.969999313354492,148926,0.0,0.0
2023-03-28 11:30:00-04:00,19.959999084472656,19.959999084472656,19.799999237060547,19.809999465942383,93148,0.0,0.0
2023-03-28 12:30:00-04:00,19.799999237060547,19.90999984741211,19.770000457763672,19.799999237060547,83965,0.0,0.0
2023-03-28 13:30:00-04:00,19.790000915527344,19.860000610351562,19.770000457763672,19.780000686645508,85466,0.0,0.0
2023-03-28 14:30:00-04:00,19.790000915527344,19.850000381469727,19.700000762939453,19.700000762939453,82306,0.0,0.0
2023-03-28 15:30:00-04:00,19.700000762939453,19.770000457763672,19.655000686645508,19.760000228881836,171940,0.0,0.0
2023-03-29 09:30:00-04:00,20.110000610351562,20.110000610351562,19.719999313354492,19.790000915527344,153352,0.0,0.0
2023-03-29 10:30:00-04:00,19.790000915527344,19.8700008392334,19.709999084472656,19.790000915527344,72333,0.0,0.0
2023-03-29 11:30:00-04:00,19.760000228881836,19.780000686645508,19.709999084472656,19.719999313354492,81629,0.0,0.0
2023-03-29 12:30:00-04:00,19.719999313354492,19.729999542236328,19.559999465942383,19.6299991607666,68917,0.0,0.0
2023-03-29 13:30:00-04:00,19.6299991607666,19.67840003967285,19.53499984741211,19.6200008392334,103612,0.0,0.0
2023-03-29 14:30:00-04:00,19.6200008392334,19.809999465942383,19.610000610351562,19.799999237060547,95152,0.0,0.0
2023-03-29 15:30:00-04:00,19.809999465942383,19.815000534057617,19.729999542236328,19.799999237060547,184703,0.0,0.0
2023-03-30 09:30:00-04:00,20.010000228881836,20.329999923706055,19.969999313354492,20.270000457763672,128139,0.0,0.0
2023-03-30 10:30:00-04:00,20.290000915527344,20.3700008392334,20.020000457763672,20.09000015258789,75696,0.0,0.0
2023-03-30 11:30:00-04:00,20.06999969482422,20.06999969482422,19.8799991607666,19.950000762939453,86710,0.0,0.0
2023-03-30 12:30:00-04:00,19.940099716186523,19.943300247192383,19.790000915527344,19.829999923706055,72031,0.0,0.0
2023-03-30 13:30:00-04:00,19.81999969482422,19.84000015258789,19.719999313354492,19.799999237060547,66251,0.0,0.0
2023-03-30 14:30:00-04:00,19.809999465942383,19.829999923706055,19.760000228881836,19.81800079345703,102881,0.0,0.0
2023-03-30 15:30:00-04:00,19.809999465942383,19.989999771118164,19.790000915527344,19.899999618530273,182765,0.0,0.0
2023-03-31 09:30:00-04:00,20.049999237060547,20.530000686645508,20.020000457763672,20.5,130210,0.0,0.0
2023-03-31 10:30:00-04:00,20.510000228881836,20.93000030517578,20.479999542236328,20.899999618530273,161097,0.0,0.0
2023-03-31 11:30:00-04:00,20.899999618530273,20.915000915527344,20.790000915527344,20.795000076293945,84404,0.0,0.0
2023-03-31 12:30:00-04:00,20.795000076293945,20.795000076293945,20.65999984741211,20.690000534057617,92725,0.0,0.0
2023-03-31 13:30:00-04:00,20.690000534057617,20.774999618530273,20.6200008392334,20.700000762939453,79377,0.0,0.0
2023-03-31 14:30:00-04:00,20.71500015258789,20.799999237060547,20.649999618530273,20.795000076293945,119051,0.0,0.0
2023-03-31 15:30:00-04:00,20.790000915527344,20.90999984741211,20.729999542236328,20.8700008392334,249189,0.0,0.0
2023-04-03 09:30:00-04:00,20.899999618530273,21.040000915527344,20.785900115966797,20.90999984741211,107569,0.0,0.0
2023-04-03 10:30:00-04:00,20.920000076293945,20.920000076293945,20.389999389648438,20.479999542236328,184940,0.0,0.0
2023-04-03 11:30:00-04:00,20.489999771118164,20.6200008392334,20.489999771118164,20.530000686645508,77288,0.0,0.0
2023-04-03 12:30:00-04:00,20.540000915527344,20.559999465942383,20.350000381469727,20.350000381469727,112681,0.0,0.0
2023-04-03 13:30:00-04:00,20.350000381469727,20.360000610351562,20.190000534057617,20.19499969482422,163651,0.0,0.0
2023-04-03 14:30:00-04:00,20.190000534057617,20.40999984741211,20.18000030517578,20.40999984741211,126959,0.0,0.0
2023-04-03 15:30:00-04:00,20.40999984741211,20.56999969482422,20.40999984741211,20.420000076293945,264791,0.0,0.0
2023-04-04 09:30:00-04:00,20.510000228881836,20.65999984741211,20.06999969482422,20.139999389648438,60928,0.0,0.0
2023-04-04 10:30:00-04:00,20.1299991607666,20.190000534057617,19.639999389648438,19.709999084472656,162458,0.0,0.0
2023-04-04 11:30:00-04:00,19.719999313354492,19.729999542236328,19.549999237060547,19.6200008392334,122647,0.0,0.0
2023-04-04 12:30:00-04:00,19.6200008392334,19.68899917602539,19.479999542236328,19.540000915527344,95700,0.0,0.0
2023-04-04 13:30:00-04:00,19.53499984741211,19.59000015258789,19.405000686645508,19.454999923706055,166961,0.0,0.0
2023-04-04 14:30:00-04:00,19.4591007232666,19.6299991607666,19.424999237060547,19.545000076293945,150123,0.0,0.0
2023-04-04 15:30:00-04:00,19.549999237060547,19.559999465942383,19.420000076293945,19.469999313354492,197049,0.0,0.0
2023-04-05 09:30:00-04:00,19.229999542236328,19.389999389648438,18.90999984741211,19.25,131594,0.0,0.0
2023-04-05 10:30:00-04:00,19.244800567626953,19.3799991607666,19.229999542236328,19.260000228881836,84227,0.0,0.0
2023-04-05 11:30:00-04:00,19.264999389648438,19.31999969482422,19.079999923706055,19.100000381469727,106271,0.0,0.0
2023-04-05 12:30:00-04:00,19.100000381469727,19.6200008392334,19.079999923706055,19.579999923706055,181519,0.0,0.0
2023-04-05 13:30:00-04:00,19.594999313354492,19.6200008392334,19.510000228881836,19.510000228881836,100945,0.0,0.0
2023-04-05 14:30:00-04:00,19.510000228881836,19.639999389648438,19.510000228881836,19.639999389648438,84532,0.0,0.0
2023-04-05 15:30:00-04:00,19.639999389648438,19.760000228881836,19.631000518798828,19.725000381469727,222568,0.0,0.0
2023-04-06 09:30:00-04:00,19.829999923706055,19.979999542236328,19.559999465942383,19.934999465942383,152595,0.0,0.0
2023-04-06 10:30:00-04:00,19.934999465942383,20.06999969482422,19.860000610351562,19.979999542236328,87246,0.0,0.0
2023-04-06 11:30:00-04:00,19.979999542236328,20.100000381469727,19.934999465942383,20.059999465942383,68128,0.0,0.0
2023-04-06 12:30:00-04:00,20.06999969482422,20.31999969482422,20.06999969482422,20.290000915527344,121738,0.0,0.0
2023-04-06 13:30:00-04:00,20.280000686645508,20.315000534057617,20.15999984741211,20.190000534057617,68237,0.0,0.0
2023-04-06 14:30:00-04:00,20.18000030517578,20.219999313354492,20.094999313354492,20.1200008392334,82532,0.0,0.0
2023-04-06 15:30:00-04:00,20.1200008392334,20.190000534057617,20.059999465942383,20.170000076293945,211768,0.0,0.0
2023-04-10 09:30:00-04:00,20.170000076293945,20.690000534057617,20.149999618530273,20.540000915527344,116869,0.0,0.0
2023-04-10 10:30:00-04:00,20.559999465942383,20.700000762939453,20.510000228881836,20.59000015258789,80666,0.0,0.0
2023-04-10 11:30:00-04:00,20.600000381469727,20.600000381469727,20.3700008392334,20.459999084472656,60558,0.0,0.0
2023-04-10 12:30:00-04:00,20.450000762939453,20.639999389648438,20.450000762939453,20.6299991607666,54032,0.0,0.0
2023-04-10 13:30:00-04:00,20.639999389648438,20.649999618530273,20.540000915527344,20.639999389648438,74622,0.0,0.0
2023-04-10 14:30:00-04:00,20.639999389648438,20.679899215698242,20.549999237060547,20.600000381469727,80774,0.0,0.0
2023-04-10 15:30:00-04:00,20.602500915527344,20.649999618530273,20.5,20.5,175818,0.0,0.0
2023-04-11 09:30:00-04:00,20.899999618530273,21.649999618530273,20.899999618530273,21.420000076293945,191021,0.0,0.0
2023-04-11 10:30:00-04:00,21.43000030517578,21.739999771118164,21.360000610351562,21.690000534057617,204805,0.0,0.0
2023-04-11 11:30:00-04:00,21.690000534057617,21.8700008392334,21.514999389648438,21.860000610351562,277055,0.0,0.0
2023-04-11 12:30:00-04:00,21.860000610351562,21.93000030517578,21.565000534057617,21.6299991607666,166459,0.0,0.0
2023-04-11 13:30:00-04:00,21.649999618530273,21.709999084472656,21.56999969482422,21.709999084472656,94850,0.0,0.0
2023-04-11 14:30:00-04:00,21.709999084472656,21.790000915527344,21.670000076293945,21.700000762939453,120313,0.0,0.0
2023-04-11 15:30:00-04:00,21.700000762939453,21.700000762939453,21.5049991607666,21.545000076293945,237630,0.0,0.0
2023-04-12 09:30:00-04:00,21.690000534057617,21.829999923706055,20.700000762939453,20.829999923706055,116884,0.0,0.0
2023-04-12 10:30:00-04:00,20.834999084472656,20.84000015258789,20.594999313354492,20.729999542236328,107320,0.0,0.0
2023-04-12 11:30:00-04:00,20.739999771118164,21.020000457763672,20.730100631713867,20.889999389648438,66813,0.0,0.0
2023-04-12 12:30:00-04:00,20.90999984741211,20.969999313354492,20.790000915527344,20.959999084472656,68899,0.0,0.0
2023-04-12 13:30:00-04:00,20.959999084472656,21.09000015258789,20.799999237060547,20.959999084472656,97201,0.0,0.0
2023-04-12 14:30:00-04:00,20.93000030517578,21.059999465942383,20.84000015258789,20.854999542236328,144896,0.0,0.0
2023-04-12 15:30:00-04:00,20.84000015258789,21.084999084472656,20.829999923706055,21.0049991607666,230819,0.0,0.0
2023-04-13 09:30:00-04:00,21.18000030517578,21.18000030517578,20.825000762939453,21.040000915527344,82718,0.0,0.0
2023-04-13 10:30:00-04:00,21.03499984741211,21.1289005279541,20.829999923706055,20.875,63054,0.0,0.0
2023-04-13 11:30:00-04:00,20.860000610351562,21.110000610351562,20.829999923706055,21.079999923706055,78365,0.0,0.0
2023-04-13 12:30:00-04:00,21.06999969482422,21.139999389648438,21.030000686645508,21.06999969482422,39143,0.0,0.0
2023-04-13 13:30:00-04:00,21.06999969482422,21.170000076293945,21.045000076293945,21.170000076293945,57558,0.0,0.0
2023-04-13 14:30:00-04:00,21.170000076293945,21.209999084472656,21.049999237060547,21.1200008392334,64535,0.0,0.0
2023-04-13 15:30:00-04:00,21.1200008392334,21.1200008392334,21.0,21.020000457763672,147875,0.0,0.0
2023-04-14 09:30:00-04:00,21.329999923706055,21.649999618530273,21.100000381469727,21.104999542236328,81438,0.0,0.0
2023-04-14 10:30:00-04:00,21.100000381469727,21.139999389648438,20.989999771118164,21.06999969482422,57694,0.0,0.0
2023-04-14 11:30:00-04:00,21.075000762939453,21.075000762939453,20.93000030517578,20.985000610351562,55059,0.0,0.0
2023-04-14 12:30:00-04:00,20.969999313354492,21.06999969482422,20.8700008392334,20.969999313354492,69271,0.0,0.0
2023-04-14 13:30:00-04:00,20.959999084472656,21.024999618530273,20.889999389648438,20.924999237060547,76680,0.0,0.0
2023-04-14 14:30:00-04:00,20.924999237060547,20.93000030517578,20.84000015258789,20.864999771118164,129554,0.0,0.0
2023-04-14 15:30:00-04:00,20.8700008392334,21.010000228881836,20.854999542236328,20.899999618530273,177126,0.0,0.0
2023-04-17 09:30:00-04:00,21.0,21.260000228881836,20.795000076293945,21.110000610351562,110299,0.0,0.0
2023-04-17 10:30:00-04:00,21.1299991607666,21.290000915527344,21.110000610351562,21.209999084472656,86683,0.0,0.0
2023-04-17 11:30:00-04:00,21.209999084472656,21.3799991607666,21.110000610351562,21.309900283813477,87705,0.0,0.0
2023-04-17 12:30:00-04:00,21.309999465942383,21.479999542236328,21.270000457763672,21.40999984741211,103695,0.0,0.0
2023-04-17 13:30:00-04:00,21.42840003967285,21.479999542236328,21.270000457763672,21.475500106811523,144476,0.0,0.0
2023-04-17 14:30:00-04:00,21.479999542236328,21.670000076293945,21.475000381469727,21.600000381469727,211191,0.0,0.0
2023-04-17 15:30:00-04:00,21.600000381469727,21.604999542236328,21.440000534057617,21.5,200679,0.0,0.0
2023-04-18 09:30:00-04:00,21.510000228881836,21.690000534057617,21.280000686645508,21.3799991607666,101292,0.0,0.0
2023-04-18 10:30:00-04:00,21.350000381469727,21.5,21.290000915527344,21.450000762939453,42752,0.0,0.0
2023-04-18 11:30:00-04:00,21.450000762939453,21.65999984741211,21.389999389648438,21.6299991607666,67120,0.0,0.0
2023-04-18 12:30:00-04:00,21.6299991607666,21.665000915527344,21.540000915527344,21.540000915527344,40935,0.0,0.0
2023-04-18 13:30:00-04:00,21.540000915527344,21.6299991607666,21.489999771118164,21.600000381469727,72159,0.0,0.0
2023-04-18 14:30:00-04:00,21.578100204467773,21.594999313354492,21.454999923706055,21.5,86191,0.0,0.0
2023-04-18 15:30:00-04:00,21.479999542236328,21.639999389648438,21.440000534057617,21.584999084472656,171448,0.0,0.0
2023-04-19 09:30:00-04:00,21.56999969482422,22.014999389648438,21.510000228881836,21.917999267578125,169730,0.0,0.0
2023-04-19 10:30:00-04:00,21.93000030517578,22.170000076293945,21.899999618530273,22.068199157714844,104351,0.0,0.0
2023-04-19 11:30:00-04:00,22.06999969482422,22.1299991607666,21.979999542236328,22.0,63399,0.0,0.0
2023-04-19 12:30:00-04:00,22.010000228881836,22.209999084472656,21.989999771118164,22.139999389648438,85176,0.0,0.0
2023-04-19 13:30:00-04:00,22.1299991607666,22.190000534057617,22.079999923706055,22.149999618530273,60528,0.0,0.0
2023-04-19 14:30:00-04:00,22.15999984741211,22.18899917602539,22.110000610351562,22.165000915527344,193421,0.0,0.0
2023-04-19 15:30:00-04:00,22.15999984741211,22.174999237060547,21.90999984741211,21.950000762939453,321912,0.0,0.0
2023-04-20 09:30:00-04:00,21.68000030517578,22.059999465942383,21.65999984741211,21.989999771118164,91665,0.0,0.0
2023-04-20 10:30:00-04:00,22.0,22.079999923706055,21.84000015258789,21.940000534057617,135356,0.0,0.0
2023-04-20 11:30:00-04:00,21.93000030517578,22.219999313354492,21.88089942932129,22.219999313354492,277441,0.0,0.0
2023-04-20 12:30:00-04:00,22.209999084472656,22.209999084472656,22.049999237060547,22.100000381469727,9884,0.0,0.0
2023-04-20 13:30:00-04:00,22.100000381469727,22.110000610351562,21.93000030517578,21.980499267578125,124596,0.0,0.0
2023-04-20 14:30:00-04:00,21.979999542236328,22.030000686645508,21.809999465942383,21.829999923706055,90437,0.0,0.0
2023-04-20 15:30:00-04:00,21.850000381469727,21.9950008392334,21.84000015258789,21.940000534057617,140936,0.0,0.0
2023-04-21 09:30:00-04:00,22.010000228881836,22.170000076293945,21.690000534057617,21.850000381469727,68175,0.0,0.0
2023-04-21 10:30:00-04:00,21.84000015258789,21.93000030517578,21.729999542236328,21.899999618530273,84019,0.0,0.0
2023-04-21 11:30:00-04:00,21.899999618530273,22.009899139404297,21.860000610351562,21.899999618530273,59170,0.0,0.0
2023-04-21 12:30:00-04:00,21.899999618530273,21.989999771118164,21.889999389648438,21.90999984741211,55216,0.0,0.0
2023-04-21 13:30:00-04:00,21.905000686645508,22.100000381469727,21.899999618530273,22.059999465942383,95187,0.0,0.0
2023-04-21 14:30:00-04:00,22.049999237060547,22.075000762939453,21.96500015258789,21.96500015258789,106523,0.0,0.0
2023-04-21 15:30:00-04:00,21.96500015258789,22.020000457763672,21.885000228881836,22.0,208179,0.0,0.0
2023-04-24 09:30:00-04:00,22.020000457763672,22.209999084472656,21.579999923706055,21.850000381469727,123228,0.0,0.0
2023-04-24 10:30:00-04:00,21.850000381469727,21.93000030517578,21.469999313354492,21.5049991607666,92479,0.0,0.0
2023-04-24 11:30:00-04:00,21.520000457763672,21.59000015258789,21.40999984741211,21.565799713134766,48484,0.0,0.0
2023-04-24 12:30:00-04:00,21.559999465942383,21.709999084472656,21.530000686645508,21.65999984741211,66470,0.0,0.0
2023-04-24 13:30:00-04:00,21.68000030517578,21.799999237060547,21.649999618530273,21.65999984741211,68161,0.0,0.0
2023-04-24 14:30:00-04:00,21.660999298095703,21.780000686645508,21.600000381469727,21.729999542236328,77314,0.0,0.0
2023-04-24 15:30:00-04:00,21.725000381469727,21.7677001953125,21.635000228881836,21.649999618530273,316142,0.0,0.0
2023-04-25 09:30:00-04:00,21.40999984741211,21.649999618530273,21.06999969482422,21.549999237060547,186045,0.0,0.0
2023-04-25 10:30:00-04:00,21.559999465942383,22.0,21.420000076293945,21.969999313354492,238826,0.0,0.0
2023-04-25 11:30:00-04:00,21.96339988708496,21.96339988708496,21.75,21.75,97730,0.0,0.0
2023-04-25 12:30:00-04:00,21.739999771118164,21.860000610351562,21.570999145507812,21.610000610351562,113674,0.0,0.0
2023-04-25 13:30:00-04:00,21.610000610351562,21.7450008392334,21.579999923706055,21.7450008392334,77749,0.0,0.0
2023-04-25 14:30:00-04:00,21.7450008392334,21.809999465942383,21.6299991607666,21.780000686645508,191337,0.0,0.0
2023-04-25 15:30:00-04:00,21.790000915527344,21.860000610351562,21.700000762939453,21.739999771118164,221219,0.0,0.0
2023-04-26 09:30:00-04:00,21.780000686645508,22.139999389648438,21.774999618530273,21.8799991607666,95424,0.0,0.0
2023-04-26 10:30:00-04:00,21.8799991607666,22.15999984741211,21.8700008392334,22.020000457763672,95401,0.0,0.0
2023-04-26 11:30:00-04:00,22.010000228881836,22.040000915527344,21.90999984741211,22.0,57003,0.0,0.0
2023-04-26 12:30:00-04:00,22.0,22.09000015258789,21.8700008392334,21.8799991607666,96654,0.0,0.0
2023-04-26 13:30:00-04:00,21.8799991607666,21.899999618530273,21.56999969482422,21.68000030517578,105488,0.0,0.0
2023-04-26 14:30:00-04:00,21.68000030517578,21.725000381469727,21.44499969482422,21.479999542236328,79776,0.0,0.0
2023-04-26 15:30:00-04:00,21.479999542236328,21.600000381469727,21.454999923706055,21.600000381469727,235328,0.0,0.0
2023-04-27 09:30:00-04:00,21.600000381469727,22.1200008392334,21.600000381469727,22.020000457763672,102344,0.0,0.0
2023-04-27 10:30:00-04:00,22.020000457763672,22.139999389648438,21.889999389648438,22.0049991607666,85924,0.0,0.0
2023-04-27 11:30:00-04:00,22.020000457763672,22.190000534057617,21.950000762939453,22.190000534057617,100425,0.0,0.0
2023-04-27 12:30:00-04:00,22.190000534057617,22.200000762939453,22.110000610351562,22.1200008392334,104356,0.0,0.0
2023-04-27 13:30:00-04:00,22.1299991607666,22.155000686645508,21.980100631713867,22.1200008392334,91707,0.0,0.0
2023-04-27 14:30:00-04:00,22.1200008392334,22.170000076293945,22.030000686645508,22.1299991607666,144331,0.0,0.0
2023-04-27 15:30:00-04:00,22.125,22.204999923706055,22.079999923706055,22.170000076293945,174005,0.0,0.0
2023-04-28 09:30:00-04:00,22.1200008392334,22.450000762939453,22.1200008392334,22.420000076293945,129758,0.0,0.0
2023-04-28 10:30:00-04:00,22.420000076293945,22.459999084472656,22.18000030517578,22.21500015258789,64413,0.0,0.0
2023-04-28 11:30:00-04:00,22.219999313354492,22.280000686645508,22.170000076293945,22.219999313354492,52754,0.0,0.0
2023-04-28 12:30:00-04:00,22.21500015258789,22.299999237060547,22.168699264526367,22.280000686645508,78585,0.0,0.0
2023-04-28 13:30:00-04:00,22.280000686645508,22.31999969482422,22.200000762939453,22.280000686645508,88516,0.0,0.0
2023-04-28 14:30:00-04:00,22.280000686645508,22.360000610351562,22.209999084472656,22.309999465942383,116741,0.0,0.0
2023-04-28 15:30:00-04:00,22.31999969482422,22.399999618530273,22.250999450683594,22.3799991607666,255318,0.0,0.0
2023-05-01 09:30:00-04:00,22.34000015258789,22.709999084472656,22.25,22.489999771118164,125792,0.0,0.0
2023-05-01 10:30:00-04:00,22.5,22.639999389648438,22.280000686645508,22.360000610351562,79894,0.0,0.0
2023-05-01 11:30:00-04:00,22.344999313354492,22.420000076293945,22.260000228881836,22.34000015258789,54290,0.0,0.0
2023-05-01 12:30:00-04:00,22.350000381469727,22.389999389648438,22.1299991607666,22.139999389648438,67644,0.0,0.0
2023-05-01 13:30:00-04:00,22.139999389648438,22.31999969482422,22.139999389648438,22.30500030517578,59194,0.0,0.0
2023-05-01 14:30:00-04:00,22.300100326538086,22.479999542236328,22.225000381469727,22.440000534057617,121652,0.0,0.0
2023-05-01 15:30:00-04:00,22.450000762939453,22.610000610351562,22.40999984741211,22.549999237060547,247169,0.0,0.0
2023-05-02 09:30:00-04:00,22.549999237060547,22.59000015258789,21.790000915527344,21.844999313354492,175006,0.0,0.0
2023-05-02 10:30:00-04:00,21.780000686645508,21.809999465942383,21.209999084472656,21.280000686645508,239113,0.0,0.0
2023-05-02 11:30:00-04:00,21.299999237060547,21.729999542236328,21.200000762939453,21.704999923706055,127101,0.0,0.0
2023-05-02 12:30:00-04:00,21.704999923706055,21.774999618530273,21.6299991607666,21.770000457763672,93256,0.0,0.0
2023-05-02 13:30:00-04:00,21.770000457763672,21.950000762939453,21.600000381469727,21.650999069213867,147411,0.0,0.0
2023-05-02 14:30:00-04:00,21.65999984741211,21.809999465942383,21.639999389648438,21.770000457763672,165405,0.0,0.0
2023-05-02 15:30:00-04:00,21.760000228881836,21.90999984741211,21.719999313354492,21.829999923706055,352063,0.0,0.0
2023-05-03 09:30:00-04:00,22.829999923706055,25.0,22.770000457763672,24.890300750732422,1020429,0.0,0.0
2023-05-03 10:30:00-04:00,24.889999389648438,25.399999618530273,24.389999389648438,25.110000610351562,625591,0.0,0.0
2023-05-03 11:30:00-04:00,25.139999389648438,25.290000915527344,24.75,24.989999771118164,286735,0.0,0.0
2023-05-03 12:30:00-04:00,24.969999313354492,24.975000381469727,24.450000762939453,24.56999969482422,244824,0.0,0.0
2023-05-03 13:30:00-04:00,24.59000015258789,24.8700008392334,24.40999984741211,24.739999771118164,324747,0.0,0.0
2023-05-03 14:30:00-04:00,24.760000228881836,24.989999771118164,24.510000228881836,24.579999923706055,427707,0.0,0.0
2023-05-03 15:30:00-04:00,24.559999465942383,24.614999771118164,24.34000015258789,24.43000030517578,546320,0.0,0.0
2023-05-04 09:30:00-04:00,24.31999969482422,25.040000915527344,23.780000686645508,23.899999618530273,373902,0.0,0.0
2023-05-04 10:30:00-04:00,23.8700008392334,24.079999923706055,23.440000534057617,23.489999771118164,196283,0.0,0.0
2023-05-04 11:30:00-04:00,23.510000228881836,23.950000762939453,23.43000030517578,23.889999389648438,136974,0.0,0.0
2023-05-04 12:30:00-04:00,23.8700008392334,24.25,23.610000610351562,23.809999465942383,132579,0.0,0.0
2023-05-04 13:30:00-04:00,23.829999923706055,23.84000015258789,23.510000228881836,23.56999969482422,144395,0.0,0.0
2023-05-04 14:30:00-04:00,23.56999969482422,23.6299991607666,23.390100479125977,23.540000915527344,159898,0.0,0.0
2023-05-04 15:30:00-04:00,23.540000915527344,23.739999771118164,23.459999084472656,23.610000610351562,292841,0.0,0.0
2023-05-05 09:30:00-04:00,24.149999618530273,24.31999969482422,23.700000762939453,23.75,100126,0.0,0.0
2023-05-05 10:30:00-04:00,23.78499984741211,24.3700008392334,23.780000686645508,24.329999923706055,188703,0.0,0.0
2023-05-05 11:30:00-04:00,24.31999969482422,24.575000762939453,24.270000457763672,24.40999984741211,261786,0.0,0.0
2023-05-05 12:30:00-04:00,24.40999984741211,24.790000915527344,24.3700008392334,24.7450008392334,139763,0.0,0.0
2023-05-05 13:30:00-04:00,24.770000457763672,24.94499969482422,24.719999313354492,24.924999237060547,93873,0.0,0.0
2023-05-05 14:30:00-04:00,24.90999984741211,25.0,24.760000228881836,24.864999771118164,190379,0.0,0.0
2023-05-05 15:30:00-04:00,24.864999771118164,24.90999984741211,24.719999313354492,24.84000015258789,306008,0.0,0.0
2023-05-08 09:30:00-04:00,25.0,25.21430015563965,24.510000228881836,24.770000457763672,127362,0.0,0.0
2023-05-08 10:30:00-04:00,24.780000686645508,24.899999618530273,24.700000762939453,24.770000457763672,168015,0.0,0.0
2023-05-08 11:30:00-04:00,24.780000686645508,24.815000534057617,24.579999923706055,24.770000457763672,87070,0.0,0.0
2023-05-08 12:30:00-04:00,24.790000915527344,24.915000915527344,24.735000610351562,24.889999389648438,84992,0.0,0.0
2023-05-08 13:30:00-04:00,24.8700008392334,24.899999618530273,24.670000076293945,24.8799991607666,90855,0.0,0.0
2023-05-08 14:30:00-04:00,24.8799991607666,24.989999771118164,24.780000686645508,24.780000686645508,204473,0.0,0.0
2023-05-08 15:30:00-04:00,24.774999618530273,24.84000015258789,24.700000762939453,24.770000457763672,194064,0.0,0.0
2023-05-09 09:30:00-04:00,24.649999618530273,25.020000457763672,24.549999237060547,24.84000015258789,84826,0.0,0.0
2023-05-09 10:30:00-04:00,24.889999389648438,25.138500213623047,24.8700008392334,24.950000762939453,72062,0.0,0.0
2023-05-09 11:30:00-04:00,24.959999084472656,25.08810043334961,24.878000259399414,25.06999969482422,46073,0.0,0.0
2023-05-09 12:30:00-04:00,25.100000381469727,25.299999237060547,25.100000381469727,25.270000457763672,75505,0.0,0.0
2023-05-09 13:30:00-04:00,25.260000228881836,25.32990074157715,25.19499969482422,25.239999771118164,103922,0.0,0.0
2023-05-09 14:30:00-04:00,25.2450008392334,25.399999618530273,25.235000610351562,25.34000015258789,116065,0.0,0.0
2023-05-09 15:30:00-04:00,25.34000015258789,25.389999389648438,25.25,25.364999771118164,164507,0.0,0.0
2023-05-10 09:30:00-04:00,25.709999084472656,25.729999542236328,24.840599060058594,25.040000915527344,122754,0.0,0.0
2023-05-10 10:30:00-04:00,25.030000686645508,25.280000686645508,24.860000610351562,25.280000686645508,67674,0.0,0.0
2023-05-10 11:30:00-04:00,25.290000915527344,25.440000534057617,25.170000076293945,25.200000762939453,66875,0.0,0.0
2023-05-10 12:30:00-04:00,25.209999084472656,25.25,24.790000915527344,24.850000381469727,85967,0.0,0.0
2023-05-10 13:30:00-04:00,24.854999542236328,25.315000534057617,24.842500686645508,25.309999465942383,91270,0.0,0.0
2023-05-10 14:30:00-04:00,25.309999465942383,25.479999542236328,25.2549991607666,25.415000915527344,104671,0.0,0.0
2023-05-10 15:30:00-04:00,25.415000915527344,25.559999465942383,25.399999618530273,25.459999084472656,209770,0.0,0.0
2023-05-11 09:30:00-04:00,25.309999465942383,25.565399169921875,25.139999389648438,25.364999771118164,85201,0.0,0.0
2023-05-11 10:30:00-04:00,25.364999771118164,25.399999618530273,25.049999237060547,25.09000015258789,56035,0.0,0.0
2023-05-11 11:30:00-04:00,25.079999923706055,25.1299991607666,24.90999984741211,25.059999465942383,55672,0.0,0.0
2023-05-11 12:30:00-04:00,25.059999465942383,25.11319923400879,25.0049991607666,25.049999237060547,48107,0.0,0.0
2023-05-11 13:30:00-04:00,25.040000915527344,25.110000610351562,24.899999618530273,24.979999542236328,45549,0.0,0.0
2023-05-11 14:30:00-04:00,24.959999084472656,25.309999465942383,24.950000762939453,25.26799964904785,71457,0.0,0.0
2023-05-11 15:30:00-04:00,25.260000228881836,25.270000457763672,25.06999969482422,25.1299991607666,129220,0.0,0.0
2023-05-12 09:30:00-04:00,25.229999542236328,25.24340057373047,24.979999542236328,25.0,35884,0.0,0.0
2023-05-12 10:30:00-04:00,25.0049991607666,25.204999923706055,24.979999542236328,25.100000381469727,41960,0.0,0.0
2023-05-12 11:30:00-04:00,25.104999542236328,25.264999389648438,24.969999313354492,24.979999542236328,41386,0.0,0.0
2023-05-12 12:30:00-04:00,24.969999313354492,25.219999313354492,24.950000762939453,25.190000534057617,47003,0.0,0.0
2023-05-12 13:30:00-04:00,25.190000534057617,25.209999084472656,25.040000915527344,25.110000610351562,58578,0.0,0.0
2023-05-12 14:30:00-04:00,25.100000381469727,25.1299991607666,25.045000076293945,25.110000610351562,62102,0.0,0.0
2023-05-12 15:30:00-04:00,25.100000381469727,25.299999237060547,25.09000015258789,25.280000686645508,125330,0.0,0.0
2023-05-15 09:30:00-04:00,25.170000076293945,25.584999084472656,25.059999465942383,25.530000686645508,78668,0.0,0.0
2023-05-15 10:30:00-04:00,25.540000915527344,25.729999542236328,25.450000762939453,25.704999923706055,100966,0.0,0.0
2023-05-15 11:30:00-04:00,25.700000762939453,25.829999923706055,25.579999923706055,25.800500869750977,84890,0.0,0.0
2023-05-15 12:30:00-04:00,25.84000015258789,26.020000457763672,25.81999969482422,25.950000762939453,90217,0.0,0.0
2023-05-15 13:30:00-04:00,25.959999084472656,26.065000534057617,25.489999771118164,25.549999237060547,185002,0.0,0.0
2023-05-15 14:30:00-04:00,25.56999969482422,25.69499969482422,25.469999313354492,25.674999237060547,109615,0.0,0.0
2023-05-15 15:30:00-04:00,25.68000030517578,25.850000381469727,25.665000915527344,25.829999923706055,136237,0.0,0.0
2023-05-16 09:30:00-04:00,25.5,25.68000030517578,25.110000610351562,25.360000610351562,136591,0.0,0.0
2023-05-16 10:30:00-04:00,25.350000381469727,25.645000457763672,25.239999771118164,25.645000457763672,71301,0.0,0.0
2023-05-16 11:30:00-04:00,25.6299991607666,25.790000915527344,25.520000457763672,25.709999084472656,91814,0.0,0.0
2023-05-16 12:30:00-04:00,25.709999084472656,25.861000061035156,25.600000381469727,25.63010025024414,80044,0.0,0.0
2023-05-16 13:30:00-04:00,25.6299991607666,25.670000076293945,25.510000228881836,25.59000015258789,69776,0.0,0.0
2023-05-16 14:30:00-04:00,25.59000015258789,25.725000381469727,25.540000915527344,25.68000030517578,129562,0.0,0.0
2023-05-16 15:30:00-04:00,25.684999465942383,25.709999084472656,25.510000228881836,25.610000610351562,235464,0.0,0.0
2023-05-17 09:30:00-04:00,25.790000915527344,25.96500015258789,25.510000228881836,25.905000686645508,81833,0.0,0.0
2023-05-17 10:30:00-04:00,25.905000686645508,26.119800567626953,25.8700008392334,26.119800567626953,60446,0.0,0.0
2023-05-17 11:30:00-04:00,26.100000381469727,26.18000030517578,25.93000030517578,26.03499984741211,61638,0.0,0.0
2023-05-17 12:30:00-04:00,26.03499984741211,26.3799991607666,26.03499984741211,26.344999313354492,75690,0.0,0.0
2023-05-17 13:30:00-04:00,26.34000015258789,26.68000030517578,26.290000915527344,26.584999084472656,162531,0.0,0.0
2023-05-17 14:30:00-04:00,26.584999084472656,26.6200008392334,26.514999389648438,26.540000915527344,109490,0.0,0.0
2023-05-17 15:30:00-04:00,26.559999465942383,26.799999237060547,26.540000915527344,26.670000076293945,254082,0.0,0.0
2023-05-18 09:30:00-04:00,26.59000015258789,26.770000457763672,26.3700008392334,26.760000228881836,63894,0.0,0.0
2023-05-18 10:30:00-04:00,26.770000457763672,26.819000244140625,26.590099334716797,26.65999984741211,83277,0.0,0.0
2023-05-18 11:30:00-04:00,26.670000076293945,26.815000534057617,26.489999771118164,26.6200008392334,83134,0.0,0.0
2023-05-18 12:30:00-04:00,26.610000610351562,26.829999923706055,26.610000610351562,26.757600784301758,67203,0.0,0.0
2023-05-18 13:30:00-04:00,26.75,27.030000686645508,26.75,26.969999313354492,87096,0.0,0.0
2023-05-18 14:30:00-04:00,26.969999313354492,27.030000686645508,26.8799991607666,26.899999618530273,116160,0.0,0.0
2023-05-18 15:30:00-04:00,26.90999984741211,27.020000457763672,26.860000610351562,26.920000076293945,268965,0.0,0.0
2023-05-19 09:30:00-04:00,26.899999618530273,26.899999618530273,26.260000228881836,26.40999984741211,94032,0.0,0.0
2023-05-19 10:30:00-04:00,26.43000030517578,26.7549991607666,26.36720085144043,26.459999084472656,122160,0.0,0.0
2023-05-19 11:30:00-04:00,26.450000762939453,26.520000457763672,26.219999313354492,26.510000228881836,89178,0.0,0.0
2023-05-19 12:30:00-04:00,26.5,26.649999618530273,26.420000076293945,26.649999618530273,93145,0.0,0.0
2023-05-19 13:30:00-04:00,26.65999984741211,26.709999084472656,26.4950008392334,26.56999969482422,140980,0.0,0.0
2023-05-19 14:30:00-04:00,26.579999923706055,26.709999084472656,26.440000534057617,26.469999313354492,163932,0.0,0.0
2023-05-19 15:30:00-04:00,26.475000381469727,26.545000076293945,26.325000762939453,26.459999084472656,263169,0.0,0.0
2023-05-22 09:30:00-04:00,26.5,26.5,26.020000457763672,26.280000686645508,112997,0.0,0.0
2023-05-22 10:30:00-04:00,26.274999618530273,26.309999465942383,26.110000610351562,26.25,99627,0.0,0.0
2023-05-22 11:30:00-04:00,26.219999313354492,26.270000457763672,25.989999771118164,26.049999237060547,66832,0.0,0.0
2023-05-22 12:30:00-04:00,26.040000915527344,26.219999313354492,26.0,26.165000915527344,59543,0.0,0.0
2023-05-22 13:30:00-04:00,26.165000915527344,26.25,26.030000686645508,26.135000228881836,92175,0.0,0.0
2023-05-22 14:30:00-04:00,26.1299991607666,26.2549991607666,26.049999237060547,26.09000015258789,90358,0.0,0.0
2023-05-22 15:30:00-04:00,26.09000015258789,26.114999771118164,25.989999771118164,26.030000686645508,179953,0.0,0.0
2023-05-23 09:30:00-04:00,26.020000457763672,26.309999465942383,25.899999618530273,26.030000686645508,175707,0.0,0.0
2023-05-23 10:30:00-04:00,26.059999465942383,26.270000457763672,25.860000610351562,26.077499389648438,114993,0.0,0.0
2023-05-23 11:30:00-04:00,26.059999465942383,26.350000381469727,25.979999542236328,26.200000762939453,109571,0.0,0.0
2023-05-23 12:30:00-04:00,26.190000534057617,26.25,26.0,26.110000610351562,72069,0.0,0.0
2023-05-23 13:30:00-04:00,26.09000015258789,26.389999389648438,25.90999984741211,26.1299991607666,141164,0.0,0.0
2023-05-23 14:30:00-04:00,26.129899978637695,26.329999923706055,26.129899978637695,26.280000686645508,69660,0.0,0.0
2023-05-23 15:30:00-04:00,26.280000686645508,26.360000610351562,26.239999771118164,26.329999923706055,182599,0.0,0.0
2023-05-24 09:30:00-04:00,27.170000076293945,27.68000030517578,26.719999313354492,26.829999923706055,665137,0.0,0.0
2023-05-24 10:30:00-04:00,26.850000381469727,27.170000076293945,26.825000762939453,27.030000686645508,216977,0.0,0.0
2023-05-24 11:30:00-04:00,27.03499984741211,27.200000762939453,26.950000762939453,27.170000076293945,159449,0.0,0.0
2023-05-24 12:30:00-04:00,27.165000915527344,27.354999542236328,27.094999313354492,27.100000381469727,185884,0.0,0.0
2023-05-24 13:30:00-04:00,27.100000381469727,27.39419937133789,27.075000762939453,27.28499984741211,187413,0.0,0.0
2023-05-24 14:30:00-04:00,27.28569984436035,27.709999084472656,27.270000457763672,27.549999237060547,286922,0.0,0.0
2023-05-24 15:30:00-04:00,27.559999465942383,27.6200008392334,27.34000015258789,27.450000762939453,343282,0.0,0.0
2023-05-25 09:30:00-04:00,27.34000015258789,27.719999313354492,26.760000228881836,26.899999618530273,207360,0.0,0.0
2023-05-25 10:30:00-04:00,26.899999618530273,26.920000076293945,26.34000015258789,26.350000381469727,111826,0.0,0.0
2023-05-25 11:30:00-04:00,26.34000015258789,26.579999923706055,26.145000457763672,26.520000457763672,126946,0.0,0.0
2023-05-25 12:30:00-04:00,26.530000686645508,26.719999313354492,26.350000381469727,26.56999969482422,113092,0.0,0.0
2023-05-25 13:30:00-04:00,26.579999923706055,26.842100143432617,26.514999389648438,26.709999084472656,87206,0.0,0.0
2023-05-25 14:30:00-04:00,26.719999313354492,26.860000610351562,26.584999084472656,26.829999923706055,100940,0.0,0.0
2023-05-25 15:30:00-04:00,26.829999923706055,26.920000076293945,26.700000762939453,26.860000610351562,176832,0.0,0.0
2023-05-26 09:30:00-04:00,26.8799991607666,27.25,26.665000915527344,27.18000030517578,101673,0.0,0.0
2023-05-26 10:30:00-04:00,27.184999465942383,27.309999465942383,27.09000015258789,27.25,118369,0.0,0.0
2023-05-26 11:30:00-04:00,27.239999771118164,27.31999969482422,27.110000610351562,27.270000457763672,93233,0.0,0.0
2023-05-26 12:30:00-04:00,27.270000457763672,27.360000610351562,27.260000228881836,27.360000610351562,84582,0.0,0.0
2023-05-26 13:30:00-04:00,27.360000610351562,27.520000457763672,27.350000381469727,27.489999771118164,121170,0.0,0.0
2023-05-26 14:30:00-04:00,27.5,27.530000686645508,27.405000686645508,27.420000076293945,107489,0.0,0.0
2023-05-26 15:30:00-04:00,27.43000030517578,27.655000686645508,27.43000030517578,27.610000610351562,223720,0.0,0.0
2023-05-30 09:30:00-04:00,27.8700008392334,27.989999771118164,27.390100479125977,27.485000610351562,137450,0.0,0.0
2023-05-30 10:30:00-04:00,27.469999313354492,27.59000015258789,27.174999237060547,27.280000686645508,106953,0.0,0.0
2023-05-30 11:30:00-04:00,27.260000228881836,27.389999389648438,27.1200008392334,27.1200008392334,94056,0.0,0.0
2023-05-30 12:30:00-04:00,27.110000610351562,27.139999389648438,26.889999389648438,26.895000457763672,85832,0.0,0.0
2023-05-30 13:30:00-04:00,26.8799991607666,27.040000915527344,26.834999084472656,27.014999389648438,84440,0.0,0.0
2023-05-30 14:30:00-04:00,27.0049991607666,27.360000610351562,26.999900817871094,27.325000762939453,111603,0.0,0.0
2023-05-30 15:30:00-04:00,27.329999923706055,27.600000381469727,27.280000686645508,27.5,264597,0.0,0.0
2023-05-31 09:30:00-04:00,27.190000534057617,27.40999984741211,26.56999969482422,26.719999313354492,135320,0.0,0.0
2023-05-31 10:30:00-04:00,26.684999465942383,26.8700008392334,26.610000610351562,26.770000457763672,115777,0.0,0.0
2023-05-31 11:30:00-04:00,26.760000228881836,26.979999542236328,26.649200439453125,26.68000030517578,87050,0.0,0.0
2023-05-31 12:30:00-04:00,26.670000076293945,26.864999771118164,26.56999969482422,26.864999771118164,57020,0.0,0.0
2023-05-31 13:30:00-04:00,26.905000686645508,27.040000915527344,26.799999237060547,26.950000762939453,85164,0.0,0.0
2023-05-31 14:30:00-04:00,26.940000534057617,27.040000915527344,26.84000015258789,26.875,106923,0.0,0.0
2023-05-31 15:30:00-04:00,26.8700008392334,27.018999099731445,26.8700008392334,26.969999313354492,242839,0.0,0.0
2023-06-01 09:30:00-04:00,27.149999618530273,27.149999618530273,26.549999237060547,26.700000762939453,110329,0.0,0.0
2023-06-01 10:30:00-04:00,26.719999313354492,26.829999923706055,26.559999465942383,26.729999542236328,107189,0.0,0.0
2023-06-01 11:30:00-04:00,26.709999084472656,26.80500030517578,26.360000610351562,26.579999923706055,136188,0.0,0.0
2023-06-01 12:30:00-04:00,26.59000015258789,26.68000030517578,26.489999771118164,26.524999618530273,58977,0.0,0.0
2023-06-01 13:30:00-04:00,26.540000915527344,26.860000610351562,26.5,26.780000686645508,72244,0.0,0.0
2023-06-01 14:30:00-04:00,26.770000457763672,26.78499984741211,26.625,26.68000030517578,104304,0.0,0.0
2023-06-01 15:30:00-04:00,26.670000076293945,26.690000534057617,26.5,26.610000610351562,220599,0.0,0.0
2023-06-02 09:30:00-04:00,26.90999984741211,27.34000015258789,26.3700008392334,26.59000015258789,140169,0.0,0.0
2023-06-02 10:30:00-04:00,26.579999923706055,26.989999771118164,26.389999389648438,26.799999237060547,157203,0.0,0.0
2023-06-02 11:30:00-04:00,26.809999465942383,26.809999465942383,26.549999237060547,26.760000228881836,120918,0.0,0.0
2023-06-02 12:30:00-04:00,26.75,26.8799991607666,26.68000030517578,26.829999923706055,84034,0.0,0.0
2023-06-02 13:30:00-04:00,26.84000015258789,26.950000762939453,26.709999084472656,26.780000686645508,108755,0.0,0.0
2023-06-02 14:30:00-04:00,26.774200439453125,27.209999084472656,26.770000457763672,27.075000762939453,136805,0.0,0.0
2023-06-02 15:30:00-04:00,27.06999969482422,27.190000534057617,26.84000015258789,26.950000762939453,334768,0.0,0.0
2023-06-05 09:30:00-04:00,26.899999618530273,27.299999237060547,26.420000076293945,26.43000030517578,155163,0.0,0.0
2023-06-05 10:30:00-04:00,26.449100494384766,26.75,26.3799991607666,26.600099563598633,146357,0.0,0.0
2023-06-05 11:30:00-04:00,26.600000381469727,26.729999542236328,26.579999923706055,26.600000381469727,109178,0.0,0.0
2023-06-05 12:30:00-04:00,26.614999771118164,26.68000030517578,26.40999984741211,26.459999084472656,122539,0.0,0.0
2023-06-05 13:30:00-04:00,26.440000534057617,26.440000534057617,26.1299991607666,26.155000686645508,159230,0.0,0.0
2023-06-05 14:30:00-04:00,26.149999618530273,26.239999771118164,26.1200008392334,26.15999984741211,179263,0.0,0.0
2023-06-05 15:30:00-04:00,26.15999984741211,26.239999771118164,26.010000228881836,26.06999969482422,283592,0.0,0.0
2023-06-06 09:30:00-04:00,26.260000228881836,27.450000762939453,26.219999313354492,27.110000610351562,246225,0.0,0.0
2023-06-06 10:30:00-04:00,27.139999389648438,27.780000686645508,27.139999389648438,27.690000534057617,276568,0.0,0.0
2023-06-06 11:30:00-04:00,27.69499969482422,27.950000762939453,27.65999984741211,27.75,167111,0.0,0.0
2023-06-06 12:30:00-04:00,27.75,27.8700008392334,27.6200008392334,27.780000686645508,137680,0.0,0.0
2023-06-06 13:30:00-04:00,27.75,27.979999542236328,27.719999313354492,27.9606990814209,160958,0.0,0.0
2023-06-06 14:30:00-04:00,27.975000381469727,28.399999618530273,27.975000381469727,28.315000534057617,286797,0.0,0.0
2023-06-06 15:30:00-04:00,28.34000015258789,28.489999771118164,28.22010040283203,28.459999084472656,390496,0.0,0.0
2023-06-07 09:30:00-04:00,28.639999389648438,29.282800674438477,28.639999389648438,29.15329933166504,223788,0.0,0.0
2023-06-07 10:30:00-04:00,29.170000076293945,29.549999237060547,29.139999389648438,29.424999237060547,229354,0.0,0.0
2023-06-07 11:30:00-04:00,29.424999237060547,29.649999618530273,29.40999984741211,29.6299991607666,128449,0.0,0.0
2023-06-07 12:30:00-04:00,29.625,29.639999389648438,29.469999313354492,29.530000686645508,137279,0.0,0.0
2023-06-07 13:30:00-04:00,29.520000457763672,29.537900924682617,29.100000381469727,29.19499969482422,133069,0.0,0.0
2023-06-07 14:30:00-04:00,29.19499969482422,29.204999923706055,29.040000915527344,29.059999465942383,227687,0.0,0.0
2023-06-07 15:30:00-04:00,29.06999969482422,29.399999618530273,28.979999542236328,29.139999389648438,418672,0.0,0.0
2023-06-08 09:30:00-04:00,29.200000762939453,29.40999984741211,28.639999389648438,28.639999389648438,179149,0.0,0.0
2023-06-08 10:30:00-04:00,28.635000228881836,29.0,28.635000228881836,28.899999618530273,99372,0.0,0.0
2023-06-08 11:30:00-04:00,28.920000076293945,28.959999084472656,28.760000228881836,28.959999084472656,95177,0.0,0.0
2023-06-08 12:30:00-04:00,28.940000534057617,29.15999984741211,28.899999618530273,29.149999618530273,79463,0.0,0.0
2023-06-08 13:30:00-04:00,29.149999618530273,29.219999313354492,28.8799991607666,28.93000030517578,97287,0.0,0.0
2023-06-08 14:30:00-04:00,28.934999465942383,29.100000381469727,28.8700008392334,28.889999389648438,130352,0.0,0.0
2023-06-08 15:30:00-04:00,28.8799991607666,28.915000915527344,28.739999771118164,28.760000228881836,308125,0.0,0.0
2023-06-09 09:30:00-04:00,29.149999618530273,29.579999923706055,29.00950050354004,29.149999618530273,253654,0.0,0.0
2023-06-09 10:30:00-04:00,29.209999084472656,29.34000015258789,28.8799991607666,28.899999618530273,88007,0.0,0.0
2023-06-09 11:30:00-04:00,28.90999984741211,29.020000457763672,28.79010009765625,28.940000534057617,76425,0.0,0.0
2023-06-09 12:30:00-04:00,28.940000534057617,29.1200008392334,28.93000030517578,29.020000457763672,99926,0.0,0.0
2023-06-09 13:30:00-04:00,29.018800735473633,29.079999923706055,28.860000610351562,29.040000915527344,74357,0.0,0.0
2023-06-09 14:30:00-04:00,29.020000457763672,29.06999969482422,28.860000610351562,28.90999984741211,132136,0.0,0.0
2023-06-09 15:30:00-04:00,28.90999984741211,28.940000534057617,28.80500030517578,28.920000076293945,182872,0.0,0.0
2023-06-12 09:30:00-04:00,29.0,29.260000228881836,28.725000381469727,28.959999084472656,212213,0.0,0.0
2023-06-12 10:30:00-04:00,28.940000534057617,29.0,28.719999313354492,28.829999923706055,86419,0.0,0.0
2023-06-12 11:30:00-04:00,28.809999465942383,29.049999237060547,28.760000228881836,29.010000228881836,75750,0.0,0.0
2023-06-12 12:30:00-04:00,29.020000457763672,29.059999465942383,28.829999923706055,29.049999237060547,78738,0.0,0.0
2023-06-12 13:30:00-04:00,29.030000686645508,29.219999313354492,28.985000610351562,29.040000915527344,88457,0.0,0.0
2023-06-12 14:30:00-04:00,29.049999237060547,29.229999542236328,29.045000076293945,29.125,109144,0.0,0.0
2023-06-12 15:30:00-04:00,29.1299991607666,29.15999984741211,28.799999237060547,28.92729949951172,348640,0.0,0.0
2023-06-13 09:30:00-04:00,28.239999771118164,28.850000381469727,28.203100204467773,28.850000381469727,202473,0.0,0.0
2023-06-13 10:30:00-04:00,28.829999923706055,29.027000427246094,28.65999984741211,29.020000457763672,122756,0.0,0.0
2023-06-13 11:30:00-04:00,29.030000686645508,29.100000381469727,28.860000610351562,29.079999923706055,110172,0.0,0.0
2023-06-13 12:30:00-04:00,29.070100784301758,29.239999771118164,29.020000457763672,29.145000457763672,125999,0.0,0.0
2023-06-13 13:30:00-04:00,29.1200008392334,29.239999771118164,28.989999771118164,29.024999618530273,117424,0.0,0.0
2023-06-13 14:30:00-04:00,29.040000915527344,29.06999969482422,28.920000076293945,28.940000534057617,94181,0.0,0.0
2023-06-13 15:30:00-04:00,28.959999084472656,29.110000610351562,28.950000762939453,29.040000915527344,146430,0.0,0.0
2023-06-14 09:30:00-04:00,28.8700008392334,29.239999771118164,28.760000228881836,28.850000381469727,128715,0.0,0.0
2023-06-14 10:30:00-04:00,28.834999084472656,28.950000762939453,28.770000457763672,28.8700008392334,123305,0.0,0.0
2023-06-14 11:30:00-04:00,28.875,28.8799991607666,28.700000762939453,28.709999084472656,85224,0.0,0.0
2023-06-14 12:30:00-04:00,28.700000762939453,28.860000610351562,28.670000076293945,28.829999923706055,142377,0.0,0.0
2023-06-14 13:30:00-04:00,28.829999923706055,28.93000030517578,28.43000030517578,28.530000686645508,81803,0.0,0.0
2023-06-14 14:30:00-04:00,28.540000915527344,28.920000076293945,28.530000686645508,28.809999465942383,116544,0.0,0.0
2023-06-14 15:30:00-04:00,28.801000595092773,28.844999313354492,28.639999389648438,28.799999237060547,131397,0.0,0.0
2023-06-15 09:30:00-04:00,28.739999771118164,29.23430061340332,28.570100784301758,29.040000915527344,103909,0.0,0.0
2023-06-15 10:30:00-04:00,29.049999237060547,29.052499771118164,28.75,28.93000030517578,55491,0.0,0.0
2023-06-15 11:30:00-04:00,28.90999984741211,29.049999237060547,28.780000686645508,29.030000686645508,50056,0.0,0.0
2023-06-15 12:30:00-04:00,29.040000915527344,29.06999969482422,28.889999389648438,28.920000076293945,72412,0.0,0.0
2023-06-15 13:30:00-04:00,28.929000854492188,29.079999923706055,28.874000549316406,29.0,62660,0.0,0.0
2023-06-15 14:30:00-04:00,29.0,29.100000381469727,28.829999923706055,28.8700008392334,81426,0.0,0.0
2023-06-15 15:30:00-04:00,28.8700008392334,28.8700008392334,28.690000534057617,28.860000610351562,202458,0.0,0.0
2023-06-16 09:30:00-04:00,28.8799991607666,28.889999389648438,28.165000915527344,28.28499984741211,223964,0.0,0.0
2023-06-16 10:30:00-04:00,28.28499984741211,28.299999237060547,27.959999084472656,28.06999969482422,103133,0.0,0.0
2023-06-16 11:30:00-04:00,28.074100494384766,28.350000381469727,27.989999771118164,28.260000228881836,53379,0.0,0.0
2023-06-16 12:30:00-04:00,28.239999771118164,28.260000228881836,27.84000015258789,27.8700008392334,109778,0.0,0.0
2023-06-16 13:30:00-04:00,27.8799991607666,28.040000915527344,27.860000610351562,27.920000076293945,92752,0.0,0.0
2023-06-16 14:30:00-04:00,27.93000030517578,28.020000457763672,27.8799991607666,27.940000534057617,104693,0.0,0.0
2023-06-16 15:30:00-04:00,27.940000534057617,28.09000015258789,27.940000534057617,28.059999465942383,197877,0.0,0.0
2023-06-20 09:30:00-04:00,27.8700008392334,27.959999084472656,27.40999984741211,27.43000030517578,206309,0.0,0.0
2023-06-20 10:30:00-04:00,27.440000534057617,27.610000610351562,27.24410057067871,27.25,59869,0.0,0.0
2023-06-20 11:30:00-04:00,27.260000228881836,27.389999389648438,27.25,27.360000610351562,43339,0.0,0.0
2023-06-20 12:30:00-04:00,27.3700008392334,27.420000076293945,27.145000457763672,27.170000076293945,64875,0.0,0.0
2023-06-20 13:30:00-04:00,27.15999984741211,27.329999923706055,27.139999389648438,27.209999084472656,113462,0.0,0.0
2023-06-20 14:30:00-04:00,27.200000762939453,27.350000381469727,27.200000762939453,27.325000762939453,109503,0.0,0.0
2023-06-20 15:30:00-04:00,27.329999923706055,27.489999771118164,27.290000915527344,27.43000030517578,223655,0.0,0.0
2023-06-21 09:30:00-04:00,26.969999313354492,28.239999771118164,26.809999465942383,28.239999771118164,265243,0.0,0.0
2023-06-21 10:30:00-04:00,28.25,28.360000610351562,27.979999542236328,28.31999969482422,130564,0.0,0.0
2023-06-21 11:30:00-04:00,28.31999969482422,28.520000457763672,28.280000686645508,28.31999969482422,112342,0.0,0.0
2023-06-21 12:30:00-04:00,28.350000381469727,28.455299377441406,28.25,28.420000076293945,78414,0.0,0.0
2023-06-21 13:30:00-04:00,28.420000076293945,28.719999313354492,28.40999984741211,28.69499969482422,114683,0.0,0.0
2023-06-21 14:30:00-04:00,28.690000534057617,28.780000686645508,28.56999969482422,28.65999984741211,137161,0.0,0.0
2023-06-21 15:30:00-04:00,28.649999618530273,28.709999084472656,28.579999923706055,28.690000534057617,285773,0.0,0.0
2023-06-22 09:30:00-04:00,28.739999771118164,28.7450008392334,28.399999618530273,28.549999237060547,108706,0.0,0.0
2023-06-22 10:30:00-04:00,28.520000457763672,28.59000015258789,28.260000228881836,28.540000915527344,67921,0.0,0.0
2023-06-22 11:30:00-04:00,28.549999237060547,28.649999618530273,28.270000457763672,28.299999237060547,72255,0.0,0.0
2023-06-22 12:30:00-04:00,28.29010009765625,28.385299682617188,28.1299991607666,28.149999618530273,44826,0.0,0.0
2023-06-22 13:30:00-04:00,28.13010025024414,28.18000030517578,27.959999084472656,28.1299991607666,66548,0.0,0.0
2023-06-22 14:30:00-04:00,28.139999389648438,28.43000030517578,28.139999389648438,28.149999618530273,122054,0.0,0.0
2023-06-22 15:30:00-04:00,28.1299991607666,28.375,28.1299991607666,28.34000015258789,136747,0.0,0.0
2023-06-23 09:30:00-04:00,28.0,28.309999465942383,27.979999542236328,28.18000030517578,62219,0.0,0.0
2023-06-23 10:30:00-04:00,28.170000076293945,28.31999969482422,27.93000030517578,27.93000030517578,76094,0.0,0.0
2023-06-23 11:30:00-04:00,27.959999084472656,28.020000457763672,27.799999237060547,27.9950008392334,49684,0.0,0.0
2023-06-23 12:30:00-04:00,28.020000457763672,28.06999969482422,27.940000534057617,28.059999465942383,30099,0.0,0.0
2023-06-23 13:30:00-04:00,28.06999969482422,28.06999969482422,27.950000762939453,28.010000228881836,48440,0.0,0.0
2023-06-23 14:30:00-04:00,27.989999771118164,28.010000228881836,27.655000686645508,27.68000030517578,110829,0.0,0.0
2023-06-23 15:30:00-04:00,27.690000534057617,27.719999313354492,27.489999771118164,27.6200008392334,243167,0.0,0.0
2023-06-26 09:30:00-04:00,27.809999465942383,27.920000076293945,27.670000076293945,27.739999771118164,89723,0.0,0.0
2023-06-26 10:30:00-04:00,27.729999542236328,27.790000915527344,27.559999465942383,27.770000457763672,66035,0.0,0.0
2023-06-26 11:30:00-04:00,27.760000228881836,27.850000381469727,27.319900512695312,27.389999389648438,72646,0.0,0.0
2023-06-26 12:30:00-04:00,27.3799991607666,27.479999542236328,27.15999984741211,27.469999313354492,59297,0.0,0.0
2023-06-26 13:30:00-04:00,27.450000762939453,27.719999313354492,27.422500610351562,27.719999313354492,46543,0.0,0.0
2023-06-26 14:30:00-04:00,27.705400466918945,27.81999969482422,27.600000381469727,27.780000686645508,67322,0.0,0.0
2023-06-26 15:30:00-04:00,27.770000457763672,27.809999465942383,27.40999984741211,27.43000030517578,123798,0.0,0.0
2023-06-27 09:30:00-04:00,27.75,28.6200008392334,27.510000228881836,28.59000015258789,136593,0.0,0.0
2023-06-27 10:30:00-04:00,28.594999313354492,28.895000457763672,28.579999923706055,28.639999389648438,121627,0.0,0.0
2023-06-27 11:30:00-04:00,28.6299991607666,28.91990089416504,28.559999465942383,28.90999984741211,100707,0.0,0.0
2023-06-27 12:30:00-04:00,28.899999618530273,28.944700241088867,28.84000015258789,28.850000381469727,67247,0.0,0.0
2023-06-27 13:30:00-04:00,28.8700008392334,28.920000076293945,28.790000915527344,28.860000610351562,68044,0.0,0.0
2023-06-27 14:30:00-04:00,28.8700008392334,28.920000076293945,28.770000457763672,28.899999618530273,93150,0.0,0.0
2023-06-27 15:30:00-04:00,28.889999389648438,28.920000076293945,28.829999923706055,28.84000015258789,136667,0.0,0.0
2023-06-28 09:30:00-04:00,28.579999923706055,28.875,28.31999969482422,28.65999984741211,95575,0.0,0.0
2023-06-28 10:30:00-04:00,28.655000686645508,28.75,28.3700008392334,28.468299865722656,91519,0.0,0.0
2023-06-28 11:30:00-04:00,28.469999313354492,28.770000457763672,28.450000762939453,28.614999771118164,58772,0.0,0.0
2023-06-28 12:30:00-04:00,28.600000381469727,28.729999542236328,28.520000457763672,28.729900360107422,63366,0.0,0.0
2023-06-28 13:30:00-04:00,28.729999542236328,28.764999389648438,28.665000915527344,28.739999771118164,51569,0.0,0.0
2023-06-28 14:30:00-04:00,28.739999771118164,28.770000457763672,28.594999313354492,28.739999771118164,64608,0.0,0.0
2023-06-28 15:30:00-04:00,28.729999542236328,28.75,28.600000381469727,28.75,151946,0.0,0.0
2023-06-29 09:30:00-04:00,28.8799991607666,29.09000015258789,28.72599983215332,28.969999313354492,102125,0.0,0.0
2023-06-29 10:30:00-04:00,28.979999542236328,29.059999465942383,28.75,28.809999465942383,61870,0.0,0.0
2023-06-29 11:30:00-04:00,28.809999465942383,28.93000030517578,28.770000457763672,28.875,47758,0.0,0.0
2023-06-29 12:30:00-04:00,28.8700008392334,28.93000030517578,28.790000915527344,28.8700008392334,42338,0.0,0.0
2023-06-29 13:30:00-04:00,28.895000457763672,28.90999984741211,28.770000457763672,28.799999237060547,49286,0.0,0.0
2023-06-29 14:30:00-04:00,28.799999237060547,28.8799991607666,28.729999542236328,28.760000228881836,58736,0.0,0.0
2023-06-29 15:30:00-04:00,28.760000228881836,28.770000457763672,28.68000030517578,28.700000762939453,124894,0.0,0.0
2023-06-30 09:30:00-04:00,30.010000228881836,30.479999542236328,29.6200008392334,30.040000915527344,430080,0.0,0.0
2023-06-30 10:30:00-04:00,30.010000228881836,30.155000686645508,29.600000381469727,29.989999771118164,176936,0.0,0.0
2023-06-30 11:30:00-04:00,29.989999771118164,30.290000915527344,29.900800704956055,30.270000457763672,168169,0.0,0.0
2023-06-30 12:30:00-04:00,30.280000686645508,30.399999618530273,30.260000228881836,30.270000457763672,110175,0.0,0.0
2023-06-30 13:30:00-04:00,30.290000915527344,30.489999771118164,30.190000534057617,30.469999313354492,132089,0.0,0.0
2023-06-30 14:30:00-04:00,30.475000381469727,30.489999771118164,30.280000686645508,30.315000534057617,145682,0.0,0.0
2023-06-30 15:30:00-04:00,30.309999465942383,30.319000244140625,30.079999923706055,30.09000015258789,333079,0.0,0.0
2023-07-03 09:30:00-04:00,29.799999237060547,30.489999771118164,29.71820068359375,29.939899444580078,135138,0.0,0.0
2023-07-03 10:30:00-04:00,29.940000534057617,30.0,29.684999465942383,29.770000457763672,115911,0.0,0.0
2023-07-03 11:30:00-04:00,29.75,29.760000228881836,29.6299991607666,29.719999313354492,124639,0.0,0.0
2023-07-05 09:30:00-04:00,29.739999771118164,29.78499984741211,29.25,29.334999084472656,158530,0.0,0.0
2023-07-05 10:30:00-04:00,29.350000381469727,29.540000915527344,29.229999542236328,29.274999618530273,152195,0.0,0.0
2023-07-05 11:30:00-04:00,29.270000457763672,29.3700008392334,29.149999618530273,29.239999771118164,70900,0.0,0.0
2023-07-05 12:30:00-04:00,29.25,29.31999969482422,29.18000030517578,29.239999771118164,61245,0.0,0.0
2023-07-05 13:30:00-04:00,29.229999542236328,29.315000534057617,29.149999618530273,29.200000762939453,79787,0.0,0.0
2023-07-05 14:30:00-04:00,29.204999923706055,29.260000228881836,29.149999618530273,29.18000030517578,73503,0.0,0.0
2023-07-05 15:30:00-04:00,29.184999465942383,29.290000915527344,29.079999923706055,29.079999923706055,153168,0.0,0.0
2023-07-06 09:30:00-04:00,28.780000686645508,29.139999389648438,28.530000686645508,28.544200897216797,67745,0.0,0.0
2023-07-06 10:30:00-04:00,28.53499984741211,28.559999465942383,28.1200008392334,28.229999542236328,156378,0.0,0.0
2023-07-06 11:30:00-04:00,28.2450008392334,28.469999313354492,28.209999084472656,28.399999618530273,83082,0.0,0.0
2023-07-06 12:30:00-04:00,28.399999618530273,28.549999237060547,28.3799991607666,28.459999084472656,41650,0.0,0.0
2023-07-06 13:30:00-04:00,28.459999084472656,28.57990074157715,28.459999084472656,28.549999237060547,50464,0.0,0.0
2023-07-06 14:30:00-04:00,28.559999465942383,28.65999984741211,28.540000915527344,28.604999542236328,54835,0.0,0.0
2023-07-06 15:30:00-04:00,28.604999542236328,28.790000915527344,28.59000015258789,28.600000381469727,145010,0.0,0.0
2023-07-07 09:30:00-04:00,28.739999771118164,28.989999771118164,28.520000457763672,28.795000076293945,54179,0.0,0.0
2023-07-07 10:30:00-04:00,28.790000915527344,28.975000381469727,28.68000030517578,28.950000762939453,71250,0.0,0.0
2023-07-07 11:30:00-04:00,28.959999084472656,28.969999313354492,28.600000381469727,28.600000381469727,55385,0.0,0.0
2023-07-07 12:30:00-04:00,28.600000381469727,28.684999465942383,28.43000030517578,28.639999389648438,74236,0.0,0.0
2023-07-07 13:30:00-04:00,28.649999618530273,28.770000457763672,28.530000686645508,28.639999389648438,85905,0.0,0.0
2023-07-07 14:30:00-04:00,28.639999389648438,28.645000457763672,28.549999237060547,28.6200008392334,83191,0.0,0.0
2023-07-07 15:30:00-04:00,28.625,28.690000534057617,28.3799991607666,28.459999084472656,176427,0.0,0.0
2023-07-10 09:30:00-04:00,28.459999084472656,29.227399826049805,28.459999084472656,29.139999389648438,94215,0.0,0.0
2023-07-10 10:30:00-04:00,29.149999618530273,29.50749969482422,29.149999618530273,29.440000534057617,84113,0.0,0.0
2023-07-10 11:30:00-04:00,29.44499969482422,29.559999465942383,29.209999084472656,29.479999542236328,166134,0.0,0.0
2023-07-10 12:30:00-04:00,29.46929931640625,29.56999969482422,29.280000686645508,29.56999969482422,177195,0.0,0.0
2023-07-10 13:30:00-04:00,29.56999969482422,29.8700008392334,29.440000534057617,29.829999923706055,135860,0.0,0.0
2023-07-10 14:30:00-04:00,29.829999923706055,29.950000762939453,29.700000762939453,29.915000915527344,232011,0.0,0.0
2023-07-10 15:30:00-04:00,29.915000915527344,30.399999618530273,29.905000686645508,30.3700008392334,438826,0.0,0.0
2023-07-11 09:30:00-04:00,30.399999618530273,30.610000610351562,30.100000381469727,30.559999465942383,93061,0.0,0.0
2023-07-11 10:30:00-04:00,30.540000915527344,30.68000030517578,30.260000228881836,30.295000076293945,88261,0.0,0.0
2023-07-11 11:30:00-04:00,30.28499984741211,30.600000381469727,30.239999771118164,30.454999923706055,90552,0.0,0.0
2023-07-11 12:30:00-04:00,30.450000762939453,30.59000015258789,30.329999923706055,30.459999084472656,94994,0.0,0.0
2023-07-11 13:30:00-04:00,30.459999084472656,30.510000228881836,30.309999465942383,30.4950008392334,75904,0.0,0.0
2023-07-11 14:30:00-04:00,30.5049991607666,30.579999923706055,30.454999923706055,30.56999969482422,65722,0.0,0.0
2023-07-11 15:30:00-04:00,30.559999465942383,30.739999771118164,30.469999313354492,30.719999313354492,161280,0.0,0.0
2023-07-12 09:30:00-04:00,31.25,31.290000915527344,30.59079933166504,30.9375,155453,0.0,0.0
2023-07-12 10:30:00-04:00,30.959999084472656,31.450000762939453,30.950000762939453,31.190000534057617,118771,0.0,0.0
2023-07-12 11:30:00-04:00,31.200000762939453,31.350000381469727,31.024999618530273,31.329999923706055,137849,0.0,0.0
2023-07-12 12:30:00-04:00,31.325000762939453,31.389999389648438,31.299999237060547,31.33009910583496,104380,0.0,0.0
2023-07-12 13:30:00-04:00,31.329999923706055,31.520000457763672,31.299999237060547,31.5049991607666,120173,0.0,0.0
2023-07-12 14:30:00-04:00,31.5049991607666,31.844999313354492,31.469999313354492,31.649999618530273,228084,0.0,0.0
2023-07-12 15:30:00-04:00,31.649999618530273,32.02000045776367,31.614999771118164,31.950000762939453,393979,0.0,0.0
2023-07-13 09:30:00-04:00,31.959999084472656,32.11000061035156,31.594999313354492,32.03499984741211,140556,0.0,0.0
2023-07-13 10:30:00-04:00,32.040000915527344,32.290000915527344,31.9950008392334,32.27000045776367,143271,0.0,0.0
2023-07-13 11:30:00-04:00,32.290000915527344,32.79999923706055,32.290000915527344,32.790000915527344,214828,0.0,0.0
2023-07-13 12:30:00-04:00,32.775001525878906,32.88249969482422,32.279998779296875,32.47999954223633,169954,0.0,0.0
2023-07-13 13:30:00-04:00,32.47999954223633,32.869998931884766,32.470001220703125,32.845001220703125,123125,0.0,0.0
2023-07-13 14:30:00-04:00,32.84000015258789,32.86000061035156,32.529998779296875,32.720001220703125,169391,0.0,0.0
2023-07-13 15:30:00-04:00,32.71500015258789,32.814998626708984,32.310001373291016,32.34000015258789,237428,0.0,0.0
2023-07-14 09:30:00-04:00,32.59000015258789,32.59000015258789,31.6200008392334,31.667699813842773,106926,0.0,0.0
2023-07-14 10:30:00-04:00,31.667999267578125,31.690000534057617,31.299999237060547,31.360000610351562,145576,0.0,0.0
2023-07-14 11:30:00-04:00,31.389999389648438,31.489999771118164,31.105899810791016,31.31999969482422,77418,0.0,0.0
2023-07-14 12:30:00-04:00,31.329999923706055,31.6200008392334,31.329999923706055,31.4950008392334,56897,0.0,0.0
2023-07-14 13:30:00-04:00,31.469999313354492,31.729999542236328,31.424999237060547,31.649999618530273,98071,0.0,0.0
2023-07-14 14:30:00-04:00,31.639999389648438,31.704999923706055,31.5,31.510000228881836,78269,0.0,0.0
2023-07-14 15:30:00-04:00,31.520000457763672,31.6200008392334,31.482500076293945,31.579999923706055,144293,0.0,0.0
2023-07-17 09:30:00-04:00,31.68000030517578,32.18000030517578,31.40999984741211,31.965700149536133,112047,0.0,0.0
2023-07-17 10:30:00-04:00,31.989999771118164,32.20000076293945,31.940000534057617,32.17499923706055,77964,0.0,0.0
2023-07-17 11:30:00-04:00,32.13999938964844,32.310001373291016,32.08000183105469,32.310001373291016,55585,0.0,0.0
2023-07-17 12:30:00-04:00,32.29999923706055,32.45000076293945,32.25,32.44499969482422,109546,0.0,0.0
2023-07-17 13:30:00-04:00,32.430301666259766,32.65999984741211,32.38999938964844,32.5,117616,0.0,0.0
2023-07-17 14:30:00-04:00,32.5,32.599998474121094,32.34000015258789,32.54999923706055,149501,0.0,0.0
2023-07-17 15:30:00-04:00,32.53499984741211,32.560001373291016,32.45000076293945,32.47880172729492,184512,0.0,0.0
2023-07-18 09:30:00-04:00,31.309999465942383,32.5099983215332,31.229999542236328,32.45000076293945,156100,0.0,0.0
2023-07-18 10:30:00-04:00,32.459999084472656,32.474998474121094,32.06999969482422,32.290000915527344,100457,0.0,0.0
2023-07-18 11:30:00-04:00,32.27000045776367,32.27000045776367,31.639999389648438,31.69499969482422,82301,0.0,0.0
2023-07-18 12:30:00-04:00,31.68000030517578,31.940000534057617,31.610000610351562,31.940000534057617,47199,0.0,0.0
2023-07-18 13:30:00-04:00,31.93000030517578,31.950000762939453,31.790000915527344,31.93000030517578,60862,0.0,0.0
2023-07-18 14:30:00-04:00,31.93000030517578,32.20989990234375,31.84000015258789,32.15999984741211,94473,0.0,0.0
2023-07-18 15:30:00-04:00,32.15999984741211,32.244998931884766,32.13999938964844,32.220001220703125,151798,0.0,0.0
2023-07-19 09:30:00-04:00,32.15999984741211,32.529998779296875,32.060001373291016,32.41999816894531,81570,0.0,0.0
2023-07-19 10:30:00-04:00,32.43000030517578,32.47999954223633,32.06999969482422,32.15999984741211,37509,0.0,0.0
2023-07-19 11:30:00-04:00,32.15999984741211,32.290000915527344,32.0,32.099998474121094,42987,0.0,0.0
2023-07-19 12:30:00-04:00,32.029998779296875,32.18000030517578,31.950000762939453,32.0807991027832,45831,0.0,0.0
2023-07-19 13:30:00-04:00,32.060001373291016,32.099998474121094,31.829999923706055,32.040000915527344,63246,0.0,0.0
2023-07-19 14:30:00-04:00,32.029998779296875,32.04999923706055,31.815000534057617,31.905000686645508,66414,0.0,0.0
2023-07-19 15:30:00-04:00,31.899999618530273,31.90999984741211,31.729999542236328,31.850000381469727,218755,0.0,0.0
2023-07-20 09:30:00-04:00,32.0,32.122501373291016,31.649999618530273,32.060001373291016,87921,0.0,0.0
2023-07-20 10:30:00-04:00,32.08000183105469,32.13999938964844,31.75,32.00749969482422,56876,0.0,0.0
2023-07-20 11:30:00-04:00,32.0,32.040000915527344,31.799999237060547,31.815000534057617,41839,0.0,0.0
2023-07-20 12:30:00-04:00,31.799999237060547,32.040000915527344,31.719999313354492,32.025001525878906,67619,0.0,0.0
2023-07-20 13:30:00-04:00,32.0,32.119998931884766,31.959999084472656,32.029998779296875,76770,0.0,0.0
2023-07-20 14:30:00-04:00,32.02000045776367,32.14250183105469,31.639999389648438,31.665000915527344,97464,0.0,0.0
2023-07-20 15:30:00-04:00,31.670000076293945,31.780000686645508,31.655000686645508,31.760000228881836,178498,0.0,0.0
2023-07-21 09:30:00-04:00,32.130001068115234,32.150001525878906,31.40999984741211,31.44499969482422,84349,0.0,0.0
2023-07-21 10:30:00-04:00,31.450000762939453,31.799999237060547,31.420000076293945,31.774999618530273,86902,0.0,0.0
2023-07-21 11:30:00-04:00,31.780000686645508,31.829999923706055,31.670000076293945,31.739999771118164,48824,0.0,0.0
2023-07-21 12:30:00-04:00,31.739999771118164,31.739999771118164,31.559999465942383,31.600000381469727,64658,0.0,0.0
2023-07-21 13:30:00-04:00,31.610000610351562,31.649999618530273,31.40999984741211,31.459999084472656,61281,0.0,0.0
2023-07-21 14:30:00-04:00,31.469999313354492,31.469999313354492,31.264999389648438,31.399999618530273,69419,0.0,0.0
2023-07-21 15:30:00-04:00,31.405000686645508,31.420000076293945,31.229999542236328,31.360000610351562,204318,0.0,0.0
2023-07-24 09:30:00-04:00,31.549999237060547,31.920000076293945,31.3700008392334,31.459999084472656,77166,0.0,0.0
2023-07-24 10:30:00-04:00,31.440000534057617,31.469999313354492,31.209999084472656,31.344999313354492,49105,0.0,0.0
2023-07-24 11:30:00-04:00,31.360000610351562,31.520000457763672,31.219999313354492,31.260000228881836,45890,0.0,0.0
2023-07-24 12:30:00-04:00,31.239999771118164,31.3799991607666,31.239999771118164,31.350000381469727,42726,0.0,0.0
2023-07-24 13:30:00-04:00,31.323400497436523,31.32360076904297,31.209999084472656,31.229999542236328,45594,0.0,0.0
2023-07-24 14:30:00-04:00,31.219999313354492,31.5,31.125,31.329999923706055,112030,0.0,0.0
2023-07-24 15:30:00-04:00,31.34000015258789,31.420000076293945,31.270000457763672,31.31999969482422,142592,0.0,0.0
2023-07-25 09:30:00-04:00,31.93000030517578,32.39799880981445,31.84000015258789,32.08000183105469,200305,0.0,0.0
2023-07-25 10:30:00-04:00,32.09000015258789,32.15999984741211,31.770000457763672,32.02000045776367,89149,0.0,0.0
2023-07-25 11:30:00-04:00,32.029998779296875,32.040000915527344,31.850000381469727,31.915000915527344,104342,0.0,0.0
2023-07-25 12:30:00-04:00,31.920000076293945,31.93000030517578,31.739999771118164,31.75,73402,0.0,0.0
2023-07-25 13:30:00-04:00,31.75,31.799999237060547,31.600000381469727,31.739999771118164,82827,0.0,0.0
2023-07-25 14:30:00-04:00,31.739999771118164,31.760000228881836,31.450000762939453,31.459999084472656,128431,0.0,0.0
2023-07-25 15:30:00-04:00,31.469999313354492,31.469999313354492,31.25,31.290000915527344,227768,0.0,0.0
2023-07-26 09:30:00-04:00,31.299999237060547,32.20000076293945,31.299999237060547,31.84000015258789,101141,0.0,0.0
2023-07-26 10:30:00-04:00,31.8700008392334,31.8700008392334,31.56999969482422,31.579999923706055,51663,0.0,0.0
2023-07-26 11:30:00-04:00,31.579999923706055,31.719999313354492,31.545000076293945,31.684200286865234,34149,0.0,0.0
2023-07-26 12:30:00-04:00,31.65999984741211,31.899999618530273,31.6299991607666,31.739999771118164,63574,0.0,0.0
2023-07-26 13:30:00-04:00,31.760000228881836,31.760000228881836,31.489999771118164,31.670000076293945,68636,0.0,0.0
2023-07-26 14:30:00-04:00,31.65999984741211,31.940000534057617,31.6200008392334,31.895000457763672,122741,0.0,0.0
2023-07-26 15:30:00-04:00,31.899999618530273,32.20000076293945,31.860000610351562,32.18000030517578,212204,0.0,0.0
2023-07-27 09:30:00-04:00,32.41999816894531,32.5,32.20000076293945,32.45000076293945,102715,0.0,0.0
2023-07-27 10:30:00-04:00,32.470001220703125,32.47819900512695,32.11000061035156,32.220001220703125,55324,0.0,0.0
2023-07-27 11:30:00-04:00,32.209999084472656,32.439998626708984,32.16999816894531,32.394100189208984,45918,0.0,0.0
2023-07-27 12:30:00-04:00,32.40999984741211,32.540000915527344,32.189998626708984,32.20000076293945,50566,0.0,0.0
2023-07-27 13:30:00-04:00,32.189998626708984,32.19889831542969,31.8799991607666,31.8799991607666,70545,0.0,0.0
2023-07-27 14:30:00-04:00,31.8799991607666,31.889999389648438,31.440000534057617,31.479999542236328,76223,0.0,0.0
2023-07-27 15:30:00-04:00,31.520000457763672,31.610000610351562,31.270000457763672,31.559999465942383,132911,0.0,0.0
2023-07-28 09:30:00-04:00,31.81999969482422,31.940000534057617,31.5,31.524999618530273,74413,0.0,0.0
2023-07-28 10:30:00-04:00,31.530000686645508,32.02000045776367,31.524999618530273,31.940000534057617,194064,0.0,0.0
2023-07-28 11:30:00-04:00,31.950000762939453,31.989999771118164,31.780000686645508,31.799999237060547,86503,0.0,0.0
2023-07-28 12:30:00-04:00,31.799999237060547,31.899999618530273,31.729999542236328,31.760000228881836,42563,0.0,0.0
2023-07-28 13:30:00-04:00,31.770000457763672,32.05500030517578,31.709999084472656,32.0,121254,0.0,0.0
2023-07-28 14:30:00-04:00,32.005001068115234,32.220001220703125,31.889999389648438,32.130001068115234,134995,0.0,0.0
2023-07-28 15:30:00-04:00,32.12009811401367,32.23099899291992,31.979999542236328,31.979999542236328,233348,0.0,0.0
2023-07-31 09:30:00-04:00,32.22999954223633,32.27000045776367,31.93000030517578,32.08000183105469,178474,0.0,0.0
2023-07-31 10:30:00-04:00,32.09000015258789,32.09000015258789,31.440000534057617,31.600000381469727,181687,0.0,0.0
2023-07-31 11:30:00-04:00,31.649999618530273,31.770000457763672,31.43000030517578,31.65999984741211,165062,0.0,0.0
2023-07-31 12:30:00-04:00,31.68000030517578,31.690000534057617,31.40999984741211,31.690000534057617,138284,0.0,0.0
2023-07-31 13:30:00-04:00,31.725000381469727,31.790000915527344,31.584999084472656,31.645000457763672,56563,0.0,0.0
2023-07-31 14:30:00-04:00,31.670000076293945,32.150001525878906,31.600000381469727,32.040000915527344,190266,0.0,0.0
2023-07-31 15:30:00-04:00,32.040000915527344,32.150001525878906,31.850000381469727,32.029998779296875,292074,0.0,0.0
2023-08-01 09:30:00-04:00,31.780000686645508,31.8799991607666,31.270000457763672,31.270000457763672,105677,0.0,0.0
2023-08-01 10:30:00-04:00,31.270000457763672,31.670000076293945,31.149999618530273,31.670000076293945,132028,0.0,0.0
2023-08-01 11:30:00-04:00,31.68000030517578,31.760000228881836,31.53059959411621,31.579999923706055,74330,0.0,0.0
2023-08-01 12:30:00-04:00,31.579999923706055,31.579999923706055,31.3799991607666,31.450000762939453,65375,0.0,0.0
2023-08-01 13:30:00-04:00,31.450000762939453,31.6200008392334,31.3799991607666,31.469999313354492,83163,0.0,0.0
2023-08-01 14:30:00-04:00,31.469999313354492,31.559999465942383,31.354999542236328,31.354999542236328,128884,0.0,0.0
2023-08-01 15:30:00-04:00,31.354999542236328,31.5,31.280000686645508,31.280000686645508,259869,0.0,0.0
2023-08-02 09:30:00-04:00,26.34000015258789,30.489999771118164,26.34000015258789,27.045000076293945,1831919,0.0,0.0
2023-08-02 10:30:00-04:00,27.050600051879883,27.719999313354492,26.780000686645508,27.135000228881836,482492,0.0,0.0
2023-08-02 11:30:00-04:00,27.149999618530273,27.200000762939453,26.69499969482422,26.729999542236328,276989,0.0,0.0
2023-08-02 12:30:00-04:00,26.710100173950195,27.58989906311035,26.710100173950195,27.479999542236328,350681,0.0,0.0
2023-08-02 13:30:00-04:00,27.5,27.540000915527344,27.100000381469727,27.280000686645508,241988,0.0,0.0
2023-08-02 14:30:00-04:00,27.280000686645508,27.719999313354492,27.170000076293945,27.450000762939453,311769,0.0,0.0
2023-08-02 15:30:00-04:00,27.450000762939453,27.604999542236328,27.309999465942383,27.399999618530273,515267,0.0,0.0
2023-08-03 09:30:00-04:00,27.299999237060547,27.479999542236328,26.40999984741211,26.739999771118164,453014,0.0,0.0
2023-08-03 10:30:00-04:00,26.735000610351562,26.889999389648438,26.3700008392334,26.440000534057617,263823,0.0,0.0
2023-08-03 11:30:00-04:00,26.440000534057617,26.450000762939453,25.799999237060547,25.90999984741211,247282,0.0,0.0
2023-08-03 12:30:00-04:00,25.940000534057617,25.94499969482422,25.610000610351562,25.84000015258789,274895,0.0,0.0
2023-08-03 13:30:00-04:00,25.850000381469727,26.079999923706055,25.610000610351562,25.809999465942383,314719,0.0,0.0
2023-08-03 14:30:00-04:00,25.80940055847168,26.25,25.780000686645508,26.148300170898438,350884,0.0,0.0
2023-08-03 15:30:00-04:00,26.1299991607666,26.510000228881836,26.1200008392334,26.5,739274,0.0,0.0
2023-08-04 09:30:00-04:00,26.188400268554688,28.059999465942383,25.920000076293945,28.030099868774414,360677,0.0,0.0
2023-08-04 10:30:00-04:00,28.030000686645508,28.079999923706055,27.43000030517578,28.040000915527344,269049,0.0,0.0
2023-08-04 11:30:00-04:00,28.040000915527344,28.104999542236328,27.65999984741211,27.950000762939453,180498,0.0,0.0
2023-08-04 12:30:00-04:00,27.950000762939453,28.030000686645508,27.760000228881836,27.889999389648438,141418,0.0,0.0
2023-08-04 13:30:00-04:00,27.899999618530273,27.900299072265625,27.6299991607666,27.735000610351562,187521,0.0,0.0
2023-08-04 14:30:00-04:00,27.735000610351562,27.790000915527344,27.46500015258789,27.469999313354492,195657,0.0,0.0
2023-08-04 15:30:00-04:00,27.469999313354492,27.489999771118164,27.301000595092773,27.420000076293945,263379,0.0,0.0
2023-08-07 09:30:00-04:00,28.75,28.780000686645508,27.579999923706055,28.43000030517578,385152,0.0,0.0
2023-08-07 10:30:00-04:00,28.420000076293945,28.93000030517578,28.299999237060547,28.90999984741211,222474,0.0,0.0
2023-08-07 11:30:00-04:00,28.899999618530273,29.239999771118164,28.75,29.180099487304688,171788,0.0,0.0
2023-08-07 12:30:00-04:00,29.189199447631836,29.200000762939453,28.56999969482422,28.58180046081543,171838,0.0,0.0
2023-08-07 13:30:00-04:00,28.610000610351562,28.68000030517578,28.34000015258789,28.360000610351562,116939,0.0,0.0
2023-08-07 14:30:00-04:00,28.360000610351562,28.530000686645508,28.239999771118164,28.239999771118164,141125,0.0,0.0
2023-08-07 15:30:00-04:00,28.25,28.329999923706055,28.18000030517578,28.299999237060547,200665,0.0,0.0
2023-08-08 09:30:00-04:00,27.760000228881836,27.8700008392334,27.469999313354492,27.790000915527344,228400,0.0,0.0
2023-08-08 10:30:00-04:00,27.780000686645508,27.969999313354492,27.639999389648438,27.700000762939453,91938,0.0,0.0
2023-08-08 11:30:00-04:00,27.68000030517578,28.0,27.584999084472656,27.979999542236328,51274,0.0,0.0
2023-08-08 12:30:00-04:00,28.0,28.100000381469727,27.959999084472656,28.06999969482422,68328,0.0,0.0
2023-08-08 13:30:00-04:00,28.079999923706055,28.170000076293945,28.020000457763672,28.06999969482422,65616,0.0,0.0
2023-08-08 14:30:00-04:00,28.06999969482422,28.170000076293945,28.049999237060547,28.1299991607666,74787,0.0,0.0
2023-08-08 15:30:00-04:00,28.139999389648438,28.229999542236328,28.08060073852539,28.219999313354492,175857,0.0,0.0
2023-08-09 09:30:00-04:00,28.06999969482422,28.209999084472656,27.799999237060547,28.06999969482422,76617,0.0,0.0
2023-08-09 10:30:00-04:00,28.100000381469727,28.1200008392334,27.719999313354492,27.760000228881836,64296,0.0,0.0
2023-08-09 11:30:00-04:00,27.75,27.81999969482422,27.639999389648438,27.75,72407,0.0,0.0
2023-08-09 12:30:00-04:00,27.739999771118164,27.84000015258789,27.6299991607666,27.809999465942383,63121,0.0,0.0
2023-08-09 13:30:00-04:00,27.809999465942383,28.010000228881836,27.68000030517578,28.0,79651,0.0,0.0
2023-08-09 14:30:00-04:00,28.020000457763672,28.06999969482422,27.764999389648438,27.764999389648438,88316,0.0,0.0
2023-08-09 15:30:00-04:00,27.770000457763672,27.790000915527344,27.600000381469727,27.729999542236328,195400,0.0,0.0
2023-08-10 09:30:00-04:00,27.809999465942383,28.209999084472656,27.670000076293945,28.06599998474121,83290,0.0,0.0
2023-08-10 10:30:00-04:00,28.06999969482422,28.110000610351562,27.809999465942383,27.940000534057617,41160,0.0,0.0
2023-08-10 11:30:00-04:00,27.90999984741211,27.969999313354492,27.610000610351562,27.6200008392334,49690,0.0,0.0
2023-08-10 12:30:00-04:00,27.625,27.670000076293945,27.3799991607666,27.3799991607666,42054,0.0,0.0
2023-08-10 13:30:00-04:00,27.350000381469727,27.790000915527344,27.280000686645508,27.774999618530273,57757,0.0,0.0
2023-08-10 14:30:00-04:00,27.790000915527344,27.84000015258789,27.655000686645508,27.670000076293945,89345,0.0,0.0
2023-08-10 15:30:00-04:00,27.649999618530273,27.739999771118164,27.559999465942383,27.709999084472656,127335,0.0,0.0
2023-08-11 09:30:00-04:00,27.59000015258789,27.934999465942383,27.510000228881836,27.875,50471,0.0,0.0
2023-08-11 10:30:00-04:00,27.881000518798828,27.899999618530273,27.65999984741211,27.68000030517578,37086,0.0,0.0
2023-08-11 11:30:00-04:00,27.690000534057617,27.989999771118164,27.59000015258789,27.905000686645508,52527,0.0,0.0
2023-08-11 12:30:00-04:00,27.90999984741211,27.959999084472656,27.670000076293945,27.700000762939453,44838,0.0,0.0
2023-08-11 13:30:00-04:00,27.690000534057617,27.709999084472656,27.59000015258789,27.690000534057617,42439,0.0,0.0
2023-08-11 14:30:00-04:00,27.700000762939453,27.709999084472656,27.579999923706055,27.649999618530273,70963,0.0,0.0
2023-08-11 15:30:00-04:00,27.639999389648438,27.674999237060547,27.520000457763672,27.594999313354492,127484,0.0,0.0
2023-08-14 09:30:00-04:00,27.450000762939453,27.719999313354492,27.226999282836914,27.51689910888672,75779,0.0,0.0
2023-08-14 10:30:00-04:00,27.510000228881836,27.639999389648438,27.399999618530273,27.56999969482422,63814,0.0,0.0
2023-08-14 11:30:00-04:00,27.56999969482422,27.579999923706055,27.399999618530273,27.4950008392334,44157,0.0,0.0
2023-08-14 12:30:00-04:00,27.50429916381836,27.690000534057617,27.40999984741211,27.540000915527344,61007,0.0,0.0
2023-08-14 13:30:00-04:00,27.549999237060547,27.559999465942383,27.40999984741211,27.540000915527344,52702,0.0,0.0
2023-08-14 14:30:00-04:00,27.549999237060547,27.735000610351562,27.520000457763672,27.719999313354492,51377,0.0,0.0
2023-08-14 15:30:00-04:00,27.719999313354492,27.93000030517578,27.719999313354492,27.920000076293945,131758,0.0,0.0
2023-08-15 09:30:00-04:00,27.81999969482422,27.829999923706055,26.770000457763672,26.780000686645508,130443,0.0,0.0
2023-08-15 10:30:00-04:00,26.790000915527344,26.81999969482422,26.59000015258789,26.815000534057617,152521,0.0,0.0
2023-08-15 11:30:00-04:00,26.809999465942383,26.950000762939453,26.780000686645508,26.8700008392334,46211,0.0,0.0
2023-08-15 12:30:00-04:00,26.879899978637695,26.879899978637695,26.510000228881836,26.639999389648438,77143,0.0,0.0
2023-08-15 13:30:00-04:00,26.649999618530273,26.84000015258789,26.59000015258789,26.670000076293945,114961,0.0,0.0
2023-08-15 14:30:00-04:00,26.68000030517578,26.8700008392334,26.56999969482422,26.56999969482422,105088,0.0,0.0
2023-08-15 15:30:00-04:00,26.549999237060547,26.604999542236328,26.485000610351562,26.5,184206,0.0,0.0
2023-08-16 09:30:00-04:00,26.5,26.700000762939453,26.299999237060547,26.360000610351562,82215,0.0,0.0
2023-08-16 10:30:00-04:00,26.440000534057617,26.530000686645508,26.344999313354492,26.485000610351562,50952,0.0,0.0
2023-08-16 11:30:00-04:00,26.479999542236328,26.510000228881836,26.299999237060547,26.309999465942383,45835,0.0,0.0
2023-08-16 12:30:00-04:00,26.309999465942383,26.43000030517578,26.299999237060547,26.3700008392334,46860,0.0,0.0
2023-08-16 13:30:00-04:00,26.3700008392334,26.3799991607666,26.200000762939453,26.280000686645508,48532,0.0,0.0
2023-08-16 14:30:00-04:00,26.260000228881836,26.299999237060547,26.09000015258789,26.158000946044922,90297,0.0,0.0
2023-08-16 15:30:00-04:00,26.155000686645508,26.174999237060547,25.899999618530273,25.899999618530273,156192,0.0,0.0
2023-08-17 09:30:00-04:00,26.040000915527344,26.459999084472656,25.979999542236328,26.030000686645508,82910,0.0,0.0
2023-08-17 10:30:00-04:00,26.030000686645508,26.079999923706055,25.889999389648438,25.93000030517578,130932,0.0,0.0
2023-08-17 11:30:00-04:00,25.920000076293945,26.010000228881836,25.809999465942383,25.875,62855,0.0,0.0
2023-08-17 12:30:00-04:00,25.8799991607666,25.8799991607666,25.780000686645508,25.850000381469727,60924,0.0,0.0
2023-08-17 13:30:00-04:00,25.84000015258789,25.889999389648438,25.690000534057617,25.729999542236328,106293,0.0,0.0
2023-08-17 14:30:00-04:00,25.717300415039062,25.84000015258789,25.600000381469727,25.84000015258789,107202,0.0,0.0
2023-08-17 15:30:00-04:00,25.84000015258789,25.860000610351562,25.68000030517578,25.790000915527344,153110,0.0,0.0
2023-08-18 09:30:00-04:00,25.549999237060547,26.18000030517578,25.5,26.049999237060547,103529,0.0,0.0
2023-08-18 10:30:00-04:00,26.048999786376953,26.229999542236328,25.90999984741211,26.010000228881836,92431,0.0,0.0
2023-08-18 11:30:00-04:00,26.010000228881836,26.170000076293945,25.989999771118164,26.110000610351562,56052,0.0,0.0
2023-08-18 12:30:00-04:00,26.079999923706055,26.110000610351562,25.959999084472656,26.06999969482422,44913,0.0,0.0
2023-08-18 13:30:00-04:00,26.09000015258789,26.139999389648438,26.014999389648438,26.100000381469727,29565,0.0,0.0
2023-08-18 14:30:00-04:00,26.110000610351562,26.334999084472656,26.110000610351562,26.334999084472656,64378,0.0,0.0
2023-08-18 15:30:00-04:00,26.329999923706055,26.34000015258789,26.010000228881836,26.06999969482422,129193,0.0,0.0
2023-08-21 09:30:00-04:00,26.040000915527344,26.329999923706055,25.81999969482422,25.834999084472656,39797,0.0,0.0
2023-08-21 10:30:00-04:00,25.829999923706055,25.93000030517578,25.68000030517578,25.68160057067871,36507,0.0,0.0
2023-08-21 11:30:00-04:00,25.709999084472656,25.78499984741211,25.6200008392334,25.78499984741211,44208,0.0,0.0
2023-08-21 12:30:00-04:00,25.776500701904297,25.776500701904297,25.635000228881836,25.735000610351562,36021,0.0,0.0
2023-08-21 13:30:00-04:00,25.735000610351562,25.760000228881836,25.600000381469727,25.614999771118164,38057,0.0,0.0
2023-08-21 14:30:00-04:00,25.61989974975586,25.719999313354492,25.61989974975586,25.690000534057617,42462,0.0,0.0
2023-08-21 15:30:00-04:00,25.68000030517578,25.729999542236328,25.579999923706055,25.610000610351562,95362,0.0,0.0
2023-08-22 09:30:00-04:00,25.700000762939453,25.75,25.309999465942383,25.309999465942383,77912,0.0,0.0
2023-08-22 10:30:00-04:00,25.309999465942383,25.34000015258789,25.1200008392334,25.274999618530273,89341,0.0,0.0
2023-08-22 11:30:00-04:00,25.290000915527344,25.350000381469727,25.079999923706055,25.139999389648438,77461,0.0,0.0
2023-08-22 12:30:00-04:00,25.15999984741211,25.239999771118164,25.100000381469727,25.229999542236328,39208,0.0,0.0
2023-08-22 13:30:00-04:00,25.239999771118164,25.309999465942383,24.920000076293945,24.95989990234375,83202,0.0,0.0
2023-08-22 14:30:00-04:00,24.940000534057617,25.334999084472656,24.90999984741211,25.204999923706055,94213,0.0,0.0
2023-08-22 15:30:00-04:00,25.190000534057617,25.389999389648438,25.18000030517578,25.31999969482422,186852,0.0,0.0
2023-08-23 09:30:00-04:00,25.260000228881836,25.479999542236328,25.15999984741211,25.479999542236328,70523,0.0,0.0
2023-08-23 10:30:00-04:00,25.459999084472656,25.670000076293945,25.43000030517578,25.610000610351562,64639,0.0,0.0
2023-08-23 11:30:00-04:00,25.6299991607666,25.799999237060547,25.545000076293945,25.790000915527344,71960,0.0,0.0
2023-08-23 12:30:00-04:00,25.790000915527344,25.950000762939453,25.760000228881836,25.899999618530273,67055,0.0,0.0
2023-08-23 13:30:00-04:00,25.889999389648438,25.889999389648438,25.65999984741211,25.690000534057617,51341,0.0,0.0
2023-08-23 14:30:00-04:00,25.700000762939453,25.829999923706055,25.639999389648438,25.75,88118,0.0,0.0
2023-08-23 15:30:00-04:00,25.75,25.799999237060547,25.559999465942383,25.59000015258789,156372,0.0,0.0
2023-08-24 09:30:00-04:00,25.309999465942383,25.65679931640625,25.270000457763672,25.389999389648438,73014,0.0,0.0
2023-08-24 10:30:00-04:00,25.3799991607666,25.540000915527344,25.059999465942383,25.149999618530273,114862,0.0,0.0
2023-08-24 11:30:00-04:00,25.1200008392334,25.1200008392334,24.809999465942383,24.829999923706055,111120,0.0,0.0
2023-08-24 12:30:00-04:00,24.829999923706055,24.93000030517578,24.600000381469727,24.610000610351562,94933,0.0,0.0
2023-08-24 13:30:00-04:00,24.6200008392334,25.09000015258789,24.600000381469727,25.079999923706055,77336,0.0,0.0
2023-08-24 14:30:00-04:00,25.09000015258789,25.200000762939453,24.760000228881836,24.860000610351562,112882,0.0,0.0
2023-08-24 15:30:00-04:00,24.861299514770508,24.885000228881836,24.739999771118164,24.860000610351562,179335,0.0,0.0
2023-08-25 09:30:00-04:00,24.989999771118164,25.200000762939453,24.65999984741211,24.69499969482422,77152,0.0,0.0
2023-08-25 10:30:00-04:00,24.690000534057617,24.790000915527344,24.56800079345703,24.670000076293945,72006,0.0,0.0
2023-08-25 11:30:00-04:00,24.665000915527344,24.729999542236328,24.440000534057617,24.540000915527344,135538,0.0,0.0
2023-08-25 12:30:00-04:00,24.549999237060547,24.600000381469727,24.364999771118164,24.389999389648438,92017,0.0,0.0
2023-08-25 13:30:00-04:00,24.3799991607666,24.719999313354492,24.334999084472656,24.670000076293945,146135,0.0,0.0
2023-08-25 14:30:00-04:00,24.68000030517578,24.729999542236328,24.513099670410156,24.625,215829,0.0,0.0
2023-08-25 15:30:00-04:00,24.625,24.670000076293945,24.450000762939453,24.5,225730,0.0,0.0
2023-08-28 09:30:00-04:00,24.549999237060547,24.75,24.299999237060547,24.559999465942383,224145,0.0,0.0
2023-08-28 10:30:00-04:00,24.549999237060547,24.649999618530273,24.399999618530273,24.6200008392334,181919,0.0,0.0
2023-08-28 11:30:00-04:00,24.614999771118164,24.770000457763672,24.59000015258789,24.6299991607666,125747,0.0,0.0
2023-08-28 12:30:00-04:00,24.61009979248047,24.899999618530273,24.600000381469727,24.760000228881836,146014,0.0,0.0
2023-08-28 13:30:00-04:00,24.760000228881836,24.860000610351562,24.690000534057617,24.798500061035156,123846,0.0,0.0
2023-08-28 14:30:00-04:00,24.780000686645508,24.875,24.729999542236328,24.815000534057617,93378,0.0,0.0
2023-08-28 15:30:00-04:00,24.809999465942383,24.940000534057617,24.799999237060547,24.93000030517578,152353,0.0,0.0
2023-08-29 09:30:00-04:00,24.979999542236328,24.989999771118164,24.71489906311035,24.989999771118164,95890,0.0,0.0
2023-08-29 10:30:00-04:00,24.979999542236328,25.399999618530273,24.920000076293945,25.385000228881836,157224,0.0,0.0
2023-08-29 11:30:00-04:00,25.399999618530273,25.594999313354492,25.260000228881836,25.520000457763672,193674,0.0,0.0
2023-08-29 12:30:00-04:00,25.510000228881836,25.6200008392334,25.510000228881836,25.610000610351562,68298,0.0,0.0
2023-08-29 13:30:00-04:00,25.604999542236328,25.81999969482422,25.600000381469727,25.78499984741211,131161,0.0,0.0
2023-08-29 14:30:00-04:00,25.78499984741211,25.815000534057617,25.739999771118164,25.795000076293945,84736,0.0,0.0
2023-08-29 15:30:00-04:00,25.795000076293945,25.829999923706055,25.739999771118164,25.81999969482422,254820,0.0,0.0
2023-08-30 09:30:00-04:00,25.540000915527344,25.809999465942383,25.30500030517578,25.6200008392334,131181,0.0,0.0
2023-08-30 10:30:00-04:00,25.649999618530273,25.860000610351562,25.649999618530273,25.729999542236328,97933,0.0,0.0
2023-08-30 11:30:00-04:00,25.725000381469727,25.739999771118164,25.399999618530273,25.399999618530273,72849,0.0,0.0
2023-08-30 12:30:00-04:00,25.399999618530273,25.639999389648438,25.399999618530273,25.510000228881836,73483,0.0,0.0
2023-08-30 13:30:00-04:00,25.510000228881836,25.524999618530273,25.165000915527344,25.229999542236328,70379,0.0,0.0
2023-08-30 14:30:00-04:00,25.239999771118164,25.290000915527344,25.030000686645508,25.079999923706055,104423,0.0,0.0
2023-08-30 15:30:00-04:00,25.059999465942383,25.19499969482422,25.0,25.1299991607666,220357,0.0,0.0
2023-08-31 09:30:00-04:00,25.25,25.360000610351562,24.899999618530273,25.25,71445,0.0,0.0
2023-08-31 10:30:00-04:00,25.25,25.325000762939453,25.18000030517578,25.239999771118164,51187,0.0,0.0
2023-08-31 11:30:00-04:00,25.239999771118164,25.280000686645508,24.979999542236328,25.010000228881836,61652,0.0,0.0
2023-08-31 12:30:00-04:00,25.0,25.0,24.81999969482422,24.8700008392334,47761,0.0,0.0
2023-08-31 13:30:00-04:00,24.8700008392334,25.010000228881836,24.780000686645508,24.90999984741211,55339,0.0,0.0
2023-08-31 14:30:00-04:00,24.920000076293945,24.924999237060547,24.78499984741211,24.834999084472656,79751,0.0,0.0
2023-08-31 15:30:00-04:00,24.834999084472656,24.924999237060547,24.719999313354492,24.729999542236328,307629,0.0,0.0
2023-09-01 09:30:00-04:00,25.649999618530273,25.979999542236328,25.030000686645508,25.469999313354492,320477,0.0,0.0
2023-09-01 10:30:00-04:00,25.489999771118164,25.639999389648438,25.31999969482422,25.5,111807,0.0,0.0
2023-09-01 11:30:00-04:00,25.510000228881836,25.520000457763672,25.235000610351562,25.4950008392334,63052,0.0,0.0
2023-09-01 12:30:00-04:00,25.469999313354492,25.510000228881836,25.34000015258789,25.350000381469727,44406,0.0,0.0
2023-09-01 13:30:00-04:00,25.360000610351562,25.479999542236328,25.25,25.25,65557,0.0,0.0
2023-09-01 14:30:00-04:00,25.25,25.325000762939453,25.15999984741211,25.200000762939453,95263,0.0,0.0
2023-09-01 15:30:00-04:00,25.19499969482422,25.329999923706055,25.145000457763672,25.325000762939453,255272,0.0,0.0
2023-09-05 09:30:00-04:00,24.959999084472656,25.05500030517578,23.90999984741211,24.31999969482422,216439,0.0,0.0
2023-09-05 10:30:00-04:00,24.299999237060547,24.40999984741211,24.18000030517578,24.200000762939453,162414,0.0,0.0
2023-09-05 11:30:00-04:00,24.159900665283203,24.204999923706055,23.864999771118164,23.93000030517578,113026,0.0,0.0
2023-09-05 12:30:00-04:00,23.920000076293945,23.940000534057617,23.799999237060547,23.84000015258789,112958,0.0,0.0
2023-09-05 13:30:00-04:00,23.850000381469727,23.954999923706055,23.739999771118164,23.795000076293945,137437,0.0,0.0
2023-09-05 14:30:00-04:00,23.80500030517578,23.829999923706055,23.6200008392334,23.760000228881836,126381,0.0,0.0
2023-09-05 15:30:00-04:00,23.770000457763672,23.790000915527344,23.40999984741211,23.440000534057617,254657,0.0,0.0
2023-09-06 09:30:00-04:00,23.549999237060547,23.579999923706055,23.25,23.40999984741211,199516,0.0,0.0
2023-09-06 10:30:00-04:00,23.389999389648438,23.510000228881836,23.25,23.270000457763672,145417,0.0,0.0
2023-09-06 11:30:00-04:00,23.280000686645508,23.360000610351562,23.079999923706055,23.209999084472656,244442,0.0,0.0
2023-09-06 12:30:00-04:00,23.209999084472656,23.360000610351562,23.1299991607666,23.34000015258789,90120,0.0,0.0
2023-09-06 13:30:00-04:00,23.34000015258789,23.43000030517578,23.290000915527344,23.31999969482422,146996,0.0,0.0
2023-09-06 14:30:00-04:00,23.31999969482422,23.34000015258789,23.079999923706055,23.09000015258789,116552,0.0,0.0
2023-09-06 15:30:00-04:00,23.079999923706055,23.139999389648438,23.0,23.104999542236328,240233,0.0,0.0
2023-09-07 09:30:00-04:00,23.0,23.0,22.600000381469727,22.6200008392334,90975,0.0,0.0
2023-09-07 10:30:00-04:00,22.649999618530273,22.8799991607666,22.584999084472656,22.729999542236328,73105,0.0,0.0
2023-09-07 11:30:00-04:00,22.728200912475586,22.81999969482422,22.68000030517578,22.780000686645508,66114,0.0,0.0
2023-09-07 12:30:00-04:00,22.780000686645508,23.010000228881836,22.760000228881836,22.93000030517578,64492,0.0,0.0
2023-09-07 13:30:00-04:00,22.93000030517578,22.940000534057617,22.684999465942383,22.709999084472656,119060,0.0,0.0
2023-09-07 14:30:00-04:00,22.700000762939453,22.709999084472656,22.610000610351562,22.653200149536133,70052,0.0,0.0
2023-09-07 15:30:00-04:00,22.655000686645508,22.684999465942383,22.579999923706055,22.6299991607666,152776,0.0,0.0
2023-09-08 09:30:00-04:00,22.5,22.524999618530273,21.910900115966797,22.290000915527344,207267,0.0,0.0
2023-09-08 10:30:00-04:00,22.295000076293945,22.559999465942383,22.280000686645508,22.420000076293945,170515,0.0,0.0
2023-09-08 11:30:00-04:00,22.420000076293945,22.434999465942383,22.200000762939453,22.270000457763672,142662,0.0,0.0
2023-09-08 12:30:00-04:00,22.25,22.329999923706055,21.969999313354492,22.059999465942383,339159,0.0,0.0
2023-09-08 13:30:00-04:00,22.059999465942383,22.059999465942383,21.889999389648438,21.957399368286133,189763,0.0,0.0
2023-09-08 14:30:00-04:00,21.950000762939453,21.969999313354492,21.7549991607666,21.81999969482422,160217,0.0,0.0
2023-09-08 15:30:00-04:00,21.815000534057617,22.0049991607666,21.815000534057617,22.0,324945,0.0,0.0
2023-09-11 09:30:00-04:00,22.299999237060547,22.709999084472656,22.209999084472656,22.530000686645508,213484,0.0,0.0
2023-09-11 10:30:00-04:00,22.530000686645508,22.59000015258789,22.18000030517578,22.329999923706055,88290,0.0,0.0
2023-09-11 11:30:00-04:00,22.309999465942383,22.31999969482422,22.030000686645508,22.1299991607666,119920,0.0,0.0
2023-09-11 12:30:00-04:00,22.1299991607666,22.329999923706055,22.010000228881836,22.309999465942383,74640,0.0,0.0
2023-09-11 13:30:00-04:00,22.309999465942383,22.3799991607666,22.18000030517578,22.209999084472656,80106,0.0,0.0
2023-09-11 14:30:00-04:00,22.209999084472656,22.299999237060547,22.1299991607666,22.229999542236328,94866,0.0,0.0
2023-09-11 15:30:00-04:00,22.225000381469727,22.2549991607666,22.149999618530273,22.209999084472656,176297,0.0,0.0
2023-09-12 09:30:00-04:00,22.299999237060547,22.530000686645508,22.100000381469727,22.280000686645508,118894,0.0,0.0
2023-09-12 10:30:00-04:00,22.264999389648438,22.31999969482422,22.114999771118164,22.290000915527344,109127,0.0,0.0
2023-09-12 11:30:00-04:00,22.290000915527344,22.56999969482422,22.290000915527344,22.520000457763672,62877,0.0,0.0
2023-09-12 12:30:00-04:00,22.530000686645508,22.56999969482422,22.43000030517578,22.540000915527344,49249,0.0,0.0
2023-09-12 13:30:00-04:00,22.540000915527344,22.55500030517578,22.229999542236328,22.229999542236328,149138,0.0,0.0
2023-09-12 14:30:00-04:00,22.229999542236328,22.25,22.030000686645508,22.049999237060547,95495,0.0,0.0
2023-09-12 15:30:00-04:00,22.049999237060547,22.155000686645508,22.040000915527344,22.100000381469727,195019,0.0,0.0
2023-09-13 09:30:00-04:00,21.65999984741211,21.809999465942383,21.312999725341797,21.510000228881836,210468,0.0,0.0
2023-09-13 10:30:00-04:00,21.530000686645508,21.770000457763672,21.5,21.68000030517578,124835,0.0,0.0
2023-09-13 11:30:00-04:00,21.670000076293945,21.719999313354492,21.520000457763672,21.700000762939453,91313,0.0,0.0
2023-09-13 12:30:00-04:00,21.700000762939453,21.709999084472656,21.600000381469727,21.6200008392334,63643,0.0,0.0
2023-09-13 13:30:00-04:00,21.59000015258789,21.6299991607666,21.469999313354492,21.549999237060547,83373,0.0,0.0
2023-09-13 14:30:00-04:00,21.559999465942383,21.56999969482422,21.3799991607666,21.56999969482422,97187,0.0,0.0
2023-09-13 15:30:00-04:00,21.57900047302246,21.6200008392334,21.479999542236328,21.540000915527344,207150,0.0,0.0
2023-09-14 09:30:00-04:00,21.719999313354492,21.8700008392334,21.610000610351562,21.709999084472656,127451,0.0,0.0
2023-09-14 10:30:00-04:00,21.700000762939453,21.950000762939453,21.6200008392334,21.657699584960938,95952,0.0,0.0
2023-09-14 11:30:00-04:00,21.670000076293945,21.729999542236328,21.59000015258789,21.65999984741211,74760,0.0,0.0
2023-09-14 12:30:00-04:00,21.655000686645508,21.719999313354492,21.549999237060547,21.700000762939453,81266,0.0,0.0
2023-09-14 13:30:00-04:00,21.700000762939453,21.729999542236328,21.610000610351562,21.639999389648438,77664,0.0,0.0
2023-09-14 14:30:00-04:00,21.6299991607666,21.729999542236328,21.520000457763672,21.538999557495117,120635,0.0,0.0
2023-09-14 15:30:00-04:00,21.524999618530273,21.8799991607666,21.520000457763672,21.854999542236328,238519,0.0,0.0
2023-09-15 09:30:00-04:00,21.6200008392334,21.654199600219727,21.260000228881836,21.270000457763672,287523,0.0,0.0
2023-09-15 10:30:00-04:00,21.270000457763672,21.360000610351562,21.139999389648438,21.290000915527344,242169,0.0,0.0
2023-09-15 11:30:00-04:00,21.270000457763672,21.34000015258789,21.190000534057617,21.280000686645508,102837,0.0,0.0
2023-09-15 12:30:00-04:00,21.280000686645508,21.350000381469727,21.1200008392334,21.200000762939453,121196,0.0,0.0
2023-09-15 13:30:00-04:00,21.190000534057617,21.274999618530273,21.149999618530273,21.25,92312,0.0,0.0
2023-09-15 14:30:00-04:00,21.251800537109375,21.360000610351562,21.200000762939453,21.239999771118164,136627,0.0,0.0
2023-09-15 15:30:00-04:00,21.239999771118164,21.260000228881836,21.09000015258789,21.229999542236328,377347,0.0,0.0
2023-09-18 09:30:00-04:00,21.170000076293945,21.290000915527344,20.674999237060547,20.858200073242188,354585,0.0,0.0
2023-09-18 10:30:00-04:00,20.844999313354492,20.959999084472656,20.6299991607666,20.649999618530273,148875,0.0,0.0
2023-09-18 11:30:00-04:00,20.649999618530273,20.700000762939453,20.43000030517578,20.520000457763672,231893,0.0,0.0
2023-09-18 12:30:00-04:00,20.540000915527344,20.59000015258789,20.479999542236328,20.508800506591797,87491,0.0,0.0
2023-09-18 13:30:00-04:00,20.5049991607666,20.56999969482422,20.440000534057617,20.540000915527344,106680,0.0,0.0
2023-09-18 14:30:00-04:00,20.540000915527344,20.559999465942383,20.434999465942383,20.549999237060547,229221,0.0,0.0
2023-09-18 15:30:00-04:00,20.549999237060547,20.614999771118164,20.479999542236328,20.489999771118164,320458,0.0,0.0
2023-09-19 09:30:00-04:00,20.440000534057617,20.5,20.110000610351562,20.260000228881836,183493,0.0,0.0
2023-09-19 10:30:00-04:00,20.260000228881836,20.280000686645508,20.059999465942383,20.184999465942383,136334,0.0,0.0
2023-09-19 11:30:00-04:00,20.184999465942383,20.204999923706055,20.010000228881836,20.014999389648438,115582,0.0,0.0
2023-09-19 12:30:00-04:00,20.014999389648438,20.309999465942383,19.959999084472656,20.299999237060547,148955,0.0,0.0
2023-09-19 13:30:00-04:00,20.309999465942383,20.3799991607666,20.18000030517578,20.33009910583496,197124,0.0,0.0
2023-09-19 14:30:00-04:00,20.34000015258789,20.450000762939453,20.25,20.354999542236328,185471,0.0,0.0
2023-09-19 15:30:00-04:00,20.354999542236328,20.354999542236328,20.165000915527344,20.229999542236328,261214,0.0,0.0
2023-09-20 09:30:00-04:00,20.280000686645508,20.65999984741211,20.260000228881836,20.524999618530273,259047,0.0,0.0
2023-09-20 10:30:00-04:00,20.524999618530273,20.59000015258789,20.469999313354492,20.5,88704,0.0,0.0
2023-09-20 11:30:00-04:00,20.510000228881836,20.600000381469727,20.479999542236328,20.520000457763672,116605,0.0,0.0
2023-09-20 12:30:00-04:00,20.520000457763672,20.549999237060547,20.469999313354492,20.530000686645508,87821,0.0,0.0
2023-09-20 13:30:00-04:00,20.530000686645508,20.6299991607666,20.489999771118164,20.540000915527344,71029,0.0,0.0
2023-09-20 14:30:00-04:00,20.549999237060547,20.639999389648438,20.209999084472656,20.389999389648438,169264,0.0,0.0
2023-09-20 15:30:00-04:00,20.40999984741211,20.40999984741211,20.239999771118164,20.34000015258789,255706,0.0,0.0
2023-09-21 09:30:00-04:00,20.020000457763672,20.270000457763672,19.979999542236328,20.0,324576,0.0,0.0
2023-09-21 10:30:00-04:00,19.9950008392334,20.100000381469727,19.8700008392334,19.950000762939453,276250,0.0,0.0
2023-09-21 11:30:00-04:00,19.969999313354492,20.135000228881836,19.940000534057617,19.989999771118164,477287,0.0,0.0
2023-09-21 12:30:00-04:00,20.0,20.1299991607666,19.979999542236328,20.1299991607666,195729,0.0,0.0
2023-09-21 13:30:00-04:00,20.139999389648438,20.184999465942383,20.049999237060547,20.049999237060547,84422,0.0,0.0
2023-09-21 14:30:00-04:00,20.030000686645508,20.06999969482422,19.8700008392334,19.905000686645508,174960,0.0,0.0
2023-09-21 15:30:00-04:00,19.899999618530273,19.950000762939453,19.829999923706055,19.889999389648438,264843,0.0,0.0
2023-09-22 09:30:00-04:00,19.829999923706055,20.079999923706055,19.81999969482422,19.975000381469727,129846,0.0,0.0
2023-09-22 10:30:00-04:00,19.959999084472656,20.020000457763672,19.889999389648438,20.0,112582,0.0,0.0
2023-09-22 11:30:00-04:00,20.0,20.059999465942383,19.889999389648438,19.959999084472656,57719,0.0,0.0
2023-09-22 12:30:00-04:00,19.959999084472656,19.989999771118164,19.93000030517578,19.950000762939453,55416,0.0,0.0
2023-09-22 13:30:00-04:00,19.94499969482422,19.959999084472656,19.829999923706055,19.854999542236328,74397,0.0,0.0
2023-09-22 14:30:00-04:00,19.860000610351562,20.020000457763672,19.854999542236328,20.0,109612,0.0,0.0
2023-09-22 15:30:00-04:00,20.010000228881836,20.014999389648438,19.8799991607666,19.950000762939453,219086,0.0,0.0
2023-09-25 09:30:00-04:00,19.809999465942383,19.940000534057617,19.290000915527344,19.3518009185791,107294,0.0,0.0
2023-09-25 10:30:00-04:00,19.3700008392334,19.565000534057617,19.34000015258789,19.520000457763672,102936,0.0,0.0
2023-09-25 11:30:00-04:00,19.510000228881836,19.709999084472656,19.489999771118164,19.670000076293945,164439,0.0,0.0
2023-09-25 12:30:00-04:00,19.65999984741211,19.700000762939453,19.600000381469727,19.68000030517578,109192,0.0,0.0
2023-09-25 13:30:00-04:00,19.68000030517578,19.75,19.653600692749023,19.690000534057617,100082,0.0,0.0
2023-09-25 14:30:00-04:00,19.68000030517578,19.799999237060547,19.65999984741211,19.719999313354492,156736,0.0,0.0
2023-09-25 15:30:00-04:00,19.719999313354492,19.809999465942383,19.690000534057617,19.75,351410,0.0,0.0
2023-09-26 09:30:00-04:00,19.440000534057617,19.729999542236328,19.43000030517578,19.649999618530273,107760,0.0,0.0
2023-09-26 10:30:00-04:00,19.6299991607666,19.93000030517578,19.61400032043457,19.850000381469727,122258,0.0,0.0
2023-09-26 11:30:00-04:00,19.860000610351562,20.059999465942383,19.809999465942383,20.049999237060547,111706,0.0,0.0
2023-09-26 12:30:00-04:00,20.059999465942383,20.06999969482422,19.799999237060547,19.825000762939453,88691,0.0,0.0
2023-09-26 13:30:00-04:00,19.81999969482422,19.8700008392334,19.799999237060547,19.834999084472656,74145,0.0,0.0
2023-09-26 14:30:00-04:00,19.834999084472656,19.920000076293945,19.809999465942383,19.829999923706055,102807,0.0,0.0
2023-09-26 15:30:00-04:00,19.834999084472656,19.899999618530273,19.68000030517578,19.690000534057617,281552,0.0,0.0
2023-09-27 09:30:00-04:00,19.850000381469727,19.979999542236328,19.600000381469727,19.665000915527344,113744,0.0,0.0
2023-09-27 10:30:00-04:00,19.670000076293945,19.690000534057617,19.510000228881836,19.55500030517578,70854,0.0,0.0
2023-09-27 11:30:00-04:00,19.559999465942383,19.600000381469727,19.270000457763672,19.280000686645508,173875,0.0,0.0
2023-09-27 12:30:00-04:00,19.28499984741211,19.520000457763672,19.280000686645508,19.34000015258789,56590,0.0,0.0
2023-09-27 13:30:00-04:00,19.360000610351562,19.459999084472656,19.350000381469727,19.450000762939453,80892,0.0,0.0
2023-09-27 14:30:00-04:00,19.469999313354492,19.66010093688965,19.469999313354492,19.579999923706055,108115,0.0,0.0
2023-09-27 15:30:00-04:00,19.579999923706055,19.709999084472656,19.559999465942383,19.600000381469727,193885,0.0,0.0
2023-09-28 09:30:00-04:00,19.469999313354492,20.0,19.469999313354492,19.84000015258789,159189,0.0,0.0
2023-09-28 10:30:00-04:00,19.850000381469727,20.290000915527344,19.829999923706055,20.290000915527344,100114,0.0,0.0
2023-09-28 11:30:00-04:00,20.290000915527344,20.420000076293945,20.280000686645508,20.399999618530273,79290,0.0,0.0
2023-09-28 12:30:00-04:00,20.417800903320312,20.43000030517578,20.280000686645508,20.31999969482422,57646,0.0,0.0
2023-09-28 13:30:00-04:00,20.329999923706055,20.450000762939453,20.26799964904785,20.43000030517578,85762,0.0,0.0
2023-09-28 14:30:00-04:00,20.43000030517578,20.5,20.329999923706055,20.489999771118164,100876,0.0,0.0
2023-09-28 15:30:00-04:00,20.479999542236328,20.485000610351562,20.329999923706055,20.399999618530273,249852,0.0,0.0
2023-09-29 09:30:00-04:00,20.530000686645508,20.860000610351562,20.43000030517578,20.479999542236328,141645,0.0,0.0
2023-09-29 10:30:00-04:00,20.489999771118164,20.729999542236328,20.489999771118164,20.600000381469727,67872,0.0,0.0
2023-09-29 11:30:00-04:00,20.610000610351562,20.719999313354492,20.5,20.530000686645508,55486,0.0,0.0
2023-09-29 12:30:00-04:00,20.530000686645508,20.53499984741211,20.229999542236328,20.31999969482422,66385,0.0,0.0
2023-09-29 13:30:00-04:00,20.31999969482422,20.420000076293945,20.2450008392334,20.3700008392334,67512,0.0,0.0
2023-09-29 14:30:00-04:00,20.389999389648438,20.492000579833984,20.34000015258789,20.440000534057617,81102,0.0,0.0
2023-09-29 15:30:00-04:00,20.450000762939453,20.459999084472656,20.354999542236328,20.40999984741211,178093,0.0,0.0
2023-10-02 09:30:00-04:00,20.3700008392334,20.600000381469727,20.149999618530273,20.270000457763672,87483,0.0,0.0
2023-10-02 10:30:00-04:00,20.239999771118164,20.469999313354492,20.229999542236328,20.450000762939453,67824,0.0,0.0
2023-10-02 11:30:00-04:00,20.468000411987305,20.575000762939453,20.229999542236328,20.350000381469727,239821,0.0,0.0
2023-10-02 12:30:00-04:00,20.360000610351562,20.43000030517578,20.264999389648438,20.3799991607666,145627,0.0,0.0
2023-10-02 13:30:00-04:00,20.34000015258789,20.440000534057617,20.13010025024414,20.13010025024414,74799,0.0,0.0
2023-10-02 14:30:00-04:00,20.149999618530273,20.216999053955078,20.09000015258789,20.110000610351562,90390,0.0,0.0
2023-10-02 15:30:00-04:00,20.1200008392334,20.149999618530273,20.05500030517578,20.110000610351562,174421,0.0,0.0
2023-10-03 09:30:00-04:00,19.940000534057617,20.200000762939453,19.559999465942383,19.56999969482422,73969,0.0,0.0
2023-10-03 10:30:00-04:00,19.56999969482422,19.690000534057617,19.5,19.559999465942383,64113,0.0,0.0
2023-10-03 11:30:00-04:00,19.56999969482422,19.655000686645508,19.469999313354492,19.549999237060547,62404,0.0,0.0
2023-10-03 12:30:00-04:00,19.56999969482422,19.59510040283203,19.40999984741211,19.40999984741211,49248,0.0,0.0
2023-10-03 13:30:00-04:00,19.415000915527344,19.420000076293945,19.18000030517578,19.18000030517578,101577,0.0,0.0
2023-10-03 14:30:00-04:00,19.162500381469727,19.350000381469727,19.15999984741211,19.229000091552734,84276,0.0,0.0
2023-10-03 15:30:00-04:00,19.229999542236328,19.395000457763672,19.209999084472656,19.350000381469727,219172,0.0,0.0
2023-10-04 09:30:00-04:00,19.3799991607666,19.43000030517578,18.600000381469727,18.610000610351562,134326,0.0,0.0
2023-10-04 10:30:00-04:00,18.634000778198242,18.6564998626709,18.510000228881836,18.649999618530273,125304,0.0,0.0
2023-10-04 11:30:00-04:00,18.639999389648438,18.7450008392334,18.584999084472656,18.619400024414062,76627,0.0,0.0
2023-10-04 12:30:00-04:00,18.635000228881836,18.777000427246094,18.520000457763672,18.52039909362793,115794,0.0,0.0
2023-10-04 13:30:00-04:00,18.510000228881836,18.559999465942383,18.420000076293945,18.469999313354492,161150,0.0,0.0
2023-10-04 14:30:00-04:00,18.479999542236328,18.709999084472656,18.469999313354492,18.639999389648438,124527,0.0,0.0
2023-10-04 15:30:00-04:00,18.645000457763672,18.729999542236328,18.549999237060547,18.56999969482422,241265,0.0,0.0
2023-10-05 09:30:00-04:00,18.329999923706055,18.3799991607666,17.969999313354492,18.059900283813477,241234,0.0,0.0
2023-10-05 10:30:00-04:00,18.040000915527344,18.040000915527344,17.6299991607666,17.670000076293945,165273,0.0,0.0
2023-10-05 11:30:00-04:00,17.65999984741211,17.899999618530273,17.649999618530273,17.760000228881836,136218,0.0,0.0
2023-10-05 12:30:00-04:00,17.780000686645508,17.829999923706055,17.639999389648438,17.709999084472656,101692,0.0,0.0
2023-10-05 13:30:00-04:00,17.700000762939453,17.81999969482422,17.610000610351562,17.634599685668945,104610,0.0,0.0
2023-10-05 14:30:00-04:00,17.639999389648438,17.809999465942383,17.639999389648438,17.708999633789062,265382,0.0,0.0
2023-10-05 15:30:00-04:00,17.709999084472656,17.829999923706055,17.600000381469727,17.68000030517578,373663,0.0,0.0
2023-10-06 09:30:00-04:00,17.549999237060547,17.6299991607666,17.239999771118164,17.309999465942383,100283,0.0,0.0
2023-10-06 10:30:00-04:00,17.329999923706055,17.81999969482422,17.329999923706055,17.81999969482422,191491,0.0,0.0
2023-10-06 11:30:00-04:00,17.829999923706055,18.295000076293945,17.829999923706055,18.100000381469727,114834,0.0,0.0
2023-10-06 12:30:00-04:00,18.090099334716797,18.1299991607666,17.989999771118164,18.09000015258789,79772,0.0,0.0
2023-10-06 13:30:00-04:00,18.06999969482422,18.399999618530273,18.049999237060547,18.399999618530273,125437,0.0,0.0
2023-10-06 14:30:00-04:00,18.39299964904785,18.5,18.1299991607666,18.174999237060547,135655,0.0,0.0
2023-10-06 15:30:00-04:00,18.18000030517578,18.18000030517578,17.979999542236328,17.989999771118164,251344,0.0,0.0
2023-10-09 09:30:00-04:00,17.670000076293945,17.809999465942383,17.350000381469727,17.40999984741211,58804,0.0,0.0
2023-10-09 10:30:00-04:00,17.43000030517578,17.530000686645508,17.309999465942383,17.524999618530273,64630,0.0,0.0
2023-10-09 11:30:00-04:00,17.524999618530273,17.6825008392334,17.440000534057617,17.639999389648438,41616,0.0,0.0
2023-10-09 12:30:00-04:00,17.6299991607666,17.6299991607666,17.520000457763672,17.610000610351562,48810,0.0,0.0
2023-10-09 13:30:00-04:00,17.639999389648438,17.899999618530273,17.6299991607666,17.889999389648438,58115,0.0,0.0
2023-10-09 14:30:00-04:00,17.8799991607666,17.93000030517578,17.719999313354492,17.729999542236328,70885,0.0,0.0
2023-10-09 15:30:00-04:00,17.72879981994629,17.764999389648438,17.639999389648438,17.729999542236328,182318,0.0,0.0
2023-10-10 09:30:00-04:00,17.829999923706055,18.329999923706055,17.790000915527344,18.25,90390,0.0,0.0
2023-10-10 10:30:00-04:00,18.239999771118164,18.639999389648438,18.190000534057617,18.579999923706055,131914,0.0,0.0
2023-10-10 11:30:00-04:00,18.579999923706055,18.59000015258789,18.510000228881836,18.540000915527344,84739,0.0,0.0
2023-10-10 12:30:00-04:00,18.548900604248047,18.55500030517578,18.3700008392334,18.469999313354492,55326,0.0,0.0
2023-10-10 13:30:00-04:00,18.489999771118164,18.489999771118164,18.389999389648438,18.43000030517578,60326,0.0,0.0
2023-10-10 14:30:00-04:00,18.422000885009766,18.44499969482422,18.260000228881836,18.274999618530273,76287,0.0,0.0
2023-10-10 15:30:00-04:00,18.270000457763672,18.469999313354492,18.270000457763672,18.395000457763672,261469,0.0,0.0
2023-10-11 09:30:00-04:00,18.360000610351562,18.600000381469727,18.260000228881836,18.299999237060547,109593,0.0,0.0
2023-10-11 10:30:00-04:00,18.309999465942383,18.389999389648438,18.06999969482422,18.110000610351562,78789,0.0,0.0
2023-10-11 11:30:00-04:00,18.1299991607666,18.149999618530273,17.905000686645508,17.90999984741211,70896,0.0,0.0
2023-10-11 12:30:00-04:00,17.899999618530273,17.940000534057617,17.829999923706055,17.899999618530273,61822,0.0,0.0
2023-10-11 13:30:00-04:00,17.90999984741211,17.940000534057617,17.790000915527344,17.8700008392334,60226,0.0,0.0
2023-10-11 14:30:00-04:00,17.8700008392334,17.929899215698242,17.829999923706055,17.90999984741211,81410,0.0,0.0
2023-10-11 15:30:00-04:00,17.90999984741211,17.959999084472656,17.860000610351562,17.950000762939453,205096,0.0,0.0
2023-10-12 09:30:00-04:00,17.940000534057617,17.940000534057617,17.239999771118164,17.59000015258789,118715,0.0,0.0
2023-10-12 10:30:00-04:00,17.579999923706055,17.579999923706055,17.229999542236328,17.389999389648438,87584,0.0,0.0
2023-10-12 11:30:00-04:00,17.3700008392334,17.405000686645508,17.229999542236328,17.389999389648438,76895,0.0,0.0
2023-10-12 12:30:00-04:00,17.385000228881836,17.43000030517578,17.155000686645508,17.15999984741211,90473,0.0,0.0
2023-10-12 13:30:00-04:00,17.149999618530273,17.200000762939453,17.030000686645508,17.15999984741211,84397,0.0,0.0
2023-10-12 14:30:00-04:00,17.15999984741211,17.260000228881836,17.149999618530273,17.190000534057617,117076,0.0,0.0
2023-10-12 15:30:00-04:00,17.197999954223633,17.280000686645508,17.139999389648438,17.280000686645508,169368,0.0,0.0
2023-10-13 09:30:00-04:00,17.270000457763672,17.34000015258789,17.030000686645508,17.219999313354492,82831,0.0,0.0
2023-10-13 10:30:00-04:00,17.229999542236328,17.290000915527344,16.959999084472656,17.06999969482422,143039,0.0,0.0
2023-10-13 11:30:00-04:00,17.06999969482422,17.084999084472656,16.959999084472656,17.06999969482422,53774,0.0,0.0
2023-10-13 12:30:00-04:00,17.059999465942383,17.075000762939453,16.899999618530273,16.91189956665039,85092,0.0,0.0
2023-10-13 13:30:00-04:00,16.899999618530273,17.06999969482422,16.889999389648438,17.0,56140,0.0,0.0
2023-10-13 14:30:00-04:00,17.010000228881836,17.059999465942383,16.959999084472656,16.979999542236328,78944,0.0,0.0
2023-10-13 15:30:00-04:00,16.979999542236328,17.139999389648438,16.975000381469727,17.139999389648438,187446,0.0,0.0
2023-10-16 09:30:00-04:00,17.3799991607666,17.709999084472656,17.229999542236328,17.680099487304688,111622,0.0,0.0
2023-10-16 10:30:00-04:00,17.690000534057617,17.829999923706055,17.65999984741211,17.78499984741211,104440,0.0,0.0
2023-10-16 11:30:00-04:00,17.770000457763672,17.90999984741211,17.67009925842285,17.850000381469727,97833,0.0,0.0
2023-10-16 12:30:00-04:00,17.844999313354492,17.90999984741211,17.71500015258789,17.799999237060547,72746,0.0,0.0
2023-10-16 13:30:00-04:00,17.809999465942383,17.889999389648438,17.7450008392334,17.760000228881836,80939,0.0,0.0
2023-10-16 14:30:00-04:00,17.739999771118164,17.81999969482422,17.649999618530273,17.809999465942383,134381,0.0,0.0
2023-10-16 15:30:00-04:00,17.809999465942383,17.84000015258789,17.719999313354492,17.760000228881836,218704,0.0,0.0
2023-10-17 09:30:00-04:00,17.579999923706055,18.200000762939453,17.579999923706055,17.970600128173828,80052,0.0,0.0
2023-10-17 10:30:00-04:00,17.950000762939453,18.18000030517578,17.889999389648438,18.110000610351562,73811,0.0,0.0
2023-10-17 11:30:00-04:00,18.100000381469727,18.190000534057617,17.959999084472656,18.1299991607666,109695,0.0,0.0
2023-10-17 12:30:00-04:00,18.1299991607666,18.170000076293945,17.96500015258789,18.049999237060547,89598,0.0,0.0
2023-10-17 13:30:00-04:00,18.049999237060547,18.09000015258789,17.940000534057617,17.969999313354492,82322,0.0,0.0
2023-10-17 14:30:00-04:00,17.969999313354492,18.139999389648438,17.864999771118164,18.139999389648438,191732,0.0,0.0
2023-10-17 15:30:00-04:00,18.139999389648438,18.219999313354492,18.100000381469727,18.209999084472656,385507,0.0,0.0
2023-10-18 09:30:00-04:00,17.84000015258789,17.90999984741211,17.463899612426758,17.8799991607666,121455,0.0,0.0
2023-10-18 10:30:00-04:00,17.860000610351562,17.950000762939453,17.545000076293945,17.649999618530273,78732,0.0,0.0
2023-10-18 11:30:00-04:00,17.68000030517578,17.770000457763672,17.540000915527344,17.770000457763672,89933,0.0,0.0
2023-10-18 12:30:00-04:00,17.770000457763672,18.0,17.72249984741211,17.934999465942383,299547,0.0,0.0
2023-10-18 13:30:00-04:00,17.920000076293945,17.969999313354492,17.799999237060547,17.899999618530273,94610,0.0,0.0
2023-10-18 14:30:00-04:00,17.899999618530273,17.920000076293945,17.725000381469727,17.770000457763672,133679,0.0,0.0
2023-10-18 15:30:00-04:00,17.780000686645508,17.829999923706055,17.65999984741211,17.65999984741211,248305,0.0,0.0
2023-10-19 09:30:00-04:00,17.610000610351562,17.674999237060547,17.290000915527344,17.329999923706055,71168,0.0,0.0
2023-10-19 10:30:00-04:00,17.309999465942383,17.530000686645508,17.309999465942383,17.524999618530273,59038,0.0,0.0
2023-10-19 11:30:00-04:00,17.530000686645508,17.674999237060547,17.469999313354492,17.520000457763672,98558,0.0,0.0
2023-10-19 12:30:00-04:00,17.520000457763672,17.739999771118164,17.389999389648438,17.649999618530273,53987,0.0,0.0
2023-10-19 13:30:00-04:00,17.649999618530273,17.649999618530273,17.3705997467041,17.40999984741211,129375,0.0,0.0
2023-10-19 14:30:00-04:00,17.399999618530273,17.415000915527344,17.149999618530273,17.18000030517578,196008,0.0,0.0
2023-10-19 15:30:00-04:00,17.190000534057617,17.280000686645508,17.040000915527344,17.229999542236328,329485,0.0,0.0
2023-10-20 09:30:00-04:00,17.290000915527344,17.420000076293945,17.180099487304688,17.329999923706055,90301,0.0,0.0
2023-10-20 10:30:00-04:00,17.304000854492188,17.43000030517578,17.239999771118164,17.280000686645508,75791,0.0,0.0
2023-10-20 11:30:00-04:00,17.280000686645508,17.530000686645508,17.25,17.40999984741211,85321,0.0,0.0
2023-10-20 12:30:00-04:00,17.399999618530273,17.56999969482422,17.334999084472656,17.540000915527344,75581,0.0,0.0
2023-10-20 13:30:00-04:00,17.55500030517578,17.55500030517578,17.334999084472656,17.34000015258789,64493,0.0,0.0
2023-10-20 14:30:00-04:00,17.329999923706055,17.40999984741211,17.219999313354492,17.270000457763672,89415,0.0,0.0
2023-10-20 15:30:00-04:00,17.270000457763672,17.280000686645508,17.149999618530273,17.209999084472656,229245,0.0,0.0
2023-10-23 09:30:00-04:00,17.229999542236328,17.950000762939453,17.1299991607666,17.760000228881836,192986,0.0,0.0
2023-10-23 10:30:00-04:00,17.760000228881836,17.885000228881836,17.6200008392334,17.81999969482422,108213,0.0,0.0
2023-10-23 11:30:00-04:00,17.81999969482422,17.90999984741211,17.709999084472656,17.770000457763672,94416,0.0,0.0
2023-10-23 12:30:00-04:00,17.770000457763672,17.979999542236328,17.729999542236328,17.899999618530273,107752,0.0,0.0
2023-10-23 13:30:00-04:00,17.889999389648438,17.954999923706055,17.75,17.790000915527344,66588,0.0,0.0
2023-10-23 14:30:00-04:00,17.795000076293945,17.81999969482422,17.440000534057617,17.440000534057617,115813,0.0,0.0
2023-10-23 15:30:00-04:00,17.450000762939453,17.530000686645508,17.420000076293945,17.5,185270,0.0,0.0
2023-10-24 09:30:00-04:00,17.670000076293945,18.200000762939453,17.670000076293945,17.989999771118164,136344,0.0,0.0
2023-10-24 10:30:00-04:00,18.010000228881836,18.100000381469727,17.850000381469727,17.8700008392334,72693,0.0,0.0
2023-10-24 11:30:00-04:00,17.850000381469727,17.850000381469727,17.450000762939453,17.469100952148438,104725,0.0,0.0
2023-10-24 12:30:00-04:00,17.440000534057617,17.610000610351562,17.440000534057617,17.579999923706055,41117,0.0,0.0
2023-10-24 13:30:00-04:00,17.594999313354492,17.649999618530273,17.450000762939453,17.524999618530273,36597,0.0,0.0
2023-10-24 14:30:00-04:00,17.540000915527344,17.639999389648438,17.520000457763672,17.600000381469727,88402,0.0,0.0
2023-10-24 15:30:00-04:00,17.59000015258789,17.600000381469727,17.450000762939453,17.450000762939453,137284,0.0,0.0
2023-10-25 09:30:00-04:00,17.200000762939453,17.469499588012695,16.899999618530273,16.985000610351562,121982,0.0,0.0
2023-10-25 10:30:00-04:00,16.985000610351562,17.209999084472656,16.979999542236328,17.209999084472656,73725,0.0,0.0
2023-10-25 11:30:00-04:00,17.200000762939453,17.219999313354492,16.969999313354492,17.09000015258789,172598,0.0,0.0
2023-10-25 12:30:00-04:00,17.079999923706055,17.200000762939453,17.06999969482422,17.200000762939453,57799,0.0,0.0
2023-10-25 13:30:00-04:00,17.190000534057617,17.280000686645508,17.15999984741211,17.209999084472656,72683,0.0,0.0
2023-10-25 14:30:00-04:00,17.209999084472656,17.280000686645508,17.190000534057617,17.260000228881836,76811,0.0,0.0
2023-10-25 15:30:00-04:00,17.268999099731445,17.295000076293945,17.100000381469727,17.1200008392334,222292,0.0,0.0
2023-10-26 09:30:00-04:00,17.270000457763672,17.739999771118164,17.209999084472656,17.729999542236328,231747,0.0,0.0
2023-10-26 10:30:00-04:00,17.709999084472656,17.81999969482422,17.510000228881836,17.53499984741211,96523,0.0,0.0
2023-10-26 11:30:00-04:00,17.540000915527344,17.59000015258789,17.260000228881836,17.309999465942383,84694,0.0,0.0
2023-10-26 12:30:00-04:00,17.290000915527344,17.43000030517578,17.290000915527344,17.295000076293945,89578,0.0,0.0
2023-10-26 13:30:00-04:00,17.299999237060547,17.399999618530273,17.280000686645508,17.360000610351562,196865,0.0,0.0
2023-10-26 14:30:00-04:00,17.3700008392334,17.420000076293945,17.270000457763672,17.28499984741211,128150,0.0,0.0
2023-10-26 15:30:00-04:00,17.280000686645508,17.389999389648438,17.209999084472656,17.389999389648438,319397,0.0,0.0
2023-10-27 09:30:00-04:00,17.3799991607666,17.5,16.829999923706055,16.895000457763672,112025,0.0,0.0
2023-10-27 10:30:00-04:00,16.93000030517578,17.139999389648438,16.8700008392334,16.950000762939453,76930,0.0,0.0
2023-10-27 11:30:00-04:00,16.950000762939453,17.040000915527344,16.809999465942383,17.030000686645508,132560,0.0,0.0
2023-10-27 12:30:00-04:00,17.020000457763672,17.094999313354492,16.770000457763672,16.790000915527344,114471,0.0,0.0
2023-10-27 13:30:00-04:00,16.790000915527344,16.80500030517578,16.579999923706055,16.6299991607666,129754,0.0,0.0
2023-10-27 14:30:00-04:00,16.6299991607666,16.770000457763672,16.510000228881836,16.649999618530273,166746,0.0,0.0
2023-10-27 15:30:00-04:00,16.639999389648438,16.649999618530273,16.469999313354492,16.59000015258789,404000,0.0,0.0
2023-10-30 09:30:00-04:00,16.850000381469727,17.030000686645508,16.464000701904297,16.610000610351562,106284,0.0,0.0
2023-10-30 10:30:00-04:00,16.610000610351562,16.790000915527344,16.540000915527344,16.760000228881836,72315,0.0,0.0
2023-10-30 11:30:00-04:00,16.770000457763672,16.799999237060547,16.584999084472656,16.59000015258789,64043,0.0,0.0
2023-10-30 12:30:00-04:00,16.590900421142578,16.649999618530273,16.4950008392334,16.639999389648438,55536,0.0,0.0
2023-10-30 13:30:00-04:00,16.65999984741211,16.75,16.6200008392334,16.6200008392334,54351,0.0,0.0
2023-10-30 14:30:00-04:00,16.6200008392334,16.780000686645508,16.56999969482422,16.625,216189,0.0,0.0
2023-10-30 15:30:00-04:00,16.62420082092285,16.62420082092285,16.415000915527344,16.530000686645508,310153,0.0,0.0
2023-10-31 09:30:00-04:00,16.329999923706055,16.540000915527344,16.18000030517578,16.34000015258789,143182,0.0,0.0
2023-10-31 10:30:00-04:00,16.34000015258789,16.559499740600586,16.299999237060547,16.514999389648438,86662,0.0,0.0
2023-10-31 11:30:00-04:00,16.520000457763672,16.614999771118164,16.459999084472656,16.55500030517578,88585,0.0,0.0
2023-10-31 12:30:00-04:00,16.559999465942383,16.729999542236328,16.549999237060547,16.684999465942383,97384,0.0,0.0
2023-10-31 13:30:00-04:00,16.68000030517578,16.739999771118164,16.6299991607666,16.655000686645508,127253,0.0,0.0
2023-10-31 14:30:00-04:00,16.65999984741211,16.799999237060547,16.65999984741211,16.725000381469727,176227,0.0,0.0
2023-10-31 15:30:00-04:00,16.725000381469727,16.760000228881836,16.610000610351562,16.760000228881836,421072,0.0,0.0
2023-11-01 09:30:00-04:00,16.729999542236328,16.729999542236328,16.197500228881836,16.68000030517578,136652,0.0,0.0
2023-11-01 10:30:00-04:00,16.690000534057617,16.939899444580078,16.6825008392334,16.8700008392334,169129,0.0,0.0
2023-11-01 11:30:00-04:00,16.850000381469727,16.924999237060547,16.84000015258789,16.889999389648438,110658,0.0,0.0
2023-11-01 12:30:00-04:00,16.90999984741211,17.06999969482422,16.8799991607666,17.0,316520,0.0,0.0
2023-11-01 13:30:00-04:00,17.0,17.149999618530273,16.969999313354492,17.020000457763672,545255,0.0,0.0
2023-11-01 14:30:00-04:00,17.024999618530273,17.350000381469727,16.940000534057617,17.239999771118164,325474,0.0,0.0
2023-11-01 15:30:00-04:00,17.239999771118164,17.360000610351562,17.190000534057617,17.290000915527344,346748,0.0,0.0
2023-11-02 09:30:00-04:00,21.1200008392334,23.0,18.87190055847168,19.225000381469727,836045,0.0,0.0
2023-11-02 10:30:00-04:00,19.209999084472656,19.270000457763672,18.65999984741211,18.809999465942383,406121,0.0,0.0
2023-11-02 11:30:00-04:00,18.799999237060547,19.06999969482422,18.65999984741211,18.739999771118164,298812,0.0,0.0
2023-11-02 12:30:00-04:00,18.739999771118164,18.81999969482422,18.620100021362305,18.719999313354492,125713,0.0,0.0
2023-11-02 13:30:00-04:00,18.719999313354492,18.959999084472656,18.639999389648438,18.690000534057617,171009,0.0,0.0
2023-11-02 14:30:00-04:00,18.690000534057617,18.709999084472656,18.424999237060547,18.5,295652,0.0,0.0
2023-11-02 15:30:00-04:00,18.5,18.719999313354492,18.479999542236328,18.610000610351562,457265,0.0,0.0
2023-11-03 09:30:00-04:00,19.0,19.520000457763672,19.0,19.309999465942383,250190,0.0,0.0
2023-11-03 10:30:00-04:00,19.280000686645508,19.579999923706055,19.1200008392334,19.424999237060547,138836,0.0,0.0
2023-11-03 11:30:00-04:00,19.424999237060547,19.43000030517578,19.084999084472656,19.270000457763672,92071,0.0,0.0
2023-11-03 12:30:00-04:00,19.260000228881836,19.420000076293945,19.200000762939453,19.204999923706055,94420,0.0,0.0
2023-11-03 13:30:00-04:00,19.204999923706055,19.459999084472656,19.204999923706055,19.43000030517578,94613,0.0,0.0
2023-11-03 14:30:00-04:00,19.43000030517578,19.5,19.209999084472656,19.225000381469727,136836,0.0,0.0
2023-11-03 15:30:00-04:00,19.219999313354492,19.260000228881836,19.1200008392334,19.1299991607666,328861,0.0,0.0
2023-11-06 09:30:00-05:00,18.950000762939453,19.200000762939453,18.920000076293945,19.0,93852,0.0,0.0
2023-11-06 10:30:00-05:00,18.989999771118164,19.100000381469727,18.770000457763672,18.834999084472656,82092,0.0,0.0
2023-11-06 11:30:00-05:00,18.844999313354492,19.020000457763672,18.815000534057617,19.020000457763672,58624,0.0,0.0
2023-11-06 12:30:00-05:00,19.010000228881836,19.030000686645508,18.81999969482422,18.94499969482422,57087,0.0,0.0
2023-11-06 13:30:00-05:00,18.959999084472656,19.040000915527344,18.899999618530273,19.020000457763672,63159,0.0,0.0
2023-11-06 14:30:00-05:00,19.030000686645508,19.200000762939453,19.020000457763672,19.020000457763672,71565,0.0,0.0
2023-11-06 15:30:00-05:00,19.030000686645508,19.06999969482422,18.979999542236328,18.979999542236328,222728,0.0,0.0
2023-11-07 09:30:00-05:00,18.84000015258789,19.010000228881836,18.690000534057617,18.96500015258789,90330,0.0,0.0
2023-11-07 10:30:00-05:00,18.959999084472656,18.969999313354492,18.760000228881836,18.770000457763672,59061,0.0,0.0
2023-11-07 11:30:00-05:00,18.760000228881836,18.889999389648438,18.75,18.864999771118164,57616,0.0,0.0
2023-11-07 12:30:00-05:00,18.8700008392334,18.940000534057617,18.770000457763672,18.889999389648438,54138,0.0,0.0
2023-11-07 13:30:00-05:00,18.889999389648438,19.079999923706055,18.8799991607666,19.042499542236328,55655,0.0,0.0
2023-11-07 14:30:00-05:00,19.045000076293945,19.219999313354492,19.030000686645508,19.170000076293945,95956,0.0,0.0
2023-11-07 15:30:00-05:00,19.170000076293945,19.290000915527344,19.170000076293945,19.204999923706055,200911,0.0,0.0
2023-11-08 09:30:00-05:00,19.049999237060547,19.079999923706055,18.88249969482422,18.989999771118164,58673,0.0,0.0
2023-11-08 10:30:00-05:00,18.985000610351562,18.989999771118164,18.850000381469727,18.940000534057617,80338,0.0,0.0
2023-11-08 11:30:00-05:00,18.940000534057617,18.985000610351562,18.770000457763672,18.790000915527344,69788,0.0,0.0
2023-11-08 12:30:00-05:00,18.790000915527344,18.8799991607666,18.75,18.863100051879883,65559,0.0,0.0
2023-11-08 13:30:00-05:00,18.860000610351562,18.969999313354492,18.860000610351562,18.920000076293945,78084,0.0,0.0
2023-11-08 14:30:00-05:00,18.90999984741211,18.94499969482422,18.75,18.770000457763672,102195,0.0,0.0
2023-11-08 15:30:00-05:00,18.770000457763672,18.93000030517578,18.75,18.920000076293945,276668,0.0,0.0
2023-11-09 09:30:00-05:00,19.020000457763672,19.020000457763672,18.6299991607666,18.68000030517578,68573,0.0,0.0
2023-11-09 10:30:00-05:00,18.670000076293945,18.729999542236328,18.520000457763672,18.520000457763672,57423,0.0,0.0
2023-11-09 11:30:00-05:00,18.540000915527344,18.65999984741211,18.450000762939453,18.559999465942383,94663,0.0,0.0
2023-11-09 12:30:00-05:00,18.549999237060547,18.610000610351562,18.3799991607666,18.40999984741211,57132,0.0,0.0
2023-11-09 13:30:00-05:00,18.3799991607666,18.389999389648438,18.18000030517578,18.209999084472656,91556,0.0,0.0
2023-11-09 14:30:00-05:00,18.200000762939453,18.280000686645508,18.1200008392334,18.219999313354492,104873,0.0,0.0
2023-11-09 15:30:00-05:00,18.219999313354492,18.364999771118164,18.219999313354492,18.309999465942383,207075,0.0,0.0
2023-11-10 09:30:00-05:00,18.450000762939453,18.530000686645508,18.220500946044922,18.325000762939453,82085,0.0,0.0
2023-11-10 10:30:00-05:00,18.329999923706055,18.389999389648438,18.200000762939453,18.3700008392334,72383,0.0,0.0
2023-11-10 11:30:00-05:00,18.360000610351562,18.389999389648438,17.739999771118164,17.809999465942383,453355,0.0,0.0
2023-11-10 12:30:00-05:00,17.799999237060547,18.3700008392334,17.739999771118164,18.299999237060547,357012,0.0,0.0
2023-11-10 13:30:00-05:00,18.290000915527344,18.55500030517578,18.270000457763672,18.55500030517578,103686,0.0,0.0
2023-11-10 14:30:00-05:00,18.55500030517578,18.639999389648438,18.489999771118164,18.614999771118164,110185,0.0,0.0
2023-11-10 15:30:00-05:00,18.6200008392334,18.649999618530273,18.549999237060547,18.649999618530273,184022,0.0,0.0
2023-11-13 09:30:00-05:00,18.56999969482422,19.030000686645508,18.56999969482422,18.93000030517578,139190,0.0,0.0
2023-11-13 10:30:00-05:00,18.93000030517578,19.219999313354492,18.90999984741211,19.217899322509766,100678,0.0,0.0
2023-11-13 11:30:00-05:00,19.209999084472656,19.399999618530273,19.209999084472656,19.280000686645508,98928,0.0,0.0
2023-11-13 12:30:00-05:00,19.290000915527344,19.290000915527344,19.059999465942383,19.06999969482422,54604,0.0,0.0
2023-11-13 13:30:00-05:00,19.06999969482422,19.18000030517578,19.020000457763672,19.020000457763672,68623,0.0,0.0
2023-11-13 14:30:00-05:00,19.030000686645508,19.139999389648438,19.030000686645508,19.110000610351562,67958,0.0,0.0
2023-11-13 15:30:00-05:00,19.110000610351562,19.149999618530273,19.010000228881836,19.020000457763672,185640,0.0,0.0
2023-11-14 09:30:00-05:00,20.0,20.450000762939453,19.770000457763672,20.43000030517578,265109,0.0,0.0
2023-11-14 10:30:00-05:00,20.40999984741211,20.94099998474121,20.375,20.899999618530273,223786,0.0,0.0
2023-11-14 11:30:00-05:00,20.889999389648438,21.010000228881836,20.780000686645508,20.81999969482422,112870,0.0,0.0
2023-11-14 12:30:00-05:00,20.84000015258789,20.96500015258789,20.81999969482422,20.93000030517578,78849,0.0,0.0
2023-11-14 13:30:00-05:00,20.940000534057617,21.1200008392334,20.920000076293945,21.100000381469727,105333,0.0,0.0
2023-11-14 14:30:00-05:00,21.110000610351562,21.229999542236328,21.06999969482422,21.19499969482422,265080,0.0,0.0
2023-11-14 15:30:00-05:00,21.200000762939453,21.21500015258789,20.969999313354492,21.010000228881836,343443,0.0,0.0
2023-11-15 09:30:00-05:00,21.15999984741211,21.8799991607666,21.059999465942383,21.8799991607666,293497,0.0,0.0
2023-11-15 10:30:00-05:00,21.8799991607666,21.950000762939453,21.530000686645508,21.639999389648438,139566,0.0,0.0
2023-11-15 11:30:00-05:00,21.649999618530273,21.649999618530273,21.399999618530273,21.6299991607666,98301,0.0,0.0
2023-11-15 12:30:00-05:00,21.635000228881836,21.649999618530273,21.280000686645508,21.34000015258789,102825,0.0,0.0
2023-11-15 13:30:00-05:00,21.34000015258789,21.5,21.34000015258789,21.485000610351562,94541,0.0,0.0
2023-11-15 14:30:00-05:00,21.489999771118164,21.530000686645508,21.450000762939453,21.459999084472656,120328,0.0,0.0
2023-11-15 15:30:00-05:00,21.459999084472656,21.4950008392334,21.260000228881836,21.309999465942383,219724,0.0,0.0
2023-11-16 09:30:00-05:00,21.059999465942383,21.280000686645508,20.649999618530273,20.834999084472656,83381,0.0,0.0
2023-11-16 10:30:00-05:00,20.833999633789062,21.020000457763672,20.829999923706055,20.959999084472656,94928,0.0,0.0
2023-11-16 11:30:00-05:00,20.954999923706055,21.010000228881836,20.84000015258789,20.959999084472656,77508,0.0,0.0
2023-11-16 12:30:00-05:00,20.975000381469727,21.104999542236328,20.84000015258789,20.920000076293945,88258,0.0,0.0
2023-11-16 13:30:00-05:00,20.920000076293945,20.97599983215332,20.780000686645508,20.78499984741211,107771,0.0,0.0
2023-11-16 14:30:00-05:00,20.780000686645508,20.920000076293945,20.739999771118164,20.8700008392334,116308,0.0,0.0
2023-11-16 15:30:00-05:00,20.860000610351562,20.90999984741211,20.770000457763672,20.90999984741211,222021,0.0,0.0
2023-11-17 09:30:00-05:00,21.1299991607666,21.3799991607666,21.040000915527344,21.290000915527344,105576,0.0,0.0
2023-11-17 10:30:00-05:00,21.290000915527344,21.479999542236328,21.24679946899414,21.329999923706055,69104,0.0,0.0
2023-11-17 11:30:00-05:00,21.329999923706055,21.530000686645508,21.329999923706055,21.469999313354492,75506,0.0,0.0
2023-11-17 12:30:00-05:00,21.469999313354492,21.530000686645508,21.425100326538086,21.450000762939453,59911,0.0,0.0
2023-11-17 13:30:00-05:00,21.450000762939453,21.59000015258789,21.450000762939453,21.489999771118164,78499,0.0,0.0
2023-11-17 14:30:00-05:00,21.5,21.584999084472656,21.450000762939453,21.530000686645508,122200,0.0,0.0
2023-11-17 15:30:00-05:00,21.520000457763672,21.645000457763672,21.479999542236328,21.59000015258789,240114,0.0,0.0
2023-11-20 09:30:00-05:00,21.520000457763672,21.520000457763672,21.260000228881836,21.360000610351562,69310,0.0,0.0
2023-11-20 10:30:00-05:00,21.3799991607666,21.719999313354492,21.309999465942383,21.670000076293945,87126,0.0,0.0
2023-11-20 11:30:00-05:00,21.649999618530273,21.68000030517578,21.510000228881836,21.579999923706055,63348,0.0,0.0
2023-11-20 12:30:00-05:00,21.579999923706055,21.799999237060547,21.56999969482422,21.795000076293945,93520,0.0,0.0
2023-11-20 13:30:00-05:00,21.799999237060547,21.829999923706055,21.639999389648438,21.665000915527344,70676,0.0,0.0
2023-11-20 14:30:00-05:00,21.670000076293945,21.81999969482422,21.65999984741211,21.739999771118164,88812,0.0,0.0
2023-11-20 15:30:00-05:00,21.735000610351562,21.899999618530273,21.735000610351562,21.889999389648438,200393,0.0,0.0
2023-11-21 09:30:00-05:00,21.59000015258789,21.71500015258789,21.219999313354492,21.459999084472656,62990,0.0,0.0
2023-11-21 10:30:00-05:00,21.469999313354492,21.56999969482422,21.319900512695312,21.34000015258789,39579,0.0,0.0
2023-11-21 11:30:00-05:00,21.329999923706055,21.459999084472656,21.229999542236328,21.389999389648438,49673,0.0,0.0
2023-11-21 12:30:00-05:00,21.389999389648438,21.520000457763672,21.3799991607666,21.43000030517578,39945,0.0,0.0
2023-11-21 13:30:00-05:00,21.440000534057617,21.540000915527344,21.399999618530273,21.5,53210,0.0,0.0
2023-11-21 14:30:00-05:00,21.510000228881836,21.56999969482422,21.459999084472656,21.4950008392334,77251,0.0,0.0
2023-11-21 15:30:00-05:00,21.4950008392334,21.49880027770996,21.34000015258789,21.34000015258789,125301,0.0,0.0
2023-11-22 09:30:00-05:00,21.65999984741211,21.684999465942383,21.309999465942383,21.520000457763672,46089,0.0,0.0
2023-11-22 10:30:00-05:00,21.530000686645508,21.610000610351562,21.450000762939453,21.459999084472656,34121,0.0,0.0
2023-11-22 11:30:00-05:00,21.479999542236328,21.65999984741211,21.389999389648438,21.399999618530273,32409,0.0,0.0
2023-11-22 12:30:00-05:00,21.391300201416016,21.459999084472656,21.3799991607666,21.389999389648438,27878,0.0,0.0
2023-11-22 13:30:00-05:00,21.3799991607666,21.459999084472656,21.280799865722656,21.34000015258789,37768,0.0,0.0
2023-11-22 14:30:00-05:00,21.329999923706055,21.3700008392334,21.25,21.360000610351562,49786,0.0,0.0
2023-11-22 15:30:00-05:00,21.350000381469727,21.399999618530273,21.260000228881836,21.3799991607666,90307,0.0,0.0
2023-11-24 09:30:00-05:00,21.420000076293945,21.639999389648438,21.200000762939453,21.25,77998,0.0,0.0
2023-11-24 10:30:00-05:00,21.25,21.34000015258789,21.09000015258789,21.100000381469727,76472,0.0,0.0
2023-11-24 11:30:00-05:00,21.110000610351562,21.209999084472656,21.059999465942383,21.145000457763672,105831,0.0,0.0
2023-11-27 09:30:00-05:00,21.239999771118164,21.450000762939453,21.1299991607666,21.3799991607666,75658,0.0,0.0
2023-11-27 10:30:00-05:00,21.3799991607666,21.440000534057617,21.31999969482422,21.43000030517578,48818,0.0,0.0
2023-11-27 11:30:00-05:00,21.43000030517578,21.459999084472656,21.239999771118164,21.260000228881836,75083,0.0,0.0
2023-11-27 12:30:00-05:00,21.260000228881836,21.302200317382812,21.200000762939453,21.209999084472656,67295,0.0,0.0
2023-11-27 13:30:00-05:00,21.21500015258789,21.34000015258789,21.15999984741211,21.225000381469727,134437,0.0,0.0
2023-11-27 14:30:00-05:00,21.219999313354492,21.40999984741211,21.219999313354492,21.350000381469727,110059,0.0,0.0
2023-11-27 15:30:00-05:00,21.354999542236328,21.43000030517578,21.299999237060547,21.31800079345703,145443,0.0,0.0
2023-11-28 09:30:00-05:00,21.290000915527344,21.360000610351562,21.100000381469727,21.280000686645508,49932,0.0,0.0
2023-11-28 10:30:00-05:00,21.270000457763672,21.59000015258789,21.239999771118164,21.530000686645508,56266,0.0,0.0
2023-11-28 11:30:00-05:00,21.530000686645508,21.68000030517578,21.530000686645508,21.540000915527344,61679,0.0,0.0
2023-11-28 12:30:00-05:00,21.540000915527344,21.549999237060547,21.311100006103516,21.3700008392334,48694,0.0,0.0
2023-11-28 13:30:00-05:00,21.360000610351562,21.389999389648438,21.260000228881836,21.31999969482422,43048,0.0,0.0
2023-11-28 14:30:00-05:00,21.31999969482422,21.469999313354492,21.31999969482422,21.454999923706055,117970,0.0,0.0
2023-11-28 15:30:00-05:00,21.46500015258789,21.530000686645508,21.440000534057617,21.5,202761,0.0,0.0
2023-11-29 09:30:00-05:00,21.850000381469727,22.1200008392334,21.719999313354492,21.809999465942383,222184,0.0,0.0
2023-11-29 10:30:00-05:00,21.790000915527344,21.90999984741211,21.670000076293945,21.729999542236328,78045,0.0,0.0
2023-11-29 11:30:00-05:00,21.75,21.93000030517578,21.69499969482422,21.799999237060547,81775,0.0,0.0
2023-11-29 12:30:00-05:00,21.799999237060547,21.8700008392334,21.735000610351562,21.839500427246094,45390,0.0,0.0
2023-11-29 13:30:00-05:00,21.829999923706055,21.8700008392334,21.760000228881836,21.81999969482422,67123,0.0,0.0
2023-11-29 14:30:00-05:00,21.809999465942383,21.81999969482422,21.56999969482422,21.700000762939453,109418,0.0,0.0
2023-11-29 15:30:00-05:00,21.700000762939453,21.739999771118164,21.520000457763672,21.670000076293945,205505,0.0,0.0
2023-11-30 09:30:00-05:00,21.690000534057617,21.75,21.260000228881836,21.610000610351562,64519,0.0,0.0
2023-11-30 10:30:00-05:00,21.600000381469727,21.600000381469727,21.389999389648438,21.479999542236328,85051,0.0,0.0
2023-11-30 11:30:00-05:00,21.469999313354492,21.540000915527344,21.309999465942383,21.329999923706055,35800,0.0,0.0
2023-11-30 12:30:00-05:00,21.34000015258789,21.459999084472656,21.309999465942383,21.385000228881836,38785,0.0,0.0
2023-11-30 13:30:00-05:00,21.3799991607666,21.389999389648438,21.264999389648438,21.329999923706055,45616,0.0,0.0
2023-11-30 14:30:00-05:00,21.339000701904297,21.450000762939453,21.159000396728516,21.180200576782227,84032,0.0,0.0
2023-11-30 15:30:00-05:00,21.18000030517578,21.239999771118164,21.06999969482422,21.1200008392334,211537,0.0,0.0
2023-12-01 09:30:00-05:00,21.049999237060547,21.184999465942383,20.799999237060547,21.100799560546875,103999,0.0,0.0
2023-12-01 10:30:00-05:00,21.100000381469727,21.459999084472656,21.079999923706055,21.459999084472656,55280,0.0,0.0
2023-12-01 11:30:00-05:00,21.459999084472656,21.770000457763672,21.399999618530273,21.739999771118164,83532,0.0,0.0
2023-12-01 12:30:00-05:00,21.729999542236328,21.950000762939453,21.729999542236328,21.8799991607666,59044,0.0,0.0
2023-12-01 13:30:00-05:00,21.905000686645508,21.950000762939453,21.799999237060547,21.850000381469727,54758,0.0,0.0
2023-12-01 14:30:00-05:00,21.885000228881836,22.049999237060547,21.8700008392334,22.049999237060547,90272,0.0,0.0
2023-12-01 15:30:00-05:00,22.040000915527344,22.270000457763672,22.014999389648438,22.229999542236328,199523,0.0,0.0
2023-12-04 09:30:00-05:00,22.149999618530273,22.709999084472656,21.969999313354492,22.440000534057617,127289,0.0,0.0
2023-12-04 10:30:00-05:00,22.450000762939453,22.489999771118164,22.270000457763672,22.40999984741211,62167,0.0,0.0
2023-12-04 11:30:00-05:00,22.3700008392334,22.579999923706055,22.354999542236328,22.5049991607666,61026,0.0,0.0
2023-12-04 12:30:00-05:00,22.505300521850586,22.56999969482422,22.31999969482422,22.31999969482422,40597,0.0,0.0
2023-12-04 13:30:00-05:00,22.299999237060547,22.3700008392334,22.270000457763672,22.329999923706055,34926,0.0,0.0
2023-12-04 14:30:00-05:00,22.34000015258789,22.520000457763672,22.309999465942383,22.479999542236328,72884,0.0,0.0
2023-12-04 15:30:00-05:00,22.46660041809082,22.549999237060547,22.389999389648438,22.479999542236328,151507,0.0,0.0
2023-12-05 09:30:00-05:00,22.229999542236328,22.540000915527344,22.229999542236328,22.28499984741211,64276,0.0,0.0
2023-12-05 10:30:00-05:00,22.28499984741211,22.350000381469727,22.1299991607666,22.260000228881836,68629,0.0,0.0
2023-12-05 11:30:00-05:00,22.260000228881836,22.299999237060547,22.1299991607666,22.1299991607666,41394,0.0,0.0
2023-12-05 12:30:00-05:00,22.1200008392334,22.190000534057617,22.040000915527344,22.110000610351562,39659,0.0,0.0
2023-12-05 13:30:00-05:00,22.110000610351562,22.1299991607666,22.059999465942383,22.100000381469727,33800,0.0,0.0
2023-12-05 14:30:00-05:00,22.100000381469727,22.110000610351562,21.8700008392334,21.924999237060547,81482,0.0,0.0
2023-12-05 15:30:00-05:00,21.929800033569336,21.940000534057617,21.84000015258789,21.84000015258789,163574,0.0,0.0
2023-12-06 09:30:00-05:00,22.139999389648438,22.700000762939453,21.959999084472656,22.59000015258789,83614,0.0,0.0
2023-12-06 10:30:00-05:00,22.600000381469727,22.75,22.440000534057617,22.530000686645508,70373,0.0,0.0
2023-12-06 11:30:00-05:00,22.540000915527344,22.549999237060547,22.40999984741211,22.469999313354492,47417,0.0,0.0
2023-12-06 12:30:00-05:00,22.47089958190918,22.5,22.290000915527344,22.415000915527344,48708,0.0,0.0
2023-12-06 13:30:00-05:00,22.415000915527344,22.6299991607666,22.389999389648438,22.559999465942383,68665,0.0,0.0
2023-12-06 14:30:00-05:00,22.549299240112305,22.649999618530273,22.360000610351562,22.399999618530273,101948,0.0,0.0
2023-12-06 15:30:00-05:00,22.399999618530273,22.479999542236328,22.350000381469727,22.399999618530273,147989,0.0,0.0
2023-12-07 09:30:00-05:00,22.440000534057617,22.6299991607666,22.25,22.6299991607666,55194,0.0,0.0
2023-12-07 10:30:00-05:00,22.6200008392334,22.6200008392334,22.440000534057617,22.600000381469727,45933,0.0,0.0
2023-12-07 11:30:00-05:00,22.610000610351562,22.690000534057617,22.575000762939453,22.655000686645508,43853,0.0,0.0
2023-12-07 12:30:00-05:00,22.65999984741211,22.760000228881836,22.649999618530273,22.649999618530273,32989,0.0,0.0
2023-12-07 13:30:00-05:00,22.670000076293945,22.809999465942383,22.6299991607666,22.809999465942383,46154,0.0,0.0
2023-12-07 14:30:00-05:00,22.799999237060547,22.90999984741211,22.700000762939453,22.75,104809,0.0,0.0
2023-12-07 15:30:00-05:00,22.739999771118164,22.84000015258789,22.71500015258789,22.829999923706055,153446,0.0,0.0
2023-12-08 09:30:00-05:00,22.81999969482422,23.375,22.81999969482422,23.174999237060547,78937,0.0,0.0
2023-12-08 10:30:00-05:00,23.170000076293945,23.260000228881836,22.8799991607666,22.899999618530273,53662,0.0,0.0
2023-12-08 11:30:00-05:00,22.93000030517578,22.979999542236328,22.84000015258789,22.94499969482422,41257,0.0,0.0
2023-12-08 12:30:00-05:00,22.9424991607666,23.1200008392334,22.940000534057617,23.1200008392334,48337,0.0,0.0
2023-12-08 13:30:00-05:00,23.114999771118164,23.299999237060547,23.110000610351562,23.299999237060547,67076,0.0,0.0
2023-12-08 14:30:00-05:00,23.299999237060547,23.34000015258789,23.239999771118164,23.309999465942383,89933,0.0,0.0
2023-12-08 15:30:00-05:00,23.315000534057617,23.420000076293945,23.28499984741211,23.40999984741211,214412,0.0,0.0
2023-12-11 09:30:00-05:00,23.420000076293945,23.790000915527344,23.31999969482422,23.674999237060547,93095,0.0,0.0
2023-12-11 10:30:00-05:00,23.68000030517578,23.940000534057617,23.670000076293945,23.825000762939453,65773,0.0,0.0
2023-12-11 11:30:00-05:00,23.84000015258789,23.8799991607666,23.75,23.774999618530273,86012,0.0,0.0
2023-12-11 12:30:00-05:00,23.790000915527344,23.969999313354492,23.770000457763672,23.94099998474121,53964,0.0,0.0
2023-12-11 13:30:00-05:00,23.94499969482422,24.040000915527344,23.90999984741211,24.010000228881836,76170,0.0,0.0
2023-12-11 14:30:00-05:00,24.020000457763672,24.104999542236328,23.860000610351562,23.860000610351562,159930,0.0,0.0
2023-12-11 15:30:00-05:00,23.860000610351562,23.889999389648438,23.799999237060547,23.81999969482422,147577,0.0,0.0
2023-12-12 09:30:00-05:00,23.8799991607666,23.90999984741211,23.520000457763672,23.860000610351562,69021,0.0,0.0
2023-12-12 10:30:00-05:00,23.8700008392334,23.940000534057617,23.81999969482422,23.850000381469727,101463,0.0,0.0
2023-12-12 11:30:00-05:00,23.8700008392334,23.989999771118164,23.829999923706055,23.954999923706055,52123,0.0,0.0
2023-12-12 12:30:00-05:00,23.959999084472656,23.985000610351562,23.825000762939453,23.899999618530273,49248,0.0,0.0
2023-12-12 13:30:00-05:00,23.899999618530273,24.040000915527344,23.889999389648438,24.0,59066,0.0,0.0
2023-12-12 14:30:00-05:00,24.0,24.1200008392334,24.0,24.100000381469727,86360,0.0,0.0
2023-12-12 15:30:00-05:00,24.100000381469727,24.104999542236328,23.850000381469727,23.850000381469727,195525,0.0,0.0
2023-12-13 09:30:00-05:00,23.84000015258789,24.260000228881836,23.81999969482422,24.020000457763672,159489,0.0,0.0
2023-12-13 10:30:00-05:00,23.979999542236328,24.020000457763672,23.790000915527344,23.790000915527344,59125,0.0,0.0
2023-12-13 11:30:00-05:00,23.780000686645508,23.790000915527344,23.549999237060547,23.604999542236328,52619,0.0,0.0
2023-12-13 12:30:00-05:00,23.600000381469727,23.81999969482422,23.57029914855957,23.6299991607666,78505,0.0,0.0
2023-12-13 13:30:00-05:00,23.639999389648438,24.450000762939453,23.59000015258789,24.44499969482422,86199,0.0,0.0
2023-12-13 14:30:00-05:00,24.459999084472656,25.520000457763672,24.389999389648438,25.360000610351562,331517,0.0,0.0
2023-12-13 15:30:00-05:00,25.360000610351562,25.709999084472656,25.360000610351562,25.540000915527344,352105,0.0,0.0
2023-12-14 09:30:00-05:00,26.3799991607666,27.049999237060547,26.3799991607666,26.959999084472656,371881,0.0,0.0
2023-12-14 10:30:00-05:00,26.93000030517578,27.719900131225586,26.895000457763672,27.559999465942383,279821,0.0,0.0
2023-12-14 11:30:00-05:00,27.584999084472656,27.950000762939453,27.43000030517578,27.7549991607666,191468,0.0,0.0
2023-12-14 12:30:00-05:00,27.799999237060547,28.049999237060547,27.389999389648438,27.395000457763672,258089,0.0,0.0
2023-12-14 13:30:00-05:00,27.40999984741211,27.90999984741211,27.40999984741211,27.8799991607666,274767,0.0,0.0
2023-12-14 14:30:00-05:00,27.850000381469727,27.850000381469727,27.670000076293945,27.729999542236328,239062,0.0,0.0
2023-12-14 15:30:00-05:00,27.729999542236328,27.770000457763672,27.46500015258789,27.6200008392334,381046,0.0,0.0
2023-12-15 09:30:00-05:00,27.6299991607666,27.649999618530273,27.020000457763672,27.43000030517578,269587,0.0,0.0
2023-12-15 10:30:00-05:00,27.43000030517578,27.670000076293945,27.309999465942383,27.540000915527344,133991,0.0,0.0
2023-12-15 11:30:00-05:00,27.530000686645508,27.59000015258789,27.420000076293945,27.520000457763672,88651,0.0,0.0
2023-12-15 12:30:00-05:00,27.520000457763672,27.55500030517578,27.125,27.271099090576172,104512,0.0,0.0
2023-12-15 13:30:00-05:00,27.280000686645508,27.280000686645508,27.020000457763672,27.25,79483,0.0,0.0
2023-12-15 14:30:00-05:00,27.25,27.399999618530273,27.184999465942383,27.34000015258789,110800,0.0,0.0
2023-12-15 15:30:00-05:00,27.350000381469727,27.405000686645508,27.2450008392334,27.30699920654297,223109,0.0,0.0
2023-12-18 09:30:00-05:00,27.34000015258789,27.399999618530273,26.799999237060547,26.940000534057617,126938,0.0,0.0
2023-12-18 10:30:00-05:00,26.954299926757812,27.024999618530273,26.799999237060547,26.979999542236328,84629,0.0,0.0
2023-12-18 11:30:00-05:00,26.979999542236328,27.1200008392334,26.8799991607666,27.052900314331055,67278,0.0,0.0
2023-12-18 12:30:00-05:00,27.06999969482422,27.190000534057617,27.059999465942383,27.079999923706055,49940,0.0,0.0
2023-12-18 13:30:00-05:00,27.09000015258789,27.09000015258789,26.729999542236328,26.75,77890,0.0,0.0
2023-12-18 14:30:00-05:00,26.770000457763672,26.950000762939453,26.729999542236328,26.8700008392334,96709,0.0,0.0
2023-12-18 15:30:00-05:00,26.860000610351562,26.895000457763672,26.770000457763672,26.850000381469727,205598,0.0,0.0
2023-12-19 09:30:00-05:00,27.100000381469727,27.43000030517578,27.0,27.302900314331055,140852,0.0,0.0
2023-12-19 10:30:00-05:00,27.290000915527344,27.3799991607666,27.139999389648438,27.149999618530273,66962,0.0,0.0
2023-12-19 11:30:00-05:00,27.139999389648438,27.18000030517578,27.03499984741211,27.1299991607666,44771,0.0,0.0
2023-12-19 12:30:00-05:00,27.149999618530273,27.450000762939453,27.1299991607666,27.40999984741211,81299,0.0,0.0
2023-12-19 13:30:00-05:00,27.42009925842285,27.489999771118164,27.34000015258789,27.450000762939453,60571,0.0,0.0
2023-12-19 14:30:00-05:00,27.440000534057617,27.510000228881836,27.34000015258789,27.485000610351562,103850,0.0,0.0
2023-12-19 15:30:00-05:00,27.485000610351562,27.530000686645508,27.354999542236328,27.3799991607666,210889,0.0,0.0
2023-12-20 09:30:00-05:00,27.010000228881836,27.200000762939453,26.81999969482422,27.190000534057617,136178,0.0,0.0
2023-12-20 10:30:00-05:00,27.200000762939453,27.260000228881836,26.67009925842285,27.020099639892578,185615,0.0,0.0
2023-12-20 11:30:00-05:00,27.0,27.0,26.63249969482422,26.690000534057617,100381,0.0,0.0
2023-12-20 12:30:00-05:00,26.690000534057617,26.81999969482422,26.579999923706055,26.709999084472656,73675,0.0,0.0
2023-12-20 13:30:00-05:00,26.68000030517578,26.700000762939453,26.459999084472656,26.579999923706055,66364,0.0,0.0
2023-12-20 14:30:00-05:00,26.56999969482422,26.57859992980957,26.049999237060547,26.09000015258789,134314,0.0,0.0
2023-12-20 15:30:00-05:00,26.110000610351562,26.280000686645508,26.020000457763672,26.020000457763672,202811,0.0,0.0
2023-12-21 09:30:00-05:00,26.700000762939453,26.959999084472656,26.5,26.726699829101562,121313,0.0,0.0
2023-12-21 10:30:00-05:00,26.770000457763672,27.0,26.770000457763672,26.959999084472656,56305,0.0,0.0
2023-12-21 11:30:00-05:00,26.940000534057617,26.950000762939453,26.649999618530273,26.709999084472656,47491,0.0,0.0
2023-12-21 12:30:00-05:00,26.719999313354492,26.795000076293945,26.610000610351562,26.729999542236328,35482,0.0,0.0
2023-12-21 13:30:00-05:00,26.729999542236328,26.829999923706055,26.709999084472656,26.770000457763672,48363,0.0,0.0
2023-12-21 14:30:00-05:00,26.770000457763672,26.90999984741211,26.700000762939453,26.899999618530273,70531,0.0,0.0
2023-12-21 15:30:00-05:00,26.920000076293945,27.040000915527344,26.854999542236328,26.940000534057617,142654,0.0,0.0
2023-12-22 09:30:00-05:00,26.719999313354492,27.260000228881836,26.700000762939453,27.00349998474121,50824,0.0,0.0
2023-12-22 10:30:00-05:00,27.020000457763672,27.030000686645508,26.75,26.790000915527344,42101,0.0,0.0
2023-12-22 11:30:00-05:00,26.809999465942383,26.899999618530273,26.704999923706055,26.889999389648438,39886,0.0,0.0
2023-12-22 12:30:00-05:00,26.899999618530273,27.030000686645508,26.854999542236328,27.0049991607666,46565,0.0,0.0
2023-12-22 13:30:00-05:00,27.020000457763672,27.079999923706055,26.709999084472656,26.739999771118164,41645,0.0,0.0
2023-12-22 14:30:00-05:00,26.709999084472656,26.989999771118164,26.670000076293945,26.924999237060547,59873,0.0,0.0
2023-12-22 15:30:00-05:00,26.950000762939453,26.950000762939453,26.704999923706055,26.770000457763672,123705,0.0,0.0
2023-12-26 09:30:00-05:00,26.790000915527344,26.989999771118164,26.510000228881836,26.8700008392334,62424,0.0,0.0
2023-12-26 10:30:00-05:00,26.8799991607666,27.040000915527344,26.75,27.0,82677,0.0,0.0
2023-12-26 11:30:00-05:00,27.020000457763672,27.190000534057617,27.009000778198242,27.15570068359375,45486,0.0,0.0
2023-12-26 12:30:00-05:00,27.190000534057617,27.239999771118164,27.139999389648438,27.190000534057617,44576,0.0,0.0
2023-12-26 13:30:00-05:00,27.18000030517578,27.299999237060547,27.18000030517578,27.25,45019,0.0,0.0
2023-12-26 14:30:00-05:00,27.25,27.264999389648438,27.184999465942383,27.225000381469727,48913,0.0,0.0
2023-12-26 15:30:00-05:00,27.231000900268555,27.344999313354492,27.209999084472656,27.270000457763672,151252,0.0,0.0
2023-12-27 09:30:00-05:00,27.290000915527344,27.469999313354492,27.1299991607666,27.270000457763672,101374,0.0,0.0
2023-12-27 10:30:00-05:00,27.25,27.280000686645508,27.040000915527344,27.239999771118164,63128,0.0,0.0
2023-12-27 11:30:00-05:00,27.229999542236328,27.375,27.170000076293945,27.34000015258789,56088,0.0,0.0
2023-12-27 12:30:00-05:00,27.344999313354492,27.540000915527344,27.319900512695312,27.51289939880371,71564,0.0,0.0
2023-12-27 13:30:00-05:00,27.5,27.514999389648438,27.25,27.399999618530273,42414,0.0,0.0
2023-12-27 14:30:00-05:00,27.385000228881836,27.385000228881836,27.219999313354492,27.290000915527344,54080,0.0,0.0
2023-12-27 15:30:00-05:00,27.280000686645508,27.440000534057617,27.2450008392334,27.440000534057617,128465,0.0,0.0
2023-12-28 09:30:00-05:00,27.239999771118164,27.299999237060547,27.059999465942383,27.149999618530273,66937,0.0,0.0
2023-12-28 10:30:00-05:00,27.170000076293945,27.190000534057617,26.950000762939453,26.950000762939453,79786,0.0,0.0
2023-12-28 11:30:00-05:00,26.959999084472656,26.979999542236328,26.8700008392334,26.920000076293945,59421,0.0,0.0
2023-12-28 12:30:00-05:00,26.924999237060547,27.219999313354492,26.81999969482422,27.080400466918945,90811,0.0,0.0
2023-12-28 13:30:00-05:00,27.100000381469727,27.139999389648438,26.899999618530273,26.954999923706055,60744,0.0,0.0
2023-12-28 14:30:00-05:00,26.959999084472656,27.049999237060547,26.864999771118164,26.979999542236328,97865,0.0,0.0
2023-12-28 15:30:00-05:00,26.989999771118164,27.13990020751953,26.985000610351562,27.110000610351562,142591,0.0,0.0
2023-12-29 09:30:00-05:00,26.8799991607666,27.014999389648438,26.3700008392334,26.3700008392334,118764,0.0,0.0
2023-12-29 10:30:00-05:00,26.3700008392334,26.399999618530273,26.06999969482422,26.075000762939453,111460,0.0,0.0
2023-12-29 11:30:00-05:00,26.079999923706055,26.204999923706055,26.030000686645508,26.084999084472656,86599,0.0,0.0
2023-12-29 12:30:00-05:00,26.079999923706055,26.219999313354492,26.079999923706055,26.18000030517578,73224,0.0,0.0
2023-12-29 13:30:00-05:00,26.18000030517578,26.18000030517578,25.844999313354492,25.8700008392334,126491,0.0,0.0
2023-12-29 14:30:00-05:00,25.860000610351562,26.25,25.790000915527344,26.239999771118164,181231,0.0,0.0
2023-12-29 15:30:00-05:00,26.260000228881836,26.350000381469727,26.235000610351562,26.260000228881836,407693,0.0,0.0
2024-01-02 09:30:00-05:00,25.950000762939453,27.139999389648438,25.940000534057617,26.809999465942383,329876,0.0,0.0
2024-01-02 10:30:00-05:00,26.81999969482422,26.81999969482422,26.530000686645508,26.649999618530273,80089,0.0,0.0
2024-01-02 11:30:00-05:00,26.6299991607666,26.721599578857422,26.520099639892578,26.540000915527344,93011,0.0,0.0
2024-01-02 12:30:00-05:00,26.530000686645508,26.604999542236328,26.420000076293945,26.559999465942383,47000,0.0,0.0
2024-01-02 13:30:00-05:00,26.540000915527344,26.575000762939453,26.260000228881836,26.31999969482422,49100,0.0,0.0
2024-01-02 14:30:00-05:00,26.309999465942383,26.360000610351562,26.1299991607666,26.239999771118164,105863,0.0,0.0
2024-01-02 15:30:00-05:00,26.235000610351562,26.440000534057617,26.135000228881836,26.440000534057617,196493,0.0,0.0
2024-01-03 09:30:00-05:00,25.770000457763672,25.989999771118164,25.200000762939453,25.360000610351562,92486,0.0,0.0
2024-01-03 10:30:00-05:00,25.34000015258789,25.469999313354492,25.06999969482422,25.454999923706055,83591,0.0,0.0
2024-01-03 11:30:00-05:00,25.450000762939453,25.5,25.350000381469727,25.489999771118164,54380,0.0,0.0
2024-01-03 12:30:00-05:00,25.5,25.5,25.25,25.25,89103,0.0,0.0
2024-01-03 13:30:00-05:00,25.25,25.260000228881836,24.8700008392334,25.06999969482422,87430,0.0,0.0
2024-01-03 14:30:00-05:00,25.079999923706055,25.136199951171875,24.510000228881836,24.540000915527344,139701,0.0,0.0
2024-01-03 15:30:00-05:00,24.540000915527344,24.71500015258789,24.344999313354492,24.420000076293945,327750,0.0,0.0
2024-01-04 09:30:00-05:00,24.510000228881836,24.8700008392334,24.280099868774414,24.739999771118164,149786,0.0,0.0
2024-01-04 10:30:00-05:00,24.729999542236328,25.389999389648438,24.674999237060547,25.31999969482422,142237,0.0,0.0
2024-01-04 11:30:00-05:00,25.31999969482422,25.53499984741211,25.290000915527344,25.5049991607666,86091,0.0,0.0
2024-01-04 12:30:00-05:00,25.489999771118164,25.53499984741211,25.389999389648438,25.43000030517578,95845,0.0,0.0
2024-01-04 13:30:00-05:00,25.450000762939453,25.639999389648438,25.31999969482422,25.31999969482422,105830,0.0,0.0
2024-01-04 14:30:00-05:00,25.29360008239746,25.649999618530273,25.229999542236328,25.600000381469727,125647,0.0,0.0
2024-01-04 15:30:00-05:00,25.59000015258789,25.600000381469727,25.25,25.270000457763672,235082,0.0,0.0
2024-01-05 09:30:00-05:00,25.040000915527344,25.530000686645508,24.850000381469727,25.360000610351562,118078,0.0,0.0
2024-01-05 10:30:00-05:00,25.354999542236328,25.56999969482422,25.15999984741211,25.184999465942383,74608,0.0,0.0
2024-01-05 11:30:00-05:00,25.190000534057617,25.232500076293945,24.950000762939453,24.989999771118164,67364,0.0,0.0
2024-01-05 12:30:00-05:00,24.989900588989258,25.079999923706055,24.860000610351562,24.989999771118164,48494,0.0,0.0
2024-01-05 13:30:00-05:00,25.0,25.09000015258789,24.940000534057617,25.010000228881836,111898,0.0,0.0
2024-01-05 14:30:00-05:00,25.010000228881836,25.010000228881836,24.610000610351562,24.799999237060547,113688,0.0,0.0
2024-01-05 15:30:00-05:00,24.81999969482422,24.84000015258789,24.729999542236328,24.739999771118164,178871,0.0,0.0
2024-01-08 09:30:00-05:00,24.829999923706055,25.113000869750977,24.709999084472656,24.979999542236328,75804,0.0,0.0
2024-01-08 10:30:00-05:00,25.003400802612305,25.350000381469727,24.924999237060547,25.2450008392334,169300,0.0,0.0
2024-01-08 11:30:00-05:00,25.25,25.34000015258789,25.15999984741211,25.260000228881836,120649,0.0,0.0
2024-01-08 12:30:00-05:00,25.270000457763672,25.540000915527344,25.260000228881836,25.510000228881836,142842,0.0,0.0
2024-01-08 13:30:00-05:00,25.510000228881836,25.690000534057617,25.46500015258789,25.68000030517578,99390,0.0,0.0
2024-01-08 14:30:00-05:00,25.700000762939453,25.75,25.600000381469727,25.645000457763672,107811,0.0,0.0
2024-01-08 15:30:00-05:00,25.639999389648438,25.81999969482422,25.59000015258789,25.649999618530273,344497,0.0,0.0
2024-01-09 09:30:00-05:00,25.174999237060547,25.5,24.899999618530273,25.459999084472656,75918,0.0,0.0
2024-01-09 10:30:00-05:00,25.5049991607666,25.52910041809082,25.079999923706055,25.459999084472656,199262,0.0,0.0
2024-01-09 11:30:00-05:00,25.469999313354492,25.579999923706055,25.420000076293945,25.5,57692,0.0,0.0
2024-01-09 12:30:00-05:00,25.5,25.510000228881836,25.2549991607666,25.31999969482422,63309,0.0,0.0
2024-01-09 13:30:00-05:00,25.290000915527344,25.43000030517578,25.219999313354492,25.260000228881836,78241,0.0,0.0
2024-01-09 14:30:00-05:00,25.25,25.309999465942383,25.139999389648438,25.155000686645508,89395,0.0,0.0
2024-01-09 15:30:00-05:00,25.15999984741211,25.239999771118164,25.040000915527344,25.18000030517578,264983,0.0,0.0
2024-01-10 09:30:00-05:00,25.200000762939453,25.34000015258789,24.889999389648438,25.06999969482422,69863,0.0,0.0
2024-01-10 10:30:00-05:00,25.100000381469727,25.100000381469727,24.90999984741211,24.940000534057617,65394,0.0,0.0
2024-01-10 11:30:00-05:00,24.899999618530273,25.059999465942383,24.84000015258789,25.010000228881836,61484,0.0,0.0
2024-01-10 12:30:00-05:00,25.010000228881836,25.184999465942383,24.950000762939453,25.149999618530273,40387,0.0,0.0
2024-01-10 13:30:00-05:00,25.149999618530273,25.209999084472656,25.110000610351562,25.200000762939453,63923,0.0,0.0
2024-01-10 14:30:00-05:00,25.200000762939453,25.209999084472656,24.93000030517578,24.954999923706055,139854,0.0,0.0
2024-01-10 15:30:00-05:00,24.940000534057617,25.290000915527344,24.940000534057617,25.219999313354492,224404,0.0,0.0
2024-01-11 09:30:00-05:00,25.190000534057617,25.25,24.649999618530273,25.170000076293945,132555,0.0,0.0
2024-01-11 10:30:00-05:00,25.170000076293945,25.209999084472656,24.780000686645508,24.829999923706055,72726,0.0,0.0
2024-01-11 11:30:00-05:00,24.81999969482422,24.940000534057617,24.770000457763672,24.809999465942383,57869,0.0,0.0
2024-01-11 12:30:00-05:00,24.809999465942383,25.149999618530273,24.809999465942383,25.040000915527344,38327,0.0,0.0
2024-01-11 13:30:00-05:00,25.030000686645508,25.540000915527344,25.014999389648438,25.280000686645508,200366,0.0,0.0
2024-01-11 14:30:00-05:00,25.270000457763672,25.299999237060547,25.15999984741211,25.239999771118164,79506,0.0,0.0
2024-01-11 15:30:00-05:00,25.239999771118164,25.30500030517578,25.209999084472656,25.239999771118164,196587,0.0,0.0
2024-01-12 09:30:00-05:00,25.93000030517578,25.93000030517578,25.139999389648438,25.309999465942383,153878,0.0,0.0
2024-01-12 10:30:00-05:00,25.309999465942383,25.40999984741211,25.010000228881836,25.34000015258789,111828,0.0,0.0
2024-01-12 11:30:00-05:00,25.34000015258789,25.520000457763672,25.280000686645508,25.405000686645508,400779,0.0,0.0
2024-01-12 12:30:00-05:00,25.399999618530273,25.440000534057617,25.170000076293945,25.299999237060547,86893,0.0,0.0
2024-01-12 13:30:00-05:00,25.299999237060547,25.429000854492188,25.299999237060547,25.409900665283203,90113,0.0,0.0
2024-01-12 14:30:00-05:00,25.40999984741211,25.40999984741211,25.190000534057617,25.375,173442,0.0,0.0
2024-01-12 15:30:00-05:00,25.375,25.420000076293945,25.2810001373291,25.290000915527344,268166,0.0,0.0
2024-01-16 09:30:00-05:00,25.110000610351562,25.110000610351562,24.6299991607666,24.770000457763672,89847,0.0,0.0
2024-01-16 10:30:00-05:00,24.766000747680664,24.829999923706055,24.450000762939453,24.65999984741211,106844,0.0,0.0
2024-01-16 11:30:00-05:00,24.649999618530273,24.670000076293945,24.479999542236328,24.559999465942383,294052,0.0,0.0
2024-01-16 12:30:00-05:00,24.559999465942383,24.690000534057617,24.40999984741211,24.424999237060547,94260,0.0,0.0
2024-01-16 13:30:00-05:00,24.43000030517578,24.43000030517578,24.200000762939453,24.209999084472656,74998,0.0,0.0
2024-01-16 14:30:00-05:00,24.200000762939453,24.6200008392334,24.18000030517578,24.530000686645508,139969,0.0,0.0
2024-01-16 15:30:00-05:00,24.540000915527344,24.670000076293945,24.520000457763672,24.610000610351562,326378,0.0,0.0
2024-01-17 09:30:00-05:00,24.200000762939453,24.559999465942383,24.017799377441406,24.170000076293945,90045,0.0,0.0
2024-01-17 10:30:00-05:00,24.15999984741211,24.389999389648438,24.06999969482422,24.079999923706055,89850,0.0,0.0
2024-01-17 11:30:00-05:00,24.084999084472656,24.139999389648438,23.829999923706055,23.829999923706055,78473,0.0,0.0
2024-01-17 12:30:00-05:00,23.840499877929688,23.899999618530273,23.774599075317383,23.829999923706055,61565,0.0,0.0
2024-01-17 13:30:00-05:00,23.829999923706055,23.84000015258789,23.670000076293945,23.809999465942383,129093,0.0,0.0
2024-01-17 14:30:00-05:00,23.81999969482422,23.920000076293945,23.81999969482422,23.81999969482422,72840,0.0,0.0
2024-01-17 15:30:00-05:00,23.81999969482422,23.899999618530273,23.719999313354492,23.8700008392334,178358,0.0,0.0
2024-01-18 09:30:00-05:00,24.329999923706055,24.969999313354492,24.100000381469727,24.670000076293945,118661,0.0,0.0
2024-01-18 10:30:00-05:00,24.670000076293945,24.774999618530273,24.399999618530273,24.65999984741211,56064,0.0,0.0
2024-01-18 11:30:00-05:00,24.639999389648438,24.75,24.469999313354492,24.520000457763672,38049,0.0,0.0
2024-01-18 12:30:00-05:00,24.501699447631836,24.690000534057617,24.5,24.535999298095703,47740,0.0,0.0
2024-01-18 13:30:00-05:00,24.559999465942383,24.77899932861328,24.559999465942383,24.77899932861328,39468,0.0,0.0
2024-01-18 14:30:00-05:00,24.77899932861328,24.809999465942383,24.68000030517578,24.790000915527344,68461,0.0,0.0
2024-01-18 15:30:00-05:00,24.829999923706055,24.84000015258789,24.729999542236328,24.770000457763672,125033,0.0,0.0
2024-01-19 09:30:00-05:00,24.940000534057617,25.040000915527344,24.420000076293945,24.520000457763672,54917,0.0,0.0
2024-01-19 10:30:00-05:00,24.530000686645508,24.760000228881836,24.420000076293945,24.700000762939453,70998,0.0,0.0
2024-01-19 11:30:00-05:00,24.690000534057617,24.799999237060547,24.549999237060547,24.780000686645508,54297,0.0,0.0
2024-01-19 12:30:00-05:00,24.780000686645508,25.139999389648438,24.700000762939453,25.1299991607666,78232,0.0,0.0
2024-01-19 13:30:00-05:00,25.139999389648438,25.510000228881836,25.13249969482422,25.510000228881836,101418,0.0,0.0
2024-01-19 14:30:00-05:00,25.540000915527344,25.709999084472656,25.3700008392334,25.700000762939453,134011,0.0,0.0
2024-01-19 15:30:00-05:00,25.700000762939453,25.770000457763672,25.56999969482422,25.56999969482422,283269,0.0,0.0
2024-01-22 09:30:00-05:00,25.770000457763672,26.25,25.579999923706055,25.97559928894043,107108,0.0,0.0
2024-01-22 10:30:00-05:00,25.950000762939453,25.969999313354492,25.639999389648438,25.920000076293945,72466,0.0,0.0
2024-01-22 11:30:00-05:00,25.920000076293945,25.920000076293945,25.770000457763672,25.81999969482422,64760,0.0,0.0
2024-01-22 12:30:00-05:00,25.809999465942383,25.850000381469727,25.65999984741211,25.65999984741211,62478,0.0,0.0
2024-01-22 13:30:00-05:00,25.649999618530273,25.864999771118164,25.59000015258789,25.795000076293945,62389,0.0,0.0
2024-01-22 14:30:00-05:00,25.81999969482422,26.010000228881836,25.700000762939453,26.010000228881836,73264,0.0,0.0
2024-01-22 15:30:00-05:00,26.0,26.1200008392334,25.969999313354492,26.079999923706055,146886,0.0,0.0
2024-01-23 09:30:00-05:00,26.559999465942383,26.75,26.06999969482422,26.06999969482422,113814,0.0,0.0
2024-01-23 10:30:00-05:00,26.059999465942383,26.059999465942383,25.579999923706055,25.610000610351562,80425,0.0,0.0
2024-01-23 11:30:00-05:00,25.610000610351562,25.739999771118164,25.469999313354492,25.649999618530273,38472,0.0,0.0
2024-01-23 12:30:00-05:00,25.649999618530273,25.75,25.649999618530273,25.700000762939453,53124,0.0,0.0
2024-01-23 13:30:00-05:00,25.709999084472656,25.905000686645508,25.68000030517578,25.850000381469727,37642,0.0,0.0
2024-01-23 14:30:00-05:00,25.850000381469727,26.020000457763672,25.81999969482422,25.96500015258789,97213,0.0,0.0
2024-01-23 15:30:00-05:00,25.959999084472656,25.979999542236328,25.780000686645508,25.790000915527344,160029,0.0,0.0
2024-01-24 09:30:00-05:00,26.260000228881836,26.260000228881836,25.377700805664062,25.530000686645508,44315,0.0,0.0
2024-01-24 10:30:00-05:00,25.530000686645508,25.790000915527344,25.469999313354492,25.600000381469727,49200,0.0,0.0
2024-01-24 11:30:00-05:00,25.59000015258789,25.649999618530273,25.450000762939453,25.489999771118164,50122,0.0,0.0
2024-01-24 12:30:00-05:00,25.489999771118164,25.530000686645508,25.309999465942383,25.31999969482422,42525,0.0,0.0
2024-01-24 13:30:00-05:00,25.31999969482422,25.31999969482422,24.96500015258789,24.979999542236328,86147,0.0,0.0
2024-01-24 14:30:00-05:00,25.0,25.06999969482422,24.829999923706055,24.84000015258789,102104,0.0,0.0
2024-01-24 15:30:00-05:00,24.829999923706055,25.114999771118164,24.81999969482422,25.100000381469727,155861,0.0,0.0
2024-01-25 09:30:00-05:00,25.530000686645508,25.700000762939453,24.881999969482422,25.049999237060547,85768,0.0,0.0
2024-01-25 10:30:00-05:00,25.030000686645508,25.059999465942383,24.719999313354492,25.059999465942383,70652,0.0,0.0
2024-01-25 11:30:00-05:00,25.03499984741211,25.03499984741211,24.799999237060547,24.899999618530273,47456,0.0,0.0
2024-01-25 12:30:00-05:00,24.8799991607666,25.139999389648438,24.850000381469727,25.03569984436035,37400,0.0,0.0
2024-01-25 13:30:00-05:00,25.030000686645508,25.174999237060547,24.950000762939453,25.149999618530273,68585,0.0,0.0
2024-01-25 14:30:00-05:00,25.145000457763672,25.190000534057617,25.0,25.024999618530273,76664,0.0,0.0
2024-01-25 15:30:00-05:00,25.010000228881836,25.295000076293945,25.010000228881836,25.2450008392334,201867,0.0,0.0
2024-01-26 09:30:00-05:00,25.540000915527344,25.850000381469727,25.270000457763672,25.450000762939453,64243,0.0,0.0
2024-01-26 10:30:00-05:00,25.43000030517578,25.59000015258789,25.2549991607666,25.34000015258789,56773,0.0,0.0
2024-01-26 11:30:00-05:00,25.329999923706055,25.420000076293945,25.274999618530273,25.399999618530273,46862,0.0,0.0
2024-01-26 12:30:00-05:00,25.40999984741211,25.43000030517578,25.219999313354492,25.3700008392334,42261,0.0,0.0
2024-01-26 13:30:00-05:00,25.360000610351562,25.364999771118164,25.170000076293945,25.219999313354492,49667,0.0,0.0
2024-01-26 14:30:00-05:00,25.225000381469727,25.270000457763672,25.09000015258789,25.094999313354492,66098,0.0,0.0
2024-01-26 15:30:00-05:00,25.094999313354492,25.280000686645508,25.040000915527344,25.270000457763672,152879,0.0,0.0
2024-01-29 09:30:00-05:00,25.200000762939453,25.3700008392334,24.950000762939453,25.219999313354492,42503,0.0,0.0
2024-01-29 10:30:00-05:00,25.239999771118164,25.3799991607666,25.18000030517578,25.190000534057617,74364,0.0,0.0
2024-01-29 11:30:00-05:00,25.190000534057617,25.219999313354492,25.059999465942383,25.184999465942383,30664,0.0,0.0
2024-01-29 12:30:00-05:00,25.184999465942383,25.28499984741211,25.15999984741211,25.274999618530273,46692,0.0,0.0
2024-01-29 13:30:00-05:00,25.282499313354492,25.309999465942383,25.229999542236328,25.299999237060547,56139,0.0,0.0
2024-01-29 14:30:00-05:00,25.292200088500977,25.829999923706055,25.270000457763672,25.780000686645508,122306,0.0,0.0
2024-01-29 15:30:00-05:00,25.790000915527344,25.889999389648438,25.670000076293945,25.739999771118164,196817,0.0,0.0
2024-01-30 09:30:00-05:00,25.399999618530273,25.500099182128906,25.1299991607666,25.139999389648438,57079,0.0,0.0
2024-01-30 10:30:00-05:00,25.139999389648438,25.239999771118164,25.010000228881836,25.190000534057617,58333,0.0,0.0
2024-01-30 11:30:00-05:00,25.190000534057617,25.290000915527344,25.170000076293945,25.290000915527344,34654,0.0,0.0
2024-01-30 12:30:00-05:00,25.274999618530273,25.274999618530273,25.049999237060547,25.09000015258789,39218,0.0,0.0
2024-01-30 13:30:00-05:00,25.079999923706055,25.239999771118164,25.079999923706055,25.239999771118164,57945,0.0,0.0
2024-01-30 14:30:00-05:00,25.239999771118164,25.239999771118164,25.059999465942383,25.100000381469727,86831,0.0,0.0
2024-01-30 15:30:00-05:00,25.110000610351562,25.114999771118164,24.950000762939453,25.049999237060547,176567,0.0,0.0
2024-01-31 09:30:00-05:00,24.90999984741211,25.170000076293945,24.540000915527344,25.170000076293945,54559,0.0,0.0
2024-01-31 10:30:00-05:00,25.18000030517578,25.3125,25.100000381469727,25.270000457763672,48673,0.0,0.0
2024-01-31 11:30:00-05:00,25.2549991607666,25.420000076293945,25.100000381469727,25.420000076293945,57333,0.0,0.0
2024-01-31 12:30:00-05:00,25.43000030517578,25.670000076293945,25.30500030517578,25.31999969482422,150561,0.0,0.0
2024-01-31 13:30:00-05:00,25.31999969482422,25.389999389648438,25.030000686645508,25.059999465942383,53590,0.0,0.0
2024-01-31 14:30:00-05:00,25.059999465942383,25.690000534057617,24.8700008392334,24.899999618530273,132372,0.0,0.0
2024-01-31 15:30:00-05:00,24.8799991607666,25.030000686645508,24.790000915527344,24.829999923706055,296233,0.0,0.0
2024-02-01 09:30:00-05:00,25.1299991607666,25.309999465942383,24.860000610351562,25.024999618530273,87653,0.0,0.0
2024-02-01 10:30:00-05:00,25.049999237060547,25.110000610351562,24.59000015258789,24.760000228881836,49252,0.0,0.0
2024-02-01 11:30:00-05:00,24.790000915527344,25.219999313354492,24.790000915527344,24.989999771118164,54002,0.0,0.0
2024-02-01 12:30:00-05:00,25.030000686645508,25.31999969482422,25.030000686645508,25.139999389648438,50951,0.0,0.0
2024-02-01 13:30:00-05:00,25.15999984741211,25.34000015258789,25.059999465942383,25.25,49030,0.0,0.0
2024-02-01 14:30:00-05:00,25.25,25.395000457763672,25.18000030517578,25.387500762939453,79823,0.0,0.0
2024-02-01 15:30:00-05:00,25.399999618530273,25.510000228881836,25.309999465942383,25.434999465942383,173649,0.0,0.0
2024-02-02 09:30:00-05:00,24.799999237060547,24.850000381469727,24.3700008392334,24.81999969482422,103193,0.0,0.0
2024-02-02 10:30:00-05:00,24.799999237060547,24.940000534057617,24.565000534057617,24.940000534057617,116933,0.0,0.0
2024-02-02 11:30:00-05:00,24.959999084472656,25.084999084472656,24.84000015258789,25.059999465942383,39554,0.0,0.0
2024-02-02 12:30:00-05:00,25.06999969482422,25.209999084472656,24.854999542236328,25.170000076293945,43085,0.0,0.0
2024-02-02 13:30:00-05:00,25.190000534057617,25.399999618530273,25.15999984741211,25.290000915527344,133099,0.0,0.0
2024-02-02 14:30:00-05:00,25.280000686645508,25.450000762939453,25.260000228881836,25.398000717163086,74741,0.0,0.0
2024-02-02 15:30:00-05:00,25.399999618530273,25.41900062561035,25.190000534057617,25.190000534057617,141332,0.0,0.0
2024-02-05 09:30:00-05:00,24.68000030517578,24.860000610351562,24.420000076293945,24.530000686645508,96587,0.0,0.0
2024-02-05 10:30:00-05:00,24.524999618530273,24.760000228881836,24.360000610351562,24.670000076293945,56146,0.0,0.0
2024-02-05 11:30:00-05:00,24.709999084472656,24.864999771118164,24.68000030517578,24.864999771118164,42946,0.0,0.0
2024-02-05 12:30:00-05:00,24.864999771118164,24.989999771118164,24.829999923706055,24.920000076293945,40102,0.0,0.0
2024-02-05 13:30:00-05:00,24.899999618530273,24.985000610351562,24.8700008392334,24.920000076293945,33223,0.0,0.0
2024-02-05 14:30:00-05:00,24.934999465942383,24.979999542236328,24.829999923706055,24.905000686645508,48850,0.0,0.0
2024-02-05 15:30:00-05:00,24.899999618530273,24.940000534057617,24.719999313354492,24.739999771118164,118646,0.0,0.0
2024-02-06 09:30:00-05:00,24.600000381469727,25.010000228881836,24.454999923706055,24.950000762939453,57951,0.0,0.0
2024-02-06 10:30:00-05:00,24.93000030517578,25.260000228881836,24.920000076293945,25.260000228881836,47975,0.0,0.0
2024-02-06 11:30:00-05:00,25.239999771118164,25.280000686645508,25.040000915527344,25.200000762939453,48126,0.0,0.0
2024-02-06 12:30:00-05:00,25.170000076293945,25.200000762939453,24.969999313354492,25.020000457763672,32908,0.0,0.0
2024-02-06 13:30:00-05:00,25.030000686645508,25.100000381469727,24.969999313354492,25.040000915527344,48560,0.0,0.0
2024-02-06 14:30:00-05:00,25.030000686645508,25.139999389648438,24.969999313354492,25.059999465942383,58247,0.0,0.0
2024-02-06 15:30:00-05:00,25.059999465942383,25.174999237060547,25.010000228881836,25.09000015258789,113728,0.0,0.0
2024-02-07 09:30:00-05:00,25.209999084472656,25.209999084472656,24.81999969482422,25.079999923706055,45533,0.0,0.0
2024-02-07 10:30:00-05:00,25.06999969482422,25.1200008392334,24.854999542236328,24.889999389648438,41919,0.0,0.0
2024-02-07 11:30:00-05:00,24.875,24.93000030517578,24.780000686645508,24.834999084472656,37440,0.0,0.0
2024-02-07 12:30:00-05:00,24.81999969482422,24.93000030517578,24.719999313354492,24.93000030517578,44371,0.0,0.0
2024-02-07 13:30:00-05:00,24.950000762939453,25.055999755859375,24.899999618530273,24.940000534057617,46862,0.0,0.0
2024-02-07 14:30:00-05:00,24.94499969482422,24.959999084472656,24.850000381469727,24.889999389648438,66126,0.0,0.0
2024-02-07 15:30:00-05:00,24.899999618530273,24.920000076293945,24.68000030517578,24.690000534057617,142938,0.0,0.0
2024-02-08 09:30:00-05:00,24.65999984741211,24.860000610351562,24.5,24.769899368286133,53819,0.0,0.0
2024-02-08 10:30:00-05:00,24.799999237060547,24.849899291992188,24.450000762939453,24.520000457763672,68699,0.0,0.0
2024-02-08 11:30:00-05:00,24.5,24.760000228881836,24.469999313354492,24.709999084472656,60723,0.0,0.0
2024-02-08 12:30:00-05:00,24.700000762939453,24.719999313354492,24.579999923706055,24.719999313354492,49238,0.0,0.0
2024-02-08 13:30:00-05:00,24.719999313354492,24.799999237060547,24.399999618530273,24.479999542236328,168957,0.0,0.0
2024-02-08 14:30:00-05:00,24.479999542236328,24.59000015258789,24.389999389648438,24.450000762939453,128381,0.0,0.0
2024-02-08 15:30:00-05:00,24.450000762939453,24.549999237060547,24.440000534057617,24.479999542236328,229630,0.0,0.0
2024-02-09 09:30:00-05:00,24.559999465942383,24.989999771118164,24.46470069885254,24.989999771118164,45644,0.0,0.0
2024-02-09 10:30:00-05:00,25.0,25.38330078125,25.0,25.219999313354492,63845,0.0,0.0
2024-02-09 11:30:00-05:00,25.229999542236328,25.420000076293945,25.190000534057617,25.389999389648438,40537,0.0,0.0
2024-02-09 12:30:00-05:00,25.405000686645508,25.6200008392334,25.360000610351562,25.6200008392334,126647,0.0,0.0
2024-02-09 13:30:00-05:00,25.65999984741211,25.690000534057617,25.530000686645508,25.549999237060547,78466,0.0,0.0
2024-02-09 14:30:00-05:00,25.559999465942383,25.704999923706055,25.5,25.700000762939453,114171,0.0,0.0
2024-02-09 15:30:00-05:00,25.700000762939453,25.700000762939453,25.312000274658203,25.3799991607666,231778,0.0,0.0
2024-02-12 09:30:00-05:00,25.40999984741211,25.90999984741211,25.364999771118164,25.885000228881836,66568,0.0,0.0
2024-02-12 10:30:00-05:00,25.854999542236328,26.110000610351562,25.84000015258789,26.015199661254883,126384,0.0,0.0
2024-02-12 11:30:00-05:00,26.024999618530273,26.170000076293945,26.010000228881836,26.1200008392334,66563,0.0,0.0
2024-02-12 12:30:00-05:00,26.1299991607666,26.209999084472656,26.059999465942383,26.204999923706055,49153,0.0,0.0
2024-02-12 13:30:00-05:00,26.200000762939453,26.41990089416504,26.170000076293945,26.270000457763672,80298,0.0,0.0
2024-02-12 14:30:00-05:00,26.270000457763672,26.40999984741211,26.239999771118164,26.310100555419922,86141,0.0,0.0
2024-02-12 15:30:00-05:00,26.315000534057617,26.399999618530273,26.264999389648438,26.290000915527344,233476,0.0,0.0
2024-02-13 09:30:00-05:00,25.0,25.18000030517578,24.594999313354492,24.985000610351562,142028,0.0,0.0
2024-02-13 10:30:00-05:00,24.985000610351562,25.729999542236328,24.959999084472656,25.690000534057617,122432,0.0,0.0
2024-02-13 11:30:00-05:00,25.719999313354492,25.834999084472656,25.540000915527344,25.790000915527344,139061,0.0,0.0
2024-02-13 12:30:00-05:00,25.790000915527344,26.059999465942383,25.790000915527344,25.959999084472656,69858,0.0,0.0
2024-02-13 13:30:00-05:00,25.959999084472656,26.03499984741211,25.75,25.780000686645508,180303,0.0,0.0
2024-02-13 14:30:00-05:00,25.809999465942383,25.864999771118164,25.514999389648438,25.670000076293945,209962,0.0,0.0
2024-02-13 15:30:00-05:00,25.670000076293945,25.915000915527344,25.639999389648438,25.889999389648438,242870,0.0,0.0
2024-02-14 09:30:00-05:00,26.5,26.5,25.84000015258789,26.110000610351562,131025,0.0,0.0
2024-02-14 10:30:00-05:00,26.110000610351562,26.270000457763672,25.979999542236328,26.25,210809,0.0,0.0
2024-02-14 11:30:00-05:00,26.260000228881836,26.350000381469727,26.020000457763672,26.190000534057617,104981,0.0,0.0
2024-02-14 12:30:00-05:00,26.190000534057617,26.3700008392334,26.145000457763672,26.239999771118164,62607,0.0,0.0
2024-02-14 13:30:00-05:00,26.239999771118164,26.520000457763672,26.149999618530273,26.5,65588,0.0,0.0
2024-02-14 14:30:00-05:00,26.5,26.65999984741211,26.360000610351562,26.469999313354492,100236,0.0,0.0
2024-02-14 15:30:00-05:00,26.479999542236328,26.479999542236328,26.290000915527344,26.3700008392334,139562,0.0,0.0
2024-02-15 09:30:00-05:00,26.709999084472656,26.920000076293945,26.610000610351562,26.78499984741211,85014,0.0,0.0
2024-02-15 10:30:00-05:00,26.790000915527344,26.790000915527344,26.299999237060547,26.530000686645508,66255,0.0,0.0
2024-02-15 11:30:00-05:00,26.514999389648438,26.514999389648438,26.295000076293945,26.350000381469727,75465,0.0,0.0
2024-02-15 12:30:00-05:00,26.350000381469727,26.479999542236328,26.170000076293945,26.459999084472656,78189,0.0,0.0
2024-02-15 13:30:00-05:00,26.450000762939453,26.575000762939453,26.34000015258789,26.41860008239746,70195,0.0,0.0
2024-02-15 14:30:00-05:00,26.440000534057617,26.479999542236328,26.28499984741211,26.360000610351562,103157,0.0,0.0
2024-02-15 15:30:00-05:00,26.350000381469727,26.610000610351562,26.344999313354492,26.56999969482422,206941,0.0,0.0
2024-02-16 09:30:00-05:00,26.040000915527344,26.3700008392334,25.93000030517578,26.15999984741211,93445,0.0,0.0
2024-02-16 10:30:00-05:00,26.1299991607666,26.31999969482422,26.110000610351562,26.270000457763672,58395,0.0,0.0
2024-02-16 11:30:00-05:00,26.280000686645508,26.34000015258789,26.149999618530273,26.25,40986,0.0,0.0
2024-02-16 12:30:00-05:00,26.270000457763672,26.329999923706055,26.1200008392334,26.309999465942383,45210,0.0,0.0
2024-02-16 13:30:00-05:00,26.31999969482422,26.350000381469727,26.24410057067871,26.24410057067871,41301,0.0,0.0
2024-02-16 14:30:00-05:00,26.239999771118164,26.239999771118164,26.020000457763672,26.110000610351562,95545,0.0,0.0
2024-02-16 15:30:00-05:00,26.110000610351562,26.1200008392334,25.93000030517578,25.979999542236328,174717,0.0,0.0
2024-02-20 09:30:00-05:00,25.489999771118164,25.575000762939453,25.010000228881836,25.1200008392334,97577,0.0,0.0
2024-02-20 10:30:00-05:00,25.114999771118164,25.420000076293945,25.0,25.420000076293945,99287,0.0,0.0
2024-02-20 11:30:00-05:00,25.405000686645508,25.450000762939453,25.19499969482422,25.229999542236328,101354,0.0,0.0
2024-02-20 12:30:00-05:00,25.219999313354492,25.434999465942383,25.200000762939453,25.34000015258789,50997,0.0,0.0
2024-02-20 13:30:00-05:00,25.350000381469727,25.520000457763672,25.280000686645508,25.469999313354492,86977,0.0,0.0
2024-02-20 14:30:00-05:00,25.459999084472656,25.610000610351562,25.434999465942383,25.53499984741211,107121,0.0,0.0
2024-02-20 15:30:00-05:00,25.540000915527344,25.739999771118164,25.424999237060547,25.719999313354492,223604,0.0,0.0
2024-02-21 09:30:00-05:00,25.479999542236328,25.969999313354492,24.84000015258789,25.139999389648438,222811,0.0,0.0
2024-02-21 10:30:00-05:00,25.1200008392334,25.475000381469727,24.959999084472656,25.059999465942383,130112,0.0,0.0
2024-02-21 11:30:00-05:00,25.049999237060547,25.524999618530273,24.809999465942383,25.469999313354492,116905,0.0,0.0
2024-02-21 12:30:00-05:00,25.469999313354492,25.489999771118164,25.295000076293945,25.43000030517578,61553,0.0,0.0
2024-02-21 13:30:00-05:00,25.450000762939453,25.610000610351562,25.1299991607666,25.1299991607666,98362,0.0,0.0
2024-02-21 14:30:00-05:00,25.1200008392334,25.149999618530273,24.770000457763672,24.860000610351562,371436,0.0,0.0
2024-02-21 15:30:00-05:00,24.860000610351562,25.30699920654297,24.844999313354492,25.100000381469727,299708,0.0,0.0
2024-02-22 09:30:00-05:00,24.979999542236328,25.979999542236328,24.630699157714844,25.170000076293945,293391,0.0,0.0
2024-02-22 10:30:00-05:00,25.139999389648438,25.309999465942383,24.700000762939453,24.8799991607666,184895,0.0,0.0
2024-02-22 11:30:00-05:00,24.8799991607666,25.15999984741211,24.8799991607666,25.049999237060547,113489,0.0,0.0
2024-02-22 12:30:00-05:00,25.079999923706055,25.204999923706055,24.600000381469727,24.614999771118164,130936,0.0,0.0
2024-02-22 13:30:00-05:00,24.6299991607666,25.270000457763672,24.579999923706055,25.270000457763672,210971,0.0,0.0
2024-02-22 14:30:00-05:00,25.260000228881836,25.280000686645508,24.889999389648438,24.899999618530273,189733,0.0,0.0
2024-02-22 15:30:00-05:00,24.915000915527344,25.299999237060547,24.899999618530273,25.219999313354492,332171,0.0,0.0
2024-02-23 09:30:00-05:00,25.190000534057617,25.40999984741211,24.969999313354492,25.079999923706055,180545,0.0,0.0
2024-02-23 10:30:00-05:00,25.06999969482422,25.149999618530273,24.729999542236328,24.889999389648438,127431,0.0,0.0
2024-02-23 11:30:00-05:00,24.899999618530273,25.165000915527344,24.7268009185791,24.979999542236328,113047,0.0,0.0
2024-02-23 12:30:00-05:00,24.989999771118164,24.989999771118164,24.81999969482422,24.899999618530273,92996,0.0,0.0
2024-02-23 13:30:00-05:00,24.899999618530273,25.030000686645508,24.895000457763672,24.940000534057617,140087,0.0,0.0
2024-02-23 14:30:00-05:00,24.950000762939453,25.100000381469727,24.899999618530273,25.020000457763672,140897,0.0,0.0
2024-02-23 15:30:00-05:00,25.020000457763672,25.2549991607666,24.975000381469727,25.15999984741211,370998,0.0,0.0
2024-02-26 09:30:00-05:00,24.920000076293945,25.790000915527344,24.90999984741211,25.489999771118164,158052,0.0,0.0
2024-02-26 10:30:00-05:00,25.485000610351562,25.549999237060547,25.350000381469727,25.489999771118164,169775,0.0,0.0
2024-02-26 11:30:00-05:00,25.489999771118164,25.690000534057617,25.469999313354492,25.584999084472656,90998,0.0,0.0
2024-02-26 12:30:00-05:00,25.600000381469727,25.600000381469727,25.350000381469727,25.399999618530273,97814,0.0,0.0
2024-02-26 13:30:00-05:00,25.399999618530273,25.559999465942383,25.299999237060547,25.559999465942383,89732,0.0,0.0
2024-02-26 14:30:00-05:00,25.559999465942383,25.59000015258789,25.420000076293945,25.559999465942383,129218,0.0,0.0
2024-02-26 15:30:00-05:00,25.559999465942383,25.670000076293945,25.43000030517578,25.440000534057617,244752,0.0,0.0
2024-02-27 09:30:00-05:00,25.889999389648438,26.815000534057617,25.8799991607666,26.780000686645508,219680,0.0,0.0
2024-02-27 10:30:00-05:00,26.790000915527344,26.90999984741211,26.69499969482422,26.780000686645508,163992,0.0,0.0
2024-02-27 11:30:00-05:00,26.790000915527344,26.950000762939453,26.760000228881836,26.889999389648438,138980,0.0,0.0
2024-02-27 12:30:00-05:00,26.889999389648438,26.989999771118164,26.810800552368164,26.829999923706055,132606,0.0,0.0
2024-02-27 13:30:00-05:00,26.829999923706055,26.940000534057617,26.75,26.834999084472656,117722,0.0,0.0
2024-02-27 14:30:00-05:00,26.829999923706055,26.829999923706055,26.615100860595703,26.615100860595703,155008,0.0,0.0
2024-02-27 15:30:00-05:00,26.6200008392334,26.665000915527344,26.549999237060547,26.559999465942383,239140,0.0,0.0
2024-02-28 09:30:00-05:00,26.18000030517578,26.43000030517578,25.950000762939453,26.350000381469727,85206,0.0,0.0
2024-02-28 10:30:00-05:00,26.33009910583496,26.549999237060547,26.33009910583496,26.459999084472656,77943,0.0,0.0
2024-02-28 11:30:00-05:00,26.469999313354492,26.540000915527344,26.270000457763672,26.514999389648438,81834,0.0,0.0
2024-02-28 12:30:00-05:00,26.5,26.700000762939453,26.5,26.559999465942383,81455,0.0,0.0
2024-02-28 13:30:00-05:00,26.559999465942383,26.59000015258789,26.450000762939453,26.4950008392334,73690,0.0,0.0
2024-02-28 14:30:00-05:00,26.479999542236328,26.56999969482422,26.420000076293945,26.5,104431,0.0,0.0
2024-02-28 15:30:00-05:00,26.5,26.549999237060547,26.3700008392334,26.3700008392334,200839,0.0,0.0
2024-02-29 09:30:00-05:00,26.90999984741211,26.950000762939453,26.450000762939453,26.709999084472656,70461,0.0,0.0
2024-02-29 10:30:00-05:00,26.709999084472656,26.760000228881836,26.559999465942383,26.562700271606445,58487,0.0,0.0
2024-02-29 11:30:00-05:00,26.549999237060547,26.709999084472656,26.360000610351562,26.5049991607666,66192,0.0,0.0
2024-02-29 12:30:00-05:00,26.5,26.59000015258789,26.479999542236328,26.510000228881836,38429,0.0,0.0
2024-02-29 13:30:00-05:00,26.520000457763672,26.690000534057617,26.499000549316406,26.6299991607666,44162,0.0,0.0
2024-02-29 14:30:00-05:00,26.635000228881836,26.65999984741211,26.549999237060547,26.639999389648438,66323,0.0,0.0
2024-02-29 15:30:00-05:00,26.645000457763672,26.81999969482422,26.610000610351562,26.700000762939453,188610,0.0,0.0
2024-03-01 09:30:00-05:00,26.639999389648438,26.8700008392334,26.190000534057617,26.760000228881836,133846,0.0,0.0
2024-03-01 10:30:00-05:00,26.760000228881836,27.350000381469727,26.645000457763672,27.27989959716797,154913,0.0,0.0
2024-03-01 11:30:00-05:00,27.270000457763672,27.65999984741211,27.260000228881836,27.450000762939453,127026,0.0,0.0
2024-03-01 12:30:00-05:00,27.450000762939453,27.545000076293945,27.350000381469727,27.434999465942383,91845,0.0,0.0
2024-03-01 13:30:00-05:00,27.43000030517578,27.510000228881836,27.3700008392334,27.5,101825,0.0,0.0
2024-03-01 14:30:00-05:00,27.510000228881836,27.520000457763672,27.277700424194336,27.3799991607666,138872,0.0,0.0
2024-03-01 15:30:00-05:00,27.385000228881836,27.510000228881836,27.364999771118164,27.479999542236328,257421,0.0,0.0
2024-03-04 09:30:00-05:00,27.520000457763672,27.594999313354492,26.899999618530273,26.93000030517578,96844,0.0,0.0
2024-03-04 10:30:00-05:00,26.940000534057617,27.1200008392334,26.860000610351562,27.020000457763672,100616,0.0,0.0
2024-03-04 11:30:00-05:00,27.022899627685547,27.06999969482422,26.807199478149414,26.81999969482422,56142,0.0,0.0
2024-03-04 12:30:00-05:00,26.850000381469727,26.860000610351562,26.530000686645508,26.690000534057617,82941,0.0,0.0
2024-03-04 13:30:00-05:00,26.690000534057617,26.81999969482422,26.68000030517578,26.780000686645508,67941,0.0,0.0
2024-03-04 14:30:00-05:00,26.785999298095703,27.09000015258789,26.740100860595703,27.052499771118164,124993,0.0,0.0
2024-03-04 15:30:00-05:00,27.049999237060547,27.170000076293945,27.03499984741211,27.09000015258789,243381,0.0,0.0
2024-03-05 09:30:00-05:00,26.8799991607666,27.399999618530273,26.670000076293945,27.149999618530273,75079,0.0,0.0
2024-03-05 10:30:00-05:00,27.165000915527344,27.440000534057617,27.079999923706055,27.3700008392334,110229,0.0,0.0
2024-03-05 11:30:00-05:00,27.3700008392334,27.43000030517578,27.229999542236328,27.424999237060547,76455,0.0,0.0
2024-03-05 12:30:00-05:00,27.420000076293945,27.6200008392334,27.40999984741211,27.604999542236328,78473,0.0,0.0
2024-03-05 13:30:00-05:00,27.604999542236328,28.204999923706055,27.59000015258789,28.190000534057617,140365,0.0,0.0
2024-03-05 14:30:00-05:00,28.184999465942383,28.489999771118164,28.100000381469727,28.389999389648438,292350,0.0,0.0
2024-03-05 15:30:00-05:00,28.385000228881836,28.665000915527344,28.31999969482422,28.530000686645508,463715,0.0,0.0
2024-03-06 09:30:00-05:00,28.309999465942383,28.549999237060547,27.600000381469727,28.19499969482422,285459,0.0,0.0
2024-03-06 10:30:00-05:00,28.18000030517578,28.350000381469727,27.809999465942383,27.989999771118164,160762,0.0,0.0
2024-03-06 11:30:00-05:00,27.950000762939453,28.012500762939453,27.770000457763672,27.924999237060547,85313,0.0,0.0
2024-03-06 12:30:00-05:00,27.934999465942383,28.1299991607666,27.8799991607666,28.100000381469727,78977,0.0,0.0
2024-03-06 13:30:00-05:00,28.079999923706055,28.1299991607666,27.809999465942383,28.094999313354492,129157,0.0,0.0
2024-03-06 14:30:00-05:00,28.100000381469727,28.1299991607666,27.719999313354492,27.81999969482422,235869,0.0,0.0
2024-03-06 15:30:00-05:00,27.829999923706055,27.84000015258789,27.5,27.56999969482422,310874,0.0,0.0
2024-03-07 09:30:00-05:00,27.739999771118164,28.079999923706055,27.5,27.65999984741211,77420,0.0,0.0
2024-03-07 10:30:00-05:00,27.68000030517578,27.702699661254883,27.414199829101562,27.489999771118164,77524,0.0,0.0
2024-03-07 11:30:00-05:00,27.480199813842773,27.485000610351562,27.280000686645508,27.309999465942383,70424,0.0,0.0
2024-03-07 12:30:00-05:00,27.309999465942383,27.440000534057617,27.260000228881836,27.3799991607666,79511,0.0,0.0
2024-03-07 13:30:00-05:00,27.389999389648438,27.420000076293945,27.219999313354492,27.229000091552734,67641,0.0,0.0
2024-03-07 14:30:00-05:00,27.219999313354492,27.3700008392334,27.1299991607666,27.170000076293945,94623,0.0,0.0
2024-03-07 15:30:00-05:00,27.170000076293945,27.200000762939453,27.049999237060547,27.1299991607666,206822,0.0,0.0
2024-03-08 09:30:00-05:00,27.489999771118164,28.549999237060547,27.25,28.489999771118164,258310,0.0,0.0
2024-03-08 10:30:00-05:00,28.514999389648438,28.719999313354492,27.889999389648438,27.889999389648438,199156,0.0,0.0
2024-03-08 11:30:00-05:00,27.889999389648438,28.079999923706055,27.860000610351562,27.899999618530273,87541,0.0,0.0
2024-03-08 12:30:00-05:00,27.90999984741211,27.9950008392334,27.65999984741211,27.702699661254883,83429,0.0,0.0
2024-03-08 13:30:00-05:00,27.6825008392334,27.8799991607666,27.579999923706055,27.864999771118164,81338,0.0,0.0
2024-03-08 14:30:00-05:00,27.860000610351562,27.954999923706055,27.670000076293945,27.684999465942383,125198,0.0,0.0
2024-03-08 15:30:00-05:00,27.68000030517578,27.78499984741211,27.56999969482422,27.7450008392334,243774,0.0,0.0
2024-03-11 09:30:00-04:00,27.709999084472656,27.88990020751953,27.149999618530273,27.34000015258789,87031,0.0,0.0
2024-03-11 10:30:00-04:00,27.34000015258789,27.3700008392334,26.860000610351562,26.8799991607666,102526,0.0,0.0
2024-03-11 11:30:00-04:00,26.860000610351562,27.148399353027344,26.8174991607666,27.075000762939453,99117,0.0,0.0
2024-03-11 12:30:00-04:00,27.079999923706055,27.18000030517578,26.93000030517578,26.9950008392334,64244,0.0,0.0
2024-03-11 13:30:00-04:00,26.9950008392334,27.1200008392334,26.90999984741211,27.100000381469727,83799,0.0,0.0
2024-03-11 14:30:00-04:00,27.100000381469727,27.1299991607666,26.90999984741211,27.038000106811523,93703,0.0,0.0
2024-03-11 15:30:00-04:00,27.038000106811523,27.145000457763672,26.885000228881836,27.110000610351562,290613,0.0,0.0
2024-03-12 09:30:00-04:00,27.200000762939453,27.229999542236328,26.989999771118164,27.1299991607666,63442,0.0,0.0
2024-03-12 10:30:00-04:00,27.139999389648438,27.405000686645508,27.139999389648438,27.350000381469727,41874,0.0,0.0
2024-03-12 11:30:00-04:00,27.290000915527344,27.329999923706055,27.030000686645508,27.100000381469727,44883,0.0,0.0
2024-03-12 12:30:00-04:00,27.100000381469727,27.1200008392334,26.959999084472656,27.03499984741211,60924,0.0,0.0
2024-03-12 13:30:00-04:00,27.03499984741211,27.120100021362305,27.0049991607666,27.06999969482422,47114,0.0,0.0
2024-03-12 14:30:00-04:00,27.079999923706055,27.25,27.06999969482422,27.25,63532,0.0,0.0
2024-03-12 15:30:00-04:00,27.2450008392334,27.270000457763672,27.110000610351562,27.209999084472656,124674,0.0,0.0
2024-03-13 09:30:00-04:00,27.020000457763672,27.43000030517578,27.020000457763672,27.200000762939453,38196,0.0,0.0
2024-03-13 10:30:00-04:00,27.190000534057617,27.260000228881836,26.975000381469727,27.1200008392334,78606,0.0,0.0
2024-03-13 11:30:00-04:00,27.100000381469727,27.200000762939453,27.030000686645508,27.15999984741211,53514,0.0,0.0
2024-03-13 12:30:00-04:00,27.15999984741211,27.209999084472656,27.125999450683594,27.18000030517578,111532,0.0,0.0
2024-03-13 13:30:00-04:00,27.149999618530273,27.200000762939453,27.059999465942383,27.149999618530273,37080,0.0,0.0
2024-03-13 14:30:00-04:00,27.170000076293945,27.200000762939453,27.06999969482422,27.118000030517578,80649,0.0,0.0
2024-03-13 15:30:00-04:00,27.1200008392334,27.190000534057617,27.040000915527344,27.09000015258789,113105,0.0,0.0
2024-03-14 09:30:00-04:00,27.139999389648438,27.170000076293945,26.209999084472656,26.21500015258789,63438,0.0,0.0
2024-03-14 10:30:00-04:00,26.229999542236328,26.3700008392334,25.930099487304688,25.969999313354492,83327,0.0,0.0
2024-03-14 11:30:00-04:00,25.950000762939453,26.040000915527344,25.65999984741211,25.65999984741211,83770,0.0,0.0
2024-03-14 12:30:00-04:00,25.65999984741211,25.739999771118164,25.270000457763672,25.270000457763672,120865,0.0,0.0
2024-03-14 13:30:00-04:00,25.270000457763672,25.584999084472656,25.200000762939453,25.364999771118164,163960,0.0,0.0
2024-03-14 14:30:00-04:00,25.3700008392334,25.44499969482422,25.174999237060547,25.280000686645508,152068,0.0,0.0
2024-03-14 15:30:00-04:00,25.280000686645508,25.56999969482422,25.200000762939453,25.56999969482422,429698,0.0,0.0
2024-03-15 09:30:00-04:00,25.559999465942383,26.5,25.489999771118164,26.40999984741211,164109,0.0,0.0
2024-03-15 10:30:00-04:00,26.409700393676758,26.510000228881836,26.1200008392334,26.139999389648438,76621,0.0,0.0
2024-03-15 11:30:00-04:00,26.135000228881836,26.165000915527344,25.790000915527344,25.829999923706055,99061,0.0,0.0
2024-03-15 12:30:00-04:00,25.81999969482422,25.899999618530273,25.639999389648438,25.690000534057617,89433,0.0,0.0
2024-03-15 13:30:00-04:00,25.68000030517578,25.709999084472656,25.530000686645508,25.56999969482422,92684,0.0,0.0
2024-03-15 14:30:00-04:00,25.575000762939453,25.600000381469727,25.44499969482422,25.559999465942383,135116,0.0,0.0
2024-03-15 15:30:00-04:00,25.56999969482422,25.920000076293945,25.450000762939453,25.90999984741211,335267,0.0,0.0
2024-03-18 09:30:00-04:00,25.81999969482422,25.889999389648438,25.079999923706055,25.135000228881836,185093,0.0,0.0
2024-03-18 10:30:00-04:00,25.110000610351562,25.3799991607666,25.110000610351562,25.309999465942383,109656,0.0,0.0
2024-03-18 11:30:00-04:00,25.299999237060547,25.440000534057617,25.200000762939453,25.440000534057617,82415,0.0,0.0
2024-03-18 12:30:00-04:00,25.440000534057617,25.596900939941406,25.399999618530273,25.469999313354492,77412,0.0,0.0
2024-03-18 13:30:00-04:00,25.450000762939453,25.559999465942383,25.450000762939453,25.479999542236328,91234,0.0,0.0
2024-03-18 14:30:00-04:00,25.479999542236328,25.584999084472656,25.329999923706055,25.34000015258789,119308,0.0,0.0
2024-03-18 15:30:00-04:00,25.34000015258789,25.360000610351562,25.165000915527344,25.209999084472656,294252,0.0,0.0
2024-03-19 09:30:00-04:00,25.0,25.25,24.709999084472656,24.780000686645508,145630,0.0,0.0
2024-03-19 10:30:00-04:00,24.78499984741211,25.040000915527344,24.40999984741211,25.010000228881836,138859,0.0,0.0
2024-03-19 11:30:00-04:00,25.018699645996094,25.1299991607666,25.0,25.06999969482422,86983,0.0,0.0
2024-03-19 12:30:00-04:00,25.059999465942383,25.229999542236328,25.020000457763672,25.149999618530273,62165,0.0,0.0
2024-03-19 13:30:00-04:00,25.155000686645508,25.249500274658203,25.079999923706055,25.170000076293945,85039,0.0,0.0
2024-03-19 14:30:00-04:00,25.170000076293945,25.2450008392334,25.040000915527344,25.06999969482422,93428,0.0,0.0
2024-03-19 15:30:00-04:00,25.059999465942383,25.139999389648438,24.979999542236328,25.010000228881836,211668,0.0,0.0
2024-03-20 09:30:00-04:00,24.739999771118164,24.979999542236328,24.68000030517578,24.799999237060547,86852,0.0,0.0
2024-03-20 10:30:00-04:00,24.799999237060547,24.905000686645508,24.739999771118164,24.75,64604,0.0,0.0
2024-03-20 11:30:00-04:00,24.760000228881836,24.80900001525879,24.719999313354492,24.729999542236328,48542,0.0,0.0
2024-03-20 12:30:00-04:00,24.729999542236328,24.79599952697754,24.69499969482422,24.75,56450,0.0,0.0
2024-03-20 13:30:00-04:00,24.729999542236328,25.110000610351562,24.59000015258789,24.950000762939453,69583,0.0,0.0
2024-03-20 14:30:00-04:00,24.954999923706055,25.469999313354492,24.649999618530273,25.440000534057617,130438,0.0,0.0
2024-03-20 15:30:00-04:00,25.43000030517578,25.530000686645508,25.209999084472656,25.290000915527344,243300,0.0,0.0
2024-03-21 09:30:00-04:00,25.290000915527344,25.540000915527344,25.200000762939453,25.479999542236328,98331,0.0,0.0
2024-03-21 10:30:00-04:00,25.475000381469727,25.520000457763672,25.170000076293945,25.174999237060547,104083,0.0,0.0
2024-03-21 11:30:00-04:00,25.174999237060547,25.350000381469727,25.174999237060547,25.350000381469727,67252,0.0,0.0
2024-03-21 12:30:00-04:00,25.34000015258789,25.65999984741211,25.260000228881836,25.59000015258789,70953,0.0,0.0
2024-03-21 13:30:00-04:00,25.594999313354492,25.700000762939453,25.520000457763672,25.600000381469727,82634,0.0,0.0
2024-03-21 14:30:00-04:00,25.610000610351562,25.649999618530273,25.459999084472656,25.638999938964844,110253,0.0,0.0
2024-03-21 15:30:00-04:00,25.6299991607666,25.639999389648438,25.510000228881836,25.6200008392334,216851,0.0,0.0
2024-03-22 09:30:00-04:00,25.610000610351562,25.610000610351562,25.09000015258789,25.31999969482422,53485,0.0,0.0
2024-03-22 10:30:00-04:00,25.320999145507812,25.341999053955078,25.239999771118164,25.300899505615234,47030,0.0,0.0
2024-03-22 11:30:00-04:00,25.290000915527344,25.450000762939453,25.239900588989258,25.43000030517578,44947,0.0,0.0
2024-03-22 12:30:00-04:00,25.43000030517578,25.56999969482422,25.3700008392334,25.559999465942383,52286,0.0,0.0
2024-03-22 13:30:00-04:00,25.549999237060547,25.549999237060547,25.2450008392334,25.28499984741211,64490,0.0,0.0
2024-03-22 14:30:00-04:00,25.280000686645508,25.3799991607666,25.25,25.34000015258789,73744,0.0,0.0
2024-03-22 15:30:00-04:00,25.350000381469727,25.479999542236328,25.260000228881836,25.350000381469727,172184,0.0,0.0
2024-03-25 09:30:00-04:00,25.59000015258789,26.059900283813477,25.33009910583496,25.850000381469727,101842,0.0,0.0
2024-03-25 10:30:00-04:00,25.829999923706055,25.924999237060547,25.639999389648438,25.709999084472656,71113,0.0,0.0
2024-03-25 11:30:00-04:00,25.71500015258789,25.799999237060547,25.68000030517578,25.7549991607666,47493,0.0,0.0
2024-03-25 12:30:00-04:00,25.7549991607666,25.760000228881836,25.665000915527344,25.739999771118164,40642,0.0,0.0
2024-03-25 13:30:00-04:00,25.739999771118164,25.760000228881836,25.600000381469727,25.640199661254883,58025,0.0,0.0
2024-03-25 14:30:00-04:00,25.65999984741211,25.690000534057617,25.475000381469727,25.514999389648438,67748,0.0,0.0
2024-03-25 15:30:00-04:00,25.514999389648438,25.565000534057617,25.440000534057617,25.489999771118164,127130,0.0,0.0
2024-03-26 09:30:00-04:00,25.8799991607666,26.045000076293945,25.579999923706055,25.959999084472656,76073,0.0,0.0
2024-03-26 10:30:00-04:00,25.979999542236328,26.180999755859375,25.889999389648438,26.0,71832,0.0,0.0
2024-03-26 11:30:00-04:00,25.996000289916992,26.209999084472656,25.950000762939453,26.2012996673584,77146,0.0,0.0
2024-03-26 12:30:00-04:00,26.209999084472656,26.364999771118164,26.19499969482422,26.30500030517578,73063,0.0,0.0
2024-03-26 13:30:00-04:00,26.290000915527344,26.309999465942383,26.079999923706055,26.110000610351562,69087,0.0,0.0
2024-03-26 14:30:00-04:00,26.110000610351562,26.209999084472656,26.079999923706055,26.18000030517578,84096,0.0,0.0
2024-03-26 15:30:00-04:00,26.184999465942383,26.272499084472656,26.059999465942383,26.209999084472656,204871,0.0,0.0
2024-03-27 09:30:00-04:00,26.600000381469727,26.899999618530273,26.510000228881836,26.8799991607666,60839,0.0,0.0
2024-03-27 10:30:00-04:00,26.889999389648438,27.030000686645508,26.760000228881836,26.770000457763672,57338,0.0,0.0
2024-03-27 11:30:00-04:00,26.75,26.81999969482422,26.665000915527344,26.815000534057617,47104,0.0,0.0
2024-03-27 12:30:00-04:00,26.829999923706055,27.0,26.799999237060547,26.850000381469727,61436,0.0,0.0
2024-03-27 13:30:00-04:00,26.84000015258789,26.959999084472656,26.739999771118164,26.829999923706055,118298,0.0,0.0
2024-03-27 14:30:00-04:00,26.84000015258789,26.8799991607666,26.780000686645508,26.850000381469727,67126,0.0,0.0
2024-03-27 15:30:00-04:00,26.850000381469727,26.950000762939453,26.825000762939453,26.90999984741211,215097,0.0,0.0
2024-03-28 09:30:00-04:00,27.0,27.850000381469727,26.969999313354492,27.78499984741211,116115,0.0,0.0
2024-03-28 10:30:00-04:00,27.809999465942383,28.079999923706055,27.774999618530273,28.064899444580078,157929,0.0,0.0
2024-03-28 11:30:00-04:00,28.049999237060547,28.329999923706055,27.90999984741211,28.030000686645508,132609,0.0,0.0
2024-03-28 12:30:00-04:00,28.000099182128906,28.000099182128906,27.65999984741211,27.774999618530273,39376,0.0,0.0
2024-03-28 13:30:00-04:00,27.760000228881836,27.899999618530273,27.739999771118164,27.860000610351562,135845,0.0,0.0
2024-03-28 14:30:00-04:00,27.860000610351562,27.989999771118164,27.75,27.850000381469727,109420,0.0,0.0
2024-03-28 15:30:00-04:00,27.858999252319336,27.979999542236328,27.797500610351562,27.850000381469727,315452,0.0,0.0
2024-04-01 09:30:00-04:00,27.739999771118164,27.84000015258789,27.350000381469727,27.780000686645508,111328,0.0,0.0
2024-04-01 10:30:00-04:00,27.770000457763672,28.280000686645508,27.75,28.110000610351562,119626,0.0,0.0
2024-04-01 11:30:00-04:00,28.110000610351562,28.1200008392334,27.8799991607666,28.110000610351562,94324,0.0,0.0
2024-04-01 12:30:00-04:00,28.1299991607666,28.18000030517578,27.950300216674805,28.049999237060547,81228,0.0,0.0
2024-04-01 13:30:00-04:00,28.040000915527344,28.040000915527344,27.920000076293945,28.0,95716,0.0,0.0
2024-04-01 14:30:00-04:00,28.0,28.010000228881836,27.8799991607666,27.9950008392334,83551,0.0,0.0
2024-04-01 15:30:00-04:00,27.999500274658203,28.03499984741211,27.940000534057617,27.940000534057617,185479,0.0,0.0
2024-04-02 09:30:00-04:00,27.489999771118164,27.565000534057617,26.649999618530273,26.704999923706055,81692,0.0,0.0
2024-04-02 10:30:00-04:00,26.690000534057617,26.84000015258789,26.559999465942383,26.65999984741211,79918,0.0,0.0
2024-04-02 11:30:00-04:00,26.649999618530273,26.68000030517578,26.3799991607666,26.600000381469727,56230,0.0,0.0
2024-04-02 12:30:00-04:00,26.575000762939453,26.610000610351562,26.399999618530273,26.506099700927734,49337,0.0,0.0
2024-04-02 13:30:00-04:00,26.489999771118164,26.489999771118164,26.3799991607666,26.420000076293945,60078,0.0,0.0
2024-04-02 14:30:00-04:00,26.400999069213867,26.520000457763672,26.30900001525879,26.489999771118164,110876,0.0,0.0
2024-04-02 15:30:00-04:00,26.479999542236328,26.65999984741211,26.450000762939453,26.649999618530273,216087,0.0,0.0
2024-04-03 09:30:00-04:00,26.450000762939453,26.969999313354492,26.31999969482422,26.799999237060547,70552,0.0,0.0
2024-04-03 10:30:00-04:00,26.770000457763672,27.059999465942383,26.660499572753906,27.020000457763672,149761,0.0,0.0
2024-04-03 11:30:00-04:00,27.010000228881836,27.31999969482422,26.979999542236328,27.079999923706055,122148,0.0,0.0
2024-04-03 12:30:00-04:00,27.06999969482422,27.09000015258789,26.989999771118164,27.010000228881836,42628,0.0,0.0
2024-04-03 13:30:00-04:00,27.020000457763672,27.110000610351562,26.989999771118164,27.079999923706055,64068,0.0,0.0
2024-04-03 14:30:00-04:00,27.079999923706055,27.084999084472656,26.9950008392334,27.010000228881836,60244,0.0,0.0
2024-04-03 15:30:00-04:00,27.0,27.100000381469727,27.0,27.09000015258789,134162,0.0,0.0
2024-04-04 09:30:00-04:00,27.440000534057617,27.5,27.059999465942383,27.139999389648438,39988,0.0,0.0
2024-04-04 10:30:00-04:00,27.139999389648438,27.190000534057617,26.90999984741211,26.90999984741211,63990,0.0,0.0
2024-04-04 11:30:00-04:00,26.920000076293945,26.920000076293945,26.639999389648438,26.670000076293945,54536,0.0,0.0
2024-04-04 12:30:00-04:00,26.639999389648438,26.729999542236328,26.610000610351562,26.639999389648438,70753,0.0,0.0
2024-04-04 13:30:00-04:00,26.639999389648438,26.649999618530273,26.420000076293945,26.420000076293945,87055,0.0,0.0
2024-04-04 14:30:00-04:00,26.399999618530273,26.399999618530273,25.959999084472656,25.959999084472656,102905,0.0,0.0
2024-04-04 15:30:00-04:00,25.969999313354492,26.040000915527344,25.889999389648438,25.90999984741211,170002,0.0,0.0
2024-04-05 09:30:00-04:00,25.760000228881836,25.899999618530273,25.579999923706055,25.649999618530273,56011,0.0,0.0
2024-04-05 10:30:00-04:00,25.649999618530273,26.059999465942383,25.64900016784668,25.860000610351562,110616,0.0,0.0
2024-04-05 11:30:00-04:00,25.850000381469727,26.010000228881836,25.81999969482422,26.010000228881836,40883,0.0,0.0
2024-04-05 12:30:00-04:00,25.989999771118164,26.0,25.829999923706055,25.860000610351562,34417,0.0,0.0
2024-04-05 13:30:00-04:00,25.867000579833984,25.885000228881836,25.670000076293945,25.700000762939453,69977,0.0,0.0
2024-04-05 14:30:00-04:00,25.700000762939453,25.829999923706055,25.670000076293945,25.790000915527344,69225,0.0,0.0
2024-04-05 15:30:00-04:00,25.780000686645508,25.780000686645508,25.65999984741211,25.739999771118164,115186,0.0,0.0
2024-04-08 09:30:00-04:00,26.1200008392334,26.290000915527344,25.8700008392334,25.990100860595703,81584,0.0,0.0
2024-04-08 10:30:00-04:00,26.0,26.059999465942383,25.75,25.799999237060547,60654,0.0,0.0
2024-04-08 11:30:00-04:00,25.799999237060547,25.809999465942383,25.639999389648438,25.774999618530273,54713,0.0,0.0
2024-04-08 12:30:00-04:00,25.770000457763672,25.860000610351562,25.764999389648438,25.844999313354492,56465,0.0,0.0
2024-04-08 13:30:00-04:00,25.846200942993164,25.915000915527344,25.84000015258789,25.90999984741211,54508,0.0,0.0
2024-04-08 14:30:00-04:00,25.889999389648438,26.06999969482422,25.834999084472656,25.934999465942383,108136,0.0,0.0
2024-04-08 15:30:00-04:00,25.934999465942383,25.934999465942383,25.72249984741211,25.899999618530273,196368,0.0,0.0
2024-04-09 09:30:00-04:00,26.059999465942383,26.299999237060547,25.959999084472656,26.0,66575,0.0,0.0
2024-04-09 10:30:00-04:00,25.989999771118164,25.989999771118164,25.700000762939453,25.799999237060547,60571,0.0,0.0
2024-04-09 11:30:00-04:00,25.81999969482422,26.149999618530273,25.780000686645508,26.110000610351562,44157,0.0,0.0
2024-04-09 12:30:00-04:00,26.108999252319336,26.25,26.06999969482422,26.225000381469727,40267,0.0,0.0
2024-04-09 13:30:00-04:00,26.219999313354492,26.329999923706055,25.920000076293945,25.93000030517578,48635,0.0,0.0
2024-04-09 14:30:00-04:00,25.93000030517578,25.93000030517578,25.809999465942383,25.920000076293945,77293,0.0,0.0
2024-04-09 15:30:00-04:00,25.90999984741211,26.06999969482422,25.889999389648438,26.0,163414,0.0,0.0
2024-04-10 09:30:00-04:00,25.15999984741211,25.15999984741211,24.479999542236328,24.6200008392334,147526,0.0,0.0
2024-04-10 10:30:00-04:00,24.610000610351562,24.809999465942383,24.489999771118164,24.719999313354492,96108,0.0,0.0
2024-04-10 11:30:00-04:00,24.719999313354492,24.719999313354492,24.25,24.43000030517578,143186,0.0,0.0
2024-04-10 12:30:00-04:00,24.40999984741211,24.450000762939453,24.280000686645508,24.309999465942383,124786,0.0,0.0
2024-04-10 13:30:00-04:00,24.31999969482422,24.32900047302246,23.920000076293945,23.924999237060547,133415,0.0,0.0
2024-04-10 14:30:00-04:00,23.920000076293945,23.940000534057617,23.704999923706055,23.729999542236328,148213,0.0,0.0
2024-04-10 15:30:00-04:00,23.719999313354492,23.799999237060547,23.56999969482422,23.729999542236328,373282,0.0,0.0
2024-04-11 09:30:00-04:00,23.790000915527344,23.899999618530273,23.010000228881836,23.219999313354492,230561,0.0,0.0
2024-04-11 10:30:00-04:00,23.25,23.700000762939453,23.239999771118164,23.5,114730,0.0,0.0
2024-04-11 11:30:00-04:00,23.510000228881836,23.75,23.5,23.670000076293945,133747,0.0,0.0
2024-04-11 12:30:00-04:00,23.68000030517578,23.889999389648438,23.58799934387207,23.690000534057617,310039,0.0,0.0
2024-04-11 13:30:00-04:00,23.690000534057617,23.81999969482422,23.65999984741211,23.770000457763672,63959,0.0,0.0
2024-04-11 14:30:00-04:00,23.760000228881836,23.8125,23.709999084472656,23.719999313354492,100625,0.0,0.0
2024-04-11 15:30:00-04:00,23.709999084472656,23.770000457763672,23.610000610351562,23.68000030517578,202692,0.0,0.0
2024-04-12 09:30:00-04:00,23.3700008392334,23.5,23.09000015258789,23.350099563598633,66432,0.0,0.0
2024-04-12 10:30:00-04:00,23.35070037841797,23.540000915527344,23.2450008392334,23.2450008392334,59433,0.0,0.0
2024-04-12 11:30:00-04:00,23.209999084472656,23.350000381469727,23.170000076293945,23.299999237060547,39550,0.0,0.0
2024-04-12 12:30:00-04:00,23.30500030517578,23.309999465942383,23.190000534057617,23.270000457763672,54607,0.0,0.0
2024-04-12 13:30:00-04:00,23.270000457763672,23.420000076293945,23.239999771118164,23.3700008392334,66374,0.0,0.0
2024-04-12 14:30:00-04:00,23.360000610351562,23.399999618530273,23.290000915527344,23.31999969482422,97450,0.0,0.0
2024-04-12 15:30:00-04:00,23.309999465942383,23.40999984741211,23.280000686645508,23.3700008392334,171021,0.0,0.0
2024-04-15 09:30:00-04:00,23.5,23.729999542236328,22.81999969482422,22.94499969482422,102590,0.0,0.0
2024-04-15 10:30:00-04:00,22.94499969482422,23.030000686645508,22.8799991607666,23.0,143070,0.0,0.0
2024-04-15 11:30:00-04:00,22.989999771118164,23.09000015258789,22.959999084472656,22.989999771118164,72625,0.0,0.0
2024-04-15 12:30:00-04:00,22.979999542236328,23.010000228881836,22.6200008392334,22.760000228881836,83833,0.0,0.0
2024-04-15 13:30:00-04:00,22.739999771118164,22.969999313354492,22.735000610351562,22.81999969482422,97069,0.0,0.0
2024-04-15 14:30:00-04:00,22.809999465942383,22.895000457763672,22.790000915527344,22.850000381469727,121533,0.0,0.0
2024-04-15 15:30:00-04:00,22.860000610351562,22.959999084472656,22.780000686645508,22.950000762939453,324614,0.0,0.0
2024-04-16 09:30:00-04:00,22.579999923706055,22.639999389648438,22.010000228881836,22.389999389648438,114166,0.0,0.0
2024-04-16 10:30:00-04:00,22.329999923706055,22.44499969482422,22.229999542236328,22.420000076293945,61011,0.0,0.0
2024-04-16 11:30:00-04:00,22.40999984741211,22.530000686645508,22.239999771118164,22.530000686645508,112208,0.0,0.0
2024-04-16 12:30:00-04:00,22.520000457763672,22.559999465942383,22.40999984741211,22.454999923706055,83302,0.0,0.0
2024-04-16 13:30:00-04:00,22.43000030517578,22.690000534057617,22.364999771118164,22.450000762939453,107520,0.0,0.0
2024-04-16 14:30:00-04:00,22.450000762939453,22.59000015258789,22.389999389648438,22.5,141226,0.0,0.0
2024-04-16 15:30:00-04:00,22.5,22.510000228881836,22.219999313354492,22.280000686645508,290884,0.0,0.0
2024-04-17 09:30:00-04:00,22.459999084472656,22.459999084472656,21.934999465942383,22.030000686645508,94142,0.0,0.0
2024-04-17 10:30:00-04:00,22.049999237060547,22.049999237060547,21.649999618530273,21.649999618530273,104608,0.0,0.0
2024-04-17 11:30:00-04:00,21.649999618530273,21.75,21.540000915527344,21.645000457763672,124411,0.0,0.0
2024-04-17 12:30:00-04:00,21.645000457763672,21.700000762939453,21.440000534057617,21.674999237060547,105838,0.0,0.0
2024-04-17 13:30:00-04:00,21.68000030517578,21.850000381469727,21.649999618530273,21.68000030517578,94279,0.0,0.0
2024-04-17 14:30:00-04:00,21.670000076293945,21.729999542236328,21.395000457763672,21.485000610351562,118984,0.0,0.0
2024-04-17 15:30:00-04:00,21.489999771118164,21.530000686645508,21.385000228881836,21.469999313354492,238335,0.0,0.0
2024-04-18 09:30:00-04:00,21.530000686645508,21.795000076293945,21.290000915527344,21.719999313354492,135765,0.0,0.0
2024-04-18 10:30:00-04:00,21.700000762939453,21.920000076293945,21.625,21.889999389648438,131056,0.0,0.0
2024-04-18 11:30:00-04:00,21.875,22.139999389648438,21.780000686645508,22.106199264526367,387278,0.0,0.0
2024-04-18 12:30:00-04:00,22.100000381469727,22.229999542236328,22.020000457763672,22.190000534057617,106596,0.0,0.0
2024-04-18 13:30:00-04:00,22.18000030517578,22.229999542236328,22.030000686645508,22.045000076293945,132682,0.0,0.0
2024-04-18 14:30:00-04:00,22.045000076293945,22.059999465942383,21.8700008392334,22.0,550406,0.0,0.0
2024-04-18 15:30:00-04:00,22.010000228881836,22.100000381469727,22.0,22.09000015258789,345981,0.0,0.0
2024-04-19 09:30:00-04:00,22.0,22.450000762939453,22.0,22.1299991607666,99492,0.0,0.0
2024-04-19 10:30:00-04:00,22.139999389648438,22.184999465942383,22.079999923706055,22.079999923706055,123889,0.0,0.0
2024-04-19 11:30:00-04:00,22.06999969482422,22.18120002746582,21.940000534057617,21.959999084472656,62788,0.0,0.0
2024-04-19 12:30:00-04:00,21.959999084472656,22.06999969482422,21.959999084472656,22.0,53885,0.0,0.0
2024-04-19 13:30:00-04:00,22.010000228881836,22.170000076293945,22.0,22.040000915527344,85868,0.0,0.0
2024-04-19 14:30:00-04:00,22.045000076293945,22.200000762939453,22.0,22.170000076293945,161781,0.0,0.0
2024-04-19 15:30:00-04:00,22.170000076293945,22.34000015258789,22.149999618530273,22.309999465942383,204119,0.0,0.0
2024-04-22 09:30:00-04:00,22.399999618530273,22.93000030517578,22.299999237060547,22.780000686645508,113718,0.0,0.0
2024-04-22 10:30:00-04:00,22.760000228881836,22.790000915527344,22.6200008392334,22.719999313354492,83144,0.0,0.0
2024-04-22 11:30:00-04:00,22.729999542236328,22.959999084472656,22.674999237060547,22.809999465942383,85180,0.0,0.0
2024-04-22 12:30:00-04:00,22.799999237060547,23.040000915527344,22.799999237060547,23.0,89514,0.0,0.0
2024-04-22 13:30:00-04:00,23.010000228881836,23.1200008392334,22.979999542236328,23.079999923706055,86267,0.0,0.0
2024-04-22 14:30:00-04:00,23.084999084472656,23.1200008392334,22.899999618530273,22.950000762939453,96676,0.0,0.0
2024-04-22 15:30:00-04:00,22.950000762939453,23.049999237060547,22.899999618530273,22.920000076293945,231850,0.0,0.0
2024-04-23 09:30:00-04:00,22.93000030517578,23.520000457763672,22.719999313354492,23.239999771118164,123889,0.0,0.0
2024-04-23 10:30:00-04:00,23.260000228881836,23.350000381469727,23.084999084472656,23.2450008392334,109895,0.0,0.0
2024-04-23 11:30:00-04:00,23.25,23.329999923706055,23.15999984741211,23.204999923706055,92940,0.0,0.0
2024-04-23 12:30:00-04:00,23.219999313354492,23.25,23.020000457763672,23.049999237060547,86893,0.0,0.0
2024-04-23 13:30:00-04:00,23.045000076293945,23.049999237060547,22.81999969482422,23.020000457763672,91699,0.0,0.0
2024-04-23 14:30:00-04:00,23.030000686645508,23.049999237060547,22.829999923706055,22.84000015258789,99381,0.0,0.0
2024-04-23 15:30:00-04:00,22.84000015258789,23.049999237060547,22.84000015258789,22.959999084472656,246046,0.0,0.0
2024-04-24 09:30:00-04:00,22.81999969482422,22.90999984741211,22.660999298095703,22.889999389648438,48215,0.0,0.0
2024-04-24 10:30:00-04:00,22.87299919128418,22.87299919128418,22.68000030517578,22.70039939880371,33353,0.0,0.0
2024-04-24 11:30:00-04:00,22.719999313354492,22.84000015258789,22.56999969482422,22.80500030517578,43726,0.0,0.0
2024-04-24 12:30:00-04:00,22.780000686645508,22.780000686645508,22.594999313354492,22.652700424194336,55427,0.0,0.0
2024-04-24 13:30:00-04:00,22.66080093383789,22.815000534057617,22.66080093383789,22.709999084472656,48596,0.0,0.0
2024-04-24 14:30:00-04:00,22.690000534057617,22.860000610351562,22.61079978942871,22.795000076293945,92924,0.0,0.0
2024-04-24 15:30:00-04:00,22.780000686645508,22.829999923706055,22.700000762939453,22.739999771118164,109620,0.0,0.0
2024-04-25 09:30:00-04:00,22.3700008392334,22.3700008392334,21.309999465942383,21.31999969482422,171817,0.0,0.0
2024-04-25 10:30:00-04:00,21.309999465942383,21.309999465942383,20.84000015258789,20.90999984741211,211335,0.0,0.0
2024-04-25 11:30:00-04:00,20.889999389648438,21.165000915527344,20.75,20.93000030517578,211044,0.0,0.0
2024-04-25 12:30:00-04:00,20.920000076293945,20.985000610351562,20.84000015258789,20.8700008392334,140540,0.0,0.0
2024-04-25 13:30:00-04:00,20.8799991607666,21.110700607299805,20.84000015258789,21.0,103845,0.0,0.0
2024-04-25 14:30:00-04:00,21.010000228881836,21.15999984741211,21.0,21.049999237060547,179941,0.0,0.0
2024-04-25 15:30:00-04:00,21.059999465942383,21.149999618530273,20.979999542236328,21.049999237060547,304751,0.0,0.0
2024-04-26 09:30:00-04:00,21.350000381469727,21.399999618530273,21.111299514770508,21.263999938964844,105657,0.0,0.0
2024-04-26 10:30:00-04:00,21.25,21.81999969482422,21.25,21.489999771118164,117006,0.0,0.0
2024-04-26 11:30:00-04:00,21.5,21.59000015258789,21.440000534057617,21.489999771118164,38301,0.0,0.0
2024-04-26 12:30:00-04:00,21.469999313354492,21.56999969482422,21.450000762939453,21.557300567626953,34014,0.0,0.0
2024-04-26 13:30:00-04:00,21.55500030517578,21.610000610351562,21.5,21.549999237060547,37983,0.0,0.0
2024-04-26 14:30:00-04:00,21.559999465942383,21.600000381469727,21.459999084472656,21.489999771118164,63996,0.0,0.0
2024-04-26 15:30:00-04:00,21.469999313354492,21.479999542236328,21.290000915527344,21.440000534057617,216826,0.0,0.0
2024-04-29 09:30:00-04:00,21.559999465942383,21.969999313354492,21.260000228881836,21.3700008392334,167973,0.0,0.0
2024-04-29 10:30:00-04:00,21.385000228881836,21.459999084472656,21.260000228881836,21.391300201416016,106768,0.0,0.0
2024-04-29 11:30:00-04:00,21.34000015258789,21.34000015258789,21.25,21.274999618530273,70495,0.0,0.0
2024-04-29 12:30:00-04:00,21.270000457763672,21.40999984741211,21.229999542236328,21.3799991607666,68719,0.0,0.0
2024-04-29 13:30:00-04:00,21.399999618530273,21.415000915527344,21.290000915527344,21.34000015258789,70741,0.0,0.0
2024-04-29 14:30:00-04:00,21.34000015258789,21.350000381469727,21.18000030517578,21.21500015258789,127285,0.0,0.0
2024-04-29 15:30:00-04:00,21.21500015258789,21.231000900268555,21.010000228881836,21.200000762939453,206874,0.0,0.0
2024-04-30 09:30:00-04:00,20.760000228881836,20.94499969482422,20.3700008392334,20.56999969482422,184518,0.0,0.0
2024-04-30 10:30:00-04:00,20.559999465942383,20.66830062866211,20.399999618530273,20.440000534057617,96027,0.0,0.0
2024-04-30 11:30:00-04:00,20.440000534057617,20.530000686645508,20.399999618530273,20.420000076293945,72990,0.0,0.0
2024-04-30 12:30:00-04:00,20.40999984741211,20.440000534057617,20.31999969482422,20.43000030517578,97589,0.0,0.0
2024-04-30 13:30:00-04:00,20.43000030517578,20.56570053100586,20.399999618530273,20.43000030517578,105495,0.0,0.0
2024-04-30 14:30:00-04:00,20.43000030517578,20.479999542236328,20.280000686645508,20.31999969482422,157529,0.0,0.0
2024-04-30 15:30:00-04:00,20.329999923706055,20.3700008392334,20.239999771118164,20.270000457763672,249510,0.0,0.0
2024-05-01 09:30:00-04:00,20.260000228881836,20.360000610351562,19.799999237060547,19.920000076293945,171118,0.0,0.0
2024-05-01 10:30:00-04:00,19.93000030517578,19.969999313354492,19.56999969482422,19.670000076293945,205810,0.0,0.0
2024-05-01 11:30:00-04:00,19.670000076293945,20.0,19.520000457763672,19.989999771118164,386076,0.0,0.0
2024-05-01 12:30:00-04:00,20.0,20.114999771118164,19.959999084472656,20.100000381469727,404827,0.0,0.0
2024-05-01 13:30:00-04:00,20.100000381469727,20.329999923706055,19.93000030517578,20.329999923706055,210639,0.0,0.0
2024-05-01 14:30:00-04:00,20.34000015258789,20.68000030517578,20.049999237060547,20.440000534057617,283890,0.0,0.0
2024-05-01 15:30:00-04:00,20.440000534057617,20.459999084472656,20.010000228881836,20.049999237060547,537985,0.0,0.0
2024-05-02 09:30:00-04:00,20.100000381469727,20.31999969482422,19.424999237060547,19.719999313354492,487660,0.0,0.0
2024-05-02 10:30:00-04:00,19.71500015258789,20.165000915527344,19.56999969482422,20.030000686645508,186166,0.0,0.0
2024-05-02 11:30:00-04:00,20.020000457763672,20.170000076293945,19.829999923706055,20.15999984741211,138999,0.0,0.0
2024-05-02 12:30:00-04:00,20.15999984741211,20.270000457763672,19.989999771118164,20.139999389648438,117715,0.0,0.0
2024-05-02 13:30:00-04:00,20.139999389648438,20.239999771118164,20.0,20.145000457763672,121327,0.0,0.0
2024-05-02 14:30:00-04:00,20.149999618530273,20.219999313354492,20.0,20.040000915527344,210936,0.0,0.0
2024-05-02 15:30:00-04:00,20.040000915527344,20.15999984741211,19.969999313354492,20.1200008392334,344361,0.0,0.0
2024-05-03 09:30:00-04:00,20.625,21.489999771118164,20.450000762939453,21.062000274658203,388002,0.0,0.0
2024-05-03 10:30:00-04:00,21.059999465942383,21.219999313354492,20.549999237060547,20.829999923706055,388743,0.0,0.0
2024-05-03 11:30:00-04:00,20.84000015258789,20.899999618530273,20.600000381469727,20.65999984741211,150046,0.0,0.0
2024-05-03 12:30:00-04:00,20.639999389648438,20.670000076293945,20.510000228881836,20.540000915527344,119393,0.0,0.0
2024-05-03 13:30:00-04:00,20.530000686645508,20.6200008392334,20.309999465942383,20.43000030517578,179234,0.0,0.0
2024-05-03 14:30:00-04:00,20.450000762939453,20.489999771118164,20.040000915527344,20.06100082397461,208215,0.0,0.0
2024-05-03 15:30:00-04:00,20.059999465942383,20.219999313354492,19.920000076293945,20.110000610351562,393475,0.0,0.0
2024-05-06 09:30:00-04:00,20.389999389648438,20.989999771118164,20.364999771118164,20.80500030517578,152772,0.0,0.0
2024-05-06 10:30:00-04:00,20.770000457763672,20.93000030517578,20.559999465942383,20.584999084472656,137067,0.0,0.0
2024-05-06 11:30:00-04:00,20.59000015258789,20.795000076293945,20.59000015258789,20.729999542236328,95708,0.0,0.0
2024-05-06 12:30:00-04:00,20.729999542236328,20.739999771118164,20.520000457763672,20.65999984741211,110056,0.0,0.0
2024-05-06 13:30:00-04:00,20.670000076293945,20.790000915527344,20.6200008392334,20.645000457763672,132329,0.0,0.0
2024-05-06 14:30:00-04:00,20.649999618530273,20.729999542236328,20.510000228881836,20.514999389648438,156855,0.0,0.0
2024-05-06 15:30:00-04:00,20.510000228881836,20.65999984741211,20.44499969482422,20.579999923706055,417097,0.0,0.0
2024-05-07 09:30:00-04:00,20.700000762939453,20.920000076293945,20.440000534057617,20.65999984741211,82428,0.0,0.0
2024-05-07 10:30:00-04:00,20.65999984741211,20.690000534057617,20.475000381469727,20.520000457763672,68447,0.0,0.0
2024-05-07 11:30:00-04:00,20.5,20.540000915527344,20.420000076293945,20.459999084472656,61432,0.0,0.0
2024-05-07 12:30:00-04:00,20.459999084472656,20.510000228881836,20.309999465942383,20.40999984741211,50262,0.0,0.0
2024-05-07 13:30:00-04:00,20.420000076293945,20.489999771118164,20.290000915527344,20.46500015258789,76492,0.0,0.0
2024-05-07 14:30:00-04:00,20.469999313354492,20.479999542236328,20.260000228881836,20.309999465942383,127345,0.0,0.0
2024-05-07 15:30:00-04:00,20.299999237060547,20.450000762939453,20.264999389648438,20.309999465942383,288076,0.0,0.0
2024-05-08 09:30:00-04:00,20.06999969482422,20.979999542236328,19.975000381469727,20.93000030517578,146183,0.0,0.0
2024-05-08 10:30:00-04:00,20.920000076293945,21.415000915527344,20.84000015258789,21.400100708007812,125802,0.0,0.0
2024-05-08 11:30:00-04:00,21.415000915527344,21.739999771118164,21.40999984741211,21.71500015258789,119909,0.0,0.0
2024-05-08 12:30:00-04:00,21.71500015258789,21.969900131225586,21.6200008392334,21.950000762939453,111554,0.0,0.0
2024-05-08 13:30:00-04:00,21.950000762939453,22.05500030517578,21.81999969482422,21.920000076293945,129345,0.0,0.0
2024-05-08 14:30:00-04:00,21.920000076293945,21.920000076293945,21.600000381469727,21.6299991607666,112845,0.0,0.0
2024-05-08 15:30:00-04:00,21.6299991607666,21.684999465942383,21.44499969482422,21.489999771118164,340521,0.0,0.0
2024-05-09 09:30:00-04:00,21.540000915527344,21.659900665283203,21.09000015258789,21.360000610351562,71109,0.0,0.0
2024-05-09 10:30:00-04:00,21.329999923706055,21.469999313354492,21.170000076293945,21.18000030517578,76577,0.0,0.0
2024-05-09 11:30:00-04:00,21.18000030517578,21.2450008392334,21.138900756835938,21.209999084472656,63396,0.0,0.0
2024-05-09 12:30:00-04:00,21.209999084472656,21.22100067138672,21.079999923706055,21.111000061035156,51867,0.0,0.0
2024-05-09 13:30:00-04:00,21.1200008392334,21.149999618530273,20.979999542236328,21.030000686645508,64580,0.0,0.0
2024-05-09 14:30:00-04:00,21.030000686645508,21.1200008392334,21.0,21.03499984741211,77949,0.0,0.0
2024-05-09 15:30:00-04:00,21.040000915527344,21.40999984741211,21.030000686645508,21.360000610351562,231845,0.0,0.0
2024-05-10 09:30:00-04:00,21.3700008392334,21.690000534057617,20.8799991607666,20.899999618530273,114574,0.0,0.0
2024-05-10 10:30:00-04:00,20.899999618530273,21.09000015258789,20.8700008392334,21.030000686645508,66541,0.0,0.0
2024-05-10 11:30:00-04:00,21.027700424194336,21.040000915527344,20.84000015258789,20.850000381469727,65178,0.0,0.0
2024-05-10 12:30:00-04:00,20.850000381469727,21.045000076293945,20.80139923095703,21.045000076293945,37751,0.0,0.0
2024-05-10 13:30:00-04:00,21.059999465942383,21.059999465942383,20.950000762939453,21.014999389648438,41979,0.0,0.0
2024-05-10 14:30:00-04:00,21.030000686645508,21.270000457763672,21.030000686645508,21.270000457763672,71437,0.0,0.0
2024-05-10 15:30:00-04:00,21.270000457763672,21.510000228881836,21.270000457763672,21.459999084472656,192031,0.0,0.0
2024-05-13 09:30:00-04:00,21.760000228881836,22.850000381469727,21.559999465942383,22.780000686645508,138105,0.0,0.0
2024-05-13 10:30:00-04:00,22.799999237060547,22.979999542236328,22.700000762939453,22.825000762939453,114945,0.0,0.0
2024-05-13 11:30:00-04:00,22.770000457763672,22.799999237060547,22.440000534057617,22.469999313354492,95619,0.0,0.0
2024-05-13 12:30:00-04:00,22.459999084472656,22.459999084472656,22.1299991607666,22.219999313354492,78770,0.0,0.0
2024-05-13 13:30:00-04:00,22.22100067138672,22.354999542236328,22.18000030517578,22.264999389648438,44660,0.0,0.0
2024-05-13 14:30:00-04:00,22.280000686645508,22.360000610351562,22.219999313354492,22.259899139404297,71793,0.0,0.0
2024-05-13 15:30:00-04:00,22.251399993896484,22.309999465942383,22.100000381469727,22.1200008392334,194565,0.0,0.0
2024-05-14 09:30:00-04:00,22.770000457763672,23.09000015258789,22.65999984741211,22.799999237060547,83308,0.0,0.0
2024-05-14 10:30:00-04:00,22.81999969482422,22.81999969482422,22.68000030517578,22.700000762939453,59994,0.0,0.0
2024-05-14 11:30:00-04:00,22.719999313354492,22.739999771118164,22.350000381469727,22.350000381469727,90939,0.0,0.0
2024-05-14 12:30:00-04:00,22.350000381469727,22.399999618530273,22.149999618530273,22.270000457763672,62010,0.0,0.0
2024-05-14 13:30:00-04:00,22.260000228881836,22.309999465942383,22.138599395751953,22.200000762939453,57578,0.0,0.0
2024-05-14 14:30:00-04:00,22.190000534057617,22.260000228881836,22.100000381469727,22.19499969482422,70989,0.0,0.0
2024-05-14 15:30:00-04:00,22.19499969482422,22.299999237060547,22.170000076293945,22.18000030517578,175845,0.0,0.0
2024-05-15 09:30:00-04:00,22.25,22.559999465942383,21.639999389648438,21.639999389648438,68736,0.0,0.0
2024-05-15 10:30:00-04:00,21.65999984741211,21.719999313354492,21.600000381469727,21.6200008392334,57440,0.0,0.0
2024-05-15 11:30:00-04:00,21.6299991607666,21.790000915527344,21.56999969482422,21.69499969482422,64093,0.0,0.0
2024-05-15 12:30:00-04:00,21.690000534057617,21.8799991607666,21.68000030517578,21.780000686645508,49859,0.0,0.0
2024-05-15 13:30:00-04:00,21.780000686645508,21.809999465942383,21.639999389648438,21.764999389648438,54920,0.0,0.0
2024-05-15 14:30:00-04:00,21.760000228881836,21.81999969482422,21.65999984741211,21.700000762939453,83433,0.0,0.0
2024-05-15 15:30:00-04:00,21.709999084472656,21.709999084472656,21.5,21.649999618530273,169004,0.0,0.0
2024-05-16 09:30:00-04:00,21.639999389648438,21.71619987487793,21.030000686645508,21.045000076293945,69248,0.0,0.0
2024-05-16 10:30:00-04:00,21.030000686645508,21.1299991607666,20.889999389648438,21.0,104410,0.0,0.0
2024-05-16 11:30:00-04:00,20.979999542236328,21.040000915527344,20.889999389648438,20.950000762939453,63357,0.0,0.0
2024-05-16 12:30:00-04:00,20.940000534057617,21.03499984741211,20.8799991607666,20.93000030517578,53783,0.0,0.0
2024-05-16 13:30:00-04:00,20.920000076293945,20.989999771118164,20.789899826049805,20.8799991607666,82554,0.0,0.0
2024-05-16 14:30:00-04:00,20.8799991607666,21.100000381469727,20.864999771118164,21.020000457763672,78266,0.0,0.0
2024-05-16 15:30:00-04:00,21.014999389648438,21.020000457763672,20.8799991607666,20.940000534057617,217830,0.0,0.0
2024-05-17 09:30:00-04:00,20.84000015258789,20.850000381469727,20.479999542236328,20.799999237060547,80319,0.0,0.0
2024-05-17 10:30:00-04:00,20.809999465942383,20.950000762939453,20.690000534057617,20.899999618530273,53028,0.0,0.0
2024-05-17 11:30:00-04:00,20.899999618530273,20.940000534057617,20.670000076293945,20.719999313354492,66651,0.0,0.0
2024-05-17 12:30:00-04:00,20.739999771118164,20.760000228881836,20.649999618530273,20.670000076293945,52881,0.0,0.0
2024-05-17 13:30:00-04:00,20.674400329589844,20.68000030517578,20.540000915527344,20.60099983215332,58957,0.0,0.0
2024-05-17 14:30:00-04:00,20.639999389648438,20.65999984741211,20.540000915527344,20.549999237060547,65878,0.0,0.0
2024-05-17 15:30:00-04:00,20.549999237060547,20.584999084472656,20.489999771118164,20.530000686645508,180215,0.0,0.0
2024-05-20 09:30:00-04:00,20.559999465942383,20.604999542236328,20.25,20.434999465942383,54183,0.0,0.0
2024-05-20 10:30:00-04:00,20.459999084472656,20.520000457763672,20.299999237060547,20.360000610351562,58533,0.0,0.0
2024-05-20 11:30:00-04:00,20.360000610351562,20.424999237060547,20.209999084472656,20.260000228881836,62655,0.0,0.0
2024-05-20 12:30:00-04:00,20.270000457763672,20.34000015258789,20.209999084472656,20.260000228881836,62264,0.0,0.0
2024-05-20 13:30:00-04:00,20.260000228881836,20.389999389648438,20.229999542236328,20.350000381469727,57025,0.0,0.0
2024-05-20 14:30:00-04:00,20.34000015258789,20.420000076293945,20.320999145507812,20.361000061035156,56638,0.0,0.0
2024-05-20 15:30:00-04:00,20.364999771118164,20.549999237060547,20.28499984741211,20.520000457763672,246291,0.0,0.0
2024-05-21 09:30:00-04:00,20.469999313354492,20.554399490356445,20.139999389648438,20.15999984741211,64399,0.0,0.0
2024-05-21 10:30:00-04:00,20.170000076293945,20.25,20.110000610351562,20.149999618530273,72851,0.0,0.0
2024-05-21 11:30:00-04:00,20.15999984741211,20.15999984741211,20.020000457763672,20.1299991607666,58438,0.0,0.0
2024-05-21 12:30:00-04:00,20.1299991607666,20.260000228881836,20.079999923706055,20.079999923706055,48193,0.0,0.0
2024-05-21 13:30:00-04:00,20.100000381469727,20.110000610351562,20.010000228881836,20.06100082397461,55713,0.0,0.0
2024-05-21 14:30:00-04:00,20.059999465942383,20.079999923706055,19.8799991607666,19.899999618530273,100759,0.0,0.0
2024-05-21 15:30:00-04:00,19.899999618530273,19.969999313354492,19.860000610351562,19.950000762939453,174569,0.0,0.0
2024-05-22 09:30:00-04:00,19.829999923706055,20.040000915527344,19.68000030517578,19.850000381469727,75937,0.0,0.0
2024-05-22 10:30:00-04:00,19.858999252319336,19.90999984741211,19.770000457763672,19.861600875854492,78375,0.0,0.0
2024-05-22 11:30:00-04:00,19.8700008392334,19.8700008392334,19.68000030517578,19.680999755859375,80589,0.0,0.0
2024-05-22 12:30:00-04:00,19.68000030517578,19.733600616455078,19.489999771118164,19.524999618530273,110552,0.0,0.0
2024-05-22 13:30:00-04:00,19.524999618530273,19.6299991607666,19.299999237060547,19.299999237060547,100511,0.0,0.0
2024-05-22 14:30:00-04:00,19.290000915527344,19.485000610351562,19.274999618530273,19.34000015258789,159187,0.0,0.0
2024-05-22 15:30:00-04:00,19.344999313354492,19.469999313354492,19.270000457763672,19.440000534057617,247197,0.0,0.0
2024-05-23 09:30:00-04:00,19.489999771118164,19.520000457763672,18.799999237060547,18.975000381469727,151381,0.0,0.0
2024-05-23 10:30:00-04:00,18.959999084472656,19.049999237060547,18.899999618530273,18.915000915527344,81569,0.0,0.0
2024-05-23 11:30:00-04:00,18.920000076293945,19.079999923706055,18.90999984741211,19.0,89145,0.0,0.0
2024-05-23 12:30:00-04:00,19.0,19.020000457763672,18.8799991607666,18.969999313354492,61306,0.0,0.0
2024-05-23 13:30:00-04:00,18.979999542236328,18.979999542236328,18.78499984741211,18.860000610351562,110508,0.0,0.0
2024-05-23 14:30:00-04:00,18.864999771118164,18.959999084472656,18.84000015258789,18.920000076293945,104890,0.0,0.0
2024-05-23 15:30:00-04:00,18.915000915527344,19.059999465942383,18.885000228881836,18.969999313354492,163431,0.0,0.0
2024-05-24 09:30:00-04:00,19.149999618530273,19.290000915527344,19.049999237060547,19.149999618530273,59060,0.0,0.0
2024-05-24 10:30:00-04:00,19.135000228881836,19.270000457763672,19.010000228881836,19.229999542236328,38476,0.0,0.0
2024-05-24 11:30:00-04:00,19.229999542236328,19.40999984741211,19.190000534057617,19.3799991607666,47453,0.0,0.0
2024-05-24 12:30:00-04:00,19.378299713134766,19.3799991607666,19.225000381469727,19.25,48488,0.0,0.0
2024-05-24 13:30:00-04:00,19.259899139404297,19.290000915527344,19.1200008392334,19.1299991607666,53368,0.0,0.0
2024-05-24 14:30:00-04:00,19.125,19.260000228881836,19.125,19.239999771118164,100693,0.0,0.0
2024-05-24 15:30:00-04:00,19.229999542236328,19.31999969482422,19.100000381469727,19.200000762939453,272307,0.0,0.0
2024-05-28 09:30:00-04:00,19.239999771118164,19.959999084472656,19.1200008392334,19.93000030517578,170242,0.0,0.0
2024-05-28 10:30:00-04:00,19.899999618530273,20.06999969482422,19.799999237060547,20.010000228881836,74311,0.0,0.0
2024-05-28 11:30:00-04:00,20.0,20.219999313354492,19.940000534057617,20.049999237060547,83030,0.0,0.0
2024-05-28 12:30:00-04:00,20.049999237060547,20.229999542236328,20.049999237060547,20.15999984741211,70723,0.0,0.0
2024-05-28 13:30:00-04:00,20.18000030517578,20.229999542236328,20.079999923706055,20.110000610351562,78643,0.0,0.0
2024-05-28 14:30:00-04:00,20.110000610351562,20.1200008392334,19.90999984741211,20.070999145507812,103963,0.0,0.0
2024-05-28 15:30:00-04:00,20.079999923706055,20.110000610351562,19.989999771118164,20.030000686645508,241121,0.0,0.0
2024-05-29 09:30:00-04:00,19.670000076293945,19.940000534057617,19.40999984741211,19.559999465942383,68559,0.0,0.0
2024-05-29 10:30:00-04:00,19.56999969482422,19.604999542236328,19.399999618530273,19.530099868774414,40182,0.0,0.0
2024-05-29 11:30:00-04:00,19.530000686645508,19.670000076293945,19.450000762939453,19.60099983215332,58736,0.0,0.0
2024-05-29 12:30:00-04:00,19.603599548339844,19.603599548339844,19.350000381469727,19.450000762939453,55785,0.0,0.0
2024-05-29 13:30:00-04:00,19.454999923706055,19.454999923706055,19.34000015258789,19.440000534057617,35123,0.0,0.0
2024-05-29 14:30:00-04:00,19.43000030517578,19.44260025024414,19.329999923706055,19.420000076293945,51014,0.0,0.0
2024-05-29 15:30:00-04:00,19.40999984741211,19.434999465942383,19.309999465942383,19.31999969482422,156888,0.0,0.0
2024-05-30 09:30:00-04:00,19.540000915527344,19.770000457763672,19.43000030517578,19.59000015258789,80825,0.0,0.0
2024-05-30 10:30:00-04:00,19.579999923706055,19.75,19.540000915527344,19.725000381469727,85060,0.0,0.0
2024-05-30 11:30:00-04:00,19.719999313354492,19.81999969482422,19.711000442504883,19.795000076293945,38368,0.0,0.0
2024-05-30 12:30:00-04:00,19.790000915527344,19.889999389648438,19.770000457763672,19.8799991607666,51296,0.0,0.0
2024-05-30 13:30:00-04:00,19.875,19.93000030517578,19.719999313354492,19.735000610351562,66315,0.0,0.0
2024-05-30 14:30:00-04:00,19.729999542236328,19.760000228881836,19.610000610351562,19.709999084472656,96473,0.0,0.0
2024-05-30 15:30:00-04:00,19.709999084472656,19.709999084472656,19.55500030517578,19.59000015258789,222414,0.0,0.0
2024-05-31 09:30:00-04:00,19.719999313354492,20.104999542236328,19.6200008392334,19.8799991607666,74042,0.0,0.0
2024-05-31 10:30:00-04:00,19.8799991607666,20.309999465942383,19.860000610351562,20.239999771118164,118860,0.0,0.0
2024-05-31 11:30:00-04:00,20.239999771118164,20.290000915527344,20.09000015258789,20.111000061035156,51652,0.0,0.0
2024-05-31 12:30:00-04:00,20.1200008392334,20.209999084472656,20.010000228881836,20.209999084472656,40304,0.0,0.0
2024-05-31 13:30:00-04:00,20.210100173950195,20.350000381469727,20.18000030517578,20.229999542236328,50972,0.0,0.0
2024-05-31 14:30:00-04:00,20.219999313354492,20.229999542236328,20.094999313354492,20.1200008392334,74358,0.0,0.0
2024-05-31 15:30:00-04:00,20.104999542236328,20.15999984741211,20.030000686645508,20.100000381469727,173328,0.0,0.0
2024-06-03 09:30:00-04:00,20.530000686645508,21.559999465942383,20.405000686645508,20.93000030517578,288040,0.0,0.0
2024-06-03 10:30:00-04:00,20.959999084472656,20.959999084472656,20.137500762939453,20.68000030517578,257928,0.0,0.0
2024-06-03 11:30:00-04:00,20.68000030517578,20.727500915527344,20.5,20.709999084472656,73321,0.0,0.0
2024-06-03 12:30:00-04:00,20.700000762939453,20.920000076293945,20.579999923706055,20.80739974975586,94103,0.0,0.0
2024-06-03 13:30:00-04:00,20.81999969482422,21.040000915527344,20.75,21.024999618530273,94751,0.0,0.0
2024-06-03 14:30:00-04:00,21.020000457763672,21.09000015258789,20.889999389648438,21.010000228881836,209257,0.0,0.0
2024-06-03 15:30:00-04:00,21.010000228881836,21.18000030517578,20.889999389648438,21.040000915527344,352067,0.0,0.0
2024-06-04 09:30:00-04:00,20.309999465942383,20.510000228881836,19.912500381469727,20.389999389648438,179989,0.0,0.0
2024-06-04 10:30:00-04:00,20.3700008392334,20.559999465942383,20.312999725341797,20.364999771118164,153732,0.0,0.0
2024-06-04 11:30:00-04:00,20.364999771118164,20.434999465942383,20.329999923706055,20.405000686645508,65962,0.0,0.0
2024-06-04 12:30:00-04:00,20.420000076293945,20.600000381469727,20.40999984741211,20.600000381469727,68207,0.0,0.0
2024-06-04 13:30:00-04:00,20.600000381469727,20.75,20.530000686645508,20.729999542236328,52334,0.0,0.0
2024-06-04 14:30:00-04:00,20.729999542236328,20.729999542236328,20.575000762939453,20.6299991607666,62868,0.0,0.0
2024-06-04 15:30:00-04:00,20.600000381469727,20.700000762939453,20.559999465942383,20.690000534057617,286531,0.0,0.0
2024-06-05 09:30:00-04:00,20.600000381469727,20.690000534057617,19.559999465942383,19.90999984741211,484987,0.0,0.0
2024-06-05 10:30:00-04:00,19.93000030517578,19.969999313354492,19.665000915527344,19.969999313354492,214222,0.0,0.0
2024-06-05 11:30:00-04:00,19.969999313354492,20.079999923706055,19.81999969482422,19.979999542236328,93116,0.0,0.0
2024-06-05 12:30:00-04:00,19.969999313354492,20.100000381469727,19.905000686645508,20.0,229243,0.0,0.0
2024-06-05 13:30:00-04:00,20.010000228881836,20.010000228881836,19.875,19.969999313354492,141187,0.0,0.0
2024-06-05 14:30:00-04:00,19.959999084472656,20.110000610351562,19.809999465942383,20.079999923706055,339540,0.0,0.0
2024-06-05 15:30:00-04:00,20.079999923706055,20.309999465942383,20.030000686645508,20.299999237060547,316668,0.0,0.0
2024-06-06 09:30:00-04:00,20.170000076293945,20.274999618530273,19.920000076293945,20.156999588012695,80410,0.0,0.0
2024-06-06 10:30:00-04:00,20.150999069213867,20.150999069213867,19.8799991607666,20.0049991607666,250901,0.0,0.0
2024-06-06 11:30:00-04:00,20.0049991607666,20.010000228881836,19.709999084472656,19.739999771118164,60912,0.0,0.0
2024-06-06 12:30:00-04:00,19.74090003967285,19.940000534057617,19.709999084472656,19.920000076293945,39756,0.0,0.0
2024-06-06 13:30:00-04:00,19.940000534057617,20.020000457763672,19.75,19.795000076293945,47770,0.0,0.0
2024-06-06 14:30:00-04:00,19.780000686645508,19.84000015258789,19.690000534057617,19.75,78341,0.0,0.0
2024-06-06 15:30:00-04:00,19.7549991607666,19.770000457763672,19.6299991607666,19.700000762939453,163222,0.0,0.0
2024-06-07 09:30:00-04:00,19.3799991607666,19.6299991607666,19.269800186157227,19.479999542236328,81952,0.0,0.0
2024-06-07 10:30:00-04:00,19.450000762939453,19.479999542236328,19.270000457763672,19.299999237060547,50064,0.0,0.0
2024-06-07 11:30:00-04:00,19.299999237060547,19.31999969482422,19.225000381469727,19.290000915527344,58073,0.0,0.0
2024-06-07 12:30:00-04:00,19.299999237060547,19.31999969482422,19.110000610351562,19.1200008392334,58113,0.0,0.0
2024-06-07 13:30:00-04:00,19.110000610351562,19.15999984741211,18.989999771118164,19.049999237060547,66902,0.0,0.0
2024-06-07 14:30:00-04:00,19.045000076293945,19.149999618530273,19.045000076293945,19.070999145507812,80956,0.0,0.0
2024-06-07 15:30:00-04:00,19.06999969482422,19.1200008392334,18.989999771118164,19.010000228881836,180411,0.0,0.0
2024-06-10 09:30:00-04:00,18.809999465942383,19.049999237060547,18.68000030517578,18.90999984741211,102497,0.0,0.0
2024-06-10 10:30:00-04:00,18.899999618530273,19.030000686645508,18.84000015258789,18.950000762939453,60715,0.0,0.0
2024-06-10 11:30:00-04:00,18.950300216674805,19.139999389648438,18.950000762939453,19.079999923706055,57026,0.0,0.0
2024-06-10 12:30:00-04:00,19.06999969482422,19.09000015258789,18.96500015258789,19.09000015258789,49781,0.0,0.0
2024-06-10 13:30:00-04:00,19.079999923706055,19.190000534057617,19.059999465942383,19.09000015258789,56565,0.0,0.0
2024-06-10 14:30:00-04:00,19.084999084472656,19.170000076293945,19.020000457763672,19.040000915527344,83933,0.0,0.0
2024-06-10 15:30:00-04:00,19.040000915527344,19.079999923706055,18.979999542236328,18.989999771118164,164863,0.0,0.0
2024-06-11 09:30:00-04:00,18.84000015258789,18.969999313354492,18.639999389648438,18.809999465942383,50636,0.0,0.0
2024-06-11 10:30:00-04:00,18.799999237060547,19.0,18.709999084472656,18.95199966430664,46208,0.0,0.0
2024-06-11 11:30:00-04:00,18.950000762939453,18.989999771118164,18.860000610351562,18.924999237060547,47472,0.0,0.0
2024-06-11 12:30:00-04:00,18.939899444580078,18.950000762939453,18.829999923706055,18.829999923706055,45304,0.0,0.0
2024-06-11 13:30:00-04:00,18.822599411010742,18.940000534057617,18.809999465942383,18.8799991607666,61628,0.0,0.0
2024-06-11 14:30:00-04:00,18.889999389648438,18.920000076293945,18.80500030517578,18.80500030517578,68511,0.0,0.0
2024-06-11 15:30:00-04:00,18.80500030517578,18.889999389648438,18.790000915527344,18.790000915527344,134231,0.0,0.0
2024-06-12 09:30:00-04:00,19.280000686645508,20.389999389648438,19.280000686645508,20.3700008392334,196445,0.0,0.0
2024-06-12 10:30:00-04:00,20.329999923706055,20.510000228881836,20.045000076293945,20.079999923706055,106353,0.0,0.0
2024-06-12 11:30:00-04:00,20.079999923706055,20.079999923706055,19.635000228881836,19.700000762939453,57204,0.0,0.0
2024-06-12 12:30:00-04:00,19.719999313354492,19.81999969482422,19.688199996948242,19.739999771118164,43465,0.0,0.0
2024-06-12 13:30:00-04:00,19.739999771118164,19.75,19.450000762939453,19.530000686645508,163113,0.0,0.0
2024-06-12 14:30:00-04:00,19.530000686645508,19.59000015258789,19.25,19.295000076293945,80574,0.0,0.0
2024-06-12 15:30:00-04:00,19.295000076293945,19.489999771118164,19.270000457763672,19.489999771118164,201643,0.0,0.0
2024-06-13 09:30:00-04:00,19.34000015258789,19.34000015258789,18.979999542236328,19.049999237060547,49715,0.0,0.0
2024-06-13 10:30:00-04:00,19.049999237060547,19.05500030517578,18.829999923706055,18.889999389648438,58177,0.0,0.0
2024-06-13 11:30:00-04:00,18.877099990844727,18.920000076293945,18.65999984741211,18.68000030517578,73929,0.0,0.0
2024-06-13 12:30:00-04:00,18.690000534057617,18.760000228881836,18.665000915527344,18.665000915527344,42681,0.0,0.0
2024-06-13 13:30:00-04:00,18.65999984741211,18.690000534057617,18.59000015258789,18.648500442504883,61042,0.0,0.0
2024-06-13 14:30:00-04:00,18.649999618530273,18.725000381469727,18.55500030517578,18.6200008392334,106713,0.0,0.0
2024-06-13 15:30:00-04:00,18.6200008392334,18.834999084472656,18.610000610351562,18.65999984741211,194015,0.0,0.0
2024-06-14 09:30:00-04:00,18.309999465942383,18.329999923706055,17.674999237060547,17.829999923706055,299380,0.0,0.0
2024-06-14 10:30:00-04:00,17.81999969482422,17.98900032043457,17.649999618530273,17.959999084472656,101748,0.0,0.0
2024-06-14 11:30:00-04:00,17.959999084472656,18.209999084472656,17.93000030517578,18.040000915527344,163191,0.0,0.0
2024-06-14 12:30:00-04:00,18.049999237060547,18.079999923706055,17.950000762939453,18.040000915527344,120291,0.0,0.0
2024-06-14 13:30:00-04:00,18.049999237060547,18.139999389648438,17.90999984741211,18.024999618530273,88130,0.0,0.0
2024-06-14 14:30:00-04:00,18.024999618530273,18.18000030517578,18.020000457763672,18.079999923706055,93094,0.0,0.0
2024-06-14 15:30:00-04:00,18.06999969482422,18.110000610351562,17.889999389648438,17.950000762939453,229398,0.0,0.0
2024-06-17 09:30:00-04:00,17.770000457763672,17.93000030517578,17.510000228881836,17.80500030517578,172532,0.0,0.0
2024-06-17 10:30:00-04:00,17.80500030517578,18.06999969482422,17.600000381469727,18.06999969482422,290920,0.0,0.0
2024-06-17 11:30:00-04:00,18.049999237060547,18.18000030517578,18.020000457763672,18.15999984741211,105546,0.0,0.0
2024-06-17 12:30:00-04:00,18.170000076293945,18.325000762939453,18.06100082397461,18.309999465942383,81732,0.0,0.0
2024-06-17 13:30:00-04:00,18.30500030517578,18.459999084472656,18.30500030517578,18.329999923706055,104064,0.0,0.0
2024-06-17 14:30:00-04:00,18.31999969482422,18.389999389648438,18.25,18.334999084472656,188238,0.0,0.0
2024-06-17 15:30:00-04:00,18.334999084472656,18.5,18.325000762939453,18.489999771118164,297401,0.0,0.0
2024-06-18 09:30:00-04:00,18.43000030517578,18.56999969482422,18.260000228881836,18.459999084472656,73483,0.0,0.0
2024-06-18 10:30:00-04:00,18.467899322509766,18.600000381469727,18.40999984741211,18.530000686645508,60887,0.0,0.0
2024-06-18 11:30:00-04:00,18.520000457763672,18.639999389648438,18.40999984741211,18.44499969482422,176641,0.0,0.0
2024-06-18 12:30:00-04:00,18.43000030517578,18.43000030517578,18.290000915527344,18.309999465942383,62229,0.0,0.0
2024-06-18 13:30:00-04:00,18.299999237060547,18.479999542236328,18.290000915527344,18.420000076293945,129969,0.0,0.0
2024-06-18 14:30:00-04:00,18.420000076293945,18.469999313354492,18.3799991607666,18.415000915527344,82033,0.0,0.0
2024-06-18 15:30:00-04:00,18.40999984741211,18.510000228881836,18.3799991607666,18.510000228881836,210214,0.0,0.0
2024-06-20 09:30:00-04:00,18.299999237060547,18.600000381469727,18.25,18.5049991607666,85267,0.0,0.0
2024-06-20 10:30:00-04:00,18.489999771118164,18.524999618530273,18.3700008392334,18.424999237060547,76420,0.0,0.0
2024-06-20 11:30:00-04:00,18.424999237060547,18.450000762939453,18.295000076293945,18.34000015258789,67971,0.0,0.0
2024-06-20 12:30:00-04:00,18.31999969482422,18.399999618530273,18.270000457763672,18.270000457763672,124644,0.0,0.0
2024-06-20 13:30:00-04:00,18.260000228881836,18.520000457763672,18.239999771118164,18.520000457763672,74353,0.0,0.0
2024-06-20 14:30:00-04:00,18.510000228881836,18.549999237060547,18.399999618530273,18.489999771118164,73866,0.0,0.0
2024-06-20 15:30:00-04:00,18.5,18.524999618530273,18.440000534057617,18.469999313354492,149578,0.0,0.0
2024-06-21 09:30:00-04:00,18.530000686645508,18.530000686645508,18.280000686645508,18.3799991607666,116146,0.0,0.0
2024-06-21 10:30:00-04:00,18.3799991607666,18.420000076293945,18.280000686645508,18.31999969482422,68979,0.0,0.0
2024-06-21 11:30:00-04:00,18.31999969482422,18.3700008392334,18.25,18.299999237060547,123110,0.0,0.0
2024-06-21 12:30:00-04:00,18.299999237060547,18.415000915527344,18.280000686645508,18.350000381469727,50916,0.0,0.0
2024-06-21 13:30:00-04:00,18.350000381469727,18.359899520874023,18.295000076293945,18.295000076293945,40807,0.0,0.0
2024-06-21 14:30:00-04:00,18.295000076293945,18.30500030517578,18.010000228881836,18.070100784301758,240495,0.0,0.0
2024-06-21 15:30:00-04:00,18.06999969482422,18.06999969482422,17.920000076293945,17.969999313354492,237017,0.0,0.0
2024-06-24 09:30:00-04:00,18.440000534057617,18.440000534057617,17.969999313354492,18.06999969482422,189021,0.0,0.0
2024-06-24 10:30:00-04:00,18.065000534057617,18.18000030517578,18.014999389648438,18.18000030517578,86758,0.0,0.0
2024-06-24 11:30:00-04:00,18.184999465942383,18.399999618530273,18.0,18.295000076293945,103798,0.0,0.0
2024-06-24 12:30:00-04:00,18.292999267578125,18.295000076293945,18.030000686645508,18.1299991607666,59876,0.0,0.0
2024-06-24 13:30:00-04:00,18.110000610351562,18.1200008392334,18.030000686645508,18.114999771118164,60455,0.0,0.0
2024-06-24 14:30:00-04:00,18.114999771118164,18.357099533081055,18.110000610351562,18.270000457763672,104809,0.0,0.0
2024-06-24 15:30:00-04:00,18.270000457763672,18.3799991607666,18.110000610351562,18.110000610351562,187432,0.0,0.0
2024-06-25 09:30:00-04:00,17.950000762939453,18.040000915527344,17.579999923706055,17.75,118135,0.0,0.0
2024-06-25 10:30:00-04:00,17.719999313354492,17.729999542236328,17.510000228881836,17.530000686645508,78830,0.0,0.0
2024-06-25 11:30:00-04:00,17.530000686645508,17.549999237060547,17.3700008392334,17.3799991607666,72699,0.0,0.0
2024-06-25 12:30:00-04:00,17.3700008392334,17.420000076293945,17.290000915527344,17.3700008392334,103091,0.0,0.0
2024-06-25 13:30:00-04:00,17.3700008392334,17.389999389648438,17.34000015258789,17.385000228881836,66422,0.0,0.0
2024-06-25 14:30:00-04:00,17.3799991607666,17.420000076293945,17.329999923706055,17.375,98025,0.0,0.0
2024-06-25 15:30:00-04:00,17.375,17.459999084472656,17.350000381469727,17.43000030517578,197942,0.0,0.0
2024-06-26 09:30:00-04:00,17.329999923706055,17.690000534057617,17.290000915527344,17.59000015258789,52108,0.0,0.0
2024-06-26 10:30:00-04:00,17.600000381469727,17.81999969482422,17.600000381469727,17.774999618530273,61741,0.0,0.0
2024-06-26 11:30:00-04:00,17.78499984741211,18.030000686645508,17.7549991607666,17.979999542236328,137914,0.0,0.0
2024-06-26 12:30:00-04:00,17.989999771118164,18.1299991607666,17.969999313354492,18.0,51926,0.0,0.0
2024-06-26 13:30:00-04:00,17.985000610351562,18.049999237060547,17.969999313354492,17.989999771118164,61298,0.0,0.0
2024-06-26 14:30:00-04:00,17.979999542236328,17.989999771118164,17.860000610351562,17.860000610351562,71861,0.0,0.0
2024-06-26 15:30:00-04:00,17.864999771118164,17.989999771118164,17.864999771118164,17.959999084472656,187984,0.0,0.0
2024-06-27 09:30:00-04:00,18.0,18.0,17.6299991607666,17.799999237060547,113800,0.0,0.0
2024-06-27 10:30:00-04:00,17.780000686645508,17.899999618530273,17.639999389648438,17.645000457763672,133753,0.0,0.0
2024-06-27 11:30:00-04:00,17.6299991607666,17.770000457763672,17.614999771118164,17.68000030517578,45204,0.0,0.0
2024-06-27 12:30:00-04:00,17.684999465942383,17.690000534057617,17.5,17.584999084472656,72312,0.0,0.0
2024-06-27 13:30:00-04:00,17.584999084472656,17.584999084472656,17.469999313354492,17.510000228881836,53346,0.0,0.0
2024-06-27 14:30:00-04:00,17.514999389648438,17.739999771118164,17.514999389648438,17.739999771118164,84905,0.0,0.0
2024-06-27 15:30:00-04:00,17.739999771118164,17.81999969482422,17.709999084472656,17.81999969482422,189784,0.0,0.0
2024-06-28 09:30:00-04:00,17.899999618530273,18.049999237060547,17.65999984741211,17.729999542236328,69379,0.0,0.0
2024-06-28 10:30:00-04:00,17.719999313354492,17.889999389648438,17.700000762939453,17.774999618530273,72261,0.0,0.0
2024-06-28 11:30:00-04:00,17.780000686645508,17.84000015258789,17.649999618530273,17.75,98491,0.0,0.0
2024-06-28 12:30:00-04:00,17.75,17.809999465942383,17.690000534057617,17.735000610351562,44322,0.0,0.0
2024-06-28 13:30:00-04:00,17.729999542236328,17.770000457763672,17.700000762939453,17.7450008392334,50681,0.0,0.0
2024-06-28 14:30:00-04:00,17.735000610351562,17.799999237060547,17.700000762939453,17.725000381469727,60196,0.0,0.0
2024-06-28 15:30:00-04:00,17.725000381469727,17.8799991607666,17.690000534057617,17.860000610351562,228971,0.0,0.0
2024-07-01 09:30:00-04:00,17.8799991607666,17.8799991607666,17.3799991607666,17.440000534057617,138912,0.0,0.0
2024-07-01 10:30:00-04:00,17.450000762939453,17.459999084472656,17.315000534057617,17.3799991607666,90017,0.0,0.0
2024-07-01 11:30:00-04:00,17.360000610351562,17.399999618530273,17.299999237060547,17.299999237060547,48039,0.0,0.0
2024-07-01 12:30:00-04:00,17.295000076293945,17.5,17.295000076293945,17.5,163962,0.0,0.0
2024-07-01 13:30:00-04:00,17.479999542236328,17.700000762939453,17.459999084472656,17.65999984741211,64764,0.0,0.0
2024-07-01 14:30:00-04:00,17.65999984741211,17.799999237060547,17.549999237060547,17.614999771118164,93419,0.0,0.0
2024-07-01 15:30:00-04:00,17.614999771118164,17.670000076293945,17.56999969482422,17.56999969482422,167189,0.0,0.0
2024-07-02 09:30:00-04:00,17.68000030517578,17.969999313354492,17.559999465942383,17.8799991607666,70715,0.0,0.0
2024-07-02 10:30:00-04:00,17.8700008392334,18.06999969482422,17.8700008392334,18.0,66067,0.0,0.0
2024-07-02 11:30:00-04:00,17.989999771118164,18.040000915527344,17.969999313354492,18.0,53377,0.0,0.0
2024-07-02 12:30:00-04:00,18.0,18.040000915527344,17.965599060058594,18.020000457763672,57539,0.0,0.0
2024-07-02 13:30:00-04:00,18.010000228881836,18.045000076293945,17.969999313354492,17.989999771118164,52913,0.0,0.0
2024-07-02 14:30:00-04:00,18.0,18.049999237060547,17.96500015258789,18.020000457763672,109318,0.0,0.0
2024-07-02 15:30:00-04:00,18.020000457763672,18.03499984741211,17.920000076293945,17.920000076293945,191773,0.0,0.0
2024-07-03 09:30:00-04:00,18.010000228881836,18.350000381469727,17.729999542236328,18.344999313354492,74258,0.0,0.0
2024-07-03 10:30:00-04:00,18.360000610351562,18.3799991607666,18.15999984741211,18.15999984741211,100462,0.0,0.0
2024-07-03 11:30:00-04:00,18.15999984741211,18.270000457763672,18.1299991607666,18.190000534057617,72839,0.0,0.0
2024-07-05 09:30:00-04:00,18.110000610351562,18.200000762939453,17.8700008392334,18.040000915527344,75504,0.0,0.0
2024-07-05 10:30:00-04:00,18.024999618530273,18.25,18.010000228881836,18.229999542236328,66671,0.0,0.0
2024-07-05 11:30:00-04:00,18.209999084472656,18.209999084472656,17.979999542236328,17.979999542236328,63123,0.0,0.0
2024-07-05 12:30:00-04:00,17.969999313354492,18.030000686645508,17.969999313354492,17.985000610351562,42568,0.0,0.0
2024-07-05 13:30:00-04:00,17.989999771118164,17.989999771118164,17.799999237060547,17.81999969482422,66169,0.0,0.0
2024-07-05 14:30:00-04:00,17.81999969482422,17.8799991607666,17.739999771118164,17.7450008392334,64849,0.0,0.0
2024-07-05 15:30:00-04:00,17.739999771118164,17.795000076293945,17.690000534057617,17.739999771118164,200298,0.0,0.0
2024-07-08 09:30:00-04:00,17.989999771118164,18.104999542236328,17.81999969482422,17.950000762939453,177126,0.0,0.0
2024-07-08 10:30:00-04:00,17.94499969482422,18.040000915527344,17.889999389648438,17.920000076293945,70532,0.0,0.0
2024-07-08 11:30:00-04:00,17.899999618530273,17.920000076293945,17.780000686645508,17.860000610351562,148435,0.0,0.0
2024-07-08 12:30:00-04:00,17.854999542236328,18.0,17.790000915527344,17.8799991607666,67124,0.0,0.0
2024-07-08 13:30:00-04:00,17.8799991607666,17.940000534057617,17.850000381469727,17.90999984741211,91295,0.0,0.0
2024-07-08 14:30:00-04:00,17.90999984741211,18.024999618530273,17.8799991607666,17.9950008392334,94698,0.0,0.0
2024-07-08 15:30:00-04:00,17.989999771118164,18.079999923706055,17.959999084472656,18.06999969482422,221673,0.0,0.0
2024-07-09 09:30:00-04:00,18.0,18.110000610351562,17.732500076293945,18.02899932861328,131658,0.0,0.0
2024-07-09 10:30:00-04:00,18.020000457763672,18.1200008392334,17.979999542236328,18.020000457763672,415227,0.0,0.0
2024-07-09 11:30:00-04:00,18.020000457763672,18.327899932861328,18.020000457763672,18.319599151611328,83004,0.0,0.0
2024-07-09 12:30:00-04:00,18.309999465942383,18.449800491333008,18.079999923706055,18.104999542236328,87026,0.0,0.0
2024-07-09 13:30:00-04:00,18.100099563598633,18.18000030517578,18.030000686645508,18.18000030517578,212490,0.0,0.0
2024-07-09 14:30:00-04:00,18.170000076293945,18.329999923706055,18.139999389648438,18.290000915527344,178425,0.0,0.0
2024-07-09 15:30:00-04:00,18.295000076293945,18.440000534057617,18.290000915527344,18.290000915527344,246751,0.0,0.0
2024-07-10 09:30:00-04:00,18.440000534057617,18.549999237060547,18.235000610351562,18.260000228881836,128739,0.0,0.0
2024-07-10 10:30:00-04:00,18.25,18.749900817871094,18.25,18.65999984741211,93385,0.0,0.0
2024-07-10 11:30:00-04:00,18.65489959716797,18.809999465942383,18.559999465942383,18.790000915527344,66806,0.0,0.0
2024-07-10 12:30:00-04:00,18.790000915527344,18.790000915527344,18.649999618530273,18.719999313354492,54905,0.0,0.0
2024-07-10 13:30:00-04:00,18.729999542236328,18.75,18.59000015258789,18.6200008392334,65287,0.0,0.0
2024-07-10 14:30:00-04:00,18.614999771118164,18.760000228881836,18.614999771118164,18.760000228881836,81936,0.0,0.0
2024-07-10 15:30:00-04:00,18.75,18.84000015258789,18.719999313354492,18.780000686645508,319649,0.0,0.0
2024-07-11 09:30:00-04:00,19.360000610351562,20.25,19.309999465942383,20.200000762939453,228036,0.0,0.0
2024-07-11 10:30:00-04:00,20.200000762939453,20.350000381469727,20.15999984741211,20.329999923706055,202134,0.0,0.0
2024-07-11 11:30:00-04:00,20.32200050354004,20.329999923706055,20.040000915527344,20.1299991607666,100591,0.0,0.0
2024-07-11 12:30:00-04:00,20.149999618530273,20.479999542236328,20.1299991607666,20.459999084472656,120412,0.0,0.0
2024-07-11 13:30:00-04:00,20.450000762939453,20.530000686645508,20.3700008392334,20.530000686645508,105921,0.0,0.0
2024-07-11 14:30:00-04:00,20.540000915527344,20.760000228881836,20.540000915527344,20.729999542236328,153886,0.0,0.0
2024-07-11 15:30:00-04:00,20.729999542236328,20.915000915527344,20.729999542236328,20.81999969482422,232016,0.0,0.0
2024-07-12 09:30:00-04:00,21.0,21.764999389648438,20.94499969482422,21.670000076293945,162216,0.0,0.0
2024-07-12 10:30:00-04:00,21.65999984741211,21.709999084472656,21.399999618530273,21.479999542236328,121069,0.0,0.0
2024-07-12 11:30:00-04:00,21.459999084472656,21.479999542236328,21.31999969482422,21.360000610351562,91798,0.0,0.0
2024-07-12 12:30:00-04:00,21.350000381469727,21.5,21.260000228881836,21.5,78391,0.0,0.0
2024-07-12 13:30:00-04:00,21.489999771118164,21.520000457763672,21.420000076293945,21.485000610351562,98987,0.0,0.0
2024-07-12 14:30:00-04:00,21.489999771118164,21.530000686645508,21.40999984741211,21.479999542236328,126536,0.0,0.0
2024-07-12 15:30:00-04:00,21.475000381469727,21.489999771118164,21.360000610351562,21.389999389648438,262464,0.0,0.0
2024-07-15 09:30:00-04:00,21.389999389648438,22.079999923706055,21.200000762939453,21.90999984741211,140435,0.0,0.0
2024-07-15 10:30:00-04:00,21.889999389648438,22.290000915527344,21.860000610351562,22.219999313354492,97681,0.0,0.0
2024-07-15 11:30:00-04:00,22.209999084472656,22.437999725341797,22.110000610351562,22.19499969482422,88721,0.0,0.0
2024-07-15 12:30:00-04:00,22.200000762939453,22.290000915527344,22.139999389648438,22.15999984741211,65137,0.0,0.0
2024-07-15 13:30:00-04:00,22.139999389648438,22.25,21.979999542236328,22.239999771118164,82375,0.0,0.0
2024-07-15 14:30:00-04:00,22.229999542236328,22.399999618530273,22.030000686645508,22.350000381469727,165355,0.0,0.0
2024-07-15 15:30:00-04:00,22.34000015258789,22.34000015258789,22.0,22.010000228881836,310700,0.0,0.0
2024-07-16 09:30:00-04:00,22.299999237060547,22.850000381469727,22.1299991607666,22.489999771118164,99162,0.0,0.0
2024-07-16 10:30:00-04:00,22.469999313354492,23.040000915527344,22.469999313354492,22.989999771118164,185927,0.0,0.0
2024-07-16 11:30:00-04:00,22.979999542236328,23.066499710083008,22.670000076293945,23.0,97400,0.0,0.0
2024-07-16 12:30:00-04:00,22.989999771118164,23.049999237060547,22.860000610351562,22.9950008392334,110577,0.0,0.0
2024-07-16 13:30:00-04:00,22.989999771118164,23.100000381469727,22.954999923706055,23.03499984741211,121216,0.0,0.0
2024-07-16 14:30:00-04:00,23.03499984741211,23.100000381469727,22.940000534057617,22.9950008392334,201282,0.0,0.0
2024-07-16 15:30:00-04:00,23.010000228881836,23.079999923706055,22.889999389648438,23.0,328317,0.0,0.0
2024-07-17 09:30:00-04:00,22.729999542236328,23.389999389648438,22.469999313354492,23.27680015563965,94846,0.0,0.0
2024-07-17 10:30:00-04:00,23.25,23.450000762939453,23.1200008392334,23.25,81524,0.0,0.0
2024-07-17 11:30:00-04:00,23.260000228881836,23.270000457763672,23.049999237060547,23.06999969482422,71248,0.0,0.0
2024-07-17 12:30:00-04:00,23.049999237060547,23.270000457763672,22.959999084472656,23.270000457763672,79998,0.0,0.0
2024-07-17 13:30:00-04:00,23.280000686645508,23.420000076293945,23.184999465942383,23.399999618530273,86727,0.0,0.0
2024-07-17 14:30:00-04:00,23.389999389648438,23.469999313354492,23.31999969482422,23.415000915527344,110046,0.0,0.0
2024-07-17 15:30:00-04:00,23.420000076293945,23.420000076293945,23.25,23.3700008392334,269121,0.0,0.0
2024-07-18 09:30:00-04:00,23.209999084472656,23.760000228881836,23.110000610351562,23.584999084472656,141151,0.0,0.0
2024-07-18 10:30:00-04:00,23.56999969482422,23.639999389648438,23.350000381469727,23.375,119572,0.0,0.0
2024-07-18 11:30:00-04:00,23.385000228881836,23.520000457763672,23.090099334716797,23.090099334716797,74159,0.0,0.0
2024-07-18 12:30:00-04:00,23.090099334716797,23.229999542236328,22.920000076293945,22.920000076293945,75693,0.0,0.0
2024-07-18 13:30:00-04:00,22.899999618530273,22.950000762939453,22.270000457763672,22.274999618530273,90475,0.0,0.0
2024-07-18 14:30:00-04:00,22.270000457763672,22.459999084472656,22.049999237060547,22.05500030517578,155375,0.0,0.0
2024-07-18 15:30:00-04:00,22.040000915527344,22.299999237060547,22.03499984741211,22.06999969482422,234760,0.0,0.0
2024-07-19 09:30:00-04:00,22.18000030517578,22.450000762939453,21.90999984741211,21.950000762939453,132776,0.0,0.0
2024-07-19 10:30:00-04:00,21.901500701904297,21.950000762939453,21.510000228881836,21.530000686645508,97430,0.0,0.0
2024-07-19 11:30:00-04:00,21.520000457763672,21.770000457763672,21.489999771118164,21.59000015258789,85421,0.0,0.0
2024-07-19 12:30:00-04:00,21.56999969482422,21.700000762939453,21.459999084472656,21.545000076293945,101650,0.0,0.0
2024-07-19 13:30:00-04:00,21.540000915527344,21.594999313354492,21.440000534057617,21.459999084472656,70977,0.0,0.0
2024-07-19 14:30:00-04:00,21.469999313354492,21.520000457763672,21.31999969482422,21.360000610351562,98263,0.0,0.0
2024-07-19 15:30:00-04:00,21.360000610351562,21.3799991607666,21.06999969482422,21.25,339280,0.0,0.0
2024-07-22 09:30:00-04:00,21.270000457763672,21.489999771118164,20.670000076293945,20.780000686645508,110695,0.0,0.0
2024-07-22 10:30:00-04:00,20.770000457763672,20.854999542236328,20.6200008392334,20.700000762939453,150289,0.0,0.0
2024-07-22 11:30:00-04:00,20.690000534057617,20.950000762939453,20.65999984741211,20.81999969482422,267819,0.0,0.0
2024-07-22 12:30:00-04:00,20.809999465942383,21.334999084472656,20.790000915527344,21.18000030517578,91683,0.0,0.0
2024-07-22 13:30:00-04:00,21.200000762939453,21.209999084472656,20.920000076293945,20.950000762939453,84064,0.0,0.0
2024-07-22 14:30:00-04:00,20.950000762939453,21.25,20.950000762939453,21.174999237060547,222711,0.0,0.0
2024-07-22 15:30:00-04:00,21.18000030517578,21.200000762939453,20.969999313354492,21.020000457763672,313173,0.0,0.0
2024-07-23 09:30:00-04:00,20.520000457763672,20.739999771118164,20.049999237060547,20.100000381469727,205107,0.0,0.0
2024-07-23 10:30:00-04:00,20.08799934387207,20.165000915527344,19.84000015258789,20.0,177347,0.0,0.0
2024-07-23 11:30:00-04:00,20.0,20.1200008392334,19.93000030517578,20.010000228881836,123693,0.0,0.0
2024-07-23 12:30:00-04:00,20.024999618530273,20.1200008392334,19.920000076293945,20.065000534057617,87658,0.0,0.0
2024-07-23 13:30:00-04:00,20.049999237060547,20.235000610351562,20.03499984741211,20.219999313354492,96453,0.0,0.0
2024-07-23 14:30:00-04:00,20.211700439453125,20.389999389648438,20.209999084472656,20.364999771118164,107946,0.0,0.0
2024-07-23 15:30:00-04:00,20.360000610351562,20.489999771118164,20.299999237060547,20.489999771118164,294338,0.0,0.0
2024-07-24 09:30:00-04:00,20.459999084472656,21.049999237060547,20.399999618530273,20.90999984741211,91420,0.0,0.0
2024-07-24 10:30:00-04:00,20.950000762939453,21.2549991607666,20.719999313354492,20.81999969482422,82630,0.0,0.0
2024-07-24 11:30:00-04:00,20.850000381469727,21.09000015258789,20.850000381469727,20.959999084472656,53045,0.0,0.0
2024-07-24 12:30:00-04:00,20.979999542236328,21.010000228881836,20.780000686645508,20.829999923706055,81616,0.0,0.0
2024-07-24 13:30:00-04:00,20.829999923706055,20.899999618530273,20.670000076293945,20.690000534057617,52242,0.0,0.0
2024-07-24 14:30:00-04:00,20.68000030517578,20.684999465942383,20.510000228881836,20.540000915527344,77758,0.0,0.0
2024-07-24 15:30:00-04:00,20.540000915527344,20.540000915527344,20.204999923706055,20.229999542236328,255865,0.0,0.0
2024-07-25 09:30:00-04:00,20.579999923706055,21.219999313354492,20.350000381469727,21.209999084472656,101781,0.0,0.0
2024-07-25 10:30:00-04:00,21.190000534057617,21.219999313354492,20.860000610351562,21.09000015258789,54720,0.0,0.0
2024-07-25 11:30:00-04:00,21.084999084472656,21.34000015258789,21.081100463867188,21.299999237060547,54794,0.0,0.0
2024-07-25 12:30:00-04:00,21.290000915527344,21.59000015258789,21.280000686645508,21.459999084472656,60979,0.0,0.0
2024-07-25 13:30:00-04:00,21.469999313354492,21.510000228881836,21.184999465942383,21.290000915527344,69224,0.0,0.0
2024-07-25 14:30:00-04:00,21.309999465942383,21.600000381469727,21.239999771118164,21.59000015258789,92030,0.0,0.0
2024-07-25 15:30:00-04:00,21.600000381469727,21.604999542236328,21.459999084472656,21.489999771118164,195947,0.0,0.0
2024-07-26 09:30:00-04:00,21.760000228881836,22.25,21.760000228881836,22.040000915527344,80734,0.0,0.0
2024-07-26 10:30:00-04:00,22.045000076293945,22.18000030517578,21.860000610351562,22.170000076293945,87802,0.0,0.0
2024-07-26 11:30:00-04:00,22.170000076293945,22.520000457763672,22.170000076293945,22.489999771118164,101544,0.0,0.0
2024-07-26 12:30:00-04:00,22.489999771118164,22.510000228881836,22.389999389648438,22.44300079345703,97961,0.0,0.0
2024-07-26 13:30:00-04:00,22.440000534057617,22.440000534057617,22.25,22.364999771118164,75664,0.0,0.0
2024-07-26 14:30:00-04:00,22.3799991607666,22.649999618530273,22.36039924621582,22.6299991607666,100947,0.0,0.0
2024-07-26 15:30:00-04:00,22.6299991607666,22.704999923706055,22.420000076293945,22.5,235702,0.0,0.0
2024-07-29 09:30:00-04:00,22.489999771118164,23.024999618530273,22.360000610351562,22.389999389648438,64016,0.0,0.0
2024-07-29 10:30:00-04:00,22.389999389648438,22.709999084472656,22.360000610351562,22.65999984741211,50689,0.0,0.0
2024-07-29 11:30:00-04:00,22.655000686645508,22.770000457763672,22.530000686645508,22.770000457763672,43600,0.0,0.0
2024-07-29 12:30:00-04:00,22.770000457763672,22.790000915527344,22.510000228881836,22.55500030517578,43165,0.0,0.0
2024-07-29 13:30:00-04:00,22.55500030517578,22.639999389648438,22.43000030517578,22.59000015258789,57146,0.0,0.0
2024-07-29 14:30:00-04:00,22.59000015258789,22.709999084472656,22.559999465942383,22.700000762939453,79433,0.0,0.0
2024-07-29 15:30:00-04:00,22.690000534057617,22.809999465942383,22.610000610351562,22.770000457763672,160367,0.0,0.0
2024-07-30 09:30:00-04:00,22.860000610351562,23.18000030517578,22.59000015258789,22.75,97659,0.0,0.0
2024-07-30 10:30:00-04:00,22.735000610351562,23.040000915527344,22.735000610351562,22.950000762939453,82443,0.0,0.0
2024-07-30 11:30:00-04:00,22.950000762939453,22.969999313354492,22.700000762939453,22.719999313354492,67681,0.0,0.0
2024-07-30 12:30:00-04:00,22.729999542236328,22.920000076293945,22.729999542236328,22.84000015258789,61323,0.0,0.0
2024-07-30 13:30:00-04:00,22.8700008392334,23.139999389648438,22.850000381469727,23.079999923706055,96370,0.0,0.0
2024-07-30 14:30:00-04:00,23.059999465942383,23.1299991607666,22.93000030517578,23.100000381469727,95723,0.0,0.0
2024-07-30 15:30:00-04:00,23.104999542236328,23.1299991607666,22.889999389648438,22.889999389648438,200554,0.0,0.0
2024-07-31 09:30:00-04:00,23.079999923706055,23.25,22.875,23.18000030517578,78095,0.0,0.0
2024-07-31 10:30:00-04:00,23.18000030517578,23.399999618530273,23.139999389648438,23.309999465942383,64386,0.0,0.0
2024-07-31 11:30:00-04:00,23.309999465942383,23.514999389648438,23.2549991607666,23.440000534057617,88787,0.0,0.0
2024-07-31 12:30:00-04:00,23.479999542236328,23.56999969482422,23.399999618530273,23.420000076293945,66107,0.0,0.0
2024-07-31 13:30:00-04:00,23.420000076293945,23.440000534057617,23.149999618530273,23.3700008392334,73051,0.0,0.0
2024-07-31 14:30:00-04:00,23.3700008392334,23.950000762939453,23.309999465942383,23.389999389648438,175214,0.0,0.0
2024-07-31 15:30:00-04:00,23.3799991607666,23.3799991607666,22.8700008392334,22.8700008392334,237707,0.0,0.0
2024-08-01 09:30:00-04:00,23.65999984741211,24.18000030517578,21.540000915527344,21.719999313354492,658467,0.0,0.0
2024-08-01 10:30:00-04:00,21.704999923706055,21.770000457763672,20.899999618530273,21.270000457763672,391284,0.0,0.0
2024-08-01 11:30:00-04:00,21.295000076293945,21.635000228881836,20.93000030517578,21.360000610351562,507769,0.0,0.0
2024-08-01 12:30:00-04:00,21.389999389648438,21.674999237060547,21.31999969482422,21.549999237060547,192789,0.0,0.0
2024-08-01 13:30:00-04:00,21.56999969482422,21.760000228881836,21.280000686645508,21.489999771118164,209621,0.0,0.0
2024-08-01 14:30:00-04:00,21.510000228881836,21.510000228881836,21.239999771118164,21.450000762939453,223442,0.0,0.0
2024-08-01 15:30:00-04:00,21.450000762939453,21.969999313354492,21.450000762939453,21.969999313354492,496853,0.0,0.0
2024-08-02 09:30:00-04:00,20.84000015258789,20.84000015258789,20.09000015258789,20.3799991607666,361473,0.0,0.0
2024-08-02 10:30:00-04:00,20.3799991607666,20.5,20.190000534057617,20.440000534057617,103857,0.0,0.0
2024-08-02 11:30:00-04:00,20.450000762939453,20.6200008392334,20.450000762939453,20.574899673461914,74461,0.0,0.0
2024-08-02 12:30:00-04:00,20.579999923706055,20.809999465942383,20.350000381469727,20.389999389648438,111669,0.0,0.0
2024-08-02 13:30:00-04:00,20.3799991607666,20.450000762939453,20.280000686645508,20.389999389648438,104366,0.0,0.0
2024-08-02 14:30:00-04:00,20.380399703979492,20.59000015258789,20.350000381469727,20.559999465942383,156858,0.0,0.0
2024-08-02 15:30:00-04:00,20.549999237060547,20.56999969482422,20.389999389648438,20.520000457763672,326450,0.0,0.0
2024-08-05 09:30:00-04:00,19.06999969482422,20.100000381469727,18.90999984741211,19.920000076293945,344230,0.0,0.0
2024-08-05 10:30:00-04:00,19.920000076293945,20.329999923706055,19.920000076293945,20.31999969482422,177719,0.0,0.0
2024-08-05 11:30:00-04:00,20.290000915527344,20.780000686645508,20.2549991607666,20.5,122668,0.0,0.0
2024-08-05 12:30:00-04:00,20.5,20.600000381469727,20.06999969482422,20.114999771118164,121344,0.0,0.0
2024-08-05 13:30:00-04:00,20.110000610351562,20.25,20.0,20.059999465942383,89849,0.0,0.0
2024-08-05 14:30:00-04:00,20.040000915527344,20.079999923706055,19.81999969482422,20.040000915527344,131844,0.0,0.0
2024-08-05 15:30:00-04:00,20.06999969482422,20.06999969482422,19.96500015258789,20.020000457763672,276084,0.0,0.0
2024-08-06 09:30:00-04:00,20.110000610351562,20.2450008392334,19.489999771118164,20.06130027770996,75760,0.0,0.0
2024-08-06 10:30:00-04:00,20.030000686645508,20.290000915527344,19.649999618530273,19.649999618530273,148754,0.0,0.0
2024-08-06 11:30:00-04:00,19.670000076293945,20.15999984741211,19.649999618530273,20.139999389648438,70710,0.0,0.0
2024-08-06 12:30:00-04:00,20.1299991607666,20.229999542236328,19.989999771118164,20.184999465942383,66332,0.0,0.0
2024-08-06 13:30:00-04:00,20.199899673461914,20.299999237060547,20.16029930114746,20.28499984741211,62599,0.0,0.0
2024-08-06 14:30:00-04:00,20.270000457763672,20.280000686645508,19.920000076293945,20.040000915527344,101376,0.0,0.0
2024-08-06 15:30:00-04:00,20.059999465942383,20.100000381469727,19.979999542236328,20.06999969482422,177300,0.0,0.0
2024-08-07 09:30:00-04:00,20.440000534057617,20.489999771118164,20.049999237060547,20.100000381469727,89349,0.0,0.0
2024-08-07 10:30:00-04:00,20.079999923706055,20.260000228881836,20.010000228881836,20.18000030517578,56550,0.0,0.0
2024-08-07 11:30:00-04:00,20.225000381469727,20.299999237060547,20.010000228881836,20.059999465942383,49825,0.0,0.0
2024-08-07 12:30:00-04:00,20.059999465942383,20.079999923706055,19.665000915527344,19.780000686645508,54793,0.0,0.0
2024-08-07 13:30:00-04:00,19.780000686645508,19.889999389648438,19.56999969482422,19.69499969482422,83687,0.0,0.0
2024-08-07 14:30:00-04:00,19.69499969482422,19.920000076293945,19.670000076293945,19.735000610351562,177081,0.0,0.0
2024-08-07 15:30:00-04:00,19.739999771118164,19.739999771118164,19.469999313354492,19.530000686645508,216492,0.0,0.0
2024-08-08 09:30:00-04:00,19.760000228881836,20.0,19.719999313354492,19.8700008392334,85515,0.0,0.0
2024-08-08 10:30:00-04:00,19.829999923706055,19.969900131225586,19.739999771118164,19.90999984741211,103962,0.0,0.0
2024-08-08 11:30:00-04:00,19.90999984741211,19.940099716186523,19.75,19.860000610351562,48246,0.0,0.0
2024-08-08 12:30:00-04:00,19.850000381469727,19.93000030517578,19.75,19.93000030517578,58599,0.0,0.0
2024-08-08 13:30:00-04:00,19.93000030517578,19.940000534057617,19.799999237060547,19.81999969482422,49154,0.0,0.0
2024-08-08 14:30:00-04:00,19.829999923706055,19.8700008392334,19.7450008392334,19.770000457763672,101348,0.0,0.0
2024-08-08 15:30:00-04:00,19.760000228881836,19.770000457763672,19.604999542236328,19.68000030517578,201659,0.0,0.0
2024-08-09 09:30:00-04:00,19.860000610351562,19.87380027770996,19.5,19.799999237060547,44503,0.0,0.0
2024-08-09 10:30:00-04:00,19.770000457763672,19.989999771118164,19.690000534057617,19.780000686645508,84870,0.0,0.0
2024-08-09 11:30:00-04:00,19.780000686645508,19.829999923706055,19.639999389648438,19.65999984741211,58420,0.0,0.0
2024-08-09 12:30:00-04:00,19.65999984741211,19.889999389648438,19.59000015258789,19.860000610351562,59067,0.0,0.0
2024-08-09 13:30:00-04:00,19.8700008392334,19.8799991607666,19.719999313354492,19.729999542236328,46175,0.0,0.0
2024-08-09 14:30:00-04:00,19.719999313354492,19.799999237060547,19.670000076293945,19.790000915527344,63350,0.0,0.0
2024-08-09 15:30:00-04:00,19.780000686645508,19.93000030517578,19.739999771118164,19.920000076293945,201340,0.0,0.0
2024-08-12 09:30:00-04:00,19.950000762939453,20.0,19.200000762939453,19.28499984741211,191286,0.0,0.0
2024-08-12 10:30:00-04:00,19.295000076293945,19.295000076293945,19.100000381469727,19.1299991607666,179186,0.0,0.0
2024-08-12 11:30:00-04:00,19.1299991607666,19.34000015258789,19.100000381469727,19.174999237060547,81099,0.0,0.0
2024-08-12 12:30:00-04:00,19.170000076293945,19.270000457763672,19.06999969482422,19.200000762939453,96421,0.0,0.0
2024-08-12 13:30:00-04:00,19.200000762939453,19.34000015258789,19.170000076293945,19.174999237060547,60409,0.0,0.0
2024-08-12 14:30:00-04:00,19.18000030517578,19.188600540161133,18.934999465942383,18.934999465942383,109966,0.0,0.0
2024-08-12 15:30:00-04:00,18.934999465942383,19.0049991607666,18.84000015258789,18.959999084472656,304951,0.0,0.0
2024-08-13 09:30:00-04:00,19.079999923706055,19.1299991607666,18.729999542236328,19.0,127661,0.0,0.0
2024-08-13 10:30:00-04:00,18.969999313354492,19.34000015258789,18.905000686645508,19.309999465942383,78629,0.0,0.0
2024-08-13 11:30:00-04:00,19.309999465942383,19.81999969482422,19.309999465942383,19.81999969482422,80249,0.0,0.0
2024-08-13 12:30:00-04:00,19.829999923706055,20.05500030517578,19.780000686645508,20.030000686645508,79114,0.0,0.0
2024-08-13 13:30:00-04:00,20.030000686645508,20.06999969482422,19.93000030517578,20.024999618530273,91347,0.0,0.0
2024-08-13 14:30:00-04:00,20.024999618530273,20.09000015258789,19.950000762939453,20.014999389648438,90851,0.0,0.0
2024-08-13 15:30:00-04:00,20.014999389648438,20.1200008392334,19.899999618530273,19.920000076293945,242122,0.0,0.0
2024-08-14 09:30:00-04:00,20.059999465942383,20.059999465942383,19.65999984741211,19.780000686645508,45911,0.0,0.0
2024-08-14 10:30:00-04:00,19.760000228881836,19.790000915527344,19.6299991607666,19.770000457763672,47983,0.0,0.0
2024-08-14 11:30:00-04:00,19.780000686645508,19.90999984741211,19.625,19.690000534057617,38084,0.0,0.0
2024-08-14 12:30:00-04:00,19.700000762939453,19.78499984741211,19.649999618530273,19.690000534057617,47384,0.0,0.0
2024-08-14 13:30:00-04:00,19.69099998474121,19.780000686645508,19.521099090576172,19.579999923706055,57866,0.0,0.0
2024-08-14 14:30:00-04:00,19.575000762939453,19.809999465942383,19.549999237060547,19.780000686645508,67395,0.0,0.0
2024-08-14 15:30:00-04:00,19.770000457763672,19.780000686645508,19.649999618530273,19.780000686645508,183103,0.0,0.0
2024-08-15 09:30:00-04:00,20.649999618530273,20.709999084472656,20.280000686645508,20.530000686645508,147006,0.0,0.0
2024-08-15 10:30:00-04:00,20.520000457763672,20.799999237060547,20.459999084472656,20.639999389648438,75438,0.0,0.0
2024-08-15 11:30:00-04:00,20.6299991607666,20.75,20.600000381469727,20.739999771118164,47377,0.0,0.0
2024-08-15 12:30:00-04:00,20.729999542236328,20.93000030517578,20.670000076293945,20.90999984741211,49742,0.0,0.0
2024-08-15 13:30:00-04:00,20.920000076293945,20.969999313354492,20.8700008392334,20.920000076293945,60853,0.0,0.0
2024-08-15 14:30:00-04:00,20.920000076293945,21.079999923706055,20.8700008392334,21.06999969482422,94210,0.0,0.0
2024-08-15 15:30:00-04:00,21.06999969482422,21.299999237060547,21.040000915527344,21.15999984741211,370048,0.0,0.0
2024-08-16 09:30:00-04:00,21.0,21.399999618530273,20.700000762939453,20.700000762939453,85931,0.0,0.0
2024-08-16 10:30:00-04:00,20.700000762939453,20.7549991607666,20.6200008392334,20.6200008392334,46410,0.0,0.0
2024-08-16 11:30:00-04:00,20.645000457763672,20.790000915527344,20.645000457763672,20.709999084472656,48171,0.0,0.0
2024-08-16 12:30:00-04:00,20.719999313354492,20.850000381469727,20.71500015258789,20.7450008392334,50740,0.0,0.0
2024-08-16 13:30:00-04:00,20.75,20.760000228881836,20.600000381469727,20.719999313354492,56747,0.0,0.0
2024-08-16 14:30:00-04:00,20.729999542236328,20.739999771118164,20.65999984741211,20.65999984741211,64201,0.0,0.0
2024-08-16 15:30:00-04:00,20.649999618530273,20.75,20.579999923706055,20.6200008392334,183684,0.0,0.0
2024-08-19 09:30:00-04:00,20.700000762939453,20.770000457763672,20.239999771118164,20.261600494384766,62934,0.0,0.0
2024-08-19 10:30:00-04:00,20.266000747680664,20.270000457763672,20.03499984741211,20.049999237060547,58729,0.0,0.0
2024-08-19 11:30:00-04:00,20.020000457763672,20.170000076293945,20.020000457763672,20.139999389648438,55410,0.0,0.0
2024-08-19 12:30:00-04:00,20.139999389648438,20.19499969482422,20.09000015258789,20.18000030517578,33575,0.0,0.0
2024-08-19 13:30:00-04:00,20.170000076293945,20.239999771118164,20.15999984741211,20.209999084472656,31132,0.0,0.0
2024-08-19 14:30:00-04:00,20.209999084472656,20.260000228881836,20.149999618530273,20.219999313354492,47965,0.0,0.0
2024-08-19 15:30:00-04:00,20.219900131225586,20.270000457763672,20.200000762939453,20.209999084472656,178675,0.0,0.0
2024-08-20 09:30:00-04:00,20.040000915527344,20.079999923706055,19.81999969482422,19.905000686645508,55261,0.0,0.0
2024-08-20 10:30:00-04:00,19.899900436401367,19.950000762939453,19.809999465942383,19.8700008392334,38212,0.0,0.0
2024-08-20 11:30:00-04:00,19.8700008392334,19.959999084472656,19.825000762939453,19.829999923706055,29064,0.0,0.0
2024-08-20 12:30:00-04:00,19.829999923706055,19.940000534057617,19.79010009765625,19.940000534057617,27603,0.0,0.0
2024-08-20 13:30:00-04:00,19.940000534057617,20.139999389648438,19.940000534057617,20.110000610351562,30873,0.0,0.0
2024-08-20 14:30:00-04:00,20.102500915527344,20.110000610351562,19.989999771118164,19.989999771118164,45044,0.0,0.0
2024-08-20 15:30:00-04:00,20.0,20.0049991607666,19.8799991607666,19.979999542236328,136391,0.0,0.0
2024-08-21 09:30:00-04:00,20.3799991607666,20.979999542236328,20.25,20.950000762939453,106725,0.0,0.0
2024-08-21 10:30:00-04:00,20.940000534057617,21.059999465942383,20.700000762939453,20.799999237060547,121131,0.0,0.0
2024-08-21 11:30:00-04:00,20.799999237060547,20.90999984741211,20.774999618530273,20.860000610351562,65119,0.0,0.0
2024-08-21 12:30:00-04:00,20.850000381469727,20.889999389648438,20.719999313354492,20.760000228881836,68147,0.0,0.0
2024-08-21 13:30:00-04:00,20.760000228881836,20.774999618530273,20.514999389648438,20.56999969482422,74902,0.0,0.0
2024-08-21 14:30:00-04:00,20.579999923706055,20.610000610351562,20.329999923706055,20.3700008392334,86009,0.0,0.0
2024-08-21 15:30:00-04:00,20.364999771118164,20.459999084472656,20.31999969482422,20.360000610351562,200889,0.0,0.0
2024-08-22 09:30:00-04:00,20.350000381469727,20.459999084472656,20.100500106811523,20.290000915527344,46239,0.0,0.0
2024-08-22 10:30:00-04:00,20.309999465942383,20.399999618530273,20.1299991607666,20.209999084472656,44275,0.0,0.0
2024-08-22 11:30:00-04:00,20.209999084472656,20.420000076293945,20.110000610351562,20.40999984741211,54990,0.0,0.0
2024-08-22 12:30:00-04:00,20.3799991607666,20.389999389648438,20.2450008392334,20.31999969482422,44681,0.0,0.0
2024-08-22 13:30:00-04:00,20.309999465942383,20.479999542236328,20.264999389648438,20.469999313354492,56369,0.0,0.0
2024-08-22 14:30:00-04:00,20.469999313354492,20.55500030517578,20.420000076293945,20.489999771118164,67720,0.0,0.0
2024-08-22 15:30:00-04:00,20.489999771118164,20.5049991607666,20.329999923706055,20.420000076293945,131035,0.0,0.0
2024-08-23 09:30:00-04:00,20.6200008392334,21.535499572753906,20.459999084472656,21.535499572753906,87816,0.0,0.0
2024-08-23 10:30:00-04:00,21.56999969482422,22.110000610351562,21.549999237060547,21.96500015258789,245780,0.0,0.0
2024-08-23 11:30:00-04:00,21.989999771118164,22.190000534057617,21.760000228881836,21.84000015258789,120932,0.0,0.0
2024-08-23 12:30:00-04:00,21.850000381469727,22.110000610351562,21.809999465942383,22.09000015258789,95368,0.0,0.0
2024-08-23 13:30:00-04:00,22.079999923706055,22.389999389648438,21.979999542236328,22.239999771118164,276909,0.0,0.0
2024-08-23 14:30:00-04:00,22.23310089111328,22.299999237060547,22.040000915527344,22.18000030517578,233963,0.0,0.0
2024-08-23 15:30:00-04:00,22.190000534057617,22.614999771118164,22.18000030517578,22.5,408346,0.0,0.0
