Datetime,Open,High,Low,Close,Volume,Dividends,Stock Splits
2022-08-25 09:30:00-04:00,478.1600036621094,483.760009765625,478.1600036621094,482.45001220703125,0,0.0,0.0
2022-08-25 10:30:00-04:00,486.2099914550781,487.0799865722656,483.8500061035156,485.1549987792969,10703,0.0,0.0
2022-08-25 11:30:00-04:00,485.6700134277344,485.6700134277344,480.82000732421875,481.6600036621094,7618,0.0,0.0
2022-08-25 12:30:00-04:00,481.6600036621094,482.0400085449219,478.0199890136719,479.4800109863281,12568,0.0,0.0
2022-08-25 13:30:00-04:00,479.55999755859375,483.8800048828125,479.55999755859375,482.9750061035156,7307,0.0,0.0
2022-08-25 14:30:00-04:00,482.44000244140625,483.32000732421875,482.44000244140625,482.9700012207031,6510,0.0,0.0
2022-08-25 15:30:00-04:00,484.1199951171875,485.5299987792969,483.95001220703125,485.2200012207031,15238,0.0,0.0
2022-08-26 09:30:00-04:00,483.3900146484375,485.8699951171875,480.04998779296875,480.04998779296875,11227,0.0,0.0
2022-08-26 10:30:00-04:00,476.70001220703125,477.760009765625,472.9100036621094,477.760009765625,11888,0.0,0.0
2022-08-26 11:30:00-04:00,477.1001892089844,477.1001892089844,474.6400146484375,477.07000732421875,8746,0.0,0.0
2022-08-26 12:30:00-04:00,477.07000732421875,477.1600036621094,474.82501220703125,477.1600036621094,5022,0.0,0.0
2022-08-26 13:30:00-04:00,475.7699890136719,476.70001220703125,475.0,475.0,7393,0.0,0.0
2022-08-26 14:30:00-04:00,475.8500061035156,476.70001220703125,474.7300109863281,475.32000732421875,12500,0.0,0.0
2022-08-26 15:30:00-04:00,475.0,477.0799865722656,474.4800109863281,476.07000732421875,34082,0.0,0.0
2022-08-29 09:30:00-04:00,471.8500061035156,476.43499755859375,470.30999755859375,472.95001220703125,9704,0.0,0.0
2022-08-29 10:30:00-04:00,473.2449951171875,473.2449951171875,466.5799865722656,466.79998779296875,16939,0.0,0.0
2022-08-29 11:30:00-04:00,466.29998779296875,469.07501220703125,464.7749938964844,467.4150085449219,18637,0.0,0.0
2022-08-29 12:30:00-04:00,467.7850036621094,470.79998779296875,467.7850036621094,469.4800109863281,5942,0.0,0.0
2022-08-29 13:30:00-04:00,468.95001220703125,468.9599914550781,466.3949890136719,467.1650085449219,11230,0.0,0.0
2022-08-29 14:30:00-04:00,466.6099853515625,467.1099853515625,464.2099914550781,465.6700134277344,12893,0.0,0.0
2022-08-29 15:30:00-04:00,465.7049865722656,465.80999755859375,461.80999755859375,462.54998779296875,29666,0.0,0.0
2022-08-30 09:30:00-04:00,466.3900146484375,468.2349853515625,458.42498779296875,459.735595703125,24582,0.0,0.0
2022-08-30 10:30:00-04:00,458.6199951171875,459.1000061035156,454.3999938964844,457.82000732421875,20152,0.0,0.0
2022-08-30 11:30:00-04:00,457.5249938964844,459.0050048828125,456.239990234375,457.56500244140625,9266,0.0,0.0
2022-08-30 12:30:00-04:00,457.55999755859375,457.55999755859375,452.7749938964844,452.7749938964844,13898,0.0,0.0
2022-08-30 13:30:00-04:00,453.3699951171875,456.25,452.5249938964844,455.55999755859375,9070,0.0,0.0
2022-08-30 14:30:00-04:00,454.9549865722656,456.8900146484375,453.4200134277344,454.3800048828125,14981,0.0,0.0
2022-08-30 15:30:00-04:00,454.4949951171875,456.3269958496094,453.1400146484375,455.8399963378906,31859,0.0,0.0
2022-08-31 09:30:00-04:00,456.19000244140625,463.29998779296875,452.7850036621094,453.7749938964844,10418,0.0,0.0
2022-08-31 10:30:00-04:00,452.7699890136719,452.7699890136719,448.0400085449219,450.81500244140625,17462,0.0,0.0
2022-08-31 11:30:00-04:00,451.010009765625,453.0799865722656,450.57501220703125,451.7900085449219,11043,0.0,0.0
2022-08-31 12:30:00-04:00,451.3299865722656,451.3299865722656,448.1700134277344,448.4100036621094,10090,0.0,0.0
2022-08-31 13:30:00-04:00,448.4200134277344,448.4200134277344,445.0199890136719,447.3800048828125,17086,0.0,0.0
2022-08-31 14:30:00-04:00,447.54998779296875,448.9649963378906,446.2349853515625,446.3900146484375,18756,0.0,0.0
2022-08-31 15:30:00-04:00,446.67498779296875,450.0400085449219,445.6000061035156,449.2799987792969,56679,0.0,0.0
2022-09-01 09:30:00-04:00,445.0,446.760009765625,440.70001220703125,442.510009765625,33287,0.0,0.0
2022-09-01 10:30:00-04:00,442.0849914550781,442.0849914550781,436.8299865722656,438.8500061035156,20472,0.0,0.0
2022-09-01 11:30:00-04:00,439.8599853515625,440.239990234375,437.5,438.5299987792969,15616,0.0,0.0
2022-09-01 12:30:00-04:00,438.1000061035156,438.5799865722656,435.80999755859375,437.4700012207031,9250,0.0,0.0
2022-09-01 13:30:00-04:00,437.8599853515625,439.4849853515625,437.1199951171875,438.9800109863281,14943,0.0,0.0
2022-09-01 14:30:00-04:00,439.8699951171875,440.9599914550781,438.5400085449219,439.2900085449219,15090,0.0,0.0
2022-09-01 15:30:00-04:00,438.2049865722656,442.9800109863281,438.05999755859375,442.4800109863281,42706,0.0,0.0
2022-09-02 09:30:00-04:00,444.8399963378906,446.7200012207031,439.6499938964844,446.7200012207031,15349,0.0,0.0
2022-09-02 10:30:00-04:00,447.0400085449219,452.3999938964844,447.0400085449219,451.4599914550781,16734,0.0,0.0
2022-09-02 11:30:00-04:00,450.7300109863281,451.1499938964844,447.8949890136719,448.07000732421875,13838,0.0,0.0
2022-09-02 12:30:00-04:00,447.7099914550781,447.7099914550781,443.67999267578125,443.864990234375,16227,0.0,0.0
2022-09-02 13:30:00-04:00,443.7799987792969,445.29998779296875,441.5199890136719,441.989990234375,22233,0.0,0.0
2022-09-02 14:30:00-04:00,442.1449890136719,443.7099914550781,437.3299865722656,438.4800109863281,14288,0.0,0.0
2022-09-02 15:30:00-04:00,438.55999755859375,440.04998779296875,435.6700134277344,440.0400085449219,41781,0.0,0.0
2022-09-06 09:30:00-04:00,438.2699890136719,446.67999267578125,437.2799987792969,446.67999267578125,20331,0.0,0.0
2022-09-06 10:30:00-04:00,445.8999938964844,451.17999267578125,445.44000244140625,449.2868957519531,17375,0.0,0.0
2022-09-06 11:30:00-04:00,448.5050048828125,449.45001220703125,441.42498779296875,441.4700012207031,13736,0.0,0.0
2022-09-06 12:30:00-04:00,441.79998779296875,443.9599914550781,440.6600036621094,441.0299987792969,11852,0.0,0.0
2022-09-06 13:30:00-04:00,440.7200012207031,442.3599853515625,438.9800109863281,442.3599853515625,14451,0.0,0.0
2022-09-06 14:30:00-04:00,442.45001220703125,442.7699890136719,440.364990234375,440.8999938964844,15542,0.0,0.0
2022-09-06 15:30:00-04:00,440.6300048828125,441.8299865722656,439.9700012207031,441.5199890136719,36146,0.0,0.0
2022-09-07 09:30:00-04:00,440.1199951171875,445.9800109863281,439.0299987792969,445.92999267578125,0,0.0,0.0
2022-09-07 10:30:00-04:00,447.3500061035156,449.760009765625,445.1050109863281,447.80999755859375,14386,0.0,0.0
2022-09-07 11:30:00-04:00,447.80999755859375,448.9599914550781,446.7650146484375,448.9599914550781,10770,0.0,0.0
2022-09-07 12:30:00-04:00,448.17999267578125,449.760009765625,448.17999267578125,448.4100036621094,6907,0.0,0.0
2022-09-07 13:30:00-04:00,448.260009765625,451.8999938964844,448.260009765625,450.9700012207031,8905,0.0,0.0
2022-09-07 14:30:00-04:00,451.25,451.7099914550781,450.1600036621094,450.80999755859375,11324,0.0,0.0
2022-09-07 15:30:00-04:00,451.3399963378906,452.20001220703125,448.7699890136719,449.5400085449219,28738,0.0,0.0
2022-09-08 09:30:00-04:00,447.2799987792969,454.9599914550781,447.2799987792969,453.8900146484375,10209,0.0,0.0
2022-09-08 10:30:00-04:00,455.0950012207031,457.3699951171875,454.1300048828125,454.8059997558594,8373,0.0,0.0
2022-09-08 11:30:00-04:00,454.79998779296875,454.79998779296875,449.1449890136719,449.1449890136719,8482,0.0,0.0
2022-09-08 12:30:00-04:00,450.0199890136719,452.6650085449219,449.44000244140625,452.6650085449219,7602,0.0,0.0
2022-09-08 13:30:00-04:00,453.29998779296875,453.3699951171875,451.9599914550781,451.9700012207031,7368,0.0,0.0
2022-09-08 14:30:00-04:00,451.8999938964844,452.1300048828125,450.54998779296875,450.54998779296875,7411,0.0,0.0
2022-09-08 15:30:00-04:00,451.07000732421875,451.80999755859375,449.5,451.4599914550781,24057,0.0,0.0
2022-09-09 09:30:00-04:00,458.3299865722656,460.6199951171875,454.80999755859375,457.6199951171875,6206,0.0,0.0
2022-09-09 10:30:00-04:00,457.5350036621094,457.5350036621094,453.55999755859375,453.55999755859375,7467,0.0,0.0
2022-09-09 11:30:00-04:00,453.3699951171875,454.6099853515625,453.1499938964844,453.1600036621094,15389,0.0,0.0
2022-09-09 12:30:00-04:00,453.9849853515625,454.989990234375,450.3800048828125,453.94000244140625,13201,0.0,0.0
2022-09-09 13:30:00-04:00,454.6300048828125,455.6499938964844,454.1300048828125,454.989990234375,8483,0.0,0.0
2022-09-09 14:30:00-04:00,455.30999755859375,455.30999755859375,453.260009765625,453.7149963378906,12805,0.0,0.0
2022-09-09 15:30:00-04:00,453.489990234375,454.05999755859375,451.2900085449219,451.95001220703125,36635,0.0,0.0
2022-09-12 09:30:00-04:00,456.9100036621094,465.67999267578125,453.3900146484375,465.57000732421875,15694,0.0,0.0
2022-09-12 10:30:00-04:00,464.75,464.75,460.0,462.4200134277344,14524,0.0,0.0
2022-09-12 11:30:00-04:00,462.6199951171875,462.75,458.95001220703125,459.79998779296875,11755,0.0,0.0
2022-09-12 12:30:00-04:00,460.4200134277344,462.7900085449219,459.79998779296875,462.1400146484375,7284,0.0,0.0
2022-09-12 13:30:00-04:00,462.1700134277344,463.7300109863281,461.75,461.75,12098,0.0,0.0
2022-09-12 14:30:00-04:00,461.3500061035156,462.2699890136719,460.9599914550781,462.04998779296875,17309,0.0,0.0
2022-09-12 15:30:00-04:00,462.31939697265625,462.5,460.3299865722656,461.1700134277344,53999,0.0,0.0
2022-09-13 09:30:00-04:00,451.2099914550781,457.2879943847656,451.2099914550781,455.0,34544,0.0,0.0
2022-09-13 10:30:00-04:00,454.0574951171875,455.1199951171875,451.0150146484375,453.44000244140625,33542,0.0,0.0
2022-09-13 11:30:00-04:00,453.92999267578125,455.79998779296875,453.8299865722656,454.9700012207031,9239,0.0,0.0
2022-09-13 12:30:00-04:00,455.44500732421875,459.68499755859375,455.44000244140625,459.4200134277344,13635,0.0,0.0
2022-09-13 13:30:00-04:00,459.2300109863281,461.2799987792969,457.739990234375,460.0,30853,0.0,0.0
2022-09-13 14:30:00-04:00,459.79998779296875,460.5899963378906,457.05999755859375,457.05999755859375,22424,0.0,0.0
2022-09-13 15:30:00-04:00,456.9599914550781,458.5,454.0450134277344,454.32000732421875,69036,0.0,0.0
2022-09-14 09:30:00-04:00,454.3399963378906,460.54998779296875,446.6050109863281,457.4200134277344,33729,0.0,0.0
2022-09-14 10:30:00-04:00,457.0,462.2300109863281,455.4700012207031,461.9549865722656,24026,0.0,0.0
2022-09-14 11:30:00-04:00,460.2699890136719,462.55999755859375,459.5799865722656,460.3500061035156,18987,0.0,0.0
2022-09-14 12:30:00-04:00,460.56500244140625,463.42999267578125,459.7300109863281,462.1400146484375,22764,0.0,0.0
2022-09-14 13:30:00-04:00,461.8800048828125,464.6000061035156,460.7200012207031,462.6474914550781,58765,0.0,0.0
2022-09-14 14:30:00-04:00,462.4649963378906,463.1300048828125,457.2300109863281,460.3009948730469,41391,0.0,0.0
2022-09-14 15:30:00-04:00,460.2799987792969,465.3800048828125,459.2099914550781,464.3800048828125,74734,0.0,0.0
2022-09-15 09:30:00-04:00,459.6499938964844,463.5799865722656,453.7049865722656,455.67999267578125,33522,0.0,0.0
2022-09-15 10:30:00-04:00,456.9200134277344,457.4700012207031,451.29998779296875,453.2099914550781,78284,0.0,0.0
2022-09-15 11:30:00-04:00,453.6000061035156,457.2749938964844,453.0199890136719,457.2749938964844,21267,0.0,0.0
2022-09-15 12:30:00-04:00,457.5400085449219,461.9599914550781,457.0,461.80999755859375,23558,0.0,0.0
2022-09-15 13:30:00-04:00,461.6099853515625,461.6099853515625,457.5,459.239990234375,19790,0.0,0.0
2022-09-15 14:30:00-04:00,459.239990234375,459.864990234375,453.6499938964844,455.6300048828125,39135,0.0,0.0
2022-09-15 15:30:00-04:00,455.20001220703125,458.3500061035156,455.0,458.2300109863281,58765,0.0,0.0
2022-09-16 09:30:00-04:00,453.57000732421875,453.57000732421875,449.7099914550781,451.05999755859375,39769,0.0,0.0
2022-09-16 10:30:00-04:00,451.67999267578125,461.0,451.4100036621094,459.25,36796,0.0,0.0
2022-09-16 11:30:00-04:00,458.6199951171875,460.1099853515625,453.2851867675781,453.4200134277344,22745,0.0,0.0
2022-09-16 12:30:00-04:00,453.3999938964844,456.9700012207031,451.2799987792969,452.70001220703125,21858,0.0,0.0
2022-09-16 13:30:00-04:00,453.18499755859375,457.1499938964844,452.7900085449219,456.2550048828125,24035,0.0,0.0
2022-09-16 14:30:00-04:00,456.9100036621094,461.70001220703125,456.7300109863281,460.1300048828125,39130,0.0,0.0
2022-09-16 15:30:00-04:00,460.010009765625,466.42999267578125,459.4649963378906,466.2200012207031,69646,0.0,0.0
2022-09-19 09:30:00-04:00,463.2300109863281,466.2699890136719,450.0799865722656,451.4100036621094,24682,0.0,0.0
2022-09-19 10:30:00-04:00,452.0,453.6000061035156,449.1700134277344,450.0,23424,0.0,0.0
2022-09-19 11:30:00-04:00,449.92999267578125,450.19000244140625,447.010009765625,449.8800048828125,26336,0.0,0.0
2022-09-19 12:30:00-04:00,450.3399963378906,451.42999267578125,447.6700134277344,448.739990234375,17291,0.0,0.0
2022-09-19 13:30:00-04:00,448.7799987792969,448.7799987792969,442.7200012207031,443.4700012207031,25971,0.0,0.0
2022-09-19 14:30:00-04:00,443.5799865722656,450.1099853515625,443.2200012207031,449.3900146484375,22680,0.0,0.0
2022-09-19 15:30:00-04:00,449.3900146484375,449.8800048828125,447.7300109863281,449.8500061035156,66486,0.0,0.0
2022-09-20 09:30:00-04:00,443.6199951171875,447.6400146484375,436.5,440.6700134277344,0,0.0,0.0
2022-09-20 10:30:00-04:00,440.1549987792969,444.93499755859375,438.3699951171875,444.93499755859375,21662,0.0,0.0
2022-09-20 11:30:00-04:00,445.2349853515625,445.2349853515625,442.6000061035156,443.2850036621094,19333,0.0,0.0
2022-09-20 12:30:00-04:00,443.4549865722656,446.364990234375,441.6499938964844,443.4750061035156,46084,0.0,0.0
2022-09-20 13:30:00-04:00,443.5,447.1400146484375,441.4100036621094,447.1400146484375,31076,0.0,0.0
2022-09-20 14:30:00-04:00,446.7699890136719,448.79998779296875,446.17999267578125,446.5,23517,0.0,0.0
2022-09-20 15:30:00-04:00,446.5400085449219,452.5799865722656,446.29998779296875,450.0,84348,0.0,0.0
2022-09-21 09:30:00-04:00,452.95001220703125,461.2449951171875,452.95001220703125,460.8599853515625,26040,0.0,0.0
2022-09-21 10:30:00-04:00,459.7900085449219,460.3399963378906,456.0,457.92999267578125,26903,0.0,0.0
2022-09-21 11:30:00-04:00,457.760009765625,458.1000061035156,456.3900146484375,456.5,14508,0.0,0.0
2022-09-21 12:30:00-04:00,456.8699951171875,458.1499938964844,454.4599914550781,456.06500244140625,13534,0.0,0.0
2022-09-21 13:30:00-04:00,456.5,458.69000244140625,450.42999267578125,450.7799987792969,26008,0.0,0.0
2022-09-21 14:30:00-04:00,451.19000244140625,458.5150146484375,450.7850036621094,452.2900085449219,40236,0.0,0.0
2022-09-21 15:30:00-04:00,451.04998779296875,453.04998779296875,448.7699890136719,449.8399963378906,43638,0.0,0.0
2022-09-22 09:30:00-04:00,446.92999267578125,446.92999267578125,436.20001220703125,441.5199890136719,18104,0.0,0.0
2022-09-22 10:30:00-04:00,442.5,442.5,435.2300109863281,436.5799865722656,20179,0.0,0.0
2022-09-22 11:30:00-04:00,436.8800048828125,439.0,435.2699890136719,438.8900146484375,14845,0.0,0.0
2022-09-22 12:30:00-04:00,438.92999267578125,439.6300048828125,437.0,437.1449890136719,32188,0.0,0.0
2022-09-22 13:30:00-04:00,437.29998779296875,437.79998779296875,435.30999755859375,436.3699951171875,9239,0.0,0.0
2022-09-22 14:30:00-04:00,435.7099914550781,440.5,435.6300048828125,440.4100036621094,28236,0.0,0.0
2022-09-22 15:30:00-04:00,440.8599853515625,442.1460876464844,439.1050109863281,439.57000732421875,40230,0.0,0.0
2022-09-23 09:30:00-04:00,432.7099914550781,438.1400146484375,432.7099914550781,434.78009033203125,21207,0.0,0.0
2022-09-23 10:30:00-04:00,434.5950012207031,434.5950012207031,430.1400146484375,432.2200012207031,14345,0.0,0.0
2022-09-23 11:30:00-04:00,431.489990234375,431.9750061035156,427.1087951660156,428.0199890136719,9102,0.0,0.0
2022-09-23 12:30:00-04:00,427.010009765625,431.1199951171875,426.6650085449219,430.8299865722656,22680,0.0,0.0
2022-09-23 13:30:00-04:00,430.5249938964844,430.8299865722656,425.510009765625,425.8999938964844,14962,0.0,0.0
2022-09-23 14:30:00-04:00,425.8349914550781,427.8800048828125,423.6400146484375,426.8999938964844,31690,0.0,0.0
2022-09-23 15:30:00-04:00,427.5472106933594,429.6600036621094,426.2200012207031,427.8800048828125,58828,0.0,0.0
2022-09-26 09:30:00-04:00,430.4700012207031,436.0,426.5,435.010009765625,17204,0.0,0.0
2022-09-26 10:30:00-04:00,434.0,436.510009765625,432.0,432.29998779296875,14516,0.0,0.0
2022-09-26 11:30:00-04:00,431.1400146484375,431.2300109863281,427.2300109863281,427.2300109863281,18118,0.0,0.0
2022-09-26 12:30:00-04:00,427.0,427.94000244140625,426.4100036621094,426.55999755859375,13090,0.0,0.0
2022-09-26 13:30:00-04:00,425.4584045410156,430.04998779296875,425.45001220703125,429.3800048828125,20955,0.0,0.0
2022-09-26 14:30:00-04:00,429.5400085449219,431.0,427.79998779296875,428.9549865722656,21557,0.0,0.0
2022-09-26 15:30:00-04:00,427.55999755859375,430.95001220703125,427.25,427.94000244140625,31034,0.0,0.0
2022-09-27 09:30:00-04:00,435.8699951171875,439.0,430.9200134277344,431.1499938964844,31902,0.0,0.0
2022-09-27 10:30:00-04:00,432.0899963378906,433.1700134277344,425.1600036621094,426.20001220703125,12541,0.0,0.0
2022-09-27 11:30:00-04:00,425.4800109863281,426.95001220703125,421.2449951171875,422.3500061035156,39055,0.0,0.0
2022-09-27 12:30:00-04:00,422.8599853515625,423.55999755859375,421.29998779296875,421.29998779296875,9366,0.0,0.0
2022-09-27 13:30:00-04:00,420.80999755859375,424.29998779296875,420.2049865722656,423.9100036621094,21105,0.0,0.0
2022-09-27 14:30:00-04:00,423.9150085449219,427.69000244140625,423.23431396484375,424.3299865722656,19124,0.0,0.0
2022-09-27 15:30:00-04:00,424.010009765625,425.6000061035156,423.760009765625,425.2099914550781,26499,0.0,0.0
2022-09-28 09:30:00-04:00,427.92999267578125,432.9100036621094,425.3299865722656,428.0,13688,0.0,0.0
2022-09-28 10:30:00-04:00,427.3900146484375,429.6499938964844,426.32000732421875,428.4700012207031,15127,0.0,0.0
2022-09-28 11:30:00-04:00,428.4750061035156,433.07000732421875,427.7300109863281,432.3500061035156,17543,0.0,0.0
2022-09-28 12:30:00-04:00,432.6700134277344,434.4100036621094,432.57000732421875,434.07000732421875,8316,0.0,0.0
2022-09-28 13:30:00-04:00,434.2650146484375,435.3500061035156,433.9150085449219,434.4700012207031,10131,0.0,0.0
2022-09-28 14:30:00-04:00,434.94000244140625,435.7900085449219,433.6549987792969,434.9800109863281,12235,0.0,0.0
2022-09-28 15:30:00-04:00,435.17498779296875,436.1400146484375,432.7900085449219,433.2799987792969,32565,0.0,0.0
2022-09-29 09:30:00-04:00,429.8399963378906,429.8399963378906,422.2200012207031,424.4599914550781,14382,0.0,0.0
2022-09-29 10:30:00-04:00,423.79998779296875,428.1000061035156,423.79998779296875,427.4100036621094,16230,0.0,0.0
2022-09-29 11:30:00-04:00,427.9599914550781,431.1000061035156,427.9599914550781,429.9700012207031,20020,0.0,0.0
2022-09-29 12:30:00-04:00,430.30999755859375,431.010009765625,428.55999755859375,428.55999755859375,9055,0.0,0.0
2022-09-29 13:30:00-04:00,429.3800048828125,429.3800048828125,423.760009765625,424.760009765625,26545,0.0,0.0
2022-09-29 14:30:00-04:00,424.7300109863281,426.1400146484375,423.5799865722656,423.6700134277344,23147,0.0,0.0
2022-09-29 15:30:00-04:00,423.7200012207031,425.9549865722656,423.635009765625,424.57000732421875,30853,0.0,0.0
2022-09-30 09:30:00-04:00,422.2799987792969,426.260009765625,420.45001220703125,424.2950134277344,14119,0.0,0.0
2022-09-30 10:30:00-04:00,424.9100036621094,427.6499938964844,424.9100036621094,425.2900085449219,25858,0.0,0.0
2022-09-30 11:30:00-04:00,424.9700012207031,424.9700012207031,420.6700134277344,420.6700134277344,10404,0.0,0.0
2022-09-30 12:30:00-04:00,420.69000244140625,421.7699890136719,419.4200134277344,420.05999755859375,14260,0.0,0.0
2022-09-30 13:30:00-04:00,419.6700134277344,420.32000732421875,416.1700134277344,416.385009765625,23336,0.0,0.0
2022-09-30 14:30:00-04:00,416.18499755859375,416.8399963378906,412.82000732421875,413.7900085449219,28853,0.0,0.0
2022-09-30 15:30:00-04:00,414.2699890136719,414.2699890136719,410.79998779296875,412.2699890136719,65087,0.0,0.0
2022-10-03 09:30:00-04:00,415.1600036621094,416.8800048828125,409.32000732421875,414.69500732421875,32144,0.0,0.0
2022-10-03 10:30:00-04:00,415.2300109863281,420.2699890136719,414.760009765625,419.739990234375,15011,0.0,0.0
2022-10-03 11:30:00-04:00,419.94500732421875,423.2099914550781,419.5150146484375,422.4200134277344,31865,0.0,0.0
2022-10-03 12:30:00-04:00,421.9150085449219,424.6000061035156,421.82000732421875,424.1199951171875,14726,0.0,0.0
2022-10-03 13:30:00-04:00,424.4100036621094,428.1099853515625,424.0,428.07000732421875,24678,0.0,0.0
2022-10-03 14:30:00-04:00,428.8746032714844,430.989990234375,428.07000732421875,429.06500244140625,26797,0.0,0.0
2022-10-03 15:30:00-04:00,429.20001220703125,429.2699890136719,423.5400085449219,423.6400146484375,59541,0.0,0.0
2022-10-04 09:30:00-04:00,430.25,438.9100036621094,430.25,437.2099914550781,14271,0.0,0.0
2022-10-04 10:30:00-04:00,437.20001220703125,440.5,437.1700134277344,438.3599853515625,11745,0.0,0.0
2022-10-04 11:30:00-04:00,438.2149963378906,439.7300109863281,436.32501220703125,438.80999755859375,16073,0.0,0.0
2022-10-04 12:30:00-04:00,439.9200134277344,439.9200134277344,435.9599914550781,437.3550109863281,13969,0.0,0.0
2022-10-04 13:30:00-04:00,437.375,438.80999755859375,437.375,437.6099853515625,10758,0.0,0.0
2022-10-04 14:30:00-04:00,437.7799987792969,440.7799987792969,437.7799987792969,440.7799987792969,15636,0.0,0.0
2022-10-04 15:30:00-04:00,441.3999938964844,441.7749938964844,440.0899963378906,441.54998779296875,41125,0.0,0.0
2022-10-05 09:30:00-04:00,435.510009765625,438.2799987792969,429.25,429.25,17175,0.0,0.0
2022-10-05 10:30:00-04:00,428.6400146484375,434.75,428.6400146484375,433.9150085449219,15289,0.0,0.0
2022-10-05 11:30:00-04:00,435.07000732421875,439.8999938964844,434.0150146484375,439.32000732421875,9905,0.0,0.0
2022-10-05 12:30:00-04:00,439.32000732421875,441.92999267578125,439.0299987792969,441.57000732421875,6407,0.0,0.0
2022-10-05 13:30:00-04:00,441.6449890136719,442.5199890136719,440.69000244140625,442.06500244140625,11111,0.0,0.0
2022-10-05 14:30:00-04:00,441.6199951171875,443.9800109863281,441.30999755859375,443.0450134277344,14444,0.0,0.0
2022-10-05 15:30:00-04:00,443.260009765625,443.875,439.739990234375,439.9599914550781,30893,0.0,0.0
2022-10-06 09:30:00-04:00,430.7699890136719,434.95001220703125,413.010009765625,413.1700134277344,48312,0.0,0.0
2022-10-06 10:30:00-04:00,412.32000732421875,419.95001220703125,410.7200012207031,417.2900085449219,47689,0.0,0.0
2022-10-06 11:30:00-04:00,417.4200134277344,418.010009765625,413.79998779296875,415.0799865722656,22077,0.0,0.0
2022-10-06 12:30:00-04:00,416.5,419.7850036621094,416.0150146484375,416.17608642578125,26857,0.0,0.0
2022-10-06 13:30:00-04:00,416.1700134277344,417.29998779296875,414.3500061035156,416.510009765625,27048,0.0,0.0
2022-10-06 14:30:00-04:00,416.7349853515625,416.7349853515625,412.05999755859375,415.3599853515625,27557,0.0,0.0
2022-10-06 15:30:00-04:00,415.5450134277344,415.9800109863281,413.3399963378906,413.82000732421875,64893,0.0,0.0
2022-10-07 09:30:00-04:00,407.29998779296875,411.7300109863281,404.9100036621094,409.4599914550781,16999,0.0,0.0
2022-10-07 10:30:00-04:00,409.67999267578125,409.8800048828125,404.1199951171875,405.7300109863281,23098,0.0,0.0
2022-10-07 11:30:00-04:00,406.739990234375,406.9700012207031,404.7300109863281,405.55999755859375,24132,0.0,0.0
2022-10-07 12:30:00-04:00,405.55999755859375,407.8500061035156,404.7099914550781,407.8500061035156,40544,0.0,0.0
2022-10-07 13:30:00-04:00,408.0950012207031,408.2950134277344,399.32000732421875,400.1099853515625,32947,0.0,0.0
2022-10-07 14:30:00-04:00,399.989990234375,402.489990234375,399.9200134277344,400.30999755859375,17392,0.0,0.0
2022-10-07 15:30:00-04:00,400.2699890136719,402.3999938964844,399.989990234375,402.2099914550781,44601,0.0,0.0
2022-10-10 09:30:00-04:00,402.6499938964844,403.6600036621094,397.7900085449219,398.56500244140625,19614,0.0,0.0
2022-10-10 10:30:00-04:00,399.739990234375,401.92999267578125,394.5799865722656,396.79998779296875,52562,0.0,0.0
2022-10-10 11:30:00-04:00,395.95001220703125,397.05999755859375,393.1000061035156,393.1000061035156,17144,0.0,0.0
2022-10-10 12:30:00-04:00,393.1099853515625,393.9100036621094,391.5150146484375,393.8500061035156,14469,0.0,0.0
2022-10-10 13:30:00-04:00,394.55499267578125,398.92999267578125,394.55499267578125,394.6700134277344,25559,0.0,0.0
2022-10-10 14:30:00-04:00,395.1099853515625,398.6700134277344,395.1099853515625,397.70001220703125,24828,0.0,0.0
2022-10-10 15:30:00-04:00,397.8800048828125,399.2200012207031,396.0899963378906,396.1000061035156,43926,0.0,0.0
2022-10-11 09:30:00-04:00,402.239990234375,404.8699951171875,394.375,396.625,35710,0.0,0.0
2022-10-11 10:30:00-04:00,395.67999267578125,399.79998779296875,394.5799865722656,398.30999755859375,41378,0.0,0.0
2022-10-11 11:30:00-04:00,399.0,404.57000732421875,398.20001220703125,404.1000061035156,34299,0.0,0.0
2022-10-11 12:30:00-04:00,404.010009765625,404.7200012207031,402.2850036621094,404.2799987792969,22295,0.0,0.0
2022-10-11 13:30:00-04:00,403.55999755859375,405.73748779296875,402.04998779296875,403.3999938964844,24098,0.0,0.0
2022-10-11 14:30:00-04:00,404.1400146484375,405.80999755859375,400.68499755859375,403.8970031738281,43804,0.0,0.0
2022-10-11 15:30:00-04:00,403.9599914550781,406.1099853515625,402.69000244140625,406.1099853515625,101560,0.0,0.0
2022-10-12 09:30:00-04:00,406.20001220703125,408.9100036621094,404.1600036621094,405.42999267578125,15484,0.0,0.0
2022-10-12 10:30:00-04:00,405.7799987792969,410.2799987792969,404.70001220703125,410.0299987792969,19342,0.0,0.0
2022-10-12 11:30:00-04:00,410.20001220703125,412.3500061035156,409.67999267578125,409.67999267578125,13288,0.0,0.0
2022-10-12 12:30:00-04:00,409.1499938964844,411.79998779296875,408.5799865722656,411.79998779296875,16593,0.0,0.0
2022-10-12 13:30:00-04:00,412.2049865722656,413.4399108886719,410.95001220703125,413.0199890136719,25475,0.0,0.0
2022-10-12 14:30:00-04:00,413.0,413.0,408.1199951171875,408.75,23380,0.0,0.0
2022-10-12 15:30:00-04:00,408.5400085449219,409.1600036621094,405.2200012207031,405.5199890136719,54326,0.0,0.0
2022-10-13 09:30:00-04:00,394.260009765625,398.1600036621094,389.8349914550781,393.8500061035156,48409,0.0,0.0
2022-10-13 10:30:00-04:00,394.9100036621094,405.54998779296875,392.80499267578125,401.3599853515625,25231,0.0,0.0
2022-10-13 11:30:00-04:00,402.4800109863281,406.55999755859375,402.17999267578125,402.17999267578125,10552,0.0,0.0
2022-10-13 12:30:00-04:00,403.0299987792969,407.6499938964844,403.0299987792969,406.4700012207031,10303,0.0,0.0
2022-10-13 13:30:00-04:00,406.8999938964844,407.05499267578125,404.55999755859375,404.55999755859375,13088,0.0,0.0
2022-10-13 14:30:00-04:00,404.5899963378906,407.6199951171875,404.31500244140625,404.7449951171875,20145,0.0,0.0
2022-10-13 15:30:00-04:00,404.7149963378906,405.93499755859375,403.55999755859375,403.8399963378906,42631,0.0,0.0
2022-10-14 09:30:00-04:00,407.3299865722656,413.5400085449219,401.9200134277344,402.8500061035156,15165,0.0,0.0
2022-10-14 10:30:00-04:00,402.7449951171875,403.70001220703125,399.989990234375,401.54998779296875,22248,0.0,0.0
2022-10-14 11:30:00-04:00,402.44500732421875,402.44500732421875,398.760009765625,401.65069580078125,15368,0.0,0.0
2022-10-14 12:30:00-04:00,400.989990234375,401.55499267578125,399.80999755859375,400.5,10884,0.0,0.0
2022-10-14 13:30:00-04:00,401.0400085449219,402.05999755859375,398.55999755859375,398.8999938964844,12765,0.0,0.0
2022-10-14 14:30:00-04:00,399.17999267578125,400.8999938964844,399.17999267578125,400.6600036621094,19911,0.0,0.0
2022-10-14 15:30:00-04:00,400.739990234375,401.9800109863281,399.79998779296875,400.5199890136719,29588,0.0,0.0
2022-10-17 09:30:00-04:00,406.44000244140625,414.5799865722656,406.1099853515625,413.54998779296875,11919,0.0,0.0
2022-10-17 10:30:00-04:00,413.29998779296875,413.760009765625,411.7699890136719,413.6099853515625,17686,0.0,0.0
2022-10-17 11:30:00-04:00,413.1449890136719,417.5899963378906,412.9200134277344,417.5899963378906,16833,0.0,0.0
2022-10-17 12:30:00-04:00,416.79998779296875,417.19000244140625,411.625,411.625,19090,0.0,0.0
2022-10-17 13:30:00-04:00,411.30999755859375,411.9100036621094,408.8949890136719,409.6600036621094,23034,0.0,0.0
2022-10-17 14:30:00-04:00,408.92999267578125,409.4100036621094,407.3299865722656,408.30999755859375,11821,0.0,0.0
2022-10-17 15:30:00-04:00,408.1000061035156,409.2900085449219,407.75,409.2900085449219,43998,0.0,0.0
2022-10-18 09:30:00-04:00,419.29998779296875,425.2300109863281,416.0799865722656,420.260009765625,24653,0.0,0.0
2022-10-18 10:30:00-04:00,419.7349853515625,420.56500244140625,415.1300048828125,415.55499267578125,25337,0.0,0.0
2022-10-18 11:30:00-04:00,415.54998779296875,420.45001220703125,414.8949890136719,419.4125061035156,11344,0.0,0.0
2022-10-18 12:30:00-04:00,419.17498779296875,421.260009765625,418.75,420.239990234375,14348,0.0,0.0
2022-10-18 13:30:00-04:00,420.239990234375,422.05999755859375,420.239990234375,421.79998779296875,13488,0.0,0.0
2022-10-18 14:30:00-04:00,422.0150146484375,422.17999267578125,416.1700134277344,418.364990234375,18358,0.0,0.0
2022-10-18 15:30:00-04:00,418.4599914550781,420.22900390625,418.4599914550781,419.5199890136719,33328,0.0,0.0
2022-10-19 09:30:00-04:00,417.20001220703125,418.7699890136719,411.04998779296875,413.69000244140625,23089,0.0,0.0
2022-10-19 10:30:00-04:00,413.69000244140625,413.69000244140625,407.44000244140625,407.44000244140625,13526,0.0,0.0
2022-10-19 11:30:00-04:00,408.6650085449219,409.94000244140625,407.5899963378906,407.5950012207031,11491,0.0,0.0
2022-10-19 12:30:00-04:00,407.79998779296875,408.1400146484375,403.239990234375,405.82989501953125,17390,0.0,0.0
2022-10-19 13:30:00-04:00,405.8349914550781,409.4700012207031,405.5625915527344,409.2550048828125,10818,0.0,0.0
2022-10-19 14:30:00-04:00,408.864990234375,409.29998779296875,406.8999938964844,406.8999938964844,15607,0.0,0.0
2022-10-19 15:30:00-04:00,407.29998779296875,408.8399963378906,406.6400146484375,408.69000244140625,36349,0.0,0.0
2022-10-20 09:30:00-04:00,410.3399963378906,412.4549865722656,407.3900146484375,410.989990234375,21192,0.0,0.0
2022-10-20 10:30:00-04:00,409.8900146484375,411.55999755859375,409.8900146484375,411.2200012207031,14428,0.0,0.0
2022-10-20 11:30:00-04:00,411.6499938964844,411.6700134277344,404.9049987792969,404.9049987792969,10754,0.0,0.0
2022-10-20 12:30:00-04:00,405.0400085449219,405.7799987792969,402.1499938964844,403.0199890136719,16140,0.0,0.0
2022-10-20 13:30:00-04:00,401.8949890136719,406.54998779296875,400.2250061035156,404.7900085449219,50145,0.0,0.0
2022-10-20 14:30:00-04:00,405.489990234375,410.20001220703125,405.489990234375,408.05999755859375,17536,0.0,0.0
2022-10-20 15:30:00-04:00,407.6199951171875,409.29998779296875,407.1499938964844,408.9800109863281,42138,0.0,0.0
2022-10-21 09:30:00-04:00,407.6099853515625,413.0,405.9750061035156,406.1050109863281,14417,0.0,0.0
2022-10-21 10:30:00-04:00,406.7699890136719,406.80999755859375,400.510009765625,402.18499755859375,16638,0.0,0.0
2022-10-21 11:30:00-04:00,403.9700012207031,406.385009765625,401.82000732421875,406.385009765625,14850,0.0,0.0
2022-10-21 12:30:00-04:00,406.3800048828125,408.4100036621094,404.75,405.7900085449219,18129,0.0,0.0
2022-10-21 13:30:00-04:00,406.0,406.3699951171875,404.94000244140625,405.80999755859375,20204,0.0,0.0
2022-10-21 14:30:00-04:00,406.45001220703125,409.0199890136719,404.9049987792969,408.9549865722656,19756,0.0,0.0
2022-10-21 15:30:00-04:00,408.95001220703125,409.9599914550781,406.6300048828125,409.7099914550781,24224,0.0,0.0
2022-10-24 09:30:00-04:00,412.6700134277344,415.95001220703125,408.8800048828125,410.6199951171875,12612,0.0,0.0
2022-10-24 10:30:00-04:00,410.3599853515625,416.0799865722656,410.3599853515625,415.3299865722656,9476,0.0,0.0
2022-10-24 11:30:00-04:00,415.6448974609375,419.2699890136719,415.6448974609375,417.8500061035156,7879,0.0,0.0
2022-10-24 12:30:00-04:00,418.32501220703125,418.32501220703125,413.2900085449219,413.2900085449219,17011,0.0,0.0
2022-10-24 13:30:00-04:00,411.95001220703125,414.9100036621094,411.7650146484375,413.67498779296875,22381,0.0,0.0
2022-10-24 14:30:00-04:00,414.0299987792969,417.2449951171875,413.1099853515625,415.55999755859375,44064,0.0,0.0
2022-10-24 15:30:00-04:00,415.7699890136719,416.3999938964844,414.489990234375,416.2699890136719,47206,0.0,0.0
2022-10-25 09:30:00-04:00,418.9700012207031,433.75,418.9700012207031,432.3299865722656,42695,0.0,0.0
2022-10-25 10:30:00-04:00,432.7099914550781,435.260009765625,429.989990234375,435.260009765625,40961,0.0,0.0
2022-10-25 11:30:00-04:00,435.260009765625,437.6499938964844,434.739990234375,435.4599914550781,28651,0.0,0.0
2022-10-25 12:30:00-04:00,435.6300048828125,436.19500732421875,433.4100036621094,433.6700134277344,22985,0.0,0.0
2022-10-25 13:30:00-04:00,434.1199951171875,434.6000061035156,429.25,430.5799865722656,30310,0.0,0.0
2022-10-25 14:30:00-04:00,430.4599914550781,431.9800109863281,429.20001220703125,431.70001220703125,38629,0.0,0.0
2022-10-25 15:30:00-04:00,431.69000244140625,434.239990234375,431.5199890136719,432.9599914550781,53726,0.0,0.0
2022-10-26 09:30:00-04:00,429.70001220703125,441.7799987792969,429.70001220703125,441.7799987792969,29207,0.0,0.0
2022-10-26 10:30:00-04:00,441.1700134277344,446.9949951171875,440.3699951171875,445.7799987792969,32237,0.0,0.0
2022-10-26 11:30:00-04:00,447.364990234375,447.364990234375,442.69000244140625,442.875,15919,0.0,0.0
2022-10-26 12:30:00-04:00,443.2799987792969,443.4150085449219,439.5950012207031,440.3900146484375,16562,0.0,0.0
2022-10-26 13:30:00-04:00,439.6300048828125,444.45001220703125,439.5400085449219,444.0299987792969,18876,0.0,0.0
2022-10-26 14:30:00-04:00,444.0299987792969,446.3999938964844,443.70001220703125,445.6600036621094,40720,0.0,0.0
2022-10-26 15:30:00-04:00,445.9100036621094,448.07000732421875,445.9100036621094,447.7699890136719,78387,0.0,0.0
2022-10-27 09:30:00-04:00,450.0,465.260009765625,449.45001220703125,464.7300109863281,44828,0.0,0.0
2022-10-27 10:30:00-04:00,464.8399963378906,465.989990234375,463.05999755859375,464.8599853515625,27269,0.0,0.0
2022-10-27 11:30:00-04:00,464.82501220703125,467.5400085449219,462.989990234375,464.9700012207031,37954,0.0,0.0
2022-10-27 12:30:00-04:00,465.0799865722656,469.25,462.95001220703125,468.2099914550781,27662,0.0,0.0
2022-10-27 13:30:00-04:00,468.0400085449219,470.82000732421875,465.67999267578125,470.82000732421875,32052,0.0,0.0
2022-10-27 14:30:00-04:00,469.8900146484375,474.75,469.8399963378906,473.5400085449219,45804,0.0,0.0
2022-10-27 15:30:00-04:00,474.010009765625,475.9100036621094,473.30999755859375,474.92999267578125,104333,0.0,0.0
2022-10-28 09:30:00-04:00,473.239990234375,482.010009765625,471.6700134277344,473.1300048828125,23898,0.0,0.0
2022-10-28 10:30:00-04:00,477.4700012207031,480.0400085449219,473.90899658203125,474.6600036621094,25190,0.0,0.0
2022-10-28 11:30:00-04:00,475.5299987792969,481.6499938964844,475.5299987792969,481.4200134277344,19865,0.0,0.0
2022-10-28 12:30:00-04:00,481.6300048828125,481.70001220703125,478.07501220703125,479.2853088378906,12633,0.0,0.0
2022-10-28 13:30:00-04:00,478.6199951171875,480.2099914550781,477.739990234375,479.94000244140625,19688,0.0,0.0
2022-10-28 14:30:00-04:00,479.6600036621094,483.29998779296875,479.6600036621094,482.7650146484375,30930,0.0,0.0
2022-10-28 15:30:00-04:00,482.3500061035156,485.42999267578125,481.9800109863281,485.1000061035156,55510,0.0,0.0
2022-10-31 09:30:00-04:00,482.29998779296875,487.8299865722656,478.0899963378906,482.8399963378906,50826,0.0,0.0
2022-10-31 10:30:00-04:00,482.20001220703125,486.0799865722656,477.5,483.6400146484375,30252,0.0,0.0
2022-10-31 11:30:00-04:00,484.0350036621094,485.0299987792969,481.8500061035156,482.3999938964844,19391,0.0,0.0
2022-10-31 12:30:00-04:00,482.239990234375,482.43499755859375,480.3399963378906,481.2449951171875,19431,0.0,0.0
2022-10-31 13:30:00-04:00,481.07000732421875,481.5799865722656,479.8450012207031,481.0299987792969,19774,0.0,0.0
2022-10-31 14:30:00-04:00,480.67498779296875,481.239990234375,478.56500244140625,480.0299987792969,20545,0.0,0.0
2022-10-31 15:30:00-04:00,479.9150085449219,480.2900085449219,477.5799865722656,479.0299987792969,45194,0.0,0.0
2022-11-01 09:30:00-04:00,486.1700134277344,487.239990234375,481.6499938964844,484.0199890136719,14550,0.0,0.0
2022-11-01 10:30:00-04:00,483.17999267578125,484.6499938964844,478.1499938964844,479.4849853515625,13390,0.0,0.0
2022-11-01 11:30:00-04:00,479.5199890136719,479.8800048828125,474.3949890136719,474.8999938964844,17480,0.0,0.0
2022-11-01 12:30:00-04:00,473.9599914550781,474.20001220703125,471.94000244140625,473.3399963378906,19613,0.0,0.0
2022-11-01 13:30:00-04:00,473.2200012207031,474.75,471.4800109863281,474.7200012207031,17784,0.0,0.0
2022-11-01 14:30:00-04:00,474.8699951171875,476.1709899902344,474.1700134277344,475.69000244140625,18298,0.0,0.0
2022-11-01 15:30:00-04:00,475.67999267578125,477.2560119628906,474.55999755859375,476.1300048828125,46806,0.0,0.0
2022-11-02 09:30:00-04:00,473.5199890136719,475.0350036621094,458.44000244140625,459.6400146484375,24514,0.0,0.0
2022-11-02 10:30:00-04:00,458.9599914550781,464.1099853515625,458.9599914550781,461.0,22583,0.0,0.0
2022-11-02 11:30:00-04:00,461.45001220703125,462.25,457.5899963378906,458.3399963378906,9626,0.0,0.0
2022-11-02 12:30:00-04:00,458.45001220703125,459.57000732421875,455.8500061035156,458.7900085449219,16407,0.0,0.0
2022-11-02 13:30:00-04:00,458.49249267578125,465.3450012207031,457.8900146484375,462.9800109863281,23895,0.0,0.0
2022-11-02 14:30:00-04:00,464.0799865722656,464.8699951171875,443.2699890136719,443.9100036621094,38284,0.0,0.0
2022-11-02 15:30:00-04:00,442.3500061035156,447.8399963378906,442.272705078125,447.4700012207031,75283,0.0,0.0
2022-11-03 09:30:00-04:00,440.8800048828125,449.6499938964844,433.45001220703125,449.6499938964844,22460,0.0,0.0
2022-11-03 10:30:00-04:00,447.6300048828125,451.135009765625,445.0899963378906,445.5899963378906,17507,0.0,0.0
2022-11-03 11:30:00-04:00,444.3500061035156,448.5,444.3500061035156,447.0350036621094,12417,0.0,0.0
2022-11-03 12:30:00-04:00,447.9100036621094,448.25,441.29998779296875,443.0400085449219,19214,0.0,0.0
2022-11-03 13:30:00-04:00,442.0899963378906,443.3349914550781,440.6650085449219,441.8699951171875,17781,0.0,0.0
2022-11-03 14:30:00-04:00,441.1000061035156,442.17999267578125,439.25,440.0,17924,0.0,0.0
2022-11-03 15:30:00-04:00,439.7900085449219,440.45001220703125,435.44000244140625,436.32000732421875,68114,0.0,0.0
2022-11-04 09:30:00-04:00,442.739990234375,443.54998779296875,431.7200012207031,442.4949951171875,13329,0.0,0.0
2022-11-04 10:30:00-04:00,442.30999755859375,442.75,435.6499938964844,435.6499938964844,14493,0.0,0.0
2022-11-04 11:30:00-04:00,436.17999267578125,436.3800048828125,429.8500061035156,433.239990234375,20964,0.0,0.0
2022-11-04 12:30:00-04:00,432.42999267578125,432.8299865722656,429.7049865722656,429.9750061035156,10258,0.0,0.0
2022-11-04 13:30:00-04:00,430.32000732421875,434.239990234375,427.7200012207031,434.125,20242,0.0,0.0
2022-11-04 14:30:00-04:00,435.1499938964844,437.6400146484375,434.2699890136719,435.7200012207031,27049,0.0,0.0
2022-11-04 15:30:00-04:00,434.1300048828125,436.6000061035156,433.80999755859375,434.489990234375,48853,0.0,0.0
2022-11-07 09:30:00-05:00,435.1700134277344,442.30108642578125,427.0899963378906,430.3349914550781,20917,0.0,0.0
2022-11-07 10:30:00-05:00,430.7200012207031,433.4800109863281,428.05999755859375,433.4800109863281,18639,0.0,0.0
2022-11-07 11:30:00-05:00,434.95001220703125,434.9700012207031,432.7149963378906,434.5,13333,0.0,0.0
2022-11-07 12:30:00-05:00,435.2200012207031,436.8999938964844,434.19000244140625,435.7300109863281,14404,0.0,0.0
2022-11-07 13:30:00-05:00,435.7099914550781,437.7200012207031,435.2799987792969,436.8999938964844,34777,0.0,0.0
2022-11-07 14:30:00-05:00,436.9599914550781,439.20001220703125,436.57000732421875,437.2200012207031,33502,0.0,0.0
2022-11-07 15:30:00-05:00,437.2300109863281,437.75,435.4800109863281,436.8500061035156,66078,0.0,0.0
2022-11-08 09:30:00-05:00,439.2099914550781,445.0,435.4800109863281,443.4700012207031,15513,0.0,0.0
2022-11-08 10:30:00-05:00,444.44000244140625,449.0,442.44000244140625,449.0,29337,0.0,0.0
2022-11-08 11:30:00-05:00,448.5299987792969,450.5899963378906,446.375,449.739990234375,44173,0.0,0.0
2022-11-08 12:30:00-05:00,449.1199951171875,453.0450134277344,449.1199951171875,450.760009765625,27170,0.0,0.0
2022-11-08 13:30:00-05:00,450.2149963378906,452.3807067871094,447.1300048828125,447.1300048828125,37583,0.0,0.0
2022-11-08 14:30:00-05:00,446.8800048828125,452.3699951171875,446.010009765625,452.2950134277344,26201,0.0,0.0
2022-11-08 15:30:00-05:00,452.75,456.3299865722656,450.5199890136719,450.6300048828125,84258,0.0,0.0
2022-11-09 09:30:00-05:00,446.82000732421875,446.8349914550781,437.3599853515625,446.8349914550781,19869,0.0,0.0
2022-11-09 10:30:00-05:00,446.94500732421875,446.94500732421875,441.6099853515625,443.79998779296875,20084,0.0,0.0
2022-11-09 11:30:00-05:00,444.739990234375,444.739990234375,440.67999267578125,441.8800048828125,17637,0.0,0.0
2022-11-09 12:30:00-05:00,442.07501220703125,442.6400146484375,439.489990234375,439.5799865722656,14334,0.0,0.0
2022-11-09 13:30:00-05:00,438.30499267578125,440.9700012207031,437.30499267578125,440.4700012207031,14215,0.0,0.0
2022-11-09 14:30:00-05:00,440.760009765625,441.739990234375,438.6199951171875,441.739990234375,23272,0.0,0.0
2022-11-09 15:30:00-05:00,441.94000244140625,445.25,440.3999938964844,442.8399963378906,65803,0.0,0.0
2022-11-10 09:30:00-05:00,525.739990234375,559.9799194335938,518.260009765625,551.1500244140625,288656,0.0,0.0
2022-11-10 10:30:00-05:00,551.1500244140625,556.1500244140625,541.8800048828125,547.2999877929688,107341,0.0,0.0
2022-11-10 11:30:00-05:00,547.1900024414062,559.5758056640625,546.260009765625,558.9299926757812,106214,0.0,0.0
2022-11-10 12:30:00-05:00,557.4500122070312,564.969970703125,555.6300048828125,564.010009765625,49876,0.0,0.0
2022-11-10 13:30:00-05:00,564.0800170898438,570.084716796875,562.739990234375,569.989990234375,57851,0.0,0.0
2022-11-10 14:30:00-05:00,568.52001953125,580.625,568.52001953125,577.9099731445312,79371,0.0,0.0
2022-11-10 15:30:00-05:00,578.1400146484375,581.8699951171875,577.5150146484375,581.27001953125,121779,0.0,0.0
2022-11-11 09:30:00-05:00,583.8599853515625,606.47998046875,583.8599853515625,604.4100952148438,110627,0.0,0.0
2022-11-11 10:30:00-05:00,604.9176025390625,623.1500244140625,604.2999877929688,613.1599731445312,84740,0.0,0.0
2022-11-11 11:30:00-05:00,611.780029296875,612.4149780273438,597.8900146484375,598.155029296875,53898,0.0,0.0
2022-11-11 12:30:00-05:00,597.8699951171875,604.1599731445312,596.0599975585938,603.8099975585938,28820,0.0,0.0
2022-11-11 13:30:00-05:00,604.0800170898438,606.0800170898438,600.77001953125,606.0800170898438,29063,0.0,0.0
2022-11-11 14:30:00-05:00,605.6400146484375,609.1400146484375,603.1099853515625,604.489990234375,61246,0.0,0.0
2022-11-11 15:30:00-05:00,604.655029296875,608.2999877929688,603.8400268554688,608.2999877929688,84463,0.0,0.0
2022-11-14 09:30:00-05:00,600.010009765625,602.7999877929688,580.010009765625,596.3900146484375,71862,0.0,0.0
2022-11-14 10:30:00-05:00,595.5599975585938,604.0999755859375,593.3300170898438,601.1500244140625,51559,0.0,0.0
2022-11-14 11:30:00-05:00,601.1900024414062,606.9749755859375,600.0999755859375,606.2000122070312,37863,0.0,0.0
2022-11-14 12:30:00-05:00,606.7999877929688,613.22998046875,606.2100219726562,612.7000122070312,21334,0.0,0.0
2022-11-14 13:30:00-05:00,613.5399780273438,613.8599853515625,603.6400146484375,604.7999877929688,32491,0.0,0.0
2022-11-14 14:30:00-05:00,604.1300048828125,604.3200073242188,597.260009765625,597.4600219726562,31091,0.0,0.0
2022-11-14 15:30:00-05:00,597.1300048828125,597.22998046875,590.25,592.4099731445312,90344,0.0,0.0
2022-11-15 09:30:00-05:00,610.989990234375,613.469970703125,604.8400268554688,608.219970703125,32503,0.0,0.0
2022-11-15 10:30:00-05:00,607.9199829101562,618.0,606.97998046875,618.0,31048,0.0,0.0
2022-11-15 11:30:00-05:00,618.6400146484375,623.6099853515625,613.5499877929688,616.530029296875,36087,0.0,0.0
2022-11-15 12:30:00-05:00,615.7000122070312,616.989990234375,613.844970703125,614.239990234375,31177,0.0,0.0
2022-11-15 13:30:00-05:00,613.969970703125,621.8099975585938,613.72998046875,621.2999877929688,46178,0.0,0.0
2022-11-15 14:30:00-05:00,621.22998046875,621.5374755859375,613.4400024414062,616.3099975585938,31807,0.0,0.0
2022-11-15 15:30:00-05:00,616.1099853515625,617.489990234375,614.260009765625,617.0599975585938,44361,0.0,0.0
2022-11-16 09:30:00-05:00,603.6500244140625,623.3400268554688,603.6500244140625,620.4500122070312,28244,0.0,0.0
2022-11-16 10:30:00-05:00,620.780029296875,622.0800170898438,610.0,619.030029296875,37957,0.0,0.0
2022-11-16 11:30:00-05:00,619.1849975585938,623.02001953125,616.7949829101562,620.7899780273438,23518,0.0,0.0
2022-11-16 12:30:00-05:00,621.5,622.739990234375,618.39501953125,619.7000122070312,15909,0.0,0.0
2022-11-16 13:30:00-05:00,619.3300170898438,619.9500122070312,616.9199829101562,619.2349853515625,16181,0.0,0.0
2022-11-16 14:30:00-05:00,618.780029296875,619.52001953125,617.5900268554688,619.3599853515625,18086,0.0,0.0
2022-11-16 15:30:00-05:00,619.3400268554688,619.5,617.6300048828125,618.0499877929688,32056,0.0,0.0
2022-11-17 09:30:00-05:00,600.8400268554688,603.4450073242188,576.996826171875,578.1099853515625,70097,0.0,0.0
2022-11-17 10:30:00-05:00,579.5449829101562,582.5,571.25,579.1599731445312,79164,0.0,0.0
2022-11-17 11:30:00-05:00,578.3699951171875,581.239990234375,574.092529296875,575.64501953125,25283,0.0,0.0
2022-11-17 12:30:00-05:00,576.3300170898438,581.9099731445312,574.7650146484375,580.5,25273,0.0,0.0
2022-11-17 13:30:00-05:00,580.010009765625,582.89501953125,579.52001953125,582.6500244140625,28644,0.0,0.0
2022-11-17 14:30:00-05:00,583.2100219726562,584.1500244140625,581.3300170898438,584.1500244140625,19819,0.0,0.0
2022-11-17 15:30:00-05:00,584.5999755859375,587.0,580.885009765625,586.7000122070312,63335,0.0,0.0
2022-11-18 09:30:00-05:00,593.8699951171875,593.8699951171875,572.8699951171875,573.6649780273438,21370,0.0,0.0
2022-11-18 10:30:00-05:00,574.8800048828125,577.219970703125,572.5700073242188,572.9849853515625,25942,0.0,0.0
2022-11-18 11:30:00-05:00,571.10498046875,574.8300170898438,568.375,569.27001953125,31770,0.0,0.0
2022-11-18 12:30:00-05:00,570.5999755859375,575.489990234375,569.0700073242188,575.094970703125,21429,0.0,0.0
2022-11-18 13:30:00-05:00,575.2449951171875,576.0399780273438,573.27001953125,575.3900146484375,16423,0.0,0.0
2022-11-18 14:30:00-05:00,575.0499877929688,576.1500244140625,572.3900146484375,574.5999755859375,33117,0.0,0.0
2022-11-18 15:30:00-05:00,574.5999755859375,577.9849853515625,573.7150268554688,576.8800048828125,94595,0.0,0.0
2022-11-21 09:30:00-05:00,577.4199829101562,578.2150268554688,568.9000244140625,570.0900268554688,21672,0.0,0.0
2022-11-21 10:30:00-05:00,569.760009765625,576.8800048828125,569.760009765625,573.0900268554688,30559,0.0,0.0
2022-11-21 11:30:00-05:00,573.8400268554688,574.030029296875,570.9450073242188,570.9450073242188,10370,0.0,0.0
2022-11-21 12:30:00-05:00,571.0,572.4349975585938,569.1500244140625,572.4349975585938,23792,0.0,0.0
2022-11-21 13:30:00-05:00,571.9949951171875,578.239990234375,571.7150268554688,576.5399780273438,20716,0.0,0.0
2022-11-21 14:30:00-05:00,577.239990234375,582.2899780273438,576.8099975585938,581.4550170898438,15905,0.0,0.0
2022-11-21 15:30:00-05:00,581.4849853515625,582.9299926757812,580.8699951171875,582.0700073242188,26047,0.0,0.0
2022-11-22 09:30:00-05:00,581.8900146484375,584.35498046875,579.97998046875,580.9249877929688,19773,0.0,0.0
2022-11-22 10:30:00-05:00,580.5850219726562,582.2000122070312,577.9400024414062,581.625,23010,0.0,0.0
2022-11-22 11:30:00-05:00,583.219970703125,584.1799926757812,575.5499877929688,575.5499877929688,9482,0.0,0.0
2022-11-22 12:30:00-05:00,574.1400146484375,577.8099975585938,574.1400146484375,575.5999755859375,15376,0.0,0.0
2022-11-22 13:30:00-05:00,576.0499877929688,577.9949951171875,575.7650146484375,577.4185180664062,31306,0.0,0.0
2022-11-22 14:30:00-05:00,577.6699829101562,579.030029296875,577.52001953125,578.469970703125,30314,0.0,0.0
2022-11-22 15:30:00-05:00,578.7150268554688,578.989990234375,576.3150024414062,577.25,27047,0.0,0.0
2022-11-23 09:30:00-05:00,578.4199829101562,594.6699829101562,578.4199829101562,590.9600219726562,27269,0.0,0.0
2022-11-23 10:30:00-05:00,589.969970703125,594.5,585.3400268554688,585.3400268554688,17573,0.0,0.0
2022-11-23 11:30:00-05:00,586.0900268554688,587.5999755859375,581.0452880859375,584.219970703125,19409,0.0,0.0
2022-11-23 12:30:00-05:00,584.4500122070312,587.6500244140625,581.2999877929688,587.6099853515625,17542,0.0,0.0
2022-11-23 13:30:00-05:00,588.010009765625,589.3400268554688,584.5900268554688,586.2150268554688,15247,0.0,0.0
2022-11-23 14:30:00-05:00,585.1300048828125,588.1799926757812,584.219970703125,584.5599975585938,21281,0.0,0.0
2022-11-23 15:30:00-05:00,584.1849975585938,584.1849975585938,578.2899780273438,579.5399780273438,43196,0.0,0.0
2022-11-25 09:30:00-05:00,576.5900268554688,578.7625122070312,570.8099975585938,576.4400024414062,17484,0.0,0.0
2022-11-25 10:30:00-05:00,576.1400146484375,584.3099975585938,576.1400146484375,582.6500244140625,21247,0.0,0.0
2022-11-25 11:30:00-05:00,582.5399780273438,589.969970703125,582.5399780273438,588.7750244140625,25082,0.0,0.0
2022-11-28 09:30:00-05:00,579.4299926757812,589.0499877929688,571.8099975585938,575.2349853515625,29172,0.0,0.0
2022-11-28 10:30:00-05:00,575.8900146484375,582.760009765625,575.1199951171875,580.2999877929688,19469,0.0,0.0
2022-11-28 11:30:00-05:00,580.22998046875,582.5800170898438,579.010009765625,582.5800170898438,7878,0.0,0.0
2022-11-28 12:30:00-05:00,582.9450073242188,583.0,580.8699951171875,582.3099975585938,5559,0.0,0.0
2022-11-28 13:30:00-05:00,582.7152099609375,582.7152099609375,579.010009765625,582.5,14329,0.0,0.0
2022-11-28 14:30:00-05:00,581.9600219726562,585.6699829101562,581.9299926757812,583.5399780273438,35301,0.0,0.0
2022-11-28 15:30:00-05:00,583.8699951171875,587.7000122070312,583.8699951171875,587.6799926757812,45762,0.0,0.0
2022-11-29 09:30:00-05:00,583.780029296875,597.0599975585938,579.47998046875,594.0,35016,0.0,0.0
2022-11-29 10:30:00-05:00,594.9299926757812,596.9400024414062,589.780029296875,590.510009765625,22320,0.0,0.0
2022-11-29 11:30:00-05:00,591.7650146484375,593.9650268554688,590.6500244140625,593.72998046875,21116,0.0,0.0
2022-11-29 12:30:00-05:00,593.739990234375,597.1300048828125,587.6699829101562,588.8682861328125,18365,0.0,0.0
2022-11-29 13:30:00-05:00,588.655029296875,592.719970703125,587.4500122070312,589.4600219726562,20639,0.0,0.0
2022-11-29 14:30:00-05:00,588.0,591.4500122070312,585.8900146484375,591.4500122070312,21489,0.0,0.0
2022-11-29 15:30:00-05:00,590.8699951171875,592.280029296875,588.7000122070312,591.6699829101562,35540,0.0,0.0
2022-11-30 09:30:00-05:00,587.3699951171875,599.989990234375,582.489990234375,596.8900146484375,48330,0.0,0.0
2022-11-30 10:30:00-05:00,597.5999755859375,600.1900024414062,593.5,598.9000244140625,24662,0.0,0.0
2022-11-30 11:30:00-05:00,598.2899780273438,600.010009765625,596.4299926757812,597.1400146484375,11233,0.0,0.0
2022-11-30 12:30:00-05:00,597.739990234375,600.1599731445312,597.3099975585938,599.030029296875,11338,0.0,0.0
2022-11-30 13:30:00-05:00,598.9500122070312,615.4041137695312,598.5999755859375,615.4041137695312,27197,0.0,0.0
2022-11-30 14:30:00-05:00,614.969970703125,617.52001953125,612.1599731445312,616.3099975585938,20680,0.0,0.0
2022-11-30 15:30:00-05:00,616.0499877929688,621.2000122070312,616.0499877929688,619.7100219726562,76808,0.0,0.0
2022-12-01 09:30:00-05:00,617.52001953125,637.6900024414062,613.0999755859375,620.3900146484375,53583,0.0,0.0
2022-12-01 10:30:00-05:00,620.1799926757812,621.0800170898438,612.1699829101562,619.1300048828125,29214,0.0,0.0
2022-12-01 11:30:00-05:00,620.8150024414062,621.1500244140625,613.4288940429688,616.8150024414062,32901,0.0,0.0
2022-12-01 12:30:00-05:00,616.8400268554688,618.5399780273438,614.9349975585938,618.4299926757812,37564,0.0,0.0
2022-12-01 13:30:00-05:00,618.489990234375,620.8049926757812,613.5599975585938,615.0499877929688,47789,0.0,0.0
2022-12-01 14:30:00-05:00,614.989990234375,622.1199951171875,614.7899780273438,621.5599975585938,20127,0.0,0.0
2022-12-01 15:30:00-05:00,622.4349975585938,624.2100219726562,619.2100219726562,621.3599853515625,58883,0.0,0.0
2022-12-02 09:30:00-05:00,619.0,619.0,602.2999877929688,612.2449951171875,23087,0.0,0.0
2022-12-02 10:30:00-05:00,610.6400146484375,618.4000244140625,609.760009765625,618.3599853515625,23840,0.0,0.0
2022-12-02 11:30:00-05:00,618.010009765625,623.0700073242188,617.4400024414062,622.2999877929688,13767,0.0,0.0
2022-12-02 12:30:00-05:00,623.0,623.0499877929688,618.5599975585938,619.3599853515625,15645,0.0,0.0
2022-12-02 13:30:00-05:00,620.0349731445312,622.114990234375,615.5900268554688,621.97998046875,18580,0.0,0.0
2022-12-02 14:30:00-05:00,622.0050048828125,626.9600219726562,622.0050048828125,625.1400146484375,26303,0.0,0.0
2022-12-02 15:30:00-05:00,625.0900268554688,625.0900268554688,620.469970703125,621.8599853515625,45694,0.0,0.0
2022-12-05 09:30:00-05:00,612.3400268554688,615.530029296875,599.0700073242188,606.1799926757812,34774,0.0,0.0
2022-12-05 10:30:00-05:00,605.5549926757812,613.60498046875,605.5549926757812,609.780029296875,11645,0.0,0.0
2022-12-05 11:30:00-05:00,609.4099731445312,610.4249877929688,606.25,609.4500122070312,16266,0.0,0.0
2022-12-05 12:30:00-05:00,607.7899780273438,609.2999877929688,604.6500244140625,609.2999877929688,10540,0.0,0.0
2022-12-05 13:30:00-05:00,608.4400024414062,609.4400024414062,606.655029296875,607.75,15685,0.0,0.0
2022-12-05 14:30:00-05:00,606.9400024414062,608.0499877929688,604.9149780273438,604.9149780273438,18817,0.0,0.0
2022-12-05 15:30:00-05:00,605.1649780273438,613.4400024414062,605.1649780273438,612.2000122070312,38759,0.0,0.0
2022-12-06 09:30:00-05:00,609.6500244140625,612.6799926757812,605.375,609.1599731445312,15405,0.0,0.0
2022-12-06 10:30:00-05:00,609.6099853515625,610.0700073242188,604.5700073242188,606.7349853515625,17333,0.0,0.0
2022-12-06 11:30:00-05:00,604.7100219726562,606.89501953125,603.780029296875,604.0449829101562,10831,0.0,0.0
2022-12-06 12:30:00-05:00,604.0900268554688,604.0900268554688,596.5700073242188,597.6500244140625,18653,0.0,0.0
2022-12-06 13:30:00-05:00,596.3900146484375,600.6799926757812,595.0499877929688,596.9099731445312,15353,0.0,0.0
2022-12-06 14:30:00-05:00,595.3099975585938,605.2999877929688,595.280029296875,604.8499755859375,39178,0.0,0.0
2022-12-06 15:30:00-05:00,605.3499755859375,609.719970703125,605.3499755859375,608.8699951171875,38010,0.0,0.0
2022-12-07 09:30:00-05:00,609.0,612.3599853515625,598.47998046875,606.9450073242188,19304,0.0,0.0
2022-12-07 10:30:00-05:00,607.5700073242188,614.7423706054688,606.9400024414062,609.7479858398438,16845,0.0,0.0
2022-12-07 11:30:00-05:00,609.3350219726562,612.030029296875,608.760009765625,610.489990234375,7504,0.0,0.0
2022-12-07 12:30:00-05:00,609.22998046875,610.8250122070312,608.0700073242188,608.2000122070312,12888,0.0,0.0
2022-12-07 13:30:00-05:00,607.4550170898438,608.6749877929688,604.27001953125,606.5999755859375,9820,0.0,0.0
2022-12-07 14:30:00-05:00,607.510009765625,612.280029296875,607.0900268554688,612.280029296875,14133,0.0,0.0
2022-12-07 15:30:00-05:00,612.6699829101562,616.1199951171875,612.6400146484375,614.1599731445312,38711,0.0,0.0
2022-12-08 09:30:00-05:00,620.6900024414062,626.5,610.6099853515625,625.0999755859375,15498,0.0,0.0
2022-12-08 10:30:00-05:00,625.4650268554688,627.02001953125,619.489990234375,623.510009765625,17387,0.0,0.0
2022-12-08 11:30:00-05:00,624.8599853515625,630.2100219726562,624.2449951171875,628.8800048828125,19580,0.0,0.0
2022-12-08 12:30:00-05:00,629.5499877929688,632.0250244140625,628.1300048828125,629.9849853515625,20408,0.0,0.0
2022-12-08 13:30:00-05:00,629.1699829101562,629.77001953125,624.2999877929688,626.0250244140625,19168,0.0,0.0
2022-12-08 14:30:00-05:00,625.7750244140625,625.8499755859375,623.14501953125,623.14501953125,15417,0.0,0.0
2022-12-08 15:30:00-05:00,622.77001953125,625.0,622.6300048828125,625.0,51394,0.0,0.0
2022-12-09 09:30:00-05:00,620.760009765625,625.1599731445312,616.1699829101562,623.4550170898438,21264,0.0,0.0
2022-12-09 10:30:00-05:00,624.0250244140625,626.4500122070312,615.3400268554688,618.6199951171875,21051,0.0,0.0
2022-12-09 11:30:00-05:00,617.5050048828125,619.97998046875,615.97998046875,618.0599975585938,14940,0.0,0.0
2022-12-09 12:30:00-05:00,618.6699829101562,620.0,615.1599731445312,618.0999755859375,12780,0.0,0.0
2022-12-09 13:30:00-05:00,619.219970703125,620.0,616.1950073242188,618.25,10240,0.0,0.0
2022-12-09 14:30:00-05:00,617.489990234375,619.3599853515625,616.47998046875,618.7999877929688,9824,0.0,0.0
2022-12-09 15:30:00-05:00,619.2899780273438,619.5800170898438,614.9000244140625,615.469970703125,36987,0.0,0.0
2022-12-12 09:30:00-05:00,618.1300048828125,623.2000122070312,609.2899780273438,619.9099731445312,24295,0.0,0.0
2022-12-12 10:30:00-05:00,619.85498046875,621.3200073242188,618.52001953125,619.760009765625,13461,0.0,0.0
2022-12-12 11:30:00-05:00,619.3800048828125,619.3800048828125,616.6300048828125,617.3200073242188,11124,0.0,0.0
2022-12-12 12:30:00-05:00,618.6599731445312,620.02001953125,615.3499755859375,616.719970703125,6717,0.0,0.0
2022-12-12 13:30:00-05:00,616.5499877929688,616.6099853515625,612.7100219726562,613.9749755859375,10024,0.0,0.0
2022-12-12 14:30:00-05:00,614.4299926757812,616.239990234375,613.2860107421875,615.6300048828125,13105,0.0,0.0
2022-12-12 15:30:00-05:00,615.5900268554688,617.4000244140625,615.5900268554688,616.5700073242188,23352,0.0,0.0
2022-12-13 09:30:00-05:00,628.0,638.8699951171875,617.72998046875,631.5999755859375,59731,0.0,0.0
2022-12-13 10:30:00-05:00,632.1699829101562,632.1799926757812,627.469970703125,629.0999755859375,26332,0.0,0.0
2022-12-13 11:30:00-05:00,628.9099731445312,630.75,618.5050048828125,621.4099731445312,24272,0.0,0.0
2022-12-13 12:30:00-05:00,619.5,623.969970703125,616.9299926757812,623.969970703125,13061,0.0,0.0
2022-12-13 13:30:00-05:00,624.0399780273438,625.0,619.7150268554688,623.7260131835938,25388,0.0,0.0
2022-12-13 14:30:00-05:00,623.52001953125,624.4400024414062,615.3350219726562,618.6389770507812,25031,0.0,0.0
2022-12-13 15:30:00-05:00,619.0,620.6799926757812,617.6099853515625,620.6799926757812,34111,0.0,0.0
2022-12-14 09:30:00-05:00,616.8599853515625,628.6500244140625,616.8599853515625,619.9400024414062,13245,0.0,0.0
2022-12-14 10:30:00-05:00,619.5,620.530029296875,612.9749755859375,616.3499755859375,24635,0.0,0.0
2022-12-14 11:30:00-05:00,615.6400146484375,615.6599731445312,611.7999877929688,613.8099975585938,12363,0.0,0.0
2022-12-14 12:30:00-05:00,612.52001953125,614.1500244140625,610.5599975585938,610.5599975585938,18444,0.0,0.0
2022-12-14 13:30:00-05:00,613.260009765625,614.280029296875,603.8284301757812,607.2249755859375,35267,0.0,0.0
2022-12-14 14:30:00-05:00,606.77001953125,615.0650024414062,602.5,607.72998046875,29040,0.0,0.0
2022-12-14 15:30:00-05:00,605.02001953125,610.780029296875,604.239990234375,607.1099853515625,32370,0.0,0.0
2022-12-15 09:30:00-05:00,594.02001953125,594.3099975585938,587.1199951171875,590.510009765625,29836,0.0,0.0
2022-12-15 10:30:00-05:00,590.5449829101562,592.8200073242188,585.1799926757812,588.0599975585938,21078,0.0,0.0
2022-12-15 11:30:00-05:00,588.6837158203125,592.0800170898438,588.2899780273438,589.9199829101562,14085,0.0,0.0
2022-12-15 12:30:00-05:00,590.0,590.4299926757812,584.0549926757812,584.3250122070312,15447,0.0,0.0
2022-12-15 13:30:00-05:00,583.635009765625,589.0599975585938,583.635009765625,588.9600219726562,18103,0.0,0.0
2022-12-15 14:30:00-05:00,589.219970703125,592.469970703125,588.6799926757812,590.5,19862,0.0,0.0
2022-12-15 15:30:00-05:00,590.5999755859375,598.219970703125,590.260009765625,597.5800170898438,64423,0.0,0.0
2022-12-16 09:30:00-05:00,595.1900024414062,595.1900024414062,584.2449951171875,584.2449951171875,29086,0.0,0.0
2022-12-16 10:30:00-05:00,584.77001953125,587.1400146484375,583.6099853515625,585.9199829101562,19491,0.0,0.0
2022-12-16 11:30:00-05:00,585.9650268554688,587.7349853515625,584.3800048828125,587.239990234375,18366,0.0,0.0
2022-12-16 12:30:00-05:00,587.239990234375,587.989990234375,585.0399780273438,586.2150268554688,13951,0.0,0.0
2022-12-16 13:30:00-05:00,586.3599853515625,586.8400268554688,583.1799926757812,586.8400268554688,13552,0.0,0.0
2022-12-16 14:30:00-05:00,586.0999755859375,587.5750122070312,584.9000244140625,587.5750122070312,29722,0.0,0.0
2022-12-16 15:30:00-05:00,589.469970703125,593.8300170898438,587.4949951171875,590.1699829101562,65778,0.0,0.0
2022-12-19 09:30:00-05:00,586.6099853515625,589.6199951171875,582.0499877929688,586.77001953125,13244,0.0,0.0
2022-12-19 10:30:00-05:00,586.4400024414062,587.3800048828125,585.1099853515625,587.2999877929688,16000,0.0,0.0
2022-12-19 11:30:00-05:00,587.2050170898438,589.0,584.8903198242188,588.10498046875,13109,0.0,0.0
2022-12-19 12:30:00-05:00,587.030029296875,593.7000122070312,586.8914184570312,592.9400024414062,21027,0.0,0.0
2022-12-19 13:30:00-05:00,592.8400268554688,593.5499267578125,585.2249755859375,586.1950073242188,22738,0.0,0.0
2022-12-19 14:30:00-05:00,584.4299926757812,586.5650024414062,582.3300170898438,582.3300170898438,14825,0.0,0.0
2022-12-19 15:30:00-05:00,583.4199829101562,585.8599853515625,579.6099853515625,585.6099853515625,40078,0.0,0.0
2022-12-20 09:30:00-05:00,582.739990234375,591.52001953125,580.4849853515625,589.4600219726562,15238,0.0,0.0
2022-12-20 10:30:00-05:00,589.5700073242188,591.8099975585938,587.0700073242188,588.6699829101562,11437,0.0,0.0
2022-12-20 11:30:00-05:00,588.594970703125,594.0,587.9500122070312,593.2000122070312,10321,0.0,0.0
2022-12-20 12:30:00-05:00,592.4000244140625,594.114990234375,591.2949829101562,592.6860961914062,10507,0.0,0.0
2022-12-20 13:30:00-05:00,593.655029296875,595.52001953125,591.4600219726562,591.4600219726562,13762,0.0,0.0
2022-12-20 14:30:00-05:00,592.5,592.5,589.4299926757812,591.9299926757812,11385,0.0,0.0
2022-12-20 15:30:00-05:00,591.614990234375,594.5399780273438,590.6900024414062,590.7000122070312,43792,0.0,0.0
2022-12-21 09:30:00-05:00,592.5900268554688,607.5349731445312,592.5900268554688,607.5349731445312,12900,0.0,0.0
2022-12-21 10:30:00-05:00,607.9349975585938,609.8300170898438,606.25,606.25,12721,0.0,0.0
2022-12-21 11:30:00-05:00,607.9500122070312,608.5999755859375,605.9600219726562,606.4299926757812,6685,0.0,0.0
2022-12-21 12:30:00-05:00,606.52001953125,611.0800170898438,605.0999755859375,609.1099853515625,12773,0.0,0.0
2022-12-21 13:30:00-05:00,609.5599975585938,612.1099853515625,609.0750122070312,610.989990234375,10612,0.0,0.0
2022-12-21 14:30:00-05:00,611.3699951171875,612.22998046875,609.6599731445312,610.6400146484375,21296,0.0,0.0
2022-12-21 15:30:00-05:00,611.1599731445312,614.2100219726562,610.8400268554688,614.2100219726562,30165,0.0,0.0
2022-12-22 09:30:00-05:00,602.7100219726562,604.6500244140625,599.280029296875,604.6500244140625,14094,0.0,0.0
2022-12-22 10:30:00-05:00,606.4299926757812,610.7227172851562,605.89501953125,608.5800170898438,10821,0.0,0.0
2022-12-22 11:30:00-05:00,607.8400268554688,610.4000244140625,607.0399780273438,608.2650146484375,7200,0.0,0.0
2022-12-22 12:30:00-05:00,604.4000244140625,606.47998046875,601.0999755859375,606.47998046875,7532,0.0,0.0
2022-12-22 13:30:00-05:00,605.9849853515625,611.3099975585938,605.5399780273438,610.9249877929688,13665,0.0,0.0
2022-12-22 14:30:00-05:00,611.4600219726562,614.9500122070312,610.8400268554688,613.2949829101562,15752,0.0,0.0
2022-12-22 15:30:00-05:00,615.1199951171875,617.47998046875,613.1400146484375,614.5,33395,0.0,0.0
2022-12-23 09:30:00-05:00,613.0999755859375,613.0999755859375,605.0549926757812,607.2899780273438,16087,0.0,0.0
2022-12-23 10:30:00-05:00,608.6699829101562,613.0449829101562,608.6699829101562,610.7899780273438,5291,0.0,0.0
2022-12-23 11:30:00-05:00,612.969970703125,613.85498046875,611.260009765625,613.85498046875,2934,0.0,0.0
2022-12-23 12:30:00-05:00,614.3400268554688,617.7550048828125,611.7000122070312,614.3099975585938,6531,0.0,0.0
2022-12-23 13:30:00-05:00,615.4000244140625,619.4600219726562,615.4000244140625,618.5700073242188,8886,0.0,0.0
2022-12-23 14:30:00-05:00,619.0800170898438,623.155029296875,619.0800170898438,621.444580078125,10594,0.0,0.0
2022-12-23 15:30:00-05:00,620.5700073242188,620.8150024414062,615.8800048828125,616.52001953125,24706,0.0,0.0
2022-12-27 09:30:00-05:00,613.8800048828125,613.8800048828125,608.8300170898438,610.4000244140625,19014,0.0,0.0
2022-12-27 10:30:00-05:00,610.27001953125,615.375,608.3900146484375,609.989990234375,21324,0.0,0.0
2022-12-27 11:30:00-05:00,609.3499755859375,611.8499755859375,608.1699829101562,611.8499755859375,5827,0.0,0.0
2022-12-27 12:30:00-05:00,610.8800048828125,611.1199951171875,609.52001953125,610.27001953125,5803,0.0,0.0
2022-12-27 13:30:00-05:00,609.594970703125,611.0399780273438,609.3699951171875,610.6099853515625,6542,0.0,0.0
2022-12-27 14:30:00-05:00,611.5399780273438,615.2999877929688,611.5399780273438,614.7362060546875,6263,0.0,0.0
2022-12-27 15:30:00-05:00,614.4500122070312,617.3699951171875,613.4600219726562,614.2999877929688,21421,0.0,0.0
2022-12-28 09:30:00-05:00,615.3300170898438,622.219970703125,615.3300170898438,617.8800048828125,8515,0.0,0.0
2022-12-28 10:30:00-05:00,613.0,615.760009765625,611.969970703125,612.9600219726562,5290,0.0,0.0
2022-12-28 11:30:00-05:00,611.6699829101562,612.7050170898438,607.155029296875,611.5,9820,0.0,0.0
2022-12-28 12:30:00-05:00,611.2100219726562,611.2100219726562,609.2100219726562,610.3099975585938,9179,0.0,0.0
2022-12-28 13:30:00-05:00,609.885009765625,610.6400146484375,606.8099975585938,607.3400268554688,8041,0.0,0.0
2022-12-28 14:30:00-05:00,604.4000244140625,608.4149780273438,604.4000244140625,606.4244995117188,10597,0.0,0.0
2022-12-28 15:30:00-05:00,607.9400024414062,609.7999877929688,604.72998046875,605.4600219726562,26243,0.0,0.0
2022-12-29 09:30:00-05:00,607.489990234375,614.489990234375,607.489990234375,610.25,9360,0.0,0.0
2022-12-29 10:30:00-05:00,612.1099853515625,614.0700073242188,604.8499755859375,605.1400146484375,19080,0.0,0.0
2022-12-29 11:30:00-05:00,607.5700073242188,610.760009765625,606.6099853515625,608.530029296875,11025,0.0,0.0
2022-12-29 12:30:00-05:00,608.760009765625,608.760009765625,603.5,603.5,10234,0.0,0.0
2022-12-29 13:30:00-05:00,604.1400146484375,604.1500244140625,601.1099853515625,603.0800170898438,16152,0.0,0.0
2022-12-29 14:30:00-05:00,603.0499877929688,603.0499877929688,598.7550048828125,599.114990234375,15964,0.0,0.0
2022-12-29 15:30:00-05:00,599.7449951171875,603.3699951171875,599.7449951171875,600.5499877929688,27960,0.0,0.0
2022-12-30 09:30:00-05:00,591.6900024414062,595.8599853515625,588.8599853515625,595.1599731445312,14203,0.0,0.0
2022-12-30 10:30:00-05:00,594.7999877929688,595.969970703125,592.260009765625,592.260009765625,7148,0.0,0.0
2022-12-30 11:30:00-05:00,592.6500244140625,596.3900146484375,592.6500244140625,593.9249877929688,10952,0.0,0.0
2022-12-30 12:30:00-05:00,592.5399780273438,593.1799926757812,589.719970703125,590.72998046875,8462,0.0,0.0
2022-12-30 13:30:00-05:00,590.9400024414062,592.3200073242188,587.8099975585938,589.0499877929688,14230,0.0,0.0
2022-12-30 14:30:00-05:00,589.1599731445312,593.969970703125,588.6500244140625,593.864990234375,12799,0.0,0.0
2022-12-30 15:30:00-05:00,593.22998046875,599.0900268554688,593.0850219726562,598.239990234375,50891,0.0,0.0
2023-01-03 09:30:00-05:00,608.6500244140625,617.0999755859375,597.52001953125,602.0750122070312,33577,0.0,0.0
2023-01-03 10:30:00-05:00,601.6199951171875,604.2100219726562,597.614990234375,598.8250122070312,11123,0.0,0.0
2023-01-03 11:30:00-05:00,597.7000122070312,598.5700073242188,592.5700073242188,592.5700073242188,8457,0.0,0.0
2023-01-03 12:30:00-05:00,593.8400268554688,594.8099975585938,589.5499877929688,591.989990234375,12231,0.0,0.0
2023-01-03 13:30:00-05:00,590.7000122070312,591.0999755859375,586.1099853515625,586.6199951171875,9569,0.0,0.0
2023-01-03 14:30:00-05:00,587.1599731445312,594.25,586.6199951171875,592.6199951171875,15229,0.0,0.0
2023-01-03 15:30:00-05:00,591.47998046875,594.1400146484375,590.469970703125,590.469970703125,30023,0.0,0.0
2023-01-04 09:30:00-05:00,596.5399780273438,607.8800048828125,596.5399780273438,599.5599975585938,8985,0.0,0.0
2023-01-04 10:30:00-05:00,602.010009765625,605.8099975585938,596.155029296875,605.5599975585938,13473,0.0,0.0
2023-01-04 11:30:00-05:00,605.8099975585938,609.739990234375,605.8099975585938,607.1799926757812,9817,0.0,0.0
2023-01-04 12:30:00-05:00,607.4500122070312,609.5499877929688,605.4749755859375,606.864990234375,6203,0.0,0.0
2023-01-04 13:30:00-05:00,607.75,609.7999877929688,602.7100219726562,602.7100219726562,13659,0.0,0.0
2023-01-04 14:30:00-05:00,603.35498046875,607.5599975585938,603.35498046875,604.1749877929688,9325,0.0,0.0
2023-01-04 15:30:00-05:00,603.5700073242188,609.010009765625,601.7822265625,609.010009765625,29271,0.0,0.0
2023-01-05 09:30:00-05:00,601.0599975585938,606.405029296875,597.469970703125,603.239990234375,13555,0.0,0.0
2023-01-05 10:30:00-05:00,600.77001953125,601.6799926757812,597.3900146484375,597.3900146484375,7018,0.0,0.0
2023-01-05 11:30:00-05:00,597.9400024414062,597.9600219726562,592.7349853515625,593.8900146484375,11589,0.0,0.0
2023-01-05 12:30:00-05:00,593.8900146484375,594.7449951171875,589.5,594.3699951171875,10173,0.0,0.0
2023-01-05 13:30:00-05:00,593.157470703125,603.510009765625,591.8099975585938,600.2100219726562,28151,0.0,0.0
2023-01-05 14:30:00-05:00,600.1500244140625,603.5800170898438,597.2999877929688,597.2999877929688,11954,0.0,0.0
2023-01-05 15:30:00-05:00,598.2899780273438,599.27001953125,595.77001953125,595.9099731445312,28583,0.0,0.0
2023-01-06 09:30:00-05:00,603.5999755859375,603.5999755859375,583.6900024414062,596.6400146484375,29109,0.0,0.0
2023-01-06 10:30:00-05:00,597.72998046875,602.3300170898438,597.72998046875,600.469970703125,13116,0.0,0.0
2023-01-06 11:30:00-05:00,599.8499755859375,605.7999877929688,599.8499755859375,605.7999877929688,7059,0.0,0.0
2023-01-06 12:30:00-05:00,603.5999755859375,604.489990234375,600.989990234375,604.489990234375,7295,0.0,0.0
2023-01-06 13:30:00-05:00,606.0349731445312,608.7000122070312,606.0349731445312,608.4149780273438,9813,0.0,0.0
2023-01-06 14:30:00-05:00,608.4249877929688,608.4249877929688,601.5800170898438,603.3150024414062,16544,0.0,0.0
2023-01-06 15:30:00-05:00,603.4099731445312,603.4650268554688,600.0,602.280029296875,21047,0.0,0.0
2023-01-09 09:30:00-05:00,609.5499877929688,611.97998046875,601.4749755859375,603.510009765625,22301,0.0,0.0
2023-01-09 10:30:00-05:00,606.2100219726562,611.4600219726562,603.5999755859375,610.739990234375,16051,0.0,0.0
2023-01-09 11:30:00-05:00,608.4099731445312,610.8099975585938,608.2899780273438,609.7000122070312,5496,0.0,0.0
2023-01-09 12:30:00-05:00,608.344970703125,608.344970703125,602.9149780273438,602.9149780273438,7108,0.0,0.0
2023-01-09 13:30:00-05:00,602.9249877929688,603.0999755859375,593.9500732421875,597.5650024414062,27236,0.0,0.0
2023-01-09 14:30:00-05:00,597.77001953125,599.1799926757812,593.635009765625,593.655029296875,13229,0.0,0.0
2023-01-09 15:30:00-05:00,592.7899780273438,594.469970703125,591.7999877929688,593.1199951171875,33894,0.0,0.0
2023-01-10 09:30:00-05:00,588.47998046875,590.0,575.3900146484375,582.9099731445312,36925,0.0,0.0
2023-01-10 10:30:00-05:00,580.989990234375,583.2100219726562,576.1799926757812,579.6300048828125,35125,0.0,0.0
2023-01-10 11:30:00-05:00,579.6300048828125,587.0599975585938,578.760009765625,586.0449829101562,47011,0.0,0.0
2023-01-10 12:30:00-05:00,587.1199951171875,591.6199951171875,586.9550170898438,588.52001953125,18268,0.0,0.0
2023-01-10 13:30:00-05:00,589.0349731445312,589.7000122070312,584.2999877929688,584.760009765625,16227,0.0,0.0
2023-01-10 14:30:00-05:00,584.8900146484375,586.4099731445312,582.1400146484375,582.780029296875,27256,0.0,0.0
2023-01-10 15:30:00-05:00,583.0700073242188,586.4000244140625,582.4600219726562,586.3900146484375,47640,0.0,0.0
2023-01-11 09:30:00-05:00,588.260009765625,597.6400146484375,588.1300048828125,596.219970703125,24394,0.0,0.0
2023-01-11 10:30:00-05:00,594.0599975585938,594.0599975585938,584.4400024414062,591.75,14816,0.0,0.0
2023-01-11 11:30:00-05:00,591.4600219726562,595.969970703125,590.5650024414062,592.5499877929688,8887,0.0,0.0
2023-01-11 12:30:00-05:00,592.1400146484375,594.239990234375,590.7100219726562,593.1199951171875,13792,0.0,0.0
2023-01-11 13:30:00-05:00,593.9349975585938,594.114990234375,591.4000244140625,593.0599975585938,10025,0.0,0.0
2023-01-11 14:30:00-05:00,593.77001953125,597.1199951171875,593.6599731445312,596.2349853515625,15452,0.0,0.0
2023-01-11 15:30:00-05:00,596.6500244140625,600.9199829101562,595.27001953125,598.5,45817,0.0,0.0
2023-01-12 09:30:00-05:00,598.4000244140625,605.5150146484375,586.5999755859375,605.47998046875,15583,0.0,0.0
2023-01-12 10:30:00-05:00,604.3599853515625,608.2249755859375,601.9650268554688,604.7750244140625,19188,0.0,0.0
2023-01-12 11:30:00-05:00,605.0900268554688,608.030029296875,603.875,608.030029296875,16482,0.0,0.0
2023-01-12 12:30:00-05:00,607.739990234375,608.3099975585938,597.77001953125,597.9500122070312,35217,0.0,0.0
2023-01-12 13:30:00-05:00,595.5999755859375,604.010009765625,595.5999755859375,603.4500122070312,12571,0.0,0.0
2023-01-12 14:30:00-05:00,603.4600219726562,606.739990234375,603.4600219726562,605.010009765625,11803,0.0,0.0
2023-01-12 15:30:00-05:00,604.6799926757812,607.260009765625,600.3499755859375,606.4299926757812,35904,0.0,0.0
2023-01-13 09:30:00-05:00,599.219970703125,614.4000244140625,599.219970703125,613.4989013671875,8635,0.0,0.0
2023-01-13 10:30:00-05:00,615.7100219726562,617.219970703125,610.3699951171875,615.25,17255,0.0,0.0
2023-01-13 11:30:00-05:00,615.0700073242188,615.0700073242188,608.4000244140625,610.969970703125,11325,0.0,0.0
2023-01-13 12:30:00-05:00,611.9600219726562,616.0999755859375,611.0349731445312,616.0999755859375,10099,0.0,0.0
2023-01-13 13:30:00-05:00,616.4550170898438,618.9949951171875,614.9099731445312,617.5,13975,0.0,0.0
2023-01-13 14:30:00-05:00,618.4500122070312,618.4500122070312,614.8400268554688,617.6699829101562,12091,0.0,0.0
2023-01-13 15:30:00-05:00,617.4650268554688,620.6500244140625,617.260009765625,617.4199829101562,39078,0.0,0.0
2023-01-17 09:30:00-05:00,616.010009765625,621.72998046875,610.1849975585938,621.5900268554688,10099,0.0,0.0
2023-01-17 10:30:00-05:00,623.4249877929688,623.4249877929688,616.4749755859375,618.1699829101562,17237,0.0,0.0
2023-01-17 11:30:00-05:00,619.6799926757812,625.1599731445312,619.6099853515625,624.8099975585938,18332,0.0,0.0
2023-01-17 12:30:00-05:00,624.9650268554688,625.7999877929688,623.52001953125,624.4949951171875,8239,0.0,0.0
2023-01-17 13:30:00-05:00,623.9400024414062,626.489990234375,623.1300048828125,623.1300048828125,11450,0.0,0.0
2023-01-17 14:30:00-05:00,623.9099731445312,626.3900146484375,623.8400268554688,623.9025268554688,17644,0.0,0.0
2023-01-17 15:30:00-05:00,624.10498046875,628.2650146484375,623.6400146484375,627.8699951171875,48892,0.0,0.0
2023-01-18 09:30:00-05:00,635.2899780273438,640.5,628.719970703125,634.8099975585938,30233,0.0,0.0
2023-01-18 10:30:00-05:00,634.489990234375,634.489990234375,624.010009765625,624.2550048828125,25996,0.0,0.0
2023-01-18 11:30:00-05:00,624.2349853515625,626.4600219726562,622.0700073242188,622.9400024414062,12114,0.0,0.0
2023-01-18 12:30:00-05:00,620.6099853515625,623.0900268554688,619.1699829101562,623.0599975585938,11890,0.0,0.0
2023-01-18 13:30:00-05:00,623.030029296875,628.0700073242188,622.4000244140625,623.155029296875,23090,0.0,0.0
2023-01-18 14:30:00-05:00,622.0599975585938,632.2750244140625,622.0599975585938,629.2100219726562,34607,0.0,0.0
2023-01-18 15:30:00-05:00,629.9749755859375,631.280029296875,627.9299926757812,630.760009765625,40371,0.0,0.0
2023-01-19 09:30:00-05:00,625.030029296875,632.5,623.2000122070312,628.4583740234375,10782,0.0,0.0
2023-01-19 10:30:00-05:00,628.3400268554688,634.780029296875,625.2050170898438,634.3300170898438,19049,0.0,0.0
2023-01-19 11:30:00-05:00,634.1900024414062,636.989990234375,630.9600219726562,633.8992919921875,21119,0.0,0.0
2023-01-19 12:30:00-05:00,635.5399780273438,635.5399780273438,629.0900268554688,629.0900268554688,15921,0.0,0.0
2023-01-19 13:30:00-05:00,630.1859741210938,632.2899780273438,629.1599731445312,632.2899780273438,11304,0.0,0.0
2023-01-19 14:30:00-05:00,631.9099731445312,631.9099731445312,626.5900268554688,627.4199829101562,17135,0.0,0.0
2023-01-19 15:30:00-05:00,627.3499755859375,628.0,622.469970703125,623.8599853515625,57652,0.0,0.0
2023-01-20 09:30:00-05:00,623.3900146484375,633.0599975585938,623.3900146484375,633.0599975585938,7235,0.0,0.0
2023-01-20 10:30:00-05:00,633.1099853515625,638.3200073242188,631.3499755859375,638.280029296875,21701,0.0,0.0
2023-01-20 11:30:00-05:00,638.9199829101562,640.0499877929688,637.844970703125,639.4299926757812,16856,0.0,0.0
2023-01-20 12:30:00-05:00,638.3300170898438,640.4000244140625,636.02001953125,637.72998046875,16006,0.0,0.0
2023-01-20 13:30:00-05:00,637.9000244140625,643.4400024414062,637.9000244140625,642.469970703125,30652,0.0,0.0
2023-01-20 14:30:00-05:00,642.489990234375,649.6199951171875,642.489990234375,648.3800048828125,25159,0.0,0.0
2023-01-20 15:30:00-05:00,648.5,649.9199829101562,646.655029296875,648.469970703125,40994,0.0,0.0
2023-01-23 09:30:00-05:00,648.3900146484375,650.0,640.5349731445312,649.094970703125,37420,0.0,0.0
2023-01-23 10:30:00-05:00,650.0700073242188,657.6599731445312,647.4099731445312,657.6599731445312,24624,0.0,0.0
2023-01-23 11:30:00-05:00,658.2100219726562,658.2100219726562,654.1500244140625,655.6799926757812,26499,0.0,0.0
2023-01-23 12:30:00-05:00,655.3900146484375,656.469970703125,652.5,653.0399780273438,16121,0.0,0.0
2023-01-23 13:30:00-05:00,653.0399780273438,653.4124755859375,646.760009765625,648.2849731445312,27687,0.0,0.0
2023-01-23 14:30:00-05:00,648.5399780273438,652.5700073242188,646.9805908203125,652.280029296875,22941,0.0,0.0
2023-01-23 15:30:00-05:00,652.4500122070312,653.4600219726562,649.8099975585938,649.8200073242188,40014,0.0,0.0
2023-01-24 09:30:00-05:00,653.1199951171875,657.5800170898438,645.3800048828125,653.3200073242188,18258,0.0,0.0
2023-01-24 10:30:00-05:00,654.72998046875,654.9400024414062,648.0,649.760009765625,24603,0.0,0.0
2023-01-24 11:30:00-05:00,648.4450073242188,650.1300048828125,642.7750244140625,643.6749877929688,21413,0.0,0.0
2023-01-24 12:30:00-05:00,643.7999877929688,647.9600219726562,641.00048828125,645.8049926757812,33949,0.0,0.0
2023-01-24 13:30:00-05:00,644.9500122070312,645.9650268554688,638.0,644.0599975585938,16468,0.0,0.0
2023-01-24 14:30:00-05:00,644.6900024414062,645.4299926757812,639.3300170898438,643.3599853515625,25371,0.0,0.0
2023-01-24 15:30:00-05:00,642.8499755859375,643.010009765625,638.4199829101562,641.27001953125,64440,0.0,0.0
2023-01-25 09:30:00-05:00,627.8200073242188,633.6649780273438,610.6649780273438,633.6649780273438,33122,0.0,0.0
2023-01-25 10:30:00-05:00,634.72998046875,638.1749877929688,632.0250244140625,635.97998046875,14398,0.0,0.0
2023-01-25 11:30:00-05:00,635.97998046875,641.4500122070312,635.385009765625,637.6799926757812,14288,0.0,0.0
2023-01-25 12:30:00-05:00,637.5349731445312,637.5499877929688,633.1649780273438,635.3800048828125,17878,0.0,0.0
2023-01-25 13:30:00-05:00,636.0,642.2000122070312,634.9249877929688,641.010009765625,25786,0.0,0.0
2023-01-25 14:30:00-05:00,640.8200073242188,643.4199829101562,640.0800170898438,642.02001953125,19639,0.0,0.0
2023-01-25 15:30:00-05:00,642.1599731445312,646.3800048828125,641.9550170898438,642.6400146484375,46436,0.0,0.0
2023-01-26 09:30:00-05:00,646.6500244140625,648.8900146484375,640.530029296875,645.4450073242188,26569,0.0,0.0
2023-01-26 10:30:00-05:00,645.72998046875,647.97998046875,637.2100219726562,637.5700073242188,12790,0.0,0.0
2023-01-26 11:30:00-05:00,638.6300048828125,640.4600219726562,632.8599853515625,633.125,20099,0.0,0.0
2023-01-26 12:30:00-05:00,632.969970703125,639.614990234375,632.0900268554688,638.22998046875,25315,0.0,0.0
2023-01-26 13:30:00-05:00,639.1199951171875,642.52001953125,636.739990234375,640.3800048828125,26582,0.0,0.0
2023-01-26 14:30:00-05:00,640.3350219726562,643.5750122070312,639.3300170898438,640.9450073242188,33763,0.0,0.0
2023-01-26 15:30:00-05:00,640.4299926757812,646.1799926757812,639.780029296875,646.030029296875,50730,0.0,0.0
2023-01-27 09:30:00-05:00,623.7899780273438,676.9799194335938,617.3499755859375,657.2999877929688,66305,0.0,0.0
2023-01-27 10:30:00-05:00,656.9099731445312,660.6300048828125,646.47509765625,656.8800048828125,44536,0.0,0.0
2023-01-27 11:30:00-05:00,656.3900146484375,660.6099853515625,652.97998046875,660.6099853515625,37033,0.0,0.0
2023-01-27 12:30:00-05:00,660.4500122070312,666.5,658.8372802734375,661.1500244140625,16839,0.0,0.0
2023-01-27 13:30:00-05:00,661.4000244140625,661.6699829101562,655.7999877929688,658.2150268554688,23541,0.0,0.0
2023-01-27 14:30:00-05:00,659.0800170898438,664.7100219726562,658.5399780273438,663.530029296875,18956,0.0,0.0
2023-01-27 15:30:00-05:00,664.1300048828125,664.1300048828125,659.2750244140625,660.1300048828125,70002,0.0,0.0
2023-01-30 09:30:00-05:00,658.1199951171875,659.97998046875,647.6199951171875,649.4299926757812,34072,0.0,0.0
2023-01-30 10:30:00-05:00,650.0,654.0599975585938,647.5499877929688,651.9299926757812,19686,0.0,0.0
2023-01-30 11:30:00-05:00,651.6400146484375,653.7050170898438,649.760009765625,653.7050170898438,17280,0.0,0.0
2023-01-30 12:30:00-05:00,653.9400024414062,654.969970703125,648.0599975585938,652.2349853515625,13446,0.0,0.0
2023-01-30 13:30:00-05:00,651.3300170898438,652.0549926757812,648.280029296875,648.9949951171875,12300,0.0,0.0
2023-01-30 14:30:00-05:00,647.1900024414062,650.4149780273438,644.4000244140625,646.9149780273438,24161,0.0,0.0
2023-01-30 15:30:00-05:00,647.0700073242188,648.9000244140625,644.27001953125,644.280029296875,45060,0.0,0.0
2023-01-31 09:30:00-05:00,643.52001953125,655.5900268554688,640.1199951171875,652.25,21346,0.0,0.0
2023-01-31 10:30:00-05:00,653.1199951171875,654.1699829101562,647.97998046875,653.8400268554688,29202,0.0,0.0
2023-01-31 11:30:00-05:00,654.14501953125,654.14501953125,649.3200073242188,652.239990234375,21079,0.0,0.0
2023-01-31 12:30:00-05:00,652.3300170898438,654.1900024414062,648.4450073242188,652.0750122070312,20717,0.0,0.0
2023-01-31 13:30:00-05:00,652.364990234375,653.3300170898438,648.8200073242188,650.4149780273438,31010,0.0,0.0
2023-01-31 14:30:00-05:00,650.239990234375,658.6699829101562,649.9400024414062,658.0,47298,0.0,0.0
2023-01-31 15:30:00-05:00,658.5449829101562,668.4450073242188,657.4400024414062,664.9000244140625,57967,0.0,0.0
2023-02-01 09:30:00-05:00,662.469970703125,664.1699829101562,653.9600219726562,660.6199951171875,26757,0.0,0.0
2023-02-01 10:30:00-05:00,661.0,661.0,653.1900024414062,659.6849975585938,19142,0.0,0.0
2023-02-01 11:30:00-05:00,659.5900268554688,664.4600219726562,658.969970703125,664.4600219726562,12464,0.0,0.0
2023-02-01 12:30:00-05:00,663.030029296875,666.6199951171875,660.9000244140625,664.989990234375,13185,0.0,0.0
2023-02-01 13:30:00-05:00,665.5449829101562,671.6400146484375,663.010009765625,671.6400146484375,17464,0.0,0.0
2023-02-01 14:30:00-05:00,673.5599975585938,684.530029296875,669.7000122070312,680.780029296875,44500,0.0,0.0
2023-02-01 15:30:00-05:00,681.9450073242188,686.22998046875,679.7999877929688,682.969970703125,42222,0.0,0.0
2023-02-02 09:30:00-05:00,693.6199951171875,709.2000122070312,693.6199951171875,707.1199951171875,36063,0.0,0.0
2023-02-02 10:30:00-05:00,704.030029296875,710.0,695.0599975585938,695.989990234375,46314,0.0,0.0
2023-02-02 11:30:00-05:00,695.6900024414062,696.3900146484375,690.22998046875,692.8400268554688,14412,0.0,0.0
2023-02-02 12:30:00-05:00,692.1599731445312,694.97998046875,691.25,692.5349731445312,20435,0.0,0.0
2023-02-02 13:30:00-05:00,693.3574829101562,695.030029296875,690.780029296875,690.97998046875,24700,0.0,0.0
2023-02-02 14:30:00-05:00,691.3599853515625,692.280029296875,685.27001953125,689.739990234375,27421,0.0,0.0
2023-02-02 15:30:00-05:00,691.010009765625,691.9149780273438,689.1199951171875,690.4600219726562,24900,0.0,0.0
2023-02-03 09:30:00-05:00,671.72998046875,692.2100219726562,671.72998046875,689.0250244140625,23875,0.0,0.0
2023-02-03 10:30:00-05:00,690.4600219726562,692.7899780273438,686.8499755859375,688.0499877929688,22925,0.0,0.0
2023-02-03 11:30:00-05:00,687.780029296875,692.6900024414062,681.6500244140625,688.9199829101562,42111,0.0,0.0
2023-02-03 12:30:00-05:00,688.510009765625,689.0499877929688,681.3800048828125,683.469970703125,12225,0.0,0.0
2023-02-03 13:30:00-05:00,682.6400146484375,683.0599975585938,680.5999755859375,681.9949951171875,13087,0.0,0.0
2023-02-03 14:30:00-05:00,682.47998046875,686.7000122070312,681.5999755859375,683.8900146484375,27004,0.0,0.0
2023-02-03 15:30:00-05:00,684.8699951171875,685.969970703125,679.9910278320312,681.489990234375,43675,0.0,0.0
2023-02-06 09:30:00-05:00,677.719970703125,677.719970703125,670.5599975585938,671.780029296875,16539,0.0,0.0
2023-02-06 10:30:00-05:00,671.0900268554688,675.4000244140625,669.469970703125,671.5050048828125,26902,0.0,0.0
2023-02-06 11:30:00-05:00,671.385009765625,673.14501953125,667.8200073242188,667.8200073242188,15506,0.0,0.0
2023-02-06 12:30:00-05:00,667.7999877929688,672.9400024414062,667.7999877929688,672.0800170898438,12801,0.0,0.0
2023-02-06 13:30:00-05:00,673.3300170898438,673.5,669.9500122070312,671.5800170898438,21423,0.0,0.0
2023-02-06 14:30:00-05:00,672.469970703125,673.8099975585938,670.0900268554688,670.655029296875,15249,0.0,0.0
2023-02-06 15:30:00-05:00,669.8300170898438,673.5700073242188,669.8300170898438,673.5700073242188,37727,0.0,0.0
2023-02-07 09:30:00-05:00,666.3499755859375,666.719970703125,659.385009765625,662.3699951171875,16317,0.0,0.0
2023-02-07 10:30:00-05:00,658.72998046875,661.6099853515625,657.1950073242188,661.530029296875,15300,0.0,0.0
2023-02-07 11:30:00-05:00,662.219970703125,662.5800170898438,660.3599853515625,660.3599853515625,10165,0.0,0.0
2023-02-07 12:30:00-05:00,660.8099975585938,671.3350219726562,660.0850219726562,667.1400146484375,21765,0.0,0.0
2023-02-07 13:30:00-05:00,667.1400146484375,670.4500122070312,662.022216796875,670.4500122070312,21750,0.0,0.0
2023-02-07 14:30:00-05:00,669.969970703125,676.0399780273438,669.8099975585938,675.094970703125,30623,0.0,0.0
2023-02-07 15:30:00-05:00,674.510009765625,680.8499755859375,673.5399780273438,678.2999877929688,31571,0.0,0.0
2023-02-08 09:30:00-05:00,677.4099731445312,682.469970703125,667.6500244140625,681.0599975585938,41489,0.0,0.0
2023-02-08 10:30:00-05:00,679.7899780273438,679.9400024414062,668.655029296875,669.6400146484375,24499,0.0,0.0
2023-02-08 11:30:00-05:00,670.219970703125,674.4600219726562,668.8200073242188,673.3400268554688,13386,0.0,0.0
2023-02-08 12:30:00-05:00,672.7000122070312,675.6900024414062,670.89501953125,673.219970703125,11820,0.0,0.0
2023-02-08 13:30:00-05:00,672.7349853515625,675.219970703125,672.280029296875,674.0700073242188,10388,0.0,0.0
2023-02-08 14:30:00-05:00,674.2000122070312,675.0,671.885009765625,674.0449829101562,11725,0.0,0.0
2023-02-08 15:30:00-05:00,674.0150146484375,680.8900146484375,674.0150146484375,676.5800170898438,51224,0.0,0.0
2023-02-09 09:30:00-05:00,680.4099731445312,698.989990234375,680.4099731445312,693.60498046875,42432,0.0,0.0
2023-02-09 10:30:00-05:00,692.1400146484375,694.8699951171875,683.27001953125,683.280029296875,20323,0.0,0.0
2023-02-09 11:30:00-05:00,683.2999877929688,691.8900146484375,682.8099975585938,691.114990234375,16703,0.0,0.0
2023-02-09 12:30:00-05:00,691.114990234375,691.114990234375,684.8599853515625,684.8599853515625,17886,0.0,0.0
2023-02-09 13:30:00-05:00,684.8599853515625,684.8599853515625,676.8300170898438,678.3699951171875,24630,0.0,0.0
2023-02-09 14:30:00-05:00,678.6900024414062,682.0,675.9099731445312,675.9099731445312,35956,0.0,0.0
2023-02-09 15:30:00-05:00,674.9199829101562,680.1849975585938,674.9199829101562,677.75,57946,0.0,0.0
2023-02-10 09:30:00-05:00,670.97998046875,686.239990234375,669.0399780273438,681.510009765625,23211,0.0,0.0
2023-02-10 10:30:00-05:00,680.6799926757812,683.5900268554688,678.0700073242188,678.0700073242188,24536,0.0,0.0
2023-02-10 11:30:00-05:00,678.3200073242188,679.9400024414062,675.4600219726562,675.8800048828125,22147,0.0,0.0
2023-02-10 12:30:00-05:00,676.489990234375,679.5999755859375,676.1444091796875,678.9099731445312,12537,0.0,0.0
2023-02-10 13:30:00-05:00,677.0,679.6099853515625,676.3300170898438,678.5999755859375,33828,0.0,0.0
2023-02-10 14:30:00-05:00,678.469970703125,678.5999755859375,676.8099975585938,677.844970703125,17381,0.0,0.0
2023-02-10 15:30:00-05:00,678.1099853515625,680.6199951171875,677.2000122070312,679.510009765625,24459,0.0,0.0
2023-02-13 09:30:00-05:00,691.7999877929688,698.030029296875,684.010009765625,690.8800048828125,32132,0.0,0.0
2023-02-13 10:30:00-05:00,690.3400268554688,694.6300048828125,688.280029296875,694.6300048828125,20190,0.0,0.0
2023-02-13 11:30:00-05:00,694.5499877929688,694.8499755859375,691.2750244140625,693.9400024414062,17631,0.0,0.0
2023-02-13 12:30:00-05:00,692.9600219726562,695.3400268554688,690.8099975585938,693.010009765625,13882,0.0,0.0
2023-02-13 13:30:00-05:00,693.89501953125,695.8400268554688,692.510009765625,692.719970703125,11196,0.0,0.0
2023-02-13 14:30:00-05:00,692.719970703125,697.25,691.1699829101562,693.9199829101562,15918,0.0,0.0
2023-02-13 15:30:00-05:00,694.52001953125,696.6699829101562,693.6500244140625,694.3400268554688,40965,0.0,0.0
2023-02-14 09:30:00-05:00,692.5599975585938,701.6300048828125,690.2899780273438,699.2000122070312,39327,0.0,0.0
2023-02-14 10:30:00-05:00,697.6699829101562,699.2999877929688,692.4400024414062,698.2999877929688,21705,0.0,0.0
2023-02-14 11:30:00-05:00,695.969970703125,701.0,695.1400146484375,699.2550048828125,20547,0.0,0.0
2023-02-14 12:30:00-05:00,700.0,701.510009765625,696.5800170898438,699.77001953125,19765,0.0,0.0
2023-02-14 13:30:00-05:00,699.77001953125,699.97998046875,695.7700805664062,698.4600219726562,15810,0.0,0.0
2023-02-14 14:30:00-05:00,698.60498046875,699.6300048828125,697.7100219726562,698.219970703125,12609,0.0,0.0
2023-02-14 15:30:00-05:00,697.97998046875,699.489990234375,697.3099975585938,697.6900024414062,37338,0.0,0.0
2023-02-15 09:30:00-05:00,691.3300170898438,702.0900268554688,691.3300170898438,700.4400024414062,15000,0.0,0.0
2023-02-15 10:30:00-05:00,701.0,701.8206787109375,695.5999755859375,698.9400024414062,18912,0.0,0.0
2023-02-15 11:30:00-05:00,699.1099853515625,700.0,696.4299926757812,697.8499755859375,10610,0.0,0.0
2023-02-15 12:30:00-05:00,698.2999877929688,702.0850219726562,698.2999877929688,702.0599975585938,11411,0.0,0.0
2023-02-15 13:30:00-05:00,701.6799926757812,703.8599853515625,700.2899780273438,702.1950073242188,22298,0.0,0.0
2023-02-15 14:30:00-05:00,701.4400024414062,702.6849975585938,700.405029296875,701.9199829101562,19747,0.0,0.0
2023-02-15 15:30:00-05:00,701.8599853515625,702.72998046875,698.739990234375,699.25,54259,0.0,0.0
2023-02-16 09:30:00-05:00,690.0,693.02001953125,687.239990234375,691.4600219726562,20503,0.0,0.0
2023-02-16 10:30:00-05:00,692.9450073242188,695.6400146484375,692.6500244140625,695.469970703125,11587,0.0,0.0
2023-02-16 11:30:00-05:00,695.469970703125,695.469970703125,692.260009765625,694.8099975585938,11815,0.0,0.0
2023-02-16 12:30:00-05:00,695.72998046875,696.219970703125,693.2999877929688,694.530029296875,10684,0.0,0.0
2023-02-16 13:30:00-05:00,693.8400268554688,695.719970703125,693.469970703125,695.3150024414062,13873,0.0,0.0
2023-02-16 14:30:00-05:00,695.0999755859375,695.0999755859375,689.6099853515625,690.4600219726562,21743,0.0,0.0
2023-02-16 15:30:00-05:00,689.3300170898438,691.2899780273438,687.6599731445312,687.6699829101562,46467,0.0,0.0
2023-02-17 09:30:00-05:00,674.6799926757812,687.239990234375,665.7999877929688,682.219970703125,50850,0.0,0.0
2023-02-17 10:30:00-05:00,680.9849853515625,681.6400146484375,673.5999755859375,674.3150024414062,27258,0.0,0.0
2023-02-17 11:30:00-05:00,674.2750244140625,680.010009765625,672.489990234375,676.280029296875,20121,0.0,0.0
2023-02-17 12:30:00-05:00,676.280029296875,676.280029296875,673.3099975585938,673.7349853515625,12331,0.0,0.0
2023-02-17 13:30:00-05:00,673.9199829101562,678.6199951171875,673.4299926757812,678.030029296875,10445,0.0,0.0
2023-02-17 14:30:00-05:00,678.3300170898438,680.3099975585938,674.6702270507812,678.2999877929688,27141,0.0,0.0
2023-02-17 15:30:00-05:00,678.2999877929688,683.1400146484375,677.9600219726562,682.1400146484375,37675,0.0,0.0
2023-02-21 09:30:00-05:00,667.3300170898438,676.5599975585938,667.3300170898438,674.614990234375,23630,0.0,0.0
2023-02-21 10:30:00-05:00,674.510009765625,675.4000244140625,668.2100219726562,669.7999877929688,27737,0.0,0.0
2023-02-21 11:30:00-05:00,669.4299926757812,669.72998046875,665.3400268554688,666.9249877929688,29943,0.0,0.0
2023-02-21 12:30:00-05:00,666.5,669.9000244140625,666.5,668.739990234375,15280,0.0,0.0
2023-02-21 13:30:00-05:00,668.7249755859375,668.7249755859375,663.02001953125,666.5499877929688,33309,0.0,0.0
2023-02-21 14:30:00-05:00,667.3599853515625,668.5900268554688,663.0800170898438,665.0599975585938,34305,0.0,0.0
2023-02-21 15:30:00-05:00,665.27001953125,666.739990234375,663.5999755859375,665.010009765625,28945,0.0,0.0
2023-02-22 09:30:00-05:00,666.6199951171875,666.8699951171875,661.340087890625,663.8699951171875,19193,0.0,0.0
2023-02-22 10:30:00-05:00,661.4600219726562,662.6920166015625,654.6900024414062,662.5,23964,0.0,0.0
2023-02-22 11:30:00-05:00,662.6300048828125,664.5499877929688,660.8900146484375,663.8099975585938,11627,0.0,0.0
2023-02-22 12:30:00-05:00,663.6300048828125,666.9000244140625,663.6300048828125,666.9000244140625,12095,0.0,0.0
2023-02-22 13:30:00-05:00,666.8300170898438,668.3400268554688,663.4199829101562,663.6431884765625,15288,0.0,0.0
2023-02-22 14:30:00-05:00,662.739990234375,664.1400146484375,659.52001953125,661.3699951171875,20682,0.0,0.0
2023-02-22 15:30:00-05:00,659.9400024414062,664.97998046875,658.8150024414062,663.9400024414062,38409,0.0,0.0
2023-02-23 09:30:00-05:00,666.719970703125,667.3900146484375,663.8099975585938,665.25,10558,0.0,0.0
2023-02-23 10:30:00-05:00,667.3699951171875,670.4600219726562,664.6400146484375,665.4949951171875,11229,0.0,0.0
2023-02-23 11:30:00-05:00,665.489990234375,667.0599975585938,662.5599975585938,667.0599975585938,9417,0.0,0.0
2023-02-23 12:30:00-05:00,665.7901000976562,667.0900268554688,664.1199951171875,665.5800170898438,10065,0.0,0.0
2023-02-23 13:30:00-05:00,666.2050170898438,670.3499755859375,666.1799926757812,670.3499755859375,9011,0.0,0.0
2023-02-23 14:30:00-05:00,669.5499877929688,673.2100219726562,669.5499877929688,672.6900024414062,10345,0.0,0.0
2023-02-23 15:30:00-05:00,674.530029296875,674.5399780273438,670.6699829101562,672.530029296875,16769,0.0,0.0
2023-02-24 09:30:00-05:00,659.8699951171875,666.72998046875,659.8699951171875,663.0499877929688,10702,0.0,0.0
2023-02-24 10:30:00-05:00,661.77001953125,662.344970703125,658.719970703125,661.4600219726562,11445,0.0,0.0
2023-02-24 11:30:00-05:00,663.0349731445312,665.22998046875,661.4749755859375,661.77001953125,9151,0.0,0.0
2023-02-24 12:30:00-05:00,662.739990234375,664.239990234375,661.6400146484375,662.77001953125,8973,0.0,0.0
2023-02-24 13:30:00-05:00,662.77001953125,666.3099975585938,662.77001953125,665.640380859375,7453,0.0,0.0
2023-02-24 14:30:00-05:00,665.719970703125,668.239990234375,665.719970703125,667.22998046875,10258,0.0,0.0
2023-02-24 15:30:00-05:00,667.7089233398438,667.7089233398438,662.9299926757812,665.530029296875,24225,0.0,0.0
2023-02-27 09:30:00-05:00,671.1799926757812,672.719970703125,666.4299926757812,669.6500244140625,16118,0.0,0.0
2023-02-27 10:30:00-05:00,669.6500244140625,670.739990234375,666.6699829101562,670.0700073242188,13420,0.0,0.0
2023-02-27 11:30:00-05:00,670.7000122070312,672.5,668.47998046875,668.5599975585938,9052,0.0,0.0
2023-02-27 12:30:00-05:00,669.52001953125,670.3250122070312,667.965576171875,668.719970703125,5562,0.0,0.0
2023-02-27 13:30:00-05:00,668.8599853515625,670.0,666.510009765625,668.1300048828125,8320,0.0,0.0
2023-02-27 14:30:00-05:00,667.7100219726562,670.3599853515625,667.0900268554688,670.3599853515625,12061,0.0,0.0
2023-02-27 15:30:00-05:00,670.3175048828125,671.2100219726562,668.8499755859375,670.4099731445312,29420,0.0,0.0
2023-02-28 09:30:00-05:00,671.8499755859375,677.6099853515625,671.8499755859375,675.5700073242188,29931,0.0,0.0
2023-02-28 10:30:00-05:00,675.0399780273438,680.8699951171875,673.030029296875,678.9600219726562,16103,0.0,0.0
2023-02-28 11:30:00-05:00,679.6900024414062,681.5150146484375,677.9149780273438,680.655029296875,18598,0.0,0.0
2023-02-28 12:30:00-05:00,680.0,686.739990234375,679.510009765625,686.0399780273438,17916,0.0,0.0
2023-02-28 13:30:00-05:00,686.14501953125,686.530029296875,682.5800170898438,682.6500244140625,15632,0.0,0.0
2023-02-28 14:30:00-05:00,682.969970703125,684.22998046875,682.2750244140625,683.10498046875,31724,0.0,0.0
2023-02-28 15:30:00-05:00,682.8099975585938,682.8099975585938,677.0900268554688,677.6799926757812,58499,0.0,0.0
2023-03-01 09:30:00-05:00,675.5399780273438,679.989990234375,672.4500122070312,678.72998046875,24377,0.0,0.0
2023-03-01 10:30:00-05:00,677.1799926757812,679.9450073242188,670.3200073242188,673.6099853515625,16149,0.0,0.0
2023-03-01 11:30:00-05:00,673.6599731445312,678.5850219726562,673.010009765625,676.260009765625,13962,0.0,0.0
2023-03-01 12:30:00-05:00,676.2550048828125,676.6900024414062,674.75,676.0399780273438,14926,0.0,0.0
2023-03-01 13:30:00-05:00,675.7949829101562,677.969970703125,674.3900146484375,677.2899780273438,12255,0.0,0.0
2023-03-01 14:30:00-05:00,677.0750122070312,679.8900146484375,676.9600219726562,677.8499755859375,32212,0.0,0.0
2023-03-01 15:30:00-05:00,677.510009765625,682.7899780273438,677.510009765625,682.1300048828125,38493,0.0,0.0
2023-03-02 09:30:00-05:00,681.1699829101562,683.52001953125,679.489990234375,680.1400146484375,7673,0.0,0.0
2023-03-02 10:30:00-05:00,679.760009765625,684.3400268554688,679.760009765625,682.739990234375,7903,0.0,0.0
2023-03-02 11:30:00-05:00,681.7000122070312,684.239990234375,681.7000122070312,683.510009765625,6062,0.0,0.0
2023-03-02 12:30:00-05:00,683.9099731445312,684.2550048828125,681.0999755859375,681.3400268554688,6485,0.0,0.0
2023-03-02 13:30:00-05:00,681.3499755859375,686.1599731445312,681.3499755859375,685.9000244140625,15305,0.0,0.0
2023-03-02 14:30:00-05:00,685.9500122070312,687.02001953125,684.969970703125,686.1400146484375,13277,0.0,0.0
2023-03-02 15:30:00-05:00,686.1500244140625,687.77001953125,683.8900146484375,687.510009765625,27182,0.0,0.0
2023-03-03 09:30:00-05:00,690.8400268554688,693.469970703125,688.5,691.3300170898438,13005,0.0,0.0
2023-03-03 10:30:00-05:00,692.0800170898438,696.5526733398438,691.5900268554688,696.2000122070312,14462,0.0,0.0
2023-03-03 11:30:00-05:00,696.1804809570312,699.4000244140625,695.8699951171875,698.4349975585938,25718,0.0,0.0
2023-03-03 12:30:00-05:00,698.3800048828125,702.8200073242188,697.9400024414062,701.9299926757812,17132,0.0,0.0
2023-03-03 13:30:00-05:00,703.7449951171875,706.52001953125,703.7449951171875,704.6599731445312,25762,0.0,0.0
2023-03-03 14:30:00-05:00,704.760009765625,708.5399780273438,704.3099975585938,705.260009765625,22291,0.0,0.0
2023-03-03 15:30:00-05:00,705.4450073242188,705.6500244140625,703.0599975585938,705.6500244140625,34721,0.0,0.0
2023-03-06 09:30:00-05:00,706.989990234375,709.8599853515625,697.8800048828125,709.8499755859375,52273,0.0,0.0
2023-03-06 10:30:00-05:00,710.0,711.4099731445312,706.760009765625,709.6599731445312,31353,0.0,0.0
2023-03-06 11:30:00-05:00,708.8400268554688,711.1300048828125,706.4099731445312,709.719970703125,25654,0.0,0.0
2023-03-06 12:30:00-05:00,709.719970703125,709.719970703125,705.969970703125,707.1950073242188,23592,0.0,0.0
2023-03-06 13:30:00-05:00,707.1950073242188,708.4299926757812,702.2899780273438,706.1099853515625,26210,0.0,0.0
2023-03-06 14:30:00-05:00,706.1599731445312,707.8699951171875,701.4500122070312,701.4500122070312,41007,0.0,0.0
2023-03-06 15:30:00-05:00,700.8499755859375,702.864990234375,696.8699951171875,696.9400024414062,56183,0.0,0.0
2023-03-07 09:30:00-05:00,696.5700073242188,705.0,693.4349975585938,702.385009765625,36153,0.0,0.0
2023-03-07 10:30:00-05:00,700.989990234375,704.8200073242188,700.989990234375,702.1699829101562,26129,0.0,0.0
2023-03-07 11:30:00-05:00,702.5700073242188,705.75,699.5499877929688,703.52001953125,18882,0.0,0.0
2023-03-07 12:30:00-05:00,703.5499877929688,704.8350219726562,699.030029296875,700.2999877929688,11796,0.0,0.0
2023-03-07 13:30:00-05:00,700.4249877929688,700.7999877929688,696.3300170898438,699.760009765625,14765,0.0,0.0
2023-03-07 14:30:00-05:00,699.9149780273438,701.8200073242188,697.9299926757812,700.4349975585938,27814,0.0,0.0
2023-03-07 15:30:00-05:00,700.4149780273438,702.8200073242188,699.6400146484375,702.4000244140625,34076,0.0,0.0
2023-03-08 09:30:00-05:00,701.3699951171875,705.0,689.47998046875,695.1649780273438,20874,0.0,0.0
2023-03-08 10:30:00-05:00,697.9600219726562,698.614990234375,692.9749755859375,695.1300048828125,18645,0.0,0.0
2023-03-08 11:30:00-05:00,695.6199951171875,696.8499755859375,693.6799926757812,693.9500122070312,9912,0.0,0.0
2023-03-08 12:30:00-05:00,693.8150024414062,694.4000244140625,690.9600219726562,691.4000244140625,10125,0.0,0.0
2023-03-08 13:30:00-05:00,691.5800170898438,697.0800170898438,691.0399780273438,697.0800170898438,14347,0.0,0.0
2023-03-08 14:30:00-05:00,697.3499755859375,697.4099731445312,695.1500244140625,696.8300170898438,14408,0.0,0.0
2023-03-08 15:30:00-05:00,696.8800048828125,701.3699951171875,695.9299926757812,700.3300170898438,44385,0.0,0.0
2023-03-09 09:30:00-05:00,700.9400024414062,709.7249755859375,698.2100219726562,707.885009765625,25056,0.0,0.0
2023-03-09 10:30:00-05:00,707.4099731445312,707.8099975585938,703.7100219726562,703.719970703125,24471,0.0,0.0
2023-03-09 11:30:00-05:00,704.3400268554688,711.5800170898438,703.1199951171875,711.5800170898438,20099,0.0,0.0
2023-03-09 12:30:00-05:00,710.89501953125,711.844970703125,707.72998046875,708.469970703125,16975,0.0,0.0
2023-03-09 13:30:00-05:00,708.2050170898438,709.5650024414062,702.9249877929688,706.4550170898438,24225,0.0,0.0
2023-03-09 14:30:00-05:00,705.510009765625,707.719970703125,700.6793212890625,701.9299926757812,27662,0.0,0.0
2023-03-09 15:30:00-05:00,701.3800048828125,703.7999877929688,696.3800048828125,696.3800048828125,77354,0.0,0.0
2023-03-10 09:30:00-05:00,694.0499877929688,695.7899780273438,683.3300170898438,691.239990234375,26201,0.0,0.0
2023-03-10 10:30:00-05:00,691.22998046875,703.3800048828125,691.22998046875,703.0549926757812,29227,0.0,0.0
2023-03-10 11:30:00-05:00,703.4400024414062,707.3099975585938,695.0200805664062,697.3800048828125,33896,0.0,0.0
2023-03-10 12:30:00-05:00,698.8200073242188,698.969970703125,691.989990234375,691.989990234375,19156,0.0,0.0
2023-03-10 13:30:00-05:00,691.989990234375,693.8400268554688,687.8400268554688,693.5,27015,0.0,0.0
2023-03-10 14:30:00-05:00,693.2050170898438,698.9099731445312,693.2050170898438,694.969970703125,28749,0.0,0.0
2023-03-10 15:30:00-05:00,694.5599975585938,696.3200073242188,692.22998046875,695.3099975585938,45378,0.0,0.0
2023-03-13 09:30:00-04:00,689.1199951171875,689.1199951171875,662.1900024414062,679.0,106775,0.0,0.0
2023-03-13 10:30:00-04:00,679.969970703125,693.0850219726562,679.0399780273438,682.97998046875,66519,0.0,0.0
2023-03-13 11:30:00-04:00,683.8599853515625,684.864990234375,677.8300170898438,680.5499877929688,41949,0.0,0.0
2023-03-13 12:30:00-04:00,680.75,681.0549926757812,675.1099853515625,678.3900146484375,34076,0.0,0.0
2023-03-13 13:30:00-04:00,678.75,685.7999877929688,677.780029296875,685.1900024414062,37182,0.0,0.0
2023-03-13 14:30:00-04:00,685.5,687.2050170898438,677.905029296875,678.6199951171875,52780,0.0,0.0
2023-03-13 15:30:00-04:00,679.1799926757812,684.3699951171875,678.3200073242188,682.8800048828125,92659,0.0,0.0
2023-03-14 09:30:00-04:00,691.0399780273438,708.8599853515625,690.02001953125,703.1099853515625,65999,0.0,0.0
2023-03-14 10:30:00-04:00,701.77001953125,704.3150024414062,692.5800170898438,695.0,69831,0.0,0.0
2023-03-14 11:30:00-04:00,695.5,702.75,694.6500244140625,699.6599731445312,37042,0.0,0.0
2023-03-14 12:30:00-04:00,700.8599853515625,701.9799194335938,689.094970703125,693.3599853515625,32495,0.0,0.0
2023-03-14 13:30:00-04:00,693.7100219726562,697.260009765625,690.8699951171875,694.3389892578125,19515,0.0,0.0
2023-03-14 14:30:00-04:00,695.1400146484375,696.3599853515625,691.625,694.010009765625,21088,0.0,0.0
2023-03-14 15:30:00-04:00,694.0449829101562,696.989990234375,692.7899780273438,696.7100219726562,48478,0.0,0.0
2023-03-15 09:30:00-04:00,684.1199951171875,691.5,667.9749755859375,670.47998046875,40148,0.0,0.0
2023-03-15 10:30:00-04:00,669.9149780273438,674.9000244140625,661.6599731445312,671.1500244140625,35321,0.0,0.0
2023-03-15 11:30:00-04:00,671.1799926757812,673.0800170898438,663.1849975585938,664.489990234375,37174,0.0,0.0
2023-03-15 12:30:00-04:00,664.5399780273438,664.5399780273438,659.3300170898438,664.1900024414062,29082,0.0,0.0
2023-03-15 13:30:00-04:00,664.719970703125,670.3900146484375,662.5999755859375,670.3900146484375,27919,0.0,0.0
2023-03-15 14:30:00-04:00,670.4650268554688,672.114990234375,660.2899780273438,665.8300170898438,58500,0.0,0.0
2023-03-15 15:30:00-04:00,666.3699951171875,668.2999877929688,663.8599853515625,668.2999877929688,54865,0.0,0.0
2023-03-16 09:30:00-04:00,669.4000244140625,688.4199829101562,666.5,682.4949951171875,33772,0.0,0.0
2023-03-16 10:30:00-04:00,686.5599975585938,690.4299926757812,683.8699951171875,689.9000244140625,21174,0.0,0.0
2023-03-16 11:30:00-04:00,690.5900268554688,696.1099853515625,690.2100219726562,692.3250122070312,17025,0.0,0.0
2023-03-16 12:30:00-04:00,691.75,697.6699829101562,690.5700073242188,695.9650268554688,27513,0.0,0.0
2023-03-16 13:30:00-04:00,695.9650268554688,696.9500122070312,685.3300170898438,686.2000122070312,24100,0.0,0.0
2023-03-16 14:30:00-04:00,687.010009765625,687.75,683.8699951171875,686.2000122070312,44243,0.0,0.0
2023-03-16 15:30:00-04:00,686.2000122070312,686.4400024414062,677.1199951171875,679.77001953125,103511,0.0,0.0
2023-03-17 09:30:00-04:00,677.2100219726562,693.6099853515625,676.8800048828125,676.8800048828125,47382,0.0,0.0
2023-03-17 10:30:00-04:00,674.6500244140625,676.0,665.3599853515625,666.010009765625,30517,0.0,0.0
2023-03-17 11:30:00-04:00,666.3200073242188,670.010009765625,663.3099975585938,670.010009765625,31582,0.0,0.0
2023-03-17 12:30:00-04:00,670.1699829101562,676.3699951171875,667.97998046875,675.8099975585938,28730,0.0,0.0
2023-03-17 13:30:00-04:00,676.0250244140625,676.6799926757812,670.8200073242188,671.9500122070312,26081,0.0,0.0
2023-03-17 14:30:00-04:00,671.9299926757812,674.5,668.010009765625,669.864990234375,43894,0.0,0.0
2023-03-17 15:30:00-04:00,669.9299926757812,670.0,651.0800170898438,655.0,234053,0.0,0.0
2023-03-20 09:30:00-04:00,654.5,674.52001953125,650.0,674.0599975585938,36927,0.0,0.0
2023-03-20 10:30:00-04:00,673.8900146484375,683.7000122070312,672.75,683.7000122070312,33128,0.0,0.0
2023-03-20 11:30:00-04:00,684.2000122070312,684.2000122070312,673.60009765625,677.897705078125,15730,0.0,0.0
2023-03-20 12:30:00-04:00,678.8800048828125,682.7349853515625,675.9199829101562,680.8699951171875,19208,0.0,0.0
2023-03-20 13:30:00-04:00,681.739990234375,682.3699951171875,678.8350219726562,681.5399780273438,22939,0.0,0.0
2023-03-20 14:30:00-04:00,681.655029296875,681.7000122070312,675.8099975585938,681.7000122070312,32837,0.0,0.0
2023-03-20 15:30:00-04:00,681.760009765625,684.489990234375,681.0999755859375,682.8300170898438,40937,0.0,0.0
2023-03-21 09:30:00-04:00,686.1400146484375,692.5599975585938,677.510009765625,677.510009765625,24932,0.0,0.0
2023-03-21 10:30:00-04:00,679.530029296875,680.9450073242188,676.0800170898438,680.9450073242188,17724,0.0,0.0
2023-03-21 11:30:00-04:00,681.9608764648438,684.5900268554688,680.0,680.8699951171875,22320,0.0,0.0
2023-03-21 12:30:00-04:00,681.9299926757812,687.4149780273438,680.1599731445312,685.75,28830,0.0,0.0
2023-03-21 13:30:00-04:00,686.280029296875,689.47998046875,683.7999877929688,688.0800170898438,32838,0.0,0.0
2023-03-21 14:30:00-04:00,690.0449829101562,693.780029296875,688.77001953125,692.0,16707,0.0,0.0
2023-03-21 15:30:00-04:00,692.5800170898438,700.3699951171875,692.3400268554688,696.8800048828125,62579,0.0,0.0
2023-03-22 09:30:00-04:00,694.0599975585938,695.9199829101562,689.22998046875,695.3300170898438,13225,0.0,0.0
2023-03-22 10:30:00-04:00,695.8200073242188,696.02001953125,686.6400146484375,686.6400146484375,27485,0.0,0.0
2023-03-22 11:30:00-04:00,686.905029296875,693.719970703125,686.905029296875,687.5999755859375,22004,0.0,0.0
2023-03-22 12:30:00-04:00,688.6699829101562,688.6699829101562,685.0999755859375,686.4249877929688,17617,0.0,0.0
2023-03-22 13:30:00-04:00,687.22998046875,692.47998046875,687.1300048828125,689.7100219726562,16318,0.0,0.0
2023-03-22 14:30:00-04:00,689.22998046875,696.0700073242188,683.8499755859375,689.030029296875,38090,0.0,0.0
2023-03-22 15:30:00-04:00,687.97998046875,687.97998046875,677.7100219726562,678.8099975585938,40072,0.0,0.0
2023-03-23 09:30:00-04:00,682.8499755859375,684.4500122070312,676.4600219726562,680.6699829101562,27401,0.0,0.0
2023-03-23 10:30:00-04:00,681.260009765625,688.2899780273438,680.635009765625,684.1400146484375,24477,0.0,0.0
2023-03-23 11:30:00-04:00,684.6699829101562,686.25,683.9249877929688,685.3699951171875,9645,0.0,0.0
2023-03-23 12:30:00-04:00,685.6699829101562,686.2100219726562,681.469970703125,682.8400268554688,12050,0.0,0.0
2023-03-23 13:30:00-04:00,682.8400268554688,684.1400146484375,680.7349853515625,681.7999877929688,13663,0.0,0.0
2023-03-23 14:30:00-04:00,680.1599731445312,681.469970703125,673.1199951171875,674.9400024414062,33476,0.0,0.0
2023-03-23 15:30:00-04:00,675.27001953125,682.0399780273438,675.0449829101562,680.6699829101562,66977,0.0,0.0
2023-03-24 09:30:00-04:00,677.5499877929688,684.219970703125,672.0,684.219970703125,17338,0.0,0.0
2023-03-24 10:30:00-04:00,684.97998046875,684.97998046875,677.3300170898438,677.3300170898438,19552,0.0,0.0
2023-03-24 11:30:00-04:00,675.5399780273438,683.5750122070312,675.5,677.8150024414062,11645,0.0,0.0
2023-03-24 12:30:00-04:00,678.9000244140625,684.0499877929688,678.9000244140625,683.52001953125,9121,0.0,0.0
2023-03-24 13:30:00-04:00,683.3499755859375,685.8300170898438,683.3499755859375,685.02001953125,10790,0.0,0.0
2023-03-24 14:30:00-04:00,685.4600219726562,689.47998046875,685.4600219726562,689.3250122070312,15506,0.0,0.0
2023-03-24 15:30:00-04:00,689.1799926757812,691.1500244140625,687.4924926757812,691.1500244140625,22378,0.0,0.0
2023-03-27 09:30:00-04:00,691.9500122070312,699.2999877929688,691.9500122070312,692.2999877929688,12898,0.0,0.0
2023-03-27 10:30:00-04:00,692.3049926757812,692.5150146484375,687.239990234375,689.6950073242188,32480,0.0,0.0
2023-03-27 11:30:00-04:00,689.8200073242188,692.75,689.5599975585938,692.25,12713,0.0,0.0
2023-03-27 12:30:00-04:00,691.6400146484375,691.9000244140625,690.1599731445312,691.9000244140625,15044,0.0,0.0
2023-03-27 13:30:00-04:00,692.25,694.010009765625,690.9600219726562,691.7550048828125,13113,0.0,0.0
2023-03-27 14:30:00-04:00,691.4600219726562,696.25,691.4600219726562,693.9299926757812,26668,0.0,0.0
2023-03-27 15:30:00-04:00,694.9400024414062,694.9400024414062,688.3900146484375,689.5,58546,0.0,0.0
2023-03-28 09:30:00-04:00,686.25,690.9600219726562,684.6400146484375,687.6400146484375,15501,0.0,0.0
2023-03-28 10:30:00-04:00,687.1849975585938,687.1849975585938,680.52001953125,681.489990234375,18000,0.0,0.0
2023-03-28 11:30:00-04:00,682.77001953125,683.5499877929688,679.5150146484375,679.5650024414062,15780,0.0,0.0
2023-03-28 12:30:00-04:00,678.9400024414062,679.8499755859375,674.8900146484375,676.1400146484375,18039,0.0,0.0
2023-03-28 13:30:00-04:00,676.989990234375,677.2000122070312,674.7999877929688,676.1799926757812,18584,0.0,0.0
2023-03-28 14:30:00-04:00,676.489990234375,680.969970703125,675.9400024414062,679.6900024414062,20257,0.0,0.0
2023-03-28 15:30:00-04:00,679.989990234375,680.635009765625,677.8200073242188,679.6099853515625,50471,0.0,0.0
2023-03-29 09:30:00-04:00,685.8699951171875,692.8800048828125,685.8699951171875,688.239990234375,9502,0.0,0.0
2023-03-29 10:30:00-04:00,689.4299926757812,689.4299926757812,685.5449829101562,687.3499755859375,7574,0.0,0.0
2023-03-29 11:30:00-04:00,688.3800048828125,690.1099853515625,687.8699951171875,689.3099975585938,8828,0.0,0.0
2023-03-29 12:30:00-04:00,689.25,694.489990234375,689.25,694.0599975585938,21296,0.0,0.0
2023-03-29 13:30:00-04:00,693.6799926757812,694.5399780273438,691.77001953125,693.989990234375,15472,0.0,0.0
2023-03-29 14:30:00-04:00,693.8400268554688,697.3599853515625,693.8400268554688,697.0,34003,0.0,0.0
2023-03-29 15:30:00-04:00,697.5399780273438,698.9600219726562,695.9400024414062,698.6300048828125,36953,0.0,0.0
2023-03-30 09:30:00-04:00,700.9000244140625,705.0,697.97998046875,700.530029296875,11775,0.0,0.0
2023-03-30 10:30:00-04:00,699.9401245117188,701.5,698.0,698.2899780273438,13215,0.0,0.0
2023-03-30 11:30:00-04:00,696.9299926757812,698.2100219726562,696.3200073242188,697.4400024414062,6536,0.0,0.0
2023-03-30 12:30:00-04:00,697.7349853515625,698.02001953125,694.1599731445312,695.0,12465,0.0,0.0
2023-03-30 13:30:00-04:00,694.47998046875,695.7899780273438,692.239990234375,695.7899780273438,11044,0.0,0.0
2023-03-30 14:30:00-04:00,696.14501953125,696.14501953125,693.739990234375,695.3599853515625,10152,0.0,0.0
2023-03-30 15:30:00-04:00,695.2999877929688,696.4400024414062,693.72998046875,696.4400024414062,24586,0.0,0.0
2023-03-31 09:30:00-04:00,696.4000244140625,702.156005859375,694.7100219726562,697.2750244140625,18665,0.0,0.0
2023-03-31 10:30:00-04:00,696.969970703125,699.2949829101562,696.6649780273438,697.4500122070312,22950,0.0,0.0
2023-03-31 11:30:00-04:00,698.5050048828125,699.739990234375,697.8350219726562,699.530029296875,14177,0.0,0.0
2023-03-31 12:30:00-04:00,699.2249755859375,699.2249755859375,697.8099975585938,697.8099975585938,6738,0.0,0.0
2023-03-31 13:30:00-04:00,697.3499755859375,699.9600219726562,695.6799926757812,697.6699829101562,18699,0.0,0.0
2023-03-31 14:30:00-04:00,697.6599731445312,700.719970703125,696.8300170898438,700.219970703125,41331,0.0,0.0
2023-03-31 15:30:00-04:00,700.0150146484375,703.02001953125,697.5900268554688,702.4400024414062,69028,0.0,0.0
2023-04-03 09:30:00-04:00,700.0,702.4550170898438,692.1799926757812,692.9749755859375,18287,0.0,0.0
2023-04-03 10:30:00-04:00,693.1500244140625,695.4998779296875,689.8300170898438,691.1799926757812,24802,0.0,0.0
2023-04-03 11:30:00-04:00,690.6799926757812,691.9249877929688,688.9500122070312,688.9500122070312,13526,0.0,0.0
2023-04-03 12:30:00-04:00,688.489990234375,689.4099731445312,686.8250122070312,688.3699951171875,19327,0.0,0.0
2023-04-03 13:30:00-04:00,688.7000122070312,690.0700073242188,687.5,688.9400024414062,30487,0.0,0.0
2023-04-03 14:30:00-04:00,689.5499877929688,690.8599853515625,688.0999755859375,688.510009765625,31697,0.0,0.0
2023-04-03 15:30:00-04:00,688.3800048828125,690.5700073242188,687.4849853515625,689.8499755859375,57141,0.0,0.0
2023-04-04 09:30:00-04:00,689.0800170898438,691.5,685.9099731445312,687.3900146484375,14577,0.0,0.0
2023-04-04 10:30:00-04:00,687.3200073242188,689.5,682.5900268554688,683.760009765625,17314,0.0,0.0
2023-04-04 11:30:00-04:00,683.3150024414062,688.0399780273438,682.8900146484375,686.6500244140625,30297,0.0,0.0
2023-04-04 12:30:00-04:00,687.219970703125,690.0700073242188,686.6599731445312,689.1500244140625,11161,0.0,0.0
2023-04-04 13:30:00-04:00,689.3300170898438,690.1500244140625,687.2100219726562,687.2100219726562,16533,0.0,0.0
2023-04-04 14:30:00-04:00,686.489990234375,689.5700073242188,685.280029296875,687.6699829101562,29440,0.0,0.0
2023-04-04 15:30:00-04:00,687.6199951171875,689.9000244140625,684.9600219726562,689.6799926757812,56604,0.0,0.0
2023-04-05 09:30:00-04:00,687.530029296875,693.4099731445312,682.5399780273438,682.8499755859375,8602,0.0,0.0
2023-04-05 10:30:00-04:00,683.72998046875,683.8699951171875,680.0999755859375,682.22998046875,9902,0.0,0.0
2023-04-05 11:30:00-04:00,682.2849731445312,682.7426147460938,678.489990234375,679.0700073242188,8274,0.0,0.0
2023-04-05 12:30:00-04:00,678.6500244140625,679.1599731445312,677.6099853515625,677.6099853515625,4923,0.0,0.0
2023-04-05 13:30:00-04:00,677.6699829101562,680.8599853515625,677.1599731445312,679.844970703125,9699,0.0,0.0
2023-04-05 14:30:00-04:00,680.6749877929688,682.4400024414062,678.780029296875,679.8599853515625,11029,0.0,0.0
2023-04-05 15:30:00-04:00,679.3253173828125,679.8099975585938,676.5999755859375,676.6300048828125,25008,0.0,0.0
2023-04-06 09:30:00-04:00,671.2999877929688,677.0,671.2999877929688,672.8800048828125,8931,0.0,0.0
2023-04-06 10:30:00-04:00,672.0599975585938,672.8599853515625,668.97998046875,671.9199829101562,13809,0.0,0.0
2023-04-06 11:30:00-04:00,671.5900268554688,672.8800048828125,670.75,672.75,6020,0.0,0.0
2023-04-06 12:30:00-04:00,675.1099853515625,675.1099853515625,671.719970703125,672.7698974609375,9216,0.0,0.0
2023-04-06 13:30:00-04:00,672.77001953125,673.3099975585938,670.6199951171875,672.030029296875,11888,0.0,0.0
2023-04-06 14:30:00-04:00,671.4450073242188,672.02001953125,669.510009765625,670.625,14658,0.0,0.0
2023-04-06 15:30:00-04:00,671.2100219726562,673.780029296875,671.1199951171875,672.5399780273438,30448,0.0,0.0
2023-04-10 09:30:00-04:00,668.1199951171875,670.9299926757812,664.4099731445312,665.9249877929688,11524,0.0,0.0
2023-04-10 10:30:00-04:00,666.9500122070312,675.0999755859375,666.9500122070312,673.364990234375,6522,0.0,0.0
2023-04-10 11:30:00-04:00,674.22998046875,674.22998046875,671.7249755859375,671.7249755859375,6148,0.0,0.0
2023-04-10 12:30:00-04:00,672.3099975585938,675.4099731445312,672.3099975585938,675.4099731445312,8121,0.0,0.0
2023-04-10 13:30:00-04:00,675.0,677.2630004882812,674.9000244140625,675.77001953125,10832,0.0,0.0
2023-04-10 14:30:00-04:00,676.385009765625,678.1900024414062,675.9299926757812,678.1900024414062,8077,0.0,0.0
2023-04-10 15:30:00-04:00,677.8800048828125,680.1900024414062,677.8300170898438,679.8599853515625,20392,0.0,0.0
2023-04-11 09:30:00-04:00,678.5399780273438,688.385009765625,678.5399780273438,686.3300170898438,13462,0.0,0.0
2023-04-11 10:30:00-04:00,686.0449829101562,686.0449829101562,676.8400268554688,676.8400268554688,7493,0.0,0.0
2023-04-11 11:30:00-04:00,677.3300170898438,678.8300170898438,675.3699951171875,676.3499755859375,22367,0.0,0.0
2023-04-11 12:30:00-04:00,677.0599975585938,680.1500244140625,675.8099975585938,678.9299926757812,18780,0.0,0.0
2023-04-11 13:30:00-04:00,679.2249755859375,680.1599731445312,678.6300048828125,679.4400024414062,11657,0.0,0.0
2023-04-11 14:30:00-04:00,678.7000122070312,681.3300170898438,678.5999755859375,680.6500244140625,26582,0.0,0.0
2023-04-11 15:30:00-04:00,680.9000244140625,681.0599975585938,677.1500244140625,678.8099975585938,47721,0.0,0.0
2023-04-12 09:30:00-04:00,682.3300170898438,689.9099731445312,682.3300170898438,688.9199829101562,11163,0.0,0.0
2023-04-12 10:30:00-04:00,690.1099853515625,690.1099853515625,683.8900146484375,687.6325073242188,7912,0.0,0.0
2023-04-12 11:30:00-04:00,686.47998046875,690.8900146484375,686.47998046875,689.4450073242188,6367,0.0,0.0
2023-04-12 12:30:00-04:00,687.9099731445312,690.114990234375,687.5549926757812,689.5800170898438,8994,0.0,0.0
2023-04-12 13:30:00-04:00,689.6199951171875,690.1199951171875,688.0999755859375,689.2100219726562,6596,0.0,0.0
2023-04-12 14:30:00-04:00,688.2849731445312,688.2849731445312,684.0999755859375,685.1799926757812,12251,0.0,0.0
2023-04-12 15:30:00-04:00,684.3699951171875,686.75,684.3400268554688,684.989990234375,25207,0.0,0.0
2023-04-13 09:30:00-04:00,687.0499877929688,694.1300048828125,687.0499877929688,689.1599731445312,8997,0.0,0.0
2023-04-13 10:30:00-04:00,688.5,688.5,687.0650024414062,687.0650024414062,3785,0.0,0.0
2023-04-13 11:30:00-04:00,687.3499755859375,691.125,687.3499755859375,691.125,7450,0.0,0.0
2023-04-13 12:30:00-04:00,691.1749877929688,691.6649780273438,689.8300170898438,691.260009765625,5426,0.0,0.0
2023-04-13 13:30:00-04:00,692.5999755859375,695.2000122070312,692.4824829101562,694.7449951171875,6736,0.0,0.0
2023-04-13 14:30:00-04:00,694.239990234375,698.989990234375,694.239990234375,698.1599731445312,16243,0.0,0.0
2023-04-13 15:30:00-04:00,696.4400024414062,699.219970703125,696.25,699.219970703125,32907,0.0,0.0
2023-04-14 09:30:00-04:00,695.219970703125,702.260009765625,695.219970703125,699.7249755859375,15090,0.0,0.0
2023-04-14 10:30:00-04:00,701.4749755859375,701.4749755859375,696.2000122070312,696.2000122070312,8372,0.0,0.0
2023-04-14 11:30:00-04:00,696.22998046875,699.2249755859375,695.9000244140625,698.1599731445312,10734,0.0,0.0
2023-04-14 12:30:00-04:00,697.9349975585938,697.9600219726562,696.3499755859375,697.155029296875,6352,0.0,0.0
2023-04-14 13:30:00-04:00,695.5499877929688,700.3200073242188,695.5399780273438,698.8099975585938,14869,0.0,0.0
2023-04-14 14:30:00-04:00,698.8300170898438,700.0,697.72998046875,699.22998046875,10689,0.0,0.0
2023-04-14 15:30:00-04:00,699.4400024414062,700.1649780273438,697.6599731445312,697.969970703125,40666,0.0,0.0
2023-04-17 09:30:00-04:00,700.6799926757812,703.4600219726562,692.8699951171875,692.8699951171875,12966,0.0,0.0
2023-04-17 10:30:00-04:00,692.5599975585938,696.3200073242188,689.77001953125,696.2650146484375,9138,0.0,0.0
2023-04-17 11:30:00-04:00,694.4400024414062,694.8300170898438,690.27001953125,690.3499755859375,8341,0.0,0.0
2023-04-17 12:30:00-04:00,690.0,691.25,689.27001953125,689.510009765625,11159,0.0,0.0
2023-04-17 13:30:00-04:00,689.41748046875,690.5900268554688,686.905029296875,689.989990234375,10910,0.0,0.0
2023-04-17 14:30:00-04:00,690.1400146484375,694.3200073242188,690.1400146484375,694.25,6820,0.0,0.0
2023-04-17 15:30:00-04:00,693.885009765625,696.8400268554688,692.9500122070312,696.5,21523,0.0,0.0
2023-04-18 09:30:00-04:00,700.0,702.2899780273438,693.1900024414062,693.8499755859375,10175,0.0,0.0
2023-04-18 10:30:00-04:00,694.0499877929688,697.969970703125,693.9099731445312,694.9749755859375,10580,0.0,0.0
2023-04-18 11:30:00-04:00,695.25,697.3800048828125,694.6699829101562,697.3800048828125,7563,0.0,0.0
2023-04-18 12:30:00-04:00,696.9450073242188,698.239990234375,696.4400024414062,696.4500122070312,7332,0.0,0.0
2023-04-18 13:30:00-04:00,697.5599975585938,697.9600219726562,694.8300170898438,697.1649780273438,12539,0.0,0.0
2023-04-18 14:30:00-04:00,697.8499755859375,698.6599731445312,695.9299926757812,697.5800170898438,21304,0.0,0.0
2023-04-18 15:30:00-04:00,697.530029296875,699.239990234375,697.22998046875,697.3699951171875,47817,0.0,0.0
2023-04-19 09:30:00-04:00,692.1599731445312,692.780029296875,686.0800170898438,687.52001953125,23713,0.0,0.0
2023-04-19 10:30:00-04:00,687.260009765625,693.4400024414062,687.030029296875,691.6099853515625,14074,0.0,0.0
2023-04-19 11:30:00-04:00,691.614990234375,692.5700073242188,688.8099975585938,690.0999755859375,18581,0.0,0.0
2023-04-19 12:30:00-04:00,690.7000122070312,691.3250122070312,690.4600219726562,691.0,9300,0.0,0.0
2023-04-19 13:30:00-04:00,691.0,691.9450073242188,690.72998046875,691.2100219726562,14464,0.0,0.0
2023-04-19 14:30:00-04:00,691.2949829101562,691.7150268554688,690.0599975585938,691.0449829101562,34340,0.0,0.0
2023-04-19 15:30:00-04:00,691.0474853515625,695.3200073242188,690.6900024414062,695.3099975585938,42544,0.0,0.0
2023-04-20 09:30:00-04:00,693.6500244140625,700.0,692.8699951171875,699.0999755859375,19555,0.0,0.0
2023-04-20 10:30:00-04:00,699.7899780273438,701.4199829101562,698.1400146484375,698.1400146484375,22569,0.0,0.0
2023-04-20 11:30:00-04:00,698.655029296875,699.1199951171875,696.3099975585938,698.1500244140625,18410,0.0,0.0
2023-04-20 12:30:00-04:00,698.4849853515625,700.1099853515625,697.6099853515625,698.407470703125,18542,0.0,0.0
2023-04-20 13:30:00-04:00,698.0999755859375,699.139892578125,697.010009765625,698.6950073242188,14187,0.0,0.0
2023-04-20 14:30:00-04:00,698.1599731445312,701.375,696.614990234375,700.02001953125,37389,0.0,0.0
2023-04-20 15:30:00-04:00,700.0399780273438,704.1500244140625,700.0399780273438,703.469970703125,54473,0.0,0.0
2023-04-21 09:30:00-04:00,707.6199951171875,717.530029296875,707.0599975585938,716.0050048828125,39212,0.0,0.0
2023-04-21 10:30:00-04:00,716.3800048828125,721.8499755859375,712.1199951171875,721.3400268554688,34097,0.0,0.0
2023-04-21 11:30:00-04:00,721.9000244140625,727.3300170898438,721.1212158203125,726.8109130859375,30421,0.0,0.0
2023-04-21 12:30:00-04:00,725.6300048828125,728.8499755859375,723.9199829101562,724.9500122070312,34090,0.0,0.0
2023-04-21 13:30:00-04:00,725.219970703125,725.3350219726562,722.4400024414062,722.6300048828125,28243,0.0,0.0
2023-04-21 14:30:00-04:00,722.8099975585938,722.905029296875,718.5,720.4600219726562,42517,0.0,0.0
2023-04-21 15:30:00-04:00,720.77001953125,721.635009765625,718.2999877929688,719.1400146484375,68942,0.0,0.0
2023-04-24 09:30:00-04:00,722.510009765625,726.5599975585938,716.219970703125,719.5499877929688,29694,0.0,0.0
2023-04-24 10:30:00-04:00,719.469970703125,719.469970703125,715.5,715.8900146484375,21227,0.0,0.0
2023-04-24 11:30:00-04:00,716.0800170898438,717.5,712.6500244140625,713.7335205078125,17892,0.0,0.0
2023-04-24 12:30:00-04:00,714.5599975585938,718.739990234375,713.3699951171875,715.4099731445312,21137,0.0,0.0
2023-04-24 13:30:00-04:00,714.875,718.1500244140625,714.3599853515625,718.1500244140625,28641,0.0,0.0
2023-04-24 14:30:00-04:00,718.3499755859375,719.3699951171875,715.8599853515625,716.1099853515625,19941,0.0,0.0
2023-04-24 15:30:00-04:00,715.7249755859375,717.0599975585938,712.8599853515625,713.25,60145,0.0,0.0
2023-04-25 09:30:00-04:00,711.3499755859375,714.9249877929688,708.8300170898438,711.125,22377,0.0,0.0
2023-04-25 10:30:00-04:00,711.5850219726562,715.3699951171875,711.5850219726562,712.7899780273438,26813,0.0,0.0
2023-04-25 11:30:00-04:00,712.0700073242188,712.2999877929688,709.9000244140625,710.22998046875,13821,0.0,0.0
2023-04-25 12:30:00-04:00,710.5900268554688,713.239990234375,710.010009765625,713.239990234375,22716,0.0,0.0
2023-04-25 13:30:00-04:00,712.9099731445312,713.594970703125,710.5,713.489990234375,13728,0.0,0.0
2023-04-25 14:30:00-04:00,713.6400146484375,714.5850219726562,711.739990234375,712.780029296875,32442,0.0,0.0
2023-04-25 15:30:00-04:00,713.0900268554688,713.1400146484375,708.25,709.6799926757812,64190,0.0,0.0
2023-04-26 09:30:00-04:00,710.9600219726562,711.905029296875,708.0,710.739990234375,24520,0.0,0.0
2023-04-26 10:30:00-04:00,711.3250122070312,723.4500122070312,710.77001953125,723.4450073242188,24834,0.0,0.0
2023-04-26 11:30:00-04:00,722.5900268554688,722.97998046875,720.22998046875,722.9000244140625,19966,0.0,0.0
2023-04-26 12:30:00-04:00,723.8900146484375,723.8900146484375,720.6099853515625,721.47998046875,17713,0.0,0.0
2023-04-26 13:30:00-04:00,721.469970703125,721.47998046875,716.260009765625,720.6900024414062,37660,0.0,0.0
2023-04-26 14:30:00-04:00,721.2000122070312,722.3200073242188,715.030029296875,715.6849975585938,49274,0.0,0.0
2023-04-26 15:30:00-04:00,715.9349975585938,715.9949951171875,712.5900268554688,713.8499755859375,73177,0.0,0.0
2023-04-27 09:30:00-04:00,724.1599731445312,727.1799926757812,719.1699829101562,724.0599975585938,25529,0.0,0.0
2023-04-27 10:30:00-04:00,724.719970703125,730.0499877929688,724.719970703125,730.0499877929688,25158,0.0,0.0
2023-04-27 11:30:00-04:00,731.0399780273438,732.1699829101562,727.0850219726562,729.27001953125,23853,0.0,0.0
2023-04-27 12:30:00-04:00,730.14501953125,731.72998046875,728.0700073242188,731.4600219726562,20549,0.0,0.0
2023-04-27 13:30:00-04:00,732.1950073242188,736.364990234375,730.6300048828125,731.530029296875,21815,0.0,0.0
2023-04-27 14:30:00-04:00,732.0150146484375,732.6300048828125,729.3499755859375,729.3499755859375,26397,0.0,0.0
2023-04-27 15:30:00-04:00,729.4450073242188,734.6799926757812,727.0,734.6599731445312,69147,0.0,0.0
2023-04-28 09:30:00-04:00,719.219970703125,747.6099853515625,718.219970703125,745.0399780273438,55907,0.0,0.0
2023-04-28 10:30:00-04:00,748.8200073242188,757.8099975585938,743.7000122070312,752.1099853515625,51690,0.0,0.0
2023-04-28 11:30:00-04:00,753.5399780273438,758.0,747.6849975585938,749.5250244140625,40223,0.0,0.0
2023-04-28 12:30:00-04:00,749.5250244140625,750.2550048828125,743.7525024414062,744.3400268554688,30547,0.0,0.0
2023-04-28 13:30:00-04:00,746.5800170898438,746.77001953125,739.530029296875,739.9249877929688,31841,0.0,0.0
2023-04-28 14:30:00-04:00,739.75,739.75,731.719970703125,731.780029296875,67325,0.0,0.0
2023-04-28 15:30:00-04:00,731.9450073242188,734.22998046875,727.3599853515625,728.3499755859375,87638,0.0,0.0
2023-05-01 09:30:00-04:00,726.719970703125,734.989990234375,714.6300048828125,732.2100219726562,33118,0.0,0.0
2023-05-01 10:30:00-04:00,733.72998046875,738.4199829101562,733.2999877929688,737.47998046875,16785,0.0,0.0
2023-05-01 11:30:00-04:00,738.0900268554688,747.489990234375,737.9550170898438,747.47998046875,24620,0.0,0.0
2023-05-01 12:30:00-04:00,747.75,750.7100219726562,746.3200073242188,749.780029296875,25276,0.0,0.0
2023-05-01 13:30:00-04:00,748.2924194335938,751.5800170898438,747.0499877929688,749.2550048828125,20813,0.0,0.0
2023-05-01 14:30:00-04:00,749.9400024414062,751.1799926757812,748.6599731445312,750.5900268554688,26591,0.0,0.0
2023-05-01 15:30:00-04:00,750.3300170898438,750.8900146484375,744.6599731445312,745.6799926757812,60768,0.0,0.0
2023-05-02 09:30:00-04:00,749.4400024414062,749.4400024414062,728.72998046875,728.72998046875,27002,0.0,0.0
2023-05-02 10:30:00-04:00,730.5,731.260009765625,725.2899780273438,729.3049926757812,33387,0.0,0.0
2023-05-02 11:30:00-04:00,729.969970703125,735.1199951171875,729.7249755859375,734.7349853515625,21868,0.0,0.0
2023-05-02 12:30:00-04:00,735.27001953125,735.7100219726562,728.7899780273438,730.7899780273438,16543,0.0,0.0
2023-05-02 13:30:00-04:00,730.5499877929688,738.3200073242188,730.1799926757812,738.3200073242188,20047,0.0,0.0
2023-05-02 14:30:00-04:00,738.135009765625,743.969970703125,738.0800170898438,743.280029296875,34307,0.0,0.0
2023-05-02 15:30:00-04:00,743.1300048828125,744.030029296875,737.02001953125,739.7100219726562,58615,0.0,0.0
2023-05-03 09:30:00-04:00,740.469970703125,747.54248046875,732.0999755859375,739.75,29803,0.0,0.0
2023-05-03 10:30:00-04:00,739.7100219726562,741.77001953125,733.5999755859375,741.77001953125,11811,0.0,0.0
2023-05-03 11:30:00-04:00,741.1199951171875,741.2899780273438,736.9000244140625,738.7899780273438,8938,0.0,0.0
2023-05-03 12:30:00-04:00,739.4450073242188,743.3300170898438,739.4450073242188,742.27001953125,9533,0.0,0.0
2023-05-03 13:30:00-04:00,742.655029296875,746.739990234375,740.2899780273438,745.5800170898438,16210,0.0,0.0
2023-05-03 14:30:00-04:00,743.9199829101562,756.02001953125,740.969970703125,749.7899780273438,52491,0.0,0.0
2023-05-03 15:30:00-04:00,749.905029296875,753.3300170898438,749.780029296875,752.7100219726562,101386,0.0,0.0
2023-05-04 09:30:00-04:00,748.6699829101562,760.1500244140625,748.6699829101562,758.52001953125,25242,0.0,0.0
2023-05-04 10:30:00-04:00,758.1199951171875,758.1199951171875,745.6400146484375,751.0050048828125,24652,0.0,0.0
2023-05-04 11:30:00-04:00,751.6699829101562,754.0700073242188,749.27001953125,752.1699829101562,14171,0.0,0.0
2023-05-04 12:30:00-04:00,752.4749755859375,757.010009765625,752.0700073242188,754.0,12158,0.0,0.0
2023-05-04 13:30:00-04:00,753.3499755859375,753.3499755859375,745.5,746.125,11636,0.0,0.0
2023-05-04 14:30:00-04:00,745.5599975585938,745.8099975585938,741.3135986328125,744.739990234375,27524,0.0,0.0
2023-05-04 15:30:00-04:00,744.8400268554688,746.7000122070312,736.0,736.6500244140625,68022,0.0,0.0
2023-05-05 09:30:00-04:00,739.9199829101562,743.3699951171875,736.47998046875,740.6799926757812,26091,0.0,0.0
2023-05-05 10:30:00-04:00,740.9000244140625,740.9000244140625,730.3250122070312,731.8699951171875,13993,0.0,0.0
2023-05-05 11:30:00-04:00,732.010009765625,735.6699829101562,731.4400024414062,734.9299926757812,18436,0.0,0.0
2023-05-05 12:30:00-04:00,734.344970703125,734.344970703125,730.5250244140625,732.0499877929688,10721,0.0,0.0
2023-05-05 13:30:00-04:00,733.0599975585938,733.5499877929688,731.25,732.6099853515625,7140,0.0,0.0
2023-05-05 14:30:00-04:00,733.2550048828125,733.6199951171875,731.280029296875,732.489990234375,27914,0.0,0.0
2023-05-05 15:30:00-04:00,732.4400024414062,733.0599975585938,731.1500244140625,732.2000122070312,27056,0.0,0.0
2023-05-08 09:30:00-04:00,729.5399780273438,734.2274780273438,729.5399780273438,731.8800048828125,18712,0.0,0.0
2023-05-08 10:30:00-04:00,732.8200073242188,735.6300048828125,732.469970703125,732.8099975585938,18931,0.0,0.0
2023-05-08 11:30:00-04:00,733.0999755859375,734.0750122070312,731.2899780273438,731.2899780273438,7676,0.0,0.0
2023-05-08 12:30:00-04:00,731.114990234375,733.4299926757812,731.114990234375,731.4400024414062,7403,0.0,0.0
2023-05-08 13:30:00-04:00,731.37158203125,733.3800048828125,730.0,732.47998046875,16504,0.0,0.0
2023-05-08 14:30:00-04:00,733.4000244140625,734.4000244140625,732.8599853515625,734.2100219726562,22566,0.0,0.0
2023-05-08 15:30:00-04:00,734.2100219726562,736.780029296875,732.719970703125,736.4000244140625,55500,0.0,0.0
2023-05-09 09:30:00-04:00,734.77001953125,741.8300170898438,734.77001953125,739.1900024414062,25043,0.0,0.0
2023-05-09 10:30:00-04:00,737.9600219726562,740.3699951171875,737.1599731445312,739.6099853515625,14923,0.0,0.0
2023-05-09 11:30:00-04:00,739.2999877929688,739.5599975585938,734.739990234375,735.7000122070312,9826,0.0,0.0
2023-05-09 12:30:00-04:00,735.1849975585938,737.6599731445312,735.1849975585938,736.64501953125,4027,0.0,0.0
2023-05-09 13:30:00-04:00,737.2999877929688,737.8800048828125,736.1900024414062,737.72998046875,9321,0.0,0.0
2023-05-09 14:30:00-04:00,736.530029296875,736.5800170898438,734.5150146484375,735.0399780273438,9617,0.0,0.0
2023-05-09 15:30:00-04:00,734.8599853515625,737.260009765625,733.75,737.239990234375,39063,0.0,0.0
2023-05-10 09:30:00-04:00,744.3300170898438,749.989990234375,741.4299926757812,747.0,32876,0.0,0.0
2023-05-10 10:30:00-04:00,746.1099853515625,755.4600219726562,742.989990234375,755.4600219726562,24371,0.0,0.0
2023-05-10 11:30:00-04:00,754.614990234375,757.02001953125,749.8099975585938,751.548828125,19215,0.0,0.0
2023-05-10 12:30:00-04:00,752.4000244140625,753.7949829101562,748.72998046875,749.030029296875,12211,0.0,0.0
2023-05-10 13:30:00-04:00,749.739990234375,754.97998046875,749.1500244140625,754.1199951171875,8216,0.0,0.0
2023-05-10 14:30:00-04:00,754.719970703125,756.0700073242188,753.9400024414062,755.3499755859375,15471,0.0,0.0
2023-05-10 15:30:00-04:00,755.989990234375,758.4600219726562,755.0800170898438,757.9000244140625,32844,0.0,0.0
2023-05-11 09:30:00-04:00,759.0,762.72998046875,751.0900268554688,755.6300048828125,21953,0.0,0.0
2023-05-11 10:30:00-04:00,756.8200073242188,758.0999755859375,755.0499877929688,756.5,29707,0.0,0.0
2023-05-11 11:30:00-04:00,756.3499755859375,756.6500244140625,751.4000244140625,751.4000244140625,20689,0.0,0.0
2023-05-11 12:30:00-04:00,751.9099731445312,752.9099731445312,745.8300170898438,746.260009765625,8925,0.0,0.0
2023-05-11 13:30:00-04:00,745.3900146484375,746.5,743.02001953125,745.3150024414062,10758,0.0,0.0
2023-05-11 14:30:00-04:00,745.864990234375,750.7000122070312,745.7999877929688,747.760009765625,24552,0.0,0.0
2023-05-11 15:30:00-04:00,748.1749877929688,749.3099975585938,746.260009765625,749.3099975585938,45270,0.0,0.0
2023-05-12 09:30:00-04:00,751.4099731445312,758.5899047851562,750.0599975585938,755.8699951171875,23860,0.0,0.0
2023-05-12 10:30:00-04:00,756.1300048828125,757.0700073242188,750.97998046875,755.844970703125,19752,0.0,0.0
2023-05-12 11:30:00-04:00,755.5850219726562,755.5850219726562,751.1400146484375,751.1500244140625,12316,0.0,0.0
2023-05-12 12:30:00-04:00,751.1500244140625,753.6099853515625,747.342529296875,750.344970703125,14354,0.0,0.0
2023-05-12 13:30:00-04:00,750.010009765625,750.875,743.8400268554688,744.4849853515625,19361,0.0,0.0
2023-05-12 14:30:00-04:00,744.1724853515625,746.239990234375,743.510009765625,744.219970703125,21080,0.0,0.0
2023-05-12 15:30:00-04:00,744.260009765625,745.52001953125,741.280029296875,743.8200073242188,77258,0.0,0.0
2023-05-15 09:30:00-04:00,742.5800170898438,748.1400146484375,739.6099853515625,748.1199951171875,19391,0.0,0.0
2023-05-15 10:30:00-04:00,748.489990234375,750.719970703125,746.989990234375,750.719970703125,31473,0.0,0.0
2023-05-15 11:30:00-04:00,750.64501953125,752.8200073242188,749.4450073242188,751.8350219726562,22064,0.0,0.0
2023-05-15 12:30:00-04:00,752.3499755859375,757.0549926757812,751.844970703125,756.6525268554688,13475,0.0,0.0
2023-05-15 13:30:00-04:00,757.2100219726562,757.5650024414062,755.2849731445312,755.9550170898438,18338,0.0,0.0
2023-05-15 14:30:00-04:00,755.5599975585938,755.7000122070312,751.9600219726562,752.8300170898438,24097,0.0,0.0
2023-05-15 15:30:00-04:00,753.4500122070312,757.0449829101562,752.3049926757812,756.760009765625,58537,0.0,0.0
2023-05-16 09:30:00-04:00,753.3099975585938,756.6400146484375,751.5499877929688,755.6799926757812,14038,0.0,0.0
2023-05-16 10:30:00-04:00,754.489990234375,754.510009765625,746.0,747.8699951171875,21629,0.0,0.0
2023-05-16 11:30:00-04:00,748.3599853515625,752.0,747.7050170898438,750.6500244140625,10217,0.0,0.0
2023-05-16 12:30:00-04:00,750.27001953125,753.1199951171875,750.1400146484375,751.0,14957,0.0,0.0
2023-05-16 13:30:00-04:00,751.10498046875,752.3499755859375,750.5,751.9749755859375,5520,0.0,0.0
2023-05-16 14:30:00-04:00,752.135009765625,755.4500122070312,752.135009765625,755.4500122070312,14504,0.0,0.0
2023-05-16 15:30:00-04:00,755.510009765625,755.510009765625,753.469970703125,754.0250244140625,16657,0.0,0.0
2023-05-17 09:30:00-04:00,759.739990234375,759.739990234375,748.7999877929688,748.7999877929688,16487,0.0,0.0
2023-05-17 10:30:00-04:00,750.530029296875,750.77001953125,749.010009765625,750.0250244140625,11474,0.0,0.0
2023-05-17 11:30:00-04:00,750.1900024414062,750.8250122070312,749.1599731445312,750.8250122070312,12490,0.0,0.0
2023-05-17 12:30:00-04:00,750.8300170898438,752.1400146484375,750.010009765625,751.844970703125,29958,0.0,0.0
2023-05-17 13:30:00-04:00,752.0800170898438,752.3499755859375,751.1699829101562,752.0,13181,0.0,0.0
2023-05-17 14:30:00-04:00,752.3300170898438,755.4149780273438,751.530029296875,753.7274780273438,19514,0.0,0.0
2023-05-17 15:30:00-04:00,753.7249755859375,753.7249755859375,749.0800170898438,749.4500122070312,35085,0.0,0.0
2023-05-18 09:30:00-04:00,749.0,756.1900024414062,748.1300048828125,754.97998046875,34296,0.0,0.0
2023-05-18 10:30:00-04:00,755.8099975585938,757.1475219726562,753.8900146484375,755.405029296875,17603,0.0,0.0
2023-05-18 11:30:00-04:00,755.77001953125,757.75,752.594970703125,753.4099731445312,20256,0.0,0.0
2023-05-18 12:30:00-04:00,753.5499877929688,755.219970703125,752.3200073242188,752.3200073242188,26147,0.0,0.0
2023-05-18 13:30:00-04:00,750.739990234375,756.2899780273438,750.739990234375,756.2899780273438,14298,0.0,0.0
2023-05-18 14:30:00-04:00,756.3900146484375,758.5599975585938,756.3900146484375,758.5599975585938,13857,0.0,0.0
2023-05-18 15:30:00-04:00,758.844970703125,766.1500244140625,758.2899780273438,766.1500244140625,37433,0.0,0.0
2023-05-19 09:30:00-04:00,768.0599975585938,768.7949829101562,760.219970703125,765.0999755859375,16382,0.0,0.0
2023-05-19 10:30:00-04:00,765.280029296875,765.280029296875,757.796875,757.969970703125,19325,0.0,0.0
2023-05-19 11:30:00-04:00,758.9199829101562,758.9199829101562,754.22998046875,756.8699951171875,17415,0.0,0.0
2023-05-19 12:30:00-04:00,757.0549926757812,758.72998046875,757.0549926757812,757.530029296875,16274,0.0,0.0
2023-05-19 13:30:00-04:00,757.3200073242188,757.3200073242188,754.22998046875,756.8900146484375,16412,0.0,0.0
2023-05-19 14:30:00-04:00,756.2999877929688,756.5875244140625,754.3099975585938,755.6099853515625,14401,0.0,0.0
2023-05-19 15:30:00-04:00,756.1599731445312,758.280029296875,755.6799926757812,755.77001953125,62314,0.0,0.0
2023-05-22 09:30:00-04:00,766.7000122070312,794.02001953125,760.3699951171875,787.6099853515625,52476,0.0,0.0
2023-05-22 10:30:00-04:00,788.2100219726562,788.2100219726562,780.3400268554688,781.469970703125,25340,0.0,0.0
2023-05-22 11:30:00-04:00,781.6599731445312,781.6599731445312,777.6170043945312,779.6099853515625,26450,0.0,0.0
2023-05-22 12:30:00-04:00,778.8250122070312,782.219970703125,778.4299926757812,781.4849853515625,14367,0.0,0.0
2023-05-22 13:30:00-04:00,782.760009765625,782.760009765625,778.25,779.8300170898438,23873,0.0,0.0
2023-05-22 14:30:00-04:00,778.9600219726562,779.739990234375,775.4199829101562,775.6400146484375,21081,0.0,0.0
2023-05-22 15:30:00-04:00,776.22998046875,777.260009765625,774.469970703125,776.75,50451,0.0,0.0
2023-05-23 09:30:00-04:00,769.5700073242188,777.0175170898438,769.5700073242188,771.6900024414062,17564,0.0,0.0
2023-05-23 10:30:00-04:00,770.6599731445312,770.6599731445312,767.0399780273438,767.0399780273438,17360,0.0,0.0
2023-05-23 11:30:00-04:00,766.4099731445312,767.25,765.6599731445312,765.8049926757812,28578,0.0,0.0
2023-05-23 12:30:00-04:00,765.969970703125,765.969970703125,762.6099853515625,763.0999755859375,25184,0.0,0.0
2023-05-23 13:30:00-04:00,762.7000122070312,765.52001953125,762.375,763.375,22138,0.0,0.0
2023-05-23 14:30:00-04:00,763.4000244140625,764.3150024414062,761.1199951171875,762.39501953125,42419,0.0,0.0
2023-05-23 15:30:00-04:00,762.4000244140625,762.8599853515625,759.0499877929688,760.2899780273438,62845,0.0,0.0
2023-05-24 09:30:00-04:00,758.5800170898438,759.8499755859375,749.5700073242188,749.9849853515625,19575,0.0,0.0
2023-05-24 10:30:00-04:00,750.8099975585938,757.47998046875,747.7100219726562,757.47998046875,16869,0.0,0.0
2023-05-24 11:30:00-04:00,755.9149780273438,762.0499877929688,754.8400268554688,761.7050170898438,15496,0.0,0.0
2023-05-24 12:30:00-04:00,761.3699951171875,766.3400268554688,761.3699951171875,764.4400024414062,13504,0.0,0.0
2023-05-24 13:30:00-04:00,764.7949829101562,767.219970703125,764.3300170898438,764.3300170898438,12968,0.0,0.0
2023-05-24 14:30:00-04:00,764.9600219726562,767.9650268554688,764.5499877929688,767.5800170898438,18217,0.0,0.0
2023-05-24 15:30:00-04:00,768.4400024414062,770.0,763.7100219726562,764.52001953125,34122,0.0,0.0
2023-05-25 09:30:00-04:00,773.5,777.780029296875,767.1199951171875,767.1199951171875,10636,0.0,0.0
2023-05-25 10:30:00-04:00,766.530029296875,776.344970703125,766.530029296875,774.780029296875,11051,0.0,0.0
2023-05-25 11:30:00-04:00,772.9849853515625,774.6099853515625,772.0050048828125,773.8400268554688,12687,0.0,0.0
2023-05-25 12:30:00-04:00,773.1749877929688,774.510009765625,771.5700073242188,774.5050048828125,10231,0.0,0.0
2023-05-25 13:30:00-04:00,774.8400268554688,775.2059936523438,772.9949951171875,772.9949951171875,12512,0.0,0.0
2023-05-25 14:30:00-04:00,773.0349731445312,773.5700073242188,770.6300048828125,773.1199951171875,15983,0.0,0.0
2023-05-25 15:30:00-04:00,773.0499877929688,774.3499755859375,771.8499755859375,772.8400268554688,28588,0.0,0.0
2023-05-26 09:30:00-04:00,774.7899780273438,779.4500122070312,774.7899780273438,777.0,17694,0.0,0.0
2023-05-26 10:30:00-04:00,776.2999877929688,777.760009765625,774.27001953125,776.9500122070312,37956,0.0,0.0
2023-05-26 11:30:00-04:00,776.5050048828125,782.47998046875,776.0,782.4000244140625,37481,0.0,0.0
2023-05-26 12:30:00-04:00,783.8300170898438,786.0050048828125,781.2100219726562,781.5549926757812,13351,0.0,0.0
2023-05-26 13:30:00-04:00,781.4349975585938,786.7999877929688,779.1900024414062,785.8400268554688,16236,0.0,0.0
2023-05-26 14:30:00-04:00,786.9249877929688,789.280029296875,786.6699829101562,788.5800170898438,19760,0.0,0.0
2023-05-26 15:30:00-04:00,788.8800048828125,792.219970703125,788.8800048828125,791.8350219726562,30353,0.0,0.0
2023-05-30 09:30:00-04:00,795.0,796.5,783.9600219726562,792.155029296875,25503,0.0,0.0
2023-05-30 10:30:00-04:00,790.5,792.27001953125,787.5900268554688,789.3699951171875,19749,0.0,0.0
2023-05-30 11:30:00-04:00,789.4000244140625,792.1649780273438,787.8400268554688,787.989990234375,16198,0.0,0.0
2023-05-30 12:30:00-04:00,788.1199951171875,790.7100219726562,786.3200073242188,790.7100219726562,13963,0.0,0.0
2023-05-30 13:30:00-04:00,790.1849975585938,793.9099731445312,790.1849975585938,793.9099731445312,15608,0.0,0.0
2023-05-30 14:30:00-04:00,794.2100219726562,794.9500122070312,788.9500122070312,789.7100219726562,27114,0.0,0.0
2023-05-30 15:30:00-04:00,789.7100219726562,792.1199951171875,789.1099853515625,791.0800170898438,36184,0.0,0.0
2023-05-31 09:30:00-04:00,789.8900146484375,794.97998046875,782.27001953125,783.2899780273438,20064,0.0,0.0
2023-05-31 10:30:00-04:00,782.8599853515625,786.030029296875,777.3200073242188,777.3200073242188,10494,0.0,0.0
2023-05-31 11:30:00-04:00,777.280029296875,780.3200073242188,775.1099853515625,775.4199829101562,16425,0.0,0.0
2023-05-31 12:30:00-04:00,776.4199829101562,783.3300170898438,776.4199829101562,783.2000122070312,12188,0.0,0.0
2023-05-31 13:30:00-04:00,783.8499755859375,790.0,783.8400268554688,789.1400146484375,12050,0.0,0.0
2023-05-31 14:30:00-04:00,789.260009765625,789.260009765625,784.030029296875,785.4000244140625,17045,0.0,0.0
2023-05-31 15:30:00-04:00,785.9299926757812,788.5800170898438,783.0399780273438,787.6400146484375,49794,0.0,0.0
2023-06-01 09:30:00-04:00,786.2999877929688,796.9199829101562,786.2999877929688,795.2150268554688,24932,0.0,0.0
2023-06-01 10:30:00-04:00,793.9000244140625,795.469970703125,790.3499755859375,792.8400268554688,17322,0.0,0.0
2023-06-01 11:30:00-04:00,793.9400024414062,795.7100219726562,792.3699951171875,795.260009765625,18069,0.0,0.0
2023-06-01 12:30:00-04:00,795.8300170898438,795.8300170898438,793.8800048828125,795.1849975585938,11147,0.0,0.0
2023-06-01 13:30:00-04:00,795.5,799.5,795.22998046875,797.3300170898438,18827,0.0,0.0
2023-06-01 14:30:00-04:00,796.5,799.9500122070312,796.5,797.0800170898438,21820,0.0,0.0
2023-06-01 15:30:00-04:00,797.5250244140625,797.5250244140625,791.739990234375,793.1400146484375,32608,0.0,0.0
2023-06-02 09:30:00-04:00,793.3300170898438,800.0850219726562,788.6500244140625,793.7899780273438,23754,0.0,0.0
2023-06-02 10:30:00-04:00,792.9000244140625,794.5999755859375,792.1099853515625,792.4000244140625,15152,0.0,0.0
2023-06-02 11:30:00-04:00,790.9000244140625,790.9000244140625,783.0599975585938,785.6199951171875,17010,0.0,0.0
2023-06-02 12:30:00-04:00,785.9199829101562,791.47998046875,785.27001953125,791.47998046875,17265,0.0,0.0
2023-06-02 13:30:00-04:00,791.1099853515625,791.1099853515625,783.8599853515625,787.5399780273438,19626,0.0,0.0
2023-06-02 14:30:00-04:00,787.5150146484375,791.8200073242188,787.3699951171875,789.3300170898438,19356,0.0,0.0
2023-06-02 15:30:00-04:00,790.02001953125,792.8989868164062,789.8900146484375,790.8200073242188,33590,0.0,0.0
2023-06-05 09:30:00-04:00,787.2100219726562,788.7999877929688,781.0900268554688,787.4000244140625,13270,0.0,0.0
2023-06-05 10:30:00-04:00,787.719970703125,789.6599731445312,785.25,788.3400268554688,6757,0.0,0.0
2023-06-05 11:30:00-04:00,789.8895263671875,796.1900024414062,788.0900268554688,792.9149780273438,13992,0.0,0.0
2023-06-05 12:30:00-04:00,792.9299926757812,796.6699829101562,790.5,796.1599731445312,6251,0.0,0.0
2023-06-05 13:30:00-04:00,795.0399780273438,795.7227783203125,789.2100219726562,789.2999877929688,11313,0.0,0.0
2023-06-05 14:30:00-04:00,789.625,793.1400146484375,787.260009765625,793.1400146484375,10360,0.0,0.0
2023-06-05 15:30:00-04:00,792.969970703125,794.9299926757812,791.489990234375,791.6300048828125,20845,0.0,0.0
2023-06-06 09:30:00-04:00,789.2100219726562,795.3499755859375,789.0700073242188,795.3499755859375,10806,0.0,0.0
2023-06-06 10:30:00-04:00,793.9500122070312,793.9500122070312,793.0700073242188,793.0700073242188,4411,0.0,0.0
2023-06-06 11:30:00-04:00,791.72998046875,791.72998046875,788.8499755859375,789.5800170898438,8071,0.0,0.0
2023-06-06 12:30:00-04:00,790.219970703125,790.3499755859375,786.030029296875,788.5599975585938,12018,0.0,0.0
2023-06-06 13:30:00-04:00,788.1799926757812,790.510009765625,787.72998046875,790.344970703125,16606,0.0,0.0
2023-06-06 14:30:00-04:00,790.3499755859375,792.0599975585938,789.4400024414062,791.8800048828125,16256,0.0,0.0
2023-06-06 15:30:00-04:00,792.1799926757812,794.25,789.9500122070312,790.0,51319,0.0,0.0
2023-06-07 09:30:00-04:00,789.5399780273438,797.1799926757812,762.2249755859375,763.6799926757812,52597,0.0,0.0
2023-06-07 10:30:00-04:00,764.8699951171875,766.6300048828125,760.9299926757812,764.3699951171875,47848,0.0,0.0
2023-06-07 11:30:00-04:00,765.0,765.0,752.4500122070312,752.4500122070312,36199,0.0,0.0
2023-06-07 12:30:00-04:00,752.6300048828125,759.780029296875,745.4500122070312,747.4450073242188,44293,0.0,0.0
2023-06-07 13:30:00-04:00,746.5125122070312,760.760009765625,746.5125122070312,760.5700073242188,25048,0.0,0.0
2023-06-07 14:30:00-04:00,759.6500244140625,760.760009765625,757.7000122070312,758.489990234375,17177,0.0,0.0
2023-06-07 15:30:00-04:00,758.0250244140625,759.030029296875,756.4500122070312,757.2100219726562,36932,0.0,0.0
2023-06-08 09:30:00-04:00,756.1099853515625,764.5850219726562,756.1099853515625,762.5900268554688,25166,0.0,0.0
2023-06-08 10:30:00-04:00,762.77001953125,763.7949829101562,761.2100219726562,763.77001953125,15430,0.0,0.0
2023-06-08 11:30:00-04:00,764.4199829101562,770.2100219726562,763.4400024414062,770.0538940429688,21465,0.0,0.0
2023-06-08 12:30:00-04:00,769.469970703125,769.469970703125,764.5650024414062,767.0599975585938,17688,0.0,0.0
2023-06-08 13:30:00-04:00,767.5499877929688,767.8300170898438,765.3099975585938,767.7899780273438,18529,0.0,0.0
2023-06-08 14:30:00-04:00,767.489990234375,771.010009765625,767.489990234375,769.4600219726562,18444,0.0,0.0
2023-06-08 15:30:00-04:00,769.5900268554688,769.6749877929688,762.5999755859375,767.2999877929688,58692,0.0,0.0
2023-06-09 09:30:00-04:00,769.6699829101562,779.739990234375,769.260009765625,775.2650146484375,37176,0.0,0.0
2023-06-09 10:30:00-04:00,774.7849731445312,776.72998046875,765.4000244140625,765.4000244140625,27297,0.0,0.0
2023-06-09 11:30:00-04:00,766.5999755859375,773.0,766.5999755859375,771.9849853515625,17767,0.0,0.0
2023-06-09 12:30:00-04:00,772.5399780273438,774.4349975585938,772.5399780273438,773.8499755859375,7126,0.0,0.0
2023-06-09 13:30:00-04:00,774.0399780273438,776.6400146484375,774.0399780273438,775.6875,10210,0.0,0.0
2023-06-09 14:30:00-04:00,776.22998046875,778.6799926757812,775.5800170898438,777.947021484375,16663,0.0,0.0
2023-06-09 15:30:00-04:00,778.0999755859375,778.4199829101562,773.3300170898438,775.0700073242188,51094,0.0,0.0
2023-06-12 09:30:00-04:00,782.4500122070312,791.9500122070312,779.3699951171875,781.9000244140625,18459,0.0,0.0
2023-06-12 10:30:00-04:00,782.2949829101562,785.22998046875,782.1699829101562,784.7100219726562,14153,0.0,0.0
2023-06-12 11:30:00-04:00,784.2211303710938,792.7999877929688,784.2211303710938,789.3400268554688,23212,0.0,0.0
2023-06-12 12:30:00-04:00,789.5800170898438,791.4000244140625,789.5800170898438,790.2150268554688,6473,0.0,0.0
2023-06-12 13:30:00-04:00,790.2000122070312,792.0900268554688,789.8499755859375,792.0900268554688,9162,0.0,0.0
2023-06-12 14:30:00-04:00,792.5900268554688,795.8300170898438,790.1749877929688,795.52001953125,14009,0.0,0.0
2023-06-12 15:30:00-04:00,795.9600219726562,800.4600219726562,795.739990234375,800.4500122070312,48326,0.0,0.0
2023-06-13 09:30:00-04:00,804.530029296875,804.530029296875,797.5999755859375,799.5800170898438,30398,0.0,0.0
2023-06-13 10:30:00-04:00,800.4400024414062,805.510009765625,799.85498046875,804.969970703125,15249,0.0,0.0
2023-06-13 11:30:00-04:00,804.3800048828125,805.5599975585938,801.9000244140625,802.8099975585938,9996,0.0,0.0
2023-06-13 12:30:00-04:00,801.8754272460938,806.4500122070312,801.8754272460938,804.7000122070312,7886,0.0,0.0
2023-06-13 13:30:00-04:00,805.8499755859375,805.8499755859375,801.6199951171875,801.6199951171875,9979,0.0,0.0
2023-06-13 14:30:00-04:00,801.6300048828125,804.7999877929688,799.3599853515625,802.5999755859375,17157,0.0,0.0
2023-06-13 15:30:00-04:00,802.1400146484375,802.6099853515625,799.739990234375,801.969970703125,30531,0.0,0.0
2023-06-14 09:30:00-04:00,804.0700073242188,807.0800170898438,787.2100219726562,789.9400024414062,24780,0.0,0.0
2023-06-14 10:30:00-04:00,791.5399780273438,795.8800048828125,790.4749755859375,794.655029296875,11412,0.0,0.0
2023-06-14 11:30:00-04:00,795.1900024414062,795.5549926757812,792.8499755859375,794.1950073242188,13826,0.0,0.0
2023-06-14 12:30:00-04:00,794.5150146484375,795.0750122070312,791.344970703125,791.5999755859375,12040,0.0,0.0
2023-06-14 13:30:00-04:00,792.2999877929688,792.89501953125,785.5399780273438,785.6599731445312,8873,0.0,0.0
2023-06-14 14:30:00-04:00,787.5,795.1400146484375,787.4299926757812,793.6199951171875,34172,0.0,0.0
2023-06-14 15:30:00-04:00,794.1900024414062,795.1400146484375,791.6799926757812,795.1400146484375,37763,0.0,0.0
2023-06-15 09:30:00-04:00,791.6799926757812,803.2949829101562,791.6799926757812,801.47998046875,16455,0.0,0.0
2023-06-15 10:30:00-04:00,800.6300048828125,801.4099731445312,799.3200073242188,799.719970703125,12684,0.0,0.0
2023-06-15 11:30:00-04:00,800.6900024414062,800.6900024414062,798.219970703125,799.5800170898438,11252,0.0,0.0
2023-06-15 12:30:00-04:00,799.7349853515625,801.2750244140625,799.0999755859375,800.75,6452,0.0,0.0
2023-06-15 13:30:00-04:00,800.52001953125,801.5800170898438,799.7899780273438,799.969970703125,25006,0.0,0.0
2023-06-15 14:30:00-04:00,800.0700073242188,807.4099731445312,799.969970703125,804.3200073242188,16269,0.0,0.0
2023-06-15 15:30:00-04:00,805.3599853515625,806.02001953125,801.25,802.4600219726562,30122,0.0,0.0
2023-06-16 09:30:00-04:00,809.6900024414062,815.6400146484375,805.844970703125,808.6900024414062,34957,0.0,0.0
2023-06-16 10:30:00-04:00,810.52001953125,812.6300048828125,809.3499755859375,811.010009765625,9263,0.0,0.0
2023-06-16 11:30:00-04:00,811.5700073242188,812.0,804.8900146484375,806.0999755859375,17508,0.0,0.0
2023-06-16 12:30:00-04:00,806.5050048828125,809.1599731445312,805.3499755859375,808.0,7781,0.0,0.0
2023-06-16 13:30:00-04:00,807.7100219726562,808.4299926757812,805.1599731445312,805.427490234375,6471,0.0,0.0
2023-06-16 14:30:00-04:00,803.8599853515625,804.6950073242188,799.6300048828125,800.9299926757812,10482,0.0,0.0
2023-06-16 15:30:00-04:00,801.469970703125,801.7100219726562,795.4949951171875,799.1400146484375,31042,0.0,0.0
2023-06-20 09:30:00-04:00,797.27001953125,806.6699829101562,790.3200073242188,802.0800170898438,20148,0.0,0.0
2023-06-20 10:30:00-04:00,801.3599853515625,801.6599731445312,788.9249877929688,794.8099975585938,18404,0.0,0.0
2023-06-20 11:30:00-04:00,794.469970703125,797.60498046875,792.9099731445312,797.60498046875,14025,0.0,0.0
2023-06-20 12:30:00-04:00,797.5,799.7000122070312,794.6749877929688,798.7999877929688,39573,0.0,0.0
2023-06-20 13:30:00-04:00,799.5499877929688,800.1599731445312,794.1799926757812,796.3150024414062,18679,0.0,0.0
2023-06-20 14:30:00-04:00,797.0399780273438,797.844970703125,794.47998046875,794.7999877929688,14245,0.0,0.0
2023-06-20 15:30:00-04:00,794.7999877929688,797.1749877929688,793.655029296875,794.72998046875,45412,0.0,0.0
2023-06-21 09:30:00-04:00,794.1500244140625,796.760009765625,782.4349975585938,790.0999755859375,30810,0.0,0.0
2023-06-21 10:30:00-04:00,790.4349975585938,792.6799926757812,784.6900024414062,786.6525268554688,16041,0.0,0.0
2023-06-21 11:30:00-04:00,787.72998046875,789.0449829101562,786.1699829101562,788.27001953125,8096,0.0,0.0
2023-06-21 12:30:00-04:00,787.4500122070312,789.260009765625,785.4299926757812,785.7849731445312,18025,0.0,0.0
2023-06-21 13:30:00-04:00,785.7999877929688,792.02001953125,784.5800170898438,792.02001953125,19852,0.0,0.0
2023-06-21 14:30:00-04:00,792.52001953125,794.260009765625,790.1500244140625,791.4199829101562,7656,0.0,0.0
2023-06-21 15:30:00-04:00,791.1799926757812,795.0,789.280029296875,790.260009765625,51735,0.0,0.0
2023-06-22 09:30:00-04:00,786.8400268554688,795.2349853515625,786.8400268554688,786.8599853515625,16658,0.0,0.0
2023-06-22 10:30:00-04:00,786.1699829101562,786.1699829101562,778.6500244140625,783.3800048828125,19285,0.0,0.0
2023-06-22 11:30:00-04:00,783.6199951171875,786.9299926757812,783.364990234375,786.5599975585938,8857,0.0,0.0
2023-06-22 12:30:00-04:00,787.2849731445312,787.2849731445312,782.2550048828125,782.2550048828125,9077,0.0,0.0
2023-06-22 13:30:00-04:00,784.6300048828125,787.3699951171875,784.6300048828125,786.10498046875,8779,0.0,0.0
2023-06-22 14:30:00-04:00,785.219970703125,786.4249877929688,784.4299926757812,786.1599731445312,10591,0.0,0.0
2023-06-22 15:30:00-04:00,785.969970703125,788.0050048828125,785.54248046875,786.5900268554688,32791,0.0,0.0
2023-06-23 09:30:00-04:00,779.7899780273438,783.1875,770.5800170898438,778.9500122070312,15891,0.0,0.0
2023-06-23 10:30:00-04:00,779.3099975585938,783.0999755859375,778.760009765625,779.1799926757812,16449,0.0,0.0
2023-06-23 11:30:00-04:00,780.0399780273438,782.6599731445312,778.4299926757812,781.1400146484375,11530,0.0,0.0
2023-06-23 12:30:00-04:00,780.5999755859375,783.260009765625,779.8499755859375,780.6500244140625,16967,0.0,0.0
2023-06-23 13:30:00-04:00,781.9199829101562,782.7650146484375,779.2100219726562,781.3400268554688,12831,0.0,0.0
2023-06-23 14:30:00-04:00,780.9375,782.5349731445312,778.2849731445312,779.239990234375,27077,0.0,0.0
2023-06-23 15:30:00-04:00,779.4000244140625,780.1199951171875,775.1300048828125,776.5900268554688,60628,0.0,0.0
2023-06-26 09:30:00-04:00,772.5900268554688,780.97998046875,772.5900268554688,776.7550048828125,11564,0.0,0.0
2023-06-26 10:30:00-04:00,775.7100219726562,778.125,775.5250244140625,777.9099731445312,7880,0.0,0.0
2023-06-26 11:30:00-04:00,777.1099853515625,777.9099731445312,772.7899780273438,773.7650146484375,13582,0.0,0.0
2023-06-26 12:30:00-04:00,772.8300170898438,773.75,770.5800170898438,772.510009765625,13485,0.0,0.0
2023-06-26 13:30:00-04:00,772.2849731445312,773.6599731445312,768.9099731445312,769.344970703125,14288,0.0,0.0
2023-06-26 14:30:00-04:00,770.8049926757812,773.0650024414062,770.8049926757812,772.5,12015,0.0,0.0
2023-06-26 15:30:00-04:00,772.2000122070312,774.3389892578125,768.1599731445312,768.97998046875,34514,0.0,0.0
2023-06-27 09:30:00-04:00,768.47998046875,774.7449951171875,765.6199951171875,765.8599853515625,25861,0.0,0.0
2023-06-27 10:30:00-04:00,764.8300170898438,767.510009765625,764.8099975585938,767.35498046875,12585,0.0,0.0
2023-06-27 11:30:00-04:00,769.8499755859375,771.4299926757812,769.0499877929688,770.75,19220,0.0,0.0
2023-06-27 12:30:00-04:00,770.1699829101562,770.760009765625,764.489990234375,764.489990234375,16789,0.0,0.0
2023-06-27 13:30:00-04:00,767.1300048828125,770.75,767.1300048828125,770.75,11593,0.0,0.0
2023-06-27 14:30:00-04:00,771.8900146484375,778.2999877929688,771.2150268554688,778.2999877929688,15987,0.0,0.0
2023-06-27 15:30:00-04:00,778.2449951171875,778.2449951171875,772.510009765625,775.4500122070312,47418,0.0,0.0
2023-06-28 09:30:00-04:00,774.5800170898438,786.3200073242188,773.5,779.9500122070312,21007,0.0,0.0
2023-06-28 10:30:00-04:00,781.3300170898438,792.77001953125,779.8900146484375,792.4199829101562,22112,0.0,0.0
2023-06-28 11:30:00-04:00,792.4100952148438,799.6099853515625,792.4100952148438,794.0700073242188,21381,0.0,0.0
2023-06-28 12:30:00-04:00,791.9000244140625,791.9000244140625,788.47998046875,788.9550170898438,9342,0.0,0.0
2023-06-28 13:30:00-04:00,789.0399780273438,790.6500244140625,786.1599731445312,786.1599731445312,11874,0.0,0.0
2023-06-28 14:30:00-04:00,786.5225830078125,786.5225830078125,783.760009765625,784.7999877929688,12333,0.0,0.0
2023-06-28 15:30:00-04:00,785.2550048828125,788.0900268554688,784.1900024414062,788.0900268554688,33987,0.0,0.0
2023-06-29 09:30:00-04:00,789.6900024414062,796.239990234375,786.5150146484375,790.3699951171875,9353,0.0,0.0
2023-06-29 10:30:00-04:00,790.47998046875,792.875,789.8250122070312,792.875,7344,0.0,0.0
2023-06-29 11:30:00-04:00,794.0449829101562,796.969970703125,793.5900268554688,796.969970703125,7154,0.0,0.0
2023-06-29 12:30:00-04:00,797.489990234375,797.489990234375,794.0999755859375,795.0050048828125,6112,0.0,0.0
2023-06-29 13:30:00-04:00,795.010009765625,796.4199829101562,793.4949951171875,794.0050048828125,8450,0.0,0.0
2023-06-29 14:30:00-04:00,794.7100219726562,795.3900146484375,793.2449951171875,795.3900146484375,7295,0.0,0.0
2023-06-29 15:30:00-04:00,795.219970703125,797.5700073242188,794.8400268554688,796.8099975585938,26423,0.0,0.0
2023-06-30 09:30:00-04:00,805.4400024414062,811.9600219726562,805.4400024414062,808.6099853515625,14937,0.0,0.0
2023-06-30 10:30:00-04:00,807.2100219726562,814.1699829101562,806.280029296875,812.7125244140625,18387,0.0,0.0
2023-06-30 11:30:00-04:00,812.7050170898438,812.7050170898438,808.8300170898438,811.0150146484375,10619,0.0,0.0
2023-06-30 12:30:00-04:00,811.0999755859375,815.1799926757812,810.0599975585938,813.6649780273438,12574,0.0,0.0
2023-06-30 13:30:00-04:00,813.010009765625,814.739990234375,811.780029296875,811.780029296875,9080,0.0,0.0
2023-06-30 14:30:00-04:00,810.594970703125,814.3400268554688,810.594970703125,814.3400268554688,14882,0.0,0.0
2023-06-30 15:30:00-04:00,814.02001953125,814.02001953125,809.1099853515625,809.2999877929688,33407,0.0,0.0
2023-07-03 09:30:00-04:00,805.9000244140625,811.0999755859375,790.510009765625,793.1400146484375,16747,0.0,0.0
2023-07-03 10:30:00-04:00,796.8300170898438,796.9600219726562,794.0700073242188,795.375,14592,0.0,0.0
2023-07-03 11:30:00-04:00,794.4400024414062,795.4500122070312,793.25,794.8400268554688,13454,0.0,0.0
2023-07-05 09:30:00-04:00,790.0800170898438,798.6699829101562,790.0800170898438,796.1300048828125,8861,0.0,0.0
2023-07-05 10:30:00-04:00,795.9199829101562,795.9199829101562,793.8599853515625,794.9650268554688,7182,0.0,0.0
2023-07-05 11:30:00-04:00,791.2100219726562,791.2100219726562,791.2100219726562,791.2100219726562,2340,0.0,0.0
2023-07-05 12:30:00-04:00,792.4099731445312,795.3699951171875,792.3400268554688,794.6900024414062,5413,0.0,0.0
2023-07-05 13:30:00-04:00,793.5900268554688,793.5900268554688,790.0800170898438,790.0800170898438,6688,0.0,0.0
2023-07-05 14:30:00-04:00,788.8900146484375,792.989990234375,788.8900146484375,792.8699951171875,20129,0.0,0.0
2023-07-05 15:30:00-04:00,792.5700073242188,795.198974609375,791.2000122070312,791.219970703125,30213,0.0,0.0
2023-07-06 09:30:00-04:00,787.75,787.75,776.97998046875,784.3099975585938,14996,0.0,0.0
2023-07-06 10:30:00-04:00,783.9500122070312,783.9500122070312,776.7999877929688,777.4901123046875,13583,0.0,0.0
2023-07-06 11:30:00-04:00,778.7999877929688,779.3699951171875,776.6300048828125,778.75,10222,0.0,0.0
2023-07-06 12:30:00-04:00,779.7999877929688,780.280029296875,777.719970703125,780.1699829101562,15169,0.0,0.0
2023-07-06 13:30:00-04:00,780.2000122070312,781.27001953125,778.22998046875,778.22998046875,22737,0.0,0.0
2023-07-06 14:30:00-04:00,778.8400268554688,782.5900268554688,778.8400268554688,782.3900146484375,13046,0.0,0.0
2023-07-06 15:30:00-04:00,781.760009765625,783.4249877929688,781.47998046875,782.3300170898438,29961,0.0,0.0
2023-07-07 09:30:00-04:00,781.6799926757812,791.530029296875,781.6799926757812,790.0599975585938,13749,0.0,0.0
2023-07-07 10:30:00-04:00,788.8300170898438,789.969970703125,787.8499755859375,787.9650268554688,8899,0.0,0.0
2023-07-07 11:30:00-04:00,788.02001953125,792.5599975585938,787.1900024414062,792.5599975585938,12249,0.0,0.0
2023-07-07 12:30:00-04:00,796.1900024414062,796.760009765625,794.6300048828125,795.5499877929688,6749,0.0,0.0
2023-07-07 13:30:00-04:00,795.8499755859375,796.7999877929688,794.5599975585938,796.0499877929688,9162,0.0,0.0
2023-07-07 14:30:00-04:00,796.7750244140625,798.1300048828125,795.0800170898438,795.4600219726562,12596,0.0,0.0
2023-07-07 15:30:00-04:00,795.8900146484375,796.3599853515625,792.4299926757812,794.6900024414062,31642,0.0,0.0
2023-07-10 09:30:00-04:00,792.469970703125,802.7949829101562,792.469970703125,800.8150024414062,12261,0.0,0.0
2023-07-10 10:30:00-04:00,801.9099731445312,802.0,797.1649780273438,799.0850219726562,17293,0.0,0.0
2023-07-10 11:30:00-04:00,800.5599975585938,805.760009765625,799.030029296875,805.2999877929688,18180,0.0,0.0
2023-07-10 12:30:00-04:00,804.739990234375,805.3800048828125,803.75,804.7949829101562,11873,0.0,0.0
2023-07-10 13:30:00-04:00,803.9400024414062,806.4000244140625,803.635009765625,806.1699829101562,10533,0.0,0.0
2023-07-10 14:30:00-04:00,806.9000244140625,810.6400146484375,805.8200073242188,805.9400024414062,15462,0.0,0.0
2023-07-10 15:30:00-04:00,805.7100219726562,805.72998046875,801.1099853515625,802.8099975585938,52180,0.0,0.0
2023-07-11 09:30:00-04:00,802.72998046875,802.72998046875,800.3499755859375,800.9400024414062,9704,0.0,0.0
2023-07-11 10:30:00-04:00,802.22998046875,803.4500122070312,799.9000244140625,799.9000244140625,8191,0.0,0.0
2023-07-11 11:30:00-04:00,799.9949951171875,804.7000122070312,799.1799926757812,801.739990234375,8682,0.0,0.0
2023-07-11 12:30:00-04:00,802.1599731445312,803.8499755859375,802.0349731445312,802.989990234375,3862,0.0,0.0
2023-07-11 13:30:00-04:00,803.1649780273438,803.9949951171875,801.385009765625,801.9400024414062,7016,0.0,0.0
2023-07-11 14:30:00-04:00,801.6699829101562,806.8499755859375,800.2100219726562,806.8099975585938,10715,0.0,0.0
2023-07-11 15:30:00-04:00,807.02001953125,810.4400024414062,806.3599853515625,807.7899780273438,41724,0.0,0.0
2023-07-12 09:30:00-04:00,815.5399780273438,815.5399780273438,809.6599731445312,811.4000244140625,8410,0.0,0.0
2023-07-12 10:30:00-04:00,810.9400024414062,810.9400024414062,808.5549926757812,809.0800170898438,7243,0.0,0.0
2023-07-12 11:30:00-04:00,807.135009765625,807.52001953125,805.72998046875,807.3400268554688,5280,0.0,0.0
2023-07-12 12:30:00-04:00,806.3900146484375,807.3699951171875,804.280029296875,805.280029296875,9368,0.0,0.0
2023-07-12 13:30:00-04:00,810.6699829101562,810.6699829101562,808.3800048828125,809.3400268554688,5211,0.0,0.0
2023-07-12 14:30:00-04:00,809.5499877929688,812.489990234375,809.010009765625,810.4299926757812,10216,0.0,0.0
2023-07-12 15:30:00-04:00,810.85498046875,815.0,810.0999755859375,812.0,29872,0.0,0.0
2023-07-13 09:30:00-04:00,814.8900146484375,817.3800048828125,809.2899780273438,809.2899780273438,16942,0.0,0.0
2023-07-13 10:30:00-04:00,809.1500244140625,812.5,808.489990234375,812.5,16223,0.0,0.0
2023-07-13 11:30:00-04:00,813.1699829101562,813.3400268554688,811.5599975585938,812.4749755859375,9340,0.0,0.0
2023-07-13 12:30:00-04:00,812.1799926757812,813.8099975585938,811.1300048828125,812.9600219726562,8941,0.0,0.0
2023-07-13 13:30:00-04:00,812.1900024414062,815.25,812.1900024414062,815.25,8301,0.0,0.0
2023-07-13 14:30:00-04:00,815.1599731445312,815.1599731445312,811.8250122070312,812.469970703125,8510,0.0,0.0
2023-07-13 15:30:00-04:00,813.4149780273438,813.6649780273438,810.52001953125,810.6599731445312,14475,0.0,0.0
2023-07-14 09:30:00-04:00,811.2999877929688,815.7899780273438,811.2000122070312,814.3300170898438,9453,0.0,0.0
2023-07-14 10:30:00-04:00,813.6400146484375,816.951904296875,810.47998046875,816.1300048828125,13611,0.0,0.0
2023-07-14 11:30:00-04:00,817.5700073242188,823.6400146484375,816.3300170898438,821.739990234375,17987,0.0,0.0
2023-07-14 12:30:00-04:00,822.2750244140625,823.0700073242188,815.5700073242188,818.6400146484375,8756,0.0,0.0
2023-07-14 13:30:00-04:00,818.8800048828125,824.0900268554688,818.8800048828125,824.010009765625,11098,0.0,0.0
2023-07-14 14:30:00-04:00,820.719970703125,823.8900146484375,819.2550048828125,823.8900146484375,20122,0.0,0.0
2023-07-14 15:30:00-04:00,824.2899780273438,824.9400024414062,821.875,824.9199829101562,23985,0.0,0.0
2023-07-17 09:30:00-04:00,825.7899780273438,836.2999877929688,825.6099853515625,833.1699829101562,12048,0.0,0.0
2023-07-17 10:30:00-04:00,834.1500244140625,837.280029296875,830.3900146484375,837.1900024414062,12596,0.0,0.0
2023-07-17 11:30:00-04:00,836.5800170898438,839.655029296875,836.2899780273438,839.655029296875,9361,0.0,0.0
2023-07-17 12:30:00-04:00,838.6400146484375,840.7100219726562,836.155029296875,836.9550170898438,7997,0.0,0.0
2023-07-17 13:30:00-04:00,838.030029296875,838.1799926757812,834.9949951171875,837.3800048828125,9587,0.0,0.0
2023-07-17 14:30:00-04:00,835.27001953125,836.5599975585938,834.1599731445312,836.1300048828125,10047,0.0,0.0
2023-07-17 15:30:00-04:00,836.030029296875,839.22998046875,834.6400146484375,836.8049926757812,51428,0.0,0.0
2023-07-18 09:30:00-04:00,836.3300170898438,840.2570190429688,828.85009765625,836.0499877929688,12073,0.0,0.0
2023-07-18 10:30:00-04:00,835.6099853515625,839.969970703125,835.6099853515625,837.3599853515625,11733,0.0,0.0
2023-07-18 11:30:00-04:00,836.9949951171875,838.3599853515625,835.4450073242188,837.0700073242188,6541,0.0,0.0
2023-07-18 12:30:00-04:00,836.47998046875,836.8800048828125,835.010009765625,835.010009765625,4805,0.0,0.0
2023-07-18 13:30:00-04:00,836.02001953125,840.6099853515625,834.2999877929688,836.4099731445312,11942,0.0,0.0
2023-07-18 14:30:00-04:00,837.1900024414062,845.4400024414062,836.010009765625,845.0399780273438,18091,0.0,0.0
2023-07-18 15:30:00-04:00,845.6199951171875,847.5599975585938,842.0,842.9600219726562,48756,0.0,0.0
2023-07-19 09:30:00-04:00,847.0599975585938,849.3699951171875,828.260009765625,830.0,18524,0.0,0.0
2023-07-19 10:30:00-04:00,827.2000122070312,841.0430297851562,825.75,841.0430297851562,13575,0.0,0.0
2023-07-19 11:30:00-04:00,840.97998046875,840.97998046875,835.510009765625,835.510009765625,6703,0.0,0.0
2023-07-19 12:30:00-04:00,835.6500244140625,837.5800170898438,832.8499755859375,832.8499755859375,8932,0.0,0.0
2023-07-19 13:30:00-04:00,833.25,838.719970703125,832.969970703125,835.010009765625,11034,0.0,0.0
2023-07-19 14:30:00-04:00,835.7899780273438,839.8900146484375,834.510009765625,839.8900146484375,10698,0.0,0.0
2023-07-19 15:30:00-04:00,839.3250122070312,847.3300170898438,839.3250122070312,844.8599853515625,59046,0.0,0.0
2023-07-20 09:30:00-04:00,842.3599853515625,843.9249877929688,828.9400024414062,834.85498046875,18663,0.0,0.0
2023-07-20 10:30:00-04:00,833.1199951171875,844.3200073242188,832.364990234375,844.3150024414062,19693,0.0,0.0
2023-07-20 11:30:00-04:00,845.9000244140625,852.1799926757812,845.7100219726562,849.8499755859375,38636,0.0,0.0
2023-07-20 12:30:00-04:00,850.739990234375,852.8049926757812,846.8200073242188,847.2000122070312,19502,0.0,0.0
2023-07-20 13:30:00-04:00,847.3200073242188,855.5599975585938,847.3200073242188,850.9299926757812,23384,0.0,0.0
2023-07-20 14:30:00-04:00,851.3699951171875,855.0499877929688,850.219970703125,853.7999877929688,32388,0.0,0.0
2023-07-20 15:30:00-04:00,854.9500122070312,856.469970703125,852.1500244140625,852.1500244140625,54276,0.0,0.0
2023-07-21 09:30:00-04:00,858.8499755859375,860.0,845.2000122070312,849.469970703125,21281,0.0,0.0
2023-07-21 10:30:00-04:00,849.6900024414062,854.2100219726562,849.1300048828125,852.6400146484375,15963,0.0,0.0
2023-07-21 11:30:00-04:00,850.3800048828125,850.3800048828125,844.27001953125,844.3400268554688,6311,0.0,0.0
2023-07-21 12:30:00-04:00,844.3150024414062,846.9600219726562,838.989990234375,846.9600219726562,13020,0.0,0.0
2023-07-21 13:30:00-04:00,846.3300170898438,846.8350219726562,843.8900146484375,844.1400146484375,7338,0.0,0.0
2023-07-21 14:30:00-04:00,844.8350219726562,845.875,841.7550048828125,842.969970703125,11528,0.0,0.0
2023-07-21 15:30:00-04:00,843.5900268554688,846.1400146484375,842.9650268554688,844.719970703125,28395,0.0,0.0
2023-07-24 09:30:00-04:00,850.4600219726562,859.510009765625,831.27001953125,837.1699829101562,24191,0.0,0.0
2023-07-24 10:30:00-04:00,836.010009765625,840.5814819335938,833.6199951171875,836.9949951171875,11166,0.0,0.0
2023-07-24 11:30:00-04:00,837.010009765625,837.010009765625,829.7999877929688,830.39501953125,15672,0.0,0.0
2023-07-24 12:30:00-04:00,830.39501953125,833.2999877929688,826.625,832.3150024414062,22811,0.0,0.0
2023-07-24 13:30:00-04:00,831.5,833.0640869140625,830.72998046875,832.0499877929688,13155,0.0,0.0
2023-07-24 14:30:00-04:00,833.219970703125,836.9199829101562,832.3200073242188,836.9199829101562,14804,0.0,0.0
2023-07-24 15:30:00-04:00,836.8300170898438,836.8300170898438,832.0499877929688,834.5900268554688,29380,0.0,0.0
2023-07-25 09:30:00-04:00,830.1799926757812,841.27001953125,830.0,840.739990234375,25234,0.0,0.0
2023-07-25 10:30:00-04:00,839.6300048828125,854.72998046875,839.1300048828125,851.9000244140625,25696,0.0,0.0
2023-07-25 11:30:00-04:00,853.1950073242188,857.3300170898438,852.8400268554688,857.14501953125,18690,0.0,0.0
2023-07-25 12:30:00-04:00,857.1300048828125,857.2100219726562,854.0999755859375,856.260009765625,10546,0.0,0.0
2023-07-25 13:30:00-04:00,856.1599731445312,856.1599731445312,848.9400024414062,854.77001953125,18988,0.0,0.0
2023-07-25 14:30:00-04:00,855.25,858.739990234375,854.3250122070312,857.0999755859375,28469,0.0,0.0
2023-07-25 15:30:00-04:00,857.2899780273438,858.3400268554688,852.4299926757812,852.47998046875,57096,0.0,0.0
2023-07-26 09:30:00-04:00,850.5599975585938,854.2249755859375,845.0,846.5999755859375,27454,0.0,0.0
2023-07-26 10:30:00-04:00,846.9099731445312,848.5900268554688,833.030029296875,838.219970703125,26574,0.0,0.0
2023-07-26 11:30:00-04:00,836.0924072265625,837.0399780273438,831.5,832.8099975585938,25179,0.0,0.0
2023-07-26 12:30:00-04:00,831.5599975585938,836.75,829.239990234375,834.719970703125,34623,0.0,0.0
2023-07-26 13:30:00-04:00,835.49609375,837.4099731445312,832.5700073242188,837.0900268554688,27629,0.0,0.0
2023-07-26 14:30:00-04:00,837.0,839.8599853515625,830.77001953125,833.3699951171875,30169,0.0,0.0
2023-07-26 15:30:00-04:00,832.25,834.72998046875,830.5075073242188,834.72998046875,43008,0.0,0.0
2023-07-27 09:30:00-04:00,843.1199951171875,849.1099853515625,831.260009765625,831.6099853515625,28805,0.0,0.0
2023-07-27 10:30:00-04:00,832.510009765625,842.263671875,832.25,836.469970703125,40740,0.0,0.0
2023-07-27 11:30:00-04:00,837.3049926757812,837.3049926757812,833.7550048828125,834.6749877929688,8613,0.0,0.0
2023-07-27 12:30:00-04:00,833.77001953125,835.1300048828125,832.77001953125,833.3099975585938,18083,0.0,0.0
2023-07-27 13:30:00-04:00,833.239990234375,835.5800170898438,831.510009765625,831.510009765625,14708,0.0,0.0
2023-07-27 14:30:00-04:00,829.5,829.5,821.4099731445312,821.9199829101562,27608,0.0,0.0
2023-07-27 15:30:00-04:00,822.5,823.4099731445312,815.6300048828125,820.3400268554688,87549,0.0,0.0
2023-07-28 09:30:00-04:00,829.1900024414062,835.4000244140625,819.530029296875,819.530029296875,13427,0.0,0.0
2023-07-28 10:30:00-04:00,820.6900024414062,825.125,820.6900024414062,821.85498046875,15146,0.0,0.0
2023-07-28 11:30:00-04:00,822.989990234375,825.0900268554688,821.6400146484375,823.8900146484375,10798,0.0,0.0
2023-07-28 12:30:00-04:00,824.239990234375,826.260009765625,823.719970703125,825.760009765625,6428,0.0,0.0
2023-07-28 13:30:00-04:00,826.6300048828125,828.6500244140625,825.5150146484375,826.9450073242188,12441,0.0,0.0
2023-07-28 14:30:00-04:00,827.1599731445312,828.0,826.3300170898438,826.4000244140625,8649,0.0,0.0
2023-07-28 15:30:00-04:00,826.3599853515625,826.780029296875,822.8099975585938,825.1400146484375,44191,0.0,0.0
2023-07-31 09:30:00-04:00,830.0,832.1199951171875,825.1900024414062,830.0700073242188,8274,0.0,0.0
2023-07-31 10:30:00-04:00,829.5999755859375,834.5999755859375,827.135009765625,834.3800048828125,15676,0.0,0.0
2023-07-31 11:30:00-04:00,834.8099975585938,834.8099975585938,832.2999877929688,833.3499755859375,6709,0.0,0.0
2023-07-31 12:30:00-04:00,833.5399780273438,833.5399780273438,831.6900024414062,832.1900024414062,5032,0.0,0.0
2023-07-31 13:30:00-04:00,831.9199829101562,834.239990234375,831.9199829101562,833.0,6129,0.0,0.0
2023-07-31 14:30:00-04:00,832.239990234375,833.1799926757812,830.2000122070312,830.2000122070312,10698,0.0,0.0
2023-07-31 15:30:00-04:00,830.5999755859375,838.010009765625,830.280029296875,837.97998046875,35481,0.0,0.0
2023-08-01 09:30:00-04:00,835.4299926757812,835.4299926757812,827.5499877929688,830.4000244140625,24532,0.0,0.0
2023-08-01 10:30:00-04:00,830.3699951171875,837.530029296875,829.030029296875,834.6749877929688,19857,0.0,0.0
2023-08-01 11:30:00-04:00,834.0399780273438,834.0399780273438,831.030029296875,831.030029296875,9316,0.0,0.0
2023-08-01 12:30:00-04:00,831.5999755859375,832.3699951171875,829.5,830.2249755859375,7765,0.0,0.0
2023-08-01 13:30:00-04:00,829.4400024414062,831.010009765625,827.9572143554688,827.9572143554688,17541,0.0,0.0
2023-08-01 14:30:00-04:00,828.8049926757812,829.0059814453125,826.8300170898438,828.5700073242188,12739,0.0,0.0
2023-08-01 15:30:00-04:00,828.405029296875,830.4000244140625,826.6950073242188,830.3900146484375,43574,0.0,0.0
2023-08-02 09:30:00-04:00,821.2100219726562,821.2100219726562,810.260009765625,810.9000244140625,33296,0.0,0.0
2023-08-02 10:30:00-04:00,811.0599975585938,816.2100219726562,810.5800170898438,814.9299926757812,23202,0.0,0.0
2023-08-02 11:30:00-04:00,813.3699951171875,819.8099975585938,813.239990234375,814.4249877929688,23831,0.0,0.0
2023-08-02 12:30:00-04:00,812.8150024414062,821.8499755859375,812.0800170898438,821.010009765625,21159,0.0,0.0
2023-08-02 13:30:00-04:00,820.3800048828125,822.6500244140625,817.9000244140625,819.969970703125,18790,0.0,0.0
2023-08-02 14:30:00-04:00,821.1400146484375,822.4000244140625,817.22998046875,818.2349853515625,25064,0.0,0.0
2023-08-02 15:30:00-04:00,818.6950073242188,826.530029296875,817.3699951171875,825.3900146484375,46810,0.0,0.0
2023-08-03 09:30:00-04:00,850.0,892.030029296875,838.0499877929688,839.510009765625,78432,0.0,0.0
2023-08-03 10:30:00-04:00,839.75,858.6300048828125,837.52001953125,857.52001953125,50645,0.0,0.0
2023-08-03 11:30:00-04:00,858.6199951171875,868.3049926757812,858.5399780273438,860.4099731445312,27186,0.0,0.0
2023-08-03 12:30:00-04:00,859.989990234375,863.4099731445312,853.739990234375,857.4400024414062,33267,0.0,0.0
2023-08-03 13:30:00-04:00,857.9400024414062,861.8300170898438,854.39501953125,860.6599731445312,26649,0.0,0.0
2023-08-03 14:30:00-04:00,861.760009765625,863.9349975585938,853.989990234375,855.0150146484375,37220,0.0,0.0
2023-08-03 15:30:00-04:00,855.6599731445312,861.9849853515625,854.22998046875,855.7999877929688,66622,0.0,0.0
2023-08-04 09:30:00-04:00,856.969970703125,856.969970703125,825.4650268554688,831.02001953125,18904,0.0,0.0
2023-08-04 10:30:00-04:00,832.7899780273438,853.1900024414062,832.0599975585938,853.1900024414062,20424,0.0,0.0
2023-08-04 11:30:00-04:00,854.85498046875,856.739990234375,851.4149780273438,852.75,28153,0.0,0.0
2023-08-04 12:30:00-04:00,852.52001953125,859.25,849.00732421875,849.00732421875,17136,0.0,0.0
2023-08-04 13:30:00-04:00,848.1799926757812,851.8800048828125,840.5900268554688,842.0875244140625,16084,0.0,0.0
2023-08-04 14:30:00-04:00,842.1199951171875,847.760009765625,841.5399780273438,842.969970703125,28393,0.0,0.0
2023-08-04 15:30:00-04:00,842.8800048828125,842.8800048828125,838.0399780273438,841.02001953125,28731,0.0,0.0
2023-08-07 09:30:00-04:00,847.6799926757812,855.8200073242188,845.1599731445312,845.8099975585938,27220,0.0,0.0
2023-08-07 10:30:00-04:00,845.6599731445312,856.260009765625,845.010009765625,856.260009765625,18626,0.0,0.0
2023-08-07 11:30:00-04:00,855.6799926757812,856.8800048828125,854.27001953125,855.989990234375,9594,0.0,0.0
2023-08-07 12:30:00-04:00,855.0,856.7000122070312,854.1099853515625,855.1099853515625,6798,0.0,0.0
2023-08-07 13:30:00-04:00,855.7150268554688,860.3200073242188,855.5800170898438,858.4500122070312,12380,0.0,0.0
2023-08-07 14:30:00-04:00,859.8099975585938,862.6199951171875,858.0050048828125,858.0050048828125,13767,0.0,0.0
2023-08-07 15:30:00-04:00,857.27001953125,862.8200073242188,856.6699829101562,861.7899780273438,47992,0.0,0.0
2023-08-08 09:30:00-04:00,858.0499877929688,870.2899169921875,852.8101196289062,853.2550048828125,32720,0.0,0.0
2023-08-08 10:30:00-04:00,853.47998046875,857.139892578125,843.0599975585938,848.4199829101562,31652,0.0,0.0
2023-08-08 11:30:00-04:00,847.780029296875,852.2100219726562,841.2899780273438,852.2100219726562,23817,0.0,0.0
2023-08-08 12:30:00-04:00,850.2011108398438,853.260009765625,849.7650146484375,853.260009765625,13164,0.0,0.0
2023-08-08 13:30:00-04:00,853.8099975585938,855.1400146484375,850.9099731445312,853.4600219726562,11129,0.0,0.0
2023-08-08 14:30:00-04:00,853.5150146484375,858.9400024414062,852.9000244140625,858.1699829101562,18112,0.0,0.0
2023-08-08 15:30:00-04:00,858.7000122070312,858.7000122070312,856.0599975585938,856.0599975585938,27767,0.0,0.0
2023-08-09 09:30:00-04:00,860.0,860.0,854.530029296875,854.530029296875,6250,0.0,0.0
2023-08-09 10:30:00-04:00,856.3300170898438,858.0499877929688,846.4100952148438,850.719970703125,18700,0.0,0.0
2023-08-09 11:30:00-04:00,854.1199951171875,856.5800170898438,852.0700073242188,856.5800170898438,7268,0.0,0.0
2023-08-09 12:30:00-04:00,855.8699951171875,859.010009765625,854.4550170898438,858.8599853515625,7724,0.0,0.0
2023-08-09 13:30:00-04:00,858.1500244140625,859.489990234375,855.969970703125,858.72998046875,7706,0.0,0.0
2023-08-09 14:30:00-04:00,860.760009765625,862.0,859.3200073242188,859.6599731445312,7147,0.0,0.0
2023-08-09 15:30:00-04:00,860.0499877929688,862.2100219726562,853.5399780273438,853.8699951171875,26002,0.0,0.0
2023-08-10 09:30:00-04:00,864.0499877929688,870.272216796875,859.7100219726562,863.0399780273438,15337,0.0,0.0
2023-08-10 10:30:00-04:00,864.260009765625,864.5599975585938,859.4949951171875,859.635009765625,10222,0.0,0.0
2023-08-10 11:30:00-04:00,860.0499877929688,861.9400024414062,855.77001953125,856.3800048828125,10164,0.0,0.0
2023-08-10 12:30:00-04:00,857.7449951171875,861.0700073242188,856.8800048828125,858.2249755859375,7228,0.0,0.0
2023-08-10 13:30:00-04:00,857.7249755859375,859.0,854.905029296875,857.9249877929688,6162,0.0,0.0
2023-08-10 14:30:00-04:00,858.7999877929688,861.1500244140625,858.14501953125,858.7849731445312,8712,0.0,0.0
2023-08-10 15:30:00-04:00,858.8300170898438,860.4500122070312,855.719970703125,859.0900268554688,23833,0.0,0.0
2023-08-11 09:30:00-04:00,855.97998046875,862.52001953125,855.97998046875,862.52001953125,5230,0.0,0.0
2023-08-11 10:30:00-04:00,860.4600219726562,864.7100219726562,859.0,860.5900268554688,21665,0.0,0.0
2023-08-11 11:30:00-04:00,861.5650024414062,863.2349853515625,859.780029296875,859.780029296875,6725,0.0,0.0
2023-08-11 12:30:00-04:00,860.239990234375,862.4199829101562,860.239990234375,862.4199829101562,4028,0.0,0.0
2023-08-11 13:30:00-04:00,862.3300170898438,862.8300170898438,860.280029296875,862.8300170898438,4371,0.0,0.0
2023-08-11 14:30:00-04:00,863.25,864.1799926757812,862.9299926757812,864.14501953125,5560,0.0,0.0
2023-08-11 15:30:00-04:00,863.4400024414062,863.4400024414062,859.1799926757812,860.4199829101562,14812,0.0,0.0
2023-08-14 09:30:00-04:00,868.3400268554688,869.0,864.22998046875,867.2949829101562,15191,0.0,0.0
2023-08-14 10:30:00-04:00,868.77001953125,877.3200073242188,868.77001953125,873.52001953125,14254,0.0,0.0
2023-08-14 11:30:00-04:00,876.6799926757812,877.5700073242188,873.802490234375,874.8800048828125,7599,0.0,0.0
2023-08-14 12:30:00-04:00,875.0499877929688,876.9550170898438,874.4400024414062,876.114990234375,7565,0.0,0.0
2023-08-14 13:30:00-04:00,876.844970703125,876.9949951171875,875.0449829101562,875.6649780273438,5770,0.0,0.0
2023-08-14 14:30:00-04:00,875.8200073242188,877.22998046875,875.22998046875,875.27001953125,18396,0.0,0.0
2023-08-14 15:30:00-04:00,875.469970703125,876.97998046875,874.3300170898438,875.9299926757812,31208,0.0,0.0
2023-08-15 09:30:00-04:00,874.030029296875,877.54248046875,870.22998046875,870.989990234375,9542,0.0,0.0
2023-08-15 10:30:00-04:00,871.3699951171875,872.85498046875,868.9400024414062,869.2150268554688,9998,0.0,0.0
2023-08-15 11:30:00-04:00,869.8599853515625,872.25,869.8599853515625,872.239990234375,5880,0.0,0.0
2023-08-15 12:30:00-04:00,873.0,873.0,868.260009765625,872.0,16995,0.0,0.0
2023-08-15 13:30:00-04:00,869.3400268554688,872.0,867.5700073242188,869.0700073242188,7752,0.0,0.0
2023-08-15 14:30:00-04:00,869.6649780273438,871.8699951171875,868.18798828125,870.125,11546,0.0,0.0
2023-08-15 15:30:00-04:00,870.7000122070312,872.5,869.6799926757812,870.7000122070312,31077,0.0,0.0
2023-08-16 09:30:00-04:00,870.4600219726562,871.739990234375,867.885009765625,868.9749755859375,11394,0.0,0.0
2023-08-16 10:30:00-04:00,868.5150146484375,875.0900268554688,866.7899780273438,873.4600219726562,10669,0.0,0.0
2023-08-16 11:30:00-04:00,872.6699829101562,872.6699829101562,867.219970703125,867.219970703125,7457,0.0,0.0
2023-08-16 12:30:00-04:00,865.0,865.2550048828125,862.8499755859375,862.8499755859375,4140,0.0,0.0
2023-08-16 13:30:00-04:00,862.1500244140625,862.4550170898438,858.52001953125,861.2899780273438,7435,0.0,0.0
2023-08-16 14:30:00-04:00,860.0150146484375,860.385009765625,853.2550048828125,853.2575073242188,9688,0.0,0.0
2023-08-16 15:30:00-04:00,853.8099975585938,853.8099975585938,848.4000244140625,848.4000244140625,22040,0.0,0.0
2023-08-17 09:30:00-04:00,844.3499755859375,851.1199951171875,842.9400024414062,846.5449829101562,16799,0.0,0.0
2023-08-17 10:30:00-04:00,849.6849975585938,851.25,847.1900024414062,849.14501953125,20731,0.0,0.0
2023-08-17 11:30:00-04:00,847.9650268554688,850.4500122070312,847.9199829101562,850.4500122070312,7905,0.0,0.0
2023-08-17 12:30:00-04:00,850.6900024414062,850.6900024414062,849.0800170898438,849.0800170898438,3393,0.0,0.0
2023-08-17 13:30:00-04:00,849.0675048828125,849.1500244140625,846.6950073242188,848.8109130859375,9133,0.0,0.0
2023-08-17 14:30:00-04:00,847.4600219726562,847.4600219726562,841.1199951171875,841.6599731445312,26876,0.0,0.0
2023-08-17 15:30:00-04:00,841.7999877929688,845.6799926757812,839.72998046875,843.3499755859375,55941,0.0,0.0
2023-08-18 09:30:00-04:00,830.8599853515625,840.5900268554688,830.8599853515625,837.5999755859375,22677,0.0,0.0
2023-08-18 10:30:00-04:00,838.2849731445312,846.0700073242188,838.2849731445312,845.760009765625,8832,0.0,0.0
2023-08-18 11:30:00-04:00,846.2249755859375,849.1400146484375,844.5399780273438,848.280029296875,10870,0.0,0.0
2023-08-18 12:30:00-04:00,847.47998046875,849.8400268554688,847.1099853515625,848.989990234375,10352,0.0,0.0
2023-08-18 13:30:00-04:00,849.8900146484375,852.3250122070312,849.0700073242188,850.5399780273438,15971,0.0,0.0
2023-08-18 14:30:00-04:00,850.7050170898438,851.7100219726562,849.1199951171875,850.2999877929688,15436,0.0,0.0
2023-08-18 15:30:00-04:00,850.0700073242188,850.0700073242188,845.3400268554688,847.5999755859375,30794,0.0,0.0
2023-08-21 09:30:00-04:00,848.75,860.219970703125,848.75,852.2999877929688,11955,0.0,0.0
2023-08-21 10:30:00-04:00,851.2550048828125,852.22998046875,847.7000122070312,848.594970703125,15291,0.0,0.0
2023-08-21 11:30:00-04:00,848.5900268554688,850.280029296875,846.219970703125,848.1900024414062,28436,0.0,0.0
2023-08-21 12:30:00-04:00,850.4500122070312,850.4500122070312,845.9299926757812,850.3800048828125,10958,0.0,0.0
2023-08-21 13:30:00-04:00,850.0,851.5357055664062,848.8699951171875,850.52001953125,16616,0.0,0.0
2023-08-21 14:30:00-04:00,851.2390747070312,851.2390747070312,848.4199829101562,848.6400146484375,20937,0.0,0.0
2023-08-21 15:30:00-04:00,848.4600219726562,850.0999755859375,845.0599975585938,845.125,17130,0.0,0.0
2023-08-22 09:30:00-04:00,849.3400268554688,855.4349975585938,849.3400268554688,855.4349975585938,4671,0.0,0.0
2023-08-22 10:30:00-04:00,852.9749755859375,857.4000244140625,850.885009765625,854.2050170898438,13437,0.0,0.0
2023-08-22 11:30:00-04:00,852.0,852.1599731445312,847.739990234375,847.739990234375,8364,0.0,0.0
2023-08-22 12:30:00-04:00,849.3499755859375,850.4550170898438,849.010009765625,850.135009765625,5058,0.0,0.0
2023-08-22 13:30:00-04:00,847.7164916992188,848.7999877929688,847.3900146484375,848.3599853515625,5006,0.0,0.0
2023-08-22 14:30:00-04:00,848.3599853515625,848.3599853515625,846.3375244140625,846.625,8183,0.0,0.0
2023-08-22 15:30:00-04:00,845.9500122070312,847.5999755859375,843.4600219726562,844.4199829101562,21348,0.0,0.0
2023-08-23 09:30:00-04:00,848.780029296875,853.9600219726562,845.5,853.0800170898438,24040,0.0,0.0
2023-08-23 10:30:00-04:00,852.0,856.1799926757812,848.510009765625,856.1799926757812,9323,0.0,0.0
2023-08-23 11:30:00-04:00,857.4400024414062,861.3099975585938,856.2349853515625,860.1749877929688,10755,0.0,0.0
2023-08-23 12:30:00-04:00,860.1749877929688,864.64501953125,860.1749877929688,863.1699829101562,6284,0.0,0.0
2023-08-23 13:30:00-04:00,863.030029296875,863.030029296875,860.5499877929688,861.2100219726562,4396,0.0,0.0
2023-08-23 14:30:00-04:00,860.72998046875,863.9000244140625,860.4000244140625,863.489990234375,7496,0.0,0.0
2023-08-23 15:30:00-04:00,863.7449951171875,863.8099975585938,859.469970703125,859.77001953125,19510,0.0,0.0
2023-08-24 09:30:00-04:00,866.7999877929688,866.7999877929688,861.0,862.7650146484375,8284,0.0,0.0
2023-08-24 10:30:00-04:00,861.02001953125,861.02001953125,855.8800048828125,855.9000244140625,7366,0.0,0.0
2023-08-24 11:30:00-04:00,856.10498046875,859.1199951171875,855.5808715820312,858.4299926757812,6379,0.0,0.0
2023-08-24 12:30:00-04:00,858.9299926757812,858.9749755859375,849.1099853515625,850.4650268554688,6910,0.0,0.0
2023-08-24 13:30:00-04:00,849.8499755859375,853.3175048828125,849.8499755859375,852.0999755859375,8679,0.0,0.0
2023-08-24 14:30:00-04:00,851.9550170898438,851.9550170898438,848.8300170898438,850.2899780273438,10379,0.0,0.0
2023-08-24 15:30:00-04:00,848.9600219726562,850.9099731445312,846.6799926757812,846.9000244140625,29615,0.0,0.0
2023-08-25 09:30:00-04:00,850.1300048828125,861.27001953125,850.1300048828125,859.3300170898438,10251,0.0,0.0
2023-08-25 10:30:00-04:00,857.9199829101562,857.9199829101562,846.0195922851562,849.5,6709,0.0,0.0
2023-08-25 11:30:00-04:00,850.3499755859375,854.760009765625,850.1300048828125,854.760009765625,5427,0.0,0.0
2023-08-25 12:30:00-04:00,854.9949951171875,855.3699951171875,852.4849853515625,852.4849853515625,4695,0.0,0.0
2023-08-25 13:30:00-04:00,850.489990234375,859.7650146484375,850.489990234375,859.7650146484375,11438,0.0,0.0
2023-08-25 14:30:00-04:00,859.5549926757812,859.5549926757812,855.469970703125,856.9000244140625,9987,0.0,0.0
2023-08-25 15:30:00-04:00,856.4600219726562,856.4600219726562,851.8499755859375,852.3350219726562,11671,0.0,0.0
2023-08-28 09:30:00-04:00,851.3400268554688,869.489990234375,851.3400268554688,868.22998046875,12701,0.0,0.0
2023-08-28 10:30:00-04:00,865.989990234375,867.0599975585938,862.0499877929688,863.0599975585938,13176,0.0,0.0
2023-08-28 11:30:00-04:00,864.5599975585938,868.969970703125,864.2000122070312,866.2150268554688,9076,0.0,0.0
2023-08-28 12:30:00-04:00,867.1500244140625,869.219970703125,865.14501953125,865.14501953125,7572,0.0,0.0
2023-08-28 13:30:00-04:00,866.2100219726562,866.3200073242188,859.4450073242188,862.5050048828125,9085,0.0,0.0
2023-08-28 14:30:00-04:00,863.1749877929688,864.47998046875,860.22998046875,862.635009765625,13550,0.0,0.0
2023-08-28 15:30:00-04:00,862.719970703125,866.8400268554688,862.4249877929688,865.1699829101562,30420,0.0,0.0
2023-08-29 09:30:00-04:00,861.1900024414062,872.0,861.1900024414062,872.0,12383,0.0,0.0
2023-08-29 10:30:00-04:00,873.5,880.0,873.0999755859375,880.0,9604,0.0,0.0
2023-08-29 11:30:00-04:00,878.6099853515625,883.6099853515625,875.1099853515625,881.030029296875,13733,0.0,0.0
2023-08-29 12:30:00-04:00,880.8800048828125,882.510009765625,878.7000122070312,881.7349853515625,10871,0.0,0.0
2023-08-29 13:30:00-04:00,881.8049926757812,882.0499877929688,879.6199951171875,880.22998046875,6323,0.0,0.0
2023-08-29 14:30:00-04:00,882.5,888.8200073242188,882.5,888.8200073242188,18411,0.0,0.0
2023-08-29 15:30:00-04:00,888.9500122070312,889.9949951171875,886.52001953125,887.280029296875,26726,0.0,0.0
2023-08-30 09:30:00-04:00,890.0,895.031982421875,888.6699829101562,892.0,11754,0.0,0.0
2023-08-30 10:30:00-04:00,894.0050048828125,897.6400146484375,894.0050048828125,897.0800170898438,5605,0.0,0.0
2023-08-30 11:30:00-04:00,896.5349731445312,897.5474853515625,895.5250244140625,897.5125122070312,8136,0.0,0.0
2023-08-30 12:30:00-04:00,896.9625244140625,899.7479858398438,895.7550048828125,899.0,13520,0.0,0.0
2023-08-30 13:30:00-04:00,900.0,902.97998046875,899.4600219726562,900.0549926757812,20884,0.0,0.0
2023-08-30 14:30:00-04:00,902.3499755859375,902.7899780273438,899.4600219726562,901.6900024414062,21664,0.0,0.0
2023-08-30 15:30:00-04:00,899.4600219726562,902.4400024414062,898.6699829101562,898.6799926757812,43509,0.0,0.0
2023-08-31 09:30:00-04:00,898.7999877929688,911.4199829101562,898.7999877929688,902.875,17676,0.0,0.0
2023-08-31 10:30:00-04:00,902.6749877929688,907.02001953125,900.1400146484375,907.02001953125,16935,0.0,0.0
2023-08-31 11:30:00-04:00,906.3599853515625,908.0700073242188,904.3200073242188,905.2100219726562,11878,0.0,0.0
2023-08-31 12:30:00-04:00,906.7999877929688,913.47998046875,906.4249877929688,913.47998046875,11989,0.0,0.0
2023-08-31 13:30:00-04:00,914.0599975585938,915.4749755859375,910.3300170898438,910.3300170898438,10057,0.0,0.0
2023-08-31 14:30:00-04:00,909.5250244140625,910.010009765625,906.260009765625,909.3599853515625,18046,0.0,0.0
2023-08-31 15:30:00-04:00,910.72998046875,912.8800048828125,904.1799926757812,904.72998046875,40743,0.0,0.0
2023-09-01 09:30:00-04:00,909.8699951171875,914.7150268554688,902.4000244140625,907.4199829101562,17057,0.0,0.0
2023-09-01 10:30:00-04:00,906.3599853515625,906.3599853515625,897.0,900.530029296875,12952,0.0,0.0
2023-09-01 11:30:00-04:00,898.4000244140625,898.780029296875,894.2899780273438,895.4400024414062,11144,0.0,0.0
2023-09-01 12:30:00-04:00,894.3200073242188,894.3200073242188,891.905029296875,893.6599731445312,10497,0.0,0.0
2023-09-01 13:30:00-04:00,892.8499755859375,896.155029296875,891.02001953125,893.8300170898438,10782,0.0,0.0
2023-09-01 14:30:00-04:00,892.405029296875,897.0,892.405029296875,897.0,8763,0.0,0.0
2023-09-01 15:30:00-04:00,897.0499877929688,897.5250244140625,893.6900024414062,896.9199829101562,37907,0.0,0.0
2023-09-05 09:30:00-04:00,889.47998046875,890.7949829101562,868.1599731445312,885.4000244140625,35888,0.0,0.0
2023-09-05 10:30:00-04:00,886.0,896.8099975585938,883.3599853515625,894.6400146484375,14496,0.0,0.0
2023-09-05 11:30:00-04:00,893.844970703125,895.9299926757812,889.5499877929688,892.4299926757812,8943,0.0,0.0
2023-09-05 12:30:00-04:00,892.7150268554688,893.2899780273438,889.5,893.2899780273438,6806,0.0,0.0
2023-09-05 13:30:00-04:00,892.7000122070312,895.0050048828125,891.969970703125,893.8200073242188,7221,0.0,0.0
2023-09-05 14:30:00-04:00,894.2550048828125,898.27001953125,892.6599731445312,897.5399780273438,16516,0.0,0.0
2023-09-05 15:30:00-04:00,896.5150146484375,897.1699829101562,892.280029296875,893.4099731445312,25971,0.0,0.0
2023-09-06 09:30:00-04:00,889.7000122070312,908.219970703125,889.7000122070312,902.52001953125,15740,0.0,0.0
2023-09-06 10:30:00-04:00,902.7849731445312,911.0,901.5999755859375,905.4099731445312,17132,0.0,0.0
2023-09-06 11:30:00-04:00,905.6400146484375,909.6599731445312,904.9949951171875,906.5399780273438,17063,0.0,0.0
2023-09-06 12:30:00-04:00,906.0150146484375,909.2000122070312,903.6099853515625,909.0850219726562,13955,0.0,0.0
2023-09-06 13:30:00-04:00,909.2949829101562,912.5499877929688,906.9400024414062,909.72998046875,16640,0.0,0.0
2023-09-06 14:30:00-04:00,913.6500244140625,916.4099731445312,909.719970703125,909.989990234375,22007,0.0,0.0
2023-09-06 15:30:00-04:00,911.0,912.9400024414062,907.5499877929688,907.5499877929688,32257,0.0,0.0
2023-09-07 09:30:00-04:00,905.469970703125,905.469970703125,900.0900268554688,901.2150268554688,11373,0.0,0.0
2023-09-07 10:30:00-04:00,899.8499755859375,906.8228149414062,895.1541748046875,895.52001953125,9888,0.0,0.0
2023-09-07 11:30:00-04:00,895.0599975585938,898.6099853515625,894.9525146484375,898.030029296875,9781,0.0,0.0
2023-09-07 12:30:00-04:00,899.219970703125,899.8099975585938,897.5499877929688,899.3499755859375,9241,0.0,0.0
2023-09-07 13:30:00-04:00,900.2000122070312,904.0050048828125,899.010009765625,902.7750244140625,8340,0.0,0.0
2023-09-07 14:30:00-04:00,903.0150146484375,904.5999755859375,903.0150146484375,904.5999755859375,12234,0.0,0.0
2023-09-07 15:30:00-04:00,904.6400146484375,906.9600219726562,903.02001953125,904.5599975585938,21676,0.0,0.0
2023-09-08 09:30:00-04:00,904.22998046875,911.2100219726562,904.22998046875,911.2100219726562,10732,0.0,0.0
2023-09-08 10:30:00-04:00,911.3800048828125,911.4099731445312,908.1799926757812,911.1099853515625,10848,0.0,0.0
2023-09-08 11:30:00-04:00,909.8049926757812,911.364990234375,899.1900024414062,900.0,10689,0.0,0.0
2023-09-08 12:30:00-04:00,900.22998046875,901.8599853515625,895.0,895.75,15847,0.0,0.0
2023-09-08 13:30:00-04:00,896.0900268554688,901.9500122070312,895.9600219726562,901.9500122070312,9552,0.0,0.0
2023-09-08 14:30:00-04:00,902.239990234375,904.5800170898438,899.6900024414062,900.9500122070312,12869,0.0,0.0
2023-09-08 15:30:00-04:00,901.3300170898438,901.4099731445312,898.47998046875,900.8300170898438,21078,0.0,0.0
2023-09-11 09:30:00-04:00,903.3499755859375,906.5700073242188,899.719970703125,906.239990234375,14218,0.0,0.0
2023-09-11 10:30:00-04:00,906.239990234375,908.1400146484375,901.8524780273438,908.1400146484375,12899,0.0,0.0
2023-09-11 11:30:00-04:00,908.9450073242188,909.0499877929688,902.3900146484375,904.2974853515625,9968,0.0,0.0
2023-09-11 12:30:00-04:00,906.6300048828125,909.010009765625,905.2100219726562,906.6900024414062,5249,0.0,0.0
2023-09-11 13:30:00-04:00,907.219970703125,910.8099975585938,907.219970703125,908.5650024414062,5900,0.0,0.0
2023-09-11 14:30:00-04:00,908.5750122070312,908.760009765625,906.0900268554688,907.489990234375,15725,0.0,0.0
2023-09-11 15:30:00-04:00,908.3499755859375,908.35498046875,904.5499877929688,904.6400146484375,17567,0.0,0.0
2023-09-12 09:30:00-04:00,897.6300048828125,903.989990234375,896.7849731445312,898.5399780273438,14678,0.0,0.0
2023-09-12 10:30:00-04:00,899.7449951171875,901.4400024414062,892.0599975585938,894.8099975585938,7071,0.0,0.0
2023-09-12 11:30:00-04:00,896.0,897.510009765625,894.5850219726562,897.405029296875,8176,0.0,0.0
2023-09-12 12:30:00-04:00,896.510009765625,897.344970703125,891.9600219726562,894.0399780273438,8078,0.0,0.0
2023-09-12 13:30:00-04:00,893.6599731445312,893.6599731445312,888.4472045898438,890.469970703125,9023,0.0,0.0
2023-09-12 14:30:00-04:00,891.1400146484375,891.8699951171875,887.9600219726562,888.5800170898438,13409,0.0,0.0
2023-09-12 15:30:00-04:00,888.1099853515625,890.9000244140625,887.510009765625,890.3499755859375,30877,0.0,0.0
2023-09-13 09:30:00-04:00,886.1799926757812,900.4849853515625,886.1799926757812,896.5449829101562,26174,0.0,0.0
2023-09-13 10:30:00-04:00,895.3300170898438,901.989990234375,895.3200073242188,901.989990234375,10106,0.0,0.0
2023-09-13 11:30:00-04:00,900.1599731445312,904.2100219726562,900.0900268554688,903.010009765625,9282,0.0,0.0
2023-09-13 12:30:00-04:00,904.9550170898438,906.1900024414062,904.280029296875,904.280029296875,5078,0.0,0.0
2023-09-13 13:30:00-04:00,904.3200073242188,905.8250122070312,902.0,902.6900024414062,6843,0.0,0.0
2023-09-13 14:30:00-04:00,902.6799926757812,903.9199829101562,898.9249877929688,899.5,11591,0.0,0.0
2023-09-13 15:30:00-04:00,900.3599853515625,900.4600219726562,895.3400268554688,897.6599731445312,32850,0.0,0.0
2023-09-14 09:30:00-04:00,900.0,900.0,890.5850219726562,890.5850219726562,7601,0.0,0.0
2023-09-14 10:30:00-04:00,891.010009765625,895.1400146484375,889.60498046875,893.4349975585938,14084,0.0,0.0
2023-09-14 11:30:00-04:00,893.739990234375,898.8099975585938,893.5549926757812,895.3800048828125,8605,0.0,0.0
2023-09-14 12:30:00-04:00,895.4000244140625,901.1500244140625,894.5,900.4249877929688,11108,0.0,0.0
2023-09-14 13:30:00-04:00,901.530029296875,903.47998046875,900.6099853515625,902.2000122070312,13552,0.0,0.0
2023-09-14 14:30:00-04:00,903.385009765625,907.47998046875,903.125,906.8499755859375,15743,0.0,0.0
2023-09-14 15:30:00-04:00,906.4600219726562,907.9199829101562,903.1400146484375,906.8599853515625,24278,0.0,0.0
2023-09-15 09:30:00-04:00,903.219970703125,903.219970703125,888.52001953125,890.5999755859375,32838,0.0,0.0
2023-09-15 10:30:00-04:00,890.0,891.4299926757812,874.1699829101562,877.760009765625,17220,0.0,0.0
2023-09-15 11:30:00-04:00,881.1599731445312,889.1400146484375,881.135009765625,886.969970703125,16068,0.0,0.0
2023-09-15 12:30:00-04:00,886.655029296875,892.6500244140625,886.655029296875,887.0150146484375,12004,0.0,0.0
2023-09-15 13:30:00-04:00,885.3800048828125,889.489990234375,883.780029296875,887.8699951171875,10971,0.0,0.0
2023-09-15 14:30:00-04:00,888.2100219726562,890.2000122070312,886.489990234375,889.22998046875,25201,0.0,0.0
2023-09-15 15:30:00-04:00,889.8099975585938,892.780029296875,887.0800170898438,890.75,47643,0.0,0.0
2023-09-18 09:30:00-04:00,889.1199951171875,904.5800170898438,884.9500122070312,904.5800170898438,17704,0.0,0.0
2023-09-18 10:30:00-04:00,902.6300048828125,906.72998046875,900.02001953125,905.6900024414062,11968,0.0,0.0
2023-09-18 11:30:00-04:00,906.989990234375,906.989990234375,900.5339965820312,900.5339965820312,6782,0.0,0.0
2023-09-18 12:30:00-04:00,903.0,906.2249755859375,900.6900024414062,905.989990234375,6571,0.0,0.0
2023-09-18 13:30:00-04:00,906.6179809570312,908.1099853515625,905.739990234375,905.739990234375,11410,0.0,0.0
2023-09-18 14:30:00-04:00,902.1699829101562,903.9500122070312,899.905029296875,903.1900024414062,11114,0.0,0.0
2023-09-18 15:30:00-04:00,902.6900024414062,904.22998046875,898.9650268554688,903.2100219726562,23867,0.0,0.0
2023-09-19 09:30:00-04:00,903.0,903.4000244140625,898.0599975585938,900.969970703125,9570,0.0,0.0
2023-09-19 10:30:00-04:00,901.75,907.1400146484375,901.4400024414062,907.1400146484375,8856,0.0,0.0
2023-09-19 11:30:00-04:00,905.5,906.3699951171875,903.6400146484375,904.3300170898438,10430,0.0,0.0
2023-09-19 12:30:00-04:00,904.4450073242188,907.5700073242188,904.4299926757812,905.35498046875,14710,0.0,0.0
2023-09-19 13:30:00-04:00,905.114990234375,906.9400024414062,904.7202758789062,905.8800048828125,6257,0.0,0.0
2023-09-19 14:30:00-04:00,906.77001953125,911.9099731445312,906.77001953125,910.969970703125,12987,0.0,0.0
2023-09-19 15:30:00-04:00,909.2000122070312,911.719970703125,908.280029296875,910.47998046875,21834,0.0,0.0
2023-09-20 09:30:00-04:00,913.3900146484375,915.0,905.0501098632812,907.9199829101562,10259,0.0,0.0
2023-09-20 10:30:00-04:00,909.33251953125,913.25,908.5800170898438,910.0,10377,0.0,0.0
2023-09-20 11:30:00-04:00,910.6900024414062,912.1400146484375,910.6900024414062,912.1400146484375,7906,0.0,0.0
2023-09-20 12:30:00-04:00,912.0150146484375,912.2000122070312,909.239990234375,909.5349731445312,6483,0.0,0.0
2023-09-20 13:30:00-04:00,910.094970703125,912.3499755859375,908.260009765625,911.39501953125,14843,0.0,0.0
2023-09-20 14:30:00-04:00,911.7000122070312,912.0,907.760009765625,911.1300048828125,17237,0.0,0.0
2023-09-20 15:30:00-04:00,910.8400268554688,911.3499755859375,903.010009765625,904.6400146484375,45753,0.0,0.0
2023-09-21 09:30:00-04:00,900.0,901.7550048828125,891.4400024414062,897.6500244140625,34782,0.0,0.0
2023-09-21 10:30:00-04:00,898.7100219726562,900.8499755859375,897.4450073242188,898.469970703125,20579,0.0,0.0
2023-09-21 11:30:00-04:00,899.1300048828125,899.1300048828125,895.105712890625,896.326171875,21830,0.0,0.0
2023-09-21 12:30:00-04:00,896.0,899.9600219726562,894.844970703125,899.8200073242188,9736,0.0,0.0
2023-09-21 13:30:00-04:00,902.0499877929688,902.0499877929688,895.7150268554688,897.4749755859375,16259,0.0,0.0
2023-09-21 14:30:00-04:00,898.2000122070312,900.6900024414062,896.6099853515625,899.3350219726562,27306,0.0,0.0
2023-09-21 15:30:00-04:00,900.0,900.1849975585938,889.3300170898438,889.3300170898438,49031,0.0,0.0
2023-09-22 09:30:00-04:00,892.5800170898438,898.489990234375,880.3200073242188,882.9400024414062,18394,0.0,0.0
2023-09-22 10:30:00-04:00,887.3400268554688,892.3798828125,884.0150146484375,889.25,16978,0.0,0.0
2023-09-22 11:30:00-04:00,888.9500122070312,891.364990234375,886.780029296875,889.1199951171875,18554,0.0,0.0
2023-09-22 12:30:00-04:00,888.3599853515625,893.3099975585938,888.3599853515625,893.2999877929688,11697,0.0,0.0
2023-09-22 13:30:00-04:00,891.8300170898438,891.8300170898438,886.905029296875,889.3200073242188,11186,0.0,0.0
2023-09-22 14:30:00-04:00,888.5999755859375,899.9199829101562,887.3900146484375,899.02001953125,22083,0.0,0.0
2023-09-22 15:30:00-04:00,898.260009765625,898.4749755859375,887.1699829101562,889.239990234375,47231,0.0,0.0
2023-09-25 09:30:00-04:00,883.5800170898438,898.780029296875,883.5800170898438,886.47998046875,16549,0.0,0.0
2023-09-25 10:30:00-04:00,885.0399780273438,890.1500244140625,884.1699829101562,889.3200073242188,15767,0.0,0.0
2023-09-25 11:30:00-04:00,887.7849731445312,896.3099975585938,887.7849731445312,894.85498046875,4530,0.0,0.0
2023-09-25 12:30:00-04:00,894.8699951171875,894.8699951171875,888.2949829101562,888.2949829101562,5350,0.0,0.0
2023-09-25 13:30:00-04:00,887.8800048828125,894.7449951171875,887.8800048828125,893.9349975585938,8971,0.0,0.0
2023-09-25 14:30:00-04:00,893.530029296875,894.6099853515625,887.9500732421875,891.6099853515625,11428,0.0,0.0
2023-09-25 15:30:00-04:00,891.72998046875,892.239990234375,887.719970703125,890.260009765625,38179,0.0,0.0
2023-09-26 09:30:00-04:00,884.7999877929688,886.1099853515625,880.7000122070312,882.6099853515625,15228,0.0,0.0
2023-09-26 10:30:00-04:00,882.1649780273438,884.7100219726562,872.2550048828125,875.0,17425,0.0,0.0
2023-09-26 11:30:00-04:00,874.5549926757812,875.5050048828125,872.8599853515625,874.60498046875,10244,0.0,0.0
2023-09-26 12:30:00-04:00,874.60498046875,875.469970703125,870.010009765625,870.010009765625,13392,0.0,0.0
2023-09-26 13:30:00-04:00,870.75,871.5750122070312,868.1900024414062,870.4000244140625,16597,0.0,0.0
2023-09-26 14:30:00-04:00,871.3499755859375,871.3499755859375,865.3099975585938,868.1950073242188,26241,0.0,0.0
2023-09-26 15:30:00-04:00,868.72998046875,873.8154907226562,867.6099853515625,870.6699829101562,39393,0.0,0.0
2023-09-27 09:30:00-04:00,870.4199829101562,886.655029296875,870.4199829101562,886.655029296875,21926,0.0,0.0
2023-09-27 10:30:00-04:00,888.4650268554688,888.4650268554688,878.7349853515625,881.3099975585938,11811,0.0,0.0
2023-09-27 11:30:00-04:00,881.9500122070312,884.7899780273438,875.8800048828125,878.3049926757812,9898,0.0,0.0
2023-09-27 12:30:00-04:00,879.875,880.4000244140625,876.3300170898438,877.4650268554688,10499,0.0,0.0
2023-09-27 13:30:00-04:00,877.5,886.3200073242188,877.5,884.9550170898438,22134,0.0,0.0
2023-09-27 14:30:00-04:00,887.0,892.25,885.0,889.8099975585938,14805,0.0,0.0
2023-09-27 15:30:00-04:00,888.030029296875,888.72998046875,884.1199951171875,886.0900268554688,27110,0.0,0.0
2023-09-28 09:30:00-04:00,880.719970703125,883.5499877929688,870.739990234375,875.75,20784,0.0,0.0
2023-09-28 10:30:00-04:00,874.39501953125,890.0800170898438,873.6099853515625,890.0800170898438,16346,0.0,0.0
2023-09-28 11:30:00-04:00,895.52001953125,896.14501953125,888.3699951171875,889.5800170898438,8225,0.0,0.0
2023-09-28 12:30:00-04:00,890.77001953125,893.1300048828125,885.280029296875,888.0900268554688,10570,0.0,0.0
2023-09-28 13:30:00-04:00,887.7899780273438,887.7899780273438,883.6599731445312,885.260009765625,6838,0.0,0.0
2023-09-28 14:30:00-04:00,885.280029296875,888.52001953125,884.5150146484375,888.52001953125,11122,0.0,0.0
2023-09-28 15:30:00-04:00,890.0900268554688,890.0900268554688,885.780029296875,886.8699951171875,19141,0.0,0.0
2023-09-29 09:30:00-04:00,878.780029296875,891.6599731445312,878.780029296875,887.989990234375,20245,0.0,0.0
2023-09-29 10:30:00-04:00,887.35498046875,889.9949951171875,881.9600219726562,883.8300170898438,15759,0.0,0.0
2023-09-29 11:30:00-04:00,883.3200073242188,883.3200073242188,877.72998046875,879.4500122070312,15760,0.0,0.0
2023-09-29 12:30:00-04:00,878.3599853515625,878.3599853515625,872.7150268554688,872.7349853515625,8102,0.0,0.0
2023-09-29 13:30:00-04:00,874.0449829101562,874.0449829101562,869.0,870.760009765625,14134,0.0,0.0
2023-09-29 14:30:00-04:00,870.4942016601562,874.8699951171875,870.197509765625,872.239990234375,17120,0.0,0.0
2023-09-29 15:30:00-04:00,873.030029296875,873.3900146484375,868.030029296875,868.0800170898438,49208,0.0,0.0
2023-10-02 09:30:00-04:00,865.0,878.3599853515625,865.0,874.0,24033,0.0,0.0
2023-10-02 10:30:00-04:00,871.5999755859375,874.385009765625,864.72998046875,874.385009765625,19486,0.0,0.0
2023-10-02 11:30:00-04:00,873.75,875.4500122070312,868.0399780273438,868.8499755859375,11946,0.0,0.0
2023-10-02 12:30:00-04:00,867.135009765625,867.135009765625,858.6300048828125,860.1900024414062,9486,0.0,0.0
2023-10-02 13:30:00-04:00,861.3099975585938,864.9299926757812,861.0599975585938,861.0599975585938,7065,0.0,0.0
2023-10-02 14:30:00-04:00,862.219970703125,863.1950073242188,859.4400024414062,860.8400268554688,12188,0.0,0.0
2023-10-02 15:30:00-04:00,860.2899780273438,864.0900268554688,860.2899780273438,864.0900268554688,24060,0.0,0.0
2023-10-03 09:30:00-04:00,861.4299926757812,871.64501953125,856.5,856.5800170898438,9738,0.0,0.0
2023-10-03 10:30:00-04:00,856.4849853515625,857.6950073242188,838.97998046875,841.8250122070312,26164,0.0,0.0
2023-10-03 11:30:00-04:00,841.7449951171875,846.9299926757812,838.010009765625,843.9600219726562,26527,0.0,0.0
2023-10-03 12:30:00-04:00,845.510009765625,845.5701904296875,839.6599731445312,841.719970703125,14247,0.0,0.0
2023-10-03 13:30:00-04:00,841.5599975585938,841.5599975585938,830.0,830.75,17249,0.0,0.0
2023-10-03 14:30:00-04:00,831.3599853515625,833.5250244140625,829.97998046875,832.6099853515625,17379,0.0,0.0
2023-10-03 15:30:00-04:00,832.2349853515625,838.8099975585938,832.2349853515625,837.5900268554688,42858,0.0,0.0
2023-10-04 09:30:00-04:00,840.3400268554688,852.52001953125,840.3400268554688,848.9400024414062,14486,0.0,0.0
2023-10-04 10:30:00-04:00,849.9550170898438,853.0,848.77001953125,853.0,7561,0.0,0.0
2023-10-04 11:30:00-04:00,853.27001953125,858.7899780273438,853.0999755859375,856.6400146484375,9184,0.0,0.0
2023-10-04 12:30:00-04:00,856.489990234375,858.3200073242188,854.72998046875,854.72998046875,6937,0.0,0.0
2023-10-04 13:30:00-04:00,856.0,856.0,853.530029296875,853.9550170898438,5606,0.0,0.0
2023-10-04 14:30:00-04:00,853.3300170898438,860.3699951171875,853.3300170898438,858.8900146484375,28708,0.0,0.0
2023-10-04 15:30:00-04:00,859.72998046875,862.2999877929688,859.3400268554688,860.0800170898438,30307,0.0,0.0
2023-10-05 09:30:00-04:00,857.3400268554688,858.1699829101562,851.7899780273438,854.97998046875,13683,0.0,0.0
2023-10-05 10:30:00-04:00,855.6199951171875,859.0050048828125,853.89501953125,858.780029296875,13411,0.0,0.0
2023-10-05 11:30:00-04:00,858.3800048828125,861.2100219726562,857.6599731445312,861.2100219726562,6436,0.0,0.0
2023-10-05 12:30:00-04:00,861.22998046875,861.9949951171875,858.0650024414062,859.6400146484375,4795,0.0,0.0
2023-10-05 13:30:00-04:00,861.9600219726562,865.7100219726562,860.010009765625,860.010009765625,12604,0.0,0.0
2023-10-05 14:30:00-04:00,860.5999755859375,865.8400268554688,860.5999755859375,865.8400268554688,12635,0.0,0.0
2023-10-05 15:30:00-04:00,866.0,866.530029296875,862.4600219726562,862.4600219726562,23507,0.0,0.0
2023-10-06 09:30:00-04:00,861.489990234375,866.760009765625,858.8800048828125,860.760009765625,7529,0.0,0.0
2023-10-06 10:30:00-04:00,863.9299926757812,866.280029296875,861.489990234375,866.280029296875,5305,0.0,0.0
2023-10-06 11:30:00-04:00,865.1900024414062,878.7449951171875,865.1300048828125,878.4000244140625,23125,0.0,0.0
2023-10-06 12:30:00-04:00,875.8499755859375,875.8499755859375,869.3499755859375,874.0499877929688,7966,0.0,0.0
2023-10-06 13:30:00-04:00,877.2000122070312,878.8480224609375,876.0349731445312,877.9299926757812,7898,0.0,0.0
2023-10-06 14:30:00-04:00,878.5,880.6699829101562,876.4500122070312,880.6699829101562,13140,0.0,0.0
2023-10-06 15:30:00-04:00,880.2100219726562,880.2100219726562,873.5499877929688,873.5900268554688,18521,0.0,0.0
2023-10-09 09:30:00-04:00,865.72998046875,882.9000244140625,862.22998046875,882.5599975585938,11189,0.0,0.0
2023-10-09 10:30:00-04:00,880.1179809570312,880.1179809570312,872.9199829101562,874.1849975585938,5057,0.0,0.0
2023-10-09 11:30:00-04:00,876.47998046875,882.6599731445312,876.47998046875,882.125,14034,0.0,0.0
2023-10-09 12:30:00-04:00,882.2000122070312,883.489990234375,880.4400024414062,883.0,12582,0.0,0.0
2023-10-09 13:30:00-04:00,884.1400146484375,887.469970703125,884.0499877929688,887.469970703125,10563,0.0,0.0
2023-10-09 14:30:00-04:00,887.7000122070312,889.280029296875,886.9299926757812,888.594970703125,18328,0.0,0.0
2023-10-09 15:30:00-04:00,889.0999755859375,889.4099731445312,885.0601196289062,889.4099731445312,29190,0.0,0.0
2023-10-10 09:30:00-04:00,895.5399780273438,895.5399780273438,882.7949829101562,887.5,19236,0.0,0.0
2023-10-10 10:30:00-04:00,887.260009765625,892.6900024414062,887.260009765625,891.719970703125,12818,0.0,0.0
2023-10-10 11:30:00-04:00,893.5900268554688,895.8200073242188,892.9400024414062,895.0800170898438,12709,0.0,0.0
2023-10-10 12:30:00-04:00,896.0,896.0,887.0,888.8300170898438,10576,0.0,0.0
2023-10-10 13:30:00-04:00,889.4000244140625,891.3599853515625,886.77001953125,888.669189453125,16565,0.0,0.0
2023-10-10 14:30:00-04:00,889.9099731445312,892.239990234375,889.6599731445312,891.0900268554688,7909,0.0,0.0
2023-10-10 15:30:00-04:00,892.6799926757812,893.14501953125,888.97998046875,889.8099975585938,20439,0.0,0.0
2023-10-11 09:30:00-04:00,893.6900024414062,899.0,884.9199829101562,886.3400268554688,25252,0.0,0.0
2023-10-11 10:30:00-04:00,886.8499755859375,891.1300048828125,884.2050170898438,889.5900268554688,20255,0.0,0.0
2023-10-11 11:30:00-04:00,889.010009765625,893.6799926757812,889.010009765625,893.0750122070312,9336,0.0,0.0
2023-10-11 12:30:00-04:00,893.8499755859375,895.85498046875,890.6900024414062,892.864990234375,9036,0.0,0.0
2023-10-11 13:30:00-04:00,892.8599853515625,899.364990234375,890.77001953125,898.4000244140625,16499,0.0,0.0
2023-10-11 14:30:00-04:00,899.2999877929688,903.0999755859375,898.9199829101562,903.0999755859375,15672,0.0,0.0
2023-10-11 15:30:00-04:00,904.0399780273438,906.739990234375,902.5850219726562,905.1099853515625,36856,0.0,0.0
2023-10-12 09:30:00-04:00,906.6699829101562,906.6699829101562,894.1799926757812,898.7000122070312,18500,0.0,0.0
2023-10-12 10:30:00-04:00,896.27001953125,899.5050048828125,895.4450073242188,899.2960205078125,8435,0.0,0.0
2023-10-12 11:30:00-04:00,899.8900146484375,900.2899780273438,897.10498046875,898.260009765625,14441,0.0,0.0
2023-10-12 12:30:00-04:00,899.3049926757812,900.7000122070312,894.8900146484375,895.9199829101562,12940,0.0,0.0
2023-10-12 13:30:00-04:00,895.9149780273438,896.8699951171875,889.1300048828125,892.3699951171875,33006,0.0,0.0
2023-10-12 14:30:00-04:00,892.3800048828125,895.7949829101562,892.3400268554688,894.1599731445312,9910,0.0,0.0
2023-10-12 15:30:00-04:00,894.6400146484375,896.3770141601562,891.0700073242188,892.3499755859375,28963,0.0,0.0
2023-10-13 09:30:00-04:00,889.1099853515625,894.2000122070312,883.5900268554688,892.4349975585938,18389,0.0,0.0
2023-10-13 10:30:00-04:00,890.0700073242188,892.6649780273438,886.7150268554688,887.9199829101562,25330,0.0,0.0
2023-10-13 11:30:00-04:00,888.64501953125,893.52001953125,888.155029296875,893.0650024414062,13215,0.0,0.0
2023-10-13 12:30:00-04:00,892.77001953125,893.4749755859375,891.02001953125,891.89501953125,11565,0.0,0.0
2023-10-13 13:30:00-04:00,890.97998046875,890.97998046875,887.9299926757812,890.3699951171875,8481,0.0,0.0
2023-10-13 14:30:00-04:00,891.1900024414062,893.9249877929688,890.0399780273438,893.5800170898438,7705,0.0,0.0
2023-10-13 15:30:00-04:00,893.8200073242188,895.97998046875,890.0700073242188,895.97998046875,36279,0.0,0.0
2023-10-16 09:30:00-04:00,903.1799926757812,904.1300048828125,893.0399780273438,902.5599975585938,18995,0.0,0.0
2023-10-16 10:30:00-04:00,902.9343872070312,908.5499877929688,902.9343872070312,903.6300048828125,9578,0.0,0.0
2023-10-16 11:30:00-04:00,904.02001953125,904.02001953125,895.6599731445312,897.510009765625,7226,0.0,0.0
2023-10-16 12:30:00-04:00,896.7550048828125,897.4349975585938,892.5399780273438,893.3099975585938,11840,0.0,0.0
2023-10-16 13:30:00-04:00,894.010009765625,895.6400146484375,891.5,894.2849731445312,12647,0.0,0.0
2023-10-16 14:30:00-04:00,893.260009765625,894.2000122070312,892.260009765625,893.47998046875,10099,0.0,0.0
2023-10-16 15:30:00-04:00,892.72998046875,893.0700073242188,885.8499755859375,886.6900024414062,33065,0.0,0.0
2023-10-17 09:30:00-04:00,881.760009765625,914.6599731445312,881.5599975585938,913.6699829101562,45118,0.0,0.0
2023-10-17 10:30:00-04:00,913.22998046875,919.719970703125,912.6719970703125,916.0549926757812,28483,0.0,0.0
2023-10-17 11:30:00-04:00,915.22998046875,919.7100219726562,910.5748291015625,914.780029296875,21779,0.0,0.0
2023-10-17 12:30:00-04:00,914.8499755859375,917.2100219726562,912.1099853515625,912.9550170898438,21002,0.0,0.0
2023-10-17 13:30:00-04:00,912.7100219726562,916.3699951171875,912.0800170898438,912.760009765625,17748,0.0,0.0
2023-10-17 14:30:00-04:00,911.885009765625,917.22998046875,911.885009765625,915.635009765625,19652,0.0,0.0
2023-10-17 15:30:00-04:00,915.7650146484375,919.1799926757812,914.27001953125,918.969970703125,45776,0.0,0.0
2023-10-18 09:30:00-04:00,915.3300170898438,922.22998046875,914.5999755859375,919.239990234375,13552,0.0,0.0
2023-10-18 10:30:00-04:00,917.6599731445312,917.6599731445312,911.7349853515625,915.1199951171875,14505,0.0,0.0
2023-10-18 11:30:00-04:00,912.6849975585938,916.47998046875,911.9650268554688,914.2949829101562,16426,0.0,0.0
2023-10-18 12:30:00-04:00,912.9600219726562,920.4000244140625,912.9600219726562,920.4000244140625,16015,0.0,0.0
2023-10-18 13:30:00-04:00,919.3099975585938,921.9710083007812,916.7050170898438,917.635009765625,88480,0.0,0.0
2023-10-18 14:30:00-04:00,916.7899780273438,919.9349975585938,910.5700073242188,912.8400268554688,22935,0.0,0.0
2023-10-18 15:30:00-04:00,912.89501953125,914.8300170898438,908.0800170898438,914.6900024414062,59095,0.0,0.0
2023-10-19 09:30:00-04:00,907.8499755859375,920.6749877929688,901.8400268554688,917.405029296875,36999,0.0,0.0
2023-10-19 10:30:00-04:00,917.8599853515625,925.3499755859375,916.0499877929688,923.2000122070312,24491,0.0,0.0
2023-10-19 11:30:00-04:00,924.22998046875,924.625,919.719970703125,921.9400024414062,11336,0.0,0.0
2023-10-19 12:30:00-04:00,920.5800170898438,931.75,915.0399780273438,930.52001953125,11886,0.0,0.0
2023-10-19 13:30:00-04:00,928.0700073242188,929.6799926757812,923.75,926.5599975585938,25406,0.0,0.0
2023-10-19 14:30:00-04:00,924.7249755859375,931.989990234375,920.0,920.8699951171875,48522,0.0,0.0
2023-10-19 15:30:00-04:00,921.5349731445312,925.4450073242188,915.0,919.47998046875,70327,0.0,0.0
2023-10-20 09:30:00-04:00,924.7899780273438,927.8499755859375,912.0599975585938,912.3400268554688,37075,0.0,0.0
2023-10-20 10:30:00-04:00,909.6300048828125,911.1300048828125,899.0,905.1699829101562,54048,0.0,0.0
2023-10-20 11:30:00-04:00,905.760009765625,912.31298828125,905.760009765625,908.8800048828125,15658,0.0,0.0
2023-10-20 12:30:00-04:00,907.3200073242188,915.3900146484375,907.3200073242188,914.2999877929688,16387,0.0,0.0
2023-10-20 13:30:00-04:00,913.2650146484375,916.8826293945312,912.9349975585938,912.9349975585938,11661,0.0,0.0
2023-10-20 14:30:00-04:00,914.0999755859375,915.5599975585938,912.2448120117188,915.4099731445312,18985,0.0,0.0
2023-10-20 15:30:00-04:00,915.5599975585938,916.3400268554688,911.5800170898438,912.0,30588,0.0,0.0
2023-10-23 09:30:00-04:00,904.7349853515625,924.9299926757812,903.030029296875,921.8400268554688,36887,0.0,0.0
2023-10-23 10:30:00-04:00,917.9752197265625,931.9099731445312,916.0800170898438,931.9099731445312,22978,0.0,0.0
2023-10-23 11:30:00-04:00,931.5599975585938,933.8599853515625,926.0700073242188,933.8599853515625,26594,0.0,0.0
2023-10-23 12:30:00-04:00,934.8800048828125,940.0999755859375,933.8800048828125,935.969970703125,18515,0.0,0.0
2023-10-23 13:30:00-04:00,934.8499755859375,936.6849975585938,931.5499877929688,934.530029296875,14707,0.0,0.0
2023-10-23 14:30:00-04:00,933.9193115234375,938.4774780273438,930.1900024414062,932.0399780273438,19609,0.0,0.0
2023-10-23 15:30:00-04:00,929.8300170898438,930.2899780273438,927.22998046875,927.9359741210938,34809,0.0,0.0
2023-10-24 09:30:00-04:00,927.1900024414062,929.5800170898438,906.905029296875,910.8499755859375,83326,0.0,0.0
2023-10-24 10:30:00-04:00,911.5349731445312,912.5499877929688,893.7230834960938,893.9550170898438,73451,0.0,0.0
2023-10-24 11:30:00-04:00,895.0255126953125,895.3499755859375,858.8099975585938,860.9349975585938,85156,0.0,0.0
2023-10-24 12:30:00-04:00,860.3300170898438,864.0999755859375,848.0,859.0599975585938,66877,0.0,0.0
2023-10-24 13:30:00-04:00,858.594970703125,859.3699951171875,845.47998046875,856.39501953125,53571,0.0,0.0
2023-10-24 14:30:00-04:00,855.7650146484375,860.2999267578125,850.1599731445312,860.1599731445312,50578,0.0,0.0
2023-10-24 15:30:00-04:00,859.5999755859375,865.0900268554688,858.469970703125,862.8800048828125,94394,0.0,0.0
2023-10-25 09:30:00-04:00,845.1199951171875,855.1799926757812,832.8499755859375,842.010009765625,106254,0.0,0.0
2023-10-25 10:30:00-04:00,842.6099853515625,859.2999877929688,842.6099853515625,851.4299926757812,33012,0.0,0.0
2023-10-25 11:30:00-04:00,851.2949829101562,851.2949829101562,844.3900146484375,848.5700073242188,36447,0.0,0.0
2023-10-25 12:30:00-04:00,847.0399780273438,847.0399780273438,841.10498046875,842.0549926757812,20428,0.0,0.0
2023-10-25 13:30:00-04:00,838.0399780273438,838.2999877929688,833.5650024414062,834.1799926757812,32401,0.0,0.0
2023-10-25 14:30:00-04:00,834.0599975585938,834.3900146484375,824.77001953125,829.2100219726562,65874,0.0,0.0
2023-10-25 15:30:00-04:00,829.2999877929688,830.7000122070312,824.6400146484375,825.52001953125,96184,0.0,0.0
2023-10-26 09:30:00-04:00,832.2899780273438,838.8099975585938,817.0900268554688,818.52001953125,34318,0.0,0.0
2023-10-26 10:30:00-04:00,819.6799926757812,828.02001953125,811.989990234375,821.9500122070312,61280,0.0,0.0
2023-10-26 11:30:00-04:00,822.35498046875,834.1300048828125,820.72998046875,822.0999755859375,44792,0.0,0.0
2023-10-26 12:30:00-04:00,824.2310180664062,824.3300170898438,820.969970703125,822.02001953125,15215,0.0,0.0
2023-10-26 13:30:00-04:00,821.72998046875,831.3800048828125,821.72998046875,830.3099975585938,15853,0.0,0.0
2023-10-26 14:30:00-04:00,831.0499877929688,832.0599975585938,827.780029296875,829.5599975585938,22350,0.0,0.0
2023-10-26 15:30:00-04:00,830.0499877929688,830.969970703125,827.6500244140625,829.719970703125,68219,0.0,0.0
2023-10-27 09:30:00-04:00,830.989990234375,837.6400146484375,823.489990234375,835.9400024414062,22380,0.0,0.0
2023-10-27 10:30:00-04:00,836.842529296875,846.4149780273438,834.14501953125,844.719970703125,19908,0.0,0.0
2023-10-27 11:30:00-04:00,844.719970703125,848.4500122070312,842.75,843.8900146484375,28174,0.0,0.0
2023-10-27 12:30:00-04:00,844.7899780273438,845.2899780273438,842.0900268554688,843.0499877929688,22803,0.0,0.0
2023-10-27 13:30:00-04:00,842.52001953125,842.9450073242188,838.3300170898438,841.6199951171875,15571,0.0,0.0
2023-10-27 14:30:00-04:00,842.9099731445312,845.9600219726562,841.125,842.1500244140625,19388,0.0,0.0
2023-10-27 15:30:00-04:00,842.719970703125,849.0,842.14501953125,848.780029296875,64871,0.0,0.0
2023-10-30 09:30:00-04:00,851.02001953125,851.02001953125,838.719970703125,840.469970703125,21417,0.0,0.0
2023-10-30 10:30:00-04:00,840.469970703125,846.1900024414062,839.0,845.6749877929688,11333,0.0,0.0
2023-10-30 11:30:00-04:00,845.9400024414062,848.719970703125,843.8400268554688,848.3200073242188,10215,0.0,0.0
2023-10-30 12:30:00-04:00,846.5999755859375,854.4500122070312,843.75,853.3201293945312,15039,0.0,0.0
2023-10-30 13:30:00-04:00,855.3400268554688,857.3729858398438,853.8200073242188,856.1599731445312,10573,0.0,0.0
2023-10-30 14:30:00-04:00,856.1500244140625,859.22998046875,855.72998046875,858.280029296875,14321,0.0,0.0
2023-10-30 15:30:00-04:00,858.7000122070312,858.7000122070312,851.0900268554688,851.1199951171875,38401,0.0,0.0
2023-10-31 09:30:00-04:00,853.02001953125,853.02001953125,831.5499877929688,838.6950073242188,18161,0.0,0.0
2023-10-31 10:30:00-04:00,844.5050048828125,847.969970703125,842.2000122070312,844.97998046875,19553,0.0,0.0
2023-10-31 11:30:00-04:00,844.97998046875,846.6400146484375,843.2000122070312,845.760009765625,9267,0.0,0.0
2023-10-31 12:30:00-04:00,846.2100219726562,847.1099853515625,843.4301147460938,845.8400268554688,7969,0.0,0.0
2023-10-31 13:30:00-04:00,845.719970703125,846.989990234375,840.010009765625,841.739990234375,18348,0.0,0.0
2023-10-31 14:30:00-04:00,840.7899780273438,845.0,840.7899780273438,844.7000122070312,17092,0.0,0.0
2023-10-31 15:30:00-04:00,844.4400024414062,847.780029296875,844.3900146484375,846.719970703125,35799,0.0,0.0
2023-11-01 09:30:00-04:00,849.22998046875,853.5599975585938,838.4299926757812,852.4400024414062,24623,0.0,0.0
2023-11-01 10:30:00-04:00,853.0,856.9650268554688,851.0700073242188,856.9650268554688,14392,0.0,0.0
2023-11-01 11:30:00-04:00,854.3499755859375,861.2899780273438,853.4149780273438,860.4149780273438,17376,0.0,0.0
2023-11-01 12:30:00-04:00,860.5399780273438,862.2550048828125,858.8599853515625,861.9099731445312,9687,0.0,0.0
2023-11-01 13:30:00-04:00,861.6699829101562,865.844970703125,859.8599853515625,860.6900024414062,17514,0.0,0.0
2023-11-01 14:30:00-04:00,863.4000244140625,871.3099975585938,859.3400268554688,870.469970703125,31673,0.0,0.0
2023-11-01 15:30:00-04:00,871.1099853515625,872.6799926757812,869.030029296875,870.9600219726562,44696,0.0,0.0
2023-11-02 09:30:00-04:00,879.6900024414062,893.3900146484375,879.6900024414062,889.0449829101562,27241,0.0,0.0
2023-11-02 10:30:00-04:00,888.5999755859375,895.1300048828125,888.5999755859375,892.9349975585938,18980,0.0,0.0
2023-11-02 11:30:00-04:00,892.6500244140625,898.0,892.6500244140625,898.0,13766,0.0,0.0
2023-11-02 12:30:00-04:00,898.0,904.6799926757812,897.885009765625,904.4400024414062,20712,0.0,0.0
2023-11-02 13:30:00-04:00,904.4000244140625,907.469970703125,903.5800170898438,904.5599975585938,18387,0.0,0.0
2023-11-02 14:30:00-04:00,904.52001953125,905.8250122070312,901.4500122070312,905.72998046875,24465,0.0,0.0
2023-11-02 15:30:00-04:00,904.9400024414062,904.9400024414062,899.7100219726562,901.4600219726562,39374,0.0,0.0
2023-11-03 09:30:00-04:00,910.8400268554688,922.8300170898438,910.8400268554688,919.77001953125,11652,0.0,0.0
2023-11-03 10:30:00-04:00,918.280029296875,921.0800170898438,914.030029296875,921.0800170898438,17371,0.0,0.0
2023-11-03 11:30:00-04:00,921.780029296875,923.0999755859375,918.1199951171875,921.4749755859375,9090,0.0,0.0
2023-11-03 12:30:00-04:00,922.4099731445312,928.3049926757812,921.9550170898438,928.3049926757812,16496,0.0,0.0
2023-11-03 13:30:00-04:00,928.4099731445312,929.719970703125,927.4000244140625,929.7100219726562,9437,0.0,0.0
2023-11-03 14:30:00-04:00,929.77001953125,932.2449951171875,929.0750122070312,931.2100219726562,23470,0.0,0.0
2023-11-03 15:30:00-04:00,930.1500244140625,932.1500244140625,928.4099731445312,930.4400024414062,54098,0.0,0.0
2023-11-06 09:30:00-05:00,930.4099731445312,930.4099731445312,910.9199829101562,914.27001953125,27044,0.0,0.0
2023-11-06 10:30:00-05:00,914.344970703125,915.8900146484375,912.22998046875,914.1199951171875,35634,0.0,0.0
2023-11-06 11:30:00-05:00,914.5349731445312,914.5349731445312,908.3300170898438,909.739990234375,18933,0.0,0.0
2023-11-06 12:30:00-05:00,907.6400146484375,912.0700073242188,907.6400146484375,910.594970703125,26752,0.0,0.0
2023-11-06 13:30:00-05:00,911.125,917.6699829101562,911.0250244140625,915.4400024414062,18182,0.0,0.0
2023-11-06 14:30:00-05:00,916.969970703125,924.030029296875,916.8250122070312,923.6300048828125,24306,0.0,0.0
2023-11-06 15:30:00-05:00,924.1400146484375,928.5499877929688,922.5800170898438,928.5499877929688,41622,0.0,0.0
2023-11-07 09:30:00-05:00,934.9400024414062,934.9400024414062,925.1300048828125,930.2949829101562,14828,0.0,0.0
2023-11-07 10:30:00-05:00,931.3800048828125,935.614990234375,929.280029296875,932.1950073242188,19138,0.0,0.0
2023-11-07 11:30:00-05:00,932.6900024414062,935.4450073242188,931.0599975585938,932.8800048828125,10319,0.0,0.0
2023-11-07 12:30:00-05:00,931.4099731445312,935.719970703125,931.4099731445312,934.155029296875,13679,0.0,0.0
2023-11-07 13:30:00-05:00,934.14501953125,936.5700073242188,932.3099975585938,936.5700073242188,9990,0.0,0.0
2023-11-07 14:30:00-05:00,937.5800170898438,937.989990234375,933.3300170898438,937.989990234375,12189,0.0,0.0
2023-11-07 15:30:00-05:00,937.989990234375,940.6099853515625,935.6199951171875,937.780029296875,40005,0.0,0.0
2023-11-08 09:30:00-05:00,940.0,954.2249755859375,935.0,936.0650024414062,20850,0.0,0.0
2023-11-08 10:30:00-05:00,934.530029296875,939.6500244140625,932.8499755859375,935.6400146484375,25184,0.0,0.0
2023-11-08 11:30:00-05:00,936.8599853515625,938.0999755859375,930.0700073242188,932.02001953125,16989,0.0,0.0
2023-11-08 12:30:00-05:00,931.72998046875,935.5549926757812,931.0999755859375,933.9199829101562,33647,0.0,0.0
2023-11-08 13:30:00-05:00,933.5349731445312,936.0800170898438,933.5349731445312,935.9400024414062,29812,0.0,0.0
2023-11-08 14:30:00-05:00,935.219970703125,935.530029296875,930.1300048828125,932.155029296875,42064,0.0,0.0
2023-11-08 15:30:00-05:00,932.1749877929688,940.9400024414062,930.8099975585938,940.8099975585938,68839,0.0,0.0
2023-11-09 09:30:00-05:00,901.260009765625,957.6900024414062,900.010009765625,956.75,88085,0.0,0.0
2023-11-09 10:30:00-05:00,956.75,973.1699829101562,951.719970703125,973.1699829101562,37942,0.0,0.0
2023-11-09 11:30:00-05:00,972.7949829101562,976.1099853515625,968.8499755859375,975.2550048828125,26675,0.0,0.0
2023-11-09 12:30:00-05:00,973.9000244140625,987.02001953125,972.155029296875,980.010009765625,34711,0.0,0.0
2023-11-09 13:30:00-05:00,978.6699829101562,979.780029296875,974.27001953125,975.5800170898438,23941,0.0,0.0
2023-11-09 14:30:00-05:00,974.5499877929688,976.3599853515625,969.0900268554688,976.3599853515625,28574,0.0,0.0
2023-11-09 15:30:00-05:00,976.6699829101562,976.6699829101562,962.1599731445312,963.25,68863,0.0,0.0
2023-11-10 09:30:00-05:00,962.469970703125,988.1199951171875,962.469970703125,985.5225219726562,25398,0.0,0.0
2023-11-10 10:30:00-05:00,985.7100219726562,995.3300170898438,984.8099975585938,991.72998046875,16744,0.0,0.0
2023-11-10 11:30:00-05:00,991.8800048828125,994.2100219726562,990.2750244140625,992.9600219726562,14169,0.0,0.0
2023-11-10 12:30:00-05:00,992.3200073242188,999.0800170898438,989.5399780273438,994.7999877929688,28007,0.0,0.0
2023-11-10 13:30:00-05:00,995.8300170898438,995.8300170898438,990.2949829101562,992.77001953125,13672,0.0,0.0
2023-11-10 14:30:00-05:00,995.2349853515625,1000.5,993.489990234375,1000.1699829101562,23989,0.0,0.0
2023-11-10 15:30:00-05:00,1001.3200073242188,1002.739990234375,996.1199951171875,997.1699829101562,39076,0.0,0.0
2023-11-13 09:30:00-05:00,998.0800170898438,1011.8499755859375,991.0399780273438,1009.875,26430,0.0,0.0
2023-11-13 10:30:00-05:00,1009.2999877929688,1014.0,1008.385009765625,1012.1099853515625,16354,0.0,0.0
2023-11-13 11:30:00-05:00,1008.5863037109375,1009.9000244140625,1005.760009765625,1007.5349731445312,11112,0.0,0.0
2023-11-13 12:30:00-05:00,1006.8699951171875,1012.280029296875,1006.8699951171875,1010.2999877929688,16567,0.0,0.0
2023-11-13 13:30:00-05:00,1009.3049926757812,1010.6500244140625,1006.8900146484375,1008.8699951171875,10163,0.0,0.0
2023-11-13 14:30:00-05:00,1011.8900146484375,1011.8900146484375,1007.22998046875,1007.5900268554688,22618,0.0,0.0
2023-11-13 15:30:00-05:00,1008.1900024414062,1012.5599975585938,1005.4400024414062,1012.3099975585938,39420,0.0,0.0
2023-11-14 09:30:00-05:00,1021.4600219726562,1024.739990234375,1006.7100219726562,1012.7899780273438,42522,0.0,0.0
2023-11-14 10:30:00-05:00,1014.0900268554688,1015.25,1009.22998046875,1011.239990234375,25424,0.0,0.0
2023-11-14 11:30:00-05:00,1011.3599853515625,1015.6900024414062,1010.1400146484375,1015.6900024414062,23710,0.0,0.0
2023-11-14 12:30:00-05:00,1016.8900146484375,1024.719970703125,1016.8900146484375,1024.719970703125,15078,0.0,0.0
2023-11-14 13:30:00-05:00,1024.8499755859375,1025.4749755859375,1020.6199951171875,1025.4749755859375,24385,0.0,0.0
2023-11-14 14:30:00-05:00,1027.3599853515625,1031.68994140625,1027.3599853515625,1027.81005859375,15868,0.0,0.0
2023-11-14 15:30:00-05:00,1026.925048828125,1030.0400390625,1025.4000244140625,1026.1700439453125,38323,0.0,0.0
2023-11-15 09:30:00-05:00,1027.6400146484375,1036.4100341796875,1022.760009765625,1031.0,28955,0.0,0.0
2023-11-15 10:30:00-05:00,1029.780029296875,1035.0,1029.199951171875,1031.0,30875,0.0,0.0
2023-11-15 11:30:00-05:00,1031.0,1031.43994140625,1019.4299926757812,1021.6500244140625,20856,0.0,0.0
2023-11-15 12:30:00-05:00,1020.22998046875,1022.6500244140625,1014.8599853515625,1021.9000244140625,24089,0.0,0.0
2023-11-15 13:30:00-05:00,1022.9249877929688,1025.5799560546875,1021.010009765625,1024.3499755859375,15479,0.0,0.0
2023-11-15 14:30:00-05:00,1024.4000244140625,1024.72998046875,1021.5399780273438,1023.0800170898438,18240,0.0,0.0
2023-11-15 15:30:00-05:00,1023.3599853515625,1025.4100341796875,1020.7000122070312,1020.7000122070312,35396,0.0,0.0
2023-11-16 09:30:00-05:00,1021.0599975585938,1046.449951171875,1021.0599975585938,1036.921630859375,23822,0.0,0.0
2023-11-16 10:30:00-05:00,1038.6949462890625,1039.25,1034.81005859375,1036.4300537109375,12605,0.0,0.0
2023-11-16 11:30:00-05:00,1037.47998046875,1041.25,1033.75,1039.739990234375,14593,0.0,0.0
2023-11-16 12:30:00-05:00,1038.989990234375,1041.4949951171875,1036.25,1037.85498046875,6839,0.0,0.0
2023-11-16 13:30:00-05:00,1037.8599853515625,1041.25,1037.8599853515625,1039.0400390625,8470,0.0,0.0
2023-11-16 14:30:00-05:00,1039.875,1041.0699462890625,1035.739990234375,1036.6600341796875,17722,0.0,0.0
2023-11-16 15:30:00-05:00,1037.43994140625,1037.6072998046875,1031.260009765625,1034.739990234375,29150,0.0,0.0
2023-11-17 09:30:00-05:00,1037.68994140625,1039.9599609375,1028.5899658203125,1034.25,15807,0.0,0.0
2023-11-17 10:30:00-05:00,1035.1300048828125,1036.1199951171875,1030.7099609375,1032.5250244140625,8625,0.0,0.0
2023-11-17 11:30:00-05:00,1033.489990234375,1034.25,1031.8599853515625,1032.6800537109375,5565,0.0,0.0
2023-11-17 12:30:00-05:00,1032.199951171875,1033.989990234375,1032.199951171875,1033.989990234375,3486,0.0,0.0
2023-11-17 13:30:00-05:00,1034.0050048828125,1037.97998046875,1032.0699462890625,1035.594970703125,5589,0.0,0.0
2023-11-17 14:30:00-05:00,1035.5350341796875,1042.050048828125,1034.199951171875,1041.3299560546875,15460,0.0,0.0
2023-11-17 15:30:00-05:00,1040.989990234375,1043.469970703125,1039.030029296875,1043.2900390625,20045,0.0,0.0
2023-11-20 09:30:00-05:00,1045.8900146484375,1047.9100341796875,1037.550048828125,1037.550048828125,10212,0.0,0.0
2023-11-20 10:30:00-05:00,1039.335205078125,1048.949951171875,1038.27001953125,1044.8399658203125,16305,0.0,0.0
2023-11-20 11:30:00-05:00,1046.0150146484375,1049.739990234375,1046.0150146484375,1048.1099853515625,10341,0.0,0.0
2023-11-20 12:30:00-05:00,1049.7900390625,1053.0,1049.780029296875,1053.0,5941,0.0,0.0
2023-11-20 13:30:00-05:00,1056.550048828125,1056.550048828125,1053.0999755859375,1054.800048828125,9213,0.0,0.0
2023-11-20 14:30:00-05:00,1055.4150390625,1059.6800537109375,1055.4150390625,1056.7900390625,11695,0.0,0.0
2023-11-20 15:30:00-05:00,1055.469970703125,1055.5150146484375,1051.3199462890625,1051.4100341796875,22599,0.0,0.0
2023-11-21 09:30:00-05:00,1053.7099609375,1064.313232421875,1052.1600341796875,1052.1600341796875,16326,0.0,0.0
2023-11-21 10:30:00-05:00,1054.719970703125,1054.719970703125,1049.300048828125,1050.8399658203125,8481,0.0,0.0
2023-11-21 11:30:00-05:00,1050.5999755859375,1053.0899658203125,1049.800048828125,1053.0899658203125,10433,0.0,0.0
2023-11-21 12:30:00-05:00,1051.6400146484375,1052.3199462890625,1050.3399658203125,1051.7099609375,7853,0.0,0.0
2023-11-21 13:30:00-05:00,1052.8699951171875,1055.02001953125,1051.010009765625,1055.02001953125,7663,0.0,0.0
2023-11-21 14:30:00-05:00,1054.7579345703125,1058.3599853515625,1054.7579345703125,1055.1500244140625,16481,0.0,0.0
2023-11-21 15:30:00-05:00,1053.8699951171875,1056.760009765625,1053.8699951171875,1054.3699951171875,20861,0.0,0.0
2023-11-22 09:30:00-05:00,1063.0999755859375,1071.0899658203125,1057.6949462890625,1071.0899658203125,12914,0.0,0.0
2023-11-22 10:30:00-05:00,1071.8699951171875,1072.0,1069.1500244140625,1072.0,6608,0.0,0.0
2023-11-22 11:30:00-05:00,1073.0,1076.010009765625,1072.7099609375,1076.010009765625,11551,0.0,0.0
2023-11-22 12:30:00-05:00,1075.3699951171875,1076.52001953125,1074.3699951171875,1076.2650146484375,5917,0.0,0.0
2023-11-22 13:30:00-05:00,1077.135009765625,1077.135009765625,1070.39501953125,1070.39501953125,15981,0.0,0.0
2023-11-22 14:30:00-05:00,1068.0400390625,1069.0400390625,1068.0400390625,1068.5999755859375,3107,0.0,0.0
2023-11-22 15:30:00-05:00,1069.344970703125,1070.780029296875,1064.97998046875,1065.469970703125,21551,0.0,0.0
2023-11-24 09:30:00-05:00,1061.9599609375,1070.9599609375,1061.9599609375,1065.905029296875,10103,0.0,0.0
2023-11-24 10:30:00-05:00,1064.72998046875,1066.1600341796875,1063.1099853515625,1064.739990234375,6644,0.0,0.0
2023-11-24 11:30:00-05:00,1063.97998046875,1066.469970703125,1063.97998046875,1066.469970703125,5953,0.0,0.0
2023-11-27 09:30:00-05:00,1073.3599853515625,1083.530029296875,1072.8800048828125,1075.97998046875,13770,0.0,0.0
2023-11-27 10:30:00-05:00,1075.530029296875,1076.6922607421875,1072.31005859375,1076.5400390625,12121,0.0,0.0
2023-11-27 11:30:00-05:00,1075.72998046875,1081.864990234375,1074.97998046875,1080.8900146484375,13013,0.0,0.0
2023-11-27 12:30:00-05:00,1081.39501953125,1081.9425048828125,1079.364990234375,1079.364990234375,8545,0.0,0.0
2023-11-27 13:30:00-05:00,1080.2099609375,1082.0699462890625,1079.219970703125,1080.27001953125,12182,0.0,0.0
2023-11-27 14:30:00-05:00,1079.3699951171875,1081.9749755859375,1079.3699951171875,1079.844970703125,12951,0.0,0.0
2023-11-27 15:30:00-05:00,1079.9200439453125,1083.280029296875,1078.97998046875,1083.1300048828125,44905,0.0,0.0
2023-11-28 09:30:00-05:00,1077.760009765625,1083.8599853515625,1077.760009765625,1082.949951171875,16716,0.0,0.0
2023-11-28 10:30:00-05:00,1080.9849853515625,1088.2349853515625,1080.9849853515625,1088.2349853515625,8964,0.0,0.0
2023-11-28 11:30:00-05:00,1089.72998046875,1089.72998046875,1080.1724853515625,1084.1949462890625,14168,0.0,0.0
2023-11-28 12:30:00-05:00,1082.3299560546875,1083.449951171875,1080.1400146484375,1083.449951171875,15768,0.0,0.0
2023-11-28 13:30:00-05:00,1083.68994140625,1083.8900146484375,1070.0899658203125,1070.0899658203125,11589,0.0,0.0
2023-11-28 14:30:00-05:00,1069.925048828125,1075.0400390625,1067.5699462890625,1071.260009765625,19380,0.0,0.0
2023-11-28 15:30:00-05:00,1070.9549560546875,1074.56005859375,1067.3599853515625,1073.030029296875,36498,0.0,0.0
2023-11-29 09:30:00-05:00,1084.6700439453125,1099.5999755859375,1084.6700439453125,1098.81005859375,48602,0.0,0.0
2023-11-29 10:30:00-05:00,1098.489990234375,1105.56005859375,1096.8299560546875,1100.800048828125,20522,0.0,0.0
2023-11-29 11:30:00-05:00,1100.0899658203125,1101.97998046875,1087.7049560546875,1088.56494140625,29303,0.0,0.0
2023-11-29 12:30:00-05:00,1092.0250244140625,1092.7099609375,1077.9000244140625,1079.5849609375,19926,0.0,0.0
2023-11-29 13:30:00-05:00,1079.0400390625,1079.8800048828125,1073.2099609375,1073.510009765625,16250,0.0,0.0
2023-11-29 14:30:00-05:00,1074.22998046875,1077.18994140625,1071.6800537109375,1075.75,19487,0.0,0.0
2023-11-29 15:30:00-05:00,1076.31494140625,1076.31494140625,1072.699951171875,1076.1199951171875,37322,0.0,0.0
2023-11-30 09:30:00-05:00,1075.0,1083.010009765625,1073.0301513671875,1073.6199951171875,13706,0.0,0.0
2023-11-30 10:30:00-05:00,1072.0699462890625,1083.949951171875,1070.3699951171875,1083.949951171875,15298,0.0,0.0
2023-11-30 11:30:00-05:00,1083.530029296875,1087.0,1081.81005859375,1081.9599609375,10059,0.0,0.0
2023-11-30 12:30:00-05:00,1080.489990234375,1083.6800537109375,1080.489990234375,1083.5999755859375,11836,0.0,0.0
2023-11-30 13:30:00-05:00,1084.530029296875,1087.8599853515625,1084.530029296875,1086.280029296875,10650,0.0,0.0
2023-11-30 14:30:00-05:00,1087.22998046875,1088.949951171875,1086.81005859375,1087.0400390625,15969,0.0,0.0
2023-11-30 15:30:00-05:00,1087.52001953125,1092.1500244140625,1087.47998046875,1087.949951171875,37959,0.0,0.0
2023-12-01 09:30:00-05:00,1084.969970703125,1106.0899658203125,1083.719970703125,1102.6500244140625,43372,0.0,0.0
2023-12-01 10:30:00-05:00,1101.5350341796875,1114.43994140625,1100.8900146484375,1111.199951171875,29532,0.0,0.0
2023-12-01 11:30:00-05:00,1111.06494140625,1119.969970703125,1109.0799560546875,1117.3900146484375,21838,0.0,0.0
2023-12-01 12:30:00-05:00,1117.489990234375,1124.1199951171875,1117.4749755859375,1123.449951171875,23022,0.0,0.0
2023-12-01 13:30:00-05:00,1124.1199951171875,1125.56005859375,1120.3199462890625,1123.97998046875,22805,0.0,0.0
2023-12-01 14:30:00-05:00,1124.75,1128.5999755859375,1121.6500244140625,1127.280029296875,42713,0.0,0.0
2023-12-01 15:30:00-05:00,1126.3299560546875,1130.469970703125,1124.3299560546875,1127.719970703125,77559,0.0,0.0
2023-12-04 09:30:00-05:00,1120.0,1151.489990234375,1120.0,1132.0799560546875,29504,0.0,0.0
2023-12-04 10:30:00-05:00,1135.06005859375,1135.06005859375,1121.510009765625,1121.510009765625,17416,0.0,0.0
2023-12-04 11:30:00-05:00,1121.56494140625,1124.97998046875,1117.7099609375,1124.18505859375,18287,0.0,0.0
2023-12-04 12:30:00-05:00,1123.0799560546875,1123.0849609375,1118.27001953125,1120.344970703125,9648,0.0,0.0
2023-12-04 13:30:00-05:00,1119.8050537109375,1122.3699951171875,1117.260009765625,1122.3699951171875,15224,0.0,0.0
2023-12-04 14:30:00-05:00,1120.9849853515625,1123.81884765625,1118.56005859375,1123.199951171875,18768,0.0,0.0
2023-12-04 15:30:00-05:00,1123.3199462890625,1125.050048828125,1120.4649658203125,1122.4300537109375,48535,0.0,0.0
2023-12-05 09:30:00-05:00,1115.1400146484375,1124.9000244140625,1110.719970703125,1114.510009765625,14516,0.0,0.0
2023-12-05 10:30:00-05:00,1118.6949462890625,1124.0400390625,1117.800048828125,1119.280029296875,12703,0.0,0.0
2023-12-05 11:30:00-05:00,1120.1600341796875,1125.97998046875,1120.1600341796875,1125.97998046875,15978,0.0,0.0
2023-12-05 12:30:00-05:00,1126.010009765625,1129.06494140625,1120.5550537109375,1128.1300048828125,17535,0.0,0.0
2023-12-05 13:30:00-05:00,1127.97998046875,1127.97998046875,1122.75,1126.72998046875,17471,0.0,0.0
2023-12-05 14:30:00-05:00,1124.6800537109375,1126.6099853515625,1122.39501953125,1126.27001953125,13672,0.0,0.0
2023-12-05 15:30:00-05:00,1127.0699462890625,1131.68994140625,1126.9100341796875,1131.68994140625,31641,0.0,0.0
2023-12-06 09:30:00-05:00,1133.5799560546875,1140.510009765625,1116.2750244140625,1118.0,11926,0.0,0.0
2023-12-06 10:30:00-05:00,1113.719970703125,1120.43505859375,1113.14501953125,1119.8599853515625,19452,0.0,0.0
2023-12-06 11:30:00-05:00,1119.85498046875,1123.6400146484375,1118.25,1118.64501953125,22971,0.0,0.0
2023-12-06 12:30:00-05:00,1120.5,1120.8900146484375,1117.780029296875,1120.489990234375,10873,0.0,0.0
2023-12-06 13:30:00-05:00,1119.3299560546875,1123.3499755859375,1115.93994140625,1116.8699951171875,15916,0.0,0.0
2023-12-06 14:30:00-05:00,1116.405029296875,1117.81005859375,1110.6099853515625,1111.260009765625,13092,0.0,0.0
2023-12-06 15:30:00-05:00,1111.6500244140625,1114.02001953125,1108.1700439453125,1110.1099853515625,33282,0.0,0.0
2023-12-07 09:30:00-05:00,1110.2900390625,1115.0,1099.739990234375,1112.3399658203125,30979,0.0,0.0
2023-12-07 10:30:00-05:00,1113.9849853515625,1113.9849853515625,1108.77001953125,1112.72998046875,15367,0.0,0.0
2023-12-07 11:30:00-05:00,1114.56005859375,1117.0400390625,1112.219970703125,1117.0400390625,5831,0.0,0.0
2023-12-07 12:30:00-05:00,1115.219970703125,1115.6300048828125,1112.260009765625,1115.5699462890625,5165,0.0,0.0
2023-12-07 13:30:00-05:00,1115.6400146484375,1118.3800048828125,1114.9000244140625,1116.1700439453125,8722,0.0,0.0
2023-12-07 14:30:00-05:00,1116.6949462890625,1120.489990234375,1116.2099609375,1119.4749755859375,13105,0.0,0.0
2023-12-07 15:30:00-05:00,1119.06005859375,1119.5699462890625,1115.2550048828125,1117.1700439453125,33812,0.0,0.0
2023-12-08 09:30:00-05:00,1114.1199951171875,1131.8900146484375,1112.9200439453125,1128.3699951171875,19444,0.0,0.0
2023-12-08 10:30:00-05:00,1118.469970703125,1124.9100341796875,1117.1650390625,1119.75,7596,0.0,0.0
2023-12-08 11:30:00-05:00,1120.760009765625,1128.77001953125,1119.9150390625,1128.77001953125,9559,0.0,0.0
2023-12-08 12:30:00-05:00,1128.780029296875,1138.7049560546875,1127.5899658203125,1137.9300537109375,20492,0.0,0.0
2023-12-08 13:30:00-05:00,1137.1199951171875,1137.60498046875,1130.5999755859375,1134.9200439453125,8264,0.0,0.0
2023-12-08 14:30:00-05:00,1136.530029296875,1139.8299560546875,1135.8599853515625,1135.8599853515625,10995,0.0,0.0
2023-12-08 15:30:00-05:00,1136.0400390625,1140.8499755859375,1134.3399658203125,1134.3800048828125,21228,0.0,0.0
2023-12-11 09:30:00-05:00,1131.81005859375,1137.9024658203125,1123.9300537109375,1134.6800537109375,10611,0.0,0.0
2023-12-11 10:30:00-05:00,1135.0,1135.239990234375,1130.10498046875,1132.22998046875,8615,0.0,0.0
2023-12-11 11:30:00-05:00,1131.27001953125,1138.0050048828125,1131.1800537109375,1134.297607421875,16000,0.0,0.0
2023-12-11 12:30:00-05:00,1138.0799560546875,1138.0799560546875,1134.1800537109375,1135.4599609375,11329,0.0,0.0
2023-12-11 13:30:00-05:00,1135.530029296875,1138.9200439453125,1134.0999755859375,1138.9200439453125,21297,0.0,0.0
2023-12-11 14:30:00-05:00,1140.1700439453125,1146.3800048828125,1140.1700439453125,1144.06005859375,15891,0.0,0.0
2023-12-11 15:30:00-05:00,1145.510009765625,1147.52001953125,1143.77001953125,1144.3699951171875,25595,0.0,0.0
2023-12-12 09:30:00-05:00,1140.18994140625,1148.5,1132.72998046875,1145.510009765625,20573,0.0,0.0
2023-12-12 10:30:00-05:00,1144.4100341796875,1148.0,1143.9599609375,1147.3199462890625,21712,0.0,0.0
2023-12-12 11:30:00-05:00,1147.81494140625,1147.81494140625,1144.93994140625,1146.4749755859375,11907,0.0,0.0
2023-12-12 12:30:00-05:00,1146.844970703125,1148.4449462890625,1145.260009765625,1145.949951171875,11044,0.0,0.0
2023-12-12 13:30:00-05:00,1147.35498046875,1151.8299560546875,1146.06005859375,1150.614990234375,11709,0.0,0.0
2023-12-12 14:30:00-05:00,1150.5899658203125,1157.655029296875,1150.5899658203125,1156.7650146484375,10909,0.0,0.0
2023-12-12 15:30:00-05:00,1155.7650146484375,1159.6700439453125,1154.489990234375,1159.0,26269,0.0,0.0
2023-12-13 09:30:00-05:00,1163.2900390625,1171.0,1158.5899658203125,1167.75,16382,0.0,0.0
2023-12-13 10:30:00-05:00,1166.429931640625,1166.510009765625,1163.0699462890625,1163.0699462890625,12387,0.0,0.0
2023-12-13 11:30:00-05:00,1158.592041015625,1162.0999755859375,1158.0400390625,1160.3121337890625,6396,0.0,0.0
2023-12-13 12:30:00-05:00,1161.6300048828125,1163.0,1158.8900146484375,1159.6400146484375,11024,0.0,0.0
2023-12-13 13:30:00-05:00,1160.9300537109375,1172.18994140625,1157.760009765625,1172.18994140625,18591,0.0,0.0
2023-12-13 14:30:00-05:00,1172.344970703125,1183.7900390625,1165.52001953125,1167.2900390625,23494,0.0,0.0
2023-12-13 15:30:00-05:00,1170.0,1171.0150146484375,1164.780029296875,1166.6700439453125,23412,0.0,0.0
2023-12-14 09:30:00-05:00,1181.68994140625,1185.4200439453125,1159.0,1160.4100341796875,40507,0.0,0.0
2023-12-14 10:30:00-05:00,1158.844970703125,1160.3399658203125,1155.4100341796875,1157.7349853515625,18531,0.0,0.0
2023-12-14 11:30:00-05:00,1156.6500244140625,1160.0,1154.52001953125,1157.925048828125,14744,0.0,0.0
2023-12-14 12:30:00-05:00,1157.25,1157.25,1135.4599609375,1136.81005859375,37732,0.0,0.0
2023-12-14 13:30:00-05:00,1137.4100341796875,1142.3900146484375,1134.0899658203125,1140.9000244140625,26643,0.0,0.0
2023-12-14 14:30:00-05:00,1138.6199951171875,1141.3299560546875,1131.905029296875,1132.635009765625,37233,0.0,0.0
2023-12-14 15:30:00-05:00,1132.5,1132.5,1123.56005859375,1130.4200439453125,92399,0.0,0.0
2023-12-15 09:30:00-05:00,1127.1199951171875,1136.6300048828125,1127.1199951171875,1133.0,43729,0.0,0.0
2023-12-15 10:30:00-05:00,1132.3699951171875,1133.72998046875,1126.18505859375,1126.739990234375,35581,0.0,0.0
2023-12-15 11:30:00-05:00,1126.4150390625,1134.6099853515625,1121.530029296875,1134.550048828125,23845,0.0,0.0
2023-12-15 12:30:00-05:00,1133.760009765625,1133.760009765625,1130.300048828125,1131.3349609375,8994,0.0,0.0
2023-12-15 13:30:00-05:00,1133.1800537109375,1133.1800537109375,1125.5,1126.22998046875,15114,0.0,0.0
2023-12-15 14:30:00-05:00,1126.7900390625,1128.31005859375,1124.8199462890625,1126.719970703125,31536,0.0,0.0
2023-12-15 15:30:00-05:00,1126.64501953125,1133.2099609375,1126.3900146484375,1130.81005859375,56607,0.0,0.0
2023-12-18 09:30:00-05:00,1135.0,1142.6700439453125,1135.0,1135.8499755859375,30508,0.0,0.0
2023-12-18 10:30:00-05:00,1134.5849609375,1134.5849609375,1130.7449951171875,1132.6600341796875,12438,0.0,0.0
2023-12-18 11:30:00-05:00,1132.2449951171875,1137.9449462890625,1131.75,1137.93994140625,21555,0.0,0.0
2023-12-18 12:30:00-05:00,1138.6199951171875,1142.5400390625,1138.6199951171875,1141.050048828125,16649,0.0,0.0
2023-12-18 13:30:00-05:00,1141.050048828125,1143.0,1138.9000244140625,1141.6400146484375,18542,0.0,0.0
2023-12-18 14:30:00-05:00,1141.6700439453125,1151.14501953125,1141.300048828125,1150.5400390625,22894,0.0,0.0
2023-12-18 15:30:00-05:00,1150.050048828125,1152.5250244140625,1147.5,1149.2249755859375,36928,0.0,0.0
2023-12-19 09:30:00-05:00,1150.260009765625,1156.0899658203125,1149.7449951171875,1154.3299560546875,11188,0.0,0.0
2023-12-19 10:30:00-05:00,1154.14501953125,1154.22998046875,1150.0699462890625,1151.9949951171875,15683,0.0,0.0
2023-12-19 11:30:00-05:00,1151.6099853515625,1153.0,1149.1600341796875,1151.3800048828125,13678,0.0,0.0
2023-12-19 12:30:00-05:00,1151.8399658203125,1154.1500244140625,1151.489990234375,1151.699951171875,10646,0.0,0.0
2023-12-19 13:30:00-05:00,1152.824951171875,1156.3900146484375,1151.4200439453125,1154.989990234375,15802,0.0,0.0
2023-12-19 14:30:00-05:00,1155.8199462890625,1155.8199462890625,1150.1300048828125,1150.47998046875,14884,0.0,0.0
2023-12-19 15:30:00-05:00,1150.0999755859375,1154.260009765625,1150.0,1151.9300537109375,18608,0.0,0.0
2023-12-20 09:30:00-05:00,1152.510009765625,1174.405029296875,1149.9200439453125,1170.06005859375,18753,0.0,0.0
2023-12-20 10:30:00-05:00,1173.949951171875,1177.280029296875,1171.5,1173.0400390625,14015,0.0,0.0
2023-12-20 11:30:00-05:00,1176.030029296875,1180.56005859375,1175.1800537109375,1178.3699951171875,10004,0.0,0.0
2023-12-20 12:30:00-05:00,1177.7900390625,1178.0849609375,1174.2099609375,1176.0,8344,0.0,0.0
2023-12-20 13:30:00-05:00,1178.0400390625,1179.3299560546875,1174.72998046875,1174.72998046875,9577,0.0,0.0
2023-12-20 14:30:00-05:00,1170.9000244140625,1170.9000244140625,1159.60009765625,1159.60009765625,15548,0.0,0.0
2023-12-20 15:30:00-05:00,1161.969970703125,1161.969970703125,1154.3199462890625,1156.260009765625,23688,0.0,0.0
2023-12-21 09:30:00-05:00,1162.22998046875,1172.199951171875,1159.56005859375,1159.56005859375,10003,0.0,0.0
2023-12-21 10:30:00-05:00,1156.8199462890625,1160.6600341796875,1156.8199462890625,1158.1300048828125,6083,0.0,0.0
2023-12-21 11:30:00-05:00,1158.2900390625,1161.2149658203125,1156.1400146484375,1158.1099853515625,4618,0.0,0.0
2023-12-21 12:30:00-05:00,1157.4200439453125,1158.2900390625,1155.530029296875,1158.2900390625,3542,0.0,0.0
2023-12-21 13:30:00-05:00,1156.75,1161.1099853515625,1154.5699462890625,1158.3199462890625,9326,0.0,0.0
2023-12-21 14:30:00-05:00,1157.8399658203125,1163.5899658203125,1157.635009765625,1163.56005859375,14448,0.0,0.0
2023-12-21 15:30:00-05:00,1163.9000244140625,1167.3199462890625,1161.5899658203125,1166.8900146484375,23008,0.0,0.0
2023-12-22 09:30:00-05:00,1175.6099853515625,1175.6099853515625,1160.260009765625,1162.5999755859375,9423,0.0,0.0
2023-12-22 10:30:00-05:00,1166.8621826171875,1166.8621826171875,1161.4599609375,1164.77001953125,6000,0.0,0.0
2023-12-22 11:30:00-05:00,1166.4000244140625,1170.0699462890625,1166.4000244140625,1168.9599609375,5761,0.0,0.0
2023-12-22 12:30:00-05:00,1167.699951171875,1173.010009765625,1167.699951171875,1172.5999755859375,4835,0.0,0.0
2023-12-22 13:30:00-05:00,1172.885009765625,1174.1800537109375,1165.9771728515625,1167.1500244140625,9840,0.0,0.0
2023-12-22 14:30:00-05:00,1170.510009765625,1173.0799560546875,1168.6600341796875,1171.52001953125,8072,0.0,0.0
2023-12-22 15:30:00-05:00,1170.1199951171875,1170.625,1168.5699462890625,1169.6400146484375,11083,0.0,0.0
2023-12-26 09:30:00-05:00,1175.1700439453125,1175.1700439453125,1165.780029296875,1168.0450439453125,6921,0.0,0.0
2023-12-26 10:30:00-05:00,1166.9100341796875,1166.9100341796875,1163.8199462890625,1164.3299560546875,8195,0.0,0.0
2023-12-26 11:30:00-05:00,1163.68994140625,1165.06005859375,1163.3360595703125,1163.3360595703125,5507,0.0,0.0
2023-12-26 12:30:00-05:00,1162.2900390625,1164.5849609375,1162.2900390625,1163.9100341796875,6663,0.0,0.0
2023-12-26 13:30:00-05:00,1163.8900146484375,1165.1500244140625,1162.5899658203125,1162.949951171875,11913,0.0,0.0
2023-12-26 14:30:00-05:00,1162.2950439453125,1163.550048828125,1160.5699462890625,1162.969970703125,12398,0.0,0.0
2023-12-26 15:30:00-05:00,1163.125,1166.7099609375,1162.10498046875,1165.530029296875,30914,0.0,0.0
2023-12-27 09:30:00-05:00,1163.989990234375,1169.4000244140625,1163.989990234375,1168.2099609375,13656,0.0,0.0
2023-12-27 10:30:00-05:00,1162.5899658203125,1169.9300537109375,1162.3349609375,1168.594970703125,6875,0.0,0.0
2023-12-27 11:30:00-05:00,1168.56494140625,1173.739990234375,1167.760009765625,1170.0899658203125,10953,0.0,0.0
2023-12-27 12:30:00-05:00,1171.1300048828125,1175.3499755859375,1169.632080078125,1174.0899658203125,7482,0.0,0.0
2023-12-27 13:30:00-05:00,1172.6949462890625,1174.0,1168.5,1170.56005859375,16599,0.0,0.0
2023-12-27 14:30:00-05:00,1169.530029296875,1171.31494140625,1167.3299560546875,1168.469970703125,10707,0.0,0.0
2023-12-27 15:30:00-05:00,1169.77001953125,1172.27001953125,1168.1009521484375,1172.25,22001,0.0,0.0
2023-12-28 09:30:00-05:00,1172.280029296875,1172.280029296875,1167.8800048828125,1170.75,6582,0.0,0.0
2023-12-28 10:30:00-05:00,1170.2099609375,1170.77001953125,1167.0400390625,1169.9949951171875,5698,0.0,0.0
2023-12-28 11:30:00-05:00,1169.1099853515625,1173.0,1168.0250244140625,1169.0,6730,0.0,0.0
2023-12-28 12:30:00-05:00,1167.8599853515625,1170.1099853515625,1167.8599853515625,1169.3299560546875,5123,0.0,0.0
2023-12-28 13:30:00-05:00,1168.14501953125,1171.199951171875,1168.14501953125,1168.4749755859375,6367,0.0,0.0
2023-12-28 14:30:00-05:00,1172.2900390625,1173.7099609375,1170.81494140625,1171.3299560546875,2753,0.0,0.0
2023-12-28 15:30:00-05:00,1171.22998046875,1171.239990234375,1167.77001953125,1169.4300537109375,15411,0.0,0.0
2023-12-29 09:30:00-05:00,1168.0999755859375,1176.219970703125,1167.2149658203125,1168.6800537109375,17197,0.0,0.0
2023-12-29 10:30:00-05:00,1165.3199462890625,1169.2099609375,1163.300048828125,1164.2550048828125,5127,0.0,0.0
2023-12-29 11:30:00-05:00,1160.7149658203125,1161.93994140625,1155.2650146484375,1159.0050048828125,8202,0.0,0.0
2023-12-29 12:30:00-05:00,1157.4649658203125,1164.780029296875,1157.4649658203125,1163.0899658203125,5998,0.0,0.0
2023-12-29 13:30:00-05:00,1163.8050537109375,1163.8599853515625,1161.469970703125,1163.469970703125,5888,0.0,0.0
2023-12-29 14:30:00-05:00,1161.5,1165.5,1161.5,1165.5,8354,0.0,0.0
2023-12-29 15:30:00-05:00,1164.449951171875,1166.6099853515625,1161.5550537109375,1165.5899658203125,21542,0.0,0.0
2024-01-02 09:30:00-05:00,1152.4000244140625,1158.010009765625,1124.06005859375,1128.1600341796875,31655,0.0,0.0
2024-01-02 10:30:00-05:00,1129.43994140625,1129.43994140625,1119.8800048828125,1124.699951171875,24651,0.0,0.0
2024-01-02 11:30:00-05:00,1125.8800048828125,1126.14501953125,1123.31005859375,1125.0,14797,0.0,0.0
2024-01-02 12:30:00-05:00,1122.6700439453125,1124.72998046875,1120.0,1124.72998046875,9332,0.0,0.0
2024-01-02 13:30:00-05:00,1122.81005859375,1126.125,1121.239990234375,1125.31005859375,14748,0.0,0.0
2024-01-02 14:30:00-05:00,1126.3599853515625,1126.3599853515625,1123.4200439453125,1124.949951171875,21319,0.0,0.0
2024-01-02 15:30:00-05:00,1125.0,1132.3199462890625,1120.0,1131.75,47844,0.0,0.0
2024-01-03 09:30:00-05:00,1131.1600341796875,1135.0,1120.030029296875,1129.469970703125,19080,0.0,0.0
2024-01-03 10:30:00-05:00,1129.0550537109375,1130.6199951171875,1121.64501953125,1123.0899658203125,19178,0.0,0.0
2024-01-03 11:30:00-05:00,1121.739990234375,1124.68994140625,1121.27001953125,1122.739990234375,9548,0.0,0.0
2024-01-03 12:30:00-05:00,1122.344970703125,1123.3800048828125,1116.1199951171875,1123.3800048828125,10990,0.0,0.0
2024-01-03 13:30:00-05:00,1123.030029296875,1128.905029296875,1122.43505859375,1124.0899658203125,10830,0.0,0.0
2024-01-03 14:30:00-05:00,1129.389892578125,1129.3900146484375,1122.449951171875,1124.3900146484375,12554,0.0,0.0
2024-01-03 15:30:00-05:00,1124.7550048828125,1125.6650390625,1120.239990234375,1123.280029296875,24924,0.0,0.0
2024-01-04 09:30:00-05:00,1124.0899658203125,1132.9300537109375,1124.0899658203125,1130.0,12689,0.0,0.0
2024-01-04 10:30:00-05:00,1130.9749755859375,1132.2099609375,1124.6600341796875,1126.1099853515625,5946,0.0,0.0
2024-01-04 11:30:00-05:00,1125.824951171875,1127.6199951171875,1122.969970703125,1124.4549560546875,12087,0.0,0.0
2024-01-04 12:30:00-05:00,1124.469970703125,1124.469970703125,1122.0,1123.81494140625,5482,0.0,0.0
2024-01-04 13:30:00-05:00,1124.449951171875,1125.030029296875,1121.77001953125,1124.2900390625,5624,0.0,0.0
2024-01-04 14:30:00-05:00,1123.219970703125,1125.5,1118.0,1118.0,8233,0.0,0.0
2024-01-04 15:30:00-05:00,1119.7099609375,1119.7099609375,1115.094970703125,1116.06005859375,24705,0.0,0.0
2024-01-05 09:30:00-05:00,1115.52001953125,1132.4000244140625,1113.18994140625,1119.02001953125,17368,0.0,0.0
2024-01-05 10:30:00-05:00,1117.885009765625,1121.1600341796875,1113.760009765625,1114.4949951171875,6987,0.0,0.0
2024-01-05 11:30:00-05:00,1114.6500244140625,1123.3800048828125,1114.280029296875,1116.1300048828125,11900,0.0,0.0
2024-01-05 12:30:00-05:00,1117.72998046875,1120.0,1114.344970703125,1119.8399658203125,12512,0.0,0.0
2024-01-05 13:30:00-05:00,1123.989990234375,1126.1500244140625,1122.0450439453125,1122.0450439453125,8896,0.0,0.0
2024-01-05 14:30:00-05:00,1120.989990234375,1120.989990234375,1113.3499755859375,1114.4599609375,25009,0.0,0.0
2024-01-05 15:30:00-05:00,1113.5899658203125,1120.56005859375,1113.4449462890625,1116.550048828125,26128,0.0,0.0
2024-01-08 09:30:00-05:00,1120.9200439453125,1130.6300048828125,1115.81005859375,1129.2900390625,24303,0.0,0.0
2024-01-08 10:30:00-05:00,1130.6300048828125,1134.199951171875,1126.85498046875,1129.3900146484375,11590,0.0,0.0
2024-01-08 11:30:00-05:00,1130.1099853515625,1138.1800537109375,1128.1600341796875,1136.9100341796875,12730,0.0,0.0
2024-01-08 12:30:00-05:00,1137.1400146484375,1142.3499755859375,1137.1400146484375,1140.2449951171875,6180,0.0,0.0
2024-01-08 13:30:00-05:00,1139.8499755859375,1144.239990234375,1139.280029296875,1144.239990234375,7746,0.0,0.0
2024-01-08 14:30:00-05:00,1144.81494140625,1151.050048828125,1143.635009765625,1150.4599609375,21100,0.0,0.0
2024-01-08 15:30:00-05:00,1150.4300537109375,1154.52001953125,1149.3499755859375,1152.27001953125,24938,0.0,0.0
2024-01-09 09:30:00-05:00,1144.8399658203125,1151.2900390625,1139.75,1149.3399658203125,10974,0.0,0.0
2024-01-09 10:30:00-05:00,1149.449951171875,1154.5899658203125,1145.2099609375,1152.364990234375,10170,0.0,0.0
2024-01-09 11:30:00-05:00,1152.35498046875,1163.93994140625,1149.02001953125,1155.4599609375,21096,0.0,0.0
2024-01-09 12:30:00-05:00,1157.0999755859375,1157.260009765625,1154.280029296875,1155.1099853515625,5637,0.0,0.0
2024-01-09 13:30:00-05:00,1155.1800537109375,1161.8399658203125,1155.135009765625,1161.0101318359375,7580,0.0,0.0
2024-01-09 14:30:00-05:00,1161.010009765625,1162.8900146484375,1159.2900390625,1162.8900146484375,8524,0.0,0.0
2024-01-09 15:30:00-05:00,1160.6500244140625,1160.949951171875,1155.4200439453125,1160.9200439453125,19504,0.0,0.0
2024-01-10 09:30:00-05:00,1168.3299560546875,1177.9300537109375,1165.77001953125,1177.9300537109375,15416,0.0,0.0
2024-01-10 10:30:00-05:00,1180.7900390625,1181.3499755859375,1177.5999755859375,1179.7449951171875,8450,0.0,0.0
2024-01-10 11:30:00-05:00,1181.14501953125,1184.6800537109375,1181.125,1183.25,9919,0.0,0.0
2024-01-10 12:30:00-05:00,1183.010009765625,1189.182373046875,1183.010009765625,1188.3599853515625,22498,0.0,0.0
2024-01-10 13:30:00-05:00,1194.0,1194.6199951171875,1190.6400146484375,1192.0999755859375,8695,0.0,0.0
2024-01-10 14:30:00-05:00,1192.1099853515625,1194.739990234375,1190.64501953125,1191.6700439453125,19208,0.0,0.0
2024-01-10 15:30:00-05:00,1193.510009765625,1200.3399658203125,1193.219970703125,1200.25,26380,0.0,0.0
2024-01-11 09:30:00-05:00,1204.27001953125,1207.97998046875,1191.0999755859375,1198.6400146484375,20828,0.0,0.0
2024-01-11 10:30:00-05:00,1199.9599609375,1200.75,1190.5699462890625,1192.699951171875,8433,0.0,0.0
2024-01-11 11:30:00-05:00,1192.81005859375,1194.510009765625,1191.8499755859375,1194.510009765625,6328,0.0,0.0
2024-01-11 12:30:00-05:00,1194.719970703125,1198.6700439453125,1194.719970703125,1198.6600341796875,4709,0.0,0.0
2024-01-11 13:30:00-05:00,1200.594970703125,1202.72998046875,1199.7099609375,1201.4449462890625,6403,0.0,0.0
2024-01-11 14:30:00-05:00,1203.949951171875,1208.2850341796875,1203.1400146484375,1208.2850341796875,10713,0.0,0.0
2024-01-11 15:30:00-05:00,1210.0,1215.68994140625,1208.93994140625,1215.56005859375,17666,0.0,0.0
2024-01-12 09:30:00-05:00,1221.1199951171875,1231.4998779296875,1215.77001953125,1226.9599609375,19347,0.0,0.0
2024-01-12 10:30:00-05:00,1228.760009765625,1229.9000244140625,1221.4300537109375,1224.1500244140625,15120,0.0,0.0
2024-01-12 11:30:00-05:00,1224.2900390625,1225.010009765625,1221.9300537109375,1223.6400146484375,6805,0.0,0.0
2024-01-12 12:30:00-05:00,1223.0,1227.280029296875,1222.6600341796875,1225.8699951171875,8902,0.0,0.0
2024-01-12 13:30:00-05:00,1225.219970703125,1226.4300537109375,1221.9150390625,1226.4300537109375,7000,0.0,0.0
2024-01-12 14:30:00-05:00,1225.1754150390625,1226.56494140625,1222.989990234375,1225.1199951171875,9610,0.0,0.0
2024-01-12 15:30:00-05:00,1225.760009765625,1231.1600341796875,1225.760009765625,1230.030029296875,24377,0.0,0.0
2024-01-16 09:30:00-05:00,1230.0,1254.4200439453125,1230.0,1249.969970703125,79608,0.0,0.0
2024-01-16 10:30:00-05:00,1249.0250244140625,1251.1800537109375,1235.4100341796875,1236.010009765625,32933,0.0,0.0
2024-01-16 11:30:00-05:00,1235.06005859375,1236.4300537109375,1225.0699462890625,1226.8800048828125,16275,0.0,0.0
2024-01-16 12:30:00-05:00,1223.6099853515625,1227.9549560546875,1222.75,1226.47998046875,9623,0.0,0.0
2024-01-16 13:30:00-05:00,1224.4300537109375,1225.06494140625,1211.5849609375,1214.7900390625,14105,0.0,0.0
2024-01-16 14:30:00-05:00,1214.7900390625,1223.3800048828125,1214.7900390625,1222.4449462890625,15243,0.0,0.0
2024-01-16 15:30:00-05:00,1222.385009765625,1223.4200439453125,1219.260009765625,1223.239990234375,18799,0.0,0.0
2024-01-17 09:30:00-05:00,1220.0,1226.22998046875,1204.68994140625,1210.0,24608,0.0,0.0
2024-01-17 10:30:00-05:00,1210.1800537109375,1220.3800048828125,1207.93994140625,1216.8699951171875,14961,0.0,0.0
2024-01-17 11:30:00-05:00,1217.510009765625,1220.22998046875,1214.8199462890625,1214.8199462890625,13508,0.0,0.0
2024-01-17 12:30:00-05:00,1214.81494140625,1220.31005859375,1214.81494140625,1215.0,8869,0.0,0.0
2024-01-17 13:30:00-05:00,1215.010009765625,1223.0,1215.0,1222.0899658203125,7083,0.0,0.0
2024-01-17 14:30:00-05:00,1224.9200439453125,1225.510009765625,1220.3699951171875,1223.864990234375,16909,0.0,0.0
2024-01-17 15:30:00-05:00,1222.97998046875,1231.2349853515625,1222.97998046875,1230.9990234375,34894,0.0,0.0
2024-01-18 09:30:00-05:00,1237.25,1249.8199462890625,1232.6199951171875,1240.25,29909,0.0,0.0
2024-01-18 10:30:00-05:00,1240.06494140625,1242.2750244140625,1238.4100341796875,1241.77001953125,6852,0.0,0.0
2024-01-18 11:30:00-05:00,1244.6300048828125,1244.8399658203125,1232.949951171875,1238.60498046875,16714,0.0,0.0
2024-01-18 12:30:00-05:00,1236.93994140625,1236.93994140625,1231.989990234375,1235.0899658203125,6217,0.0,0.0
2024-01-18 13:30:00-05:00,1241.8499755859375,1250.93994140625,1241.8499755859375,1248.1199951171875,11518,0.0,0.0
2024-01-18 14:30:00-05:00,1247.2850341796875,1249.97998046875,1245.3900146484375,1249.97998046875,12398,0.0,0.0
2024-01-18 15:30:00-05:00,1251.6400146484375,1253.4749755859375,1249.260009765625,1249.75,19210,0.0,0.0
2024-01-19 09:30:00-05:00,1260.25,1260.25,1248.02001953125,1251.6300048828125,22064,0.0,0.0
2024-01-19 10:30:00-05:00,1250.5,1255.25,1250.5,1255.25,11435,0.0,0.0
2024-01-19 11:30:00-05:00,1255.800048828125,1255.800048828125,1250.6099853515625,1253.3800048828125,12297,0.0,0.0
2024-01-19 12:30:00-05:00,1253.8050537109375,1257.5,1253.8050537109375,1256.010009765625,10391,0.0,0.0
2024-01-19 13:30:00-05:00,1258.8349609375,1266.7064208984375,1258.7900390625,1265.43994140625,19932,0.0,0.0
2024-01-19 14:30:00-05:00,1265.8199462890625,1265.8199462890625,1261.1099853515625,1263.1199951171875,22853,0.0,0.0
2024-01-19 15:30:00-05:00,1261.9200439453125,1262.52001953125,1259.31005859375,1259.31005859375,32403,0.0,0.0
2024-01-22 09:30:00-05:00,1272.0,1280.5400390625,1264.52001953125,1273.510009765625,26335,0.0,0.0
2024-01-22 10:30:00-05:00,1269.739990234375,1286.449951171875,1269.739990234375,1285.89501953125,17388,0.0,0.0
2024-01-22 11:30:00-05:00,1286.7249755859375,1297.449951171875,1286.7249755859375,1293.6700439453125,40045,0.0,0.0
2024-01-22 12:30:00-05:00,1293.6500244140625,1294.574951171875,1279.3900146484375,1279.3900146484375,22866,0.0,0.0
2024-01-22 13:30:00-05:00,1280.27001953125,1285.0,1278.719970703125,1282.1099853515625,11543,0.0,0.0
2024-01-22 14:30:00-05:00,1282.31005859375,1289.9000244140625,1280.530029296875,1286.6949462890625,21652,0.0,0.0
2024-01-22 15:30:00-05:00,1288.8399658203125,1288.8399658203125,1284.010009765625,1288.3199462890625,36101,0.0,0.0
2024-01-23 09:30:00-05:00,1280.0,1291.4755859375,1263.3599853515625,1280.8699951171875,26605,0.0,0.0
2024-01-23 10:30:00-05:00,1280.1300048828125,1280.1300048828125,1271.49755859375,1276.199951171875,23556,0.0,0.0
2024-01-23 11:30:00-05:00,1276.81005859375,1278.280029296875,1272.5999755859375,1273.5899658203125,10403,0.0,0.0
2024-01-23 12:30:00-05:00,1273.4849853515625,1274.9200439453125,1271.5899658203125,1272.1400146484375,12916,0.0,0.0
2024-01-23 13:30:00-05:00,1272.1199951171875,1280.5999755859375,1267.97998046875,1278.7349853515625,22309,0.0,0.0
2024-01-23 14:30:00-05:00,1280.260009765625,1281.6099853515625,1275.3399658203125,1281.280029296875,16988,0.0,0.0
2024-01-23 15:30:00-05:00,1281.405029296875,1286.239990234375,1281.405029296875,1281.6300048828125,39814,0.0,0.0
2024-01-24 09:30:00-05:00,1307.1400146484375,1307.1400146484375,1293.510009765625,1294.5050048828125,28141,0.0,0.0
2024-01-24 10:30:00-05:00,1293.199951171875,1297.0,1289.2049560546875,1294.1300048828125,15512,0.0,0.0
2024-01-24 11:30:00-05:00,1292.31005859375,1295.1600341796875,1287.6099853515625,1293.4100341796875,9822,0.0,0.0
2024-01-24 12:30:00-05:00,1291.6199951171875,1292.77001953125,1284.72998046875,1287.5150146484375,11884,0.0,0.0
2024-01-24 13:30:00-05:00,1287.0,1287.4000244140625,1280.0,1280.0,20339,0.0,0.0
2024-01-24 14:30:00-05:00,1280.9000244140625,1281.9599609375,1274.8299560546875,1275.72998046875,20157,0.0,0.0
2024-01-24 15:30:00-05:00,1275.18505859375,1281.6500244140625,1274.550048828125,1277.1800537109375,36148,0.0,0.0
2024-01-25 09:30:00-05:00,1286.9200439453125,1292.1700439453125,1276.0,1287.1600341796875,18625,0.0,0.0
2024-01-25 10:30:00-05:00,1287.4000244140625,1289.510009765625,1283.8499755859375,1284.93505859375,13570,0.0,0.0
2024-01-25 11:30:00-05:00,1285.9100341796875,1286.0999755859375,1280.0,1280.0,13854,0.0,0.0
2024-01-25 12:30:00-05:00,1278.4200439453125,1280.7900390625,1275.4599609375,1276.010009765625,14410,0.0,0.0
2024-01-25 13:30:00-05:00,1276.280029296875,1281.614990234375,1276.219970703125,1281.614990234375,11948,0.0,0.0
2024-01-25 14:30:00-05:00,1280.3399658203125,1282.010009765625,1278.3199462890625,1279.135009765625,15001,0.0,0.0
2024-01-25 15:30:00-05:00,1279.8699951171875,1284.47998046875,1273.8900146484375,1284.47998046875,49901,0.0,0.0
2024-01-26 09:30:00-05:00,1235.5,1275.9200439453125,1224.4000244140625,1247.7900390625,84822,0.0,0.0
2024-01-26 10:30:00-05:00,1250.949951171875,1251.0450439453125,1230.0,1232.5899658203125,52530,0.0,0.0
2024-01-26 11:30:00-05:00,1232.77001953125,1232.97998046875,1210.5899658203125,1212.0350341796875,33754,0.0,0.0
2024-01-26 12:30:00-05:00,1211.199951171875,1216.5400390625,1201.9300537109375,1215.9150390625,42911,0.0,0.0
2024-01-26 13:30:00-05:00,1215.5555419921875,1218.489990234375,1211.5799560546875,1215.9300537109375,26867,0.0,0.0
2024-01-26 14:30:00-05:00,1216.7025146484375,1218.8050537109375,1208.8824462890625,1208.8824462890625,69342,0.0,0.0
2024-01-26 15:30:00-05:00,1210.7900390625,1212.1949462890625,1195.010009765625,1196.2900390625,60555,0.0,0.0
2024-01-29 09:30:00-05:00,1200.0,1228.3575439453125,1199.0400390625,1214.4300537109375,35322,0.0,0.0
2024-01-29 10:30:00-05:00,1212.52001953125,1212.52001953125,1202.989990234375,1202.989990234375,17172,0.0,0.0
2024-01-29 11:30:00-05:00,1206.81005859375,1212.0999755859375,1206.2349853515625,1210.1800537109375,13654,0.0,0.0
2024-01-29 12:30:00-05:00,1210.6949462890625,1216.3599853515625,1208.3349609375,1213.1650390625,29805,0.0,0.0
2024-01-29 13:30:00-05:00,1213.3050537109375,1220.260009765625,1213.3050537109375,1219.5550537109375,10555,0.0,0.0
2024-01-29 14:30:00-05:00,1220.4300537109375,1226.5,1220.4300537109375,1223.6400146484375,23328,0.0,0.0
2024-01-29 15:30:00-05:00,1221.5,1222.550048828125,1216.5,1221.0999755859375,41602,0.0,0.0
2024-01-30 09:30:00-05:00,1216.6199951171875,1222.719970703125,1207.6700439453125,1208.760009765625,25402,0.0,0.0
2024-01-30 10:30:00-05:00,1207.239990234375,1211.8399658203125,1205.41748046875,1211.8399658203125,11695,0.0,0.0
2024-01-30 11:30:00-05:00,1212.8699951171875,1214.0849609375,1205.1500244140625,1206.7249755859375,10842,0.0,0.0
2024-01-30 12:30:00-05:00,1204.9300537109375,1209.3800048828125,1203.1800537109375,1209.3800048828125,14461,0.0,0.0
2024-01-30 13:30:00-05:00,1208.030029296875,1210.2099609375,1198.9000244140625,1201.6199951171875,25928,0.0,0.0
2024-01-30 14:30:00-05:00,1201.81005859375,1203.0,1197.8800048828125,1201.969970703125,31136,0.0,0.0
2024-01-30 15:30:00-05:00,1201.219970703125,1203.260009765625,1196.989990234375,1198.5899658203125,20802,0.0,0.0
2024-01-31 09:30:00-05:00,1197.3399658203125,1208.8699951171875,1188.77001953125,1189.239990234375,15709,0.0,0.0
2024-01-31 10:30:00-05:00,1191.2900390625,1209.030029296875,1187.8900146484375,1206.9400634765625,19242,0.0,0.0
2024-01-31 11:30:00-05:00,1209.5150146484375,1214.0899658203125,1206.199951171875,1209.6500244140625,24718,0.0,0.0
2024-01-31 12:30:00-05:00,1211.239990234375,1211.550048828125,1207.6600341796875,1210.1099853515625,11422,0.0,0.0
2024-01-31 13:30:00-05:00,1206.97998046875,1210.1099853515625,1201.3800048828125,1204.1099853515625,20487,0.0,0.0
2024-01-31 14:30:00-05:00,1204.6700439453125,1219.3399658203125,1200.3599853515625,1200.5999755859375,26751,0.0,0.0
2024-01-31 15:30:00-05:00,1200.3900146484375,1200.47998046875,1192.8375244140625,1197.6199951171875,37291,0.0,0.0
2024-02-01 09:30:00-05:00,1198.8299560546875,1213.3399658203125,1198.8299560546875,1212.47998046875,20651,0.0,0.0
2024-02-01 10:30:00-05:00,1214.4150390625,1218.510009765625,1212.4200439453125,1213.9749755859375,14534,0.0,0.0
2024-02-01 11:30:00-05:00,1212.1300048828125,1226.0699462890625,1211.073974609375,1221.4599609375,17215,0.0,0.0
2024-02-01 12:30:00-05:00,1222.030029296875,1232.56005859375,1222.0,1229.9599609375,13242,0.0,0.0
2024-02-01 13:30:00-05:00,1232.0400390625,1236.550048828125,1230.239990234375,1233.31005859375,8725,0.0,0.0
2024-02-01 14:30:00-05:00,1234.4200439453125,1242.550048828125,1234.4200439453125,1241.0999755859375,21949,0.0,0.0
2024-02-01 15:30:00-05:00,1241.97998046875,1243.6500244140625,1239.989990234375,1243.6400146484375,28530,0.0,0.0
2024-02-02 09:30:00-05:00,1243.199951171875,1246.6099853515625,1239.97998046875,1245.31494140625,16934,0.0,0.0
2024-02-02 10:30:00-05:00,1243.3499755859375,1248.9000244140625,1240.43994140625,1248.9000244140625,12515,0.0,0.0
2024-02-02 11:30:00-05:00,1251.239990234375,1256.0699462890625,1250.300048828125,1255.43994140625,13630,0.0,0.0
2024-02-02 12:30:00-05:00,1255.6400146484375,1255.6400146484375,1251.18994140625,1252.800048828125,12620,0.0,0.0
2024-02-02 13:30:00-05:00,1250.8800048828125,1254.4300537109375,1250.530029296875,1252.989990234375,11312,0.0,0.0
2024-02-02 14:30:00-05:00,1253.1949462890625,1256.5450439453125,1251.4300537109375,1256.5450439453125,15865,0.0,0.0
2024-02-02 15:30:00-05:00,1257.5,1257.5,1252.68994140625,1253.1700439453125,15030,0.0,0.0
2024-02-05 09:30:00-05:00,1256.1300048828125,1256.1300048828125,1233.8699951171875,1238.0400390625,14403,0.0,0.0
2024-02-05 10:30:00-05:00,1238.800048828125,1247.030029296875,1238.2850341796875,1244.6175537109375,13408,0.0,0.0
2024-02-05 11:30:00-05:00,1243.9000244140625,1246.6800537109375,1242.31494140625,1246.010009765625,9466,0.0,0.0
2024-02-05 12:30:00-05:00,1251.1800537109375,1256.5899658203125,1251.1800537109375,1254.27001953125,8256,0.0,0.0
2024-02-05 13:30:00-05:00,1254.31005859375,1255.6800537109375,1252.949951171875,1255.06005859375,8343,0.0,0.0
2024-02-05 14:30:00-05:00,1255.9599609375,1258.7900390625,1253.3699951171875,1256.6700439453125,10282,0.0,0.0
2024-02-05 15:30:00-05:00,1257.9560546875,1257.9560546875,1254.7449951171875,1255.5899658203125,14816,0.0,0.0
2024-02-06 09:30:00-05:00,1259.81005859375,1259.81005859375,1243.27001953125,1248.0899658203125,16881,0.0,0.0
2024-02-06 10:30:00-05:00,1247.3199462890625,1247.3199462890625,1235.719970703125,1236.1099853515625,12733,0.0,0.0
2024-02-06 11:30:00-05:00,1235.4150390625,1241.8199462890625,1230.385009765625,1241.8199462890625,23391,0.0,0.0
2024-02-06 12:30:00-05:00,1240.0,1246.97998046875,1240.0,1245.719970703125,23852,0.0,0.0
2024-02-06 13:30:00-05:00,1247.35498046875,1253.135009765625,1247.0,1251.0400390625,11045,0.0,0.0
2024-02-06 14:30:00-05:00,1249.2099609375,1259.530029296875,1249.199951171875,1258.9100341796875,18914,0.0,0.0
2024-02-06 15:30:00-05:00,1257.81494140625,1264.239990234375,1255.1300048828125,1260.6700439453125,37404,0.0,0.0
2024-02-07 09:30:00-05:00,1263.6300048828125,1278.300048828125,1261.9599609375,1274.7099609375,17812,0.0,0.0
2024-02-07 10:30:00-05:00,1275.0,1283.010009765625,1274.375,1280.3050537109375,18587,0.0,0.0
2024-02-07 11:30:00-05:00,1279.866455078125,1279.866455078125,1274.9200439453125,1277.800048828125,14957,0.0,0.0
2024-02-07 12:30:00-05:00,1276.25,1286.510009765625,1275.3699951171875,1285.010009765625,15299,0.0,0.0
2024-02-07 13:30:00-05:00,1285.9000244140625,1286.3299560546875,1280.02001953125,1286.3299560546875,15387,0.0,0.0
2024-02-07 14:30:00-05:00,1285.8800048828125,1286.75,1280.7650146484375,1281.530029296875,22011,0.0,0.0
2024-02-07 15:30:00-05:00,1280.4200439453125,1283.3399658203125,1279.720947265625,1281.3499755859375,29649,0.0,0.0
2024-02-08 09:30:00-05:00,1283.22998046875,1307.969970703125,1283.22998046875,1307.1099853515625,35732,0.0,0.0
2024-02-08 10:30:00-05:00,1305.72998046875,1318.8399658203125,1304.0999755859375,1317.9300537109375,19611,0.0,0.0
2024-02-08 11:30:00-05:00,1316.9000244140625,1317.9300537109375,1313.0899658203125,1315.2550048828125,11927,0.0,0.0
2024-02-08 12:30:00-05:00,1314.0799560546875,1315.2550048828125,1306.6300048828125,1312.1199951171875,17172,0.0,0.0
2024-02-08 13:30:00-05:00,1322.1500244140625,1323.56005859375,1319.5,1322.10498046875,18023,0.0,0.0
2024-02-08 14:30:00-05:00,1320.1199951171875,1322.5,1317.43505859375,1321.8499755859375,24092,0.0,0.0
2024-02-08 15:30:00-05:00,1320.2099609375,1325.0,1320.0,1322.2099609375,38408,0.0,0.0
2024-02-09 09:30:00-05:00,1327.949951171875,1336.385009765625,1320.6700439453125,1320.6700439453125,18988,0.0,0.0
2024-02-09 10:30:00-05:00,1320.6600341796875,1328.8699951171875,1320.22998046875,1325.25,11070,0.0,0.0
2024-02-09 11:30:00-05:00,1325.300048828125,1326.050048828125,1319.7900390625,1319.89501953125,9312,0.0,0.0
2024-02-09 12:30:00-05:00,1319.7900390625,1326.7099609375,1317.4200439453125,1326.7099609375,11278,0.0,0.0
2024-02-09 13:30:00-05:00,1324.9599609375,1326.8199462890625,1321.2900390625,1325.3699951171875,8359,0.0,0.0
2024-02-09 14:30:00-05:00,1326.06005859375,1326.2650146484375,1321.1800537109375,1322.780029296875,13310,0.0,0.0
2024-02-09 15:30:00-05:00,1325.0,1325.239990234375,1322.2099609375,1322.780029296875,22462,0.0,0.0
2024-02-12 09:30:00-05:00,1333.9300537109375,1333.9300537109375,1304.010009765625,1308.9351806640625,31525,0.0,0.0
2024-02-12 10:30:00-05:00,1308.469970703125,1319.5699462890625,1307.572021484375,1311.8900146484375,15636,0.0,0.0
2024-02-12 11:30:00-05:00,1310.0,1310.5,1306.719970703125,1309.010009765625,11749,0.0,0.0
2024-02-12 12:30:00-05:00,1303.780029296875,1305.22998046875,1302.719970703125,1305.22998046875,7716,0.0,0.0
2024-02-12 13:30:00-05:00,1302.010009765625,1306.5899658203125,1295.02001953125,1304.010009765625,24184,0.0,0.0
2024-02-12 14:30:00-05:00,1309.949951171875,1310.0,1300.4849853515625,1300.8699951171875,15938,0.0,0.0
2024-02-12 15:30:00-05:00,1299.4100341796875,1301.010009765625,1296.6400146484375,1301.010009765625,27056,0.0,0.0
2024-02-13 09:30:00-05:00,1269.6800537109375,1275.0,1257.780029296875,1275.0,29908,0.0,0.0
2024-02-13 10:30:00-05:00,1275.0,1287.18994140625,1275.0,1282.967529296875,11819,0.0,0.0
2024-02-13 11:30:00-05:00,1281.47998046875,1289.8800048828125,1280.1700439453125,1280.449951171875,13963,0.0,0.0
2024-02-13 12:30:00-05:00,1282.3199462890625,1287.5799560546875,1277.7249755859375,1287.5799560546875,16002,0.0,0.0
2024-02-13 13:30:00-05:00,1286.1300048828125,1287.27001953125,1274.9300537109375,1276.9100341796875,17330,0.0,0.0
2024-02-13 14:30:00-05:00,1277.280029296875,1278.18994140625,1265.52001953125,1268.02001953125,25520,0.0,0.0
2024-02-13 15:30:00-05:00,1266.27001953125,1270.0999755859375,1265.1500244140625,1269.780029296875,31717,0.0,0.0
2024-02-14 09:30:00-05:00,1283.56005859375,1294.4150390625,1283.56005859375,1292.27001953125,16261,0.0,0.0
2024-02-14 10:30:00-05:00,1290.925048828125,1291.0050048828125,1279.864990234375,1280.627197265625,8644,0.0,0.0
2024-02-14 11:30:00-05:00,1281.4599609375,1285.6300048828125,1279.425048828125,1280.949951171875,10601,0.0,0.0
2024-02-14 12:30:00-05:00,1283.0550537109375,1287.780029296875,1283.0,1284.9599609375,8179,0.0,0.0
2024-02-14 13:30:00-05:00,1286.949951171875,1294.239990234375,1286.844970703125,1288.0799560546875,11886,0.0,0.0
2024-02-14 14:30:00-05:00,1288.69384765625,1289.56005859375,1287.0,1289.56005859375,9867,0.0,0.0
2024-02-14 15:30:00-05:00,1291.3199462890625,1297.77001953125,1289.010009765625,1293.8599853515625,36056,0.0,0.0
2024-02-15 09:30:00-05:00,1299.6400146484375,1303.5799560546875,1283.2249755859375,1293.0799560546875,21133,0.0,0.0
2024-02-15 10:30:00-05:00,1295.8399658203125,1307.1650390625,1293.7049560546875,1304.5699462890625,12571,0.0,0.0
2024-02-15 11:30:00-05:00,1303.5,1303.5,1292.260009765625,1295.760009765625,8900,0.0,0.0
2024-02-15 12:30:00-05:00,1295.43505859375,1297.43505859375,1294.3800048828125,1294.9000244140625,6639,0.0,0.0
2024-02-15 13:30:00-05:00,1290.7900390625,1297.1300048828125,1290.7900390625,1296.0799560546875,6741,0.0,0.0
2024-02-15 14:30:00-05:00,1297.6099853515625,1306.75,1297.6099853515625,1300.8900146484375,10718,0.0,0.0
2024-02-15 15:30:00-05:00,1300.9000244140625,1307.489990234375,1300.9000244140625,1303.9599609375,28828,0.0,0.0
2024-02-16 09:30:00-05:00,1295.8800048828125,1304.22998046875,1289.1500244140625,1289.3499755859375,13796,0.0,0.0
2024-02-16 10:30:00-05:00,1290.9000244140625,1301.7900390625,1290.72998046875,1301.7900390625,7250,0.0,0.0
2024-02-16 11:30:00-05:00,1297.550048828125,1299.3199462890625,1295.0,1296.699951171875,5307,0.0,0.0
2024-02-16 12:30:00-05:00,1298.280029296875,1298.43994140625,1292.1199951171875,1292.1199951171875,9131,0.0,0.0
2024-02-16 13:30:00-05:00,1292.219970703125,1299.3800048828125,1291.43994140625,1296.1199951171875,11231,0.0,0.0
2024-02-16 14:30:00-05:00,1295.175048828125,1295.175048828125,1285.0,1286.3699951171875,10939,0.0,0.0
2024-02-16 15:30:00-05:00,1285.72998046875,1285.72998046875,1280.5999755859375,1283.050048828125,26370,0.0,0.0
2024-02-20 09:30:00-05:00,1278.760009765625,1278.760009765625,1254.7900390625,1257.9000244140625,23925,0.0,0.0
2024-02-20 10:30:00-05:00,1254.9749755859375,1263.8399658203125,1252.68994140625,1263.7099609375,16281,0.0,0.0
2024-02-20 11:30:00-05:00,1263.9000244140625,1263.9000244140625,1255.5400390625,1256.3399658203125,7561,0.0,0.0
2024-02-20 12:30:00-05:00,1259.0899658203125,1259.0899658203125,1253.81005859375,1256.405029296875,18131,0.0,0.0
2024-02-20 13:30:00-05:00,1255.6199951171875,1260.25,1255.6199951171875,1258.3499755859375,7678,0.0,0.0
2024-02-20 14:30:00-05:00,1258.3699951171875,1263.5400390625,1258.3699951171875,1262.675048828125,10967,0.0,0.0
2024-02-20 15:30:00-05:00,1261.22998046875,1261.4100341796875,1255.97998046875,1259.949951171875,34120,0.0,0.0
2024-02-21 09:30:00-05:00,1248.9100341796875,1259.3800048828125,1223.8800048828125,1238.97998046875,25800,0.0,0.0
2024-02-21 10:30:00-05:00,1236.7900390625,1237.114990234375,1231.550048828125,1233.0250244140625,12028,0.0,0.0
2024-02-21 11:30:00-05:00,1234.3299560546875,1236.8399658203125,1232.4300537109375,1234.4200439453125,11576,0.0,0.0
2024-02-21 12:30:00-05:00,1236.6099853515625,1242.3800048828125,1236.6099853515625,1242.219970703125,11135,0.0,0.0
2024-02-21 13:30:00-05:00,1243.27001953125,1250.8599853515625,1239.2099609375,1239.2099609375,7840,0.0,0.0
2024-02-21 14:30:00-05:00,1238.5699462890625,1241.8699951171875,1236.989990234375,1240.594970703125,14531,0.0,0.0
2024-02-21 15:30:00-05:00,1242.3399658203125,1247.3699951171875,1242.3399658203125,1247.1500244140625,24608,0.0,0.0
2024-02-22 09:30:00-05:00,1277.52001953125,1290.0,1267.3800048828125,1275.3900146484375,24351,0.0,0.0
2024-02-22 10:30:00-05:00,1276.135009765625,1281.050048828125,1273.8499755859375,1279.7349853515625,11522,0.0,0.0
2024-02-22 11:30:00-05:00,1280.5350341796875,1280.969970703125,1275.9749755859375,1278.47998046875,10649,0.0,0.0
2024-02-22 12:30:00-05:00,1278.8599853515625,1288.1500244140625,1277.5999755859375,1283.7349853515625,18560,0.0,0.0
2024-02-22 13:30:00-05:00,1284.219970703125,1290.77001953125,1281.27001953125,1290.77001953125,15588,0.0,0.0
2024-02-22 14:30:00-05:00,1290.9200439453125,1290.9200439453125,1284.425048828125,1286.6700439453125,15929,0.0,0.0
2024-02-22 15:30:00-05:00,1287.655029296875,1290.5400390625,1283.8699951171875,1286.3699951171875,21870,0.0,0.0
2024-02-23 09:30:00-05:00,1291.8900146484375,1296.3599853515625,1279.5899658203125,1283.010009765625,15252,0.0,0.0
2024-02-23 10:30:00-05:00,1283.6300048828125,1288.3900146484375,1268.2900390625,1274.4599609375,22172,0.0,0.0
2024-02-23 11:30:00-05:00,1275.489990234375,1278.655029296875,1274.4500732421875,1276.4449462890625,11265,0.0,0.0
2024-02-23 12:30:00-05:00,1275.0899658203125,1287.8299560546875,1274.8800048828125,1287.8299560546875,8970,0.0,0.0
2024-02-23 13:30:00-05:00,1285.7650146484375,1286.1400146484375,1282.4100341796875,1284.0,8469,0.0,0.0
2024-02-23 14:30:00-05:00,1286.18994140625,1289.5699462890625,1279.9300537109375,1281.5150146484375,10974,0.0,0.0
2024-02-23 15:30:00-05:00,1281.219970703125,1288.1400146484375,1281.219970703125,1283.5799560546875,19219,0.0,0.0
2024-02-26 09:30:00-05:00,1292.9200439453125,1296.5699462890625,1289.989990234375,1294.2850341796875,11998,0.0,0.0
2024-02-26 10:30:00-05:00,1298.4100341796875,1299.75,1292.699951171875,1294.6300048828125,8890,0.0,0.0
2024-02-26 11:30:00-05:00,1295.3699951171875,1306.199951171875,1292.239990234375,1304.5899658203125,12611,0.0,0.0
2024-02-26 12:30:00-05:00,1305.9000244140625,1306.010009765625,1300.0849609375,1300.9100341796875,8999,0.0,0.0
2024-02-26 13:30:00-05:00,1300.010009765625,1303.25,1297.9599609375,1301.6800537109375,7962,0.0,0.0
2024-02-26 14:30:00-05:00,1299.5699462890625,1303.949951171875,1298.3199462890625,1298.3199462890625,7835,0.0,0.0
2024-02-26 15:30:00-05:00,1295.3299560546875,1297.239990234375,1288.22998046875,1289.699951171875,30327,0.0,0.0
2024-02-27 09:30:00-05:00,1280.780029296875,1288.75,1271.2900390625,1277.5,12045,0.0,0.0
2024-02-27 10:30:00-05:00,1274.1949462890625,1278.4100341796875,1272.56005859375,1274.7049560546875,15820,0.0,0.0
2024-02-27 11:30:00-05:00,1274.1300048828125,1278.260009765625,1274.1300048828125,1278.1600341796875,8638,0.0,0.0
2024-02-27 12:30:00-05:00,1278.1600341796875,1278.1600341796875,1271.02001953125,1273.0,10898,0.0,0.0
2024-02-27 13:30:00-05:00,1273.0999755859375,1274.239990234375,1271.4100341796875,1272.5699462890625,7444,0.0,0.0
2024-02-27 14:30:00-05:00,1277.02001953125,1279.300048828125,1276.300048828125,1276.300048828125,6333,0.0,0.0
2024-02-27 15:30:00-05:00,1275.0,1278.0,1273.2900390625,1277.3499755859375,16039,0.0,0.0
2024-02-28 09:30:00-05:00,1273.8599853515625,1285.9599609375,1273.8599853515625,1282.31005859375,16619,0.0,0.0
2024-02-28 10:30:00-05:00,1282.8599853515625,1286.800048828125,1279.949951171875,1279.949951171875,8307,0.0,0.0
2024-02-28 11:30:00-05:00,1278.68994140625,1280.800048828125,1277.5,1279.43994140625,10135,0.0,0.0
2024-02-28 12:30:00-05:00,1278.2900390625,1280.719970703125,1277.1199951171875,1280.719970703125,10910,0.0,0.0
2024-02-28 13:30:00-05:00,1277.0,1278.8599853515625,1276.3399658203125,1276.3399658203125,8617,0.0,0.0
2024-02-28 14:30:00-05:00,1277.219970703125,1278.9100341796875,1275.4599609375,1276.199951171875,6532,0.0,0.0
2024-02-28 15:30:00-05:00,1278.6099853515625,1278.6099853515625,1274.280029296875,1275.0400390625,14151,0.0,0.0
2024-02-29 09:30:00-05:00,1279.3399658203125,1283.93994140625,1265.199951171875,1270.9599609375,13476,0.0,0.0
2024-02-29 10:30:00-05:00,1274.8800048828125,1284.27001953125,1274.1400146484375,1279.5400390625,10316,0.0,0.0
2024-02-29 11:30:00-05:00,1278.5400390625,1280.81005859375,1275.050048828125,1280.81005859375,8411,0.0,0.0
2024-02-29 12:30:00-05:00,1280.392822265625,1281.9300537109375,1278.0699462890625,1278.3900146484375,9699,0.0,0.0
2024-02-29 13:30:00-05:00,1279.0999755859375,1279.0999755859375,1273.0400390625,1276.18994140625,7380,0.0,0.0
2024-02-29 14:30:00-05:00,1275.1600341796875,1275.300048828125,1270.0,1275.0400390625,12562,0.0,0.0
2024-02-29 15:30:00-05:00,1273.469970703125,1273.469970703125,1267.9200439453125,1268.4000244140625,33027,0.0,0.0
2024-03-01 09:30:00-05:00,1266.47998046875,1286.074951171875,1263.64501953125,1282.4100341796875,29496,0.0,0.0
2024-03-01 10:30:00-05:00,1281.1031494140625,1288.0,1278.199951171875,1288.0,17195,0.0,0.0
2024-03-01 11:30:00-05:00,1285.0699462890625,1291.014892578125,1282.1500244140625,1291.014892578125,11437,0.0,0.0
2024-03-01 12:30:00-05:00,1292.1600341796875,1294.3900146484375,1290.27001953125,1293.02001953125,6136,0.0,0.0
2024-03-01 13:30:00-05:00,1294.3199462890625,1294.3199462890625,1291.2049560546875,1292.8499755859375,8892,0.0,0.0
2024-03-01 14:30:00-05:00,1293.5799560546875,1296.5699462890625,1289.739990234375,1295.2850341796875,11371,0.0,0.0
2024-03-01 15:30:00-05:00,1295.2900390625,1297.6300048828125,1290.81005859375,1295.1600341796875,25678,0.0,0.0
2024-03-04 09:30:00-05:00,1295.0400390625,1308.9300537109375,1293.10498046875,1306.4300537109375,13222,0.0,0.0
2024-03-04 10:30:00-05:00,1310.719970703125,1315.0,1308.0,1315.0,10432,0.0,0.0
2024-03-04 11:30:00-05:00,1313.905029296875,1315.8399658203125,1312.9849853515625,1313.8699951171875,8028,0.0,0.0
2024-03-04 12:30:00-05:00,1314.93505859375,1315.4300537109375,1310.0400390625,1310.0400390625,9316,0.0,0.0
2024-03-04 13:30:00-05:00,1307.3699951171875,1308.8299560546875,1304.510009765625,1308.489990234375,12845,0.0,0.0
2024-03-04 14:30:00-05:00,1306.422607421875,1307.760009765625,1301.074951171875,1304.27001953125,10147,0.0,0.0
2024-03-04 15:30:00-05:00,1303.93994140625,1303.93994140625,1300.7449951171875,1303.030029296875,9839,0.0,0.0
2024-03-05 09:30:00-05:00,1297.3699951171875,1297.3699951171875,1277.9100341796875,1277.9100341796875,24545,0.0,0.0
2024-03-05 10:30:00-05:00,1271.4200439453125,1271.8199462890625,1252.739990234375,1270.6300048828125,28203,0.0,0.0
2024-03-05 11:30:00-05:00,1270.3800048828125,1277.3199462890625,1270.1600341796875,1274.0,10240,0.0,0.0
2024-03-05 12:30:00-05:00,1273.6300048828125,1274.1400146484375,1265.635009765625,1265.635009765625,14532,0.0,0.0
2024-03-05 13:30:00-05:00,1261.27001953125,1265.280029296875,1259.030029296875,1262.260009765625,12994,0.0,0.0
2024-03-05 14:30:00-05:00,1264.0,1264.0,1248.030029296875,1249.0999755859375,27059,0.0,0.0
2024-03-05 15:30:00-05:00,1249.9000244140625,1265.529052734375,1249.9000244140625,1264.1500244140625,27719,0.0,0.0
2024-03-06 09:30:00-05:00,1278.4200439453125,1287.47998046875,1268.56005859375,1280.2249755859375,18485,0.0,0.0
2024-03-06 10:30:00-05:00,1280.0550537109375,1288.2650146484375,1277.219970703125,1286.3299560546875,10748,0.0,0.0
2024-03-06 11:30:00-05:00,1287.31005859375,1289.7750244140625,1285.3050537109375,1285.3050537109375,6388,0.0,0.0
2024-03-06 12:30:00-05:00,1285.27001953125,1286.9649658203125,1279.1099853515625,1283.7249755859375,9593,0.0,0.0
2024-03-06 13:30:00-05:00,1285.6500244140625,1287.780029296875,1281.3499755859375,1285.5,12146,0.0,0.0
2024-03-06 14:30:00-05:00,1280.4200439453125,1284.1800537109375,1278.75,1283.0899658203125,13276,0.0,0.0
2024-03-06 15:30:00-05:00,1283.5899658203125,1290.5,1283.1500244140625,1288.1199951171875,22374,0.0,0.0
2024-03-07 09:30:00-05:00,1300.0,1318.550048828125,1295.2049560546875,1315.989990234375,33946,0.0,0.0
2024-03-07 10:30:00-05:00,1313.8699951171875,1319.0,1313.8299560546875,1318.8399658203125,15441,0.0,0.0
2024-03-07 11:30:00-05:00,1318.8599853515625,1328.8199462890625,1318.021240234375,1322.489990234375,17597,0.0,0.0
2024-03-07 12:30:00-05:00,1325.7900390625,1326.1400146484375,1322.27001953125,1326.0,15322,0.0,0.0
2024-03-07 13:30:00-05:00,1325.9000244140625,1332.1400146484375,1323.7149658203125,1331.260009765625,17632,0.0,0.0
2024-03-07 14:30:00-05:00,1332.5799560546875,1332.5799560546875,1323.0899658203125,1328.949951171875,16591,0.0,0.0
2024-03-07 15:30:00-05:00,1329.9000244140625,1335.0400390625,1327.469970703125,1334.97998046875,34475,0.0,0.0
2024-03-08 09:30:00-05:00,1336.3699951171875,1349.75048828125,1336.3699951171875,1344.75,18340,0.0,0.0
2024-03-08 10:30:00-05:00,1341.5699462890625,1346.68994140625,1331.9000244140625,1331.9000244140625,9647,0.0,0.0
2024-03-08 11:30:00-05:00,1326.9599609375,1326.9599609375,1317.0,1317.7900390625,8100,0.0,0.0
2024-03-08 12:30:00-05:00,1319.699951171875,1323.0,1306.2249755859375,1308.7900390625,18539,0.0,0.0
2024-03-08 13:30:00-05:00,1310.760009765625,1310.9100341796875,1296.0,1310.9100341796875,21686,0.0,0.0
2024-03-08 14:30:00-05:00,1311.050048828125,1314.449951171875,1301.0050048828125,1301.0050048828125,9211,0.0,0.0
2024-03-08 15:30:00-05:00,1301.31494140625,1302.3199462890625,1297.824951171875,1298.510009765625,28525,0.0,0.0
2024-03-11 09:30:00-04:00,1288.2900390625,1294.9599609375,1263.8800048828125,1273.6099853515625,23487,0.0,0.0
2024-03-11 10:30:00-04:00,1274.5400390625,1278.0400390625,1267.260009765625,1274.22998046875,16699,0.0,0.0
2024-03-11 11:30:00-04:00,1270.0,1272.760009765625,1270.0,1271.2099609375,12595,0.0,0.0
2024-03-11 12:30:00-04:00,1271.25,1272.4200439453125,1266.0,1267.9100341796875,14645,0.0,0.0
2024-03-11 13:30:00-04:00,1267.9100341796875,1275.3499755859375,1262.8599853515625,1275.3499755859375,9797,0.0,0.0
2024-03-11 14:30:00-04:00,1280.9300537109375,1283.6400146484375,1275.949951171875,1283.6400146484375,13021,0.0,0.0
2024-03-11 15:30:00-04:00,1283.72998046875,1284.949951171875,1277.20068359375,1283.800048828125,20785,0.0,0.0
2024-03-12 09:30:00-04:00,1289.4200439453125,1306.75,1282.8399658203125,1306.300048828125,19803,0.0,0.0
2024-03-12 10:30:00-04:00,1310.0,1318.1300048828125,1303.9200439453125,1318.1199951171875,17019,0.0,0.0
2024-03-12 11:30:00-04:00,1318.9599609375,1318.9599609375,1311.6600341796875,1313.72998046875,10904,0.0,0.0
2024-03-12 12:30:00-04:00,1314.5150146484375,1315.81005859375,1307.4100341796875,1310.625,8410,0.0,0.0
2024-03-12 13:30:00-04:00,1311.1600341796875,1325.06005859375,1311.1600341796875,1325.06005859375,16454,0.0,0.0
2024-03-12 14:30:00-04:00,1326.6300048828125,1331.969970703125,1323.4000244140625,1326.8199462890625,21290,0.0,0.0
2024-03-12 15:30:00-04:00,1327.574951171875,1330.2550048828125,1322.3349609375,1330.1500244140625,30882,0.0,0.0
2024-03-13 09:30:00-04:00,1324.22998046875,1327.5400390625,1298.8800048828125,1311.5050048828125,32626,0.0,0.0
2024-03-13 10:30:00-04:00,1313.0,1316.0400390625,1306.75,1306.9300537109375,14277,0.0,0.0
2024-03-13 11:30:00-04:00,1302.4849853515625,1306.1400146484375,1283.280029296875,1285.1800537109375,31683,0.0,0.0
2024-03-13 12:30:00-04:00,1280.6300048828125,1294.0550537109375,1280.6300048828125,1289.3299560546875,17835,0.0,0.0
2024-03-13 13:30:00-04:00,1289.3299560546875,1298.6500244140625,1279.6600341796875,1281.1400146484375,47311,0.0,0.0
2024-03-13 14:30:00-04:00,1283.75,1289.6700439453125,1221.300048828125,1228.5849609375,64772,0.0,0.0
2024-03-13 15:30:00-04:00,1232.2099609375,1255.0,1230.52001953125,1245.52001953125,90514,0.0,0.0
2024-03-14 09:30:00-04:00,1251.52001953125,1258.77001953125,1198.77001953125,1201.1700439453125,67349,0.0,0.0
2024-03-14 10:30:00-04:00,1202.0050048828125,1219.0,1198.47998046875,1203.5150146484375,52188,0.0,0.0
2024-03-14 11:30:00-04:00,1202.9300537109375,1206.8699951171875,1198.489990234375,1202.7449951171875,30258,0.0,0.0
2024-03-14 12:30:00-04:00,1203.0999755859375,1206.9150390625,1196.885009765625,1203.385009765625,35179,0.0,0.0
2024-03-14 13:30:00-04:00,1202.77001953125,1206.4100341796875,1199.6500244140625,1201.6658935546875,28853,0.0,0.0
2024-03-14 14:30:00-04:00,1200.550048828125,1208.1700439453125,1192.75,1199.5550537109375,52868,0.0,0.0
2024-03-14 15:30:00-04:00,1198.510009765625,1203.18994140625,1194.699951171875,1203.18994140625,57450,0.0,0.0
2024-03-15 09:30:00-04:00,1188.0999755859375,1193.3299560546875,1181.0,1192.7225341796875,44996,0.0,0.0
2024-03-15 10:30:00-04:00,1192.1800537109375,1202.625,1190.9300537109375,1199.260009765625,25766,0.0,0.0
2024-03-15 11:30:00-04:00,1201.25,1203.0699462890625,1193.27001953125,1195.3050537109375,19320,0.0,0.0
2024-03-15 12:30:00-04:00,1199.5899658203125,1201.68994140625,1196.6099853515625,1199.6400146484375,10992,0.0,0.0
2024-03-15 13:30:00-04:00,1200.0,1208.02001953125,1200.0,1204.56005859375,24231,0.0,0.0
2024-03-15 14:30:00-04:00,1206.3399658203125,1213.6300048828125,1204.93994140625,1212.6500244140625,39548,0.0,0.0
2024-03-15 15:30:00-04:00,1213.510009765625,1213.510009765625,1207.4100341796875,1211.93994140625,64263,0.0,0.0
2024-03-18 09:30:00-04:00,1217.969970703125,1254.989990234375,1217.969970703125,1232.219970703125,37834,0.0,0.0
2024-03-18 10:30:00-04:00,1231.6199951171875,1231.6199951171875,1216.3350830078125,1222.239990234375,29111,0.0,0.0
2024-03-18 11:30:00-04:00,1223.2950439453125,1225.9200439453125,1220.510009765625,1224.260009765625,9101,0.0,0.0
2024-03-18 12:30:00-04:00,1226.4000244140625,1229.3599853515625,1223.5,1228.1400146484375,11012,0.0,0.0
2024-03-18 13:30:00-04:00,1226.8349609375,1229.760009765625,1224.6300048828125,1228.760009765625,9973,0.0,0.0
2024-03-18 14:30:00-04:00,1228.5699462890625,1228.5699462890625,1223.56005859375,1224.280029296875,12206,0.0,0.0
2024-03-18 15:30:00-04:00,1224.824951171875,1224.8499755859375,1219.9649658203125,1222.5999755859375,32972,0.0,0.0
2024-03-19 09:30:00-04:00,1216.8199462890625,1228.6199951171875,1210.0,1217.800048828125,17473,0.0,0.0
2024-03-19 10:30:00-04:00,1216.824951171875,1223.050048828125,1213.550048828125,1222.050048828125,17583,0.0,0.0
2024-03-19 11:30:00-04:00,1220.9100341796875,1230.3399658203125,1218.56005859375,1230.3399658203125,16862,0.0,0.0
2024-03-19 12:30:00-04:00,1230.52001953125,1234.2099609375,1228.2900390625,1230.18994140625,12823,0.0,0.0
2024-03-19 13:30:00-04:00,1228.719970703125,1231.2099609375,1225.6099853515625,1229.239990234375,13598,0.0,0.0
2024-03-19 14:30:00-04:00,1230.5899658203125,1237.0400390625,1229.1099853515625,1233.030029296875,13191,0.0,0.0
2024-03-19 15:30:00-04:00,1232.3399658203125,1239.72998046875,1230.9100341796875,1235.25,27619,0.0,0.0
2024-03-20 09:30:00-04:00,1243.3800048828125,1247.1300048828125,1228.02001953125,1236.8499755859375,10852,0.0,0.0
2024-03-20 10:30:00-04:00,1235.43994140625,1239.9200439453125,1233.8399658203125,1239.77001953125,8141,0.0,0.0
2024-03-20 11:30:00-04:00,1239.074951171875,1246.0050048828125,1239.074951171875,1246.0050048828125,5866,0.0,0.0
2024-03-20 12:30:00-04:00,1245.8499755859375,1246.2099609375,1237.8399658203125,1237.8399658203125,9903,0.0,0.0
2024-03-20 13:30:00-04:00,1237.8399658203125,1243.5699462890625,1235.4300537109375,1242.2449951171875,11174,0.0,0.0
2024-03-20 14:30:00-04:00,1236.0799560546875,1244.239990234375,1232.5699462890625,1237.9300537109375,10900,0.0,0.0
2024-03-20 15:30:00-04:00,1241.85498046875,1246.25,1237.22998046875,1243.5999755859375,27647,0.0,0.0
2024-03-21 09:30:00-04:00,1258.760009765625,1261.8900146484375,1241.4100341796875,1260.824951171875,20334,0.0,0.0
2024-03-21 10:30:00-04:00,1261.0250244140625,1280.800048828125,1258.5699462890625,1274.68994140625,20889,0.0,0.0
2024-03-21 11:30:00-04:00,1274.4649658203125,1282.530029296875,1274.4649658203125,1278.5350341796875,9133,0.0,0.0
2024-03-21 12:30:00-04:00,1277.199951171875,1283.969970703125,1274.6400146484375,1281.280029296875,8483,0.0,0.0
2024-03-21 13:30:00-04:00,1283.699951171875,1287.4599609375,1280.0,1284.469970703125,12682,0.0,0.0
2024-03-21 14:30:00-04:00,1284.5,1284.6500244140625,1278.68994140625,1283.68994140625,8359,0.0,0.0
2024-03-21 15:30:00-04:00,1280.9200439453125,1283.739990234375,1275.35498046875,1280.0999755859375,30993,0.0,0.0
2024-03-22 09:30:00-04:00,1280.0,1286.0,1270.6199951171875,1272.3499755859375,36322,0.0,0.0
2024-03-22 10:30:00-04:00,1275.22998046875,1278.0,1264.094970703125,1267.780029296875,15260,0.0,0.0
2024-03-22 11:30:00-04:00,1269.8900146484375,1274.0,1268.030029296875,1271.2850341796875,13779,0.0,0.0
2024-03-22 12:30:00-04:00,1271.1099853515625,1275.5699462890625,1267.5899658203125,1274.1500244140625,17937,0.0,0.0
2024-03-22 13:30:00-04:00,1269.989990234375,1279.719970703125,1269.989990234375,1279.280029296875,13976,0.0,0.0
2024-03-22 14:30:00-04:00,1277.844970703125,1278.510009765625,1271.260009765625,1275.239990234375,19437,0.0,0.0
2024-03-22 15:30:00-04:00,1273.8499755859375,1277.260009765625,1270.280029296875,1276.6500244140625,39322,0.0,0.0
2024-03-25 09:30:00-04:00,1276.739990234375,1276.739990234375,1266.1400146484375,1267.4300537109375,7124,0.0,0.0
2024-03-25 10:30:00-04:00,1266.8299560546875,1269.8499755859375,1262.989990234375,1262.989990234375,18242,0.0,0.0
2024-03-25 11:30:00-04:00,1260.199951171875,1267.0,1260.18994140625,1265.8800048828125,9444,0.0,0.0
2024-03-25 12:30:00-04:00,1265.949951171875,1266.449951171875,1265.35498046875,1266.27001953125,4822,0.0,0.0
2024-03-25 13:30:00-04:00,1266.375,1275.4100341796875,1266.375,1269.27001953125,8723,0.0,0.0
2024-03-25 14:30:00-04:00,1267.68994140625,1269.3199462890625,1263.2650146484375,1267.97998046875,24965,0.0,0.0
2024-03-25 15:30:00-04:00,1268.8199462890625,1268.8199462890625,1263.43994140625,1263.800048828125,12755,0.0,0.0
2024-03-26 09:30:00-04:00,1277.18994140625,1284.4300537109375,1276.02001953125,1276.02001953125,9467,0.0,0.0
2024-03-26 10:30:00-04:00,1274.0,1283.5799560546875,1271.300048828125,1282.4849853515625,20199,0.0,0.0
2024-03-26 11:30:00-04:00,1280.8399658203125,1281.969970703125,1275.449951171875,1275.449951171875,13436,0.0,0.0
2024-03-26 12:30:00-04:00,1277.5799560546875,1285.550048828125,1277.5799560546875,1284.7900390625,10276,0.0,0.0
2024-03-26 13:30:00-04:00,1285.739990234375,1287.81005859375,1283.43994140625,1286.0,10132,0.0,0.0
2024-03-26 14:30:00-04:00,1287.0,1290.125,1284.449951171875,1287.0999755859375,19042,0.0,0.0
2024-03-26 15:30:00-04:00,1285.449951171875,1286.8499755859375,1280.989990234375,1283.780029296875,28594,0.0,0.0
2024-03-27 09:30:00-04:00,1292.0,1307.97998046875,1280.02001953125,1284.1700439453125,28816,0.0,0.0
2024-03-27 10:30:00-04:00,1281.7099609375,1282.1800537109375,1271.06005859375,1274.9599609375,13469,0.0,0.0
2024-03-27 11:30:00-04:00,1273.6700439453125,1275.239990234375,1268.6300048828125,1268.6300048828125,10435,0.0,0.0
2024-03-27 12:30:00-04:00,1266.699951171875,1268.3499755859375,1266.1905517578125,1268.3499755859375,5721,0.0,0.0
2024-03-27 13:30:00-04:00,1269.8900146484375,1269.89501953125,1266.3699951171875,1267.050048828125,8654,0.0,0.0
2024-03-27 14:30:00-04:00,1263.9749755859375,1263.9749755859375,1255.02001953125,1256.81494140625,15746,0.0,0.0
2024-03-27 15:30:00-04:00,1259.3699951171875,1265.02001953125,1258.47998046875,1258.5,28564,0.0,0.0
2024-03-28 09:30:00-04:00,1259.1099853515625,1276.47998046875,1252.3599853515625,1252.3599853515625,9086,0.0,0.0
2024-03-28 10:30:00-04:00,1254.489990234375,1257.510009765625,1252.3699951171875,1255.10498046875,10900,0.0,0.0
2024-03-28 11:30:00-04:00,1254.1199951171875,1256.7900390625,1253.77001953125,1254.31005859375,11900,0.0,0.0
2024-03-28 12:30:00-04:00,1259.0699462890625,1259.219970703125,1255.5799560546875,1257.114013671875,8466,0.0,0.0
2024-03-28 13:30:00-04:00,1255.75,1260.3800048828125,1255.550048828125,1256.4300537109375,9221,0.0,0.0
2024-03-28 14:30:00-04:00,1255.8050537109375,1259.02001953125,1254.510009765625,1257.60009765625,10636,0.0,0.0
2024-03-28 15:30:00-04:00,1259.6500244140625,1259.6500244140625,1248.5699462890625,1248.5699462890625,38792,0.0,0.0
2024-04-01 09:30:00-04:00,1249.6099853515625,1265.739990234375,1247.9300537109375,1253.7850341796875,18330,0.0,0.0
2024-04-01 10:30:00-04:00,1253.6700439453125,1260.780029296875,1253.2650146484375,1260.5699462890625,17594,0.0,0.0
2024-04-01 11:30:00-04:00,1258.780029296875,1260.25,1257.739990234375,1259.81005859375,6897,0.0,0.0
2024-04-01 12:30:00-04:00,1258.9000244140625,1262.0,1255.0699462890625,1256.4100341796875,8834,0.0,0.0
2024-04-01 13:30:00-04:00,1256.97998046875,1261.8399658203125,1254.3699951171875,1254.3699951171875,7124,0.0,0.0
2024-04-01 14:30:00-04:00,1254.280029296875,1255.2249755859375,1252.0,1252.699951171875,10634,0.0,0.0
2024-04-01 15:30:00-04:00,1251.5899658203125,1255.06005859375,1248.949951171875,1252.0400390625,30489,0.0,0.0
2024-04-02 09:30:00-04:00,1233.5799560546875,1242.9200439453125,1224.81005859375,1227.0849609375,17010,0.0,0.0
2024-04-02 10:30:00-04:00,1226.72998046875,1233.6400146484375,1226.72998046875,1231.31494140625,21464,0.0,0.0
2024-04-02 11:30:00-04:00,1228.9300537109375,1234.18994140625,1226.8599853515625,1232.364990234375,13205,0.0,0.0
2024-04-02 12:30:00-04:00,1232.364990234375,1235.4200439453125,1230.4200439453125,1233.655029296875,8066,0.0,0.0
2024-04-02 13:30:00-04:00,1233.655029296875,1243.3499755859375,1233.655029296875,1242.0050048828125,11968,0.0,0.0
2024-04-02 14:30:00-04:00,1241.2149658203125,1243.0899658203125,1238.4849853515625,1240.4949951171875,11569,0.0,0.0
2024-04-02 15:30:00-04:00,1240.625,1247.4599609375,1240.625,1245.3599853515625,28443,0.0,0.0
2024-04-03 09:30:00-04:00,1229.6099853515625,1252.0,1229.6099853515625,1252.0,12934,0.0,0.0
2024-04-03 10:30:00-04:00,1252.0,1256.9949951171875,1247.8800048828125,1256.9949951171875,6670,0.0,0.0
2024-04-03 11:30:00-04:00,1257.27001953125,1257.3599853515625,1249.699951171875,1253.1800537109375,10110,0.0,0.0
2024-04-03 12:30:00-04:00,1254.300048828125,1257.280029296875,1254.300048828125,1257.18994140625,5953,0.0,0.0
2024-04-03 13:30:00-04:00,1261.6700439453125,1261.739990234375,1260.5699462890625,1261.739990234375,4258,0.0,0.0
2024-04-03 14:30:00-04:00,1259.3199462890625,1259.3199462890625,1249.530029296875,1251.22998046875,7113,0.0,0.0
2024-04-03 15:30:00-04:00,1251.6300048828125,1254.9200439453125,1247.8199462890625,1250.1400146484375,19591,0.0,0.0
2024-04-04 09:30:00-04:00,1260.6099853515625,1266.8599853515625,1244.02001953125,1255.0999755859375,14115,0.0,0.0
2024-04-04 10:30:00-04:00,1257.3499755859375,1257.3499755859375,1254.06005859375,1254.5400390625,5684,0.0,0.0
2024-04-04 11:30:00-04:00,1256.280029296875,1259.5699462890625,1256.280029296875,1257.260009765625,4592,0.0,0.0
2024-04-04 12:30:00-04:00,1257.260009765625,1262.1600341796875,1257.260009765625,1262.1600341796875,6065,0.0,0.0
2024-04-04 13:30:00-04:00,1260.375,1260.375,1244.1949462890625,1244.905029296875,10811,0.0,0.0
2024-04-04 14:30:00-04:00,1236.5699462890625,1238.199951171875,1219.5699462890625,1219.5699462890625,13704,0.0,0.0
2024-04-04 15:30:00-04:00,1219.010009765625,1221.47998046875,1214.8900146484375,1219.8399658203125,30925,0.0,0.0
2024-04-05 09:30:00-04:00,1221.8900146484375,1239.010009765625,1221.8900146484375,1231.0400390625,10062,0.0,0.0
2024-04-05 10:30:00-04:00,1231.489990234375,1237.449951171875,1230.3499755859375,1234.0899658203125,12727,0.0,0.0
2024-04-05 11:30:00-04:00,1239.16015625,1241.25,1239.16015625,1239.614990234375,4426,0.0,0.0
2024-04-05 12:30:00-04:00,1240.300048828125,1241.7099609375,1240.0,1241.4549560546875,5968,0.0,0.0
2024-04-05 13:30:00-04:00,1243.4000244140625,1243.4000244140625,1233.02001953125,1235.010009765625,6907,0.0,0.0
2024-04-05 14:30:00-04:00,1235.010009765625,1235.3299560546875,1233.3199462890625,1235.1099853515625,5579,0.0,0.0
2024-04-05 15:30:00-04:00,1234.5400390625,1234.5400390625,1230.3399658203125,1230.3399658203125,14583,0.0,0.0
2024-04-08 09:30:00-04:00,1232.31005859375,1234.8599853515625,1222.4599609375,1234.0699462890625,7821,0.0,0.0
2024-04-08 10:30:00-04:00,1234.989990234375,1236.550048828125,1230.969970703125,1232.2049560546875,11697,0.0,0.0
2024-04-08 11:30:00-04:00,1233.72998046875,1239.2900390625,1230.550048828125,1239.2900390625,11999,0.0,0.0
2024-04-08 12:30:00-04:00,1240.530029296875,1244.0400390625,1237.4150390625,1239.0400390625,9649,0.0,0.0
2024-04-08 13:30:00-04:00,1238.3900146484375,1243.68994140625,1237.8699951171875,1243.5,6978,0.0,0.0
2024-04-08 14:30:00-04:00,1242.219970703125,1243.6700439453125,1239.219970703125,1239.31005859375,9436,0.0,0.0
2024-04-08 15:30:00-04:00,1239.31005859375,1239.5699462890625,1234.8499755859375,1239.489990234375,16074,0.0,0.0
2024-04-09 09:30:00-04:00,1246.449951171875,1246.449951171875,1225.949951171875,1227.5050048828125,11982,0.0,0.0
2024-04-09 10:30:00-04:00,1219.5400390625,1221.31494140625,1209.5400390625,1218.530029296875,19194,0.0,0.0
2024-04-09 11:30:00-04:00,1216.68994140625,1220.6500244140625,1216.489990234375,1219.6199951171875,8900,0.0,0.0
2024-04-09 12:30:00-04:00,1220.0,1222.97998046875,1216.0,1220.0999755859375,7628,0.0,0.0
2024-04-09 13:30:00-04:00,1220.0999755859375,1221.6500244140625,1219.9300537109375,1219.9300537109375,3898,0.0,0.0
2024-04-09 14:30:00-04:00,1215.18994140625,1220.0999755859375,1214.08251953125,1219.4200439453125,16120,0.0,0.0
2024-04-09 15:30:00-04:00,1218.25,1221.4200439453125,1215.010009765625,1217.219970703125,25624,0.0,0.0
2024-04-10 09:30:00-04:00,1200.0,1211.260009765625,1194.9100341796875,1199.75,28157,0.0,0.0
2024-04-10 10:30:00-04:00,1201.3050537109375,1202.5999755859375,1196.5799560546875,1197.489990234375,10049,0.0,0.0
2024-04-10 11:30:00-04:00,1196.6500244140625,1196.6500244140625,1193.75,1194.4849853515625,9158,0.0,0.0
2024-04-10 12:30:00-04:00,1195.5799560546875,1195.5799560546875,1186.8399658203125,1191.0799560546875,12183,0.0,0.0
2024-04-10 13:30:00-04:00,1188.4200439453125,1190.5999755859375,1184.8900146484375,1187.6700439453125,10391,0.0,0.0
2024-04-10 14:30:00-04:00,1186.5,1188.75,1183.3699951171875,1183.4549560546875,18948,0.0,0.0
2024-04-10 15:30:00-04:00,1182.3499755859375,1185.1500244140625,1177.6099853515625,1180.56005859375,52669,0.0,0.0
2024-04-11 09:30:00-04:00,1187.1300048828125,1189.8800048828125,1180.25,1186.1199951171875,19916,0.0,0.0
2024-04-11 10:30:00-04:00,1185.22998046875,1191.7198486328125,1184.885009765625,1190.52001953125,9869,0.0,0.0
2024-04-11 11:30:00-04:00,1191.77001953125,1196.02001953125,1191.719970703125,1193.77001953125,8674,0.0,0.0
2024-04-11 12:30:00-04:00,1191.47998046875,1199.6700439453125,1190.0,1199.27001953125,10219,0.0,0.0
2024-04-11 13:30:00-04:00,1197.4599609375,1198.125,1192.3299560546875,1195.282470703125,8525,0.0,0.0
2024-04-11 14:30:00-04:00,1195.2550048828125,1197.5799560546875,1192.9849853515625,1195.550048828125,11423,0.0,0.0
2024-04-11 15:30:00-04:00,1194.7149658203125,1196.0,1190.8699951171875,1190.8699951171875,18855,0.0,0.0
2024-04-12 09:30:00-04:00,1168.8900146484375,1183.5,1168.8900146484375,1180.0,13392,0.0,0.0
2024-04-12 10:30:00-04:00,1180.0,1181.239990234375,1172.9000244140625,1181.239990234375,8331,0.0,0.0
2024-04-12 11:30:00-04:00,1183.7349853515625,1183.7349853515625,1172.25,1173.75,8259,0.0,0.0
2024-04-12 12:30:00-04:00,1175.25,1175.25,1167.9000244140625,1169.4100341796875,16055,0.0,0.0
2024-04-12 13:30:00-04:00,1166.8699951171875,1176.27001953125,1166.5,1170.0899658203125,9448,0.0,0.0
2024-04-12 14:30:00-04:00,1170.239990234375,1170.239990234375,1166.625,1168.6300048828125,13693,0.0,0.0
2024-04-12 15:30:00-04:00,1168.7449951171875,1175.780029296875,1168.7449951171875,1175.780029296875,27680,0.0,0.0
2024-04-15 09:30:00-04:00,1185.2099609375,1197.8399658203125,1171.8800048828125,1172.050048828125,13399,0.0,0.0
2024-04-15 10:30:00-04:00,1171.949951171875,1171.949951171875,1161.1099853515625,1167.1199951171875,8485,0.0,0.0
2024-04-15 11:30:00-04:00,1172.5699462890625,1175.280029296875,1171.4100341796875,1172.0450439453125,8873,0.0,0.0
2024-04-15 12:30:00-04:00,1171.1099853515625,1171.949951171875,1159.81005859375,1159.81005859375,10396,0.0,0.0
2024-04-15 13:30:00-04:00,1161.949951171875,1165.510009765625,1151.780029296875,1157.760009765625,16109,0.0,0.0
2024-04-15 14:30:00-04:00,1161.300048828125,1161.300048828125,1150.6650390625,1150.7818603515625,12136,0.0,0.0
2024-04-15 15:30:00-04:00,1149.5,1152.3199462890625,1145.6199951171875,1150.4300537109375,49650,0.0,0.0
2024-04-16 09:30:00-04:00,1151.27001953125,1151.8824462890625,1137.4000244140625,1140.699951171875,21204,0.0,0.0
2024-04-16 10:30:00-04:00,1138.780029296875,1141.72998046875,1136.52001953125,1139.27001953125,15630,0.0,0.0
2024-04-16 11:30:00-04:00,1141.344970703125,1141.3800048828125,1134.9100341796875,1139.81005859375,19018,0.0,0.0
2024-04-16 12:30:00-04:00,1137.780029296875,1139.0,1132.530029296875,1134.239990234375,11883,0.0,0.0
2024-04-16 13:30:00-04:00,1133.18505859375,1141.635009765625,1130.85498046875,1134.3699951171875,16411,0.0,0.0
2024-04-16 14:30:00-04:00,1133.405029296875,1149.1099853515625,1133.405029296875,1148.68994140625,15890,0.0,0.0
2024-04-16 15:30:00-04:00,1146.7099609375,1153.9200439453125,1142.300048828125,1151.72998046875,39971,0.0,0.0
2024-04-17 09:30:00-04:00,1157.25,1164.5999755859375,1155.6800537109375,1159.844970703125,28798,0.0,0.0
2024-04-17 10:30:00-04:00,1156.550048828125,1158.219970703125,1154.6949462890625,1156.8800048828125,12773,0.0,0.0
2024-04-17 11:30:00-04:00,1155.5899658203125,1158.27001953125,1152.469970703125,1152.8299560546875,15862,0.0,0.0
2024-04-17 12:30:00-04:00,1152.719970703125,1156.4100341796875,1144.8699951171875,1156.3399658203125,13349,0.0,0.0
2024-04-17 13:30:00-04:00,1157.2550048828125,1162.300048828125,1154.5050048828125,1162.0999755859375,13834,0.0,0.0
2024-04-17 14:30:00-04:00,1163.9100341796875,1169.9200439453125,1155.949951171875,1155.949951171875,20162,0.0,0.0
2024-04-17 15:30:00-04:00,1156.3199462890625,1159.4300537109375,1152.72998046875,1154.3499755859375,41519,0.0,0.0
2024-04-18 09:30:00-04:00,1163.280029296875,1168.608154296875,1147.0550537109375,1166.324951171875,16821,0.0,0.0
2024-04-18 10:30:00-04:00,1166.324951171875,1199.0999755859375,1164.9000244140625,1199.0999755859375,53595,0.0,0.0
2024-04-18 11:30:00-04:00,1197.5350341796875,1203.0,1180.31005859375,1180.31005859375,30145,0.0,0.0
2024-04-18 12:30:00-04:00,1181.0699462890625,1181.0699462890625,1164.0699462890625,1170.780029296875,8506,0.0,0.0
2024-04-18 13:30:00-04:00,1169.27001953125,1172.5699462890625,1166.6099853515625,1166.6099853515625,18381,0.0,0.0
2024-04-18 14:30:00-04:00,1163.8399658203125,1163.8800048828125,1152.47998046875,1158.0250244140625,25581,0.0,0.0
2024-04-18 15:30:00-04:00,1160.9300537109375,1163.1700439453125,1158.1500244140625,1162.6199951171875,31238,0.0,0.0
2024-04-19 09:30:00-04:00,1165.6400146484375,1165.6400146484375,1140.9100341796875,1143.7750244140625,14236,0.0,0.0
2024-04-19 10:30:00-04:00,1145.2149658203125,1145.2149658203125,1136.85498046875,1140.530029296875,10477,0.0,0.0
2024-04-19 11:30:00-04:00,1138.6400146484375,1140.8299560546875,1130.175048828125,1130.175048828125,8695,0.0,0.0
2024-04-19 12:30:00-04:00,1129.1800537109375,1135.8800048828125,1127.31005859375,1134.2650146484375,9905,0.0,0.0
2024-04-19 13:30:00-04:00,1134.199951171875,1141.719970703125,1129.3399658203125,1129.3399658203125,8337,0.0,0.0
2024-04-19 14:30:00-04:00,1129.3399658203125,1129.3399658203125,1121.8800048828125,1125.824951171875,19381,0.0,0.0
2024-04-19 15:30:00-04:00,1126.050048828125,1131.7900390625,1123.9100341796875,1128.3499755859375,23641,0.0,0.0
2024-04-22 09:30:00-04:00,1142.47998046875,1155.5899658203125,1142.0,1145.0999755859375,19116,0.0,0.0
2024-04-22 10:30:00-04:00,1146.5400390625,1150.75,1136.8499755859375,1141.3900146484375,21024,0.0,0.0
2024-04-22 11:30:00-04:00,1141.89501953125,1147.6199951171875,1136.6400146484375,1141.3499755859375,27028,0.0,0.0
2024-04-22 12:30:00-04:00,1142.175048828125,1148.56005859375,1142.175048828125,1148.56005859375,12366,0.0,0.0
2024-04-22 13:30:00-04:00,1150.260009765625,1157.1600341796875,1146.969970703125,1155.739990234375,17708,0.0,0.0
2024-04-22 14:30:00-04:00,1155.1199951171875,1155.1199951171875,1146.8699951171875,1150.22998046875,25683,0.0,0.0
2024-04-22 15:30:00-04:00,1151.1800537109375,1152.0899658203125,1146.300048828125,1148.8299560546875,51686,0.0,0.0
2024-04-23 09:30:00-04:00,1155.010009765625,1165.3399658203125,1155.010009765625,1164.43505859375,8726,0.0,0.0
2024-04-23 10:30:00-04:00,1169.5999755859375,1180.0,1169.5999755859375,1178.60498046875,21535,0.0,0.0
2024-04-23 11:30:00-04:00,1178.2900390625,1182.5699462890625,1175.0999755859375,1180.739990234375,15513,0.0,0.0
2024-04-23 12:30:00-04:00,1179.1800537109375,1182.34814453125,1174.239990234375,1177.6199951171875,12762,0.0,0.0
2024-04-23 13:30:00-04:00,1180.260009765625,1180.6800537109375,1174.9849853515625,1174.9849853515625,19602,0.0,0.0
2024-04-23 14:30:00-04:00,1174.5899658203125,1179.5,1171.06005859375,1179.5,22928,0.0,0.0
2024-04-23 15:30:00-04:00,1178.89501953125,1188.4000244140625,1178.1800537109375,1188.18994140625,87938,0.0,0.0
2024-04-24 09:30:00-04:00,1197.6700439453125,1218.1201171875,1190.3900146484375,1196.7950439453125,25563,0.0,0.0
2024-04-24 10:30:00-04:00,1193.3599853515625,1196.0,1190.6500244140625,1192.3349609375,17513,0.0,0.0
2024-04-24 11:30:00-04:00,1194.0799560546875,1194.155029296875,1189.949951171875,1190.405029296875,10847,0.0,0.0
2024-04-24 12:30:00-04:00,1187.9000244140625,1190.489990234375,1178.0699462890625,1188.3299560546875,23547,0.0,0.0
2024-04-24 13:30:00-04:00,1189.030029296875,1191.18994140625,1186.68505859375,1186.68505859375,10308,0.0,0.0
2024-04-24 14:30:00-04:00,1186.7449951171875,1187.93994140625,1180.949951171875,1183.760009765625,17294,0.0,0.0
2024-04-24 15:30:00-04:00,1184.5999755859375,1193.050048828125,1180.875,1193.0400390625,40019,0.0,0.0
2024-04-25 09:30:00-04:00,1175.7900390625,1201.5699462890625,1168.8299560546875,1200.4100341796875,27965,0.0,0.0
2024-04-25 10:30:00-04:00,1196.550048828125,1199.050048828125,1189.1099853515625,1199.050048828125,23060,0.0,0.0
2024-04-25 11:30:00-04:00,1197.719970703125,1206.719970703125,1194.25244140625,1206.719970703125,17480,0.0,0.0
2024-04-25 12:30:00-04:00,1208.72998046875,1211.77001953125,1191.8599853515625,1196.3900146484375,21477,0.0,0.0
2024-04-25 13:30:00-04:00,1198.6099853515625,1205.9300537109375,1196.5799560546875,1199.56494140625,20162,0.0,0.0
2024-04-25 14:30:00-04:00,1201.5,1204.3900146484375,1199.6300048828125,1202.6500244140625,17049,0.0,0.0
2024-04-25 15:30:00-04:00,1205.4200439453125,1206.030029296875,1190.1800537109375,1196.3499755859375,63493,0.0,0.0
2024-04-26 09:30:00-04:00,1136.8299560546875,1159.81005859375,1127.197021484375,1150.27001953125,88823,0.0,0.0
2024-04-26 10:30:00-04:00,1149.0050048828125,1154.0699462890625,1131.2900390625,1131.2900390625,31954,0.0,0.0
2024-04-26 11:30:00-04:00,1133.3499755859375,1140.760009765625,1115.2000732421875,1118.300048828125,58058,0.0,0.0
2024-04-26 12:30:00-04:00,1118.300048828125,1135.1199951171875,1118.300048828125,1133.2900390625,55901,0.0,0.0
2024-04-26 13:30:00-04:00,1129.280029296875,1129.280029296875,1110.8699951171875,1112.199951171875,30354,0.0,0.0
2024-04-26 14:30:00-04:00,1112.199951171875,1117.7574462890625,1112.02001953125,1113.7099609375,28311,0.0,0.0
2024-04-26 15:30:00-04:00,1113.3900146484375,1113.3900146484375,1105.6500244140625,1111.06005859375,104835,0.0,0.0
2024-04-29 09:30:00-04:00,1116.4000244140625,1132.8299560546875,1112.6500244140625,1123.0400390625,47229,0.0,0.0
2024-04-29 10:30:00-04:00,1123.7950439453125,1132.3399658203125,1123.18994140625,1129.43994140625,31966,0.0,0.0
2024-04-29 11:30:00-04:00,1129.3299560546875,1131.9300537109375,1128.260009765625,1130.6199951171875,22416,0.0,0.0
2024-04-29 12:30:00-04:00,1132.18994140625,1136.6800537109375,1127.0400390625,1135.9100341796875,71657,0.0,0.0
2024-04-29 13:30:00-04:00,1137.77001953125,1145.47998046875,1133.8499755859375,1143.4599609375,27132,0.0,0.0
2024-04-29 14:30:00-04:00,1140.6500244140625,1143.6600341796875,1131.760009765625,1136.699951171875,28862,0.0,0.0
2024-04-29 15:30:00-04:00,1137.1500244140625,1144.6300048828125,1134.5400390625,1144.6300048828125,43157,0.0,0.0
2024-04-30 09:30:00-04:00,1143.0,1157.97998046875,1138.47998046875,1150.800048828125,26109,0.0,0.0
2024-04-30 10:30:00-04:00,1149.739990234375,1151.1500244140625,1136.93994140625,1138.9549560546875,21981,0.0,0.0
2024-04-30 11:30:00-04:00,1137.6400146484375,1139.8900146484375,1134.449951171875,1139.594970703125,22465,0.0,0.0
2024-04-30 12:30:00-04:00,1138.030029296875,1138.030029296875,1131.030029296875,1133.5849609375,16212,0.0,0.0
2024-04-30 13:30:00-04:00,1133.2550048828125,1139.5799560546875,1133.18994140625,1136.3349609375,18185,0.0,0.0
2024-04-30 14:30:00-04:00,1136.3299560546875,1140.6700439453125,1134.25,1136.47998046875,17755,0.0,0.0
2024-04-30 15:30:00-04:00,1135.199951171875,1135.9599609375,1131.77001953125,1133.3900146484375,49820,0.0,0.0
2024-05-01 09:30:00-04:00,1138.030029296875,1145.0,1134.0550537109375,1140.550048828125,16959,0.0,0.0
2024-05-01 10:30:00-04:00,1141.3299560546875,1151.75,1141.3299560546875,1149.5999755859375,28026,0.0,0.0
2024-05-01 11:30:00-04:00,1149.800048828125,1152.010009765625,1144.239990234375,1151.02001953125,18839,0.0,0.0
2024-05-01 12:30:00-04:00,1150.875,1151.2550048828125,1146.0,1147.0999755859375,22900,0.0,0.0
2024-05-01 13:30:00-04:00,1148.8800048828125,1157.0,1148.8800048828125,1157.0,20674,0.0,0.0
2024-05-01 14:30:00-04:00,1155.6400146484375,1178.5999755859375,1152.260009765625,1173.1600341796875,42938,0.0,0.0
2024-05-01 15:30:00-04:00,1172.60498046875,1172.60498046875,1140.530029296875,1140.72998046875,58362,0.0,0.0
2024-05-02 09:30:00-04:00,1155.6400146484375,1156.469970703125,1134.8599853515625,1145.25,19150,0.0,0.0
2024-05-02 10:30:00-04:00,1147.68994140625,1158.2900390625,1141.489990234375,1157.0,25725,0.0,0.0
2024-05-02 11:30:00-04:00,1154.5699462890625,1156.9300537109375,1148.3028564453125,1148.3028564453125,14908,0.0,0.0
2024-05-02 12:30:00-04:00,1150.31005859375,1156.760009765625,1146.0899658203125,1155.4300537109375,8838,0.0,0.0
2024-05-02 13:30:00-04:00,1155.6400146484375,1156.52001953125,1149.8800048828125,1151.1199951171875,14475,0.0,0.0
2024-05-02 14:30:00-04:00,1151.219970703125,1162.31005859375,1151.219970703125,1160.5400390625,21805,0.0,0.0
2024-05-02 15:30:00-04:00,1160.0,1166.530029296875,1158.4300537109375,1165.8699951171875,36704,0.0,0.0
2024-05-03 09:30:00-04:00,1182.3399658203125,1204.5400390625,1176.431884765625,1190.550048828125,32801,0.0,0.0
2024-05-03 10:30:00-04:00,1190.1650390625,1196.4100341796875,1188.3900146484375,1195.6400146484375,27749,0.0,0.0
2024-05-03 11:30:00-04:00,1198.800048828125,1199.06005859375,1186.6199951171875,1191.4200439453125,19505,0.0,0.0
2024-05-03 12:30:00-04:00,1192.5899658203125,1195.3399658203125,1190.6400146484375,1193.47998046875,14296,0.0,0.0
2024-05-03 13:30:00-04:00,1191.9100341796875,1196.5050048828125,1191.0899658203125,1193.4150390625,12864,0.0,0.0
2024-05-03 14:30:00-04:00,1192.75,1194.1400146484375,1188.5999755859375,1192.9749755859375,16674,0.0,0.0
2024-05-03 15:30:00-04:00,1192.1800537109375,1195.739990234375,1191.510009765625,1194.02001953125,29676,0.0,0.0
2024-05-06 09:30:00-04:00,1205.780029296875,1219.93994140625,1204.030029296875,1219.81005859375,24912,0.0,0.0
2024-05-06 10:30:00-04:00,1220.5899658203125,1225.1300048828125,1216.7149658203125,1225.1300048828125,24495,0.0,0.0
2024-05-06 11:30:00-04:00,1224.9599609375,1227.18994140625,1221.949951171875,1224.260009765625,20236,0.0,0.0
2024-05-06 12:30:00-04:00,1224.3699951171875,1233.0799560546875,1224.3699951171875,1227.81494140625,25190,0.0,0.0
2024-05-06 13:30:00-04:00,1227.93994140625,1233.969970703125,1227.93994140625,1233.074951171875,22294,0.0,0.0
2024-05-06 14:30:00-04:00,1233.0699462890625,1237.3349609375,1229.146240234375,1236.1099853515625,19559,0.0,0.0
2024-05-06 15:30:00-04:00,1236.1099853515625,1242.6400146484375,1234.2049560546875,1242.6400146484375,34780,0.0,0.0
2024-05-07 09:30:00-04:00,1240.0999755859375,1242.925048828125,1229.2900390625,1237.2099609375,21374,0.0,0.0
2024-05-07 10:30:00-04:00,1237.6300048828125,1243.8900146484375,1235.4949951171875,1240.1099853515625,20166,0.0,0.0
2024-05-07 11:30:00-04:00,1241.0450439453125,1241.989990234375,1232.030029296875,1233.31494140625,16442,0.0,0.0
2024-05-07 12:30:00-04:00,1234.2099609375,1241.8699951171875,1234.2099609375,1240.6199951171875,12389,0.0,0.0
2024-05-07 13:30:00-04:00,1241.0899658203125,1241.0899658203125,1233.68994140625,1236.300048828125,18874,0.0,0.0
2024-05-07 14:30:00-04:00,1235.0,1238.8349609375,1235.0,1237.550048828125,14076,0.0,0.0
2024-05-07 15:30:00-04:00,1236.7650146484375,1244.1800537109375,1236.199951171875,1240.3299560546875,30583,0.0,0.0
2024-05-08 09:30:00-04:00,1241.0,1261.6400146484375,1241.0,1261.6400146484375,15102,0.0,0.0
2024-05-08 10:30:00-04:00,1262.969970703125,1262.969970703125,1242.9549560546875,1245.3499755859375,12919,0.0,0.0
2024-05-08 11:30:00-04:00,1245.3499755859375,1249.8050537109375,1238.68994140625,1248.8399658203125,12572,0.0,0.0
2024-05-08 12:30:00-04:00,1245.2449951171875,1245.6600341796875,1240.074951171875,1240.074951171875,7457,0.0,0.0
2024-05-08 13:30:00-04:00,1241.3499755859375,1248.1199951171875,1241.3499755859375,1248.0999755859375,12653,0.0,0.0
2024-05-08 14:30:00-04:00,1247.5550537109375,1248.260009765625,1244.43994140625,1247.739990234375,14442,0.0,0.0
2024-05-08 15:30:00-04:00,1249.0899658203125,1252.8299560546875,1246.135009765625,1249.469970703125,31541,0.0,0.0
2024-05-09 09:30:00-04:00,1251.43994140625,1256.030029296875,1240.31005859375,1252.5899658203125,16680,0.0,0.0
2024-05-09 10:30:00-04:00,1254.4200439453125,1268.9200439453125,1253.719970703125,1268.9200439453125,14346,0.0,0.0
2024-05-09 11:30:00-04:00,1269.43994140625,1269.43994140625,1260.800048828125,1268.3699951171875,15842,0.0,0.0
2024-05-09 12:30:00-04:00,1267.2900390625,1271.4549560546875,1265.5550537109375,1269.1800537109375,11053,0.0,0.0
2024-05-09 13:30:00-04:00,1267.25,1268.5899658203125,1264.800048828125,1265.8499755859375,8453,0.0,0.0
2024-05-09 14:30:00-04:00,1265.6800537109375,1273.530029296875,1264.510009765625,1272.780029296875,14786,0.0,0.0
2024-05-09 15:30:00-04:00,1270.6800537109375,1288.52001953125,1270.6800537109375,1287.449951171875,82780,0.0,0.0
2024-05-10 09:30:00-04:00,1293.0,1336.6300048828125,1293.0,1336.0699462890625,59344,0.0,0.0
2024-05-10 10:30:00-04:00,1336.2099609375,1348.9100341796875,1333.8299560546875,1345.4000244140625,103701,0.0,0.0
2024-05-10 11:30:00-04:00,1345.4000244140625,1356.02001953125,1345.22998046875,1354.0400390625,46688,0.0,0.0
2024-05-10 12:30:00-04:00,1354.81005859375,1358.2149658203125,1340.7099609375,1343.5899658203125,40522,0.0,0.0
2024-05-10 13:30:00-04:00,1344.9599609375,1352.9599609375,1344.9599609375,1351.81494140625,19483,0.0,0.0
2024-05-10 14:30:00-04:00,1350.4100341796875,1350.4100341796875,1340.0,1341.989990234375,41996,0.0,0.0
2024-05-10 15:30:00-04:00,1341.905029296875,1343.25,1324.780029296875,1330.8699951171875,73116,0.0,0.0
2024-05-13 09:30:00-04:00,1331.02001953125,1342.449951171875,1322.3199462890625,1333.56005859375,32379,0.0,0.0
2024-05-13 10:30:00-04:00,1331.81005859375,1338.3199462890625,1330.0,1334.52001953125,13902,0.0,0.0
2024-05-13 11:30:00-04:00,1334.760009765625,1340.8199462890625,1334.27001953125,1340.8199462890625,15648,0.0,0.0
2024-05-13 12:30:00-04:00,1341.06005859375,1341.6500244140625,1335.010009765625,1337.280029296875,15713,0.0,0.0
2024-05-13 13:30:00-04:00,1337.1300048828125,1338.5450439453125,1333.5999755859375,1338.5250244140625,9800,0.0,0.0
2024-05-13 14:30:00-04:00,1338.5999755859375,1341.1099853515625,1335.8699951171875,1338.0699462890625,13319,0.0,0.0
2024-05-13 15:30:00-04:00,1335.2349853515625,1337.8599853515625,1325.1700439453125,1332.260009765625,57435,0.0,0.0
2024-05-14 09:30:00-04:00,1333.1199951171875,1351.199951171875,1333.1199951171875,1346.02001953125,21810,0.0,0.0
2024-05-14 10:30:00-04:00,1345.0,1348.8900146484375,1342.0,1346.0,17767,0.0,0.0
2024-05-14 11:30:00-04:00,1345.4849853515625,1348.06005859375,1329.8599853515625,1330.3900146484375,16487,0.0,0.0
2024-05-14 12:30:00-04:00,1330.0,1336.5,1329.074951171875,1330.6700439453125,17824,0.0,0.0
2024-05-14 13:30:00-04:00,1324.300048828125,1336.675048828125,1324.300048828125,1336.675048828125,19371,0.0,0.0
2024-05-14 14:30:00-04:00,1333.9000244140625,1353.77001953125,1333.739990234375,1351.864990234375,26474,0.0,0.0
2024-05-14 15:30:00-04:00,1351.5999755859375,1355.3299560546875,1347.5999755859375,1351.3800048828125,48749,0.0,0.0
2024-05-15 09:30:00-04:00,1365.93994140625,1387.18994140625,1365.0,1380.68505859375,26771,0.0,0.0
2024-05-15 10:30:00-04:00,1380.02001953125,1386.1300048828125,1374.800048828125,1386.1300048828125,34284,0.0,0.0
2024-05-15 11:30:00-04:00,1386.8399658203125,1391.4849853515625,1383.3299560546875,1386.8599853515625,14180,0.0,0.0
2024-05-15 12:30:00-04:00,1387.7449951171875,1393.8800048828125,1387.27001953125,1391.56005859375,10565,0.0,0.0
2024-05-15 13:30:00-04:00,1392.31005859375,1397.7900390625,1389.050048828125,1392.5400390625,19168,0.0,0.0
2024-05-15 14:30:00-04:00,1392.5999755859375,1393.1300048828125,1376.1400146484375,1377.030029296875,23908,0.0,0.0
2024-05-15 15:30:00-04:00,1377.300048828125,1377.9300537109375,1364.5799560546875,1370.9200439453125,58115,0.0,0.0
2024-05-16 09:30:00-04:00,1374.8599853515625,1399.5799560546875,1366.1600341796875,1392.0,46341,0.0,0.0
2024-05-16 10:30:00-04:00,1391.5999755859375,1397.3399658203125,1388.2099609375,1393.675048828125,20796,0.0,0.0
2024-05-16 11:30:00-04:00,1394.469970703125,1403.6400146484375,1393.875,1401.9150390625,39223,0.0,0.0
2024-05-16 12:30:00-04:00,1398.9749755859375,1400.5,1391.47998046875,1399.43994140625,19206,0.0,0.0
2024-05-16 13:30:00-04:00,1396.3399658203125,1403.280029296875,1395.0,1401.1099853515625,36536,0.0,0.0
2024-05-16 14:30:00-04:00,1402.300048828125,1412.3599853515625,1397.3499755859375,1404.8699951171875,47688,0.0,0.0
2024-05-16 15:30:00-04:00,1405.1800537109375,1411.2249755859375,1401.5,1404.7099609375,106961,0.0,0.0
2024-05-17 09:30:00-04:00,1415.949951171875,1415.949951171875,1405.0,1407.5150146484375,64819,0.0,0.0
2024-05-17 10:30:00-04:00,1407.2750244140625,1415.260009765625,1406.5699462890625,1413.0,26481,0.0,0.0
2024-05-17 11:30:00-04:00,1413.0,1415.260009765625,1404.1099853515625,1405.6400146484375,21534,0.0,0.0
2024-05-17 12:30:00-04:00,1405.9849853515625,1406.9949951171875,1388.0,1388.22998046875,16951,0.0,0.0
2024-05-17 13:30:00-04:00,1391.8599853515625,1395.8800048828125,1388.900146484375,1388.900146484375,13443,0.0,0.0
2024-05-17 14:30:00-04:00,1390.56494140625,1402.530029296875,1389.864990234375,1402.0,21045,0.0,0.0
2024-05-17 15:30:00-04:00,1401.9200439453125,1414.5899658203125,1401.9200439453125,1412.3499755859375,48551,0.0,0.0
2024-05-20 09:30:00-04:00,1423.489990234375,1434.2650146484375,1422.3499755859375,1432.1199951171875,26817,0.0,0.0
2024-05-20 10:30:00-04:00,1431.5899658203125,1436.93994140625,1429.7750244140625,1433.719970703125,14234,0.0,0.0
2024-05-20 11:30:00-04:00,1431.27001953125,1440.010009765625,1427.425048828125,1439.72998046875,21982,0.0,0.0
2024-05-20 12:30:00-04:00,1440.2099609375,1447.0400390625,1439.9300537109375,1441.43994140625,22411,0.0,0.0
2024-05-20 13:30:00-04:00,1440.050048828125,1445.8900146484375,1433.425048828125,1445.8900146484375,34149,0.0,0.0
2024-05-20 14:30:00-04:00,1445.43994140625,1450.074951171875,1444.7750244140625,1449.5400390625,46438,0.0,0.0
2024-05-20 15:30:00-04:00,1450.0,1451.780029296875,1445.0999755859375,1446.5899658203125,56885,0.0,0.0
2024-05-21 09:30:00-04:00,1443.68994140625,1443.68994140625,1367.02001953125,1397.56005859375,77124,0.0,0.0
2024-05-21 10:30:00-04:00,1392.8699951171875,1395.8199462890625,1374.469970703125,1375.5849609375,31787,0.0,0.0
2024-05-21 11:30:00-04:00,1374.3499755859375,1383.3900146484375,1374.3499755859375,1382.7550048828125,23753,0.0,0.0
2024-05-21 12:30:00-04:00,1383.0799560546875,1386.7149658203125,1379.0799560546875,1386.7149658203125,16303,0.0,0.0
2024-05-21 13:30:00-04:00,1388.5899658203125,1397.4200439453125,1378.4200439453125,1378.4200439453125,45854,0.0,0.0
2024-05-21 14:30:00-04:00,1374.4300537109375,1382.4200439453125,1370.030029296875,1380.324951171875,36834,0.0,0.0
2024-05-21 15:30:00-04:00,1380.6600341796875,1381.2900390625,1373.239990234375,1375.68994140625,74592,0.0,0.0
2024-05-22 09:30:00-04:00,1374.7099609375,1392.8299560546875,1374.7099609375,1383.510009765625,75827,0.0,0.0
2024-05-22 10:30:00-04:00,1383.989990234375,1391.0,1383.989990234375,1388.405029296875,17831,0.0,0.0
2024-05-22 11:30:00-04:00,1388.6800537109375,1388.6800537109375,1383.5849609375,1387.0,7626,0.0,0.0
2024-05-22 12:30:00-04:00,1383.93994140625,1386.0,1382.050048828125,1384.385009765625,14922,0.0,0.0
2024-05-22 13:30:00-04:00,1384.3800048828125,1384.3800048828125,1371.6300048828125,1371.6300048828125,9197,0.0,0.0
2024-05-22 14:30:00-04:00,1372.06005859375,1374.6800537109375,1366.6099853515625,1371.3299560546875,16925,0.0,0.0
2024-05-22 15:30:00-04:00,1372.8199462890625,1373.1500244140625,1366.06005859375,1367.4599609375,32020,0.0,0.0
2024-05-23 09:30:00-04:00,1381.3499755859375,1381.3499755859375,1365.989990234375,1368.2099609375,20278,0.0,0.0
2024-05-23 10:30:00-04:00,1366.9300537109375,1373.3800048828125,1358.800048828125,1370.5899658203125,18409,0.0,0.0
2024-05-23 11:30:00-04:00,1369.949951171875,1373.030029296875,1368.1500244140625,1369.4200439453125,9539,0.0,0.0
2024-05-23 12:30:00-04:00,1373.5699462890625,1374.4100341796875,1368.8900146484375,1370.449951171875,14314,0.0,0.0
2024-05-23 13:30:00-04:00,1368.75,1368.75,1359.7099609375,1361.1800537109375,10116,0.0,0.0
2024-05-23 14:30:00-04:00,1359.6099853515625,1361.5699462890625,1354.010009765625,1358.1099853515625,14216,0.0,0.0
2024-05-23 15:30:00-04:00,1357.56005859375,1359.6700439453125,1353.0899658203125,1353.199951171875,43495,0.0,0.0
2024-05-24 09:30:00-04:00,1356.18994140625,1365.5,1346.25,1365.1400146484375,19535,0.0,0.0
2024-05-24 10:30:00-04:00,1363.0899658203125,1377.4300537109375,1361.2364501953125,1372.5400390625,17015,0.0,0.0
2024-05-24 11:30:00-04:00,1371.260009765625,1376.4000244140625,1367.550048828125,1376.4000244140625,35490,0.0,0.0
2024-05-24 12:30:00-04:00,1372.3299560546875,1383.9599609375,1371.574951171875,1383.9599609375,11608,0.0,0.0
2024-05-24 13:30:00-04:00,1381.0,1383.0,1377.22998046875,1382.0,11951,0.0,0.0
2024-05-24 14:30:00-04:00,1381.6700439453125,1387.8399658203125,1379.6396484375,1385.4300537109375,18945,0.0,0.0
2024-05-24 15:30:00-04:00,1385.2550048828125,1387.5899658203125,1382.5899658203125,1384.4599609375,38632,0.0,0.0
2024-05-28 09:30:00-04:00,1380.1600341796875,1382.6650390625,1364.3399658203125,1376.2349853515625,16418,0.0,0.0
2024-05-28 10:30:00-04:00,1377.60498046875,1382.9599609375,1377.60498046875,1380.0,6099,0.0,0.0
2024-05-28 11:30:00-04:00,1381.22998046875,1382.6400146484375,1373.9599609375,1373.9599609375,6533,0.0,0.0
2024-05-28 12:30:00-04:00,1373.989990234375,1376.43994140625,1372.1600341796875,1373.8499755859375,9091,0.0,0.0
2024-05-28 13:30:00-04:00,1372.9100341796875,1382.9100341796875,1372.9100341796875,1379.6099853515625,16859,0.0,0.0
2024-05-28 14:30:00-04:00,1380.02001953125,1390.0,1379.4449462890625,1387.2249755859375,23840,0.0,0.0
2024-05-28 15:30:00-04:00,1386.7099609375,1387.6199951171875,1382.72998046875,1385.300048828125,34454,0.0,0.0
2024-05-29 09:30:00-04:00,1374.219970703125,1384.60498046875,1361.969970703125,1377.9100341796875,32301,0.0,0.0
2024-05-29 10:30:00-04:00,1383.510009765625,1386.550048828125,1366.3800048828125,1367.93994140625,10456,0.0,0.0
2024-05-29 11:30:00-04:00,1367.93994140625,1370.22705078125,1363.300048828125,1365.5999755859375,12263,0.0,0.0
2024-05-29 12:30:00-04:00,1362.4407958984375,1368.0400390625,1362.4407958984375,1365.3800048828125,9818,0.0,0.0
2024-05-29 13:30:00-04:00,1362.1600341796875,1365.800048828125,1356.77001953125,1356.77001953125,9480,0.0,0.0
2024-05-29 14:30:00-04:00,1360.8800048828125,1361.239990234375,1358.4599609375,1359.989990234375,19509,0.0,0.0
2024-05-29 15:30:00-04:00,1359.2900390625,1359.2900390625,1354.3299560546875,1355.8499755859375,20568,0.0,0.0
2024-05-30 09:30:00-04:00,1341.56005859375,1342.3800048828125,1307.800048828125,1307.800048828125,25671,0.0,0.0
2024-05-30 10:30:00-04:00,1304.9200439453125,1309.760009765625,1299.0799560546875,1299.4150390625,36631,0.0,0.0
2024-05-30 11:30:00-04:00,1299.3499755859375,1301.43994140625,1296.0799560546875,1298.989990234375,15200,0.0,0.0
2024-05-30 12:30:00-04:00,1305.199951171875,1308.300048828125,1300.0899658203125,1301.385009765625,19790,0.0,0.0
2024-05-30 13:30:00-04:00,1302.655029296875,1305.9100341796875,1299.449951171875,1301.0550537109375,24600,0.0,0.0
2024-05-30 14:30:00-04:00,1302.9000244140625,1307.2249755859375,1302.1400146484375,1303.72998046875,24730,0.0,0.0
2024-05-30 15:30:00-04:00,1303.8299560546875,1303.8299560546875,1293.68994140625,1301.0699462890625,29097,0.0,0.0
2024-05-31 09:30:00-04:00,1304.31005859375,1305.1500244140625,1283.56005859375,1286.239990234375,23491,0.0,0.0
2024-05-31 10:30:00-04:00,1285.75,1285.75,1276.3800048828125,1279.06494140625,23627,0.0,0.0
2024-05-31 11:30:00-04:00,1278.6500244140625,1281.4000244140625,1274.43994140625,1274.43994140625,18202,0.0,0.0
2024-05-31 12:30:00-04:00,1277.3399658203125,1280.0,1274.3699951171875,1276.0050048828125,16036,0.0,0.0
2024-05-31 13:30:00-04:00,1275.010009765625,1276.7698974609375,1267.719970703125,1273.0,32139,0.0,0.0
2024-05-31 14:30:00-04:00,1272.3199462890625,1273.969970703125,1266.719970703125,1268.77001953125,33675,0.0,0.0
2024-05-31 15:30:00-04:00,1268.0,1290.3199462890625,1266.8050537109375,1288.760009765625,94893,0.0,0.0
2024-06-03 09:30:00-04:00,1288.6700439453125,1290.530029296875,1274.550048828125,1278.8900146484375,39344,0.0,0.0
2024-06-03 10:30:00-04:00,1281.010009765625,1286.7550048828125,1280.3699951171875,1285.3399658203125,12421,0.0,0.0
2024-06-03 11:30:00-04:00,1282.2279052734375,1288.77001953125,1282.0999755859375,1284.0849609375,10597,0.0,0.0
2024-06-03 12:30:00-04:00,1284.0849609375,1286.780029296875,1280.47998046875,1282.18994140625,10230,0.0,0.0
2024-06-03 13:30:00-04:00,1286.4200439453125,1286.4300537109375,1277.030029296875,1282.260009765625,11711,0.0,0.0
2024-06-03 14:30:00-04:00,1284.75,1294.6800537109375,1283.0224609375,1292.4549560546875,23339,0.0,0.0
2024-06-03 15:30:00-04:00,1290.6300048828125,1294.93994140625,1286.6199951171875,1292.739990234375,20274,0.0,0.0
2024-06-04 09:30:00-04:00,1290.4599609375,1310.9100341796875,1285.27001953125,1308.64501953125,15395,0.0,0.0
2024-06-04 10:30:00-04:00,1306.02001953125,1306.56005859375,1301.6199951171875,1305.5699462890625,7731,0.0,0.0
2024-06-04 11:30:00-04:00,1303.43994140625,1307.3499755859375,1303.43994140625,1307.3499755859375,4651,0.0,0.0
2024-06-04 12:30:00-04:00,1301.3499755859375,1303.0,1297.5,1297.5,8484,0.0,0.0
2024-06-04 13:30:00-04:00,1300.510009765625,1307.43994140625,1300.510009765625,1307.43994140625,5758,0.0,0.0
2024-06-04 14:30:00-04:00,1306.1099853515625,1309.8900146484375,1303.5,1303.989990234375,8163,0.0,0.0
2024-06-04 15:30:00-04:00,1303.1800537109375,1306.2900390625,1301.47998046875,1301.47998046875,24139,0.0,0.0
2024-06-05 09:30:00-04:00,1312.3299560546875,1325.8199462890625,1309.5699462890625,1321.6500244140625,12188,0.0,0.0
2024-06-05 10:30:00-04:00,1330.4300537109375,1335.9449462890625,1327.530029296875,1332.4449462890625,8976,0.0,0.0
2024-06-05 11:30:00-04:00,1333.6600341796875,1337.6600341796875,1331.6500244140625,1334.949951171875,7065,0.0,0.0
2024-06-05 12:30:00-04:00,1337.0849609375,1338.557861328125,1335.6199951171875,1338.4000244140625,7124,0.0,0.0
2024-06-05 13:30:00-04:00,1338.5400390625,1340.72998046875,1338.5400390625,1339.18994140625,6162,0.0,0.0
2024-06-05 14:30:00-04:00,1343.7099609375,1348.5899658203125,1343.7099609375,1345.10498046875,15245,0.0,0.0
2024-06-05 15:30:00-04:00,1345.550048828125,1351.949951171875,1345.1800537109375,1349.780029296875,30536,0.0,0.0
2024-06-06 09:30:00-04:00,1351.969970703125,1362.81005859375,1345.0,1352.8800048828125,20563,0.0,0.0
2024-06-06 10:30:00-04:00,1356.4200439453125,1364.219970703125,1355.6400146484375,1355.6400146484375,7263,0.0,0.0
2024-06-06 11:30:00-04:00,1354.0400390625,1354.0400390625,1341.0,1345.0,11726,0.0,0.0
2024-06-06 12:30:00-04:00,1345.1800537109375,1345.1800537109375,1343.949951171875,1343.949951171875,5410,0.0,0.0
2024-06-06 13:30:00-04:00,1344.8199462890625,1344.8199462890625,1337.5799560546875,1337.93994140625,6219,0.0,0.0
2024-06-06 14:30:00-04:00,1336.72998046875,1337.3800048828125,1331.010009765625,1332.43994140625,11937,0.0,0.0
2024-06-06 15:30:00-04:00,1332.47998046875,1332.47998046875,1329.1099853515625,1331.81005859375,27819,0.0,0.0
2024-06-07 09:30:00-04:00,1332.9300537109375,1332.9300537109375,1307.114990234375,1315.7650146484375,25107,0.0,0.0
2024-06-07 10:30:00-04:00,1322.260009765625,1326.5999755859375,1312.510009765625,1317.9100341796875,6365,0.0,0.0
2024-06-07 11:30:00-04:00,1318.0,1318.0,1311.6400146484375,1317.1099853515625,6919,0.0,0.0
2024-06-07 12:30:00-04:00,1316.2900390625,1316.2900390625,1311.364990234375,1311.719970703125,4729,0.0,0.0
2024-06-07 13:30:00-04:00,1313.219970703125,1314.6099853515625,1307.8199462890625,1314.6099853515625,8682,0.0,0.0
2024-06-07 14:30:00-04:00,1316.760009765625,1317.030029296875,1309.9200439453125,1311.81494140625,12665,0.0,0.0
2024-06-07 15:30:00-04:00,1312.4599609375,1314.4200439453125,1308.0999755859375,1310.75,19871,0.0,0.0
2024-06-10 09:30:00-04:00,1307.6800537109375,1325.719970703125,1302.1199951171875,1302.1300048828125,13885,0.0,0.0
2024-06-10 10:30:00-04:00,1302.6099853515625,1306.3699951171875,1299.9300537109375,1306.3699951171875,9651,0.0,0.0
2024-06-10 11:30:00-04:00,1307.260009765625,1307.260009765625,1302.97998046875,1304.9100341796875,7531,0.0,0.0
2024-06-10 12:30:00-04:00,1303.6300048828125,1303.6300048828125,1298.27001953125,1298.4649658203125,9075,0.0,0.0
2024-06-10 13:30:00-04:00,1303.52001953125,1308.43994140625,1302.1099853515625,1305.1500244140625,7851,0.0,0.0
2024-06-10 14:30:00-04:00,1306.43505859375,1313.5799560546875,1304.8299560546875,1313.5799560546875,20913,0.0,0.0
2024-06-10 15:30:00-04:00,1314.56005859375,1315.4200439453125,1309.550048828125,1309.7900390625,25997,0.0,0.0
2024-06-11 09:30:00-04:00,1298.6400146484375,1308.5999755859375,1287.989990234375,1307.135009765625,11741,0.0,0.0
2024-06-11 10:30:00-04:00,1308.9000244140625,1316.550048828125,1308.219970703125,1315.9100341796875,8201,0.0,0.0
2024-06-11 11:30:00-04:00,1313.4000244140625,1319.0699462890625,1312.9150390625,1317.0799560546875,5093,0.0,0.0
2024-06-11 12:30:00-04:00,1316.7900390625,1322.18994140625,1316.3299560546875,1317.3800048828125,5730,0.0,0.0
2024-06-11 13:30:00-04:00,1315.9649658203125,1319.6400146484375,1315.9649658203125,1318.7099609375,4419,0.0,0.0
2024-06-11 14:30:00-04:00,1317.0400390625,1317.77001953125,1315.489990234375,1315.97998046875,5988,0.0,0.0
2024-06-11 15:30:00-04:00,1314.72998046875,1316.8900146484375,1313.5400390625,1316.8900146484375,17809,0.0,0.0
2024-06-12 09:30:00-04:00,1332.1500244140625,1390.5400390625,1331.8599853515625,1385.4300537109375,40353,0.0,0.0
2024-06-12 10:30:00-04:00,1383.6099853515625,1389.1199951171875,1365.0699462890625,1369.7099609375,16879,0.0,0.0
2024-06-12 11:30:00-04:00,1369.135009765625,1384.3099365234375,1369.135009765625,1381.6600341796875,11130,0.0,0.0
2024-06-12 12:30:00-04:00,1383.824951171875,1389.3599853515625,1377.02001953125,1389.3599853515625,14126,0.0,0.0
2024-06-12 13:30:00-04:00,1384.3399658203125,1390.34765625,1378.050048828125,1378.050048828125,14964,0.0,0.0
2024-06-12 14:30:00-04:00,1380.0,1380.02001953125,1370.0699462890625,1373.489990234375,27457,0.0,0.0
2024-06-12 15:30:00-04:00,1372.3199462890625,1380.06005859375,1368.8900146484375,1378.3699951171875,36944,0.0,0.0
2024-06-13 09:30:00-04:00,1378.4000244140625,1389.8675537109375,1358.2349853515625,1368.3499755859375,17096,0.0,0.0
2024-06-13 10:30:00-04:00,1373.3199462890625,1376.969970703125,1363.074951171875,1372.6300048828125,11140,0.0,0.0
2024-06-13 11:30:00-04:00,1372.8349609375,1372.949951171875,1359.5899658203125,1359.5899658203125,7493,0.0,0.0
2024-06-13 12:30:00-04:00,1360.43505859375,1370.800048828125,1360.43505859375,1370.800048828125,3939,0.0,0.0
2024-06-13 13:30:00-04:00,1368.4449462890625,1371.800048828125,1365.4000244140625,1371.1099853515625,7938,0.0,0.0
2024-06-13 14:30:00-04:00,1371.175048828125,1375.2349853515625,1369.72998046875,1375.2349853515625,10713,0.0,0.0
2024-06-13 15:30:00-04:00,1374.989990234375,1381.4100341796875,1374.9100341796875,1379.0699462890625,18264,0.0,0.0
2024-06-14 09:30:00-04:00,1374.2900390625,1381.677978515625,1365.0,1370.9150390625,10366,0.0,0.0
2024-06-14 10:30:00-04:00,1371.4599609375,1378.052001953125,1371.4599609375,1375.27001953125,6212,0.0,0.0
2024-06-14 11:30:00-04:00,1375.77001953125,1385.969970703125,1372.830078125,1385.969970703125,10869,0.0,0.0
2024-06-14 12:30:00-04:00,1393.199951171875,1393.25,1389.0899658203125,1389.0899658203125,5215,0.0,0.0
2024-06-14 13:30:00-04:00,1387.969970703125,1387.969970703125,1379.2950439453125,1385.0400390625,7634,0.0,0.0
2024-06-14 14:30:00-04:00,1384.530029296875,1385.97998046875,1380.510009765625,1380.989990234375,8213,0.0,0.0
2024-06-14 15:30:00-04:00,1385.0799560546875,1392.6199951171875,1383.1700439453125,1390.5899658203125,26573,0.0,0.0
2024-06-17 09:30:00-04:00,1386.5799560546875,1387.5250244140625,1370.280029296875,1373.324951171875,19190,0.0,0.0
2024-06-17 10:30:00-04:00,1376.18505859375,1386.280029296875,1375.31005859375,1385.9200439453125,16086,0.0,0.0
2024-06-17 11:30:00-04:00,1385.4300537109375,1399.68994140625,1384.43505859375,1399.3355712890625,4951,0.0,0.0
2024-06-17 12:30:00-04:00,1396.510009765625,1401.0,1395.9300537109375,1399.3599853515625,8347,0.0,0.0
2024-06-17 13:30:00-04:00,1398.6800537109375,1403.699951171875,1398.6800537109375,1399.385009765625,5055,0.0,0.0
2024-06-17 14:30:00-04:00,1402.6099853515625,1407.0999755859375,1399.4300537109375,1405.0,9270,0.0,0.0
2024-06-17 15:30:00-04:00,1404.1099853515625,1410.6099853515625,1403.655029296875,1408.280029296875,28682,0.0,0.0
2024-06-18 09:30:00-04:00,1411.6500244140625,1423.0,1411.1500244140625,1420.0,19460,0.0,0.0
2024-06-18 10:30:00-04:00,1425.6700439453125,1427.864990234375,1419.3800048828125,1420.0,20665,0.0,0.0
2024-06-18 11:30:00-04:00,1425.06005859375,1425.06005859375,1422.614990234375,1424.3599853515625,4595,0.0,0.0
2024-06-18 12:30:00-04:00,1425.0999755859375,1434.6600341796875,1425.0999755859375,1434.6600341796875,10855,0.0,0.0
2024-06-18 13:30:00-04:00,1436.7945556640625,1439.93994140625,1431.68994140625,1432.510009765625,8886,0.0,0.0
2024-06-18 14:30:00-04:00,1429.489990234375,1429.489990234375,1425.0050048828125,1425.2149658203125,8625,0.0,0.0
2024-06-18 15:30:00-04:00,1424.43994140625,1434.9100341796875,1421.7900390625,1421.7900390625,42536,0.0,0.0
2024-06-20 09:30:00-04:00,1428.25,1428.6099853515625,1417.178955078125,1420.510009765625,11353,0.0,0.0
2024-06-20 10:30:00-04:00,1419.0350341796875,1426.5400390625,1419.0350341796875,1425.1500244140625,11058,0.0,0.0
2024-06-20 11:30:00-04:00,1425.260009765625,1427.8399658203125,1414.844970703125,1414.8800048828125,10878,0.0,0.0
2024-06-20 12:30:00-04:00,1410.0699462890625,1414.0400390625,1408.8050537109375,1408.8900146484375,8553,0.0,0.0
2024-06-20 13:30:00-04:00,1406.6600341796875,1410.0,1401.6700439453125,1407.5400390625,12106,0.0,0.0
2024-06-20 14:30:00-04:00,1410.06005859375,1412.010009765625,1406.6400146484375,1407.5899658203125,15900,0.0,0.0
2024-06-20 15:30:00-04:00,1409.699951171875,1419.8399658203125,1409.5999755859375,1414.510009765625,29470,0.0,0.0
2024-06-21 09:30:00-04:00,1418.22998046875,1419.9449462890625,1406.3800048828125,1413.18505859375,27127,0.0,0.0
2024-06-21 10:30:00-04:00,1413.9549560546875,1414.449951171875,1407.219970703125,1408.4749755859375,15255,0.0,0.0
2024-06-21 11:30:00-04:00,1408.43994140625,1420.0,1407.5174560546875,1419.6300048828125,25568,0.0,0.0
2024-06-21 12:30:00-04:00,1419.8599853515625,1420.9150390625,1415.0,1418.0899658203125,11741,0.0,0.0
2024-06-21 13:30:00-04:00,1413.3900146484375,1423.9849853515625,1413.0,1423.9849853515625,8792,0.0,0.0
2024-06-21 14:30:00-04:00,1416.7550048828125,1419.050048828125,1414.4949951171875,1418.0699462890625,5439,0.0,0.0
2024-06-21 15:30:00-04:00,1419.1400146484375,1436.43994140625,1419.1400146484375,1433.260009765625,30730,0.0,0.0
2024-06-24 09:30:00-04:00,1429.22998046875,1430.719970703125,1410.655029296875,1427.72998046875,17729,0.0,0.0
2024-06-24 10:30:00-04:00,1430.3900146484375,1434.9849853515625,1423.6099853515625,1434.9849853515625,27229,0.0,0.0
2024-06-24 11:30:00-04:00,1434.0,1438.5400390625,1428.9599609375,1432.989990234375,16215,0.0,0.0
2024-06-24 12:30:00-04:00,1432.27001953125,1436.219970703125,1431.02001953125,1434.8199462890625,19379,0.0,0.0
2024-06-24 13:30:00-04:00,1432.3199462890625,1435.0,1431.219970703125,1432.5550537109375,8600,0.0,0.0
2024-06-24 14:30:00-04:00,1433.3800048828125,1438.5350341796875,1433.3800048828125,1438.375,16903,0.0,0.0
2024-06-24 15:30:00-04:00,1438.0174560546875,1444.8050537109375,1436.6700439453125,1441.5699462890625,50157,0.0,0.0
2024-06-25 09:30:00-04:00,1445.3699951171875,1457.9100341796875,1442.4100341796875,1452.489990234375,17254,0.0,0.0
2024-06-25 10:30:00-04:00,1452.135009765625,1457.77001953125,1449.6800537109375,1457.77001953125,16335,0.0,0.0
2024-06-25 11:30:00-04:00,1456.6500244140625,1461.56005859375,1454.0,1456.052490234375,9644,0.0,0.0
2024-06-25 12:30:00-04:00,1458.239990234375,1458.449951171875,1452.1099853515625,1455.5,8596,0.0,0.0
2024-06-25 13:30:00-04:00,1456.64501953125,1462.8900146484375,1456.64501953125,1462.8900146484375,9499,0.0,0.0
2024-06-25 14:30:00-04:00,1459.9200439453125,1462.6700439453125,1453.0,1460.300048828125,40202,0.0,0.0
2024-06-25 15:30:00-04:00,1460.06005859375,1462.5,1454.489990234375,1457.4599609375,36066,0.0,0.0
2024-06-26 09:30:00-04:00,1448.93994140625,1458.550048828125,1443.6800537109375,1452.030029296875,12272,0.0,0.0
2024-06-26 10:30:00-04:00,1453.614990234375,1466.3199462890625,1453.3499755859375,1461.449951171875,14053,0.0,0.0
2024-06-26 11:30:00-04:00,1462.47998046875,1475.1300048828125,1458.68994140625,1469.68994140625,20780,0.0,0.0
2024-06-26 12:30:00-04:00,1471.3900146484375,1475.56005859375,1466.02001953125,1470.7950439453125,32738,0.0,0.0
2024-06-26 13:30:00-04:00,1470.800048828125,1471.25,1466.8599853515625,1469.280029296875,18409,0.0,0.0
2024-06-26 14:30:00-04:00,1470.405029296875,1472.0450439453125,1468.06005859375,1470.0400390625,20040,0.0,0.0
2024-06-26 15:30:00-04:00,1470.7249755859375,1471.0899658203125,1465.47998046875,1471.030029296875,31153,0.0,0.0
2024-06-27 09:30:00-04:00,1477.530029296875,1485.0,1473.5,1484.2750244140625,13609,0.0,0.0
2024-06-27 10:30:00-04:00,1484.280029296875,1497.9100341796875,1483.3399658203125,1483.3399658203125,32028,0.0,0.0
2024-06-27 11:30:00-04:00,1484.9200439453125,1486.155029296875,1480.81494140625,1482.8399658203125,5225,0.0,0.0
2024-06-27 12:30:00-04:00,1482.699951171875,1486.739990234375,1482.699951171875,1485.6650390625,6938,0.0,0.0
2024-06-27 13:30:00-04:00,1483.9200439453125,1484.5400390625,1480.0,1483.0899658203125,13127,0.0,0.0
2024-06-27 14:30:00-04:00,1482.1500244140625,1485.760009765625,1479.0,1481.06005859375,18716,0.0,0.0
2024-06-27 15:30:00-04:00,1480.125,1480.175048828125,1469.9599609375,1478.93994140625,37957,0.0,0.0
2024-06-28 09:30:00-04:00,1480.2900390625,1513.02001953125,1480.2900390625,1510.550048828125,43126,0.0,0.0
2024-06-28 10:30:00-04:00,1510.739990234375,1518.27001953125,1505.3800048828125,1515.3199462890625,23920,0.0,0.0
2024-06-28 11:30:00-04:00,1514.1099853515625,1515.3199462890625,1504.77001953125,1509.8800048828125,14755,0.0,0.0
2024-06-28 12:30:00-04:00,1510.9200439453125,1511.0,1497.93994140625,1499.1199951171875,21445,0.0,0.0
2024-06-28 13:30:00-04:00,1498.969970703125,1499.8499755859375,1494.47998046875,1499.1949462890625,20976,0.0,0.0
2024-06-28 14:30:00-04:00,1498.0450439453125,1500.77001953125,1493.1400146484375,1500.3199462890625,47268,0.0,0.0
2024-06-28 15:30:00-04:00,1498.8199462890625,1499.64501953125,1488.260009765625,1490.8199462890625,33464,0.0,0.0
2024-07-01 09:30:00-04:00,1495.199951171875,1498.0899658203125,1454.4100341796875,1479.510009765625,27606,0.0,0.0
2024-07-01 10:30:00-04:00,1479.5050048828125,1487.43994140625,1473.9749755859375,1484.3199462890625,14827,0.0,0.0
2024-07-01 11:30:00-04:00,1484.8900146484375,1494.7900390625,1477.8900146484375,1492.60498046875,11348,0.0,0.0
2024-07-01 12:30:00-04:00,1494.27001953125,1501.6800537109375,1491.6500244140625,1500.0699462890625,12894,0.0,0.0
2024-07-01 13:30:00-04:00,1501.739990234375,1502.844970703125,1497.8900146484375,1498.6099853515625,9639,0.0,0.0
2024-07-01 14:30:00-04:00,1500.2099609375,1504.280029296875,1491.530029296875,1491.530029296875,23630,0.0,0.0
2024-07-01 15:30:00-04:00,1493.1600341796875,1498.47998046875,1492.550048828125,1498.3699951171875,20864,0.0,0.0
2024-07-02 09:30:00-04:00,1496.0,1515.239990234375,1487.699951171875,1507.3199462890625,19833,0.0,0.0
2024-07-02 10:30:00-04:00,1510.0,1510.0,1500.199951171875,1506.760009765625,12121,0.0,0.0
2024-07-02 11:30:00-04:00,1509.2900390625,1513.0400390625,1500.030029296875,1500.030029296875,7103,0.0,0.0
2024-07-02 12:30:00-04:00,1503.0899658203125,1511.791015625,1501.949951171875,1509.6571044921875,8032,0.0,0.0
2024-07-02 13:30:00-04:00,1511.6199951171875,1515.25,1510.27001953125,1515.25,3531,0.0,0.0
2024-07-02 14:30:00-04:00,1514.074951171875,1517.4599609375,1510.4300537109375,1517.4599609375,13341,0.0,0.0
2024-07-02 15:30:00-04:00,1516.800048828125,1529.6199951171875,1516.800048828125,1529.6099853515625,31645,0.0,0.0
2024-07-03 09:30:00-04:00,1531.0,1535.6700439453125,1518.4599609375,1530.8199462890625,21397,0.0,0.0
2024-07-03 10:30:00-04:00,1532.3599853515625,1541.3699951171875,1532.3599853515625,1538.219970703125,15601,0.0,0.0
2024-07-03 11:30:00-04:00,1537.22998046875,1537.9024658203125,1526.31005859375,1528.4100341796875,14240,0.0,0.0
2024-07-05 09:30:00-04:00,1541.5799560546875,1541.5799560546875,1527.010009765625,1535.6099853515625,10599,0.0,0.0
2024-07-05 10:30:00-04:00,1545.6650390625,1545.6650390625,1540.0,1541.4749755859375,9324,0.0,0.0
2024-07-05 11:30:00-04:00,1542.9599609375,1543.3475341796875,1540.1400146484375,1540.489990234375,7722,0.0,0.0
2024-07-05 12:30:00-04:00,1542.3399658203125,1550.103515625,1540.7850341796875,1547.0999755859375,9646,0.0,0.0
2024-07-05 13:30:00-04:00,1548.9300537109375,1549.3900146484375,1547.1500244140625,1549.3900146484375,12894,0.0,0.0
2024-07-05 14:30:00-04:00,1554.97998046875,1555.06005859375,1552.81005859375,1554.56005859375,6860,0.0,0.0
2024-07-05 15:30:00-04:00,1551.1650390625,1551.75,1548.7650146484375,1551.6500244140625,19770,0.0,0.0
2024-07-08 09:30:00-04:00,1549.22998046875,1549.3900146484375,1533.510009765625,1540.68994140625,14020,0.0,0.0
2024-07-08 10:30:00-04:00,1541.9749755859375,1543.4599609375,1533.0,1537.5699462890625,11790,0.0,0.0
2024-07-08 11:30:00-04:00,1537.7550048828125,1537.7550048828125,1522.219970703125,1522.68505859375,9874,0.0,0.0
2024-07-08 12:30:00-04:00,1522.6949462890625,1528.074951171875,1522.5250244140625,1528.074951171875,9572,0.0,0.0
2024-07-08 13:30:00-04:00,1529.06494140625,1535.8699951171875,1528.0699462890625,1530.4549560546875,10505,0.0,0.0
2024-07-08 14:30:00-04:00,1528.239990234375,1534.5799560546875,1525.8349609375,1531.5350341796875,13397,0.0,0.0
2024-07-08 15:30:00-04:00,1528.5150146484375,1538.47998046875,1527.6600341796875,1529.93994140625,33639,0.0,0.0
2024-07-09 09:30:00-04:00,1549.1800537109375,1553.260009765625,1541.68994140625,1546.9000244140625,13364,0.0,0.0
2024-07-09 10:30:00-04:00,1545.25,1551.5999755859375,1536.0799560546875,1547.5,32894,0.0,0.0
2024-07-09 11:30:00-04:00,1547.5,1555.0799560546875,1547.5,1550.0,9499,0.0,0.0
2024-07-09 12:30:00-04:00,1556.010009765625,1561.6800537109375,1553.18994140625,1558.5699462890625,13779,0.0,0.0
2024-07-09 13:30:00-04:00,1558.8299560546875,1563.8399658203125,1558.8299560546875,1561.1800537109375,10390,0.0,0.0
2024-07-09 14:30:00-04:00,1559.8199462890625,1572.3900146484375,1559.8199462890625,1569.927490234375,24651,0.0,0.0
2024-07-09 15:30:00-04:00,1569.62255859375,1575.010009765625,1564.3499755859375,1570.9100341796875,60429,0.0,0.0
2024-07-10 09:30:00-04:00,1569.8399658203125,1569.8399658203125,1496.1800537109375,1519.6500244140625,43085,0.0,0.0
2024-07-10 10:30:00-04:00,1517.5250244140625,1524.679931640625,1506.6300048828125,1522.14501953125,23905,0.0,0.0
2024-07-10 11:30:00-04:00,1515.5999755859375,1522.2900390625,1515.5999755859375,1517.18994140625,14055,0.0,0.0
2024-07-10 12:30:00-04:00,1517.27001953125,1521.9000244140625,1517.27001953125,1520.3499755859375,9372,0.0,0.0
2024-07-10 13:30:00-04:00,1518.989990234375,1526.3199462890625,1514.199951171875,1526.3199462890625,24474,0.0,0.0
2024-07-10 14:30:00-04:00,1526.8599853515625,1526.8599853515625,1521.2850341796875,1522.5400390625,32018,0.0,0.0
2024-07-10 15:30:00-04:00,1525.4000244140625,1535.56005859375,1524.0799560546875,1532.52001953125,29365,0.0,0.0
2024-07-11 09:30:00-04:00,1535.760009765625,1551.8199462890625,1535.760009765625,1551.8199462890625,17872,0.0,0.0
2024-07-11 10:30:00-04:00,1556.0,1557.0,1550.0,1556.9649658203125,10180,0.0,0.0
2024-07-11 11:30:00-04:00,1558.81005859375,1560.0,1548.449951171875,1551.47998046875,15382,0.0,0.0
2024-07-11 12:30:00-04:00,1550.4100341796875,1550.4100341796875,1544.8900146484375,1547.77001953125,6655,0.0,0.0
2024-07-11 13:30:00-04:00,1557.675048828125,1560.0,1556.9599609375,1558.300048828125,7612,0.0,0.0
2024-07-11 14:30:00-04:00,1557.1600341796875,1567.1400146484375,1557.1600341796875,1567.1400146484375,14734,0.0,0.0
2024-07-11 15:30:00-04:00,1566.175048828125,1567.6199951171875,1562.6300048828125,1567.469970703125,22662,0.0,0.0
2024-07-12 09:30:00-04:00,1571.3800048828125,1587.22998046875,1571.3800048828125,1584.06005859375,12324,0.0,0.0
2024-07-12 10:30:00-04:00,1588.989990234375,1599.6600341796875,1588.989990234375,1596.1500244140625,13783,0.0,0.0
2024-07-12 11:30:00-04:00,1595.97998046875,1597.8800048828125,1590.4300537109375,1595.0050048828125,13333,0.0,0.0
2024-07-12 12:30:00-04:00,1593.0,1597.5,1593.0,1596.530029296875,9523,0.0,0.0
2024-07-12 13:30:00-04:00,1601.8900146484375,1605.68994140625,1599.3599853515625,1602.114990234375,11050,0.0,0.0
2024-07-12 14:30:00-04:00,1602.5799560546875,1603.4000244140625,1600.75,1601.75,7996,0.0,0.0
2024-07-12 15:30:00-04:00,1602.06005859375,1603.1600341796875,1587.530029296875,1588.3349609375,26000,0.0,0.0
2024-07-15 09:30:00-04:00,1593.4200439453125,1607.8299560546875,1593.4200439453125,1604.18505859375,13931,0.0,0.0
2024-07-15 10:30:00-04:00,1607.72998046875,1609.449951171875,1599.6700439453125,1600.6700439453125,9290,0.0,0.0
2024-07-15 11:30:00-04:00,1597.1700439453125,1598.18505859375,1593.469970703125,1594.5799560546875,7140,0.0,0.0
2024-07-15 12:30:00-04:00,1594.0350341796875,1594.0350341796875,1587.7010498046875,1590.780029296875,10774,0.0,0.0
2024-07-15 13:30:00-04:00,1586.280029296875,1590.1600341796875,1580.06005859375,1590.1600341796875,13641,0.0,0.0
2024-07-15 14:30:00-04:00,1593.77099609375,1596.7750244140625,1590.571044921875,1592.89501953125,10632,0.0,0.0
2024-07-15 15:30:00-04:00,1595.0550537109375,1596.3199462890625,1579.1400146484375,1589.8699951171875,28733,0.0,0.0
2024-07-16 09:30:00-04:00,1596.0,1612.52001953125,1594.510009765625,1601.0,18771,0.0,0.0
2024-07-16 10:30:00-04:00,1605.7550048828125,1620.0,1603.5999755859375,1620.0,16901,0.0,0.0
2024-07-16 11:30:00-04:00,1614.300048828125,1617.81005859375,1611.0,1615.2900390625,7020,0.0,0.0
2024-07-16 12:30:00-04:00,1616.2498779296875,1618.3299560546875,1612.06005859375,1612.06005859375,7771,0.0,0.0
2024-07-16 13:30:00-04:00,1614.510009765625,1614.510009765625,1604.5849609375,1605.8699951171875,9781,0.0,0.0
2024-07-16 14:30:00-04:00,1612.1300048828125,1620.5,1612.1300048828125,1620.5,10697,0.0,0.0
2024-07-16 15:30:00-04:00,1620.0250244140625,1620.4300537109375,1614.6099853515625,1616.5799560546875,22795,0.0,0.0
2024-07-17 09:30:00-04:00,1616.8800048828125,1627.1099853515625,1596.0899658203125,1624.050048828125,22738,0.0,0.0
2024-07-17 10:30:00-04:00,1620.2550048828125,1621.6600341796875,1607.530029296875,1614.9599609375,19167,0.0,0.0
2024-07-17 11:30:00-04:00,1615.4200439453125,1616.7550048828125,1607.1199951171875,1613.6099853515625,15079,0.0,0.0
2024-07-17 12:30:00-04:00,1614.5799560546875,1616.8800048828125,1606.5899658203125,1606.5899658203125,15878,0.0,0.0
2024-07-17 13:30:00-04:00,1609.1800537109375,1616.27001953125,1607.320068359375,1608.050048828125,14721,0.0,0.0
2024-07-17 14:30:00-04:00,1610.199951171875,1612.4100341796875,1594.8299560546875,1595.8399658203125,25556,0.0,0.0
2024-07-17 15:30:00-04:00,1598.739990234375,1611.8699951171875,1598.739990234375,1605.0899658203125,57046,0.0,0.0
2024-07-18 09:30:00-04:00,1608.010009765625,1635.6800537109375,1607.8199462890625,1635.260009765625,22196,0.0,0.0
2024-07-18 10:30:00-04:00,1634.3499755859375,1635.199951171875,1604.18994140625,1604.18994140625,19870,0.0,0.0
2024-07-18 11:30:00-04:00,1604.824951171875,1604.824951171875,1589.8599853515625,1594.72998046875,16690,0.0,0.0
2024-07-18 12:30:00-04:00,1588.780029296875,1591.85498046875,1584.3599853515625,1591.6800537109375,15037,0.0,0.0
2024-07-18 13:30:00-04:00,1593.6500244140625,1600.599853515625,1583.0616455078125,1593.050048828125,13307,0.0,0.0
2024-07-18 14:30:00-04:00,1593.010009765625,1594.8599853515625,1576.2900390625,1578.10498046875,15557,0.0,0.0
2024-07-18 15:30:00-04:00,1578.1800537109375,1588.6500244140625,1575.510009765625,1584.5999755859375,31120,0.0,0.0
2024-07-19 09:30:00-04:00,1594.1099853515625,1611.425048828125,1588.3399658203125,1604.27001953125,25460,0.0,0.0
2024-07-19 10:30:00-04:00,1604.0,1614.1700439453125,1604.0,1613.1600341796875,17504,0.0,0.0
2024-07-19 11:30:00-04:00,1609.0699462890625,1623.8199462890625,1606.3199462890625,1618.385009765625,13381,0.0,0.0
2024-07-19 12:30:00-04:00,1618.5150146484375,1618.5150146484375,1606.719970703125,1607.0,10329,0.0,0.0
2024-07-19 13:30:00-04:00,1606.1700439453125,1608.9100341796875,1601.0,1607.1199951171875,11388,0.0,0.0
2024-07-19 14:30:00-04:00,1604.2900390625,1606.260009765625,1598.5699462890625,1602.8800048828125,26086,0.0,0.0
2024-07-19 15:30:00-04:00,1604.800048828125,1604.800048828125,1588.7099609375,1593.5699462890625,50448,0.0,0.0
2024-07-22 09:30:00-04:00,1597.8199462890625,1629.1099853515625,1597.8199462890625,1629.1099853515625,20062,0.0,0.0
2024-07-22 10:30:00-04:00,1632.300048828125,1643.550048828125,1629.3599853515625,1634.3349609375,18950,0.0,0.0
2024-07-22 11:30:00-04:00,1632.77001953125,1641.31005859375,1624.3399658203125,1624.3399658203125,13137,0.0,0.0
2024-07-22 12:30:00-04:00,1624.5699462890625,1636.7099609375,1624.5699462890625,1635.2850341796875,9744,0.0,0.0
2024-07-22 13:30:00-04:00,1634.5,1635.4100341796875,1627.6199951171875,1630.699951171875,13172,0.0,0.0
2024-07-22 14:30:00-04:00,1633.260009765625,1634.5,1628.9000244140625,1630.260009765625,12377,0.0,0.0
2024-07-22 15:30:00-04:00,1631.3399658203125,1632.239990234375,1628.02001953125,1632.239990234375,34856,0.0,0.0
2024-07-23 09:30:00-04:00,1635.47998046875,1650.0,1635.47998046875,1643.0625,9350,0.0,0.0
2024-07-23 10:30:00-04:00,1644.0,1654.0,1643.6800537109375,1653.6500244140625,17305,0.0,0.0
2024-07-23 11:30:00-04:00,1654.2650146484375,1658.030029296875,1645.0,1649.5999755859375,17785,0.0,0.0
2024-07-23 12:30:00-04:00,1649.5,1652.239990234375,1641.800048828125,1644.8499755859375,11420,0.0,0.0
2024-07-23 13:30:00-04:00,1644.2149658203125,1647.93505859375,1640.64501953125,1645.1800537109375,12158,0.0,0.0
2024-07-23 14:30:00-04:00,1644.18994140625,1645.925048828125,1640.3299560546875,1642.68994140625,14535,0.0,0.0
2024-07-23 15:30:00-04:00,1644.0350341796875,1645.5250244140625,1625.449951171875,1625.8699951171875,56111,0.0,0.0
2024-07-24 09:30:00-04:00,1621.800048828125,1626.2900390625,1605.8299560546875,1614.655029296875,12539,0.0,0.0
2024-07-24 10:30:00-04:00,1613.760009765625,1613.760009765625,1593.0,1593.39501953125,18057,0.0,0.0
2024-07-24 11:30:00-04:00,1595.8299560546875,1595.8299560546875,1578.3800048828125,1579.0,12021,0.0,0.0
2024-07-24 12:30:00-04:00,1577.4200439453125,1581.510009765625,1574.0999755859375,1577.6199951171875,12505,0.0,0.0
2024-07-24 13:30:00-04:00,1579.260009765625,1587.050048828125,1578.969970703125,1578.969970703125,10627,0.0,0.0
2024-07-24 14:30:00-04:00,1570.0,1570.0594482421875,1559.5400390625,1559.5400390625,15109,0.0,0.0
2024-07-24 15:30:00-04:00,1560.219970703125,1566.0350341796875,1553.7099609375,1559.1400146484375,30250,0.0,0.0
2024-07-25 09:30:00-04:00,1570.6500244140625,1577.56005859375,1551.93994140625,1556.780029296875,16156,0.0,0.0
2024-07-25 10:30:00-04:00,1564.9150390625,1579.6300048828125,1564.9150390625,1577.239990234375,18239,0.0,0.0
2024-07-25 11:30:00-04:00,1578.06005859375,1589.7650146484375,1578.06005859375,1589.7650146484375,3872,0.0,0.0
2024-07-25 12:30:00-04:00,1590.780029296875,1590.780029296875,1586.0101318359375,1586.0101318359375,5297,0.0,0.0
2024-07-25 13:30:00-04:00,1591.3399658203125,1591.3399658203125,1583.449951171875,1590.3800048828125,11190,0.0,0.0
2024-07-25 14:30:00-04:00,1591.4749755859375,1591.4749755859375,1580.0250244140625,1587.2750244140625,8284,0.0,0.0
2024-07-25 15:30:00-04:00,1585.8800048828125,1586.050048828125,1574.8299560546875,1575.010009765625,21994,0.0,0.0
2024-07-26 09:30:00-04:00,1579.4200439453125,1605.199951171875,1579.4200439453125,1604.0,19641,0.0,0.0
2024-07-26 10:30:00-04:00,1602.7900390625,1605.4000244140625,1594.22998046875,1604.1300048828125,12252,0.0,0.0
2024-07-26 11:30:00-04:00,1603.0,1611.81494140625,1603.0,1605.0,8573,0.0,0.0
2024-07-26 12:30:00-04:00,1608.0899658203125,1612.5689697265625,1605.0,1612.02001953125,7736,0.0,0.0
2024-07-26 13:30:00-04:00,1610.97998046875,1610.97998046875,1603.7850341796875,1604.4000244140625,14148,0.0,0.0
2024-07-26 14:30:00-04:00,1604.706298828125,1607.0699462890625,1603.885009765625,1607.0699462890625,14091,0.0,0.0
2024-07-26 15:30:00-04:00,1606.030029296875,1607.4300537109375,1603.0400390625,1605.800048828125,37644,0.0,0.0
2024-07-29 09:30:00-04:00,1612.5999755859375,1615.449951171875,1592.0999755859375,1592.4649658203125,31937,0.0,0.0
2024-07-29 10:30:00-04:00,1592.7550048828125,1597.4100341796875,1586.989990234375,1594.75,26844,0.0,0.0
2024-07-29 11:30:00-04:00,1594.3199462890625,1607.449951171875,1587.719970703125,1602.3800048828125,19559,0.0,0.0
2024-07-29 12:30:00-04:00,1604.344970703125,1606.27001953125,1598.4300537109375,1598.60498046875,12543,0.0,0.0
2024-07-29 13:30:00-04:00,1596.1700439453125,1601.1800537109375,1595.300048828125,1598.75,11464,0.0,0.0
2024-07-29 14:30:00-04:00,1598.75,1601.8800048828125,1593.219970703125,1600.3699951171875,20030,0.0,0.0
2024-07-29 15:30:00-04:00,1599.43994140625,1599.7099609375,1587.9300537109375,1593.06005859375,38551,0.0,0.0
2024-07-30 09:30:00-04:00,1599.97998046875,1620.68994140625,1599.97998046875,1618.344970703125,23803,0.0,0.0
2024-07-30 10:30:00-04:00,1621.969970703125,1621.969970703125,1608.050048828125,1614.8499755859375,17315,0.0,0.0
2024-07-30 11:30:00-04:00,1612.9100341796875,1615.56494140625,1605.510009765625,1610.9000244140625,18686,0.0,0.0
2024-07-30 12:30:00-04:00,1608.030029296875,1611.510009765625,1588.5899658203125,1595.949951171875,17257,0.0,0.0
2024-07-30 13:30:00-04:00,1592.6199951171875,1592.9000244140625,1585.43994140625,1586.5,19201,0.0,0.0
2024-07-30 14:30:00-04:00,1590.14501953125,1594.699951171875,1582.06005859375,1584.3699951171875,19298,0.0,0.0
2024-07-30 15:30:00-04:00,1585.5699462890625,1594.7149658203125,1581.9200439453125,1586.4200439453125,36320,0.0,0.0
2024-07-31 09:30:00-04:00,1617.1400146484375,1630.0,1614.010009765625,1619.77001953125,14671,0.0,0.0
2024-07-31 10:30:00-04:00,1614.239990234375,1620.8699951171875,1606.0899658203125,1614.864990234375,23760,0.0,0.0
2024-07-31 11:30:00-04:00,1616.02001953125,1618.0400390625,1610.9300537109375,1616.510009765625,23317,0.0,0.0
2024-07-31 12:30:00-04:00,1615.8800048828125,1617.699951171875,1605.1800537109375,1608.6500244140625,17862,0.0,0.0
2024-07-31 13:30:00-04:00,1606.9200439453125,1606.9200439453125,1592.27001953125,1594.0,29937,0.0,0.0
2024-07-31 14:30:00-04:00,1598.800048828125,1610.5699462890625,1597.27001953125,1600.0550537109375,47861,0.0,0.0
2024-07-31 15:30:00-04:00,1600.06494140625,1610.0350341796875,1595.0799560546875,1596.719970703125,52819,0.0,0.0
2024-08-01 09:30:00-04:00,1554.6800537109375,1668.625,1528.4300537109375,1645.0350341796875,73052,0.0,0.0
2024-08-01 10:30:00-04:00,1646.4000244140625,1646.4000244140625,1603.489990234375,1612.52001953125,36316,0.0,0.0
2024-08-01 11:30:00-04:00,1616.9300537109375,1616.9300537109375,1586.3199462890625,1587.22998046875,32074,0.0,0.0
2024-08-01 12:30:00-04:00,1587.77001953125,1593.27001953125,1567.199951171875,1567.199951171875,18541,0.0,0.0
2024-08-01 13:30:00-04:00,1569.9300537109375,1570.6400146484375,1558.219970703125,1562.2099609375,15210,0.0,0.0
2024-08-01 14:30:00-04:00,1562.0799560546875,1567.8299560546875,1559.280029296875,1567.8299560546875,20471,0.0,0.0
2024-08-01 15:30:00-04:00,1573.7099609375,1580.800048828125,1569.6199951171875,1575.969970703125,36475,0.0,0.0
2024-08-02 09:30:00-04:00,1547.0999755859375,1580.5899658203125,1545.6199951171875,1546.52001953125,21154,0.0,0.0
2024-08-02 10:30:00-04:00,1541.885009765625,1573.8800048828125,1537.3900146484375,1556.89501953125,18397,0.0,0.0
2024-08-02 11:30:00-04:00,1560.0,1573.489990234375,1556.0450439453125,1573.1600341796875,13328,0.0,0.0
2024-08-02 12:30:00-04:00,1570.219970703125,1579.280029296875,1560.9200439453125,1566.010009765625,9380,0.0,0.0
2024-08-02 13:30:00-04:00,1563.9000244140625,1581.1099853515625,1563.9000244140625,1581.1099853515625,7423,0.0,0.0
2024-08-02 14:30:00-04:00,1581.0450439453125,1591.93994140625,1578.1700439453125,1591.93994140625,10804,0.0,0.0
2024-08-02 15:30:00-04:00,1593.52001953125,1602.489990234375,1588.02001953125,1602.489990234375,39153,0.0,0.0
2024-08-05 09:30:00-04:00,1554.5999755859375,1586.06005859375,1544.989990234375,1557.1800537109375,28777,0.0,0.0
2024-08-05 10:30:00-04:00,1566.0400390625,1593.0,1563.9300537109375,1589.5999755859375,11714,0.0,0.0
2024-08-05 11:30:00-04:00,1588.22998046875,1607.0799560546875,1583.93994140625,1607.0799560546875,11990,0.0,0.0
2024-08-05 12:30:00-04:00,1603.18505859375,1604.739990234375,1575.280029296875,1583.25,15963,0.0,0.0
2024-08-05 13:30:00-04:00,1580.469970703125,1580.469970703125,1571.8900146484375,1577.4000244140625,11850,0.0,0.0
2024-08-05 14:30:00-04:00,1579.81005859375,1579.8199462890625,1570.77001953125,1575.25,9983,0.0,0.0
2024-08-05 15:30:00-04:00,1576.739990234375,1583.699951171875,1575.18994140625,1583.699951171875,22756,0.0,0.0
2024-08-06 09:30:00-04:00,1599.8900146484375,1631.9100341796875,1589.9200439453125,1627.0450439453125,31171,0.0,0.0
2024-08-06 10:30:00-04:00,1625.0,1656.77001953125,1625.0,1650.1099853515625,18375,0.0,0.0
2024-08-06 11:30:00-04:00,1653.4599609375,1660.6500244140625,1650.239990234375,1655.969970703125,25755,0.0,0.0
2024-08-06 12:30:00-04:00,1656.2750244140625,1663.8399658203125,1655.85498046875,1656.3499755859375,11723,0.0,0.0
2024-08-06 13:30:00-04:00,1657.9200439453125,1662.4100341796875,1657.530029296875,1661.5400390625,10636,0.0,0.0
2024-08-06 14:30:00-04:00,1668.219970703125,1677.010009765625,1652.4200439453125,1663.260009765625,26483,0.0,0.0
2024-08-06 15:30:00-04:00,1661.3399658203125,1665.9000244140625,1650.9599609375,1651.68994140625,44132,0.0,0.0
2024-08-07 09:30:00-04:00,1693.699951171875,1708.5999755859375,1678.0400390625,1683.489990234375,28057,0.0,0.0
2024-08-07 10:30:00-04:00,1683.449951171875,1694.0550537109375,1679.0400390625,1693.7449951171875,15299,0.0,0.0
2024-08-07 11:30:00-04:00,1690.5999755859375,1694.369873046875,1686.3800048828125,1691.1600341796875,15653,0.0,0.0
2024-08-07 12:30:00-04:00,1690.0,1692.780029296875,1673.5999755859375,1677.27001953125,16659,0.0,0.0
2024-08-07 13:30:00-04:00,1675.760009765625,1676.0699462890625,1659.0,1659.0,15142,0.0,0.0
2024-08-07 14:30:00-04:00,1659.0,1681.800048828125,1659.0,1678.9150390625,15254,0.0,0.0
2024-08-07 15:30:00-04:00,1679.0550537109375,1681.6500244140625,1661.300048828125,1664.949951171875,42125,0.0,0.0
2024-08-08 09:30:00-04:00,1683.9300537109375,1689.0699462890625,1673.030029296875,1682.56005859375,25223,0.0,0.0
2024-08-08 10:30:00-04:00,1682.9599609375,1692.2099609375,1682.0400390625,1692.2099609375,12047,0.0,0.0
2024-08-08 11:30:00-04:00,1693.0899658203125,1700.0,1690.8299560546875,1700.0,9645,0.0,0.0
2024-08-08 12:30:00-04:00,1697.77001953125,1700.0,1693.4599609375,1700.0,4918,0.0,0.0
2024-08-08 13:30:00-04:00,1708.25,1720.010009765625,1708.25,1714.8299560546875,18866,0.0,0.0
2024-08-08 14:30:00-04:00,1711.800048828125,1719.3699951171875,1709.4300537109375,1715.9849853515625,21763,0.0,0.0
2024-08-08 15:30:00-04:00,1714.8599853515625,1720.5999755859375,1708.969970703125,1717.9000244140625,21618,0.0,0.0
2024-08-09 09:30:00-04:00,1720.0,1730.56005859375,1714.010009765625,1730.56005859375,10524,0.0,0.0
2024-08-09 10:30:00-04:00,1726.4300537109375,1742.739990234375,1719.199951171875,1734.2900390625,15542,0.0,0.0
2024-08-09 11:30:00-04:00,1734.3900146484375,1739.969970703125,1726.2900390625,1729.43994140625,13184,0.0,0.0
2024-08-09 12:30:00-04:00,1729.68994140625,1749.0,1729.68994140625,1749.0,32636,0.0,0.0
2024-08-09 13:30:00-04:00,1755.0799560546875,1756.510009765625,1743.219970703125,1743.219970703125,20182,0.0,0.0
2024-08-09 14:30:00-04:00,1748.6300048828125,1753.9000244140625,1744.72998046875,1753.9000244140625,15787,0.0,0.0
2024-08-09 15:30:00-04:00,1755.1099853515625,1759.760009765625,1750.97998046875,1752.260009765625,36856,0.0,0.0
2024-08-12 09:30:00-04:00,1755.800048828125,1755.800048828125,1728.6600341796875,1739.68994140625,14299,0.0,0.0
2024-08-12 10:30:00-04:00,1737.56005859375,1744.655029296875,1725.0,1725.0,15849,0.0,0.0
2024-08-12 11:30:00-04:00,1729.9000244140625,1738.75,1729.489990234375,1733.7099609375,11109,0.0,0.0
2024-08-12 12:30:00-04:00,1736.530029296875,1736.530029296875,1721.3399658203125,1723.5899658203125,12958,0.0,0.0
2024-08-12 13:30:00-04:00,1722.760009765625,1722.760009765625,1715.0,1719.39990234375,13938,0.0,0.0
2024-08-12 14:30:00-04:00,1716.1199951171875,1719.2578125,1711.6700439453125,1713.3399658203125,14401,0.0,0.0
2024-08-12 15:30:00-04:00,1715.2650146484375,1720.0,1710.4100341796875,1719.949951171875,26813,0.0,0.0
2024-08-13 09:30:00-04:00,1734.3800048828125,1754.7650146484375,1734.3800048828125,1748.8599853515625,10437,0.0,0.0
2024-08-13 10:30:00-04:00,1746.1400146484375,1753.1949462890625,1746.1400146484375,1749.2900390625,7517,0.0,0.0
2024-08-13 11:30:00-04:00,1752.9000244140625,1762.9200439453125,1751.6400146484375,1762.9200439453125,13315,0.0,0.0
2024-08-13 12:30:00-04:00,1765.0699462890625,1772.0,1764.35498046875,1764.35498046875,12309,0.0,0.0
2024-08-13 13:30:00-04:00,1762.06005859375,1764.02001953125,1755.56005859375,1758.6201171875,6442,0.0,0.0
2024-08-13 14:30:00-04:00,1762.06005859375,1771.875,1762.06005859375,1771.0081787109375,13839,0.0,0.0
2024-08-13 15:30:00-04:00,1772.0,1776.3199462890625,1767.0,1772.3599853515625,23098,0.0,0.0
2024-08-14 09:30:00-04:00,1777.0,1802.2698974609375,1777.0,1788.3499755859375,13404,0.0,0.0
2024-08-14 10:30:00-04:00,1784.4000244140625,1796.7900390625,1781.0,1796.52001953125,10719,0.0,0.0
2024-08-14 11:30:00-04:00,1801.5050048828125,1805.6400146484375,1798.8800048828125,1802.1199951171875,13261,0.0,0.0
2024-08-14 12:30:00-04:00,1800.4300537109375,1801.0400390625,1795.0,1798.875,10381,0.0,0.0
2024-08-14 13:30:00-04:00,1798.8699951171875,1798.8699951171875,1782.239990234375,1782.239990234375,16598,0.0,0.0
2024-08-14 14:30:00-04:00,1785.18994140625,1791.050048828125,1784.3599853515625,1788.0699462890625,18797,0.0,0.0
2024-08-14 15:30:00-04:00,1787.9620361328125,1812.6700439453125,1787.9620361328125,1807.43994140625,40517,0.0,0.0
2024-08-15 09:30:00-04:00,1818.02001953125,1818.02001953125,1782.26025390625,1789.3399658203125,16139,0.0,0.0
2024-08-15 10:30:00-04:00,1787.5400390625,1796.8699951171875,1775.050048828125,1775.07275390625,13034,0.0,0.0
2024-08-15 11:30:00-04:00,1772.4549560546875,1772.4949951171875,1760.2249755859375,1760.31005859375,18721,0.0,0.0
2024-08-15 12:30:00-04:00,1758.469970703125,1758.469970703125,1743.1700439453125,1749.3900146484375,35598,0.0,0.0
2024-08-15 13:30:00-04:00,1748.6500244140625,1749.3499755859375,1734.800048828125,1736.1500244140625,25367,0.0,0.0
2024-08-15 14:30:00-04:00,1740.7349853515625,1748.52001953125,1739.340087890625,1744.8199462890625,40425,0.0,0.0
2024-08-15 15:30:00-04:00,1743.0,1743.0,1731.6700439453125,1734.18994140625,34611,0.0,0.0
2024-08-16 09:30:00-04:00,1726.9300537109375,1741.635009765625,1715.010009765625,1719.550048828125,24405,0.0,0.0
2024-08-16 10:30:00-04:00,1719.7099609375,1728.5,1707.9300537109375,1727.97998046875,24424,0.0,0.0
2024-08-16 11:30:00-04:00,1728.9599609375,1747.2049560546875,1728.0,1746.989990234375,26711,0.0,0.0
2024-08-16 12:30:00-04:00,1748.0,1760.8199462890625,1747.9150390625,1760.0699462890625,8078,0.0,0.0
2024-08-16 13:30:00-04:00,1756.52001953125,1762.56005859375,1756.52001953125,1760.1199951171875,10818,0.0,0.0
2024-08-16 14:30:00-04:00,1760.1199951171875,1760.1199951171875,1754.239990234375,1758.18994140625,9624,0.0,0.0
2024-08-16 15:30:00-04:00,1757.469970703125,1757.469970703125,1749.510009765625,1751.3699951171875,20305,0.0,0.0
2024-08-19 09:30:00-04:00,1758.5250244140625,1761.193115234375,1744.050048828125,1744.050048828125,13324,0.0,0.0
2024-08-19 10:30:00-04:00,1751.9599609375,1751.9599609375,1739.0799560546875,1739.0799560546875,9752,0.0,0.0
2024-08-19 11:30:00-04:00,1742.050048828125,1743.530029296875,1738.8699951171875,1743.530029296875,6233,0.0,0.0
2024-08-19 12:30:00-04:00,1743.530029296875,1748.8299560546875,1743.3199462890625,1747.81005859375,10909,0.0,0.0
2024-08-19 13:30:00-04:00,1755.6500244140625,1756.949951171875,1753.030029296875,1756.949951171875,8508,0.0,0.0
2024-08-19 14:30:00-04:00,1756.949951171875,1757.1199951171875,1753.0550537109375,1753.0550537109375,9921,0.0,0.0
2024-08-19 15:30:00-04:00,1753.0400390625,1756.0999755859375,1751.8699951171875,1753.4300537109375,18948,0.0,0.0
2024-08-20 09:30:00-04:00,1760.1500244140625,1766.5400390625,1748.47998046875,1750.4200439453125,9936,0.0,0.0
2024-08-20 10:30:00-04:00,1748.8800048828125,1751.72998046875,1747.43994140625,1749.0799560546875,8329,0.0,0.0
2024-08-20 11:30:00-04:00,1745.6800537109375,1754.7449951171875,1744.72998046875,1750.0799560546875,14746,0.0,0.0
2024-08-20 12:30:00-04:00,1750.300048828125,1752.1300048828125,1748.0400390625,1750.8800048828125,5690,0.0,0.0
2024-08-20 13:30:00-04:00,1752.31005859375,1760.22998046875,1752.31005859375,1759.6600341796875,6688,0.0,0.0
2024-08-20 14:30:00-04:00,1762.43896484375,1762.43896484375,1755.989990234375,1757.469970703125,16560,0.0,0.0
2024-08-20 15:30:00-04:00,1755.72998046875,1755.72998046875,1748.530029296875,1748.760009765625,24132,0.0,0.0
2024-08-21 09:30:00-04:00,1745.030029296875,1759.7099609375,1745.0,1747.4200439453125,7586,0.0,0.0
2024-08-21 10:30:00-04:00,1744.6300048828125,1745.969970703125,1737.47998046875,1739.9000244140625,8015,0.0,0.0
2024-08-21 11:30:00-04:00,1738.7049560546875,1739.989990234375,1732.9200439453125,1739.4100341796875,7297,0.0,0.0
2024-08-21 12:30:00-04:00,1740.949951171875,1748.1300048828125,1739.8900146484375,1743.780029296875,8193,0.0,0.0
2024-08-21 13:30:00-04:00,1746.43994140625,1752.5350341796875,1744.5799560546875,1745.9000244140625,7412,0.0,0.0
2024-08-21 14:30:00-04:00,1745.5050048828125,1747.614990234375,1745.5050048828125,1746.4599609375,12503,0.0,0.0
2024-08-21 15:30:00-04:00,1749.9100341796875,1753.949951171875,1746.050048828125,1753.949951171875,16638,0.0,0.0
2024-08-22 09:30:00-04:00,1758.0899658203125,1760.8800048828125,1745.095947265625,1745.8800048828125,10828,0.0,0.0
2024-08-22 10:30:00-04:00,1745.5,1747.9200439453125,1742.52001953125,1747.9200439453125,6575,0.0,0.0
2024-08-22 11:30:00-04:00,1744.4300537109375,1746.5699462890625,1736.35498046875,1744.0799560546875,7205,0.0,0.0
2024-08-22 12:30:00-04:00,1743.9150390625,1743.9150390625,1738.050048828125,1739.927490234375,4942,0.0,0.0
2024-08-22 13:30:00-04:00,1738.489990234375,1740.18994140625,1735.68994140625,1736.030029296875,6445,0.0,0.0
2024-08-22 14:30:00-04:00,1744.760009765625,1746.449951171875,1737.030029296875,1738.0,7677,0.0,0.0
2024-08-22 15:30:00-04:00,1737.0400390625,1741.6800537109375,1732.85009765625,1741.1300048828125,17118,0.0,0.0
2024-08-23 09:30:00-04:00,1747.9300537109375,1756.449951171875,1737.489990234375,1756.02001953125,9416,0.0,0.0
2024-08-23 10:30:00-04:00,1744.7099609375,1750.300048828125,1733.1300048828125,1746.6300048828125,7043,0.0,0.0
2024-08-23 11:30:00-04:00,1744.93505859375,1744.93505859375,1732.3599853515625,1732.3599853515625,5402,0.0,0.0
2024-08-23 12:30:00-04:00,1734.3699951171875,1735.81005859375,1733.6700439453125,1735.4100341796875,4093,0.0,0.0
2024-08-23 13:30:00-04:00,1741.0899658203125,1744.1500244140625,1741.0899658203125,1744.1500244140625,3775,0.0,0.0
2024-08-23 14:30:00-04:00,1746.8599853515625,1747.4100341796875,1745.1800537109375,1747.4100341796875,4631,0.0,0.0
2024-08-23 15:30:00-04:00,1747.4200439453125,1752.3499755859375,1745.1700439453125,1747.239990234375,12845,0.0,0.0
