Datetime,Open,High,Low,Close,Volume,Dividends,Stock Splits
2022-08-24 09:30:00-04:00,4.25,4.289999961853027,4.25,4.260000228881836,0,0.0,0.0
2022-08-24 10:30:00-04:00,4.342800140380859,4.342800140380859,4.342800140380859,4.342800140380859,296,0.0,0.0
2022-08-24 12:30:00-04:00,4.380000114440918,4.409999847412109,4.380000114440918,4.400000095367432,2104,0.0,0.0
2022-08-24 13:30:00-04:00,4.449999809265137,4.480000019073486,4.409999847412109,4.480000019073486,561,0.0,0.0
2022-08-24 14:30:00-04:00,4.460999965667725,4.460999965667725,4.400000095367432,4.400000095367432,1856,0.0,0.0
2022-08-24 15:30:00-04:00,4.462100028991699,4.480000019073486,4.419899940490723,4.420000076293945,1808,0.0,0.0
2022-08-25 09:30:00-04:00,4.539999961853027,4.562699794769287,4.349999904632568,4.420000076293945,5108,0.0,0.0
2022-08-25 11:30:00-04:00,4.300000190734863,4.300000190734863,4.300000190734863,4.300000190734863,309,0.0,0.0
2022-08-25 12:30:00-04:00,4.380000114440918,4.420000076293945,4.380000114440918,4.420000076293945,2357,0.0,0.0
2022-08-25 14:30:00-04:00,4.427299976348877,4.427299976348877,4.409999847412109,4.409999847412109,300,0.0,0.0
2022-08-25 15:30:00-04:00,4.425000190734863,4.425000190734863,4.425000190734863,4.425000190734863,0,0.0,0.0
2022-08-26 09:30:00-04:00,4.440000057220459,4.440000057220459,4.439899921417236,4.439899921417236,2587,0.0,0.0
2022-08-26 10:30:00-04:00,4.430099964141846,4.430099964141846,4.429999828338623,4.430099964141846,1101,0.0,0.0
2022-08-26 11:30:00-04:00,4.430099964141846,4.440000057220459,4.429999828338623,4.440000057220459,3346,0.0,0.0
2022-08-26 12:30:00-04:00,4.579999923706055,4.599999904632568,4.429999828338623,4.534999847412109,2823,0.0,0.0
2022-08-26 13:30:00-04:00,4.611100196838379,4.611100196838379,4.611100196838379,4.611100196838379,296,0.0,0.0
2022-08-26 14:30:00-04:00,4.429999828338623,4.429999828338623,4.429999828338623,4.429999828338623,100,0.0,0.0
2022-08-29 09:30:00-04:00,4.447800159454346,4.449999809265137,4.420000076293945,4.449999809265137,1444,0.0,0.0
2022-08-29 10:30:00-04:00,4.46999979019165,4.492700099945068,4.46999979019165,4.492700099945068,300,0.0,0.0
2022-08-29 11:30:00-04:00,4.492000102996826,4.492000102996826,4.425000190734863,4.425000190734863,899,0.0,0.0
2022-08-29 12:30:00-04:00,4.389999866485596,4.426000118255615,4.380000114440918,4.389999866485596,754,0.0,0.0
2022-08-29 13:30:00-04:00,4.467899799346924,4.467899799346924,4.400000095367432,4.400000095367432,200,0.0,0.0
2022-08-29 14:30:00-04:00,4.411200046539307,4.474999904632568,4.411200046539307,4.474999904632568,0,0.0,0.0
2022-08-30 09:30:00-04:00,4.75,4.75,4.610000133514404,4.610000133514404,4797,0.0,0.0
2022-08-30 11:30:00-04:00,4.5,4.578800201416016,4.5,4.578800201416016,632,0.0,0.0
2022-08-30 13:30:00-04:00,4.510000228881836,4.52269983291626,4.510000228881836,4.52269983291626,200,0.0,0.0
2022-08-30 14:30:00-04:00,4.582600116729736,4.582600116729736,4.582600116729736,4.582600116729736,111,0.0,0.0
2022-08-30 15:30:00-04:00,4.590000152587891,4.599999904632568,4.5858001708984375,4.599999904632568,1289,0.0,0.0
2022-08-31 09:30:00-04:00,4.599999904632568,4.650000095367432,4.599999904632568,4.639999866485596,0,0.0,0.0
2022-08-31 10:30:00-04:00,4.639900207519531,4.639900207519531,4.639900207519531,4.639900207519531,101,0.0,0.0
2022-08-31 11:30:00-04:00,4.550000190734863,4.550000190734863,4.550000190734863,4.550000190734863,334,0.0,0.0
2022-08-31 12:30:00-04:00,4.550000190734863,4.550000190734863,4.550000190734863,4.550000190734863,168,0.0,0.0
2022-08-31 13:30:00-04:00,4.550000190734863,4.550000190734863,4.550000190734863,4.550000190734863,132,0.0,0.0
2022-08-31 14:30:00-04:00,4.579999923706055,4.579999923706055,4.579999923706055,4.579999923706055,201,0.0,0.0
2022-09-01 09:30:00-04:00,4.539999961853027,4.539999961853027,4.25,4.480000019073486,0,0.0,0.0
2022-09-01 10:30:00-04:00,4.231200218200684,4.231200218200684,4.231200218200684,4.231200218200684,154,0.0,0.0
2022-09-01 11:30:00-04:00,4.421500205993652,4.489999771118164,4.421500205993652,4.489999771118164,530,0.0,0.0
2022-09-01 14:30:00-04:00,4.449999809265137,4.449999809265137,4.440000057220459,4.440000057220459,300,0.0,0.0
2022-09-01 15:30:00-04:00,4.329999923706055,4.385000228881836,4.329999923706055,4.385000228881836,409,0.0,0.0
2022-09-02 09:30:00-04:00,4.309999942779541,4.309999942779541,4.090000152587891,4.289999961853027,0,0.0,0.0
2022-09-06 09:30:00-04:00,4.199999809265137,4.360000133514404,4.179999828338623,4.179999828338623,809,0.0,0.0
2022-09-06 10:30:00-04:00,4.263700008392334,4.263700008392334,4.263700008392334,4.263700008392334,1000,0.0,0.0
2022-09-06 12:30:00-04:00,4.26800012588501,4.26800012588501,4.26800012588501,4.26800012588501,1159,0.0,0.0
2022-09-07 09:30:00-04:00,4.179999828338623,4.28000020980835,4.179999828338623,4.28000020980835,0,0.0,0.0
2022-09-07 10:30:00-04:00,4.289999961853027,4.320000171661377,4.210000038146973,4.252699851989746,3654,0.0,0.0
2022-09-07 13:30:00-04:00,4.199999809265137,4.199999809265137,4.199999809265137,4.199999809265137,100,0.0,0.0
2022-09-07 14:30:00-04:00,4.257500171661377,4.260000228881836,4.257500171661377,4.260000228881836,405,0.0,0.0
2022-09-07 15:30:00-04:00,4.309999942779541,4.309999942779541,4.309999942779541,4.309999942779541,100,0.0,0.0
2022-09-08 09:30:00-04:00,4.25,4.309999942779541,4.090000152587891,4.090000152587891,0,0.0,0.0
2022-09-08 10:30:00-04:00,4.119999885559082,4.150000095367432,3.950000047683716,4.139999866485596,7009,0.0,0.0
2022-09-08 11:30:00-04:00,3.9600000381469727,4.01800012588501,3.9200000762939453,3.9800000190734863,4861,0.0,0.0
2022-09-08 12:30:00-04:00,3.940000057220459,3.9749999046325684,3.9000000953674316,3.9000000953674316,5701,0.0,0.0
2022-09-08 13:30:00-04:00,4.019999980926514,4.050000190734863,3.9100000858306885,4.050000190734863,1895,0.0,0.0
2022-09-08 14:30:00-04:00,4.03000020980835,4.159999847412109,4.0,4.0,2606,0.0,0.0
2022-09-08 15:30:00-04:00,4.0,4.099999904632568,3.950000047683716,3.9600000381469727,3550,0.0,0.0
2022-09-09 09:30:00-04:00,4.150000095367432,4.150000095367432,4.150000095367432,4.150000095367432,359,0.0,0.0
2022-09-09 10:30:00-04:00,4.139999866485596,4.139999866485596,4.139999866485596,4.139999866485596,133,0.0,0.0
2022-09-09 12:30:00-04:00,4.03000020980835,4.074699878692627,4.03000020980835,4.074699878692627,387,0.0,0.0
2022-09-09 13:30:00-04:00,4.150000095367432,4.150000095367432,4.150000095367432,4.150000095367432,413,0.0,0.0
2022-09-09 14:30:00-04:00,3.990000009536743,4.010000228881836,3.950000047683716,3.950000047683716,4728,0.0,0.0
2022-09-09 15:30:00-04:00,4.050000190734863,4.150000095367432,3.990000009536743,4.119999885559082,747,0.0,0.0
2022-09-12 09:30:00-04:00,3.9600000381469727,4.170000076293945,3.9600000381469727,4.0,0,0.0,0.0
2022-09-12 10:30:00-04:00,4.090000152587891,4.090000152587891,3.75,3.75,3902,0.0,0.0
2022-09-12 11:30:00-04:00,3.9100000858306885,3.9100000858306885,3.7799999713897705,3.889899969100952,4391,0.0,0.0
2022-09-12 12:30:00-04:00,3.890000104904175,3.890000104904175,3.759999990463257,3.859999895095825,5786,0.0,0.0
2022-09-12 13:30:00-04:00,3.875,3.9000000953674316,3.859999895095825,3.899899959564209,2578,0.0,0.0
2022-09-12 14:30:00-04:00,3.880000114440918,4.016300201416016,3.859999895095825,4.016300201416016,5680,0.0,0.0
2022-09-12 15:30:00-04:00,3.9600000381469727,4.161099910736084,3.950000047683716,4.161099910736084,0,0.0,0.0
2022-09-13 09:30:00-04:00,4.039999961853027,4.039999961853027,4.039999961853027,4.039999961853027,681,0.0,0.0
2022-09-13 15:30:00-04:00,3.9400999546051025,4.090000152587891,3.9400999546051025,3.9600000381469727,1075,0.0,0.0
2022-09-14 09:30:00-04:00,3.9000000953674316,3.9000000953674316,3.9000000953674316,3.9000000953674316,0,0.0,0.0
2022-09-14 10:30:00-04:00,3.869999885559082,3.9000000953674316,3.859999895095825,3.8701000213623047,3279,0.0,0.0
2022-09-14 11:30:00-04:00,3.900099992752075,3.9593000411987305,3.900099992752075,3.9593000411987305,368,0.0,0.0
2022-09-14 12:30:00-04:00,3.890000104904175,3.890000104904175,3.890000104904175,3.890000104904175,848,0.0,0.0
2022-09-14 13:30:00-04:00,3.859999895095825,3.8701000213623047,3.859999895095825,3.8701000213623047,1320,0.0,0.0
2022-09-14 14:30:00-04:00,3.909899950027466,3.909899950027466,3.909899950027466,3.909899950027466,100,0.0,0.0
2022-09-14 15:30:00-04:00,3.9000000953674316,4.0,3.9000000953674316,4.0,600,0.0,0.0
2022-09-15 09:30:00-04:00,3.9700000286102295,3.9700000286102295,3.9700000286102295,3.9700000286102295,0,0.0,0.0
2022-09-15 10:30:00-04:00,3.9200000762939453,3.9200000762939453,3.559999942779541,3.625999927520752,21441,0.0,0.0
2022-09-15 11:30:00-04:00,3.640000104904175,3.7300000190734863,3.5199999809265137,3.549999952316284,9430,0.0,0.0
2022-09-15 12:30:00-04:00,3.609999895095825,3.809999942779541,3.5999999046325684,3.6700000762939453,6522,0.0,0.0
2022-09-15 13:30:00-04:00,3.6700000762939453,3.690000057220459,3.6700000762939453,3.690000057220459,3460,0.0,0.0
2022-09-15 14:30:00-04:00,3.690000057220459,3.78439998626709,3.609999895095825,3.619999885559082,5284,0.0,0.0
2022-09-15 15:30:00-04:00,3.619999885559082,3.7149999141693115,3.609999895095825,3.609999895095825,1990,0.0,0.0
2022-09-16 10:30:00-04:00,3.7799999713897705,3.799999952316284,3.7799999713897705,3.799999952316284,100,0.0,0.0
2022-09-16 11:30:00-04:00,3.6700000762939453,3.6700000762939453,3.6700000762939453,3.6700000762939453,300,0.0,0.0
2022-09-16 12:30:00-04:00,3.680000066757202,3.680000066757202,3.680000066757202,3.680000066757202,301,0.0,0.0
2022-09-19 11:30:00-04:00,3.619999885559082,3.6270999908447266,3.619999885559082,3.6270999908447266,897,0.0,0.0
2022-09-19 12:30:00-04:00,3.7200000286102295,3.7200000286102295,3.7200000286102295,3.7200000286102295,271,0.0,0.0
2022-09-19 13:30:00-04:00,3.700000047683716,3.700000047683716,3.674499988555908,3.674499988555908,510,0.0,0.0
2022-09-19 14:30:00-04:00,3.619999885559082,3.619999885559082,3.619999885559082,3.619999885559082,112,0.0,0.0
2022-09-19 15:30:00-04:00,3.619999885559082,3.619999885559082,3.619999885559082,3.619999885559082,100,0.0,0.0
2022-09-20 09:30:00-04:00,3.619999885559082,3.619999885559082,3.619999885559082,3.619999885559082,0,0.0,0.0
2022-09-20 11:30:00-04:00,3.700000047683716,3.700000047683716,3.700000047683716,3.700000047683716,116,0.0,0.0
2022-09-20 12:30:00-04:00,3.6649999618530273,3.6649999618530273,3.6649999618530273,3.6649999618530273,180,0.0,0.0
2022-09-20 13:30:00-04:00,3.6649999618530273,3.6649999618530273,3.6649999618530273,3.6649999618530273,128,0.0,0.0
2022-09-20 15:30:00-04:00,3.6600000858306885,3.6600000858306885,3.6500000953674316,3.6500000953674316,0,0.0,0.0
2022-09-21 09:30:00-04:00,3.609999895095825,3.6700000762939453,3.609999895095825,3.6700000762939453,928,0.0,0.0
2022-09-21 10:30:00-04:00,3.609999895095825,3.609999895095825,3.609999895095825,3.609999895095825,920,0.0,0.0
2022-09-21 11:30:00-04:00,3.609999895095825,3.630000114440918,3.609999895095825,3.630000114440918,410,0.0,0.0
2022-09-21 12:30:00-04:00,3.625,3.625,3.625,3.625,364,0.0,0.0
2022-09-21 14:30:00-04:00,3.625,3.625,3.625,3.625,237,0.0,0.0
2022-09-22 09:30:00-04:00,3.664599895477295,3.664599895477295,3.664599895477295,3.664599895477295,0,0.0,0.0
2022-09-22 10:30:00-04:00,3.5999999046325684,3.619999885559082,3.5999999046325684,3.619999885559082,1284,0.0,0.0
2022-09-22 12:30:00-04:00,3.630000114440918,3.630000114440918,3.630000114440918,3.630000114440918,101,0.0,0.0
2022-09-22 13:30:00-04:00,3.5999999046325684,3.5999999046325684,3.5999999046325684,3.5999999046325684,1973,0.0,0.0
2022-09-22 14:30:00-04:00,3.609999895095825,3.609999895095825,3.609999895095825,3.609999895095825,116,0.0,0.0
2022-09-22 15:30:00-04:00,3.6466000080108643,3.6466000080108643,3.630000114440918,3.630000114440918,781,0.0,0.0
2022-09-23 09:30:00-04:00,3.630000114440918,3.630000114440918,3.5199999809265137,3.5199999809265137,1716,0.0,0.0
2022-09-23 10:30:00-04:00,3.5278000831604004,3.5278000831604004,3.5278000831604004,3.5278000831604004,223,0.0,0.0
2022-09-23 12:30:00-04:00,3.569999933242798,3.569999933242798,3.569999933242798,3.569999933242798,100,0.0,0.0
2022-09-23 13:30:00-04:00,3.569999933242798,3.569999933242798,3.569999933242798,3.569999933242798,260,0.0,0.0
2022-09-23 15:30:00-04:00,3.549999952316284,3.549999952316284,3.549999952316284,3.549999952316284,284,0.0,0.0
2022-09-26 09:30:00-04:00,3.5299999713897705,3.5299999713897705,3.5299999713897705,3.5299999713897705,0,0.0,0.0
2022-09-26 11:30:00-04:00,3.5199999809265137,3.5199999809265137,3.5199999809265137,3.5199999809265137,203,0.0,0.0
2022-09-26 13:30:00-04:00,3.5199999809265137,3.5434999465942383,3.5,3.5434999465942383,2491,0.0,0.0
2022-09-26 14:30:00-04:00,3.5,3.5,3.5,3.5,496,0.0,0.0
2022-09-27 09:30:00-04:00,3.4893999099731445,3.4893999099731445,3.4893999099731445,3.4893999099731445,0,0.0,0.0
2022-09-27 10:30:00-04:00,3.380000114440918,3.380000114440918,3.380000114440918,3.380000114440918,405,0.0,0.0
2022-09-27 11:30:00-04:00,3.4238998889923096,3.4600000381469727,3.4238998889923096,3.440000057220459,500,0.0,0.0
2022-09-27 12:30:00-04:00,3.4398999214172363,3.4398999214172363,3.4000000953674316,3.400099992752075,1300,0.0,0.0
2022-09-27 13:30:00-04:00,3.390000104904175,3.41759991645813,3.380000114440918,3.4100000858306885,2104,0.0,0.0
2022-09-27 14:30:00-04:00,3.380000114440918,3.380000114440918,3.380000114440918,3.380000114440918,321,0.0,0.0
2022-09-27 15:30:00-04:00,3.358799934387207,3.358799934387207,3.358799934387207,3.358799934387207,200,0.0,0.0
2022-09-28 09:30:00-04:00,3.3299999237060547,3.390000104904175,3.309999942779541,3.390000104904175,0,0.0,0.0
2022-09-28 10:30:00-04:00,3.309999942779541,3.390000104904175,3.309999942779541,3.3761000633239746,827,0.0,0.0
2022-09-28 11:30:00-04:00,3.3499999046325684,3.4100000858306885,3.3499999046325684,3.4100000858306885,901,0.0,0.0
2022-09-28 12:30:00-04:00,3.4200000762939453,3.4200000762939453,3.3499999046325684,3.3499999046325684,578,0.0,0.0
2022-09-28 13:30:00-04:00,3.5299999713897705,3.5299999713897705,3.5299999713897705,3.5299999713897705,100,0.0,0.0
2022-09-28 14:30:00-04:00,3.390000104904175,3.4800000190734863,3.390000104904175,3.4800000190734863,527,0.0,0.0
2022-09-29 09:30:00-04:00,3.4200000762939453,3.449899911880493,3.328000068664551,3.328000068664551,0,0.0,0.0
2022-09-29 10:30:00-04:00,3.3487000465393066,3.3487000465393066,3.319999933242798,3.3299999237060547,1200,0.0,0.0
2022-09-29 11:30:00-04:00,3.3499999046325684,3.3499999046325684,3.314500093460083,3.314500093460083,700,0.0,0.0
2022-09-29 12:30:00-04:00,3.325000047683716,3.325000047683716,3.309999942779541,3.309999942779541,406,0.0,0.0
2022-09-29 13:30:00-04:00,3.3299999237060547,3.3299999237060547,3.25,3.259999990463257,3966,0.0,0.0
2022-09-29 14:30:00-04:00,3.2100000381469727,3.2100000381469727,3.119999885559082,3.200000047683716,2190,0.0,0.0
2022-09-29 15:30:00-04:00,3.309999942779541,3.390000104904175,3.309999942779541,3.390000104904175,0,0.0,0.0
2022-09-30 09:30:00-04:00,3.119999885559082,3.119999885559082,3.119999885559082,3.119999885559082,383,0.0,0.0
2022-09-30 10:30:00-04:00,3.299999952316284,3.4000000953674316,3.299999952316284,3.4000000953674316,200,0.0,0.0
2022-09-30 11:30:00-04:00,3.3557000160217285,3.3989999294281006,3.3557000160217285,3.3889999389648438,1432,0.0,0.0
2022-09-30 12:30:00-04:00,3.2699999809265137,3.3324999809265137,3.2699999809265137,3.3324999809265137,402,0.0,0.0
2022-09-30 13:30:00-04:00,3.359499931335449,3.359499931335449,3.359499931335449,3.359499931335449,307,0.0,0.0
2022-10-03 09:30:00-04:00,3.3499999046325684,3.3499999046325684,3.3499999046325684,3.3499999046325684,0,0.0,0.0
2022-10-03 10:30:00-04:00,3.3785998821258545,3.3785998821258545,3.3785998821258545,3.3785998821258545,466,0.0,0.0
2022-10-03 11:30:00-04:00,3.370699882507324,3.370699882507324,3.370699882507324,3.370699882507324,272,0.0,0.0
2022-10-03 12:30:00-04:00,3.359999895095825,3.4100000858306885,3.359999895095825,3.4100000858306885,437,0.0,0.0
2022-10-04 09:30:00-04:00,3.380000114440918,3.5311999320983887,3.309999942779541,3.5,0,0.0,0.0
2022-10-04 12:30:00-04:00,3.3359999656677246,3.4200000762939453,3.3359999656677246,3.4200000762939453,973,0.0,0.0
2022-10-04 13:30:00-04:00,3.3499999046325684,3.450000047683716,3.3499999046325684,3.450000047683716,0,0.0,0.0
2022-10-05 09:30:00-04:00,3.549999952316284,3.549999952316284,3.549999952316284,3.549999952316284,207,0.0,0.0
2022-10-05 12:30:00-04:00,3.380000114440918,3.427000045776367,3.380000114440918,3.380000114440918,558,0.0,0.0
2022-10-05 13:30:00-04:00,3.4100000858306885,3.4100000858306885,3.4100000858306885,3.4100000858306885,101,0.0,0.0
2022-10-05 14:30:00-04:00,3.4121999740600586,3.4549999237060547,3.4121999740600586,3.4549999237060547,333,0.0,0.0
2022-10-05 15:30:00-04:00,3.509999990463257,3.509999990463257,3.4100000858306885,3.490000009536743,0,0.0,0.0
2022-10-07 09:30:00-04:00,3.5,3.5,3.3399999141693115,3.4407999515533447,1771,0.0,0.0
2022-10-07 11:30:00-04:00,3.3499999046325684,3.3580000400543213,3.3499999046325684,3.3580000400543213,400,0.0,0.0
2022-10-07 12:30:00-04:00,3.350100040435791,3.369999885559082,3.3399999141693115,3.369999885559082,2563,0.0,0.0
2022-10-07 13:30:00-04:00,3.4000000953674316,3.4000000953674316,3.4000000953674316,3.4000000953674316,341,0.0,0.0
2022-10-07 14:30:00-04:00,3.3399999141693115,3.3399999141693115,3.3399999141693115,3.3399999141693115,115,0.0,0.0
2022-10-07 15:30:00-04:00,3.390000104904175,3.390000104904175,3.3499999046325684,3.359999895095825,353,0.0,0.0
2022-10-10 12:30:00-04:00,3.259999990463257,3.2695999145507812,3.259999990463257,3.2685999870300293,439,0.0,0.0
2022-10-10 13:30:00-04:00,3.2799999713897705,3.309999942779541,3.2799999713897705,3.309999942779541,557,0.0,0.0
2022-10-10 14:30:00-04:00,3.25,3.25,3.2200000286102295,3.2200000286102295,1428,0.0,0.0
2022-10-10 15:30:00-04:00,3.299999952316284,3.299999952316284,3.299999952316284,3.299999952316284,542,0.0,0.0
2022-10-11 09:30:00-04:00,3.3499999046325684,3.3499999046325684,3.2100000381469727,3.2200000286102295,0,0.0,0.0
2022-10-11 10:30:00-04:00,3.3399999141693115,3.3399999141693115,3.3399999141693115,3.3399999141693115,314,0.0,0.0
2022-10-11 15:30:00-04:00,3.2100000381469727,3.2799999713897705,3.2100000381469727,3.2799999713897705,501,0.0,0.0
2022-10-12 10:30:00-04:00,3.2741000652313232,3.2741000652313232,3.2100000381469727,3.2200000286102295,300,0.0,0.0
2022-10-12 11:30:00-04:00,3.2200000286102295,3.2200000286102295,3.2100000381469727,3.2100000381469727,1160,0.0,0.0
2022-10-12 12:30:00-04:00,3.200000047683716,3.2200000286102295,3.200000047683716,3.2200000286102295,341,0.0,0.0
2022-10-12 13:30:00-04:00,3.2200000286102295,3.2200000286102295,3.2200000286102295,3.2200000286102295,383,0.0,0.0
2022-10-12 14:30:00-04:00,3.174999952316284,3.234299898147583,3.174999952316284,3.234299898147583,0,0.0,0.0
2022-10-13 09:30:00-04:00,3.2300000190734863,3.2300000190734863,3.190000057220459,3.190000057220459,355,0.0,0.0
2022-10-13 10:30:00-04:00,3.1500000953674316,3.1500000953674316,3.130000114440918,3.130000114440918,230,0.0,0.0
2022-10-13 11:30:00-04:00,3.1387999057769775,3.184999942779541,3.1387999057769775,3.184999942779541,301,0.0,0.0
2022-10-13 12:30:00-04:00,3.140000104904175,3.184999942779541,3.140000104904175,3.140000104904175,352,0.0,0.0
2022-10-13 13:30:00-04:00,3.184999942779541,3.184999942779541,3.184999942779541,3.184999942779541,135,0.0,0.0
2022-10-13 15:30:00-04:00,3.190000057220459,3.190000057220459,3.184999942779541,3.184999942779541,334,0.0,0.0
2022-10-14 11:30:00-04:00,3.200000047683716,3.2100000381469727,3.200000047683716,3.2100000381469727,1752,0.0,0.0
2022-10-14 12:30:00-04:00,3.2249999046325684,3.2249999046325684,3.2100000381469727,3.2100000381469727,307,0.0,0.0
2022-10-14 13:30:00-04:00,3.140000104904175,3.2200000286102295,3.140000104904175,3.2200000286102295,295,0.0,0.0
2022-10-14 14:30:00-04:00,3.140000104904175,3.140000104904175,3.140000104904175,3.140000104904175,100,0.0,0.0
2022-10-14 15:30:00-04:00,3.2100000381469727,3.2100000381469727,3.174999952316284,3.174999952316284,312,0.0,0.0
2022-10-17 09:30:00-04:00,3.180000066757202,3.180000066757202,3.180000066757202,3.180000066757202,0,0.0,0.0
2022-10-17 10:30:00-04:00,3.059999942779541,3.1735999584198,3.059999942779541,3.1600000858306885,554,0.0,0.0
2022-10-17 11:30:00-04:00,3.1600000858306885,3.180000066757202,3.1600000858306885,3.180000066757202,1200,0.0,0.0
2022-10-17 13:30:00-04:00,3.184000015258789,3.184000015258789,3.184000015258789,3.184000015258789,111,0.0,0.0
2022-10-17 14:30:00-04:00,3.184000015258789,3.184000015258789,3.184000015258789,3.184000015258789,100,0.0,0.0
2022-10-18 09:30:00-04:00,3.1875998973846436,3.1875998973846436,3.1700000762939453,3.1700000762939453,0,0.0,0.0
2022-10-18 11:30:00-04:00,3.2016000747680664,3.2016000747680664,3.2016000747680664,3.2016000747680664,154,0.0,0.0
2022-10-18 13:30:00-04:00,3.130000114440918,3.180000066757202,3.130000114440918,3.180000066757202,202,0.0,0.0
2022-10-18 14:30:00-04:00,3.200000047683716,3.200000047683716,3.200000047683716,3.200000047683716,150,0.0,0.0
2022-10-19 09:30:00-04:00,3.194000005722046,3.194000005722046,3.0999999046325684,3.0999999046325684,914,0.0,0.0
2022-10-19 10:30:00-04:00,3.1045000553131104,3.1682000160217285,3.0999999046325684,3.0999999046325684,331,0.0,0.0
2022-10-19 11:30:00-04:00,3.0899999141693115,3.1559998989105225,3.0899999141693115,3.1559998989105225,200,0.0,0.0
2022-10-19 12:30:00-04:00,3.156399965286255,3.156399965286255,3.156399965286255,3.156399965286255,202,0.0,0.0
2022-10-19 13:30:00-04:00,3.1684999465942383,3.1684999465942383,3.1684999465942383,3.1684999465942383,168,0.0,0.0
2022-10-19 15:30:00-04:00,3.1084001064300537,3.2093000411987305,3.106100082397461,3.2093000411987305,911,0.0,0.0
2022-10-20 09:30:00-04:00,3.25,3.25,3.25,3.25,0,0.0,0.0
2022-10-20 13:30:00-04:00,3.119999885559082,3.240000009536743,3.119999885559082,3.240000009536743,301,0.0,0.0
2022-10-20 14:30:00-04:00,3.1600000858306885,3.174999952316284,3.1600000858306885,3.174999952316284,600,0.0,0.0
2022-10-20 15:30:00-04:00,3.174999952316284,3.174999952316284,3.174999952316284,3.174999952316284,100,0.0,0.0
2022-10-21 09:30:00-04:00,3.109999895095825,3.1700000762939453,3.109999895095825,3.1700000762939453,0,0.0,0.0
2022-10-21 10:30:00-04:00,3.140000104904175,3.140000104904175,3.140000104904175,3.140000104904175,100,0.0,0.0
2022-10-21 11:30:00-04:00,3.1700000762939453,3.1700000762939453,3.1700000762939453,3.1700000762939453,1105,0.0,0.0
2022-10-21 13:30:00-04:00,3.2100000381469727,3.2100000381469727,3.2100000381469727,3.2100000381469727,367,0.0,0.0
2022-10-21 15:30:00-04:00,3.119999885559082,3.1440000534057617,3.119999885559082,3.1440000534057617,1320,0.0,0.0
2022-10-24 09:30:00-04:00,3.2300000190734863,3.2300000190734863,3.1449999809265137,3.1449999809265137,539,0.0,0.0
2022-10-24 10:30:00-04:00,3.1556999683380127,3.194999933242798,3.140000104904175,3.1775999069213867,3582,0.0,0.0
2022-10-24 12:30:00-04:00,3.1700000762939453,3.200000047683716,3.140000104904175,3.140000104904175,6258,0.0,0.0
2022-10-24 13:30:00-04:00,3.202399969100952,3.202399969100952,3.140000104904175,3.174999952316284,300,0.0,0.0
2022-10-24 14:30:00-04:00,3.140000104904175,3.2004001140594482,3.140000104904175,3.2004001140594482,1100,0.0,0.0
2022-10-24 15:30:00-04:00,3.174999952316284,3.200000047683716,3.140000104904175,3.200000047683716,0,0.0,0.0
2022-10-25 09:30:00-04:00,3.2021000385284424,3.2300000190734863,3.200000047683716,3.2300000190734863,1180,0.0,0.0
2022-10-25 10:30:00-04:00,3.2100000381469727,3.2300000190734863,3.2100000381469727,3.2300000190734863,1213,0.0,0.0
2022-10-25 11:30:00-04:00,3.234999895095825,3.234999895095825,3.234999895095825,3.234999895095825,300,0.0,0.0
2022-10-25 13:30:00-04:00,3.234999895095825,3.240000009536743,3.2249999046325684,3.240000009536743,3062,0.0,0.0
2022-10-25 15:30:00-04:00,3.1600000858306885,3.2211999893188477,3.1500000953674316,3.219899892807007,5908,0.0,0.0
2022-10-26 09:30:00-04:00,3.1700000762939453,3.1982998847961426,3.1700000762939453,3.1982998847961426,0,0.0,0.0
2022-10-26 10:30:00-04:00,3.200000047683716,3.200000047683716,3.200000047683716,3.200000047683716,299,0.0,0.0
2022-10-26 11:30:00-04:00,3.233799934387207,3.240000009536743,3.226799964904785,3.240000009536743,1379,0.0,0.0
2022-10-26 14:30:00-04:00,3.2300000190734863,3.2300000190734863,3.2300000190734863,3.2300000190734863,180,0.0,0.0
2022-10-27 09:30:00-04:00,3.240000009536743,3.299999952316284,3.2300000190734863,3.299999952316284,309,0.0,0.0
2022-10-27 10:30:00-04:00,3.299999952316284,3.3299999237060547,3.299999952316284,3.3299999237060547,3231,0.0,0.0
2022-10-27 11:30:00-04:00,3.319999933242798,3.359999895095825,3.319999933242798,3.359999895095825,4153,0.0,0.0
2022-10-27 12:30:00-04:00,3.375,3.4200000762939453,3.375,3.4200000762939453,4751,0.0,0.0
2022-10-27 13:30:00-04:00,3.4000000953674316,3.4312000274658203,3.380000114440918,3.380000114440918,1440,0.0,0.0
2022-10-27 14:30:00-04:00,3.359999895095825,3.359999895095825,3.359999895095825,3.359999895095825,414,0.0,0.0
2022-10-27 15:30:00-04:00,3.299999952316284,3.380000114440918,3.239300012588501,3.3036000728607178,0,0.0,0.0
2022-10-28 09:30:00-04:00,3.335200071334839,3.3828999996185303,3.299999952316284,3.3828999996185303,945,0.0,0.0
2022-10-28 10:30:00-04:00,3.390000104904175,3.390000104904175,3.390000104904175,3.390000104904175,516,0.0,0.0
2022-10-28 12:30:00-04:00,3.390000104904175,3.390000104904175,3.390000104904175,3.390000104904175,323,0.0,0.0
2022-10-28 13:30:00-04:00,3.390000104904175,3.390000104904175,3.3264000415802,3.3264000415802,1162,0.0,0.0
2022-10-31 09:30:00-04:00,3.363100051879883,3.4000000953674316,3.363100051879883,3.4000000953674316,0,0.0,0.0
2022-10-31 10:30:00-04:00,3.4000000953674316,3.4200000762939453,3.380000114440918,3.4200000762939453,1491,0.0,0.0
2022-10-31 11:30:00-04:00,3.4200000762939453,3.4267001152038574,3.380000114440918,3.3910999298095703,847,0.0,0.0
2022-10-31 12:30:00-04:00,3.450000047683716,3.450000047683716,3.450000047683716,3.450000047683716,1344,0.0,0.0
2022-10-31 13:30:00-04:00,3.450000047683716,3.5,3.450000047683716,3.4965999126434326,3454,0.0,0.0
2022-10-31 15:30:00-04:00,3.4800000190734863,3.490000009536743,3.4800000190734863,3.490000009536743,200,0.0,0.0
2022-11-01 09:30:00-04:00,3.5,3.530900001525879,3.5,3.530900001525879,1300,0.0,0.0
2022-11-01 10:30:00-04:00,3.4700000286102295,3.515000104904175,3.4700000286102295,3.515000104904175,1117,0.0,0.0
2022-11-01 12:30:00-04:00,3.515000104904175,3.549999952316284,3.515000104904175,3.549999952316284,569,0.0,0.0
2022-11-01 13:30:00-04:00,3.5199999809265137,3.5299999713897705,3.5162999629974365,3.5299999713897705,400,0.0,0.0
2022-11-02 09:30:00-04:00,3.549999952316284,3.549999952316284,3.4804999828338623,3.490000009536743,0,0.0,0.0
2022-11-02 10:30:00-04:00,3.5299999713897705,3.575000047683716,3.5199999809265137,3.575000047683716,0,0.0,0.0
2022-11-02 11:30:00-04:00,3.575000047683716,3.5899999141693115,3.575000047683716,3.5899999141693115,6736,0.0,0.0
2022-11-02 12:30:00-04:00,3.5999999046325684,3.5999999046325684,3.5999999046325684,3.5999999046325684,400,0.0,0.0
2022-11-03 09:30:00-04:00,3.5,3.5999999046325684,3.5,3.5999999046325684,751,0.0,0.0
2022-11-03 10:30:00-04:00,3.5999999046325684,3.5999999046325684,3.546999931335449,3.546999931335449,830,0.0,0.0
2022-11-03 11:30:00-04:00,3.509999990463257,3.555000066757202,3.509999990463257,3.555000066757202,1378,0.0,0.0
2022-11-03 12:30:00-04:00,3.5861001014709473,3.5861001014709473,3.5861001014709473,3.5861001014709473,0,0.0,0.0
2022-11-04 09:30:00-04:00,3.5899999141693115,3.5989999771118164,3.509999990463257,3.5989999771118164,1593,0.0,0.0
2022-11-04 10:30:00-04:00,3.5899999141693115,3.5999999046325684,3.5899999141693115,3.5999999046325684,1082,0.0,0.0
2022-11-04 11:30:00-04:00,3.634999990463257,3.634999990463257,3.634999990463257,3.634999990463257,203,0.0,0.0
2022-11-04 14:30:00-04:00,3.5899999141693115,3.619999885559082,3.5899999141693115,3.6050000190734863,502,0.0,0.0
2022-11-04 15:30:00-04:00,3.6050000190734863,3.6050000190734863,3.6050000190734863,3.6050000190734863,230,0.0,0.0
2022-11-07 09:30:00-05:00,3.6500000953674316,3.6500000953674316,3.6500000953674316,3.6500000953674316,799,0.0,0.0
2022-11-07 10:30:00-05:00,3.640000104904175,3.6500000953674316,3.640000104904175,3.6500000953674316,1061,0.0,0.0
2022-11-07 11:30:00-05:00,3.634999990463257,3.634999990463257,3.634999990463257,3.634999990463257,900,0.0,0.0
2022-11-07 14:30:00-05:00,3.609999895095825,3.6328999996185303,3.609999895095825,3.6328999996185303,250,0.0,0.0
2022-11-07 15:30:00-05:00,3.6700000762939453,3.6700000762939453,3.6700000762939453,3.6700000762939453,0,0.0,0.0
2022-11-08 09:30:00-05:00,3.6700000762939453,3.674999952316284,3.6514999866485596,3.6514999866485596,1333,0.0,0.0
2022-11-08 10:30:00-05:00,3.654099941253662,3.740000009536743,3.654099941253662,3.740000009536743,3298,0.0,0.0
2022-11-08 11:30:00-05:00,3.740000009536743,3.740000009536743,3.684999942779541,3.7100000381469727,942,0.0,0.0
2022-11-08 12:30:00-05:00,3.6960999965667725,3.6960999965667725,3.6960999965667725,3.6960999965667725,363,0.0,0.0
2022-11-08 13:30:00-05:00,3.690000057220459,3.690000057220459,3.690000057220459,3.690000057220459,465,0.0,0.0
2022-11-08 14:30:00-05:00,3.740000009536743,3.740000009536743,3.740000009536743,3.740000009536743,613,0.0,0.0
2022-11-08 15:30:00-05:00,3.6700000762939453,3.703000068664551,3.650099992752075,3.703000068664551,1240,0.0,0.0
2022-11-09 09:30:00-05:00,3.7100000381469727,3.7214999198913574,3.7100000381469727,3.7214999198913574,0,0.0,0.0
2022-11-09 10:30:00-05:00,3.740000009536743,3.7685000896453857,3.740000009536743,3.7685000896453857,1289,0.0,0.0
2022-11-09 11:30:00-05:00,3.7318999767303467,3.743799924850464,3.7200000286102295,3.743799924850464,709,0.0,0.0
2022-11-09 14:30:00-05:00,3.75,3.7699999809265137,3.75,3.75,1069,0.0,0.0
2022-11-09 15:30:00-05:00,3.7511000633239746,3.7511000633239746,3.7511000633239746,3.7511000633239746,156,0.0,0.0
2022-11-10 09:30:00-05:00,3.7699999809265137,3.818000078201294,3.7699999809265137,3.799999952316284,0,0.0,0.0
2022-11-10 10:30:00-05:00,3.835099935531616,3.859999895095825,3.799999952316284,3.799999952316284,1421,0.0,0.0
2022-11-10 11:30:00-05:00,3.81850004196167,3.81850004196167,3.81850004196167,3.81850004196167,100,0.0,0.0
2022-11-10 13:30:00-05:00,3.8143999576568604,3.815200090408325,3.8143999576568604,3.815200090408325,602,0.0,0.0
2022-11-10 14:30:00-05:00,3.8173000812530518,3.8173000812530518,3.8173000812530518,3.8173000812530518,500,0.0,0.0
2022-11-10 15:30:00-05:00,3.819999933242798,3.819999933242798,3.799999952316284,3.799999952316284,203,0.0,0.0
2022-11-11 09:30:00-05:00,3.8299999237060547,4.019999980926514,3.8264000415802,4.019999980926514,4632,0.0,0.0
2022-11-11 10:30:00-05:00,4.050000190734863,4.099999904632568,3.940000057220459,3.9800000190734863,5700,0.0,0.0
2022-11-11 11:30:00-05:00,3.98009991645813,4.014999866485596,3.98009991645813,4.014999866485596,1282,0.0,0.0
2022-11-11 13:30:00-05:00,4.0,4.010000228881836,4.0,4.010000228881836,402,0.0,0.0
2022-11-11 14:30:00-05:00,4.0,4.008299827575684,4.0,4.008299827575684,2440,0.0,0.0
2022-11-11 15:30:00-05:00,4.018199920654297,4.018199920654297,3.9800000190734863,3.9800000190734863,1354,0.0,0.0
2022-11-14 09:30:00-05:00,4.039999961853027,4.139999866485596,4.0,4.0,0,0.0,0.0
2022-11-14 10:30:00-05:00,4.019700050354004,4.019700050354004,4.019700050354004,4.019700050354004,931,0.0,0.0
2022-11-14 12:30:00-05:00,4.029799938201904,4.029799938201904,4.010000228881836,4.010000228881836,931,0.0,0.0
2022-11-14 13:30:00-05:00,4.050000190734863,4.050000190734863,4.050000190734863,4.050000190734863,112,0.0,0.0
2022-11-14 14:30:00-05:00,4.0,4.050899982452393,4.0,4.050899982452393,302,0.0,0.0
2022-11-14 15:30:00-05:00,4.050000190734863,4.050000190734863,4.050000190734863,4.050000190734863,209,0.0,0.0
2022-11-15 09:30:00-05:00,4.239999771118164,4.300000190734863,4.199999809265137,4.199999809265137,9949,0.0,0.0
2022-11-15 10:30:00-05:00,4.179999828338623,4.179999828338623,4.060100078582764,4.125,2625,0.0,0.0
2022-11-15 12:30:00-05:00,4.060100078582764,4.085000038146973,4.0,4.012199878692627,7359,0.0,0.0
2022-11-15 13:30:00-05:00,3.9200000762939453,4.0,3.9200000762939453,3.997499942779541,604,0.0,0.0
2022-11-15 14:30:00-05:00,3.990000009536743,3.990000009536743,3.9800000190734863,3.98009991645813,1449,0.0,0.0
2022-11-15 15:30:00-05:00,3.9916000366210938,3.9916000366210938,3.9916000366210938,3.9916000366210938,100,0.0,0.0
2022-11-16 09:30:00-05:00,3.9700000286102295,3.9827001094818115,3.9200000762939453,3.9200000762939453,1491,0.0,0.0
2022-11-16 11:30:00-05:00,3.9382998943328857,3.9382998943328857,3.8499999046325684,3.850100040435791,2502,0.0,0.0
2022-11-16 12:30:00-05:00,3.8742001056671143,3.9000000953674316,3.8742001056671143,3.880500078201294,1253,0.0,0.0
2022-11-16 13:30:00-05:00,3.9200000762939453,3.9200000762939453,3.8499999046325684,3.8743999004364014,2236,0.0,0.0
2022-11-16 14:30:00-05:00,3.9112000465393066,3.9112000465393066,3.9112000465393066,3.9112000465393066,202,0.0,0.0
2022-11-17 09:30:00-05:00,4.0,4.0,4.0,4.0,0,0.0,0.0
2022-11-17 10:30:00-05:00,3.950000047683716,3.950000047683716,3.9000000953674316,3.9000000953674316,1044,0.0,0.0
2022-11-17 11:30:00-05:00,3.8450000286102295,3.875,3.8399999141693115,3.875,1120,0.0,0.0
2022-11-17 13:30:00-05:00,3.8499999046325684,3.8680999279022217,3.8399999141693115,3.8399999141693115,1567,0.0,0.0
2022-11-17 14:30:00-05:00,3.8329999446868896,3.8329999446868896,3.799999952316284,3.799999952316284,270,0.0,0.0
2022-11-17 15:30:00-05:00,3.809999942779541,3.8499999046325684,3.809999942779541,3.8499999046325684,219,0.0,0.0
2022-11-18 09:30:00-05:00,3.9000000953674316,3.9000000953674316,3.9000000953674316,3.9000000953674316,0,0.0,0.0
2022-11-18 10:30:00-05:00,3.8696999549865723,3.8696999549865723,3.809499979019165,3.809499979019165,1326,0.0,0.0
2022-11-18 13:30:00-05:00,3.759999990463257,3.759999990463257,3.75,3.750200033187866,7341,0.0,0.0
2022-11-18 14:30:00-05:00,3.703900098800659,3.703900098800659,3.5799999237060547,3.5799999237060547,3760,0.0,0.0
2022-11-18 15:30:00-05:00,3.640000104904175,3.640000104904175,3.640000104904175,3.640000104904175,102,0.0,0.0
2022-11-21 09:30:00-05:00,3.559999942779541,3.630000114440918,3.5199999809265137,3.559999942779541,6142,0.0,0.0
2022-11-21 10:30:00-05:00,3.5899999141693115,3.628000020980835,3.5899999141693115,3.628000020980835,628,0.0,0.0
2022-11-21 11:30:00-05:00,3.609999895095825,3.6178998947143555,3.5899999141693115,3.5924999713897705,1871,0.0,0.0
2022-11-21 12:30:00-05:00,3.609999895095825,3.640000104904175,3.5899999141693115,3.6048998832702637,4056,0.0,0.0
2022-11-21 13:30:00-05:00,3.5899999141693115,3.6133999824523926,3.5899999141693115,3.5899999141693115,1060,0.0,0.0
2022-11-21 14:30:00-05:00,3.6133999824523926,3.615000009536743,3.5899999141693115,3.5899999141693115,3254,0.0,0.0
2022-11-21 15:30:00-05:00,3.5999999046325684,3.5999999046325684,3.5999999046325684,3.5999999046325684,136,0.0,0.0
2022-11-22 09:30:00-05:00,3.609999895095825,3.609999895095825,3.530600070953369,3.569999933242798,0,0.0,0.0
2022-11-22 10:30:00-05:00,3.5399999618530273,3.5399999618530273,3.5399999618530273,3.5399999618530273,345,0.0,0.0
2022-11-22 11:30:00-05:00,3.5850000381469727,3.609999895095825,3.5850000381469727,3.609999895095825,765,0.0,0.0
2022-11-22 14:30:00-05:00,3.609999895095825,3.609999895095825,3.5399999618530273,3.5399999618530273,4217,0.0,0.0
2022-11-22 15:30:00-05:00,3.575000047683716,3.5999999046325684,3.54010009765625,3.54010009765625,698,0.0,0.0
2022-11-23 09:30:00-05:00,3.5799999237060547,3.700000047683716,3.5799999237060547,3.700000047683716,0,0.0,0.0
2022-11-23 11:30:00-05:00,3.690000057220459,3.690000057220459,3.690000057220459,3.690000057220459,160,0.0,0.0
2022-11-23 12:30:00-05:00,3.568000078201294,3.5799999237060547,3.568000078201294,3.5799999237060547,612,0.0,0.0
2022-11-23 13:30:00-05:00,3.5799999237060547,3.5799999237060547,3.5799999237060547,3.5799999237060547,140,0.0,0.0
2022-11-23 14:30:00-05:00,3.6005001068115234,3.6005001068115234,3.5399999618530273,3.541300058364868,1213,0.0,0.0
2022-11-23 15:30:00-05:00,3.5399999618530273,3.5399999618530273,3.5399999618530273,3.5399999618530273,200,0.0,0.0
2022-11-25 09:30:00-05:00,3.5597000122070312,3.5597000122070312,3.5597000122070312,3.5597000122070312,0,0.0,0.0
2022-11-25 10:30:00-05:00,3.563199996948242,3.563199996948242,3.563199996948242,3.563199996948242,738,0.0,0.0
2022-11-25 11:30:00-05:00,3.549999952316284,3.5597000122070312,3.549999952316284,3.5597000122070312,300,0.0,0.0
2022-11-25 12:30:00-05:00,3.549999952316284,3.549999952316284,3.549999952316284,3.549999952316284,200,0.0,0.0
2022-11-28 09:30:00-05:00,3.5999999046325684,3.6600000858306885,3.5999999046325684,3.600100040435791,186,0.0,0.0
2022-11-28 10:30:00-05:00,3.630000114440918,3.6500000953674316,3.5999999046325684,3.630000114440918,2566,0.0,0.0
2022-11-28 11:30:00-05:00,3.6387999057769775,3.6387999057769775,3.5999999046325684,3.609999895095825,585,0.0,0.0
2022-11-28 12:30:00-05:00,3.5999999046325684,3.6500000953674316,3.5999999046325684,3.6500000953674316,1026,0.0,0.0
2022-11-28 13:30:00-05:00,3.614000082015991,3.6298999786376953,3.5999999046325684,3.5999999046325684,681,0.0,0.0
2022-11-28 14:30:00-05:00,3.609999895095825,3.609999895095825,3.559999942779541,3.559999942779541,1850,0.0,0.0
2022-11-28 15:30:00-05:00,3.559999942779541,3.630000114440918,3.559999942779541,3.630000114440918,0,0.0,0.0
2022-11-29 09:30:00-05:00,3.6700000762939453,3.6700000762939453,3.630000114440918,3.6328001022338867,1210,0.0,0.0
2022-11-29 11:30:00-05:00,3.5799999237060547,3.5999999046325684,3.5799999237060547,3.5799999237060547,1174,0.0,0.0
2022-11-29 12:30:00-05:00,3.5799999237060547,3.5799999237060547,3.5799999237060547,3.5799999237060547,684,0.0,0.0
2022-11-29 13:30:00-05:00,3.5850000381469727,3.5850000381469727,3.5850000381469727,3.5850000381469727,151,0.0,0.0
2022-11-29 15:30:00-05:00,3.579900026321411,3.579900026321411,3.579900026321411,3.579900026321411,100,0.0,0.0
2022-11-30 09:30:00-05:00,3.559999942779541,3.640399932861328,3.5399999618530273,3.629499912261963,1715,0.0,0.0
2022-11-30 10:30:00-05:00,3.630000114440918,3.630000114440918,3.609999895095825,3.609999895095825,665,0.0,0.0
2022-11-30 11:30:00-05:00,3.5799999237060547,3.5799999237060547,3.5799999237060547,3.5799999237060547,320,0.0,0.0
2022-11-30 12:30:00-05:00,3.549999952316284,3.549999952316284,3.549999952316284,3.549999952316284,487,0.0,0.0
2022-11-30 13:30:00-05:00,3.549999952316284,3.609999895095825,3.549999952316284,3.575000047683716,781,0.0,0.0
2022-11-30 14:30:00-05:00,3.609999895095825,3.609999895095825,3.609999895095825,3.609999895095825,150,0.0,0.0
2022-11-30 15:30:00-05:00,3.593100070953369,3.593100070953369,3.593100070953369,3.593100070953369,470,0.0,0.0
2022-12-01 09:30:00-05:00,3.640000104904175,3.8299999237060547,3.640000104904175,3.7699999809265137,0,0.0,0.0
2022-12-01 10:30:00-05:00,3.690000057220459,3.7852001190185547,3.688800096511841,3.7852001190185547,2034,0.0,0.0
2022-12-01 11:30:00-05:00,3.800299882888794,3.819999933242798,3.799999952316284,3.800100088119507,1706,0.0,0.0
2022-12-01 12:30:00-05:00,3.799999952316284,3.805000066757202,3.794100046157837,3.805000066757202,2758,0.0,0.0
2022-12-01 13:30:00-05:00,3.7899999618530273,3.800100088119507,3.75,3.800100088119507,6095,0.0,0.0
2022-12-01 14:30:00-05:00,3.799999952316284,3.799999952316284,3.7149999141693115,3.7399001121520996,7497,0.0,0.0
2022-12-01 15:30:00-05:00,3.744999885559082,3.759999990463257,3.744999885559082,3.759999990463257,0,0.0,0.0
2022-12-02 09:30:00-05:00,3.7699999809265137,3.835400104522705,3.759999990463257,3.759999990463257,6384,0.0,0.0
2022-12-02 10:30:00-05:00,3.759999990463257,3.759999990463257,3.609999895095825,3.747999906539917,3458,0.0,0.0
2022-12-02 11:30:00-05:00,3.630000114440918,3.7300000190734863,3.609999895095825,3.720099925994873,4100,0.0,0.0
2022-12-02 12:30:00-05:00,3.6600000858306885,3.702699899673462,3.630000114440918,3.630000114440918,3225,0.0,0.0
2022-12-02 13:30:00-05:00,3.5999999046325684,3.6129000186920166,3.5899999141693115,3.5899999141693115,3141,0.0,0.0
2022-12-02 14:30:00-05:00,3.6245999336242676,3.653899908065796,3.5801000595092773,3.6500000953674316,6198,0.0,0.0
2022-12-05 09:30:00-05:00,3.7899999618530273,3.7899999618530273,3.6500000953674316,3.7300000190734863,0,0.0,0.0
2022-12-05 10:30:00-05:00,3.664599895477295,3.664599895477295,3.664599895477295,3.664599895477295,611,0.0,0.0
2022-12-05 11:30:00-05:00,3.6700000762939453,3.674999952316284,3.6500000953674316,3.6605000495910645,1162,0.0,0.0
2022-12-05 12:30:00-05:00,3.6500000953674316,3.6500000953674316,3.615000009536743,3.630000114440918,3473,0.0,0.0
2022-12-05 13:30:00-05:00,3.609999895095825,3.6840999126434326,3.609999895095825,3.620300054550171,1282,0.0,0.0
2022-12-05 14:30:00-05:00,3.630000114440918,3.640000104904175,3.615000009536743,3.640000104904175,1594,0.0,0.0
2022-12-05 15:30:00-05:00,3.6700000762939453,3.6700000762939453,3.6700000762939453,3.6700000762939453,100,0.0,0.0
2022-12-06 09:30:00-05:00,3.7200000286102295,3.76990008354187,3.7200000286102295,3.7300000190734863,0,0.0,0.0
2022-12-06 10:30:00-05:00,3.671999931335449,3.690000057220459,3.6700000762939453,3.6700000762939453,1102,0.0,0.0
2022-12-06 12:30:00-05:00,3.609999895095825,3.6600000858306885,3.609999895095825,3.6600000858306885,862,0.0,0.0
2022-12-06 13:30:00-05:00,3.640000104904175,3.640000104904175,3.609999895095825,3.640000104904175,977,0.0,0.0
2022-12-06 14:30:00-05:00,3.619999885559082,3.619999885559082,3.619999885559082,3.619999885559082,283,0.0,0.0
2022-12-06 15:30:00-05:00,3.640000104904175,3.640000104904175,3.640000104904175,3.640000104904175,0,0.0,0.0
2022-12-07 09:30:00-05:00,3.700000047683716,3.700000047683716,3.6649999618530273,3.6649999618530273,1209,0.0,0.0
2022-12-07 10:30:00-05:00,3.640000104904175,3.6600000858306885,3.619999885559082,3.6600000858306885,1474,0.0,0.0
2022-12-07 12:30:00-05:00,3.630000114440918,3.640000104904175,3.630000114440918,3.630000114440918,2413,0.0,0.0
2022-12-07 13:30:00-05:00,3.6600000858306885,3.6600000858306885,3.619999885559082,3.619999885559082,1963,0.0,0.0
2022-12-07 15:30:00-05:00,3.6449999809265137,3.6449999809265137,3.6449999809265137,3.6449999809265137,0,0.0,0.0
2022-12-08 09:30:00-05:00,3.609999895095825,3.609999895095825,3.5999999046325684,3.5999999046325684,1810,0.0,0.0
2022-12-08 10:30:00-05:00,3.615000009536743,3.619999885559082,3.609999895095825,3.619999885559082,820,0.0,0.0
2022-12-08 13:30:00-05:00,3.5999999046325684,3.5999999046325684,3.5799999237060547,3.5799999237060547,2125,0.0,0.0
2022-12-08 14:30:00-05:00,3.559999942779541,3.559999942779541,3.559999942779541,3.559999942779541,100,0.0,0.0
2022-12-08 15:30:00-05:00,3.584700107574463,3.5899999141693115,3.559999942779541,3.5899999141693115,872,0.0,0.0
2022-12-09 09:30:00-05:00,3.6600000858306885,3.6600000858306885,3.6600000858306885,3.6600000858306885,0,0.0,0.0
2022-12-09 10:30:00-05:00,3.559999942779541,3.5950000286102295,3.559999942779541,3.590100049972534,405,0.0,0.0
2022-12-09 11:30:00-05:00,3.559999942779541,3.615000009536743,3.559999942779541,3.615000009536743,1672,0.0,0.0
2022-12-09 12:30:00-05:00,3.5899999141693115,3.5899999141693115,3.5799999237060547,3.5799999237060547,3272,0.0,0.0
2022-12-09 14:30:00-05:00,3.559999942779541,3.565000057220459,3.559999942779541,3.565000057220459,1324,0.0,0.0
2022-12-09 15:30:00-05:00,3.559999942779541,3.5799999237060547,3.559999942779541,3.5799999237060547,577,0.0,0.0
2022-12-12 09:30:00-05:00,3.5799999237060547,3.6600000858306885,3.5799999237060547,3.5899999141693115,726,0.0,0.0
2022-12-12 10:30:00-05:00,3.559999942779541,3.630000114440918,3.559999942779541,3.578000068664551,2729,0.0,0.0
2022-12-12 11:30:00-05:00,3.569999933242798,3.5701000690460205,3.5199999809265137,3.5583999156951904,7554,0.0,0.0
2022-12-12 13:30:00-05:00,3.5299999713897705,3.5299999713897705,3.5299999713897705,3.5299999713897705,526,0.0,0.0
2022-12-12 14:30:00-05:00,3.5199999809265137,3.5199999809265137,3.5,3.5,2823,0.0,0.0
2022-12-12 15:30:00-05:00,3.4800000190734863,3.4800000190734863,3.450000047683716,3.4728000164031982,0,0.0,0.0
2022-12-13 09:30:00-05:00,3.4800000190734863,3.4800000190734863,3.1500000953674316,3.180000066757202,18812,0.0,0.0
2022-12-13 10:30:00-05:00,3.1600000858306885,3.299999952316284,3.0999999046325684,3.210400104522705,12918,0.0,0.0
2022-12-13 11:30:00-05:00,3.1500000953674316,3.248699903488159,3.0999999046325684,3.1700000762939453,13766,0.0,0.0
2022-12-13 12:30:00-05:00,3.130000114440918,3.1719000339508057,3.049999952316284,3.059999942779541,10675,0.0,0.0
2022-12-13 13:30:00-05:00,3.0999999046325684,3.1600000858306885,3.0199999809265137,3.049999952316284,7883,0.0,0.0
2022-12-13 14:30:00-05:00,3.1008999347686768,3.1008999347686768,3.0399999618530273,3.0399999618530273,502,0.0,0.0
2022-12-13 15:30:00-05:00,3.0799999237060547,3.180000066757202,3.069999933242798,3.069999933242798,944,0.0,0.0
2022-12-14 09:30:00-05:00,3.1700000762939453,3.2151999473571777,3.1700000762939453,3.190000057220459,4558,0.0,0.0
2022-12-14 10:30:00-05:00,3.223299980163574,3.2300000190734863,3.1700000762939453,3.170099973678589,7007,0.0,0.0
2022-12-14 11:30:00-05:00,3.1700000762939453,3.1700000762939453,3.1700000762939453,3.1700000762939453,2628,0.0,0.0
2022-12-14 12:30:00-05:00,3.166800022125244,3.2100000381469727,3.1600000858306885,3.2100000381469727,2469,0.0,0.0
2022-12-14 13:30:00-05:00,3.2079999446868896,3.2300000190734863,3.1800999641418457,3.224400043487549,1683,0.0,0.0
2022-12-14 14:30:00-05:00,3.2644999027252197,3.2644999027252197,3.2644999027252197,3.2644999027252197,100,0.0,0.0
2022-12-14 15:30:00-05:00,3.2200000286102295,3.25,3.2200000286102295,3.25,579,0.0,0.0
2022-12-15 09:30:00-05:00,3.1600000858306885,3.4000000953674316,3.1600000858306885,3.2107999324798584,0,0.0,0.0
2022-12-15 10:30:00-05:00,3.2209999561309814,3.2699999809265137,3.180000066757202,3.269700050354004,719,0.0,0.0
2022-12-15 11:30:00-05:00,3.180000066757202,3.259999990463257,3.180000066757202,3.180000066757202,602,0.0,0.0
2022-12-15 12:30:00-05:00,3.2100000381469727,3.2100000381469727,3.1600000858306885,3.1600000858306885,742,0.0,0.0
2022-12-15 13:30:00-05:00,3.174999952316284,3.200000047683716,3.1600000858306885,3.1600000858306885,1181,0.0,0.0
2022-12-15 14:30:00-05:00,3.190000057220459,3.2100000381469727,3.180000066757202,3.2100000381469727,1351,0.0,0.0
2022-12-15 15:30:00-05:00,3.180000066757202,3.180000066757202,3.180000066757202,3.180000066757202,0,0.0,0.0
2022-12-16 09:30:00-05:00,3.190000057220459,3.190000057220459,3.1500000953674316,3.1500000953674316,3229,0.0,0.0
2022-12-16 10:30:00-05:00,3.1600000858306885,3.2172000408172607,3.1600000858306885,3.2172000408172607,1075,0.0,0.0
2022-12-16 11:30:00-05:00,3.1500000953674316,3.1947999000549316,3.1500000953674316,3.180000066757202,3392,0.0,0.0
2022-12-16 12:30:00-05:00,3.1500000953674316,3.1500000953674316,3.109999895095825,3.109999895095825,1824,0.0,0.0
2022-12-16 13:30:00-05:00,3.0799999237060547,3.1050000190734863,3.0799999237060547,3.0999999046325684,1548,0.0,0.0
2022-12-16 14:30:00-05:00,3.0799999237060547,3.109999895095825,3.0799999237060547,3.0801000595092773,2161,0.0,0.0
2022-12-16 15:30:00-05:00,3.109999895095825,3.109999895095825,3.0799999237060547,3.0799999237060547,940,0.0,0.0
2022-12-19 09:30:00-05:00,3.059999942779541,3.0799999237060547,3.059999942779541,3.0799999237060547,7007,0.0,0.0
2022-12-19 10:30:00-05:00,3.049999952316284,3.0999999046325684,3.049999952316284,3.059999942779541,6100,0.0,0.0
2022-12-19 11:30:00-05:00,3.059999942779541,3.109999895095825,3.0399999618530273,3.0399999618530273,5008,0.0,0.0
2022-12-19 12:30:00-05:00,3.0399999618530273,3.044100046157837,3.0,3.009999990463257,5110,0.0,0.0
2022-12-19 13:30:00-05:00,3.0299999713897705,3.053100109100342,3.0199999809265137,3.04259991645813,1623,0.0,0.0
2022-12-19 14:30:00-05:00,3.079699993133545,3.079699993133545,3.0199999809265137,3.0199999809265137,1738,0.0,0.0
2022-12-19 15:30:00-05:00,3.0350000858306885,3.0787999629974365,3.0350000858306885,3.0787999629974365,1107,0.0,0.0
2022-12-20 09:30:00-05:00,3.0299999713897705,3.049999952316284,3.0,3.0399999618530273,0,0.0,0.0
2022-12-20 10:30:00-05:00,3.0199999809265137,3.0299999713897705,3.0199999809265137,3.0299999713897705,570,0.0,0.0
2022-12-20 11:30:00-05:00,3.0299999713897705,3.049999952316284,3.0,3.049999952316284,3551,0.0,0.0
2022-12-20 13:30:00-05:00,3.0,3.029599905014038,3.0,3.027899980545044,401,0.0,0.0
2022-12-20 14:30:00-05:00,3.0,3.009999990463257,3.0,3.009999990463257,2303,0.0,0.0
2022-12-20 15:30:00-05:00,3.0,3.0272998809814453,2.9800000190734863,3.0272998809814453,0,0.0,0.0
2022-12-21 09:30:00-05:00,3.0199999809265137,3.0199999809265137,3.0199999809265137,3.0199999809265137,479,0.0,0.0
2022-12-21 10:30:00-05:00,3.027600049972534,3.027600049972534,3.0199999809265137,3.0199999809265137,881,0.0,0.0
2022-12-21 11:30:00-05:00,3.0399999618530273,3.0399999618530273,3.0399999618530273,3.0399999618530273,149,0.0,0.0
2022-12-21 12:30:00-05:00,3.0,3.0199999809265137,3.0,3.0199999809265137,5909,0.0,0.0
2022-12-21 14:30:00-05:00,2.990000009536743,3.0299999713897705,2.9800000190734863,3.0299999713897705,4762,0.0,0.0
2022-12-21 15:30:00-05:00,3.043600082397461,3.043600082397461,3.043600082397461,3.043600082397461,0,0.0,0.0
2022-12-22 09:30:00-05:00,3.059999942779541,3.082200050354004,3.059999942779541,3.082200050354004,613,0.0,0.0
2022-12-22 10:30:00-05:00,3.0492000579833984,3.0492000579833984,3.0299999713897705,3.0299999713897705,1200,0.0,0.0
2022-12-22 11:30:00-05:00,3.0299999713897705,3.0299999713897705,3.0,3.004499912261963,1685,0.0,0.0
2022-12-22 12:30:00-05:00,3.0,3.0139999389648438,2.990000009536743,2.990000009536743,3787,0.0,0.0
2022-12-22 13:30:00-05:00,2.9925999641418457,2.9976000785827637,2.9800000190734863,2.9976000785827637,438,0.0,0.0
2022-12-22 14:30:00-05:00,2.9800000190734863,2.990600109100342,2.9800000190734863,2.990000009536743,6146,0.0,0.0
2022-12-22 15:30:00-05:00,3.0,3.0083000659942627,3.0,3.0083000659942627,0,0.0,0.0
2022-12-23 09:30:00-05:00,2.9600000381469727,2.9600000381469727,2.9600000381469727,2.9600000381469727,526,0.0,0.0
2022-12-23 10:30:00-05:00,2.9821999073028564,3.0,2.9821999073028564,3.0,335,0.0,0.0
2022-12-23 11:30:00-05:00,2.9600000381469727,2.9800000190734863,2.9600000381469727,2.9800000190734863,240,0.0,0.0
2022-12-23 12:30:00-05:00,2.9798998832702637,3.0,2.9798998832702637,2.9999001026153564,2310,0.0,0.0
2022-12-23 13:30:00-05:00,2.9600000381469727,2.9798998832702637,2.9600000381469727,2.9798998832702637,405,0.0,0.0
2022-12-23 14:30:00-05:00,2.9800000190734863,2.9800000190734863,2.9700000286102295,2.9800000190734863,300,0.0,0.0
2022-12-23 15:30:00-05:00,2.994999885559082,2.994999885559082,2.994999885559082,2.994999885559082,208,0.0,0.0
2022-12-27 09:30:00-05:00,3.009999990463257,3.009999990463257,2.9899001121520996,3.0,2384,0.0,0.0
2022-12-27 10:30:00-05:00,2.990000009536743,3.0,2.990000009536743,3.0,299,0.0,0.0
2022-12-27 12:30:00-05:00,2.990000009536743,2.994999885559082,2.990000009536743,2.994999885559082,1050,0.0,0.0
2022-12-27 13:30:00-05:00,2.990000009536743,2.9902000427246094,2.9600000381469727,2.9600000381469727,5532,0.0,0.0
2022-12-27 14:30:00-05:00,2.9600000381469727,2.9600000381469727,2.8519999980926514,2.940000057220459,0,0.0,0.0
2022-12-28 09:30:00-05:00,2.930000066757202,2.940000057220459,2.9000000953674316,2.9000000953674316,2366,0.0,0.0
2022-12-28 10:30:00-05:00,2.9521000385284424,2.9521000385284424,2.9000000953674316,2.930000066757202,504,0.0,0.0
2022-12-28 12:30:00-05:00,2.9100000858306885,2.9800000190734863,2.9100000858306885,2.9700000286102295,2900,0.0,0.0
2022-12-28 13:30:00-05:00,2.972399950027466,2.9798998832702637,2.9700000286102295,2.9798998832702637,888,0.0,0.0
2022-12-28 14:30:00-05:00,2.972599983215332,2.9788999557495117,2.9542999267578125,2.9788999557495117,2462,0.0,0.0
2022-12-28 15:30:00-05:00,2.9200000762939453,2.9888999462127686,2.9200000762939453,2.9888999462127686,0,0.0,0.0
2022-12-29 09:30:00-05:00,3.0,3.0,2.9700000286102295,2.9700000286102295,592,0.0,0.0
2022-12-29 11:30:00-05:00,2.9874000549316406,2.9874000549316406,2.9874000549316406,2.9874000549316406,155,0.0,0.0
2022-12-29 12:30:00-05:00,2.9921000003814697,3.0399999618530273,2.9700000286102295,3.0299999713897705,2836,0.0,0.0
2022-12-29 13:30:00-05:00,3.0399999618530273,3.065000057220459,3.0399999618530273,3.065000057220459,718,0.0,0.0
2022-12-29 14:30:00-05:00,3.083699941635132,3.1092000007629395,3.083699941635132,3.1092000007629395,341,0.0,0.0
2022-12-30 09:30:00-05:00,3.130000114440918,3.1700000762939453,3.1112000942230225,3.1112000942230225,0,0.0,0.0
2022-12-30 10:30:00-05:00,3.0399999618530273,3.0850000381469727,3.033799886703491,3.0850000381469727,1130,0.0,0.0
2022-12-30 11:30:00-05:00,3.101599931716919,3.108099937438965,3.101599931716919,3.108099937438965,200,0.0,0.0
2022-12-30 12:30:00-05:00,3.0999999046325684,3.0999999046325684,3.0999999046325684,3.0999999046325684,270,0.0,0.0
2022-12-30 13:30:00-05:00,3.059999942779541,3.0899999141693115,3.059999942779541,3.0899999141693115,1929,0.0,0.0
2022-12-30 15:30:00-05:00,3.0899999141693115,3.0899999141693115,3.0899999141693115,3.0899999141693115,206,0.0,0.0
2023-01-03 09:30:00-05:00,3.2300000190734863,3.2300000190734863,3.109999895095825,3.200000047683716,5318,0.0,0.0
2023-01-03 10:30:00-05:00,3.119999885559082,3.140000104904175,3.119999885559082,3.130000114440918,1818,0.0,0.0
2023-01-03 11:30:00-05:00,3.125,3.125,3.0999999046325684,3.0999999046325684,1150,0.0,0.0
2023-01-03 12:30:00-05:00,3.0999999046325684,3.0999999046325684,3.0999999046325684,3.0999999046325684,180,0.0,0.0
2023-01-03 13:30:00-05:00,3.0999999046325684,3.140000104904175,3.0989999771118164,3.140000104904175,2409,0.0,0.0
2023-01-03 14:30:00-05:00,3.1600000858306885,3.2300000190734863,3.1600000858306885,3.2200000286102295,1925,0.0,0.0
2023-01-04 09:30:00-05:00,3.190000057220459,3.200000047683716,3.180000066757202,3.180000066757202,997,0.0,0.0
2023-01-04 10:30:00-05:00,3.2374000549316406,3.2374000549316406,3.2200000286102295,3.2200000286102295,210,0.0,0.0
2023-01-04 11:30:00-05:00,3.240299940109253,3.2600998878479004,3.2300000190734863,3.255000114440918,1322,0.0,0.0
2023-01-04 12:30:00-05:00,3.2699999809265137,3.2699999809265137,3.2699999809265137,3.2699999809265137,215,0.0,0.0
2023-01-04 13:30:00-05:00,3.2850000858306885,3.2899999618530273,3.2799999713897705,3.2899999618530273,595,0.0,0.0
2023-01-04 14:30:00-05:00,3.2899999618530273,3.2899999618530273,3.2799999713897705,3.2799999713897705,0,0.0,0.0
2023-01-05 09:30:00-05:00,3.2300000190734863,3.285599946975708,3.190000057220459,3.190000057220459,3163,0.0,0.0
2023-01-05 10:30:00-05:00,3.200000047683716,3.244999885559082,3.200000047683716,3.244999885559082,850,0.0,0.0
2023-01-05 12:30:00-05:00,3.25,3.25,3.25,3.25,412,0.0,0.0
2023-01-05 13:30:00-05:00,3.240000009536743,3.240000009536743,3.240000009536743,3.240000009536743,257,0.0,0.0
2023-01-05 14:30:00-05:00,3.200000047683716,3.200000047683716,3.200000047683716,3.200000047683716,2502,0.0,0.0
2023-01-05 15:30:00-05:00,3.2035999298095703,3.22160005569458,3.2035999298095703,3.22160005569458,225,0.0,0.0
2023-01-06 09:30:00-05:00,3.2699999809265137,3.2699999809265137,3.2699999809265137,3.2699999809265137,0,0.0,0.0
2023-01-06 11:30:00-05:00,3.25,3.25,3.25,3.25,519,0.0,0.0
2023-01-06 12:30:00-05:00,3.25,3.25,3.25,3.25,113,0.0,0.0
2023-01-06 13:30:00-05:00,3.238800048828125,3.240000009536743,3.238800048828125,3.240000009536743,415,0.0,0.0
2023-01-06 14:30:00-05:00,3.240000009536743,3.240000009536743,3.240000009536743,3.240000009536743,239,0.0,0.0
2023-01-06 15:30:00-05:00,3.2200000286102295,3.25,3.2200000286102295,3.25,1459,0.0,0.0
2023-01-09 09:30:00-05:00,3.259999990463257,3.359999895095825,3.259999990463257,3.359999895095825,2838,0.0,0.0
2023-01-09 10:30:00-05:00,3.440000057220459,3.5,3.4000000953674316,3.4179999828338623,3811,0.0,0.0
2023-01-09 11:30:00-05:00,3.4100000858306885,3.4149999618530273,3.4000000953674316,3.4149999618530273,1187,0.0,0.0
2023-01-09 12:30:00-05:00,3.4000000953674316,3.4312000274658203,3.4000000953674316,3.4312000274658203,755,0.0,0.0
2023-01-09 13:30:00-05:00,3.390000104904175,3.390000104904175,3.3399999141693115,3.3810999393463135,2197,0.0,0.0
2023-01-09 14:30:00-05:00,3.309999942779541,3.4100000858306885,3.309999942779541,3.4100000858306885,2129,0.0,0.0
2023-01-09 15:30:00-05:00,3.3499999046325684,3.4082000255584717,3.3350000381469727,3.4082000255584717,0,0.0,0.0
2023-01-10 09:30:00-05:00,3.4000000953674316,3.4000000953674316,3.4000000953674316,3.4000000953674316,565,0.0,0.0
2023-01-10 10:30:00-05:00,3.350100040435791,3.390000104904175,3.350100040435791,3.390000104904175,514,0.0,0.0
2023-01-10 11:30:00-05:00,3.365000009536743,3.365000009536743,3.359999895095825,3.364500045776367,479,0.0,0.0
2023-01-10 12:30:00-05:00,3.369999885559082,3.369999885559082,3.369999885559082,3.369999885559082,235,0.0,0.0
2023-01-10 13:30:00-05:00,3.3657000064849854,3.380000114440918,3.365000009536743,3.380000114440918,2260,0.0,0.0
2023-01-10 14:30:00-05:00,3.380000114440918,3.380000114440918,3.380000114440918,3.380000114440918,261,0.0,0.0
2023-01-10 15:30:00-05:00,3.390000104904175,3.390000104904175,3.390000104904175,3.390000104904175,161,0.0,0.0
2023-01-11 09:30:00-05:00,3.440000057220459,3.440000057220459,3.390000104904175,3.4000000953674316,3939,0.0,0.0
2023-01-11 10:30:00-05:00,3.4000000953674316,3.430000066757202,3.4000000953674316,3.430000066757202,1744,0.0,0.0
2023-01-11 11:30:00-05:00,3.437299966812134,3.437299966812134,3.437299966812134,3.437299966812134,132,0.0,0.0
2023-01-11 12:30:00-05:00,3.430000066757202,3.430000066757202,3.430000066757202,3.430000066757202,200,0.0,0.0
2023-01-11 13:30:00-05:00,3.4200000762939453,3.440000057220459,3.4100000858306885,3.440000057220459,1568,0.0,0.0
2023-01-11 14:30:00-05:00,3.440000057220459,3.440000057220459,3.4200000762939453,3.434999942779541,533,0.0,0.0
2023-01-11 15:30:00-05:00,3.440000057220459,3.440000057220459,3.434999942779541,3.440000057220459,0,0.0,0.0
2023-01-12 09:30:00-05:00,3.490000009536743,3.490000009536743,3.390700101852417,3.440000057220459,6352,0.0,0.0
2023-01-12 10:30:00-05:00,3.4000000953674316,3.440000057220459,3.380000114440918,3.4200000762939453,2634,0.0,0.0
2023-01-12 11:30:00-05:00,3.430000066757202,3.434999942779541,3.430000066757202,3.434999942779541,226,0.0,0.0
2023-01-12 13:30:00-05:00,3.4200000762939453,3.430000066757202,3.4200000762939453,3.430000066757202,206,0.0,0.0
2023-01-12 15:30:00-05:00,3.4200000762939453,3.430000066757202,3.4200000762939453,3.430000066757202,0,0.0,0.0
2023-01-13 09:30:00-05:00,3.440000057220459,3.490000009536743,3.440000057220459,3.490000009536743,3570,0.0,0.0
2023-01-13 11:30:00-05:00,3.4800000190734863,3.490000009536743,3.4600000381469727,3.486599922180176,2231,0.0,0.0
2023-01-13 12:30:00-05:00,3.5,3.5,3.450000047683716,3.450000047683716,1043,0.0,0.0
2023-01-13 13:30:00-05:00,3.4658000469207764,3.5,3.4658000469207764,3.5,1029,0.0,0.0
2023-01-13 15:30:00-05:00,3.5,3.5199999809265137,3.5,3.5199999809265137,494,0.0,0.0
2023-01-17 09:30:00-05:00,3.5199999809265137,3.5399999618530273,3.5199999809265137,3.5399999618530273,0,0.0,0.0
2023-01-17 10:30:00-05:00,3.5478999614715576,3.559999942779541,3.5478999614715576,3.559999942779541,3349,0.0,0.0
2023-01-17 11:30:00-05:00,3.549999952316284,3.559999942779541,3.5399999618530273,3.5399999618530273,4493,0.0,0.0
2023-01-17 12:30:00-05:00,3.559999942779541,3.559999942779541,3.5399999618530273,3.5399999618530273,1290,0.0,0.0
2023-01-17 14:30:00-05:00,3.509999990463257,3.509999990463257,3.509999990463257,3.509999990463257,0,0.0,0.0
2023-01-18 09:30:00-05:00,3.5399999618530273,3.5399999618530273,3.4286000728607178,3.4860999584198,3228,0.0,0.0
2023-01-18 10:30:00-05:00,3.4337000846862793,3.4860999584198,3.425100088119507,3.4860999584198,1325,0.0,0.0
2023-01-18 11:30:00-05:00,3.450000047683716,3.490000009536743,3.450000047683716,3.450000047683716,1887,0.0,0.0
2023-01-18 12:30:00-05:00,3.4200000762939453,3.4200000762939453,3.4200000762939453,3.4200000762939453,663,0.0,0.0
2023-01-18 14:30:00-05:00,3.359999895095825,3.3819000720977783,3.359999895095825,3.3819000720977783,1103,0.0,0.0
2023-01-18 15:30:00-05:00,3.384999990463257,3.4000000953674316,3.3826000690460205,3.390000104904175,0,0.0,0.0
2023-01-19 09:30:00-05:00,3.4100000858306885,3.4100000858306885,3.4100000858306885,3.4100000858306885,362,0.0,0.0
2023-01-19 11:30:00-05:00,3.319999933242798,3.3299999237060547,3.299999952316284,3.3299999237060547,1773,0.0,0.0
2023-01-19 12:30:00-05:00,3.329900026321411,3.329900026321411,3.299999952316284,3.314500093460083,1155,0.0,0.0
2023-01-19 13:30:00-05:00,3.309999942779541,3.309999942779541,3.309999942779541,3.309999942779541,115,0.0,0.0
2023-01-19 14:30:00-05:00,3.2799999713897705,3.309999942779541,3.2799999713897705,3.297600030899048,0,0.0,0.0
2023-01-20 09:30:00-05:00,3.259999990463257,3.359999895095825,3.259999990463257,3.359999895095825,1491,0.0,0.0
2023-01-20 10:30:00-05:00,3.3301000595092773,3.380000114440918,3.3299999237060547,3.380000114440918,1174,0.0,0.0
2023-01-20 11:30:00-05:00,3.3698999881744385,3.3698999881744385,3.3698999881744385,3.3698999881744385,512,0.0,0.0
2023-01-20 14:30:00-05:00,3.309999942779541,3.309999942779541,3.309999942779541,3.309999942779541,310,0.0,0.0
2023-01-20 15:30:00-05:00,3.3050999641418457,3.3050999641418457,3.3050999641418457,3.3050999641418457,144,0.0,0.0
2023-01-23 09:30:00-05:00,3.259999990463257,3.299999952316284,3.259999990463257,3.299999952316284,0,0.0,0.0
2023-01-23 10:30:00-05:00,3.2985999584198,3.2999000549316406,3.2985999584198,3.2999000549316406,292,0.0,0.0
2023-01-23 13:30:00-05:00,3.290299892425537,3.290299892425537,3.2899999618530273,3.2899999618530273,837,0.0,0.0
2023-01-23 15:30:00-05:00,3.259999990463257,3.291800022125244,3.259999990463257,3.291800022125244,0,0.0,0.0
2023-01-24 09:30:00-05:00,3.299999952316284,3.3178999423980713,3.25,3.3096001148223877,2519,0.0,0.0
2023-01-24 10:30:00-05:00,3.3671000003814697,3.3671000003814697,3.259999990463257,3.259999990463257,400,0.0,0.0
2023-01-24 11:30:00-05:00,3.3450000286102295,3.3450000286102295,3.3450000286102295,3.3450000286102295,235,0.0,0.0
2023-01-24 13:30:00-05:00,3.4075000286102295,3.4075000286102295,3.3399999141693115,3.3750998973846436,1430,0.0,0.0
2023-01-24 15:30:00-05:00,3.259999990463257,3.299999952316284,3.259999990463257,3.299999952316284,0,0.0,0.0
2023-01-25 09:30:00-05:00,3.375,3.375,3.375,3.375,565,0.0,0.0
2023-01-25 10:30:00-05:00,3.319999933242798,3.319999933242798,3.2699999809265137,3.315000057220459,1243,0.0,0.0
2023-01-25 11:30:00-05:00,3.359999895095825,3.359999895095825,3.25,3.327500104904175,688,0.0,0.0
2023-01-25 12:30:00-05:00,3.25,3.2750000953674316,3.25,3.2750000953674316,260,0.0,0.0
2023-01-25 13:30:00-05:00,3.2558999061584473,3.2799999713897705,3.25,3.2799999713897705,1226,0.0,0.0
2023-01-25 14:30:00-05:00,3.240000009536743,3.2899999618530273,3.240000009536743,3.2899999618530273,1044,0.0,0.0
2023-01-25 15:30:00-05:00,3.2606000900268555,3.319999933242798,3.220099925994873,3.319999933242798,0,0.0,0.0
2023-01-26 09:30:00-05:00,3.4100000858306885,3.4105000495910645,3.4100000858306885,3.4105000495910645,1439,0.0,0.0
2023-01-26 12:30:00-05:00,3.380000114440918,3.392699956893921,3.380000114440918,3.392699956893921,2380,0.0,0.0
2023-01-26 14:30:00-05:00,3.380000114440918,3.4000000953674316,3.380000114440918,3.4000000953674316,1343,0.0,0.0
2023-01-26 15:30:00-05:00,3.4000000953674316,3.4000000953674316,3.390000104904175,3.4000000953674316,762,0.0,0.0
2023-01-27 09:30:00-05:00,3.4000000953674316,3.4000000953674316,3.390000104904175,3.390000104904175,0,0.0,0.0
2023-01-27 10:30:00-05:00,3.390000104904175,3.390000104904175,3.390000104904175,3.390000104904175,354,0.0,0.0
2023-01-27 11:30:00-05:00,3.390000104904175,3.390000104904175,3.384999990463257,3.384999990463257,652,0.0,0.0
2023-01-27 12:30:00-05:00,3.384999990463257,3.4200000762939453,3.384999990463257,3.4200000762939453,1300,0.0,0.0
2023-01-27 14:30:00-05:00,3.4000000953674316,3.4200000762939453,3.4000000953674316,3.4200000762939453,686,0.0,0.0
2023-01-27 15:30:00-05:00,3.390000104904175,3.4200000762939453,3.390000104904175,3.4200000762939453,200,0.0,0.0
2023-01-30 09:30:00-05:00,3.309999942779541,3.440000057220459,3.309999942779541,3.440000057220459,0,0.0,0.0
2023-01-30 10:30:00-05:00,3.440000057220459,3.440000057220459,3.440000057220459,3.440000057220459,1554,0.0,0.0
2023-01-30 11:30:00-05:00,3.450000047683716,3.4800000190734863,3.450000047683716,3.4800000190734863,1404,0.0,0.0
2023-01-30 12:30:00-05:00,3.4700000286102295,3.5,3.4700000286102295,3.4825000762939453,5944,0.0,0.0
2023-01-30 13:30:00-05:00,3.490000009536743,3.4951000213623047,3.490000009536743,3.4951000213623047,985,0.0,0.0
2023-01-30 14:30:00-05:00,3.490000009536743,3.5,3.4800000190734863,3.5,1400,0.0,0.0
2023-01-30 15:30:00-05:00,3.490000009536743,3.5,3.470099925994873,3.5,0,0.0,0.0
2023-01-31 09:30:00-05:00,3.4997000694274902,3.5199999809265137,3.495699882507324,3.5199999809265137,4321,0.0,0.0
2023-01-31 10:30:00-05:00,3.5199999809265137,3.528700113296509,3.5199999809265137,3.528700113296509,1163,0.0,0.0
2023-01-31 11:30:00-05:00,3.522599935531616,3.5299999713897705,3.522599935531616,3.5299999713897705,475,0.0,0.0
2023-01-31 12:30:00-05:00,3.5350000858306885,3.5448999404907227,3.5350000858306885,3.5448999404907227,1583,0.0,0.0
2023-01-31 14:30:00-05:00,3.5420000553131104,3.5420000553131104,3.5420000553131104,3.5420000553131104,408,0.0,0.0
2023-01-31 15:30:00-05:00,3.5576999187469482,3.5576999187469482,3.549999952316284,3.549999952316284,600,0.0,0.0
2023-02-01 09:30:00-05:00,3.5199999809265137,3.559999942779541,3.5199999809265137,3.559999942779541,4109,0.0,0.0
2023-02-01 10:30:00-05:00,3.559999942779541,3.579699993133545,3.5350000858306885,3.567699909210205,4985,0.0,0.0
2023-02-01 11:30:00-05:00,3.569999933242798,3.5799999237060547,3.569999933242798,3.5799999237060547,499,0.0,0.0
2023-02-01 12:30:00-05:00,3.559999942779541,3.5799999237060547,3.559999942779541,3.569999933242798,2168,0.0,0.0
2023-02-01 13:30:00-05:00,3.571199893951416,3.575000047683716,3.569999933242798,3.569999933242798,380,0.0,0.0
2023-02-01 14:30:00-05:00,3.5785999298095703,3.5899999141693115,3.575000047683716,3.5815000534057617,3369,0.0,0.0
2023-02-01 15:30:00-05:00,3.5999999046325684,3.5999999046325684,3.5899999141693115,3.5999999046325684,676,0.0,0.0
2023-02-02 09:30:00-05:00,3.5999999046325684,3.5999999046325684,3.509999990463257,3.5799999237060547,0,0.0,0.0
2023-02-02 11:30:00-05:00,3.544800043106079,3.5799999237060547,3.544800043106079,3.5799999237060547,3984,0.0,0.0
2023-02-02 12:30:00-05:00,3.560800075531006,3.5799999237060547,3.5130999088287354,3.549999952316284,8720,0.0,0.0
2023-02-02 13:30:00-05:00,3.549999952316284,3.5899999141693115,3.5199999809265137,3.5899999141693115,1554,0.0,0.0
2023-02-03 09:30:00-05:00,3.5299999713897705,3.5899999141693115,3.5299999713897705,3.5899999141693115,0,0.0,0.0
2023-02-03 10:30:00-05:00,3.509999990463257,3.5297000408172607,3.4800000190734863,3.4800000190734863,3719,0.0,0.0
2023-02-03 11:30:00-05:00,3.490000009536743,3.490000009536743,3.4800000190734863,3.4821999073028564,1421,0.0,0.0
2023-02-03 12:30:00-05:00,3.4809999465942383,3.485300064086914,3.450000047683716,3.450000047683716,2824,0.0,0.0
2023-02-03 13:30:00-05:00,3.4570000171661377,3.4600000381469727,3.450000047683716,3.4549999237060547,2374,0.0,0.0
2023-02-03 14:30:00-05:00,3.4800000190734863,3.4800000190734863,3.4600000381469727,3.4600000381469727,674,0.0,0.0
2023-02-03 15:30:00-05:00,3.4100000858306885,3.4800000190734863,3.4100000858306885,3.4509999752044678,754,0.0,0.0
2023-02-06 09:30:00-05:00,3.430000066757202,3.5799999237060547,3.4000000953674316,3.5799999237060547,3548,0.0,0.0
2023-02-06 10:30:00-05:00,3.4911000728607178,3.569999933242798,3.4911000728607178,3.546999931335449,1582,0.0,0.0
2023-02-06 11:30:00-05:00,3.549999952316284,3.549999952316284,3.549999952316284,3.549999952316284,508,0.0,0.0
2023-02-06 13:30:00-05:00,3.452699899673462,3.452699899673462,3.4077000617980957,3.440000057220459,1932,0.0,0.0
2023-02-06 14:30:00-05:00,3.4100000858306885,3.5199999809265137,3.4000000953674316,3.5199999809265137,732,0.0,0.0
2023-02-07 09:30:00-05:00,3.5199999809265137,3.5199999809265137,3.5199999809265137,3.5199999809265137,0,0.0,0.0
2023-02-07 10:30:00-05:00,3.4000000953674316,3.5299999713897705,3.4000000953674316,3.5299999713897705,2543,0.0,0.0
2023-02-07 11:30:00-05:00,3.4700000286102295,3.4700000286102295,3.4700000286102295,3.4700000286102295,413,0.0,0.0
2023-02-07 12:30:00-05:00,3.5199999809265137,3.5199999809265137,3.5199999809265137,3.5199999809265137,163,0.0,0.0
2023-02-07 13:30:00-05:00,3.400099992752075,3.4423999786376953,3.359999895095825,3.436000108718872,5987,0.0,0.0
2023-02-07 14:30:00-05:00,3.390000104904175,3.390000104904175,3.390000104904175,3.390000104904175,255,0.0,0.0
2023-02-07 15:30:00-05:00,3.375,3.430000066757202,3.375,3.430000066757202,0,0.0,0.0
2023-02-08 09:30:00-05:00,3.5,3.509999990463257,3.5,3.509999990463257,812,0.0,0.0
2023-02-08 10:30:00-05:00,3.509999990463257,3.509999990463257,3.509999990463257,3.509999990463257,352,0.0,0.0
2023-02-08 13:30:00-05:00,3.4758999347686768,3.4758999347686768,3.4758999347686768,3.4758999347686768,216,0.0,0.0
2023-02-08 14:30:00-05:00,3.450000047683716,3.509999990463257,3.450000047683716,3.509999990463257,975,0.0,0.0
2023-02-08 15:30:00-05:00,3.4800000190734863,3.509999990463257,3.474600076675415,3.490000009536743,0,0.0,0.0
2023-02-09 09:30:00-05:00,3.490000009536743,3.509999990463257,3.490000009536743,3.509999990463257,632,0.0,0.0
2023-02-09 12:30:00-05:00,3.450000047683716,3.450000047683716,3.450000047683716,3.450000047683716,207,0.0,0.0
2023-02-09 13:30:00-05:00,3.4491000175476074,3.4667999744415283,3.369999885559082,3.4667999744415283,592,0.0,0.0
2023-02-09 14:30:00-05:00,3.4398999214172363,3.4398999214172363,3.4398999214172363,3.4398999214172363,363,0.0,0.0
2023-02-10 09:30:00-05:00,3.5,3.5,3.4600000381469727,3.4700000286102295,0,0.0,0.0
2023-02-10 10:30:00-05:00,3.4000000953674316,3.434999942779541,3.4000000953674316,3.434999942779541,688,0.0,0.0
2023-02-10 11:30:00-05:00,3.4200000762939453,3.440000057220459,3.4200000762939453,3.440000057220459,255,0.0,0.0
2023-02-10 12:30:00-05:00,3.380000114440918,3.430000066757202,3.380000114440918,3.4000000953674316,9225,0.0,0.0
2023-02-10 13:30:00-05:00,3.4000000953674316,3.440000057220459,3.4000000953674316,3.440000057220459,2928,0.0,0.0
2023-02-10 14:30:00-05:00,3.380000114440918,3.380000114440918,3.3399999141693115,3.374500036239624,5652,0.0,0.0
2023-02-10 15:30:00-05:00,3.3399999141693115,3.3399999141693115,3.25,3.2899999618530273,1400,0.0,0.0
2023-02-13 09:30:00-05:00,3.4000000953674316,3.444999933242798,3.3299999237060547,3.369999885559082,9304,0.0,0.0
2023-02-13 10:30:00-05:00,3.3450000286102295,3.3450000286102295,3.3450000286102295,3.3450000286102295,1114,0.0,0.0
2023-02-13 11:30:00-05:00,3.3450000286102295,3.390000104904175,3.3450000286102295,3.390000104904175,408,0.0,0.0
2023-02-13 13:30:00-05:00,3.35260009765625,3.369999885559082,3.3399999141693115,3.359999895095825,1655,0.0,0.0
2023-02-13 14:30:00-05:00,3.365000009536743,3.365000009536743,3.365000009536743,3.365000009536743,100,0.0,0.0
2023-02-13 15:30:00-05:00,3.390000104904175,3.390000104904175,3.390000104904175,3.390000104904175,400,0.0,0.0
2023-02-14 09:30:00-05:00,3.4000000953674316,3.450000047683716,3.3399999141693115,3.390000104904175,0,0.0,0.0
2023-02-14 10:30:00-05:00,3.4305999279022217,3.4305999279022217,3.4305999279022217,3.4305999279022217,152,0.0,0.0
2023-02-14 12:30:00-05:00,3.3499999046325684,3.4200000762939453,3.3499999046325684,3.4200000762939453,283,0.0,0.0
2023-02-14 14:30:00-05:00,3.411600112915039,3.411600112915039,3.411600112915039,3.411600112915039,395,0.0,0.0
2023-02-14 15:30:00-05:00,3.4000000953674316,3.4000000953674316,3.369999885559082,3.369999885559082,549,0.0,0.0
2023-02-15 09:30:00-05:00,3.450000047683716,3.450000047683716,3.450000047683716,3.450000047683716,257,0.0,0.0
2023-02-15 10:30:00-05:00,3.390000104904175,3.390000104904175,3.319999933242798,3.319999933242798,1055,0.0,0.0
2023-02-15 11:30:00-05:00,3.331700086593628,3.3550000190734863,3.331700086593628,3.3550000190734863,330,0.0,0.0
2023-02-15 12:30:00-05:00,3.359999895095825,3.359999895095825,3.359999895095825,3.359999895095825,221,0.0,0.0
2023-02-15 13:30:00-05:00,3.3350000381469727,3.3499999046325684,3.3350000381469727,3.3499999046325684,250,0.0,0.0
2023-02-15 14:30:00-05:00,3.345400094985962,3.4000000953674316,3.345400094985962,3.4000000953674316,1194,0.0,0.0
2023-02-15 15:30:00-05:00,3.3299999237060547,3.4200000762939453,3.3299999237060547,3.4200000762939453,440,0.0,0.0
2023-02-16 11:30:00-05:00,3.3299999237060547,3.383500099182129,3.3299999237060547,3.383500099182129,435,0.0,0.0
2023-02-16 12:30:00-05:00,3.390000104904175,3.4200000762939453,3.384999990463257,3.4200000762939453,2339,0.0,0.0
2023-02-16 13:30:00-05:00,3.359999895095825,3.359999895095825,3.359999895095825,3.359999895095825,100,0.0,0.0
2023-02-16 14:30:00-05:00,3.4200000762939453,3.4200000762939453,3.4200000762939453,3.4200000762939453,246,0.0,0.0
2023-02-16 15:30:00-05:00,3.369999885559082,3.369999885559082,3.299999952316284,3.369999885559082,17250,0.0,0.0
2023-02-17 09:30:00-05:00,3.359999895095825,3.359999895095825,3.359999895095825,3.359999895095825,0,0.0,0.0
2023-02-17 10:30:00-05:00,3.390000104904175,3.390000104904175,3.319999933242798,3.3499999046325684,539,0.0,0.0
2023-02-17 13:30:00-05:00,3.309999942779541,3.309999942779541,3.2799999713897705,3.2934999465942383,7647,0.0,0.0
2023-02-17 14:30:00-05:00,3.319999933242798,3.319999933242798,3.259999990463257,3.2899999618530273,2635,0.0,0.0
2023-02-17 15:30:00-05:00,3.3399999141693115,3.3399999141693115,3.3399999141693115,3.3399999141693115,122,0.0,0.0
2023-02-21 09:30:00-05:00,3.3499999046325684,3.3589999675750732,3.3499999046325684,3.3589999675750732,766,0.0,0.0
2023-02-21 10:30:00-05:00,3.3399999141693115,3.3399999141693115,3.25,3.25,1434,0.0,0.0
2023-02-21 11:30:00-05:00,3.2578001022338867,3.2850000858306885,3.25,3.25,712,0.0,0.0
2023-02-21 12:30:00-05:00,3.25,3.259999990463257,3.25,3.25,779,0.0,0.0
2023-02-21 13:30:00-05:00,3.255000114440918,3.255000114440918,3.200000047683716,3.200000047683716,2797,0.0,0.0
2023-02-21 14:30:00-05:00,3.190000057220459,3.200000047683716,3.180000066757202,3.200000047683716,1339,0.0,0.0
2023-02-21 15:30:00-05:00,3.200000047683716,3.2100000381469727,3.1600000858306885,3.2100000381469727,0,0.0,0.0
2023-02-22 09:30:00-05:00,3.1600000858306885,3.200000047683716,3.151599884033203,3.170799970626831,2231,0.0,0.0
2023-02-22 10:30:00-05:00,3.1500000953674316,3.1905999183654785,3.1500000953674316,3.1905999183654785,1503,0.0,0.0
2023-02-22 11:30:00-05:00,3.140199899673462,3.200000047683716,3.140000104904175,3.200000047683716,1276,0.0,0.0
2023-02-22 12:30:00-05:00,3.190000057220459,3.190000057220459,3.190000057220459,3.190000057220459,575,0.0,0.0
2023-02-22 13:30:00-05:00,3.190000057220459,3.259999990463257,3.148900032043457,3.259999990463257,8460,0.0,0.0
2023-02-22 14:30:00-05:00,3.380000114440918,3.380000114440918,3.202500104904175,3.202500104904175,958,0.0,0.0
2023-02-22 15:30:00-05:00,3.299999952316284,3.319999933242798,3.299999952316284,3.299999952316284,1923,0.0,0.0
2023-02-23 09:30:00-05:00,3.299999952316284,3.338099956512451,3.168600082397461,3.299999952316284,0,0.0,0.0
2023-02-23 15:30:00-05:00,3.2300000190734863,3.2887001037597656,3.200000047683716,3.2887001037597656,0,0.0,0.0
2023-02-24 09:30:00-05:00,3.309999942779541,3.309999942779541,3.1984000205993652,3.265000104904175,642,0.0,0.0
2023-02-24 10:30:00-05:00,3.240000009536743,3.2899999618530273,3.240000009536743,3.2899999618530273,624,0.0,0.0
2023-02-24 14:30:00-05:00,3.1600000858306885,3.2200000286102295,3.1600000858306885,3.180000066757202,2173,0.0,0.0
2023-02-24 15:30:00-05:00,3.2100000381469727,3.2300000190734863,3.2100000381469727,3.2300000190734863,264,0.0,0.0
2023-02-27 09:30:00-05:00,3.2300000190734863,3.2799999713897705,3.140000104904175,3.2799999713897705,4482,0.0,0.0
2023-02-27 10:30:00-05:00,3.180000066757202,3.240000009536743,3.180000066757202,3.240000009536743,325,0.0,0.0
2023-02-27 11:30:00-05:00,3.190000057220459,3.190000057220459,3.190000057220459,3.190000057220459,147,0.0,0.0
2023-02-27 12:30:00-05:00,3.2200000286102295,3.240000009536743,3.2200000286102295,3.240000009536743,256,0.0,0.0
2023-02-27 14:30:00-05:00,3.2100000381469727,3.25,3.1800999641418457,3.1800999641418457,1060,0.0,0.0
2023-02-27 15:30:00-05:00,3.2100000381469727,3.2699999809265137,3.2100000381469727,3.2699999809265137,325,0.0,0.0
2023-02-28 09:30:00-05:00,3.2699999809265137,3.2699999809265137,3.2149999141693115,3.2699999809265137,0,0.0,0.0
2023-02-28 10:30:00-05:00,3.2548000812530518,3.2899999618530273,3.2548000812530518,3.2899999618530273,733,0.0,0.0
2023-02-28 12:30:00-05:00,3.200000047683716,3.2699999809265137,3.200000047683716,3.2699999809265137,3058,0.0,0.0
2023-02-28 13:30:00-05:00,3.240000009536743,3.240999937057495,3.189300060272217,3.240000009536743,1898,0.0,0.0
2023-02-28 15:30:00-05:00,3.189300060272217,3.189300060272217,3.189300060272217,3.189300060272217,1652,0.0,0.0
2023-03-01 09:30:00-05:00,3.140000104904175,3.249799966812134,3.140000104904175,3.220099925994873,0,0.0,0.0
2023-03-01 10:30:00-05:00,3.277600049972534,3.277600049972534,3.1900999546051025,3.2249999046325684,2846,0.0,0.0
2023-03-01 11:30:00-05:00,3.2100000381469727,3.2249999046325684,3.200000047683716,3.2249999046325684,1412,0.0,0.0
2023-03-01 12:30:00-05:00,3.2070000171661377,3.240000009536743,3.190000057220459,3.240000009536743,830,0.0,0.0
2023-03-01 13:30:00-05:00,3.240000009536743,3.255000114440918,3.240000009536743,3.255000114440918,2520,0.0,0.0
2023-03-01 14:30:00-05:00,3.240000009536743,3.2699999809265137,3.240000009536743,3.2571001052856445,4882,0.0,0.0
2023-03-01 15:30:00-05:00,3.2699999809265137,3.2699999809265137,3.2699999809265137,3.2699999809265137,3100,0.0,0.0
2023-03-02 09:30:00-05:00,3.130000114440918,3.2060000896453857,3.130000114440918,3.2060000896453857,4616,0.0,0.0
2023-03-02 11:30:00-05:00,3.1700000762939453,3.2100000381469727,3.1700000762939453,3.2100000381469727,260,0.0,0.0
2023-03-02 12:30:00-05:00,3.1600000858306885,3.2100000381469727,3.1600000858306885,3.2100000381469727,623,0.0,0.0
2023-03-02 13:30:00-05:00,3.190000057220459,3.2100000381469727,3.190000057220459,3.2100000381469727,345,0.0,0.0
2023-03-02 14:30:00-05:00,3.180000066757202,3.184499979019165,3.180000066757202,3.184499979019165,800,0.0,0.0
2023-03-02 15:30:00-05:00,3.184999942779541,3.200000047683716,3.1700000762939453,3.200000047683716,450,0.0,0.0
2023-03-03 09:30:00-05:00,3.167799949645996,3.2100000381469727,3.1475000381469727,3.1475000381469727,0,0.0,0.0
2023-03-03 10:30:00-05:00,3.1500000953674316,3.200000047683716,3.1500000953674316,3.200000047683716,857,0.0,0.0
2023-03-03 11:30:00-05:00,3.1700000762939453,3.1700000762939453,3.1700000762939453,3.1700000762939453,114,0.0,0.0
2023-03-03 12:30:00-05:00,3.193700075149536,3.240000009536743,3.193700075149536,3.240000009536743,764,0.0,0.0
2023-03-03 13:30:00-05:00,3.2100000381469727,3.240000009536743,3.2100000381469727,3.240000009536743,325,0.0,0.0
2023-03-03 14:30:00-05:00,3.2200000286102295,3.2200000286102295,3.2200000286102295,3.2200000286102295,348,0.0,0.0
2023-03-03 15:30:00-05:00,3.2300000190734863,3.2300000190734863,3.2300000190734863,3.2300000190734863,100,0.0,0.0
2023-03-06 09:30:00-05:00,3.1600000858306885,3.2197999954223633,3.140000104904175,3.2197999954223633,0,0.0,0.0
2023-03-06 10:30:00-05:00,3.140000104904175,3.2200000286102295,3.140000104904175,3.2200000286102295,1961,0.0,0.0
2023-03-06 11:30:00-05:00,3.2191998958587646,3.2191998958587646,3.2191998958587646,3.2191998958587646,0,0.0,0.0
2023-03-07 10:30:00-05:00,3.1798999309539795,3.200000047683716,3.1700000762939453,3.200000047683716,1160,0.0,0.0
2023-03-07 11:30:00-05:00,3.180000066757202,3.183300018310547,3.180000066757202,3.183300018310547,1238,0.0,0.0
2023-03-07 12:30:00-05:00,3.200000047683716,3.200000047683716,3.190000057220459,3.190000057220459,465,0.0,0.0
2023-03-07 13:30:00-05:00,3.198699951171875,3.198699951171875,3.190000057220459,3.1981000900268555,1036,0.0,0.0
2023-03-07 14:30:00-05:00,3.200000047683716,3.200000047683716,3.200000047683716,3.200000047683716,100,0.0,0.0
2023-03-07 15:30:00-05:00,3.200000047683716,3.200000047683716,3.194999933242798,3.200000047683716,0,0.0,0.0
2023-03-08 09:30:00-05:00,3.174999952316284,3.174999952316284,3.1600000858306885,3.1600000858306885,873,0.0,0.0
2023-03-08 11:30:00-05:00,3.1570000648498535,3.180000066757202,3.150099992752075,3.1798999309539795,1143,0.0,0.0
2023-03-08 12:30:00-05:00,3.180000066757202,3.180000066757202,3.178999900817871,3.178999900817871,330,0.0,0.0
2023-03-08 15:30:00-05:00,3.1528000831604004,3.178999900817871,3.1528000831604004,3.178999900817871,0,0.0,0.0
2023-03-09 09:30:00-05:00,3.1600000858306885,3.190000057220459,3.1600000858306885,3.166800022125244,3106,0.0,0.0
2023-03-09 10:30:00-05:00,3.130000114440918,3.130000114440918,3.130000114440918,3.130000114440918,272,0.0,0.0
2023-03-09 11:30:00-05:00,3.1363000869750977,3.1600000858306885,3.130000114440918,3.1600000858306885,1475,0.0,0.0
2023-03-09 12:30:00-05:00,3.1389000415802,3.1500000953674316,3.1389000415802,3.1500000953674316,700,0.0,0.0
2023-03-09 13:30:00-05:00,3.119999885559082,3.119999885559082,3.059999942779541,3.071199893951416,10100,0.0,0.0
2023-03-09 14:30:00-05:00,3.0901999473571777,3.119999885559082,3.0601000785827637,3.085400104522705,1660,0.0,0.0
2023-03-09 15:30:00-05:00,3.0899999141693115,3.1064000129699707,2.990000009536743,3.0127999782562256,0,0.0,0.0
2023-03-10 09:30:00-05:00,3.0999999046325684,3.0999999046325684,3.0000998973846436,3.018699884414673,3468,0.0,0.0
2023-03-10 10:30:00-05:00,3.0799999237060547,3.119999885559082,3.0799999237060547,3.119999885559082,698,0.0,0.0
2023-03-10 11:30:00-05:00,3.049999952316284,3.049999952316284,3.049999952316284,3.049999952316284,100,0.0,0.0
2023-03-10 12:30:00-05:00,3.0980000495910645,3.109999895095825,3.0980000495910645,3.0999999046325684,440,0.0,0.0
2023-03-10 13:30:00-05:00,3.049999952316284,3.049999952316284,3.049999952316284,3.049999952316284,2486,0.0,0.0
2023-03-10 14:30:00-05:00,3.049999952316284,3.049999952316284,3.009999990463257,3.0199999809265137,1730,0.0,0.0
2023-03-10 15:30:00-05:00,3.009999990463257,3.009999990463257,2.940000057220459,3.009999990463257,6616,0.0,0.0
2023-03-13 09:30:00-04:00,2.946899890899658,3.009999990463257,2.940000057220459,3.009999990463257,2914,0.0,0.0
2023-03-13 10:30:00-04:00,3.0590999126434326,3.0590999126434326,2.9200000762939453,2.944999933242798,1005,0.0,0.0
2023-03-13 11:30:00-04:00,2.944999933242798,2.967600107192993,2.9000000953674316,2.9000000953674316,5925,0.0,0.0
2023-03-13 12:30:00-04:00,2.930000066757202,2.950000047683716,2.9000000953674316,2.950000047683716,515,0.0,0.0
2023-03-13 13:30:00-04:00,2.8949999809265137,2.959700107574463,2.819999933242798,2.9200000762939453,7423,0.0,0.0
2023-03-13 14:30:00-04:00,2.819999933242798,2.9800000190734863,2.819999933242798,2.903700113296509,18027,0.0,0.0
2023-03-13 15:30:00-04:00,2.8650999069213867,2.9000000953674316,2.819999933242798,2.9000000953674316,951,0.0,0.0
2023-03-14 09:30:00-04:00,3.059999942779541,3.059999942779541,2.9577999114990234,2.9577999114990234,956,0.0,0.0
2023-03-14 10:30:00-04:00,2.9577999114990234,2.9700000286102295,2.9577999114990234,2.9700000286102295,266,0.0,0.0
2023-03-14 12:30:00-04:00,2.9000000953674316,2.91129994392395,2.799999952316284,2.799999952316284,11263,0.0,0.0
2023-03-14 13:30:00-04:00,2.7964000701904297,2.8397998809814453,2.7848000526428223,2.8397998809814453,4707,0.0,0.0
2023-03-14 15:30:00-04:00,2.799999952316284,2.859999895095825,2.7799999713897705,2.8499999046325684,0,0.0,0.0
2023-03-15 09:30:00-04:00,2.786600112915039,2.8299999237060547,2.750699996948242,2.8299999237060547,4105,0.0,0.0
2023-03-15 10:30:00-04:00,2.7715001106262207,2.799999952316284,2.7715001106262207,2.782399892807007,1877,0.0,0.0
2023-03-15 11:30:00-04:00,2.759999990463257,2.799999952316284,2.75,2.7850000858306885,2377,0.0,0.0
2023-03-15 12:30:00-04:00,2.759999990463257,2.8399999141693115,2.740000009536743,2.740000009536743,3674,0.0,0.0
2023-03-15 13:30:00-04:00,2.759999990463257,2.7799999713897705,2.740000009536743,2.740000009536743,2470,0.0,0.0
2023-03-15 14:30:00-04:00,2.741499900817871,2.765000104904175,2.741499900817871,2.765000104904175,200,0.0,0.0
2023-03-15 15:30:00-04:00,2.799999952316284,2.799999952316284,2.7300000190734863,2.755000114440918,1333,0.0,0.0
2023-03-16 09:30:00-04:00,2.754199981689453,2.754199981689453,2.5,2.6600000858306885,7265,0.0,0.0
2023-03-16 10:30:00-04:00,2.639899969100952,2.680000066757202,2.6301000118255615,2.680000066757202,2333,0.0,0.0
2023-03-16 11:30:00-04:00,2.6700000762939453,2.7100000381469727,2.6700000762939453,2.7100000381469727,1161,0.0,0.0
2023-03-16 12:30:00-04:00,2.7100000381469727,2.7100000381469727,2.7100000381469727,2.7100000381469727,798,0.0,0.0
2023-03-16 13:30:00-04:00,2.7200000286102295,2.740000009536743,2.7100000381469727,2.7395999431610107,1046,0.0,0.0
2023-03-16 14:30:00-04:00,2.694999933242798,2.740000009536743,2.694999933242798,2.740000009536743,674,0.0,0.0
2023-03-17 09:30:00-04:00,2.7300000190734863,2.950000047683716,2.630000114440918,2.8299999237060547,3460,0.0,0.0
2023-03-17 10:30:00-04:00,2.7246999740600586,2.7246999740600586,2.700000047683716,2.7076001167297363,1865,0.0,0.0
2023-03-17 11:30:00-04:00,2.700000047683716,2.8299999237060547,2.6500000953674316,2.7899999618530273,0,0.0,0.0
2023-03-17 12:30:00-04:00,2.737299919128418,2.737299919128418,2.737299919128418,2.737299919128418,27652,0.0,0.0
2023-03-17 13:30:00-04:00,2.700000047683716,2.7300000190734863,2.700000047683716,2.7300000190734863,825,0.0,0.0
2023-03-17 14:30:00-04:00,2.7298998832702637,2.809999942779541,2.6700000762939453,2.799999952316284,6192,0.0,0.0
2023-03-17 15:30:00-04:00,2.7899999618530273,2.799999952316284,2.7699999809265137,2.7699999809265137,1374,0.0,0.0
2023-03-20 09:30:00-04:00,2.740000009536743,2.8907999992370605,2.740000009536743,2.8691999912261963,0,0.0,0.0
2023-03-20 10:30:00-04:00,2.880000114440918,2.880000114440918,2.7699999809265137,2.8668999671936035,735,0.0,0.0
2023-03-20 12:30:00-04:00,2.7899999618530273,2.7899999618530273,2.7899999618530273,2.7899999618530273,211,0.0,0.0
2023-03-20 14:30:00-04:00,2.75,2.75,2.680000066757202,2.680000066757202,2543,0.0,0.0
2023-03-20 15:30:00-04:00,2.6600000858306885,2.700000047683716,2.6600000858306885,2.700000047683716,0,0.0,0.0
2023-03-21 09:30:00-04:00,2.700000047683716,2.759999990463257,2.630000114440918,2.7578001022338867,7234,0.0,0.0
2023-03-21 10:30:00-04:00,2.799999952316284,2.799999952316284,2.799999952316284,2.799999952316284,192,0.0,0.0
2023-03-21 11:30:00-04:00,2.6909000873565674,2.6909000873565674,2.6909000873565674,2.6909000873565674,542,0.0,0.0
2023-03-21 12:30:00-04:00,2.7144999504089355,2.799999952316284,2.7144999504089355,2.7300000190734863,1897,0.0,0.0
2023-03-21 13:30:00-04:00,2.740000009536743,2.7899999618530273,2.6700000762939453,2.7899999618530273,1847,0.0,0.0
2023-03-21 14:30:00-04:00,2.690000057220459,2.740000009536743,2.6800999641418457,2.740000009536743,5392,0.0,0.0
2023-03-21 15:30:00-04:00,2.7699999809265137,2.7699999809265137,2.759999990463257,2.7699999809265137,710,0.0,0.0
2023-03-22 09:30:00-04:00,2.7100000381469727,2.8183999061584473,2.7100000381469727,2.7899999618530273,0,0.0,0.0
2023-03-22 10:30:00-04:00,2.7100000381469727,2.8399999141693115,2.7100000381469727,2.7607998847961426,1383,0.0,0.0
2023-03-22 11:30:00-04:00,2.760699987411499,2.7950000762939453,2.740000009536743,2.7950000762939453,1586,0.0,0.0
2023-03-22 12:30:00-04:00,2.7699999809265137,2.859999895095825,2.7699999809265137,2.859999895095825,352,0.0,0.0
2023-03-22 15:30:00-04:00,2.809999942779541,2.880000114440918,2.7100000381469727,2.7100000381469727,2922,0.0,0.0
2023-03-23 09:30:00-04:00,2.761699914932251,2.831199884414673,2.700000047683716,2.799999952316284,760,0.0,0.0
2023-03-23 13:30:00-04:00,2.700000047683716,2.700000047683716,2.680000066757202,2.680000066757202,925,0.0,0.0
2023-03-23 14:30:00-04:00,2.688800096511841,2.688800096511841,2.609999895095825,2.634999990463257,3425,0.0,0.0
2023-03-23 15:30:00-04:00,2.680000066757202,2.690000057220459,2.6600000858306885,2.6600000858306885,0,0.0,0.0
2023-03-24 09:30:00-04:00,2.630000114440918,2.680000066757202,2.6001999378204346,2.6001999378204346,6935,0.0,0.0
2023-03-24 10:30:00-04:00,2.608599901199341,2.630000114440918,2.5999999046325684,2.617799997329712,1030,0.0,0.0
2023-03-24 11:30:00-04:00,2.6071999073028564,2.6071999073028564,2.6071999073028564,2.6071999073028564,386,0.0,0.0
2023-03-24 12:30:00-04:00,2.690000057220459,2.690000057220459,2.690000057220459,2.690000057220459,160,0.0,0.0
2023-03-24 13:30:00-04:00,2.6798999309539795,2.680000066757202,2.6798999309539795,2.680000066757202,4242,0.0,0.0
2023-03-27 09:30:00-04:00,2.680000066757202,2.680000066757202,2.569999933242798,2.5999999046325684,0,0.0,0.0
2023-03-27 10:30:00-04:00,2.569999933242798,2.5999999046325684,2.569999933242798,2.5999999046325684,711,0.0,0.0
2023-03-27 11:30:00-04:00,2.5999999046325684,2.5999999046325684,2.569999933242798,2.5899999141693115,2123,0.0,0.0
2023-03-27 12:30:00-04:00,2.5799999237060547,2.5999999046325684,2.5799999237060547,2.5999999046325684,855,0.0,0.0
2023-03-27 13:30:00-04:00,2.5799999237060547,2.5999999046325684,2.5799999237060547,2.5999999046325684,325,0.0,0.0
2023-03-27 14:30:00-04:00,2.5799999237060547,2.5850000381469727,2.5768001079559326,2.5850000381469727,681,0.0,0.0
2023-03-27 15:30:00-04:00,2.5799999237060547,2.5999999046325684,2.569999933242798,2.5999999046325684,0,0.0,0.0
2023-03-28 09:30:00-04:00,2.6840999126434326,2.6840999126434326,2.619999885559082,2.6549999713897705,870,0.0,0.0
2023-03-28 10:30:00-04:00,2.6700000762939453,2.6700000762939453,2.6700000762939453,2.6700000762939453,100,0.0,0.0
2023-03-28 11:30:00-04:00,2.619999885559082,2.619999885559082,2.5999999046325684,2.5999999046325684,936,0.0,0.0
2023-03-28 12:30:00-04:00,2.634999990463257,2.680000066757202,2.569999933242798,2.6761999130249023,1533,0.0,0.0
2023-03-28 13:30:00-04:00,2.680000066757202,2.680000066757202,2.6700000762939453,2.6767001152038574,336,0.0,0.0
2023-03-28 14:30:00-04:00,2.700000047683716,2.700000047683716,2.5899999141693115,2.6796000003814697,425,0.0,0.0
2023-03-28 15:30:00-04:00,2.6354000568389893,2.690000057220459,2.6354000568389893,2.690000057220459,0,0.0,0.0
2023-03-29 09:30:00-04:00,2.5999999046325684,2.5999999046325684,2.5899999141693115,2.5899999141693115,552,0.0,0.0
2023-03-29 10:30:00-04:00,2.610100030899048,2.619999885559082,2.5699000358581543,2.5699000358581543,2960,0.0,0.0
2023-03-29 11:30:00-04:00,2.559999942779541,2.609999895095825,2.559999942779541,2.6033999919891357,2062,0.0,0.0
2023-03-29 12:30:00-04:00,2.609999895095825,2.609999895095825,2.6080000400543213,2.6080000400543213,1304,0.0,0.0
2023-03-29 13:30:00-04:00,2.5899999141693115,2.5899999141693115,2.549999952316284,2.569999933242798,2100,0.0,0.0
2023-03-29 14:30:00-04:00,2.5920000076293945,2.609999895095825,2.5920000076293945,2.609999895095825,250,0.0,0.0
2023-03-29 15:30:00-04:00,2.609999895095825,2.609999895095825,2.609999895095825,2.609999895095825,119,0.0,0.0
2023-03-30 09:30:00-04:00,2.6366000175476074,2.6793999671936035,2.6366000175476074,2.6793999671936035,0,0.0,0.0
2023-03-30 10:30:00-04:00,2.6600000858306885,2.6600000858306885,2.5299999713897705,2.5299999713897705,1420,0.0,0.0
2023-03-30 11:30:00-04:00,2.5399999618530273,2.6600000858306885,2.5399999618530273,2.6600000858306885,1232,0.0,0.0
2023-03-30 12:30:00-04:00,2.6050000190734863,2.6050000190734863,2.6050000190734863,2.6050000190734863,407,0.0,0.0
2023-03-30 13:30:00-04:00,2.559999942779541,2.5950000286102295,2.548799991607666,2.5950000286102295,613,0.0,0.0
2023-03-30 14:30:00-04:00,2.619999885559082,2.619999885559082,2.6198999881744385,2.6198999881744385,1160,0.0,0.0
2023-03-30 15:30:00-04:00,2.540299892425537,2.5999999046325684,2.509999990463257,2.5999999046325684,4571,0.0,0.0
2023-03-31 09:30:00-04:00,2.6033999919891357,2.6600000858306885,2.598599910736084,2.6600000858306885,889,0.0,0.0
2023-03-31 10:30:00-04:00,2.619999885559082,2.619999885559082,2.619999885559082,2.619999885559082,637,0.0,0.0
2023-03-31 11:30:00-04:00,2.5799999237060547,2.619999885559082,2.549999952316284,2.559999942779541,2608,0.0,0.0
2023-03-31 12:30:00-04:00,2.5850000381469727,2.680000066757202,2.569999933242798,2.6700000762939453,17751,0.0,0.0
2023-03-31 14:30:00-04:00,2.675299882888794,2.680000066757202,2.675299882888794,2.680000066757202,230,0.0,0.0
2023-04-03 09:30:00-04:00,2.700000047683716,2.7699999809265137,2.690000057220459,2.6965999603271484,17368,0.0,0.0
2023-04-03 10:30:00-04:00,2.692199945449829,2.692199945449829,2.6500000953674316,2.6500000953674316,2719,0.0,0.0
2023-04-03 11:30:00-04:00,2.700000047683716,2.7100000381469727,2.684999942779541,2.690000057220459,4807,0.0,0.0
2023-04-03 12:30:00-04:00,2.6600000858306885,2.700000047683716,2.6600000858306885,2.700000047683716,792,0.0,0.0
2023-04-03 13:30:00-04:00,2.7149999141693115,2.7149999141693115,2.710099935531616,2.710099935531616,338,0.0,0.0
2023-04-03 14:30:00-04:00,2.7200000286102295,2.7636001110076904,2.710099935531616,2.7636001110076904,6452,0.0,0.0
2023-04-03 15:30:00-04:00,2.7699999809265137,2.8299999237060547,2.765000104904175,2.8299999237060547,0,0.0,0.0
2023-04-04 09:30:00-04:00,2.7100000381469727,2.839900016784668,2.7100000381469727,2.809299945831299,7191,0.0,0.0
2023-04-04 10:30:00-04:00,2.7799999713897705,2.8292999267578125,2.7799999713897705,2.8292999267578125,4971,0.0,0.0
2023-04-04 11:30:00-04:00,2.7799999713897705,2.805000066757202,2.7799999713897705,2.7911999225616455,1210,0.0,0.0
2023-04-04 12:30:00-04:00,2.8197999000549316,2.8197999000549316,2.75,2.75,1159,0.0,0.0
2023-04-04 13:30:00-04:00,2.748199939727783,2.748199939727783,2.7200000286102295,2.7446999549865723,1115,0.0,0.0
2023-04-04 14:30:00-04:00,2.720400094985962,2.8150999546051025,2.720400094985962,2.8150999546051025,1603,0.0,0.0
2023-04-04 15:30:00-04:00,2.7300000190734863,2.8299999237060547,2.7300000190734863,2.8299999237060547,791,0.0,0.0
2023-04-05 09:30:00-04:00,2.7699999809265137,2.8073999881744385,2.690000057220459,2.75,1822,0.0,0.0
2023-04-05 10:30:00-04:00,2.7300000190734863,2.75,2.7300000190734863,2.75,1140,0.0,0.0
2023-04-05 11:30:00-04:00,2.7149999141693115,2.75,2.680000066757202,2.75,1612,0.0,0.0
2023-04-05 12:30:00-04:00,2.7899999618530273,2.7899999618530273,2.7890000343322754,2.7890000343322754,940,0.0,0.0
2023-04-05 13:30:00-04:00,2.7290000915527344,2.7290000915527344,2.7200000286102295,2.7200000286102295,399,0.0,0.0
2023-04-05 14:30:00-04:00,2.759999990463257,2.759999990463257,2.7200000286102295,2.75,1017,0.0,0.0
2023-04-05 15:30:00-04:00,2.759999990463257,2.759999990463257,2.75,2.75,500,0.0,0.0
2023-04-06 09:30:00-04:00,2.7100000381469727,2.803999900817871,2.7100000381469727,2.803999900817871,1056,0.0,0.0
2023-04-06 10:30:00-04:00,2.7999000549316406,2.7999000549316406,2.759999990463257,2.759999990463257,515,0.0,0.0
2023-04-06 11:30:00-04:00,2.7699999809265137,2.7699999809265137,2.7699999809265137,2.7699999809265137,1000,0.0,0.0
2023-04-06 12:30:00-04:00,2.7286999225616455,2.7356998920440674,2.700000047683716,2.7356998920440674,800,0.0,0.0
2023-04-06 13:30:00-04:00,2.700000047683716,2.759999990463257,2.700000047683716,2.759999990463257,260,0.0,0.0
2023-04-06 14:30:00-04:00,2.740000009536743,2.748699903488159,2.6612000465393066,2.6612000465393066,5737,0.0,0.0
2023-04-06 15:30:00-04:00,2.7230000495910645,2.75,2.7230000495910645,2.75,662,0.0,0.0
2023-04-10 09:30:00-04:00,2.690000057220459,2.75,2.690000057220459,2.75,4641,0.0,0.0
2023-04-10 10:30:00-04:00,2.6600000858306885,2.75,2.6600000858306885,2.75,2775,0.0,0.0
2023-04-10 11:30:00-04:00,2.680000066757202,2.7290000915527344,2.680000066757202,2.680000066757202,1465,0.0,0.0
2023-04-10 12:30:00-04:00,2.690700054168701,2.75,2.6867001056671143,2.75,692,0.0,0.0
2023-04-10 13:30:00-04:00,2.75,2.75,2.75,2.75,300,0.0,0.0
2023-04-10 14:30:00-04:00,2.745800018310547,2.7699999809265137,2.745800018310547,2.7699999809265137,1201,0.0,0.0
2023-04-10 15:30:00-04:00,2.7699999809265137,2.7699999809265137,2.7699999809265137,2.7699999809265137,0,0.0,0.0
2023-04-11 09:30:00-04:00,2.7701001167297363,2.7788000106811523,2.6600000858306885,2.740000009536743,2526,0.0,0.0
2023-04-11 12:30:00-04:00,2.7100000381469727,2.740000009536743,2.700000047683716,2.740000009536743,2018,0.0,0.0
2023-04-11 13:30:00-04:00,2.7699999809265137,2.7699999809265137,2.7699999809265137,2.7699999809265137,152,0.0,0.0
2023-04-11 15:30:00-04:00,2.75,2.75,2.75,2.75,0,0.0,0.0
2023-04-12 09:30:00-04:00,2.7481000423431396,2.7481000423431396,2.664900064468384,2.7300000190734863,841,0.0,0.0
2023-04-12 10:30:00-04:00,2.753999948501587,2.755000114440918,2.7049999237060547,2.755000114440918,1738,0.0,0.0
2023-04-12 13:30:00-04:00,2.7300000190734863,2.740000009536743,2.7300000190734863,2.740000009536743,954,0.0,0.0
2023-04-12 14:30:00-04:00,2.680000066757202,2.75,2.6600000858306885,2.7100000381469727,0,0.0,0.0
2023-04-13 09:30:00-04:00,2.722100019454956,2.722100019454956,2.7100000381469727,2.7200000286102295,533,0.0,0.0
2023-04-13 10:30:00-04:00,2.7200000286102295,2.738800048828125,2.6500000953674316,2.7149999141693115,4673,0.0,0.0
2023-04-13 11:30:00-04:00,2.7300000190734863,2.75,2.700000047683716,2.75,4070,0.0,0.0
2023-04-13 13:30:00-04:00,2.7699999809265137,2.7701001167297363,2.7200000286102295,2.7200000286102295,2847,0.0,0.0
2023-04-13 14:30:00-04:00,2.7200000286102295,2.7286999225616455,2.7200000286102295,2.7286999225616455,0,0.0,0.0
2023-04-14 09:30:00-04:00,2.7300000190734863,2.7999000549316406,2.7300000190734863,2.7899999618530273,12787,0.0,0.0
2023-04-14 10:30:00-04:00,2.7899999618530273,2.7899999618530273,2.7699999809265137,2.7699999809265137,3553,0.0,0.0
2023-04-14 11:30:00-04:00,2.7899999618530273,2.7899999618530273,2.740000009536743,2.7899999618530273,1675,0.0,0.0
2023-04-14 12:30:00-04:00,2.7578999996185303,2.7899999618530273,2.7578999996185303,2.7899999618530273,292,0.0,0.0
2023-04-14 14:30:00-04:00,2.7899999618530273,2.819999933242798,2.7899999618530273,2.815000057220459,8294,0.0,0.0
2023-04-14 15:30:00-04:00,2.802799940109253,2.8299999237060547,2.799999952316284,2.8299999237060547,1555,0.0,0.0
2023-04-17 09:30:00-04:00,2.8299999237060547,2.8299999237060547,2.759999990463257,2.7899999618530273,2518,0.0,0.0
2023-04-17 10:30:00-04:00,2.759999990463257,2.759999990463257,2.75,2.75,1526,0.0,0.0
2023-04-17 11:30:00-04:00,2.7298998832702637,2.759999990463257,2.7200000286102295,2.759999990463257,5058,0.0,0.0
2023-04-17 12:30:00-04:00,2.774399995803833,2.774399995803833,2.774399995803833,2.774399995803833,577,0.0,0.0
2023-04-17 13:30:00-04:00,2.75,2.7699999809265137,2.75,2.7699999809265137,235,0.0,0.0
2023-04-17 14:30:00-04:00,2.75,2.7699999809265137,2.75,2.7699999809265137,2240,0.0,0.0
2023-04-17 15:30:00-04:00,2.7527999877929688,2.755000114440918,2.75,2.755000114440918,0,0.0,0.0
2023-04-18 09:30:00-04:00,2.7200000286102295,2.759999990463257,2.7200000286102295,2.7200000286102295,1287,0.0,0.0
2023-04-18 10:30:00-04:00,2.759999990463257,2.765000104904175,2.759999990463257,2.7600998878479004,2023,0.0,0.0
2023-04-18 11:30:00-04:00,2.759999990463257,2.759999990463257,2.759999990463257,2.759999990463257,1893,0.0,0.0
2023-04-18 13:30:00-04:00,2.720099925994873,2.720099925994873,2.720099925994873,2.720099925994873,1000,0.0,0.0
2023-04-18 14:30:00-04:00,2.7300000190734863,2.734999895095825,2.7200000286102295,2.734999895095825,1934,0.0,0.0
2023-04-18 15:30:00-04:00,2.7195000648498535,2.7195000648498535,2.7195000648498535,2.7195000648498535,0,0.0,0.0
2023-04-19 09:30:00-04:00,2.7100000381469727,2.7100000381469727,2.6600000858306885,2.6600000858306885,666,0.0,0.0
2023-04-19 10:30:00-04:00,2.6600000858306885,2.6600000858306885,2.6600000858306885,2.6600000858306885,638,0.0,0.0
2023-04-19 12:30:00-04:00,2.673799991607666,2.680000066757202,2.673799991607666,2.680000066757202,380,0.0,0.0
2023-04-19 13:30:00-04:00,2.690000057220459,2.699899911880493,2.680000066757202,2.680000066757202,4047,0.0,0.0
2023-04-19 14:30:00-04:00,2.6875998973846436,2.6875998973846436,2.6875998973846436,2.6875998973846436,100,0.0,0.0
2023-04-19 15:30:00-04:00,2.690000057220459,2.690000057220459,2.690000057220459,2.690000057220459,101,0.0,0.0
2023-04-20 09:30:00-04:00,2.6649999618530273,2.6649999618530273,2.6649999618530273,2.6649999618530273,0,0.0,0.0
2023-04-20 10:30:00-04:00,2.6600000858306885,2.680000066757202,2.6600000858306885,2.680000066757202,3229,0.0,0.0
2023-04-20 11:30:00-04:00,2.6800999641418457,2.690000057220459,2.6800999641418457,2.690000057220459,2323,0.0,0.0
2023-04-20 12:30:00-04:00,2.694999933242798,2.700000047683716,2.694999933242798,2.700000047683716,892,0.0,0.0
2023-04-20 13:30:00-04:00,2.690000057220459,2.7072999477386475,2.690000057220459,2.690000057220459,5008,0.0,0.0
2023-04-20 14:30:00-04:00,2.700000047683716,2.7191998958587646,2.700000047683716,2.7191998958587646,206,0.0,0.0
2023-04-20 15:30:00-04:00,2.680000066757202,2.694999933242798,2.680000066757202,2.694999933242798,649,0.0,0.0
2023-04-21 09:30:00-04:00,2.680000066757202,2.700000047683716,2.680000066757202,2.700000047683716,1822,0.0,0.0
2023-04-21 10:30:00-04:00,2.7100000381469727,2.740000009536743,2.7100000381469727,2.7300000190734863,0,0.0,0.0
2023-04-21 11:30:00-04:00,2.734999895095825,2.734999895095825,2.690000057220459,2.690000057220459,13587,0.0,0.0
2023-04-21 12:30:00-04:00,2.690000057220459,2.713599920272827,2.690000057220459,2.713599920272827,353,0.0,0.0
2023-04-21 13:30:00-04:00,2.690000057220459,2.7100000381469727,2.690000057220459,2.7100000381469727,206,0.0,0.0
2023-04-21 14:30:00-04:00,2.7281999588012695,2.7281999588012695,2.690000057220459,2.690000057220459,665,0.0,0.0
2023-04-21 15:30:00-04:00,2.690000057220459,2.740000009536743,2.690000057220459,2.7399001121520996,0,0.0,0.0
2023-04-24 09:30:00-04:00,2.7200000286102295,2.7300000190734863,2.7200000286102295,2.7200000286102295,4435,0.0,0.0
2023-04-24 10:30:00-04:00,2.7490999698638916,2.75,2.740000009536743,2.740000009536743,6388,0.0,0.0
2023-04-24 11:30:00-04:00,2.755000114440918,2.755000114440918,2.755000114440918,2.755000114440918,0,0.0,0.0
2023-04-24 14:30:00-04:00,2.755000114440918,2.755000114440918,2.755000114440918,2.755000114440918,0,0.0,0.0
2023-04-24 15:30:00-04:00,2.75,2.755000114440918,2.740000009536743,2.740000009536743,12894,0.0,0.0
2023-04-25 09:30:00-04:00,2.700000047683716,2.700000047683716,2.6500000953674316,2.650099992752075,5277,0.0,0.0
2023-04-25 10:30:00-04:00,2.6998000144958496,2.7100000381469727,2.6998000144958496,2.7100000381469727,4548,0.0,0.0
2023-04-25 11:30:00-04:00,2.700000047683716,2.700000047683716,2.700000047683716,2.700000047683716,0,0.0,0.0
2023-04-25 12:30:00-04:00,2.700000047683716,2.700000047683716,2.700000047683716,2.700000047683716,13679,0.0,0.0
2023-04-25 13:30:00-04:00,2.680000066757202,2.694999933242798,2.680000066757202,2.694999933242798,327,0.0,0.0
2023-04-25 15:30:00-04:00,2.680000066757202,2.680000066757202,2.680000066757202,2.680000066757202,0,0.0,0.0
2023-04-26 09:30:00-04:00,2.6500000953674316,2.6500000953674316,2.5999999046325684,2.609999895095825,6549,0.0,0.0
2023-04-26 10:30:00-04:00,2.5999999046325684,2.5999999046325684,2.569999933242798,2.569999933242798,9951,0.0,0.0
2023-04-26 11:30:00-04:00,2.569999933242798,2.569999933242798,2.569999933242798,2.569999933242798,1309,0.0,0.0
2023-04-26 13:30:00-04:00,2.5780999660491943,2.579900026321411,2.5701000690460205,2.5701000690460205,1679,0.0,0.0
2023-04-26 14:30:00-04:00,2.569999933242798,2.5799999237060547,2.569999933242798,2.575000047683716,543,0.0,0.0
2023-04-26 15:30:00-04:00,2.5799999237060547,2.5799999237060547,2.5799999237060547,2.5799999237060547,0,0.0,0.0
2023-04-27 09:30:00-04:00,2.5799999237060547,2.5899999141693115,2.5799999237060547,2.5899999141693115,3146,0.0,0.0
2023-04-27 10:30:00-04:00,2.5899999141693115,2.5899999141693115,2.569999933242798,2.5899999141693115,370,0.0,0.0
2023-04-27 11:30:00-04:00,2.5899999141693115,2.5899999141693115,2.5799999237060547,2.5799999237060547,1908,0.0,0.0
2023-04-27 13:30:00-04:00,2.588099956512451,2.588099956512451,2.569999933242798,2.5873000621795654,964,0.0,0.0
2023-04-27 14:30:00-04:00,2.5899999141693115,2.5899999141693115,2.5899999141693115,2.5899999141693115,427,0.0,0.0
2023-04-27 15:30:00-04:00,2.5899999141693115,2.5899999141693115,2.569999933242798,2.575000047683716,0,0.0,0.0
2023-04-28 09:30:00-04:00,2.5999999046325684,2.640000104904175,2.5999999046325684,2.640000104904175,2881,0.0,0.0
2023-04-28 10:30:00-04:00,2.630000114440918,2.630000114440918,2.6098999977111816,2.609999895095825,3485,0.0,0.0
2023-04-28 12:30:00-04:00,2.5999999046325684,2.640000104904175,2.5999999046325684,2.640000104904175,1420,0.0,0.0
2023-04-28 13:30:00-04:00,2.619999885559082,2.6898999214172363,2.619999885559082,2.6707000732421875,11084,0.0,0.0
2023-04-28 14:30:00-04:00,2.680000066757202,2.7293999195098877,2.6649999618530273,2.7293999195098877,5600,0.0,0.0
2023-04-28 15:30:00-04:00,2.7291998863220215,2.7300000190734863,2.640000104904175,2.7100000381469727,20933,0.0,0.0
2023-05-01 09:30:00-04:00,2.7300000190734863,2.7300000190734863,2.690000057220459,2.7300000190734863,0,0.0,0.0
2023-05-01 10:30:00-04:00,2.640000104904175,2.640000104904175,2.640000104904175,2.640000104904175,5297,0.0,0.0
2023-05-01 11:30:00-04:00,2.690000057220459,2.690000057220459,2.690000057220459,2.690000057220459,177,0.0,0.0
2023-05-01 12:30:00-04:00,2.6858999729156494,2.7300000190734863,2.640000104904175,2.690000057220459,18536,0.0,0.0
2023-05-01 13:30:00-04:00,2.7100000381469727,2.7499001026153564,2.7100000381469727,2.734999895095825,3805,0.0,0.0
2023-05-01 14:30:00-04:00,2.7200000286102295,2.7597999572753906,2.6963999271392822,2.7597999572753906,8600,0.0,0.0
2023-05-01 15:30:00-04:00,2.75,2.8092000484466553,2.740000009536743,2.799999952316284,22699,0.0,0.0
2023-05-02 09:30:00-04:00,2.8299999237060547,2.930000066757202,2.759999990463257,2.8299999237060547,34862,0.0,0.0
2023-05-02 10:30:00-04:00,2.809999942779541,2.890000104904175,2.734999895095825,2.734999895095825,13802,0.0,0.0
2023-05-02 11:30:00-04:00,2.7697999477386475,2.7699999809265137,2.718600034713745,2.75,6196,0.0,0.0
2023-05-02 12:30:00-04:00,2.75,2.799999952316284,2.7400999069213867,2.799999952316284,1210,0.0,0.0
2023-05-02 13:30:00-04:00,2.799999952316284,2.799999952316284,2.799999952316284,2.799999952316284,0,0.0,0.0
2023-05-02 14:30:00-04:00,2.799999952316284,2.890000104904175,2.799999952316284,2.840100049972534,62664,0.0,0.0
2023-05-02 15:30:00-04:00,2.8399999141693115,2.8499999046325684,2.809999942779541,2.809999942779541,0,0.0,0.0
2023-05-03 09:30:00-04:00,2.8299999237060547,2.869999885559082,2.8299999237060547,2.8299999237060547,2090,0.0,0.0
2023-05-03 10:30:00-04:00,2.8499999046325684,2.8499999046325684,2.824399948120117,2.8406999111175537,1132,0.0,0.0
2023-05-03 11:30:00-04:00,2.819999933242798,2.819999933242798,2.75,2.7799999713897705,5431,0.0,0.0
2023-05-03 12:30:00-04:00,2.759999990463257,2.8475000858306885,2.75,2.8475000858306885,1642,0.0,0.0
2023-05-03 13:30:00-04:00,2.759999990463257,2.8276000022888184,2.759999990463257,2.8276000022888184,650,0.0,0.0
2023-05-03 14:30:00-04:00,2.795300006866455,2.799999952316284,2.795300006866455,2.799999952316284,2327,0.0,0.0
2023-05-03 15:30:00-04:00,2.799999952316284,2.8399999141693115,2.799999952316284,2.819999933242798,1825,0.0,0.0
2023-05-04 09:30:00-04:00,2.652400016784668,2.806299924850464,2.652400016784668,2.806299924850464,5321,0.0,0.0
2023-05-04 10:30:00-04:00,2.75,3.109999895095825,2.75,3.02020001411438,36852,0.0,0.0
2023-05-04 11:30:00-04:00,3.049999952316284,3.059999942779541,2.990000009536743,3.0199999809265137,13074,0.0,0.0
2023-05-04 12:30:00-04:00,3.0,3.0274999141693115,2.920099973678589,2.990000009536743,13006,0.0,0.0
2023-05-04 13:30:00-04:00,3.0,3.0,3.0,3.0,1775,0.0,0.0
2023-05-04 14:30:00-04:00,2.9649999141693115,3.0,2.9649999141693115,3.0,1353,0.0,0.0
2023-05-04 15:30:00-04:00,3.0399999618530273,3.059999942779541,3.009999990463257,3.009999990463257,3146,0.0,0.0
2023-05-05 09:30:00-04:00,3.059999942779541,3.130000114440918,2.9549999237060547,3.055000066757202,28799,0.0,0.0
2023-05-05 10:30:00-04:00,3.009999990463257,3.009999990463257,2.8201000690460205,2.9800000190734863,6903,0.0,0.0
2023-05-05 11:30:00-04:00,2.9800000190734863,2.9800000190734863,2.9000000953674316,2.940000057220459,0,0.0,0.0
2023-05-05 12:30:00-04:00,2.9100000858306885,2.9100000858306885,2.9100000858306885,2.9100000858306885,42858,0.0,0.0
2023-05-05 13:30:00-04:00,2.8701000213623047,2.9000000953674316,2.869999885559082,2.880000114440918,2981,0.0,0.0
2023-05-05 14:30:00-04:00,2.884999990463257,2.884999990463257,2.859999895095825,2.862499952316284,927,0.0,0.0
2023-05-05 15:30:00-04:00,2.869999885559082,2.9600000381469727,2.8399999141693115,2.9600000381469727,7429,0.0,0.0
2023-05-08 09:30:00-04:00,2.9000000953674316,2.930000066757202,2.869499921798706,2.930000066757202,15818,0.0,0.0
2023-05-08 10:30:00-04:00,2.9800000190734863,2.9800000190734863,2.9800000190734863,2.9800000190734863,1793,0.0,0.0
2023-05-08 11:30:00-04:00,2.984999895095825,3.0278000831604004,2.984999895095825,3.0278000831604004,1414,0.0,0.0
2023-05-08 12:30:00-04:00,2.986299991607666,2.986299991607666,2.940000057220459,2.9800000190734863,0,0.0,0.0
2023-05-08 13:30:00-04:00,2.990000009536743,2.994999885559082,2.940000057220459,2.940000057220459,23688,0.0,0.0
2023-05-08 14:30:00-04:00,2.9200000762939453,2.9379000663757324,2.9200000762939453,2.9379000663757324,1655,0.0,0.0
2023-05-08 15:30:00-04:00,2.930000066757202,2.9398000240325928,2.890000104904175,2.9200000762939453,0,0.0,0.0
2023-05-09 09:30:00-04:00,2.9000000953674316,2.9200000762939453,2.8499999046325684,2.9200000762939453,7324,0.0,0.0
2023-05-09 10:30:00-04:00,2.8399999141693115,2.8499999046325684,2.8299999237060547,2.8399999141693115,1716,0.0,0.0
2023-05-09 12:30:00-04:00,2.9200000762939453,2.9200000762939453,2.9000000953674316,2.9000000953674316,2066,0.0,0.0
2023-05-09 13:30:00-04:00,2.990000009536743,2.990000009536743,2.990000009536743,2.990000009536743,130,0.0,0.0
2023-05-09 14:30:00-04:00,2.9442999362945557,3.0,2.9442999362945557,3.0,3439,0.0,0.0
2023-05-09 15:30:00-04:00,2.9800000190734863,3.0199999809265137,2.9700000286102295,2.994999885559082,13672,0.0,0.0
2023-05-10 09:30:00-04:00,2.990000009536743,2.9911999702453613,2.869999885559082,2.990600109100342,3215,0.0,0.0
2023-05-10 10:30:00-04:00,2.950000047683716,2.9700000286102295,2.950000047683716,2.9700000286102295,3615,0.0,0.0
2023-05-10 11:30:00-04:00,2.9700000286102295,3.0199999809265137,2.966200113296509,3.0099000930786133,0,0.0,0.0
2023-05-10 12:30:00-04:00,2.9800000190734863,2.9800000190734863,2.9800000190734863,2.9800000190734863,14313,0.0,0.0
2023-05-10 14:30:00-04:00,2.9358999729156494,2.9800000190734863,2.9358999729156494,2.950000047683716,2909,0.0,0.0
2023-05-10 15:30:00-04:00,2.9400999546051025,2.9700000286102295,2.940000057220459,2.9700000286102295,0,0.0,0.0
2023-05-11 09:30:00-04:00,2.9460999965667725,2.9700000286102295,2.9460999965667725,2.9700000286102295,1512,0.0,0.0
2023-05-11 10:30:00-04:00,2.950000047683716,2.9695000648498535,2.940000057220459,2.9695000648498535,1046,0.0,0.0
2023-05-11 11:30:00-04:00,2.940000057220459,2.9400999546051025,2.940000057220459,2.940000057220459,6963,0.0,0.0
2023-05-11 12:30:00-04:00,2.95770001411438,2.9600000381469727,2.940000057220459,2.940000057220459,0,0.0,0.0
2023-05-11 13:30:00-04:00,2.940200090408325,3.009999990463257,2.940000057220459,3.009999990463257,17652,0.0,0.0
2023-05-11 14:30:00-04:00,3.0,3.0199999809265137,3.0,3.0199999809265137,1678,0.0,0.0
2023-05-12 09:30:00-04:00,2.9100000858306885,3.0,2.9000000953674316,3.0,0,0.0,0.0
2023-05-12 10:30:00-04:00,2.9800000190734863,2.9800000190734863,2.869999885559082,2.932300090789795,2206,0.0,0.0
2023-05-12 11:30:00-04:00,2.9149999618530273,2.950000047683716,2.9112000465393066,2.950000047683716,800,0.0,0.0
2023-05-12 12:30:00-04:00,2.950000047683716,2.9746999740600586,2.950000047683716,2.974600076675415,800,0.0,0.0
2023-05-12 13:30:00-04:00,2.950000047683716,2.9800000190734863,2.950000047683716,2.9800000190734863,1955,0.0,0.0
2023-05-12 14:30:00-04:00,2.950000047683716,2.9809999465942383,2.950000047683716,2.9742000102996826,5246,0.0,0.0
2023-05-12 15:30:00-04:00,2.950000047683716,2.9700000286102295,2.950000047683716,2.9700000286102295,2820,0.0,0.0
2023-05-15 09:30:00-04:00,2.9600000381469727,2.9600000381469727,2.9600000381469727,2.9600000381469727,0,0.0,0.0
2023-05-15 10:30:00-04:00,2.9600000381469727,2.960200071334839,2.930000066757202,2.940000057220459,2121,0.0,0.0
2023-05-15 11:30:00-04:00,2.9423000812530518,2.9700000286102295,2.9423000812530518,2.9700000286102295,2209,0.0,0.0
2023-05-15 12:30:00-04:00,2.9600000381469727,2.9800000190734863,2.9600000381469727,2.970099925994873,4346,0.0,0.0
2023-05-15 13:30:00-04:00,2.9049999713897705,2.9727001190185547,2.9049999713897705,2.9727001190185547,5706,0.0,0.0
2023-05-15 14:30:00-04:00,2.950000047683716,2.9800000190734863,2.940000057220459,2.9800000190734863,1503,0.0,0.0
2023-05-15 15:30:00-04:00,2.950000047683716,2.9600000381469727,2.940000057220459,2.950000047683716,1126,0.0,0.0
2023-05-16 09:30:00-04:00,3.009999990463257,3.0201001167297363,2.9600000381469727,2.9800000190734863,7335,0.0,0.0
2023-05-16 10:30:00-04:00,2.978300094604492,2.990000009536743,2.9749999046325684,2.990000009536743,8077,0.0,0.0
2023-05-16 11:30:00-04:00,3.0,3.005000114440918,2.869999885559082,3.0000998973846436,4041,0.0,0.0
2023-05-16 12:30:00-04:00,2.9700000286102295,3.059999942779541,2.9700000286102295,3.0399999618530273,17380,0.0,0.0
2023-05-16 13:30:00-04:00,3.0387001037597656,3.059999942779541,3.0387001037597656,3.049999952316284,8327,0.0,0.0
2023-05-16 15:30:00-04:00,3.049999952316284,3.049999952316284,3.0199999809265137,3.0199999809265137,0,0.0,0.0
2023-05-17 09:30:00-04:00,3.069999933242798,3.069999933242798,3.009999990463257,3.009999990463257,2918,0.0,0.0
2023-05-17 10:30:00-04:00,3.0299999713897705,3.0299999713897705,3.0299999713897705,3.0299999713897705,743,0.0,0.0
2023-05-17 11:30:00-04:00,3.0299999713897705,3.0299999713897705,2.9800000190734863,3.0255000591278076,565,0.0,0.0
2023-05-17 12:30:00-04:00,3.0272998809814453,3.0272998809814453,3.0272998809814453,3.0272998809814453,280,0.0,0.0
2023-05-17 13:30:00-04:00,3.0302999019622803,3.0399999618530273,3.0280001163482666,3.0280001163482666,755,0.0,0.0
2023-05-17 14:30:00-04:00,3.027600049972534,3.0360000133514404,3.0199999809265137,3.0299999713897705,3632,0.0,0.0
2023-05-17 15:30:00-04:00,3.0299999713897705,3.0399999618530273,3.0299999713897705,3.0399999618530273,0,0.0,0.0
2023-05-18 09:30:00-04:00,3.0,3.0343000888824463,3.0,3.0299999713897705,1466,0.0,0.0
2023-05-18 11:30:00-04:00,3.0199999809265137,3.043800115585327,3.0197999477386475,3.043800115585327,1222,0.0,0.0
2023-05-18 12:30:00-04:00,3.049999952316284,3.049999952316284,3.0299999713897705,3.0299999713897705,1149,0.0,0.0
2023-05-18 13:30:00-04:00,3.0199999809265137,3.0299999713897705,3.009999990463257,3.0199999809265137,0,0.0,0.0
2023-05-18 14:30:00-04:00,3.0299999713897705,3.0299999713897705,3.0299999713897705,3.0299999713897705,5051,0.0,0.0
2023-05-18 15:30:00-04:00,3.009999990463257,3.0299999713897705,3.009999990463257,3.0199999809265137,0,0.0,0.0
2023-05-19 09:30:00-04:00,3.0,3.0199999809265137,2.921999931335449,2.990000009536743,3200,0.0,0.0
2023-05-19 10:30:00-04:00,2.950000047683716,3.0,2.950000047683716,2.994999885559082,4926,0.0,0.0
2023-05-19 11:30:00-04:00,2.950000047683716,2.984999895095825,2.950000047683716,2.984999895095825,1787,0.0,0.0
2023-05-19 12:30:00-04:00,2.9800000190734863,2.9800000190734863,2.9800000190734863,2.9800000190734863,123,0.0,0.0
2023-05-19 14:30:00-04:00,2.950000047683716,2.950000047683716,2.940000057220459,2.950000047683716,1897,0.0,0.0
2023-05-19 15:30:00-04:00,2.9100000858306885,2.9200000762939453,2.9000000953674316,2.9200000762939453,0,0.0,0.0
2023-05-22 09:30:00-04:00,2.990000009536743,3.0,2.990000009536743,2.990000009536743,1407,0.0,0.0
2023-05-22 10:30:00-04:00,2.9971001148223877,2.9971001148223877,2.990000009536743,2.990000009536743,200,0.0,0.0
2023-05-22 11:30:00-04:00,2.990000009536743,2.9900999069213867,2.956199884414673,2.990000009536743,5741,0.0,0.0
2023-05-22 12:30:00-04:00,3.009700059890747,3.0099000930786133,3.0,3.0,1933,0.0,0.0
2023-05-22 15:30:00-04:00,2.9800000190734863,3.0,2.9800000190734863,3.0,639,0.0,0.0
2023-05-23 09:30:00-04:00,2.950000047683716,2.9800000190734863,2.950000047683716,2.9800000190734863,0,0.0,0.0
2023-05-23 10:30:00-04:00,2.9600000381469727,2.9749999046325684,2.950000047683716,2.9567999839782715,3037,0.0,0.0
2023-05-23 11:30:00-04:00,2.9700000286102295,2.9700000286102295,2.940000057220459,2.9600000381469727,1485,0.0,0.0
2023-05-23 12:30:00-04:00,2.950000047683716,2.950000047683716,2.950000047683716,2.950000047683716,228,0.0,0.0
2023-05-23 13:30:00-04:00,2.9600000381469727,2.9700000286102295,2.950000047683716,2.950000047683716,1723,0.0,0.0
2023-05-23 14:30:00-04:00,2.9686999320983887,2.9686999320983887,2.9686999320983887,2.9686999320983887,110,0.0,0.0
2023-05-23 15:30:00-04:00,2.950000047683716,2.950000047683716,2.950000047683716,2.950000047683716,0,0.0,0.0
2023-05-24 09:30:00-04:00,2.950000047683716,2.950000047683716,2.950000047683716,2.950000047683716,215,0.0,0.0
2023-05-24 10:30:00-04:00,2.9100000858306885,2.9100000858306885,2.9100000858306885,2.9100000858306885,100,0.0,0.0
2023-05-24 11:30:00-04:00,2.938999891281128,2.9700000286102295,2.938999891281128,2.9700000286102295,7505,0.0,0.0
2023-05-24 12:30:00-04:00,2.9800000190734863,2.990000009536743,2.9800000190734863,2.990000009536743,200,0.0,0.0
2023-05-24 13:30:00-04:00,2.9760000705718994,2.9876999855041504,2.9702999591827393,2.9876999855041504,800,0.0,0.0
2023-05-24 14:30:00-04:00,2.9700000286102295,2.9876999855041504,2.9700000286102295,2.9876999855041504,212,0.0,0.0
2023-05-24 15:30:00-04:00,2.9700000286102295,2.9899001121520996,2.9700000286102295,2.9700000286102295,0,0.0,0.0
2023-05-25 09:30:00-04:00,2.930000066757202,2.9488000869750977,2.9100000858306885,2.940000057220459,7706,0.0,0.0
2023-05-25 10:30:00-04:00,2.9489998817443848,2.9489998817443848,2.940000057220459,2.9400999546051025,2953,0.0,0.0
2023-05-25 11:30:00-04:00,2.930000066757202,2.944999933242798,2.9291999340057373,2.940000057220459,1412,0.0,0.0
2023-05-25 12:30:00-04:00,2.9700000286102295,2.9700000286102295,2.940000057220459,2.958699941635132,1700,0.0,0.0
2023-05-25 13:30:00-04:00,2.940000057220459,2.940000057220459,2.940000057220459,2.940000057220459,0,0.0,0.0
2023-05-25 14:30:00-04:00,2.9026999473571777,2.954900026321411,2.9000000953674316,2.954900026321411,22025,0.0,0.0
2023-05-25 15:30:00-04:00,2.9000000953674316,2.934499979019165,2.9000000953674316,2.934499979019165,292,0.0,0.0
2023-05-26 09:30:00-04:00,2.9000000953674316,2.940000057220459,2.890000104904175,2.940000057220459,0,0.0,0.0
2023-05-26 10:30:00-04:00,2.9200000762939453,2.950000047683716,2.9200000762939453,2.950000047683716,3428,0.0,0.0
2023-05-26 11:30:00-04:00,2.950000047683716,2.9700000286102295,2.950000047683716,2.9700000286102295,3814,0.0,0.0
2023-05-26 12:30:00-04:00,2.9602999687194824,2.9800000190734863,2.960099935531616,2.9800000190734863,610,0.0,0.0
2023-05-26 13:30:00-04:00,2.9749999046325684,2.976300001144409,2.9600000381469727,2.976300001144409,1118,0.0,0.0
2023-05-26 14:30:00-04:00,2.9800000190734863,2.9800000190734863,2.950000047683716,2.950200080871582,6400,0.0,0.0
2023-05-26 15:30:00-04:00,2.9516000747680664,2.9663000106811523,2.950000047683716,2.9663000106811523,2932,0.0,0.0
2023-05-30 09:30:00-04:00,2.974600076675415,2.9800000190734863,2.869999885559082,2.9000000953674316,14004,0.0,0.0
2023-05-30 10:30:00-04:00,2.9000000953674316,2.9210000038146973,2.9000000953674316,2.9210000038146973,4560,0.0,0.0
2023-05-30 11:30:00-04:00,2.9202001094818115,2.950000047683716,2.9202001094818115,2.950000047683716,845,0.0,0.0
2023-05-30 12:30:00-04:00,2.950000047683716,2.950000047683716,2.950000047683716,2.950000047683716,100,0.0,0.0
2023-05-30 13:30:00-04:00,2.924999952316284,2.940000057220459,2.9000000953674316,2.9000000953674316,6570,0.0,0.0
2023-05-30 14:30:00-04:00,2.9149999618530273,2.9149999618530273,2.9149999618530273,2.9149999618530273,305,0.0,0.0
2023-05-30 15:30:00-04:00,2.928800106048584,2.928800106048584,2.928800106048584,2.928800106048584,0,0.0,0.0
2023-05-31 09:30:00-04:00,2.9000000953674316,2.9200000762939453,2.9000000953674316,2.9200000762939453,782,0.0,0.0
2023-05-31 10:30:00-04:00,2.880000114440918,2.9100000858306885,2.880000114440918,2.880000114440918,3864,0.0,0.0
2023-05-31 11:30:00-04:00,2.9000000953674316,2.9000000953674316,2.880000114440918,2.8947999477386475,410,0.0,0.0
2023-05-31 12:30:00-04:00,2.9017999172210693,2.9017999172210693,2.9017999172210693,2.9017999172210693,182,0.0,0.0
2023-05-31 13:30:00-04:00,2.9000000953674316,2.9000000953674316,2.890000104904175,2.899899959564209,1779,0.0,0.0
2023-05-31 14:30:00-04:00,2.9000000953674316,2.9000000953674316,2.890000104904175,2.899199962615967,614,0.0,0.0
2023-05-31 15:30:00-04:00,2.9000000953674316,2.9000000953674316,2.890000104904175,2.8980000019073486,751,0.0,0.0
2023-06-01 09:30:00-04:00,2.880000114440918,2.9000000953674316,2.8499999046325684,2.859999895095825,13820,0.0,0.0
2023-06-01 10:30:00-04:00,2.867500066757202,2.867500066757202,2.799999952316284,2.819000005722046,7277,0.0,0.0
2023-06-01 11:30:00-04:00,2.799999952316284,2.799999952316284,2.680000066757202,2.7365000247955322,5598,0.0,0.0
2023-06-01 12:30:00-04:00,2.680000066757202,2.734999895095825,2.619999885559082,2.680000066757202,7985,0.0,0.0
2023-06-01 13:30:00-04:00,2.680000066757202,2.691800117492676,2.619999885559082,2.6649999618530273,6808,0.0,0.0
2023-06-01 14:30:00-04:00,2.65339994430542,2.690000057220459,2.630000114440918,2.666300058364868,3862,0.0,0.0
2023-06-01 15:30:00-04:00,2.6700000762939453,2.7100000381469727,2.6700000762939453,2.7100000381469727,0,0.0,0.0
2023-06-02 09:30:00-04:00,2.744999885559082,2.744999885559082,2.744999885559082,2.744999885559082,285,0.0,0.0
2023-06-02 10:30:00-04:00,2.7699999809265137,2.7699999809265137,2.759999990463257,2.7699999809265137,2577,0.0,0.0
2023-06-02 11:30:00-04:00,2.7999000549316406,2.7999000549316406,2.75,2.7999000549316406,0,0.0,0.0
2023-06-02 13:30:00-04:00,2.799999952316284,2.799999952316284,2.799999952316284,2.799999952316284,3460,0.0,0.0
2023-06-05 09:30:00-04:00,2.7799999713897705,2.7799999713897705,2.7799999713897705,2.7799999713897705,2441,0.0,0.0
2023-06-05 10:30:00-04:00,2.700000047683716,2.700000047683716,2.690000057220459,2.690000057220459,2257,0.0,0.0
2023-06-05 11:30:00-04:00,2.690000057220459,2.7481000423431396,2.680000066757202,2.684999942779541,4503,0.0,0.0
2023-06-05 12:30:00-04:00,2.6600000858306885,2.7100000381469727,2.630000114440918,2.640000104904175,3234,0.0,0.0
2023-06-05 13:30:00-04:00,2.630000114440918,2.680000066757202,2.619999885559082,2.619999885559082,3636,0.0,0.0
2023-06-05 14:30:00-04:00,2.634999990463257,2.6700000762939453,2.630000114440918,2.6500000953674316,3264,0.0,0.0
2023-06-05 15:30:00-04:00,2.6684000492095947,2.6898999214172363,2.6600000858306885,2.6600000858306885,0,0.0,0.0
2023-06-06 09:30:00-04:00,2.6600000858306885,2.7899999618530273,2.6600000858306885,2.708400011062622,2169,0.0,0.0
2023-06-06 10:30:00-04:00,2.7200000286102295,2.7200000286102295,2.7200000286102295,2.7200000286102295,2871,0.0,0.0
2023-06-06 11:30:00-04:00,2.7200000286102295,2.7200000286102295,2.7200000286102295,2.7200000286102295,216,0.0,0.0
2023-06-06 12:30:00-04:00,2.7200000286102295,2.7200000286102295,2.7200000286102295,2.7200000286102295,110,0.0,0.0
2023-06-06 14:30:00-04:00,2.7100000381469727,2.7100000381469727,2.7100000381469727,2.7100000381469727,0,0.0,0.0
2023-06-07 09:30:00-04:00,2.680000066757202,2.7200000286102295,2.680000066757202,2.7100000381469727,3284,0.0,0.0
2023-06-07 10:30:00-04:00,2.7100000381469727,2.7249999046325684,2.700000047683716,2.700000047683716,2938,0.0,0.0
2023-06-07 11:30:00-04:00,2.700000047683716,2.733599901199341,2.6700000762939453,2.6700000762939453,26997,0.0,0.0
2023-06-07 12:30:00-04:00,2.6700000762939453,2.719399929046631,2.6500000953674316,2.6500000953674316,2405,0.0,0.0
2023-06-07 13:30:00-04:00,2.6700000762939453,2.7200000286102295,2.640000104904175,2.6500000953674316,3735,0.0,0.0
2023-06-07 14:30:00-04:00,2.6749000549316406,2.677299976348877,2.640000104904175,2.677299976348877,2762,0.0,0.0
2023-06-07 15:30:00-04:00,2.677299976348877,2.680000066757202,2.6549999713897705,2.6700000762939453,1887,0.0,0.0
2023-06-08 09:30:00-04:00,2.700000047683716,2.700000047683716,2.700000047683716,2.700000047683716,1197,0.0,0.0
2023-06-08 10:30:00-04:00,2.759999990463257,2.759999990463257,2.6600000858306885,2.759999990463257,306,0.0,0.0
2023-06-08 11:30:00-04:00,2.680000066757202,2.680000066757202,2.6700000762939453,2.6700000762939453,769,0.0,0.0
2023-06-08 13:30:00-04:00,2.710200071334839,2.710200071334839,2.710200071334839,2.710200071334839,115,0.0,0.0
2023-06-08 14:30:00-04:00,2.7149999141693115,2.7149999141693115,2.7149999141693115,2.7149999141693115,200,0.0,0.0
2023-06-08 15:30:00-04:00,2.7139999866485596,2.7808001041412354,2.7100000381469727,2.7808001041412354,1176,0.0,0.0
2023-06-09 09:30:00-04:00,2.7200000286102295,2.7629001140594482,2.700000047683716,2.700000047683716,0,0.0,0.0
2023-06-09 10:30:00-04:00,2.690000057220459,2.690000057220459,2.640000104904175,2.6500000953674316,2042,0.0,0.0
2023-06-09 11:30:00-04:00,2.6500000953674316,2.6500000953674316,2.619999885559082,2.619999885559082,3036,0.0,0.0
2023-06-09 12:30:00-04:00,2.630000114440918,2.6473000049591064,2.619999885559082,2.619999885559082,3460,0.0,0.0
2023-06-09 13:30:00-04:00,2.619999885559082,2.6700000762939453,2.6043999195098877,2.6700000762939453,7805,0.0,0.0
2023-06-09 14:30:00-04:00,2.6500000953674316,2.6500000953674316,2.6500000953674316,2.6500000953674316,1042,0.0,0.0
2023-06-09 15:30:00-04:00,2.680000066757202,2.700000047683716,2.680000066757202,2.700000047683716,557,0.0,0.0
2023-06-12 09:30:00-04:00,2.7300000190734863,2.740000009536743,2.7300000190734863,2.740000009536743,229,0.0,0.0
2023-06-12 10:30:00-04:00,2.75,2.75,2.75,2.75,1718,0.0,0.0
2023-06-12 11:30:00-04:00,2.7130000591278076,2.7130000591278076,2.6733999252319336,2.6733999252319336,549,0.0,0.0
2023-06-12 12:30:00-04:00,2.680500030517578,2.680500030517578,2.680500030517578,2.680500030517578,146,0.0,0.0
2023-06-12 13:30:00-04:00,2.6619999408721924,2.680000066757202,2.6619999408721924,2.680000066757202,708,0.0,0.0
2023-06-12 14:30:00-04:00,2.684999942779541,2.684999942779541,2.6600000858306885,2.6600000858306885,1060,0.0,0.0
2023-06-12 15:30:00-04:00,2.6600000858306885,2.6600000858306885,2.6500000953674316,2.6500000953674316,218,0.0,0.0
2023-06-13 09:30:00-04:00,2.6700000762939453,2.700000047683716,2.5999999046325684,2.6500000953674316,0,0.0,0.0
2023-06-13 10:30:00-04:00,2.640000104904175,2.640000104904175,2.569999933242798,2.640000104904175,5540,0.0,0.0
2023-06-13 11:30:00-04:00,2.5799999237060547,2.630000114440918,2.569999933242798,2.630000114440918,10534,0.0,0.0
2023-06-13 12:30:00-04:00,2.630000114440918,2.630000114440918,2.5799999237060547,2.5999999046325684,2730,0.0,0.0
2023-06-13 13:30:00-04:00,2.5999999046325684,2.5999999046325684,2.5999999046325684,2.5999999046325684,2517,0.0,0.0
2023-06-13 14:30:00-04:00,2.5899999141693115,2.6221001148223877,2.549999952316284,2.588599920272827,3851,0.0,0.0
2023-06-13 15:30:00-04:00,2.569999933242798,2.615299940109253,2.549999952316284,2.5799999237060547,0,0.0,0.0
2023-06-14 09:30:00-04:00,2.6489999294281006,2.6489999294281006,2.6489999294281006,2.6489999294281006,291,0.0,0.0
2023-06-14 10:30:00-04:00,2.615000009536743,2.630000114440918,2.609999895095825,2.630000114440918,577,0.0,0.0
2023-06-14 11:30:00-04:00,2.640000104904175,2.669300079345703,2.640000104904175,2.669300079345703,1386,0.0,0.0
2023-06-14 13:30:00-04:00,2.619999885559082,2.674999952316284,2.619999885559082,2.674999952316284,551,0.0,0.0
2023-06-14 15:30:00-04:00,2.619999885559082,2.619999885559082,2.619999885559082,2.619999885559082,259,0.0,0.0
2023-06-15 09:30:00-04:00,2.5799999237060547,2.640000104904175,2.5799999237060547,2.640000104904175,0,0.0,0.0
2023-06-15 10:30:00-04:00,2.625,2.6449999809265137,2.609999895095825,2.609999895095825,4536,0.0,0.0
2023-06-15 11:30:00-04:00,2.569999933242798,2.6500000953674316,2.559999942779541,2.559999942779541,4264,0.0,0.0
2023-06-15 12:30:00-04:00,2.559999942779541,2.659899950027466,2.559999942779541,2.630000114440918,2785,0.0,0.0
2023-06-15 13:30:00-04:00,2.5999999046325684,2.6524999141693115,2.5999999046325684,2.6524999141693115,1952,0.0,0.0
2023-06-15 14:30:00-04:00,2.5999999046325684,2.700000047683716,2.5999999046325684,2.700000047683716,2121,0.0,0.0
2023-06-16 09:30:00-04:00,2.7421000003814697,2.7421000003814697,2.700000047683716,2.7300000190734863,0,0.0,0.0
2023-06-16 10:30:00-04:00,2.7000999450683594,2.7100000381469727,2.700000047683716,2.7100000381469727,588,0.0,0.0
2023-06-16 11:30:00-04:00,2.699899911880493,2.699899911880493,2.689199924468994,2.690000057220459,894,0.0,0.0
2023-06-16 12:30:00-04:00,2.680000066757202,2.680000066757202,2.680000066757202,2.680000066757202,136,0.0,0.0
2023-06-16 13:30:00-04:00,2.680000066757202,2.680000066757202,2.6500000953674316,2.671099901199341,1186,0.0,0.0
2023-06-16 14:30:00-04:00,2.6700000762939453,2.740000009536743,2.6700000762939453,2.740000009536743,1388,0.0,0.0
2023-06-16 15:30:00-04:00,2.7300000190734863,2.7362000942230225,2.7300000190734863,2.7362000942230225,542,0.0,0.0
2023-06-20 09:30:00-04:00,2.690000057220459,2.740000009536743,2.6700000762939453,2.6700000762939453,0,0.0,0.0
2023-06-20 10:30:00-04:00,2.6700000762939453,2.670300006866455,2.609999895095825,2.630000114440918,9208,0.0,0.0
2023-06-20 11:30:00-04:00,2.656599998474121,2.656899929046631,2.5799999237060547,2.5999999046325684,7857,0.0,0.0
2023-06-20 12:30:00-04:00,2.5799999237060547,2.619999885559082,2.549999952316284,2.549999952316284,3649,0.0,0.0
2023-06-20 13:30:00-04:00,2.569999933242798,2.5999999046325684,2.5299999713897705,2.5755999088287354,3765,0.0,0.0
2023-06-20 14:30:00-04:00,2.559999942779541,2.5927999019622803,2.559999942779541,2.5922000408172607,4312,0.0,0.0
2023-06-20 15:30:00-04:00,2.559999942779541,2.5999999046325684,2.559999942779541,2.599900007247925,2751,0.0,0.0
2023-06-21 09:30:00-04:00,2.5701000690460205,2.6489999294281006,2.5399999618530273,2.6489999294281006,0,0.0,0.0
2023-06-21 10:30:00-04:00,2.569999933242798,2.6700000762939453,2.559999942779541,2.6700000762939453,556,0.0,0.0
2023-06-21 15:30:00-04:00,2.5804998874664307,2.619999885559082,2.5799999237060547,2.5950000286102295,0,0.0,0.0
2023-06-22 09:30:00-04:00,2.569999933242798,2.6226000785827637,2.569999933242798,2.619999885559082,2082,0.0,0.0
2023-06-22 10:30:00-04:00,2.569999933242798,2.5999999046325684,2.5,2.5499000549316406,25252,0.0,0.0
2023-06-22 11:30:00-04:00,2.509999990463257,2.5439999103546143,2.3399999141693115,2.430000066757202,31131,0.0,0.0
2023-06-22 12:30:00-04:00,2.4200000762939453,2.4800000190734863,2.4200000762939453,2.440000057220459,7221,0.0,0.0
2023-06-22 13:30:00-04:00,2.440000057220459,2.4798998832702637,2.440000057220459,2.4700000286102295,3165,0.0,0.0
2023-06-22 14:30:00-04:00,2.4600000381469727,2.4800000190734863,2.450000047683716,2.450000047683716,3813,0.0,0.0
2023-06-22 15:30:00-04:00,2.452699899673462,2.4797000885009766,2.450000047683716,2.4649999141693115,3932,0.0,0.0
2023-06-23 09:30:00-04:00,2.4700000286102295,2.5399999618530273,2.4700000286102295,2.509999990463257,1716,0.0,0.0
2023-06-23 10:30:00-04:00,2.5199999809265137,2.5199999809265137,2.4200000762939453,2.4690001010894775,7291,0.0,0.0
2023-06-23 12:30:00-04:00,2.4735000133514404,2.4735000133514404,2.4735000133514404,2.4735000133514404,150,0.0,0.0
2023-06-23 14:30:00-04:00,2.4700000286102295,2.4700000286102295,2.4000000953674316,2.4100000858306885,4623,0.0,0.0
2023-06-23 15:30:00-04:00,2.4100000858306885,2.478800058364868,2.4100000858306885,2.4677999019622803,13451,0.0,0.0
2023-06-26 09:30:00-04:00,2.5399999618530273,2.580699920654297,2.450000047683716,2.549999952316284,5100,0.0,0.0
2023-06-26 10:30:00-04:00,2.4598000049591064,2.5299999713897705,2.450000047683716,2.5,1487,0.0,0.0
2023-06-26 11:30:00-04:00,2.4800000190734863,2.4800000190734863,2.4700000286102295,2.4800000190734863,673,0.0,0.0
2023-06-26 12:30:00-04:00,2.4800000190734863,2.4800000190734863,2.4800000190734863,2.4800000190734863,437,0.0,0.0
2023-06-26 13:30:00-04:00,2.5390000343322754,2.5390000343322754,2.5390000343322754,2.5390000343322754,125,0.0,0.0
2023-06-26 14:30:00-04:00,2.549999952316284,2.549999952316284,2.506200075149536,2.507999897003174,1445,0.0,0.0
2023-06-26 15:30:00-04:00,2.4600000381469727,2.5316998958587646,2.4600000381469727,2.5316998958587646,0,0.0,0.0
2023-06-27 09:30:00-04:00,2.5,2.5299999713897705,2.4600000381469727,2.5,3514,0.0,0.0
2023-06-27 10:30:00-04:00,2.4700000286102295,2.5,2.4600000381469727,2.490000009536743,3106,0.0,0.0
2023-06-27 11:30:00-04:00,2.4600000381469727,2.4902000427246094,2.440000057220459,2.440000057220459,3375,0.0,0.0
2023-06-27 12:30:00-04:00,2.440000057220459,2.5078001022338867,2.440000057220459,2.5078001022338867,1914,0.0,0.0
2023-06-27 13:30:00-04:00,2.450000047683716,2.5,2.4200000762939453,2.430000066757202,6719,0.0,0.0
2023-06-27 14:30:00-04:00,2.430000066757202,2.4600000381469727,2.4200000762939453,2.430000066757202,3435,0.0,0.0
2023-06-27 15:30:00-04:00,2.430000066757202,2.4600000381469727,2.430000066757202,2.4600000381469727,1516,0.0,0.0
2023-06-28 09:30:00-04:00,2.5199999809265137,2.522700071334839,2.4100000858306885,2.4746999740600586,0,0.0,0.0
2023-06-28 10:30:00-04:00,2.488600015640259,2.488600015640259,2.4700000286102295,2.4856998920440674,3398,0.0,0.0
2023-06-28 11:30:00-04:00,2.484100103378296,2.4995999336242676,2.484100103378296,2.4995999336242676,448,0.0,0.0
2023-06-28 13:30:00-04:00,2.4700000286102295,2.490000009536743,2.440000057220459,2.490000009536743,2050,0.0,0.0
2023-06-28 14:30:00-04:00,2.490000009536743,2.490000009536743,2.490000009536743,2.490000009536743,796,0.0,0.0
2023-06-28 15:30:00-04:00,2.442699909210205,2.490000009536743,2.4200000762939453,2.490000009536743,0,0.0,0.0
2023-06-29 09:30:00-04:00,2.4200000762939453,2.4800000190734863,2.4100000858306885,2.4800000190734863,5980,0.0,0.0
2023-06-29 10:30:00-04:00,2.4800000190734863,2.491300106048584,2.4800000190734863,2.491300106048584,2221,0.0,0.0
2023-06-29 11:30:00-04:00,2.491300106048584,2.4999001026153564,2.430000066757202,2.4800000190734863,4928,0.0,0.0
2023-06-29 12:30:00-04:00,2.4700000286102295,2.4800000190734863,2.450000047683716,2.4800000190734863,3762,0.0,0.0
2023-06-29 13:30:00-04:00,2.440000057220459,2.488800048828125,2.440000057220459,2.4842000007629395,2136,0.0,0.0
2023-06-29 14:30:00-04:00,2.4700000286102295,2.490000009536743,2.4700000286102295,2.490000009536743,2771,0.0,0.0
2023-06-29 15:30:00-04:00,2.4800000190734863,2.4867000579833984,2.4600000381469727,2.4600000381469727,2343,0.0,0.0
2023-06-30 09:30:00-04:00,2.4800000190734863,2.5,2.4800000190734863,2.4800000190734863,6580,0.0,0.0
2023-06-30 10:30:00-04:00,2.4700000286102295,2.5,2.4700000286102295,2.5,1444,0.0,0.0
2023-06-30 13:30:00-04:00,2.4800000190734863,2.492500066757202,2.4800000190734863,2.492500066757202,481,0.0,0.0
2023-06-30 14:30:00-04:00,2.5,2.5064001083374023,2.5,2.506200075149536,1664,0.0,0.0
2023-06-30 15:30:00-04:00,2.490000009536743,2.5032999515533447,2.4800000190734863,2.5032999515533447,1340,0.0,0.0
2023-07-03 09:30:00-04:00,2.5199999809265137,2.5399999618530273,2.5199999809265137,2.5299999713897705,4120,0.0,0.0
2023-07-03 10:30:00-04:00,2.5350000858306885,2.5350000858306885,2.5100998878479004,2.5102999210357666,1434,0.0,0.0
2023-07-03 11:30:00-04:00,2.5350000858306885,2.549999952316284,2.5350000858306885,2.5422000885009766,1792,0.0,0.0
2023-07-03 12:30:00-04:00,2.5422000885009766,2.5532000064849854,2.5422000885009766,2.5532000064849854,557,0.0,0.0
2023-07-05 09:30:00-04:00,2.569999933242798,2.569999933242798,2.5,2.509999990463257,4428,0.0,0.0
2023-07-05 10:30:00-04:00,2.5,2.51990008354187,2.490000009536743,2.505000114440918,6734,0.0,0.0
2023-07-05 11:30:00-04:00,2.490000009536743,2.5199999809265137,2.4200000762939453,2.4649999141693115,4520,0.0,0.0
2023-07-05 12:30:00-04:00,2.440000057220459,2.450000047683716,2.4200000762939453,2.4200000762939453,1834,0.0,0.0
2023-07-05 13:30:00-04:00,2.430000066757202,2.4602999687194824,2.4100000858306885,2.4100000858306885,1720,0.0,0.0
2023-07-05 14:30:00-04:00,2.4200000762939453,2.450000047683716,2.4100000858306885,2.435800075531006,2681,0.0,0.0
2023-07-05 15:30:00-04:00,2.4200000762939453,2.4600000381469727,2.4100000858306885,2.4200000762939453,2787,0.0,0.0
2023-07-06 09:30:00-04:00,2.430000066757202,2.4962000846862793,2.4200000762939453,2.4800000190734863,4178,0.0,0.0
2023-07-06 10:30:00-04:00,2.430000066757202,2.4549999237060547,2.430000066757202,2.4549999237060547,2040,0.0,0.0
2023-07-06 11:30:00-04:00,2.4549999237060547,2.4625000953674316,2.4549999237060547,2.4625000953674316,319,0.0,0.0
2023-07-06 12:30:00-04:00,2.4600000381469727,2.4600000381469727,2.430000066757202,2.430000066757202,863,0.0,0.0
2023-07-06 13:30:00-04:00,2.4300999641418457,2.460200071334839,2.4300999641418457,2.460200071334839,0,0.0,0.0
2023-07-07 09:30:00-04:00,2.4600000381469727,2.4600000381469727,2.4200000762939453,2.4200000762939453,3152,0.0,0.0
2023-07-07 10:30:00-04:00,2.4200000762939453,2.4298999309539795,2.4000000953674316,2.4100000858306885,5455,0.0,0.0
2023-07-07 11:30:00-04:00,2.4000000953674316,2.417099952697754,2.380000114440918,2.380000114440918,7728,0.0,0.0
2023-07-07 12:30:00-04:00,2.380000114440918,2.390000104904175,2.369999885559082,2.369999885559082,5442,0.0,0.0
2023-07-07 13:30:00-04:00,2.380000114440918,2.380000114440918,2.380000114440918,2.380000114440918,2125,0.0,0.0
2023-07-07 14:30:00-04:00,2.380000114440918,2.4100000858306885,2.380000114440918,2.380000114440918,3907,0.0,0.0
2023-07-07 15:30:00-04:00,2.380000114440918,2.3828999996185303,2.369999885559082,2.3828999996185303,2292,0.0,0.0
2023-07-10 09:30:00-04:00,2.4100000858306885,2.4300999641418457,2.4000000953674316,2.4300999641418457,3246,0.0,0.0
2023-07-10 10:30:00-04:00,2.430500030517578,2.430500030517578,2.4200000762939453,2.420099973678589,1820,0.0,0.0
2023-07-10 11:30:00-04:00,2.440000057220459,2.4639999866485596,2.440000057220459,2.4639999866485596,2444,0.0,0.0
2023-07-10 12:30:00-04:00,2.4677000045776367,2.4690001010894775,2.4549999237060547,2.4549999237060547,989,0.0,0.0
2023-07-10 13:30:00-04:00,2.4600000381469727,2.4600000381469727,2.4600000381469727,2.4600000381469727,451,0.0,0.0
2023-07-10 14:30:00-04:00,2.450000047683716,2.45989990234375,2.450000047683716,2.45989990234375,4343,0.0,0.0
2023-07-11 09:30:00-04:00,2.4600000381469727,2.469899892807007,2.450000047683716,2.469899892807007,1109,0.0,0.0
2023-07-11 10:30:00-04:00,2.4542999267578125,2.4600000381469727,2.450000047683716,2.45770001411438,1722,0.0,0.0
2023-07-11 11:30:00-04:00,2.4688000679016113,2.4688000679016113,2.460200071334839,2.4688000679016113,416,0.0,0.0
2023-07-11 12:30:00-04:00,2.4697999954223633,2.490000009536743,2.4600000381469727,2.490000009536743,2235,0.0,0.0
2023-07-11 13:30:00-04:00,2.4874000549316406,2.489799976348877,2.4872000217437744,2.489799976348877,724,0.0,0.0
2023-07-11 15:30:00-04:00,2.490000009536743,2.490000009536743,2.490000009536743,2.490000009536743,0,0.0,0.0
2023-07-12 09:30:00-04:00,2.490000009536743,2.490000009536743,2.4000000953674316,2.4000000953674316,3614,0.0,0.0
2023-07-12 10:30:00-04:00,2.4100000858306885,2.490000009536743,2.4000000953674316,2.490000009536743,10699,0.0,0.0
2023-07-12 11:30:00-04:00,2.4600000381469727,2.4649999141693115,2.4100000858306885,2.424999952316284,5081,0.0,0.0
2023-07-12 12:30:00-04:00,2.4100000858306885,2.434999942779541,2.4100000858306885,2.4100000858306885,6636,0.0,0.0
2023-07-12 13:30:00-04:00,2.4100000858306885,2.4337000846862793,2.4000000953674316,2.4200000762939453,7218,0.0,0.0
2023-07-12 14:30:00-04:00,2.4398000240325928,2.440000057220459,2.4398000240325928,2.440000057220459,4174,0.0,0.0
2023-07-12 15:30:00-04:00,2.509999990463257,2.509999990463257,2.503200054168701,2.5099000930786133,0,0.0,0.0
2023-07-13 09:30:00-04:00,2.490000009536743,2.5299999713897705,2.490000009536743,2.5299999713897705,16144,0.0,0.0
2023-07-13 10:30:00-04:00,2.5299999713897705,2.599900007247925,2.5199999809265137,2.5799999237060547,10406,0.0,0.0
2023-07-13 11:30:00-04:00,2.5799999237060547,2.5999999046325684,2.5799999237060547,2.5899999141693115,2767,0.0,0.0
2023-07-13 12:30:00-04:00,2.5799999237060547,2.5999999046325684,2.5799999237060547,2.5799999237060547,32828,0.0,0.0
2023-07-13 13:30:00-04:00,2.5799999237060547,2.580399990081787,2.5608999729156494,2.5736000537872314,1755,0.0,0.0
2023-07-13 14:30:00-04:00,2.5701000690460205,2.5799999237060547,2.569999933242798,2.575000047683716,20191,0.0,0.0
2023-07-13 15:30:00-04:00,2.5799999237060547,2.630000114440918,2.559999942779541,2.5785999298095703,28459,0.0,0.0
2023-07-14 09:30:00-04:00,2.5299999713897705,2.619800090789795,2.5299999713897705,2.5897998809814453,2745,0.0,0.0
2023-07-14 10:30:00-04:00,2.5399999618530273,2.5973000526428223,2.490000009536743,2.509999990463257,10234,0.0,0.0
2023-07-14 11:30:00-04:00,2.5199999809265137,2.523900032043457,2.484999895095825,2.523900032043457,1091,0.0,0.0
2023-07-14 12:30:00-04:00,2.5,2.509999990463257,2.450000047683716,2.4700000286102295,3317,0.0,0.0
2023-07-14 13:30:00-04:00,2.5199999809265137,2.5478999614715576,2.4800000190734863,2.5478999614715576,0,0.0,0.0
2023-07-14 14:30:00-04:00,2.4800000190734863,2.5490000247955322,2.440000057220459,2.450000047683716,21203,0.0,0.0
2023-07-14 15:30:00-04:00,2.440000057220459,2.481600046157837,2.380000114440918,2.380000114440918,17437,0.0,0.0
2023-07-17 09:30:00-04:00,2.484999895095825,2.484999895095825,2.430000066757202,2.4600000381469727,4730,0.0,0.0
2023-07-17 10:30:00-04:00,2.434999942779541,2.4807000160217285,2.434999942779541,2.4800000190734863,667,0.0,0.0
2023-07-17 13:30:00-04:00,2.420099973678589,2.4800000190734863,2.420099973678589,2.430000066757202,1345,0.0,0.0
2023-07-17 14:30:00-04:00,2.4200000762939453,2.4600000381469727,2.4200000762939453,2.4523000717163086,2403,0.0,0.0
2023-07-17 15:30:00-04:00,2.4800000190734863,2.49399995803833,2.47760009765625,2.49399995803833,930,0.0,0.0
2023-07-18 09:30:00-04:00,2.509999990463257,2.509999990463257,2.4000000953674316,2.4298999309539795,0,0.0,0.0
2023-07-18 10:30:00-04:00,2.430000066757202,2.430000066757202,2.4000000953674316,2.4200000762939453,3642,0.0,0.0
2023-07-18 11:30:00-04:00,2.4100000858306885,2.4100000858306885,2.359999895095825,2.369999885559082,15888,0.0,0.0
2023-07-18 12:30:00-04:00,2.365000009536743,2.450000047683716,2.3499999046325684,2.450000047683716,9177,0.0,0.0
2023-07-18 13:30:00-04:00,2.489799976348877,2.489799976348877,2.440000057220459,2.440000057220459,2478,0.0,0.0
2023-07-18 14:30:00-04:00,2.4600000381469727,2.4600000381469727,2.440000057220459,2.440000057220459,4326,0.0,0.0
2023-07-18 15:30:00-04:00,2.440000057220459,2.4549999237060547,2.440000057220459,2.440000057220459,0,0.0,0.0
2023-07-19 09:30:00-04:00,2.569999933242798,2.569999933242798,2.4800000190734863,2.4800000190734863,2894,0.0,0.0
2023-07-19 10:30:00-04:00,2.5088999271392822,2.5399999618530273,2.4800000190734863,2.5299999713897705,2607,0.0,0.0
2023-07-19 11:30:00-04:00,2.4800000190734863,2.501199960708618,2.4730000495910645,2.4800000190734863,25263,0.0,0.0
2023-07-19 12:30:00-04:00,2.5030999183654785,2.5030999183654785,2.5030999183654785,2.5030999183654785,166,0.0,0.0
2023-07-19 13:30:00-04:00,2.460099935531616,2.4946000576019287,2.460099935531616,2.4946000576019287,1479,0.0,0.0
2023-07-19 15:30:00-04:00,2.5,2.5199999809265137,2.5,2.5199999809265137,0,0.0,0.0
2023-07-20 09:30:00-04:00,2.4800000190734863,2.549999952316284,2.4100000858306885,2.4700000286102295,4713,0.0,0.0
2023-07-20 10:30:00-04:00,2.4346001148223877,2.488800048828125,2.4000000953674316,2.4000000953674316,5624,0.0,0.0
2023-07-20 11:30:00-04:00,2.3986001014709473,2.498199939727783,2.3986001014709473,2.4827001094818115,4274,0.0,0.0
2023-07-20 12:30:00-04:00,2.4100000858306885,2.472599983215332,2.4000000953674316,2.4000000953674316,4005,0.0,0.0
2023-07-20 13:30:00-04:00,2.430000066757202,2.450000047683716,2.4000000953674316,2.450000047683716,2687,0.0,0.0
2023-07-20 14:30:00-04:00,2.4200000762939453,2.4600000381469727,2.4100000858306885,2.4100000858306885,4823,0.0,0.0
2023-07-20 15:30:00-04:00,2.438999891281128,2.464200019836426,2.4100000858306885,2.4100000858306885,0,0.0,0.0
2023-07-21 09:30:00-04:00,2.4700000286102295,2.4700000286102295,2.4200000762939453,2.4200000762939453,2575,0.0,0.0
2023-07-21 10:30:00-04:00,2.440000057220459,2.440000057220459,2.440000057220459,2.440000057220459,268,0.0,0.0
2023-07-21 13:30:00-04:00,2.4472999572753906,2.450000047683716,2.4472999572753906,2.450000047683716,908,0.0,0.0
2023-07-24 09:30:00-04:00,2.4100000858306885,2.450000047683716,2.4100000858306885,2.418800115585327,3113,0.0,0.0
2023-07-24 10:30:00-04:00,2.4100000858306885,2.4149999618530273,2.390000104904175,2.390000104904175,5425,0.0,0.0
2023-07-24 11:30:00-04:00,2.4030001163482666,2.4030001163482666,2.3499999046325684,2.3550000190734863,6475,0.0,0.0
2023-07-24 12:30:00-04:00,2.3499999046325684,2.358299970626831,2.3499999046325684,2.3499999046325684,3561,0.0,0.0
2023-07-24 13:30:00-04:00,2.3499999046325684,2.3687000274658203,2.3499999046325684,2.3499999046325684,7230,0.0,0.0
2023-07-24 14:30:00-04:00,2.368499994277954,2.368499994277954,2.3299999237060547,2.3550000190734863,10125,0.0,0.0
2023-07-24 15:30:00-04:00,2.3499999046325684,2.369999885559082,2.3499999046325684,2.3499999046325684,0,0.0,0.0
2023-07-25 09:30:00-04:00,2.3499999046325684,2.4200000762939453,2.3299999237060547,2.390000104904175,4205,0.0,0.0
2023-07-25 10:30:00-04:00,2.4100000858306885,2.4100000858306885,2.4100000858306885,2.4100000858306885,256,0.0,0.0
2023-07-25 11:30:00-04:00,2.340100049972534,2.369999885559082,2.340100049972534,2.369999885559082,1869,0.0,0.0
2023-07-25 12:30:00-04:00,2.3503000736236572,2.369499921798706,2.3499999046325684,2.369499921798706,300,0.0,0.0
2023-07-25 13:30:00-04:00,2.3756000995635986,2.3850998878479004,2.3756000995635986,2.3850998878479004,229,0.0,0.0
2023-07-25 14:30:00-04:00,2.4000000953674316,2.4000000953674316,2.4000000953674316,2.4000000953674316,137,0.0,0.0
2023-07-25 15:30:00-04:00,2.4000000953674316,2.4000000953674316,2.3499999046325684,2.390000104904175,0,0.0,0.0
2023-07-26 09:30:00-04:00,2.440000057220459,2.450000047683716,2.359999895095825,2.390000104904175,7860,0.0,0.0
2023-07-26 10:30:00-04:00,2.369999885559082,2.369999885559082,2.319999933242798,2.3499999046325684,4365,0.0,0.0
2023-07-26 11:30:00-04:00,2.359999895095825,2.369999885559082,2.3499999046325684,2.3499999046325684,2822,0.0,0.0
2023-07-26 12:30:00-04:00,2.3550000190734863,2.3940000534057617,2.3499999046325684,2.3745999336242676,3076,0.0,0.0
2023-07-26 13:30:00-04:00,2.3499999046325684,2.383699893951416,2.3350000381469727,2.374799966812134,4007,0.0,0.0
2023-07-26 14:30:00-04:00,2.3499999046325684,2.369999885559082,2.319999933242798,2.3299999237060547,4439,0.0,0.0
2023-07-26 15:30:00-04:00,2.3299999237060547,2.359999895095825,2.319999933242798,2.319999933242798,0,0.0,0.0
2023-07-27 09:30:00-04:00,2.390000104904175,2.390000104904175,2.360100030899048,2.360100030899048,4772,0.0,0.0
2023-07-27 10:30:00-04:00,2.371299982070923,2.380000114440918,2.369999885559082,2.369999885559082,554,0.0,0.0
2023-07-27 11:30:00-04:00,2.380000114440918,2.4200000762939453,2.3798000812530518,2.4126999378204346,3999,0.0,0.0
2023-07-27 12:30:00-04:00,2.430000066757202,2.430000066757202,2.430000066757202,2.430000066757202,457,0.0,0.0
2023-07-27 13:30:00-04:00,2.384999990463257,2.384999990463257,2.384999990463257,2.384999990463257,100,0.0,0.0
2023-07-27 14:30:00-04:00,2.384999990463257,2.384999990463257,2.3299999237060547,2.359999895095825,1919,0.0,0.0
2023-07-27 15:30:00-04:00,2.380000114440918,2.380000114440918,2.380000114440918,2.380000114440918,0,0.0,0.0
2023-07-28 09:30:00-04:00,2.3399999141693115,2.409899950027466,2.319999933242798,2.319999933242798,9670,0.0,0.0
2023-07-28 10:30:00-04:00,2.319999933242798,2.3654000759124756,2.319999933242798,2.3241000175476074,12588,0.0,0.0
2023-07-28 11:30:00-04:00,2.319999933242798,2.349900007247925,2.130000114440918,2.2300000190734863,71707,0.0,0.0
2023-07-28 12:30:00-04:00,2.2300000190734863,2.2539000511169434,2.1600000858306885,2.184999942779541,17919,0.0,0.0
2023-07-28 13:30:00-04:00,2.180000066757202,2.219099998474121,2.1600000858306885,2.1600000858306885,11477,0.0,0.0
2023-07-28 14:30:00-04:00,2.1786999702453613,2.2058000564575195,2.1600000858306885,2.1600000858306885,13184,0.0,0.0
2023-07-28 15:30:00-04:00,2.18149995803833,2.2100000381469727,2.1600000858306885,2.180000066757202,17288,0.0,0.0
2023-07-31 09:30:00-04:00,2.2699999809265137,2.270900011062622,2.200000047683716,2.270900011062622,9692,0.0,0.0
2023-07-31 10:30:00-04:00,2.2799999713897705,2.2799999713897705,2.2799999713897705,2.2799999713897705,289,0.0,0.0
2023-07-31 11:30:00-04:00,2.259999990463257,2.287400007247925,2.259999990463257,2.2799999713897705,8266,0.0,0.0
2023-07-31 12:30:00-04:00,2.2799999713897705,2.2899999618530273,2.279900074005127,2.2899999618530273,4786,0.0,0.0
2023-07-31 13:30:00-04:00,2.268899917602539,2.309999942779541,2.268899917602539,2.299999952316284,3461,0.0,0.0
2023-07-31 14:30:00-04:00,2.2950000762939453,2.2997000217437744,2.2799999713897705,2.2997000217437744,891,0.0,0.0
2023-07-31 15:30:00-04:00,2.2899999618530273,2.299999952316284,2.2899999618530273,2.299999952316284,0,0.0,0.0
2023-08-01 09:30:00-04:00,2.299999952316284,2.299999952316284,2.25,2.259999990463257,5972,0.0,0.0
2023-08-01 10:30:00-04:00,2.256200075149536,2.2699999809265137,2.200000047683716,2.200000047683716,5341,0.0,0.0
2023-08-01 11:30:00-04:00,2.200000047683716,2.2049999237060547,2.1698999404907227,2.180000066757202,7973,0.0,0.0
2023-08-01 12:30:00-04:00,2.1700000762939453,2.20740008354187,2.1700000762939453,2.180000066757202,5243,0.0,0.0
2023-08-01 13:30:00-04:00,2.180000066757202,2.200000047683716,2.180000066757202,2.180000066757202,2633,0.0,0.0
2023-08-01 14:30:00-04:00,2.200000047683716,2.200000047683716,2.1600000858306885,2.1600000858306885,4405,0.0,0.0
2023-08-01 15:30:00-04:00,2.1700000762939453,2.190000057220459,2.1500000953674316,2.1500000953674316,0,0.0,0.0
2023-08-02 09:30:00-04:00,2.1700000762939453,2.25,2.1600000858306885,2.1898000240325928,4922,0.0,0.0
2023-08-02 10:30:00-04:00,2.180000066757202,2.200000047683716,2.1500000953674316,2.200000047683716,1159,0.0,0.0
2023-08-02 11:30:00-04:00,2.1898999214172363,2.1898999214172363,2.1700000762939453,2.1700000762939453,635,0.0,0.0
2023-08-02 12:30:00-04:00,2.1898999214172363,2.2200000286102295,2.1812000274658203,2.1812000274658203,916,0.0,0.0
2023-08-02 13:30:00-04:00,2.1793999671936035,2.1877999305725098,2.1600000858306885,2.1877999305725098,7708,0.0,0.0
2023-08-02 14:30:00-04:00,2.199700117111206,2.199700117111206,2.199700117111206,2.199700117111206,217,0.0,0.0
2023-08-02 15:30:00-04:00,2.200000047683716,2.200000047683716,2.200000047683716,2.200000047683716,0,0.0,0.0
2023-08-03 09:30:00-04:00,2.1700000762939453,2.180000066757202,2.1700000762939453,2.180000066757202,1086,0.0,0.0
2023-08-03 10:30:00-04:00,2.1700000762939453,2.1700000762939453,2.1700000762939453,2.1700000762939453,750,0.0,0.0
2023-08-03 11:30:00-04:00,2.178100109100342,2.180000066757202,2.1700000762939453,2.180000066757202,1087,0.0,0.0
2023-08-03 12:30:00-04:00,2.186199903488159,2.186199903488159,2.186199903488159,2.186199903488159,147,0.0,0.0
2023-08-03 13:30:00-04:00,2.200000047683716,2.200000047683716,2.200000047683716,2.200000047683716,200,0.0,0.0
2023-08-03 14:30:00-04:00,2.190000057220459,2.200000047683716,2.190000057220459,2.200000047683716,310,0.0,0.0
2023-08-03 15:30:00-04:00,2.1700000762939453,2.1700000762939453,2.1700000762939453,2.1700000762939453,0,0.0,0.0
2023-08-04 09:30:00-04:00,2.180000066757202,2.194000005722046,2.1700000762939453,2.180000066757202,2669,0.0,0.0
2023-08-04 10:30:00-04:00,2.1700000762939453,2.1700000762939453,2.1500000953674316,2.1500000953674316,3720,0.0,0.0
2023-08-04 11:30:00-04:00,2.1500000953674316,2.1698999404907227,2.1500000953674316,2.1500000953674316,7088,0.0,0.0
2023-08-04 12:30:00-04:00,2.1500000953674316,2.1500000953674316,2.140000104904175,2.140000104904175,10718,0.0,0.0
2023-08-04 13:30:00-04:00,2.130000114440918,2.130000114440918,2.109999895095825,2.109999895095825,4123,0.0,0.0
2023-08-04 14:30:00-04:00,2.1500000953674316,2.1500000953674316,2.0999999046325684,2.1415998935699463,5370,0.0,0.0
2023-08-04 15:30:00-04:00,2.130000114440918,2.130000114440918,2.0999999046325684,2.0999999046325684,4265,0.0,0.0
2023-08-07 09:30:00-04:00,2.1898999214172363,2.1898999214172363,2.186500072479248,2.186500072479248,537,0.0,0.0
2023-08-07 10:30:00-04:00,2.1898999214172363,2.1898999214172363,2.0999999046325684,2.140000104904175,1400,0.0,0.0
2023-08-07 11:30:00-04:00,2.139899969100952,2.180000066757202,2.130000114440918,2.134500026702881,1037,0.0,0.0
2023-08-07 13:30:00-04:00,2.119999885559082,2.119999885559082,2.119999885559082,2.119999885559082,404,0.0,0.0
2023-08-07 14:30:00-04:00,2.129699945449829,2.1600000858306885,2.129699945449829,2.1600000858306885,4748,0.0,0.0
2023-08-07 15:30:00-04:00,2.1679999828338623,2.25,2.109999895095825,2.109999895095825,5356,0.0,0.0
2023-08-08 09:30:00-04:00,2.180000066757202,2.200000047683716,2.0999999046325684,2.1600000858306885,4507,0.0,0.0
2023-08-08 10:30:00-04:00,2.109999895095825,2.130000114440918,2.0899999141693115,2.0999999046325684,9400,0.0,0.0
2023-08-08 11:30:00-04:00,2.0899999141693115,2.2200000286102295,2.0899999141693115,2.0899999141693115,16705,0.0,0.0
2023-08-08 12:30:00-04:00,2.0899999141693115,2.2200000286102295,2.049999952316284,2.049999952316284,4440,0.0,0.0
2023-08-08 13:30:00-04:00,2.059999942779541,2.226599931716919,2.049999952316284,2.049999952316284,6373,0.0,0.0
2023-08-08 14:30:00-04:00,2.059999942779541,2.2100000381469727,2.049999952316284,2.0799999237060547,6077,0.0,0.0
2023-08-08 15:30:00-04:00,2.0899999141693115,2.1600000858306885,2.059999942779541,2.059999942779541,5878,0.0,0.0
2023-08-09 09:30:00-04:00,2.180000066757202,2.180000066757202,2.1500000953674316,2.1500000953674316,1424,0.0,0.0
2023-08-09 10:30:00-04:00,2.0834999084472656,2.1698999404907227,2.0834999084472656,2.140000104904175,742,0.0,0.0
2023-08-09 11:30:00-04:00,2.119999885559082,2.174999952316284,2.119999885559082,2.1600000858306885,2048,0.0,0.0
2023-08-09 12:30:00-04:00,2.1600000858306885,2.1728999614715576,2.140000104904175,2.1728999614715576,1853,0.0,0.0
2023-08-09 14:30:00-04:00,2.1600000858306885,2.190000057220459,2.1500000953674316,2.1500000953674316,2021,0.0,0.0
2023-08-09 15:30:00-04:00,2.130000114440918,2.180000066757202,2.130000114440918,2.140000104904175,848,0.0,0.0
2023-08-10 09:30:00-04:00,2.109999895095825,2.140000104904175,2.069999933242798,2.069999933242798,0,0.0,0.0
2023-08-10 10:30:00-04:00,2.0899999141693115,2.0999999046325684,2.049999952316284,2.049999952316284,8658,0.0,0.0
2023-08-10 11:30:00-04:00,2.049999952316284,2.049999952316284,2.009999990463257,2.0199999809265137,10583,0.0,0.0
2023-08-10 12:30:00-04:00,2.0248000621795654,2.069999933242798,2.0,2.0,4605,0.0,0.0
2023-08-10 13:30:00-04:00,2.0199999809265137,2.035599946975708,2.0,2.009999990463257,7392,0.0,0.0
2023-08-10 14:30:00-04:00,2.0250000953674316,2.049999952316284,2.009999990463257,2.049999952316284,2343,0.0,0.0
2023-08-10 15:30:00-04:00,2.049999952316284,2.109999895095825,2.049999952316284,2.109999895095825,4217,0.0,0.0
2023-08-11 09:30:00-04:00,2.0199999809265137,2.119999885559082,2.0199999809265137,2.118000030517578,0,0.0,0.0
2023-08-11 10:30:00-04:00,2.049999952316284,2.140000104904175,2.049999952316284,2.140000104904175,371,0.0,0.0
2023-08-11 11:30:00-04:00,2.0999999046325684,2.140000104904175,2.0999999046325684,2.140000104904175,1558,0.0,0.0
2023-08-11 12:30:00-04:00,2.1222000122070312,2.130000114440918,2.1222000122070312,2.130000114440918,1025,0.0,0.0
2023-08-11 13:30:00-04:00,2.1212000846862793,2.125,2.1212000846862793,2.124000072479248,454,0.0,0.0
2023-08-11 14:30:00-04:00,2.119999885559082,2.119999885559082,2.119999885559082,2.119999885559082,1491,0.0,0.0
2023-08-11 15:30:00-04:00,2.0999999046325684,2.130000114440918,2.0999999046325684,2.119999885559082,1036,0.0,0.0
2023-08-14 09:30:00-04:00,2.0299999713897705,2.130000114440918,2.0199999809265137,2.130000114440918,3294,0.0,0.0
2023-08-14 10:30:00-04:00,2.0799999237060547,2.114799976348877,2.0799999237060547,2.114799976348877,1222,0.0,0.0
2023-08-14 11:30:00-04:00,2.130000114440918,2.130000114440918,2.0299999713897705,2.1108999252319336,1437,0.0,0.0
2023-08-14 12:30:00-04:00,2.1259000301361084,2.130000114440918,2.1050000190734863,2.130000114440918,5116,0.0,0.0
2023-08-14 13:30:00-04:00,2.0799999237060547,2.130000114440918,2.0799999237060547,2.1131999492645264,637,0.0,0.0
2023-08-14 14:30:00-04:00,2.1500000953674316,2.1500000953674316,2.130000114440918,2.130000114440918,2693,0.0,0.0
2023-08-14 15:30:00-04:00,2.130199909210205,2.1500000953674316,2.130199909210205,2.1500000953674316,0,0.0,0.0
2023-08-15 09:30:00-04:00,2.059999942779541,2.0999999046325684,2.0,2.069999933242798,11254,0.0,0.0
2023-08-15 10:30:00-04:00,2.0199999809265137,2.0599000453948975,2.0100998878479004,2.0599000453948975,1560,0.0,0.0
2023-08-15 11:30:00-04:00,2.0399999618530273,2.0399999618530273,2.0399999618530273,2.0399999618530273,500,0.0,0.0
2023-08-15 12:30:00-04:00,2.0390000343322754,2.039900064468384,2.0250000953674316,2.039900064468384,1504,0.0,0.0
2023-08-15 13:30:00-04:00,2.0399999618530273,2.0399999618530273,2.0399999618530273,2.0399999618530273,100,0.0,0.0
2023-08-15 14:30:00-04:00,2.0299999713897705,2.0299999713897705,2.0299999713897705,2.0299999713897705,790,0.0,0.0
2023-08-15 15:30:00-04:00,2.009999990463257,2.0299999713897705,2.009999990463257,2.029900074005127,0,0.0,0.0
2023-08-16 09:30:00-04:00,2.0199999809265137,2.055999994277954,2.0199999809265137,2.055999994277954,2962,0.0,0.0
2023-08-16 12:30:00-04:00,2.0199999809265137,2.027400016784668,2.0199999809265137,2.027400016784668,510,0.0,0.0
2023-08-16 13:30:00-04:00,2.0299999713897705,2.0299999713897705,2.0299999713897705,2.0299999713897705,4500,0.0,0.0
2023-08-16 14:30:00-04:00,2.0399999618530273,2.059999942779541,2.0,2.0,2741,0.0,0.0
2023-08-16 15:30:00-04:00,2.01200008392334,2.0299999713897705,2.0,2.0,0,0.0,0.0
2023-08-17 09:30:00-04:00,1.9800000190734863,2.0,1.9700000286102295,2.0,9987,0.0,0.0
2023-08-17 12:30:00-04:00,2.0,2.0,2.0,2.0,100,0.0,0.0
2023-08-17 13:30:00-04:00,1.9900000095367432,1.9900000095367432,1.9700000286102295,1.9700000286102295,501,0.0,0.0
2023-08-17 14:30:00-04:00,1.981600046157837,1.981600046157837,1.9700000286102295,1.9800000190734863,1049,0.0,0.0
2023-08-17 15:30:00-04:00,1.9996999502182007,1.9996999502182007,1.9900000095367432,1.9900000095367432,0,0.0,0.0
2023-08-18 09:30:00-04:00,1.9900000095367432,2.0,1.909999966621399,1.9437999725341797,9240,0.0,0.0
2023-08-18 10:30:00-04:00,1.909999966621399,1.9390000104904175,1.909999966621399,1.9390000104904175,4460,0.0,0.0
2023-08-18 11:30:00-04:00,1.940000057220459,1.9500000476837158,1.940000057220459,1.940000057220459,0,0.0,0.0
2023-08-18 12:30:00-04:00,1.9299999475479126,1.9500000476837158,1.9299999475479126,1.9500000476837158,15250,0.0,0.0
2023-08-18 13:30:00-04:00,1.940000057220459,1.940000057220459,1.909999966621399,1.909999966621399,3803,0.0,0.0
2023-08-18 14:30:00-04:00,1.9234999418258667,1.9500000476837158,1.899999976158142,1.9249999523162842,13204,0.0,0.0
2023-08-18 15:30:00-04:00,1.9299999475479126,1.940000057220459,1.899999976158142,1.899999976158142,4048,0.0,0.0
2023-08-21 09:30:00-04:00,1.8899999856948853,1.9551000595092773,1.8899999856948853,1.9205000400543213,0,0.0,0.0
2023-08-21 10:30:00-04:00,1.9149999618530273,1.9399000406265259,1.9149999618530273,1.9399000406265259,894,0.0,0.0
2023-08-21 13:30:00-04:00,1.909999966621399,1.940000057220459,1.909999966621399,1.940000057220459,535,0.0,0.0
2023-08-21 14:30:00-04:00,1.8899999856948853,1.9500000476837158,1.8899999856948853,1.9500000476837158,4377,0.0,0.0
2023-08-21 15:30:00-04:00,1.9299999475479126,1.9299999475479126,1.9299999475479126,1.9299999475479126,290,0.0,0.0
2023-08-22 09:30:00-04:00,2.0,2.0,2.0,2.0,151,0.0,0.0
2023-08-22 10:30:00-04:00,1.940000057220459,1.940000057220459,1.8899999856948853,1.9149999618530273,0,0.0,0.0
2023-08-22 11:30:00-04:00,1.909999966621399,1.9270000457763672,1.860200047492981,1.8700000047683716,8303,0.0,0.0
2023-08-22 12:30:00-04:00,1.8700000047683716,1.909999966621399,1.8700000047683716,1.909999966621399,491,0.0,0.0
2023-08-22 13:30:00-04:00,1.909999966621399,1.909999966621399,1.899999976158142,1.899999976158142,298,0.0,0.0
2023-08-22 14:30:00-04:00,1.8799999952316284,1.8799999952316284,1.8799999952316284,1.8799999952316284,100,0.0,0.0
2023-08-22 15:30:00-04:00,1.8799999952316284,1.882699966430664,1.8700000047683716,1.8799999952316284,1401,0.0,0.0
2023-08-23 09:30:00-04:00,1.850000023841858,1.899899959564209,1.850000023841858,1.899899959564209,0,0.0,0.0
2023-08-23 10:30:00-04:00,1.8899999856948853,1.9700000286102295,1.8899999856948853,1.9600000381469727,7303,0.0,0.0
2023-08-23 11:30:00-04:00,1.957900047302246,1.9663000106811523,1.957900047302246,1.9663000106811523,350,0.0,0.0
2023-08-23 12:30:00-04:00,1.9450000524520874,1.9500000476837158,1.9450000524520874,1.9499000310897827,1525,0.0,0.0
2023-08-23 13:30:00-04:00,1.9500000476837158,1.9700000286102295,1.9500000476837158,1.9631999731063843,1820,0.0,0.0
2023-08-23 14:30:00-04:00,1.9800000190734863,1.9800000190734863,1.9800000190734863,1.9800000190734863,180,0.0,0.0
2023-08-23 15:30:00-04:00,1.9648000001907349,1.9797999858856201,1.9648000001907349,1.9700000286102295,3087,0.0,0.0
2023-08-24 09:30:00-04:00,1.9500000476837158,1.9700000286102295,1.9299999475479126,1.9700000286102295,614,0.0,0.0
2023-08-24 11:30:00-04:00,1.909999966621399,1.9700000286102295,1.8700000047683716,1.9700000286102295,3718,0.0,0.0
2023-08-24 14:30:00-04:00,1.9620000123977661,1.9800000190734863,1.9600000381469727,1.9800000190734863,1070,0.0,0.0
2023-08-24 15:30:00-04:00,1.9700000286102295,1.9700000286102295,1.909999966621399,1.9700000286102295,0,0.0,0.0
2023-08-25 09:30:00-04:00,1.9500000476837158,1.9500000476837158,1.9500000476837158,1.9500000476837158,300,0.0,0.0
2023-08-25 10:30:00-04:00,1.9550000429153442,1.9550000429153442,1.9500000476837158,1.9500000476837158,618,0.0,0.0
2023-08-25 11:30:00-04:00,1.9600000381469727,1.9700000286102295,1.9586000442504883,1.9699000120162964,3240,0.0,0.0
2023-08-25 14:30:00-04:00,1.9500000476837158,1.9900000095367432,1.9500000476837158,1.9900000095367432,587,0.0,0.0
2023-08-28 10:30:00-04:00,1.9550000429153442,2.0199999809265137,1.9500000476837158,2.0199999809265137,5917,0.0,0.0
2023-08-28 11:30:00-04:00,2.0309998989105225,2.0499000549316406,2.0199999809265137,2.0499000549316406,1051,0.0,0.0
2023-08-28 14:30:00-04:00,2.0199999809265137,2.0399999618530273,2.0199999809265137,2.039900064468384,843,0.0,0.0
2023-08-28 15:30:00-04:00,2.0399999618530273,2.069999933242798,2.0399999618530273,2.069999933242798,0,0.0,0.0
2023-08-29 09:30:00-04:00,2.059999942779541,2.0999999046325684,2.059999942779541,2.0999999046325684,1614,0.0,0.0
2023-08-29 10:30:00-04:00,2.0899999141693115,2.1298999786376953,2.0899999141693115,2.115499973297119,1283,0.0,0.0
2023-08-29 12:30:00-04:00,2.0899999141693115,2.109999895095825,2.0799999237060547,2.109999895095825,1214,0.0,0.0
2023-08-29 13:30:00-04:00,2.0999999046325684,2.1024999618530273,2.069999933242798,2.0999999046325684,1242,0.0,0.0
2023-08-29 14:30:00-04:00,2.0899999141693115,2.1298999786376953,2.0899999141693115,2.1298999786376953,1419,0.0,0.0
2023-08-29 15:30:00-04:00,2.0899999141693115,2.0899999141693115,2.0899999141693115,2.0899999141693115,0,0.0,0.0
2023-08-30 09:30:00-04:00,2.059999942779541,2.1500000953674316,2.059999942779541,2.13319993019104,764,0.0,0.0
2023-08-30 12:30:00-04:00,2.119999885559082,2.130000114440918,2.119999885559082,2.1298999786376953,2438,0.0,0.0
2023-08-30 13:30:00-04:00,2.130000114440918,2.1500000953674316,2.128499984741211,2.131999969482422,2528,0.0,0.0
2023-08-30 14:30:00-04:00,2.134999990463257,2.1429998874664307,2.119999885559082,2.1429998874664307,2309,0.0,0.0
2023-08-30 15:30:00-04:00,2.119999885559082,2.1338000297546387,2.119999885559082,2.1338000297546387,0,0.0,0.0
2023-08-31 09:30:00-04:00,2.1500000953674316,2.1500000953674316,2.1500000953674316,2.1500000953674316,297,0.0,0.0
2023-08-31 10:30:00-04:00,2.149899959564209,2.190000057220459,2.149899959564209,2.180000066757202,12030,0.0,0.0
2023-08-31 11:30:00-04:00,2.180000066757202,2.190000057220459,2.180000066757202,2.190000057220459,361,0.0,0.0
2023-08-31 12:30:00-04:00,2.181999921798706,2.2100000381469727,2.181999921798706,2.20989990234375,2223,0.0,0.0
2023-08-31 13:30:00-04:00,2.200000047683716,2.200000047683716,2.19950008392334,2.19950008392334,200,0.0,0.0
2023-08-31 14:30:00-04:00,2.2100000381469727,2.2100000381469727,2.2100000381469727,2.2100000381469727,0,0.0,0.0
2023-09-01 09:30:00-04:00,2.0299999713897705,2.1700000762939453,2.0299999713897705,2.1454999446868896,11868,0.0,0.0
2023-09-01 10:30:00-04:00,2.140000104904175,2.1649999618530273,2.140000104904175,2.1649999618530273,438,0.0,0.0
2023-09-01 11:30:00-04:00,2.184999942779541,2.184999942779541,2.1649999618530273,2.1649999618530273,235,0.0,0.0
2023-09-01 12:30:00-04:00,2.1898999214172363,2.1898999214172363,2.1577000617980957,2.1577000617980957,1875,0.0,0.0
2023-09-01 13:30:00-04:00,2.1600000858306885,2.1600000858306885,2.0799999237060547,2.140000104904175,6028,0.0,0.0
2023-09-01 14:30:00-04:00,2.0899999141693115,2.140000104904175,2.0799999237060547,2.0799999237060547,1612,0.0,0.0
2023-09-01 15:30:00-04:00,2.0899999141693115,2.1895999908447266,2.0899999141693115,2.1895999908447266,12571,0.0,0.0
2023-09-05 09:30:00-04:00,2.2300000190734863,2.2300000190734863,2.180000066757202,2.190000057220459,2971,0.0,0.0
2023-09-05 10:30:00-04:00,2.1700000762939453,2.1700000762939453,2.140000104904175,2.1700000762939453,773,0.0,0.0
2023-09-05 11:30:00-04:00,2.1600000858306885,2.2023000717163086,2.1600000858306885,2.2023000717163086,1204,0.0,0.0
2023-09-05 13:30:00-04:00,2.1700000762939453,2.1700000762939453,2.140000104904175,2.140000104904175,1755,0.0,0.0
2023-09-05 14:30:00-04:00,2.1700000762939453,2.180000066757202,2.1700000762939453,2.180000066757202,202,0.0,0.0
2023-09-05 15:30:00-04:00,2.180000066757202,2.180000066757202,2.1700000762939453,2.180000066757202,0,0.0,0.0
2023-09-06 09:30:00-04:00,2.190000057220459,2.209199905395508,2.180000066757202,2.2046000957489014,4288,0.0,0.0
2023-09-06 10:30:00-04:00,2.1700000762939453,2.2100000381469727,2.1700000762939453,2.200000047683716,2041,0.0,0.0
2023-09-06 13:30:00-04:00,2.1500000953674316,2.1500000953674316,2.1500000953674316,2.1500000953674316,212,0.0,0.0
2023-09-06 14:30:00-04:00,2.176500082015991,2.188999891281128,2.1649999618530273,2.188999891281128,692,0.0,0.0
2023-09-06 15:30:00-04:00,2.180000066757202,2.184999942779541,2.180000066757202,2.180000066757202,0,0.0,0.0
2023-09-07 09:30:00-04:00,2.180000066757202,2.2200000286102295,2.180000066757202,2.2200000286102295,1999,0.0,0.0
2023-09-07 10:30:00-04:00,2.2100000381469727,2.2100000381469727,2.2100000381469727,2.2100000381469727,1000,0.0,0.0
2023-09-07 11:30:00-04:00,2.190000057220459,2.200000047683716,2.190000057220459,2.200000047683716,1136,0.0,0.0
2023-09-07 12:30:00-04:00,2.190000057220459,2.200000047683716,2.190000057220459,2.199199914932251,3721,0.0,0.0
2023-09-07 13:30:00-04:00,2.194999933242798,2.199899911880493,2.190000057220459,2.199399948120117,650,0.0,0.0
2023-09-07 14:30:00-04:00,2.190000057220459,2.1970999240875244,2.184999942779541,2.184999942779541,0,0.0,0.0
2023-09-07 15:30:00-04:00,2.1700000762939453,2.190000057220459,2.1700000762939453,2.184999942779541,13850,0.0,0.0
2023-09-08 09:30:00-04:00,2.1500000953674316,2.202399969100952,2.1500000953674316,2.200000047683716,0,0.0,0.0
2023-09-08 12:30:00-04:00,2.1700000762939453,2.1851999759674072,2.1500000953674316,2.1500000953674316,4700,0.0,0.0
2023-09-08 13:30:00-04:00,2.1566998958587646,2.1863999366760254,2.1566998958587646,2.1863999366760254,785,0.0,0.0
2023-09-08 15:30:00-04:00,2.1500000953674316,2.1500000953674316,2.1500000953674316,2.1500000953674316,250,0.0,0.0
2023-09-11 09:30:00-04:00,2.180000066757202,2.1970999240875244,2.180000066757202,2.1970999240875244,0,0.0,0.0
2023-09-11 10:30:00-04:00,2.1600000858306885,2.1946001052856445,2.1600000858306885,2.1600000858306885,930,0.0,0.0
2023-09-11 11:30:00-04:00,2.1600000858306885,2.18969988822937,2.1600000858306885,2.1600000858306885,2679,0.0,0.0
2023-09-11 12:30:00-04:00,2.1600000858306885,2.1600000858306885,2.1500000953674316,2.1512999534606934,5649,0.0,0.0
2023-09-11 13:30:00-04:00,2.1600000858306885,2.1698999404907227,2.1500000953674316,2.1500000953674316,5519,0.0,0.0
2023-09-11 14:30:00-04:00,2.1500000953674316,2.1600000858306885,2.1500000953674316,2.1600000858306885,875,0.0,0.0
2023-09-11 15:30:00-04:00,2.1500000953674316,2.159899950027466,2.1500000953674316,2.1500000953674316,0,0.0,0.0
2023-09-12 09:30:00-04:00,2.1577999591827393,2.200000047683716,2.1500000953674316,2.200000047683716,2318,0.0,0.0
2023-09-12 10:30:00-04:00,2.190000057220459,2.200000047683716,2.190000057220459,2.200000047683716,724,0.0,0.0
2023-09-12 12:30:00-04:00,2.1600000858306885,2.190000057220459,2.1600000858306885,2.190000057220459,206,0.0,0.0
2023-09-12 13:30:00-04:00,2.184999942779541,2.1958000659942627,2.184999942779541,2.1958000659942627,900,0.0,0.0
2023-09-12 14:30:00-04:00,2.170099973678589,2.180000066757202,2.1600000858306885,2.174999952316284,6032,0.0,0.0
2023-09-12 15:30:00-04:00,2.1500000953674316,2.168800115585327,2.1500000953674316,2.1500000953674316,736,0.0,0.0
2023-09-13 09:30:00-04:00,2.1500000953674316,2.174999952316284,2.1500000953674316,2.1600000858306885,0,0.0,0.0
2023-09-13 10:30:00-04:00,2.1500000953674316,2.1549999713897705,2.059999942779541,2.130000114440918,14533,0.0,0.0
2023-09-13 11:30:00-04:00,2.130000114440918,2.1340999603271484,2.0799999237060547,2.0799999237060547,3010,0.0,0.0
2023-09-13 12:30:00-04:00,2.0799999237060547,2.1052000522613525,2.0799999237060547,2.0799999237060547,2756,0.0,0.0
2023-09-13 13:30:00-04:00,2.0799999237060547,2.0799999237060547,2.0,2.0199999809265137,4359,0.0,0.0
2023-09-13 14:30:00-04:00,2.0,2.005000114440918,1.940000057220459,2.0,2414,0.0,0.0
2023-09-13 15:30:00-04:00,2.014699935913086,2.014699935913086,1.9600000381469727,1.9600000381469727,0,0.0,0.0
2023-09-14 09:30:00-04:00,1.9600000381469727,2.0532000064849854,1.9600000381469727,2.0399999618530273,1309,0.0,0.0
2023-09-14 11:30:00-04:00,2.0000998973846436,2.032599925994873,1.9900000095367432,2.032599925994873,4335,0.0,0.0
2023-09-14 13:30:00-04:00,1.9800000190734863,2.0299999713897705,1.9800000190734863,2.0299999713897705,787,0.0,0.0
2023-09-14 14:30:00-04:00,2.005000114440918,2.0299999713897705,2.005000114440918,2.0299999713897705,215,0.0,0.0
2023-09-14 15:30:00-04:00,1.9800000190734863,2.0,1.940000057220459,2.0,3818,0.0,0.0
2023-09-15 09:30:00-04:00,1.9500000476837158,2.0039000511169434,1.899999976158142,1.899999976158142,0,0.0,0.0
2023-09-15 10:30:00-04:00,1.9199999570846558,1.940000057220459,1.9199999570846558,1.9299999475479126,1372,0.0,0.0
2023-09-15 11:30:00-04:00,1.9299999475479126,2.009999990463257,1.9199999570846558,2.009999990463257,2022,0.0,0.0
2023-09-15 12:30:00-04:00,1.9299999475479126,1.9500000476837158,1.9199999570846558,1.9199999570846558,1604,0.0,0.0
2023-09-15 13:30:00-04:00,1.9199999570846558,1.9500000476837158,1.9199999570846558,1.9458999633789062,2672,0.0,0.0
2023-09-15 14:30:00-04:00,1.9199999570846558,1.9984999895095825,1.9199999570846558,1.9838000535964966,4354,0.0,0.0
2023-09-15 15:30:00-04:00,1.934999942779541,1.934999942779541,1.934999942779541,1.934999942779541,599,0.0,0.0
2023-09-18 09:30:00-04:00,2.009999990463257,2.0137999057769775,1.9299999475479126,1.9299999475479126,0,0.0,0.0
2023-09-18 10:30:00-04:00,1.9529999494552612,1.9550000429153442,1.9529000520706177,1.9550000429153442,967,0.0,0.0
2023-09-18 11:30:00-04:00,1.9399000406265259,1.9416999816894531,1.9199999570846558,1.9199999570846558,4845,0.0,0.0
2023-09-18 12:30:00-04:00,1.9199999570846558,1.9378999471664429,1.9199999570846558,1.9378999471664429,723,0.0,0.0
2023-09-18 13:30:00-04:00,1.940000057220459,1.9600000381469727,1.940000057220459,1.955899953842163,1057,0.0,0.0
2023-09-18 14:30:00-04:00,1.9600000381469727,1.9600000381469727,1.9500000476837158,1.9500000476837158,1150,0.0,0.0
2023-09-18 15:30:00-04:00,1.9299999475479126,1.9500000476837158,1.9299999475479126,1.9500000476837158,0,0.0,0.0
2023-09-19 09:30:00-04:00,1.9299999475479126,2.0250000953674316,1.9299999475479126,1.9550000429153442,1517,0.0,0.0
2023-09-19 10:30:00-04:00,1.9747999906539917,1.9747999906539917,1.9747999906539917,1.9747999906539917,157,0.0,0.0
2023-09-19 12:30:00-04:00,1.9299999475479126,1.9500000476837158,1.9299999475479126,1.9500000476837158,330,0.0,0.0
2023-09-19 13:30:00-04:00,1.9550000429153442,1.9550000429153442,1.9550000429153442,1.9550000429153442,110,0.0,0.0
2023-09-19 15:30:00-04:00,1.9299999475479126,1.9700000286102295,1.9199999570846558,1.9199999570846558,1194,0.0,0.0
2023-09-20 09:30:00-04:00,1.9199999570846558,1.9900000095367432,1.9199999570846558,1.9199999570846558,0,0.0,0.0
2023-09-20 10:30:00-04:00,1.9388999938964844,1.9388999938964844,1.9199999570846558,1.929900050163269,2100,0.0,0.0
2023-09-20 11:30:00-04:00,1.9199999570846558,1.9199999570846558,1.9199999570846558,1.9199999570846558,900,0.0,0.0
2023-09-20 12:30:00-04:00,1.9199999570846558,1.9199999570846558,1.899999976158142,1.9098999500274658,1449,0.0,0.0
2023-09-20 13:30:00-04:00,1.9149999618530273,1.9271999597549438,1.9149999618530273,1.9199999570846558,450,0.0,0.0
2023-09-20 14:30:00-04:00,1.92739999294281,1.92739999294281,1.92739999294281,1.92739999294281,200,0.0,0.0
2023-09-20 15:30:00-04:00,1.9276000261306763,1.9276000261306763,1.909999966621399,1.9199999570846558,953,0.0,0.0
2023-09-21 09:30:00-04:00,1.909999966621399,2.0,1.8899999856948853,1.9700000286102295,4267,0.0,0.0
2023-09-21 10:30:00-04:00,1.9879000186920166,2.055999994277954,1.8899999856948853,1.9296000003814697,3930,0.0,0.0
2023-09-21 11:30:00-04:00,1.8899999856948853,1.909999966621399,1.850000023841858,1.8600000143051147,7321,0.0,0.0
2023-09-21 12:30:00-04:00,1.8700000047683716,1.896299958229065,1.8600000143051147,1.8799999952316284,2881,0.0,0.0
2023-09-21 13:30:00-04:00,1.8600000143051147,1.909000039100647,1.8600000143051147,1.9050999879837036,2850,0.0,0.0
2023-09-21 14:30:00-04:00,1.8700000047683716,1.909999966621399,1.850000023841858,1.850000023841858,3845,0.0,0.0
2023-09-21 15:30:00-04:00,1.809999942779541,1.840000033378601,1.7999999523162842,1.7999999523162842,7410,0.0,0.0
2023-09-22 09:30:00-04:00,1.7799999713897705,1.7803000211715698,1.7599999904632568,1.7698999643325806,0,0.0,0.0
2023-09-22 10:30:00-04:00,1.7699999809265137,1.8200000524520874,1.76010000705719,1.7699999809265137,21368,0.0,0.0
2023-09-22 11:30:00-04:00,1.809999942779541,1.8200000524520874,1.809999942779541,1.8200000524520874,453,0.0,0.0
2023-09-22 12:30:00-04:00,1.8000999689102173,1.8401000499725342,1.8000999689102173,1.8401000499725342,485,0.0,0.0
2023-09-22 14:30:00-04:00,1.850000023841858,1.8806999921798706,1.850000023841858,1.8806999921798706,800,0.0,0.0
2023-09-22 15:30:00-04:00,1.8600000143051147,1.8788000345230103,1.8600000143051147,1.8600000143051147,680,0.0,0.0
2023-09-25 09:30:00-04:00,1.840000033378601,1.850000023841858,1.7599999904632568,1.850000023841858,9611,0.0,0.0
2023-09-25 10:30:00-04:00,1.850000023841858,1.850000023841858,1.8200000524520874,1.8200000524520874,1564,0.0,0.0
2023-09-25 11:30:00-04:00,1.8200000524520874,1.8482999801635742,1.8200000524520874,1.8327000141143799,5437,0.0,0.0
2023-09-25 12:30:00-04:00,1.8200000524520874,1.840000033378601,1.7699999809265137,1.809999942779541,12308,0.0,0.0
2023-09-25 13:30:00-04:00,1.7999999523162842,1.840000033378601,1.7999999523162842,1.8077000379562378,3732,0.0,0.0
2023-09-25 14:30:00-04:00,1.7999999523162842,1.7999999523162842,1.7599999904632568,1.7999999523162842,4022,0.0,0.0
2023-09-25 15:30:00-04:00,1.8284000158309937,1.8284000158309937,1.7599999904632568,1.7599999904632568,0,0.0,0.0
2023-09-26 09:30:00-04:00,1.809999942779541,1.809999942779541,1.7899999618530273,1.7999999523162842,533,0.0,0.0
2023-09-26 10:30:00-04:00,1.784000039100647,1.8609999418258667,1.784000039100647,1.8259999752044678,819,0.0,0.0
2023-09-26 11:30:00-04:00,1.7899999618530273,1.840000033378601,1.7799999713897705,1.809999942779541,2135,0.0,0.0
2023-09-26 12:30:00-04:00,1.7999999523162842,1.8049999475479126,1.7999999523162842,1.8049999475479126,450,0.0,0.0
2023-09-26 14:30:00-04:00,1.8177000284194946,1.839900016784668,1.809999942779541,1.8327000141143799,2213,0.0,0.0
2023-09-26 15:30:00-04:00,1.8355000019073486,1.9199999570846558,1.8217999935150146,1.9199999570846558,947,0.0,0.0
2023-09-27 09:30:00-04:00,1.899999976158142,1.909999966621399,1.7799999713897705,1.8600000143051147,6469,0.0,0.0
2023-09-27 10:30:00-04:00,1.7999999523162842,1.8700000047683716,1.7699999809265137,1.8700000047683716,5834,0.0,0.0
2023-09-27 11:30:00-04:00,1.8300000429153442,1.8614000082015991,1.7599999904632568,1.7899999618530273,4924,0.0,0.0
2023-09-27 12:30:00-04:00,1.7799999713897705,1.7899999618530273,1.75,1.7699999809265137,8376,0.0,0.0
2023-09-27 13:30:00-04:00,1.7699999809265137,1.7755999565124512,1.7400000095367432,1.7450000047683716,8663,0.0,0.0
2023-09-27 14:30:00-04:00,1.7493000030517578,1.7741999626159668,1.7300000190734863,1.7741999626159668,9325,0.0,0.0
2023-09-27 15:30:00-04:00,1.773900032043457,1.7864999771118164,1.7300000190734863,1.7699999809265137,0,0.0,0.0
2023-09-28 09:30:00-04:00,1.7699999809265137,1.8899999856948853,1.7699999809265137,1.8899999856948853,612,0.0,0.0
2023-09-28 10:30:00-04:00,1.8600000143051147,1.8899999856948853,1.840000033378601,1.840000033378601,816,0.0,0.0
2023-09-28 11:30:00-04:00,1.8700000047683716,1.8839000463485718,1.8300000429153442,1.8398000001907349,2058,0.0,0.0
2023-09-28 12:30:00-04:00,1.8700000047683716,1.8799999952316284,1.8700000047683716,1.8799999952316284,331,0.0,0.0
2023-09-28 15:30:00-04:00,1.8300000429153442,1.8300000429153442,1.8300000429153442,1.8300000429153442,421,0.0,0.0
2023-09-29 09:30:00-04:00,1.850000023841858,1.8899999856948853,1.8300000429153442,1.8550000190734863,1873,0.0,0.0
2023-09-29 10:30:00-04:00,1.875100016593933,1.875100016593933,1.850000023841858,1.875,3929,0.0,0.0
2023-09-29 11:30:00-04:00,1.850000023841858,1.8799999952316284,1.850000023841858,1.8799999952316284,3101,0.0,0.0
2023-09-29 12:30:00-04:00,1.850000023841858,1.8799999952316284,1.850000023841858,1.8650000095367432,4765,0.0,0.0
2023-09-29 13:30:00-04:00,1.8899999856948853,1.8899999856948853,1.850000023841858,1.8687000274658203,14533,0.0,0.0
2023-09-29 14:30:00-04:00,1.850000023841858,1.850000023841858,1.7599999904632568,1.850000023841858,4567,0.0,0.0
2023-09-29 15:30:00-04:00,1.7400000095367432,1.8700000047683716,1.7400000095367432,1.8700000047683716,931,0.0,0.0
2023-10-02 09:30:00-04:00,1.8207000494003296,1.8207000494003296,1.8207000494003296,1.8207000494003296,0,0.0,0.0
2023-10-02 10:30:00-04:00,1.75,1.8032000064849854,1.75,1.8032000064849854,901,0.0,0.0
2023-10-02 11:30:00-04:00,1.7799999713897705,1.8032000064849854,1.7799999713897705,1.8032000064849854,222,0.0,0.0
2023-10-02 12:30:00-04:00,1.7798000574111938,1.7798000574111938,1.7699999809265137,1.7699999809265137,581,0.0,0.0
2023-10-02 13:30:00-04:00,1.7798999547958374,1.8600000143051147,1.7798999547958374,1.8600000143051147,3753,0.0,0.0
2023-10-02 14:30:00-04:00,1.8300000429153442,1.8600000143051147,1.820199966430664,1.8600000143051147,2463,0.0,0.0
2023-10-03 09:30:00-04:00,1.8200000524520874,1.8200000524520874,1.7200000286102295,1.7736999988555908,3839,0.0,0.0
2023-10-03 10:30:00-04:00,1.75,1.840000033378601,1.7200000286102295,1.7699999809265137,5483,0.0,0.0
2023-10-03 11:30:00-04:00,1.7699999809265137,1.819700002670288,1.7200000286102295,1.7599999904632568,3847,0.0,0.0
2023-10-03 12:30:00-04:00,1.7599999904632568,1.7699999809265137,1.7200000286102295,1.7200000286102295,5991,0.0,0.0
2023-10-03 13:30:00-04:00,1.7300000190734863,1.7400000095367432,1.7100000381469727,1.7300000190734863,5010,0.0,0.0
2023-10-03 14:30:00-04:00,1.7450000047683716,1.7480000257492065,1.7000000476837158,1.7000999450683594,5738,0.0,0.0
2023-10-03 15:30:00-04:00,1.715000033378601,1.7300000190734863,1.7000000476837158,1.7100000381469727,5791,0.0,0.0
2023-10-04 09:30:00-04:00,1.7999999523162842,1.840000033378601,1.7999999523162842,1.8240000009536743,0,0.0,0.0
2023-10-04 10:30:00-04:00,1.840000033378601,1.840000033378601,1.840000033378601,1.840000033378601,100,0.0,0.0
2023-10-04 11:30:00-04:00,1.7999999523162842,1.8899999856948853,1.7999999523162842,1.8799999952316284,2189,0.0,0.0
2023-10-04 13:30:00-04:00,1.7899999618530273,1.8600000143051147,1.7899999618530273,1.840000033378601,2304,0.0,0.0
2023-10-04 14:30:00-04:00,1.8600000143051147,1.8600000143051147,1.840000033378601,1.8600000143051147,864,0.0,0.0
2023-10-04 15:30:00-04:00,1.850000023841858,1.8700000047683716,1.850000023841858,1.8700000047683716,2457,0.0,0.0
2023-10-05 09:30:00-04:00,1.8300000429153442,1.8899999856948853,1.7799999713897705,1.7799999713897705,0,0.0,0.0
2023-10-05 10:30:00-04:00,1.815000057220459,1.840000033378601,1.7100000381469727,1.7799999713897705,7611,0.0,0.0
2023-10-05 11:30:00-04:00,1.840000033378601,1.840000033378601,1.7000000476837158,1.7200000286102295,4880,0.0,0.0
2023-10-05 12:30:00-04:00,1.8300000429153442,1.8300000429153442,1.7000000476837158,1.7999999523162842,6745,0.0,0.0
2023-10-05 13:30:00-04:00,1.7200000286102295,1.8200000524520874,1.7000000476837158,1.7100000381469727,3991,0.0,0.0
2023-10-05 14:30:00-04:00,1.7000000476837158,1.75,1.7000000476837158,1.7000000476837158,4364,0.0,0.0
2023-10-05 15:30:00-04:00,1.7000000476837158,1.7100000381469727,1.6799999475479126,1.690000057220459,0,0.0,0.0
2023-10-06 09:30:00-04:00,1.690000057220459,1.8200000524520874,1.6799999475479126,1.805899977684021,30319,0.0,0.0
2023-10-06 10:30:00-04:00,1.7549999952316284,1.8056999444961548,1.7549999952316284,1.7999999523162842,1933,0.0,0.0
2023-10-06 13:30:00-04:00,1.7699999809265137,1.7699999809265137,1.7000999450683594,1.7699999809265137,2483,0.0,0.0
2023-10-06 14:30:00-04:00,1.735700011253357,1.7651000022888184,1.735700011253357,1.7651000022888184,376,0.0,0.0
2023-10-06 15:30:00-04:00,1.7799999713897705,1.7799999713897705,1.75600004196167,1.7699999809265137,3804,0.0,0.0
2023-10-09 09:30:00-04:00,1.6299999952316284,1.7599999904632568,1.6299999952316284,1.7599999904632568,0,0.0,0.0
2023-10-09 10:30:00-04:00,1.690000057220459,1.7898999452590942,1.6799999475479126,1.7000000476837158,1696,0.0,0.0
2023-10-09 11:30:00-04:00,1.7350000143051147,1.7350000143051147,1.690000057220459,1.725000023841858,733,0.0,0.0
2023-10-09 12:30:00-04:00,1.715000033378601,1.7352999448776245,1.715000033378601,1.7352999448776245,251,0.0,0.0
2023-10-09 13:30:00-04:00,1.7400000095367432,1.7400000095367432,1.7380000352859497,1.7380000352859497,1250,0.0,0.0
2023-10-09 14:30:00-04:00,1.75,1.75,1.75,1.75,600,0.0,0.0
2023-10-09 15:30:00-04:00,1.7200000286102295,1.7400000095367432,1.7200000286102295,1.7400000095367432,593,0.0,0.0
2023-10-10 09:30:00-04:00,1.715000033378601,1.7400000095367432,1.7000000476837158,1.7400000095367432,0,0.0,0.0
2023-10-10 12:30:00-04:00,1.7400000095367432,1.75,1.7400000095367432,1.75,780,0.0,0.0
2023-10-10 13:30:00-04:00,1.7252000570297241,1.75,1.7252000570297241,1.75,326,0.0,0.0
2023-10-10 14:30:00-04:00,1.7705999612808228,1.7999999523162842,1.7705999612808228,1.7999999523162842,1255,0.0,0.0
2023-10-10 15:30:00-04:00,1.7200000286102295,1.7300000190734863,1.7200000286102295,1.7300000190734863,414,0.0,0.0
2023-10-11 09:30:00-04:00,1.659999966621399,1.7733999490737915,1.659999966621399,1.7733999490737915,950,0.0,0.0
2023-10-11 10:30:00-04:00,1.7831000089645386,1.7831000089645386,1.7831000089645386,1.7831000089645386,150,0.0,0.0
2023-10-11 11:30:00-04:00,1.7000000476837158,1.7798000574111938,1.690000057220459,1.7798000574111938,4308,0.0,0.0
2023-10-11 12:30:00-04:00,1.7300000190734863,1.7699999809265137,1.659999966621399,1.7599999904632568,3075,0.0,0.0
2023-10-11 13:30:00-04:00,1.7200000286102295,1.7891000509262085,1.7000000476837158,1.7000999450683594,6444,0.0,0.0
2023-10-11 14:30:00-04:00,1.7000000476837158,1.7833000421524048,1.6799999475479126,1.7833000421524048,1649,0.0,0.0
2023-10-11 15:30:00-04:00,1.7200000286102295,1.7200000286102295,1.7200000286102295,1.7200000286102295,0,0.0,0.0
2023-10-12 09:30:00-04:00,1.649999976158142,1.7122000455856323,1.649999976158142,1.7122000455856323,2829,0.0,0.0
2023-10-12 10:30:00-04:00,1.649999976158142,1.7300000190734863,1.649999976158142,1.7300000190734863,1729,0.0,0.0
2023-10-12 11:30:00-04:00,1.690000057220459,1.7295000553131104,1.690000057220459,1.7295000553131104,634,0.0,0.0
2023-10-12 12:30:00-04:00,1.7300000190734863,1.7300000190734863,1.7300000190734863,1.7300000190734863,184,0.0,0.0
2023-10-12 14:30:00-04:00,1.7050000429153442,1.7050000429153442,1.7050000429153442,1.7050000429153442,2003,0.0,0.0
2023-10-12 15:30:00-04:00,1.7200000286102295,1.7200000286102295,1.7000000476837158,1.7000000476837158,0,0.0,0.0
2023-10-13 09:30:00-04:00,1.7000000476837158,1.7489999532699585,1.7000000476837158,1.7489999532699585,5460,0.0,0.0
2023-10-13 10:30:00-04:00,1.659999966621399,1.7696000337600708,1.659999966621399,1.7258000373840332,0,0.0,0.0
2023-10-13 11:30:00-04:00,1.659999966621399,1.7300000190734863,1.659999966621399,1.7300000190734863,6240,0.0,0.0
2023-10-13 12:30:00-04:00,1.7300000190734863,1.7300000190734863,1.649999976158142,1.7300000190734863,4854,0.0,0.0
2023-10-13 15:30:00-04:00,1.7300000190734863,1.7300000190734863,1.7300000190734863,1.7300000190734863,204,0.0,0.0
2023-10-16 09:30:00-04:00,1.6950000524520874,1.6950000524520874,1.660099983215332,1.660099983215332,0,0.0,0.0
2023-10-16 10:30:00-04:00,1.7024999856948853,1.7300000190734863,1.7024999856948853,1.7300000190734863,292,0.0,0.0
2023-10-16 11:30:00-04:00,1.6699999570846558,1.6835999488830566,1.6699999570846558,1.6835999488830566,440,0.0,0.0
2023-10-16 12:30:00-04:00,1.690000057220459,1.690000057220459,1.690000057220459,1.690000057220459,328,0.0,0.0
2023-10-16 13:30:00-04:00,1.6799999475479126,1.7400000095367432,1.6799999475479126,1.7400000095367432,3074,0.0,0.0
2023-10-16 14:30:00-04:00,1.6950000524520874,1.7200000286102295,1.6950000524520874,1.7200000286102295,2321,0.0,0.0
2023-10-17 09:30:00-04:00,1.6950000524520874,1.6950000524520874,1.6950000524520874,1.6950000524520874,280,0.0,0.0
2023-10-17 10:30:00-04:00,1.6950000524520874,1.6950000524520874,1.6950000524520874,1.6950000524520874,902,0.0,0.0
2023-10-17 12:30:00-04:00,1.7300000190734863,1.7300000190734863,1.7300000190734863,1.7300000190734863,184,0.0,0.0
2023-10-17 13:30:00-04:00,1.7300000190734863,1.7300000190734863,1.7300000190734863,1.7300000190734863,814,0.0,0.0
2023-10-17 15:30:00-04:00,1.7400000095367432,1.7400000095367432,1.7400000095367432,1.7400000095367432,0,0.0,0.0
2023-10-18 09:30:00-04:00,1.7616000175476074,1.7616000175476074,1.7616000175476074,1.7616000175476074,1111,0.0,0.0
2023-10-18 10:30:00-04:00,1.6699999570846558,1.6699999570846558,1.6699999570846558,1.6699999570846558,0,0.0,0.0
2023-10-18 11:30:00-04:00,1.690000057220459,1.7598999738693237,1.690000057220459,1.7598999738693237,8148,0.0,0.0
2023-10-18 13:30:00-04:00,1.7259999513626099,1.7300000190734863,1.7259999513626099,1.7299000024795532,700,0.0,0.0
2023-10-18 14:30:00-04:00,1.6950000524520874,1.7210999727249146,1.6950000524520874,1.7210999727249146,550,0.0,0.0
2023-10-19 09:30:00-04:00,1.722599983215332,1.75,1.722599983215332,1.75,286,0.0,0.0
2023-10-19 10:30:00-04:00,1.73989999294281,1.7400000095367432,1.7000000476837158,1.7000000476837158,833,0.0,0.0
2023-10-19 11:30:00-04:00,1.6900999546051025,1.7300000190734863,1.6799999475479126,1.7300000190734863,1671,0.0,0.0
2023-10-19 14:30:00-04:00,1.7137999534606934,1.7137999534606934,1.7137999534606934,1.7137999534606934,1000,0.0,0.0
2023-10-20 09:30:00-04:00,1.6699999570846558,1.7400000095367432,1.6699999570846558,1.7400000095367432,0,0.0,0.0
2023-10-20 11:30:00-04:00,1.659999966621399,1.7200000286102295,1.659999966621399,1.7200000286102295,479,0.0,0.0
2023-10-20 12:30:00-04:00,1.690000057220459,1.7100000381469727,1.690000057220459,1.7100000381469727,931,0.0,0.0
2023-10-20 13:30:00-04:00,1.7200000286102295,1.7200000286102295,1.7200000286102295,1.7200000286102295,155,0.0,0.0
2023-10-20 14:30:00-04:00,1.6865999698638916,1.7200000286102295,1.6865999698638916,1.7200000286102295,1115,0.0,0.0
2023-10-23 12:30:00-04:00,1.690000057220459,1.690000057220459,1.690000057220459,1.690000057220459,0,0.0,0.0
2023-10-23 13:30:00-04:00,1.690000057220459,1.690000057220459,1.690000057220459,1.690000057220459,592,0.0,0.0
2023-10-23 14:30:00-04:00,1.6799999475479126,1.7000000476837158,1.6799999475479126,1.7000000476837158,1070,0.0,0.0
2023-10-23 15:30:00-04:00,1.659999966621399,1.659999966621399,1.659999966621399,1.659999966621399,0,0.0,0.0
2023-10-24 09:30:00-04:00,1.6603000164031982,1.7000000476837158,1.6603000164031982,1.7000000476837158,300,0.0,0.0
2023-10-24 10:30:00-04:00,1.659999966621399,1.6799999475479126,1.659999966621399,1.6799999475479126,300,0.0,0.0
2023-10-24 11:30:00-04:00,1.659999966621399,1.6699999570846558,1.659999966621399,1.6699999570846558,2899,0.0,0.0
2023-10-24 12:30:00-04:00,1.6799999475479126,1.6799999475479126,1.6799999475479126,1.6799999475479126,1583,0.0,0.0
2023-10-24 13:30:00-04:00,1.690000057220459,1.690000057220459,1.690000057220459,1.690000057220459,100,0.0,0.0
2023-10-24 14:30:00-04:00,1.688099980354309,1.688099980354309,1.688099980354309,1.688099980354309,248,0.0,0.0
2023-10-24 15:30:00-04:00,1.690000057220459,1.690000057220459,1.690000057220459,1.690000057220459,500,0.0,0.0
2023-10-25 09:30:00-04:00,1.6799999475479126,1.6799999475479126,1.6799999475479126,1.6799999475479126,100,0.0,0.0
2023-10-25 10:30:00-04:00,1.690000057220459,1.690000057220459,1.6799999475479126,1.684999942779541,703,0.0,0.0
2023-10-25 14:30:00-04:00,1.6799999475479126,1.690000057220459,1.6799999475479126,1.690000057220459,0,0.0,0.0
2023-10-26 09:30:00-04:00,1.6875,1.690000057220459,1.6875,1.690000057220459,2169,0.0,0.0
2023-10-26 10:30:00-04:00,1.6995999813079834,1.6995999813079834,1.6995999813079834,1.6995999813079834,600,0.0,0.0
2023-10-26 11:30:00-04:00,1.6969000101089478,1.6969000101089478,1.6969000101089478,1.6969000101089478,795,0.0,0.0
2023-10-26 12:30:00-04:00,1.6799999475479126,1.690000057220459,1.6799999475479126,1.690000057220459,201,0.0,0.0
2023-10-26 13:30:00-04:00,1.7000000476837158,1.7000000476837158,1.7000000476837158,1.7000000476837158,100,0.0,0.0
2023-10-26 14:30:00-04:00,1.7000000476837158,1.7000000476837158,1.7000000476837158,1.7000000476837158,1401,0.0,0.0
2023-10-26 15:30:00-04:00,1.7037999629974365,1.7100000381469727,1.7037999629974365,1.7100000381469727,0,0.0,0.0
2023-10-27 09:30:00-04:00,1.7100000381469727,1.7299000024795532,1.7100000381469727,1.7299000024795532,2583,0.0,0.0
2023-10-27 12:30:00-04:00,1.7000000476837158,1.7001999616622925,1.7000000476837158,1.7001999616622925,305,0.0,0.0
2023-10-27 13:30:00-04:00,1.7092000246047974,1.7200000286102295,1.7092000246047974,1.7200000286102295,328,0.0,0.0
2023-10-27 14:30:00-04:00,1.7036000490188599,1.7091000080108643,1.7002999782562256,1.7091000080108643,300,0.0,0.0
2023-10-27 15:30:00-04:00,1.7200000286102295,1.7200000286102295,1.7200000286102295,1.7200000286102295,150,0.0,0.0
2023-10-30 09:30:00-04:00,1.690000057220459,1.690000057220459,1.690000057220459,1.690000057220459,164,0.0,0.0
2023-10-30 10:30:00-04:00,1.7000000476837158,1.7000000476837158,1.7000000476837158,1.7000000476837158,100,0.0,0.0
2023-10-30 11:30:00-04:00,1.7000000476837158,1.7000000476837158,1.7000000476837158,1.7000000476837158,143,0.0,0.0
2023-10-30 12:30:00-04:00,1.7300000190734863,1.7300000190734863,1.7100000381469727,1.7100000381469727,1133,0.0,0.0
2023-10-30 14:30:00-04:00,1.7100000381469727,1.7100000381469727,1.7100000381469727,1.7100000381469727,151,0.0,0.0
2023-10-30 15:30:00-04:00,1.7200000286102295,1.7200000286102295,1.7100000381469727,1.7100000381469727,0,0.0,0.0
2023-10-31 10:30:00-04:00,1.7073999643325806,1.7073999643325806,1.7073999643325806,1.7073999643325806,320,0.0,0.0
2023-10-31 11:30:00-04:00,1.690000057220459,1.7100000381469727,1.690000057220459,1.7100000381469727,685,0.0,0.0
2023-10-31 12:30:00-04:00,1.7000000476837158,1.7100000381469727,1.6799999475479126,1.7100000381469727,758,0.0,0.0
2023-10-31 13:30:00-04:00,1.7000000476837158,1.7200000286102295,1.7000000476837158,1.7200000286102295,0,0.0,0.0
2023-11-01 10:30:00-04:00,1.7050000429153442,1.7200000286102295,1.7050000429153442,1.7200000286102295,494,0.0,0.0
2023-11-01 11:30:00-04:00,1.7223000526428223,1.7223000526428223,1.7223000526428223,1.7223000526428223,700,0.0,0.0
2023-11-01 12:30:00-04:00,1.6799999475479126,1.7300000190734863,1.6799999475479126,1.7300000190734863,442,0.0,0.0
2023-11-01 13:30:00-04:00,1.7300000190734863,1.7300000190734863,1.7299000024795532,1.7299000024795532,440,0.0,0.0
2023-11-01 14:30:00-04:00,1.6799999475479126,1.6799999475479126,1.6799999475479126,1.6799999475479126,161,0.0,0.0
2023-11-01 15:30:00-04:00,1.7300000190734863,1.7300000190734863,1.7300000190734863,1.7300000190734863,0,0.0,0.0
2023-11-02 09:30:00-04:00,1.690000057220459,1.715000033378601,1.690000057220459,1.690000057220459,388,0.0,0.0
2023-11-02 10:30:00-04:00,1.715000033378601,1.7300000190734863,1.715000033378601,1.7300000190734863,200,0.0,0.0
2023-11-02 11:30:00-04:00,1.7168999910354614,1.7200000286102295,1.7100000381469727,1.7200000286102295,5001,0.0,0.0
2023-11-02 12:30:00-04:00,1.7000999450683594,1.715000033378601,1.6908999681472778,1.7000000476837158,10125,0.0,0.0
2023-11-02 13:30:00-04:00,1.7086999416351318,1.7086999416351318,1.7086999416351318,1.7086999416351318,182,0.0,0.0
2023-11-02 14:30:00-04:00,1.7199000120162964,1.7199000120162964,1.7199000120162964,1.7199000120162964,110,0.0,0.0
2023-11-02 15:30:00-04:00,1.7100000381469727,1.7300000190734863,1.7000000476837158,1.7300000190734863,0,0.0,0.0
2023-11-03 09:30:00-04:00,1.7299000024795532,1.7300000190734863,1.7299000024795532,1.7300000190734863,1631,0.0,0.0
2023-11-03 10:30:00-04:00,1.75,1.7699999809265137,1.7476999759674072,1.7699999809265137,7209,0.0,0.0
2023-11-03 11:30:00-04:00,1.7899999618530273,1.7899999618530273,1.7300000190734863,1.7649999856948853,720,0.0,0.0
2023-11-03 12:30:00-04:00,1.7888000011444092,1.7899999618530273,1.75,1.75,5169,0.0,0.0
2023-11-03 13:30:00-04:00,1.763700008392334,1.7899999618530273,1.7603000402450562,1.7899999618530273,663,0.0,0.0
2023-11-03 15:30:00-04:00,1.7798999547958374,1.7798999547958374,1.7798999547958374,1.7798999547958374,1028,0.0,0.0
2023-11-06 09:30:00-05:00,1.809999942779541,1.809999942779541,1.7899999618530273,1.8099000453948975,5219,0.0,0.0
2023-11-06 10:30:00-05:00,1.809999942779541,1.809999942779541,1.809999942779541,1.809999942779541,228,0.0,0.0
2023-11-06 11:30:00-05:00,1.7899999618530273,1.850000023841858,1.7899999618530273,1.850000023841858,11006,0.0,0.0
2023-11-06 14:30:00-05:00,1.8496999740600586,1.8497999906539917,1.8496999740600586,1.8497999906539917,1634,0.0,0.0
2023-11-06 15:30:00-05:00,1.8468999862670898,1.850000023841858,1.8468999862670898,1.850000023841858,0,0.0,0.0
2023-11-07 09:30:00-05:00,1.8600000143051147,1.8799999952316284,1.8200000524520874,1.8200000524520874,1885,0.0,0.0
2023-11-07 11:30:00-05:00,1.7999999523162842,1.840000033378601,1.7999999523162842,1.840000033378601,456,0.0,0.0
2023-11-07 12:30:00-05:00,1.8200000524520874,1.8250000476837158,1.8102999925613403,1.8250000476837158,400,0.0,0.0
2023-11-07 13:30:00-05:00,1.840000033378601,1.840000033378601,1.840000033378601,1.840000033378601,150,0.0,0.0
2023-11-07 14:30:00-05:00,1.7999999523162842,1.8300000429153442,1.7999999523162842,1.8300000429153442,815,0.0,0.0
2023-11-07 15:30:00-05:00,1.840000033378601,1.840000033378601,1.840000033378601,1.840000033378601,150,0.0,0.0
2023-11-08 09:30:00-05:00,1.809999942779541,1.8799999952316284,1.809999942779541,1.8799999952316284,0,0.0,0.0
2023-11-08 10:30:00-05:00,1.8386000394821167,1.840000033378601,1.8200000524520874,1.840000033378601,1950,0.0,0.0
2023-11-08 12:30:00-05:00,1.8200000524520874,1.8300000429153442,1.8200000524520874,1.8300000429153442,250,0.0,0.0
2023-11-08 13:30:00-05:00,1.7999999523162842,1.8300000429153442,1.7999999523162842,1.8300000429153442,6200,0.0,0.0
2023-11-08 14:30:00-05:00,1.7999999523162842,1.8044999837875366,1.7999999523162842,1.7999999523162842,10727,0.0,0.0
2023-11-08 15:30:00-05:00,1.7799999713897705,1.8281999826431274,1.7799999713897705,1.8281999826431274,914,0.0,0.0
2023-11-09 10:30:00-05:00,1.8049999475479126,1.8049999475479126,1.7899999618530273,1.7899999618530273,0,0.0,0.0
2023-11-09 11:30:00-05:00,1.7899999618530273,1.7899999618530273,1.7899999618530273,1.7899999618530273,405,0.0,0.0
2023-11-09 12:30:00-05:00,1.7899999618530273,1.7899999618530273,1.7799999713897705,1.784999966621399,2513,0.0,0.0
2023-11-09 13:30:00-05:00,1.7799999713897705,1.7799999713897705,1.7699999809265137,1.7699999809265137,1499,0.0,0.0
2023-11-09 15:30:00-05:00,1.7599999904632568,1.8020000457763672,1.7599999904632568,1.8020000457763672,0,0.0,0.0
2023-11-10 09:30:00-05:00,1.7999999523162842,1.7999999523162842,1.7899999618530273,1.7899999618530273,545,0.0,0.0
2023-11-10 11:30:00-05:00,1.7300000190734863,1.7999999523162842,1.7300000190734863,1.7999999523162842,350,0.0,0.0
2023-11-10 12:30:00-05:00,1.7300000190734863,1.7300000190734863,1.7300000190734863,1.7300000190734863,100,0.0,0.0
2023-11-10 13:30:00-05:00,1.7300000190734863,1.7999999523162842,1.7300000190734863,1.7899999618530273,1153,0.0,0.0
2023-11-10 14:30:00-05:00,1.809999942779541,1.809999942779541,1.7300000190734863,1.7589000463485718,500,0.0,0.0
2023-11-10 15:30:00-05:00,1.7391999959945679,1.809999942779541,1.7391999959945679,1.809999942779541,509,0.0,0.0
2023-11-13 09:30:00-05:00,1.7999999523162842,1.7999999523162842,1.7699999809265137,1.7898000478744507,1304,0.0,0.0
2023-11-13 10:30:00-05:00,1.7400000095367432,1.7400000095367432,1.7400000095367432,1.7400000095367432,201,0.0,0.0
2023-11-13 11:30:00-05:00,1.7599999904632568,1.7899999618530273,1.7000000476837158,1.7696000337600708,1402,0.0,0.0
2023-11-13 12:30:00-05:00,1.769700050354004,1.769700050354004,1.769700050354004,1.769700050354004,100,0.0,0.0
2023-11-13 14:30:00-05:00,1.7100000381469727,1.7799999713897705,1.7000000476837158,1.7799999713897705,615,0.0,0.0
2023-11-13 15:30:00-05:00,1.7000000476837158,1.7799999713897705,1.7000000476837158,1.7799999713897705,323,0.0,0.0
2023-11-14 09:30:00-05:00,1.7000000476837158,1.7450000047683716,1.7000000476837158,1.7450000047683716,801,0.0,0.0
2023-11-14 10:30:00-05:00,1.7400000095367432,1.7799999713897705,1.7400000095367432,1.75,976,0.0,0.0
2023-11-14 11:30:00-05:00,1.75,1.7599999904632568,1.7400000095367432,1.7599999904632568,3808,0.0,0.0
2023-11-14 12:30:00-05:00,1.7799999713897705,1.7799999713897705,1.7799999713897705,1.7799999713897705,100,0.0,0.0
2023-11-14 13:30:00-05:00,1.7400000095367432,1.7799999713897705,1.7400000095367432,1.7799999713897705,257,0.0,0.0
2023-11-14 14:30:00-05:00,1.7599999904632568,1.7699999809265137,1.7400000095367432,1.7699999809265137,1562,0.0,0.0
2023-11-14 15:30:00-05:00,1.7798999547958374,1.7799999713897705,1.7798999547958374,1.7799999713897705,0,0.0,0.0
2023-11-15 09:30:00-05:00,1.7100000381469727,1.7200000286102295,1.659999966621399,1.6699999570846558,21274,0.0,0.0
2023-11-15 10:30:00-05:00,1.7100000381469727,1.75,1.6799999475479126,1.75,905,0.0,0.0
2023-11-15 11:30:00-05:00,1.6799999475479126,1.7329000234603882,1.6799999475479126,1.7000000476837158,3880,0.0,0.0
2023-11-15 12:30:00-05:00,1.7000000476837158,1.7400000095367432,1.7000000476837158,1.7400000095367432,711,0.0,0.0
2023-11-15 13:30:00-05:00,1.6699999570846558,1.7400000095367432,1.6694999933242798,1.7400000095367432,574,0.0,0.0
2023-11-15 14:30:00-05:00,1.7000000476837158,1.7300000190734863,1.659999966621399,1.7300000190734863,1516,0.0,0.0
2023-11-16 09:30:00-05:00,1.659999966621399,1.6999000310897827,1.659999966621399,1.6999000310897827,3202,0.0,0.0
2023-11-16 11:30:00-05:00,1.6900999546051025,1.692199945449829,1.659999966621399,1.692199945449829,6940,0.0,0.0
2023-11-16 12:30:00-05:00,1.6699999570846558,1.6799999475479126,1.649999976158142,1.6549999713897705,2019,0.0,0.0
2023-11-16 13:30:00-05:00,1.6597000360488892,1.7000000476837158,1.656599998474121,1.659999966621399,2690,0.0,0.0
2023-11-16 14:30:00-05:00,1.659999966621399,1.6799999475479126,1.659999966621399,1.6799999475479126,500,0.0,0.0
2023-11-16 15:30:00-05:00,1.6649999618530273,1.6699999570846558,1.6649999618530273,1.6692999601364136,676,0.0,0.0
2023-11-17 09:30:00-05:00,1.649999976158142,1.6592999696731567,1.649999976158142,1.6500999927520752,1887,0.0,0.0
2023-11-17 10:30:00-05:00,1.6598999500274658,1.6598999500274658,1.6598999500274658,1.6598999500274658,218,0.0,0.0
2023-11-17 11:30:00-05:00,1.649999976158142,1.649999976158142,1.649999976158142,1.649999976158142,3237,0.0,0.0
2023-11-17 12:30:00-05:00,1.6399999856948853,1.6401000022888184,1.6299999952316284,1.6301000118255615,3205,0.0,0.0
2023-11-17 13:30:00-05:00,1.6299999952316284,1.6299999952316284,1.6100000143051147,1.6100000143051147,3925,0.0,0.0
2023-11-17 14:30:00-05:00,1.6299999952316284,1.6299999952316284,1.6298999786376953,1.6298999786376953,484,0.0,0.0
2023-11-17 15:30:00-05:00,1.6100000143051147,1.6200000047683716,1.6100000143051147,1.6200000047683716,1350,0.0,0.0
2023-11-20 09:30:00-05:00,1.600000023841858,1.600000023841858,1.5499999523162842,1.559999942779541,0,0.0,0.0
2023-11-20 10:30:00-05:00,1.559999942779541,1.559999942779541,1.5399999618530273,1.5499999523162842,2017,0.0,0.0
2023-11-20 11:30:00-05:00,1.5498000383377075,1.559999942779541,1.5497000217437744,1.559499979019165,2884,0.0,0.0
2023-11-20 12:30:00-05:00,1.5800000429153442,1.5800000429153442,1.5499999523162842,1.5499999523162842,1022,0.0,0.0
2023-11-20 13:30:00-05:00,1.5399999618530273,1.5499999523162842,1.5398999452590942,1.5399999618530273,4226,0.0,0.0
2023-11-20 14:30:00-05:00,1.5568000078201294,1.5598000288009644,1.5299999713897705,1.5300999879837036,3439,0.0,0.0
2023-11-20 15:30:00-05:00,1.5499999523162842,1.559999942779541,1.5299999713897705,1.559999942779541,0,0.0,0.0
2023-11-21 09:30:00-05:00,1.5499999523162842,1.559999942779541,1.440000057220459,1.4900000095367432,65670,0.0,0.0
2023-11-21 10:30:00-05:00,1.4900000095367432,1.4900000095367432,1.478600025177002,1.478600025177002,2000,0.0,0.0
2023-11-21 11:30:00-05:00,1.4500999450683594,1.4500999450683594,1.4500000476837158,1.4500000476837158,6067,0.0,0.0
2023-11-21 12:30:00-05:00,1.4700000286102295,1.4744999408721924,1.468999981880188,1.468999981880188,1605,0.0,0.0
2023-11-21 13:30:00-05:00,1.4600000381469727,1.4600000381469727,1.4500000476837158,1.4500000476837158,891,0.0,0.0
2023-11-21 14:30:00-05:00,1.4500999450683594,1.4900000095367432,1.4500999450683594,1.4900000095367432,11108,0.0,0.0
2023-11-21 15:30:00-05:00,1.465000033378601,1.465000033378601,1.465000033378601,1.465000033378601,0,0.0,0.0
2023-11-22 09:30:00-05:00,1.4500000476837158,1.4600000381469727,1.3641999959945679,1.4500000476837158,20228,0.0,0.0
2023-11-22 10:30:00-05:00,1.4700000286102295,1.4700000286102295,1.4696999788284302,1.4696999788284302,3367,0.0,0.0
2023-11-22 12:30:00-05:00,1.4570000171661377,1.4570000171661377,1.4500999450683594,1.4500999450683594,3186,0.0,0.0
2023-11-22 13:30:00-05:00,1.4500000476837158,1.4500000476837158,1.4213000535964966,1.4213000535964966,1349,0.0,0.0
2023-11-22 14:30:00-05:00,1.399999976158142,1.4299999475479126,1.399999976158142,1.4149999618530273,1681,0.0,0.0
2023-11-24 09:30:00-05:00,1.3995000123977661,1.409999966621399,1.350000023841858,1.409999966621399,0,0.0,0.0
2023-11-24 11:30:00-05:00,1.3702000379562378,1.4299999475479126,1.3600000143051147,1.3949999809265137,13469,0.0,0.0
2023-11-24 12:30:00-05:00,1.4299999475479126,1.4299999475479126,1.399999976158142,1.4005000591278076,1211,0.0,0.0
2023-11-27 09:30:00-05:00,1.399999976158142,1.4500000476837158,1.399999976158142,1.4500000476837158,0,0.0,0.0
2023-11-27 10:30:00-05:00,1.4199999570846558,1.4900000095367432,1.4199999570846558,1.4900000095367432,2286,0.0,0.0
2023-11-27 11:30:00-05:00,1.440000057220459,1.440000057220459,1.440000057220459,1.440000057220459,100,0.0,0.0
2023-11-27 12:30:00-05:00,1.4700000286102295,1.4800000190734863,1.4450000524520874,1.4767999649047852,1384,0.0,0.0
2023-11-27 13:30:00-05:00,1.5199999809265137,1.5199999809265137,1.500100016593933,1.500100016593933,673,0.0,0.0
2023-11-27 14:30:00-05:00,1.5199999809265137,1.5199999809265137,1.5199999809265137,1.5199999809265137,1005,0.0,0.0
2023-11-27 15:30:00-05:00,1.5199999809265137,1.5299999713897705,1.5049999952316284,1.5219000577926636,3764,0.0,0.0
2023-11-28 09:30:00-05:00,1.5299999713897705,1.5503000020980835,1.5299999713897705,1.5499999523162842,6108,0.0,0.0
2023-11-28 10:30:00-05:00,1.5247999429702759,1.5299999713897705,1.5241999626159668,1.5299999713897705,415,0.0,0.0
2023-11-28 11:30:00-05:00,1.5299999713897705,1.5398999452590942,1.5299999713897705,1.5299999713897705,1747,0.0,0.0
2023-11-28 12:30:00-05:00,1.5399999618530273,1.5399999618530273,1.5299999713897705,1.5299999713897705,896,0.0,0.0
2023-11-28 13:30:00-05:00,1.5200999975204468,1.5399999618530273,1.5200999975204468,1.5399999618530273,350,0.0,0.0
2023-11-28 14:30:00-05:00,1.5200999975204468,1.5399999618530273,1.5200999975204468,1.5399999618530273,1292,0.0,0.0
2023-11-28 15:30:00-05:00,1.527500033378601,1.5399999618530273,1.524999976158142,1.5399999618530273,0,0.0,0.0
2023-11-29 09:30:00-05:00,1.5399999618530273,1.5400999784469604,1.5399999618530273,1.5400999784469604,964,0.0,0.0
2023-11-29 10:30:00-05:00,1.5499999523162842,1.5528000593185425,1.5499999523162842,1.5528000593185425,205,0.0,0.0
2023-11-29 11:30:00-05:00,1.5400999784469604,1.5499999523162842,1.5400999784469604,1.5427000522613525,645,0.0,0.0
2023-11-29 12:30:00-05:00,1.5499999523162842,1.5499999523162842,1.5399999618530273,1.5399999618530273,1194,0.0,0.0
2023-11-29 14:30:00-05:00,1.5399999618530273,1.5399999618530273,1.5399999618530273,1.5399999618530273,143,0.0,0.0
2023-11-29 15:30:00-05:00,1.5499999523162842,1.5499999523162842,1.5499999523162842,1.5499999523162842,0,0.0,0.0
2023-11-30 09:30:00-05:00,1.5399999618530273,1.5399999618530273,1.5399999618530273,1.5399999618530273,563,0.0,0.0
2023-11-30 11:30:00-05:00,1.5099999904632568,1.5399999618530273,1.5099999904632568,1.520799994468689,4765,0.0,0.0
2023-11-30 12:30:00-05:00,1.5199999809265137,1.5399999618530273,1.5199999809265137,1.5399999618530273,600,0.0,0.0
2023-11-30 13:30:00-05:00,1.5,1.5399999618530273,1.5,1.5399999618530273,553,0.0,0.0
2023-11-30 15:30:00-05:00,1.500100016593933,1.5399999618530273,1.500100016593933,1.5299999713897705,0,0.0,0.0
2023-12-01 09:30:00-05:00,1.5399999618530273,1.5399999618530273,1.4850000143051147,1.4850000143051147,6897,0.0,0.0
2023-12-01 10:30:00-05:00,1.5299999713897705,1.5299999713897705,1.5299999713897705,1.5299999713897705,398,0.0,0.0
2023-12-01 11:30:00-05:00,1.5399999618530273,1.5399999618530273,1.5399999618530273,1.5399999618530273,4000,0.0,0.0
2023-12-01 12:30:00-05:00,1.5099999904632568,1.5099999904632568,1.5099999904632568,1.5099999904632568,151,0.0,0.0
2023-12-01 13:30:00-05:00,1.5299999713897705,1.5299999713897705,1.5299999713897705,1.5299999713897705,502,0.0,0.0
2023-12-01 15:30:00-05:00,1.5270999670028687,1.5270999670028687,1.5270999670028687,1.5270999670028687,539,0.0,0.0
2023-12-04 09:30:00-05:00,1.5299999713897705,1.5399999618530273,1.4950000047683716,1.5399999618530273,1250,0.0,0.0
2023-12-04 10:30:00-05:00,1.5299999713897705,1.5399999618530273,1.5299999713897705,1.5399999618530273,999,0.0,0.0
2023-12-04 11:30:00-05:00,1.5399999618530273,1.5399999618530273,1.501099944114685,1.5099999904632568,2235,0.0,0.0
2023-12-04 12:30:00-05:00,1.5399999618530273,1.5399999618530273,1.5399999618530273,1.5399999618530273,2929,0.0,0.0
2023-12-04 13:30:00-05:00,1.5399999618530273,1.5399999618530273,1.5399999618530273,1.5399999618530273,400,0.0,0.0
2023-12-04 14:30:00-05:00,1.5399999618530273,1.5399999618530273,1.5399999618530273,1.5399999618530273,208,0.0,0.0
2023-12-05 09:30:00-05:00,1.5399999618530273,1.5399999618530273,1.5399999618530273,1.5399999618530273,300,0.0,0.0
2023-12-05 10:30:00-05:00,1.4700000286102295,1.5299999713897705,1.4700000286102295,1.5299999713897705,1520,0.0,0.0
2023-12-05 11:30:00-05:00,1.5299999713897705,1.5399999618530273,1.5295000076293945,1.5399999618530273,3515,0.0,0.0
2023-12-05 12:30:00-05:00,1.5399999618530273,1.5585999488830566,1.5399999618530273,1.5585999488830566,3379,0.0,0.0
2023-12-05 13:30:00-05:00,1.559999942779541,1.5800000429153442,1.559999942779541,1.5800000429153442,2116,0.0,0.0
2023-12-05 14:30:00-05:00,1.5709999799728394,1.5800000429153442,1.5399999618530273,1.559999942779541,4511,0.0,0.0
2023-12-05 15:30:00-05:00,1.5499999523162842,1.5700000524520874,1.5499999523162842,1.5700000524520874,0,0.0,0.0
2023-12-06 09:30:00-05:00,1.5700000524520874,1.5700000524520874,1.5299999713897705,1.5399999618530273,1979,0.0,0.0
2023-12-06 10:30:00-05:00,1.5399999618530273,1.5499999523162842,1.5399999618530273,1.5399999618530273,2830,0.0,0.0
2023-12-06 11:30:00-05:00,1.5399999618530273,1.5499999523162842,1.5299999713897705,1.5299999713897705,3255,0.0,0.0
2023-12-06 12:30:00-05:00,1.5299999713897705,1.5498000383377075,1.51010000705719,1.5299999713897705,11648,0.0,0.0
2023-12-06 13:30:00-05:00,1.5299999713897705,1.5499999523162842,1.5299999713897705,1.5299999713897705,1100,0.0,0.0
2023-12-06 14:30:00-05:00,1.5299999713897705,1.5299999713897705,1.5099999904632568,1.5299999713897705,3300,0.0,0.0
2023-12-06 15:30:00-05:00,1.524999976158142,1.5361000299453735,1.5099999904632568,1.5361000299453735,703,0.0,0.0
2023-12-07 09:30:00-05:00,1.5299999713897705,1.5399999618530273,1.4900000095367432,1.5149999856948853,0,0.0,0.0
2023-12-07 10:30:00-05:00,1.5,1.534999966621399,1.5,1.5049999952316284,3433,0.0,0.0
2023-12-07 11:30:00-05:00,1.5049999952316284,1.5499999523162842,1.4800000190734863,1.4900000095367432,5459,0.0,0.0
2023-12-07 12:30:00-05:00,1.4900000095367432,1.5199999809265137,1.4900000095367432,1.5049999952316284,2920,0.0,0.0
2023-12-07 13:30:00-05:00,1.4900000095367432,1.5357999801635742,1.4900000095367432,1.5153000354766846,5652,0.0,0.0
2023-12-07 14:30:00-05:00,1.4900000095367432,1.5332000255584717,1.4900000095367432,1.5099999904632568,2250,0.0,0.0
2023-12-07 15:30:00-05:00,1.5099999904632568,1.5199999809265137,1.4800000190734863,1.4800000190734863,1970,0.0,0.0
2023-12-08 09:30:00-05:00,1.4800000190734863,1.5299999713897705,1.4800000190734863,1.5199999809265137,0,0.0,0.0
2023-12-08 10:30:00-05:00,1.5068999528884888,1.5068999528884888,1.4800000190734863,1.4800000190734863,1737,0.0,0.0
2023-12-08 11:30:00-05:00,1.4800000190734863,1.4845000505447388,1.4500000476837158,1.4500000476837158,4686,0.0,0.0
2023-12-08 12:30:00-05:00,1.4550000429153442,1.4600000381469727,1.4299999475479126,1.4299999475479126,2988,0.0,0.0
2023-12-08 13:30:00-05:00,1.4600000381469727,1.4700000286102295,1.4199999570846558,1.4199999570846558,1003,0.0,0.0
2023-12-08 14:30:00-05:00,1.4450000524520874,1.4700000286102295,1.4199999570846558,1.4199999570846558,1915,0.0,0.0
2023-12-08 15:30:00-05:00,1.4450000524520874,1.4700000286102295,1.4199999570846558,1.4199999570846558,1241,0.0,0.0
2023-12-11 09:30:00-05:00,1.4800000190734863,1.4800000190734863,1.409999966621399,1.430899977684021,0,0.0,0.0
2023-12-11 10:30:00-05:00,1.409999966621399,1.4200999736785889,1.350000023841858,1.3808000087738037,15326,0.0,0.0
2023-12-11 11:30:00-05:00,1.409999966621399,1.409999966621399,1.350000023841858,1.3600000143051147,6954,0.0,0.0
2023-12-11 12:30:00-05:00,1.3600000143051147,1.4500000476837158,1.350000023841858,1.440000057220459,12620,0.0,0.0
2023-12-11 13:30:00-05:00,1.4149999618530273,1.4149999618530273,1.350000023841858,1.399999976158142,1242,0.0,0.0
2023-12-11 14:30:00-05:00,1.3799999952316284,1.3799999952316284,1.350000023841858,1.350000023841858,2514,0.0,0.0
2023-12-11 15:30:00-05:00,1.3600000143051147,1.3700000047683716,1.350000023841858,1.3600000143051147,1598,0.0,0.0
2023-12-12 09:30:00-05:00,1.3899999856948853,1.4199999570846558,1.3601000308990479,1.3880000114440918,5559,0.0,0.0
2023-12-12 10:30:00-05:00,1.3849999904632568,1.3899999856948853,1.350000023841858,1.3799999952316284,2441,0.0,0.0
2023-12-12 11:30:00-05:00,1.3650000095367432,1.3799999952316284,1.350000023841858,1.350000023841858,3956,0.0,0.0
2023-12-12 12:30:00-05:00,1.3799999952316284,1.3799999952316284,1.350000023841858,1.350000023841858,3816,0.0,0.0
2023-12-12 13:30:00-05:00,1.350000023841858,1.3600000143051147,1.350000023841858,1.350000023841858,720,0.0,0.0
2023-12-12 14:30:00-05:00,1.350000023841858,1.3600000143051147,1.350000023841858,1.350000023841858,2189,0.0,0.0
2023-12-12 15:30:00-05:00,1.340000033378601,1.3450000286102295,1.3200000524520874,1.333799958229065,4094,0.0,0.0
2023-12-13 09:30:00-05:00,1.340000033378601,1.3600000143051147,1.2100000381469727,1.2599999904632568,0,0.0,0.0
2023-12-13 10:30:00-05:00,1.25,1.309999942779541,1.2100000381469727,1.2101000547409058,2959,0.0,0.0
2023-12-13 11:30:00-05:00,1.2400000095367432,1.274999976158142,1.2100000381469727,1.2699999809265137,5369,0.0,0.0
2023-12-13 12:30:00-05:00,1.2200000286102295,1.2899999618530273,1.2200000286102295,1.2200000286102295,2821,0.0,0.0
2023-12-13 13:30:00-05:00,1.2100000381469727,1.2488000392913818,1.2000000476837158,1.2488000392913818,9235,0.0,0.0
2023-12-13 14:30:00-05:00,1.25,1.25,1.2300000190734863,1.2300000190734863,4243,0.0,0.0
2023-12-13 15:30:00-05:00,1.2300000190734863,1.2999999523162842,1.2300000190734863,1.2301000356674194,2821,0.0,0.0
2023-12-14 09:30:00-05:00,1.2599999904632568,1.3300000429153442,1.2599999904632568,1.2898999452590942,0,0.0,0.0
2023-12-14 10:30:00-05:00,1.2699999809265137,1.2899999618530273,1.2699999809265137,1.276900053024292,1450,0.0,0.0
2023-12-14 11:30:00-05:00,1.26010000705719,1.2799999713897705,1.25,1.2799999713897705,2500,0.0,0.0
2023-12-14 12:30:00-05:00,1.2599999904632568,1.2599999904632568,1.2300000190734863,1.2400000095367432,1870,0.0,0.0
2023-12-14 13:30:00-05:00,1.2300000190734863,1.25,1.2200000286102295,1.2300000190734863,1733,0.0,0.0
2023-12-14 14:30:00-05:00,1.2490999698638916,1.25,1.2200000286102295,1.25,2700,0.0,0.0
2023-12-14 15:30:00-05:00,1.2300000190734863,1.236199975013733,1.2300000190734863,1.236199975013733,206,0.0,0.0
2023-12-15 09:30:00-05:00,1.2400000095367432,1.2799999713897705,1.2200000286102295,1.2200000286102295,0,0.0,0.0
2023-12-15 10:30:00-05:00,1.2300000190734863,1.25,1.2000000476837158,1.2000000476837158,7162,0.0,0.0
2023-12-15 11:30:00-05:00,1.2100000381469727,1.2100000381469727,1.149999976158142,1.1749999523162842,6015,0.0,0.0
2023-12-15 12:30:00-05:00,1.1749999523162842,1.2000000476837158,1.1699999570846558,1.1799999475479126,2311,0.0,0.0
2023-12-15 13:30:00-05:00,1.190000057220459,1.190000057220459,1.1799999475479126,1.1799999475479126,1898,0.0,0.0
2023-12-15 14:30:00-05:00,1.1799999475479126,1.2200000286102295,1.1799999475479126,1.2200000286102295,1619,0.0,0.0
2023-12-15 15:30:00-05:00,1.2100000381469727,1.2300000190734863,1.190000057220459,1.190000057220459,3821,0.0,0.0
2023-12-18 09:30:00-05:00,1.2599999904632568,1.2599999904632568,1.190000057220459,1.190000057220459,4364,0.0,0.0
2023-12-18 10:30:00-05:00,1.1995999813079834,1.2294000387191772,1.1699999570846558,1.190000057220459,5650,0.0,0.0
2023-12-18 11:30:00-05:00,1.1699999570846558,1.245300054550171,1.1699999570846558,1.1799999475479126,1753,0.0,0.0
2023-12-18 12:30:00-05:00,1.1699999570846558,1.2050000429153442,1.1699999570846558,1.1699999570846558,1169,0.0,0.0
2023-12-18 13:30:00-05:00,1.1699999570846558,1.2350000143051147,1.1699999570846558,1.2200000286102295,1002,0.0,0.0
2023-12-18 14:30:00-05:00,1.2200000286102295,1.25,1.2200000286102295,1.25,1236,0.0,0.0
2023-12-18 15:30:00-05:00,1.25,1.2599999904632568,1.246999979019165,1.2599999904632568,1562,0.0,0.0
2023-12-19 09:30:00-05:00,1.2400000095367432,1.2899999618530273,1.2400000095367432,1.2699999809265137,5143,0.0,0.0
2023-12-19 10:30:00-05:00,1.3047000169754028,1.3047000169754028,1.2300000190734863,1.2301000356674194,3769,0.0,0.0
2023-12-19 11:30:00-05:00,1.2649999856948853,1.2668999433517456,1.2300000190734863,1.2300000190734863,1590,0.0,0.0
2023-12-19 12:30:00-05:00,1.2300000190734863,1.2400000095367432,1.2300000190734863,1.2300000190734863,2903,0.0,0.0
2023-12-19 13:30:00-05:00,1.2599999904632568,1.2599999904632568,1.2300000190734863,1.25,1303,0.0,0.0
2023-12-19 14:30:00-05:00,1.2401000261306763,1.2599999904632568,1.2300000190734863,1.2599999904632568,2233,0.0,0.0
2023-12-19 15:30:00-05:00,1.2400000095367432,1.2699999809265137,1.2400000095367432,1.2699999809265137,863,0.0,0.0
2023-12-20 09:30:00-05:00,1.2761000394821167,1.3200000524520874,1.2761000394821167,1.2899999618530273,1263,0.0,0.0
2023-12-20 10:30:00-05:00,1.2862999439239502,1.3300000429153442,1.2807999849319458,1.2910000085830688,2931,0.0,0.0
2023-12-20 11:30:00-05:00,1.2999999523162842,1.2999999523162842,1.2999999523162842,1.2999999523162842,865,0.0,0.0
2023-12-20 12:30:00-05:00,1.2999999523162842,1.2999999523162842,1.2999999523162842,1.2999999523162842,100,0.0,0.0
2023-12-20 13:30:00-05:00,1.2999999523162842,1.3300000429153442,1.2999999523162842,1.3300000429153442,1260,0.0,0.0
2023-12-20 14:30:00-05:00,1.3049999475479126,1.3049999475479126,1.3049999475479126,1.3049999475479126,355,0.0,0.0
2023-12-20 15:30:00-05:00,1.319000005722046,1.319000005722046,1.319000005722046,1.319000005722046,101,0.0,0.0
2023-12-21 09:30:00-05:00,1.3478000164031982,1.350000023841858,1.2999999523162842,1.350000023841858,1250,0.0,0.0
2023-12-21 10:30:00-05:00,1.340000033378601,1.3690999746322632,1.340000033378601,1.3690999746322632,6210,0.0,0.0
2023-12-21 12:30:00-05:00,1.340000033378601,1.350000023841858,1.340000033378601,1.350000023841858,2311,0.0,0.0
2023-12-21 13:30:00-05:00,1.3700000047683716,1.3700000047683716,1.3700000047683716,1.3700000047683716,125,0.0,0.0
2023-12-21 14:30:00-05:00,1.3700000047683716,1.3799999952316284,1.3600000143051147,1.3799999952316284,716,0.0,0.0
2023-12-21 15:30:00-05:00,1.3799999952316284,1.3956999778747559,1.3799999952316284,1.3956999778747559,1653,0.0,0.0
2023-12-22 09:30:00-05:00,1.399999976158142,1.409999966621399,1.3568999767303467,1.3899999856948853,22141,0.0,0.0
2023-12-22 10:30:00-05:00,1.3964999914169312,1.4050999879837036,1.3899999856948853,1.4050999879837036,1350,0.0,0.0
2023-12-22 11:30:00-05:00,1.4049999713897705,1.4199999570846558,1.4049999713897705,1.4105000495910645,6974,0.0,0.0
2023-12-22 12:30:00-05:00,1.4299999475479126,1.4299999475479126,1.399999976158142,1.399999976158142,3188,0.0,0.0
2023-12-22 13:30:00-05:00,1.399999976158142,1.4299999475479126,1.3984999656677246,1.4299999475479126,1657,0.0,0.0
2023-12-22 14:30:00-05:00,1.429900050163269,1.4500000476837158,1.4199999570846558,1.4500000476837158,10040,0.0,0.0
2023-12-22 15:30:00-05:00,1.440000057220459,1.4500000476837158,1.440000057220459,1.4500000476837158,880,0.0,0.0
2023-12-26 09:30:00-05:00,1.3799999952316284,1.4800000190734863,1.3799999952316284,1.4800000190734863,5620,0.0,0.0
2023-12-26 10:30:00-05:00,1.4600000381469727,1.5,1.4600000381469727,1.4809999465942383,3355,0.0,0.0
2023-12-26 11:30:00-05:00,1.5,1.5,1.4874999523162842,1.4874999523162842,2183,0.0,0.0
2023-12-26 12:30:00-05:00,1.5,1.500100016593933,1.4700000286102295,1.4700000286102295,598,0.0,0.0
2023-12-26 13:30:00-05:00,1.4950000047683716,1.5199999809265137,1.4950000047683716,1.5199999809265137,3125,0.0,0.0
2023-12-26 14:30:00-05:00,1.5299999713897705,1.559999942779541,1.5,1.559999942779541,6183,0.0,0.0
2023-12-26 15:30:00-05:00,1.5499999523162842,1.5499999523162842,1.5299999713897705,1.5299999713897705,1196,0.0,0.0
2023-12-27 09:30:00-05:00,1.5199999809265137,1.5199999809265137,1.5199999809265137,1.5199999809265137,408,0.0,0.0
2023-12-27 10:30:00-05:00,1.5413999557495117,1.5413999557495117,1.5413999557495117,1.5413999557495117,600,0.0,0.0
2023-12-27 11:30:00-05:00,1.5499999523162842,1.6200000047683716,1.5499999523162842,1.6198999881744385,17691,0.0,0.0
2023-12-27 12:30:00-05:00,1.6299999952316284,1.6399999856948853,1.6299999952316284,1.6399999856948853,8472,0.0,0.0
2023-12-27 14:30:00-05:00,1.6398999691009521,1.6399999856948853,1.6200000047683716,1.6349999904632568,8351,0.0,0.0
2023-12-27 15:30:00-05:00,1.6200000047683716,1.6299999952316284,1.6200000047683716,1.6299999952316284,309,0.0,0.0
2023-12-28 09:30:00-05:00,1.6299999952316284,1.6299999952316284,1.6100000143051147,1.6100000143051147,0,0.0,0.0
2023-12-28 10:30:00-05:00,1.6399999856948853,1.6399999856948853,1.6398999691009521,1.6398999691009521,1732,0.0,0.0
2023-12-28 11:30:00-05:00,1.6349999904632568,1.6349999904632568,1.6200000047683716,1.6200000047683716,250,0.0,0.0
2023-12-28 12:30:00-05:00,1.6442999839782715,1.6442999839782715,1.6442999839782715,1.6442999839782715,800,0.0,0.0
2023-12-28 13:30:00-05:00,1.649999976158142,1.649999976158142,1.649999976158142,1.649999976158142,112,0.0,0.0
2023-12-28 14:30:00-05:00,1.6399999856948853,1.6399999856948853,1.6399999856948853,1.6399999856948853,10729,0.0,0.0
2023-12-28 15:30:00-05:00,1.6349999904632568,1.6349999904632568,1.6349999904632568,1.6349999904632568,0,0.0,0.0
2023-12-29 09:30:00-05:00,1.6399999856948853,1.6399999856948853,1.6399999856948853,1.6399999856948853,1702,0.0,0.0
2023-12-29 10:30:00-05:00,1.6349999904632568,1.6349999904632568,1.6349999904632568,1.6349999904632568,194,0.0,0.0
2023-12-29 11:30:00-05:00,1.6349999904632568,1.6399999856948853,1.625,1.625,4521,0.0,0.0
2023-12-29 12:30:00-05:00,1.625,1.625,1.625,1.625,750,0.0,0.0
2023-12-29 13:30:00-05:00,1.6210999488830566,1.6210999488830566,1.6210999488830566,1.6210999488830566,241,0.0,0.0
2023-12-29 14:30:00-05:00,1.620300054550171,1.620300054550171,1.6100000143051147,1.6100000143051147,5481,0.0,0.0
2023-12-29 15:30:00-05:00,1.6200000047683716,1.659999966621399,1.6200000047683716,1.649999976158142,4004,0.0,0.0
2024-01-02 09:30:00-05:00,1.649999976158142,1.649999976158142,1.649999976158142,1.649999976158142,0,0.0,0.0
2024-01-02 10:30:00-05:00,1.649999976158142,1.6959999799728394,1.649999976158142,1.6950000524520874,4310,0.0,0.0
2024-01-02 11:30:00-05:00,1.7000000476837158,1.7000000476837158,1.7000000476837158,1.7000000476837158,2720,0.0,0.0
2024-01-02 12:30:00-05:00,1.7100000381469727,1.7100000381469727,1.7001999616622925,1.7001999616622925,1690,0.0,0.0
2024-01-02 13:30:00-05:00,1.7099000215530396,1.7100000381469727,1.708299994468689,1.708299994468689,1059,0.0,0.0
2024-01-03 09:30:00-05:00,1.7200000286102295,1.7200000286102295,1.690000057220459,1.7099000215530396,4643,0.0,0.0
2024-01-03 10:30:00-05:00,1.6799999475479126,1.690000057220459,1.6799999475479126,1.690000057220459,320,0.0,0.0
2024-01-03 12:30:00-05:00,1.659999966621399,1.659999966621399,1.659999966621399,1.659999966621399,102,0.0,0.0
2024-01-03 13:30:00-05:00,1.6349999904632568,1.659999966621399,1.6349999904632568,1.659999966621399,1122,0.0,0.0
2024-01-03 15:30:00-05:00,1.6399999856948853,1.659999966621399,1.6399999856948853,1.655500054359436,0,0.0,0.0
2024-01-04 09:30:00-05:00,1.7000000476837158,1.7000000476837158,1.7000000476837158,1.7000000476837158,1456,0.0,0.0
2024-01-04 10:30:00-05:00,1.644700050354004,1.644700050354004,1.644700050354004,1.644700050354004,462,0.0,0.0
2024-01-04 11:30:00-05:00,1.655400037765503,1.690000057220459,1.655400037765503,1.690000057220459,522,0.0,0.0
2024-01-04 12:30:00-05:00,1.649999976158142,1.6621999740600586,1.649999976158142,1.6621999740600586,405,0.0,0.0
2024-01-04 13:30:00-05:00,1.6399999856948853,1.659999966621399,1.6026999950408936,1.659999966621399,1949,0.0,0.0
2024-01-04 14:30:00-05:00,1.649999976158142,1.6699999570846558,1.6349999904632568,1.6349999904632568,801,0.0,0.0
2024-01-04 15:30:00-05:00,1.669800043106079,1.6699999570846558,1.669800043106079,1.6699999570846558,234,0.0,0.0
2024-01-05 09:30:00-05:00,1.7000000476837158,1.7000000476837158,1.7000000476837158,1.7000000476837158,137,0.0,0.0
2024-01-05 10:30:00-05:00,1.659999966621399,1.6699999570846558,1.652999997138977,1.6699999570846558,950,0.0,0.0
2024-01-05 12:30:00-05:00,1.6699999570846558,1.6699999570846558,1.6578999757766724,1.6578999757766724,357,0.0,0.0
2024-01-05 13:30:00-05:00,1.6699999570846558,1.6699999570846558,1.6699999570846558,1.6699999570846558,171,0.0,0.0
2024-01-05 14:30:00-05:00,1.649999976158142,1.6699999570846558,1.649999976158142,1.6699999570846558,202,0.0,0.0
2024-01-08 09:30:00-05:00,1.690000057220459,1.690000057220459,1.649999976158142,1.649999976158142,3430,0.0,0.0
2024-01-08 10:30:00-05:00,1.6399999856948853,1.6399999856948853,1.6230000257492065,1.6399999856948853,749,0.0,0.0
2024-01-08 15:30:00-05:00,1.6299999952316284,1.6399999856948853,1.6299999952316284,1.6399999856948853,459,0.0,0.0
2024-01-09 09:30:00-05:00,1.559999942779541,1.6405999660491943,1.5499999523162842,1.628999948501587,2192,0.0,0.0
2024-01-09 10:30:00-05:00,1.559999942779541,1.6100000143051147,1.559999942779541,1.6100000143051147,1642,0.0,0.0
2024-01-09 11:30:00-05:00,1.6100000143051147,1.6100000143051147,1.6100000143051147,1.6100000143051147,522,0.0,0.0
2024-01-09 12:30:00-05:00,1.6100000143051147,1.6200000047683716,1.6026999950408936,1.6026999950408936,5000,0.0,0.0
2024-01-09 13:30:00-05:00,1.649999976158142,1.659999966621399,1.649999976158142,1.659999966621399,301,0.0,0.0
2024-01-09 14:30:00-05:00,1.649999976158142,1.649999976158142,1.649999976158142,1.649999976158142,221,0.0,0.0
2024-01-09 15:30:00-05:00,1.6150000095367432,1.6150000095367432,1.600000023841858,1.6150000095367432,10096,0.0,0.0
2024-01-10 09:30:00-05:00,1.649999976158142,1.659999966621399,1.625,1.659999966621399,0,0.0,0.0
2024-01-10 13:30:00-05:00,1.6399999856948853,1.6399999856948853,1.6274000406265259,1.6399999856948853,0,0.0,0.0
2024-01-11 10:30:00-05:00,1.590000033378601,1.628600001335144,1.5,1.5499999523162842,5133,0.0,0.0
2024-01-11 11:30:00-05:00,1.541100025177002,1.638200044631958,1.5399999618530273,1.638200044631958,3822,0.0,0.0
2024-01-11 14:30:00-05:00,1.5700000524520874,1.5700000524520874,1.5700000524520874,1.5700000524520874,613,0.0,0.0
2024-01-11 15:30:00-05:00,1.5464999675750732,1.559999942779541,1.5399999618530273,1.559999942779541,0,0.0,0.0
2024-01-12 09:30:00-05:00,1.6200000047683716,1.6399999856948853,1.6200000047683716,1.6399999856948853,3352,0.0,0.0
2024-01-12 10:30:00-05:00,1.6299999952316284,1.6299999952316284,1.6200000047683716,1.6200000047683716,4451,0.0,0.0
2024-01-12 11:30:00-05:00,1.5800000429153442,1.590000033378601,1.5722999572753906,1.590000033378601,2460,0.0,0.0
2024-01-12 12:30:00-05:00,1.6150000095367432,1.6299999952316284,1.6100000143051147,1.6299999952316284,900,0.0,0.0
2024-01-12 13:30:00-05:00,1.6186000108718872,1.6299999952316284,1.6186000108718872,1.6299999952316284,713,0.0,0.0
2024-01-12 14:30:00-05:00,1.5800000429153442,1.6200000047683716,1.5800000429153442,1.6200000047683716,239,0.0,0.0
2024-01-16 09:30:00-05:00,1.5299999713897705,1.6299999952316284,1.5299999713897705,1.6299999952316284,3696,0.0,0.0
2024-01-16 11:30:00-05:00,1.5549999475479126,1.5800000429153442,1.5549999475479126,1.5693999528884888,756,0.0,0.0
2024-01-16 12:30:00-05:00,1.5499999523162842,1.559999942779541,1.5369999408721924,1.5399999618530273,8025,0.0,0.0
2024-01-16 13:30:00-05:00,1.5399999618530273,1.5800000429153442,1.5399999618530273,1.5800000429153442,2709,0.0,0.0
2024-01-16 14:30:00-05:00,1.559499979019165,1.5799000263214111,1.5499999523162842,1.5799000263214111,6200,0.0,0.0
2024-01-16 15:30:00-05:00,1.5700000524520874,1.6100000143051147,1.5700000524520874,1.6100000143051147,0,0.0,0.0
2024-01-17 09:30:00-05:00,1.590000033378601,1.6100000143051147,1.590000033378601,1.600000023841858,948,0.0,0.0
2024-01-17 14:30:00-05:00,1.570099949836731,1.600000023841858,1.570099949836731,1.5950000286102295,4182,0.0,0.0
2024-01-17 15:30:00-05:00,1.590000033378601,1.590000033378601,1.590000033378601,1.590000033378601,0,0.0,0.0
2024-01-18 10:30:00-05:00,1.5800000429153442,1.5800000429153442,1.5800000429153442,1.5800000429153442,297,0.0,0.0
2024-01-18 13:30:00-05:00,1.5299999713897705,1.5299999713897705,1.5299999713897705,1.5299999713897705,100,0.0,0.0
2024-01-18 14:30:00-05:00,1.5499999523162842,1.5499999523162842,1.5499999523162842,1.5499999523162842,0,0.0,0.0
2024-01-19 09:30:00-05:00,1.5299999713897705,1.5399999618530273,1.5299999713897705,1.5377000570297241,828,0.0,0.0
2024-01-19 10:30:00-05:00,1.5499999523162842,1.5499999523162842,1.5499999523162842,1.5499999523162842,358,0.0,0.0
2024-01-19 11:30:00-05:00,1.5299999713897705,1.5401999950408936,1.5299999713897705,1.5401999950408936,400,0.0,0.0
2024-01-19 12:30:00-05:00,1.5499999523162842,1.5499999523162842,1.5499999523162842,1.5499999523162842,175,0.0,0.0
2024-01-19 13:30:00-05:00,1.531999945640564,1.5499999523162842,1.531999945640564,1.5499999523162842,520,0.0,0.0
2024-01-19 14:30:00-05:00,1.5399999618530273,1.559999942779541,1.5299999713897705,1.559999942779541,3405,0.0,0.0
2024-01-19 15:30:00-05:00,1.559999942779541,1.559999942779541,1.559999942779541,1.559999942779541,160,0.0,0.0
2024-01-22 09:30:00-05:00,1.2999999523162842,1.5199999809265137,1.2999999523162842,1.5199999809265137,20851,0.0,0.0
2024-01-22 10:30:00-05:00,1.4550000429153442,1.4896999597549438,1.4500000476837158,1.4600000381469727,4748,0.0,0.0
2024-01-22 11:30:00-05:00,1.4550000429153442,1.4600000381469727,0.853600025177002,1.1299999952316284,153367,0.0,0.0
2024-01-22 12:30:00-05:00,1.1299999952316284,1.225000023841858,1.1299999952316284,1.2200000286102295,13013,0.0,0.0
2024-01-22 13:30:00-05:00,1.2100000381469727,1.2200000286102295,1.1699999570846558,1.1699999570846558,1738,0.0,0.0
2024-01-22 14:30:00-05:00,1.2100000381469727,1.2100000381469727,1.184999942779541,1.2100000381469727,2407,0.0,0.0
2024-01-22 15:30:00-05:00,1.1799999475479126,1.2100000381469727,1.149999976158142,1.149999976158142,22946,0.0,0.0
2024-01-23 09:30:00-05:00,1.1299999952316284,1.2200000286102295,1.0549999475479126,1.2199000120162964,10382,0.0,0.0
2024-01-23 10:30:00-05:00,1.1799999475479126,1.2999999523162842,1.1799999475479126,1.222100019454956,12092,0.0,0.0
2024-01-23 11:30:00-05:00,1.2000000476837158,1.2300000190734863,1.149999976158142,1.2000000476837158,9524,0.0,0.0
2024-01-23 12:30:00-05:00,1.159999966621399,1.190000057220459,1.1549999713897705,1.190000057220459,1335,0.0,0.0
2024-01-23 13:30:00-05:00,1.1200000047683716,1.149999976158142,1.090000033378601,1.090000033378601,8670,0.0,0.0
2024-01-23 14:30:00-05:00,1.0700000524520874,1.0800000429153442,1.0299999713897705,1.0800000429153442,6142,0.0,0.0
2024-01-23 15:30:00-05:00,1.0800000429153442,1.1799999475479126,1.0799000263214111,1.149999976158142,8806,0.0,0.0
2024-01-24 09:30:00-05:00,1.2000000476837158,1.2999999523162842,1.2000000476837158,1.2799999713897705,0,0.0,0.0
2024-01-24 10:30:00-05:00,1.2999999523162842,1.2999999523162842,1.2100000381469727,1.2799999713897705,5317,0.0,0.0
2024-01-24 11:30:00-05:00,1.25,1.2799999713897705,1.25,1.2799999713897705,4605,0.0,0.0
2024-01-24 13:30:00-05:00,1.2799999713897705,1.2999999523162842,1.2699999809265137,1.2999999523162842,5353,0.0,0.0
2024-01-24 14:30:00-05:00,1.2899999618530273,1.2999999523162842,1.2599999904632568,1.284999966621399,4457,0.0,0.0
2024-01-24 15:30:00-05:00,1.2999999523162842,1.2999999523162842,1.2899999618530273,1.2999999523162842,514,0.0,0.0
2024-01-25 09:30:00-05:00,1.340000033378601,1.340000033378601,1.2297999858856201,1.2300000190734863,5173,0.0,0.0
2024-01-25 10:30:00-05:00,1.2999999523162842,1.2999999523162842,1.2954000234603882,1.2954000234603882,1486,0.0,0.0
2024-01-25 11:30:00-05:00,1.2999000549316406,1.2999000549316406,1.2999000549316406,1.2999000549316406,100,0.0,0.0
2024-01-25 12:30:00-05:00,1.2899999618530273,1.2999999523162842,1.2799999713897705,1.2999999523162842,500,0.0,0.0
2024-01-25 13:30:00-05:00,1.284999966621399,1.284999966621399,1.284999966621399,1.284999966621399,204,0.0,0.0
2024-01-25 14:30:00-05:00,1.284999966621399,1.2899999618530273,1.2699999809265137,1.2899999618530273,1233,0.0,0.0
2024-01-25 15:30:00-05:00,1.281999945640564,1.281999945640564,1.281999945640564,1.281999945640564,128,0.0,0.0
2024-01-26 09:30:00-05:00,1.2899999618530273,1.2899999618530273,1.2100000381469727,1.2100000381469727,2837,0.0,0.0
2024-01-26 10:30:00-05:00,1.2200000286102295,1.2300000190734863,1.1504000425338745,1.2000000476837158,5362,0.0,0.0
2024-01-26 11:30:00-05:00,1.2799999713897705,1.2799999713897705,1.2799999713897705,1.2799999713897705,103,0.0,0.0
2024-01-26 15:30:00-05:00,1.2200000286102295,1.2200000286102295,1.2200000286102295,1.2200000286102295,468,0.0,0.0
2024-01-29 09:30:00-05:00,1.2300000190734863,1.2899999618530273,1.2021000385284424,1.2300000190734863,0,0.0,0.0
2024-01-29 10:30:00-05:00,1.2100000381469727,1.2799999713897705,1.2000000476837158,1.2799999713897705,1358,0.0,0.0
2024-01-29 14:30:00-05:00,1.2300000190734863,1.2300000190734863,1.2000000476837158,1.2300000190734863,810,0.0,0.0
2024-01-29 15:30:00-05:00,1.2000000476837158,1.2100000381469727,1.2000000476837158,1.2100000381469727,639,0.0,0.0
2024-01-30 09:30:00-05:00,1.1699999570846558,1.25,1.1699999570846558,1.25,464,0.0,0.0
2024-01-30 13:30:00-05:00,1.2000000476837158,1.2699999809265137,1.2000000476837158,1.2699999809265137,0,0.0,0.0
2024-01-31 09:30:00-05:00,1.2100000381469727,1.2100000381469727,1.2000000476837158,1.2000999450683594,864,0.0,0.0
2024-01-31 10:30:00-05:00,1.2200000286102295,1.2200000286102295,1.2200000286102295,1.2200000286102295,100,0.0,0.0
2024-01-31 11:30:00-05:00,1.25,1.25,1.25,1.25,221,0.0,0.0
2024-01-31 15:30:00-05:00,1.2000000476837158,1.2200000286102295,1.2000000476837158,1.2199000120162964,360,0.0,0.0
2024-02-01 09:30:00-05:00,1.2263000011444092,1.2532999515533447,1.2263000011444092,1.2532999515533447,505,0.0,0.0
2024-02-01 10:30:00-05:00,1.2300000190734863,1.2553000450134277,1.2300000190734863,1.25,1455,0.0,0.0
2024-02-01 11:30:00-05:00,1.249899983406067,1.249899983406067,1.249899983406067,1.249899983406067,5000,0.0,0.0
2024-02-01 12:30:00-05:00,1.2300000190734863,1.25,1.2300000190734863,1.25,1311,0.0,0.0
2024-02-01 13:30:00-05:00,1.215000033378601,1.2299000024795532,1.215000033378601,1.2299000024795532,201,0.0,0.0
2024-02-01 14:30:00-05:00,1.2300000190734863,1.2300000190734863,1.2100000381469727,1.2100000381469727,351,0.0,0.0
2024-02-02 09:30:00-05:00,1.2300000190734863,1.2422000169754028,1.2300000190734863,1.2422000169754028,611,0.0,0.0
2024-02-02 11:30:00-05:00,1.2187999486923218,1.2187999486923218,1.2000000476837158,1.2000000476837158,3813,0.0,0.0
2024-02-02 12:30:00-05:00,1.149999976158142,1.184999942779541,1.149999976158142,1.177899956703186,1453,0.0,0.0
2024-02-02 13:30:00-05:00,1.190000057220459,1.2000000476837158,1.1699999570846558,1.1700999736785889,4898,0.0,0.0
2024-02-02 14:30:00-05:00,1.2000000476837158,1.2000000476837158,1.1299999952316284,1.1299999952316284,1114,0.0,0.0
2024-02-02 15:30:00-05:00,1.149999976158142,1.190000057220459,1.1198999881744385,1.190000057220459,6510,0.0,0.0
2024-02-05 09:30:00-05:00,1.159999966621399,1.1698999404907227,1.149999976158142,1.1698999404907227,682,0.0,0.0
2024-02-05 10:30:00-05:00,1.1500999927520752,1.190000057220459,1.149999976158142,1.190000057220459,881,0.0,0.0
2024-02-05 11:30:00-05:00,1.184399962425232,1.190000057220459,1.159999966621399,1.190000057220459,1222,0.0,0.0
2024-02-05 12:30:00-05:00,1.1799999475479126,1.1799999475479126,1.1799999475479126,1.1799999475479126,100,0.0,0.0
2024-02-05 13:30:00-05:00,1.1749999523162842,1.2350000143051147,1.1749999523162842,1.2300000190734863,0,0.0,0.0
2024-02-06 09:30:00-05:00,1.2100000381469727,1.238700032234192,1.2100000381469727,1.238700032234192,523,0.0,0.0
2024-02-06 10:30:00-05:00,1.2000000476837158,1.2200000286102295,1.2000000476837158,1.2200000286102295,201,0.0,0.0
2024-02-06 11:30:00-05:00,1.2300000190734863,1.2300000190734863,1.2300000190734863,1.2300000190734863,254,0.0,0.0
2024-02-06 13:30:00-05:00,1.2200000286102295,1.2200000286102295,1.2100000381469727,1.2101000547409058,751,0.0,0.0
2024-02-06 14:30:00-05:00,1.2300000190734863,1.2300000190734863,1.2101000547409058,1.2300000190734863,6200,0.0,0.0
2024-02-06 15:30:00-05:00,1.2259999513626099,1.2599999904632568,1.2259999513626099,1.2599999904632568,0,0.0,0.0
2024-02-07 14:30:00-05:00,1.176800012588501,1.176800012588501,1.176800012588501,1.176800012588501,887,0.0,0.0
2024-02-07 15:30:00-05:00,1.2000000476837158,1.2000000476837158,1.1999000310897827,1.2000000476837158,753,0.0,0.0
2024-02-08 09:30:00-05:00,1.2000000476837158,1.25,1.2000000476837158,1.2000000476837158,909,0.0,0.0
2024-02-08 10:30:00-05:00,1.1592999696731567,1.2300000190734863,1.149999976158142,1.2300000190734863,4260,0.0,0.0
2024-02-08 11:30:00-05:00,1.1699999570846558,1.2200000286102295,1.1699999570846558,1.2200000286102295,302,0.0,0.0
2024-02-08 13:30:00-05:00,1.2200000286102295,1.2200000286102295,1.2200000286102295,1.2200000286102295,400,0.0,0.0
2024-02-08 14:30:00-05:00,1.2100000381469727,1.2200000286102295,1.2100000381469727,1.2200000286102295,0,0.0,0.0
2024-02-09 10:30:00-05:00,1.1557999849319458,1.2300000190734863,1.1557999849319458,1.2201000452041626,2085,0.0,0.0
2024-02-09 11:30:00-05:00,1.2599999904632568,1.2599999904632568,1.2599999904632568,1.2599999904632568,100,0.0,0.0
2024-02-09 12:30:00-05:00,1.2200000286102295,1.2400000095367432,1.2200000286102295,1.2400000095367432,1060,0.0,0.0
2024-02-09 13:30:00-05:00,1.2299000024795532,1.2300000190734863,1.2100000381469727,1.2300000190734863,311,0.0,0.0
2024-02-12 09:30:00-05:00,1.159999966621399,1.159999966621399,1.159999966621399,1.159999966621399,301,0.0,0.0
2024-02-12 10:30:00-05:00,1.2300000190734863,1.2599999904632568,1.2300000190734863,1.25,1007,0.0,0.0
2024-02-12 12:30:00-05:00,1.2300000190734863,1.2300000190734863,1.2300000190734863,1.2300000190734863,1067,0.0,0.0
2024-02-12 13:30:00-05:00,1.2300000190734863,1.2400000095367432,1.2300000190734863,1.2400000095367432,437,0.0,0.0
2024-02-12 15:30:00-05:00,1.1878000497817993,1.2200000286102295,1.1878000497817993,1.2200000286102295,2308,0.0,0.0
2024-02-13 09:30:00-05:00,1.1699999570846558,1.2200000286102295,1.1699999570846558,1.2200000286102295,627,0.0,0.0
2024-02-13 11:30:00-05:00,1.1699999570846558,1.2200000286102295,1.1699999570846558,1.2200000286102295,5608,0.0,0.0
2024-02-13 15:30:00-05:00,1.2000000476837158,1.2000000476837158,1.2000000476837158,1.2000000476837158,104,0.0,0.0
2024-02-14 09:30:00-05:00,1.2300000190734863,1.2400000095367432,1.1972999572753906,1.2400000095367432,0,0.0,0.0
2024-02-14 10:30:00-05:00,1.2300000190734863,1.2300000190734863,1.2300000190734863,1.2300000190734863,2472,0.0,0.0
2024-02-14 11:30:00-05:00,1.2100000381469727,1.2300000190734863,1.2100000381469727,1.2300000190734863,501,0.0,0.0
2024-02-14 12:30:00-05:00,1.2249000072479248,1.2300000190734863,1.2249000072479248,1.2300000190734863,354,0.0,0.0
2024-02-14 13:30:00-05:00,1.2121000289916992,1.2400000095367432,1.2100000381469727,1.2400000095367432,0,0.0,0.0
2024-02-15 09:30:00-05:00,1.1950000524520874,1.4800000190734863,1.1950000524520874,1.3200000524520874,46148,0.0,0.0
2024-02-15 10:30:00-05:00,1.309999942779541,1.309999942779541,1.2999999523162842,1.309999942779541,4295,0.0,0.0
2024-02-15 11:30:00-05:00,1.309999942779541,1.350000023841858,1.309999942779541,1.350000023841858,6530,0.0,0.0
2024-02-15 12:30:00-05:00,1.3200000524520874,1.3300000429153442,1.3200000524520874,1.3300000429153442,5813,0.0,0.0
2024-02-15 13:30:00-05:00,1.326300024986267,1.3300000429153442,1.3122999668121338,1.3295999765396118,5759,0.0,0.0
2024-02-15 14:30:00-05:00,1.3108999729156494,1.3300000429153442,1.2999999523162842,1.3300000429153442,6844,0.0,0.0
2024-02-15 15:30:00-05:00,1.3274999856948853,1.3300000429153442,1.3274999856948853,1.3300000429153442,0,0.0,0.0
2024-02-16 09:30:00-05:00,1.2899999618530273,1.3200000524520874,1.2799999713897705,1.2899999618530273,9368,0.0,0.0
2024-02-16 10:30:00-05:00,1.309999942779541,1.3600000143051147,1.309999942779541,1.3600000143051147,23964,0.0,0.0
2024-02-16 11:30:00-05:00,1.3300000429153442,1.3600000143051147,1.309999942779541,1.3600000143051147,2770,0.0,0.0
2024-02-16 12:30:00-05:00,1.3600000143051147,1.3700000047683716,1.3600000143051147,1.3700000047683716,358,0.0,0.0
2024-02-16 13:30:00-05:00,1.3700000047683716,1.3700000047683716,1.3700000047683716,1.3700000047683716,1000,0.0,0.0
2024-02-16 14:30:00-05:00,1.3700000047683716,1.3799999952316284,1.3550000190734863,1.3600000143051147,11379,0.0,0.0
2024-02-16 15:30:00-05:00,1.3799999952316284,1.4185999631881714,1.3799999952316284,1.4185999631881714,8317,0.0,0.0
2024-02-20 09:30:00-05:00,1.4199999570846558,1.4199999570846558,1.350000023841858,1.3600000143051147,11403,0.0,0.0
2024-02-20 10:30:00-05:00,1.3665000200271606,1.399999976158142,1.3655999898910522,1.3849999904632568,13996,0.0,0.0
2024-02-20 11:30:00-05:00,1.399999976158142,1.399999976158142,1.3986999988555908,1.3986999988555908,200,0.0,0.0
2024-02-20 12:30:00-05:00,1.409999966621399,1.409999966621399,1.3700000047683716,1.3700000047683716,485,0.0,0.0
2024-02-20 13:30:00-05:00,1.3601000308990479,1.3799999952316284,1.3600000143051147,1.3799999952316284,3550,0.0,0.0
2024-02-20 14:30:00-05:00,1.340000033378601,1.409999966621399,1.309999942779541,1.409999966621399,2029,0.0,0.0
2024-02-20 15:30:00-05:00,1.3700000047683716,1.3799999952316284,1.350000023841858,1.3799999952316284,1446,0.0,0.0
2024-02-21 09:30:00-05:00,1.295300006866455,1.3799999952316284,1.295300006866455,1.3799999952316284,1656,0.0,0.0
2024-02-21 10:30:00-05:00,1.3600000143051147,1.3799999952316284,1.2800999879837036,1.3799999952316284,8392,0.0,0.0
2024-02-21 11:30:00-05:00,1.350000023841858,1.3700000047683716,1.309999942779541,1.3100999593734741,1534,0.0,0.0
2024-02-21 12:30:00-05:00,1.3270000219345093,1.3801000118255615,1.3157000541687012,1.3801000118255615,12922,0.0,0.0
2024-02-21 13:30:00-05:00,1.3898999691009521,1.409999966621399,1.3898999691009521,1.409999966621399,2346,0.0,0.0
2024-02-21 14:30:00-05:00,1.3899999856948853,1.3899999856948853,1.3799999952316284,1.3799999952316284,2985,0.0,0.0
2024-02-21 15:30:00-05:00,1.3799999952316284,1.399999976158142,1.3799999952316284,1.399999976158142,0,0.0,0.0
2024-02-22 09:30:00-05:00,1.350000023841858,1.3899999856948853,1.350000023841858,1.3899999856948853,765,0.0,0.0
2024-02-22 10:30:00-05:00,1.3740999698638916,1.3899999856948853,1.3740999698638916,1.3899999856948853,983,0.0,0.0
2024-02-22 11:30:00-05:00,1.350100040435791,1.350100040435791,1.350000023841858,1.350000023841858,20136,0.0,0.0
2024-02-22 12:30:00-05:00,1.3700000047683716,1.3700000047683716,1.3700000047683716,1.3700000047683716,100,0.0,0.0
2024-02-22 13:30:00-05:00,1.3300000429153442,1.3700000047683716,1.3300000429153442,1.3700000047683716,510,0.0,0.0
2024-02-22 15:30:00-05:00,1.3600000143051147,1.3899999856948853,1.3600000143051147,1.3899999856948853,0,0.0,0.0
2024-02-23 09:30:00-05:00,1.2999999523162842,1.3899999856948853,1.2999999523162842,1.3700000047683716,5963,0.0,0.0
2024-02-23 10:30:00-05:00,1.350000023841858,1.3700000047683716,1.350000023841858,1.3700000047683716,450,0.0,0.0
2024-02-23 12:30:00-05:00,1.350000023841858,1.3600000143051147,1.350000023841858,1.3600000143051147,400,0.0,0.0
2024-02-23 13:30:00-05:00,1.350000023841858,1.3799999952316284,1.3401999473571777,1.3799999952316284,14361,0.0,0.0
2024-02-23 15:30:00-05:00,1.3564000129699707,1.3799999952316284,1.340000033378601,1.3799999952316284,866,0.0,0.0
2024-02-26 09:30:00-05:00,1.3300000429153442,1.3799999952316284,1.3214999437332153,1.3799999952316284,1996,0.0,0.0
2024-02-26 13:30:00-05:00,1.3300000429153442,1.3700000047683716,1.3300000429153442,1.3700000047683716,2203,0.0,0.0
2024-02-26 15:30:00-05:00,1.340000033378601,1.3598999977111816,1.3322999477386475,1.3598999977111816,665,0.0,0.0
2024-02-27 09:30:00-05:00,1.2899999618530273,1.3600000143051147,1.2899999618530273,1.350000023841858,0,0.0,0.0
2024-02-27 10:30:00-05:00,1.350000023841858,1.350100040435791,1.350000023841858,1.350100040435791,2639,0.0,0.0
2024-02-27 11:30:00-05:00,1.3550000190734863,1.3600000143051147,1.350000023841858,1.3600000143051147,4723,0.0,0.0
2024-02-27 15:30:00-05:00,1.350000023841858,1.350000023841858,1.350000023841858,1.350000023841858,0,0.0,0.0
2024-02-28 09:30:00-05:00,1.350000023841858,1.3600000143051147,1.350000023841858,1.3600000143051147,13994,0.0,0.0
2024-02-28 10:30:00-05:00,1.3601000308990479,1.3601000308990479,1.3300000429153442,1.3300000429153442,5597,0.0,0.0
2024-02-28 11:30:00-05:00,1.350000023841858,1.3600000143051147,1.3300000429153442,1.3300000429153442,853,0.0,0.0
2024-02-28 12:30:00-05:00,1.350000023841858,1.350000023841858,1.3300000429153442,1.3300000429153442,570,0.0,0.0
2024-02-28 13:30:00-05:00,1.3416999578475952,1.3416999578475952,1.3416999578475952,1.3416999578475952,100,0.0,0.0
2024-02-28 14:30:00-05:00,1.350000023841858,1.350000023841858,1.350000023841858,1.350000023841858,101,0.0,0.0
2024-02-29 09:30:00-05:00,1.3200000524520874,1.340000033378601,1.3200000524520874,1.340000033378601,0,0.0,0.0
2024-02-29 10:30:00-05:00,1.350000023841858,1.3600000143051147,1.350000023841858,1.3502000570297241,22950,0.0,0.0
2024-02-29 11:30:00-05:00,1.3598999977111816,1.3598999977111816,1.3598999977111816,1.3598999977111816,445,0.0,0.0
2024-02-29 14:30:00-05:00,1.3300000429153442,1.3300000429153442,1.3300000429153442,1.3300000429153442,1214,0.0,0.0
2024-02-29 15:30:00-05:00,1.3300000429153442,1.3300000429153442,1.3300000429153442,1.3300000429153442,1019,0.0,0.0
2024-03-01 09:30:00-05:00,1.2899999618530273,1.3600000143051147,1.2899999618530273,1.3600000143051147,2102,0.0,0.0
2024-03-01 10:30:00-05:00,1.3600000143051147,1.3600000143051147,1.3590999841690063,1.3600000143051147,7976,0.0,0.0
2024-03-01 11:30:00-05:00,1.3600000143051147,1.3700000047683716,1.3600000143051147,1.3700000047683716,2023,0.0,0.0
2024-03-01 12:30:00-05:00,1.3700000047683716,1.3799999952316284,1.3700000047683716,1.3799999952316284,3424,0.0,0.0
2024-03-01 13:30:00-05:00,1.3799999952316284,1.399999976158142,1.3799999952316284,1.399999976158142,4308,0.0,0.0
2024-03-01 14:30:00-05:00,1.399999976158142,1.4199999570846558,1.3849999904632568,1.399999976158142,1997,0.0,0.0
2024-03-01 15:30:00-05:00,1.399999976158142,1.399999976158142,1.399999976158142,1.399999976158142,1122,0.0,0.0
2024-03-04 09:30:00-05:00,1.399999976158142,1.409999966621399,1.399999976158142,1.399999976158142,9997,0.0,0.0
2024-03-04 11:30:00-05:00,1.399999976158142,1.409999966621399,1.399999976158142,1.409999966621399,0,0.0,0.0
2024-03-04 13:30:00-05:00,1.3942999839782715,1.3942999839782715,1.3942999839782715,1.3942999839782715,180,0.0,0.0
2024-03-04 14:30:00-05:00,1.3899999856948853,1.3899999856948853,1.3899999856948853,1.3899999856948853,0,0.0,0.0
2024-03-05 10:30:00-05:00,1.3601000308990479,1.399999976158142,1.3601000308990479,1.399999976158142,583,0.0,0.0
2024-03-05 11:30:00-05:00,1.3899999856948853,1.3899999856948853,1.3600000143051147,1.3600000143051147,185,0.0,0.0
2024-03-05 12:30:00-05:00,1.36080002784729,1.3799999952316284,1.360200047492981,1.3799999952316284,400,0.0,0.0
2024-03-05 14:30:00-05:00,1.3698999881744385,1.3700000047683716,1.3317999839782715,1.3317999839782715,0,0.0,0.0
2024-03-05 15:30:00-05:00,1.3700000047683716,1.3700000047683716,1.3700000047683716,1.3700000047683716,23,0.0,0.0
2024-03-06 09:30:00-05:00,1.3700000047683716,1.3700000047683716,1.3700000047683716,1.3700000047683716,736,0.0,0.0
2024-03-06 10:30:00-05:00,1.3680000305175781,1.3680000305175781,1.3301000595092773,1.3600000143051147,1134,0.0,0.0
2024-03-06 12:30:00-05:00,1.3600000143051147,1.3799999952316284,1.3600000143051147,1.3799999952316284,2241,0.0,0.0
2024-03-06 15:30:00-05:00,1.3301000595092773,1.3301000595092773,1.3301000595092773,1.3301000595092773,0,0.0,0.0
2024-03-07 09:30:00-05:00,1.399999976158142,1.399999976158142,1.399999976158142,1.399999976158142,320,0.0,0.0
2024-03-07 10:30:00-05:00,1.3600000143051147,1.3799999952316284,1.3600000143051147,1.3799999952316284,220,0.0,0.0
2024-03-07 11:30:00-05:00,1.3502999544143677,1.3650000095367432,1.3502999544143677,1.3650000095367432,380,0.0,0.0
2024-03-07 13:30:00-05:00,1.3799999952316284,1.3799999952316284,1.350000023841858,1.350000023841858,200,0.0,0.0
2024-03-07 14:30:00-05:00,1.3798999786376953,1.3798999786376953,1.3798999786376953,1.3798999786376953,2061,0.0,0.0
2024-03-08 09:30:00-05:00,1.3300000429153442,1.399999976158142,1.3300000429153442,1.3600000143051147,358,0.0,0.0
2024-03-08 10:30:00-05:00,1.379699945449829,1.399999976158142,1.3301000595092773,1.399999976158142,738,0.0,0.0
2024-03-08 11:30:00-05:00,1.395300030708313,1.399999976158142,1.3650000095367432,1.3700000047683716,2725,0.0,0.0
2024-03-08 12:30:00-05:00,1.3700000047683716,1.3899999856948853,1.3688000440597534,1.3899999856948853,450,0.0,0.0
2024-03-08 13:30:00-05:00,1.3389999866485596,1.3389999866485596,1.3389999866485596,1.3389999866485596,938,0.0,0.0
2024-03-08 14:30:00-05:00,1.3550000190734863,1.3799999952316284,1.3550000190734863,1.3799999952316284,251,0.0,0.0
2024-03-11 09:30:00-04:00,1.3300000429153442,1.3408000469207764,1.3300000429153442,1.3408000469207764,1152,0.0,0.0
2024-03-11 10:30:00-04:00,1.389799952507019,1.3898999691009521,1.3393000364303589,1.3799999952316284,5187,0.0,0.0
2024-03-11 11:30:00-04:00,1.3899999856948853,1.3899999856948853,1.3550000190734863,1.3799999952316284,0,0.0,0.0
2024-03-12 09:30:00-04:00,1.3799999952316284,1.3799999952316284,1.3300000429153442,1.3798999786376953,1510,0.0,0.0
2024-03-12 10:30:00-04:00,1.3600000143051147,1.3600000143051147,1.3600000143051147,1.3600000143051147,1100,0.0,0.0
2024-03-12 11:30:00-04:00,1.340000033378601,1.340000033378601,1.309999942779541,1.309999942779541,6740,0.0,0.0
2024-03-12 12:30:00-04:00,1.3299000263214111,1.350000023841858,1.309999942779541,1.350000023841858,3375,0.0,0.0
2024-03-12 13:30:00-04:00,1.2999999523162842,1.2999999523162842,1.2999999523162842,1.2999999523162842,1681,0.0,0.0
2024-03-12 14:30:00-04:00,1.2999999523162842,1.2999999523162842,1.2999999523162842,1.2999999523162842,224,0.0,0.0
2024-03-12 15:30:00-04:00,1.2978999614715576,1.3497999906539917,1.2899999618530273,1.2999999523162842,0,0.0,0.0
2024-03-13 09:30:00-04:00,1.3600000143051147,1.3600000143051147,1.3600000143051147,1.3600000143051147,137,0.0,0.0
2024-03-13 10:30:00-04:00,1.3200000524520874,1.340000033378601,1.3181999921798706,1.340000033378601,702,0.0,0.0
2024-03-13 11:30:00-04:00,1.350000023841858,1.350000023841858,1.2806999683380127,1.350000023841858,13673,0.0,0.0
2024-03-13 12:30:00-04:00,1.2899999618530273,1.2899999618530273,1.2371000051498413,1.2699999809265137,22419,0.0,0.0
2024-03-13 14:30:00-04:00,1.3600000143051147,1.3600000143051147,1.3600000143051147,1.3600000143051147,0,0.0,0.0
2024-03-14 09:30:00-04:00,1.3200000524520874,1.3200000524520874,1.3200000524520874,1.3200000524520874,711,0.0,0.0
2024-03-14 10:30:00-04:00,1.350000023841858,1.350000023841858,1.350000023841858,1.350000023841858,273,0.0,0.0
2024-03-14 11:30:00-04:00,1.340000033378601,1.350000023841858,1.2446000576019287,1.2446000576019287,720,0.0,0.0
2024-03-14 12:30:00-04:00,1.3200000524520874,1.3200000524520874,1.3200000524520874,1.3200000524520874,173,0.0,0.0
2024-03-14 13:30:00-04:00,1.3341000080108643,1.3341000080108643,1.3142999410629272,1.3142999410629272,277,0.0,0.0
2024-03-14 14:30:00-04:00,1.2799999713897705,1.2799999713897705,1.2799999713897705,1.2799999713897705,100,0.0,0.0
2024-03-14 15:30:00-04:00,1.2799999713897705,1.2999999523162842,1.2400000095367432,1.2599999904632568,4958,0.0,0.0
2024-03-15 09:30:00-04:00,1.2899999618530273,1.2899999618530273,1.1800999641418457,1.2899999618530273,7132,0.0,0.0
2024-03-15 11:30:00-04:00,1.2200000286102295,1.2400000095367432,1.215000033378601,1.2400000095367432,602,0.0,0.0
2024-03-15 14:30:00-04:00,1.195199966430664,1.2400000095367432,1.195199966430664,1.2400000095367432,506,0.0,0.0
2024-03-15 15:30:00-04:00,1.2599999904632568,1.2599999904632568,1.2000000476837158,1.2300000190734863,2883,0.0,0.0
2024-03-18 09:30:00-04:00,1.149999976158142,1.149999976158142,1.09089994430542,1.1299999952316284,9475,0.0,0.0
2024-03-18 10:30:00-04:00,1.1212999820709229,1.149999976158142,1.1201000213623047,1.1399999856948853,5563,0.0,0.0
2024-03-18 11:30:00-04:00,1.1399999856948853,1.149999976158142,1.1399999856948853,1.1406999826431274,5657,0.0,0.0
2024-03-18 12:30:00-04:00,1.1405999660491943,1.149999976158142,1.1399999856948853,1.149999976158142,2596,0.0,0.0
2024-03-18 13:30:00-04:00,1.1399999856948853,1.1399999856948853,1.1399999856948853,1.1399999856948853,1885,0.0,0.0
2024-03-18 14:30:00-04:00,1.1100000143051147,1.149999976158142,1.1100000143051147,1.149999976158142,2418,0.0,0.0
2024-03-18 15:30:00-04:00,1.1100000143051147,1.1100000143051147,1.100000023841858,1.100000023841858,491,0.0,0.0
2024-03-19 09:30:00-04:00,1.149999976158142,1.2300000190734863,1.1380000114440918,1.2000000476837158,17566,0.0,0.0
2024-03-19 10:30:00-04:00,1.149999976158142,1.2000000476837158,1.1299999952316284,1.1399999856948853,1590,0.0,0.0
2024-03-19 11:30:00-04:00,1.1699999570846558,1.1699999570846558,1.1699999570846558,1.1699999570846558,249,0.0,0.0
2024-03-19 12:30:00-04:00,1.1200000047683716,1.1799999475479126,1.100000023841858,1.1799999475479126,1488,0.0,0.0
2024-03-19 13:30:00-04:00,1.1301000118255615,1.1799999475479126,1.1299999952316284,1.1799999475479126,17508,0.0,0.0
2024-03-19 14:30:00-04:00,1.1999000310897827,1.2300000190734863,1.1999000310897827,1.2300000190734863,2171,0.0,0.0
2024-03-19 15:30:00-04:00,1.2100000381469727,1.2300000190734863,1.2000000476837158,1.2300000190734863,4379,0.0,0.0
2024-03-20 09:30:00-04:00,1.2100000381469727,1.2883000373840332,1.2100000381469727,1.2883000373840332,905,0.0,0.0
2024-03-20 11:30:00-04:00,1.1799999475479126,1.2100000381469727,1.1799999475479126,1.2100000381469727,300,0.0,0.0
2024-03-20 12:30:00-04:00,1.2200000286102295,1.2200000286102295,1.2200000286102295,1.2200000286102295,209,0.0,0.0
2024-03-20 13:30:00-04:00,1.2699999809265137,1.2699999809265137,1.2699999809265137,1.2699999809265137,167,0.0,0.0
2024-03-20 15:30:00-04:00,1.1799999475479126,1.1799999475479126,1.1799999475479126,1.1799999475479126,429,0.0,0.0
2024-03-21 09:30:00-04:00,1.1699999570846558,1.2400000095367432,1.1699999570846558,1.2199000120162964,2704,0.0,0.0
2024-03-21 10:30:00-04:00,1.2100000381469727,1.2100000381469727,1.2100000381469727,1.2100000381469727,250,0.0,0.0
2024-03-21 11:30:00-04:00,1.215999960899353,1.2200000286102295,1.215999960899353,1.2200000286102295,210,0.0,0.0
2024-03-21 12:30:00-04:00,1.25,1.25,1.25,1.25,130,0.0,0.0
2024-03-21 13:30:00-04:00,1.2098000049591064,1.2098000049591064,1.2098000049591064,1.2098000049591064,576,0.0,0.0
2024-03-21 15:30:00-04:00,1.2100000381469727,1.2400000095367432,1.190000057220459,1.2400000095367432,1308,0.0,0.0
2024-03-22 09:30:00-04:00,1.1401000022888184,1.2200000286102295,1.1299999952316284,1.2200000286102295,1718,0.0,0.0
2024-03-22 10:30:00-04:00,1.2000000476837158,1.2099000215530396,1.2000000476837158,1.2099000215530396,691,0.0,0.0
2024-03-22 11:30:00-04:00,1.2107000350952148,1.2400000095367432,1.2100000381469727,1.2300000190734863,4102,0.0,0.0
2024-03-22 12:30:00-04:00,1.2400000095367432,1.2400000095367432,1.2400000095367432,1.2400000095367432,100,0.0,0.0
2024-03-22 13:30:00-04:00,1.2300000190734863,1.2400000095367432,1.2300000190734863,1.2400000095367432,1339,0.0,0.0
2024-03-22 15:30:00-04:00,1.2389999628067017,1.2400000095367432,1.2000000476837158,1.2400000095367432,1993,0.0,0.0
2024-03-25 09:30:00-04:00,1.25,1.350000023841858,1.2300000190734863,1.350000023841858,26743,0.0,0.0
2024-03-25 10:30:00-04:00,1.350000023841858,1.350000023841858,1.2598999738693237,1.3301000595092773,23459,0.0,0.0
2024-03-25 11:30:00-04:00,1.3600000143051147,1.3600000143051147,1.25,1.3300000429153442,2752,0.0,0.0
2024-03-25 12:30:00-04:00,1.3300000429153442,1.3700000047683716,1.3300000429153442,1.3700000047683716,3223,0.0,0.0
2024-03-25 13:30:00-04:00,1.3600000143051147,1.3600000143051147,1.3600000143051147,1.3600000143051147,0,0.0,0.0
2024-03-25 15:30:00-04:00,1.350000023841858,1.350000023841858,1.2899999618530273,1.350000023841858,58889,0.0,0.0
2024-03-26 09:30:00-04:00,1.350000023841858,1.440000057220459,1.350000023841858,1.4300999641418457,14420,0.0,0.0
2024-03-26 10:30:00-04:00,1.4300999641418457,1.430999994277954,1.4300999641418457,1.430999994277954,5350,0.0,0.0
2024-03-26 11:30:00-04:00,1.4299999475479126,1.440000057220459,1.4299999475479126,1.434999942779541,3867,0.0,0.0
2024-03-26 12:30:00-04:00,1.4299999475479126,1.4300999641418457,1.399999976158142,1.4199999570846558,3730,0.0,0.0
2024-03-26 13:30:00-04:00,1.4148000478744507,1.4199999570846558,1.4148000478744507,1.4199999570846558,1040,0.0,0.0
2024-03-26 14:30:00-04:00,1.4199999570846558,1.4199999570846558,1.4199999570846558,1.4199999570846558,188,0.0,0.0
2024-03-26 15:30:00-04:00,1.399999976158142,1.440000057220459,1.399999976158142,1.4199999570846558,3397,0.0,0.0
2024-03-27 09:30:00-04:00,1.440000057220459,1.4500000476837158,1.399999976158142,1.4500000476837158,7109,0.0,0.0
2024-03-27 10:30:00-04:00,1.422700047492981,1.4299999475479126,1.4200999736785889,1.4299999475479126,2916,0.0,0.0
2024-03-27 11:30:00-04:00,1.440000057220459,1.4500000476837158,1.440000057220459,1.440000057220459,5484,0.0,0.0
2024-03-27 12:30:00-04:00,1.4500000476837158,1.5,1.4427000284194946,1.4800000190734863,30579,0.0,0.0
2024-03-27 13:30:00-04:00,1.4600000381469727,1.4700000286102295,1.4600000381469727,1.4600000381469727,115,0.0,0.0
2024-03-27 14:30:00-04:00,1.4900000095367432,1.4900000095367432,1.4800000190734863,1.4900000095367432,681,0.0,0.0
2024-03-27 15:30:00-04:00,1.4700000286102295,1.4900000095367432,1.4700000286102295,1.4700000286102295,1146,0.0,0.0
2024-03-28 09:30:00-04:00,1.4800000190734863,1.559999942779541,1.4700000286102295,1.559999942779541,16222,0.0,0.0
2024-03-28 10:30:00-04:00,1.5049999952316284,1.5198999643325806,1.503600001335144,1.503600001335144,639,0.0,0.0
2024-03-28 11:30:00-04:00,1.4900000095367432,1.5099999904632568,1.4900000095367432,1.5099999904632568,2375,0.0,0.0
2024-03-28 12:30:00-04:00,1.499899983406067,1.499899983406067,1.499899983406067,1.499899983406067,124,0.0,0.0
2024-03-28 13:30:00-04:00,1.4700000286102295,1.4700000286102295,1.4700000286102295,1.4700000286102295,3097,0.0,0.0
2024-03-28 14:30:00-04:00,1.4700000286102295,1.475000023841858,1.4700000286102295,1.4700000286102295,2304,0.0,0.0
2024-03-28 15:30:00-04:00,1.3700000047683716,1.4700000286102295,1.3600000143051147,1.3899999856948853,2249,0.0,0.0
2024-04-01 09:30:00-04:00,1.4800000190734863,1.4800000190734863,1.4000999927520752,1.4325000047683716,3920,0.0,0.0
2024-04-01 10:30:00-04:00,1.4700000286102295,1.4700000286102295,1.4700000286102295,1.4700000286102295,0,0.0,0.0
2024-04-01 11:30:00-04:00,1.3899999856948853,1.4500000476837158,1.3899999856948853,1.4500000476837158,468,0.0,0.0
2024-04-01 14:30:00-04:00,1.3799999952316284,1.3799999952316284,1.3799999952316284,1.3799999952316284,200,0.0,0.0
2024-04-01 15:30:00-04:00,1.4049999713897705,1.4299999475479126,1.4049999713897705,1.4299999475479126,655,0.0,0.0
2024-04-02 09:30:00-04:00,1.4198999404907227,1.5499999523162842,1.3799999952316284,1.5499999523162842,11437,0.0,0.0
2024-04-02 10:30:00-04:00,1.5,1.5049999952316284,1.48989999294281,1.48989999294281,2824,0.0,0.0
2024-04-02 13:30:00-04:00,1.4600000381469727,1.4600000381469727,1.4600000381469727,1.4600000381469727,295,0.0,0.0
2024-04-02 14:30:00-04:00,1.4550000429153442,1.4900000095367432,1.4500000476837158,1.4500000476837158,1746,0.0,0.0
2024-04-02 15:30:00-04:00,1.4385000467300415,1.4385000467300415,1.4299999475479126,1.4299999475479126,7744,0.0,0.0
2024-04-03 10:30:00-04:00,1.3901000022888184,1.3901000022888184,1.3901000022888184,1.3901000022888184,4015,0.0,0.0
2024-04-03 11:30:00-04:00,1.4199999570846558,1.4199999570846558,1.4199999570846558,1.4199999570846558,407,0.0,0.0
2024-04-03 12:30:00-04:00,1.4199999570846558,1.4299999475479126,1.4199999570846558,1.4299999475479126,1100,0.0,0.0
2024-04-03 13:30:00-04:00,1.4199999570846558,1.440000057220459,1.4199999570846558,1.440000057220459,748,0.0,0.0
2024-04-03 15:30:00-04:00,1.440000057220459,1.440000057220459,1.440000057220459,1.440000057220459,400,0.0,0.0
2024-04-04 09:30:00-04:00,1.5,1.5,1.2999999523162842,1.3799999952316284,11280,0.0,0.0
2024-04-04 10:30:00-04:00,1.4299999475479126,1.4299999475479126,1.4299999475479126,1.4299999475479126,104,0.0,0.0
2024-04-04 14:30:00-04:00,1.3700000047683716,1.440000057220459,1.3499000072479248,1.440000057220459,5704,0.0,0.0
2024-04-04 15:30:00-04:00,1.3899999856948853,1.3899999856948853,1.3899999856948853,1.3899999856948853,175,0.0,0.0
2024-04-05 09:30:00-04:00,1.3600000143051147,1.440000057220459,1.3600000143051147,1.440000057220459,523,0.0,0.0
2024-04-05 10:30:00-04:00,1.4299999475479126,1.4500000476837158,1.4299999475479126,1.440000057220459,3508,0.0,0.0
2024-04-05 11:30:00-04:00,1.475000023841858,1.475000023841858,1.409999966621399,1.4700000286102295,13273,0.0,0.0
2024-04-05 15:30:00-04:00,1.3899999856948853,1.3899999856948853,1.3899999856948853,1.3899999856948853,671,0.0,0.0
2024-04-08 09:30:00-04:00,1.4600000381469727,1.4600000381469727,1.3799999952316284,1.4049999713897705,9619,0.0,0.0
2024-04-08 12:30:00-04:00,1.3799999952316284,1.3799999952316284,1.3799999952316284,1.3799999952316284,5300,0.0,0.0
2024-04-08 13:30:00-04:00,1.3898999691009521,1.3898999691009521,1.3898999691009521,1.3898999691009521,141,0.0,0.0
2024-04-09 10:30:00-04:00,1.399999976158142,1.399999976158142,1.399999976158142,1.399999976158142,102,0.0,0.0
2024-04-09 11:30:00-04:00,1.3799999952316284,1.4149999618530273,1.3799999952316284,1.4149999618530273,400,0.0,0.0
2024-04-09 12:30:00-04:00,1.4500000476837158,1.4500000476837158,1.440000057220459,1.440000057220459,307,0.0,0.0
2024-04-09 13:30:00-04:00,1.3799999952316284,1.4199999570846558,1.3799999952316284,1.4198999404907227,755,0.0,0.0
2024-04-09 14:30:00-04:00,1.3899999856948853,1.3899999856948853,1.3899999856948853,1.3899999856948853,0,0.0,0.0
2024-04-10 10:30:00-04:00,1.350000023841858,1.4299999475479126,1.350000023841858,1.4299999475479126,1538,0.0,0.0
2024-04-10 14:30:00-04:00,1.3557000160217285,1.4199999570846558,1.3557000160217285,1.4199999570846558,843,0.0,0.0
2024-04-10 15:30:00-04:00,1.3899999856948853,1.3899999856948853,1.3899999856948853,1.3899999856948853,508,0.0,0.0
2024-04-11 09:30:00-04:00,1.440000057220459,1.440000057220459,1.340000033378601,1.350000023841858,23302,0.0,0.0
2024-04-11 10:30:00-04:00,1.3799999952316284,1.3799999952316284,1.3799999952316284,1.3799999952316284,0,0.0,0.0
2024-04-11 14:30:00-04:00,1.3600000143051147,1.3799999952316284,1.3600000143051147,1.3799999952316284,685,0.0,0.0
2024-04-11 15:30:00-04:00,1.3797999620437622,1.3899999856948853,1.379699945449829,1.3899999856948853,4610,0.0,0.0
2024-04-12 09:30:00-04:00,1.3799999952316284,1.3799999952316284,1.3799999952316284,1.3799999952316284,200,0.0,0.0
2024-04-12 10:30:00-04:00,1.3899999856948853,1.440000057220459,1.3898999691009521,1.440000057220459,7840,0.0,0.0
2024-04-12 11:30:00-04:00,1.4249999523162842,1.4249999523162842,1.4249999523162842,1.4249999523162842,1137,0.0,0.0
2024-04-12 12:30:00-04:00,1.4199999570846558,1.4199999570846558,1.4199999570846558,1.4199999570846558,4062,0.0,0.0
2024-04-12 13:30:00-04:00,1.399999976158142,1.399999976158142,1.399999976158142,1.399999976158142,1349,0.0,0.0
2024-04-12 14:30:00-04:00,1.4199999570846558,1.4199999570846558,1.4199999570846558,1.4199999570846558,1574,0.0,0.0
2024-04-15 09:30:00-04:00,1.3700000047683716,1.3700000047683716,1.3600000143051147,1.3639999628067017,10767,0.0,0.0
2024-04-15 11:30:00-04:00,1.3589999675750732,1.3589999675750732,1.350000023841858,1.350000023841858,2072,0.0,0.0
2024-04-15 12:30:00-04:00,1.330299973487854,1.330299973487854,1.330299973487854,1.330299973487854,500,0.0,0.0
2024-04-15 13:30:00-04:00,1.3339999914169312,1.3350000381469727,1.3300000429153442,1.3350000381469727,4300,0.0,0.0
2024-04-15 14:30:00-04:00,1.340000033378601,1.3799999952316284,1.340000033378601,1.3799999952316284,604,0.0,0.0
2024-04-15 15:30:00-04:00,1.3600000143051147,1.3600000143051147,1.350000023841858,1.350000023841858,9783,0.0,0.0
2024-04-16 09:30:00-04:00,1.3300000429153442,1.3799999952316284,1.3148000240325928,1.3799999952316284,17516,0.0,0.0
2024-04-16 10:30:00-04:00,1.3450000286102295,1.3799999952316284,1.3223999738693237,1.3300000429153442,5642,0.0,0.0
2024-04-16 11:30:00-04:00,1.350000023841858,1.350000023841858,1.350000023841858,1.350000023841858,600,0.0,0.0
2024-04-16 12:30:00-04:00,1.3561999797821045,1.3561999797821045,1.3200000524520874,1.3200000524520874,7987,0.0,0.0
2024-04-16 15:30:00-04:00,1.3300000429153442,1.3398000001907349,1.3200000524520874,1.3398000001907349,2902,0.0,0.0
2024-04-17 09:30:00-04:00,1.2999999523162842,1.315000057220459,1.2899999618530273,1.2899999618530273,11167,0.0,0.0
2024-04-17 10:30:00-04:00,1.3049999475479126,1.3200000524520874,1.2899999618530273,1.2899999618530273,5728,0.0,0.0
2024-04-17 11:30:00-04:00,1.2899999618530273,1.3600000143051147,1.2899999618530273,1.3600000143051147,3683,0.0,0.0
2024-04-17 12:30:00-04:00,1.340000033378601,1.340000033378601,1.340000033378601,1.340000033378601,0,0.0,0.0
2024-04-17 13:30:00-04:00,1.350000023841858,1.350000023841858,1.340000033378601,1.3401000499725342,27358,0.0,0.0
2024-04-17 14:30:00-04:00,1.350000023841858,1.3597999811172485,1.350000023841858,1.3597999811172485,0,0.0,0.0
2024-04-18 09:30:00-04:00,1.3200000524520874,1.3605999946594238,1.3200000524520874,1.3600000143051147,12135,0.0,0.0
2024-04-18 10:30:00-04:00,1.3600000143051147,1.4500000476837158,1.3600000143051147,1.4500000476837158,27099,0.0,0.0
2024-04-18 11:30:00-04:00,1.4199999570846558,1.4199999570846558,1.2999999523162842,1.3700000047683716,5771,0.0,0.0
2024-04-18 15:30:00-04:00,1.3600000143051147,1.3849999904632568,1.3437000513076782,1.3849999904632568,5520,0.0,0.0
2024-04-19 09:30:00-04:00,1.3600000143051147,1.4149999618530273,1.3600000143051147,1.4149999618530273,685,0.0,0.0
2024-04-19 11:30:00-04:00,1.3899999856948853,1.3899999856948853,1.3899999856948853,1.3899999856948853,502,0.0,0.0
2024-04-19 12:30:00-04:00,1.3899999856948853,1.3899999856948853,1.3899999856948853,1.3899999856948853,200,0.0,0.0
2024-04-19 14:30:00-04:00,1.3700000047683716,1.3700000047683716,1.3700000047683716,1.3700000047683716,513,0.0,0.0
2024-04-19 15:30:00-04:00,1.3899999856948853,1.3899999856948853,1.3899999856948853,1.3899999856948853,412,0.0,0.0
2024-04-22 09:30:00-04:00,1.3300000429153442,1.3899999856948853,1.3300000429153442,1.3899999856948853,4777,0.0,0.0
2024-04-22 10:30:00-04:00,1.4049999713897705,1.4049999713897705,1.3468999862670898,1.3468999862670898,4412,0.0,0.0
2024-04-22 11:30:00-04:00,1.4031000137329102,1.4031000137329102,1.4031000137329102,1.4031000137329102,290,0.0,0.0
2024-04-22 12:30:00-04:00,1.375,1.375,1.375,1.375,3355,0.0,0.0
2024-04-22 13:30:00-04:00,1.371500015258789,1.371500015258789,1.371500015258789,1.371500015258789,0,0.0,0.0
2024-04-22 14:30:00-04:00,1.3801000118255615,1.3801000118255615,1.3801000118255615,1.3801000118255615,1281,0.0,0.0
2024-04-22 15:30:00-04:00,1.3655999898910522,1.399999976158142,1.3600000143051147,1.3631000518798828,9945,0.0,0.0
2024-04-23 09:30:00-04:00,1.3899999856948853,1.4075000286102295,1.3799999952316284,1.3799999952316284,6182,0.0,0.0
2024-04-23 10:30:00-04:00,1.4049999713897705,1.434999942779541,1.4049999713897705,1.4300999641418457,20750,0.0,0.0
2024-04-23 11:30:00-04:00,1.4305000305175781,1.4450000524520874,1.4305000305175781,1.4395999908447266,7661,0.0,0.0
2024-04-23 13:30:00-04:00,1.4500000476837158,1.4598000049591064,1.4500000476837158,1.4500000476837158,2406,0.0,0.0
2024-04-23 14:30:00-04:00,1.4450000524520874,1.4450000524520874,1.4299999475479126,1.4404000043869019,3616,0.0,0.0
2024-04-23 15:30:00-04:00,1.4301999807357788,1.4450000524520874,1.4301999807357788,1.4450000524520874,0,0.0,0.0
2024-04-24 09:30:00-04:00,1.4800000190734863,1.4950000047683716,1.465000033378601,1.4900000095367432,13619,0.0,0.0
2024-04-24 11:30:00-04:00,1.4900000095367432,1.4900000095367432,1.4900000095367432,1.4900000095367432,961,0.0,0.0
2024-04-24 12:30:00-04:00,1.475000023841858,1.4900000095367432,1.475000023841858,1.4900000095367432,2134,0.0,0.0
2024-04-24 13:30:00-04:00,1.4900000095367432,1.4900000095367432,1.475000023841858,1.475000023841858,7080,0.0,0.0
2024-04-24 14:30:00-04:00,1.4736000299453735,1.4900000095367432,1.4704999923706055,1.4900000095367432,0,0.0,0.0
2024-04-24 15:30:00-04:00,1.4730000495910645,1.4900000095367432,1.4700000286102295,1.4700000286102295,30534,0.0,0.0
2024-04-25 09:30:00-04:00,1.5,1.5,1.465000033378601,1.465000033378601,6848,0.0,0.0
2024-04-25 10:30:00-04:00,1.4800000190734863,1.5199999809265137,1.4800000190734863,1.4900000095367432,4846,0.0,0.0
2024-04-25 11:30:00-04:00,1.5,1.5399999618530273,1.5,1.5199999809265137,4405,0.0,0.0
2024-04-25 12:30:00-04:00,1.524999976158142,1.5399999618530273,1.524999976158142,1.524999976158142,2201,0.0,0.0
2024-04-25 13:30:00-04:00,1.524999976158142,1.5250999927520752,1.5099999904632568,1.524999976158142,990,0.0,0.0
2024-04-25 14:30:00-04:00,1.5357999801635742,1.5357999801635742,1.5357999801635742,1.5357999801635742,187,0.0,0.0
2024-04-26 09:30:00-04:00,1.590000033378601,1.5951999425888062,1.5399999618530273,1.5399999618530273,32954,0.0,0.0
2024-04-26 10:30:00-04:00,1.5800000429153442,1.5999000072479248,1.527999997138977,1.5800000429153442,156431,0.0,0.0
2024-04-26 11:30:00-04:00,1.6151000261306763,1.6151000261306763,1.4900000095367432,1.559999942779541,4171,0.0,0.0
2024-04-26 12:30:00-04:00,1.5499999523162842,1.5499999523162842,1.4900000095367432,1.5199999809265137,1890,0.0,0.0
2024-04-26 13:30:00-04:00,1.534999966621399,1.534999966621399,1.5342999696731567,1.5342999696731567,2245,0.0,0.0
2024-04-26 14:30:00-04:00,1.5299999713897705,1.559999942779541,1.5299999713897705,1.559999942779541,0,0.0,0.0
2024-04-26 15:30:00-04:00,1.5199999809265137,1.5199999809265137,1.5199999809265137,1.5199999809265137,1440,0.0,0.0
2024-04-29 09:30:00-04:00,1.5299999713897705,1.5605000257492065,1.5299999713897705,1.5503000020980835,3809,0.0,0.0
2024-04-29 10:30:00-04:00,1.5600999593734741,1.5700000524520874,1.559999942779541,1.5615999698638916,4705,0.0,0.0
2024-04-29 11:30:00-04:00,1.559999942779541,1.5750999450683594,1.5499999523162842,1.5750000476837158,4321,0.0,0.0
2024-04-29 12:30:00-04:00,1.5700000524520874,1.5810999870300293,1.5499999523162842,1.5750999450683594,3289,0.0,0.0
2024-04-29 13:30:00-04:00,1.559999942779541,1.559999942779541,1.559999942779541,1.559999942779541,200,0.0,0.0
2024-04-29 14:30:00-04:00,1.5700000524520874,1.5750000476837158,1.551200032234192,1.551200032234192,3778,0.0,0.0
2024-04-29 15:30:00-04:00,1.5549999475479126,1.5549999475479126,1.5399999618530273,1.5399999618530273,1350,0.0,0.0
2024-04-30 09:30:00-04:00,1.5750000476837158,1.6016000509262085,1.5299999713897705,1.5299999713897705,2601,0.0,0.0
2024-04-30 10:30:00-04:00,1.5399999618530273,1.5700000524520874,1.5299999713897705,1.5299999713897705,6974,0.0,0.0
2024-04-30 11:30:00-04:00,1.534999966621399,1.5700000524520874,1.5299999713897705,1.5700000524520874,1550,0.0,0.0
2024-04-30 13:30:00-04:00,1.5800000429153442,1.5800000429153442,1.5700000524520874,1.5700000524520874,300,0.0,0.0
2024-04-30 14:30:00-04:00,1.5449999570846558,1.5449999570846558,1.5449999570846558,1.5449999570846558,902,0.0,0.0
2024-04-30 15:30:00-04:00,1.5199999809265137,1.5199999809265137,1.5199999809265137,1.5199999809265137,1234,0.0,0.0
2024-05-01 10:30:00-04:00,1.5700000524520874,1.5700000524520874,1.5700000524520874,1.5700000524520874,0,0.0,0.0
2024-05-01 12:30:00-04:00,1.5454000234603882,1.5454000234603882,1.5,1.5099999904632568,66049,0.0,0.0
2024-05-01 13:30:00-04:00,1.5099999904632568,1.5099999904632568,1.5,1.5,10000,0.0,0.0
2024-05-01 14:30:00-04:00,1.5047999620437622,1.5709999799728394,1.5047999620437622,1.524999976158142,4302,0.0,0.0
2024-05-01 15:30:00-04:00,1.4763000011444092,1.5200999975204468,1.4500000476837158,1.501099944114685,14227,0.0,0.0
2024-05-02 09:30:00-04:00,1.4900000095367432,1.5299999713897705,1.48989999294281,1.4900000095367432,8405,0.0,0.0
2024-05-02 10:30:00-04:00,1.5103000402450562,1.5591000318527222,1.4900000095367432,1.5591000318527222,1391,0.0,0.0
2024-05-02 12:30:00-04:00,1.5199999809265137,1.559999942779541,1.4900000095367432,1.559999942779541,2376,0.0,0.0
2024-05-02 13:30:00-04:00,1.5,1.5199999809265137,1.5,1.5056999921798706,650,0.0,0.0
2024-05-02 14:30:00-04:00,1.4500000476837158,1.4550000429153442,1.4500000476837158,1.4550000429153442,1936,0.0,0.0
2024-05-02 15:30:00-04:00,1.4809999465942383,1.5127999782562256,1.4199999570846558,1.4783999919891357,11463,0.0,0.0
2024-05-03 09:30:00-04:00,1.4900000095367432,1.5099999904632568,1.4400999546051025,1.5,5518,0.0,0.0
2024-05-03 10:30:00-04:00,1.5299999713897705,1.5299999713897705,1.5299999713897705,1.5299999713897705,3700,0.0,0.0
2024-05-03 11:30:00-04:00,1.4299999475479126,1.4850000143051147,1.4199999570846558,1.4850000143051147,5379,0.0,0.0
2024-05-03 12:30:00-04:00,1.4500000476837158,1.4704999923706055,1.4214999675750732,1.4299999475479126,900,0.0,0.0
2024-05-03 13:30:00-04:00,1.4599000215530396,1.5392999649047852,1.4599000215530396,1.5,14077,0.0,0.0
2024-05-03 14:30:00-04:00,1.5240000486373901,1.534600019454956,1.5,1.534600019454956,7778,0.0,0.0
2024-05-03 15:30:00-04:00,1.4700000286102295,1.538599967956543,1.4500000476837158,1.538599967956543,3792,0.0,0.0
2024-05-06 09:30:00-04:00,1.5199999809265137,1.5440000295639038,1.5199999809265137,1.5440000295639038,826,0.0,0.0
2024-05-06 14:30:00-04:00,1.4299999475479126,1.4950000047683716,1.4299999475479126,1.4875999689102173,800,0.0,0.0
2024-05-06 15:30:00-04:00,1.4700000286102295,1.4700000286102295,1.4700000286102295,1.4700000286102295,993,0.0,0.0
2024-05-07 10:30:00-04:00,1.4443999528884888,1.520900011062622,1.4443999528884888,1.520900011062622,2370,0.0,0.0
2024-05-07 11:30:00-04:00,1.472599983215332,1.475000023841858,1.409999966621399,1.4555000066757202,4190,0.0,0.0
2024-05-07 12:30:00-04:00,1.4199999570846558,1.5199999809265137,1.4104000329971313,1.499899983406067,2947,0.0,0.0
2024-05-07 13:30:00-04:00,1.4800000190734863,1.4800000190734863,1.4199999570846558,1.4765000343322754,7284,0.0,0.0
2024-05-07 14:30:00-04:00,1.4803999662399292,1.5398999452590942,1.409999966621399,1.4521000385284424,20830,0.0,0.0
2024-05-07 15:30:00-04:00,1.4212000370025635,1.5399999618530273,1.399999976158142,1.399999976158142,85628,0.0,0.0
2024-05-08 09:30:00-04:00,1.444000005722046,1.444000005722046,1.444000005722046,1.444000005722046,110,0.0,0.0
2024-05-08 10:30:00-04:00,1.4199999570846558,1.4700000286102295,1.409999966621399,1.4700000286102295,7439,0.0,0.0
2024-05-08 11:30:00-04:00,1.4010000228881836,1.4300999641418457,1.399999976158142,1.4253000020980835,3100,0.0,0.0
2024-05-08 12:30:00-04:00,1.448799967765808,1.448799967765808,1.3899999856948853,1.4299999475479126,1396,0.0,0.0
2024-05-08 13:30:00-04:00,1.3899999856948853,1.4284000396728516,1.3899999856948853,1.4284000396728516,1830,0.0,0.0
2024-05-08 15:30:00-04:00,1.4000999927520752,1.440000057220459,1.4000999927520752,1.440000057220459,4019,0.0,0.0
2024-05-09 09:30:00-04:00,1.4041999578475952,1.4500000476837158,1.4041999578475952,1.4500000476837158,383,0.0,0.0
2024-05-09 10:30:00-04:00,1.399999976158142,1.4299999475479126,1.399999976158142,1.4299999475479126,200,0.0,0.0
2024-05-09 11:30:00-04:00,1.399999976158142,1.4199999570846558,1.3901000022888184,1.409999966621399,1327,0.0,0.0
2024-05-09 12:30:00-04:00,1.4299999475479126,1.4299999475479126,1.4299999475479126,1.4299999475479126,1,0.0,0.0
2024-05-09 13:30:00-04:00,1.4700000286102295,1.4700000286102295,1.4700000286102295,1.4700000286102295,194,0.0,0.0
2024-05-09 15:30:00-04:00,1.3899999856948853,1.4199999570846558,1.3899999856948853,1.4199999570846558,520,0.0,0.0
2024-05-10 09:30:00-04:00,1.4900000095367432,1.4900000095367432,1.4900000095367432,1.4900000095367432,110,0.0,0.0
2024-05-10 10:30:00-04:00,1.4499000310897827,1.4771000146865845,1.440000057220459,1.4771000146865845,5253,0.0,0.0
2024-05-10 11:30:00-04:00,1.409999966621399,1.409999966621399,1.409999966621399,1.409999966621399,679,0.0,0.0
2024-05-10 12:30:00-04:00,1.4249999523162842,1.4249999523162842,1.4249999523162842,1.4249999523162842,200,0.0,0.0
2024-05-10 13:30:00-04:00,1.4500000476837158,1.5,1.4500000476837158,1.4600000381469727,601,0.0,0.0
2024-05-10 14:30:00-04:00,1.4399000406265259,1.440000057220459,1.4399000406265259,1.440000057220459,362,0.0,0.0
2024-05-10 15:30:00-04:00,1.4687999486923218,1.475000023841858,1.4500000476837158,1.4700000286102295,1852,0.0,0.0
2024-05-13 09:30:00-04:00,1.5099999904632568,1.5199999809265137,1.4600000381469727,1.5199999809265137,12908,0.0,0.0
2024-05-13 10:30:00-04:00,1.527999997138977,1.5299999713897705,1.5140000581741333,1.5299999713897705,1400,0.0,0.0
2024-05-13 11:30:00-04:00,1.5399999618530273,1.5399999618530273,1.5399999618530273,1.5399999618530273,480,0.0,0.0
2024-05-13 14:30:00-04:00,1.4600000381469727,1.5,1.4600000381469727,1.5,1766,0.0,0.0
2024-05-14 09:30:00-04:00,1.4800000190734863,1.4801000356674194,1.4500000476837158,1.4600000381469727,165538,0.0,0.0
2024-05-14 10:30:00-04:00,1.4800000190734863,1.51010000705719,1.4700000286102295,1.51010000705719,4431,0.0,0.0
2024-05-14 11:30:00-04:00,1.4900000095367432,1.499899983406067,1.4900000095367432,1.499899983406067,1011,0.0,0.0
2024-05-14 12:30:00-04:00,1.4900000095367432,1.5,1.4900000095367432,1.4900000095367432,698,0.0,0.0
2024-05-14 13:30:00-04:00,1.4900000095367432,1.5,1.4900000095367432,1.5,1099,0.0,0.0
2024-05-14 14:30:00-04:00,1.4900000095367432,1.5099999904632568,1.4850000143051147,1.4850000143051147,6036,0.0,0.0
2024-05-14 15:30:00-04:00,1.4900000095367432,1.5199999809265137,1.4900000095367432,1.4900000095367432,2709,0.0,0.0
2024-05-15 10:30:00-04:00,1.5199999809265137,1.590000033378601,1.5199999809265137,1.5669000148773193,11901,0.0,0.0
2024-05-15 11:30:00-04:00,1.5958000421524048,1.5958000421524048,1.5958000421524048,1.5958000421524048,3067,0.0,0.0
2024-05-15 12:30:00-04:00,1.5800000429153442,1.590000033378601,1.5299999713897705,1.590000033378601,1095,0.0,0.0
2024-05-15 13:30:00-04:00,1.589900016784668,1.590000033378601,1.5700000524520874,1.5700000524520874,9923,0.0,0.0
2024-05-15 14:30:00-04:00,1.5789999961853027,1.6100000143051147,1.5789999961853027,1.600000023841858,8259,0.0,0.0
2024-05-15 15:30:00-04:00,1.600000023841858,1.6226999759674072,1.5299999713897705,1.5809999704360962,2503,0.0,0.0
2024-05-16 09:30:00-04:00,1.6399999856948853,1.6399999856948853,1.5700000524520874,1.5700000524520874,5494,0.0,0.0
2024-05-16 10:30:00-04:00,1.600000023841858,1.649999976158142,1.5817999839782715,1.5817999839782715,918,0.0,0.0
2024-05-16 11:30:00-04:00,1.6299999952316284,1.6399999856948853,1.6299999952316284,1.6399999856948853,897,0.0,0.0
2024-05-16 14:30:00-04:00,1.6399999856948853,1.6399999856948853,1.6399999856948853,1.6399999856948853,1266,0.0,0.0
2024-05-17 10:30:00-04:00,1.600000023841858,1.6299999952316284,1.600000023841858,1.6200000047683716,1618,0.0,0.0
2024-05-17 12:30:00-04:00,1.5170999765396118,1.607300043106079,1.5170999765396118,1.607300043106079,600,0.0,0.0
2024-05-17 13:30:00-04:00,1.5194000005722046,1.607300043106079,1.5194000005722046,1.607300043106079,353,0.0,0.0
2024-05-17 15:30:00-04:00,1.590000033378601,1.6105999946594238,1.590000033378601,1.6105999946594238,295,0.0,0.0
2024-05-20 09:30:00-04:00,1.5875999927520752,1.600000023841858,1.5875999927520752,1.600000023841858,384,0.0,0.0
2024-05-20 10:30:00-04:00,1.5549999475479126,1.5700000524520874,1.5499999523162842,1.5499999523162842,5268,0.0,0.0
2024-05-20 12:30:00-04:00,1.5799000263214111,1.5799000263214111,1.5700000524520874,1.5700000524520874,390,0.0,0.0
2024-05-20 13:30:00-04:00,1.6100000143051147,1.6100000143051147,1.6100000143051147,1.6100000143051147,68,0.0,0.0
2024-05-20 15:30:00-04:00,1.5299999713897705,1.5563000440597534,1.5299999713897705,1.5499999523162842,684,0.0,0.0
2024-05-21 09:30:00-04:00,1.5700000524520874,1.6399999856948853,1.5700000524520874,1.6399999856948853,403,0.0,0.0
2024-05-21 10:30:00-04:00,1.6399999856948853,1.6399999856948853,1.6399999856948853,1.6399999856948853,169,0.0,0.0
2024-05-21 15:30:00-04:00,1.6200000047683716,1.6200000047683716,1.6200000047683716,1.6200000047683716,250,0.0,0.0
2024-05-22 09:30:00-04:00,1.5750000476837158,1.590000033378601,1.4600000381469727,1.590000033378601,143931,0.0,0.0
2024-05-22 10:30:00-04:00,1.4900000095367432,1.4900000095367432,1.4900000095367432,1.4900000095367432,200,0.0,0.0
2024-05-22 11:30:00-04:00,1.5499999523162842,1.600000023841858,1.5499999523162842,1.600000023841858,120,0.0,0.0
2024-05-22 15:30:00-04:00,1.4944000244140625,1.5458999872207642,1.4944000244140625,1.5099999904632568,1697,0.0,0.0
2024-05-23 09:30:00-04:00,1.5800000429153442,1.600000023841858,1.5720000267028809,1.5720000267028809,21049,0.0,0.0
2024-05-23 10:30:00-04:00,1.5399999618530273,1.559999942779541,1.5399999618530273,1.559999942779541,300,0.0,0.0
2024-05-23 11:30:00-04:00,1.516800045967102,1.5187000036239624,1.51010000705719,1.5187000036239624,4357,0.0,0.0
2024-05-23 12:30:00-04:00,1.5199999809265137,1.600000023841858,1.4700000286102295,1.600000023841858,32753,0.0,0.0
2024-05-23 13:30:00-04:00,1.5369999408721924,1.5437999963760376,1.4600000381469727,1.5437999963760376,17187,0.0,0.0
2024-05-23 14:30:00-04:00,1.524999976158142,1.524999976158142,1.4550000429153442,1.485200047492981,21276,0.0,0.0
2024-05-23 15:30:00-04:00,1.4800000190734863,1.4800000190734863,1.4800000190734863,1.4800000190734863,0,0.0,0.0
2024-05-24 09:30:00-04:00,1.5037000179290771,1.5800000429153442,1.4800000190734863,1.5399999618530273,8261,0.0,0.0
2024-05-24 10:30:00-04:00,1.5299999713897705,1.5399999618530273,1.5299999713897705,1.5399999618530273,3846,0.0,0.0
2024-05-24 11:30:00-04:00,1.5800000429153442,1.5800000429153442,1.5800000429153442,1.5800000429153442,200,0.0,0.0
2024-05-24 12:30:00-04:00,1.5499999523162842,1.5499999523162842,1.5499999523162842,1.5499999523162842,218,0.0,0.0
2024-05-24 13:30:00-04:00,1.5199999809265137,1.5700000524520874,1.5199999809265137,1.5700000524520874,98,0.0,0.0
2024-05-24 15:30:00-04:00,1.4801000356674194,1.5399999618530273,1.4801000356674194,1.5399999618530273,770,0.0,0.0
2024-05-28 09:30:00-04:00,1.4800000190734863,1.600000023841858,1.4800000190734863,1.600000023841858,22906,0.0,0.0
2024-05-28 10:30:00-04:00,1.559999942779541,1.5678000450134277,1.557800054550171,1.5678000450134277,505,0.0,0.0
2024-05-28 11:30:00-04:00,1.590000033378601,1.6200000047683716,1.5800000429153442,1.600000023841858,15242,0.0,0.0
2024-05-28 12:30:00-04:00,1.600000023841858,1.600000023841858,1.600000023841858,1.600000023841858,1122,0.0,0.0
2024-05-28 13:30:00-04:00,1.5812000036239624,1.6100000143051147,1.5812000036239624,1.6100000143051147,796,0.0,0.0
2024-05-28 15:30:00-04:00,1.600000023841858,1.6100000143051147,1.600000023841858,1.6100000143051147,1098,0.0,0.0
2024-05-29 09:30:00-04:00,1.6200000047683716,1.6299999952316284,1.600000023841858,1.600000023841858,8836,0.0,0.0
2024-05-29 10:30:00-04:00,1.6200000047683716,1.6299999952316284,1.6061999797821045,1.6299999952316284,2601,0.0,0.0
2024-05-29 11:30:00-04:00,1.6299999952316284,1.6299999952316284,1.6299999952316284,1.6299999952316284,0,0.0,0.0
2024-05-29 12:30:00-04:00,1.6399999856948853,1.6399999856948853,1.6399999856948853,1.6399999856948853,350,0.0,0.0
2024-05-29 13:30:00-04:00,1.6399999856948853,1.6700999736785889,1.6353000402450562,1.6699999570846558,17773,0.0,0.0
2024-05-29 14:30:00-04:00,1.6668000221252441,1.690000057220459,1.6644999980926514,1.6749999523162842,2238,0.0,0.0
2024-05-29 15:30:00-04:00,1.6828999519348145,1.6828999519348145,1.6828999519348145,1.6828999519348145,200,0.0,0.0
2024-05-30 09:30:00-04:00,1.690000057220459,1.7699999809265137,1.690000057220459,1.7200000286102295,31872,0.0,0.0
2024-05-30 10:30:00-04:00,1.6749999523162842,1.690000057220459,1.6749999523162842,1.690000057220459,2233,0.0,0.0
2024-05-30 11:30:00-04:00,1.7400000095367432,1.7400000095367432,1.7101000547409058,1.7101000547409058,2952,0.0,0.0
2024-05-30 12:30:00-04:00,1.7101000547409058,1.7101000547409058,1.6299999952316284,1.7000000476837158,23369,0.0,0.0
2024-05-30 13:30:00-04:00,1.7000000476837158,1.7000000476837158,1.7000000476837158,1.7000000476837158,296,0.0,0.0
2024-05-30 14:30:00-04:00,1.7100000381469727,1.7100000381469727,1.7100000381469727,1.7100000381469727,615,0.0,0.0
2024-05-30 15:30:00-04:00,1.7000000476837158,1.7000000476837158,1.6649999618530273,1.6799999475479126,928,0.0,0.0
2024-05-31 09:30:00-04:00,1.6100000143051147,1.7300000190734863,1.4700000286102295,1.7000000476837158,60877,0.0,0.0
2024-05-31 10:30:00-04:00,1.649999976158142,1.6799999475479126,1.649999976158142,1.6799999475479126,12412,0.0,0.0
2024-05-31 11:30:00-04:00,1.659999966621399,1.659999966621399,1.659999966621399,1.659999966621399,1150,0.0,0.0
2024-05-31 12:30:00-04:00,1.7110999822616577,1.7599999904632568,1.7100000381469727,1.7599999904632568,7930,0.0,0.0
2024-05-31 13:30:00-04:00,1.75,1.7699999809265137,1.75,1.7699999809265137,1386,0.0,0.0
2024-05-31 15:30:00-04:00,1.7200000286102295,1.753999948501587,1.708299994468689,1.7445000410079956,3175,0.0,0.0
2024-06-03 09:30:00-04:00,1.7000000476837158,1.7324999570846558,1.6299999952316284,1.7324999570846558,1542,0.0,0.0
2024-06-03 10:30:00-04:00,1.707800030708313,1.707800030708313,1.707800030708313,1.707800030708313,381,0.0,0.0
2024-06-03 11:30:00-04:00,1.75,1.75,1.75,1.75,250,0.0,0.0
2024-06-03 13:30:00-04:00,1.7100000381469727,1.7100000381469727,1.7100000381469727,1.7100000381469727,675,0.0,0.0
2024-06-03 14:30:00-04:00,1.6799999475479126,1.690000057220459,1.6799999475479126,1.690000057220459,350,0.0,0.0
2024-06-03 15:30:00-04:00,1.7339999675750732,1.7339999675750732,1.7000000476837158,1.7000000476837158,366,0.0,0.0
2024-06-04 09:30:00-04:00,1.590000033378601,1.590000033378601,1.5760999917984009,1.5760999917984009,1362,0.0,0.0
2024-06-04 10:30:00-04:00,1.6549999713897705,1.7553000450134277,1.5700000524520874,1.7299000024795532,15749,0.0,0.0
2024-06-04 11:30:00-04:00,1.690000057220459,1.6999000310897827,1.690000057220459,1.6999000310897827,520,0.0,0.0
2024-06-04 12:30:00-04:00,1.6799999475479126,1.7000000476837158,1.6592999696731567,1.6749999523162842,6502,0.0,0.0
2024-06-04 13:30:00-04:00,1.7000000476837158,1.7000000476837158,1.6999000310897827,1.7000000476837158,1214,0.0,0.0
2024-06-04 14:30:00-04:00,1.715000033378601,1.715000033378601,1.715000033378601,1.715000033378601,2139,0.0,0.0
2024-06-04 15:30:00-04:00,1.6399999856948853,1.719599962234497,1.6399999856948853,1.719599962234497,3874,0.0,0.0
2024-06-05 09:30:00-04:00,1.690000057220459,1.690000057220459,1.690000057220459,1.690000057220459,272,0.0,0.0
2024-06-05 10:30:00-04:00,1.649999976158142,1.7036999464035034,1.649999976158142,1.7000000476837158,16116,0.0,0.0
2024-06-05 11:30:00-04:00,1.6299999952316284,1.6299999952316284,1.5700000524520874,1.6238000392913818,1780,0.0,0.0
2024-06-05 14:30:00-04:00,1.6799999475479126,1.7100000381469727,1.6200000047683716,1.6200000047683716,766,0.0,0.0
2024-06-05 15:30:00-04:00,1.6301000118255615,1.6301000118255615,1.6301000118255615,1.6301000118255615,415,0.0,0.0
2024-06-06 09:30:00-04:00,1.6299999952316284,1.7157000303268433,1.6299999952316284,1.649999976158142,9758,0.0,0.0
2024-06-06 10:30:00-04:00,1.6649999618530273,1.7100000381469727,1.6649999618530273,1.7100000381469727,5745,0.0,0.0
2024-06-06 11:30:00-04:00,1.649999976158142,1.694100022315979,1.649999976158142,1.694100022315979,820,0.0,0.0
2024-06-06 12:30:00-04:00,1.649999976158142,1.659000039100647,1.649999976158142,1.659000039100647,300,0.0,0.0
2024-06-06 13:30:00-04:00,1.6999000310897827,1.6999000310897827,1.6999000310897827,1.6999000310897827,300,0.0,0.0
2024-06-06 14:30:00-04:00,1.7000000476837158,1.7000000476837158,1.690000057220459,1.690000057220459,9197,0.0,0.0
2024-06-06 15:30:00-04:00,1.6200000047683716,1.6786999702453613,1.6200000047683716,1.6786999702453613,511,0.0,0.0
2024-06-07 10:30:00-04:00,1.600100040435791,1.6546000242233276,1.600100040435791,1.6546000242233276,727,0.0,0.0
2024-06-07 11:30:00-04:00,1.6150000095367432,1.622499942779541,1.5500999689102173,1.5500999689102173,2363,0.0,0.0
2024-06-07 12:30:00-04:00,1.6100000143051147,1.6847000122070312,1.6100000143051147,1.6847000122070312,426,0.0,0.0
2024-06-07 13:30:00-04:00,1.662500023841858,1.662500023841858,1.662500023841858,1.662500023841858,204,0.0,0.0
2024-06-07 14:30:00-04:00,1.659999966621399,1.690000057220459,1.659999966621399,1.690000057220459,448,0.0,0.0
2024-06-07 15:30:00-04:00,1.6449999809265137,1.649999976158142,1.6449999809265137,1.649999976158142,1708,0.0,0.0
2024-06-10 09:30:00-04:00,1.600000023841858,1.649999976158142,1.600000023841858,1.649999976158142,1222,0.0,0.0
2024-06-10 10:30:00-04:00,1.68340003490448,1.68340003490448,1.68340003490448,1.68340003490448,451,0.0,0.0
2024-06-10 12:30:00-04:00,1.600000023841858,1.649999976158142,1.559999942779541,1.649999976158142,10424,0.0,0.0
2024-06-10 13:30:00-04:00,1.600000023841858,1.600000023841858,1.600000023841858,1.600000023841858,300,0.0,0.0
2024-06-10 14:30:00-04:00,1.590000033378601,1.600000023841858,1.590000033378601,1.600000023841858,1747,0.0,0.0
2024-06-10 15:30:00-04:00,1.559999942779541,1.600000023841858,1.5399999618530273,1.600000023841858,1586,0.0,0.0
2024-06-11 09:30:00-04:00,1.562999963760376,1.5700000524520874,1.5449999570846558,1.5700000524520874,1046,0.0,0.0
2024-06-11 10:30:00-04:00,1.559999942779541,1.559999942779541,1.559999942779541,1.559999942779541,421,0.0,0.0
2024-06-11 12:30:00-04:00,1.5499999523162842,1.5549999475479126,1.5499999523162842,1.5549999475479126,524,0.0,0.0
2024-06-11 13:30:00-04:00,1.5499999523162842,1.590000033378601,1.534999966621399,1.590000033378601,16099,0.0,0.0
2024-06-11 14:30:00-04:00,1.590000033378601,1.590000033378601,1.5199999809265137,1.5667999982833862,1062,0.0,0.0
2024-06-11 15:30:00-04:00,1.5799000263214111,1.5799000263214111,1.5799000263214111,1.5799000263214111,152,0.0,0.0
2024-06-12 09:30:00-04:00,1.5800000429153442,1.590000033378601,1.5282000303268433,1.565000057220459,21520,0.0,0.0
2024-06-12 10:30:00-04:00,1.5403000116348267,1.5549999475479126,1.5403000116348267,1.5549999475479126,1107,0.0,0.0
2024-06-12 11:30:00-04:00,1.5700000524520874,1.659999966621399,1.5700000524520874,1.600000023841858,35654,0.0,0.0
2024-06-12 12:30:00-04:00,1.5499999523162842,1.600000023841858,1.5335999727249146,1.600000023841858,2309,0.0,0.0
2024-06-12 14:30:00-04:00,1.600000023841858,1.600000023841858,1.600000023841858,1.600000023841858,261,0.0,0.0
2024-06-13 10:30:00-04:00,1.5501999855041504,1.587399959564209,1.5499999523162842,1.5702999830245972,2100,0.0,0.0
2024-06-13 11:30:00-04:00,1.5500999689102173,1.5719000101089478,1.5500999689102173,1.5719000101089478,3900,0.0,0.0
2024-06-13 13:30:00-04:00,1.5800000429153442,1.5800000429153442,1.5800000429153442,1.5800000429153442,0,0.0,0.0
2024-06-13 15:30:00-04:00,1.5499999523162842,1.5700000524520874,1.5499999523162842,1.5700000524520874,400,0.0,0.0
2024-06-14 09:30:00-04:00,1.5499999523162842,1.5800000429153442,1.4850000143051147,1.492300033569336,76396,0.0,0.0
2024-06-14 10:30:00-04:00,1.5,1.5,1.5,1.5,278,0.0,0.0
2024-06-14 11:30:00-04:00,1.4800000190734863,1.4800000190734863,1.4500000476837158,1.4500000476837158,2247,0.0,0.0
2024-06-14 12:30:00-04:00,1.440000057220459,1.440000057220459,1.440000057220459,1.440000057220459,664,0.0,0.0
2024-06-14 13:30:00-04:00,1.4499000310897827,1.4800000190734863,1.4299999475479126,1.4500000476837158,19359,0.0,0.0
2024-06-14 14:30:00-04:00,1.4700000286102295,1.4700000286102295,1.4700000286102295,1.4700000286102295,200,0.0,0.0
2024-06-14 15:30:00-04:00,1.4700000286102295,1.4700000286102295,1.4500000476837158,1.4700000286102295,12338,0.0,0.0
2024-06-17 09:30:00-04:00,1.4550000429153442,1.4550000429153442,1.3700000047683716,1.3700000047683716,24191,0.0,0.0
2024-06-17 10:30:00-04:00,1.3799999952316284,1.3799999952316284,1.3799999952316284,1.3799999952316284,200,0.0,0.0
2024-06-17 11:30:00-04:00,1.3997999429702759,1.399999976158142,1.3700000047683716,1.3799999952316284,3481,0.0,0.0
2024-06-17 12:30:00-04:00,1.3701000213623047,1.3701000213623047,1.340000033378601,1.340000033378601,3030,0.0,0.0
2024-06-17 13:30:00-04:00,1.340000033378601,1.340000033378601,1.309999942779541,1.309999942779541,750,0.0,0.0
2024-06-17 14:30:00-04:00,1.3100999593734741,1.3200000524520874,1.309999942779541,1.309999942779541,12401,0.0,0.0
2024-06-17 15:30:00-04:00,1.3005000352859497,1.3005000352859497,1.3005000352859497,1.3005000352859497,699,0.0,0.0
2024-06-18 09:30:00-04:00,1.2999999523162842,1.309999942779541,1.2949999570846558,1.2949999570846558,18228,0.0,0.0
2024-06-18 10:30:00-04:00,1.2899999618530273,1.2899999618530273,1.2300000190734863,1.25,9453,0.0,0.0
2024-06-18 11:30:00-04:00,1.2000999450683594,1.25,1.2000000476837158,1.249899983406067,9863,0.0,0.0
2024-06-18 12:30:00-04:00,1.2300000190734863,1.2699999809265137,1.2300000190734863,1.2300000190734863,9578,0.0,0.0
2024-06-18 13:30:00-04:00,1.2401000261306763,1.2899999618530273,1.2401000261306763,1.2899999618530273,6243,0.0,0.0
2024-06-20 09:30:00-04:00,1.2999999523162842,1.309999942779541,1.25,1.309999942779541,22636,0.0,0.0
2024-06-20 10:30:00-04:00,1.2450000047683716,1.25,1.2400000095367432,1.25,4498,0.0,0.0
2024-06-20 11:30:00-04:00,1.2300000190734863,1.2300000190734863,1.215000033378601,1.215000033378601,5819,0.0,0.0
2024-06-20 12:30:00-04:00,1.2200000286102295,1.2555999755859375,1.2100000381469727,1.2100000381469727,4074,0.0,0.0
2024-06-20 13:30:00-04:00,1.215000033378601,1.215000033378601,1.215000033378601,1.215000033378601,805,0.0,0.0
2024-06-20 14:30:00-04:00,1.2200000286102295,1.268399953842163,1.215000033378601,1.268399953842163,1919,0.0,0.0
2024-06-20 15:30:00-04:00,1.2450000047683716,1.2450000047683716,1.2300000190734863,1.2300000190734863,411,0.0,0.0
2024-06-21 09:30:00-04:00,1.2549999952316284,1.2599999904632568,1.2549999952316284,1.2599999904632568,408,0.0,0.0
2024-06-21 11:30:00-04:00,1.2899999618530273,1.2899999618530273,1.2899999618530273,1.2899999618530273,0,0.0,0.0
2024-06-24 09:30:00-04:00,1.2301000356674194,1.2400000095367432,1.1050000190734863,1.1318000555038452,49137,0.0,0.0
2024-06-24 10:30:00-04:00,1.1299999952316284,1.1399999856948853,1.1299999952316284,1.1399999856948853,5154,0.0,0.0
2024-06-24 11:30:00-04:00,1.1449999809265137,1.1449999809265137,1.1399999856948853,1.1449999809265137,3357,0.0,0.0
2024-06-24 12:30:00-04:00,1.1449999809265137,1.1449999809265137,1.0800000429153442,1.1100000143051147,13511,0.0,0.0
2024-06-24 13:30:00-04:00,1.1197999715805054,1.1197999715805054,1.1100000143051147,1.1100000143051147,604,0.0,0.0
2024-06-24 14:30:00-04:00,1.1150000095367432,1.1200000047683716,1.1150000095367432,1.1200000047683716,2038,0.0,0.0
2024-06-24 15:30:00-04:00,1.1050000190734863,1.1050000190734863,1.0997999906539917,1.0999000072479248,959,0.0,0.0
2024-06-25 09:30:00-04:00,0.9900000095367432,1.0800000429153442,0.9900000095367432,1.0399999618530273,7799,0.0,0.0
2024-06-25 10:30:00-04:00,1.0184999704360962,1.0399999618530273,1.01010000705719,1.0399999618530273,12757,0.0,0.0
2024-06-25 11:30:00-04:00,1.0499999523162842,1.0499999523162842,1.0499999523162842,1.0499999523162842,877,0.0,0.0
2024-06-25 12:30:00-04:00,1.0449999570846558,1.0449999570846558,1.0449999570846558,1.0449999570846558,1230,0.0,0.0
2024-06-25 13:30:00-04:00,1.0299999713897705,1.0390000343322754,1.0299999713897705,1.0390000343322754,815,0.0,0.0
2024-06-25 14:30:00-04:00,1.0299999713897705,1.0299999713897705,1.0299999713897705,1.0299999713897705,4507,0.0,0.0
2024-06-25 15:30:00-04:00,1.0099999904632568,1.0099999904632568,0.8550000190734863,0.8550000190734863,58875,0.0,0.0
2024-06-26 09:30:00-04:00,0.9020000100135803,1.0449999570846558,0.9020000100135803,1.0449999570846558,2309,0.0,0.0
2024-06-26 10:30:00-04:00,1.0299999713897705,1.145900011062622,1.0299999713897705,1.0700000524520874,18916,0.0,0.0
2024-06-26 11:30:00-04:00,1.1094000339508057,1.1198999881744385,1.0700000524520874,1.0800000429153442,8091,0.0,0.0
2024-06-26 12:30:00-04:00,1.0700000524520874,1.0700000524520874,1.0628000497817993,1.0628000497817993,352,0.0,0.0
2024-06-26 13:30:00-04:00,1.0699000358581543,1.159999966621399,1.0698000192642212,1.100100040435791,23721,0.0,0.0
2024-06-26 14:30:00-04:00,1.1298999786376953,1.1299999952316284,1.0800000429153442,1.1100000143051147,4063,0.0,0.0
2024-06-26 15:30:00-04:00,1.1490000486373901,1.1490000486373901,1.0549999475479126,1.0549999475479126,5234,0.0,0.0
2024-06-27 09:30:00-04:00,1.0499999523162842,1.100000023841858,1.0255000591278076,1.100000023841858,5193,0.0,0.0
2024-06-27 10:30:00-04:00,1.059999942779541,1.0997999906539917,1.059999942779541,1.0997999906539917,6935,0.0,0.0
2024-06-27 11:30:00-04:00,1.0986000299453735,1.100000023841858,1.0801000595092773,1.0801000595092773,2601,0.0,0.0
2024-06-27 12:30:00-04:00,1.090000033378601,1.090000033378601,1.0499999523162842,1.0575000047683716,5606,0.0,0.0
2024-06-27 13:30:00-04:00,1.0499999523162842,1.0799000263214111,1.0299999713897705,1.0299999713897705,0,0.0,0.0
2024-06-27 14:30:00-04:00,1.0779999494552612,1.0779999494552612,1.0700000524520874,1.0700000524520874,551,0.0,0.0
2024-06-27 15:30:00-04:00,1.0302000045776367,1.0302000045776367,1.0302000045776367,1.0302000045776367,1110,0.0,0.0
2024-06-28 09:30:00-04:00,1.0199999809265137,1.0200999975204468,1.0199999809265137,1.0200999975204468,1157,0.0,0.0
2024-06-28 11:30:00-04:00,1.0399999618530273,1.0399999618530273,1.0399999618530273,1.0399999618530273,200,0.0,0.0
2024-06-28 12:30:00-04:00,1.0399999618530273,1.0889999866485596,1.0399999618530273,1.059999942779541,4883,0.0,0.0
2024-06-28 14:30:00-04:00,1.0399999618530273,1.0399999618530273,1.0399999618530273,1.0399999618530273,394,0.0,0.0
2024-06-28 15:30:00-04:00,1.0299999713897705,1.0399999618530273,1.0299999713897705,1.0399999618530273,695,0.0,0.0
2024-07-01 10:30:00-04:00,1.0479999780654907,1.0479999780654907,1.0449999570846558,1.0449999570846558,850,0.0,0.0
2024-07-01 11:30:00-04:00,1.0499999523162842,1.0800000429153442,1.0499999523162842,1.079800009727478,4240,0.0,0.0
2024-07-01 12:30:00-04:00,1.0698000192642212,1.0698000192642212,1.0698000192642212,1.0698000192642212,36,0.0,0.0
2024-07-01 13:30:00-04:00,1.0700000524520874,1.0700000524520874,1.059999942779541,1.0700000524520874,565,0.0,0.0
2024-07-01 14:30:00-04:00,1.069700002670288,1.0700000524520874,1.069700002670288,1.0700000524520874,1450,0.0,0.0
2024-07-01 15:30:00-04:00,1.0698000192642212,1.1418999433517456,1.0698000192642212,1.0700000524520874,8029,0.0,0.0
2024-07-02 10:30:00-04:00,1.1141999959945679,1.1699999570846558,1.090000033378601,1.1546000242233276,4997,0.0,0.0
2024-07-02 11:30:00-04:00,1.100100040435791,1.1649999618530273,1.100100040435791,1.1649999618530273,6008,0.0,0.0
2024-07-02 12:30:00-04:00,1.1649999618530273,1.1649999618530273,1.149999976158142,1.159999966621399,3695,0.0,0.0
2024-07-02 13:30:00-04:00,1.149999976158142,1.1799999475479126,1.149999976158142,1.1799999475479126,5588,0.0,0.0
2024-07-02 14:30:00-04:00,1.1898000240325928,1.2000000476837158,1.159999966621399,1.159999966621399,5633,0.0,0.0
2024-07-02 15:30:00-04:00,1.159999966621399,1.2000000476837158,1.159999966621399,1.2000000476837158,1571,0.0,0.0
2024-07-03 09:30:00-04:00,1.3600000143051147,1.649999976158142,1.3200000524520874,1.489300012588501,2534507,0.0,0.0
2024-07-03 10:30:00-04:00,1.4700000286102295,1.5800000429153442,1.3899999856948853,1.4731999635696411,645045,0.0,0.0
2024-07-03 11:30:00-04:00,1.4996999502182007,1.5264999866485596,1.2100000381469727,1.2690000534057617,489912,0.0,0.0
2024-07-05 09:30:00-04:00,1.190000057220459,1.190000057220459,0.9595999717712402,1.0800000429153442,159908,0.0,0.0
2024-07-05 10:30:00-04:00,1.0700000524520874,1.090000033378601,1.0449999570846558,1.0600999593734741,28839,0.0,0.0
2024-07-05 11:30:00-04:00,1.0700000524520874,1.0800000429153442,1.0199999809265137,1.0299999713897705,22692,0.0,0.0
2024-07-05 12:30:00-04:00,1.0499999523162842,1.100000023841858,1.0399999618530273,1.0880000591278076,12146,0.0,0.0
2024-07-05 13:30:00-04:00,1.0800000429153442,1.1390999555587769,1.0600999593734741,1.1390999555587769,18204,0.0,0.0
2024-07-05 14:30:00-04:00,1.1398999691009521,1.190000057220459,1.1100000143051147,1.125,19973,0.0,0.0
2024-07-05 15:30:00-04:00,1.1399999856948853,1.1699999570846558,1.1220999956130981,1.149999976158142,7671,0.0,0.0
2024-07-08 09:30:00-04:00,1.059999942779541,1.0800000429153442,1.0499999523162842,1.065000057220459,23382,0.0,0.0
2024-07-08 10:30:00-04:00,1.0800000429153442,1.0800000429153442,1.0501999855041504,1.0705000162124634,7068,0.0,0.0
2024-07-08 11:30:00-04:00,1.0729999542236328,1.0989999771118164,1.070099949836731,1.0702999830245972,5669,0.0,0.0
2024-07-08 12:30:00-04:00,1.0700000524520874,1.090000033378601,1.0700000524520874,1.089900016784668,10606,0.0,0.0
2024-07-08 13:30:00-04:00,1.070099949836731,1.1100000143051147,1.070099949836731,1.1100000143051147,846,0.0,0.0
2024-07-08 14:30:00-04:00,1.100000023841858,1.100000023841858,1.0901000499725342,1.0901000499725342,5127,0.0,0.0
2024-07-08 15:30:00-04:00,1.0982999801635742,1.100000023841858,1.0901000499725342,1.0994999408721924,2315,0.0,0.0
2024-07-09 09:30:00-04:00,1.0700000524520874,1.1799999475479126,1.0700000524520874,1.1699999570846558,29818,0.0,0.0
2024-07-09 10:30:00-04:00,1.1699999570846558,1.218000054359436,1.149999976158142,1.2100000381469727,21105,0.0,0.0
2024-07-09 11:30:00-04:00,1.2000999450683594,1.2699999809265137,1.2000999450683594,1.2599999904632568,23027,0.0,0.0
2024-07-09 12:30:00-04:00,1.2599999904632568,1.2699999809265137,1.2000999450683594,1.2691999673843384,12800,0.0,0.0
2024-07-09 13:30:00-04:00,1.2698999643325806,1.3799999952316284,1.2599999904632568,1.3200000524520874,21488,0.0,0.0
2024-07-09 14:30:00-04:00,1.3300000429153442,1.340000033378601,1.2404999732971191,1.2799999713897705,6826,0.0,0.0
2024-07-09 15:30:00-04:00,1.2799999713897705,1.2999999523162842,1.25,1.2999999523162842,2029,0.0,0.0
2024-07-10 09:30:00-04:00,1.2999999523162842,1.309999942779541,1.25,1.25,16882,0.0,0.0
2024-07-10 10:30:00-04:00,1.25,1.2799999713897705,1.25,1.2799999713897705,6122,0.0,0.0
2024-07-10 11:30:00-04:00,1.2799999713897705,1.2799999713897705,1.2799999713897705,1.2799999713897705,406,0.0,0.0
2024-07-10 12:30:00-04:00,1.2799999713897705,1.2799999713897705,1.2100000381469727,1.2100000381469727,13833,0.0,0.0
2024-07-10 13:30:00-04:00,1.225000023841858,1.2400000095367432,1.2101000547409058,1.2101000547409058,895,0.0,0.0
2024-07-10 14:30:00-04:00,1.2344000339508057,1.2400000095367432,1.2344000339508057,1.2400000095367432,390,0.0,0.0
2024-07-10 15:30:00-04:00,1.2130000591278076,1.2300000190734863,1.2100000381469727,1.2300000190734863,5628,0.0,0.0
2024-07-11 09:30:00-04:00,1.2300000190734863,1.2799999713897705,1.2300000190734863,1.2799999713897705,5545,0.0,0.0
2024-07-11 10:30:00-04:00,1.2699999809265137,1.2699999809265137,1.250100016593933,1.250100016593933,6914,0.0,0.0
2024-07-11 11:30:00-04:00,1.2245999574661255,1.2324999570846558,1.2200000286102295,1.2324999570846558,2139,0.0,0.0
2024-07-11 14:30:00-04:00,1.2300000190734863,1.2300000190734863,1.2300000190734863,1.2300000190734863,251,0.0,0.0
2024-07-11 15:30:00-04:00,1.2350000143051147,1.2599999904632568,1.2350000143051147,1.2599999904632568,620,0.0,0.0
2024-07-12 09:30:00-04:00,1.2000999450683594,1.2036000490188599,1.2000000476837158,1.2036000490188599,1701,0.0,0.0
2024-07-12 10:30:00-04:00,1.2300000190734863,1.2300000190734863,1.211400032043457,1.211400032043457,5619,0.0,0.0
2024-07-12 11:30:00-04:00,1.211400032043457,1.2300000190734863,1.2101000547409058,1.2300000190734863,7725,0.0,0.0
2024-07-12 13:30:00-04:00,1.2200000286102295,1.2200000286102295,1.1800999641418457,1.1800999641418457,16061,0.0,0.0
2024-07-12 14:30:00-04:00,1.1800999641418457,1.2000000476837158,1.1200000047683716,1.2000000476837158,6520,0.0,0.0
2024-07-12 15:30:00-04:00,1.2400000095367432,1.2599999904632568,1.190000057220459,1.190000057220459,861,0.0,0.0
2024-07-15 09:30:00-04:00,1.2000000476837158,1.2000000476837158,1.190000057220459,1.190000057220459,1671,0.0,0.0
2024-07-15 11:30:00-04:00,1.2000000476837158,1.2000000476837158,1.1999000310897827,1.1999000310897827,1017,0.0,0.0
2024-07-15 14:30:00-04:00,1.1799999475479126,1.2000000476837158,1.1699999570846558,1.2000000476837158,6866,0.0,0.0
2024-07-16 09:30:00-04:00,1.2000000476837158,1.2000000476837158,1.1799999475479126,1.1799999475479126,2136,0.0,0.0
2024-07-16 10:30:00-04:00,1.2000000476837158,1.2000000476837158,1.2000000476837158,1.2000000476837158,0,0.0,0.0
2024-07-16 12:30:00-04:00,1.149999976158142,1.159999966621399,1.1449999809265137,1.159999966621399,0,0.0,0.0
2024-07-16 13:30:00-04:00,1.1649999618530273,1.190000057220459,1.1399999856948853,1.190000057220459,16870,0.0,0.0
2024-07-16 14:30:00-04:00,1.190000057220459,1.190000057220459,1.1871999502182007,1.190000057220459,988,0.0,0.0
2024-07-16 15:30:00-04:00,1.190000057220459,1.2000000476837158,1.1799999475479126,1.1799999475479126,1422,0.0,0.0
2024-07-17 09:30:00-04:00,1.1799999475479126,1.190000057220459,1.1799999475479126,1.190000057220459,1557,0.0,0.0
2024-07-17 10:30:00-04:00,1.1799999475479126,1.1799999475479126,1.1799999475479126,1.1799999475479126,2555,0.0,0.0
2024-07-17 11:30:00-04:00,1.1649999618530273,1.1799999475479126,1.155400037765503,1.155400037765503,3150,0.0,0.0
2024-07-17 12:30:00-04:00,1.1799999475479126,1.1799999475479126,1.1562999486923218,1.1562999486923218,0,0.0,0.0
2024-07-17 13:30:00-04:00,1.1799999475479126,1.1799999475479126,1.1799999475479126,1.1799999475479126,116,0.0,0.0
2024-07-17 14:30:00-04:00,1.159999966621399,1.1799999475479126,1.159999966621399,1.1799999475479126,400,0.0,0.0
2024-07-17 15:30:00-04:00,1.1799999475479126,1.1799999475479126,1.1799999475479126,1.1799999475479126,264,0.0,0.0
2024-07-18 09:30:00-04:00,1.1799999475479126,1.1799999475479126,1.159999966621399,1.159999966621399,449,0.0,0.0
2024-07-18 10:30:00-04:00,1.1799999475479126,1.1799999475479126,1.1799999475479126,1.1799999475479126,200,0.0,0.0
2024-07-18 11:30:00-04:00,1.1799999475479126,1.1799999475479126,1.1699999570846558,1.1799999475479126,404,0.0,0.0
2024-07-18 14:30:00-04:00,1.1799999475479126,1.1799999475479126,1.1799999475479126,1.1799999475479126,356,0.0,0.0
2024-07-19 09:30:00-04:00,1.149999976158142,1.149999976158142,1.149899959564209,1.149899959564209,0,0.0,0.0
2024-07-19 10:30:00-04:00,1.135200023651123,1.135200023651123,1.1100000143051147,1.1100000143051147,1540,0.0,0.0
2024-07-19 12:30:00-04:00,1.1200000047683716,1.1200000047683716,1.1200000047683716,1.1200000047683716,616,0.0,0.0
2024-07-19 13:30:00-04:00,1.1299999952316284,1.1299999952316284,1.1299999952316284,1.1299999952316284,219,0.0,0.0
2024-07-19 14:30:00-04:00,1.1217999458312988,1.1217999458312988,1.1217999458312988,1.1217999458312988,619,0.0,0.0
2024-07-19 15:30:00-04:00,1.1150000095367432,1.1150000095367432,1.1150000095367432,1.1150000095367432,212,0.0,0.0
2024-07-22 09:30:00-04:00,1.1100000143051147,1.1119999885559082,1.1100000143051147,1.1100000143051147,5521,0.0,0.0
2024-07-22 10:30:00-04:00,1.1100000143051147,1.1100000143051147,1.100000023841858,1.1002000570297241,3593,0.0,0.0
2024-07-22 11:30:00-04:00,1.0901999473571777,1.0901999473571777,1.0901999473571777,1.0901999473571777,192,0.0,0.0
2024-07-22 12:30:00-04:00,1.1100000143051147,1.1100000143051147,1.100000023841858,1.100000023841858,640,0.0,0.0
2024-07-22 13:30:00-04:00,1.1100000143051147,1.1100000143051147,1.1100000143051147,1.1100000143051147,0,0.0,0.0
2024-07-22 14:30:00-04:00,1.0901000499725342,1.1100000143051147,1.0901000499725342,1.1100000143051147,265,0.0,0.0
2024-07-22 15:30:00-04:00,1.100000023841858,1.1100000143051147,1.100000023841858,1.1100000143051147,0,0.0,0.0
2024-07-23 09:30:00-04:00,1.1100000143051147,1.1100000143051147,1.1100000143051147,1.1100000143051147,1562,0.0,0.0
2024-07-23 10:30:00-04:00,1.100100040435791,1.1100000143051147,1.090000033378601,1.1100000143051147,1894,0.0,0.0
2024-07-23 11:30:00-04:00,1.1399999856948853,1.1399999856948853,1.1114000082015991,1.1299999952316284,500,0.0,0.0
2024-07-23 13:30:00-04:00,1.1200000047683716,1.1200000047683716,1.1157000064849854,1.1200000047683716,517,0.0,0.0
2024-07-23 15:30:00-04:00,1.090000033378601,1.1200000047683716,1.090000033378601,1.1200000047683716,1872,0.0,0.0
2024-07-24 09:30:00-04:00,1.0700000524520874,1.100000023841858,1.059999942779541,1.079800009727478,11764,0.0,0.0
2024-07-24 10:30:00-04:00,1.0700000524520874,1.0800000429153442,1.0700000524520874,1.0800000429153442,1069,0.0,0.0
2024-07-24 11:30:00-04:00,1.0627000331878662,1.0700000524520874,1.0627000331878662,1.0700000524520874,7393,0.0,0.0
2024-07-24 12:30:00-04:00,1.0800000429153442,1.0800000429153442,1.0700000524520874,1.0800000429153442,4232,0.0,0.0
2024-07-24 13:30:00-04:00,1.0780999660491943,1.0799000263214111,1.059999942779541,1.059999942779541,859,0.0,0.0
2024-07-24 14:30:00-04:00,1.062000036239624,1.0800000429153442,1.062000036239624,1.0800000429153442,1459,0.0,0.0
2024-07-24 15:30:00-04:00,1.0800000429153442,1.0800000429153442,1.079300045967102,1.0800000429153442,1185,0.0,0.0
2024-07-25 09:30:00-04:00,1.0700000524520874,1.1200000047683716,1.0700000524520874,1.1200000047683716,0,0.0,0.0
2024-07-25 11:30:00-04:00,1.089900016784668,1.1100000143051147,1.089900016784668,1.1100000143051147,2984,0.0,0.0
2024-07-25 12:30:00-04:00,1.0850000381469727,1.100000023841858,1.0850000381469727,1.100000023841858,362,0.0,0.0
2024-07-25 14:30:00-04:00,1.0700000524520874,1.100000023841858,1.0700000524520874,1.100000023841858,435,0.0,0.0
2024-07-25 15:30:00-04:00,1.0800000429153442,1.0950000286102295,1.0800000429153442,1.0800000429153442,943,0.0,0.0
2024-07-26 09:30:00-04:00,1.0700000524520874,1.100000023841858,1.0700000524520874,1.100000023841858,1389,0.0,0.0
2024-07-26 15:30:00-04:00,1.090000033378601,1.090000033378601,1.090000033378601,1.090000033378601,444,0.0,0.0
2024-07-29 10:30:00-04:00,1.100000023841858,1.100000023841858,1.100000023841858,1.100000023841858,0,0.0,0.0
2024-07-29 13:30:00-04:00,1.0800000429153442,1.0800000429153442,1.0800000429153442,1.0800000429153442,3218,0.0,0.0
2024-07-29 14:30:00-04:00,1.0800000429153442,1.0800000429153442,1.0800000429153442,1.0800000429153442,819,0.0,0.0
2024-07-29 15:30:00-04:00,1.0800000429153442,1.0850000381469727,1.0800000429153442,1.0850000381469727,509,0.0,0.0
2024-07-30 09:30:00-04:00,1.090000033378601,1.1100000143051147,1.090000033378601,1.1100000143051147,1244,0.0,0.0
2024-07-30 10:30:00-04:00,1.059999942779541,1.090000033378601,1.059999942779541,1.090000033378601,0,0.0,0.0
2024-07-30 11:30:00-04:00,1.0499999523162842,1.0800000429153442,1.0499999523162842,1.0499999523162842,11393,0.0,0.0
2024-07-30 12:30:00-04:00,1.079800009727478,1.079800009727478,1.079800009727478,1.079800009727478,0,0.0,0.0
2024-07-30 13:30:00-04:00,1.0800000429153442,1.0800000429153442,1.0699000358581543,1.0800000429153442,13593,0.0,0.0
2024-07-31 09:30:00-04:00,1.0499999523162842,1.0499999523162842,1.0199999809265137,1.0199999809265137,846,0.0,0.0
2024-07-31 10:30:00-04:00,1.0299999713897705,1.0399999618530273,1.0299999713897705,1.0399999618530273,4478,0.0,0.0
2024-07-31 11:30:00-04:00,1.0499999523162842,1.059999942779541,1.0499999523162842,1.059999942779541,0,0.0,0.0
2024-07-31 12:30:00-04:00,1.1098999977111816,1.1098999977111816,1.0700000524520874,1.073199987411499,5804,0.0,0.0
2024-07-31 13:30:00-04:00,1.0700000524520874,1.0799000263214111,1.0700000524520874,1.0799000263214111,1133,0.0,0.0
2024-07-31 14:30:00-04:00,1.0700000524520874,1.0800000429153442,1.0700000524520874,1.0800000429153442,0,0.0,0.0
2024-08-01 09:30:00-04:00,1.0299999713897705,1.0299999713897705,1.0199999809265137,1.0199999809265137,886,0.0,0.0
2024-08-01 10:30:00-04:00,1.0399999618530273,1.0601999759674072,1.0399999618530273,1.0601999759674072,0,0.0,0.0
2024-08-01 13:30:00-04:00,1.0499999523162842,1.059999942779541,1.0499999523162842,1.059999942779541,1735,0.0,0.0
2024-08-02 09:30:00-04:00,1.0199999809265137,1.0199999809265137,1.0199999809265137,1.0199999809265137,546,0.0,0.0
2024-08-02 10:30:00-04:00,1.0700000524520874,1.0700000524520874,1.0700000524520874,1.0700000524520874,198,0.0,0.0
2024-08-02 15:30:00-04:00,1.079800009727478,1.079800009727478,1.079800009727478,1.079800009727478,280,0.0,0.0
2024-08-05 09:30:00-04:00,1.031999945640564,1.0399999618530273,1.0299999713897705,1.0399999618530273,0,0.0,0.0
2024-08-05 10:30:00-04:00,1.0700000524520874,1.0700000524520874,1.0299999713897705,1.0700000524520874,1879,0.0,0.0
2024-08-05 11:30:00-04:00,1.0399999618530273,1.0549999475479126,1.0399999618530273,1.0549999475479126,1328,0.0,0.0
2024-08-05 12:30:00-04:00,1.0299999713897705,1.0299999713897705,1.0299999713897705,1.0299999713897705,59,0.0,0.0
2024-08-05 13:30:00-04:00,1.090000033378601,1.1100000143051147,1.090000033378601,1.1100000143051147,1375,0.0,0.0
2024-08-05 14:30:00-04:00,1.090000033378601,1.100000023841858,1.090000033378601,1.100000023841858,1192,0.0,0.0
2024-08-05 15:30:00-04:00,1.100000023841858,1.100000023841858,1.0950000286102295,1.0950000286102295,350,0.0,0.0
2024-08-06 11:30:00-04:00,1.0299999713897705,1.100000023841858,1.0299999713897705,1.100000023841858,710,0.0,0.0
2024-08-06 12:30:00-04:00,1.0700000524520874,1.0922000408172607,1.0700000524520874,1.0922000408172607,0,0.0,0.0
2024-08-06 14:30:00-04:00,1.0499999523162842,1.0499999523162842,1.0499999523162842,1.0499999523162842,3960,0.0,0.0
2024-08-06 15:30:00-04:00,1.057800054550171,1.0913000106811523,1.057800054550171,1.0913000106811523,0,0.0,0.0
2024-08-07 09:30:00-04:00,1.051800012588501,1.0742000341415405,1.051800012588501,1.0742000341415405,0,0.0,0.0
2024-08-07 10:30:00-04:00,1.0499999523162842,1.0800000429153442,1.0199999809265137,1.0199999809265137,1035,0.0,0.0
2024-08-07 11:30:00-04:00,1.031999945640564,1.0800000429153442,1.031999945640564,1.0800000429153442,0,0.0,0.0
2024-08-07 14:30:00-04:00,1.0399999618530273,1.059999942779541,1.0399999618530273,1.059999942779541,1880,0.0,0.0
2024-08-07 15:30:00-04:00,1.0800000429153442,1.0800000429153442,1.034999966621399,1.034999966621399,0,0.0,0.0
2024-08-08 09:30:00-04:00,1.0801000595092773,1.0801000595092773,1.0801000595092773,1.0801000595092773,0,0.0,0.0
2024-08-08 10:30:00-04:00,1.0389000177383423,1.0800000429153442,1.0299999713897705,1.0800000429153442,2998,0.0,0.0
2024-08-08 14:30:00-04:00,1.079800009727478,1.079800009727478,1.079800009727478,1.079800009727478,214,0.0,0.0
2024-08-09 10:30:00-04:00,1.0399999618530273,1.0399999618530273,1.038699984550476,1.038699984550476,377,0.0,0.0
2024-08-09 11:30:00-04:00,1.0549999475479126,1.059999942779541,1.0499999523162842,1.059999942779541,0,0.0,0.0
2024-08-09 12:30:00-04:00,1.0299999713897705,1.0499999523162842,1.0299999713897705,1.0499999523162842,0,0.0,0.0
2024-08-09 14:30:00-04:00,1.0299999713897705,1.059999942779541,1.0299999713897705,1.059999942779541,4443,0.0,0.0
2024-08-12 10:30:00-04:00,1.0499999523162842,1.0800000429153442,1.0499999523162842,1.0800000429153442,372,0.0,0.0
2024-08-12 15:30:00-04:00,1.0499999523162842,1.065000057220459,1.0499999523162842,1.065000057220459,557,0.0,0.0
2024-08-13 09:30:00-04:00,1.059999942779541,1.059999942779541,1.059999942779541,1.059999942779541,314,0.0,0.0
2024-08-13 10:30:00-04:00,1.059999942779541,1.059999942779541,1.0499999523162842,1.0549999475479126,332,0.0,0.0
2024-08-13 11:30:00-04:00,1.0449999570846558,1.0449999570846558,1.0449999570846558,1.0449999570846558,300,0.0,0.0
2024-08-13 12:30:00-04:00,1.0499999523162842,1.0499999523162842,1.0499999523162842,1.0499999523162842,1147,0.0,0.0
2024-08-13 13:30:00-04:00,1.0399999618530273,1.0399999618530273,1.0399999618530273,1.0399999618530273,109,0.0,0.0
2024-08-13 14:30:00-04:00,1.0449999570846558,1.0499999523162842,1.0399999618530273,1.0449999570846558,8968,0.0,0.0
2024-08-13 15:30:00-04:00,1.0499999523162842,1.0499999523162842,1.0449999570846558,1.0499999523162842,663,0.0,0.0
2024-08-14 09:30:00-04:00,1.0399999618530273,1.0399999618530273,1.0399999618530273,1.0399999618530273,1016,0.0,0.0
2024-08-14 10:30:00-04:00,1.0449999570846558,1.0499999523162842,1.0449999570846558,1.0499999523162842,583,0.0,0.0
2024-08-14 11:30:00-04:00,1.0499999523162842,1.0499999523162842,1.0399999618530273,1.0449999570846558,512,0.0,0.0
2024-08-14 12:30:00-04:00,1.0499999523162842,1.0499999523162842,1.0499999523162842,1.0499999523162842,142,0.0,0.0
2024-08-14 13:30:00-04:00,1.0449999570846558,1.0449999570846558,1.0449999570846558,1.0449999570846558,0,0.0,0.0
2024-08-14 14:30:00-04:00,1.0399999618530273,1.0499999523162842,1.0399999618530273,1.0499999523162842,5045,0.0,0.0
2024-08-15 09:30:00-04:00,1.0499999523162842,1.0499999523162842,1.0399999618530273,1.0464999675750732,7421,0.0,0.0
2024-08-15 12:30:00-04:00,1.0449999570846558,1.0449999570846558,1.0449999570846558,1.0449999570846558,205,0.0,0.0
2024-08-15 13:30:00-04:00,1.0499999523162842,1.0499999523162842,1.0499999523162842,1.0499999523162842,0,0.0,0.0
2024-08-15 14:30:00-04:00,1.0449999570846558,1.048200011253357,1.0449999570846558,1.048200011253357,9541,0.0,0.0
2024-08-16 10:30:00-04:00,1.0499999523162842,1.0778000354766846,1.0499999523162842,1.0778000354766846,6961,0.0,0.0
2024-08-16 11:30:00-04:00,1.059999942779541,1.0800000429153442,1.059999942779541,1.059999942779541,1202,0.0,0.0
2024-08-16 12:30:00-04:00,1.0799000263214111,1.0799000263214111,1.0799000263214111,1.0799000263214111,28,0.0,0.0
2024-08-16 14:30:00-04:00,1.0800000429153442,1.0896999835968018,1.0800000429153442,1.0896999835968018,2142,0.0,0.0
2024-08-16 15:30:00-04:00,1.059999942779541,1.059999942779541,1.059999942779541,1.059999942779541,518,0.0,0.0
2024-08-19 10:30:00-04:00,1.0844000577926636,1.090000033378601,1.0700000524520874,1.090000033378601,1652,0.0,0.0
2024-08-19 13:30:00-04:00,1.090000033378601,1.100000023841858,1.090000033378601,1.100000023841858,2649,0.0,0.0
2024-08-19 14:30:00-04:00,1.0700000524520874,1.0836999416351318,1.059999942779541,1.070099949836731,6676,0.0,0.0
2024-08-19 15:30:00-04:00,1.100000023841858,1.100000023841858,1.0700000524520874,1.0700000524520874,923,0.0,0.0
2024-08-20 09:30:00-04:00,1.100000023841858,1.100000023841858,1.0700000524520874,1.090000033378601,800,0.0,0.0
2024-08-20 10:30:00-04:00,1.059999942779541,1.090000033378601,1.059999942779541,1.090000033378601,51,0.0,0.0
2024-08-20 13:30:00-04:00,1.0700000524520874,1.0800000429153442,1.059999942779541,1.059999942779541,418,0.0,0.0
2024-08-20 14:30:00-04:00,1.0800000429153442,1.100000023841858,1.0800000429153442,1.100000023841858,736,0.0,0.0
2024-08-21 09:30:00-04:00,1.0618000030517578,1.0618000030517578,1.0618000030517578,1.0618000030517578,626,0.0,0.0
2024-08-21 10:30:00-04:00,1.086300015449524,1.086300015449524,1.086300015449524,1.086300015449524,200,0.0,0.0
2024-08-21 11:30:00-04:00,1.0893000364303589,1.1699999570846558,1.0893000364303589,1.159999966621399,29406,0.0,0.0
2024-08-21 12:30:00-04:00,1.159999966621399,1.159999966621399,1.0800000429153442,1.1150000095367432,3777,0.0,0.0
2024-08-21 13:30:00-04:00,1.1401000022888184,1.190000057220459,1.1399999856948853,1.190000057220459,16288,0.0,0.0
2024-08-21 14:30:00-04:00,1.1699999570846558,1.190000057220459,1.1699999570846558,1.1799999475479126,12523,0.0,0.0
2024-08-21 15:30:00-04:00,1.1449999809265137,1.1449999809265137,1.1449999809265137,1.1449999809265137,519,0.0,0.0
2024-08-22 09:30:00-04:00,1.149999976158142,1.149999976158142,1.1349999904632568,1.1399999856948853,0,0.0,0.0
2024-08-22 10:30:00-04:00,1.149999976158142,1.149999976158142,1.149999976158142,1.149999976158142,6518,0.0,0.0
2024-08-22 11:30:00-04:00,1.159999966621399,1.190000057220459,1.159999966621399,1.190000057220459,2179,0.0,0.0
2024-08-22 12:30:00-04:00,1.1449999809265137,1.190000057220459,1.1449999809265137,1.190000057220459,8723,0.0,0.0
2024-08-22 15:30:00-04:00,1.2000000476837158,1.2000000476837158,1.2000000476837158,1.2000000476837158,561,0.0,0.0
2024-08-23 09:30:00-04:00,1.159999966621399,1.159999966621399,1.1100000143051147,1.1100000143051147,7687,0.0,0.0
2024-08-23 10:30:00-04:00,1.1158000230789185,1.1174999475479126,1.100000023841858,1.100000023841858,2203,0.0,0.0
2024-08-23 11:30:00-04:00,1.1200000047683716,1.1299999952316284,1.0800000429153442,1.1299999952316284,3137,0.0,0.0
2024-08-23 12:30:00-04:00,1.0800000429153442,1.1200000047683716,1.0700000524520874,1.090000033378601,1645,0.0,0.0
2024-08-23 13:30:00-04:00,1.0812000036239624,1.090000033378601,1.059999942779541,1.0750000476837158,8504,0.0,0.0
2024-08-23 14:30:00-04:00,1.0700000524520874,1.0800000429153442,1.0700000524520874,1.0800000429153442,3445,0.0,0.0
2024-08-23 15:30:00-04:00,1.090000033378601,1.1186000108718872,1.089900016784668,1.1186000108718872,1861,0.0,0.0
