Datetime,Open,High,Low,Close,Volume,Dividends,Stock Splits
2022-08-25 09:30:00-04:00,2.630000114440918,2.680000066757202,2.630000114440918,2.680000066757202,0,0.0,0.0
2022-08-25 10:30:00-04:00,2.680000066757202,2.680000066757202,2.5999999046325684,2.6500000953674316,1572,0.0,0.0
2022-08-25 11:30:00-04:00,2.6201000213623047,2.6500000953674316,2.6201000213623047,2.6500000953674316,1174,0.0,0.0
2022-08-25 12:30:00-04:00,2.640000104904175,2.680000066757202,2.638000011444092,2.6549999713897705,8634,0.0,0.0
2022-08-25 13:30:00-04:00,2.650700092315674,2.6540000438690186,2.650700092315674,2.6540000438690186,1190,0.0,0.0
2022-08-25 14:30:00-04:00,2.6549999713897705,2.7799999713897705,2.6549999713897705,2.7486000061035156,39464,0.0,0.0
2022-08-25 15:30:00-04:00,2.7699999809265137,2.799999952316284,2.7100000381469727,2.7300000190734863,9160,0.0,0.0
2022-08-26 09:30:00-04:00,2.700000047683716,2.740000009536743,2.6301000118255615,2.740000009536743,37835,0.0,0.0
2022-08-26 10:30:00-04:00,2.679800033569336,2.679800033569336,2.679800033569336,2.679800033569336,703,0.0,0.0
2022-08-26 11:30:00-04:00,2.6600000858306885,2.6600000858306885,2.5999999046325684,2.5999999046325684,7279,0.0,0.0
2022-08-26 12:30:00-04:00,2.6189000606536865,2.6700000762939453,2.5999999046325684,2.6700000762939453,8203,0.0,0.0
2022-08-26 13:30:00-04:00,2.619999885559082,2.63070011138916,2.5999999046325684,2.630000114440918,11038,0.0,0.0
2022-08-26 14:30:00-04:00,2.6145999431610107,2.630000114440918,2.575000047683716,2.630000114440918,18796,0.0,0.0
2022-08-26 15:30:00-04:00,2.630000114440918,2.630000114440918,2.559999942779541,2.5999999046325684,41010,0.0,0.0
2022-08-29 09:30:00-04:00,2.509999990463257,2.619999885559082,2.5,2.619999885559082,22496,0.0,0.0
2022-08-29 10:30:00-04:00,2.5999999046325684,2.6333999633789062,2.5999999046325684,2.619999885559082,11696,0.0,0.0
2022-08-29 11:30:00-04:00,2.569999933242798,2.630000114440918,2.549999952316284,2.578900098800659,13092,0.0,0.0
2022-08-29 12:30:00-04:00,2.630000114440918,2.640000104904175,2.5999999046325684,2.640000104904175,18501,0.0,0.0
2022-08-29 13:30:00-04:00,2.640000104904175,2.640000104904175,2.630000114440918,2.630000114440918,6080,0.0,0.0
2022-08-29 14:30:00-04:00,2.640000104904175,2.640000104904175,2.6010000705718994,2.6010000705718994,6128,0.0,0.0
2022-08-29 15:30:00-04:00,2.619999885559082,2.630000114440918,2.5899999141693115,2.5999999046325684,5480,0.0,0.0
2022-08-30 09:30:00-04:00,2.5899999141693115,2.6298999786376953,2.569999933242798,2.5843000411987305,13129,0.0,0.0
2022-08-30 10:30:00-04:00,2.619999885559082,2.619999885559082,2.607599973678589,2.6198999881744385,625,0.0,0.0
2022-08-30 11:30:00-04:00,2.619999885559082,2.630000114440918,2.5801000595092773,2.5999999046325684,19205,0.0,0.0
2022-08-30 12:30:00-04:00,2.609999895095825,2.619999885559082,2.590100049972534,2.615000009536743,1623,0.0,0.0
2022-08-30 13:30:00-04:00,2.590100049972534,2.615000009536743,2.590100049972534,2.609999895095825,2776,0.0,0.0
2022-08-30 14:30:00-04:00,2.6098999977111816,2.619999885559082,2.6050000190734863,2.615000009536743,7010,0.0,0.0
2022-08-30 15:30:00-04:00,2.600100040435791,2.659899950027466,2.600100040435791,2.630000114440918,11163,0.0,0.0
2022-08-31 09:30:00-04:00,2.640000104904175,2.690000057220459,2.640000104904175,2.680000066757202,0,0.0,0.0
2022-08-31 10:30:00-04:00,2.6600000858306885,2.680000066757202,2.6500000953674316,2.6700000762939453,11537,0.0,0.0
2022-08-31 11:30:00-04:00,2.6500000953674316,2.6700000762939453,2.619999885559082,2.6700000762939453,7596,0.0,0.0
2022-08-31 12:30:00-04:00,2.6500000953674316,2.6500000953674316,2.6500000953674316,2.6500000953674316,5043,0.0,0.0
2022-08-31 13:30:00-04:00,2.630000114440918,2.6500000953674316,2.630000114440918,2.634999990463257,8811,0.0,0.0
2022-08-31 14:30:00-04:00,2.63070011138916,2.640000104904175,2.630000114440918,2.6319000720977783,3890,0.0,0.0
2022-08-31 15:30:00-04:00,2.634999990463257,2.6700000762939453,2.634999990463257,2.6700000762939453,6911,0.0,0.0
2022-09-01 09:30:00-04:00,2.5999999046325684,2.6700000762939453,2.5799999237060547,2.630000114440918,4381,0.0,0.0
2022-09-01 10:30:00-04:00,2.659899950027466,2.659899950027466,2.559999942779541,2.5899999141693115,6673,0.0,0.0
2022-09-01 11:30:00-04:00,2.5950000286102295,2.6050000190734863,2.5950000286102295,2.5999999046325684,3597,0.0,0.0
2022-09-01 12:30:00-04:00,2.5999999046325684,2.609999895095825,2.5799999237060547,2.5999999046325684,4522,0.0,0.0
2022-09-01 13:30:00-04:00,2.5999999046325684,2.5999999046325684,2.5799999237060547,2.5810999870300293,1237,0.0,0.0
2022-09-01 14:30:00-04:00,2.5899999141693115,2.609999895095825,2.569999933242798,2.5801000595092773,15371,0.0,0.0
2022-09-01 15:30:00-04:00,2.589400053024292,2.609999895095825,2.559999942779541,2.5799999237060547,25016,0.0,0.0
2022-09-02 09:30:00-04:00,2.559999942779541,2.6500000953674316,2.559999942779541,2.565000057220459,4818,0.0,0.0
2022-09-02 10:30:00-04:00,2.640000104904175,2.640000104904175,2.5899999141693115,2.6168999671936035,4287,0.0,0.0
2022-09-02 11:30:00-04:00,2.630000114440918,2.630000114440918,2.5899999141693115,2.619999885559082,2060,0.0,0.0
2022-09-02 12:30:00-04:00,2.5999999046325684,2.5999999046325684,2.5999999046325684,2.5999999046325684,1264,0.0,0.0
2022-09-02 13:30:00-04:00,2.5917000770568848,2.5968000888824463,2.5917000770568848,2.5968000888824463,368,0.0,0.0
2022-09-02 14:30:00-04:00,2.5999999046325684,2.619999885559082,2.569999933242798,2.5801000595092773,23692,0.0,0.0
2022-09-02 15:30:00-04:00,2.5999999046325684,2.630000114440918,2.5799999237060547,2.630000114440918,10487,0.0,0.0
2022-09-06 09:30:00-04:00,2.5999999046325684,2.640000104904175,2.5199999809265137,2.549999952316284,23364,0.0,0.0
2022-09-06 10:30:00-04:00,2.549999952316284,2.5799999237060547,2.5450000762939453,2.569999933242798,7017,0.0,0.0
2022-09-06 11:30:00-04:00,2.549999952316284,2.5799999237060547,2.549999952316284,2.5799999237060547,2319,0.0,0.0
2022-09-06 12:30:00-04:00,2.565000057220459,2.569999933242798,2.559999942779541,2.5617001056671143,9411,0.0,0.0
2022-09-06 13:30:00-04:00,2.559999942779541,2.569999933242798,2.549999952316284,2.559999942779541,4684,0.0,0.0
2022-09-06 14:30:00-04:00,2.569999933242798,2.569999933242798,2.559999942779541,2.559999942779541,301,0.0,0.0
2022-09-06 15:30:00-04:00,2.559999942779541,2.5799999237060547,2.549999952316284,2.569999933242798,12668,0.0,0.0
2022-09-07 09:30:00-04:00,2.5199999809265137,2.630000114440918,2.5199999809265137,2.5999999046325684,32076,0.0,0.0
2022-09-07 10:30:00-04:00,2.619999885559082,2.619999885559082,2.5999999046325684,2.609999895095825,13758,0.0,0.0
2022-09-07 11:30:00-04:00,2.609999895095825,2.609999895095825,2.569999933242798,2.6050000190734863,13059,0.0,0.0
2022-09-07 12:30:00-04:00,2.612499952316284,2.619999885559082,2.5899999141693115,2.5899999141693115,15239,0.0,0.0
2022-09-07 13:30:00-04:00,2.6050000190734863,2.619999885559082,2.5999999046325684,2.619999885559082,12310,0.0,0.0
2022-09-07 14:30:00-04:00,2.614799976348877,2.640000104904175,2.6061999797821045,2.640000104904175,3691,0.0,0.0
2022-09-07 15:30:00-04:00,2.630000114440918,2.6500000953674316,2.619999885559082,2.6500000953674316,0,0.0,0.0
2022-09-08 09:30:00-04:00,2.6500000953674316,2.680000066757202,2.5899999141693115,2.640000104904175,17715,0.0,0.0
2022-09-08 10:30:00-04:00,2.661600112915039,2.680000066757202,2.6308999061584473,2.674999952316284,3773,0.0,0.0
2022-09-08 11:30:00-04:00,2.638200044631958,2.680000066757202,2.6050000190734863,2.609999895095825,4261,0.0,0.0
2022-09-08 12:30:00-04:00,2.6050000190734863,2.640000104904175,2.5999999046325684,2.640000104904175,3419,0.0,0.0
2022-09-08 15:30:00-04:00,2.619999885559082,2.640000104904175,2.5899999141693115,2.5899999141693115,0,0.0,0.0
2022-09-09 09:30:00-04:00,2.619999885559082,2.680000066757202,2.5,2.6600000858306885,17064,0.0,0.0
2022-09-09 10:30:00-04:00,2.630000114440918,2.640000104904175,2.5899999141693115,2.5999999046325684,3271,0.0,0.0
2022-09-09 11:30:00-04:00,2.580199956893921,2.584700107574463,2.569999933242798,2.569999933242798,878,0.0,0.0
2022-09-09 12:30:00-04:00,2.5999999046325684,2.6600000858306885,2.5999999046325684,2.640000104904175,7332,0.0,0.0
2022-09-09 13:30:00-04:00,2.6600000858306885,2.680000066757202,2.619999885559082,2.630000114440918,14183,0.0,0.0
2022-09-09 14:30:00-04:00,2.6700000762939453,2.700000047683716,2.619999885559082,2.640000104904175,16801,0.0,0.0
2022-09-09 15:30:00-04:00,2.690000057220459,2.690000057220459,2.619999885559082,2.6600000858306885,5456,0.0,0.0
2022-09-12 09:30:00-04:00,2.6500000953674316,2.690000057220459,2.6500000953674316,2.6600000858306885,5559,0.0,0.0
2022-09-12 10:30:00-04:00,2.690000057220459,2.690000057220459,2.6600000858306885,2.6600000858306885,8825,0.0,0.0
2022-09-12 11:30:00-04:00,2.674999952316284,2.690000057220459,2.6500000953674316,2.6600000858306885,12402,0.0,0.0
2022-09-12 12:30:00-04:00,2.6600000858306885,2.690000057220459,2.6600000858306885,2.6779000759124756,14833,0.0,0.0
2022-09-12 13:30:00-04:00,2.6649999618530273,2.700000047683716,2.6600000858306885,2.6600000858306885,4505,0.0,0.0
2022-09-12 14:30:00-04:00,2.680000066757202,2.680000066757202,2.674999952316284,2.674999952316284,1757,0.0,0.0
2022-09-12 15:30:00-04:00,2.674999952316284,2.690000057220459,2.6600000858306885,2.6700000762939453,4622,0.0,0.0
2022-09-13 09:30:00-04:00,2.640000104904175,2.700000047683716,2.630000114440918,2.6686999797821045,4852,0.0,0.0
2022-09-13 10:30:00-04:00,2.630000114440918,2.6700000762939453,2.630000114440918,2.630000114440918,5151,0.0,0.0
2022-09-13 11:30:00-04:00,2.630000114440918,2.634999990463257,2.5999999046325684,2.634999990463257,2515,0.0,0.0
2022-09-13 12:30:00-04:00,2.5899999141693115,2.649899959564209,2.5799999237060547,2.5999999046325684,14903,0.0,0.0
2022-09-13 13:30:00-04:00,2.630000114440918,2.630000114440918,2.609999895095825,2.6135001182556152,1623,0.0,0.0
2022-09-13 14:30:00-04:00,2.6236000061035156,2.630000114440918,2.619999885559082,2.625,3621,0.0,0.0
2022-09-13 15:30:00-04:00,2.625,2.6500000953674316,2.609999895095825,2.6500000953674316,34116,0.0,0.0
2022-09-14 09:30:00-04:00,2.694999933242798,2.700000047683716,2.630000114440918,2.6772000789642334,12465,0.0,0.0
2022-09-14 10:30:00-04:00,2.6672000885009766,2.680000066757202,2.640000104904175,2.640000104904175,2893,0.0,0.0
2022-09-14 11:30:00-04:00,2.619999885559082,2.674999952316284,2.5999999046325684,2.6549999713897705,1938,0.0,0.0
2022-09-14 12:30:00-04:00,2.619999885559082,2.6600000858306885,2.5799999237060547,2.6006999015808105,19658,0.0,0.0
2022-09-14 13:30:00-04:00,2.640000104904175,2.6600000858306885,2.6052000522613525,2.619999885559082,34639,0.0,0.0
2022-09-14 14:30:00-04:00,2.630000114440918,2.630000114440918,2.5999999046325684,2.615000009536743,2931,0.0,0.0
2022-09-14 15:30:00-04:00,2.619999885559082,2.619999885559082,2.590100049972534,2.5999999046325684,4318,0.0,0.0
2022-09-15 09:30:00-04:00,2.5899999141693115,2.700000047683716,2.5899999141693115,2.6700000762939453,21219,0.0,0.0
2022-09-15 10:30:00-04:00,2.6449999809265137,2.6698999404907227,2.5999999046325684,2.619999885559082,9232,0.0,0.0
2022-09-15 11:30:00-04:00,2.6050000190734863,2.6500000953674316,2.591599941253662,2.591599941253662,11316,0.0,0.0
2022-09-15 12:30:00-04:00,2.5999999046325684,2.619999885559082,2.5899999141693115,2.619999885559082,2266,0.0,0.0
2022-09-15 13:30:00-04:00,2.592600107192993,2.619999885559082,2.592600107192993,2.6135001182556152,5441,0.0,0.0
2022-09-15 14:30:00-04:00,2.619999885559082,2.619999885559082,2.619999885559082,2.619999885559082,690,0.0,0.0
2022-09-15 15:30:00-04:00,2.5899999141693115,2.630000114440918,2.5899999141693115,2.5999999046325684,3075,0.0,0.0
2022-09-16 09:30:00-04:00,2.5764000415802,2.5899999141693115,2.561199903488159,2.5899999141693115,5584,0.0,0.0
2022-09-16 10:30:00-04:00,2.609999895095825,2.640000104904175,2.590100049972534,2.609999895095825,5914,0.0,0.0
2022-09-16 11:30:00-04:00,2.619999885559082,2.619999885559082,2.5975000858306885,2.5975000858306885,1327,0.0,0.0
2022-09-16 12:30:00-04:00,2.5999999046325684,2.640000104904175,2.5999999046325684,2.625,3724,0.0,0.0
2022-09-16 13:30:00-04:00,2.630000114440918,2.6500000953674316,2.630000114440918,2.630000114440918,2410,0.0,0.0
2022-09-16 14:30:00-04:00,2.6500000953674316,2.680000066757202,2.630000114440918,2.6600000858306885,3131,0.0,0.0
2022-09-16 15:30:00-04:00,2.6500000953674316,2.7200000286102295,2.634999990463257,2.7200000286102295,33173,0.0,0.0
2022-09-19 09:30:00-04:00,2.7200000286102295,2.7200000286102295,2.650399923324585,2.674999952316284,13212,0.0,0.0
2022-09-19 10:30:00-04:00,2.674999952316284,2.674999952316284,2.6700000762939453,2.674999952316284,3017,0.0,0.0
2022-09-19 11:30:00-04:00,2.6700000762939453,2.6700000762939453,2.6500000953674316,2.6600000858306885,4860,0.0,0.0
2022-09-19 12:30:00-04:00,2.630000114440918,2.674999952316284,2.619999885559082,2.634999990463257,15891,0.0,0.0
2022-09-19 13:30:00-04:00,2.634999990463257,2.640000104904175,2.5899999141693115,2.640000104904175,11332,0.0,0.0
2022-09-19 14:30:00-04:00,2.640000104904175,2.640000104904175,2.610100030899048,2.630000114440918,3293,0.0,0.0
2022-09-19 15:30:00-04:00,2.630000114440918,2.6500000953674316,2.6164000034332275,2.6500000953674316,7748,0.0,0.0
2022-09-20 09:30:00-04:00,2.609999895095825,2.6449999809265137,2.5899999141693115,2.5899999141693115,4546,0.0,0.0
2022-09-20 10:30:00-04:00,2.634999990463257,2.634999990463257,2.5899999141693115,2.5899999141693115,462,0.0,0.0
2022-09-20 11:30:00-04:00,2.609999895095825,2.609999895095825,2.606600046157837,2.606600046157837,252,0.0,0.0
2022-09-20 12:30:00-04:00,2.5920000076293945,2.5999999046325684,2.5920000076293945,2.5999999046325684,819,0.0,0.0
2022-09-20 13:30:00-04:00,2.5899999141693115,2.5999999046325684,2.5799999237060547,2.5999999046325684,3062,0.0,0.0
2022-09-20 14:30:00-04:00,2.5801000595092773,2.630000114440918,2.5801000595092773,2.6019999980926514,9672,0.0,0.0
2022-09-20 15:30:00-04:00,2.619999885559082,2.640000104904175,2.619999885559082,2.640000104904175,17657,0.0,0.0
2022-09-21 09:30:00-04:00,2.6600000858306885,2.694999933242798,2.6178998947143555,2.684299945831299,0,0.0,0.0
2022-09-21 10:30:00-04:00,2.640000104904175,2.640000104904175,2.640000104904175,2.640000104904175,428,0.0,0.0
2022-09-21 11:30:00-04:00,2.6150999069213867,2.6500000953674316,2.569999933242798,2.609999895095825,13758,0.0,0.0
2022-09-21 12:30:00-04:00,2.5999999046325684,2.640000104904175,2.5999999046325684,2.640000104904175,965,0.0,0.0
2022-09-21 13:30:00-04:00,2.5999999046325684,2.6600000858306885,2.5931999683380127,2.5999999046325684,14495,0.0,0.0
2022-09-21 14:30:00-04:00,2.640000104904175,2.700000047683716,2.609999895095825,2.6419999599456787,3369,0.0,0.0
2022-09-21 15:30:00-04:00,2.680000066757202,2.6916000843048096,2.5999999046325684,2.6500000953674316,3972,0.0,0.0
2022-09-22 09:30:00-04:00,2.619999885559082,2.619999885559082,2.5701000690460205,2.5999999046325684,4988,0.0,0.0
2022-09-22 10:30:00-04:00,2.5999999046325684,2.6050000190734863,2.5373001098632812,2.549999952316284,9764,0.0,0.0
2022-09-22 11:30:00-04:00,2.5950000286102295,2.5950000286102295,2.5399999618530273,2.5499000549316406,7792,0.0,0.0
2022-09-22 12:30:00-04:00,2.5271999835968018,2.549999952316284,2.509999990463257,2.549999952316284,8821,0.0,0.0
2022-09-22 13:30:00-04:00,2.5199999809265137,2.5399999618530273,2.5199999809265137,2.5399999618530273,2237,0.0,0.0
2022-09-22 14:30:00-04:00,2.5399999618530273,2.559999942779541,2.5350000858306885,2.555000066757202,8325,0.0,0.0
2022-09-22 15:30:00-04:00,2.555000066757202,2.5950000286102295,2.5299999713897705,2.569999933242798,18860,0.0,0.0
2022-09-23 09:30:00-04:00,2.5,2.5,2.3499999046325684,2.4700000286102295,23160,0.0,0.0
2022-09-23 10:30:00-04:00,2.4600000381469727,2.4600000381469727,2.4000000953674316,2.4100000858306885,38206,0.0,0.0
2022-09-23 11:30:00-04:00,2.4149999618530273,2.450000047683716,2.384999990463257,2.430000066757202,18536,0.0,0.0
2022-09-23 12:30:00-04:00,2.430000066757202,2.450000047683716,2.410099983215332,2.430000066757202,2484,0.0,0.0
2022-09-23 13:30:00-04:00,2.430000066757202,2.490000009536743,2.430000066757202,2.4899001121520996,17506,0.0,0.0
2022-09-23 14:30:00-04:00,2.4700000286102295,2.5199999809265137,2.450000047683716,2.5,11134,0.0,0.0
2022-09-23 15:30:00-04:00,2.515000104904175,2.559999942779541,2.5,2.549999952316284,11147,0.0,0.0
2022-09-26 09:30:00-04:00,2.490000009536743,2.5199999809265137,2.4400999546051025,2.5,14493,0.0,0.0
2022-09-26 10:30:00-04:00,2.490000009536743,2.5199999809265137,2.4700000286102295,2.509999990463257,22829,0.0,0.0
2022-09-26 11:30:00-04:00,2.5199999809265137,2.5199999809265137,2.4811999797821045,2.505000114440918,28687,0.0,0.0
2022-09-26 12:30:00-04:00,2.4916999340057373,2.5199999809265137,2.4916999340057373,2.506500005722046,1709,0.0,0.0
2022-09-26 13:30:00-04:00,2.5199999809265137,2.549999952316284,2.5,2.530600070953369,21823,0.0,0.0
2022-09-26 14:30:00-04:00,2.5350000858306885,2.5350000858306885,2.5350000858306885,2.5350000858306885,4629,0.0,0.0
2022-09-26 15:30:00-04:00,2.565000057220459,2.565000057220459,2.5199999809265137,2.5299999713897705,3911,0.0,0.0
2022-09-27 09:30:00-04:00,2.5899999141693115,2.5899999141693115,2.5399999618530273,2.5799999237060547,1237,0.0,0.0
2022-09-27 10:30:00-04:00,2.4918999671936035,2.5199999809265137,2.491300106048584,2.505000114440918,1433,0.0,0.0
2022-09-27 11:30:00-04:00,2.5199999809265137,2.5199999809265137,2.4600000381469727,2.4600000381469727,1103,0.0,0.0
2022-09-27 12:30:00-04:00,2.490000009536743,2.490000009536743,2.4549999237060547,2.4700000286102295,41720,0.0,0.0
2022-09-27 13:30:00-04:00,2.4600000381469727,2.4749999046325684,2.440000057220459,2.444999933242798,124984,0.0,0.0
2022-09-27 14:30:00-04:00,2.444999933242798,2.4700000286102295,2.424999952316284,2.444999933242798,43381,0.0,0.0
2022-09-27 15:30:00-04:00,2.444999933242798,2.4700000286102295,2.4400999546051025,2.4700000286102295,52090,0.0,0.0
2022-09-28 09:30:00-04:00,2.440000057220459,2.5350000858306885,2.4200000762939453,2.515000104904175,6817,0.0,0.0
2022-09-28 10:30:00-04:00,2.505000114440918,2.505000114440918,2.505000114440918,2.505000114440918,308,0.0,0.0
2022-09-28 11:30:00-04:00,2.505000114440918,2.509999990463257,2.5,2.509999990463257,1101,0.0,0.0
2022-09-28 12:30:00-04:00,2.5,2.5078999996185303,2.470099925994873,2.5078999996185303,13829,0.0,0.0
2022-09-28 13:30:00-04:00,2.5199999809265137,2.549999952316284,2.5199999809265137,2.5399999618530273,4619,0.0,0.0
2022-09-28 14:30:00-04:00,2.5199999809265137,2.5199999809265137,2.4300999641418457,2.490000009536743,9858,0.0,0.0
2022-09-28 15:30:00-04:00,2.4600000381469727,2.4800000190734863,2.430000066757202,2.430000066757202,1384,0.0,0.0
2022-09-29 09:30:00-04:00,2.4100000858306885,2.440000057220459,2.380000114440918,2.440000057220459,2152,0.0,0.0
2022-09-29 10:30:00-04:00,2.484999895095825,2.490000009536743,2.4800000190734863,2.490000009536743,1053,0.0,0.0
2022-09-29 11:30:00-04:00,2.430000066757202,2.484999895095825,2.4100000858306885,2.4100000858306885,44365,0.0,0.0
2022-09-29 12:30:00-04:00,2.4100000858306885,2.440000057220459,2.4100000858306885,2.4200000762939453,28734,0.0,0.0
2022-09-29 13:30:00-04:00,2.4149999618530273,2.4600000381469727,2.359999895095825,2.399899959564209,13457,0.0,0.0
2022-09-29 14:30:00-04:00,2.356300115585327,2.4000000953674316,2.356300115585327,2.4000000953674316,5098,0.0,0.0
2022-09-29 15:30:00-04:00,2.4000000953674316,2.4000000953674316,2.360100030899048,2.4000000953674316,4530,0.0,0.0
2022-09-30 09:30:00-04:00,2.4000000953674316,2.4600000381469727,2.4000000953674316,2.4600000381469727,0,0.0,0.0
2022-09-30 10:30:00-04:00,2.450000047683716,2.4700000286102295,2.4460999965667725,2.4700000286102295,1610,0.0,0.0
2022-09-30 11:30:00-04:00,2.440000057220459,2.4600000381469727,2.4217000007629395,2.450000047683716,5211,0.0,0.0
2022-09-30 12:30:00-04:00,2.440000057220459,2.4600000381469727,2.440000057220459,2.4600000381469727,1071,0.0,0.0
2022-09-30 13:30:00-04:00,2.434999942779541,2.450000047683716,2.430000066757202,2.450000047683716,2854,0.0,0.0
2022-09-30 14:30:00-04:00,2.450000047683716,2.450000047683716,2.4200000762939453,2.4200000762939453,3140,0.0,0.0
2022-09-30 15:30:00-04:00,2.4200000762939453,2.450000047683716,2.4200000762939453,2.450000047683716,680,0.0,0.0
2022-10-03 09:30:00-04:00,2.444999933242798,2.444999933242798,2.36080002784729,2.434999942779541,3389,0.0,0.0
2022-10-03 10:30:00-04:00,2.390000104904175,2.4049999713897705,2.390000104904175,2.3915998935699463,10200,0.0,0.0
2022-10-03 11:30:00-04:00,2.3938000202178955,2.4200000762939453,2.3399999141693115,2.3450000286102295,8034,0.0,0.0
2022-10-03 12:30:00-04:00,2.340100049972534,2.4049999713897705,2.340100049972534,2.4000000953674316,1847,0.0,0.0
2022-10-03 13:30:00-04:00,2.3989999294281006,2.440000057220459,2.3989999294281006,2.440000057220459,1524,0.0,0.0
2022-10-03 14:30:00-04:00,2.4277000427246094,2.440000057220459,2.400099992752075,2.4200000762939453,8410,0.0,0.0
2022-10-03 15:30:00-04:00,2.4028000831604004,2.4200000762939453,2.400099992752075,2.400099992752075,846,0.0,0.0
2022-10-04 09:30:00-04:00,2.4200000762939453,2.494999885559082,2.4000000953674316,2.400099992752075,14555,0.0,0.0
2022-10-04 10:30:00-04:00,2.450000047683716,2.484999895095825,2.390000104904175,2.4800000190734863,19160,0.0,0.0
2022-10-04 11:30:00-04:00,2.4549999237060547,2.4749999046325684,2.43179988861084,2.4600000381469727,1431,0.0,0.0
2022-10-04 12:30:00-04:00,2.4393999576568604,2.4600000381469727,2.4393999576568604,2.4600000381469727,683,0.0,0.0
2022-10-04 13:30:00-04:00,2.440000057220459,2.4600000381469727,2.440000057220459,2.4600000381469727,1501,0.0,0.0
2022-10-04 14:30:00-04:00,2.450000047683716,2.4800000190734863,2.450000047683716,2.4800000190734863,14535,0.0,0.0
2022-10-04 15:30:00-04:00,2.4649999141693115,2.4800000190734863,2.4339001178741455,2.4800000190734863,22116,0.0,0.0
2022-10-05 09:30:00-04:00,2.440000057220459,2.5,2.43179988861084,2.5,0,0.0,0.0
2022-10-05 10:30:00-04:00,2.5,2.5,2.4500999450683594,2.4749999046325684,2207,0.0,0.0
2022-10-05 11:30:00-04:00,2.4749999046325684,2.4800000190734863,2.450000047683716,2.450000047683716,2258,0.0,0.0
2022-10-05 12:30:00-04:00,2.450000047683716,2.450000047683716,2.3399999141693115,2.390000104904175,10154,0.0,0.0
2022-10-05 13:30:00-04:00,2.440000057220459,2.440000057220459,2.4000000953674316,2.4128000736236572,2063,0.0,0.0
2022-10-05 14:30:00-04:00,2.4179999828338623,2.440000057220459,2.3835999965667725,2.4200000762939453,44529,0.0,0.0
2022-10-05 15:30:00-04:00,2.4100000858306885,2.4198999404907227,2.390000104904175,2.4100000858306885,15521,0.0,0.0
2022-10-06 09:30:00-04:00,2.3499999046325684,2.450000047683716,2.3499999046325684,2.444999933242798,0,0.0,0.0
2022-10-06 10:30:00-04:00,2.4000000953674316,2.444999933242798,2.4000000953674316,2.4200000762939453,2681,0.0,0.0
2022-10-06 11:30:00-04:00,2.4000000953674316,2.4000000953674316,2.3949999809265137,2.3949999809265137,781,0.0,0.0
2022-10-06 12:30:00-04:00,2.380000114440918,2.4000000953674316,2.369999885559082,2.4000000953674316,1592,0.0,0.0
2022-10-06 13:30:00-04:00,2.380000114440918,2.4600000381469727,2.380000114440918,2.450000047683716,17201,0.0,0.0
2022-10-06 14:30:00-04:00,2.450000047683716,2.4700000286102295,2.450000047683716,2.4600000381469727,1438,0.0,0.0
2022-10-06 15:30:00-04:00,2.4600000381469727,2.493799924850464,2.4600000381469727,2.490000009536743,9222,0.0,0.0
2022-10-07 09:30:00-04:00,2.509999990463257,2.5950000286102295,2.509999990463257,2.5399999618530273,58404,0.0,0.0
2022-10-07 10:30:00-04:00,2.5536000728607178,2.5799999237060547,2.549999952316284,2.550100088119507,16370,0.0,0.0
2022-10-07 11:30:00-04:00,2.5699000358581543,2.5850000381469727,2.549999952316284,2.574399948120117,13980,0.0,0.0
2022-10-07 12:30:00-04:00,2.5766000747680664,2.6171000003814697,2.575000047683716,2.5999999046325684,8126,0.0,0.0
2022-10-07 13:30:00-04:00,2.548799991607666,2.5908000469207764,2.548799991607666,2.5899999141693115,0,0.0,0.0
2022-10-07 14:30:00-04:00,2.558199882507324,2.589900016784668,2.54010009765625,2.565000057220459,102932,0.0,0.0
2022-10-07 15:30:00-04:00,2.549999952316284,2.5999999046325684,2.54010009765625,2.5999999046325684,13517,0.0,0.0
2022-10-10 09:30:00-04:00,2.549999952316284,2.5999999046325684,2.5,2.5999999046325684,13609,0.0,0.0
2022-10-10 10:30:00-04:00,2.549999952316284,2.5999999046325684,2.5,2.5999999046325684,7009,0.0,0.0
2022-10-10 11:30:00-04:00,2.630000114440918,2.630000114440918,2.549999952316284,2.580899953842163,11605,0.0,0.0
2022-10-10 12:30:00-04:00,2.5799999237060547,2.5799999237060547,2.549999952316284,2.559999942779541,4871,0.0,0.0
2022-10-10 13:30:00-04:00,2.559999942779541,2.5799999237060547,2.559999942779541,2.569999933242798,1716,0.0,0.0
2022-10-10 14:30:00-04:00,2.5799999237060547,2.6500000953674316,2.569999933242798,2.6500000953674316,29928,0.0,0.0
2022-10-10 15:30:00-04:00,2.630000114440918,2.6500000953674316,2.60479998588562,2.6500000953674316,0,0.0,0.0
2022-10-11 09:30:00-04:00,2.609999895095825,2.7200000286102295,2.609999895095825,2.680000066757202,28685,0.0,0.0
2022-10-11 10:30:00-04:00,2.680000066757202,2.700000047683716,2.619999885559082,2.6700000762939453,9552,0.0,0.0
2022-10-11 11:30:00-04:00,2.6700000762939453,2.700000047683716,2.6500000953674316,2.690000057220459,11765,0.0,0.0
2022-10-11 12:30:00-04:00,2.690000057220459,2.7100000381469727,2.6700000762939453,2.680000066757202,7327,0.0,0.0
2022-10-11 13:30:00-04:00,2.680000066757202,2.690000057220459,2.6500000953674316,2.6700000762939453,4613,0.0,0.0
2022-10-11 14:30:00-04:00,2.6700000762939453,2.7200000286102295,2.6500000953674316,2.6700000762939453,12098,0.0,0.0
2022-10-11 15:30:00-04:00,2.6700000762939453,2.7100000381469727,2.630000114440918,2.684999942779541,20949,0.0,0.0
2022-10-12 09:30:00-04:00,2.640000104904175,2.700000047683716,2.640000104904175,2.690000057220459,21186,0.0,0.0
2022-10-12 10:30:00-04:00,2.690000057220459,2.690500020980835,2.648099899291992,2.6700000762939453,11246,0.0,0.0
2022-10-12 11:30:00-04:00,2.651599884033203,2.700000047683716,2.651599884033203,2.690000057220459,8773,0.0,0.0
2022-10-12 12:30:00-04:00,2.690000057220459,2.700000047683716,2.680000066757202,2.690000057220459,9586,0.0,0.0
2022-10-12 13:30:00-04:00,2.6700000762939453,2.700000047683716,2.5999999046325684,2.5999999046325684,18483,0.0,0.0
2022-10-12 14:30:00-04:00,2.630000114440918,2.6700000762939453,2.5999999046325684,2.634999990463257,27139,0.0,0.0
2022-10-12 15:30:00-04:00,2.640000104904175,2.7200000286102295,2.5999999046325684,2.6600000858306885,135138,0.0,0.0
2022-10-13 09:30:00-04:00,2.6700000762939453,2.75,2.6628000736236572,2.700000047683716,21996,0.0,0.0
2022-10-13 10:30:00-04:00,2.722899913787842,2.759999990463257,2.7200000286102295,2.755000114440918,32721,0.0,0.0
2022-10-13 11:30:00-04:00,2.744999885559082,2.759999990463257,2.7300000190734863,2.7300000190734863,9393,0.0,0.0
2022-10-13 12:30:00-04:00,2.7300000190734863,2.75,2.7100000381469727,2.744999885559082,13286,0.0,0.0
2022-10-13 13:30:00-04:00,2.75,2.7799999713897705,2.7100000381469727,2.7699999809265137,15956,0.0,0.0
2022-10-13 14:30:00-04:00,2.759999990463257,2.7699999809265137,2.7300000190734863,2.7300000190734863,15256,0.0,0.0
2022-10-13 15:30:00-04:00,2.734999895095825,2.7699999809265137,2.7200000286102295,2.75,43414,0.0,0.0
2022-10-14 09:30:00-04:00,2.7799999713897705,2.799999952316284,2.75,2.7899999618530273,0,0.0,0.0
2022-10-14 10:30:00-04:00,2.75,2.8299999237060547,2.75,2.7899999618530273,0,0.0,0.0
2022-10-14 11:30:00-04:00,2.7699999809265137,2.7699999809265137,2.700000047683716,2.700000047683716,1050653,0.0,0.0
2022-10-14 12:30:00-04:00,2.680000066757202,2.700000047683716,2.6600000858306885,2.700000047683716,9159,0.0,0.0
2022-10-14 13:30:00-04:00,2.690000057220459,2.740000009536743,2.690000057220459,2.740000009536743,8329,0.0,0.0
2022-10-14 14:30:00-04:00,2.740000009536743,2.740000009536743,2.690000057220459,2.7300000190734863,3337,0.0,0.0
2022-10-14 15:30:00-04:00,2.7300000190734863,2.7300000190734863,2.6900999546051025,2.7300000190734863,3042,0.0,0.0
2022-10-17 09:30:00-04:00,2.75,2.809999942779541,2.75,2.7750000953674316,20606,0.0,0.0
2022-10-17 10:30:00-04:00,2.7790000438690186,2.799999952316284,2.75,2.7799999713897705,178211,0.0,0.0
2022-10-17 11:30:00-04:00,2.761699914932251,2.799999952316284,2.7500998973846436,2.7500998973846436,818,0.0,0.0
2022-10-17 12:30:00-04:00,2.799999952316284,2.799999952316284,2.7699999809265137,2.799999952316284,2073,0.0,0.0
2022-10-17 13:30:00-04:00,2.7699999809265137,2.7699999809265137,2.740000009536743,2.755000114440918,4010,0.0,0.0
2022-10-17 14:30:00-04:00,2.755000114440918,2.755000114440918,2.744999885559082,2.744999885559082,1629,0.0,0.0
2022-10-17 15:30:00-04:00,2.704400062561035,2.75,2.704400062561035,2.75,4123,0.0,0.0
2022-10-18 09:30:00-04:00,2.7200000286102295,2.8399999141693115,2.7200000286102295,2.809999942779541,18698,0.0,0.0
2022-10-18 10:30:00-04:00,2.819999933242798,2.819999933242798,2.7699999809265137,2.819999933242798,17575,0.0,0.0
2022-10-18 11:30:00-04:00,2.8017001152038574,2.890000104904175,2.799999952316284,2.840100049972534,13112,0.0,0.0
2022-10-18 12:30:00-04:00,2.859999895095825,2.890000104904175,2.8299999237060547,2.890000104904175,19607,0.0,0.0
2022-10-18 13:30:00-04:00,2.880000114440918,2.940000057220459,2.859999895095825,2.9100000858306885,17018,0.0,0.0
2022-10-18 14:30:00-04:00,2.9149999618530273,2.9200000762939453,2.859999895095825,2.869999885559082,10897,0.0,0.0
2022-10-18 15:30:00-04:00,2.869999885559082,2.9000000953674316,2.799999952316284,2.8299999237060547,19339,0.0,0.0
2022-10-19 09:30:00-04:00,2.9000000953674316,2.9000000953674316,2.8399999141693115,2.869999885559082,7990,0.0,0.0
2022-10-19 10:30:00-04:00,2.869999885559082,2.880000114440918,2.8399999141693115,2.880000114440918,4201,0.0,0.0
2022-10-19 11:30:00-04:00,2.880000114440918,2.9000000953674316,2.869999885559082,2.869999885559082,9411,0.0,0.0
2022-10-19 12:30:00-04:00,2.890000104904175,2.890000104904175,2.8550000190734863,2.859999895095825,6659,0.0,0.0
2022-10-19 13:30:00-04:00,2.8550000190734863,2.930000066757202,2.8550000190734863,2.9149999618530273,17044,0.0,0.0
2022-10-19 14:30:00-04:00,2.9100000858306885,2.950000047683716,2.9000000953674316,2.9200000762939453,7008,0.0,0.0
2022-10-19 15:30:00-04:00,2.9260001182556152,2.940000057220459,2.880000114440918,2.9100000858306885,20261,0.0,0.0
2022-10-20 09:30:00-04:00,2.93969988822937,2.93969988822937,2.869999885559082,2.934999942779541,12504,0.0,0.0
2022-10-20 10:30:00-04:00,2.930000066757202,2.950000047683716,2.8499999046325684,2.940000057220459,24292,0.0,0.0
2022-10-20 11:30:00-04:00,2.9000000953674316,2.930000066757202,2.8678998947143555,2.9000000953674316,3891,0.0,0.0
2022-10-20 12:30:00-04:00,2.9000000953674316,2.930000066757202,2.869999885559082,2.890000104904175,7853,0.0,0.0
2022-10-20 13:30:00-04:00,2.9000000953674316,2.930000066757202,2.884999990463257,2.930000066757202,1419,0.0,0.0
2022-10-20 14:30:00-04:00,2.930000066757202,2.930000066757202,2.9000000953674316,2.924999952316284,7076,0.0,0.0
2022-10-20 15:30:00-04:00,2.930000066757202,2.930000066757202,2.8701000213623047,2.9000000953674316,0,0.0,0.0
2022-10-21 09:30:00-04:00,2.9000000953674316,2.930000066757202,2.809299945831299,2.869999885559082,24462,0.0,0.0
2022-10-21 10:30:00-04:00,2.869999885559082,2.9000000953674316,2.8213000297546387,2.9000000953674316,2150,0.0,0.0
2022-10-21 11:30:00-04:00,2.9000000953674316,2.9000000953674316,2.8499999046325684,2.859999895095825,6414,0.0,0.0
2022-10-21 12:30:00-04:00,2.869999885559082,2.890000104904175,2.8499999046325684,2.865000009536743,1989,0.0,0.0
2022-10-21 13:30:00-04:00,2.8685998916625977,2.880000114440918,2.8499999046325684,2.8499999046325684,2876,0.0,0.0
2022-10-21 14:30:00-04:00,2.869999885559082,2.890000104904175,2.8499999046325684,2.890000104904175,6519,0.0,0.0
2022-10-21 15:30:00-04:00,2.890000104904175,2.890000104904175,2.7750000953674316,2.869999885559082,48222,0.0,0.0
2022-10-24 09:30:00-04:00,2.930000066757202,2.930000066757202,2.8299999237060547,2.890000104904175,30738,0.0,0.0
2022-10-24 10:30:00-04:00,2.869999885559082,2.9000000953674316,2.869999885559082,2.890000104904175,9253,0.0,0.0
2022-10-24 11:30:00-04:00,2.890000104904175,2.940000057220459,2.890000104904175,2.9200000762939453,16706,0.0,0.0
2022-10-24 12:30:00-04:00,2.9142000675201416,2.9200000762939453,2.9001998901367188,2.9200000762939453,1972,0.0,0.0
2022-10-24 13:30:00-04:00,2.9200000762939453,2.940000057220459,2.9000000953674316,2.9200000762939453,19144,0.0,0.0
2022-10-24 14:30:00-04:00,2.9000000953674316,2.9200000762939453,2.880000114440918,2.880000114440918,2421,0.0,0.0
2022-10-24 15:30:00-04:00,2.880000114440918,2.9000000953674316,2.819999933242798,2.890000104904175,73285,0.0,0.0
2022-10-25 09:30:00-04:00,2.809999942779541,2.9405999183654785,2.805000066757202,2.930000066757202,20954,0.0,0.0
2022-10-25 10:30:00-04:00,2.930000066757202,2.950000047683716,2.914799928665161,2.9200000762939453,13860,0.0,0.0
2022-10-25 11:30:00-04:00,2.940000057220459,2.950000047683716,2.9191999435424805,2.940000057220459,8061,0.0,0.0
2022-10-25 12:30:00-04:00,2.940000057220459,2.9600000381469727,2.934999942779541,2.944999933242798,7167,0.0,0.0
2022-10-25 13:30:00-04:00,2.950000047683716,2.950000047683716,2.869999885559082,2.9200000762939453,21355,0.0,0.0
2022-10-25 14:30:00-04:00,2.9200000762939453,2.944999933242798,2.9100000858306885,2.940000057220459,3986,0.0,0.0
2022-10-25 15:30:00-04:00,2.940000057220459,2.950000047683716,2.890000104904175,2.930000066757202,0,0.0,0.0
2022-10-26 09:30:00-04:00,2.9600000381469727,3.009999990463257,2.9000000953674316,2.9800000190734863,50351,0.0,0.0
2022-10-26 10:30:00-04:00,2.9800000190734863,3.015000104904175,2.972899913787842,3.0,12982,0.0,0.0
2022-10-26 11:30:00-04:00,2.9969000816345215,3.0,2.950000047683716,2.9600000381469727,10512,0.0,0.0
2022-10-26 12:30:00-04:00,3.0,3.0,2.949199914932251,3.0,1432,0.0,0.0
2022-10-26 13:30:00-04:00,2.9700000286102295,2.990000009536743,2.9100000858306885,2.943000078201294,13975,0.0,0.0
2022-10-26 14:30:00-04:00,2.950000047683716,2.9600000381469727,2.9100000858306885,2.944999933242798,13161,0.0,0.0
2022-10-26 15:30:00-04:00,2.944999933242798,2.9800000190734863,2.930000066757202,2.9800000190734863,6888,0.0,0.0
2022-10-27 09:30:00-04:00,2.9700000286102295,3.0,2.880000114440918,2.9800000190734863,33619,0.0,0.0
2022-10-27 10:30:00-04:00,2.9800000190734863,2.990000009536743,2.9600000381469727,2.9800000190734863,2109,0.0,0.0
2022-10-27 11:30:00-04:00,2.98009991645813,2.990000009536743,2.940000057220459,2.950000047683716,20772,0.0,0.0
2022-10-27 12:30:00-04:00,2.9800000190734863,2.9800000190734863,2.969099998474121,2.9707000255584717,4436,0.0,0.0
2022-10-27 13:30:00-04:00,2.9426000118255615,2.9800000190734863,2.940500020980835,2.9800000190734863,23474,0.0,0.0
2022-10-27 14:30:00-04:00,2.9800000190734863,2.9800000190734863,2.8901000022888184,2.900099992752075,17096,0.0,0.0
2022-10-27 15:30:00-04:00,2.915600061416626,2.950000047683716,2.915600061416626,2.940000057220459,4191,0.0,0.0
2022-10-28 09:30:00-04:00,2.9100000858306885,2.944999933242798,2.869999885559082,2.9000000953674316,21509,0.0,0.0
2022-10-28 10:30:00-04:00,2.940000057220459,2.950000047683716,2.880000114440918,2.880000114440918,13523,0.0,0.0
2022-10-28 11:30:00-04:00,2.890000104904175,2.940000057220459,2.890000104904175,2.940000057220459,6529,0.0,0.0
2022-10-28 12:30:00-04:00,2.940000057220459,2.940000057220459,2.8945999145507812,2.9000000953674316,10599,0.0,0.0
2022-10-28 13:30:00-04:00,2.9000000953674316,3.0,2.9000000953674316,3.0,23142,0.0,0.0
2022-10-28 14:30:00-04:00,2.990000009536743,3.0,2.940000057220459,2.9800000190734863,8789,0.0,0.0
2022-10-28 15:30:00-04:00,2.950000047683716,2.9800000190734863,2.940000057220459,2.9749999046325684,5376,0.0,0.0
2022-10-31 09:30:00-04:00,2.990000009536743,2.990000009536743,2.944999933242798,2.9700000286102295,8387,0.0,0.0
2022-10-31 10:30:00-04:00,2.9800000190734863,2.9800000190734863,2.890000104904175,2.950000047683716,8379,0.0,0.0
2022-10-31 11:30:00-04:00,2.950000047683716,2.950000047683716,2.926100015640259,2.950000047683716,492,0.0,0.0
2022-10-31 13:30:00-04:00,2.9200000762939453,2.950000047683716,2.9200000762939453,2.940000057220459,4409,0.0,0.0
2022-10-31 14:30:00-04:00,2.940000057220459,2.950000047683716,2.930000066757202,2.950000047683716,4119,0.0,0.0
2022-10-31 15:30:00-04:00,2.950000047683716,2.9700000286102295,2.940000057220459,2.9700000286102295,10937,0.0,0.0
2022-11-01 09:30:00-04:00,2.930000066757202,2.9800000190734863,2.930000066757202,2.9800000190734863,3688,0.0,0.0
2022-11-01 10:30:00-04:00,2.9000000953674316,2.9000000953674316,2.880000114440918,2.9000000953674316,17359,0.0,0.0
2022-11-01 11:30:00-04:00,2.890000104904175,2.9000000953674316,2.859999895095825,2.880000114440918,13282,0.0,0.0
2022-11-01 12:30:00-04:00,2.880000114440918,2.9000000953674316,2.869999885559082,2.9000000953674316,4315,0.0,0.0
2022-11-01 13:30:00-04:00,2.9000000953674316,2.9000000953674316,2.9000000953674316,2.9000000953674316,651,0.0,0.0
2022-11-01 15:30:00-04:00,2.869999885559082,2.9000000953674316,2.859999895095825,2.9000000953674316,7801,0.0,0.0
2022-11-02 09:30:00-04:00,2.890000104904175,2.950000047683716,2.8399999141693115,2.9200000762939453,11996,0.0,0.0
2022-11-02 10:30:00-04:00,2.9200000762939453,2.930000066757202,2.845400094985962,2.930000066757202,786,0.0,0.0
2022-11-02 12:30:00-04:00,2.8506999015808105,2.890000104904175,2.8506999015808105,2.890000104904175,414,0.0,0.0
2022-11-02 13:30:00-04:00,2.8763999938964844,2.890000104904175,2.869999885559082,2.890000104904175,2282,0.0,0.0
2022-11-02 14:30:00-04:00,2.859999895095825,2.859999895095825,2.8445000648498535,2.8445000648498535,2782,0.0,0.0
2022-11-02 15:30:00-04:00,2.8550000190734863,2.880000114440918,2.818000078201294,2.880000114440918,17320,0.0,0.0
2022-11-03 09:30:00-04:00,2.859999895095825,2.9000000953674316,2.7799999713897705,2.9000000953674316,18880,0.0,0.0
2022-11-03 10:30:00-04:00,2.899899959564209,2.899899959564209,2.830399990081787,2.859999895095825,5555,0.0,0.0
2022-11-03 11:30:00-04:00,2.8299999237060547,2.8499999046325684,2.815000057220459,2.8499999046325684,6110,0.0,0.0
2022-11-03 12:30:00-04:00,2.825000047683716,2.8499999046325684,2.799999952316284,2.8499999046325684,6686,0.0,0.0
2022-11-03 13:30:00-04:00,2.809999942779541,2.8101000785827637,2.809999942779541,2.8101000785827637,1053,0.0,0.0
2022-11-03 14:30:00-04:00,2.8499999046325684,2.8499999046325684,2.8499999046325684,2.8499999046325684,113,0.0,0.0
2022-11-03 15:30:00-04:00,2.800100088119507,2.8299999237060547,2.799999952316284,2.8299999237060547,16790,0.0,0.0
2022-11-04 09:30:00-04:00,2.799999952316284,2.9000000953674316,2.799999952316284,2.890000104904175,0,0.0,0.0
2022-11-04 10:30:00-04:00,2.8333001136779785,2.872999906539917,2.8299999237060547,2.8299999237060547,1042,0.0,0.0
2022-11-04 11:30:00-04:00,2.825000047683716,2.890000104904175,2.799999952316284,2.890000104904175,10469,0.0,0.0
2022-11-04 12:30:00-04:00,2.859999895095825,2.890000104904175,2.859999895095825,2.859999895095825,2691,0.0,0.0
2022-11-04 13:30:00-04:00,2.875,2.880000114440918,2.840100049972534,2.880000114440918,1774,0.0,0.0
2022-11-04 14:30:00-04:00,2.859999895095825,2.950000047683716,2.859999895095825,2.924999952316284,42752,0.0,0.0
2022-11-04 15:30:00-04:00,2.940000057220459,2.9800000190734863,2.8499999046325684,2.9000000953674316,90881,0.0,0.0
2022-11-07 09:30:00-05:00,2.869999885559082,2.944999933242798,2.869999885559082,2.869999885559082,4147,0.0,0.0
2022-11-07 10:30:00-05:00,2.859999895095825,2.930000066757202,2.859999895095825,2.9298999309539795,6466,0.0,0.0
2022-11-07 11:30:00-05:00,2.890000104904175,2.930000066757202,2.890000104904175,2.9000000953674316,8915,0.0,0.0
2022-11-07 12:30:00-05:00,2.875,2.930000066757202,2.875,2.9096999168395996,7107,0.0,0.0
2022-11-07 13:30:00-05:00,2.930000066757202,2.930000066757202,2.9031999111175537,2.9149999618530273,1214,0.0,0.0
2022-11-07 14:30:00-05:00,2.9000000953674316,2.911900043487549,2.9000000953674316,2.9100000858306885,931,0.0,0.0
2022-11-07 15:30:00-05:00,2.930000066757202,2.930000066757202,2.9000000953674316,2.9100000858306885,1123,0.0,0.0
2022-11-08 09:30:00-05:00,2.934999942779541,2.9700000286102295,2.8801000118255615,2.9600000381469727,0,0.0,0.0
2022-11-08 10:30:00-05:00,2.9600000381469727,2.9700000286102295,2.9200000762939453,2.9200000762939453,12188,0.0,0.0
2022-11-08 11:30:00-05:00,2.950000047683716,2.9600000381469727,2.9200000762939453,2.950000047683716,3411,0.0,0.0
2022-11-08 12:30:00-05:00,2.940000057220459,2.944999933242798,2.940000057220459,2.944999933242798,2188,0.0,0.0
2022-11-08 13:30:00-05:00,2.940000057220459,2.9600000381469727,2.890399932861328,2.890399932861328,2943,0.0,0.0
2022-11-08 14:30:00-05:00,2.950000047683716,2.950000047683716,2.9149999618530273,2.9200000762939453,2553,0.0,0.0
2022-11-08 15:30:00-05:00,2.950000047683716,2.9600000381469727,2.940000057220459,2.950000047683716,0,0.0,0.0
2022-11-09 09:30:00-05:00,2.940000057220459,3.049999952316284,2.9200000762939453,3.0,44500,0.0,0.0
2022-11-09 10:30:00-05:00,3.0,3.0,2.9579999446868896,2.9827001094818115,1121,0.0,0.0
2022-11-09 11:30:00-05:00,2.9800000190734863,2.9800000190734863,2.950000047683716,2.961899995803833,6055,0.0,0.0
2022-11-09 12:30:00-05:00,2.9800000190734863,2.9800000190734863,2.9600000381469727,2.9600000381469727,10022,0.0,0.0
2022-11-09 13:30:00-05:00,2.9700000286102295,2.9700000286102295,2.955199956893921,2.955199956893921,2831,0.0,0.0
2022-11-09 14:30:00-05:00,2.950000047683716,2.9600000381469727,2.930000066757202,2.9600000381469727,8011,0.0,0.0
2022-11-09 15:30:00-05:00,2.922100067138672,2.950000047683716,2.9001998901367188,2.934999942779541,4930,0.0,0.0
2022-11-10 09:30:00-05:00,3.0,3.0299999713897705,2.950000047683716,3.001300096511841,39077,0.0,0.0
2022-11-10 10:30:00-05:00,3.0000998973846436,3.000699996948242,3.0,3.0,3568,0.0,0.0
2022-11-10 11:30:00-05:00,2.9800000190734863,2.9800000190734863,2.897700071334839,2.940000057220459,1394,0.0,0.0
2022-11-10 12:30:00-05:00,2.940000057220459,2.990000009536743,2.940000057220459,2.9800000190734863,1791,0.0,0.0
2022-11-10 13:30:00-05:00,2.9800000190734863,2.990000009536743,2.9800000190734863,2.990000009536743,553,0.0,0.0
2022-11-10 14:30:00-05:00,2.990000009536743,2.990000009536743,2.930000066757202,2.930500030517578,2151,0.0,0.0
2022-11-10 15:30:00-05:00,2.950000047683716,2.990000009536743,2.950000047683716,2.984999895095825,4944,0.0,0.0
2022-11-11 09:30:00-05:00,2.9800000190734863,3.0899999141693115,2.9600000381469727,3.0373001098632812,25351,0.0,0.0
2022-11-11 10:30:00-05:00,3.0350000858306885,3.0350000858306885,2.9700000286102295,3.0,10327,0.0,0.0
2022-11-11 11:30:00-05:00,2.940000057220459,3.0,2.940000057220459,3.0,6565,0.0,0.0
2022-11-11 12:30:00-05:00,2.9911000728607178,3.0,2.9584999084472656,2.9800000190734863,2883,0.0,0.0
2022-11-11 13:30:00-05:00,2.974600076675415,3.0299999713897705,2.950000047683716,3.0199999809265137,24613,0.0,0.0
2022-11-11 14:30:00-05:00,3.0299999713897705,3.0299999713897705,2.9774999618530273,3.0299999713897705,9171,0.0,0.0
2022-11-11 15:30:00-05:00,2.9892001152038574,3.029900074005127,2.9800000190734863,3.0199999809265137,3868,0.0,0.0
2022-11-14 09:30:00-05:00,3.0,3.0299999713897705,2.970099925994873,3.0299999713897705,5316,0.0,0.0
2022-11-14 10:30:00-05:00,3.0,3.049999952316284,3.0,3.02620005607605,1198,0.0,0.0
2022-11-14 11:30:00-05:00,3.0251998901367188,3.0450000762939453,3.009999990463257,3.0201001167297363,6501,0.0,0.0
2022-11-14 12:30:00-05:00,3.0201001167297363,3.0236001014709473,3.0,3.0,8694,0.0,0.0
2022-11-14 13:30:00-05:00,3.0000998973846436,3.0000998973846436,3.0000998973846436,3.0000998973846436,143,0.0,0.0
2022-11-14 14:30:00-05:00,2.9965999126434326,3.0299999713897705,2.990000009536743,3.009999990463257,3861,0.0,0.0
2022-11-14 15:30:00-05:00,2.984999895095825,3.0,2.9700000286102295,2.9700000286102295,0,0.0,0.0
2022-11-15 09:30:00-05:00,3.0399999618530273,3.0999999046325684,3.0000998973846436,3.049999952316284,18344,0.0,0.0
2022-11-15 10:30:00-05:00,3.010999917984009,3.0399999618530273,3.010999917984009,3.0399999618530273,578,0.0,0.0
2022-11-15 11:30:00-05:00,3.049999952316284,3.049999952316284,3.0299999713897705,3.0318000316619873,23623,0.0,0.0
2022-11-15 12:30:00-05:00,3.046600103378296,3.046600103378296,2.9500999450683594,2.9500999450683594,16627,0.0,0.0
2022-11-15 13:30:00-05:00,2.9649999141693115,3.0299999713897705,2.953000068664551,3.0299999713897705,7134,0.0,0.0
2022-11-15 14:30:00-05:00,3.0299999713897705,3.0299999713897705,2.9700000286102295,2.990000009536743,8230,0.0,0.0
2022-11-15 15:30:00-05:00,3.0199999809265137,3.0199999809265137,2.990000009536743,3.0,0,0.0,0.0
2022-11-16 09:30:00-05:00,2.940000057220459,3.0199999809265137,2.940000057220459,3.0199999809265137,19465,0.0,0.0
2022-11-16 10:30:00-05:00,2.9951000213623047,3.0199999809265137,2.9700000286102295,2.9700000286102295,3598,0.0,0.0
2022-11-16 11:30:00-05:00,3.015000104904175,3.015000104904175,2.9700000286102295,3.015000104904175,4200,0.0,0.0
2022-11-16 12:30:00-05:00,2.979599952697754,3.015000104904175,2.9600000381469727,2.9600000381469727,3254,0.0,0.0
2022-11-16 13:30:00-05:00,2.9600000381469727,2.9800000190734863,2.940000057220459,2.9600000381469727,3576,0.0,0.0
2022-11-16 14:30:00-05:00,2.9549999237060547,2.9549999237060547,2.9000000953674316,2.944999933242798,12328,0.0,0.0
2022-11-16 15:30:00-05:00,2.9000000953674316,2.940000057220459,2.9000000953674316,2.9200000762939453,5377,0.0,0.0
2022-11-17 09:30:00-05:00,2.9549999237060547,2.9800000190734863,2.9200000762939453,2.9549999237060547,5817,0.0,0.0
2022-11-17 10:30:00-05:00,2.966099977493286,2.9725000858306885,2.966099977493286,2.9725000858306885,423,0.0,0.0
2022-11-17 11:30:00-05:00,2.930000066757202,2.930500030517578,2.882499933242798,2.930000066757202,15406,0.0,0.0
2022-11-17 12:30:00-05:00,2.930000066757202,2.9800000190734863,2.930000066757202,2.9549999237060547,3161,0.0,0.0
2022-11-17 13:30:00-05:00,2.950000047683716,2.950000047683716,2.950000047683716,2.950000047683716,399,0.0,0.0
2022-11-17 14:30:00-05:00,2.9486000537872314,2.9486000537872314,2.9200000762939453,2.9200000762939453,3534,0.0,0.0
2022-11-17 15:30:00-05:00,2.940000057220459,2.940000057220459,2.9000000953674316,2.9000000953674316,1932,0.0,0.0
2022-11-18 09:30:00-05:00,2.950000047683716,2.9700000286102295,2.9100000858306885,2.949899911880493,3411,0.0,0.0
2022-11-18 10:30:00-05:00,2.930000066757202,3.0,2.9200000762939453,2.9261999130249023,7000,0.0,0.0
2022-11-18 11:30:00-05:00,2.944999933242798,2.9700000286102295,2.9200000762939453,2.9200000762939453,7738,0.0,0.0
2022-11-18 12:30:00-05:00,2.9200000762939453,2.940000057220459,2.9200000762939453,2.940000057220459,1664,0.0,0.0
2022-11-18 13:30:00-05:00,2.930000066757202,2.9700000286102295,2.930000066757202,2.944999933242798,2488,0.0,0.0
2022-11-18 14:30:00-05:00,2.9700000286102295,2.990000009536743,2.9200000762939453,2.950000047683716,1191,0.0,0.0
2022-11-18 15:30:00-05:00,2.940000057220459,2.950000047683716,2.9000000953674316,2.9200000762939453,5101,0.0,0.0
2022-11-21 09:30:00-05:00,2.869999885559082,2.990000009536743,2.8399999141693115,2.9800000190734863,3590,0.0,0.0
2022-11-21 10:30:00-05:00,2.987499952316284,2.987499952316284,2.930000066757202,2.930000066757202,3279,0.0,0.0
2022-11-21 11:30:00-05:00,2.9333999156951904,2.990000009536743,2.9200000762939453,2.930000066757202,10206,0.0,0.0
2022-11-21 12:30:00-05:00,2.9100000858306885,2.940000057220459,2.9000000953674316,2.940000057220459,1874,0.0,0.0
2022-11-21 13:30:00-05:00,2.9200000762939453,2.930000066757202,2.9000000953674316,2.900099992752075,20572,0.0,0.0
2022-11-21 14:30:00-05:00,2.880000114440918,2.9600000381469727,2.880000114440918,2.9600000381469727,18967,0.0,0.0
2022-11-21 15:30:00-05:00,2.900099992752075,2.940000057220459,2.9000000953674316,2.940000057220459,10007,0.0,0.0
2022-11-22 09:30:00-05:00,2.9700000286102295,2.990000009536743,2.910799980163574,2.9600000381469727,0,0.0,0.0
2022-11-22 10:30:00-05:00,2.9600000381469727,3.049999952316284,2.940000057220459,3.0,16357,0.0,0.0
2022-11-22 11:30:00-05:00,3.0034000873565674,3.0199999809265137,2.9721999168395996,2.9830000400543213,13116,0.0,0.0
2022-11-22 12:30:00-05:00,3.009999990463257,3.009999990463257,2.970099925994873,3.009999990463257,2612,0.0,0.0
2022-11-22 13:30:00-05:00,3.0,3.0199999809265137,2.982300043106079,2.982300043106079,8931,0.0,0.0
2022-11-22 14:30:00-05:00,3.0,3.0199999809265137,2.9749999046325684,3.0000998973846436,20705,0.0,0.0
2022-11-22 15:30:00-05:00,3.0,3.0199999809265137,2.959199905395508,3.0199999809265137,7849,0.0,0.0
2022-11-23 09:30:00-05:00,3.059999942779541,3.0899999141693115,2.990000009536743,3.0799999237060547,49940,0.0,0.0
2022-11-23 10:30:00-05:00,3.0399999618530273,3.069999933242798,3.009999990463257,3.069999933242798,8027,0.0,0.0
2022-11-23 11:30:00-05:00,3.069999933242798,3.0799999237060547,3.049999952316284,3.0734000205993652,13616,0.0,0.0
2022-11-23 12:30:00-05:00,3.069999933242798,3.069999933242798,3.069999933242798,3.069999933242798,325,0.0,0.0
2022-11-23 13:30:00-05:00,3.059999942779541,3.0899999141693115,3.059999942779541,3.0899999141693115,12646,0.0,0.0
2022-11-23 14:30:00-05:00,3.0799999237060547,3.0799999237060547,3.009999990463257,3.0100998878479004,19998,0.0,0.0
2022-11-23 15:30:00-05:00,3.049999952316284,3.0799999237060547,3.049999952316284,3.0799999237060547,1751,0.0,0.0
2022-11-25 09:30:00-05:00,3.0199999809265137,3.065000057220459,3.0,3.0199999809265137,5232,0.0,0.0
2022-11-25 10:30:00-05:00,3.0299999713897705,3.069999933242798,3.009999990463257,3.049999952316284,2537,0.0,0.0
2022-11-25 11:30:00-05:00,3.049999952316284,3.0799999237060547,3.049999952316284,3.0799999237060547,7081,0.0,0.0
2022-11-28 09:30:00-05:00,3.0299999713897705,3.0999999046325684,2.984999895095825,3.069999933242798,9123,0.0,0.0
2022-11-28 10:30:00-05:00,3.042099952697754,3.0481998920440674,3.0350000858306885,3.0350000858306885,1513,0.0,0.0
2022-11-28 11:30:00-05:00,3.0299999713897705,3.0299999713897705,2.9588000774383545,3.0299999713897705,1390,0.0,0.0
2022-11-28 13:30:00-05:00,3.0053999423980713,3.0299999713897705,3.0,3.009999990463257,3552,0.0,0.0
2022-11-28 14:30:00-05:00,3.009999990463257,3.0199999809265137,3.0000998973846436,3.0199999809265137,7390,0.0,0.0
2022-11-28 15:30:00-05:00,3.0179998874664307,3.0399999618530273,3.0179998874664307,3.0399999618530273,0,0.0,0.0
2022-11-29 09:30:00-05:00,3.0899999141693115,3.0899999141693115,2.960099935531616,3.049999952316284,46842,0.0,0.0
2022-11-29 10:30:00-05:00,3.049999952316284,3.049999952316284,3.049999952316284,3.049999952316284,322,0.0,0.0
2022-11-29 11:30:00-05:00,3.049999952316284,3.049999952316284,3.0399999618530273,3.0399999618530273,1302,0.0,0.0
2022-11-29 12:30:00-05:00,3.0399999618530273,3.0399999618530273,3.0,3.0000998973846436,2704,0.0,0.0
2022-11-29 13:30:00-05:00,3.0325000286102295,3.0399999618530273,3.009999990463257,3.0399999618530273,2588,0.0,0.0
2022-11-29 14:30:00-05:00,3.0018999576568604,3.0399999618530273,3.0018999576568604,3.0199999809265137,2757,0.0,0.0
2022-11-29 15:30:00-05:00,3.0,3.0399999618530273,3.0,3.0299999713897705,0,0.0,0.0
2022-11-30 09:30:00-05:00,2.940000057220459,3.0299999713897705,2.8410000801086426,3.009999990463257,13826,0.0,0.0
2022-11-30 10:30:00-05:00,3.0,3.0299999713897705,3.0,3.0299999713897705,815,0.0,0.0
2022-11-30 11:30:00-05:00,3.0,3.0199999809265137,2.950000047683716,3.0199999809265137,9274,0.0,0.0
2022-11-30 12:30:00-05:00,3.0199999809265137,3.0199999809265137,2.990000009536743,2.990000009536743,1583,0.0,0.0
2022-11-30 13:30:00-05:00,2.990000009536743,3.0399999618530273,2.9800000190734863,3.0199999809265137,16888,0.0,0.0
2022-11-30 14:30:00-05:00,3.0350000858306885,3.049999952316284,3.0199999809265137,3.0199999809265137,6041,0.0,0.0
2022-11-30 15:30:00-05:00,3.0058000087738037,3.049999952316284,3.0,3.049999952316284,9754,0.0,0.0
2022-12-01 09:30:00-05:00,2.9800000190734863,3.009999990463257,2.950000047683716,2.9800000190734863,17023,0.0,0.0
2022-12-01 10:30:00-05:00,2.982800006866455,2.990000009536743,2.950000047683716,2.9600000381469727,16935,0.0,0.0
2022-12-01 11:30:00-05:00,2.9700000286102295,2.9800000190734863,2.940000057220459,2.9500999450683594,12571,0.0,0.0
2022-12-01 12:30:00-05:00,2.9800000190734863,2.9800000190734863,2.950000047683716,2.9800000190734863,1236,0.0,0.0
2022-12-01 14:30:00-05:00,2.9574999809265137,2.977400064468384,2.950000047683716,2.9700000286102295,1511,0.0,0.0
2022-12-01 15:30:00-05:00,2.9700000286102295,2.9700000286102295,2.9600000381469727,2.9600000381469727,1198,0.0,0.0
2022-12-02 09:30:00-05:00,2.9000000953674316,2.9700000286102295,2.9000000953674316,2.9400999546051025,22002,0.0,0.0
2022-12-02 10:30:00-05:00,2.944999933242798,2.950000047683716,2.940000057220459,2.940000057220459,5501,0.0,0.0
2022-12-02 11:30:00-05:00,2.940000057220459,2.9400999546051025,2.940000057220459,2.9400999546051025,2009,0.0,0.0
2022-12-02 12:30:00-05:00,2.940000057220459,2.940000057220459,2.930000066757202,2.930000066757202,2757,0.0,0.0
2022-12-02 13:30:00-05:00,2.9312000274658203,2.940000057220459,2.9200000762939453,2.940000057220459,6458,0.0,0.0
2022-12-02 14:30:00-05:00,2.930000066757202,2.9800000190734863,2.930000066757202,2.9544999599456787,30206,0.0,0.0
2022-12-02 15:30:00-05:00,2.9800000190734863,2.9800000190734863,2.9365999698638916,2.940000057220459,8509,0.0,0.0
2022-12-05 09:30:00-05:00,2.8399999141693115,2.9000000953674316,2.8399999141693115,2.890000104904175,20563,0.0,0.0
2022-12-05 10:30:00-05:00,2.869999885559082,2.950000047683716,2.7927000522613525,2.950000047683716,39701,0.0,0.0
2022-12-05 11:30:00-05:00,2.9000000953674316,2.9200000762939453,2.9000000953674316,2.9200000762939453,660,0.0,0.0
2022-12-05 12:30:00-05:00,2.9058001041412354,2.940000057220459,2.9058001041412354,2.924999952316284,6380,0.0,0.0
2022-12-05 13:30:00-05:00,2.924999952316284,2.924999952316284,2.924999952316284,2.924999952316284,2541,0.0,0.0
2022-12-05 14:30:00-05:00,2.920099973678589,2.940000057220459,2.9200000762939453,2.930000066757202,2392,0.0,0.0
2022-12-05 15:30:00-05:00,2.940000057220459,2.940000057220459,2.9200000762939453,2.940000057220459,4999,0.0,0.0
2022-12-06 09:30:00-05:00,2.9089999198913574,2.9089999198913574,2.8499999046325684,2.8499999046325684,16969,0.0,0.0
2022-12-06 10:30:00-05:00,2.8499999046325684,2.859999895095825,2.7799999713897705,2.800100088119507,6227,0.0,0.0
2022-12-06 11:30:00-05:00,2.869999885559082,2.880000114440918,2.8299999237060547,2.8433001041412354,6206,0.0,0.0
2022-12-06 12:30:00-05:00,2.8150999546051025,2.841900110244751,2.8150999546051025,2.819999933242798,693,0.0,0.0
2022-12-06 13:30:00-05:00,2.809999942779541,2.8101000785827637,2.809999942779541,2.8101000785827637,441,0.0,0.0
2022-12-06 14:30:00-05:00,2.809999942779541,2.810499906539917,2.75,2.754300117492676,13398,0.0,0.0
2022-12-06 15:30:00-05:00,2.759999990463257,2.7899999618530273,2.755000114440918,2.7699999809265137,6038,0.0,0.0
2022-12-07 09:30:00-05:00,2.700000047683716,2.8399999141693115,2.700000047683716,2.799999952316284,860205,0.0,0.0
2022-12-07 10:30:00-05:00,2.8299999237060547,2.880000114440918,2.799999952316284,2.811800003051758,7743,0.0,0.0
2022-12-07 11:30:00-05:00,2.7699999809265137,2.799999952316284,2.7699999809265137,2.799999952316284,13303,0.0,0.0
2022-12-07 12:30:00-05:00,2.8041999340057373,2.8041999340057373,2.799999952316284,2.799999952316284,952,0.0,0.0
2022-12-07 13:30:00-05:00,2.799999952316284,2.815000057220459,2.799999952316284,2.809999942779541,37499,0.0,0.0
2022-12-07 14:30:00-05:00,2.819999933242798,2.819999933242798,2.799999952316284,2.8001999855041504,9058,0.0,0.0
2022-12-07 15:30:00-05:00,2.8013999462127686,2.819999933242798,2.8013999462127686,2.819999933242798,0,0.0,0.0
2022-12-08 09:30:00-05:00,2.819999933242798,2.9049999713897705,2.759999990463257,2.865000009536743,64260,0.0,0.0
2022-12-08 10:30:00-05:00,2.869999885559082,2.884999990463257,2.859999895095825,2.859999895095825,15204,0.0,0.0
2022-12-08 11:30:00-05:00,2.8698999881744385,2.869999885559082,2.859999895095825,2.859999895095825,1737,0.0,0.0
2022-12-08 12:30:00-05:00,2.866499900817871,2.866499900817871,2.859999895095825,2.859999895095825,308,0.0,0.0
2022-12-08 13:30:00-05:00,2.869999885559082,2.890000104904175,2.859999895095825,2.880000114440918,17014,0.0,0.0
2022-12-08 14:30:00-05:00,2.859999895095825,2.880000114440918,2.859999895095825,2.869999885559082,1957,0.0,0.0
2022-12-08 15:30:00-05:00,2.865000009536743,2.869999885559082,2.859999895095825,2.869999885559082,5710,0.0,0.0
2022-12-09 09:30:00-05:00,2.9200000762939453,2.9200000762939453,2.859999895095825,2.8605000972747803,12817,0.0,0.0
2022-12-09 10:30:00-05:00,2.890000104904175,2.9000000953674316,2.8682000637054443,2.870300054550171,12086,0.0,0.0
2022-12-09 11:30:00-05:00,2.860100030899048,2.890000104904175,2.860100030899048,2.869999885559082,2775,0.0,0.0
2022-12-09 12:30:00-05:00,2.880000114440918,2.880000114440918,2.850100040435791,2.865000009536743,33327,0.0,0.0
2022-12-09 13:30:00-05:00,2.8610999584198,2.9100000858306885,2.8610999584198,2.9100000858306885,42872,0.0,0.0
2022-12-09 14:30:00-05:00,2.900099992752075,2.9200000762939453,2.884999990463257,2.884999990463257,5338,0.0,0.0
2022-12-09 15:30:00-05:00,2.9100000858306885,2.9100000858306885,2.890000104904175,2.890000104904175,3293,0.0,0.0
2022-12-12 09:30:00-05:00,2.880000114440918,2.890000104904175,2.857300043106079,2.8701000213623047,2154,0.0,0.0
2022-12-12 10:30:00-05:00,2.869999885559082,2.870500087738037,2.869999885559082,2.870500087738037,3410,0.0,0.0
2022-12-12 11:30:00-05:00,2.869999885559082,2.871000051498413,2.8550000190734863,2.8550000190734863,4842,0.0,0.0
2022-12-12 12:30:00-05:00,2.8499999046325684,2.8499999046325684,2.802500009536743,2.8027000427246094,3918,0.0,0.0
2022-12-12 13:30:00-05:00,2.809999942779541,2.809999942779541,2.8059000968933105,2.8059000968933105,1924,0.0,0.0
2022-12-12 14:30:00-05:00,2.8299999237060547,2.869999885559082,2.8299999237060547,2.869999885559082,7047,0.0,0.0
2022-12-12 15:30:00-05:00,2.8499999046325684,2.8701000213623047,2.8499999046325684,2.8499999046325684,0,0.0,0.0
2022-12-13 09:30:00-05:00,2.9000000953674316,2.9175000190734863,2.859999895095825,2.9000000953674316,15747,0.0,0.0
2022-12-13 10:30:00-05:00,2.893399953842163,2.9000000953674316,2.875,2.890000104904175,7641,0.0,0.0
2022-12-13 11:30:00-05:00,2.8949999809265137,2.8949999809265137,2.8499999046325684,2.884999990463257,18354,0.0,0.0
2022-12-13 12:30:00-05:00,2.88100004196167,2.884999990463257,2.8801000118255615,2.884999990463257,689,0.0,0.0
2022-12-13 13:30:00-05:00,2.8801000118255615,2.884999990463257,2.8801000118255615,2.884999990463257,247,0.0,0.0
2022-12-13 14:30:00-05:00,2.880000114440918,2.890000104904175,2.880000114440918,2.884999990463257,8469,0.0,0.0
2022-12-13 15:30:00-05:00,2.880000114440918,2.884999990463257,2.869999885559082,2.869999885559082,5706,0.0,0.0
2022-12-14 09:30:00-05:00,2.8399999141693115,2.880000114440918,2.8399999141693115,2.858099937438965,2209,0.0,0.0
2022-12-14 10:30:00-05:00,2.8705999851226807,2.890000104904175,2.8499999046325684,2.880000114440918,17039,0.0,0.0
2022-12-14 11:30:00-05:00,2.880000114440918,2.880000114440918,2.8747000694274902,2.880000114440918,13181,0.0,0.0
2022-12-14 12:30:00-05:00,2.880000114440918,2.880000114440918,2.859999895095825,2.8622000217437744,5013,0.0,0.0
2022-12-14 13:30:00-05:00,2.869999885559082,2.9000000953674316,2.869999885559082,2.880000114440918,8353,0.0,0.0
2022-12-14 14:30:00-05:00,2.880000114440918,2.9000000953674316,2.869999885559082,2.884999990463257,12956,0.0,0.0
2022-12-14 15:30:00-05:00,2.880000114440918,2.880000114440918,2.869999885559082,2.880000114440918,2263,0.0,0.0
2022-12-15 09:30:00-05:00,2.890000104904175,2.891900062561035,2.8808999061584473,2.890000104904175,0,0.0,0.0
2022-12-15 10:30:00-05:00,2.880000114440918,2.890000104904175,2.880000114440918,2.880000114440918,3334,0.0,0.0
2022-12-15 11:30:00-05:00,2.880000114440918,2.880000114440918,2.869999885559082,2.869999885559082,4308,0.0,0.0
2022-12-15 12:30:00-05:00,2.869999885559082,2.869999885559082,2.7899999618530273,2.8499999046325684,65832,0.0,0.0
2022-12-15 13:30:00-05:00,2.859999895095825,2.9000000953674316,2.7799999713897705,2.9000000953674316,58973,0.0,0.0
2022-12-15 14:30:00-05:00,2.890000104904175,2.9700000286102295,2.884999990463257,2.940000057220459,18825,0.0,0.0
2022-12-15 15:30:00-05:00,2.940000057220459,2.9700000286102295,2.930000066757202,2.9600000381469727,10055,0.0,0.0
2022-12-16 09:30:00-05:00,2.9100000858306885,2.950000047683716,2.9100000858306885,2.930000066757202,8335,0.0,0.0
2022-12-16 10:30:00-05:00,2.924999952316284,2.950000047683716,2.9000000953674316,2.930000066757202,3717,0.0,0.0
2022-12-16 11:30:00-05:00,2.900099992752075,2.901900053024292,2.900099992752075,2.901900053024292,1432,0.0,0.0
2022-12-16 12:30:00-05:00,2.9007999897003174,2.940000057220459,2.9000000953674316,2.930000066757202,9112,0.0,0.0
2022-12-16 13:30:00-05:00,2.930000066757202,2.9600000381469727,2.9000000953674316,2.9200000762939453,18357,0.0,0.0
2022-12-16 14:30:00-05:00,2.9200000762939453,2.9400999546051025,2.887200117111206,2.930000066757202,18636,0.0,0.0
2022-12-16 15:30:00-05:00,2.930000066757202,2.940000057220459,2.9200000762939453,2.934999942779541,22112,0.0,0.0
2022-12-19 09:30:00-05:00,2.890000104904175,2.940000057220459,2.859999895095825,2.9149999618530273,11838,0.0,0.0
2022-12-19 10:30:00-05:00,2.9000000953674316,2.901900053024292,2.890000104904175,2.890000104904175,2296,0.0,0.0
2022-12-19 11:30:00-05:00,2.882499933242798,2.9200000762939453,2.882499933242798,2.9000000953674316,3914,0.0,0.0
2022-12-19 12:30:00-05:00,2.9100000858306885,2.9100000858306885,2.880000114440918,2.880000114440918,2884,0.0,0.0
2022-12-19 13:30:00-05:00,2.880000114440918,2.880000114440918,2.880000114440918,2.880000114440918,543,0.0,0.0
2022-12-19 15:30:00-05:00,2.880000114440918,2.9000000953674316,2.880000114440918,2.880000114440918,2509,0.0,0.0
2022-12-20 09:30:00-05:00,2.819999933242798,2.9200000762939453,2.819999933242798,2.9000000953674316,12220,0.0,0.0
2022-12-20 10:30:00-05:00,2.9316000938415527,2.9316000938415527,2.9000000953674316,2.9000000953674316,1317,0.0,0.0
2022-12-20 11:30:00-05:00,2.9151999950408936,2.9151999950408936,2.9005000591278076,2.9005000591278076,350,0.0,0.0
2022-12-20 12:30:00-05:00,2.903599977493286,2.9200000762939453,2.869999885559082,2.9200000762939453,63990,0.0,0.0
2022-12-20 13:30:00-05:00,2.9100000858306885,2.9200000762939453,2.9000000953674316,2.9049999713897705,10160,0.0,0.0
2022-12-20 14:30:00-05:00,2.9149999618530273,2.9149999618530273,2.9000000953674316,2.9000000953674316,4337,0.0,0.0
2022-12-20 15:30:00-05:00,2.9028000831604004,2.9100000858306885,2.9000000953674316,2.9100000858306885,2921,0.0,0.0
2022-12-21 09:30:00-05:00,2.890000104904175,2.940000057220459,2.880000114440918,2.930000066757202,0,0.0,0.0
2022-12-21 10:30:00-05:00,2.93179988861084,2.9377999305725098,2.9100000858306885,2.9200000762939453,5884,0.0,0.0
2022-12-21 11:30:00-05:00,2.9100000858306885,2.940000057220459,2.9000000953674316,2.9000000953674316,20782,0.0,0.0
2022-12-21 12:30:00-05:00,2.9000000953674316,2.900099992752075,2.9000000953674316,2.9000000953674316,2908,0.0,0.0
2022-12-21 13:30:00-05:00,2.9000000953674316,2.9019999504089355,2.9000000953674316,2.9000000953674316,1959,0.0,0.0
2022-12-21 15:30:00-05:00,2.900099992752075,2.9100000858306885,2.9000000953674316,2.9000000953674316,2273,0.0,0.0
2022-12-22 09:30:00-05:00,2.869999885559082,2.9198999404907227,2.869999885559082,2.9100000858306885,11508,0.0,0.0
2022-12-22 10:30:00-05:00,2.9100000858306885,2.9200000762939453,2.9000000953674316,2.916100025177002,10478,0.0,0.0
2022-12-22 11:30:00-05:00,2.9100000858306885,2.9100000858306885,2.9100000858306885,2.9100000858306885,840,0.0,0.0
2022-12-22 12:30:00-05:00,2.9149999618530273,2.9149999618530273,2.9100000858306885,2.9100000858306885,2378,0.0,0.0
2022-12-22 13:30:00-05:00,2.9149999618530273,2.9149999618530273,2.8949999809265137,2.8949999809265137,5536,0.0,0.0
2022-12-22 14:30:00-05:00,2.9000000953674316,2.9049999713897705,2.890000104904175,2.9000000953674316,14679,0.0,0.0
2022-12-22 15:30:00-05:00,2.9100000858306885,2.9100000858306885,2.890000104904175,2.890000104904175,0,0.0,0.0
2022-12-23 09:30:00-05:00,2.9000000953674316,2.9056999683380127,2.9000000953674316,2.9056999683380127,3186,0.0,0.0
2022-12-23 10:30:00-05:00,2.900099992752075,2.940000057220459,2.9000000953674316,2.9200000762939453,44646,0.0,0.0
2022-12-23 11:30:00-05:00,2.940000057220459,2.940000057220459,2.9100000858306885,2.930000066757202,3919,0.0,0.0
2022-12-23 12:30:00-05:00,2.930000066757202,2.930000066757202,2.9100000858306885,2.930000066757202,3606,0.0,0.0
2022-12-23 13:30:00-05:00,2.930000066757202,2.930000066757202,2.9100000858306885,2.924999952316284,5091,0.0,0.0
2022-12-23 14:30:00-05:00,2.924999952316284,2.940000057220459,2.9200000762939453,2.9200000762939453,17522,0.0,0.0
2022-12-23 15:30:00-05:00,2.9200000762939453,2.940000057220459,2.9200000762939453,2.9200000762939453,10977,0.0,0.0
2022-12-27 09:30:00-05:00,2.9200000762939453,2.9200000762939453,2.859999895095825,2.876499891281128,6715,0.0,0.0
2022-12-27 10:30:00-05:00,2.874799966812134,2.9149999618530273,2.874799966812134,2.9149999618530273,6440,0.0,0.0
2022-12-27 11:30:00-05:00,2.911900043487549,2.9149999618530273,2.880000114440918,2.9100000858306885,3046,0.0,0.0
2022-12-27 12:30:00-05:00,2.8801000118255615,2.9000000953674316,2.880000114440918,2.9000000953674316,4228,0.0,0.0
2022-12-27 13:30:00-05:00,2.900399923324585,2.9200000762939453,2.8910000324249268,2.8910000324249268,9851,0.0,0.0
2022-12-27 14:30:00-05:00,2.8901000022888184,2.9100000858306885,2.8901000022888184,2.9100000858306885,8558,0.0,0.0
2022-12-27 15:30:00-05:00,2.9198999404907227,2.9200000762939453,2.9000000953674316,2.9100000858306885,17626,0.0,0.0
2022-12-28 09:30:00-05:00,2.9100000858306885,2.9100000858306885,2.8499999046325684,2.9100000858306885,24441,0.0,0.0
2022-12-28 10:30:00-05:00,2.9000000953674316,2.9100000858306885,2.9000000953674316,2.9019999504089355,3751,0.0,0.0
2022-12-28 11:30:00-05:00,2.9000000953674316,2.9100000858306885,2.9000000953674316,2.9100000858306885,6766,0.0,0.0
2022-12-28 12:30:00-05:00,2.9049999713897705,2.9100000858306885,2.900099992752075,2.9100000858306885,3623,0.0,0.0
2022-12-28 13:30:00-05:00,2.900099992752075,2.9100000858306885,2.900099992752075,2.9100000858306885,8096,0.0,0.0
2022-12-28 14:30:00-05:00,2.9149999618530273,2.9149999618530273,2.9100000858306885,2.9100000858306885,537,0.0,0.0
2022-12-28 15:30:00-05:00,2.9100000858306885,2.9200000762939453,2.869999885559082,2.869999885559082,20731,0.0,0.0
2022-12-29 09:30:00-05:00,2.884999990463257,2.9100000858306885,2.860100030899048,2.90120005607605,0,0.0,0.0
2022-12-29 10:30:00-05:00,2.9049999713897705,2.9049999713897705,2.9000000953674316,2.9049999713897705,3530,0.0,0.0
2022-12-29 11:30:00-05:00,2.9100000858306885,2.9100000858306885,2.890000104904175,2.9049999713897705,36565,0.0,0.0
2022-12-29 12:30:00-05:00,2.890000104904175,2.9000000953674316,2.890000104904175,2.9000000953674316,2604,0.0,0.0
2022-12-29 13:30:00-05:00,2.890000104904175,2.9100000858306885,2.890000104904175,2.9100000858306885,12825,0.0,0.0
2022-12-29 14:30:00-05:00,2.9200000762939453,2.950000047683716,2.9028000831604004,2.9028000831604004,34964,0.0,0.0
2022-12-29 15:30:00-05:00,2.900099992752075,2.930000066757202,2.9000000953674316,2.9149999618530273,0,0.0,0.0
2022-12-30 09:30:00-05:00,2.890000104904175,2.940000057220459,2.890000104904175,2.9100000858306885,26515,0.0,0.0
2022-12-30 10:30:00-05:00,2.920099973678589,2.930000066757202,2.9100000858306885,2.9100000858306885,46830,0.0,0.0
2022-12-30 11:30:00-05:00,2.9100000858306885,2.9200000762939453,2.9000000953674316,2.9200000762939453,39435,0.0,0.0
2022-12-30 12:30:00-05:00,2.930000066757202,2.930000066757202,2.9100000858306885,2.9100000858306885,10934,0.0,0.0
2022-12-30 13:30:00-05:00,2.910599946975708,2.910599946975708,2.9102001190185547,2.9102001190185547,734,0.0,0.0
2022-12-30 14:30:00-05:00,2.9200000762939453,2.920099973678589,2.9100000858306885,2.920099973678589,22922,0.0,0.0
2022-12-30 15:30:00-05:00,2.930000066757202,2.940000057220459,2.9207000732421875,2.930000066757202,3732,0.0,0.0
2023-01-03 09:30:00-05:00,2.9100000858306885,2.949899911880493,2.9100000858306885,2.949899911880493,7153,0.0,0.0
2023-01-03 10:30:00-05:00,2.950000047683716,2.950000047683716,2.950000047683716,2.950000047683716,375,0.0,0.0
2023-01-03 11:30:00-05:00,2.940000057220459,2.940000057220459,2.9100000858306885,2.934999942779541,9151,0.0,0.0
2023-01-03 12:30:00-05:00,2.940000057220459,2.940000057220459,2.930000066757202,2.933199882507324,1132,0.0,0.0
2023-01-03 13:30:00-05:00,2.934999942779541,2.940000057220459,2.934999942779541,2.940000057220459,1643,0.0,0.0
2023-01-03 14:30:00-05:00,2.940000057220459,2.940000057220459,2.9398999214172363,2.9398999214172363,510,0.0,0.0
2023-01-03 15:30:00-05:00,2.940000057220459,2.940000057220459,2.930000066757202,2.930000066757202,0,0.0,0.0
2023-01-04 09:30:00-05:00,2.930000066757202,2.940000057220459,2.9200000762939453,2.930000066757202,6856,0.0,0.0
2023-01-04 10:30:00-05:00,2.930000066757202,2.940000057220459,2.930000066757202,2.940000057220459,3247,0.0,0.0
2023-01-04 11:30:00-05:00,2.940000057220459,2.940000057220459,2.930000066757202,2.930000066757202,264,0.0,0.0
2023-01-04 12:30:00-05:00,2.930000066757202,2.940000057220459,2.9200000762939453,2.9200000762939453,3975,0.0,0.0
2023-01-04 13:30:00-05:00,2.930000066757202,2.9899001121520996,2.9200000762939453,2.9899001121520996,76155,0.0,0.0
2023-01-04 14:30:00-05:00,2.9800000190734863,3.005000114440918,2.9800000190734863,3.005000114440918,23834,0.0,0.0
2023-01-04 15:30:00-05:00,2.9800000190734863,3.0,2.9700000286102295,3.0,4845,0.0,0.0
2023-01-05 09:30:00-05:00,3.0004000663757324,3.0004000663757324,2.9500999450683594,2.954400062561035,2134,0.0,0.0
2023-01-05 10:30:00-05:00,2.9505999088287354,2.9505999088287354,2.9505999088287354,2.9505999088287354,111,0.0,0.0
2023-01-05 11:30:00-05:00,2.9630000591278076,2.9630000591278076,2.9630000591278076,2.9630000591278076,581,0.0,0.0
2023-01-05 12:30:00-05:00,2.9600000381469727,2.990000009536743,2.950000047683716,2.950000047683716,2831,0.0,0.0
2023-01-05 13:30:00-05:00,2.9649999141693115,2.9800000190734863,2.950000047683716,2.9800000190734863,2270,0.0,0.0
2023-01-05 14:30:00-05:00,2.9800000190734863,2.9800000190734863,2.9600000381469727,2.9800000190734863,1593,0.0,0.0
2023-01-05 15:30:00-05:00,2.9800000190734863,3.0,2.9800000190734863,3.0,0,0.0,0.0
2023-01-06 09:30:00-05:00,2.869999885559082,3.0,2.8499999046325684,2.9500999450683594,10218,0.0,0.0
2023-01-06 10:30:00-05:00,2.9700000286102295,3.0,2.9700000286102295,3.0,5889,0.0,0.0
2023-01-06 11:30:00-05:00,2.9839999675750732,3.0,2.9700000286102295,2.984999895095825,2152,0.0,0.0
2023-01-06 12:30:00-05:00,2.9700000286102295,3.0,2.9700000286102295,2.970099925994873,15407,0.0,0.0
2023-01-06 13:30:00-05:00,2.970099925994873,3.0,2.970099925994873,3.0,18289,0.0,0.0
2023-01-06 14:30:00-05:00,2.985100030899048,3.049999952316284,2.985100030899048,3.0299999713897705,15581,0.0,0.0
2023-01-06 15:30:00-05:00,3.022900104522705,3.049999952316284,3.0,3.0299999713897705,11114,0.0,0.0
2023-01-09 09:30:00-05:00,3.0,3.0450000762939453,2.990000009536743,3.0,5844,0.0,0.0
2023-01-09 10:30:00-05:00,2.983299970626831,3.0,2.983299970626831,3.0,451,0.0,0.0
2023-01-09 11:30:00-05:00,2.9881999492645264,2.9999001026153564,2.9749999046325684,2.990000009536743,4899,0.0,0.0
2023-01-09 12:30:00-05:00,3.0,3.0,2.9800000190734863,2.98009991645813,2754,0.0,0.0
2023-01-09 13:30:00-05:00,2.9800000190734863,3.0,2.9700000286102295,2.990000009536743,8376,0.0,0.0
2023-01-09 14:30:00-05:00,2.990000009536743,2.990000009536743,2.9800000190734863,2.9800000190734863,3383,0.0,0.0
2023-01-09 15:30:00-05:00,2.990000009536743,3.0,2.990000009536743,2.994999885559082,7018,0.0,0.0
2023-01-10 09:30:00-05:00,2.990000009536743,3.0,2.9800000190734863,3.0,2221,0.0,0.0
2023-01-10 10:30:00-05:00,2.990000009536743,2.990000009536743,2.9800000190734863,2.990000009536743,6685,0.0,0.0
2023-01-10 11:30:00-05:00,2.98009991645813,2.990000009536743,2.9100000858306885,2.990000009536743,28341,0.0,0.0
2023-01-10 12:30:00-05:00,2.990000009536743,2.990000009536743,2.990000009536743,2.990000009536743,527,0.0,0.0
2023-01-10 14:30:00-05:00,2.9800000190734863,2.990000009536743,2.9700000286102295,2.990000009536743,3302,0.0,0.0
2023-01-10 15:30:00-05:00,2.990000009536743,3.0,2.990000009536743,2.990000009536743,3260,0.0,0.0
2023-01-11 09:30:00-05:00,2.9800000190734863,3.0,2.9800000190734863,3.0,0,0.0,0.0
2023-01-11 10:30:00-05:00,2.990000009536743,2.990000009536743,2.9800000190734863,2.990000009536743,1844,0.0,0.0
2023-01-11 11:30:00-05:00,2.984999895095825,2.994999885559082,2.9700000286102295,2.990000009536743,17527,0.0,0.0
2023-01-11 12:30:00-05:00,2.9900999069213867,2.994999885559082,2.9900999069213867,2.994999885559082,520,0.0,0.0
2023-01-11 13:30:00-05:00,2.990000009536743,3.009999990463257,2.990000009536743,2.9967000484466553,543789,0.0,0.0
2023-01-11 14:30:00-05:00,3.0,3.009999990463257,2.990000009536743,2.990000009536743,13885,0.0,0.0
2023-01-11 15:30:00-05:00,2.994999885559082,3.0,2.990000009536743,2.990000009536743,0,0.0,0.0
2023-01-12 09:30:00-05:00,2.990000009536743,3.009999990463257,2.990000009536743,2.994999885559082,29034,0.0,0.0
2023-01-12 10:30:00-05:00,3.0,3.0,2.990000009536743,3.0,9044,0.0,0.0
2023-01-12 11:30:00-05:00,3.0,3.0,3.0,3.0,789,0.0,0.0
2023-01-12 12:30:00-05:00,3.0,3.0,3.0,3.0,1409,0.0,0.0
2023-01-12 15:30:00-05:00,3.0,3.0,2.990000009536743,3.0,8521,0.0,0.0
2023-01-13 09:30:00-05:00,3.0,3.0,2.950000047683716,2.9749999046325684,9920,0.0,0.0
2023-01-13 10:30:00-05:00,2.9983999729156494,2.9983999729156494,2.961699962615967,2.9800000190734863,4047,0.0,0.0
2023-01-13 11:30:00-05:00,2.990000009536743,2.990000009536743,2.9800000190734863,2.990000009536743,1325,0.0,0.0
2023-01-13 12:30:00-05:00,2.9904000759124756,2.9904000759124756,2.98009991645813,2.990000009536743,432,0.0,0.0
2023-01-13 13:30:00-05:00,2.990000009536743,3.0,2.990000009536743,2.990000009536743,2469,0.0,0.0
2023-01-13 14:30:00-05:00,2.994999885559082,2.994999885559082,2.990000009536743,2.990000009536743,1724,0.0,0.0
2023-01-13 15:30:00-05:00,2.994999885559082,3.005000114440918,2.990000009536743,3.0,11578,0.0,0.0
2023-01-17 09:30:00-05:00,2.9800000190734863,2.990000009536743,2.9800000190734863,2.990000009536743,2554,0.0,0.0
2023-01-17 10:30:00-05:00,2.9921998977661133,3.0,2.990000009536743,3.0,2923,0.0,0.0
2023-01-17 11:30:00-05:00,2.9983999729156494,2.9983999729156494,2.990000009536743,2.990000009536743,1279,0.0,0.0
2023-01-17 13:30:00-05:00,2.990000009536743,3.0,2.990000009536743,3.0,2280,0.0,0.0
2023-01-17 14:30:00-05:00,2.990000009536743,3.0,2.9870998859405518,2.990000009536743,2332,0.0,0.0
2023-01-17 15:30:00-05:00,2.9939000606536865,3.0199999809265137,2.9800000190734863,3.009999990463257,0,0.0,0.0
2023-01-18 09:30:00-05:00,3.009999990463257,3.0299999713897705,3.0,3.005000114440918,2982,0.0,0.0
2023-01-18 10:30:00-05:00,3.0041000843048096,3.0041000843048096,2.98009991645813,2.990000009536743,4090,0.0,0.0
2023-01-18 12:30:00-05:00,2.994999885559082,3.0,2.990000009536743,2.994999885559082,3616,0.0,0.0
2023-01-18 13:30:00-05:00,2.994999885559082,3.0,2.994999885559082,3.0,1755,0.0,0.0
2023-01-18 14:30:00-05:00,2.9900999069213867,3.0,2.990000009536743,2.994999885559082,9722,0.0,0.0
2023-01-18 15:30:00-05:00,2.990000009536743,3.0,2.9800000190734863,2.9800000190734863,21812,0.0,0.0
2023-01-19 09:30:00-05:00,2.990000009536743,3.0,2.9800000190734863,2.9800000190734863,3886,0.0,0.0
2023-01-19 10:30:00-05:00,2.9800000190734863,2.9800000190734863,2.9800000190734863,2.9800000190734863,1851,0.0,0.0
2023-01-19 11:30:00-05:00,2.9800000190734863,2.9804999828338623,2.950000047683716,2.9616000652313232,19457,0.0,0.0
2023-01-19 12:30:00-05:00,2.963099956512451,2.9700000286102295,2.9600000381469727,2.9600000381469727,3055,0.0,0.0
2023-01-19 13:30:00-05:00,2.9600000381469727,2.9700000286102295,2.930000066757202,2.950000047683716,3766,0.0,0.0
2023-01-19 14:30:00-05:00,2.9600000381469727,2.9700000286102295,2.950000047683716,2.950000047683716,4122,0.0,0.0
2023-01-19 15:30:00-05:00,2.950000047683716,2.950000047683716,2.940000057220459,2.940000057220459,0,0.0,0.0
2023-01-20 09:30:00-05:00,2.950000047683716,2.971400022506714,2.950000047683716,2.971400022506714,4724,0.0,0.0
2023-01-20 10:30:00-05:00,2.9647998809814453,2.9800000190734863,2.9535000324249268,2.9800000190734863,1255,0.0,0.0
2023-01-20 11:30:00-05:00,3.0,3.009999990463257,2.9800000190734863,2.9800000190734863,3961,0.0,0.0
2023-01-20 12:30:00-05:00,2.990000009536743,3.0,2.950000047683716,2.9700000286102295,5363,0.0,0.0
2023-01-20 13:30:00-05:00,2.9586000442504883,2.9700000286102295,2.9586000442504883,2.9700000286102295,1282,0.0,0.0
2023-01-20 14:30:00-05:00,2.9600000381469727,2.9700000286102295,2.9600000381469727,2.9700000286102295,2759,0.0,0.0
2023-01-20 15:30:00-05:00,2.9700000286102295,2.9700000286102295,2.950000047683716,2.967400074005127,5594,0.0,0.0
2023-01-23 09:30:00-05:00,2.950900077819824,2.9700000286102295,2.950000047683716,2.950000047683716,6158,0.0,0.0
2023-01-23 10:30:00-05:00,2.950000047683716,2.9500999450683594,2.950000047683716,2.9500999450683594,1605,0.0,0.0
2023-01-23 11:30:00-05:00,2.950000047683716,2.950000047683716,2.934999942779541,2.950000047683716,5577,0.0,0.0
2023-01-23 12:30:00-05:00,2.940000057220459,2.950000047683716,2.940000057220459,2.944999933242798,3861,0.0,0.0
2023-01-23 13:30:00-05:00,2.940000057220459,2.940000057220459,2.910099983215332,2.910099983215332,5027,0.0,0.0
2023-01-23 14:30:00-05:00,2.950000047683716,2.950000047683716,2.920099973678589,2.9435999393463135,2069,0.0,0.0
2023-01-23 15:30:00-05:00,2.9200000762939453,2.9200000762939453,2.9200000762939453,2.9200000762939453,0,0.0,0.0
2023-01-24 09:30:00-05:00,2.9100000858306885,2.9340999126434326,2.9000000953674316,2.910099983215332,5874,0.0,0.0
2023-01-24 10:30:00-05:00,2.9300999641418457,2.9300999641418457,2.930000066757202,2.930000066757202,1534,0.0,0.0
2023-01-24 11:30:00-05:00,2.9200000762939453,2.9205000400543213,2.9200000762939453,2.9200000762939453,3526,0.0,0.0
2023-01-24 12:30:00-05:00,2.9149999618530273,2.9200000762939453,2.9149999618530273,2.9200000762939453,853,0.0,0.0
2023-01-24 13:30:00-05:00,2.9200000762939453,2.9200000762939453,2.9100000858306885,2.9100000858306885,6248,0.0,0.0
2023-01-24 14:30:00-05:00,2.9159998893737793,2.9200000762939453,2.9159998893737793,2.9200000762939453,676,0.0,0.0
2023-01-24 15:30:00-05:00,2.9100000858306885,2.9200000762939453,2.9100000858306885,2.9100000858306885,3741,0.0,0.0
2023-01-25 09:30:00-05:00,2.940000057220459,2.940000057220459,2.930000066757202,2.934999942779541,2395,0.0,0.0
2023-01-25 10:30:00-05:00,2.938699960708618,2.938699960708618,2.933500051498413,2.934999942779541,1028,0.0,0.0
2023-01-25 11:30:00-05:00,2.933300018310547,2.933300018310547,2.930000066757202,2.930000066757202,5054,0.0,0.0
2023-01-25 12:30:00-05:00,2.930000066757202,2.930000066757202,2.9200000762939453,2.9200000762939453,1646,0.0,0.0
2023-01-25 13:30:00-05:00,2.9149999618530273,2.9149999618530273,2.9100000858306885,2.9100000858306885,4779,0.0,0.0
2023-01-25 14:30:00-05:00,2.910099983215332,2.9200000762939453,2.9100000858306885,2.9200000762939453,616,0.0,0.0
2023-01-25 15:30:00-05:00,2.9200000762939453,2.9200000762939453,2.9200000762939453,2.9200000762939453,1185,0.0,0.0
2023-01-26 09:30:00-05:00,2.9200000762939453,2.920099973678589,2.9200000762939453,2.920099973678589,3743,0.0,0.0
2023-01-26 10:30:00-05:00,2.920099973678589,2.920099973678589,2.920099973678589,2.920099973678589,376,0.0,0.0
2023-01-26 12:30:00-05:00,2.924999952316284,2.924999952316284,2.9214999675750732,2.9214999675750732,1184,0.0,0.0
2023-01-26 13:30:00-05:00,2.9214999675750732,2.9214999675750732,2.9200000762939453,2.9200000762939453,1030,0.0,0.0
2023-01-26 14:30:00-05:00,2.920099973678589,2.927999973297119,2.9100000858306885,2.9200000762939453,10454,0.0,0.0
2023-01-26 15:30:00-05:00,2.9149999618530273,2.9200000762939453,2.9100000858306885,2.9100000858306885,9673,0.0,0.0
2023-01-27 09:30:00-05:00,2.880000114440918,2.890000104904175,2.8708999156951904,2.890000104904175,2145,0.0,0.0
2023-01-27 10:30:00-05:00,2.901599884033203,2.901599884033203,2.901599884033203,2.901599884033203,257,0.0,0.0
2023-01-27 11:30:00-05:00,2.9000000953674316,2.9000000953674316,2.869999885559082,2.880000114440918,6245,0.0,0.0
2023-01-27 12:30:00-05:00,2.890000104904175,2.930000066757202,2.890000104904175,2.930000066757202,25640,0.0,0.0
2023-01-27 13:30:00-05:00,2.930000066757202,2.950000047683716,2.930000066757202,2.934999942779541,20214,0.0,0.0
2023-01-27 14:30:00-05:00,2.9402999877929688,2.950000047683716,2.940200090408325,2.944999933242798,2085,0.0,0.0
2023-01-27 15:30:00-05:00,2.940000057220459,2.950000047683716,2.9300999641418457,2.950000047683716,7364,0.0,0.0
2023-01-30 09:30:00-05:00,2.940000057220459,2.940000057220459,2.9100000858306885,2.9100000858306885,2826,0.0,0.0
2023-01-30 10:30:00-05:00,2.9149999618530273,2.9200000762939453,2.9100000858306885,2.9149999618530273,2511,0.0,0.0
2023-01-30 11:30:00-05:00,2.9149999618530273,2.9200000762939453,2.9100000858306885,2.9126999378204346,4517,0.0,0.0
2023-01-30 12:30:00-05:00,2.9100000858306885,2.9100000858306885,2.9026999473571777,2.9100000858306885,1672,0.0,0.0
2023-01-30 13:30:00-05:00,2.9100000858306885,2.9200000762939453,2.9100000858306885,2.9100000858306885,3060,0.0,0.0
2023-01-30 14:30:00-05:00,2.9026999473571777,2.9100000858306885,2.9000000953674316,2.9000000953674316,2569,0.0,0.0
2023-01-30 15:30:00-05:00,2.9000000953674316,2.9100000858306885,2.9000000953674316,2.9100000858306885,2827,0.0,0.0
2023-01-31 09:30:00-05:00,2.9000000953674316,2.9100000858306885,2.880000114440918,2.880000114440918,15192,0.0,0.0
2023-01-31 10:30:00-05:00,2.890000104904175,2.905600070953369,2.890000104904175,2.897900104522705,899,0.0,0.0
2023-01-31 11:30:00-05:00,2.890000104904175,2.890000104904175,2.890000104904175,2.890000104904175,170,0.0,0.0
2023-01-31 12:30:00-05:00,2.8989999294281006,2.8989999294281006,2.890000104904175,2.890000104904175,23543,0.0,0.0
2023-01-31 13:30:00-05:00,2.890000104904175,2.890000104904175,2.890000104904175,2.890000104904175,1115,0.0,0.0
2023-01-31 14:30:00-05:00,2.890000104904175,2.890000104904175,2.8833999633789062,2.890000104904175,1411,0.0,0.0
2023-01-31 15:30:00-05:00,2.890000104904175,2.9000000953674316,2.890000104904175,2.890000104904175,2001,0.0,0.0
2023-02-01 09:30:00-05:00,2.869999885559082,2.869999885559082,2.8299999237060547,2.869999885559082,20794,0.0,0.0
2023-02-01 10:30:00-05:00,2.869999885559082,2.9000000953674316,2.8399999141693115,2.869999885559082,27016,0.0,0.0
2023-02-01 11:30:00-05:00,2.869999885559082,2.9000000953674316,2.8594000339508057,2.9000000953674316,5454,0.0,0.0
2023-02-01 12:30:00-05:00,2.890000104904175,2.9000000953674316,2.869999885559082,2.9000000953674316,12040,0.0,0.0
2023-02-01 13:30:00-05:00,2.880000114440918,2.9000000953674316,2.859999895095825,2.890000104904175,10835,0.0,0.0
2023-02-01 14:30:00-05:00,2.859999895095825,2.9000000953674316,2.859999895095825,2.8801000118255615,13936,0.0,0.0
2023-02-01 15:30:00-05:00,2.888000011444092,2.9200000762939453,2.888000011444092,2.890000104904175,4703,0.0,0.0
2023-02-02 09:30:00-05:00,2.9800000190734863,2.990000009536743,2.9000000953674316,2.9200000762939453,151541,0.0,0.0
2023-02-02 10:30:00-05:00,2.921099901199341,2.990000009536743,2.9000000953674316,2.9600000381469727,20647,0.0,0.0
2023-02-02 11:30:00-05:00,2.950000047683716,2.958400011062622,2.9100000858306885,2.9321000576019287,26389,0.0,0.0
2023-02-02 12:30:00-05:00,2.9398999214172363,2.994999885559082,2.9398999214172363,2.9900999069213867,13685,0.0,0.0
2023-02-02 13:30:00-05:00,2.990000009536743,3.0408999919891357,2.9214999675750732,2.9800000190734863,18244,0.0,0.0
2023-02-02 14:30:00-05:00,2.9800000190734863,2.9800000190734863,2.9100000858306885,2.9700000286102295,17047,0.0,0.0
2023-02-02 15:30:00-05:00,2.936500072479248,2.9800000190734863,2.936500072479248,2.9800000190734863,1267,0.0,0.0
2023-02-03 09:30:00-05:00,2.859999895095825,2.930000066757202,2.8299999237060547,2.930000066757202,9055,0.0,0.0
2023-02-03 10:30:00-05:00,2.930000066757202,2.930000066757202,2.9200000762939453,2.9200000762939453,3627,0.0,0.0
2023-02-03 11:30:00-05:00,2.9274001121520996,2.990000009536743,2.9000000953674316,2.950000047683716,16998,0.0,0.0
2023-02-03 12:30:00-05:00,2.950000047683716,2.990000009536743,2.941699981689453,2.9800000190734863,9171,0.0,0.0
2023-02-03 13:30:00-05:00,2.9400999546051025,3.0,2.9400999546051025,2.994999885559082,12867,0.0,0.0
2023-02-03 14:30:00-05:00,2.994999885559082,3.0,2.990000009536743,3.0,10792,0.0,0.0
2023-02-03 15:30:00-05:00,3.009999990463257,3.009999990463257,2.9700000286102295,2.9800000190734863,3763,0.0,0.0
2023-02-06 09:30:00-05:00,2.9600000381469727,2.9600000381469727,2.884399890899658,2.910399913787842,4077,0.0,0.0
2023-02-06 10:30:00-05:00,2.910099983215332,2.910099983215332,2.910099983215332,2.910099983215332,383,0.0,0.0
2023-02-06 11:30:00-05:00,2.933300018310547,2.933300018310547,2.890000104904175,2.9300999641418457,15593,0.0,0.0
2023-02-06 12:30:00-05:00,2.940000057220459,2.9700000286102295,2.940000057220459,2.960099935531616,9239,0.0,0.0
2023-02-06 13:30:00-05:00,2.9700000286102295,3.0,2.9700000286102295,2.990299940109253,12295,0.0,0.0
2023-02-06 14:30:00-05:00,2.999000072479248,3.0199999809265137,2.990000009536743,3.0,18307,0.0,0.0
2023-02-06 15:30:00-05:00,3.0099000930786133,3.009999990463257,2.9549999237060547,3.0,0,0.0,0.0
2023-02-07 09:30:00-05:00,2.9700000286102295,2.9700000286102295,2.9700000286102295,2.9700000286102295,352,0.0,0.0
2023-02-07 10:30:00-05:00,2.957200050354004,2.9600000381469727,2.9300999641418457,2.9300999641418457,2337,0.0,0.0
2023-02-07 11:30:00-05:00,2.940000057220459,2.947999954223633,2.940000057220459,2.947999954223633,2130,0.0,0.0
2023-02-07 12:30:00-05:00,2.950000047683716,2.950000047683716,2.950000047683716,2.950000047683716,1158,0.0,0.0
2023-02-07 13:30:00-05:00,2.940000057220459,2.940000057220459,2.930000066757202,2.940000057220459,1732,0.0,0.0
2023-02-07 15:30:00-05:00,2.9200000762939453,2.940000057220459,2.9000000953674316,2.9000000953674316,0,0.0,0.0
2023-02-08 09:30:00-05:00,2.900099992752075,2.9200000762939453,2.9000000953674316,2.9100000858306885,2200,0.0,0.0
2023-02-08 10:30:00-05:00,2.930000066757202,2.9800000190734863,2.930000066757202,2.9700000286102295,6637,0.0,0.0
2023-02-08 11:30:00-05:00,2.9700000286102295,3.0,2.9700000286102295,2.9965999126434326,21298,0.0,0.0
2023-02-08 12:30:00-05:00,2.990000009536743,3.0,2.9649999141693115,2.98009991645813,9783,0.0,0.0
2023-02-08 13:30:00-05:00,2.990000009536743,3.0,2.9800000190734863,2.994999885559082,6599,0.0,0.0
2023-02-08 14:30:00-05:00,2.997499942779541,2.997499942779541,2.990000009536743,2.990000009536743,5331,0.0,0.0
2023-02-08 15:30:00-05:00,2.9800000190734863,3.0,2.9800000190734863,3.0,2525,0.0,0.0
2023-02-09 09:30:00-05:00,3.0,3.0,2.9572999477386475,2.9572999477386475,519,0.0,0.0
2023-02-09 10:30:00-05:00,2.9670000076293945,2.9670000076293945,2.9047000408172607,2.950000047683716,3157,0.0,0.0
2023-02-09 11:30:00-05:00,2.9100000858306885,2.9100000858306885,2.9100000858306885,2.9100000858306885,2144,0.0,0.0
2023-02-09 12:30:00-05:00,2.9298999309539795,2.930000066757202,2.9200000762939453,2.930000066757202,5716,0.0,0.0
2023-02-09 13:30:00-05:00,2.9100000858306885,2.930000066757202,2.8994998931884766,2.930000066757202,11043,0.0,0.0
2023-02-09 14:30:00-05:00,2.9049999713897705,2.92930006980896,2.9000000953674316,2.9000000953674316,2935,0.0,0.0
2023-02-09 15:30:00-05:00,2.9086999893188477,2.950000047683716,2.9086999893188477,2.950000047683716,0,0.0,0.0
2023-02-10 09:30:00-05:00,2.9800000190734863,2.9800000190734863,2.950000047683716,2.950000047683716,3452,0.0,0.0
2023-02-10 10:30:00-05:00,2.950000047683716,2.950000047683716,2.9300999641418457,2.950000047683716,8906,0.0,0.0
2023-02-10 11:30:00-05:00,2.950000047683716,2.950000047683716,2.9049999713897705,2.930000066757202,8675,0.0,0.0
2023-02-10 12:30:00-05:00,2.930000066757202,2.9300999641418457,2.930000066757202,2.930000066757202,1331,0.0,0.0
2023-02-10 13:30:00-05:00,2.930000066757202,2.990000009536743,2.9200000762939453,2.990000009536743,13714,0.0,0.0
2023-02-10 14:30:00-05:00,2.990000009536743,2.990000009536743,2.9465999603271484,2.9600000381469727,12845,0.0,0.0
2023-02-10 15:30:00-05:00,2.9649999141693115,2.9649999141693115,2.930000066757202,2.950000047683716,6675,0.0,0.0
2023-02-13 09:30:00-05:00,2.930000066757202,2.950000047683716,2.930000066757202,2.9349000453948975,951,0.0,0.0
2023-02-13 10:30:00-05:00,2.9549999237060547,2.9549999237060547,2.940000057220459,2.940000057220459,4335,0.0,0.0
2023-02-13 11:30:00-05:00,2.94350004196167,2.94350004196167,2.940000057220459,2.941499948501587,4217,0.0,0.0
2023-02-13 12:30:00-05:00,2.940000057220459,2.944000005722046,2.940000057220459,2.940000057220459,7908,0.0,0.0
2023-02-13 13:30:00-05:00,2.930000066757202,2.940000057220459,2.9149999618530273,2.940000057220459,10470,0.0,0.0
2023-02-13 14:30:00-05:00,2.940000057220459,2.950000047683716,2.940000057220459,2.940000057220459,2984,0.0,0.0
2023-02-13 15:30:00-05:00,2.940000057220459,2.9700000286102295,2.940000057220459,2.9700000286102295,0,0.0,0.0
2023-02-14 10:30:00-05:00,2.9200000762939453,2.9200000762939453,2.890000104904175,2.9100000858306885,15514,0.0,0.0
2023-02-14 11:30:00-05:00,2.9100000858306885,2.920300006866455,2.9000000953674316,2.920300006866455,1845,0.0,0.0
2023-02-14 12:30:00-05:00,2.940000057220459,2.950000047683716,2.914099931716919,2.950000047683716,6515,0.0,0.0
2023-02-14 13:30:00-05:00,2.950000047683716,3.0,2.950000047683716,3.0,13808,0.0,0.0
2023-02-14 14:30:00-05:00,3.0,3.0199999809265137,2.9709999561309814,3.0,9930,0.0,0.0
2023-02-14 15:30:00-05:00,3.0,3.009999990463257,2.990000009536743,3.009999990463257,2132,0.0,0.0
2023-02-15 09:30:00-05:00,3.009999990463257,3.009999990463257,2.910599946975708,2.9549999237060547,3905,0.0,0.0
2023-02-15 10:30:00-05:00,2.950000047683716,2.950000047683716,2.930000066757202,2.930000066757202,1872,0.0,0.0
2023-02-15 11:30:00-05:00,2.940000057220459,2.9639999866485596,2.940000057220459,2.950000047683716,3901,0.0,0.0
2023-02-15 12:30:00-05:00,2.950000047683716,2.9839999675750732,2.950000047683716,2.9800000190734863,4937,0.0,0.0
2023-02-15 13:30:00-05:00,3.0,3.0,3.0,3.0,7387,0.0,0.0
2023-02-15 14:30:00-05:00,3.0,3.009999990463257,2.9800000190734863,2.981600046157837,3178,0.0,0.0
2023-02-15 15:30:00-05:00,3.0,3.0,2.9800000190734863,3.0,0,0.0,0.0
2023-02-16 09:30:00-05:00,2.950000047683716,2.9700000286102295,2.944999933242798,2.9700000286102295,6225,0.0,0.0
2023-02-16 10:30:00-05:00,2.967400074005127,2.967400074005127,2.9532999992370605,2.9532999992370605,582,0.0,0.0
2023-02-16 11:30:00-05:00,2.9700000286102295,2.9700000286102295,2.950000047683716,2.95989990234375,413,0.0,0.0
2023-02-16 12:30:00-05:00,2.950000047683716,3.0,2.950000047683716,3.0,4475,0.0,0.0
2023-02-16 13:30:00-05:00,3.0,3.0,2.990000009536743,3.0,7409,0.0,0.0
2023-02-16 14:30:00-05:00,3.0,3.0,2.990000009536743,2.990000009536743,6158,0.0,0.0
2023-02-16 15:30:00-05:00,2.990000009536743,2.9916000366210938,2.9700000286102295,2.9700000286102295,1665,0.0,0.0
2023-02-17 09:30:00-05:00,2.9600000381469727,2.9749999046325684,2.9482998847961426,2.9749999046325684,1413,0.0,0.0
2023-02-17 10:30:00-05:00,2.950200080871582,2.950200080871582,2.950000047683716,2.950000047683716,955,0.0,0.0
2023-02-17 11:30:00-05:00,2.950000047683716,3.0,2.950000047683716,2.978100061416626,538,0.0,0.0
2023-02-17 12:30:00-05:00,3.0,3.0,3.0,3.0,107,0.0,0.0
2023-02-17 13:30:00-05:00,2.990000009536743,2.990000009536743,2.9800000190734863,2.9800000190734863,2525,0.0,0.0
2023-02-17 14:30:00-05:00,2.990000009536743,3.01990008354187,2.990000009536743,3.01990008354187,19571,0.0,0.0
2023-02-17 15:30:00-05:00,3.0,3.0299999713897705,2.990000009536743,2.990000009536743,28083,0.0,0.0
2023-02-21 09:30:00-05:00,2.9700000286102295,2.990000009536743,2.920099973678589,2.990000009536743,4743,0.0,0.0
2023-02-21 10:30:00-05:00,2.953900098800659,3.0,2.953900098800659,2.9800000190734863,12516,0.0,0.0
2023-02-21 11:30:00-05:00,2.9800000190734863,2.9800000190734863,2.9707999229431152,2.9800000190734863,6125,0.0,0.0
2023-02-21 12:30:00-05:00,3.0,3.0299999713897705,3.0,3.0299999713897705,6527,0.0,0.0
2023-02-21 13:30:00-05:00,3.0,3.015000104904175,2.990000009536743,2.990000009536743,7811,0.0,0.0
2023-02-21 14:30:00-05:00,2.994999885559082,3.0199999809265137,2.994999885559082,3.0199999809265137,11573,0.0,0.0
2023-02-21 15:30:00-05:00,3.0179998874664307,3.0179998874664307,3.0,3.009999990463257,7405,0.0,0.0
2023-02-22 09:30:00-05:00,2.990000009536743,3.0,2.9600000381469727,2.9600000381469727,1595,0.0,0.0
2023-02-22 10:30:00-05:00,2.9600000381469727,3.0,2.9500999450683594,2.9500999450683594,1725,0.0,0.0
2023-02-22 11:30:00-05:00,3.0,3.0,2.9600000381469727,2.9749999046325684,2886,0.0,0.0
2023-02-22 12:30:00-05:00,2.990000009536743,3.0,2.960099935531616,3.0,3690,0.0,0.0
2023-02-22 13:30:00-05:00,2.970099925994873,3.0,2.9700000286102295,2.9700000286102295,1583,0.0,0.0
2023-02-22 14:30:00-05:00,2.9827001094818115,3.0,2.9700000286102295,3.0,3192,0.0,0.0
2023-02-22 15:30:00-05:00,3.0,3.009999990463257,2.9600000381469727,2.9600000381469727,8438,0.0,0.0
2023-02-23 09:30:00-05:00,2.950000047683716,2.9899001121520996,2.944499969482422,2.9899001121520996,0,0.0,0.0
2023-02-23 10:30:00-05:00,2.9700000286102295,2.9700000286102295,2.940000057220459,2.940000057220459,3023,0.0,0.0
2023-02-23 12:30:00-05:00,2.940000057220459,2.940000057220459,2.930000066757202,2.930000066757202,5356,0.0,0.0
2023-02-23 13:30:00-05:00,2.930000066757202,2.930000066757202,2.930000066757202,2.930000066757202,477,0.0,0.0
2023-02-23 14:30:00-05:00,2.941699981689453,2.941699981689453,2.941699981689453,2.941699981689453,1092,0.0,0.0
2023-02-23 15:30:00-05:00,2.940000057220459,2.9600000381469727,2.940000057220459,2.940000057220459,1112,0.0,0.0
2023-02-24 09:30:00-05:00,2.930000066757202,2.9700000286102295,2.9200000762939453,2.9700000286102295,25561,0.0,0.0
2023-02-24 10:30:00-05:00,2.9700000286102295,2.990000009536743,2.9700000286102295,2.990000009536743,2538,0.0,0.0
2023-02-24 11:30:00-05:00,2.990000009536743,3.0,2.9800000190734863,2.9809999465942383,3254,0.0,0.0
2023-02-24 12:30:00-05:00,2.9800000190734863,2.9800000190734863,2.9800000190734863,2.9800000190734863,1034,0.0,0.0
2023-02-24 13:30:00-05:00,2.990000009536743,3.0,2.9800000190734863,2.994999885559082,24119,0.0,0.0
2023-02-24 14:30:00-05:00,2.994999885559082,2.994999885559082,2.990000009536743,2.990000009536743,3859,0.0,0.0
2023-02-24 15:30:00-05:00,2.994999885559082,2.994999885559082,2.990000009536743,2.990000009536743,1329,0.0,0.0
2023-02-27 09:30:00-05:00,2.9700000286102295,2.986599922180176,2.9700000286102295,2.9749999046325684,0,0.0,0.0
2023-02-27 11:30:00-05:00,2.9749999046325684,2.9800000190734863,2.940000057220459,2.9700000286102295,16873,0.0,0.0
2023-02-27 12:30:00-05:00,2.9800000190734863,2.9800000190734863,2.9800000190734863,2.9800000190734863,1984,0.0,0.0
2023-02-27 13:30:00-05:00,2.984999895095825,2.984999895095825,2.9800000190734863,2.984999895095825,3825,0.0,0.0
2023-02-27 14:30:00-05:00,2.9800000190734863,2.98009991645813,2.9800000190734863,2.98009991645813,854,0.0,0.0
2023-02-27 15:30:00-05:00,2.9800000190734863,2.9800000190734863,2.950000047683716,2.950000047683716,6788,0.0,0.0
2023-02-28 09:30:00-05:00,2.950000047683716,2.9549999237060547,2.9110000133514404,2.940000057220459,6830,0.0,0.0
2023-02-28 10:30:00-05:00,2.930000066757202,2.950000047683716,2.930000066757202,2.950000047683716,6696,0.0,0.0
2023-02-28 11:30:00-05:00,2.950000047683716,2.950000047683716,2.94950008392334,2.94950008392334,4326,0.0,0.0
2023-02-28 12:30:00-05:00,2.9410998821258545,2.9800000190734863,2.9410998821258545,2.9700000286102295,9370,0.0,0.0
2023-02-28 13:30:00-05:00,2.996299982070923,2.996299982070923,2.990000009536743,2.990799903869629,5843,0.0,0.0
2023-02-28 14:30:00-05:00,2.991499900817871,3.0,2.991499900817871,3.0,13889,0.0,0.0
2023-02-28 15:30:00-05:00,3.0,3.009999990463257,2.991300106048584,3.009999990463257,3682,0.0,0.0
2023-03-01 09:30:00-05:00,3.0,3.0,3.0,3.0,332,0.0,0.0
2023-03-01 10:30:00-05:00,2.994999885559082,3.0,2.994999885559082,3.0,855,0.0,0.0
2023-03-01 11:30:00-05:00,2.940500020980835,3.0,2.940000057220459,2.9412999153137207,5645,0.0,0.0
2023-03-01 12:30:00-05:00,2.950000047683716,2.952699899673462,2.950000047683716,2.950000047683716,4323,0.0,0.0
2023-03-01 13:30:00-05:00,2.9828999042510986,2.9828999042510986,2.9828999042510986,2.9828999042510986,109,0.0,0.0
2023-03-01 14:30:00-05:00,2.9893999099731445,2.990000009536743,2.9600000381469727,2.9600000381469727,1378,0.0,0.0
2023-03-01 15:30:00-05:00,2.9800000190734863,3.0199999809265137,2.9800000190734863,3.0,20794,0.0,0.0
2023-03-02 09:30:00-05:00,2.9500999450683594,2.9999001026153564,2.940000057220459,2.940000057220459,0,0.0,0.0
2023-03-02 10:30:00-05:00,2.9700000286102295,2.9700000286102295,2.9700000286102295,2.9700000286102295,516,0.0,0.0
2023-03-02 11:30:00-05:00,2.940000057220459,2.9549999237060547,2.940000057220459,2.9549999237060547,628,0.0,0.0
2023-03-02 12:30:00-05:00,2.940000057220459,2.946500062942505,2.940000057220459,2.946500062942505,2470,0.0,0.0
2023-03-02 13:30:00-05:00,2.948499917984009,2.948499917984009,2.941499948501587,2.941499948501587,611,0.0,0.0
2023-03-02 14:30:00-05:00,2.944999933242798,2.950000047683716,2.940000057220459,2.940000057220459,2586,0.0,0.0
2023-03-02 15:30:00-05:00,2.950000047683716,2.9649999141693115,2.9200000762939453,2.9600000381469727,7708,0.0,0.0
2023-03-03 09:30:00-05:00,2.950000047683716,2.9600000381469727,2.950000047683716,2.950000047683716,0,0.0,0.0
2023-03-03 10:30:00-05:00,2.965100049972534,2.965100049972534,2.9600000381469727,2.9600000381469727,1303,0.0,0.0
2023-03-03 11:30:00-05:00,2.98009991645813,2.98009991645813,2.98009991645813,2.98009991645813,551,0.0,0.0
2023-03-03 12:30:00-05:00,2.9800000190734863,2.9809000492095947,2.9800000190734863,2.9800000190734863,1984,0.0,0.0
2023-03-03 13:30:00-05:00,2.990000009536743,3.0,2.9800000190734863,2.994999885559082,10214,0.0,0.0
2023-03-03 14:30:00-05:00,2.994999885559082,2.994999885559082,2.990000009536743,2.990000009536743,4844,0.0,0.0
2023-03-03 15:30:00-05:00,3.0,3.0,3.0,3.0,738,0.0,0.0
2023-03-06 09:30:00-05:00,2.9200000762939453,2.9500999450683594,2.9200000762939453,2.9500999450683594,0,0.0,0.0
2023-03-06 10:30:00-05:00,2.950000047683716,2.9600000381469727,2.950000047683716,2.9600000381469727,5487,0.0,0.0
2023-03-06 11:30:00-05:00,2.9700000286102295,2.9700000286102295,2.9700000286102295,2.9700000286102295,875,0.0,0.0
2023-03-06 12:30:00-05:00,2.9700000286102295,3.0,2.9700000286102295,2.984999895095825,4449,0.0,0.0
2023-03-06 13:30:00-05:00,3.0,3.0,3.0,3.0,300,0.0,0.0
2023-03-06 14:30:00-05:00,3.0,3.0,2.9800000190734863,2.984999895095825,4043,0.0,0.0
2023-03-06 15:30:00-05:00,2.9872000217437744,2.9872000217437744,2.9872000217437744,2.9872000217437744,290,0.0,0.0
2023-03-07 09:30:00-05:00,2.9600000381469727,2.9749999046325684,2.950000047683716,2.950000047683716,2281,0.0,0.0
2023-03-07 12:30:00-05:00,2.9791998863220215,2.9791998863220215,2.9791998863220215,2.9791998863220215,234,0.0,0.0
2023-03-07 13:30:00-05:00,2.9700000286102295,2.9749999046325684,2.9700000286102295,2.9749999046325684,1231,0.0,0.0
2023-03-07 14:30:00-05:00,2.9749999046325684,2.9749999046325684,2.9700000286102295,2.9700000286102295,2749,0.0,0.0
2023-03-07 15:30:00-05:00,2.9700000286102295,2.9700000286102295,2.950000047683716,2.950000047683716,1344,0.0,0.0
2023-03-08 09:30:00-05:00,2.949899911880493,2.9591000080108643,2.949899911880493,2.9521000385284424,0,0.0,0.0
2023-03-08 10:30:00-05:00,2.9500999450683594,3.0,2.950000047683716,2.9800000190734863,9400,0.0,0.0
2023-03-08 11:30:00-05:00,2.990000009536743,2.990000009536743,2.984999895095825,2.990000009536743,2928,0.0,0.0
2023-03-08 12:30:00-05:00,2.990000009536743,3.0,2.9800000190734863,2.9800000190734863,2829,0.0,0.0
2023-03-08 13:30:00-05:00,2.9600000381469727,2.9999001026153564,2.940000057220459,2.9700000286102295,10854,0.0,0.0
2023-03-08 14:30:00-05:00,2.9700000286102295,2.9700000286102295,2.9600000381469727,2.9700000286102295,2337,0.0,0.0
2023-03-08 15:30:00-05:00,2.9600000381469727,2.9700000286102295,2.9600000381469727,2.9700000286102295,0,0.0,0.0
2023-03-09 09:30:00-05:00,2.950000047683716,2.950000047683716,2.9200000762939453,2.930000066757202,3048,0.0,0.0
2023-03-09 10:30:00-05:00,2.923099994659424,2.976099967956543,2.923099994659424,2.976099967956543,5616,0.0,0.0
2023-03-09 12:30:00-05:00,2.9800000190734863,2.9800000190734863,2.9800000190734863,2.9800000190734863,248,0.0,0.0
2023-03-09 13:30:00-05:00,2.9600000381469727,2.9700000286102295,2.9400999546051025,2.94350004196167,12632,0.0,0.0
2023-03-09 14:30:00-05:00,2.9600000381469727,2.9600000381469727,2.9402999877929688,2.9549999237060547,12200,0.0,0.0
2023-03-09 15:30:00-05:00,2.950000047683716,2.950000047683716,2.9200000762939453,2.9200000762939453,2419,0.0,0.0
2023-03-10 09:30:00-05:00,2.9100000858306885,2.950000047683716,2.859999895095825,2.949899911880493,0,0.0,0.0
2023-03-10 10:30:00-05:00,2.8919999599456787,2.9200000762939453,2.890000104904175,2.8901000022888184,1877,0.0,0.0
2023-03-10 11:30:00-05:00,2.9200000762939453,2.9700000286102295,2.9200000762939453,2.950000047683716,3159,0.0,0.0
2023-03-10 12:30:00-05:00,2.953200101852417,2.9600000381469727,2.953200101852417,2.9600000381469727,3369,0.0,0.0
2023-03-10 13:30:00-05:00,2.960099935531616,2.9649999141693115,2.940000057220459,2.940000057220459,11024,0.0,0.0
2023-03-10 14:30:00-05:00,2.950000047683716,2.950000047683716,2.940000057220459,2.940000057220459,3175,0.0,0.0
2023-03-10 15:30:00-05:00,2.930000066757202,2.930000066757202,2.9200000762939453,2.9200000762939453,1534,0.0,0.0
2023-03-13 09:30:00-04:00,2.940000057220459,2.9600000381469727,2.930000066757202,2.9600000381469727,9146,0.0,0.0
2023-03-13 10:30:00-04:00,2.9600000381469727,2.9700000286102295,2.930000066757202,2.930000066757202,4922,0.0,0.0
2023-03-13 11:30:00-04:00,2.9346001148223877,2.9600000381469727,2.930000066757202,2.930000066757202,2319,0.0,0.0
2023-03-13 12:30:00-04:00,2.9600000381469727,2.9600000381469727,2.930000066757202,2.930000066757202,3537,0.0,0.0
2023-03-13 13:30:00-04:00,2.930000066757202,2.930000066757202,2.890000104904175,2.9000000953674316,4920,0.0,0.0
2023-03-13 14:30:00-04:00,2.9000000953674316,2.924999952316284,2.890000104904175,2.9000000953674316,5713,0.0,0.0
2023-03-13 15:30:00-04:00,2.890000104904175,2.9149999618530273,2.890000104904175,2.890000104904175,26268,0.0,0.0
2023-03-14 09:30:00-04:00,2.859999895095825,2.9600000381469727,2.859999895095825,2.9600000381469727,11076,0.0,0.0
2023-03-14 10:30:00-04:00,2.950000047683716,2.950000047683716,2.890000104904175,2.9100000858306885,22738,0.0,0.0
2023-03-14 11:30:00-04:00,2.890000104904175,2.890000104904175,2.888400077819824,2.888400077819824,2149,0.0,0.0
2023-03-14 12:30:00-04:00,2.8889999389648438,2.930000066757202,2.8866000175476074,2.9200000762939453,6816,0.0,0.0
2023-03-14 13:30:00-04:00,2.9026999473571777,2.9200000762939453,2.9000000953674316,2.9200000762939453,1586,0.0,0.0
2023-03-14 14:30:00-04:00,2.900099992752075,2.9200000762939453,2.890000104904175,2.890000104904175,5443,0.0,0.0
2023-03-14 15:30:00-04:00,2.890000104904175,2.9200000762939453,2.890000104904175,2.9100000858306885,1433,0.0,0.0
2023-03-15 09:30:00-04:00,2.890000104904175,2.9021999835968018,2.869999885559082,2.8701000213623047,7196,0.0,0.0
2023-03-15 10:30:00-04:00,2.9100000858306885,2.9100000858306885,2.869999885559082,2.8731000423431396,3268,0.0,0.0
2023-03-15 11:30:00-04:00,2.890000104904175,2.890000104904175,2.880000114440918,2.8801000118255615,1965,0.0,0.0
2023-03-15 12:30:00-04:00,2.8801000118255615,2.8801000118255615,2.8299999237060547,2.8554000854492188,10321,0.0,0.0
2023-03-15 13:30:00-04:00,2.850100040435791,2.850100040435791,2.850100040435791,2.850100040435791,1300,0.0,0.0
2023-03-15 14:30:00-04:00,2.880000114440918,2.880000114440918,2.8499999046325684,2.8499999046325684,4814,0.0,0.0
2023-03-15 15:30:00-04:00,2.850100040435791,2.880000114440918,2.8499999046325684,2.880000114440918,2312,0.0,0.0
2023-03-16 09:30:00-04:00,2.890000104904175,2.890000104904175,2.8399999141693115,2.8399999141693115,5670,0.0,0.0
2023-03-16 10:30:00-04:00,2.8499999046325684,2.8499999046325684,2.8301000595092773,2.8399999141693115,1660,0.0,0.0
2023-03-16 11:30:00-04:00,2.8399999141693115,2.8399999141693115,2.8399999141693115,2.8399999141693115,400,0.0,0.0
2023-03-16 12:30:00-04:00,2.8399999141693115,2.8499999046325684,2.8299999237060547,2.8499999046325684,12907,0.0,0.0
2023-03-16 13:30:00-04:00,2.8499999046325684,2.890000104904175,2.8399999141693115,2.859999895095825,6206,0.0,0.0
2023-03-16 14:30:00-04:00,2.890000104904175,2.890000104904175,2.8512001037597656,2.8512001037597656,697,0.0,0.0
2023-03-16 15:30:00-04:00,2.859999895095825,2.9000000953674316,2.8499999046325684,2.880000114440918,10903,0.0,0.0
2023-03-17 09:30:00-04:00,2.869999885559082,2.869999885559082,2.8499999046325684,2.8499999046325684,1671,0.0,0.0
2023-03-17 10:30:00-04:00,2.869999885559082,2.869999885559082,2.8499999046325684,2.8499999046325684,914,0.0,0.0
2023-03-17 11:30:00-04:00,2.8499999046325684,2.853600025177002,2.8399999141693115,2.8399999141693115,9473,0.0,0.0
2023-03-17 12:30:00-04:00,2.8399999141693115,2.859999895095825,2.8399999141693115,2.8499999046325684,6806,0.0,0.0
2023-03-17 13:30:00-04:00,2.8519999980926514,2.859299898147583,2.8499999046325684,2.8499999046325684,6943,0.0,0.0
2023-03-17 14:30:00-04:00,2.8550000190734863,2.859999895095825,2.8350000381469727,2.859999895095825,13591,0.0,0.0
2023-03-17 15:30:00-04:00,2.859999895095825,2.9000000953674316,2.8499999046325684,2.9000000953674316,9310,0.0,0.0
2023-03-20 09:30:00-04:00,2.990000009536743,2.990000009536743,2.880000114440918,2.8901000022888184,5097,0.0,0.0
2023-03-20 10:30:00-04:00,2.8949999809265137,2.9000000953674316,2.890000104904175,2.890000104904175,1686,0.0,0.0
2023-03-20 11:30:00-04:00,2.9000000953674316,2.9000000953674316,2.869999885559082,2.869999885559082,1841,0.0,0.0
2023-03-20 12:30:00-04:00,2.880000114440918,2.890000104904175,2.880000114440918,2.890000104904175,559,0.0,0.0
2023-03-20 13:30:00-04:00,2.9000000953674316,2.9000000953674316,2.8833999633789062,2.8889999389648438,879,0.0,0.0
2023-03-20 14:30:00-04:00,2.890000104904175,2.890000104904175,2.890000104904175,2.890000104904175,432,0.0,0.0
2023-03-20 15:30:00-04:00,2.890000104904175,2.890000104904175,2.8712000846862793,2.880000114440918,2660,0.0,0.0
2023-03-21 09:30:00-04:00,2.950000047683716,2.950000047683716,2.87280011177063,2.9000000953674316,0,0.0,0.0
2023-03-21 10:30:00-04:00,2.9200000762939453,2.9200000762939453,2.869999885559082,2.869999885559082,2099,0.0,0.0
2023-03-21 11:30:00-04:00,2.859999895095825,2.859999895095825,2.859999895095825,2.859999895095825,422,0.0,0.0
2023-03-21 12:30:00-04:00,2.860100030899048,2.880000114440918,2.859999895095825,2.880000114440918,2498,0.0,0.0
2023-03-21 13:30:00-04:00,2.859999895095825,2.859999895095825,2.859999895095825,2.859999895095825,580,0.0,0.0
2023-03-21 14:30:00-04:00,2.8499999046325684,2.869999885559082,2.7799999713897705,2.845099925994873,19572,0.0,0.0
2023-03-21 15:30:00-04:00,2.8417999744415283,2.869999885559082,2.8417999744415283,2.869999885559082,2140,0.0,0.0
2023-03-22 09:30:00-04:00,2.8399999141693115,2.9000000953674316,2.8399999141693115,2.869999885559082,5766,0.0,0.0
2023-03-22 11:30:00-04:00,2.869999885559082,2.869999885559082,2.869999885559082,2.869999885559082,1022,0.0,0.0
2023-03-22 12:30:00-04:00,2.880000114440918,2.890000104904175,2.880000114440918,2.886399984359741,3361,0.0,0.0
2023-03-22 13:30:00-04:00,2.890000104904175,2.890000104904175,2.8805999755859375,2.8805999755859375,1248,0.0,0.0
2023-03-22 14:30:00-04:00,2.880000114440918,2.880000114440918,2.880000114440918,2.880000114440918,3815,0.0,0.0
2023-03-22 15:30:00-04:00,2.890000104904175,2.890000104904175,2.880000114440918,2.880000114440918,5922,0.0,0.0
2023-03-23 09:30:00-04:00,2.9200000762939453,2.930000066757202,2.8691999912261963,2.8893001079559326,3280,0.0,0.0
2023-03-23 10:30:00-04:00,2.859999895095825,2.9000000953674316,2.8499999046325684,2.8499999046325684,2348,0.0,0.0
2023-03-23 11:30:00-04:00,2.890000104904175,2.890000104904175,2.890000104904175,2.890000104904175,290,0.0,0.0
2023-03-23 12:30:00-04:00,2.8299999237060547,2.8299999237060547,2.8299999237060547,2.8299999237060547,186,0.0,0.0
2023-03-23 13:30:00-04:00,2.8499999046325684,2.869999885559082,2.8499999046325684,2.860100030899048,3599,0.0,0.0
2023-03-23 14:30:00-04:00,2.859999895095825,2.880000114440918,2.859999895095825,2.860100030899048,8608,0.0,0.0
2023-03-23 15:30:00-04:00,2.8499999046325684,2.880000114440918,2.8499999046325684,2.869999885559082,677,0.0,0.0
2023-03-24 09:30:00-04:00,2.9198999404907227,2.9198999404907227,2.9198999404907227,2.9198999404907227,0,0.0,0.0
2023-03-24 10:30:00-04:00,2.8499999046325684,2.8499999046325684,2.800100088119507,2.8499999046325684,14461,0.0,0.0
2023-03-24 11:30:00-04:00,2.8399999141693115,2.8499999046325684,2.799999952316284,2.8499999046325684,3262,0.0,0.0
2023-03-24 12:30:00-04:00,2.8299999237060547,2.8299999237060547,2.8299999237060547,2.8299999237060547,1526,0.0,0.0
2023-03-24 13:30:00-04:00,2.880000114440918,2.890000104904175,2.8499999046325684,2.859999895095825,5639,0.0,0.0
2023-03-24 14:30:00-04:00,2.8499999046325684,2.865000009536743,2.8399999141693115,2.859999895095825,1209,0.0,0.0
2023-03-24 15:30:00-04:00,2.840100049972534,2.840100049972534,2.840100049972534,2.840100049972534,146,0.0,0.0
2023-03-27 09:30:00-04:00,2.859999895095825,2.869999885559082,2.800100088119507,2.809999942779541,35723,0.0,0.0
2023-03-27 10:30:00-04:00,2.8299999237060547,2.8499999046325684,2.8299999237060547,2.8499999046325684,5984,0.0,0.0
2023-03-27 12:30:00-04:00,2.869999885559082,2.869999885559082,2.8499999046325684,2.8499999046325684,4343,0.0,0.0
2023-03-27 13:30:00-04:00,2.859999895095825,2.890000104904175,2.8499999046325684,2.8499999046325684,3836,0.0,0.0
2023-03-27 14:30:00-04:00,2.8510000705718994,2.8510000705718994,2.8510000705718994,2.8510000705718994,193,0.0,0.0
2023-03-27 15:30:00-04:00,2.8499999046325684,2.8499999046325684,2.8299999237060547,2.8299999237060547,1092,0.0,0.0
2023-03-28 09:30:00-04:00,2.809999942779541,2.880000114440918,2.809999942779541,2.8499999046325684,8517,0.0,0.0
2023-03-28 10:30:00-04:00,2.8499999046325684,2.8499999046325684,2.846100091934204,2.846100091934204,4020,0.0,0.0
2023-03-28 12:30:00-04:00,2.8399999141693115,2.8499999046325684,2.8399999141693115,2.8499999046325684,10305,0.0,0.0
2023-03-28 13:30:00-04:00,2.840100049972534,2.840100049972534,2.8399999141693115,2.8399999141693115,1960,0.0,0.0
2023-03-28 14:30:00-04:00,2.8499999046325684,2.8499999046325684,2.8299999237060547,2.8299999237060547,6989,0.0,0.0
2023-03-28 15:30:00-04:00,2.8399999141693115,2.8499999046325684,2.8399999141693115,2.8499999046325684,635,0.0,0.0
2023-03-29 09:30:00-04:00,2.8399999141693115,2.869999885559082,2.8399999141693115,2.869999885559082,0,0.0,0.0
2023-03-29 10:30:00-04:00,2.819999933242798,2.890000104904175,2.7899999618530273,2.859999895095825,34677,0.0,0.0
2023-03-29 11:30:00-04:00,2.8399999141693115,2.8399999141693115,2.8399999141693115,2.8399999141693115,1005,0.0,0.0
2023-03-29 12:30:00-04:00,2.8299999237060547,2.8299999237060547,2.805000066757202,2.809999942779541,7159,0.0,0.0
2023-03-29 13:30:00-04:00,2.8299999237060547,2.8299999237060547,2.8299999237060547,2.8299999237060547,2902,0.0,0.0
2023-03-29 14:30:00-04:00,2.8499999046325684,2.8499999046325684,2.8399999141693115,2.8399999141693115,1948,0.0,0.0
2023-03-29 15:30:00-04:00,2.8299999237060547,2.8399999141693115,2.8299999237060547,2.8399999141693115,579,0.0,0.0
2023-03-30 09:30:00-04:00,2.859999895095825,2.8696999549865723,2.8299999237060547,2.8499999046325684,9495,0.0,0.0
2023-03-30 10:30:00-04:00,2.8503000736236572,2.859999895095825,2.8503000736236572,2.859999895095825,1783,0.0,0.0
2023-03-30 11:30:00-04:00,2.860300064086914,2.860300064086914,2.850100040435791,2.850100040435791,2597,0.0,0.0
2023-03-30 12:30:00-04:00,2.8587000370025635,2.8587000370025635,2.850800037384033,2.850800037384033,804,0.0,0.0
2023-03-30 13:30:00-04:00,2.8499999046325684,2.859999895095825,2.8499999046325684,2.8499999046325684,3975,0.0,0.0
2023-03-30 14:30:00-04:00,2.8526999950408936,2.8526999950408936,2.8526999950408936,2.8526999950408936,427,0.0,0.0
2023-03-30 15:30:00-04:00,2.8598999977111816,2.859999895095825,2.8499999046325684,2.8499999046325684,0,0.0,0.0
2023-03-31 09:30:00-04:00,2.859999895095825,2.9049999713897705,2.859999895095825,2.9000000953674316,2955,0.0,0.0
2023-03-31 10:30:00-04:00,2.9200000762939453,2.940000057220459,2.9000000953674316,2.9200000762939453,1601,0.0,0.0
2023-03-31 11:30:00-04:00,2.9200000762939453,2.9200000762939453,2.9000000953674316,2.9100000858306885,3388,0.0,0.0
2023-03-31 12:30:00-04:00,2.9149999618530273,2.940000057220459,2.9100000858306885,2.9100000858306885,5182,0.0,0.0
2023-03-31 13:30:00-04:00,2.9100000858306885,2.9100000858306885,2.890000104904175,2.9049999713897705,5234,0.0,0.0
2023-03-31 14:30:00-04:00,2.9000000953674316,2.9000000953674316,2.880000114440918,2.9000000953674316,4536,0.0,0.0
2023-03-31 15:30:00-04:00,2.9000000953674316,2.9100000858306885,2.8801000118255615,2.9100000858306885,8584,0.0,0.0
2023-04-03 09:30:00-04:00,2.880000114440918,2.9000000953674316,2.880000114440918,2.880000114440918,0,0.0,0.0
2023-04-03 10:30:00-04:00,2.880000114440918,2.9100000858306885,2.880000114440918,2.9100000858306885,2785,0.0,0.0
2023-04-03 11:30:00-04:00,2.9100000858306885,2.9100000858306885,2.9000000953674316,2.9100000858306885,5946,0.0,0.0
2023-04-03 12:30:00-04:00,2.890000104904175,2.950000047683716,2.890000104904175,2.930000066757202,21378,0.0,0.0
2023-04-03 13:30:00-04:00,2.9200000762939453,2.940000057220459,2.9100000858306885,2.9358999729156494,4452,0.0,0.0
2023-04-03 14:30:00-04:00,2.950000047683716,2.950000047683716,2.940000057220459,2.940000057220459,6605,0.0,0.0
2023-04-03 15:30:00-04:00,2.9300999641418457,2.9700000286102295,2.9300999641418457,2.9700000286102295,13161,0.0,0.0
2023-04-04 09:30:00-04:00,2.950000047683716,2.9800000190734863,2.930000066757202,2.9800000190734863,57142,0.0,0.0
2023-04-04 10:30:00-04:00,2.9697000980377197,3.0199999809265137,2.930000066757202,2.940000057220459,988015,0.0,0.0
2023-04-04 11:30:00-04:00,2.930000066757202,2.940000057220459,2.9223999977111816,2.9368999004364014,8333,0.0,0.0
2023-04-04 12:30:00-04:00,2.93530011177063,2.93530011177063,2.880000114440918,2.9000000953674316,28470,0.0,0.0
2023-04-04 13:30:00-04:00,2.9000000953674316,2.9000000953674316,2.8810999393463135,2.890000104904175,9955,0.0,0.0
2023-04-04 14:30:00-04:00,2.9000000953674316,2.9000000953674316,2.890000104904175,2.890000104904175,204,0.0,0.0
2023-04-04 15:30:00-04:00,2.9000000953674316,2.9000000953674316,2.882999897003174,2.9000000953674316,5246,0.0,0.0
2023-04-05 09:30:00-04:00,2.8499999046325684,2.950000047683716,2.8499999046325684,2.940000057220459,0,0.0,0.0
2023-04-05 10:30:00-04:00,2.9200000762939453,2.9200000762939453,2.9200000762939453,2.9200000762939453,1076,0.0,0.0
2023-04-05 11:30:00-04:00,2.9200000762939453,2.9200000762939453,2.9200000762939453,2.9200000762939453,516,0.0,0.0
2023-04-05 14:30:00-04:00,2.9200000762939453,2.9200000762939453,2.9100000858306885,2.9200000762939453,1111,0.0,0.0
2023-04-05 15:30:00-04:00,2.9110000133514404,2.9200000762939453,2.9049999713897705,2.9100000858306885,7938,0.0,0.0
2023-04-06 09:30:00-04:00,2.9000000953674316,2.9000000953674316,2.890000104904175,2.890000104904175,0,0.0,0.0
2023-04-06 10:30:00-04:00,2.890000104904175,2.9000000953674316,2.880000114440918,2.9000000953674316,1929,0.0,0.0
2023-04-06 11:30:00-04:00,2.8838000297546387,2.9000000953674316,2.880000114440918,2.9000000953674316,1355,0.0,0.0
2023-04-06 12:30:00-04:00,2.890000104904175,2.9000000953674316,2.880199909210205,2.890000104904175,1008,0.0,0.0
2023-04-06 13:30:00-04:00,2.890000104904175,2.890000104904175,2.8808999061584473,2.890000104904175,632,0.0,0.0
2023-04-06 14:30:00-04:00,2.890000104904175,2.9000000953674316,2.880199909210205,2.9000000953674316,2021,0.0,0.0
2023-04-06 15:30:00-04:00,2.9000000953674316,2.9800000190734863,2.890000104904175,2.9800000190734863,20849,0.0,0.0
2023-04-10 09:30:00-04:00,2.9700000286102295,2.9700000286102295,2.940000057220459,2.940000057220459,899,0.0,0.0
2023-04-10 10:30:00-04:00,2.93969988822937,2.950000047683716,2.930000066757202,2.950000047683716,2911,0.0,0.0
2023-04-10 11:30:00-04:00,2.950000047683716,2.950000047683716,2.934999942779541,2.940000057220459,2290,0.0,0.0
2023-04-10 12:30:00-04:00,2.950000047683716,2.950000047683716,2.930000066757202,2.940000057220459,1681,0.0,0.0
2023-04-10 13:30:00-04:00,2.950000047683716,2.955699920654297,2.9300999641418457,2.9549999237060547,4234,0.0,0.0
2023-04-10 14:30:00-04:00,2.9600000381469727,2.9700000286102295,2.9549999237060547,2.9549999237060547,2188,0.0,0.0
2023-04-10 15:30:00-04:00,2.9549999237060547,2.9700000286102295,2.950000047683716,2.950000047683716,3083,0.0,0.0
2023-04-11 09:30:00-04:00,2.940000057220459,2.9700000286102295,2.940000057220459,2.9518001079559326,0,0.0,0.0
2023-04-11 10:30:00-04:00,2.9700000286102295,2.9800000190734863,2.950000047683716,2.9600000381469727,1845,0.0,0.0
2023-04-11 11:30:00-04:00,2.9512999057769775,2.9600000381469727,2.9500999450683594,2.9500999450683594,805,0.0,0.0
2023-04-11 12:30:00-04:00,2.9600000381469727,2.9700000286102295,2.9551000595092773,2.9600000381469727,4884,0.0,0.0
2023-04-11 13:30:00-04:00,2.9700000286102295,2.990000009536743,2.9700000286102295,2.990000009536743,11770,0.0,0.0
2023-04-11 14:30:00-04:00,2.9827001094818115,2.990000009536743,2.9709999561309814,2.9800000190734863,4337,0.0,0.0
2023-04-11 15:30:00-04:00,2.9800000190734863,2.9899001121520996,2.9700000286102295,2.9800000190734863,2868,0.0,0.0
2023-04-12 09:30:00-04:00,2.9600000381469727,3.0,2.9600000381469727,2.9800000190734863,0,0.0,0.0
2023-04-12 10:30:00-04:00,2.9800000190734863,2.9800000190734863,2.9700000286102295,2.9700000286102295,2549,0.0,0.0
2023-04-12 11:30:00-04:00,2.9700000286102295,2.9800000190734863,2.950000047683716,2.969899892807007,14448,0.0,0.0
2023-04-12 12:30:00-04:00,2.9690001010894775,2.9800000190734863,2.9500999450683594,2.9700000286102295,4522,0.0,0.0
2023-04-12 13:30:00-04:00,2.9700000286102295,2.990000009536743,2.954400062561035,2.954400062561035,4902,0.0,0.0
2023-04-12 14:30:00-04:00,2.9679999351501465,2.9800000190734863,2.950000047683716,2.9649999141693115,2244,0.0,0.0
2023-04-12 15:30:00-04:00,2.950900077819824,2.990000009536743,2.950900077819824,2.9700000286102295,0,0.0,0.0
2023-04-13 09:30:00-04:00,2.990000009536743,3.0,2.950000047683716,2.9800000190734863,4706,0.0,0.0
2023-04-13 10:30:00-04:00,3.0,3.0,2.9700000286102295,2.9700000286102295,5467,0.0,0.0
2023-04-13 11:30:00-04:00,2.9700000286102295,3.0,2.950000047683716,2.9700000286102295,5372,0.0,0.0
2023-04-13 12:30:00-04:00,2.9700000286102295,2.9700000286102295,2.9700000286102295,2.9700000286102295,165,0.0,0.0
2023-04-13 13:30:00-04:00,2.960099935531616,2.9700000286102295,2.9600000381469727,2.9600000381469727,2198,0.0,0.0
2023-04-13 14:30:00-04:00,2.9800000190734863,2.990000009536743,2.9800000190734863,2.990000009536743,2355,0.0,0.0
2023-04-13 15:30:00-04:00,2.970099925994873,3.0,2.9700000286102295,2.9700000286102295,4411,0.0,0.0
2023-04-14 09:30:00-04:00,2.940000057220459,2.990000009536743,2.940000057220459,2.9700000286102295,11402,0.0,0.0
2023-04-14 10:30:00-04:00,2.9700000286102295,2.990000009536743,2.9700000286102295,2.990000009536743,1442,0.0,0.0
2023-04-14 11:30:00-04:00,2.990000009536743,3.0,2.9800000190734863,2.990000009536743,9097,0.0,0.0
2023-04-14 12:30:00-04:00,2.990000009536743,3.0,2.950000047683716,2.950000047683716,5768,0.0,0.0
2023-04-14 13:30:00-04:00,2.950000047683716,2.9600000381469727,2.940000057220459,2.940000057220459,5624,0.0,0.0
2023-04-14 14:30:00-04:00,2.9449000358581543,2.9600000381469727,2.940000057220459,2.940000057220459,3980,0.0,0.0
2023-04-14 15:30:00-04:00,2.938999891281128,2.9600000381469727,2.930000066757202,2.950000047683716,39327,0.0,0.0
2023-04-17 09:30:00-04:00,2.9200000762939453,2.9800000190734863,2.9200000762939453,2.964400053024292,2059,0.0,0.0
2023-04-17 10:30:00-04:00,2.9600000381469727,2.9600000381469727,2.952500104904175,2.9528000354766846,3218,0.0,0.0
2023-04-17 11:30:00-04:00,2.9800000190734863,2.9800000190734863,2.950000047683716,2.9600000381469727,1710,0.0,0.0
2023-04-17 12:30:00-04:00,2.9700000286102295,2.9700000286102295,2.944999933242798,2.950000047683716,4408,0.0,0.0
2023-04-17 13:30:00-04:00,2.9700000286102295,2.9700000286102295,2.9700000286102295,2.9700000286102295,601,0.0,0.0
2023-04-17 14:30:00-04:00,2.9700000286102295,2.9700000286102295,2.9700000286102295,2.9700000286102295,338,0.0,0.0
2023-04-18 09:30:00-04:00,2.9700000286102295,2.9763998985290527,2.907900094985962,2.9200000762939453,12007,0.0,0.0
2023-04-18 10:30:00-04:00,2.950000047683716,2.950000047683716,2.944999933242798,2.950000047683716,2597,0.0,0.0
2023-04-18 11:30:00-04:00,2.950000047683716,2.950000047683716,2.9400999546051025,2.9400999546051025,691,0.0,0.0
2023-04-18 12:30:00-04:00,2.9409000873565674,2.950000047683716,2.940000057220459,2.950000047683716,3546,0.0,0.0
2023-04-18 13:30:00-04:00,2.940000057220459,3.0,2.940000057220459,3.0,21056,0.0,0.0
2023-04-18 14:30:00-04:00,2.9814999103546143,2.9814999103546143,2.9800000190734863,2.9800000190734863,378,0.0,0.0
2023-04-18 15:30:00-04:00,2.9800000190734863,2.984999895095825,2.9700000286102295,2.9800000190734863,0,0.0,0.0
2023-04-19 09:30:00-04:00,2.9800000190734863,2.9800000190734863,2.950000047683716,2.9700000286102295,3397,0.0,0.0
2023-04-19 11:30:00-04:00,2.9700000286102295,2.9800000190734863,2.9700000286102295,2.9800000190734863,1204,0.0,0.0
2023-04-19 12:30:00-04:00,2.9800000190734863,2.9800000190734863,2.962899923324585,2.9700000286102295,705,0.0,0.0
2023-04-19 13:30:00-04:00,2.9800000190734863,2.9800000190734863,2.9700000286102295,2.9800000190734863,524,0.0,0.0
2023-04-19 14:30:00-04:00,2.990000009536743,2.990000009536743,2.990000009536743,2.990000009536743,230,0.0,0.0
2023-04-19 15:30:00-04:00,2.9600000381469727,2.9600000381469727,2.930000066757202,2.9600000381469727,27180,0.0,0.0
2023-04-20 09:30:00-04:00,2.9100000858306885,2.9700000286102295,2.9100000858306885,2.9700000286102295,4371,0.0,0.0
2023-04-20 10:30:00-04:00,2.9700000286102295,2.9700000286102295,2.9700000286102295,2.9700000286102295,183,0.0,0.0
2023-04-20 11:30:00-04:00,2.9514999389648438,2.9800000190734863,2.9514999389648438,2.9537999629974365,2526,0.0,0.0
2023-04-20 12:30:00-04:00,2.9700000286102295,2.9700000286102295,2.9700000286102295,2.9700000286102295,330,0.0,0.0
2023-04-20 13:30:00-04:00,2.9600000381469727,2.9746999740600586,2.9600000381469727,2.9746999740600586,2778,0.0,0.0
2023-04-20 14:30:00-04:00,2.9600000381469727,2.9600000381469727,2.9600000381469727,2.9600000381469727,1031,0.0,0.0
2023-04-20 15:30:00-04:00,2.950000047683716,2.9700000286102295,2.950000047683716,2.9700000286102295,2569,0.0,0.0
2023-04-21 09:30:00-04:00,2.940000057220459,2.9800000190734863,2.940000057220459,2.971299886703491,3884,0.0,0.0
2023-04-21 10:30:00-04:00,2.990000009536743,2.990000009536743,2.98009991645813,2.98009991645813,1113,0.0,0.0
2023-04-21 11:30:00-04:00,2.9800000190734863,2.9800000190734863,2.9800000190734863,2.9800000190734863,0,0.0,0.0
2023-04-21 12:30:00-04:00,2.990000009536743,2.990000009536743,2.9700000286102295,2.9800000190734863,8075,0.0,0.0
2023-04-21 13:30:00-04:00,2.9663000106811523,2.9800000190734863,2.9600000381469727,2.9749999046325684,3433,0.0,0.0
2023-04-21 14:30:00-04:00,2.9749999046325684,2.9749999046325684,2.9700000286102295,2.9700000286102295,1269,0.0,0.0
2023-04-21 15:30:00-04:00,2.9600000381469727,2.9800000190734863,2.930000066757202,2.9800000190734863,34453,0.0,0.0
2023-04-24 09:30:00-04:00,2.9649999141693115,2.987299919128418,2.9600000381469727,2.987299919128418,2580,0.0,0.0
2023-04-24 10:30:00-04:00,2.990000009536743,2.990000009536743,2.984999895095825,2.984999895095825,3155,0.0,0.0
2023-04-24 11:30:00-04:00,2.990000009536743,2.9900999069213867,2.9800000190734863,2.9800000190734863,4840,0.0,0.0
2023-04-24 12:30:00-04:00,2.9800000190734863,2.9807000160217285,2.9700000286102295,2.9807000160217285,3012,0.0,0.0
2023-04-24 13:30:00-04:00,2.990000009536743,2.990000009536743,2.9809000492095947,2.990000009536743,950,0.0,0.0
2023-04-24 14:30:00-04:00,2.990000009536743,2.990000009536743,2.980799913406372,2.990000009536743,1741,0.0,0.0
2023-04-24 15:30:00-04:00,2.990000009536743,2.990000009536743,2.9800000190734863,2.9800000190734863,0,0.0,0.0
2023-04-25 09:30:00-04:00,2.9800000190734863,2.990600109100342,2.9800000190734863,2.9900999069213867,2791,0.0,0.0
2023-04-25 10:30:00-04:00,2.9800000190734863,2.9800000190734863,2.9800000190734863,2.9800000190734863,1047,0.0,0.0
2023-04-25 11:30:00-04:00,2.9800000190734863,2.9800000190734863,2.9800000190734863,2.9800000190734863,0,0.0,0.0
2023-04-25 12:30:00-04:00,2.9800000190734863,2.990000009536743,2.9800000190734863,2.9800000190734863,5961,0.0,0.0
2023-04-25 13:30:00-04:00,2.950000047683716,2.9700000286102295,2.950000047683716,2.9600000381469727,1668,0.0,0.0
2023-04-25 14:30:00-04:00,2.9700000286102295,3.0,2.9700000286102295,2.990000009536743,9160,0.0,0.0
2023-04-25 15:30:00-04:00,2.990000009536743,2.990000009536743,2.9800000190734863,2.990000009536743,0,0.0,0.0
2023-04-26 09:30:00-04:00,2.9702999591827393,2.97160005569458,2.970099925994873,2.97160005569458,0,0.0,0.0
2023-04-26 10:30:00-04:00,2.9800000190734863,2.9821999073028564,2.9700000286102295,2.9700000286102295,4809,0.0,0.0
2023-04-26 11:30:00-04:00,2.9800000190734863,2.9800000190734863,2.9800000190734863,2.9800000190734863,451,0.0,0.0
2023-04-26 12:30:00-04:00,2.9700000286102295,2.9700000286102295,2.9700000286102295,2.9700000286102295,241,0.0,0.0
2023-04-26 13:30:00-04:00,2.9800000190734863,2.990000009536743,2.9700000286102295,2.990000009536743,2567,0.0,0.0
2023-04-26 14:30:00-04:00,2.990000009536743,2.990000009536743,2.990000009536743,2.990000009536743,192,0.0,0.0
2023-04-26 15:30:00-04:00,2.9800000190734863,2.9834001064300537,2.9800000190734863,2.9800000190734863,0,0.0,0.0
2023-04-27 09:30:00-04:00,2.9800000190734863,2.990000009536743,2.9700000286102295,2.984999895095825,2541,0.0,0.0
2023-04-27 10:30:00-04:00,2.984999895095825,2.990000009536743,2.984999895095825,2.984999895095825,2860,0.0,0.0
2023-04-27 11:30:00-04:00,2.98009991645813,2.98009991645813,2.9800000190734863,2.98009991645813,3642,0.0,0.0
2023-04-27 12:30:00-04:00,2.9700000286102295,2.990000009536743,2.9700000286102295,2.9700000286102295,2709,0.0,0.0
2023-04-27 13:30:00-04:00,2.960099935531616,2.960099935531616,2.960099935531616,2.960099935531616,1080,0.0,0.0
2023-04-27 14:30:00-04:00,2.9700000286102295,2.9700000286102295,2.9700000286102295,2.9700000286102295,2459,0.0,0.0
2023-04-27 15:30:00-04:00,2.9647998809814453,2.9647998809814453,2.9600000381469727,2.9600000381469727,0,0.0,0.0
2023-04-28 09:30:00-04:00,2.940000057220459,2.9600000381469727,2.859999895095825,2.924999952316284,1796,0.0,0.0
2023-04-28 10:30:00-04:00,2.9200000762939453,2.9200000762939453,2.9100000858306885,2.9100000858306885,1033,0.0,0.0
2023-04-28 11:30:00-04:00,2.9398999214172363,2.940000057220459,2.930000066757202,2.934999942779541,844,0.0,0.0
2023-04-28 12:30:00-04:00,2.9328999519348145,2.9470999240875244,2.9300999641418457,2.9470999240875244,1361,0.0,0.0
2023-04-28 13:30:00-04:00,2.944000005722046,2.944000005722046,2.930000066757202,2.930000066757202,359,0.0,0.0
2023-04-28 14:30:00-04:00,2.930000066757202,2.930000066757202,2.9000000953674316,2.9200000762939453,5233,0.0,0.0
2023-04-28 15:30:00-04:00,2.90120005607605,2.9200000762939453,2.90120005607605,2.9149999618530273,971,0.0,0.0
2023-05-01 09:30:00-04:00,2.880000114440918,2.930000066757202,2.8775999546051025,2.9100000858306885,2734,0.0,0.0
2023-05-01 10:30:00-04:00,2.9100000858306885,2.930000066757202,2.9100000858306885,2.930000066757202,940,0.0,0.0
2023-05-01 11:30:00-04:00,2.912100076675415,2.930000066757202,2.9103000164031982,2.930000066757202,1012,0.0,0.0
2023-05-01 12:30:00-04:00,2.930000066757202,2.930000066757202,2.930000066757202,2.930000066757202,308,0.0,0.0
2023-05-01 13:30:00-04:00,2.9272000789642334,2.930000066757202,2.911600112915039,2.930000066757202,1479,0.0,0.0
2023-05-01 14:30:00-04:00,2.930000066757202,2.930000066757202,2.9200000762939453,2.920799970626831,2290,0.0,0.0
2023-05-01 15:30:00-04:00,2.9200000762939453,2.930000066757202,2.9200000762939453,2.930000066757202,981,0.0,0.0
2023-05-02 10:30:00-04:00,2.930000066757202,2.9540998935699463,2.930000066757202,2.9540998935699463,897,0.0,0.0
2023-05-02 11:30:00-04:00,2.930000066757202,2.930000066757202,2.9200000762939453,2.9200000762939453,660,0.0,0.0
2023-05-02 12:30:00-04:00,2.9200000762939453,2.950000047683716,2.9200000762939453,2.950000047683716,1322,0.0,0.0
2023-05-02 13:30:00-04:00,2.930000066757202,2.930000066757202,2.930000066757202,2.930000066757202,623,0.0,0.0
2023-05-02 14:30:00-04:00,2.9200000762939453,2.930000066757202,2.9200000762939453,2.930000066757202,0,0.0,0.0
2023-05-02 15:30:00-04:00,2.9100000858306885,2.9100000858306885,2.9100000858306885,2.9100000858306885,6271,0.0,0.0
2023-05-03 09:30:00-04:00,2.9000000953674316,2.9000000953674316,2.8499999046325684,2.8499999046325684,1289,0.0,0.0
2023-05-03 10:30:00-04:00,2.860100030899048,2.86080002784729,2.860100030899048,2.86080002784729,1072,0.0,0.0
2023-05-03 11:30:00-04:00,2.9000000953674316,2.9000000953674316,2.880000114440918,2.880000114440918,569,0.0,0.0
2023-05-03 12:30:00-04:00,2.860100030899048,2.8826000690460205,2.860100030899048,2.8826000690460205,1868,0.0,0.0
2023-05-03 13:30:00-04:00,2.869999885559082,2.869999885559082,2.869999885559082,2.869999885559082,2111,0.0,0.0
2023-05-03 14:30:00-04:00,2.880000114440918,2.890000104904175,2.869999885559082,2.869999885559082,478,0.0,0.0
2023-05-03 15:30:00-04:00,2.860100030899048,2.869999885559082,2.860100030899048,2.869999885559082,793,0.0,0.0
2023-05-04 09:30:00-04:00,2.9000000953674316,2.9000000953674316,2.8499999046325684,2.8499999046325684,4875,0.0,0.0
2023-05-04 10:30:00-04:00,2.8499999046325684,2.869999885559082,2.799999952316284,2.827399969100952,13614,0.0,0.0
2023-05-04 11:30:00-04:00,2.800100088119507,2.8399999141693115,2.7899999618530273,2.7899999618530273,19609,0.0,0.0
2023-05-04 12:30:00-04:00,2.7799999713897705,2.79010009765625,2.7799999713897705,2.79010009765625,1891,0.0,0.0
2023-05-04 13:30:00-04:00,2.7899999618530273,2.7899999618530273,2.7799999713897705,2.780100107192993,4631,0.0,0.0
2023-05-04 14:30:00-04:00,2.7799999713897705,2.7799999713897705,2.7799999713897705,2.7799999713897705,875,0.0,0.0
2023-05-04 15:30:00-04:00,2.7799999713897705,2.7899999618530273,2.7799999713897705,2.7888998985290527,892,0.0,0.0
2023-05-05 09:30:00-04:00,2.7799999713897705,2.8598999977111816,2.7799999713897705,2.7850000858306885,2173,0.0,0.0
2023-05-05 10:30:00-04:00,2.799999952316284,2.8299999237060547,2.799999952316284,2.8299999237060547,0,0.0,0.0
2023-05-05 11:30:00-04:00,2.799999952316284,2.799999952316284,2.799999952316284,2.799999952316284,0,0.0,0.0
2023-05-05 12:30:00-04:00,2.7987000942230225,2.7987000942230225,2.7987000942230225,2.7987000942230225,16273,0.0,0.0
2023-05-05 13:30:00-04:00,2.797800064086914,2.797800064086914,2.797800064086914,2.797800064086914,124,0.0,0.0
2023-05-05 14:30:00-04:00,2.7899999618530273,2.799999952316284,2.775099992752075,2.799999952316284,4006,0.0,0.0
2023-05-08 09:30:00-04:00,2.799999952316284,2.809999942779541,2.795300006866455,2.809999942779541,1062,0.0,0.0
2023-05-08 10:30:00-04:00,2.809999942779541,2.819999933242798,2.809999942779541,2.819999933242798,0,0.0,0.0
2023-05-08 11:30:00-04:00,2.8499999046325684,2.8499999046325684,2.8299999237060547,2.8299999237060547,3392,0.0,0.0
2023-05-08 12:30:00-04:00,2.8399999141693115,2.8399999141693115,2.8299999237060547,2.8299999237060547,1682,0.0,0.0
2023-05-08 13:30:00-04:00,2.815000057220459,2.815000057220459,2.8101000785827637,2.8101000785827637,2352,0.0,0.0
2023-05-08 14:30:00-04:00,2.799999952316284,2.799999952316284,2.799999952316284,2.799999952316284,1340,0.0,0.0
2023-05-08 15:30:00-04:00,2.799999952316284,2.809999942779541,2.799999952316284,2.799999952316284,545,0.0,0.0
2023-05-09 09:30:00-04:00,2.799999952316284,2.799999952316284,2.7699999809265137,2.7699999809265137,623,0.0,0.0
2023-05-09 11:30:00-04:00,2.7799999713897705,2.7799999713897705,2.759999990463257,2.759999990463257,1253,0.0,0.0
2023-05-09 12:30:00-04:00,2.7618000507354736,2.7618000507354736,2.7618000507354736,2.7618000507354736,112,0.0,0.0
2023-05-09 13:30:00-04:00,2.761199951171875,2.7685999870300293,2.759999990463257,2.7685999870300293,1068,0.0,0.0
2023-05-09 14:30:00-04:00,2.7699999809265137,2.7699999809265137,2.7699999809265137,2.7699999809265137,632,0.0,0.0
2023-05-09 15:30:00-04:00,2.7699999809265137,2.7699999809265137,2.7699999809265137,2.7699999809265137,225,0.0,0.0
2023-05-10 09:30:00-04:00,2.759999990463257,2.7613000869750977,2.759999990463257,2.7613000869750977,1956,0.0,0.0
2023-05-10 10:30:00-04:00,2.759999990463257,2.7611000537872314,2.740000009536743,2.7400999069213867,7725,0.0,0.0
2023-05-10 11:30:00-04:00,2.7300000190734863,2.759999990463257,2.7300000190734863,2.759999990463257,743,0.0,0.0
2023-05-10 12:30:00-04:00,2.740000009536743,2.740000009536743,2.7300000190734863,2.73009991645813,14750,0.0,0.0
2023-05-10 13:30:00-04:00,2.7300000190734863,2.7300000190734863,2.7249999046325684,2.7300000190734863,9487,0.0,0.0
2023-05-10 14:30:00-04:00,2.740000009536743,2.740000009536743,2.700000047683716,2.706199884414673,5965,0.0,0.0
2023-05-10 15:30:00-04:00,2.7035000324249268,2.7200000286102295,2.7035000324249268,2.7200000286102295,1143,0.0,0.0
2023-05-11 09:30:00-04:00,3.0999999046325684,3.100100040435791,3.0,3.0999999046325684,478523,0.0,0.0
2023-05-11 10:30:00-04:00,3.0894999504089355,3.0999999046325684,3.059999942779541,3.0799999237060547,78285,0.0,0.0
2023-05-11 11:30:00-04:00,3.076200008392334,3.080699920654297,3.059999942779541,3.060800075531006,41015,0.0,0.0
2023-05-11 12:30:00-04:00,3.069999933242798,3.0999999046325684,3.059999942779541,3.0799999237060547,99567,0.0,0.0
2023-05-11 13:30:00-04:00,3.070499897003174,3.0799999237060547,3.061199903488159,3.069999933242798,54622,0.0,0.0
2023-05-11 14:30:00-04:00,3.0799999237060547,3.0999999046325684,3.069999933242798,3.0850000381469727,35578,0.0,0.0
2023-05-11 15:30:00-04:00,3.0899999141693115,3.0999999046325684,3.069999933242798,3.0899999141693115,21652,0.0,0.0
2023-05-12 09:30:00-04:00,3.059999942779541,3.0799999237060547,3.0399999618530273,3.069999933242798,73562,0.0,0.0
2023-05-12 10:30:00-04:00,3.0617001056671143,3.0699000358581543,3.0399999618530273,3.055000066757202,29246,0.0,0.0
2023-05-12 11:30:00-04:00,3.069999933242798,3.069999933242798,3.0450000762939453,3.049999952316284,2535,0.0,0.0
2023-05-12 12:30:00-04:00,3.049999952316284,3.049999952316284,3.0299999713897705,3.049999952316284,35062,0.0,0.0
2023-05-12 13:30:00-04:00,3.049999952316284,3.059999942779541,3.043100118637085,3.043100118637085,4499,0.0,0.0
2023-05-12 14:30:00-04:00,3.069999933242798,3.069999933242798,3.050100088119507,3.069999933242798,2737,0.0,0.0
2023-05-12 15:30:00-04:00,3.069999933242798,3.069999933242798,3.059999942779541,3.069999933242798,4541,0.0,0.0
2023-05-15 09:30:00-04:00,3.049999952316284,3.110100030899048,3.049999952316284,3.0999999046325684,22372,0.0,0.0
2023-05-15 10:30:00-04:00,3.0999999046325684,3.0999999046325684,3.069999933242798,3.0899999141693115,5901,0.0,0.0
2023-05-15 11:30:00-04:00,3.0899999141693115,3.0899999141693115,3.0810999870300293,3.0899999141693115,2510,0.0,0.0
2023-05-15 12:30:00-04:00,3.0899999141693115,3.0899999141693115,3.0799999237060547,3.0899999141693115,7161,0.0,0.0
2023-05-15 13:30:00-04:00,3.0899999141693115,3.0899999141693115,3.089900016784668,3.089900016784668,892,0.0,0.0
2023-05-15 14:30:00-04:00,3.0899999141693115,3.0899999141693115,3.0799999237060547,3.0899999141693115,1206,0.0,0.0
2023-05-15 15:30:00-04:00,3.0850000381469727,3.0899999141693115,3.0850000381469727,3.0899999141693115,0,0.0,0.0
2023-05-16 09:30:00-04:00,3.0799999237060547,3.119999885559082,3.0799999237060547,3.109999895095825,37782,0.0,0.0
2023-05-16 10:30:00-04:00,3.0899999141693115,3.0999999046325684,3.0799999237060547,3.0899999141693115,12297,0.0,0.0
2023-05-16 11:30:00-04:00,3.0899999141693115,3.0899999141693115,3.059999942779541,3.0799999237060547,5380,0.0,0.0
2023-05-16 12:30:00-04:00,3.0799999237060547,3.0999999046325684,3.0799999237060547,3.0799999237060547,6585,0.0,0.0
2023-05-16 13:30:00-04:00,3.0799999237060547,3.0906999111175537,3.0799999237060547,3.0906999111175537,1349,0.0,0.0
2023-05-16 14:30:00-04:00,3.0899999141693115,3.0999999046325684,3.081700086593628,3.0950000286102295,28436,0.0,0.0
2023-05-16 15:30:00-04:00,3.0950000286102295,3.0999999046325684,3.0950000286102295,3.0999999046325684,0,0.0,0.0
2023-05-17 09:30:00-04:00,3.0999999046325684,3.0999999046325684,3.0799999237060547,3.0899999141693115,19568,0.0,0.0
2023-05-17 10:30:00-04:00,3.0899999141693115,3.0999999046325684,3.0822999477386475,3.0899999141693115,3710,0.0,0.0
2023-05-17 11:30:00-04:00,3.099900007247925,3.099900007247925,3.0799999237060547,3.0899999141693115,8800,0.0,0.0
2023-05-17 12:30:00-04:00,3.0899999141693115,3.0899999141693115,3.0799999237060547,3.0850000381469727,3108,0.0,0.0
2023-05-17 13:30:00-04:00,3.0850000381469727,3.0899999141693115,3.0708999633789062,3.0708999633789062,7209,0.0,0.0
2023-05-17 14:30:00-04:00,3.0799999237060547,3.0799999237060547,3.069999933242798,3.069999933242798,1552,0.0,0.0
2023-05-17 15:30:00-04:00,3.069999933242798,3.0899999141693115,3.069999933242798,3.0899999141693115,1244,0.0,0.0
2023-05-18 09:30:00-04:00,3.087100028991699,3.0899999141693115,3.0799999237060547,3.0899999141693115,15442,0.0,0.0
2023-05-18 10:30:00-04:00,3.0899999141693115,3.0899999141693115,3.0808000564575195,3.085200071334839,2253,0.0,0.0
2023-05-18 11:30:00-04:00,3.0899999141693115,3.0899999141693115,3.0799999237060547,3.0799999237060547,6154,0.0,0.0
2023-05-18 12:30:00-04:00,3.0799999237060547,3.0799999237060547,3.075000047683716,3.0799999237060547,3147,0.0,0.0
2023-05-18 13:30:00-04:00,3.0799999237060547,3.0799999237060547,3.0799999237060547,3.0799999237060547,848,0.0,0.0
2023-05-18 14:30:00-04:00,3.0789999961853027,3.0799999237060547,3.069999933242798,3.0799999237060547,3289,0.0,0.0
2023-05-18 15:30:00-04:00,3.0899999141693115,3.0899999141693115,3.0801000595092773,3.0801000595092773,0,0.0,0.0
2023-05-19 09:30:00-04:00,3.0899999141693115,3.0899999141693115,3.049999952316284,3.049999952316284,26679,0.0,0.0
2023-05-19 10:30:00-04:00,3.0899999141693115,3.0899999141693115,3.0850000381469727,3.0850000381469727,8550,0.0,0.0
2023-05-19 11:30:00-04:00,3.089900016784668,3.0899999141693115,3.0799999237060547,3.0799999237060547,9918,0.0,0.0
2023-05-19 12:30:00-04:00,3.079900026321411,3.0799999237060547,3.072200059890747,3.0799999237060547,3291,0.0,0.0
2023-05-19 13:30:00-04:00,3.0899999141693115,3.0899999141693115,3.0850000381469727,3.0899999141693115,2034,0.0,0.0
2023-05-19 14:30:00-04:00,3.0804998874664307,3.0899999141693115,3.0799999237060547,3.0899999141693115,15346,0.0,0.0
2023-05-19 15:30:00-04:00,3.0850000381469727,3.0899999141693115,3.0850000381469727,3.0899999141693115,774,0.0,0.0
2023-05-22 09:30:00-04:00,3.0899999141693115,3.0999999046325684,3.0799999237060547,3.0999999046325684,7342,0.0,0.0
2023-05-22 10:30:00-04:00,3.0999999046325684,3.0999999046325684,3.090100049972534,3.0999999046325684,7780,0.0,0.0
2023-05-22 11:30:00-04:00,3.0922000408172607,3.109999895095825,3.0922000408172607,3.100100040435791,14539,0.0,0.0
2023-05-22 12:30:00-04:00,3.119999885559082,3.119999885559082,3.115000009536743,3.119999885559082,6879,0.0,0.0
2023-05-22 13:30:00-04:00,3.115999937057495,3.119999885559082,3.1105000972747803,3.119999885559082,7803,0.0,0.0
2023-05-22 14:30:00-04:00,3.110100030899048,3.110100030899048,3.109999895095825,3.109999895095825,12254,0.0,0.0
2023-05-22 15:30:00-04:00,3.1050000190734863,3.109999895095825,3.1050000190734863,3.109999895095825,3430,0.0,0.0
2023-05-23 09:30:00-04:00,3.0999999046325684,3.138200044631958,3.0999999046325684,3.1201000213623047,13789,0.0,0.0
2023-05-23 10:30:00-04:00,3.137500047683716,3.137500047683716,3.119999885559082,3.130000114440918,5282,0.0,0.0
2023-05-23 11:30:00-04:00,3.130000114440918,3.130000114440918,3.127500057220459,3.130000114440918,2092,0.0,0.0
2023-05-23 12:30:00-04:00,3.130000114440918,3.140000104904175,3.130000114440918,3.130000114440918,1717,0.0,0.0
2023-05-23 13:30:00-04:00,3.130000114440918,3.140000104904175,3.109999895095825,3.109999895095825,10245,0.0,0.0
2023-05-23 14:30:00-04:00,3.110100030899048,3.130000114440918,3.110100030899048,3.1110999584198,2509,0.0,0.0
2023-05-23 15:30:00-04:00,3.1122000217437744,3.119999885559082,3.1122000217437744,3.119999885559082,0,0.0,0.0
2023-05-24 09:30:00-04:00,3.1500000953674316,3.1500000953674316,3.119999885559082,3.130000114440918,6450,0.0,0.0
2023-05-24 10:30:00-04:00,3.130000114440918,3.140000104904175,3.119999885559082,3.140000104904175,3202,0.0,0.0
2023-05-24 11:30:00-04:00,3.1379001140594482,3.140000104904175,3.121500015258789,3.136899948120117,4363,0.0,0.0
2023-05-24 12:30:00-04:00,3.140000104904175,3.140000104904175,3.140000104904175,3.140000104904175,1031,0.0,0.0
2023-05-24 13:30:00-04:00,3.130000114440918,3.1314001083374023,3.130000114440918,3.130000114440918,2483,0.0,0.0
2023-05-24 14:30:00-04:00,3.1328999996185303,3.140000104904175,3.130000114440918,3.1308000087738037,2664,0.0,0.0
2023-05-24 15:30:00-04:00,3.134999990463257,3.140000104904175,3.134999990463257,3.140000104904175,385,0.0,0.0
2023-05-25 09:30:00-04:00,3.119999885559082,3.139699935913086,3.119999885559082,3.1301000118255615,4582,0.0,0.0
2023-05-25 10:30:00-04:00,3.134999990463257,3.140000104904175,3.119999885559082,3.140000104904175,11403,0.0,0.0
2023-05-25 11:30:00-04:00,3.134999990463257,3.134999990463257,3.125,3.1284000873565674,3643,0.0,0.0
2023-05-25 12:30:00-04:00,3.125,3.130000114440918,3.119999885559082,3.130000114440918,4906,0.0,0.0
2023-05-25 13:30:00-04:00,3.119999885559082,3.130000114440918,3.119999885559082,3.1294000148773193,4532,0.0,0.0
2023-05-25 14:30:00-04:00,3.1201000213623047,3.1201000213623047,3.119999885559082,3.119999885559082,1709,0.0,0.0
2023-05-25 15:30:00-04:00,3.125,3.130000114440918,3.119999885559082,3.119999885559082,2345,0.0,0.0
2023-05-26 09:30:00-04:00,3.119999885559082,3.119999885559082,3.0999999046325684,3.119999885559082,10467,0.0,0.0
2023-05-26 10:30:00-04:00,3.109999895095825,3.118799924850464,3.1080000400543213,3.115600109100342,4164,0.0,0.0
2023-05-26 11:30:00-04:00,3.115499973297119,3.1191000938415527,3.109999895095825,3.109999895095825,2757,0.0,0.0
2023-05-26 12:30:00-04:00,3.1110000610351562,3.118799924850464,3.109999895095825,3.118799924850464,4244,0.0,0.0
2023-05-26 13:30:00-04:00,3.119999885559082,3.1500000953674316,3.119999885559082,3.1500000953674316,31662,0.0,0.0
2023-05-26 14:30:00-04:00,3.140000104904175,3.1500000953674316,3.140000104904175,3.1500000953674316,5098,0.0,0.0
2023-05-26 15:30:00-04:00,3.1500000953674316,3.1500000953674316,3.140000104904175,3.1500000953674316,14263,0.0,0.0
2023-05-30 09:30:00-04:00,3.1500000953674316,3.1500000953674316,3.119999885559082,3.119999885559082,2547,0.0,0.0
2023-05-30 10:30:00-04:00,3.130000114440918,3.1500000953674316,3.130000114440918,3.1500000953674316,890,0.0,0.0
2023-05-30 11:30:00-04:00,3.1331000328063965,3.147200107574463,3.1331000328063965,3.147200107574463,1928,0.0,0.0
2023-05-30 12:30:00-04:00,3.130000114440918,3.1500000953674316,3.130000114440918,3.1500000953674316,957,0.0,0.0
2023-05-30 13:30:00-04:00,3.131700038909912,3.131700038909912,3.131700038909912,3.131700038909912,713,0.0,0.0
2023-05-30 14:30:00-04:00,3.1375999450683594,3.140000104904175,3.1301000118255615,3.1301000118255615,3381,0.0,0.0
2023-05-30 15:30:00-04:00,3.1500000953674316,3.1500000953674316,3.130000114440918,3.130000114440918,0,0.0,0.0
2023-05-31 09:30:00-04:00,3.1500000953674316,3.1500000953674316,3.1401000022888184,3.140500068664551,3617,0.0,0.0
2023-05-31 10:30:00-04:00,3.140000104904175,3.1500000953674316,3.130000114440918,3.1500000953674316,0,0.0,0.0
2023-05-31 11:30:00-04:00,3.1600000858306885,3.163800001144409,3.1600000858306885,3.161600112915039,9877,0.0,0.0
2023-05-31 12:30:00-04:00,3.1600000858306885,3.1700000762939453,3.1500000953674316,3.1682000160217285,18607,0.0,0.0
2023-05-31 13:30:00-04:00,3.150099992752075,3.150099992752075,3.150099992752075,3.150099992752075,420,0.0,0.0
2023-05-31 14:30:00-04:00,3.15339994430542,3.15339994430542,3.1500000953674316,3.1500000953674316,826,0.0,0.0
2023-05-31 15:30:00-04:00,3.1600000858306885,3.1600000858306885,3.140000104904175,3.140000104904175,7091,0.0,0.0
2023-06-01 09:30:00-04:00,3.1500000953674316,3.190000057220459,3.1500000953674316,3.1500000953674316,26132,0.0,0.0
2023-06-01 10:30:00-04:00,3.1549999713897705,3.168800115585327,3.1500000953674316,3.1500000953674316,7747,0.0,0.0
2023-06-01 11:30:00-04:00,3.1600000858306885,3.1698999404907227,3.1500000953674316,3.1500000953674316,2787,0.0,0.0
2023-06-01 12:30:00-04:00,3.1500000953674316,3.1610000133514404,3.1500000953674316,3.1600000858306885,2815,0.0,0.0
2023-06-01 13:30:00-04:00,3.1500000953674316,3.150099992752075,3.119999885559082,3.140000104904175,15297,0.0,0.0
2023-06-01 14:30:00-04:00,3.140000104904175,3.1424999237060547,3.140000104904175,3.140000104904175,3468,0.0,0.0
2023-06-01 15:30:00-04:00,3.148099899291992,3.1500000953674316,3.140000104904175,3.140000104904175,4624,0.0,0.0
2023-06-02 09:30:00-04:00,3.1600000858306885,3.1700000762939453,3.1500000953674316,3.1500000953674316,5564,0.0,0.0
2023-06-02 10:30:00-04:00,3.1500000953674316,3.159899950027466,3.140000104904175,3.140000104904175,3461,0.0,0.0
2023-06-02 11:30:00-04:00,3.1500000953674316,3.1600000858306885,3.1424999237060547,3.159899950027466,4435,0.0,0.0
2023-06-02 12:30:00-04:00,3.1600000858306885,3.1600000858306885,3.1500000953674316,3.150399923324585,24390,0.0,0.0
2023-06-02 13:30:00-04:00,3.1519999504089355,3.1519999504089355,3.1480000019073486,3.1480000019073486,3697,0.0,0.0
2023-06-02 14:30:00-04:00,3.1414999961853027,3.151099920272827,3.1414999961853027,3.1500000953674316,8322,0.0,0.0
2023-06-02 15:30:00-04:00,3.1500000953674316,3.1700000762939453,3.147599935531616,3.1500000953674316,9997,0.0,0.0
2023-06-05 09:30:00-04:00,3.180000066757202,3.2300000190734863,3.1600000858306885,3.1700000762939453,13856,0.0,0.0
2023-06-05 10:30:00-04:00,3.1700000762939453,3.180000066757202,3.160099983215332,3.1700000762939453,5869,0.0,0.0
2023-06-05 11:30:00-04:00,3.1700000762939453,3.180000066757202,3.1700000762939453,3.1700000762939453,3048,0.0,0.0
2023-06-05 12:30:00-04:00,3.1700000762939453,3.174299955368042,3.1700000762939453,3.1700000762939453,5804,0.0,0.0
2023-06-05 13:30:00-04:00,3.1700000762939453,3.172600030899048,3.1600000858306885,3.1700000762939453,17636,0.0,0.0
2023-06-05 14:30:00-04:00,3.1700000762939453,3.174999952316284,3.1600000858306885,3.1700000762939453,4429,0.0,0.0
2023-06-05 15:30:00-04:00,3.180000066757202,3.180000066757202,3.1600000858306885,3.160099983215332,15216,0.0,0.0
2023-06-06 09:30:00-04:00,3.1700000762939453,3.1793999671936035,3.1700000762939453,3.1793999671936035,1540,0.0,0.0
2023-06-06 10:30:00-04:00,3.180000066757202,3.180000066757202,3.1500000953674316,3.1700000762939453,15076,0.0,0.0
2023-06-06 11:30:00-04:00,3.1610000133514404,3.1700000762939453,3.1600000858306885,3.160599946975708,3735,0.0,0.0
2023-06-06 12:30:00-04:00,3.1700000762939453,3.1700000762939453,3.160799980163574,3.160799980163574,607,0.0,0.0
2023-06-06 13:30:00-04:00,3.1700000762939453,3.1700000762939453,3.1600000858306885,3.1700000762939453,6792,0.0,0.0
2023-06-06 14:30:00-04:00,3.1600000858306885,3.1700000762939453,3.1600000858306885,3.1700000762939453,7278,0.0,0.0
2023-06-06 15:30:00-04:00,3.180000066757202,3.190000057220459,3.180000066757202,3.180000066757202,2503,0.0,0.0
2023-06-07 09:30:00-04:00,3.140000104904175,3.180000066757202,3.119999885559082,3.180000066757202,17186,0.0,0.0
2023-06-07 10:30:00-04:00,3.1814000606536865,3.190000057220459,3.180000066757202,3.180000066757202,7121,0.0,0.0
2023-06-07 11:30:00-04:00,3.180000066757202,3.180000066757202,3.1700000762939453,3.180000066757202,2212,0.0,0.0
2023-06-07 12:30:00-04:00,3.189199924468994,3.189199924468994,3.180000066757202,3.180000066757202,1806,0.0,0.0
2023-06-07 13:30:00-04:00,3.180000066757202,3.180000066757202,3.1700000762939453,3.174999952316284,507,0.0,0.0
2023-06-07 14:30:00-04:00,3.180000066757202,3.180000066757202,3.1700000762939453,3.1700000762939453,1105,0.0,0.0
2023-06-07 15:30:00-04:00,3.170099973678589,3.170099973678589,3.1600000858306885,3.1600000858306885,1036,0.0,0.0
2023-06-08 09:30:00-04:00,3.180000066757202,3.180000066757202,3.1700000762939453,3.180000066757202,6593,0.0,0.0
2023-06-08 10:30:00-04:00,3.180000066757202,3.180000066757202,3.170099973678589,3.180000066757202,5193,0.0,0.0
2023-06-08 11:30:00-04:00,3.180000066757202,3.190700054168701,3.1700000762939453,3.190700054168701,23609,0.0,0.0
2023-06-08 12:30:00-04:00,3.190000057220459,3.1900999546051025,3.1700000762939453,3.1751999855041504,15712,0.0,0.0
2023-06-08 13:30:00-04:00,3.1742000579833984,3.180000066757202,3.1742000579833984,3.180000066757202,33904,0.0,0.0
2023-06-08 14:30:00-04:00,3.180000066757202,3.190000057220459,3.180000066757202,3.180000066757202,1582,0.0,0.0
2023-06-08 15:30:00-04:00,3.190000057220459,3.200000047683716,3.180000066757202,3.200000047683716,5048,0.0,0.0
2023-06-09 09:30:00-04:00,3.180000066757202,3.180000066757202,3.030400037765503,3.069999933242798,28422,0.0,0.0
2023-06-09 10:30:00-04:00,3.049999952316284,3.130000114440918,3.049999952316284,3.1298999786376953,9441,0.0,0.0
2023-06-09 11:30:00-04:00,3.109999895095825,3.1500000953674316,3.109999895095825,3.1500000953674316,16756,0.0,0.0
2023-06-09 12:30:00-04:00,3.1500000953674316,3.1600000858306885,3.1500000953674316,3.1600000858306885,3731,0.0,0.0
2023-06-09 13:30:00-04:00,3.1500000953674316,3.180000066757202,3.1500000953674316,3.1700000762939453,1823,0.0,0.0
2023-06-09 14:30:00-04:00,3.1700000762939453,3.1700000762939453,3.1500000953674316,3.1500000953674316,5657,0.0,0.0
2023-06-09 15:30:00-04:00,3.1600000858306885,3.180000066757202,3.130000114440918,3.180000066757202,4090,0.0,0.0
2023-06-12 09:30:00-04:00,3.131200075149536,3.1500000953674316,3.130000114440918,3.130000114440918,1582,0.0,0.0
2023-06-12 10:30:00-04:00,3.130000114440918,3.1500000953674316,3.130000114440918,3.1500000953674316,232,0.0,0.0
2023-06-12 11:30:00-04:00,3.130000114440918,3.147700071334839,3.130000114440918,3.147700071334839,4277,0.0,0.0
2023-06-12 12:30:00-04:00,3.1500000953674316,3.1575000286102295,3.1500000953674316,3.1500000953674316,1022,0.0,0.0
2023-06-12 14:30:00-04:00,3.180000066757202,3.180000066757202,3.140000104904175,3.140000104904175,4242,0.0,0.0
2023-06-12 15:30:00-04:00,3.140000104904175,3.140000104904175,3.130000114440918,3.130000114440918,1332,0.0,0.0
2023-06-13 09:30:00-04:00,3.130000114440918,3.130000114440918,3.119999885559082,3.119999885559082,1753,0.0,0.0
2023-06-13 10:30:00-04:00,3.140000104904175,3.140000104904175,3.119999885559082,3.1377999782562256,1623,0.0,0.0
2023-06-13 11:30:00-04:00,3.119999885559082,3.119999885559082,3.0799999237060547,3.1034998893737793,10511,0.0,0.0
2023-06-13 12:30:00-04:00,3.119999885559082,3.130000114440918,3.119999885559082,3.130000114440918,780,0.0,0.0
2023-06-13 13:30:00-04:00,3.1282999515533447,3.1282999515533447,3.1282999515533447,3.1282999515533447,289,0.0,0.0
2023-06-13 14:30:00-04:00,3.119999885559082,3.130000114440918,3.119999885559082,3.119999885559082,2039,0.0,0.0
2023-06-13 15:30:00-04:00,3.130000114440918,3.140000104904175,3.109999895095825,3.109999895095825,4922,0.0,0.0
2023-06-14 09:30:00-04:00,3.109999895095825,3.109999895095825,3.1098999977111816,3.109999895095825,1196,0.0,0.0
2023-06-14 10:30:00-04:00,3.0971999168395996,3.109999895095825,3.0899999141693115,3.109999895095825,2347,0.0,0.0
2023-06-14 11:30:00-04:00,3.0999999046325684,3.0999999046325684,3.0899999141693115,3.0899999141693115,917,0.0,0.0
2023-06-14 12:30:00-04:00,3.059999942779541,3.059999942779541,3.059999942779541,3.059999942779541,747,0.0,0.0
2023-06-14 13:30:00-04:00,3.059999942779541,3.059999942779541,3.009999990463257,3.0418999195098877,2986,0.0,0.0
2023-06-14 14:30:00-04:00,3.0299999713897705,3.059999942779541,3.0299999713897705,3.059999942779541,3642,0.0,0.0
2023-06-14 15:30:00-04:00,3.0399999618530273,3.069999933242798,3.0299999713897705,3.0299999713897705,5559,0.0,0.0
2023-06-15 09:30:00-04:00,3.0399999618530273,3.0399999618530273,2.990000009536743,3.0199999809265137,13775,0.0,0.0
2023-06-15 10:30:00-04:00,3.009999990463257,3.0199999809265137,3.009999990463257,3.0199999809265137,3706,0.0,0.0
2023-06-15 11:30:00-04:00,3.022700071334839,3.022700071334839,3.009999990463257,3.0100998878479004,2566,0.0,0.0
2023-06-15 12:30:00-04:00,3.0299999713897705,3.0397000312805176,3.0146000385284424,3.0397000312805176,4555,0.0,0.0
2023-06-15 13:30:00-04:00,3.039900064468384,3.039900064468384,3.039900064468384,3.039900064468384,2322,0.0,0.0
2023-06-15 14:30:00-04:00,3.009999990463257,3.0199999809265137,3.009999990463257,3.0199999809265137,597,0.0,0.0
2023-06-15 15:30:00-04:00,3.0199999809265137,3.0299999713897705,3.0,3.0299999713897705,9870,0.0,0.0
2023-06-16 09:30:00-04:00,3.0299999713897705,3.0327000617980957,3.0,3.010499954223633,13752,0.0,0.0
2023-06-16 10:30:00-04:00,3.009999990463257,3.014699935913086,2.9700000286102295,2.9800000190734863,10284,0.0,0.0
2023-06-16 11:30:00-04:00,2.970099925994873,2.970099925994873,2.9563000202178955,2.9600000381469727,11050,0.0,0.0
2023-06-16 12:30:00-04:00,2.9600000381469727,2.9600000381469727,2.9398999214172363,2.940700054168701,7058,0.0,0.0
2023-06-16 13:30:00-04:00,2.9400999546051025,2.9400999546051025,2.9400999546051025,2.9400999546051025,342,0.0,0.0
2023-06-16 14:30:00-04:00,2.9428999423980713,2.950000047683716,2.9400999546051025,2.950000047683716,4545,0.0,0.0
2023-06-16 15:30:00-04:00,2.963399887084961,3.0799999237060547,2.963399887084961,3.0350000858306885,48564,0.0,0.0
2023-06-20 09:30:00-04:00,3.0199999809265137,3.0350000858306885,2.944999933242798,2.950000047683716,8677,0.0,0.0
2023-06-20 10:30:00-04:00,2.9600000381469727,2.9600000381469727,2.9600000381469727,2.9600000381469727,476,0.0,0.0
2023-06-20 12:30:00-04:00,3.0,3.0,2.9700000286102295,2.9700000286102295,1094,0.0,0.0
2023-06-20 13:30:00-04:00,3.0,3.009999990463257,2.9600000381469727,3.0,2566,0.0,0.0
2023-06-20 14:30:00-04:00,3.0,3.009999990463257,2.9600000381469727,3.009999990463257,1719,0.0,0.0
2023-06-20 15:30:00-04:00,3.0000998973846436,3.0299999713897705,2.9600000381469727,3.0299999713897705,11908,0.0,0.0
2023-06-21 09:30:00-04:00,3.0299999713897705,3.0299999713897705,2.9200000762939453,2.950000047683716,0,0.0,0.0
2023-06-21 10:30:00-04:00,2.950000047683716,2.9800000190734863,2.9200000762939453,2.930000066757202,8286,0.0,0.0
2023-06-21 11:30:00-04:00,2.940000057220459,2.940000057220459,2.930000066757202,2.930000066757202,1025,0.0,0.0
2023-06-21 12:30:00-04:00,2.9451000690460205,2.9451000690460205,2.930000066757202,2.930000066757202,2861,0.0,0.0
2023-06-21 13:30:00-04:00,2.940000057220459,2.940000057220459,2.930000066757202,2.930000066757202,1347,0.0,0.0
2023-06-21 14:30:00-04:00,2.930000066757202,2.940000057220459,2.930000066757202,2.9302000999450684,3566,0.0,0.0
2023-06-21 15:30:00-04:00,2.9200000762939453,2.930000066757202,2.9200000762939453,2.930000066757202,3166,0.0,0.0
2023-06-22 09:30:00-04:00,2.940000057220459,2.940000057220459,2.930000066757202,2.940000057220459,2492,0.0,0.0
2023-06-22 10:30:00-04:00,2.940000057220459,2.940000057220459,2.940000057220459,2.940000057220459,284,0.0,0.0
2023-06-22 12:30:00-04:00,2.940000057220459,2.940000057220459,2.940000057220459,2.940000057220459,1112,0.0,0.0
2023-06-22 13:30:00-04:00,2.940000057220459,2.940000057220459,2.9100000858306885,2.9100000858306885,3835,0.0,0.0
2023-06-22 14:30:00-04:00,2.9200000762939453,2.930000066757202,2.9200000762939453,2.9200000762939453,2993,0.0,0.0
2023-06-22 15:30:00-04:00,2.9200000762939453,2.930000066757202,2.9200000762939453,2.9200000762939453,3615,0.0,0.0
2023-06-23 10:30:00-04:00,2.9200000762939453,2.930000066757202,2.9000000953674316,2.9000000953674316,7018,0.0,0.0
2023-06-23 11:30:00-04:00,2.9000000953674316,2.9000000953674316,2.799999952316284,2.800100088119507,27007,0.0,0.0
2023-06-23 12:30:00-04:00,2.799999952316284,2.869999885559082,2.799999952316284,2.819999933242798,18109,0.0,0.0
2023-06-23 13:30:00-04:00,2.819999933242798,2.8299999237060547,2.809999942779541,2.809999942779541,7272,0.0,0.0
2023-06-23 14:30:00-04:00,2.809999942779541,2.8450000286102295,2.809999942779541,2.8299999237060547,33970,0.0,0.0
2023-06-23 15:30:00-04:00,2.8399999141693115,3.0199999809265137,2.8299999237060547,2.9600000381469727,31004,0.0,0.0
2023-06-26 09:30:00-04:00,2.890000104904175,2.890000104904175,2.880000114440918,2.880000114440918,1326,0.0,0.0
2023-06-26 10:30:00-04:00,2.889699935913086,2.889899969100952,2.889699935913086,2.889899969100952,566,0.0,0.0
2023-06-26 11:30:00-04:00,2.9049999713897705,2.9049999713897705,2.9049999713897705,2.9049999713897705,441,0.0,0.0
2023-06-26 12:30:00-04:00,2.9100000858306885,2.9100000858306885,2.9100000858306885,2.9100000858306885,478,0.0,0.0
2023-06-26 14:30:00-04:00,2.880000114440918,2.880000114440918,2.880000114440918,2.880000114440918,834,0.0,0.0
2023-06-26 15:30:00-04:00,2.881999969482422,2.9000000953674316,2.880000114440918,2.890000104904175,2657,0.0,0.0
2023-06-27 09:30:00-04:00,2.819999933242798,2.9000000953674316,2.819999933242798,2.8828999996185303,807,0.0,0.0
2023-06-27 10:30:00-04:00,2.84660005569458,2.84660005569458,2.8399999141693115,2.8399999141693115,1878,0.0,0.0
2023-06-27 11:30:00-04:00,2.869999885559082,2.869999885559082,2.8443000316619873,2.8550000190734863,738,0.0,0.0
2023-06-27 12:30:00-04:00,2.880000114440918,2.880000114440918,2.8399999141693115,2.8399999141693115,504,0.0,0.0
2023-06-27 13:30:00-04:00,2.8427999019622803,2.859999895095825,2.842400074005127,2.859999895095825,869,0.0,0.0
2023-06-27 14:30:00-04:00,2.859999895095825,2.859999895095825,2.848900079727173,2.848900079727173,3213,0.0,0.0
2023-06-27 15:30:00-04:00,2.8499999046325684,2.859999895095825,2.8499999046325684,2.859999895095825,769,0.0,0.0
2023-06-28 09:30:00-04:00,2.799999952316284,2.950000047683716,2.799999952316284,2.869999885559082,2068,0.0,0.0
2023-06-28 10:30:00-04:00,2.809999942779541,2.809999942779541,2.809999942779541,2.809999942779541,326,0.0,0.0
2023-06-28 11:30:00-04:00,2.8148000240325928,2.865000009536743,2.8148000240325928,2.865000009536743,825,0.0,0.0
2023-06-28 12:30:00-04:00,2.859999895095825,2.861999988555908,2.859999895095825,2.8610999584198,869,0.0,0.0
2023-06-28 13:30:00-04:00,2.880000114440918,2.9200000762939453,2.880000114440918,2.9200000762939453,448,0.0,0.0
2023-06-28 15:30:00-04:00,2.9200000762939453,2.9200000762939453,2.880000114440918,2.9000000953674316,5762,0.0,0.0
2023-06-29 09:30:00-04:00,2.799999952316284,2.878999948501587,2.799999952316284,2.878999948501587,4925,0.0,0.0
2023-06-29 10:30:00-04:00,2.8499999046325684,2.8499999046325684,2.8299999237060547,2.8399999141693115,964,0.0,0.0
2023-06-29 11:30:00-04:00,2.853100061416626,2.853100061416626,2.853100061416626,2.853100061416626,128,0.0,0.0
2023-06-29 12:30:00-04:00,2.8499999046325684,2.859999895095825,2.8499999046325684,2.859999895095825,858,0.0,0.0
2023-06-29 13:30:00-04:00,2.8422999382019043,2.8499999046325684,2.8422999382019043,2.8499999046325684,676,0.0,0.0
2023-06-29 14:30:00-04:00,2.859999895095825,2.869999885559082,2.8499999046325684,2.869999885559082,519,0.0,0.0
2023-06-29 15:30:00-04:00,2.859999895095825,2.859999895095825,2.8499999046325684,2.8499999046325684,917,0.0,0.0
2023-06-30 09:30:00-04:00,2.859999895095825,2.890000104904175,2.845400094985962,2.890000104904175,1483,0.0,0.0
2023-06-30 10:30:00-04:00,2.865000009536743,2.909899950027466,2.850100040435791,2.9000000953674316,12442,0.0,0.0
2023-06-30 11:30:00-04:00,2.880000114440918,2.930000066757202,2.880000114440918,2.930000066757202,950,0.0,0.0
2023-06-30 13:30:00-04:00,2.909899950027466,2.909899950027466,2.884999990463257,2.884999990463257,355,0.0,0.0
2023-06-30 14:30:00-04:00,2.8678998947143555,2.869800090789795,2.860100030899048,2.869800090789795,794,0.0,0.0
2023-07-03 09:30:00-04:00,2.819999933242798,2.8775999546051025,2.819999933242798,2.8533999919891357,0,0.0,0.0
2023-07-03 10:30:00-04:00,2.850600004196167,2.850600004196167,2.850600004196167,2.850600004196167,442,0.0,0.0
2023-07-05 09:30:00-04:00,2.799999952316284,2.8548998832702637,2.799999952316284,2.8548998832702637,2878,0.0,0.0
2023-07-05 10:30:00-04:00,2.890000104904175,2.9000000953674316,2.88070011138916,2.88070011138916,2449,0.0,0.0
2023-07-05 12:30:00-04:00,2.880000114440918,2.880000114440918,2.880000114440918,2.880000114440918,1000,0.0,0.0
2023-07-05 14:30:00-04:00,2.88100004196167,2.88100004196167,2.8499999046325684,2.8499999046325684,8348,0.0,0.0
2023-07-05 15:30:00-04:00,2.8499999046325684,2.8499999046325684,2.799999952316284,2.8299999237060547,22125,0.0,0.0
2023-07-06 09:30:00-04:00,2.8499999046325684,2.8499999046325684,2.809999942779541,2.809999942779541,5650,0.0,0.0
2023-07-06 10:30:00-04:00,2.8450000286102295,2.8450000286102295,2.8450000286102295,2.8450000286102295,1024,0.0,0.0
2023-07-06 11:30:00-04:00,2.84060001373291,2.84060001373291,2.84060001373291,2.84060001373291,247,0.0,0.0
2023-07-06 12:30:00-04:00,2.8299999237060547,2.8299999237060547,2.8299999237060547,2.8299999237060547,1000,0.0,0.0
2023-07-06 13:30:00-04:00,2.8499999046325684,2.8499999046325684,2.8299999237060547,2.8299999237060547,603,0.0,0.0
2023-07-06 14:30:00-04:00,2.869999885559082,2.869999885559082,2.8301000595092773,2.8301000595092773,806,0.0,0.0
2023-07-06 15:30:00-04:00,2.859999895095825,2.9100000858306885,2.859999895095825,2.869999885559082,0,0.0,0.0
2023-07-07 09:30:00-04:00,2.8392999172210693,2.8392999172210693,2.8301000595092773,2.8301000595092773,1206,0.0,0.0
2023-07-07 12:30:00-04:00,2.869999885559082,2.869999885559082,2.8499999046325684,2.859999895095825,2008,0.0,0.0
2023-07-07 13:30:00-04:00,2.8550000190734863,2.859999895095825,2.8499999046325684,2.859999895095825,2336,0.0,0.0
2023-07-07 14:30:00-04:00,2.880000114440918,2.880000114440918,2.860300064086914,2.860300064086914,449,0.0,0.0
2023-07-07 15:30:00-04:00,2.8784000873565674,2.880000114440918,2.869999885559082,2.880000114440918,2246,0.0,0.0
2023-07-10 09:30:00-04:00,2.859999895095825,2.869999885559082,2.859999895095825,2.869999885559082,39472,0.0,0.0
2023-07-10 10:30:00-04:00,2.869999885559082,2.869999885559082,2.859999895095825,2.859999895095825,4939,0.0,0.0
2023-07-10 11:30:00-04:00,2.869999885559082,2.869999885559082,2.859999895095825,2.859999895095825,9676,0.0,0.0
2023-07-10 12:30:00-04:00,2.859999895095825,2.859999895095825,2.8499999046325684,2.8499999046325684,2693,0.0,0.0
2023-07-10 13:30:00-04:00,2.8499999046325684,2.8499999046325684,2.819999933242798,2.8499999046325684,670,0.0,0.0
2023-07-10 14:30:00-04:00,2.840100049972534,2.8499999046325684,2.840100049972534,2.8401999473571777,576,0.0,0.0
2023-07-10 15:30:00-04:00,2.8399999141693115,2.8499999046325684,2.8299999237060547,2.8399999141693115,14680,0.0,0.0
2023-07-11 09:30:00-04:00,2.8499999046325684,2.8510000705718994,2.8499999046325684,2.8510000705718994,1872,0.0,0.0
2023-07-11 10:30:00-04:00,2.8499999046325684,2.859999895095825,2.8499999046325684,2.8598999977111816,1854,0.0,0.0
2023-07-11 11:30:00-04:00,2.8550000190734863,2.859999895095825,2.8550000190734863,2.859999895095825,1643,0.0,0.0
2023-07-11 13:30:00-04:00,2.865000009536743,2.865000009536743,2.865000009536743,2.865000009536743,248,0.0,0.0
2023-07-11 14:30:00-04:00,2.869999885559082,2.869999885559082,2.859999895095825,2.863600015640259,44970,0.0,0.0
2023-07-11 15:30:00-04:00,2.869999885559082,2.869999885559082,2.859999895095825,2.859999895095825,0,0.0,0.0
2023-07-12 09:30:00-04:00,2.8499999046325684,2.869999885559082,2.8499999046325684,2.869999885559082,24610,0.0,0.0
2023-07-12 10:30:00-04:00,2.865999937057495,2.865999937057495,2.8608999252319336,2.8608999252319336,2597,0.0,0.0
2023-07-12 11:30:00-04:00,2.865000009536743,2.869999885559082,2.859999895095825,2.859999895095825,11656,0.0,0.0
2023-07-12 12:30:00-04:00,2.8585000038146973,2.8585000038146973,2.8585000038146973,2.8585000038146973,258,0.0,0.0
2023-07-12 14:30:00-04:00,2.8499999046325684,2.869999885559082,2.8499999046325684,2.869999885559082,1017,0.0,0.0
2023-07-12 15:30:00-04:00,2.869999885559082,2.869999885559082,2.859999895095825,2.859999895095825,0,0.0,0.0
2023-07-13 09:30:00-04:00,2.859999895095825,2.869999885559082,2.859999895095825,2.869999885559082,1813,0.0,0.0
2023-07-13 10:30:00-04:00,2.869999885559082,2.869999885559082,2.869999885559082,2.869999885559082,5003,0.0,0.0
2023-07-13 11:30:00-04:00,2.830199956893921,2.830199956893921,2.830199956893921,2.830199956893921,931,0.0,0.0
2023-07-13 13:30:00-04:00,2.83270001411438,2.8499999046325684,2.8299999237060547,2.8499999046325684,1319,0.0,0.0
2023-07-13 14:30:00-04:00,2.8299999237060547,2.8499999046325684,2.819999933242798,2.8499999046325684,1609,0.0,0.0
2023-07-13 15:30:00-04:00,2.8392999172210693,2.8392999172210693,2.8392999172210693,2.8392999172210693,438,0.0,0.0
2023-07-14 09:30:00-04:00,2.809999942779541,2.8445000648498535,2.809999942779541,2.8431999683380127,5886,0.0,0.0
2023-07-14 10:30:00-04:00,2.8101000785827637,2.8101000785827637,2.8101000785827637,2.8101000785827637,2145,0.0,0.0
2023-07-14 11:30:00-04:00,2.819999933242798,2.820199966430664,2.819999933242798,2.820199966430664,1221,0.0,0.0
2023-07-14 12:30:00-04:00,2.8299999237060547,2.859999895095825,2.8299999237060547,2.8499999046325684,3139,0.0,0.0
2023-07-14 14:30:00-04:00,2.825000047683716,2.825000047683716,2.8160998821258545,2.825000047683716,1861,0.0,0.0
2023-07-14 15:30:00-04:00,2.8499999046325684,2.859999895095825,2.8299999237060547,2.8299999237060547,4342,0.0,0.0
2023-07-17 09:30:00-04:00,2.8055999279022217,2.8350000381469727,2.8055999279022217,2.8350000381469727,8662,0.0,0.0
2023-07-17 10:30:00-04:00,2.819999933242798,2.890000104904175,2.819999933242798,2.819999933242798,20428,0.0,0.0
2023-07-17 13:30:00-04:00,2.8399999141693115,2.880000114440918,2.8399999141693115,2.880000114440918,4323,0.0,0.0
2023-07-17 14:30:00-04:00,2.880000114440918,2.880000114440918,2.859499931335449,2.859499931335449,4047,0.0,0.0
2023-07-18 09:30:00-04:00,2.8499999046325684,2.899899959564209,2.8399999141693115,2.8399999141693115,0,0.0,0.0
2023-07-18 10:30:00-04:00,2.8299999237060547,2.8698999881744385,2.8299999237060547,2.8299999237060547,3075,0.0,0.0
2023-07-18 11:30:00-04:00,2.8301000595092773,2.8598999977111816,2.799999952316284,2.799999952316284,11085,0.0,0.0
2023-07-18 12:30:00-04:00,2.810699939727783,2.810699939727783,2.810699939727783,2.810699939727783,109,0.0,0.0
2023-07-18 13:30:00-04:00,2.819999933242798,2.819999933242798,2.809999942779541,2.809999942779541,4639,0.0,0.0
2023-07-18 14:30:00-04:00,2.8299999237060547,2.8299999237060547,2.8201000690460205,2.8299999237060547,987,0.0,0.0
2023-07-18 15:30:00-04:00,2.8399999141693115,2.8399999141693115,2.8399999141693115,2.8399999141693115,151,0.0,0.0
2023-07-19 09:30:00-04:00,2.8299999237060547,2.859999895095825,2.8299999237060547,2.859999895095825,397,0.0,0.0
2023-07-19 10:30:00-04:00,2.8299999237060547,2.8299999237060547,2.8299999237060547,2.8299999237060547,571,0.0,0.0
2023-07-19 12:30:00-04:00,2.840100049972534,2.8499999046325684,2.840100049972534,2.8499999046325684,853,0.0,0.0
2023-07-19 14:30:00-04:00,2.8385000228881836,2.8385000228881836,2.8385000228881836,2.8385000228881836,215,0.0,0.0
2023-07-19 15:30:00-04:00,2.8350000381469727,2.8399999141693115,2.799999952316284,2.8299999237060547,4813,0.0,0.0
2023-07-20 09:30:00-04:00,2.809999942779541,2.8299999237060547,2.809999942779541,2.819999933242798,3657,0.0,0.0
2023-07-20 10:30:00-04:00,2.8399999141693115,2.8399999141693115,2.8399999141693115,2.8399999141693115,908,0.0,0.0
2023-07-20 11:30:00-04:00,2.8499999046325684,2.859999895095825,2.8499999046325684,2.859999895095825,1290,0.0,0.0
2023-07-20 12:30:00-04:00,2.859999895095825,2.859999895095825,2.8401999473571777,2.859999895095825,1512,0.0,0.0
2023-07-20 13:30:00-04:00,2.8399999141693115,2.859999895095825,2.8399999141693115,2.859999895095825,1727,0.0,0.0
2023-07-20 14:30:00-04:00,2.859999895095825,2.859999895095825,2.8301000595092773,2.8499999046325684,1128,0.0,0.0
2023-07-20 15:30:00-04:00,2.869999885559082,2.880000114440918,2.8299999237060547,2.859999895095825,0,0.0,0.0
2023-07-21 09:30:00-04:00,2.890000104904175,2.890000104904175,2.859999895095825,2.859999895095825,878,0.0,0.0
2023-07-21 10:30:00-04:00,2.8450000286102295,2.8450000286102295,2.8450000286102295,2.8450000286102295,359,0.0,0.0
2023-07-21 11:30:00-04:00,2.8399999141693115,2.851900100708008,2.799999952316284,2.799999952316284,12081,0.0,0.0
2023-07-21 12:30:00-04:00,2.8499999046325684,2.8499999046325684,2.8499999046325684,2.8499999046325684,548,0.0,0.0
2023-07-21 13:30:00-04:00,2.848900079727173,2.848900079727173,2.848900079727173,2.848900079727173,480,0.0,0.0
2023-07-21 14:30:00-04:00,2.8399999141693115,2.8399999141693115,2.800100088119507,2.825000047683716,2502,0.0,0.0
2023-07-21 15:30:00-04:00,2.799999952316284,2.8499999046325684,2.799999952316284,2.825000047683716,2677,0.0,0.0
2023-07-24 09:30:00-04:00,2.809999942779541,2.8399999141693115,2.799999952316284,2.799999952316284,6356,0.0,0.0
2023-07-24 10:30:00-04:00,2.815000057220459,2.819999933242798,2.815000057220459,2.819999933242798,1059,0.0,0.0
2023-07-24 11:30:00-04:00,2.809999942779541,2.819999933242798,2.7950000762939453,2.7950000762939453,15646,0.0,0.0
2023-07-24 12:30:00-04:00,2.799999952316284,2.809999942779541,2.7946999073028564,2.7946999073028564,3463,0.0,0.0
2023-07-24 13:30:00-04:00,2.8399999141693115,2.8399999141693115,2.8399999141693115,2.8399999141693115,807,0.0,0.0
2023-07-24 15:30:00-04:00,2.809999942779541,2.809999942779541,2.809999942779541,2.809999942779541,500,0.0,0.0
2023-07-25 09:30:00-04:00,2.809999942779541,2.809999942779541,2.7834999561309814,2.805000066757202,1402,0.0,0.0
2023-07-25 10:30:00-04:00,2.7809998989105225,2.819999933242798,2.7753000259399414,2.7753000259399414,17680,0.0,0.0
2023-07-25 11:30:00-04:00,2.7799999713897705,2.7799999713897705,2.75,2.75,3196,0.0,0.0
2023-07-25 12:30:00-04:00,2.7799999713897705,2.799999952316284,2.7799999713897705,2.799999952316284,300,0.0,0.0
2023-07-25 13:30:00-04:00,2.819999933242798,2.8299999237060547,2.809999942779541,2.819999933242798,2645,0.0,0.0
2023-07-25 14:30:00-04:00,2.809999942779541,2.809999942779541,2.7699999809265137,2.7799999713897705,1111,0.0,0.0
2023-07-25 15:30:00-04:00,2.7699999809265137,2.7799999713897705,2.759999990463257,2.7799999713897705,4368,0.0,0.0
2023-07-26 09:30:00-04:00,2.75,2.819999933242798,2.75,2.819999933242798,0,0.0,0.0
2023-07-26 10:30:00-04:00,2.75,2.7799999713897705,2.75,2.7799999713897705,324,0.0,0.0
2023-07-26 11:30:00-04:00,2.7799999713897705,2.799999952316284,2.7699999809265137,2.7799999713897705,954,0.0,0.0
2023-07-26 12:30:00-04:00,2.799999952316284,2.799999952316284,2.7799999713897705,2.7799999713897705,397,0.0,0.0
2023-07-26 13:30:00-04:00,2.7799999713897705,2.7899999618530273,2.75,2.7799999713897705,1369,0.0,0.0
2023-07-26 15:30:00-04:00,2.7899999618530273,2.7899999618530273,2.7799999713897705,2.7850000858306885,3334,0.0,0.0
2023-07-27 09:30:00-04:00,2.7799999713897705,2.7799999713897705,2.759999990463257,2.759999990463257,0,0.0,0.0
2023-07-27 10:30:00-04:00,2.759999990463257,2.7699999809265137,2.75,2.7699999809265137,1337,0.0,0.0
2023-07-27 11:30:00-04:00,2.768699884414673,2.768699884414673,2.75,2.75,8055,0.0,0.0
2023-07-27 12:30:00-04:00,2.75,2.75,2.740000009536743,2.740000009536743,385,0.0,0.0
2023-07-27 13:30:00-04:00,2.7200000286102295,2.7300000190734863,2.700000047683716,2.700000047683716,4570,0.0,0.0
2023-07-27 14:30:00-04:00,2.690000057220459,2.75,2.674999952316284,2.7200000286102295,14125,0.0,0.0
2023-07-27 15:30:00-04:00,2.819999933242798,2.819999933242798,2.7397000789642334,2.75,7765,0.0,0.0
2023-07-28 09:30:00-04:00,2.75,2.781599998474121,2.75,2.7600998878479004,3210,0.0,0.0
2023-07-28 10:30:00-04:00,2.75,2.7699999809265137,2.75,2.75,1139,0.0,0.0
2023-07-28 11:30:00-04:00,2.759999990463257,2.768399953842163,2.759999990463257,2.768399953842163,324,0.0,0.0
2023-07-28 12:30:00-04:00,2.759999990463257,2.759999990463257,2.744999885559082,2.744999885559082,1780,0.0,0.0
2023-07-28 13:30:00-04:00,2.7304999828338623,2.7304999828338623,2.7304999828338623,2.7304999828338623,278,0.0,0.0
2023-07-28 14:30:00-04:00,2.7200000286102295,2.7300000190734863,2.7200000286102295,2.7300000190734863,1664,0.0,0.0
2023-07-28 15:30:00-04:00,2.740000009536743,2.7681000232696533,2.740000009536743,2.740000009536743,3769,0.0,0.0
2023-07-31 09:30:00-04:00,2.700000047683716,2.7149999141693115,2.700000047683716,2.700000047683716,0,0.0,0.0
2023-07-31 10:30:00-04:00,2.7186999320983887,2.7186999320983887,2.7186999320983887,2.7186999320983887,1041,0.0,0.0
2023-07-31 11:30:00-04:00,2.7200000286102295,2.7200000286102295,2.700000047683716,2.7035000324249268,711,0.0,0.0
2023-07-31 12:30:00-04:00,2.7000999450683594,2.7000999450683594,2.7000999450683594,2.7000999450683594,430,0.0,0.0
2023-07-31 13:30:00-04:00,2.7019999027252197,2.7200000286102295,2.7019999027252197,2.7100000381469727,2505,0.0,0.0
2023-07-31 14:30:00-04:00,2.7060000896453857,2.7060000896453857,2.7060000896453857,2.7060000896453857,1228,0.0,0.0
2023-07-31 15:30:00-04:00,2.7300000190734863,2.7300000190734863,2.6600000858306885,2.6600000858306885,6308,0.0,0.0
2023-08-01 09:30:00-04:00,2.6600000858306885,2.6717000007629395,2.6600000858306885,2.6600000858306885,4230,0.0,0.0
2023-08-01 10:30:00-04:00,2.6500000953674316,2.6500000953674316,2.6500000953674316,2.6500000953674316,923,0.0,0.0
2023-08-01 11:30:00-04:00,2.6600000858306885,2.6600000858306885,2.6600000858306885,2.6600000858306885,147,0.0,0.0
2023-08-01 12:30:00-04:00,2.659899950027466,2.6600000858306885,2.6596999168395996,2.6600000858306885,2373,0.0,0.0
2023-08-01 13:30:00-04:00,2.680000066757202,2.680000066757202,2.680000066757202,2.680000066757202,327,0.0,0.0
2023-08-01 14:30:00-04:00,2.6700000762939453,2.680000066757202,2.6700000762939453,2.6782000064849854,1058,0.0,0.0
2023-08-01 15:30:00-04:00,2.680000066757202,2.690000057220459,2.6700000762939453,2.6700000762939453,1544,0.0,0.0
2023-08-02 09:30:00-04:00,2.7300000190734863,2.7300000190734863,2.6500000953674316,2.690000057220459,4493,0.0,0.0
2023-08-02 10:30:00-04:00,2.690000057220459,2.690000057220459,2.690000057220459,2.690000057220459,822,0.0,0.0
2023-08-02 12:30:00-04:00,2.6649999618530273,2.6649999618530273,2.6649999618530273,2.6649999618530273,200,0.0,0.0
2023-08-02 13:30:00-04:00,2.6698999404907227,2.6700000762939453,2.6600000858306885,2.6600000858306885,4058,0.0,0.0
2023-08-02 14:30:00-04:00,2.6700000762939453,2.6700000762939453,2.6695001125335693,2.6695001125335693,878,0.0,0.0
2023-08-02 15:30:00-04:00,2.6684000492095947,2.684999942779541,2.6684000492095947,2.680000066757202,1272,0.0,0.0
2023-08-03 09:30:00-04:00,2.6700000762939453,2.673799991607666,2.6600000858306885,2.6600000858306885,0,0.0,0.0
2023-08-03 10:30:00-04:00,2.6600000858306885,2.6700000762939453,2.6600000858306885,2.6700000762939453,3186,0.0,0.0
2023-08-03 11:30:00-04:00,2.6700000762939453,2.6700000762939453,2.6700000762939453,2.6700000762939453,702,0.0,0.0
2023-08-03 12:30:00-04:00,2.6603000164031982,2.6649999618530273,2.6602001190185547,2.6603000164031982,1096,0.0,0.0
2023-08-03 14:30:00-04:00,2.660099983215332,2.6700000762939453,2.6600000858306885,2.6700000762939453,2067,0.0,0.0
2023-08-03 15:30:00-04:00,2.6600000858306885,2.6600000858306885,2.6600000858306885,2.6600000858306885,709,0.0,0.0
2023-08-04 09:30:00-04:00,2.6600000858306885,2.6600000858306885,2.6600000858306885,2.6600000858306885,327,0.0,0.0
2023-08-04 10:30:00-04:00,2.6542999744415283,2.6542999744415283,2.6500000953674316,2.6500000953674316,1887,0.0,0.0
2023-08-04 11:30:00-04:00,2.640700101852417,2.640700101852417,2.640000104904175,2.640000104904175,552,0.0,0.0
2023-08-04 12:30:00-04:00,2.640000104904175,2.640000104904175,2.609999895095825,2.609999895095825,2984,0.0,0.0
2023-08-04 13:30:00-04:00,2.609999895095825,2.690000057220459,2.609999895095825,2.6700000762939453,20283,0.0,0.0
2023-08-04 14:30:00-04:00,2.680000066757202,2.680000066757202,2.6700000762939453,2.6700000762939453,4596,0.0,0.0
2023-08-04 15:30:00-04:00,2.6700000762939453,2.6700000762939453,2.609999895095825,2.609999895095825,2159,0.0,0.0
2023-08-07 09:30:00-04:00,2.6600000858306885,2.6600000858306885,2.6110999584198,2.6110999584198,4109,0.0,0.0
2023-08-07 10:30:00-04:00,2.609999895095825,2.6115000247955322,2.609999895095825,2.6115000247955322,1079,0.0,0.0
2023-08-07 12:30:00-04:00,2.6050000190734863,2.609999895095825,2.601300001144409,2.6050000190734863,777,0.0,0.0
2023-08-07 13:30:00-04:00,2.600100040435791,2.640000104904175,2.5999999046325684,2.640000104904175,6110,0.0,0.0
2023-08-07 14:30:00-04:00,2.6500000953674316,2.6500000953674316,2.6500000953674316,2.6500000953674316,160,0.0,0.0
2023-08-07 15:30:00-04:00,2.640000104904175,2.640000104904175,2.609999895095825,2.609999895095825,1098,0.0,0.0
2023-08-08 09:30:00-04:00,2.5999999046325684,2.5999999046325684,2.5999999046325684,2.5999999046325684,0,0.0,0.0
2023-08-08 11:30:00-04:00,2.6064999103546143,2.6064999103546143,2.6064999103546143,2.6064999103546143,1165,0.0,0.0
2023-08-08 12:30:00-04:00,2.650899887084961,2.650899887084961,2.650899887084961,2.650899887084961,250,0.0,0.0
2023-08-08 13:30:00-04:00,2.609999895095825,2.619999885559082,2.5999999046325684,2.619999885559082,8040,0.0,0.0
2023-08-08 14:30:00-04:00,2.6050000190734863,2.609999895095825,2.6050000190734863,2.6054000854492188,6514,0.0,0.0
2023-08-08 15:30:00-04:00,2.5999999046325684,2.5999999046325684,2.5999999046325684,2.5999999046325684,499,0.0,0.0
2023-08-09 09:30:00-04:00,2.5999999046325684,2.5999999046325684,2.5799999237060547,2.5799999237060547,0,0.0,0.0
2023-08-09 10:30:00-04:00,2.5899999141693115,2.5899999141693115,2.5799999237060547,2.5799999237060547,1689,0.0,0.0
2023-08-09 11:30:00-04:00,2.5827999114990234,2.5827999114990234,2.5799999237060547,2.5799999237060547,411,0.0,0.0
2023-08-09 12:30:00-04:00,2.5799999237060547,2.5850000381469727,2.5799999237060547,2.5799999237060547,7863,0.0,0.0
2023-08-09 13:30:00-04:00,2.581700086593628,2.5899999141693115,2.581700086593628,2.5887999534606934,513,0.0,0.0
2023-08-09 14:30:00-04:00,2.5799999237060547,2.5850000381469727,2.5799999237060547,2.5799999237060547,2301,0.0,0.0
2023-08-09 15:30:00-04:00,2.5799999237060547,2.5850000381469727,2.5299999713897705,2.5299999713897705,5007,0.0,0.0
2023-08-10 09:30:00-04:00,2.5399999618530273,2.5399999618530273,2.4000000953674316,2.4465999603271484,16856,0.0,0.0
2023-08-10 10:30:00-04:00,2.440000057220459,2.4549999237060547,2.440000057220459,2.444999933242798,3718,0.0,0.0
2023-08-10 11:30:00-04:00,2.4489998817443848,2.4600000381469727,2.440000057220459,2.450000047683716,8101,0.0,0.0
2023-08-10 12:30:00-04:00,2.4700000286102295,2.48799991607666,2.440000057220459,2.4440999031066895,24109,0.0,0.0
2023-08-10 13:30:00-04:00,2.467099905014038,2.467099905014038,2.430000066757202,2.430000066757202,18837,0.0,0.0
2023-08-10 14:30:00-04:00,2.430000066757202,2.440000057220459,2.4100000858306885,2.4335999488830566,6146,0.0,0.0
2023-08-10 15:30:00-04:00,2.450000047683716,2.450000047683716,2.4275999069213867,2.450000047683716,2109,0.0,0.0
2023-08-11 09:30:00-04:00,2.4100000858306885,2.487299919128418,2.4100000858306885,2.477400064468384,0,0.0,0.0
2023-08-11 10:30:00-04:00,2.4509999752044678,2.4509999752044678,2.440000057220459,2.447999954223633,990,0.0,0.0
2023-08-11 11:30:00-04:00,2.440000057220459,2.450000047683716,2.440000057220459,2.4488000869750977,5483,0.0,0.0
2023-08-11 12:30:00-04:00,2.444999933242798,2.488300085067749,2.444999933242798,2.4872000217437744,5400,0.0,0.0
2023-08-11 13:30:00-04:00,2.490000009536743,2.490000009536743,2.4700000286102295,2.4700000286102295,839,0.0,0.0
2023-08-11 14:30:00-04:00,2.490000009536743,2.490000009536743,2.464900016784668,2.48799991607666,802,0.0,0.0
2023-08-11 15:30:00-04:00,2.487299919128418,2.487299919128418,2.450000047683716,2.450000047683716,927,0.0,0.0
2023-08-14 09:30:00-04:00,2.450000047683716,2.450000047683716,2.4321999549865723,2.440000057220459,3404,0.0,0.0
2023-08-14 10:30:00-04:00,2.440000057220459,2.440000057220459,2.4314000606536865,2.440000057220459,559,0.0,0.0
2023-08-14 11:30:00-04:00,2.440000057220459,2.440000057220459,2.430000066757202,2.430000066757202,2527,0.0,0.0
2023-08-14 13:30:00-04:00,2.430000066757202,2.430000066757202,2.430000066757202,2.430000066757202,850,0.0,0.0
2023-08-14 14:30:00-04:00,2.430000066757202,2.440000057220459,2.420099973678589,2.440000057220459,1215,0.0,0.0
2023-08-15 09:30:00-04:00,2.4200000762939453,2.4200000762939453,2.4100000858306885,2.410099983215332,3237,0.0,0.0
2023-08-15 10:30:00-04:00,2.420099973678589,2.430000066757202,2.4200000762939453,2.4200000762939453,4405,0.0,0.0
2023-08-15 11:30:00-04:00,2.4100000858306885,2.4114999771118164,2.4100000858306885,2.4114999771118164,3291,0.0,0.0
2023-08-15 12:30:00-04:00,2.3945999145507812,2.3945999145507812,2.3933000564575195,2.3933000564575195,1003,0.0,0.0
2023-08-15 13:30:00-04:00,2.390000104904175,2.3919999599456787,2.390000104904175,2.390000104904175,2170,0.0,0.0
2023-08-15 14:30:00-04:00,2.390000104904175,2.390000104904175,2.380000114440918,2.390000104904175,1469,0.0,0.0
2023-08-15 15:30:00-04:00,2.3949999809265137,2.4000000953674316,2.390000104904175,2.390000104904175,0,0.0,0.0
2023-08-16 09:30:00-04:00,2.390000104904175,2.4100000858306885,2.390000104904175,2.4100000858306885,2172,0.0,0.0
2023-08-16 10:30:00-04:00,2.408900022506714,2.408900022506714,2.408900022506714,2.408900022506714,417,0.0,0.0
2023-08-16 11:30:00-04:00,2.4100000858306885,2.411900043487549,2.4000000953674316,2.4000000953674316,3012,0.0,0.0
2023-08-16 12:30:00-04:00,2.4049999713897705,2.4049999713897705,2.4000000953674316,2.4000000953674316,1700,0.0,0.0
2023-08-16 13:30:00-04:00,2.400099992752075,2.400099992752075,2.390000104904175,2.390000104904175,3815,0.0,0.0
2023-08-16 14:30:00-04:00,2.3801000118255615,2.390000104904175,2.3801000118255615,2.3803000450134277,841,0.0,0.0
2023-08-16 15:30:00-04:00,2.4000000953674316,2.4000000953674316,2.4000000953674316,2.4000000953674316,156,0.0,0.0
2023-08-17 09:30:00-04:00,2.390000104904175,2.390000104904175,2.3819000720977783,2.3819000720977783,0,0.0,0.0
2023-08-17 10:30:00-04:00,2.4100000858306885,2.4100000858306885,2.380000114440918,2.390000104904175,7444,0.0,0.0
2023-08-17 11:30:00-04:00,2.380000114440918,2.3850998878479004,2.380000114440918,2.3850998878479004,3239,0.0,0.0
2023-08-17 12:30:00-04:00,2.3801000118255615,2.3801000118255615,2.359999895095825,2.359999895095825,4958,0.0,0.0
2023-08-17 13:30:00-04:00,2.359999895095825,2.359999895095825,2.3510000705718994,2.359999895095825,5236,0.0,0.0
2023-08-17 14:30:00-04:00,2.359999895095825,2.365000009536743,2.359999895095825,2.359999895095825,702,0.0,0.0
2023-08-17 15:30:00-04:00,2.369999885559082,2.369999885559082,2.359999895095825,2.359999895095825,1753,0.0,0.0
2023-08-18 09:30:00-04:00,2.3499999046325684,2.390000104904175,2.3499999046325684,2.3610000610351562,0,0.0,0.0
2023-08-18 10:30:00-04:00,2.359999895095825,2.3610000610351562,2.359999895095825,2.3610000610351562,247,0.0,0.0
2023-08-18 11:30:00-04:00,2.364799976348877,2.369999885559082,2.364799976348877,2.369999885559082,274,0.0,0.0
2023-08-18 12:30:00-04:00,2.380000114440918,2.380000114440918,2.380000114440918,2.380000114440918,356,0.0,0.0
2023-08-18 14:30:00-04:00,2.359999895095825,2.359999895095825,2.3499999046325684,2.3499999046325684,2108,0.0,0.0
2023-08-18 15:30:00-04:00,2.359999895095825,2.359999895095825,2.3499999046325684,2.3499999046325684,1153,0.0,0.0
2023-08-21 09:30:00-04:00,2.359999895095825,2.4000000953674316,2.359999895095825,2.4000000953674316,6079,0.0,0.0
2023-08-21 10:30:00-04:00,2.4100000858306885,2.4100000858306885,2.4100000858306885,2.4100000858306885,264,0.0,0.0
2023-08-21 11:30:00-04:00,2.440000057220459,2.440000057220459,2.4100000858306885,2.4100000858306885,470,0.0,0.0
2023-08-21 12:30:00-04:00,2.4200000762939453,2.4200000762939453,2.4021999835968018,2.4021999835968018,837,0.0,0.0
2023-08-21 14:30:00-04:00,2.402100086212158,2.402100086212158,2.402100086212158,2.402100086212158,185,0.0,0.0
2023-08-21 15:30:00-04:00,2.4100000858306885,2.4200000762939453,2.4100000858306885,2.4200000762939453,1268,0.0,0.0
2023-08-22 09:30:00-04:00,2.4800000190734863,2.4800000190734863,2.4800000190734863,2.4800000190734863,634,0.0,0.0
2023-08-22 10:30:00-04:00,2.427500009536743,2.427500009536743,2.427500009536743,2.427500009536743,542,0.0,0.0
2023-08-22 11:30:00-04:00,2.4200000762939453,2.4200000762939453,2.4200000762939453,2.4200000762939453,6353,0.0,0.0
2023-08-22 12:30:00-04:00,2.4010000228881836,2.4010000228881836,2.359999895095825,2.360100030899048,2159,0.0,0.0
2023-08-22 14:30:00-04:00,2.369999885559082,2.4000000953674316,2.359999895095825,2.359999895095825,8610,0.0,0.0
2023-08-22 15:30:00-04:00,2.369999885559082,2.4000000953674316,2.369999885559082,2.380000114440918,1517,0.0,0.0
2023-08-23 09:30:00-04:00,2.390000104904175,2.3914999961853027,2.390000104904175,2.390000104904175,1443,0.0,0.0
2023-08-23 10:30:00-04:00,2.380000114440918,2.3801000118255615,2.380000114440918,2.3801000118255615,1013,0.0,0.0
2023-08-23 12:30:00-04:00,2.359999895095825,2.359999895095825,2.299999952316284,2.3299999237060547,5261,0.0,0.0
2023-08-23 13:30:00-04:00,2.3201000690460205,2.440000057220459,2.3201000690460205,2.440000057220459,1514,0.0,0.0
2023-08-23 14:30:00-04:00,2.430000066757202,2.430000066757202,2.380000114440918,2.380000114440918,554,0.0,0.0
2023-08-23 15:30:00-04:00,2.359999895095825,2.359999895095825,2.359999895095825,2.359999895095825,670,0.0,0.0
2023-08-24 09:30:00-04:00,2.359999895095825,2.359999895095825,2.359999895095825,2.359999895095825,412,0.0,0.0
2023-08-24 10:30:00-04:00,2.4000000953674316,2.4100000858306885,2.3949999809265137,2.4100000858306885,1854,0.0,0.0
2023-08-24 13:30:00-04:00,2.359999895095825,2.380000114440918,2.359999895095825,2.380000114440918,1118,0.0,0.0
2023-08-24 15:30:00-04:00,2.3499999046325684,2.3499999046325684,2.3499999046325684,2.3499999046325684,303,0.0,0.0
2023-08-25 09:30:00-04:00,2.3399999141693115,2.4000000953674316,2.3399999141693115,2.351300001144409,3516,0.0,0.0
2023-08-25 10:30:00-04:00,2.380000114440918,2.380000114440918,2.359999895095825,2.359999895095825,2414,0.0,0.0
2023-08-25 11:30:00-04:00,2.380000114440918,2.380000114440918,2.359999895095825,2.359999895095825,203,0.0,0.0
2023-08-25 12:30:00-04:00,2.359999895095825,2.388000011444092,2.3582000732421875,2.386399984359741,2942,0.0,0.0
2023-08-25 13:30:00-04:00,2.3879001140594482,2.3879001140594482,2.3879001140594482,2.3879001140594482,311,0.0,0.0
2023-08-25 14:30:00-04:00,2.363800048828125,2.380000114440918,2.3499999046325684,2.368000030517578,2901,0.0,0.0
2023-08-25 15:30:00-04:00,2.359999895095825,2.4000000953674316,2.359999895095825,2.396399974822998,5824,0.0,0.0
2023-08-28 09:30:00-04:00,2.380000114440918,2.400099992752075,2.380000114440918,2.4000000953674316,12031,0.0,0.0
2023-08-28 10:30:00-04:00,2.4100000858306885,2.4100000858306885,2.4100000858306885,2.4100000858306885,748,0.0,0.0
2023-08-28 14:30:00-04:00,2.400099992752075,2.4600000381469727,2.400099992752075,2.430000066757202,1126,0.0,0.0
2023-08-28 15:30:00-04:00,2.4700000286102295,2.4700000286102295,2.430000066757202,2.440000057220459,2574,0.0,0.0
2023-08-29 09:30:00-04:00,2.4600000381469727,2.4600000381469727,2.4000000953674316,2.4598000049591064,0,0.0,0.0
2023-08-29 10:30:00-04:00,2.430000066757202,2.4700000286102295,2.430000066757202,2.4700000286102295,4144,0.0,0.0
2023-08-29 12:30:00-04:00,2.4549999237060547,2.4600000381469727,2.4549999237060547,2.4600000381469727,911,0.0,0.0
2023-08-29 13:30:00-04:00,2.4800000190734863,2.4800000190734863,2.430000066757202,2.430000066757202,4520,0.0,0.0
2023-08-29 14:30:00-04:00,2.430000066757202,2.450000047683716,2.430000066757202,2.450000047683716,901,0.0,0.0
2023-08-29 15:30:00-04:00,2.4600000381469727,2.4600000381469727,2.4600000381469727,2.4600000381469727,0,0.0,0.0
2023-08-30 09:30:00-04:00,2.5199999809265137,2.5199999809265137,2.4200000762939453,2.4200000762939453,10015,0.0,0.0
2023-08-30 10:30:00-04:00,2.450000047683716,2.4600000381469727,2.450000047683716,2.450000047683716,721,0.0,0.0
2023-08-30 12:30:00-04:00,2.4583001136779785,2.469599962234497,2.440000057220459,2.450000047683716,11223,0.0,0.0
2023-08-30 13:30:00-04:00,2.4700000286102295,2.4700000286102295,2.4700000286102295,2.4700000286102295,150,0.0,0.0
2023-08-30 14:30:00-04:00,2.4700000286102295,2.4700000286102295,2.450000047683716,2.450000047683716,464,0.0,0.0
2023-08-30 15:30:00-04:00,2.450000047683716,2.450000047683716,2.440000057220459,2.440000057220459,601,0.0,0.0
2023-08-31 09:30:00-04:00,2.4609999656677246,2.4999001026153564,2.450000047683716,2.450000047683716,6559,0.0,0.0
2023-08-31 10:30:00-04:00,2.4509999752044678,2.4649999141693115,2.450000047683716,2.4649999141693115,965,0.0,0.0
2023-08-31 11:30:00-04:00,2.4600000381469727,2.4649999141693115,2.4509999752044678,2.4509999752044678,1292,0.0,0.0
2023-08-31 13:30:00-04:00,2.4800000190734863,2.4800000190734863,2.4800000190734863,2.4800000190734863,152,0.0,0.0
2023-08-31 14:30:00-04:00,2.47760009765625,2.490000009536743,2.4600000381469727,2.490000009536743,2369,0.0,0.0
2023-08-31 15:30:00-04:00,2.4609999656677246,2.490000009536743,2.4600000381469727,2.4800000190734863,7369,0.0,0.0
2023-09-01 09:30:00-04:00,2.440000057220459,2.440000057220459,2.440000057220459,2.440000057220459,273,0.0,0.0
2023-09-01 10:30:00-04:00,2.476900100708008,2.599900007247925,2.4700000286102295,2.4700000286102295,2124,0.0,0.0
2023-09-01 11:30:00-04:00,2.490000009536743,2.490000009536743,2.4600000381469727,2.4600000381469727,1288,0.0,0.0
2023-09-01 12:30:00-04:00,2.4655001163482666,2.4702000617980957,2.4655001163482666,2.4702000617980957,665,0.0,0.0
2023-09-01 13:30:00-04:00,2.490000009536743,2.490000009536743,2.4800000190734863,2.4800000190734863,1394,0.0,0.0
2023-09-01 14:30:00-04:00,2.490000009536743,2.490000009536743,2.490000009536743,2.490000009536743,1843,0.0,0.0
2023-09-01 15:30:00-04:00,2.4800000190734863,2.4823999404907227,2.4800000190734863,2.4800000190734863,419,0.0,0.0
2023-09-05 09:30:00-04:00,2.440000057220459,2.4821999073028564,2.440000057220459,2.4821999073028564,3444,0.0,0.0
2023-09-05 10:30:00-04:00,2.490000009536743,2.490000009536743,2.490000009536743,2.490000009536743,480,0.0,0.0
2023-09-05 11:30:00-04:00,2.4749999046325684,2.4749999046325684,2.4600000381469727,2.4623000621795654,681,0.0,0.0
2023-09-05 12:30:00-04:00,2.4600000381469727,2.4700000286102295,2.4600000381469727,2.4600000381469727,1104,0.0,0.0
2023-09-05 13:30:00-04:00,2.4700000286102295,2.4700000286102295,2.4100000858306885,2.4200000762939453,6953,0.0,0.0
2023-09-05 14:30:00-04:00,2.4200000762939453,2.4200000762939453,2.4200000762939453,2.4200000762939453,1352,0.0,0.0
2023-09-05 15:30:00-04:00,2.4100000858306885,2.4100000858306885,2.4100000858306885,2.4100000858306885,1253,0.0,0.0
2023-09-06 09:30:00-04:00,2.380000114440918,2.4600000381469727,2.380000114440918,2.4523000717163086,5533,0.0,0.0
2023-09-06 10:30:00-04:00,2.4000000953674316,2.4000000953674316,2.4000000953674316,2.4000000953674316,458,0.0,0.0
2023-09-06 11:30:00-04:00,2.398699998855591,2.398699998855591,2.369999885559082,2.369999885559082,1744,0.0,0.0
2023-09-06 12:30:00-04:00,2.369999885559082,2.370699882507324,2.369999885559082,2.369999885559082,1604,0.0,0.0
2023-09-06 13:30:00-04:00,2.369999885559082,2.369999885559082,2.369999885559082,2.369999885559082,378,0.0,0.0
2023-09-06 14:30:00-04:00,2.369999885559082,2.375,2.369999885559082,2.375,483,0.0,0.0
2023-09-06 15:30:00-04:00,2.380000114440918,2.384999990463257,2.380000114440918,2.384999990463257,2663,0.0,0.0
2023-09-07 09:30:00-04:00,2.3499999046325684,2.4000000953674316,2.3499999046325684,2.3975000381469727,0,0.0,0.0
2023-09-07 10:30:00-04:00,2.390000104904175,2.4000000953674316,2.390000104904175,2.4000000953674316,2936,0.0,0.0
2023-09-07 11:30:00-04:00,2.390000104904175,2.390000104904175,2.369999885559082,2.369999885559082,3563,0.0,0.0
2023-09-07 12:30:00-04:00,2.369999885559082,2.3701000213623047,2.319999933242798,2.3399999141693115,9843,0.0,0.0
2023-09-07 13:30:00-04:00,2.3399999141693115,2.359999895095825,2.3399999141693115,2.359999895095825,969,0.0,0.0
2023-09-07 14:30:00-04:00,2.3550000190734863,2.3550000190734863,2.3499999046325684,2.3499999046325684,527,0.0,0.0
2023-09-07 15:30:00-04:00,2.3450000286102295,2.375,2.3399999141693115,2.3399999141693115,2605,0.0,0.0
2023-09-08 09:30:00-04:00,2.369999885559082,2.4200000762939453,2.369999885559082,2.4149999618530273,0,0.0,0.0
2023-09-08 11:30:00-04:00,2.4100000858306885,2.4200000762939453,2.4100000858306885,2.4200000762939453,484,0.0,0.0
2023-09-08 12:30:00-04:00,2.4200000762939453,2.4200000762939453,2.4100000858306885,2.4100000858306885,701,0.0,0.0
2023-09-08 13:30:00-04:00,2.4000000953674316,2.430000066757202,2.4000000953674316,2.430000066757202,5630,0.0,0.0
2023-09-08 14:30:00-04:00,2.4200000762939453,2.4644999504089355,2.4200000762939453,2.4549999237060547,5311,0.0,0.0
2023-09-08 15:30:00-04:00,2.450000047683716,2.494999885559082,2.450000047683716,2.4600000381469727,6169,0.0,0.0
2023-09-11 09:30:00-04:00,2.4700000286102295,2.490000009536743,2.450000047683716,2.490000009536743,0,0.0,0.0
2023-09-11 10:30:00-04:00,2.4546000957489014,2.4546000957489014,2.450000047683716,2.450000047683716,692,0.0,0.0
2023-09-11 12:30:00-04:00,2.450000047683716,2.450000047683716,2.450000047683716,2.450000047683716,639,0.0,0.0
2023-09-11 13:30:00-04:00,2.450000047683716,2.4700000286102295,2.450000047683716,2.4600000381469727,1105,0.0,0.0
2023-09-11 15:30:00-04:00,2.4600000381469727,2.4800000190734863,2.4600000381469727,2.4649999141693115,5879,0.0,0.0
2023-09-12 09:30:00-04:00,2.450000047683716,2.5,2.450000047683716,2.450000047683716,0,0.0,0.0
2023-09-12 10:30:00-04:00,2.489799976348877,2.489799976348877,2.450000047683716,2.450000047683716,2468,0.0,0.0
2023-09-12 12:30:00-04:00,2.4200000762939453,2.430000066757202,2.4200000762939453,2.4200000762939453,1393,0.0,0.0
2023-09-12 13:30:00-04:00,2.4000000953674316,2.4000000953674316,2.4000000953674316,2.4000000953674316,201,0.0,0.0
2023-09-12 14:30:00-04:00,2.4200000762939453,2.450000047683716,2.4200000762939453,2.450000047683716,823,0.0,0.0
2023-09-12 15:30:00-04:00,2.430000066757202,2.450000047683716,2.430000066757202,2.450000047683716,1141,0.0,0.0
2023-09-13 09:30:00-04:00,2.369999885559082,2.494999885559082,2.369999885559082,2.494999885559082,0,0.0,0.0
2023-09-13 10:30:00-04:00,2.5,2.5,2.5,2.5,186,0.0,0.0
2023-09-13 11:30:00-04:00,2.5,2.5,2.4600000381469727,2.4600000381469727,775,0.0,0.0
2023-09-13 12:30:00-04:00,2.450000047683716,2.450000047683716,2.450000047683716,2.450000047683716,425,0.0,0.0
2023-09-13 13:30:00-04:00,2.4100000858306885,2.4100000858306885,2.4000000953674316,2.4000000953674316,496,0.0,0.0
2023-09-13 14:30:00-04:00,2.4100000858306885,2.453399896621704,2.4100000858306885,2.430000066757202,3469,0.0,0.0
2023-09-13 15:30:00-04:00,2.440000057220459,2.490000009536743,2.440000057220459,2.4600000381469727,2025,0.0,0.0
2023-09-14 09:30:00-04:00,2.4600000381469727,2.509999990463257,2.4600000381469727,2.5,0,0.0,0.0
2023-09-14 10:30:00-04:00,2.4863998889923096,2.4863998889923096,2.4863998889923096,2.4863998889923096,136,0.0,0.0
2023-09-14 11:30:00-04:00,2.5,2.529900074005127,2.490000009536743,2.515000104904175,6841,0.0,0.0
2023-09-14 12:30:00-04:00,2.5299999713897705,2.549999952316284,2.515000104904175,2.549999952316284,4515,0.0,0.0
2023-09-14 13:30:00-04:00,2.5299999713897705,2.549999952316284,2.5299999713897705,2.549999952316284,563,0.0,0.0
2023-09-14 14:30:00-04:00,2.549999952316284,2.549999952316284,2.549999952316284,2.549999952316284,187,0.0,0.0
2023-09-14 15:30:00-04:00,2.549999952316284,2.628999948501587,2.5399999618530273,2.5799999237060547,18756,0.0,0.0
2023-09-15 09:30:00-04:00,2.609999895095825,2.609999895095825,2.5399999618530273,2.5399999618530273,0,0.0,0.0
2023-09-15 10:30:00-04:00,2.509999990463257,2.509999990463257,2.4600000381469727,2.493000030517578,4590,0.0,0.0
2023-09-15 11:30:00-04:00,2.5,2.5,2.490000009536743,2.490000009536743,795,0.0,0.0
2023-09-15 12:30:00-04:00,2.4800000190734863,2.484999895095825,2.4800000190734863,2.484999895095825,810,0.0,0.0
2023-09-15 13:30:00-04:00,2.490000009536743,2.490000009536743,2.490000009536743,2.490000009536743,108,0.0,0.0
2023-09-15 14:30:00-04:00,2.484999895095825,2.4900999069213867,2.48009991645813,2.4900999069213867,2467,0.0,0.0
2023-09-15 15:30:00-04:00,2.494999885559082,2.494999885559082,2.494999885559082,2.494999885559082,403,0.0,0.0
2023-09-18 09:30:00-04:00,2.3499999046325684,2.5,2.3499999046325684,2.450000047683716,0,0.0,0.0
2023-09-18 10:30:00-04:00,2.5,2.5,2.5,2.5,403,0.0,0.0
2023-09-18 11:30:00-04:00,2.4649999141693115,2.4800000190734863,2.450000047683716,2.4800000190734863,835,0.0,0.0
2023-09-18 12:30:00-04:00,2.4549999237060547,2.4591000080108643,2.450000047683716,2.4549999237060547,2693,0.0,0.0
2023-09-18 13:30:00-04:00,2.4600000381469727,2.4600000381469727,2.4600000381469727,2.4600000381469727,226,0.0,0.0
2023-09-18 14:30:00-04:00,2.450000047683716,2.450000047683716,2.4100000858306885,2.4100000858306885,11124,0.0,0.0
2023-09-18 15:30:00-04:00,2.4374001026153564,2.5399999618530273,2.424999952316284,2.430000066757202,12935,0.0,0.0
2023-09-19 09:30:00-04:00,2.450000047683716,2.5999999046325684,2.4200000762939453,2.450000047683716,15542,0.0,0.0
2023-09-19 10:30:00-04:00,2.450000047683716,2.4800000190734863,2.450000047683716,2.4800000190734863,699,0.0,0.0
2023-09-19 11:30:00-04:00,2.43179988861084,2.4700000286102295,2.43179988861084,2.4700000286102295,1112,0.0,0.0
2023-09-19 12:30:00-04:00,2.430000066757202,2.430000066757202,2.430000066757202,2.430000066757202,117,0.0,0.0
2023-09-19 13:30:00-04:00,2.4247000217437744,2.490000009536743,2.4247000217437744,2.490000009536743,562,0.0,0.0
2023-09-19 14:30:00-04:00,2.450000047683716,2.450000047683716,2.4100000858306885,2.4200000762939453,6828,0.0,0.0
2023-09-19 15:30:00-04:00,2.440000057220459,2.5399999618530273,2.4100000858306885,2.490000009536743,12497,0.0,0.0
2023-09-20 09:30:00-04:00,2.4600000381469727,2.468600034713745,2.3499999046325684,2.3499999046325684,0,0.0,0.0
2023-09-20 10:30:00-04:00,2.4000000953674316,2.4000000953674316,2.380000114440918,2.380000114440918,692,0.0,0.0
2023-09-20 11:30:00-04:00,2.380000114440918,2.396899938583374,2.370300054550171,2.370300054550171,1748,0.0,0.0
2023-09-20 12:30:00-04:00,2.369999885559082,2.380000114440918,2.325000047683716,2.3299999237060547,19313,0.0,0.0
2023-09-20 13:30:00-04:00,2.3399999141693115,2.3838999271392822,2.3399999141693115,2.359999895095825,1140,0.0,0.0
2023-09-20 14:30:00-04:00,2.365000009536743,2.3896000385284424,2.365000009536743,2.3896000385284424,631,0.0,0.0
2023-09-20 15:30:00-04:00,2.340100049972534,2.359999895095825,2.3399999141693115,2.3399999141693115,1693,0.0,0.0
2023-09-21 09:30:00-04:00,2.3399999141693115,2.380000114440918,2.3399999141693115,2.359999895095825,4269,0.0,0.0
2023-09-21 10:30:00-04:00,2.3499999046325684,2.3499999046325684,2.3399999141693115,2.3399999141693115,1880,0.0,0.0
2023-09-21 11:30:00-04:00,2.3201000690460205,2.3201000690460205,2.319999933242798,2.319999933242798,871,0.0,0.0
2023-09-21 14:30:00-04:00,2.319999933242798,2.319999933242798,2.309999942779541,2.309999942779541,2343,0.0,0.0
2023-09-21 15:30:00-04:00,2.299999952316284,2.309999942779541,2.299999952316284,2.299999952316284,4101,0.0,0.0
2023-09-22 09:30:00-04:00,2.319999933242798,2.3529999256134033,2.319999933242798,2.3299999237060547,3135,0.0,0.0
2023-09-22 10:30:00-04:00,2.3299999237060547,2.3299999237060547,2.2899999618530273,2.299999952316284,4313,0.0,0.0
2023-09-22 11:30:00-04:00,2.299999952316284,2.390000104904175,2.299999952316284,2.390000104904175,2621,0.0,0.0
2023-09-22 13:30:00-04:00,2.299999952316284,2.3104000091552734,2.299999952316284,2.3104000091552734,2488,0.0,0.0
2023-09-22 14:30:00-04:00,2.309999942779541,2.309999942779541,2.305000066757202,2.305000066757202,334,0.0,0.0
2023-09-22 15:30:00-04:00,2.309999942779541,2.3499999046325684,2.309999942779541,2.3499999046325684,4441,0.0,0.0
2023-09-25 09:30:00-04:00,2.2799999713897705,2.2799999713897705,2.259999990463257,2.259999990463257,2389,0.0,0.0
2023-09-25 10:30:00-04:00,2.2639999389648438,2.265399932861328,2.2639999389648438,2.265399932861328,471,0.0,0.0
2023-09-25 11:30:00-04:00,2.2699999809265137,2.2699999809265137,2.25,2.25,1519,0.0,0.0
2023-09-25 12:30:00-04:00,2.25,2.250499963760376,2.180000066757202,2.180000066757202,14570,0.0,0.0
2023-09-25 13:30:00-04:00,2.2200000286102295,2.2200000286102295,2.1800999641418457,2.1800999641418457,712,0.0,0.0
2023-09-25 14:30:00-04:00,2.200000047683716,2.200000047683716,2.200000047683716,2.200000047683716,1441,0.0,0.0
2023-09-25 15:30:00-04:00,2.180000066757202,2.190000057220459,2.180000066757202,2.180000066757202,766,0.0,0.0
2023-09-26 09:30:00-04:00,2.190000057220459,2.200000047683716,2.1874001026153564,2.1874001026153564,570,0.0,0.0
2023-09-26 10:30:00-04:00,2.1600000858306885,2.1600000858306885,2.0999999046325684,2.0999999046325684,12153,0.0,0.0
2023-09-26 11:30:00-04:00,2.0999999046325684,2.0999999046325684,2.0799999237060547,2.0999999046325684,6537,0.0,0.0
2023-09-26 12:30:00-04:00,2.0899999141693115,2.240000009536743,2.0899999141693115,2.240000009536743,4282,0.0,0.0
2023-09-26 13:30:00-04:00,2.190000057220459,2.190000057220459,2.190000057220459,2.190000057220459,123,0.0,0.0
2023-09-26 15:30:00-04:00,2.170099973678589,2.180000066757202,2.1700000762939453,2.1700000762939453,857,0.0,0.0
2023-09-27 09:30:00-04:00,2.1700000762939453,2.202699899673462,2.1700000762939453,2.1700000762939453,0,0.0,0.0
2023-09-27 10:30:00-04:00,2.130000114440918,2.1301000118255615,2.130000114440918,2.1301000118255615,487,0.0,0.0
2023-09-27 11:30:00-04:00,2.2100000381469727,2.2100000381469727,2.2100000381469727,2.2100000381469727,247,0.0,0.0
2023-09-27 12:30:00-04:00,2.180000066757202,2.180000066757202,2.140000104904175,2.164599895477295,3724,0.0,0.0
2023-09-27 13:30:00-04:00,2.1500000953674316,2.1700000762939453,2.119999885559082,2.1700000762939453,6288,0.0,0.0
2023-09-27 14:30:00-04:00,2.1700000762939453,2.1700000762939453,2.0899999141693115,2.0999999046325684,5837,0.0,0.0
2023-09-27 15:30:00-04:00,2.119999885559082,2.130000114440918,2.0899999141693115,2.0999999046325684,3791,0.0,0.0
2023-09-28 09:30:00-04:00,2.0999999046325684,2.1500000953674316,2.0999999046325684,2.1059000492095947,15462,0.0,0.0
2023-09-28 10:30:00-04:00,2.0999999046325684,2.1480000019073486,2.0999999046325684,2.119999885559082,6584,0.0,0.0
2023-09-28 11:30:00-04:00,2.119999885559082,2.1600000858306885,2.106600046157837,2.106600046157837,6840,0.0,0.0
2023-09-28 12:30:00-04:00,2.1449999809265137,2.1449999809265137,2.134999990463257,2.134999990463257,1071,0.0,0.0
2023-09-28 14:30:00-04:00,2.140000104904175,2.140000104904175,2.134999990463257,2.134999990463257,938,0.0,0.0
2023-09-28 15:30:00-04:00,2.156399965286255,2.1572000980377197,2.119999885559082,2.119999885559082,702,0.0,0.0
2023-09-29 09:30:00-04:00,2.140000104904175,2.1700000762939453,2.140000104904175,2.1500000953674316,1578,0.0,0.0
2023-09-29 12:30:00-04:00,2.1500000953674316,2.150099992752075,2.1500000953674316,2.1500000953674316,5840,0.0,0.0
2023-09-29 13:30:00-04:00,2.119999885559082,2.119999885559082,2.119999885559082,2.119999885559082,585,0.0,0.0
2023-09-29 15:30:00-04:00,2.119999885559082,2.119999885559082,2.0999999046325684,2.0999999046325684,1154,0.0,0.0
2023-10-02 09:30:00-04:00,2.0999999046325684,2.1600000858306885,2.0799999237060547,2.0999999046325684,5013,0.0,0.0
2023-10-02 10:30:00-04:00,2.130000114440918,2.130000114440918,2.072000026702881,2.130000114440918,8001,0.0,0.0
2023-10-02 11:30:00-04:00,2.115000009536743,2.115000009536743,2.0999999046325684,2.0999999046325684,1990,0.0,0.0
2023-10-02 12:30:00-04:00,2.0799999237060547,2.0799999237060547,2.0799999237060547,2.0799999237060547,878,0.0,0.0
2023-10-02 13:30:00-04:00,2.0850000381469727,2.0899999141693115,2.0799999237060547,2.0899999141693115,1113,0.0,0.0
2023-10-02 14:30:00-04:00,2.119999885559082,2.1500000953674316,2.119999885559082,2.1500000953674316,4386,0.0,0.0
2023-10-02 15:30:00-04:00,2.259999990463257,2.259999990463257,2.2300000190734863,2.2300000190734863,1400,0.0,0.0
2023-10-03 09:30:00-04:00,2.2200000286102295,2.25,2.2200000286102295,2.2300000190734863,2791,0.0,0.0
2023-10-03 10:30:00-04:00,2.2356998920440674,2.2399001121520996,2.200000047683716,2.200000047683716,3661,0.0,0.0
2023-10-03 11:30:00-04:00,2.150399923324585,2.150399923324585,2.1500000953674316,2.1500000953674316,797,0.0,0.0
2023-10-03 13:30:00-04:00,2.1500000953674316,2.150099992752075,2.1500000953674316,2.1500000953674316,3537,0.0,0.0
2023-10-03 14:30:00-04:00,2.0999999046325684,2.115000009536743,2.0950000286102295,2.0999999046325684,4333,0.0,0.0
2023-10-03 15:30:00-04:00,2.109999895095825,2.109999895095825,2.069999933242798,2.069999933242798,1737,0.0,0.0
2023-10-04 09:30:00-04:00,2.0399999618530273,2.098400115966797,2.0399999618530273,2.0799999237060547,3226,0.0,0.0
2023-10-04 12:30:00-04:00,2.0820000171661377,2.0820000171661377,2.0820000171661377,2.0820000171661377,730,0.0,0.0
2023-10-04 13:30:00-04:00,2.0969998836517334,2.110300064086914,2.049999952316284,2.049999952316284,6115,0.0,0.0
2023-10-04 14:30:00-04:00,2.0799999237060547,2.0799999237060547,2.059999942779541,2.059999942779541,2766,0.0,0.0
2023-10-04 15:30:00-04:00,2.069999933242798,2.0799999237060547,2.049999952316284,2.049999952316284,943,0.0,0.0
2023-10-05 09:30:00-04:00,2.0399999618530273,2.2249999046325684,2.0399999618530273,2.0999999046325684,5771,0.0,0.0
2023-10-05 10:30:00-04:00,2.0799999237060547,2.0999999046325684,2.069999933242798,2.0999999046325684,10871,0.0,0.0
2023-10-05 11:30:00-04:00,2.0999999046325684,2.0999999046325684,2.0999999046325684,2.0999999046325684,554,0.0,0.0
2023-10-05 12:30:00-04:00,2.0850000381469727,2.0999999046325684,2.0850000381469727,2.099100112915039,5220,0.0,0.0
2023-10-05 13:30:00-04:00,2.0899999141693115,2.0899999141693115,2.0899999141693115,2.0899999141693115,1663,0.0,0.0
2023-10-05 14:30:00-04:00,2.0899999141693115,2.0899999141693115,2.0199999809265137,2.0299999713897705,9944,0.0,0.0
2023-10-05 15:30:00-04:00,2.055000066757202,2.055000066757202,2.0399999618530273,2.0399999618530273,641,0.0,0.0
2023-10-06 09:30:00-04:00,2.0299999713897705,2.1250998973846436,2.0299999713897705,2.0799999237060547,8860,0.0,0.0
2023-10-06 10:30:00-04:00,2.049999952316284,2.049999952316284,2.049999952316284,2.049999952316284,113,0.0,0.0
2023-10-06 11:30:00-04:00,2.0799999237060547,2.0799999237060547,2.0761001110076904,2.0761001110076904,2005,0.0,0.0
2023-10-06 12:30:00-04:00,2.0720999240875244,2.0999999046325684,2.069999933242798,2.0999999046325684,1693,0.0,0.0
2023-10-06 13:30:00-04:00,2.1103999614715576,2.1103999614715576,2.110100030899048,2.110100030899048,4042,0.0,0.0
2023-10-06 14:30:00-04:00,2.180000066757202,2.190000057220459,2.049999952316284,2.049999952316284,7498,0.0,0.0
2023-10-06 15:30:00-04:00,2.069999933242798,2.1700000762939453,2.050100088119507,2.130000114440918,2262,0.0,0.0
2023-10-09 09:30:00-04:00,2.0899999141693115,2.0999999046325684,2.0799999237060547,2.0992000102996826,4372,0.0,0.0
2023-10-09 10:30:00-04:00,2.081199884414673,2.0887999534606934,2.0799999237060547,2.0887999534606934,505,0.0,0.0
2023-10-09 12:30:00-04:00,2.089900016784668,2.0999999046325684,2.0799999237060547,2.09060001373291,7063,0.0,0.0
2023-10-09 15:30:00-04:00,2.0950000286102295,2.0950000286102295,2.0899999141693115,2.0950000286102295,451,0.0,0.0
2023-10-10 09:30:00-04:00,2.069999933242798,2.1500000953674316,2.069999933242798,2.119999885559082,0,0.0,0.0
2023-10-10 10:30:00-04:00,2.119999885559082,2.119999885559082,2.0799999237060547,2.0850000381469727,1324,0.0,0.0
2023-10-10 12:30:00-04:00,2.0799999237060547,2.0899999141693115,2.0799999237060547,2.0850000381469727,11615,0.0,0.0
2023-10-10 14:30:00-04:00,2.0799999237060547,2.0899999141693115,2.0799999237060547,2.0899999141693115,770,0.0,0.0
2023-10-10 15:30:00-04:00,2.0994999408721924,2.0994999408721924,2.0899999141693115,2.0899999141693115,0,0.0,0.0
2023-10-11 09:30:00-04:00,2.049999952316284,2.0899999141693115,2.049999952316284,2.0899999141693115,1261,0.0,0.0
2023-10-11 11:30:00-04:00,2.091200113296509,2.091200113296509,2.0799999237060547,2.0799999237060547,2022,0.0,0.0
2023-10-11 12:30:00-04:00,2.0799999237060547,2.0801000595092773,2.069999933242798,2.069999933242798,2696,0.0,0.0
2023-10-11 13:30:00-04:00,2.0899999141693115,2.0999999046325684,2.0899999141693115,2.0950000286102295,1119,0.0,0.0
2023-10-11 14:30:00-04:00,2.0999999046325684,2.0999999046325684,2.0999999046325684,2.0999999046325684,222,0.0,0.0
2023-10-11 15:30:00-04:00,2.0999999046325684,2.0999999046325684,2.059999942779541,2.059999942779541,1083,0.0,0.0
2023-10-12 09:30:00-04:00,2.0299999713897705,2.2734999656677246,2.0299999713897705,2.130000114440918,9358,0.0,0.0
2023-10-12 10:30:00-04:00,2.140000104904175,2.1700000762939453,2.0799999237060547,2.0999999046325684,16689,0.0,0.0
2023-10-12 11:30:00-04:00,2.125,2.125,2.059999942779541,2.0618999004364014,7265,0.0,0.0
2023-10-12 12:30:00-04:00,2.0799999237060547,2.130000114440918,2.0799999237060547,2.130000114440918,4317,0.0,0.0
2023-10-12 13:30:00-04:00,2.059999942779541,2.0999999046325684,2.0299999713897705,2.0999999046325684,7105,0.0,0.0
2023-10-12 14:30:00-04:00,2.0980000495910645,2.0999999046325684,2.0980000495910645,2.0999999046325684,2206,0.0,0.0
2023-10-12 15:30:00-04:00,2.1500000953674316,2.1500000953674316,2.049999952316284,2.069999933242798,3566,0.0,0.0
2023-10-13 09:30:00-04:00,2.0799999237060547,2.0950000286102295,2.0399999618530273,2.0850000381469727,4416,0.0,0.0
2023-10-13 10:30:00-04:00,2.0899999141693115,2.180000066757202,2.0899999141693115,2.140000104904175,4306,0.0,0.0
2023-10-13 11:30:00-04:00,2.139699935913086,2.1500000953674316,2.115799903869629,2.115799903869629,3321,0.0,0.0
2023-10-13 12:30:00-04:00,2.1449999809265137,2.1714999675750732,2.1449999809265137,2.1714999675750732,1835,0.0,0.0
2023-10-13 13:30:00-04:00,2.140000104904175,2.1700000762939453,2.059999942779541,2.0799999237060547,14199,0.0,0.0
2023-10-13 14:30:00-04:00,2.119999885559082,2.119999885559082,2.0999999046325684,2.0999999046325684,1326,0.0,0.0
2023-10-13 15:30:00-04:00,2.0999999046325684,2.0999999046325684,2.0899999141693115,2.0899999141693115,329,0.0,0.0
2023-10-16 09:30:00-04:00,2.069999933242798,2.1445000171661377,2.069999933242798,2.1050000190734863,5812,0.0,0.0
2023-10-16 10:30:00-04:00,2.1019999980926514,2.1019999980926514,2.059999942779541,2.059999942779541,7795,0.0,0.0
2023-10-16 11:30:00-04:00,2.099900007247925,2.099900007247925,2.069999933242798,2.081899881362915,8410,0.0,0.0
2023-10-16 12:30:00-04:00,2.0850000381469727,2.0850000381469727,2.059999942779541,2.059999942779541,4684,0.0,0.0
2023-10-16 13:30:00-04:00,2.069999933242798,2.079900026321411,2.0399999618530273,2.055000066757202,6213,0.0,0.0
2023-10-16 14:30:00-04:00,2.049999952316284,2.065000057220459,2.049999952316284,2.059999942779541,4102,0.0,0.0
2023-10-16 15:30:00-04:00,2.059999942779541,2.065000057220459,2.059999942779541,2.065000057220459,1398,0.0,0.0
2023-10-17 09:30:00-04:00,2.049999952316284,2.0999999046325684,2.0450000762939453,2.069999933242798,1344,0.0,0.0
2023-10-17 10:30:00-04:00,2.109999895095825,2.109999895095825,2.0999999046325684,2.0999999046325684,1170,0.0,0.0
2023-10-17 11:30:00-04:00,2.0899999141693115,2.0899999141693115,2.0899999141693115,2.0899999141693115,412,0.0,0.0
2023-10-17 12:30:00-04:00,2.0399999618530273,2.130000114440918,2.0299999713897705,2.059999942779541,12253,0.0,0.0
2023-10-17 13:30:00-04:00,2.059999942779541,2.059999942779541,2.049999952316284,2.055000066757202,4498,0.0,0.0
2023-10-17 14:30:00-04:00,2.0850000381469727,2.0950000286102295,2.069999933242798,2.0950000286102295,453,0.0,0.0
2023-10-17 15:30:00-04:00,2.069999933242798,2.0799999237060547,2.0399999618530273,2.0399999618530273,1309,0.0,0.0
2023-10-18 09:30:00-04:00,2.0199999809265137,2.0999999046325684,2.0199999809265137,2.069999933242798,0,0.0,0.0
2023-10-18 10:30:00-04:00,2.069999933242798,2.0880000591278076,2.069999933242798,2.0880000591278076,408,0.0,0.0
2023-10-18 12:30:00-04:00,2.0754001140594482,2.0820999145507812,2.0754001140594482,2.077500104904175,767,0.0,0.0
2023-10-18 13:30:00-04:00,2.069999933242798,2.069999933242798,2.069999933242798,2.069999933242798,453,0.0,0.0
2023-10-18 14:30:00-04:00,2.069999933242798,2.0701000690460205,2.069999933242798,2.069999933242798,2945,0.0,0.0
2023-10-18 15:30:00-04:00,2.069999933242798,2.069999933242798,2.0299999713897705,2.0399999618530273,1586,0.0,0.0
2023-10-19 09:30:00-04:00,2.0399999618530273,2.059999942779541,2.009999990463257,2.0399999618530273,3138,0.0,0.0
2023-10-19 10:30:00-04:00,2.0399999618530273,2.059999942779541,2.0350000858306885,2.055000066757202,4416,0.0,0.0
2023-10-19 11:30:00-04:00,2.059999942779541,2.0685999393463135,2.059999942779541,2.059999942779541,1381,0.0,0.0
2023-10-19 13:30:00-04:00,2.050100088119507,2.0799999237060547,2.050100088119507,2.0799999237060547,6593,0.0,0.0
2023-10-19 14:30:00-04:00,2.075000047683716,2.075000047683716,2.075000047683716,2.075000047683716,518,0.0,0.0
2023-10-19 15:30:00-04:00,2.069999933242798,2.0799999237060547,2.069999933242798,2.0773000717163086,871,0.0,0.0
2023-10-20 09:30:00-04:00,2.049999952316284,2.049999952316284,1.9800000190734863,1.9800000190734863,3959,0.0,0.0
2023-10-20 10:30:00-04:00,1.9800000190734863,2.1856000423431396,1.940000057220459,1.9600000381469727,10172,0.0,0.0
2023-10-20 11:30:00-04:00,2.049999952316284,2.0999999046325684,2.049999952316284,2.057499885559082,1951,0.0,0.0
2023-10-20 12:30:00-04:00,2.059999942779541,2.059999942779541,2.059999942779541,2.059999942779541,1259,0.0,0.0
2023-10-20 13:30:00-04:00,2.030100107192993,2.030100107192993,2.030100107192993,2.030100107192993,283,0.0,0.0
2023-10-20 14:30:00-04:00,2.049999952316284,2.069999933242798,2.049999952316284,2.069999933242798,911,0.0,0.0
2023-10-23 09:30:00-04:00,2.049999952316284,2.049999952316284,2.0299999713897705,2.0299999713897705,572,0.0,0.0
2023-10-23 11:30:00-04:00,2.0299999713897705,2.0350000858306885,2.0299999713897705,2.030100107192993,3714,0.0,0.0
2023-10-23 12:30:00-04:00,2.02810001373291,2.02810001373291,2.02810001373291,2.02810001373291,0,0.0,0.0
2023-10-23 13:30:00-04:00,2.0199999809265137,2.0199999809265137,2.0199999809265137,2.0199999809265137,5110,0.0,0.0
2023-10-23 14:30:00-04:00,2.0250000953674316,2.0250000953674316,2.0199999809265137,2.0250000953674316,506,0.0,0.0
2023-10-23 15:30:00-04:00,2.0250000953674316,2.0250000953674316,2.0,2.009999990463257,0,0.0,0.0
2023-10-24 09:30:00-04:00,2.009999990463257,2.039299964904785,2.009999990463257,2.0350000858306885,2027,0.0,0.0
2023-10-24 10:30:00-04:00,2.0399999618530273,2.140000104904175,2.0399999618530273,2.140000104904175,7116,0.0,0.0
2023-10-24 11:30:00-04:00,2.119999885559082,2.119999885559082,2.0999999046325684,2.0999999046325684,505,0.0,0.0
2023-10-24 12:30:00-04:00,2.0999999046325684,2.1012001037597656,2.0999999046325684,2.1012001037597656,1531,0.0,0.0
2023-10-24 13:30:00-04:00,2.0966999530792236,2.0999999046325684,2.0950000286102295,2.0999999046325684,2184,0.0,0.0
2023-10-24 14:30:00-04:00,2.115000009536743,2.115000009536743,2.0999999046325684,2.0999999046325684,3398,0.0,0.0
2023-10-24 15:30:00-04:00,2.119999885559082,2.119999885559082,2.0999999046325684,2.0999999046325684,1954,0.0,0.0
2023-10-25 09:30:00-04:00,2.0799999237060547,2.130000114440918,2.0199999809265137,2.0199999809265137,0,0.0,0.0
2023-10-25 10:30:00-04:00,2.0899999141693115,2.0950000286102295,2.049999952316284,2.0950000286102295,1008,0.0,0.0
2023-10-25 11:30:00-04:00,2.049999952316284,2.0799999237060547,2.0404000282287598,2.0799999237060547,964,0.0,0.0
2023-10-25 12:30:00-04:00,2.0701000690460205,2.0899999141693115,2.0701000690460205,2.0899999141693115,2580,0.0,0.0
2023-10-25 13:30:00-04:00,2.0799999237060547,2.0999999046325684,2.0799999237060547,2.0899999141693115,5248,0.0,0.0
2023-10-25 14:30:00-04:00,2.0899999141693115,2.0899999141693115,2.0899999141693115,2.0899999141693115,115,0.0,0.0
2023-10-25 15:30:00-04:00,2.0899999141693115,2.0924999713897705,2.0899999141693115,2.0924999713897705,0,0.0,0.0
2023-10-26 09:30:00-04:00,2.059999942779541,2.059999942779541,2.0399999618530273,2.0399999618530273,1001,0.0,0.0
2023-10-26 11:30:00-04:00,2.04010009765625,2.049999952316284,2.04010009765625,2.049999952316284,447,0.0,0.0
2023-10-26 13:30:00-04:00,2.0585999488830566,2.059999942779541,2.0399999618530273,2.059999942779541,1557,0.0,0.0
2023-10-26 14:30:00-04:00,2.059999942779541,2.0799999237060547,2.049999952316284,2.059999942779541,5749,0.0,0.0
2023-10-26 15:30:00-04:00,2.0409998893737793,2.059999942779541,2.04010009765625,2.049999952316284,1398,0.0,0.0
2023-10-27 09:30:00-04:00,2.0199999809265137,2.1010000705718994,2.011199951171875,2.0799999237060547,0,0.0,0.0
2023-10-27 10:30:00-04:00,2.0799999237060547,2.0799999237060547,2.069999933242798,2.069999933242798,1017,0.0,0.0
2023-10-27 11:30:00-04:00,2.069999933242798,2.069999933242798,2.017699956893921,2.017699956893921,1836,0.0,0.0
2023-10-27 13:30:00-04:00,2.059999942779541,2.069999933242798,2.059999942779541,2.069999933242798,1569,0.0,0.0
2023-10-27 14:30:00-04:00,2.0450000762939453,2.0999999046325684,2.014899969100952,2.0799999237060547,7768,0.0,0.0
2023-10-27 15:30:00-04:00,2.0799999237060547,2.0799999237060547,2.0799999237060547,2.0799999237060547,201,0.0,0.0
2023-10-30 09:30:00-04:00,2.049999952316284,2.049999952316284,2.049999952316284,2.049999952316284,748,0.0,0.0
2023-10-30 10:30:00-04:00,2.049999952316284,2.049999952316284,2.049999952316284,2.049999952316284,411,0.0,0.0
2023-10-30 11:30:00-04:00,2.069999933242798,2.0799999237060547,2.069999933242798,2.0799999237060547,686,0.0,0.0
2023-10-30 12:30:00-04:00,2.109999895095825,2.109999895095825,2.0899999141693115,2.0899999141693115,1157,0.0,0.0
2023-10-30 13:30:00-04:00,2.119999885559082,2.119999885559082,2.119999885559082,2.119999885559082,1429,0.0,0.0
2023-10-30 14:30:00-04:00,2.119999885559082,2.119999885559082,2.0899999141693115,2.0899999141693115,2165,0.0,0.0
2023-10-30 15:30:00-04:00,2.0999999046325684,2.0999999046325684,2.0899999141693115,2.0899999141693115,828,0.0,0.0
2023-10-31 09:30:00-04:00,2.04010009765625,2.1600000858306885,2.04010009765625,2.140000104904175,11931,0.0,0.0
2023-10-31 10:30:00-04:00,2.1317999362945557,2.1317999362945557,2.1317999362945557,2.1317999362945557,678,0.0,0.0
2023-10-31 11:30:00-04:00,2.1500000953674316,2.1500000953674316,2.130000114440918,2.130000114440918,5784,0.0,0.0
2023-10-31 14:30:00-04:00,2.130000114440918,2.130000114440918,2.130000114440918,2.130000114440918,436,0.0,0.0
2023-10-31 15:30:00-04:00,2.130000114440918,2.1500000953674316,2.119999885559082,2.119999885559082,2216,0.0,0.0
2023-11-01 09:30:00-04:00,2.1600000858306885,2.194999933242798,2.0701000690460205,2.194999933242798,0,0.0,0.0
2023-11-01 10:30:00-04:00,2.1928999423980713,2.194999933242798,2.1600000858306885,2.1600000858306885,758,0.0,0.0
2023-11-01 11:30:00-04:00,2.1649999618530273,2.1675000190734863,2.1600000858306885,2.1649999618530273,1235,0.0,0.0
2023-11-01 12:30:00-04:00,2.1600000858306885,2.1600000858306885,2.1600000858306885,2.1600000858306885,655,0.0,0.0
2023-11-01 13:30:00-04:00,2.1675000190734863,2.1675000190734863,2.1675000190734863,2.1675000190734863,108,0.0,0.0
2023-11-01 14:30:00-04:00,2.1600000858306885,2.1675000190734863,2.134999990463257,2.1600000858306885,1000,0.0,0.0
2023-11-01 15:30:00-04:00,2.1600000858306885,2.1600000858306885,2.1600000858306885,2.1600000858306885,0,0.0,0.0
2023-11-02 10:30:00-04:00,2.109999895095825,2.137700080871582,2.109999895095825,2.137700080871582,493,0.0,0.0
2023-11-02 11:30:00-04:00,2.130000114440918,2.1500000953674316,2.130000114440918,2.1500000953674316,2494,0.0,0.0
2023-11-02 14:30:00-04:00,2.1596999168395996,2.202199935913086,1.9800000190734863,2.130000114440918,21139,0.0,0.0
2023-11-02 15:30:00-04:00,2.1549999713897705,2.1549999713897705,2.1549999713897705,2.1549999713897705,0,0.0,0.0
2023-11-03 09:30:00-04:00,2.119999885559082,2.2100000381469727,2.069999933242798,2.190000057220459,9898,0.0,0.0
2023-11-03 10:30:00-04:00,2.0899999141693115,2.109999895095825,2.0799999237060547,2.1050000190734863,4239,0.0,0.0
2023-11-03 11:30:00-04:00,2.125,2.140000104904175,2.125,2.140000104904175,2054,0.0,0.0
2023-11-03 12:30:00-04:00,2.1600000858306885,2.180000066757202,2.1600000858306885,2.180000066757202,2457,0.0,0.0
2023-11-03 13:30:00-04:00,2.180000066757202,2.200000047683716,2.180000066757202,2.188499927520752,6577,0.0,0.0
2023-11-03 14:30:00-04:00,2.2300000190734863,2.2300000190734863,2.2100000381469727,2.2200000286102295,2978,0.0,0.0
2023-11-03 15:30:00-04:00,2.2249999046325684,2.2300000190734863,2.2200000286102295,2.2300000190734863,2771,0.0,0.0
2023-11-06 09:30:00-05:00,2.2200000286102295,2.2200000286102295,2.2200000286102295,2.2200000286102295,0,0.0,0.0
2023-11-06 10:30:00-05:00,2.2300000190734863,2.234999895095825,2.2200000286102295,2.234999895095825,3141,0.0,0.0
2023-11-06 11:30:00-05:00,2.220099925994873,2.220099925994873,2.2200000286102295,2.2200000286102295,580,0.0,0.0
2023-11-06 13:30:00-05:00,2.2300000190734863,2.240000009536743,2.2300000190734863,2.240000009536743,364,0.0,0.0
2023-11-06 14:30:00-05:00,2.240000009536743,2.240000009536743,2.2300000190734863,2.2300000190734863,5186,0.0,0.0
2023-11-06 15:30:00-05:00,2.25,2.25,2.2300000190734863,2.25,969,0.0,0.0
2023-11-07 15:30:00-05:00,2.190000057220459,2.240000009536743,2.190000057220459,2.240000009536743,654,0.0,0.0
2023-11-08 10:30:00-05:00,2.1600000858306885,2.160099983215332,2.1600000858306885,2.160099983215332,542,0.0,0.0
2023-11-08 12:30:00-05:00,2.180000066757202,2.180000066757202,2.1700000762939453,2.1700000762939453,3051,0.0,0.0
2023-11-08 13:30:00-05:00,2.169300079345703,2.169300079345703,2.169300079345703,2.169300079345703,255,0.0,0.0
2023-11-08 14:30:00-05:00,2.1649999618530273,2.180000066757202,2.1649999618530273,2.1700000762939453,3169,0.0,0.0
2023-11-08 15:30:00-05:00,2.1649999618530273,2.1700000762939453,2.0999999046325684,2.1449999809265137,0,0.0,0.0
2023-11-09 09:30:00-05:00,2.1500000953674316,2.1500000953674316,2.130000114440918,2.130000114440918,738,0.0,0.0
2023-11-09 10:30:00-05:00,2.180000066757202,2.190000057220459,2.1449999809265137,2.190000057220459,1345,0.0,0.0
2023-11-09 11:30:00-05:00,2.100100040435791,2.134999990463257,2.100100040435791,2.134999990463257,721,0.0,0.0
2023-11-09 12:30:00-05:00,2.0999999046325684,2.1600000858306885,2.0999999046325684,2.1600000858306885,811,0.0,0.0
2023-11-09 13:30:00-05:00,2.1700000762939453,2.1700000762939453,2.1600000858306885,2.1700000762939453,4096,0.0,0.0
2023-11-09 14:30:00-05:00,2.1500000953674316,2.1600000858306885,2.1500000953674316,2.1600000858306885,0,0.0,0.0
2023-11-10 09:30:00-05:00,2.0000998973846436,2.1600000858306885,2.0000998973846436,2.1500000953674316,1325,0.0,0.0
2023-11-10 10:30:00-05:00,2.140000104904175,2.140000104904175,2.109999895095825,2.109999895095825,1202,0.0,0.0
2023-11-10 11:30:00-05:00,2.125,2.140000104904175,2.109999895095825,2.119999885559082,2065,0.0,0.0
2023-11-10 12:30:00-05:00,2.1500000953674316,2.1600000858306885,2.1500000953674316,2.1600000858306885,1529,0.0,0.0
2023-11-10 13:30:00-05:00,2.109999895095825,2.109999895095825,2.0999999046325684,2.0999999046325684,3003,0.0,0.0
2023-11-10 14:30:00-05:00,2.1600000858306885,2.1649999618530273,2.1600000858306885,2.1649999618530273,1014,0.0,0.0
2023-11-10 15:30:00-05:00,2.1700000762939453,2.1700000762939453,2.1700000762939453,2.1700000762939453,313,0.0,0.0
2023-11-13 09:30:00-05:00,2.1700000762939453,2.1700000762939453,2.1401000022888184,2.1401000022888184,872,0.0,0.0
2023-11-13 12:30:00-05:00,2.141700029373169,2.141700029373169,2.141700029373169,2.141700029373169,235,0.0,0.0
2023-11-13 15:30:00-05:00,2.1500000953674316,2.1500000953674316,2.140000104904175,2.140000104904175,416,0.0,0.0
2023-11-14 09:30:00-05:00,2.009999990463257,2.075000047683716,2.009999990463257,2.075000047683716,3269,0.0,0.0
2023-11-14 10:30:00-05:00,2.0899999141693115,2.0899999141693115,2.059999942779541,2.059999942779541,3239,0.0,0.0
2023-11-14 11:30:00-05:00,2.081399917602539,2.0850000381469727,2.081399917602539,2.0850000381469727,1815,0.0,0.0
2023-11-14 12:30:00-05:00,2.0950000286102295,2.0950000286102295,2.0950000286102295,2.0950000286102295,1779,0.0,0.0
2023-11-14 13:30:00-05:00,2.069999933242798,2.069999933242798,2.069999933242798,2.069999933242798,483,0.0,0.0
2023-11-14 14:30:00-05:00,2.069999933242798,2.069999933242798,2.059999942779541,2.059999942779541,573,0.0,0.0
2023-11-14 15:30:00-05:00,2.0999999046325684,2.0999999046325684,2.0799999237060547,2.0799999237060547,563,0.0,0.0
2023-11-15 09:30:00-05:00,2.069999933242798,2.069999933242798,2.059999942779541,2.059999942779541,1556,0.0,0.0
2023-11-15 10:30:00-05:00,2.0899999141693115,2.0899999141693115,2.0399999618530273,2.049999952316284,1899,0.0,0.0
2023-11-15 11:30:00-05:00,2.049999952316284,2.089900016784668,2.0399999618530273,2.041300058364868,7281,0.0,0.0
2023-11-15 12:30:00-05:00,2.049999952316284,2.0897998809814453,2.049999952316284,2.075000047683716,4584,0.0,0.0
2023-11-15 13:30:00-05:00,2.074899911880493,2.0899999141693115,2.069999933242798,2.069999933242798,1944,0.0,0.0
2023-11-15 14:30:00-05:00,2.069999933242798,2.075000047683716,2.049999952316284,2.049999952316284,4837,0.0,0.0
2023-11-15 15:30:00-05:00,2.039900064468384,2.049999952316284,2.030600070953369,2.0399999618530273,0,0.0,0.0
2023-11-16 09:30:00-05:00,2.009999990463257,2.0350000858306885,2.009999990463257,2.0350000858306885,956,0.0,0.0
2023-11-16 10:30:00-05:00,2.049999952316284,2.049999952316284,2.0452001094818115,2.0452001094818115,373,0.0,0.0
2023-11-16 11:30:00-05:00,2.0399999618530273,2.0399999618530273,2.0299999713897705,2.0299999713897705,3985,0.0,0.0
2023-11-16 12:30:00-05:00,2.0299999713897705,2.0299999713897705,2.0199999809265137,2.0199999809265137,3376,0.0,0.0
2023-11-16 13:30:00-05:00,2.0299999713897705,2.0299999713897705,2.015000104904175,2.015000104904175,925,0.0,0.0
2023-11-16 14:30:00-05:00,2.0299999713897705,2.0299999713897705,2.0,2.0,2577,0.0,0.0
2023-11-16 15:30:00-05:00,2.0250000953674316,2.0399999618530273,1.9984999895095825,2.0199999809265137,0,0.0,0.0
2023-11-17 09:30:00-05:00,2.0,2.055000066757202,2.0,2.049999952316284,3750,0.0,0.0
2023-11-17 10:30:00-05:00,2.049999952316284,2.049999952316284,2.0399999618530273,2.0399999618530273,2483,0.0,0.0
2023-11-17 11:30:00-05:00,2.049999952316284,2.055000066757202,2.049999952316284,2.049999952316284,1937,0.0,0.0
2023-11-17 12:30:00-05:00,2.0420000553131104,2.065000057220459,2.0420000553131104,2.049999952316284,2909,0.0,0.0
2023-11-17 13:30:00-05:00,2.049999952316284,2.059999942779541,2.049999952316284,2.059999942779541,1245,0.0,0.0
2023-11-17 14:30:00-05:00,2.059999942779541,2.069999933242798,2.049999952316284,2.059999942779541,2335,0.0,0.0
2023-11-17 15:30:00-05:00,2.0399999618530273,2.049999952316284,2.0399999618530273,2.049999952316284,236,0.0,0.0
2023-11-20 09:30:00-05:00,2.055000066757202,2.0899999141693115,1.9199999570846558,2.0481998920440674,12360,0.0,0.0
2023-11-20 10:30:00-05:00,2.055000066757202,2.259999990463257,2.055000066757202,2.115000009536743,4362,0.0,0.0
2023-11-20 11:30:00-05:00,2.1454999446868896,2.1500000953674316,2.119999885559082,2.1500000953674316,1311,0.0,0.0
2023-11-20 12:30:00-05:00,2.1881000995635986,2.200000047683716,2.155400037765503,2.200000047683716,3400,0.0,0.0
2023-11-20 13:30:00-05:00,2.200000047683716,2.2300000190734863,2.200000047683716,2.2249999046325684,2707,0.0,0.0
2023-11-20 14:30:00-05:00,2.2100000381469727,2.2109999656677246,2.200000047683716,2.200000047683716,5241,0.0,0.0
2023-11-21 09:30:00-05:00,2.200000047683716,2.2049999237060547,2.160099983215332,2.160099983215332,762,0.0,0.0
2023-11-21 10:30:00-05:00,2.2149999141693115,2.2309000492095947,2.190000057220459,2.190000057220459,1421,0.0,0.0
2023-11-21 11:30:00-05:00,2.200000047683716,2.210099935531616,2.180000066757202,2.180000066757202,2260,0.0,0.0
2023-11-21 12:30:00-05:00,2.180000066757202,2.180000066757202,2.0999999046325684,2.0999999046325684,337,0.0,0.0
2023-11-21 13:30:00-05:00,2.0761001110076904,2.0761001110076904,2.0761001110076904,2.0761001110076904,206,0.0,0.0
2023-11-21 14:30:00-05:00,2.180000066757202,2.2100000381469727,2.15939998626709,2.2100000381469727,2676,0.0,0.0
2023-11-21 15:30:00-05:00,2.2100000381469727,2.2300000190734863,2.194999933242798,2.200000047683716,2938,0.0,0.0
2023-11-22 09:30:00-05:00,2.1019999980926514,2.1019999980926514,2.0999999046325684,2.0999999046325684,246,0.0,0.0
2023-11-22 10:30:00-05:00,2.1600000858306885,2.216200113296509,2.1600000858306885,2.1600000858306885,452,0.0,0.0
2023-11-22 12:30:00-05:00,2.119999885559082,2.1600000858306885,2.119999885559082,2.1600000858306885,400,0.0,0.0
2023-11-22 13:30:00-05:00,2.119999885559082,2.119999885559082,2.119999885559082,2.119999885559082,103,0.0,0.0
2023-11-22 14:30:00-05:00,2.215399980545044,2.215399980545044,2.1600000858306885,2.2100000381469727,2927,0.0,0.0
2023-11-24 09:30:00-05:00,2.200000047683716,2.200000047683716,2.200000047683716,2.200000047683716,6306,0.0,0.0
2023-11-24 10:30:00-05:00,2.2200000286102295,2.25,2.2200000286102295,2.25,1997,0.0,0.0
2023-11-24 11:30:00-05:00,2.2699999809265137,2.2899999618530273,2.2699999809265137,2.2822000980377197,780,0.0,0.0
2023-11-27 09:30:00-05:00,2.319999933242798,2.319999933242798,2.2592999935150146,2.299999952316284,3477,0.0,0.0
2023-11-27 10:30:00-05:00,2.299999952316284,2.299999952316284,2.2300000190734863,2.24180006980896,4176,0.0,0.0
2023-11-27 11:30:00-05:00,2.259999990463257,2.259999990463257,2.259999990463257,2.259999990463257,194,0.0,0.0
2023-11-27 12:30:00-05:00,2.299999952316284,2.299999952316284,2.2799999713897705,2.2799999713897705,1082,0.0,0.0
2023-11-27 13:30:00-05:00,2.2973999977111816,2.2973999977111816,2.2973999977111816,2.2973999977111816,553,0.0,0.0
2023-11-27 15:30:00-05:00,2.325000047683716,2.325000047683716,2.325000047683716,2.325000047683716,100,0.0,0.0
2023-11-28 09:30:00-05:00,2.2799999713897705,2.2799999713897705,2.220099925994873,2.259999990463257,2525,0.0,0.0
2023-11-28 11:30:00-05:00,2.259999990463257,2.259999990463257,2.25,2.259999990463257,2127,0.0,0.0
2023-11-28 12:30:00-05:00,2.259999990463257,2.259999990463257,2.252000093460083,2.252000093460083,288,0.0,0.0
2023-11-28 13:30:00-05:00,2.259999990463257,2.299999952316284,2.259999990463257,2.2799999713897705,10706,0.0,0.0
2023-11-28 14:30:00-05:00,2.2799999713897705,2.2899999618530273,2.2799999713897705,2.2899999618530273,989,0.0,0.0
2023-11-28 15:30:00-05:00,2.2899999618530273,2.2899999618530273,2.259999990463257,2.259999990463257,0,0.0,0.0
2023-11-29 10:30:00-05:00,2.2699999809265137,2.2999000549316406,2.2699999809265137,2.2999000549316406,5222,0.0,0.0
2023-11-29 11:30:00-05:00,2.2799999713897705,2.2799999713897705,2.2699999809265137,2.2799999713897705,2094,0.0,0.0
2023-11-29 12:30:00-05:00,2.2799999713897705,2.29010009765625,2.2799999713897705,2.29010009765625,14102,0.0,0.0
2023-11-29 13:30:00-05:00,2.2950000762939453,2.2950000762939453,2.2899999618530273,2.2899999618530273,419,0.0,0.0
2023-11-29 15:30:00-05:00,2.299999952316284,2.3399999141693115,2.299999952316284,2.315000057220459,2906,0.0,0.0
2023-11-30 09:30:00-05:00,2.2899999618530273,2.309999942779541,2.2899999618530273,2.309999942779541,421,0.0,0.0
2023-11-30 10:30:00-05:00,2.3350000381469727,2.359999895095825,2.2899999618530273,2.2899999618530273,3057,0.0,0.0
2023-11-30 11:30:00-05:00,2.2699999809265137,2.280100107192993,2.2699999809265137,2.280100107192993,391,0.0,0.0
2023-11-30 12:30:00-05:00,2.2855000495910645,2.2855000495910645,2.2699999809265137,2.2701001167297363,1848,0.0,0.0
2023-11-30 15:30:00-05:00,2.259999990463257,2.259999990463257,2.259999990463257,2.259999990463257,0,0.0,0.0
2023-12-01 09:30:00-05:00,2.240000009536743,2.240000009536743,2.240000009536743,2.240000009536743,320,0.0,0.0
2023-12-01 10:30:00-05:00,2.214099884033203,2.214099884033203,2.214099884033203,2.214099884033203,520,0.0,0.0
2023-12-01 11:30:00-05:00,2.25,2.2592999935150146,2.25,2.2592999935150146,1355,0.0,0.0
2023-12-01 12:30:00-05:00,2.2799999713897705,2.2799999713897705,2.2734999656677246,2.2734999656677246,5938,0.0,0.0
2023-12-01 13:30:00-05:00,2.2899999618530273,2.2899999618530273,2.2899999618530273,2.2899999618530273,1309,0.0,0.0
2023-12-01 14:30:00-05:00,2.2899999618530273,2.2899999618530273,2.2701001167297363,2.289900064468384,2552,0.0,0.0
2023-12-04 09:30:00-05:00,2.259999990463257,2.299999952316284,2.259999990463257,2.26990008354187,0,0.0,0.0
2023-12-04 10:30:00-05:00,2.299999952316284,2.299999952316284,2.2899999618530273,2.2899999618530273,2344,0.0,0.0
2023-12-04 11:30:00-05:00,2.299999952316284,2.299999952316284,2.2899999618530273,2.299999952316284,3233,0.0,0.0
2023-12-04 12:30:00-05:00,2.299999952316284,2.299999952316284,2.290600061416626,2.290600061416626,651,0.0,0.0
2023-12-04 13:30:00-05:00,2.299999952316284,2.299999952316284,2.2799999713897705,2.2799999713897705,2500,0.0,0.0
2023-12-04 14:30:00-05:00,2.259999990463257,2.259999990463257,2.259999990463257,2.259999990463257,313,0.0,0.0
2023-12-04 15:30:00-05:00,2.259999990463257,2.259999990463257,2.210099935531616,2.259999990463257,2238,0.0,0.0
2023-12-05 10:30:00-05:00,2.299999952316284,2.299999952316284,2.299999952316284,2.299999952316284,1921,0.0,0.0
2023-12-05 11:30:00-05:00,2.299999952316284,2.299999952316284,2.299999952316284,2.299999952316284,1835,0.0,0.0
2023-12-05 12:30:00-05:00,2.299999952316284,2.300100088119507,2.2899999618530273,2.299999952316284,2401,0.0,0.0
2023-12-05 13:30:00-05:00,2.299999952316284,2.299999952316284,2.299999952316284,2.299999952316284,365,0.0,0.0
2023-12-05 14:30:00-05:00,2.299999952316284,2.299999952316284,2.2899999618530273,2.2899999618530273,2900,0.0,0.0
2023-12-06 09:30:00-05:00,2.259999990463257,2.390000104904175,2.259999990463257,2.2899999618530273,0,0.0,0.0
2023-12-06 10:30:00-05:00,2.3066000938415527,2.315000057220459,2.3066000938415527,2.315000057220459,578,0.0,0.0
2023-12-06 11:30:00-05:00,2.3399999141693115,2.3399999141693115,2.314199924468994,2.314199924468994,525,0.0,0.0
2023-12-06 12:30:00-05:00,2.339900016784668,2.339900016784668,2.299999952316284,2.299999952316284,4393,0.0,0.0
2023-12-06 13:30:00-05:00,2.299999952316284,2.299999952316284,2.2822000980377197,2.2822000980377197,493,0.0,0.0
2023-12-06 14:30:00-05:00,2.299999952316284,2.299999952316284,2.299999952316284,2.299999952316284,1683,0.0,0.0
2023-12-06 15:30:00-05:00,2.2799999713897705,2.2799999713897705,2.2799999713897705,2.2799999713897705,0,0.0,0.0
2023-12-07 09:30:00-05:00,2.200000047683716,2.299999952316284,2.200000047683716,2.280100107192993,2638,0.0,0.0
2023-12-07 11:30:00-05:00,2.299999952316284,2.299999952316284,2.2899999618530273,2.2899999618530273,1388,0.0,0.0
2023-12-07 12:30:00-05:00,2.2799999713897705,2.2799999713897705,2.259999990463257,2.2701001167297363,4134,0.0,0.0
2023-12-07 13:30:00-05:00,2.2699999809265137,2.2699999809265137,2.25,2.25,1366,0.0,0.0
2023-12-07 14:30:00-05:00,2.259999990463257,2.299999952316284,2.259999990463257,2.299999952316284,1049,0.0,0.0
2023-12-07 15:30:00-05:00,2.180000066757202,2.2799999713897705,2.160099983215332,2.25,1441,0.0,0.0
2023-12-08 09:30:00-05:00,2.2750000953674316,2.2850000858306885,2.1800999641418457,2.2850000858306885,0,0.0,0.0
2023-12-08 11:30:00-05:00,2.2200000286102295,2.2200000286102295,2.200200080871582,2.200200080871582,857,0.0,0.0
2023-12-08 12:30:00-05:00,2.200000047683716,2.2014999389648438,2.200000047683716,2.2014999389648438,438,0.0,0.0
2023-12-08 13:30:00-05:00,2.200000047683716,2.200000047683716,2.200000047683716,2.200000047683716,133,0.0,0.0
2023-12-08 15:30:00-05:00,2.259999990463257,2.2799999713897705,2.200000047683716,2.200000047683716,735,0.0,0.0
2023-12-11 09:30:00-05:00,2.3399999141693115,2.3399999141693115,2.1800999641418457,2.255000114440918,3031,0.0,0.0
2023-12-11 10:30:00-05:00,2.259999990463257,2.259999990463257,2.1816000938415527,2.200000047683716,879,0.0,0.0
2023-12-11 11:30:00-05:00,2.309999942779541,2.309999942779541,2.2100000381469727,2.2100000381469727,2006,0.0,0.0
2023-12-11 12:30:00-05:00,2.242000102996826,2.242000102996826,2.240000009536743,2.240000009536743,623,0.0,0.0
2023-12-11 14:30:00-05:00,2.25,2.25,2.25,2.25,145,0.0,0.0
2023-12-11 15:30:00-05:00,2.305000066757202,2.3299999237060547,2.305000066757202,2.3299999237060547,912,0.0,0.0
2023-12-12 09:30:00-05:00,2.25,2.300100088119507,2.25,2.289900064468384,6952,0.0,0.0
2023-12-12 11:30:00-05:00,2.2797000408172607,2.2899999618530273,2.2797000408172607,2.2899999618530273,585,0.0,0.0
2023-12-12 13:30:00-05:00,2.2999000549316406,2.2999000549316406,2.2815001010894775,2.2815001010894775,264,0.0,0.0
2023-12-12 15:30:00-05:00,2.2699999809265137,2.299999952316284,2.2200000286102295,2.2200000286102295,1010,0.0,0.0
2023-12-13 09:30:00-05:00,2.2200000286102295,2.299999952316284,2.2200000286102295,2.2950000762939453,955,0.0,0.0
2023-12-13 12:30:00-05:00,2.2699999809265137,2.2950000762939453,2.2300000190734863,2.2899999618530273,5544,0.0,0.0
2023-12-13 13:30:00-05:00,2.309999942779541,2.309999942779541,2.2899999618530273,2.299999952316284,1445,0.0,0.0
2023-12-13 14:30:00-05:00,2.299999952316284,2.299999952316284,2.265000104904175,2.265000104904175,4861,0.0,0.0
2023-12-13 15:30:00-05:00,2.299999952316284,2.299999952316284,2.240000009536743,2.299999952316284,2083,0.0,0.0
2023-12-14 09:30:00-05:00,2.200000047683716,2.200000047683716,2.200000047683716,2.200000047683716,318,0.0,0.0
2023-12-14 10:30:00-05:00,2.2000999450683594,2.259999990463257,2.2000999450683594,2.259999990463257,1942,0.0,0.0
2023-12-14 13:30:00-05:00,2.299999952316284,2.299999952316284,2.2708001136779785,2.2708001136779785,4492,0.0,0.0
2023-12-14 14:30:00-05:00,2.305000066757202,2.3399999141693115,2.2699999809265137,2.3299999237060547,3392,0.0,0.0
2023-12-14 15:30:00-05:00,2.3299999237060547,2.3399999141693115,2.3299999237060547,2.3399999141693115,374,0.0,0.0
2023-12-15 09:30:00-05:00,2.3399999141693115,2.3399999141693115,2.3299999237060547,2.3299999237060547,0,0.0,0.0
2023-12-15 10:30:00-05:00,2.3299999237060547,2.3299999237060547,2.2799999713897705,2.2799999713897705,2665,0.0,0.0
2023-12-15 11:30:00-05:00,2.2701001167297363,2.2701001167297363,2.259999990463257,2.259999990463257,1681,0.0,0.0
2023-12-15 12:30:00-05:00,2.2701001167297363,2.2701001167297363,2.25,2.259999990463257,751,0.0,0.0
2023-12-15 13:30:00-05:00,2.2750000953674316,2.2750000953674316,2.25,2.2750000953674316,950,0.0,0.0
2023-12-15 14:30:00-05:00,2.25,2.259999990463257,2.1600000858306885,2.2100000381469727,7709,0.0,0.0
2023-12-15 15:30:00-05:00,2.200000047683716,2.240000009536743,2.1500000953674316,2.1989998817443848,5174,0.0,0.0
2023-12-18 09:30:00-05:00,2.25,2.259999990463257,2.25,2.259999990463257,1546,0.0,0.0
2023-12-18 10:30:00-05:00,2.2597999572753906,2.2699999809265137,2.1600000858306885,2.200000047683716,4495,0.0,0.0
2023-12-18 11:30:00-05:00,2.200000047683716,2.2300000190734863,2.200000047683716,2.2300000190734863,5611,0.0,0.0
2023-12-18 12:30:00-05:00,2.2300000190734863,2.2300000190734863,2.180000066757202,2.180000066757202,3680,0.0,0.0
2023-12-18 13:30:00-05:00,2.190000057220459,2.190000057220459,2.190000057220459,2.190000057220459,311,0.0,0.0
2023-12-18 14:30:00-05:00,2.190000057220459,2.190000057220459,2.190000057220459,2.190000057220459,331,0.0,0.0
2023-12-18 15:30:00-05:00,2.1700000762939453,2.200000047683716,2.1700000762939453,2.184999942779541,954,0.0,0.0
2023-12-19 09:30:00-05:00,2.1500000953674316,2.2149999141693115,2.1500000953674316,2.184999942779541,3848,0.0,0.0
2023-12-19 10:30:00-05:00,2.2200000286102295,2.2200000286102295,2.2200000286102295,2.2200000286102295,1092,0.0,0.0
2023-12-19 11:30:00-05:00,2.1600000858306885,2.1600000858306885,2.1500000953674316,2.1500000953674316,3291,0.0,0.0
2023-12-19 13:30:00-05:00,2.2300000190734863,2.289599895477295,2.1981000900268555,2.200000047683716,16444,0.0,0.0
2023-12-19 14:30:00-05:00,2.2799999713897705,2.2799999713897705,2.240000009536743,2.2699999809265137,1451,0.0,0.0
2023-12-19 15:30:00-05:00,2.2799999713897705,2.2799999713897705,2.2799999713897705,2.2799999713897705,0,0.0,0.0
2023-12-20 09:30:00-05:00,2.206199884414673,2.206199884414673,2.206199884414673,2.206199884414673,365,0.0,0.0
2023-12-20 10:30:00-05:00,2.240999937057495,2.299999952316284,2.240999937057495,2.2899999618530273,1028,0.0,0.0
2023-12-20 11:30:00-05:00,2.262700080871582,2.299999952316284,2.262700080871582,2.299999952316284,7169,0.0,0.0
2023-12-20 12:30:00-05:00,2.2899999618530273,2.3399999141693115,2.2799999713897705,2.3350000381469727,1350,0.0,0.0
2023-12-20 13:30:00-05:00,2.2799999713897705,2.2850000858306885,2.2799999713897705,2.2850000858306885,1212,0.0,0.0
2023-12-20 14:30:00-05:00,2.2799999713897705,2.2799999713897705,2.2699999809265137,2.27020001411438,947,0.0,0.0
2023-12-20 15:30:00-05:00,2.2300000190734863,2.244999885559082,2.2300000190734863,2.240000009536743,1707,0.0,0.0
2023-12-21 09:30:00-05:00,2.200000047683716,2.2300000190734863,2.160099983215332,2.2049999237060547,5129,0.0,0.0
2023-12-21 10:30:00-05:00,2.200000047683716,2.200000047683716,2.1635000705718994,2.1635000705718994,2435,0.0,0.0
2023-12-21 11:30:00-05:00,2.2200000286102295,2.2200000286102295,2.2200000286102295,2.2200000286102295,334,0.0,0.0
2023-12-21 12:30:00-05:00,2.2300000190734863,2.2300000190734863,2.2200000286102295,2.2200000286102295,858,0.0,0.0
2023-12-21 13:30:00-05:00,2.2100000381469727,2.210099935531616,2.2100000381469727,2.210099935531616,1557,0.0,0.0
2023-12-21 14:30:00-05:00,2.2000999450683594,2.20169997215271,2.200000047683716,2.200000047683716,4843,0.0,0.0
2023-12-21 15:30:00-05:00,2.200000047683716,2.200000047683716,2.200000047683716,2.200000047683716,207,0.0,0.0
2023-12-22 09:30:00-05:00,2.1600000858306885,2.1600000858306885,2.1600000858306885,2.1600000858306885,256,0.0,0.0
2023-12-22 11:30:00-05:00,2.190000057220459,2.190000057220459,2.190000057220459,2.190000057220459,156,0.0,0.0
2023-12-22 12:30:00-05:00,2.190000057220459,2.190000057220459,2.1600000858306885,2.190000057220459,7215,0.0,0.0
2023-12-22 13:30:00-05:00,2.2300000190734863,2.240000009536743,2.2149999141693115,2.240000009536743,4806,0.0,0.0
2023-12-22 14:30:00-05:00,2.240000009536743,2.25,2.2116000652313232,2.25,1277,0.0,0.0
2023-12-22 15:30:00-05:00,2.25,2.25,2.240000009536743,2.240000009536743,903,0.0,0.0
2023-12-26 09:30:00-05:00,2.259999990463257,2.259999990463257,2.259999990463257,2.259999990463257,0,0.0,0.0
2023-12-26 10:30:00-05:00,2.2300000190734863,2.2300000190734863,2.2100000381469727,2.2263998985290527,8234,0.0,0.0
2023-12-26 11:30:00-05:00,2.2850000858306885,2.2850000858306885,2.240000009536743,2.2699999809265137,1909,0.0,0.0
2023-12-26 12:30:00-05:00,2.2699999809265137,2.2699999809265137,2.25,2.25,1910,0.0,0.0
2023-12-26 13:30:00-05:00,2.25,2.2799999713897705,2.25,2.25,1579,0.0,0.0
2023-12-26 14:30:00-05:00,2.2799999713897705,2.299999952316284,2.265000104904175,2.299999952316284,4795,0.0,0.0
2023-12-26 15:30:00-05:00,2.309999942779541,2.309999942779541,2.309999942779541,2.309999942779541,698,0.0,0.0
2023-12-27 09:30:00-05:00,2.25,2.25,2.23009991645813,2.23009991645813,2248,0.0,0.0
2023-12-27 10:30:00-05:00,2.2486000061035156,2.319999933242798,2.2486000061035156,2.302500009536743,12049,0.0,0.0
2023-12-27 11:30:00-05:00,2.255199909210205,2.2699999809265137,2.255199909210205,2.2699999809265137,1964,0.0,0.0
2023-12-27 12:30:00-05:00,2.259999990463257,2.2699999809265137,2.240000009536743,2.268899917602539,4999,0.0,0.0
2023-12-27 13:30:00-05:00,2.2699999809265137,2.2699999809265137,2.2699999809265137,2.2699999809265137,1053,0.0,0.0
2023-12-27 14:30:00-05:00,2.279900074005127,2.2850000858306885,2.2300000190734863,2.239500045776367,8205,0.0,0.0
2023-12-27 15:30:00-05:00,2.2309999465942383,2.244999885559082,2.2309999465942383,2.244999885559082,897,0.0,0.0
2023-12-28 09:30:00-05:00,2.2100000381469727,2.2200000286102295,2.2100000381469727,2.2200000286102295,2981,0.0,0.0
2023-12-28 10:30:00-05:00,2.2300000190734863,2.2899999618530273,2.2200000286102295,2.2899999618530273,3328,0.0,0.0
2023-12-28 11:30:00-05:00,2.309999942779541,2.309999942779541,2.309999942779541,2.309999942779541,125,0.0,0.0
2023-12-28 12:30:00-05:00,2.3301000595092773,2.3399999141693115,2.309999942779541,2.309999942779541,14313,0.0,0.0
2023-12-28 13:30:00-05:00,2.309999942779541,2.309999942779541,2.2899999618530273,2.2899999618530273,3665,0.0,0.0
2023-12-28 14:30:00-05:00,2.2799999713897705,2.2799999713897705,2.25,2.259999990463257,2341,0.0,0.0
2023-12-28 15:30:00-05:00,2.265000104904175,2.265000104904175,2.265000104904175,2.265000104904175,645,0.0,0.0
2023-12-29 09:30:00-05:00,2.2200000286102295,2.2200000286102295,2.160399913787842,2.160399913787842,0,0.0,0.0
2023-12-29 10:30:00-05:00,2.25,2.25,2.25,2.25,202,0.0,0.0
2023-12-29 11:30:00-05:00,2.259999990463257,2.2899999618530273,2.180000066757202,2.180000066757202,16818,0.0,0.0
2023-12-29 12:30:00-05:00,2.180000066757202,2.2249999046325684,2.180000066757202,2.180000066757202,7370,0.0,0.0
2023-12-29 13:30:00-05:00,2.180000066757202,2.259999990463257,2.180000066757202,2.180000066757202,1555,0.0,0.0
2023-12-29 14:30:00-05:00,2.180000066757202,2.2249999046325684,2.180000066757202,2.2200000286102295,3546,0.0,0.0
2023-12-29 15:30:00-05:00,2.200000047683716,2.2100000381469727,2.1600000858306885,2.1600000858306885,16158,0.0,0.0
2024-01-02 09:30:00-05:00,2.200000047683716,2.200000047683716,2.1700000762939453,2.1700000762939453,769,0.0,0.0
2024-01-02 10:30:00-05:00,2.180000066757202,2.1800999641418457,2.1700000762939453,2.1700000762939453,995,0.0,0.0
2024-01-02 11:30:00-05:00,2.200000047683716,2.200000047683716,2.199899911880493,2.200000047683716,1623,0.0,0.0
2024-01-02 12:30:00-05:00,2.2100000381469727,2.2100000381469727,2.180000066757202,2.180000066757202,2733,0.0,0.0
2024-01-02 14:30:00-05:00,2.180000066757202,2.1986000537872314,2.180000066757202,2.184999942779541,0,0.0,0.0
2024-01-03 10:30:00-05:00,2.2279999256134033,2.240000009536743,2.2279999256134033,2.240000009536743,749,0.0,0.0
2024-01-03 11:30:00-05:00,2.234999895095825,2.240000009536743,2.2300000190734863,2.2300000190734863,1737,0.0,0.0
2024-01-03 12:30:00-05:00,2.150099992752075,2.200000047683716,2.150099992752075,2.160099983215332,6420,0.0,0.0
2024-01-03 14:30:00-05:00,2.200000047683716,2.200000047683716,2.200000047683716,2.200000047683716,903,0.0,0.0
2024-01-03 15:30:00-05:00,2.200000047683716,2.200000047683716,2.1700000762939453,2.1700000762939453,597,0.0,0.0
2024-01-04 09:30:00-05:00,2.180000066757202,2.195199966430664,2.180000066757202,2.180000066757202,2033,0.0,0.0
2024-01-04 10:30:00-05:00,2.190000057220459,2.200000047683716,2.1700000762939453,2.1700000762939453,3088,0.0,0.0
2024-01-04 11:30:00-05:00,2.1700000762939453,2.200000047683716,2.1500000953674316,2.1500000953674316,6028,0.0,0.0
2024-01-04 12:30:00-05:00,2.180000066757202,2.180000066757202,2.1110000610351562,2.130000114440918,22598,0.0,0.0
2024-01-04 13:30:00-05:00,2.134999990463257,2.140000104904175,2.130000114440918,2.140000104904175,3761,0.0,0.0
2024-01-04 14:30:00-05:00,2.140000104904175,2.1500000953674316,2.140000104904175,2.1449999809265137,6535,0.0,0.0
2024-01-04 15:30:00-05:00,2.1449999809265137,2.1500000953674316,2.140000104904175,2.1500000953674316,4661,0.0,0.0
2024-01-05 09:30:00-05:00,2.180000066757202,2.180000066757202,2.180000066757202,2.180000066757202,180,0.0,0.0
2024-01-05 10:30:00-05:00,2.119999885559082,2.200000047683716,2.109999895095825,2.194999933242798,3059,0.0,0.0
2024-01-05 11:30:00-05:00,2.174999952316284,2.174999952316284,2.174999952316284,2.174999952316284,415,0.0,0.0
2024-01-05 13:30:00-05:00,2.200000047683716,2.200000047683716,2.1719000339508057,2.184999942779541,6735,0.0,0.0
2024-01-05 14:30:00-05:00,2.1700000762939453,2.1805999279022217,2.1700000762939453,2.1805999279022217,831,0.0,0.0
2024-01-05 15:30:00-05:00,2.240000009536743,2.240000009536743,2.1500000953674316,2.1500000953674316,1368,0.0,0.0
2024-01-08 09:30:00-05:00,2.1500000953674316,2.1500000953674316,2.1500000953674316,2.1500000953674316,307,0.0,0.0
2024-01-08 11:30:00-05:00,2.1500000953674316,2.1500000953674316,2.1500000953674316,2.1500000953674316,158,0.0,0.0
2024-01-08 12:30:00-05:00,2.1500000953674316,2.200000047683716,2.1500000953674316,2.200000047683716,4696,0.0,0.0
2024-01-08 13:30:00-05:00,2.200000047683716,2.200000047683716,2.1500000953674316,2.1500000953674316,950,0.0,0.0
2024-01-09 09:30:00-05:00,2.109999895095825,2.109999895095825,2.109999895095825,2.109999895095825,0,0.0,0.0
2024-01-09 10:30:00-05:00,2.115000009536743,2.115000009536743,2.115000009536743,2.115000009536743,118,0.0,0.0
2024-01-09 11:30:00-05:00,2.119999885559082,2.119999885559082,2.119999885559082,2.119999885559082,675,0.0,0.0
2024-01-09 14:30:00-05:00,2.1449999809265137,2.1449999809265137,2.1449999809265137,2.1449999809265137,1000,0.0,0.0
2024-01-09 15:30:00-05:00,2.140000104904175,2.1500000953674316,2.125,2.130000114440918,0,0.0,0.0
2024-01-10 09:30:00-05:00,2.1500000953674316,2.2300000190734863,2.1500000953674316,2.2300000190734863,2045,0.0,0.0
2024-01-10 10:30:00-05:00,2.194999933242798,2.199899911880493,2.194999933242798,2.199899911880493,552,0.0,0.0
2024-01-10 11:30:00-05:00,2.190000057220459,2.190000057220459,2.1679000854492188,2.1742000579833984,1589,0.0,0.0
2024-01-10 12:30:00-05:00,2.1946001052856445,2.1946001052856445,2.1946001052856445,2.1946001052856445,232,0.0,0.0
2024-01-10 13:30:00-05:00,2.190000057220459,2.190000057220459,2.190000057220459,2.190000057220459,228,0.0,0.0
2024-01-10 14:30:00-05:00,2.200000047683716,2.2079999446868896,2.190000057220459,2.200000047683716,3717,0.0,0.0
2024-01-10 15:30:00-05:00,2.190000057220459,2.190000057220459,2.130000114440918,2.1500000953674316,0,0.0,0.0
2024-01-11 09:30:00-05:00,2.180000066757202,2.180000066757202,2.130000114440918,2.130000114440918,1311,0.0,0.0
2024-01-11 10:30:00-05:00,2.140000104904175,2.140000104904175,2.130000114440918,2.140000104904175,2024,0.0,0.0
2024-01-11 11:30:00-05:00,2.130000114440918,2.200000047683716,2.130000114440918,2.131999969482422,3739,0.0,0.0
2024-01-11 12:30:00-05:00,2.200000047683716,2.200000047683716,2.190000057220459,2.200000047683716,2174,0.0,0.0
2024-01-11 14:30:00-05:00,2.200000047683716,2.200000047683716,2.200000047683716,2.200000047683716,2464,0.0,0.0
2024-01-11 15:30:00-05:00,2.200000047683716,2.200000047683716,2.140000104904175,2.140000104904175,0,0.0,0.0
2024-01-12 09:30:00-05:00,2.1649999618530273,2.184999942779541,2.1649999618530273,2.1700000762939453,2080,0.0,0.0
2024-01-12 10:30:00-05:00,2.1500000953674316,2.199899911880493,2.1500000953674316,2.199899911880493,519,0.0,0.0
2024-01-12 12:30:00-05:00,2.180000066757202,2.182499885559082,2.1500000953674316,2.1695001125335693,4494,0.0,0.0
2024-01-12 13:30:00-05:00,2.180000066757202,2.180000066757202,2.180000066757202,2.180000066757202,1089,0.0,0.0
2024-01-12 14:30:00-05:00,2.255000114440918,2.255000114440918,2.140000104904175,2.180000066757202,2917,0.0,0.0
2024-01-12 15:30:00-05:00,2.25,2.25,2.25,2.25,100,0.0,0.0
2024-01-16 09:30:00-05:00,2.200000047683716,2.220099925994873,2.140000104904175,2.1600000858306885,9990,0.0,0.0
2024-01-16 10:30:00-05:00,2.1714000701904297,2.200000047683716,2.1600000858306885,2.1700000762939453,3534,0.0,0.0
2024-01-16 11:30:00-05:00,2.1649999618530273,2.2799999713897705,2.1649999618530273,2.2200000286102295,13948,0.0,0.0
2024-01-16 12:30:00-05:00,2.2200000286102295,2.2200000286102295,2.2100000381469727,2.2100000381469727,2698,0.0,0.0
2024-01-16 13:30:00-05:00,2.2100000381469727,2.2100000381469727,2.190000057220459,2.190000057220459,2019,0.0,0.0
2024-01-16 14:30:00-05:00,2.144200086593628,2.200000047683716,2.144200086593628,2.200000047683716,1744,0.0,0.0
2024-01-16 15:30:00-05:00,2.2100000381469727,2.2899999618530273,2.16129994392395,2.16129994392395,0,0.0,0.0
2024-01-17 09:30:00-05:00,2.1600000858306885,2.299999952316284,2.1600000858306885,2.200700044631958,6563,0.0,0.0
2024-01-17 10:30:00-05:00,2.240000009536743,2.240000009536743,2.200000047683716,2.200000047683716,739,0.0,0.0
2024-01-17 11:30:00-05:00,2.200000047683716,2.200000047683716,2.200000047683716,2.200000047683716,266,0.0,0.0
2024-01-17 12:30:00-05:00,2.200000047683716,2.200000047683716,2.1700000762939453,2.1702001094818115,4488,0.0,0.0
2024-01-17 15:30:00-05:00,2.170099973678589,2.200000047683716,2.1689999103546143,2.199899911880493,0,0.0,0.0
2024-01-18 09:30:00-05:00,2.2249999046325684,2.2300000190734863,2.200000047683716,2.200000047683716,3428,0.0,0.0
2024-01-18 10:30:00-05:00,2.2200000286102295,2.3299999237060547,2.2200000286102295,2.3199000358581543,30931,0.0,0.0
2024-01-18 11:30:00-05:00,2.319999933242798,2.3499999046325684,2.2000999450683594,2.2000999450683594,13943,0.0,0.0
2024-01-18 13:30:00-05:00,2.2899999618530273,2.325000047683716,2.2899999618530273,2.305000066757202,2765,0.0,0.0
2024-01-18 14:30:00-05:00,2.2400999069213867,2.299999952316284,2.2216999530792236,2.2216999530792236,9171,0.0,0.0
2024-01-18 15:30:00-05:00,2.2950000762939453,2.2950000762939453,2.2899999618530273,2.2899999618530273,0,0.0,0.0
2024-01-19 09:30:00-05:00,2.2799999713897705,2.2799999713897705,2.2799999713897705,2.2799999713897705,198,0.0,0.0
2024-01-19 10:30:00-05:00,2.2950000762939453,2.3299999237060547,2.2799999713897705,2.3299999237060547,7673,0.0,0.0
2024-01-19 11:30:00-05:00,2.319999933242798,2.3299999237060547,2.2899999618530273,2.2899999618530273,3436,0.0,0.0
2024-01-19 12:30:00-05:00,2.319999933242798,2.319999933242798,2.2799999713897705,2.2950000762939453,7214,0.0,0.0
2024-01-19 14:30:00-05:00,2.280100107192993,2.280100107192993,2.280100107192993,2.280100107192993,376,0.0,0.0
2024-01-19 15:30:00-05:00,2.2899999618530273,2.319999933242798,2.2899999618530273,2.319999933242798,612,0.0,0.0
2024-01-22 09:30:00-05:00,2.2899999618530273,2.305000066757202,2.2899999618530273,2.2899999618530273,3290,0.0,0.0
2024-01-22 10:30:00-05:00,2.2899999618530273,2.313499927520752,2.2888998985290527,2.313499927520752,757,0.0,0.0
2024-01-22 11:30:00-05:00,2.315000057220459,2.315000057220459,2.2699999809265137,2.2699999809265137,4841,0.0,0.0
2024-01-22 12:30:00-05:00,2.2699999809265137,2.2699999809265137,2.25,2.25,2604,0.0,0.0
2024-01-22 13:30:00-05:00,2.25,2.25,2.2300000190734863,2.2300000190734863,2712,0.0,0.0
2024-01-22 14:30:00-05:00,2.2300000190734863,2.2300000190734863,2.1700000762939453,2.180000066757202,3140,0.0,0.0
2024-01-22 15:30:00-05:00,2.1700000762939453,2.240000009536743,2.1500000953674316,2.240000009536743,2024,0.0,0.0
2024-01-23 10:30:00-05:00,2.1805999279022217,2.1805999279022217,2.1805999279022217,2.1805999279022217,386,0.0,0.0
2024-01-23 11:30:00-05:00,2.1800999641418457,2.1800999641418457,2.1800999641418457,2.1800999641418457,514,0.0,0.0
2024-01-23 15:30:00-05:00,2.259999990463257,2.259999990463257,2.238600015640259,2.25,580,0.0,0.0
2024-01-24 09:30:00-05:00,2.2291998863220215,2.2291998863220215,2.219099998474121,2.219099998474121,205,0.0,0.0
2024-01-24 10:30:00-05:00,2.2149999141693115,2.2149999141693115,2.2149999141693115,2.2149999141693115,122,0.0,0.0
2024-01-24 11:30:00-05:00,2.25,2.25,2.25,2.25,3308,0.0,0.0
2024-01-24 12:30:00-05:00,2.25,2.25,2.2200000286102295,2.2200000286102295,1664,0.0,0.0
2024-01-24 13:30:00-05:00,2.259999990463257,2.259999990463257,2.259999990463257,2.259999990463257,920,0.0,0.0
2024-01-24 14:30:00-05:00,2.259999990463257,2.259999990463257,2.259999990463257,2.259999990463257,568,0.0,0.0
2024-01-24 15:30:00-05:00,2.1900999546051025,2.2249999046325684,2.190000057220459,2.1900999546051025,21280,0.0,0.0
2024-01-25 09:30:00-05:00,2.2300000190734863,2.2300000190734863,2.190000057220459,2.2100000381469727,1455,0.0,0.0
2024-01-25 10:30:00-05:00,2.259999990463257,2.259999990463257,2.259999990463257,2.259999990463257,100,0.0,0.0
2024-01-25 11:30:00-05:00,2.259999990463257,2.259999990463257,2.259999990463257,2.259999990463257,2048,0.0,0.0
2024-01-25 12:30:00-05:00,2.259999990463257,2.259999990463257,2.259999990463257,2.259999990463257,0,0.0,0.0
2024-01-26 09:30:00-05:00,2.1600000858306885,2.25,2.1600000858306885,2.25,2878,0.0,0.0
2024-01-26 11:30:00-05:00,2.2300000190734863,2.259700059890747,2.2300000190734863,2.2311999797821045,1678,0.0,0.0
2024-01-26 12:30:00-05:00,2.2314999103546143,2.2314999103546143,2.2314999103546143,2.2314999103546143,1355,0.0,0.0
2024-01-26 13:30:00-05:00,2.254499912261963,2.254499912261963,2.254499912261963,2.254499912261963,1169,0.0,0.0
2024-01-26 14:30:00-05:00,2.25,2.25,2.25,2.25,663,0.0,0.0
2024-01-26 15:30:00-05:00,2.200000047683716,2.200000047683716,2.1500000953674316,2.190000057220459,1026,0.0,0.0
2024-01-29 09:30:00-05:00,2.137200117111206,2.2100000381469727,2.137200117111206,2.2100000381469727,3616,0.0,0.0
2024-01-29 11:30:00-05:00,2.252700090408325,2.259999990463257,2.252700090408325,2.259999990463257,518,0.0,0.0
2024-01-29 12:30:00-05:00,2.234999895095825,2.259999990463257,2.2300000190734863,2.25,2496,0.0,0.0
2024-01-29 14:30:00-05:00,2.1921000480651855,2.1921000480651855,2.1921000480651855,2.1921000480651855,579,0.0,0.0
2024-01-29 15:30:00-05:00,2.2200000286102295,2.2699999809265137,2.2200000286102295,2.240000009536743,451,0.0,0.0
2024-01-30 09:30:00-05:00,2.200000047683716,2.2200000286102295,2.200000047683716,2.2200000286102295,468,0.0,0.0
2024-01-30 12:30:00-05:00,2.240000009536743,2.240000009536743,2.240000009536743,2.240000009536743,715,0.0,0.0
2024-01-30 14:30:00-05:00,2.25,2.25,2.25,2.25,6198,0.0,0.0
2024-01-30 15:30:00-05:00,2.25,2.25,2.25,2.25,0,0.0,0.0
2024-01-31 11:30:00-05:00,2.1947999000549316,2.1947999000549316,2.1947999000549316,2.1947999000549316,990,0.0,0.0
2024-01-31 15:30:00-05:00,2.25,2.25,2.200000047683716,2.200000047683716,741,0.0,0.0
2024-02-01 09:30:00-05:00,2.1700000762939453,2.1700000762939453,2.1700000762939453,2.1700000762939453,0,0.0,0.0
2024-02-01 10:30:00-05:00,2.1800999641418457,2.180299997329712,2.1800999641418457,2.180299997329712,610,0.0,0.0
2024-02-01 11:30:00-05:00,2.190000057220459,2.190000057220459,2.180000066757202,2.1800999641418457,7775,0.0,0.0
2024-02-01 14:30:00-05:00,2.2435998916625977,2.2435998916625977,2.2149999141693115,2.2149999141693115,0,0.0,0.0
2024-02-02 09:30:00-05:00,2.160099983215332,2.160099983215332,2.160099983215332,2.160099983215332,1949,0.0,0.0
2024-02-02 10:30:00-05:00,2.1714999675750732,2.1714999675750732,2.1714999675750732,2.1714999675750732,596,0.0,0.0
2024-02-02 12:30:00-05:00,2.180799961090088,2.180799961090088,2.180799961090088,2.180799961090088,149,0.0,0.0
2024-02-02 13:30:00-05:00,2.1731998920440674,2.1731998920440674,2.1731998920440674,2.1731998920440674,246,0.0,0.0
2024-02-02 14:30:00-05:00,2.190000057220459,2.194999933242798,2.1700000762939453,2.1700000762939453,2299,0.0,0.0
2024-02-05 11:30:00-05:00,2.160099983215332,2.160099983215332,2.160099983215332,2.160099983215332,10336,0.0,0.0
2024-02-05 12:30:00-05:00,2.200000047683716,2.200000047683716,2.200000047683716,2.200000047683716,1555,0.0,0.0
2024-02-05 14:30:00-05:00,2.17549991607666,2.17549991607666,2.170099973678589,2.170099973678589,5620,0.0,0.0
2024-02-05 15:30:00-05:00,2.2300000190734863,2.2300000190734863,2.170099973678589,2.170099973678589,1782,0.0,0.0
2024-02-06 09:30:00-05:00,2.170099973678589,2.170099973678589,2.170099973678589,2.170099973678589,765,0.0,0.0
2024-02-06 11:30:00-05:00,2.1737000942230225,2.1737000942230225,2.1737000942230225,2.1737000942230225,231,0.0,0.0
2024-02-06 12:30:00-05:00,2.190000057220459,2.200000047683716,2.190000057220459,2.200000047683716,2345,0.0,0.0
2024-02-06 13:30:00-05:00,2.18179988861084,2.200000047683716,2.1700000762939453,2.1700000762939453,2732,0.0,0.0
2024-02-06 14:30:00-05:00,2.1700000762939453,2.2200000286102295,2.1700000762939453,2.2149999141693115,2428,0.0,0.0
2024-02-06 15:30:00-05:00,2.180000066757202,2.2200000286102295,2.1700000762939453,2.2200000286102295,699,0.0,0.0
2024-02-07 09:30:00-05:00,2.1700000762939453,2.1700000762939453,2.1700000762939453,2.1700000762939453,372,0.0,0.0
2024-02-07 11:30:00-05:00,2.1731998920440674,2.1731998920440674,2.1731998920440674,2.1731998920440674,182,0.0,0.0
2024-02-07 12:30:00-05:00,2.2100000381469727,2.2100000381469727,2.2100000381469727,2.2100000381469727,806,0.0,0.0
2024-02-07 13:30:00-05:00,2.1710000038146973,2.1710000038146973,2.1702001094818115,2.1702001094818115,354,0.0,0.0
2024-02-07 15:30:00-05:00,2.2149999141693115,2.2149999141693115,2.2149999141693115,2.2149999141693115,0,0.0,0.0
2024-02-08 09:30:00-05:00,2.180000066757202,2.180000066757202,2.180000066757202,2.180000066757202,483,0.0,0.0
2024-02-08 10:30:00-05:00,2.182300090789795,2.182300090789795,2.182300090789795,2.182300090789795,222,0.0,0.0
2024-02-08 11:30:00-05:00,2.20989990234375,2.20989990234375,2.20989990234375,2.20989990234375,181,0.0,0.0
2024-02-08 13:30:00-05:00,2.2100000381469727,2.2100000381469727,2.1600000858306885,2.1600000858306885,4237,0.0,0.0
2024-02-08 15:30:00-05:00,2.2200000286102295,2.2200000286102295,2.200000047683716,2.200000047683716,2325,0.0,0.0
2024-02-09 09:30:00-05:00,2.1600000858306885,2.220099925994873,2.1600000858306885,2.220099925994873,0,0.0,0.0
2024-02-09 10:30:00-05:00,2.18530011177063,2.2100000381469727,2.18530011177063,2.2100000381469727,1979,0.0,0.0
2024-02-09 14:30:00-05:00,2.2049999237060547,2.2100000381469727,2.2049999237060547,2.2100000381469727,2561,0.0,0.0
2024-02-09 15:30:00-05:00,2.2100000381469727,2.2100000381469727,2.2100000381469727,2.2100000381469727,319,0.0,0.0
2024-02-12 09:30:00-05:00,2.240000009536743,2.240000009536743,2.2100000381469727,2.2100000381469727,1432,0.0,0.0
2024-02-12 11:30:00-05:00,2.221299886703491,2.221299886703491,2.220099925994873,2.220099925994873,530,0.0,0.0
2024-02-12 12:30:00-05:00,2.2200000286102295,2.2200000286102295,2.2149999141693115,2.2200000286102295,2894,0.0,0.0
2024-02-12 13:30:00-05:00,2.2300000190734863,2.2300000190734863,2.2100000381469727,2.2100000381469727,1049,0.0,0.0
2024-02-13 09:30:00-05:00,2.1700000762939453,2.1700000762939453,2.160099983215332,2.160099983215332,1250,0.0,0.0
2024-02-13 10:30:00-05:00,2.1649999618530273,2.1700000762939453,2.1433000564575195,2.1600000858306885,7231,0.0,0.0
2024-02-13 11:30:00-05:00,2.1449999809265137,2.1500000953674316,2.1449999809265137,2.1500000953674316,789,0.0,0.0
2024-02-13 12:30:00-05:00,2.1500000953674316,2.1500000953674316,2.0950000286102295,2.0999999046325684,10406,0.0,0.0
2024-02-13 13:30:00-05:00,2.140000104904175,2.140000104904175,2.140000104904175,2.140000104904175,120,0.0,0.0
2024-02-13 14:30:00-05:00,2.109999895095825,2.109999895095825,2.109999895095825,2.109999895095825,1132,0.0,0.0
2024-02-13 15:30:00-05:00,2.1500000953674316,2.1500000953674316,2.049999952316284,2.049999952316284,0,0.0,0.0
2024-02-14 09:30:00-05:00,2.030100107192993,2.0999999046325684,2.030100107192993,2.0999999046325684,2041,0.0,0.0
2024-02-14 10:30:00-05:00,2.0899999141693115,2.0899999141693115,2.0899999141693115,2.0899999141693115,115,0.0,0.0
2024-02-14 11:30:00-05:00,2.0799999237060547,2.0799999237060547,2.0683000087738037,2.0683000087738037,663,0.0,0.0
2024-02-14 12:30:00-05:00,2.0309998989105225,2.075000047683716,2.0309998989105225,2.075000047683716,471,0.0,0.0
2024-02-14 13:30:00-05:00,2.0850000381469727,2.0899999141693115,2.069999933242798,2.0850000381469727,2863,0.0,0.0
2024-02-14 14:30:00-05:00,2.0799999237060547,2.0799999237060547,2.0799999237060547,2.0799999237060547,353,0.0,0.0
2024-02-14 15:30:00-05:00,2.1050000190734863,2.1050000190734863,2.075000047683716,2.075000047683716,358,0.0,0.0
2024-02-15 09:30:00-05:00,2.0799999237060547,2.0850000381469727,2.0601000785827637,2.069999933242798,2528,0.0,0.0
2024-02-15 10:30:00-05:00,2.0799999237060547,2.0799999237060547,2.0799999237060547,2.0799999237060547,100,0.0,0.0
2024-02-15 11:30:00-05:00,2.069999933242798,2.069999933242798,2.069999933242798,2.069999933242798,1968,0.0,0.0
2024-02-15 12:30:00-05:00,2.0999999046325684,2.0999999046325684,2.0899999141693115,2.0950000286102295,602,0.0,0.0
2024-02-15 13:30:00-05:00,2.092400074005127,2.1068999767303467,2.0899999141693115,2.1068999767303467,2396,0.0,0.0
2024-02-15 14:30:00-05:00,2.0999999046325684,2.1050000190734863,2.0999999046325684,2.0999999046325684,864,0.0,0.0
2024-02-15 15:30:00-05:00,2.0999999046325684,2.0999999046325684,2.0999999046325684,2.0999999046325684,797,0.0,0.0
2024-02-16 10:30:00-05:00,2.109999895095825,2.130000114440918,2.109999895095825,2.130000114440918,930,0.0,0.0
2024-02-16 11:30:00-05:00,2.119999885559082,2.119999885559082,2.0999999046325684,2.0999999046325684,1752,0.0,0.0
2024-02-16 12:30:00-05:00,2.0799999237060547,2.0799999237060547,2.0799999237060547,2.0799999237060547,506,0.0,0.0
2024-02-16 15:30:00-05:00,2.0999999046325684,2.0999999046325684,2.0799999237060547,2.0799999237060547,587,0.0,0.0
2024-02-20 09:30:00-05:00,2.059999942779541,2.0999999046325684,2.059999942779541,2.0799999237060547,3207,0.0,0.0
2024-02-20 10:30:00-05:00,2.097399950027466,2.0999999046325684,2.0866000652313232,2.0889999866485596,1357,0.0,0.0
2024-02-20 11:30:00-05:00,2.069999933242798,2.069999933242798,2.069999933242798,2.069999933242798,259,0.0,0.0
2024-02-20 12:30:00-05:00,2.0799999237060547,2.0799999237060547,2.049999952316284,2.049999952316284,3256,0.0,0.0
2024-02-20 13:30:00-05:00,2.075000047683716,2.075000047683716,2.049999952316284,2.049999952316284,311,0.0,0.0
2024-02-20 14:30:00-05:00,2.049999952316284,2.059999942779541,2.049999952316284,2.059999942779541,1355,0.0,0.0
2024-02-20 15:30:00-05:00,2.059999942779541,2.065000057220459,2.059999942779541,2.065000057220459,1026,0.0,0.0
2024-02-21 09:30:00-05:00,2.0299999713897705,2.0999999046325684,2.0299999713897705,2.0999999046325684,899,0.0,0.0
2024-02-21 11:30:00-05:00,2.0850000381469727,2.109999895095825,2.075000047683716,2.109999895095825,5020,0.0,0.0
2024-02-21 12:30:00-05:00,2.115000009536743,2.115000009536743,2.059999942779541,2.075000047683716,6788,0.0,0.0
2024-02-21 13:30:00-05:00,2.109999895095825,2.109999895095825,2.109999895095825,2.109999895095825,671,0.0,0.0
2024-02-21 14:30:00-05:00,2.109999895095825,2.109999895095825,2.109999895095825,2.109999895095825,637,0.0,0.0
2024-02-21 15:30:00-05:00,2.0950000286102295,2.0950000286102295,2.0950000286102295,2.0950000286102295,173,0.0,0.0
2024-02-22 09:30:00-05:00,2.0999999046325684,2.0999999046325684,2.0999999046325684,2.0999999046325684,526,0.0,0.0
2024-02-22 11:30:00-05:00,2.0601000785827637,2.0999999046325684,2.0601000785827637,2.0999999046325684,3309,0.0,0.0
2024-02-22 12:30:00-05:00,2.0899999141693115,2.0899999141693115,2.0799999237060547,2.0799999237060547,1735,0.0,0.0
2024-02-23 09:30:00-05:00,2.059999942779541,2.059999942779541,2.059999942779541,2.059999942779541,272,0.0,0.0
2024-02-23 10:30:00-05:00,2.069999933242798,2.0999999046325684,2.059999942779541,2.0999999046325684,5868,0.0,0.0
2024-02-23 11:30:00-05:00,2.0999999046325684,2.0999999046325684,2.059999942779541,2.0999999046325684,2282,0.0,0.0
2024-02-23 12:30:00-05:00,2.0999999046325684,2.0999999046325684,2.059999942779541,2.059999942779541,3326,0.0,0.0
2024-02-26 09:30:00-05:00,2.0999999046325684,2.0999999046325684,2.0799999237060547,2.0999999046325684,0,0.0,0.0
2024-02-26 10:30:00-05:00,2.0999999046325684,2.180000066757202,2.0999999046325684,2.180000066757202,3242,0.0,0.0
2024-02-26 11:30:00-05:00,2.174999952316284,2.180000066757202,2.0999999046325684,2.119999885559082,8425,0.0,0.0
2024-02-26 12:30:00-05:00,2.109999895095825,2.115000009536743,2.0999999046325684,2.0999999046325684,1050,0.0,0.0
2024-02-26 14:30:00-05:00,2.0810000896453857,2.109999895095825,2.0799999237060547,2.0999999046325684,3212,0.0,0.0
2024-02-26 15:30:00-05:00,2.069999933242798,2.130000114440918,2.069999933242798,2.1050000190734863,2803,0.0,0.0
2024-02-27 09:30:00-05:00,2.0999999046325684,2.0999999046325684,2.059999942779541,2.059999942779541,1349,0.0,0.0
2024-02-27 10:30:00-05:00,2.069999933242798,2.069999933242798,2.0048000812530518,2.0048000812530518,3500,0.0,0.0
2024-02-27 11:30:00-05:00,2.009999990463257,2.0899999141693115,2.0009000301361084,2.0376999378204346,8566,0.0,0.0
2024-02-27 12:30:00-05:00,2.0899999141693115,2.0899999141693115,2.0664000511169434,2.0664000511169434,926,0.0,0.0
2024-02-27 13:30:00-05:00,2.075000047683716,2.075000047683716,2.075000047683716,2.075000047683716,100,0.0,0.0
2024-02-27 14:30:00-05:00,2.059999942779541,2.089900016784668,2.0199999809265137,2.059999942779541,4517,0.0,0.0
2024-02-27 15:30:00-05:00,2.04010009765625,2.069999933242798,2.0199999809265137,2.0299999713897705,2760,0.0,0.0
2024-02-28 09:30:00-05:00,2.047600030899048,2.099900007247925,2.0199999809265137,2.099900007247925,6899,0.0,0.0
2024-02-28 10:30:00-05:00,2.0899999141693115,2.099900007247925,2.0899999141693115,2.099900007247925,469,0.0,0.0
2024-02-28 11:30:00-05:00,2.0799999237060547,2.0899999141693115,2.0790998935699463,2.0899999141693115,1019,0.0,0.0
2024-02-28 12:30:00-05:00,2.0799999237060547,2.0799999237060547,2.069999933242798,2.0701000690460205,820,0.0,0.0
2024-02-28 13:30:00-05:00,2.069999933242798,2.0999999046325684,2.069999933242798,2.0999999046325684,766,0.0,0.0
2024-02-28 14:30:00-05:00,2.130000114440918,2.1500000953674316,2.0801000595092773,2.0801000595092773,2971,0.0,0.0
2024-02-28 15:30:00-05:00,2.109999895095825,2.109999895095825,2.0999999046325684,2.0999999046325684,336,0.0,0.0
2024-02-29 09:30:00-05:00,2.1005001068115234,2.1500000953674316,2.1005001068115234,2.1500000953674316,1866,0.0,0.0
2024-02-29 10:30:00-05:00,2.130000114440918,2.1410000324249268,2.130000114440918,2.1410000324249268,675,0.0,0.0
2024-02-29 12:30:00-05:00,2.1500000953674316,2.1500000953674316,2.1301000118255615,2.140000104904175,8904,0.0,0.0
2024-02-29 13:30:00-05:00,2.140000104904175,2.140000104904175,2.140000104904175,2.140000104904175,602,0.0,0.0
2024-02-29 14:30:00-05:00,2.130000114440918,2.130000114440918,2.130000114440918,2.130000114440918,428,0.0,0.0
2024-02-29 15:30:00-05:00,2.0999999046325684,2.0999999046325684,2.0999999046325684,2.0999999046325684,10065,0.0,0.0
2024-03-01 09:30:00-05:00,2.0799999237060547,2.0899999141693115,2.0799999237060547,2.0899999141693115,443,0.0,0.0
2024-03-01 10:30:00-05:00,2.07069993019104,2.07069993019104,2.07069993019104,2.07069993019104,100,0.0,0.0
2024-03-01 11:30:00-05:00,2.0999999046325684,2.0999999046325684,2.0999999046325684,2.0999999046325684,3276,0.0,0.0
2024-03-01 14:30:00-05:00,2.109999895095825,2.125,2.109999895095825,2.125,1458,0.0,0.0
2024-03-04 09:30:00-05:00,2.0799999237060547,2.0999999046325684,2.0799999237060547,2.0799999237060547,0,0.0,0.0
2024-03-04 10:30:00-05:00,2.0831000804901123,2.0831000804901123,2.0801000595092773,2.0801000595092773,1136,0.0,0.0
2024-03-04 11:30:00-05:00,2.0894999504089355,2.0894999504089355,2.069999933242798,2.069999933242798,1929,0.0,0.0
2024-03-04 12:30:00-05:00,2.069999933242798,2.0799999237060547,2.049999952316284,2.0799999237060547,1185,0.0,0.0
2024-03-04 13:30:00-05:00,2.049999952316284,2.050100088119507,2.049999952316284,2.050100088119507,888,0.0,0.0
2024-03-04 14:30:00-05:00,2.0734000205993652,2.0734000205993652,2.049999952316284,2.049999952316284,1010,0.0,0.0
2024-03-04 15:30:00-05:00,2.0899999141693115,2.0899999141693115,2.050100088119507,2.069999933242798,11801,0.0,0.0
2024-03-05 09:30:00-05:00,2.025099992752075,2.025099992752075,2.0201001167297363,2.02020001411438,2461,0.0,0.0
2024-03-05 10:30:00-05:00,2.0899999141693115,2.0899999141693115,2.0899999141693115,2.0899999141693115,110,0.0,0.0
2024-03-05 11:30:00-05:00,2.0799999237060547,2.0799999237060547,2.0299999713897705,2.0299999713897705,1649,0.0,0.0
2024-03-05 14:30:00-05:00,2.0299999713897705,2.059999942779541,2.0299999713897705,2.059999942779541,732,0.0,0.0
2024-03-05 15:30:00-05:00,2.0450000762939453,2.0467000007629395,2.0450000762939453,2.0450000762939453,1867,0.0,0.0
2024-03-06 09:30:00-05:00,2.009999990463257,2.0199999809265137,2.009999990463257,2.013200044631958,5345,0.0,0.0
2024-03-06 10:30:00-05:00,2.0299999713897705,2.0299999713897705,2.0199999809265137,2.0199999809265137,0,0.0,0.0
2024-03-06 11:30:00-05:00,2.009999990463257,2.009999990463257,2.009999990463257,2.009999990463257,290,0.0,0.0
2024-03-06 12:30:00-05:00,2.021899938583374,2.0299999713897705,2.0195000171661377,2.0299999713897705,3685,0.0,0.0
2024-03-06 13:30:00-05:00,2.0199999809265137,2.0199999809265137,2.0199999809265137,2.0199999809265137,147,0.0,0.0
2024-03-06 14:30:00-05:00,2.032599925994873,2.0769999027252197,2.0322000980377197,2.069999933242798,2600,0.0,0.0
2024-03-06 15:30:00-05:00,2.0248000621795654,2.053999900817871,2.0248000621795654,2.0299999713897705,7567,0.0,0.0
2024-03-07 09:30:00-05:00,2.0199999809265137,2.055000066757202,2.0199999809265137,2.055000066757202,8485,0.0,0.0
2024-03-07 11:30:00-05:00,2.049999952316284,2.049999952316284,2.049999952316284,2.049999952316284,233,0.0,0.0
2024-03-07 12:30:00-05:00,2.055299997329712,2.055299997329712,2.055000066757202,2.055000066757202,235,0.0,0.0
2024-03-07 13:30:00-05:00,2.049999952316284,2.049999952316284,2.049999952316284,2.049999952316284,619,0.0,0.0
2024-03-07 14:30:00-05:00,2.059999942779541,2.059999942779541,2.049999952316284,2.049999952316284,553,0.0,0.0
2024-03-07 15:30:00-05:00,2.049999952316284,2.050100088119507,2.049999952316284,2.050100088119507,483,0.0,0.0
2024-03-08 09:30:00-05:00,2.049999952316284,2.059999942779541,2.049999952316284,2.059999942779541,0,0.0,0.0
2024-03-08 10:30:00-05:00,2.0850000381469727,2.0850000381469727,2.0799999237060547,2.0801000595092773,1198,0.0,0.0
2024-03-08 11:30:00-05:00,2.069999933242798,2.0896999835968018,2.069999933242798,2.0896999835968018,1390,0.0,0.0
2024-03-08 12:30:00-05:00,2.0799999237060547,2.0799999237060547,2.0799999237060547,2.0799999237060547,348,0.0,0.0
2024-03-08 13:30:00-05:00,2.069999933242798,2.069999933242798,2.069999933242798,2.069999933242798,1083,0.0,0.0
2024-03-08 14:30:00-05:00,2.075000047683716,2.075000047683716,2.069999933242798,2.069999933242798,470,0.0,0.0
2024-03-11 10:30:00-04:00,2.0309998989105225,2.0309998989105225,2.009999990463257,2.0276999473571777,1181,0.0,0.0
2024-03-11 11:30:00-04:00,2.0199999809265137,2.0199999809265137,2.0199999809265137,2.0199999809265137,732,0.0,0.0
2024-03-11 12:30:00-04:00,2.0,2.0344998836517334,2.0,2.0344998836517334,2342,0.0,0.0
2024-03-11 13:30:00-04:00,2.010999917984009,2.0399999618530273,2.009999990463257,2.0399999618530273,1183,0.0,0.0
2024-03-11 14:30:00-04:00,2.0399999618530273,2.0399999618530273,2.0399999618530273,2.0399999618530273,2862,0.0,0.0
2024-03-11 15:30:00-04:00,2.059999942779541,2.059999942779541,2.059999942779541,2.059999942779541,2164,0.0,0.0
2024-03-12 09:30:00-04:00,1.9800000190734863,2.048799991607666,1.9800000190734863,2.048799991607666,3623,0.0,0.0
2024-03-12 10:30:00-04:00,2.0250000953674316,2.0250000953674316,2.0250000953674316,2.0250000953674316,129,0.0,0.0
2024-03-12 11:30:00-04:00,2.0199999809265137,2.0199999809265137,2.0,2.0,704,0.0,0.0
2024-03-12 14:30:00-04:00,2.0,2.006700038909912,2.0,2.0,5677,0.0,0.0
2024-03-13 09:30:00-04:00,1.9700000286102295,2.0199999809265137,1.9443000555038452,2.0199999809265137,5734,0.0,0.0
2024-03-13 10:30:00-04:00,1.9800000190734863,1.9800000190734863,1.9800000190734863,1.9800000190734863,1037,0.0,0.0
2024-03-13 11:30:00-04:00,1.9900000095367432,1.9997999668121338,1.9700000286102295,1.9997999668121338,1465,0.0,0.0
2024-03-13 12:30:00-04:00,1.9900000095367432,1.9900000095367432,1.9800000190734863,1.9900000095367432,1330,0.0,0.0
2024-03-13 14:30:00-04:00,1.9900000095367432,1.9900000095367432,1.9807000160217285,1.9807000160217285,1305,0.0,0.0
2024-03-13 15:30:00-04:00,1.9800000190734863,1.9900000095367432,1.9700000286102295,1.9700000286102295,2675,0.0,0.0
2024-03-14 09:30:00-04:00,1.9800000190734863,1.9800000190734863,1.9800000190734863,1.9800000190734863,273,0.0,0.0
2024-03-14 10:30:00-04:00,2.029900074005127,2.0299999713897705,1.9800000190734863,1.9950000047683716,12296,0.0,0.0
2024-03-14 11:30:00-04:00,2.0,2.0006000995635986,1.9900000095367432,2.0006000995635986,1759,0.0,0.0
2024-03-14 13:30:00-04:00,1.9900000095367432,2.039900064468384,1.9900000095367432,2.0299999713897705,7175,0.0,0.0
2024-03-14 14:30:00-04:00,2.0199999809265137,2.0299999713897705,2.0,2.005000114440918,4193,0.0,0.0
2024-03-14 15:30:00-04:00,1.9700000286102295,2.0299999713897705,1.9700000286102295,2.0299999713897705,2505,0.0,0.0
2024-03-15 09:30:00-04:00,1.9801000356674194,1.9801000356674194,1.9801000356674194,1.9801000356674194,502,0.0,0.0
2024-03-15 10:30:00-04:00,1.9801000356674194,1.9801000356674194,1.9801000356674194,1.9801000356674194,1077,0.0,0.0
2024-03-15 11:30:00-04:00,2.005000114440918,2.0299999713897705,2.005000114440918,2.0299999713897705,741,0.0,0.0
2024-03-15 13:30:00-04:00,2.049999952316284,2.049999952316284,2.049999952316284,2.049999952316284,274,0.0,0.0
2024-03-15 14:30:00-04:00,2.049999952316284,2.0850000381469727,2.049999952316284,2.0850000381469727,1961,0.0,0.0
2024-03-15 15:30:00-04:00,2.0299999713897705,2.059999942779541,1.9600000381469727,2.0,3209,0.0,0.0
2024-03-18 09:30:00-04:00,1.940000057220459,1.9500000476837158,1.940000057220459,1.9428000450134277,2913,0.0,0.0
2024-03-18 10:30:00-04:00,1.9900000095367432,2.049999952316284,1.9800000190734863,2.0450000762939453,2065,0.0,0.0
2024-03-18 11:30:00-04:00,2.059999942779541,2.0999999046325684,2.049999952316284,2.0999999046325684,9081,0.0,0.0
2024-03-18 12:30:00-04:00,2.0999999046325684,2.0999999046325684,2.0803000926971436,2.0803000926971436,7022,0.0,0.0
2024-03-18 13:30:00-04:00,2.081399917602539,2.081399917602539,2.059999942779541,2.059999942779541,7467,0.0,0.0
2024-03-18 15:30:00-04:00,2.0999999046325684,2.0999999046325684,2.0999999046325684,2.0999999046325684,935,0.0,0.0
2024-03-19 09:30:00-04:00,1.9608999490737915,2.049999952316284,1.9608999490737915,2.049999952316284,1464,0.0,0.0
2024-03-19 10:30:00-04:00,2.049999952316284,2.049999952316284,2.049999952316284,2.049999952316284,1079,0.0,0.0
2024-03-19 11:30:00-04:00,2.0299999713897705,2.130000114440918,2.0299999713897705,2.130000114440918,77660,0.0,0.0
2024-03-19 12:30:00-04:00,2.100100040435791,2.200000047683716,2.100100040435791,2.200000047683716,18022,0.0,0.0
2024-03-19 13:30:00-04:00,2.200000047683716,2.200000047683716,2.0999999046325684,2.140000104904175,7291,0.0,0.0
2024-03-19 14:30:00-04:00,2.180000066757202,2.200000047683716,2.1600000858306885,2.1600000858306885,2833,0.0,0.0
2024-03-19 15:30:00-04:00,2.1500000953674316,2.180000066757202,2.1449999809265137,2.1500000953674316,11489,0.0,0.0
2024-03-20 10:30:00-04:00,2.0799999237060547,2.0799999237060547,2.0701000690460205,2.0701000690460205,1114,0.0,0.0
2024-03-20 11:30:00-04:00,2.109999895095825,2.119999885559082,2.109999895095825,2.119999885559082,1435,0.0,0.0
2024-03-20 12:30:00-04:00,2.119999885559082,2.190000057220459,2.119999885559082,2.190000057220459,17373,0.0,0.0
2024-03-20 13:30:00-04:00,2.190000057220459,2.240000009536743,2.1600000858306885,2.200000047683716,15628,0.0,0.0
2024-03-20 14:30:00-04:00,2.200000047683716,2.390000104904175,2.180000066757202,2.390000104904175,46179,0.0,0.0
2024-03-20 15:30:00-04:00,2.3399999141693115,2.4000000953674316,2.3399999141693115,2.371000051498413,32032,0.0,0.0
2024-03-21 09:30:00-04:00,2.3499999046325684,2.430000066757202,2.3499999046325684,2.430000066757202,23203,0.0,0.0
2024-03-21 10:30:00-04:00,2.424999952316284,2.5,2.380000114440918,2.4600000381469727,9708,0.0,0.0
2024-03-21 11:30:00-04:00,2.4549999237060547,2.4600000381469727,2.4100000858306885,2.4100000858306885,3207,0.0,0.0
2024-03-21 12:30:00-04:00,2.4149999618530273,2.4600000381469727,2.4149999618530273,2.444999933242798,1970,0.0,0.0
2024-03-21 13:30:00-04:00,2.444999933242798,2.444999933242798,2.444999933242798,2.444999933242798,310,0.0,0.0
2024-03-21 14:30:00-04:00,2.444999933242798,2.444999933242798,2.4000000953674316,2.4000000953674316,8316,0.0,0.0
2024-03-21 15:30:00-04:00,2.4200000762939453,2.440000057220459,2.4200000762939453,2.440000057220459,0,0.0,0.0
2024-03-22 09:30:00-04:00,2.450000047683716,2.450000047683716,2.3399999141693115,2.390000104904175,6485,0.0,0.0
2024-03-22 10:30:00-04:00,2.390000104904175,2.4000000953674316,2.390000104904175,2.3949999809265137,3950,0.0,0.0
2024-03-22 11:30:00-04:00,2.3975000381469727,2.4000000953674316,2.390000104904175,2.3949999809265137,6280,0.0,0.0
2024-03-22 12:30:00-04:00,2.3399999141693115,2.4200000762939453,2.3399999141693115,2.4200000762939453,5920,0.0,0.0
2024-03-22 13:30:00-04:00,2.390000104904175,2.430000066757202,2.390000104904175,2.390000104904175,6851,0.0,0.0
2024-03-22 14:30:00-04:00,2.430000066757202,2.440000057220459,2.390000104904175,2.4100000858306885,4635,0.0,0.0
2024-03-22 15:30:00-04:00,2.4100000858306885,2.440000057220459,2.4100000858306885,2.434999942779541,3640,0.0,0.0
2024-03-25 09:30:00-04:00,2.450000047683716,2.487499952316284,2.450000047683716,2.487499952316284,1157,0.0,0.0
2024-03-25 10:30:00-04:00,2.5,2.5,2.490000009536743,2.490000009536743,14711,0.0,0.0
2024-03-25 11:30:00-04:00,2.5350000858306885,2.5350000858306885,2.5225000381469727,2.5225000381469727,1557,0.0,0.0
2024-03-25 12:30:00-04:00,2.5000998973846436,2.538599967956543,2.490000009536743,2.509999990463257,28638,0.0,0.0
2024-03-25 13:30:00-04:00,2.5000998973846436,2.5000998973846436,2.5000998973846436,2.5000998973846436,1026,0.0,0.0
2024-03-25 14:30:00-04:00,2.509999990463257,2.5199999809265137,2.4900999069213867,2.4900999069213867,5440,0.0,0.0
2024-03-25 15:30:00-04:00,2.4900999069213867,2.4900999069213867,2.4800000190734863,2.4900999069213867,3151,0.0,0.0
2024-03-26 09:30:00-04:00,2.559999942779541,2.559999942779541,2.494999885559082,2.494999885559082,5782,0.0,0.0
2024-03-26 10:30:00-04:00,2.498500108718872,2.5,2.3399999141693115,2.5,6896,0.0,0.0
2024-03-26 11:30:00-04:00,2.4800000190734863,2.5,2.4800000190734863,2.5,4066,0.0,0.0
2024-03-26 12:30:00-04:00,2.5,2.5,2.4714999198913574,2.490000009536743,318063,0.0,0.0
2024-03-26 14:30:00-04:00,2.4749999046325684,2.490000009536743,2.4707000255584717,2.490000009536743,6718,0.0,0.0
2024-03-26 15:30:00-04:00,2.4800000190734863,2.490000009536743,2.440000057220459,2.440000057220459,3941,0.0,0.0
2024-03-27 09:30:00-04:00,2.340399980545044,2.5799999237060547,2.340399980545044,2.4700000286102295,6205,0.0,0.0
2024-03-27 10:30:00-04:00,2.450000047683716,2.4788999557495117,2.450000047683716,2.450000047683716,4665,0.0,0.0
2024-03-27 11:30:00-04:00,2.4700000286102295,2.4700000286102295,2.4700000286102295,2.4700000286102295,589,0.0,0.0
2024-03-27 12:30:00-04:00,2.4700000286102295,2.4700000286102295,2.4700000286102295,2.4700000286102295,522,0.0,0.0
2024-03-27 14:30:00-04:00,2.4749999046325684,2.4749999046325684,2.4749999046325684,2.4749999046325684,2595,0.0,0.0
2024-03-27 15:30:00-04:00,2.440000057220459,2.440000057220459,2.440000057220459,2.440000057220459,125,0.0,0.0
2024-03-28 10:30:00-04:00,2.4500999450683594,2.4700000286102295,2.4500999450683594,2.4700000286102295,3122,0.0,0.0
2024-03-28 12:30:00-04:00,2.4800000190734863,2.5,2.4800000190734863,2.490000009536743,7410,0.0,0.0
2024-03-28 14:30:00-04:00,2.450000047683716,2.450000047683716,2.369999885559082,2.369999885559082,7028,0.0,0.0
2024-03-28 15:30:00-04:00,2.4100000858306885,2.430000066757202,2.380000114440918,2.390000104904175,16046,0.0,0.0
2024-04-01 09:30:00-04:00,2.359999895095825,2.4000000953674316,2.359999895095825,2.4000000953674316,9832,0.0,0.0
2024-04-01 10:30:00-04:00,2.4000000953674316,2.4000000953674316,2.384999990463257,2.384999990463257,1066,0.0,0.0
2024-04-01 11:30:00-04:00,2.4000000953674316,2.4000000953674316,2.4000000953674316,2.4000000953674316,8824,0.0,0.0
2024-04-01 15:30:00-04:00,2.444999933242798,2.444999933242798,2.444999933242798,2.444999933242798,276,0.0,0.0
2024-04-02 09:30:00-04:00,2.424999952316284,2.424999952316284,2.424999952316284,2.424999952316284,433,0.0,0.0
2024-04-02 10:30:00-04:00,2.447499990463257,2.447499990463257,2.444999933242798,2.447499990463257,4003,0.0,0.0
2024-04-02 11:30:00-04:00,2.444999933242798,2.4700000286102295,2.440000057220459,2.4700000286102295,7615,0.0,0.0
2024-04-02 12:30:00-04:00,2.490000009536743,2.490000009536743,2.490000009536743,2.490000009536743,332,0.0,0.0
2024-04-02 13:30:00-04:00,2.499799966812134,2.499799966812134,2.484999895095825,2.499799966812134,2107,0.0,0.0
2024-04-02 14:30:00-04:00,2.499799966812134,2.5,2.440000057220459,2.4549999237060547,17434,0.0,0.0
2024-04-02 15:30:00-04:00,2.4500999450683594,2.4749999046325684,2.420599937438965,2.4549999237060547,18547,0.0,0.0
2024-04-03 09:30:00-04:00,2.444999933242798,2.444999933242798,2.444999933242798,2.444999933242798,515,0.0,0.0
2024-04-03 10:30:00-04:00,2.450000047683716,2.4649999141693115,2.450000047683716,2.4649999141693115,5143,0.0,0.0
2024-04-03 11:30:00-04:00,2.4700000286102295,2.4700000286102295,2.4700000286102295,2.4700000286102295,657,0.0,0.0
2024-04-03 12:30:00-04:00,2.4700000286102295,2.5,2.4700000286102295,2.5,9497,0.0,0.0
2024-04-03 13:30:00-04:00,2.5,2.5399999618530273,2.5,2.5399999618530273,6654,0.0,0.0
2024-04-03 14:30:00-04:00,2.5299999713897705,2.5399999618530273,2.509999990463257,2.509999990463257,6119,0.0,0.0
2024-04-03 15:30:00-04:00,2.509999990463257,2.509999990463257,2.509999990463257,2.509999990463257,362,0.0,0.0
2024-04-04 09:30:00-04:00,2.549999952316284,2.549999952316284,2.4800000190734863,2.490000009536743,4095,0.0,0.0
2024-04-04 10:30:00-04:00,2.490000009536743,2.490000009536743,2.490000009536743,2.490000009536743,209,0.0,0.0
2024-04-04 11:30:00-04:00,2.509999990463257,2.509999990463257,2.509999990463257,2.509999990463257,126,0.0,0.0
2024-04-04 12:30:00-04:00,2.5439999103546143,2.5439999103546143,2.5439999103546143,2.5439999103546143,578,0.0,0.0
2024-04-04 13:30:00-04:00,2.5364999771118164,2.5364999771118164,2.5364999771118164,2.5364999771118164,2250,0.0,0.0
2024-04-04 14:30:00-04:00,2.5,2.5,2.5,2.5,5124,0.0,0.0
2024-04-04 15:30:00-04:00,2.4892001152038574,2.4892001152038574,2.460099935531616,2.4700000286102295,484,0.0,0.0
2024-04-05 09:30:00-04:00,2.459199905395508,2.4600000381469727,2.459199905395508,2.4600000381469727,711,0.0,0.0
2024-04-05 11:30:00-04:00,2.4999001026153564,2.4999001026153564,2.4999001026153564,2.4999001026153564,201,0.0,0.0
2024-04-05 12:30:00-04:00,2.490000009536743,2.490000009536743,2.447999954223633,2.447999954223633,993,0.0,0.0
2024-04-05 13:30:00-04:00,2.5,2.5,2.5,2.5,6861,0.0,0.0
2024-04-05 14:30:00-04:00,2.5,2.5,2.5,2.5,1747,0.0,0.0
2024-04-05 15:30:00-04:00,2.4600000381469727,2.4600000381469727,2.4200000762939453,2.4200000762939453,1528,0.0,0.0
2024-04-08 10:30:00-04:00,2.4149999618530273,2.4149999618530273,2.3101000785827637,2.3101000785827637,6170,0.0,0.0
2024-04-08 11:30:00-04:00,2.430000066757202,2.430000066757202,2.4100000858306885,2.4100000858306885,2341,0.0,0.0
2024-04-08 12:30:00-04:00,2.430000066757202,2.450000047683716,2.4000000953674316,2.4000000953674316,5027,0.0,0.0
2024-04-08 14:30:00-04:00,2.4200000762939453,2.434999942779541,2.4200000762939453,2.434999942779541,813,0.0,0.0
2024-04-08 15:30:00-04:00,2.4200000762939453,2.4200000762939453,2.4000000953674316,2.4000000953674316,606,0.0,0.0
2024-04-09 09:30:00-04:00,2.359999895095825,2.359999895095825,2.359999895095825,2.359999895095825,1496,0.0,0.0
2024-04-09 10:30:00-04:00,2.3501999378204346,2.3501999378204346,2.3501999378204346,2.3501999378204346,1670,0.0,0.0
2024-04-09 11:30:00-04:00,2.378999948501587,2.378999948501587,2.3410000801086426,2.3605000972747803,5743,0.0,0.0
2024-04-09 12:30:00-04:00,2.3399999141693115,2.3399999141693115,2.3399999141693115,2.3399999141693115,2182,0.0,0.0
2024-04-09 13:30:00-04:00,2.3512001037597656,2.3512001037597656,2.319999933242798,2.3450000286102295,5832,0.0,0.0
2024-04-09 14:30:00-04:00,2.3399999141693115,2.3399999141693115,2.3399999141693115,2.3399999141693115,2073,0.0,0.0
2024-04-10 09:30:00-04:00,2.2300000190734863,2.292799949645996,2.2300000190734863,2.259999990463257,0,0.0,0.0
2024-04-10 11:30:00-04:00,2.274399995803833,2.274399995803833,2.274399995803833,2.274399995803833,5116,0.0,0.0
2024-04-10 13:30:00-04:00,2.27020001411438,2.299999952316284,2.27020001411438,2.27020001411438,1904,0.0,0.0
2024-04-10 15:30:00-04:00,2.259999990463257,2.259999990463257,2.259999990463257,2.259999990463257,0,0.0,0.0
2024-04-11 09:30:00-04:00,2.2660999298095703,2.319999933242798,2.2660999298095703,2.319999933242798,752,0.0,0.0
2024-04-11 10:30:00-04:00,2.3010001182556152,2.309999942779541,2.259999990463257,2.259999990463257,18762,0.0,0.0
2024-04-11 11:30:00-04:00,2.2699999809265137,2.2699999809265137,2.2699999809265137,2.2699999809265137,0,0.0,0.0
2024-04-11 12:30:00-04:00,2.369999885559082,2.4000000953674316,2.3299999237060547,2.3299999237060547,2833,0.0,0.0
2024-04-11 14:30:00-04:00,2.3192999362945557,2.3192999362945557,2.299999952316284,2.315999984741211,10729,0.0,0.0
2024-04-11 15:30:00-04:00,2.299999952316284,2.301500082015991,2.299999952316284,2.299999952316284,1627,0.0,0.0
2024-04-12 10:30:00-04:00,2.265000104904175,2.2899999618530273,2.265000104904175,2.2899999618530273,2074,0.0,0.0
2024-04-12 11:30:00-04:00,2.26419997215271,2.450000047683716,2.26419997215271,2.450000047683716,23791,0.0,0.0
2024-04-12 12:30:00-04:00,2.450000047683716,2.4600000381469727,2.430000066757202,2.4600000381469727,680,0.0,0.0
2024-04-12 13:30:00-04:00,2.444999933242798,2.450000047683716,2.2799999713897705,2.2799999713897705,6738,0.0,0.0
2024-04-12 14:30:00-04:00,2.4100000858306885,2.4100000858306885,2.2300000190734863,2.309999942779541,3789,0.0,0.0
2024-04-12 15:30:00-04:00,2.240000009536743,2.240000009536743,2.2300000190734863,2.2300000190734863,635,0.0,0.0
2024-04-15 09:30:00-04:00,2.180000066757202,2.3499999046325684,2.180000066757202,2.211899995803833,21144,0.0,0.0
2024-04-15 10:30:00-04:00,2.240000009536743,2.2672998905181885,2.240000009536743,2.2672998905181885,916,0.0,0.0
2024-04-15 11:30:00-04:00,2.2274999618530273,2.2274999618530273,2.2274999618530273,2.2274999618530273,440,0.0,0.0
2024-04-15 12:30:00-04:00,2.2499001026153564,2.2499001026153564,2.200000047683716,2.200000047683716,2008,0.0,0.0
2024-04-15 14:30:00-04:00,2.197999954223633,2.197999954223633,2.197999954223633,2.197999954223633,1281,0.0,0.0
2024-04-15 15:30:00-04:00,2.109999895095825,2.109999895095825,2.109999895095825,2.109999895095825,662,0.0,0.0
2024-04-16 09:30:00-04:00,2.0799999237060547,2.0966999530792236,2.071000099182129,2.071000099182129,3259,0.0,0.0
2024-04-16 10:30:00-04:00,2.1110999584198,2.1110999584198,2.1110999584198,2.1110999584198,691,0.0,0.0
2024-04-16 11:30:00-04:00,2.0799999237060547,2.0799999237060547,2.069999933242798,2.069999933242798,718,0.0,0.0
2024-04-16 12:30:00-04:00,2.0799999237060547,2.1600000858306885,2.0799999237060547,2.1600000858306885,4484,0.0,0.0
2024-04-16 13:30:00-04:00,2.1500000953674316,2.1500000953674316,2.1500000953674316,2.1500000953674316,2952,0.0,0.0
2024-04-17 09:30:00-04:00,2.119999885559082,2.119999885559082,2.119999885559082,2.119999885559082,2928,0.0,0.0
2024-04-17 12:30:00-04:00,2.194999933242798,2.25,2.194999933242798,2.2200000286102295,2673,0.0,0.0
2024-04-17 14:30:00-04:00,2.190000057220459,2.190000057220459,2.190000057220459,2.190000057220459,2134,0.0,0.0
2024-04-18 10:30:00-04:00,2.159899950027466,2.159899950027466,2.1540000438690186,2.159600019454956,2354,0.0,0.0
2024-04-18 11:30:00-04:00,2.1500000953674316,2.1500000953674316,2.130000114440918,2.130000114440918,952,0.0,0.0
2024-04-18 12:30:00-04:00,2.1250998973846436,2.180000066757202,2.1250998973846436,2.180000066757202,776,0.0,0.0
2024-04-18 14:30:00-04:00,2.255000114440918,2.255000114440918,2.160099983215332,2.160099983215332,929,0.0,0.0
2024-04-18 15:30:00-04:00,2.309999942779541,2.309999942779541,2.200000047683716,2.200000047683716,842,0.0,0.0
2024-04-19 10:30:00-04:00,2.109999895095825,2.109999895095825,2.109999895095825,2.109999895095825,833,0.0,0.0
2024-04-19 13:30:00-04:00,2.119999885559082,2.119999885559082,2.115000009536743,2.115000009536743,1033,0.0,0.0
2024-04-19 14:30:00-04:00,2.109999895095825,2.119999885559082,2.109999895095825,2.119999885559082,2117,0.0,0.0
2024-04-19 15:30:00-04:00,2.115000009536743,2.200000047683716,2.109999895095825,2.200000047683716,6315,0.0,0.0
2024-04-22 10:30:00-04:00,2.1217000484466553,2.1217000484466553,2.1217000484466553,2.1217000484466553,549,0.0,0.0
2024-04-22 11:30:00-04:00,2.140000104904175,2.1600000858306885,2.140000104904175,2.1600000858306885,856,0.0,0.0
2024-04-22 12:30:00-04:00,2.1700000762939453,2.180000066757202,2.1700000762939453,2.180000066757202,569,0.0,0.0
2024-04-22 13:30:00-04:00,2.2750000953674316,2.2799999713897705,2.259999990463257,2.2699999809265137,1450,0.0,0.0
2024-04-22 14:30:00-04:00,2.259999990463257,2.2699999809265137,2.25,2.25,3999,0.0,0.0
2024-04-22 15:30:00-04:00,2.2200000286102295,2.2200000286102295,2.2200000286102295,2.2200000286102295,438,0.0,0.0
2024-04-23 10:30:00-04:00,2.1500000953674316,2.180000066757202,2.1500000953674316,2.180000066757202,520,0.0,0.0
2024-04-23 12:30:00-04:00,2.180000066757202,2.180000066757202,2.180000066757202,2.180000066757202,805,0.0,0.0
2024-04-23 15:30:00-04:00,2.1600000858306885,2.1600000858306885,2.1600000858306885,2.1600000858306885,176,0.0,0.0
2024-04-24 10:30:00-04:00,2.1500000953674316,2.150099992752075,2.130000114440918,2.150099992752075,6725,0.0,0.0
2024-04-24 14:30:00-04:00,2.140000104904175,2.1468000411987305,2.130000114440918,2.130000114440918,4979,0.0,0.0
2024-04-24 15:30:00-04:00,2.130000114440918,2.200000047683716,2.130000114440918,2.200000047683716,590,0.0,0.0
2024-04-25 09:30:00-04:00,2.140000104904175,2.140000104904175,2.0773000717163086,2.0797998905181885,3111,0.0,0.0
2024-04-25 10:30:00-04:00,2.115000009536743,2.115000009536743,2.115000009536743,2.115000009536743,283,0.0,0.0
2024-04-25 11:30:00-04:00,2.109999895095825,2.119999885559082,2.109999895095825,2.119999885559082,1119,0.0,0.0
2024-04-25 13:30:00-04:00,2.115000009536743,2.115000009536743,2.0999999046325684,2.115000009536743,4786,0.0,0.0
2024-04-25 14:30:00-04:00,2.1110999584198,2.1500000953674316,2.109999895095825,2.1500000953674316,4796,0.0,0.0
2024-04-25 15:30:00-04:00,2.119999885559082,2.119999885559082,2.119999885559082,2.119999885559082,225,0.0,0.0
2024-04-26 09:30:00-04:00,2.0799999237060547,2.0799999237060547,2.0799999237060547,2.0799999237060547,2253,0.0,0.0
2024-04-26 10:30:00-04:00,2.0973000526428223,2.115600109100342,2.0973000526428223,2.115600109100342,520,0.0,0.0
2024-04-26 12:30:00-04:00,2.0899999141693115,2.0899999141693115,2.0899999141693115,2.0899999141693115,1111,0.0,0.0
2024-04-26 13:30:00-04:00,2.1198999881744385,2.1198999881744385,2.1198999881744385,2.1198999881744385,240,0.0,0.0
2024-04-26 14:30:00-04:00,2.109999895095825,2.109999895095825,2.109999895095825,2.109999895095825,1377,0.0,0.0
2024-04-29 10:30:00-04:00,2.1345999240875244,2.1500000953674316,2.1345999240875244,2.1500000953674316,4381,0.0,0.0
2024-04-29 11:30:00-04:00,2.1449999809265137,2.1449999809265137,2.1449999809265137,2.1449999809265137,1197,0.0,0.0
2024-04-29 12:30:00-04:00,2.1449999809265137,2.1449999809265137,2.1449999809265137,2.1449999809265137,407,0.0,0.0
2024-04-29 13:30:00-04:00,2.1500000953674316,2.1500000953674316,2.119999885559082,2.119999885559082,1766,0.0,0.0
2024-04-30 09:30:00-04:00,2.200000047683716,2.200000047683716,2.200000047683716,2.200000047683716,480,0.0,0.0
2024-04-30 10:30:00-04:00,2.200000047683716,2.200000047683716,2.200000047683716,2.200000047683716,1103,0.0,0.0
2024-04-30 11:30:00-04:00,2.119999885559082,2.119999885559082,2.119999885559082,2.119999885559082,0,0.0,0.0
2024-04-30 14:30:00-04:00,2.119999885559082,2.119999885559082,2.119999885559082,2.119999885559082,1201,0.0,0.0
2024-05-01 09:30:00-04:00,2.119999885559082,2.2200000286102295,2.119999885559082,2.1217000484466553,3020,0.0,0.0
2024-05-01 10:30:00-04:00,2.130199909210205,2.130199909210205,2.1301000118255615,2.1301000118255615,1919,0.0,0.0
2024-05-01 14:30:00-04:00,2.25,2.25,2.190000057220459,2.200000047683716,2760,0.0,0.0
2024-05-01 15:30:00-04:00,2.200000047683716,2.200000047683716,2.200000047683716,2.200000047683716,246,0.0,0.0
2024-05-02 13:30:00-04:00,2.125,2.1500000953674316,2.109999895095825,2.130000114440918,4938,0.0,0.0
2024-05-02 14:30:00-04:00,2.1470999717712402,2.1500000953674316,2.1470999717712402,2.1500000953674316,5236,0.0,0.0
2024-05-02 15:30:00-04:00,2.200000047683716,2.200000047683716,2.1600000858306885,2.1600000858306885,783,0.0,0.0
2024-05-03 10:30:00-04:00,2.0999999046325684,2.1596999168395996,2.0999999046325684,2.1596999168395996,1802,0.0,0.0
2024-05-03 12:30:00-04:00,2.174999952316284,2.174999952316284,2.174999952316284,2.174999952316284,227,0.0,0.0
2024-05-03 13:30:00-04:00,2.174999952316284,2.190000057220459,2.174999952316284,2.190000057220459,881,0.0,0.0
2024-05-03 14:30:00-04:00,2.174999952316284,2.174999952316284,2.174999952316284,2.174999952316284,466,0.0,0.0
2024-05-06 09:30:00-04:00,2.109999895095825,2.109999895095825,2.109999895095825,2.109999895095825,462,0.0,0.0
2024-05-06 10:30:00-04:00,2.174999952316284,2.174999952316284,2.109999895095825,2.174999952316284,589,0.0,0.0
2024-05-06 14:30:00-04:00,2.200000047683716,2.200000047683716,2.200000047683716,2.200000047683716,4066,0.0,0.0
2024-05-07 09:30:00-04:00,2.119999885559082,2.1500000953674316,2.119999885559082,2.1500000953674316,1099,0.0,0.0
2024-05-07 10:30:00-04:00,2.143699884414673,2.143699884414673,2.1386001110076904,2.1386001110076904,348,0.0,0.0
2024-05-07 11:30:00-04:00,2.115000009536743,2.136199951171875,2.115000009536743,2.136199951171875,1131,0.0,0.0
2024-05-07 13:30:00-04:00,2.120699882507324,2.139899969100952,2.0899999141693115,2.0899999141693115,2481,0.0,0.0
2024-05-07 14:30:00-04:00,2.1500000953674316,2.1500000953674316,2.1500000953674316,2.1500000953674316,1053,0.0,0.0
2024-05-08 09:30:00-04:00,2.109999895095825,2.135699987411499,2.109999895095825,2.135699987411499,678,0.0,0.0
2024-05-08 11:30:00-04:00,2.1700000762939453,2.1700000762939453,2.1700000762939453,2.1700000762939453,1711,0.0,0.0
2024-05-08 12:30:00-04:00,2.200000047683716,2.200000047683716,2.200000047683716,2.200000047683716,1726,0.0,0.0
2024-05-08 13:30:00-04:00,2.200000047683716,2.200000047683716,2.200000047683716,2.200000047683716,500,0.0,0.0
2024-05-08 14:30:00-04:00,2.200000047683716,2.200000047683716,2.200000047683716,2.200000047683716,1119,0.0,0.0
2024-05-08 15:30:00-04:00,2.1201000213623047,2.130000114440918,2.1201000213623047,2.130000114440918,351,0.0,0.0
2024-05-09 09:30:00-04:00,2.0899999141693115,2.1087000370025635,2.0899999141693115,2.1087000370025635,1840,0.0,0.0
2024-05-09 11:30:00-04:00,2.174999952316284,2.174999952316284,2.174999952316284,2.174999952316284,276,0.0,0.0
2024-05-09 13:30:00-04:00,2.190000057220459,2.190000057220459,2.190000057220459,2.190000057220459,135,0.0,0.0
2024-05-09 14:30:00-04:00,2.180000066757202,2.180000066757202,2.109999895095825,2.119999885559082,1538,0.0,0.0
2024-05-09 15:30:00-04:00,2.180000066757202,2.180000066757202,2.1765999794006348,2.1765999794006348,1230,0.0,0.0
2024-05-10 09:30:00-04:00,2.205699920654297,2.205699920654297,2.200000047683716,2.200000047683716,467,0.0,0.0
2024-05-10 10:30:00-04:00,2.2200000286102295,2.2200000286102295,2.219899892807007,2.219899892807007,389,0.0,0.0
2024-05-10 11:30:00-04:00,2.2100000381469727,2.2100000381469727,2.184999942779541,2.184999942779541,1334,0.0,0.0
2024-05-10 13:30:00-04:00,2.1700000762939453,2.180000066757202,2.1700000762939453,2.180000066757202,452,0.0,0.0
2024-05-10 14:30:00-04:00,2.191800117492676,2.191800117492676,2.168100118637085,2.168100118637085,533,0.0,0.0
2024-05-10 15:30:00-04:00,2.1619999408721924,2.1619999408721924,2.1549999713897705,2.1549999713897705,3545,0.0,0.0
2024-05-13 10:30:00-04:00,2.1600000858306885,2.1600000858306885,2.1600000858306885,2.1600000858306885,2179,0.0,0.0
2024-05-14 09:30:00-04:00,2.0899999141693115,2.109999895095825,2.0299999713897705,2.109999895095825,3288,0.0,0.0
2024-05-14 11:30:00-04:00,2.0999999046325684,2.190000057220459,2.0999999046325684,2.190000057220459,1547,0.0,0.0
2024-05-14 12:30:00-04:00,2.0999999046325684,2.0999999046325684,2.0999999046325684,2.0999999046325684,629,0.0,0.0
2024-05-14 13:30:00-04:00,2.1154000759124756,2.1154000759124756,2.1154000759124756,2.1154000759124756,620,0.0,0.0
2024-05-15 11:30:00-04:00,2.140000104904175,2.140000104904175,2.140000104904175,2.140000104904175,9669,0.0,0.0
2024-05-15 15:30:00-04:00,2.0899999141693115,2.0899999141693115,2.0899999141693115,2.0899999141693115,537,0.0,0.0
2024-05-16 09:30:00-04:00,2.0999999046325684,2.0999999046325684,2.0899999141693115,2.0899999141693115,629,0.0,0.0
2024-05-16 10:30:00-04:00,2.0299999713897705,2.0299999713897705,2.0299999713897705,2.0299999713897705,5026,0.0,0.0
2024-05-16 12:30:00-04:00,2.123500108718872,2.123500108718872,2.123500108718872,2.123500108718872,313,0.0,0.0
2024-05-16 14:30:00-04:00,2.065000057220459,2.0799999237060547,2.065000057220459,2.069999933242798,1234,0.0,0.0
2024-05-16 15:30:00-04:00,2.0850000381469727,2.0850000381469727,2.0850000381469727,2.0850000381469727,271,0.0,0.0
2024-05-17 10:30:00-04:00,2.126199960708618,2.126199960708618,2.126199960708618,2.126199960708618,858,0.0,0.0
2024-05-17 11:30:00-04:00,2.100100040435791,2.1449999809265137,2.100100040435791,2.119999885559082,899,0.0,0.0
2024-05-17 14:30:00-04:00,2.1600000858306885,2.1600000858306885,2.1600000858306885,2.1600000858306885,392,0.0,0.0
2024-05-17 15:30:00-04:00,2.1607000827789307,2.1607000827789307,2.0999999046325684,2.140000104904175,866,0.0,0.0
2024-05-20 09:30:00-04:00,2.069999933242798,2.069999933242798,2.069999933242798,2.069999933242798,738,0.0,0.0
2024-05-20 13:30:00-04:00,2.140000104904175,2.1410000324249268,2.119999885559082,2.1410000324249268,1726,0.0,0.0
2024-05-20 14:30:00-04:00,2.140000104904175,2.140000104904175,2.140000104904175,2.140000104904175,1420,0.0,0.0
2024-05-21 09:30:00-04:00,2.069999933242798,2.109999895095825,2.069999933242798,2.0899999141693115,2243,0.0,0.0
2024-05-21 12:30:00-04:00,2.232599973678589,2.232599973678589,2.232599973678589,2.232599973678589,863,0.0,0.0
2024-05-21 13:30:00-04:00,2.194999933242798,2.2311999797821045,2.194999933242798,2.2311999797821045,777,0.0,0.0
2024-05-21 14:30:00-04:00,2.151900053024292,2.186500072479248,2.1435999870300293,2.186500072479248,1601,0.0,0.0
2024-05-21 15:30:00-04:00,2.218899965286255,2.2300000190734863,2.0899999141693115,2.0899999141693115,7883,0.0,0.0
2024-05-22 09:30:00-04:00,2.1549999713897705,2.1600000858306885,2.1549999713897705,2.1600000858306885,502,0.0,0.0
2024-05-22 10:30:00-04:00,2.0899999141693115,2.134000062942505,2.0899999141693115,2.134000062942505,1856,0.0,0.0
2024-05-22 11:30:00-04:00,2.1393001079559326,2.1393001079559326,2.1393001079559326,2.1393001079559326,855,0.0,0.0
2024-05-22 12:30:00-04:00,2.1301000118255615,2.1301000118255615,2.1301000118255615,2.1301000118255615,1686,0.0,0.0
2024-05-23 09:30:00-04:00,2.123800039291382,2.123800039291382,2.123800039291382,2.123800039291382,1289,0.0,0.0
2024-05-23 11:30:00-04:00,2.199899911880493,2.199899911880493,2.1500000953674316,2.1500000953674316,905,0.0,0.0
2024-05-23 12:30:00-04:00,2.140000104904175,2.140000104904175,2.140000104904175,2.140000104904175,560,0.0,0.0
2024-05-23 13:30:00-04:00,2.140000104904175,2.140000104904175,2.140000104904175,2.140000104904175,394,0.0,0.0
2024-05-23 14:30:00-04:00,2.134999990463257,2.1733999252319336,2.130000114440918,2.130000114440918,3511,0.0,0.0
2024-05-24 09:30:00-04:00,2.0899999141693115,2.0899999141693115,2.080199956893921,2.080199956893921,2187,0.0,0.0
2024-05-24 10:30:00-04:00,2.119999885559082,2.184999942779541,2.109999895095825,2.184999942779541,761,0.0,0.0
2024-05-24 11:30:00-04:00,2.110100030899048,2.110100030899048,2.0799999237060547,2.110100030899048,2850,0.0,0.0
2024-05-24 13:30:00-04:00,2.0799999237060547,2.190000057220459,2.0701000690460205,2.1700000762939453,1828,0.0,0.0
2024-05-24 14:30:00-04:00,2.1449999809265137,2.1449999809265137,2.140000104904175,2.140000104904175,418,0.0,0.0
2024-05-28 09:30:00-04:00,2.0999999046325684,2.0999999046325684,2.0999999046325684,2.0999999046325684,632,0.0,0.0
2024-05-28 10:30:00-04:00,2.0899999141693115,2.0899999141693115,2.0899999141693115,2.0899999141693115,2248,0.0,0.0
2024-05-28 12:30:00-04:00,2.099900007247925,2.099900007247925,2.099900007247925,2.099900007247925,219,0.0,0.0
2024-05-28 13:30:00-04:00,2.0130999088287354,2.0130999088287354,2.0130999088287354,2.0130999088287354,736,0.0,0.0
2024-05-28 14:30:00-04:00,2.009999990463257,2.059999942779541,2.009999990463257,2.059999942779541,1072,0.0,0.0
2024-05-28 15:30:00-04:00,2.049999952316284,2.049999952316284,2.049999952316284,2.049999952316284,720,0.0,0.0
2024-05-29 10:30:00-04:00,2.0299999713897705,2.069999933242798,1.7799999713897705,2.0,19582,0.0,0.0
2024-05-29 11:30:00-04:00,2.059999942779541,2.0699000358581543,2.0399999618530273,2.0399999618530273,2389,0.0,0.0
2024-05-29 12:30:00-04:00,2.0069000720977783,2.0069000720977783,2.0069000720977783,2.0069000720977783,278,0.0,0.0
2024-05-29 13:30:00-04:00,1.9700000286102295,1.9700000286102295,1.9600000381469727,1.9600000381469727,834,0.0,0.0
2024-05-29 14:30:00-04:00,1.9550000429153442,1.9700000286102295,1.9299999475479126,1.9700000286102295,17598,0.0,0.0
2024-05-29 15:30:00-04:00,2.003499984741211,2.003499984741211,1.9800000190734863,1.9800000190734863,3116,0.0,0.0
2024-05-30 09:30:00-04:00,1.9900000095367432,2.059999942779541,1.9313000440597534,2.059999942779541,8668,0.0,0.0
2024-05-30 10:30:00-04:00,2.059999942779541,2.059999942779541,2.055000066757202,2.055000066757202,1652,0.0,0.0
2024-05-30 11:30:00-04:00,2.055000066757202,2.059999942779541,2.049999952316284,2.055000066757202,2567,0.0,0.0
2024-05-30 12:30:00-04:00,2.0199999809265137,2.0199999809265137,2.0199999809265137,2.0199999809265137,253,0.0,0.0
2024-05-30 14:30:00-04:00,1.8899999856948853,1.8899999856948853,1.8899999856948853,1.8899999856948853,647,0.0,0.0
2024-05-30 15:30:00-04:00,2.0199999809265137,2.0199999809265137,2.0199999809265137,2.0199999809265137,251,0.0,0.0
2024-05-31 09:30:00-04:00,2.009999990463257,2.009999990463257,2.009999990463257,2.009999990463257,148,0.0,0.0
2024-05-31 10:30:00-04:00,2.010699987411499,2.019700050354004,2.005000114440918,2.005000114440918,1950,0.0,0.0
2024-05-31 12:30:00-04:00,2.0199999809265137,2.0399999618530273,2.005000114440918,2.0399999618530273,5077,0.0,0.0
2024-05-31 13:30:00-04:00,2.009999990463257,2.009999990463257,2.009999990463257,2.009999990463257,689,0.0,0.0
2024-05-31 15:30:00-04:00,1.9850000143051147,1.9850000143051147,1.9600000381469727,1.9600000381469727,902,0.0,0.0
2024-06-03 09:30:00-04:00,1.9800000190734863,1.9800000190734863,1.9199999570846558,1.9199999570846558,1900,0.0,0.0
2024-06-03 10:30:00-04:00,1.9637999534606934,1.999899983406067,1.9299999475479126,1.9850000143051147,8149,0.0,0.0
2024-06-03 11:30:00-04:00,2.0,2.0,1.9850000143051147,1.9850000143051147,272,0.0,0.0
2024-06-03 13:30:00-04:00,1.975000023841858,1.9850000143051147,1.9706000089645386,1.9706000089645386,1864,0.0,0.0
2024-06-03 14:30:00-04:00,1.9700000286102295,1.9700000286102295,1.965000033378601,1.9700000286102295,1963,0.0,0.0
2024-06-03 15:30:00-04:00,1.9730000495910645,1.975000023841858,1.9700000286102295,1.9700000286102295,1033,0.0,0.0
2024-06-04 09:30:00-04:00,1.9800000190734863,2.068000078201294,1.9800000190734863,2.049999952316284,5484,0.0,0.0
2024-06-04 11:30:00-04:00,1.9700000286102295,2.009999990463257,1.9700000286102295,1.9895999431610107,1498,0.0,0.0
2024-06-04 12:30:00-04:00,1.9800000190734863,1.9800000190734863,1.9800000190734863,1.9800000190734863,472,0.0,0.0
2024-06-04 13:30:00-04:00,1.9700000286102295,2.0,1.9108999967575073,1.9800000190734863,5719,0.0,0.0
2024-06-04 14:30:00-04:00,1.9800000190734863,1.9800000190734863,1.9800000190734863,1.9800000190734863,309,0.0,0.0
2024-06-04 15:30:00-04:00,1.9266999959945679,2.005000114440918,1.9266999959945679,2.005000114440918,981,0.0,0.0
2024-06-05 09:30:00-04:00,1.9600000381469727,1.9600000381469727,1.9600000381469727,1.9600000381469727,387,0.0,0.0
2024-06-05 10:30:00-04:00,2.010999917984009,2.010999917984009,2.0023999214172363,2.009999990463257,4496,0.0,0.0
2024-06-05 12:30:00-04:00,1.9850000143051147,1.9900000095367432,1.9850000143051147,1.9896999597549438,10452,0.0,0.0
2024-06-05 14:30:00-04:00,2.011199951171875,2.0408999919891357,1.9103000164031982,2.0408999919891357,31407,0.0,0.0
2024-06-05 15:30:00-04:00,2.049999952316284,2.049999952316284,1.9872000217437744,1.9872000217437744,565,0.0,0.0
2024-06-06 09:30:00-04:00,1.9700000286102295,1.9700000286102295,1.8799999952316284,1.8799999952316284,7067,0.0,0.0
2024-06-06 10:30:00-04:00,1.9199999570846558,2.06469988822937,1.9199999570846558,1.9500000476837158,7919,0.0,0.0
2024-06-06 11:30:00-04:00,2.069999933242798,2.069999933242798,1.9470000267028809,1.9470000267028809,408,0.0,0.0
2024-06-06 12:30:00-04:00,2.069999933242798,2.0820000171661377,1.9700000286102295,2.009999990463257,8384,0.0,0.0
2024-06-06 13:30:00-04:00,2.0280001163482666,2.059999942779541,1.9800000190734863,2.009999990463257,8089,0.0,0.0
2024-06-06 14:30:00-04:00,2.038599967956543,2.038599967956543,2.0199999809265137,2.0199999809265137,1636,0.0,0.0
2024-06-06 15:30:00-04:00,1.9900000095367432,2.0199999809265137,1.9900000095367432,2.0199999809265137,401,0.0,0.0
2024-06-07 09:30:00-04:00,1.9299999475479126,2.049999952316284,1.9299999475479126,2.049999952316284,8851,0.0,0.0
2024-06-07 10:30:00-04:00,2.0007998943328857,2.069999933242798,2.0007998943328857,2.069999933242798,1123,0.0,0.0
2024-06-07 11:30:00-04:00,2.090100049972534,2.090100049972534,2.0,2.0,3513,0.0,0.0
2024-06-07 12:30:00-04:00,2.059999942779541,2.119999885559082,1.9600000381469727,1.9600000381469727,6218,0.0,0.0
2024-06-07 13:30:00-04:00,2.049999952316284,2.119999885559082,2.049999952316284,2.119999885559082,10260,0.0,0.0
2024-06-07 14:30:00-04:00,2.0799999237060547,2.1500000953674316,2.049999952316284,2.130000114440918,8168,0.0,0.0
2024-06-07 15:30:00-04:00,2.140000104904175,2.200000047683716,2.140000104904175,2.1700000762939453,8503,0.0,0.0
2024-06-10 09:30:00-04:00,2.180000066757202,2.200000047683716,2.180000066757202,2.200000047683716,15343,0.0,0.0
2024-06-10 10:30:00-04:00,2.2249999046325684,2.2249999046325684,2.180000066757202,2.2249999046325684,5293,0.0,0.0
2024-06-10 11:30:00-04:00,2.2274999618530273,2.2300000190734863,2.1700000762939453,2.2149999141693115,7990,0.0,0.0
2024-06-10 12:30:00-04:00,2.194999933242798,2.194999933242798,2.1500000953674316,2.1500000953674316,3672,0.0,0.0
2024-06-10 13:30:00-04:00,2.1500000953674316,2.240000009536743,2.1500000953674316,2.240000009536743,11179,0.0,0.0
2024-06-10 14:30:00-04:00,2.2249999046325684,2.2249999046325684,2.200000047683716,2.200000047683716,2234,0.0,0.0
2024-06-10 15:30:00-04:00,2.2300000190734863,2.2799999713897705,2.2300000190734863,2.259999990463257,10139,0.0,0.0
2024-06-11 09:30:00-04:00,2.2799999713897705,2.2799999713897705,2.1700000762939453,2.2699999809265137,18549,0.0,0.0
2024-06-11 10:30:00-04:00,2.2699999809265137,2.2799999713897705,2.2699999809265137,2.2750000953674316,4019,0.0,0.0
2024-06-11 11:30:00-04:00,2.2799999713897705,2.299999952316284,2.2799999713897705,2.2899999618530273,3798,0.0,0.0
2024-06-11 12:30:00-04:00,2.2899999618530273,2.4000000953674316,2.2899999618530273,2.390000104904175,7080,0.0,0.0
2024-06-11 13:30:00-04:00,2.384999990463257,2.390000104904175,2.365000009536743,2.380000114440918,3627,0.0,0.0
2024-06-11 14:30:00-04:00,2.380000114440918,2.4000000953674316,2.2009999752044678,2.3350000381469727,15719,0.0,0.0
2024-06-11 15:30:00-04:00,2.299999952316284,2.299999952316284,2.2200000286102295,2.299999952316284,6891,0.0,0.0
2024-06-12 09:30:00-04:00,2.299999952316284,2.4000000953674316,2.2799999713897705,2.369999885559082,279351,0.0,0.0
2024-06-12 10:30:00-04:00,2.370699882507324,2.370699882507324,2.319999933242798,2.3299999237060547,6171,0.0,0.0
2024-06-12 11:30:00-04:00,2.365000009536743,2.365000009536743,2.365000009536743,2.365000009536743,20109,0.0,0.0
2024-06-12 12:30:00-04:00,2.311000108718872,2.311000108718872,2.311000108718872,2.311000108718872,294,0.0,0.0
2024-06-12 13:30:00-04:00,2.309999942779541,2.3297998905181885,2.280100107192993,2.305000066757202,6211,0.0,0.0
2024-06-12 14:30:00-04:00,2.2799999713897705,2.305000066757202,2.2799999713897705,2.2799999713897705,4898,0.0,0.0
2024-06-12 15:30:00-04:00,2.2799999713897705,2.2850000858306885,2.0450000762939453,2.25,9954,0.0,0.0
2024-06-13 09:30:00-04:00,2.25,2.25,2.25,2.25,7127,0.0,0.0
2024-06-13 10:30:00-04:00,2.3499999046325684,2.3499999046325684,2.349900007247925,2.3499999046325684,2742,0.0,0.0
2024-06-13 11:30:00-04:00,2.3499999046325684,2.3499999046325684,2.2899999618530273,2.2899999618530273,1243,0.0,0.0
2024-06-13 14:30:00-04:00,2.2950000762939453,2.3020999431610107,2.270400047302246,2.270400047302246,1928,0.0,0.0
2024-06-13 15:30:00-04:00,2.2699999809265137,2.2699999809265137,2.2200000286102295,2.2200000286102295,1906,0.0,0.0
2024-06-14 09:30:00-04:00,2.180000066757202,2.180000066757202,2.180000066757202,2.180000066757202,527,0.0,0.0
2024-06-14 12:30:00-04:00,2.2209999561309814,2.299999952316284,2.2209999561309814,2.299999952316284,376,0.0,0.0
2024-06-14 13:30:00-04:00,2.2899999618530273,2.299999952316284,2.2200000286102295,2.2300000190734863,2435,0.0,0.0
2024-06-14 14:30:00-04:00,2.2300000190734863,2.2300000190734863,2.2300000190734863,2.2300000190734863,2301,0.0,0.0
2024-06-14 15:30:00-04:00,2.1700000762939453,2.1726999282836914,2.1700000762939453,2.1726999282836914,2506,0.0,0.0
2024-06-17 09:30:00-04:00,2.2200000286102295,2.2200000286102295,2.2200000286102295,2.2200000286102295,458,0.0,0.0
2024-06-17 11:30:00-04:00,2.190000057220459,2.2100000381469727,2.1600000858306885,2.200000047683716,2638,0.0,0.0
2024-06-17 12:30:00-04:00,2.2100000381469727,2.2100000381469727,2.2100000381469727,2.2100000381469727,114,0.0,0.0
2024-06-17 13:30:00-04:00,2.2100000381469727,2.2100000381469727,2.2100000381469727,2.2100000381469727,1363,0.0,0.0
2024-06-18 09:30:00-04:00,2.1898999214172363,2.1898999214172363,2.1898999214172363,2.1898999214172363,333,0.0,0.0
2024-06-18 10:30:00-04:00,2.0899999141693115,2.0999999046325684,2.0899999141693115,2.0999999046325684,1480,0.0,0.0
2024-06-18 11:30:00-04:00,2.131500005722046,2.131500005722046,2.131500005722046,2.131500005722046,710,0.0,0.0
2024-06-18 15:30:00-04:00,2.1700000762939453,2.1849000453948975,2.0899999141693115,2.0899999141693115,4675,0.0,0.0
2024-06-20 09:30:00-04:00,2.0999999046325684,2.115000009536743,2.0999999046325684,2.115000009536743,924,0.0,0.0
2024-06-20 10:30:00-04:00,2.1600000858306885,2.1600000858306885,2.1600000858306885,2.1600000858306885,330,0.0,0.0
2024-06-20 11:30:00-04:00,2.1415998935699463,2.1415998935699463,2.1415998935699463,2.1415998935699463,306,0.0,0.0
2024-06-20 12:30:00-04:00,2.140000104904175,2.140000104904175,2.140000104904175,2.140000104904175,1369,0.0,0.0
2024-06-20 13:30:00-04:00,2.140000104904175,2.1700000762939453,2.140000104904175,2.1698999404907227,3459,0.0,0.0
2024-06-20 14:30:00-04:00,2.140000104904175,2.140000104904175,2.140000104904175,2.140000104904175,1563,0.0,0.0
2024-06-20 15:30:00-04:00,2.0899999141693115,2.0899999141693115,2.0899999141693115,2.0899999141693115,189,0.0,0.0
2024-06-21 09:30:00-04:00,2.089900016784668,2.089900016784668,2.069999933242798,2.0799999237060547,4447,0.0,0.0
2024-06-21 11:30:00-04:00,2.009999990463257,2.009999990463257,2.0,2.0,2245,0.0,0.0
2024-06-21 12:30:00-04:00,2.0299999713897705,2.089900016784668,2.0299999713897705,2.0299999713897705,512,0.0,0.0
2024-06-21 13:30:00-04:00,2.0206000804901123,2.0206000804901123,2.0206000804901123,2.0206000804901123,1761,0.0,0.0
2024-06-21 15:30:00-04:00,2.0199999809265137,2.0199999809265137,2.009999990463257,2.009999990463257,8376,0.0,0.0
2024-06-24 09:30:00-04:00,1.9500000476837158,2.0199999809265137,1.9500000476837158,2.0199999809265137,667,0.0,0.0
2024-06-24 10:30:00-04:00,2.0332000255584717,2.049999952316284,2.0332000255584717,2.049999952316284,1075,0.0,0.0
2024-06-24 12:30:00-04:00,2.049999952316284,2.0799999237060547,2.049999952316284,2.0799999237060547,1278,0.0,0.0
2024-06-24 13:30:00-04:00,2.0100998878479004,2.0100998878479004,2.0100998878479004,2.0100998878479004,1270,0.0,0.0
2024-06-24 14:30:00-04:00,2.0799999237060547,2.0799999237060547,2.0799999237060547,2.0799999237060547,1025,0.0,0.0
2024-06-25 09:30:00-04:00,2.0899999141693115,2.0899999141693115,2.0899999141693115,2.0899999141693115,173,0.0,0.0
2024-06-25 10:30:00-04:00,2.130000114440918,2.130000114440918,2.130000114440918,2.130000114440918,309,0.0,0.0
2024-06-25 13:30:00-04:00,2.119999885559082,2.130000114440918,2.119999885559082,2.119999885559082,745,0.0,0.0
2024-06-25 14:30:00-04:00,2.059999942779541,2.059999942779541,2.059999942779541,2.059999942779541,852,0.0,0.0
2024-06-25 15:30:00-04:00,2.1098999977111816,2.1098999977111816,2.1098999977111816,2.1098999977111816,629,0.0,0.0
2024-06-26 09:30:00-04:00,1.9900000095367432,2.0399999618530273,1.9900000095367432,2.0399999618530273,466,0.0,0.0
2024-06-26 11:30:00-04:00,2.180000066757202,2.180000066757202,2.180000066757202,2.180000066757202,1105,0.0,0.0
2024-06-26 13:30:00-04:00,2.1591999530792236,2.1591999530792236,2.1591999530792236,2.1591999530792236,136,0.0,0.0
2024-06-26 14:30:00-04:00,2.1449999809265137,2.1500000953674316,2.140000104904175,2.1500000953674316,2973,0.0,0.0
2024-06-26 15:30:00-04:00,2.125,2.125,2.125,2.125,342,0.0,0.0
2024-06-27 11:30:00-04:00,2.0799999237060547,2.0799999237060547,2.0799999237060547,2.0799999237060547,142,0.0,0.0
2024-06-27 13:30:00-04:00,2.0806000232696533,2.0806000232696533,2.0806000232696533,2.0806000232696533,191,0.0,0.0
2024-06-27 14:30:00-04:00,2.0999999046325684,2.0999999046325684,2.080199956893921,2.0803000926971436,4506,0.0,0.0
2024-06-28 09:30:00-04:00,2.049999952316284,2.109999895095825,2.049999952316284,2.059999942779541,1573,0.0,0.0
2024-06-28 13:30:00-04:00,2.1143999099731445,2.1700000762939453,2.1143999099731445,2.1700000762939453,1403,0.0,0.0
2024-06-28 14:30:00-04:00,2.050100088119507,2.1071999073028564,2.050100088119507,2.055000066757202,1516,0.0,0.0
2024-06-28 15:30:00-04:00,2.088099956512451,2.088099956512451,1.9900000095367432,1.9900000095367432,11422,0.0,0.0
2024-07-01 11:30:00-04:00,2.0,2.0,1.9910000562667847,2.0,0,0.0,0.0
2024-07-01 12:30:00-04:00,2.0,2.0,2.0,2.0,1114,0.0,0.0
2024-07-01 14:30:00-04:00,2.059999942779541,2.068000078201294,2.0425000190734863,2.0425000190734863,7549,0.0,0.0
2024-07-01 15:30:00-04:00,2.0,2.0399999618530273,1.9601000547409058,1.9601000547409058,4310,0.0,0.0
2024-07-02 09:30:00-04:00,2.077199935913086,2.118799924850464,2.077199935913086,2.118799924850464,989,0.0,0.0
2024-07-02 10:30:00-04:00,2.0608999729156494,2.0608999729156494,2.059999942779541,2.059999942779541,635,0.0,0.0
2024-07-02 11:30:00-04:00,2.134999990463257,2.134999990463257,2.134999990463257,2.134999990463257,217,0.0,0.0
2024-07-02 12:30:00-04:00,2.1898999214172363,2.1898999214172363,2.0799999237060547,2.115000009536743,4606,0.0,0.0
2024-07-02 14:30:00-04:00,2.1050000190734863,2.109999895095825,2.0850000381469727,2.0917000770568848,2449,0.0,0.0
2024-07-02 15:30:00-04:00,2.069999933242798,2.069999933242798,2.059999942779541,2.059999942779541,311,0.0,0.0
2024-07-03 09:30:00-04:00,2.115000009536743,2.115000009536743,2.115000009536743,2.115000009536743,0,0.0,0.0
2024-07-03 11:30:00-04:00,2.0299999713897705,2.0299999713897705,2.0199999809265137,2.0199999809265137,439,0.0,0.0
2024-07-05 11:30:00-04:00,2.0850000381469727,2.0850000381469727,2.0850000381469727,2.0850000381469727,0,0.0,0.0
2024-07-05 12:30:00-04:00,2.0769999027252197,2.0769999027252197,2.0769999027252197,2.0769999027252197,214,0.0,0.0
2024-07-05 14:30:00-04:00,2.0,2.049999952316284,2.0,2.049999952316284,1826,0.0,0.0
2024-07-05 15:30:00-04:00,2.049999952316284,2.049999952316284,2.049999952316284,2.049999952316284,463,0.0,0.0
2024-07-08 09:30:00-04:00,2.0999999046325684,2.0999999046325684,2.0999999046325684,2.0999999046325684,0,0.0,0.0
2024-07-08 10:30:00-04:00,2.0199999809265137,2.0199999809265137,2.0199999809265137,2.0199999809265137,528,0.0,0.0
2024-07-08 12:30:00-04:00,2.117799997329712,2.117799997329712,2.109999895095825,2.109999895095825,537,0.0,0.0
2024-07-09 09:30:00-04:00,2.2100000381469727,2.2100000381469727,2.2100000381469727,2.2100000381469727,368,0.0,0.0
2024-07-09 11:30:00-04:00,2.030100107192993,2.030100107192993,2.030100107192993,2.030100107192993,1962,0.0,0.0
2024-07-09 13:30:00-04:00,2.200000047683716,2.200000047683716,2.200000047683716,2.200000047683716,408,0.0,0.0
2024-07-09 14:30:00-04:00,2.190000057220459,2.200000047683716,2.190000057220459,2.190000057220459,5505,0.0,0.0
2024-07-10 09:30:00-04:00,2.069999933242798,2.2190001010894775,2.069999933242798,2.2049999237060547,0,0.0,0.0
2024-07-10 10:30:00-04:00,2.0352001190185547,2.0352001190185547,2.0316998958587646,2.0316998958587646,5148,0.0,0.0
2024-07-10 11:30:00-04:00,2.20989990234375,2.20989990234375,2.049999952316284,2.1106998920440674,607,0.0,0.0
2024-07-10 12:30:00-04:00,2.109999895095825,2.119999885559082,2.0399999618530273,2.119999885559082,833,0.0,0.0
2024-07-10 13:30:00-04:00,2.119999885559082,2.119999885559082,2.0506999492645264,2.0506999492645264,1584,0.0,0.0
2024-07-10 14:30:00-04:00,2.080699920654297,2.0917000770568848,2.0799999237060547,2.0899999141693115,4570,0.0,0.0
2024-07-10 15:30:00-04:00,2.069999933242798,2.0899999141693115,2.069999933242798,2.0899999141693115,320,0.0,0.0
2024-07-11 09:30:00-04:00,2.0,2.069000005722046,1.9859999418258667,2.069000005722046,0,0.0,0.0
2024-07-11 10:30:00-04:00,2.0601000785827637,2.0601000785827637,2.0601000785827637,2.0601000785827637,5686,0.0,0.0
2024-07-11 11:30:00-04:00,2.0601000785827637,2.0601000785827637,2.0601000785827637,2.0601000785827637,1225,0.0,0.0
2024-07-11 12:30:00-04:00,2.059999942779541,2.059999942779541,2.059999942779541,2.059999942779541,912,0.0,0.0
2024-07-11 13:30:00-04:00,2.077399969100952,2.077399969100952,2.077399969100952,2.077399969100952,1884,0.0,0.0
2024-07-11 15:30:00-04:00,2.0799999237060547,2.0799999237060547,2.059999942779541,2.059999942779541,456,0.0,0.0
2024-07-12 10:30:00-04:00,2.0999999046325684,2.0999999046325684,2.0999999046325684,2.0999999046325684,2085,0.0,0.0
2024-07-12 11:30:00-04:00,2.077500104904175,2.0999999046325684,2.055000066757202,2.055000066757202,1250,0.0,0.0
2024-07-12 13:30:00-04:00,2.140500068664551,2.140500068664551,2.140500068664551,2.140500068664551,0,0.0,0.0
2024-07-12 14:30:00-04:00,2.069999933242798,2.0799999237060547,2.069999933242798,2.0799999237060547,6351,0.0,0.0
2024-07-12 15:30:00-04:00,2.049999952316284,2.049999952316284,2.049999952316284,2.049999952316284,1087,0.0,0.0
2024-07-15 09:30:00-04:00,2.0552000999450684,2.0999999046325684,2.0552000999450684,2.0999999046325684,5710,0.0,0.0
2024-07-15 10:30:00-04:00,1.9900000095367432,1.9900000095367432,1.9900000095367432,1.9900000095367432,527,0.0,0.0
2024-07-15 12:30:00-04:00,2.0,2.0,1.9801000356674194,1.9801000356674194,1537,0.0,0.0
2024-07-15 13:30:00-04:00,2.0899999141693115,2.0899999141693115,2.0899999141693115,2.0899999141693115,982,0.0,0.0
2024-07-15 15:30:00-04:00,2.059999942779541,2.059999942779541,2.059999942779541,2.059999942779541,341,0.0,0.0
2024-07-16 10:30:00-04:00,2.0399999618530273,2.0399999618530273,2.0399999618530273,2.0399999618530273,445,0.0,0.0
2024-07-16 11:30:00-04:00,2.049999952316284,2.049999952316284,2.049999952316284,2.049999952316284,120,0.0,0.0
2024-07-16 14:30:00-04:00,2.049999952316284,2.049999952316284,2.049999952316284,2.049999952316284,685,0.0,0.0
2024-07-16 15:30:00-04:00,2.049999952316284,2.049999952316284,2.049999952316284,2.049999952316284,108,0.0,0.0
2024-07-17 10:30:00-04:00,2.0299999713897705,2.0299999713897705,2.0299999713897705,2.0299999713897705,308,0.0,0.0
2024-07-17 14:30:00-04:00,2.050100088119507,2.050100088119507,2.049999952316284,2.049999952316284,1870,0.0,0.0
2024-07-18 09:30:00-04:00,2.059999942779541,2.059999942779541,2.059999942779541,2.059999942779541,2310,0.0,0.0
2024-07-18 12:30:00-04:00,2.005000114440918,2.005000114440918,2.005000114440918,2.005000114440918,1014,0.0,0.0
2024-07-18 13:30:00-04:00,1.9900000095367432,1.9900000095367432,1.9900000095367432,1.9900000095367432,1745,0.0,0.0
2024-07-18 15:30:00-04:00,1.9926999807357788,2.004300117492676,1.9800000190734863,1.9800000190734863,4585,0.0,0.0
2024-07-19 09:30:00-04:00,2.0185000896453857,2.0185000896453857,2.012700080871582,2.015000104904175,0,0.0,0.0
2024-07-19 10:30:00-04:00,2.0000998973846436,2.0000998973846436,2.0000998973846436,2.0000998973846436,468,0.0,0.0
2024-07-19 11:30:00-04:00,2.015000104904175,2.015000104904175,2.015000104904175,2.015000104904175,674,0.0,0.0
2024-07-19 12:30:00-04:00,2.015000104904175,2.015000104904175,2.015000104904175,2.015000104904175,0,0.0,0.0
2024-07-19 14:30:00-04:00,2.0,2.0,2.0,2.0,610,0.0,0.0
2024-07-19 15:30:00-04:00,1.9700000286102295,1.9700000286102295,1.9700000286102295,1.9700000286102295,582,0.0,0.0
2024-07-22 09:30:00-04:00,1.9800000190734863,2.01990008354187,1.9800000190734863,1.9881999492645264,3571,0.0,0.0
2024-07-22 11:30:00-04:00,2.0199999809265137,2.0199999809265137,1.9700000286102295,1.9700000286102295,1562,0.0,0.0
2024-07-22 12:30:00-04:00,2.015000104904175,2.015000104904175,1.9600000381469727,1.9600000381469727,212,0.0,0.0
2024-07-22 14:30:00-04:00,1.9900000095367432,1.9900000095367432,1.9900000095367432,1.9900000095367432,877,0.0,0.0
2024-07-23 09:30:00-04:00,1.9950000047683716,1.9950000047683716,1.9950000047683716,1.9950000047683716,948,0.0,0.0
2024-07-23 10:30:00-04:00,1.9950000047683716,1.9950000047683716,1.9950000047683716,1.9950000047683716,963,0.0,0.0
2024-07-23 11:30:00-04:00,1.9950000047683716,1.9950000047683716,1.9950000047683716,1.9950000047683716,250,0.0,0.0
2024-07-23 12:30:00-04:00,1.9850000143051147,1.9850000143051147,1.9800000190734863,1.9800000190734863,729,0.0,0.0
2024-07-23 13:30:00-04:00,2.0,2.0,2.0,2.0,200,0.0,0.0
2024-07-23 14:30:00-04:00,1.975000023841858,2.0,1.975000023841858,2.0,834,0.0,0.0
2024-07-23 15:30:00-04:00,1.9900000095367432,1.9900000095367432,1.982699990272522,1.9900000095367432,2245,0.0,0.0
2024-07-24 09:30:00-04:00,1.9700000286102295,1.9795000553131104,1.9700000286102295,1.9795000553131104,1965,0.0,0.0
2024-07-24 11:30:00-04:00,1.9850000143051147,1.9850000143051147,1.9850000143051147,1.9850000143051147,807,0.0,0.0
2024-07-25 09:30:00-04:00,1.999899983406067,2.0,1.9991999864578247,2.0,2808,0.0,0.0
2024-07-25 10:30:00-04:00,1.9700000286102295,1.9700000286102295,1.9500000476837158,1.9500000476837158,3791,0.0,0.0
2024-07-25 11:30:00-04:00,1.9600000381469727,2.0,1.9500000476837158,2.0,11275,0.0,0.0
2024-07-25 13:30:00-04:00,1.9800000190734863,1.9800000190734863,1.9800000190734863,1.9800000190734863,106,0.0,0.0
2024-07-25 14:30:00-04:00,2.0199999809265137,2.0199999809265137,1.9716999530792236,1.9900000095367432,5836,0.0,0.0
2024-07-25 15:30:00-04:00,2.0199999809265137,2.0199999809265137,2.0199999809265137,2.0199999809265137,1740,0.0,0.0
2024-07-26 09:30:00-04:00,1.9900000095367432,1.9900000095367432,1.9801000356674194,1.9801000356674194,1583,0.0,0.0
2024-07-26 15:30:00-04:00,1.9810999631881714,1.9810999631881714,1.9810999631881714,1.9810999631881714,152,0.0,0.0
2024-07-29 13:30:00-04:00,1.9921000003814697,1.9921000003814697,1.9921000003814697,1.9921000003814697,7053,0.0,0.0
2024-07-29 15:30:00-04:00,1.9800000190734863,2.0,1.9800000190734863,2.0,1635,0.0,0.0
2024-07-30 09:30:00-04:00,1.9500000476837158,1.99590003490448,1.9500000476837158,1.9917999505996704,5012,0.0,0.0
2024-07-30 10:30:00-04:00,2.006700038909912,2.006700038909912,2.006700038909912,2.006700038909912,0,0.0,0.0
2024-07-30 13:30:00-04:00,2.0,2.0,2.0,2.0,7357,0.0,0.0
2024-07-31 09:30:00-04:00,2.0299999713897705,2.0299999713897705,2.0299999713897705,2.0299999713897705,1268,0.0,0.0
2024-07-31 10:30:00-04:00,1.9700000286102295,1.9700000286102295,1.9550000429153442,1.9550000429153442,510,0.0,0.0
2024-07-31 11:30:00-04:00,1.9900000095367432,1.9900000095367432,1.9900000095367432,1.9900000095367432,0,0.0,0.0
2024-07-31 12:30:00-04:00,1.9600000381469727,1.9800000190734863,1.9600000381469727,1.9800000190734863,7413,0.0,0.0
2024-07-31 13:30:00-04:00,1.9600000381469727,1.9700000286102295,1.9600000381469727,1.9700000286102295,10685,0.0,0.0
2024-07-31 14:30:00-04:00,1.9800000190734863,1.9800000190734863,1.9800000190734863,1.9800000190734863,1118,0.0,0.0
2024-07-31 15:30:00-04:00,1.9800000190734863,1.9800000190734863,1.9600000381469727,1.9600000381469727,717,0.0,0.0
2024-08-01 10:30:00-04:00,1.9600000381469727,1.9900000095367432,1.9600000381469727,1.9900000095367432,1136,0.0,0.0
2024-08-01 12:30:00-04:00,1.9600000381469727,1.9600000381469727,1.9600000381469727,1.9600000381469727,1203,0.0,0.0
2024-08-01 14:30:00-04:00,1.9900000095367432,1.9900000095367432,1.9900000095367432,1.9900000095367432,2085,0.0,0.0
2024-08-02 09:30:00-04:00,2.0,2.0,1.899999976158142,1.899999976158142,2262,0.0,0.0
2024-08-02 11:30:00-04:00,1.9570000171661377,1.9570000171661377,1.9570000171661377,1.9570000171661377,811,0.0,0.0
2024-08-02 13:30:00-04:00,1.9550000429153442,1.9550000429153442,1.909999966621399,1.909999966621399,12084,0.0,0.0
2024-08-02 14:30:00-04:00,1.9280999898910522,1.9280999898910522,1.8700000047683716,1.899999976158142,6178,0.0,0.0
2024-08-05 09:30:00-04:00,1.809999942779541,1.8899999856948853,1.7999999523162842,1.8899999856948853,4151,0.0,0.0
2024-08-05 10:30:00-04:00,1.8799999952316284,1.8799999952316284,1.8799999952316284,1.8799999952316284,1407,0.0,0.0
2024-08-05 11:30:00-04:00,1.8949999809265137,1.9098000526428223,1.8799999952316284,1.8799999952316284,3920,0.0,0.0
2024-08-05 12:30:00-04:00,1.8799999952316284,1.8799999952316284,1.8799999952316284,1.8799999952316284,867,0.0,0.0
2024-08-05 13:30:00-04:00,1.8799999952316284,1.9450000524520874,1.8799999952316284,1.9199999570846558,6295,0.0,0.0
2024-08-06 09:30:00-04:00,1.8799999952316284,1.940000057220459,1.8799999952316284,1.909999966621399,3015,0.0,0.0
2024-08-06 11:30:00-04:00,1.8899999856948853,1.9199999570846558,1.8799999952316284,1.9199999570846558,5775,0.0,0.0
2024-08-06 13:30:00-04:00,1.9200999736785889,1.9200999736785889,1.9200999736785889,1.9200999736785889,1001,0.0,0.0
2024-08-07 09:30:00-04:00,1.899999976158142,1.940000057220459,1.899999976158142,1.940000057220459,1373,0.0,0.0
2024-08-07 12:30:00-04:00,1.940000057220459,1.940000057220459,1.940000057220459,1.940000057220459,424,0.0,0.0
2024-08-07 14:30:00-04:00,1.9299999475479126,1.9299999475479126,1.9299999475479126,1.9299999475479126,3517,0.0,0.0
2024-08-07 15:30:00-04:00,1.9062000513076782,1.9062000513076782,1.8799999952316284,1.9062000513076782,0,0.0,0.0
2024-08-08 09:30:00-04:00,1.909999966621399,1.9279999732971191,1.861199975013733,1.9279999732971191,0,0.0,0.0
2024-08-08 10:30:00-04:00,1.850100040435791,1.850100040435791,1.850100040435791,1.850100040435791,5918,0.0,0.0
2024-08-08 11:30:00-04:00,1.8798999786376953,1.9199999570846558,1.8514000177383423,1.9199999570846558,1395,0.0,0.0
2024-08-08 12:30:00-04:00,1.899999976158142,1.899999976158142,1.899999976158142,1.899999976158142,721,0.0,0.0
2024-08-08 13:30:00-04:00,1.8849999904632568,1.8899999856948853,1.8849999904632568,1.8899999856948853,647,0.0,0.0
2024-08-08 14:30:00-04:00,1.899999976158142,1.909999966621399,1.899999976158142,1.909999966621399,3164,0.0,0.0
2024-08-09 12:30:00-04:00,1.9036999940872192,1.9036999940872192,1.8650000095367432,1.899999976158142,2205,0.0,0.0
2024-08-09 13:30:00-04:00,1.840000033378601,1.9299999475479126,1.840000033378601,1.899999976158142,3066,0.0,0.0
2024-08-09 14:30:00-04:00,1.8849999904632568,1.8849999904632568,1.8849999904632568,1.8849999904632568,111,0.0,0.0
2024-08-12 09:30:00-04:00,1.8600000143051147,1.8632999658584595,1.850000023841858,1.8632999658584595,1248,0.0,0.0
2024-08-12 10:30:00-04:00,1.8600000143051147,1.8799999952316284,1.850000023841858,1.8799999952316284,13672,0.0,0.0
2024-08-12 14:30:00-04:00,1.8700000047683716,1.8700000047683716,1.8700000047683716,1.8700000047683716,2230,0.0,0.0
2024-08-12 15:30:00-04:00,1.850000023841858,1.850000023841858,1.850000023841858,1.850000023841858,1018,0.0,0.0
2024-08-13 12:30:00-04:00,1.850000023841858,1.8700000047683716,1.850000023841858,1.850000023841858,1754,0.0,0.0
2024-08-14 09:30:00-04:00,1.8300000429153442,1.8300000429153442,1.8300000429153442,1.8300000429153442,133,0.0,0.0
2024-08-14 10:30:00-04:00,1.8207000494003296,1.8898999691009521,1.8207000494003296,1.8799999952316284,1763,0.0,0.0
2024-08-14 12:30:00-04:00,1.8350000381469727,1.850000023841858,1.8350000381469727,1.850000023841858,1115,0.0,0.0
2024-08-14 14:30:00-04:00,1.840999960899353,1.8650000095367432,1.840999960899353,1.8444000482559204,1114,0.0,0.0
2024-08-14 15:30:00-04:00,1.8899999856948853,1.899999976158142,1.8899999856948853,1.8899999856948853,1654,0.0,0.0
2024-08-15 09:30:00-04:00,1.9199999570846558,1.9199999570846558,1.8551000356674194,1.8551000356674194,3980,0.0,0.0
2024-08-15 10:30:00-04:00,1.850100040435791,1.8849999904632568,1.850100040435791,1.8849999904632568,0,0.0,0.0
2024-08-15 11:30:00-04:00,1.9199999570846558,1.940000057220459,1.909999966621399,1.940000057220459,3583,0.0,0.0
2024-08-15 13:30:00-04:00,1.940000057220459,1.940000057220459,1.940000057220459,1.940000057220459,2308,0.0,0.0
2024-08-15 14:30:00-04:00,1.940000057220459,1.940000057220459,1.8899999856948853,1.8899999856948853,4049,0.0,0.0
2024-08-16 10:30:00-04:00,1.871000051498413,1.871000051498413,1.871000051498413,1.871000051498413,316,0.0,0.0
2024-08-16 13:30:00-04:00,1.870300054550171,1.8799999952316284,1.870300054550171,1.8799999952316284,5100,0.0,0.0
2024-08-16 14:30:00-04:00,1.8650000095367432,1.8799999952316284,1.8650000095367432,1.8799999952316284,253,0.0,0.0
2024-08-19 09:30:00-04:00,1.8300000429153442,1.899999976158142,1.8300000429153442,1.8700000047683716,8105,0.0,0.0
2024-08-19 10:30:00-04:00,1.899999976158142,1.899999976158142,1.8722000122070312,1.8722000122070312,328,0.0,0.0
2024-08-19 11:30:00-04:00,1.8849999904632568,1.894700050354004,1.8700000047683716,1.8700000047683716,1831,0.0,0.0
2024-08-19 12:30:00-04:00,1.86080002784729,1.8849999904632568,1.8450000286102295,1.8600000143051147,31529,0.0,0.0
2024-08-19 13:30:00-04:00,1.8650000095367432,1.875,1.8600000143051147,1.8600000143051147,1352,0.0,0.0
2024-08-19 14:30:00-04:00,1.875,1.875,1.850000023841858,1.850000023841858,1466,0.0,0.0
2024-08-19 15:30:00-04:00,1.850000023841858,1.850000023841858,1.850000023841858,1.850000023841858,100,0.0,0.0
2024-08-20 09:30:00-04:00,1.8200000524520874,1.840000033378601,1.8200000524520874,1.840000033378601,982,0.0,0.0
2024-08-20 10:30:00-04:00,1.8350000381469727,1.850000023841858,1.8350000381469727,1.850000023841858,430,0.0,0.0
2024-08-20 11:30:00-04:00,1.850000023841858,1.8595000505447388,1.850000023841858,1.8595000505447388,364,0.0,0.0
2024-08-20 12:30:00-04:00,1.850000023841858,1.850000023841858,1.850000023841858,1.850000023841858,3039,0.0,0.0
2024-08-20 13:30:00-04:00,1.840000033378601,1.840000033378601,1.840000033378601,1.840000033378601,180,0.0,0.0
2024-08-20 15:30:00-04:00,1.840000033378601,1.840000033378601,1.7999999523162842,1.809999942779541,9729,0.0,0.0
2024-08-21 09:30:00-04:00,1.809999942779541,1.809999942779541,1.809999942779541,1.809999942779541,140,0.0,0.0
2024-08-21 10:30:00-04:00,1.8300000429153442,1.8300000429153442,1.8300000429153442,1.8300000429153442,296,0.0,0.0
2024-08-21 11:30:00-04:00,1.8300000429153442,1.8300000429153442,1.7999999523162842,1.7999999523162842,649,0.0,0.0
2024-08-21 12:30:00-04:00,1.815000057220459,1.8300000429153442,1.815000057220459,1.8300000429153442,1586,0.0,0.0
2024-08-21 13:30:00-04:00,1.8300000429153442,1.8300000429153442,1.8300000429153442,1.8300000429153442,279,0.0,0.0
2024-08-22 09:30:00-04:00,1.809999942779541,1.809999942779541,1.809999942779541,1.809999942779541,647,0.0,0.0
2024-08-22 10:30:00-04:00,1.8350000381469727,1.8350000381469727,1.8350000381469727,1.8350000381469727,544,0.0,0.0
2024-08-22 13:30:00-04:00,1.8000999689102173,1.8000999689102173,1.7999999523162842,1.7999999523162842,1170,0.0,0.0
2024-08-22 15:30:00-04:00,1.8600000143051147,1.8600000143051147,1.8600000143051147,1.8600000143051147,150,0.0,0.0
2024-08-23 09:30:00-04:00,1.8009999990463257,1.8009999990463257,1.7599999904632568,1.7979999780654907,6533,0.0,0.0
2024-08-23 10:30:00-04:00,1.7899999618530273,1.7899999618530273,1.7700999975204468,1.7700999975204468,1205,0.0,0.0
2024-08-23 11:30:00-04:00,1.7599999904632568,1.7599999904632568,1.7599999904632568,1.7599999904632568,105,0.0,0.0
2024-08-23 12:30:00-04:00,1.7599999904632568,1.7599999904632568,1.7599999904632568,1.7599999904632568,302,0.0,0.0
2024-08-23 13:30:00-04:00,1.7599999904632568,1.7599999904632568,1.7050000429153442,1.7300000190734863,27303,0.0,0.0
2024-08-23 14:30:00-04:00,1.7200000286102295,1.7300000190734863,1.6710000038146973,1.6715999841690063,9712,0.0,0.0
2024-08-23 15:30:00-04:00,1.690000057220459,1.7200000286102295,1.6399999856948853,1.659999966621399,2018,0.0,0.0
