Datetime,Open,High,Low,Close,Volume,Dividends,Stock Splits
2022-10-20 09:00:00+08:00,222.0,222.0,214.5,215.0,0,0.0,0.0
2022-10-20 10:00:00+08:00,215.5,215.5,214.5,215.5,60025,0.0,0.0
2022-10-20 11:00:00+08:00,216.0,217.0,216.0,216.0,27000,0.0,0.0
2022-10-20 12:00:00+08:00,216.0,216.0,213.0,213.0,90210,0.0,0.0
2022-10-20 13:00:00+08:00,213.0,217.0,213.0,216.0,57851,0.0,0.0
2022-10-21 09:00:00+08:00,217.0,217.5,214.0,215.5,0,0.0,0.0
2022-10-21 10:00:00+08:00,214.5,218.0,214.5,218.0,37100,0.0,0.0
2022-10-21 11:00:00+08:00,217.0,217.0,216.0,216.5,9040,0.0,0.0
2022-10-21 12:00:00+08:00,216.0,216.5,215.5,216.5,51137,0.0,0.0
2022-10-21 13:00:00+08:00,216.0,216.5,215.5,216.0,16006,0.0,0.0
2022-10-24 09:00:00+08:00,217.0,217.5,214.0,215.5,0,0.0,0.0
2022-10-24 10:00:00+08:00,214.5,215.5,213.0,214.0,26241,0.0,0.0
2022-10-24 11:00:00+08:00,213.0,213.5,212.0,213.5,21000,0.0,0.0
2022-10-24 12:00:00+08:00,212.0,212.0,209.0,209.5,63490,0.0,0.0
2022-10-24 13:00:00+08:00,210.0,210.5,208.5,210.0,30059,0.0,0.0
2022-10-25 09:00:00+08:00,207.0,207.5,190.0,200.0,276485,0.0,0.0
2022-10-25 10:00:00+08:00,198.5,198.5,195.0,196.0,117545,0.0,0.0
2022-10-25 11:00:00+08:00,196.0,199.0,194.0,197.0,120540,0.0,0.0
2022-10-25 12:00:00+08:00,197.0,198.0,194.5,196.5,96602,0.0,0.0
2022-10-25 13:00:00+08:00,196.5,196.5,192.5,196.0,100775,0.0,0.0
2022-10-26 09:00:00+08:00,200.5,200.5,191.5,194.5,0,0.0,0.0
2022-10-26 10:00:00+08:00,194.5,196.0,194.5,195.5,42036,0.0,0.0
2022-10-26 11:00:00+08:00,196.0,196.0,194.5,194.5,18063,0.0,0.0
2022-10-26 12:00:00+08:00,193.5,195.0,193.0,193.0,22512,0.0,0.0
2022-10-26 13:00:00+08:00,194.5,194.5,193.0,194.0,15056,0.0,0.0
2022-10-27 09:00:00+08:00,198.0,202.0,196.0,200.5,0,0.0,0.0
2022-10-27 10:00:00+08:00,200.0,205.0,200.0,205.0,69487,0.0,0.0
2022-10-27 11:00:00+08:00,205.0,206.5,203.0,205.0,139098,0.0,0.0
2022-10-27 12:00:00+08:00,205.0,206.0,204.0,206.0,57468,0.0,0.0
2022-10-27 13:00:00+08:00,205.0,208.0,205.0,207.5,112193,0.0,0.0
2022-10-28 09:00:00+08:00,205.0,205.5,202.5,205.0,0,0.0,0.0
2022-10-28 10:00:00+08:00,205.5,206.5,205.0,205.0,18025,0.0,0.0
2022-10-28 11:00:00+08:00,204.5,205.5,200.0,202.0,25218,0.0,0.0
2022-10-28 12:00:00+08:00,201.0,203.5,199.0,201.0,37243,0.0,0.0
2022-10-28 13:00:00+08:00,202.0,203.0,201.0,203.0,45765,0.0,0.0
2022-10-31 09:00:00+08:00,203.5,205.0,199.5,204.5,0,0.0,0.0
2022-10-31 10:00:00+08:00,204.0,205.0,199.5,199.5,175125,0.0,0.0
2022-10-31 11:00:00+08:00,200.0,200.0,198.0,198.0,92674,0.0,0.0
2022-10-31 12:00:00+08:00,198.0,202.0,198.0,202.0,40021,0.0,0.0
2022-10-31 13:00:00+08:00,202.0,202.0,201.0,202.0,7500,0.0,0.0
2022-11-01 09:00:00+08:00,202.0,207.5,201.5,207.5,0,0.0,0.0
2022-11-01 10:00:00+08:00,207.0,212.0,207.0,211.0,95926,0.0,0.0
2022-11-01 11:00:00+08:00,211.0,211.0,204.5,205.0,43026,0.0,0.0
2022-11-01 12:00:00+08:00,204.5,206.5,204.0,205.5,55085,0.0,0.0
2022-11-01 13:00:00+08:00,206.0,207.5,206.0,207.5,9031,0.0,0.0
2022-11-02 09:00:00+08:00,208.0,211.0,204.5,211.0,0,0.0,0.0
2022-11-02 10:00:00+08:00,211.5,212.0,208.5,208.5,51032,0.0,0.0
2022-11-02 11:00:00+08:00,208.0,209.0,203.0,203.0,79287,0.0,0.0
2022-11-02 12:00:00+08:00,203.5,206.0,203.5,206.0,15403,0.0,0.0
2022-11-02 13:00:00+08:00,206.0,207.0,206.0,206.5,18057,0.0,0.0
2022-11-03 09:00:00+08:00,202.0,204.5,201.0,203.0,0,0.0,0.0
2022-11-03 10:00:00+08:00,202.5,205.5,202.5,204.5,51000,0.0,0.0
2022-11-03 11:00:00+08:00,205.0,205.0,200.5,200.5,51246,0.0,0.0
2022-11-03 12:00:00+08:00,202.5,203.0,202.5,203.0,5350,0.0,0.0
2022-11-03 13:00:00+08:00,202.5,203.5,202.5,203.0,12738,0.0,0.0
2022-11-04 09:00:00+08:00,202.0,203.0,198.5,198.5,0,0.0,0.0
2022-11-04 10:00:00+08:00,198.5,199.0,196.0,197.5,95245,0.0,0.0
2022-11-04 11:00:00+08:00,197.5,199.0,196.0,199.0,67000,0.0,0.0
2022-11-04 12:00:00+08:00,199.0,199.0,198.5,198.5,30270,0.0,0.0
2022-11-04 13:00:00+08:00,198.5,200.0,198.5,200.0,31150,0.0,0.0
2022-11-07 09:00:00+08:00,201.0,203.0,198.0,199.0,0,0.0,0.0
2022-11-07 10:00:00+08:00,199.0,199.5,197.0,199.5,61300,0.0,0.0
2022-11-07 11:00:00+08:00,199.5,202.5,198.5,202.5,42250,0.0,0.0
2022-11-07 12:00:00+08:00,202.0,202.5,200.5,201.5,40048,0.0,0.0
2022-11-07 13:00:00+08:00,201.5,202.0,201.0,201.0,11000,0.0,0.0
2022-11-08 09:00:00+08:00,201.0,208.0,201.0,208.0,0,0.0,0.0
2022-11-08 10:00:00+08:00,208.0,214.0,208.0,211.5,303655,0.0,0.0
2022-11-08 11:00:00+08:00,212.0,218.0,212.0,217.0,137249,0.0,0.0
2022-11-08 12:00:00+08:00,217.0,218.5,211.0,212.5,82505,0.0,0.0
2022-11-08 13:00:00+08:00,212.5,213.0,211.5,211.5,51210,0.0,0.0
2022-11-09 09:00:00+08:00,214.0,217.5,211.0,213.0,0,0.0,0.0
2022-11-09 10:00:00+08:00,213.0,213.5,210.5,212.0,127332,0.0,0.0
2022-11-09 11:00:00+08:00,211.5,212.0,210.0,210.5,71109,0.0,0.0
2022-11-09 12:00:00+08:00,210.0,211.0,208.5,209.0,56446,0.0,0.0
2022-11-09 13:00:00+08:00,209.0,211.0,209.0,209.5,56000,0.0,0.0
2022-11-10 09:00:00+08:00,207.5,212.0,207.0,210.5,0,0.0,0.0
2022-11-10 10:00:00+08:00,208.5,214.5,208.5,211.5,81204,0.0,0.0
2022-11-10 11:00:00+08:00,211.0,211.0,210.0,210.0,20100,0.0,0.0
2022-11-10 12:00:00+08:00,210.0,211.5,209.0,209.5,53818,0.0,0.0
2022-11-10 13:00:00+08:00,209.0,209.0,208.0,208.0,33158,0.0,0.0
2022-11-11 09:00:00+08:00,214.5,221.5,214.5,221.0,215456,0.0,0.0
2022-11-11 10:00:00+08:00,221.0,224.5,220.5,222.5,146007,0.0,0.0
2022-11-11 11:00:00+08:00,222.5,223.5,219.5,221.5,85145,0.0,0.0
2022-11-11 12:00:00+08:00,221.5,221.5,216.5,217.0,42031,0.0,0.0
2022-11-11 13:00:00+08:00,217.0,218.5,217.0,217.5,19000,0.0,0.0
2022-11-14 09:00:00+08:00,222.0,222.0,213.0,215.5,0,0.0,0.0
2022-11-14 10:00:00+08:00,215.0,215.0,213.0,214.0,92615,0.0,0.0
2022-11-14 11:00:00+08:00,214.5,215.0,214.0,214.5,35040,0.0,0.0
2022-11-14 12:00:00+08:00,213.5,213.5,211.5,211.5,76511,0.0,0.0
2022-11-14 13:00:00+08:00,211.5,212.5,209.0,210.5,236387,0.0,0.0
2022-11-15 09:00:00+08:00,211.0,211.0,205.5,208.0,0,0.0,0.0
2022-11-15 10:00:00+08:00,208.0,208.0,205.5,207.5,70106,0.0,0.0
2022-11-15 11:00:00+08:00,207.5,208.0,206.0,206.0,40674,0.0,0.0
2022-11-15 12:00:00+08:00,206.5,208.0,203.0,203.5,232569,0.0,0.0
2022-11-15 13:00:00+08:00,204.0,204.5,203.0,204.0,69244,0.0,0.0
2022-11-16 09:00:00+08:00,203.5,203.5,199.0,200.5,0,0.0,0.0
2022-11-16 10:00:00+08:00,200.5,201.0,197.0,197.5,169069,0.0,0.0
2022-11-16 11:00:00+08:00,197.5,198.0,196.5,196.5,126185,0.0,0.0
2022-11-16 12:00:00+08:00,197.0,197.5,195.0,196.0,187800,0.0,0.0
2022-11-16 13:00:00+08:00,196.0,197.5,195.5,195.5,70734,0.0,0.0
2022-11-17 09:00:00+08:00,197.0,198.5,192.0,193.0,0,0.0,0.0
2022-11-17 10:00:00+08:00,193.0,193.0,187.0,191.5,613303,0.0,0.0
2022-11-17 11:00:00+08:00,192.0,198.5,191.5,198.0,305668,0.0,0.0
2022-11-17 12:00:00+08:00,198.5,198.5,195.0,195.5,121166,0.0,0.0
2022-11-17 13:00:00+08:00,195.0,195.0,193.5,195.0,69243,0.0,0.0
2022-11-18 09:00:00+08:00,196.5,197.5,192.0,192.5,0,0.0,0.0
2022-11-18 10:00:00+08:00,193.0,193.0,190.0,191.0,0,0.0,0.0
2022-11-18 11:00:00+08:00,191.0,192.0,190.5,190.5,260454,0.0,0.0
2022-11-18 12:00:00+08:00,190.5,191.0,189.5,191.0,93126,0.0,0.0
2022-11-18 13:00:00+08:00,191.0,191.0,190.0,190.0,48916,0.0,0.0
2022-11-21 09:00:00+08:00,190.0,195.5,190.0,194.0,0,0.0,0.0
2022-11-21 10:00:00+08:00,194.0,196.5,192.0,194.5,114956,0.0,0.0
2022-11-21 11:00:00+08:00,194.0,195.0,194.0,194.0,48359,0.0,0.0
2022-11-21 12:00:00+08:00,194.0,194.0,192.0,192.5,46207,0.0,0.0
2022-11-21 13:00:00+08:00,192.5,193.5,191.5,193.5,48000,0.0,0.0
2022-11-22 09:00:00+08:00,193.5,193.5,191.0,193.5,0,0.0,0.0
2022-11-22 10:00:00+08:00,193.5,201.0,193.5,200.5,217416,0.0,0.0
2022-11-22 11:00:00+08:00,200.5,200.5,196.5,198.5,100621,0.0,0.0
2022-11-22 12:00:00+08:00,198.5,201.0,198.5,199.5,136092,0.0,0.0
2022-11-22 13:00:00+08:00,199.5,201.0,198.5,198.5,52748,0.0,0.0
2022-11-23 09:00:00+08:00,203.0,204.5,197.0,197.5,0,0.0,0.0
2022-11-23 10:00:00+08:00,197.5,198.5,197.5,198.0,36371,0.0,0.0
2022-11-23 11:00:00+08:00,198.0,198.5,197.5,198.0,34106,0.0,0.0
2022-11-23 12:00:00+08:00,198.5,198.5,197.0,197.5,80851,0.0,0.0
2022-11-23 13:00:00+08:00,197.5,197.5,196.0,196.5,53504,0.0,0.0
2022-11-24 09:00:00+08:00,197.5,199.5,196.5,197.0,0,0.0,0.0
2022-11-24 10:00:00+08:00,197.0,199.5,197.0,199.5,56040,0.0,0.0
2022-11-24 11:00:00+08:00,200.0,201.0,200.0,200.5,52164,0.0,0.0
2022-11-24 12:00:00+08:00,200.0,200.5,199.5,200.0,56253,0.0,0.0
2022-11-24 13:00:00+08:00,200.0,200.5,200.0,200.5,20010,0.0,0.0
2022-11-25 09:00:00+08:00,202.5,203.0,198.5,199.5,0,0.0,0.0
2022-11-25 10:00:00+08:00,199.5,200.0,197.5,197.5,61539,0.0,0.0
2022-11-25 11:00:00+08:00,197.5,198.5,197.5,198.0,16000,0.0,0.0
2022-11-25 12:00:00+08:00,198.5,198.5,197.5,198.0,43236,0.0,0.0
2022-11-25 13:00:00+08:00,198.0,198.0,197.0,197.0,27303,0.0,0.0
2022-11-28 09:00:00+08:00,197.5,197.5,195.5,197.0,0,0.0,0.0
2022-11-28 10:00:00+08:00,196.0,197.0,195.5,197.0,14342,0.0,0.0
2022-11-28 11:00:00+08:00,196.5,197.0,196.0,197.0,5121,0.0,0.0
2022-11-28 12:00:00+08:00,197.0,198.5,197.0,198.5,17000,0.0,0.0
2022-11-28 13:00:00+08:00,198.0,198.5,197.5,198.5,14300,0.0,0.0
2022-11-29 09:00:00+08:00,198.0,199.5,197.0,199.5,0,0.0,0.0
2022-11-29 10:00:00+08:00,199.5,201.5,198.5,198.5,46003,0.0,0.0
2022-11-29 11:00:00+08:00,199.0,199.5,198.5,199.5,20247,0.0,0.0
2022-11-29 12:00:00+08:00,199.5,199.5,199.0,199.0,5763,0.0,0.0
2022-11-29 13:00:00+08:00,198.5,199.0,198.5,198.5,8430,0.0,0.0
2022-11-30 09:00:00+08:00,199.5,201.0,199.0,201.0,0,0.0,0.0
2022-11-30 10:00:00+08:00,201.0,204.5,201.0,204.5,108358,0.0,0.0
2022-11-30 11:00:00+08:00,204.0,204.5,203.0,203.0,28682,0.0,0.0
2022-11-30 12:00:00+08:00,203.0,204.5,202.5,203.0,39708,0.0,0.0
2022-11-30 13:00:00+08:00,203.0,204.5,203.0,204.5,19246,0.0,0.0
2022-12-01 09:00:00+08:00,208.5,208.5,201.5,203.0,0,0.0,0.0
2022-12-01 10:00:00+08:00,203.0,204.0,202.5,203.5,73126,0.0,0.0
2022-12-01 11:00:00+08:00,203.5,204.5,203.0,204.5,52374,0.0,0.0
2022-12-01 12:00:00+08:00,204.5,204.5,202.5,202.5,53312,0.0,0.0
2022-12-01 13:00:00+08:00,203.0,203.0,202.0,202.0,50029,0.0,0.0
2022-12-02 09:00:00+08:00,201.5,207.0,201.5,205.5,0,0.0,0.0
2022-12-02 10:00:00+08:00,205.5,209.0,205.5,208.0,155435,0.0,0.0
2022-12-02 11:00:00+08:00,207.5,207.5,207.0,207.0,29165,0.0,0.0
2022-12-02 12:00:00+08:00,207.0,208.0,207.0,208.0,48584,0.0,0.0
2022-12-02 13:00:00+08:00,207.5,210.0,207.5,209.5,153849,0.0,0.0
2022-12-05 09:00:00+08:00,214.0,218.0,210.0,213.0,0,0.0,0.0
2022-12-05 10:00:00+08:00,213.5,213.5,211.0,213.5,90763,0.0,0.0
2022-12-05 11:00:00+08:00,213.5,213.5,212.0,212.5,36123,0.0,0.0
2022-12-05 12:00:00+08:00,212.5,212.5,210.0,210.0,194325,0.0,0.0
2022-12-05 13:00:00+08:00,210.0,210.5,209.5,210.0,51010,0.0,0.0
2022-12-06 09:00:00+08:00,214.0,216.5,211.0,215.0,0,0.0,0.0
2022-12-06 10:00:00+08:00,215.0,216.0,213.0,214.5,89461,0.0,0.0
2022-12-06 11:00:00+08:00,214.5,215.5,212.5,214.0,128023,0.0,0.0
2022-12-06 12:00:00+08:00,214.5,215.0,213.5,215.0,57468,0.0,0.0
2022-12-06 13:00:00+08:00,214.5,215.0,214.0,215.0,52194,0.0,0.0
2022-12-07 09:00:00+08:00,216.5,219.5,212.5,219.0,0,0.0,0.0
2022-12-07 10:00:00+08:00,218.5,218.5,216.0,217.0,91432,0.0,0.0
2022-12-07 11:00:00+08:00,217.5,217.5,216.0,217.0,49349,0.0,0.0
2022-12-07 12:00:00+08:00,217.0,217.0,215.5,216.0,46613,0.0,0.0
2022-12-07 13:00:00+08:00,216.0,216.0,215.0,215.0,32370,0.0,0.0
2022-12-08 09:00:00+08:00,215.5,218.0,215.0,216.0,0,0.0,0.0
2022-12-08 10:00:00+08:00,216.5,217.0,215.5,217.0,43680,0.0,0.0
2022-12-08 11:00:00+08:00,216.5,217.5,216.5,217.0,20826,0.0,0.0
2022-12-08 12:00:00+08:00,217.0,217.0,216.0,216.0,32548,0.0,0.0
2022-12-08 13:00:00+08:00,216.5,216.5,216.0,216.5,10427,0.0,0.0
2022-12-09 09:00:00+08:00,218.5,222.5,217.0,221.5,0,0.0,0.0
2022-12-09 10:00:00+08:00,221.5,222.5,219.0,219.0,120901,0.0,0.0
2022-12-09 11:00:00+08:00,219.0,221.0,219.0,221.0,34292,0.0,0.0
2022-12-09 12:00:00+08:00,221.0,221.5,220.0,221.0,33370,0.0,0.0
2022-12-09 13:00:00+08:00,220.5,221.5,220.5,221.0,22271,0.0,0.0
2022-12-12 09:00:00+08:00,222.0,222.0,216.0,219.5,0,0.0,0.0
2022-12-12 10:00:00+08:00,220.0,220.0,218.0,220.0,33240,0.0,0.0
2022-12-12 11:00:00+08:00,220.5,223.0,220.5,222.5,32336,0.0,0.0
2022-12-12 12:00:00+08:00,222.5,223.0,221.0,221.5,27076,0.0,0.0
2022-12-12 13:00:00+08:00,221.0,222.0,219.0,222.0,23023,0.0,0.0
2022-12-13 09:00:00+08:00,223.5,227.0,223.5,224.5,0,0.0,0.0
2022-12-13 10:00:00+08:00,224.0,225.0,219.0,219.0,140862,0.0,0.0
2022-12-13 11:00:00+08:00,219.0,220.5,219.0,220.5,44446,0.0,0.0
2022-12-13 12:00:00+08:00,220.5,223.0,220.0,223.0,61170,0.0,0.0
2022-12-13 13:00:00+08:00,223.0,223.5,221.5,222.5,30489,0.0,0.0
2022-12-14 09:00:00+08:00,226.5,232.0,222.5,224.5,0,0.0,0.0
2022-12-14 10:00:00+08:00,224.5,228.0,223.5,228.0,71148,0.0,0.0
2022-12-14 11:00:00+08:00,228.0,230.0,227.0,228.5,93236,0.0,0.0
2022-12-14 12:00:00+08:00,228.5,228.5,227.5,227.5,0,0.0,0.0
2022-12-14 13:00:00+08:00,227.5,228.5,227.5,227.5,520631,0.0,0.0
2022-12-15 09:00:00+08:00,226.0,238.0,226.0,237.0,0,0.0,0.0
2022-12-15 10:00:00+08:00,237.0,238.5,235.5,237.5,152986,0.0,0.0
2022-12-15 11:00:00+08:00,238.0,239.0,236.5,236.5,99963,0.0,0.0
2022-12-15 12:00:00+08:00,237.0,237.0,233.0,234.5,111934,0.0,0.0
2022-12-15 13:00:00+08:00,234.5,236.5,234.0,235.0,37425,0.0,0.0
2022-12-16 09:00:00+08:00,232.5,239.5,230.0,231.0,0,0.0,0.0
2022-12-16 10:00:00+08:00,231.5,232.0,228.0,228.0,114586,0.0,0.0
2022-12-16 11:00:00+08:00,228.0,237.0,228.0,230.5,184593,0.0,0.0
2022-12-16 12:00:00+08:00,232.0,233.0,230.0,230.0,47503,0.0,0.0
2022-12-16 13:00:00+08:00,230.0,231.5,229.5,231.0,61299,0.0,0.0
2022-12-19 09:00:00+08:00,229.0,232.5,228.0,228.5,0,0.0,0.0
2022-12-19 10:00:00+08:00,228.0,229.0,227.5,228.0,26822,0.0,0.0
2022-12-19 11:00:00+08:00,227.5,228.0,226.0,226.0,74987,0.0,0.0
2022-12-19 12:00:00+08:00,226.0,226.0,224.0,226.0,74791,0.0,0.0
2022-12-19 13:00:00+08:00,225.5,225.5,223.5,225.0,34549,0.0,0.0
2022-12-20 09:00:00+08:00,223.5,226.0,223.5,225.0,0,0.0,0.0
2022-12-20 10:00:00+08:00,225.5,227.0,225.0,226.5,38211,0.0,0.0
2022-12-20 11:00:00+08:00,227.0,227.0,222.0,223.5,61466,0.0,0.0
2022-12-20 12:00:00+08:00,223.0,223.0,218.5,220.0,134124,0.0,0.0
2022-12-20 13:00:00+08:00,220.0,220.5,218.5,219.5,74614,0.0,0.0
2022-12-21 09:00:00+08:00,221.5,230.0,221.5,229.5,0,0.0,0.0
2022-12-21 10:00:00+08:00,229.0,232.0,228.0,229.5,81552,0.0,0.0
2022-12-21 11:00:00+08:00,229.5,233.5,229.0,231.5,108607,0.0,0.0
2022-12-21 12:00:00+08:00,230.0,231.0,230.0,230.5,16820,0.0,0.0
2022-12-21 13:00:00+08:00,231.0,232.0,229.5,232.0,37461,0.0,0.0
2022-12-22 09:00:00+08:00,233.5,235.5,230.5,230.5,0,0.0,0.0
2022-12-22 10:00:00+08:00,231.0,231.0,228.0,228.5,67709,0.0,0.0
2022-12-22 11:00:00+08:00,228.5,229.5,227.0,229.5,35235,0.0,0.0
2022-12-22 12:00:00+08:00,229.0,229.0,227.5,228.5,24550,0.0,0.0
2022-12-22 13:00:00+08:00,229.0,229.0,227.5,228.0,19042,0.0,0.0
2022-12-23 09:00:00+08:00,226.0,227.0,223.0,224.5,0,0.0,0.0
2022-12-23 10:00:00+08:00,225.5,227.0,225.5,226.5,13154,0.0,0.0
2022-12-23 11:00:00+08:00,226.0,228.5,226.0,228.5,18160,0.0,0.0
2022-12-23 12:00:00+08:00,228.0,229.5,226.5,229.5,39508,0.0,0.0
2022-12-23 13:00:00+08:00,229.0,233.0,227.5,230.0,99701,0.0,0.0
2022-12-26 09:00:00+08:00,233.0,233.0,224.0,225.5,0,0.0,0.0
2022-12-26 10:00:00+08:00,224.5,224.5,220.0,220.5,107307,0.0,0.0
2022-12-26 11:00:00+08:00,220.0,220.0,218.5,219.0,58953,0.0,0.0
2022-12-26 12:00:00+08:00,219.5,219.5,216.5,217.0,86137,0.0,0.0
2022-12-26 13:00:00+08:00,217.5,218.0,215.5,215.5,37407,0.0,0.0
2022-12-27 09:00:00+08:00,219.0,222.5,217.0,220.5,0,0.0,0.0
2022-12-27 10:00:00+08:00,222.0,223.0,221.0,222.0,49392,0.0,0.0
2022-12-27 11:00:00+08:00,222.0,222.5,221.5,221.5,18145,0.0,0.0
2022-12-27 12:00:00+08:00,221.0,221.0,220.0,221.0,25125,0.0,0.0
2022-12-27 13:00:00+08:00,221.0,221.0,219.0,220.5,30086,0.0,0.0
2022-12-28 09:00:00+08:00,218.0,221.5,216.5,219.5,0,0.0,0.0
2022-12-28 10:00:00+08:00,217.5,217.5,214.5,216.5,76251,0.0,0.0
2022-12-28 11:00:00+08:00,215.5,216.5,214.5,216.0,37228,0.0,0.0
2022-12-28 12:00:00+08:00,215.0,217.5,215.0,217.0,30278,0.0,0.0
2022-12-28 13:00:00+08:00,217.5,218.5,216.0,216.0,33150,0.0,0.0
2022-12-29 09:00:00+08:00,216.5,217.0,214.0,217.0,0,0.0,0.0
2022-12-29 10:00:00+08:00,216.0,216.0,212.0,212.0,65156,0.0,0.0
2022-12-29 11:00:00+08:00,212.5,213.5,212.0,213.5,48667,0.0,0.0
2022-12-29 12:00:00+08:00,212.5,214.0,211.5,214.0,66680,0.0,0.0
2022-12-29 13:00:00+08:00,213.0,214.0,211.5,211.5,34379,0.0,0.0
2022-12-30 09:00:00+08:00,214.0,215.0,211.5,213.0,0,0.0,0.0
2022-12-30 10:00:00+08:00,213.0,213.0,211.5,212.0,39305,0.0,0.0
2022-12-30 11:00:00+08:00,212.0,212.5,209.5,210.5,100771,0.0,0.0
2022-12-30 12:00:00+08:00,210.5,211.5,210.0,211.5,103220,0.0,0.0
2022-12-30 13:00:00+08:00,211.5,212.5,211.0,212.5,41055,0.0,0.0
2023-01-03 09:00:00+08:00,211.5,211.5,209.5,210.5,0,0.0,0.0
2023-01-03 10:00:00+08:00,210.5,213.0,210.5,212.5,21323,0.0,0.0
2023-01-03 11:00:00+08:00,212.5,216.0,212.5,215.5,56067,0.0,0.0
2023-01-03 12:00:00+08:00,214.5,216.0,214.0,215.5,24427,0.0,0.0
2023-01-03 13:00:00+08:00,215.5,216.0,215.5,216.0,7060,0.0,0.0
2023-01-04 09:00:00+08:00,215.0,218.5,214.5,218.0,0,0.0,0.0
2023-01-04 10:00:00+08:00,218.0,223.0,216.5,220.0,126478,0.0,0.0
2023-01-04 11:00:00+08:00,221.0,222.0,220.0,220.5,43344,0.0,0.0
2023-01-04 12:00:00+08:00,220.5,221.5,220.5,221.5,27237,0.0,0.0
2023-01-04 13:00:00+08:00,221.5,223.0,221.0,223.0,36590,0.0,0.0
2023-01-05 09:00:00+08:00,222.0,225.0,222.0,222.0,0,0.0,0.0
2023-01-05 10:00:00+08:00,221.5,223.5,220.5,223.5,18156,0.0,0.0
2023-01-05 11:00:00+08:00,222.0,224.0,222.0,223.0,55020,0.0,0.0
2023-01-05 12:00:00+08:00,223.0,223.5,223.0,223.5,28635,0.0,0.0
2023-01-05 13:00:00+08:00,223.0,225.0,223.0,225.0,47145,0.0,0.0
2023-01-06 09:00:00+08:00,222.0,226.0,222.0,226.0,0,0.0,0.0
2023-01-06 10:00:00+08:00,226.0,226.5,224.5,226.0,44101,0.0,0.0
2023-01-06 11:00:00+08:00,225.5,227.0,225.5,226.0,23262,0.0,0.0
2023-01-06 12:00:00+08:00,225.5,227.0,225.5,227.0,19175,0.0,0.0
2023-01-06 13:00:00+08:00,225.5,226.5,225.5,226.5,18003,0.0,0.0
2023-01-09 09:00:00+08:00,225.5,227.5,223.0,226.5,7644,0.0,0.0
2023-01-09 10:00:00+08:00,227.0,229.0,226.5,227.5,69314,0.0,0.0
2023-01-09 11:00:00+08:00,227.5,227.5,226.5,227.0,39626,0.0,0.0
2023-01-09 12:00:00+08:00,227.0,227.5,226.5,227.0,30489,0.0,0.0
2023-01-09 13:00:00+08:00,227.0,227.5,226.5,226.5,25404,0.0,0.0
2023-01-10 09:00:00+08:00,227.5,227.5,224.0,225.0,0,0.0,0.0
2023-01-10 10:00:00+08:00,225.0,229.0,224.5,228.0,114188,0.0,0.0
2023-01-10 11:00:00+08:00,228.0,228.5,226.5,228.5,34302,0.0,0.0
2023-01-10 12:00:00+08:00,228.5,228.5,227.0,228.0,16100,0.0,0.0
2023-01-10 13:00:00+08:00,227.5,228.0,226.0,226.5,15054,0.0,0.0
2023-01-11 09:00:00+08:00,226.0,231.0,225.0,231.0,0,0.0,0.0
2023-01-11 10:00:00+08:00,231.0,231.5,230.0,231.0,54193,0.0,0.0
2023-01-11 11:00:00+08:00,231.0,231.5,230.0,231.0,37225,0.0,0.0
2023-01-11 12:00:00+08:00,230.5,231.0,230.0,230.5,23496,0.0,0.0
2023-01-11 13:00:00+08:00,230.0,231.0,229.0,229.5,74085,0.0,0.0
2023-01-12 09:00:00+08:00,230.5,232.0,227.0,227.5,0,0.0,0.0
2023-01-12 10:00:00+08:00,227.5,227.5,223.5,224.5,47336,0.0,0.0
2023-01-12 11:00:00+08:00,224.0,224.5,221.5,221.5,49588,0.0,0.0
2023-01-12 12:00:00+08:00,221.5,223.5,221.5,223.5,33399,0.0,0.0
2023-01-12 13:00:00+08:00,223.0,224.0,222.0,223.5,16123,0.0,0.0
2023-01-13 09:00:00+08:00,223.0,225.0,223.0,224.5,0,0.0,0.0
2023-01-13 10:00:00+08:00,223.5,224.5,223.0,223.5,21112,0.0,0.0
2023-01-13 11:00:00+08:00,223.5,223.5,223.0,223.0,0,0.0,0.0
2023-01-13 12:00:00+08:00,223.0,223.0,222.5,223.0,71336,0.0,0.0
2023-01-13 13:00:00+08:00,223.0,223.5,222.0,223.5,20201,0.0,0.0
2023-01-16 09:00:00+08:00,225.5,225.5,222.0,224.5,0,0.0,0.0
2023-01-16 10:00:00+08:00,222.5,225.0,222.5,225.0,11040,0.0,0.0
2023-01-16 11:00:00+08:00,224.5,226.0,224.5,226.0,26031,0.0,0.0
2023-01-16 12:00:00+08:00,226.0,226.0,223.5,224.0,22017,0.0,0.0
2023-01-16 13:00:00+08:00,224.0,227.5,223.5,223.5,76007,0.0,0.0
2023-01-17 09:00:00+08:00,222.5,223.5,218.0,220.0,0,0.0,0.0
2023-01-17 10:00:00+08:00,220.0,222.0,219.5,221.5,36289,0.0,0.0
2023-01-17 11:00:00+08:00,221.0,223.5,220.0,221.0,106160,0.0,0.0
2023-01-17 12:00:00+08:00,221.5,223.5,221.0,223.0,58013,0.0,0.0
2023-01-17 13:00:00+08:00,222.0,223.0,221.5,221.5,31231,0.0,0.0
2023-01-30 09:00:00+08:00,224.5,226.5,223.0,224.5,0,0.0,0.0
2023-01-30 10:00:00+08:00,224.5,229.0,224.0,225.0,82196,0.0,0.0
2023-01-30 11:00:00+08:00,225.0,226.0,224.0,224.0,36301,0.0,0.0
2023-01-30 12:00:00+08:00,224.0,224.0,221.5,223.0,64849,0.0,0.0
2023-01-30 13:00:00+08:00,223.5,223.5,218.5,219.5,55202,0.0,0.0
2023-01-31 09:00:00+08:00,222.5,222.5,215.0,215.5,0,0.0,0.0
2023-01-31 10:00:00+08:00,216.0,218.0,215.0,217.0,59798,0.0,0.0
2023-01-31 11:00:00+08:00,218.0,218.0,216.0,216.5,26030,0.0,0.0
2023-01-31 12:00:00+08:00,217.0,217.5,216.0,216.5,29279,0.0,0.0
2023-01-31 13:00:00+08:00,217.5,218.0,216.5,218.0,23104,0.0,0.0
2023-02-01 09:00:00+08:00,220.0,224.0,219.5,224.0,0,0.0,0.0
2023-02-01 10:00:00+08:00,223.5,226.0,223.0,224.5,82315,0.0,0.0
2023-02-01 11:00:00+08:00,224.0,225.0,223.5,223.5,16330,0.0,0.0
2023-02-01 12:00:00+08:00,223.5,225.0,223.0,223.5,20332,0.0,0.0
2023-02-01 13:00:00+08:00,223.5,227.0,223.5,226.5,61780,0.0,0.0
2023-02-02 09:00:00+08:00,226.0,237.0,226.0,236.0,45465,0.0,0.0
2023-02-02 10:00:00+08:00,236.5,236.5,235.0,235.0,62598,0.0,0.0
2023-02-02 11:00:00+08:00,236.0,238.5,235.0,237.5,114320,0.0,0.0
2023-02-02 12:00:00+08:00,238.0,239.0,235.5,236.5,77939,0.0,0.0
2023-02-02 13:00:00+08:00,236.5,237.5,235.0,237.0,25129,0.0,0.0
2023-02-03 09:00:00+08:00,236.5,236.5,230.5,233.0,0,0.0,0.0
2023-02-03 10:00:00+08:00,232.0,233.0,228.0,232.0,129451,0.0,0.0
2023-02-03 11:00:00+08:00,232.0,232.5,229.0,230.5,25131,0.0,0.0
2023-02-03 12:00:00+08:00,230.5,231.0,228.5,231.0,85147,0.0,0.0
2023-02-03 13:00:00+08:00,230.5,232.0,230.0,232.0,53120,0.0,0.0
2023-02-06 09:00:00+08:00,232.5,232.5,228.0,230.5,0,0.0,0.0
2023-02-06 10:00:00+08:00,230.0,231.0,229.0,231.0,25098,0.0,0.0
2023-02-06 11:00:00+08:00,230.5,231.0,228.0,229.0,41000,0.0,0.0
2023-02-06 12:00:00+08:00,228.5,229.0,226.0,228.0,63957,0.0,0.0
2023-02-06 13:00:00+08:00,228.5,228.5,226.5,226.5,17553,0.0,0.0
2023-02-07 09:00:00+08:00,236.0,249.5,233.0,245.5,1050579,0.0,0.0
2023-02-07 10:00:00+08:00,246.0,247.0,243.5,245.5,123591,0.0,0.0
2023-02-07 11:00:00+08:00,245.5,249.5,245.5,246.0,397085,0.0,0.0
2023-02-07 12:00:00+08:00,247.0,249.5,246.0,248.5,114049,0.0,0.0
2023-02-07 13:00:00+08:00,248.5,249.0,246.0,246.0,114400,0.0,0.0
2023-02-08 09:00:00+08:00,245.0,247.5,236.0,237.0,0,0.0,0.0
2023-02-08 10:00:00+08:00,236.5,237.5,234.5,236.5,204940,0.0,0.0
2023-02-08 11:00:00+08:00,236.5,238.0,236.0,237.5,138011,0.0,0.0
2023-02-08 12:00:00+08:00,237.5,245.0,237.5,241.5,310937,0.0,0.0
2023-02-08 13:00:00+08:00,241.5,243.5,239.5,241.5,106947,0.0,0.0
2023-02-09 09:00:00+08:00,243.0,245.0,239.5,243.0,0,0.0,0.0
2023-02-09 10:00:00+08:00,242.5,243.0,240.5,243.0,111511,0.0,0.0
2023-02-09 11:00:00+08:00,243.0,243.5,238.5,240.0,130673,0.0,0.0
2023-02-09 12:00:00+08:00,239.5,240.5,239.0,240.5,33026,0.0,0.0
2023-02-09 13:00:00+08:00,239.5,240.5,238.0,238.5,90076,0.0,0.0
2023-02-10 09:00:00+08:00,241.0,243.0,237.0,243.0,0,0.0,0.0
2023-02-10 10:00:00+08:00,243.0,244.5,241.5,244.0,146873,0.0,0.0
2023-02-10 11:00:00+08:00,244.0,245.0,242.0,243.5,87478,0.0,0.0
2023-02-10 12:00:00+08:00,243.5,244.0,242.0,243.0,79404,0.0,0.0
2023-02-10 13:00:00+08:00,243.0,245.0,242.0,245.0,89043,0.0,0.0
2023-02-13 09:00:00+08:00,245.0,246.0,241.5,242.5,0,0.0,0.0
2023-02-13 10:00:00+08:00,242.0,242.0,238.0,240.0,70033,0.0,0.0
2023-02-13 11:00:00+08:00,239.5,240.0,238.0,238.5,54636,0.0,0.0
2023-02-13 12:00:00+08:00,238.5,239.5,238.5,239.5,68017,0.0,0.0
2023-02-13 13:00:00+08:00,239.0,240.0,239.0,240.0,53229,0.0,0.0
2023-02-14 09:00:00+08:00,242.0,242.0,236.5,237.0,0,0.0,0.0
2023-02-14 10:00:00+08:00,237.0,238.0,236.0,237.0,100795,0.0,0.0
2023-02-14 11:00:00+08:00,237.0,238.5,236.0,238.0,121027,0.0,0.0
2023-02-14 12:00:00+08:00,237.0,237.5,236.5,236.5,22281,0.0,0.0
2023-02-14 13:00:00+08:00,236.5,238.0,236.5,237.0,63001,0.0,0.0
2023-02-15 09:00:00+08:00,238.0,238.0,234.5,235.5,0,0.0,0.0
2023-02-15 10:00:00+08:00,235.0,235.0,233.5,235.0,120940,0.0,0.0
2023-02-15 11:00:00+08:00,235.0,239.0,233.5,236.5,85010,0.0,0.0
2023-02-15 12:00:00+08:00,237.0,237.5,235.5,237.0,42000,0.0,0.0
2023-02-15 13:00:00+08:00,236.0,238.5,236.0,238.0,72100,0.0,0.0
2023-02-16 09:00:00+08:00,238.0,243.0,236.5,240.5,0,0.0,0.0
2023-02-16 10:00:00+08:00,240.5,241.5,239.5,240.0,133465,0.0,0.0
2023-02-16 11:00:00+08:00,240.0,241.0,240.0,240.5,96150,0.0,0.0
2023-02-16 12:00:00+08:00,241.0,241.0,240.0,240.5,113426,0.0,0.0
2023-02-16 13:00:00+08:00,240.5,240.5,239.0,240.0,70319,0.0,0.0
2023-02-17 09:00:00+08:00,242.0,242.0,236.5,237.5,0,0.0,0.0
2023-02-17 10:00:00+08:00,237.5,238.5,237.0,237.0,80056,0.0,0.0
2023-02-17 11:00:00+08:00,237.5,237.5,235.5,236.5,90200,0.0,0.0
2023-02-17 12:00:00+08:00,235.5,236.5,234.5,235.5,84193,0.0,0.0
2023-02-17 13:00:00+08:00,235.5,235.5,234.5,235.0,52402,0.0,0.0
2023-02-20 09:00:00+08:00,235.0,244.0,235.0,240.0,269302,0.0,0.0
2023-02-20 10:00:00+08:00,240.0,245.0,240.0,243.5,310802,0.0,0.0
2023-02-20 11:00:00+08:00,244.0,244.0,242.5,243.0,92069,0.0,0.0
2023-02-20 12:00:00+08:00,243.0,243.0,241.5,242.5,106397,0.0,0.0
2023-02-20 13:00:00+08:00,242.0,245.5,241.5,245.5,164474,0.0,0.0
2023-02-21 09:00:00+08:00,243.5,246.0,241.5,243.0,0,0.0,0.0
2023-02-21 10:00:00+08:00,242.5,245.5,242.5,244.5,140251,0.0,0.0
2023-02-21 11:00:00+08:00,244.5,250.0,244.5,248.0,310294,0.0,0.0
2023-02-21 12:00:00+08:00,247.0,249.5,247.0,248.5,132076,0.0,0.0
2023-02-21 13:00:00+08:00,247.5,249.5,247.5,249.0,93352,0.0,0.0
2023-02-22 09:00:00+08:00,249.0,250.0,241.0,250.0,0,0.0,0.0
2023-02-22 10:00:00+08:00,250.0,251.0,249.0,251.0,271876,0.0,0.0
2023-02-22 11:00:00+08:00,251.0,253.0,250.5,251.0,183667,0.0,0.0
2023-02-22 12:00:00+08:00,251.0,254.0,248.0,254.0,219401,0.0,0.0
2023-02-22 13:00:00+08:00,254.0,258.0,252.5,257.0,228885,0.0,0.0
2023-02-23 09:00:00+08:00,258.5,266.5,255.0,263.5,0,0.0,0.0
2023-02-23 10:00:00+08:00,264.0,264.5,259.0,261.0,281409,0.0,0.0
2023-02-23 11:00:00+08:00,261.0,261.0,256.0,257.5,290309,0.0,0.0
2023-02-23 12:00:00+08:00,257.5,260.5,257.0,260.0,196649,0.0,0.0
2023-02-23 13:00:00+08:00,258.5,260.0,257.5,258.5,109148,0.0,0.0
2023-02-24 09:00:00+08:00,258.5,262.0,255.0,262.0,0,0.0,0.0
2023-02-24 10:00:00+08:00,262.0,265.5,258.0,265.5,266875,0.0,0.0
2023-02-24 11:00:00+08:00,265.0,265.5,264.0,265.0,71358,0.0,0.0
2023-02-24 12:00:00+08:00,264.0,264.5,262.5,264.5,86515,0.0,0.0
2023-02-24 13:00:00+08:00,264.5,266.0,264.5,266.0,109702,0.0,0.0
2023-03-01 09:00:00+08:00,260.0,266.5,257.5,259.0,0,0.0,0.0
2023-03-01 10:00:00+08:00,259.0,259.5,256.5,257.5,136306,0.0,0.0
2023-03-01 11:00:00+08:00,257.5,259.5,257.5,259.5,56248,0.0,0.0
2023-03-01 12:00:00+08:00,259.5,260.0,258.0,259.5,63529,0.0,0.0
2023-03-01 13:00:00+08:00,259.5,261.0,259.5,259.5,65140,0.0,0.0
2023-03-02 09:00:00+08:00,261.0,262.0,258.0,261.0,0,0.0,0.0
2023-03-02 10:00:00+08:00,260.5,263.0,260.0,263.0,72650,0.0,0.0
2023-03-02 11:00:00+08:00,263.0,270.0,263.0,269.5,314818,0.0,0.0
2023-03-02 12:00:00+08:00,269.5,269.5,267.5,269.0,87344,0.0,0.0
2023-03-02 13:00:00+08:00,269.0,270.0,268.5,269.5,73729,0.0,0.0
2023-03-03 09:00:00+08:00,270.0,271.5,266.0,270.5,0,0.0,0.0
2023-03-03 10:00:00+08:00,271.0,271.0,266.5,270.0,186612,0.0,0.0
2023-03-03 11:00:00+08:00,270.0,271.0,269.5,270.0,131970,0.0,0.0
2023-03-03 12:00:00+08:00,270.5,271.0,268.0,269.5,103554,0.0,0.0
2023-03-03 13:00:00+08:00,269.5,270.0,267.5,268.5,67723,0.0,0.0
2023-03-06 09:00:00+08:00,272.0,275.0,268.0,273.5,0,0.0,0.0
2023-03-06 10:00:00+08:00,274.0,274.5,271.5,272.5,65197,0.0,0.0
2023-03-06 11:00:00+08:00,272.5,273.0,272.0,273.0,25723,0.0,0.0
2023-03-06 12:00:00+08:00,273.0,274.0,272.5,273.5,50299,0.0,0.0
2023-03-06 13:00:00+08:00,273.0,273.0,271.0,272.0,180260,0.0,0.0
2023-03-07 09:00:00+08:00,274.0,274.0,262.5,263.0,390753,0.0,0.0
2023-03-07 10:00:00+08:00,264.0,265.5,262.0,264.0,178637,0.0,0.0
2023-03-07 11:00:00+08:00,263.5,264.5,263.0,263.5,176487,0.0,0.0
2023-03-07 12:00:00+08:00,264.0,264.5,263.0,264.0,134056,0.0,0.0
2023-03-07 13:00:00+08:00,263.0,264.0,262.5,263.5,103131,0.0,0.0
2023-03-08 09:00:00+08:00,264.0,264.0,258.5,259.5,0,0.0,0.0
2023-03-08 10:00:00+08:00,259.5,260.0,257.0,259.0,199089,0.0,0.0
2023-03-08 11:00:00+08:00,258.5,265.5,258.0,264.5,194890,0.0,0.0
2023-03-08 12:00:00+08:00,265.5,268.0,264.5,268.0,215212,0.0,0.0
2023-03-08 13:00:00+08:00,267.0,269.0,267.0,269.0,109416,0.0,0.0
2023-03-09 09:00:00+08:00,274.0,274.0,265.0,266.0,0,0.0,0.0
2023-03-09 10:00:00+08:00,266.0,267.5,264.0,266.0,102759,0.0,0.0
2023-03-09 11:00:00+08:00,266.0,266.0,265.5,265.5,32157,0.0,0.0
2023-03-09 12:00:00+08:00,265.5,267.0,264.0,264.0,114719,0.0,0.0
2023-03-09 13:00:00+08:00,263.5,266.0,263.5,265.5,39105,0.0,0.0
2023-03-10 09:00:00+08:00,262.5,263.5,259.5,261.5,0,0.0,0.0
2023-03-10 10:00:00+08:00,260.5,260.5,258.0,258.5,68936,0.0,0.0
2023-03-10 11:00:00+08:00,258.0,258.5,255.0,256.0,181917,0.0,0.0
2023-03-10 12:00:00+08:00,256.0,257.0,254.5,255.0,151431,0.0,0.0
2023-03-10 13:00:00+08:00,255.0,257.0,255.0,257.0,72001,0.0,0.0
2023-03-13 09:00:00+08:00,256.5,256.5,252.0,252.5,106709,0.0,0.0
2023-03-13 10:00:00+08:00,252.0,256.5,252.0,252.5,78776,0.0,0.0
2023-03-13 11:00:00+08:00,252.0,254.0,251.5,252.0,51402,0.0,0.0
2023-03-13 12:00:00+08:00,251.5,253.0,251.0,251.5,48575,0.0,0.0
2023-03-13 13:00:00+08:00,251.0,253.5,251.0,252.0,38362,0.0,0.0
2023-03-14 09:00:00+08:00,250.0,262.0,248.5,260.0,0,0.0,0.0
2023-03-14 10:00:00+08:00,259.5,261.5,252.0,259.0,181252,0.0,0.0
2023-03-14 11:00:00+08:00,258.5,259.5,257.5,258.5,55055,0.0,0.0
2023-03-14 12:00:00+08:00,258.5,259.0,256.0,257.5,80030,0.0,0.0
2023-03-14 13:00:00+08:00,257.0,257.0,256.0,256.0,29152,0.0,0.0
2023-03-15 09:00:00+08:00,261.5,266.5,257.0,265.0,0,0.0,0.0
2023-03-15 10:00:00+08:00,265.0,267.0,264.5,266.0,149991,0.0,0.0
2023-03-15 11:00:00+08:00,266.0,267.5,263.5,267.0,200902,0.0,0.0
2023-03-15 12:00:00+08:00,267.0,269.5,265.5,268.5,184232,0.0,0.0
2023-03-15 13:00:00+08:00,269.0,269.0,265.5,267.0,100422,0.0,0.0
2023-03-16 09:00:00+08:00,270.0,273.0,265.0,269.0,0,0.0,0.0
2023-03-16 10:00:00+08:00,268.5,269.0,263.0,263.0,212895,0.0,0.0
2023-03-16 11:00:00+08:00,263.5,263.5,260.0,262.0,169189,0.0,0.0
2023-03-16 12:00:00+08:00,261.5,262.5,258.5,262.0,101096,0.0,0.0
2023-03-16 13:00:00+08:00,262.0,262.5,260.0,261.5,89234,0.0,0.0
2023-03-17 09:00:00+08:00,263.0,267.0,262.5,266.0,0,0.0,0.0
2023-03-17 10:00:00+08:00,266.5,272.5,266.5,270.5,495888,0.0,0.0
2023-03-17 11:00:00+08:00,271.0,272.0,268.0,268.5,177361,0.0,0.0
2023-03-17 12:00:00+08:00,268.5,272.0,268.0,271.0,77641,0.0,0.0
2023-03-17 13:00:00+08:00,271.0,273.0,271.0,272.5,100317,0.0,0.0
2023-03-20 09:00:00+08:00,274.5,277.5,268.0,272.0,0,0.0,0.0
2023-03-20 10:00:00+08:00,272.0,272.5,269.5,271.0,207445,0.0,0.0
2023-03-20 11:00:00+08:00,271.0,271.5,269.5,271.0,107495,0.0,0.0
2023-03-20 12:00:00+08:00,271.0,271.5,270.0,271.0,58207,0.0,0.0
2023-03-20 13:00:00+08:00,271.0,271.0,266.5,267.0,244073,0.0,0.0
2023-03-21 09:00:00+08:00,272.0,272.0,268.0,268.5,0,0.0,0.0
2023-03-21 10:00:00+08:00,269.0,270.5,268.5,269.5,83566,0.0,0.0
2023-03-21 11:00:00+08:00,269.0,270.0,268.0,268.5,86115,0.0,0.0
2023-03-21 12:00:00+08:00,269.5,269.5,268.0,268.5,82590,0.0,0.0
2023-03-21 13:00:00+08:00,268.0,268.5,267.5,267.5,75294,0.0,0.0
2023-03-22 09:00:00+08:00,270.5,272.0,268.5,269.0,0,0.0,0.0
2023-03-22 10:00:00+08:00,268.5,270.0,268.5,269.0,58986,0.0,0.0
2023-03-22 11:00:00+08:00,269.5,270.0,268.5,268.5,90859,0.0,0.0
2023-03-22 12:00:00+08:00,268.0,269.5,268.0,268.5,48473,0.0,0.0
2023-03-22 13:00:00+08:00,268.5,269.0,268.0,268.0,42409,0.0,0.0
2023-03-23 09:00:00+08:00,267.0,267.0,264.0,265.0,0,0.0,0.0
2023-03-23 10:00:00+08:00,265.0,266.5,264.5,266.5,74527,0.0,0.0
2023-03-23 11:00:00+08:00,266.0,274.0,266.0,271.5,309493,0.0,0.0
2023-03-23 12:00:00+08:00,271.5,272.5,269.5,270.0,56236,0.0,0.0
2023-03-23 13:00:00+08:00,270.0,272.0,270.0,272.0,51412,0.0,0.0
2023-03-24 09:00:00+08:00,273.5,273.5,267.5,269.0,0,0.0,0.0
2023-03-24 10:00:00+08:00,269.0,270.0,268.0,268.5,76185,0.0,0.0
2023-03-24 11:00:00+08:00,269.0,269.0,268.0,269.0,57165,0.0,0.0
2023-03-24 12:00:00+08:00,268.5,269.0,267.5,268.0,48849,0.0,0.0
2023-03-24 13:00:00+08:00,268.0,269.0,267.5,268.5,45048,0.0,0.0
2023-03-27 09:00:00+08:00,267.0,270.0,266.5,267.5,0,0.0,0.0
2023-03-27 10:00:00+08:00,267.5,271.0,267.5,269.5,125261,0.0,0.0
2023-03-27 11:00:00+08:00,269.5,271.0,269.0,270.5,78461,0.0,0.0
2023-03-27 12:00:00+08:00,270.5,270.5,268.5,268.5,33226,0.0,0.0
2023-03-27 13:00:00+08:00,269.0,270.0,268.5,269.5,29091,0.0,0.0
2023-03-28 09:00:00+08:00,269.5,271.0,258.5,260.0,0,0.0,0.0
2023-03-28 10:00:00+08:00,260.0,262.5,260.0,262.5,144700,0.0,0.0
2023-03-28 11:00:00+08:00,261.0,265.0,261.0,265.0,145780,0.0,0.0
2023-03-28 12:00:00+08:00,265.0,267.5,264.5,266.0,230323,0.0,0.0
2023-03-28 13:00:00+08:00,267.0,267.0,265.0,267.0,105191,0.0,0.0
2023-03-29 09:00:00+08:00,265.0,267.0,262.5,264.0,0,0.0,0.0
2023-03-29 10:00:00+08:00,263.0,264.0,262.5,264.0,87647,0.0,0.0
2023-03-29 11:00:00+08:00,264.0,264.0,262.5,263.5,46506,0.0,0.0
2023-03-29 12:00:00+08:00,263.5,263.5,262.0,263.5,78430,0.0,0.0
2023-03-29 13:00:00+08:00,262.5,263.5,262.5,263.0,32892,0.0,0.0
2023-03-30 09:00:00+08:00,262.5,265.5,262.5,263.5,0,0.0,0.0
2023-03-30 10:00:00+08:00,263.5,267.0,263.0,266.0,111163,0.0,0.0
2023-03-30 11:00:00+08:00,266.0,267.0,265.0,266.0,41441,0.0,0.0
2023-03-30 12:00:00+08:00,265.5,265.5,264.0,265.0,49572,0.0,0.0
2023-03-30 13:00:00+08:00,264.5,266.5,264.5,266.0,33525,0.0,0.0
2023-03-31 09:00:00+08:00,269.0,269.0,265.5,267.5,0,0.0,0.0
2023-03-31 10:00:00+08:00,267.0,267.0,266.5,267.0,31023,0.0,0.0
2023-03-31 11:00:00+08:00,266.5,270.0,266.0,268.0,170302,0.0,0.0
2023-03-31 12:00:00+08:00,268.0,269.0,268.0,269.0,72177,0.0,0.0
2023-03-31 13:00:00+08:00,269.0,269.5,268.0,268.0,51033,0.0,0.0
2023-04-06 09:00:00+08:00,270.0,270.0,263.5,265.0,0,0.0,0.0
2023-04-06 10:00:00+08:00,265.5,266.0,264.0,264.5,41220,0.0,0.0
2023-04-06 11:00:00+08:00,264.5,265.0,263.5,263.5,27010,0.0,0.0
2023-04-06 12:00:00+08:00,264.5,264.5,263.5,263.5,21490,0.0,0.0
2023-04-06 13:00:00+08:00,263.5,263.5,263.0,263.0,38771,0.0,0.0
2023-04-07 09:00:00+08:00,268.0,275.0,267.0,271.5,107503,0.0,0.0
2023-04-07 10:00:00+08:00,271.5,278.0,271.0,274.5,368905,0.0,0.0
2023-04-07 11:00:00+08:00,274.5,276.0,274.5,274.5,60119,0.0,0.0
2023-04-07 12:00:00+08:00,274.5,275.0,273.0,273.0,87111,0.0,0.0
2023-04-07 13:00:00+08:00,273.0,275.0,273.0,275.0,71042,0.0,0.0
2023-04-10 09:00:00+08:00,277.0,283.0,274.5,279.5,0,0.0,0.0
2023-04-10 10:00:00+08:00,279.0,279.5,274.5,275.0,81432,0.0,0.0
2023-04-10 11:00:00+08:00,275.0,275.0,273.0,273.5,115466,0.0,0.0
2023-04-10 12:00:00+08:00,273.0,274.0,270.5,272.5,163357,0.0,0.0
2023-04-10 13:00:00+08:00,272.0,273.0,271.5,271.5,65108,0.0,0.0
2023-04-11 09:00:00+08:00,273.0,273.0,270.0,271.0,0,0.0,0.0
2023-04-11 10:00:00+08:00,271.0,272.0,270.5,271.5,41533,0.0,0.0
2023-04-11 11:00:00+08:00,271.5,271.5,268.5,269.5,89996,0.0,0.0
2023-04-11 12:00:00+08:00,268.5,270.0,268.0,268.5,57326,0.0,0.0
2023-04-11 13:00:00+08:00,268.5,269.5,266.0,269.5,110462,0.0,0.0
2023-04-12 09:00:00+08:00,269.5,269.5,266.0,266.5,0,0.0,0.0
2023-04-12 10:00:00+08:00,267.0,267.0,264.0,266.0,229974,0.0,0.0
2023-04-12 11:00:00+08:00,265.0,267.0,265.0,267.0,38464,0.0,0.0
2023-04-12 12:00:00+08:00,266.5,271.0,266.0,270.0,187838,0.0,0.0
2023-04-12 13:00:00+08:00,271.0,272.0,270.0,271.5,98831,0.0,0.0
2023-04-13 09:00:00+08:00,270.0,270.0,266.5,267.5,0,0.0,0.0
2023-04-13 10:00:00+08:00,267.5,267.5,266.0,266.5,86182,0.0,0.0
2023-04-13 11:00:00+08:00,267.0,267.5,265.0,266.0,103835,0.0,0.0
2023-04-13 12:00:00+08:00,266.0,267.0,265.0,265.5,70523,0.0,0.0
2023-04-13 13:00:00+08:00,265.5,266.0,264.5,265.0,55607,0.0,0.0
2023-04-14 09:00:00+08:00,265.5,267.5,264.5,265.5,0,0.0,0.0
2023-04-14 10:00:00+08:00,266.0,268.0,265.5,266.5,52277,0.0,0.0
2023-04-14 11:00:00+08:00,266.0,266.5,265.5,266.0,26005,0.0,0.0
2023-04-14 12:00:00+08:00,265.5,266.5,265.5,266.0,25150,0.0,0.0
2023-04-14 13:00:00+08:00,266.0,266.0,265.0,265.5,31227,0.0,0.0
2023-04-17 09:00:00+08:00,266.0,266.0,263.5,264.0,0,0.0,0.0
2023-04-17 10:00:00+08:00,265.0,266.5,261.5,261.5,208426,0.0,0.0
2023-04-17 11:00:00+08:00,261.5,262.5,259.0,259.0,297347,0.0,0.0
2023-04-17 12:00:00+08:00,259.0,265.5,259.0,265.5,158523,0.0,0.0
2023-04-17 13:00:00+08:00,265.5,265.5,263.5,264.5,49750,0.0,0.0
2023-04-18 09:00:00+08:00,264.5,264.5,261.0,262.0,0,0.0,0.0
2023-04-18 10:00:00+08:00,262.5,265.0,262.0,264.0,72133,0.0,0.0
2023-04-18 11:00:00+08:00,263.5,264.0,262.5,262.5,24759,0.0,0.0
2023-04-18 12:00:00+08:00,262.5,262.5,261.5,262.5,58592,0.0,0.0
2023-04-18 13:00:00+08:00,261.5,263.5,261.0,263.0,63024,0.0,0.0
2023-04-19 09:00:00+08:00,263.0,263.5,261.0,262.0,0,0.0,0.0
2023-04-19 10:00:00+08:00,261.5,262.0,260.0,262.0,100789,0.0,0.0
2023-04-19 11:00:00+08:00,261.0,264.0,261.0,262.5,82208,0.0,0.0
2023-04-19 12:00:00+08:00,262.0,263.0,262.0,262.5,46454,0.0,0.0
2023-04-19 13:00:00+08:00,262.0,263.0,261.5,263.0,44260,0.0,0.0
2023-04-20 09:00:00+08:00,262.0,262.5,256.5,258.5,0,0.0,0.0
2023-04-20 10:00:00+08:00,258.0,258.5,255.5,256.0,184426,0.0,0.0
2023-04-20 11:00:00+08:00,255.5,255.5,254.0,254.5,103276,0.0,0.0
2023-04-20 12:00:00+08:00,254.0,255.0,254.0,254.0,61446,0.0,0.0
2023-04-20 13:00:00+08:00,254.0,254.5,254.0,254.5,31940,0.0,0.0
2023-04-21 09:00:00+08:00,254.0,256.5,250.5,252.0,0,0.0,0.0
2023-04-21 10:00:00+08:00,252.5,252.5,245.5,246.0,193025,0.0,0.0
2023-04-21 11:00:00+08:00,247.0,248.0,245.5,245.5,115585,0.0,0.0
2023-04-21 12:00:00+08:00,246.0,247.0,244.5,245.0,121013,0.0,0.0
2023-04-21 13:00:00+08:00,245.0,246.5,244.5,246.0,71749,0.0,0.0
2023-04-24 09:00:00+08:00,245.5,250.5,245.0,248.0,0,0.0,0.0
2023-04-24 10:00:00+08:00,248.0,248.5,241.5,241.5,220000,0.0,0.0
2023-04-24 11:00:00+08:00,241.5,248.0,241.5,247.5,282642,0.0,0.0
2023-04-24 12:00:00+08:00,246.5,249.5,246.0,247.0,154976,0.0,0.0
2023-04-24 13:00:00+08:00,247.0,249.5,246.0,249.5,64308,0.0,0.0
2023-04-25 09:00:00+08:00,250.0,250.0,245.0,246.0,0,0.0,0.0
2023-04-25 10:00:00+08:00,244.5,245.0,240.5,242.0,172790,0.0,0.0
2023-04-25 11:00:00+08:00,241.0,245.0,240.0,241.5,170098,0.0,0.0
2023-04-25 12:00:00+08:00,241.5,242.0,240.5,242.0,99517,0.0,0.0
2023-04-25 13:00:00+08:00,241.0,244.0,241.0,243.5,160631,0.0,0.0
2023-04-26 09:00:00+08:00,243.5,247.5,241.0,246.5,0,0.0,0.0
2023-04-26 10:00:00+08:00,246.5,249.0,245.0,249.0,108530,0.0,0.0
2023-04-26 11:00:00+08:00,248.5,249.0,246.0,246.0,81165,0.0,0.0
2023-04-26 12:00:00+08:00,246.0,247.0,245.5,247.0,55165,0.0,0.0
2023-04-26 13:00:00+08:00,247.0,247.0,244.0,245.5,63616,0.0,0.0
2023-04-27 09:00:00+08:00,248.0,248.0,244.0,248.0,0,0.0,0.0
2023-04-27 10:00:00+08:00,248.0,252.5,247.5,251.0,206499,0.0,0.0
2023-04-27 11:00:00+08:00,250.5,253.5,250.5,252.5,82473,0.0,0.0
2023-04-27 12:00:00+08:00,252.5,253.5,252.5,253.0,46688,0.0,0.0
2023-04-27 13:00:00+08:00,253.0,254.0,252.0,253.0,42315,0.0,0.0
2023-04-28 09:00:00+08:00,255.0,260.5,255.0,259.5,0,0.0,0.0
2023-04-28 10:00:00+08:00,259.5,260.5,258.5,259.0,73747,0.0,0.0
2023-04-28 11:00:00+08:00,259.0,259.5,258.0,259.0,91242,0.0,0.0
2023-04-28 12:00:00+08:00,259.0,261.5,259.0,260.5,98229,0.0,0.0
2023-04-28 13:00:00+08:00,261.0,263.5,260.0,263.5,157773,0.0,0.0
2023-05-02 09:00:00+08:00,264.5,264.5,259.0,259.0,0,0.0,0.0
2023-05-02 10:00:00+08:00,259.0,260.5,259.0,259.5,34619,0.0,0.0
2023-05-02 11:00:00+08:00,259.5,262.5,259.0,262.0,170208,0.0,0.0
2023-05-02 12:00:00+08:00,261.0,261.5,260.0,261.5,98168,0.0,0.0
2023-05-02 13:00:00+08:00,261.5,261.5,259.0,260.0,49641,0.0,0.0
2023-05-03 09:00:00+08:00,258.0,259.0,256.0,258.5,0,0.0,0.0
2023-05-03 10:00:00+08:00,258.5,258.5,256.5,257.5,73055,0.0,0.0
2023-05-03 11:00:00+08:00,257.5,257.5,256.5,256.5,22508,0.0,0.0
2023-05-03 12:00:00+08:00,256.5,257.0,256.5,257.0,6200,0.0,0.0
2023-05-03 13:00:00+08:00,256.5,257.5,255.5,257.5,27130,0.0,0.0
2023-05-04 09:00:00+08:00,264.0,265.5,258.5,260.0,12141,0.0,0.0
2023-05-04 10:00:00+08:00,260.0,262.0,260.0,261.0,61959,0.0,0.0
2023-05-04 11:00:00+08:00,261.0,261.5,260.5,261.5,31547,0.0,0.0
2023-05-04 12:00:00+08:00,261.5,262.0,260.5,261.5,51325,0.0,0.0
2023-05-04 13:00:00+08:00,261.5,263.0,261.5,262.0,64378,0.0,0.0
2023-05-05 09:00:00+08:00,263.5,263.5,260.5,260.5,0,0.0,0.0
2023-05-05 10:00:00+08:00,260.5,261.0,259.5,260.5,28806,0.0,0.0
2023-05-05 11:00:00+08:00,260.0,262.0,260.0,262.0,19105,0.0,0.0
2023-05-05 12:00:00+08:00,262.5,262.5,261.0,262.0,56078,0.0,0.0
2023-05-05 13:00:00+08:00,261.5,262.5,261.0,262.0,27217,0.0,0.0
2023-05-08 09:00:00+08:00,260.5,261.0,258.0,258.5,0,0.0,0.0
2023-05-08 10:00:00+08:00,258.5,258.5,255.0,256.0,159065,0.0,0.0
2023-05-08 11:00:00+08:00,256.0,257.0,255.0,257.0,49900,0.0,0.0
2023-05-08 12:00:00+08:00,256.5,257.5,256.0,257.5,41687,0.0,0.0
2023-05-08 13:00:00+08:00,256.5,257.5,256.0,257.0,36521,0.0,0.0
2023-05-09 09:00:00+08:00,257.0,257.5,248.0,251.0,0,0.0,0.0
2023-05-09 10:00:00+08:00,251.0,256.0,249.5,254.5,0,0.0,0.0
2023-05-09 11:00:00+08:00,254.5,254.5,252.0,252.5,332526,0.0,0.0
2023-05-09 12:00:00+08:00,252.5,253.5,252.0,252.0,18108,0.0,0.0
2023-05-09 13:00:00+08:00,252.0,254.0,251.5,254.0,25352,0.0,0.0
2023-05-10 09:00:00+08:00,253.5,253.5,248.5,249.5,0,0.0,0.0
2023-05-10 10:00:00+08:00,249.0,250.0,248.5,248.5,79484,0.0,0.0
2023-05-10 11:00:00+08:00,248.5,250.0,246.5,248.5,287117,0.0,0.0
2023-05-10 12:00:00+08:00,248.5,250.0,246.0,248.0,140344,0.0,0.0
2023-05-10 13:00:00+08:00,249.0,250.0,248.5,250.0,34000,0.0,0.0
2023-05-11 09:00:00+08:00,249.0,250.5,245.0,246.5,0,0.0,0.0
2023-05-11 10:00:00+08:00,246.5,247.5,245.0,245.5,78623,0.0,0.0
2023-05-11 11:00:00+08:00,245.5,246.5,245.5,246.0,28829,0.0,0.0
2023-05-11 12:00:00+08:00,245.5,245.5,244.0,245.5,71236,0.0,0.0
2023-05-11 13:00:00+08:00,245.0,245.5,244.0,245.0,37003,0.0,0.0
2023-05-12 09:00:00+08:00,245.0,246.0,242.5,244.0,88206,0.0,0.0
2023-05-12 10:00:00+08:00,244.0,245.5,243.0,245.5,41735,0.0,0.0
2023-05-12 11:00:00+08:00,245.5,249.0,244.5,248.5,69962,0.0,0.0
2023-05-12 12:00:00+08:00,248.0,249.0,247.5,248.5,34269,0.0,0.0
2023-05-12 13:00:00+08:00,248.0,248.5,247.5,248.5,50083,0.0,0.0
2023-05-15 09:00:00+08:00,245.5,246.5,243.5,245.5,0,0.0,0.0
2023-05-15 10:00:00+08:00,245.5,245.5,244.5,245.5,8750,0.0,0.0
2023-05-15 11:00:00+08:00,244.0,245.5,244.0,244.0,16571,0.0,0.0
2023-05-15 12:00:00+08:00,244.0,245.0,243.0,245.0,36232,0.0,0.0
2023-05-15 13:00:00+08:00,245.0,245.0,244.0,245.0,11528,0.0,0.0
2023-05-16 09:00:00+08:00,246.5,249.5,246.5,249.5,0,0.0,0.0
2023-05-16 10:00:00+08:00,249.5,250.0,248.0,248.0,47456,0.0,0.0
2023-05-16 11:00:00+08:00,248.0,248.5,247.5,248.0,16069,0.0,0.0
2023-05-16 12:00:00+08:00,247.5,248.5,247.0,247.5,27540,0.0,0.0
2023-05-16 13:00:00+08:00,248.0,250.5,247.5,250.0,49445,0.0,0.0
2023-05-17 09:00:00+08:00,255.0,256.5,250.0,250.0,0,0.0,0.0
2023-05-17 10:00:00+08:00,250.0,250.5,248.0,249.5,52873,0.0,0.0
2023-05-17 11:00:00+08:00,249.5,250.5,248.5,250.5,51136,0.0,0.0
2023-05-17 12:00:00+08:00,249.5,250.0,248.5,250.0,70264,0.0,0.0
2023-05-17 13:00:00+08:00,249.0,250.0,248.5,249.5,51865,0.0,0.0
2023-05-18 09:00:00+08:00,250.5,252.5,248.5,249.5,0,0.0,0.0
2023-05-18 10:00:00+08:00,249.5,250.0,249.0,249.5,40368,0.0,0.0
2023-05-18 11:00:00+08:00,249.5,250.0,247.0,247.5,149213,0.0,0.0
2023-05-18 12:00:00+08:00,247.5,249.5,247.5,249.5,58302,0.0,0.0
2023-05-18 13:00:00+08:00,249.5,249.5,247.5,249.0,48244,0.0,0.0
2023-05-19 09:00:00+08:00,248.0,249.5,246.0,246.5,0,0.0,0.0
2023-05-19 10:00:00+08:00,246.5,246.5,245.5,245.5,65983,0.0,0.0
2023-05-19 11:00:00+08:00,245.5,246.0,244.5,245.0,134650,0.0,0.0
2023-05-19 12:00:00+08:00,245.0,245.5,241.5,241.5,215814,0.0,0.0
2023-05-19 13:00:00+08:00,241.5,242.0,240.5,241.5,208964,0.0,0.0
2023-05-22 09:00:00+08:00,241.5,244.0,241.0,241.5,0,0.0,0.0
2023-05-22 10:00:00+08:00,241.5,246.5,241.0,244.5,107218,0.0,0.0
2023-05-22 11:00:00+08:00,245.5,245.5,243.0,243.5,56402,0.0,0.0
2023-05-22 12:00:00+08:00,243.5,245.0,243.5,244.0,43560,0.0,0.0
2023-05-22 13:00:00+08:00,244.5,246.5,244.5,246.0,35413,0.0,0.0
2023-05-23 09:00:00+08:00,242.0,242.5,239.0,239.5,0,0.0,0.0
2023-05-23 10:00:00+08:00,239.5,239.5,237.0,238.5,354501,0.0,0.0
2023-05-23 11:00:00+08:00,238.0,239.0,237.0,237.0,147266,0.0,0.0
2023-05-23 12:00:00+08:00,237.0,237.5,236.5,236.5,231168,0.0,0.0
2023-05-23 13:00:00+08:00,236.5,237.5,236.5,237.5,118570,0.0,0.0
2023-05-24 09:00:00+08:00,237.5,238.5,236.0,236.0,0,0.0,0.0
2023-05-24 10:00:00+08:00,236.0,236.0,232.5,232.5,315855,0.0,0.0
2023-05-24 11:00:00+08:00,233.0,236.5,232.0,234.5,302833,0.0,0.0
2023-05-24 12:00:00+08:00,235.0,238.0,235.0,238.0,190543,0.0,0.0
2023-05-24 13:00:00+08:00,238.0,239.0,237.5,239.0,42127,0.0,0.0
2023-05-25 09:00:00+08:00,238.5,239.5,235.0,238.0,0,0.0,0.0
2023-05-25 10:00:00+08:00,238.0,239.0,236.5,239.0,172746,0.0,0.0
2023-05-25 11:00:00+08:00,238.5,240.0,238.0,238.5,131641,0.0,0.0
2023-05-25 12:00:00+08:00,239.0,239.0,237.0,237.0,132851,0.0,0.0
2023-05-25 13:00:00+08:00,237.0,238.0,236.5,238.0,94137,0.0,0.0
2023-05-26 09:00:00+08:00,240.0,240.0,237.0,238.5,0,0.0,0.0
2023-05-26 10:00:00+08:00,238.5,238.5,237.5,238.5,117564,0.0,0.0
2023-05-26 11:00:00+08:00,238.5,239.5,238.5,239.0,75751,0.0,0.0
2023-05-26 12:00:00+08:00,239.0,240.0,238.5,239.5,151961,0.0,0.0
2023-05-26 13:00:00+08:00,239.5,240.5,239.0,240.5,65876,0.0,0.0
2023-05-29 09:00:00+08:00,243.0,243.5,241.0,242.0,0,0.0,0.0
2023-05-29 10:00:00+08:00,242.0,242.0,241.0,241.0,73537,0.0,0.0
2023-05-29 11:00:00+08:00,241.0,242.0,238.0,238.5,133756,0.0,0.0
2023-05-29 12:00:00+08:00,238.5,240.0,238.0,239.5,122153,0.0,0.0
2023-05-29 13:00:00+08:00,239.0,240.5,239.0,240.5,71677,0.0,0.0
2023-05-30 09:00:00+08:00,240.0,240.0,237.5,238.0,107908,0.0,0.0
2023-05-30 10:00:00+08:00,238.0,239.5,237.5,238.0,103918,0.0,0.0
2023-05-30 11:00:00+08:00,238.0,239.5,237.5,238.5,96364,0.0,0.0
2023-05-30 12:00:00+08:00,238.5,240.0,238.5,239.5,43217,0.0,0.0
2023-05-30 13:00:00+08:00,239.5,241.5,239.5,241.0,108310,0.0,0.0
2023-05-31 09:00:00+08:00,240.0,240.0,238.5,239.5,0,0.0,0.0
2023-05-31 10:00:00+08:00,239.5,240.5,239.0,240.0,45577,0.0,0.0
2023-05-31 11:00:00+08:00,239.5,240.5,239.5,240.0,52156,0.0,0.0
2023-05-31 12:00:00+08:00,240.0,241.0,239.5,240.0,77301,0.0,0.0
2023-05-31 13:00:00+08:00,240.5,240.5,239.5,240.0,78302,0.0,0.0
2023-06-01 09:00:00+08:00,241.5,241.5,239.5,240.0,0,0.0,0.0
2023-06-01 10:00:00+08:00,240.0,243.0,240.0,242.5,106553,0.0,0.0
2023-06-01 11:00:00+08:00,242.5,244.0,242.5,242.5,67109,0.0,0.0
2023-06-01 12:00:00+08:00,242.5,243.0,242.0,243.0,31559,0.0,0.0
2023-06-01 13:00:00+08:00,243.0,244.0,243.0,243.5,37564,0.0,0.0
2023-06-02 09:00:00+08:00,245.0,250.5,245.0,246.5,28472,0.0,0.0
2023-06-02 10:00:00+08:00,246.5,248.0,246.0,247.0,152630,0.0,0.0
2023-06-02 11:00:00+08:00,247.0,248.5,246.5,248.0,104256,0.0,0.0
2023-06-02 12:00:00+08:00,247.5,248.0,247.0,247.0,57898,0.0,0.0
2023-06-02 13:00:00+08:00,247.0,247.0,246.5,247.0,28543,0.0,0.0
2023-06-05 09:00:00+08:00,246.5,247.0,244.5,246.0,0,0.0,0.0
2023-06-05 10:00:00+08:00,246.0,246.0,245.0,246.0,36333,0.0,0.0
2023-06-05 11:00:00+08:00,246.0,247.0,246.0,246.5,38523,0.0,0.0
2023-06-05 12:00:00+08:00,246.0,246.0,243.0,244.0,164132,0.0,0.0
2023-06-05 13:00:00+08:00,243.5,243.5,241.0,241.0,89170,0.0,0.0
2023-06-06 09:00:00+08:00,242.0,242.5,240.5,240.5,0,0.0,0.0
2023-06-06 10:00:00+08:00,240.5,243.0,240.0,242.0,86205,0.0,0.0
2023-06-06 11:00:00+08:00,243.5,243.5,242.0,243.0,21727,0.0,0.0
2023-06-06 12:00:00+08:00,243.0,243.0,242.0,242.0,30928,0.0,0.0
2023-06-06 13:00:00+08:00,242.0,243.0,241.5,242.0,27017,0.0,0.0
2023-06-07 09:00:00+08:00,240.0,241.0,239.0,239.5,0,0.0,0.0
2023-06-07 10:00:00+08:00,240.0,240.5,239.5,239.5,51485,0.0,0.0
2023-06-07 11:00:00+08:00,240.0,240.5,239.5,239.5,32309,0.0,0.0
2023-06-07 12:00:00+08:00,240.0,241.0,240.0,240.5,48463,0.0,0.0
2023-06-07 13:00:00+08:00,240.0,240.5,239.5,240.5,63452,0.0,0.0
2023-06-08 09:00:00+08:00,238.5,240.0,234.0,234.5,0,0.0,0.0
2023-06-08 10:00:00+08:00,234.5,236.0,234.0,235.0,194994,0.0,0.0
2023-06-08 11:00:00+08:00,236.0,237.5,234.5,237.5,148470,0.0,0.0
2023-06-08 12:00:00+08:00,237.0,237.5,236.5,237.0,57655,0.0,0.0
2023-06-08 13:00:00+08:00,237.5,238.0,237.0,238.0,49312,0.0,0.0
2023-06-09 09:00:00+08:00,236.5,240.0,236.5,238.5,0,0.0,0.0
2023-06-09 10:00:00+08:00,238.0,239.0,238.0,239.0,60877,0.0,0.0
2023-06-09 11:00:00+08:00,239.0,239.5,238.0,239.5,41251,0.0,0.0
2023-06-09 12:00:00+08:00,239.0,241.0,238.0,241.0,116118,0.0,0.0
2023-06-09 13:00:00+08:00,240.5,241.0,239.5,241.0,28341,0.0,0.0
2023-06-12 09:00:00+08:00,242.0,244.5,242.0,244.0,0,0.0,0.0
2023-06-12 10:00:00+08:00,244.5,249.5,243.5,247.0,343548,0.0,0.0
2023-06-12 11:00:00+08:00,247.0,248.5,246.5,248.0,48306,0.0,0.0
2023-06-12 12:00:00+08:00,248.0,248.0,246.5,247.0,54944,0.0,0.0
2023-06-12 13:00:00+08:00,247.0,247.5,246.0,247.0,27121,0.0,0.0
2023-06-13 09:00:00+08:00,250.0,253.5,250.0,251.0,0,0.0,0.0
2023-06-13 10:00:00+08:00,250.5,253.0,250.5,252.5,125262,0.0,0.0
2023-06-13 11:00:00+08:00,252.5,253.5,252.5,253.0,110254,0.0,0.0
2023-06-13 12:00:00+08:00,253.0,253.0,252.0,252.0,110944,0.0,0.0
2023-06-13 13:00:00+08:00,252.0,253.5,252.0,253.5,96640,0.0,0.0
2023-06-14 09:00:00+08:00,253.5,258.5,253.5,257.5,0,0.0,0.0
2023-06-14 10:00:00+08:00,258.0,258.0,256.5,257.0,78933,0.0,0.0
2023-06-14 11:00:00+08:00,256.5,257.5,256.5,257.0,34407,0.0,0.0
2023-06-14 12:00:00+08:00,257.0,257.0,256.0,256.5,125643,0.0,0.0
2023-06-14 13:00:00+08:00,256.0,257.0,255.0,255.5,98739,0.0,0.0
2023-06-15 09:00:00+08:00,255.5,256.5,252.0,256.0,0,0.0,0.0
2023-06-15 10:00:00+08:00,256.0,257.0,254.5,256.5,116385,0.0,0.0
2023-06-15 11:00:00+08:00,256.5,256.5,255.0,255.5,36664,0.0,0.0
2023-06-15 12:00:00+08:00,255.5,256.0,254.0,254.0,76283,0.0,0.0
2023-06-15 13:00:00+08:00,254.5,256.0,254.5,256.0,41731,0.0,0.0
2023-06-16 09:00:00+08:00,255.5,256.5,254.5,256.0,0,0.0,0.0
2023-06-16 10:00:00+08:00,256.0,256.0,255.0,256.0,36038,0.0,0.0
2023-06-16 11:00:00+08:00,255.5,256.5,255.5,255.5,31406,0.0,0.0
2023-06-16 12:00:00+08:00,256.0,256.0,255.0,256.0,31524,0.0,0.0
2023-06-16 13:00:00+08:00,256.0,256.0,254.0,254.5,49271,0.0,0.0
2023-06-19 09:00:00+08:00,254.0,255.0,252.5,253.5,0,0.0,0.0
2023-06-19 10:00:00+08:00,254.0,255.0,254.0,255.0,19150,0.0,0.0
2023-06-19 11:00:00+08:00,255.0,255.0,250.5,251.5,107670,0.0,0.0
2023-06-19 12:00:00+08:00,252.5,253.0,250.0,251.5,57890,0.0,0.0
2023-06-19 13:00:00+08:00,250.5,252.0,250.5,251.0,29100,0.0,0.0
2023-06-20 09:00:00+08:00,251.0,253.0,249.5,250.0,0,0.0,0.0
2023-06-20 10:00:00+08:00,249.5,250.5,249.0,250.5,96121,0.0,0.0
2023-06-20 11:00:00+08:00,251.0,251.0,250.0,251.0,8151,0.0,0.0
2023-06-20 12:00:00+08:00,250.5,250.5,249.5,250.5,32628,0.0,0.0
2023-06-20 13:00:00+08:00,250.0,251.5,250.0,250.0,20231,0.0,0.0
2023-06-21 09:00:00+08:00,250.5,252.0,249.5,251.5,0,0.0,0.0
2023-06-21 10:00:00+08:00,251.5,251.5,250.5,250.5,40184,0.0,0.0
2023-06-21 11:00:00+08:00,250.5,251.5,250.5,251.0,28012,0.0,0.0
2023-06-21 12:00:00+08:00,251.5,251.5,250.5,251.0,29499,0.0,0.0
2023-06-21 13:00:00+08:00,250.5,252.5,250.0,252.0,39437,0.0,0.0
2023-06-26 09:00:00+08:00,252.0,252.0,246.0,246.5,0,0.0,0.0
2023-06-26 10:00:00+08:00,246.5,249.0,245.0,249.0,136922,0.0,0.0
2023-06-26 11:00:00+08:00,248.5,249.5,248.0,248.5,35247,0.0,0.0
2023-06-26 12:00:00+08:00,248.5,249.0,247.5,249.0,72560,0.0,0.0
2023-06-26 13:00:00+08:00,248.5,249.0,247.5,248.5,17571,0.0,0.0
2023-06-27 09:00:00+08:00,250.0,250.0,247.0,247.5,0,0.0,0.0
2023-06-27 10:00:00+08:00,248.0,248.5,244.5,245.0,161328,0.0,0.0
2023-06-27 11:00:00+08:00,245.0,246.0,243.5,244.0,108923,0.0,0.0
2023-06-27 12:00:00+08:00,244.0,244.0,242.0,242.0,120653,0.0,0.0
2023-06-27 13:00:00+08:00,242.0,244.0,242.0,243.5,40889,0.0,0.0
2023-06-28 09:00:00+08:00,246.0,248.0,244.0,247.5,0,0.0,0.0
2023-06-28 10:00:00+08:00,247.5,248.0,245.0,247.0,97889,0.0,0.0
2023-06-28 11:00:00+08:00,246.5,247.0,246.0,246.0,29419,0.0,0.0
2023-06-28 12:00:00+08:00,246.5,247.0,246.5,246.5,29012,0.0,0.0
2023-06-28 13:00:00+08:00,246.5,247.0,246.0,246.5,31503,0.0,0.0
2023-06-29 09:00:00+08:00,249.5,254.0,249.0,253.0,0,0.0,0.0
2023-06-29 10:00:00+08:00,252.0,252.0,251.0,251.0,27680,0.0,0.0
2023-06-29 11:00:00+08:00,251.0,252.5,250.5,252.5,46000,0.0,0.0
2023-06-29 12:00:00+08:00,252.5,253.0,252.5,253.0,16757,0.0,0.0
2023-06-29 13:00:00+08:00,252.5,253.0,252.5,252.5,30425,0.0,0.0
2023-06-30 09:00:00+08:00,252.5,255.0,251.0,254.5,0,0.0,0.0
2023-06-30 10:00:00+08:00,254.5,254.5,254.0,254.0,53579,0.0,0.0
2023-06-30 11:00:00+08:00,254.0,254.5,253.5,254.5,48822,0.0,0.0
2023-06-30 12:00:00+08:00,254.0,254.5,254.0,254.0,43226,0.0,0.0
2023-06-30 13:00:00+08:00,254.0,254.5,254.0,254.5,39815,0.0,0.0
2023-07-03 09:00:00+08:00,257.0,258.5,255.5,257.5,0,0.0,0.0
2023-07-03 10:00:00+08:00,257.5,262.0,257.5,259.5,248963,0.0,0.0
2023-07-03 11:00:00+08:00,260.0,261.0,259.0,260.0,88126,0.0,0.0
2023-07-03 12:00:00+08:00,259.5,260.0,259.0,259.5,71239,0.0,0.0
2023-07-03 13:00:00+08:00,259.5,260.0,259.5,259.5,94453,0.0,0.0
2023-07-04 09:00:00+08:00,242.5,244.0,240.0,244.0,0,0.0,0.0
2023-07-04 10:00:00+08:00,244.0,244.5,243.0,243.5,96696,0.0,0.0
2023-07-04 11:00:00+08:00,243.5,244.0,243.0,243.5,48810,0.0,0.0
2023-07-04 12:00:00+08:00,243.5,244.0,243.0,244.0,51279,0.0,0.0
2023-07-04 13:00:00+08:00,243.0,243.0,242.0,242.5,36902,0.0,0.0
2023-07-05 09:00:00+08:00,244.0,254.0,242.5,250.5,0,0.0,0.0
2023-07-05 10:00:00+08:00,250.0,251.5,249.0,251.5,78378,0.0,0.0
2023-07-05 11:00:00+08:00,251.5,253.0,251.0,251.5,113939,0.0,0.0
2023-07-05 12:00:00+08:00,251.0,251.0,248.0,248.0,52069,0.0,0.0
2023-07-05 13:00:00+08:00,248.0,248.0,246.5,247.0,79068,0.0,0.0
2023-07-06 09:00:00+08:00,245.0,250.0,244.0,248.5,0,0.0,0.0
2023-07-06 10:00:00+08:00,248.5,250.5,247.5,248.0,68356,0.0,0.0
2023-07-06 11:00:00+08:00,248.0,251.0,247.5,249.5,55497,0.0,0.0
2023-07-06 12:00:00+08:00,250.0,250.0,249.0,249.5,36751,0.0,0.0
2023-07-06 13:00:00+08:00,249.0,251.5,249.0,249.5,58291,0.0,0.0
2023-07-07 09:00:00+08:00,248.0,248.0,241.0,243.0,0,0.0,0.0
2023-07-07 10:00:00+08:00,242.5,245.0,242.0,245.0,55319,0.0,0.0
2023-07-07 11:00:00+08:00,245.0,245.0,243.0,243.0,35035,0.0,0.0
2023-07-07 12:00:00+08:00,243.0,243.5,242.0,243.0,37665,0.0,0.0
2023-07-07 13:00:00+08:00,242.5,242.5,241.5,241.5,41567,0.0,0.0
2023-07-10 09:00:00+08:00,242.0,243.0,240.0,241.5,0,0.0,0.0
2023-07-10 10:00:00+08:00,241.5,243.0,241.0,243.0,11082,0.0,0.0
2023-07-10 11:00:00+08:00,242.5,242.5,240.0,242.0,57178,0.0,0.0
2023-07-10 12:00:00+08:00,242.0,242.0,241.0,242.0,26586,0.0,0.0
2023-07-10 13:00:00+08:00,242.0,243.5,241.5,242.5,40498,0.0,0.0
2023-07-11 09:00:00+08:00,242.0,244.0,241.5,243.5,0,0.0,0.0
2023-07-11 10:00:00+08:00,243.0,243.0,242.0,243.0,29334,0.0,0.0
2023-07-11 11:00:00+08:00,243.5,245.5,243.5,245.0,31381,0.0,0.0
2023-07-11 12:00:00+08:00,245.0,246.0,243.5,243.5,33040,0.0,0.0
2023-07-11 13:00:00+08:00,243.0,243.0,243.0,243.0,9300,0.0,0.0
2023-07-12 09:00:00+08:00,243.0,246.0,241.0,244.5,0,0.0,0.0
2023-07-12 10:00:00+08:00,244.5,245.5,244.0,245.0,20370,0.0,0.0
2023-07-12 11:00:00+08:00,244.0,244.0,243.5,243.5,22571,0.0,0.0
2023-07-12 12:00:00+08:00,243.0,244.0,242.5,242.5,18683,0.0,0.0
2023-07-12 13:00:00+08:00,242.5,243.5,242.0,242.0,30340,0.0,0.0
2023-07-13 09:00:00+08:00,243.0,244.5,242.0,243.0,0,0.0,0.0
2023-07-13 10:00:00+08:00,243.0,243.5,242.0,242.0,32916,0.0,0.0
2023-07-13 11:00:00+08:00,242.5,244.0,242.5,244.0,43688,0.0,0.0
2023-07-13 12:00:00+08:00,244.0,244.5,243.0,243.0,24745,0.0,0.0
2023-07-13 13:00:00+08:00,242.5,244.5,242.0,244.5,33730,0.0,0.0
2023-07-14 09:00:00+08:00,245.5,248.0,244.0,246.0,0,0.0,0.0
2023-07-14 10:00:00+08:00,246.5,246.5,242.5,242.5,56863,0.0,0.0
2023-07-14 11:00:00+08:00,243.0,244.0,242.5,243.0,27287,0.0,0.0
2023-07-14 12:00:00+08:00,243.5,243.5,242.0,242.5,40921,0.0,0.0
2023-07-14 13:00:00+08:00,242.0,243.5,242.0,242.0,27105,0.0,0.0
2023-07-17 09:00:00+08:00,243.0,243.0,240.0,242.0,0,0.0,0.0
2023-07-17 10:00:00+08:00,242.0,242.5,241.5,242.5,17765,0.0,0.0
2023-07-17 11:00:00+08:00,242.0,243.0,241.0,241.0,17304,0.0,0.0
2023-07-17 12:00:00+08:00,241.5,242.0,241.5,241.5,13009,0.0,0.0
2023-07-17 13:00:00+08:00,241.5,242.0,241.0,242.0,11885,0.0,0.0
2023-07-18 09:00:00+08:00,243.0,243.0,238.0,239.5,115204,0.0,0.0
2023-07-18 10:00:00+08:00,238.5,239.0,238.0,238.0,58533,0.0,0.0
2023-07-18 11:00:00+08:00,238.0,238.5,237.5,238.0,41992,0.0,0.0
2023-07-18 12:00:00+08:00,238.0,238.0,237.0,238.0,41238,0.0,0.0
2023-07-18 13:00:00+08:00,238.0,238.0,238.0,238.0,6537,0.0,0.0
2023-07-19 09:00:00+08:00,236.0,237.5,235.5,236.0,82617,0.0,0.0
2023-07-19 10:00:00+08:00,236.0,236.0,230.0,231.5,250709,0.0,0.0
2023-07-19 11:00:00+08:00,232.0,232.5,231.5,232.0,53398,0.0,0.0
2023-07-19 12:00:00+08:00,232.0,232.0,231.0,231.0,53267,0.0,0.0
2023-07-19 13:00:00+08:00,231.0,231.5,231.0,231.0,26981,0.0,0.0
2023-07-20 09:00:00+08:00,231.0,234.5,231.0,234.5,25227,0.0,0.0
2023-07-20 10:00:00+08:00,234.5,235.0,234.0,234.5,10121,0.0,0.0
2023-07-20 11:00:00+08:00,234.5,235.0,234.0,234.0,20224,0.0,0.0
2023-07-20 12:00:00+08:00,233.0,233.5,232.5,233.5,17113,0.0,0.0
2023-07-20 13:00:00+08:00,233.0,233.5,233.0,233.5,13071,0.0,0.0
2023-07-21 09:00:00+08:00,231.5,233.0,229.5,233.0,111630,0.0,0.0
2023-07-21 10:00:00+08:00,233.0,235.0,233.0,235.0,16668,0.0,0.0
2023-07-21 11:00:00+08:00,234.5,235.0,232.0,232.0,35870,0.0,0.0
2023-07-21 12:00:00+08:00,232.0,232.5,231.5,231.5,48086,0.0,0.0
2023-07-21 13:00:00+08:00,231.5,232.0,231.0,231.0,27464,0.0,0.0
2023-07-24 09:00:00+08:00,232.0,233.0,230.5,232.5,0,0.0,0.0
2023-07-24 10:00:00+08:00,231.5,232.5,231.5,232.0,14212,0.0,0.0
2023-07-24 11:00:00+08:00,232.0,232.5,231.5,232.0,27539,0.0,0.0
2023-07-24 12:00:00+08:00,232.0,232.0,231.5,232.0,10560,0.0,0.0
2023-07-24 13:00:00+08:00,232.0,232.5,231.0,231.0,24863,0.0,0.0
2023-07-25 09:00:00+08:00,231.5,233.5,230.5,231.0,85394,0.0,0.0
2023-07-25 10:00:00+08:00,231.5,232.0,231.0,231.5,28054,0.0,0.0
2023-07-25 11:00:00+08:00,231.5,232.0,231.0,231.5,18349,0.0,0.0
2023-07-25 12:00:00+08:00,232.0,232.0,231.5,231.5,18389,0.0,0.0
2023-07-25 13:00:00+08:00,232.0,232.0,231.5,231.5,9103,0.0,0.0
2023-07-26 09:00:00+08:00,232.0,233.0,231.0,233.0,0,0.0,0.0
2023-07-26 10:00:00+08:00,232.5,234.5,232.5,233.5,31392,0.0,0.0
2023-07-26 11:00:00+08:00,233.0,233.5,233.0,233.0,10220,0.0,0.0
2023-07-26 12:00:00+08:00,233.0,234.0,233.0,233.5,20405,0.0,0.0
2023-07-26 13:00:00+08:00,233.5,234.0,233.0,234.0,17530,0.0,0.0
2023-07-27 09:00:00+08:00,235.0,235.0,233.5,235.0,37054,0.0,0.0
2023-07-27 10:00:00+08:00,235.0,238.0,234.0,238.0,119146,0.0,0.0
2023-07-27 11:00:00+08:00,238.0,238.5,236.0,238.0,74596,0.0,0.0
2023-07-27 12:00:00+08:00,237.5,238.0,237.0,237.5,31542,0.0,0.0
2023-07-27 13:00:00+08:00,238.0,238.0,237.0,237.0,22161,0.0,0.0
2023-07-28 09:00:00+08:00,240.0,240.0,236.5,238.5,70816,0.0,0.0
2023-07-28 10:00:00+08:00,238.5,241.0,238.5,239.0,119854,0.0,0.0
2023-07-28 11:00:00+08:00,239.0,240.0,238.5,239.0,77032,0.0,0.0
2023-07-28 12:00:00+08:00,239.5,239.5,237.5,238.5,114562,0.0,0.0
2023-07-28 13:00:00+08:00,238.5,238.5,237.5,238.0,28178,0.0,0.0
2023-07-31 09:00:00+08:00,240.5,242.0,240.0,240.5,0,0.0,0.0
2023-07-31 10:00:00+08:00,241.0,241.5,239.0,239.5,50471,0.0,0.0
2023-07-31 11:00:00+08:00,239.5,239.5,237.5,238.5,103389,0.0,0.0
2023-07-31 12:00:00+08:00,238.5,239.5,238.5,239.0,44359,0.0,0.0
2023-07-31 13:00:00+08:00,239.5,240.0,238.5,239.0,52050,0.0,0.0
2023-08-01 09:00:00+08:00,239.5,240.5,239.0,239.0,43134,0.0,0.0
2023-08-01 10:00:00+08:00,239.0,239.0,238.0,239.0,85148,0.0,0.0
2023-08-01 11:00:00+08:00,239.0,239.0,237.0,237.5,96508,0.0,0.0
2023-08-01 12:00:00+08:00,237.5,238.0,237.0,237.5,51404,0.0,0.0
2023-08-01 13:00:00+08:00,237.5,238.0,235.5,235.5,29006,0.0,0.0
2023-08-02 09:00:00+08:00,235.5,238.0,234.0,237.0,44244,0.0,0.0
2023-08-02 10:00:00+08:00,236.5,237.5,236.0,236.5,53196,0.0,0.0
2023-08-02 11:00:00+08:00,236.5,237.0,236.0,236.5,32296,0.0,0.0
2023-08-02 12:00:00+08:00,236.5,236.5,235.5,236.5,31960,0.0,0.0
2023-08-02 13:00:00+08:00,236.5,237.0,236.5,236.5,6558,0.0,0.0
2023-08-04 09:00:00+08:00,236.5,236.5,235.5,236.0,36205,0.0,0.0
2023-08-04 10:00:00+08:00,236.0,236.5,236.0,236.0,12453,0.0,0.0
2023-08-04 11:00:00+08:00,236.0,236.5,235.0,235.0,39296,0.0,0.0
2023-08-04 12:00:00+08:00,235.0,235.0,233.5,234.0,41574,0.0,0.0
2023-08-04 13:00:00+08:00,234.0,235.0,234.0,234.0,31035,0.0,0.0
2023-08-07 09:00:00+08:00,235.0,235.0,233.5,234.0,0,0.0,0.0
2023-08-07 10:00:00+08:00,234.0,235.0,233.5,235.0,31005,0.0,0.0
2023-08-07 11:00:00+08:00,235.0,235.0,234.5,234.5,19200,0.0,0.0
2023-08-07 12:00:00+08:00,234.5,234.5,234.0,234.0,16416,0.0,0.0
2023-08-07 13:00:00+08:00,234.0,234.5,233.5,234.5,17630,0.0,0.0
2023-08-08 09:00:00+08:00,234.0,234.0,232.0,232.5,85903,0.0,0.0
2023-08-08 10:00:00+08:00,232.5,234.5,232.0,234.5,59410,0.0,0.0
2023-08-08 11:00:00+08:00,234.0,234.5,232.5,233.0,41516,0.0,0.0
2023-08-08 12:00:00+08:00,233.0,235.5,233.0,235.5,34690,0.0,0.0
2023-08-08 13:00:00+08:00,235.5,237.0,235.5,237.0,43510,0.0,0.0
2023-08-09 09:00:00+08:00,238.5,238.5,235.5,235.5,28455,0.0,0.0
2023-08-09 10:00:00+08:00,235.5,236.5,235.5,236.0,26464,0.0,0.0
2023-08-09 11:00:00+08:00,236.0,236.0,235.5,235.5,21095,0.0,0.0
2023-08-09 12:00:00+08:00,236.0,236.0,233.5,234.5,65407,0.0,0.0
2023-08-09 13:00:00+08:00,234.0,235.0,233.5,234.0,38175,0.0,0.0
2023-08-10 09:00:00+08:00,236.0,236.0,232.0,233.0,72505,0.0,0.0
2023-08-10 10:00:00+08:00,233.0,234.0,232.5,232.5,23446,0.0,0.0
2023-08-10 11:00:00+08:00,233.0,234.0,233.0,233.0,11910,0.0,0.0
2023-08-10 12:00:00+08:00,233.5,235.0,233.0,233.0,33647,0.0,0.0
2023-08-10 13:00:00+08:00,232.5,234.0,232.0,232.0,52402,0.0,0.0
2023-08-11 09:00:00+08:00,236.0,244.0,236.0,240.0,213833,0.0,0.0
2023-08-11 10:00:00+08:00,240.5,240.5,238.5,238.5,36580,0.0,0.0
2023-08-11 11:00:00+08:00,240.0,243.5,240.0,243.5,112029,0.0,0.0
2023-08-11 12:00:00+08:00,243.0,243.0,240.5,241.0,36988,0.0,0.0
2023-08-11 13:00:00+08:00,241.5,242.0,240.0,241.0,13703,0.0,0.0
2023-08-14 09:00:00+08:00,241.0,241.0,236.5,236.5,0,0.0,0.0
2023-08-14 10:00:00+08:00,236.0,240.0,236.0,239.0,31117,0.0,0.0
2023-08-14 11:00:00+08:00,238.5,239.0,237.5,239.0,28092,0.0,0.0
2023-08-14 12:00:00+08:00,239.0,241.5,239.0,241.0,41710,0.0,0.0
2023-08-14 13:00:00+08:00,241.0,241.5,240.0,241.0,25773,0.0,0.0
2023-08-15 09:00:00+08:00,244.0,244.5,241.5,244.5,96417,0.0,0.0
2023-08-15 10:00:00+08:00,244.0,244.5,243.0,243.5,22205,0.0,0.0
2023-08-15 11:00:00+08:00,243.0,244.5,243.0,243.5,60118,0.0,0.0
2023-08-15 12:00:00+08:00,243.5,244.0,243.0,244.0,32013,0.0,0.0
2023-08-15 13:00:00+08:00,244.0,244.0,243.0,243.0,19146,0.0,0.0
2023-08-16 09:00:00+08:00,240.0,243.0,238.5,243.0,169067,0.0,0.0
2023-08-16 10:00:00+08:00,243.0,244.5,242.5,243.5,30167,0.0,0.0
2023-08-16 11:00:00+08:00,243.5,244.5,243.0,244.5,45261,0.0,0.0
2023-08-16 12:00:00+08:00,244.5,246.5,244.5,245.0,95434,0.0,0.0
2023-08-16 13:00:00+08:00,245.5,246.0,245.0,245.0,29329,0.0,0.0
2023-08-17 09:00:00+08:00,242.0,246.5,240.0,245.0,100293,0.0,0.0
2023-08-17 10:00:00+08:00,245.0,249.0,245.0,248.0,96526,0.0,0.0
2023-08-17 11:00:00+08:00,248.0,248.0,246.5,246.5,37545,0.0,0.0
2023-08-17 12:00:00+08:00,246.5,248.0,246.5,247.0,24241,0.0,0.0
2023-08-17 13:00:00+08:00,248.0,248.5,247.5,248.5,25610,0.0,0.0
2023-08-18 09:00:00+08:00,250.0,254.5,247.5,252.5,236631,0.0,0.0
2023-08-18 10:00:00+08:00,252.5,259.0,252.0,256.5,451671,0.0,0.0
2023-08-18 11:00:00+08:00,257.0,259.5,255.5,258.5,299365,0.0,0.0
2023-08-18 12:00:00+08:00,258.0,259.0,255.5,256.5,179828,0.0,0.0
2023-08-18 13:00:00+08:00,257.5,257.5,255.5,256.5,57730,0.0,0.0
2023-08-21 09:00:00+08:00,262.0,262.0,252.5,252.5,0,0.0,0.0
2023-08-21 10:00:00+08:00,253.0,256.0,252.0,253.0,67019,0.0,0.0
2023-08-21 11:00:00+08:00,253.0,254.0,251.5,252.0,51560,0.0,0.0
2023-08-21 12:00:00+08:00,252.0,252.5,249.0,249.5,82918,0.0,0.0
2023-08-21 13:00:00+08:00,250.0,250.0,248.0,248.5,46738,0.0,0.0
2023-08-22 09:00:00+08:00,248.0,249.5,241.5,244.0,217604,0.0,0.0
2023-08-22 10:00:00+08:00,245.0,245.0,243.5,244.0,55680,0.0,0.0
2023-08-22 11:00:00+08:00,244.5,245.5,244.0,244.5,28812,0.0,0.0
2023-08-22 12:00:00+08:00,244.0,245.5,244.0,245.5,57573,0.0,0.0
2023-08-22 13:00:00+08:00,245.5,245.5,242.0,242.0,43305,0.0,0.0
2023-08-23 09:00:00+08:00,242.5,252.5,242.0,251.0,0,0.0,0.0
2023-08-23 10:00:00+08:00,250.5,253.5,250.5,252.0,77775,0.0,0.0
2023-08-23 11:00:00+08:00,252.0,252.0,250.5,250.5,24289,0.0,0.0
2023-08-23 12:00:00+08:00,250.5,252.0,250.5,251.5,100159,0.0,0.0
2023-08-23 13:00:00+08:00,251.5,252.0,251.0,251.5,29614,0.0,0.0
2023-08-24 09:00:00+08:00,251.5,254.0,249.0,252.0,0,0.0,0.0
2023-08-24 10:00:00+08:00,253.0,255.0,251.5,255.0,206030,0.0,0.0
2023-08-24 11:00:00+08:00,255.0,256.0,251.0,252.0,199559,0.0,0.0
2023-08-24 12:00:00+08:00,252.0,252.5,251.0,251.5,40928,0.0,0.0
2023-08-24 13:00:00+08:00,252.0,252.0,250.0,250.5,54370,0.0,0.0
2023-08-25 09:00:00+08:00,253.0,265.5,250.0,260.0,595629,0.0,0.0
2023-08-25 10:00:00+08:00,260.5,266.5,258.5,265.5,305303,0.0,0.0
2023-08-25 11:00:00+08:00,262.5,263.0,261.5,262.0,112037,0.0,0.0
2023-08-25 12:00:00+08:00,262.0,264.0,260.5,260.5,79786,0.0,0.0
2023-08-25 13:00:00+08:00,262.5,263.0,261.0,261.5,47399,0.0,0.0
2023-08-28 09:00:00+08:00,260.5,261.0,255.5,258.0,0,0.0,0.0
2023-08-28 10:00:00+08:00,258.0,261.0,255.0,261.0,186634,0.0,0.0
2023-08-28 11:00:00+08:00,261.5,266.0,261.5,263.0,185352,0.0,0.0
2023-08-28 12:00:00+08:00,262.5,263.0,261.0,262.0,57346,0.0,0.0
2023-08-28 13:00:00+08:00,262.0,262.5,260.5,260.5,21372,0.0,0.0
2023-08-29 09:00:00+08:00,262.0,264.5,259.0,259.0,150176,0.0,0.0
2023-08-29 10:00:00+08:00,258.0,259.5,257.0,258.0,77438,0.0,0.0
2023-08-29 11:00:00+08:00,257.5,259.0,257.0,257.5,52765,0.0,0.0
2023-08-29 12:00:00+08:00,257.5,258.0,256.0,258.0,74238,0.0,0.0
2023-08-29 13:00:00+08:00,258.0,260.0,257.5,257.5,46476,0.0,0.0
2023-08-30 09:00:00+08:00,257.5,261.0,256.5,259.0,153934,0.0,0.0
2023-08-30 10:00:00+08:00,259.0,259.5,257.0,259.5,75134,0.0,0.0
2023-08-30 11:00:00+08:00,258.5,260.5,258.5,260.0,38138,0.0,0.0
2023-08-30 12:00:00+08:00,260.0,260.0,259.0,259.0,22365,0.0,0.0
2023-08-30 13:00:00+08:00,259.0,260.5,259.0,260.0,49520,0.0,0.0
2023-08-31 09:00:00+08:00,259.5,259.5,255.0,255.0,0,0.0,0.0
2023-08-31 10:00:00+08:00,255.0,255.5,254.5,254.5,81451,0.0,0.0
2023-08-31 11:00:00+08:00,254.5,255.0,253.5,255.0,58159,0.0,0.0
2023-08-31 12:00:00+08:00,255.0,256.0,254.0,254.5,39502,0.0,0.0
2023-08-31 13:00:00+08:00,254.5,254.5,252.5,253.5,96543,0.0,0.0
2023-09-01 09:00:00+08:00,257.5,258.5,256.0,257.0,0,0.0,0.0
2023-09-01 10:00:00+08:00,258.0,258.5,255.0,255.0,73677,0.0,0.0
2023-09-01 11:00:00+08:00,255.0,259.5,255.0,258.0,119383,0.0,0.0
2023-09-01 12:00:00+08:00,258.0,258.0,257.0,257.5,28235,0.0,0.0
2023-09-01 13:00:00+08:00,257.5,258.5,257.0,258.5,20202,0.0,0.0
2023-09-04 09:00:00+08:00,256.0,261.5,256.0,260.5,0,0.0,0.0
2023-09-04 10:00:00+08:00,261.5,265.0,261.0,264.5,194480,0.0,0.0
2023-09-04 11:00:00+08:00,264.5,268.0,263.5,266.5,249983,0.0,0.0
2023-09-04 12:00:00+08:00,266.0,266.0,264.0,265.0,44258,0.0,0.0
2023-09-04 13:00:00+08:00,264.0,266.0,264.0,266.0,21847,0.0,0.0
2023-09-05 09:00:00+08:00,264.5,268.0,260.5,262.0,0,0.0,0.0
2023-09-05 10:00:00+08:00,261.5,266.5,261.0,266.5,63654,0.0,0.0
2023-09-05 11:00:00+08:00,266.0,266.0,263.5,265.0,24410,0.0,0.0
2023-09-05 12:00:00+08:00,265.0,265.0,264.0,265.0,17647,0.0,0.0
2023-09-05 13:00:00+08:00,265.0,265.0,263.5,263.5,38478,0.0,0.0
2023-09-06 09:00:00+08:00,266.5,267.0,263.5,264.0,0,0.0,0.0
2023-09-06 10:00:00+08:00,263.5,264.5,259.5,261.5,149678,0.0,0.0
2023-09-06 11:00:00+08:00,261.5,262.5,260.5,261.5,26449,0.0,0.0
2023-09-06 12:00:00+08:00,262.0,262.0,260.5,261.0,28882,0.0,0.0
2023-09-06 13:00:00+08:00,261.0,262.0,260.0,261.0,33074,0.0,0.0
2023-09-07 09:00:00+08:00,258.0,260.0,255.5,257.5,0,0.0,0.0
2023-09-07 10:00:00+08:00,258.0,260.0,257.0,257.5,68201,0.0,0.0
2023-09-07 11:00:00+08:00,257.0,257.5,257.0,257.0,28044,0.0,0.0
2023-09-07 12:00:00+08:00,256.5,257.0,256.5,256.5,47346,0.0,0.0
2023-09-07 13:00:00+08:00,256.5,256.5,256.5,256.5,10131,0.0,0.0
2023-09-08 09:00:00+08:00,255.0,258.0,253.0,256.5,0,0.0,0.0
2023-09-08 10:00:00+08:00,256.5,259.5,255.5,258.0,86716,0.0,0.0
2023-09-08 11:00:00+08:00,258.0,258.5,257.0,258.5,45328,0.0,0.0
2023-09-08 12:00:00+08:00,258.5,258.5,257.5,258.0,42180,0.0,0.0
2023-09-08 13:00:00+08:00,258.0,258.0,256.5,256.5,28100,0.0,0.0
2023-09-11 09:00:00+08:00,256.5,257.5,251.0,253.0,0,0.0,0.0
2023-09-11 10:00:00+08:00,253.0,253.0,250.5,251.0,130913,0.0,0.0
2023-09-11 11:00:00+08:00,251.0,251.0,247.5,248.0,127686,0.0,0.0
2023-09-11 12:00:00+08:00,248.0,249.5,247.5,248.5,42999,0.0,0.0
2023-09-11 13:00:00+08:00,248.5,249.5,247.5,248.0,48638,0.0,0.0
2023-09-12 09:00:00+08:00,250.0,251.0,245.5,248.5,0,0.0,0.0
2023-09-12 10:00:00+08:00,249.5,250.0,249.0,249.0,17591,0.0,0.0
2023-09-12 11:00:00+08:00,249.0,250.0,248.0,248.0,20534,0.0,0.0
2023-09-12 12:00:00+08:00,248.0,248.5,248.0,248.0,29595,0.0,0.0
2023-09-12 13:00:00+08:00,248.0,248.5,247.0,247.0,35877,0.0,0.0
2023-09-13 09:00:00+08:00,246.5,247.0,243.5,245.0,0,0.0,0.0
2023-09-13 10:00:00+08:00,245.5,246.0,244.0,244.5,41206,0.0,0.0
2023-09-13 11:00:00+08:00,245.0,247.0,245.0,245.0,46668,0.0,0.0
2023-09-13 12:00:00+08:00,245.0,245.0,245.0,245.0,1000,0.0,0.0
2023-09-13 13:00:00+08:00,245.5,246.5,245.0,245.0,45631,0.0,0.0
2023-09-14 09:00:00+08:00,245.0,246.5,244.0,245.0,0,0.0,0.0
2023-09-14 10:00:00+08:00,245.0,246.0,245.0,245.5,43193,0.0,0.0
2023-09-14 11:00:00+08:00,246.0,246.0,243.0,243.5,99773,0.0,0.0
2023-09-14 12:00:00+08:00,244.0,245.5,243.5,244.5,36293,0.0,0.0
2023-09-14 13:00:00+08:00,245.0,245.5,245.0,245.0,30659,0.0,0.0
2023-09-15 09:00:00+08:00,245.0,245.5,242.5,242.5,0,0.0,0.0
2023-09-15 10:00:00+08:00,242.5,244.0,242.5,243.5,64692,0.0,0.0
2023-09-15 11:00:00+08:00,243.5,250.0,243.0,248.5,180148,0.0,0.0
2023-09-15 12:00:00+08:00,248.5,248.5,246.5,248.0,45365,0.0,0.0
2023-09-15 13:00:00+08:00,247.0,248.0,246.5,246.5,32040,0.0,0.0
2023-09-18 09:00:00+08:00,246.0,246.0,243.5,244.5,0,0.0,0.0
2023-09-18 10:00:00+08:00,244.5,246.0,244.5,246.0,37084,0.0,0.0
2023-09-18 11:00:00+08:00,245.5,250.0,245.0,250.0,82537,0.0,0.0
2023-09-18 12:00:00+08:00,250.0,253.0,249.0,251.5,110119,0.0,0.0
2023-09-18 13:00:00+08:00,251.5,252.0,250.0,252.0,52520,0.0,0.0
2023-09-19 09:00:00+08:00,252.5,252.5,246.0,247.0,97689,0.0,0.0
2023-09-19 10:00:00+08:00,248.5,248.5,243.5,244.5,118017,0.0,0.0
2023-09-19 11:00:00+08:00,244.5,245.0,243.5,244.0,39013,0.0,0.0
2023-09-19 12:00:00+08:00,244.5,244.5,243.5,244.0,53326,0.0,0.0
2023-09-19 13:00:00+08:00,244.0,244.0,242.5,242.5,76286,0.0,0.0
2023-09-20 09:00:00+08:00,243.5,244.0,242.0,244.0,0,0.0,0.0
2023-09-20 10:00:00+08:00,243.0,243.0,242.5,242.5,20122,0.0,0.0
2023-09-20 11:00:00+08:00,242.5,242.5,241.0,241.0,72264,0.0,0.0
2023-09-20 12:00:00+08:00,241.5,242.5,240.5,240.5,48309,0.0,0.0
2023-09-20 13:00:00+08:00,241.0,242.0,239.0,240.0,83084,0.0,0.0
2023-09-21 09:00:00+08:00,239.0,240.0,238.5,239.5,0,0.0,0.0
2023-09-21 10:00:00+08:00,239.0,239.0,238.0,238.5,45248,0.0,0.0
2023-09-21 11:00:00+08:00,238.0,238.5,237.5,238.0,52516,0.0,0.0
2023-09-21 12:00:00+08:00,238.0,238.0,236.5,236.5,63476,0.0,0.0
2023-09-21 13:00:00+08:00,236.5,237.5,236.5,237.5,47611,0.0,0.0
2023-09-22 09:00:00+08:00,236.0,239.0,234.0,236.0,0,0.0,0.0
2023-09-22 10:00:00+08:00,237.0,239.0,236.5,239.0,54625,0.0,0.0
2023-09-22 11:00:00+08:00,238.5,238.5,238.0,238.5,13326,0.0,0.0
2023-09-22 12:00:00+08:00,238.0,239.0,238.0,238.5,22666,0.0,0.0
2023-09-22 13:00:00+08:00,238.5,240.0,238.5,239.5,71410,0.0,0.0
2023-09-25 09:00:00+08:00,242.5,242.5,239.5,240.5,0,0.0,0.0
2023-09-25 10:00:00+08:00,241.5,241.5,239.5,240.0,71390,0.0,0.0
2023-09-25 11:00:00+08:00,240.0,242.0,239.5,241.5,40595,0.0,0.0
2023-09-25 12:00:00+08:00,240.0,240.0,238.5,239.0,78049,0.0,0.0
2023-09-25 13:00:00+08:00,239.0,239.5,238.5,238.5,15265,0.0,0.0
2023-09-26 09:00:00+08:00,240.0,244.0,239.5,243.5,0,0.0,0.0
2023-09-26 10:00:00+08:00,243.5,243.5,241.5,243.0,67201,0.0,0.0
2023-09-26 11:00:00+08:00,243.0,243.0,241.5,241.5,38114,0.0,0.0
2023-09-26 12:00:00+08:00,242.0,242.0,241.0,242.0,60308,0.0,0.0
2023-09-26 13:00:00+08:00,242.0,242.0,240.0,240.0,43168,0.0,0.0
2023-09-27 09:00:00+08:00,240.0,246.0,239.0,245.5,0,0.0,0.0
2023-09-27 10:00:00+08:00,245.0,249.0,245.0,247.5,109896,0.0,0.0
2023-09-27 11:00:00+08:00,247.0,248.5,246.5,248.0,92818,0.0,0.0
2023-09-27 12:00:00+08:00,248.5,251.5,247.0,251.0,256109,0.0,0.0
2023-09-27 13:00:00+08:00,251.0,251.5,248.5,251.0,81074,0.0,0.0
2023-09-28 09:00:00+08:00,250.5,256.0,249.0,256.0,0,0.0,0.0
2023-09-28 10:00:00+08:00,255.0,257.0,252.5,253.5,184147,0.0,0.0
2023-09-28 11:00:00+08:00,252.5,254.5,252.5,253.0,71733,0.0,0.0
2023-09-28 12:00:00+08:00,254.0,254.0,251.5,252.0,98455,0.0,0.0
2023-09-28 13:00:00+08:00,253.0,253.5,251.5,253.0,62358,0.0,0.0
2023-10-02 09:00:00+08:00,257.5,263.0,255.0,261.0,0,0.0,0.0
2023-10-02 10:00:00+08:00,261.0,262.0,260.5,261.0,83525,0.0,0.0
2023-10-02 11:00:00+08:00,261.0,262.5,260.0,260.5,77766,0.0,0.0
2023-10-02 12:00:00+08:00,260.0,261.5,260.0,260.5,93678,0.0,0.0
2023-10-02 13:00:00+08:00,261.0,261.5,260.0,260.0,43909,0.0,0.0
2023-10-03 09:00:00+08:00,259.0,271.5,259.0,265.5,0,0.0,0.0
2023-10-03 10:00:00+08:00,265.5,265.5,262.5,263.5,111922,0.0,0.0
2023-10-03 11:00:00+08:00,264.0,266.5,263.5,266.0,96809,0.0,0.0
2023-10-03 12:00:00+08:00,266.0,266.0,264.5,264.5,86252,0.0,0.0
2023-10-03 13:00:00+08:00,264.5,266.0,264.5,265.5,71233,0.0,0.0
2023-10-04 09:00:00+08:00,262.0,265.0,260.0,262.5,0,0.0,0.0
2023-10-04 10:00:00+08:00,262.0,263.0,261.0,263.0,33648,0.0,0.0
2023-10-04 11:00:00+08:00,263.5,264.0,263.0,264.0,30307,0.0,0.0
2023-10-04 12:00:00+08:00,264.0,266.0,264.0,265.0,76585,0.0,0.0
2023-10-04 13:00:00+08:00,265.0,265.0,263.5,263.5,25177,0.0,0.0
2023-10-05 09:00:00+08:00,262.5,268.0,262.5,267.0,0,0.0,0.0
2023-10-05 10:00:00+08:00,267.0,268.0,265.0,265.0,76801,0.0,0.0
2023-10-05 11:00:00+08:00,265.0,267.0,263.0,266.5,216227,0.0,0.0
2023-10-05 12:00:00+08:00,265.5,267.5,265.0,266.0,149079,0.0,0.0
2023-10-05 13:00:00+08:00,266.0,267.0,265.5,265.5,27778,0.0,0.0
2023-10-06 09:00:00+08:00,268.5,268.5,262.5,265.5,0,0.0,0.0
2023-10-06 10:00:00+08:00,264.0,265.0,261.5,261.5,157817,0.0,0.0
2023-10-06 11:00:00+08:00,262.0,262.5,261.0,261.5,71688,0.0,0.0
2023-10-06 12:00:00+08:00,261.5,262.5,260.5,260.5,69735,0.0,0.0
2023-10-06 13:00:00+08:00,260.5,261.5,260.0,261.5,62074,0.0,0.0
2023-10-11 09:00:00+08:00,261.5,263.5,253.0,256.5,284484,0.0,0.0
2023-10-11 10:00:00+08:00,256.5,261.0,255.5,259.0,173553,0.0,0.0
2023-10-11 11:00:00+08:00,259.0,261.0,258.5,260.5,81270,0.0,0.0
2023-10-11 12:00:00+08:00,260.0,263.0,259.5,263.0,88284,0.0,0.0
2023-10-11 13:00:00+08:00,262.0,263.0,262.0,262.0,38342,0.0,0.0
2023-10-12 09:00:00+08:00,259.5,262.0,257.0,260.0,101836,0.0,0.0
2023-10-12 10:00:00+08:00,259.0,261.0,257.0,257.5,259307,0.0,0.0
2023-10-12 11:00:00+08:00,257.5,259.0,257.0,258.0,137212,0.0,0.0
2023-10-12 12:00:00+08:00,258.5,264.0,258.0,263.0,223775,0.0,0.0
2023-10-12 13:00:00+08:00,264.0,264.5,262.0,264.0,91215,0.0,0.0
2023-10-13 09:00:00+08:00,259.5,263.0,259.5,260.0,0,0.0,0.0
2023-10-13 10:00:00+08:00,260.0,260.0,258.5,259.0,40005,0.0,0.0
2023-10-13 11:00:00+08:00,259.0,259.0,257.0,257.5,47677,0.0,0.0
2023-10-13 12:00:00+08:00,258.0,258.5,257.0,258.0,31213,0.0,0.0
2023-10-13 13:00:00+08:00,257.0,258.0,256.0,257.5,20267,0.0,0.0
2023-10-16 09:00:00+08:00,257.5,257.5,254.0,256.0,0,0.0,0.0
2023-10-16 10:00:00+08:00,255.5,256.0,253.0,255.0,88993,0.0,0.0
2023-10-16 11:00:00+08:00,255.0,257.5,254.0,256.5,95914,0.0,0.0
2023-10-16 12:00:00+08:00,257.5,259.0,254.0,256.0,191604,0.0,0.0
2023-10-16 13:00:00+08:00,256.0,257.0,254.5,255.5,52145,0.0,0.0
2023-10-17 09:00:00+08:00,255.0,256.0,253.5,255.0,0,0.0,0.0
2023-10-17 10:00:00+08:00,255.0,255.0,253.5,254.0,38193,0.0,0.0
2023-10-17 11:00:00+08:00,253.5,254.5,253.0,253.0,27440,0.0,0.0
2023-10-17 12:00:00+08:00,253.5,254.0,252.5,252.5,65077,0.0,0.0
2023-10-17 13:00:00+08:00,252.5,253.5,251.0,251.0,45224,0.0,0.0
2023-10-18 09:00:00+08:00,251.0,251.0,247.5,249.5,0,0.0,0.0
2023-10-18 10:00:00+08:00,248.5,250.0,246.5,247.0,94439,0.0,0.0
2023-10-18 11:00:00+08:00,247.0,248.0,246.5,247.0,21503,0.0,0.0
2023-10-18 12:00:00+08:00,247.0,248.0,244.5,244.5,104148,0.0,0.0
2023-10-18 13:00:00+08:00,245.0,247.0,243.5,245.5,49740,0.0,0.0
2023-10-19 09:00:00+08:00,244.0,247.0,244.0,245.0,0,0.0,0.0
2023-10-19 10:00:00+08:00,245.5,246.5,245.0,245.0,17208,0.0,0.0
2023-10-19 11:00:00+08:00,245.0,246.0,242.5,242.5,63979,0.0,0.0
2023-10-19 12:00:00+08:00,242.5,244.5,242.5,244.5,13274,0.0,0.0
2023-10-19 13:00:00+08:00,244.5,246.0,244.0,244.0,36373,0.0,0.0
2023-10-20 09:00:00+08:00,244.0,244.0,238.5,240.0,0,0.0,0.0
2023-10-20 10:00:00+08:00,240.0,241.5,239.0,241.5,48068,0.0,0.0
2023-10-20 11:00:00+08:00,242.0,244.0,242.0,243.5,71340,0.0,0.0
2023-10-20 12:00:00+08:00,243.5,244.5,243.0,244.0,57043,0.0,0.0
2023-10-20 13:00:00+08:00,243.5,243.5,241.5,241.5,63453,0.0,0.0
2023-10-23 09:00:00+08:00,240.5,242.5,240.0,241.5,0,0.0,0.0
2023-10-23 10:00:00+08:00,242.5,242.5,241.0,242.0,25448,0.0,0.0
2023-10-23 11:00:00+08:00,241.5,242.0,241.5,242.0,10194,0.0,0.0
2023-10-23 12:00:00+08:00,242.0,242.0,240.5,241.0,83006,0.0,0.0
2023-10-23 13:00:00+08:00,241.5,242.5,241.5,242.5,41173,0.0,0.0
2023-10-24 09:00:00+08:00,242.5,245.5,241.5,242.5,92597,0.0,0.0
2023-10-24 10:00:00+08:00,243.5,249.5,243.5,246.0,133513,0.0,0.0
2023-10-24 11:00:00+08:00,245.5,245.5,244.0,245.5,31683,0.0,0.0
2023-10-24 12:00:00+08:00,245.0,246.0,245.0,245.5,31353,0.0,0.0
2023-10-24 13:00:00+08:00,245.5,245.5,244.0,244.5,28217,0.0,0.0
2023-10-25 09:00:00+08:00,246.0,246.0,242.5,243.0,0,0.0,0.0
2023-10-25 10:00:00+08:00,243.0,243.5,242.0,242.0,102869,0.0,0.0
2023-10-25 11:00:00+08:00,242.5,243.0,242.0,242.5,46124,0.0,0.0
2023-10-25 12:00:00+08:00,242.0,243.0,242.0,243.0,50675,0.0,0.0
2023-10-25 13:00:00+08:00,242.5,243.0,242.0,242.5,45564,0.0,0.0
2023-10-26 09:00:00+08:00,239.5,239.5,235.5,236.5,0,0.0,0.0
2023-10-26 10:00:00+08:00,236.5,237.5,236.0,236.5,97497,0.0,0.0
2023-10-26 11:00:00+08:00,236.5,237.0,236.0,236.5,67375,0.0,0.0
2023-10-26 12:00:00+08:00,236.0,237.5,236.0,236.5,62385,0.0,0.0
2023-10-26 13:00:00+08:00,236.5,239.0,236.5,239.0,46065,0.0,0.0
2023-10-27 09:00:00+08:00,239.0,239.0,232.5,232.5,0,0.0,0.0
2023-10-27 10:00:00+08:00,233.0,234.0,232.5,233.5,165836,0.0,0.0
2023-10-27 11:00:00+08:00,234.0,234.0,226.5,231.0,596221,0.0,0.0
2023-10-27 12:00:00+08:00,231.0,232.0,230.5,231.5,144386,0.0,0.0
2023-10-27 13:00:00+08:00,231.5,232.0,230.0,230.0,68958,0.0,0.0
2023-10-30 09:00:00+08:00,232.5,232.5,224.5,227.5,0,0.0,0.0
2023-10-30 10:00:00+08:00,227.0,228.0,226.5,227.0,100748,0.0,0.0
2023-10-30 11:00:00+08:00,226.5,227.0,226.0,226.0,66206,0.0,0.0
2023-10-30 12:00:00+08:00,226.0,226.0,223.0,224.5,203152,0.0,0.0
2023-10-30 13:00:00+08:00,224.5,225.5,223.5,223.5,89017,0.0,0.0
2023-10-31 09:00:00+08:00,224.0,225.0,221.0,222.5,0,0.0,0.0
2023-10-31 10:00:00+08:00,222.0,222.5,218.5,219.0,238499,0.0,0.0
2023-10-31 11:00:00+08:00,219.0,219.0,216.5,217.5,214739,0.0,0.0
2023-10-31 12:00:00+08:00,217.5,218.0,214.0,215.5,280445,0.0,0.0
2023-10-31 13:00:00+08:00,215.5,215.5,213.5,214.0,113990,0.0,0.0
2023-11-01 09:00:00+08:00,216.0,220.5,216.0,218.0,0,0.0,0.0
2023-11-01 10:00:00+08:00,218.5,218.5,217.5,218.0,64109,0.0,0.0
2023-11-01 11:00:00+08:00,218.5,220.5,218.0,220.0,84943,0.0,0.0
2023-11-01 12:00:00+08:00,220.0,220.5,219.0,219.0,44758,0.0,0.0
2023-11-01 13:00:00+08:00,219.5,219.5,218.5,219.0,43082,0.0,0.0
2023-11-02 09:00:00+08:00,222.5,224.5,221.0,223.0,167067,0.0,0.0
2023-11-02 10:00:00+08:00,223.5,225.0,223.0,224.5,50660,0.0,0.0
2023-11-02 11:00:00+08:00,224.5,225.5,224.0,225.0,126949,0.0,0.0
2023-11-02 12:00:00+08:00,225.0,225.5,223.5,224.0,82795,0.0,0.0
2023-11-02 13:00:00+08:00,224.0,225.0,223.0,224.0,61476,0.0,0.0
2023-11-03 09:00:00+08:00,226.0,226.0,222.0,223.5,0,0.0,0.0
2023-11-03 10:00:00+08:00,223.0,224.0,222.5,223.5,22155,0.0,0.0
2023-11-03 11:00:00+08:00,224.5,224.5,224.0,224.0,28998,0.0,0.0
2023-11-03 12:00:00+08:00,224.0,224.0,222.5,223.0,48318,0.0,0.0
2023-11-03 13:00:00+08:00,222.5,222.5,221.5,222.0,58674,0.0,0.0
2023-11-06 09:00:00+08:00,224.0,225.0,223.0,224.5,0,0.0,0.0
2023-11-06 10:00:00+08:00,224.5,227.0,224.0,227.0,80662,0.0,0.0
2023-11-06 11:00:00+08:00,227.0,228.0,226.5,227.5,61379,0.0,0.0
2023-11-06 12:00:00+08:00,227.5,229.5,227.0,228.0,169848,0.0,0.0
2023-11-06 13:00:00+08:00,228.5,228.5,227.0,228.5,182733,0.0,0.0
2023-11-07 09:00:00+08:00,225.5,228.5,225.5,227.0,0,0.0,0.0
2023-11-07 10:00:00+08:00,227.0,228.5,226.5,227.0,59607,0.0,0.0
2023-11-07 11:00:00+08:00,227.5,227.5,227.0,227.5,30120,0.0,0.0
2023-11-07 12:00:00+08:00,227.5,228.5,227.0,228.0,166469,0.0,0.0
2023-11-07 13:00:00+08:00,227.0,228.0,226.5,226.5,55109,0.0,0.0
2023-11-08 09:00:00+08:00,229.0,231.0,227.5,229.5,0,0.0,0.0
2023-11-08 10:00:00+08:00,229.5,232.0,229.5,230.0,81403,0.0,0.0
2023-11-08 11:00:00+08:00,230.0,231.0,230.0,230.0,21029,0.0,0.0
2023-11-08 12:00:00+08:00,230.0,230.0,229.0,229.0,85649,0.0,0.0
2023-11-08 13:00:00+08:00,229.5,230.0,228.5,230.0,41420,0.0,0.0
2023-11-09 09:00:00+08:00,226.0,226.5,222.0,222.5,1313,0.0,0.0
2023-11-09 10:00:00+08:00,223.0,223.5,219.5,221.0,356621,0.0,0.0
2023-11-09 11:00:00+08:00,221.5,221.5,219.5,220.5,234634,0.0,0.0
2023-11-09 12:00:00+08:00,220.5,221.5,218.5,221.5,219308,0.0,0.0
2023-11-09 13:00:00+08:00,220.5,222.0,220.5,222.0,72161,0.0,0.0
2023-11-10 09:00:00+08:00,222.5,225.5,220.5,224.0,0,0.0,0.0
2023-11-10 10:00:00+08:00,223.0,223.0,222.5,222.5,19370,0.0,0.0
2023-11-10 11:00:00+08:00,222.5,223.0,222.5,222.5,16100,0.0,0.0
2023-11-10 12:00:00+08:00,222.5,223.0,222.0,222.0,26878,0.0,0.0
2023-11-10 13:00:00+08:00,222.5,224.0,222.0,222.0,36925,0.0,0.0
2023-11-13 09:00:00+08:00,225.0,225.0,223.0,224.0,0,0.0,0.0
2023-11-13 10:00:00+08:00,224.5,224.5,223.5,223.5,23683,0.0,0.0
2023-11-13 11:00:00+08:00,223.5,223.5,223.0,223.0,11072,0.0,0.0
2023-11-13 12:00:00+08:00,223.5,223.5,223.0,223.5,10154,0.0,0.0
2023-11-13 13:00:00+08:00,223.5,223.5,223.0,223.0,21287,0.0,0.0
2023-11-14 09:00:00+08:00,222.5,223.0,222.0,222.0,0,0.0,0.0
2023-11-14 10:00:00+08:00,222.5,222.5,219.5,220.0,62591,0.0,0.0
2023-11-14 11:00:00+08:00,220.0,221.5,220.0,220.0,19800,0.0,0.0
2023-11-14 12:00:00+08:00,220.5,221.5,220.0,221.0,42386,0.0,0.0
2023-11-14 13:00:00+08:00,221.0,221.0,220.5,220.5,21334,0.0,0.0
2023-11-15 09:00:00+08:00,223.0,225.5,223.0,225.5,0,0.0,0.0
2023-11-15 10:00:00+08:00,225.0,225.5,223.5,223.5,44677,0.0,0.0
2023-11-15 11:00:00+08:00,224.0,224.5,223.5,224.0,25498,0.0,0.0
2023-11-15 12:00:00+08:00,223.5,224.0,222.0,222.5,63702,0.0,0.0
2023-11-15 13:00:00+08:00,223.0,223.5,223.0,223.0,16190,0.0,0.0
2023-11-16 09:00:00+08:00,225.0,226.0,222.5,222.5,0,0.0,0.0
2023-11-16 10:00:00+08:00,222.5,223.5,222.5,223.0,24582,0.0,0.0
2023-11-16 11:00:00+08:00,222.5,224.0,222.5,224.0,9174,0.0,0.0
2023-11-16 12:00:00+08:00,224.0,224.0,223.0,224.0,14248,0.0,0.0
2023-11-16 13:00:00+08:00,224.5,224.5,223.0,224.5,43466,0.0,0.0
2023-11-17 09:00:00+08:00,224.5,231.0,224.5,229.5,36710,0.0,0.0
2023-11-17 10:00:00+08:00,229.5,230.5,228.0,229.0,140139,0.0,0.0
2023-11-17 11:00:00+08:00,229.5,229.5,228.0,228.0,44392,0.0,0.0
2023-11-17 12:00:00+08:00,228.0,228.5,227.0,228.0,74286,0.0,0.0
2023-11-17 13:00:00+08:00,227.5,228.5,227.5,227.5,47123,0.0,0.0
2023-11-20 09:00:00+08:00,229.5,229.5,225.5,226.5,0,0.0,0.0
2023-11-20 10:00:00+08:00,226.5,227.0,226.0,226.5,54861,0.0,0.0
2023-11-20 11:00:00+08:00,226.0,226.5,225.5,226.0,53610,0.0,0.0
2023-11-20 12:00:00+08:00,226.0,226.5,225.5,226.0,31684,0.0,0.0
2023-11-20 13:00:00+08:00,226.0,226.5,225.5,225.5,54111,0.0,0.0
2023-11-21 09:00:00+08:00,229.0,229.0,226.5,227.5,0,0.0,0.0
2023-11-21 10:00:00+08:00,227.5,228.5,226.5,227.0,35969,0.0,0.0
2023-11-21 11:00:00+08:00,227.5,228.0,227.0,228.0,37348,0.0,0.0
2023-11-21 12:00:00+08:00,228.0,228.5,227.0,228.0,60362,0.0,0.0
2023-11-21 13:00:00+08:00,228.0,229.5,228.0,228.5,64121,0.0,0.0
2023-11-22 09:00:00+08:00,230.0,233.5,229.0,230.5,0,0.0,0.0
2023-11-22 10:00:00+08:00,230.5,232.0,230.0,231.0,82216,0.0,0.0
2023-11-22 11:00:00+08:00,231.5,232.0,230.5,230.5,73503,0.0,0.0
2023-11-22 12:00:00+08:00,230.5,232.0,230.0,231.5,82052,0.0,0.0
2023-11-22 13:00:00+08:00,231.0,232.5,231.0,232.5,43000,0.0,0.0
2023-11-23 09:00:00+08:00,233.5,236.0,233.5,234.0,0,0.0,0.0
2023-11-23 10:00:00+08:00,234.0,234.5,232.5,234.5,87439,0.0,0.0
2023-11-23 11:00:00+08:00,234.5,234.5,233.5,234.5,30611,0.0,0.0
2023-11-23 12:00:00+08:00,235.0,235.0,233.5,235.0,38119,0.0,0.0
2023-11-23 13:00:00+08:00,235.0,235.0,234.5,234.5,26964,0.0,0.0
2023-11-24 09:00:00+08:00,237.5,237.5,234.0,234.5,0,0.0,0.0
2023-11-24 10:00:00+08:00,235.0,235.0,233.5,233.5,38405,0.0,0.0
2023-11-24 11:00:00+08:00,234.0,234.5,233.5,234.0,25557,0.0,0.0
2023-11-24 12:00:00+08:00,234.0,234.0,233.5,234.0,14373,0.0,0.0
2023-11-24 13:00:00+08:00,233.5,233.5,232.0,232.0,60643,0.0,0.0
2023-11-27 09:00:00+08:00,234.5,237.5,233.5,236.0,0,0.0,0.0
2023-11-27 10:00:00+08:00,236.0,236.0,235.5,235.5,20681,0.0,0.0
2023-11-27 11:00:00+08:00,235.5,236.0,235.0,236.0,44212,0.0,0.0
2023-11-27 12:00:00+08:00,236.0,236.0,234.0,235.5,34051,0.0,0.0
2023-11-27 13:00:00+08:00,235.5,235.5,234.5,234.5,11627,0.0,0.0
2023-11-28 09:00:00+08:00,237.0,240.0,236.5,238.0,0,0.0,0.0
2023-11-28 10:00:00+08:00,237.5,238.0,236.5,237.0,70735,0.0,0.0
2023-11-28 11:00:00+08:00,237.0,237.5,236.5,237.5,43753,0.0,0.0
2023-11-28 12:00:00+08:00,237.5,238.5,237.5,238.5,71075,0.0,0.0
2023-11-28 13:00:00+08:00,238.5,238.5,237.5,237.5,37918,0.0,0.0
2023-11-29 09:00:00+08:00,240.0,240.0,238.0,238.5,115774,0.0,0.0
2023-11-29 10:00:00+08:00,238.5,238.5,236.0,238.5,68954,0.0,0.0
2023-11-29 11:00:00+08:00,238.0,239.0,238.0,239.0,37386,0.0,0.0
2023-11-29 12:00:00+08:00,239.0,239.5,239.0,239.5,24033,0.0,0.0
2023-11-29 13:00:00+08:00,239.5,239.5,239.0,239.5,41870,0.0,0.0
2023-11-30 09:00:00+08:00,241.0,242.0,238.5,239.0,0,0.0,0.0
2023-11-30 10:00:00+08:00,238.5,240.5,238.5,240.5,24240,0.0,0.0
2023-11-30 11:00:00+08:00,240.0,240.5,239.0,240.0,15411,0.0,0.0
2023-11-30 12:00:00+08:00,239.5,240.0,239.0,239.0,25622,0.0,0.0
2023-11-30 13:00:00+08:00,238.5,239.5,238.5,239.0,11976,0.0,0.0
2023-12-01 09:00:00+08:00,239.0,242.5,239.0,242.5,0,0.0,0.0
2023-12-01 10:00:00+08:00,241.5,244.5,241.5,244.0,103609,0.0,0.0
2023-12-01 11:00:00+08:00,244.0,245.0,243.5,244.0,70706,0.0,0.0
2023-12-01 12:00:00+08:00,244.5,244.5,244.0,244.0,24984,0.0,0.0
2023-12-01 13:00:00+08:00,244.0,244.5,244.0,244.0,13873,0.0,0.0
2023-12-04 09:00:00+08:00,244.5,246.0,242.0,244.0,0,0.0,0.0
2023-12-04 10:00:00+08:00,244.0,244.0,242.0,243.0,92909,0.0,0.0
2023-12-04 11:00:00+08:00,243.0,243.0,241.5,243.0,46266,0.0,0.0
2023-12-04 12:00:00+08:00,243.0,243.5,242.0,242.5,50622,0.0,0.0
2023-12-04 13:00:00+08:00,242.0,242.5,241.5,241.5,35777,0.0,0.0
2023-12-05 09:00:00+08:00,241.5,242.5,238.5,239.5,0,0.0,0.0
2023-12-05 10:00:00+08:00,239.5,241.0,238.0,238.0,68293,0.0,0.0
2023-12-05 11:00:00+08:00,238.0,240.0,238.0,239.5,31454,0.0,0.0
2023-12-05 12:00:00+08:00,239.0,240.5,239.0,240.5,37142,0.0,0.0
2023-12-05 13:00:00+08:00,240.5,241.0,240.0,240.5,48232,0.0,0.0
2023-12-06 09:00:00+08:00,240.0,243.5,240.0,241.5,0,0.0,0.0
2023-12-06 10:00:00+08:00,241.5,241.5,239.5,239.5,49747,0.0,0.0
2023-12-06 11:00:00+08:00,239.0,241.0,239.0,240.0,25887,0.0,0.0
2023-12-06 12:00:00+08:00,240.0,240.0,239.0,239.0,25930,0.0,0.0
2023-12-06 13:00:00+08:00,239.5,240.5,239.0,240.5,30902,0.0,0.0
2023-12-07 09:00:00+08:00,236.5,236.5,231.5,235.5,0,0.0,0.0
2023-12-07 10:00:00+08:00,235.5,236.0,235.0,235.5,28848,0.0,0.0
2023-12-07 11:00:00+08:00,235.5,236.0,235.0,236.0,33822,0.0,0.0
2023-12-07 12:00:00+08:00,236.0,236.5,236.0,236.0,22251,0.0,0.0
2023-12-07 13:00:00+08:00,236.0,236.0,235.0,235.0,12797,0.0,0.0
2023-12-08 09:00:00+08:00,235.5,236.0,234.0,234.0,0,0.0,0.0
2023-12-08 10:00:00+08:00,233.5,235.0,233.0,235.0,217437,0.0,0.0
2023-12-08 11:00:00+08:00,235.5,236.0,235.0,235.0,45605,0.0,0.0
2023-12-08 12:00:00+08:00,235.5,238.5,235.0,238.0,74873,0.0,0.0
2023-12-08 13:00:00+08:00,238.5,239.0,237.0,237.5,42695,0.0,0.0
2023-12-11 09:00:00+08:00,239.0,239.0,237.5,238.0,0,0.0,0.0
2023-12-11 10:00:00+08:00,238.0,238.0,236.5,238.0,24198,0.0,0.0
2023-12-11 11:00:00+08:00,238.0,238.5,237.5,237.5,32534,0.0,0.0
2023-12-11 12:00:00+08:00,238.0,238.0,237.0,238.0,23257,0.0,0.0
2023-12-11 13:00:00+08:00,237.5,237.5,237.0,237.5,3500,0.0,0.0
2023-12-12 09:00:00+08:00,240.5,243.0,238.5,238.5,0,0.0,0.0
2023-12-12 10:00:00+08:00,238.5,240.0,238.0,238.0,46609,0.0,0.0
2023-12-12 11:00:00+08:00,238.0,238.5,237.5,237.5,66350,0.0,0.0
2023-12-12 12:00:00+08:00,237.5,237.5,236.0,236.5,44357,0.0,0.0
2023-12-12 13:00:00+08:00,236.5,236.5,235.5,235.5,40647,0.0,0.0
2023-12-13 09:00:00+08:00,235.5,236.0,233.0,234.0,65840,0.0,0.0
2023-12-13 10:00:00+08:00,234.0,235.0,232.5,233.0,139697,0.0,0.0
2023-12-13 11:00:00+08:00,233.0,233.5,233.0,233.0,32200,0.0,0.0
2023-12-13 12:00:00+08:00,233.0,233.0,231.0,232.0,89194,0.0,0.0
2023-12-13 13:00:00+08:00,232.0,233.0,232.0,232.0,37570,0.0,0.0
2023-12-14 09:00:00+08:00,232.0,237.5,232.0,236.0,0,0.0,0.0
2023-12-14 10:00:00+08:00,236.0,238.0,236.0,237.5,53565,0.0,0.0
2023-12-14 11:00:00+08:00,237.5,238.5,237.5,238.5,38107,0.0,0.0
2023-12-14 12:00:00+08:00,238.0,238.5,237.5,238.0,33737,0.0,0.0
2023-12-14 13:00:00+08:00,238.0,239.0,237.5,238.5,32110,0.0,0.0
2023-12-15 09:00:00+08:00,241.5,246.0,240.0,240.0,114365,0.0,0.0
2023-12-15 10:00:00+08:00,239.5,242.5,239.0,241.5,96822,0.0,0.0
2023-12-15 11:00:00+08:00,241.0,242.5,240.0,241.5,79935,0.0,0.0
2023-12-15 12:00:00+08:00,241.5,242.5,241.0,242.0,69604,0.0,0.0
2023-12-15 13:00:00+08:00,242.0,242.0,240.5,240.5,40919,0.0,0.0
2023-12-18 09:00:00+08:00,243.0,243.0,239.0,240.5,0,0.0,0.0
2023-12-18 10:00:00+08:00,240.5,241.0,239.5,241.0,39447,0.0,0.0
2023-12-18 11:00:00+08:00,241.5,241.5,240.0,240.5,16284,0.0,0.0
2023-12-18 12:00:00+08:00,240.0,240.5,237.5,237.5,87103,0.0,0.0
2023-12-18 13:00:00+08:00,237.5,238.0,236.5,237.5,51623,0.0,0.0
2023-12-19 09:00:00+08:00,238.5,238.5,233.5,235.5,83552,0.0,0.0
2023-12-19 10:00:00+08:00,235.5,237.5,235.5,236.5,31598,0.0,0.0
2023-12-19 11:00:00+08:00,237.0,238.0,236.5,237.5,20186,0.0,0.0
2023-12-19 12:00:00+08:00,237.5,237.5,236.5,237.0,20392,0.0,0.0
2023-12-19 13:00:00+08:00,237.5,238.0,237.0,238.0,16987,0.0,0.0
2023-12-20 09:00:00+08:00,237.0,240.0,237.0,238.0,0,0.0,0.0
2023-12-20 10:00:00+08:00,238.0,238.0,236.5,238.0,53043,0.0,0.0
2023-12-20 11:00:00+08:00,238.5,238.5,237.5,237.5,15023,0.0,0.0
2023-12-20 12:00:00+08:00,238.0,238.0,236.5,236.5,29445,0.0,0.0
2023-12-20 13:00:00+08:00,236.5,239.0,236.5,237.5,19439,0.0,0.0
2023-12-21 09:00:00+08:00,237.0,238.5,235.5,236.0,0,0.0,0.0
2023-12-21 10:00:00+08:00,236.5,237.0,236.0,236.0,9270,0.0,0.0
2023-12-21 11:00:00+08:00,236.0,236.5,235.5,235.5,15476,0.0,0.0
2023-12-21 12:00:00+08:00,236.0,236.5,235.5,236.5,12050,0.0,0.0
2023-12-21 13:00:00+08:00,236.5,236.5,236.0,236.0,22234,0.0,0.0
2023-12-22 09:00:00+08:00,237.0,237.0,235.0,235.0,36351,0.0,0.0
2023-12-22 10:00:00+08:00,235.0,235.5,234.5,235.5,21186,0.0,0.0
2023-12-22 11:00:00+08:00,235.0,235.5,235.0,235.5,6429,0.0,0.0
2023-12-22 12:00:00+08:00,235.0,235.5,235.0,235.0,20112,0.0,0.0
2023-12-22 13:00:00+08:00,235.5,235.5,235.0,235.5,21075,0.0,0.0
2023-12-25 09:00:00+08:00,237.0,237.0,236.5,236.5,0,0.0,0.0
2023-12-25 10:00:00+08:00,237.0,237.0,235.5,236.0,11940,0.0,0.0
2023-12-25 11:00:00+08:00,236.0,236.0,235.0,235.5,11134,0.0,0.0
2023-12-25 12:00:00+08:00,235.5,236.0,235.5,235.5,6629,0.0,0.0
2023-12-25 13:00:00+08:00,235.0,236.0,235.0,236.0,13036,0.0,0.0
2023-12-26 09:00:00+08:00,237.5,238.0,236.5,237.0,0,0.0,0.0
2023-12-26 10:00:00+08:00,236.5,237.0,236.0,236.5,6446,0.0,0.0
2023-12-26 11:00:00+08:00,236.5,237.0,236.0,236.0,7822,0.0,0.0
2023-12-26 12:00:00+08:00,236.5,237.5,236.0,237.5,20077,0.0,0.0
2023-12-26 13:00:00+08:00,238.0,241.0,237.0,239.0,105032,0.0,0.0
2023-12-27 09:00:00+08:00,240.0,240.5,237.0,237.0,0,0.0,0.0
2023-12-27 10:00:00+08:00,238.0,238.0,236.0,236.5,36353,0.0,0.0
2023-12-27 11:00:00+08:00,237.0,238.5,236.5,237.0,45069,0.0,0.0
2023-12-27 12:00:00+08:00,237.0,237.5,236.5,237.0,30367,0.0,0.0
2023-12-27 13:00:00+08:00,236.5,237.0,236.5,236.5,11023,0.0,0.0
2023-12-28 09:00:00+08:00,237.0,238.5,237.0,238.0,0,0.0,0.0
2023-12-28 10:00:00+08:00,238.0,238.0,236.5,237.0,15804,0.0,0.0
2023-12-28 11:00:00+08:00,236.5,238.0,236.5,237.0,17190,0.0,0.0
2023-12-28 12:00:00+08:00,237.5,238.0,237.0,237.0,18567,0.0,0.0
2023-12-28 13:00:00+08:00,237.0,237.5,237.0,237.0,8161,0.0,0.0
2023-12-29 09:00:00+08:00,238.5,241.5,238.0,240.5,48248,0.0,0.0
2023-12-29 10:00:00+08:00,240.5,240.5,237.5,240.0,80303,0.0,0.0
2023-12-29 11:00:00+08:00,240.0,241.5,239.5,240.5,79791,0.0,0.0
2023-12-29 12:00:00+08:00,240.5,241.0,240.0,240.5,45656,0.0,0.0
2023-12-29 13:00:00+08:00,240.5,241.0,240.5,240.5,24200,0.0,0.0
2024-01-02 09:00:00+08:00,240.0,240.0,237.5,238.0,0,0.0,0.0
2024-01-02 10:00:00+08:00,238.0,238.0,237.5,237.5,20407,0.0,0.0
2024-01-02 11:00:00+08:00,237.5,238.0,237.5,237.5,10472,0.0,0.0
2024-01-02 12:00:00+08:00,238.0,238.5,237.5,237.5,30285,0.0,0.0
2024-01-02 13:00:00+08:00,237.5,239.0,237.5,238.0,18100,0.0,0.0
2024-01-03 09:00:00+08:00,238.0,238.0,235.0,236.5,0,0.0,0.0
2024-01-03 10:00:00+08:00,236.5,236.5,235.0,235.0,29161,0.0,0.0
2024-01-03 11:00:00+08:00,235.0,238.0,235.0,237.0,43728,0.0,0.0
2024-01-03 12:00:00+08:00,237.0,237.0,236.0,236.5,69524,0.0,0.0
2024-01-03 13:00:00+08:00,236.5,237.5,236.0,237.5,14695,0.0,0.0
2024-01-04 09:00:00+08:00,238.5,238.5,235.5,235.5,7208,0.0,0.0
2024-01-04 10:00:00+08:00,236.0,236.0,235.5,236.0,16247,0.0,0.0
2024-01-04 11:00:00+08:00,236.5,237.0,235.5,235.5,24464,0.0,0.0
2024-01-04 12:00:00+08:00,235.5,236.0,234.0,235.0,67094,0.0,0.0
2024-01-04 13:00:00+08:00,234.5,235.0,234.0,234.5,28323,0.0,0.0
2024-01-05 09:00:00+08:00,237.0,237.0,233.5,233.5,0,0.0,0.0
2024-01-05 10:00:00+08:00,233.5,234.5,233.5,234.0,28087,0.0,0.0
2024-01-05 11:00:00+08:00,235.0,235.0,234.0,234.0,16815,0.0,0.0
2024-01-05 12:00:00+08:00,234.0,234.0,233.0,234.0,30893,0.0,0.0
2024-01-05 13:00:00+08:00,234.0,234.0,233.5,233.5,9840,0.0,0.0
2024-01-08 09:00:00+08:00,233.0,235.0,233.0,233.5,0,0.0,0.0
2024-01-08 10:00:00+08:00,233.5,234.5,233.5,233.5,8312,0.0,0.0
2024-01-08 11:00:00+08:00,233.5,233.5,231.5,232.0,82869,0.0,0.0
2024-01-08 12:00:00+08:00,231.5,232.0,231.5,231.5,13094,0.0,0.0
2024-01-08 13:00:00+08:00,231.5,231.5,231.0,231.5,47828,0.0,0.0
2024-01-09 09:00:00+08:00,233.0,233.0,231.5,232.5,0,0.0,0.0
2024-01-09 10:00:00+08:00,233.0,233.0,231.0,232.0,35494,0.0,0.0
2024-01-09 11:00:00+08:00,232.0,232.0,231.0,232.0,29197,0.0,0.0
2024-01-09 12:00:00+08:00,232.0,232.5,231.0,232.5,13033,0.0,0.0
2024-01-09 13:00:00+08:00,232.5,233.0,232.5,233.0,2000,0.0,0.0
2024-01-10 09:00:00+08:00,232.0,233.0,231.0,231.0,0,0.0,0.0
2024-01-10 10:00:00+08:00,232.0,232.0,228.0,228.0,210023,0.0,0.0
2024-01-10 11:00:00+08:00,227.5,229.5,227.5,228.5,65056,0.0,0.0
2024-01-10 12:00:00+08:00,229.0,229.5,227.5,228.0,88638,0.0,0.0
2024-01-10 13:00:00+08:00,228.0,229.0,228.0,228.5,44476,0.0,0.0
2024-01-11 09:00:00+08:00,230.0,230.5,230.0,230.5,0,0.0,0.0
2024-01-11 10:00:00+08:00,230.5,230.5,230.5,230.5,1033,0.0,0.0
2024-01-11 11:00:00+08:00,230.5,230.5,230.0,230.5,16216,0.0,0.0
2024-01-11 12:00:00+08:00,230.5,231.5,230.0,231.5,14333,0.0,0.0
2024-01-11 13:00:00+08:00,231.0,231.5,230.5,231.0,13272,0.0,0.0
2024-01-12 09:00:00+08:00,231.5,231.5,230.0,230.5,10380,0.0,0.0
2024-01-12 10:00:00+08:00,231.0,231.0,230.0,231.0,21882,0.0,0.0
2024-01-12 11:00:00+08:00,231.0,231.5,231.0,231.0,18482,0.0,0.0
2024-01-12 12:00:00+08:00,231.0,231.0,230.0,230.5,87710,0.0,0.0
2024-01-12 13:00:00+08:00,230.5,231.0,230.0,230.5,20549,0.0,0.0
2024-01-15 09:00:00+08:00,230.5,230.5,229.0,230.0,0,0.0,0.0
2024-01-15 10:00:00+08:00,229.5,231.0,229.5,231.0,37299,0.0,0.0
2024-01-15 11:00:00+08:00,230.5,231.5,230.5,231.5,41283,0.0,0.0
2024-01-15 12:00:00+08:00,232.0,234.0,232.0,233.0,65294,0.0,0.0
2024-01-15 13:00:00+08:00,233.5,234.0,233.5,234.0,12233,0.0,0.0
2024-01-16 09:00:00+08:00,233.0,233.0,230.5,231.0,0,0.0,0.0
2024-01-16 10:00:00+08:00,232.0,232.0,232.0,232.0,9996,0.0,0.0
2024-01-16 11:00:00+08:00,231.5,232.0,231.5,232.0,9022,0.0,0.0
2024-01-16 12:00:00+08:00,231.5,232.0,231.5,232.0,15184,0.0,0.0
2024-01-16 13:00:00+08:00,232.5,232.5,232.0,232.0,10387,0.0,0.0
2024-01-17 09:00:00+08:00,232.5,232.5,228.5,228.5,16535,0.0,0.0
2024-01-17 10:00:00+08:00,229.0,229.5,228.5,229.0,28480,0.0,0.0
2024-01-17 11:00:00+08:00,229.0,229.0,227.5,228.0,66795,0.0,0.0
2024-01-17 12:00:00+08:00,228.0,228.0,227.5,227.5,14793,0.0,0.0
2024-01-17 13:00:00+08:00,227.5,227.5,227.5,227.5,12222,0.0,0.0
2024-01-18 09:00:00+08:00,226.0,227.0,223.0,224.0,0,0.0,0.0
2024-01-18 10:00:00+08:00,223.5,223.5,222.0,222.5,118193,0.0,0.0
2024-01-18 11:00:00+08:00,222.0,222.5,222.0,222.0,36803,0.0,0.0
2024-01-18 12:00:00+08:00,222.5,224.0,222.5,224.0,16747,0.0,0.0
2024-01-18 13:00:00+08:00,224.0,224.0,223.5,223.5,6408,0.0,0.0
2024-01-19 09:00:00+08:00,226.5,228.5,226.5,227.0,0,0.0,0.0
2024-01-19 10:00:00+08:00,227.0,227.5,226.0,226.0,20440,0.0,0.0
2024-01-19 11:00:00+08:00,226.0,228.5,226.0,227.0,29690,0.0,0.0
2024-01-19 12:00:00+08:00,227.0,229.0,227.0,228.5,29441,0.0,0.0
2024-01-19 13:00:00+08:00,228.0,229.0,228.0,229.0,11239,0.0,0.0
2024-01-22 09:00:00+08:00,230.0,232.0,229.5,231.0,0,0.0,0.0
2024-01-22 10:00:00+08:00,231.0,231.0,230.0,230.5,50903,0.0,0.0
2024-01-22 11:00:00+08:00,230.0,231.0,229.5,230.5,46080,0.0,0.0
2024-01-22 12:00:00+08:00,230.5,231.5,230.0,230.5,89489,0.0,0.0
2024-01-22 13:00:00+08:00,231.0,232.0,230.5,231.5,16515,0.0,0.0
2024-01-23 09:00:00+08:00,230.5,230.5,228.0,228.0,0,0.0,0.0
2024-01-23 10:00:00+08:00,228.0,228.0,226.0,226.5,128004,0.0,0.0
2024-01-23 11:00:00+08:00,226.5,227.0,224.5,225.5,134105,0.0,0.0
2024-01-23 12:00:00+08:00,225.5,226.5,225.5,226.5,58112,0.0,0.0
2024-01-23 13:00:00+08:00,226.5,227.0,226.5,226.5,19730,0.0,0.0
2024-01-24 09:00:00+08:00,226.0,226.0,223.0,224.5,131276,0.0,0.0
2024-01-24 10:00:00+08:00,224.5,225.0,224.0,224.0,42024,0.0,0.0
2024-01-24 11:00:00+08:00,224.5,225.0,224.5,225.0,31015,0.0,0.0
2024-01-24 12:00:00+08:00,225.0,225.5,225.0,225.0,20185,0.0,0.0
2024-01-24 13:00:00+08:00,225.0,225.5,225.0,225.0,14383,0.0,0.0
2024-01-25 09:00:00+08:00,225.0,228.0,225.0,226.5,0,0.0,0.0
2024-01-25 10:00:00+08:00,226.5,226.5,224.5,225.0,84978,0.0,0.0
2024-01-25 11:00:00+08:00,225.0,226.5,225.0,226.5,11629,0.0,0.0
2024-01-25 12:00:00+08:00,226.5,226.5,226.0,226.5,10822,0.0,0.0
2024-01-25 13:00:00+08:00,226.5,227.0,226.5,226.5,9667,0.0,0.0
2024-01-26 09:00:00+08:00,226.0,227.0,226.0,226.5,0,0.0,0.0
2024-01-26 10:00:00+08:00,226.5,227.5,226.0,227.5,69731,0.0,0.0
2024-01-26 11:00:00+08:00,227.5,228.0,227.5,228.0,5970,0.0,0.0
2024-01-26 12:00:00+08:00,227.5,227.5,227.0,227.5,20382,0.0,0.0
2024-01-26 13:00:00+08:00,227.5,227.5,227.0,227.5,21220,0.0,0.0
2024-01-29 09:00:00+08:00,228.5,233.5,228.5,231.0,59824,0.0,0.0
2024-01-29 10:00:00+08:00,230.5,230.5,228.5,229.5,74151,0.0,0.0
2024-01-29 11:00:00+08:00,229.5,229.5,229.0,229.5,16464,0.0,0.0
2024-01-29 12:00:00+08:00,229.5,229.5,228.5,229.0,37977,0.0,0.0
2024-01-29 13:00:00+08:00,228.5,229.5,228.5,228.5,42087,0.0,0.0
2024-01-30 09:00:00+08:00,229.0,230.0,228.5,229.5,0,0.0,0.0
2024-01-30 10:00:00+08:00,229.5,230.0,229.5,230.0,30365,0.0,0.0
2024-01-30 11:00:00+08:00,230.5,231.0,230.5,230.5,33722,0.0,0.0
2024-01-30 12:00:00+08:00,231.0,231.0,230.5,230.5,37033,0.0,0.0
2024-01-30 13:00:00+08:00,231.0,231.5,230.5,231.0,44059,0.0,0.0
2024-01-31 09:00:00+08:00,231.0,231.5,229.0,230.5,55369,0.0,0.0
2024-01-31 10:00:00+08:00,231.0,231.0,229.5,231.0,23823,0.0,0.0
2024-01-31 11:00:00+08:00,231.5,231.5,230.0,231.0,21244,0.0,0.0
2024-01-31 12:00:00+08:00,231.0,231.0,230.0,230.0,26584,0.0,0.0
2024-01-31 13:00:00+08:00,230.0,231.0,230.0,231.0,24329,0.0,0.0
2024-02-01 09:00:00+08:00,231.0,233.0,230.5,231.5,0,0.0,0.0
2024-02-01 10:00:00+08:00,231.0,231.5,231.0,231.0,15577,0.0,0.0
2024-02-01 11:00:00+08:00,231.0,231.0,230.0,230.5,30182,0.0,0.0
2024-02-01 12:00:00+08:00,230.5,231.0,230.5,231.0,27376,0.0,0.0
2024-02-01 13:00:00+08:00,231.0,231.0,230.5,230.5,6230,0.0,0.0
2024-02-02 09:00:00+08:00,231.0,234.0,231.0,232.5,74214,0.0,0.0
2024-02-02 10:00:00+08:00,232.5,233.5,232.0,233.0,53464,0.0,0.0
2024-02-02 11:00:00+08:00,233.0,233.5,233.0,233.5,17711,0.0,0.0
2024-02-02 12:00:00+08:00,233.0,233.0,232.5,232.5,28887,0.0,0.0
2024-02-02 13:00:00+08:00,232.5,233.0,232.5,233.0,9286,0.0,0.0
2024-02-05 09:00:00+08:00,232.5,232.5,230.5,230.5,0,0.0,0.0
2024-02-05 10:00:00+08:00,230.5,230.5,229.5,230.0,54398,0.0,0.0
2024-02-05 11:00:00+08:00,230.0,230.5,229.5,230.0,27681,0.0,0.0
2024-02-05 12:00:00+08:00,230.0,230.0,230.0,230.0,13317,0.0,0.0
2024-02-05 13:00:00+08:00,229.5,230.0,229.0,230.0,31653,0.0,0.0
2024-02-15 09:00:00+08:00,224.0,227.5,220.0,221.5,199557,0.0,0.0
2024-02-15 10:00:00+08:00,222.5,224.0,222.0,224.0,69296,0.0,0.0
2024-02-15 11:00:00+08:00,224.0,224.0,222.5,223.5,135008,0.0,0.0
2024-02-15 12:00:00+08:00,223.0,223.0,222.0,222.5,77516,0.0,0.0
2024-02-15 13:00:00+08:00,222.5,223.0,222.5,222.5,38621,0.0,0.0
2024-02-16 09:00:00+08:00,223.0,225.5,223.0,224.0,84930,0.0,0.0
2024-02-16 10:00:00+08:00,224.5,224.5,221.0,222.0,195633,0.0,0.0
2024-02-16 11:00:00+08:00,222.0,222.5,221.5,222.5,68251,0.0,0.0
2024-02-16 12:00:00+08:00,222.5,222.5,222.0,222.5,63440,0.0,0.0
2024-02-16 13:00:00+08:00,222.0,222.5,222.0,222.0,24805,0.0,0.0
2024-02-19 09:00:00+08:00,222.0,225.5,222.0,224.0,0,0.0,0.0
2024-02-19 10:00:00+08:00,224.0,225.0,223.0,223.0,80781,0.0,0.0
2024-02-19 11:00:00+08:00,222.5,223.0,221.0,222.0,116861,0.0,0.0
2024-02-19 12:00:00+08:00,222.5,223.0,222.0,222.5,87515,0.0,0.0
2024-02-19 13:00:00+08:00,223.0,223.0,222.5,222.5,18008,0.0,0.0
2024-02-20 09:00:00+08:00,222.5,229.0,222.5,228.5,0,0.0,0.0
2024-02-20 10:00:00+08:00,228.5,231.0,228.0,228.0,87817,0.0,0.0
2024-02-20 11:00:00+08:00,228.0,228.0,226.0,227.5,58590,0.0,0.0
2024-02-20 12:00:00+08:00,227.5,228.0,227.5,228.0,26337,0.0,0.0
2024-02-20 13:00:00+08:00,228.0,228.0,227.5,227.5,23436,0.0,0.0
2024-02-21 09:00:00+08:00,225.5,228.5,225.5,227.0,0,0.0,0.0
2024-02-21 10:00:00+08:00,227.0,227.0,225.5,226.5,75321,0.0,0.0
2024-02-21 11:00:00+08:00,226.5,227.0,226.0,227.0,23680,0.0,0.0
2024-02-21 12:00:00+08:00,227.0,227.0,226.5,226.5,47538,0.0,0.0
2024-02-21 13:00:00+08:00,226.5,227.0,226.0,226.5,26809,0.0,0.0
2024-02-22 09:00:00+08:00,226.5,228.5,225.5,226.5,0,0.0,0.0
2024-02-22 10:00:00+08:00,227.0,227.0,225.5,226.5,72910,0.0,0.0
2024-02-22 11:00:00+08:00,227.0,227.0,226.0,226.0,53281,0.0,0.0
2024-02-22 12:00:00+08:00,227.0,227.0,225.0,225.5,72698,0.0,0.0
2024-02-22 13:00:00+08:00,225.5,226.5,225.0,226.5,45933,0.0,0.0
2024-02-23 09:00:00+08:00,225.5,227.5,225.5,226.5,50013,0.0,0.0
2024-02-23 10:00:00+08:00,226.0,226.5,225.5,226.0,40750,0.0,0.0
2024-02-23 11:00:00+08:00,225.5,227.5,225.5,227.5,68758,0.0,0.0
2024-02-23 12:00:00+08:00,227.5,230.5,227.0,229.0,104537,0.0,0.0
2024-02-23 13:00:00+08:00,228.5,229.0,228.0,228.5,40629,0.0,0.0
2024-02-26 09:00:00+08:00,230.0,232.0,228.0,230.0,0,0.0,0.0
2024-02-26 10:00:00+08:00,230.0,230.5,229.0,230.0,56113,0.0,0.0
2024-02-26 11:00:00+08:00,230.5,231.0,230.0,230.5,62332,0.0,0.0
2024-02-26 12:00:00+08:00,230.5,231.5,230.5,231.5,66977,0.0,0.0
2024-02-26 13:00:00+08:00,231.5,232.5,231.0,231.5,61969,0.0,0.0
2024-02-27 09:00:00+08:00,235.5,244.0,235.0,236.0,785307,0.0,0.0
2024-02-27 10:00:00+08:00,236.0,238.5,232.0,238.0,472907,0.0,0.0
2024-02-27 11:00:00+08:00,237.5,239.0,236.5,237.0,111952,0.0,0.0
2024-02-27 12:00:00+08:00,236.5,238.0,235.5,237.5,113135,0.0,0.0
2024-02-27 13:00:00+08:00,237.5,238.0,236.5,237.0,68495,0.0,0.0
2024-02-29 09:00:00+08:00,237.5,238.5,234.0,236.5,0,0.0,0.0
2024-02-29 10:00:00+08:00,236.5,238.0,236.0,237.5,72165,0.0,0.0
2024-02-29 11:00:00+08:00,238.0,238.0,235.5,236.0,107084,0.0,0.0
2024-02-29 12:00:00+08:00,236.0,237.0,235.5,236.5,32639,0.0,0.0
2024-02-29 13:00:00+08:00,236.5,237.0,236.0,236.5,36463,0.0,0.0
2024-03-01 09:00:00+08:00,236.0,241.5,236.0,240.5,0,0.0,0.0
2024-03-01 10:00:00+08:00,241.0,241.0,238.0,239.0,157200,0.0,0.0
2024-03-01 11:00:00+08:00,239.5,239.5,237.5,238.5,80485,0.0,0.0
2024-03-01 12:00:00+08:00,238.0,238.0,237.0,238.0,53314,0.0,0.0
2024-03-01 13:00:00+08:00,238.0,239.0,237.0,239.0,28947,0.0,0.0
2024-03-04 09:00:00+08:00,242.5,243.0,237.0,237.5,264904,0.0,0.0
2024-03-04 10:00:00+08:00,237.5,238.5,236.5,238.0,90252,0.0,0.0
2024-03-04 11:00:00+08:00,238.0,239.0,238.0,238.0,55817,0.0,0.0
2024-03-04 12:00:00+08:00,238.0,238.5,237.0,237.5,77934,0.0,0.0
2024-03-04 13:00:00+08:00,237.5,237.5,237.0,237.5,46932,0.0,0.0
2024-03-05 09:00:00+08:00,239.5,239.5,236.0,237.5,0,0.0,0.0
2024-03-05 10:00:00+08:00,237.5,239.5,237.0,239.5,146770,0.0,0.0
2024-03-05 11:00:00+08:00,239.5,241.0,239.5,240.5,217381,0.0,0.0
2024-03-05 12:00:00+08:00,240.5,244.0,239.5,243.5,332436,0.0,0.0
2024-03-05 13:00:00+08:00,243.5,247.5,243.0,247.0,376512,0.0,0.0
2024-03-06 09:00:00+08:00,243.0,243.5,237.5,242.0,0,0.0,0.0
2024-03-06 10:00:00+08:00,242.0,242.5,239.5,240.5,146374,0.0,0.0
2024-03-06 11:00:00+08:00,241.5,242.0,241.0,242.0,92924,0.0,0.0
2024-03-06 12:00:00+08:00,242.0,242.5,241.0,241.5,68712,0.0,0.0
2024-03-06 13:00:00+08:00,241.5,241.5,241.0,241.0,62378,0.0,0.0
2024-03-07 09:00:00+08:00,240.5,245.5,240.0,241.5,0,0.0,0.0
2024-03-07 10:00:00+08:00,241.5,242.0,239.0,240.5,158148,0.0,0.0
2024-03-07 11:00:00+08:00,241.0,242.0,240.5,240.5,42274,0.0,0.0
2024-03-07 12:00:00+08:00,240.5,241.5,239.5,241.0,81844,0.0,0.0
2024-03-07 13:00:00+08:00,241.0,241.5,240.5,241.0,66750,0.0,0.0
2024-03-08 09:00:00+08:00,241.0,244.5,239.5,240.0,251145,0.0,0.0
2024-03-08 10:00:00+08:00,240.0,241.5,236.5,237.0,228721,0.0,0.0
2024-03-08 11:00:00+08:00,237.0,238.0,234.0,237.5,226402,0.0,0.0
2024-03-08 12:00:00+08:00,237.0,238.5,236.5,237.5,71819,0.0,0.0
2024-03-08 13:00:00+08:00,238.0,238.5,237.0,237.0,35428,0.0,0.0
2024-03-11 09:00:00+08:00,234.0,239.0,234.0,236.0,0,0.0,0.0
2024-03-11 10:00:00+08:00,236.5,237.0,236.0,236.0,62463,0.0,0.0
2024-03-11 11:00:00+08:00,236.0,239.5,236.0,238.0,79445,0.0,0.0
2024-03-11 12:00:00+08:00,237.5,238.5,236.5,237.0,52385,0.0,0.0
2024-03-11 13:00:00+08:00,237.0,238.5,236.5,238.0,63828,0.0,0.0
2024-03-12 09:00:00+08:00,239.5,243.5,238.0,242.0,0,0.0,0.0
2024-03-12 10:00:00+08:00,242.0,245.0,241.0,244.5,164037,0.0,0.0
2024-03-12 11:00:00+08:00,244.5,247.5,244.0,246.0,276686,0.0,0.0
2024-03-12 12:00:00+08:00,245.5,246.0,245.0,246.0,95577,0.0,0.0
2024-03-12 13:00:00+08:00,246.0,246.0,245.0,245.5,48720,0.0,0.0
2024-03-13 09:00:00+08:00,250.0,260.5,245.5,254.0,300080,0.0,0.0
2024-03-13 10:00:00+08:00,254.0,257.0,252.5,255.5,324249,0.0,0.0
2024-03-13 11:00:00+08:00,255.5,258.0,255.0,257.5,314220,0.0,0.0
2024-03-13 12:00:00+08:00,258.0,258.5,252.5,254.5,222323,0.0,0.0
2024-03-13 13:00:00+08:00,254.5,257.0,254.0,257.0,104056,0.0,0.0
2024-03-14 09:00:00+08:00,256.0,268.0,255.5,264.5,0,0.0,0.0
2024-03-14 10:00:00+08:00,264.5,265.0,260.0,263.0,241542,0.0,0.0
2024-03-14 11:00:00+08:00,263.0,263.0,258.5,260.0,297277,0.0,0.0
2024-03-14 12:00:00+08:00,261.5,262.5,258.5,260.5,327166,0.0,0.0
2024-03-14 13:00:00+08:00,260.5,261.5,259.0,259.5,160705,0.0,0.0
2024-03-15 09:00:00+08:00,260.0,260.0,252.5,254.0,0,0.0,0.0
2024-03-15 10:00:00+08:00,254.0,255.0,252.0,252.5,169561,0.0,0.0
2024-03-15 11:00:00+08:00,252.0,254.0,249.0,250.0,249565,0.0,0.0
2024-03-15 12:00:00+08:00,250.0,251.5,249.5,249.5,159990,0.0,0.0
2024-03-15 13:00:00+08:00,250.0,251.0,249.0,249.5,142670,0.0,0.0
2024-03-18 09:00:00+08:00,250.5,263.0,250.5,260.5,0,0.0,0.0
2024-03-18 10:00:00+08:00,260.5,261.0,257.5,259.0,192994,0.0,0.0
2024-03-18 11:00:00+08:00,259.0,261.0,257.5,261.0,148047,0.0,0.0
2024-03-18 12:00:00+08:00,261.5,262.0,260.0,261.0,141093,0.0,0.0
2024-03-18 13:00:00+08:00,261.5,262.5,260.5,262.5,111937,0.0,0.0
2024-03-19 09:00:00+08:00,264.0,275.0,261.5,272.0,95064,0.0,0.0
2024-03-19 10:00:00+08:00,272.5,275.0,271.5,274.5,374695,0.0,0.0
2024-03-19 11:00:00+08:00,275.0,280.0,275.0,278.0,562634,0.0,0.0
2024-03-19 12:00:00+08:00,277.5,282.5,276.5,282.5,419537,0.0,0.0
2024-03-19 13:00:00+08:00,282.5,282.5,279.0,279.0,119679,0.0,0.0
2024-03-20 09:00:00+08:00,290.0,297.0,282.5,283.0,1416483,0.0,0.0
2024-03-20 10:00:00+08:00,283.0,287.5,281.0,286.5,466697,0.0,0.0
2024-03-20 11:00:00+08:00,287.0,289.5,286.0,289.0,432946,0.0,0.0
2024-03-20 12:00:00+08:00,289.0,289.0,283.5,284.0,366604,0.0,0.0
2024-03-20 13:00:00+08:00,285.5,287.0,284.5,285.5,150764,0.0,0.0
2024-03-21 09:00:00+08:00,290.0,295.0,276.0,278.5,0,0.0,0.0
2024-03-21 10:00:00+08:00,278.0,280.5,273.0,280.5,687227,0.0,0.0
2024-03-21 11:00:00+08:00,280.0,282.0,276.5,280.0,235894,0.0,0.0
2024-03-21 12:00:00+08:00,282.0,285.5,280.0,285.0,350949,0.0,0.0
2024-03-21 13:00:00+08:00,285.0,287.0,282.0,282.0,226831,0.0,0.0
2024-03-22 09:00:00+08:00,278.0,279.0,266.0,266.0,0,0.0,0.0
2024-03-22 10:00:00+08:00,266.0,266.5,264.0,266.0,316733,0.0,0.0
2024-03-22 11:00:00+08:00,266.0,266.5,263.0,266.0,188096,0.0,0.0
2024-03-22 12:00:00+08:00,265.0,266.0,263.0,264.5,204491,0.0,0.0
2024-03-22 13:00:00+08:00,264.0,264.0,262.5,263.5,200201,0.0,0.0
2024-03-25 09:00:00+08:00,265.0,268.5,261.5,261.5,0,0.0,0.0
2024-03-25 10:00:00+08:00,261.5,262.5,258.0,260.0,354933,0.0,0.0
2024-03-25 11:00:00+08:00,259.5,261.0,257.5,257.5,186098,0.0,0.0
2024-03-25 12:00:00+08:00,257.5,259.5,257.0,259.0,89637,0.0,0.0
2024-03-25 13:00:00+08:00,259.0,259.5,257.5,258.0,88558,0.0,0.0
2024-03-26 09:00:00+08:00,258.5,264.0,258.5,261.0,0,0.0,0.0
2024-03-26 10:00:00+08:00,261.0,261.5,257.5,257.5,209042,0.0,0.0
2024-03-26 11:00:00+08:00,257.5,258.0,254.0,256.5,274040,0.0,0.0
2024-03-26 12:00:00+08:00,257.0,260.5,257.0,260.0,189518,0.0,0.0
2024-03-26 13:00:00+08:00,260.0,261.0,259.5,260.5,90964,0.0,0.0
2024-03-27 09:00:00+08:00,264.0,264.5,258.5,263.5,0,0.0,0.0
2024-03-27 10:00:00+08:00,264.0,265.5,261.0,261.0,248661,0.0,0.0
2024-03-27 11:00:00+08:00,261.0,266.0,260.0,266.0,386392,0.0,0.0
2024-03-27 12:00:00+08:00,265.0,268.0,265.0,268.0,528352,0.0,0.0
2024-03-27 13:00:00+08:00,267.0,269.0,267.0,269.0,267151,0.0,0.0
2024-03-28 09:00:00+08:00,269.5,272.0,263.5,265.0,0,0.0,0.0
2024-03-28 10:00:00+08:00,264.0,268.0,264.0,266.5,172761,0.0,0.0
2024-03-28 11:00:00+08:00,266.5,267.0,259.0,259.5,465987,0.0,0.0
2024-03-28 12:00:00+08:00,260.0,260.0,257.5,259.0,374445,0.0,0.0
2024-03-28 13:00:00+08:00,259.5,260.5,257.0,258.0,335520,0.0,0.0
2024-03-29 09:00:00+08:00,258.0,258.0,253.0,253.5,363272,0.0,0.0
2024-03-29 10:00:00+08:00,253.5,253.5,250.0,251.0,471424,0.0,0.0
2024-03-29 11:00:00+08:00,251.5,252.5,251.0,251.5,142865,0.0,0.0
2024-03-29 12:00:00+08:00,251.5,253.0,250.5,250.5,378408,0.0,0.0
2024-03-29 13:00:00+08:00,251.0,251.5,248.5,249.5,459885,0.0,0.0
2024-04-01 09:00:00+08:00,252.5,253.5,249.0,251.5,0,0.0,0.0
2024-04-01 10:00:00+08:00,251.5,252.5,250.0,251.5,139498,0.0,0.0
2024-04-01 11:00:00+08:00,252.5,252.5,250.0,251.0,163335,0.0,0.0
2024-04-01 12:00:00+08:00,252.0,252.0,249.5,250.5,163978,0.0,0.0
2024-04-01 13:00:00+08:00,250.0,251.0,249.5,250.0,104314,0.0,0.0
2024-04-02 09:00:00+08:00,249.5,249.5,246.0,249.5,0,0.0,0.0
2024-04-02 10:00:00+08:00,248.5,249.0,247.5,247.5,116248,0.0,0.0
2024-04-02 11:00:00+08:00,248.0,248.5,247.5,248.5,87257,0.0,0.0
2024-04-02 12:00:00+08:00,248.0,248.5,247.0,248.0,127745,0.0,0.0
2024-04-02 13:00:00+08:00,248.0,248.5,247.5,247.5,71039,0.0,0.0
2024-04-03 09:00:00+08:00,245.0,247.0,242.0,243.5,0,0.0,0.0
2024-04-03 10:00:00+08:00,244.0,247.0,243.5,245.0,174123,0.0,0.0
2024-04-03 11:00:00+08:00,245.5,245.5,244.0,244.5,87577,0.0,0.0
2024-04-03 12:00:00+08:00,244.5,251.0,243.5,250.0,352250,0.0,0.0
2024-04-03 13:00:00+08:00,249.5,251.0,248.0,249.5,211731,0.0,0.0
2024-04-08 09:00:00+08:00,248.0,248.5,244.0,244.5,0,0.0,0.0
2024-04-08 10:00:00+08:00,244.0,245.0,243.0,243.5,270756,0.0,0.0
2024-04-08 11:00:00+08:00,243.5,244.0,243.0,244.0,139412,0.0,0.0
2024-04-08 12:00:00+08:00,244.0,244.5,243.0,243.5,153340,0.0,0.0
2024-04-08 13:00:00+08:00,244.0,244.0,243.0,243.5,82918,0.0,0.0
2024-04-09 09:00:00+08:00,243.5,246.5,242.5,242.5,0,0.0,0.0
2024-04-09 10:00:00+08:00,242.5,245.0,242.0,244.5,119295,0.0,0.0
2024-04-09 11:00:00+08:00,244.5,245.0,243.5,244.0,75986,0.0,0.0
2024-04-09 12:00:00+08:00,244.5,245.0,243.5,245.0,82181,0.0,0.0
2024-04-09 13:00:00+08:00,245.0,245.5,244.0,245.0,69791,0.0,0.0
2024-04-10 09:00:00+08:00,246.0,246.5,245.0,246.0,0,0.0,0.0
2024-04-10 10:00:00+08:00,245.5,249.0,245.5,248.0,113858,0.0,0.0
2024-04-10 11:00:00+08:00,248.0,249.0,247.5,248.5,98620,0.0,0.0
2024-04-10 12:00:00+08:00,248.5,249.5,248.5,249.0,88323,0.0,0.0
2024-04-10 13:00:00+08:00,249.0,250.0,249.0,250.0,39187,0.0,0.0
2024-04-11 09:00:00+08:00,246.5,247.0,245.0,246.5,0,0.0,0.0
2024-04-11 10:00:00+08:00,247.0,248.0,246.5,247.5,84978,0.0,0.0
2024-04-11 11:00:00+08:00,246.0,247.5,246.0,246.0,36003,0.0,0.0
2024-04-11 12:00:00+08:00,246.0,246.5,245.0,245.5,126877,0.0,0.0
2024-04-11 13:00:00+08:00,246.5,246.5,245.5,246.0,41542,0.0,0.0
2024-04-12 09:00:00+08:00,244.5,245.0,243.5,245.0,106358,0.0,0.0
2024-04-12 10:00:00+08:00,245.5,246.5,244.5,244.5,68813,0.0,0.0
2024-04-12 11:00:00+08:00,244.5,245.0,244.0,244.5,72133,0.0,0.0
2024-04-12 12:00:00+08:00,244.5,245.0,243.0,244.5,168722,0.0,0.0
2024-04-12 13:00:00+08:00,244.5,245.0,244.0,244.5,23622,0.0,0.0
2024-04-15 09:00:00+08:00,243.0,243.5,242.0,243.0,0,0.0,0.0
2024-04-15 10:00:00+08:00,243.0,243.0,242.5,243.0,30675,0.0,0.0
2024-04-15 11:00:00+08:00,243.0,243.0,241.0,242.0,135047,0.0,0.0
2024-04-15 12:00:00+08:00,242.0,242.0,241.5,242.0,30983,0.0,0.0
2024-04-15 13:00:00+08:00,242.0,242.5,241.5,241.5,22106,0.0,0.0
2024-04-16 09:00:00+08:00,238.0,239.0,234.0,235.0,0,0.0,0.0
2024-04-16 10:00:00+08:00,235.5,237.5,234.0,236.5,98480,0.0,0.0
2024-04-16 11:00:00+08:00,237.5,240.5,237.5,240.5,111217,0.0,0.0
2024-04-16 12:00:00+08:00,241.0,242.5,239.5,240.5,188026,0.0,0.0
2024-04-16 13:00:00+08:00,241.0,244.0,240.5,244.0,134247,0.0,0.0
2024-04-17 09:00:00+08:00,240.0,244.0,240.0,243.0,0,0.0,0.0
2024-04-17 10:00:00+08:00,243.0,244.5,242.5,244.5,48665,0.0,0.0
2024-04-17 11:00:00+08:00,245.0,247.0,243.5,247.0,145719,0.0,0.0
2024-04-17 12:00:00+08:00,246.5,247.5,246.5,247.5,139446,0.0,0.0
2024-04-17 13:00:00+08:00,246.5,247.5,245.5,245.5,96724,0.0,0.0
2024-04-18 09:00:00+08:00,242.0,246.5,241.5,246.5,65517,0.0,0.0
2024-04-18 10:00:00+08:00,246.5,247.0,246.0,247.0,74564,0.0,0.0
2024-04-18 11:00:00+08:00,247.0,247.5,246.0,247.0,61838,0.0,0.0
2024-04-18 12:00:00+08:00,247.0,247.0,246.0,246.5,61384,0.0,0.0
2024-04-18 13:00:00+08:00,246.5,247.5,246.0,247.5,61562,0.0,0.0
2024-04-19 09:00:00+08:00,244.0,245.5,243.5,244.5,0,0.0,0.0
2024-04-19 10:00:00+08:00,244.5,245.0,237.0,237.0,218269,0.0,0.0
2024-04-19 11:00:00+08:00,237.0,241.0,236.5,241.0,114913,0.0,0.0
2024-04-19 12:00:00+08:00,241.5,243.5,241.0,242.5,87889,0.0,0.0
2024-04-19 13:00:00+08:00,242.5,242.5,241.0,242.0,77850,0.0,0.0
2024-04-22 09:00:00+08:00,240.5,244.5,239.0,244.0,0,0.0,0.0
2024-04-22 10:00:00+08:00,243.5,245.5,242.5,244.0,208811,0.0,0.0
2024-04-22 11:00:00+08:00,244.0,246.0,242.0,245.0,159212,0.0,0.0
2024-04-22 12:00:00+08:00,244.5,248.0,244.5,246.0,197835,0.0,0.0
2024-04-22 13:00:00+08:00,246.0,246.0,242.5,244.5,78515,0.0,0.0
2024-04-23 09:00:00+08:00,244.0,246.5,239.0,240.0,0,0.0,0.0
2024-04-23 10:00:00+08:00,239.5,241.0,238.5,240.0,81575,0.0,0.0
2024-04-23 11:00:00+08:00,240.0,242.0,239.0,241.5,90819,0.0,0.0
2024-04-23 12:00:00+08:00,242.0,242.0,241.0,241.5,36419,0.0,0.0
2024-04-23 13:00:00+08:00,241.5,241.5,239.5,240.0,88044,0.0,0.0
2024-04-24 09:00:00+08:00,241.5,245.0,241.5,244.5,0,0.0,0.0
2024-04-24 10:00:00+08:00,244.5,244.5,243.5,243.5,65346,0.0,0.0
2024-04-24 11:00:00+08:00,244.0,246.0,243.5,245.5,184333,0.0,0.0
2024-04-24 12:00:00+08:00,245.5,245.5,244.0,244.0,54750,0.0,0.0
2024-04-24 13:00:00+08:00,244.5,245.5,243.5,245.0,74468,0.0,0.0
2024-04-25 09:00:00+08:00,243.0,244.5,243.0,243.0,57986,0.0,0.0
2024-04-25 10:00:00+08:00,242.5,243.0,242.0,242.5,41411,0.0,0.0
2024-04-25 11:00:00+08:00,242.0,242.5,241.0,241.5,55951,0.0,0.0
2024-04-25 12:00:00+08:00,241.0,241.5,240.0,241.0,80964,0.0,0.0
2024-04-25 13:00:00+08:00,241.0,241.0,239.5,240.5,68540,0.0,0.0
2024-04-26 09:00:00+08:00,240.5,242.5,240.5,242.5,0,0.0,0.0
2024-04-26 10:00:00+08:00,242.5,244.5,242.5,244.0,72254,0.0,0.0
2024-04-26 11:00:00+08:00,244.0,244.0,243.0,244.0,53873,0.0,0.0
2024-04-26 12:00:00+08:00,244.0,244.0,242.5,242.5,54627,0.0,0.0
2024-04-26 13:00:00+08:00,243.0,243.5,242.5,242.5,18623,0.0,0.0
2024-04-29 09:00:00+08:00,242.5,246.0,242.0,244.5,0,0.0,0.0
2024-04-29 10:00:00+08:00,245.0,246.0,245.0,245.0,45450,0.0,0.0
2024-04-29 11:00:00+08:00,244.5,247.0,244.5,246.5,78221,0.0,0.0
2024-04-29 12:00:00+08:00,246.5,247.0,246.0,246.5,63020,0.0,0.0
2024-04-29 13:00:00+08:00,246.5,247.0,245.5,246.0,81807,0.0,0.0
2024-04-30 09:00:00+08:00,247.5,247.5,245.0,245.0,0,0.0,0.0
2024-04-30 10:00:00+08:00,244.5,245.5,244.5,245.5,25802,0.0,0.0
2024-04-30 11:00:00+08:00,245.5,246.0,245.5,245.5,30032,0.0,0.0
2024-04-30 12:00:00+08:00,245.5,246.0,245.5,246.0,34434,0.0,0.0
2024-04-30 13:00:00+08:00,245.5,245.5,244.5,245.0,34330,0.0,0.0
2024-05-02 09:00:00+08:00,246.0,247.0,245.5,246.5,0,0.0,0.0
2024-05-02 10:00:00+08:00,246.5,246.5,243.5,243.5,164036,0.0,0.0
2024-05-02 11:00:00+08:00,244.0,244.0,242.0,242.5,162944,0.0,0.0
2024-05-02 12:00:00+08:00,243.0,243.5,242.0,243.0,81884,0.0,0.0
2024-05-02 13:00:00+08:00,243.0,243.5,242.5,243.5,54447,0.0,0.0
2024-05-03 09:00:00+08:00,245.5,248.0,245.0,245.0,0,0.0,0.0
2024-05-03 10:00:00+08:00,244.5,245.0,242.0,243.0,113545,0.0,0.0
2024-05-03 11:00:00+08:00,243.0,243.5,242.5,243.5,65330,0.0,0.0
2024-05-03 12:00:00+08:00,243.5,243.5,243.0,243.5,33709,0.0,0.0
2024-05-03 13:00:00+08:00,243.0,243.5,242.5,243.0,35975,0.0,0.0
2024-05-06 09:00:00+08:00,244.0,245.5,242.0,243.5,0,0.0,0.0
2024-05-06 10:00:00+08:00,244.0,244.0,241.5,243.0,119438,0.0,0.0
2024-05-06 11:00:00+08:00,243.0,246.5,243.0,246.0,152039,0.0,0.0
2024-05-06 12:00:00+08:00,246.0,246.5,244.0,245.0,118473,0.0,0.0
2024-05-06 13:00:00+08:00,245.0,246.0,244.0,245.5,93758,0.0,0.0
2024-05-07 09:00:00+08:00,244.0,245.5,243.0,244.0,89567,0.0,0.0
2024-05-07 10:00:00+08:00,244.0,244.5,240.5,242.0,144612,0.0,0.0
2024-05-07 11:00:00+08:00,241.5,242.0,240.0,240.5,108722,0.0,0.0
2024-05-07 12:00:00+08:00,240.5,242.0,240.5,241.5,103803,0.0,0.0
2024-05-07 13:00:00+08:00,241.5,242.0,241.0,241.0,40885,0.0,0.0
2024-05-08 09:00:00+08:00,241.5,241.5,239.5,239.5,0,0.0,0.0
2024-05-08 10:00:00+08:00,239.5,242.5,238.0,241.0,154251,0.0,0.0
2024-05-08 11:00:00+08:00,240.5,242.0,240.5,242.0,74360,0.0,0.0
2024-05-08 12:00:00+08:00,242.0,243.0,242.0,243.0,63132,0.0,0.0
2024-05-08 13:00:00+08:00,243.0,243.0,240.5,240.5,40807,0.0,0.0
2024-05-09 09:00:00+08:00,241.0,246.0,241.0,245.0,0,0.0,0.0
2024-05-09 10:00:00+08:00,245.0,245.0,243.0,243.0,47334,0.0,0.0
2024-05-09 11:00:00+08:00,243.0,243.0,242.5,243.0,17536,0.0,0.0
2024-05-09 12:00:00+08:00,243.0,243.0,242.0,242.5,42424,0.0,0.0
2024-05-09 13:00:00+08:00,242.5,242.5,241.5,241.5,28566,0.0,0.0
2024-05-10 09:00:00+08:00,243.5,248.5,243.0,244.5,93017,0.0,0.0
2024-05-10 10:00:00+08:00,244.5,245.0,243.0,244.5,73186,0.0,0.0
2024-05-10 11:00:00+08:00,244.5,245.0,243.5,244.0,53166,0.0,0.0
2024-05-10 12:00:00+08:00,244.0,244.0,242.5,243.5,90810,0.0,0.0
2024-05-10 13:00:00+08:00,243.5,243.5,242.0,242.0,71350,0.0,0.0
2024-05-13 09:00:00+08:00,241.5,241.5,239.0,240.5,0,0.0,0.0
2024-05-13 10:00:00+08:00,241.0,241.5,240.0,240.5,62647,0.0,0.0
2024-05-13 11:00:00+08:00,240.5,241.5,240.0,241.5,75646,0.0,0.0
2024-05-13 12:00:00+08:00,241.5,241.5,240.0,241.0,70839,0.0,0.0
2024-05-13 13:00:00+08:00,241.0,243.0,241.0,241.5,61007,0.0,0.0
2024-05-14 09:00:00+08:00,243.5,243.5,241.0,242.0,0,0.0,0.0
2024-05-14 10:00:00+08:00,242.5,242.5,241.5,242.5,47043,0.0,0.0
2024-05-14 11:00:00+08:00,242.0,243.0,241.5,242.5,57051,0.0,0.0
2024-05-14 12:00:00+08:00,243.0,243.0,241.0,241.5,73952,0.0,0.0
2024-05-14 13:00:00+08:00,242.5,242.5,241.0,242.5,45957,0.0,0.0
2024-05-15 09:00:00+08:00,242.0,242.5,240.5,242.0,0,0.0,0.0
2024-05-15 10:00:00+08:00,242.0,243.0,241.5,242.0,35724,0.0,0.0
2024-05-15 11:00:00+08:00,242.0,242.0,241.0,241.0,34885,0.0,0.0
2024-05-15 12:00:00+08:00,242.0,242.5,241.0,241.0,47539,0.0,0.0
2024-05-15 13:00:00+08:00,241.0,242.5,241.0,241.0,28600,0.0,0.0
2024-05-16 09:00:00+08:00,242.5,243.0,237.0,238.0,357731,0.0,0.0
2024-05-16 10:00:00+08:00,238.5,239.0,235.5,238.0,383979,0.0,0.0
2024-05-16 11:00:00+08:00,238.5,238.5,235.5,236.0,201792,0.0,0.0
2024-05-16 12:00:00+08:00,236.0,237.0,235.5,236.5,117727,0.0,0.0
2024-05-16 13:00:00+08:00,236.0,237.0,236.0,237.0,61670,0.0,0.0
2024-05-17 09:00:00+08:00,236.0,236.5,231.0,231.5,0,0.0,0.0
2024-05-17 10:00:00+08:00,231.5,232.0,230.5,231.0,252343,0.0,0.0
2024-05-17 11:00:00+08:00,231.0,231.5,230.0,231.0,250169,0.0,0.0
2024-05-17 12:00:00+08:00,230.5,231.0,229.0,229.5,364469,0.0,0.0
2024-05-17 13:00:00+08:00,229.5,231.0,229.0,231.0,211290,0.0,0.0
2024-05-20 09:00:00+08:00,228.5,231.5,225.0,231.0,0,0.0,0.0
2024-05-20 10:00:00+08:00,231.5,235.5,230.5,231.5,337598,0.0,0.0
2024-05-20 11:00:00+08:00,231.0,232.0,227.5,227.5,294651,0.0,0.0
2024-05-20 12:00:00+08:00,227.5,229.5,227.0,228.5,329244,0.0,0.0
2024-05-20 13:00:00+08:00,228.5,230.0,228.0,228.5,143053,0.0,0.0
2024-05-21 09:00:00+08:00,231.5,237.5,230.5,235.5,0,0.0,0.0
2024-05-21 10:00:00+08:00,235.5,236.0,234.0,235.5,174160,0.0,0.0
2024-05-21 11:00:00+08:00,235.5,236.0,234.5,236.0,131123,0.0,0.0
2024-05-21 12:00:00+08:00,235.5,236.5,234.5,236.0,285226,0.0,0.0
2024-05-21 13:00:00+08:00,236.0,237.0,235.0,237.0,134516,0.0,0.0
2024-05-22 09:00:00+08:00,237.5,241.0,237.0,240.0,0,0.0,0.0
2024-05-22 10:00:00+08:00,240.0,241.5,239.5,240.5,133910,0.0,0.0
2024-05-22 11:00:00+08:00,240.5,243.0,240.5,242.0,209555,0.0,0.0
2024-05-22 12:00:00+08:00,241.5,241.5,239.5,241.0,179095,0.0,0.0
2024-05-22 13:00:00+08:00,240.5,242.0,240.0,241.5,96054,0.0,0.0
2024-05-23 09:00:00+08:00,242.0,242.0,237.5,240.0,0,0.0,0.0
2024-05-23 10:00:00+08:00,239.5,241.0,239.5,240.5,103210,0.0,0.0
2024-05-23 11:00:00+08:00,240.0,242.0,239.5,241.0,98151,0.0,0.0
2024-05-23 12:00:00+08:00,241.0,241.0,237.0,238.0,283297,0.0,0.0
2024-05-23 13:00:00+08:00,238.0,238.5,236.5,238.0,136606,0.0,0.0
2024-05-24 09:00:00+08:00,235.5,235.5,233.0,235.5,106745,0.0,0.0
2024-05-24 10:00:00+08:00,235.5,236.0,233.0,233.5,112327,0.0,0.0
2024-05-24 11:00:00+08:00,233.5,234.0,233.0,233.5,109537,0.0,0.0
2024-05-24 12:00:00+08:00,233.5,234.0,233.0,233.5,147717,0.0,0.0
2024-05-24 13:00:00+08:00,233.5,234.0,233.0,234.0,70094,0.0,0.0
2024-05-27 09:00:00+08:00,234.5,236.5,234.0,235.5,0,0.0,0.0
2024-05-27 10:00:00+08:00,235.5,235.5,234.0,234.5,84966,0.0,0.0
2024-05-27 11:00:00+08:00,234.5,234.5,233.5,234.0,80521,0.0,0.0
2024-05-27 12:00:00+08:00,234.0,234.5,233.0,233.5,130484,0.0,0.0
2024-05-27 13:00:00+08:00,233.5,234.5,233.5,234.5,57382,0.0,0.0
2024-05-28 09:00:00+08:00,233.0,234.5,232.5,233.5,0,0.0,0.0
2024-05-28 10:00:00+08:00,234.0,236.5,234.0,236.0,82407,0.0,0.0
2024-05-28 11:00:00+08:00,236.0,236.0,235.5,235.5,30406,0.0,0.0
2024-05-28 12:00:00+08:00,235.5,236.0,234.0,235.0,62881,0.0,0.0
2024-05-28 13:00:00+08:00,235.5,235.5,234.5,234.5,33058,0.0,0.0
2024-05-29 09:00:00+08:00,236.0,238.0,234.5,238.0,0,0.0,0.0
2024-05-29 10:00:00+08:00,238.0,239.0,237.5,238.0,106229,0.0,0.0
2024-05-29 11:00:00+08:00,238.0,238.5,238.0,238.5,38244,0.0,0.0
2024-05-29 12:00:00+08:00,238.0,238.5,238.0,238.0,48198,0.0,0.0
2024-05-29 13:00:00+08:00,238.0,239.5,237.5,239.5,124740,0.0,0.0
2024-05-30 09:00:00+08:00,238.5,241.5,236.5,241.5,0,0.0,0.0
2024-05-30 10:00:00+08:00,241.5,242.0,240.0,241.0,95979,0.0,0.0
2024-05-30 11:00:00+08:00,240.5,242.0,239.5,242.0,140132,0.0,0.0
2024-05-30 12:00:00+08:00,242.0,243.5,241.0,243.5,243560,0.0,0.0
2024-05-30 13:00:00+08:00,244.0,244.0,243.0,243.0,119948,0.0,0.0
2024-05-31 09:00:00+08:00,242.0,242.0,240.5,242.0,0,0.0,0.0
2024-05-31 10:00:00+08:00,242.5,244.5,242.0,244.0,89299,0.0,0.0
2024-05-31 11:00:00+08:00,244.0,244.0,242.0,242.0,67567,0.0,0.0
2024-05-31 12:00:00+08:00,243.0,243.5,242.0,243.5,73881,0.0,0.0
2024-05-31 13:00:00+08:00,243.5,244.5,243.0,243.0,85564,0.0,0.0
2024-06-03 09:00:00+08:00,245.0,245.0,240.0,240.5,0,0.0,0.0
2024-06-03 10:00:00+08:00,240.5,241.0,240.0,240.5,73750,0.0,0.0
2024-06-03 11:00:00+08:00,240.5,240.5,239.0,239.0,96382,0.0,0.0
2024-06-03 12:00:00+08:00,239.0,240.5,239.0,239.5,63915,0.0,0.0
2024-06-03 13:00:00+08:00,239.5,240.0,238.5,238.5,93432,0.0,0.0
2024-06-04 09:00:00+08:00,238.5,239.0,237.0,237.5,0,0.0,0.0
2024-06-04 10:00:00+08:00,237.0,238.0,235.5,237.0,158780,0.0,0.0
2024-06-04 11:00:00+08:00,237.0,238.0,236.5,237.0,76006,0.0,0.0
2024-06-04 12:00:00+08:00,236.5,237.5,236.0,236.5,102719,0.0,0.0
2024-06-04 13:00:00+08:00,236.5,237.0,236.5,237.0,51790,0.0,0.0
2024-06-05 09:00:00+08:00,237.5,239.0,237.5,238.0,0,0.0,0.0
2024-06-05 10:00:00+08:00,238.0,238.5,237.0,237.5,61020,0.0,0.0
2024-06-05 11:00:00+08:00,237.5,238.0,236.5,237.5,85863,0.0,0.0
2024-06-05 12:00:00+08:00,237.5,237.5,237.0,237.0,36854,0.0,0.0
2024-06-05 13:00:00+08:00,237.0,237.5,236.5,237.0,39679,0.0,0.0
2024-06-06 09:00:00+08:00,238.0,239.0,237.0,237.0,0,0.0,0.0
2024-06-06 10:00:00+08:00,237.0,237.5,236.5,237.0,47009,0.0,0.0
2024-06-06 11:00:00+08:00,237.0,238.0,236.5,236.5,108475,0.0,0.0
2024-06-06 12:00:00+08:00,236.5,237.0,235.0,235.5,122060,0.0,0.0
2024-06-06 13:00:00+08:00,235.5,236.0,235.0,236.0,31530,0.0,0.0
2024-06-07 09:00:00+08:00,237.0,237.5,235.0,235.5,0,0.0,0.0
2024-06-07 10:00:00+08:00,235.5,236.0,234.0,234.0,114704,0.0,0.0
2024-06-07 11:00:00+08:00,234.0,236.0,234.0,235.0,52629,0.0,0.0
2024-06-07 12:00:00+08:00,235.0,235.0,234.0,234.0,66288,0.0,0.0
2024-06-07 13:00:00+08:00,234.5,235.0,234.0,234.0,36764,0.0,0.0
2024-06-11 09:00:00+08:00,234.5,238.5,234.5,237.0,0,0.0,0.0
2024-06-11 10:00:00+08:00,237.5,238.0,236.5,237.0,54866,0.0,0.0
2024-06-11 11:00:00+08:00,236.5,237.5,236.0,236.5,45505,0.0,0.0
2024-06-11 12:00:00+08:00,237.0,237.0,236.0,236.0,43101,0.0,0.0
2024-06-11 13:00:00+08:00,236.5,238.0,236.5,238.0,112546,0.0,0.0
2024-06-12 09:00:00+08:00,238.5,242.5,238.0,241.5,0,0.0,0.0
2024-06-12 10:00:00+08:00,241.0,241.5,240.0,241.5,179677,0.0,0.0
2024-06-12 11:00:00+08:00,241.0,242.0,240.5,241.0,127831,0.0,0.0
2024-06-12 12:00:00+08:00,240.5,241.0,240.5,240.5,150257,0.0,0.0
2024-06-12 13:00:00+08:00,240.5,241.5,240.5,241.0,91484,0.0,0.0
2024-06-13 09:00:00+08:00,230.5,231.5,228.0,228.5,0,0.0,0.0
2024-06-13 10:00:00+08:00,228.0,228.5,226.0,226.0,471769,0.0,0.0
2024-06-13 11:00:00+08:00,226.0,226.5,225.0,225.5,319832,0.0,0.0
2024-06-13 12:00:00+08:00,225.0,226.5,224.5,226.0,217704,0.0,0.0
2024-06-13 13:00:00+08:00,226.0,227.0,226.0,226.0,113167,0.0,0.0
2024-06-14 09:00:00+08:00,225.5,227.5,224.5,224.5,0,0.0,0.0
2024-06-14 10:00:00+08:00,224.5,225.0,224.0,225.0,84466,0.0,0.0
2024-06-14 11:00:00+08:00,224.5,224.5,223.0,223.0,180343,0.0,0.0
2024-06-14 12:00:00+08:00,223.0,223.5,222.5,222.5,123095,0.0,0.0
2024-06-14 13:00:00+08:00,223.0,223.0,222.0,223.0,118038,0.0,0.0
2024-06-17 09:00:00+08:00,224.0,229.5,223.0,228.5,0,0.0,0.0
2024-06-17 10:00:00+08:00,228.5,229.0,226.0,226.5,80216,0.0,0.0
2024-06-17 11:00:00+08:00,226.5,226.5,226.0,226.0,40616,0.0,0.0
2024-06-17 12:00:00+08:00,226.0,227.0,225.5,226.5,65549,0.0,0.0
2024-06-17 13:00:00+08:00,226.0,226.5,225.5,226.0,33751,0.0,0.0
2024-06-18 09:00:00+08:00,228.5,228.5,225.5,225.5,0,0.0,0.0
2024-06-18 10:00:00+08:00,226.0,226.0,224.0,225.0,81476,0.0,0.0
2024-06-18 11:00:00+08:00,225.5,225.5,224.5,224.5,62517,0.0,0.0
2024-06-18 12:00:00+08:00,224.5,225.5,224.0,224.0,128964,0.0,0.0
2024-06-18 13:00:00+08:00,224.0,224.5,223.5,223.5,81349,0.0,0.0
2024-06-19 09:00:00+08:00,226.0,230.0,226.0,227.0,0,0.0,0.0
2024-06-19 10:00:00+08:00,226.5,228.0,226.5,227.5,50783,0.0,0.0
2024-06-19 11:00:00+08:00,227.5,227.5,226.5,227.0,42658,0.0,0.0
2024-06-19 12:00:00+08:00,227.0,227.5,226.0,226.5,34207,0.0,0.0
2024-06-19 13:00:00+08:00,226.5,226.5,226.0,226.5,25902,0.0,0.0
2024-06-20 09:00:00+08:00,226.5,228.0,226.5,227.5,0,0.0,0.0
2024-06-20 10:00:00+08:00,228.0,228.0,227.0,227.0,31408,0.0,0.0
2024-06-20 11:00:00+08:00,227.5,228.5,227.5,228.0,48016,0.0,0.0
2024-06-20 12:00:00+08:00,228.5,229.0,228.0,228.0,69759,0.0,0.0
2024-06-20 13:00:00+08:00,228.5,229.0,228.0,229.0,41735,0.0,0.0
2024-06-21 09:00:00+08:00,229.0,229.0,225.0,226.0,0,0.0,0.0
2024-06-21 10:00:00+08:00,226.5,227.0,226.0,226.0,95219,0.0,0.0
2024-06-21 11:00:00+08:00,226.5,232.0,226.5,231.5,296556,0.0,0.0
2024-06-21 12:00:00+08:00,231.5,232.0,230.5,231.0,140070,0.0,0.0
2024-06-21 13:00:00+08:00,231.5,231.5,231.0,231.0,42722,0.0,0.0
2024-06-24 09:00:00+08:00,230.0,230.0,226.5,227.0,0,0.0,0.0
2024-06-24 10:00:00+08:00,227.0,227.0,225.0,225.0,125449,0.0,0.0
2024-06-24 11:00:00+08:00,225.5,226.0,225.0,225.5,58817,0.0,0.0
2024-06-24 12:00:00+08:00,225.5,225.5,223.5,224.0,183513,0.0,0.0
2024-06-24 13:00:00+08:00,224.0,224.5,224.0,224.0,51994,0.0,0.0
2024-06-25 09:00:00+08:00,224.0,224.0,217.0,219.0,0,0.0,0.0
2024-06-25 10:00:00+08:00,218.5,220.0,218.5,219.5,104210,0.0,0.0
2024-06-25 11:00:00+08:00,219.5,220.0,219.0,219.0,38977,0.0,0.0
2024-06-25 12:00:00+08:00,219.5,220.5,219.0,220.5,49171,0.0,0.0
2024-06-25 13:00:00+08:00,220.0,221.0,219.5,220.5,72474,0.0,0.0
2024-06-26 09:00:00+08:00,221.0,227.0,221.0,225.0,0,0.0,0.0
2024-06-26 10:00:00+08:00,225.0,225.0,224.0,224.0,38460,0.0,0.0
2024-06-26 11:00:00+08:00,224.0,224.0,222.0,223.0,76087,0.0,0.0
2024-06-26 12:00:00+08:00,222.5,223.0,222.0,222.5,53827,0.0,0.0
2024-06-26 13:00:00+08:00,222.5,223.0,222.0,222.0,29007,0.0,0.0
2024-06-27 09:00:00+08:00,224.0,224.0,222.0,222.0,0,0.0,0.0
2024-06-27 10:00:00+08:00,222.0,222.5,222.0,222.0,52882,0.0,0.0
2024-06-27 11:00:00+08:00,221.5,222.5,221.5,222.5,50297,0.0,0.0
2024-06-27 12:00:00+08:00,222.5,223.0,222.5,222.5,34588,0.0,0.0
2024-06-27 13:00:00+08:00,222.5,222.5,222.0,222.0,26420,0.0,0.0
2024-06-28 09:00:00+08:00,224.0,224.0,221.0,223.5,0,0.0,0.0
2024-06-28 10:00:00+08:00,223.5,223.5,222.5,222.5,36682,0.0,0.0
2024-06-28 11:00:00+08:00,223.0,223.5,222.5,223.5,52716,0.0,0.0
2024-06-28 12:00:00+08:00,223.5,224.0,222.5,223.0,49844,0.0,0.0
2024-06-28 13:00:00+08:00,223.0,224.0,223.0,223.5,33452,0.0,0.0
2024-07-01 09:00:00+08:00,224.0,225.0,223.5,225.0,0,0.0,0.0
2024-07-01 10:00:00+08:00,225.0,226.5,225.0,225.5,33019,0.0,0.0
2024-07-01 11:00:00+08:00,225.5,225.5,225.0,225.5,26950,0.0,0.0
2024-07-01 12:00:00+08:00,225.5,226.0,225.0,225.0,13917,0.0,0.0
2024-07-01 13:00:00+08:00,225.0,225.5,225.0,225.0,17567,0.0,0.0
2024-07-02 09:00:00+08:00,225.5,225.5,222.5,223.5,0,0.0,0.0
2024-07-02 10:00:00+08:00,223.5,224.0,223.5,224.0,27099,0.0,0.0
2024-07-02 11:00:00+08:00,224.0,224.0,223.0,223.0,54564,0.0,0.0
2024-07-02 12:00:00+08:00,223.0,223.0,222.5,222.5,49988,0.0,0.0
2024-07-02 13:00:00+08:00,222.5,224.0,222.5,222.5,26423,0.0,0.0
2024-07-03 09:00:00+08:00,224.0,226.0,223.5,223.5,77150,0.0,0.0
2024-07-03 10:00:00+08:00,223.5,224.0,223.0,224.0,25743,0.0,0.0
2024-07-03 11:00:00+08:00,223.5,223.5,223.0,223.0,10240,0.0,0.0
2024-07-03 12:00:00+08:00,223.0,224.0,223.0,224.0,19901,0.0,0.0
2024-07-03 13:00:00+08:00,224.0,224.0,223.5,224.0,25971,0.0,0.0
2024-07-04 09:00:00+08:00,225.0,225.0,224.0,224.0,28386,0.0,0.0
2024-07-04 10:00:00+08:00,224.0,225.5,223.5,224.5,31456,0.0,0.0
2024-07-04 11:00:00+08:00,224.5,224.5,224.0,224.5,14464,0.0,0.0
2024-07-04 12:00:00+08:00,224.5,225.5,224.0,225.0,33240,0.0,0.0
2024-07-04 13:00:00+08:00,225.5,227.0,225.5,226.0,49392,0.0,0.0
2024-07-05 09:00:00+08:00,226.5,232.5,226.5,232.0,267908,0.0,0.0
2024-07-05 10:00:00+08:00,232.0,236.0,231.5,235.5,350646,0.0,0.0
2024-07-05 11:00:00+08:00,235.5,236.0,234.0,235.0,126348,0.0,0.0
2024-07-05 12:00:00+08:00,235.5,236.5,235.0,235.5,160413,0.0,0.0
2024-07-05 13:00:00+08:00,235.5,236.0,235.0,235.5,50097,0.0,0.0
2024-07-08 09:00:00+08:00,235.0,237.5,234.5,235.5,0,0.0,0.0
2024-07-08 10:00:00+08:00,235.5,236.0,235.5,236.0,30534,0.0,0.0
2024-07-08 11:00:00+08:00,236.0,236.5,235.5,236.0,55977,0.0,0.0
2024-07-08 12:00:00+08:00,236.0,236.0,235.5,235.5,55644,0.0,0.0
2024-07-08 13:00:00+08:00,235.5,236.0,235.0,235.5,51652,0.0,0.0
2024-07-09 09:00:00+08:00,236.0,236.0,232.0,232.0,150217,0.0,0.0
2024-07-09 10:00:00+08:00,232.0,234.5,231.0,234.0,89629,0.0,0.0
2024-07-09 11:00:00+08:00,233.5,233.5,232.0,233.0,37113,0.0,0.0
2024-07-09 12:00:00+08:00,233.0,234.0,233.0,234.0,33279,0.0,0.0
2024-07-09 13:00:00+08:00,234.0,234.0,232.5,233.0,41071,0.0,0.0
2024-07-10 09:00:00+08:00,233.5,234.5,233.5,233.5,62400,0.0,0.0
2024-07-10 10:00:00+08:00,233.0,233.5,232.5,233.0,33297,0.0,0.0
2024-07-10 11:00:00+08:00,233.0,233.0,232.5,232.5,23160,0.0,0.0
2024-07-10 12:00:00+08:00,233.0,233.0,232.5,232.5,19085,0.0,0.0
2024-07-10 13:00:00+08:00,233.0,233.0,232.5,232.5,22914,0.0,0.0
2024-07-11 09:00:00+08:00,235.5,235.5,232.5,233.5,90617,0.0,0.0
2024-07-11 10:00:00+08:00,233.5,234.0,233.0,233.5,52431,0.0,0.0
2024-07-11 11:00:00+08:00,233.5,235.0,233.0,234.5,67102,0.0,0.0
2024-07-11 12:00:00+08:00,235.0,236.0,234.5,235.0,77743,0.0,0.0
2024-07-11 13:00:00+08:00,235.0,236.0,234.5,235.0,63526,0.0,0.0
2024-07-12 09:00:00+08:00,234.0,235.0,233.0,234.0,63975,0.0,0.0
2024-07-12 10:00:00+08:00,234.0,234.0,233.0,233.0,27514,0.0,0.0
2024-07-12 11:00:00+08:00,233.0,233.0,232.5,233.0,39123,0.0,0.0
2024-07-12 12:00:00+08:00,233.0,233.0,232.5,233.0,25074,0.0,0.0
2024-07-12 13:00:00+08:00,233.5,234.0,232.5,232.5,27732,0.0,0.0
2024-07-15 09:00:00+08:00,234.5,234.5,232.5,233.5,0,0.0,0.0
2024-07-15 10:00:00+08:00,233.0,235.5,233.0,235.0,66005,0.0,0.0
2024-07-15 11:00:00+08:00,235.0,235.0,234.0,234.5,16715,0.0,0.0
2024-07-15 12:00:00+08:00,234.5,234.5,233.0,233.0,51554,0.0,0.0
2024-07-15 13:00:00+08:00,233.0,233.5,233.0,233.0,20754,0.0,0.0
2024-07-16 09:00:00+08:00,236.0,243.5,236.0,241.5,620222,0.0,0.0
2024-07-16 10:00:00+08:00,241.5,242.0,239.0,240.5,174470,0.0,0.0
2024-07-16 11:00:00+08:00,240.0,241.0,239.5,241.0,79095,0.0,0.0
2024-07-16 12:00:00+08:00,241.0,241.5,240.5,240.5,83670,0.0,0.0
2024-07-16 13:00:00+08:00,241.0,241.0,240.0,240.5,70856,0.0,0.0
2024-07-17 09:00:00+08:00,241.0,243.5,240.5,242.0,220446,0.0,0.0
2024-07-17 10:00:00+08:00,242.0,243.5,241.5,243.0,136299,0.0,0.0
2024-07-17 11:00:00+08:00,243.0,243.0,242.0,242.5,105434,0.0,0.0
2024-07-17 12:00:00+08:00,243.0,243.0,241.5,243.0,142105,0.0,0.0
2024-07-17 13:00:00+08:00,242.5,243.5,242.5,243.0,118857,0.0,0.0
2024-07-18 09:00:00+08:00,240.5,241.5,239.0,240.5,117812,0.0,0.0
2024-07-18 10:00:00+08:00,240.5,243.0,240.0,240.5,157982,0.0,0.0
2024-07-18 11:00:00+08:00,240.5,240.5,239.0,240.0,71316,0.0,0.0
2024-07-18 12:00:00+08:00,240.5,241.5,240.0,241.0,67395,0.0,0.0
2024-07-18 13:00:00+08:00,241.0,241.0,240.5,240.5,32188,0.0,0.0
2024-07-19 09:00:00+08:00,242.0,242.0,233.5,234.0,312220,0.0,0.0
2024-07-19 10:00:00+08:00,234.5,235.0,233.5,234.5,69714,0.0,0.0
2024-07-19 11:00:00+08:00,235.0,235.5,234.0,234.0,34256,0.0,0.0
2024-07-19 12:00:00+08:00,234.0,234.5,232.5,233.0,109663,0.0,0.0
2024-07-19 13:00:00+08:00,233.0,233.5,232.5,232.5,62418,0.0,0.0
2024-07-22 09:00:00+08:00,232.0,234.0,225.5,225.5,0,0.0,0.0
2024-07-22 10:00:00+08:00,225.5,228.5,223.0,227.5,141631,0.0,0.0
2024-07-22 11:00:00+08:00,227.5,228.5,226.5,228.0,37387,0.0,0.0
2024-07-22 12:00:00+08:00,228.0,229.0,227.5,228.5,65540,0.0,0.0
2024-07-22 13:00:00+08:00,228.5,230.0,228.5,228.5,32877,0.0,0.0
2024-07-23 09:00:00+08:00,228.0,230.0,227.5,227.5,149322,0.0,0.0
2024-07-23 10:00:00+08:00,228.5,229.0,228.0,228.5,29304,0.0,0.0
2024-07-23 11:00:00+08:00,228.5,228.5,228.5,228.5,21672,0.0,0.0
2024-07-23 12:00:00+08:00,228.5,230.0,228.5,229.0,24683,0.0,0.0
2024-07-23 13:00:00+08:00,228.5,228.5,228.0,228.0,24940,0.0,0.0
2024-07-26 09:00:00+08:00,224.0,225.0,221.5,223.5,0,0.0,0.0
2024-07-26 10:00:00+08:00,224.0,224.5,223.5,224.5,21629,0.0,0.0
2024-07-26 11:00:00+08:00,224.5,224.5,223.5,223.5,53954,0.0,0.0
2024-07-26 12:00:00+08:00,223.5,224.0,223.0,223.5,59681,0.0,0.0
2024-07-26 13:00:00+08:00,223.5,224.0,222.5,223.0,117531,0.0,0.0
2024-07-29 09:00:00+08:00,225.0,226.5,223.5,226.0,0,0.0,0.0
2024-07-29 10:00:00+08:00,226.0,226.0,223.0,225.0,94550,0.0,0.0
2024-07-29 11:00:00+08:00,223.5,225.0,223.5,224.0,39242,0.0,0.0
2024-07-29 12:00:00+08:00,224.0,224.5,223.5,224.0,70104,0.0,0.0
2024-07-29 13:00:00+08:00,224.0,224.5,223.0,224.5,97781,0.0,0.0
2024-07-30 09:00:00+08:00,223.5,223.5,219.5,221.5,66091,0.0,0.0
2024-07-30 10:00:00+08:00,221.5,222.5,221.0,221.0,52423,0.0,0.0
2024-07-30 11:00:00+08:00,221.0,223.0,220.5,222.5,70703,0.0,0.0
2024-07-30 12:00:00+08:00,222.5,224.0,221.5,224.0,44193,0.0,0.0
2024-07-30 13:00:00+08:00,224.5,225.0,224.5,225.0,32036,0.0,0.0
2024-07-31 09:00:00+08:00,222.0,223.0,221.5,222.5,47644,0.0,0.0
2024-07-31 10:00:00+08:00,222.5,224.0,222.0,223.5,17179,0.0,0.0
2024-07-31 11:00:00+08:00,223.0,223.0,222.5,223.0,11261,0.0,0.0
2024-07-31 12:00:00+08:00,223.5,223.5,222.5,223.0,12180,0.0,0.0
2024-07-31 13:00:00+08:00,222.5,225.0,222.5,225.0,36494,0.0,0.0
2024-08-01 09:00:00+08:00,226.5,233.0,226.5,228.5,128674,0.0,0.0
2024-08-01 10:00:00+08:00,228.5,229.0,228.5,229.0,7412,0.0,0.0
2024-08-01 11:00:00+08:00,229.0,229.0,228.5,228.5,12494,0.0,0.0
2024-08-01 12:00:00+08:00,228.5,228.5,227.0,228.0,25402,0.0,0.0
2024-08-01 13:00:00+08:00,227.5,228.5,227.5,228.0,7266,0.0,0.0
2024-08-02 09:00:00+08:00,224.0,226.0,223.0,225.5,18082,0.0,0.0
2024-08-02 10:00:00+08:00,225.0,225.0,224.0,224.0,12688,0.0,0.0
2024-08-02 11:00:00+08:00,224.0,224.0,223.5,223.5,22789,0.0,0.0
2024-08-02 12:00:00+08:00,223.5,223.5,222.5,222.5,31106,0.0,0.0
2024-08-02 13:00:00+08:00,222.5,223.5,222.5,223.0,49460,0.0,0.0
2024-08-05 09:00:00+08:00,218.5,218.5,201.0,201.0,300311,0.0,0.0
2024-08-05 10:00:00+08:00,201.0,207.0,201.0,204.5,143363,0.0,0.0
2024-08-05 11:00:00+08:00,204.5,204.5,201.0,201.5,126120,0.0,0.0
2024-08-05 12:00:00+08:00,201.0,202.5,201.0,201.0,159089,0.0,0.0
2024-08-05 13:00:00+08:00,201.5,202.0,201.0,202.0,46103,0.0,0.0
2024-08-06 09:00:00+08:00,205.5,206.5,193.5,195.0,305940,0.0,0.0
2024-08-06 10:00:00+08:00,195.5,196.5,194.0,195.0,137257,0.0,0.0
2024-08-06 11:00:00+08:00,194.5,199.0,194.5,198.0,104438,0.0,0.0
2024-08-06 12:00:00+08:00,198.0,199.0,197.0,197.0,71921,0.0,0.0
2024-08-06 13:00:00+08:00,197.0,197.0,196.0,196.0,47016,0.0,0.0
2024-08-07 09:00:00+08:00,202.0,213.5,201.5,213.0,383797,0.0,0.0
2024-08-07 10:00:00+08:00,212.5,214.5,211.5,213.0,121445,0.0,0.0
2024-08-07 11:00:00+08:00,213.0,214.0,213.0,213.5,42279,0.0,0.0
2024-08-07 12:00:00+08:00,213.0,214.5,212.5,213.5,55642,0.0,0.0
2024-08-07 13:00:00+08:00,214.0,214.0,212.5,213.5,36395,0.0,0.0
2024-08-08 09:00:00+08:00,207.0,214.5,207.0,213.0,102027,0.0,0.0
2024-08-08 10:00:00+08:00,213.5,214.0,212.0,212.5,39559,0.0,0.0
2024-08-08 11:00:00+08:00,211.5,214.0,210.0,213.0,42156,0.0,0.0
2024-08-08 12:00:00+08:00,212.5,214.0,212.0,212.0,19507,0.0,0.0
2024-08-08 13:00:00+08:00,212.0,213.5,212.0,213.0,13001,0.0,0.0
2024-08-09 09:00:00+08:00,215.0,218.0,213.5,216.0,73013,0.0,0.0
2024-08-09 10:00:00+08:00,216.0,217.5,216.0,216.5,16739,0.0,0.0
2024-08-09 11:00:00+08:00,216.5,217.0,215.0,215.5,30296,0.0,0.0
2024-08-09 12:00:00+08:00,214.5,215.0,214.5,215.0,13712,0.0,0.0
2024-08-09 13:00:00+08:00,214.5,215.0,213.5,215.0,19688,0.0,0.0
2024-08-12 09:00:00+08:00,218.0,218.0,215.5,215.5,0,0.0,0.0
2024-08-12 10:00:00+08:00,215.0,217.0,215.0,216.5,17033,0.0,0.0
2024-08-12 11:00:00+08:00,216.0,216.0,215.0,216.0,5100,0.0,0.0
2024-08-12 12:00:00+08:00,216.0,216.5,216.0,216.5,6561,0.0,0.0
2024-08-12 13:00:00+08:00,215.5,215.5,214.5,215.0,27532,0.0,0.0
2024-08-13 09:00:00+08:00,216.0,216.0,214.0,215.0,14839,0.0,0.0
2024-08-13 10:00:00+08:00,215.5,215.5,214.0,214.0,18599,0.0,0.0
2024-08-13 11:00:00+08:00,213.5,215.0,213.0,213.5,18128,0.0,0.0
2024-08-13 12:00:00+08:00,214.0,214.0,212.5,213.0,24256,0.0,0.0
2024-08-13 13:00:00+08:00,213.0,213.5,212.5,212.5,37285,0.0,0.0
2024-08-14 09:00:00+08:00,217.0,217.0,214.0,214.5,32854,0.0,0.0
2024-08-14 10:00:00+08:00,214.5,214.5,213.5,214.0,12910,0.0,0.0
2024-08-14 11:00:00+08:00,214.0,214.5,213.5,214.0,9247,0.0,0.0
2024-08-14 12:00:00+08:00,213.5,214.5,213.0,213.5,16446,0.0,0.0
2024-08-14 13:00:00+08:00,213.5,215.0,213.5,215.0,7906,0.0,0.0
2024-08-15 09:00:00+08:00,217.0,217.0,213.5,213.5,21375,0.0,0.0
2024-08-15 10:00:00+08:00,213.0,214.0,212.5,214.0,7255,0.0,0.0
2024-08-15 11:00:00+08:00,214.0,214.5,213.0,213.5,14442,0.0,0.0
2024-08-15 12:00:00+08:00,213.0,214.5,213.0,214.0,17507,0.0,0.0
2024-08-15 13:00:00+08:00,214.0,215.0,213.5,215.0,27276,0.0,0.0
2024-08-16 09:00:00+08:00,218.0,218.5,216.0,216.5,47486,0.0,0.0
2024-08-16 10:00:00+08:00,217.0,217.5,216.5,216.5,37819,0.0,0.0
2024-08-16 11:00:00+08:00,216.5,217.5,216.5,217.5,14813,0.0,0.0
2024-08-16 12:00:00+08:00,218.0,218.0,216.5,216.5,25301,0.0,0.0
2024-08-16 13:00:00+08:00,216.5,217.5,216.5,217.5,7920,0.0,0.0
2024-08-19 09:00:00+08:00,217.0,217.5,215.0,217.0,0,0.0,0.0
2024-08-19 10:00:00+08:00,217.5,221.5,217.0,220.5,105159,0.0,0.0
2024-08-19 11:00:00+08:00,220.5,221.0,220.0,220.0,21440,0.0,0.0
2024-08-19 12:00:00+08:00,220.0,220.5,219.5,219.5,18867,0.0,0.0
2024-08-19 13:00:00+08:00,219.5,219.5,219.0,219.5,7399,0.0,0.0
2024-08-20 09:00:00+08:00,221.5,225.5,219.5,224.5,163123,0.0,0.0
2024-08-20 10:00:00+08:00,224.5,225.0,224.0,225.0,42911,0.0,0.0
2024-08-20 11:00:00+08:00,225.0,227.0,225.0,226.0,107664,0.0,0.0
2024-08-20 12:00:00+08:00,226.0,227.0,225.5,226.5,44809,0.0,0.0
2024-08-20 13:00:00+08:00,227.0,227.0,225.5,226.5,49865,0.0,0.0
2024-08-21 09:00:00+08:00,225.5,225.5,224.0,225.5,14674,0.0,0.0
2024-08-21 10:00:00+08:00,225.5,226.0,224.0,224.0,38851,0.0,0.0
2024-08-21 11:00:00+08:00,224.0,226.0,224.0,224.0,12282,0.0,0.0
2024-08-21 12:00:00+08:00,223.5,225.0,223.5,224.5,21353,0.0,0.0
2024-08-21 13:00:00+08:00,224.0,225.0,224.0,225.0,21150,0.0,0.0
2024-08-22 09:00:00+08:00,224.0,224.0,223.0,223.0,0,0.0,0.0
2024-08-22 10:00:00+08:00,223.5,224.0,222.5,224.0,27413,0.0,0.0
2024-08-22 11:00:00+08:00,224.0,224.5,223.5,224.0,18404,0.0,0.0
2024-08-22 12:00:00+08:00,225.0,225.0,224.0,224.0,22659,0.0,0.0
2024-08-22 13:00:00+08:00,224.0,224.5,224.0,224.0,9103,0.0,0.0
2024-08-23 09:00:00+08:00,224.0,224.0,221.5,223.0,25087,0.0,0.0
2024-08-23 10:00:00+08:00,223.0,223.5,223.0,223.0,18288,0.0,0.0
2024-08-23 11:00:00+08:00,223.0,224.0,222.5,224.0,24391,0.0,0.0
2024-08-23 13:00:00+08:00,224.0,224.5,223.5,223.5,18317,0.0,0.0
2024-08-26 09:00:00+08:00,224.0,226.0,223.0,224.5,0,0.0,0.0
2024-08-26 10:00:00+08:00,225.0,225.0,223.5,223.5,18378,0.0,0.0
2024-08-26 11:00:00+08:00,223.5,224.0,223.5,224.0,5002,0.0,0.0
2024-08-26 12:00:00+08:00,224.0,224.0,223.5,223.5,24336,0.0,0.0
2024-08-26 13:00:00+08:00,223.5,224.0,223.5,223.5,11001,0.0,0.0
2024-08-27 09:00:00+08:00,223.0,224.0,223.0,224.0,12430,0.0,0.0
2024-08-27 10:00:00+08:00,224.0,225.0,223.5,224.0,20541,0.0,0.0
2024-08-27 11:00:00+08:00,224.5,224.5,224.0,224.0,12526,0.0,0.0
2024-08-27 12:00:00+08:00,224.0,224.0,223.5,224.0,6339,0.0,0.0
2024-08-27 13:00:00+08:00,224.0,224.0,223.5,223.5,4514,0.0,0.0
2024-08-28 09:00:00+08:00,223.5,225.0,223.5,224.0,35827,0.0,0.0
2024-08-28 10:00:00+08:00,223.5,225.5,223.5,225.0,50356,0.0,0.0
2024-08-28 11:00:00+08:00,225.0,225.0,225.0,225.0,13143,0.0,0.0
2024-08-28 12:00:00+08:00,226.0,226.0,224.5,224.5,20592,0.0,0.0
2024-08-28 13:00:00+08:00,225.0,225.0,224.0,224.0,11777,0.0,0.0
2024-08-29 09:00:00+08:00,224.0,224.0,222.5,222.5,0,0.0,0.0
2024-08-29 10:00:00+08:00,223.0,223.5,223.0,223.0,7431,0.0,0.0
2024-08-29 11:00:00+08:00,223.5,224.5,223.0,223.5,24258,0.0,0.0
2024-08-29 12:00:00+08:00,224.0,224.0,223.0,224.0,7516,0.0,0.0
2024-08-29 13:00:00+08:00,223.5,224.0,222.5,223.0,47543,0.0,0.0
2024-08-30 09:00:00+08:00,223.0,225.5,222.5,223.5,42169,0.0,0.0
2024-08-30 10:00:00+08:00,223.0,225.0,222.0,225.0,40090,0.0,0.0
2024-08-30 11:00:00+08:00,225.0,225.0,223.0,224.0,28237,0.0,0.0
2024-08-30 12:00:00+08:00,223.0,224.0,223.0,223.0,19615,0.0,0.0
2024-08-30 13:00:00+08:00,223.0,223.5,222.5,223.5,27256,0.0,0.0
2024-09-02 09:00:00+08:00,224.0,225.0,224.0,224.5,0,0.0,0.0
2024-09-02 10:00:00+08:00,224.0,225.0,224.0,224.5,10399,0.0,0.0
2024-09-02 11:00:00+08:00,224.5,225.0,224.0,224.5,7373,0.0,0.0
2024-09-02 12:00:00+08:00,224.5,226.5,224.5,225.5,49951,0.0,0.0
2024-09-02 13:00:00+08:00,225.5,225.5,224.0,225.0,17290,0.0,0.0
2024-09-03 09:00:00+08:00,225.0,225.0,223.5,224.0,0,0.0,0.0
2024-09-03 10:00:00+08:00,224.0,224.0,223.5,223.5,6960,0.0,0.0
2024-09-03 11:00:00+08:00,223.0,223.0,222.0,222.0,9000,0.0,0.0
2024-09-03 12:00:00+08:00,223.5,224.0,223.0,224.0,15154,0.0,0.0
2024-09-03 13:00:00+08:00,222.5,222.5,222.0,222.0,8330,0.0,0.0
2024-09-04 09:00:00+08:00,217.0,217.0,210.0,216.0,71796,0.0,0.0
2024-09-04 10:00:00+08:00,216.0,216.5,215.0,215.0,25213,0.0,0.0
2024-09-04 11:00:00+08:00,215.0,215.5,214.0,214.5,20664,0.0,0.0
2024-09-04 12:00:00+08:00,214.5,215.5,214.0,214.0,25060,0.0,0.0
2024-09-04 13:00:00+08:00,215.0,215.0,213.5,214.0,29647,0.0,0.0
2024-09-05 09:00:00+08:00,214.0,215.0,213.0,214.5,32599,0.0,0.0
2024-09-05 10:00:00+08:00,214.0,214.0,213.5,213.5,15189,0.0,0.0
2024-09-05 11:00:00+08:00,214.0,214.0,213.0,213.5,15442,0.0,0.0
2024-09-05 12:00:00+08:00,213.5,213.5,211.5,211.5,41774,0.0,0.0
2024-09-05 13:00:00+08:00,211.0,211.0,210.0,210.0,28473,0.0,0.0
2024-09-06 09:00:00+08:00,210.0,212.0,209.0,211.0,34879,0.0,0.0
2024-09-06 10:00:00+08:00,211.5,212.0,211.5,212.0,3235,0.0,0.0
2024-09-06 11:00:00+08:00,212.5,213.0,212.0,213.0,13834,0.0,0.0
2024-09-06 12:00:00+08:00,213.0,213.0,213.0,213.0,5502,0.0,0.0
2024-09-06 13:00:00+08:00,213.5,213.5,212.5,213.5,3173,0.0,0.0
2024-09-09 09:00:00+08:00,208.0,213.0,208.0,213.0,0,0.0,0.0
2024-09-09 10:00:00+08:00,213.0,213.5,210.5,211.0,14709,0.0,0.0
2024-09-09 11:00:00+08:00,212.5,212.5,212.5,212.5,2558,0.0,0.0
2024-09-09 12:00:00+08:00,212.5,213.0,212.0,213.0,6210,0.0,0.0
2024-09-09 13:00:00+08:00,213.0,214.0,213.0,213.0,16250,0.0,0.0
2024-09-10 09:00:00+08:00,215.0,215.0,213.5,213.5,22339,0.0,0.0
2024-09-10 10:00:00+08:00,213.5,214.5,213.0,214.0,16348,0.0,0.0
2024-09-10 11:00:00+08:00,214.5,214.5,213.5,214.0,18650,0.0,0.0
2024-09-10 12:00:00+08:00,214.5,214.5,212.5,212.5,38049,0.0,0.0
2024-09-10 13:00:00+08:00,212.5,213.0,212.5,212.5,9609,0.0,0.0
2024-09-11 09:00:00+08:00,214.5,214.5,211.0,211.0,5862,0.0,0.0
2024-09-11 10:00:00+08:00,212.0,213.0,211.5,212.5,6606,0.0,0.0
2024-09-11 12:00:00+08:00,211.5,212.0,211.0,212.0,13492,0.0,0.0
2024-09-11 13:00:00+08:00,212.5,212.5,211.0,211.0,3250,0.0,0.0
2024-09-12 09:00:00+08:00,214.5,214.5,212.0,214.0,13547,0.0,0.0
2024-09-12 10:00:00+08:00,214.0,214.0,212.5,213.0,3468,0.0,0.0
2024-09-12 11:00:00+08:00,213.5,213.5,213.5,213.5,1000,0.0,0.0
2024-09-12 12:00:00+08:00,213.5,213.5,213.0,213.5,28578,0.0,0.0
2024-09-12 13:00:00+08:00,212.5,212.5,212.5,212.5,6450,0.0,0.0
2024-09-13 09:00:00+08:00,214.0,214.0,213.5,213.5,12832,0.0,0.0
2024-09-13 10:00:00+08:00,213.5,214.0,213.5,214.0,8161,0.0,0.0
2024-09-13 11:00:00+08:00,214.0,214.5,214.0,214.5,12122,0.0,0.0
2024-09-13 12:00:00+08:00,214.5,214.5,214.5,214.5,2802,0.0,0.0
2024-09-13 13:00:00+08:00,214.5,215.0,214.5,215.0,24644,0.0,0.0
2024-09-16 09:00:00+08:00,215.0,220.5,215.0,219.0,0,0.0,0.0
2024-09-16 10:00:00+08:00,219.0,222.0,219.0,221.0,75029,0.0,0.0
2024-09-16 11:00:00+08:00,221.0,221.0,220.0,220.0,20419,0.0,0.0
2024-09-16 12:00:00+08:00,221.0,221.0,221.0,221.0,11469,0.0,0.0
2024-09-16 13:00:00+08:00,221.0,222.5,221.0,222.0,28614,0.0,0.0
2024-09-18 09:00:00+08:00,222.0,225.0,220.0,222.5,0,0.0,0.0
2024-09-18 10:00:00+08:00,222.0,222.5,221.5,222.5,17238,0.0,0.0
2024-09-18 11:00:00+08:00,222.5,224.0,222.5,224.0,28595,0.0,0.0
2024-09-18 12:00:00+08:00,224.0,224.5,222.0,222.0,34060,0.0,0.0
2024-09-18 13:00:00+08:00,223.0,223.0,223.0,223.0,10673,0.0,0.0
2024-09-19 09:00:00+08:00,222.0,223.0,220.5,222.0,26858,0.0,0.0
2024-09-19 10:00:00+08:00,221.5,222.0,220.5,220.5,18496,0.0,0.0
2024-09-19 11:00:00+08:00,221.5,222.0,220.0,221.5,36772,0.0,0.0
2024-09-19 12:00:00+08:00,221.0,221.5,220.0,221.5,34185,0.0,0.0
2024-09-19 13:00:00+08:00,221.5,221.5,221.0,221.5,16245,0.0,0.0
2024-09-20 09:00:00+08:00,223.0,227.5,223.0,226.5,99475,0.0,0.0
2024-09-20 10:00:00+08:00,226.0,226.0,225.0,225.0,18363,0.0,0.0
2024-09-20 11:00:00+08:00,225.0,226.5,225.0,226.0,51447,0.0,0.0
2024-09-20 12:00:00+08:00,226.0,226.5,225.5,226.0,22117,0.0,0.0
2024-09-20 13:00:00+08:00,226.5,226.5,226.0,226.0,23798,0.0,0.0
2024-09-23 09:00:00+08:00,226.5,227.0,226.5,226.5,0,0.0,0.0
2024-09-23 10:00:00+08:00,226.0,226.5,226.0,226.5,13326,0.0,0.0
2024-09-23 11:00:00+08:00,226.5,226.5,226.0,226.0,19100,0.0,0.0
2024-09-23 12:00:00+08:00,225.5,226.5,225.0,226.5,13060,0.0,0.0
2024-09-23 13:00:00+08:00,226.0,226.0,226.0,226.0,7383,0.0,0.0
2024-09-24 09:00:00+08:00,226.0,226.0,225.5,226.0,17613,0.0,0.0
2024-09-24 10:00:00+08:00,226.0,227.0,226.0,226.5,15714,0.0,0.0
2024-09-24 11:00:00+08:00,226.0,226.5,225.5,226.5,31836,0.0,0.0
2024-09-24 12:00:00+08:00,226.5,228.0,226.0,227.5,46818,0.0,0.0
2024-09-24 13:00:00+08:00,227.5,227.5,225.5,225.5,17178,0.0,0.0
2024-09-25 09:00:00+08:00,229.0,229.0,225.5,229.0,76897,0.0,0.0
2024-09-25 10:00:00+08:00,228.5,228.5,226.0,226.0,41997,0.0,0.0
2024-09-25 11:00:00+08:00,226.0,227.0,223.5,224.5,77975,0.0,0.0
2024-09-25 12:00:00+08:00,224.5,224.5,223.0,224.0,44718,0.0,0.0
2024-09-25 13:00:00+08:00,223.5,223.5,223.0,223.0,21002,0.0,0.0
2024-09-26 09:00:00+08:00,223.0,225.5,223.0,223.0,0,0.0,0.0
2024-09-26 10:00:00+08:00,223.0,225.5,223.0,225.5,24173,0.0,0.0
2024-09-26 11:00:00+08:00,225.5,226.5,224.5,226.0,64881,0.0,0.0
2024-09-26 12:00:00+08:00,225.5,226.0,224.0,224.0,13515,0.0,0.0
2024-09-26 13:00:00+08:00,224.0,226.0,224.0,226.0,20247,0.0,0.0
2024-09-27 09:00:00+08:00,225.5,225.5,223.5,223.5,28951,0.0,0.0
2024-09-27 10:00:00+08:00,225.0,225.0,223.0,223.5,32659,0.0,0.0
2024-09-27 11:00:00+08:00,223.5,224.5,223.0,223.0,11105,0.0,0.0
2024-09-27 12:00:00+08:00,224.5,225.0,222.5,225.0,46507,0.0,0.0
2024-09-27 13:00:00+08:00,225.0,225.0,222.5,222.5,47486,0.0,0.0
2024-09-30 09:00:00+08:00,221.5,223.5,221.5,223.0,0,0.0,0.0
2024-09-30 10:00:00+08:00,223.0,223.0,222.0,223.0,22152,0.0,0.0
2024-09-30 11:00:00+08:00,223.0,223.0,221.5,222.0,23795,0.0,0.0
2024-09-30 12:00:00+08:00,222.0,222.0,220.0,220.0,44089,0.0,0.0
2024-09-30 13:00:00+08:00,220.0,220.0,219.5,220.0,21401,0.0,0.0
2024-10-01 09:00:00+08:00,222.0,222.0,216.5,218.0,41998,0.0,0.0
2024-10-01 10:00:00+08:00,217.0,218.5,216.0,217.5,57029,0.0,0.0
2024-10-01 11:00:00+08:00,217.5,218.0,216.0,218.0,21207,0.0,0.0
2024-10-01 12:00:00+08:00,217.5,219.0,216.0,219.0,64855,0.0,0.0
2024-10-01 13:00:00+08:00,217.0,220.0,217.0,218.5,56286,0.0,0.0
2024-10-04 09:00:00+08:00,219.0,221.0,217.0,219.0,0,0.0,0.0
2024-10-04 10:00:00+08:00,219.5,220.5,218.5,220.0,12586,0.0,0.0
2024-10-04 11:00:00+08:00,220.5,220.5,219.0,219.5,11360,0.0,0.0
2024-10-04 12:00:00+08:00,219.5,219.5,218.5,218.5,13408,0.0,0.0
2024-10-04 13:00:00+08:00,219.0,219.0,216.5,218.0,33667,0.0,0.0
2024-10-07 09:00:00+08:00,219.5,219.5,217.5,218.0,0,0.0,0.0
2024-10-07 10:00:00+08:00,218.0,218.0,217.5,217.5,15300,0.0,0.0
2024-10-07 11:00:00+08:00,217.5,218.0,217.0,218.0,15218,0.0,0.0
2024-10-07 12:00:00+08:00,218.5,219.0,218.5,219.0,9316,0.0,0.0
2024-10-07 13:00:00+08:00,218.5,219.0,218.5,219.0,3403,0.0,0.0
2024-10-08 09:00:00+08:00,217.0,217.5,215.0,215.0,43493,0.0,0.0
2024-10-08 10:00:00+08:00,215.0,216.5,214.0,216.5,42277,0.0,0.0
2024-10-08 11:00:00+08:00,216.5,216.5,215.0,215.0,30431,0.0,0.0
2024-10-08 12:00:00+08:00,216.0,217.0,215.5,216.5,35767,0.0,0.0
2024-10-08 13:00:00+08:00,216.0,217.0,215.0,217.0,24103,0.0,0.0
2024-10-09 09:00:00+08:00,217.0,219.5,217.0,217.0,46600,0.0,0.0
2024-10-09 10:00:00+08:00,217.0,217.0,215.5,216.5,17139,0.0,0.0
2024-10-09 11:00:00+08:00,215.5,215.5,215.0,215.5,21783,0.0,0.0
2024-10-09 12:00:00+08:00,215.5,215.5,214.0,214.5,28123,0.0,0.0
2024-10-09 13:00:00+08:00,214.5,214.5,214.0,214.0,17542,0.0,0.0
2024-10-11 09:00:00+08:00,215.0,215.0,211.5,211.5,0,0.0,0.0
2024-10-11 10:00:00+08:00,211.5,214.5,211.0,214.0,52526,0.0,0.0
2024-10-11 11:00:00+08:00,214.5,217.5,214.5,215.0,47283,0.0,0.0
2024-10-11 12:00:00+08:00,215.5,216.0,215.5,215.5,9478,0.0,0.0
2024-10-11 13:00:00+08:00,216.0,216.0,215.5,216.0,12318,0.0,0.0
2024-10-14 09:00:00+08:00,215.5,217.0,213.0,216.5,0,0.0,0.0
2024-10-14 10:00:00+08:00,216.5,216.5,216.0,216.5,17043,0.0,0.0
2024-10-14 11:00:00+08:00,216.0,217.0,216.0,217.0,12135,0.0,0.0
2024-10-14 12:00:00+08:00,217.0,217.5,216.5,217.5,16211,0.0,0.0
2024-10-14 13:00:00+08:00,217.5,218.0,217.5,218.0,22477,0.0,0.0
2024-10-15 09:00:00+08:00,217.0,218.0,217.0,217.5,0,0.0,0.0
2024-10-15 10:00:00+08:00,217.0,218.5,216.0,218.5,42501,0.0,0.0
2024-10-15 11:00:00+08:00,218.5,218.5,218.0,218.0,37674,0.0,0.0
2024-10-15 12:00:00+08:00,218.5,218.5,217.5,218.0,13607,0.0,0.0
2024-10-15 13:00:00+08:00,218.0,219.5,218.0,219.5,6100,0.0,0.0
2024-10-16 09:00:00+08:00,216.5,218.5,216.5,217.5,0,0.0,0.0
2024-10-16 10:00:00+08:00,218.5,218.5,218.0,218.0,5112,0.0,0.0
2024-10-16 11:00:00+08:00,218.0,218.0,217.5,217.5,7470,0.0,0.0
2024-10-16 12:00:00+08:00,218.0,218.0,217.5,217.5,4822,0.0,0.0
2024-10-16 13:00:00+08:00,217.5,217.5,217.5,217.5,2101,0.0,0.0
2024-10-17 09:00:00+08:00,220.0,225.0,220.0,221.0,12259,0.0,0.0
2024-10-17 10:00:00+08:00,221.0,221.5,221.0,221.5,6551,0.0,0.0
2024-10-17 11:00:00+08:00,220.5,220.5,220.0,220.5,9399,0.0,0.0
2024-10-17 13:00:00+08:00,221.0,221.5,220.0,221.5,19740,0.0,0.0
2024-10-18 09:00:00+08:00,222.0,223.0,219.0,219.5,0,0.0,0.0
2024-10-18 10:00:00+08:00,219.5,219.5,218.0,219.0,28056,0.0,0.0
2024-10-18 11:00:00+08:00,219.0,219.0,218.5,218.5,16067,0.0,0.0
2024-10-18 12:00:00+08:00,218.0,218.5,217.5,218.5,22931,0.0,0.0
2024-10-18 13:00:00+08:00,217.5,218.5,217.0,218.5,6045,0.0,0.0
