Date,Open,High,Low,Close,Volume,Dividends,Stock Splits
2021-10-27 00:00:00-04:00,27.549999237060547,30.280000686645508,27.510000228881836,29.0,10531300,0.0,0.0
2021-10-28 00:00:00-04:00,28.520000457763672,30.1200008392334,28.110000610351562,29.5,1992800,0.0,0.0
2021-10-29 00:00:00-04:00,29.200000762939453,29.979999542236328,28.100000381469727,29.65999984741211,1250300,0.0,0.0
2021-11-01 00:00:00-04:00,29.709999084472656,31.079999923706055,29.010000228881836,29.649999618530273,1602100,0.0,0.0
2021-11-02 00:00:00-04:00,29.479999542236328,31.940000534057617,29.389999389648438,31.15999984741211,4172200,0.0,0.0
2021-11-03 00:00:00-04:00,31.200000762939453,31.84000015258789,30.579999923706055,31.31999969482422,578200,0.0,0.0
2021-11-04 00:00:00-04:00,31.31999969482422,32.150001525878906,31.049999237060547,31.469999313354492,688200,0.0,0.0
2021-11-05 00:00:00-04:00,31.520000457763672,31.690000534057617,30.5,31.270000457763672,451000,0.0,0.0
2021-11-08 00:00:00-05:00,31.530000686645508,32.939998626708984,31.280000686645508,32.560001373291016,754500,0.0,0.0
2021-11-09 00:00:00-05:00,32.560001373291016,33.54499816894531,32.02000045776367,32.88999938964844,562500,0.0,0.0
2021-11-10 00:00:00-05:00,33.0,33.400001525878906,32.0,32.88999938964844,723300,0.0,0.0
2021-11-11 00:00:00-05:00,32.88999938964844,33.0,30.684999465942383,32.52000045776367,647700,0.0,0.0
2021-11-12 00:00:00-05:00,32.25,33.220001220703125,31.760000228881836,32.34000015258789,246200,0.0,0.0
2021-11-15 00:00:00-05:00,32.54999923706055,34.33000183105469,32.41999816894531,33.20000076293945,579800,0.0,0.0
2021-11-16 00:00:00-05:00,33.27000045776367,34.27899932861328,32.06999969482422,32.349998474121094,709900,0.0,0.0
2021-11-17 00:00:00-05:00,32.04999923706055,33.83000183105469,32.0,32.97999954223633,548000,0.0,0.0
2021-11-18 00:00:00-05:00,32.970001220703125,33.650001525878906,32.209999084472656,33.5,268200,0.0,0.0
2021-11-19 00:00:00-05:00,33.650001525878906,34.540000915527344,33.11000061035156,33.22999954223633,619300,0.0,0.0
2021-11-22 00:00:00-05:00,33.689998626708984,34.400001525878906,33.130001068115234,33.16999816894531,1310500,0.0,0.0
2021-11-23 00:00:00-05:00,32.91999816894531,33.369998931884766,31.65999984741211,31.950000762939453,950800,0.0,0.0
2021-11-24 00:00:00-05:00,31.399999618530273,33.3849983215332,31.399999618530273,32.45000076293945,331700,0.0,0.0
2021-11-26 00:00:00-05:00,32.38999938964844,33.439998626708984,32.33000183105469,32.9900016784668,418800,0.0,0.0
2021-11-29 00:00:00-05:00,33.11000061035156,35.2400016784668,32.790000915527344,34.400001525878906,660100,0.0,0.0
2021-11-30 00:00:00-05:00,34.0,35.279998779296875,31.665000915527344,32.189998626708984,483300,0.0,0.0
2021-12-01 00:00:00-05:00,33.22999954223633,34.83000183105469,32.665000915527344,33.959999084472656,545900,0.0,0.0
2021-12-02 00:00:00-05:00,33.72999954223633,34.70500183105469,32.939998626708984,33.970001220703125,732400,0.0,0.0
2021-12-03 00:00:00-05:00,33.90999984741211,34.189998626708984,31.270000457763672,32.52000045776367,689100,0.0,0.0
2021-12-06 00:00:00-05:00,32.54999923706055,33.91999816894531,31.56999969482422,33.7599983215332,979700,0.0,0.0
2021-12-07 00:00:00-05:00,34.27000045776367,36.18000030517578,34.02000045776367,35.02000045776367,387600,0.0,0.0
2021-12-08 00:00:00-05:00,34.619998931884766,37.18000030517578,34.459999084472656,36.38999938964844,556800,0.0,0.0
2021-12-09 00:00:00-05:00,36.720001220703125,37.5,33.45000076293945,35.0,464400,0.0,0.0
2021-12-10 00:00:00-05:00,35.119998931884766,39.0,35.0099983215332,38.52000045776367,775300,0.0,0.0
2021-12-13 00:00:00-05:00,38.18000030517578,38.70500183105469,35.29999923706055,36.349998474121094,681400,0.0,0.0
2021-12-14 00:00:00-05:00,36.38999938964844,37.27000045776367,35.41999816894531,36.459999084472656,317900,0.0,0.0
2021-12-15 00:00:00-05:00,36.220001220703125,39.29999923706055,35.95000076293945,38.83000183105469,842700,0.0,0.0
2021-12-16 00:00:00-05:00,39.0,40.130001068115234,35.56999969482422,36.02000045776367,701900,0.0,0.0
2021-12-17 00:00:00-05:00,35.5099983215332,38.20000076293945,34.70000076293945,36.43000030517578,4209900,0.0,0.0
2021-12-20 00:00:00-05:00,35.72999954223633,36.85499954223633,35.0099983215332,36.63999938964844,427500,0.0,0.0
2021-12-21 00:00:00-05:00,36.70000076293945,37.1150016784668,33.63999938964844,35.47999954223633,1027200,0.0,0.0
2021-12-22 00:00:00-05:00,35.189998626708984,36.0,34.400001525878906,34.7400016784668,377800,0.0,0.0
2021-12-23 00:00:00-05:00,34.68000030517578,35.91999816894531,33.70000076293945,35.209999084472656,414900,0.0,0.0
2021-12-27 00:00:00-05:00,35.5,36.551998138427734,34.709999084472656,35.189998626708984,378400,0.0,0.0
2021-12-28 00:00:00-05:00,35.18000030517578,35.619998931884766,34.76499938964844,35.119998931884766,393500,0.0,0.0
2021-12-29 00:00:00-05:00,35.099998474121094,36.380001068115234,34.5099983215332,36.349998474121094,484700,0.0,0.0
2021-12-30 00:00:00-05:00,36.0,37.4900016784668,36.0,37.220001220703125,452700,0.0,0.0
2021-12-31 00:00:00-05:00,37.189998626708984,37.900001525878906,36.86000061035156,36.97999954223633,319200,0.0,0.0
2022-01-03 00:00:00-05:00,37.04999923706055,37.7599983215332,35.220001220703125,35.95000076293945,364300,0.0,0.0
2022-01-04 00:00:00-05:00,35.70000076293945,35.77000045776367,32.33000183105469,34.310001373291016,820400,0.0,0.0
2022-01-05 00:00:00-05:00,34.31999969482422,34.41999816894531,30.8799991607666,31.229999542236328,539800,0.0,0.0
2022-01-06 00:00:00-05:00,30.84000015258789,31.795000076293945,30.08099937438965,30.520000457763672,404800,0.0,0.0
2022-01-07 00:00:00-05:00,30.5,31.0,29.540000915527344,30.1200008392334,469800,0.0,0.0
2022-01-10 00:00:00-05:00,29.549999237060547,30.030000686645508,28.489999771118164,29.950000762939453,327500,0.0,0.0
2022-01-11 00:00:00-05:00,29.770000457763672,32.36000061035156,29.635000228881836,31.899999618530273,621400,0.0,0.0
2022-01-12 00:00:00-05:00,32.13999938964844,32.68000030517578,31.3799991607666,31.75,340200,0.0,0.0
2022-01-13 00:00:00-05:00,31.65999984741211,32.005001068115234,29.760000228881836,29.8700008392334,415300,0.0,0.0
2022-01-14 00:00:00-05:00,29.649999618530273,30.434999465942383,28.600000381469727,29.489999771118164,320300,0.0,0.0
2022-01-18 00:00:00-05:00,28.829999923706055,29.132999420166016,27.923999786376953,28.09000015258789,471600,0.0,0.0
2022-01-19 00:00:00-05:00,28.200000762939453,29.040000915527344,26.950000762939453,27.360000610351562,629600,0.0,0.0
2022-01-20 00:00:00-05:00,27.469999313354492,28.549999237060547,26.040000915527344,26.450000762939453,504300,0.0,0.0
2022-01-21 00:00:00-05:00,26.18000030517578,26.510000228881836,25.1299991607666,25.68000030517578,387800,0.0,0.0
2022-01-24 00:00:00-05:00,25.0,27.549999237060547,24.299999237060547,27.3799991607666,685700,0.0,0.0
2022-01-25 00:00:00-05:00,26.790000915527344,27.104999542236328,25.309999465942383,26.100000381469727,596600,0.0,0.0
2022-01-26 00:00:00-05:00,26.8799991607666,27.3700008392334,25.5,26.100000381469727,669500,0.0,0.0
2022-01-27 00:00:00-05:00,27.049999237060547,27.530000686645508,25.790000915527344,25.889999389648438,762000,0.0,0.0
2022-01-28 00:00:00-05:00,25.809999465942383,26.420000076293945,24.850000381469727,25.989999771118164,535500,0.0,0.0
2022-01-31 00:00:00-05:00,26.1299991607666,27.940000534057617,25.950000762939453,27.920000076293945,356600,0.0,0.0
2022-02-01 00:00:00-05:00,29.549999237060547,29.549999237060547,27.81999969482422,28.829999923706055,581500,0.0,0.0
2022-02-02 00:00:00-05:00,28.8700008392334,28.950000762939453,27.329999923706055,27.940000534057617,330200,0.0,0.0
2022-02-03 00:00:00-05:00,26.979999542236328,27.375,26.309999465942383,26.350000381469727,276900,0.0,0.0
2022-02-04 00:00:00-05:00,26.1200008392334,27.510000228881836,25.709999084472656,27.149999618530273,299700,0.0,0.0
2022-02-07 00:00:00-05:00,27.260000228881836,28.204999923706055,27.149999618530273,27.6299991607666,195500,0.0,0.0
2022-02-08 00:00:00-05:00,27.18000030517578,28.729999542236328,26.8799991607666,28.700000762939453,185900,0.0,0.0
2022-02-09 00:00:00-05:00,29.110000610351562,29.459999084472656,28.1299991607666,29.059999465942383,417700,0.0,0.0
2022-02-10 00:00:00-05:00,28.43000030517578,30.4950008392334,28.43000030517578,28.56999969482422,317800,0.0,0.0
2022-02-11 00:00:00-05:00,28.59000015258789,29.3700008392334,25.56999969482422,25.739999771118164,554200,0.0,0.0
2022-02-14 00:00:00-05:00,25.549999237060547,26.899999618530273,25.3799991607666,26.100000381469727,683500,0.0,0.0
2022-02-15 00:00:00-05:00,26.440000534057617,27.700000762939453,26.329999923706055,27.479999542236328,859900,0.0,0.0
2022-02-16 00:00:00-05:00,27.329999923706055,28.309999465942383,26.59000015258789,28.149999618530273,935400,0.0,0.0
2022-02-17 00:00:00-05:00,25.049999237060547,25.049999237060547,18.8799991607666,20.18000030517578,6266300,0.0,0.0
2022-02-18 00:00:00-05:00,20.110000610351562,21.239999771118164,19.3700008392334,20.350000381469727,1565800,0.0,0.0
2022-02-22 00:00:00-05:00,19.770000457763672,21.530000686645508,19.65999984741211,21.25,1212900,0.0,0.0
2022-02-23 00:00:00-05:00,21.15999984741211,21.610000610351562,20.1299991607666,20.239999771118164,704500,0.0,0.0
2022-02-24 00:00:00-05:00,19.229999542236328,22.100000381469727,19.010000228881836,22.040000915527344,1059700,0.0,0.0
2022-02-25 00:00:00-05:00,21.6299991607666,21.90999984741211,20.530000686645508,21.770000457763672,588700,0.0,0.0
2022-02-28 00:00:00-05:00,21.34000015258789,21.690000534057617,20.049999237060547,20.15999984741211,1434300,0.0,0.0
2022-03-01 00:00:00-05:00,20.170000076293945,20.799999237060547,19.864999771118164,20.049999237060547,1007200,0.0,0.0
2022-03-02 00:00:00-05:00,20.0,20.135000228881836,19.25,19.75,547800,0.0,0.0
2022-03-03 00:00:00-05:00,19.809999465942383,19.950000762939453,18.329999923706055,18.75,1781700,0.0,0.0
2022-03-04 00:00:00-05:00,17.030000686645508,18.399999618530273,17.030000686645508,17.649999618530273,1365200,0.0,0.0
2022-03-07 00:00:00-05:00,17.68000030517578,18.299999237060547,17.059999465942383,17.729999542236328,930900,0.0,0.0
2022-03-08 00:00:00-05:00,17.31999969482422,18.299999237060547,17.19499969482422,17.799999237060547,1095400,0.0,0.0
2022-03-09 00:00:00-05:00,18.510000228881836,18.760000228881836,18.010000228881836,18.25,476400,0.0,0.0
2022-03-10 00:00:00-05:00,17.8799991607666,18.249000549316406,17.459999084472656,17.959999084472656,209200,0.0,0.0
2022-03-11 00:00:00-05:00,17.8799991607666,18.350000381469727,16.969999313354492,16.989999771118164,459700,0.0,0.0
2022-03-14 00:00:00-04:00,16.979999542236328,17.190000534057617,16.200000762939453,16.780000686645508,696900,0.0,0.0
2022-03-15 00:00:00-04:00,16.90999984741211,17.479999542236328,16.899999618530273,17.1200008392334,519200,0.0,0.0
2022-03-16 00:00:00-04:00,17.309999465942383,18.200000762939453,17.200000762939453,18.149999618530273,561300,0.0,0.0
2022-03-17 00:00:00-04:00,18.0,18.989999771118164,17.799999237060547,18.729999542236328,638200,0.0,0.0
2022-03-18 00:00:00-04:00,18.6299991607666,19.30299949645996,18.510000228881836,18.829999923706055,901200,0.0,0.0
2022-03-21 00:00:00-04:00,18.6299991607666,19.399999618530273,18.506999969482422,19.040000915527344,414200,0.0,0.0
2022-03-22 00:00:00-04:00,18.989999771118164,20.0,18.989999771118164,19.81999969482422,498900,0.0,0.0
2022-03-23 00:00:00-04:00,19.459999084472656,19.690000534057617,18.90999984741211,18.969999313354492,438900,0.0,0.0
2022-03-24 00:00:00-04:00,18.899999618530273,19.399999618530273,18.354999542236328,19.329999923706055,389700,0.0,0.0
2022-03-25 00:00:00-04:00,19.43000030517578,19.43000030517578,18.389999389648438,18.84000015258789,318000,0.0,0.0
2022-03-28 00:00:00-04:00,18.75,19.420000076293945,18.670000076293945,19.229999542236328,277700,0.0,0.0
2022-03-29 00:00:00-04:00,19.399999618530273,20.360000610351562,19.110000610351562,20.360000610351562,556300,0.0,0.0
2022-03-30 00:00:00-04:00,19.389999389648438,20.059999465942383,19.280000686645508,19.899999618530273,650200,0.0,0.0
2022-03-31 00:00:00-04:00,20.010000228881836,20.104999542236328,19.700000762939453,19.739999771118164,287100,0.0,0.0
2022-04-01 00:00:00-04:00,19.84000015258789,20.43000030517578,19.84000015258789,20.18000030517578,367200,0.0,0.0
2022-04-04 00:00:00-04:00,20.18000030517578,20.450000762939453,19.850000381469727,20.18000030517578,519800,0.0,0.0
2022-04-05 00:00:00-04:00,20.170000076293945,20.299999237060547,19.260000228881836,19.5,399100,0.0,0.0
2022-04-06 00:00:00-04:00,19.229999542236328,19.489999771118164,18.59000015258789,19.139999389648438,383000,0.0,0.0
2022-04-07 00:00:00-04:00,19.06999969482422,19.485000610351562,18.610000610351562,19.06999969482422,297100,0.0,0.0
2022-04-08 00:00:00-04:00,18.770000457763672,19.270000457763672,18.5,19.0,298500,0.0,0.0
2022-04-11 00:00:00-04:00,18.790000915527344,19.59000015258789,18.56999969482422,19.5,629700,0.0,0.0
2022-04-12 00:00:00-04:00,19.729999542236328,20.489999771118164,19.329999923706055,20.299999237060547,518600,0.0,0.0
2022-04-13 00:00:00-04:00,20.219999313354492,21.6299991607666,20.040000915527344,21.59000015258789,520600,0.0,0.0
2022-04-14 00:00:00-04:00,22.040000915527344,22.040000915527344,21.0,21.229999542236328,539100,0.0,0.0
2022-04-18 00:00:00-04:00,21.0,21.309999465942383,20.75,21.139999389648438,343400,0.0,0.0
2022-04-19 00:00:00-04:00,21.1299991607666,22.270000457763672,20.93000030517578,22.030000686645508,793700,0.0,0.0
2022-04-20 00:00:00-04:00,21.610000610351562,22.219999313354492,21.440000534057617,22.0,604200,0.0,0.0
2022-04-21 00:00:00-04:00,22.219999313354492,22.850000381469727,20.510000228881836,21.190000534057617,1133600,0.0,0.0
2022-04-22 00:00:00-04:00,21.149999618530273,21.614999771118164,20.489999771118164,21.25,626500,0.0,0.0
2022-04-25 00:00:00-04:00,21.3799991607666,21.920000076293945,20.760000228881836,21.6200008392334,968100,0.0,0.0
2022-04-26 00:00:00-04:00,21.59000015258789,21.6200008392334,20.209999084472656,20.790000915527344,575100,0.0,0.0
2022-04-27 00:00:00-04:00,20.799999237060547,21.610000610351562,20.104999542236328,20.200000762939453,840900,0.0,0.0
2022-04-28 00:00:00-04:00,20.420000076293945,21.15999984741211,19.690000534057617,20.670000076293945,1142200,0.0,0.0
2022-04-29 00:00:00-04:00,20.709999084472656,21.6200008392334,19.40999984741211,19.459999084472656,657100,0.0,0.0
2022-05-02 00:00:00-04:00,19.25,20.270000457763672,19.030000686645508,20.18000030517578,807900,0.0,0.0
2022-05-03 00:00:00-04:00,20.209999084472656,20.489999771118164,19.6299991607666,19.940000534057617,644700,0.0,0.0
2022-05-04 00:00:00-04:00,20.049999237060547,20.65999984741211,18.84000015258789,20.579999923706055,685300,0.0,0.0
2022-05-05 00:00:00-04:00,20.239999771118164,20.440000534057617,19.459999084472656,20.260000228881836,951000,0.0,0.0
2022-05-06 00:00:00-04:00,20.010000228881836,20.389999389648438,19.260000228881836,19.850000381469727,891300,0.0,0.0
2022-05-09 00:00:00-04:00,19.459999084472656,19.489999771118164,17.459999084472656,17.56999969482422,833600,0.0,0.0
2022-05-10 00:00:00-04:00,17.899999618530273,18.31999969482422,16.844999313354492,17.68000030517578,664700,0.0,0.0
2022-05-11 00:00:00-04:00,17.670000076293945,18.43000030517578,17.010000228881836,17.25,810900,0.0,0.0
2022-05-12 00:00:00-04:00,17.010000228881836,17.93000030517578,16.68000030517578,17.510000228881836,563800,0.0,0.0
2022-05-13 00:00:00-04:00,17.950000762939453,18.799999237060547,17.799999237060547,18.5,755500,0.0,0.0
2022-05-16 00:00:00-04:00,18.520000457763672,18.979999542236328,17.920000076293945,18.040000915527344,571300,0.0,0.0
2022-05-17 00:00:00-04:00,17.450000762939453,18.829999923706055,17.399999618530273,18.799999237060547,947700,0.0,0.0
2022-05-18 00:00:00-04:00,18.450000762939453,18.799999237060547,17.510000228881836,17.780000686645508,294300,0.0,0.0
2022-05-19 00:00:00-04:00,17.719999313354492,18.90999984741211,17.719999313354492,18.399999618530273,396400,0.0,0.0
2022-05-20 00:00:00-04:00,18.770000457763672,18.969999313354492,17.940000534057617,18.719999313354492,363000,0.0,0.0
2022-05-23 00:00:00-04:00,18.780000686645508,19.200000762939453,18.440000534057617,19.18000030517578,414100,0.0,0.0
2022-05-24 00:00:00-04:00,18.829999923706055,19.0,18.149999618530273,18.790000915527344,365600,0.0,0.0
2022-05-25 00:00:00-04:00,18.649999618530273,20.25,18.649999618530273,20.059999465942383,474000,0.0,0.0
2022-05-26 00:00:00-04:00,20.139999389648438,20.950000762939453,19.979999542236328,20.56999969482422,538500,0.0,0.0
2022-05-27 00:00:00-04:00,20.420000076293945,20.950000762939453,20.40999984741211,20.950000762939453,398000,0.0,0.0
2022-05-31 00:00:00-04:00,20.84000015258789,20.84000015258789,20.0310001373291,20.399999618530273,1003100,0.0,0.0
2022-06-01 00:00:00-04:00,20.420000076293945,20.940000534057617,19.90999984741211,20.260000228881836,481500,0.0,0.0
2022-06-02 00:00:00-04:00,20.200000762939453,20.950000762939453,20.145000457763672,20.850000381469727,504500,0.0,0.0
2022-06-03 00:00:00-04:00,20.399999618530273,20.729999542236328,19.350000381469727,19.670000076293945,519500,0.0,0.0
2022-06-06 00:00:00-04:00,19.969999313354492,20.875,19.969999313354492,20.360000610351562,506100,0.0,0.0
2022-06-07 00:00:00-04:00,20.15999984741211,20.5,19.8799991607666,20.290000915527344,266600,0.0,0.0
2022-06-08 00:00:00-04:00,20.139999389648438,20.68000030517578,20.030000686645508,20.34000015258789,248900,0.0,0.0
2022-06-09 00:00:00-04:00,20.219999313354492,20.530000686645508,19.639999389648438,19.690000534057617,197500,0.0,0.0
2022-06-10 00:00:00-04:00,19.270000457763672,19.405000686645508,18.43000030517578,18.520000457763672,388100,0.0,0.0
2022-06-13 00:00:00-04:00,17.850000381469727,18.104999542236328,17.459999084472656,17.760000228881836,338700,0.0,0.0
2022-06-14 00:00:00-04:00,17.780000686645508,18.344999313354492,17.510000228881836,18.0,396900,0.0,0.0
2022-06-15 00:00:00-04:00,18.309999465942383,19.5,18.309999465942383,19.229999542236328,454400,0.0,0.0
2022-06-16 00:00:00-04:00,18.649999618530273,18.888999938964844,17.93000030517578,18.09000015258789,447400,0.0,0.0
2022-06-17 00:00:00-04:00,18.229999542236328,18.989999771118164,18.190000534057617,18.600000381469727,545100,0.0,0.0
2022-06-21 00:00:00-04:00,18.959999084472656,19.56999969482422,18.885000228881836,19.260000228881836,397000,0.0,0.0
2022-06-22 00:00:00-04:00,19.059999465942383,20.450000762939453,19.03499984741211,20.030000686645508,895000,0.0,0.0
2022-06-23 00:00:00-04:00,20.260000228881836,20.65999984741211,19.9950008392334,20.610000610351562,441800,0.0,0.0
2022-06-24 00:00:00-04:00,20.8700008392334,22.049999237060547,20.8700008392334,21.90999984741211,1032000,0.0,0.0
2022-06-27 00:00:00-04:00,21.469999313354492,21.469999313354492,20.53499984741211,20.760000228881836,461800,0.0,0.0
2022-06-28 00:00:00-04:00,20.739999771118164,20.950000762939453,20.280000686645508,20.399999618530273,341700,0.0,0.0
2022-06-29 00:00:00-04:00,20.479999542236328,20.920000076293945,20.030000686645508,20.770000457763672,270200,0.0,0.0
2022-06-30 00:00:00-04:00,20.440000534057617,20.8799991607666,20.049999237060547,20.770000457763672,268900,0.0,0.0
2022-07-01 00:00:00-04:00,20.760000228881836,21.81999969482422,20.645999908447266,21.549999237060547,571400,0.0,0.0
2022-07-05 00:00:00-04:00,21.219999313354492,21.53700065612793,20.649999618530273,21.3700008392334,1211900,0.0,0.0
2022-07-06 00:00:00-04:00,21.40999984741211,21.649999618530273,20.760000228881836,21.1299991607666,441800,0.0,0.0
2022-07-07 00:00:00-04:00,21.209999084472656,21.80900001525879,21.09000015258789,21.639999389648438,309800,0.0,0.0
2022-07-08 00:00:00-04:00,21.360000610351562,21.68000030517578,20.610000610351562,21.450000762939453,414300,0.0,0.0
2022-07-11 00:00:00-04:00,21.219999313354492,21.5,20.739999771118164,21.31999969482422,229800,0.0,0.0
2022-07-12 00:00:00-04:00,21.3799991607666,21.899999618530273,20.280000686645508,20.510000228881836,232900,0.0,0.0
2022-07-13 00:00:00-04:00,19.940000534057617,20.510000228881836,19.780000686645508,20.049999237060547,142300,0.0,0.0
2022-07-14 00:00:00-04:00,19.739999771118164,20.600000381469727,19.299999237060547,20.479999542236328,344300,0.0,0.0
2022-07-15 00:00:00-04:00,20.649999618530273,21.020000457763672,20.0,20.149999618530273,531800,0.0,0.0
2022-07-18 00:00:00-04:00,20.43000030517578,20.530000686645508,19.489999771118164,19.530000686645508,211000,0.0,0.0
2022-07-19 00:00:00-04:00,19.81999969482422,20.280000686645508,19.690000534057617,19.90999984741211,265200,0.0,0.0
2022-07-20 00:00:00-04:00,19.989999771118164,20.889999389648438,19.8799991607666,20.520000457763672,1465000,0.0,0.0
2022-07-21 00:00:00-04:00,20.56999969482422,21.459999084472656,20.545000076293945,21.049999237060547,382200,0.0,0.0
2022-07-22 00:00:00-04:00,20.799999237060547,21.15999984741211,19.75,19.84000015258789,306600,0.0,0.0
2022-07-25 00:00:00-04:00,19.920000076293945,19.920000076293945,19.299999237060547,19.860000610351562,272300,0.0,0.0
2022-07-26 00:00:00-04:00,19.75,19.75,19.100000381469727,19.200000762939453,424500,0.0,0.0
2022-07-27 00:00:00-04:00,19.440000534057617,20.190000534057617,19.364999771118164,20.059999465942383,451700,0.0,0.0
2022-07-28 00:00:00-04:00,20.219999313354492,21.559999465942383,19.190000534057617,21.469999313354492,1090300,0.0,0.0
2022-07-29 00:00:00-04:00,21.309999465942383,22.989999771118164,21.170000076293945,22.899999618530273,589600,0.0,0.0
2022-08-01 00:00:00-04:00,22.489999771118164,22.489999771118164,20.84000015258789,22.0,883700,0.0,0.0
2022-08-02 00:00:00-04:00,21.6200008392334,22.3700008392334,21.6200008392334,22.350000381469727,417700,0.0,0.0
2022-08-03 00:00:00-04:00,22.399999618530273,23.229999542236328,22.34000015258789,22.8700008392334,479100,0.0,0.0
2022-08-04 00:00:00-04:00,22.829999923706055,23.3799991607666,22.219999313354492,23.34000015258789,391200,0.0,0.0
2022-08-05 00:00:00-04:00,22.93000030517578,23.59000015258789,22.889999389648438,23.469999313354492,214600,0.0,0.0
2022-08-08 00:00:00-04:00,23.520000457763672,23.850000381469727,22.81999969482422,22.850000381469727,336500,0.0,0.0
2022-08-09 00:00:00-04:00,22.700000762939453,22.780000686645508,22.030000686645508,22.559999465942383,188000,0.0,0.0
2022-08-10 00:00:00-04:00,23.1299991607666,23.709999084472656,22.81999969482422,23.489999771118164,325600,0.0,0.0
2022-08-11 00:00:00-04:00,23.649999618530273,23.84000015258789,23.149999618530273,23.149999618530273,271000,0.0,0.0
2022-08-12 00:00:00-04:00,23.280000686645508,23.700000762939453,22.979999542236328,23.100000381469727,499400,0.0,0.0
2022-08-15 00:00:00-04:00,23.100000381469727,23.81999969482422,22.81999969482422,23.719999313354492,337400,0.0,0.0
2022-08-16 00:00:00-04:00,22.229999542236328,23.510000228881836,20.969999313354492,23.510000228881836,985600,0.0,0.0
2022-08-17 00:00:00-04:00,22.989999771118164,23.68000030517578,22.799999237060547,23.65999984741211,368300,0.0,0.0
2022-08-18 00:00:00-04:00,23.290000915527344,23.860000610351562,22.979999542236328,22.979999542236328,279300,0.0,0.0
2022-08-19 00:00:00-04:00,22.670000076293945,22.670000076293945,21.729999542236328,22.360000610351562,426300,0.0,0.0
2022-08-22 00:00:00-04:00,21.950000762939453,22.90999984741211,21.90999984741211,22.850000381469727,337700,0.0,0.0
2022-08-23 00:00:00-04:00,22.920000076293945,23.100000381469727,22.239999771118164,22.270000457763672,183400,0.0,0.0
2022-08-24 00:00:00-04:00,22.389999389648438,22.739999771118164,22.239999771118164,22.420000076293945,152000,0.0,0.0
2022-08-25 00:00:00-04:00,22.59000015258789,23.219999313354492,22.34000015258789,23.200000762939453,153200,0.0,0.0
2022-08-26 00:00:00-04:00,23.260000228881836,23.559999465942383,22.610000610351562,22.670000076293945,272700,0.0,0.0
2022-08-29 00:00:00-04:00,22.3700008392334,22.854999542236328,21.899999618530273,22.110000610351562,293200,0.0,0.0
2022-08-30 00:00:00-04:00,22.079999923706055,22.389999389648438,21.785999298095703,22.110000610351562,187000,0.0,0.0
2022-08-31 00:00:00-04:00,22.25,22.549999237060547,22.040000915527344,22.06999969482422,461600,0.0,0.0
2022-09-01 00:00:00-04:00,21.799999237060547,21.799999237060547,21.030000686645508,21.549999237060547,296000,0.0,0.0
2022-09-02 00:00:00-04:00,21.940000534057617,22.06999969482422,21.059999465942383,21.170000076293945,287400,0.0,0.0
2022-09-06 00:00:00-04:00,21.049999237060547,21.969999313354492,21.0,21.719999313354492,388700,0.0,0.0
2022-09-07 00:00:00-04:00,21.6200008392334,22.1200008392334,21.209999084472656,21.549999237060547,441600,0.0,0.0
2022-09-08 00:00:00-04:00,21.309999465942383,22.010000228881836,21.239999771118164,21.780000686645508,481000,0.0,0.0
2022-09-09 00:00:00-04:00,21.860000610351562,22.350000381469727,21.860000610351562,21.950000762939453,308500,0.0,0.0
2022-09-12 00:00:00-04:00,21.940000534057617,22.31999969482422,21.8799991607666,22.149999618530273,305100,0.0,0.0
2022-09-13 00:00:00-04:00,21.809999465942383,21.950000762939453,21.40999984741211,21.5,217200,0.0,0.0
2022-09-14 00:00:00-04:00,21.5,22.079999923706055,21.110000610351562,22.059999465942383,372000,0.0,0.0
2022-09-15 00:00:00-04:00,21.889999389648438,22.079999923706055,20.989999771118164,21.1200008392334,207800,0.0,0.0
2022-09-16 00:00:00-04:00,20.81999969482422,21.059999465942383,20.360000610351562,20.639999389648438,805500,0.0,0.0
2022-09-19 00:00:00-04:00,20.469999313354492,21.389999389648438,20.424999237060547,21.309999465942383,240100,0.0,0.0
2022-09-20 00:00:00-04:00,21.09000015258789,21.1200008392334,20.5049991607666,20.6200008392334,295000,0.0,0.0
2022-09-21 00:00:00-04:00,20.579999923706055,20.975000381469727,20.399999618530273,20.479999542236328,276900,0.0,0.0
2022-09-22 00:00:00-04:00,20.469999313354492,20.5,20.0,20.3700008392334,404700,0.0,0.0
2022-09-23 00:00:00-04:00,20.059999465942383,20.350000381469727,19.594999313354492,19.969999313354492,297000,0.0,0.0
2022-09-26 00:00:00-04:00,19.84000015258789,20.399999618530273,19.700000762939453,19.81999969482422,406700,0.0,0.0
2022-09-27 00:00:00-04:00,20.110000610351562,20.600000381469727,19.989999771118164,20.329999923706055,412700,0.0,0.0
2022-09-28 00:00:00-04:00,20.299999237060547,20.780000686645508,20.239999771118164,20.770000457763672,231700,0.0,0.0
2022-09-29 00:00:00-04:00,20.579999923706055,20.885000228881836,20.301000595092773,20.420000076293945,440600,0.0,0.0
2022-09-30 00:00:00-04:00,20.309999465942383,20.670000076293945,19.81999969482422,20.06999969482422,483100,0.0,0.0
2022-10-03 00:00:00-04:00,20.329999923706055,21.09000015258789,20.31999969482422,20.90999984741211,420100,0.0,0.0
2022-10-04 00:00:00-04:00,21.190000534057617,21.790000915527344,21.1200008392334,21.450000762939453,583600,0.0,0.0
2022-10-05 00:00:00-04:00,21.25,21.799999237060547,21.079999923706055,21.639999389648438,459900,0.0,0.0
2022-10-06 00:00:00-04:00,21.489999771118164,21.8799991607666,21.1200008392334,21.280000686645508,515800,0.0,0.0
2022-10-07 00:00:00-04:00,21.040000915527344,21.040000915527344,20.479999542236328,20.700000762939453,440300,0.0,0.0
2022-10-10 00:00:00-04:00,20.729999542236328,20.729999542236328,18.739999771118164,18.81999969482422,575900,0.0,0.0
2022-10-11 00:00:00-04:00,18.799999237060547,18.799999237060547,17.979999542236328,18.209999084472656,407100,0.0,0.0
2022-10-12 00:00:00-04:00,18.309999465942383,18.860000610351562,17.959999084472656,18.719999313354492,318900,0.0,0.0
2022-10-13 00:00:00-04:00,18.219999313354492,19.610000610351562,17.90999984741211,19.469999313354492,373600,0.0,0.0
2022-10-14 00:00:00-04:00,19.610000610351562,19.760000228881836,18.719999313354492,18.770000457763672,188000,0.0,0.0
2022-10-17 00:00:00-04:00,19.200000762939453,19.8700008392334,19.200000762939453,19.450000762939453,194500,0.0,0.0
2022-10-18 00:00:00-04:00,19.950000762939453,20.219999313354492,19.59000015258789,19.8799991607666,193900,0.0,0.0
2022-10-19 00:00:00-04:00,19.59000015258789,19.68000030517578,19.110000610351562,19.3799991607666,165800,0.0,0.0
2022-10-20 00:00:00-04:00,19.450000762939453,20.200000762939453,19.049999237060547,19.1299991607666,262500,0.0,0.0
2022-10-21 00:00:00-04:00,19.1299991607666,19.579999923706055,18.719999313354492,19.219999313354492,513400,0.0,0.0
2022-10-24 00:00:00-04:00,19.3700008392334,19.3700008392334,18.299999237060547,18.899999618530273,215500,0.0,0.0
2022-10-25 00:00:00-04:00,19.1200008392334,20.099000930786133,18.770000457763672,20.0,518100,0.0,0.0
2022-10-26 00:00:00-04:00,19.579999923706055,20.170000076293945,19.06999969482422,19.229999542236328,619700,0.0,0.0
2022-10-27 00:00:00-04:00,17.700000762939453,19.104999542236328,17.549999237060547,19.09000015258789,804300,0.0,0.0
2022-10-28 00:00:00-04:00,18.969999313354492,20.079999923706055,18.969999313354492,19.100000381469727,378100,0.0,0.0
2022-10-31 00:00:00-04:00,18.979999542236328,19.5,18.84000015258789,19.360000610351562,392300,0.0,0.0
2022-11-01 00:00:00-04:00,19.6200008392334,19.829999923706055,19.0,19.5,385700,0.0,0.0
2022-11-02 00:00:00-04:00,19.270000457763672,19.709999084472656,18.565000534057617,18.68000030517578,381700,0.0,0.0
2022-11-03 00:00:00-04:00,18.559999465942383,18.979999542236328,18.09000015258789,18.100000381469727,389500,0.0,0.0
2022-11-04 00:00:00-04:00,18.299999237060547,18.309999465942383,17.139999389648438,17.420000076293945,495500,0.0,0.0
2022-11-07 00:00:00-05:00,17.469999313354492,18.309999465942383,17.1299991607666,18.299999237060547,447600,0.0,0.0
2022-11-08 00:00:00-05:00,18.5,19.0,18.18000030517578,18.450000762939453,367800,0.0,0.0
2022-11-09 00:00:00-05:00,18.290000915527344,18.290000915527344,17.600000381469727,18.100000381469727,238900,0.0,0.0
2022-11-10 00:00:00-05:00,19.079999923706055,19.649999618530273,18.739999771118164,18.950000762939453,414300,0.0,0.0
2022-11-11 00:00:00-05:00,18.950000762939453,19.479999542236328,18.90999984741211,19.010000228881836,421800,0.0,0.0
2022-11-14 00:00:00-05:00,18.959999084472656,19.0,18.350000381469727,18.739999771118164,387900,0.0,0.0
2022-11-15 00:00:00-05:00,19.31999969482422,19.485000610351562,18.959999084472656,18.989999771118164,479900,0.0,0.0
2022-11-16 00:00:00-05:00,17.68000030517578,18.899999618530273,17.68000030517578,17.950000762939453,828500,0.0,0.0
2022-11-17 00:00:00-05:00,17.690000534057617,17.75,17.280000686645508,17.579999923706055,426000,0.0,0.0
2022-11-18 00:00:00-05:00,17.920000076293945,17.920000076293945,17.149999618530273,17.469999313354492,279900,0.0,0.0
2022-11-21 00:00:00-05:00,17.43000030517578,17.43000030517578,16.969999313354492,17.190000534057617,365400,0.0,0.0
2022-11-22 00:00:00-05:00,17.290000915527344,17.34000015258789,16.940000534057617,17.239999771118164,258700,0.0,0.0
2022-11-23 00:00:00-05:00,17.15999984741211,17.56999969482422,17.020000457763672,17.43000030517578,190200,0.0,0.0
2022-11-25 00:00:00-05:00,17.350000381469727,17.639999389648438,17.309999465942383,17.34000015258789,75400,0.0,0.0
2022-11-28 00:00:00-05:00,17.299999237060547,17.43000030517578,17.0,17.079999923706055,233600,0.0,0.0
2022-11-29 00:00:00-05:00,17.0,17.229999542236328,16.770000457763672,16.809999465942383,274000,0.0,0.0
2022-11-30 00:00:00-05:00,16.829999923706055,17.190000534057617,16.200000762939453,17.18000030517578,477700,0.0,0.0
2022-12-01 00:00:00-05:00,17.280000686645508,17.6200008392334,17.09000015258789,17.239999771118164,350800,0.0,0.0
2022-12-02 00:00:00-05:00,16.950000762939453,17.15999984741211,16.700000762939453,16.809999465942383,319200,0.0,0.0
2022-12-05 00:00:00-05:00,16.670000076293945,17.0,15.649999618530273,15.970000267028809,492100,0.0,0.0
2022-12-06 00:00:00-05:00,16.020000457763672,16.020000457763672,15.6850004196167,15.829999923706055,199400,0.0,0.0
2022-12-07 00:00:00-05:00,15.850000381469727,16.100000381469727,15.680000305175781,15.880000114440918,184000,0.0,0.0
2022-12-08 00:00:00-05:00,15.920000076293945,16.420000076293945,15.670000076293945,16.190000534057617,219900,0.0,0.0
2022-12-09 00:00:00-05:00,16.139999389648438,16.34000015258789,15.819999694824219,15.960000038146973,312600,0.0,0.0
2022-12-12 00:00:00-05:00,15.930000305175781,16.93000030517578,15.925000190734863,16.920000076293945,331800,0.0,0.0
2022-12-13 00:00:00-05:00,17.5,17.850000381469727,16.600000381469727,16.799999237060547,494900,0.0,0.0
2022-12-14 00:00:00-05:00,16.829999923706055,17.094999313354492,16.59000015258789,16.950000762939453,512200,0.0,0.0
2022-12-15 00:00:00-05:00,16.639999389648438,17.139999389648438,16.59000015258789,16.65999984741211,461400,0.0,0.0
2022-12-16 00:00:00-05:00,16.59000015258789,16.8700008392334,16.239999771118164,16.299999237060547,485900,0.0,0.0
2022-12-19 00:00:00-05:00,16.309999465942383,16.309999465942383,15.579999923706055,15.90999984741211,253000,0.0,0.0
2022-12-20 00:00:00-05:00,15.800000190734863,16.110000610351562,15.6899995803833,16.030000686645508,212400,0.0,0.0
2022-12-21 00:00:00-05:00,16.110000610351562,16.450000762939453,15.65999984741211,16.15999984741211,230600,0.0,0.0
2022-12-22 00:00:00-05:00,15.979999542236328,16.0,15.369999885559082,15.800000190734863,375000,0.0,0.0
2022-12-23 00:00:00-05:00,15.739999771118164,15.970000267028809,15.475000381469727,15.920000076293945,183300,0.0,0.0
2022-12-27 00:00:00-05:00,15.9399995803833,15.9399995803833,15.5,15.579999923706055,143400,0.0,0.0
2022-12-28 00:00:00-05:00,15.520000457763672,15.8100004196167,15.5,15.569999694824219,161300,0.0,0.0
2022-12-29 00:00:00-05:00,15.760000228881836,16.299999237060547,15.760000228881836,15.960000038146973,235500,0.0,0.0
2022-12-30 00:00:00-05:00,15.699999809265137,16.3799991607666,15.600000381469727,16.290000915527344,267300,0.0,0.0
2023-01-03 00:00:00-05:00,15.529999732971191,15.904999732971191,15.069999694824219,15.430000305175781,654400,0.0,0.0
2023-01-04 00:00:00-05:00,15.569999694824219,16.049999237060547,15.210000038146973,15.90999984741211,413600,0.0,0.0
2023-01-05 00:00:00-05:00,15.729999542236328,15.930000305175781,14.960000038146973,15.149999618530273,406800,0.0,0.0
2023-01-06 00:00:00-05:00,15.25,15.34000015258789,14.994999885559082,15.329999923706055,292000,0.0,0.0
2023-01-09 00:00:00-05:00,15.539999961853027,15.84000015258789,15.34000015258789,15.789999961853027,259400,0.0,0.0
2023-01-10 00:00:00-05:00,15.420000076293945,15.600000381469727,15.260000228881836,15.550000190734863,373300,0.0,0.0
2023-01-11 00:00:00-05:00,15.869999885559082,16.649999618530273,15.600000381469727,16.6200008392334,389300,0.0,0.0
2023-01-12 00:00:00-05:00,16.0,16.270000457763672,15.739999771118164,16.100000381469727,264700,0.0,0.0
2023-01-13 00:00:00-05:00,16.110000610351562,16.459999084472656,15.9399995803833,16.450000762939453,216500,0.0,0.0
2023-01-17 00:00:00-05:00,16.329999923706055,16.670000076293945,16.200000762939453,16.670000076293945,271300,0.0,0.0
2023-01-18 00:00:00-05:00,16.75,16.8700008392334,16.1299991607666,16.479999542236328,355400,0.0,0.0
2023-01-19 00:00:00-05:00,16.329999923706055,16.700000762939453,16.280000686645508,16.68000030517578,302800,0.0,0.0
2023-01-20 00:00:00-05:00,16.790000915527344,17.049999237060547,16.56999969482422,16.950000762939453,350900,0.0,0.0
2023-01-23 00:00:00-05:00,17.049999237060547,17.139999389648438,16.65999984741211,17.110000610351562,271800,0.0,0.0
2023-01-24 00:00:00-05:00,17.0,17.21500015258789,16.68000030517578,16.729999542236328,297800,0.0,0.0
2023-01-25 00:00:00-05:00,16.479999542236328,16.979999542236328,16.1200008392334,16.90999984741211,210800,0.0,0.0
2023-01-26 00:00:00-05:00,17.100000381469727,17.420000076293945,16.969999313354492,17.360000610351562,230200,0.0,0.0
2023-01-27 00:00:00-05:00,17.489999771118164,18.25,17.434999465942383,18.079999923706055,375800,0.0,0.0
2023-01-30 00:00:00-05:00,17.81999969482422,17.850000381469727,17.3700008392334,17.530000686645508,224300,0.0,0.0
2023-01-31 00:00:00-05:00,17.610000610351562,18.049999237060547,17.5,17.799999237060547,812700,0.0,0.0
2023-02-01 00:00:00-05:00,17.8799991607666,18.3700008392334,17.389999389648438,18.200000762939453,433100,0.0,0.0
2023-02-02 00:00:00-05:00,18.579999923706055,19.559999465942383,18.579999923706055,19.459999084472656,408700,0.0,0.0
2023-02-03 00:00:00-05:00,19.200000762939453,19.600000381469727,18.780000686645508,18.969999313354492,284800,0.0,0.0
2023-02-06 00:00:00-05:00,18.739999771118164,18.825000762939453,18.25,18.3700008392334,234700,0.0,0.0
2023-02-07 00:00:00-05:00,18.459999084472656,18.665000915527344,18.15999984741211,18.59000015258789,209200,0.0,0.0
2023-02-08 00:00:00-05:00,18.639999389648438,18.760000228881836,18.34000015258789,18.34000015258789,342400,0.0,0.0
2023-02-09 00:00:00-05:00,18.829999923706055,19.389999389648438,18.530000686645508,18.579999923706055,633500,0.0,0.0
2023-02-10 00:00:00-05:00,18.420000076293945,18.860000610351562,18.420000076293945,18.600000381469727,538700,0.0,0.0
2023-02-13 00:00:00-05:00,18.559999465942383,18.68000030517578,18.204999923706055,18.399999618530273,356600,0.0,0.0
2023-02-14 00:00:00-05:00,18.360000610351562,18.760000228881836,18.200000762939453,18.350000381469727,379700,0.0,0.0
2023-02-15 00:00:00-05:00,18.229999542236328,18.649999618530273,18.229999542236328,18.549999237060547,816800,0.0,0.0
2023-02-16 00:00:00-05:00,17.0,18.549999237060547,16.559999465942383,18.309999465942383,1358300,0.0,0.0
2023-02-17 00:00:00-05:00,18.09000015258789,18.34000015258789,17.81999969482422,18.079999923706055,302800,0.0,0.0
2023-02-21 00:00:00-05:00,17.6299991607666,18.03499984741211,17.479999542236328,17.610000610351562,650300,0.0,0.0
2023-02-22 00:00:00-05:00,17.729999542236328,17.920000076293945,17.55500030517578,17.639999389648438,306500,0.0,0.0
2023-02-23 00:00:00-05:00,17.90999984741211,17.90999984741211,17.549999237060547,17.649999618530273,330900,0.0,0.0
2023-02-24 00:00:00-05:00,17.280000686645508,17.655000686645508,17.280000686645508,17.5,419000,0.0,0.0
2023-02-27 00:00:00-05:00,17.670000076293945,17.802000045776367,17.219999313354492,17.350000381469727,560200,0.0,0.0
2023-02-28 00:00:00-05:00,17.299999237060547,17.520000457763672,17.235000610351562,17.25,492100,0.0,0.0
2023-03-01 00:00:00-05:00,17.34000015258789,17.469999313354492,17.0,17.059999465942383,339200,0.0,0.0
2023-03-02 00:00:00-05:00,17.0,17.184999465942383,16.8700008392334,17.020000457763672,214200,0.0,0.0
2023-03-03 00:00:00-05:00,17.059999465942383,17.309999465942383,16.951000213623047,17.0,1005500,0.0,0.0
2023-03-06 00:00:00-05:00,17.1200008392334,17.479999542236328,16.93000030517578,17.290000915527344,1561800,0.0,0.0
2023-03-07 00:00:00-05:00,17.31999969482422,17.5,16.829999923706055,17.010000228881836,424500,0.0,0.0
2023-03-08 00:00:00-05:00,17.049999237060547,17.049999237060547,16.81999969482422,16.959999084472656,982700,0.0,0.0
2023-03-09 00:00:00-05:00,16.979999542236328,17.05500030517578,15.880000114440918,15.920000076293945,602400,0.0,0.0
2023-03-10 00:00:00-05:00,15.899999618530273,15.989999771118164,15.359999656677246,15.739999771118164,542900,0.0,0.0
2023-03-13 00:00:00-04:00,15.539999961853027,16.125,15.399999618530273,15.859999656677246,771100,0.0,0.0
2023-03-14 00:00:00-04:00,16.0,16.260000228881836,15.449999809265137,15.699999809265137,413300,0.0,0.0
2023-03-15 00:00:00-04:00,15.479999542236328,16.100000381469727,15.414999961853027,16.09000015258789,504100,0.0,0.0
2023-03-16 00:00:00-04:00,16.030000686645508,16.7450008392334,15.869999885559082,16.520000457763672,715100,0.0,0.0
2023-03-17 00:00:00-04:00,16.389999389648438,16.610000610351562,16.209999084472656,16.399999618530273,481400,0.0,0.0
2023-03-20 00:00:00-04:00,16.329999923706055,16.329999923706055,15.90999984741211,16.06999969482422,462900,0.0,0.0
2023-03-21 00:00:00-04:00,16.200000762939453,16.649999618530273,16.200000762939453,16.600000381469727,298000,0.0,0.0
2023-03-22 00:00:00-04:00,16.56999969482422,16.639999389648438,16.06999969482422,16.09000015258789,516700,0.0,0.0
2023-03-23 00:00:00-04:00,16.209999084472656,16.739999771118164,16.040000915527344,16.290000915527344,1087000,0.0,0.0
2023-03-24 00:00:00-04:00,16.260000228881836,16.405000686645508,16.110000610351562,16.25,840300,0.0,0.0
2023-03-27 00:00:00-04:00,16.260000228881836,16.475000381469727,16.1200008392334,16.139999389648438,724200,0.0,0.0
2023-03-28 00:00:00-04:00,16.1200008392334,16.18000030517578,15.890000343322754,15.899999618530273,296500,0.0,0.0
2023-03-29 00:00:00-04:00,16.059999465942383,16.385000228881836,16.020000457763672,16.200000762939453,569900,0.0,0.0
2023-03-30 00:00:00-04:00,16.329999923706055,16.489999771118164,16.09000015258789,16.170000076293945,606000,0.0,0.0
2023-03-31 00:00:00-04:00,16.200000762939453,16.75,16.079999923706055,16.399999618530273,2763000,0.0,0.0
2023-04-03 00:00:00-04:00,16.420000076293945,16.825000762939453,16.389999389648438,16.639999389648438,566400,0.0,0.0
2023-04-04 00:00:00-04:00,16.6200008392334,16.6200008392334,16.110000610351562,16.15999984741211,316000,0.0,0.0
2023-04-05 00:00:00-04:00,16.290000915527344,16.290000915527344,15.569999694824219,15.770000457763672,365300,0.0,0.0
2023-04-06 00:00:00-04:00,15.680000305175781,15.914999961853027,15.494999885559082,15.859999656677246,349400,0.0,0.0
2023-04-10 00:00:00-04:00,15.729999542236328,15.835000038146973,15.380000114440918,15.829999923706055,297200,0.0,0.0
2023-04-11 00:00:00-04:00,15.699999809265137,16.079999923706055,15.640000343322754,16.049999237060547,450500,0.0,0.0
2023-04-12 00:00:00-04:00,16.229999542236328,16.3799991607666,15.631999969482422,15.8100004196167,500300,0.0,0.0
2023-04-13 00:00:00-04:00,15.960000038146973,16.655000686645508,15.930000305175781,16.15999984741211,358200,0.0,0.0
2023-04-14 00:00:00-04:00,15.989999771118164,16.15999984741211,15.619999885559082,15.880000114440918,289200,0.0,0.0
2023-04-17 00:00:00-04:00,15.899999618530273,16.09000015258789,15.8100004196167,16.079999923706055,278100,0.0,0.0
2023-04-18 00:00:00-04:00,16.229999542236328,16.229999542236328,15.720000267028809,15.779999732971191,400100,0.0,0.0
2023-04-19 00:00:00-04:00,15.59000015258789,15.890000343322754,15.59000015258789,15.869999885559082,295600,0.0,0.0
2023-04-20 00:00:00-04:00,15.75,15.84000015258789,15.585000038146973,15.640000343322754,344900,0.0,0.0
2023-04-21 00:00:00-04:00,15.640000343322754,15.805000305175781,15.600000381469727,15.699999809265137,283600,0.0,0.0
2023-04-24 00:00:00-04:00,15.680000305175781,15.729999542236328,15.399999618530273,15.479999542236328,280000,0.0,0.0
2023-04-25 00:00:00-04:00,15.34000015258789,15.529999732971191,15.079999923706055,15.3100004196167,1061800,0.0,0.0
2023-04-26 00:00:00-04:00,15.539999961853027,15.539999961853027,15.175000190734863,15.430000305175781,514500,0.0,0.0
2023-04-27 00:00:00-04:00,15.579999923706055,15.619999885559082,15.210000038146973,15.359999656677246,343100,0.0,0.0
2023-04-28 00:00:00-04:00,15.369999885559082,15.5,14.9399995803833,15.460000038146973,512300,0.0,0.0
2023-05-01 00:00:00-04:00,15.380000114440918,15.460000038146973,15.295000076293945,15.369999885559082,475100,0.0,0.0
2023-05-02 00:00:00-04:00,15.34000015258789,15.460000038146973,14.970000267028809,15.119999885559082,700200,0.0,0.0
2023-05-03 00:00:00-04:00,15.029999732971191,15.1899995803833,14.529999732971191,14.800000190734863,1345100,0.0,0.0
2023-05-04 00:00:00-04:00,14.010000228881836,14.329999923706055,13.289999961853027,14.09000015258789,1567600,0.0,0.0
2023-05-05 00:00:00-04:00,14.229999542236328,14.649999618530273,14.0,14.510000228881836,576500,0.0,0.0
2023-05-08 00:00:00-04:00,14.4399995803833,14.71500015258789,14.4399995803833,14.670000076293945,325200,0.0,0.0
2023-05-09 00:00:00-04:00,14.510000228881836,14.8100004196167,14.510000228881836,14.720000267028809,275300,0.0,0.0
2023-05-10 00:00:00-04:00,14.9399995803833,15.050000190734863,14.760000228881836,15.050000190734863,297200,0.0,0.0
2023-05-11 00:00:00-04:00,14.979999542236328,14.989999771118164,14.630000114440918,14.84000015258789,258200,0.0,0.0
2023-05-12 00:00:00-04:00,14.880000114440918,14.949999809265137,14.630000114440918,14.710000038146973,322200,0.0,0.0
2023-05-15 00:00:00-04:00,14.779999732971191,15.085000038146973,14.71500015258789,15.020000457763672,381500,0.0,0.0
2023-05-16 00:00:00-04:00,15.3100004196167,15.710000038146973,14.9399995803833,15.149999618530273,679700,0.0,0.0
2023-05-17 00:00:00-04:00,15.220000267028809,15.800000190734863,15.15999984741211,15.720000267028809,619600,0.0,0.0
2023-05-18 00:00:00-04:00,15.739999771118164,16.15999984741211,15.729999542236328,16.139999389648438,552000,0.0,0.0
2023-05-19 00:00:00-04:00,16.18000030517578,16.200000762939453,15.779999732971191,16.059999465942383,458000,0.0,0.0
2023-05-22 00:00:00-04:00,16.059999465942383,16.75,15.949999809265137,16.649999618530273,461900,0.0,0.0
2023-05-23 00:00:00-04:00,16.579999923706055,17.040000915527344,16.579999923706055,16.81999969482422,594100,0.0,0.0
2023-05-24 00:00:00-04:00,16.6200008392334,16.674999237060547,16.420000076293945,16.579999923706055,371800,0.0,0.0
2023-05-25 00:00:00-04:00,16.75,16.780000686645508,16.479999542236328,16.56999969482422,349000,0.0,0.0
2023-05-26 00:00:00-04:00,16.600000381469727,16.93000030517578,16.600000381469727,16.610000610351562,430900,0.0,0.0
2023-05-30 00:00:00-04:00,16.770000457763672,17.139999389648438,16.729999542236328,17.0,538100,0.0,0.0
2023-05-31 00:00:00-04:00,16.90999984741211,17.760000228881836,16.860000610351562,17.65999984741211,1443200,0.0,0.0
2023-06-01 00:00:00-04:00,17.40999984741211,17.8700008392334,17.21500015258789,17.770000457763672,711900,0.0,0.0
2023-06-02 00:00:00-04:00,17.8700008392334,18.219999313354492,17.649999618530273,17.729999542236328,398200,0.0,0.0
2023-06-05 00:00:00-04:00,17.639999389648438,17.829999923706055,17.559999465942383,17.670000076293945,313400,0.0,0.0
2023-06-06 00:00:00-04:00,17.670000076293945,18.15999984741211,17.649999618530273,18.139999389648438,633800,0.0,0.0
2023-06-07 00:00:00-04:00,18.139999389648438,18.3700008392334,17.520000457763672,17.6299991607666,378000,0.0,0.0
2023-06-08 00:00:00-04:00,17.6299991607666,17.704999923706055,17.440000534057617,17.68000030517578,385300,0.0,0.0
2023-06-09 00:00:00-04:00,17.790000915527344,18.34000015258789,17.59000015258789,17.610000610351562,374300,0.0,0.0
2023-06-12 00:00:00-04:00,17.700000762939453,18.190000534057617,17.68000030517578,18.149999618530273,358100,0.0,0.0
2023-06-13 00:00:00-04:00,18.389999389648438,18.639999389648438,18.110000610351562,18.469999313354492,513800,0.0,0.0
2023-06-14 00:00:00-04:00,18.549999237060547,18.8700008392334,18.434999465942383,18.6200008392334,511000,0.0,0.0
2023-06-15 00:00:00-04:00,18.56999969482422,18.700000762939453,18.3700008392334,18.6200008392334,389400,0.0,0.0
2023-06-16 00:00:00-04:00,18.799999237060547,18.799999237060547,18.3700008392334,18.540000915527344,446500,0.0,0.0
2023-06-20 00:00:00-04:00,18.360000610351562,18.540000915527344,18.219999313354492,18.350000381469727,262100,0.0,0.0
2023-06-21 00:00:00-04:00,18.260000228881836,18.350000381469727,17.790000915527344,17.799999237060547,314000,0.0,0.0
2023-06-22 00:00:00-04:00,17.770000457763672,18.040000915527344,17.649999618530273,17.940000534057617,288200,0.0,0.0
2023-06-23 00:00:00-04:00,17.739999771118164,18.0,17.700000762939453,17.90999984741211,585200,0.0,0.0
2023-06-26 00:00:00-04:00,17.84000015258789,18.030000686645508,17.489999771118164,17.5,266000,0.0,0.0
2023-06-27 00:00:00-04:00,17.559999465942383,17.825000762939453,17.459999084472656,17.780000686645508,270100,0.0,0.0
2023-06-28 00:00:00-04:00,17.790000915527344,18.350000381469727,17.725000381469727,18.329999923706055,407300,0.0,0.0
2023-06-29 00:00:00-04:00,18.360000610351562,18.610000610351562,18.15999984741211,18.170000076293945,373600,0.0,0.0
2023-06-30 00:00:00-04:00,18.270000457763672,18.674999237060547,18.239999771118164,18.5,375300,0.0,0.0
2023-07-03 00:00:00-04:00,18.420000076293945,18.600000381469727,18.315000534057617,18.459999084472656,147900,0.0,0.0
2023-07-05 00:00:00-04:00,18.31999969482422,18.385000228881836,18.1200008392334,18.209999084472656,463900,0.0,0.0
2023-07-06 00:00:00-04:00,17.899999618530273,17.969999313354492,17.649999618530273,17.889999389648438,271700,0.0,0.0
2023-07-07 00:00:00-04:00,17.8700008392334,18.1299991607666,17.600000381469727,17.649999618530273,328700,0.0,0.0
2023-07-10 00:00:00-04:00,17.614999771118164,18.1200008392334,17.579999923706055,18.06999969482422,343200,0.0,0.0
2023-07-11 00:00:00-04:00,18.209999084472656,18.270000457763672,18.030000686645508,18.190000534057617,295500,0.0,0.0
2023-07-12 00:00:00-04:00,18.540000915527344,18.540000915527344,18.1299991607666,18.34000015258789,379300,0.0,0.0
2023-07-13 00:00:00-04:00,18.489999771118164,19.1200008392334,18.489999771118164,18.940000534057617,508600,0.0,0.0
2023-07-14 00:00:00-04:00,19.0,19.1200008392334,18.649999618530273,18.690000534057617,282800,0.0,0.0
2023-07-17 00:00:00-04:00,18.700000762939453,19.030000686645508,18.690000534057617,18.90999984741211,208000,0.0,0.0
2023-07-18 00:00:00-04:00,18.979999542236328,19.06999969482422,18.770000457763672,18.889999389648438,242200,0.0,0.0
2023-07-19 00:00:00-04:00,19.020000457763672,19.389999389648438,18.989999771118164,19.0,303600,0.0,0.0
2023-07-20 00:00:00-04:00,18.8799991607666,19.09000015258789,18.639999389648438,18.690000534057617,299500,0.0,0.0
2023-07-21 00:00:00-04:00,18.790000915527344,18.8799991607666,18.40999984741211,18.610000610351562,417400,0.0,0.0
2023-07-24 00:00:00-04:00,18.649999618530273,18.81999969482422,18.40999984741211,18.610000610351562,249000,0.0,0.0
2023-07-25 00:00:00-04:00,18.729999542236328,18.905000686645508,18.59000015258789,18.690000534057617,221500,0.0,0.0
2023-07-26 00:00:00-04:00,18.75,18.81999969482422,18.579999923706055,18.780000686645508,200600,0.0,0.0
2023-07-27 00:00:00-04:00,19.06999969482422,19.114999771118164,18.389999389648438,18.399999618530273,241400,0.0,0.0
2023-07-28 00:00:00-04:00,18.610000610351562,18.950000762939453,18.5,18.610000610351562,216600,0.0,0.0
2023-07-31 00:00:00-04:00,18.760000228881836,19.170000076293945,18.760000228881836,19.040000915527344,322600,0.0,0.0
2023-08-01 00:00:00-04:00,19.139999389648438,19.229999542236328,18.860000610351562,19.15999984741211,339800,0.0,0.0
2023-08-02 00:00:00-04:00,18.8799991607666,18.8799991607666,18.18000030517578,18.3700008392334,359800,0.0,0.0
2023-08-03 00:00:00-04:00,20.0,21.389999389648438,19.399999618530273,21.3700008392334,1848700,0.0,0.0
2023-08-04 00:00:00-04:00,21.540000915527344,22.1200008392334,21.489999771118164,21.719999313354492,1016700,0.0,0.0
2023-08-07 00:00:00-04:00,21.780000686645508,21.979999542236328,21.420000076293945,21.75,1131600,0.0,0.0
2023-08-08 00:00:00-04:00,21.600000381469727,21.600000381469727,20.690000534057617,21.18000030517578,527000,0.0,0.0
2023-08-09 00:00:00-04:00,21.229999542236328,21.229999542236328,20.139999389648438,20.149999618530273,467400,0.0,0.0
2023-08-10 00:00:00-04:00,20.40999984741211,20.829999923706055,20.059999465942383,20.209999084472656,435500,0.0,0.0
2023-08-11 00:00:00-04:00,20.09000015258789,20.350000381469727,20.020000457763672,20.100000381469727,261900,0.0,0.0
2023-08-14 00:00:00-04:00,19.920000076293945,20.420000076293945,19.780000686645508,20.309999465942383,242500,0.0,0.0
2023-08-15 00:00:00-04:00,20.200000762939453,20.454999923706055,20.040000915527344,20.209999084472656,257000,0.0,0.0
2023-08-16 00:00:00-04:00,20.229999542236328,20.299999237060547,19.479999542236328,19.530000686645508,380300,0.0,0.0
2023-08-17 00:00:00-04:00,19.510000228881836,19.520000457763672,19.139999389648438,19.170000076293945,348100,0.0,0.0
2023-08-18 00:00:00-04:00,18.989999771118164,19.469999313354492,18.81999969482422,19.329999923706055,343400,0.0,0.0
2023-08-21 00:00:00-04:00,19.389999389648438,19.6200008392334,19.274999618530273,19.540000915527344,420000,0.0,0.0
2023-08-22 00:00:00-04:00,19.639999389648438,20.040000915527344,19.56999969482422,19.950000762939453,644000,0.0,0.0
2023-08-23 00:00:00-04:00,19.940000534057617,20.354999542236328,19.854999542236328,20.1200008392334,232500,0.0,0.0
2023-08-24 00:00:00-04:00,20.229999542236328,20.420000076293945,19.969999313354492,20.0,326600,0.0,0.0
2023-08-25 00:00:00-04:00,20.100000381469727,20.375,19.78499984741211,20.309999465942383,275400,0.0,0.0
2023-08-28 00:00:00-04:00,20.3799991607666,20.450000762939453,20.219999313354492,20.350000381469727,242800,0.0,0.0
2023-08-29 00:00:00-04:00,20.280000686645508,20.489999771118164,20.170000076293945,20.469999313354492,323700,0.0,0.0
2023-08-30 00:00:00-04:00,20.450000762939453,20.959999084472656,20.447999954223633,20.920000076293945,459900,0.0,0.0
2023-08-31 00:00:00-04:00,20.899999618530273,21.149999618530273,20.739999771118164,20.950000762939453,614800,0.0,0.0
2023-09-01 00:00:00-04:00,21.059999465942383,21.219999313354492,20.961999893188477,21.139999389648438,263800,0.0,0.0
2023-09-05 00:00:00-04:00,20.979999542236328,21.549999237060547,20.979999542236328,21.540000915527344,394900,0.0,0.0
2023-09-06 00:00:00-04:00,21.34000015258789,21.475000381469727,21.0,21.34000015258789,629100,0.0,0.0
2023-09-07 00:00:00-04:00,20.860000610351562,21.350000381469727,20.579999923706055,21.31999969482422,668200,0.0,0.0
2023-09-08 00:00:00-04:00,21.280000686645508,21.549999237060547,21.209999084472656,21.489999771118164,435800,0.0,0.0
2023-09-11 00:00:00-04:00,21.56999969482422,21.8700008392334,21.524999618530273,21.75,390200,0.0,0.0
2023-09-12 00:00:00-04:00,21.59000015258789,21.760000228881836,21.440000534057617,21.479999542236328,236600,0.0,0.0
2023-09-13 00:00:00-04:00,21.549999237060547,21.549999237060547,21.139999389648438,21.229999542236328,358500,0.0,0.0
2023-09-14 00:00:00-04:00,21.40999984741211,21.43000030517578,21.229999542236328,21.280000686645508,214000,0.0,0.0
2023-09-15 00:00:00-04:00,21.209999084472656,21.280000686645508,20.969999313354492,21.209999084472656,563100,0.0,0.0
2023-09-18 00:00:00-04:00,21.020000457763672,21.3700008392334,20.94499969482422,21.360000610351562,235000,0.0,0.0
2023-09-19 00:00:00-04:00,21.219999313354492,21.299999237060547,20.954999923706055,21.1299991607666,368700,0.0,0.0
2023-09-20 00:00:00-04:00,21.200000762939453,21.579999923706055,21.1299991607666,21.149999618530273,335000,0.0,0.0
2023-09-21 00:00:00-04:00,20.940000534057617,20.959999084472656,20.690000534057617,20.709999084472656,279100,0.0,0.0
2023-09-22 00:00:00-04:00,20.8799991607666,20.920000076293945,20.520000457763672,20.530000686645508,237800,0.0,0.0
2023-09-25 00:00:00-04:00,20.459999084472656,20.739999771118164,20.290000915527344,20.549999237060547,170100,0.0,0.0
2023-09-26 00:00:00-04:00,20.3700008392334,20.579999923706055,19.84000015258789,19.899999618530273,311300,0.0,0.0
2023-09-27 00:00:00-04:00,20.09000015258789,20.299999237060547,20.030000686645508,20.18000030517578,150800,0.0,0.0
2023-09-28 00:00:00-04:00,20.100000381469727,20.34000015258789,19.850000381469727,20.190000534057617,260700,0.0,0.0
2023-09-29 00:00:00-04:00,20.6200008392334,21.25,20.6200008392334,21.06999969482422,602900,0.0,0.0
2023-10-02 00:00:00-04:00,21.020000457763672,21.15999984741211,20.65999984741211,20.8799991607666,324200,0.0,0.0
2023-10-03 00:00:00-04:00,20.700000762939453,20.959999084472656,20.479999542236328,20.5,355000,0.0,0.0
2023-10-04 00:00:00-04:00,20.610000610351562,20.940000534057617,20.530000686645508,20.850000381469727,236100,0.0,0.0
2023-10-05 00:00:00-04:00,20.790000915527344,20.93000030517578,20.440000534057617,20.850000381469727,262500,0.0,0.0
2023-10-06 00:00:00-04:00,20.68000030517578,21.649999618530273,20.68000030517578,21.489999771118164,313200,0.0,0.0
2023-10-09 00:00:00-04:00,21.290000915527344,21.780000686645508,21.100000381469727,21.59000015258789,211800,0.0,0.0
2023-10-10 00:00:00-04:00,21.559999465942383,21.989999771118164,21.479999542236328,21.549999237060547,265700,0.0,0.0
2023-10-11 00:00:00-04:00,21.649999618530273,21.889999389648438,21.43000030517578,21.639999389648438,236300,0.0,0.0
2023-10-12 00:00:00-04:00,21.709999084472656,21.709999084472656,20.93000030517578,21.18000030517578,309200,0.0,0.0
2023-10-13 00:00:00-04:00,21.149999618530273,21.149999618530273,20.600000381469727,20.780000686645508,188800,0.0,0.0
2023-10-16 00:00:00-04:00,21.010000228881836,21.469999313354492,20.815000534057617,21.239999771118164,277100,0.0,0.0
2023-10-17 00:00:00-04:00,21.079999923706055,21.700000762939453,20.729999542236328,21.399999618530273,248000,0.0,0.0
2023-10-18 00:00:00-04:00,21.25,21.3799991607666,20.729999542236328,20.760000228881836,204400,0.0,0.0
2023-10-19 00:00:00-04:00,20.889999389648438,21.08099937438965,20.600000381469727,20.65999984741211,195400,0.0,0.0
2023-10-20 00:00:00-04:00,20.600000381469727,20.739999771118164,20.239999771118164,20.420000076293945,289300,0.0,0.0
2023-10-23 00:00:00-04:00,20.239999771118164,20.280000686645508,19.899999618530273,19.90999984741211,216400,0.0,0.0
2023-10-24 00:00:00-04:00,20.040000915527344,20.639999389648438,19.940000534057617,20.309999465942383,272700,0.0,0.0
2023-10-25 00:00:00-04:00,20.219999313354492,20.239999771118164,19.450000762939453,19.5,233700,0.0,0.0
2023-10-26 00:00:00-04:00,19.399999618530273,19.56999969482422,19.0,19.31999969482422,287400,0.0,0.0
2023-10-27 00:00:00-04:00,19.530000686645508,19.530000686645508,19.000999450683594,19.100000381469727,262800,0.0,0.0
2023-10-30 00:00:00-04:00,19.229999542236328,19.344999313354492,18.75,18.8700008392334,393700,0.0,0.0
2023-10-31 00:00:00-04:00,18.969999313354492,19.399999618530273,18.709999084472656,19.18000030517578,319300,0.0,0.0
2023-11-01 00:00:00-04:00,19.040000915527344,19.235000610351562,18.84000015258789,19.15999984741211,277900,0.0,0.0
2023-11-02 00:00:00-04:00,21.489999771118164,23.15999984741211,21.489999771118164,22.579999923706055,1857800,0.0,0.0
2023-11-03 00:00:00-04:00,23.030000686645508,23.479999542236328,22.459999084472656,23.479999542236328,761100,0.0,0.0
2023-11-06 00:00:00-05:00,23.200000762939453,23.3799991607666,21.920000076293945,22.770000457763672,1160600,0.0,0.0
2023-11-07 00:00:00-05:00,22.700000762939453,23.329999923706055,22.540000915527344,23.100000381469727,709000,0.0,0.0
2023-11-08 00:00:00-05:00,23.100000381469727,23.329999923706055,23.010000228881836,23.18000030517578,406400,0.0,0.0
2023-11-09 00:00:00-05:00,23.18000030517578,23.639999389648438,22.725000381469727,22.81999969482422,476500,0.0,0.0
2023-11-10 00:00:00-05:00,22.770000457763672,23.43000030517578,22.700000762939453,23.3799991607666,598700,0.0,0.0
2023-11-13 00:00:00-05:00,23.219999313354492,23.8799991607666,23.149999618530273,23.8799991607666,898200,0.0,0.0
2023-11-14 00:00:00-05:00,24.09000015258789,24.959999084472656,24.010000228881836,24.90999984741211,690400,0.0,0.0
2023-11-15 00:00:00-05:00,24.920000076293945,25.15999984741211,24.34000015258789,24.440000534057617,982700,0.0,0.0
2023-11-16 00:00:00-05:00,24.260000228881836,24.3700008392334,23.829999923706055,24.309999465942383,624700,0.0,0.0
2023-11-17 00:00:00-05:00,24.420000076293945,24.649999618530273,24.25,24.479999542236328,526600,0.0,0.0
2023-11-20 00:00:00-05:00,24.459999084472656,24.809999465942383,24.261999130249023,24.790000915527344,563200,0.0,0.0
2023-11-21 00:00:00-05:00,24.610000610351562,24.739999771118164,24.399999618530273,24.5,453900,0.0,0.0
2023-11-22 00:00:00-05:00,24.700000762939453,24.739999771118164,24.309999465942383,24.530000686645508,403200,0.0,0.0
2023-11-24 00:00:00-05:00,24.43000030517578,24.780000686645508,24.389999389648438,24.65999984741211,158200,0.0,0.0
2023-11-27 00:00:00-05:00,24.520000457763672,24.8700008392334,24.520000457763672,24.75,442000,0.0,0.0
2023-11-28 00:00:00-05:00,24.6200008392334,25.1299991607666,24.6200008392334,25.079999923706055,455800,0.0,0.0
2023-11-29 00:00:00-05:00,25.299999237060547,25.780000686645508,25.030000686645508,25.34000015258789,663200,0.0,0.0
2023-11-30 00:00:00-05:00,25.350000381469727,25.56999969482422,24.8700008392334,25.09000015258789,635700,0.0,0.0
2023-12-01 00:00:00-05:00,25.079999923706055,25.78499984741211,25.014999389648438,25.530000686645508,607600,0.0,0.0
2023-12-04 00:00:00-05:00,25.25,26.040000915527344,25.15999984741211,25.899999618530273,860300,0.0,0.0
2023-12-05 00:00:00-05:00,25.739999771118164,26.100000381469727,25.65999984741211,26.030000686645508,579000,0.0,0.0
2023-12-06 00:00:00-05:00,26.459999084472656,27.729999542236328,26.1200008392334,27.389999389648438,1809400,0.0,0.0
2023-12-07 00:00:00-05:00,27.5,27.549999237060547,27.0,27.09000015258789,1286400,0.0,0.0
2023-12-08 00:00:00-05:00,26.790000915527344,27.719999313354492,26.520000457763672,27.329999923706055,1368000,0.0,0.0
2023-12-11 00:00:00-05:00,27.290000915527344,28.229999542236328,27.25,27.81999969482422,1067800,0.0,0.0
2023-12-12 00:00:00-05:00,27.719999313354492,28.190000534057617,27.469999313354492,28.18000030517578,1353000,0.0,0.0
2023-12-13 00:00:00-05:00,28.200000762939453,29.3700008392334,28.200000762939453,29.110000610351562,2167500,0.0,0.0
2023-12-14 00:00:00-05:00,29.31999969482422,30.1299991607666,28.93199920654297,29.0,1974700,0.0,0.0
2023-12-15 00:00:00-05:00,28.940000534057617,29.350000381469727,28.739999771118164,28.979999542236328,1163900,0.0,0.0
2023-12-18 00:00:00-05:00,28.8799991607666,29.110000610351562,28.649999618530273,29.0,1594800,0.0,0.0
2023-12-19 00:00:00-05:00,29.0,29.1299991607666,28.459999084472656,28.610000610351562,974900,0.0,0.0
2023-12-20 00:00:00-05:00,28.579999923706055,28.93000030517578,28.270000457763672,28.280000686645508,565700,0.0,0.0
2023-12-21 00:00:00-05:00,28.68000030517578,28.770000457763672,28.295000076293945,28.75,390000,0.0,0.0
2023-12-22 00:00:00-05:00,28.790000915527344,29.030000686645508,28.530000686645508,29.010000228881836,459900,0.0,0.0
2023-12-26 00:00:00-05:00,29.18000030517578,29.290000915527344,29.030000686645508,29.110000610351562,584300,0.0,0.0
2023-12-27 00:00:00-05:00,29.219999313354492,29.253999710083008,28.77400016784668,29.020000457763672,368800,0.0,0.0
2023-12-28 00:00:00-05:00,28.940000534057617,28.940000534057617,28.540000915527344,28.690000534057617,425500,0.0,0.0
2023-12-29 00:00:00-05:00,28.690000534057617,28.875,28.309999465942383,28.389999389648438,367800,0.0,0.0
2024-01-02 00:00:00-05:00,27.860000610351562,28.1200008392334,26.795000076293945,26.950000762939453,924900,0.0,0.0
2024-01-03 00:00:00-05:00,26.6299991607666,26.649999618530273,25.739999771118164,25.899999618530273,701600,0.0,0.0
2024-01-04 00:00:00-05:00,25.940000534057617,26.56999969482422,25.739999771118164,26.3799991607666,633800,0.0,0.0
2024-01-05 00:00:00-05:00,26.25,26.65999984741211,26.25,26.520000457763672,550800,0.0,0.0
2024-01-08 00:00:00-05:00,26.790000915527344,27.274999618530273,26.625,27.149999618530273,807500,0.0,0.0
2024-01-09 00:00:00-05:00,26.979999542236328,27.889999389648438,26.979999542236328,27.8700008392334,850300,0.0,0.0
2024-01-10 00:00:00-05:00,27.920000076293945,28.549999237060547,27.905000686645508,28.40999984741211,835300,0.0,0.0
2024-01-11 00:00:00-05:00,28.40999984741211,28.920000076293945,28.200000762939453,28.75,773600,0.0,0.0
2024-01-12 00:00:00-05:00,28.799999237060547,29.209999084472656,28.639999389648438,29.06999969482422,666300,0.0,0.0
2024-01-16 00:00:00-05:00,28.84000015258789,29.09000015258789,28.485000610351562,29.079999923706055,562200,0.0,0.0
2024-01-17 00:00:00-05:00,28.690000534057617,29.0,28.190000534057617,28.950000762939453,543500,0.0,0.0
2024-01-18 00:00:00-05:00,29.43000030517578,29.799999237060547,28.579999923706055,29.030000686645508,632700,0.0,0.0
2024-01-19 00:00:00-05:00,29.440000534057617,30.350000381469727,29.0,30.290000915527344,992000,0.0,0.0
2024-01-22 00:00:00-05:00,30.770000457763672,31.649999618530273,30.549999237060547,30.899999618530273,1397500,0.0,0.0
2024-01-23 00:00:00-05:00,30.940000534057617,30.950000762939453,29.90999984741211,30.15999984741211,805700,0.0,0.0
2024-01-24 00:00:00-05:00,30.56999969482422,30.584999084472656,29.6299991607666,29.809999465942383,580200,0.0,0.0
2024-01-25 00:00:00-05:00,30.06999969482422,30.25,29.510000228881836,29.979999542236328,539600,0.0,0.0
2024-01-26 00:00:00-05:00,29.93000030517578,30.579999923706055,29.709999084472656,30.1200008392334,606200,0.0,0.0
2024-01-29 00:00:00-05:00,30.25,30.860000610351562,30.204999923706055,30.75,521800,0.0,0.0
2024-01-30 00:00:00-05:00,30.709999084472656,30.989999771118164,30.1200008392334,30.469999313354492,736900,0.0,0.0
2024-01-31 00:00:00-05:00,30.3799991607666,30.639999389648438,29.770000457763672,30.0,728900,0.0,0.0
2024-02-01 00:00:00-05:00,30.219999313354492,30.979999542236328,29.84000015258789,30.899999618530273,679900,0.0,0.0
2024-02-02 00:00:00-05:00,30.690000534057617,31.43000030517578,30.0,31.0,2995200,0.0,0.0
2024-02-05 00:00:00-05:00,31.020000457763672,31.239999771118164,30.200000762939453,30.25,1207200,0.0,0.0
2024-02-06 00:00:00-05:00,30.299999237060547,30.65999984741211,29.711000442504883,30.030000686645508,457700,0.0,0.0
2024-02-07 00:00:00-05:00,30.260000228881836,30.610000610351562,29.8799991607666,30.200000762939453,576000,0.0,0.0
2024-02-08 00:00:00-05:00,30.34000015258789,31.149999618530273,30.219999313354492,31.1200008392334,549300,0.0,0.0
2024-02-09 00:00:00-05:00,31.1200008392334,31.65999984741211,30.0,31.1200008392334,2848600,0.0,0.0
2024-02-12 00:00:00-05:00,31.139999389648438,31.899999618530273,30.75,31.290000915527344,4963600,0.0,0.0
2024-02-13 00:00:00-05:00,30.34000015258789,30.489999771118164,29.030000686645508,29.510000228881836,1722000,0.0,0.0
2024-02-14 00:00:00-05:00,29.959999084472656,30.479999542236328,29.729999542236328,30.1299991607666,2271400,0.0,0.0
2024-02-15 00:00:00-05:00,35.56999969482422,36.0,33.099998474121094,33.970001220703125,4700100,0.0,0.0
2024-02-16 00:00:00-05:00,34.81999969482422,34.90999984741211,33.75,34.09000015258789,1937500,0.0,0.0
2024-02-20 00:00:00-05:00,32.52000045776367,32.880001068115234,31.40999984741211,32.15999984741211,2758400,0.0,0.0
2024-02-21 00:00:00-05:00,31.3799991607666,32.02000045776367,31.0,31.860000610351562,1028500,0.0,0.0
2024-02-22 00:00:00-05:00,32.63999938964844,33.279998779296875,32.290000915527344,32.599998474121094,1524100,0.0,0.0
2024-02-23 00:00:00-05:00,32.72999954223633,32.95000076293945,31.93000030517578,32.34000015258789,1150300,0.0,0.0
2024-02-26 00:00:00-05:00,32.529998779296875,32.86000061035156,32.22999954223633,32.27000045776367,804000,0.0,0.0
2024-02-27 00:00:00-05:00,32.4900016784668,33.25,32.18000030517578,32.79999923706055,1346200,0.0,0.0
2024-02-28 00:00:00-05:00,32.560001373291016,32.630001068115234,32.099998474121094,32.310001373291016,682800,0.0,0.0
2024-02-29 00:00:00-05:00,32.4900016784668,32.79999923706055,32.2599983215332,32.58000183105469,1233000,0.0,0.0
2024-03-01 00:00:00-05:00,32.400001525878906,32.73500061035156,31.81999969482422,32.459999084472656,950500,0.0,0.0
2024-03-04 00:00:00-05:00,32.314998626708984,32.439998626708984,31.850000381469727,32.04999923706055,1270000,0.0,0.0
2024-03-05 00:00:00-05:00,31.639999389648438,31.74799919128418,31.049999237060547,31.700000762939453,1084500,0.0,0.0
2024-03-06 00:00:00-05:00,32.029998779296875,32.14799880981445,31.510000228881836,31.8799991607666,865200,0.0,0.0
2024-03-07 00:00:00-05:00,32.0,32.42499923706055,31.65999984741211,32.11000061035156,1022900,0.0,0.0
2024-03-08 00:00:00-05:00,31.940000534057617,32.4900016784668,31.469999313354492,31.829999923706055,874000,0.0,0.0
2024-03-11 00:00:00-04:00,31.670000076293945,31.959999084472656,31.3700008392334,31.90999984741211,405100,0.0,0.0
2024-03-12 00:00:00-04:00,31.989999771118164,33.08000183105469,31.780000686645508,33.060001373291016,573800,0.0,0.0
2024-03-13 00:00:00-04:00,33.08000183105469,34.150001525878906,33.06999969482422,34.040000915527344,992300,0.0,0.0
2024-03-14 00:00:00-04:00,34.099998474121094,34.31999969482422,33.560001373291016,33.900001525878906,1178400,0.0,0.0
2024-03-15 00:00:00-04:00,33.66999816894531,34.34000015258789,33.33000183105469,34.25,1924700,0.0,0.0
2024-03-18 00:00:00-04:00,34.4900016784668,35.130001068115234,34.290000915527344,34.849998474121094,1526300,0.0,0.0
2024-03-19 00:00:00-04:00,34.56999969482422,34.89500045776367,34.02399826049805,34.720001220703125,1225300,0.0,0.0
2024-03-20 00:00:00-04:00,35.0,35.707000732421875,34.63999938964844,35.52000045776367,999400,0.0,0.0
2024-03-21 00:00:00-04:00,35.91999816894531,36.56999969482422,35.650001525878906,36.130001068115234,1125400,0.0,0.0
2024-03-22 00:00:00-04:00,35.95000076293945,36.810001373291016,35.81999969482422,36.650001525878906,1118000,0.0,0.0
2024-03-25 00:00:00-04:00,36.400001525878906,36.470001220703125,35.87200164794922,36.220001220703125,971500,0.0,0.0
2024-03-26 00:00:00-04:00,36.5099983215332,36.61000061035156,35.939998626708984,35.959999084472656,978600,0.0,0.0
2024-03-27 00:00:00-04:00,36.27000045776367,36.38999938964844,34.72999954223633,35.5099983215332,1421900,0.0,0.0
2024-03-28 00:00:00-04:00,35.540000915527344,35.625,34.79999923706055,35.0,1387700,0.0,0.0
2024-04-01 00:00:00-04:00,34.95000076293945,35.27000045776367,34.54999923706055,35.20000076293945,900400,0.0,0.0
2024-04-02 00:00:00-04:00,34.7599983215332,34.9900016784668,33.7599983215332,34.86000061035156,1265800,0.0,0.0
2024-04-03 00:00:00-04:00,35.2599983215332,35.900001525878906,35.029998779296875,35.369998931884766,1668100,0.0,0.0
2024-04-04 00:00:00-04:00,35.79999923706055,36.599998474121094,35.61000061035156,35.66999816894531,1225900,0.0,0.0
2024-04-05 00:00:00-04:00,35.40999984741211,36.87300109863281,35.40999984741211,36.65999984741211,1740800,0.0,0.0
2024-04-08 00:00:00-04:00,36.65999984741211,38.310001373291016,36.65999984741211,38.25,2599700,0.0,0.0
2024-04-09 00:00:00-04:00,38.18000030517578,38.58000183105469,37.91999816894531,38.150001525878906,2891100,0.0,0.0
2024-04-10 00:00:00-04:00,37.040000915527344,37.790000915527344,36.31999969482422,37.70000076293945,5437800,0.0,0.0
2024-04-11 00:00:00-04:00,38.0,38.81999969482422,37.099998474121094,38.810001373291016,8953400,0.0,0.0
2024-04-12 00:00:00-04:00,38.470001220703125,39.79999923706055,37.75,38.47999954223633,8995300,0.0,0.0
2024-04-15 00:00:00-04:00,37.5,38.0,34.474998474121094,35.97999954223633,9441600,0.0,0.0
2024-04-16 00:00:00-04:00,35.84000015258789,36.4900016784668,34.849998474121094,35.02000045776367,4248100,0.0,0.0
2024-04-17 00:00:00-04:00,35.31999969482422,35.68000030517578,34.09000015258789,34.68000030517578,1817100,0.0,0.0
2024-04-18 00:00:00-04:00,34.65999984741211,35.58000183105469,34.54999923706055,35.08000183105469,1513400,0.0,0.0
2024-04-19 00:00:00-04:00,35.09000015258789,35.91999816894531,34.65999984741211,35.189998626708984,2024200,0.0,0.0
2024-04-22 00:00:00-04:00,33.2599983215332,33.68199920654297,30.06999969482422,31.489999771118164,10153900,0.0,0.0
2024-04-23 00:00:00-04:00,31.760000228881836,32.2400016784668,30.834999084472656,31.389999389648438,2942900,0.0,0.0
2024-04-24 00:00:00-04:00,31.81999969482422,32.08000183105469,31.1200008392334,31.93000030517578,1962700,0.0,0.0
2024-04-25 00:00:00-04:00,31.149999618530273,31.860000610351562,31.09000015258789,31.84000015258789,1989600,0.0,0.0
2024-04-26 00:00:00-04:00,32.0,32.540000915527344,31.729999542236328,31.899999618530273,1066000,0.0,0.0
2024-04-29 00:00:00-04:00,32.29999923706055,32.5099983215332,31.719999313354492,31.790000915527344,1205700,0.0,0.0
2024-04-30 00:00:00-04:00,31.530000686645508,32.0099983215332,30.959999084472656,30.969999313354492,1964200,0.0,0.0
2024-05-01 00:00:00-04:00,31.020000457763672,31.639999389648438,29.93000030517578,30.850000381469727,3144100,0.0,0.0
2024-05-02 00:00:00-04:00,30.799999237060547,31.25,30.030000686645508,30.31999969482422,2083000,0.0,0.0
2024-05-03 00:00:00-04:00,30.700000762939453,30.719999313354492,29.329999923706055,29.84000015258789,2098600,0.0,0.0
2024-05-06 00:00:00-04:00,29.989999771118164,30.350000381469727,29.739999771118164,30.010000228881836,1925100,0.0,0.0
2024-05-07 00:00:00-04:00,29.920000076293945,30.40999984741211,29.56999969482422,29.940000534057617,1055200,0.0,0.0
2024-05-08 00:00:00-04:00,29.709999084472656,30.260000228881836,29.709999084472656,30.15999984741211,1470500,0.0,0.0
2024-05-09 00:00:00-04:00,30.079999923706055,30.329999923706055,29.709999084472656,29.889999389648438,967200,0.0,0.0
2024-05-10 00:00:00-04:00,29.950000762939453,30.1299991607666,29.290000915527344,29.5,1256600,0.0,0.0
2024-05-13 00:00:00-04:00,29.709999084472656,29.780000686645508,29.360000610351562,29.43000030517578,1103000,0.0,0.0
2024-05-14 00:00:00-04:00,29.549999237060547,29.979999542236328,29.420000076293945,29.639999389648438,852000,0.0,0.0
2024-05-15 00:00:00-04:00,30.0,30.489999771118164,29.81999969482422,30.3700008392334,1114400,0.0,0.0
2024-05-16 00:00:00-04:00,30.270000457763672,30.299999237060547,29.549999237060547,29.559999465942383,1115800,0.0,0.0
2024-05-17 00:00:00-04:00,29.56999969482422,29.829999923706055,29.25,29.520000457763672,1213700,0.0,0.0
2024-05-20 00:00:00-04:00,29.600000381469727,30.6200008392334,29.600000381469727,30.59000015258789,1084700,0.0,0.0
2024-05-21 00:00:00-04:00,30.420000076293945,30.520000457763672,30.100000381469727,30.15999984741211,738600,0.0,0.0
2024-05-22 00:00:00-04:00,30.290000915527344,31.149999618530273,30.290000915527344,30.56999969482422,1247200,0.0,0.0
2024-05-23 00:00:00-04:00,30.75,30.75,29.799999237060547,29.8700008392334,941400,0.0,0.0
2024-05-24 00:00:00-04:00,29.700000762939453,30.43000030517578,29.700000762939453,29.899999618530273,1102300,0.0,0.0
2024-05-28 00:00:00-04:00,29.950000762939453,30.079999923706055,29.65999984741211,29.700000762939453,807300,0.0,0.0
2024-05-29 00:00:00-04:00,29.43000030517578,29.68000030517578,29.1200008392334,29.280000686645508,559400,0.0,0.0
2024-05-30 00:00:00-04:00,29.040000915527344,29.040000915527344,27.989999771118164,28.790000915527344,1310100,0.0,0.0
