Date,Open,High,Low,Close,Volume,Dividends,Stock Splits
1991-04-02 00:00:00-05:00,22.0,23.25,20.75,21.125,2294100,0.0,0.0
1991-04-03 00:00:00-05:00,21.25,21.25,17.0,18.25,1716100,0.0,0.0
1991-04-04 00:00:00-05:00,18.25,19.5,17.75,18.0,810600,0.0,0.0
1991-04-05 00:00:00-05:00,18.5,18.5,17.75,17.75,238200,0.0,0.0
1991-04-08 00:00:00-04:00,18.0,18.0,17.5,17.625,200100,0.0,0.0
1991-04-09 00:00:00-04:00,18.0,18.0,16.0,16.0,319000,0.0,0.0
1991-04-10 00:00:00-04:00,16.0,16.25,15.5,15.875,582100,0.0,0.0
1991-04-11 00:00:00-04:00,16.0,16.5,14.75,14.75,319400,0.0,0.0
1991-04-12 00:00:00-04:00,14.75,16.5,14.75,16.25,329700,0.0,0.0
1991-04-15 00:00:00-04:00,16.5,16.75,16.0,16.125,171400,0.0,0.0
1991-04-16 00:00:00-04:00,16.375,16.375,16.0,16.125,130500,0.0,0.0
1991-04-17 00:00:00-04:00,16.375,16.375,15.25,15.25,187600,0.0,0.0
1991-04-18 00:00:00-04:00,15.5,15.5,14.5,15.25,320300,0.0,0.0
1991-04-19 00:00:00-04:00,15.25,15.25,14.625,14.875,68900,0.0,0.0
1991-04-22 00:00:00-04:00,14.875,14.875,14.125,14.125,79000,0.0,0.0
1991-04-23 00:00:00-04:00,14.125,14.75,14.125,14.25,335000,0.0,0.0
1991-04-24 00:00:00-04:00,14.625,14.75,14.375,14.75,90500,0.0,0.0
1991-04-25 00:00:00-04:00,14.375,14.75,14.375,14.5,115400,0.0,0.0
1991-04-26 00:00:00-04:00,14.5,14.5,14.0,14.375,122600,0.0,0.0
1991-04-29 00:00:00-04:00,14.375,14.375,12.375,12.5,183700,0.0,0.0
1991-04-30 00:00:00-04:00,13.0,13.0,12.0,12.625,330000,0.0,0.0
1991-05-01 00:00:00-04:00,12.75,13.875,12.5,13.5,237800,0.0,0.0
1991-05-02 00:00:00-04:00,14.0,14.125,13.25,13.5,153900,0.0,0.0
1991-05-03 00:00:00-04:00,13.25,13.625,13.0,13.375,65300,0.0,0.0
1991-05-06 00:00:00-04:00,13.375,13.625,12.75,13.625,163700,0.0,0.0
1991-05-07 00:00:00-04:00,13.875,14.125,13.375,13.375,146100,0.0,0.0
1991-05-08 00:00:00-04:00,14.0,14.125,13.25,13.25,162600,0.0,0.0
1991-05-09 00:00:00-04:00,13.625,13.625,13.25,13.625,25700,0.0,0.0
1991-05-10 00:00:00-04:00,13.25,13.625,12.75,12.75,125200,0.0,0.0
1991-05-13 00:00:00-04:00,13.0,13.0,11.375,11.5,137900,0.0,0.0
1991-05-14 00:00:00-04:00,11.75,12.125,11.5,11.875,173200,0.0,0.0
1991-05-15 00:00:00-04:00,12.125,12.125,10.25,10.75,186200,0.0,0.0
1991-05-16 00:00:00-04:00,10.75,11.5,10.375,11.25,230000,0.0,0.0
1991-05-17 00:00:00-04:00,11.625,12.125,11.125,11.75,75000,0.0,0.0
1991-05-20 00:00:00-04:00,11.75,11.875,11.0,11.375,83000,0.0,0.0
1991-05-21 00:00:00-04:00,11.375,12.25,11.25,12.25,139700,0.0,0.0
1991-05-22 00:00:00-04:00,11.875,12.375,11.625,12.125,184200,0.0,0.0
1991-05-23 00:00:00-04:00,12.5,12.75,11.875,11.875,135900,0.0,0.0
1991-05-24 00:00:00-04:00,11.875,12.25,11.875,12.25,14600,0.0,0.0
1991-05-28 00:00:00-04:00,12.25,12.25,11.875,12.0,16900,0.0,0.0
1991-05-29 00:00:00-04:00,12.0,12.75,12.0,12.625,245700,0.0,0.0
1991-05-30 00:00:00-04:00,12.875,13.25,12.125,12.25,253200,0.0,0.0
1991-05-31 00:00:00-04:00,12.5,12.5,12.125,12.25,85200,0.0,0.0
1991-06-03 00:00:00-04:00,12.5,12.5,11.5,11.75,102400,0.0,0.0
1991-06-04 00:00:00-04:00,12.0,12.125,11.625,12.125,59800,0.0,0.0
1991-06-05 00:00:00-04:00,12.125,12.125,11.875,11.875,48900,0.0,0.0
1991-06-06 00:00:00-04:00,11.875,12.125,11.875,11.875,13200,0.0,0.0
1991-06-07 00:00:00-04:00,12.125,12.125,11.5,11.625,32500,0.0,0.0
1991-06-10 00:00:00-04:00,11.5,11.875,11.125,11.625,69400,0.0,0.0
1991-06-11 00:00:00-04:00,11.625,11.625,11.125,11.625,26800,0.0,0.0
1991-06-12 00:00:00-04:00,11.5,11.5,10.75,11.0,113400,0.0,0.0
1991-06-13 00:00:00-04:00,11.0,11.0,10.25,10.375,59600,0.0,0.0
1991-06-14 00:00:00-04:00,10.75,11.0,10.375,11.0,152800,0.0,0.0
1991-06-17 00:00:00-04:00,10.875,11.25,10.875,10.875,20400,0.0,0.0
1991-06-18 00:00:00-04:00,10.875,11.5,10.875,11.25,130100,0.0,0.0
1991-06-19 00:00:00-04:00,11.5,11.5,11.25,11.5,27700,0.0,0.0
1991-06-20 00:00:00-04:00,11.5,12.0,11.0,12.0,58900,0.0,0.0
1991-06-21 00:00:00-04:00,12.0,12.25,11.75,12.0,48200,0.0,0.0
1991-06-24 00:00:00-04:00,11.75,12.0,11.0,11.5,78300,0.0,0.0
1991-06-25 00:00:00-04:00,11.0,11.5,11.0,11.125,48000,0.0,0.0
1991-06-26 00:00:00-04:00,11.0,11.25,11.0,11.0,91800,0.0,0.0
1991-06-27 00:00:00-04:00,11.25,11.25,11.0,11.25,16200,0.0,0.0
1991-06-28 00:00:00-04:00,11.0,11.25,10.75,11.125,59700,0.0,0.0
1991-07-01 00:00:00-04:00,10.75,11.125,10.75,11.125,15900,0.0,0.0
1991-07-02 00:00:00-04:00,11.125,11.125,10.375,10.625,43900,0.0,0.0
1991-07-03 00:00:00-04:00,10.75,10.75,10.375,10.5,38200,0.0,0.0
1991-07-05 00:00:00-04:00,10.375,10.75,10.25,10.25,43900,0.0,0.0
1991-07-08 00:00:00-04:00,10.0,10.5,9.875,10.25,44400,0.0,0.0
1991-07-09 00:00:00-04:00,10.0,10.875,10.0,10.75,45100,0.0,0.0
1991-07-10 00:00:00-04:00,10.5,11.0,10.5,10.5,11500,0.0,0.0
1991-07-11 00:00:00-04:00,10.5,11.0,10.5,10.875,15400,0.0,0.0
1991-07-12 00:00:00-04:00,10.875,10.875,10.5,10.5,40600,0.0,0.0
1991-07-15 00:00:00-04:00,10.5,11.25,10.5,11.25,36800,0.0,0.0
1991-07-16 00:00:00-04:00,11.5,11.5,10.5,10.75,39000,0.0,0.0
1991-07-17 00:00:00-04:00,10.5,10.875,10.5,10.75,47500,0.0,0.0
1991-07-18 00:00:00-04:00,10.75,11.0,10.625,11.0,38400,0.0,0.0
1991-07-19 00:00:00-04:00,10.625,11.0,10.625,11.0,14300,0.0,0.0
1991-07-22 00:00:00-04:00,11.0,11.0,10.5,10.5,68700,0.0,0.0
1991-07-23 00:00:00-04:00,10.5,10.875,10.25,10.5,9700,0.0,0.0
1991-07-24 00:00:00-04:00,10.75,10.75,10.25,10.25,14400,0.0,0.0
1991-07-25 00:00:00-04:00,10.25,10.75,9.75,9.875,50400,0.0,0.0
1991-07-26 00:00:00-04:00,10.125,10.25,9.75,10.25,16200,0.0,0.0
1991-07-29 00:00:00-04:00,10.25,10.25,9.875,10.25,4400,0.0,0.0
1991-07-30 00:00:00-04:00,10.25,10.625,10.0,10.625,108100,0.0,0.0
1991-07-31 00:00:00-04:00,10.875,12.0,10.75,11.5,83200,0.0,0.0
1991-08-01 00:00:00-04:00,11.625,11.75,11.25,11.25,28400,0.0,0.0
1991-08-02 00:00:00-04:00,11.5,11.5,11.25,11.25,17600,0.0,0.0
1991-08-05 00:00:00-04:00,11.375,11.5,11.25,11.5,3700,0.0,0.0
1991-08-06 00:00:00-04:00,11.25,11.5,10.5,10.75,91300,0.0,0.0
1991-08-07 00:00:00-04:00,10.625,10.875,10.625,10.875,10400,0.0,0.0
1991-08-08 00:00:00-04:00,10.875,11.25,10.625,10.75,25800,0.0,0.0
1991-08-09 00:00:00-04:00,10.875,10.875,10.125,10.625,34300,0.0,0.0
1991-08-12 00:00:00-04:00,10.625,10.625,10.25,10.625,10900,0.0,0.0
1991-08-13 00:00:00-04:00,10.25,10.625,10.25,10.625,15900,0.0,0.0
1991-08-14 00:00:00-04:00,10.375,10.75,10.25,10.25,49000,0.0,0.0
1991-08-15 00:00:00-04:00,10.25,10.75,10.25,10.75,180400,0.0,0.0
1991-08-16 00:00:00-04:00,10.75,11.0,10.5,10.875,32900,0.0,0.0
1991-08-19 00:00:00-04:00,10.25,10.25,9.75,10.125,58600,0.0,0.0
1991-08-20 00:00:00-04:00,10.5,10.5,10.125,10.375,37900,0.0,0.0
1991-08-21 00:00:00-04:00,10.375,11.0,10.25,10.625,103900,0.0,0.0
1991-08-22 00:00:00-04:00,10.875,10.875,10.25,10.5,38700,0.0,0.0
1991-08-23 00:00:00-04:00,10.25,10.75,10.25,10.5,40100,0.0,0.0
1991-08-26 00:00:00-04:00,10.75,10.75,10.5,10.5,24300,0.0,0.0
1991-08-27 00:00:00-04:00,10.375,10.75,10.25,10.375,32700,0.0,0.0
1991-08-28 00:00:00-04:00,10.625,10.625,10.25,10.5,89700,0.0,0.0
1991-08-29 00:00:00-04:00,10.625,12.25,10.5,12.0,516600,0.0,0.0
1991-08-30 00:00:00-04:00,12.25,12.25,11.375,11.5,124000,0.0,0.0
1991-09-03 00:00:00-04:00,12.125,13.0,12.125,12.375,270400,0.0,0.0
1991-09-04 00:00:00-04:00,12.625,13.0,12.375,12.875,99500,0.0,0.0
1991-09-05 00:00:00-04:00,13.125,13.5,12.875,13.375,196100,0.0,0.0
1991-09-06 00:00:00-04:00,13.375,13.75,12.875,12.875,249300,0.0,0.0
1991-09-09 00:00:00-04:00,12.75,13.125,12.5,12.75,55300,0.0,0.0
1991-09-10 00:00:00-04:00,12.875,13.125,12.375,12.5,66100,0.0,0.0
1991-09-11 00:00:00-04:00,12.5,12.5,12.0,12.25,39900,0.0,0.0
1991-09-12 00:00:00-04:00,12.25,13.125,12.125,13.125,177000,0.0,0.0
1991-09-13 00:00:00-04:00,12.875,13.375,12.875,13.25,66500,0.0,0.0
1991-09-16 00:00:00-04:00,13.375,13.375,13.0,13.0,54200,0.0,0.0
1991-09-17 00:00:00-04:00,13.25,13.25,12.75,13.0,31900,0.0,0.0
1991-09-18 00:00:00-04:00,13.125,13.125,12.375,12.625,123300,0.0,0.0
1991-09-19 00:00:00-04:00,13.25,16.25,12.625,16.0,879400,0.0,0.0
1991-09-20 00:00:00-04:00,17.5,17.5,15.75,16.125,533100,0.0,0.0
1991-09-23 00:00:00-04:00,16.0,16.0,14.5,15.0,274000,0.0,0.0
1991-09-24 00:00:00-04:00,15.25,15.25,14.0,14.5,210700,0.0,0.0
1991-09-25 00:00:00-04:00,14.75,14.75,14.25,14.5,40300,0.0,0.0
1991-09-26 00:00:00-04:00,14.0,14.625,13.75,14.25,136700,0.0,0.0
1991-09-27 00:00:00-04:00,14.5,14.75,14.0,14.75,91400,0.0,0.0
1991-09-30 00:00:00-04:00,14.75,14.75,14.0,14.75,79400,0.0,0.0
1991-10-01 00:00:00-04:00,14.25,14.75,14.25,14.25,134600,0.0,0.0
1991-10-02 00:00:00-04:00,14.75,15.75,14.25,15.0,107300,0.0,0.0
1991-10-03 00:00:00-04:00,15.5,15.5,14.75,15.25,101800,0.0,0.0
1991-10-04 00:00:00-04:00,15.5,16.25,15.25,15.75,183500,0.0,0.0
1991-10-07 00:00:00-04:00,15.75,15.75,15.0,15.0,61300,0.0,0.0
1991-10-08 00:00:00-04:00,15.0,15.5,15.0,15.5,22300,0.0,0.0
1991-10-09 00:00:00-04:00,16.0,16.25,15.5,16.125,235500,0.0,0.0
1991-10-10 00:00:00-04:00,15.75,16.25,15.5,16.0,343400,0.0,0.0
1991-10-11 00:00:00-04:00,15.5,16.0,15.5,15.75,176300,0.0,0.0
1991-10-14 00:00:00-04:00,16.0,16.25,15.5,16.0,58900,0.0,0.0
1991-10-15 00:00:00-04:00,16.0,17.5,16.0,17.5,377800,0.0,0.0
1991-10-16 00:00:00-04:00,17.25,18.75,16.75,18.25,349800,0.0,0.0
1991-10-17 00:00:00-04:00,18.0,18.0,17.0,17.0,129100,0.0,0.0
1991-10-18 00:00:00-04:00,17.0,17.75,17.0,17.25,141400,0.0,0.0
1991-10-21 00:00:00-04:00,17.25,17.75,17.25,17.75,68100,0.0,0.0
1991-10-22 00:00:00-04:00,17.25,19.25,17.25,18.75,260900,0.0,0.0
1991-10-23 00:00:00-04:00,18.5,20.5,18.25,18.5,633000,0.0,0.0
1991-10-24 00:00:00-04:00,18.5,19.5,16.25,17.5,524600,0.0,0.0
1991-10-25 00:00:00-04:00,19.0,19.0,17.75,18.125,235500,0.0,0.0
1991-10-28 00:00:00-05:00,18.0,18.5,18.0,18.0,24600,0.0,0.0
1991-10-29 00:00:00-05:00,18.5,18.5,17.75,17.75,15500,0.0,0.0
1991-10-30 00:00:00-05:00,17.75,19.75,17.75,19.5,240200,0.0,0.0
1991-10-31 00:00:00-05:00,19.25,19.75,19.0,19.25,99300,0.0,0.0
1991-11-01 00:00:00-05:00,19.75,19.75,18.5,19.0,120500,0.0,0.0
1991-11-04 00:00:00-05:00,18.75,18.75,17.75,17.75,66400,0.0,0.0
1991-11-05 00:00:00-05:00,17.75,18.25,17.75,17.875,71900,0.0,0.0
1991-11-06 00:00:00-05:00,17.75,18.5,17.75,18.0,59300,0.0,0.0
1991-11-07 00:00:00-05:00,18.5,19.75,18.25,19.25,176400,0.0,0.0
1991-11-08 00:00:00-05:00,19.5,20.0,18.25,20.0,646600,0.0,0.0
1991-11-11 00:00:00-05:00,20.25,20.5,18.5,20.5,925300,0.0,0.0
1991-11-12 00:00:00-05:00,20.5,21.0,19.0,20.0,579000,0.0,0.0
1991-11-13 00:00:00-05:00,19.75,20.0,19.75,19.75,217700,0.0,0.0
1991-11-14 00:00:00-05:00,19.75,20.0,18.0,18.5,668400,0.0,0.0
1991-11-15 00:00:00-05:00,18.0,18.25,14.5,14.75,599100,0.0,0.0
1991-11-18 00:00:00-05:00,15.0,15.75,13.75,15.75,396800,0.0,0.0
1991-11-19 00:00:00-05:00,15.75,16.0,14.5,15.125,217800,0.0,0.0
1991-11-20 00:00:00-05:00,16.0,16.25,14.75,15.25,199400,0.0,0.0
1991-11-21 00:00:00-05:00,14.875,15.0,14.0,14.5,143300,0.0,0.0
1991-11-22 00:00:00-05:00,14.25,15.0,14.25,14.375,139500,0.0,0.0
1991-11-25 00:00:00-05:00,14.75,14.75,14.25,14.75,89400,0.0,0.0
1991-11-26 00:00:00-05:00,14.75,14.75,14.0,14.25,125800,0.0,0.0
1991-11-27 00:00:00-05:00,14.25,14.75,14.25,14.75,25700,0.0,0.0
1991-11-29 00:00:00-05:00,15.0,15.875,14.5,15.75,41500,0.0,0.0
1991-12-02 00:00:00-05:00,15.5,16.0,15.0,15.75,45900,0.0,0.0
1991-12-03 00:00:00-05:00,15.75,15.75,15.0,15.75,20100,0.0,0.0
1991-12-04 00:00:00-05:00,15.75,16.25,15.25,15.75,84700,0.0,0.0
1991-12-05 00:00:00-05:00,15.75,16.25,15.75,15.75,57800,0.0,0.0
1991-12-06 00:00:00-05:00,16.25,16.25,15.5,16.25,8000,0.0,0.0
1991-12-09 00:00:00-05:00,16.25,16.25,15.5,16.0,5300,0.0,0.0
1991-12-10 00:00:00-05:00,15.5,15.5,14.875,15.0,27300,0.0,0.0
1991-12-11 00:00:00-05:00,14.75,15.25,14.5,14.625,19700,0.0,0.0
1991-12-12 00:00:00-05:00,14.5,15.25,14.5,14.75,31600,0.0,0.0
1991-12-13 00:00:00-05:00,15.0,15.75,15.0,15.75,130400,0.0,0.0
1991-12-16 00:00:00-05:00,15.75,16.0,15.25,15.5,119200,0.0,0.0
1991-12-17 00:00:00-05:00,15.5,17.25,15.5,17.0,250600,0.0,0.0
1991-12-18 00:00:00-05:00,17.25,17.5,16.75,17.0,53000,0.0,0.0
1991-12-19 00:00:00-05:00,16.5,17.25,16.5,16.75,74700,0.0,0.0
1991-12-20 00:00:00-05:00,17.0,17.0,16.5,16.5,89600,0.0,0.0
1991-12-23 00:00:00-05:00,16.25,16.75,16.0,16.75,66300,0.0,0.0
1991-12-24 00:00:00-05:00,16.75,17.5,16.5,17.5,53100,0.0,0.0
1991-12-26 00:00:00-05:00,16.75,18.0,16.75,18.0,33900,0.0,0.0
1991-12-27 00:00:00-05:00,17.5,18.0,17.5,17.5,18700,0.0,0.0
1991-12-30 00:00:00-05:00,17.5,17.5,17.0,17.25,65500,0.0,0.0
1991-12-31 00:00:00-05:00,17.0,18.25,17.0,18.125,150300,0.0,0.0
1992-01-02 00:00:00-05:00,18.25,18.75,17.75,18.75,98300,0.0,0.0
1992-01-03 00:00:00-05:00,18.75,19.25,18.25,18.25,165300,0.0,0.0
1992-01-06 00:00:00-05:00,18.25,18.75,18.0,18.5,99300,0.0,0.0
1992-01-07 00:00:00-05:00,17.75,18.75,17.75,18.375,112100,0.0,0.0
1992-01-08 00:00:00-05:00,18.0,18.75,17.75,18.0,107400,0.0,0.0
1992-01-09 00:00:00-05:00,19.0,20.0,18.5,19.5,445500,0.0,0.0
1992-01-10 00:00:00-05:00,19.0,19.75,19.0,19.75,94100,0.0,0.0
1992-01-13 00:00:00-05:00,19.5,19.5,18.75,19.25,349800,0.0,0.0
1992-01-14 00:00:00-05:00,19.5,20.5,18.75,19.875,315500,0.0,0.0
1992-01-15 00:00:00-05:00,19.75,20.25,19.5,19.5,279700,0.0,0.0
1992-01-16 00:00:00-05:00,19.75,19.75,17.75,18.5,132900,0.0,0.0
1992-01-17 00:00:00-05:00,18.75,19.0,17.75,18.5,51700,0.0,0.0
1992-01-20 00:00:00-05:00,18.0,18.75,18.0,18.25,33500,0.0,0.0
1992-01-21 00:00:00-05:00,18.0,18.0,17.0,17.0,141000,0.0,0.0
1992-01-22 00:00:00-05:00,17.0,18.5,17.0,18.25,89100,0.0,0.0
1992-01-23 00:00:00-05:00,19.5,20.25,19.5,20.25,343300,0.0,0.0
1992-01-24 00:00:00-05:00,20.25,20.75,19.75,20.25,126300,0.0,0.0
1992-01-27 00:00:00-05:00,20.75,20.75,20.0,20.0,452900,0.0,0.0
1992-01-28 00:00:00-05:00,20.0,20.5,19.5,20.0,126800,0.0,0.0
1992-01-29 00:00:00-05:00,19.75,20.25,19.75,20.0,178200,0.0,0.0
1992-01-30 00:00:00-05:00,20.25,20.25,20.0,20.0,106000,0.0,0.0
1992-01-31 00:00:00-05:00,20.0,21.0,20.0,20.5,153100,0.0,0.0
1992-02-03 00:00:00-05:00,21.0,21.5,20.5,21.25,302900,0.0,0.0
1992-02-04 00:00:00-05:00,21.0,22.0,21.0,21.25,311700,0.0,0.0
1992-02-05 00:00:00-05:00,21.25,22.5,21.25,22.25,103800,0.0,0.0
1992-02-06 00:00:00-05:00,22.5,23.25,22.5,22.5,278300,0.0,0.0
1992-02-07 00:00:00-05:00,23.0,23.0,21.75,22.25,321800,0.0,0.0
1992-02-10 00:00:00-05:00,22.0,23.0,21.5,22.125,298800,0.0,0.0
1992-02-11 00:00:00-05:00,22.5,22.5,21.25,21.25,373800,0.0,0.0
1992-02-12 00:00:00-05:00,21.75,21.75,20.75,21.0,59400,0.0,0.0
1992-02-13 00:00:00-05:00,21.0,21.0,19.25,19.75,190500,0.0,0.0
1992-02-14 00:00:00-05:00,19.25,19.25,18.0,18.25,109200,0.0,0.0
1992-02-18 00:00:00-05:00,18.25,18.75,16.5,17.0,90900,0.0,0.0
1992-02-19 00:00:00-05:00,16.5,17.5,15.25,17.5,209800,0.0,0.0
1992-02-20 00:00:00-05:00,18.25,19.0,17.75,19.0,111100,0.0,0.0
1992-02-21 00:00:00-05:00,18.5,19.0,17.75,18.5,29000,0.0,0.0
1992-02-24 00:00:00-05:00,17.75,18.5,17.75,17.75,54300,0.0,0.0
1992-02-25 00:00:00-05:00,17.75,18.5,17.0,17.5,39800,0.0,0.0
1992-02-26 00:00:00-05:00,17.75,19.0,17.25,18.5,58700,0.0,0.0
1992-02-27 00:00:00-05:00,18.75,18.75,18.25,18.25,35200,0.0,0.0
1992-02-28 00:00:00-05:00,18.75,18.75,17.75,18.0,31400,0.0,0.0
1992-03-02 00:00:00-05:00,18.0,18.25,17.75,17.75,11700,0.0,0.0
1992-03-03 00:00:00-05:00,17.75,18.5,17.75,18.25,13000,0.0,0.0
1992-03-04 00:00:00-05:00,17.75,17.75,15.75,16.5,115600,0.0,0.0
1992-03-05 00:00:00-05:00,16.75,16.75,15.75,16.0,53600,0.0,0.0
1992-03-06 00:00:00-05:00,16.25,16.25,15.75,16.25,36800,0.0,0.0
1992-03-09 00:00:00-05:00,16.25,16.625,16.0,16.25,31800,0.0,0.0
1992-03-10 00:00:00-05:00,17.0,17.75,16.5,17.75,28900,0.0,0.0
1992-03-11 00:00:00-05:00,17.75,17.75,16.5,16.75,28400,0.0,0.0
1992-03-12 00:00:00-05:00,17.25,17.25,16.0,16.25,110600,0.0,0.0
1992-03-13 00:00:00-05:00,16.25,16.25,15.75,16.0,20000,0.0,0.0
1992-03-16 00:00:00-05:00,15.75,16.0,14.75,15.0,73600,0.0,0.0
1992-03-17 00:00:00-05:00,15.0,16.25,15.0,16.0,26400,0.0,0.0
1992-03-18 00:00:00-05:00,16.25,16.5,15.75,15.75,31100,0.0,0.0
1992-03-19 00:00:00-05:00,16.25,16.25,15.75,16.25,7900,0.0,0.0
1992-03-20 00:00:00-05:00,16.25,16.5,15.75,16.5,24000,0.0,0.0
1992-03-23 00:00:00-05:00,16.5,16.5,16.0,16.5,6200,0.0,0.0
1992-03-24 00:00:00-05:00,16.5,16.5,16.0,16.5,3000,0.0,0.0
1992-03-25 00:00:00-05:00,16.25,16.5,15.5,16.0,84900,0.0,0.0
1992-03-26 00:00:00-05:00,16.25,16.25,15.25,15.75,29800,0.0,0.0
1992-03-27 00:00:00-05:00,15.25,15.5,14.75,15.0,66300,0.0,0.0
1992-03-30 00:00:00-05:00,15.25,15.25,14.5,14.5,62400,0.0,0.0
1992-03-31 00:00:00-05:00,14.5,15.25,14.5,15.25,65400,0.0,0.0
1992-04-01 00:00:00-05:00,15.75,16.5,15.5,16.0,105800,0.0,0.0
1992-04-02 00:00:00-05:00,16.0,16.25,15.25,15.25,49900,0.0,0.0
1992-04-03 00:00:00-05:00,15.25,15.25,14.5,15.0,31200,0.0,0.0
1992-04-06 00:00:00-04:00,14.5,15.75,14.5,15.25,78800,0.0,0.0
1992-04-07 00:00:00-04:00,15.25,15.75,14.75,15.25,66400,0.0,0.0
1992-04-08 00:00:00-04:00,14.5,15.0,14.25,14.25,105100,0.0,0.0
1992-04-09 00:00:00-04:00,14.5,14.75,14.25,14.75,75000,0.0,0.0
1992-04-10 00:00:00-04:00,14.5,15.25,14.5,14.5,10200,0.0,0.0
1992-04-13 00:00:00-04:00,15.0,15.0,14.5,14.5,9400,0.0,0.0
1992-04-14 00:00:00-04:00,14.75,15.25,14.75,14.75,50600,0.0,0.0
1992-04-15 00:00:00-04:00,15.0,15.0,12.0,13.0,209100,0.0,0.0
1992-04-16 00:00:00-04:00,13.0,13.0,11.25,11.625,173400,0.0,0.0
1992-04-20 00:00:00-04:00,11.625,12.5,10.75,12.5,145100,0.0,0.0
1992-04-21 00:00:00-04:00,13.0,13.0,12.25,12.625,121300,0.0,0.0
1992-04-22 00:00:00-04:00,12.75,12.75,12.0,12.75,40800,0.0,0.0
1992-04-23 00:00:00-04:00,12.75,12.75,12.0,12.25,44400,0.0,0.0
1992-04-24 00:00:00-04:00,12.25,12.25,11.25,11.375,61400,0.0,0.0
1992-04-27 00:00:00-04:00,11.25,12.5,11.25,12.5,53300,0.0,0.0
1992-04-28 00:00:00-04:00,12.5,13.125,12.25,12.5,66700,0.0,0.0
1992-04-29 00:00:00-04:00,13.0,14.0,13.0,13.75,74200,0.0,0.0
1992-04-30 00:00:00-04:00,14.0,14.25,13.5,13.5,94000,0.0,0.0
1992-05-01 00:00:00-04:00,13.25,13.75,12.5,13.0,27500,0.0,0.0
1992-05-04 00:00:00-04:00,13.0,13.75,12.5,13.625,45800,0.0,0.0
1992-05-05 00:00:00-04:00,13.75,14.25,13.25,14.25,28800,0.0,0.0
1992-05-06 00:00:00-04:00,14.25,14.25,13.75,13.75,21300,0.0,0.0
1992-05-07 00:00:00-04:00,14.25,14.25,13.75,14.0,25500,0.0,0.0
1992-05-08 00:00:00-04:00,13.75,13.75,11.75,12.25,68400,0.0,0.0
1992-05-11 00:00:00-04:00,12.25,12.5,12.0,12.0,39400,0.0,0.0
1992-05-12 00:00:00-04:00,12.0,12.5,12.0,12.0,23100,0.0,0.0
1992-05-13 00:00:00-04:00,11.75,12.25,11.5,12.0,30600,0.0,0.0
1992-05-14 00:00:00-04:00,12.0,12.0,11.5,11.5,9200,0.0,0.0
1992-05-15 00:00:00-04:00,11.75,11.75,10.75,11.125,48700,0.0,0.0
1992-05-18 00:00:00-04:00,11.5,11.5,11.0,11.375,58300,0.0,0.0
1992-05-19 00:00:00-04:00,11.75,12.0,11.5,11.75,32500,0.0,0.0
1992-05-20 00:00:00-04:00,11.5,11.75,11.25,11.25,16700,0.0,0.0
1992-05-21 00:00:00-04:00,11.75,11.75,10.75,11.25,35000,0.0,0.0
1992-05-22 00:00:00-04:00,10.75,12.0,10.75,12.0,25100,0.0,0.0
1992-05-26 00:00:00-04:00,12.0,12.5,11.75,12.0,27100,0.0,0.0
1992-05-27 00:00:00-04:00,12.5,13.25,12.5,13.0,44200,0.0,0.0
1992-05-28 00:00:00-04:00,13.0,13.5,12.75,13.5,25200,0.0,0.0
1992-05-29 00:00:00-04:00,13.5,14.0,13.25,13.75,45300,0.0,0.0
1992-06-01 00:00:00-04:00,13.5,14.25,13.5,13.75,20400,0.0,0.0
1992-06-02 00:00:00-04:00,13.75,14.5,13.5,13.5,29900,0.0,0.0
1992-06-03 00:00:00-04:00,13.25,13.5,12.75,13.25,26500,0.0,0.0
1992-06-04 00:00:00-04:00,13.25,13.25,12.0,12.625,56100,0.0,0.0
1992-06-05 00:00:00-04:00,12.375,12.75,12.25,12.75,52500,0.0,0.0
1992-06-08 00:00:00-04:00,12.75,12.75,12.25,12.25,203100,0.0,0.0
1992-06-09 00:00:00-04:00,12.25,12.5,11.75,12.125,55700,0.0,0.0
1992-06-10 00:00:00-04:00,12.0,12.75,12.0,12.0,231600,0.0,0.0
1992-06-11 00:00:00-04:00,12.0,12.25,11.75,11.75,3100,0.0,0.0
1992-06-12 00:00:00-04:00,11.75,12.25,11.75,12.25,7700,0.0,0.0
1992-06-15 00:00:00-04:00,12.25,12.25,11.75,12.0,9900,0.0,0.0
1992-06-16 00:00:00-04:00,12.25,12.625,11.5,11.5,23700,0.0,0.0
1992-06-17 00:00:00-04:00,11.5,11.5,10.5,10.875,88100,0.0,0.0
1992-06-18 00:00:00-04:00,10.75,10.75,10.0,10.5,58100,0.0,0.0
1992-06-19 00:00:00-04:00,10.5,10.75,10.0,10.75,48000,0.0,0.0
1992-06-22 00:00:00-04:00,10.0,10.75,9.875,10.0,14400,0.0,0.0
1992-06-23 00:00:00-04:00,10.0,11.0,10.0,10.75,38800,0.0,0.0
1992-06-24 00:00:00-04:00,11.0,11.0,10.5,10.75,6500,0.0,0.0
1992-06-25 00:00:00-04:00,10.5,11.0,10.5,10.75,24100,0.0,0.0
1992-06-26 00:00:00-04:00,11.0,11.0,11.0,11.0,11100,0.0,0.0
1992-06-29 00:00:00-04:00,11.0,11.5,11.0,11.125,74000,0.0,0.0
1992-06-30 00:00:00-04:00,11.0,11.5,11.0,11.25,133900,0.0,0.0
1992-07-01 00:00:00-04:00,11.25,11.5,10.75,11.0,21700,0.0,0.0
1992-07-02 00:00:00-04:00,11.0,11.5,10.75,10.875,30100,0.0,0.0
1992-07-06 00:00:00-04:00,10.75,11.25,10.5,10.5,15200,0.0,0.0
1992-07-07 00:00:00-04:00,11.0,11.0,10.375,10.5,17100,0.0,0.0
1992-07-08 00:00:00-04:00,11.0,11.0,10.25,10.25,4800,0.0,0.0
1992-07-09 00:00:00-04:00,10.25,11.25,10.25,11.25,41900,0.0,0.0
1992-07-10 00:00:00-04:00,11.25,11.5,11.0,11.0,98300,0.0,0.0
1992-07-13 00:00:00-04:00,11.5,11.75,11.0,11.375,45600,0.0,0.0
1992-07-14 00:00:00-04:00,11.75,11.75,11.25,11.75,5100,0.0,0.0
1992-07-15 00:00:00-04:00,11.25,11.5,10.875,11.0,34200,0.0,0.0
1992-07-16 00:00:00-04:00,10.75,11.25,10.75,11.25,4600,0.0,0.0
1992-07-17 00:00:00-04:00,11.25,11.75,10.75,11.5,75500,0.0,0.0
1992-07-20 00:00:00-04:00,11.5,12.0,11.0,12.0,29800,0.0,0.0
1992-07-21 00:00:00-04:00,12.0,12.0,11.25,11.75,20700,0.0,0.0
1992-07-22 00:00:00-04:00,11.75,11.75,11.25,11.25,23900,0.0,0.0
1992-07-23 00:00:00-04:00,11.25,11.75,11.25,11.75,31800,0.0,0.0
1992-07-24 00:00:00-04:00,11.5,11.5,10.75,10.875,58400,0.0,0.0
1992-07-27 00:00:00-04:00,10.75,11.25,10.75,11.25,14900,0.0,0.0
1992-07-28 00:00:00-04:00,12.0,12.5,11.5,12.375,165600,0.0,0.0
1992-07-29 00:00:00-04:00,12.5,12.5,12.0,12.5,24600,0.0,0.0
1992-07-30 00:00:00-04:00,12.5,12.5,11.75,12.5,28900,0.0,0.0
1992-07-31 00:00:00-04:00,12.5,12.5,11.75,12.5,10500,0.0,0.0
1992-08-03 00:00:00-04:00,12.5,12.5,11.75,11.75,7500,0.0,0.0
1992-08-04 00:00:00-04:00,11.75,12.5,11.75,12.5,8400,0.0,0.0
1992-08-05 00:00:00-04:00,12.5,12.5,11.5,11.5,29000,0.0,0.0
1992-08-06 00:00:00-04:00,11.5,12.25,11.25,12.25,164200,0.0,0.0
1992-08-07 00:00:00-04:00,12.25,12.75,11.75,12.375,96700,0.0,0.0
1992-08-10 00:00:00-04:00,12.25,12.5,12.25,12.25,35300,0.0,0.0
1992-08-11 00:00:00-04:00,12.25,12.25,11.75,11.75,17700,0.0,0.0
1992-08-12 00:00:00-04:00,12.25,12.25,11.5,11.75,4700,0.0,0.0
1992-08-13 00:00:00-04:00,12.25,12.25,11.5,12.0,14800,0.0,0.0
1992-08-14 00:00:00-04:00,12.25,12.25,11.5,11.75,31500,0.0,0.0
1992-08-17 00:00:00-04:00,11.5,12.0,11.5,12.0,8200,0.0,0.0
1992-08-18 00:00:00-04:00,12.0,12.0,11.5,11.5,17600,0.0,0.0
1992-08-19 00:00:00-04:00,12.0,12.0,11.0,11.25,33200,0.0,0.0
1992-08-20 00:00:00-04:00,11.5,11.5,10.75,11.0,8800,0.0,0.0
1992-08-21 00:00:00-04:00,11.0,11.5,10.75,10.875,12800,0.0,0.0
1992-08-24 00:00:00-04:00,11.25,11.25,10.25,10.5,26500,0.0,0.0
1992-08-25 00:00:00-04:00,10.5,10.5,8.5,8.75,200900,0.0,0.0
1992-08-26 00:00:00-04:00,9.0,9.0,7.75,8.375,733700,0.0,0.0
1992-08-27 00:00:00-04:00,8.25,8.75,8.25,8.75,216500,0.0,0.0
1992-08-28 00:00:00-04:00,8.75,8.75,8.25,8.25,36600,0.0,0.0
1992-08-31 00:00:00-04:00,8.25,8.75,8.25,8.25,85800,0.0,0.0
1992-09-01 00:00:00-04:00,8.75,8.75,8.25,8.75,12000,0.0,0.0
1992-09-02 00:00:00-04:00,8.25,9.0,8.25,9.0,76300,0.0,0.0
1992-09-03 00:00:00-04:00,9.0,9.25,8.5,8.75,64900,0.0,0.0
1992-09-04 00:00:00-04:00,9.0,9.25,8.75,9.25,19500,0.0,0.0
1992-09-08 00:00:00-04:00,8.75,9.25,8.75,9.0,57300,0.0,0.0
1992-09-09 00:00:00-04:00,9.0,9.0,8.75,8.75,44100,0.0,0.0
1992-09-10 00:00:00-04:00,8.75,9.0,8.5,8.625,43100,0.0,0.0
1992-09-11 00:00:00-04:00,8.5,9.0,8.5,9.0,12300,0.0,0.0
1992-09-14 00:00:00-04:00,9.0,9.0,8.5,8.5,73300,0.0,0.0
1992-09-15 00:00:00-04:00,9.0,9.25,8.5,8.75,25400,0.0,0.0
1992-09-16 00:00:00-04:00,9.25,9.25,8.75,9.0,5000,0.0,0.0
1992-09-17 00:00:00-04:00,9.25,9.75,9.0,9.5,34700,0.0,0.0
1992-09-18 00:00:00-04:00,9.5,9.75,9.25,9.5,18100,0.0,0.0
1992-09-21 00:00:00-04:00,9.75,9.75,9.25,9.75,5400,0.0,0.0
1992-09-22 00:00:00-04:00,9.75,9.75,9.25,9.25,19800,0.0,0.0
1992-09-23 00:00:00-04:00,9.75,9.75,9.0,9.5,32800,0.0,0.0
1992-09-24 00:00:00-04:00,9.0,9.5,9.0,9.125,34400,0.0,0.0
1992-09-25 00:00:00-04:00,9.0,9.5,8.5,8.5,57300,0.0,0.0
1992-09-28 00:00:00-04:00,9.0,9.0,8.5,8.625,7000,0.0,0.0
1992-09-29 00:00:00-04:00,8.75,8.75,8.5,8.5,41500,0.0,0.0
1992-09-30 00:00:00-04:00,8.75,9.0,8.5,8.5,135600,0.0,0.0
1992-10-01 00:00:00-04:00,9.0,9.0,8.5,8.875,22400,0.0,0.0
1992-10-02 00:00:00-04:00,8.5,9.0,8.5,8.75,12500,0.0,0.0
1992-10-05 00:00:00-04:00,8.75,9.0,8.25,9.0,66600,0.0,0.0
1992-10-06 00:00:00-04:00,9.25,9.25,8.75,8.75,33200,0.0,0.0
1992-10-07 00:00:00-04:00,8.75,9.0,8.5,8.5,21200,0.0,0.0
1992-10-08 00:00:00-04:00,8.5,8.75,8.0,8.125,90300,0.0,0.0
1992-10-09 00:00:00-04:00,8.5,8.5,8.0,8.375,25200,0.0,0.0
1992-10-12 00:00:00-04:00,8.5,8.75,8.0,8.375,6900,0.0,0.0
1992-10-13 00:00:00-04:00,8.5,8.5,8.0,8.125,11700,0.0,0.0
1992-10-14 00:00:00-04:00,8.25,8.75,8.0,8.5,14300,0.0,0.0
1992-10-15 00:00:00-04:00,8.0,8.5,7.75,8.0,316800,0.0,0.0
1992-10-16 00:00:00-04:00,8.0,8.5,8.0,8.125,7300,0.0,0.0
1992-10-19 00:00:00-04:00,8.5,8.5,8.0,8.0,42500,0.0,0.0
1992-10-20 00:00:00-04:00,8.5,8.5,8.0,8.25,17800,0.0,0.0
1992-10-21 00:00:00-04:00,8.5,8.75,8.0,8.75,17300,0.0,0.0
1992-10-22 00:00:00-04:00,8.25,8.75,8.25,8.5,30700,0.0,0.0
1992-10-23 00:00:00-04:00,8.75,8.75,8.25,8.25,22900,0.0,0.0
1992-10-26 00:00:00-05:00,8.75,8.75,8.25,8.625,30400,0.0,0.0
1992-10-27 00:00:00-05:00,9.0,9.25,8.75,8.875,78300,0.0,0.0
1992-10-28 00:00:00-05:00,8.75,9.25,8.75,8.875,6800,0.0,0.0
1992-10-29 00:00:00-05:00,9.25,9.25,8.75,8.75,2600,0.0,0.0
1992-10-30 00:00:00-05:00,9.25,9.25,8.75,8.75,12500,0.0,0.0
1992-11-02 00:00:00-05:00,9.25,9.25,8.5,8.75,15400,0.0,0.0
1992-11-03 00:00:00-05:00,9.0,9.0,8.5,8.5,25700,0.0,0.0
1992-11-04 00:00:00-05:00,8.5,8.875,8.25,8.5,28700,0.0,0.0
1992-11-05 00:00:00-05:00,8.25,8.75,8.25,8.5,9300,0.0,0.0
1992-11-06 00:00:00-05:00,8.75,9.5,8.25,8.75,40900,0.0,0.0
1992-11-09 00:00:00-05:00,9.5,10.5,9.25,10.0,147800,0.0,0.0
1992-11-10 00:00:00-05:00,10.5,11.25,10.0,10.25,124200,0.0,0.0
1992-11-11 00:00:00-05:00,10.75,11.0,10.5,11.0,27400,0.0,0.0
1992-11-12 00:00:00-05:00,11.0,11.0,10.5,10.75,18800,0.0,0.0
1992-11-13 00:00:00-05:00,11.0,11.25,10.5,11.25,97800,0.0,0.0
1992-11-16 00:00:00-05:00,11.25,12.75,10.75,12.75,202100,0.0,0.0
1992-11-17 00:00:00-05:00,13.25,13.5,12.75,13.125,253800,0.0,0.0
1992-11-18 00:00:00-05:00,12.75,13.25,12.75,13.125,133600,0.0,0.0
1992-11-19 00:00:00-05:00,12.75,13.25,12.75,13.0,18100,0.0,0.0
1992-11-20 00:00:00-05:00,13.25,14.0,13.0,13.5,102300,0.0,0.0
1992-11-23 00:00:00-05:00,13.5,14.0,13.5,14.0,26000,0.0,0.0
1992-11-24 00:00:00-05:00,14.0,14.25,13.5,14.25,64700,0.0,0.0
1992-11-25 00:00:00-05:00,14.25,14.25,13.75,13.75,41800,0.0,0.0
1992-11-27 00:00:00-05:00,13.5,14.25,13.5,13.5,20100,0.0,0.0
1992-11-30 00:00:00-05:00,14.0,14.0,13.5,14.0,20900,0.0,0.0
1992-12-01 00:00:00-05:00,14.0,14.25,13.5,13.75,117200,0.0,0.0
1992-12-02 00:00:00-05:00,14.0,14.0,13.5,14.0,16200,0.0,0.0
1992-12-03 00:00:00-05:00,14.0,14.0,13.5,13.5,26100,0.0,0.0
1992-12-04 00:00:00-05:00,14.0,14.25,13.5,14.25,33700,0.0,0.0
1992-12-07 00:00:00-05:00,14.25,14.25,13.5,13.625,62800,0.0,0.0
1992-12-08 00:00:00-05:00,13.75,14.25,13.75,14.25,83000,0.0,0.0
1992-12-09 00:00:00-05:00,14.25,14.25,13.0,13.375,114500,0.0,0.0
1992-12-10 00:00:00-05:00,13.0,13.5,13.0,13.5,62300,0.0,0.0
1992-12-11 00:00:00-05:00,12.75,13.25,12.0,12.0,26300,0.0,0.0
1992-12-14 00:00:00-05:00,12.0,12.75,12.0,12.25,35500,0.0,0.0
1992-12-15 00:00:00-05:00,12.0,12.75,11.75,11.75,12100,0.0,0.0
1992-12-16 00:00:00-05:00,11.75,12.25,11.75,12.25,58500,0.0,0.0
1992-12-17 00:00:00-05:00,12.25,12.25,11.75,12.25,8300,0.0,0.0
1992-12-18 00:00:00-05:00,11.75,12.25,11.75,12.25,15000,0.0,0.0
1992-12-21 00:00:00-05:00,11.75,12.25,11.75,11.75,8200,0.0,0.0
1992-12-22 00:00:00-05:00,12.25,12.25,11.75,11.75,12200,0.0,0.0
1992-12-23 00:00:00-05:00,11.75,12.0,10.75,10.75,30900,0.0,0.0
1992-12-24 00:00:00-05:00,10.75,11.25,10.5,11.0,39600,0.0,0.0
1992-12-28 00:00:00-05:00,10.5,11.0,10.5,10.5,44000,0.0,0.0
1992-12-29 00:00:00-05:00,10.5,11.5,10.5,11.0,70500,0.0,0.0
1992-12-30 00:00:00-05:00,11.0,11.5,11.0,11.5,59500,0.0,0.0
1992-12-31 00:00:00-05:00,11.5,12.25,11.0,12.0,77800,0.0,0.0
1993-01-04 00:00:00-05:00,12.0,12.5,12.0,12.0,31400,0.0,0.0
1993-01-05 00:00:00-05:00,12.25,14.75,12.25,14.75,677900,0.0,0.0
1993-01-06 00:00:00-05:00,15.5,16.5,14.75,16.0,872100,0.0,0.0
1993-01-07 00:00:00-05:00,16.25,16.25,14.75,15.5,372500,0.0,0.0
1993-01-08 00:00:00-05:00,15.5,15.75,15.0,15.0,238400,0.0,0.0
1993-01-11 00:00:00-05:00,15.25,15.25,14.75,15.0,37200,0.0,0.0
1993-01-12 00:00:00-05:00,15.0,15.0,13.75,13.75,116700,0.0,0.0
1993-01-13 00:00:00-05:00,14.25,15.25,14.25,14.75,190800,0.0,0.0
1993-01-14 00:00:00-05:00,15.75,16.25,15.25,15.75,303200,0.0,0.0
1993-01-15 00:00:00-05:00,16.25,16.25,15.25,15.75,99400,0.0,0.0
1993-01-18 00:00:00-05:00,15.25,15.75,15.25,15.25,31300,0.0,0.0
1993-01-19 00:00:00-05:00,15.25,15.5,14.0,14.75,173200,0.0,0.0
1993-01-20 00:00:00-05:00,14.75,14.75,13.75,13.75,32800,0.0,0.0
1993-01-21 00:00:00-05:00,14.0,14.0,13.5,13.5,36400,0.0,0.0
1993-01-22 00:00:00-05:00,14.0,14.0,13.75,13.75,42000,0.0,0.0
1993-01-25 00:00:00-05:00,14.0,14.0,13.75,13.875,21700,0.0,0.0
1993-01-26 00:00:00-05:00,14.25,14.25,13.5,13.75,83200,0.0,0.0
1993-01-27 00:00:00-05:00,13.5,13.75,13.25,13.25,88200,0.0,0.0
1993-01-28 00:00:00-05:00,13.75,13.75,12.5,13.25,91100,0.0,0.0
1993-01-29 00:00:00-05:00,13.25,15.25,12.75,15.0,79700,0.0,0.0
1993-02-01 00:00:00-05:00,15.25,16.5,15.0,16.5,164900,0.0,0.0
1993-02-02 00:00:00-05:00,16.0,16.5,15.25,15.75,27800,0.0,0.0
1993-02-03 00:00:00-05:00,16.0,16.0,15.25,15.5,21700,0.0,0.0
1993-02-04 00:00:00-05:00,15.0,15.75,15.0,15.0,78400,0.0,0.0
1993-02-05 00:00:00-05:00,15.0,15.0,13.5,14.25,93200,0.0,0.0
1993-02-08 00:00:00-05:00,15.25,15.75,14.75,15.25,92000,0.0,0.0
1993-02-09 00:00:00-05:00,15.75,15.75,15.0,15.0,45600,0.0,0.0
1993-02-10 00:00:00-05:00,15.0,15.5,14.75,15.25,17700,0.0,0.0
1993-02-11 00:00:00-05:00,15.25,15.5,14.75,15.5,29800,0.0,0.0
1993-02-12 00:00:00-05:00,15.0,15.5,13.75,14.0,117500,0.0,0.0
1993-02-16 00:00:00-05:00,14.0,14.0,12.5,13.0,127600,0.0,0.0
1993-02-17 00:00:00-05:00,13.25,13.75,12.5,13.0,90700,0.0,0.0
1993-02-18 00:00:00-05:00,13.75,13.75,13.0,13.0,57400,0.0,0.0
1993-02-19 00:00:00-05:00,13.5,13.5,12.75,13.25,28300,0.0,0.0
1993-02-22 00:00:00-05:00,12.25,12.625,10.5,11.0,258400,0.0,0.0
1993-02-23 00:00:00-05:00,11.25,12.25,11.0,12.0,103500,0.0,0.0
1993-02-24 00:00:00-05:00,12.0,14.0,11.5,13.5,112400,0.0,0.0
1993-02-25 00:00:00-05:00,12.75,13.25,12.25,12.625,135900,0.0,0.0
1993-02-26 00:00:00-05:00,12.75,12.75,12.0,12.75,39900,0.0,0.0
1993-03-01 00:00:00-05:00,12.75,12.75,12.25,12.25,37200,0.0,0.0
1993-03-02 00:00:00-05:00,12.5,15.5,12.25,15.25,385100,0.0,0.0
1993-03-03 00:00:00-05:00,15.0,15.5,14.5,15.0,91500,0.0,0.0
1993-03-04 00:00:00-05:00,15.0,15.0,13.75,13.75,134500,0.0,0.0
1993-03-05 00:00:00-05:00,14.0,14.0,13.5,13.75,29400,0.0,0.0
1993-03-08 00:00:00-05:00,14.0,14.0,13.75,13.75,7300,0.0,0.0
1993-03-09 00:00:00-05:00,14.0,14.0,12.75,13.25,64300,0.0,0.0
1993-03-10 00:00:00-05:00,12.75,13.5,12.75,13.5,28700,0.0,0.0
1993-03-11 00:00:00-05:00,13.5,13.5,12.75,13.5,22500,0.0,0.0
1993-03-12 00:00:00-05:00,13.5,13.5,12.75,13.0,25100,0.0,0.0
1993-03-15 00:00:00-05:00,13.25,13.75,12.75,13.75,23300,0.0,0.0
1993-03-16 00:00:00-05:00,13.25,13.75,13.25,13.375,26900,0.0,0.0
1993-03-17 00:00:00-05:00,13.5,13.5,12.75,12.75,20600,0.0,0.0
1993-03-18 00:00:00-05:00,13.0,13.25,12.75,13.0,20600,0.0,0.0
1993-03-19 00:00:00-05:00,12.875,13.5,12.75,13.5,16800,0.0,0.0
1993-03-22 00:00:00-05:00,13.25,13.25,12.75,12.75,9400,0.0,0.0
1993-03-23 00:00:00-05:00,13.25,13.25,12.0,12.0,45300,0.0,0.0
1993-03-24 00:00:00-05:00,12.0,12.25,10.75,11.5,185800,0.0,0.0
1993-03-25 00:00:00-05:00,11.75,12.5,11.5,12.0,32400,0.0,0.0
1993-03-26 00:00:00-05:00,12.5,12.75,12.0,12.0,18400,0.0,0.0
1993-03-29 00:00:00-05:00,12.0,13.5,12.0,13.0,40700,0.0,0.0
1993-03-30 00:00:00-05:00,13.5,14.25,12.75,14.0,91200,0.0,0.0
1993-03-31 00:00:00-05:00,14.75,15.25,14.5,15.25,228100,0.0,0.0
1993-04-01 00:00:00-05:00,15.0,15.25,14.0,14.5,110400,0.0,0.0
1993-04-02 00:00:00-05:00,14.25,14.25,13.5,13.75,36500,0.0,0.0
1993-04-05 00:00:00-04:00,14.0,14.0,13.25,13.25,42300,0.0,0.0
1993-04-06 00:00:00-04:00,13.25,13.75,13.0,13.75,36700,0.0,0.0
1993-04-07 00:00:00-04:00,13.375,13.75,13.25,13.25,44100,0.0,0.0
1993-04-08 00:00:00-04:00,13.25,13.75,13.0,13.0,42300,0.0,0.0
1993-04-12 00:00:00-04:00,13.25,13.25,12.75,12.75,12000,0.0,0.0
1993-04-13 00:00:00-04:00,12.75,13.25,12.75,13.25,38400,0.0,0.0
1993-04-14 00:00:00-04:00,12.75,13.25,12.75,12.75,11200,0.0,0.0
1993-04-15 00:00:00-04:00,13.5,13.5,12.75,12.75,3400,0.0,0.0
1993-04-16 00:00:00-04:00,12.75,13.5,12.75,13.5,3300,0.0,0.0
1993-04-19 00:00:00-04:00,13.5,14.5,13.25,14.375,59200,0.0,0.0
1993-04-20 00:00:00-04:00,15.0,15.25,14.5,14.5,112200,0.0,0.0
1993-04-21 00:00:00-04:00,14.5,15.0,14.25,14.75,52500,0.0,0.0
1993-04-22 00:00:00-04:00,14.75,15.0,14.5,15.0,61100,0.0,0.0
1993-04-23 00:00:00-04:00,15.0,15.0,14.5,14.875,18300,0.0,0.0
1993-04-26 00:00:00-04:00,15.0,15.25,14.5,15.0,48900,0.0,0.0
1993-04-27 00:00:00-04:00,15.25,16.0,15.25,15.25,175900,0.0,0.0
1993-04-28 00:00:00-04:00,15.5,15.75,15.0,15.5,30100,0.0,0.0
1993-04-29 00:00:00-04:00,15.75,16.5,15.25,16.25,278900,0.0,0.0
1993-04-30 00:00:00-04:00,15.75,16.25,14.75,15.0,179400,0.0,0.0
1993-05-03 00:00:00-04:00,14.75,15.0,13.75,14.25,101100,0.0,0.0
1993-05-04 00:00:00-04:00,14.25,14.25,13.0,13.25,245900,0.0,0.0
1993-05-05 00:00:00-04:00,13.5,14.75,13.5,14.75,123400,0.0,0.0
1993-05-06 00:00:00-04:00,14.5,15.0,14.25,15.0,111400,0.0,0.0
1993-05-07 00:00:00-04:00,15.5,16.25,15.25,16.0,158400,0.0,0.0
1993-05-10 00:00:00-04:00,17.0,17.5,15.75,16.125,296800,0.0,0.0
1993-05-11 00:00:00-04:00,15.5,16.25,15.5,16.0,70400,0.0,0.0
1993-05-12 00:00:00-04:00,16.25,16.25,15.0,15.25,66900,0.0,0.0
1993-05-13 00:00:00-04:00,15.5,15.5,14.75,15.25,48300,0.0,0.0
1993-05-14 00:00:00-04:00,15.25,15.25,14.5,14.5,11400,0.0,0.0
1993-05-17 00:00:00-04:00,15.25,15.5,14.875,15.5,57300,0.0,0.0
1993-05-18 00:00:00-04:00,15.25,16.0,15.0,15.25,92800,0.0,0.0
1993-05-19 00:00:00-04:00,15.5,15.5,14.75,14.75,15200,0.0,0.0
1993-05-20 00:00:00-04:00,14.75,15.25,14.75,14.75,11700,0.0,0.0
1993-05-21 00:00:00-04:00,15.25,15.5,14.75,15.25,50000,0.0,0.0
1993-05-24 00:00:00-04:00,15.5,15.75,15.0,15.5,45000,0.0,0.0
1993-05-25 00:00:00-04:00,15.75,15.75,15.25,15.75,27500,0.0,0.0
1993-05-26 00:00:00-04:00,15.75,15.75,15.25,15.625,15300,0.0,0.0
1993-05-27 00:00:00-04:00,15.75,16.0,15.5,15.75,26000,0.0,0.0
1993-05-28 00:00:00-04:00,15.5,16.0,15.25,15.375,22300,0.0,0.0
1993-06-01 00:00:00-04:00,15.25,15.75,15.25,15.625,25700,0.0,0.0
1993-06-02 00:00:00-04:00,15.75,16.25,15.5,16.0,214400,0.0,0.0
1993-06-03 00:00:00-04:00,16.25,16.25,15.75,16.25,31300,0.0,0.0
1993-06-04 00:00:00-04:00,16.25,16.25,15.25,15.5,50800,0.0,0.0
1993-06-07 00:00:00-04:00,15.25,15.75,15.25,15.75,89100,0.0,0.0
1993-06-08 00:00:00-04:00,15.25,15.75,15.25,15.25,52000,0.0,0.0
1993-06-09 00:00:00-04:00,15.25,15.75,15.25,15.25,12000,0.0,0.0
1993-06-10 00:00:00-04:00,15.25,15.75,15.25,15.25,75300,0.0,0.0
1993-06-11 00:00:00-04:00,15.75,15.75,15.25,15.25,43300,0.0,0.0
1993-06-14 00:00:00-04:00,15.75,15.75,15.25,15.75,55600,0.0,0.0
1993-06-15 00:00:00-04:00,15.75,16.25,15.5,16.0,190000,0.0,0.0
1993-06-16 00:00:00-04:00,16.0,16.25,15.75,16.125,143900,0.0,0.0
1993-06-17 00:00:00-04:00,16.25,16.25,16.0,16.25,62100,0.0,0.0
1993-06-18 00:00:00-04:00,16.0,16.25,16.0,16.125,69500,0.0,0.0
1993-06-21 00:00:00-04:00,16.0,16.25,16.0,16.0,14600,0.0,0.0
1993-06-22 00:00:00-04:00,16.0,16.25,15.75,15.875,54300,0.0,0.0
1993-06-23 00:00:00-04:00,15.75,16.25,15.75,16.25,39700,0.0,0.0
1993-06-24 00:00:00-04:00,16.25,16.25,15.75,16.0,47300,0.0,0.0
1993-06-25 00:00:00-04:00,16.25,16.25,15.75,16.25,41300,0.0,0.0
1993-06-28 00:00:00-04:00,15.75,16.5,15.75,16.0,97500,0.0,0.0
1993-06-29 00:00:00-04:00,16.5,16.5,16.0,16.5,62300,0.0,0.0
1993-06-30 00:00:00-04:00,16.5,17.0,16.0,16.5,110200,0.0,0.0
1993-07-01 00:00:00-04:00,16.5,17.25,16.5,17.0,76800,0.0,0.0
1993-07-02 00:00:00-04:00,17.0,17.25,16.75,16.75,41100,0.0,0.0
1993-07-06 00:00:00-04:00,17.25,17.25,16.75,17.25,73200,0.0,0.0
1993-07-07 00:00:00-04:00,16.75,17.25,16.75,17.0,59600,0.0,0.0
1993-07-08 00:00:00-04:00,17.25,17.5,17.0,17.0,25600,0.0,0.0
1993-07-09 00:00:00-04:00,17.25,18.5,17.25,18.0,166300,0.0,0.0
1993-07-12 00:00:00-04:00,18.5,18.5,17.75,18.5,71400,0.0,0.0
1993-07-13 00:00:00-04:00,18.5,18.5,17.75,17.75,27500,0.0,0.0
1993-07-14 00:00:00-04:00,18.25,18.25,17.5,18.125,55300,0.0,0.0
1993-07-15 00:00:00-04:00,18.25,19.5,17.75,19.0,117800,0.0,0.0
1993-07-16 00:00:00-04:00,19.25,20.5,19.25,19.75,127000,0.0,0.0
1993-07-19 00:00:00-04:00,20.25,21.5,19.75,21.5,200800,0.0,0.0
1993-07-20 00:00:00-04:00,21.5,21.5,19.25,19.25,166000,0.0,0.0
1993-07-21 00:00:00-04:00,19.25,20.25,19.25,19.75,82600,0.0,0.0
1993-07-22 00:00:00-04:00,19.625,20.5,19.5,20.0,134600,0.0,0.0
1993-07-23 00:00:00-04:00,20.0,20.0,19.5,19.5,29900,0.0,0.0
1993-07-26 00:00:00-04:00,20.0,20.0,19.5,19.5,13800,0.0,0.0
1993-07-27 00:00:00-04:00,19.5,20.0,17.25,17.75,163000,0.0,0.0
1993-07-28 00:00:00-04:00,17.75,18.5,17.75,18.0,78500,0.0,0.0
1993-07-29 00:00:00-04:00,18.5,18.5,18.0,18.0,26700,0.0,0.0
1993-07-30 00:00:00-04:00,18.0,18.75,18.0,18.25,24900,0.0,0.0
1993-08-02 00:00:00-04:00,18.25,18.75,18.25,18.625,29800,0.0,0.0
1993-08-03 00:00:00-04:00,18.25,18.5,18.0,18.5,17200,0.0,0.0
1993-08-04 00:00:00-04:00,18.0,18.5,18.0,18.5,13200,0.0,0.0
1993-08-05 00:00:00-04:00,18.5,19.0,18.25,18.5,56600,0.0,0.0
1993-08-06 00:00:00-04:00,19.25,19.75,18.75,19.75,59100,0.0,0.0
1993-08-09 00:00:00-04:00,19.5,19.75,18.25,18.625,179900,0.0,0.0
1993-08-10 00:00:00-04:00,18.0,18.25,16.0,16.125,414000,0.0,0.0
1993-08-11 00:00:00-04:00,16.0,16.5,14.5,15.75,335000,0.0,0.0
1993-08-12 00:00:00-04:00,15.5,16.0,15.0,15.375,178500,0.0,0.0
1993-08-13 00:00:00-04:00,15.5,15.75,15.25,15.5,27100,0.0,0.0
1993-08-16 00:00:00-04:00,15.75,16.0,15.5,16.0,73500,0.0,0.0
1993-08-17 00:00:00-04:00,16.0,16.5,15.5,16.5,125200,0.0,0.0
1993-08-18 00:00:00-04:00,16.125,17.25,16.0,16.75,211700,0.0,0.0
1993-08-19 00:00:00-04:00,16.75,16.75,16.25,16.5,50400,0.0,0.0
1993-08-20 00:00:00-04:00,16.75,16.75,16.25,16.625,61800,0.0,0.0
1993-08-23 00:00:00-04:00,16.5,16.5,15.25,15.75,47800,0.0,0.0
1993-08-24 00:00:00-04:00,16.0,16.0,15.0,15.0,65900,0.0,0.0
1993-08-25 00:00:00-04:00,15.0,15.5,14.75,15.0,69900,0.0,0.0
1993-08-26 00:00:00-04:00,14.75,15.375,14.75,15.375,1318200,0.0,0.0
1993-08-27 00:00:00-04:00,15.375,15.75,15.125,15.5,122800,0.0,0.0
1993-08-30 00:00:00-04:00,15.5,16.625,15.5,16.375,383500,0.0,0.0
1993-08-31 00:00:00-04:00,16.5,16.5,15.75,16.0,129700,0.0,0.0
1993-09-01 00:00:00-04:00,16.125,16.75,15.875,16.625,327100,0.0,0.0
1993-09-02 00:00:00-04:00,16.625,17.625,16.375,17.5,349700,0.0,0.0
1993-09-03 00:00:00-04:00,17.25,18.25,17.25,18.125,252700,0.0,0.0
1993-09-07 00:00:00-04:00,16.75,16.75,16.75,16.75,320000,0.0,0.0
1993-09-08 00:00:00-04:00,16.5,16.625,15.375,16.125,275200,0.0,0.0
1993-09-09 00:00:00-04:00,16.375,16.625,16.0,16.5,115900,0.0,0.0
1993-09-10 00:00:00-04:00,16.5,16.75,16.125,16.5,82300,0.0,0.0
1993-09-13 00:00:00-04:00,16.25,16.375,15.125,15.375,186100,0.0,0.0
1993-09-14 00:00:00-04:00,15.375,15.5,15.125,15.25,54900,0.0,0.0
1993-09-15 00:00:00-04:00,15.375,15.5,15.125,15.375,123900,0.0,0.0
1993-09-16 00:00:00-04:00,15.375,15.375,14.875,15.125,72600,0.0,0.0
1993-09-17 00:00:00-04:00,14.875,15.0,14.625,14.625,106300,0.0,0.0
1993-09-20 00:00:00-04:00,15.0,15.125,13.625,13.75,289000,0.0,0.0
1993-09-21 00:00:00-04:00,13.75,14.375,13.75,14.0,215400,0.0,0.0
1993-09-22 00:00:00-04:00,14.0,14.75,13.875,14.5,154500,0.0,0.0
1993-09-23 00:00:00-04:00,14.375,14.75,14.375,14.75,49500,0.0,0.0
1993-09-24 00:00:00-04:00,14.625,15.125,14.375,14.875,198200,0.0,0.0
1993-09-27 00:00:00-04:00,15.125,15.625,14.875,15.25,133100,0.0,0.0
1993-09-28 00:00:00-04:00,15.625,15.75,15.25,15.5,56100,0.0,0.0
1993-09-29 00:00:00-04:00,15.75,15.875,15.375,15.875,102400,0.0,0.0
1993-09-30 00:00:00-04:00,15.875,15.875,15.125,15.5,77700,0.0,0.0
1993-10-01 00:00:00-04:00,15.375,15.5,15.125,15.125,64500,0.0,0.0
1993-10-04 00:00:00-04:00,15.375,15.375,14.75,15.0,78200,0.0,0.0
1993-10-05 00:00:00-04:00,14.75,15.125,14.375,14.875,106000,0.0,0.0
1993-10-06 00:00:00-04:00,15.0,15.5,14.875,15.5,71000,0.0,0.0
1993-10-07 00:00:00-04:00,15.125,16.25,15.125,16.125,107100,0.0,0.0
1993-10-08 00:00:00-04:00,16.125,17.0,16.125,16.875,589800,0.0,0.0
1993-10-11 00:00:00-04:00,16.875,17.125,16.625,16.875,245100,0.0,0.0
1993-10-12 00:00:00-04:00,17.0,17.5,16.625,17.25,99000,0.0,0.0
1993-10-13 00:00:00-04:00,17.5,17.5,17.125,17.5,112500,0.0,0.0
1993-10-14 00:00:00-04:00,17.25,17.5,16.875,17.125,111100,0.0,0.0
1993-10-15 00:00:00-04:00,17.375,17.75,17.25,17.625,157100,0.0,0.0
1993-10-18 00:00:00-04:00,17.375,17.625,17.125,17.125,69500,0.0,0.0
1993-10-19 00:00:00-04:00,17.125,17.375,15.75,15.875,116600,0.0,0.0
1993-10-20 00:00:00-04:00,16.0,16.0,15.625,15.75,61600,0.0,0.0
1993-10-21 00:00:00-04:00,15.875,17.25,15.625,17.125,153800,0.0,0.0
1993-10-22 00:00:00-04:00,17.125,17.875,16.75,17.25,151700,0.0,0.0
1993-10-25 00:00:00-04:00,17.25,17.5,17.125,17.375,59300,0.0,0.0
1993-10-26 00:00:00-04:00,17.375,17.5,17.125,17.25,131400,0.0,0.0
1993-10-27 00:00:00-04:00,17.5,17.5,17.125,17.5,64200,0.0,0.0
1993-10-28 00:00:00-04:00,17.5,17.75,17.25,17.5,76700,0.0,0.0
1993-10-29 00:00:00-04:00,17.875,18.375,17.5,18.25,243200,0.0,0.0
1993-11-01 00:00:00-05:00,18.0,18.25,17.875,18.25,64800,0.0,0.0
1993-11-02 00:00:00-05:00,18.25,18.5,17.875,18.0,171800,0.0,0.0
1993-11-03 00:00:00-05:00,18.125,18.25,17.75,17.75,348100,0.0,0.0
1993-11-04 00:00:00-05:00,17.75,18.0,17.0,17.0,249400,0.0,0.0
1993-11-05 00:00:00-05:00,16.875,16.875,16.5,16.5,142000,0.0,0.0
1993-11-08 00:00:00-05:00,16.875,17.375,16.75,17.125,272200,0.0,0.0
1993-11-09 00:00:00-05:00,17.75,18.125,17.25,17.5,130600,0.0,0.0
1993-11-10 00:00:00-05:00,17.5,17.625,17.0,17.25,57300,0.0,0.0
1993-11-11 00:00:00-05:00,17.25,17.25,16.75,17.125,42000,0.0,0.0
1993-11-12 00:00:00-05:00,17.125,17.125,16.25,16.625,100300,0.0,0.0
1993-11-15 00:00:00-05:00,16.5,16.625,16.375,16.5,117700,0.0,0.0
1993-11-16 00:00:00-05:00,16.625,16.625,16.125,16.25,35100,0.0,0.0
1993-11-17 00:00:00-05:00,16.125,16.375,15.125,15.25,207000,0.0,0.0
1993-11-18 00:00:00-05:00,15.25,15.5,15.125,15.25,52700,0.0,0.0
1993-11-19 00:00:00-05:00,15.5,15.5,14.75,15.125,154100,0.0,0.0
1993-11-22 00:00:00-05:00,15.25,15.25,14.25,14.625,287800,0.0,0.0
1993-11-23 00:00:00-05:00,14.5,15.0,14.5,14.875,28000,0.0,0.0
1993-11-24 00:00:00-05:00,15.0,15.0,14.625,14.625,39800,0.0,0.0
1993-11-26 00:00:00-05:00,14.75,15.0,14.625,14.625,2700,0.0,0.0
1993-11-29 00:00:00-05:00,14.625,14.875,14.5,14.75,79300,0.0,0.0
1993-11-30 00:00:00-05:00,14.75,15.0,14.5,14.75,112400,0.0,0.0
1993-12-01 00:00:00-05:00,14.75,15.5,14.75,15.5,177400,0.0,0.0
1993-12-02 00:00:00-05:00,15.25,15.5,15.25,15.5,8800,0.0,0.0
1993-12-03 00:00:00-05:00,15.5,15.5,15.0,15.375,32700,0.0,0.0
1993-12-06 00:00:00-05:00,15.375,15.375,14.875,15.125,37800,0.0,0.0
1993-12-07 00:00:00-05:00,15.125,15.125,14.875,15.125,14900,0.0,0.0
1993-12-08 00:00:00-05:00,15.125,15.125,14.75,15.0,19500,0.0,0.0
1993-12-09 00:00:00-05:00,15.0,15.0,14.625,14.625,5300,0.0,0.0
1993-12-10 00:00:00-05:00,14.625,15.0,14.5,14.75,45300,0.0,0.0
1993-12-13 00:00:00-05:00,14.5,15.125,14.25,14.625,123800,0.0,0.0
1993-12-14 00:00:00-05:00,14.25,14.625,14.25,14.625,26500,0.0,0.0
1993-12-15 00:00:00-05:00,14.375,14.75,14.375,14.75,68000,0.0,0.0
1993-12-16 00:00:00-05:00,14.375,14.75,14.375,14.75,48600,0.0,0.0
1993-12-17 00:00:00-05:00,14.75,15.625,14.5,15.625,123200,0.0,0.0
1993-12-20 00:00:00-05:00,15.75,16.625,15.5,16.5,159600,0.0,0.0
1993-12-21 00:00:00-05:00,16.625,16.625,16.25,16.625,20300,0.0,0.0
1993-12-22 00:00:00-05:00,16.625,16.625,15.875,16.0,108700,0.0,0.0
1993-12-23 00:00:00-05:00,15.75,16.125,15.5,15.5,52900,0.0,0.0
1993-12-27 00:00:00-05:00,15.625,16.0,15.625,15.75,78100,0.0,0.0
1993-12-28 00:00:00-05:00,15.75,16.0,15.625,15.75,59700,0.0,0.0
1993-12-29 00:00:00-05:00,15.625,15.875,15.5,15.5,17100,0.0,0.0
1993-12-30 00:00:00-05:00,15.5,15.75,15.5,15.75,18400,0.0,0.0
1993-12-31 00:00:00-05:00,15.375,15.75,15.375,15.5,45600,0.0,0.0
1994-01-03 00:00:00-05:00,15.5,15.75,15.25,15.25,31400,0.0,0.0
1994-01-04 00:00:00-05:00,15.5,15.5,15.0,15.0,48000,0.0,0.0
1994-01-05 00:00:00-05:00,15.25,15.625,14.875,15.625,101700,0.0,0.0
1994-01-06 00:00:00-05:00,15.625,16.125,15.5,16.125,90400,0.0,0.0
1994-01-07 00:00:00-05:00,16.0,16.625,16.0,16.375,106900,0.0,0.0
1994-01-10 00:00:00-05:00,16.25,16.625,16.125,16.25,75500,0.0,0.0
1994-01-11 00:00:00-05:00,16.125,16.5,16.125,16.375,39200,0.0,0.0
1994-01-12 00:00:00-05:00,16.5,16.625,16.375,16.5,49300,0.0,0.0
1994-01-13 00:00:00-05:00,16.5,17.125,16.375,17.125,394200,0.0,0.0
1994-01-14 00:00:00-05:00,17.125,17.375,16.875,17.25,154900,0.0,0.0
1994-01-17 00:00:00-05:00,17.25,17.25,16.875,17.0,63300,0.0,0.0
1994-01-18 00:00:00-05:00,16.875,17.125,16.875,16.875,141300,0.0,0.0
1994-01-19 00:00:00-05:00,16.875,17.125,15.5,15.875,446600,0.0,0.0
1994-01-20 00:00:00-05:00,15.875,15.875,15.5,15.625,163800,0.0,0.0
1994-01-21 00:00:00-05:00,15.75,16.0,15.625,16.0,205500,0.0,0.0
1994-01-24 00:00:00-05:00,15.75,16.0,15.0,15.0,224300,0.0,0.0
1994-01-25 00:00:00-05:00,15.25,15.375,15.0,15.375,162700,0.0,0.0
1994-01-26 00:00:00-05:00,15.375,15.375,15.125,15.375,23300,0.0,0.0
1994-01-27 00:00:00-05:00,15.625,16.0,15.375,15.875,211700,0.0,0.0
1994-01-28 00:00:00-05:00,16.0,16.0,15.75,15.75,52900,0.0,0.0
1994-01-31 00:00:00-05:00,16.0,16.125,15.75,15.875,55900,0.0,0.0
1994-02-01 00:00:00-05:00,16.0,16.0,15.125,15.25,91100,0.0,0.0
1994-02-02 00:00:00-05:00,15.25,15.375,15.0,15.375,44400,0.0,0.0
1994-02-03 00:00:00-05:00,15.375,15.5,15.125,15.125,49800,0.0,0.0
1994-02-04 00:00:00-05:00,15.5,15.5,14.5,14.75,88500,0.0,0.0
1994-02-07 00:00:00-05:00,14.5,14.75,14.25,14.5,144200,0.0,0.0
1994-02-08 00:00:00-05:00,14.75,14.75,14.25,14.375,54400,0.0,0.0
1994-02-09 00:00:00-05:00,14.5,14.5,14.375,14.5,56200,0.0,0.0
1994-02-10 00:00:00-05:00,14.75,14.75,14.125,14.5,68900,0.0,0.0
1994-02-11 00:00:00-05:00,14.5,14.5,13.5,13.75,118300,0.0,0.0
1994-02-14 00:00:00-05:00,13.875,13.875,13.5,13.625,125500,0.0,0.0
1994-02-15 00:00:00-05:00,13.875,13.875,13.5,13.875,60000,0.0,0.0
1994-02-16 00:00:00-05:00,13.875,14.0,13.5,14.0,31700,0.0,0.0
1994-02-17 00:00:00-05:00,14.0,14.0,13.625,13.75,43500,0.0,0.0
1994-02-18 00:00:00-05:00,14.0,14.125,13.75,14.125,40300,0.0,0.0
1994-02-22 00:00:00-05:00,14.125,14.375,13.875,14.375,33200,0.0,0.0
1994-02-23 00:00:00-05:00,14.375,14.5,14.0,14.5,26900,0.0,0.0
1994-02-24 00:00:00-05:00,14.125,14.25,13.75,14.0,47500,0.0,0.0
1994-02-25 00:00:00-05:00,14.125,14.125,13.75,14.0,20100,0.0,0.0
1994-02-28 00:00:00-05:00,14.0,14.0,13.75,14.0,20200,0.0,0.0
1994-03-01 00:00:00-05:00,14.0,14.0,13.625,13.75,47300,0.0,0.0
1994-03-02 00:00:00-05:00,13.375,13.5,12.625,12.875,171600,0.0,0.0
1994-03-03 00:00:00-05:00,12.875,13.125,12.75,12.875,61200,0.0,0.0
1994-03-04 00:00:00-05:00,13.0,13.25,12.875,13.25,19000,0.0,0.0
1994-03-07 00:00:00-05:00,13.0,14.125,13.0,13.75,112500,0.0,0.0
1994-03-08 00:00:00-05:00,13.625,13.875,13.5,13.75,21500,0.0,0.0
1994-03-09 00:00:00-05:00,13.5,14.0,13.5,13.875,56600,0.0,0.0
1994-03-10 00:00:00-05:00,13.75,14.0,13.75,14.0,19600,0.0,0.0
1994-03-11 00:00:00-05:00,13.75,14.0,13.625,13.625,12700,0.0,0.0
1994-03-14 00:00:00-05:00,13.625,14.0,13.125,13.125,74900,0.0,0.0
1994-03-15 00:00:00-05:00,12.125,12.125,8.5,8.75,1913500,0.0,0.0
1994-03-16 00:00:00-05:00,9.0,9.0,7.75,7.75,1253700,0.0,0.0
1994-03-17 00:00:00-05:00,7.875,8.5,7.75,8.125,455700,0.0,0.0
1994-03-18 00:00:00-05:00,8.125,8.25,7.75,8.125,323600,0.0,0.0
1994-03-21 00:00:00-05:00,8.125,8.125,6.75,7.0,494000,0.0,0.0
1994-03-22 00:00:00-05:00,6.875,7.25,6.5,6.75,366600,0.0,0.0
1994-03-23 00:00:00-05:00,6.75,7.125,6.625,7.125,418900,0.0,0.0
1994-03-24 00:00:00-05:00,7.125,7.125,6.875,7.0,251000,0.0,0.0
1994-03-25 00:00:00-05:00,6.875,7.0,6.875,7.0,131400,0.0,0.0
1994-03-28 00:00:00-05:00,7.0,7.125,6.875,7.125,118900,0.0,0.0
1994-03-29 00:00:00-05:00,7.125,7.125,6.875,6.875,29200,0.0,0.0
1994-03-30 00:00:00-05:00,6.875,7.125,6.5,6.75,132100,0.0,0.0
1994-03-31 00:00:00-05:00,6.5,6.875,6.5,6.875,68500,0.0,0.0
1994-04-04 00:00:00-04:00,6.75,6.75,6.125,6.375,287000,0.0,0.0
1994-04-05 00:00:00-04:00,6.375,6.625,6.25,6.5,71500,0.0,0.0
1994-04-06 00:00:00-04:00,6.5,6.5,6.125,6.5,61400,0.0,0.0
1994-04-07 00:00:00-04:00,6.5,8.125,6.125,7.875,317200,0.0,0.0
1994-04-08 00:00:00-04:00,7.875,7.875,7.0,7.0625,122700,0.0,0.0
1994-04-11 00:00:00-04:00,7.125,7.25,7.0,7.125,39700,0.0,0.0
1994-04-12 00:00:00-04:00,7.25,7.375,7.0,7.375,72100,0.0,0.0
1994-04-13 00:00:00-04:00,7.375,7.5,7.125,7.5,75900,0.0,0.0
1994-04-14 00:00:00-04:00,7.5,8.25,7.25,7.875,268800,0.0,0.0
1994-04-15 00:00:00-04:00,8.0,8.0,7.625,7.625,39700,0.0,0.0
1994-04-18 00:00:00-04:00,7.625,8.0,7.25,7.5,59200,0.0,0.0
1994-04-19 00:00:00-04:00,7.25,7.625,7.0,7.0,80700,0.0,0.0
1994-04-20 00:00:00-04:00,7.0,7.25,7.0,7.125,25800,0.0,0.0
1994-04-21 00:00:00-04:00,7.25,7.25,7.0,7.25,38600,0.0,0.0
1994-04-22 00:00:00-04:00,7.25,7.375,7.0,7.125,61000,0.0,0.0
1994-04-25 00:00:00-04:00,7.0,7.375,7.0,7.125,28100,0.0,0.0
1994-04-26 00:00:00-04:00,7.25,7.25,7.0,7.125,13600,0.0,0.0
1994-04-28 00:00:00-04:00,7.375,7.625,7.125,7.5,57600,0.0,0.0
1994-04-29 00:00:00-04:00,7.75,8.125,7.5,7.875,107900,0.0,0.0
1994-05-02 00:00:00-04:00,7.875,8.625,7.875,8.3125,91100,0.0,0.0
1994-05-03 00:00:00-04:00,8.375,8.5,8.0,8.0,62300,0.0,0.0
1994-05-04 00:00:00-04:00,8.0,8.125,7.625,8.0,29200,0.0,0.0
1994-05-05 00:00:00-04:00,8.0,8.0,7.5,7.5,30900,0.0,0.0
1994-05-06 00:00:00-04:00,7.75,7.75,7.5,7.75,19000,0.0,0.0
1994-05-09 00:00:00-04:00,7.5,7.625,6.75,7.0,143000,0.0,0.0
1994-05-10 00:00:00-04:00,6.625,7.0,6.625,6.75,42300,0.0,0.0
1994-05-11 00:00:00-04:00,6.75,7.0,6.375,6.625,101000,0.0,0.0
1994-05-12 00:00:00-04:00,6.625,6.625,6.0,6.625,158200,0.0,0.0
1994-05-13 00:00:00-04:00,6.5,6.625,6.25,6.5,84000,0.0,0.0
1994-05-16 00:00:00-04:00,6.5,6.5,6.125,6.125,113000,0.0,0.0
1994-05-17 00:00:00-04:00,6.125,6.5,6.0,6.25,154800,0.0,0.0
1994-05-18 00:00:00-04:00,6.25,6.375,5.875,6.125,125100,0.0,0.0
1994-05-19 00:00:00-04:00,6.0,6.125,5.875,6.0,102000,0.0,0.0
1994-05-20 00:00:00-04:00,6.125,6.625,5.875,6.625,130600,0.0,0.0
1994-05-23 00:00:00-04:00,6.625,6.75,6.375,6.5,61500,0.0,0.0
1994-05-24 00:00:00-04:00,6.625,6.625,6.375,6.625,29700,0.0,0.0
1994-05-25 00:00:00-04:00,6.375,6.625,6.375,6.5,26500,0.0,0.0
1994-05-26 00:00:00-04:00,6.625,6.75,6.375,6.5,80800,0.0,0.0
1994-05-27 00:00:00-04:00,6.375,6.75,6.375,6.375,19900,0.0,0.0
1994-05-31 00:00:00-04:00,6.75,6.75,6.375,6.375,25700,0.0,0.0
1994-06-01 00:00:00-04:00,6.375,6.875,6.375,6.75,58600,0.0,0.0
1994-06-02 00:00:00-04:00,6.875,7.125,6.625,7.0625,110800,0.0,0.0
1994-06-03 00:00:00-04:00,7.125,7.625,6.875,7.5,194900,0.0,0.0
1994-06-06 00:00:00-04:00,7.5,7.875,7.5,7.6875,76200,0.0,0.0
1994-06-07 00:00:00-04:00,7.5,7.75,7.375,7.625,80400,0.0,0.0
1994-06-08 00:00:00-04:00,8.25,8.5,7.5,7.5,215100,0.0,0.0
1994-06-09 00:00:00-04:00,7.5,7.75,6.875,7.0625,72500,0.0,0.0
1994-06-10 00:00:00-04:00,7.25,7.25,6.75,7.0,108400,0.0,0.0
1994-06-13 00:00:00-04:00,7.0,7.0,6.25,6.5,111500,0.0,0.0
1994-06-14 00:00:00-04:00,6.625,6.625,6.5,6.5625,44200,0.0,0.0
1994-06-15 00:00:00-04:00,6.5,6.75,6.25,6.3125,82500,0.0,0.0
1994-06-16 00:00:00-04:00,6.25,6.5,5.875,6.375,83100,0.0,0.0
1994-06-17 00:00:00-04:00,6.0,6.375,5.875,6.0,36200,0.0,0.0
1994-06-20 00:00:00-04:00,6.0,6.125,5.25,5.5,336200,0.0,0.0
1994-06-21 00:00:00-04:00,5.625,5.625,5.25,5.625,78900,0.0,0.0
1994-06-22 00:00:00-04:00,5.5,5.5,5.0,5.25,87800,0.0,0.0
1994-06-23 00:00:00-04:00,5.0,5.25,3.625,4.375,706200,0.0,0.0
1994-06-24 00:00:00-04:00,4.5,4.875,4.25,4.375,379700,0.0,0.0
1994-06-27 00:00:00-04:00,4.625,4.75,4.25,4.625,225500,0.0,0.0
1994-06-28 00:00:00-04:00,4.5,4.75,4.375,4.4375,78400,0.0,0.0
1994-06-29 00:00:00-04:00,4.375,4.5,4.375,4.5,61100,0.0,0.0
1994-06-30 00:00:00-04:00,4.625,4.625,4.375,4.5,120100,0.0,0.0
1994-07-01 00:00:00-04:00,4.5,4.5,3.75,4.0,324200,0.0,0.0
1994-07-05 00:00:00-04:00,4.0,4.25,4.0,4.0,65900,0.0,0.0
1994-07-06 00:00:00-04:00,4.25,4.25,4.0,4.1875,65600,0.0,0.0
1994-07-07 00:00:00-04:00,4.25,4.25,4.0,4.125,57900,0.0,0.0
1994-07-08 00:00:00-04:00,4.25,4.25,4.0,4.0,46500,0.0,0.0
1994-07-11 00:00:00-04:00,4.0,4.25,3.875,4.125,70300,0.0,0.0
1994-07-12 00:00:00-04:00,3.875,4.125,3.875,4.0,31100,0.0,0.0
1994-07-13 00:00:00-04:00,3.875,4.125,3.875,3.875,18300,0.0,0.0
1994-07-14 00:00:00-04:00,3.875,4.125,3.875,3.9375,89800,0.0,0.0
1994-07-15 00:00:00-04:00,3.875,4.125,3.875,3.875,104400,0.0,0.0
1994-07-18 00:00:00-04:00,3.875,4.125,3.875,4.125,195500,0.0,0.0
1994-07-19 00:00:00-04:00,4.0,4.25,4.0,4.0,20300,0.0,0.0
1994-07-20 00:00:00-04:00,4.375,4.625,4.25,4.5,85300,0.0,0.0
1994-07-21 00:00:00-04:00,4.25,4.5,4.25,4.3125,19700,0.0,0.0
1994-07-22 00:00:00-04:00,4.25,4.5,4.125,4.25,50900,0.0,0.0
1994-07-25 00:00:00-04:00,4.5,4.5,4.125,4.125,20700,0.0,0.0
1994-07-26 00:00:00-04:00,4.0,4.375,4.0,4.375,29900,0.0,0.0
1994-07-27 00:00:00-04:00,4.375,4.375,3.9375,4.25,57600,0.0,0.0
1994-07-28 00:00:00-04:00,3.875,4.25,3.875,3.875,19300,0.0,0.0
1994-07-29 00:00:00-04:00,3.875,4.125,3.875,3.875,17700,0.0,0.0
1994-08-01 00:00:00-04:00,3.875,4.125,3.5625,3.625,55100,0.0,0.0
1994-08-02 00:00:00-04:00,3.75,3.75,3.5,3.5625,111800,0.0,0.0
1994-08-03 00:00:00-04:00,3.5,3.875,3.5,3.875,41900,0.0,0.0
1994-08-04 00:00:00-04:00,3.875,4.0,3.625,3.8125,19100,0.0,0.0
1994-08-05 00:00:00-04:00,4.0,4.0,3.625,3.625,10000,0.0,0.0
1994-08-08 00:00:00-04:00,3.625,4.0,3.625,4.0,10700,0.0,0.0
1994-08-09 00:00:00-04:00,3.75,4.0,3.75,3.75,5800,0.0,0.0
1994-08-10 00:00:00-04:00,4.0,4.125,3.75,4.125,55900,0.0,0.0
1994-08-11 00:00:00-04:00,3.875,4.125,3.875,4.125,37700,0.0,0.0
1994-08-12 00:00:00-04:00,4.125,4.25,3.875,4.25,46100,0.0,0.0
1994-08-15 00:00:00-04:00,3.875,4.25,3.875,4.0,40400,0.0,0.0
1994-08-16 00:00:00-04:00,4.25,4.25,3.875,4.25,39400,0.0,0.0
1994-08-17 00:00:00-04:00,4.0,4.25,4.0,4.25,26600,0.0,0.0
1994-08-18 00:00:00-04:00,4.25,4.25,4.0,4.0,12900,0.0,0.0
1994-08-19 00:00:00-04:00,4.25,4.25,4.0,4.0625,23200,0.0,0.0
1994-08-22 00:00:00-04:00,3.875,4.25,3.75,4.0,32000,0.0,0.0
1994-08-23 00:00:00-04:00,4.0,4.0,3.75,4.0,11300,0.0,0.0
1994-08-24 00:00:00-04:00,4.0,4.125,3.75,3.875,17500,0.0,0.0
1994-08-25 00:00:00-04:00,3.875,4.0,3.75,4.0,31200,0.0,0.0
1994-08-26 00:00:00-04:00,3.75,4.125,3.75,4.125,158200,0.0,0.0
1994-08-29 00:00:00-04:00,4.125,4.125,3.9375,4.0,42100,0.0,0.0
1994-08-30 00:00:00-04:00,4.125,4.125,3.875,4.0,72600,0.0,0.0
1994-08-31 00:00:00-04:00,3.875,4.125,3.875,4.125,13300,0.0,0.0
1994-09-01 00:00:00-04:00,4.125,4.125,3.875,4.0,13600,0.0,0.0
1994-09-02 00:00:00-04:00,3.875,4.125,3.75,4.0,31600,0.0,0.0
1994-09-06 00:00:00-04:00,4.0,4.125,3.75,4.0,23000,0.0,0.0
1994-09-07 00:00:00-04:00,3.875,4.125,3.875,3.875,8900,0.0,0.0
1994-09-08 00:00:00-04:00,3.875,4.5,3.875,4.375,86300,0.0,0.0
1994-09-09 00:00:00-04:00,4.375,4.5,4.125,4.375,54600,0.0,0.0
1994-09-12 00:00:00-04:00,4.5,4.5,4.0,4.25,69600,0.0,0.0
1994-09-13 00:00:00-04:00,4.0,4.25,4.0,4.25,34600,0.0,0.0
1994-09-14 00:00:00-04:00,4.0,4.25,4.0,4.0,28500,0.0,0.0
1994-09-15 00:00:00-04:00,4.0,4.25,4.0,4.125,380800,0.0,0.0
1994-09-16 00:00:00-04:00,4.125,4.75,4.125,4.5,158300,0.0,0.0
1994-09-19 00:00:00-04:00,4.625,4.625,4.375,4.5,77800,0.0,0.0
1994-09-20 00:00:00-04:00,4.375,4.5,4.125,4.125,48800,0.0,0.0
1994-09-21 00:00:00-04:00,4.5,4.625,4.375,4.625,139100,0.0,0.0
1994-09-22 00:00:00-04:00,4.625,5.0,4.375,4.625,167900,0.0,0.0
1994-09-23 00:00:00-04:00,5.0,5.5,5.0,5.171875,319500,0.0,0.0
1994-09-26 00:00:00-04:00,5.0,5.375,5.0,5.0,41900,0.0,0.0
1994-09-27 00:00:00-04:00,5.0,5.25,4.875,5.125,69200,0.0,0.0
1994-09-28 00:00:00-04:00,5.25,5.25,5.0,5.1875,69300,0.0,0.0
1994-09-29 00:00:00-04:00,5.25,5.25,4.875,5.125,31600,0.0,0.0
1994-09-30 00:00:00-04:00,5.125,5.125,4.625,4.875,50100,0.0,0.0
1994-10-03 00:00:00-04:00,4.625,5.0,4.625,5.0,18000,0.0,0.0
1994-10-04 00:00:00-04:00,4.625,4.875,4.625,4.625,25000,0.0,0.0
1994-10-05 00:00:00-04:00,4.625,4.75,4.5,4.75,13900,0.0,0.0
1994-10-06 00:00:00-04:00,4.75,4.75,4.5,4.75,3100,0.0,0.0
1994-10-07 00:00:00-04:00,4.5,4.75,4.5,4.75,7200,0.0,0.0
1994-10-10 00:00:00-04:00,4.5,4.75,4.5,4.6875,14300,0.0,0.0
1994-10-11 00:00:00-04:00,4.5,4.875,4.5,4.75,24800,0.0,0.0
1994-10-12 00:00:00-04:00,4.625,5.0,4.625,4.75,36300,0.0,0.0
1994-10-13 00:00:00-04:00,5.0,5.0,4.6875,4.75,35300,0.0,0.0
1994-10-14 00:00:00-04:00,4.75,5.0,4.25,4.25,63500,0.0,0.0
1994-10-17 00:00:00-04:00,4.25,4.375,4.125,4.375,24900,0.0,0.0
1994-10-18 00:00:00-04:00,4.375,4.375,4.125,4.375,32000,0.0,0.0
1994-10-19 00:00:00-04:00,4.375,4.375,4.125,4.25,8500,0.0,0.0
1994-10-20 00:00:00-04:00,4.125,4.375,4.125,4.125,13300,0.0,0.0
1994-10-21 00:00:00-04:00,4.375,4.375,4.125,4.25,14800,0.0,0.0
1994-10-24 00:00:00-04:00,4.125,4.375,3.875,4.0,75600,0.0,0.0
1994-10-25 00:00:00-04:00,3.875,4.125,3.875,3.9375,28300,0.0,0.0
1994-10-26 00:00:00-04:00,3.875,4.0,3.75,3.75,37100,0.0,0.0
1994-10-27 00:00:00-04:00,3.75,4.125,3.75,3.75,39300,0.0,0.0
1994-10-28 00:00:00-04:00,4.125,4.25,3.875,4.0625,64700,0.0,0.0
1994-10-31 00:00:00-05:00,3.875,4.25,3.875,4.0625,48300,0.0,0.0
1994-11-01 00:00:00-05:00,4.25,4.25,3.875,4.25,24500,0.0,0.0
1994-11-02 00:00:00-05:00,3.875,4.25,3.75,4.125,49700,0.0,0.0
1994-11-03 00:00:00-05:00,4.125,4.125,3.75,4.125,23000,0.0,0.0
1994-11-04 00:00:00-05:00,3.75,4.125,3.75,4.0,37500,0.0,0.0
1994-11-07 00:00:00-05:00,4.0,4.125,3.75,4.125,71900,0.0,0.0
1994-11-08 00:00:00-05:00,3.75,4.0,3.75,4.0,26300,0.0,0.0
1994-11-09 00:00:00-05:00,3.75,4.0,3.75,3.75,21200,0.0,0.0
1994-11-10 00:00:00-05:00,3.75,4.0,3.5625,3.625,55000,0.0,0.0
1994-11-11 00:00:00-05:00,3.625,4.0,3.5,3.75,98300,0.0,0.0
1994-11-14 00:00:00-05:00,3.75,4.0,3.75,4.0,16100,0.0,0.0
1994-11-15 00:00:00-05:00,4.0,4.125,3.75,3.75,55300,0.0,0.0
1994-11-16 00:00:00-05:00,3.75,4.125,3.75,3.875,20800,0.0,0.0
1994-11-17 00:00:00-05:00,4.125,4.125,3.75,4.0,10500,0.0,0.0
1994-11-18 00:00:00-05:00,4.0,4.625,4.0,4.375,851100,0.0,0.0
1994-11-21 00:00:00-05:00,4.625,4.625,4.375,4.375,646900,0.0,0.0
1994-11-22 00:00:00-05:00,4.375,4.625,4.375,4.375,97500,0.0,0.0
1994-11-23 00:00:00-05:00,4.375,4.5,4.125,4.5,27800,0.0,0.0
1994-11-25 00:00:00-05:00,4.5,4.5,4.125,4.5,33800,0.0,0.0
1994-11-28 00:00:00-05:00,4.25,4.5,3.875,4.125,127600,0.0,0.0
1994-11-29 00:00:00-05:00,3.875,4.25,3.875,4.125,81400,0.0,0.0
1994-11-30 00:00:00-05:00,3.875,4.25,3.875,4.25,58300,0.0,0.0
1994-12-01 00:00:00-05:00,4.0,4.25,3.875,4.125,103300,0.0,0.0
1994-12-02 00:00:00-05:00,4.125,4.125,3.875,3.875,47300,0.0,0.0
1994-12-05 00:00:00-05:00,4.125,4.125,3.8125,3.9375,100700,0.0,0.0
1994-12-06 00:00:00-05:00,3.875,4.125,3.875,4.125,53500,0.0,0.0
1994-12-07 00:00:00-05:00,4.125,4.125,3.875,4.0,66200,0.0,0.0
1994-12-08 00:00:00-05:00,3.875,4.125,3.75,3.75,64100,0.0,0.0
1994-12-09 00:00:00-05:00,3.75,4.0,3.75,4.0,50200,0.0,0.0
1994-12-12 00:00:00-05:00,4.0,4.0,3.375,3.625,156500,0.0,0.0
1994-12-13 00:00:00-05:00,3.5,3.625,3.375,3.375,138000,0.0,0.0
1994-12-14 00:00:00-05:00,3.625,3.625,3.375,3.375,159800,0.0,0.0
1994-12-15 00:00:00-05:00,3.5,3.5,3.375,3.375,105400,0.0,0.0
1994-12-16 00:00:00-05:00,3.375,3.5,3.375,3.5,72500,0.0,0.0
1994-12-19 00:00:00-05:00,3.375,3.75,3.375,3.5625,89300,0.0,0.0
1994-12-20 00:00:00-05:00,3.5,3.75,3.375,3.375,69600,0.0,0.0
1994-12-21 00:00:00-05:00,3.375,3.625,3.25,3.375,179200,0.0,0.0
1994-12-22 00:00:00-05:00,3.25,3.5,3.125,3.5,287500,0.0,0.0
1994-12-23 00:00:00-05:00,3.25,3.5,3.25,3.4375,201800,0.0,0.0
1994-12-27 00:00:00-05:00,3.5,3.5,3.25,3.375,176100,0.0,0.0
1994-12-28 00:00:00-05:00,3.375,3.5,3.125,3.125,164100,0.0,0.0
1994-12-29 00:00:00-05:00,3.125,3.375,3.0,3.1875,330200,0.0,0.0
1994-12-30 00:00:00-05:00,3.125,3.5,3.0,3.0,275000,0.0,0.0
1995-01-03 00:00:00-05:00,3.375,3.375,3.125,3.3125,63900,0.0,0.0
1995-01-04 00:00:00-05:00,3.375,3.5,3.25,3.5,28700,0.0,0.0
1995-01-05 00:00:00-05:00,3.5,3.5,3.25,3.5,27300,0.0,0.0
1995-01-06 00:00:00-05:00,3.5,3.75,3.5,3.5,59200,0.0,0.0
1995-01-09 00:00:00-05:00,4.0,4.875,4.0,4.6875,1035300,0.0,0.0
1995-01-10 00:00:00-05:00,5.375,6.5,5.25,6.375,2658400,0.0,0.0
1995-01-11 00:00:00-05:00,7.125,7.125,6.5,6.875,1969500,0.0,0.0
1995-01-12 00:00:00-05:00,6.875,6.875,6.25,6.25,745400,0.0,0.0
1995-01-13 00:00:00-05:00,6.25,6.5,5.75,6.125,535000,0.0,0.0
1995-01-16 00:00:00-05:00,6.125,6.625,6.0,6.5,411500,0.0,0.0
1995-01-17 00:00:00-05:00,6.625,6.75,6.375,6.75,396800,0.0,0.0
1995-01-18 00:00:00-05:00,6.75,7.0,6.5,6.875,327500,0.0,0.0
1995-01-19 00:00:00-05:00,7.0,7.0,6.75,7.0,206900,0.0,0.0
1995-01-20 00:00:00-05:00,7.0,7.0,6.75,7.0,262600,0.0,0.0
1995-01-23 00:00:00-05:00,7.0,7.0,6.75,7.0,113800,0.0,0.0
1995-01-24 00:00:00-05:00,7.0,7.25,6.75,7.0,172200,0.0,0.0
1995-01-25 00:00:00-05:00,7.125,7.125,6.875,6.875,89500,0.0,0.0
1995-01-26 00:00:00-05:00,7.0,7.0,6.625,6.625,128200,0.0,0.0
1995-01-27 00:00:00-05:00,6.875,6.875,6.0,6.125,226200,0.0,0.0
1995-01-30 00:00:00-05:00,6.25,6.5,6.0,6.5,76800,0.0,0.0
1995-01-31 00:00:00-05:00,6.25,6.75,6.25,6.625,54300,0.0,0.0
1995-02-01 00:00:00-05:00,6.75,7.125,6.625,6.75,123300,0.0,0.0
1995-02-02 00:00:00-05:00,6.75,6.875,6.625,6.625,70300,0.0,0.0
1995-02-03 00:00:00-05:00,6.875,7.125,6.625,6.875,74400,0.0,0.0
1995-02-06 00:00:00-05:00,7.0,7.0625,6.75,7.0,88200,0.0,0.0
1995-02-07 00:00:00-05:00,7.0,7.0,6.625,6.875,71600,0.0,0.0
1995-02-08 00:00:00-05:00,6.75,7.125,6.75,7.0,121800,0.0,0.0
1995-02-09 00:00:00-05:00,7.125,7.125,6.75,7.0,111300,0.0,0.0
1995-02-10 00:00:00-05:00,6.875,7.125,6.875,7.0,130900,0.0,0.0
1995-02-13 00:00:00-05:00,7.125,7.125,6.875,7.0,47800,0.0,0.0
1995-02-14 00:00:00-05:00,7.125,7.125,6.875,7.0625,41800,0.0,0.0
1995-02-15 00:00:00-05:00,7.125,7.125,6.75,7.0,55400,0.0,0.0
1995-02-16 00:00:00-05:00,7.0,7.0,6.75,7.0,39700,0.0,0.0
1995-02-17 00:00:00-05:00,7.0,7.0,6.5,6.75,48300,0.0,0.0
1995-02-21 00:00:00-05:00,6.5,6.75,6.5,6.75,12900,0.0,0.0
1995-02-22 00:00:00-05:00,6.75,6.75,6.5,6.5,43500,0.0,0.0
1995-02-23 00:00:00-05:00,6.5,6.75,6.5,6.5625,31200,0.0,0.0
1995-02-24 00:00:00-05:00,6.5,6.75,6.0,6.1875,74300,0.0,0.0
1995-02-27 00:00:00-05:00,6.25,6.25,6.0,6.125,92200,0.0,0.0
1995-02-28 00:00:00-05:00,6.0,6.25,6.0,6.25,32900,0.0,0.0
1995-03-01 00:00:00-05:00,6.25,6.25,5.875,5.875,96500,0.0,0.0
1995-03-02 00:00:00-05:00,6.125,6.125,5.75,5.75,140100,0.0,0.0
1995-03-03 00:00:00-05:00,5.875,5.875,5.625,5.875,76900,0.0,0.0
1995-03-06 00:00:00-05:00,5.625,6.0,5.625,6.0,74900,0.0,0.0
1995-03-07 00:00:00-05:00,6.0,6.125,5.75,6.0,81200,0.0,0.0
1995-03-08 00:00:00-05:00,6.0,6.0,5.625,6.0,41600,0.0,0.0
1995-03-09 00:00:00-05:00,6.0,6.0,5.625,5.625,50500,0.0,0.0
1995-03-10 00:00:00-05:00,5.875,6.0,5.625,6.0,44600,0.0,0.0
1995-03-13 00:00:00-05:00,6.0,6.0,5.625,6.0,33800,0.0,0.0
1995-03-14 00:00:00-05:00,5.75,6.0,5.75,5.75,58200,0.0,0.0
1995-03-15 00:00:00-05:00,6.0,6.0,5.625,5.625,53700,0.0,0.0
1995-03-16 00:00:00-05:00,6.0,6.0,5.625,5.75,71200,0.0,0.0
1995-03-17 00:00:00-05:00,5.75,6.0,5.75,5.875,52000,0.0,0.0
1995-03-20 00:00:00-05:00,5.75,6.0,5.75,5.875,69700,0.0,0.0
1995-03-21 00:00:00-05:00,6.0,6.125,5.75,6.125,62000,0.0,0.0
1995-03-22 00:00:00-05:00,5.875,6.25,5.875,6.25,35700,0.0,0.0
1995-03-23 00:00:00-05:00,6.25,6.375,6.0,6.125,63300,0.0,0.0
1995-03-24 00:00:00-05:00,6.0,6.375,6.0,6.25,82700,0.0,0.0
1995-03-27 00:00:00-05:00,6.125,6.25,6.0,6.25,51900,0.0,0.0
1995-03-28 00:00:00-05:00,6.25,6.375,6.0,6.0,35400,0.0,0.0
1995-03-29 00:00:00-05:00,6.0,6.375,6.0,6.375,48000,0.0,0.0
1995-03-30 00:00:00-05:00,6.375,6.375,6.0,6.375,32600,0.0,0.0
1995-03-31 00:00:00-05:00,6.375,6.375,6.0,6.25,54400,0.0,0.0
1995-04-03 00:00:00-04:00,6.25,6.625,6.0,6.375,97500,0.0,0.0
1995-04-04 00:00:00-04:00,6.375,6.75,6.375,6.75,59000,0.0,0.0
1995-04-05 00:00:00-04:00,6.75,7.0,6.5,7.0,96600,0.0,0.0
1995-04-06 00:00:00-04:00,7.0,7.0,6.75,6.875,66500,0.0,0.0
1995-04-07 00:00:00-04:00,6.75,7.0,6.75,6.75,33600,0.0,0.0
1995-04-10 00:00:00-04:00,6.75,7.0,6.75,7.0,38400,0.0,0.0
1995-04-11 00:00:00-04:00,6.75,7.0,6.75,7.0,39400,0.0,0.0
1995-04-12 00:00:00-04:00,7.0,7.0,6.75,6.75,15400,0.0,0.0
1995-04-13 00:00:00-04:00,6.875,7.125,6.75,6.75,59900,0.0,0.0
1995-04-17 00:00:00-04:00,6.75,7.0,6.625,7.0,27300,0.0,0.0
1995-04-18 00:00:00-04:00,6.625,7.0,6.25,6.3125,85500,0.0,0.0
1995-04-19 00:00:00-04:00,6.375,6.375,5.875,6.0,55700,0.0,0.0
1995-04-20 00:00:00-04:00,5.875,6.375,5.875,6.25,89900,0.0,0.0
1995-04-21 00:00:00-04:00,6.375,6.375,6.125,6.125,16200,0.0,0.0
1995-04-24 00:00:00-04:00,6.125,6.375,6.125,6.375,24200,0.0,0.0
1995-04-25 00:00:00-04:00,6.375,6.375,6.125,6.375,14700,0.0,0.0
1995-04-26 00:00:00-04:00,6.125,6.375,6.125,6.125,10300,0.0,0.0
1995-04-27 00:00:00-04:00,6.125,6.375,6.125,6.375,51900,0.0,0.0
1995-04-28 00:00:00-04:00,6.25,6.5,6.25,6.375,30100,0.0,0.0
1995-05-01 00:00:00-04:00,6.25,6.375,6.25,6.375,122800,0.0,0.0
1995-05-02 00:00:00-04:00,6.25,6.375,6.25,6.25,35200,0.0,0.0
1995-05-03 00:00:00-04:00,6.25,6.5,6.25,6.25,38000,0.0,0.0
1995-05-04 00:00:00-04:00,6.25,6.5,6.25,6.5,59100,0.0,0.0
1995-05-05 00:00:00-04:00,6.5,6.5,6.25,6.25,30400,0.0,0.0
1995-05-08 00:00:00-04:00,6.25,6.5,6.25,6.375,21400,0.0,0.0
1995-05-09 00:00:00-04:00,6.25,6.625,6.25,6.25,33600,0.0,0.0
1995-05-10 00:00:00-04:00,6.25,6.625,6.25,6.375,99200,0.0,0.0
1995-05-11 00:00:00-04:00,6.375,6.5,6.25,6.375,60500,0.0,0.0
1995-05-12 00:00:00-04:00,6.375,6.5,6.25,6.5,31500,0.0,0.0
1995-05-15 00:00:00-04:00,6.25,6.5,6.25,6.25,137400,0.0,0.0
1995-05-16 00:00:00-04:00,6.25,6.5,6.25,6.25,19400,0.0,0.0
1995-05-17 00:00:00-04:00,6.25,6.5,6.25,6.25,30700,0.0,0.0
1995-05-18 00:00:00-04:00,6.25,6.375,6.125,6.125,33400,0.0,0.0
1995-05-19 00:00:00-04:00,6.125,6.375,6.125,6.125,19600,0.0,0.0
1995-05-22 00:00:00-04:00,6.375,6.375,6.0,6.0,27100,0.0,0.0
1995-05-23 00:00:00-04:00,6.0,6.125,5.875,6.0,62900,0.0,0.0
1995-05-24 00:00:00-04:00,5.875,6.125,5.875,5.875,24300,0.0,0.0
1995-05-25 00:00:00-04:00,5.875,6.125,5.875,5.875,26400,0.0,0.0
1995-05-26 00:00:00-04:00,6.125,6.125,5.875,5.875,9900,0.0,0.0
1995-05-30 00:00:00-04:00,6.25,6.25,5.875,6.0,33900,0.0,0.0
1995-05-31 00:00:00-04:00,5.875,6.125,5.875,6.125,25900,0.0,0.0
1995-06-01 00:00:00-04:00,5.875,6.125,5.875,6.125,39200,0.0,0.0
1995-06-02 00:00:00-04:00,5.75,6.0,5.5,5.5,79800,0.0,0.0
1995-06-05 00:00:00-04:00,5.75,5.75,5.5,5.5,32900,0.0,0.0
1995-06-06 00:00:00-04:00,5.5,5.875,5.5,5.75,31700,0.0,0.0
1995-06-07 00:00:00-04:00,5.875,6.875,5.5,6.875,224300,0.0,0.0
1995-06-08 00:00:00-04:00,6.875,7.75,6.625,7.5,593800,0.0,0.0
1995-06-09 00:00:00-04:00,7.75,8.25,7.625,8.1875,632100,0.0,0.0
1995-06-12 00:00:00-04:00,8.25,8.625,8.125,8.5,441600,0.0,0.0
1995-06-13 00:00:00-04:00,8.5,8.75,7.25,8.0,576700,0.0,0.0
1995-06-14 00:00:00-04:00,8.125,8.75,7.875,8.25,283800,0.0,0.0
1995-06-15 00:00:00-04:00,8.125,8.625,8.125,8.625,102900,0.0,0.0
1995-06-16 00:00:00-04:00,8.5,8.875,8.375,8.875,132300,0.0,0.0
1995-06-19 00:00:00-04:00,8.75,9.25,8.75,9.25,397100,0.0,0.0
1995-06-20 00:00:00-04:00,9.125,9.625,9.125,9.375,355700,0.0,0.0
1995-06-21 00:00:00-04:00,9.625,9.625,8.875,9.25,193100,0.0,0.0
1995-06-22 00:00:00-04:00,9.0,9.375,9.0,9.25,55600,0.0,0.0
1995-06-23 00:00:00-04:00,9.0,9.375,9.0,9.0,89100,0.0,0.0
1995-06-26 00:00:00-04:00,9.875,10.125,8.75,8.875,367600,0.0,0.0
1995-06-27 00:00:00-04:00,9.125,9.25,8.125,8.25,292300,0.0,0.0
1995-06-28 00:00:00-04:00,8.125,9.0,7.875,9.0,229600,0.0,0.0
1995-06-29 00:00:00-04:00,8.875,9.25,8.75,9.125,160300,0.0,0.0
1995-06-30 00:00:00-04:00,9.125,9.5,8.875,9.0,148600,0.0,0.0
1995-07-03 00:00:00-04:00,9.0,9.125,8.875,9.125,12200,0.0,0.0
1995-07-05 00:00:00-04:00,9.125,9.25,8.875,9.125,33800,0.0,0.0
1995-07-06 00:00:00-04:00,9.125,9.125,8.875,9.0,29900,0.0,0.0
1995-07-07 00:00:00-04:00,9.0,9.0,8.75,9.0,69500,0.0,0.0
1995-07-10 00:00:00-04:00,8.875,8.875,8.75,8.875,120400,0.0,0.0
1995-07-11 00:00:00-04:00,8.75,9.125,8.75,9.125,128300,0.0,0.0
1995-07-12 00:00:00-04:00,9.0,9.5,8.875,9.375,192100,0.0,0.0
1995-07-13 00:00:00-04:00,9.5,9.5,9.25,9.5,47700,0.0,0.0
1995-07-14 00:00:00-04:00,9.5,9.5,9.25,9.5,46500,0.0,0.0
1995-07-17 00:00:00-04:00,9.5,9.75,9.25,9.625,223800,0.0,0.0
1995-07-18 00:00:00-04:00,9.75,9.75,9.5,9.515625,146200,0.0,0.0
1995-07-19 00:00:00-04:00,9.5,9.75,9.125,9.25,479100,0.0,0.0
1995-07-20 00:00:00-04:00,9.0,9.375,9.0,9.0,59900,0.0,0.0
1995-07-21 00:00:00-04:00,9.0,9.375,9.0,9.0,63200,0.0,0.0
1995-07-24 00:00:00-04:00,9.25,9.25,9.0,9.125,95000,0.0,0.0
1995-07-25 00:00:00-04:00,9.125,9.25,9.0,9.125,60900,0.0,0.0
1995-07-26 00:00:00-04:00,9.0,11.25,8.875,11.25,1183500,0.0,0.0
1995-07-27 00:00:00-04:00,11.5,12.25,11.5,11.875,1066300,0.0,0.0
1995-07-28 00:00:00-04:00,11.625,12.0,11.625,11.625,328000,0.0,0.0
1995-07-31 00:00:00-04:00,11.625,13.125,11.625,13.0625,492100,0.0,0.0
1995-08-01 00:00:00-04:00,13.625,13.75,12.0,12.75,524400,0.0,0.0
1995-08-02 00:00:00-04:00,12.5,12.75,12.0,12.25,239400,0.0,0.0
1995-08-03 00:00:00-04:00,12.125,12.25,11.75,12.0,94600,0.0,0.0
1995-08-04 00:00:00-04:00,12.0,12.25,11.765625,12.25,69600,0.0,0.0
1995-08-07 00:00:00-04:00,12.25,12.25,11.875,11.875,76200,0.0,0.0
1995-08-08 00:00:00-04:00,11.875,12.0,11.375,11.625,193100,0.0,0.0
1995-08-09 00:00:00-04:00,11.5,12.375,11.5,12.125,347100,0.0,0.0
1995-08-10 00:00:00-04:00,12.375,13.25,12.125,13.0625,481500,0.0,0.0
1995-08-11 00:00:00-04:00,13.125,13.375,12.625,13.0625,209400,0.0,0.0
1995-08-14 00:00:00-04:00,13.0,13.125,12.875,13.0,66000,0.0,0.0
1995-08-15 00:00:00-04:00,13.125,13.125,12.375,12.375,111800,0.0,0.0
1995-08-16 00:00:00-04:00,12.75,13.125,12.5,13.125,190500,0.0,0.0
1995-08-17 00:00:00-04:00,13.125,13.125,12.75,13.0,229800,0.0,0.0
1995-08-18 00:00:00-04:00,13.0,13.125,12.625,12.625,79400,0.0,0.0
1995-08-21 00:00:00-04:00,12.875,12.875,12.5,12.75,40100,0.0,0.0
1995-08-22 00:00:00-04:00,12.75,13.125,12.5,12.875,113800,0.0,0.0
1995-08-23 00:00:00-04:00,13.0,14.25,12.875,14.0625,529700,0.0,0.0
1995-08-24 00:00:00-04:00,14.125,14.125,13.75,14.0625,183800,0.0,0.0
1995-08-25 00:00:00-04:00,14.125,15.0,14.0625,14.875,410300,0.0,0.0
1995-08-28 00:00:00-04:00,14.875,14.875,14.375,14.375,196100,0.0,0.0
1995-08-29 00:00:00-04:00,14.75,14.875,14.125,14.625,241100,0.0,0.0
1995-08-30 00:00:00-04:00,14.5,14.75,14.375,14.5,82100,0.0,0.0
1995-08-31 00:00:00-04:00,14.25,15.5,14.25,15.375,237500,0.0,0.0
1995-09-01 00:00:00-04:00,15.125,15.625,15.125,15.5,114500,0.0,0.0
1995-09-05 00:00:00-04:00,15.625,16.375,15.5,16.375,338600,0.0,0.0
1995-09-06 00:00:00-04:00,16.5,16.5,16.125,16.5,233300,0.0,0.0
1995-09-07 00:00:00-04:00,16.5,16.5,15.625,15.875,201900,0.0,0.0
1995-09-08 00:00:00-04:00,16.0,16.0,15.75,15.75,57500,0.0,0.0
1995-09-11 00:00:00-04:00,15.75,16.125,15.75,16.0,62200,0.0,0.0
1995-09-12 00:00:00-04:00,16.125,16.125,15.75,16.0,60800,0.0,0.0
1995-09-13 00:00:00-04:00,16.125,16.125,15.375,15.5,78000,0.0,0.0
1995-09-14 00:00:00-04:00,15.375,15.5,14.125,14.125,300900,0.0,0.0
1995-09-15 00:00:00-04:00,14.0,14.125,11.0,12.5,1348500,0.0,0.0
1995-09-18 00:00:00-04:00,12.0,14.125,11.25,13.75,704600,0.0,0.0
1995-09-19 00:00:00-04:00,14.125,16.0,13.5,15.6875,900800,0.0,0.0
1995-09-20 00:00:00-04:00,15.875,15.875,14.25,15.125,460000,0.0,0.0
1995-09-21 00:00:00-04:00,15.0,15.5,14.5,15.5,344900,0.0,0.0
1995-09-22 00:00:00-04:00,15.125,15.375,14.75,15.0,147400,0.0,0.0
1995-09-25 00:00:00-04:00,15.0,15.25,14.75,14.875,131300,0.0,0.0
1995-09-26 00:00:00-04:00,15.0,15.0,14.625,14.875,76100,0.0,0.0
1995-09-27 00:00:00-04:00,14.625,15.25,14.5,15.0,226300,0.0,0.0
1995-09-28 00:00:00-04:00,14.75,16.0,14.75,15.75,418800,0.0,0.0
1995-09-29 00:00:00-04:00,15.875,15.875,15.375,15.625,110700,0.0,0.0
1995-10-02 00:00:00-04:00,15.625,15.75,15.25,15.625,108100,0.0,0.0
1995-10-03 00:00:00-04:00,15.625,16.0,15.0,15.0,199200,0.0,0.0
1995-10-04 00:00:00-04:00,14.875,15.0,14.625,14.75,30700,0.0,0.0
1995-10-05 00:00:00-04:00,14.625,14.875,14.375,14.625,134200,0.0,0.0
1995-10-06 00:00:00-04:00,14.625,14.75,14.5,14.5,55800,0.0,0.0
1995-10-09 00:00:00-04:00,14.375,14.625,13.75,13.9375,43900,0.0,0.0
1995-10-10 00:00:00-04:00,13.625,13.625,13.125,13.25,81000,0.0,0.0
1995-10-11 00:00:00-04:00,13.5,13.625,13.25,13.375,156800,0.0,0.0
1995-10-12 00:00:00-04:00,13.25,14.0,13.25,13.625,166200,0.0,0.0
1995-10-13 00:00:00-04:00,14.0,14.25,13.875,14.0,119100,0.0,0.0
1995-10-16 00:00:00-04:00,14.0,14.0,13.75,13.75,31400,0.0,0.0
1995-10-17 00:00:00-04:00,13.75,14.0,13.5,13.5,34700,0.0,0.0
1995-10-18 00:00:00-04:00,13.5,13.75,13.25,13.25,39400,0.0,0.0
1995-10-19 00:00:00-04:00,13.375,13.375,13.125,13.25,19800,0.0,0.0
1995-10-20 00:00:00-04:00,13.125,13.375,13.0,13.125,105900,0.0,0.0
1995-10-23 00:00:00-04:00,13.0,14.625,12.875,14.375,329100,0.0,0.0
1995-10-24 00:00:00-04:00,14.375,14.5,13.5,13.5,156500,0.0,0.0
1995-10-25 00:00:00-04:00,13.625,13.75,13.125,13.25,65200,0.0,0.0
1995-10-26 00:00:00-04:00,13.25,13.5,12.875,13.25,36000,0.0,0.0
1995-10-27 00:00:00-04:00,12.875,13.125,12.25,12.4375,127300,0.0,0.0
1995-10-30 00:00:00-05:00,12.5,13.0,12.5,13.0,106300,0.0,0.0
1995-10-31 00:00:00-05:00,12.75,13.125,12.625,12.875,55900,0.0,0.0
1995-11-01 00:00:00-05:00,12.625,12.75,12.0,12.0625,134600,0.0,0.0
1995-11-02 00:00:00-05:00,12.0,12.5,12.0,12.25,73200,0.0,0.0
1995-11-03 00:00:00-05:00,12.25,12.625,12.25,12.4375,55800,0.0,0.0
1995-11-06 00:00:00-05:00,12.25,12.375,11.875,12.0,58300,0.0,0.0
1995-11-07 00:00:00-05:00,12.25,12.25,11.875,11.9375,89800,0.0,0.0
1995-11-08 00:00:00-05:00,11.875,12.125,11.375,11.375,92800,0.0,0.0
1995-11-09 00:00:00-05:00,10.625,10.75,10.125,10.25,2229000,0.0,0.0
1995-11-10 00:00:00-05:00,10.375,10.375,10.25,10.3125,294500,0.0,0.0
1995-11-13 00:00:00-05:00,10.25,11.125,10.25,10.5,543000,0.0,0.0
1995-11-14 00:00:00-05:00,10.75,10.75,10.125,10.375,158500,0.0,0.0
1995-11-15 00:00:00-05:00,10.375,10.625,10.25,10.25,191000,0.0,0.0
1995-11-16 00:00:00-05:00,10.5,10.5,10.0,10.0,109800,0.0,0.0
1995-11-17 00:00:00-05:00,10.0,10.25,10.0,10.25,167100,0.0,0.0
1995-11-20 00:00:00-05:00,10.0,10.25,9.75,10.0,159900,0.0,0.0
1995-11-21 00:00:00-05:00,9.875,10.0,9.75,10.0,92200,0.0,0.0
1995-11-22 00:00:00-05:00,10.0,10.0,8.5,8.875,718000,0.0,0.0
1995-11-24 00:00:00-05:00,8.875,9.5,8.875,9.5,118500,0.0,0.0
1995-11-27 00:00:00-05:00,9.75,10.25,9.625,10.0,339300,0.0,0.0
1995-11-28 00:00:00-05:00,10.0,10.875,9.75,10.625,309400,0.0,0.0
1995-11-29 00:00:00-05:00,10.875,11.375,10.75,10.75,338900,0.0,0.0
1995-11-30 00:00:00-05:00,10.875,12.0,10.75,11.125,467900,0.0,0.0
1995-12-01 00:00:00-05:00,11.125,11.625,11.125,11.5,132100,0.0,0.0
1995-12-04 00:00:00-05:00,11.625,12.25,11.375,12.125,222900,0.0,0.0
1995-12-05 00:00:00-05:00,12.25,13.125,12.125,12.75,365200,0.0,0.0
1995-12-06 00:00:00-05:00,12.875,13.25,12.75,13.0,193600,0.0,0.0
1995-12-07 00:00:00-05:00,13.125,14.0,13.125,13.8125,443900,0.0,0.0
1995-12-08 00:00:00-05:00,14.0,14.125,13.625,13.875,163800,0.0,0.0
1995-12-11 00:00:00-05:00,13.875,14.125,13.75,13.875,124300,0.0,0.0
1995-12-12 00:00:00-05:00,13.875,14.125,13.75,13.875,128100,0.0,0.0
1995-12-13 00:00:00-05:00,14.0,14.0,13.625,13.625,89500,0.0,0.0
1995-12-14 00:00:00-05:00,13.625,13.75,12.25,12.875,286900,0.0,0.0
1995-12-15 00:00:00-05:00,12.875,13.125,12.75,12.875,134400,0.0,0.0
1995-12-18 00:00:00-05:00,13.0,13.0,12.75,12.875,279700,0.0,0.0
1995-12-19 00:00:00-05:00,12.875,13.0,12.625,12.875,56100,0.0,0.0
1995-12-20 00:00:00-05:00,12.875,12.875,12.0,12.125,68300,0.0,0.0
1995-12-21 00:00:00-05:00,12.125,12.75,11.0,12.375,388700,0.0,0.0
1995-12-22 00:00:00-05:00,12.5,12.875,12.375,12.5,179300,0.0,0.0
1995-12-26 00:00:00-05:00,12.75,13.25,12.5,13.0,140300,0.0,0.0
1995-12-27 00:00:00-05:00,13.125,13.75,12.875,13.625,294400,0.0,0.0
1995-12-28 00:00:00-05:00,13.375,13.625,12.5,12.875,158100,0.0,0.0
1995-12-29 00:00:00-05:00,12.625,13.125,12.625,12.75,173000,0.0,0.0
1996-01-02 00:00:00-05:00,12.75,13.25,12.625,13.25,133000,0.0,0.0
1996-01-03 00:00:00-05:00,13.25,13.25,12.125,12.5,149500,0.0,0.0
1996-01-04 00:00:00-05:00,12.5,12.5,11.75,12.0,87000,0.0,0.0
1996-01-05 00:00:00-05:00,11.75,12.875,11.75,12.875,183700,0.0,0.0
1996-01-08 00:00:00-05:00,12.875,12.875,12.5,12.875,18900,0.0,0.0
1996-01-09 00:00:00-05:00,12.875,12.875,12.375,12.625,92300,0.0,0.0
1996-01-10 00:00:00-05:00,12.375,13.125,12.375,12.5,191300,0.0,0.0
1996-01-11 00:00:00-05:00,12.75,12.875,12.5,12.625,85200,0.0,0.0
1996-01-12 00:00:00-05:00,12.875,12.875,12.25,12.625,167000,0.0,0.0
1996-01-15 00:00:00-05:00,12.625,12.625,11.875,11.875,44200,0.0,0.0
1996-01-16 00:00:00-05:00,12.625,13.0,12.25,12.625,226800,0.0,0.0
1996-01-17 00:00:00-05:00,12.625,13.0,12.5,13.0,177000,0.0,0.0
1996-01-18 00:00:00-05:00,13.0,13.75,12.875,13.625,536600,0.0,0.0
1996-01-19 00:00:00-05:00,13.75,13.875,13.25,13.5,450600,0.0,0.0
1996-01-22 00:00:00-05:00,13.5,14.75,13.5,14.5,475600,0.0,0.0
1996-01-23 00:00:00-05:00,14.75,16.0,14.125,15.8125,727200,0.0,0.0
1996-01-24 00:00:00-05:00,15.75,16.75,15.75,16.125,814800,0.0,0.0
1996-01-25 00:00:00-05:00,16.125,16.5,15.25,15.375,354700,0.0,0.0
1996-01-26 00:00:00-05:00,15.0,15.125,14.375,14.5,167300,0.0,0.0
1996-01-29 00:00:00-05:00,14.5,15.625,14.375,15.5,204000,0.0,0.0
1996-01-30 00:00:00-05:00,15.625,15.625,15.25,15.25,81600,0.0,0.0
1996-01-31 00:00:00-05:00,15.5,15.5,15.125,15.25,88400,0.0,0.0
1996-02-01 00:00:00-05:00,15.125,15.375,14.5,14.515625,110100,0.0,0.0
1996-02-02 00:00:00-05:00,14.625,15.0,14.5,14.75,58100,0.0,0.0
1996-02-05 00:00:00-05:00,15.0,15.125,14.5,14.75,155600,0.0,0.0
1996-02-06 00:00:00-05:00,14.875,15.5,14.875,15.25,196800,0.0,0.0
1996-02-07 00:00:00-05:00,15.25,16.0,15.25,15.625,234700,0.0,0.0
1996-02-08 00:00:00-05:00,15.75,15.75,14.75,14.75,201400,0.0,0.0
1996-02-09 00:00:00-05:00,14.875,15.0,14.625,14.625,100600,0.0,0.0
1996-02-12 00:00:00-05:00,14.75,15.0,14.375,14.625,108000,0.0,0.0
1996-02-13 00:00:00-05:00,14.5,14.625,14.5,14.625,53300,0.0,0.0
1996-02-14 00:00:00-05:00,14.5,14.625,14.375,14.375,61000,0.0,0.0
1996-02-15 00:00:00-05:00,14.5,14.5,14.0,14.125,105500,0.0,0.0
1996-02-16 00:00:00-05:00,14.125,14.25,14.0,14.125,61300,0.0,0.0
1996-02-20 00:00:00-05:00,14.0,14.0,12.875,13.125,223000,0.0,0.0
1996-02-21 00:00:00-05:00,13.0,13.375,12.75,13.25,208800,0.0,0.0
1996-02-22 00:00:00-05:00,13.5,13.625,13.25,13.375,112400,0.0,0.0
1996-02-23 00:00:00-05:00,13.625,13.625,12.5,12.5,331900,0.0,0.0
1996-02-26 00:00:00-05:00,12.625,12.875,11.25,12.0,519800,0.0,0.0
1996-02-27 00:00:00-05:00,12.0,12.375,11.9375,12.375,211200,0.0,0.0
1996-02-28 00:00:00-05:00,12.25,12.5,11.875,12.0,225700,0.0,0.0
1996-02-29 00:00:00-05:00,11.875,12.125,11.625,12.0,93900,0.0,0.0
1996-03-01 00:00:00-05:00,11.75,12.125,11.75,12.125,99500,0.0,0.0
1996-03-04 00:00:00-05:00,11.875,14.25,11.875,13.5,1029200,0.0,0.0
1996-03-05 00:00:00-05:00,13.625,14.375,13.5,13.875,313600,0.0,0.0
1996-03-06 00:00:00-05:00,14.125,14.125,13.625,13.875,261100,0.0,0.0
1996-03-07 00:00:00-05:00,13.75,14.0,13.75,13.875,88700,0.0,0.0
1996-03-08 00:00:00-05:00,13.75,13.75,12.0,12.5,262800,0.0,0.0
1996-03-11 00:00:00-05:00,12.625,13.6875,12.5,13.4375,283300,0.0,0.0
1996-03-12 00:00:00-05:00,13.625,13.625,13.125,13.375,210800,0.0,0.0
1996-03-13 00:00:00-05:00,13.375,13.625,13.25,13.375,156400,0.0,0.0
1996-03-14 00:00:00-05:00,13.25,13.625,13.25,13.5,115800,0.0,0.0
1996-03-15 00:00:00-05:00,13.625,14.0,13.5,13.875,186500,0.0,0.0
1996-03-18 00:00:00-05:00,13.875,14.0,13.625,13.625,167200,0.0,0.0
1996-03-19 00:00:00-05:00,13.65625,13.875,13.375,13.625,137200,0.0,0.0
1996-03-20 00:00:00-05:00,13.5,13.5,12.5,12.5,78600,0.0,0.0
1996-03-21 00:00:00-05:00,12.75,13.25,12.5,13.125,127800,0.0,0.0
1996-03-22 00:00:00-05:00,13.0,13.5,12.875,13.0,83200,0.0,0.0
1996-03-25 00:00:00-05:00,13.125,13.125,12.5,13.0,81400,0.0,0.0
1996-03-26 00:00:00-05:00,13.125,13.75,13.0,13.0625,145000,0.0,0.0
1996-03-27 00:00:00-05:00,13.0,13.25,12.375,12.4375,104900,0.0,0.0
1996-03-28 00:00:00-05:00,12.625,12.625,12.375,12.625,41400,0.0,0.0
1996-03-29 00:00:00-05:00,12.625,12.75,12.25,12.75,73200,0.0,0.0
1996-04-01 00:00:00-05:00,12.75,12.875,12.5,12.75,94200,0.0,0.0
1996-04-02 00:00:00-05:00,12.75,13.0,12.625,12.8125,97300,0.0,0.0
1996-04-03 00:00:00-05:00,12.625,13.0,12.5,12.5,58500,0.0,0.0
1996-04-04 00:00:00-05:00,12.5,12.75,12.375,12.375,29300,0.0,0.0
1996-04-08 00:00:00-04:00,12.125,12.375,11.75,12.125,92100,0.0,0.0
1996-04-09 00:00:00-04:00,12.25,13.125,12.25,12.5,189700,0.0,0.0
1996-04-10 00:00:00-04:00,12.75,12.75,12.125,12.125,68200,0.0,0.0
1996-04-11 00:00:00-04:00,12.375,12.625,12.125,12.375,70300,0.0,0.0
1996-04-12 00:00:00-04:00,12.375,12.75,12.375,12.75,59000,0.0,0.0
1996-04-15 00:00:00-04:00,12.875,13.125,12.625,12.75,60900,0.0,0.0
1996-04-16 00:00:00-04:00,13.25,14.0,13.0,13.625,491000,0.0,0.0
1996-04-17 00:00:00-04:00,13.875,14.375,13.625,14.0,421600,0.0,0.0
1996-04-18 00:00:00-04:00,14.125,14.25,13.875,14.0,222000,0.0,0.0
1996-04-19 00:00:00-04:00,14.125,14.125,13.75,13.75,76700,0.0,0.0
1996-04-22 00:00:00-04:00,13.75,14.0,13.625,13.875,58000,0.0,0.0
1996-04-23 00:00:00-04:00,13.625,13.625,13.375,13.5,97300,0.0,0.0
1996-04-24 00:00:00-04:00,13.625,14.375,13.375,14.125,194300,0.0,0.0
1996-04-25 00:00:00-04:00,14.125,14.5,14.0,14.5,247700,0.0,0.0
1996-04-26 00:00:00-04:00,14.25,15.0,14.25,14.75,233500,0.0,0.0
1996-04-29 00:00:00-04:00,15.0,15.25,14.625,14.875,181600,0.0,0.0
1996-04-30 00:00:00-04:00,14.75,15.0,14.125,14.125,94400,0.0,0.0
1996-05-01 00:00:00-04:00,14.0,14.5,13.875,14.5,93600,0.0,0.0
1996-05-02 00:00:00-04:00,14.125,15.125,13.875,14.125,240600,0.0,0.0
1996-05-03 00:00:00-04:00,14.0,14.25,13.875,14.0,76100,0.0,0.0
1996-05-06 00:00:00-04:00,14.125,14.25,13.75,13.75,55200,0.0,0.0
1996-05-07 00:00:00-04:00,13.75,14.0,13.375,13.375,42000,0.0,0.0
1996-05-08 00:00:00-04:00,13.5,13.5,12.6875,13.5,101000,0.0,0.0
1996-05-09 00:00:00-04:00,13.5,13.5,13.0,13.5,71200,0.0,0.0
1996-05-10 00:00:00-04:00,13.5,14.625,13.25,14.5,218000,0.0,0.0
1996-05-13 00:00:00-04:00,14.5,15.125,14.25,14.75,182000,0.0,0.0
1996-05-14 00:00:00-04:00,14.625,14.875,13.625,13.75,169000,0.0,0.0
1996-05-15 00:00:00-04:00,13.625,14.125,13.5,14.0,140500,0.0,0.0
1996-05-16 00:00:00-04:00,14.125,14.75,13.75,14.375,181900,0.0,0.0
1996-05-17 00:00:00-04:00,14.75,16.125,14.125,16.0,769200,0.0,0.0
1996-05-20 00:00:00-04:00,16.0,16.25,15.0,15.4375,273800,0.0,0.0
1996-05-21 00:00:00-04:00,15.625,15.625,14.25,14.5,219900,0.0,0.0
1996-05-22 00:00:00-04:00,14.25,15.625,14.25,15.625,260000,0.0,0.0
1996-05-23 00:00:00-04:00,15.875,16.5,15.5,16.375,620100,0.0,0.0
1996-05-24 00:00:00-04:00,16.5,18.875,16.125,18.875,828100,0.0,0.0
1996-05-28 00:00:00-04:00,19.0,19.375,18.0,18.1875,1089700,0.0,0.0
1996-05-29 00:00:00-04:00,18.5,19.875,18.0,19.75,984400,0.0,0.0
1996-05-30 00:00:00-04:00,19.75,19.875,18.0,18.125,1004000,0.0,0.0
1996-05-31 00:00:00-04:00,18.25,18.375,17.25,17.375,366900,0.0,0.0
1996-06-03 00:00:00-04:00,17.5,18.375,17.0,18.125,255000,0.0,0.0
1996-06-04 00:00:00-04:00,18.25,18.75,17.875,18.125,219200,0.0,0.0
1996-06-05 00:00:00-04:00,18.25,18.875,18.0,18.625,282900,0.0,0.0
1996-06-06 00:00:00-04:00,18.75,18.75,17.375,17.5,288100,0.0,0.0
1996-06-07 00:00:00-04:00,16.875,19.125,16.625,18.0,776200,0.0,0.0
1996-06-10 00:00:00-04:00,18.25,19.125,18.125,19.0,361300,0.0,0.0
1996-06-11 00:00:00-04:00,18.75,19.125,17.875,17.875,149400,0.0,0.0
1996-06-12 00:00:00-04:00,18.0,18.125,17.625,17.625,70600,0.0,0.0
1996-06-13 00:00:00-04:00,17.5,17.75,17.0,17.3125,118300,0.0,0.0
1996-06-14 00:00:00-04:00,17.5,17.625,16.75,16.75,142500,0.0,0.0
1996-06-17 00:00:00-04:00,16.75,17.125,16.375,16.75,126200,0.0,0.0
1996-06-18 00:00:00-04:00,16.375,16.5,15.875,16.375,193200,0.0,0.0
1996-06-19 00:00:00-04:00,16.0,16.375,15.875,15.875,126500,0.0,0.0
1996-06-20 00:00:00-04:00,15.875,16.125,14.875,15.625,274500,0.0,0.0
1996-06-21 00:00:00-04:00,15.875,15.875,15.0,15.0,118300,0.0,0.0
1996-06-24 00:00:00-04:00,15.25,15.875,15.125,15.5,294000,0.0,0.0
1996-06-25 00:00:00-04:00,15.375,15.75,15.25,15.5,355200,0.0,0.0
1996-06-26 00:00:00-04:00,15.625,15.875,15.125,15.125,197500,0.0,0.0
1996-06-27 00:00:00-04:00,15.375,15.625,15.125,15.625,117300,0.0,0.0
1996-06-28 00:00:00-04:00,16.75,18.125,16.375,17.375,683300,0.0,0.0
1996-07-01 00:00:00-04:00,17.375,17.5,16.875,17.25,96400,0.0,0.0
1996-07-02 00:00:00-04:00,17.125,17.375,16.75,16.75,56700,0.0,0.0
1996-07-03 00:00:00-04:00,17.0,17.0,16.25,16.5,66500,0.0,0.0
1996-07-05 00:00:00-04:00,16.25,16.5,16.125,16.125,38000,0.0,0.0
1996-07-08 00:00:00-04:00,16.125,17.0,16.0,16.25,178100,0.0,0.0
1996-07-09 00:00:00-04:00,16.5,17.0,16.25,16.75,148400,0.0,0.0
1996-07-10 00:00:00-04:00,17.0,17.25,16.375,16.375,162900,0.0,0.0
1996-07-11 00:00:00-04:00,16.375,16.375,14.375,14.734375,422000,0.0,0.0
1996-07-12 00:00:00-04:00,14.75,15.0,14.5,14.875,315500,0.0,0.0
1996-07-15 00:00:00-04:00,14.875,16.0,13.25,13.25,632600,0.0,0.0
1996-07-16 00:00:00-04:00,13.625,15.0,13.25,14.75,389700,0.0,0.0
1996-07-17 00:00:00-04:00,14.875,16.25,14.5,15.5,279300,0.0,0.0
1996-07-18 00:00:00-04:00,15.75,16.5,15.25,15.375,366700,0.0,0.0
1996-07-19 00:00:00-04:00,15.5,16.125,14.75,15.375,294000,0.0,0.0
1996-07-22 00:00:00-04:00,15.375,15.875,14.75,15.875,315200,0.0,0.0
1996-07-23 00:00:00-04:00,15.75,16.0,14.75,14.875,197500,0.0,0.0
1996-07-24 00:00:00-04:00,14.75,15.0,14.375,14.375,82600,0.0,0.0
1996-07-25 00:00:00-04:00,14.875,15.875,14.625,15.375,152400,0.0,0.0
1996-07-26 00:00:00-04:00,15.375,15.875,15.25,15.625,99500,0.0,0.0
1996-07-29 00:00:00-04:00,15.625,15.75,14.875,15.625,110800,0.0,0.0
1996-07-30 00:00:00-04:00,15.625,15.75,15.125,15.125,75600,0.0,0.0
1996-07-31 00:00:00-04:00,15.125,15.75,15.125,15.75,63300,0.0,0.0
1996-08-01 00:00:00-04:00,15.875,16.0,15.375,15.75,42900,0.0,0.0
1996-08-02 00:00:00-04:00,15.875,17.75,15.875,17.625,485900,0.0,0.0
1996-08-05 00:00:00-04:00,17.5,17.75,16.75,16.75,93800,0.0,0.0
1996-08-06 00:00:00-04:00,16.75,17.875,16.75,17.0,296900,0.0,0.0
1996-08-07 00:00:00-04:00,17.5,17.625,16.875,17.125,145500,0.0,0.0
1996-08-08 00:00:00-04:00,17.125,17.375,16.875,17.25,122700,0.0,0.0
1996-08-09 00:00:00-04:00,17.125,17.75,17.125,17.75,64200,0.0,0.0
1996-08-12 00:00:00-04:00,17.75,17.75,16.75,17.125,160600,0.0,0.0
1996-08-13 00:00:00-04:00,17.0,17.5,16.625,16.75,178700,0.0,0.0
1996-08-14 00:00:00-04:00,17.0,17.25,16.75,17.0,118200,0.0,0.0
1996-08-15 00:00:00-04:00,16.75,17.0,16.625,16.875,84300,0.0,0.0
1996-08-16 00:00:00-04:00,16.875,17.0,16.75,16.75,90700,0.0,0.0
1996-08-19 00:00:00-04:00,16.75,17.0,16.5,16.625,129000,0.0,0.0
1996-08-20 00:00:00-04:00,16.75,16.75,16.4375,16.5,123100,0.0,0.0
1996-08-21 00:00:00-04:00,16.625,16.625,16.25,16.375,23700,0.0,0.0
1996-08-22 00:00:00-04:00,16.5,16.625,16.125,16.5,63000,0.0,0.0
1996-08-23 00:00:00-04:00,16.625,17.75,16.625,17.125,212000,0.0,0.0
1996-08-26 00:00:00-04:00,17.25,17.375,16.875,17.25,57700,0.0,0.0
1996-08-27 00:00:00-04:00,17.0,17.625,17.0,17.25,49600,0.0,0.0
1996-08-28 00:00:00-04:00,17.25,17.625,17.25,17.25,131000,0.0,0.0
1996-08-29 00:00:00-04:00,17.375,17.625,16.875,17.125,108100,0.0,0.0
1996-08-30 00:00:00-04:00,16.875,17.0,16.625,16.75,148000,0.0,0.0
1996-09-03 00:00:00-04:00,16.375,16.5,16.125,16.125,137500,0.0,0.0
1996-09-04 00:00:00-04:00,16.125,16.625,16.125,16.25,85600,0.0,0.0
1996-09-05 00:00:00-04:00,16.625,16.625,16.25,16.5,43000,0.0,0.0
1996-09-06 00:00:00-04:00,16.5,18.0,16.125,17.5,304400,0.0,0.0
1996-09-09 00:00:00-04:00,17.5,18.625,17.0,17.375,344300,0.0,0.0
1996-09-10 00:00:00-04:00,17.375,17.5,16.75,16.875,233400,0.0,0.0
1996-09-11 00:00:00-04:00,17.0,18.125,16.875,17.75,185200,0.0,0.0
1996-09-12 00:00:00-04:00,17.75,18.125,17.625,17.6875,91300,0.0,0.0
1996-09-13 00:00:00-04:00,17.625,19.0,17.625,18.6875,458400,0.0,0.0
1996-09-16 00:00:00-04:00,18.625,19.5,18.5,19.25,302900,0.0,0.0
1996-09-17 00:00:00-04:00,19.5,19.5,18.375,18.625,200900,0.0,0.0
1996-09-18 00:00:00-04:00,18.75,18.75,18.125,18.25,51400,0.0,0.0
1996-09-19 00:00:00-04:00,18.125,18.75,18.125,18.625,62500,0.0,0.0
1996-09-20 00:00:00-04:00,18.75,19.625,18.5,18.875,313000,0.0,0.0
1996-09-23 00:00:00-04:00,18.75,19.625,18.375,19.0,246900,0.0,0.0
1996-09-24 00:00:00-04:00,18.75,19.75,18.375,18.625,270900,0.0,0.0
1996-09-25 00:00:00-04:00,18.625,19.125,18.625,18.875,182000,0.0,0.0
1996-09-26 00:00:00-04:00,18.875,19.875,18.875,19.75,204300,0.0,0.0
1996-09-27 00:00:00-04:00,19.5,19.875,19.25,19.375,200600,0.0,0.0
1996-09-30 00:00:00-04:00,19.375,20.875,19.375,20.125,289600,0.0,0.0
1996-10-01 00:00:00-04:00,20.0,20.25,19.625,19.75,127500,0.0,0.0
1996-10-02 00:00:00-04:00,19.625,20.375,19.625,20.25,141400,0.0,0.0
1996-10-03 00:00:00-04:00,20.0,21.625,20.0,21.5,358600,0.0,0.0
1996-10-04 00:00:00-04:00,22.125,23.5,22.0,23.5,775200,0.0,0.0
1996-10-07 00:00:00-04:00,23.5,23.5,22.625,23.375,439300,0.0,0.0
1996-10-08 00:00:00-04:00,23.0,24.875,23.0,24.625,533200,0.0,0.0
1996-10-09 00:00:00-04:00,24.625,24.625,22.375,23.125,415900,0.0,0.0
1996-10-10 00:00:00-04:00,23.5,23.5,22.25,22.625,370600,0.0,0.0
1996-10-11 00:00:00-04:00,22.875,23.0,22.0,22.25,234200,0.0,0.0
1996-10-14 00:00:00-04:00,22.0,22.5,21.625,21.875,124400,0.0,0.0
1996-10-15 00:00:00-04:00,21.625,21.875,20.75,20.875,161800,0.0,0.0
1996-10-16 00:00:00-04:00,20.75,21.0,20.5,20.75,58500,0.0,0.0
1996-10-17 00:00:00-04:00,20.5,20.75,20.25,20.625,67600,0.0,0.0
1996-10-18 00:00:00-04:00,20.625,20.75,20.375,20.5,66500,0.0,0.0
1996-10-21 00:00:00-04:00,20.375,20.875,20.375,20.625,97200,0.0,0.0
1996-10-22 00:00:00-04:00,20.625,20.625,19.0,19.25,122400,0.0,0.0
1996-10-23 00:00:00-04:00,19.25,19.25,17.875,18.625,157500,0.0,0.0
1996-10-24 00:00:00-04:00,18.625,20.5,18.375,19.625,248500,0.0,0.0
1996-10-25 00:00:00-04:00,19.875,20.0,19.5,19.5,115000,0.0,0.0
1996-10-28 00:00:00-05:00,19.5,19.875,18.625,18.875,94600,0.0,0.0
1996-10-29 00:00:00-05:00,18.875,18.875,17.5,18.375,242800,0.0,0.0
1996-10-30 00:00:00-05:00,18.5,19.375,17.75,18.5,274400,0.0,0.0
1996-10-31 00:00:00-05:00,18.625,19.625,18.5,19.0,161500,0.0,0.0
1996-11-01 00:00:00-05:00,18.875,19.125,18.5,18.75,100800,0.0,0.0
1996-11-04 00:00:00-05:00,19.0,19.0,18.375,18.75,72200,0.0,0.0
1996-11-05 00:00:00-05:00,18.5,18.75,18.375,18.75,24200,0.0,0.0
1996-11-06 00:00:00-05:00,18.75,19.5,18.5,19.0,352600,0.0,0.0
1996-11-07 00:00:00-05:00,19.0,19.0,18.75,19.0,117000,0.0,0.0
1996-11-08 00:00:00-05:00,19.0,19.0,18.75,18.875,43700,0.0,0.0
1996-11-11 00:00:00-05:00,19.0,19.0,18.375,18.625,79900,0.0,0.0
1996-11-12 00:00:00-05:00,18.5,20.375,18.5,19.75,286200,0.0,0.0
1996-11-13 00:00:00-05:00,19.75,19.875,18.625,18.625,157100,0.0,0.0
1996-11-14 00:00:00-05:00,18.625,18.875,18.5,18.75,84200,0.0,0.0
1996-11-15 00:00:00-05:00,18.625,19.375,18.375,19.25,208400,0.0,0.0
1996-11-18 00:00:00-05:00,19.25,19.375,18.75,19.375,135100,0.0,0.0
1996-11-19 00:00:00-05:00,19.125,19.375,18.75,18.75,66600,0.0,0.0
1996-11-20 00:00:00-05:00,18.75,19.375,18.75,19.125,121100,0.0,0.0
1996-11-21 00:00:00-05:00,18.875,19.25,18.5,18.5,39500,0.0,0.0
1996-11-22 00:00:00-05:00,18.5,19.0,18.5,18.75,31900,0.0,0.0
1996-11-25 00:00:00-05:00,18.625,18.875,18.25,18.5,56000,0.0,0.0
1996-11-26 00:00:00-05:00,18.5,19.0,18.375,18.5,73800,0.0,0.0
1996-11-27 00:00:00-05:00,18.5,19.125,18.5,19.125,76600,0.0,0.0
1996-11-29 00:00:00-05:00,19.125,19.125,18.875,19.125,10400,0.0,0.0
1996-12-02 00:00:00-05:00,18.875,19.0,17.75,18.0,114800,0.0,0.0
1996-12-03 00:00:00-05:00,18.25,21.0,18.25,19.625,508300,0.0,0.0
1996-12-04 00:00:00-05:00,19.625,20.375,19.125,20.25,285100,0.0,0.0
1996-12-05 00:00:00-05:00,20.375,20.375,19.875,20.0,90400,0.0,0.0
1996-12-06 00:00:00-05:00,19.625,20.5,18.375,19.875,302200,0.0,0.0
1996-12-09 00:00:00-05:00,19.75,20.5,19.75,19.8125,100400,0.0,0.0
1996-12-10 00:00:00-05:00,19.75,20.25,19.25,19.5,150500,0.0,0.0
1996-12-11 00:00:00-05:00,19.25,20.25,19.25,19.875,109400,0.0,0.0
1996-12-12 00:00:00-05:00,20.125,22.375,19.75,21.125,705600,0.0,0.0
1996-12-13 00:00:00-05:00,20.25,20.5,18.625,18.875,481800,0.0,0.0
1996-12-16 00:00:00-05:00,19.0,19.25,18.625,18.75,175500,0.0,0.0
1996-12-17 00:00:00-05:00,18.75,18.75,17.375,17.375,281800,0.0,0.0
1996-12-18 00:00:00-05:00,17.5,17.875,17.375,17.5,308600,0.0,0.0
1996-12-19 00:00:00-05:00,17.75,18.125,17.375,17.75,276800,0.0,0.0
1996-12-20 00:00:00-05:00,17.5,18.0,17.5,17.5625,176100,0.0,0.0
1996-12-23 00:00:00-05:00,17.75,17.75,17.5,17.625,108400,0.0,0.0
1996-12-24 00:00:00-05:00,17.75,18.125,17.5,17.625,109500,0.0,0.0
1996-12-26 00:00:00-05:00,17.625,17.875,16.875,16.875,150600,0.0,0.0
1996-12-27 00:00:00-05:00,17.125,17.125,15.75,15.875,331500,0.0,0.0
1996-12-30 00:00:00-05:00,15.75,16.25,14.875,14.875,524100,0.0,0.0
1996-12-31 00:00:00-05:00,14.875,16.375,14.875,16.125,540400,0.0,0.0
1997-01-02 00:00:00-05:00,16.125,17.25,15.625,17.125,454200,0.0,0.0
1997-01-03 00:00:00-05:00,17.25,18.25,17.25,18.0,336400,0.0,0.0
1997-01-06 00:00:00-05:00,18.125,18.5,18.0,18.5,553500,0.0,0.0
1997-01-07 00:00:00-05:00,18.5,19.25,18.0,19.125,426400,0.0,0.0
1997-01-08 00:00:00-05:00,18.875,20.25,18.875,19.375,418700,0.0,0.0
1997-01-09 00:00:00-05:00,19.5,19.75,18.875,19.125,210600,0.0,0.0
1997-01-10 00:00:00-05:00,18.875,21.25,10.75,10.875,2050600,0.0,0.0
1997-01-13 00:00:00-05:00,10.375,10.375,9.0,9.375,5630400,0.0,0.0
1997-01-14 00:00:00-05:00,9.5,9.75,8.5,8.5625,1749900,0.0,0.0
1997-01-15 00:00:00-05:00,8.875,9.125,8.0,9.125,915100,0.0,0.0
1997-01-16 00:00:00-05:00,9.625,9.625,9.125,9.125,279400,0.0,0.0
1997-01-17 00:00:00-05:00,9.5,9.75,9.25,9.625,223100,0.0,0.0
1997-01-20 00:00:00-05:00,9.625,11.75,9.5,11.125,1007300,0.0,0.0
1997-01-21 00:00:00-05:00,11.375,11.625,10.5,10.5,316300,0.0,0.0
1997-01-22 00:00:00-05:00,10.6875,11.0,10.375,10.5,191000,0.0,0.0
1997-01-23 00:00:00-05:00,10.5,11.0,10.375,10.375,109400,0.0,0.0
1997-01-24 00:00:00-05:00,10.375,10.625,10.0,10.25,100500,0.0,0.0
1997-01-27 00:00:00-05:00,10.5,10.625,10.25,10.25,96000,0.0,0.0
1997-01-28 00:00:00-05:00,10.25,10.5,9.875,9.875,125000,0.0,0.0
1997-01-29 00:00:00-05:00,10.125,10.125,9.625,9.625,42600,0.0,0.0
1997-01-30 00:00:00-05:00,9.875,9.875,9.25,9.5,184300,0.0,0.0
1997-01-31 00:00:00-05:00,9.25,9.75,9.25,9.75,189200,0.0,0.0
1997-02-03 00:00:00-05:00,9.625,9.75,9.25,9.5,147700,0.0,0.0
1997-02-04 00:00:00-05:00,9.75,10.375,9.375,10.25,110100,0.0,0.0
1997-02-05 00:00:00-05:00,10.375,10.375,10.0,10.125,105300,0.0,0.0
1997-02-06 00:00:00-05:00,10.0,10.75,10.0,10.625,147700,0.0,0.0
1997-02-07 00:00:00-05:00,10.5,10.75,10.125,10.125,104100,0.0,0.0
1997-02-10 00:00:00-05:00,10.5,10.5,9.875,9.875,66200,0.0,0.0
1997-02-11 00:00:00-05:00,9.75,10.125,9.75,9.875,49700,0.0,0.0
1997-02-12 00:00:00-05:00,9.75,10.25,9.75,10.125,32400,0.0,0.0
1997-02-13 00:00:00-05:00,10.0,10.25,10.0,10.0,45900,0.0,0.0
1997-02-14 00:00:00-05:00,10.125,10.375,10.0,10.125,51200,0.0,0.0
1997-02-18 00:00:00-05:00,10.25,10.25,9.625,10.0,70100,0.0,0.0
1997-02-19 00:00:00-05:00,9.625,10.0,9.625,9.875,29800,0.0,0.0
1997-02-20 00:00:00-05:00,9.75,10.0,9.75,10.0,91200,0.0,0.0
1997-02-21 00:00:00-05:00,9.75,10.125,9.75,10.0,61200,0.0,0.0
1997-02-24 00:00:00-05:00,10.0,10.125,9.75,9.9375,176100,0.0,0.0
1997-02-25 00:00:00-05:00,9.625,10.0,9.625,9.625,100000,0.0,0.0
1997-02-26 00:00:00-05:00,9.875,9.875,9.625,9.75,45500,0.0,0.0
1997-02-27 00:00:00-05:00,9.75,9.875,9.75,9.75,47500,0.0,0.0
1997-02-28 00:00:00-05:00,9.875,10.0,9.75,10.0,99000,0.0,0.0
1997-03-03 00:00:00-05:00,9.875,10.0,9.875,9.984375,74500,0.0,0.0
1997-03-04 00:00:00-05:00,10.0,10.125,9.625,9.875,155000,0.0,0.0
1997-03-05 00:00:00-05:00,10.0,10.0,9.5,9.5,80200,0.0,0.0
1997-03-06 00:00:00-05:00,9.5,9.75,9.5,9.75,35600,0.0,0.0
1997-03-07 00:00:00-05:00,9.5,9.75,9.375,9.5,78300,0.0,0.0
1997-03-10 00:00:00-05:00,9.25,9.5,9.25,9.25,42400,0.0,0.0
1997-03-11 00:00:00-05:00,9.375,9.375,8.625,8.625,112500,0.0,0.0
1997-03-12 00:00:00-05:00,8.625,8.875,8.375,8.4375,70900,0.0,0.0
1997-03-13 00:00:00-05:00,8.375,8.5,8.25,8.5,40700,0.0,0.0
1997-03-14 00:00:00-05:00,8.375,8.375,8.0,8.125,143400,0.0,0.0
1997-03-17 00:00:00-05:00,8.125,8.125,7.875,8.125,72400,0.0,0.0
1997-03-18 00:00:00-05:00,8.0,8.125,7.625,7.875,129500,0.0,0.0
1997-03-19 00:00:00-05:00,7.75,8.0,7.5,7.5,83100,0.0,0.0
1997-03-20 00:00:00-05:00,7.625,8.25,7.5,7.875,162100,0.0,0.0
1997-03-21 00:00:00-05:00,8.125,8.625,7.875,8.5,115900,0.0,0.0
1997-03-24 00:00:00-05:00,8.5,9.75,8.25,9.5,184400,0.0,0.0
1997-03-25 00:00:00-05:00,9.125,9.75,9.125,9.375,117200,0.0,0.0
1997-03-26 00:00:00-05:00,9.5,9.5,8.75,8.75,38500,0.0,0.0
1997-03-27 00:00:00-05:00,8.75,9.0,8.5,8.5,65600,0.0,0.0
1997-03-31 00:00:00-05:00,8.5,8.75,8.0,8.0,132500,0.0,0.0
1997-04-01 00:00:00-05:00,7.875,8.125,7.75,8.0,59800,0.0,0.0
1997-04-02 00:00:00-05:00,8.25,8.625,8.0,8.0,746000,0.0,0.0
1997-04-03 00:00:00-05:00,8.125,8.125,7.0,7.125,416600,0.0,0.0
1997-04-04 00:00:00-05:00,7.25,8.75,7.015625,8.625,364600,0.0,0.0
1997-04-07 00:00:00-04:00,8.25,8.75,8.0,8.125,80300,0.0,0.0
1997-04-08 00:00:00-04:00,8.25,8.25,7.0,7.25,113300,0.0,0.0
1997-04-09 00:00:00-04:00,7.5,7.875,7.25,7.75,50700,0.0,0.0
1997-04-10 00:00:00-04:00,7.875,8.125,7.625,8.0,49900,0.0,0.0
1997-04-11 00:00:00-04:00,8.0,8.0,7.625,7.6875,42800,0.0,0.0
1997-04-14 00:00:00-04:00,7.75,7.875,7.5,7.75,33400,0.0,0.0
1997-04-15 00:00:00-04:00,7.5,7.875,7.5,7.5625,38500,0.0,0.0
1997-04-16 00:00:00-04:00,7.5,7.75,7.375,7.375,33200,0.0,0.0
1997-04-17 00:00:00-04:00,7.625,7.625,7.375,7.625,107700,0.0,0.0
1997-04-18 00:00:00-04:00,7.625,7.625,7.5,7.515625,26300,0.0,0.0
1997-04-21 00:00:00-04:00,7.5,7.75,7.5,7.625,62300,0.0,0.0
1997-04-22 00:00:00-04:00,7.5,7.625,7.375,7.625,80100,0.0,0.0
1997-04-23 00:00:00-04:00,7.4375,7.5625,7.25,7.25,244800,0.0,0.0
1997-04-24 00:00:00-04:00,7.25,7.5,7.25,7.375,43700,0.0,0.0
1997-04-25 00:00:00-04:00,7.25,7.375,7.0,7.0625,87800,0.0,0.0
1997-04-28 00:00:00-04:00,7.0,7.125,6.75,6.875,134500,0.0,0.0
1997-04-29 00:00:00-04:00,6.875,7.0,6.75,6.75,32900,0.0,0.0
1997-04-30 00:00:00-04:00,7.0,7.0,6.125,6.5,127100,0.0,0.0
1997-05-01 00:00:00-04:00,6.25,7.125,6.25,6.5,108800,0.0,0.0
1997-05-02 00:00:00-04:00,6.625,7.25,6.5,7.25,115600,0.0,0.0
1997-05-05 00:00:00-04:00,7.375,7.5,7.0,7.5,60200,0.0,0.0
1997-05-06 00:00:00-04:00,7.125,8.375,7.125,8.375,187500,0.0,0.0
1997-05-07 00:00:00-04:00,8.375,8.875,8.125,8.625,258000,0.0,0.0
1997-05-08 00:00:00-04:00,8.75,8.75,8.375,8.5,53100,0.0,0.0
1997-05-09 00:00:00-04:00,8.375,8.625,8.25,8.5,59100,0.0,0.0
1997-05-12 00:00:00-04:00,8.125,8.5,7.75,7.875,79900,0.0,0.0
1997-05-13 00:00:00-04:00,9.5,13.125,9.375,11.890625,3472700,0.0,0.0
1997-05-14 00:00:00-04:00,12.25,12.25,10.5,11.5,919300,0.0,0.0
1997-05-15 00:00:00-04:00,11.375,11.625,10.875,11.125,315500,0.0,0.0
1997-05-16 00:00:00-04:00,11.125,11.125,10.625,10.625,169400,0.0,0.0
1997-05-19 00:00:00-04:00,10.625,10.75,10.375,10.625,177700,0.0,0.0
1997-05-20 00:00:00-04:00,10.625,11.125,10.375,10.875,108400,0.0,0.0
1997-05-21 00:00:00-04:00,11.125,11.125,10.75,11.0,43600,0.0,0.0
1997-05-22 00:00:00-04:00,11.0,11.0,10.375,10.375,80100,0.0,0.0
1997-05-23 00:00:00-04:00,10.375,11.25,10.375,11.25,177700,0.0,0.0
1997-05-27 00:00:00-04:00,11.25,11.25,10.75,11.125,115900,0.0,0.0
1997-05-28 00:00:00-04:00,11.125,11.125,10.75,11.0,41800,0.0,0.0
1997-05-29 00:00:00-04:00,11.0,11.0,10.375,10.625,54600,0.0,0.0
1997-05-30 00:00:00-04:00,10.5,10.625,10.0,10.625,104500,0.0,0.0
1997-06-02 00:00:00-04:00,10.125,11.125,10.125,10.5,60100,0.0,0.0
1997-06-03 00:00:00-04:00,10.5,10.75,10.375,10.625,24000,0.0,0.0
1997-06-04 00:00:00-04:00,10.625,10.875,10.375,10.875,71100,0.0,0.0
1997-06-05 00:00:00-04:00,10.875,11.0,10.5,10.875,30200,0.0,0.0
1997-06-06 00:00:00-04:00,10.75,11.015625,10.5,11.0,84400,0.0,0.0
1997-06-09 00:00:00-04:00,11.0,11.0,10.5,10.625,39500,0.0,0.0
1997-06-10 00:00:00-04:00,11.0,11.0,10.625,10.875,40500,0.0,0.0
1997-06-11 00:00:00-04:00,10.625,10.875,10.25,10.5,57600,0.0,0.0
1997-06-12 00:00:00-04:00,10.5,10.75,10.25,10.25,99600,0.0,0.0
1997-06-13 00:00:00-04:00,10.625,10.625,9.875,10.0,133800,0.0,0.0
1997-06-16 00:00:00-04:00,10.25,10.25,9.875,10.25,33500,0.0,0.0
1997-06-17 00:00:00-04:00,10.0,11.125,10.0,10.625,139800,0.0,0.0
1997-06-18 00:00:00-04:00,10.5,10.5,10.0,10.25,84400,0.0,0.0
1997-06-19 00:00:00-04:00,10.5,10.5,10.0,10.25,52300,0.0,0.0
1997-06-20 00:00:00-04:00,10.1875,10.375,9.875,10.125,73200,0.0,0.0
1997-06-23 00:00:00-04:00,9.875,10.125,9.875,10.125,86600,0.0,0.0
1997-06-24 00:00:00-04:00,9.875,10.125,9.875,10.125,58700,0.0,0.0
1997-06-25 00:00:00-04:00,10.0,10.5,10.0,10.0,160100,0.0,0.0
1997-06-26 00:00:00-04:00,10.25,11.125,9.875,10.4375,223200,0.0,0.0
1997-06-27 00:00:00-04:00,10.375,10.75,9.875,10.125,88300,0.0,0.0
1997-06-30 00:00:00-04:00,10.234375,10.25,9.875,10.125,92400,0.0,0.0
1997-07-01 00:00:00-04:00,10.125,10.125,9.75,10.0,61600,0.0,0.0
1997-07-02 00:00:00-04:00,9.75,10.125,9.75,10.125,34400,0.0,0.0
1997-07-03 00:00:00-04:00,10.125,10.125,9.75,9.8125,30900,0.0,0.0
1997-07-07 00:00:00-04:00,9.75,9.984375,9.5,9.625,125500,0.0,0.0
1997-07-08 00:00:00-04:00,9.5,9.625,9.4375,9.5,50600,0.0,0.0
1997-07-09 00:00:00-04:00,9.625,9.75,9.375,9.75,50400,0.0,0.0
1997-07-10 00:00:00-04:00,9.75,10.125,9.625,9.75,26300,0.0,0.0
1997-07-11 00:00:00-04:00,9.75,10.125,9.75,9.75,13600,0.0,0.0
1997-07-14 00:00:00-04:00,9.875,10.125,9.75,9.75,42100,0.0,0.0
1997-07-15 00:00:00-04:00,10.0,10.125,9.75,10.0,38500,0.0,0.0
1997-07-16 00:00:00-04:00,9.875,10.75,9.875,10.5,182800,0.0,0.0
1997-07-17 00:00:00-04:00,10.5,10.75,9.875,9.875,69100,0.0,0.0
1997-07-18 00:00:00-04:00,10.0,10.0,9.5,9.75,109000,0.0,0.0
1997-07-21 00:00:00-04:00,9.875,9.875,9.375,9.625,79300,0.0,0.0
1997-07-22 00:00:00-04:00,9.375,9.625,9.25,9.25,45600,0.0,0.0
1997-07-23 00:00:00-04:00,9.25,9.5,8.75,9.125,135800,0.0,0.0
1997-07-24 00:00:00-04:00,9.5,10.5,9.5,10.5,332300,0.0,0.0
1997-07-25 00:00:00-04:00,10.5,10.5,9.75,10.125,86200,0.0,0.0
1997-07-28 00:00:00-04:00,9.875,10.125,9.875,9.875,41100,0.0,0.0
1997-07-29 00:00:00-04:00,9.78125,10.125,9.75,10.125,21800,0.0,0.0
1997-07-30 00:00:00-04:00,9.75,10.125,9.625,9.6875,50200,0.0,0.0
1997-07-31 00:00:00-04:00,9.625,10.375,9.625,10.0,161600,0.0,0.0
1997-08-01 00:00:00-04:00,10.125,10.25,9.75,10.25,196700,0.0,0.0
1997-08-04 00:00:00-04:00,10.125,10.25,10.0,10.125,109300,0.0,0.0
1997-08-05 00:00:00-04:00,10.25,10.5,10.0,10.25,89100,0.0,0.0
1997-08-06 00:00:00-04:00,10.21875,10.25,9.625,9.875,72200,0.0,0.0
1997-08-07 00:00:00-04:00,10.125,10.125,9.75,10.0,68500,0.0,0.0
1997-08-08 00:00:00-04:00,9.75,10.0,9.5,9.625,35700,0.0,0.0
1997-08-11 00:00:00-04:00,9.75,10.0,9.625,9.75,34700,0.0,0.0
1997-08-12 00:00:00-04:00,9.75,10.0,9.375,9.375,83900,0.0,0.0
1997-08-13 00:00:00-04:00,9.375,9.75,9.25,9.3125,100400,0.0,0.0
1997-08-14 00:00:00-04:00,9.25,9.5,9.125,9.375,25200,0.0,0.0
1997-08-15 00:00:00-04:00,9.125,9.375,8.875,9.125,65700,0.0,0.0
1997-08-18 00:00:00-04:00,9.375,9.875,9.375,9.875,60000,0.0,0.0
1997-08-19 00:00:00-04:00,9.875,9.875,9.5,9.5,26200,0.0,0.0
1997-08-20 00:00:00-04:00,9.75,9.75,9.375,9.375,19900,0.0,0.0
1997-08-21 00:00:00-04:00,9.375,9.75,9.0625,9.375,28300,0.0,0.0
1997-08-22 00:00:00-04:00,9.125,9.375,8.875,9.375,29200,0.0,0.0
1997-08-25 00:00:00-04:00,9.375,9.375,9.0,9.125,11400,0.0,0.0
1997-08-26 00:00:00-04:00,9.0,9.375,8.75,8.875,116300,0.0,0.0
1997-08-27 00:00:00-04:00,8.875,9.25,8.875,9.25,32200,0.0,0.0
1997-08-28 00:00:00-04:00,9.0,9.25,8.875,9.25,64300,0.0,0.0
1997-08-29 00:00:00-04:00,8.875,9.25,8.875,9.25,13200,0.0,0.0
1997-09-02 00:00:00-04:00,8.875,9.25,8.875,9.0,61700,0.0,0.0
1997-09-03 00:00:00-04:00,8.875,9.125,8.875,9.0,26000,0.0,0.0
1997-09-04 00:00:00-04:00,9.375,9.375,9.0,9.0,31400,0.0,0.0
1997-09-05 00:00:00-04:00,9.25,9.25,8.75,9.0,38500,0.0,0.0
1997-09-08 00:00:00-04:00,8.75,9.0,8.75,8.875,160100,0.0,0.0
1997-09-09 00:00:00-04:00,9.0,9.0,8.875,8.875,44900,0.0,0.0
1997-09-10 00:00:00-04:00,8.875,9.0,8.75,8.75,119100,0.0,0.0
1997-09-11 00:00:00-04:00,8.75,8.875,8.75,8.75,16100,0.0,0.0
1997-09-12 00:00:00-04:00,8.9375,9.0,8.75,8.875,83800,0.0,0.0
1997-09-15 00:00:00-04:00,8.875,9.125,8.875,9.0,115500,0.0,0.0
1997-09-16 00:00:00-04:00,9.125,9.125,8.9375,9.03125,304600,0.0,0.0
1997-09-17 00:00:00-04:00,9.125,10.0625,9.125,10.0,385200,0.0,0.0
1997-09-18 00:00:00-04:00,10.125,10.25,9.875,10.125,101400,0.0,0.0
1997-09-19 00:00:00-04:00,9.875,10.375,9.875,10.375,113100,0.0,0.0
1997-09-22 00:00:00-04:00,10.125,10.375,10.0,10.125,32500,0.0,0.0
1997-09-23 00:00:00-04:00,10.25,10.25,9.9375,10.0625,34600,0.0,0.0
1997-09-24 00:00:00-04:00,10.0,10.0625,9.875,10.0625,33500,0.0,0.0
1997-09-25 00:00:00-04:00,10.0625,10.0625,10.0,10.03125,59700,0.0,0.0
1997-09-26 00:00:00-04:00,10.0,10.0625,9.875,10.0,62500,0.0,0.0
1997-09-29 00:00:00-04:00,10.0,10.0,9.8125,9.8125,9500,0.0,0.0
1997-09-30 00:00:00-04:00,11.25,11.75,10.875,11.1875,679300,0.0,0.0
1997-10-01 00:00:00-04:00,11.125,11.1875,10.0,10.0,176600,0.0,0.0
1997-10-02 00:00:00-04:00,10.125,10.75,9.8125,10.5,83200,0.0,0.0
1997-10-03 00:00:00-04:00,10.5,10.875,10.375,10.875,69000,0.0,0.0
1997-10-06 00:00:00-04:00,11.0,11.375,10.875,11.1875,86100,0.0,0.0
1997-10-07 00:00:00-04:00,11.125,11.5,11.0625,11.5,89400,0.0,0.0
1997-10-08 00:00:00-04:00,11.5,11.9375,11.375,11.9375,189300,0.0,0.0
1997-10-09 00:00:00-04:00,11.875,13.0,11.875,13.0,276300,0.0,0.0
1997-10-10 00:00:00-04:00,12.625,13.0,12.25,12.625,128600,0.0,0.0
1997-10-13 00:00:00-04:00,12.25,12.5,11.75,11.75,77900,0.0,0.0
1997-10-14 00:00:00-04:00,11.875,12.5,11.75,12.5,77200,0.0,0.0
1997-10-15 00:00:00-04:00,11.875,12.5,11.75,12.375,63200,0.0,0.0
1997-10-16 00:00:00-04:00,12.125,12.5,11.5,11.625,44000,0.0,0.0
1997-10-17 00:00:00-04:00,11.375,11.625,11.0,11.375,76000,0.0,0.0
1997-10-20 00:00:00-04:00,11.375,11.375,10.3125,10.75,189700,0.0,0.0
1997-10-21 00:00:00-04:00,10.875,11.625,10.75,11.5,61900,0.0,0.0
1997-10-22 00:00:00-04:00,11.5,11.875,11.375,11.8125,26900,0.0,0.0
1997-10-23 00:00:00-04:00,10.875,11.5,10.75,11.5,70300,0.0,0.0
1997-10-24 00:00:00-04:00,11.75,11.75,11.125,11.125,26200,0.0,0.0
1997-10-27 00:00:00-05:00,10.75,11.125,10.375,10.375,77200,0.0,0.0
1997-10-28 00:00:00-05:00,10.0,10.625,9.75,10.625,90400,0.0,0.0
1997-10-29 00:00:00-05:00,10.375,10.75,10.0,10.75,77100,0.0,0.0
1997-10-30 00:00:00-05:00,10.125,10.625,9.875,10.5,56700,0.0,0.0
1997-10-31 00:00:00-05:00,10.375,11.0,10.3125,10.4375,28700,0.0,0.0
1997-11-03 00:00:00-05:00,10.75,11.25,10.625,11.0,28800,0.0,0.0
1997-11-04 00:00:00-05:00,11.25,11.25,10.875,10.9375,17400,0.0,0.0
1997-11-05 00:00:00-05:00,11.5,11.5,11.0,11.375,36600,0.0,0.0
1997-11-06 00:00:00-05:00,11.4375,11.5,10.6875,11.0,58200,0.0,0.0
1997-11-07 00:00:00-05:00,10.5,10.625,10.125,10.375,61500,0.0,0.0
1997-11-10 00:00:00-05:00,10.25,10.875,10.25,10.875,31700,0.0,0.0
1997-11-11 00:00:00-05:00,10.875,10.875,10.5,10.6875,16000,0.0,0.0
1997-11-12 00:00:00-05:00,10.375,11.125,10.375,10.375,60300,0.0,0.0
1997-11-13 00:00:00-05:00,10.375,10.75,9.75,10.125,75700,0.0,0.0
1997-11-14 00:00:00-05:00,9.875,10.5,9.875,10.4375,20500,0.0,0.0
1997-11-17 00:00:00-05:00,10.125,10.75,10.125,10.25,20200,0.0,0.0
1997-11-18 00:00:00-05:00,10.5,10.5,10.0,10.25,16200,0.0,0.0
1997-11-19 00:00:00-05:00,10.0,10.25,9.875,10.0625,24300,0.0,0.0
1997-11-20 00:00:00-05:00,9.9375,10.25,9.9375,10.0625,29800,0.0,0.0
1997-11-21 00:00:00-05:00,10.25,10.25,9.9375,10.125,26500,0.0,0.0
1997-11-24 00:00:00-05:00,9.9375,10.125,9.5,9.5,43200,0.0,0.0
1997-11-25 00:00:00-05:00,10.0,10.0,9.125,9.125,53100,0.0,0.0
1997-11-26 00:00:00-05:00,9.75,9.875,9.5,9.875,36900,0.0,0.0
1997-11-28 00:00:00-05:00,9.875,9.875,9.75,9.875,11400,0.0,0.0
1997-12-01 00:00:00-05:00,9.9375,10.375,9.9375,10.375,88800,0.0,0.0
1997-12-02 00:00:00-05:00,10.375,10.375,9.875,9.875,49400,0.0,0.0
1997-12-03 00:00:00-05:00,9.875,10.0,9.5,9.75,71000,0.0,0.0
1997-12-04 00:00:00-05:00,9.875,9.875,9.75,9.8125,44500,0.0,0.0
1997-12-05 00:00:00-05:00,9.75,10.125,9.75,10.125,24400,0.0,0.0
1997-12-08 00:00:00-05:00,9.875,10.125,9.625,9.75,26900,0.0,0.0
1997-12-09 00:00:00-05:00,9.625,10.0,9.5,9.5,28000,0.0,0.0
1997-12-10 00:00:00-05:00,9.5,9.5,9.125,9.1875,26000,0.0,0.0
1997-12-11 00:00:00-05:00,9.0,9.375,8.75,8.75,50300,0.0,0.0
1997-12-12 00:00:00-05:00,9.25,9.375,8.8125,9.3125,79100,0.0,0.0
1997-12-15 00:00:00-05:00,9.0,9.5,9.0,9.125,62900,0.0,0.0
1997-12-16 00:00:00-05:00,9.5,9.625,9.25,9.5625,53300,0.0,0.0
1997-12-17 00:00:00-05:00,9.125,9.125,8.75,9.0,68900,0.0,0.0
1997-12-18 00:00:00-05:00,8.8125,9.1875,8.75,8.75,40000,0.0,0.0
1997-12-19 00:00:00-05:00,8.75,9.0,8.625,8.75,54900,0.0,0.0
1997-12-22 00:00:00-05:00,8.75,9.0,8.75,8.875,71600,0.0,0.0
1997-12-23 00:00:00-05:00,8.875,9.25,8.875,9.0,70400,0.0,0.0
1997-12-24 00:00:00-05:00,9.0,9.0,8.8125,9.0,47900,0.0,0.0
1997-12-26 00:00:00-05:00,8.75,9.0,8.5,8.5,33500,0.0,0.0
1997-12-29 00:00:00-05:00,8.5,8.875,8.1875,8.5,90100,0.0,0.0
1997-12-30 00:00:00-05:00,8.125,8.75,8.0,8.75,113100,0.0,0.0
1997-12-31 00:00:00-05:00,8.5,8.875,8.375,8.5625,122900,0.0,0.0
1998-01-02 00:00:00-05:00,8.75,8.875,8.5,8.875,26700,0.0,0.0
1998-01-05 00:00:00-05:00,9.0,9.375,8.875,9.0,44800,0.0,0.0
1998-01-06 00:00:00-05:00,9.0,9.125,8.25,8.5,60600,0.0,0.0
1998-01-07 00:00:00-05:00,8.5,8.5,8.125,8.25,83700,0.0,0.0
1998-01-08 00:00:00-05:00,8.25,8.625,8.25,8.25,16200,0.0,0.0
1998-01-09 00:00:00-05:00,8.25,8.75,8.25,8.6875,32000,0.0,0.0
1998-01-12 00:00:00-05:00,8.25,8.5,8.25,8.375,7700,0.0,0.0
1998-01-13 00:00:00-05:00,8.875,8.875,8.375,8.375,35300,0.0,0.0
1998-01-14 00:00:00-05:00,8.5,8.875,8.375,8.5625,104600,0.0,0.0
1998-01-15 00:00:00-05:00,8.5,8.75,8.375,8.375,30100,0.0,0.0
1998-01-16 00:00:00-05:00,8.625,8.625,8.0,8.125,101800,0.0,0.0
1998-01-20 00:00:00-05:00,8.125,8.5,8.125,8.5,48200,0.0,0.0
1998-01-21 00:00:00-05:00,8.0,8.375,7.5,7.875,126900,0.0,0.0
1998-01-22 00:00:00-05:00,7.8125,8.0,7.8125,7.9375,18800,0.0,0.0
1998-01-23 00:00:00-05:00,8.0,8.0,7.875,7.9375,10900,0.0,0.0
1998-01-26 00:00:00-05:00,8.125,8.125,7.5,7.5,30900,0.0,0.0
1998-01-27 00:00:00-05:00,7.875,7.875,7.25,7.4375,115800,0.0,0.0
1998-01-28 00:00:00-05:00,7.375,7.5,7.125,7.125,88100,0.0,0.0
1998-01-29 00:00:00-05:00,7.25,7.25,7.0,7.0,179500,0.0,0.0
1998-01-30 00:00:00-05:00,7.0,7.375,7.0,7.0,69300,0.0,0.0
1998-02-02 00:00:00-05:00,7.125,7.625,7.125,7.375,130800,0.0,0.0
1998-02-03 00:00:00-05:00,7.5,7.625,7.25,7.5,97100,0.0,0.0
1998-02-04 00:00:00-05:00,7.625,7.75,7.375,7.5,83500,0.0,0.0
1998-02-05 00:00:00-05:00,7.5,7.6875,7.125,7.125,42200,0.0,0.0
1998-02-06 00:00:00-05:00,7.375,7.375,7.125,7.125,104700,0.0,0.0
1998-02-09 00:00:00-05:00,7.125,7.375,7.125,7.375,151000,0.0,0.0
1998-02-10 00:00:00-05:00,7.25,7.625,7.25,7.5,62200,0.0,0.0
1998-02-11 00:00:00-05:00,7.625,9.5,7.375,9.5,269000,0.0,0.0
1998-02-12 00:00:00-05:00,9.5,9.5,8.5,8.9375,111900,0.0,0.0
1998-02-13 00:00:00-05:00,8.8125,9.125,8.5,8.5625,108800,0.0,0.0
1998-02-17 00:00:00-05:00,8.875,9.0,8.5,8.8125,29100,0.0,0.0
1998-02-18 00:00:00-05:00,8.625,9.0,8.625,8.6875,32400,0.0,0.0
1998-02-19 00:00:00-05:00,8.5625,9.0,8.5625,8.875,29000,0.0,0.0
1998-02-20 00:00:00-05:00,8.625,9.0,8.625,8.625,44800,0.0,0.0
1998-02-23 00:00:00-05:00,8.6875,8.6875,8.25,8.4375,87500,0.0,0.0
1998-02-24 00:00:00-05:00,8.0,8.5,8.0,8.375,63600,0.0,0.0
1998-02-25 00:00:00-05:00,8.125,8.5,7.875,8.5,49000,0.0,0.0
1998-02-26 00:00:00-05:00,8.0,8.5,8.0,8.25,68600,0.0,0.0
1998-02-27 00:00:00-05:00,8.375,8.375,7.5625,8.125,4061000,0.0,0.0
1998-03-02 00:00:00-05:00,8.0,8.125,7.6875,7.75,185000,0.0,0.0
1998-03-03 00:00:00-05:00,7.6875,7.6875,7.5,7.625,370000,0.0,0.0
1998-03-04 00:00:00-05:00,7.5,7.75,7.5,7.5,47400,0.0,0.0
1998-03-05 00:00:00-05:00,7.5,7.53125,7.5,7.515625,10800,0.0,0.0
1998-03-06 00:00:00-05:00,7.6875,7.75,7.5,7.625,63300,0.0,0.0
1998-03-09 00:00:00-05:00,7.75,7.875,7.5,7.5625,93900,0.0,0.0
1998-03-10 00:00:00-05:00,7.5625,7.875,7.5625,7.5625,87800,0.0,0.0
1998-03-11 00:00:00-05:00,7.5,8.125,7.5,7.8125,413200,0.0,0.0
1998-03-12 00:00:00-05:00,7.625,8.5,7.625,8.5,250700,0.0,0.0
1998-03-13 00:00:00-05:00,8.5,9.125,8.25,8.875,311500,0.0,0.0
1998-03-16 00:00:00-05:00,9.0625,9.0625,8.625,8.625,91100,0.0,0.0
1998-03-17 00:00:00-05:00,8.875,9.0,8.25,8.5,81400,0.0,0.0
1998-03-18 00:00:00-05:00,8.5,8.75,8.375,8.5625,67000,0.0,0.0
1998-03-19 00:00:00-05:00,8.75,8.75,8.5,8.5,29900,0.0,0.0
1998-03-20 00:00:00-05:00,8.375,8.625,8.25,8.25,54500,0.0,0.0
1998-03-23 00:00:00-05:00,7.8125,8.125,7.75,7.875,28700,0.0,0.0
1998-03-24 00:00:00-05:00,7.875,8.25,7.75,7.9375,99200,0.0,0.0
1998-03-25 00:00:00-05:00,7.9375,7.9375,7.75,7.75,50200,0.0,0.0
1998-03-26 00:00:00-05:00,7.75,7.8125,7.5,7.5625,128600,0.0,0.0
1998-03-27 00:00:00-05:00,7.5,7.75,7.5,7.5,86700,0.0,0.0
1998-03-30 00:00:00-05:00,7.5,7.875,7.5,7.5,33800,0.0,0.0
1998-03-31 00:00:00-05:00,7.75,7.875,7.3125,7.375,443100,0.0,0.0
1998-04-01 00:00:00-05:00,7.625,7.625,7.25,7.3125,139000,0.0,0.0
1998-04-02 00:00:00-05:00,7.625,7.75,7.25,7.625,147900,0.0,0.0
1998-04-03 00:00:00-05:00,7.625,8.25,7.625,8.125,167000,0.0,0.0
1998-04-06 00:00:00-04:00,8.1875,8.5,8.125,8.25,160800,0.0,0.0
1998-04-07 00:00:00-04:00,8.375,8.5,8.0,8.375,221700,0.0,0.0
1998-04-08 00:00:00-04:00,9.25,9.625,8.75,9.5,678100,0.0,0.0
1998-04-09 00:00:00-04:00,10.0,10.125,9.0,9.9375,428700,0.0,0.0
1998-04-13 00:00:00-04:00,9.9375,9.9375,9.0,9.5,224200,0.0,0.0
1998-04-14 00:00:00-04:00,9.3125,9.5625,9.0625,9.25,71100,0.0,0.0
1998-04-15 00:00:00-04:00,9.125,10.0,9.125,9.96875,154200,0.0,0.0
1998-04-16 00:00:00-04:00,9.8125,9.875,9.375,9.875,125200,0.0,0.0
1998-04-17 00:00:00-04:00,9.875,9.9375,9.3125,9.75,107300,0.0,0.0
1998-04-20 00:00:00-04:00,9.875,10.25,9.5,10.125,90600,0.0,0.0
1998-04-21 00:00:00-04:00,10.25,11.0,10.0,10.9375,198400,0.0,0.0
1998-04-22 00:00:00-04:00,11.0,11.0,10.5,10.5625,124700,0.0,0.0
1998-04-23 00:00:00-04:00,10.75,10.75,9.5,9.609375,113100,0.0,0.0
1998-04-24 00:00:00-04:00,9.5625,10.0,9.5,9.625,95800,0.0,0.0
1998-04-27 00:00:00-04:00,9.625,9.625,9.25,9.3125,120400,0.0,0.0
1998-04-28 00:00:00-04:00,9.125,9.625,9.125,9.4375,43100,0.0,0.0
1998-04-29 00:00:00-04:00,9.375,9.9375,9.375,9.875,50500,0.0,0.0
1998-04-30 00:00:00-04:00,9.625,10.125,9.625,9.8125,162700,0.0,0.0
1998-05-01 00:00:00-04:00,9.8125,10.0625,9.75,9.875,71500,0.0,0.0
1998-05-04 00:00:00-04:00,10.0625,10.65625,10.0,10.5,144700,0.0,0.0
1998-05-05 00:00:00-04:00,10.125,10.5,9.875,10.0,75700,0.0,0.0
1998-05-06 00:00:00-04:00,10.0,10.375,9.25,9.6875,60000,0.0,0.0
1998-05-07 00:00:00-04:00,9.5,9.625,9.375,9.375,49800,0.0,0.0
1998-05-08 00:00:00-04:00,9.5,9.9375,9.375,9.9375,66700,0.0,0.0
1998-05-11 00:00:00-04:00,9.625,10.0,9.375,9.375,45900,0.0,0.0
1998-05-12 00:00:00-04:00,10.0,10.0,9.125,9.625,78900,0.0,0.0
1998-05-13 00:00:00-04:00,9.25,9.75,9.25,9.625,38400,0.0,0.0
1998-05-14 00:00:00-04:00,9.625,9.75,9.25,9.25,38300,0.0,0.0
1998-05-15 00:00:00-04:00,9.25,9.625,9.25,9.5625,59500,0.0,0.0
1998-05-18 00:00:00-04:00,9.0,9.75,9.0,9.625,107000,0.0,0.0
1998-05-19 00:00:00-04:00,9.375,9.75,9.375,9.75,19200,0.0,0.0
1998-05-20 00:00:00-04:00,9.75,9.75,9.375,9.4375,17200,0.0,0.0
1998-05-21 00:00:00-04:00,9.5,9.75,9.5,9.75,63200,0.0,0.0
1998-05-22 00:00:00-04:00,9.75,10.0,9.625,9.75,41500,0.0,0.0
1998-05-26 00:00:00-04:00,9.75,9.875,9.25,9.375,45600,0.0,0.0
1998-05-27 00:00:00-04:00,9.375,9.375,9.0,9.25,76300,0.0,0.0
1998-05-28 00:00:00-04:00,9.125,9.625,9.0,9.5,58000,0.0,0.0
1998-05-29 00:00:00-04:00,9.5,9.75,9.15625,9.34375,44400,0.0,0.0
1998-06-01 00:00:00-04:00,9.75,9.75,9.25,9.625,166200,0.0,0.0
1998-06-02 00:00:00-04:00,9.75,9.75,9.25,9.3125,24300,0.0,0.0
1998-06-03 00:00:00-04:00,9.625,9.75,9.25,9.25,19800,0.0,0.0
1998-06-04 00:00:00-04:00,9.25,9.75,9.25,9.75,18800,0.0,0.0
1998-06-05 00:00:00-04:00,9.3125,9.6875,9.125,9.125,71700,0.0,0.0
1998-06-08 00:00:00-04:00,9.0,9.5,9.0,9.3125,20200,0.0,0.0
1998-06-09 00:00:00-04:00,9.5,9.5,9.0,9.25,7200,0.0,0.0
1998-06-10 00:00:00-04:00,9.0,9.5,9.0,9.0,32700,0.0,0.0
1998-06-11 00:00:00-04:00,9.125,9.625,9.0,9.59375,81300,0.0,0.0
1998-06-12 00:00:00-04:00,9.5625,9.625,8.875,9.0,54200,0.0,0.0
1998-06-15 00:00:00-04:00,9.0,9.0,8.75,8.75,49900,0.0,0.0
1998-06-16 00:00:00-04:00,9.0,9.0,8.625,9.0,64600,0.0,0.0
1998-06-17 00:00:00-04:00,8.9375,9.125,8.875,9.125,104800,0.0,0.0
1998-06-18 00:00:00-04:00,8.875,9.0625,8.875,8.9375,24600,0.0,0.0
1998-06-19 00:00:00-04:00,9.0,9.125,8.5,8.5,38800,0.0,0.0
1998-06-22 00:00:00-04:00,8.84375,8.84375,8.5,8.5,36000,0.0,0.0
1998-06-23 00:00:00-04:00,8.5,8.6875,8.375,8.375,86000,0.0,0.0
1998-06-24 00:00:00-04:00,8.5,8.625,8.375,8.625,53200,0.0,0.0
1998-06-25 00:00:00-04:00,8.75,9.0,8.5,9.0,18500,0.0,0.0
1998-06-26 00:00:00-04:00,8.75,9.0,8.75,8.875,26600,0.0,0.0
1998-06-29 00:00:00-04:00,9.0,9.0,8.875,8.9375,14100,0.0,0.0
1998-06-30 00:00:00-04:00,8.875,9.5,8.875,9.21875,205300,0.0,0.0
1998-07-01 00:00:00-04:00,9.4375,9.75,9.4375,9.5,73500,0.0,0.0
1998-07-02 00:00:00-04:00,9.625,9.6875,9.0,9.0625,29700,0.0,0.0
1998-07-06 00:00:00-04:00,9.375,9.375,8.8125,9.0,79500,0.0,0.0
1998-07-07 00:00:00-04:00,9.0,9.25,9.0,9.25,23200,0.0,0.0
1998-07-08 00:00:00-04:00,9.0,9.25,9.0,9.0,27200,0.0,0.0
1998-07-09 00:00:00-04:00,9.125,9.25,9.0,9.25,17400,0.0,0.0
1998-07-10 00:00:00-04:00,9.25,9.25,9.0,9.25,11900,0.0,0.0
1998-07-13 00:00:00-04:00,9.0,9.25,9.0,9.0,64800,0.0,0.0
1998-07-14 00:00:00-04:00,9.0,9.125,9.0,9.0,51700,0.0,0.0
1998-07-15 00:00:00-04:00,9.0,9.125,9.0,9.125,364200,0.0,0.0
1998-07-16 00:00:00-04:00,9.0,9.125,9.0,9.046875,31100,0.0,0.0
1998-07-17 00:00:00-04:00,9.1875,9.1875,8.0,8.0625,67200,0.0,0.0
1998-07-20 00:00:00-04:00,8.0,8.4375,7.875,7.875,67900,0.0,0.0
1998-07-21 00:00:00-04:00,8.375,8.375,8.0,8.0,70100,0.0,0.0
1998-07-22 00:00:00-04:00,8.25,8.25,8.0,8.0,25100,0.0,0.0
1998-07-23 00:00:00-04:00,8.0,8.5,7.9375,7.9375,40300,0.0,0.0
1998-07-24 00:00:00-04:00,8.25,8.25,7.875,7.9375,22700,0.0,0.0
1998-07-27 00:00:00-04:00,7.9375,8.25,7.9375,8.0,25100,0.0,0.0
1998-07-28 00:00:00-04:00,8.0,8.0,7.875,7.96875,44700,0.0,0.0
1998-07-29 00:00:00-04:00,8.0,8.4375,7.75,8.4375,74300,0.0,0.0
1998-07-30 00:00:00-04:00,8.125,8.5,8.125,8.3125,36600,0.0,0.0
1998-07-31 00:00:00-04:00,8.4375,8.4375,7.75,8.0,71700,0.0,0.0
1998-08-03 00:00:00-04:00,8.0,8.25,7.75,7.75,50500,0.0,0.0
1998-08-04 00:00:00-04:00,7.75,7.78125,7.375,7.4375,189100,0.0,0.0
1998-08-05 00:00:00-04:00,7.625,7.75,7.375,7.40625,115500,0.0,0.0
1998-08-06 00:00:00-04:00,7.40625,7.75,7.25,7.5625,96500,0.0,0.0
1998-08-07 00:00:00-04:00,7.25,7.875,7.25,7.625,65100,0.0,0.0
1998-08-10 00:00:00-04:00,7.875,8.0,7.75,7.875,23100,0.0,0.0
1998-08-11 00:00:00-04:00,7.625,7.875,7.0,7.25,136700,0.0,0.0
1998-08-12 00:00:00-04:00,7.375,7.375,7.1875,7.1875,48700,0.0,0.0
1998-08-13 00:00:00-04:00,7.125,7.25,7.125,7.21875,86400,0.0,0.0
1998-08-14 00:00:00-04:00,7.21875,7.25,7.0,7.125,37200,0.0,0.0
1998-08-17 00:00:00-04:00,7.25,7.25,7.0,7.0625,17300,0.0,0.0
1998-08-18 00:00:00-04:00,7.0,7.25,7.0,7.0625,85500,0.0,0.0
1998-08-19 00:00:00-04:00,7.0,7.125,7.0,7.046875,15600,0.0,0.0
1998-08-20 00:00:00-04:00,7.1875,7.1875,6.625,6.71875,47300,0.0,0.0
1998-08-21 00:00:00-04:00,6.6875,7.0625,6.3125,6.75,69400,0.0,0.0
1998-08-24 00:00:00-04:00,6.8125,7.375,6.75,6.8125,89100,0.0,0.0
1998-08-25 00:00:00-04:00,7.125,7.25,6.875,6.875,68500,0.0,0.0
1998-08-26 00:00:00-04:00,7.0625,7.0625,6.25,6.3125,52800,0.0,0.0
1998-08-27 00:00:00-04:00,6.6875,6.75,6.25,6.25,110300,0.0,0.0
1998-08-28 00:00:00-04:00,6.1875,6.875,6.0,6.6875,50600,0.0,0.0
1998-08-31 00:00:00-04:00,6.75,7.0,6.5,6.5625,41900,0.0,0.0
1998-09-01 00:00:00-04:00,6.875,6.875,5.75,6.125,124700,0.0,0.0
1998-09-02 00:00:00-04:00,6.1875,6.75,6.125,6.75,54300,0.0,0.0
1998-09-03 00:00:00-04:00,6.25,6.6875,6.125,6.125,25100,0.0,0.0
1998-09-04 00:00:00-04:00,6.25,6.25,5.875,5.875,38200,0.0,0.0
1998-09-08 00:00:00-04:00,6.3125,6.75,5.9375,6.59375,58200,0.0,0.0
1998-09-09 00:00:00-04:00,6.5,6.875,6.375,6.375,217000,0.0,0.0
1998-09-10 00:00:00-04:00,6.375,6.875,6.375,6.625,75200,0.0,0.0
1998-09-11 00:00:00-04:00,7.0,7.0,6.5,6.75,13400,0.0,0.0
1998-09-14 00:00:00-04:00,7.125,7.3125,6.75,7.125,44600,0.0,0.0
1998-09-15 00:00:00-04:00,7.0,7.375,6.875,7.3125,52600,0.0,0.0
1998-09-16 00:00:00-04:00,7.375,8.5,7.25,8.25,81200,0.0,0.0
1998-09-17 00:00:00-04:00,7.875,8.125,7.625,8.0,158600,0.0,0.0
1998-09-18 00:00:00-04:00,8.4375,8.4375,7.875,7.9375,112300,0.0,0.0
1998-09-21 00:00:00-04:00,7.75,8.125,7.75,7.875,132000,0.0,0.0
1998-09-22 00:00:00-04:00,8.0,8.0,7.8125,7.859375,57100,0.0,0.0
1998-09-23 00:00:00-04:00,8.0,8.375,8.0,8.25,83600,0.0,0.0
1998-09-24 00:00:00-04:00,8.25,8.3125,8.0,8.0625,58600,0.0,0.0
1998-09-25 00:00:00-04:00,8.0625,8.375,8.0625,8.3125,37400,0.0,0.0
1998-09-28 00:00:00-04:00,8.125,8.375,8.125,8.15625,36100,0.0,0.0
1998-09-29 00:00:00-04:00,8.125,8.125,7.5,7.9375,77100,0.0,0.0
1998-09-30 00:00:00-04:00,7.75,7.75,7.375,7.6875,31400,0.0,0.0
1998-10-01 00:00:00-04:00,7.1875,7.625,6.625,6.625,38400,0.0,0.0
1998-10-02 00:00:00-04:00,6.625,7.125,6.4375,7.0,37600,0.0,0.0
1998-10-05 00:00:00-04:00,7.0,7.375,7.0,7.25,103900,0.0,0.0
1998-10-06 00:00:00-04:00,7.25,7.375,7.0,7.125,25700,0.0,0.0
1998-10-07 00:00:00-04:00,7.5,7.5,7.125,7.125,88200,0.0,0.0
1998-10-08 00:00:00-04:00,7.0,7.125,6.625,7.125,54500,0.0,0.0
1998-10-09 00:00:00-04:00,7.0,7.1875,6.75,7.1875,49300,0.0,0.0
1998-10-12 00:00:00-04:00,7.125,7.25,7.125,7.125,18300,0.0,0.0
1998-10-13 00:00:00-04:00,7.25,7.25,5.875,6.0625,93800,0.0,0.0
1998-10-14 00:00:00-04:00,6.125,6.25,5.875,6.0,78800,0.0,0.0
1998-10-15 00:00:00-04:00,6.25,6.25,5.875,6.125,44900,0.0,0.0
1998-10-16 00:00:00-04:00,6.25,6.625,6.0,6.5,67200,0.0,0.0
1998-10-19 00:00:00-04:00,6.75,7.8125,6.375,7.5,82000,0.0,0.0
1998-10-20 00:00:00-04:00,7.875,8.25,7.1875,7.375,65800,0.0,0.0
1998-10-21 00:00:00-04:00,7.375,8.125,7.125,7.375,121400,0.0,0.0
1998-10-22 00:00:00-04:00,7.0,8.0,7.0,8.0,151700,0.0,0.0
1998-10-23 00:00:00-04:00,8.125,8.375,8.125,8.25,40700,0.0,0.0
1998-10-26 00:00:00-05:00,8.3125,8.75,8.125,8.5,122800,0.0,0.0
1998-10-27 00:00:00-05:00,8.625,8.625,7.4375,7.5,117300,0.0,0.0
1998-10-28 00:00:00-05:00,7.5,8.5,7.5,8.3125,61200,0.0,0.0
1998-10-29 00:00:00-05:00,8.625,8.625,7.25,8.5625,137200,0.0,0.0
1998-10-30 00:00:00-05:00,8.625,8.625,8.0,8.25,118100,0.0,0.0
1998-11-02 00:00:00-05:00,8.4375,8.625,8.25,8.4375,99700,0.0,0.0
1998-11-03 00:00:00-05:00,8.5,8.5,8.125,8.125,38900,0.0,0.0
1998-11-04 00:00:00-05:00,8.375,8.375,7.5,7.5,39200,0.0,0.0
1998-11-05 00:00:00-05:00,7.5,8.0,7.5,7.875,26700,0.0,0.0
1998-11-06 00:00:00-05:00,8.0,8.5,7.75,8.5,46000,0.0,0.0
1998-11-09 00:00:00-05:00,8.375,8.625,8.125,8.125,50000,0.0,0.0
1998-11-10 00:00:00-05:00,8.5,8.5,7.8125,7.8125,37600,0.0,0.0
1998-11-11 00:00:00-05:00,7.8125,7.875,7.375,7.765625,70300,0.0,0.0
1998-11-12 00:00:00-05:00,7.75,7.875,7.375,7.75,24400,0.0,0.0
1998-11-13 00:00:00-05:00,7.375,7.96875,7.375,7.5,20000,0.0,0.0
1998-11-16 00:00:00-05:00,7.625,7.9375,7.625,7.75,36100,0.0,0.0
1998-11-17 00:00:00-05:00,7.875,8.0,7.5625,7.625,49800,0.0,0.0
1998-11-18 00:00:00-05:00,7.5,8.125,7.5,7.9375,32400,0.0,0.0
1998-11-19 00:00:00-05:00,8.0625,8.1875,7.875,8.0,49500,0.0,0.0
1998-11-20 00:00:00-05:00,7.75,8.125,7.75,8.125,27800,0.0,0.0
1998-11-23 00:00:00-05:00,8.125,8.5,8.0,8.3125,46300,0.0,0.0
1998-11-24 00:00:00-05:00,8.375,8.375,8.0,8.375,54300,0.0,0.0
1998-11-25 00:00:00-05:00,8.375,8.375,7.875,8.125,39600,0.0,0.0
1998-11-27 00:00:00-05:00,7.875,8.375,7.875,8.125,26000,0.0,0.0
1998-11-30 00:00:00-05:00,8.25,8.375,8.0,8.25,57500,0.0,0.0
1998-12-01 00:00:00-05:00,8.1875,8.1875,8.0,8.125,27300,0.0,0.0
1998-12-02 00:00:00-05:00,7.875,8.0,7.1875,7.75,127100,0.0,0.0
1998-12-03 00:00:00-05:00,8.0,8.625,7.8125,7.9375,120400,0.0,0.0
1998-12-04 00:00:00-05:00,8.0,8.0625,7.75,7.9375,40500,0.0,0.0
1998-12-07 00:00:00-05:00,7.75,7.9375,7.75,7.8125,28500,0.0,0.0
1998-12-08 00:00:00-05:00,7.8125,7.875,7.6875,7.6875,35100,0.0,0.0
1998-12-09 00:00:00-05:00,7.6875,7.875,7.5,7.875,40200,0.0,0.0
1998-12-10 00:00:00-05:00,7.75,7.875,7.0625,7.125,258600,0.0,0.0
1998-12-11 00:00:00-05:00,7.0,7.75,7.0,7.625,40000,0.0,0.0
1998-12-14 00:00:00-05:00,7.625,7.625,7.1875,7.1875,26600,0.0,0.0
1998-12-15 00:00:00-05:00,7.25,7.375,7.0,7.375,61000,0.0,0.0
1998-12-16 00:00:00-05:00,7.125,7.75,7.0625,7.25,32900,0.0,0.0
1998-12-17 00:00:00-05:00,7.25,7.375,6.875,6.9375,52400,0.0,0.0
1998-12-18 00:00:00-05:00,6.9375,7.5,6.75,7.5,57500,0.0,0.0
1998-12-21 00:00:00-05:00,7.0,7.25,7.0,7.25,34300,0.0,0.0
1998-12-22 00:00:00-05:00,7.125,7.25,6.75,6.75,42900,0.0,0.0
1998-12-23 00:00:00-05:00,6.875,6.875,6.625,6.625,105800,0.0,0.0
1998-12-24 00:00:00-05:00,6.75,7.375,6.5,6.875,73200,0.0,0.0
1998-12-28 00:00:00-05:00,7.0,7.0,6.5,6.75,89200,0.0,0.0
1998-12-29 00:00:00-05:00,6.75,6.9375,6.5,6.6875,153900,0.0,0.0
1998-12-30 00:00:00-05:00,6.5625,6.875,6.5,6.75,131000,0.0,0.0
1998-12-31 00:00:00-05:00,6.6875,7.75,6.3125,7.375,301300,0.0,0.0
1999-01-04 00:00:00-05:00,7.0,7.9375,6.875,7.9375,207000,0.0,0.0
1999-01-05 00:00:00-05:00,7.9375,8.375,7.75,7.9375,133700,0.0,0.0
1999-01-06 00:00:00-05:00,8.125,8.375,7.75,8.125,102200,0.0,0.0
1999-01-07 00:00:00-05:00,8.0,8.0,7.625,8.0,28500,0.0,0.0
1999-01-08 00:00:00-05:00,7.9375,7.9375,7.5,7.5,36100,0.0,0.0
1999-01-11 00:00:00-05:00,7.75,7.75,7.25,7.4375,41300,0.0,0.0
1999-01-12 00:00:00-05:00,7.25,7.5,7.25,7.25,33200,0.0,0.0
1999-01-13 00:00:00-05:00,7.125,7.5,7.0625,7.5,38000,0.0,0.0
1999-01-14 00:00:00-05:00,7.5,7.5,6.9375,6.96875,50800,0.0,0.0
1999-01-15 00:00:00-05:00,7.0625,7.875,7.0625,7.875,49500,0.0,0.0
1999-01-19 00:00:00-05:00,8.0,8.375,7.5,7.5,66500,0.0,0.0
1999-01-20 00:00:00-05:00,7.75,8.0,7.5,8.0,36100,0.0,0.0
1999-01-21 00:00:00-05:00,7.875,8.0,7.75,7.75,30800,0.0,0.0
1999-01-22 00:00:00-05:00,7.75,8.125,7.625,8.0625,60700,0.0,0.0
1999-01-25 00:00:00-05:00,7.625,8.0,7.625,7.75,16000,0.0,0.0
1999-01-26 00:00:00-05:00,7.875,8.125,7.75,8.125,28600,0.0,0.0
1999-01-27 00:00:00-05:00,8.125,8.125,7.6875,7.6875,39100,0.0,0.0
1999-01-28 00:00:00-05:00,7.5,8.0,7.5,7.875,39900,0.0,0.0
1999-01-29 00:00:00-05:00,7.75,8.0,7.71875,8.0,29300,0.0,0.0
1999-02-01 00:00:00-05:00,7.75,8.0,7.5625,7.5625,45700,0.0,0.0
1999-02-02 00:00:00-05:00,7.75,10.125,7.4375,9.875,1047000,0.0,0.0
1999-02-03 00:00:00-05:00,10.0,10.0,8.125,8.5,286700,0.0,0.0
1999-02-04 00:00:00-05:00,8.75,9.125,8.5,9.0,107600,0.0,0.0
1999-02-05 00:00:00-05:00,9.125,9.125,8.0,8.25,98300,0.0,0.0
1999-02-08 00:00:00-05:00,8.125,8.375,8.0,8.3125,25800,0.0,0.0
1999-02-09 00:00:00-05:00,8.25,8.25,7.8125,7.8125,39700,0.0,0.0
1999-02-10 00:00:00-05:00,7.625,8.0,7.625,7.75,36600,0.0,0.0
1999-02-11 00:00:00-05:00,7.6875,8.625,7.6875,8.3125,47600,0.0,0.0
1999-02-12 00:00:00-05:00,8.25,8.375,7.875,8.125,34700,0.0,0.0
1999-02-16 00:00:00-05:00,7.875,8.625,7.875,8.25,54400,0.0,0.0
1999-02-17 00:00:00-05:00,8.25,8.25,7.9375,7.9375,33400,0.0,0.0
1999-02-18 00:00:00-05:00,7.875,8.125,7.75,7.765625,22300,0.0,0.0
1999-02-19 00:00:00-05:00,7.875,8.0,7.75,7.75,19600,0.0,0.0
1999-02-22 00:00:00-05:00,7.75,8.0,7.5,7.625,55200,0.0,0.0
1999-02-23 00:00:00-05:00,7.75,8.0,7.5,7.625,34100,0.0,0.0
1999-02-24 00:00:00-05:00,7.625,7.75,7.5,7.5,45700,0.0,0.0
1999-02-25 00:00:00-05:00,7.75,7.75,7.375,7.625,46700,0.0,0.0
1999-02-26 00:00:00-05:00,7.625,7.75,7.5,7.75,25300,0.0,0.0
1999-03-01 00:00:00-05:00,7.75,7.75,7.5625,7.6875,33700,0.0,0.0
1999-03-02 00:00:00-05:00,7.625,7.75,7.5625,7.625,25100,0.0,0.0
1999-03-03 00:00:00-05:00,7.5625,7.75,7.5625,7.625,21000,0.0,0.0
1999-03-04 00:00:00-05:00,7.75,7.75,7.5625,7.6875,21500,0.0,0.0
1999-03-05 00:00:00-05:00,7.75,7.9375,7.5625,7.625,122100,0.0,0.0
1999-03-08 00:00:00-05:00,7.875,7.875,7.5,7.5625,40400,0.0,0.0
1999-03-09 00:00:00-05:00,7.5,7.5625,7.375,7.375,79500,0.0,0.0
1999-03-10 00:00:00-05:00,7.375,7.625,7.375,7.5625,45700,0.0,0.0
1999-03-11 00:00:00-05:00,7.5,8.0,7.5,7.75,47300,0.0,0.0
1999-03-12 00:00:00-05:00,7.75,8.0,7.75,7.75,50700,0.0,0.0
1999-03-15 00:00:00-05:00,7.75,7.875,7.625,7.875,25100,0.0,0.0
1999-03-16 00:00:00-05:00,7.75,7.875,7.5,7.625,139600,0.0,0.0
1999-03-17 00:00:00-05:00,7.5,7.53125,7.125,7.3125,30100,0.0,0.0
1999-03-18 00:00:00-05:00,7.25,7.4375,7.25,7.375,45500,0.0,0.0
1999-03-19 00:00:00-05:00,7.4375,7.625,7.25,7.3125,51500,0.0,0.0
1999-03-22 00:00:00-05:00,7.125,7.4375,7.125,7.25,33600,0.0,0.0
1999-03-23 00:00:00-05:00,7.25,7.25,6.5625,6.625,118900,0.0,0.0
1999-03-24 00:00:00-05:00,6.75,6.75,6.5,6.5625,110300,0.0,0.0
1999-03-25 00:00:00-05:00,6.5625,6.8125,6.5625,6.734375,191400,0.0,0.0
1999-03-26 00:00:00-05:00,6.6875,6.8125,6.5,6.5,104400,0.0,0.0
1999-03-29 00:00:00-05:00,6.625,6.625,6.4375,6.5625,62000,0.0,0.0
1999-03-30 00:00:00-05:00,6.625,6.8125,6.375,6.5,157800,0.0,0.0
1999-03-31 00:00:00-05:00,6.625,6.625,6.375,6.625,103400,0.0,0.0
1999-04-01 00:00:00-05:00,6.5625,6.6875,6.4375,6.5625,30400,0.0,0.0
1999-04-05 00:00:00-04:00,6.5625,6.6875,6.4375,6.5,61100,0.0,0.0
1999-04-06 00:00:00-04:00,6.5,6.5,6.0,6.0,164300,0.0,0.0
1999-04-07 00:00:00-04:00,6.0,6.03125,5.5625,5.5625,174800,0.0,0.0
1999-04-08 00:00:00-04:00,5.8125,5.8125,5.375,5.75,147700,0.0,0.0
1999-04-09 00:00:00-04:00,5.875,6.375,5.75,6.375,71300,0.0,0.0
1999-04-12 00:00:00-04:00,6.3125,6.5,6.25,6.34375,33100,0.0,0.0
1999-04-13 00:00:00-04:00,6.25,6.5,6.25,6.25,58300,0.0,0.0
1999-04-14 00:00:00-04:00,6.3125,6.375,6.25,6.3125,87200,0.0,0.0
1999-04-15 00:00:00-04:00,6.3125,6.75,6.3125,6.71875,66300,0.0,0.0
1999-04-16 00:00:00-04:00,6.875,7.25,6.5,6.5625,69300,0.0,0.0
1999-04-19 00:00:00-04:00,6.5625,6.875,5.875,5.9375,67200,0.0,0.0
1999-04-20 00:00:00-04:00,6.375,6.375,6.0,6.0,42500,0.0,0.0
1999-04-21 00:00:00-04:00,6.0,6.25,5.875,6.125,67100,0.0,0.0
1999-04-22 00:00:00-04:00,6.375,6.375,6.0,6.0,26500,0.0,0.0
1999-04-23 00:00:00-04:00,6.0,6.25,5.875,6.25,32700,0.0,0.0
1999-04-26 00:00:00-04:00,6.125,6.75,6.125,6.6875,62100,0.0,0.0
1999-04-27 00:00:00-04:00,6.875,7.0,6.625,6.875,35400,0.0,0.0
1999-04-28 00:00:00-04:00,7.0,7.0,6.625,6.625,16200,0.0,0.0
1999-04-29 00:00:00-04:00,6.75,6.75,6.5,6.5,17200,0.0,0.0
1999-04-30 00:00:00-04:00,6.5,6.6875,6.375,6.625,34600,0.0,0.0
1999-05-03 00:00:00-04:00,6.625,6.625,6.375,6.625,113300,0.0,0.0
1999-05-04 00:00:00-04:00,6.5,6.625,6.375,6.375,20400,0.0,0.0
1999-05-05 00:00:00-04:00,6.375,6.40625,6.125,6.3125,93500,0.0,0.0
1999-05-06 00:00:00-04:00,6.25,6.375,6.25,6.375,16800,0.0,0.0
1999-05-07 00:00:00-04:00,6.3125,6.5,6.25,6.375,20800,0.0,0.0
1999-05-10 00:00:00-04:00,6.3125,6.5,6.1875,6.328125,28500,0.0,0.0
1999-05-11 00:00:00-04:00,6.375,6.5,6.125,6.375,12000,0.0,0.0
1999-05-12 00:00:00-04:00,6.125,6.5,6.125,6.25,33100,0.0,0.0
1999-05-13 00:00:00-04:00,6.5,6.9375,6.25,6.8125,75000,0.0,0.0
1999-05-14 00:00:00-04:00,6.75,6.75,6.5,6.5625,45600,0.0,0.0
1999-05-17 00:00:00-04:00,6.5,6.625,6.5,6.5625,35600,0.0,0.0
1999-05-18 00:00:00-04:00,6.5625,7.0625,6.5625,6.9375,71900,0.0,0.0
1999-05-19 00:00:00-04:00,7.0,7.0,6.875,6.96875,26800,0.0,0.0
1999-05-20 00:00:00-04:00,6.75,7.0,6.625,6.625,41100,0.0,0.0
1999-05-21 00:00:00-04:00,6.875,7.4375,6.875,7.1875,159100,0.0,0.0
1999-05-24 00:00:00-04:00,7.125,7.4375,7.125,7.125,59300,0.0,0.0
1999-05-25 00:00:00-04:00,7.25,7.25,7.0,7.125,31200,0.0,0.0
1999-05-26 00:00:00-04:00,7.125,7.25,6.875,7.125,96400,0.0,0.0
1999-05-27 00:00:00-04:00,7.125,7.125,6.875,6.875,14500,0.0,0.0
1999-05-28 00:00:00-04:00,7.09375,7.125,6.875,7.125,76800,0.0,0.0
1999-06-01 00:00:00-04:00,7.25,7.375,7.125,7.125,92000,0.0,0.0
1999-06-02 00:00:00-04:00,7.0,7.125,6.875,7.0,73800,0.0,0.0
1999-06-03 00:00:00-04:00,6.9375,7.0,6.75,6.875,67000,0.0,0.0
1999-06-04 00:00:00-04:00,6.8125,7.0,6.8125,7.0,40300,0.0,0.0
1999-06-07 00:00:00-04:00,7.125,7.125,6.875,6.9375,10100,0.0,0.0
1999-06-08 00:00:00-04:00,6.875,7.125,6.875,6.875,14600,0.0,0.0
1999-06-09 00:00:00-04:00,7.0,7.0,6.75,6.75,109400,0.0,0.0
1999-06-10 00:00:00-04:00,6.75,6.9375,6.5625,6.6875,36200,0.0,0.0
1999-06-11 00:00:00-04:00,6.625,6.8125,6.5,6.625,38100,0.0,0.0
1999-06-14 00:00:00-04:00,6.59375,6.75,6.375,6.4375,17800,0.0,0.0
1999-06-15 00:00:00-04:00,6.625,6.625,6.25,6.375,22700,0.0,0.0
1999-06-16 00:00:00-04:00,6.375,6.8125,6.25,6.8125,25300,0.0,0.0
1999-06-17 00:00:00-04:00,6.625,6.625,6.5,6.5625,8500,0.0,0.0
1999-06-18 00:00:00-04:00,6.9375,7.0,6.75,6.90625,66500,0.0,0.0
1999-06-21 00:00:00-04:00,6.9375,7.0,6.75,6.8125,47800,0.0,0.0
1999-06-22 00:00:00-04:00,6.8125,7.0,6.5625,7.0,47200,0.0,0.0
1999-06-23 00:00:00-04:00,6.875,7.125,6.875,7.0,79600,0.0,0.0
1999-06-24 00:00:00-04:00,7.0,7.125,6.875,7.0625,111300,0.0,0.0
1999-06-25 00:00:00-04:00,7.125,7.5,7.125,7.25,68200,0.0,0.0
1999-06-28 00:00:00-04:00,7.34375,7.4375,7.1875,7.4375,53400,0.0,0.0
1999-06-29 00:00:00-04:00,7.4375,8.0625,7.4375,8.0,132600,0.0,0.0
1999-06-30 00:00:00-04:00,8.0,8.25,7.8125,7.8125,180800,0.0,0.0
1999-07-01 00:00:00-04:00,7.875,8.625,7.875,8.5,116400,0.0,0.0
1999-07-02 00:00:00-04:00,8.5,8.625,8.125,8.375,53500,0.0,0.0
1999-07-06 00:00:00-04:00,8.5,8.625,8.3125,8.34375,66000,0.0,0.0
1999-07-07 00:00:00-04:00,8.5,8.5,8.3125,8.375,82900,0.0,0.0
1999-07-08 00:00:00-04:00,8.3125,8.8125,8.3125,8.625,84100,0.0,0.0
1999-07-09 00:00:00-04:00,8.75,8.75,8.4375,8.625,41400,0.0,0.0
1999-07-12 00:00:00-04:00,8.4375,8.625,8.4375,8.625,25000,0.0,0.0
1999-07-13 00:00:00-04:00,8.6875,8.6875,8.125,8.625,57300,0.0,0.0
1999-07-14 00:00:00-04:00,8.625,8.6875,8.375,8.5,43300,0.0,0.0
1999-07-15 00:00:00-04:00,8.5,8.5,7.875,8.0,77300,0.0,0.0
1999-07-16 00:00:00-04:00,8.125,8.1875,7.9375,8.1875,41900,0.0,0.0
1999-07-19 00:00:00-04:00,8.125,8.25,8.125,8.125,130800,0.0,0.0
1999-07-20 00:00:00-04:00,8.125,8.25,8.0625,8.15625,74400,0.0,0.0
1999-07-21 00:00:00-04:00,8.25,8.625,8.1875,8.625,33600,0.0,0.0
1999-07-22 00:00:00-04:00,8.53125,8.8125,8.53125,8.78125,55700,0.0,0.0
1999-07-23 00:00:00-04:00,8.6875,8.6875,8.3125,8.5625,38800,0.0,0.0
1999-07-26 00:00:00-04:00,8.5,8.625,8.375,8.5625,32100,0.0,0.0
1999-07-27 00:00:00-04:00,8.375,8.75,8.375,8.5625,167200,0.0,0.0
1999-07-28 00:00:00-04:00,8.5625,8.5625,8.3125,8.5625,13100,0.0,0.0
1999-07-29 00:00:00-04:00,8.625,8.625,8.125,8.125,38000,0.0,0.0
1999-07-30 00:00:00-04:00,8.21875,8.375,8.0,8.375,60300,0.0,0.0
1999-08-02 00:00:00-04:00,8.25,8.625,8.25,8.625,110200,0.0,0.0
1999-08-03 00:00:00-04:00,8.625,8.625,8.375,8.59375,88300,0.0,0.0
1999-08-04 00:00:00-04:00,8.5625,8.6875,8.5,8.625,75200,0.0,0.0
1999-08-05 00:00:00-04:00,8.625,8.625,8.5625,8.625,58300,0.0,0.0
1999-08-06 00:00:00-04:00,8.5625,8.6875,8.5625,8.5625,27600,0.0,0.0
1999-08-09 00:00:00-04:00,8.5625,8.78125,8.5625,8.78125,41900,0.0,0.0
1999-08-10 00:00:00-04:00,8.6875,8.8125,8.625,8.625,31500,0.0,0.0
1999-08-11 00:00:00-04:00,8.4375,9.0,8.4375,9.0,53300,0.0,0.0
1999-08-12 00:00:00-04:00,8.9375,9.4375,8.90625,9.375,106200,0.0,0.0
1999-08-13 00:00:00-04:00,9.1875,9.5,9.0625,9.5,99600,0.0,0.0
1999-08-16 00:00:00-04:00,9.4375,9.875,9.375,9.8125,108600,0.0,0.0
1999-08-17 00:00:00-04:00,9.75,9.9375,9.4375,9.625,48400,0.0,0.0
1999-08-18 00:00:00-04:00,9.53125,9.53125,9.375,9.5,113000,0.0,0.0
1999-08-19 00:00:00-04:00,9.375,9.5,9.375,9.4375,62600,0.0,0.0
1999-08-20 00:00:00-04:00,9.375,9.5,9.375,9.5,14200,0.0,0.0
1999-08-23 00:00:00-04:00,9.375,9.875,9.375,9.875,36500,0.0,0.0
1999-08-24 00:00:00-04:00,9.75,9.875,9.4375,9.4375,36900,0.0,0.0
1999-08-25 00:00:00-04:00,9.4375,9.625,9.4375,9.5,47100,0.0,0.0
1999-08-26 00:00:00-04:00,9.59375,9.625,9.4375,9.4375,23500,0.0,0.0
1999-08-27 00:00:00-04:00,9.5625,9.625,9.4375,9.5,22700,0.0,0.0
1999-08-30 00:00:00-04:00,9.5,9.5,9.375,9.40625,55900,0.0,0.0
1999-08-31 00:00:00-04:00,9.375,9.5,9.25,9.5,62600,0.0,0.0
1999-09-01 00:00:00-04:00,9.4375,9.6875,9.4375,9.5625,35400,0.0,0.0
1999-09-02 00:00:00-04:00,7.125,7.6875,6.875,7.4375,311400,0.0,0.0
1999-09-03 00:00:00-04:00,7.625,7.9375,7.5,7.90625,210100,0.0,0.0
1999-09-07 00:00:00-04:00,8.0,8.125,7.875,8.0625,35700,0.0,0.0
1999-09-08 00:00:00-04:00,8.0625,8.0625,7.75,7.875,82800,0.0,0.0
1999-09-09 00:00:00-04:00,8.0,8.25,7.875,8.0,178300,0.0,0.0
1999-09-10 00:00:00-04:00,8.25,8.25,7.875,8.0,56800,0.0,0.0
1999-09-13 00:00:00-04:00,8.0,8.0625,7.875,7.9375,58500,0.0,0.0
1999-09-14 00:00:00-04:00,7.96875,8.25,7.9375,8.1875,67700,0.0,0.0
1999-09-15 00:00:00-04:00,8.25,8.25,8.125,8.1875,45900,0.0,0.0
1999-09-16 00:00:00-04:00,8.1875,8.375,8.0,8.0625,61500,0.0,0.0
1999-09-17 00:00:00-04:00,8.0,8.15625,8.0,8.03125,42700,0.0,0.0
1999-09-20 00:00:00-04:00,8.015625,8.125,8.0,8.0,41000,0.0,0.0
1999-09-21 00:00:00-04:00,8.0,8.25,8.0,8.0,37700,0.0,0.0
1999-09-22 00:00:00-04:00,8.0,8.125,7.875,8.03125,21400,0.0,0.0
1999-09-23 00:00:00-04:00,7.9375,8.3125,7.875,8.0,52600,0.0,0.0
1999-09-24 00:00:00-04:00,7.875,8.1875,7.875,8.0,67800,0.0,0.0
1999-09-27 00:00:00-04:00,7.875,8.1875,7.875,8.0,214100,0.0,0.0
1999-09-28 00:00:00-04:00,7.875,7.9375,7.875,7.9375,29500,0.0,0.0
1999-09-29 00:00:00-04:00,7.875,8.0,7.75,7.875,67800,0.0,0.0
1999-09-30 00:00:00-04:00,7.75,8.125,7.625,8.125,67100,0.0,0.0
1999-10-01 00:00:00-04:00,8.125,8.125,7.9375,7.9375,26800,0.0,0.0
1999-10-04 00:00:00-04:00,7.875,7.9375,7.6875,7.6875,18100,0.0,0.0
1999-10-05 00:00:00-04:00,7.6875,8.125,7.6875,8.125,39100,0.0,0.0
1999-10-06 00:00:00-04:00,8.0,8.125,7.8125,8.125,19600,0.0,0.0
1999-10-07 00:00:00-04:00,8.0,8.125,7.875,8.0,8700,0.0,0.0
1999-10-08 00:00:00-04:00,7.8125,8.125,7.8125,8.0,41700,0.0,0.0
1999-10-11 00:00:00-04:00,8.0625,8.25,7.75,7.8125,18100,0.0,0.0
1999-10-12 00:00:00-04:00,7.625,7.875,7.4375,7.6875,28800,0.0,0.0
1999-10-13 00:00:00-04:00,7.6875,7.6875,7.125,7.25,9300,0.0,0.0
1999-10-14 00:00:00-04:00,7.25,8.375,7.1875,7.75,94500,0.0,0.0
1999-10-15 00:00:00-04:00,7.5625,7.875,7.25,7.328125,47000,0.0,0.0
1999-10-18 00:00:00-04:00,7.25,7.328125,6.6875,6.6875,140700,0.0,0.0
1999-10-19 00:00:00-04:00,6.75,6.9375,6.5,6.90625,63500,0.0,0.0
1999-10-20 00:00:00-04:00,6.90625,7.375,6.90625,7.125,46300,0.0,0.0
1999-10-21 00:00:00-04:00,7.0625,7.375,7.0625,7.375,54600,0.0,0.0
1999-10-22 00:00:00-04:00,7.375,8.0,7.3125,8.0,84300,0.0,0.0
1999-10-25 00:00:00-04:00,7.875,8.0,7.6875,7.875,76700,0.0,0.0
1999-10-26 00:00:00-04:00,8.0,8.0,7.6875,8.0,92300,0.0,0.0
1999-10-27 00:00:00-04:00,7.9375,8.25,7.90625,8.125,32000,0.0,0.0
1999-10-28 00:00:00-04:00,8.0625,8.25,8.0,8.0625,64900,0.0,0.0
1999-10-29 00:00:00-04:00,8.0625,8.09375,7.9375,8.0,35600,0.0,0.0
1999-11-01 00:00:00-05:00,7.9375,7.96875,7.6875,7.6875,18200,0.0,0.0
1999-11-02 00:00:00-05:00,7.6875,7.875,7.6875,7.75,31400,0.0,0.0
1999-11-03 00:00:00-05:00,7.6875,7.875,7.4375,7.6875,21400,0.0,0.0
1999-11-04 00:00:00-05:00,7.5625,7.75,7.5,7.75,16400,0.0,0.0
1999-11-05 00:00:00-05:00,7.625,8.0,7.625,7.9375,35300,0.0,0.0
1999-11-08 00:00:00-05:00,7.875,8.0,7.75,7.8125,21300,0.0,0.0
1999-11-09 00:00:00-05:00,7.8125,7.875,7.6875,7.8125,18600,0.0,0.0
1999-11-10 00:00:00-05:00,7.71875,7.75,7.5625,7.5625,14800,0.0,0.0
1999-11-11 00:00:00-05:00,7.375,7.40625,7.3125,7.3125,18800,0.0,0.0
1999-11-12 00:00:00-05:00,7.3125,7.5625,7.3125,7.5,19700,0.0,0.0
1999-11-15 00:00:00-05:00,7.625,8.1875,7.4375,8.125,113200,0.0,0.0
1999-11-16 00:00:00-05:00,8.1875,9.25,8.125,9.0,229900,0.0,0.0
1999-11-17 00:00:00-05:00,9.1875,9.1875,8.75,8.75,100500,0.0,0.0
1999-11-18 00:00:00-05:00,8.75,8.875,8.6875,8.75,60100,0.0,0.0
1999-11-19 00:00:00-05:00,8.5625,8.625,7.875,8.125,55400,0.0,0.0
1999-11-22 00:00:00-05:00,8.0625,8.125,7.375,7.6875,60500,0.0,0.0
1999-11-23 00:00:00-05:00,7.59375,7.75,7.375,7.5,68400,0.0,0.0
1999-11-24 00:00:00-05:00,7.5,7.625,7.375,7.625,63900,0.0,0.0
1999-11-26 00:00:00-05:00,7.4375,7.6875,7.375,7.5625,31400,0.0,0.0
1999-11-29 00:00:00-05:00,7.5,7.75,7.5,7.6875,77000,0.0,0.0
1999-11-30 00:00:00-05:00,7.5,7.8125,7.5,7.625,83200,0.0,0.0
1999-12-01 00:00:00-05:00,7.875,7.875,7.5625,7.875,14900,0.0,0.0
1999-12-02 00:00:00-05:00,7.75,8.0,7.75,8.0,56500,0.0,0.0
1999-12-03 00:00:00-05:00,7.875,8.125,7.875,7.90625,26700,0.0,0.0
1999-12-06 00:00:00-05:00,7.875,8.21875,7.75,8.09375,61300,0.0,0.0
1999-12-07 00:00:00-05:00,8.0,8.5625,8.0,8.5,126400,0.0,0.0
1999-12-08 00:00:00-05:00,8.625,8.75,8.4375,8.5,185400,0.0,0.0
1999-12-09 00:00:00-05:00,8.6875,11.625,8.5,10.0,416300,0.0,0.0
1999-12-10 00:00:00-05:00,9.9375,10.0,8.0,9.0625,221100,0.0,0.0
1999-12-13 00:00:00-05:00,8.875,9.0625,8.75,9.0625,80700,0.0,0.0
1999-12-14 00:00:00-05:00,9.125,9.125,8.875,9.0625,109300,0.0,0.0
1999-12-15 00:00:00-05:00,8.9375,9.0,8.6875,8.875,210700,0.0,0.0
1999-12-16 00:00:00-05:00,8.84375,8.9375,8.375,8.625,127900,0.0,0.0
1999-12-17 00:00:00-05:00,8.625,8.6875,8.375,8.59375,112600,0.0,0.0
1999-12-20 00:00:00-05:00,8.5,9.03125,8.5,8.75,72000,0.0,0.0
1999-12-21 00:00:00-05:00,9.0,9.0,8.5625,8.75,50300,0.0,0.0
1999-12-22 00:00:00-05:00,8.875,8.96875,8.5,8.9375,72100,0.0,0.0
1999-12-23 00:00:00-05:00,8.9375,10.0,8.875,9.3125,139900,0.0,0.0
1999-12-27 00:00:00-05:00,9.875,10.9375,9.875,10.5625,214500,0.0,0.0
1999-12-28 00:00:00-05:00,10.53125,10.625,10.0,10.28125,143300,0.0,0.0
1999-12-29 00:00:00-05:00,10.3125,12.25,10.125,12.25,186400,0.0,0.0
1999-12-30 00:00:00-05:00,11.875,12.6875,11.8125,12.125,163100,0.0,0.0
1999-12-31 00:00:00-05:00,12.375,13.0,12.25,12.75,51500,0.0,0.0
2000-01-03 00:00:00-05:00,13.1875,13.5,12.0,12.3125,153800,0.0,0.0
2000-01-04 00:00:00-05:00,12.15625,12.625,11.875,12.0,94100,0.0,0.0
2000-01-05 00:00:00-05:00,12.0625,12.125,11.25,11.5,82000,0.0,0.0
2000-01-06 00:00:00-05:00,11.5625,11.75,11.375,11.625,42100,0.0,0.0
2000-01-07 00:00:00-05:00,11.5625,13.0,11.375,13.0,113900,0.0,0.0
2000-01-10 00:00:00-05:00,13.0,15.125,12.125,14.5,286800,0.0,0.0
2000-01-11 00:00:00-05:00,14.1875,14.375,13.875,14.09375,198900,0.0,0.0
2000-01-12 00:00:00-05:00,14.03125,14.5,13.5,14.125,198000,0.0,0.0
2000-01-13 00:00:00-05:00,14.25,14.375,14.0,14.1875,102200,0.0,0.0
2000-01-14 00:00:00-05:00,14.1875,14.9375,14.125,14.5,236200,0.0,0.0
2000-01-18 00:00:00-05:00,14.5625,17.875,14.5,17.0,351300,0.0,0.0
2000-01-19 00:00:00-05:00,18.0,18.25,16.25,16.25,314800,0.0,0.0
2000-01-20 00:00:00-05:00,16.3125,16.625,15.0,15.25,189800,0.0,0.0
2000-01-21 00:00:00-05:00,15.03125,15.0625,14.1875,14.625,393200,0.0,0.0
2000-01-24 00:00:00-05:00,14.8125,16.25,14.5625,14.59375,292200,0.0,0.0
2000-01-25 00:00:00-05:00,14.78125,15.0625,14.1875,14.5625,98100,0.0,0.0
2000-01-26 00:00:00-05:00,14.5625,14.875,14.0625,14.0625,97500,0.0,0.0
2000-01-27 00:00:00-05:00,14.5,14.5,12.875,13.375,184100,0.0,0.0
2000-01-28 00:00:00-05:00,13.5,13.5,12.5,12.5625,211000,0.0,0.0
2000-01-31 00:00:00-05:00,12.5,12.5625,10.953125,12.3125,312000,0.0,0.0
2000-02-01 00:00:00-05:00,12.03125,12.8125,12.03125,12.625,168200,0.0,0.0
2000-02-02 00:00:00-05:00,12.28125,13.625,12.25,13.5,129800,0.0,0.0
2000-02-03 00:00:00-05:00,13.5,13.5,12.875,12.875,157100,0.0,0.0
2000-02-04 00:00:00-05:00,13.0625,13.1875,12.75,13.125,247700,0.0,0.0
2000-02-07 00:00:00-05:00,12.875,13.25,12.8125,13.0625,147700,0.0,0.0
2000-02-08 00:00:00-05:00,13.125,15.0,12.6875,14.625,349900,0.0,0.0
2000-02-09 00:00:00-05:00,15.125,15.25,13.375,13.625,272000,0.0,0.0
2000-02-10 00:00:00-05:00,13.875,14.6875,13.5,14.5625,226900,0.0,0.0
2000-02-11 00:00:00-05:00,14.625,16.375,14.5,15.75,303800,0.0,0.0
2000-02-14 00:00:00-05:00,16.25,16.5,15.75,16.0,110600,0.0,0.0
2000-02-15 00:00:00-05:00,15.90625,16.03125,14.25,15.0,245800,0.0,0.0
2000-02-16 00:00:00-05:00,15.03125,15.4375,15.0,15.25,152200,0.0,0.0
2000-02-17 00:00:00-05:00,15.5625,18.25,15.5,18.125,595100,0.0,0.0
2000-02-18 00:00:00-05:00,18.75,24.0,18.75,21.75,762300,0.0,0.0
2000-02-22 00:00:00-05:00,22.5625,23.875,18.5,20.875,421300,0.0,0.0
2000-02-23 00:00:00-05:00,22.75,38.75,22.75,36.625,4523500,0.0,0.0
2000-02-24 00:00:00-05:00,35.4375,37.125,32.625,36.75,2311400,0.0,0.0
2000-02-25 00:00:00-05:00,36.125,48.0,34.125,45.875,2159500,0.0,0.0
2000-02-28 00:00:00-05:00,45.84375,45.875,40.0,45.125,825100,0.0,0.0
2000-02-29 00:00:00-05:00,45.46875,57.375,45.25,56.5,904800,0.0,0.0
2000-03-01 00:00:00-05:00,55.875,55.875,47.25,53.4375,647100,0.0,0.0
2000-03-02 00:00:00-05:00,53.59375,54.0,46.3125,50.40625,466700,0.0,0.0
2000-03-03 00:00:00-05:00,51.875,56.0,48.875,50.296875,762000,0.0,0.0
2000-03-06 00:00:00-05:00,49.8125,54.0,46.75,50.625,514400,0.0,0.0
2000-03-07 00:00:00-05:00,50.3125,51.0,46.5,46.9375,353300,0.0,0.0
2000-03-08 00:00:00-05:00,47.25,48.0,35.125,41.75,749700,0.0,0.0
2000-03-09 00:00:00-05:00,41.5,43.25,35.8125,41.0625,553300,0.0,0.0
2000-03-10 00:00:00-05:00,43.9375,49.0,39.625,40.0,562700,0.0,0.0
2000-03-13 00:00:00-05:00,36.90625,39.0,36.0625,36.84375,252900,0.0,0.0
2000-03-14 00:00:00-05:00,37.75,38.75,28.0,29.5625,622300,0.0,0.0
2000-03-15 00:00:00-05:00,32.0,32.125,28.5,29.34375,376400,0.0,0.0
2000-03-16 00:00:00-05:00,30.3125,31.5,25.625,27.25,351300,0.0,0.0
2000-03-17 00:00:00-05:00,27.125,32.1875,27.125,30.625,212400,0.0,0.0
2000-03-20 00:00:00-05:00,31.5,31.75,27.25,27.375,246000,0.0,0.0
2000-03-21 00:00:00-05:00,27.0,27.0625,20.5,24.4375,538200,0.0,0.0
2000-03-22 00:00:00-05:00,24.5,31.75,23.5,31.5,403500,0.0,0.0
2000-03-23 00:00:00-05:00,32.5625,38.0625,32.25,37.0,800100,0.0,0.0
2000-03-24 00:00:00-05:00,37.625,42.0,35.9375,36.0625,772100,0.0,0.0
2000-03-27 00:00:00-05:00,36.125,38.75,35.625,37.5625,404100,0.0,0.0
2000-03-28 00:00:00-05:00,37.625,38.0625,32.375,33.75,412800,0.0,0.0
2000-03-29 00:00:00-05:00,34.125,34.125,28.5625,29.6875,410500,0.0,0.0
2000-03-30 00:00:00-05:00,28.0,29.0,27.0,28.6875,1786400,0.0,0.0
2000-03-31 00:00:00-05:00,28.9375,30.25,28.5,29.5625,498800,0.0,0.0
2000-04-03 00:00:00-04:00,29.375,30.25,28.5,28.5,228600,0.0,0.0
2000-04-04 00:00:00-04:00,28.625,29.0,20.5,22.25,640800,0.0,0.0
2000-04-05 00:00:00-04:00,21.25,23.125,20.75,21.5625,1412600,0.0,0.0
2000-04-06 00:00:00-04:00,23.25,27.0,22.375,26.375,876700,0.0,0.0
2000-04-07 00:00:00-04:00,27.5625,28.0,25.5,27.6875,368900,0.0,0.0
2000-04-10 00:00:00-04:00,27.375,27.75,23.5,23.5,182600,0.0,0.0
2000-04-11 00:00:00-04:00,22.875,23.0,21.0,22.1875,523000,0.0,0.0
2000-04-12 00:00:00-04:00,22.25,22.25,18.8125,19.25,257500,0.0,0.0
2000-04-13 00:00:00-04:00,19.125,20.625,19.125,19.3125,248400,0.0,0.0
2000-04-14 00:00:00-04:00,19.1875,19.4375,17.0,17.4375,434800,0.0,0.0
2000-04-17 00:00:00-04:00,17.0,18.0,15.125,17.6875,279600,0.0,0.0
2000-04-18 00:00:00-04:00,17.75,25.875,17.734375,24.875,443600,0.0,0.0
2000-04-19 00:00:00-04:00,24.75,26.9375,24.75,25.0,319200,0.0,0.0
2000-04-20 00:00:00-04:00,25.875,25.875,23.75,24.0625,287500,0.0,0.0
2000-04-24 00:00:00-04:00,22.25,23.375,21.25,23.1875,207200,0.0,0.0
2000-04-25 00:00:00-04:00,24.25,25.625,24.125,25.5,91200,0.0,0.0
2000-04-26 00:00:00-04:00,25.625,26.5,25.125,26.125,176500,0.0,0.0
2000-04-27 00:00:00-04:00,24.5,26.125,23.5,26.0,218100,0.0,0.0
2000-04-28 00:00:00-04:00,25.875,29.0,25.875,28.5625,213300,0.0,0.0
2000-05-01 00:00:00-04:00,28.625,32.625,28.5625,29.9375,370500,0.0,0.0
2000-05-02 00:00:00-04:00,29.75,29.75,27.5625,27.5625,106600,0.0,0.0
2000-05-03 00:00:00-04:00,27.1875,28.1875,26.5,27.125,145000,0.0,0.0
2000-05-04 00:00:00-04:00,26.5625,30.0,26.5625,29.1875,101800,0.0,0.0
2000-05-05 00:00:00-04:00,28.5625,30.75,28.5625,30.25,96200,0.0,0.0
2000-05-08 00:00:00-04:00,29.875,30.0625,27.875,27.875,56900,0.0,0.0
2000-05-09 00:00:00-04:00,28.25,28.25,25.5,27.125,60400,0.0,0.0
2000-05-10 00:00:00-04:00,26.625,26.625,25.625,26.0,46300,0.0,0.0
2000-05-11 00:00:00-04:00,25.875,26.25,25.4375,25.625,131200,0.0,0.0
2000-05-12 00:00:00-04:00,25.6875,27.0625,25.25,26.5,153400,0.0,0.0
2000-05-15 00:00:00-04:00,26.625,27.0,25.875,27.0,47100,0.0,0.0
2000-05-16 00:00:00-04:00,27.375,27.75,26.0,26.375,79800,0.0,0.0
2000-05-17 00:00:00-04:00,26.75,26.75,24.4375,25.125,57500,0.0,0.0
2000-05-18 00:00:00-04:00,24.5,25.125,23.9375,24.375,42300,0.0,0.0
2000-05-19 00:00:00-04:00,23.875,24.109375,23.125,23.625,53200,0.0,0.0
2000-05-22 00:00:00-04:00,23.625,23.625,21.0,22.125,120900,0.0,0.0
2000-05-23 00:00:00-04:00,21.8125,23.3125,21.0,21.0625,105700,0.0,0.0
2000-05-24 00:00:00-04:00,21.0,22.125,20.0,22.125,165000,0.0,0.0
2000-05-25 00:00:00-04:00,22.21875,23.125,19.5625,20.0,323800,0.0,0.0
2000-05-26 00:00:00-04:00,20.0,20.125,19.0,19.625,128900,0.0,0.0
2000-05-30 00:00:00-04:00,20.0625,21.0,19.96875,21.0,131200,0.0,0.0
2000-05-31 00:00:00-04:00,20.6875,21.0625,20.0,20.375,68000,0.0,0.0
2000-06-01 00:00:00-04:00,23.75,26.1875,21.5625,24.875,385300,0.0,0.0
2000-06-02 00:00:00-04:00,25.625,25.9375,24.3125,24.859375,300800,0.0,0.0
2000-06-05 00:00:00-04:00,24.875,24.875,23.875,24.125,70400,0.0,0.0
2000-06-06 00:00:00-04:00,23.75,26.4375,23.75,25.0,205700,0.0,0.0
2000-06-07 00:00:00-04:00,25.9375,26.75,24.875,26.5625,104200,0.0,0.0
2000-06-08 00:00:00-04:00,26.5625,27.125,23.0,23.0625,91400,0.0,0.0
2000-06-09 00:00:00-04:00,23.75,27.5,23.375,27.125,125700,0.0,0.0
2000-06-12 00:00:00-04:00,27.75,27.75,23.5,23.875,87900,0.0,0.0
2000-06-13 00:00:00-04:00,24.09375,25.6875,23.375,24.8125,207300,0.0,0.0
2000-06-14 00:00:00-04:00,25.0,25.0,23.9375,24.0,81200,0.0,0.0
2000-06-15 00:00:00-04:00,24.0,24.0,23.375,23.5625,100800,0.0,0.0
2000-06-16 00:00:00-04:00,23.5625,25.578125,23.5625,25.578125,106900,0.0,0.0
2000-06-19 00:00:00-04:00,25.9375,25.9375,24.3125,25.125,68400,0.0,0.0
2000-06-20 00:00:00-04:00,25.375,25.625,25.265625,25.5625,112700,0.0,0.0
2000-06-21 00:00:00-04:00,25.8125,28.0,25.625,27.875,113600,0.0,0.0
2000-06-22 00:00:00-04:00,27.9375,28.75,24.5,25.25,132600,0.0,0.0
2000-06-23 00:00:00-04:00,26.125,26.125,25.25,25.6875,113500,0.0,0.0
2000-06-26 00:00:00-04:00,25.625,27.0625,25.625,27.0625,77300,0.0,0.0
2000-06-27 00:00:00-04:00,27.125,27.75,24.75,24.75,59400,0.0,0.0
2000-06-28 00:00:00-04:00,25.375,29.0,24.0,29.0,134000,0.0,0.0
2000-06-29 00:00:00-04:00,29.1875,30.25,27.8125,29.9375,222000,0.0,0.0
2000-06-30 00:00:00-04:00,30.125,30.125,26.375,29.8125,580700,0.0,0.0
2000-07-03 00:00:00-04:00,29.0,29.625,27.5625,29.125,136800,0.0,0.0
2000-07-05 00:00:00-04:00,29.0625,30.3125,27.625,30.0625,135200,0.0,0.0
2000-07-06 00:00:00-04:00,28.5625,29.4375,26.5625,28.9375,157500,0.0,0.0
2000-07-07 00:00:00-04:00,29.1875,33.1875,28.25,29.625,346500,0.0,0.0
2000-07-10 00:00:00-04:00,28.8125,30.0,28.625,29.75,275400,0.0,0.0
2000-07-11 00:00:00-04:00,29.75,31.75,29.625,31.375,312800,0.0,0.0
2000-07-12 00:00:00-04:00,32.0,32.25,29.625,29.6875,284500,0.0,0.0
2000-07-13 00:00:00-04:00,29.6875,30.125,28.375,29.375,91900,0.0,0.0
2000-07-14 00:00:00-04:00,29.5,29.5,27.5,27.75,122800,0.0,0.0
2000-07-17 00:00:00-04:00,27.8125,31.375,27.625,30.5625,245800,0.0,0.0
2000-07-18 00:00:00-04:00,30.0625,30.4375,29.125,29.1875,233500,0.0,0.0
2000-07-19 00:00:00-04:00,29.65625,29.65625,27.5,27.625,137800,0.0,0.0
2000-07-20 00:00:00-04:00,28.40625,29.25,28.0,28.4375,187200,0.0,0.0
2000-07-21 00:00:00-04:00,29.25,29.875,28.0,28.6875,314700,0.0,0.0
2000-07-24 00:00:00-04:00,29.5,29.5,26.75,28.75,101700,0.0,0.0
2000-07-25 00:00:00-04:00,28.0625,28.1875,25.25,26.234375,123800,0.0,0.0
2000-07-26 00:00:00-04:00,25.6875,28.625,25.0,28.125,148700,0.0,0.0
2000-07-27 00:00:00-04:00,28.3125,28.75,25.125,26.5625,125200,0.0,0.0
2000-07-28 00:00:00-04:00,26.5625,26.59375,24.625,24.625,94600,0.0,0.0
2000-07-31 00:00:00-04:00,24.875,29.125,24.65625,28.0625,114600,0.0,0.0
2000-08-01 00:00:00-04:00,28.0625,29.75,27.0,28.5625,98200,0.0,0.0
2000-08-02 00:00:00-04:00,27.75,28.5,26.625,28.4375,48400,0.0,0.0
2000-08-03 00:00:00-04:00,27.0625,28.9375,26.875,28.9375,140900,0.0,0.0
2000-08-04 00:00:00-04:00,29.0,30.125,28.9375,29.375,154200,0.0,0.0
2000-08-07 00:00:00-04:00,29.4375,30.625,29.375,30.1875,88000,0.0,0.0
2000-08-08 00:00:00-04:00,30.1875,30.625,29.1875,29.8125,71500,0.0,0.0
2000-08-09 00:00:00-04:00,30.6875,31.5625,29.6875,29.6875,121100,0.0,0.0
2000-08-10 00:00:00-04:00,30.25,30.25,28.0,28.0,65400,0.0,0.0
2000-08-11 00:00:00-04:00,27.625,30.0,26.25,29.4375,102900,0.0,0.0
2000-08-14 00:00:00-04:00,29.125,30.125,29.125,30.0625,69000,0.0,0.0
2000-08-15 00:00:00-04:00,29.75,35.0,29.125,33.5,1766600,0.0,0.0
2000-08-16 00:00:00-04:00,34.8125,34.875,32.0,33.125,457800,0.0,0.0
2000-08-17 00:00:00-04:00,33.03125,33.75,32.25,33.5,170200,0.0,0.0
2000-08-18 00:00:00-04:00,33.6875,33.75,32.25,33.125,95900,0.0,0.0
2000-08-21 00:00:00-04:00,33.3125,33.75,31.0,32.375,156800,0.0,0.0
2000-08-22 00:00:00-04:00,32.5625,32.625,31.125,31.9375,135100,0.0,0.0
2000-08-23 00:00:00-04:00,31.375,32.0,30.0,31.125,122900,0.0,0.0
2000-08-24 00:00:00-04:00,30.8125,33.375,30.0,33.0,199700,0.0,0.0
2000-08-25 00:00:00-04:00,33.125,33.75,32.5,33.0,92400,0.0,0.0
2000-08-28 00:00:00-04:00,32.5625,33.0625,31.5,31.8125,58200,0.0,0.0
2000-08-29 00:00:00-04:00,31.90625,33.0,31.25,32.9375,72600,0.0,0.0
2000-08-30 00:00:00-04:00,33.25,33.9375,33.0,33.75,104500,0.0,0.0
2000-08-31 00:00:00-04:00,33.875,36.25,33.875,35.4375,206200,0.0,0.0
2000-09-01 00:00:00-04:00,35.625,35.75,33.5,34.125,136400,0.0,0.0
2000-09-05 00:00:00-04:00,34.625,35.75,32.625,32.75,154800,0.0,0.0
2000-09-06 00:00:00-04:00,32.71875,33.0625,32.25,32.625,74200,0.0,0.0
2000-09-07 00:00:00-04:00,32.1875,33.125,31.9375,32.9375,89700,0.0,0.0
2000-09-08 00:00:00-04:00,33.0625,33.375,32.3125,32.375,41500,0.0,0.0
2000-09-11 00:00:00-04:00,32.4375,32.5,29.875,31.125,103800,0.0,0.0
2000-09-12 00:00:00-04:00,31.5,32.3125,31.3125,32.125,66400,0.0,0.0
2000-09-13 00:00:00-04:00,32.0,32.4375,30.5625,31.9375,82200,0.0,0.0
2000-09-14 00:00:00-04:00,32.0,32.0,30.0,30.9375,184600,0.0,0.0
2000-09-15 00:00:00-04:00,30.6875,36.25,30.5,36.0,261900,0.0,0.0
2000-09-18 00:00:00-04:00,35.5,35.5,31.0,32.0625,207600,0.0,0.0
2000-09-19 00:00:00-04:00,32.875,32.875,31.375,32.75,68400,0.0,0.0
2000-09-20 00:00:00-04:00,32.6875,33.671875,32.0625,33.375,264800,0.0,0.0
2000-09-21 00:00:00-04:00,33.125,33.5,31.625,31.75,81000,0.0,0.0
2000-09-22 00:00:00-04:00,31.375,33.125,31.0,33.125,136800,0.0,0.0
2000-09-25 00:00:00-04:00,33.8125,34.0,32.5,33.125,72700,0.0,0.0
2000-09-26 00:00:00-04:00,33.125,33.5,30.875,30.875,82800,0.0,0.0
2000-09-27 00:00:00-04:00,31.84375,32.0,30.4375,31.0,108600,0.0,0.0
2000-09-28 00:00:00-04:00,30.9375,32.875,30.875,32.0,189200,0.0,0.0
2000-09-29 00:00:00-04:00,31.9375,33.4375,31.75,32.625,225000,0.0,0.0
2000-10-02 00:00:00-04:00,32.375,33.1875,29.5,29.5625,685500,0.0,0.0
2000-10-03 00:00:00-04:00,29.875,31.25,29.0,29.75,130200,0.0,0.0
2000-10-04 00:00:00-04:00,29.734375,29.875,27.8125,29.5625,106300,0.0,0.0
2000-10-05 00:00:00-04:00,29.625,31.5,28.0,28.4375,160500,0.0,0.0
2000-10-06 00:00:00-04:00,28.484375,29.625,28.0625,29.625,112300,0.0,0.0
2000-10-09 00:00:00-04:00,29.0,30.375,28.5,29.0625,105800,0.0,0.0
2000-10-10 00:00:00-04:00,28.84375,29.1875,28.5,28.875,96000,0.0,0.0
2000-10-11 00:00:00-04:00,28.5,28.5625,27.0,27.125,101400,0.0,0.0
2000-10-12 00:00:00-04:00,27.0,27.75,26.0,26.0625,122700,0.0,0.0
2000-10-13 00:00:00-04:00,25.6875,25.9375,25.125,25.9375,93600,0.0,0.0
2000-10-16 00:00:00-04:00,25.921875,28.0625,25.875,27.875,82300,0.0,0.0
2000-10-17 00:00:00-04:00,27.796875,28.25,25.875,25.875,138500,0.0,0.0
2000-10-18 00:00:00-04:00,25.5,26.5,25.0,26.375,209900,0.0,0.0
2000-10-19 00:00:00-04:00,26.75,27.8125,25.375,27.6875,165800,0.0,0.0
2000-10-20 00:00:00-04:00,27.0,27.375,25.25,25.75,201300,0.0,0.0
2000-10-23 00:00:00-04:00,25.625,26.625,25.125,26.375,163900,0.0,0.0
2000-10-24 00:00:00-04:00,25.625,27.6875,25.1875,25.6875,114800,0.0,0.0
2000-10-25 00:00:00-04:00,26.125,28.25,25.25,25.625,104700,0.0,0.0
2000-10-26 00:00:00-04:00,25.0625,26.25,25.0625,26.1875,163500,0.0,0.0
2000-10-27 00:00:00-04:00,26.1875,26.5,24.0,24.125,334200,0.0,0.0
2000-10-30 00:00:00-05:00,24.015625,24.1875,21.25,21.375,576800,0.0,0.0
2000-10-31 00:00:00-05:00,23.21875,28.0,22.4375,26.75,374700,0.0,0.0
2000-11-01 00:00:00-05:00,26.125,27.75,25.375,26.0,136000,0.0,0.0
2000-11-02 00:00:00-05:00,26.0,27.6875,25.375,26.5625,434600,0.0,0.0
2000-11-03 00:00:00-05:00,26.75,26.75,25.8125,26.0625,302100,0.0,0.0
2000-11-06 00:00:00-05:00,26.0,26.25,25.25,25.6875,41900,0.0,0.0
2000-11-07 00:00:00-05:00,26.0,26.125,25.125,25.4375,285000,0.0,0.0
2000-11-08 00:00:00-05:00,25.4375,26.9375,25.4375,25.625,105000,0.0,0.0
2000-11-09 00:00:00-05:00,25.625,26.5625,25.0,25.4375,113200,0.0,0.0
2000-11-10 00:00:00-05:00,25.0,26.5,24.9375,25.625,125700,0.0,0.0
2000-11-13 00:00:00-05:00,24.421875,25.3125,23.625,23.625,198400,0.0,0.0
2000-11-14 00:00:00-05:00,24.25,25.0,24.25,24.6875,66900,0.0,0.0
2000-11-15 00:00:00-05:00,24.25,26.5625,24.25,26.0,77200,0.0,0.0
2000-11-16 00:00:00-05:00,26.125,26.5625,24.5,24.6875,85200,0.0,0.0
2000-11-17 00:00:00-05:00,25.0,25.625,24.5,24.9375,92900,0.0,0.0
2000-11-20 00:00:00-05:00,24.875,24.875,20.5,20.75,517300,0.0,0.0
2000-11-21 00:00:00-05:00,21.0,21.75,20.8125,20.875,201100,0.0,0.0
2000-11-22 00:00:00-05:00,20.359375,21.375,19.625,20.3125,323000,0.0,0.0
2000-11-24 00:00:00-05:00,20.25,23.0625,20.0,23.0625,49700,0.0,0.0
2000-11-27 00:00:00-05:00,23.640625,26.3125,23.0,26.125,268800,0.0,0.0
2000-11-28 00:00:00-05:00,28.375,30.5,26.125,27.1875,961600,0.0,0.0
2000-11-29 00:00:00-05:00,27.3125,28.25,24.4375,24.6875,743300,0.0,0.0
2000-11-30 00:00:00-05:00,22.90625,25.0625,22.875,24.375,236200,0.0,0.0
2000-12-01 00:00:00-05:00,24.75,28.0,24.25,27.8125,580000,0.0,0.0
2000-12-04 00:00:00-05:00,28.0,28.125,26.9375,27.5625,248400,0.0,0.0
2000-12-05 00:00:00-05:00,27.59375,29.0,27.5,29.0,404300,0.0,0.0
2000-12-06 00:00:00-05:00,28.875,29.5,28.75,29.5,206500,0.0,0.0
2000-12-07 00:00:00-05:00,29.0,29.5,28.875,29.5,189300,0.0,0.0
2000-12-08 00:00:00-05:00,29.125,32.875,29.125,32.875,410100,0.0,0.0
2000-12-11 00:00:00-05:00,33.0,36.125,32.625,36.0625,515500,0.0,0.0
2000-12-12 00:00:00-05:00,35.5,36.125,34.25,35.0,264300,0.0,0.0
2000-12-13 00:00:00-05:00,34.6875,35.875,34.0,35.625,297200,0.0,0.0
2000-12-14 00:00:00-05:00,35.625,35.75,34.5,35.0625,221000,0.0,0.0
2000-12-15 00:00:00-05:00,34.875,34.921875,34.5,34.8125,200000,0.0,0.0
2000-12-18 00:00:00-05:00,34.796875,40.0,34.75,40.0,374400,0.0,0.0
2000-12-19 00:00:00-05:00,39.578125,41.6875,38.9375,39.875,648500,0.0,0.0
2000-12-20 00:00:00-05:00,39.5,39.5625,36.0,36.3125,430900,0.0,0.0
2000-12-21 00:00:00-05:00,36.125,39.5625,36.0,39.0625,251600,0.0,0.0
2000-12-22 00:00:00-05:00,39.34375,40.0,37.9375,38.9375,175800,0.0,0.0
2000-12-26 00:00:00-05:00,38.625,40.125,37.875,38.25,183900,0.0,0.0
2000-12-27 00:00:00-05:00,38.125,39.0,37.1875,37.5,317600,0.0,0.0
2000-12-28 00:00:00-05:00,37.125,37.5,36.6875,37.25,222600,0.0,0.0
2000-12-29 00:00:00-05:00,37.5,41.0,34.875,35.265625,615500,0.0,0.0
2001-01-02 00:00:00-05:00,36.4375,37.5,35.125,35.5625,263800,0.0,0.0
2001-01-03 00:00:00-05:00,35.25,35.921875,32.0,34.0625,442600,0.0,0.0
2001-01-04 00:00:00-05:00,34.25,34.4375,32.0,32.4375,363800,0.0,0.0
2001-01-05 00:00:00-05:00,32.1875,32.1875,30.375,31.125,281700,0.0,0.0
2001-01-08 00:00:00-05:00,31.0625,31.0625,30.0,30.25,178800,0.0,0.0
2001-01-09 00:00:00-05:00,30.25,31.375,30.25,31.0,160400,0.0,0.0
2001-01-10 00:00:00-05:00,31.0,34.375,30.6875,32.25,205700,0.0,0.0
2001-01-11 00:00:00-05:00,32.5,33.6875,32.5,33.625,125800,0.0,0.0
2001-01-12 00:00:00-05:00,33.4375,36.8125,33.4375,34.75,272500,0.0,0.0
2001-01-16 00:00:00-05:00,35.0625,39.125,35.0,39.0,305100,0.0,0.0
2001-01-17 00:00:00-05:00,39.0,40.25,36.5,36.75,340900,0.0,0.0
2001-01-18 00:00:00-05:00,36.734375,37.3125,34.25,35.0625,132700,0.0,0.0
2001-01-19 00:00:00-05:00,35.4375,36.0625,33.375,33.875,167900,0.0,0.0
2001-01-22 00:00:00-05:00,34.25,35.125,33.828125,34.5625,112800,0.0,0.0
2001-01-23 00:00:00-05:00,34.5,36.875,34.375,36.75,135600,0.0,0.0
2001-01-24 00:00:00-05:00,36.375,38.75,36.125,37.125,316700,0.0,0.0
2001-01-25 00:00:00-05:00,37.0,38.0,36.125,36.6875,101700,0.0,0.0
2001-01-26 00:00:00-05:00,35.9375,35.9375,31.5,33.125,461700,0.0,0.0
2001-01-29 00:00:00-05:00,32.875,33.375,31.0,31.75,269300,0.0,0.0
2001-01-30 00:00:00-05:00,31.765625,32.25,29.875,30.75,315500,0.0,0.0
2001-01-31 00:00:00-05:00,30.75,34.875,30.3125,32.75,193500,0.0,0.0
2001-02-01 00:00:00-05:00,33.0,33.0,31.875,32.875,87200,0.0,0.0
2001-02-02 00:00:00-05:00,32.453125,33.125,32.125,32.3125,104500,0.0,0.0
2001-02-05 00:00:00-05:00,32.1875,32.25,31.75,32.1875,85800,0.0,0.0
2001-02-06 00:00:00-05:00,32.25,34.8125,32.125,34.8125,130100,0.0,0.0
2001-02-07 00:00:00-05:00,34.3125,34.3125,32.9375,33.8125,79100,0.0,0.0
2001-02-08 00:00:00-05:00,33.5625,34.625,33.3125,33.375,67000,0.0,0.0
2001-02-09 00:00:00-05:00,33.3125,33.3125,31.9375,32.125,143400,0.0,0.0
2001-02-12 00:00:00-05:00,32.0625,35.9375,32.0625,34.9375,125600,0.0,0.0
2001-02-13 00:00:00-05:00,34.875,36.9375,33.3125,33.5,117700,0.0,0.0
2001-02-14 00:00:00-05:00,33.5625,35.0,32.375,34.6875,86500,0.0,0.0
2001-02-15 00:00:00-05:00,34.625,35.0625,33.0625,34.0,53300,0.0,0.0
2001-02-16 00:00:00-05:00,33.625,34.0,32.375,33.8125,66500,0.0,0.0
2001-02-20 00:00:00-05:00,33.875,33.875,31.4375,31.9375,41700,0.0,0.0
2001-02-21 00:00:00-05:00,30.9375,32.5,30.9375,32.1875,85400,0.0,0.0
2001-02-22 00:00:00-05:00,31.984375,32.0,30.6875,30.9375,104300,0.0,0.0
2001-02-23 00:00:00-05:00,30.640625,32.3125,30.0,32.0,116600,0.0,0.0
2001-02-26 00:00:00-05:00,31.9375,32.9375,31.5,32.9375,82600,0.0,0.0
2001-02-27 00:00:00-05:00,32.984375,33.375,32.1875,32.5625,66000,0.0,0.0
2001-02-28 00:00:00-05:00,33.0,33.25,31.1875,31.375,62400,0.0,0.0
2001-03-01 00:00:00-05:00,31.0,32.125,28.5,29.5,183900,0.0,0.0
2001-03-02 00:00:00-05:00,29.5,30.3125,29.375,30.0,222900,0.0,0.0
2001-03-05 00:00:00-05:00,29.75,30.0,29.0625,29.1875,129900,0.0,0.0
2001-03-06 00:00:00-05:00,29.3125,29.375,27.6875,27.921875,145600,0.0,0.0
2001-03-07 00:00:00-05:00,27.546875,28.625,27.5,27.625,99300,0.0,0.0
2001-03-08 00:00:00-05:00,28.25,28.25,26.5,26.5,186100,0.0,0.0
2001-03-09 00:00:00-05:00,27.0,27.0,25.75,26.015625,217000,0.0,0.0
2001-03-12 00:00:00-05:00,25.75,25.796875,22.25,22.5,347600,0.0,0.0
2001-03-13 00:00:00-05:00,22.0625,23.6875,21.125,23.6875,296200,0.0,0.0
2001-03-14 00:00:00-05:00,23.25,23.5625,22.5625,23.375,80500,0.0,0.0
2001-03-15 00:00:00-05:00,23.625,24.5,23.609375,24.0,142000,0.0,0.0
2001-03-16 00:00:00-05:00,23.921875,23.9375,22.75,22.9375,339800,0.0,0.0
2001-03-19 00:00:00-05:00,22.8125,26.1875,22.8125,25.125,440400,0.0,0.0
2001-03-20 00:00:00-05:00,25.375,25.5,24.125,24.25,1513600,0.0,0.0
2001-03-21 00:00:00-05:00,24.375,24.6875,22.5,22.875,651300,0.0,0.0
2001-03-22 00:00:00-05:00,22.5625,25.3125,21.25,23.5,1603200,0.0,0.0
2001-03-23 00:00:00-05:00,23.75,24.875,23.75,23.875,191100,0.0,0.0
2001-03-26 00:00:00-05:00,24.3125,25.625,24.3125,24.625,155200,0.0,0.0
2001-03-27 00:00:00-05:00,24.5,24.625,23.9375,24.375,108900,0.0,0.0
2001-03-28 00:00:00-05:00,24.0,24.625,23.875,24.5,65100,0.0,0.0
2001-03-29 00:00:00-05:00,24.3125,24.625,23.0,23.9375,342000,0.0,0.0
2001-03-30 00:00:00-05:00,24.25,24.25,22.1875,22.1875,372800,0.0,0.0
2001-04-02 00:00:00-04:00,22.5,22.875,22.1875,22.375,177800,0.0,0.0
2001-04-03 00:00:00-04:00,22.265625,22.75,20.875,21.125,299800,0.0,0.0
2001-04-04 00:00:00-04:00,21.0625,21.75,20.875,21.4375,409000,0.0,0.0
2001-04-05 00:00:00-04:00,21.6875,22.875,21.625,22.875,192900,0.0,0.0
2001-04-06 00:00:00-04:00,22.5,22.8125,21.5,22.3125,112100,0.0,0.0
2001-04-09 00:00:00-04:00,22.489999771118164,23.290000915527344,21.989999771118164,23.010000228881836,100700,0.0,0.0
2001-04-10 00:00:00-04:00,23.25,25.5,23.25,25.149999618530273,160400,0.0,0.0
2001-04-11 00:00:00-04:00,25.5,25.5,23.579999923706055,23.90999984741211,99900,0.0,0.0
2001-04-12 00:00:00-04:00,24.25,25.690000534057617,23.950000762939453,25.690000534057617,60000,0.0,0.0
2001-04-16 00:00:00-04:00,25.690000534057617,25.690000534057617,24.510000228881836,24.549999237060547,55800,0.0,0.0
2001-04-17 00:00:00-04:00,24.440000534057617,24.950000762939453,24.40999984741211,24.549999237060547,95300,0.0,0.0
2001-04-18 00:00:00-04:00,24.600000381469727,28.059999465942383,24.59000015258789,28.040000915527344,189000,0.0,0.0
2001-04-19 00:00:00-04:00,27.5,29.799999237060547,27.18000030517578,29.799999237060547,150400,0.0,0.0
2001-04-20 00:00:00-04:00,29.25,29.360000610351562,28.06999969482422,28.200000762939453,232000,0.0,0.0
2001-04-23 00:00:00-04:00,28.389999389648438,28.389999389648438,26.0,26.0,78400,0.0,0.0
2001-04-24 00:00:00-04:00,26.540000915527344,27.010000228881836,25.610000610351562,25.780000686645508,52800,0.0,0.0
2001-04-25 00:00:00-04:00,26.31999969482422,28.040000915527344,25.889999389648438,26.799999237060547,57000,0.0,0.0
2001-04-26 00:00:00-04:00,26.989999771118164,28.600000381469727,26.760000228881836,27.8700008392334,67000,0.0,0.0
2001-04-27 00:00:00-04:00,27.3799991607666,29.040000915527344,27.270000457763672,29.040000915527344,143700,0.0,0.0
2001-04-30 00:00:00-04:00,29.040000915527344,31.299999237060547,28.65999984741211,31.010000228881836,200000,0.0,0.0
2001-05-01 00:00:00-04:00,30.670000076293945,31.350000381469727,29.950000762939453,31.079999923706055,155100,0.0,0.0
2001-05-02 00:00:00-04:00,31.100000381469727,31.100000381469727,30.209999084472656,30.600000381469727,140400,0.0,0.0
2001-05-03 00:00:00-04:00,30.8799991607666,31.0,29.299999237060547,29.799999237060547,163800,0.0,0.0
2001-05-04 00:00:00-04:00,29.5,29.770000457763672,28.510000228881836,28.639999389648438,234200,0.0,0.0
2001-05-07 00:00:00-04:00,28.84000015258789,28.84000015258789,27.399999618530273,27.790000915527344,239400,0.0,0.0
2001-05-08 00:00:00-04:00,27.790000915527344,27.799999237060547,26.850000381469727,27.549999237060547,208700,0.0,0.0
2001-05-09 00:00:00-04:00,27.25,27.59000015258789,27.010000228881836,27.09000015258789,170700,0.0,0.0
2001-05-10 00:00:00-04:00,27.59000015258789,27.59000015258789,27.049999237060547,27.239999771118164,74000,0.0,0.0
2001-05-11 00:00:00-04:00,27.229999542236328,27.229999542236328,26.0,26.440000534057617,86100,0.0,0.0
2001-05-14 00:00:00-04:00,26.579999923706055,26.579999923706055,26.200000762939453,26.450000762939453,129100,0.0,0.0
2001-05-15 00:00:00-04:00,26.450000762939453,26.950000762939453,26.200000762939453,26.709999084472656,80200,0.0,0.0
2001-05-16 00:00:00-04:00,26.479999542236328,28.8799991607666,26.290000915527344,27.90999984741211,104300,0.0,0.0
2001-05-17 00:00:00-04:00,28.360000610351562,30.989999771118164,28.100000381469727,30.0,144700,0.0,0.0
2001-05-18 00:00:00-04:00,30.0,30.5,29.649999618530273,30.020000457763672,119400,0.0,0.0
2001-05-21 00:00:00-04:00,30.8799991607666,31.8799991607666,30.8799991607666,31.520000457763672,68200,0.0,0.0
2001-05-22 00:00:00-04:00,31.540000915527344,31.8799991607666,30.700000762939453,31.360000610351562,100300,0.0,0.0
2001-05-23 00:00:00-04:00,31.15999984741211,31.350000381469727,31.06999969482422,31.200000762939453,126800,0.0,0.0
2001-05-24 00:00:00-04:00,31.1200008392334,31.229999542236328,30.600000381469727,31.190000534057617,319100,0.0,0.0
2001-05-25 00:00:00-04:00,31.110000610351562,31.389999389648438,31.020000457763672,31.15999984741211,97400,0.0,0.0
2001-05-29 00:00:00-04:00,31.149999618530273,31.549999237060547,31.0,31.030000686645508,66200,0.0,0.0
2001-05-30 00:00:00-04:00,31.049999237060547,31.399999618530273,30.899999618530273,31.030000686645508,148000,0.0,0.0
2001-05-31 00:00:00-04:00,30.959999084472656,31.950000762939453,30.950000762939453,31.90999984741211,145700,0.0,0.0
2001-06-01 00:00:00-04:00,31.540000915527344,33.91999816894531,31.540000915527344,33.63999938964844,252300,0.0,0.0
2001-06-04 00:00:00-04:00,33.939998626708984,34.869998931884766,32.7599983215332,34.849998474121094,184900,0.0,0.0
2001-06-05 00:00:00-04:00,34.709999084472656,36.79999923706055,34.70000076293945,36.79999923706055,421100,0.0,0.0
2001-06-06 00:00:00-04:00,36.279998779296875,36.9900016784668,36.06999969482422,36.61000061035156,465500,0.0,0.0
2001-06-07 00:00:00-04:00,36.779998779296875,36.95000076293945,36.2400016784668,36.540000915527344,238400,0.0,0.0
2001-06-08 00:00:00-04:00,36.59000015258789,36.59000015258789,35.880001068115234,35.880001068115234,81100,0.0,0.0
2001-06-11 00:00:00-04:00,35.79999923706055,38.0,35.79999923706055,37.04999923706055,313500,0.0,0.0
2001-06-12 00:00:00-04:00,36.380001068115234,36.38999938964844,34.9900016784668,35.11000061035156,232700,0.0,0.0
2001-06-13 00:00:00-04:00,35.25,35.77000045776367,34.150001525878906,34.150001525878906,221300,0.0,0.0
2001-06-14 00:00:00-04:00,33.810001373291016,34.13999938964844,33.27000045776367,33.79999923706055,102900,0.0,0.0
2001-06-15 00:00:00-04:00,33.79999923706055,35.0,33.75,34.9900016784668,304200,0.0,0.0
2001-06-18 00:00:00-04:00,34.93000030517578,35.20000076293945,33.380001068115234,33.45000076293945,136200,0.0,0.0
2001-06-19 00:00:00-04:00,33.689998626708984,33.9900016784668,33.41999816894531,33.939998626708984,308100,0.0,0.0
2001-06-20 00:00:00-04:00,33.939998626708984,34.75,33.54999923706055,34.22999954223633,258100,0.0,0.0
2001-06-21 00:00:00-04:00,34.439998626708984,37.0,34.439998626708984,35.779998779296875,167500,0.0,0.0
2001-06-22 00:00:00-04:00,35.630001068115234,35.7400016784668,34.029998779296875,34.150001525878906,266900,0.0,0.0
2001-06-25 00:00:00-04:00,34.15999984741211,34.15999984741211,33.04999923706055,33.7400016784668,79100,0.0,0.0
2001-06-26 00:00:00-04:00,33.7400016784668,34.400001525878906,33.4900016784668,34.08000183105469,124300,0.0,0.0
2001-06-27 00:00:00-04:00,34.20000076293945,34.689998626708984,33.959999084472656,34.040000915527344,60500,0.0,0.0
2001-06-28 00:00:00-04:00,34.0099983215332,34.5099983215332,33.88999938964844,34.099998474121094,528000,0.0,0.0
2001-06-29 00:00:00-04:00,34.04999923706055,34.849998474121094,33.93000030517578,34.650001525878906,247500,0.0,0.0
2001-07-02 00:00:00-04:00,34.15999984741211,35.29999923706055,33.75,33.83000183105469,113500,0.0,0.0
2001-07-03 00:00:00-04:00,33.84000015258789,34.20000076293945,32.900001525878906,34.09000015258789,66100,0.0,0.0
2001-07-05 00:00:00-04:00,33.9900016784668,34.0,32.099998474121094,32.119998931884766,83900,0.0,0.0
2001-07-06 00:00:00-04:00,32.13999938964844,32.13999938964844,29.75,30.549999237060547,185600,0.0,0.0
2001-07-09 00:00:00-04:00,30.520000457763672,31.75,30.25,31.18000030517578,129100,0.0,0.0
2001-07-10 00:00:00-04:00,31.1299991607666,31.760000228881836,29.399999618530273,29.5,188000,0.0,0.0
2001-07-11 00:00:00-04:00,29.260000228881836,29.760000228881836,28.600000381469727,28.989999771118164,86000,0.0,0.0
2001-07-12 00:00:00-04:00,28.5,28.5,26.75,27.200000762939453,295800,0.0,0.0
2001-07-13 00:00:00-04:00,27.110000610351562,28.299999237060547,26.75,27.600000381469727,290300,0.0,0.0
2001-07-16 00:00:00-04:00,28.0,28.0,25.440000534057617,25.950000762939453,179400,0.0,0.0
2001-07-17 00:00:00-04:00,25.899999618530273,27.709999084472656,25.709999084472656,27.0,181400,0.0,0.0
2001-07-18 00:00:00-04:00,26.989999771118164,28.100000381469727,26.65999984741211,27.969999313354492,69400,0.0,0.0
2001-07-19 00:00:00-04:00,28.15999984741211,29.299999237060547,28.15999984741211,28.8799991607666,182600,0.0,0.0
2001-07-20 00:00:00-04:00,29.18000030517578,30.100000381469727,28.809999465942383,29.43000030517578,47700,0.0,0.0
2001-07-23 00:00:00-04:00,29.75,29.75,28.440000534057617,28.600000381469727,104900,0.0,0.0
2001-07-24 00:00:00-04:00,28.6299991607666,28.899999618530273,26.030000686645508,27.030000686645508,116400,0.0,0.0
2001-07-25 00:00:00-04:00,27.059999465942383,27.600000381469727,25.700000762939453,27.600000381469727,100800,0.0,0.0
2001-07-26 00:00:00-04:00,27.530000686645508,27.6299991607666,26.969999313354492,27.5,102900,0.0,0.0
2001-07-27 00:00:00-04:00,27.610000610351562,27.700000762939453,26.700000762939453,26.75,95300,0.0,0.0
2001-07-30 00:00:00-04:00,27.0,27.049999237060547,26.25,26.729999542236328,85800,0.0,0.0
2001-07-31 00:00:00-04:00,26.290000915527344,27.1299991607666,26.280000686645508,26.8700008392334,168000,0.0,0.0
2001-08-01 00:00:00-04:00,29.299999237060547,29.479999542236328,28.0,29.270000457763672,535200,0.0,0.0
2001-08-02 00:00:00-04:00,29.450000762939453,29.5,27.299999237060547,27.56999969482422,274700,0.0,0.0
2001-08-03 00:00:00-04:00,27.790000915527344,27.790000915527344,26.25,27.149999618530273,167700,0.0,0.0
2001-08-06 00:00:00-04:00,27.020000457763672,27.149999618530273,26.950000762939453,26.950000762939453,90200,0.0,0.0
2001-08-07 00:00:00-04:00,27.0,28.200000762939453,26.950000762939453,28.200000762939453,111900,0.0,0.0
2001-08-08 00:00:00-04:00,28.25,28.25,25.510000228881836,25.81999969482422,92400,0.0,0.0
2001-08-09 00:00:00-04:00,25.81999969482422,27.3799991607666,25.81999969482422,27.34000015258789,184400,0.0,0.0
2001-08-10 00:00:00-04:00,26.510000228881836,27.690000534057617,26.5,26.760000228881836,63600,0.0,0.0
2001-08-13 00:00:00-04:00,27.219999313354492,28.559999465942383,26.760000228881836,28.280000686645508,200500,0.0,0.0
2001-08-14 00:00:00-04:00,28.25,29.079999923706055,28.0,28.729999542236328,101500,0.0,0.0
2001-08-15 00:00:00-04:00,28.850000381469727,29.09000015258789,27.0,27.450000762939453,130100,0.0,0.0
2001-08-16 00:00:00-04:00,27.260000228881836,28.889999389648438,27.260000228881836,28.600000381469727,117800,0.0,0.0
2001-08-17 00:00:00-04:00,27.6200008392334,28.1200008392334,27.510000228881836,27.940000534057617,79300,0.0,0.0
2001-08-20 00:00:00-04:00,27.959999084472656,27.959999084472656,27.469999313354492,27.850000381469727,47700,0.0,0.0
2001-08-21 00:00:00-04:00,27.850000381469727,28.200000762939453,27.690000534057617,27.75,172200,0.0,0.0
2001-08-22 00:00:00-04:00,27.670000076293945,28.600000381469727,27.670000076293945,28.489999771118164,68400,0.0,0.0
2001-08-23 00:00:00-04:00,28.049999237060547,30.299999237060547,27.84000015258789,30.1299991607666,141900,0.0,0.0
2001-08-24 00:00:00-04:00,29.799999237060547,30.790000915527344,29.459999084472656,30.5,70600,0.0,0.0
2001-08-27 00:00:00-04:00,30.799999237060547,31.440000534057617,30.559999465942383,31.190000534057617,185100,0.0,0.0
2001-08-28 00:00:00-04:00,31.190000534057617,31.239999771118164,30.600000381469727,30.600000381469727,72500,0.0,0.0
2001-08-29 00:00:00-04:00,30.670000076293945,30.989999771118164,30.260000228881836,30.989999771118164,45700,0.0,0.0
2001-08-30 00:00:00-04:00,30.549999237060547,31.75,29.739999771118164,30.149999618530273,98000,0.0,0.0
2001-08-31 00:00:00-04:00,29.799999237060547,30.200000762939453,29.65999984741211,30.1200008392334,71900,0.0,0.0
2001-09-04 00:00:00-04:00,29.719999313354492,30.860000610351562,29.31999969482422,29.899999618530273,82200,0.0,0.0
2001-09-05 00:00:00-04:00,30.09000015258789,30.84000015258789,29.8799991607666,30.790000915527344,125500,0.0,0.0
2001-09-06 00:00:00-04:00,30.440000534057617,30.56999969482422,28.8700008392334,29.399999618530273,118800,0.0,0.0
2001-09-07 00:00:00-04:00,29.049999237060547,29.049999237060547,27.8799991607666,28.239999771118164,137300,0.0,0.0
2001-09-10 00:00:00-04:00,28.0,28.229999542236328,26.709999084472656,27.170000076293945,225400,0.0,0.0
2001-09-17 00:00:00-04:00,25.809999465942383,26.40999984741211,23.0,23.0,209300,0.0,0.0
2001-09-18 00:00:00-04:00,23.959999084472656,23.979999542236328,22.829999923706055,22.829999923706055,418700,0.0,0.0
2001-09-19 00:00:00-04:00,22.75,23.34000015258789,21.549999237060547,21.75,269900,0.0,0.0
2001-09-20 00:00:00-04:00,21.549999237060547,22.309999465942383,20.75,20.75,89700,0.0,0.0
2001-09-21 00:00:00-04:00,20.729999542236328,21.440000534057617,20.239999771118164,20.600000381469727,146100,0.0,0.0
2001-09-24 00:00:00-04:00,21.100000381469727,22.3700008392334,21.100000381469727,21.8700008392334,279500,0.0,0.0
2001-09-25 00:00:00-04:00,21.989999771118164,22.510000228881836,20.989999771118164,21.209999084472656,244700,0.0,0.0
2001-09-26 00:00:00-04:00,21.149999618530273,21.75,21.100000381469727,21.290000915527344,265700,0.0,0.0
2001-09-27 00:00:00-04:00,21.149999618530273,22.600000381469727,21.049999237060547,22.520000457763672,342300,0.0,0.0
2001-09-28 00:00:00-04:00,22.649999618530273,23.600000381469727,22.239999771118164,22.239999771118164,233000,0.0,0.0
2001-10-01 00:00:00-04:00,22.200000762939453,23.25,21.329999923706055,22.719999313354492,76800,0.0,0.0
2001-10-02 00:00:00-04:00,22.450000762939453,24.0,22.450000762939453,24.0,77900,0.0,0.0
2001-10-03 00:00:00-04:00,24.010000228881836,26.450000762939453,23.5,26.149999618530273,127800,0.0,0.0
2001-10-04 00:00:00-04:00,26.350000381469727,26.450000762939453,25.43000030517578,25.43000030517578,112000,0.0,0.0
2001-10-05 00:00:00-04:00,25.3700008392334,25.860000610351562,24.049999237060547,24.84000015258789,122200,0.0,0.0
2001-10-08 00:00:00-04:00,24.719999313354492,24.84000015258789,23.760000228881836,24.020000457763672,190500,0.0,0.0
2001-10-09 00:00:00-04:00,23.709999084472656,24.739999771118164,23.709999084472656,24.3700008392334,63200,0.0,0.0
2001-10-10 00:00:00-04:00,24.389999389648438,27.100000381469727,24.280000686645508,27.100000381469727,141400,0.0,0.0
2001-10-11 00:00:00-04:00,27.030000686645508,28.34000015258789,26.989999771118164,27.010000228881836,201600,0.0,0.0
2001-10-12 00:00:00-04:00,23.459999084472656,23.649999618530273,22.09000015258789,23.239999771118164,5386700,0.0,0.0
2001-10-15 00:00:00-04:00,23.190000534057617,23.200000762939453,22.010000228881836,23.100000381469727,1317000,0.0,0.0
2001-10-16 00:00:00-04:00,23.100000381469727,23.43000030517578,22.459999084472656,23.0,583000,0.0,0.0
2001-10-17 00:00:00-04:00,22.950000762939453,23.25,22.200000762939453,22.610000610351562,817300,0.0,0.0
2001-10-18 00:00:00-04:00,22.530000686645508,22.90999984741211,22.3700008392334,22.56999969482422,140900,0.0,0.0
2001-10-19 00:00:00-04:00,22.649999618530273,22.860000610351562,22.049999237060547,22.34000015258789,479500,0.0,0.0
2001-10-22 00:00:00-04:00,22.079999923706055,22.950000762939453,22.079999923706055,22.559999465942383,292800,0.0,0.0
2001-10-23 00:00:00-04:00,22.709999084472656,22.889999389648438,21.389999389648438,21.649999618530273,602000,0.0,0.0
2001-10-24 00:00:00-04:00,21.510000228881836,21.889999389648438,21.280000686645508,21.40999984741211,464700,0.0,0.0
2001-10-25 00:00:00-04:00,21.459999084472656,21.5,20.34000015258789,21.350000381469727,487200,0.0,0.0
2001-10-26 00:00:00-04:00,21.350000381469727,22.739999771118164,21.350000381469727,22.459999084472656,954000,0.0,0.0
2001-10-29 00:00:00-05:00,22.549999237060547,22.549999237060547,21.700000762939453,21.889999389648438,267900,0.0,0.0
2001-10-30 00:00:00-05:00,21.90999984741211,21.90999984741211,20.510000228881836,21.100000381469727,533800,0.0,0.0
2001-10-31 00:00:00-05:00,21.15999984741211,22.200000762939453,21.149999618530273,22.100000381469727,899200,0.0,0.0
2001-11-01 00:00:00-05:00,22.260000228881836,22.34000015258789,21.8799991607666,22.09000015258789,173400,0.0,0.0
2001-11-02 00:00:00-05:00,22.299999237060547,23.139999389648438,22.299999237060547,22.719999313354492,309100,0.0,0.0
2001-11-05 00:00:00-05:00,22.860000610351562,23.600000381469727,22.799999237060547,23.450000762939453,276100,0.0,0.0
2001-11-06 00:00:00-05:00,23.600000381469727,23.600000381469727,22.59000015258789,23.049999237060547,267000,0.0,0.0
2001-11-07 00:00:00-05:00,22.809999465942383,23.299999237060547,22.56999969482422,23.219999313354492,117700,0.0,0.0
2001-11-08 00:00:00-05:00,23.139999389648438,23.600000381469727,23.0,23.270000457763672,270300,0.0,0.0
2001-11-09 00:00:00-05:00,23.440000534057617,23.440000534057617,22.399999618530273,22.5,250100,0.0,0.0
2001-11-12 00:00:00-05:00,22.6299991607666,23.5,21.350000381469727,23.200000762939453,158600,0.0,0.0
2001-11-13 00:00:00-05:00,23.530000686645508,24.75,23.209999084472656,24.649999618530273,286700,0.0,0.0
2001-11-14 00:00:00-05:00,24.639999389648438,25.610000610351562,24.309999465942383,24.959999084472656,559800,0.0,0.0
2001-11-15 00:00:00-05:00,24.780000686645508,25.290000915527344,24.649999618530273,24.950000762939453,233600,0.0,0.0
2001-11-16 00:00:00-05:00,25.0,26.010000228881836,24.8700008392334,25.579999923706055,538500,0.0,0.0
2001-11-19 00:00:00-05:00,25.8700008392334,28.0,25.8700008392334,27.889999389648438,690000,0.0,0.0
2001-11-20 00:00:00-05:00,27.860000610351562,28.200000762939453,27.040000915527344,27.360000610351562,367000,0.0,0.0
2001-11-21 00:00:00-05:00,27.649999618530273,27.649999618530273,26.40999984741211,27.0,219400,0.0,0.0
2001-11-23 00:00:00-05:00,27.200000762939453,27.6200008392334,26.770000457763672,27.5,114300,0.0,0.0
2001-11-26 00:00:00-05:00,27.5,28.329999923706055,27.209999084472656,28.0,308400,0.0,0.0
2001-11-27 00:00:00-05:00,28.149999618530273,28.59000015258789,27.360000610351562,28.5,499200,0.0,0.0
2001-11-28 00:00:00-05:00,28.56999969482422,28.56999969482422,26.459999084472656,27.600000381469727,550100,0.0,0.0
2001-11-29 00:00:00-05:00,27.850000381469727,27.850000381469727,26.520000457763672,27.18000030517578,253000,0.0,0.0
2001-11-30 00:00:00-05:00,27.25,27.719999313354492,27.0,27.670000076293945,269600,0.0,0.0
2001-12-03 00:00:00-05:00,27.360000610351562,27.649999618530273,26.860000610351562,26.950000762939453,133600,0.0,0.0
2001-12-04 00:00:00-05:00,26.979999542236328,27.110000610351562,26.239999771118164,26.639999389648438,318900,0.0,0.0
2001-12-05 00:00:00-05:00,26.729999542236328,27.420000076293945,26.549999237060547,27.100000381469727,275800,0.0,0.0
2001-12-06 00:00:00-05:00,27.15999984741211,28.860000610351562,27.149999618530273,28.479999542236328,237500,0.0,0.0
2001-12-07 00:00:00-05:00,28.690000534057617,29.360000610351562,28.260000228881836,29.309999465942383,255200,0.0,0.0
2001-12-10 00:00:00-05:00,28.799999237060547,29.350000381469727,28.149999618530273,28.299999237060547,159700,0.0,0.0
2001-12-11 00:00:00-05:00,28.299999237060547,28.540000915527344,26.25,26.799999237060547,664200,0.0,0.0
2001-12-12 00:00:00-05:00,26.56999969482422,27.350000381469727,26.0,26.0,403300,0.0,0.0
2001-12-13 00:00:00-05:00,26.15999984741211,27.25,26.0,26.690000534057617,276600,0.0,0.0
2001-12-14 00:00:00-05:00,26.68000030517578,26.860000610351562,26.079999923706055,26.610000610351562,122300,0.0,0.0
2001-12-17 00:00:00-05:00,26.65999984741211,27.899999618530273,26.25,27.75,201700,0.0,0.0
2001-12-18 00:00:00-05:00,27.56999969482422,28.450000762939453,27.56999969482422,28.299999237060547,73400,0.0,0.0
2001-12-19 00:00:00-05:00,28.0,29.299999237060547,27.75,28.860000610351562,264400,0.0,0.0
2001-12-20 00:00:00-05:00,28.520000457763672,29.110000610351562,28.309999465942383,28.950000762939453,179700,0.0,0.0
2001-12-21 00:00:00-05:00,29.399999618530273,29.93000030517578,28.780000686645508,29.799999237060547,326800,0.0,0.0
2001-12-24 00:00:00-05:00,29.799999237060547,29.799999237060547,28.56999969482422,29.100000381469727,105900,0.0,0.0
2001-12-26 00:00:00-05:00,28.799999237060547,29.600000381469727,28.799999237060547,28.90999984741211,86800,0.0,0.0
2001-12-27 00:00:00-05:00,28.760000228881836,29.010000228881836,28.649999618530273,28.81999969482422,370300,0.0,0.0
2001-12-28 00:00:00-05:00,28.75,29.639999389648438,28.649999618530273,28.989999771118164,241500,0.0,0.0
2001-12-31 00:00:00-05:00,28.899999618530273,29.579999923706055,28.030000686645508,28.15999984741211,269200,0.0,0.0
2002-01-02 00:00:00-05:00,28.040000915527344,28.280000686645508,27.440000534057617,27.920000076293945,450900,0.0,0.0
2002-01-03 00:00:00-05:00,27.65999984741211,28.229999542236328,27.25,27.25,169900,0.0,0.0
2002-01-04 00:00:00-05:00,27.25,27.790000915527344,26.670000076293945,27.3700008392334,419500,0.0,0.0
2002-01-07 00:00:00-05:00,27.3700008392334,28.489999771118164,26.770000457763672,26.770000457763672,366300,0.0,0.0
2002-01-08 00:00:00-05:00,26.770000457763672,27.520000457763672,26.450000762939453,27.360000610351562,203600,0.0,0.0
2002-01-09 00:00:00-05:00,27.350000381469727,27.719999313354492,26.920000076293945,26.920000076293945,351600,0.0,0.0
2002-01-10 00:00:00-05:00,26.75,28.299999237060547,26.5,28.290000915527344,551200,0.0,0.0
2002-01-11 00:00:00-05:00,28.360000610351562,30.200000762939453,28.040000915527344,29.309999465942383,428600,0.0,0.0
2002-01-14 00:00:00-05:00,29.639999389648438,29.639999389648438,28.6299991607666,28.6299991607666,475600,0.0,0.0
2002-01-15 00:00:00-05:00,28.6200008392334,29.049999237060547,28.1200008392334,28.889999389648438,309500,0.0,0.0
2002-01-16 00:00:00-05:00,28.920000076293945,29.350000381469727,28.06999969482422,28.65999984741211,525500,0.0,0.0
2002-01-17 00:00:00-05:00,28.610000610351562,28.889999389648438,26.860000610351562,28.450000762939453,386800,0.0,0.0
2002-01-18 00:00:00-05:00,27.969999313354492,28.549999237060547,26.75,27.43000030517578,857600,0.0,0.0
2002-01-22 00:00:00-05:00,27.690000534057617,27.690000534057617,26.489999771118164,27.600000381469727,323100,0.0,0.0
2002-01-23 00:00:00-05:00,27.639999389648438,28.889999389648438,27.489999771118164,28.709999084472656,257400,0.0,0.0
2002-01-24 00:00:00-05:00,28.969999313354492,28.969999313354492,27.610000610351562,27.799999237060547,249400,0.0,0.0
2002-01-25 00:00:00-05:00,27.81999969482422,28.399999618530273,27.25,28.049999237060547,1004800,0.0,0.0
2002-01-28 00:00:00-05:00,27.969999313354492,28.1299991607666,27.25,27.40999984741211,282700,0.0,0.0
2002-01-29 00:00:00-05:00,27.649999618530273,27.649999618530273,25.959999084472656,26.690000534057617,604000,0.0,0.0
2002-01-30 00:00:00-05:00,26.700000762939453,26.75,26.0,26.149999618530273,376700,0.0,0.0
2002-01-31 00:00:00-05:00,26.0,26.5,24.450000762939453,24.799999237060547,1110600,0.0,0.0
2002-02-01 00:00:00-05:00,25.0,26.190000534057617,24.450000762939453,25.860000610351562,628500,0.0,0.0
2002-02-04 00:00:00-05:00,25.649999618530273,25.799999237060547,23.40999984741211,23.5,918700,0.0,0.0
2002-02-05 00:00:00-05:00,23.399999618530273,24.200000762939453,23.100000381469727,23.579999923706055,865000,0.0,0.0
2002-02-06 00:00:00-05:00,23.639999389648438,23.700000762939453,19.739999771118164,20.979999542236328,4809700,0.0,0.0
2002-02-07 00:00:00-05:00,21.850000381469727,21.969999313354492,20.530000686645508,21.809999465942383,1291600,0.0,0.0
2002-02-08 00:00:00-05:00,22.0,23.790000915527344,21.829999923706055,23.510000228881836,545000,0.0,0.0
2002-02-11 00:00:00-05:00,23.75,25.06999969482422,23.600000381469727,24.700000762939453,1092100,0.0,0.0
2002-02-12 00:00:00-05:00,24.600000381469727,26.25,23.760000228881836,25.809999465942383,1184100,0.0,0.0
2002-02-13 00:00:00-05:00,25.899999618530273,26.149999618530273,24.75,24.760000228881836,1169900,0.0,0.0
2002-02-14 00:00:00-05:00,24.950000762939453,25.049999237060547,24.149999618530273,24.399999618530273,1139700,0.0,0.0
2002-02-15 00:00:00-05:00,24.149999618530273,24.700000762939453,23.479999542236328,24.510000228881836,576400,0.0,0.0
2002-02-19 00:00:00-05:00,24.510000228881836,24.520000457763672,22.799999237060547,23.09000015258789,476400,0.0,0.0
2002-02-20 00:00:00-05:00,23.200000762939453,24.56999969482422,23.100000381469727,24.56999969482422,438700,0.0,0.0
2002-02-21 00:00:00-05:00,24.56999969482422,24.700000762939453,23.350000381469727,23.389999389648438,461200,0.0,0.0
2002-02-22 00:00:00-05:00,23.579999923706055,23.600000381469727,22.15999984741211,23.219999313354492,349000,0.0,0.0
2002-02-25 00:00:00-05:00,23.219999313354492,23.5,21.809999465942383,22.540000915527344,328000,0.0,0.0
2002-02-26 00:00:00-05:00,22.700000762939453,23.350000381469727,22.469999313354492,23.229999542236328,492700,0.0,0.0
2002-02-27 00:00:00-05:00,23.600000381469727,23.979999542236328,22.969999313354492,23.15999984741211,350100,0.0,0.0
2002-02-28 00:00:00-05:00,23.0,23.31999969482422,22.3799991607666,22.709999084472656,215200,0.0,0.0
2002-03-01 00:00:00-05:00,22.649999618530273,23.399999618530273,21.399999618530273,23.209999084472656,199700,0.0,0.0
2002-03-04 00:00:00-05:00,23.31999969482422,25.299999237060547,23.299999237060547,25.040000915527344,999000,0.0,0.0
2002-03-05 00:00:00-05:00,24.899999618530273,25.899999618530273,24.8700008392334,25.399999618530273,656000,0.0,0.0
2002-03-06 00:00:00-05:00,25.15999984741211,26.719999313354492,25.15999984741211,26.6299991607666,502300,0.0,0.0
2002-03-07 00:00:00-05:00,26.6299991607666,27.0,25.639999389648438,25.75,504200,0.0,0.0
2002-03-08 00:00:00-05:00,26.170000076293945,26.56999969482422,25.729999542236328,26.1200008392334,215100,0.0,0.0
2002-03-11 00:00:00-05:00,25.850000381469727,27.0,25.850000381469727,26.950000762939453,175100,0.0,0.0
2002-03-12 00:00:00-05:00,26.549999237060547,26.899999618530273,26.059999465942383,26.290000915527344,241600,0.0,0.0
2002-03-13 00:00:00-05:00,26.43000030517578,26.700000762939453,25.65999984741211,25.700000762939453,399200,0.0,0.0
2002-03-14 00:00:00-05:00,26.190000534057617,26.260000228881836,25.309999465942383,25.5,409100,0.0,0.0
2002-03-15 00:00:00-05:00,25.25,25.5,25.020000457763672,25.229999542236328,379900,0.0,0.0
2002-03-18 00:00:00-05:00,25.229999542236328,25.549999237060547,25.0,25.40999984741211,795300,0.0,0.0
2002-03-19 00:00:00-05:00,25.5,25.549999237060547,24.760000228881836,24.889999389648438,379500,0.0,0.0
2002-03-20 00:00:00-05:00,25.010000228881836,25.010000228881836,24.020000457763672,24.059999465942383,359000,0.0,0.0
2002-03-21 00:00:00-05:00,24.0,25.049999237060547,23.850000381469727,24.950000762939453,639100,0.0,0.0
2002-03-22 00:00:00-05:00,25.149999618530273,25.700000762939453,24.68000030517578,24.68000030517578,322200,0.0,0.0
2002-03-25 00:00:00-05:00,24.68000030517578,25.200000762939453,24.270000457763672,24.31999969482422,490300,0.0,0.0
2002-03-26 00:00:00-05:00,24.510000228881836,25.5,24.40999984741211,24.799999237060547,399600,0.0,0.0
2002-03-27 00:00:00-05:00,24.799999237060547,25.049999237060547,24.59000015258789,25.040000915527344,284000,0.0,0.0
2002-03-28 00:00:00-05:00,24.559999465942383,25.5,24.540000915527344,24.989999771118164,361200,0.0,0.0
2002-04-01 00:00:00-05:00,24.579999923706055,25.399999618530273,24.450000762939453,25.3799991607666,176300,0.0,0.0
2002-04-02 00:00:00-05:00,25.010000228881836,25.25,23.440000534057617,23.440000534057617,382700,0.0,0.0
2002-04-03 00:00:00-05:00,23.739999771118164,24.09000015258789,22.09000015258789,22.459999084472656,517000,0.0,0.0
2002-04-04 00:00:00-05:00,21.75,23.239999771118164,21.360000610351562,22.399999618530273,794800,0.0,0.0
2002-04-05 00:00:00-05:00,22.309999465942383,22.700000762939453,20.8700008392334,21.100000381469727,384300,0.0,0.0
2002-04-08 00:00:00-04:00,20.899999618530273,21.25,20.18000030517578,21.049999237060547,486500,0.0,0.0
2002-04-09 00:00:00-04:00,21.09000015258789,22.600000381469727,21.0,22.100000381469727,827500,0.0,0.0
2002-04-10 00:00:00-04:00,22.149999618530273,23.399999618530273,22.049999237060547,23.260000228881836,513500,0.0,0.0
2002-04-11 00:00:00-04:00,23.06999969482422,23.43000030517578,22.25,22.399999618530273,448800,0.0,0.0
2002-04-12 00:00:00-04:00,22.489999771118164,23.43000030517578,22.0,23.239999771118164,350400,0.0,0.0
2002-04-15 00:00:00-04:00,23.239999771118164,23.799999237060547,22.780000686645508,23.6299991607666,406500,0.0,0.0
2002-04-16 00:00:00-04:00,23.700000762939453,24.420000076293945,23.649999618530273,23.989999771118164,467100,0.0,0.0
2002-04-17 00:00:00-04:00,24.399999618530273,24.399999618530273,23.110000610351562,23.280000686645508,283800,0.0,0.0
2002-04-18 00:00:00-04:00,23.700000762939453,23.940000534057617,22.860000610351562,23.940000534057617,145900,0.0,0.0
2002-04-19 00:00:00-04:00,23.399999618530273,24.06999969482422,22.950000762939453,22.959999084472656,730300,0.0,0.0
2002-04-22 00:00:00-04:00,22.899999618530273,23.290000915527344,21.780000686645508,22.899999618530273,386300,0.0,0.0
2002-04-23 00:00:00-04:00,22.6200008392334,22.850000381469727,21.639999389648438,21.760000228881836,379600,0.0,0.0
2002-04-24 00:00:00-04:00,21.6299991607666,22.399999618530273,21.56999969482422,22.010000228881836,209900,0.0,0.0
2002-04-25 00:00:00-04:00,21.899999618530273,21.950000762939453,20.010000228881836,20.510000228881836,585100,0.0,0.0
2002-04-26 00:00:00-04:00,20.360000610351562,20.989999771118164,19.8700008392334,19.969999313354492,499700,0.0,0.0
2002-04-29 00:00:00-04:00,19.610000610351562,19.670000076293945,17.5,19.25,576200,0.0,0.0
2002-04-30 00:00:00-04:00,18.780000686645508,20.920000076293945,18.280000686645508,20.649999618530273,998100,0.0,0.0
2002-05-01 00:00:00-04:00,21.299999237060547,21.309999465942383,19.200000762939453,19.940000534057617,774100,0.0,0.0
2002-05-02 00:00:00-04:00,19.989999771118164,20.0,19.0,19.059999465942383,357800,0.0,0.0
2002-05-03 00:00:00-04:00,18.760000228881836,19.059999465942383,18.25,18.799999237060547,597000,0.0,0.0
2002-05-06 00:00:00-04:00,19.040000915527344,19.040000915527344,17.309999465942383,17.34000015258789,346200,0.0,0.0
2002-05-07 00:00:00-04:00,17.31999969482422,17.84000015258789,16.579999923706055,17.459999084472656,439600,0.0,0.0
2002-05-08 00:00:00-04:00,17.600000381469727,19.5,17.270000457763672,19.5,420800,0.0,0.0
2002-05-09 00:00:00-04:00,19.489999771118164,19.780000686645508,18.600000381469727,18.6200008392334,445900,0.0,0.0
2002-05-10 00:00:00-04:00,18.889999389648438,18.889999389648438,17.40999984741211,17.5,339800,0.0,0.0
2002-05-13 00:00:00-04:00,17.110000610351562,18.709999084472656,17.049999237060547,18.1299991607666,478800,0.0,0.0
2002-05-14 00:00:00-04:00,18.299999237060547,19.549999237060547,18.290000915527344,18.75,384500,0.0,0.0
2002-05-15 00:00:00-04:00,18.950000762939453,18.950000762939453,18.1299991607666,18.649999618530273,224600,0.0,0.0
2002-05-16 00:00:00-04:00,18.780000686645508,18.81999969482422,17.559999465942383,17.559999465942383,207100,0.0,0.0
2002-05-17 00:00:00-04:00,18.010000228881836,19.049999237060547,17.850000381469727,18.489999771118164,490200,0.0,0.0
2002-05-20 00:00:00-04:00,18.59000015258789,18.649999618530273,17.739999771118164,17.770000457763672,203900,0.0,0.0
2002-05-21 00:00:00-04:00,17.959999084472656,18.450000762939453,16.600000381469727,16.6299991607666,378200,0.0,0.0
2002-05-22 00:00:00-04:00,16.790000915527344,17.479999542236328,16.0,17.030000686645508,690300,0.0,0.0
2002-05-23 00:00:00-04:00,17.200000762939453,19.649999618530273,16.579999923706055,18.989999771118164,480300,0.0,0.0
2002-05-24 00:00:00-04:00,19.270000457763672,19.270000457763672,17.149999618530273,17.15999984741211,521500,0.0,0.0
2002-05-28 00:00:00-04:00,17.639999389648438,18.649999618530273,17.1299991607666,17.950000762939453,376900,0.0,0.0
2002-05-29 00:00:00-04:00,18.25,18.25,17.190000534057617,17.190000534057617,285500,0.0,0.0
2002-05-30 00:00:00-04:00,16.950000762939453,17.649999618530273,16.799999237060547,17.299999237060547,176500,0.0,0.0
2002-05-31 00:00:00-04:00,17.309999465942383,17.600000381469727,16.520000457763672,16.520000457763672,228100,0.0,0.0
2002-06-03 00:00:00-04:00,16.799999237060547,17.020000457763672,15.5,15.5600004196167,865400,0.0,0.0
2002-06-04 00:00:00-04:00,15.539999961853027,15.989999771118164,14.75,15.390000343322754,485500,0.0,0.0
2002-06-05 00:00:00-04:00,15.600000381469727,15.800000190734863,15.149999618530273,15.329999923706055,309500,0.0,0.0
2002-06-06 00:00:00-04:00,15.5,15.5,14.050000190734863,14.0600004196167,399200,0.0,0.0
2002-06-07 00:00:00-04:00,13.289999961853027,14.699999809265137,12.260000228881836,14.430000305175781,739400,0.0,0.0
2002-06-10 00:00:00-04:00,14.520000457763672,14.960000038146973,14.4399995803833,14.699999809265137,647200,0.0,0.0
2002-06-11 00:00:00-04:00,14.829999923706055,15.0,14.239999771118164,14.359999656677246,1050400,0.0,0.0
2002-06-12 00:00:00-04:00,14.449999809265137,14.449999809265137,13.199999809265137,13.800000190734863,288400,0.0,0.0
2002-06-13 00:00:00-04:00,14.039999961853027,14.489999771118164,13.3100004196167,14.25,413600,0.0,0.0
2002-06-14 00:00:00-04:00,14.25,15.079999923706055,13.300000190734863,14.960000038146973,590200,0.0,0.0
2002-06-17 00:00:00-04:00,14.949999809265137,16.450000762939453,14.850000381469727,16.399999618530273,432600,0.0,0.0
2002-06-18 00:00:00-04:00,16.469999313354492,16.5,15.710000038146973,15.899999618530273,356500,0.0,0.0
2002-06-19 00:00:00-04:00,15.640000343322754,16.299999237060547,15.210000038146973,15.420000076293945,258000,0.0,0.0
2002-06-20 00:00:00-04:00,15.0600004196167,15.300000190734863,14.550000190734863,14.569999694824219,378300,0.0,0.0
2002-06-21 00:00:00-04:00,15.390000343322754,15.390000343322754,13.619999885559082,13.65999984741211,480900,0.0,0.0
2002-06-24 00:00:00-04:00,13.199999809265137,15.100000381469727,13.1899995803833,14.09000015258789,583000,0.0,0.0
2002-06-25 00:00:00-04:00,14.300000190734863,14.520000457763672,13.149999618530273,13.270000457763672,297700,0.0,0.0
2002-06-26 00:00:00-04:00,12.699999809265137,14.59000015258789,12.210000038146973,14.300000190734863,607000,0.0,0.0
2002-06-27 00:00:00-04:00,14.5,15.0,14.289999961853027,14.430000305175781,755700,0.0,0.0
2002-06-28 00:00:00-04:00,15.050000190734863,15.970000267028809,14.109999656677246,14.510000228881836,751300,0.0,0.0
2002-07-01 00:00:00-04:00,14.369999885559082,14.449999809265137,13.1899995803833,13.869999885559082,500700,0.0,0.0
2002-07-02 00:00:00-04:00,13.869999885559082,14.15999984741211,12.25,13.050000190734863,494400,0.0,0.0
2002-07-03 00:00:00-04:00,13.0,13.100000381469727,11.899999618530273,12.149999618530273,848300,0.0,0.0
2002-07-05 00:00:00-04:00,12.229999542236328,13.390000343322754,12.199999809265137,13.0,140900,0.0,0.0
2002-07-08 00:00:00-04:00,13.149999618530273,13.329999923706055,12.149999618530273,12.59000015258789,324300,0.0,0.0
2002-07-09 00:00:00-04:00,12.899999618530273,13.210000038146973,11.979999542236328,12.449999809265137,371800,0.0,0.0
2002-07-10 00:00:00-04:00,12.359999656677246,12.489999771118164,11.25,11.359999656677246,452700,0.0,0.0
2002-07-11 00:00:00-04:00,11.479999542236328,11.899999618530273,11.260000228881836,11.779999732971191,370400,0.0,0.0
2002-07-12 00:00:00-04:00,11.800000190734863,12.850000381469727,11.649999618530273,12.369999885559082,414700,0.0,0.0
2002-07-15 00:00:00-04:00,12.399999618530273,12.850000381469727,11.5600004196167,12.670000076293945,575200,0.0,0.0
2002-07-16 00:00:00-04:00,12.569999694824219,14.65999984741211,12.399999618530273,13.489999771118164,559900,0.0,0.0
2002-07-17 00:00:00-04:00,13.869999885559082,15.300000190734863,13.699999809265137,14.039999961853027,345800,0.0,0.0
2002-07-18 00:00:00-04:00,14.100000381469727,14.199999809265137,13.109999656677246,13.229999542236328,239500,0.0,0.0
2002-07-19 00:00:00-04:00,13.100000381469727,13.609999656677246,12.949999809265137,13.300000190734863,315300,0.0,0.0
2002-07-22 00:00:00-04:00,13.149999618530273,14.369999885559082,12.930000305175781,13.390000343322754,430500,0.0,0.0
2002-07-23 00:00:00-04:00,13.649999618530273,14.470000267028809,12.1899995803833,12.1899995803833,381900,0.0,0.0
2002-07-24 00:00:00-04:00,12.430000305175781,13.699999809265137,11.75,13.210000038146973,382800,0.0,0.0
2002-07-25 00:00:00-04:00,13.289999961853027,14.199999809265137,12.850000381469727,13.6899995803833,319000,0.0,0.0
2002-07-26 00:00:00-04:00,13.850000381469727,13.890000343322754,12.609999656677246,13.600000381469727,232500,0.0,0.0
2002-07-29 00:00:00-04:00,13.699999809265137,15.0,13.600000381469727,14.989999771118164,274500,0.0,0.0
2002-07-30 00:00:00-04:00,15.180000305175781,17.25,14.199999809265137,17.229999542236328,681300,0.0,0.0
2002-07-31 00:00:00-04:00,17.200000762939453,18.34000015258789,16.8799991607666,17.200000762939453,1016200,0.0,0.0
2002-08-01 00:00:00-04:00,17.450000762939453,17.469999313354492,15.699999809265137,16.059999465942383,475100,0.0,0.0
2002-08-02 00:00:00-04:00,16.149999618530273,16.149999618530273,14.399999618530273,15.270000457763672,403100,0.0,0.0
2002-08-05 00:00:00-04:00,15.399999618530273,15.579999923706055,13.729999542236328,14.0,234500,0.0,0.0
2002-08-06 00:00:00-04:00,14.010000228881836,15.600000381469727,14.010000228881836,15.600000381469727,464300,0.0,0.0
2002-08-07 00:00:00-04:00,15.649999618530273,16.200000762939453,14.850000381469727,15.300000190734863,273500,0.0,0.0
2002-08-08 00:00:00-04:00,16.139999389648438,16.8799991607666,15.399999618530273,16.84000015258789,314000,0.0,0.0
2002-08-09 00:00:00-04:00,16.940000534057617,17.579999923706055,15.9399995803833,16.799999237060547,568000,0.0,0.0
2002-08-12 00:00:00-04:00,16.989999771118164,17.479999542236328,16.299999237060547,17.290000915527344,202300,0.0,0.0
2002-08-13 00:00:00-04:00,17.18000030517578,17.299999237060547,15.75,16.0,291000,0.0,0.0
2002-08-14 00:00:00-04:00,15.949999809265137,17.549999237060547,15.350000381469727,17.540000915527344,306500,0.0,0.0
2002-08-15 00:00:00-04:00,17.450000762939453,17.649999618530273,16.399999618530273,16.8700008392334,399600,0.0,0.0
2002-08-16 00:00:00-04:00,16.8700008392334,17.270000457763672,16.5,16.950000762939453,246000,0.0,0.0
2002-08-19 00:00:00-04:00,17.0,17.0,16.18000030517578,16.18000030517578,257000,0.0,0.0
2002-08-20 00:00:00-04:00,16.34000015258789,16.93000030517578,16.1299991607666,16.719999313354492,183700,0.0,0.0
2002-08-21 00:00:00-04:00,16.75,17.18000030517578,16.540000915527344,16.950000762939453,238300,0.0,0.0
2002-08-22 00:00:00-04:00,17.0,17.940000534057617,16.760000228881836,17.110000610351562,614800,0.0,0.0
2002-08-23 00:00:00-04:00,17.1299991607666,17.3799991607666,16.489999771118164,16.5,322300,0.0,0.0
2002-08-26 00:00:00-04:00,16.399999618530273,16.860000610351562,15.899999618530273,16.6299991607666,229900,0.0,0.0
2002-08-27 00:00:00-04:00,16.700000762939453,16.799999237060547,15.800000190734863,15.800000190734863,215100,0.0,0.0
2002-08-28 00:00:00-04:00,15.9399995803833,15.949999809265137,15.050000190734863,15.050000190734863,232500,0.0,0.0
2002-08-29 00:00:00-04:00,15.210000038146973,16.450000762939453,15.020000457763672,16.18000030517578,260600,0.0,0.0
2002-08-30 00:00:00-04:00,16.440000534057617,16.5,15.40999984741211,15.449999809265137,330900,0.0,0.0
2002-09-03 00:00:00-04:00,15.550000190734863,15.550000190734863,14.5,14.539999961853027,324400,0.0,0.0
2002-09-04 00:00:00-04:00,14.550000190734863,15.5,14.210000038146973,15.15999984741211,292500,0.0,0.0
2002-09-05 00:00:00-04:00,15.149999618530273,15.149999618530273,13.859999656677246,14.25,183500,0.0,0.0
2002-09-06 00:00:00-04:00,14.4399995803833,14.989999771118164,14.4399995803833,14.600000381469727,280100,0.0,0.0
2002-09-09 00:00:00-04:00,14.850000381469727,15.199999809265137,14.25,15.100000381469727,381300,0.0,0.0
2002-09-10 00:00:00-04:00,14.899999618530273,15.0,14.130000114440918,14.899999618530273,576800,0.0,0.0
2002-09-11 00:00:00-04:00,14.930000305175781,15.300000190734863,14.75,14.930000305175781,174000,0.0,0.0
2002-09-12 00:00:00-04:00,15.289999961853027,15.300000190734863,14.40999984741211,14.569999694824219,151000,0.0,0.0
2002-09-13 00:00:00-04:00,14.789999961853027,15.0,14.149999618530273,14.649999618530273,226200,0.0,0.0
2002-09-16 00:00:00-04:00,14.510000228881836,14.949999809265137,14.170000076293945,14.40999984741211,122500,0.0,0.0
2002-09-17 00:00:00-04:00,14.899999618530273,14.899999618530273,13.850000381469727,14.0,219800,0.0,0.0
2002-09-18 00:00:00-04:00,14.0,14.59000015258789,13.649999618530273,14.5,235300,0.0,0.0
2002-09-19 00:00:00-04:00,14.539999961853027,14.550000190734863,13.15999984741211,13.170000076293945,179600,0.0,0.0
2002-09-20 00:00:00-04:00,13.130000114440918,13.4399995803833,12.6899995803833,12.739999771118164,355400,0.0,0.0
2002-09-23 00:00:00-04:00,12.5600004196167,12.699999809265137,11.350000381469727,11.59000015258789,633900,0.0,0.0
2002-09-24 00:00:00-04:00,11.399999618530273,12.199999809265137,11.34000015258789,11.770000457763672,399600,0.0,0.0
2002-09-25 00:00:00-04:00,11.850000381469727,13.0,11.479999542236328,12.930000305175781,492200,0.0,0.0
2002-09-26 00:00:00-04:00,12.920000076293945,13.0600004196167,12.479999542236328,12.6899995803833,471100,0.0,0.0
2002-09-27 00:00:00-04:00,12.649999618530273,12.989999771118164,12.5,12.739999771118164,565100,0.0,0.0
2002-09-30 00:00:00-04:00,12.489999771118164,13.619999885559082,12.25,13.5,471800,0.0,0.0
2002-10-01 00:00:00-04:00,13.649999618530273,14.0,12.920000076293945,13.989999771118164,461100,0.0,0.0
2002-10-02 00:00:00-04:00,13.970000267028809,15.09000015258789,13.770000457763672,14.640000343322754,891100,0.0,0.0
2002-10-03 00:00:00-04:00,14.720000267028809,15.050000190734863,14.449999809265137,14.770000457763672,679800,0.0,0.0
2002-10-04 00:00:00-04:00,14.649999618530273,14.739999771118164,13.279999732971191,13.3100004196167,333500,0.0,0.0
2002-10-07 00:00:00-04:00,13.260000228881836,13.579999923706055,12.75,12.930000305175781,269100,0.0,0.0
2002-10-08 00:00:00-04:00,12.90999984741211,13.460000038146973,12.899999618530273,13.289999961853027,277100,0.0,0.0
2002-10-09 00:00:00-04:00,13.100000381469727,13.289999961853027,12.390000343322754,12.600000381469727,217600,0.0,0.0
2002-10-10 00:00:00-04:00,12.489999771118164,13.100000381469727,12.25,13.0,295300,0.0,0.0
2002-10-11 00:00:00-04:00,13.199999809265137,13.850000381469727,12.75,12.859999656677246,312700,0.0,0.0
2002-10-14 00:00:00-04:00,12.989999771118164,13.949999809265137,12.449999809265137,13.699999809265137,447700,0.0,0.0
2002-10-15 00:00:00-04:00,15.15999984741211,15.199999809265137,14.15999984741211,14.470000267028809,481600,0.0,0.0
2002-10-16 00:00:00-04:00,14.3100004196167,14.710000038146973,13.75,13.970000267028809,217900,0.0,0.0
2002-10-17 00:00:00-04:00,14.149999618530273,14.720000267028809,14.109999656677246,14.430000305175781,144600,0.0,0.0
2002-10-18 00:00:00-04:00,14.359999656677246,15.079999923706055,14.25,15.069999694824219,174500,0.0,0.0
2002-10-21 00:00:00-04:00,14.800000190734863,15.220000267028809,14.319999694824219,15.100000381469727,265900,0.0,0.0
2002-10-22 00:00:00-04:00,15.010000228881836,15.5,14.430000305175781,14.569999694824219,269600,0.0,0.0
2002-10-23 00:00:00-04:00,14.430000305175781,14.760000228881836,14.34000015258789,14.699999809265137,135800,0.0,0.0
2002-10-24 00:00:00-04:00,14.779999732971191,15.210000038146973,14.460000038146973,14.670000076293945,202000,0.0,0.0
2002-10-25 00:00:00-04:00,14.65999984741211,15.449999809265137,14.5,15.210000038146973,187700,0.0,0.0
2002-10-28 00:00:00-05:00,15.859999656677246,15.859999656677246,14.800000190734863,15.119999885559082,219000,0.0,0.0
2002-10-29 00:00:00-05:00,15.1899995803833,15.399999618530273,14.800000190734863,15.15999984741211,226600,0.0,0.0
2002-10-30 00:00:00-05:00,15.25,15.75,15.100000381469727,15.239999771118164,356900,0.0,0.0
2002-10-31 00:00:00-05:00,15.600000381469727,16.020000457763672,15.119999885559082,15.130000114440918,229300,0.0,0.0
2002-11-01 00:00:00-05:00,15.329999923706055,15.84000015258789,14.989999771118164,15.789999961853027,285600,0.0,0.0
2002-11-04 00:00:00-05:00,16.100000381469727,17.43000030517578,15.960000038146973,16.979999542236328,718300,0.0,0.0
2002-11-05 00:00:00-05:00,17.100000381469727,17.5,16.979999542236328,16.979999542236328,349200,0.0,0.0
2002-11-06 00:00:00-05:00,17.110000610351562,17.780000686645508,16.889999389648438,17.489999771118164,256000,0.0,0.0
2002-11-07 00:00:00-05:00,17.559999465942383,17.780000686645508,17.059999465942383,17.06999969482422,231700,0.0,0.0
2002-11-08 00:00:00-05:00,17.139999389648438,17.149999618530273,16.31999969482422,16.600000381469727,222700,0.0,0.0
2002-11-11 00:00:00-05:00,16.3700008392334,16.950000762939453,15.949999809265137,16.020000457763672,154900,0.0,0.0
2002-11-12 00:00:00-05:00,16.010000228881836,16.34000015258789,15.9399995803833,16.09000015258789,219100,0.0,0.0
2002-11-13 00:00:00-05:00,16.100000381469727,16.299999237060547,15.869999885559082,15.989999771118164,274700,0.0,0.0
2002-11-14 00:00:00-05:00,16.200000762939453,16.200000762939453,15.90999984741211,16.0,347300,0.0,0.0
2002-11-15 00:00:00-05:00,16.200000762939453,16.450000762939453,15.920000076293945,16.049999237060547,284500,0.0,0.0
2002-11-18 00:00:00-05:00,16.149999618530273,16.829999923706055,16.139999389648438,16.65999984741211,234400,0.0,0.0
2002-11-19 00:00:00-05:00,16.850000381469727,16.850000381469727,16.170000076293945,16.450000762939453,125300,0.0,0.0
2002-11-20 00:00:00-05:00,16.450000762939453,17.690000534057617,16.450000762939453,17.610000610351562,223800,0.0,0.0
2002-11-21 00:00:00-05:00,17.65999984741211,21.25,17.56999969482422,20.709999084472656,938400,0.0,0.0
2002-11-22 00:00:00-05:00,20.600000381469727,22.0,20.5,21.540000915527344,569200,0.0,0.0
2002-11-25 00:00:00-05:00,21.549999237060547,22.850000381469727,21.420000076293945,22.239999771118164,467100,0.0,0.0
2002-11-26 00:00:00-05:00,22.299999237060547,22.489999771118164,21.3799991607666,21.549999237060547,667200,0.0,0.0
2002-11-27 00:00:00-05:00,21.950000762939453,22.0,21.350000381469727,21.700000762939453,255800,0.0,0.0
2002-11-29 00:00:00-05:00,21.799999237060547,22.200000762939453,21.600000381469727,21.649999618530273,133400,0.0,0.0
2002-12-02 00:00:00-05:00,21.75,21.850000381469727,20.600000381469727,21.139999389648438,386100,0.0,0.0
2002-12-03 00:00:00-05:00,21.34000015258789,21.34000015258789,19.0,19.530000686645508,501400,0.0,0.0
2002-12-04 00:00:00-05:00,19.43000030517578,21.360000610351562,19.100000381469727,20.860000610351562,523400,0.0,0.0
2002-12-05 00:00:00-05:00,21.0,21.299999237060547,20.56999969482422,21.25,913900,0.0,0.0
2002-12-06 00:00:00-05:00,21.25,21.649999618530273,20.649999618530273,21.399999618530273,290300,0.0,0.0
2002-12-09 00:00:00-05:00,21.25,21.59000015258789,19.989999771118164,20.149999618530273,292500,0.0,0.0
2002-12-10 00:00:00-05:00,20.049999237060547,21.0,20.030000686645508,20.469999313354492,314300,0.0,0.0
2002-12-11 00:00:00-05:00,20.649999618530273,21.84000015258789,20.399999618530273,21.540000915527344,348800,0.0,0.0
2002-12-12 00:00:00-05:00,21.84000015258789,22.200000762939453,21.0,21.440000534057617,331500,0.0,0.0
2002-12-13 00:00:00-05:00,21.399999618530273,21.600000381469727,20.299999237060547,20.540000915527344,195500,0.0,0.0
2002-12-16 00:00:00-05:00,20.239999771118164,20.979999542236328,20.239999771118164,20.739999771118164,363500,0.0,0.0
2002-12-17 00:00:00-05:00,20.959999084472656,21.81999969482422,20.549999237060547,20.940000534057617,234900,0.0,0.0
2002-12-18 00:00:00-05:00,20.850000381469727,21.0,20.100000381469727,20.100000381469727,131800,0.0,0.0
2002-12-19 00:00:00-05:00,20.299999237060547,20.5,18.899999618530273,19.229999542236328,484800,0.0,0.0
2002-12-20 00:00:00-05:00,18.760000228881836,20.110000610351562,18.75,19.809999465942383,437700,0.0,0.0
2002-12-23 00:00:00-05:00,19.809999465942383,20.270000457763672,19.709999084472656,20.0,220700,0.0,0.0
2002-12-24 00:00:00-05:00,19.979999542236328,20.0,19.760000228881836,19.920000076293945,62900,0.0,0.0
2002-12-26 00:00:00-05:00,19.989999771118164,20.079999923706055,19.700000762939453,19.700000762939453,160300,0.0,0.0
2002-12-27 00:00:00-05:00,19.700000762939453,19.969999313354492,18.75,19.200000762939453,177800,0.0,0.0
2002-12-30 00:00:00-05:00,18.8799991607666,19.0,18.049999237060547,18.5,215400,0.0,0.0
2002-12-31 00:00:00-05:00,18.450000762939453,19.049999237060547,18.350000381469727,18.510000228881836,276400,0.0,0.0
2003-01-02 00:00:00-05:00,18.549999237060547,19.09000015258789,18.520000457763672,19.09000015258789,307500,0.0,0.0
2003-01-03 00:00:00-05:00,19.0,19.0,18.489999771118164,18.559999465942383,196100,0.0,0.0
2003-01-06 00:00:00-05:00,18.770000457763672,18.93000030517578,18.540000915527344,18.700000762939453,618200,0.0,0.0
2003-01-07 00:00:00-05:00,19.790000915527344,19.950000762939453,19.329999923706055,19.420000076293945,1203200,0.0,0.0
2003-01-08 00:00:00-05:00,19.290000915527344,19.309999465942383,18.68000030517578,18.940000534057617,504300,0.0,0.0
2003-01-09 00:00:00-05:00,19.0,19.450000762939453,18.920000076293945,19.110000610351562,403600,0.0,0.0
2003-01-10 00:00:00-05:00,19.25,19.549999237060547,18.90999984741211,19.290000915527344,283000,0.0,0.0
2003-01-13 00:00:00-05:00,19.639999389648438,20.0,19.299999237060547,19.899999618530273,354300,0.0,0.0
2003-01-14 00:00:00-05:00,19.75,21.06999969482422,19.75,20.350000381469727,499100,0.0,0.0
2003-01-15 00:00:00-05:00,20.34000015258789,20.399999618530273,19.280000686645508,19.950000762939453,265700,0.0,0.0
2003-01-16 00:00:00-05:00,19.799999237060547,21.489999771118164,19.670000076293945,21.0,674900,0.0,0.0
2003-01-17 00:00:00-05:00,21.1299991607666,21.389999389648438,20.549999237060547,21.270000457763672,327200,0.0,0.0
2003-01-21 00:00:00-05:00,21.290000915527344,21.299999237060547,20.729999542236328,20.8700008392334,447900,0.0,0.0
2003-01-22 00:00:00-05:00,20.8700008392334,21.280000686645508,20.450000762939453,21.1200008392334,458400,0.0,0.0
2003-01-23 00:00:00-05:00,21.149999618530273,21.43000030517578,20.68000030517578,21.110000610351562,396600,0.0,0.0
2003-01-24 00:00:00-05:00,21.299999237060547,21.469999313354492,20.31999969482422,20.6299991607666,398000,0.0,0.0
2003-01-27 00:00:00-05:00,20.59000015258789,20.59000015258789,19.899999618530273,20.139999389648438,458500,0.0,0.0
2003-01-28 00:00:00-05:00,20.010000228881836,20.549999237060547,19.8799991607666,20.510000228881836,363300,0.0,0.0
2003-01-29 00:00:00-05:00,20.040000915527344,20.530000686645508,19.809999465942383,20.5,518800,0.0,0.0
2003-01-30 00:00:00-05:00,20.399999618530273,20.540000915527344,18.899999618530273,19.09000015258789,961100,0.0,0.0
2003-01-31 00:00:00-05:00,19.079999923706055,19.5,18.600000381469727,18.729999542236328,1506000,0.0,0.0
2003-02-03 00:00:00-05:00,18.600000381469727,19.030000686645508,18.270000457763672,18.850000381469727,213700,0.0,0.0
2003-02-04 00:00:00-05:00,18.860000610351562,18.90999984741211,18.100000381469727,18.84000015258789,374000,0.0,0.0
2003-02-05 00:00:00-05:00,18.709999084472656,18.90999984741211,18.100000381469727,18.440000534057617,364200,0.0,0.0
2003-02-06 00:00:00-05:00,18.450000762939453,18.489999771118164,17.709999084472656,17.739999771118164,627700,0.0,0.0
2003-02-07 00:00:00-05:00,17.719999313354492,18.1299991607666,17.350000381469727,17.889999389648438,464100,0.0,0.0
2003-02-10 00:00:00-05:00,18.020000457763672,18.25,17.290000915527344,17.399999618530273,396400,0.0,0.0
2003-02-11 00:00:00-05:00,17.399999618530273,17.889999389648438,17.389999389648438,17.389999389648438,443100,0.0,0.0
2003-02-12 00:00:00-05:00,17.459999084472656,17.65999984741211,17.0,17.0,416700,0.0,0.0
2003-02-13 00:00:00-05:00,16.770000457763672,17.43000030517578,16.3700008392334,17.040000915527344,552500,0.0,0.0
2003-02-14 00:00:00-05:00,17.200000762939453,17.6299991607666,16.899999618530273,17.25,380500,0.0,0.0
2003-02-18 00:00:00-05:00,17.549999237060547,17.670000076293945,17.09000015258789,17.559999465942383,309200,0.0,0.0
2003-02-19 00:00:00-05:00,17.549999237060547,17.729999542236328,17.290000915527344,17.520000457763672,251800,0.0,0.0
2003-02-20 00:00:00-05:00,17.59000015258789,17.739999771118164,17.06999969482422,17.270000457763672,300900,0.0,0.0
2003-02-21 00:00:00-05:00,17.290000915527344,17.59000015258789,17.239999771118164,17.5,328300,0.0,0.0
2003-02-24 00:00:00-05:00,17.5,17.5,17.170000076293945,17.309999465942383,261900,0.0,0.0
2003-02-25 00:00:00-05:00,17.200000762939453,17.68000030517578,16.65999984741211,17.670000076293945,354300,0.0,0.0
2003-02-26 00:00:00-05:00,18.139999389648438,18.520000457763672,17.799999237060547,18.149999618530273,593500,0.0,0.0
2003-02-27 00:00:00-05:00,18.25,18.5,17.600000381469727,18.5,531800,0.0,0.0
2003-02-28 00:00:00-05:00,18.469999313354492,18.600000381469727,18.100000381469727,18.34000015258789,455800,0.0,0.0
2003-03-03 00:00:00-05:00,18.200000762939453,18.889999389648438,17.709999084472656,17.75,434400,0.0,0.0
2003-03-04 00:00:00-05:00,17.75,18.600000381469727,17.68000030517578,18.360000610351562,397900,0.0,0.0
2003-03-05 00:00:00-05:00,18.34000015258789,18.450000762939453,17.969999313354492,18.100000381469727,224800,0.0,0.0
2003-03-06 00:00:00-05:00,18.18000030517578,18.18000030517578,17.100000381469727,17.309999465942383,604000,0.0,0.0
2003-03-07 00:00:00-05:00,17.030000686645508,17.850000381469727,17.0,17.75,529800,0.0,0.0
2003-03-10 00:00:00-05:00,17.6200008392334,19.389999389648438,17.420000076293945,18.969999313354492,1712900,0.0,0.0
2003-03-11 00:00:00-05:00,19.09000015258789,19.100000381469727,18.049999237060547,18.299999237060547,956000,0.0,0.0
2003-03-12 00:00:00-05:00,18.280000686645508,18.940000534057617,17.8799991607666,18.809999465942383,640600,0.0,0.0
2003-03-13 00:00:00-05:00,18.920000076293945,19.899999618530273,18.8700008392334,19.809999465942383,733400,0.0,0.0
2003-03-14 00:00:00-05:00,19.959999084472656,20.709999084472656,19.299999237060547,19.829999923706055,841200,0.0,0.0
2003-03-17 00:00:00-05:00,20.0,20.450000762939453,19.520000457763672,20.3799991607666,696200,0.0,0.0
2003-03-18 00:00:00-05:00,20.709999084472656,20.770000457763672,20.110000610351562,20.690000534057617,864000,0.0,0.0
2003-03-19 00:00:00-05:00,20.649999618530273,20.850000381469727,20.110000610351562,20.65999984741211,459000,0.0,0.0
2003-03-20 00:00:00-05:00,20.56999969482422,20.690000534057617,20.0,20.200000762939453,391600,0.0,0.0
2003-03-21 00:00:00-05:00,20.299999237060547,20.799999237060547,20.200000762939453,20.459999084472656,657000,0.0,0.0
2003-03-24 00:00:00-05:00,20.329999923706055,20.350000381469727,19.0,19.290000915527344,891100,0.0,0.0
2003-03-25 00:00:00-05:00,19.34000015258789,20.040000915527344,19.229999542236328,19.709999084472656,567600,0.0,0.0
2003-03-26 00:00:00-05:00,19.81999969482422,20.690000534057617,19.68000030517578,19.860000610351562,614300,0.0,0.0
2003-03-27 00:00:00-05:00,19.829999923706055,19.829999923706055,19.219999313354492,19.350000381469727,678600,0.0,0.0
2003-03-28 00:00:00-05:00,20.1299991607666,20.219999313354492,16.8799991607666,17.309999465942383,4518900,0.0,0.0
2003-03-31 00:00:00-05:00,8.649999618530273,8.8100004196167,7.400000095367432,7.519999980926514,28330500,0.0,0.0
2003-04-01 00:00:00-05:00,7.53000020980835,7.659999847412109,6.800000190734863,6.889999866485596,6709700,0.0,0.0
2003-04-02 00:00:00-05:00,6.920000076293945,7.150000095367432,5.989999771118164,6.599999904632568,3973200,0.0,0.0
2003-04-03 00:00:00-05:00,6.630000114440918,7.050000190734863,6.550000190734863,6.800000190734863,2467400,0.0,0.0
2003-04-04 00:00:00-05:00,7.03000020980835,7.050000190734863,6.659999847412109,6.710000038146973,1152800,0.0,0.0
2003-04-07 00:00:00-04:00,6.980000019073486,7.019999980926514,6.389999866485596,6.460000038146973,1422700,0.0,0.0
2003-04-08 00:00:00-04:00,6.460000038146973,6.699999809265137,6.260000228881836,6.639999866485596,1217500,0.0,0.0
2003-04-09 00:00:00-04:00,6.599999904632568,6.739999771118164,6.409999847412109,6.460000038146973,727600,0.0,0.0
2003-04-10 00:00:00-04:00,6.460000038146973,6.570000171661377,6.369999885559082,6.400000095367432,528400,0.0,0.0
2003-04-11 00:00:00-04:00,6.389999866485596,6.489999771118164,6.079999923706055,6.150000095367432,728800,0.0,0.0
2003-04-14 00:00:00-04:00,6.5,6.690000057220459,6.179999828338623,6.369999885559082,1262400,0.0,0.0
2003-04-15 00:00:00-04:00,6.380000114440918,6.480000019073486,6.199999809265137,6.340000152587891,567500,0.0,0.0
2003-04-16 00:00:00-04:00,6.449999809265137,6.460000038146973,6.099999904632568,6.119999885559082,502900,0.0,0.0
2003-04-17 00:00:00-04:00,6.150000095367432,6.159999847412109,6.0,6.039999961853027,586900,0.0,0.0
2003-04-21 00:00:00-04:00,6.039999961853027,6.159999847412109,5.949999809265137,6.010000228881836,881700,0.0,0.0
2003-04-22 00:00:00-04:00,5.900000095367432,6.0,5.769999980926514,5.880000114440918,1086300,0.0,0.0
2003-04-23 00:00:00-04:00,5.869999885559082,6.340000152587891,5.869999885559082,6.21999979019165,745100,0.0,0.0
2003-04-24 00:00:00-04:00,6.25,6.670000076293945,6.25,6.610000133514404,1217400,0.0,0.0
2003-04-25 00:00:00-04:00,6.570000171661377,6.800000190734863,6.360000133514404,6.440000057220459,783600,0.0,0.0
2003-04-28 00:00:00-04:00,6.489999771118164,6.599999904632568,6.199999809265137,6.320000171661377,489900,0.0,0.0
2003-04-29 00:00:00-04:00,6.269999980926514,6.5,6.199999809265137,6.329999923706055,608300,0.0,0.0
2003-04-30 00:00:00-04:00,6.400000095367432,6.480000019073486,6.21999979019165,6.329999923706055,421400,0.0,0.0
2003-05-01 00:00:00-04:00,6.400000095367432,6.460000038146973,6.269999980926514,6.329999923706055,364900,0.0,0.0
2003-05-02 00:00:00-04:00,6.400000095367432,6.760000228881836,6.329999923706055,6.559999942779541,720600,0.0,0.0
2003-05-05 00:00:00-04:00,6.5,6.679999828338623,6.449999809265137,6.53000020980835,536800,0.0,0.0
2003-05-06 00:00:00-04:00,6.489999771118164,6.840000152587891,6.420000076293945,6.800000190734863,999600,0.0,0.0
2003-05-07 00:00:00-04:00,6.849999904632568,6.900000095367432,6.550000190734863,6.619999885559082,673100,0.0,0.0
2003-05-08 00:00:00-04:00,6.599999904632568,6.650000095367432,6.489999771118164,6.539999961853027,336400,0.0,0.0
2003-05-09 00:00:00-04:00,6.599999904632568,6.670000076293945,6.300000190734863,6.570000171661377,587400,0.0,0.0
2003-05-12 00:00:00-04:00,6.300000190734863,6.650000095367432,6.300000190734863,6.579999923706055,456500,0.0,0.0
2003-05-13 00:00:00-04:00,6.579999923706055,6.760000228881836,6.550000190734863,6.659999847412109,549700,0.0,0.0
2003-05-14 00:00:00-04:00,6.78000020980835,7.21999979019165,6.699999809265137,7.170000076293945,779900,0.0,0.0
2003-05-15 00:00:00-04:00,7.300000190734863,7.300000190734863,7.050000190734863,7.25,954000,0.0,0.0
2003-05-16 00:00:00-04:00,7.25,7.260000228881836,7.050000190734863,7.059999942779541,627300,0.0,0.0
2003-05-19 00:00:00-04:00,9.0,9.989999771118164,8.399999618530273,9.989999771118164,7222100,0.0,0.0
2003-05-20 00:00:00-04:00,10.899999618530273,10.899999618530273,9.5600004196167,9.989999771118164,6910300,0.0,0.0
2003-05-21 00:00:00-04:00,9.869999885559082,10.25,9.5,10.210000038146973,1491900,0.0,0.0
2003-05-22 00:00:00-04:00,10.289999961853027,10.829999923706055,10.0,10.510000228881836,1771500,0.0,0.0
2003-05-23 00:00:00-04:00,10.630000114440918,11.239999771118164,10.520000457763672,11.220000267028809,1339600,0.0,0.0
2003-05-27 00:00:00-04:00,11.25,13.890000343322754,11.199999809265137,13.619999885559082,3609000,0.0,0.0
2003-05-28 00:00:00-04:00,13.779999732971191,14.300000190734863,12.729999542236328,13.380000114440918,2215600,0.0,0.0
2003-05-29 00:00:00-04:00,13.420000076293945,13.850000381469727,12.670000076293945,13.079999923706055,1479200,0.0,0.0
2003-05-30 00:00:00-04:00,13.489999771118164,14.0,13.380000114440918,13.739999771118164,1242200,0.0,0.0
2003-06-02 00:00:00-04:00,14.960000038146973,15.5,14.550000190734863,14.899999618530273,2615200,0.0,0.0
2003-06-03 00:00:00-04:00,14.6899995803833,14.739999771118164,13.65999984741211,13.75,2482500,0.0,0.0
2003-06-04 00:00:00-04:00,13.739999771118164,14.649999618530273,13.140000343322754,14.609999656677246,1663900,0.0,0.0
2003-06-05 00:00:00-04:00,14.569999694824219,15.5600004196167,14.319999694824219,15.520000457763672,1695300,0.0,0.0
2003-06-06 00:00:00-04:00,16.100000381469727,16.850000381469727,15.520000457763672,15.859999656677246,2022700,0.0,0.0
2003-06-09 00:00:00-04:00,16.989999771118164,17.190000534057617,15.430000305175781,15.960000038146973,2721500,0.0,0.0
2003-06-10 00:00:00-04:00,17.100000381469727,17.149999618530273,16.030000686645508,17.0,3189700,0.0,0.0
2003-06-11 00:00:00-04:00,17.100000381469727,17.850000381469727,16.6200008392334,17.600000381469727,2035600,0.0,0.0
2003-06-12 00:00:00-04:00,17.600000381469727,18.739999771118164,17.530000686645508,18.530000686645508,1707000,0.0,0.0
2003-06-13 00:00:00-04:00,18.729999542236328,18.780000686645508,17.6200008392334,17.790000915527344,1064300,0.0,0.0
2003-06-16 00:00:00-04:00,17.760000228881836,18.579999923706055,17.75,18.139999389648438,1180800,0.0,0.0
2003-06-17 00:00:00-04:00,18.34000015258789,18.399999618530273,17.649999618530273,17.84000015258789,579800,0.0,0.0
2003-06-18 00:00:00-04:00,17.8700008392334,17.950000762939453,16.75,16.969999313354492,1259500,0.0,0.0
2003-06-19 00:00:00-04:00,17.040000915527344,17.149999618530273,15.25,15.479999542236328,1867700,0.0,0.0
2003-06-20 00:00:00-04:00,15.350000381469727,15.949999809265137,15.140000343322754,15.640000343322754,980700,0.0,0.0
2003-06-23 00:00:00-04:00,15.510000228881836,15.800000190734863,14.5,15.210000038146973,1019700,0.0,0.0
2003-06-24 00:00:00-04:00,15.15999984741211,16.389999389648438,14.979999542236328,16.209999084472656,984100,0.0,0.0
2003-06-25 00:00:00-04:00,16.459999084472656,16.729999542236328,15.800000190734863,15.9399995803833,827700,0.0,0.0
2003-06-26 00:00:00-04:00,16.079999923706055,16.200000762939453,15.579999923706055,15.699999809265137,649300,0.0,0.0
2003-06-27 00:00:00-04:00,16.100000381469727,16.780000686645508,15.770000457763672,16.420000076293945,1197500,0.0,0.0
2003-06-30 00:00:00-04:00,16.3700008392334,16.68000030517578,15.710000038146973,15.760000228881836,602000,0.0,0.0
2003-07-01 00:00:00-04:00,16.079999923706055,16.139999389648438,15.270000457763672,15.640000343322754,582000,0.0,0.0
2003-07-02 00:00:00-04:00,15.449999809265137,16.100000381469727,15.34000015258789,15.789999961853027,623100,0.0,0.0
2003-07-03 00:00:00-04:00,15.729999542236328,16.18000030517578,15.729999542236328,15.949999809265137,244500,0.0,0.0
2003-07-07 00:00:00-04:00,16.399999618530273,16.59000015258789,16.280000686645508,16.350000381469727,388400,0.0,0.0
2003-07-08 00:00:00-04:00,16.399999618530273,16.649999618530273,16.219999313354492,16.420000076293945,516300,0.0,0.0
2003-07-09 00:00:00-04:00,16.450000762939453,16.75,16.239999771118164,16.559999465942383,602300,0.0,0.0
2003-07-10 00:00:00-04:00,16.450000762939453,16.600000381469727,16.079999923706055,16.260000228881836,197500,0.0,0.0
2003-07-11 00:00:00-04:00,16.229999542236328,16.700000762939453,16.200000762939453,16.600000381469727,242100,0.0,0.0
2003-07-14 00:00:00-04:00,16.639999389648438,16.950000762939453,16.3799991607666,16.420000076293945,316400,0.0,0.0
2003-07-15 00:00:00-04:00,16.549999237060547,16.610000610351562,16.190000534057617,16.25,213500,0.0,0.0
2003-07-16 00:00:00-04:00,16.31999969482422,16.34000015258789,15.960000038146973,16.149999618530273,321200,0.0,0.0
2003-07-17 00:00:00-04:00,16.100000381469727,16.25,15.0,15.350000381469727,409200,0.0,0.0
2003-07-18 00:00:00-04:00,15.329999923706055,15.609999656677246,14.829999923706055,15.100000381469727,350900,0.0,0.0
2003-07-21 00:00:00-04:00,15.100000381469727,15.170000076293945,14.449999809265137,14.5,504300,0.0,0.0
2003-07-22 00:00:00-04:00,14.5,14.630000114440918,14.210000038146973,14.529999732971191,374400,0.0,0.0
2003-07-23 00:00:00-04:00,14.569999694824219,15.039999961853027,14.420000076293945,15.029999732971191,166100,0.0,0.0
2003-07-24 00:00:00-04:00,15.09000015258789,15.40999984741211,14.75,14.90999984741211,341200,0.0,0.0
2003-07-25 00:00:00-04:00,14.84000015258789,15.210000038146973,14.279999732971191,14.75,207700,0.0,0.0
2003-07-28 00:00:00-04:00,14.539999961853027,15.550000190734863,14.289999961853027,15.100000381469727,440300,0.0,0.0
2003-07-29 00:00:00-04:00,15.140000343322754,15.270000457763672,14.380000114440918,15.09000015258789,215300,0.0,0.0
2003-07-30 00:00:00-04:00,15.0,15.0,14.649999618530273,14.819999694824219,165600,0.0,0.0
2003-07-31 00:00:00-04:00,14.979999542236328,15.550000190734863,14.960000038146973,15.399999618530273,259300,0.0,0.0
2003-08-01 00:00:00-04:00,15.380000114440918,15.649999618530273,14.449999809265137,14.5600004196167,302500,0.0,0.0
2003-08-04 00:00:00-04:00,14.5,14.59000015258789,12.800000190734863,13.90999984741211,744100,0.0,0.0
2003-08-05 00:00:00-04:00,13.819999694824219,13.899999618530273,13.029999732971191,13.069999694824219,311800,0.0,0.0
2003-08-06 00:00:00-04:00,12.920000076293945,13.0,12.300000190734863,12.430000305175781,408600,0.0,0.0
2003-08-07 00:00:00-04:00,12.550000190734863,13.09000015258789,12.300000190734863,12.779999732971191,361400,0.0,0.0
2003-08-08 00:00:00-04:00,12.890000343322754,13.210000038146973,12.430000305175781,12.520000457763672,374500,0.0,0.0
2003-08-11 00:00:00-04:00,12.489999771118164,12.65999984741211,12.220000267028809,12.5600004196167,572300,0.0,0.0
2003-08-12 00:00:00-04:00,12.489999771118164,13.510000228881836,12.420000076293945,13.289999961853027,665900,0.0,0.0
2003-08-13 00:00:00-04:00,13.279999732971191,13.579999923706055,13.039999961853027,13.109999656677246,391200,0.0,0.0
2003-08-14 00:00:00-04:00,13.020000457763672,13.4399995803833,12.979999542236328,13.319999694824219,300400,0.0,0.0
2003-08-15 00:00:00-04:00,13.399999618530273,13.489999771118164,13.119999885559082,13.210000038146973,135600,0.0,0.0
2003-08-18 00:00:00-04:00,13.399999618530273,14.180000305175781,13.229999542236328,14.109999656677246,448000,0.0,0.0
2003-08-19 00:00:00-04:00,14.369999885559082,14.40999984741211,14.100000381469727,14.229999542236328,322800,0.0,0.0
2003-08-20 00:00:00-04:00,14.34000015258789,14.680000305175781,14.039999961853027,14.600000381469727,239600,0.0,0.0
2003-08-21 00:00:00-04:00,14.65999984741211,14.930000305175781,14.579999923706055,14.859999656677246,197400,0.0,0.0
2003-08-22 00:00:00-04:00,15.050000190734863,15.300000190734863,14.300000190734863,14.3100004196167,613400,0.0,0.0
2003-08-25 00:00:00-04:00,14.25,14.390000343322754,14.050000190734863,14.229999542236328,300100,0.0,0.0
2003-08-26 00:00:00-04:00,14.119999885559082,14.34000015258789,13.729999542236328,14.34000015258789,351800,0.0,0.0
2003-08-27 00:00:00-04:00,14.239999771118164,14.979999542236328,14.079999923706055,14.630000114440918,283800,0.0,0.0
2003-08-28 00:00:00-04:00,14.729999542236328,15.1899995803833,14.729999542236328,15.149999618530273,413000,0.0,0.0
2003-08-29 00:00:00-04:00,15.180000305175781,15.350000381469727,15.039999961853027,15.210000038146973,151000,0.0,0.0
2003-09-02 00:00:00-04:00,15.479999542236328,16.719999313354492,15.170000076293945,16.280000686645508,588400,0.0,0.0
2003-09-03 00:00:00-04:00,16.350000381469727,16.690000534057617,16.260000228881836,16.520000457763672,838400,0.0,0.0
2003-09-04 00:00:00-04:00,16.59000015258789,17.219999313354492,16.5,17.209999084472656,746700,0.0,0.0
2003-09-05 00:00:00-04:00,17.049999237060547,17.100000381469727,16.610000610351562,16.8799991607666,727500,0.0,0.0
2003-09-08 00:00:00-04:00,21.0,22.350000381469727,19.899999618530273,22.309999465942383,6101800,0.0,0.0
2003-09-09 00:00:00-04:00,21.950000762939453,22.350000381469727,21.0,21.75,1818100,0.0,0.0
2003-09-10 00:00:00-04:00,21.649999618530273,22.0,21.25,21.530000686645508,692200,0.0,0.0
2003-09-11 00:00:00-04:00,21.549999237060547,21.920000076293945,20.540000915527344,20.899999618530273,975700,0.0,0.0
2003-09-12 00:00:00-04:00,20.549999237060547,20.940000534057617,19.760000228881836,20.729999542236328,482700,0.0,0.0
2003-09-15 00:00:00-04:00,20.450000762939453,20.850000381469727,19.989999771118164,20.260000228881836,378300,0.0,0.0
2003-09-16 00:00:00-04:00,20.149999618530273,20.5,19.770000457763672,20.100000381469727,654800,0.0,0.0
2003-09-17 00:00:00-04:00,20.010000228881836,22.1200008392334,19.780000686645508,20.239999771118164,943700,0.0,0.0
2003-09-18 00:00:00-04:00,20.139999389648438,21.049999237060547,20.1200008392334,20.979999542236328,679700,0.0,0.0
2003-09-19 00:00:00-04:00,20.799999237060547,20.989999771118164,20.25,20.389999389648438,350900,0.0,0.0
2003-09-22 00:00:00-04:00,19.799999237060547,20.75,19.770000457763672,19.860000610351562,417000,0.0,0.0
2003-09-23 00:00:00-04:00,19.90999984741211,20.360000610351562,19.84000015258789,19.989999771118164,359100,0.0,0.0
2003-09-24 00:00:00-04:00,20.0,20.0,18.899999618530273,19.170000076293945,640500,0.0,0.0
2003-09-25 00:00:00-04:00,19.020000457763672,19.920000076293945,18.0,18.6299991607666,546900,0.0,0.0
2003-09-26 00:00:00-04:00,18.579999923706055,18.760000228881836,17.530000686645508,17.6200008392334,687300,0.0,0.0
2003-09-29 00:00:00-04:00,17.579999923706055,19.110000610351562,17.229999542236328,17.899999618530273,769200,0.0,0.0
2003-09-30 00:00:00-04:00,17.860000610351562,18.209999084472656,17.309999465942383,17.670000076293945,650700,0.0,0.0
2003-10-01 00:00:00-04:00,17.600000381469727,18.09000015258789,17.280000686645508,17.59000015258789,684400,0.0,0.0
2003-10-02 00:00:00-04:00,17.579999923706055,18.719999313354492,17.440000534057617,18.049999237060547,384200,0.0,0.0
2003-10-03 00:00:00-04:00,18.149999618530273,18.450000762939453,17.600000381469727,17.920000076293945,294300,0.0,0.0
2003-10-06 00:00:00-04:00,17.780000686645508,18.610000610351562,17.780000686645508,18.399999618530273,274000,0.0,0.0
2003-10-07 00:00:00-04:00,15.15999984741211,15.9399995803833,14.550000190734863,14.59000015258789,7728000,0.0,0.0
2003-10-08 00:00:00-04:00,14.539999961853027,14.949999809265137,14.399999618530273,14.529999732971191,1414200,0.0,0.0
2003-10-09 00:00:00-04:00,14.640000343322754,14.829999923706055,14.1899995803833,14.4399995803833,636800,0.0,0.0
2003-10-10 00:00:00-04:00,14.399999618530273,14.75,13.859999656677246,14.039999961853027,370700,0.0,0.0
2003-10-13 00:00:00-04:00,14.100000381469727,14.199999809265137,13.449999809265137,13.800000190734863,566200,0.0,0.0
2003-10-14 00:00:00-04:00,13.529999732971191,13.800000190734863,13.399999618530273,13.460000038146973,568000,0.0,0.0
2003-10-15 00:00:00-04:00,13.550000190734863,13.600000381469727,12.9399995803833,13.25,241600,0.0,0.0
2003-10-16 00:00:00-04:00,13.289999961853027,13.569999694824219,12.989999771118164,13.300000190734863,401300,0.0,0.0
2003-10-17 00:00:00-04:00,13.199999809265137,13.34000015258789,12.899999618530273,13.0,500700,0.0,0.0
2003-10-20 00:00:00-04:00,12.920000076293945,13.09000015258789,12.5600004196167,12.960000038146973,604900,0.0,0.0
2003-10-21 00:00:00-04:00,12.899999618530273,14.130000114440918,12.800000190734863,13.619999885559082,768400,0.0,0.0
2003-10-22 00:00:00-04:00,13.649999618530273,13.649999618530273,12.880000114440918,13.0600004196167,487100,0.0,0.0
2003-10-23 00:00:00-04:00,13.100000381469727,13.199999809265137,12.600000381469727,12.899999618530273,390800,0.0,0.0
2003-10-24 00:00:00-04:00,12.5600004196167,13.229999542236328,12.529999732971191,13.039999961853027,374600,0.0,0.0
2003-10-27 00:00:00-05:00,13.180000305175781,13.710000038146973,13.180000305175781,13.460000038146973,607500,0.0,0.0
2003-10-28 00:00:00-05:00,13.649999618530273,13.680000305175781,13.260000228881836,13.460000038146973,517500,0.0,0.0
2003-10-29 00:00:00-05:00,13.390000343322754,13.649999618530273,13.149999618530273,13.25,281100,0.0,0.0
2003-10-30 00:00:00-05:00,13.520000457763672,13.59000015258789,13.1899995803833,13.319999694824219,531600,0.0,0.0
2003-10-31 00:00:00-05:00,13.3100004196167,14.050000190734863,13.199999809265137,13.84000015258789,376400,0.0,0.0
2003-11-03 00:00:00-05:00,13.850000381469727,14.039999961853027,12.949999809265137,13.180000305175781,478800,0.0,0.0
2003-11-04 00:00:00-05:00,13.239999771118164,13.3100004196167,12.899999618530273,12.9399995803833,612900,0.0,0.0
2003-11-05 00:00:00-05:00,12.899999618530273,13.149999618530273,12.800000190734863,12.989999771118164,447500,0.0,0.0
2003-11-06 00:00:00-05:00,13.039999961853027,13.390000343322754,12.869999885559082,13.289999961853027,323400,0.0,0.0
2003-11-07 00:00:00-05:00,13.399999618530273,13.420000076293945,12.960000038146973,13.0,387800,0.0,0.0
2003-11-10 00:00:00-05:00,12.970000267028809,13.149999618530273,12.460000038146973,12.710000038146973,341900,0.0,0.0
2003-11-11 00:00:00-05:00,12.5600004196167,12.739999771118164,12.300000190734863,12.65999984741211,417500,0.0,0.0
2003-11-12 00:00:00-05:00,12.649999618530273,13.6899995803833,12.630000114440918,13.569999694824219,415300,0.0,0.0
2003-11-13 00:00:00-05:00,13.600000381469727,13.6899995803833,13.020000457763672,13.4399995803833,225400,0.0,0.0
2003-11-14 00:00:00-05:00,13.359999656677246,13.600000381469727,12.949999809265137,12.979999542236328,206400,0.0,0.0
2003-11-17 00:00:00-05:00,12.75,12.960000038146973,12.239999771118164,12.729999542236328,471300,0.0,0.0
2003-11-18 00:00:00-05:00,12.6899995803833,12.890000343322754,12.0,12.399999618530273,479900,0.0,0.0
2003-11-19 00:00:00-05:00,12.359999656677246,12.369999885559082,11.800000190734863,12.199999809265137,455500,0.0,0.0
2003-11-20 00:00:00-05:00,11.899999618530273,12.850000381469727,11.899999618530273,12.40999984741211,323200,0.0,0.0
2003-11-21 00:00:00-05:00,12.609999656677246,12.609999656677246,12.199999809265137,12.229999542236328,248300,0.0,0.0
2003-11-24 00:00:00-05:00,12.4399995803833,13.170000076293945,12.199999809265137,13.140000343322754,318000,0.0,0.0
2003-11-25 00:00:00-05:00,13.15999984741211,13.609999656677246,12.779999732971191,13.0,422200,0.0,0.0
2003-11-26 00:00:00-05:00,12.989999771118164,13.029999732971191,12.760000228881836,13.0,123500,0.0,0.0
2003-11-28 00:00:00-05:00,12.960000038146973,13.0,12.720000267028809,12.880000114440918,108100,0.0,0.0
2003-12-01 00:00:00-05:00,12.859999656677246,13.029999732971191,12.75,12.949999809265137,341700,0.0,0.0
2003-12-02 00:00:00-05:00,12.890000343322754,13.699999809265137,12.890000343322754,13.199999809265137,673900,0.0,0.0
2003-12-03 00:00:00-05:00,13.199999809265137,13.420000076293945,12.729999542236328,12.829999923706055,352100,0.0,0.0
2003-12-04 00:00:00-05:00,12.949999809265137,13.050000190734863,12.5,12.970000267028809,250200,0.0,0.0
2003-12-05 00:00:00-05:00,12.970000267028809,13.0,12.729999542236328,13.0,174000,0.0,0.0
2003-12-08 00:00:00-05:00,13.0,13.470000267028809,12.869999885559082,13.100000381469727,353700,0.0,0.0
2003-12-09 00:00:00-05:00,13.140000343322754,13.380000114440918,12.84000015258789,12.90999984741211,225800,0.0,0.0
2003-12-10 00:00:00-05:00,12.680000305175781,13.010000228881836,12.390000343322754,12.569999694824219,288500,0.0,0.0
2003-12-11 00:00:00-05:00,12.449999809265137,13.300000190734863,12.449999809265137,13.050000190734863,265800,0.0,0.0
2003-12-12 00:00:00-05:00,13.010000228881836,13.029999732971191,12.779999732971191,13.0,151700,0.0,0.0
2003-12-15 00:00:00-05:00,13.079999923706055,13.350000381469727,12.649999618530273,12.65999984741211,365500,0.0,0.0
2003-12-16 00:00:00-05:00,12.649999618530273,12.979999542236328,12.649999618530273,12.760000228881836,238600,0.0,0.0
2003-12-17 00:00:00-05:00,12.75,12.989999771118164,12.710000038146973,12.880000114440918,114500,0.0,0.0
2003-12-18 00:00:00-05:00,12.8100004196167,13.199999809265137,12.75,12.920000076293945,276000,0.0,0.0
2003-12-19 00:00:00-05:00,13.170000076293945,13.539999961853027,12.829999923706055,13.329999923706055,417800,0.0,0.0
2003-12-22 00:00:00-05:00,13.399999618530273,14.260000228881836,13.25,14.100000381469727,551000,0.0,0.0
2003-12-23 00:00:00-05:00,14.1899995803833,14.869999885559082,14.09000015258789,14.850000381469727,418800,0.0,0.0
2003-12-24 00:00:00-05:00,14.6899995803833,14.890000343322754,13.699999809265137,14.15999984741211,265500,0.0,0.0
2003-12-26 00:00:00-05:00,14.199999809265137,14.479999542236328,14.0600004196167,14.270000457763672,95100,0.0,0.0
2003-12-29 00:00:00-05:00,14.34000015258789,14.989999771118164,14.149999618530273,14.899999618530273,308200,0.0,0.0
2003-12-30 00:00:00-05:00,14.880000114440918,15.479999542236328,14.65999984741211,15.239999771118164,635800,0.0,0.0
2003-12-31 00:00:00-05:00,15.25,15.640000343322754,14.5600004196167,14.710000038146973,333600,0.0,0.0
2004-01-02 00:00:00-05:00,14.8100004196167,15.300000190734863,14.729999542236328,15.050000190734863,201800,0.0,0.0
2004-01-05 00:00:00-05:00,15.069999694824219,15.350000381469727,15.050000190734863,15.09000015258789,255500,0.0,0.0
2004-01-06 00:00:00-05:00,15.069999694824219,15.399999618530273,14.920000076293945,14.920000076293945,222600,0.0,0.0
2004-01-07 00:00:00-05:00,14.880000114440918,15.5,14.5,15.5,334300,0.0,0.0
2004-01-08 00:00:00-05:00,15.399999618530273,15.770000457763672,15.1899995803833,15.6899995803833,543800,0.0,0.0
2004-01-09 00:00:00-05:00,15.670000076293945,16.139999389648438,15.180000305175781,15.579999923706055,793200,0.0,0.0
2004-01-12 00:00:00-05:00,14.649999618530273,15.350000381469727,14.550000190734863,15.329999923706055,684500,0.0,0.0
2004-01-13 00:00:00-05:00,15.289999961853027,16.399999618530273,14.6899995803833,16.100000381469727,1171400,0.0,0.0
2004-01-14 00:00:00-05:00,16.059999465942383,16.100000381469727,15.680000305175781,16.020000457763672,434000,0.0,0.0
2004-01-15 00:00:00-05:00,15.949999809265137,16.43000030517578,15.729999542236328,16.43000030517578,256300,0.0,0.0
2004-01-16 00:00:00-05:00,16.389999389648438,16.469999313354492,16.040000915527344,16.200000762939453,492600,0.0,0.0
2004-01-20 00:00:00-05:00,16.25,16.469999313354492,15.600000381469727,16.079999923706055,457700,0.0,0.0
2004-01-21 00:00:00-05:00,16.049999237060547,16.25,15.949999809265137,16.25,300100,0.0,0.0
2004-01-22 00:00:00-05:00,16.209999084472656,16.969999313354492,16.190000534057617,16.639999389648438,466100,0.0,0.0
2004-01-23 00:00:00-05:00,16.59000015258789,16.809999465942383,16.350000381469727,16.719999313354492,169100,0.0,0.0
2004-01-26 00:00:00-05:00,16.65999984741211,16.729999542236328,16.229999542236328,16.5,284800,0.0,0.0
2004-01-27 00:00:00-05:00,16.5,16.6200008392334,15.890000343322754,15.890000343322754,447300,0.0,0.0
2004-01-28 00:00:00-05:00,15.8100004196167,16.420000076293945,15.390000343322754,15.579999923706055,328500,0.0,0.0
2004-01-29 00:00:00-05:00,15.5,15.510000228881836,14.829999923706055,14.890000343322754,562700,0.0,0.0
2004-01-30 00:00:00-05:00,14.859999656677246,15.100000381469727,14.630000114440918,14.859999656677246,248700,0.0,0.0
2004-02-02 00:00:00-05:00,14.850000381469727,15.109999656677246,14.630000114440918,15.039999961853027,440600,0.0,0.0
2004-02-03 00:00:00-05:00,14.989999771118164,15.010000228881836,14.359999656677246,14.600000381469727,325000,0.0,0.0
2004-02-04 00:00:00-05:00,14.550000190734863,14.550000190734863,13.699999809265137,13.829999923706055,540900,0.0,0.0
2004-02-05 00:00:00-05:00,13.84000015258789,14.020000457763672,13.489999771118164,13.789999961853027,302500,0.0,0.0
2004-02-06 00:00:00-05:00,13.770000457763672,14.760000228881836,13.75,14.760000228881836,385500,0.0,0.0
2004-02-09 00:00:00-05:00,14.760000228881836,14.8100004196167,14.329999923706055,14.600000381469727,334500,0.0,0.0
2004-02-10 00:00:00-05:00,14.520000457763672,14.84000015258789,14.430000305175781,14.739999771118164,371300,0.0,0.0
2004-02-11 00:00:00-05:00,14.65999984741211,14.970000267028809,14.600000381469727,14.699999809265137,196200,0.0,0.0
2004-02-12 00:00:00-05:00,14.649999618530273,14.979999542236328,14.239999771118164,14.470000267028809,568700,0.0,0.0
2004-02-13 00:00:00-05:00,14.550000190734863,14.550000190734863,13.949999809265137,13.949999809265137,211800,0.0,0.0
2004-02-17 00:00:00-05:00,14.020000457763672,14.529999732971191,13.949999809265137,14.399999618530273,346100,0.0,0.0
2004-02-18 00:00:00-05:00,14.609999656677246,14.859999656677246,14.350000381469727,14.449999809265137,416100,0.0,0.0
2004-02-19 00:00:00-05:00,14.539999961853027,14.65999984741211,14.050000190734863,14.079999923706055,413700,0.0,0.0
2004-02-20 00:00:00-05:00,14.220000267028809,14.369999885559082,14.0,14.199999809265137,260700,0.0,0.0
2004-02-23 00:00:00-05:00,14.1899995803833,14.449999809265137,13.979999542236328,14.010000228881836,450100,0.0,0.0
2004-02-24 00:00:00-05:00,14.039999961853027,14.329999923706055,13.289999961853027,13.850000381469727,429800,0.0,0.0
2004-02-25 00:00:00-05:00,13.890000343322754,14.600000381469727,13.710000038146973,14.300000190734863,376100,0.0,0.0
2004-02-26 00:00:00-05:00,14.34000015258789,15.350000381469727,14.34000015258789,15.15999984741211,495100,0.0,0.0
2004-02-27 00:00:00-05:00,15.449999809265137,17.0,13.789999961853027,14.15999984741211,5620700,0.0,0.0
2004-03-01 00:00:00-05:00,14.239999771118164,15.399999618530273,14.119999885559082,14.850000381469727,1025800,0.0,0.0
2004-03-02 00:00:00-05:00,14.899999618530273,15.199999809265137,14.850000381469727,14.979999542236328,619900,0.0,0.0
2004-03-03 00:00:00-05:00,14.899999618530273,15.199999809265137,14.770000457763672,15.0,335000,0.0,0.0
2004-03-04 00:00:00-05:00,15.09000015258789,15.4399995803833,14.90999984741211,15.140000343322754,414900,0.0,0.0
2004-03-05 00:00:00-05:00,15.149999618530273,16.0,15.050000190734863,15.979999542236328,494800,0.0,0.0
2004-03-08 00:00:00-05:00,15.970000267028809,16.450000762939453,15.4399995803833,15.4399995803833,709700,0.0,0.0
2004-03-09 00:00:00-05:00,15.460000038146973,16.1299991607666,14.75,14.90999984741211,635900,0.0,0.0
2004-03-10 00:00:00-05:00,14.899999618530273,15.170000076293945,14.369999885559082,14.390000343322754,512700,0.0,0.0
2004-03-11 00:00:00-05:00,14.260000228881836,15.0,14.119999885559082,14.25,488500,0.0,0.0
2004-03-12 00:00:00-05:00,14.600000381469727,14.729999542236328,14.329999923706055,14.350000381469727,547900,0.0,0.0
2004-03-15 00:00:00-05:00,14.329999923706055,14.489999771118164,14.020000457763672,14.119999885559082,495700,0.0,0.0
2004-03-16 00:00:00-05:00,14.100000381469727,14.319999694824219,13.65999984741211,13.960000038146973,574900,0.0,0.0
2004-03-17 00:00:00-05:00,14.069999694824219,14.489999771118164,13.869999885559082,14.239999771118164,575100,0.0,0.0
2004-03-18 00:00:00-05:00,14.100000381469727,14.34000015258789,13.420000076293945,14.010000228881836,370800,0.0,0.0
2004-03-19 00:00:00-05:00,14.25,14.270000457763672,13.520000457763672,13.680000305175781,241500,0.0,0.0
2004-03-22 00:00:00-05:00,13.670000076293945,13.770000457763672,13.270000457763672,13.539999961853027,391400,0.0,0.0
2004-03-23 00:00:00-05:00,13.460000038146973,14.039999961853027,13.279999732971191,13.319999694824219,266300,0.0,0.0
2004-03-24 00:00:00-05:00,13.5,13.510000228881836,12.890000343322754,12.9399995803833,493400,0.0,0.0
2004-03-25 00:00:00-05:00,12.930000305175781,13.630000114440918,12.800000190734863,13.5,584100,0.0,0.0
2004-03-26 00:00:00-05:00,13.670000076293945,13.670000076293945,13.050000190734863,13.270000457763672,145700,0.0,0.0
2004-03-29 00:00:00-05:00,13.34000015258789,14.140000343322754,13.34000015258789,13.800000190734863,399700,0.0,0.0
2004-03-30 00:00:00-05:00,13.800000190734863,13.9399995803833,13.59000015258789,13.920000076293945,172600,0.0,0.0
2004-03-31 00:00:00-05:00,14.0600004196167,14.119999885559082,13.40999984741211,13.579999923706055,397800,0.0,0.0
2004-04-01 00:00:00-05:00,13.550000190734863,13.770000457763672,13.420000076293945,13.529999732971191,433700,0.0,0.0
2004-04-02 00:00:00-05:00,13.789999961853027,14.170000076293945,13.59000015258789,13.90999984741211,551700,0.0,0.0
2004-04-05 00:00:00-04:00,14.0,14.59000015258789,13.920000076293945,14.539999961853027,236300,0.0,0.0
2004-04-06 00:00:00-04:00,14.479999542236328,14.479999542236328,13.65999984741211,13.869999885559082,359000,0.0,0.0
2004-04-07 00:00:00-04:00,13.75,13.979999542236328,13.359999656677246,13.75,251900,0.0,0.0
2004-04-08 00:00:00-04:00,14.109999656677246,14.149999618530273,13.470000267028809,13.5,156900,0.0,0.0
2004-04-12 00:00:00-04:00,13.470000267028809,13.699999809265137,13.300000190734863,13.319999694824219,256000,0.0,0.0
2004-04-13 00:00:00-04:00,13.350000381469727,13.350000381469727,12.569999694824219,12.600000381469727,410300,0.0,0.0
2004-04-14 00:00:00-04:00,12.600000381469727,13.130000114440918,12.510000228881836,12.609999656677246,326100,0.0,0.0
2004-04-15 00:00:00-04:00,12.640000343322754,12.699999809265137,12.100000381469727,12.399999618530273,389100,0.0,0.0
2004-04-16 00:00:00-04:00,12.350000381469727,12.600000381469727,12.289999961853027,12.4399995803833,289600,0.0,0.0
2004-04-19 00:00:00-04:00,12.430000305175781,13.0,12.430000305175781,12.989999771118164,398100,0.0,0.0
2004-04-20 00:00:00-04:00,12.960000038146973,13.600000381469727,12.710000038146973,12.710000038146973,723400,0.0,0.0
2004-04-21 00:00:00-04:00,12.8100004196167,13.300000190734863,12.710000038146973,12.770000457763672,275600,0.0,0.0
2004-04-22 00:00:00-04:00,12.880000114440918,13.670000076293945,12.75,13.529999732971191,383300,0.0,0.0
2004-04-23 00:00:00-04:00,13.529999732971191,13.760000228881836,13.050000190734863,13.59000015258789,325400,0.0,0.0
2004-04-26 00:00:00-04:00,14.5,15.850000381469727,14.5,15.300000190734863,1517500,0.0,0.0
2004-04-27 00:00:00-04:00,15.210000038146973,15.300000190734863,14.029999732971191,14.0600004196167,762000,0.0,0.0
2004-04-28 00:00:00-04:00,13.949999809265137,14.050000190734863,13.670000076293945,13.75,5289200,0.0,0.0
2004-04-29 00:00:00-04:00,13.710000038146973,13.729999542236328,12.979999542236328,13.020000457763672,623000,0.0,0.0
2004-04-30 00:00:00-04:00,13.079999923706055,13.079999923706055,12.210000038146973,12.529999732971191,739600,0.0,0.0
2004-05-03 00:00:00-04:00,12.59000015258789,13.710000038146973,12.390000343322754,13.229999542236328,896800,0.0,0.0
2004-05-04 00:00:00-04:00,13.270000457763672,13.630000114440918,12.899999618530273,13.15999984741211,443500,0.0,0.0
2004-05-05 00:00:00-04:00,13.039999961853027,13.550000190734863,13.039999961853027,13.279999732971191,444400,0.0,0.0
2004-05-06 00:00:00-04:00,13.119999885559082,13.199999809265137,12.399999618530273,12.710000038146973,323700,0.0,0.0
2004-05-07 00:00:00-04:00,12.680000305175781,13.369999885559082,12.430000305175781,12.489999771118164,582000,0.0,0.0
2004-05-10 00:00:00-04:00,12.399999618530273,12.699999809265137,11.899999618530273,12.140000343322754,704900,0.0,0.0
2004-05-11 00:00:00-04:00,12.130000114440918,12.850000381469727,12.130000114440918,12.6899995803833,693600,0.0,0.0
2004-05-12 00:00:00-04:00,12.670000076293945,12.819999694824219,12.020000457763672,12.630000114440918,594600,0.0,0.0
2004-05-13 00:00:00-04:00,12.640000343322754,12.989999771118164,12.300000190734863,12.329999923706055,471100,0.0,0.0
2004-05-14 00:00:00-04:00,12.510000228881836,12.59000015258789,11.859999656677246,11.949999809265137,487200,0.0,0.0
2004-05-17 00:00:00-04:00,11.869999885559082,11.949999809265137,10.850000381469727,11.260000228881836,638100,0.0,0.0
2004-05-18 00:00:00-04:00,11.489999771118164,11.65999984741211,11.0600004196167,11.149999618530273,504300,0.0,0.0
2004-05-19 00:00:00-04:00,11.149999618530273,11.649999618530273,10.760000228881836,10.960000038146973,435400,0.0,0.0
2004-05-20 00:00:00-04:00,10.859999656677246,11.449999809265137,10.859999656677246,11.0600004196167,396400,0.0,0.0
2004-05-21 00:00:00-04:00,11.270000457763672,11.449999809265137,10.760000228881836,11.119999885559082,293000,0.0,0.0
2004-05-24 00:00:00-04:00,11.279999732971191,11.579999923706055,11.0,11.109999656677246,365700,0.0,0.0
2004-05-25 00:00:00-04:00,11.020000457763672,11.630000114440918,11.020000457763672,11.600000381469727,284500,0.0,0.0
2004-05-26 00:00:00-04:00,11.600000381469727,11.75,11.359999656677246,11.75,792000,0.0,0.0
2004-05-27 00:00:00-04:00,11.699999809265137,12.050000190734863,11.550000190734863,11.779999732971191,486400,0.0,0.0
2004-05-28 00:00:00-04:00,11.630000114440918,11.899999618530273,11.229999542236328,11.229999542236328,330600,0.0,0.0
2004-06-01 00:00:00-04:00,11.25,11.539999961853027,11.229999542236328,11.359999656677246,259100,0.0,0.0
2004-06-02 00:00:00-04:00,11.59000015258789,11.649999618530273,11.149999618530273,11.369999885559082,438700,0.0,0.0
2004-06-03 00:00:00-04:00,11.220000267028809,11.399999618530273,10.859999656677246,10.859999656677246,397100,0.0,0.0
2004-06-04 00:00:00-04:00,10.800000190734863,11.40999984741211,10.779999732971191,11.220000267028809,596300,0.0,0.0
2004-06-07 00:00:00-04:00,11.149999618530273,11.270000457763672,9.619999885559082,9.729999542236328,1190600,0.0,0.0
2004-06-08 00:00:00-04:00,9.890000343322754,10.199999809265137,9.65999984741211,9.930000305175781,879800,0.0,0.0
2004-06-09 00:00:00-04:00,10.0,10.0,9.699999809265137,9.8100004196167,579400,0.0,0.0
2004-06-10 00:00:00-04:00,9.989999771118164,10.0,8.529999732971191,8.649999618530273,1694200,0.0,0.0
2004-06-14 00:00:00-04:00,8.720000267028809,9.260000228881836,8.649999618530273,8.920000076293945,1123900,0.0,0.0
2004-06-15 00:00:00-04:00,9.020000457763672,9.34000015258789,8.949999809265137,9.220000267028809,540300,0.0,0.0
2004-06-16 00:00:00-04:00,9.359999656677246,9.510000228881836,8.90999984741211,9.4399995803833,440500,0.0,0.0
2004-06-17 00:00:00-04:00,9.510000228881836,9.539999961853027,9.220000267028809,9.34000015258789,438700,0.0,0.0
2004-06-18 00:00:00-04:00,9.170000076293945,9.59000015258789,9.109999656677246,9.430000305175781,437900,0.0,0.0
2004-06-21 00:00:00-04:00,9.329999923706055,9.5600004196167,9.260000228881836,9.380000114440918,462500,0.0,0.0
2004-06-22 00:00:00-04:00,9.550000190734863,9.59000015258789,9.3100004196167,9.5,584900,0.0,0.0
2004-06-23 00:00:00-04:00,9.5,10.010000228881836,9.40999984741211,9.989999771118164,458300,0.0,0.0
2004-06-24 00:00:00-04:00,10.010000228881836,10.239999771118164,9.779999732971191,10.109999656677246,495200,0.0,0.0
2004-06-25 00:00:00-04:00,9.960000038146973,10.220000267028809,9.899999618530273,10.100000381469727,425700,0.0,0.0
2004-06-28 00:00:00-04:00,10.149999618530273,10.420000076293945,9.960000038146973,10.229999542236328,405700,0.0,0.0
2004-06-29 00:00:00-04:00,10.140000343322754,10.479999542236328,10.109999656677246,10.229999542236328,464400,0.0,0.0
2004-06-30 00:00:00-04:00,10.289999961853027,10.949999809265137,10.25,10.529999732971191,346400,0.0,0.0
2004-07-01 00:00:00-04:00,10.609999656677246,10.800000190734863,10.149999618530273,10.15999984741211,262600,0.0,0.0
2004-07-02 00:00:00-04:00,10.09000015258789,10.279999732971191,10.0600004196167,10.119999885559082,118000,0.0,0.0
2004-07-06 00:00:00-04:00,10.0600004196167,10.149999618530273,9.760000228881836,9.760000228881836,216600,0.0,0.0
2004-07-07 00:00:00-04:00,9.760000228881836,10.0,9.510000228881836,9.510000228881836,253700,0.0,0.0
2004-07-08 00:00:00-04:00,9.470000267028809,9.579999923706055,9.140000343322754,9.140000343322754,318200,0.0,0.0
2004-07-09 00:00:00-04:00,9.140000343322754,9.5,9.109999656677246,9.1899995803833,177400,0.0,0.0
2004-07-12 00:00:00-04:00,9.199999809265137,9.350000381469727,8.920000076293945,9.0,368600,0.0,0.0
2004-07-13 00:00:00-04:00,9.0,9.100000381469727,8.880000114440918,8.880000114440918,251300,0.0,0.0
2004-07-14 00:00:00-04:00,8.850000381469727,9.289999961853027,8.649999618530273,8.699999809265137,353000,0.0,0.0
2004-07-15 00:00:00-04:00,8.819999694824219,8.899999618530273,8.6899995803833,8.6899995803833,119500,0.0,0.0
2004-07-16 00:00:00-04:00,8.949999809265137,9.119999885559082,8.210000038146973,8.270000457763672,292900,0.0,0.0
2004-07-19 00:00:00-04:00,8.329999923706055,8.569999694824219,8.020000457763672,8.270000457763672,267200,0.0,0.0
2004-07-20 00:00:00-04:00,8.050000190734863,8.729999542236328,8.050000190734863,8.670000076293945,228500,0.0,0.0
2004-07-21 00:00:00-04:00,8.670000076293945,8.670000076293945,7.920000076293945,7.920000076293945,355700,0.0,0.0
2004-07-22 00:00:00-04:00,7.909999847412109,8.34000015258789,7.75,8.0600004196167,310200,0.0,0.0
2004-07-23 00:00:00-04:00,7.889999866485596,8.130000114440918,7.53000020980835,7.619999885559082,333500,0.0,0.0
2004-07-26 00:00:00-04:00,7.679999828338623,7.900000095367432,7.309999942779541,7.510000228881836,244200,0.0,0.0
2004-07-27 00:00:00-04:00,7.28000020980835,8.199999809265137,7.28000020980835,7.980000019073486,302700,0.0,0.0
2004-07-28 00:00:00-04:00,8.050000190734863,8.3100004196167,7.849999904632568,8.25,417500,0.0,0.0
2004-07-29 00:00:00-04:00,8.15999984741211,8.4399995803833,8.079999923706055,8.4399995803833,315800,0.0,0.0
2004-07-30 00:00:00-04:00,8.4399995803833,8.65999984741211,8.319999694824219,8.5600004196167,196000,0.0,0.0
2004-08-02 00:00:00-04:00,8.630000114440918,8.630000114440918,7.909999847412109,8.15999984741211,310400,0.0,0.0
2004-08-03 00:00:00-04:00,8.15999984741211,8.319999694824219,8.0,8.15999984741211,251300,0.0,0.0
2004-08-04 00:00:00-04:00,8.100000381469727,8.100000381469727,7.820000171661377,7.909999847412109,254700,0.0,0.0
2004-08-05 00:00:00-04:00,7.820000171661377,7.909999847412109,7.320000171661377,7.369999885559082,274000,0.0,0.0
2004-08-06 00:00:00-04:00,7.260000228881836,7.289999961853027,6.920000076293945,6.960000038146973,261000,0.0,0.0
2004-08-09 00:00:00-04:00,6.940000057220459,7.110000133514404,6.789999961853027,6.900000095367432,367100,0.0,0.0
2004-08-10 00:00:00-04:00,6.760000228881836,7.150000095367432,6.760000228881836,7.110000133514404,264300,0.0,0.0
2004-08-11 00:00:00-04:00,7.059999942779541,7.46999979019165,6.760000228881836,7.46999979019165,287900,0.0,0.0
2004-08-12 00:00:00-04:00,7.480000019073486,7.480000019073486,7.170000076293945,7.179999828338623,121500,0.0,0.0
2004-08-13 00:00:00-04:00,7.159999847412109,7.289999961853027,7.010000228881836,7.050000190734863,134100,0.0,0.0
2004-08-16 00:00:00-04:00,7.0,7.539999961853027,7.0,7.480000019073486,287200,0.0,0.0
2004-08-17 00:00:00-04:00,7.539999961853027,7.829999923706055,7.309999942779541,7.309999942779541,449400,0.0,0.0
2004-08-18 00:00:00-04:00,7.460000038146973,8.210000038146973,7.300000190734863,8.170000076293945,559200,0.0,0.0
2004-08-19 00:00:00-04:00,8.210000038146973,8.300000190734863,7.929999828338623,8.1899995803833,215300,0.0,0.0
2004-08-20 00:00:00-04:00,8.239999771118164,8.720000267028809,8.149999618530273,8.680000305175781,166400,0.0,0.0
2004-08-23 00:00:00-04:00,8.699999809265137,8.829999923706055,8.510000228881836,8.539999961853027,375600,0.0,0.0
2004-08-24 00:00:00-04:00,8.479999542236328,8.869999885559082,8.420000076293945,8.640000343322754,194600,0.0,0.0
2004-08-25 00:00:00-04:00,8.609999656677246,9.0600004196167,8.25,8.979999542236328,256500,0.0,0.0
2004-08-26 00:00:00-04:00,9.039999961853027,9.050000190734863,8.760000228881836,8.979999542236328,142900,0.0,0.0
2004-08-27 00:00:00-04:00,8.90999984741211,9.180000305175781,8.75,9.180000305175781,165100,0.0,0.0
2004-08-30 00:00:00-04:00,9.109999656677246,9.140000343322754,8.5600004196167,8.859999656677246,154000,0.0,0.0
2004-08-31 00:00:00-04:00,8.760000228881836,8.970000267028809,8.40999984741211,8.90999984741211,165000,0.0,0.0
2004-09-01 00:00:00-04:00,8.880000114440918,9.550000190734863,8.449999809265137,8.869999885559082,212900,0.0,0.0
2004-09-02 00:00:00-04:00,8.90999984741211,9.359999656677246,8.770000457763672,9.270000457763672,126200,0.0,0.0
2004-09-03 00:00:00-04:00,9.270000457763672,9.390000343322754,8.819999694824219,8.960000038146973,122200,0.0,0.0
2004-09-07 00:00:00-04:00,9.109999656677246,9.260000228881836,8.880000114440918,9.119999885559082,265300,0.0,0.0
2004-09-08 00:00:00-04:00,9.039999961853027,9.140000343322754,8.729999542236328,8.729999542236328,115900,0.0,0.0
2004-09-09 00:00:00-04:00,8.720000267028809,9.0,8.649999618530273,8.989999771118164,199200,0.0,0.0
2004-09-10 00:00:00-04:00,8.90999984741211,9.270000457763672,8.90999984741211,9.220000267028809,106500,0.0,0.0
2004-09-13 00:00:00-04:00,9.319999694824219,9.460000038146973,9.050000190734863,9.300000190734863,190300,0.0,0.0
2004-09-14 00:00:00-04:00,9.430000305175781,9.430000305175781,8.979999542236328,9.199999809265137,172800,0.0,0.0
2004-09-15 00:00:00-04:00,9.25,9.319999694824219,9.0,9.119999885559082,105500,0.0,0.0
2004-09-16 00:00:00-04:00,9.119999885559082,9.270000457763672,9.09000015258789,9.180000305175781,126600,0.0,0.0
2004-09-17 00:00:00-04:00,9.3100004196167,9.630000114440918,8.90999984741211,9.0,247700,0.0,0.0
2004-09-20 00:00:00-04:00,8.949999809265137,9.25,8.899999618530273,9.25,141600,0.0,0.0
2004-09-21 00:00:00-04:00,9.25,9.319999694824219,8.989999771118164,9.319999694824219,99200,0.0,0.0
2004-09-22 00:00:00-04:00,9.100000381469727,9.4399995803833,8.5600004196167,8.65999984741211,276600,0.0,0.0
2004-09-23 00:00:00-04:00,8.90999984741211,8.930000305175781,8.630000114440918,8.670000076293945,98800,0.0,0.0
2004-09-24 00:00:00-04:00,8.770000457763672,8.890000343322754,8.59000015258789,8.649999618530273,76300,0.0,0.0
2004-09-27 00:00:00-04:00,8.5600004196167,9.050000190734863,8.199999809265137,8.199999809265137,231400,0.0,0.0
2004-09-28 00:00:00-04:00,8.390000343322754,8.989999771118164,8.329999923706055,8.729999542236328,194000,0.0,0.0
2004-09-29 00:00:00-04:00,8.630000114440918,8.899999618530273,8.619999885559082,8.899999618530273,130500,0.0,0.0
2004-09-30 00:00:00-04:00,8.800000190734863,9.0,8.630000114440918,8.680000305175781,180400,0.0,0.0
2004-10-01 00:00:00-04:00,8.649999618530273,9.0,8.489999771118164,8.779999732971191,233000,0.0,0.0
2004-10-04 00:00:00-04:00,8.640000343322754,9.25,8.640000343322754,9.0,242200,0.0,0.0
2004-10-05 00:00:00-04:00,9.0,9.0600004196167,8.5,8.5,297700,0.0,0.0
2004-10-06 00:00:00-04:00,8.600000381469727,8.65999984741211,8.40999984741211,8.479999542236328,294900,0.0,0.0
2004-10-07 00:00:00-04:00,8.550000190734863,8.680000305175781,8.229999542236328,8.229999542236328,173700,0.0,0.0
2004-10-08 00:00:00-04:00,8.449999809265137,8.449999809265137,7.860000133514404,7.889999866485596,289300,0.0,0.0
2004-10-11 00:00:00-04:00,8.0,8.079999923706055,7.900000095367432,8.029999732971191,159700,0.0,0.0
2004-10-12 00:00:00-04:00,7.929999828338623,8.100000381469727,7.800000190734863,8.0,116600,0.0,0.0
2004-10-13 00:00:00-04:00,8.010000228881836,8.050000190734863,7.659999847412109,7.659999847412109,404200,0.0,0.0
2004-10-14 00:00:00-04:00,7.650000095367432,7.75,7.309999942779541,7.409999847412109,281300,0.0,0.0
2004-10-15 00:00:00-04:00,7.449999809265137,7.570000171661377,7.25,7.420000076293945,421600,0.0,0.0
2004-10-18 00:00:00-04:00,7.579999923706055,8.0,7.389999866485596,7.71999979019165,357200,0.0,0.0
2004-10-19 00:00:00-04:00,7.610000133514404,7.690000057220459,7.28000020980835,7.300000190734863,259100,0.0,0.0
2004-10-20 00:00:00-04:00,7.150000095367432,7.25,6.889999866485596,6.949999809265137,748700,0.0,0.0
2004-10-21 00:00:00-04:00,7.0,7.070000171661377,6.800000190734863,6.920000076293945,370200,0.0,0.0
2004-10-22 00:00:00-04:00,6.900000095367432,7.059999942779541,6.840000152587891,6.860000133514404,271900,0.0,0.0
2004-10-25 00:00:00-04:00,6.860000133514404,6.949999809265137,6.539999961853027,6.849999904632568,501300,0.0,0.0
2004-10-26 00:00:00-04:00,6.920000076293945,7.119999885559082,6.800000190734863,7.079999923706055,323800,0.0,0.0
2004-10-27 00:00:00-04:00,6.989999771118164,7.179999828338623,6.900000095367432,7.170000076293945,465300,0.0,0.0
2004-10-28 00:00:00-04:00,7.349999904632568,7.349999904632568,6.980000019073486,7.210000038146973,436300,0.0,0.0
2004-10-29 00:00:00-04:00,7.110000133514404,7.320000171661377,7.059999942779541,7.269999980926514,428400,0.0,0.0
2004-11-01 00:00:00-05:00,7.159999847412109,7.590000152587891,7.159999847412109,7.539999961853027,441400,0.0,0.0
2004-11-02 00:00:00-05:00,7.650000095367432,7.789999961853027,7.510000228881836,7.519999980926514,461900,0.0,0.0
2004-11-03 00:00:00-05:00,7.809999942779541,7.960000038146973,7.46999979019165,7.880000114440918,271100,0.0,0.0
2004-11-04 00:00:00-05:00,7.650000095367432,7.940000057220459,7.519999980926514,7.920000076293945,185000,0.0,0.0
2004-11-05 00:00:00-05:00,7.789999961853027,8.1899995803833,7.789999961853027,8.020000457763672,288800,0.0,0.0
2004-11-08 00:00:00-05:00,8.180000305175781,8.180000305175781,7.849999904632568,8.0600004196167,370500,0.0,0.0
2004-11-09 00:00:00-05:00,8.010000228881836,8.359999656677246,8.010000228881836,8.34000015258789,254900,0.0,0.0
2004-11-10 00:00:00-05:00,8.1899995803833,8.609999656677246,8.1899995803833,8.510000228881836,246700,0.0,0.0
2004-11-11 00:00:00-05:00,8.460000038146973,8.760000228881836,8.350000381469727,8.710000038146973,231500,0.0,0.0
2004-11-12 00:00:00-05:00,8.789999961853027,8.869999885559082,8.220000267028809,8.720000267028809,365100,0.0,0.0
2004-11-15 00:00:00-05:00,8.609999656677246,9.0,8.609999656677246,8.930000305175781,248900,0.0,0.0
2004-11-16 00:00:00-05:00,8.789999961853027,8.90999984741211,8.5,8.579999923706055,191300,0.0,0.0
2004-11-17 00:00:00-05:00,8.65999984741211,9.0,8.520000457763672,8.640000343322754,187400,0.0,0.0
2004-11-18 00:00:00-05:00,8.470000267028809,8.739999771118164,8.470000267028809,8.59000015258789,142200,0.0,0.0
2004-11-19 00:00:00-05:00,8.539999961853027,8.649999618530273,8.329999923706055,8.329999923706055,151200,0.0,0.0
2004-11-22 00:00:00-05:00,8.470000267028809,8.770000457763672,8.34000015258789,8.75,152100,0.0,0.0
2004-11-23 00:00:00-05:00,8.850000381469727,8.899999618530273,8.470000267028809,8.84000015258789,136300,0.0,0.0
2004-11-24 00:00:00-05:00,8.640000343322754,8.930000305175781,8.520000457763672,8.600000381469727,181800,0.0,0.0
2004-11-26 00:00:00-05:00,8.5,8.680000305175781,8.5,8.550000190734863,60000,0.0,0.0
2004-11-29 00:00:00-05:00,8.720000267028809,9.149999618530273,8.550000190734863,9.029999732971191,385600,0.0,0.0
2004-11-30 00:00:00-05:00,9.0,9.270000457763672,9.0,9.220000267028809,306900,0.0,0.0
2004-12-01 00:00:00-05:00,9.350000381469727,9.350000381469727,9.0,9.029999732971191,335400,0.0,0.0
2004-12-02 00:00:00-05:00,8.989999771118164,9.3100004196167,8.970000267028809,9.220000267028809,257300,0.0,0.0
2004-12-03 00:00:00-05:00,9.079999923706055,9.350000381469727,8.979999542236328,9.020000457763672,136900,0.0,0.0
2004-12-06 00:00:00-05:00,8.970000267028809,9.119999885559082,8.819999694824219,8.90999984741211,203000,0.0,0.0
2004-12-07 00:00:00-05:00,8.65999984741211,9.149999618530273,8.600000381469727,8.619999885559082,192700,0.0,0.0
2004-12-08 00:00:00-05:00,8.760000228881836,8.850000381469727,8.539999961853027,8.779999732971191,179400,0.0,0.0
2004-12-09 00:00:00-05:00,8.680000305175781,9.0,8.579999923706055,8.789999961853027,162000,0.0,0.0
2004-12-10 00:00:00-05:00,8.920000076293945,8.979999542236328,8.649999618530273,8.84000015258789,109600,0.0,0.0
2004-12-13 00:00:00-05:00,8.880000114440918,9.199999809265137,8.779999732971191,9.0600004196167,168700,0.0,0.0
2004-12-14 00:00:00-05:00,9.109999656677246,9.319999694824219,9.0600004196167,9.270000457763672,320300,0.0,0.0
2004-12-15 00:00:00-05:00,9.210000038146973,9.850000381469727,9.119999885559082,9.470000267028809,617500,0.0,0.0
2004-12-16 00:00:00-05:00,9.550000190734863,9.600000381469727,9.180000305175781,9.270000457763672,298700,0.0,0.0
2004-12-17 00:00:00-05:00,9.34000015258789,9.470000267028809,8.949999809265137,8.949999809265137,351200,0.0,0.0
2004-12-20 00:00:00-05:00,8.949999809265137,9.369999885559082,8.949999809265137,9.140000343322754,250900,0.0,0.0
2004-12-21 00:00:00-05:00,9.25,9.40999984741211,8.949999809265137,9.1899995803833,348800,0.0,0.0
2004-12-22 00:00:00-05:00,9.359999656677246,9.380000114440918,9.1899995803833,9.239999771118164,158400,0.0,0.0
2004-12-23 00:00:00-05:00,9.180000305175781,9.420000076293945,9.180000305175781,9.319999694824219,233600,0.0,0.0
2004-12-27 00:00:00-05:00,9.399999618530273,9.4399995803833,8.970000267028809,9.0600004196167,325200,0.0,0.0
2004-12-28 00:00:00-05:00,9.15999984741211,9.390000343322754,9.109999656677246,9.270000457763672,396900,0.0,0.0
2004-12-29 00:00:00-05:00,9.180000305175781,9.399999618530273,9.180000305175781,9.289999961853027,217700,0.0,0.0
2004-12-30 00:00:00-05:00,9.199999809265137,9.399999618530273,9.199999809265137,9.319999694824219,174100,0.0,0.0
2004-12-31 00:00:00-05:00,9.229999542236328,9.390000343322754,9.210000038146973,9.210000038146973,227800,0.0,0.0
2005-01-03 00:00:00-05:00,9.359999656677246,9.359999656677246,8.970000267028809,9.039999961853027,235900,0.0,0.0
2005-01-04 00:00:00-05:00,9.229999542236328,9.229999542236328,8.279999732971191,8.350000381469727,403400,0.0,0.0
2005-01-05 00:00:00-05:00,8.539999961853027,8.65999984741211,8.329999923706055,8.40999984741211,293300,0.0,0.0
2005-01-06 00:00:00-05:00,8.350000381469727,8.5,8.15999984741211,8.300000190734863,222500,0.0,0.0
2005-01-07 00:00:00-05:00,8.180000305175781,8.460000038146973,8.079999923706055,8.149999618530273,166900,0.0,0.0
2005-01-10 00:00:00-05:00,8.520000457763672,8.6899995803833,8.380000114440918,8.470000267028809,294700,0.0,0.0
2005-01-11 00:00:00-05:00,8.180000305175781,8.180000305175781,7.480000019073486,7.5,802300,0.0,0.0
2005-01-12 00:00:00-05:00,7.519999980926514,7.730000019073486,7.349999904632568,7.730000019073486,370900,0.0,0.0
2005-01-13 00:00:00-05:00,7.860000133514404,7.889999866485596,7.559999942779541,7.639999866485596,283100,0.0,0.0
2005-01-14 00:00:00-05:00,7.909999847412109,7.909999847412109,7.630000114440918,7.730000019073486,389900,0.0,0.0
2005-01-18 00:00:00-05:00,7.739999771118164,7.869999885559082,7.610000133514404,7.860000133514404,287100,0.0,0.0
2005-01-19 00:00:00-05:00,7.909999847412109,7.909999847412109,7.5,7.519999980926514,376200,0.0,0.0
2005-01-20 00:00:00-05:00,7.5,7.539999961853027,7.300000190734863,7.340000152587891,218200,0.0,0.0
2005-01-21 00:00:00-05:00,7.420000076293945,7.480000019073486,7.110000133514404,7.139999866485596,310400,0.0,0.0
2005-01-24 00:00:00-05:00,7.110000133514404,7.230000019073486,7.0,7.03000020980835,398200,0.0,0.0
2005-01-25 00:00:00-05:00,7.019999980926514,7.369999885559082,7.019999980926514,7.150000095367432,235800,0.0,0.0
2005-01-26 00:00:00-05:00,7.139999866485596,7.309999942779541,7.139999866485596,7.260000228881836,282100,0.0,0.0
2005-01-27 00:00:00-05:00,7.360000133514404,7.380000114440918,7.059999942779541,7.25,204600,0.0,0.0
2005-01-28 00:00:00-05:00,7.28000020980835,7.28000020980835,6.980000019073486,6.989999771118164,219100,0.0,0.0
2005-01-31 00:00:00-05:00,7.0,7.25,6.949999809265137,7.199999809265137,145900,0.0,0.0
2005-02-01 00:00:00-05:00,7.28000020980835,7.28000020980835,7.059999942779541,7.21999979019165,271800,0.0,0.0
2005-02-02 00:00:00-05:00,7.21999979019165,7.349999904632568,7.039999961853027,7.190000057220459,224100,0.0,0.0
2005-02-03 00:00:00-05:00,7.210000038146973,7.260000228881836,6.929999828338623,7.230000019073486,401600,0.0,0.0
2005-02-04 00:00:00-05:00,7.260000228881836,7.510000228881836,7.159999847412109,7.510000228881836,417800,0.0,0.0
2005-02-07 00:00:00-05:00,7.510000228881836,7.510000228881836,7.309999942779541,7.460000038146973,379600,0.0,0.0
2005-02-08 00:00:00-05:00,7.489999771118164,7.489999771118164,7.170000076293945,7.369999885559082,164300,0.0,0.0
2005-02-09 00:00:00-05:00,7.349999904632568,7.380000114440918,6.949999809265137,7.050000190734863,363000,0.0,0.0
2005-02-10 00:00:00-05:00,7.130000114440918,7.300000190734863,6.909999847412109,7.230000019073486,324700,0.0,0.0
2005-02-11 00:00:00-05:00,7.050000190734863,7.300000190734863,6.860000133514404,7.090000152587891,635200,0.0,0.0
2005-02-14 00:00:00-05:00,7.079999923706055,7.099999904632568,6.820000171661377,6.869999885559082,322100,0.0,0.0
2005-02-15 00:00:00-05:00,6.949999809265137,7.039999961853027,6.809999942779541,6.900000095367432,243200,0.0,0.0
2005-02-16 00:00:00-05:00,6.829999923706055,6.900000095367432,6.699999809265137,6.769999980926514,166400,0.0,0.0
2005-02-17 00:00:00-05:00,6.929999828338623,6.989999771118164,6.570000171661377,6.570000171661377,198300,0.0,0.0
2005-02-18 00:00:00-05:00,6.639999866485596,6.639999866485596,6.25,6.389999866485596,738400,0.0,0.0
2005-02-22 00:00:00-05:00,6.599999904632568,6.710000038146973,6.380000114440918,6.460000038146973,567300,0.0,0.0
2005-02-23 00:00:00-05:00,6.380000114440918,6.699999809265137,6.309999942779541,6.400000095367432,217600,0.0,0.0
2005-02-24 00:00:00-05:00,6.460000038146973,6.539999961853027,6.25,6.480000019073486,215900,0.0,0.0
2005-02-25 00:00:00-05:00,6.429999828338623,6.53000020980835,6.329999923706055,6.46999979019165,147600,0.0,0.0
2005-02-28 00:00:00-05:00,6.360000133514404,6.369999885559082,6.110000133514404,6.110000133514404,339600,0.0,0.0
2005-03-01 00:00:00-05:00,6.110000133514404,6.199999809265137,5.820000171661377,6.019999980926514,352100,0.0,0.0
2005-03-02 00:00:00-05:00,6.039999961853027,6.119999885559082,5.949999809265137,6.050000190734863,329400,0.0,0.0
2005-03-03 00:00:00-05:00,6.119999885559082,6.150000095367432,5.949999809265137,6.050000190734863,242600,0.0,0.0
2005-03-04 00:00:00-05:00,6.119999885559082,6.119999885559082,5.880000114440918,5.880000114440918,441500,0.0,0.0
2005-03-07 00:00:00-05:00,5.900000095367432,6.110000133514404,5.889999866485596,5.940000057220459,300300,0.0,0.0
2005-03-08 00:00:00-05:00,5.909999847412109,6.0,5.679999828338623,5.739999771118164,259700,0.0,0.0
2005-03-09 00:00:00-05:00,5.75,5.989999771118164,5.75,5.769999980926514,407500,0.0,0.0
2005-03-10 00:00:00-05:00,5.809999942779541,5.949999809265137,5.400000095367432,5.440000057220459,394900,0.0,0.0
2005-03-11 00:00:00-05:00,5.409999847412109,5.570000171661377,5.210000038146973,5.230000019073486,265800,0.0,0.0
2005-03-14 00:00:00-05:00,5.489999771118164,6.150000095367432,5.340000152587891,5.96999979019165,673200,0.0,0.0
2005-03-15 00:00:00-05:00,6.050000190734863,6.110000133514404,5.699999809265137,5.710000038146973,545400,0.0,0.0
2005-03-16 00:00:00-05:00,5.75,5.78000020980835,5.309999942779541,5.349999904632568,352200,0.0,0.0
2005-03-17 00:00:00-05:00,5.349999904632568,5.519999980926514,5.300000190734863,5.340000152587891,266700,0.0,0.0
2005-03-18 00:00:00-05:00,5.369999885559082,5.690000057220459,5.25,5.510000228881836,708200,0.0,0.0
2005-03-21 00:00:00-05:00,5.590000152587891,5.619999885559082,5.420000076293945,5.519999980926514,171600,0.0,0.0
2005-03-22 00:00:00-05:00,5.460000038146973,5.559999942779541,5.25,5.449999809265137,206000,0.0,0.0
2005-03-23 00:00:00-05:00,5.449999809265137,5.53000020980835,5.349999904632568,5.510000228881836,113700,0.0,0.0
2005-03-24 00:00:00-05:00,5.570000171661377,5.650000095367432,5.349999904632568,5.369999885559082,433500,0.0,0.0
2005-03-28 00:00:00-05:00,5.400000095367432,5.550000190734863,5.210000038146973,5.230000019073486,278900,0.0,0.0
2005-03-29 00:00:00-05:00,5.230000019073486,5.25,4.75,4.860000133514404,388100,0.0,0.0
2005-03-30 00:00:00-05:00,4.909999847412109,5.050000190734863,4.840000152587891,5.050000190734863,174500,0.0,0.0
2005-03-31 00:00:00-05:00,5.070000171661377,5.110000133514404,4.989999771118164,5.110000133514404,230600,0.0,0.0
2005-04-01 00:00:00-05:00,5.110000133514404,5.360000133514404,4.929999828338623,4.989999771118164,202000,0.0,0.0
2005-04-04 00:00:00-04:00,4.949999809265137,5.079999923706055,4.75,4.880000114440918,249200,0.0,0.0
2005-04-05 00:00:00-04:00,4.929999828338623,4.929999828338623,4.650000095367432,4.650000095367432,281000,0.0,0.0
2005-04-06 00:00:00-04:00,4.630000114440918,4.920000076293945,4.630000114440918,4.679999828338623,427700,0.0,0.0
2005-04-07 00:00:00-04:00,4.690000057220459,4.980000019073486,4.650000095367432,4.869999885559082,487900,0.0,0.0
2005-04-08 00:00:00-04:00,4.909999847412109,4.989999771118164,4.730000019073486,4.769999980926514,150000,0.0,0.0
2005-04-11 00:00:00-04:00,4.769999980926514,5.25,4.690000057220459,4.920000076293945,737900,0.0,0.0
2005-04-12 00:00:00-04:00,4.900000095367432,4.900000095367432,4.610000133514404,4.730000019073486,795100,0.0,0.0
2005-04-13 00:00:00-04:00,4.829999923706055,4.980000019073486,4.71999979019165,4.800000190734863,732700,0.0,0.0
2005-04-14 00:00:00-04:00,4.840000152587891,4.940000057220459,4.630000114440918,4.630000114440918,612200,0.0,0.0
2005-04-15 00:00:00-04:00,4.78000020980835,4.900000095367432,4.690000057220459,4.739999771118164,524900,0.0,0.0
2005-04-18 00:00:00-04:00,4.800000190734863,4.949999809265137,4.699999809265137,4.730000019073486,590600,0.0,0.0
2005-04-19 00:00:00-04:00,4.75,4.880000114440918,4.730000019073486,4.800000190734863,199600,0.0,0.0
2005-04-20 00:00:00-04:00,4.840000152587891,4.940000057220459,4.739999771118164,4.840000152587891,269800,0.0,0.0
2005-04-21 00:00:00-04:00,4.949999809265137,5.320000171661377,4.889999866485596,5.210000038146973,488900,0.0,0.0
2005-04-22 00:00:00-04:00,5.199999809265137,5.230000019073486,4.989999771118164,5.019999980926514,390000,0.0,0.0
2005-04-25 00:00:00-04:00,5.090000152587891,5.320000171661377,5.050000190734863,5.25,294600,0.0,0.0
2005-04-26 00:00:00-04:00,5.300000190734863,5.769999980926514,5.25,5.699999809265137,508400,0.0,0.0
2005-04-27 00:00:00-04:00,5.760000228881836,5.900000095367432,5.5,5.75,446800,0.0,0.0
2005-04-28 00:00:00-04:00,5.78000020980835,5.900000095367432,5.320000171661377,5.380000114440918,384900,0.0,0.0
2005-04-29 00:00:00-04:00,5.400000095367432,5.690000057220459,5.260000228881836,5.570000171661377,291900,0.0,0.0
2005-05-02 00:00:00-04:00,5.599999904632568,6.059999942779541,5.599999904632568,6.059999942779541,456400,0.0,0.0
2005-05-03 00:00:00-04:00,6.059999942779541,6.46999979019165,6.0,6.159999847412109,968800,0.0,0.0
2005-05-04 00:00:00-04:00,6.389999866485596,6.730000019073486,6.210000038146973,6.639999866485596,786300,0.0,0.0
2005-05-05 00:00:00-04:00,6.699999809265137,7.420000076293945,6.639999866485596,7.28000020980835,798400,0.0,0.0
2005-05-06 00:00:00-04:00,7.389999866485596,7.590000152587891,6.480000019073486,6.900000095367432,951800,0.0,0.0
2005-05-09 00:00:00-04:00,6.900000095367432,7.230000019073486,6.829999923706055,6.889999866485596,455600,0.0,0.0
2005-05-10 00:00:00-04:00,6.869999885559082,7.099999904632568,6.5,6.840000152587891,489600,0.0,0.0
2005-05-11 00:00:00-04:00,6.840000152587891,6.880000114440918,6.510000228881836,6.71999979019165,424200,0.0,0.0
2005-05-12 00:00:00-04:00,6.599999904632568,6.699999809265137,6.269999980926514,6.28000020980835,514000,0.0,0.0
2005-05-13 00:00:00-04:00,6.260000228881836,6.389999866485596,5.920000076293945,6.039999961853027,367800,0.0,0.0
2005-05-16 00:00:00-04:00,6.0,6.110000133514404,5.920000076293945,6.019999980926514,325500,0.0,0.0
2005-05-17 00:00:00-04:00,6.489999771118164,6.579999923706055,6.239999771118164,6.570000171661377,520100,0.0,0.0
2005-05-18 00:00:00-04:00,6.71999979019165,6.760000228881836,6.409999847412109,6.5,535400,0.0,0.0
2005-05-19 00:00:00-04:00,6.570000171661377,6.570000171661377,6.25,6.320000171661377,337500,0.0,0.0
2005-05-20 00:00:00-04:00,6.349999904632568,6.349999904632568,6.059999942779541,6.21999979019165,270600,0.0,0.0
2005-05-23 00:00:00-04:00,6.230000019073486,6.539999961853027,6.199999809265137,6.510000228881836,523100,0.0,0.0
2005-05-24 00:00:00-04:00,6.619999885559082,6.75,6.449999809265137,6.630000114440918,477100,0.0,0.0
2005-05-25 00:00:00-04:00,6.639999866485596,6.639999866485596,6.320000171661377,6.400000095367432,232800,0.0,0.0
2005-05-26 00:00:00-04:00,6.400000095367432,6.460000038146973,6.329999923706055,6.420000076293945,171900,0.0,0.0
2005-05-27 00:00:00-04:00,6.349999904632568,6.659999847412109,6.349999904632568,6.630000114440918,212500,0.0,0.0
2005-05-31 00:00:00-04:00,6.53000020980835,6.570000171661377,6.210000038146973,6.230000019073486,234200,0.0,0.0
2005-06-01 00:00:00-04:00,6.170000076293945,6.449999809265137,5.909999847412109,6.409999847412109,340300,0.0,0.0
2005-06-02 00:00:00-04:00,6.400000095367432,6.5,6.170000076293945,6.400000095367432,231200,0.0,0.0
2005-06-03 00:00:00-04:00,6.329999923706055,6.420000076293945,6.139999866485596,6.159999847412109,255600,0.0,0.0
2005-06-06 00:00:00-04:00,6.159999847412109,6.369999885559082,6.130000114440918,6.239999771118164,219900,0.0,0.0
2005-06-07 00:00:00-04:00,6.260000228881836,6.5,6.150000095367432,6.25,241400,0.0,0.0
2005-06-08 00:00:00-04:00,6.309999942779541,6.309999942779541,6.139999866485596,6.150000095367432,237700,0.0,0.0
2005-06-09 00:00:00-04:00,6.150000095367432,6.340000152587891,6.090000152587891,6.199999809265137,250200,0.0,0.0
2005-06-10 00:00:00-04:00,6.21999979019165,6.389999866485596,6.199999809265137,6.360000133514404,130000,0.0,0.0
2005-06-13 00:00:00-04:00,6.360000133514404,6.360000133514404,6.150000095367432,6.21999979019165,160300,0.0,0.0
2005-06-14 00:00:00-04:00,6.260000228881836,6.679999828338623,6.210000038146973,6.599999904632568,260500,0.0,0.0
2005-06-15 00:00:00-04:00,6.559999942779541,6.940000057220459,6.510000228881836,6.929999828338623,262800,0.0,0.0
2005-06-16 00:00:00-04:00,6.96999979019165,7.429999828338623,6.960000038146973,7.289999961853027,413300,0.0,0.0
2005-06-17 00:00:00-04:00,7.309999942779541,8.0,7.309999942779541,7.650000095367432,981400,0.0,0.0
2005-06-20 00:00:00-04:00,7.639999866485596,8.819999694824219,7.599999904632568,8.640000343322754,830300,0.0,0.0
2005-06-21 00:00:00-04:00,8.779999732971191,8.8100004196167,8.4399995803833,8.680000305175781,815400,0.0,0.0
2005-06-22 00:00:00-04:00,8.65999984741211,8.829999923706055,8.510000228881836,8.609999656677246,317100,0.0,0.0
2005-06-23 00:00:00-04:00,8.59000015258789,8.760000228881836,8.430000305175781,8.4399995803833,267800,0.0,0.0
2005-06-24 00:00:00-04:00,8.430000305175781,8.800000190734863,7.929999828338623,8.800000190734863,862800,0.0,0.0
2005-06-27 00:00:00-04:00,8.75,8.84000015258789,8.239999771118164,8.239999771118164,360300,0.0,0.0
2005-06-28 00:00:00-04:00,8.100000381469727,8.75,8.100000381469727,8.75,540600,0.0,0.0
2005-06-29 00:00:00-04:00,8.739999771118164,8.8100004196167,8.430000305175781,8.640000343322754,201800,0.0,0.0
2005-06-30 00:00:00-04:00,8.680000305175781,8.699999809265137,8.34000015258789,8.390000343322754,242000,0.0,0.0
2005-07-01 00:00:00-04:00,8.399999618530273,8.670000076293945,8.369999885559082,8.619999885559082,315700,0.0,0.0
2005-07-05 00:00:00-04:00,8.600000381469727,9.15999984741211,8.529999732971191,9.039999961853027,506300,0.0,0.0
2005-07-06 00:00:00-04:00,9.0,9.300000190734863,8.859999656677246,9.109999656677246,286300,0.0,0.0
2005-07-07 00:00:00-04:00,8.800000190734863,9.119999885559082,8.6899995803833,8.979999542236328,204700,0.0,0.0
2005-07-08 00:00:00-04:00,9.020000457763672,9.5,8.90999984741211,9.5,281400,0.0,0.0
2005-07-11 00:00:00-04:00,9.5,9.779999732971191,9.239999771118164,9.630000114440918,380500,0.0,0.0
2005-07-12 00:00:00-04:00,9.649999618530273,9.75,9.119999885559082,9.260000228881836,311300,0.0,0.0
2005-07-13 00:00:00-04:00,9.25,9.489999771118164,9.079999923706055,9.300000190734863,226300,0.0,0.0
2005-07-14 00:00:00-04:00,9.369999885559082,9.539999961853027,9.300000190734863,9.520000457763672,228900,0.0,0.0
2005-07-15 00:00:00-04:00,9.399999618530273,9.5600004196167,9.260000228881836,9.510000228881836,357700,0.0,0.0
2005-07-18 00:00:00-04:00,9.380000114440918,9.5,9.369999885559082,9.399999618530273,161900,0.0,0.0
2005-07-19 00:00:00-04:00,9.380000114440918,9.5,9.329999923706055,9.489999771118164,193600,0.0,0.0
2005-07-20 00:00:00-04:00,9.449999809265137,10.239999771118164,9.390000343322754,10.220000267028809,422700,0.0,0.0
2005-07-21 00:00:00-04:00,10.079999923706055,10.670000076293945,9.850000381469727,10.270000457763672,340200,0.0,0.0
2005-07-22 00:00:00-04:00,10.229999542236328,10.270000457763672,9.170000076293945,9.930000305175781,577000,0.0,0.0
2005-07-25 00:00:00-04:00,9.930000305175781,9.930000305175781,9.5,9.520000457763672,306900,0.0,0.0
2005-07-26 00:00:00-04:00,9.5,9.850000381469727,9.5,9.770000457763672,137900,0.0,0.0
2005-07-27 00:00:00-04:00,9.770000457763672,9.899999618530273,9.539999961853027,9.550000190734863,204200,0.0,0.0
2005-07-28 00:00:00-04:00,9.550000190734863,9.84000015258789,9.510000228881836,9.75,131600,0.0,0.0
2005-07-29 00:00:00-04:00,9.75,9.880000114440918,9.609999656677246,9.640000343322754,129600,0.0,0.0
2005-08-01 00:00:00-04:00,9.649999618530273,9.899999618530273,9.529999732971191,9.859999656677246,181100,0.0,0.0
2005-08-02 00:00:00-04:00,9.800000190734863,10.170000076293945,9.75,10.170000076293945,606200,0.0,0.0
2005-08-03 00:00:00-04:00,10.15999984741211,10.220000267028809,9.829999923706055,9.949999809265137,183800,0.0,0.0
2005-08-04 00:00:00-04:00,9.899999618530273,10.09000015258789,9.710000038146973,9.75,225400,0.0,0.0
2005-08-05 00:00:00-04:00,9.699999809265137,9.989999771118164,9.270000457763672,9.40999984741211,320900,0.0,0.0
2005-08-08 00:00:00-04:00,9.399999618530273,9.479999542236328,8.489999771118164,8.569999694824219,756100,0.0,0.0
2005-08-09 00:00:00-04:00,8.550000190734863,8.84000015258789,8.550000190734863,8.680000305175781,237300,0.0,0.0
2005-08-10 00:00:00-04:00,8.699999809265137,8.90999984741211,8.579999923706055,8.90999984741211,272400,0.0,0.0
2005-08-11 00:00:00-04:00,8.930000305175781,9.0,8.6899995803833,8.819999694824219,149900,0.0,0.0
2005-08-12 00:00:00-04:00,8.779999732971191,8.819999694824219,8.180000305175781,8.40999984741211,299600,0.0,0.0
2005-08-15 00:00:00-04:00,8.40999984741211,8.949999809265137,8.350000381469727,8.890000343322754,336800,0.0,0.0
2005-08-16 00:00:00-04:00,8.920000076293945,8.920000076293945,8.609999656677246,8.619999885559082,208700,0.0,0.0
2005-08-17 00:00:00-04:00,8.550000190734863,8.600000381469727,8.449999809265137,8.470000267028809,166300,0.0,0.0
2005-08-18 00:00:00-04:00,8.550000190734863,8.729999542236328,8.390000343322754,8.399999618530273,151500,0.0,0.0
2005-08-19 00:00:00-04:00,8.390000343322754,8.600000381469727,8.390000343322754,8.449999809265137,79700,0.0,0.0
2005-08-22 00:00:00-04:00,8.40999984741211,8.65999984741211,8.40999984741211,8.619999885559082,131300,0.0,0.0
2005-08-23 00:00:00-04:00,8.609999656677246,8.649999618530273,8.25,8.300000190734863,276000,0.0,0.0
2005-08-24 00:00:00-04:00,8.220000267028809,8.319999694824219,8.130000114440918,8.180000305175781,202300,0.0,0.0
2005-08-25 00:00:00-04:00,8.119999885559082,8.199999809265137,7.929999828338623,7.980000019073486,244200,0.0,0.0
2005-08-26 00:00:00-04:00,7.920000076293945,7.989999771118164,7.449999809265137,7.489999771118164,313300,0.0,0.0
2005-08-29 00:00:00-04:00,7.429999828338623,7.860000133514404,7.360000133514404,7.829999923706055,303900,0.0,0.0
2005-08-30 00:00:00-04:00,7.849999904632568,7.849999904632568,7.449999809265137,7.610000133514404,211400,0.0,0.0
2005-08-31 00:00:00-04:00,7.610000133514404,7.690000057220459,7.400000095367432,7.46999979019165,197700,0.0,0.0
2005-09-01 00:00:00-04:00,7.480000019073486,7.71999979019165,7.46999979019165,7.639999866485596,187400,0.0,0.0
2005-09-02 00:00:00-04:00,7.610000133514404,8.020000457763672,7.610000133514404,7.78000020980835,254800,0.0,0.0
2005-09-06 00:00:00-04:00,7.869999885559082,8.069999694824219,7.75,8.050000190734863,422900,0.0,0.0
2005-09-07 00:00:00-04:00,8.119999885559082,8.609999656677246,8.079999923706055,8.390000343322754,431200,0.0,0.0
2005-09-08 00:00:00-04:00,8.479999542236328,8.510000228881836,8.279999732971191,8.489999771118164,204500,0.0,0.0
2005-09-09 00:00:00-04:00,8.430000305175781,8.5,8.279999732971191,8.40999984741211,214400,0.0,0.0
2005-09-12 00:00:00-04:00,8.40999984741211,8.649999618530273,8.300000190734863,8.550000190734863,175200,0.0,0.0
2005-09-13 00:00:00-04:00,8.5,8.579999923706055,8.149999618530273,8.359999656677246,219100,0.0,0.0
2005-09-14 00:00:00-04:00,8.359999656677246,8.359999656677246,7.880000114440918,8.010000228881836,340700,0.0,0.0
2005-09-15 00:00:00-04:00,7.929999828338623,7.949999809265137,7.639999866485596,7.769999980926514,307600,0.0,0.0
2005-09-16 00:00:00-04:00,7.849999904632568,8.770000457763672,7.760000228881836,8.350000381469727,778100,0.0,0.0
2005-09-19 00:00:00-04:00,8.399999618530273,8.569999694824219,8.270000457763672,8.4399995803833,188600,0.0,0.0
2005-09-20 00:00:00-04:00,8.420000076293945,8.729999542236328,8.420000076293945,8.670000076293945,277300,0.0,0.0
2005-09-21 00:00:00-04:00,8.630000114440918,8.680000305175781,8.270000457763672,8.279999732971191,181500,0.0,0.0
2005-09-22 00:00:00-04:00,8.279999732971191,8.390000343322754,8.149999618530273,8.239999771118164,229700,0.0,0.0
2005-09-23 00:00:00-04:00,8.180000305175781,8.489999771118164,8.130000114440918,8.260000228881836,152500,0.0,0.0
2005-09-26 00:00:00-04:00,8.300000190734863,8.920000076293945,8.270000457763672,8.5,270900,0.0,0.0
2005-09-27 00:00:00-04:00,8.5600004196167,9.720000267028809,8.470000267028809,9.369999885559082,1103600,0.0,0.0
2005-09-28 00:00:00-04:00,9.460000038146973,9.640000343322754,9.210000038146973,9.420000076293945,414700,0.0,0.0
2005-09-29 00:00:00-04:00,9.460000038146973,9.609999656677246,9.25,9.529999732971191,203500,0.0,0.0
2005-09-30 00:00:00-04:00,9.470000267028809,9.6899995803833,9.319999694824219,9.489999771118164,252000,0.0,0.0
2005-10-03 00:00:00-04:00,9.430000305175781,9.84000015258789,9.020000457763672,9.699999809265137,474300,0.0,0.0
2005-10-04 00:00:00-04:00,9.699999809265137,10.449999809265137,9.670000076293945,10.100000381469727,571300,0.0,0.0
2005-10-05 00:00:00-04:00,10.100000381469727,10.239999771118164,9.789999961853027,9.829999923706055,544300,0.0,0.0
2005-10-06 00:00:00-04:00,9.800000190734863,9.819999694824219,9.210000038146973,9.25,1054600,0.0,0.0
2005-10-07 00:00:00-04:00,9.270000457763672,9.6899995803833,9.220000267028809,9.5,460200,0.0,0.0
2005-10-10 00:00:00-04:00,9.449999809265137,9.739999771118164,9.260000228881836,9.390000343322754,183400,0.0,0.0
2005-10-11 00:00:00-04:00,9.479999542236328,9.630000114440918,9.210000038146973,9.399999618530273,456200,0.0,0.0
2005-10-12 00:00:00-04:00,9.329999923706055,9.380000114440918,8.6899995803833,8.760000228881836,1263800,0.0,0.0
2005-10-13 00:00:00-04:00,8.6899995803833,9.020000457763672,8.550000190734863,8.920000076293945,466600,0.0,0.0
2005-10-14 00:00:00-04:00,9.0,9.319999694824219,8.779999732971191,9.229999542236328,220900,0.0,0.0
2005-10-17 00:00:00-04:00,9.149999618530273,9.399999618530273,9.029999732971191,9.3100004196167,307000,0.0,0.0
2005-10-18 00:00:00-04:00,9.350000381469727,9.600000381469727,9.239999771118164,9.430000305175781,241500,0.0,0.0
2005-10-19 00:00:00-04:00,9.390000343322754,9.390000343322754,9.010000228881836,9.300000190734863,401800,0.0,0.0
2005-10-20 00:00:00-04:00,9.210000038146973,9.289999961853027,9.029999732971191,9.130000114440918,158600,0.0,0.0
2005-10-21 00:00:00-04:00,9.130000114440918,9.350000381469727,8.90999984741211,9.0,421200,0.0,0.0
2005-10-24 00:00:00-04:00,9.350000381469727,11.319999694824219,9.350000381469727,11.210000038146973,1381400,0.0,0.0
2005-10-25 00:00:00-04:00,11.039999961853027,11.479999542236328,10.5,11.010000228881836,963500,0.0,0.0
2005-10-26 00:00:00-04:00,10.960000038146973,11.180000305175781,10.8100004196167,10.9399995803833,461900,0.0,0.0
2005-10-27 00:00:00-04:00,10.829999923706055,11.479999542236328,10.829999923706055,11.399999618530273,427000,0.0,0.0
2005-10-28 00:00:00-04:00,11.399999618530273,12.100000381469727,11.399999618530273,11.970000267028809,532600,0.0,0.0
2005-10-31 00:00:00-05:00,11.970000267028809,12.699999809265137,11.84000015258789,12.510000228881836,554500,0.0,0.0
2005-11-01 00:00:00-05:00,12.510000228881836,12.609999656677246,11.850000381469727,12.010000228881836,410500,0.0,0.0
2005-11-02 00:00:00-05:00,11.949999809265137,12.350000381469727,11.880000114440918,12.109999656677246,418900,0.0,0.0
2005-11-03 00:00:00-05:00,12.180000305175781,13.279999732971191,11.859999656677246,12.979999542236328,524900,0.0,0.0
2005-11-04 00:00:00-05:00,12.979999542236328,13.3100004196167,12.699999809265137,13.0,259700,0.0,0.0
2005-11-07 00:00:00-05:00,13.010000228881836,13.399999618530273,12.979999542236328,13.09000015258789,194100,0.0,0.0
2005-11-08 00:00:00-05:00,13.050000190734863,13.119999885559082,12.680000305175781,12.720000267028809,218200,0.0,0.0
2005-11-09 00:00:00-05:00,11.449999809265137,11.470000267028809,10.960000038146973,11.470000267028809,1626300,0.0,0.0
2005-11-10 00:00:00-05:00,11.4399995803833,11.449999809265137,11.010000228881836,11.210000038146973,682000,0.0,0.0
2005-11-11 00:00:00-05:00,11.210000038146973,11.210000038146973,10.899999618530273,11.029999732971191,285700,0.0,0.0
2005-11-14 00:00:00-05:00,11.029999732971191,11.210000038146973,10.84000015258789,10.890000343322754,425200,0.0,0.0
2005-11-15 00:00:00-05:00,11.079999923706055,11.239999771118164,10.930000305175781,11.140000343322754,908500,0.0,0.0
2005-11-16 00:00:00-05:00,11.140000343322754,11.199999809265137,11.050000190734863,11.140000343322754,618300,0.0,0.0
2005-11-17 00:00:00-05:00,11.0600004196167,11.300000190734863,10.960000038146973,11.279999732971191,153000,0.0,0.0
2005-11-18 00:00:00-05:00,11.149999618530273,11.449999809265137,10.920000076293945,11.229999542236328,405400,0.0,0.0
2005-11-21 00:00:00-05:00,11.109999656677246,11.479999542236328,11.050000190734863,11.270000457763672,265700,0.0,0.0
2005-11-22 00:00:00-05:00,11.239999771118164,11.470000267028809,11.229999542236328,11.40999984741211,374600,0.0,0.0
2005-11-23 00:00:00-05:00,11.359999656677246,11.449999809265137,11.229999542236328,11.359999656677246,197100,0.0,0.0
2005-11-25 00:00:00-05:00,11.279999732971191,11.350000381469727,11.229999542236328,11.3100004196167,75500,0.0,0.0
2005-11-28 00:00:00-05:00,11.279999732971191,11.279999732971191,10.649999618530273,10.739999771118164,398000,0.0,0.0
2005-11-29 00:00:00-05:00,10.869999885559082,11.039999961853027,10.449999809265137,10.579999923706055,229500,0.0,0.0
2005-11-30 00:00:00-05:00,10.579999923706055,11.210000038146973,10.520000457763672,11.170000076293945,970700,0.0,0.0
2005-12-01 00:00:00-05:00,11.149999618530273,11.25,10.869999885559082,10.90999984741211,286600,0.0,0.0
2005-12-02 00:00:00-05:00,10.829999923706055,10.90999984741211,10.619999885559082,10.800000190734863,250000,0.0,0.0
2005-12-05 00:00:00-05:00,10.800000190734863,10.829999923706055,10.149999618530273,10.460000038146973,618500,0.0,0.0
2005-12-06 00:00:00-05:00,10.550000190734863,10.829999923706055,10.5,10.579999923706055,359900,0.0,0.0
2005-12-07 00:00:00-05:00,10.550000190734863,10.819999694824219,10.40999984741211,10.4399995803833,370600,0.0,0.0
2005-12-08 00:00:00-05:00,10.460000038146973,10.75,10.369999885559082,10.699999809265137,405800,0.0,0.0
2005-12-09 00:00:00-05:00,10.800000190734863,11.779999732971191,10.760000228881836,11.489999771118164,506100,0.0,0.0
2005-12-12 00:00:00-05:00,11.600000381469727,11.739999771118164,11.3100004196167,11.5600004196167,594300,0.0,0.0
2005-12-13 00:00:00-05:00,11.649999618530273,11.75,11.529999732971191,11.649999618530273,198000,0.0,0.0
2005-12-14 00:00:00-05:00,11.619999885559082,12.010000228881836,11.5600004196167,11.649999618530273,180600,0.0,0.0
2005-12-15 00:00:00-05:00,11.640000343322754,12.079999923706055,11.619999885559082,12.0,366100,0.0,0.0
2005-12-16 00:00:00-05:00,12.039999961853027,12.170000076293945,11.949999809265137,11.960000038146973,473600,0.0,0.0
2005-12-19 00:00:00-05:00,11.9399995803833,11.949999809265137,11.329999923706055,11.4399995803833,235100,0.0,0.0
2005-12-20 00:00:00-05:00,11.390000343322754,11.800000190734863,11.289999961853027,11.619999885559082,232700,0.0,0.0
2005-12-21 00:00:00-05:00,11.670000076293945,12.109999656677246,11.670000076293945,12.100000381469727,254900,0.0,0.0
2005-12-22 00:00:00-05:00,12.100000381469727,12.90999984741211,12.100000381469727,12.859999656677246,499800,0.0,0.0
2005-12-23 00:00:00-05:00,12.84000015258789,13.829999923706055,12.789999961853027,13.760000228881836,673300,0.0,0.0
2005-12-27 00:00:00-05:00,14.9399995803833,16.709999084472656,14.630000114440918,16.59000015258789,2246300,0.0,0.0
2005-12-28 00:00:00-05:00,16.59000015258789,17.3700008392334,15.630000114440918,16.829999923706055,1661000,0.0,0.0
2005-12-29 00:00:00-05:00,16.829999923706055,16.93000030517578,16.299999237060547,16.40999984741211,557900,0.0,0.0
2005-12-30 00:00:00-05:00,16.270000457763672,16.3700008392334,15.770000457763672,15.899999618530273,623800,0.0,0.0
2006-01-03 00:00:00-05:00,15.800000190734863,16.190000534057617,15.40999984741211,15.899999618530273,964600,0.0,0.0
2006-01-04 00:00:00-05:00,16.010000228881836,16.010000228881836,15.510000228881836,15.920000076293945,590400,0.0,0.0
2006-01-05 00:00:00-05:00,15.800000190734863,16.700000762939453,15.779999732971191,16.450000762939453,691600,0.0,0.0
2006-01-06 00:00:00-05:00,16.56999969482422,17.34000015258789,15.9399995803833,17.0,664600,0.0,0.0
2006-01-09 00:00:00-05:00,16.8799991607666,17.68000030517578,16.670000076293945,17.1299991607666,889000,0.0,0.0
2006-01-10 00:00:00-05:00,16.989999771118164,17.100000381469727,16.149999618530273,16.719999313354492,552600,0.0,0.0
2006-01-11 00:00:00-05:00,16.649999618530273,16.770000457763672,15.960000038146973,16.290000915527344,767500,0.0,0.0
2006-01-12 00:00:00-05:00,16.260000228881836,16.6299991607666,15.699999809265137,15.84000015258789,578400,0.0,0.0
2006-01-13 00:00:00-05:00,15.819999694824219,17.43000030517578,15.819999694824219,16.1299991607666,491100,0.0,0.0
2006-01-17 00:00:00-05:00,15.979999542236328,16.299999237060547,15.8100004196167,15.949999809265137,359400,0.0,0.0
2006-01-18 00:00:00-05:00,15.75,15.819999694824219,15.329999923706055,15.770000457763672,619800,0.0,0.0
2006-01-19 00:00:00-05:00,15.760000228881836,16.600000381469727,15.449999809265137,16.469999313354492,612700,0.0,0.0
2006-01-20 00:00:00-05:00,16.559999465942383,16.559999465942383,15.329999923706055,15.5,441800,0.0,0.0
2006-01-23 00:00:00-05:00,15.449999809265137,15.649999618530273,14.350000381469727,15.220000267028809,725100,0.0,0.0
2006-01-24 00:00:00-05:00,15.229999542236328,15.229999542236328,14.6899995803833,15.109999656677246,345600,0.0,0.0
2006-01-25 00:00:00-05:00,15.079999923706055,15.460000038146973,15.010000228881836,15.270000457763672,324300,0.0,0.0
2006-01-26 00:00:00-05:00,15.449999809265137,15.630000114440918,15.130000114440918,15.520000457763672,340100,0.0,0.0
2006-01-27 00:00:00-05:00,15.510000228881836,15.899999618530273,15.329999923706055,15.4399995803833,550800,0.0,0.0
2006-01-30 00:00:00-05:00,15.369999885559082,15.65999984741211,15.119999885559082,15.180000305175781,221400,0.0,0.0
2006-01-31 00:00:00-05:00,15.119999885559082,15.399999618530273,15.0,15.229999542236328,284700,0.0,0.0
2006-02-01 00:00:00-05:00,15.149999618530273,15.920000076293945,15.149999618530273,15.770000457763672,472100,0.0,0.0
2006-02-02 00:00:00-05:00,15.670000076293945,15.979999542236328,15.479999542236328,15.680000305175781,337300,0.0,0.0
2006-02-03 00:00:00-05:00,15.920000076293945,17.020000457763672,15.779999732971191,16.190000534057617,794900,0.0,0.0
2006-02-06 00:00:00-05:00,16.219999313354492,16.239999771118164,15.329999923706055,15.890000343322754,476600,0.0,0.0
2006-02-07 00:00:00-05:00,15.779999732971191,16.219999313354492,15.380000114440918,15.479999542236328,314800,0.0,0.0
2006-02-08 00:00:00-05:00,15.479999542236328,15.699999809265137,15.239999771118164,15.40999984741211,178100,0.0,0.0
2006-02-09 00:00:00-05:00,15.399999618530273,15.850000381469727,15.1899995803833,15.3100004196167,220500,0.0,0.0
2006-02-10 00:00:00-05:00,15.25,15.399999618530273,14.869999885559082,15.329999923706055,219000,0.0,0.0
2006-02-13 00:00:00-05:00,15.229999542236328,15.649999618530273,14.84000015258789,14.989999771118164,432500,0.0,0.0
2006-02-14 00:00:00-05:00,15.079999923706055,15.470000267028809,14.65999984741211,15.3100004196167,193100,0.0,0.0
2006-02-15 00:00:00-05:00,15.239999771118164,15.649999618530273,15.020000457763672,15.579999923706055,183400,0.0,0.0
2006-02-16 00:00:00-05:00,15.609999656677246,15.789999961853027,15.25,15.710000038146973,233100,0.0,0.0
2006-02-17 00:00:00-05:00,15.779999732971191,15.789999961853027,15.039999961853027,15.09000015258789,281100,0.0,0.0
2006-02-21 00:00:00-05:00,15.0600004196167,15.600000381469727,14.819999694824219,15.279999732971191,449600,0.0,0.0
2006-02-22 00:00:00-05:00,15.399999618530273,15.399999618530273,14.979999542236328,15.119999885559082,498500,0.0,0.0
2006-02-23 00:00:00-05:00,15.100000381469727,15.170000076293945,14.9399995803833,15.039999961853027,314100,0.0,0.0
2006-02-24 00:00:00-05:00,15.0,16.229999542236328,15.0,16.0,808800,0.0,0.0
2006-02-27 00:00:00-05:00,16.329999923706055,17.639999389648438,16.25,17.5,818000,0.0,0.0
2006-02-28 00:00:00-05:00,17.329999923706055,18.0,16.280000686645508,16.3700008392334,982100,0.0,0.0
2006-03-01 00:00:00-05:00,16.3700008392334,17.030000686645508,16.3700008392334,16.770000457763672,459700,0.0,0.0
2006-03-02 00:00:00-05:00,16.809999465942383,17.34000015258789,16.600000381469727,17.299999237060547,279500,0.0,0.0
2006-03-03 00:00:00-05:00,17.25,17.940000534057617,16.84000015258789,17.149999618530273,442000,0.0,0.0
2006-03-06 00:00:00-05:00,17.170000076293945,18.0,17.170000076293945,18.0,745400,0.0,0.0
2006-03-07 00:00:00-05:00,18.0,18.0,17.030000686645508,17.15999984741211,384700,0.0,0.0
2006-03-08 00:00:00-05:00,17.010000228881836,17.440000534057617,16.299999237060547,17.280000686645508,324600,0.0,0.0
2006-03-09 00:00:00-05:00,17.280000686645508,17.280000686645508,16.239999771118164,16.299999237060547,414400,0.0,0.0
2006-03-10 00:00:00-05:00,16.219999313354492,17.1200008392334,16.0,16.700000762939453,488800,0.0,0.0
2006-03-13 00:00:00-05:00,16.850000381469727,17.06999969482422,16.229999542236328,16.299999237060547,408600,0.0,0.0
2006-03-14 00:00:00-05:00,16.299999237060547,17.0,16.18000030517578,16.90999984741211,242000,0.0,0.0
2006-03-15 00:00:00-05:00,16.850000381469727,16.93000030517578,16.260000228881836,16.6299991607666,387300,0.0,0.0
2006-03-16 00:00:00-05:00,16.639999389648438,17.219999313354492,16.600000381469727,16.969999313354492,339500,0.0,0.0
2006-03-17 00:00:00-05:00,17.100000381469727,17.34000015258789,16.700000762939453,16.770000457763672,495600,0.0,0.0
2006-03-20 00:00:00-05:00,16.770000457763672,17.219999313354492,16.229999542236328,16.489999771118164,296500,0.0,0.0
2006-03-21 00:00:00-05:00,16.270000457763672,16.829999923706055,16.229999542236328,16.270000457763672,284900,0.0,0.0
2006-03-22 00:00:00-05:00,16.280000686645508,17.8799991607666,16.239999771118164,16.90999984741211,371700,0.0,0.0
2006-03-23 00:00:00-05:00,16.950000762939453,17.270000457763672,16.770000457763672,17.06999969482422,210200,0.0,0.0
2006-03-24 00:00:00-05:00,17.110000610351562,17.280000686645508,16.670000076293945,17.200000762939453,275500,0.0,0.0
2006-03-27 00:00:00-05:00,17.229999542236328,17.25,16.350000381469727,16.889999389648438,304900,0.0,0.0
2006-03-28 00:00:00-05:00,16.809999465942383,16.8700008392334,16.170000076293945,16.239999771118164,345600,0.0,0.0
2006-03-29 00:00:00-05:00,16.25,16.639999389648438,16.170000076293945,16.25,246700,0.0,0.0
2006-03-30 00:00:00-05:00,16.290000915527344,16.68000030517578,16.25,16.530000686645508,307100,0.0,0.0
2006-03-31 00:00:00-05:00,16.59000015258789,16.809999465942383,16.25,16.6299991607666,330600,0.0,0.0
2006-04-03 00:00:00-04:00,16.549999237060547,16.690000534057617,15.859999656677246,15.960000038146973,462800,0.0,0.0
2006-04-04 00:00:00-04:00,15.960000038146973,16.149999618530273,15.6899995803833,15.720000267028809,327600,0.0,0.0
2006-04-05 00:00:00-04:00,15.789999961853027,15.880000114440918,15.5600004196167,15.6899995803833,273400,0.0,0.0
2006-04-06 00:00:00-04:00,15.680000305175781,15.739999771118164,15.119999885559082,15.270000457763672,408400,0.0,0.0
2006-04-07 00:00:00-04:00,15.369999885559082,15.65999984741211,15.100000381469727,15.149999618530273,269500,0.0,0.0
2006-04-10 00:00:00-04:00,15.0600004196167,15.229999542236328,14.369999885559082,14.40999984741211,581200,0.0,0.0
2006-04-11 00:00:00-04:00,14.479999542236328,14.789999961853027,13.829999923706055,13.920000076293945,382400,0.0,0.0
2006-04-12 00:00:00-04:00,13.970000267028809,14.350000381469727,13.760000228881836,13.890000343322754,569900,0.0,0.0
2006-04-13 00:00:00-04:00,13.880000114440918,14.430000305175781,13.770000457763672,14.229999542236328,495200,0.0,0.0
2006-04-17 00:00:00-04:00,14.279999732971191,14.850000381469727,14.210000038146973,14.59000015258789,350600,0.0,0.0
2006-04-18 00:00:00-04:00,14.6899995803833,15.4399995803833,14.569999694824219,15.119999885559082,337800,0.0,0.0
2006-04-19 00:00:00-04:00,15.199999809265137,15.329999923706055,14.8100004196167,15.25,553200,0.0,0.0
2006-04-20 00:00:00-04:00,15.229999542236328,15.3100004196167,14.680000305175781,15.09000015258789,318700,0.0,0.0
2006-04-21 00:00:00-04:00,15.210000038146973,15.210000038146973,14.729999542236328,14.979999542236328,265400,0.0,0.0
2006-04-24 00:00:00-04:00,15.300000190734863,15.329999923706055,14.420000076293945,14.520000457763672,406600,0.0,0.0
2006-04-25 00:00:00-04:00,14.5600004196167,14.579999923706055,13.850000381469727,13.989999771118164,290800,0.0,0.0
2006-04-26 00:00:00-04:00,14.050000190734863,14.220000267028809,13.600000381469727,13.779999732971191,164900,0.0,0.0
2006-04-27 00:00:00-04:00,13.630000114440918,14.399999618530273,13.579999923706055,14.229999542236328,440200,0.0,0.0
2006-04-28 00:00:00-04:00,14.050000190734863,14.84000015258789,14.050000190734863,14.520000457763672,290400,0.0,0.0
2006-05-01 00:00:00-04:00,14.65999984741211,14.800000190734863,14.199999809265137,14.210000038146973,227400,0.0,0.0
2006-05-02 00:00:00-04:00,14.180000305175781,14.579999923706055,14.149999618530273,14.510000228881836,471800,0.0,0.0
2006-05-03 00:00:00-04:00,14.40999984741211,15.369999885559082,14.0,15.34000015258789,290300,0.0,0.0
2006-05-04 00:00:00-04:00,15.34000015258789,15.59000015258789,15.09000015258789,15.170000076293945,303000,0.0,0.0
2006-05-05 00:00:00-04:00,15.0600004196167,15.319999694824219,14.880000114440918,15.170000076293945,328200,0.0,0.0
2006-05-08 00:00:00-04:00,15.09000015258789,15.779999732971191,15.079999923706055,15.449999809265137,383700,0.0,0.0
2006-05-09 00:00:00-04:00,15.449999809265137,15.600000381469727,15.1899995803833,15.229999542236328,282800,0.0,0.0
2006-05-10 00:00:00-04:00,15.199999809265137,15.420000076293945,15.050000190734863,15.25,236500,0.0,0.0
2006-05-11 00:00:00-04:00,15.25,15.279999732971191,14.529999732971191,14.539999961853027,279900,0.0,0.0
2006-05-12 00:00:00-04:00,14.520000457763672,14.5600004196167,13.579999923706055,13.720000267028809,381400,0.0,0.0
2006-05-15 00:00:00-04:00,13.609999656677246,13.819999694824219,12.829999923706055,12.989999771118164,517700,0.0,0.0
2006-05-16 00:00:00-04:00,12.960000038146973,13.5,12.760000228881836,12.819999694824219,566100,0.0,0.0
2006-05-17 00:00:00-04:00,12.789999961853027,12.949999809265137,12.029999732971191,12.329999923706055,564200,0.0,0.0
2006-05-18 00:00:00-04:00,12.350000381469727,12.789999961853027,12.0,12.020000457763672,360000,0.0,0.0
2006-05-19 00:00:00-04:00,12.0,12.470000267028809,11.390000343322754,11.989999771118164,765100,0.0,0.0
2006-05-22 00:00:00-04:00,11.949999809265137,12.170000076293945,11.40999984741211,11.899999618530273,470500,0.0,0.0
2006-05-23 00:00:00-04:00,11.979999542236328,12.449999809265137,11.279999732971191,11.420000076293945,525900,0.0,0.0
2006-05-24 00:00:00-04:00,11.489999771118164,11.65999984741211,10.970000267028809,11.579999923706055,541200,0.0,0.0
2006-05-25 00:00:00-04:00,11.739999771118164,12.020000457763672,11.489999771118164,12.0,453800,0.0,0.0
2006-05-26 00:00:00-04:00,12.09000015258789,12.239999771118164,11.880000114440918,12.09000015258789,314600,0.0,0.0
2006-05-30 00:00:00-04:00,12.0,12.15999984741211,11.449999809265137,11.5600004196167,401300,0.0,0.0
2006-05-31 00:00:00-04:00,11.539999961853027,12.9399995803833,11.539999961853027,12.9399995803833,585300,0.0,0.0
2006-06-01 00:00:00-04:00,12.930000305175781,13.0,12.380000114440918,12.850000381469727,398700,0.0,0.0
2006-06-02 00:00:00-04:00,12.979999542236328,13.399999618530273,12.760000228881836,13.199999809265137,275000,0.0,0.0
2006-06-05 00:00:00-04:00,13.069999694824219,13.270000457763672,12.819999694824219,12.920000076293945,410000,0.0,0.0
2006-06-06 00:00:00-04:00,12.979999542236328,13.09000015258789,12.630000114440918,12.979999542236328,288500,0.0,0.0
2006-06-07 00:00:00-04:00,12.979999542236328,13.420000076293945,12.859999656677246,13.170000076293945,266800,0.0,0.0
2006-06-08 00:00:00-04:00,13.039999961853027,13.140000343322754,12.220000267028809,13.029999732971191,435300,0.0,0.0
2006-06-09 00:00:00-04:00,13.100000381469727,13.300000190734863,12.609999656677246,12.710000038146973,240600,0.0,0.0
2006-06-12 00:00:00-04:00,12.640000343322754,12.779999732971191,12.09000015258789,12.09000015258789,237900,0.0,0.0
2006-06-13 00:00:00-04:00,12.140000343322754,12.5,11.789999961853027,12.010000228881836,245200,0.0,0.0
2006-06-14 00:00:00-04:00,12.010000228881836,12.34000015258789,11.8100004196167,12.220000267028809,283100,0.0,0.0
2006-06-15 00:00:00-04:00,12.270000457763672,12.649999618530273,12.15999984741211,12.619999885559082,236700,0.0,0.0
2006-06-16 00:00:00-04:00,12.5600004196167,12.600000381469727,12.0,12.479999542236328,985300,0.0,0.0
2006-06-19 00:00:00-04:00,12.579999923706055,12.579999923706055,12.220000267028809,12.350000381469727,402800,0.0,0.0
2006-06-20 00:00:00-04:00,12.369999885559082,12.470000267028809,12.25,12.3100004196167,298300,0.0,0.0
2006-06-21 00:00:00-04:00,12.3100004196167,12.550000190734863,12.220000267028809,12.380000114440918,245500,0.0,0.0
2006-06-22 00:00:00-04:00,12.319999694824219,12.4399995803833,12.069999694824219,12.319999694824219,167500,0.0,0.0
2006-06-23 00:00:00-04:00,12.210000038146973,12.470000267028809,12.119999885559082,12.300000190734863,143800,0.0,0.0
2006-06-26 00:00:00-04:00,12.390000343322754,12.5,12.239999771118164,12.460000038146973,249700,0.0,0.0
2006-06-27 00:00:00-04:00,12.479999542236328,12.630000114440918,12.069999694824219,12.180000305175781,361300,0.0,0.0
2006-06-28 00:00:00-04:00,12.289999961853027,12.399999618530273,11.970000267028809,12.270000457763672,372900,0.0,0.0
2006-06-29 00:00:00-04:00,12.40999984741211,13.0,12.319999694824219,12.899999618530273,345600,0.0,0.0
2006-06-30 00:00:00-04:00,13.020000457763672,13.180000305175781,12.630000114440918,12.819999694824219,1380600,0.0,0.0
2006-07-03 00:00:00-04:00,12.819999694824219,13.25,12.819999694824219,13.220000267028809,251200,0.0,0.0
2006-07-05 00:00:00-04:00,13.020000457763672,13.25,12.569999694824219,12.859999656677246,584700,0.0,0.0
2006-07-06 00:00:00-04:00,12.899999618530273,13.0600004196167,12.600000381469727,12.800000190734863,570400,0.0,0.0
2006-07-07 00:00:00-04:00,12.800000190734863,13.199999809265137,12.5600004196167,12.739999771118164,306800,0.0,0.0
2006-07-10 00:00:00-04:00,12.84000015258789,13.029999732971191,12.65999984741211,12.789999961853027,282600,0.0,0.0
2006-07-11 00:00:00-04:00,12.739999771118164,13.039999961853027,12.600000381469727,13.020000457763672,232000,0.0,0.0
2006-07-12 00:00:00-04:00,12.960000038146973,13.5,12.630000114440918,12.6899995803833,211900,0.0,0.0
2006-07-13 00:00:00-04:00,12.609999656677246,12.739999771118164,12.130000114440918,12.15999984741211,204500,0.0,0.0
2006-07-14 00:00:00-04:00,12.130000114440918,12.199999809265137,11.880000114440918,11.920000076293945,327600,0.0,0.0
2006-07-17 00:00:00-04:00,11.90999984741211,12.100000381469727,11.609999656677246,11.680000305175781,180200,0.0,0.0
2006-07-18 00:00:00-04:00,11.75,11.960000038146973,11.100000381469727,11.229999542236328,306000,0.0,0.0
2006-07-19 00:00:00-04:00,11.199999809265137,12.34000015258789,11.199999809265137,12.289999961853027,367500,0.0,0.0
2006-07-20 00:00:00-04:00,12.270000457763672,12.399999618530273,11.510000228881836,11.579999923706055,226700,0.0,0.0
2006-07-21 00:00:00-04:00,11.5,11.510000228881836,10.880000114440918,11.119999885559082,263600,0.0,0.0
2006-07-24 00:00:00-04:00,11.229999542236328,12.15999984741211,11.229999542236328,12.09000015258789,190400,0.0,0.0
2006-07-25 00:00:00-04:00,12.140000343322754,12.8100004196167,11.979999542236328,12.5,214100,0.0,0.0
2006-07-26 00:00:00-04:00,12.479999542236328,12.829999923706055,12.0,12.65999984741211,267100,0.0,0.0
2006-07-27 00:00:00-04:00,12.979999542236328,13.529999732971191,12.699999809265137,13.529999732971191,897300,0.0,0.0
2006-07-28 00:00:00-04:00,13.670000076293945,13.930000305175781,13.3100004196167,13.800000190734863,333300,0.0,0.0
2006-07-31 00:00:00-04:00,13.8100004196167,13.819999694824219,13.449999809265137,13.65999984741211,369300,0.0,0.0
2006-08-01 00:00:00-04:00,13.59000015258789,13.609999656677246,13.010000228881836,13.210000038146973,319500,0.0,0.0
2006-08-02 00:00:00-04:00,13.229999542236328,14.0,13.229999542236328,13.59000015258789,289800,0.0,0.0
2006-08-03 00:00:00-04:00,13.5,14.25,13.25,13.960000038146973,249800,0.0,0.0
2006-08-04 00:00:00-04:00,14.199999809265137,14.460000038146973,13.789999961853027,14.0,282400,0.0,0.0
2006-08-07 00:00:00-04:00,13.819999694824219,14.119999885559082,13.619999885559082,14.09000015258789,229600,0.0,0.0
2006-08-08 00:00:00-04:00,14.1899995803833,14.460000038146973,13.90999984741211,14.229999542236328,315600,0.0,0.0
2006-08-09 00:00:00-04:00,14.4399995803833,14.699999809265137,13.949999809265137,14.25,370900,0.0,0.0
2006-08-10 00:00:00-04:00,14.239999771118164,14.609999656677246,13.890000343322754,13.90999984741211,271600,0.0,0.0
2006-08-11 00:00:00-04:00,13.899999618530273,14.0,13.479999542236328,13.90999984741211,269500,0.0,0.0
2006-08-14 00:00:00-04:00,14.100000381469727,14.239999771118164,13.75,13.800000190734863,145700,0.0,0.0
2006-08-15 00:00:00-04:00,14.069999694824219,14.489999771118164,13.979999542236328,14.449999809265137,280000,0.0,0.0
2006-08-16 00:00:00-04:00,14.550000190734863,15.0,14.520000457763672,14.859999656677246,274700,0.0,0.0
2006-08-17 00:00:00-04:00,14.859999656677246,15.210000038146973,14.65999984741211,15.199999809265137,178300,0.0,0.0
2006-08-18 00:00:00-04:00,15.239999771118164,15.420000076293945,14.699999809265137,15.40999984741211,213900,0.0,0.0
2006-08-21 00:00:00-04:00,15.329999923706055,15.380000114440918,14.800000190734863,14.949999809265137,182500,0.0,0.0
2006-08-22 00:00:00-04:00,14.960000038146973,15.100000381469727,14.619999885559082,14.949999809265137,89100,0.0,0.0
2006-08-23 00:00:00-04:00,14.90999984741211,14.989999771118164,14.479999542236328,14.619999885559082,140700,0.0,0.0
2006-08-24 00:00:00-04:00,14.710000038146973,14.920000076293945,14.510000228881836,14.550000190734863,156500,0.0,0.0
2006-08-25 00:00:00-04:00,14.470000267028809,14.930000305175781,14.470000267028809,14.789999961853027,95400,0.0,0.0
2006-08-28 00:00:00-04:00,14.710000038146973,15.100000381469727,14.710000038146973,15.039999961853027,134700,0.0,0.0
2006-08-29 00:00:00-04:00,15.020000457763672,15.670000076293945,15.010000228881836,15.470000267028809,345400,0.0,0.0
2006-08-30 00:00:00-04:00,15.529999732971191,15.949999809265137,15.420000076293945,15.920000076293945,210700,0.0,0.0
2006-08-31 00:00:00-04:00,15.949999809265137,16.190000534057617,15.739999771118164,15.880000114440918,242600,0.0,0.0
2006-09-01 00:00:00-04:00,15.920000076293945,15.920000076293945,15.550000190734863,15.819999694824219,152700,0.0,0.0
2006-09-05 00:00:00-04:00,15.880000114440918,16.479999542236328,15.819999694824219,16.3700008392334,471500,0.0,0.0
2006-09-06 00:00:00-04:00,16.219999313354492,16.280000686645508,15.510000228881836,15.75,311500,0.0,0.0
2006-09-07 00:00:00-04:00,15.609999656677246,16.049999237060547,15.510000228881836,15.829999923706055,354100,0.0,0.0
2006-09-08 00:00:00-04:00,15.869999885559082,16.020000457763672,15.760000228881836,16.0,202600,0.0,0.0
2006-09-11 00:00:00-04:00,15.890000343322754,16.0,15.609999656677246,15.979999542236328,447200,0.0,0.0
2006-09-12 00:00:00-04:00,16.0,16.479999542236328,15.829999923706055,16.399999618530273,347300,0.0,0.0
2006-09-13 00:00:00-04:00,16.420000076293945,16.639999389648438,16.209999084472656,16.520000457763672,285200,0.0,0.0
2006-09-14 00:00:00-04:00,16.389999389648438,16.719999313354492,16.309999465942383,16.549999237060547,249700,0.0,0.0
2006-09-15 00:00:00-04:00,16.670000076293945,16.75,16.31999969482422,16.75,1563600,0.0,0.0
2006-09-18 00:00:00-04:00,16.530000686645508,16.75,16.389999389648438,16.610000610351562,183400,0.0,0.0
2006-09-19 00:00:00-04:00,16.56999969482422,16.56999969482422,16.1299991607666,16.420000076293945,428400,0.0,0.0
2006-09-20 00:00:00-04:00,16.610000610351562,16.989999771118164,16.440000534057617,16.93000030517578,313500,0.0,0.0
2006-09-21 00:00:00-04:00,17.0,17.0,16.100000381469727,16.200000762939453,280400,0.0,0.0
2006-09-22 00:00:00-04:00,16.100000381469727,16.15999984741211,15.350000381469727,15.520000457763672,252800,0.0,0.0
2006-09-25 00:00:00-04:00,15.510000228881836,15.710000038146973,15.260000228881836,15.520000457763672,214400,0.0,0.0
2006-09-26 00:00:00-04:00,15.5600004196167,15.59000015258789,15.220000267028809,15.34000015258789,241200,0.0,0.0
2006-09-27 00:00:00-04:00,15.380000114440918,16.030000686645508,15.34000015258789,16.030000686645508,573000,0.0,0.0
2006-09-28 00:00:00-04:00,16.040000915527344,16.3700008392334,15.960000038146973,16.059999465942383,299500,0.0,0.0
2006-09-29 00:00:00-04:00,16.020000457763672,16.18000030517578,15.65999984741211,15.6899995803833,242300,0.0,0.0
2006-10-02 00:00:00-04:00,15.569999694824219,16.010000228881836,15.270000457763672,15.670000076293945,261000,0.0,0.0
2006-10-03 00:00:00-04:00,15.5600004196167,16.059999465942383,15.550000190734863,15.640000343322754,551000,0.0,0.0
2006-10-04 00:00:00-04:00,15.65999984741211,16.65999984741211,15.59000015258789,16.489999771118164,677200,0.0,0.0
2006-10-05 00:00:00-04:00,16.440000534057617,17.030000686645508,16.329999923706055,16.719999313354492,432500,0.0,0.0
2006-10-06 00:00:00-04:00,16.729999542236328,16.81999969482422,16.540000915527344,16.739999771118164,261700,0.0,0.0
2006-10-09 00:00:00-04:00,16.639999389648438,16.809999465942383,16.350000381469727,16.770000457763672,168100,0.0,0.0
2006-10-10 00:00:00-04:00,16.690000534057617,16.93000030517578,15.5,16.760000228881836,306900,0.0,0.0
2006-10-11 00:00:00-04:00,16.649999618530273,16.920000076293945,16.479999542236328,16.760000228881836,216100,0.0,0.0
2006-10-12 00:00:00-04:00,16.799999237060547,17.25,16.709999084472656,17.020000457763672,266400,0.0,0.0
2006-10-13 00:00:00-04:00,17.059999465942383,17.610000610351562,16.979999542236328,17.5,478200,0.0,0.0
2006-10-16 00:00:00-04:00,17.579999923706055,17.920000076293945,17.40999984741211,17.860000610351562,322200,0.0,0.0
2006-10-17 00:00:00-04:00,17.690000534057617,18.09000015258789,17.600000381469727,17.989999771118164,379900,0.0,0.0
2006-10-18 00:00:00-04:00,17.969999313354492,18.1299991607666,17.530000686645508,17.8799991607666,376300,0.0,0.0
2006-10-19 00:00:00-04:00,19.520000457763672,19.579999923706055,18.760000228881836,18.780000686645508,867800,0.0,0.0
2006-10-20 00:00:00-04:00,18.899999618530273,19.6200008392334,18.520000457763672,19.450000762939453,490800,0.0,0.0
2006-10-23 00:00:00-04:00,19.600000381469727,19.68000030517578,19.030000686645508,19.6200008392334,395900,0.0,0.0
2006-10-24 00:00:00-04:00,19.530000686645508,19.56999969482422,19.1299991607666,19.31999969482422,277700,0.0,0.0
2006-10-25 00:00:00-04:00,19.34000015258789,19.5,18.940000534057617,19.25,278000,0.0,0.0
2006-10-26 00:00:00-04:00,19.420000076293945,19.989999771118164,19.420000076293945,19.950000762939453,292600,0.0,0.0
2006-10-27 00:00:00-04:00,19.809999465942383,19.979999542236328,19.520000457763672,19.65999984741211,249500,0.0,0.0
2006-10-30 00:00:00-05:00,19.5,19.59000015258789,18.860000610351562,19.399999618530273,330500,0.0,0.0
2006-10-31 00:00:00-05:00,19.799999237060547,20.43000030517578,19.799999237060547,20.049999237060547,1048100,0.0,0.0
2006-11-01 00:00:00-05:00,20.200000762939453,20.5,19.790000915527344,19.889999389648438,363300,0.0,0.0
2006-11-02 00:00:00-05:00,19.829999923706055,20.25,19.690000534057617,20.200000762939453,390900,0.0,0.0
2006-11-03 00:00:00-05:00,20.299999237060547,20.889999389648438,20.200000762939453,20.780000686645508,516100,0.0,0.0
2006-11-06 00:00:00-05:00,21.049999237060547,23.5,21.0,23.219999313354492,1309800,0.0,0.0
2006-11-07 00:00:00-05:00,23.100000381469727,24.75,22.889999389648438,24.239999771118164,1025000,0.0,0.0
2006-11-08 00:00:00-05:00,23.950000762939453,23.989999771118164,22.84000015258789,22.979999542236328,795300,0.0,0.0
2006-11-09 00:00:00-05:00,22.969999313354492,23.420000076293945,21.829999923706055,22.149999618530273,936800,0.0,0.0
2006-11-10 00:00:00-05:00,22.139999389648438,23.81999969482422,21.93000030517578,23.81999969482422,764500,0.0,0.0
2006-11-13 00:00:00-05:00,23.75,24.3799991607666,23.639999389648438,24.280000686645508,460300,0.0,0.0
2006-11-14 00:00:00-05:00,22.81999969482422,23.81999969482422,22.549999237060547,23.260000228881836,1441500,0.0,0.0
2006-11-15 00:00:00-05:00,23.5,23.809999465942383,23.1299991607666,23.56999969482422,554800,0.0,0.0
2006-11-16 00:00:00-05:00,23.75,23.989999771118164,23.559999465942383,23.719999313354492,574000,0.0,0.0
2006-11-17 00:00:00-05:00,23.709999084472656,23.889999389648438,23.149999618530273,23.649999618530273,528200,0.0,0.0
2006-11-20 00:00:00-05:00,23.59000015258789,24.850000381469727,23.56999969482422,23.850000381469727,1467700,0.0,0.0
2006-11-21 00:00:00-05:00,23.959999084472656,23.979999542236328,22.739999771118164,23.40999984741211,743700,0.0,0.0
2006-11-22 00:00:00-05:00,23.360000610351562,23.809999465942383,22.979999542236328,23.350000381469727,404400,0.0,0.0
2006-11-24 00:00:00-05:00,23.1299991607666,23.469999313354492,22.84000015258789,23.239999771118164,98600,0.0,0.0
2006-11-27 00:00:00-05:00,23.15999984741211,23.309999465942383,21.899999618530273,22.0,1044300,0.0,0.0
2006-11-28 00:00:00-05:00,22.15999984741211,22.399999618530273,21.34000015258789,21.709999084472656,1120200,0.0,0.0
2006-11-29 00:00:00-05:00,21.8700008392334,22.56999969482422,21.450000762939453,21.5,643000,0.0,0.0
2006-11-30 00:00:00-05:00,21.5,22.049999237060547,21.170000076293945,21.510000228881836,803300,0.0,0.0
2006-12-01 00:00:00-05:00,21.540000915527344,21.68000030517578,20.639999389648438,21.15999984741211,595200,0.0,0.0
2006-12-04 00:00:00-05:00,21.209999084472656,21.829999923706055,21.18000030517578,21.610000610351562,654900,0.0,0.0
2006-12-05 00:00:00-05:00,21.510000228881836,21.799999237060547,21.010000228881836,21.700000762939453,693800,0.0,0.0
2006-12-06 00:00:00-05:00,21.610000610351562,21.860000610351562,21.219999313354492,21.540000915527344,279800,0.0,0.0
2006-12-07 00:00:00-05:00,21.520000457763672,21.889999389648438,21.110000610351562,21.280000686645508,228000,0.0,0.0
2006-12-08 00:00:00-05:00,21.299999237060547,21.940000534057617,20.979999542236328,21.709999084472656,320600,0.0,0.0
2006-12-11 00:00:00-05:00,21.75,21.75,20.760000228881836,20.81999969482422,509200,0.0,0.0
2006-12-12 00:00:00-05:00,20.75,20.950000762939453,20.100000381469727,20.270000457763672,618700,0.0,0.0
2006-12-13 00:00:00-05:00,20.40999984741211,20.59000015258789,19.889999389648438,20.049999237060547,467200,0.0,0.0
2006-12-14 00:00:00-05:00,20.100000381469727,20.59000015258789,20.100000381469727,20.239999771118164,473400,0.0,0.0
2006-12-15 00:00:00-05:00,20.270000457763672,20.40999984741211,19.760000228881836,20.190000534057617,1286500,0.0,0.0
2006-12-18 00:00:00-05:00,20.25,20.600000381469727,20.030000686645508,20.059999465942383,546000,0.0,0.0
2006-12-19 00:00:00-05:00,19.889999389648438,20.239999771118164,19.84000015258789,20.059999465942383,516800,0.0,0.0
2006-12-20 00:00:00-05:00,20.06999969482422,20.489999771118164,20.010000228881836,20.420000076293945,390500,0.0,0.0
2006-12-21 00:00:00-05:00,20.389999389648438,20.809999465942383,20.299999237060547,20.540000915527344,630300,0.0,0.0
2006-12-22 00:00:00-05:00,20.520000457763672,20.690000534057617,20.049999237060547,20.280000686645508,211500,0.0,0.0
2006-12-26 00:00:00-05:00,20.239999771118164,20.34000015258789,19.790000915527344,20.149999618530273,213100,0.0,0.0
2006-12-27 00:00:00-05:00,20.260000228881836,20.729999542236328,20.260000228881836,20.510000228881836,233500,0.0,0.0
2006-12-28 00:00:00-05:00,20.520000457763672,20.709999084472656,19.809999465942383,20.049999237060547,315800,0.0,0.0
2006-12-29 00:00:00-05:00,20.079999923706055,20.170000076293945,19.90999984741211,20.06999969482422,282900,0.0,0.0
2007-01-03 00:00:00-05:00,19.93000030517578,20.139999389648438,19.229999542236328,19.809999465942383,544500,0.0,0.0
2007-01-04 00:00:00-05:00,19.739999771118164,20.530000686645508,19.459999084472656,20.18000030517578,642900,0.0,0.0
2007-01-05 00:00:00-05:00,20.06999969482422,20.81999969482422,19.989999771118164,20.799999237060547,694600,0.0,0.0
2007-01-08 00:00:00-05:00,20.850000381469727,21.450000762939453,20.780000686645508,21.149999618530273,681200,0.0,0.0
2007-01-09 00:00:00-05:00,21.239999771118164,21.459999084472656,20.719999313354492,21.270000457763672,396200,0.0,0.0
2007-01-10 00:00:00-05:00,21.239999771118164,21.940000534057617,20.8700008392334,21.920000076293945,586500,0.0,0.0
2007-01-11 00:00:00-05:00,21.950000762939453,22.739999771118164,21.899999618530273,22.549999237060547,735700,0.0,0.0
2007-01-12 00:00:00-05:00,22.540000915527344,22.84000015258789,22.440000534057617,22.739999771118164,352800,0.0,0.0
2007-01-16 00:00:00-05:00,22.700000762939453,22.739999771118164,22.489999771118164,22.549999237060547,484900,0.0,0.0
2007-01-17 00:00:00-05:00,22.579999923706055,22.68000030517578,22.270000457763672,22.510000228881836,283700,0.0,0.0
2007-01-18 00:00:00-05:00,22.440000534057617,22.479999542236328,21.8799991607666,21.8799991607666,358600,0.0,0.0
2007-01-19 00:00:00-05:00,21.8700008392334,22.0,21.579999923706055,21.770000457763672,299000,0.0,0.0
2007-01-22 00:00:00-05:00,21.799999237060547,21.93000030517578,21.510000228881836,21.700000762939453,304700,0.0,0.0
2007-01-23 00:00:00-05:00,21.649999618530273,21.700000762939453,20.780000686645508,20.850000381469727,445400,0.0,0.0
2007-01-24 00:00:00-05:00,20.90999984741211,21.280000686645508,20.860000610351562,21.040000915527344,410800,0.0,0.0
2007-01-25 00:00:00-05:00,21.09000015258789,21.1299991607666,19.90999984741211,20.06999969482422,599100,0.0,0.0
2007-01-26 00:00:00-05:00,19.940000534057617,20.280000686645508,19.760000228881836,19.920000076293945,517300,0.0,0.0
2007-01-29 00:00:00-05:00,19.809999465942383,20.15999984741211,19.56999969482422,19.84000015258789,592700,0.0,0.0
2007-01-30 00:00:00-05:00,19.950000762939453,20.610000610351562,19.950000762939453,20.59000015258789,336300,0.0,0.0
2007-01-31 00:00:00-05:00,20.579999923706055,20.579999923706055,19.5,19.889999389648438,730900,0.0,0.0
2007-02-01 00:00:00-05:00,19.790000915527344,20.489999771118164,19.790000915527344,20.270000457763672,392900,0.0,0.0
2007-02-02 00:00:00-05:00,20.280000686645508,20.649999618530273,20.139999389648438,20.18000030517578,268600,0.0,0.0
2007-02-05 00:00:00-05:00,20.149999618530273,20.3700008392334,19.06999969482422,19.459999084472656,1051900,0.0,0.0
2007-02-06 00:00:00-05:00,19.559999465942383,19.600000381469727,18.969999313354492,19.040000915527344,1142100,0.0,0.0
2007-02-07 00:00:00-05:00,19.100000381469727,19.920000076293945,19.059999465942383,19.690000534057617,546100,0.0,0.0
2007-02-08 00:00:00-05:00,19.65999984741211,20.06999969482422,19.56999969482422,19.84000015258789,598100,0.0,0.0
2007-02-09 00:00:00-05:00,19.809999465942383,20.290000915527344,19.600000381469727,19.889999389648438,446400,0.0,0.0
2007-02-12 00:00:00-05:00,19.899999618530273,20.31999969482422,19.600000381469727,20.270000457763672,565400,0.0,0.0
2007-02-13 00:00:00-05:00,20.360000610351562,21.68000030517578,20.360000610351562,21.65999984741211,1443000,0.0,0.0
2007-02-14 00:00:00-05:00,21.65999984741211,22.420000076293945,21.350000381469727,21.8700008392334,851800,0.0,0.0
2007-02-15 00:00:00-05:00,22.110000610351562,22.350000381469727,21.540000915527344,22.059999465942383,805200,0.0,0.0
2007-02-16 00:00:00-05:00,22.059999465942383,22.100000381469727,21.510000228881836,22.0,415000,0.0,0.0
2007-02-20 00:00:00-05:00,21.959999084472656,22.739999771118164,21.450000762939453,22.639999389648438,569800,0.0,0.0
2007-02-21 00:00:00-05:00,22.6200008392334,22.65999984741211,22.260000228881836,22.489999771118164,423700,0.0,0.0
2007-02-22 00:00:00-05:00,22.40999984741211,22.81999969482422,21.770000457763672,22.190000534057617,403200,0.0,0.0
2007-02-23 00:00:00-05:00,22.09000015258789,22.09000015258789,21.360000610351562,21.600000381469727,479600,0.0,0.0
2007-02-26 00:00:00-05:00,21.5,21.6200008392334,21.059999465942383,21.18000030517578,344800,0.0,0.0
2007-02-27 00:00:00-05:00,21.09000015258789,21.110000610351562,19.850000381469727,19.920000076293945,669200,0.0,0.0
2007-02-28 00:00:00-05:00,20.0,20.350000381469727,19.65999984741211,19.84000015258789,627800,0.0,0.0
2007-03-01 00:00:00-05:00,19.360000610351562,19.899999618530273,18.889999389648438,19.219999313354492,596300,0.0,0.0
2007-03-02 00:00:00-05:00,18.90999984741211,19.549999237060547,18.670000076293945,18.68000030517578,761500,0.0,0.0
2007-03-05 00:00:00-05:00,18.5,19.049999237060547,17.8700008392334,18.760000228881836,1546600,0.0,0.0
2007-03-06 00:00:00-05:00,18.979999542236328,19.40999984741211,18.6200008392334,19.059999465942383,590400,0.0,0.0
2007-03-07 00:00:00-05:00,19.100000381469727,19.25,18.6299991607666,18.639999389648438,784800,0.0,0.0
2007-03-08 00:00:00-05:00,18.760000228881836,19.559999465942383,18.709999084472656,19.280000686645508,779200,0.0,0.0
2007-03-09 00:00:00-05:00,19.40999984741211,19.43000030517578,18.829999923706055,19.020000457763672,323700,0.0,0.0
2007-03-12 00:00:00-04:00,18.8700008392334,19.209999084472656,18.850000381469727,19.040000915527344,350700,0.0,0.0
2007-03-13 00:00:00-04:00,18.93000030517578,18.950000762939453,18.360000610351562,18.3799991607666,619900,0.0,0.0
2007-03-14 00:00:00-04:00,18.299999237060547,18.6299991607666,17.959999084472656,18.510000228881836,586900,0.0,0.0
2007-03-15 00:00:00-04:00,18.510000228881836,18.809999465942383,18.270000457763672,18.56999969482422,355800,0.0,0.0
2007-03-16 00:00:00-04:00,18.540000915527344,18.829999923706055,18.309999465942383,18.3700008392334,1059500,0.0,0.0
2007-03-19 00:00:00-04:00,18.5,18.93000030517578,18.329999923706055,18.610000610351562,365600,0.0,0.0
2007-03-20 00:00:00-04:00,18.56999969482422,19.049999237060547,18.530000686645508,19.040000915527344,268300,0.0,0.0
2007-03-21 00:00:00-04:00,19.059999465942383,19.540000915527344,18.75,19.399999618530273,350100,0.0,0.0
2007-03-22 00:00:00-04:00,19.540000915527344,19.81999969482422,19.260000228881836,19.489999771118164,369400,0.0,0.0
2007-03-23 00:00:00-04:00,19.43000030517578,19.709999084472656,19.149999618530273,19.440000534057617,321500,0.0,0.0
2007-03-26 00:00:00-04:00,19.399999618530273,19.399999618530273,18.829999923706055,19.149999618530273,283400,0.0,0.0
2007-03-27 00:00:00-04:00,22.399999618530273,22.649999618530273,20.790000915527344,22.0,3075800,0.0,0.0
2007-03-28 00:00:00-04:00,21.700000762939453,22.030000686645508,21.440000534057617,21.540000915527344,590400,0.0,0.0
2007-03-29 00:00:00-04:00,21.670000076293945,21.860000610351562,20.809999465942383,21.25,461600,0.0,0.0
2007-03-30 00:00:00-04:00,21.31999969482422,21.790000915527344,21.200000762939453,21.6200008392334,640200,0.0,0.0
2007-04-02 00:00:00-04:00,21.6200008392334,22.079999923706055,21.520000457763672,21.90999984741211,603000,0.0,0.0
2007-04-03 00:00:00-04:00,21.979999542236328,22.770000457763672,21.809999465942383,22.489999771118164,749100,0.0,0.0
2007-04-04 00:00:00-04:00,22.59000015258789,22.860000610351562,22.15999984741211,22.84000015258789,491400,0.0,0.0
2007-04-05 00:00:00-04:00,22.799999237060547,23.549999237060547,22.68000030517578,23.360000610351562,720400,0.0,0.0
2007-04-09 00:00:00-04:00,23.489999771118164,24.110000610351562,23.260000228881836,23.959999084472656,612600,0.0,0.0
2007-04-10 00:00:00-04:00,23.969999313354492,24.0,23.549999237060547,23.579999923706055,437600,0.0,0.0
2007-04-11 00:00:00-04:00,23.639999389648438,23.739999771118164,23.149999618530273,23.440000534057617,416900,0.0,0.0
2007-04-12 00:00:00-04:00,23.440000534057617,24.219999313354492,23.299999237060547,24.200000762939453,484100,0.0,0.0
2007-04-13 00:00:00-04:00,24.239999771118164,25.1200008392334,24.079999923706055,25.040000915527344,1090300,0.0,0.0
2007-04-16 00:00:00-04:00,25.0,25.010000228881836,24.170000076293945,24.59000015258789,762000,0.0,0.0
2007-04-17 00:00:00-04:00,24.700000762939453,24.700000762939453,24.09000015258789,24.389999389648438,538700,0.0,0.0
2007-04-18 00:00:00-04:00,24.219999313354492,24.399999618530273,23.790000915527344,24.100000381469727,384300,0.0,0.0
2007-04-19 00:00:00-04:00,24.010000228881836,24.649999618530273,23.450000762939453,24.440000534057617,744400,0.0,0.0
2007-04-20 00:00:00-04:00,24.709999084472656,27.5,24.68000030517578,25.899999618530273,2670000,0.0,0.0
2007-04-23 00:00:00-04:00,25.75,26.40999984741211,25.34000015258789,25.989999771118164,1034600,0.0,0.0
2007-04-24 00:00:00-04:00,25.950000762939453,26.700000762939453,25.5,26.670000076293945,827400,0.0,0.0
2007-04-25 00:00:00-04:00,26.649999618530273,27.530000686645508,26.149999618530273,27.360000610351562,941000,0.0,0.0
2007-04-26 00:00:00-04:00,27.329999923706055,28.719999313354492,26.920000076293945,28.420000076293945,965600,0.0,0.0
2007-04-27 00:00:00-04:00,28.59000015258789,28.610000610351562,27.579999923706055,27.579999923706055,878000,0.0,0.0
2007-04-30 00:00:00-04:00,27.540000915527344,27.950000762939453,27.139999389648438,27.200000762939453,797700,0.0,0.0
2007-05-01 00:00:00-04:00,27.139999389648438,27.850000381469727,26.329999923706055,27.760000228881836,643100,0.0,0.0
2007-05-02 00:00:00-04:00,27.920000076293945,28.709999084472656,27.860000610351562,28.600000381469727,1077000,0.0,0.0
2007-05-03 00:00:00-04:00,28.43000030517578,28.739999771118164,28.010000228881836,28.350000381469727,902700,0.0,0.0
2007-05-04 00:00:00-04:00,28.549999237060547,28.700000762939453,28.190000534057617,28.530000686645508,746300,0.0,0.0
2007-05-07 00:00:00-04:00,28.450000762939453,28.59000015258789,28.06999969482422,28.15999984741211,496200,0.0,0.0
2007-05-08 00:00:00-04:00,27.959999084472656,28.209999084472656,27.360000610351562,27.700000762939453,958500,0.0,0.0
2007-05-09 00:00:00-04:00,27.5,27.719999313354492,26.729999542236328,27.010000228881836,1047400,0.0,0.0
2007-05-10 00:00:00-04:00,26.950000762939453,27.079999923706055,26.290000915527344,26.43000030517578,751600,0.0,0.0
2007-05-11 00:00:00-04:00,26.540000915527344,28.459999084472656,26.43000030517578,28.350000381469727,986800,0.0,0.0
2007-05-14 00:00:00-04:00,28.239999771118164,28.639999389648438,27.280000686645508,27.399999618530273,709800,0.0,0.0
2007-05-15 00:00:00-04:00,27.31999969482422,27.860000610351562,26.700000762939453,26.739999771118164,527200,0.0,0.0
2007-05-16 00:00:00-04:00,26.84000015258789,26.850000381469727,25.420000076293945,25.729999542236328,1490700,0.0,0.0
2007-05-17 00:00:00-04:00,25.729999542236328,25.81999969482422,23.329999923706055,24.06999969482422,3664800,0.0,0.0
2007-05-18 00:00:00-04:00,24.15999984741211,24.93000030517578,23.75,24.8700008392334,1169800,0.0,0.0
2007-05-21 00:00:00-04:00,24.799999237060547,25.229999542236328,24.510000228881836,24.700000762939453,524200,0.0,0.0
2007-05-22 00:00:00-04:00,24.6200008392334,24.690000534057617,24.09000015258789,24.309999465942383,788600,0.0,0.0
2007-05-23 00:00:00-04:00,24.389999389648438,24.899999618530273,23.979999542236328,24.40999984741211,840600,0.0,0.0
2007-05-24 00:00:00-04:00,24.329999923706055,24.329999923706055,23.09000015258789,23.299999237060547,760200,0.0,0.0
2007-05-25 00:00:00-04:00,23.31999969482422,23.34000015258789,22.850000381469727,22.989999771118164,975300,0.0,0.0
2007-05-29 00:00:00-04:00,22.84000015258789,23.239999771118164,22.809999465942383,23.030000686645508,1153900,0.0,0.0
2007-05-30 00:00:00-04:00,22.90999984741211,23.059999465942383,22.420000076293945,23.030000686645508,904200,0.0,0.0
2007-05-31 00:00:00-04:00,23.170000076293945,23.229999542236328,21.8799991607666,22.440000534057617,1254700,0.0,0.0
2007-06-01 00:00:00-04:00,22.450000762939453,23.5,22.260000228881836,22.989999771118164,1498600,0.0,0.0
2007-06-04 00:00:00-04:00,21.90999984741211,22.0,20.170000076293945,20.309999465942383,3849000,0.0,0.0
2007-06-05 00:00:00-04:00,20.18000030517578,20.239999771118164,19.610000610351562,19.940000534057617,1728700,0.0,0.0
2007-06-06 00:00:00-04:00,19.989999771118164,19.989999771118164,19.030000686645508,19.110000610351562,1915100,0.0,0.0
2007-06-07 00:00:00-04:00,19.0,19.0,18.0,18.219999313354492,2148800,0.0,0.0
2007-06-08 00:00:00-04:00,18.149999618530273,18.8799991607666,18.149999618530273,18.639999389648438,1003300,0.0,0.0
2007-06-11 00:00:00-04:00,18.559999465942383,18.799999237060547,18.200000762939453,18.270000457763672,994700,0.0,0.0
2007-06-12 00:00:00-04:00,18.1299991607666,18.260000228881836,17.799999237060547,17.950000762939453,1009700,0.0,0.0
2007-06-13 00:00:00-04:00,17.93000030517578,18.3799991607666,17.809999465942383,18.25,1235300,0.0,0.0
2007-06-14 00:00:00-04:00,18.209999084472656,18.530000686645508,17.989999771118164,18.020000457763672,1222300,0.0,0.0
2007-06-15 00:00:00-04:00,18.290000915527344,18.8700008392334,18.1200008392334,18.809999465942383,1340000,0.0,0.0
2007-06-18 00:00:00-04:00,18.81999969482422,18.8799991607666,18.139999389648438,18.25,642200,0.0,0.0
2007-06-19 00:00:00-04:00,18.239999771118164,19.290000915527344,18.200000762939453,19.0,1564100,0.0,0.0
2007-06-20 00:00:00-04:00,19.06999969482422,19.139999389648438,18.200000762939453,18.260000228881836,1232600,0.0,0.0
2007-06-21 00:00:00-04:00,18.239999771118164,18.459999084472656,18.209999084472656,18.31999969482422,573500,0.0,0.0
2007-06-22 00:00:00-04:00,18.25,18.3700008392334,17.90999984741211,17.93000030517578,1690900,0.0,0.0
2007-06-25 00:00:00-04:00,17.899999618530273,18.09000015258789,17.670000076293945,17.889999389648438,1213200,0.0,0.0
2007-06-26 00:00:00-04:00,18.0,18.149999618530273,17.600000381469727,17.68000030517578,1378100,0.0,0.0
2007-06-27 00:00:00-04:00,17.75,18.18000030517578,17.549999237060547,18.049999237060547,953500,0.0,0.0
2007-06-28 00:00:00-04:00,18.030000686645508,18.200000762939453,17.860000610351562,17.950000762939453,496700,0.0,0.0
2007-06-29 00:00:00-04:00,18.100000381469727,18.149999618530273,17.760000228881836,17.920000076293945,730500,0.0,0.0
2007-07-02 00:00:00-04:00,18.040000915527344,18.190000534057617,17.889999389648438,18.1200008392334,627600,0.0,0.0
2007-07-03 00:00:00-04:00,18.1200008392334,18.18000030517578,17.850000381469727,18.020000457763672,393600,0.0,0.0
2007-07-05 00:00:00-04:00,18.010000228881836,18.15999984741211,17.899999618530273,18.100000381469727,509300,0.0,0.0
2007-07-06 00:00:00-04:00,18.040000915527344,18.299999237060547,17.969999313354492,18.100000381469727,540600,0.0,0.0
2007-07-09 00:00:00-04:00,18.1200008392334,18.1200008392334,17.90999984741211,18.010000228881836,640900,0.0,0.0
2007-07-10 00:00:00-04:00,17.90999984741211,18.270000457763672,17.889999389648438,17.979999542236328,556200,0.0,0.0
2007-07-11 00:00:00-04:00,17.93000030517578,18.18000030517578,17.700000762939453,17.799999237060547,696600,0.0,0.0
2007-07-12 00:00:00-04:00,17.93000030517578,18.170000076293945,17.719999313354492,18.149999618530273,646600,0.0,0.0
2007-07-13 00:00:00-04:00,18.1200008392334,18.690000534057617,18.020000457763672,18.450000762939453,614100,0.0,0.0
2007-07-16 00:00:00-04:00,18.389999389648438,18.40999984741211,17.3700008392334,17.510000228881836,1261600,0.0,0.0
2007-07-17 00:00:00-04:00,17.540000915527344,17.84000015258789,17.469999313354492,17.530000686645508,510300,0.0,0.0
2007-07-18 00:00:00-04:00,17.399999618530273,17.65999984741211,17.030000686645508,17.59000015258789,567600,0.0,0.0
2007-07-19 00:00:00-04:00,17.649999618530273,17.90999984741211,17.5,17.760000228881836,413000,0.0,0.0
2007-07-20 00:00:00-04:00,17.68000030517578,17.84000015258789,17.020000457763672,17.15999984741211,443100,0.0,0.0
2007-07-23 00:00:00-04:00,17.200000762939453,17.510000228881836,17.0,17.43000030517578,365600,0.0,0.0
2007-07-24 00:00:00-04:00,17.1200008392334,17.299999237060547,16.360000610351562,16.420000076293945,585400,0.0,0.0
2007-07-25 00:00:00-04:00,16.559999465942383,16.770000457763672,16.0,16.510000228881836,685000,0.0,0.0
2007-07-26 00:00:00-04:00,16.200000762939453,16.450000762939453,15.489999771118164,16.020000457763672,860400,0.0,0.0
2007-07-27 00:00:00-04:00,15.859999656677246,16.059999465942383,15.380000114440918,15.380000114440918,611200,0.0,0.0
2007-07-30 00:00:00-04:00,15.380000114440918,15.539999961853027,15.0,15.380000114440918,867900,0.0,0.0
2007-07-31 00:00:00-04:00,15.4399995803833,15.489999771118164,14.869999885559082,14.890000343322754,830200,0.0,0.0
2007-08-01 00:00:00-04:00,14.8100004196167,15.050000190734863,13.770000457763672,14.15999984741211,2041200,0.0,0.0
2007-08-02 00:00:00-04:00,14.180000305175781,14.359999656677246,13.550000190734863,13.65999984741211,2157100,0.0,0.0
2007-08-03 00:00:00-04:00,13.699999809265137,14.890000343322754,13.699999809265137,14.020000457763672,2196600,0.0,0.0
2007-08-06 00:00:00-04:00,14.149999618530273,15.119999885559082,13.819999694824219,15.0600004196167,1401400,0.0,0.0
2007-08-07 00:00:00-04:00,14.9399995803833,17.1200008392334,14.850000381469727,17.100000381469727,1974100,0.0,0.0
2007-08-08 00:00:00-04:00,17.229999542236328,19.0,17.200000762939453,18.40999984741211,2004200,0.0,0.0
2007-08-09 00:00:00-04:00,18.3700008392334,18.399999618530273,16.850000381469727,16.969999313354492,1502600,0.0,0.0
2007-08-10 00:00:00-04:00,16.799999237060547,16.799999237060547,15.359999656677246,16.229999542236328,1693600,0.0,0.0
2007-08-13 00:00:00-04:00,16.420000076293945,16.709999084472656,15.899999618530273,16.100000381469727,606300,0.0,0.0
2007-08-14 00:00:00-04:00,16.229999542236328,17.010000228881836,16.18000030517578,16.68000030517578,689500,0.0,0.0
2007-08-15 00:00:00-04:00,16.760000228881836,17.219999313354492,16.18000030517578,16.219999313354492,558800,0.0,0.0
2007-08-16 00:00:00-04:00,16.049999237060547,17.6299991607666,15.789999961853027,17.239999771118164,1145300,0.0,0.0
2007-08-17 00:00:00-04:00,17.68000030517578,18.889999389648438,17.440000534057617,18.329999923706055,1170700,0.0,0.0
2007-08-20 00:00:00-04:00,18.399999618530273,18.5,17.510000228881836,18.059999465942383,578100,0.0,0.0
2007-08-21 00:00:00-04:00,17.93000030517578,18.43000030517578,17.729999542236328,18.399999618530273,415600,0.0,0.0
2007-08-22 00:00:00-04:00,18.43000030517578,18.959999084472656,18.229999542236328,18.450000762939453,444800,0.0,0.0
2007-08-23 00:00:00-04:00,18.700000762939453,18.979999542236328,18.110000610351562,18.219999313354492,641400,0.0,0.0
2007-08-24 00:00:00-04:00,18.190000534057617,18.540000915527344,18.010000228881836,18.540000915527344,334300,0.0,0.0
2007-08-27 00:00:00-04:00,18.450000762939453,18.610000610351562,18.1299991607666,18.559999465942383,508200,0.0,0.0
2007-08-28 00:00:00-04:00,18.3700008392334,18.799999237060547,18.079999923706055,18.09000015258789,512000,0.0,0.0
2007-08-29 00:00:00-04:00,18.229999542236328,19.209999084472656,18.079999923706055,19.15999984741211,556600,0.0,0.0
2007-08-30 00:00:00-04:00,18.93000030517578,19.719999313354492,18.6200008392334,18.940000534057617,685000,0.0,0.0
2007-08-31 00:00:00-04:00,19.290000915527344,19.75,18.979999542236328,19.459999084472656,654100,0.0,0.0
2007-09-04 00:00:00-04:00,19.450000762939453,20.6200008392334,19.239999771118164,20.399999618530273,756900,0.0,0.0
2007-09-05 00:00:00-04:00,20.25,21.3799991607666,20.100000381469727,20.690000534057617,1161900,0.0,0.0
2007-09-06 00:00:00-04:00,20.799999237060547,21.780000686645508,20.670000076293945,21.270000457763672,1192100,0.0,0.0
2007-09-07 00:00:00-04:00,20.989999771118164,21.5,20.299999237060547,21.25,969900,0.0,0.0
2007-09-10 00:00:00-04:00,21.299999237060547,21.579999923706055,20.170000076293945,20.670000076293945,626600,0.0,0.0
2007-09-11 00:00:00-04:00,20.829999923706055,21.100000381469727,20.450000762939453,20.600000381469727,976100,0.0,0.0
2007-09-12 00:00:00-04:00,20.530000686645508,20.739999771118164,20.1299991607666,20.15999984741211,649400,0.0,0.0
2007-09-13 00:00:00-04:00,20.299999237060547,20.3700008392334,19.829999923706055,19.899999618530273,560700,0.0,0.0
2007-09-14 00:00:00-04:00,19.780000686645508,20.399999618530273,19.65999984741211,20.139999389648438,504100,0.0,0.0
2007-09-17 00:00:00-04:00,20.15999984741211,20.18000030517578,18.600000381469727,18.639999389648438,1211900,0.0,0.0
2007-09-18 00:00:00-04:00,18.739999771118164,18.969999313354492,18.139999389648438,18.719999313354492,1062600,0.0,0.0
2007-09-19 00:00:00-04:00,18.899999618530273,19.34000015258789,18.84000015258789,19.040000915527344,697900,0.0,0.0
2007-09-20 00:00:00-04:00,19.0,19.100000381469727,18.450000762939453,18.610000610351562,370500,0.0,0.0
2007-09-21 00:00:00-04:00,18.780000686645508,19.010000228881836,18.260000228881836,18.889999389648438,873200,0.0,0.0
2007-09-24 00:00:00-04:00,18.959999084472656,19.010000228881836,18.34000015258789,18.639999389648438,359500,0.0,0.0
2007-09-25 00:00:00-04:00,18.469999313354492,19.100000381469727,18.219999313354492,18.729999542236328,331100,0.0,0.0
2007-09-26 00:00:00-04:00,18.889999389648438,19.030000686645508,18.40999984741211,18.489999771118164,315600,0.0,0.0
2007-09-27 00:00:00-04:00,18.540000915527344,18.56999969482422,17.940000534057617,17.959999084472656,393600,0.0,0.0
2007-09-28 00:00:00-04:00,17.950000762939453,18.5,17.65999984741211,17.799999237060547,519500,0.0,0.0
2007-10-01 00:00:00-04:00,18.040000915527344,18.889999389648438,18.020000457763672,18.469999313354492,711100,0.0,0.0
2007-10-02 00:00:00-04:00,18.459999084472656,18.860000610351562,18.1299991607666,18.40999984741211,574100,0.0,0.0
2007-10-03 00:00:00-04:00,18.239999771118164,18.690000534057617,17.770000457763672,17.850000381469727,463600,0.0,0.0
2007-10-04 00:00:00-04:00,18.030000686645508,18.299999237060547,17.860000610351562,18.229999542236328,717600,0.0,0.0
2007-10-05 00:00:00-04:00,18.399999618530273,18.399999618530273,17.850000381469727,17.989999771118164,592200,0.0,0.0
2007-10-08 00:00:00-04:00,17.920000076293945,18.049999237060547,17.719999313354492,17.969999313354492,474000,0.0,0.0
2007-10-09 00:00:00-04:00,18.0,18.0,17.18000030517578,17.510000228881836,678200,0.0,0.0
2007-10-10 00:00:00-04:00,17.600000381469727,18.540000915527344,17.43000030517578,18.5,753200,0.0,0.0
2007-10-11 00:00:00-04:00,18.6299991607666,19.940000534057617,18.530000686645508,18.809999465942383,1136700,0.0,0.0
2007-10-12 00:00:00-04:00,18.790000915527344,19.729999542236328,18.770000457763672,19.450000762939453,389600,0.0,0.0
2007-10-15 00:00:00-04:00,19.559999465942383,20.93000030517578,19.549999237060547,20.68000030517578,1087800,0.0,0.0
2007-10-16 00:00:00-04:00,20.559999465942383,20.639999389648438,19.68000030517578,19.700000762939453,526700,0.0,0.0
2007-10-17 00:00:00-04:00,19.780000686645508,21.100000381469727,19.700000762939453,20.969999313354492,977200,0.0,0.0
2007-10-18 00:00:00-04:00,20.760000228881836,21.15999984741211,20.280000686645508,20.639999389648438,550800,0.0,0.0
2007-10-19 00:00:00-04:00,20.6299991607666,21.0,20.139999389648438,20.329999923706055,533800,0.0,0.0
2007-10-22 00:00:00-04:00,20.079999923706055,21.040000915527344,19.809999465942383,20.889999389648438,623600,0.0,0.0
2007-10-23 00:00:00-04:00,20.899999618530273,22.139999389648438,20.549999237060547,21.799999237060547,887400,0.0,0.0
2007-10-24 00:00:00-04:00,21.59000015258789,22.760000228881836,21.200000762939453,21.899999618530273,1165100,0.0,0.0
2007-10-25 00:00:00-04:00,21.93000030517578,22.399999618530273,21.540000915527344,21.950000762939453,486200,0.0,0.0
2007-10-26 00:00:00-04:00,22.209999084472656,22.600000381469727,21.989999771118164,22.559999465942383,732500,0.0,0.0
2007-10-29 00:00:00-04:00,22.59000015258789,22.75,21.81999969482422,22.209999084472656,416400,0.0,0.0
2007-10-30 00:00:00-04:00,22.059999465942383,22.3799991607666,21.799999237060547,22.1299991607666,321300,0.0,0.0
2007-10-31 00:00:00-04:00,22.229999542236328,22.309999465942383,21.110000610351562,22.0,555200,0.0,0.0
2007-11-01 00:00:00-04:00,21.75,21.75,20.1200008392334,20.15999984741211,719900,0.0,0.0
2007-11-02 00:00:00-04:00,20.329999923706055,21.549999237060547,20.0,21.0,1131000,0.0,0.0
2007-11-05 00:00:00-05:00,20.600000381469727,20.8700008392334,19.75,20.280000686645508,526300,0.0,0.0
2007-11-06 00:00:00-05:00,20.440000534057617,20.440000534057617,19.31999969482422,19.68000030517578,587100,0.0,0.0
2007-11-07 00:00:00-05:00,19.299999237060547,19.690000534057617,18.65999984741211,18.850000381469727,761700,0.0,0.0
2007-11-08 00:00:00-05:00,18.950000762939453,19.639999389648438,18.31999969482422,18.850000381469727,720100,0.0,0.0
2007-11-09 00:00:00-05:00,18.56999969482422,18.739999771118164,17.90999984741211,18.299999237060547,652600,0.0,0.0
2007-11-12 00:00:00-05:00,18.31999969482422,19.139999389648438,18.299999237060547,18.549999237060547,397800,0.0,0.0
2007-11-13 00:00:00-05:00,18.760000228881836,19.110000610351562,18.389999389648438,19.0,408500,0.0,0.0
2007-11-14 00:00:00-05:00,19.079999923706055,19.329999923706055,18.6200008392334,19.010000228881836,284400,0.0,0.0
2007-11-15 00:00:00-05:00,18.8799991607666,19.350000381469727,18.350000381469727,18.56999969482422,392900,0.0,0.0
2007-11-16 00:00:00-05:00,18.6200008392334,18.989999771118164,17.709999084472656,18.559999465942383,737300,0.0,0.0
2007-11-19 00:00:00-05:00,18.31999969482422,18.559999465942383,17.950000762939453,18.100000381469727,306800,0.0,0.0
2007-11-20 00:00:00-05:00,18.059999465942383,18.459999084472656,17.020000457763672,17.670000076293945,446200,0.0,0.0
2007-11-21 00:00:00-05:00,17.219999313354492,18.299999237060547,17.219999313354492,17.8799991607666,511100,0.0,0.0
2007-11-23 00:00:00-05:00,18.049999237060547,18.68000030517578,17.809999465942383,18.34000015258789,175600,0.0,0.0
2007-11-26 00:00:00-05:00,18.329999923706055,18.489999771118164,17.079999923706055,17.139999389648438,483900,0.0,0.0
2007-11-27 00:00:00-05:00,17.15999984741211,17.209999084472656,16.770000457763672,16.989999771118164,933600,0.0,0.0
2007-11-28 00:00:00-05:00,17.149999618530273,17.459999084472656,16.969999313354492,17.149999618530273,653700,0.0,0.0
2007-11-29 00:00:00-05:00,23.110000610351562,23.75,20.899999618530273,21.110000610351562,3872600,0.0,0.0
2007-11-30 00:00:00-05:00,21.540000915527344,22.139999389648438,21.200000762939453,21.780000686645508,1510000,0.0,0.0
2007-12-03 00:00:00-05:00,22.299999237060547,22.850000381469727,21.969999313354492,22.6200008392334,1306700,0.0,0.0
2007-12-04 00:00:00-05:00,22.459999084472656,22.760000228881836,22.049999237060547,22.260000228881836,950200,0.0,0.0
2007-12-05 00:00:00-05:00,22.579999923706055,23.100000381469727,22.520000457763672,23.079999923706055,845700,0.0,0.0
2007-12-06 00:00:00-05:00,23.010000228881836,24.559999465942383,22.93000030517578,24.3799991607666,976200,0.0,0.0
2007-12-07 00:00:00-05:00,24.5,24.5,23.709999084472656,24.0,489400,0.0,0.0
2007-12-10 00:00:00-05:00,24.010000228881836,24.489999771118164,23.770000457763672,24.399999618530273,517200,0.0,0.0
2007-12-11 00:00:00-05:00,24.5,24.68000030517578,23.489999771118164,23.600000381469727,713800,0.0,0.0
2007-12-12 00:00:00-05:00,24.1200008392334,24.610000610351562,23.030000686645508,23.65999984741211,774700,0.0,0.0
2007-12-13 00:00:00-05:00,23.40999984741211,23.850000381469727,22.770000457763672,22.989999771118164,539400,0.0,0.0
2007-12-14 00:00:00-05:00,22.790000915527344,23.200000762939453,22.1200008392334,22.200000762939453,483700,0.0,0.0
2007-12-17 00:00:00-05:00,22.139999389648438,22.479999542236328,21.360000610351562,21.360000610351562,390400,0.0,0.0
2007-12-18 00:00:00-05:00,21.56999969482422,22.350000381469727,21.360000610351562,22.309999465942383,631500,0.0,0.0
2007-12-19 00:00:00-05:00,22.350000381469727,22.489999771118164,22.040000915527344,22.239999771118164,395800,0.0,0.0
2007-12-20 00:00:00-05:00,22.469999313354492,22.959999084472656,21.600000381469727,22.959999084472656,407600,0.0,0.0
2007-12-21 00:00:00-05:00,23.31999969482422,24.139999389648438,22.84000015258789,23.989999771118164,1341300,0.0,0.0
2007-12-24 00:00:00-05:00,24.1200008392334,24.329999923706055,23.84000015258789,24.290000915527344,230600,0.0,0.0
2007-12-26 00:00:00-05:00,24.06999969482422,24.8799991607666,23.770000457763672,24.649999618530273,399100,0.0,0.0
2007-12-27 00:00:00-05:00,24.5,24.899999618530273,24.1200008392334,24.1200008392334,293700,0.0,0.0
2007-12-28 00:00:00-05:00,24.34000015258789,24.719999313354492,24.139999389648438,24.43000030517578,430800,0.0,0.0
2007-12-31 00:00:00-05:00,24.260000228881836,24.65999984741211,24.030000686645508,24.149999618530273,588500,0.0,0.0
2008-01-02 00:00:00-05:00,24.020000457763672,24.399999618530273,23.280000686645508,23.559999465942383,575300,0.0,0.0
2008-01-03 00:00:00-05:00,23.68000030517578,24.139999389648438,23.260000228881836,23.520000457763672,478300,0.0,0.0
2008-01-04 00:00:00-05:00,23.239999771118164,23.299999237060547,22.3700008392334,22.489999771118164,603500,0.0,0.0
2008-01-07 00:00:00-05:00,22.709999084472656,23.280000686645508,22.239999771118164,23.25,591900,0.0,0.0
2008-01-08 00:00:00-05:00,23.200000762939453,23.75,22.770000457763672,23.040000915527344,519800,0.0,0.0
2008-01-09 00:00:00-05:00,22.940000534057617,24.010000228881836,22.81999969482422,24.010000228881836,580100,0.0,0.0
2008-01-10 00:00:00-05:00,23.690000534057617,24.860000610351562,23.540000915527344,24.75,781200,0.0,0.0
2008-01-11 00:00:00-05:00,24.510000228881836,24.729999542236328,23.719999313354492,24.290000915527344,435300,0.0,0.0
2008-01-14 00:00:00-05:00,24.5,24.68000030517578,24.0,24.540000915527344,399600,0.0,0.0
2008-01-15 00:00:00-05:00,24.149999618530273,24.610000610351562,23.559999465942383,24.149999618530273,534200,0.0,0.0
2008-01-16 00:00:00-05:00,24.139999389648438,24.700000762939453,23.6299991607666,24.43000030517578,747400,0.0,0.0
2008-01-17 00:00:00-05:00,24.459999084472656,25.0,23.549999237060547,24.329999923706055,876700,0.0,0.0
2008-01-18 00:00:00-05:00,24.31999969482422,24.920000076293945,23.8700008392334,24.600000381469727,884500,0.0,0.0
2008-01-22 00:00:00-05:00,24.0,25.25,23.010000228881836,24.770000457763672,1170600,0.0,0.0
2008-01-23 00:00:00-05:00,23.8799991607666,23.899999618530273,21.15999984741211,23.06999969482422,1256000,0.0,0.0
2008-01-24 00:00:00-05:00,22.899999618530273,23.739999771118164,22.0,22.31999969482422,472900,0.0,0.0
2008-01-25 00:00:00-05:00,22.549999237060547,22.959999084472656,21.540000915527344,21.899999618530273,356300,0.0,0.0
2008-01-28 00:00:00-05:00,21.899999618530273,21.90999984741211,21.040000915527344,21.6299991607666,450500,0.0,0.0
2008-01-29 00:00:00-05:00,21.739999771118164,21.739999771118164,20.899999618530273,21.010000228881836,667200,0.0,0.0
2008-01-30 00:00:00-05:00,21.18000030517578,21.440000534057617,20.3799991607666,20.5,500600,0.0,0.0
2008-01-31 00:00:00-05:00,20.25,20.68000030517578,19.959999084472656,20.280000686645508,470600,0.0,0.0
2008-02-01 00:00:00-05:00,20.31999969482422,21.6200008392334,20.290000915527344,21.479999542236328,470600,0.0,0.0
2008-02-04 00:00:00-05:00,21.34000015258789,21.420000076293945,20.350000381469727,20.59000015258789,392900,0.0,0.0
2008-02-05 00:00:00-05:00,20.079999923706055,20.579999923706055,19.719999313354492,19.760000228881836,427500,0.0,0.0
2008-02-06 00:00:00-05:00,19.8799991607666,20.43000030517578,19.59000015258789,19.760000228881836,367700,0.0,0.0
2008-02-07 00:00:00-05:00,19.610000610351562,20.399999618530273,19.260000228881836,20.15999984741211,429600,0.0,0.0
2008-02-08 00:00:00-05:00,19.950000762939453,20.06999969482422,19.450000762939453,19.56999969482422,440200,0.0,0.0
2008-02-11 00:00:00-05:00,19.479999542236328,19.489999771118164,18.65999984741211,19.1200008392334,807700,0.0,0.0
2008-02-12 00:00:00-05:00,19.260000228881836,19.639999389648438,18.93000030517578,19.170000076293945,717900,0.0,0.0
2008-02-13 00:00:00-05:00,19.399999618530273,20.1200008392334,19.200000762939453,20.100000381469727,541800,0.0,0.0
2008-02-14 00:00:00-05:00,20.110000610351562,20.239999771118164,19.010000228881836,19.280000686645508,421900,0.0,0.0
2008-02-15 00:00:00-05:00,19.1299991607666,19.1299991607666,18.06999969482422,18.899999618530273,529800,0.0,0.0
2008-02-19 00:00:00-05:00,19.15999984741211,19.489999771118164,19.0,19.209999084472656,292600,0.0,0.0
2008-02-20 00:00:00-05:00,19.079999923706055,19.149999618530273,18.299999237060547,18.540000915527344,621800,0.0,0.0
2008-02-21 00:00:00-05:00,18.6299991607666,18.770000457763672,17.540000915527344,17.989999771118164,583600,0.0,0.0
2008-02-22 00:00:00-05:00,17.969999313354492,18.1200008392334,17.350000381469727,17.989999771118164,535800,0.0,0.0
2008-02-25 00:00:00-05:00,18.06999969482422,18.5,17.389999389648438,17.6299991607666,688300,0.0,0.0
2008-02-26 00:00:00-05:00,17.65999984741211,19.31999969482422,17.559999465942383,18.65999984741211,499700,0.0,0.0
2008-02-27 00:00:00-05:00,18.450000762939453,18.940000534057617,18.18000030517578,18.899999618530273,536200,0.0,0.0
2008-02-28 00:00:00-05:00,19.549999237060547,20.540000915527344,19.549999237060547,20.030000686645508,1132100,0.0,0.0
2008-02-29 00:00:00-05:00,19.84000015258789,20.1299991607666,19.1200008392334,19.770000457763672,1090100,0.0,0.0
2008-03-03 00:00:00-05:00,19.780000686645508,20.799999237060547,19.530000686645508,20.0,798300,0.0,0.0
2008-03-04 00:00:00-05:00,19.770000457763672,19.860000610351562,18.899999618530273,19.450000762939453,1524400,0.0,0.0
2008-03-05 00:00:00-05:00,19.510000228881836,19.600000381469727,18.889999389648438,18.899999618530273,741600,0.0,0.0
2008-03-06 00:00:00-05:00,18.829999923706055,19.149999618530273,17.850000381469727,17.8700008392334,796600,0.0,0.0
2008-03-07 00:00:00-05:00,17.610000610351562,17.690000534057617,16.809999465942383,17.299999237060547,954100,0.0,0.0
2008-03-10 00:00:00-04:00,17.360000610351562,17.540000915527344,16.0,16.18000030517578,706700,0.0,0.0
2008-03-11 00:00:00-04:00,16.579999923706055,16.93000030517578,15.609999656677246,16.1200008392334,1464300,0.0,0.0
2008-03-12 00:00:00-04:00,16.049999237060547,17.31999969482422,16.049999237060547,16.690000534057617,943900,0.0,0.0
2008-03-13 00:00:00-04:00,16.469999313354492,17.68000030517578,16.299999237060547,17.40999984741211,578000,0.0,0.0
2008-03-14 00:00:00-04:00,17.530000686645508,17.56999969482422,16.110000610351562,16.790000915527344,741000,0.0,0.0
2008-03-17 00:00:00-04:00,16.3799991607666,16.68000030517578,15.880000114440918,16.440000534057617,669200,0.0,0.0
2008-03-18 00:00:00-04:00,16.850000381469727,17.59000015258789,16.469999313354492,17.420000076293945,863700,0.0,0.0
2008-03-19 00:00:00-04:00,17.559999465942383,17.889999389648438,16.68000030517578,17.139999389648438,645200,0.0,0.0
2008-03-20 00:00:00-04:00,17.31999969482422,17.709999084472656,16.780000686645508,17.649999618530273,1375200,0.0,0.0
2008-03-24 00:00:00-04:00,17.690000534057617,20.3799991607666,17.399999618530273,20.0,1250600,0.0,0.0
2008-03-25 00:00:00-04:00,20.010000228881836,20.510000228881836,19.299999237060547,19.93000030517578,681100,0.0,0.0
2008-03-26 00:00:00-04:00,19.790000915527344,20.420000076293945,19.549999237060547,20.420000076293945,414900,0.0,0.0
2008-03-27 00:00:00-04:00,20.469999313354492,21.329999923706055,20.110000610351562,20.469999313354492,552900,0.0,0.0
2008-03-28 00:00:00-04:00,20.540000915527344,21.139999389648438,19.399999618530273,19.6200008392334,510900,0.0,0.0
2008-03-31 00:00:00-04:00,19.3700008392334,19.510000228881836,19.1200008392334,19.190000534057617,740200,0.0,0.0
2008-04-01 00:00:00-04:00,19.290000915527344,20.270000457763672,19.290000915527344,20.06999969482422,818600,0.0,0.0
2008-04-02 00:00:00-04:00,20.200000762939453,20.540000915527344,19.8799991607666,20.0,382200,0.0,0.0
2008-04-03 00:00:00-04:00,19.950000762939453,20.760000228881836,19.610000610351562,20.280000686645508,424500,0.0,0.0
2008-04-04 00:00:00-04:00,20.290000915527344,20.440000534057617,19.799999237060547,20.18000030517578,604500,0.0,0.0
2008-04-07 00:00:00-04:00,20.350000381469727,20.739999771118164,20.0,20.149999618530273,480400,0.0,0.0
2008-04-08 00:00:00-04:00,19.8799991607666,19.979999542236328,19.010000228881836,19.34000015258789,512200,0.0,0.0
2008-04-09 00:00:00-04:00,19.440000534057617,19.520000457763672,18.75,18.81999969482422,451100,0.0,0.0
2008-04-10 00:00:00-04:00,18.68000030517578,20.25,18.6200008392334,19.56999969482422,523200,0.0,0.0
2008-04-11 00:00:00-04:00,19.3799991607666,19.459999084472656,18.5,18.59000015258789,738100,0.0,0.0
2008-04-14 00:00:00-04:00,18.549999237060547,19.010000228881836,18.1299991607666,18.34000015258789,365200,0.0,0.0
2008-04-15 00:00:00-04:00,18.399999618530273,18.530000686645508,17.760000228881836,18.229999542236328,341500,0.0,0.0
2008-04-16 00:00:00-04:00,18.450000762939453,19.93000030517578,18.450000762939453,19.739999771118164,573400,0.0,0.0
2008-04-17 00:00:00-04:00,19.690000534057617,19.690000534057617,18.899999618530273,18.959999084472656,329400,0.0,0.0
2008-04-18 00:00:00-04:00,19.360000610351562,19.950000762939453,19.209999084472656,19.799999237060547,453300,0.0,0.0
2008-04-21 00:00:00-04:00,19.65999984741211,19.8799991607666,19.350000381469727,19.809999465942383,307700,0.0,0.0
2008-04-22 00:00:00-04:00,19.670000076293945,19.860000610351562,19.18000030517578,19.420000076293945,400300,0.0,0.0
2008-04-23 00:00:00-04:00,19.540000915527344,20.5,19.1299991607666,20.209999084472656,450600,0.0,0.0
2008-04-24 00:00:00-04:00,20.260000228881836,20.809999465942383,19.559999465942383,20.579999923706055,543400,0.0,0.0
2008-04-25 00:00:00-04:00,20.639999389648438,21.09000015258789,20.459999084472656,20.90999984741211,308600,0.0,0.0
2008-04-28 00:00:00-04:00,20.920000076293945,21.299999237060547,20.510000228881836,20.799999237060547,281600,0.0,0.0
2008-04-29 00:00:00-04:00,20.81999969482422,20.81999969482422,19.899999618530273,20.0,290200,0.0,0.0
2008-04-30 00:00:00-04:00,20.09000015258789,20.299999237060547,19.329999923706055,19.6200008392334,403300,0.0,0.0
2008-05-01 00:00:00-04:00,19.450000762939453,21.360000610351562,19.260000228881836,21.229999542236328,529700,0.0,0.0
2008-05-02 00:00:00-04:00,21.3799991607666,21.68000030517578,20.940000534057617,21.020000457763672,547000,0.0,0.0
2008-05-05 00:00:00-04:00,21.0,21.5,20.719999313354492,20.959999084472656,454100,0.0,0.0
2008-05-06 00:00:00-04:00,20.719999313354492,20.809999465942383,19.93000030517578,20.020000457763672,685000,0.0,0.0
2008-05-07 00:00:00-04:00,20.06999969482422,20.15999984741211,19.100000381469727,19.219999313354492,549400,0.0,0.0
2008-05-08 00:00:00-04:00,19.270000457763672,19.8799991607666,19.020000457763672,19.780000686645508,587900,0.0,0.0
2008-05-09 00:00:00-04:00,19.5,20.790000915527344,19.3799991607666,20.450000762939453,426300,0.0,0.0
2008-05-12 00:00:00-04:00,20.56999969482422,21.100000381469727,20.34000015258789,21.010000228881836,392500,0.0,0.0
2008-05-13 00:00:00-04:00,21.010000228881836,21.059999465942383,20.440000534057617,20.75,246600,0.0,0.0
2008-05-14 00:00:00-04:00,20.850000381469727,21.469999313354492,20.5,20.790000915527344,465500,0.0,0.0
2008-05-15 00:00:00-04:00,20.729999542236328,20.850000381469727,20.280000686645508,20.59000015258789,501800,0.0,0.0
2008-05-16 00:00:00-04:00,20.690000534057617,20.690000534057617,19.81999969482422,20.229999542236328,784800,0.0,0.0
2008-05-19 00:00:00-04:00,20.209999084472656,20.969999313354492,20.049999237060547,20.40999984741211,571800,0.0,0.0
2008-05-20 00:00:00-04:00,20.260000228881836,21.479999542236328,20.260000228881836,21.469999313354492,618400,0.0,0.0
2008-05-21 00:00:00-04:00,19.049999237060547,19.219999313354492,18.010000228881836,18.579999923706055,2902200,0.0,0.0
2008-05-22 00:00:00-04:00,18.579999923706055,19.139999389648438,18.43000030517578,18.860000610351562,799600,0.0,0.0
2008-05-23 00:00:00-04:00,18.81999969482422,19.09000015258789,18.540000915527344,18.90999984741211,382400,0.0,0.0
2008-05-27 00:00:00-04:00,19.0,19.469999313354492,18.760000228881836,19.440000534057617,405000,0.0,0.0
2008-05-28 00:00:00-04:00,19.479999542236328,19.610000610351562,18.920000076293945,19.149999618530273,363300,0.0,0.0
2008-05-29 00:00:00-04:00,19.139999389648438,20.489999771118164,19.040000915527344,20.209999084472656,771500,0.0,0.0
2008-05-30 00:00:00-04:00,20.299999237060547,20.299999237060547,19.6299991607666,19.899999618530273,515600,0.0,0.0
2008-06-02 00:00:00-04:00,19.8799991607666,19.889999389648438,19.110000610351562,19.469999313354492,354100,0.0,0.0
2008-06-03 00:00:00-04:00,19.59000015258789,19.59000015258789,18.520000457763672,18.75,518300,0.0,0.0
2008-06-04 00:00:00-04:00,18.639999389648438,19.299999237060547,18.6200008392334,19.079999923706055,511700,0.0,0.0
2008-06-05 00:00:00-04:00,17.309999465942383,17.600000381469727,14.850000381469727,15.350000381469727,5741700,0.0,0.0
2008-06-06 00:00:00-04:00,15.220000267028809,15.260000228881836,14.359999656677246,14.819999694824219,1668400,0.0,0.0
2008-06-09 00:00:00-04:00,14.960000038146973,15.0600004196167,14.510000228881836,14.699999809265137,1018800,0.0,0.0
2008-06-10 00:00:00-04:00,14.720000267028809,14.739999771118164,14.09000015258789,14.329999923706055,762700,0.0,0.0
2008-06-11 00:00:00-04:00,14.300000190734863,14.5,13.829999923706055,13.859999656677246,502400,0.0,0.0
2008-06-12 00:00:00-04:00,14.0,14.350000381469727,13.75,13.819999694824219,653300,0.0,0.0
2008-06-13 00:00:00-04:00,13.979999542236328,14.25,13.869999885559082,14.220000267028809,328300,0.0,0.0
2008-06-16 00:00:00-04:00,14.1899995803833,14.6899995803833,14.09000015258789,14.640000343322754,445500,0.0,0.0
2008-06-17 00:00:00-04:00,14.720000267028809,14.760000228881836,14.180000305175781,14.550000190734863,413200,0.0,0.0
2008-06-18 00:00:00-04:00,14.550000190734863,14.619999885559082,13.899999618530273,13.949999809265137,521400,0.0,0.0
2008-06-19 00:00:00-04:00,13.960000038146973,14.920000076293945,13.899999618530273,14.90999984741211,540300,0.0,0.0
2008-06-20 00:00:00-04:00,14.84000015258789,15.460000038146973,14.350000381469727,14.680000305175781,1373600,0.0,0.0
2008-06-23 00:00:00-04:00,14.760000228881836,15.029999732971191,14.489999771118164,14.920000076293945,559900,0.0,0.0
2008-06-24 00:00:00-04:00,14.779999732971191,15.149999618530273,14.5600004196167,15.050000190734863,340600,0.0,0.0
2008-06-25 00:00:00-04:00,15.069999694824219,15.25,14.609999656677246,15.180000305175781,389100,0.0,0.0
2008-06-26 00:00:00-04:00,14.960000038146973,15.0,14.5,14.550000190734863,238000,0.0,0.0
2008-06-27 00:00:00-04:00,14.489999771118164,14.869999885559082,14.1899995803833,14.760000228881836,560900,0.0,0.0
2008-06-30 00:00:00-04:00,14.760000228881836,14.829999923706055,14.390000343322754,14.4399995803833,516400,0.0,0.0
2008-07-01 00:00:00-04:00,14.350000381469727,14.430000305175781,13.8100004196167,13.869999885559082,655300,0.0,0.0
2008-07-02 00:00:00-04:00,13.819999694824219,14.539999961853027,13.770000457763672,14.5,545500,0.0,0.0
2008-07-03 00:00:00-04:00,14.510000228881836,14.5600004196167,13.75,14.430000305175781,238400,0.0,0.0
2008-07-07 00:00:00-04:00,14.539999961853027,14.569999694824219,13.289999961853027,13.350000381469727,704400,0.0,0.0
2008-07-08 00:00:00-04:00,13.399999618530273,14.880000114440918,13.399999618530273,14.800000190734863,705800,0.0,0.0
2008-07-09 00:00:00-04:00,14.859999656677246,15.470000267028809,14.5,14.699999809265137,521600,0.0,0.0
2008-07-10 00:00:00-04:00,14.649999618530273,15.050000190734863,14.3100004196167,14.569999694824219,382100,0.0,0.0
2008-07-11 00:00:00-04:00,14.5,15.369999885559082,14.460000038146973,15.079999923706055,489300,0.0,0.0
2008-07-14 00:00:00-04:00,15.239999771118164,15.350000381469727,14.800000190734863,15.029999732971191,402100,0.0,0.0
2008-07-15 00:00:00-04:00,14.850000381469727,15.819999694824219,14.779999732971191,15.5,477900,0.0,0.0
2008-07-16 00:00:00-04:00,15.59000015258789,16.700000762939453,15.039999961853027,16.649999618530273,794700,0.0,0.0
2008-07-17 00:00:00-04:00,16.690000534057617,17.450000762939453,16.600000381469727,17.309999465942383,825700,0.0,0.0
2008-07-18 00:00:00-04:00,17.260000228881836,17.3700008392334,16.649999618530273,17.010000228881836,560000,0.0,0.0
2008-07-21 00:00:00-04:00,17.040000915527344,18.530000686645508,17.040000915527344,18.270000457763672,730700,0.0,0.0
2008-07-22 00:00:00-04:00,18.139999389648438,19.299999237060547,17.610000610351562,19.260000228881836,687100,0.0,0.0
2008-07-23 00:00:00-04:00,19.270000457763672,19.450000762939453,18.5,18.780000686645508,697800,0.0,0.0
2008-07-24 00:00:00-04:00,18.799999237060547,19.059999465942383,18.559999465942383,18.979999542236328,338300,0.0,0.0
2008-07-25 00:00:00-04:00,19.030000686645508,19.09000015258789,18.59000015258789,19.0,427100,0.0,0.0
2008-07-28 00:00:00-04:00,18.899999618530273,19.579999923706055,18.709999084472656,18.81999969482422,610400,0.0,0.0
2008-07-29 00:00:00-04:00,18.940000534057617,20.100000381469727,18.8700008392334,19.850000381469727,680600,0.0,0.0
2008-07-30 00:00:00-04:00,19.989999771118164,20.209999084472656,19.450000762939453,20.1200008392334,512900,0.0,0.0
2008-07-31 00:00:00-04:00,19.93000030517578,22.649999618530273,19.700000762939453,21.889999389648438,2003500,0.0,0.0
2008-08-01 00:00:00-04:00,21.84000015258789,21.979999542236328,21.06999969482422,21.68000030517578,960100,0.0,0.0
2008-08-04 00:00:00-04:00,21.6299991607666,21.979999542236328,20.959999084472656,21.610000610351562,760000,0.0,0.0
2008-08-05 00:00:00-04:00,21.709999084472656,21.90999984741211,21.360000610351562,21.729999542236328,726400,0.0,0.0
2008-08-06 00:00:00-04:00,21.75,22.520000457763672,21.200000762939453,22.399999618530273,732200,0.0,0.0
2008-08-07 00:00:00-04:00,22.15999984741211,22.399999618530273,20.1200008392334,20.239999771118164,1784000,0.0,0.0
2008-08-08 00:00:00-04:00,20.299999237060547,21.670000076293945,19.43000030517578,21.6200008392334,1285000,0.0,0.0
2008-08-11 00:00:00-04:00,21.700000762939453,23.25,21.389999389648438,22.829999923706055,638600,0.0,0.0
2008-08-12 00:00:00-04:00,22.780000686645508,22.850000381469727,22.1200008392334,22.809999465942383,629800,0.0,0.0
2008-08-13 00:00:00-04:00,22.799999237060547,22.799999237060547,21.25,21.90999984741211,667900,0.0,0.0
2008-08-14 00:00:00-04:00,21.850000381469727,22.920000076293945,21.850000381469727,22.799999237060547,490900,0.0,0.0
2008-08-15 00:00:00-04:00,23.040000915527344,23.049999237060547,22.309999465942383,22.639999389648438,488100,0.0,0.0
2008-08-18 00:00:00-04:00,22.75,23.1299991607666,22.079999923706055,22.209999084472656,412700,0.0,0.0
2008-08-19 00:00:00-04:00,22.030000686645508,22.030000686645508,21.020000457763672,21.219999313354492,464900,0.0,0.0
2008-08-20 00:00:00-04:00,21.280000686645508,21.780000686645508,21.010000228881836,21.270000457763672,429200,0.0,0.0
2008-08-21 00:00:00-04:00,21.079999923706055,21.520000457763672,20.399999618530273,20.559999465942383,340400,0.0,0.0
2008-08-22 00:00:00-04:00,20.829999923706055,21.68000030517578,20.350000381469727,21.540000915527344,223700,0.0,0.0
2008-08-25 00:00:00-04:00,21.469999313354492,21.780000686645508,20.420000076293945,20.559999465942383,370000,0.0,0.0
2008-08-26 00:00:00-04:00,20.579999923706055,21.639999389648438,20.579999923706055,21.420000076293945,255200,0.0,0.0
2008-08-27 00:00:00-04:00,21.459999084472656,21.489999771118164,20.5,20.690000534057617,593900,0.0,0.0
2008-08-28 00:00:00-04:00,20.700000762939453,21.969999313354492,20.520000457763672,21.829999923706055,443600,0.0,0.0
2008-08-29 00:00:00-04:00,21.809999465942383,22.030000686645508,21.559999465942383,21.719999313354492,235800,0.0,0.0
2008-09-02 00:00:00-04:00,22.040000915527344,22.5,20.260000228881836,20.579999923706055,756900,0.0,0.0
2008-09-03 00:00:00-04:00,22.709999084472656,23.670000076293945,21.06999969482422,21.799999237060547,2118300,0.0,0.0
2008-09-04 00:00:00-04:00,21.59000015258789,21.8700008392334,20.31999969482422,20.3799991607666,681100,0.0,0.0
2008-09-05 00:00:00-04:00,20.389999389648438,20.729999542236328,18.209999084472656,19.06999969482422,1135500,0.0,0.0
2008-09-08 00:00:00-04:00,19.59000015258789,19.75,18.700000762939453,18.899999618530273,620800,0.0,0.0
2008-09-09 00:00:00-04:00,18.829999923706055,19.790000915527344,18.479999542236328,18.520000457763672,634500,0.0,0.0
2008-09-10 00:00:00-04:00,18.799999237060547,19.549999237060547,18.700000762939453,19.43000030517578,667100,0.0,0.0
2008-09-11 00:00:00-04:00,19.049999237060547,20.610000610351562,18.719999313354492,20.579999923706055,710000,0.0,0.0
2008-09-12 00:00:00-04:00,20.329999923706055,20.899999618530273,19.84000015258789,20.709999084472656,487500,0.0,0.0
2008-09-15 00:00:00-04:00,20.479999542236328,21.709999084472656,19.780000686645508,20.450000762939453,536400,0.0,0.0
2008-09-16 00:00:00-04:00,20.790000915527344,21.84000015258789,20.479999542236328,21.639999389648438,578700,0.0,0.0
2008-09-17 00:00:00-04:00,21.360000610351562,21.469999313354492,20.360000610351562,20.8799991607666,611100,0.0,0.0
2008-09-18 00:00:00-04:00,21.299999237060547,23.079999923706055,20.25,22.979999542236328,1288200,0.0,0.0
2008-09-19 00:00:00-04:00,23.579999923706055,24.0,22.040000915527344,23.06999969482422,2398500,0.0,0.0
2008-09-22 00:00:00-04:00,22.84000015258789,23.520000457763672,21.649999618530273,21.709999084472656,853000,0.0,0.0
2008-09-23 00:00:00-04:00,21.639999389648438,22.31999969482422,21.0,21.100000381469727,395100,0.0,0.0
2008-09-24 00:00:00-04:00,21.219999313354492,22.0,20.770000457763672,20.969999313354492,356900,0.0,0.0
2008-09-25 00:00:00-04:00,21.139999389648438,21.93000030517578,20.940000534057617,21.459999084472656,295100,0.0,0.0
2008-09-26 00:00:00-04:00,20.979999542236328,22.739999771118164,20.93000030517578,22.709999084472656,650800,0.0,0.0
2008-09-29 00:00:00-04:00,22.229999542236328,24.0,21.559999465942383,21.8799991607666,656800,0.0,0.0
2008-09-30 00:00:00-04:00,22.149999618530273,22.459999084472656,21.18000030517578,21.829999923706055,492700,0.0,0.0
2008-10-01 00:00:00-04:00,21.59000015258789,22.81999969482422,21.219999313354492,22.81999969482422,491900,0.0,0.0
2008-10-02 00:00:00-04:00,22.610000610351562,22.65999984741211,21.170000076293945,21.360000610351562,410400,0.0,0.0
2008-10-03 00:00:00-04:00,21.969999313354492,22.1299991607666,20.700000762939453,20.959999084472656,672900,0.0,0.0
2008-10-06 00:00:00-04:00,20.5,20.520000457763672,18.09000015258789,19.84000015258789,895100,0.0,0.0
2008-10-07 00:00:00-04:00,20.170000076293945,20.829999923706055,18.739999771118164,18.920000076293945,563300,0.0,0.0
2008-10-08 00:00:00-04:00,18.170000076293945,19.770000457763672,17.90999984741211,18.940000534057617,800200,0.0,0.0
2008-10-09 00:00:00-04:00,19.139999389648438,19.700000762939453,16.780000686645508,16.8700008392334,593500,0.0,0.0
2008-10-10 00:00:00-04:00,16.350000381469727,17.489999771118164,14.4399995803833,17.139999389648438,1461500,0.0,0.0
2008-10-13 00:00:00-04:00,17.700000762939453,19.600000381469727,15.989999771118164,19.59000015258789,644500,0.0,0.0
2008-10-14 00:00:00-04:00,20.43000030517578,20.43000030517578,18.56999969482422,19.25,460100,0.0,0.0
2008-10-15 00:00:00-04:00,19.020000457763672,19.200000762939453,17.100000381469727,17.110000610351562,426800,0.0,0.0
2008-10-16 00:00:00-04:00,17.219999313354492,19.299999237060547,16.700000762939453,19.290000915527344,915900,0.0,0.0
2008-10-17 00:00:00-04:00,18.559999465942383,19.8700008392334,17.860000610351562,18.75,561700,0.0,0.0
2008-10-20 00:00:00-04:00,19.170000076293945,19.5,18.5,19.399999618530273,488700,0.0,0.0
2008-10-21 00:00:00-04:00,19.110000610351562,19.979999542236328,18.40999984741211,19.25,340400,0.0,0.0
2008-10-22 00:00:00-04:00,18.719999313354492,19.950000762939453,18.219999313354492,18.690000534057617,312000,0.0,0.0
2008-10-23 00:00:00-04:00,18.690000534057617,19.139999389648438,17.200000762939453,17.700000762939453,591300,0.0,0.0
2008-10-24 00:00:00-04:00,16.690000534057617,17.309999465942383,16.149999618530273,16.149999618530273,662300,0.0,0.0
2008-10-27 00:00:00-04:00,15.960000038146973,16.170000076293945,15.149999618530273,15.460000038146973,613700,0.0,0.0
2008-10-28 00:00:00-04:00,15.829999923706055,16.75,14.649999618530273,16.75,695900,0.0,0.0
2008-10-29 00:00:00-04:00,16.790000915527344,18.149999618530273,16.09000015258789,17.43000030517578,685000,0.0,0.0
2008-10-30 00:00:00-04:00,17.950000762939453,18.559999465942383,17.270000457763672,18.139999389648438,424500,0.0,0.0
2008-10-31 00:00:00-04:00,17.93000030517578,20.040000915527344,17.59000015258789,19.299999237060547,577500,0.0,0.0
2008-11-03 00:00:00-05:00,19.479999542236328,20.75,18.31999969482422,19.8799991607666,673500,0.0,0.0
2008-11-04 00:00:00-05:00,20.5,20.6200008392334,19.610000610351562,19.770000457763672,388500,0.0,0.0
2008-11-05 00:00:00-05:00,19.719999313354492,19.84000015258789,18.209999084472656,18.34000015258789,413500,0.0,0.0
2008-11-06 00:00:00-05:00,18.209999084472656,18.579999923706055,17.309999465942383,17.610000610351562,444800,0.0,0.0
2008-11-07 00:00:00-05:00,17.809999465942383,18.530000686645508,17.31999969482422,18.350000381469727,261600,0.0,0.0
2008-11-10 00:00:00-05:00,18.780000686645508,19.520000457763672,17.709999084472656,19.06999969482422,341800,0.0,0.0
2008-11-11 00:00:00-05:00,18.940000534057617,19.389999389648438,18.399999618530273,18.59000015258789,369900,0.0,0.0
2008-11-12 00:00:00-05:00,18.270000457763672,19.31999969482422,16.940000534057617,17.030000686645508,502700,0.0,0.0
2008-11-13 00:00:00-05:00,17.18000030517578,17.770000457763672,15.579999923706055,17.690000534057617,675600,0.0,0.0
2008-11-14 00:00:00-05:00,17.389999389648438,18.200000762939453,17.079999923706055,17.170000076293945,462700,0.0,0.0
2008-11-17 00:00:00-05:00,17.040000915527344,18.149999618530273,16.639999389648438,17.670000076293945,340800,0.0,0.0
2008-11-18 00:00:00-05:00,17.690000534057617,17.93000030517578,16.510000228881836,17.059999465942383,370300,0.0,0.0
2008-11-19 00:00:00-05:00,17.020000457763672,17.170000076293945,15.609999656677246,15.65999984741211,445900,0.0,0.0
2008-11-20 00:00:00-05:00,15.359999656677246,15.539999961853027,13.75,14.270000457763672,843400,0.0,0.0
2008-11-21 00:00:00-05:00,14.510000228881836,14.649999618530273,12.619999885559082,13.949999809265137,1077700,0.0,0.0
2008-11-24 00:00:00-05:00,13.760000228881836,14.649999618530273,13.350000381469727,14.579999923706055,836500,0.0,0.0
2008-11-25 00:00:00-05:00,14.739999771118164,14.739999771118164,13.699999809265137,14.600000381469727,476700,0.0,0.0
2008-11-26 00:00:00-05:00,14.119999885559082,15.350000381469727,13.920000076293945,15.319999694824219,483700,0.0,0.0
2008-11-28 00:00:00-05:00,15.050000190734863,15.869999885559082,14.779999732971191,15.460000038146973,235000,0.0,0.0
2008-12-01 00:00:00-05:00,14.680000305175781,15.550000190734863,13.65999984741211,13.760000228881836,507000,0.0,0.0
2008-12-02 00:00:00-05:00,14.109999656677246,15.0,13.760000228881836,14.789999961853027,843000,0.0,0.0
2008-12-03 00:00:00-05:00,14.470000267028809,15.069999694824219,13.880000114440918,14.760000228881836,550500,0.0,0.0
2008-12-04 00:00:00-05:00,14.609999656677246,15.199999809265137,14.260000228881836,14.550000190734863,447800,0.0,0.0
2008-12-05 00:00:00-05:00,14.270000457763672,15.319999694824219,13.859999656677246,15.229999542236328,392900,0.0,0.0
2008-12-08 00:00:00-05:00,15.640000343322754,16.579999923706055,14.5600004196167,16.3700008392334,486900,0.0,0.0
2008-12-09 00:00:00-05:00,16.799999237060547,17.200000762939453,16.139999389648438,16.59000015258789,511000,0.0,0.0
2008-12-10 00:00:00-05:00,16.84000015258789,17.899999618530273,16.5,17.18000030517578,347000,0.0,0.0
2008-12-11 00:00:00-05:00,16.540000915527344,17.18000030517578,16.209999084472656,16.459999084472656,492000,0.0,0.0
2008-12-12 00:00:00-05:00,16.170000076293945,17.049999237060547,16.100000381469727,16.829999923706055,569800,0.0,0.0
2008-12-15 00:00:00-05:00,16.899999618530273,16.899999618530273,15.380000114440918,15.829999923706055,347200,0.0,0.0
2008-12-16 00:00:00-05:00,16.079999923706055,17.079999923706055,15.760000228881836,17.040000915527344,430400,0.0,0.0
2008-12-17 00:00:00-05:00,16.84000015258789,17.170000076293945,16.420000076293945,16.899999618530273,330500,0.0,0.0
2008-12-18 00:00:00-05:00,16.959999084472656,18.049999237060547,16.68000030517578,17.510000228881836,431900,0.0,0.0
2008-12-19 00:00:00-05:00,18.059999465942383,19.190000534057617,17.31999969482422,18.90999984741211,1040400,0.0,0.0
2008-12-22 00:00:00-05:00,18.90999984741211,19.450000762939453,17.420000076293945,18.18000030517578,542300,0.0,0.0
2008-12-23 00:00:00-05:00,18.270000457763672,18.889999389648438,17.56999969482422,17.93000030517578,292800,0.0,0.0
2008-12-24 00:00:00-05:00,17.950000762939453,18.1200008392334,17.260000228881836,17.860000610351562,134800,0.0,0.0
2008-12-26 00:00:00-05:00,17.899999618530273,18.329999923706055,17.8700008392334,18.229999542236328,121700,0.0,0.0
2008-12-29 00:00:00-05:00,17.100000381469727,18.15999984741211,17.100000381469727,17.520000457763672,233900,0.0,0.0
2008-12-30 00:00:00-05:00,17.639999389648438,17.690000534057617,17.079999923706055,17.649999618530273,256200,0.0,0.0
2008-12-31 00:00:00-05:00,17.719999313354492,18.520000457763672,17.360000610351562,18.360000610351562,431000,0.0,0.0
2009-01-02 00:00:00-05:00,18.420000076293945,18.989999771118164,18.219999313354492,18.700000762939453,354700,0.0,0.0
2009-01-05 00:00:00-05:00,18.65999984741211,19.399999618530273,18.06999969482422,19.079999923706055,323700,0.0,0.0
2009-01-06 00:00:00-05:00,19.25,19.360000610351562,18.68000030517578,18.959999084472656,301600,0.0,0.0
2009-01-07 00:00:00-05:00,18.59000015258789,18.799999237060547,17.690000534057617,17.979999542236328,248600,0.0,0.0
2009-01-08 00:00:00-05:00,17.860000610351562,18.760000228881836,17.700000762939453,18.280000686645508,257000,0.0,0.0
2009-01-09 00:00:00-05:00,18.34000015258789,18.389999389648438,17.209999084472656,17.479999542236328,330400,0.0,0.0
2009-01-12 00:00:00-05:00,17.219999313354492,18.200000762939453,17.049999237060547,17.469999313354492,268400,0.0,0.0
2009-01-13 00:00:00-05:00,17.40999984741211,18.309999465942383,17.350000381469727,17.90999984741211,229300,0.0,0.0
2009-01-14 00:00:00-05:00,18.200000762939453,18.260000228881836,16.709999084472656,16.8700008392334,286200,0.0,0.0
2009-01-15 00:00:00-05:00,16.860000610351562,17.049999237060547,15.779999732971191,17.010000228881836,307000,0.0,0.0
2009-01-16 00:00:00-05:00,17.149999618530273,17.360000610351562,16.520000457763672,17.360000610351562,319900,0.0,0.0
2009-01-20 00:00:00-05:00,17.149999618530273,17.459999084472656,15.34000015258789,15.380000114440918,479800,0.0,0.0
2009-01-21 00:00:00-05:00,15.5600004196167,16.520000457763672,15.149999618530273,16.399999618530273,430100,0.0,0.0
2009-01-22 00:00:00-05:00,16.229999542236328,16.25,15.100000381469727,15.3100004196167,361800,0.0,0.0
2009-01-23 00:00:00-05:00,15.029999732971191,16.020000457763672,14.920000076293945,15.569999694824219,350500,0.0,0.0
2009-01-26 00:00:00-05:00,15.550000190734863,16.520000457763672,15.399999618530273,16.1200008392334,294400,0.0,0.0
2009-01-27 00:00:00-05:00,16.229999542236328,17.40999984741211,16.229999542236328,17.049999237060547,468800,0.0,0.0
2009-01-28 00:00:00-05:00,17.31999969482422,18.079999923706055,17.31999969482422,17.56999969482422,286400,0.0,0.0
2009-01-29 00:00:00-05:00,17.299999237060547,17.579999923706055,16.920000076293945,17.149999618530273,335000,0.0,0.0
2009-01-30 00:00:00-05:00,17.280000686645508,18.0,16.940000534057617,17.479999542236328,421100,0.0,0.0
2009-02-02 00:00:00-05:00,17.18000030517578,18.399999618530273,17.18000030517578,18.149999618530273,502300,0.0,0.0
2009-02-03 00:00:00-05:00,18.25,19.079999923706055,18.170000076293945,18.940000534057617,351500,0.0,0.0
2009-02-04 00:00:00-05:00,18.889999389648438,19.950000762939453,18.579999923706055,18.790000915527344,357100,0.0,0.0
2009-02-05 00:00:00-05:00,18.549999237060547,19.56999969482422,18.34000015258789,19.1200008392334,383800,0.0,0.0
2009-02-06 00:00:00-05:00,19.040000915527344,20.079999923706055,19.040000915527344,19.920000076293945,336700,0.0,0.0
2009-02-09 00:00:00-05:00,19.780000686645508,19.950000762939453,18.8799991607666,19.229999542236328,266600,0.0,0.0
2009-02-10 00:00:00-05:00,19.15999984741211,19.600000381469727,18.149999618530273,18.25,379900,0.0,0.0
2009-02-11 00:00:00-05:00,18.34000015258789,18.799999237060547,17.40999984741211,18.09000015258789,639400,0.0,0.0
2009-02-12 00:00:00-05:00,17.84000015258789,18.690000534057617,17.81999969482422,18.399999618530273,525700,0.0,0.0
2009-02-13 00:00:00-05:00,18.360000610351562,19.25,17.81999969482422,18.969999313354492,471100,0.0,0.0
2009-02-17 00:00:00-05:00,18.469999313354492,19.209999084472656,18.020000457763672,19.020000457763672,467400,0.0,0.0
2009-02-18 00:00:00-05:00,19.1299991607666,19.399999618530273,18.440000534057617,18.5,526300,0.0,0.0
2009-02-19 00:00:00-05:00,18.790000915527344,19.209999084472656,18.010000228881836,18.299999237060547,349000,0.0,0.0
2009-02-20 00:00:00-05:00,18.030000686645508,18.549999237060547,17.549999237060547,18.149999618530273,478000,0.0,0.0
2009-02-23 00:00:00-05:00,18.260000228881836,18.360000610351562,17.110000610351562,17.149999618530273,491500,0.0,0.0
2009-02-24 00:00:00-05:00,17.459999084472656,17.6200008392334,17.020000457763672,17.389999389648438,561500,0.0,0.0
2009-02-25 00:00:00-05:00,17.229999542236328,17.809999465942383,17.06999969482422,17.25,540800,0.0,0.0
2009-02-26 00:00:00-05:00,17.389999389648438,17.709999084472656,15.039999961853027,15.399999618530273,851900,0.0,0.0
2009-02-27 00:00:00-05:00,15.100000381469727,15.710000038146973,14.180000305175781,14.25,786000,0.0,0.0
2009-03-02 00:00:00-05:00,14.039999961853027,14.3100004196167,13.130000114440918,13.539999961853027,898300,0.0,0.0
2009-03-03 00:00:00-05:00,13.829999923706055,14.420000076293945,13.4399995803833,13.8100004196167,697800,0.0,0.0
2009-03-04 00:00:00-05:00,14.029999732971191,14.15999984741211,13.329999923706055,13.960000038146973,562500,0.0,0.0
2009-03-05 00:00:00-05:00,13.640000343322754,13.84000015258789,12.739999771118164,12.779999732971191,717900,0.0,0.0
2009-03-06 00:00:00-05:00,12.899999618530273,13.140000343322754,12.210000038146973,12.670000076293945,466200,0.0,0.0
2009-03-09 00:00:00-04:00,12.600000381469727,13.220000267028809,12.329999923706055,12.399999618530273,475000,0.0,0.0
2009-03-10 00:00:00-04:00,12.6899995803833,12.949999809265137,12.3100004196167,12.600000381469727,518300,0.0,0.0
2009-03-11 00:00:00-04:00,12.649999618530273,13.079999923706055,11.8100004196167,12.050000190734863,553000,0.0,0.0
2009-03-12 00:00:00-04:00,12.020000457763672,13.380000114440918,11.8100004196167,13.329999923706055,623800,0.0,0.0
2009-03-13 00:00:00-04:00,13.359999656677246,14.100000381469727,13.199999809265137,14.029999732971191,506100,0.0,0.0
2009-03-16 00:00:00-04:00,13.40999984741211,14.270000457763672,13.3100004196167,13.4399995803833,543500,0.0,0.0
2009-03-17 00:00:00-04:00,13.430000305175781,14.210000038146973,13.359999656677246,14.210000038146973,451300,0.0,0.0
2009-03-18 00:00:00-04:00,14.180000305175781,14.869999885559082,13.779999732971191,14.449999809265137,388800,0.0,0.0
2009-03-19 00:00:00-04:00,14.609999656677246,14.609999656677246,13.59000015258789,13.680000305175781,441900,0.0,0.0
2009-03-20 00:00:00-04:00,13.84000015258789,14.039999961853027,13.350000381469727,13.449999809265137,719600,0.0,0.0
2009-03-23 00:00:00-04:00,13.800000190734863,14.050000190734863,13.399999618530273,14.029999732971191,699600,0.0,0.0
2009-03-24 00:00:00-04:00,13.8100004196167,14.25,13.550000190734863,13.770000457763672,509500,0.0,0.0
2009-03-25 00:00:00-04:00,13.930000305175781,14.59000015258789,13.4399995803833,14.210000038146973,367300,0.0,0.0
2009-03-26 00:00:00-04:00,14.4399995803833,15.130000114440918,14.210000038146973,15.130000114440918,827200,0.0,0.0
2009-03-27 00:00:00-04:00,14.770000457763672,14.979999542236328,14.289999961853027,14.380000114440918,644300,0.0,0.0
2009-03-30 00:00:00-04:00,14.800000190734863,14.869999885559082,13.899999618530273,14.180000305175781,690200,0.0,0.0
2009-03-31 00:00:00-04:00,14.40999984741211,14.460000038146973,13.729999542236328,13.859999656677246,701300,0.0,0.0
2009-04-01 00:00:00-04:00,13.619999885559082,13.729999542236328,12.880000114440918,13.15999984741211,739600,0.0,0.0
2009-04-02 00:00:00-04:00,13.449999809265137,13.729999542236328,13.260000228881836,13.460000038146973,671800,0.0,0.0
2009-04-03 00:00:00-04:00,13.420000076293945,13.479999542236328,12.829999923706055,13.020000457763672,532600,0.0,0.0
2009-04-06 00:00:00-04:00,12.899999618530273,13.670000076293945,12.800000190734863,13.59000015258789,1006900,0.0,0.0
2009-04-07 00:00:00-04:00,13.420000076293945,13.5,13.100000381469727,13.149999618530273,469100,0.0,0.0
2009-04-08 00:00:00-04:00,13.210000038146973,13.460000038146973,13.020000457763672,13.34000015258789,367200,0.0,0.0
2009-04-09 00:00:00-04:00,13.640000343322754,13.949999809265137,13.369999885559082,13.9399995803833,540400,0.0,0.0
2009-04-13 00:00:00-04:00,13.710000038146973,13.84000015258789,13.25,13.4399995803833,488200,0.0,0.0
2009-04-14 00:00:00-04:00,13.260000228881836,13.800000190734863,13.130000114440918,13.260000228881836,625200,0.0,0.0
2009-04-15 00:00:00-04:00,13.149999618530273,13.350000381469727,12.800000190734863,13.300000190734863,523700,0.0,0.0
2009-04-16 00:00:00-04:00,13.239999771118164,13.680000305175781,13.050000190734863,13.399999618530273,579400,0.0,0.0
2009-04-17 00:00:00-04:00,13.449999809265137,13.729999542236328,13.079999923706055,13.149999618530273,581700,0.0,0.0
2009-04-20 00:00:00-04:00,12.90999984741211,13.109999656677246,12.550000190734863,12.789999961853027,431200,0.0,0.0
2009-04-21 00:00:00-04:00,12.75,13.100000381469727,12.600000381469727,12.920000076293945,321000,0.0,0.0
2009-04-22 00:00:00-04:00,12.670000076293945,12.789999961853027,12.420000076293945,12.479999542236328,468300,0.0,0.0
2009-04-23 00:00:00-04:00,12.479999542236328,12.529999732971191,12.109999656677246,12.40999984741211,480300,0.0,0.0
2009-04-24 00:00:00-04:00,12.520000457763672,13.239999771118164,12.279999732971191,12.9399995803833,617500,0.0,0.0
2009-04-27 00:00:00-04:00,12.710000038146973,13.0,12.5,12.65999984741211,529100,0.0,0.0
2009-04-28 00:00:00-04:00,12.59000015258789,13.100000381469727,12.59000015258789,12.84000015258789,528500,0.0,0.0
2009-04-29 00:00:00-04:00,12.920000076293945,13.739999771118164,12.720000267028809,13.479999542236328,525300,0.0,0.0
2009-04-30 00:00:00-04:00,13.670000076293945,13.670000076293945,13.140000343322754,13.260000228881836,621300,0.0,0.0
2009-05-01 00:00:00-04:00,14.199999809265137,14.34000015258789,13.479999542236328,13.850000381469727,694000,0.0,0.0
2009-05-04 00:00:00-04:00,14.40999984741211,15.020000457763672,14.010000228881836,14.949999809265137,768400,0.0,0.0
2009-05-05 00:00:00-04:00,15.029999732971191,15.199999809265137,14.489999771118164,15.140000343322754,712400,0.0,0.0
2009-05-06 00:00:00-04:00,15.210000038146973,15.319999694824219,14.649999618530273,14.880000114440918,617700,0.0,0.0
2009-05-07 00:00:00-04:00,15.149999618530273,15.319999694824219,14.880000114440918,15.140000343322754,610100,0.0,0.0
2009-05-08 00:00:00-04:00,15.25,16.1299991607666,15.199999809265137,15.84000015258789,566800,0.0,0.0
2009-05-11 00:00:00-04:00,16.0,16.719999313354492,15.550000190734863,16.25,686300,0.0,0.0
2009-05-12 00:00:00-04:00,16.399999618530273,16.6200008392334,15.739999771118164,15.90999984741211,577800,0.0,0.0
2009-05-13 00:00:00-04:00,15.670000076293945,16.15999984741211,14.75,15.0,844900,0.0,0.0
2009-05-14 00:00:00-04:00,15.109999656677246,15.399999618530273,14.920000076293945,15.100000381469727,440900,0.0,0.0
2009-05-15 00:00:00-04:00,15.039999961853027,15.039999961853027,14.470000267028809,14.609999656677246,582100,0.0,0.0
2009-05-18 00:00:00-04:00,14.75,15.079999923706055,14.359999656677246,14.880000114440918,424000,0.0,0.0
2009-05-19 00:00:00-04:00,14.949999809265137,14.979999542236328,14.600000381469727,14.800000190734863,455100,0.0,0.0
2009-05-20 00:00:00-04:00,14.949999809265137,15.319999694824219,14.569999694824219,14.789999961853027,627200,0.0,0.0
2009-05-21 00:00:00-04:00,14.600000381469727,14.600000381469727,13.850000381469727,14.140000343322754,435700,0.0,0.0
2009-05-22 00:00:00-04:00,14.180000305175781,14.3100004196167,13.829999923706055,13.989999771118164,370400,0.0,0.0
2009-05-26 00:00:00-04:00,13.899999618530273,14.859999656677246,13.899999618530273,14.630000114440918,525200,0.0,0.0
2009-05-27 00:00:00-04:00,14.489999771118164,15.170000076293945,14.489999771118164,14.579999923706055,390900,0.0,0.0
2009-05-28 00:00:00-04:00,14.699999809265137,14.9399995803833,14.449999809265137,14.739999771118164,476000,0.0,0.0
2009-05-29 00:00:00-04:00,14.75,15.329999923706055,14.479999542236328,15.270000457763672,825900,0.0,0.0
2009-06-01 00:00:00-04:00,15.199999809265137,15.779999732971191,14.90999984741211,15.59000015258789,498800,0.0,0.0
2009-06-02 00:00:00-04:00,15.569999694824219,16.239999771118164,15.180000305175781,15.859999656677246,749900,0.0,0.0
2009-06-03 00:00:00-04:00,15.6899995803833,16.309999465942383,15.640000343322754,16.270000457763672,382800,0.0,0.0
2009-06-04 00:00:00-04:00,16.31999969482422,16.420000076293945,15.960000038146973,16.360000610351562,334700,0.0,0.0
2009-06-05 00:00:00-04:00,16.360000610351562,16.579999923706055,16.139999389648438,16.360000610351562,278400,0.0,0.0
2009-06-08 00:00:00-04:00,16.15999984741211,16.280000686645508,15.75,15.920000076293945,267500,0.0,0.0
2009-06-09 00:00:00-04:00,15.949999809265137,16.1200008392334,15.720000267028809,16.020000457763672,346300,0.0,0.0
2009-06-10 00:00:00-04:00,16.100000381469727,16.170000076293945,15.760000228881836,16.149999618530273,489800,0.0,0.0
2009-06-11 00:00:00-04:00,15.630000114440918,16.420000076293945,15.630000114440918,16.06999969482422,522600,0.0,0.0
2009-06-12 00:00:00-04:00,15.930000305175781,16.420000076293945,15.680000305175781,16.360000610351562,332400,0.0,0.0
2009-06-15 00:00:00-04:00,16.020000457763672,16.299999237060547,15.239999771118164,15.319999694824219,714900,0.0,0.0
2009-06-16 00:00:00-04:00,15.390000343322754,15.75,15.279999732971191,15.640000343322754,497200,0.0,0.0
2009-06-17 00:00:00-04:00,15.6899995803833,16.65999984741211,15.6899995803833,16.579999923706055,498100,0.0,0.0
2009-06-18 00:00:00-04:00,16.510000228881836,17.350000381469727,16.459999084472656,17.31999969482422,609600,0.0,0.0
2009-06-19 00:00:00-04:00,17.479999542236328,18.420000076293945,17.479999542236328,18.209999084472656,1620100,0.0,0.0
2009-06-22 00:00:00-04:00,18.010000228881836,18.1200008392334,17.139999389648438,17.209999084472656,610700,0.0,0.0
2009-06-23 00:00:00-04:00,17.3700008392334,17.639999389648438,16.8799991607666,16.969999313354492,389600,0.0,0.0
2009-06-24 00:00:00-04:00,17.15999984741211,17.280000686645508,16.850000381469727,17.09000015258789,560500,0.0,0.0
2009-06-25 00:00:00-04:00,17.020000457763672,17.610000610351562,16.979999542236328,17.610000610351562,463800,0.0,0.0
2009-06-26 00:00:00-04:00,17.56999969482422,18.239999771118164,17.15999984741211,18.139999389648438,919400,0.0,0.0
2009-06-29 00:00:00-04:00,18.059999465942383,18.139999389648438,17.459999084472656,17.84000015258789,472200,0.0,0.0
2009-06-30 00:00:00-04:00,17.799999237060547,18.09000015258789,17.59000015258789,17.920000076293945,451400,0.0,0.0
2009-07-01 00:00:00-04:00,18.110000610351562,18.31999969482422,17.75,18.139999389648438,284600,0.0,0.0
2009-07-02 00:00:00-04:00,17.899999618530273,17.899999618530273,16.850000381469727,17.049999237060547,578300,0.0,0.0
2009-07-06 00:00:00-04:00,16.899999618530273,17.09000015258789,16.530000686645508,17.020000457763672,388900,0.0,0.0
2009-07-07 00:00:00-04:00,17.079999923706055,17.270000457763672,16.8700008392334,16.8799991607666,306000,0.0,0.0
2009-07-08 00:00:00-04:00,17.0,17.200000762939453,16.479999542236328,16.610000610351562,444300,0.0,0.0
2009-07-09 00:00:00-04:00,16.670000076293945,16.979999542236328,16.200000762939453,16.329999923706055,498300,0.0,0.0
2009-07-10 00:00:00-04:00,16.25,16.5,16.09000015258789,16.290000915527344,365300,0.0,0.0
2009-07-13 00:00:00-04:00,16.309999465942383,16.649999618530273,16.049999237060547,16.649999618530273,292200,0.0,0.0
2009-07-14 00:00:00-04:00,16.600000381469727,16.899999618530273,16.549999237060547,16.65999984741211,162600,0.0,0.0
2009-07-15 00:00:00-04:00,16.940000534057617,17.489999771118164,16.579999923706055,17.25,532800,0.0,0.0
2009-07-16 00:00:00-04:00,17.190000534057617,17.649999618530273,17.09000015258789,17.540000915527344,244700,0.0,0.0
2009-07-17 00:00:00-04:00,17.59000015258789,17.809999465942383,17.5,17.6200008392334,321500,0.0,0.0
2009-07-20 00:00:00-04:00,17.760000228881836,17.950000762939453,17.510000228881836,17.68000030517578,282500,0.0,0.0
2009-07-21 00:00:00-04:00,17.829999923706055,18.049999237060547,17.510000228881836,18.030000686645508,227900,0.0,0.0
2009-07-22 00:00:00-04:00,17.989999771118164,18.190000534057617,17.809999465942383,17.969999313354492,288300,0.0,0.0
2009-07-23 00:00:00-04:00,18.84000015258789,19.850000381469727,18.549999237060547,19.6200008392334,1282400,0.0,0.0
2009-07-24 00:00:00-04:00,19.530000686645508,20.760000228881836,19.510000228881836,20.75,1033800,0.0,0.0
2009-07-27 00:00:00-04:00,20.700000762939453,21.15999984741211,20.559999465942383,20.959999084472656,800500,0.0,0.0
2009-07-28 00:00:00-04:00,20.959999084472656,21.829999923706055,20.6200008392334,21.709999084472656,694000,0.0,0.0
2009-07-29 00:00:00-04:00,21.479999542236328,21.65999984741211,21.1299991607666,21.399999618530273,404500,0.0,0.0
2009-07-30 00:00:00-04:00,21.290000915527344,22.0,21.290000915527344,21.8799991607666,592300,0.0,0.0
2009-07-31 00:00:00-04:00,21.530000686645508,21.889999389648438,21.350000381469727,21.479999542236328,345000,0.0,0.0
2009-08-03 00:00:00-04:00,22.0,22.0,21.06999969482422,21.350000381469727,399100,0.0,0.0
2009-08-04 00:00:00-04:00,21.309999465942383,21.850000381469727,20.829999923706055,21.809999465942383,328500,0.0,0.0
2009-08-05 00:00:00-04:00,21.889999389648438,21.989999771118164,21.56999969482422,21.75,375800,0.0,0.0
2009-08-06 00:00:00-04:00,21.90999984741211,21.90999984741211,21.110000610351562,21.450000762939453,365800,0.0,0.0
2009-08-07 00:00:00-04:00,21.850000381469727,22.229999542236328,21.31999969482422,21.860000610351562,545300,0.0,0.0
2009-08-10 00:00:00-04:00,21.670000076293945,22.420000076293945,21.6200008392334,22.360000610351562,330300,0.0,0.0
2009-08-11 00:00:00-04:00,22.309999465942383,22.690000534057617,22.040000915527344,22.5,515700,0.0,0.0
2009-08-12 00:00:00-04:00,22.450000762939453,23.0,22.200000762939453,22.719999313354492,497100,0.0,0.0
2009-08-13 00:00:00-04:00,22.90999984741211,22.969999313354492,22.270000457763672,22.520000457763672,418500,0.0,0.0
2009-08-14 00:00:00-04:00,22.559999465942383,22.670000076293945,21.850000381469727,22.110000610351562,579400,0.0,0.0
2009-08-17 00:00:00-04:00,21.719999313354492,21.84000015258789,21.290000915527344,21.469999313354492,362200,0.0,0.0
2009-08-18 00:00:00-04:00,21.649999618530273,22.0,21.469999313354492,21.829999923706055,286300,0.0,0.0
2009-08-19 00:00:00-04:00,21.6299991607666,22.079999923706055,21.6299991607666,22.040000915527344,657900,0.0,0.0
2009-08-20 00:00:00-04:00,22.059999465942383,22.18000030517578,21.940000534057617,22.170000076293945,409400,0.0,0.0
2009-08-21 00:00:00-04:00,22.459999084472656,22.510000228881836,21.899999618530273,22.219999313354492,657000,0.0,0.0
2009-08-24 00:00:00-04:00,22.260000228881836,22.280000686645508,21.850000381469727,22.0,474200,0.0,0.0
2009-08-25 00:00:00-04:00,22.040000915527344,22.649999618530273,21.760000228881836,22.579999923706055,501700,0.0,0.0
2009-08-26 00:00:00-04:00,22.520000457763672,23.010000228881836,22.309999465942383,22.950000762939453,302200,0.0,0.0
2009-08-27 00:00:00-04:00,23.040000915527344,23.040000915527344,22.280000686645508,22.770000457763672,188200,0.0,0.0
2009-08-28 00:00:00-04:00,22.889999389648438,22.899999618530273,22.209999084472656,22.329999923706055,248400,0.0,0.0
2009-08-31 00:00:00-04:00,22.010000228881836,22.75,21.829999923706055,22.729999542236328,354700,0.0,0.0
2009-09-01 00:00:00-04:00,22.540000915527344,23.489999771118164,22.489999771118164,23.110000610351562,553700,0.0,0.0
2009-09-02 00:00:00-04:00,22.93000030517578,23.1200008392334,22.34000015258789,22.559999465942383,276700,0.0,0.0
2009-09-03 00:00:00-04:00,22.579999923706055,22.59000015258789,21.979999542236328,22.290000915527344,276600,0.0,0.0
2009-09-04 00:00:00-04:00,22.209999084472656,22.389999389648438,21.959999084472656,22.25,363300,0.0,0.0
2009-09-08 00:00:00-04:00,22.350000381469727,22.450000762939453,21.899999618530273,22.010000228881836,306700,0.0,0.0
2009-09-09 00:00:00-04:00,22.0,22.25,21.90999984741211,22.010000228881836,306200,0.0,0.0
2009-09-10 00:00:00-04:00,21.920000076293945,22.280000686645508,21.850000381469727,21.989999771118164,290300,0.0,0.0
2009-09-11 00:00:00-04:00,22.0,22.209999084472656,21.8700008392334,21.8799991607666,938000,0.0,0.0
2009-09-14 00:00:00-04:00,20.15999984741211,21.5,20.1200008392334,21.389999389648438,1319200,0.0,0.0
2009-09-15 00:00:00-04:00,21.290000915527344,21.389999389648438,20.860000610351562,21.270000457763672,405600,0.0,0.0
2009-09-16 00:00:00-04:00,21.270000457763672,21.6299991607666,21.1200008392334,21.420000076293945,373800,0.0,0.0
2009-09-17 00:00:00-04:00,21.489999771118164,21.84000015258789,21.389999389648438,21.5,212900,0.0,0.0
2009-09-18 00:00:00-04:00,21.559999465942383,21.559999465942383,21.190000534057617,21.280000686645508,1059000,0.0,0.0
2009-09-21 00:00:00-04:00,21.15999984741211,21.979999542236328,21.049999237060547,21.610000610351562,240300,0.0,0.0
2009-09-22 00:00:00-04:00,21.6299991607666,21.6299991607666,21.100000381469727,21.15999984741211,269700,0.0,0.0
2009-09-23 00:00:00-04:00,21.1299991607666,21.3799991607666,20.950000762939453,20.950000762939453,230100,0.0,0.0
2009-09-24 00:00:00-04:00,21.079999923706055,21.1299991607666,20.59000015258789,20.700000762939453,264800,0.0,0.0
2009-09-25 00:00:00-04:00,20.649999618530273,21.0,20.270000457763672,20.299999237060547,393500,0.0,0.0
2009-09-28 00:00:00-04:00,20.459999084472656,20.540000915527344,20.06999969482422,20.34000015258789,672900,0.0,0.0
2009-09-29 00:00:00-04:00,20.420000076293945,20.489999771118164,19.579999923706055,19.639999389648438,491700,0.0,0.0
2009-09-30 00:00:00-04:00,19.649999618530273,19.940000534057617,19.170000076293945,19.299999237060547,586000,0.0,0.0
2009-10-01 00:00:00-04:00,19.290000915527344,19.31999969482422,18.75,18.75,454700,0.0,0.0
2009-10-02 00:00:00-04:00,18.739999771118164,18.780000686645508,18.440000534057617,18.6200008392334,368000,0.0,0.0
2009-10-05 00:00:00-04:00,18.649999618530273,18.799999237060547,18.350000381469727,18.399999618530273,360600,0.0,0.0
2009-10-06 00:00:00-04:00,18.56999969482422,19.219999313354492,18.389999389648438,18.979999542236328,614500,0.0,0.0
2009-10-07 00:00:00-04:00,18.959999084472656,19.219999313354492,18.739999771118164,18.780000686645508,504100,0.0,0.0
2009-10-08 00:00:00-04:00,18.899999618530273,19.059999465942383,18.34000015258789,18.3799991607666,456700,0.0,0.0
2009-10-09 00:00:00-04:00,18.290000915527344,18.520000457763672,18.149999618530273,18.40999984741211,740600,0.0,0.0
2009-10-12 00:00:00-04:00,18.40999984741211,18.899999618530273,18.40999984741211,18.8799991607666,530000,0.0,0.0
2009-10-13 00:00:00-04:00,18.799999237060547,19.350000381469727,18.799999237060547,18.889999389648438,978000,0.0,0.0
2009-10-14 00:00:00-04:00,19.09000015258789,19.219999313354492,18.899999618530273,19.079999923706055,571700,0.0,0.0
2009-10-15 00:00:00-04:00,18.979999542236328,19.299999237060547,18.829999923706055,19.110000610351562,625200,0.0,0.0
2009-10-16 00:00:00-04:00,19.030000686645508,19.100000381469727,18.600000381469727,18.81999969482422,412100,0.0,0.0
2009-10-19 00:00:00-04:00,18.940000534057617,19.139999389648438,18.540000915527344,18.709999084472656,531000,0.0,0.0
2009-10-20 00:00:00-04:00,18.68000030517578,18.8799991607666,18.1200008392334,18.18000030517578,349700,0.0,0.0
2009-10-21 00:00:00-04:00,18.15999984741211,18.610000610351562,17.959999084472656,18.020000457763672,447400,0.0,0.0
2009-10-22 00:00:00-04:00,18.040000915527344,18.389999389648438,17.809999465942383,18.139999389648438,611100,0.0,0.0
2009-10-23 00:00:00-04:00,18.15999984741211,18.239999771118164,17.469999313354492,17.59000015258789,522200,0.0,0.0
2009-10-26 00:00:00-04:00,17.65999984741211,17.979999542236328,17.25,17.489999771118164,398300,0.0,0.0
2009-10-27 00:00:00-04:00,17.489999771118164,17.709999084472656,17.190000534057617,17.200000762939453,428600,0.0,0.0
2009-10-28 00:00:00-04:00,17.229999542236328,17.229999542236328,16.510000228881836,16.540000915527344,474700,0.0,0.0
2009-10-29 00:00:00-04:00,16.209999084472656,16.56999969482422,16.09000015258789,16.239999771118164,909300,0.0,0.0
2009-10-30 00:00:00-04:00,16.149999618530273,16.190000534057617,15.430000305175781,15.699999809265137,1063500,0.0,0.0
2009-11-02 00:00:00-05:00,15.760000228881836,16.15999984741211,15.180000305175781,15.390000343322754,989400,0.0,0.0
2009-11-03 00:00:00-05:00,15.380000114440918,16.06999969482422,15.380000114440918,15.960000038146973,1001000,0.0,0.0
2009-11-04 00:00:00-05:00,15.960000038146973,16.059999465942383,15.020000457763672,15.050000190734863,759200,0.0,0.0
2009-11-05 00:00:00-05:00,15.130000114440918,15.579999923706055,15.109999656677246,15.479999542236328,473100,0.0,0.0
2009-11-06 00:00:00-05:00,15.359999656677246,15.729999542236328,15.359999656677246,15.710000038146973,356900,0.0,0.0
2009-11-09 00:00:00-05:00,15.850000381469727,15.869999885559082,15.510000228881836,15.680000305175781,319700,0.0,0.0
2009-11-10 00:00:00-05:00,15.550000190734863,15.850000381469727,15.510000228881836,15.800000190734863,526200,0.0,0.0
2009-11-11 00:00:00-05:00,17.540000915527344,19.100000381469727,17.31999969482422,18.950000762939453,4280300,0.0,0.0
2009-11-12 00:00:00-05:00,18.950000762939453,19.350000381469727,18.6299991607666,18.989999771118164,1060200,0.0,0.0
2009-11-13 00:00:00-05:00,18.959999084472656,19.09000015258789,18.290000915527344,18.56999969482422,836200,0.0,0.0
2009-11-16 00:00:00-05:00,18.75,19.84000015258789,18.56999969482422,19.719999313354492,723300,0.0,0.0
2009-11-17 00:00:00-05:00,19.700000762939453,19.959999084472656,19.540000915527344,19.93000030517578,528400,0.0,0.0
2009-11-18 00:00:00-05:00,19.84000015258789,19.860000610351562,18.940000534057617,19.3799991607666,527500,0.0,0.0
2009-11-19 00:00:00-05:00,19.18000030517578,19.209999084472656,18.540000915527344,18.670000076293945,440200,0.0,0.0
2009-11-20 00:00:00-05:00,18.489999771118164,18.790000915527344,18.25,18.459999084472656,359600,0.0,0.0
2009-11-23 00:00:00-05:00,18.56999969482422,19.09000015258789,18.459999084472656,18.579999923706055,318700,0.0,0.0
2009-11-24 00:00:00-05:00,18.5,18.8700008392334,18.34000015258789,18.65999984741211,293700,0.0,0.0
2009-11-25 00:00:00-05:00,18.690000534057617,18.8799991607666,18.299999237060547,18.34000015258789,353100,0.0,0.0
2009-11-27 00:00:00-05:00,18.040000915527344,18.469999313354492,18.040000915527344,18.09000015258789,199800,0.0,0.0
2009-11-30 00:00:00-05:00,18.149999618530273,18.459999084472656,18.1200008392334,18.350000381469727,521800,0.0,0.0
2009-12-01 00:00:00-05:00,18.440000534057617,18.950000762939453,18.280000686645508,18.940000534057617,1211700,0.0,0.0
2009-12-02 00:00:00-05:00,18.899999618530273,19.5,18.780000686645508,19.290000915527344,585800,0.0,0.0
2009-12-03 00:00:00-05:00,19.40999984741211,19.610000610351562,18.969999313354492,19.0,282300,0.0,0.0
2009-12-04 00:00:00-05:00,19.3799991607666,19.739999771118164,19.030000686645508,19.31999969482422,368700,0.0,0.0
2009-12-07 00:00:00-05:00,19.290000915527344,19.440000534057617,19.030000686645508,19.229999542236328,602400,0.0,0.0
2009-12-08 00:00:00-05:00,19.09000015258789,19.219999313354492,18.8700008392334,18.93000030517578,609200,0.0,0.0
2009-12-09 00:00:00-05:00,18.90999984741211,19.049999237060547,18.600000381469727,18.989999771118164,184700,0.0,0.0
2009-12-10 00:00:00-05:00,19.030000686645508,19.299999237060547,18.59000015258789,18.75,354900,0.0,0.0
2009-12-11 00:00:00-05:00,18.790000915527344,19.049999237060547,18.530000686645508,18.959999084472656,531100,0.0,0.0
2009-12-14 00:00:00-05:00,19.020000457763672,19.56999969482422,18.780000686645508,19.549999237060547,498600,0.0,0.0
2009-12-15 00:00:00-05:00,19.549999237060547,20.299999237060547,19.479999542236328,20.219999313354492,682600,0.0,0.0
2009-12-16 00:00:00-05:00,20.309999465942383,20.920000076293945,20.100000381469727,20.780000686645508,624800,0.0,0.0
2009-12-17 00:00:00-05:00,20.59000015258789,20.75,20.40999984741211,20.649999618530273,457900,0.0,0.0
2009-12-18 00:00:00-05:00,20.940000534057617,21.549999237060547,20.940000534057617,21.40999984741211,1762300,0.0,0.0
2009-12-21 00:00:00-05:00,21.450000762939453,22.049999237060547,21.40999984741211,21.950000762939453,500300,0.0,0.0
2009-12-22 00:00:00-05:00,21.950000762939453,22.600000381469727,21.799999237060547,22.520000457763672,597200,0.0,0.0
2009-12-23 00:00:00-05:00,22.600000381469727,22.989999771118164,22.290000915527344,22.969999313354492,391900,0.0,0.0
2009-12-24 00:00:00-05:00,22.969999313354492,23.209999084472656,22.68000030517578,23.200000762939453,227700,0.0,0.0
2009-12-28 00:00:00-05:00,23.200000762939453,24.59000015258789,23.06999969482422,24.399999618530273,701600,0.0,0.0
2009-12-29 00:00:00-05:00,24.520000457763672,24.520000457763672,24.059999465942383,24.43000030517578,522700,0.0,0.0
2009-12-30 00:00:00-05:00,24.290000915527344,24.75,24.139999389648438,24.739999771118164,521900,0.0,0.0
2009-12-31 00:00:00-05:00,24.709999084472656,24.969999313354492,24.170000076293945,24.18000030517578,628900,0.0,0.0
2010-01-04 00:00:00-05:00,24.239999771118164,24.850000381469727,23.969999313354492,24.6299991607666,510300,0.0,0.0
2010-01-05 00:00:00-05:00,24.530000686645508,25.209999084472656,24.510000228881836,25.100000381469727,628300,0.0,0.0
2010-01-06 00:00:00-05:00,25.030000686645508,25.200000762939453,24.530000686645508,24.719999313354492,599300,0.0,0.0
2010-01-07 00:00:00-05:00,24.899999618530273,25.0,24.25,24.56999969482422,433900,0.0,0.0
2010-01-08 00:00:00-05:00,24.43000030517578,24.799999237060547,24.149999618530273,24.3700008392334,445200,0.0,0.0
2010-01-11 00:00:00-05:00,24.40999984741211,24.950000762939453,24.290000915527344,24.84000015258789,369100,0.0,0.0
2010-01-12 00:00:00-05:00,24.610000610351562,24.989999771118164,24.40999984741211,24.510000228881836,351900,0.0,0.0
2010-01-13 00:00:00-05:00,24.520000457763672,24.75,24.260000228881836,24.649999618530273,288300,0.0,0.0
2010-01-14 00:00:00-05:00,24.649999618530273,24.899999618530273,24.549999237060547,24.6200008392334,283500,0.0,0.0
2010-01-15 00:00:00-05:00,24.739999771118164,24.860000610351562,23.700000762939453,23.8799991607666,509700,0.0,0.0
2010-01-19 00:00:00-05:00,24.520000457763672,25.979999542236328,23.549999237060547,25.979999542236328,822000,0.0,0.0
2010-01-20 00:00:00-05:00,25.809999465942383,25.950000762939453,24.59000015258789,25.56999969482422,731400,0.0,0.0
2010-01-21 00:00:00-05:00,25.530000686645508,26.219999313354492,25.3700008392334,26.139999389648438,814100,0.0,0.0
2010-01-22 00:00:00-05:00,26.170000076293945,26.610000610351562,25.780000686645508,25.969999313354492,700700,0.0,0.0
2010-01-25 00:00:00-05:00,26.239999771118164,26.440000534057617,25.639999389648438,26.149999618530273,468900,0.0,0.0
2010-01-26 00:00:00-05:00,26.100000381469727,26.770000457763672,25.780000686645508,26.280000686645508,451800,0.0,0.0
2010-01-27 00:00:00-05:00,26.100000381469727,27.040000915527344,26.100000381469727,27.030000686645508,462200,0.0,0.0
2010-01-28 00:00:00-05:00,27.049999237060547,27.09000015258789,26.09000015258789,26.389999389648438,574500,0.0,0.0
2010-01-29 00:00:00-05:00,26.549999237060547,27.139999389648438,26.520000457763672,26.65999984741211,480900,0.0,0.0
2010-02-01 00:00:00-05:00,26.700000762939453,26.959999084472656,25.899999618530273,26.510000228881836,908600,0.0,0.0
2010-02-02 00:00:00-05:00,26.5,28.09000015258789,26.219999313354492,28.0,830700,0.0,0.0
2010-02-03 00:00:00-05:00,27.760000228881836,28.65999984741211,27.3799991607666,28.649999618530273,1426000,0.0,0.0
2010-02-04 00:00:00-05:00,28.3799991607666,28.600000381469727,25.59000015258789,25.6299991607666,1082700,0.0,0.0
2010-02-05 00:00:00-05:00,25.75,26.299999237060547,25.059999465942383,25.729999542236328,720400,0.0,0.0
2010-02-08 00:00:00-05:00,25.84000015258789,26.389999389648438,25.649999618530273,25.770000457763672,432600,0.0,0.0
2010-02-09 00:00:00-05:00,26.149999618530273,26.729999542236328,25.799999237060547,26.260000228881836,440100,0.0,0.0
2010-02-10 00:00:00-05:00,26.25,26.84000015258789,25.760000228881836,26.56999969482422,346500,0.0,0.0
2010-02-11 00:00:00-05:00,26.3700008392334,27.760000228881836,25.940000534057617,27.760000228881836,827000,0.0,0.0
2010-02-12 00:00:00-05:00,27.420000076293945,29.280000686645508,27.420000076293945,29.270000457763672,868700,0.0,0.0
2010-02-16 00:00:00-05:00,29.280000686645508,29.34000015258789,28.600000381469727,28.739999771118164,452900,0.0,0.0
2010-02-17 00:00:00-05:00,28.989999771118164,30.510000228881836,28.65999984741211,30.459999084472656,1062100,0.0,0.0
2010-02-18 00:00:00-05:00,30.280000686645508,30.479999542236328,25.65999984741211,26.65999984741211,3919000,0.0,0.0
2010-02-19 00:00:00-05:00,26.65999984741211,27.040000915527344,26.079999923706055,26.290000915527344,805700,0.0,0.0
2010-02-22 00:00:00-05:00,26.31999969482422,26.450000762939453,25.40999984741211,25.530000686645508,905000,0.0,0.0
2010-02-23 00:00:00-05:00,25.639999389648438,25.8799991607666,24.309999465942383,24.649999618530273,1225900,0.0,0.0
2010-02-24 00:00:00-05:00,24.6200008392334,25.020000457763672,24.479999542236328,24.850000381469727,558800,0.0,0.0
2010-02-25 00:00:00-05:00,24.479999542236328,24.530000686645508,24.010000228881836,24.34000015258789,613600,0.0,0.0
2010-02-26 00:00:00-05:00,24.34000015258789,24.700000762939453,24.030000686645508,24.459999084472656,512600,0.0,0.0
2010-03-01 00:00:00-05:00,24.530000686645508,25.639999389648438,24.0,25.3700008392334,624500,0.0,0.0
2010-03-02 00:00:00-05:00,25.389999389648438,25.6299991607666,24.8700008392334,25.209999084472656,687300,0.0,0.0
2010-03-03 00:00:00-05:00,25.31999969482422,25.40999984741211,24.75,24.979999542236328,640300,0.0,0.0
2010-03-04 00:00:00-05:00,24.950000762939453,24.989999771118164,24.31999969482422,24.809999465942383,572200,0.0,0.0
2010-03-05 00:00:00-05:00,24.889999389648438,25.59000015258789,24.889999389648438,25.510000228881836,693000,0.0,0.0
2010-03-08 00:00:00-05:00,25.3799991607666,25.93000030517578,25.3700008392334,25.469999313354492,359800,0.0,0.0
2010-03-09 00:00:00-05:00,25.270000457763672,25.760000228881836,24.8700008392334,25.649999618530273,412700,0.0,0.0
2010-03-10 00:00:00-05:00,25.579999923706055,26.579999923706055,25.31999969482422,25.780000686645508,558100,0.0,0.0
2010-03-11 00:00:00-05:00,25.700000762939453,25.8700008392334,25.329999923706055,25.5,431300,0.0,0.0
2010-03-12 00:00:00-05:00,25.65999984741211,25.729999542236328,24.549999237060547,24.690000534057617,917300,0.0,0.0
2010-03-15 00:00:00-04:00,24.579999923706055,24.940000534057617,24.450000762939453,24.780000686645508,388900,0.0,0.0
2010-03-16 00:00:00-04:00,24.93000030517578,25.139999389648438,24.6200008392334,24.760000228881836,309200,0.0,0.0
2010-03-17 00:00:00-04:00,24.84000015258789,25.059999465942383,24.549999237060547,24.579999923706055,271000,0.0,0.0
2010-03-18 00:00:00-04:00,24.549999237060547,24.940000534057617,24.219999313354492,24.690000534057617,315500,0.0,0.0
2010-03-19 00:00:00-04:00,24.6299991607666,24.860000610351562,23.770000457763672,23.770000457763672,985400,0.0,0.0
2010-03-22 00:00:00-04:00,23.760000228881836,24.56999969482422,23.420000076293945,24.360000610351562,513500,0.0,0.0
2010-03-23 00:00:00-04:00,24.440000534057617,25.809999465942383,24.440000534057617,25.719999313354492,726100,0.0,0.0
2010-03-24 00:00:00-04:00,25.65999984741211,25.899999618530273,25.399999618530273,25.399999618530273,495400,0.0,0.0
2010-03-25 00:00:00-04:00,25.68000030517578,27.68000030517578,25.68000030517578,26.559999465942383,878900,0.0,0.0
2010-03-26 00:00:00-04:00,26.719999313354492,27.049999237060547,25.93000030517578,26.229999542236328,355000,0.0,0.0
2010-03-29 00:00:00-04:00,26.31999969482422,26.850000381469727,26.260000228881836,26.799999237060547,362000,0.0,0.0
2010-03-30 00:00:00-04:00,26.75,27.229999542236328,26.639999389648438,26.940000534057617,388300,0.0,0.0
2010-03-31 00:00:00-04:00,26.770000457763672,27.190000534057617,26.389999389648438,26.489999771118164,409300,0.0,0.0
2010-04-01 00:00:00-04:00,26.59000015258789,27.200000762939453,26.200000762939453,26.579999923706055,267600,0.0,0.0
2010-04-05 00:00:00-04:00,26.600000381469727,26.899999618530273,26.329999923706055,26.899999618530273,170300,0.0,0.0
2010-04-06 00:00:00-04:00,26.690000534057617,26.850000381469727,26.360000610351562,26.639999389648438,394300,0.0,0.0
2010-04-07 00:00:00-04:00,26.65999984741211,26.959999084472656,25.920000076293945,26.309999465942383,332000,0.0,0.0
2010-04-08 00:00:00-04:00,26.149999618530273,26.309999465942383,25.549999237060547,26.030000686645508,534100,0.0,0.0
2010-04-09 00:00:00-04:00,26.0,26.0,25.40999984741211,25.780000686645508,341800,0.0,0.0
2010-04-12 00:00:00-04:00,25.8799991607666,25.950000762939453,25.399999618530273,25.559999465942383,368100,0.0,0.0
2010-04-13 00:00:00-04:00,25.59000015258789,26.030000686645508,25.15999984741211,25.389999389648438,298900,0.0,0.0
2010-04-14 00:00:00-04:00,25.579999923706055,26.389999389648438,25.239999771118164,26.389999389648438,791900,0.0,0.0
2010-04-15 00:00:00-04:00,26.43000030517578,26.780000686645508,26.100000381469727,26.209999084472656,223100,0.0,0.0
2010-04-16 00:00:00-04:00,26.06999969482422,26.68000030517578,25.719999313354492,26.399999618530273,546500,0.0,0.0
2010-04-19 00:00:00-04:00,26.229999542236328,26.719999313354492,25.450000762939453,25.530000686645508,498600,0.0,0.0
2010-04-20 00:00:00-04:00,25.700000762939453,25.799999237060547,24.940000534057617,25.149999618530273,520000,0.0,0.0
2010-04-21 00:00:00-04:00,25.100000381469727,25.100000381469727,24.399999618530273,24.43000030517578,538100,0.0,0.0
2010-04-22 00:00:00-04:00,24.270000457763672,24.920000076293945,23.719999313354492,24.559999465942383,490100,0.0,0.0
2010-04-23 00:00:00-04:00,24.5,25.040000915527344,24.299999237060547,24.770000457763672,294800,0.0,0.0
2010-04-26 00:00:00-04:00,24.700000762939453,25.34000015258789,24.600000381469727,24.84000015258789,265000,0.0,0.0
2010-04-27 00:00:00-04:00,24.829999923706055,25.489999771118164,24.350000381469727,24.43000030517578,288900,0.0,0.0
2010-04-28 00:00:00-04:00,24.5,24.84000015258789,24.110000610351562,24.6200008392334,170600,0.0,0.0
2010-04-29 00:00:00-04:00,24.780000686645508,27.149999618530273,24.020000457763672,27.0,621200,0.0,0.0
2010-04-30 00:00:00-04:00,26.8700008392334,27.5,25.34000015258789,25.530000686645508,698000,0.0,0.0
2010-05-03 00:00:00-04:00,25.709999084472656,27.5,25.440000534057617,27.479999542236328,594100,0.0,0.0
2010-05-04 00:00:00-04:00,26.899999618530273,27.979999542236328,26.81999969482422,27.84000015258789,836200,0.0,0.0
2010-05-05 00:00:00-04:00,27.6299991607666,27.940000534057617,26.299999237060547,26.860000610351562,680200,0.0,0.0
2010-05-06 00:00:00-04:00,26.709999084472656,27.149999618530273,22.899999618530273,25.420000076293945,986900,0.0,0.0
2010-05-07 00:00:00-04:00,25.25,26.489999771118164,23.290000915527344,23.579999923706055,873900,0.0,0.0
2010-05-10 00:00:00-04:00,24.739999771118164,25.790000915527344,24.190000534057617,24.649999618530273,533500,0.0,0.0
2010-05-11 00:00:00-04:00,24.5,25.899999618530273,24.190000534057617,25.520000457763672,658000,0.0,0.0
2010-05-12 00:00:00-04:00,25.729999542236328,27.790000915527344,25.59000015258789,27.739999771118164,615100,0.0,0.0
2010-05-13 00:00:00-04:00,27.549999237060547,28.8700008392334,27.399999618530273,28.40999984741211,1213600,0.0,0.0
2010-05-14 00:00:00-04:00,28.149999618530273,28.31999969482422,26.940000534057617,27.3700008392334,557100,0.0,0.0
2010-05-17 00:00:00-04:00,27.579999923706055,28.610000610351562,26.899999618530273,28.510000228881836,690400,0.0,0.0
2010-05-18 00:00:00-04:00,28.84000015258789,28.950000762939453,27.850000381469727,28.020000457763672,870200,0.0,0.0
2010-05-19 00:00:00-04:00,27.8700008392334,28.549999237060547,27.149999618530273,28.010000228881836,638700,0.0,0.0
2010-05-20 00:00:00-04:00,27.360000610351562,27.670000076293945,26.520000457763672,27.200000762939453,660200,0.0,0.0
2010-05-21 00:00:00-04:00,26.81999969482422,28.010000228881836,26.420000076293945,27.139999389648438,896400,0.0,0.0
2010-05-24 00:00:00-04:00,27.040000915527344,27.93000030517578,26.780000686645508,27.389999389648438,673800,0.0,0.0
2010-05-25 00:00:00-04:00,26.5,26.860000610351562,25.799999237060547,26.760000228881836,627600,0.0,0.0
2010-05-26 00:00:00-04:00,26.889999389648438,27.760000228881836,26.889999389648438,27.389999389648438,838700,0.0,0.0
2010-05-27 00:00:00-04:00,27.90999984741211,28.329999923706055,27.5,27.899999618530273,2260000,0.0,0.0
2010-05-28 00:00:00-04:00,27.809999465942383,28.84000015258789,27.610000610351562,28.56999969482422,1024200,0.0,0.0
2010-06-01 00:00:00-04:00,28.299999237060547,28.809999465942383,27.610000610351562,27.65999984741211,1139900,0.0,0.0
2010-06-02 00:00:00-04:00,28.059999465942383,30.280000686645508,27.690000534057617,30.280000686645508,2164400,0.0,0.0
2010-06-03 00:00:00-04:00,30.190000534057617,30.579999923706055,29.450000762939453,30.18000030517578,895900,0.0,0.0
2010-06-04 00:00:00-04:00,29.31999969482422,29.559999465942383,28.010000228881836,28.190000534057617,1081700,0.0,0.0
2010-06-07 00:00:00-04:00,28.299999237060547,28.440000534057617,26.969999313354492,27.030000686645508,627200,0.0,0.0
2010-06-08 00:00:00-04:00,27.079999923706055,27.239999771118164,25.860000610351562,26.5,720100,0.0,0.0
2010-06-09 00:00:00-04:00,24.979999542236328,26.139999389648438,24.31999969482422,25.040000915527344,2121300,0.0,0.0
2010-06-10 00:00:00-04:00,25.43000030517578,26.229999542236328,25.149999618530273,26.139999389648438,867600,0.0,0.0
2010-06-11 00:00:00-04:00,25.979999542236328,27.040000915527344,25.34000015258789,26.420000076293945,549300,0.0,0.0
2010-06-14 00:00:00-04:00,26.610000610351562,27.1299991607666,26.43000030517578,26.610000610351562,594800,0.0,0.0
2010-06-15 00:00:00-04:00,26.760000228881836,27.559999465942383,26.56999969482422,27.440000534057617,529400,0.0,0.0
2010-06-16 00:00:00-04:00,27.25,27.719999313354492,27.040000915527344,27.079999923706055,426500,0.0,0.0
2010-06-17 00:00:00-04:00,27.079999923706055,27.170000076293945,26.200000762939453,26.549999237060547,739800,0.0,0.0
2010-06-18 00:00:00-04:00,26.5,26.670000076293945,25.809999465942383,26.110000610351562,1299100,0.0,0.0
2010-06-21 00:00:00-04:00,26.559999465942383,26.8700008392334,25.469999313354492,25.670000076293945,380000,0.0,0.0
2010-06-22 00:00:00-04:00,25.84000015258789,26.290000915527344,25.040000915527344,25.110000610351562,322500,0.0,0.0
2010-06-23 00:00:00-04:00,25.149999618530273,25.6200008392334,24.8799991607666,25.399999618530273,358400,0.0,0.0
2010-06-24 00:00:00-04:00,24.770000457763672,25.149999618530273,24.3700008392334,24.469999313354492,719300,0.0,0.0
2010-06-25 00:00:00-04:00,24.520000457763672,25.510000228881836,24.079999923706055,24.530000686645508,7388500,0.0,0.0
2010-06-28 00:00:00-04:00,24.649999618530273,24.780000686645508,23.799999237060547,24.270000457763672,797100,0.0,0.0
2010-06-29 00:00:00-04:00,23.670000076293945,23.950000762939453,22.860000610351562,22.979999542236328,676500,0.0,0.0
2010-06-30 00:00:00-04:00,23.049999237060547,23.469999313354492,22.31999969482422,22.31999969482422,580500,0.0,0.0
2010-07-01 00:00:00-04:00,22.309999465942383,22.3700008392334,20.450000762939453,20.790000915527344,1431700,0.0,0.0
2010-07-02 00:00:00-04:00,21.059999465942383,21.8799991607666,20.75,21.610000610351562,1070200,0.0,0.0
2010-07-06 00:00:00-04:00,22.030000686645508,22.030000686645508,21.15999984741211,21.360000610351562,1213500,0.0,0.0
2010-07-07 00:00:00-04:00,21.450000762939453,21.799999237060547,21.079999923706055,21.68000030517578,648800,0.0,0.0
2010-07-08 00:00:00-04:00,21.950000762939453,22.309999465942383,21.790000915527344,22.299999237060547,753600,0.0,0.0
2010-07-09 00:00:00-04:00,22.299999237060547,23.25,22.110000610351562,23.219999313354492,596100,0.0,0.0
2010-07-12 00:00:00-04:00,23.190000534057617,23.399999618530273,22.3799991607666,22.43000030517578,406800,0.0,0.0
2010-07-13 00:00:00-04:00,22.81999969482422,23.18000030517578,22.700000762939453,23.09000015258789,504100,0.0,0.0
2010-07-14 00:00:00-04:00,22.940000534057617,23.170000076293945,22.799999237060547,23.059999465942383,206200,0.0,0.0
2010-07-15 00:00:00-04:00,23.190000534057617,24.170000076293945,23.139999389648438,23.329999923706055,769000,0.0,0.0
2010-07-16 00:00:00-04:00,23.079999923706055,23.270000457763672,22.43000030517578,22.479999542236328,569200,0.0,0.0
2010-07-19 00:00:00-04:00,22.579999923706055,22.940000534057617,22.1200008392334,22.360000610351562,593900,0.0,0.0
2010-07-20 00:00:00-04:00,22.040000915527344,22.6299991607666,21.790000915527344,22.59000015258789,540400,0.0,0.0
2010-07-21 00:00:00-04:00,22.709999084472656,23.049999237060547,22.229999542236328,22.329999923706055,402900,0.0,0.0
2010-07-22 00:00:00-04:00,22.56999969482422,22.969999313354492,22.450000762939453,22.860000610351562,1056400,0.0,0.0
2010-07-23 00:00:00-04:00,22.709999084472656,24.260000228881836,22.690000534057617,24.010000228881836,655600,0.0,0.0
2010-07-26 00:00:00-04:00,24.209999084472656,25.56999969482422,23.780000686645508,25.200000762939453,722000,0.0,0.0
2010-07-27 00:00:00-04:00,25.510000228881836,25.600000381469727,24.280000686645508,24.610000610351562,328200,0.0,0.0
2010-07-28 00:00:00-04:00,24.989999771118164,25.270000457763672,23.84000015258789,24.18000030517578,518000,0.0,0.0
2010-07-29 00:00:00-04:00,24.549999237060547,24.549999237060547,23.270000457763672,23.809999465942383,597000,0.0,0.0
2010-07-30 00:00:00-04:00,23.780000686645508,24.709999084472656,23.309999465942383,24.190000534057617,470900,0.0,0.0
2010-08-02 00:00:00-04:00,24.670000076293945,25.530000686645508,24.3799991607666,25.0,481100,0.0,0.0
2010-08-03 00:00:00-04:00,24.84000015258789,25.360000610351562,24.5,25.0,306100,0.0,0.0
2010-08-04 00:00:00-04:00,25.020000457763672,25.700000762939453,25.0,25.479999542236328,244400,0.0,0.0
2010-08-05 00:00:00-04:00,25.40999984741211,25.59000015258789,25.030000686645508,25.100000381469727,227300,0.0,0.0
2010-08-06 00:00:00-04:00,24.770000457763672,24.959999084472656,24.020000457763672,24.850000381469727,274600,0.0,0.0
2010-08-09 00:00:00-04:00,24.8700008392334,24.90999984741211,24.360000610351562,24.709999084472656,395300,0.0,0.0
2010-08-10 00:00:00-04:00,24.350000381469727,24.65999984741211,24.0,24.510000228881836,257100,0.0,0.0
2010-08-11 00:00:00-04:00,23.989999771118164,24.329999923706055,23.6200008392334,23.719999313354492,292900,0.0,0.0
2010-08-12 00:00:00-04:00,23.309999465942383,24.0,23.09000015258789,23.81999969482422,243200,0.0,0.0
2010-08-13 00:00:00-04:00,23.690000534057617,23.90999984741211,23.520000457763672,23.559999465942383,185200,0.0,0.0
2010-08-16 00:00:00-04:00,23.549999237060547,23.959999084472656,23.18000030517578,23.65999984741211,318500,0.0,0.0
2010-08-17 00:00:00-04:00,23.920000076293945,24.690000534057617,23.760000228881836,24.530000686645508,242400,0.0,0.0
2010-08-18 00:00:00-04:00,24.670000076293945,24.8700008392334,23.84000015258789,23.969999313354492,389500,0.0,0.0
2010-08-19 00:00:00-04:00,23.829999923706055,23.989999771118164,22.899999618530273,22.969999313354492,298100,0.0,0.0
2010-08-20 00:00:00-04:00,22.979999542236328,23.079999923706055,22.34000015258789,22.93000030517578,259200,0.0,0.0
2010-08-23 00:00:00-04:00,23.09000015258789,23.170000076293945,22.389999389648438,22.40999984741211,220200,0.0,0.0
2010-08-24 00:00:00-04:00,22.209999084472656,22.31999969482422,21.6200008392334,22.1200008392334,618200,0.0,0.0
2010-08-25 00:00:00-04:00,22.06999969482422,22.520000457763672,21.729999542236328,22.469999313354492,424800,0.0,0.0
2010-08-26 00:00:00-04:00,22.540000915527344,22.8700008392334,21.700000762939453,21.84000015258789,250200,0.0,0.0
2010-08-27 00:00:00-04:00,21.969999313354492,22.84000015258789,21.5,22.780000686645508,309800,0.0,0.0
2010-08-30 00:00:00-04:00,22.600000381469727,22.84000015258789,21.90999984741211,21.90999984741211,209000,0.0,0.0
2010-08-31 00:00:00-04:00,21.90999984741211,22.450000762939453,21.68000030517578,21.979999542236328,285000,0.0,0.0
2010-09-01 00:00:00-04:00,22.43000030517578,22.899999618530273,22.0,22.479999542236328,312600,0.0,0.0
2010-09-02 00:00:00-04:00,22.5,24.18000030517578,22.229999542236328,24.1200008392334,333600,0.0,0.0
2010-09-03 00:00:00-04:00,24.450000762939453,25.0,24.209999084472656,24.579999923706055,312100,0.0,0.0
2010-09-07 00:00:00-04:00,24.520000457763672,24.790000915527344,24.280000686645508,24.389999389648438,208800,0.0,0.0
2010-09-08 00:00:00-04:00,24.360000610351562,24.920000076293945,24.170000076293945,24.420000076293945,235000,0.0,0.0
2010-09-09 00:00:00-04:00,24.559999465942383,25.0,24.190000534057617,24.600000381469727,291100,0.0,0.0
2010-09-10 00:00:00-04:00,24.6200008392334,25.25,24.389999389648438,25.149999618530273,349200,0.0,0.0
2010-09-13 00:00:00-04:00,25.280000686645508,25.889999389648438,25.270000457763672,25.639999389648438,323500,0.0,0.0
2010-09-14 00:00:00-04:00,25.5,25.959999084472656,25.3799991607666,25.65999984741211,208500,0.0,0.0
2010-09-15 00:00:00-04:00,25.65999984741211,25.899999618530273,25.43000030517578,25.68000030517578,191000,0.0,0.0
2010-09-16 00:00:00-04:00,25.65999984741211,26.25,25.469999313354492,26.0,367600,0.0,0.0
2010-09-17 00:00:00-04:00,26.260000228881836,26.56999969482422,25.8700008392334,26.5,649500,0.0,0.0
2010-09-20 00:00:00-04:00,26.540000915527344,26.540000915527344,26.079999923706055,26.200000762939453,366800,0.0,0.0
2010-09-21 00:00:00-04:00,26.329999923706055,26.3799991607666,26.059999465942383,26.190000534057617,499400,0.0,0.0
2010-09-22 00:00:00-04:00,26.190000534057617,26.5,25.520000457763672,25.780000686645508,272300,0.0,0.0
2010-09-23 00:00:00-04:00,25.520000457763672,26.31999969482422,25.520000457763672,25.799999237060547,211200,0.0,0.0
2010-09-24 00:00:00-04:00,26.139999389648438,26.75,26.0,26.739999771118164,155300,0.0,0.0
2010-09-27 00:00:00-04:00,26.760000228881836,26.760000228881836,26.1200008392334,26.280000686645508,153300,0.0,0.0
2010-09-28 00:00:00-04:00,26.440000534057617,26.709999084472656,25.899999618530273,26.65999984741211,235500,0.0,0.0
2010-09-29 00:00:00-04:00,26.56999969482422,26.59000015258789,25.969999313354492,26.549999237060547,204300,0.0,0.0
2010-09-30 00:00:00-04:00,26.670000076293945,27.530000686645508,26.299999237060547,27.399999618530273,606200,0.0,0.0
2010-10-01 00:00:00-04:00,27.530000686645508,27.530000686645508,26.329999923706055,26.700000762939453,613000,0.0,0.0
2010-10-04 00:00:00-04:00,26.549999237060547,28.3700008392334,26.530000686645508,28.270000457763672,793900,0.0,0.0
2010-10-05 00:00:00-04:00,28.440000534057617,28.6299991607666,28.059999465942383,28.450000762939453,450800,0.0,0.0
2010-10-06 00:00:00-04:00,28.459999084472656,29.639999389648438,28.450000762939453,29.18000030517578,697600,0.0,0.0
2010-10-07 00:00:00-04:00,28.06999969482422,28.329999923706055,27.610000610351562,27.979999542236328,2219700,0.0,0.0
2010-10-08 00:00:00-04:00,28.020000457763672,28.290000915527344,27.979999542236328,28.18000030517578,1580900,0.0,0.0
2010-10-11 00:00:00-04:00,28.25,28.25,27.940000534057617,27.940000534057617,397100,0.0,0.0
2010-10-12 00:00:00-04:00,27.940000534057617,28.110000610351562,27.899999618530273,27.959999084472656,563700,0.0,0.0
2010-10-13 00:00:00-04:00,28.0,28.239999771118164,27.829999923706055,28.139999389648438,358000,0.0,0.0
2010-10-14 00:00:00-04:00,28.040000915527344,28.290000915527344,27.93000030517578,28.25,334800,0.0,0.0
2010-10-15 00:00:00-04:00,28.280000686645508,28.600000381469727,27.940000534057617,28.040000915527344,426300,0.0,0.0
2010-10-18 00:00:00-04:00,28.0,28.3700008392334,27.780000686645508,28.25,242300,0.0,0.0
2010-10-19 00:00:00-04:00,27.93000030517578,28.25,27.290000915527344,27.399999618530273,321200,0.0,0.0
2010-10-20 00:00:00-04:00,27.350000381469727,27.690000534057617,26.93000030517578,27.010000228881836,415300,0.0,0.0
2010-10-21 00:00:00-04:00,27.170000076293945,27.59000015258789,26.81999969482422,27.149999618530273,304900,0.0,0.0
2010-10-22 00:00:00-04:00,27.290000915527344,27.459999084472656,26.850000381469727,27.3700008392334,133900,0.0,0.0
2010-10-25 00:00:00-04:00,27.440000534057617,28.059999465942383,27.260000228881836,27.68000030517578,342500,0.0,0.0
2010-10-26 00:00:00-04:00,27.549999237060547,27.549999237060547,26.899999618530273,26.899999618530273,439000,0.0,0.0
2010-10-27 00:00:00-04:00,26.799999237060547,27.559999465942383,26.549999237060547,27.020000457763672,421100,0.0,0.0
2010-10-28 00:00:00-04:00,27.030000686645508,27.559999465942383,26.940000534057617,26.959999084472656,475900,0.0,0.0
2010-10-29 00:00:00-04:00,26.90999984741211,27.0,26.06999969482422,26.110000610351562,934900,0.0,0.0
2010-11-01 00:00:00-04:00,26.3700008392334,26.600000381469727,25.90999984741211,26.0,577500,0.0,0.0
2010-11-02 00:00:00-04:00,26.100000381469727,26.940000534057617,25.68000030517578,26.610000610351562,504100,0.0,0.0
2010-11-03 00:00:00-04:00,26.579999923706055,26.889999389648438,26.09000015258789,26.520000457763672,294500,0.0,0.0
2010-11-04 00:00:00-04:00,26.809999465942383,27.100000381469727,26.649999618530273,26.850000381469727,382200,0.0,0.0
2010-11-05 00:00:00-04:00,26.8700008392334,27.059999465942383,26.309999465942383,26.530000686645508,323500,0.0,0.0
2010-11-08 00:00:00-05:00,26.270000457763672,26.530000686645508,25.959999084472656,26.100000381469727,307500,0.0,0.0
2010-11-09 00:00:00-05:00,26.049999237060547,26.079999923706055,25.59000015258789,25.84000015258789,498500,0.0,0.0
2010-11-10 00:00:00-05:00,25.809999465942383,25.93000030517578,25.309999465942383,25.690000534057617,772400,0.0,0.0
2010-11-11 00:00:00-05:00,25.420000076293945,26.15999984741211,25.420000076293945,25.799999237060547,237600,0.0,0.0
2010-11-12 00:00:00-05:00,25.639999389648438,25.850000381469727,25.040000915527344,25.290000915527344,576400,0.0,0.0
2010-11-15 00:00:00-05:00,25.3799991607666,25.530000686645508,24.290000915527344,24.489999771118164,663500,0.0,0.0
2010-11-16 00:00:00-05:00,24.40999984741211,24.84000015258789,24.309999465942383,24.68000030517578,642500,0.0,0.0
2010-11-17 00:00:00-05:00,24.81999969482422,24.90999984741211,24.399999618530273,24.510000228881836,229000,0.0,0.0
2010-11-18 00:00:00-05:00,24.780000686645508,25.0,24.5,24.969999313354492,368500,0.0,0.0
2010-11-19 00:00:00-05:00,24.899999618530273,25.0,24.6299991607666,24.670000076293945,377200,0.0,0.0
2010-11-22 00:00:00-05:00,28.389999389648438,29.6200008392334,27.110000610351562,29.530000686645508,5260000,0.0,0.0
2010-11-23 00:00:00-05:00,29.25,30.899999618530273,28.709999084472656,29.989999771118164,2518800,0.0,0.0
2010-11-24 00:00:00-05:00,30.059999465942383,30.389999389648438,28.989999771118164,29.3700008392334,1205500,0.0,0.0
2010-11-26 00:00:00-05:00,29.270000457763672,29.280000686645508,28.799999237060547,28.829999923706055,185900,0.0,0.0
2010-11-29 00:00:00-05:00,28.739999771118164,29.06999969482422,28.440000534057617,28.68000030517578,582700,0.0,0.0
2010-11-30 00:00:00-05:00,28.489999771118164,28.93000030517578,28.15999984741211,28.81999969482422,581500,0.0,0.0
2010-12-01 00:00:00-05:00,29.1200008392334,29.950000762939453,28.950000762939453,29.489999771118164,748200,0.0,0.0
2010-12-02 00:00:00-05:00,29.579999923706055,30.100000381469727,29.010000228881836,29.479999542236328,846000,0.0,0.0
2010-12-03 00:00:00-05:00,29.43000030517578,30.149999618530273,29.1200008392334,29.979999542236328,747400,0.0,0.0
2010-12-06 00:00:00-05:00,29.950000762939453,30.3700008392334,29.639999389648438,30.139999389648438,490800,0.0,0.0
2010-12-07 00:00:00-05:00,30.5,30.809999465942383,30.219999313354492,30.31999969482422,608000,0.0,0.0
2010-12-08 00:00:00-05:00,30.3700008392334,30.5,30.030000686645508,30.09000015258789,387700,0.0,0.0
2010-12-09 00:00:00-05:00,30.200000762939453,30.239999771118164,29.950000762939453,30.100000381469727,585300,0.0,0.0
2010-12-10 00:00:00-05:00,30.15999984741211,30.31999969482422,30.030000686645508,30.200000762939453,380700,0.0,0.0
2010-12-13 00:00:00-05:00,30.540000915527344,31.0,30.209999084472656,30.65999984741211,434000,0.0,0.0
2010-12-14 00:00:00-05:00,30.760000228881836,30.8799991607666,30.3700008392334,30.610000610351562,443400,0.0,0.0
2010-12-15 00:00:00-05:00,30.540000915527344,31.959999084472656,30.540000915527344,31.719999313354492,754200,0.0,0.0
2010-12-16 00:00:00-05:00,31.829999923706055,32.22999954223633,31.360000610351562,32.029998779296875,509500,0.0,0.0
2010-12-17 00:00:00-05:00,31.8700008392334,33.119998931884766,31.75,33.060001373291016,1362800,0.0,0.0
2010-12-20 00:00:00-05:00,33.20000076293945,33.849998474121094,32.150001525878906,33.060001373291016,750600,0.0,0.0
2010-12-21 00:00:00-05:00,32.77000045776367,33.939998626708984,32.5099983215332,33.650001525878906,399700,0.0,0.0
2010-12-22 00:00:00-05:00,33.7400016784668,33.7400016784668,33.11000061035156,33.470001220703125,405600,0.0,0.0
2010-12-23 00:00:00-05:00,33.2599983215332,33.529998779296875,33.060001373291016,33.5,358800,0.0,0.0
2010-12-27 00:00:00-05:00,33.33000183105469,33.90999984741211,33.22999954223633,33.689998626708984,280500,0.0,0.0
2010-12-28 00:00:00-05:00,33.65999984741211,33.65999984741211,33.25,33.5,294300,0.0,0.0
2010-12-29 00:00:00-05:00,33.4900016784668,33.59000015258789,33.31999969482422,33.31999969482422,396200,0.0,0.0
2010-12-30 00:00:00-05:00,33.400001525878906,33.560001373291016,33.2599983215332,33.380001068115234,380600,0.0,0.0
2010-12-31 00:00:00-05:00,33.2599983215332,33.41999816894531,32.83000183105469,32.83000183105469,329600,0.0,0.0
2011-01-03 00:00:00-05:00,32.689998626708984,34.13999938964844,32.689998626708984,33.81999969482422,411800,0.0,0.0
2011-01-04 00:00:00-05:00,33.7400016784668,33.81999969482422,33.119998931884766,33.2599983215332,305600,0.0,0.0
2011-01-05 00:00:00-05:00,33.20000076293945,33.810001373291016,33.060001373291016,33.290000915527344,342000,0.0,0.0
2011-01-06 00:00:00-05:00,33.36000061035156,34.349998474121094,33.220001220703125,34.310001373291016,476100,0.0,0.0
2011-01-07 00:00:00-05:00,34.18000030517578,34.459999084472656,33.880001068115234,34.099998474121094,349800,0.0,0.0
2011-01-10 00:00:00-05:00,34.02000045776367,34.09000015258789,33.13999938964844,33.150001525878906,410000,0.0,0.0
2011-01-11 00:00:00-05:00,33.2599983215332,33.7599983215332,33.0,33.150001525878906,353600,0.0,0.0
2011-01-12 00:00:00-05:00,33.25,33.33000183105469,32.31999969482422,32.61000061035156,680000,0.0,0.0
2011-01-13 00:00:00-05:00,32.54999923706055,33.41999816894531,32.34000015258789,32.81999969482422,366400,0.0,0.0
2011-01-14 00:00:00-05:00,32.97999954223633,34.5,32.810001373291016,34.5,602400,0.0,0.0
2011-01-18 00:00:00-05:00,34.4900016784668,35.630001068115234,34.119998931884766,35.43000030517578,613900,0.0,0.0
2011-01-19 00:00:00-05:00,35.5,35.869998931884766,33.099998474121094,33.29999923706055,1072400,0.0,0.0
2011-01-20 00:00:00-05:00,33.380001068115234,33.900001525878906,32.939998626708984,33.81999969482422,502900,0.0,0.0
2011-01-21 00:00:00-05:00,33.959999084472656,34.119998931884766,33.220001220703125,33.279998779296875,274400,0.0,0.0
2011-01-24 00:00:00-05:00,33.2599983215332,33.77000045776367,33.150001525878906,33.369998931884766,401100,0.0,0.0
2011-01-25 00:00:00-05:00,33.349998474121094,33.709999084472656,33.0,33.66999816894531,282800,0.0,0.0
2011-01-26 00:00:00-05:00,33.75,34.939998626708984,33.75,34.470001220703125,407600,0.0,0.0
2011-01-27 00:00:00-05:00,34.459999084472656,35.41999816894531,34.45000076293945,34.869998931884766,520600,0.0,0.0
2011-01-28 00:00:00-05:00,34.90999984741211,34.90999984741211,33.36000061035156,33.45000076293945,361200,0.0,0.0
2011-01-31 00:00:00-05:00,33.400001525878906,34.20000076293945,33.400001525878906,33.68000030517578,257700,0.0,0.0
2011-02-01 00:00:00-05:00,33.689998626708984,34.0,33.400001525878906,33.70000076293945,497400,0.0,0.0
2011-02-02 00:00:00-05:00,33.56999969482422,34.849998474121094,33.56999969482422,34.56999969482422,375100,0.0,0.0
2011-02-03 00:00:00-05:00,34.59000015258789,34.83000183105469,33.900001525878906,34.709999084472656,308600,0.0,0.0
2011-02-04 00:00:00-05:00,34.7400016784668,34.880001068115234,34.2599983215332,34.470001220703125,267700,0.0,0.0
2011-02-07 00:00:00-05:00,34.5,34.88999938964844,34.16999816894531,34.400001525878906,192600,0.0,0.0
2011-02-08 00:00:00-05:00,34.43000030517578,35.310001373291016,34.380001068115234,34.95000076293945,343000,0.0,0.0
2011-02-09 00:00:00-05:00,34.869998931884766,35.27000045776367,34.45000076293945,34.45000076293945,498300,0.0,0.0
2011-02-10 00:00:00-05:00,34.45000076293945,36.4900016784668,34.04999923706055,36.4900016784668,672900,0.0,0.0
2011-02-11 00:00:00-05:00,36.84000015258789,36.90999984741211,35.20000076293945,35.310001373291016,1035500,0.0,0.0
2011-02-14 00:00:00-05:00,36.099998474121094,38.099998474121094,35.93000030517578,37.709999084472656,2605300,0.0,0.0
2011-02-15 00:00:00-05:00,37.43000030517578,37.93000030517578,37.099998474121094,37.11000061035156,455000,0.0,0.0
2011-02-16 00:00:00-05:00,37.2599983215332,37.88999938964844,36.70000076293945,37.70000076293945,472700,0.0,0.0
2011-02-17 00:00:00-05:00,37.630001068115234,38.09000015258789,37.459999084472656,37.66999816894531,734300,0.0,0.0
2011-02-18 00:00:00-05:00,37.970001220703125,37.970001220703125,36.7599983215332,37.47999954223633,520700,0.0,0.0
2011-02-22 00:00:00-05:00,37.060001373291016,37.29999923706055,36.08000183105469,36.61000061035156,600000,0.0,0.0
2011-02-23 00:00:00-05:00,36.459999084472656,36.790000915527344,34.77000045776367,34.779998779296875,891400,0.0,0.0
2011-02-24 00:00:00-05:00,36.54999923706055,36.63999938964844,35.54999923706055,35.95000076293945,487300,0.0,0.0
2011-02-25 00:00:00-05:00,36.2599983215332,37.0,36.0099983215332,37.0,340100,0.0,0.0
2011-02-28 00:00:00-05:00,37.18000030517578,37.459999084472656,35.970001220703125,36.27000045776367,551600,0.0,0.0
2011-03-01 00:00:00-05:00,36.43000030517578,36.560001373291016,36.0099983215332,36.189998626708984,344700,0.0,0.0
2011-03-02 00:00:00-05:00,36.25,36.540000915527344,35.970001220703125,36.31999969482422,230100,0.0,0.0
2011-03-03 00:00:00-05:00,36.41999816894531,37.599998474121094,36.209999084472656,37.4900016784668,285900,0.0,0.0
2011-03-04 00:00:00-05:00,37.349998474121094,38.0099983215332,37.09000015258789,38.0,292300,0.0,0.0
2011-03-07 00:00:00-05:00,38.04999923706055,38.20000076293945,37.279998779296875,38.04999923706055,540100,0.0,0.0
2011-03-08 00:00:00-05:00,38.02000045776367,38.84000015258789,37.619998931884766,38.790000915527344,640800,0.0,0.0
2011-03-09 00:00:00-05:00,38.84000015258789,40.290000915527344,38.400001525878906,39.84000015258789,990900,0.0,0.0
2011-03-10 00:00:00-05:00,39.150001525878906,39.810001373291016,38.709999084472656,39.29999923706055,450600,0.0,0.0
2011-03-11 00:00:00-05:00,37.79999923706055,39.36000061035156,37.70000076293945,38.68000030517578,554000,0.0,0.0
2011-03-14 00:00:00-04:00,38.400001525878906,39.25,38.0099983215332,38.959999084472656,492300,0.0,0.0
2011-03-15 00:00:00-04:00,38.09000015258789,38.70000076293945,37.869998931884766,38.52000045776367,320400,0.0,0.0
2011-03-16 00:00:00-04:00,38.5,38.970001220703125,38.31999969482422,38.5099983215332,348700,0.0,0.0
2011-03-17 00:00:00-04:00,38.72999954223633,39.27000045776367,38.560001373291016,38.83000183105469,235500,0.0,0.0
2011-03-18 00:00:00-04:00,39.209999084472656,39.380001068115234,38.709999084472656,38.810001373291016,714900,0.0,0.0
2011-03-21 00:00:00-04:00,39.18000030517578,40.25,38.959999084472656,39.91999816894531,400200,0.0,0.0
2011-03-22 00:00:00-04:00,39.83000183105469,40.150001525878906,39.36000061035156,39.95000076293945,382700,0.0,0.0
2011-03-23 00:00:00-04:00,39.72999954223633,40.09000015258789,39.04999923706055,39.4900016784668,284400,0.0,0.0
2011-03-24 00:00:00-04:00,39.88999938964844,41.380001068115234,39.650001525878906,41.099998474121094,425600,0.0,0.0
2011-03-25 00:00:00-04:00,41.16999816894531,41.689998626708984,41.119998931884766,41.34000015258789,485300,0.0,0.0
2011-03-28 00:00:00-04:00,41.5099983215332,42.09000015258789,40.54999923706055,41.7400016784668,476500,0.0,0.0
2011-03-29 00:00:00-04:00,41.849998474121094,43.54999923706055,41.68000030517578,43.470001220703125,676200,0.0,0.0
2011-03-30 00:00:00-04:00,43.77000045776367,45.11000061035156,43.58000183105469,44.68000030517578,829500,0.0,0.0
2011-03-31 00:00:00-04:00,44.5,45.0,44.11000061035156,44.939998626708984,425900,0.0,0.0
2011-04-01 00:00:00-04:00,44.779998779296875,45.310001373291016,44.540000915527344,45.2599983215332,609300,0.0,0.0
2011-04-04 00:00:00-04:00,45.20000076293945,45.970001220703125,45.09000015258789,45.43000030517578,587200,0.0,0.0
2011-04-05 00:00:00-04:00,45.15999984741211,46.459999084472656,45.15999984741211,46.150001525878906,834300,0.0,0.0
2011-04-06 00:00:00-04:00,46.41999816894531,46.81999969482422,44.439998626708984,44.970001220703125,685700,0.0,0.0
2011-04-07 00:00:00-04:00,44.630001068115234,44.63999938964844,42.58000183105469,43.599998474121094,1574900,0.0,0.0
2011-04-08 00:00:00-04:00,43.959999084472656,44.25,41.83000183105469,42.70000076293945,1109400,0.0,0.0
2011-04-11 00:00:00-04:00,43.0099983215332,43.91999816894531,42.54999923706055,43.90999984741211,877300,0.0,0.0
2011-04-12 00:00:00-04:00,43.5,43.900001525878906,42.599998474121094,42.849998474121094,573300,0.0,0.0
2011-04-13 00:00:00-04:00,43.4900016784668,45.380001068115234,43.4900016784668,44.7400016784668,1159300,0.0,0.0
2011-04-14 00:00:00-04:00,44.220001220703125,45.400001525878906,44.130001068115234,44.84000015258789,630600,0.0,0.0
2011-04-15 00:00:00-04:00,45.130001068115234,45.84000015258789,44.68000030517578,45.84000015258789,600600,0.0,0.0
2011-04-18 00:00:00-04:00,45.959999084472656,49.439998626708984,45.2400016784668,48.650001525878906,1788500,0.0,0.0
2011-04-19 00:00:00-04:00,48.79999923706055,49.34000015258789,47.54999923706055,47.79999923706055,1046000,0.0,0.0
2011-04-20 00:00:00-04:00,48.959999084472656,49.7599983215332,47.939998626708984,49.689998626708984,757900,0.0,0.0
2011-04-21 00:00:00-04:00,49.900001525878906,50.150001525878906,49.220001220703125,49.75,634900,0.0,0.0
2011-04-25 00:00:00-04:00,49.970001220703125,50.22999954223633,48.66999816894531,49.86000061035156,525700,0.0,0.0
2011-04-26 00:00:00-04:00,50.0,52.220001220703125,50.0,52.13999938964844,1398200,0.0,0.0
2011-04-27 00:00:00-04:00,56.0,71.73999786376953,54.95000076293945,67.05000305175781,9611500,0.0,0.0
2011-04-28 00:00:00-04:00,65.83999633789062,67.5199966430664,58.06999969482422,64.61000061035156,10900000,0.0,0.0
2011-04-29 00:00:00-04:00,62.25,62.59000015258789,50.75,51.040000915527344,8270100,0.0,0.0
2011-05-02 00:00:00-04:00,51.119998931884766,54.189998626708984,50.02000045776367,53.709999084472656,2578200,0.0,0.0
2011-05-03 00:00:00-04:00,53.459999084472656,56.0,49.33000183105469,51.11000061035156,2203700,0.0,0.0
2011-05-04 00:00:00-04:00,51.06999969482422,51.84000015258789,47.529998779296875,48.0,2000500,0.0,0.0
2011-05-05 00:00:00-04:00,47.61000061035156,49.83000183105469,46.599998474121094,47.04999923706055,1100000,0.0,0.0
2011-05-06 00:00:00-04:00,47.7599983215332,51.290000915527344,47.68000030517578,50.25,1132300,0.0,0.0
2011-05-09 00:00:00-04:00,51.18000030517578,52.84000015258789,50.400001525878906,52.040000915527344,756500,0.0,0.0
2011-05-10 00:00:00-04:00,52.34000015258789,52.810001373291016,50.900001525878906,52.380001068115234,713000,0.0,0.0
2011-05-11 00:00:00-04:00,52.29999923706055,52.97999954223633,51.529998779296875,52.119998931884766,727400,0.0,0.0
2011-05-12 00:00:00-04:00,51.77000045776367,52.709999084472656,50.75,52.68000030517578,407000,0.0,0.0
2011-05-13 00:00:00-04:00,52.400001525878906,53.45000076293945,51.880001068115234,53.029998779296875,780300,0.0,0.0
2011-05-16 00:00:00-04:00,52.27000045776367,54.09000015258789,52.15999984741211,53.20000076293945,940600,0.0,0.0
2011-05-17 00:00:00-04:00,53.0,54.290000915527344,52.560001373291016,53.52000045776367,758000,0.0,0.0
2011-05-18 00:00:00-04:00,53.849998474121094,55.7400016784668,53.22999954223633,55.63999938964844,650900,0.0,0.0
2011-05-19 00:00:00-04:00,55.849998474121094,56.459999084472656,54.65999984741211,54.84000015258789,996400,0.0,0.0
2011-05-20 00:00:00-04:00,54.790000915527344,57.40999984741211,54.790000915527344,56.90999984741211,863500,0.0,0.0
2011-05-23 00:00:00-04:00,56.34000015258789,56.34000015258789,54.880001068115234,55.400001525878906,816900,0.0,0.0
2011-05-24 00:00:00-04:00,55.65999984741211,57.66999816894531,55.43000030517578,57.029998779296875,921700,0.0,0.0
2011-05-25 00:00:00-04:00,56.88999938964844,58.599998474121094,56.560001373291016,58.29999923706055,812600,0.0,0.0
2011-05-26 00:00:00-04:00,58.25,59.27000045776367,57.630001068115234,58.650001525878906,632400,0.0,0.0
2011-05-27 00:00:00-04:00,59.0,59.099998474121094,58.0,58.27000045776367,611000,0.0,0.0
2011-05-31 00:00:00-04:00,59.06999969482422,60.380001068115234,58.4900016784668,60.02000045776367,2231000,0.0,0.0
2011-06-01 00:00:00-04:00,59.83000183105469,59.9900016784668,57.720001220703125,57.95000076293945,610000,0.0,0.0
2011-06-02 00:00:00-04:00,59.27000045776367,60.0,57.95000076293945,59.060001373291016,528700,0.0,0.0
2011-06-03 00:00:00-04:00,57.970001220703125,58.77000045776367,57.349998474121094,58.040000915527344,437100,0.0,0.0
2011-06-06 00:00:00-04:00,57.88999938964844,58.36000061035156,56.20000076293945,56.349998474121094,443000,0.0,0.0
2011-06-07 00:00:00-04:00,57.34000015258789,59.040000915527344,56.91999816894531,58.310001373291016,492500,0.0,0.0
2011-06-08 00:00:00-04:00,57.97999954223633,58.29999923706055,56.54999923706055,56.7599983215332,447200,0.0,0.0
2011-06-09 00:00:00-04:00,57.02000045776367,57.02000045776367,55.18000030517578,55.77000045776367,1242900,0.0,0.0
2011-06-10 00:00:00-04:00,55.66999816894531,56.279998779296875,53.5099983215332,54.58000183105469,1445800,0.0,0.0
2011-06-13 00:00:00-04:00,54.70000076293945,55.220001220703125,53.08000183105469,53.93000030517578,612200,0.0,0.0
2011-06-14 00:00:00-04:00,54.36000061035156,56.310001373291016,53.130001068115234,55.029998779296875,935500,0.0,0.0
2011-06-15 00:00:00-04:00,57.5,61.04999923706055,57.5,57.81999969482422,1950700,0.0,0.0
2011-06-16 00:00:00-04:00,57.77000045776367,58.2400016784668,55.56999969482422,56.720001220703125,1057000,0.0,0.0
2011-06-17 00:00:00-04:00,59.06999969482422,59.91999816894531,53.689998626708984,54.02000045776367,1900600,0.0,0.0
2011-06-20 00:00:00-04:00,54.02000045776367,54.31999969482422,52.5,53.209999084472656,1683100,0.0,0.0
2011-06-21 00:00:00-04:00,53.599998474121094,54.220001220703125,52.7400016784668,53.0,1311100,0.0,0.0
2011-06-22 00:00:00-04:00,53.0,53.880001068115234,52.70000076293945,52.81999969482422,520600,0.0,0.0
2011-06-23 00:00:00-04:00,52.630001068115234,53.4900016784668,51.380001068115234,53.25,672000,0.0,0.0
2011-06-24 00:00:00-04:00,53.279998779296875,53.56999969482422,51.720001220703125,52.88999938964844,1238300,0.0,0.0
2011-06-27 00:00:00-04:00,52.70000076293945,53.68000030517578,52.5,53.060001373291016,435300,0.0,0.0
2011-06-28 00:00:00-04:00,53.04999923706055,55.459999084472656,52.75,55.099998474121094,601100,0.0,0.0
2011-06-29 00:00:00-04:00,55.099998474121094,56.459999084472656,54.720001220703125,55.630001068115234,628000,0.0,0.0
2011-06-30 00:00:00-04:00,55.40999984741211,56.7400016784668,55.380001068115234,56.709999084472656,796800,0.0,0.0
2011-07-01 00:00:00-04:00,56.459999084472656,57.84000015258789,55.72999954223633,57.75,633500,0.0,0.0
2011-07-05 00:00:00-04:00,57.709999084472656,59.86000061035156,57.0099983215332,59.75,729900,0.0,0.0
2011-07-06 00:00:00-04:00,59.5099983215332,60.84000015258789,59.220001220703125,59.58000183105469,880900,0.0,0.0
2011-07-07 00:00:00-04:00,60.0,61.279998779296875,59.59000015258789,60.709999084472656,551000,0.0,0.0
2011-07-08 00:00:00-04:00,59.939998626708984,60.790000915527344,59.02000045776367,59.63999938964844,512400,0.0,0.0
2011-07-11 00:00:00-04:00,59.04999923706055,59.16999816894531,57.150001525878906,57.560001373291016,525600,0.0,0.0
2011-07-12 00:00:00-04:00,57.54999923706055,57.970001220703125,56.5,57.150001525878906,592100,0.0,0.0
2011-07-13 00:00:00-04:00,57.22999954223633,57.95000076293945,56.59000015258789,56.59000015258789,585000,0.0,0.0
2011-07-14 00:00:00-04:00,57.06999969482422,57.86000061035156,55.81999969482422,56.13999938964844,537200,0.0,0.0
2011-07-15 00:00:00-04:00,56.25,56.66999816894531,55.4900016784668,55.59000015258789,561600,0.0,0.0
2011-07-18 00:00:00-04:00,55.52000045776367,55.91999816894531,54.86000061035156,55.79999923706055,555900,0.0,0.0
2011-07-19 00:00:00-04:00,56.060001373291016,59.25,56.060001373291016,59.15999984741211,1135100,0.0,0.0
2011-07-20 00:00:00-04:00,59.220001220703125,59.22999954223633,57.40999984741211,58.40999984741211,435200,0.0,0.0
2011-07-21 00:00:00-04:00,58.86000061035156,59.58000183105469,56.029998779296875,57.41999816894531,952000,0.0,0.0
2011-07-22 00:00:00-04:00,57.45000076293945,57.84000015258789,56.939998626708984,57.470001220703125,393200,0.0,0.0
2011-07-25 00:00:00-04:00,56.939998626708984,56.939998626708984,55.58000183105469,55.650001525878906,623200,0.0,0.0
2011-07-26 00:00:00-04:00,55.7599983215332,56.0,53.439998626708984,53.52000045776367,832300,0.0,0.0
2011-07-27 00:00:00-04:00,53.83000183105469,54.040000915527344,52.31999969482422,52.650001525878906,1110800,0.0,0.0
2011-07-28 00:00:00-04:00,54.20000076293945,56.630001068115234,52.4900016784668,52.630001068115234,1147500,0.0,0.0
2011-07-29 00:00:00-04:00,52.189998626708984,53.810001373291016,51.5099983215332,53.060001373291016,937400,0.0,0.0
2011-08-01 00:00:00-04:00,54.0,54.18000030517578,52.0,52.65999984741211,896100,0.0,0.0
2011-08-02 00:00:00-04:00,52.34000015258789,53.38999938964844,51.22999954223633,52.29999923706055,1019600,0.0,0.0
2011-08-03 00:00:00-04:00,52.38999938964844,52.77000045776367,47.84000015258789,51.959999084472656,976600,0.0,0.0
2011-08-04 00:00:00-04:00,50.77000045776367,50.790000915527344,47.349998474121094,47.720001220703125,1979000,0.0,0.0
2011-08-05 00:00:00-04:00,48.279998779296875,48.959999084472656,44.40999984741211,46.810001373291016,994100,0.0,0.0
2011-08-08 00:00:00-04:00,45.349998474121094,47.060001373291016,42.83000183105469,44.959999084472656,1878200,0.0,0.0
2011-08-09 00:00:00-04:00,45.619998931884766,48.349998474121094,44.060001373291016,48.2400016784668,1303000,0.0,0.0
2011-08-10 00:00:00-04:00,47.9900016784668,48.95000076293945,45.369998931884766,47.099998474121094,1171000,0.0,0.0
2011-08-11 00:00:00-04:00,48.13999938964844,50.9900016784668,47.11000061035156,50.119998931884766,1163900,0.0,0.0
2011-08-12 00:00:00-04:00,51.0,56.7400016784668,50.209999084472656,54.18000030517578,1556300,0.0,0.0
2011-08-15 00:00:00-04:00,54.7400016784668,58.470001220703125,54.7400016784668,58.16999816894531,1079400,0.0,0.0
2011-08-16 00:00:00-04:00,57.58000183105469,57.9900016784668,56.0,57.41999816894531,1205300,0.0,0.0
2011-08-17 00:00:00-04:00,56.2599983215332,57.40999984741211,54.5099983215332,55.91999816894531,2967400,0.0,0.0
2011-08-18 00:00:00-04:00,54.060001373291016,54.43000030517578,52.040000915527344,53.20000076293945,1353700,0.0,0.0
2011-08-19 00:00:00-04:00,52.290000915527344,55.08000183105469,51.900001525878906,54.369998931884766,1597900,0.0,0.0
2011-08-22 00:00:00-04:00,55.15999984741211,55.77000045776367,52.91999816894531,53.40999984741211,1125300,0.0,0.0
2011-08-23 00:00:00-04:00,53.779998779296875,57.52000045776367,53.06999969482422,57.5,1158000,0.0,0.0
2011-08-24 00:00:00-04:00,57.4900016784668,57.4900016784668,55.33000183105469,56.79999923706055,756100,0.0,0.0
2011-08-25 00:00:00-04:00,57.0,57.90999984741211,55.630001068115234,56.290000915527344,734600,0.0,0.0
2011-08-26 00:00:00-04:00,53.59000015258789,56.15999984741211,52.22999954223633,55.810001373291016,1413500,0.0,0.0
2011-08-29 00:00:00-04:00,56.369998931884766,58.810001373291016,56.150001525878906,58.619998931884766,971900,0.0,0.0
2011-08-30 00:00:00-04:00,57.95000076293945,59.560001373291016,57.560001373291016,59.459999084472656,1150200,0.0,0.0
2011-08-31 00:00:00-04:00,59.5,63.45000076293945,58.470001220703125,59.029998779296875,1767700,0.0,0.0
2011-09-01 00:00:00-04:00,59.439998626708984,60.13999938964844,58.25,59.459999084472656,750900,0.0,0.0
2011-09-02 00:00:00-04:00,58.38999938964844,68.5999984741211,58.380001068115234,64.77999877929688,4892700,0.0,0.0
2011-09-06 00:00:00-04:00,63.0099983215332,68.95999908447266,62.54999923706055,68.55000305175781,2054600,0.0,0.0
2011-09-07 00:00:00-04:00,68.25,71.5,67.0199966430664,71.2699966430664,2038200,0.0,0.0
2011-09-08 00:00:00-04:00,70.6500015258789,74.83999633789062,70.3499984741211,72.19000244140625,2065200,0.0,0.0
2011-09-09 00:00:00-04:00,68.66999816894531,69.5,64.06999969482422,65.62000274658203,2172000,0.0,0.0
2011-09-12 00:00:00-04:00,63.400001525878906,66.66000366210938,63.029998779296875,65.55000305175781,1273600,0.0,0.0
2011-09-13 00:00:00-04:00,65.87999725341797,66.98999786376953,64.2699966430664,65.63999938964844,1421800,0.0,0.0
2011-09-14 00:00:00-04:00,66.44000244140625,66.44000244140625,63.25,63.5099983215332,1269800,0.0,0.0
2011-09-15 00:00:00-04:00,64.26000213623047,64.26000213623047,61.0,62.029998779296875,1681600,0.0,0.0
2011-09-16 00:00:00-04:00,62.4900016784668,62.959999084472656,59.970001220703125,60.20000076293945,1360800,0.0,0.0
2011-09-19 00:00:00-04:00,60.0,65.62999725341797,59.68000030517578,64.91999816894531,1895400,0.0,0.0
2011-09-20 00:00:00-04:00,64.27999877929688,65.02999877929688,62.7599983215332,64.3499984741211,1146100,0.0,0.0
2011-09-21 00:00:00-04:00,65.20999908447266,79.9000015258789,63.79999923706055,70.27999877929688,4927700,0.0,0.0
2011-09-22 00:00:00-04:00,67.7699966430664,70.0,65.87000274658203,66.43000030517578,2219900,0.0,0.0
2011-09-23 00:00:00-04:00,66.0199966430664,66.58000183105469,65.27999877929688,66.19000244140625,598500,0.0,0.0
2011-09-26 00:00:00-04:00,66.97000122070312,67.77999877929688,63.130001068115234,64.26000213623047,928800,0.0,0.0
2011-09-27 00:00:00-04:00,65.48999786376953,65.61000061035156,63.0099983215332,63.09000015258789,641500,0.0,0.0
2011-09-28 00:00:00-04:00,63.95000076293945,64.48999786376953,61.02000045776367,61.09000015258789,784200,0.0,0.0
2011-09-29 00:00:00-04:00,62.310001373291016,62.599998474121094,57.75,59.939998626708984,647000,0.0,0.0
2011-09-30 00:00:00-04:00,58.720001220703125,59.720001220703125,57.43000030517578,58.20000076293945,897600,0.0,0.0
2011-10-03 00:00:00-04:00,57.369998931884766,58.900001525878906,55.36000061035156,55.43000030517578,930500,0.0,0.0
2011-10-04 00:00:00-04:00,55.0,57.650001525878906,54.029998779296875,57.54999923706055,1289500,0.0,0.0
2011-10-05 00:00:00-04:00,56.790000915527344,59.97999954223633,55.540000915527344,59.18000030517578,2832900,0.0,0.0
2011-10-06 00:00:00-04:00,59.119998931884766,64.83000183105469,58.400001525878906,64.7300033569336,1244500,0.0,0.0
2011-10-07 00:00:00-04:00,64.70999908447266,64.88999938964844,62.650001525878906,63.02000045776367,757300,0.0,0.0
2011-10-10 00:00:00-04:00,63.869998931884766,66.47000122070312,63.09000015258789,66.0,819500,0.0,0.0
2011-10-11 00:00:00-04:00,65.69999694824219,66.38999938964844,64.12999725341797,64.3499984741211,459900,0.0,0.0
2011-10-12 00:00:00-04:00,65.18000030517578,65.4800033569336,62.400001525878906,63.0,805100,0.0,0.0
2011-10-13 00:00:00-04:00,63.72999954223633,65.9800033569336,63.060001373291016,65.0999984741211,862900,0.0,0.0
2011-10-14 00:00:00-04:00,65.0,65.44999694824219,63.27000045776367,63.95000076293945,494200,0.0,0.0
2011-10-17 00:00:00-04:00,64.0,64.66000366210938,62.83000183105469,64.62999725341797,961400,0.0,0.0
2011-10-18 00:00:00-04:00,60.15999984741211,62.0,59.27000045776367,60.4900016784668,4916700,0.0,0.0
2011-10-19 00:00:00-04:00,60.5,61.849998474121094,59.380001068115234,60.099998474121094,1677400,0.0,0.0
2011-10-20 00:00:00-04:00,60.13999938964844,61.31999969482422,59.70000076293945,60.81999969482422,1064100,0.0,0.0
2011-10-21 00:00:00-04:00,61.52000045776367,62.810001373291016,60.220001220703125,62.16999816894531,1782800,0.0,0.0
2011-10-24 00:00:00-04:00,63.220001220703125,63.68000030517578,60.619998931884766,60.72999954223633,1208800,0.0,0.0
2011-10-25 00:00:00-04:00,60.65999984741211,60.720001220703125,56.060001373291016,57.09000015258789,1341700,0.0,0.0
2011-10-26 00:00:00-04:00,60.59000015258789,60.59000015258789,56.45000076293945,57.66999816894531,975900,0.0,0.0
2011-10-27 00:00:00-04:00,59.4900016784668,60.4900016784668,54.65999984741211,56.43000030517578,1531500,0.0,0.0
2011-10-28 00:00:00-04:00,56.38999938964844,56.599998474121094,54.7599983215332,55.65999984741211,789900,0.0,0.0
2011-10-31 00:00:00-04:00,54.54999923706055,55.81999969482422,54.54999923706055,55.29999923706055,638400,0.0,0.0
2011-11-01 00:00:00-04:00,54.279998779296875,55.97999954223633,52.88999938964844,54.959999084472656,921300,0.0,0.0
2011-11-02 00:00:00-04:00,55.95000076293945,56.36000061035156,53.2599983215332,55.709999084472656,838200,0.0,0.0
2011-11-03 00:00:00-04:00,55.72999954223633,56.099998474121094,53.70000076293945,54.880001068115234,473200,0.0,0.0
2011-11-04 00:00:00-04:00,54.61000061035156,57.63999938964844,54.34000015258789,56.41999816894531,1062800,0.0,0.0
2011-11-07 00:00:00-05:00,56.209999084472656,56.5,53.70000076293945,54.59000015258789,442800,0.0,0.0
2011-11-08 00:00:00-05:00,54.86000061035156,55.15999984741211,53.75,54.83000183105469,425200,0.0,0.0
2011-11-09 00:00:00-05:00,54.029998779296875,55.790000915527344,53.810001373291016,54.060001373291016,432100,0.0,0.0
2011-11-10 00:00:00-05:00,54.45000076293945,54.68000030517578,52.66999816894531,53.459999084472656,1203700,0.0,0.0
2011-11-11 00:00:00-05:00,54.38999938964844,54.5,52.849998474121094,52.93000030517578,705700,0.0,0.0
2011-11-14 00:00:00-05:00,53.22999954223633,55.060001373291016,53.18000030517578,53.9900016784668,588700,0.0,0.0
2011-11-15 00:00:00-05:00,54.02000045776367,54.20000076293945,52.34000015258789,52.939998626708984,573800,0.0,0.0
2011-11-16 00:00:00-05:00,52.81999969482422,52.849998474121094,50.529998779296875,50.7400016784668,945500,0.0,0.0
2011-11-17 00:00:00-05:00,50.45000076293945,52.2599983215332,50.45000076293945,51.130001068115234,815600,0.0,0.0
2011-11-18 00:00:00-05:00,51.5,52.2400016784668,49.58000183105469,49.810001373291016,1603300,0.0,0.0
2011-11-21 00:00:00-05:00,52.619998931884766,57.0,51.09000015258789,55.0,4301200,0.0,0.0
2011-11-22 00:00:00-05:00,55.0,56.86000061035156,54.66999816894531,56.72999954223633,1287600,0.0,0.0
2011-11-23 00:00:00-05:00,56.13999938964844,56.63999938964844,54.869998931884766,55.09000015258789,859800,0.0,0.0
2011-11-25 00:00:00-05:00,55.0,56.150001525878906,53.5,53.779998779296875,331100,0.0,0.0
2011-11-28 00:00:00-05:00,55.0,57.54999923706055,54.439998626708984,57.36000061035156,968500,0.0,0.0
2011-11-29 00:00:00-05:00,57.31999969482422,58.529998779296875,55.58000183105469,55.790000915527344,963100,0.0,0.0
2011-11-30 00:00:00-05:00,56.65999984741211,59.709999084472656,56.65999984741211,59.41999816894531,981500,0.0,0.0
2011-12-01 00:00:00-05:00,59.099998474121094,60.2599983215332,58.689998626708984,60.209999084472656,761700,0.0,0.0
2011-12-02 00:00:00-05:00,60.349998474121094,60.380001068115234,58.20000076293945,58.279998779296875,666100,0.0,0.0
2011-12-05 00:00:00-05:00,54.0,56.060001373291016,53.310001373291016,55.060001373291016,2057100,0.0,0.0
2011-12-06 00:00:00-05:00,55.650001525878906,55.650001525878906,54.02000045776367,54.439998626708984,1249800,0.0,0.0
2011-12-07 00:00:00-05:00,54.060001373291016,54.13999938964844,51.849998474121094,53.189998626708984,1340500,0.0,0.0
2011-12-08 00:00:00-05:00,52.79999923706055,53.720001220703125,50.880001068115234,51.38999938964844,1140700,0.0,0.0
2011-12-09 00:00:00-05:00,51.709999084472656,54.060001373291016,51.470001220703125,53.380001068115234,994100,0.0,0.0
2011-12-12 00:00:00-05:00,52.81999969482422,53.290000915527344,51.95000076293945,53.040000915527344,979000,0.0,0.0
2011-12-13 00:00:00-05:00,53.27000045776367,53.779998779296875,51.099998474121094,51.630001068115234,1004400,0.0,0.0
2011-12-14 00:00:00-05:00,51.34000015258789,52.09000015258789,50.27000045776367,51.77000045776367,836000,0.0,0.0
2011-12-15 00:00:00-05:00,52.04999923706055,52.83000183105469,51.33000183105469,51.95000076293945,761900,0.0,0.0
2011-12-16 00:00:00-05:00,51.77000045776367,53.720001220703125,50.33000183105469,53.0,13646100,0.0,0.0
2011-12-19 00:00:00-05:00,53.09000015258789,53.91999816894531,52.45000076293945,53.20000076293945,1329000,0.0,0.0
2011-12-20 00:00:00-05:00,53.810001373291016,56.040000915527344,53.77000045776367,55.029998779296875,1393400,0.0,0.0
2011-12-21 00:00:00-05:00,55.0099983215332,55.38999938964844,53.0,54.41999816894531,975900,0.0,0.0
2011-12-22 00:00:00-05:00,54.4900016784668,54.7400016784668,53.88999938964844,53.959999084472656,427300,0.0,0.0
2011-12-23 00:00:00-05:00,54.220001220703125,55.9900016784668,54.0,55.56999969482422,683900,0.0,0.0
2011-12-27 00:00:00-05:00,55.349998474121094,56.09000015258789,55.310001373291016,55.790000915527344,446200,0.0,0.0
2011-12-28 00:00:00-05:00,55.54999923706055,55.9900016784668,55.119998931884766,55.349998474121094,458100,0.0,0.0
2011-12-29 00:00:00-05:00,55.15999984741211,56.43000030517578,55.119998931884766,56.29999923706055,583300,0.0,0.0
2011-12-30 00:00:00-05:00,56.29999923706055,56.56999969482422,55.41999816894531,55.43000030517578,499000,0.0,0.0
2012-01-03 00:00:00-05:00,56.5099983215332,57.970001220703125,56.2400016784668,56.43000030517578,773900,0.0,0.0
2012-01-04 00:00:00-05:00,56.470001220703125,57.9900016784668,56.0099983215332,57.83000183105469,1864000,0.0,0.0
2012-01-05 00:00:00-05:00,57.72999954223633,62.20000076293945,57.70000076293945,60.939998626708984,2301200,0.0,0.0
2012-01-06 00:00:00-05:00,61.91999816894531,66.0,61.7400016784668,65.79000091552734,2495800,0.0,0.0
2012-01-09 00:00:00-05:00,66.01000213623047,68.41999816894531,65.22000122070312,65.4800033569336,1349800,0.0,0.0
2012-01-10 00:00:00-05:00,74.3499984741211,75.83000183105469,72.0,74.44000244140625,4556700,0.0,0.0
2012-01-11 00:00:00-05:00,74.0999984741211,77.44000244140625,73.69000244140625,77.36000061035156,2613800,0.0,0.0
2012-01-12 00:00:00-05:00,77.01000213623047,79.97000122070312,77.0,78.26000213623047,2335500,0.0,0.0
2012-01-13 00:00:00-05:00,78.33999633789062,79.88999938964844,77.77999877929688,78.91999816894531,1818000,0.0,0.0
2012-01-17 00:00:00-05:00,77.7699966430664,78.80999755859375,77.41999816894531,77.98999786376953,1745200,0.0,0.0
2012-01-18 00:00:00-05:00,77.9800033569336,79.29000091552734,76.69000244140625,78.91999816894531,1124000,0.0,0.0
2012-01-19 00:00:00-05:00,78.52999877929688,80.77999877929688,78.27999877929688,79.76000213623047,1068000,0.0,0.0
2012-01-20 00:00:00-05:00,79.73999786376953,79.80999755859375,77.44000244140625,78.33000183105469,659600,0.0,0.0
2012-01-23 00:00:00-05:00,78.66999816894531,79.9800033569336,78.02999877929688,78.55000305175781,590800,0.0,0.0
2012-01-24 00:00:00-05:00,78.37999725341797,80.33000183105469,78.05999755859375,79.41000366210938,452000,0.0,0.0
2012-01-25 00:00:00-05:00,80.37000274658203,83.13999938964844,79.4000015258789,82.9000015258789,863600,0.0,0.0
2012-01-26 00:00:00-05:00,82.95999908447266,83.4000015258789,81.69999694824219,81.8499984741211,741100,0.0,0.0
2012-01-27 00:00:00-05:00,81.55000305175781,86.1500015258789,81.55000305175781,85.54000091552734,1136000,0.0,0.0
2012-01-30 00:00:00-05:00,86.75,89.08000183105469,85.0,88.87999725341797,1481700,0.0,0.0
2012-01-31 00:00:00-05:00,89.41999816894531,91.75,88.37999725341797,90.86000061035156,1250900,0.0,0.0
2012-02-01 00:00:00-05:00,90.45999908447266,93.0999984741211,89.91999816894531,92.43000030517578,1254600,0.0,0.0
2012-02-02 00:00:00-05:00,92.94000244140625,95.20999908447266,92.06999969482422,95.01000213623047,1058000,0.0,0.0
2012-02-03 00:00:00-05:00,95.54000091552734,97.55999755859375,95.0,96.86000061035156,1044700,0.0,0.0
2012-02-06 00:00:00-05:00,94.77999877929688,101.72000122070312,94.7300033569336,101.13999938964844,1706600,0.0,0.0
2012-02-07 00:00:00-05:00,101.41000366210938,101.93000030517578,99.0999984741211,100.33999633789062,1506400,0.0,0.0
2012-02-08 00:00:00-05:00,100.7300033569336,102.86000061035156,98.58999633789062,102.69999694824219,1405500,0.0,0.0
2012-02-09 00:00:00-05:00,102.51000213623047,105.41999816894531,101.41000366210938,103.5999984741211,1526200,0.0,0.0
2012-02-10 00:00:00-05:00,103.0,103.83999633789062,101.29000091552734,102.08000183105469,809100,0.0,0.0
2012-02-13 00:00:00-05:00,112.54000091552734,116.93000030517578,109.7699966430664,114.6500015258789,4161600,0.0,0.0
2012-02-14 00:00:00-05:00,113.25,114.43000030517578,107.58999633789062,110.0999984741211,2461500,0.0,0.0
2012-02-15 00:00:00-05:00,109.55999755859375,111.5,107.08000183105469,108.63999938964844,1348000,0.0,0.0
2012-02-16 00:00:00-05:00,107.7699966430664,108.5,105.7300033569336,105.83000183105469,1440200,0.0,0.0
2012-02-17 00:00:00-05:00,105.77999877929688,105.91999816894531,102.08000183105469,103.27999877929688,1634300,0.0,0.0
2012-02-21 00:00:00-05:00,102.72000122070312,103.2300033569336,97.4000015258789,99.26000213623047,2759000,0.0,0.0
2012-02-22 00:00:00-05:00,98.0,100.06999969482422,94.22000122070312,99.58999633789062,1944100,0.0,0.0
2012-02-23 00:00:00-05:00,99.4800033569336,104.55000305175781,99.22000122070312,103.31999969482422,1444500,0.0,0.0
2012-02-24 00:00:00-05:00,102.69000244140625,103.81999969482422,101.0999984741211,103.22000122070312,780000,0.0,0.0
2012-02-27 00:00:00-05:00,102.55999755859375,106.62999725341797,102.16000366210938,105.94000244140625,934800,0.0,0.0
2012-02-28 00:00:00-05:00,105.83999633789062,107.44999694824219,103.88999938964844,105.16999816894531,842700,0.0,0.0
2012-02-29 00:00:00-05:00,105.33999633789062,106.43000030517578,104.37000274658203,104.79000091552734,784800,0.0,0.0
2012-03-01 00:00:00-05:00,104.31999969482422,107.63999938964844,102.0199966430664,107.55999755859375,946700,0.0,0.0
2012-03-02 00:00:00-05:00,107.25,110.25,106.93000030517578,108.80000305175781,982800,0.0,0.0
2012-03-05 00:00:00-05:00,108.66000366210938,110.12999725341797,107.83000183105469,108.70999908447266,864900,0.0,0.0
2012-03-06 00:00:00-05:00,107.66000366210938,108.79000091552734,102.81999969482422,104.20999908447266,913100,0.0,0.0
2012-03-07 00:00:00-05:00,104.55999755859375,105.91000366210938,103.62999725341797,104.91000366210938,424000,0.0,0.0
2012-03-08 00:00:00-05:00,106.41000366210938,108.1500015258789,105.33000183105469,106.19999694824219,498200,0.0,0.0
2012-03-09 00:00:00-05:00,106.05000305175781,107.5,106.05000305175781,107.20999908447266,338300,0.0,0.0
2012-03-12 00:00:00-04:00,108.16999816894531,112.70999908447266,108.05999755859375,110.1500015258789,1108300,0.0,0.0
2012-03-13 00:00:00-04:00,110.55999755859375,112.06999969482422,109.48999786376953,112.06999969482422,660700,0.0,0.0
2012-03-14 00:00:00-04:00,111.62999725341797,113.0,110.23999786376953,110.7300033569336,613700,0.0,0.0
2012-03-15 00:00:00-04:00,111.19999694824219,115.98999786376953,110.01000213623047,115.75,855000,0.0,0.0
2012-03-16 00:00:00-04:00,115.31999969482422,118.12000274658203,114.54000091552734,115.33000183105469,1313500,0.0,0.0
2012-03-19 00:00:00-04:00,115.12999725341797,116.33999633789062,113.8499984741211,115.3499984741211,591100,0.0,0.0
2012-03-20 00:00:00-04:00,114.87000274658203,117.38999938964844,113.62000274658203,116.45999908447266,811200,0.0,0.0
2012-03-21 00:00:00-04:00,116.55000305175781,119.41000366210938,115.0,117.43000030517578,1121700,0.0,0.0
2012-03-22 00:00:00-04:00,117.45999908447266,118.51000213623047,115.69000244140625,118.0,688900,0.0,0.0
2012-03-23 00:00:00-04:00,118.5999984741211,119.3499984741211,116.30999755859375,119.18000030517578,551400,0.0,0.0
2012-03-26 00:00:00-04:00,119.26000213623047,121.38999938964844,118.02999877929688,119.95999908447266,1284400,0.0,0.0
2012-03-27 00:00:00-04:00,119.9000015258789,120.0999984741211,116.05000305175781,116.19000244140625,671600,0.0,0.0
2012-03-28 00:00:00-04:00,115.94999694824219,117.83999633789062,113.11000061035156,116.12999725341797,723000,0.0,0.0
2012-03-29 00:00:00-04:00,115.33000183105469,115.47000122070312,112.55000305175781,114.63999938964844,554100,0.0,0.0
2012-03-30 00:00:00-04:00,115.52999877929688,117.19999694824219,114.52999877929688,116.62000274658203,766300,0.0,0.0
2012-04-02 00:00:00-04:00,117.45999908447266,121.55000305175781,116.0,120.19999694824219,1010100,0.0,0.0
2012-04-03 00:00:00-04:00,120.5,124.48999786376953,120.45999908447266,124.48999786376953,895600,0.0,0.0
2012-04-04 00:00:00-04:00,123.30000305175781,123.5,119.80000305175781,122.05000305175781,1332500,0.0,0.0
2012-04-05 00:00:00-04:00,122.16000366210938,123.87999725341797,120.91000366210938,123.44000244140625,683800,0.0,0.0
2012-04-09 00:00:00-04:00,122.12000274658203,122.41999816894531,119.6500015258789,121.12999725341797,465700,0.0,0.0
2012-04-10 00:00:00-04:00,120.93000030517578,122.69999694824219,115.91999816894531,117.0199966430664,759400,0.0,0.0
2012-04-11 00:00:00-04:00,118.47000122070312,121.5,117.7699966430664,121.41000366210938,870400,0.0,0.0
2012-04-12 00:00:00-04:00,123.20999908447266,124.0,121.48999786376953,123.0,760900,0.0,0.0
2012-04-13 00:00:00-04:00,122.79000091552734,123.95999908447266,121.5,122.5999984741211,497300,0.0,0.0
2012-04-16 00:00:00-04:00,123.36000061035156,124.5,119.51000213623047,122.54000091552734,579300,0.0,0.0
2012-04-17 00:00:00-04:00,123.25,125.0,122.94000244140625,123.44999694824219,627000,0.0,0.0
2012-04-18 00:00:00-04:00,123.20999908447266,124.7699966430664,122.43000030517578,124.08999633789062,497600,0.0,0.0
2012-04-19 00:00:00-04:00,124.31999969482422,127.80000305175781,124.31999969482422,125.98999786376953,743700,0.0,0.0
2012-04-20 00:00:00-04:00,126.0199966430664,128.0,125.29000091552734,126.37999725341797,447900,0.0,0.0
2012-04-23 00:00:00-04:00,125.05000305175781,126.31999969482422,122.16000366210938,126.30000305175781,723200,0.0,0.0
2012-04-24 00:00:00-04:00,125.55000305175781,125.55000305175781,122.27999877929688,122.54000091552734,783600,0.0,0.0
2012-04-25 00:00:00-04:00,123.58000183105469,127.80999755859375,123.05000305175781,127.11000061035156,950200,0.0,0.0
2012-04-26 00:00:00-04:00,143.05999755859375,145.0399932861328,138.0399932861328,138.60000610351562,3220300,0.0,0.0
2012-04-27 00:00:00-04:00,137.4199981689453,141.1199951171875,135.58999633789062,140.00999450683594,1057400,0.0,0.0
2012-04-30 00:00:00-04:00,140.1199951171875,141.41000366210938,135.1999969482422,135.25999450683594,1388300,0.0,0.0
2012-05-01 00:00:00-04:00,134.94000244140625,137.5399932861328,133.5800018310547,134.3800048828125,1288600,0.0,0.0
2012-05-02 00:00:00-04:00,134.0800018310547,138.72999572753906,134.0,137.30999755859375,573900,0.0,0.0
2012-05-03 00:00:00-04:00,137.1999969482422,138.72999572753906,132.9499969482422,133.9199981689453,548700,0.0,0.0
2012-05-04 00:00:00-04:00,132.52999877929688,132.5500030517578,129.32000732421875,131.39999389648438,658000,0.0,0.0
2012-05-07 00:00:00-04:00,131.11000061035156,132.0,129.38999938964844,130.2899932861328,706800,0.0,0.0
2012-05-08 00:00:00-04:00,128.97000122070312,131.5,125.6500015258789,130.92999267578125,1405200,0.0,0.0
2012-05-09 00:00:00-04:00,127.63999938964844,130.69000244140625,126.45999908447266,129.39999389648438,849300,0.0,0.0
2012-05-10 00:00:00-04:00,130.47999572753906,132.02999877929688,129.5800018310547,131.13999938964844,592000,0.0,0.0
2012-05-11 00:00:00-04:00,130.47000122070312,135.0,130.47000122070312,134.08999633789062,796900,0.0,0.0
2012-05-14 00:00:00-04:00,132.92999267578125,134.10000610351562,129.86000061035156,131.61000061035156,513800,0.0,0.0
2012-05-15 00:00:00-04:00,132.19000244140625,133.1300048828125,130.6300048828125,131.10000610351562,762400,0.0,0.0
2012-05-16 00:00:00-04:00,131.6999969482422,132.99000549316406,129.97000122070312,131.1199951171875,798900,0.0,0.0
2012-05-17 00:00:00-04:00,131.60000610351562,132.94000244140625,125.5,125.73999786376953,1254800,0.0,0.0
2012-05-18 00:00:00-04:00,126.44000244140625,126.44000244140625,119.48999786376953,120.2300033569336,1302100,0.0,0.0
2012-05-21 00:00:00-04:00,120.38999938964844,126.5,120.08999633789062,126.16999816894531,1166900,0.0,0.0
2012-05-22 00:00:00-04:00,126.41999816894531,130.14999389648438,124.94000244140625,126.06999969482422,768900,0.0,0.0
2012-05-23 00:00:00-04:00,125.23999786376953,127.94000244140625,122.4800033569336,127.55000305175781,709000,0.0,0.0
2012-05-24 00:00:00-04:00,127.36000061035156,129.75,126.5199966430664,129.7100067138672,579600,0.0,0.0
2012-05-25 00:00:00-04:00,130.0,132.33999633789062,128.3300018310547,132.1699981689453,824300,0.0,0.0
2012-05-29 00:00:00-04:00,134.00999450683594,136.0,131.0500030517578,136.0,1407000,0.0,0.0
2012-05-30 00:00:00-04:00,134.86000061035156,137.5,132.64999389648438,135.75,1165500,0.0,0.0
2012-05-31 00:00:00-04:00,137.82000732421875,137.82000732421875,131.4600067138672,135.64999389648438,3753500,0.0,0.0
2012-06-01 00:00:00-04:00,133.22999572753906,133.22999572753906,122.56999969482422,123.93000030517578,1777400,0.0,0.0
2012-06-04 00:00:00-04:00,122.6500015258789,126.19999694824219,121.01000213623047,125.94000244140625,993600,0.0,0.0
2012-06-05 00:00:00-04:00,126.44000244140625,129.5,125.0999984741211,129.0500030517578,669000,0.0,0.0
2012-06-06 00:00:00-04:00,130.5,134.0,129.7100067138672,133.02000427246094,713300,0.0,0.0
2012-06-07 00:00:00-04:00,134.05999755859375,134.89999389648438,128.80999755859375,128.99000549316406,651900,0.0,0.0
2012-06-08 00:00:00-04:00,127.6500015258789,130.41000366210938,126.01000213623047,129.6199951171875,539000,0.0,0.0
2012-06-11 00:00:00-04:00,131.1999969482422,131.99000549316406,126.55000305175781,126.87999725341797,638600,0.0,0.0
2012-06-12 00:00:00-04:00,127.55999755859375,128.66000366210938,124.77999877929688,127.8499984741211,561500,0.0,0.0
2012-06-13 00:00:00-04:00,123.81999969482422,124.58999633789062,110.54000091552734,111.87999725341797,4471500,0.0,0.0
2012-06-14 00:00:00-04:00,112.5,112.80000305175781,108.66000366210938,110.88999938964844,1987000,0.0,0.0
2012-06-15 00:00:00-04:00,111.3499984741211,114.37999725341797,110.0,113.8499984741211,1347100,0.0,0.0
2012-06-18 00:00:00-04:00,113.1500015258789,117.47000122070312,113.11000061035156,116.93000030517578,1153300,0.0,0.0
2012-06-19 00:00:00-04:00,117.2300033569336,118.47000122070312,115.16000366210938,115.98999786376953,921100,0.0,0.0
2012-06-20 00:00:00-04:00,116.27999877929688,117.0,114.72000122070312,115.22000122070312,822700,0.0,0.0
2012-06-21 00:00:00-04:00,115.38999938964844,116.68000030517578,114.29000091552734,114.66000366210938,531500,0.0,0.0
2012-06-22 00:00:00-04:00,115.41000366210938,116.33999633789062,113.08000183105469,115.9000015258789,972000,0.0,0.0
2012-06-25 00:00:00-04:00,114.08000183105469,115.0,111.66999816894531,113.94999694824219,533000,0.0,0.0
2012-06-26 00:00:00-04:00,114.5999984741211,116.6500015258789,113.95999908447266,116.08999633789062,577700,0.0,0.0
2012-06-27 00:00:00-04:00,114.93000030517578,116.5199966430664,112.56999969482422,113.69999694824219,552700,0.0,0.0
2012-06-28 00:00:00-04:00,113.26000213623047,113.66000366210938,107.30999755859375,110.66000366210938,944300,0.0,0.0
2012-06-29 00:00:00-04:00,112.66000366210938,114.97000122070312,112.04000091552734,114.22000122070312,648100,0.0,0.0
2012-07-02 00:00:00-04:00,115.1500015258789,120.76000213623047,114.0199966430664,120.76000213623047,982200,0.0,0.0
2012-07-03 00:00:00-04:00,121.0,123.4800033569336,120.91000366210938,122.30000305175781,466400,0.0,0.0
2012-07-05 00:00:00-04:00,121.41000366210938,122.69999694824219,119.61000061035156,120.77999877929688,548800,0.0,0.0
2012-07-06 00:00:00-04:00,120.19999694824219,120.75,118.55000305175781,119.54000091552734,380800,0.0,0.0
2012-07-09 00:00:00-04:00,119.3499984741211,119.9000015258789,116.05000305175781,117.0,648300,0.0,0.0
2012-07-10 00:00:00-04:00,117.9800033569336,119.0,115.23999786376953,115.87999725341797,638500,0.0,0.0
2012-07-11 00:00:00-04:00,115.55999755859375,115.72000122070312,111.9000015258789,112.7699966430664,730600,0.0,0.0
2012-07-12 00:00:00-04:00,112.73999786376953,118.0,111.5,117.0199966430664,775700,0.0,0.0
2012-07-13 00:00:00-04:00,116.97000122070312,118.11000061035156,116.12999725341797,117.63999938964844,472900,0.0,0.0
2012-07-16 00:00:00-04:00,117.5199966430664,119.36000061035156,117.06999969482422,118.72000122070312,524900,0.0,0.0
2012-07-17 00:00:00-04:00,119.29000091552734,122.38999938964844,117.80000305175781,122.0199966430664,579600,0.0,0.0
2012-07-18 00:00:00-04:00,121.58000183105469,124.8499984741211,121.54000091552734,123.93000030517578,650700,0.0,0.0
2012-07-19 00:00:00-04:00,123.93000030517578,124.47000122070312,120.0,120.61000061035156,445200,0.0,0.0
2012-07-20 00:00:00-04:00,120.36000061035156,122.23999786376953,120.01000213623047,121.6500015258789,408800,0.0,0.0
2012-07-23 00:00:00-04:00,122.12000274658203,123.33999633789062,118.01000213623047,122.5,583800,0.0,0.0
2012-07-24 00:00:00-04:00,123.69000244140625,124.91000366210938,120.8499984741211,121.44000244140625,913700,0.0,0.0
2012-07-25 00:00:00-04:00,135.1300048828125,135.3800048828125,118.12999725341797,128.83999633789062,3648100,0.0,0.0
2012-07-26 00:00:00-04:00,130.2100067138672,136.42999267578125,130.0,135.63999938964844,1721600,0.0,0.0
2012-07-27 00:00:00-04:00,136.4199981689453,138.67999267578125,136.10000610351562,136.89999389648438,752800,0.0,0.0
2012-07-30 00:00:00-04:00,137.67999267578125,138.33999633789062,134.4199981689453,135.47000122070312,686400,0.0,0.0
2012-07-31 00:00:00-04:00,134.0,136.30999755859375,133.0,134.64999389648438,966000,0.0,0.0
2012-08-01 00:00:00-04:00,136.3000030517578,138.25,133.60000610351562,134.00999450683594,769400,0.0,0.0
2012-08-02 00:00:00-04:00,133.33999633789062,136.6999969482422,131.24000549316406,136.47000122070312,573000,0.0,0.0
2012-08-03 00:00:00-04:00,138.92999267578125,141.17999267578125,136.27000427246094,136.9600067138672,678900,0.0,0.0
2012-08-06 00:00:00-04:00,137.38999938964844,138.75999450683594,135.4199981689453,137.4499969482422,443700,0.0,0.0
2012-08-07 00:00:00-04:00,137.72999572753906,140.4499969482422,135.8800048828125,139.47999572753906,622900,0.0,0.0
2012-08-08 00:00:00-04:00,138.52000427246094,141.9600067138672,138.00999450683594,139.6300048828125,594800,0.0,0.0
2012-08-09 00:00:00-04:00,139.08999633789062,140.74000549316406,137.30999755859375,137.80999755859375,450900,0.0,0.0
2012-08-10 00:00:00-04:00,137.5399932861328,138.5800018310547,136.05999755859375,136.83999633789062,481600,0.0,0.0
2012-08-13 00:00:00-04:00,136.8800048828125,136.8800048828125,132.27999877929688,135.36000061035156,769000,0.0,0.0
2012-08-14 00:00:00-04:00,136.99000549316406,137.0,134.4499969482422,135.94000244140625,435700,0.0,0.0
2012-08-15 00:00:00-04:00,135.58999633789062,139.55999755859375,135.16000366210938,137.5800018310547,659900,0.0,0.0
2012-08-16 00:00:00-04:00,138.02000427246094,138.75999450683594,135.39999389648438,137.47999572753906,500500,0.0,0.0
2012-08-17 00:00:00-04:00,137.5,139.36000061035156,135.55999755859375,138.05999755859375,370800,0.0,0.0
2012-08-20 00:00:00-04:00,138.05999755859375,138.3699951171875,135.72999572753906,136.42999267578125,356000,0.0,0.0
2012-08-21 00:00:00-04:00,135.99000549316406,137.52999877929688,133.64999389648438,134.6199951171875,489400,0.0,0.0
2012-08-22 00:00:00-04:00,134.7100067138672,139.47999572753906,134.00999450683594,138.6999969482422,818200,0.0,0.0
2012-08-23 00:00:00-04:00,138.61000061035156,145.80999755859375,137.8800048828125,142.77999877929688,1355200,0.0,0.0
2012-08-24 00:00:00-04:00,142.41000366210938,146.25,142.41000366210938,145.08999633789062,627300,0.0,0.0
2012-08-27 00:00:00-04:00,144.3800048828125,146.3699951171875,143.33999633789062,145.49000549316406,526800,0.0,0.0
2012-08-28 00:00:00-04:00,145.5399932861328,147.39999389648438,144.0,146.77000427246094,659800,0.0,0.0
2012-08-29 00:00:00-04:00,146.94000244140625,147.0,144.58999633789062,145.47999572753906,413800,0.0,0.0
2012-08-30 00:00:00-04:00,144.52999877929688,146.35000610351562,142.41000366210938,145.50999450683594,695300,0.0,0.0
2012-08-31 00:00:00-04:00,145.8000030517578,148.22999572753906,143.97000122070312,148.0500030517578,690500,0.0,0.0
2012-09-04 00:00:00-04:00,148.39999389648438,150.82000732421875,146.41000366210938,150.16000366210938,693900,0.0,0.0
2012-09-05 00:00:00-04:00,149.55999755859375,150.0,147.61000061035156,149.4600067138672,686200,0.0,0.0
2012-09-06 00:00:00-04:00,150.0,153.97999572753906,149.58999633789062,152.4499969482422,698600,0.0,0.0
2012-09-07 00:00:00-04:00,152.60000610351562,152.92999267578125,151.3000030517578,152.5500030517578,781000,0.0,0.0
2012-09-10 00:00:00-04:00,151.64999389648438,151.9199981689453,150.0500030517578,150.2899932861328,460500,0.0,0.0
2012-09-11 00:00:00-04:00,149.49000549316406,150.16000366210938,148.22999572753906,148.75999450683594,363100,0.0,0.0
2012-09-12 00:00:00-04:00,149.0,149.30999755859375,141.83999633789062,145.6300048828125,987700,0.0,0.0
2012-09-13 00:00:00-04:00,146.30999755859375,147.94000244140625,145.77000427246094,146.88999938964844,579200,0.0,0.0
2012-09-14 00:00:00-04:00,147.82000732421875,151.47999572753906,147.72000122070312,149.67999267578125,584000,0.0,0.0
2012-09-17 00:00:00-04:00,149.07000732421875,151.8300018310547,149.0,149.7100067138672,716900,0.0,0.0
2012-09-18 00:00:00-04:00,149.10000610351562,150.67999267578125,146.8699951171875,147.07000732421875,478400,0.0,0.0
2012-09-19 00:00:00-04:00,146.92999267578125,148.25,145.42999267578125,145.91000366210938,627200,0.0,0.0
2012-09-20 00:00:00-04:00,145.94000244140625,147.72999572753906,145.35000610351562,146.22000122070312,462000,0.0,0.0
2012-09-21 00:00:00-04:00,145.4499969482422,147.17999267578125,144.89999389648438,145.08999633789062,1385400,0.0,0.0
2012-09-24 00:00:00-04:00,145.25,145.74000549316406,142.1300048828125,144.16000366210938,644500,0.0,0.0
2012-09-25 00:00:00-04:00,144.7899932861328,148.6199951171875,144.7899932861328,146.0,717700,0.0,0.0
2012-09-26 00:00:00-04:00,145.58999633789062,146.3000030517578,142.1699981689453,142.97000122070312,786600,0.0,0.0
2012-09-27 00:00:00-04:00,143.22999572753906,151.8800048828125,143.1999969482422,151.1999969482422,996500,0.0,0.0
2012-09-28 00:00:00-04:00,150.66000366210938,153.38999938964844,149.82000732421875,152.66000366210938,827100,0.0,0.0
2012-10-01 00:00:00-04:00,153.11000061035156,155.72000122070312,152.27000427246094,154.4199981689453,959900,0.0,0.0
2012-10-02 00:00:00-04:00,154.0,157.05999755859375,153.02000427246094,157.02000427246094,429300,0.0,0.0
2012-10-03 00:00:00-04:00,156.89999389648438,158.50999450683594,154.7100067138672,158.07000732421875,428600,0.0,0.0
2012-10-04 00:00:00-04:00,158.85000610351562,164.07000732421875,157.97000122070312,161.3000030517578,1013400,0.0,0.0
2012-10-05 00:00:00-04:00,161.89999389648438,163.88999938964844,158.86000061035156,159.0,818800,0.0,0.0
2012-10-08 00:00:00-04:00,158.75999450683594,159.6199951171875,154.64999389648438,155.27999877929688,448400,0.0,0.0
2012-10-09 00:00:00-04:00,154.9199981689453,155.35000610351562,151.36000061035156,152.47999572753906,455700,0.0,0.0
2012-10-10 00:00:00-04:00,152.02000427246094,153.75,150.00999450683594,152.77999877929688,485800,0.0,0.0
2012-10-11 00:00:00-04:00,154.2100067138672,155.6199951171875,152.33999633789062,153.6999969482422,784300,0.0,0.0
2012-10-12 00:00:00-04:00,152.8000030517578,154.5500030517578,150.1699981689453,150.72999572753906,311000,0.0,0.0
2012-10-15 00:00:00-04:00,151.6199951171875,155.07000732421875,150.69000244140625,154.49000549316406,693700,0.0,0.0
2012-10-16 00:00:00-04:00,155.17999267578125,158.16000366210938,155.0500030517578,157.91000366210938,464000,0.0,0.0
2012-10-17 00:00:00-04:00,158.9600067138672,166.38999938964844,158.30999755859375,164.22999572753906,1049000,0.0,0.0
2012-10-18 00:00:00-04:00,162.86000061035156,163.7100067138672,159.50999450683594,160.72000122070312,593700,0.0,0.0
2012-10-19 00:00:00-04:00,160.02999877929688,161.02999877929688,156.66000366210938,158.24000549316406,690700,0.0,0.0
2012-10-22 00:00:00-04:00,158.63999938964844,163.0800018310547,156.8300018310547,162.9499969482422,802400,0.0,0.0
2012-10-23 00:00:00-04:00,160.0,160.74000549316406,152.6300048828125,152.99000549316406,1123500,0.0,0.0
2012-10-24 00:00:00-04:00,158.4600067138672,163.1699981689453,152.4199981689453,162.69000244140625,1974200,0.0,0.0
2012-10-25 00:00:00-04:00,164.13999938964844,164.8800048828125,154.2100067138672,155.22999572753906,989700,0.0,0.0
2012-10-26 00:00:00-04:00,156.4199981689453,156.60000610351562,146.22000122070312,149.25,927300,0.0,0.0
2012-10-31 00:00:00-04:00,149.52999877929688,149.6999969482422,141.57000732421875,142.3000030517578,974800,0.0,0.0
2012-11-01 00:00:00-04:00,144.5,149.6999969482422,143.1999969482422,146.3699951171875,849400,0.0,0.0
2012-11-02 00:00:00-04:00,147.25999450683594,147.25999450683594,141.35000610351562,143.5,682900,0.0,0.0
2012-11-05 00:00:00-05:00,145.4199981689453,145.9600067138672,141.27999877929688,144.85000610351562,477500,0.0,0.0
2012-11-06 00:00:00-05:00,145.0,145.0,142.0500030517578,144.38999938964844,486400,0.0,0.0
2012-11-07 00:00:00-05:00,142.8300018310547,144.32000732421875,136.5,138.22999572753906,1043200,0.0,0.0
2012-11-08 00:00:00-05:00,138.27999877929688,141.32000732421875,137.6199951171875,137.66000366210938,637000,0.0,0.0
2012-11-09 00:00:00-05:00,136.8300018310547,142.97999572753906,136.1300048828125,140.74000549316406,493100,0.0,0.0
2012-11-12 00:00:00-05:00,142.6300048828125,146.22999572753906,142.24000549316406,144.89999389648438,508400,0.0,0.0
2012-11-13 00:00:00-05:00,145.0399932861328,148.97999572753906,144.2100067138672,148.0800018310547,544400,0.0,0.0
2012-11-14 00:00:00-05:00,149.75,149.9600067138672,146.0,147.5500030517578,696800,0.0,0.0
2012-11-15 00:00:00-05:00,146.85000610351562,147.55999755859375,141.2100067138672,142.47000122070312,939900,0.0,0.0
2012-11-16 00:00:00-05:00,143.00999450683594,160.0,141.00999450683594,157.69000244140625,1654200,0.0,0.0
2012-11-19 00:00:00-05:00,157.67999267578125,161.25,156.67999267578125,160.44000244140625,796100,0.0,0.0
2012-11-20 00:00:00-05:00,159.86000061035156,174.60000610351562,159.72999572753906,172.8699951171875,1909100,0.0,0.0
2012-11-21 00:00:00-05:00,172.0,176.14999389648438,171.5,174.5500030517578,893900,0.0,0.0
2012-11-23 00:00:00-05:00,175.0,176.5,173.5,176.0800018310547,300500,0.0,0.0
2012-11-26 00:00:00-05:00,174.8800048828125,175.91000366210938,170.72999572753906,174.38999938964844,816600,0.0,0.0
2012-11-27 00:00:00-05:00,173.3699951171875,176.57000732421875,172.0,174.6999969482422,887000,0.0,0.0
2012-11-28 00:00:00-05:00,173.30999755859375,175.22000122070312,171.10000610351562,174.91000366210938,425300,0.0,0.0
2012-11-29 00:00:00-05:00,175.99000549316406,188.9499969482422,175.4499969482422,187.74000549316406,1848100,0.0,0.0
2012-11-30 00:00:00-05:00,186.0,186.14999389648438,176.5500030517578,176.5500030517578,2335300,0.0,0.0
2012-12-03 00:00:00-05:00,180.14999389648438,182.0,176.07000732421875,180.6999969482422,910400,0.0,0.0
2012-12-04 00:00:00-05:00,180.3000030517578,181.2100067138672,177.7100067138672,180.6999969482422,627500,0.0,0.0
2012-12-05 00:00:00-05:00,181.0500030517578,186.1300048828125,178.0,185.1999969482422,903900,0.0,0.0
2012-12-06 00:00:00-05:00,185.91000366210938,188.9199981689453,180.63999938964844,181.8000030517578,801600,0.0,0.0
2012-12-07 00:00:00-05:00,179.47000122070312,182.11000061035156,178.0,180.8699951171875,627900,0.0,0.0
2012-12-10 00:00:00-05:00,181.0,185.0,180.35000610351562,184.69000244140625,470100,0.0,0.0
2012-12-11 00:00:00-05:00,185.0,186.61000061035156,184.10000610351562,184.60000610351562,557800,0.0,0.0
2012-12-12 00:00:00-05:00,185.0,185.17999267578125,180.8000030517578,183.0399932861328,554000,0.0,0.0
2012-12-13 00:00:00-05:00,182.52999877929688,183.30999755859375,177.13999938964844,179.0399932861328,890400,0.0,0.0
2012-12-14 00:00:00-05:00,178.8699951171875,180.33999633789062,177.9199981689453,179.7100067138672,424700,0.0,0.0
2012-12-17 00:00:00-05:00,178.00999450683594,180.25,178.0,179.39999389648438,927300,0.0,0.0
2012-12-18 00:00:00-05:00,179.0,181.0500030517578,176.17999267578125,180.02000427246094,695000,0.0,0.0
2012-12-19 00:00:00-05:00,183.1300048828125,183.1300048828125,173.10000610351562,175.64999389648438,804400,0.0,0.0
2012-12-20 00:00:00-05:00,175.10000610351562,175.10000610351562,168.14999389648438,172.83999633789062,837600,0.0,0.0
2012-12-21 00:00:00-05:00,168.91000366210938,174.83999633789062,168.91000366210938,173.47999572753906,3872100,0.0,0.0
2012-12-24 00:00:00-05:00,173.39999389648438,174.52000427246094,171.00999450683594,173.0399932861328,378400,0.0,0.0
2012-12-26 00:00:00-05:00,173.0399932861328,173.38999938964844,167.8000030517578,170.00999450683594,567000,0.0,0.0
2012-12-27 00:00:00-05:00,169.32000732421875,172.60000610351562,164.05999755859375,168.77000427246094,750400,0.0,0.0
2012-12-28 00:00:00-05:00,166.30999755859375,171.3800048828125,165.2899932861328,167.97000122070312,484300,0.0,0.0
2012-12-31 00:00:00-05:00,167.02000427246094,171.55999755859375,165.25999450683594,171.07000732421875,488100,0.0,0.0
2013-01-02 00:00:00-05:00,176.4199981689453,181.82000732421875,173.82000732421875,181.1999969482422,939000,0.0,0.0
2013-01-03 00:00:00-05:00,181.5800018310547,183.82000732421875,179.66000366210938,180.7100067138672,566000,0.0,0.0
2013-01-04 00:00:00-05:00,182.25999450683594,183.3800048828125,179.8699951171875,181.07000732421875,438900,0.0,0.0
2013-01-07 00:00:00-05:00,180.14999389648438,183.6999969482422,178.5,182.52999877929688,464700,0.0,0.0
2013-01-08 00:00:00-05:00,175.0,176.7899932861328,169.97000122070312,176.6300048828125,1643600,0.0,0.0
2013-01-09 00:00:00-05:00,177.5,185.77999877929688,177.0,183.39999389648438,836000,0.0,0.0
2013-01-10 00:00:00-05:00,185.13999938964844,185.22999572753906,179.5500030517578,183.77000427246094,545300,0.0,0.0
2013-01-11 00:00:00-05:00,183.97000122070312,184.1999969482422,178.57000732421875,179.4600067138672,524600,0.0,0.0
2013-01-14 00:00:00-05:00,181.0500030517578,181.0500030517578,178.0,179.39999389648438,400100,0.0,0.0
2013-01-15 00:00:00-05:00,175.85000610351562,176.41000366210938,171.61000061035156,174.83999633789062,619700,0.0,0.0
2013-01-16 00:00:00-05:00,174.0,177.38999938964844,169.3699951171875,170.02999877929688,875400,0.0,0.0
2013-01-17 00:00:00-05:00,167.8699951171875,170.41000366210938,164.0,169.58999633789062,1229500,0.0,0.0
2013-01-18 00:00:00-05:00,168.02000427246094,170.8800048828125,165.32000732421875,167.97000122070312,720100,0.0,0.0
2013-01-22 00:00:00-05:00,168.0,175.24000549316406,167.16000366210938,175.07000732421875,904300,0.0,0.0
2013-01-23 00:00:00-05:00,174.97999572753906,177.25,173.57000732421875,176.16000366210938,655800,0.0,0.0
2013-01-24 00:00:00-05:00,175.4600067138672,177.83999633789062,172.1699981689453,173.13999938964844,803800,0.0,0.0
2013-01-25 00:00:00-05:00,174.86000061035156,175.14999389648438,170.8000030517578,174.47999572753906,717400,0.0,0.0
2013-01-28 00:00:00-05:00,176.0800018310547,176.33999633789062,170.47000122070312,170.89999389648438,712500,0.0,0.0
2013-01-29 00:00:00-05:00,171.2899932861328,175.13999938964844,169.82000732421875,174.9600067138672,486500,0.0,0.0
2013-01-30 00:00:00-05:00,174.49000549316406,174.99000549316406,172.7899932861328,174.75999450683594,407200,0.0,0.0
2013-01-31 00:00:00-05:00,173.41000366210938,175.5399932861328,172.61000061035156,173.94000244140625,507800,0.0,0.0
2013-02-01 00:00:00-05:00,175.13999938964844,175.72000122070312,172.67999267578125,172.8800048828125,1005500,0.0,0.0
2013-02-04 00:00:00-05:00,172.0,174.3300018310547,167.85000610351562,170.67999267578125,855100,0.0,0.0
2013-02-05 00:00:00-05:00,171.17999267578125,171.99000549316406,168.0500030517578,169.94000244140625,894200,0.0,0.0
2013-02-06 00:00:00-05:00,169.44000244140625,170.50999450683594,166.33999633789062,167.6300048828125,631900,0.0,0.0
2013-02-07 00:00:00-05:00,167.91000366210938,168.99000549316406,162.25,163.99000549316406,1174600,0.0,0.0
2013-02-08 00:00:00-05:00,164.77000427246094,167.0,164.25,165.8800048828125,702400,0.0,0.0
2013-02-11 00:00:00-05:00,180.0,182.58999633789062,168.10000610351562,170.35000610351562,2342000,0.0,0.0
2013-02-12 00:00:00-05:00,170.1300048828125,170.86000061035156,167.13999938964844,168.17999267578125,785000,0.0,0.0
2013-02-13 00:00:00-05:00,168.49000549316406,171.0800018310547,167.77000427246094,170.3300018310547,869800,0.0,0.0
2013-02-14 00:00:00-05:00,169.64999389648438,171.72999572753906,163.0399932861328,169.24000549316406,1156200,0.0,0.0
2013-02-15 00:00:00-05:00,168.0,168.19000244140625,163.0500030517578,164.92999267578125,861400,0.0,0.0
2013-02-19 00:00:00-05:00,164.47000122070312,165.5,158.61000061035156,160.4199981689453,1018700,0.0,0.0
2013-02-20 00:00:00-05:00,160.0,161.0,158.10000610351562,158.4199981689453,949500,0.0,0.0
2013-02-21 00:00:00-05:00,158.32000732421875,159.72999572753906,154.16000366210938,159.30999755859375,1147200,0.0,0.0
2013-02-22 00:00:00-05:00,159.9199981689453,161.41000366210938,157.64999389648438,160.3800048828125,749600,0.0,0.0
2013-02-25 00:00:00-05:00,161.50999450683594,163.67999267578125,158.5,159.3699951171875,789400,0.0,0.0
2013-02-26 00:00:00-05:00,159.80999755859375,162.16000366210938,159.08999633789062,161.6300048828125,713700,0.0,0.0
2013-02-27 00:00:00-05:00,161.6699981689453,165.5800018310547,160.50999450683594,164.8000030517578,655900,0.0,0.0
2013-02-28 00:00:00-05:00,165.25,169.50999450683594,165.25,167.0,715000,0.0,0.0
2013-03-01 00:00:00-05:00,166.64999389648438,172.2100067138672,165.25,171.72999572753906,781800,0.0,0.0
2013-03-04 00:00:00-05:00,171.35000610351562,174.25,169.8699951171875,172.64999389648438,831400,0.0,0.0
2013-03-05 00:00:00-05:00,173.97000122070312,175.8800048828125,172.27000427246094,174.63999938964844,729300,0.0,0.0
2013-03-06 00:00:00-05:00,175.3000030517578,176.3699951171875,173.27000427246094,174.5500030517578,536100,0.0,0.0
2013-03-07 00:00:00-05:00,174.89999389648438,175.5800018310547,171.5,171.94000244140625,558900,0.0,0.0
2013-03-08 00:00:00-05:00,173.1300048828125,174.1699981689453,169.44000244140625,172.97000122070312,624700,0.0,0.0
2013-03-11 00:00:00-04:00,172.91000366210938,173.10000610351562,170.80999755859375,171.75,315200,0.0,0.0
2013-03-12 00:00:00-04:00,171.47000122070312,172.32000732421875,168.52000427246094,172.19000244140625,467800,0.0,0.0
2013-03-13 00:00:00-04:00,172.4499969482422,175.16000366210938,171.05999755859375,172.83999633789062,505700,0.0,0.0
2013-03-14 00:00:00-04:00,173.72000122070312,174.57000732421875,171.0,171.92999267578125,376800,0.0,0.0
2013-03-15 00:00:00-04:00,171.82000732421875,173.13999938964844,170.02000427246094,171.83999633789062,1140100,0.0,0.0
2013-03-18 00:00:00-04:00,170.7899932861328,171.4600067138672,169.02999877929688,170.11000061035156,392300,0.0,0.0
2013-03-19 00:00:00-04:00,171.1999969482422,177.99000549316406,171.1999969482422,175.27999877929688,791600,0.0,0.0
2013-03-20 00:00:00-04:00,175.5800018310547,177.5,174.60000610351562,175.50999450683594,369600,0.0,0.0
2013-03-21 00:00:00-04:00,174.60000610351562,174.63999938964844,171.11000061035156,171.3300018310547,416100,0.0,0.0
2013-03-22 00:00:00-04:00,172.35000610351562,172.89999389648438,170.4499969482422,172.39999389648438,277200,0.0,0.0
2013-03-25 00:00:00-04:00,172.69000244140625,173.1699981689453,169.2100067138672,170.13999938964844,248900,0.0,0.0
2013-03-26 00:00:00-04:00,171.3000030517578,172.27999877929688,168.24000549316406,169.7100067138672,281500,0.0,0.0
2013-03-27 00:00:00-04:00,169.25,171.0,168.1999969482422,170.89999389648438,398300,0.0,0.0
2013-03-28 00:00:00-04:00,170.4199981689453,177.75,169.8300018310547,176.39999389648438,911800,0.0,0.0
2013-04-01 00:00:00-04:00,180.0,180.75,177.1199951171875,178.50999450683594,586300,0.0,0.0
2013-04-02 00:00:00-04:00,179.8300018310547,185.75,178.9499969482422,185.0,988000,0.0,0.0
2013-04-03 00:00:00-04:00,185.13999938964844,189.89999389648438,182.0800018310547,182.69000244140625,862900,0.0,0.0
2013-04-04 00:00:00-04:00,183.88999938964844,186.19000244140625,182.0500030517578,185.08999633789062,483000,0.0,0.0
2013-04-05 00:00:00-04:00,181.99000549316406,185.85000610351562,179.75,185.41000366210938,641200,0.0,0.0
2013-04-08 00:00:00-04:00,185.05999755859375,188.5,183.1999969482422,188.47000122070312,394100,0.0,0.0
2013-04-09 00:00:00-04:00,189.85000610351562,192.8300018310547,189.35000610351562,191.0800018310547,831700,0.0,0.0
2013-04-10 00:00:00-04:00,191.67999267578125,201.35000610351562,190.32000732421875,201.1300048828125,967200,0.0,0.0
2013-04-11 00:00:00-04:00,200.91000366210938,209.2899932861328,199.85000610351562,208.35000610351562,1294000,0.0,0.0
2013-04-12 00:00:00-04:00,205.86000061035156,216.1999969482422,205.5,215.83999633789062,1157300,0.0,0.0
2013-04-15 00:00:00-04:00,215.0,215.75,208.17999267578125,209.0500030517578,1218700,0.0,0.0
2013-04-16 00:00:00-04:00,212.0,217.72000122070312,210.0,216.75999450683594,1234200,0.0,0.0
2013-04-17 00:00:00-04:00,215.25999450683594,215.61000061035156,208.7899932861328,213.0800018310547,1059500,0.0,0.0
2013-04-18 00:00:00-04:00,214.91000366210938,214.91000366210938,203.6999969482422,206.66000366210938,823300,0.0,0.0
2013-04-19 00:00:00-04:00,206.39999389648438,213.0,206.3300018310547,212.5800018310547,954900,0.0,0.0
2013-04-22 00:00:00-04:00,213.57000732421875,215.77999877929688,208.61000061035156,213.80999755859375,710800,0.0,0.0
2013-04-23 00:00:00-04:00,215.0,220.42999267578125,211.57000732421875,212.85000610351562,715500,0.0,0.0
2013-04-24 00:00:00-04:00,213.14999389648438,214.07000732421875,208.5399932861328,210.6199951171875,675900,0.0,0.0
2013-04-25 00:00:00-04:00,214.8800048828125,218.1300048828125,211.86000061035156,216.75,1055100,0.0,0.0
2013-04-26 00:00:00-04:00,216.52999877929688,220.97999572753906,214.05999755859375,216.60000610351562,658500,0.0,0.0
2013-04-29 00:00:00-04:00,217.72000122070312,219.1300048828125,215.32000732421875,215.47999572753906,1157000,0.0,0.0
2013-04-30 00:00:00-04:00,217.5800018310547,217.88999938964844,212.5,215.13999938964844,15385400,0.0,0.0
2013-05-01 00:00:00-04:00,214.75,252.35000610351562,214.6999969482422,237.2899932861328,4759900,0.0,0.0
2013-05-02 00:00:00-04:00,242.94000244140625,249.83999633789062,237.9600067138672,248.6300048828125,1927700,0.0,0.0
2013-05-03 00:00:00-04:00,258.95001220703125,270.0,256.9200134277344,266.1600036621094,2322000,0.0,0.0
2013-05-06 00:00:00-04:00,264.1499938964844,265.0,255.8800048828125,262.75,1563400,0.0,0.0
2013-05-07 00:00:00-04:00,263.5,264.4700012207031,258.8699951171875,262.19000244140625,1255000,0.0,0.0
2013-05-08 00:00:00-04:00,261.3800048828125,264.32000732421875,260.5799865722656,263.739990234375,944600,0.0,0.0
2013-05-09 00:00:00-04:00,263.739990234375,265.20001220703125,260.75,261.95001220703125,744900,0.0,0.0
2013-05-10 00:00:00-04:00,262.8699951171875,274.6000061035156,262.20001220703125,273.5,907600,0.0,0.0
2013-05-13 00:00:00-04:00,273.5400085449219,280.6000061035156,271.3399963378906,280.510009765625,770300,0.0,0.0
2013-05-14 00:00:00-04:00,280.7699890136719,282.80999755859375,278.0199890136719,282.79998779296875,1084200,0.0,0.0
2013-05-15 00:00:00-04:00,281.80999755859375,283.989990234375,272.1099853515625,274.1099853515625,844700,0.0,0.0
2013-05-16 00:00:00-04:00,272.8599853515625,275.7200012207031,261.0,264.6600036621094,987000,0.0,0.0
2013-05-17 00:00:00-04:00,262.04998779296875,270.20001220703125,262.04998779296875,266.9700012207031,738700,0.0,0.0
2013-05-20 00:00:00-04:00,265.7900085449219,269.7799987792969,263.489990234375,263.6400146484375,536300,0.0,0.0
2013-05-21 00:00:00-04:00,264.3900146484375,266.04998779296875,255.08999633789062,259.9599914550781,804900,0.0,0.0
2013-05-22 00:00:00-04:00,260.05999755859375,274.5,257.0799865722656,262.4200134277344,1060400,0.0,0.0
2013-05-23 00:00:00-04:00,257.42999267578125,260.4700012207031,245.52000427246094,254.8699951171875,848600,0.0,0.0
2013-05-24 00:00:00-04:00,253.60000610351562,254.69000244140625,246.22000122070312,250.30999755859375,676600,0.0,0.0
2013-05-28 00:00:00-04:00,254.17999267578125,259.4599914550781,249.72999572753906,251.4499969482422,589200,0.0,0.0
2013-05-29 00:00:00-04:00,249.19000244140625,250.25,242.33999633789062,247.7100067138672,557200,0.0,0.0
2013-05-30 00:00:00-04:00,248.50999450683594,253.42999267578125,246.69000244140625,252.17999267578125,435900,0.0,0.0
2013-05-31 00:00:00-04:00,248.6300048828125,253.0,241.8699951171875,241.8800048828125,771400,0.0,0.0
2013-06-03 00:00:00-04:00,241.8300018310547,242.5,229.52000427246094,236.07000732421875,794200,0.0,0.0
2013-06-04 00:00:00-04:00,235.25,239.69000244140625,232.3699951171875,232.8800048828125,870900,0.0,0.0
2013-06-05 00:00:00-04:00,231.72000122070312,239.97999572753906,227.47000122070312,229.63999938964844,854500,0.0,0.0
2013-06-06 00:00:00-04:00,230.22999572753906,252.5,229.6699981689453,252.1699981689453,1388300,0.0,0.0
2013-06-07 00:00:00-04:00,252.05999755859375,261.75,251.05999755859375,257.5,907000,0.0,0.0
2013-06-10 00:00:00-04:00,258.1400146484375,258.6000061035156,249.6999969482422,252.8300018310547,594000,0.0,0.0
2013-06-11 00:00:00-04:00,249.4199981689453,254.39999389648438,245.00999450683594,248.8800048828125,544600,0.0,0.0
2013-06-12 00:00:00-04:00,251.75,253.32000732421875,236.24000549316406,237.49000549316406,581900,0.0,0.0
2013-06-13 00:00:00-04:00,237.83999633789062,244.4600067138672,236.27999877929688,239.52000427246094,551100,0.0,0.0
2013-06-14 00:00:00-04:00,238.57000732421875,242.47999572753906,232.8800048828125,236.92999267578125,628100,0.0,0.0
2013-06-17 00:00:00-04:00,238.1999969482422,241.0500030517578,232.50999450683594,232.7100067138672,662000,0.0,0.0
2013-06-18 00:00:00-04:00,233.63999938964844,244.25999450683594,230.50999450683594,242.75999450683594,888800,0.0,0.0
2013-06-19 00:00:00-04:00,243.3800048828125,244.6999969482422,231.2899932861328,231.3800048828125,675600,0.0,0.0
2013-06-20 00:00:00-04:00,228.00999450683594,228.3000030517578,218.27999877929688,219.61000061035156,988900,0.0,0.0
2013-06-21 00:00:00-04:00,220.9499969482422,226.0,212.82000732421875,215.47000122070312,3137700,0.0,0.0
2013-06-24 00:00:00-04:00,212.89999389648438,224.08999633789062,206.3000030517578,218.3800048828125,1578400,0.0,0.0
2013-06-25 00:00:00-04:00,220.9499969482422,225.1999969482422,218.36000061035156,220.1699981689453,904800,0.0,0.0
2013-06-26 00:00:00-04:00,222.75999450683594,229.97000122070312,221.24000549316406,228.74000549316406,849000,0.0,0.0
2013-06-27 00:00:00-04:00,232.75999450683594,236.0500030517578,231.0500030517578,234.57000732421875,1064800,0.0,0.0
2013-06-28 00:00:00-04:00,233.05999755859375,234.25,224.42999267578125,224.8800048828125,1985800,0.0,0.0
2013-07-01 00:00:00-04:00,231.60000610351562,239.77999877929688,228.00999450683594,230.13999938964844,1082700,0.0,0.0
2013-07-02 00:00:00-04:00,230.13999938964844,233.8800048828125,228.02000427246094,231.1199951171875,710500,0.0,0.0
2013-07-03 00:00:00-04:00,229.1999969482422,234.4600067138672,229.02999877929688,232.92999267578125,363100,0.0,0.0
2013-07-05 00:00:00-04:00,233.97999572753906,237.10000610351562,231.0,233.47999572753906,439400,0.0,0.0
2013-07-08 00:00:00-04:00,234.80999755859375,235.99000549316406,225.77999877929688,229.02000427246094,699400,0.0,0.0
2013-07-09 00:00:00-04:00,228.22000122070312,237.7899932861328,228.22000122070312,235.9199981689453,606700,0.0,0.0
2013-07-10 00:00:00-04:00,236.8300018310547,239.25,232.2100067138672,236.6999969482422,518400,0.0,0.0
2013-07-11 00:00:00-04:00,242.19000244140625,248.67999267578125,239.1699981689453,247.8699951171875,889700,0.0,0.0
2013-07-12 00:00:00-04:00,255.52000427246094,268.67999267578125,253.0,266.0,1512800,0.0,0.0
2013-07-15 00:00:00-04:00,270.5,270.5,261.05999755859375,268.6400146484375,672200,0.0,0.0
2013-07-16 00:00:00-04:00,267.2300109863281,270.82000732421875,258.32000732421875,262.7099914550781,756200,0.0,0.0
2013-07-17 00:00:00-04:00,267.42999267578125,269.9800109863281,265.1400146484375,269.5199890136719,529900,0.0,0.0
2013-07-18 00:00:00-04:00,269.7099914550781,273.79998779296875,264.0,267.4800109863281,487400,0.0,0.0
2013-07-19 00:00:00-04:00,268.54998779296875,275.0,264.0,274.8599853515625,881600,0.0,0.0
2013-07-22 00:00:00-04:00,278.1099853515625,282.2699890136719,276.25,277.989990234375,855200,0.0,0.0
2013-07-23 00:00:00-04:00,278.44000244140625,279.9200134277344,267.75,268.3399963378906,789600,0.0,0.0
2013-07-24 00:00:00-04:00,270.3699951171875,270.92999267578125,264.2200012207031,267.92999267578125,606000,0.0,0.0
2013-07-25 00:00:00-04:00,269.19000244140625,272.6099853515625,261.489990234375,267.8299865722656,513900,0.0,0.0
2013-07-26 00:00:00-04:00,267.17999267578125,269.8900146484375,264.4100036621094,269.2099914550781,340300,0.0,0.0
2013-07-29 00:00:00-04:00,267.42999267578125,274.1600036621094,265.32000732421875,269.20001220703125,304400,0.0,0.0
2013-07-30 00:00:00-04:00,270.4100036621094,276.510009765625,268.7099914550781,273.6700134277344,444700,0.0,0.0
2013-07-31 00:00:00-04:00,275.3500061035156,276.1000061035156,269.510009765625,270.05999755859375,498100,0.0,0.0
2013-08-01 00:00:00-04:00,272.57000732421875,278.7300109863281,267.79998779296875,278.2900085449219,512600,0.0,0.0
2013-08-02 00:00:00-04:00,277.6400146484375,277.989990234375,270.4100036621094,272.3900146484375,636600,0.0,0.0
2013-08-05 00:00:00-04:00,273.29998779296875,276.0,269.7300109863281,270.989990234375,636700,0.0,0.0
2013-08-06 00:00:00-04:00,258.6499938964844,264.0,249.1699981689453,254.5,2044300,0.0,0.0
2013-08-07 00:00:00-04:00,254.32000732421875,258.55999755859375,251.14999389648438,253.22999572753906,727700,0.0,0.0
2013-08-08 00:00:00-04:00,254.97999572753906,255.99000549316406,251.8699951171875,252.49000549316406,425800,0.0,0.0
2013-08-09 00:00:00-04:00,251.0800018310547,256.0,249.5800018310547,250.00999450683594,391900,0.0,0.0
2013-08-12 00:00:00-04:00,248.58999633789062,249.14999389648438,242.83999633789062,245.9600067138672,491700,0.0,0.0
2013-08-13 00:00:00-04:00,245.58999633789062,246.41000366210938,242.02000427246094,244.38999938964844,619600,0.0,0.0
2013-08-14 00:00:00-04:00,244.0,248.1300048828125,240.8699951171875,241.27000427246094,369800,0.0,0.0
2013-08-15 00:00:00-04:00,240.1999969482422,240.8000030517578,233.5,233.82000732421875,664800,0.0,0.0
2013-08-16 00:00:00-04:00,233.72999572753906,236.77000427246094,230.77999877929688,230.97999572753906,698700,0.0,0.0
2013-08-19 00:00:00-04:00,229.89999389648438,231.88999938964844,227.63999938964844,227.64999389648438,550600,0.0,0.0
2013-08-20 00:00:00-04:00,229.5500030517578,238.8000030517578,227.97000122070312,233.3000030517578,692400,0.0,0.0
2013-08-21 00:00:00-04:00,231.7100067138672,236.5500030517578,230.6999969482422,232.3699951171875,602700,0.0,0.0
2013-08-22 00:00:00-04:00,233.83999633789062,240.22000122070312,233.05999755859375,237.35000610351562,410000,0.0,0.0
2013-08-23 00:00:00-04:00,239.52999877929688,240.0,236.42999267578125,238.85000610351562,484500,0.0,0.0
2013-08-26 00:00:00-04:00,239.0,246.58999633789062,238.02999877929688,245.00999450683594,738900,0.0,0.0
2013-08-27 00:00:00-04:00,240.74000549316406,243.27000427246094,238.19000244140625,239.1699981689453,672800,0.0,0.0
2013-08-28 00:00:00-04:00,239.92999267578125,243.47999572753906,235.02000427246094,243.07000732421875,559900,0.0,0.0
2013-08-29 00:00:00-04:00,241.0800018310547,247.75999450683594,241.02000427246094,243.5800018310547,606700,0.0,0.0
2013-08-30 00:00:00-04:00,243.1999969482422,244.27999877929688,237.8800048828125,242.30999755859375,462300,0.0,0.0
2013-09-03 00:00:00-04:00,245.99000549316406,259.9800109863281,245.99000549316406,259.1499938964844,919500,0.0,0.0
2013-09-04 00:00:00-04:00,258.8999938964844,269.1099853515625,255.0,268.2099914550781,916100,0.0,0.0
2013-09-05 00:00:00-04:00,268.5199890136719,270.0,265.989990234375,268.6400146484375,602700,0.0,0.0
2013-09-06 00:00:00-04:00,270.0,270.1199951171875,261.79998779296875,267.57000732421875,479100,0.0,0.0
2013-09-09 00:00:00-04:00,267.9100036621094,277.4800109863281,267.9100036621094,276.79998779296875,804700,0.0,0.0
2013-09-10 00:00:00-04:00,279.79998779296875,279.95001220703125,275.2799987792969,276.6400146484375,584800,0.0,0.0
2013-09-11 00:00:00-04:00,277.07000732421875,277.7699890136719,269.5,276.8500061035156,474400,0.0,0.0
2013-09-12 00:00:00-04:00,276.9700012207031,278.80999755859375,272.20001220703125,273.6000061035156,328700,0.0,0.0
2013-09-13 00:00:00-04:00,278.75,290.0,278.75,289.9700012207031,1007900,0.0,0.0
2013-09-16 00:00:00-04:00,291.7300109863281,295.9800109863281,285.2900085449219,294.3599853515625,821200,0.0,0.0
2013-09-17 00:00:00-04:00,294.5899963378906,298.42999267578125,291.07000732421875,296.6199951171875,675300,0.0,0.0
2013-09-18 00:00:00-04:00,297.7799987792969,311.0,297.75,309.1700134277344,1263700,0.0,0.0
2013-09-19 00:00:00-04:00,309.9100036621094,310.6300048828125,298.1099853515625,307.1099853515625,1045400,0.0,0.0
2013-09-20 00:00:00-04:00,306.80999755859375,307.0,299.1099853515625,300.79998779296875,1837700,0.0,0.0
2013-09-23 00:00:00-04:00,299.19000244140625,300.0299987792969,292.0,295.760009765625,698000,0.0,0.0
2013-09-24 00:00:00-04:00,296.2200012207031,299.95001220703125,293.260009765625,295.1099853515625,579300,0.0,0.0
2013-09-25 00:00:00-04:00,295.04998779296875,296.8299865722656,291.6000061035156,292.2300109863281,679500,0.0,0.0
2013-09-26 00:00:00-04:00,295.239990234375,310.42999267578125,294.0799865722656,305.5299987792969,879900,0.0,0.0
2013-09-27 00:00:00-04:00,301.9200134277344,309.9100036621094,300.6600036621094,305.6499938964844,516700,0.0,0.0
2013-09-30 00:00:00-04:00,304.5899963378906,319.8299865722656,301.9700012207031,312.8699951171875,1141300,0.0,0.0
2013-10-01 00:00:00-04:00,316.5799865722656,319.5,307.6499938964844,316.6300048828125,729500,0.0,0.0
2013-10-02 00:00:00-04:00,313.6099853515625,318.4800109863281,312.0,313.6700134277344,537100,0.0,0.0
2013-10-03 00:00:00-04:00,312.9200134277344,314.989990234375,300.17999267578125,303.57000732421875,919300,0.0,0.0
2013-10-04 00:00:00-04:00,303.5,310.760009765625,303.5,308.6000061035156,494000,0.0,0.0
2013-10-07 00:00:00-04:00,303.92999267578125,307.989990234375,296.19000244140625,298.95001220703125,549000,0.0,0.0
2013-10-08 00:00:00-04:00,298.1499938964844,298.82000732421875,284.30999755859375,287.67999267578125,823100,0.0,0.0
2013-10-09 00:00:00-04:00,289.32000732421875,289.32000732421875,271.1499938964844,281.55999755859375,1445000,0.0,0.0
2013-10-10 00:00:00-04:00,289.3999938964844,295.0,286.1600036621094,294.0799865722656,576600,0.0,0.0
2013-10-11 00:00:00-04:00,293.9700012207031,293.9700012207031,287.5199890136719,290.29998779296875,556500,0.0,0.0
2013-10-14 00:00:00-04:00,287.3800048828125,296.3299865722656,284.1000061035156,295.6300048828125,370300,0.0,0.0
2013-10-15 00:00:00-04:00,294.0400085449219,298.0899963378906,290.0,290.42999267578125,430500,0.0,0.0
2013-10-16 00:00:00-04:00,302.0,307.760009765625,298.05999755859375,307.6499938964844,1177000,0.0,0.0
2013-10-17 00:00:00-04:00,306.80999755859375,310.0,300.5299987792969,307.8599853515625,704300,0.0,0.0
2013-10-18 00:00:00-04:00,308.3999938964844,309.9599914550781,300.510009765625,303.55999755859375,642600,0.0,0.0
2013-10-21 00:00:00-04:00,304.9100036621094,307.0,293.9100036621094,294.8900146484375,524600,0.0,0.0
2013-10-22 00:00:00-04:00,295.69000244140625,305.3999938964844,295.44000244140625,304.489990234375,642200,0.0,0.0
2013-10-23 00:00:00-04:00,302.489990234375,303.6600036621094,296.30999755859375,299.7900085449219,527100,0.0,0.0
2013-10-24 00:00:00-04:00,301.0199890136719,307.1400146484375,300.5199890136719,304.4200134277344,547100,0.0,0.0
2013-10-25 00:00:00-04:00,305.1000061035156,306.80999755859375,299.1700134277344,302.239990234375,448900,0.0,0.0
2013-10-28 00:00:00-04:00,302.8999938964844,308.69000244140625,301.30999755859375,302.9599914550781,537700,0.0,0.0
2013-10-29 00:00:00-04:00,301.45001220703125,302.510009765625,290.67999267578125,298.5299987792969,775900,0.0,0.0
2013-10-30 00:00:00-04:00,300.0,301.2099914550781,289.010009765625,291.1700134277344,644300,0.0,0.0
2013-10-31 00:00:00-04:00,291.8599853515625,295.4800109863281,287.1099853515625,287.6000061035156,530000,0.0,0.0
2013-11-01 00:00:00-04:00,290.80999755859375,291.989990234375,284.0,285.7900085449219,499000,0.0,0.0
2013-11-04 00:00:00-05:00,285.94000244140625,290.989990234375,280.7200012207031,281.70001220703125,800600,0.0,0.0
2013-11-05 00:00:00-05:00,297.510009765625,305.6700134277344,289.30999755859375,302.32000732421875,2034000,0.0,0.0
2013-11-06 00:00:00-05:00,304.0,304.8500061035156,287.94000244140625,288.2699890136719,1119200,0.0,0.0
2013-11-07 00:00:00-05:00,290.2799987792969,290.6099853515625,271.0,276.989990234375,1416200,0.0,0.0
2013-11-08 00:00:00-05:00,277.29998779296875,287.6199951171875,277.29998779296875,283.07000732421875,747200,0.0,0.0
2013-11-11 00:00:00-05:00,283.8599853515625,285.260009765625,274.0,279.20001220703125,747900,0.0,0.0
2013-11-12 00:00:00-05:00,276.9200134277344,287.489990234375,276.0,286.8900146484375,783900,0.0,0.0
2013-11-13 00:00:00-05:00,282.0,282.989990234375,274.010009765625,277.20001220703125,1461700,0.0,0.0
2013-11-14 00:00:00-05:00,278.9599914550781,297.0,273.760009765625,288.8299865722656,1518300,0.0,0.0
2013-11-15 00:00:00-05:00,290.489990234375,290.489990234375,276.2900085449219,280.0,992200,0.0,0.0
2013-11-18 00:00:00-05:00,280.0,282.8800048828125,272.9200134277344,274.3699951171875,537100,0.0,0.0
2013-11-19 00:00:00-05:00,273.0400085449219,276.0,268.010009765625,273.7900085449219,1054100,0.0,0.0
2013-11-20 00:00:00-05:00,274.9200134277344,282.9800109863281,273.260009765625,274.67999267578125,552700,0.0,0.0
2013-11-21 00:00:00-05:00,276.0,281.9800109863281,275.0799865722656,276.4100036621094,538300,0.0,0.0
2013-11-22 00:00:00-05:00,286.0,294.7799987792969,280.6300048828125,293.67999267578125,1108800,0.0,0.0
2013-11-25 00:00:00-05:00,296.9599914550781,297.1600036621094,289.0,294.1000061035156,614300,0.0,0.0
2013-11-26 00:00:00-05:00,295.8500061035156,296.5400085449219,292.0,295.1199951171875,684700,0.0,0.0
2013-11-27 00:00:00-05:00,295.0400085449219,295.44000244140625,288.9599914550781,292.8800048828125,482200,0.0,0.0
2013-11-29 00:00:00-05:00,291.8599853515625,297.0,291.8599853515625,293.8599853515625,327800,0.0,0.0
2013-12-02 00:00:00-05:00,292.4100036621094,297.5899963378906,289.2799987792969,296.69000244140625,562700,0.0,0.0
2013-12-03 00:00:00-05:00,294.3599853515625,296.25,286.20001220703125,287.5,747400,0.0,0.0
2013-12-04 00:00:00-05:00,285.3299865722656,292.1300048828125,284.5199890136719,287.260009765625,602700,0.0,0.0
2013-12-05 00:00:00-05:00,287.80999755859375,289.6499938964844,282.95001220703125,283.20001220703125,497100,0.0,0.0
2013-12-06 00:00:00-05:00,285.6499938964844,287.0199890136719,279.25,282.739990234375,652900,0.0,0.0
2013-12-09 00:00:00-05:00,284.5199890136719,287.5,277.5199890136719,279.489990234375,779000,0.0,0.0
2013-12-10 00:00:00-05:00,276.989990234375,282.3800048828125,274.1499938964844,277.5,656600,0.0,0.0
2013-12-11 00:00:00-05:00,277.1700134277344,280.0,269.1000061035156,270.0199890136719,775000,0.0,0.0
2013-12-12 00:00:00-05:00,269.5299987792969,277.1099853515625,269.0,274.0,684700,0.0,0.0
2013-12-13 00:00:00-05:00,275.6099853515625,275.6099853515625,265.25,269.5899963378906,922900,0.0,0.0
2013-12-16 00:00:00-05:00,269.2900085449219,277.1400146484375,268.2799987792969,268.45001220703125,704100,0.0,0.0
2013-12-17 00:00:00-05:00,269.5299987792969,270.3999938964844,261.70001220703125,261.8800048828125,861300,0.0,0.0
2013-12-18 00:00:00-05:00,261.6600036621094,272.0299987792969,257.69000244140625,271.7200012207031,1065900,0.0,0.0
2013-12-19 00:00:00-05:00,270.1700134277344,270.95001220703125,264.3500061035156,270.54998779296875,748400,0.0,0.0
2013-12-20 00:00:00-05:00,271.0899963378906,279.239990234375,268.2900085449219,278.69000244140625,1379700,0.0,0.0
2013-12-23 00:00:00-05:00,279.8800048828125,283.3699951171875,275.55999755859375,278.010009765625,654200,0.0,0.0
2013-12-24 00:00:00-05:00,278.1000061035156,279.8999938964844,273.0,275.69000244140625,230400,0.0,0.0
2013-12-26 00:00:00-05:00,276.1000061035156,280.9700012207031,275.8999938964844,278.6400146484375,371300,0.0,0.0
2013-12-27 00:00:00-05:00,278.8699951171875,279.6099853515625,275.2799987792969,277.0400085449219,343800,0.0,0.0
2013-12-30 00:00:00-05:00,275.6700134277344,279.8299865722656,273.0,278.0799865722656,427100,0.0,0.0
2013-12-31 00:00:00-05:00,277.1000061035156,278.32000732421875,273.8500061035156,275.239990234375,569800,0.0,0.0
2014-01-02 00:00:00-05:00,275.7699890136719,277.6000061035156,269.739990234375,274.5899963378906,553000,0.0,0.0
2014-01-03 00:00:00-05:00,274.5199890136719,276.8299865722656,271.2099914550781,271.75,392000,0.0,0.0
2014-01-06 00:00:00-05:00,270.9100036621094,273.80999755859375,266.5,268.8599853515625,759200,0.0,0.0
2014-01-07 00:00:00-05:00,269.1300048828125,275.80999755859375,266.05999755859375,274.07000732421875,777000,0.0,0.0
2014-01-08 00:00:00-05:00,273.2900085449219,277.8299865722656,272.010009765625,273.5,943800,0.0,0.0
2014-01-09 00:00:00-05:00,275.6400146484375,275.6400146484375,266.4100036621094,267.6199951171875,888900,0.0,0.0
2014-01-10 00:00:00-05:00,268.0899963378906,274.5199890136719,262.9700012207031,274.3800048828125,923400,0.0,0.0
2014-01-13 00:00:00-05:00,275.6099853515625,281.2699890136719,266.42999267578125,268.67999267578125,942700,0.0,0.0
2014-01-14 00:00:00-05:00,269.6099853515625,304.4200134277344,265.29998779296875,300.32000732421875,2257600,0.0,0.0
2014-01-15 00:00:00-05:00,291.9700012207031,295.8800048828125,286.0199890136719,287.489990234375,1341200,0.0,0.0
2014-01-16 00:00:00-05:00,287.7200012207031,292.75,286.1199951171875,290.4800109863281,892100,0.0,0.0
2014-01-17 00:00:00-05:00,290.9200134277344,299.0,289.2200012207031,292.0,1001100,0.0,0.0
2014-01-21 00:00:00-05:00,293.82000732421875,296.5799865722656,291.0,295.70001220703125,981700,0.0,0.0
2014-01-22 00:00:00-05:00,296.6600036621094,298.7300109863281,292.0,295.3800048828125,590800,0.0,0.0
2014-01-23 00:00:00-05:00,293.0,293.8699951171875,285.6099853515625,291.5899963378906,754700,0.0,0.0
2014-01-24 00:00:00-05:00,288.0799865722656,288.5299987792969,279.010009765625,279.6099853515625,745300,0.0,0.0
2014-01-27 00:00:00-05:00,279.70001220703125,281.7200012207031,267.55999755859375,270.739990234375,1121400,0.0,0.0
2014-01-28 00:00:00-05:00,273.0299987792969,280.0,273.0,278.6700134277344,830200,0.0,0.0
2014-01-29 00:00:00-05:00,277.6300048828125,286.7200012207031,276.04998779296875,281.5400085449219,1059500,0.0,0.0
2014-01-30 00:00:00-05:00,287.6300048828125,294.989990234375,284.6199951171875,292.9700012207031,980000,0.0,0.0
2014-01-31 00:00:00-05:00,286.79998779296875,294.0,286.1099853515625,288.5899963378906,769200,0.0,0.0
2014-02-03 00:00:00-05:00,288.9100036621094,292.94000244140625,278.5799865722656,283.80999755859375,1029100,0.0,0.0
2014-02-04 00:00:00-05:00,285.3399963378906,288.5,281.45001220703125,287.2300109863281,855800,0.0,0.0
2014-02-05 00:00:00-05:00,286.2900085449219,288.42999267578125,274.0199890136719,281.8999938964844,1043200,0.0,0.0
2014-02-06 00:00:00-05:00,281.8900146484375,288.2699890136719,281.8900146484375,287.0299987792969,660900,0.0,0.0
2014-02-07 00:00:00-05:00,287.1199951171875,300.1000061035156,284.32000732421875,299.7900085449219,1065100,0.0,0.0
2014-02-10 00:00:00-05:00,304.0,307.0,297.489990234375,304.0,1486800,0.0,0.0
2014-02-11 00:00:00-05:00,311.0,327.5400085449219,301.0799865722656,326.5199890136719,3078800,0.0,0.0
2014-02-12 00:00:00-05:00,326.0,331.6400146484375,317.2300109863281,320.3800048828125,2029300,0.0,0.0
2014-02-13 00:00:00-05:00,314.1600036621094,327.9100036621094,314.1099853515625,326.9800109863281,1154400,0.0,0.0
2014-02-14 00:00:00-05:00,328.0,328.989990234375,317.6000061035156,323.989990234375,1150000,0.0,0.0
2014-02-18 00:00:00-05:00,324.69000244140625,334.8299865722656,324.3399963378906,332.7799987792969,1255700,0.0,0.0
2014-02-19 00:00:00-05:00,328.8599853515625,331.739990234375,323.0199890136719,324.3599853515625,952300,0.0,0.0
2014-02-20 00:00:00-05:00,324.30999755859375,328.94000244140625,323.1499938964844,327.6199951171875,950800,0.0,0.0
2014-02-21 00:00:00-05:00,328.75,340.239990234375,326.70001220703125,334.9800109863281,1535900,0.0,0.0
2014-02-24 00:00:00-05:00,340.010009765625,348.25,337.0,347.6199951171875,1260800,0.0,0.0
2014-02-25 00:00:00-05:00,346.44000244140625,347.7799987792969,336.75,339.8599853515625,1234300,0.0,0.0
2014-02-26 00:00:00-05:00,343.3299865722656,343.4800109863281,334.5899963378906,336.4800109863281,838600,0.0,0.0
2014-02-27 00:00:00-05:00,335.0,342.20001220703125,334.04998779296875,338.5400085449219,781200,0.0,0.0
2014-02-28 00:00:00-05:00,339.6600036621094,343.3800048828125,322.5799865722656,332.5,1316800,0.0,0.0
2014-03-03 00:00:00-05:00,328.0899963378906,341.3399963378906,327.0199890136719,339.510009765625,1173700,0.0,0.0
2014-03-04 00:00:00-05:00,343.9800109863281,348.8800048828125,342.239990234375,345.6099853515625,678400,0.0,0.0
2014-03-05 00:00:00-05:00,348.29998779296875,350.57000732421875,344.1000061035156,345.489990234375,692100,0.0,0.0
2014-03-06 00:00:00-05:00,347.0899963378906,352.489990234375,338.010009765625,338.45001220703125,1348700,0.0,0.0
2014-03-07 00:00:00-05:00,341.8299865722656,343.5,304.20001220703125,328.1099853515625,4580900,0.0,0.0
2014-03-10 00:00:00-04:00,328.42999267578125,332.75,324.70001220703125,329.20001220703125,939700,0.0,0.0
2014-03-11 00:00:00-04:00,330.25,337.0,327.9800109863281,328.7699890136719,806500,0.0,0.0
2014-03-12 00:00:00-04:00,326.0799865722656,340.0899963378906,324.0400085449219,339.75,1086600,0.0,0.0
2014-03-13 00:00:00-04:00,339.79998779296875,342.55999755859375,326.5,328.07000732421875,932100,0.0,0.0
2014-03-14 00:00:00-04:00,326.9700012207031,333.29998779296875,326.0,329.5,813200,0.0,0.0
2014-03-17 00:00:00-04:00,336.05999755859375,337.0,327.05999755859375,328.0899963378906,1049200,0.0,0.0
2014-03-18 00:00:00-04:00,329.5,335.95001220703125,329.0199890136719,333.1400146484375,1056500,0.0,0.0
2014-03-19 00:00:00-04:00,332.7200012207031,334.94000244140625,325.82000732421875,329.3299865722656,583200,0.0,0.0
2014-03-20 00:00:00-04:00,327.6600036621094,331.6700134277344,325.5799865722656,328.69000244140625,520600,0.0,0.0
2014-03-21 00:00:00-04:00,328.57000732421875,334.3599853515625,309.8900146484375,310.7900085449219,2847400,0.0,0.0
2014-03-24 00:00:00-04:00,313.57000732421875,314.6499938964844,298.4800109863281,306.3699951171875,1747100,0.0,0.0
2014-03-25 00:00:00-04:00,307.32000732421875,317.3999938964844,301.5799865722656,308.8699951171875,1606700,0.0,0.0
2014-03-26 00:00:00-04:00,311.1400146484375,317.82000732421875,307.1099853515625,308.42999267578125,1390700,0.0,0.0
2014-03-27 00:00:00-04:00,307.6600036621094,316.5,302.8699951171875,311.8599853515625,1272300,0.0,0.0
2014-03-28 00:00:00-04:00,313.1099853515625,316.0,299.510009765625,300.0899963378906,1538300,0.0,0.0
2014-03-31 00:00:00-04:00,303.17999267578125,306.4700012207031,296.6099853515625,300.2799987792969,1061300,0.0,0.0
2014-04-01 00:00:00-04:00,304.760009765625,313.3800048828125,303.05999755859375,306.8800048828125,1100700,0.0,0.0
2014-04-02 00:00:00-04:00,309.6400146484375,316.0,300.3699951171875,306.8900146484375,903100,0.0,0.0
2014-04-03 00:00:00-04:00,306.260009765625,306.5,293.5,298.6000061035156,1244400,0.0,0.0
2014-04-04 00:00:00-04:00,300.67999267578125,301.8399963378906,285.2200012207031,285.3399963378906,1365300,0.0,0.0
2014-04-07 00:00:00-04:00,280.32000732421875,292.2900085449219,279.0400085449219,287.19000244140625,1425400,0.0,0.0
2014-04-08 00:00:00-04:00,287.1199951171875,289.010009765625,278.260009765625,286.44000244140625,1191500,0.0,0.0
2014-04-09 00:00:00-04:00,289.1099853515625,306.9599914550781,287.010009765625,306.260009765625,1622000,0.0,0.0
2014-04-10 00:00:00-04:00,304.6000061035156,304.989990234375,291.6700134277344,293.6199951171875,1459800,0.0,0.0
2014-04-11 00:00:00-04:00,290.3699951171875,299.239990234375,286.6700134277344,288.3599853515625,1197300,0.0,0.0
2014-04-14 00:00:00-04:00,290.6099853515625,297.0,284.1099853515625,290.010009765625,768500,0.0,0.0
2014-04-15 00:00:00-04:00,289.5,293.0299987792969,276.8999938964844,288.0799865722656,1100400,0.0,0.0
2014-04-16 00:00:00-04:00,293.45001220703125,301.0,291.75,300.1400146484375,972900,0.0,0.0
2014-04-17 00:00:00-04:00,300.45001220703125,304.9599914550781,296.0199890136719,296.739990234375,607200,0.0,0.0
2014-04-21 00:00:00-04:00,299.05999755859375,302.4599914550781,296.0299987792969,302.0,452700,0.0,0.0
2014-04-22 00:00:00-04:00,302.760009765625,313.5,302.1499938964844,311.67999267578125,736100,0.0,0.0
2014-04-23 00:00:00-04:00,312.3599853515625,312.8800048828125,301.8699951171875,303.0799865722656,609800,0.0,0.0
2014-04-24 00:00:00-04:00,305.7699890136719,306.70001220703125,291.3599853515625,293.42999267578125,1022000,0.0,0.0
2014-04-25 00:00:00-04:00,291.6000061035156,293.1700134277344,283.4599914550781,284.4200134277344,1074800,0.0,0.0
2014-04-28 00:00:00-04:00,286.45001220703125,288.0799865722656,273.2300109863281,281.260009765625,1247100,0.0,0.0
2014-04-29 00:00:00-04:00,282.79998779296875,300.20001220703125,281.7900085449219,299.5799865722656,1151900,0.0,0.0
2014-04-30 00:00:00-04:00,294.260009765625,300.82000732421875,292.0199890136719,296.8900146484375,682900,0.0,0.0
2014-05-01 00:00:00-04:00,297.1000061035156,300.2300109863281,292.4599914550781,299.0799865722656,653100,0.0,0.0
2014-05-02 00:00:00-04:00,299.9599914550781,300.17999267578125,291.8800048828125,293.5899963378906,507600,0.0,0.0
2014-05-05 00:00:00-04:00,291.7300109863281,299.8599853515625,289.7300109863281,298.9800109863281,805800,0.0,0.0
2014-05-06 00:00:00-04:00,298.2900085449219,299.8699951171875,290.5,290.8299865722656,765400,0.0,0.0
2014-05-07 00:00:00-04:00,291.510009765625,294.489990234375,283.55999755859375,286.6600036621094,1075400,0.0,0.0
2014-05-08 00:00:00-04:00,278.3399963378906,291.6600036621094,278.0,281.20001220703125,1182900,0.0,0.0
2014-05-09 00:00:00-04:00,281.45001220703125,283.1400146484375,276.010009765625,279.4100036621094,877200,0.0,0.0
2014-05-12 00:00:00-04:00,280.80999755859375,292.6000061035156,280.1600036621094,291.3900146484375,757300,0.0,0.0
2014-05-13 00:00:00-04:00,290.9100036621094,290.9100036621094,283.0299987792969,283.45001220703125,771300,0.0,0.0
2014-05-14 00:00:00-04:00,281.0299987792969,291.67999267578125,280.07000732421875,287.3800048828125,665800,0.0,0.0
2014-05-15 00:00:00-04:00,286.6400146484375,291.30999755859375,281.30999755859375,289.6000061035156,783600,0.0,0.0
2014-05-16 00:00:00-04:00,289.7300109863281,296.54998779296875,285.6499938964844,295.42999267578125,948400,0.0,0.0
2014-05-19 00:00:00-04:00,294.6000061035156,303.32000732421875,290.1199951171875,302.1400146484375,855800,0.0,0.0
2014-05-20 00:00:00-04:00,298.0199890136719,299.55999755859375,291.7300109863281,292.7699890136719,733100,0.0,0.0
2014-05-21 00:00:00-04:00,294.19000244140625,296.6400146484375,289.70001220703125,291.0,495000,0.0,0.0
2014-05-22 00:00:00-04:00,292.5,302.0199890136719,290.3500061035156,298.2799987792969,585000,0.0,0.0
2014-05-23 00:00:00-04:00,299.55999755859375,299.55999755859375,293.6300048828125,297.7699890136719,503900,0.0,0.0
2014-05-27 00:00:00-04:00,299.5400085449219,308.2300109863281,298.6499938964844,307.94000244140625,713300,0.0,0.0
2014-05-28 00:00:00-04:00,308.55999755859375,311.69000244140625,304.1600036621094,304.8599853515625,469800,0.0,0.0
2014-05-29 00:00:00-04:00,305.2699890136719,308.57000732421875,303.70001220703125,306.2200012207031,629100,0.0,0.0
2014-05-30 00:00:00-04:00,308.489990234375,308.489990234375,303.54998779296875,306.9599914550781,582800,0.0,0.0
2014-06-02 00:00:00-04:00,308.70001220703125,313.4800109863281,303.55999755859375,309.2699890136719,529000,0.0,0.0
2014-06-03 00:00:00-04:00,306.2699890136719,311.69000244140625,305.3500061035156,310.80999755859375,472900,0.0,0.0
2014-06-04 00:00:00-04:00,308.0,312.7900085449219,307.510009765625,311.8900146484375,490900,0.0,0.0
2014-06-05 00:00:00-04:00,312.8800048828125,314.25,308.1700134277344,308.5400085449219,570000,0.0,0.0
2014-06-06 00:00:00-04:00,312.2099914550781,312.8800048828125,307.0,311.2099914550781,496700,0.0,0.0
2014-06-09 00:00:00-04:00,312.29998779296875,320.0,311.6099853515625,313.739990234375,744300,0.0,0.0
2014-06-10 00:00:00-04:00,312.80999755859375,316.0,306.92999267578125,309.4700012207031,562100,0.0,0.0
2014-06-11 00:00:00-04:00,308.0,313.5199890136719,305.79998779296875,310.239990234375,521800,0.0,0.0
2014-06-12 00:00:00-04:00,309.1499938964844,315.6199951171875,307.9200134277344,310.4700012207031,452100,0.0,0.0
2014-06-13 00:00:00-04:00,310.67999267578125,311.69000244140625,305.6600036621094,306.2699890136719,389600,0.0,0.0
2014-06-16 00:00:00-04:00,307.80999755859375,311.54998779296875,305.9599914550781,308.3999938964844,438100,0.0,0.0
2014-06-17 00:00:00-04:00,307.9200134277344,309.30999755859375,302.5,302.6199951171875,574900,0.0,0.0
2014-06-18 00:00:00-04:00,301.989990234375,305.82000732421875,301.2099914550781,305.29998779296875,552100,0.0,0.0
2014-06-19 00:00:00-04:00,309.9599914550781,309.9599914550781,296.010009765625,297.69000244140625,928600,0.0,0.0
2014-06-20 00:00:00-04:00,297.0,297.7200012207031,282.5199890136719,285.25,2651600,0.0,0.0
2014-06-23 00:00:00-04:00,285.0,285.04998779296875,275.0199890136719,280.2200012207031,1647100,0.0,0.0
2014-06-24 00:00:00-04:00,280.2300109863281,287.30999755859375,276.7200012207031,278.1099853515625,1163200,0.0,0.0
2014-06-25 00:00:00-04:00,278.739990234375,285.54998779296875,277.70001220703125,280.8800048828125,1108800,0.0,0.0
2014-06-26 00:00:00-04:00,281.1499938964844,281.9700012207031,278.510009765625,279.79998779296875,1076100,0.0,0.0
2014-06-27 00:00:00-04:00,280.0,281.95001220703125,269.5,277.2900085449219,1623200,0.0,0.0
2014-06-30 00:00:00-04:00,277.2900085449219,284.9200134277344,273.9800109863281,282.4700012207031,1330700,0.0,0.0
2014-07-01 00:00:00-04:00,285.5,304.4100036621094,285.05999755859375,303.3900146484375,1774600,0.0,0.0
2014-07-02 00:00:00-04:00,302.4700012207031,312.1199951171875,298.2900085449219,308.5400085449219,1335400,0.0,0.0
2014-07-03 00:00:00-04:00,308.1600036621094,313.0,308.1600036621094,311.1600036621094,636700,0.0,0.0
2014-07-07 00:00:00-04:00,312.0899963378906,315.7099914550781,309.6600036621094,311.57000732421875,863100,0.0,0.0
2014-07-08 00:00:00-04:00,311.25,315.94000244140625,308.67999267578125,310.5199890136719,1045600,0.0,0.0
2014-07-09 00:00:00-04:00,310.44000244140625,313.0,303.6000061035156,310.92999267578125,1002600,0.0,0.0
2014-07-10 00:00:00-04:00,312.9800109863281,315.3299865722656,305.05999755859375,314.489990234375,1158100,0.0,0.0
2014-07-11 00:00:00-04:00,314.9800109863281,318.8699951171875,310.75,316.1099853515625,954700,0.0,0.0
2014-07-14 00:00:00-04:00,318.8500061035156,320.0799865722656,313.8299865722656,317.95001220703125,700000,0.0,0.0
2014-07-15 00:00:00-04:00,318.3500061035156,319.95001220703125,309.7300109863281,312.1499938964844,1194600,0.0,0.0
2014-07-16 00:00:00-04:00,315.1000061035156,315.25,305.1000061035156,306.1199951171875,710500,0.0,0.0
2014-07-17 00:00:00-04:00,303.0899963378906,305.8299865722656,295.760009765625,296.4100036621094,832800,0.0,0.0
2014-07-18 00:00:00-04:00,298.5199890136719,306.3699951171875,298.5199890136719,305.9200134277344,785200,0.0,0.0
2014-07-21 00:00:00-04:00,306.20001220703125,307.7900085449219,302.4599914550781,303.7300109863281,562200,0.0,0.0
2014-07-22 00:00:00-04:00,305.510009765625,309.6700134277344,304.6600036621094,306.0199890136719,515600,0.0,0.0
2014-07-23 00:00:00-04:00,311.3900146484375,314.04998779296875,307.2200012207031,310.2699890136719,522900,0.0,0.0
2014-07-24 00:00:00-04:00,310.3999938964844,311.5,303.0199890136719,304.44000244140625,605000,0.0,0.0
2014-07-25 00:00:00-04:00,303.4599914550781,305.010009765625,300.2200012207031,303.0899963378906,369100,0.0,0.0
2014-07-28 00:00:00-04:00,302.25,303.6199951171875,299.7300109863281,302.1600036621094,532100,0.0,0.0
2014-07-29 00:00:00-04:00,303.8399963378906,307.6600036621094,301.67999267578125,304.510009765625,295200,0.0,0.0
2014-07-30 00:00:00-04:00,328.54998779296875,336.94000244140625,315.0,322.17999267578125,2373700,0.0,0.0
2014-07-31 00:00:00-04:00,319.6600036621094,320.5199890136719,310.69000244140625,316.2200012207031,1190100,0.0,0.0
2014-08-01 00:00:00-04:00,323.739990234375,329.32000732421875,320.42999267578125,324.30999755859375,1525300,0.0,0.0
2014-08-04 00:00:00-04:00,325.8599853515625,328.4700012207031,321.0899963378906,325.44000244140625,1176800,0.0,0.0
2014-08-05 00:00:00-04:00,316.80999755859375,337.95001220703125,314.0,333.20001220703125,1642100,0.0,0.0
2014-08-06 00:00:00-04:00,331.20001220703125,341.7099914550781,330.5,340.69000244140625,1025800,0.0,0.0
2014-08-07 00:00:00-04:00,342.1400146484375,342.9800109863281,337.25,338.7300109863281,626600,0.0,0.0
2014-08-08 00:00:00-04:00,338.0,341.0,336.04998779296875,338.32000732421875,627500,0.0,0.0
2014-08-11 00:00:00-04:00,340.2699890136719,341.6199951171875,335.8900146484375,338.80999755859375,508300,0.0,0.0
2014-08-12 00:00:00-04:00,338.44000244140625,339.8399963378906,335.239990234375,338.1499938964844,415800,0.0,0.0
2014-08-13 00:00:00-04:00,339.1199951171875,344.0,338.2200012207031,343.05999755859375,624400,0.0,0.0
2014-08-14 00:00:00-04:00,342.2699890136719,348.1000061035156,341.8599853515625,347.739990234375,566400,0.0,0.0
2014-08-15 00:00:00-04:00,347.7900085449219,351.5,343.8500061035156,348.6199951171875,549300,0.0,0.0
2014-08-18 00:00:00-04:00,350.79998779296875,353.04998779296875,349.07000732421875,349.4599914550781,510000,0.0,0.0
2014-08-19 00:00:00-04:00,349.94000244140625,351.4200134277344,345.0899963378906,346.7900085449219,467700,0.0,0.0
2014-08-20 00:00:00-04:00,345.2200012207031,349.3800048828125,344.0899963378906,345.2799987792969,352600,0.0,0.0
2014-08-21 00:00:00-04:00,347.0,347.0,341.1099853515625,341.510009765625,389700,0.0,0.0
2014-08-22 00:00:00-04:00,342.1000061035156,344.70001220703125,339.1000061035156,340.7900085449219,448600,0.0,0.0
2014-08-25 00:00:00-04:00,347.94000244140625,349.5,342.2200012207031,347.9100036621094,448800,0.0,0.0
2014-08-26 00:00:00-04:00,349.510009765625,354.7900085449219,348.44000244140625,354.04998779296875,668600,0.0,0.0
2014-08-27 00:00:00-04:00,354.2699890136719,354.2699890136719,348.3900146484375,350.010009765625,439500,0.0,0.0
2014-08-28 00:00:00-04:00,348.92999267578125,351.4200134277344,346.4700012207031,346.9200134277344,401800,0.0,0.0
2014-08-29 00:00:00-04:00,349.1000061035156,350.739990234375,346.20001220703125,350.4599914550781,525500,0.0,0.0
2014-09-02 00:00:00-04:00,367.0,369.30999755859375,359.2300109863281,359.5,1515800,0.0,0.0
2014-09-03 00:00:00-04:00,362.29998779296875,364.55999755859375,359.80999755859375,361.8999938964844,602300,0.0,0.0
2014-09-04 00:00:00-04:00,362.9599914550781,362.9800109863281,351.2300109863281,352.0799865722656,653000,0.0,0.0
2014-09-05 00:00:00-04:00,352.0199890136719,353.55999755859375,343.4700012207031,350.6600036621094,834900,0.0,0.0
2014-09-08 00:00:00-04:00,349.42999267578125,351.0,343.17999267578125,348.1000061035156,652000,0.0,0.0
2014-09-09 00:00:00-04:00,347.5,347.7699890136719,343.3999938964844,346.3900146484375,609900,0.0,0.0
2014-09-10 00:00:00-04:00,346.0799865722656,355.20001220703125,345.07000732421875,354.32000732421875,663600,0.0,0.0
2014-09-11 00:00:00-04:00,352.6600036621094,353.1099853515625,347.010009765625,350.3399963378906,381100,0.0,0.0
2014-09-12 00:00:00-04:00,349.4100036621094,349.8299865722656,344.04998779296875,346.05999755859375,573500,0.0,0.0
2014-09-15 00:00:00-04:00,347.07000732421875,347.5,340.3900146484375,346.0299987792969,539400,0.0,0.0
2014-09-16 00:00:00-04:00,346.82000732421875,356.2099914550781,345.0,355.4700012207031,821400,0.0,0.0
2014-09-17 00:00:00-04:00,357.29998779296875,360.8900146484375,354.2900085449219,359.1000061035156,659700,0.0,0.0
2014-09-18 00:00:00-04:00,359.8399963378906,362.8999938964844,357.25,362.739990234375,550300,0.0,0.0
2014-09-19 00:00:00-04:00,365.5899963378906,365.5899963378906,357.2900085449219,358.9200134277344,2635000,0.0,0.0
2014-09-22 00:00:00-04:00,358.0,360.1700134277344,355.3800048828125,359.9200134277344,743900,0.0,0.0
2014-09-23 00:00:00-04:00,357.4200134277344,361.2300109863281,355.3299865722656,357.2200012207031,953000,0.0,0.0
2014-09-24 00:00:00-04:00,357.2200012207031,365.3299865722656,357.05999755859375,364.4100036621094,639500,0.0,0.0
2014-09-25 00:00:00-04:00,363.3500061035156,364.7099914550781,354.0,355.5400085449219,692100,0.0,0.0
2014-09-26 00:00:00-04:00,357.2300109863281,359.0,351.4800109863281,358.17999267578125,692500,0.0,0.0
2014-09-29 00:00:00-04:00,355.0199890136719,358.1000061035156,351.54998779296875,354.9599914550781,357400,0.0,0.0
2014-09-30 00:00:00-04:00,355.7900085449219,361.70001220703125,353.1099853515625,360.5199890136719,1003900,0.0,0.0
2014-10-01 00:00:00-04:00,363.95001220703125,363.95001220703125,352.9100036621094,355.6099853515625,668900,0.0,0.0
2014-10-02 00:00:00-04:00,355.7900085449219,358.25,353.04998779296875,353.69000244140625,666300,0.0,0.0
2014-10-03 00:00:00-04:00,355.5400085449219,362.4599914550781,355.5400085449219,361.6000061035156,758000,0.0,0.0
2014-10-06 00:00:00-04:00,363.4800109863281,365.0,356.6000061035156,359.19000244140625,453000,0.0,0.0
2014-10-07 00:00:00-04:00,356.989990234375,359.67999267578125,353.1000061035156,354.2099914550781,591700,0.0,0.0
2014-10-08 00:00:00-04:00,353.8299865722656,361.07000732421875,350.7900085449219,360.1499938964844,742100,0.0,0.0
2014-10-09 00:00:00-04:00,361.239990234375,361.260009765625,352.0,355.0400085449219,648900,0.0,0.0
2014-10-10 00:00:00-04:00,353.3800048828125,357.75,343.2799987792969,343.510009765625,753400,0.0,0.0
2014-10-13 00:00:00-04:00,341.8900146484375,344.9800109863281,330.8900146484375,332.1000061035156,869100,0.0,0.0
2014-10-14 00:00:00-04:00,334.0899963378906,335.6600036621094,323.79998779296875,328.07000732421875,1155200,0.0,0.0
2014-10-15 00:00:00-04:00,324.0,337.0299987792969,320.05999755859375,334.75,1238100,0.0,0.0
2014-10-16 00:00:00-04:00,326.5,344.4800109863281,326.0899963378906,340.7099914550781,937800,0.0,0.0
2014-10-17 00:00:00-04:00,366.989990234375,376.8800048828125,362.0199890136719,369.6400146484375,2470800,0.0,0.0
2014-10-20 00:00:00-04:00,367.7900085449219,369.0,360.1000061035156,366.1300048828125,1147200,0.0,0.0
2014-10-21 00:00:00-04:00,370.6400146484375,381.0299987792969,366.1400146484375,381.010009765625,1051200,0.0,0.0
2014-10-22 00:00:00-04:00,380.05999755859375,384.8500061035156,373.3399963378906,384.4599914550781,1025700,0.0,0.0
2014-10-23 00:00:00-04:00,387.0,397.3500061035156,386.5,393.9599914550781,870300,0.0,0.0
2014-10-24 00:00:00-04:00,396.0,404.6000061035156,393.2099914550781,402.5,822400,0.0,0.0
2014-10-27 00:00:00-04:00,402.1000061035156,407.8800048828125,397.5,407.1600036621094,559900,0.0,0.0
2014-10-28 00:00:00-04:00,408.3500061035156,410.17999267578125,397.1199951171875,397.8900146484375,1028200,0.0,0.0
2014-10-29 00:00:00-04:00,397.0,397.8900146484375,385.0199890136719,387.70001220703125,1055400,0.0,0.0
2014-10-30 00:00:00-04:00,386.2900085449219,394.6499938964844,386.2699890136719,392.79998779296875,709200,0.0,0.0
2014-10-31 00:00:00-04:00,400.1499938964844,400.8699951171875,391.20001220703125,393.7200012207031,663100,0.0,0.0
2014-11-03 00:00:00-05:00,395.2699890136719,397.9800109863281,389.1199951171875,395.260009765625,854600,0.0,0.0
2014-11-04 00:00:00-05:00,372.1199951171875,384.42999267578125,368.45001220703125,372.3900146484375,1848700,0.0,0.0
2014-11-05 00:00:00-05:00,375.1600036621094,377.989990234375,365.25,368.510009765625,888400,0.0,0.0
2014-11-06 00:00:00-05:00,371.010009765625,377.45001220703125,367.7799987792969,376.94000244140625,699200,0.0,0.0
2014-11-07 00:00:00-05:00,378.239990234375,381.0,374.67999267578125,377.8399963378906,622200,0.0,0.0
2014-11-10 00:00:00-05:00,379.5,386.8599853515625,376.5400085449219,385.9700012207031,541100,0.0,0.0
2014-11-11 00:00:00-05:00,390.0899963378906,400.0,387.19000244140625,398.3599853515625,1156800,0.0,0.0
2014-11-12 00:00:00-05:00,396.20001220703125,402.04998779296875,395.80999755859375,401.1099853515625,623400,0.0,0.0
2014-11-13 00:00:00-05:00,400.0,402.79998779296875,395.1000061035156,402.6300048828125,703700,0.0,0.0
2014-11-14 00:00:00-05:00,402.4200134277344,402.8699951171875,392.30999755859375,395.20001220703125,789900,0.0,0.0
2014-11-17 00:00:00-05:00,396.0299987792969,408.2900085449219,395.20001220703125,399.6499938964844,887700,0.0,0.0
2014-11-18 00:00:00-05:00,399.989990234375,414.6700134277344,399.17999267578125,413.2200012207031,977700,0.0,0.0
2014-11-19 00:00:00-05:00,411.3599853515625,419.2699890136719,408.3599853515625,415.25,631100,0.0,0.0
2014-11-20 00:00:00-05:00,413.2099914550781,417.8599853515625,405.9599914550781,406.0,645900,0.0,0.0
2014-11-21 00:00:00-05:00,415.2699890136719,416.0,403.2900085449219,405.25,890700,0.0,0.0
2014-11-24 00:00:00-05:00,405.6600036621094,411.9700012207031,405.2799987792969,409.75,655800,0.0,0.0
2014-11-25 00:00:00-05:00,416.3699951171875,416.489990234375,408.4800109863281,413.0,818600,0.0,0.0
2014-11-26 00:00:00-05:00,413.92999267578125,415.95001220703125,412.0799865722656,415.8399963378906,443700,0.0,0.0
2014-11-28 00:00:00-05:00,416.0,418.0,414.5400085449219,416.1099853515625,336900,0.0,0.0
2014-12-01 00:00:00-05:00,413.9800109863281,414.79998779296875,407.989990234375,408.7200012207031,638900,0.0,0.0
2014-12-02 00:00:00-05:00,411.0,422.82000732421875,409.8999938964844,421.239990234375,687000,0.0,0.0
2014-12-03 00:00:00-05:00,422.2200012207031,425.2799987792969,415.5199890136719,424.4100036621094,488700,0.0,0.0
2014-12-04 00:00:00-05:00,423.42999267578125,427.7799987792969,420.739990234375,423.2099914550781,657300,0.0,0.0
2014-12-05 00:00:00-05:00,424.7699890136719,424.989990234375,420.8599853515625,423.2300109863281,453300,0.0,0.0
2014-12-08 00:00:00-05:00,423.3999938964844,437.6400146484375,421.8299865722656,434.95001220703125,579800,0.0,0.0
2014-12-09 00:00:00-05:00,428.2699890136719,436.0799865722656,425.4200134277344,432.6700134277344,860800,0.0,0.0
2014-12-10 00:00:00-05:00,433.1499938964844,435.7799987792969,421.260009765625,422.92999267578125,568900,0.0,0.0
2014-12-11 00:00:00-05:00,425.69000244140625,432.2200012207031,423.5199890136719,424.3500061035156,501000,0.0,0.0
2014-12-12 00:00:00-05:00,420.17999267578125,427.1000061035156,416.0,416.44000244140625,575700,0.0,0.0
2014-12-15 00:00:00-05:00,419.95001220703125,421.8900146484375,397.82000732421875,401.010009765625,1026100,0.0,0.0
2014-12-16 00:00:00-05:00,394.739990234375,411.1600036621094,388.1600036621094,396.1300048828125,927500,0.0,0.0
2014-12-17 00:00:00-05:00,398.3999938964844,411.57000732421875,396.1300048828125,410.989990234375,668800,0.0,0.0
2014-12-18 00:00:00-05:00,415.489990234375,424.44000244140625,412.3999938964844,423.7900085449219,733800,0.0,0.0
2014-12-19 00:00:00-05:00,423.1300048828125,432.4599914550781,420.5299987792969,427.6400146484375,1386900,0.0,0.0
2014-12-22 00:00:00-05:00,421.0,422.79998779296875,410.1499938964844,412.9700012207031,857400,0.0,0.0
2014-12-23 00:00:00-05:00,410.3800048828125,410.9599914550781,383.8699951171875,394.04998779296875,2133900,0.0,0.0
2014-12-24 00:00:00-05:00,392.6000061035156,404.5,392.1400146484375,400.1199951171875,641600,0.0,0.0
2014-12-26 00:00:00-05:00,403.45001220703125,414.8399963378906,402.1199951171875,413.4800109863281,722500,0.0,0.0
2014-12-29 00:00:00-05:00,412.82000732421875,414.9599914550781,405.3599853515625,413.8699951171875,652500,0.0,0.0
2014-12-30 00:00:00-05:00,413.6300048828125,416.9800109863281,406.510009765625,408.3399963378906,464700,0.0,0.0
2014-12-31 00:00:00-05:00,410.57000732421875,416.989990234375,408.57000732421875,410.25,759900,0.0,0.0
2015-01-02 00:00:00-05:00,413.8999938964844,419.1499938964844,407.5,410.1600036621094,765900,0.0,0.0
2015-01-05 00:00:00-05:00,414.260009765625,419.4100036621094,409.0400085449219,412.4700012207031,882800,0.0,0.0
2015-01-06 00:00:00-05:00,414.3900146484375,420.75,396.54998779296875,396.8900146484375,1262400,0.0,0.0
2015-01-07 00:00:00-05:00,402.7900085449219,408.67999267578125,398.5,407.7200012207031,880600,0.0,0.0
2015-01-08 00:00:00-05:00,411.57000732421875,412.989990234375,401.1600036621094,403.25,1184500,0.0,0.0
2015-01-09 00:00:00-05:00,409.7799987792969,419.19000244140625,404.1600036621094,411.0400085449219,1207600,0.0,0.0
2015-01-12 00:00:00-05:00,414.0199890136719,419.44000244140625,409.5,413.3299865722656,664500,0.0,0.0
2015-01-13 00:00:00-05:00,417.7300109863281,425.489990234375,402.5199890136719,406.489990234375,1438200,0.0,0.0
2015-01-14 00:00:00-05:00,403.1199951171875,408.5199890136719,401.4200134277344,404.30999755859375,968600,0.0,0.0
2015-01-15 00:00:00-05:00,405.4800109863281,407.2200012207031,395.55999755859375,397.1199951171875,982900,0.0,0.0
2015-01-16 00:00:00-05:00,398.17999267578125,409.70001220703125,395.6600036621094,408.69000244140625,1036700,0.0,0.0
2015-01-20 00:00:00-05:00,410.7799987792969,422.5299987792969,405.1499938964844,421.1099853515625,803000,0.0,0.0
2015-01-21 00:00:00-05:00,418.1499938964844,423.9100036621094,412.010009765625,418.1099853515625,687400,0.0,0.0
2015-01-22 00:00:00-05:00,418.9700012207031,421.2900085449219,406.5,420.80999755859375,589500,0.0,0.0
2015-01-23 00:00:00-05:00,421.05999755859375,422.9100036621094,414.5899963378906,420.2099914550781,387600,0.0,0.0
2015-01-26 00:00:00-05:00,419.9100036621094,427.45001220703125,417.010009765625,423.7699890136719,453600,0.0,0.0
2015-01-27 00:00:00-05:00,417.2300109863281,422.07000732421875,413.6499938964844,415.739990234375,704800,0.0,0.0
2015-01-28 00:00:00-05:00,417.6400146484375,420.6000061035156,407.5,408.0,641000,0.0,0.0
2015-01-29 00:00:00-05:00,408.67999267578125,415.5,401.1700134277344,414.6400146484375,583500,0.0,0.0
2015-01-30 00:00:00-05:00,410.8800048828125,424.739990234375,410.6000061035156,416.6600036621094,1060000,0.0,0.0
2015-02-02 00:00:00-05:00,419.7900085449219,420.989990234375,407.6400146484375,413.0899963378906,637700,0.0,0.0
2015-02-03 00:00:00-05:00,416.5199890136719,416.5199890136719,398.7099914550781,409.20001220703125,933100,0.0,0.0
2015-02-04 00:00:00-05:00,400.4700012207031,407.8900146484375,393.0,401.3599853515625,1195100,0.0,0.0
2015-02-05 00:00:00-05:00,403.54998779296875,415.4700012207031,403.1700134277344,413.8699951171875,760300,0.0,0.0
2015-02-06 00:00:00-05:00,413.4700012207031,414.4700012207031,405.260009765625,406.8599853515625,625600,0.0,0.0
2015-02-09 00:00:00-05:00,407.54998779296875,409.1499938964844,397.70001220703125,399.7200012207031,1023800,0.0,0.0
2015-02-10 00:00:00-05:00,402.6499938964844,407.760009765625,394.010009765625,400.7099914550781,1580900,0.0,0.0
2015-02-11 00:00:00-05:00,399.5,406.8999938964844,398.80999755859375,398.989990234375,690500,0.0,0.0
2015-02-12 00:00:00-05:00,401.0,405.20001220703125,396.6199951171875,401.739990234375,660900,0.0,0.0
2015-02-13 00:00:00-05:00,404.5400085449219,406.5,397.6000061035156,402.3999938964844,802700,0.0,0.0
2015-02-17 00:00:00-05:00,402.0,406.5,400.75,404.17999267578125,731100,0.0,0.0
2015-02-18 00:00:00-05:00,404.4800109863281,408.4100036621094,400.510009765625,405.79998779296875,478700,0.0,0.0
2015-02-19 00:00:00-05:00,408.5,428.4700012207031,407.489990234375,426.6000061035156,1451000,0.0,0.0
2015-02-20 00:00:00-05:00,425.0,428.2300109863281,421.1600036621094,423.7799987792969,886600,0.0,0.0
2015-02-23 00:00:00-05:00,423.9200134277344,432.3800048828125,423.5,425.1099853515625,865500,0.0,0.0
2015-02-24 00:00:00-05:00,426.3599853515625,426.54998779296875,415.7699890136719,420.6400146484375,723400,0.0,0.0
2015-02-25 00:00:00-05:00,420.1600036621094,427.0,417.0,423.0400085449219,764700,0.0,0.0
2015-02-26 00:00:00-05:00,425.0,427.92999267578125,416.20001220703125,419.8699951171875,690400,0.0,0.0
2015-02-27 00:00:00-05:00,421.0400085449219,421.07000732421875,411.0400085449219,413.8399963378906,811000,0.0,0.0
2015-03-02 00:00:00-05:00,416.2799987792969,419.6000061035156,414.1700134277344,418.44000244140625,613400,0.0,0.0
2015-03-03 00:00:00-05:00,418.5799865722656,418.82000732421875,406.8500061035156,412.510009765625,586600,0.0,0.0
2015-03-04 00:00:00-05:00,409.1700134277344,415.8800048828125,408.2099914550781,413.0400085449219,590500,0.0,0.0
2015-03-05 00:00:00-05:00,414.92999267578125,430.6700134277344,414.2099914550781,428.95001220703125,1165800,0.0,0.0
2015-03-06 00:00:00-05:00,428.6700134277344,431.69000244140625,421.1499938964844,422.1300048828125,744600,0.0,0.0
2015-03-09 00:00:00-04:00,424.44000244140625,430.989990234375,420.1499938964844,426.8699951171875,703000,0.0,0.0
2015-03-10 00:00:00-04:00,424.0,427.80999755859375,420.7799987792969,422.8399963378906,693100,0.0,0.0
2015-03-11 00:00:00-04:00,425.7799987792969,429.8699951171875,424.0299987792969,424.54998779296875,730800,0.0,0.0
2015-03-12 00:00:00-04:00,427.3900146484375,427.44000244140625,422.2099914550781,425.1600036621094,541200,0.0,0.0
2015-03-13 00:00:00-04:00,425.0,435.0,424.5,429.3800048828125,807900,0.0,0.0
2015-03-16 00:00:00-04:00,436.55999755859375,452.3599853515625,436.55999755859375,451.7699890136719,1608700,0.0,0.0
2015-03-17 00:00:00-04:00,450.0199890136719,468.5,447.32000732421875,467.79998779296875,1705400,0.0,0.0
2015-03-18 00:00:00-04:00,465.0799865722656,475.95001220703125,461.32000732421875,472.1099853515625,996100,0.0,0.0
2015-03-19 00:00:00-04:00,475.0899963378906,486.6300048828125,472.45001220703125,486.0199890136719,1142400,0.0,0.0
2015-03-20 00:00:00-04:00,493.32000732421875,495.5,476.260009765625,488.8699951171875,1582200,0.0,0.0
2015-03-23 00:00:00-04:00,480.8299865722656,481.8800048828125,471.1099853515625,478.32000732421875,1072600,0.0,0.0
2015-03-24 00:00:00-04:00,478.3599853515625,482.9800109863281,473.1199951171875,473.739990234375,839700,0.0,0.0
2015-03-25 00:00:00-04:00,474.4800109863281,478.739990234375,452.010009765625,453.989990234375,1415800,0.0,0.0
2015-03-26 00:00:00-04:00,448.0,457.7200012207031,441.8699951171875,448.3800048828125,1132900,0.0,0.0
2015-03-27 00:00:00-04:00,449.4800109863281,460.1199951171875,448.0400085449219,454.5,855900,0.0,0.0
2015-03-30 00:00:00-04:00,459.04998779296875,462.5899963378906,453.1099853515625,459.7799987792969,640600,0.0,0.0
2015-03-31 00:00:00-04:00,456.2300109863281,464.5199890136719,450.0199890136719,451.4800109863281,884200,0.0,0.0
2015-04-01 00:00:00-04:00,450.0,450.0,433.4700012207031,441.17999267578125,1501000,0.0,0.0
2015-04-02 00:00:00-04:00,443.17999267578125,444.7900085449219,434.42999267578125,438.2699890136719,797800,0.0,0.0
2015-04-06 00:00:00-04:00,434.25,445.75,434.010009765625,440.2300109863281,631800,0.0,0.0
2015-04-07 00:00:00-04:00,440.19000244140625,454.20001220703125,440.19000244140625,441.6499938964844,507300,0.0,0.0
2015-04-08 00:00:00-04:00,444.3699951171875,458.94000244140625,440.04998779296875,453.19000244140625,563000,0.0,0.0
2015-04-09 00:00:00-04:00,452.3299865722656,458.44000244140625,449.510009765625,455.0400085449219,465100,0.0,0.0
2015-04-10 00:00:00-04:00,456.6300048828125,463.4700012207031,454.4200134277344,461.3900146484375,587600,0.0,0.0
2015-04-13 00:00:00-04:00,460.94000244140625,469.8999938964844,456.57000732421875,456.9800109863281,479300,0.0,0.0
2015-04-14 00:00:00-04:00,455.94000244140625,458.8599853515625,449.0199890136719,455.07000732421875,443700,0.0,0.0
2015-04-15 00:00:00-04:00,457.0,457.0,445.010009765625,453.8900146484375,616400,0.0,0.0
2015-04-16 00:00:00-04:00,454.54998779296875,458.29998779296875,452.9700012207031,457.4200134277344,603700,0.0,0.0
2015-04-17 00:00:00-04:00,451.5799865722656,455.7799987792969,442.6000061035156,447.5199890136719,677000,0.0,0.0
2015-04-20 00:00:00-04:00,449.82000732421875,455.8800048828125,445.3900146484375,452.4200134277344,346600,0.0,0.0
2015-04-21 00:00:00-04:00,454.75,463.7300109863281,450.0199890136719,463.2200012207031,1177500,0.0,0.0
2015-04-22 00:00:00-04:00,464.9200134277344,477.1000061035156,463.8399963378906,472.6300048828125,977700,0.0,0.0
2015-04-23 00:00:00-04:00,478.0,482.0,475.07000732421875,480.0799865722656,1070600,0.0,0.0
2015-04-24 00:00:00-04:00,479.1600036621094,486.0,475.0199890136719,480.0899963378906,909000,0.0,0.0
2015-04-27 00:00:00-04:00,483.6099853515625,485.75,467.20001220703125,473.4800109863281,1112700,0.0,0.0
2015-04-28 00:00:00-04:00,474.5299987792969,477.54998779296875,459.0,466.3399963378906,909600,0.0,0.0
2015-04-29 00:00:00-04:00,463.8699951171875,473.5899963378906,461.1099853515625,469.70001220703125,808100,0.0,0.0
2015-04-30 00:00:00-04:00,467.2799987792969,471.2200012207031,451.5899963378906,457.4599914550781,683200,0.0,0.0
2015-05-01 00:00:00-04:00,463.0199890136719,474.9700012207031,462.45001220703125,471.1600036621094,710800,0.0,0.0
2015-05-04 00:00:00-04:00,473.45001220703125,477.7300109863281,470.5400085449219,474.1700134277344,592100,0.0,0.0
2015-05-05 00:00:00-04:00,472.1600036621094,473.1000061035156,462.2900085449219,465.5,552700,0.0,0.0
2015-05-06 00:00:00-04:00,469.1600036621094,478.0,465.80999755859375,470.010009765625,844700,0.0,0.0
2015-05-07 00:00:00-04:00,480.010009765625,482.989990234375,462.0,468.6199951171875,1340400,0.0,0.0
2015-05-08 00:00:00-04:00,470.0,484.8500061035156,470.0,481.2900085449219,1415200,0.0,0.0
2015-05-11 00:00:00-04:00,484.260009765625,488.0,476.6199951171875,477.55999755859375,640800,0.0,0.0
2015-05-12 00:00:00-04:00,474.989990234375,480.95001220703125,465.260009765625,479.3999938964844,680800,0.0,0.0
2015-05-13 00:00:00-04:00,479.6700134277344,480.2699890136719,473.0,477.4599914550781,609800,0.0,0.0
2015-05-14 00:00:00-04:00,481.6600036621094,492.2200012207031,474.0,491.42999267578125,787700,0.0,0.0
2015-05-15 00:00:00-04:00,495.0,498.489990234375,486.2300109863281,489.010009765625,466800,0.0,0.0
2015-05-18 00:00:00-04:00,488.010009765625,500.3599853515625,487.80999755859375,496.739990234375,707200,0.0,0.0
2015-05-19 00:00:00-04:00,495.510009765625,506.25,493.30999755859375,504.1499938964844,710800,0.0,0.0
2015-05-20 00:00:00-04:00,507.5,516.8099975585938,503.4200134277344,512.77001953125,822500,0.0,0.0
2015-05-21 00:00:00-04:00,513.0900268554688,518.2000122070312,510.20001220703125,516.0,864100,0.0,0.0
2015-05-22 00:00:00-04:00,513.739990234375,519.4600219726562,513.5,513.8800048828125,771400,0.0,0.0
2015-05-26 00:00:00-04:00,511.79998779296875,514.4500122070312,503.1600036621094,506.6300048828125,774100,0.0,0.0
2015-05-27 00:00:00-04:00,509.04998779296875,515.7999877929688,505.54998779296875,515.3699951171875,625700,0.0,0.0
2015-05-28 00:00:00-04:00,512.1099853515625,514.3200073242188,509.4599914550781,512.1199951171875,702500,0.0,0.0
2015-05-29 00:00:00-04:00,509.510009765625,517.1799926757812,509.45001220703125,512.5599975585938,763500,0.0,0.0
2015-06-01 00:00:00-04:00,517.0800170898438,517.0800170898438,505.1199951171875,513.8099975585938,551200,0.0,0.0
2015-06-02 00:00:00-04:00,511.25,512.9500122070312,505.25,508.8999938964844,641600,0.0,0.0
2015-06-03 00:00:00-04:00,509.6400146484375,514.9099731445312,508.7799987792969,514.219970703125,627900,0.0,0.0
2015-06-04 00:00:00-04:00,510.8399963378906,519.7999877929688,510.19000244140625,518.6199951171875,816700,0.0,0.0
2015-06-05 00:00:00-04:00,519.4000244140625,539.7999877929688,516.8499755859375,539.4000244140625,1205600,0.0,0.0
2015-06-08 00:00:00-04:00,540.97998046875,544.0,525.5599975585938,526.0900268554688,1025900,0.0,0.0
2015-06-09 00:00:00-04:00,526.0900268554688,526.0900268554688,526.0900268554688,526.0900268554688,12100,0.0,0.0
2015-06-10 00:00:00-04:00,505.7300109863281,513.72998046875,498.6000061035156,512.3200073242188,1810900,0.0,0.0
2015-06-11 00:00:00-04:00,513.2899780273438,514.8499755859375,499.8999938964844,501.1000061035156,1115600,0.0,0.0
2015-06-12 00:00:00-04:00,499.44000244140625,500.7799987792969,490.8699951171875,492.2900085449219,982800,0.0,0.0
2015-06-15 00:00:00-04:00,490.1099853515625,499.8999938964844,482.9200134277344,499.05999755859375,1302600,0.0,0.0
2015-06-16 00:00:00-04:00,498.17999267578125,505.1499938964844,497.07000732421875,501.760009765625,639000,0.0,0.0
2015-06-17 00:00:00-04:00,501.760009765625,515.0,501.760009765625,512.8900146484375,851800,0.0,0.0
2015-06-18 00:00:00-04:00,515.1099853515625,533.1699829101562,514.97998046875,527.969970703125,997300,0.0,0.0
2015-06-19 00:00:00-04:00,531.6400146484375,534.77001953125,520.9600219726562,522.280029296875,1150900,0.0,0.0
2015-06-22 00:00:00-04:00,526.8499755859375,532.0,518.0,520.7100219726562,750800,0.0,0.0
2015-06-23 00:00:00-04:00,522.1599731445312,523.6300048828125,514.0,521.0499877929688,474500,0.0,0.0
2015-06-24 00:00:00-04:00,519.010009765625,522.22998046875,513.4299926757812,516.5900268554688,454900,0.0,0.0
2015-06-25 00:00:00-04:00,517.969970703125,525.9500122070312,516.5999755859375,519.239990234375,482900,0.0,0.0
2015-06-26 00:00:00-04:00,522.530029296875,524.719970703125,513.6599731445312,520.6300048828125,408200,0.0,0.0
2015-06-29 00:00:00-04:00,514.5900268554688,520.5,504.5199890136719,504.9700012207031,599900,0.0,0.0
2015-06-30 00:00:00-04:00,512.2000122070312,514.7999877929688,505.6199951171875,510.1300048828125,635800,0.0,0.0
2015-07-01 00:00:00-04:00,515.22998046875,516.0499877929688,504.3299865722656,506.510009765625,527700,0.0,0.0
2015-07-02 00:00:00-04:00,509.5,512.5,505.2900085449219,511.0799865722656,374700,0.0,0.0
2015-07-06 00:00:00-04:00,505.4599914550781,519.6599731445312,505.1099853515625,512.239990234375,457600,0.0,0.0
2015-07-07 00:00:00-04:00,515.739990234375,517.8900146484375,507.5,517.6099853515625,457500,0.0,0.0
2015-07-08 00:00:00-04:00,515.5399780273438,518.4400024414062,508.2799987792969,509.29998779296875,405900,0.0,0.0
2015-07-09 00:00:00-04:00,505.1499938964844,513.1799926757812,503.6400146484375,509.0299987792969,650700,0.0,0.0
2015-07-10 00:00:00-04:00,514.5,526.22998046875,509.1499938964844,526.010009765625,723500,0.0,0.0
2015-07-13 00:00:00-04:00,532.280029296875,539.5,531.9500122070312,536.2100219726562,812700,0.0,0.0
2015-07-14 00:00:00-04:00,537.0,544.8599853515625,536.1099853515625,542.9000244140625,597200,0.0,0.0
2015-07-15 00:00:00-04:00,546.9600219726562,551.9299926757812,540.4299926757812,543.3800048828125,466700,0.0,0.0
2015-07-16 00:00:00-04:00,547.0,552.0,542.4299926757812,551.530029296875,436800,0.0,0.0
2015-07-17 00:00:00-04:00,552.6199951171875,552.97998046875,545.5,551.97998046875,489000,0.0,0.0
2015-07-20 00:00:00-04:00,555.0,569.9099731445312,552.3400268554688,561.1699829101562,935500,0.0,0.0
2015-07-21 00:00:00-04:00,560.0,563.2999877929688,553.5599975585938,560.0,560100,0.0,0.0
2015-07-22 00:00:00-04:00,557.5800170898438,563.22998046875,553.780029296875,556.530029296875,770500,0.0,0.0
2015-07-23 00:00:00-04:00,558.1900024414062,559.780029296875,553.1400146484375,556.6099853515625,492500,0.0,0.0
2015-07-24 00:00:00-04:00,550.510009765625,558.0,533.510009765625,541.8499755859375,933400,0.0,0.0
2015-07-27 00:00:00-04:00,538.739990234375,543.0,530.3499755859375,540.030029296875,658300,0.0,0.0
2015-07-28 00:00:00-04:00,553.2999877929688,559.6500244140625,545.0,552.4500122070312,872000,0.0,0.0
2015-07-29 00:00:00-04:00,555.22998046875,558.6599731445312,540.02001953125,546.27001953125,648500,0.0,0.0
2015-07-30 00:00:00-04:00,545.6300048828125,550.25,536.02001953125,547.0999755859375,557000,0.0,0.0
2015-07-31 00:00:00-04:00,551.2899780273438,558.5,547.8499755859375,553.6599731445312,500400,0.0,0.0
2015-08-03 00:00:00-04:00,558.469970703125,561.3099975585938,546.0,554.27001953125,701700,0.0,0.0
2015-08-04 00:00:00-04:00,586.0,605.9299926757812,578.2100219726562,580.9400024414062,1939800,0.0,0.0
2015-08-05 00:00:00-04:00,584.2999877929688,595.8900146484375,581.3800048828125,592.4000244140625,730500,0.0,0.0
2015-08-06 00:00:00-04:00,593.6599731445312,593.6599731445312,579.0,582.469970703125,726700,0.0,0.0
2015-08-07 00:00:00-04:00,586.0,586.0,574.25,579.0399780273438,793900,0.0,0.0
2015-08-10 00:00:00-04:00,584.6699829101562,591.8400268554688,580.8800048828125,581.0,640300,0.0,0.0
2015-08-11 00:00:00-04:00,577.77001953125,583.3800048828125,565.75,566.989990234375,760900,0.0,0.0
2015-08-12 00:00:00-04:00,561.8499755859375,580.8800048828125,555.5,579.25,856000,0.0,0.0
2015-08-13 00:00:00-04:00,578.8900146484375,585.7899780273438,572.9000244140625,574.0999755859375,515700,0.0,0.0
2015-08-14 00:00:00-04:00,572.9000244140625,579.3499755859375,568.9600219726562,576.2999877929688,491500,0.0,0.0
2015-08-17 00:00:00-04:00,574.72998046875,578.5700073242188,571.5900268554688,576.760009765625,444700,0.0,0.0
2015-08-18 00:00:00-04:00,578.9500122070312,579.97998046875,569.0999755859375,569.6699829101562,581200,0.0,0.0
2015-08-19 00:00:00-04:00,567.3200073242188,575.1199951171875,562.0,568.9099731445312,477200,0.0,0.0
2015-08-20 00:00:00-04:00,561.3300170898438,567.8599853515625,546.010009765625,546.6500244140625,790400,0.0,0.0
2015-08-21 00:00:00-04:00,537.75,557.1900024414062,525.22998046875,527.1799926757812,1501700,0.0,0.0
2015-08-24 00:00:00-04:00,498.0,526.0999755859375,480.5,504.5799865722656,1757000,0.0,0.0
2015-08-25 00:00:00-04:00,520.9400024414062,528.3800048828125,496.5299987792969,499.0199890136719,1235200,0.0,0.0
2015-08-26 00:00:00-04:00,513.219970703125,535.8699951171875,506.25,535.469970703125,1064500,0.0,0.0
2015-08-27 00:00:00-04:00,540.0,547.510009765625,526.6500244140625,538.0,759500,0.0,0.0
2015-08-28 00:00:00-04:00,530.3900146484375,543.1199951171875,530.1599731445312,536.7000122070312,507800,0.0,0.0
2015-08-31 00:00:00-04:00,526.260009765625,534.719970703125,511.8699951171875,513.5,835300,0.0,0.0
2015-09-01 00:00:00-04:00,499.2900085449219,510.989990234375,494.2900085449219,496.4200134277344,899200,0.0,0.0
2015-09-02 00:00:00-04:00,503.7099914550781,518.989990234375,493.75,518.780029296875,748500,0.0,0.0
2015-09-03 00:00:00-04:00,523.4500122070312,523.6400146484375,506.8299865722656,508.510009765625,608100,0.0,0.0
2015-09-04 00:00:00-04:00,500.510009765625,507.9700012207031,498.9800109863281,499.989990234375,806700,0.0,0.0
2015-09-08 00:00:00-04:00,514.8800048828125,543.1900024414062,510.1300048828125,542.760009765625,1242200,0.0,0.0
2015-09-09 00:00:00-04:00,549.280029296875,549.989990234375,520.2899780273438,527.3499755859375,567700,0.0,0.0
2015-09-10 00:00:00-04:00,525.6599731445312,536.4299926757812,524.3599853515625,531.219970703125,522500,0.0,0.0
2015-09-11 00:00:00-04:00,528.4099731445312,533.2999877929688,524.72998046875,533.2999877929688,518800,0.0,0.0
2015-09-14 00:00:00-04:00,533.469970703125,535.0399780273438,524.8599853515625,531.4000244140625,345000,0.0,0.0
2015-09-15 00:00:00-04:00,531.4000244140625,542.989990234375,527.010009765625,541.4500122070312,464500,0.0,0.0
2015-09-16 00:00:00-04:00,541.0,545.0,533.6199951171875,540.989990234375,447600,0.0,0.0
2015-09-17 00:00:00-04:00,538.02001953125,556.3099975585938,537.9500122070312,550.969970703125,818600,0.0,0.0
2015-09-18 00:00:00-04:00,547.989990234375,554.0,542.989990234375,550.3599853515625,1191600,0.0,0.0
2015-09-21 00:00:00-04:00,551.5499877929688,557.8699951171875,522.1199951171875,529.3800048828125,888600,0.0,0.0
2015-09-22 00:00:00-04:00,521.2999877929688,531.4400024414062,519.5700073242188,530.1799926757812,924700,0.0,0.0
2015-09-23 00:00:00-04:00,531.489990234375,541.2999877929688,522.5800170898438,536.5,990000,0.0,0.0
2015-09-24 00:00:00-04:00,532.010009765625,534.9199829101562,515.6599731445312,522.0,1050400,0.0,0.0
2015-09-25 00:00:00-04:00,529.239990234375,529.5,480.0799865722656,490.6700134277344,1522800,0.0,0.0
2015-09-28 00:00:00-04:00,491.010009765625,492.4200134277344,435.5199890136719,453.9800109863281,3128600,0.0,0.0
2015-09-29 00:00:00-04:00,444.5899963378906,477.3699951171875,441.3800048828125,451.82000732421875,1621200,0.0,0.0
2015-09-30 00:00:00-04:00,460.5799865722656,474.8399963378906,454.9700012207031,465.1400146484375,1452200,0.0,0.0
2015-10-01 00:00:00-04:00,464.010009765625,473.510009765625,456.32000732421875,472.9700012207031,877100,0.0,0.0
2015-10-02 00:00:00-04:00,458.04998779296875,479.2900085449219,452.1499938964844,479.07000732421875,1159600,0.0,0.0
2015-10-05 00:00:00-04:00,484.1000061035156,489.0,464.0,473.1400146484375,915000,0.0,0.0
2015-10-06 00:00:00-04:00,468.0,476.8900146484375,448.1000061035156,459.82000732421875,1114300,0.0,0.0
2015-10-07 00:00:00-04:00,463.3900146484375,486.0799865722656,456.8800048828125,485.760009765625,1271000,0.0,0.0
2015-10-08 00:00:00-04:00,482.7799987792969,496.67999267578125,468.5400085449219,491.2099914550781,840200,0.0,0.0
2015-10-09 00:00:00-04:00,494.0199890136719,504.9800109863281,487.239990234375,503.9200134277344,899300,0.0,0.0
2015-10-12 00:00:00-04:00,521.2100219726562,531.8699951171875,514.27001953125,526.8300170898438,1306600,0.0,0.0
2015-10-13 00:00:00-04:00,518.010009765625,525.9099731445312,506.9599914550781,508.0400085449219,984500,0.0,0.0
2015-10-14 00:00:00-04:00,509.9100036621094,523.0,502.510009765625,509.2799987792969,774700,0.0,0.0
2015-10-15 00:00:00-04:00,509.6600036621094,520.0,505.0199890136719,519.3499755859375,735300,0.0,0.0
2015-10-16 00:00:00-04:00,521.7899780273438,522.0,509.05999755859375,514.5900268554688,754600,0.0,0.0
2015-10-19 00:00:00-04:00,515.8499755859375,530.6599731445312,513.0,523.5599975585938,871000,0.0,0.0
2015-10-20 00:00:00-04:00,522.1500244140625,526.5,510.75,514.6699829101562,707800,0.0,0.0
2015-10-21 00:00:00-04:00,521.25,524.52001953125,500.6600036621094,518.530029296875,868100,0.0,0.0
2015-10-22 00:00:00-04:00,518.1199951171875,528.8800048828125,511.25,525.1099853515625,972700,0.0,0.0
2015-10-23 00:00:00-04:00,530.1900024414062,539.1099853515625,525.3099975585938,536.7000122070312,804500,0.0,0.0
2015-10-26 00:00:00-04:00,537.7000122070312,550.8900146484375,534.8599853515625,545.8699951171875,709600,0.0,0.0
2015-10-27 00:00:00-04:00,545.1599731445312,568.3800048828125,545.1599731445312,567.7899780273438,898400,0.0,0.0
2015-10-28 00:00:00-04:00,561.6500244140625,571.1599731445312,553.6199951171875,571.1400146484375,890200,0.0,0.0
2015-10-29 00:00:00-04:00,568.5599975585938,578.0,559.0,560.02001953125,693300,0.0,0.0
2015-10-30 00:00:00-04:00,562.3300170898438,565.6599731445312,552.5,557.3900146484375,731900,0.0,0.0
2015-11-02 00:00:00-05:00,568.2899780273438,580.97998046875,560.2000122070312,579.0,993800,0.0,0.0
2015-11-03 00:00:00-05:00,581.0,581.0,564.5,578.0,944500,0.0,0.0
2015-11-04 00:00:00-05:00,578.010009765625,588.0499877929688,549.5,564.0,1526500,0.0,0.0
2015-11-05 00:00:00-05:00,564.9400024414062,574.25,561.0,564.1599731445312,1035500,0.0,0.0
2015-11-06 00:00:00-05:00,561.030029296875,566.0800170898438,552.8900146484375,562.0,666200,0.0,0.0
2015-11-09 00:00:00-05:00,560.8300170898438,564.5599975585938,555.8200073242188,558.52001953125,658100,0.0,0.0
2015-11-10 00:00:00-05:00,559.0,565.5,551.010009765625,564.8599853515625,570200,0.0,0.0
2015-11-11 00:00:00-05:00,567.5,571.75,560.1500244140625,566.4099731445312,597400,0.0,0.0
2015-11-12 00:00:00-05:00,566.02001953125,566.3699951171875,551.510009765625,552.530029296875,579400,0.0,0.0
2015-11-13 00:00:00-05:00,551.1900024414062,557.25,545.1199951171875,548.9000244140625,548700,0.0,0.0
2015-11-16 00:00:00-05:00,550.260009765625,559.1799926757812,545.2000122070312,558.3800048828125,574000,0.0,0.0
2015-11-17 00:00:00-05:00,559.4400024414062,573.3499755859375,556.7899780273438,570.9099731445312,692000,0.0,0.0
2015-11-18 00:00:00-05:00,571.4000244140625,588.97998046875,571.4000244140625,587.0900268554688,708000,0.0,0.0
2015-11-19 00:00:00-05:00,587.0,592.5900268554688,580.5800170898438,581.3499755859375,584800,0.0,0.0
2015-11-20 00:00:00-05:00,583.9500122070312,587.3800048828125,576.5900268554688,579.5700073242188,745700,0.0,0.0
2015-11-23 00:00:00-05:00,575.989990234375,584.5900268554688,567.0599975585938,570.8499755859375,856900,0.0,0.0
2015-11-24 00:00:00-05:00,567.0499877929688,569.9299926757812,560.530029296875,567.469970703125,673900,0.0,0.0
2015-11-25 00:00:00-05:00,567.9600219726562,572.9400024414062,560.0,561.6900024414062,774100,0.0,0.0
2015-11-27 00:00:00-05:00,564.0800170898438,566.52001953125,559.25,563.0999755859375,466600,0.0,0.0
2015-11-30 00:00:00-05:00,563.989990234375,565.6799926757812,540.260009765625,544.5,866500,0.0,0.0
2015-12-01 00:00:00-05:00,549.25,550.3200073242188,536.2999877929688,545.739990234375,651400,0.0,0.0
2015-12-02 00:00:00-05:00,545.010009765625,555.8800048828125,541.2000122070312,546.8800048828125,698800,0.0,0.0
2015-12-03 00:00:00-05:00,547.5900268554688,549.989990234375,534.1300048828125,535.72998046875,748300,0.0,0.0
2015-12-04 00:00:00-05:00,538.0900268554688,559.2999877929688,538.010009765625,558.6599731445312,621600,0.0,0.0
2015-12-07 00:00:00-05:00,559.6599731445312,560.1500244140625,544.5599975585938,546.6099853515625,491200,0.0,0.0
2015-12-08 00:00:00-05:00,542.8699951171875,558.0,540.0,556.3300170898438,440500,0.0,0.0
2015-12-09 00:00:00-05:00,553.760009765625,562.8599853515625,543.0,547.3900146484375,566000,0.0,0.0
2015-12-10 00:00:00-05:00,547.239990234375,551.6900024414062,542.5499877929688,548.1699829101562,554400,0.0,0.0
2015-12-11 00:00:00-05:00,538.9000244140625,547.5,532.5,534.510009765625,699500,0.0,0.0
2015-12-14 00:00:00-05:00,537.1400146484375,540.4299926757812,527.0499877929688,539.9400024414062,630500,0.0,0.0
2015-12-15 00:00:00-05:00,543.4199829101562,557.1500244140625,540.0,556.4500122070312,782600,0.0,0.0
2015-12-16 00:00:00-05:00,559.0900268554688,563.7899780273438,547.5499877929688,559.6699829101562,741100,0.0,0.0
2015-12-17 00:00:00-05:00,560.0,563.030029296875,551.2000122070312,551.489990234375,618900,0.0,0.0
2015-12-18 00:00:00-05:00,548.3400268554688,552.030029296875,542.1500244140625,544.22998046875,1188300,0.0,0.0
2015-12-21 00:00:00-05:00,545.9500122070312,547.0900268554688,528.280029296875,532.5499877929688,863300,0.0,0.0
2015-12-22 00:00:00-05:00,535.5900268554688,539.6099853515625,526.260009765625,528.3400268554688,621800,0.0,0.0
2015-12-23 00:00:00-05:00,531.0599975585938,537.47998046875,528.4099731445312,535.8499755859375,415300,0.0,0.0
2015-12-24 00:00:00-05:00,535.5599975585938,539.8499755859375,534.1099853515625,537.6300048828125,169400,0.0,0.0
2015-12-28 00:00:00-05:00,536.4500122070312,540.719970703125,531.5800170898438,540.280029296875,351000,0.0,0.0
2015-12-29 00:00:00-05:00,542.280029296875,553.75,541.760009765625,550.2100219726562,519700,0.0,0.0
2015-12-30 00:00:00-05:00,550.5399780273438,551.8800048828125,544.6900024414062,548.1900024414062,297400,0.0,0.0
2015-12-31 00:00:00-05:00,542.6199951171875,550.6599731445312,542.6199951171875,542.8699951171875,310500,0.0,0.0
2016-01-04 00:00:00-05:00,531.760009765625,532.9099731445312,507.1000061035156,516.5499877929688,1025800,0.0,0.0
2016-01-05 00:00:00-05:00,519.3800048828125,521.780029296875,504.05999755859375,508.9800109863281,889300,0.0,0.0
2016-01-06 00:00:00-05:00,499.0,524.6699829101562,496.0,519.47998046875,887600,0.0,0.0
2016-01-07 00:00:00-05:00,510.5,515.3499755859375,501.9100036621094,501.9599914550781,931000,0.0,0.0
2016-01-08 00:00:00-05:00,505.0199890136719,511.30999755859375,490.989990234375,491.67999267578125,793100,0.0,0.0
2016-01-11 00:00:00-05:00,495.04998779296875,498.70001220703125,469.79998779296875,480.82000732421875,863000,0.0,0.0
2016-01-12 00:00:00-05:00,486.0,486.989990234375,452.6700134277344,474.9800109863281,1717700,0.0,0.0
2016-01-13 00:00:00-05:00,474.8500061035156,474.8500061035156,451.3900146484375,459.57000732421875,1396900,0.0,0.0
2016-01-14 00:00:00-05:00,461.8500061035156,486.5199890136719,453.1600036621094,479.0799865722656,1193300,0.0,0.0
2016-01-15 00:00:00-05:00,464.5899963378906,476.239990234375,456.0,462.95001220703125,1350700,0.0,0.0
2016-01-19 00:00:00-05:00,470.20001220703125,474.44000244140625,441.8800048828125,447.0199890136719,1219300,0.0,0.0
2016-01-20 00:00:00-05:00,438.5299987792969,468.82000732421875,432.04998779296875,461.95001220703125,1229400,0.0,0.0
2016-01-21 00:00:00-05:00,462.1600036621094,469.9800109863281,452.010009765625,461.57000732421875,889900,0.0,0.0
2016-01-22 00:00:00-05:00,469.42999267578125,484.57000732421875,464.2300109863281,482.989990234375,820500,0.0,0.0
2016-01-25 00:00:00-05:00,468.5299987792969,482.2699890136719,465.1099853515625,473.1199951171875,920200,0.0,0.0
2016-01-26 00:00:00-05:00,474.3999938964844,474.3999938964844,456.25,463.55999755859375,608200,0.0,0.0
2016-01-27 00:00:00-05:00,460.6300048828125,463.239990234375,431.510009765625,434.1600036621094,1225800,0.0,0.0
2016-01-28 00:00:00-05:00,436.0,436.70001220703125,400.0,415.1099853515625,2297300,0.0,0.0
2016-01-29 00:00:00-05:00,415.2200012207031,428.9100036621094,405.05999755859375,420.0899963378906,1148200,0.0,0.0
2016-02-01 00:00:00-05:00,417.19000244140625,420.7699890136719,408.4200134277344,418.2699890136719,1000200,0.0,0.0
2016-02-02 00:00:00-05:00,412.67999267578125,415.6300048828125,402.2300109863281,409.8900146484375,887500,0.0,0.0
2016-02-03 00:00:00-05:00,413.04998779296875,422.489990234375,392.3500061035156,421.010009765625,1248400,0.0,0.0
2016-02-04 00:00:00-05:00,417.1700134277344,437.5299987792969,408.1199951171875,412.5899963378906,1284700,0.0,0.0
2016-02-05 00:00:00-05:00,416.1000061035156,420.5299987792969,393.07000732421875,396.6099853515625,1432700,0.0,0.0
2016-02-08 00:00:00-05:00,380.70001220703125,393.6400146484375,376.6099853515625,390.5299987792969,1225600,0.0,0.0
2016-02-09 00:00:00-05:00,357.0,388.0,350.260009765625,365.9700012207031,2112300,0.0,0.0
2016-02-10 00:00:00-05:00,370.0199890136719,378.19000244140625,363.0,367.4800109863281,1232400,0.0,0.0
2016-02-11 00:00:00-05:00,358.29998779296875,375.9800109863281,357.010009765625,367.239990234375,941800,0.0,0.0
2016-02-12 00:00:00-05:00,371.3599853515625,379.0400085449219,365.1300048828125,379.010009765625,728200,0.0,0.0
2016-02-16 00:00:00-05:00,386.3999938964844,393.95001220703125,382.2200012207031,391.760009765625,1094000,0.0,0.0
2016-02-17 00:00:00-05:00,393.7300109863281,398.75,385.0,397.260009765625,842300,0.0,0.0
2016-02-18 00:00:00-05:00,395.6499938964844,405.0,386.010009765625,387.29998779296875,729500,0.0,0.0
2016-02-19 00:00:00-05:00,386.45001220703125,396.239990234375,380.0199890136719,394.9800109863281,604800,0.0,0.0
2016-02-22 00:00:00-05:00,399.04998779296875,405.7099914550781,394.3900146484375,395.7900085449219,773800,0.0,0.0
2016-02-23 00:00:00-05:00,392.0,399.69000244140625,386.0799865722656,386.8299865722656,617500,0.0,0.0
2016-02-24 00:00:00-05:00,383.69000244140625,394.75,377.29998779296875,393.6300048828125,713700,0.0,0.0
2016-02-25 00:00:00-05:00,396.3599853515625,402.80999755859375,390.489990234375,393.989990234375,671900,0.0,0.0
2016-02-26 00:00:00-05:00,396.9200134277344,398.6000061035156,387.6400146484375,394.2300109863281,594500,0.0,0.0
2016-02-29 00:00:00-05:00,396.239990234375,397.1199951171875,383.05999755859375,384.0199890136719,794000,0.0,0.0
2016-03-01 00:00:00-05:00,387.8599853515625,410.2099914550781,384.0199890136719,410.2099914550781,921000,0.0,0.0
2016-03-02 00:00:00-05:00,410.0,419.0,405.260009765625,407.80999755859375,781900,0.0,0.0
2016-03-03 00:00:00-05:00,406.2300109863281,409.44000244140625,395.2099914550781,401.94000244140625,780400,0.0,0.0
2016-03-04 00:00:00-05:00,404.54998779296875,413.8500061035156,395.95001220703125,403.82000732421875,791700,0.0,0.0
2016-03-07 00:00:00-05:00,401.7900085449219,411.239990234375,399.6099853515625,408.2799987792969,629200,0.0,0.0
2016-03-08 00:00:00-05:00,405.3999938964844,408.2900085449219,392.6600036621094,394.80999755859375,709100,0.0,0.0
2016-03-09 00:00:00-05:00,388.5299987792969,389.6099853515625,373.79998779296875,374.75,1593600,0.0,0.0
2016-03-10 00:00:00-05:00,376.8800048828125,380.5899963378906,373.6300048828125,377.55999755859375,1256200,0.0,0.0
2016-03-11 00:00:00-05:00,382.6700134277344,383.5799865722656,375.5299987792969,377.1199951171875,833200,0.0,0.0
2016-03-14 00:00:00-04:00,378.54998779296875,379.1000061035156,370.6499938964844,373.2699890136719,1077700,0.0,0.0
2016-03-15 00:00:00-04:00,369.9599914550781,372.2799987792969,359.1700134277344,367.2200012207031,1037400,0.0,0.0
2016-03-16 00:00:00-04:00,367.0,381.0,360.0,368.4599914550781,1097200,0.0,0.0
2016-03-17 00:00:00-04:00,366.30999755859375,369.5,348.9599914550781,365.4700012207031,1498900,0.0,0.0
2016-03-18 00:00:00-04:00,367.6400146484375,370.4100036621094,356.75,364.510009765625,1583500,0.0,0.0
2016-03-21 00:00:00-04:00,363.8599853515625,375.9200134277344,360.5299987792969,371.0400085449219,771800,0.0,0.0
2016-03-22 00:00:00-04:00,367.9100036621094,380.82000732421875,367.25,378.30999755859375,724500,0.0,0.0
2016-03-23 00:00:00-04:00,378.8500061035156,384.30999755859375,365.1400146484375,365.3800048828125,694500,0.0,0.0
2016-03-24 00:00:00-04:00,363.4599914550781,375.3800048828125,360.3800048828125,370.79998779296875,1047500,0.0,0.0
2016-03-28 00:00:00-04:00,372.9800109863281,374.9200134277344,363.32000732421875,363.8500061035156,475700,0.0,0.0
2016-03-29 00:00:00-04:00,363.8900146484375,369.6400146484375,357.3399963378906,367.3699951171875,663500,0.0,0.0
2016-03-30 00:00:00-04:00,369.7200012207031,373.989990234375,359.1499938964844,359.67999267578125,699300,0.0,0.0
2016-03-31 00:00:00-04:00,361.0199890136719,364.8399963378906,358.6300048828125,360.44000244140625,930100,0.0,0.0
2016-04-01 00:00:00-04:00,373.989990234375,411.9800109863281,360.80999755859375,405.25,3184700,0.0,0.0
2016-04-04 00:00:00-04:00,403.69000244140625,411.3299865722656,399.05999755859375,405.29998779296875,1205200,0.0,0.0
2016-04-05 00:00:00-04:00,401.8500061035156,411.8500061035156,399.2900085449219,403.6499938964844,1025800,0.0,0.0
2016-04-06 00:00:00-04:00,404.2099914550781,428.04998779296875,404.2099914550781,427.20001220703125,1478400,0.0,0.0
2016-04-07 00:00:00-04:00,425.0,433.92999267578125,417.0199890136719,418.4800109863281,1239300,0.0,0.0
2016-04-08 00:00:00-04:00,420.8999938964844,424.0,401.70001220703125,404.94000244140625,1223100,0.0,0.0
2016-04-11 00:00:00-04:00,407.3699951171875,407.3699951171875,392.9200134277344,396.1400146484375,1084700,0.0,0.0
2016-04-12 00:00:00-04:00,396.3299865722656,410.489990234375,394.20001220703125,408.07000732421875,1047300,0.0,0.0
2016-04-13 00:00:00-04:00,411.239990234375,415.0,406.0,410.5199890136719,606100,0.0,0.0
2016-04-14 00:00:00-04:00,412.1600036621094,414.5899963378906,401.80999755859375,406.8299865722656,452200,0.0,0.0
2016-04-15 00:00:00-04:00,408.8599853515625,409.7699890136719,400.8900146484375,406.7300109863281,469500,0.0,0.0
2016-04-18 00:00:00-04:00,407.3800048828125,423.95001220703125,405.5899963378906,422.3800048828125,952000,0.0,0.0
2016-04-19 00:00:00-04:00,421.3800048828125,422.3699951171875,411.3999938964844,413.7799987792969,688300,0.0,0.0
2016-04-20 00:00:00-04:00,406.2099914550781,406.8999938964844,396.0,399.75,979000,0.0,0.0
2016-04-21 00:00:00-04:00,400.69000244140625,411.8299865722656,398.0,409.57000732421875,735500,0.0,0.0
2016-04-22 00:00:00-04:00,406.6099853515625,411.5799865722656,394.5,404.3800048828125,849400,0.0,0.0
2016-04-25 00:00:00-04:00,408.2099914550781,408.94000244140625,403.260009765625,406.9200134277344,376400,0.0,0.0
2016-04-26 00:00:00-04:00,406.7699890136719,411.4100036621094,404.3299865722656,406.6600036621094,430200,0.0,0.0
2016-04-27 00:00:00-04:00,406.9100036621094,406.9100036621094,386.3599853515625,390.2799987792969,975000,0.0,0.0
2016-04-28 00:00:00-04:00,387.1099853515625,401.7799987792969,385.0,391.29998779296875,923800,0.0,0.0
2016-04-29 00:00:00-04:00,388.6300048828125,393.0,373.1400146484375,376.7099914550781,889000,0.0,0.0
2016-05-02 00:00:00-04:00,377.95001220703125,385.0,369.07000732421875,384.5199890136719,729500,0.0,0.0
2016-05-03 00:00:00-04:00,379.6199951171875,381.7300109863281,370.7699890136719,371.32000732421875,729200,0.0,0.0
2016-05-04 00:00:00-04:00,370.05999755859375,371.0899963378906,360.25,360.6400146484375,1008800,0.0,0.0
2016-05-05 00:00:00-04:00,377.1300048828125,381.6099853515625,369.1099853515625,377.7300109863281,1500300,0.0,0.0
2016-05-06 00:00:00-04:00,376.3599853515625,377.42999267578125,365.92999267578125,369.95001220703125,884800,0.0,0.0
2016-05-09 00:00:00-04:00,370.20001220703125,381.32000732421875,370.20001220703125,375.4700012207031,946100,0.0,0.0
2016-05-10 00:00:00-04:00,377.9599914550781,387.0899963378906,374.3800048828125,385.8699951171875,741400,0.0,0.0
2016-05-11 00:00:00-04:00,385.05999755859375,386.2900085449219,371.4599914550781,371.8599853515625,706700,0.0,0.0
2016-05-12 00:00:00-04:00,373.04998779296875,375.0,362.3900146484375,365.6400146484375,979600,0.0,0.0
2016-05-13 00:00:00-04:00,364.55999755859375,371.6700134277344,361.6400146484375,369.4599914550781,1159200,0.0,0.0
2016-05-16 00:00:00-04:00,380.0,394.4700012207031,378.6600036621094,391.95001220703125,1304300,0.0,0.0
2016-05-17 00:00:00-04:00,392.989990234375,393.5,382.7799987792969,386.3800048828125,1357600,0.0,0.0
2016-05-18 00:00:00-04:00,386.0400085449219,391.489990234375,384.29998779296875,390.2799987792969,1172000,0.0,0.0
2016-05-19 00:00:00-04:00,387.1199951171875,394.010009765625,379.3299865722656,383.29998779296875,1256200,0.0,0.0
2016-05-20 00:00:00-04:00,383.3699951171875,388.0,382.04998779296875,386.0,795000,0.0,0.0
2016-05-23 00:00:00-04:00,386.4599914550781,396.989990234375,384.30999755859375,392.6400146484375,1086300,0.0,0.0
2016-05-24 00:00:00-04:00,397.2300109863281,402.4800109863281,393.30999755859375,397.70001220703125,1109100,0.0,0.0
2016-05-25 00:00:00-04:00,399.95001220703125,400.989990234375,392.9100036621094,394.489990234375,959800,0.0,0.0
2016-05-26 00:00:00-04:00,393.489990234375,394.8999938964844,388.0799865722656,393.5400085449219,733400,0.0,0.0
2016-05-27 00:00:00-04:00,398.489990234375,398.489990234375,389.6199951171875,396.2200012207031,547900,0.0,0.0
2016-05-31 00:00:00-04:00,398.3599853515625,400.4700012207031,395.0,398.92999267578125,1017400,0.0,0.0
2016-06-01 00:00:00-04:00,398.75,408.3500061035156,395.1400146484375,404.30999755859375,875100,0.0,0.0
2016-06-02 00:00:00-04:00,405.3500061035156,407.57000732421875,400.30999755859375,407.1300048828125,714100,0.0,0.0
2016-06-03 00:00:00-04:00,405.8299865722656,407.0,393.2099914550781,400.75,1153000,0.0,0.0
2016-06-06 00:00:00-04:00,401.75,404.5400085449219,396.7099914550781,403.8900146484375,594400,0.0,0.0
2016-06-07 00:00:00-04:00,400.8999938964844,402.3900146484375,394.1199951171875,394.4700012207031,664400,0.0,0.0
2016-06-08 00:00:00-04:00,394.4700012207031,394.80999755859375,383.9800109863281,388.9700012207031,844200,0.0,0.0
2016-06-09 00:00:00-04:00,386.4100036621094,392.6300048828125,381.0799865722656,381.0799865722656,660400,0.0,0.0
2016-06-10 00:00:00-04:00,379.0400085449219,379.75,369.6000061035156,372.0299987792969,891100,0.0,0.0
2016-06-13 00:00:00-04:00,371.7099914550781,375.3800048828125,366.8999938964844,367.2300109863281,855700,0.0,0.0
2016-06-14 00:00:00-04:00,366.3900146484375,371.45001220703125,359.2300109863281,366.489990234375,1020000,0.0,0.0
2016-06-15 00:00:00-04:00,368.7099914550781,376.32000732421875,366.489990234375,367.9100036621094,675000,0.0,0.0
2016-06-16 00:00:00-04:00,365.79998779296875,368.6199951171875,362.9200134277344,366.5199890136719,542900,0.0,0.0
2016-06-17 00:00:00-04:00,367.30999755859375,369.8699951171875,354.0,354.2099914550781,1163900,0.0,0.0
2016-06-20 00:00:00-04:00,359.5199890136719,362.9800109863281,352.04998779296875,352.6600036621094,783700,0.0,0.0
2016-06-21 00:00:00-04:00,354.0,354.0,342.75,345.1400146484375,1183500,0.0,0.0
2016-06-22 00:00:00-04:00,347.44000244140625,362.0,341.0,351.9200134277344,1797900,0.0,0.0
2016-06-23 00:00:00-04:00,355.5899963378906,358.7699890136719,352.2300109863281,357.1400146484375,701600,0.0,0.0
2016-06-24 00:00:00-04:00,341.70001220703125,350.0899963378906,338.69000244140625,339.4800109863281,1288300,0.0,0.0
2016-06-27 00:00:00-04:00,335.8399963378906,341.739990234375,329.0899963378906,331.04998779296875,1475900,0.0,0.0
2016-06-28 00:00:00-04:00,334.4700012207031,340.42999267578125,332.9700012207031,339.7799987792969,806000,0.0,0.0
2016-06-29 00:00:00-04:00,343.2799987792969,351.20001220703125,342.4200134277344,347.8599853515625,1081000,0.0,0.0
2016-06-30 00:00:00-04:00,349.54998779296875,350.239990234375,344.75,349.2300109863281,781000,0.0,0.0
2016-07-01 00:00:00-04:00,349.0,359.8900146484375,348.42999267578125,358.5,777100,0.0,0.0
2016-07-05 00:00:00-04:00,362.25,363.17999267578125,355.5,359.6099853515625,652500,0.0,0.0
2016-07-06 00:00:00-04:00,357.8999938964844,372.44000244140625,355.6099853515625,371.57000732421875,1031200,0.0,0.0
2016-07-07 00:00:00-04:00,370.8699951171875,372.2900085449219,364.07000732421875,371.45001220703125,975400,0.0,0.0
2016-07-08 00:00:00-04:00,372.6000061035156,378.8500061035156,370.2099914550781,378.3500061035156,692400,0.0,0.0
2016-07-11 00:00:00-04:00,380.5400085449219,381.4700012207031,375.489990234375,375.739990234375,581800,0.0,0.0
2016-07-12 00:00:00-04:00,377.0,379.45001220703125,368.3800048828125,368.75,740200,0.0,0.0
2016-07-13 00:00:00-04:00,370.45001220703125,372.42999267578125,364.3599853515625,364.5,624300,0.0,0.0
2016-07-14 00:00:00-04:00,367.0199890136719,367.0199890136719,360.05999755859375,365.2699890136719,743700,0.0,0.0
2016-07-15 00:00:00-04:00,367.8800048828125,375.20001220703125,363.45001220703125,373.80999755859375,1242400,0.0,0.0
2016-07-18 00:00:00-04:00,374.79998779296875,382.3900146484375,370.9200134277344,381.5400085449219,763100,0.0,0.0
2016-07-19 00:00:00-04:00,381.5299987792969,382.95001220703125,374.1400146484375,377.1499938964844,605700,0.0,0.0
2016-07-20 00:00:00-04:00,377.4800109863281,386.9700012207031,375.44000244140625,384.70001220703125,630800,0.0,0.0
2016-07-21 00:00:00-04:00,386.25,395.4200134277344,385.6199951171875,389.5199890136719,782600,0.0,0.0
2016-07-22 00:00:00-04:00,391.3999938964844,392.6000061035156,387.42999267578125,391.3399963378906,477800,0.0,0.0
2016-07-25 00:00:00-04:00,391.0299987792969,395.1199951171875,387.54998779296875,394.8999938964844,386100,0.0,0.0
2016-07-26 00:00:00-04:00,393.0,398.6499938964844,390.010009765625,398.2699890136719,593700,0.0,0.0
2016-07-27 00:00:00-04:00,399.6400146484375,416.0,399.0,415.0899963378906,1001900,0.0,0.0
2016-07-28 00:00:00-04:00,413.80999755859375,413.9700012207031,405.5400085449219,411.0400085449219,623800,0.0,0.0
2016-07-29 00:00:00-04:00,411.3299865722656,425.8800048828125,409.989990234375,425.1199951171875,1370500,0.0,0.0
2016-08-01 00:00:00-04:00,425.0899963378906,439.0,424.010009765625,434.0,1405500,0.0,0.0
2016-08-02 00:00:00-04:00,435.2699890136719,437.8500061035156,427.0899963378906,434.8999938964844,1250800,0.0,0.0
2016-08-03 00:00:00-04:00,434.70001220703125,442.2900085449219,433.55999755859375,441.3699951171875,1102800,0.0,0.0
2016-08-04 00:00:00-04:00,443.2900085449219,443.989990234375,417.5,433.3999938964844,2026900,0.0,0.0
2016-08-05 00:00:00-04:00,430.3500061035156,433.3999938964844,422.0,423.0,1111500,0.0,0.0
2016-08-08 00:00:00-04:00,422.42999267578125,429.05999755859375,418.3599853515625,421.0400085449219,828600,0.0,0.0
2016-08-09 00:00:00-04:00,420.2200012207031,423.2200012207031,417.75,419.239990234375,491100,0.0,0.0
2016-08-10 00:00:00-04:00,418.989990234375,419.5299987792969,412.5,415.4800109863281,468100,0.0,0.0
2016-08-11 00:00:00-04:00,416.0199890136719,423.44000244140625,415.0199890136719,421.3500061035156,372600,0.0,0.0
2016-08-12 00:00:00-04:00,419.6499938964844,422.3599853515625,415.0,421.5400085449219,296600,0.0,0.0
2016-08-15 00:00:00-04:00,422.75,425.9200134277344,422.25,422.8699951171875,368200,0.0,0.0
2016-08-16 00:00:00-04:00,422.1600036621094,422.1600036621094,413.0,413.6400146484375,529900,0.0,0.0
2016-08-17 00:00:00-04:00,415.25,415.82000732421875,409.0,411.67999267578125,460700,0.0,0.0
2016-08-18 00:00:00-04:00,412.54998779296875,413.3299865722656,407.5,410.8699951171875,641800,0.0,0.0
2016-08-19 00:00:00-04:00,409.3399963378906,410.5,403.5799865722656,404.29998779296875,701700,0.0,0.0
2016-08-22 00:00:00-04:00,406.80999755859375,422.4700012207031,405.1000061035156,418.6499938964844,907500,0.0,0.0
2016-08-23 00:00:00-04:00,420.1499938964844,425.0,418.3599853515625,420.6099853515625,452200,0.0,0.0
2016-08-24 00:00:00-04:00,419.6099853515625,424.95001220703125,403.5,405.25,605200,0.0,0.0
2016-08-25 00:00:00-04:00,404.9700012207031,410.8800048828125,392.489990234375,400.25,830500,0.0,0.0
2016-08-26 00:00:00-04:00,400.0,407.0400085449219,396.2099914550781,402.9700012207031,663500,0.0,0.0
2016-08-29 00:00:00-04:00,405.1499938964844,405.989990234375,396.5799865722656,399.3800048828125,554900,0.0,0.0
2016-08-30 00:00:00-04:00,398.3800048828125,402.3599853515625,394.4200134277344,395.2200012207031,526900,0.0,0.0
2016-08-31 00:00:00-04:00,396.010009765625,397.2699890136719,390.0199890136719,392.54998779296875,568900,0.0,0.0
2016-09-01 00:00:00-04:00,394.75,394.75,390.5,393.3999938964844,478500,0.0,0.0
2016-09-02 00:00:00-04:00,393.25,393.9700012207031,387.0199890136719,388.6400146484375,744400,0.0,0.0
2016-09-06 00:00:00-04:00,390.94000244140625,401.3999938964844,390.1499938964844,398.30999755859375,1167000,0.0,0.0
2016-09-07 00:00:00-04:00,397.7200012207031,401.760009765625,395.6499938964844,399.8900146484375,819800,0.0,0.0
2016-09-08 00:00:00-04:00,398.2799987792969,404.0,396.6300048828125,401.8299865722656,672100,0.0,0.0
2016-09-09 00:00:00-04:00,398.0,399.8299865722656,384.010009765625,384.42999267578125,929200,0.0,0.0
2016-09-12 00:00:00-04:00,384.29998779296875,399.57000732421875,384.2699890136719,399.510009765625,756800,0.0,0.0
2016-09-13 00:00:00-04:00,394.3399963378906,396.17999267578125,387.0,390.989990234375,768200,0.0,0.0
2016-09-14 00:00:00-04:00,391.70001220703125,401.79998779296875,391.70001220703125,397.55999755859375,655800,0.0,0.0
2016-09-15 00:00:00-04:00,396.55999755859375,404.9800109863281,394.8699951171875,402.75,805500,0.0,0.0
2016-09-16 00:00:00-04:00,403.75,411.0,400.3699951171875,408.6300048828125,1311800,0.0,0.0
2016-09-19 00:00:00-04:00,409.8599853515625,411.04998779296875,401.45001220703125,402.8299865722656,581000,0.0,0.0
2016-09-20 00:00:00-04:00,406.4700012207031,407.2900085449219,400.2300109863281,406.239990234375,626900,0.0,0.0
2016-09-21 00:00:00-04:00,407.44000244140625,410.3900146484375,398.5799865722656,406.5199890136719,751400,0.0,0.0
2016-09-22 00:00:00-04:00,408.7900085449219,408.95001220703125,402.0199890136719,408.010009765625,621500,0.0,0.0
2016-09-23 00:00:00-04:00,405.57000732421875,413.6199951171875,405.57000732421875,410.3900146484375,688600,0.0,0.0
2016-09-26 00:00:00-04:00,410.0,410.0,401.1000061035156,404.1199951171875,658600,0.0,0.0
2016-09-27 00:00:00-04:00,405.1199951171875,421.95001220703125,402.3699951171875,421.45001220703125,964500,0.0,0.0
2016-09-28 00:00:00-04:00,421.8800048828125,424.3500061035156,418.2200012207031,419.1000061035156,779400,0.0,0.0
2016-09-29 00:00:00-04:00,419.04998779296875,421.7699890136719,404.6000061035156,406.3599853515625,594200,0.0,0.0
2016-09-30 00:00:00-04:00,396.44000244140625,404.9800109863281,390.55999755859375,402.0199890136719,1114300,0.0,0.0
2016-10-03 00:00:00-04:00,402.0199890136719,407.7900085449219,398.1499938964844,402.82000732421875,595100,0.0,0.0
2016-10-04 00:00:00-04:00,403.82000732421875,406.0,394.54998779296875,397.20001220703125,558300,0.0,0.0
2016-10-05 00:00:00-04:00,398.94000244140625,401.45001220703125,391.3900146484375,392.6000061035156,769400,0.0,0.0
2016-10-06 00:00:00-04:00,391.3900146484375,393.0,386.5899963378906,388.6000061035156,596900,0.0,0.0
2016-10-07 00:00:00-04:00,390.3299865722656,390.9800109863281,385.5,390.05999755859375,516300,0.0,0.0
2016-10-10 00:00:00-04:00,392.2900085449219,396.0,388.8399963378906,393.8599853515625,732000,0.0,0.0
2016-10-11 00:00:00-04:00,391.510009765625,394.69000244140625,382.17999267578125,386.04998779296875,807600,0.0,0.0
2016-10-12 00:00:00-04:00,387.5400085449219,388.79998779296875,372.0199890136719,373.4700012207031,856100,0.0,0.0
2016-10-13 00:00:00-04:00,369.6099853515625,379.9599914550781,369.0199890136719,375.7900085449219,532400,0.0,0.0
2016-10-14 00:00:00-04:00,378.3999938964844,379.1000061035156,370.6600036621094,371.67999267578125,590400,0.0,0.0
2016-10-17 00:00:00-04:00,367.79998779296875,371.5,364.5,366.7300109863281,497700,0.0,0.0
2016-10-18 00:00:00-04:00,366.4200134277344,372.8500061035156,366.07000732421875,371.5299987792969,413400,0.0,0.0
2016-10-19 00:00:00-04:00,372.6199951171875,374.5799865722656,368.07000732421875,368.3599853515625,400000,0.0,0.0
2016-10-20 00:00:00-04:00,368.9200134277344,373.9599914550781,368.29998779296875,371.239990234375,345600,0.0,0.0
2016-10-21 00:00:00-04:00,370.3599853515625,371.25,361.6700134277344,363.5299987792969,522000,0.0,0.0
2016-10-24 00:00:00-04:00,364.510009765625,367.1199951171875,358.760009765625,362.25,513900,0.0,0.0
2016-10-25 00:00:00-04:00,362.5,367.7699890136719,358.20001220703125,366.92999267578125,509300,0.0,0.0
2016-10-26 00:00:00-04:00,367.6300048828125,367.8999938964844,360.07000732421875,363.0799865722656,483700,0.0,0.0
2016-10-27 00:00:00-04:00,365.3399963378906,370.0,362.75,365.3500061035156,503800,0.0,0.0
2016-10-28 00:00:00-04:00,363.5799865722656,364.1199951171875,348.489990234375,355.8299865722656,1060600,0.0,0.0
2016-10-31 00:00:00-04:00,357.2099914550781,358.54998779296875,344.8500061035156,345.0199890136719,921500,0.0,0.0
2016-11-01 00:00:00-04:00,345.5199890136719,352.30999755859375,340.79998779296875,346.54998779296875,974900,0.0,0.0
2016-11-02 00:00:00-04:00,346.6499938964844,346.6499938964844,341.57000732421875,343.6600036621094,721900,0.0,0.0
2016-11-03 00:00:00-04:00,343.510009765625,346.42999267578125,331.95001220703125,336.010009765625,1202500,0.0,0.0
2016-11-04 00:00:00-04:00,325.6199951171875,351.75,325.3500061035156,341.3900146484375,1885100,0.0,0.0
2016-11-07 00:00:00-05:00,347.4800109863281,366.8399963378906,344.19000244140625,365.3900146484375,1347400,0.0,0.0
2016-11-08 00:00:00-05:00,362.95001220703125,374.1300048828125,361.45001220703125,367.7699890136719,1302200,0.0,0.0
2016-11-09 00:00:00-05:00,385.3500061035156,420.4599914550781,383.5,418.4200134277344,3047200,0.0,0.0
2016-11-10 00:00:00-05:00,422.0199890136719,431.260009765625,418.9599914550781,423.0,1430400,0.0,0.0
2016-11-11 00:00:00-05:00,418.4200134277344,421.7200012207031,411.1400146484375,419.7900085449219,822900,0.0,0.0
2016-11-14 00:00:00-05:00,421.2200012207031,452.9599914550781,418.8500061035156,444.5199890136719,1557100,0.0,0.0
2016-11-15 00:00:00-05:00,443.5199890136719,449.0,428.1199951171875,428.6499938964844,1118800,0.0,0.0
2016-11-16 00:00:00-05:00,428.0,430.9200134277344,419.94000244140625,420.0799865722656,815500,0.0,0.0
2016-11-17 00:00:00-05:00,406.1400146484375,410.1099853515625,398.0199890136719,404.55999755859375,1493400,0.0,0.0
2016-11-18 00:00:00-05:00,403.5400085449219,410.6400146484375,397.0199890136719,397.4800109863281,1413400,0.0,0.0
2016-11-21 00:00:00-05:00,398.9800109863281,410.0,398.3599853515625,405.4800109863281,922500,0.0,0.0
2016-11-22 00:00:00-05:00,406.25,407.92999267578125,395.2699890136719,398.9700012207031,918500,0.0,0.0
2016-11-23 00:00:00-05:00,393.6099853515625,403.3500061035156,390.239990234375,402.4100036621094,972600,0.0,0.0
2016-11-25 00:00:00-05:00,402.3399963378906,402.3399963378906,394.5,398.1600036621094,282500,0.0,0.0
2016-11-28 00:00:00-05:00,397.1099853515625,398.3299865722656,389.45001220703125,390.3800048828125,729800,0.0,0.0
2016-11-29 00:00:00-05:00,391.7699890136719,394.489990234375,386.5400085449219,387.260009765625,752200,0.0,0.0
2016-11-30 00:00:00-05:00,387.17999267578125,388.2799987792969,377.1499938964844,379.239990234375,965600,0.0,0.0
2016-12-01 00:00:00-05:00,379.4800109863281,381.9700012207031,374.4200134277344,375.55999755859375,824200,0.0,0.0
2016-12-02 00:00:00-05:00,375.8500061035156,378.5,371.32000732421875,372.7099914550781,723600,0.0,0.0
2016-12-05 00:00:00-05:00,375.1000061035156,377.8900146484375,369.04998779296875,369.82000732421875,661700,0.0,0.0
2016-12-06 00:00:00-05:00,371.5899963378906,371.7699890136719,365.32000732421875,368.95001220703125,725400,0.0,0.0
2016-12-07 00:00:00-05:00,365.2799987792969,366.57000732421875,348.82000732421875,362.010009765625,1681400,0.0,0.0
2016-12-08 00:00:00-05:00,361.79998779296875,370.489990234375,359.5,369.1499938964844,973000,0.0,0.0
2016-12-09 00:00:00-05:00,371.1300048828125,379.5,369.7699890136719,372.8299865722656,1290700,0.0,0.0
2016-12-12 00:00:00-05:00,391.989990234375,396.67999267578125,387.0,387.1000061035156,1529300,0.0,0.0
2016-12-13 00:00:00-05:00,386.5,392.4599914550781,378.45001220703125,382.0,990700,0.0,0.0
2016-12-14 00:00:00-05:00,382.25,386.0,376.3999938964844,381.5,868800,0.0,0.0
2016-12-15 00:00:00-05:00,381.0899963378906,384.19000244140625,375.9800109863281,378.010009765625,543100,0.0,0.0
2016-12-16 00:00:00-05:00,379.3999938964844,386.55999755859375,377.2799987792969,378.8500061035156,1054800,0.0,0.0
2016-12-19 00:00:00-05:00,379.82000732421875,383.2799987792969,371.2699890136719,371.75,793600,0.0,0.0
2016-12-20 00:00:00-05:00,378.2699890136719,378.2699890136719,368.8599853515625,371.0199890136719,747200,0.0,0.0
2016-12-21 00:00:00-05:00,370.1600036621094,372.44000244140625,364.4800109863281,365.05999755859375,559200,0.0,0.0
2016-12-22 00:00:00-05:00,365.8800048828125,372.5,361.95001220703125,372.3800048828125,668500,0.0,0.0
2016-12-23 00:00:00-05:00,371.6700134277344,382.30999755859375,371.6499938964844,381.7799987792969,801700,0.0,0.0
2016-12-27 00:00:00-05:00,383.9100036621094,391.489990234375,382.1199951171875,385.95001220703125,790900,0.0,0.0
2016-12-28 00:00:00-05:00,387.8800048828125,387.8800048828125,376.4100036621094,378.75,545500,0.0,0.0
2016-12-29 00:00:00-05:00,378.4100036621094,379.4700012207031,372.7900085449219,373.7200012207031,383900,0.0,0.0
2016-12-30 00:00:00-05:00,375.29998779296875,375.29998779296875,364.9200134277344,367.0899963378906,614800,0.0,0.0
2017-01-03 00:00:00-05:00,370.8399963378906,384.94000244140625,368.44000244140625,379.70001220703125,1064500,0.0,0.0
2017-01-04 00:00:00-05:00,374.8699951171875,389.2200012207031,373.8500061035156,383.1099853515625,781500,0.0,0.0
2017-01-05 00:00:00-05:00,381.1499938964844,385.7200012207031,380.2200012207031,380.9200134277344,628000,0.0,0.0
2017-01-06 00:00:00-05:00,360.4800109863281,361.92999267578125,354.0,358.67999267578125,3254600,0.0,0.0
2017-01-09 00:00:00-05:00,359.2099914550781,360.3900146484375,349.239990234375,355.05999755859375,1885600,0.0,0.0
2017-01-10 00:00:00-05:00,356.0,375.94000244140625,355.20001220703125,373.0,1787200,0.0,0.0
2017-01-11 00:00:00-05:00,371.8399963378906,379.95001220703125,361.6600036621094,364.4700012207031,1655700,0.0,0.0
2017-01-12 00:00:00-05:00,362.0,367.3699951171875,358.5,364.44000244140625,663700,0.0,0.0
2017-01-13 00:00:00-05:00,364.760009765625,373.4800109863281,364.44000244140625,368.1600036621094,943800,0.0,0.0
2017-01-17 00:00:00-05:00,367.6499938964844,369.9700012207031,359.7300109863281,363.239990234375,879200,0.0,0.0
2017-01-18 00:00:00-05:00,363.70001220703125,365.95001220703125,358.92999267578125,362.95001220703125,474000,0.0,0.0
2017-01-19 00:00:00-05:00,363.20001220703125,366.29998779296875,359.9700012207031,363.4100036621094,586200,0.0,0.0
2017-01-20 00:00:00-05:00,365.6700134277344,369.75,362.07000732421875,362.55999755859375,782000,0.0,0.0
2017-01-23 00:00:00-05:00,361.9700012207031,363.5899963378906,354.1700134277344,354.3599853515625,899400,0.0,0.0
2017-01-24 00:00:00-05:00,355.0400085449219,356.44000244140625,347.0,347.9599914550781,905400,0.0,0.0
2017-01-25 00:00:00-05:00,350.0,350.75,344.80999755859375,348.92999267578125,934500,0.0,0.0
2017-01-26 00:00:00-05:00,348.739990234375,352.8800048828125,340.0899963378906,340.75,1312600,0.0,0.0
2017-01-27 00:00:00-05:00,342.3399963378906,349.9700012207031,340.9599914550781,346.5,620600,0.0,0.0
2017-01-30 00:00:00-05:00,344.8900146484375,347.0400085449219,342.1600036621094,344.5,668200,0.0,0.0
2017-01-31 00:00:00-05:00,344.04998779296875,360.0,343.5,359.2900085449219,1052500,0.0,0.0
2017-02-01 00:00:00-05:00,358.739990234375,364.79998779296875,355.010009765625,364.1700134277344,1033000,0.0,0.0
2017-02-02 00:00:00-05:00,361.1400146484375,364.80999755859375,357.8900146484375,360.55999755859375,578800,0.0,0.0
2017-02-03 00:00:00-05:00,362.42999267578125,363.25,352.0799865722656,358.260009765625,733200,0.0,0.0
2017-02-06 00:00:00-05:00,357.8599853515625,362.45001220703125,353.5899963378906,362.0,750300,0.0,0.0
2017-02-07 00:00:00-05:00,360.6099853515625,363.1000061035156,355.8900146484375,357.69000244140625,689800,0.0,0.0
2017-02-08 00:00:00-05:00,355.8800048828125,359.0,351.0299987792969,353.25,876900,0.0,0.0
2017-02-09 00:00:00-05:00,347.07000732421875,366.95001220703125,347.0,360.0,1722800,0.0,0.0
2017-02-10 00:00:00-05:00,360.95001220703125,364.3900146484375,357.3800048828125,359.8699951171875,713600,0.0,0.0
2017-02-13 00:00:00-05:00,364.2200012207031,378.4700012207031,363.20001220703125,375.6600036621094,1539100,0.0,0.0
2017-02-14 00:00:00-05:00,375.95001220703125,378.32000732421875,371.6099853515625,376.5199890136719,991900,0.0,0.0
2017-02-15 00:00:00-05:00,375.42999267578125,384.5799865722656,374.0,384.0,926300,0.0,0.0
2017-02-16 00:00:00-05:00,379.0,382.0799865722656,369.20001220703125,373.0199890136719,1276800,0.0,0.0
2017-02-17 00:00:00-05:00,372.4200134277344,375.0,369.29998779296875,371.17999267578125,775500,0.0,0.0
2017-02-21 00:00:00-05:00,372.17999267578125,375.760009765625,370.0,371.6099853515625,722600,0.0,0.0
2017-02-22 00:00:00-05:00,371.6099853515625,373.1600036621094,369.1199951171875,370.2200012207031,569200,0.0,0.0
2017-02-23 00:00:00-05:00,370.989990234375,371.2200012207031,357.2200012207031,360.9599914550781,1118900,0.0,0.0
2017-02-24 00:00:00-05:00,359.8800048828125,361.0799865722656,355.0,361.010009765625,782600,0.0,0.0
2017-02-27 00:00:00-05:00,361.1499938964844,373.3599853515625,359.94000244140625,373.04998779296875,537900,0.0,0.0
2017-02-28 00:00:00-05:00,373.29998779296875,374.9700012207031,368.4200134277344,373.5,759200,0.0,0.0
2017-03-01 00:00:00-05:00,378.0,381.9200134277344,372.5199890136719,379.04998779296875,757500,0.0,0.0
2017-03-02 00:00:00-05:00,379.04998779296875,381.989990234375,375.0,375.8599853515625,512200,0.0,0.0
2017-03-03 00:00:00-05:00,375.9800109863281,379.4599914550781,371.0,378.6600036621094,513300,0.0,0.0
2017-03-06 00:00:00-05:00,378.1300048828125,383.989990234375,376.45001220703125,381.92999267578125,1020800,0.0,0.0
2017-03-07 00:00:00-05:00,378.760009765625,382.2200012207031,370.6300048828125,372.5199890136719,890400,0.0,0.0
2017-03-08 00:00:00-05:00,373.5899963378906,382.69000244140625,373.510009765625,381.3699951171875,832700,0.0,0.0
2017-03-09 00:00:00-05:00,383.17999267578125,392.239990234375,381.42999267578125,390.1400146484375,1101000,0.0,0.0
2017-03-10 00:00:00-05:00,392.95001220703125,392.95001220703125,384.2099914550781,388.2300109863281,743500,0.0,0.0
2017-03-13 00:00:00-04:00,389.20001220703125,389.9800109863281,384.2799987792969,388.8800048828125,572700,0.0,0.0
2017-03-14 00:00:00-04:00,386.8699951171875,393.5899963378906,386.8699951171875,391.1000061035156,548200,0.0,0.0
2017-03-15 00:00:00-04:00,393.6400146484375,399.7200012207031,391.8299865722656,397.79998779296875,808200,0.0,0.0
2017-03-16 00:00:00-04:00,397.4599914550781,399.0,389.2900085449219,392.5899963378906,770900,0.0,0.0
2017-03-17 00:00:00-04:00,380.04998779296875,386.69000244140625,370.67999267578125,380.2900085449219,2839500,0.0,0.0
2017-03-20 00:00:00-04:00,380.8299865722656,385.7099914550781,377.7200012207031,382.0199890136719,576900,0.0,0.0
2017-03-21 00:00:00-04:00,382.8900146484375,383.0899963378906,370.239990234375,370.9800109863281,1224600,0.0,0.0
2017-03-22 00:00:00-04:00,373.1199951171875,374.739990234375,366.1300048828125,369.1400146484375,684600,0.0,0.0
2017-03-23 00:00:00-04:00,369.19000244140625,370.7300109863281,364.44000244140625,365.0199890136719,677100,0.0,0.0
2017-03-24 00:00:00-04:00,367.9200134277344,374.8500061035156,366.7200012207031,373.0,881400,0.0,0.0
2017-03-27 00:00:00-04:00,371.69000244140625,384.9599914550781,371.0400085449219,383.67999267578125,1385900,0.0,0.0
2017-03-28 00:00:00-04:00,383.4700012207031,388.82000732421875,376.2200012207031,382.54998779296875,1651300,0.0,0.0
2017-03-29 00:00:00-04:00,382.4599914550781,401.2099914550781,382.05999755859375,394.1400146484375,1945500,0.0,0.0
2017-03-30 00:00:00-04:00,394.8900146484375,397.2099914550781,385.82000732421875,386.17999267578125,966300,0.0,0.0
2017-03-31 00:00:00-04:00,385.75,390.0,382.6000061035156,387.510009765625,570300,0.0,0.0
2017-04-03 00:00:00-04:00,388.0,392.75,382.260009765625,383.19000244140625,994400,0.0,0.0
2017-04-04 00:00:00-04:00,383.94000244140625,386.05999755859375,379.2799987792969,382.9200134277344,681100,0.0,0.0
2017-04-05 00:00:00-04:00,382.92999267578125,384.510009765625,375.7200012207031,377.3599853515625,772200,0.0,0.0
2017-04-06 00:00:00-04:00,379.0,381.9800109863281,376.3599853515625,379.4800109863281,1119600,0.0,0.0
2017-04-07 00:00:00-04:00,379.6000061035156,381.3599853515625,375.6099853515625,380.54998779296875,741700,0.0,0.0
2017-04-10 00:00:00-04:00,380.010009765625,382.8900146484375,372.8299865722656,373.260009765625,896500,0.0,0.0
2017-04-11 00:00:00-04:00,372.5,373.8900146484375,363.989990234375,367.07000732421875,850900,0.0,0.0
2017-04-12 00:00:00-04:00,367.0,372.6000061035156,364.2300109863281,366.3299865722656,661000,0.0,0.0
2017-04-13 00:00:00-04:00,367.6099853515625,373.8699951171875,366.5,370.3699951171875,699800,0.0,0.0
2017-04-17 00:00:00-04:00,373.0,374.3599853515625,369.1099853515625,373.45001220703125,573800,0.0,0.0
2017-04-18 00:00:00-04:00,371.0400085449219,374.7200012207031,363.3900146484375,366.05999755859375,520000,0.0,0.0
2017-04-19 00:00:00-04:00,368.1199951171875,371.30999755859375,366.5199890136719,370.9599914550781,501300,0.0,0.0
2017-04-20 00:00:00-04:00,371.9200134277344,377.4800109863281,368.04998779296875,376.3999938964844,767900,0.0,0.0
2017-04-21 00:00:00-04:00,376.3999938964844,379.20001220703125,368.80999755859375,370.1199951171875,639700,0.0,0.0
2017-04-24 00:00:00-04:00,373.8299865722656,374.94000244140625,369.04998779296875,371.92999267578125,715000,0.0,0.0
2017-04-25 00:00:00-04:00,373.0899963378906,376.239990234375,370.0,372.32000732421875,711700,0.0,0.0
2017-04-26 00:00:00-04:00,372.1199951171875,375.3999938964844,369.4700012207031,371.3900146484375,516400,0.0,0.0
2017-04-27 00:00:00-04:00,370.8999938964844,371.7099914550781,360.0,366.6199951171875,1981500,0.0,0.0
2017-04-28 00:00:00-04:00,368.510009765625,393.5,368.29998779296875,388.489990234375,2179400,0.0,0.0
2017-05-01 00:00:00-04:00,388.79998779296875,399.9800109863281,388.2200012207031,396.1700134277344,1246900,0.0,0.0
2017-05-02 00:00:00-04:00,396.6499938964844,402.989990234375,392.70001220703125,402.0400085449219,884400,0.0,0.0
2017-05-03 00:00:00-04:00,402.0,408.1199951171875,400.3900146484375,407.0299987792969,1265500,0.0,0.0
2017-05-04 00:00:00-04:00,410.19000244140625,437.32000732421875,410.19000244140625,434.30999755859375,2320300,0.0,0.0
2017-05-05 00:00:00-04:00,434.7900085449219,438.4700012207031,426.3999938964844,429.0,1060600,0.0,0.0
2017-05-08 00:00:00-04:00,427.760009765625,436.4700012207031,421.8800048828125,423.3800048828125,864500,0.0,0.0
2017-05-09 00:00:00-04:00,422.8299865722656,428.7200012207031,421.54998779296875,427.17999267578125,566400,0.0,0.0
2017-05-10 00:00:00-04:00,427.1300048828125,431.739990234375,422.95001220703125,431.57000732421875,518900,0.0,0.0
2017-05-11 00:00:00-04:00,429.7900085449219,441.7099914550781,428.8500061035156,440.42999267578125,895600,0.0,0.0
2017-05-12 00:00:00-04:00,441.5400085449219,452.8800048828125,438.5899963378906,442.04998779296875,1213700,0.0,0.0
2017-05-15 00:00:00-04:00,440.3800048828125,450.7799987792969,439.6099853515625,450.4100036621094,772100,0.0,0.0
2017-05-16 00:00:00-04:00,451.7900085449219,456.739990234375,445.79998779296875,454.75,943100,0.0,0.0
2017-05-17 00:00:00-04:00,451.2900085449219,458.5799865722656,445.29998779296875,446.7200012207031,749400,0.0,0.0
2017-05-18 00:00:00-04:00,448.0,462.9599914550781,446.04998779296875,457.3299865722656,1107600,0.0,0.0
2017-05-19 00:00:00-04:00,456.05999755859375,458.489990234375,448.0,450.010009765625,996000,0.0,0.0
2017-05-22 00:00:00-04:00,448.4800109863281,464.3999938964844,448.3900146484375,460.989990234375,782200,0.0,0.0
2017-05-23 00:00:00-04:00,462.0,464.25,458.7900085449219,461.3699951171875,573900,0.0,0.0
2017-05-24 00:00:00-04:00,461.3699951171875,461.94000244140625,452.1099853515625,458.239990234375,461300,0.0,0.0
2017-05-25 00:00:00-04:00,460.0400085449219,460.0400085449219,455.0199890136719,455.70001220703125,671600,0.0,0.0
2017-05-26 00:00:00-04:00,456.70001220703125,459.25,453.3500061035156,455.1700134277344,475400,0.0,0.0
2017-05-30 00:00:00-04:00,455.1300048828125,458.4800109863281,448.0799865722656,448.6700134277344,865700,0.0,0.0
2017-05-31 00:00:00-04:00,450.32000732421875,459.29998779296875,448.0899963378906,459.05999755859375,1313800,0.0,0.0
2017-06-01 00:00:00-04:00,460.0,470.42999267578125,459.5299987792969,466.0199890136719,1204600,0.0,0.0
2017-06-02 00:00:00-04:00,466.70001220703125,484.989990234375,465.3299865722656,480.42999267578125,1717600,0.0,0.0
2017-06-05 00:00:00-04:00,483.5,489.0,476.9700012207031,480.260009765625,912800,0.0,0.0
2017-06-06 00:00:00-04:00,479.29998779296875,482.29998779296875,473.44000244140625,477.7300109863281,729400,0.0,0.0
2017-06-07 00:00:00-04:00,479.0,483.05999755859375,476.0899963378906,482.0,843900,0.0,0.0
2017-06-08 00:00:00-04:00,481.55999755859375,486.80999755859375,478.1600036621094,485.8999938964844,595200,0.0,0.0
2017-06-09 00:00:00-04:00,482.54998779296875,487.5199890136719,473.260009765625,475.7900085449219,1027200,0.0,0.0
2017-06-12 00:00:00-04:00,475.2200012207031,477.5,466.9100036621094,476.2300109863281,884600,0.0,0.0
2017-06-13 00:00:00-04:00,474.3800048828125,476.5,471.6300048828125,473.6700134277344,503700,0.0,0.0
2017-06-14 00:00:00-04:00,475.3500061035156,481.8599853515625,469.2699890136719,476.8399963378906,662500,0.0,0.0
2017-06-15 00:00:00-04:00,474.3699951171875,475.79998779296875,461.5799865722656,469.5,796800,0.0,0.0
2017-06-16 00:00:00-04:00,468.19000244140625,470.2799987792969,453.5400085449219,459.9100036621094,1658600,0.0,0.0
2017-06-19 00:00:00-04:00,462.9599914550781,474.7300109863281,456.57000732421875,471.6700134277344,807600,0.0,0.0
2017-06-20 00:00:00-04:00,477.9200134277344,504.8900146484375,474.6199951171875,495.3299865722656,2134900,0.0,0.0
2017-06-21 00:00:00-04:00,496.510009765625,525.0,495.0400085449219,522.02001953125,1743100,0.0,0.0
2017-06-22 00:00:00-04:00,525.0,543.5499877929688,521.5,526.530029296875,1843100,0.0,0.0
2017-06-23 00:00:00-04:00,511.7900085449219,519.6500244140625,500.25,517.3300170898438,1885500,0.0,0.0
2017-06-26 00:00:00-04:00,513.0,521.510009765625,506.70001220703125,515.9099731445312,1172500,0.0,0.0
2017-06-27 00:00:00-04:00,517.5499877929688,529.989990234375,500.739990234375,502.1199951171875,1447300,0.0,0.0
2017-06-28 00:00:00-04:00,506.510009765625,518.0,500.75,513.1900024414062,935100,0.0,0.0
2017-06-29 00:00:00-04:00,510.44000244140625,512.6400146484375,499.0799865722656,509.92999267578125,922100,0.0,0.0
2017-06-30 00:00:00-04:00,507.4599914550781,508.0,490.8900146484375,491.1400146484375,1267500,0.0,0.0
2017-07-03 00:00:00-04:00,494.20001220703125,498.54998779296875,484.2799987792969,487.7300109863281,603500,0.0,0.0
2017-07-05 00:00:00-04:00,490.0799865722656,499.3599853515625,489.55999755859375,497.0,823000,0.0,0.0
2017-07-06 00:00:00-04:00,491.760009765625,496.3500061035156,482.510009765625,490.19000244140625,898600,0.0,0.0
2017-07-07 00:00:00-04:00,497.510009765625,506.3900146484375,493.44000244140625,496.5,729100,0.0,0.0
2017-07-10 00:00:00-04:00,497.6099853515625,500.739990234375,489.3299865722656,499.9100036621094,888400,0.0,0.0
2017-07-11 00:00:00-04:00,498.5199890136719,502.0,489.20001220703125,492.0,829100,0.0,0.0
2017-07-12 00:00:00-04:00,496.20001220703125,499.32000732421875,489.0899963378906,496.989990234375,576500,0.0,0.0
2017-07-13 00:00:00-04:00,496.0199890136719,509.9599914550781,492.17999267578125,505.04998779296875,790000,0.0,0.0
2017-07-14 00:00:00-04:00,507.3999938964844,509.5799865722656,498.6499938964844,504.8999938964844,608100,0.0,0.0
2017-07-17 00:00:00-04:00,508.2799987792969,509.8800048828125,496.760009765625,498.1099853515625,620000,0.0,0.0
2017-07-18 00:00:00-04:00,497.6400146484375,499.9800109863281,494.3699951171875,497.6300048828125,450700,0.0,0.0
2017-07-19 00:00:00-04:00,504.989990234375,509.1400146484375,501.1000061035156,506.7900085449219,850800,0.0,0.0
2017-07-20 00:00:00-04:00,510.4700012207031,524.8900146484375,509.9200134277344,521.1300048828125,772200,0.0,0.0
2017-07-21 00:00:00-04:00,518.4600219726562,522.0,513.4000244140625,515.9199829101562,617700,0.0,0.0
2017-07-24 00:00:00-04:00,516.9400024414062,521.77001953125,510.70001220703125,521.219970703125,474400,0.0,0.0
2017-07-25 00:00:00-04:00,523.969970703125,526.1199951171875,510.739990234375,513.4500122070312,596300,0.0,0.0
2017-07-26 00:00:00-04:00,513.77001953125,518.5700073242188,510.0,515.6300048828125,369500,0.0,0.0
2017-07-27 00:00:00-04:00,515.77001953125,517.4400024414062,503.9800109863281,508.4100036621094,958100,0.0,0.0
2017-07-28 00:00:00-04:00,507.010009765625,513.4199829101562,499.0400085449219,508.7099914550781,620100,0.0,0.0
2017-07-31 00:00:00-04:00,489.6700134277344,499.1400146484375,487.1300048828125,491.6199951171875,1009000,0.0,0.0
2017-08-01 00:00:00-04:00,486.6000061035156,490.1700134277344,471.260009765625,472.0,1282100,0.0,0.0
2017-08-02 00:00:00-04:00,470.7799987792969,477.510009765625,468.30999755859375,476.82000732421875,958200,0.0,0.0
2017-08-03 00:00:00-04:00,498.1000061035156,498.5,463.29998779296875,467.1099853515625,1208800,0.0,0.0
2017-08-04 00:00:00-04:00,469.32000732421875,473.3399963378906,466.6600036621094,468.760009765625,771200,0.0,0.0
2017-08-07 00:00:00-04:00,468.7099914550781,471.760009765625,462.2099914550781,470.1000061035156,499100,0.0,0.0
2017-08-08 00:00:00-04:00,469.17999267578125,475.25,467.3500061035156,469.67999267578125,484700,0.0,0.0
2017-08-09 00:00:00-04:00,469.9599914550781,478.989990234375,465.5199890136719,474.0899963378906,980000,0.0,0.0
2017-08-10 00:00:00-04:00,470.4800109863281,472.4599914550781,459.1400146484375,460.0799865722656,573700,0.0,0.0
2017-08-11 00:00:00-04:00,462.3500061035156,467.8599853515625,459.2300109863281,466.5899963378906,496000,0.0,0.0
2017-08-14 00:00:00-04:00,469.9700012207031,476.79998779296875,466.989990234375,474.5400085449219,537400,0.0,0.0
2017-08-15 00:00:00-04:00,473.8699951171875,475.010009765625,470.489990234375,472.57000732421875,378500,0.0,0.0
2017-08-16 00:00:00-04:00,475.5799865722656,475.5799865722656,467.239990234375,468.5400085449219,383300,0.0,0.0
2017-08-17 00:00:00-04:00,469.82000732421875,470.0400085449219,461.7699890136719,464.0199890136719,711600,0.0,0.0
2017-08-18 00:00:00-04:00,461.8999938964844,470.8599853515625,460.55999755859375,467.9800109863281,549500,0.0,0.0
2017-08-21 00:00:00-04:00,467.75,472.489990234375,467.42999267578125,469.739990234375,510700,0.0,0.0
2017-08-22 00:00:00-04:00,470.0,483.0,469.20001220703125,478.6499938964844,503600,0.0,0.0
2017-08-23 00:00:00-04:00,475.0,480.8599853515625,472.32000732421875,477.1499938964844,410600,0.0,0.0
2017-08-24 00:00:00-04:00,477.2699890136719,488.82000732421875,474.3399963378906,485.260009765625,539000,0.0,0.0
2017-08-25 00:00:00-04:00,485.25,487.7699890136719,477.3800048828125,477.79998779296875,531000,0.0,0.0
2017-08-28 00:00:00-04:00,483.9200134277344,486.3500061035156,477.7799987792969,479.2200012207031,831200,0.0,0.0
2017-08-29 00:00:00-04:00,476.8800048828125,481.3500061035156,473.3699951171875,479.0299987792969,546200,0.0,0.0
2017-08-30 00:00:00-04:00,480.510009765625,495.8500061035156,477.9700012207031,487.1199951171875,729100,0.0,0.0
2017-08-31 00:00:00-04:00,488.3999938964844,502.4200134277344,484.0,496.8999938964844,871800,0.0,0.0
2017-09-01 00:00:00-04:00,498.239990234375,505.489990234375,497.0899963378906,504.0,699900,0.0,0.0
2017-09-05 00:00:00-04:00,499.80999755859375,503.5400085449219,489.3699951171875,494.3599853515625,657700,0.0,0.0
2017-09-06 00:00:00-04:00,499.69000244140625,503.3299865722656,492.8699951171875,500.2200012207031,441600,0.0,0.0
2017-09-07 00:00:00-04:00,489.0,489.0,467.0,471.9200134277344,1554400,0.0,0.0
2017-09-08 00:00:00-04:00,473.0,479.0299987792969,470.0,471.489990234375,760800,0.0,0.0
2017-09-11 00:00:00-04:00,451.0799865722656,454.989990234375,441.5199890136719,445.1099853515625,1984700,0.0,0.0
2017-09-12 00:00:00-04:00,448.1199951171875,448.1199951171875,440.0,444.4800109863281,880600,0.0,0.0
2017-09-13 00:00:00-04:00,445.0,445.0,433.1600036621094,437.739990234375,1062800,0.0,0.0
2017-09-14 00:00:00-04:00,436.67999267578125,443.29998779296875,429.30999755859375,441.260009765625,987700,0.0,0.0
2017-09-15 00:00:00-04:00,442.0400085449219,442.1600036621094,432.42999267578125,433.45001220703125,1002400,0.0,0.0
2017-09-18 00:00:00-04:00,433.4800109863281,439.0299987792969,430.04998779296875,434.6400146484375,672300,0.0,0.0
2017-09-19 00:00:00-04:00,433.260009765625,434.6400146484375,426.4700012207031,431.3800048828125,699300,0.0,0.0
2017-09-20 00:00:00-04:00,431.6400146484375,438.44000244140625,429.54998779296875,438.1700134277344,692600,0.0,0.0
2017-09-21 00:00:00-04:00,435.0,438.7699890136719,429.4700012207031,433.45001220703125,556900,0.0,0.0
2017-09-22 00:00:00-04:00,431.1199951171875,433.7699890136719,427.0400085449219,432.7200012207031,626300,0.0,0.0
2017-09-25 00:00:00-04:00,431.989990234375,442.8999938964844,431.6400146484375,438.1499938964844,834100,0.0,0.0
2017-09-26 00:00:00-04:00,440.3999938964844,442.79998779296875,433.32000732421875,434.9700012207031,453400,0.0,0.0
2017-09-27 00:00:00-04:00,435.6400146484375,437.6099853515625,432.5,435.42999267578125,499800,0.0,0.0
2017-09-28 00:00:00-04:00,433.2900085449219,439.0400085449219,433.2900085449219,435.1099853515625,456600,0.0,0.0
2017-09-29 00:00:00-04:00,435.2799987792969,450.2300109863281,435.2799987792969,447.1199951171875,909600,0.0,0.0
2017-10-02 00:00:00-04:00,448.30999755859375,465.0,445.4100036621094,462.239990234375,1175800,0.0,0.0
2017-10-03 00:00:00-04:00,463.0400085449219,463.0400085449219,451.260009765625,455.6300048828125,596700,0.0,0.0
2017-10-04 00:00:00-04:00,454.1000061035156,458.9200134277344,450.1099853515625,456.04998779296875,610700,0.0,0.0
2017-10-05 00:00:00-04:00,455.95001220703125,477.0,451.1000061035156,463.3999938964844,1421300,0.0,0.0
2017-10-06 00:00:00-04:00,463.3900146484375,471.0,461.9100036621094,469.95001220703125,986000,0.0,0.0
2017-10-09 00:00:00-04:00,472.510009765625,473.8599853515625,466.70001220703125,469.55999755859375,482800,0.0,0.0
2017-10-10 00:00:00-04:00,469.55999755859375,472.30999755859375,460.6600036621094,461.1300048828125,655700,0.0,0.0
2017-10-11 00:00:00-04:00,459.79998779296875,460.8500061035156,448.7099914550781,452.9700012207031,1197800,0.0,0.0
2017-10-12 00:00:00-04:00,454.0,454.5199890136719,444.20001220703125,447.1499938964844,704800,0.0,0.0
2017-10-13 00:00:00-04:00,448.5,449.739990234375,441.0400085449219,442.9599914550781,718100,0.0,0.0
2017-10-16 00:00:00-04:00,444.0,453.54998779296875,443.1099853515625,445.67999267578125,508700,0.0,0.0
2017-10-17 00:00:00-04:00,444.4100036621094,448.57000732421875,442.010009765625,442.55999755859375,644300,0.0,0.0
2017-10-18 00:00:00-04:00,443.20001220703125,444.989990234375,435.54998779296875,439.3699951171875,547600,0.0,0.0
2017-10-19 00:00:00-04:00,439.5899963378906,443.0,438.0,440.94000244140625,639300,0.0,0.0
2017-10-20 00:00:00-04:00,430.1700134277344,435.1600036621094,427.0,432.9800109863281,990100,0.0,0.0
2017-10-23 00:00:00-04:00,433.2799987792969,437.8999938964844,430.04998779296875,432.760009765625,778600,0.0,0.0
2017-10-24 00:00:00-04:00,435.5199890136719,436.75,425.6099853515625,426.510009765625,701900,0.0,0.0
2017-10-25 00:00:00-04:00,424.5299987792969,429.7300109863281,420.5199890136719,421.92999267578125,982200,0.0,0.0
2017-10-26 00:00:00-04:00,416.70001220703125,420.6099853515625,412.489990234375,416.0400085449219,852200,0.0,0.0
2017-10-27 00:00:00-04:00,413.2900085449219,416.0400085449219,406.5199890136719,409.2200012207031,1111600,0.0,0.0
2017-10-30 00:00:00-04:00,407.5299987792969,417.2200012207031,405.0,406.5199890136719,812000,0.0,0.0
2017-10-31 00:00:00-04:00,407.3999938964844,409.95001220703125,400.19000244140625,402.6199951171875,1051200,0.0,0.0
2017-11-01 00:00:00-04:00,403.80999755859375,405.5,394.55999755859375,397.0,1161000,0.0,0.0
2017-11-02 00:00:00-04:00,400.0,402.989990234375,395.45001220703125,397.45001220703125,1453300,0.0,0.0
2017-11-03 00:00:00-04:00,400.0199890136719,408.54998779296875,400.0199890136719,408.4100036621094,896600,0.0,0.0
2017-11-06 00:00:00-05:00,410.010009765625,416.8900146484375,406.5,406.6300048828125,833500,0.0,0.0
2017-11-07 00:00:00-05:00,407.260009765625,411.6700134277344,401.760009765625,404.3900146484375,786000,0.0,0.0
2017-11-08 00:00:00-05:00,418.010009765625,432.5,405.0,415.1700134277344,1310100,0.0,0.0
2017-11-09 00:00:00-05:00,409.44000244140625,414.0199890136719,396.5299987792969,406.2099914550781,941900,0.0,0.0
2017-11-10 00:00:00-05:00,405.45001220703125,405.75,398.3699951171875,404.5400085449219,770800,0.0,0.0
2017-11-13 00:00:00-05:00,398.260009765625,402.1300048828125,391.2099914550781,393.6199951171875,1416700,0.0,0.0
2017-11-14 00:00:00-05:00,392.75,395.5899963378906,383.8299865722656,384.79998779296875,1109600,0.0,0.0
2017-11-15 00:00:00-05:00,384.8699951171875,389.0299987792969,383.80999755859375,386.29998779296875,753800,0.0,0.0
2017-11-16 00:00:00-05:00,386.989990234375,395.6600036621094,381.6400146484375,394.69000244140625,674200,0.0,0.0
2017-11-17 00:00:00-05:00,393.0799865722656,396.3599853515625,390.5199890136719,391.5899963378906,669100,0.0,0.0
2017-11-20 00:00:00-05:00,391.739990234375,393.32000732421875,383.4200134277344,385.2200012207031,845700,0.0,0.0
2017-11-21 00:00:00-05:00,385.0,388.2200012207031,383.29998779296875,384.44000244140625,784700,0.0,0.0
2017-11-22 00:00:00-05:00,384.54998779296875,388.3900146484375,384.5,387.5400085449219,367400,0.0,0.0
2017-11-24 00:00:00-05:00,388.3999938964844,392.989990234375,384.25,384.8500061035156,250500,0.0,0.0
2017-11-27 00:00:00-05:00,379.0,384.0,372.739990234375,374.5299987792969,1194500,0.0,0.0
2017-11-28 00:00:00-05:00,370.7799987792969,371.760009765625,361.1600036621094,366.0,1532000,0.0,0.0
2017-11-29 00:00:00-05:00,369.6000061035156,371.3900146484375,353.1400146484375,358.6300048828125,2652300,0.0,0.0
2017-11-30 00:00:00-05:00,358.57000732421875,362.5,354.7300109863281,361.8599853515625,1292700,0.0,0.0
2017-12-01 00:00:00-05:00,356.3699951171875,377.3999938964844,355.0299987792969,373.4700012207031,1819500,0.0,0.0
2017-12-04 00:00:00-05:00,375.5,382.5199890136719,372.05999755859375,378.3699951171875,1075100,0.0,0.0
2017-12-05 00:00:00-05:00,378.6099853515625,385.6400146484375,371.510009765625,372.3399963378906,792500,0.0,0.0
2017-12-06 00:00:00-05:00,370.3800048828125,376.9800109863281,366.6600036621094,375.1300048828125,740900,0.0,0.0
2017-12-07 00:00:00-05:00,375.80999755859375,379.0899963378906,371.3900146484375,373.6099853515625,513400,0.0,0.0
2017-12-08 00:00:00-05:00,375.5199890136719,384.07000732421875,373.0,380.7799987792969,663900,0.0,0.0
2017-12-11 00:00:00-05:00,383.3699951171875,387.5,379.0899963378906,381.32000732421875,518000,0.0,0.0
2017-12-12 00:00:00-05:00,380.6499938964844,382.4700012207031,375.5,381.7200012207031,456400,0.0,0.0
2017-12-13 00:00:00-05:00,382.04998779296875,389.82000732421875,380.3399963378906,386.6700134277344,570600,0.0,0.0
2017-12-14 00:00:00-05:00,388.05999755859375,388.80999755859375,380.75,383.1199951171875,424500,0.0,0.0
2017-12-15 00:00:00-05:00,387.19000244140625,389.5899963378906,382.0,388.95001220703125,1271200,0.0,0.0
2017-12-18 00:00:00-05:00,390.9100036621094,390.9100036621094,382.8999938964844,383.3900146484375,623700,0.0,0.0
2017-12-19 00:00:00-05:00,382.6199951171875,390.4200134277344,381.4800109863281,385.7200012207031,579200,0.0,0.0
2017-12-20 00:00:00-05:00,385.3500061035156,387.8399963378906,381.17999267578125,382.8900146484375,516500,0.0,0.0
2017-12-21 00:00:00-05:00,381.8500061035156,390.54998779296875,381.17999267578125,384.1400146484375,508800,0.0,0.0
2017-12-22 00:00:00-05:00,383.5,385.2699890136719,377.0799865722656,381.0,412800,0.0,0.0
2017-12-26 00:00:00-05:00,381.17999267578125,388.0,379.2900085449219,387.42999267578125,454500,0.0,0.0
2017-12-27 00:00:00-05:00,387.95001220703125,389.30999755859375,382.8699951171875,384.0899963378906,409400,0.0,0.0
2017-12-28 00:00:00-05:00,385.2699890136719,387.1199951171875,378.8999938964844,382.82000732421875,354900,0.0,0.0
2017-12-29 00:00:00-05:00,381.8699951171875,382.6499938964844,375.0,375.9599914550781,624100,0.0,0.0
2018-01-02 00:00:00-05:00,379.4800109863281,384.80999755859375,377.1099853515625,382.6000061035156,621800,0.0,0.0
2018-01-03 00:00:00-05:00,383.1400146484375,396.7799987792969,381.1400146484375,393.7799987792969,721300,0.0,0.0
2018-01-04 00:00:00-05:00,394.5,394.95001220703125,382.3999938964844,382.95001220703125,650100,0.0,0.0
2018-01-05 00:00:00-05:00,385.8500061035156,388.7900085449219,381.95001220703125,385.1000061035156,461100,0.0,0.0
2018-01-08 00:00:00-05:00,384.3999938964844,387.3299865722656,371.260009765625,372.5199890136719,1117800,0.0,0.0
2018-01-09 00:00:00-05:00,372.6099853515625,378.5799865722656,368.1199951171875,368.6499938964844,1207600,0.0,0.0
2018-01-10 00:00:00-05:00,368.6499938964844,371.4200134277344,365.6000061035156,366.4599914550781,805800,0.0,0.0
2018-01-11 00:00:00-05:00,367.0,370.0899963378906,363.0,368.260009765625,627700,0.0,0.0
2018-01-12 00:00:00-05:00,369.45001220703125,370.010009765625,366.7300109863281,366.9599914550781,830700,0.0,0.0
2018-01-16 00:00:00-05:00,368.9200134277344,374.80999755859375,367.3500061035156,370.2099914550781,1003400,0.0,0.0
2018-01-17 00:00:00-05:00,373.8599853515625,378.70001220703125,370.2799987792969,374.07000732421875,738900,0.0,0.0
2018-01-18 00:00:00-05:00,374.2099914550781,374.7099914550781,369.0299987792969,371.2799987792969,596400,0.0,0.0
2018-01-19 00:00:00-05:00,372.1700134277344,376.4700012207031,370.9599914550781,371.5299987792969,665000,0.0,0.0
2018-01-22 00:00:00-05:00,374.44000244140625,376.010009765625,370.6199951171875,375.8599853515625,760100,0.0,0.0
2018-01-23 00:00:00-05:00,374.4700012207031,383.95001220703125,373.2699890136719,381.7099914550781,842200,0.0,0.0
2018-01-24 00:00:00-05:00,383.1000061035156,387.7099914550781,380.0,383.32000732421875,712900,0.0,0.0
2018-01-25 00:00:00-05:00,386.3999938964844,396.2200012207031,382.0400085449219,391.8399963378906,869800,0.0,0.0
2018-01-26 00:00:00-05:00,392.8999938964844,393.1499938964844,371.9700012207031,374.3599853515625,1429600,0.0,0.0
2018-01-29 00:00:00-05:00,373.5,385.7099914550781,371.510009765625,382.8800048828125,1095200,0.0,0.0
2018-01-30 00:00:00-05:00,382.79998779296875,384.2200012207031,375.0,379.7699890136719,603700,0.0,0.0
2018-01-31 00:00:00-05:00,379.1600036621094,379.1700134277344,366.17999267578125,366.6499938964844,848700,0.0,0.0
2018-02-01 00:00:00-05:00,366.69000244140625,370.989990234375,345.010009765625,345.7900085449219,2403100,0.0,0.0
2018-02-02 00:00:00-05:00,345.1700134277344,353.9700012207031,340.6499938964844,347.8599853515625,1546600,0.0,0.0
2018-02-05 00:00:00-05:00,346.3299865722656,350.79998779296875,331.6700134277344,331.9800109863281,1297000,0.0,0.0
2018-02-06 00:00:00-05:00,328.44000244140625,339.1000061035156,319.5,338.79998779296875,2005600,0.0,0.0
2018-02-07 00:00:00-05:00,338.79998779296875,343.3800048828125,331.0899963378906,334.6099853515625,1022600,0.0,0.0
2018-02-08 00:00:00-05:00,342.0299987792969,352.5,322.0199890136719,322.6199951171875,1634600,0.0,0.0
2018-02-09 00:00:00-05:00,327.2099914550781,339.6000061035156,314.989990234375,336.3800048828125,2088300,0.0,0.0
2018-02-12 00:00:00-05:00,339.67999267578125,350.989990234375,334.8699951171875,342.6700134277344,1398200,0.0,0.0
2018-02-13 00:00:00-05:00,340.8399963378906,340.8399963378906,322.69000244140625,324.57000732421875,1557300,0.0,0.0
2018-02-14 00:00:00-05:00,321.3399963378906,330.8399963378906,313.5299987792969,330.69000244140625,1981400,0.0,0.0
2018-02-15 00:00:00-05:00,331.9100036621094,336.0400085449219,327.510009765625,333.17999267578125,834400,0.0,0.0
2018-02-16 00:00:00-05:00,334.0,341.0799865722656,328.95001220703125,332.1499938964844,1175400,0.0,0.0
2018-02-20 00:00:00-05:00,331.0,332.4100036621094,322.1000061035156,323.0400085449219,844000,0.0,0.0
2018-02-21 00:00:00-05:00,320.54998779296875,324.6600036621094,316.1700134277344,317.510009765625,946800,0.0,0.0
2018-02-22 00:00:00-05:00,317.42999267578125,321.6600036621094,315.29998779296875,315.82000732421875,841600,0.0,0.0
2018-02-23 00:00:00-05:00,318.05999755859375,323.8999938964844,315.1499938964844,323.8599853515625,688700,0.0,0.0
2018-02-26 00:00:00-05:00,324.3500061035156,326.1600036621094,320.6000061035156,324.8900146484375,552300,0.0,0.0
2018-02-27 00:00:00-05:00,324.9599914550781,327.8699951171875,318.5,320.9700012207031,935100,0.0,0.0
2018-02-28 00:00:00-05:00,321.1300048828125,324.2099914550781,318.9599914550781,320.44000244140625,840300,0.0,0.0
2018-03-01 00:00:00-05:00,320.3500061035156,327.3800048828125,320.2300109863281,321.7799987792969,923300,0.0,0.0
2018-03-02 00:00:00-05:00,321.94000244140625,333.1300048828125,321.5,330.4700012207031,909500,0.0,0.0
2018-03-05 00:00:00-05:00,327.9700012207031,334.1499938964844,327.9700012207031,333.9100036621094,746200,0.0,0.0
2018-03-06 00:00:00-05:00,335.0,337.0,328.20001220703125,333.4800109863281,716700,0.0,0.0
2018-03-07 00:00:00-05:00,330.3299865722656,335.0400085449219,328.2799987792969,334.4100036621094,599300,0.0,0.0
2018-03-08 00:00:00-05:00,334.5799865722656,341.1700134277344,332.8399963378906,340.7799987792969,836100,0.0,0.0
2018-03-09 00:00:00-05:00,343.5799865722656,344.7900085449219,339.4800109863281,341.70001220703125,759700,0.0,0.0
2018-03-12 00:00:00-04:00,346.0,346.7300109863281,337.4200134277344,344.54998779296875,1234400,0.0,0.0
2018-03-13 00:00:00-04:00,344.42999267578125,346.6400146484375,335.4200134277344,337.75,851500,0.0,0.0
2018-03-14 00:00:00-04:00,339.7099914550781,342.6199951171875,338.1600036621094,341.4200134277344,577800,0.0,0.0
2018-03-15 00:00:00-04:00,341.55999755859375,341.9700012207031,334.2900085449219,334.92999267578125,569600,0.0,0.0
2018-03-16 00:00:00-04:00,336.54998779296875,345.8500061035156,333.95001220703125,343.29998779296875,1348900,0.0,0.0
2018-03-19 00:00:00-04:00,343.0,352.5899963378906,335.6300048828125,339.0799865722656,924000,0.0,0.0
2018-03-20 00:00:00-04:00,338.4800109863281,339.9800109863281,330.69000244140625,333.8599853515625,690000,0.0,0.0
2018-03-21 00:00:00-04:00,334.0899963378906,337.6099853515625,333.1600036621094,334.8699951171875,431300,0.0,0.0
2018-03-22 00:00:00-04:00,331.1600036621094,336.0,327.510009765625,327.69000244140625,608400,0.0,0.0
2018-03-23 00:00:00-04:00,327.5199890136719,332.32000732421875,321.20001220703125,321.2900085449219,693300,0.0,0.0
2018-03-26 00:00:00-04:00,325.5799865722656,331.0,317.7099914550781,330.7099914550781,733600,0.0,0.0
2018-03-27 00:00:00-04:00,332.6499938964844,335.70001220703125,326.94000244140625,329.239990234375,996300,0.0,0.0
2018-03-28 00:00:00-04:00,329.79998779296875,340.3999938964844,328.5,338.4800109863281,1037400,0.0,0.0
2018-03-29 00:00:00-04:00,340.82000732421875,346.8699951171875,338.32000732421875,344.3599853515625,1032800,0.0,0.0
2018-04-02 00:00:00-04:00,342.45001220703125,345.489990234375,324.7699890136719,330.55999755859375,1317100,0.0,0.0
2018-04-03 00:00:00-04:00,330.82000732421875,332.6199951171875,320.7099914550781,332.20001220703125,815400,0.0,0.0
2018-04-04 00:00:00-04:00,326.6499938964844,339.1000061035156,321.6099853515625,337.3500061035156,857500,0.0,0.0
2018-04-05 00:00:00-04:00,339.8599853515625,340.3699951171875,325.4800109863281,328.5899963378906,848500,0.0,0.0
2018-04-06 00:00:00-04:00,324.1099853515625,326.5,316.57000732421875,319.6099853515625,1010200,0.0,0.0
2018-04-09 00:00:00-04:00,318.6499938964844,324.2900085449219,315.3699951171875,319.70001220703125,681300,0.0,0.0
2018-04-10 00:00:00-04:00,322.55999755859375,328.8800048828125,321.3900146484375,328.0400085449219,554000,0.0,0.0
2018-04-11 00:00:00-04:00,326.07000732421875,328.54998779296875,322.2799987792969,322.7799987792969,688000,0.0,0.0
2018-04-12 00:00:00-04:00,323.989990234375,327.2799987792969,323.0,325.0799865722656,575200,0.0,0.0
2018-04-13 00:00:00-04:00,326.8599853515625,328.5899963378906,319.260009765625,321.55999755859375,846100,0.0,0.0
2018-04-16 00:00:00-04:00,324.3999938964844,324.3999938964844,317.6300048828125,318.20001220703125,816400,0.0,0.0
2018-04-17 00:00:00-04:00,319.6499938964844,324.760009765625,318.9800109863281,322.6300048828125,874500,0.0,0.0
2018-04-18 00:00:00-04:00,323.3999938964844,323.9100036621094,320.75,321.3900146484375,405800,0.0,0.0
2018-04-19 00:00:00-04:00,320.510009765625,322.69000244140625,315.3699951171875,315.8299865722656,546100,0.0,0.0
2018-04-20 00:00:00-04:00,316.30999755859375,318.19000244140625,311.3399963378906,314.25,688700,0.0,0.0
2018-04-23 00:00:00-04:00,316.0299987792969,318.4800109863281,313.80999755859375,316.010009765625,605800,0.0,0.0
2018-04-24 00:00:00-04:00,317.989990234375,318.5199890136719,310.510009765625,312.0,752300,0.0,0.0
2018-04-25 00:00:00-04:00,312.0,321.2300109863281,311.0400085449219,316.1700134277344,704400,0.0,0.0
2018-04-26 00:00:00-04:00,318.0799865722656,327.1600036621094,316.239990234375,323.9700012207031,803000,0.0,0.0
2018-04-27 00:00:00-04:00,317.0,317.989990234375,299.55999755859375,313.04998779296875,2085600,0.0,0.0
2018-04-30 00:00:00-04:00,311.0,311.0,298.19000244140625,303.67999267578125,1568900,0.0,0.0
2018-05-01 00:00:00-04:00,302.92999267578125,303.55999755859375,294.1099853515625,301.2200012207031,1195300,0.0,0.0
2018-05-02 00:00:00-04:00,299.9200134277344,303.54998779296875,295.75,296.1400146484375,1036000,0.0,0.0
2018-05-03 00:00:00-04:00,297.6000061035156,307.7200012207031,288.1600036621094,292.4100036621094,1259500,0.0,0.0
2018-05-04 00:00:00-04:00,290.1600036621094,292.9100036621094,287.54998779296875,291.25,1398700,0.0,0.0
2018-05-07 00:00:00-04:00,293.5299987792969,294.5,286.32000732421875,288.5400085449219,1037300,0.0,0.0
2018-05-08 00:00:00-04:00,290.5,292.0,284.0400085449219,285.8599853515625,758800,0.0,0.0
2018-05-09 00:00:00-04:00,285.0,288.6099853515625,281.8900146484375,284.6000061035156,764400,0.0,0.0
2018-05-10 00:00:00-04:00,285.010009765625,289.9800109863281,282.5899963378906,288.8999938964844,720400,0.0,0.0
2018-05-11 00:00:00-04:00,290.44000244140625,314.8399963378906,290.44000244140625,306.94000244140625,2944500,0.0,0.0
2018-05-14 00:00:00-04:00,307.0,310.95001220703125,302.0,309.5400085449219,1258000,0.0,0.0
2018-05-15 00:00:00-04:00,306.4200134277344,306.9599914550781,299.6199951171875,300.45001220703125,819900,0.0,0.0
2018-05-16 00:00:00-04:00,300.6300048828125,306.4599914550781,297.4700012207031,303.2099914550781,667900,0.0,0.0
2018-05-17 00:00:00-04:00,302.57000732421875,308.5,300.3999938964844,308.0,1229100,0.0,0.0
2018-05-18 00:00:00-04:00,307.8500061035156,307.8500061035156,300.0,301.80999755859375,938300,0.0,0.0
2018-05-21 00:00:00-04:00,303.75,304.30999755859375,294.17999267578125,296.6000061035156,766700,0.0,0.0
2018-05-22 00:00:00-04:00,297.8800048828125,299.7099914550781,293.5299987792969,294.67999267578125,441900,0.0,0.0
2018-05-23 00:00:00-04:00,292.2900085449219,296.260009765625,291.1000061035156,295.30999755859375,568700,0.0,0.0
2018-05-24 00:00:00-04:00,295.5799865722656,296.9200134277344,293.3500061035156,294.6099853515625,585400,0.0,0.0
2018-05-25 00:00:00-04:00,294.1199951171875,295.57000732421875,292.5,293.739990234375,637400,0.0,0.0
2018-05-29 00:00:00-04:00,291.7900085449219,298.0,291.69000244140625,296.5,737500,0.0,0.0
2018-05-30 00:00:00-04:00,297.04998779296875,301.7099914550781,294.0199890136719,300.8900146484375,775700,0.0,0.0
2018-05-31 00:00:00-04:00,301.3699951171875,304.8699951171875,297.6400146484375,300.32000732421875,670800,0.0,0.0
2018-06-01 00:00:00-04:00,301.3399963378906,311.3599853515625,297.7799987792969,306.8800048828125,1012700,0.0,0.0
2018-06-04 00:00:00-04:00,307.6400146484375,314.7900085449219,304.9599914550781,312.0899963378906,1153400,0.0,0.0
2018-06-05 00:00:00-04:00,310.1400146484375,315.3800048828125,306.489990234375,311.8500061035156,714000,0.0,0.0
2018-06-06 00:00:00-04:00,312.8900146484375,315.67999267578125,312.010009765625,315.1300048828125,630000,0.0,0.0
2018-06-07 00:00:00-04:00,315.5299987792969,317.25,305.2799987792969,308.7200012207031,829700,0.0,0.0
2018-06-08 00:00:00-04:00,308.2200012207031,310.6199951171875,303.5199890136719,308.1000061035156,644300,0.0,0.0
2018-06-11 00:00:00-04:00,308.0,313.92999267578125,306.1300048828125,311.95001220703125,535500,0.0,0.0
2018-06-12 00:00:00-04:00,311.7099914550781,312.4200134277344,308.8399963378906,309.5299987792969,353600,0.0,0.0
2018-06-13 00:00:00-04:00,310.1199951171875,313.6700134277344,307.6300048828125,308.2799987792969,465200,0.0,0.0
2018-06-14 00:00:00-04:00,309.94000244140625,317.82000732421875,307.5799865722656,315.6700134277344,606900,0.0,0.0
2018-06-15 00:00:00-04:00,316.8999938964844,320.69000244140625,310.3599853515625,315.29998779296875,1034200,0.0,0.0
2018-06-18 00:00:00-04:00,312.260009765625,316.260009765625,309.7099914550781,315.6099853515625,613900,0.0,0.0
2018-06-19 00:00:00-04:00,314.6300048828125,327.55999755859375,312.4100036621094,327.07000732421875,1096400,0.0,0.0
2018-06-20 00:00:00-04:00,327.6600036621094,338.4800109863281,327.6600036621094,336.92999267578125,1300000,0.0,0.0
2018-06-21 00:00:00-04:00,336.8699951171875,336.8800048828125,323.6700134277344,329.0400085449219,1014100,0.0,0.0
2018-06-22 00:00:00-04:00,330.04998779296875,334.5299987792969,326.8999938964844,331.9700012207031,714900,0.0,0.0
2018-06-25 00:00:00-04:00,328.95001220703125,332.17999267578125,321.739990234375,327.1099853515625,574400,0.0,0.0
2018-06-26 00:00:00-04:00,327.8900146484375,330.25,321.7699890136719,327.2300109863281,655000,0.0,0.0
2018-06-27 00:00:00-04:00,336.69000244140625,342.6600036621094,333.0,336.6099853515625,1500900,0.0,0.0
2018-06-28 00:00:00-04:00,336.6300048828125,343.3399963378906,332.9599914550781,341.82000732421875,948300,0.0,0.0
2018-06-29 00:00:00-04:00,343.6000061035156,349.239990234375,343.1499938964844,344.989990234375,1205600,0.0,0.0
2018-07-02 00:00:00-04:00,344.95001220703125,351.4700012207031,342.5799865722656,351.1400146484375,871600,0.0,0.0
2018-07-03 00:00:00-04:00,352.0,355.9800109863281,347.0,353.8599853515625,540600,0.0,0.0
2018-07-05 00:00:00-04:00,356.3699951171875,362.7699890136719,353.5,360.95001220703125,954300,0.0,0.0
2018-07-06 00:00:00-04:00,364.0,370.5,358.80999755859375,369.5899963378906,1002500,0.0,0.0
2018-07-09 00:00:00-04:00,370.29998779296875,374.8399963378906,366.20001220703125,371.30999755859375,881400,0.0,0.0
2018-07-10 00:00:00-04:00,371.2799987792969,371.32000732421875,364.20001220703125,366.2699890136719,921300,0.0,0.0
2018-07-11 00:00:00-04:00,365.0799865722656,366.5199890136719,362.5299987792969,365.2099914550781,595800,0.0,0.0
2018-07-12 00:00:00-04:00,366.5899963378906,367.5899963378906,359.3399963378906,366.42999267578125,698100,0.0,0.0
2018-07-13 00:00:00-04:00,366.29998779296875,370.1400146484375,364.6600036621094,367.6400146484375,546200,0.0,0.0
2018-07-16 00:00:00-04:00,368.55999755859375,368.55999755859375,359.760009765625,364.75,596400,0.0,0.0
2018-07-17 00:00:00-04:00,364.0299987792969,366.6700134277344,362.0400085449219,365.42999267578125,415300,0.0,0.0
2018-07-18 00:00:00-04:00,365.5199890136719,367.2300109863281,360.7200012207031,365.9800109863281,456700,0.0,0.0
2018-07-19 00:00:00-04:00,363.6400146484375,368.20001220703125,362.5799865722656,367.739990234375,667000,0.0,0.0
2018-07-20 00:00:00-04:00,367.0400085449219,368.79998779296875,363.69000244140625,367.1099853515625,965100,0.0,0.0
2018-07-23 00:00:00-04:00,367.19000244140625,368.2300109863281,363.19000244140625,366.2099914550781,1106500,0.0,0.0
2018-07-24 00:00:00-04:00,369.8800048828125,374.4800109863281,366.2099914550781,372.7699890136719,846700,0.0,0.0
2018-07-25 00:00:00-04:00,370.9800109863281,376.1099853515625,369.57000732421875,374.489990234375,672700,0.0,0.0
2018-07-26 00:00:00-04:00,376.0,376.75,369.2200012207031,373.5899963378906,579300,0.0,0.0
2018-07-27 00:00:00-04:00,373.1400146484375,373.6600036621094,361.6499938964844,367.6000061035156,1093900,0.0,0.0
2018-07-30 00:00:00-04:00,365.55999755859375,375.760009765625,363.1600036621094,371.510009765625,758400,0.0,0.0
2018-07-31 00:00:00-04:00,372.6400146484375,375.0,365.44000244140625,368.010009765625,961500,0.0,0.0
2018-08-01 00:00:00-04:00,366.739990234375,373.2200012207031,365.82000732421875,371.0299987792969,675200,0.0,0.0
2018-08-02 00:00:00-04:00,372.4800109863281,401.5,367.5199890136719,397.0,2148400,0.0,0.0
2018-08-03 00:00:00-04:00,395.17999267578125,399.0,390.75,394.8800048828125,1312200,0.0,0.0
2018-08-06 00:00:00-04:00,394.0,395.8399963378906,389.5199890136719,390.04998779296875,769100,0.0,0.0
2018-08-07 00:00:00-04:00,391.2900085449219,395.32000732421875,388.2200012207031,391.4200134277344,477700,0.0,0.0
2018-08-08 00:00:00-04:00,380.0,380.0,367.6300048828125,374.2699890136719,1161000,0.0,0.0
2018-08-09 00:00:00-04:00,372.7699890136719,374.4100036621094,363.25,372.1400146484375,1000600,0.0,0.0
2018-08-10 00:00:00-04:00,371.2200012207031,371.8500061035156,364.8599853515625,368.7799987792969,633400,0.0,0.0
2018-08-13 00:00:00-04:00,367.0,368.57000732421875,362.30999755859375,366.45001220703125,590200,0.0,0.0
2018-08-14 00:00:00-04:00,367.04998779296875,369.3999938964844,364.9599914550781,366.2300109863281,517700,0.0,0.0
2018-08-15 00:00:00-04:00,365.0,369.0,361.19000244140625,361.8699951171875,551100,0.0,0.0
2018-08-16 00:00:00-04:00,364.4800109863281,373.9200134277344,361.760009765625,371.7799987792969,595400,0.0,0.0
2018-08-17 00:00:00-04:00,373.0,377.8599853515625,370.1700134277344,374.260009765625,669600,0.0,0.0
2018-08-20 00:00:00-04:00,375.92999267578125,377.5400085449219,371.3900146484375,374.79998779296875,543800,0.0,0.0
2018-08-21 00:00:00-04:00,374.54998779296875,381.3500061035156,374.1499938964844,378.55999755859375,553500,0.0,0.0
2018-08-22 00:00:00-04:00,376.239990234375,382.19000244140625,372.0299987792969,380.1700134277344,464700,0.0,0.0
2018-08-23 00:00:00-04:00,378.8399963378906,382.1400146484375,376.5899963378906,379.19000244140625,438900,0.0,0.0
2018-08-24 00:00:00-04:00,378.3500061035156,380.19000244140625,374.6000061035156,376.3299865722656,421300,0.0,0.0
2018-08-27 00:00:00-04:00,378.69000244140625,389.0799865722656,377.0400085449219,388.44000244140625,847700,0.0,0.0
2018-08-28 00:00:00-04:00,390.0,392.260009765625,387.04998779296875,390.04998779296875,657900,0.0,0.0
2018-08-29 00:00:00-04:00,392.5,408.75,388.9100036621094,406.6199951171875,1234200,0.0,0.0
2018-08-30 00:00:00-04:00,405.9599914550781,416.489990234375,405.1499938964844,408.510009765625,956700,0.0,0.0
2018-08-31 00:00:00-04:00,407.20001220703125,412.1700134277344,406.29998779296875,406.75,484400,0.0,0.0
2018-09-04 00:00:00-04:00,405.5,410.739990234375,399.4700012207031,403.92999267578125,627100,0.0,0.0
2018-09-05 00:00:00-04:00,404.1199951171875,409.6700134277344,403.0,406.94000244140625,541000,0.0,0.0
2018-09-06 00:00:00-04:00,405.94000244140625,405.94000244140625,392.7099914550781,397.92999267578125,483900,0.0,0.0
2018-09-07 00:00:00-04:00,395.4200134277344,397.6700134277344,388.0199890136719,395.4200134277344,503600,0.0,0.0
2018-09-10 00:00:00-04:00,396.25,398.4700012207031,392.1000061035156,395.0400085449219,355700,0.0,0.0
2018-09-11 00:00:00-04:00,394.1600036621094,396.0199890136719,389.6300048828125,393.7699890136719,346000,0.0,0.0
2018-09-12 00:00:00-04:00,394.8399963378906,396.54998779296875,382.44000244140625,388.8800048828125,684200,0.0,0.0
2018-09-13 00:00:00-04:00,390.2799987792969,398.57000732421875,389.25,397.7099914550781,538800,0.0,0.0
2018-09-14 00:00:00-04:00,397.7799987792969,400.0,388.1099853515625,392.1700134277344,493400,0.0,0.0
2018-09-17 00:00:00-04:00,392.760009765625,394.5299987792969,386.04998779296875,386.489990234375,525800,0.0,0.0
2018-09-18 00:00:00-04:00,382.7300109863281,392.4700012207031,375.2099914550781,388.3299865722656,644600,0.0,0.0
2018-09-19 00:00:00-04:00,386.8399963378906,386.9800109863281,381.94000244140625,383.70001220703125,610500,0.0,0.0
2018-09-20 00:00:00-04:00,385.05999755859375,389.32000732421875,383.0,387.25,680600,0.0,0.0
2018-09-21 00:00:00-04:00,389.7300109863281,393.32000732421875,387.3900146484375,390.2799987792969,1147800,0.0,0.0
2018-09-24 00:00:00-04:00,387.2900085449219,393.79998779296875,385.95001220703125,390.19000244140625,372800,0.0,0.0
2018-09-25 00:00:00-04:00,391.6000061035156,394.7699890136719,388.6700134277344,390.04998779296875,442200,0.0,0.0
2018-09-26 00:00:00-04:00,389.7099914550781,396.54998779296875,388.9100036621094,391.5299987792969,406200,0.0,0.0
2018-09-27 00:00:00-04:00,391.1099853515625,407.1000061035156,390.010009765625,406.0,813200,0.0,0.0
2018-09-28 00:00:00-04:00,405.9200134277344,410.0,400.2699890136719,404.0400085449219,841600,0.0,0.0
2018-10-01 00:00:00-04:00,406.4100036621094,410.0,392.0,394.2300109863281,866700,0.0,0.0
2018-10-02 00:00:00-04:00,395.8500061035156,405.75,395.010009765625,400.57000732421875,586900,0.0,0.0
2018-10-03 00:00:00-04:00,401.3699951171875,403.5899963378906,397.9800109863281,403.0400085449219,516200,0.0,0.0
2018-10-04 00:00:00-04:00,401.3599853515625,401.42999267578125,387.8399963378906,392.04998779296875,627500,0.0,0.0
2018-10-05 00:00:00-04:00,393.9200134277344,400.75,386.75,391.7699890136719,453700,0.0,0.0
2018-10-08 00:00:00-04:00,391.57000732421875,396.2300109863281,386.42999267578125,394.1499938964844,371500,0.0,0.0
2018-10-09 00:00:00-04:00,394.0,396.6400146484375,388.67999267578125,392.5299987792969,422000,0.0,0.0
2018-10-10 00:00:00-04:00,390.6000061035156,397.94000244140625,381.0,381.94000244140625,673300,0.0,0.0
2018-10-11 00:00:00-04:00,382.6499938964844,384.17999267578125,367.7300109863281,371.6700134277344,761600,0.0,0.0
2018-10-12 00:00:00-04:00,377.1199951171875,385.94000244140625,373.1000061035156,384.1600036621094,810200,0.0,0.0
2018-10-15 00:00:00-04:00,384.1600036621094,385.7799987792969,374.3999938964844,377.54998779296875,444900,0.0,0.0
2018-10-16 00:00:00-04:00,381.30999755859375,399.3999938964844,380.7799987792969,398.5199890136719,684500,0.0,0.0
2018-10-17 00:00:00-04:00,398.07000732421875,401.0,392.45001220703125,399.05999755859375,440000,0.0,0.0
2018-10-18 00:00:00-04:00,399.8999938964844,399.8999938964844,389.989990234375,395.2200012207031,553500,0.0,0.0
2018-10-19 00:00:00-04:00,396.5799865722656,400.2200012207031,387.5199890136719,389.8299865722656,728900,0.0,0.0
2018-10-22 00:00:00-04:00,393.2900085449219,398.2799987792969,383.6099853515625,387.79998779296875,643900,0.0,0.0
2018-10-23 00:00:00-04:00,384.1700134277344,387.19000244140625,377.0899963378906,380.69000244140625,778000,0.0,0.0
2018-10-24 00:00:00-04:00,380.2799987792969,386.0899963378906,350.7799987792969,351.3900146484375,1416600,0.0,0.0
2018-10-25 00:00:00-04:00,342.5799865722656,348.989990234375,330.7300109863281,336.94000244140625,2351700,0.0,0.0
2018-10-26 00:00:00-04:00,329.989990234375,342.7900085449219,329.1000061035156,335.82000732421875,1038700,0.0,0.0
2018-10-29 00:00:00-04:00,343.42999267578125,343.42999267578125,327.5799865722656,336.17999267578125,947000,0.0,0.0
2018-10-30 00:00:00-04:00,335.8599853515625,347.9800109863281,332.3999938964844,339.70001220703125,1086800,0.0,0.0
2018-10-31 00:00:00-04:00,344.82000732421875,347.0,335.44000244140625,339.239990234375,890300,0.0,0.0
2018-11-01 00:00:00-04:00,339.0,355.5299987792969,339.0,355.1099853515625,997300,0.0,0.0
2018-11-02 00:00:00-04:00,358.2099914550781,361.17999267578125,347.739990234375,352.5899963378906,663600,0.0,0.0
2018-11-05 00:00:00-05:00,354.3599853515625,360.6000061035156,352.6199951171875,354.92999267578125,819100,0.0,0.0
2018-11-06 00:00:00-05:00,359.2099914550781,367.0,349.5899963378906,357.6099853515625,981400,0.0,0.0
2018-11-07 00:00:00-05:00,359.8800048828125,365.67999267578125,355.8900146484375,364.25,823600,0.0,0.0
2018-11-08 00:00:00-05:00,359.3800048828125,365.4700012207031,358.0199890136719,363.3399963378906,536600,0.0,0.0
2018-11-09 00:00:00-05:00,362.1000061035156,362.54998779296875,352.5799865722656,356.6600036621094,544000,0.0,0.0
2018-11-12 00:00:00-05:00,355.92999267578125,357.9200134277344,344.6300048828125,346.55999755859375,657100,0.0,0.0
2018-11-13 00:00:00-05:00,349.1099853515625,352.67999267578125,341.0799865722656,342.1000061035156,594100,0.0,0.0
2018-11-14 00:00:00-05:00,344.6400146484375,349.8500061035156,335.79998779296875,337.2900085449219,935300,0.0,0.0
2018-11-15 00:00:00-05:00,334.510009765625,344.489990234375,332.0,341.6499938964844,796700,0.0,0.0
2018-11-16 00:00:00-05:00,340.20001220703125,347.3299865722656,338.57000732421875,345.3299865722656,768300,0.0,0.0
2018-11-19 00:00:00-05:00,343.45001220703125,345.239990234375,333.92999267578125,338.989990234375,827800,0.0,0.0
2018-11-20 00:00:00-05:00,337.4700012207031,343.6700134277344,331.5400085449219,337.2900085449219,552500,0.0,0.0
2018-11-21 00:00:00-05:00,339.6000061035156,345.5799865722656,339.2099914550781,343.1700134277344,481200,0.0,0.0
2018-11-23 00:00:00-05:00,340.20001220703125,349.6300048828125,339.9200134277344,340.8599853515625,199500,0.0,0.0
2018-11-26 00:00:00-05:00,343.9599914550781,355.1400146484375,341.8399963378906,353.17999267578125,706000,0.0,0.0
2018-11-27 00:00:00-05:00,351.4800109863281,356.989990234375,348.2699890136719,353.5899963378906,558600,0.0,0.0
2018-11-28 00:00:00-05:00,354.6199951171875,363.7200012207031,350.45001220703125,363.6400146484375,651100,0.0,0.0
2018-11-29 00:00:00-05:00,360.010009765625,364.8900146484375,357.55999755859375,359.57000732421875,555700,0.0,0.0
2018-11-30 00:00:00-05:00,361.1000061035156,368.239990234375,359.5,365.6499938964844,696800,0.0,0.0
2018-12-03 00:00:00-05:00,372.5,394.9800109863281,372.239990234375,382.6099853515625,1100700,0.0,0.0
2018-12-04 00:00:00-05:00,382.6300048828125,396.32000732421875,371.6499938964844,372.79998779296875,1012900,0.0,0.0
2018-12-06 00:00:00-05:00,367.32000732421875,381.9700012207031,364.8900146484375,381.69000244140625,896700,0.0,0.0
2018-12-07 00:00:00-05:00,379.2799987792969,389.29998779296875,370.3500061035156,372.8299865722656,835800,0.0,0.0
2018-12-10 00:00:00-05:00,374.5199890136719,380.30999755859375,367.3500061035156,377.5899963378906,876100,0.0,0.0
2018-12-11 00:00:00-05:00,382.1700134277344,385.2200012207031,372.3900146484375,375.7200012207031,814700,0.0,0.0
2018-12-12 00:00:00-05:00,381.20001220703125,385.9800109863281,376.8299865722656,377.9599914550781,601200,0.0,0.0
2018-12-13 00:00:00-05:00,378.260009765625,381.9800109863281,372.6499938964844,378.510009765625,478900,0.0,0.0
2018-12-14 00:00:00-05:00,382.9599914550781,386.8999938964844,379.0,381.1700134277344,758400,0.0,0.0
2018-12-17 00:00:00-05:00,381.70001220703125,386.3500061035156,370.6000061035156,375.5,833100,0.0,0.0
2018-12-18 00:00:00-05:00,377.54998779296875,381.489990234375,364.7300109863281,369.0,804800,0.0,0.0
2018-12-19 00:00:00-05:00,369.0,373.3999938964844,355.45001220703125,360.70001220703125,827100,0.0,0.0
2018-12-20 00:00:00-05:00,360.95001220703125,363.82000732421875,354.3299865722656,356.2300109863281,852400,0.0,0.0
2018-12-21 00:00:00-05:00,357.6000061035156,363.0,344.17999267578125,344.6000061035156,1514200,0.0,0.0
2018-12-24 00:00:00-05:00,343.3299865722656,347.8900146484375,340.3399963378906,340.6400146484375,463800,0.0,0.0
2018-12-26 00:00:00-05:00,341.9800109863281,363.5299987792969,339.1300048828125,363.2900085449219,832700,0.0,0.0
2018-12-27 00:00:00-05:00,359.45001220703125,364.8699951171875,352.6000061035156,364.7900085449219,690200,0.0,0.0
2018-12-28 00:00:00-05:00,366.54998779296875,371.2099914550781,361.5400085449219,362.6199951171875,522200,0.0,0.0
2018-12-31 00:00:00-05:00,364.7300109863281,374.75,364.6400146484375,373.5,680200,0.0,0.0
2019-01-02 00:00:00-05:00,368.1499938964844,376.7900085449219,366.010009765625,372.44000244140625,599600,0.0,0.0
2019-01-03 00:00:00-05:00,373.6600036621094,385.94000244140625,371.5799865722656,372.0799865722656,750200,0.0,0.0
2019-01-04 00:00:00-05:00,379.5400085449219,399.70001220703125,377.6499938964844,397.54998779296875,1207600,0.0,0.0
2019-01-07 00:00:00-05:00,397.3399963378906,400.79998779296875,393.94000244140625,396.6300048828125,959400,0.0,0.0
2019-01-08 00:00:00-05:00,399.30999755859375,401.0899963378906,389.0,397.260009765625,963500,0.0,0.0
2019-01-09 00:00:00-05:00,398.0199890136719,401.4599914550781,395.6099853515625,399.5799865722656,615600,0.0,0.0
2019-01-10 00:00:00-05:00,399.3999938964844,410.0,395.9800109863281,408.05999755859375,949300,0.0,0.0
2019-01-11 00:00:00-05:00,405.6499938964844,412.2900085449219,403.54998779296875,408.6300048828125,758000,0.0,0.0
2019-01-14 00:00:00-05:00,408.1600036621094,408.1600036621094,399.1099853515625,400.7300109863281,693300,0.0,0.0
2019-01-15 00:00:00-05:00,401.4200134277344,405.1600036621094,399.6300048828125,405.0199890136719,475100,0.0,0.0
2019-01-16 00:00:00-05:00,406.1700134277344,410.6300048828125,402.8500061035156,404.5400085449219,468800,0.0,0.0
2019-01-17 00:00:00-05:00,402.7200012207031,420.2900085449219,402.7200012207031,417.3800048828125,860200,0.0,0.0
2019-01-18 00:00:00-05:00,420.4200134277344,420.4800109863281,410.0,418.8399963378906,710400,0.0,0.0
2019-01-22 00:00:00-05:00,415.7699890136719,421.989990234375,404.0,404.75,899500,0.0,0.0
2019-01-23 00:00:00-05:00,404.9200134277344,406.7900085449219,393.1700134277344,401.2099914550781,914000,0.0,0.0
2019-01-24 00:00:00-05:00,401.79998779296875,408.8800048828125,399.1600036621094,407.92999267578125,655100,0.0,0.0
2019-01-25 00:00:00-05:00,410.8500061035156,418.95001220703125,406.1000061035156,418.2900085449219,668000,0.0,0.0
2019-01-28 00:00:00-05:00,415.1099853515625,416.489990234375,408.80999755859375,413.95001220703125,761000,0.0,0.0
2019-01-29 00:00:00-05:00,415.7200012207031,418.510009765625,413.0,417.1499938964844,724700,0.0,0.0
2019-01-30 00:00:00-05:00,416.3500061035156,420.44000244140625,412.6300048828125,419.9100036621094,867800,0.0,0.0
2019-01-31 00:00:00-05:00,419.67999267578125,430.5799865722656,419.45001220703125,429.2699890136719,1441800,0.0,0.0
2019-02-01 00:00:00-05:00,428.5199890136719,431.32000732421875,425.32000732421875,430.1499938964844,702300,0.0,0.0
2019-02-04 00:00:00-05:00,428.9200134277344,429.05999755859375,422.489990234375,425.3999938964844,474600,0.0,0.0
2019-02-05 00:00:00-05:00,426.1099853515625,427.5,419.6300048828125,421.0400085449219,629600,0.0,0.0
2019-02-06 00:00:00-05:00,428.8999938964844,429.8999938964844,406.3999938964844,406.55999755859375,1330800,0.0,0.0
2019-02-07 00:00:00-05:00,408.2900085449219,414.2200012207031,404.2699890136719,406.4599914550781,738400,0.0,0.0
2019-02-08 00:00:00-05:00,405.44000244140625,408.0,399.2900085449219,406.8599853515625,692100,0.0,0.0
2019-02-11 00:00:00-05:00,409.3699951171875,413.3500061035156,403.0,408.510009765625,587000,0.0,0.0
2019-02-12 00:00:00-05:00,411.55999755859375,418.1000061035156,408.0199890136719,416.3399963378906,636900,0.0,0.0
2019-02-13 00:00:00-05:00,415.9800109863281,421.6600036621094,411.510009765625,412.0899963378906,349300,0.0,0.0
2019-02-14 00:00:00-05:00,412.0,416.260009765625,408.57000732421875,414.9700012207031,349600,0.0,0.0
2019-02-15 00:00:00-05:00,417.9700012207031,424.3900146484375,415.7200012207031,423.9700012207031,700000,0.0,0.0
2019-02-19 00:00:00-05:00,423.739990234375,426.4100036621094,420.3500061035156,420.6000061035156,397800,0.0,0.0
2019-02-20 00:00:00-05:00,420.0,423.3999938964844,417.0799865722656,422.510009765625,411100,0.0,0.0
2019-02-21 00:00:00-05:00,421.80999755859375,422.6099853515625,415.5799865722656,418.6199951171875,406600,0.0,0.0
2019-02-22 00:00:00-05:00,418.2099914550781,423.6499938964844,416.0,422.5199890136719,386600,0.0,0.0
2019-02-25 00:00:00-05:00,424.94000244140625,426.5299987792969,415.760009765625,420.3800048828125,660400,0.0,0.0
2019-02-26 00:00:00-05:00,418.57000732421875,428.05999755859375,415.8299865722656,426.1499938964844,611100,0.0,0.0
2019-02-27 00:00:00-05:00,424.0,433.739990234375,424.0,433.3299865722656,598800,0.0,0.0
2019-02-28 00:00:00-05:00,430.19000244140625,434.3500061035156,428.6199951171875,430.739990234375,518000,0.0,0.0
2019-03-01 00:00:00-05:00,434.79998779296875,440.04998779296875,431.92999267578125,439.57000732421875,511000,0.0,0.0
2019-03-04 00:00:00-05:00,441.17999267578125,442.0,428.3599853515625,433.8299865722656,769300,0.0,0.0
2019-03-05 00:00:00-05:00,432.1199951171875,439.6499938964844,430.489990234375,437.1300048828125,478300,0.0,0.0
2019-03-06 00:00:00-05:00,436.92999267578125,438.0199890136719,421.30999755859375,423.69000244140625,812300,0.0,0.0
2019-03-07 00:00:00-05:00,422.8999938964844,422.8999938964844,409.19000244140625,409.5799865722656,1020800,0.0,0.0
2019-03-08 00:00:00-05:00,407.510009765625,407.510009765625,399.5799865722656,402.6400146484375,1091700,0.0,0.0
2019-03-11 00:00:00-04:00,404.1499938964844,413.2099914550781,402.25,412.04998779296875,874200,0.0,0.0
2019-03-12 00:00:00-04:00,413.55999755859375,421.79998779296875,411.19000244140625,417.6199951171875,839700,0.0,0.0
2019-03-13 00:00:00-04:00,419.3800048828125,419.6000061035156,408.5299987792969,409.010009765625,988800,0.0,0.0
2019-03-14 00:00:00-04:00,409.8900146484375,412.3599853515625,406.3399963378906,407.5,925200,0.0,0.0
2019-03-15 00:00:00-04:00,408.4700012207031,415.0,408.3999938964844,414.4700012207031,1158500,0.0,0.0
2019-03-18 00:00:00-04:00,410.0,413.760009765625,404.8399963378906,407.6000061035156,545700,0.0,0.0
2019-03-19 00:00:00-04:00,407.739990234375,409.7200012207031,404.3999938964844,406.989990234375,627900,0.0,0.0
2019-03-20 00:00:00-04:00,407.7900085449219,409.67999267578125,402.82000732421875,405.5,479500,0.0,0.0
2019-03-21 00:00:00-04:00,401.0,405.1199951171875,396.8399963378906,402.5899963378906,880900,0.0,0.0
2019-03-22 00:00:00-04:00,401.4800109863281,402.5899963378906,391.42999267578125,391.79998779296875,552600,0.0,0.0
2019-03-25 00:00:00-04:00,391.4200134277344,397.6099853515625,388.489990234375,395.0,431600,0.0,0.0
2019-03-26 00:00:00-04:00,398.7799987792969,406.2300109863281,398.5199890136719,405.6199951171875,674800,0.0,0.0
2019-03-27 00:00:00-04:00,405.07000732421875,407.45001220703125,398.3599853515625,402.8699951171875,450800,0.0,0.0
2019-03-28 00:00:00-04:00,405.6700134277344,408.30999755859375,402.29998779296875,404.8299865722656,436300,0.0,0.0
2019-03-29 00:00:00-04:00,406.739990234375,412.6000061035156,406.739990234375,410.6199951171875,492300,0.0,0.0
2019-04-01 00:00:00-04:00,412.510009765625,412.8999938964844,408.0,410.04998779296875,496500,0.0,0.0
2019-04-02 00:00:00-04:00,411.3500061035156,415.8900146484375,407.55999755859375,414.82000732421875,513000,0.0,0.0
2019-04-03 00:00:00-04:00,414.3399963378906,415.1600036621094,400.8399963378906,407.0,789300,0.0,0.0
2019-04-04 00:00:00-04:00,408.0,410.79998779296875,400.8299865722656,406.5299987792969,517300,0.0,0.0
2019-04-05 00:00:00-04:00,408.1700134277344,412.6300048828125,406.54998779296875,408.94000244140625,657400,0.0,0.0
2019-04-08 00:00:00-04:00,408.0799865722656,410.94000244140625,396.0,401.260009765625,703800,0.0,0.0
2019-04-09 00:00:00-04:00,400.0,400.3399963378906,395.1400146484375,395.7300109863281,577700,0.0,0.0
2019-04-10 00:00:00-04:00,397.17999267578125,408.4800109863281,394.3299865722656,408.2300109863281,579700,0.0,0.0
2019-04-11 00:00:00-04:00,410.0,410.19000244140625,391.7300109863281,393.4800109863281,843500,0.0,0.0
2019-04-12 00:00:00-04:00,393.1700134277344,394.5,381.17999267578125,382.94000244140625,1254100,0.0,0.0
2019-04-15 00:00:00-04:00,382.80999755859375,385.989990234375,375.20001220703125,375.5,811500,0.0,0.0
2019-04-16 00:00:00-04:00,377.8999938964844,383.0,366.3599853515625,367.69000244140625,1054900,0.0,0.0
2019-04-17 00:00:00-04:00,366.9599914550781,368.0199890136719,342.0199890136719,342.9700012207031,1978400,0.0,0.0
2019-04-18 00:00:00-04:00,346.3999938964844,347.54998779296875,332.2200012207031,333.3399963378906,1920400,0.0,0.0
2019-04-22 00:00:00-04:00,332.5,336.0,329.0,334.0299987792969,921700,0.0,0.0
2019-04-23 00:00:00-04:00,335.510009765625,346.6400146484375,334.4599914550781,344.1400146484375,972700,0.0,0.0
2019-04-24 00:00:00-04:00,344.42999267578125,346.32000732421875,338.6700134277344,340.4599914550781,850700,0.0,0.0
2019-04-25 00:00:00-04:00,340.3800048828125,351.8999938964844,337.6600036621094,349.989990234375,891200,0.0,0.0
2019-04-26 00:00:00-04:00,351.25,351.6700134277344,339.6099853515625,343.6600036621094,846000,0.0,0.0
2019-04-29 00:00:00-04:00,343.1300048828125,345.9800109863281,338.6199951171875,344.1499938964844,598100,0.0,0.0
2019-04-30 00:00:00-04:00,343.79998779296875,345.0400085449219,337.9599914550781,343.1400146484375,554800,0.0,0.0
2019-05-01 00:00:00-04:00,343.0400085449219,345.44000244140625,338.9100036621094,340.7900085449219,503400,0.0,0.0
2019-05-02 00:00:00-04:00,342.69000244140625,344.2900085449219,331.25,335.4100036621094,812400,0.0,0.0
2019-05-03 00:00:00-04:00,336.9800109863281,339.7099914550781,334.6700134277344,336.8900146484375,848300,0.0,0.0
2019-05-06 00:00:00-04:00,332.20001220703125,344.9200134277344,332.20001220703125,344.2300109863281,916700,0.0,0.0
2019-05-07 00:00:00-04:00,333.0,336.5,318.70001220703125,322.3999938964844,1967300,0.0,0.0
2019-05-08 00:00:00-04:00,319.3299865722656,329.75,319.3299865722656,329.0,1183700,0.0,0.0
2019-05-09 00:00:00-04:00,325.7900085449219,327.3599853515625,320.739990234375,324.1700134277344,864100,0.0,0.0
2019-05-10 00:00:00-04:00,323.55999755859375,323.80999755859375,311.3500061035156,312.8599853515625,1407500,0.0,0.0
2019-05-13 00:00:00-04:00,306.6700134277344,309.29998779296875,299.1099853515625,305.1499938964844,1153600,0.0,0.0
2019-05-14 00:00:00-04:00,306.3500061035156,309.19000244140625,303.5899963378906,304.6199951171875,836900,0.0,0.0
2019-05-15 00:00:00-04:00,301.95001220703125,306.2699890136719,297.32000732421875,305.8500061035156,784100,0.0,0.0
2019-05-16 00:00:00-04:00,306.2200012207031,314.05999755859375,304.0,308.0400085449219,1049100,0.0,0.0
2019-05-17 00:00:00-04:00,305.79998779296875,309.2099914550781,303.70001220703125,304.94000244140625,756000,0.0,0.0
2019-05-20 00:00:00-04:00,301.5199890136719,304.57000732421875,297.2699890136719,302.57000732421875,738600,0.0,0.0
2019-05-21 00:00:00-04:00,304.8800048828125,314.2900085449219,304.8800048828125,309.95001220703125,999900,0.0,0.0
2019-05-22 00:00:00-04:00,308.010009765625,321.489990234375,302.7300109863281,320.0899963378906,1252700,0.0,0.0
2019-05-23 00:00:00-04:00,316.760009765625,318.6600036621094,310.3699951171875,315.260009765625,934700,0.0,0.0
2019-05-24 00:00:00-04:00,316.6600036621094,318.80999755859375,308.4700012207031,312.55999755859375,401100,0.0,0.0
2019-05-28 00:00:00-04:00,313.3800048828125,315.7900085449219,307.70001220703125,307.92999267578125,718300,0.0,0.0
2019-05-29 00:00:00-04:00,307.0899963378906,310.6700134277344,302.7799987792969,307.7799987792969,627100,0.0,0.0
2019-05-30 00:00:00-04:00,308.6099853515625,310.3599853515625,302.8800048828125,307.9599914550781,627800,0.0,0.0
2019-05-31 00:00:00-04:00,305.9800109863281,306.45001220703125,295.7300109863281,301.7200012207031,863500,0.0,0.0
2019-06-03 00:00:00-04:00,301.1300048828125,309.739990234375,301.1300048828125,303.95001220703125,670200,0.0,0.0
2019-06-04 00:00:00-04:00,306.0299987792969,309.4200134277344,300.5799865722656,302.05999755859375,844600,0.0,0.0
2019-06-05 00:00:00-04:00,304.8399963378906,304.95001220703125,295.2699890136719,300.0,979900,0.0,0.0
2019-06-06 00:00:00-04:00,300.1199951171875,304.5299987792969,298.7300109863281,299.6000061035156,767600,0.0,0.0
2019-06-07 00:00:00-04:00,302.0799865722656,307.0,297.8599853515625,306.7200012207031,775500,0.0,0.0
2019-06-10 00:00:00-04:00,306.5400085449219,310.9200134277344,303.510009765625,304.25,726000,0.0,0.0
2019-06-11 00:00:00-04:00,306.8800048828125,309.6199951171875,306.2300109863281,306.8399963378906,554900,0.0,0.0
2019-06-12 00:00:00-04:00,306.8299865722656,309.4700012207031,305.25,306.1600036621094,556000,0.0,0.0
2019-06-13 00:00:00-04:00,307.17999267578125,308.19000244140625,302.32000732421875,307.4200134277344,653900,0.0,0.0
2019-06-14 00:00:00-04:00,306.80999755859375,315.20001220703125,304.0,305.239990234375,624200,0.0,0.0
2019-06-17 00:00:00-04:00,307.3399963378906,312.9200134277344,301.760009765625,310.9800109863281,587900,0.0,0.0
2019-06-18 00:00:00-04:00,311.1000061035156,317.8399963378906,305.760009765625,306.6300048828125,1001000,0.0,0.0
2019-06-19 00:00:00-04:00,306.3399963378906,311.8999938964844,303.7699890136719,310.8299865722656,971200,0.0,0.0
2019-06-20 00:00:00-04:00,315.70001220703125,327.8299865722656,315.25,320.4800109863281,1617100,0.0,0.0
2019-06-21 00:00:00-04:00,324.260009765625,324.260009765625,312.0,320.260009765625,1493700,0.0,0.0
2019-06-24 00:00:00-04:00,318.760009765625,320.32000732421875,311.260009765625,312.54998779296875,780700,0.0,0.0
2019-06-25 00:00:00-04:00,313.1300048828125,317.4200134277344,311.8399963378906,312.8999938964844,702200,0.0,0.0
2019-06-26 00:00:00-04:00,313.25,316.6499938964844,300.5199890136719,305.0799865722656,1005000,0.0,0.0
2019-06-27 00:00:00-04:00,306.239990234375,311.57000732421875,304.07000732421875,310.6700134277344,564700,0.0,0.0
2019-06-28 00:00:00-04:00,312.1199951171875,316.25,311.239990234375,313.0,1499000,0.0,0.0
2019-07-01 00:00:00-04:00,317.6099853515625,318.6000061035156,313.1499938964844,316.55999755859375,688700,0.0,0.0
2019-07-02 00:00:00-04:00,317.6199951171875,320.42999267578125,313.0,315.5299987792969,758200,0.0,0.0
2019-07-03 00:00:00-04:00,317.4200134277344,320.3599853515625,312.5299987792969,318.3900146484375,545000,0.0,0.0
2019-07-05 00:00:00-04:00,316.1499938964844,320.760009765625,306.0799865722656,307.0,799600,0.0,0.0
2019-07-08 00:00:00-04:00,305.1000061035156,305.8599853515625,296.80999755859375,302.8399963378906,928800,0.0,0.0
2019-07-09 00:00:00-04:00,300.9200134277344,308.3900146484375,300.0,307.9700012207031,789800,0.0,0.0
2019-07-10 00:00:00-04:00,308.1499938964844,309.8399963378906,291.6600036621094,301.42999267578125,1533800,0.0,0.0
2019-07-11 00:00:00-04:00,296.989990234375,296.989990234375,288.0,291.82000732421875,1414200,0.0,0.0
2019-07-12 00:00:00-04:00,292.1199951171875,295.489990234375,287.6600036621094,292.55999755859375,648400,0.0,0.0
2019-07-15 00:00:00-04:00,292.9800109863281,300.3399963378906,289.5299987792969,298.20001220703125,875900,0.0,0.0
2019-07-16 00:00:00-04:00,299.19000244140625,299.69000244140625,295.7799987792969,298.3699951171875,492500,0.0,0.0
2019-07-17 00:00:00-04:00,297.260009765625,303.29998779296875,297.0799865722656,299.4200134277344,646300,0.0,0.0
2019-07-18 00:00:00-04:00,299.7900085449219,304.20001220703125,297.20001220703125,303.0899963378906,548000,0.0,0.0
2019-07-19 00:00:00-04:00,303.5199890136719,303.67999267578125,296.3500061035156,298.1099853515625,692700,0.0,0.0
2019-07-22 00:00:00-04:00,298.20001220703125,300.32000732421875,294.70001220703125,296.5199890136719,609000,0.0,0.0
2019-07-23 00:00:00-04:00,298.3399963378906,310.8699951171875,296.9100036621094,309.260009765625,992100,0.0,0.0
2019-07-24 00:00:00-04:00,310.8699951171875,314.2900085449219,303.5899963378906,313.6300048828125,1144900,0.0,0.0
2019-07-25 00:00:00-04:00,311.1199951171875,311.5199890136719,302.9200134277344,303.4200134277344,679500,0.0,0.0
2019-07-26 00:00:00-04:00,304.3500061035156,309.7300109863281,300.6099853515625,309.17999267578125,956700,0.0,0.0
2019-07-29 00:00:00-04:00,314.5,314.95001220703125,302.80999755859375,306.0400085449219,691600,0.0,0.0
2019-07-30 00:00:00-04:00,304.30999755859375,311.2699890136719,303.5199890136719,311.1300048828125,512700,0.0,0.0
2019-07-31 00:00:00-04:00,309.79998779296875,312.260009765625,301.20001220703125,304.760009765625,690600,0.0,0.0
2019-08-01 00:00:00-04:00,306.67999267578125,313.92999267578125,304.6099853515625,309.42999267578125,704200,0.0,0.0
2019-08-02 00:00:00-04:00,308.95001220703125,311.1099853515625,303.05999755859375,305.239990234375,506500,0.0,0.0
2019-08-05 00:00:00-04:00,302.1499938964844,304.0,296.5199890136719,299.57000732421875,845300,0.0,0.0
2019-08-06 00:00:00-04:00,304.4800109863281,306.0,293.3999938964844,300.260009765625,1188200,0.0,0.0
2019-08-07 00:00:00-04:00,297.6600036621094,304.6099853515625,294.010009765625,302.2200012207031,811600,0.0,0.0
2019-08-08 00:00:00-04:00,303.1199951171875,310.0799865722656,303.1199951171875,309.8699951171875,694000,0.0,0.0
2019-08-09 00:00:00-04:00,308.8399963378906,310.17999267578125,299.9800109863281,304.8900146484375,537200,0.0,0.0
2019-08-12 00:00:00-04:00,298.6400146484375,305.1000061035156,295.6099853515625,295.8699951171875,543400,0.0,0.0
2019-08-13 00:00:00-04:00,298.1300048828125,307.6700134277344,296.94000244140625,304.8599853515625,610800,0.0,0.0
2019-08-14 00:00:00-04:00,301.8299865722656,304.29998779296875,292.4200134277344,293.5299987792969,676400,0.0,0.0
2019-08-15 00:00:00-04:00,295.3699951171875,296.9100036621094,290.4700012207031,293.1099853515625,564000,0.0,0.0
2019-08-16 00:00:00-04:00,295.32000732421875,297.3500061035156,290.7200012207031,296.8500061035156,730200,0.0,0.0
2019-08-19 00:00:00-04:00,299.3399963378906,300.82000732421875,296.79998779296875,298.3800048828125,781200,0.0,0.0
2019-08-20 00:00:00-04:00,299.2099914550781,301.0,294.989990234375,296.0299987792969,571500,0.0,0.0
2019-08-21 00:00:00-04:00,297.9800109863281,300.510009765625,295.0199890136719,297.7799987792969,451700,0.0,0.0
2019-08-22 00:00:00-04:00,297.5,298.95001220703125,291.6099853515625,295.0199890136719,441400,0.0,0.0
2019-08-23 00:00:00-04:00,293.9599914550781,296.260009765625,285.54998779296875,286.8500061035156,815800,0.0,0.0
2019-08-26 00:00:00-04:00,288.239990234375,290.3699951171875,283.489990234375,284.7300109863281,527500,0.0,0.0
2019-08-27 00:00:00-04:00,285.8699951171875,291.1400146484375,281.1099853515625,281.4100036621094,801500,0.0,0.0
2019-08-28 00:00:00-04:00,280.0400085449219,290.2900085449219,279.3900146484375,287.6400146484375,713600,0.0,0.0
2019-08-29 00:00:00-04:00,289.7900085449219,292.70001220703125,287.0899963378906,290.57000732421875,509300,0.0,0.0
2019-08-30 00:00:00-04:00,292.0199890136719,293.4599914550781,287.25,290.04998779296875,604500,0.0,0.0
2019-09-03 00:00:00-04:00,289.20001220703125,290.3900146484375,281.25,285.1199951171875,566000,0.0,0.0
2019-09-04 00:00:00-04:00,288.2099914550781,288.989990234375,282.30999755859375,286.5,628600,0.0,0.0
2019-09-05 00:00:00-04:00,287.94000244140625,293.6400146484375,287.94000244140625,289.3699951171875,494100,0.0,0.0
2019-09-06 00:00:00-04:00,290.45001220703125,293.20001220703125,287.6700134277344,292.0,570100,0.0,0.0
2019-09-09 00:00:00-04:00,291.5299987792969,291.92999267578125,278.7200012207031,279.0,927500,0.0,0.0
2019-09-10 00:00:00-04:00,279.0299987792969,285.04998779296875,271.57000732421875,283.7200012207031,1159800,0.0,0.0
2019-09-11 00:00:00-04:00,284.0,287.4800109863281,282.54998779296875,283.3299865722656,517600,0.0,0.0
2019-09-12 00:00:00-04:00,284.6400146484375,288.8800048828125,281.010009765625,284.17999267578125,539800,0.0,0.0
2019-09-13 00:00:00-04:00,283.8399963378906,287.0,279.4700012207031,281.6199951171875,617100,0.0,0.0
2019-09-16 00:00:00-04:00,280.5,287.2799987792969,280.5,285.8900146484375,476100,0.0,0.0
2019-09-17 00:00:00-04:00,284.7699890136719,288.8900146484375,283.6499938964844,288.1199951171875,604700,0.0,0.0
2019-09-18 00:00:00-04:00,288.54998779296875,288.54998779296875,281.3999938964844,285.05999755859375,548800,0.0,0.0
2019-09-19 00:00:00-04:00,284.6600036621094,287.95001220703125,284.6600036621094,286.1499938964844,404900,0.0,0.0
2019-09-20 00:00:00-04:00,288.75,297.6400146484375,286.67999267578125,295.8699951171875,1661800,0.0,0.0
2019-09-23 00:00:00-04:00,297.3599853515625,299.9800109863281,293.0299987792969,294.70001220703125,649400,0.0,0.0
2019-09-24 00:00:00-04:00,295.0199890136719,296.0,287.6199951171875,289.7099914550781,642300,0.0,0.0
2019-09-25 00:00:00-04:00,290.2099914550781,291.8999938964844,286.3299865722656,286.6499938964844,468800,0.0,0.0
2019-09-26 00:00:00-04:00,287.70001220703125,287.70001220703125,277.8599853515625,281.30999755859375,855900,0.0,0.0
2019-09-27 00:00:00-04:00,280.45001220703125,282.80999755859375,271.3699951171875,273.4599914550781,770400,0.0,0.0
2019-09-30 00:00:00-04:00,275.29998779296875,280.04998779296875,272.0199890136719,277.3999938964844,515100,0.0,0.0
2019-10-01 00:00:00-04:00,277.2699890136719,279.4100036621094,273.3999938964844,276.4700012207031,589600,0.0,0.0
2019-10-02 00:00:00-04:00,275.30999755859375,277.8599853515625,272.260009765625,274.1300048828125,572100,0.0,0.0
2019-10-03 00:00:00-04:00,274.3500061035156,281.70001220703125,272.2699890136719,280.7200012207031,632000,0.0,0.0
2019-10-04 00:00:00-04:00,281.6600036621094,284.0400085449219,278.0,282.92999267578125,511900,0.0,0.0
2019-10-07 00:00:00-04:00,280.6600036621094,287.7699890136719,280.6600036621094,283.80999755859375,422700,0.0,0.0
2019-10-08 00:00:00-04:00,280.510009765625,288.6300048828125,279.2200012207031,285.1000061035156,984000,0.0,0.0
2019-10-09 00:00:00-04:00,286.82000732421875,292.25,286.0899963378906,290.8299865722656,980600,0.0,0.0
2019-10-10 00:00:00-04:00,289.3800048828125,299.95001220703125,288.9800109863281,298.3599853515625,960600,0.0,0.0
2019-10-11 00:00:00-04:00,300.1099853515625,306.4200134277344,298.8999938964844,300.7699890136719,1074600,0.0,0.0
2019-10-14 00:00:00-04:00,299.3999938964844,310.1499938964844,298.6000061035156,305.44000244140625,840700,0.0,0.0
2019-10-15 00:00:00-04:00,305.3500061035156,306.9599914550781,303.0,303.82000732421875,731900,0.0,0.0
2019-10-16 00:00:00-04:00,302.260009765625,303.3900146484375,298.2799987792969,299.3999938964844,827000,0.0,0.0
2019-10-17 00:00:00-04:00,301.2099914550781,302.7099914550781,299.94000244140625,301.57000732421875,445700,0.0,0.0
2019-10-18 00:00:00-04:00,303.510009765625,303.510009765625,298.70001220703125,300.19000244140625,530000,0.0,0.0
2019-10-21 00:00:00-04:00,301.9700012207031,301.9700012207031,294.8599853515625,297.989990234375,496800,0.0,0.0
2019-10-22 00:00:00-04:00,305.0,306.92999267578125,301.20001220703125,301.30999755859375,723200,0.0,0.0
2019-10-23 00:00:00-04:00,301.8599853515625,307.07000732421875,299.4700012207031,305.0199890136719,589300,0.0,0.0
2019-10-24 00:00:00-04:00,303.75,306.0899963378906,299.2200012207031,305.7699890136719,565800,0.0,0.0
2019-10-25 00:00:00-04:00,305.2799987792969,308.010009765625,301.7900085449219,306.2099914550781,412800,0.0,0.0
2019-10-28 00:00:00-04:00,305.6199951171875,310.5299987792969,303.2200012207031,308.55999755859375,384800,0.0,0.0
2019-10-29 00:00:00-04:00,310.0,313.3900146484375,308.5899963378906,310.4599914550781,387600,0.0,0.0
2019-10-30 00:00:00-04:00,310.1000061035156,311.7900085449219,306.1199951171875,311.0,604400,0.0,0.0
2019-10-31 00:00:00-04:00,310.6199951171875,311.3800048828125,303.489990234375,306.2799987792969,741100,0.0,0.0
2019-11-01 00:00:00-04:00,309.0,313.1600036621094,307.44000244140625,310.4800109863281,829800,0.0,0.0
2019-11-04 00:00:00-05:00,313.04998779296875,315.94000244140625,310.739990234375,311.0400085449219,632800,0.0,0.0
2019-11-05 00:00:00-05:00,323.3599853515625,344.1000061035156,322.1099853515625,332.6000061035156,2345700,0.0,0.0
2019-11-06 00:00:00-05:00,331.3699951171875,333.2799987792969,324.2699890136719,324.489990234375,1017700,0.0,0.0
2019-11-07 00:00:00-05:00,329.17999267578125,333.7200012207031,325.6199951171875,326.3900146484375,952300,0.0,0.0
2019-11-08 00:00:00-05:00,327.5199890136719,342.4700012207031,327.0299987792969,341.7900085449219,1106100,0.0,0.0
2019-11-11 00:00:00-05:00,340.3399963378906,344.989990234375,338.7099914550781,344.2799987792969,611900,0.0,0.0
2019-11-12 00:00:00-05:00,344.0,349.94000244140625,341.3599853515625,348.4100036621094,905400,0.0,0.0
2019-11-13 00:00:00-05:00,346.3299865722656,349.6300048828125,341.82000732421875,348.29998779296875,1009400,0.0,0.0
2019-11-14 00:00:00-05:00,349.79998779296875,350.0,337.0299987792969,338.3900146484375,1029600,0.0,0.0
2019-11-15 00:00:00-05:00,340.95001220703125,349.8599853515625,338.7099914550781,344.8699951171875,912200,0.0,0.0
2019-11-18 00:00:00-05:00,342.5899963378906,344.2099914550781,337.5299987792969,340.19000244140625,622500,0.0,0.0
2019-11-19 00:00:00-05:00,344.17999267578125,348.19000244140625,340.2099914550781,344.4599914550781,630800,0.0,0.0
2019-11-20 00:00:00-05:00,341.9800109863281,347.4200134277344,341.9800109863281,344.239990234375,1058100,0.0,0.0
2019-11-21 00:00:00-05:00,343.6000061035156,353.0,341.6099853515625,350.7799987792969,858300,0.0,0.0
2019-11-22 00:00:00-05:00,350.92999267578125,365.739990234375,350.92999267578125,360.6600036621094,1286400,0.0,0.0
2019-11-25 00:00:00-05:00,362.44000244140625,367.0199890136719,358.4800109863281,366.82000732421875,845000,0.0,0.0
2019-11-26 00:00:00-05:00,366.8699951171875,367.3999938964844,361.760009765625,363.8299865722656,735100,0.0,0.0
2019-11-27 00:00:00-05:00,365.07000732421875,372.5899963378906,364.6199951171875,371.5799865722656,734400,0.0,0.0
2019-11-29 00:00:00-05:00,372.05999755859375,372.4700012207031,366.7699890136719,369.0,463600,0.0,0.0
2019-12-02 00:00:00-05:00,368.17999267578125,369.0,363.07000732421875,366.0799865722656,652200,0.0,0.0
2019-12-03 00:00:00-05:00,366.989990234375,369.5,363.3999938964844,368.80999755859375,929700,0.0,0.0
2019-12-04 00:00:00-05:00,369.19000244140625,373.3399963378906,367.57000732421875,369.9700012207031,605000,0.0,0.0
2019-12-05 00:00:00-05:00,370.9700012207031,372.0,366.1600036621094,368.3399963378906,501800,0.0,0.0
2019-12-06 00:00:00-05:00,369.5199890136719,373.7300109863281,368.29998779296875,372.260009765625,575900,0.0,0.0
2019-12-09 00:00:00-05:00,373.0899963378906,373.0899963378906,362.8900146484375,365.6300048828125,974400,0.0,0.0
2019-12-10 00:00:00-05:00,357.1499938964844,372.1499938964844,357.0,367.6700134277344,1061600,0.0,0.0
2019-12-11 00:00:00-05:00,368.3999938964844,376.67999267578125,368.25,373.5299987792969,935700,0.0,0.0
2019-12-12 00:00:00-05:00,374.1000061035156,382.25,372.0799865722656,372.1600036621094,949900,0.0,0.0
2019-12-13 00:00:00-05:00,376.1600036621094,379.17999267578125,372.55999755859375,376.4200134277344,995900,0.0,0.0
2019-12-16 00:00:00-05:00,367.8399963378906,377.2200012207031,367.7099914550781,376.010009765625,756600,0.0,0.0
2019-12-17 00:00:00-05:00,375.7300109863281,375.7300109863281,368.2200012207031,369.1000061035156,1002900,0.0,0.0
2019-12-18 00:00:00-05:00,370.29998779296875,373.6300048828125,368.7300109863281,371.3599853515625,831300,0.0,0.0
2019-12-19 00:00:00-05:00,371.95001220703125,373.9800109863281,363.1400146484375,372.54998779296875,903700,0.0,0.0
2019-12-20 00:00:00-05:00,374.94000244140625,375.79998779296875,371.010009765625,375.6199951171875,1192800,0.0,0.0
2019-12-23 00:00:00-05:00,377.20001220703125,377.8800048828125,372.55999755859375,374.20001220703125,431200,0.0,0.0
2019-12-24 00:00:00-05:00,374.75,376.7099914550781,372.510009765625,376.510009765625,221500,0.0,0.0
2019-12-26 00:00:00-05:00,376.760009765625,377.760009765625,374.0,374.8599853515625,451900,0.0,0.0
2019-12-27 00:00:00-05:00,375.239990234375,375.95001220703125,370.9700012207031,373.32000732421875,293000,0.0,0.0
2019-12-30 00:00:00-05:00,373.739990234375,375.82000732421875,371.0400085449219,373.70001220703125,369200,0.0,0.0
2019-12-31 00:00:00-05:00,373.6400146484375,376.7099914550781,372.0400085449219,375.4800109863281,494600,0.0,0.0
2020-01-02 00:00:00-05:00,378.0,379.0,369.239990234375,373.3500061035156,512400,0.0,0.0
2020-01-03 00:00:00-05:00,368.2099914550781,372.3500061035156,367.04998779296875,369.1600036621094,500800,0.0,0.0
2020-01-06 00:00:00-05:00,368.2300109863281,372.1400146484375,364.5,371.739990234375,690800,0.0,0.0
2020-01-07 00:00:00-05:00,371.55999755859375,373.8299865722656,368.0199890136719,373.1300048828125,736400,0.0,0.0
2020-01-08 00:00:00-05:00,373.17999267578125,384.8500061035156,370.7099914550781,382.4200134277344,743100,0.0,0.0
2020-01-09 00:00:00-05:00,383.6300048828125,386.5400085449219,381.3699951171875,383.4700012207031,587500,0.0,0.0
2020-01-10 00:00:00-05:00,384.6199951171875,386.1000061035156,380.0,381.4100036621094,568100,0.0,0.0
2020-01-13 00:00:00-05:00,380.010009765625,380.3399963378906,375.1300048828125,378.92999267578125,637200,0.0,0.0
2020-01-14 00:00:00-05:00,378.29998779296875,388.4200134277344,375.57000732421875,387.6199951171875,638900,0.0,0.0
2020-01-15 00:00:00-05:00,387.4200134277344,396.4700012207031,387.4200134277344,390.75,680700,0.0,0.0
2020-01-16 00:00:00-05:00,393.1700134277344,394.0,381.82000732421875,385.57000732421875,620500,0.0,0.0
2020-01-17 00:00:00-05:00,386.1000061035156,386.6000061035156,382.5299987792969,385.94000244140625,862800,0.0,0.0
2020-01-21 00:00:00-05:00,385.8999938964844,386.30999755859375,363.67999267578125,363.7099914550781,1488400,0.0,0.0
2020-01-22 00:00:00-05:00,365.7200012207031,367.1400146484375,356.4599914550781,359.1400146484375,1320300,0.0,0.0
2020-01-23 00:00:00-05:00,359.4200134277344,360.45001220703125,354.2099914550781,356.6000061035156,737600,0.0,0.0
2020-01-24 00:00:00-05:00,359.9100036621094,359.9100036621094,343.0899963378906,345.2799987792969,1103100,0.0,0.0
2020-01-27 00:00:00-05:00,341.20001220703125,343.32000732421875,336.1700134277344,339.4200134277344,775000,0.0,0.0
2020-01-28 00:00:00-05:00,341.6000061035156,345.7699890136719,337.29998779296875,344.0799865722656,729500,0.0,0.0
2020-01-29 00:00:00-05:00,346.25,347.9700012207031,338.8999938964844,339.25,558600,0.0,0.0
2020-01-30 00:00:00-05:00,335.67999267578125,337.57000732421875,331.57000732421875,336.17999267578125,664100,0.0,0.0
2020-01-31 00:00:00-05:00,333.1700134277344,338.9800109863281,328.1300048828125,337.94000244140625,988600,0.0,0.0
2020-02-03 00:00:00-05:00,339.69000244140625,347.0,339.3900146484375,341.1199951171875,930100,0.0,0.0
2020-02-04 00:00:00-05:00,347.8999938964844,359.489990234375,347.6199951171875,356.0,956800,0.0,0.0
2020-02-05 00:00:00-05:00,364.8399963378906,376.67999267578125,363.0,372.1600036621094,1404400,0.0,0.0
2020-02-06 00:00:00-05:00,385.5299987792969,394.67999267578125,375.0299987792969,389.8500061035156,1605500,0.0,0.0
2020-02-07 00:00:00-05:00,391.07000732421875,391.3699951171875,378.510009765625,381.8699951171875,1172400,0.0,0.0
2020-02-10 00:00:00-05:00,378.1600036621094,389.8399963378906,377.44000244140625,386.2099914550781,939500,0.0,0.0
2020-02-11 00:00:00-05:00,390.2099914550781,398.0,387.9800109863281,396.75,992800,0.0,0.0
2020-02-12 00:00:00-05:00,398.1300048828125,407.04998779296875,397.6400146484375,406.29998779296875,1076200,0.0,0.0
2020-02-13 00:00:00-05:00,406.44000244140625,408.0,398.1000061035156,398.80999755859375,656800,0.0,0.0
2020-02-14 00:00:00-05:00,399.1000061035156,402.0899963378906,393.3900146484375,399.54998779296875,536800,0.0,0.0
2020-02-18 00:00:00-05:00,396.82000732421875,402.0,395.010009765625,397.6499938964844,512200,0.0,0.0
2020-02-19 00:00:00-05:00,397.8599853515625,402.2099914550781,395.30999755859375,400.80999755859375,564000,0.0,0.0
2020-02-20 00:00:00-05:00,399.8999938964844,401.0899963378906,393.760009765625,399.1400146484375,660800,0.0,0.0
2020-02-21 00:00:00-05:00,396.07000732421875,404.5400085449219,392.8599853515625,403.1499938964844,655300,0.0,0.0
2020-02-24 00:00:00-05:00,395.5400085449219,426.3599853515625,386.8399963378906,425.3800048828125,2959700,0.0,0.0
2020-02-25 00:00:00-05:00,437.25,457.6000061035156,437.0,442.3500061035156,3568800,0.0,0.0
2020-02-26 00:00:00-05:00,444.0199890136719,461.3399963378906,442.44000244140625,457.9200134277344,2299300,0.0,0.0
2020-02-27 00:00:00-05:00,468.55999755859375,470.0,430.70001220703125,431.6099853515625,2093500,0.0,0.0
2020-02-28 00:00:00-05:00,422.3699951171875,445.04998779296875,418.2200012207031,444.57000732421875,1591000,0.0,0.0
2020-03-02 00:00:00-05:00,445.0,465.510009765625,445.0,464.75,1713100,0.0,0.0
2020-03-03 00:00:00-05:00,454.7200012207031,467.69000244140625,448.1099853515625,461.54998779296875,1210600,0.0,0.0
2020-03-04 00:00:00-05:00,467.9599914550781,494.55999755859375,467.1300048828125,493.4800109863281,1960700,0.0,0.0
2020-03-05 00:00:00-05:00,480.94000244140625,500.0,480.0,488.1700134277344,1270200,0.0,0.0
2020-03-06 00:00:00-05:00,477.2900085449219,496.989990234375,477.0,494.42999267578125,1130700,0.0,0.0
2020-03-09 00:00:00-04:00,466.94000244140625,486.69000244140625,466.1499938964844,474.44000244140625,1344100,0.0,0.0
2020-03-10 00:00:00-04:00,488.45001220703125,488.7099914550781,460.79998779296875,475.0199890136719,1390500,0.0,0.0
2020-03-11 00:00:00-04:00,479.1099853515625,485.9800109863281,459.6099853515625,464.70001220703125,1351800,0.0,0.0
2020-03-12 00:00:00-04:00,444.3599853515625,451.9599914550781,426.1000061035156,431.8900146484375,1627800,0.0,0.0
2020-03-13 00:00:00-04:00,445.010009765625,466.0400085449219,418.010009765625,465.54998779296875,1380700,0.0,0.0
2020-03-16 00:00:00-04:00,452.510009765625,484.5799865722656,433.82000732421875,440.8299865722656,1926300,0.0,0.0
2020-03-17 00:00:00-04:00,494.0,512.97998046875,473.0,491.69000244140625,3856500,0.0,0.0
2020-03-18 00:00:00-04:00,495.7799987792969,499.0,455.55999755859375,485.0,2529500,0.0,0.0
2020-03-19 00:00:00-04:00,483.92999267578125,518.0,469.45001220703125,489.8299865722656,2358200,0.0,0.0
2020-03-20 00:00:00-04:00,493.010009765625,499.5,435.010009765625,438.45001220703125,2027000,0.0,0.0
2020-03-23 00:00:00-04:00,449.8399963378906,477.0,433.2799987792969,455.6300048828125,1829300,0.0,0.0
2020-03-24 00:00:00-04:00,468.2200012207031,471.989990234375,424.010009765625,449.5299987792969,1615700,0.0,0.0
2020-03-25 00:00:00-04:00,443.0400085449219,458.8299865722656,427.0799865722656,429.7799987792969,1288000,0.0,0.0
2020-03-26 00:00:00-04:00,426.510009765625,452.70001220703125,424.0199890136719,452.29998779296875,1686200,0.0,0.0
2020-03-27 00:00:00-04:00,446.0299987792969,465.7900085449219,445.1499938964844,449.5199890136719,1109000,0.0,0.0
2020-03-30 00:00:00-04:00,463.0899963378906,476.1000061035156,461.0,473.0,1337000,0.0,0.0
2020-03-31 00:00:00-04:00,474.0,495.4800109863281,463.79998779296875,488.2900085449219,1953200,0.0,0.0
2020-04-01 00:00:00-04:00,484.1400146484375,499.989990234375,476.45001220703125,496.6499938964844,1679800,0.0,0.0
2020-04-02 00:00:00-04:00,494.2900085449219,501.0,483.1099853515625,498.75,1058900,0.0,0.0
2020-04-03 00:00:00-04:00,495.55999755859375,503.260009765625,485.0400085449219,493.32000732421875,1169500,0.0,0.0
2020-04-06 00:00:00-04:00,503.3800048828125,511.010009765625,488.8900146484375,504.2699890136719,1285500,0.0,0.0
2020-04-07 00:00:00-04:00,502.80999755859375,509.739990234375,492.010009765625,501.510009765625,1046900,0.0,0.0
2020-04-08 00:00:00-04:00,502.2099914550781,514.1099853515625,488.0,512.3300170898438,1167100,0.0,0.0
2020-04-09 00:00:00-04:00,510.1000061035156,515.6400146484375,500.8699951171875,512.9600219726562,1011800,0.0,0.0
2020-04-13 00:00:00-04:00,512.010009765625,519.0,504.1199951171875,517.02001953125,789800,0.0,0.0
2020-04-14 00:00:00-04:00,524.6199951171875,525.9000244140625,517.0,524.8400268554688,962600,0.0,0.0
2020-04-15 00:00:00-04:00,525.2999877929688,527.0999755859375,510.5,511.69000244140625,836800,0.0,0.0
2020-04-16 00:00:00-04:00,518.9199829101562,541.969970703125,517.6199951171875,539.9299926757812,1206300,0.0,0.0
2020-04-17 00:00:00-04:00,549.989990234375,572.5,539.1400146484375,568.7899780273438,2133500,0.0,0.0
2020-04-20 00:00:00-04:00,566.7100219726562,574.3200073242188,560.3900146484375,567.989990234375,949300,0.0,0.0
2020-04-21 00:00:00-04:00,566.0599975585938,568.989990234375,536.7999877929688,544.4600219726562,1026300,0.0,0.0
2020-04-22 00:00:00-04:00,555.5,563.3699951171875,540.9500122070312,558.0800170898438,825800,0.0,0.0
2020-04-23 00:00:00-04:00,558.9299926757812,573.1599731445312,557.489990234375,565.52001953125,739500,0.0,0.0
2020-04-24 00:00:00-04:00,573.6400146484375,574.0,556.469970703125,566.2100219726562,837100,0.0,0.0
2020-04-27 00:00:00-04:00,563.1500244140625,565.6799926757812,539.1500244140625,547.52001953125,1467800,0.0,0.0
2020-04-28 00:00:00-04:00,537.47998046875,539.97998046875,522.4199829101562,528.6099853515625,1128200,0.0,0.0
2020-04-29 00:00:00-04:00,532.6400146484375,533.1699829101562,513.8099975585938,516.1500244140625,1306300,0.0,0.0
2020-04-30 00:00:00-04:00,513.989990234375,527.4299926757812,507.69000244140625,525.8800048828125,938000,0.0,0.0
2020-05-01 00:00:00-04:00,524.22998046875,529.2100219726562,514.5499877929688,525.5,482200,0.0,0.0
2020-05-04 00:00:00-04:00,528.1799926757812,544.2000122070312,527.6199951171875,541.8200073242188,885600,0.0,0.0
2020-05-05 00:00:00-04:00,563.0599975585938,581.0,561.27001953125,574.3699951171875,1550700,0.0,0.0
2020-05-06 00:00:00-04:00,559.2000122070312,569.989990234375,541.5599975585938,553.5,1906200,0.0,0.0
2020-05-07 00:00:00-04:00,564.3900146484375,570.2100219726562,555.9600219726562,559.8300170898438,1132100,0.0,0.0
2020-05-08 00:00:00-04:00,562.0,567.8300170898438,553.52001953125,563.4000244140625,698900,0.0,0.0
2020-05-11 00:00:00-04:00,565.22998046875,578.77001953125,564.0999755859375,574.1099853515625,1040900,0.0,0.0
2020-05-12 00:00:00-04:00,576.97998046875,578.0,556.4500122070312,557.5399780273438,918600,0.0,0.0
2020-05-13 00:00:00-04:00,560.6500244140625,581.780029296875,558.510009765625,577.1199951171875,1058900,0.0,0.0
2020-05-14 00:00:00-04:00,577.1799926757812,580.77001953125,565.5999755859375,570.8599853515625,702300,0.0,0.0
2020-05-15 00:00:00-04:00,566.780029296875,577.0,563.0800170898438,576.719970703125,865700,0.0,0.0
2020-05-18 00:00:00-04:00,582.0,583.5399780273438,558.8900146484375,560.280029296875,962800,0.0,0.0
2020-05-19 00:00:00-04:00,561.0,569.5,557.5999755859375,557.5999755859375,737900,0.0,0.0
2020-05-20 00:00:00-04:00,562.0700073242188,580.5499877929688,561.3900146484375,576.8900146484375,840800,0.0,0.0
2020-05-21 00:00:00-04:00,577.510009765625,578.3400268554688,556.6799926757812,560.97998046875,812600,0.0,0.0
2020-05-22 00:00:00-04:00,558.1199951171875,574.1900024414062,558.1199951171875,569.9099731445312,653500,0.0,0.0
2020-05-26 00:00:00-04:00,548.5399780273438,556.1300048828125,534.25,545.2100219726562,3742000,0.0,0.0
2020-05-27 00:00:00-04:00,538.7000122070312,555.530029296875,522.02001953125,544.010009765625,5902600,0.0,0.0
2020-05-28 00:00:00-04:00,547.5,583.030029296875,546.1300048828125,578.2100219726562,7869500,0.0,0.0
2020-05-29 00:00:00-04:00,580.7000122070312,615.3599853515625,571.52001953125,612.8099975585938,6675100,0.0,0.0
2020-06-01 00:00:00-04:00,605.0,610.0,597.6199951171875,599.469970703125,1579300,0.0,0.0
2020-06-02 00:00:00-04:00,602.2000122070312,618.7100219726562,591.6699829101562,617.6599731445312,1511500,0.0,0.0
2020-06-03 00:00:00-04:00,615.3699951171875,616.6799926757812,589.5999755859375,604.280029296875,1541000,0.0,0.0
2020-06-04 00:00:00-04:00,596.989990234375,610.989990234375,592.7899780273438,598.5399780273438,851800,0.0,0.0
2020-06-05 00:00:00-04:00,585.0,600.1400146484375,578.4299926757812,597.0,1324100,0.0,0.0
2020-06-08 00:00:00-04:00,587.8800048828125,605.260009765625,579.5999755859375,604.0399780273438,964700,0.0,0.0
2020-06-09 00:00:00-04:00,603.489990234375,611.5599975585938,601.8900146484375,608.5900268554688,849900,0.0,0.0
2020-06-10 00:00:00-04:00,613.030029296875,617.3699951171875,603.0,606.5900268554688,925500,0.0,0.0
2020-06-11 00:00:00-04:00,621.0,625.7899780273438,592.3200073242188,596.1599731445312,1515800,0.0,0.0
2020-06-12 00:00:00-04:00,616.010009765625,619.6799926757812,583.1400146484375,588.3900146484375,1230200,0.0,0.0
2020-06-15 00:00:00-04:00,584.5399780273438,593.489990234375,582.3200073242188,590.5700073242188,676100,0.0,0.0
2020-06-16 00:00:00-04:00,590.0,597.1500244140625,575.8900146484375,592.9000244140625,741400,0.0,0.0
2020-06-17 00:00:00-04:00,596.3300170898438,606.5,594.8599853515625,603.0999755859375,678000,0.0,0.0
2020-06-18 00:00:00-04:00,601.3400268554688,604.030029296875,590.2999877929688,597.3499755859375,645000,0.0,0.0
2020-06-19 00:00:00-04:00,602.3099975585938,646.3300170898438,598.7100219726562,643.9199829101562,2668600,0.0,0.0
2020-06-22 00:00:00-04:00,634.0900268554688,634.1900024414062,618.1900024414062,628.47998046875,1238800,0.0,0.0
2020-06-23 00:00:00-04:00,631.3300170898438,637.5399780273438,623.010009765625,628.760009765625,832700,0.0,0.0
2020-06-24 00:00:00-04:00,630.0,644.7000122070312,599.0,605.0399780273438,1459600,0.0,0.0
2020-06-25 00:00:00-04:00,604.6699829101562,620.2899780273438,602.510009765625,619.9600219726562,813900,0.0,0.0
2020-06-26 00:00:00-04:00,611.02001953125,616.3499755859375,601.5599975585938,611.3599853515625,1817800,0.0,0.0
2020-06-29 00:00:00-04:00,609.3699951171875,617.27001953125,605.77001953125,610.8699951171875,663200,0.0,0.0
2020-06-30 00:00:00-04:00,621.9299926757812,626.0599975585938,611.1599731445312,623.6500244140625,754900,0.0,0.0
2020-07-01 00:00:00-04:00,625.0,625.0,601.02001953125,609.1699829101562,984700,0.0,0.0
2020-07-02 00:00:00-04:00,612.0999755859375,630.760009765625,608.760009765625,622.4500122070312,802500,0.0,0.0
2020-07-06 00:00:00-04:00,635.0,639.0,623.5,627.25,1041000,0.0,0.0
2020-07-07 00:00:00-04:00,636.030029296875,653.530029296875,628.22998046875,640.8800048828125,1423100,0.0,0.0
2020-07-08 00:00:00-04:00,650.4099731445312,650.489990234375,632.4199829101562,640.3400268554688,660100,0.0,0.0
2020-07-09 00:00:00-04:00,648.0,655.9299926757812,629.0,640.6300048828125,1009600,0.0,0.0
2020-07-10 00:00:00-04:00,638.4000244140625,639.989990234375,617.9500122070312,620.8599853515625,929000,0.0,0.0
2020-07-13 00:00:00-04:00,623.6699829101562,633.8400268554688,614.1099853515625,615.8800048828125,733200,0.0,0.0
2020-07-14 00:00:00-04:00,615.5800170898438,644.3400268554688,612.2000122070312,641.22998046875,864200,0.0,0.0
2020-07-15 00:00:00-04:00,641.989990234375,644.739990234375,626.5,632.739990234375,568800,0.0,0.0
2020-07-16 00:00:00-04:00,628.75,634.260009765625,621.989990234375,632.2100219726562,410300,0.0,0.0
2020-07-17 00:00:00-04:00,635.0,650.0,632.2100219726562,644.0599975585938,713700,0.0,0.0
2020-07-20 00:00:00-04:00,646.6400146484375,664.6400146484375,646.5,658.2100219726562,671100,0.0,0.0
2020-07-21 00:00:00-04:00,658.0,658.0,635.6400146484375,638.8599853515625,753400,0.0,0.0
2020-07-22 00:00:00-04:00,642.5900268554688,644.0599975585938,634.3599853515625,637.530029296875,497200,0.0,0.0
2020-07-23 00:00:00-04:00,637.9199829101562,644.3200073242188,628.3400268554688,630.3099975585938,571300,0.0,0.0
2020-07-24 00:00:00-04:00,623.7000122070312,623.7000122070312,596.02001953125,608.9400024414062,1206000,0.0,0.0
2020-07-27 00:00:00-04:00,620.0,638.4199829101562,613.2899780273438,637.4000244140625,850800,0.0,0.0
2020-07-28 00:00:00-04:00,636.2000122070312,638.3599853515625,629.0700073242188,631.0,452000,0.0,0.0
2020-07-29 00:00:00-04:00,634.0499877929688,634.469970703125,625.8800048828125,632.1599731445312,369900,0.0,0.0
2020-07-30 00:00:00-04:00,625.719970703125,641.3800048828125,625.719970703125,631.469970703125,615700,0.0,0.0
2020-07-31 00:00:00-04:00,634.6799926757812,634.7899780273438,620.0599975585938,632.0700073242188,663000,0.0,0.0
2020-08-03 00:00:00-04:00,634.8400268554688,647.4000244140625,632.72998046875,645.1799926757812,487200,0.0,0.0
2020-08-04 00:00:00-04:00,654.4600219726562,654.4600219726562,636.0999755859375,648.4299926757812,747700,0.0,0.0
2020-08-05 00:00:00-04:00,654.9500122070312,660.0,623.9000244140625,624.52001953125,1132700,0.0,0.0
2020-08-06 00:00:00-04:00,628.8800048828125,630.0,613.5999755859375,621.2100219726562,663500,0.0,0.0
2020-08-07 00:00:00-04:00,621.0,627.4600219726562,614.5499877929688,620.2100219726562,432600,0.0,0.0
2020-08-10 00:00:00-04:00,623.0,624.3599853515625,596.5800170898438,608.239990234375,624300,0.0,0.0
2020-08-11 00:00:00-04:00,601.1099853515625,608.239990234375,592.4500122070312,598.8599853515625,587200,0.0,0.0
2020-08-12 00:00:00-04:00,599.9000244140625,617.0,599.9000244140625,612.3499755859375,562600,0.0,0.0
2020-08-13 00:00:00-04:00,611.489990234375,616.239990234375,607.27001953125,610.8900146484375,378100,0.0,0.0
2020-08-14 00:00:00-04:00,610.0900268554688,617.3099975585938,610.0900268554688,612.5700073242188,302900,0.0,0.0
2020-08-17 00:00:00-04:00,614.739990234375,627.989990234375,614.2100219726562,620.72998046875,403900,0.0,0.0
2020-08-18 00:00:00-04:00,623.010009765625,623.010009765625,613.27001953125,618.5900268554688,387900,0.0,0.0
2020-08-19 00:00:00-04:00,628.97998046875,640.6500244140625,625.0,629.6300048828125,720700,0.0,0.0
2020-08-20 00:00:00-04:00,610.010009765625,619.75,608.4400024414062,616.8900146484375,656600,0.0,0.0
2020-08-21 00:00:00-04:00,617.1799926757812,618.0700073242188,603.219970703125,605.489990234375,662200,0.0,0.0
2020-08-24 00:00:00-04:00,612.3800048828125,613.0999755859375,590.7100219726562,594.77001953125,991900,0.0,0.0
2020-08-25 00:00:00-04:00,596.510009765625,615.0,594.739990234375,610.5,734300,0.0,0.0
2020-08-26 00:00:00-04:00,605.5,613.1400146484375,604.489990234375,612.0,487900,0.0,0.0
2020-08-27 00:00:00-04:00,614.6699829101562,619.52001953125,610.22998046875,614.969970703125,534900,0.0,0.0
2020-08-28 00:00:00-04:00,611.0,614.510009765625,598.9000244140625,602.6099853515625,584200,0.0,0.0
2020-08-31 00:00:00-04:00,602.3300170898438,621.6099853515625,601.3499755859375,619.9299926757812,908100,0.0,0.0
2020-09-01 00:00:00-04:00,615.6300048828125,620.0,589.2999877929688,592.6799926757812,1028000,0.0,0.0
2020-09-02 00:00:00-04:00,591.2999877929688,610.989990234375,591.2999877929688,610.1500244140625,878000,0.0,0.0
2020-09-03 00:00:00-04:00,610.4000244140625,610.4199829101562,575.0999755859375,577.4000244140625,841500,0.0,0.0
2020-09-04 00:00:00-04:00,575.0,584.0,564.5,580.3599853515625,715400,0.0,0.0
2020-09-08 00:00:00-04:00,577.780029296875,578.989990234375,560.780029296875,561.8900146484375,688300,0.0,0.0
2020-09-09 00:00:00-04:00,565.0,575.0800170898438,564.9600219726562,571.1500244140625,620400,0.0,0.0
2020-09-10 00:00:00-04:00,566.6400146484375,572.7999877929688,548.239990234375,550.0999755859375,879300,0.0,0.0
2020-09-11 00:00:00-04:00,551.7899780273438,561.3300170898438,540.0,544.75,814100,0.0,0.0
2020-09-14 00:00:00-04:00,554.4099731445312,566.510009765625,550.6500244140625,564.2000122070312,762200,0.0,0.0
2020-09-15 00:00:00-04:00,569.1699829101562,582.8599853515625,567.5900268554688,579.9000244140625,612400,0.0,0.0
2020-09-16 00:00:00-04:00,584.1199951171875,586.4400024414062,568.0,569.1500244140625,804400,0.0,0.0
2020-09-17 00:00:00-04:00,557.1900024414062,569.3699951171875,557.1900024414062,565.0,686500,0.0,0.0
2020-09-18 00:00:00-04:00,567.47998046875,567.8300170898438,544.9600219726562,555.239990234375,1977100,0.0,0.0
2020-09-21 00:00:00-04:00,551.1400146484375,556.4600219726562,542.1599731445312,555.7000122070312,682500,0.0,0.0
2020-09-22 00:00:00-04:00,552.3599853515625,573.4500122070312,552.3599853515625,571.510009765625,580500,0.0,0.0
2020-09-23 00:00:00-04:00,572.3699951171875,578.1599731445312,562.489990234375,565.1900024414062,535600,0.0,0.0
2020-09-24 00:00:00-04:00,561.0,564.989990234375,554.7000122070312,557.4600219726562,457900,0.0,0.0
2020-09-25 00:00:00-04:00,555.4000244140625,575.9199829101562,551.0,574.0599975585938,643600,0.0,0.0
2020-09-28 00:00:00-04:00,572.8300170898438,574.6199951171875,559.0599975585938,571.9199829101562,637000,0.0,0.0
2020-09-29 00:00:00-04:00,573.2000122070312,576.0,567.9199829101562,573.6099853515625,454100,0.0,0.0
2020-09-30 00:00:00-04:00,589.77001953125,589.77001953125,554.0,559.780029296875,2159300,0.0,0.0
2020-10-01 00:00:00-04:00,562.5,568.3800048828125,552.27001953125,568.1400146484375,1092600,0.0,0.0
2020-10-02 00:00:00-04:00,562.0,576.0,554.0399780273438,564.7999877929688,1235100,0.0,0.0
2020-10-05 00:00:00-04:00,598.9000244140625,619.969970703125,591.1500244140625,605.0800170898438,4843300,0.0,0.0
2020-10-06 00:00:00-04:00,605.3200073242188,610.3800048828125,579.02001953125,581.6400146484375,1725300,0.0,0.0
2020-10-07 00:00:00-04:00,588.489990234375,593.8800048828125,581.6500244140625,591.6900024414062,957200,0.0,0.0
2020-10-08 00:00:00-04:00,614.6500244140625,615.0,598.0999755859375,599.8800048828125,2355600,0.0,0.0
2020-10-09 00:00:00-04:00,601.0,604.4400024414062,593.510009765625,602.0700073242188,1190100,0.0,0.0
2020-10-12 00:00:00-04:00,602.25,605.3900146484375,590.8499755859375,601.5499877929688,1003200,0.0,0.0
2020-10-13 00:00:00-04:00,601.5999755859375,616.3099975585938,600.1799926757812,607.97998046875,1243900,0.0,0.0
2020-10-14 00:00:00-04:00,609.1799926757812,610.9199829101562,596.75,600.8200073242188,951400,0.0,0.0
2020-10-15 00:00:00-04:00,598.02001953125,605.1199951171875,580.739990234375,585.1799926757812,1048300,0.0,0.0
2020-10-16 00:00:00-04:00,590.0,605.4299926757812,585.6699829101562,599.739990234375,1168800,0.0,0.0
2020-10-19 00:00:00-04:00,600.0,601.0900268554688,579.0,583.1400146484375,778400,0.0,0.0
2020-10-20 00:00:00-04:00,582.0,586.489990234375,573.1400146484375,576.6300048828125,637500,0.0,0.0
2020-10-21 00:00:00-04:00,577.530029296875,581.6799926757812,567.02001953125,572.4000244140625,493800,0.0,0.0
2020-10-22 00:00:00-04:00,566.0399780273438,577.0499877929688,566.0399780273438,575.72998046875,467200,0.0,0.0
2020-10-23 00:00:00-04:00,580.2899780273438,582.719970703125,575.1199951171875,579.8099975585938,565900,0.0,0.0
2020-10-26 00:00:00-04:00,574.6599731445312,587.6199951171875,574.6599731445312,585.739990234375,533500,0.0,0.0
2020-10-27 00:00:00-04:00,584.97998046875,590.969970703125,579.0399780273438,582.52001953125,526200,0.0,0.0
2020-10-28 00:00:00-04:00,576.6900024414062,578.97998046875,563.8699951171875,567.0399780273438,592900,0.0,0.0
2020-10-29 00:00:00-04:00,576.0,576.0,555.5399780273438,555.7899780273438,905000,0.0,0.0
2020-10-30 00:00:00-04:00,545.1199951171875,556.5800170898438,533.22998046875,543.5599975585938,1164700,0.0,0.0
2020-11-02 00:00:00-05:00,545.0599975585938,557.4099731445312,539.1699829101562,548.5800170898438,835900,0.0,0.0
2020-11-03 00:00:00-05:00,551.8900146484375,561.239990234375,550.0,557.1900024414062,490400,0.0,0.0
2020-11-04 00:00:00-05:00,578.0900268554688,593.9600219726562,575.9500122070312,587.1400146484375,1195600,0.0,0.0
2020-11-05 00:00:00-05:00,595.0,596.7999877929688,578.9500122070312,588.8099975585938,944300,0.0,0.0
2020-11-06 00:00:00-05:00,589.0399780273438,589.0399780273438,572.719970703125,578.030029296875,748400,0.0,0.0
2020-11-09 00:00:00-05:00,551.6099853515625,573.1599731445312,540.3099975585938,567.5499877929688,1321100,0.0,0.0
2020-11-10 00:00:00-05:00,560.0,565.989990234375,546.9299926757812,559.219970703125,839200,0.0,0.0
2020-11-11 00:00:00-05:00,564.8499755859375,573.6599731445312,560.0,567.72998046875,671000,0.0,0.0
2020-11-12 00:00:00-05:00,568.9199829101562,571.0,554.8400268554688,556.780029296875,548500,0.0,0.0
2020-11-13 00:00:00-05:00,560.219970703125,567.7000122070312,556.7999877929688,566.4299926757812,565800,0.0,0.0
2020-11-16 00:00:00-05:00,557.4500122070312,566.7899780273438,556.0,559.2899780273438,542100,0.0,0.0
2020-11-17 00:00:00-05:00,556.3800048828125,556.5999755859375,536.0499877929688,538.1500244140625,1051700,0.0,0.0
2020-11-18 00:00:00-05:00,543.0,543.0,518.1900024414062,519.0399780273438,1240800,0.0,0.0
2020-11-19 00:00:00-05:00,519.1900024414062,525.6900024414062,514.4199829101562,514.7100219726562,947600,0.0,0.0
2020-11-20 00:00:00-05:00,513.9600219726562,521.27001953125,509.3399963378906,518.739990234375,1045300,0.0,0.0
2020-11-23 00:00:00-05:00,538.8599853515625,538.8599853515625,516.7999877929688,523.6099853515625,1764400,0.0,0.0
2020-11-24 00:00:00-05:00,521.6099853515625,528.4400024414062,505.79998779296875,506.1000061035156,1270300,0.0,0.0
2020-11-25 00:00:00-05:00,507.17999267578125,515.469970703125,507.17999267578125,508.30999755859375,711800,0.0,0.0
2020-11-27 00:00:00-05:00,513.4199829101562,518.9199829101562,509.20001220703125,514.0499877929688,498200,0.0,0.0
2020-11-30 00:00:00-05:00,520.0,520.780029296875,507.6000061035156,516.030029296875,1707500,0.0,0.0
2020-12-01 00:00:00-05:00,516.0,525.280029296875,513.6900024414062,514.0700073242188,937400,0.0,0.0
2020-12-02 00:00:00-05:00,515.9400024414062,515.9400024414062,503.80999755859375,505.1300048828125,782700,0.0,0.0
2020-12-03 00:00:00-05:00,505.20001220703125,509.5400085449219,497.1199951171875,498.8399963378906,966000,0.0,0.0
2020-12-04 00:00:00-05:00,497.010009765625,501.8500061035156,490.05999755859375,492.45001220703125,961200,0.0,0.0
2020-12-07 00:00:00-05:00,497.489990234375,499.70001220703125,492.7900085449219,495.4100036621094,881900,0.0,0.0
2020-12-08 00:00:00-05:00,497.1000061035156,497.8800048828125,486.29998779296875,497.1400146484375,1007900,0.0,0.0
2020-12-09 00:00:00-05:00,500.0,500.0,484.0,488.6400146484375,934300,0.0,0.0
2020-12-10 00:00:00-05:00,485.2900085449219,487.1199951171875,477.8699951171875,478.9800109863281,1184100,0.0,0.0
2020-12-11 00:00:00-05:00,478.2200012207031,483.5400085449219,471.5799865722656,479.7699890136719,1013500,0.0,0.0
2020-12-14 00:00:00-05:00,484.1199951171875,502.6000061035156,483.54998779296875,500.3800048828125,1245800,0.0,0.0
2020-12-15 00:00:00-05:00,500.69000244140625,500.989990234375,486.82000732421875,491.7900085449219,1086300,0.0,0.0
2020-12-16 00:00:00-05:00,491.79998779296875,494.4599914550781,485.1499938964844,486.57000732421875,862500,0.0,0.0
2020-12-17 00:00:00-05:00,486.8999938964844,496.75,486.5,496.2099914550781,856300,0.0,0.0
2020-12-18 00:00:00-05:00,500.0,506.989990234375,496.80999755859375,498.8900146484375,1820900,0.0,0.0
2020-12-21 00:00:00-05:00,494.0,497.2900085449219,485.05999755859375,496.739990234375,1009300,0.0,0.0
2020-12-22 00:00:00-05:00,496.0,496.4800109863281,488.5,490.05999755859375,849600,0.0,0.0
2020-12-23 00:00:00-05:00,491.20001220703125,493.6300048828125,488.5199890136719,492.19000244140625,545700,0.0,0.0
2020-12-24 00:00:00-05:00,492.44000244140625,495.2300109863281,486.0299987792969,488.92999267578125,289100,0.0,0.0
2020-12-28 00:00:00-05:00,488.7200012207031,492.69000244140625,482.2099914550781,482.9599914550781,713400,0.0,0.0
2020-12-29 00:00:00-05:00,485.0,490.45001220703125,482.4200134277344,484.2200012207031,558200,0.0,0.0
2020-12-30 00:00:00-05:00,487.3900146484375,488.8299865722656,477.67999267578125,478.29998779296875,633200,0.0,0.0
2020-12-31 00:00:00-05:00,477.80999755859375,483.57000732421875,470.7799987792969,483.1099853515625,897900,0.0,0.0
2021-01-04 00:00:00-05:00,486.8500061035156,491.7799987792969,473.5799865722656,482.8599853515625,911100,0.0,0.0
2021-01-05 00:00:00-05:00,480.3900146484375,486.25,475.4100036621094,483.45001220703125,797700,0.0,0.0
2021-01-06 00:00:00-05:00,477.1499938964844,483.0,467.0,470.0899963378906,1434700,0.0,0.0
2021-01-07 00:00:00-05:00,471.239990234375,481.8399963378906,467.17999267578125,481.20001220703125,1126600,0.0,0.0
2021-01-08 00:00:00-05:00,487.92999267578125,500.70001220703125,487.92999267578125,498.7300109863281,1018800,0.0,0.0
2021-01-11 00:00:00-05:00,501.0,505.1400146484375,489.3500061035156,502.9200134277344,1115300,0.0,0.0
2021-01-12 00:00:00-05:00,504.4100036621094,518.5,502.0,505.75,1264100,0.0,0.0
2021-01-13 00:00:00-05:00,517.0,522.0,509.1400146484375,511.8999938964844,1333800,0.0,0.0
2021-01-14 00:00:00-05:00,513.0999755859375,524.8800048828125,511.3299865722656,517.9099731445312,848600,0.0,0.0
2021-01-15 00:00:00-05:00,518.0999755859375,522.989990234375,511.1099853515625,517.9299926757812,796900,0.0,0.0
2021-01-19 00:00:00-05:00,523.030029296875,536.6199951171875,522.0599975585938,533.8900146484375,995400,0.0,0.0
2021-01-20 00:00:00-05:00,536.780029296875,543.989990234375,529.3099975585938,542.27001953125,862700,0.0,0.0
2021-01-21 00:00:00-05:00,540.5800170898438,543.280029296875,527.9099731445312,535.47998046875,940100,0.0,0.0
2021-01-22 00:00:00-05:00,534.0999755859375,546.719970703125,534.0999755859375,537.780029296875,620600,0.0,0.0
2021-01-25 00:00:00-05:00,554.3200073242188,555.0,538.77001953125,548.2000122070312,828400,0.0,0.0
2021-01-26 00:00:00-05:00,558.9099731445312,558.9099731445312,542.1400146484375,544.0999755859375,901700,0.0,0.0
2021-01-27 00:00:00-05:00,540.5800170898438,541.969970703125,512.9400024414062,515.5599975585938,1433500,0.0,0.0
2021-01-28 00:00:00-05:00,521.27001953125,529.510009765625,505.1099853515625,506.2699890136719,1050700,0.0,0.0
2021-01-29 00:00:00-05:00,505.9700012207031,514.4199829101562,496.1000061035156,503.8399963378906,1389800,0.0,0.0
2021-02-01 00:00:00-05:00,512.8200073242188,512.8200073242188,503.1000061035156,508.0799865722656,790600,0.0,0.0
2021-02-02 00:00:00-05:00,511.010009765625,513.280029296875,498.0199890136719,499.9800109863281,884500,0.0,0.0
2021-02-03 00:00:00-05:00,505.0899963378906,507.2799987792969,490.8399963378906,491.17999267578125,1076700,0.0,0.0
2021-02-04 00:00:00-05:00,494.07000732421875,498.9599914550781,490.0199890136719,498.8399963378906,1394600,0.0,0.0
2021-02-05 00:00:00-05:00,513.8400268554688,514.969970703125,495.2200012207031,498.9800109863281,1662800,0.0,0.0
2021-02-08 00:00:00-05:00,503.1400146484375,506.6300048828125,492.4599914550781,494.8999938964844,1320400,0.0,0.0
2021-02-09 00:00:00-05:00,496.5299987792969,497.989990234375,487.54998779296875,490.67999267578125,1056000,0.0,0.0
2021-02-10 00:00:00-05:00,493.42999267578125,497.8599853515625,488.1199951171875,491.2200012207031,959200,0.0,0.0
2021-02-11 00:00:00-05:00,491.2300109863281,496.6000061035156,486.0400085449219,490.5400085449219,1057400,0.0,0.0
2021-02-12 00:00:00-05:00,494.25,494.4800109863281,482.8500061035156,485.6199951171875,1295600,0.0,0.0
2021-02-16 00:00:00-05:00,488.010009765625,492.0,478.44000244140625,480.7099914550781,1363500,0.0,0.0
2021-02-17 00:00:00-05:00,477.0,484.3800048828125,476.55999755859375,481.67999267578125,1010700,0.0,0.0
2021-02-18 00:00:00-05:00,479.8999938964844,481.760009765625,475.8399963378906,477.0299987792969,1124300,0.0,0.0
2021-02-19 00:00:00-05:00,478.25,483.67999267578125,470.2699890136719,470.3699951171875,1129900,0.0,0.0
2021-02-22 00:00:00-05:00,468.2699890136719,468.2699890136719,459.8999938964844,460.5799865722656,1345600,0.0,0.0
2021-02-23 00:00:00-05:00,458.05999755859375,468.9599914550781,448.0,468.0299987792969,1705600,0.0,0.0
2021-02-24 00:00:00-05:00,466.1099853515625,469.4700012207031,457.1700134277344,458.6000061035156,1103400,0.0,0.0
2021-02-25 00:00:00-05:00,460.30999755859375,465.0,448.3299865722656,453.19000244140625,1126100,0.0,0.0
2021-02-26 00:00:00-05:00,455.8399963378906,457.1700134277344,445.57000732421875,450.57000732421875,1193500,0.0,0.0
2021-03-01 00:00:00-05:00,454.489990234375,463.8500061035156,453.8299865722656,463.04998779296875,856500,0.0,0.0
2021-03-02 00:00:00-05:00,463.1300048828125,466.0,454.3500061035156,454.8599853515625,759200,0.0,0.0
2021-03-03 00:00:00-05:00,456.1400146484375,458.6499938964844,446.3800048828125,446.7300109863281,898000,0.0,0.0
2021-03-04 00:00:00-05:00,445.3699951171875,451.8500061035156,441.0,449.3800048828125,1093800,0.0,0.0
2021-03-05 00:00:00-05:00,451.5799865722656,463.8299865722656,449.29998779296875,461.57000732421875,1223200,0.0,0.0
2021-03-08 00:00:00-05:00,456.489990234375,473.5,456.489990234375,463.19000244140625,1014300,0.0,0.0
2021-03-09 00:00:00-05:00,469.79998779296875,478.1300048828125,469.32000732421875,470.6300048828125,868400,0.0,0.0
2021-03-10 00:00:00-05:00,473.8900146484375,474.9800109863281,465.2099914550781,467.95001220703125,724700,0.0,0.0
2021-03-11 00:00:00-05:00,469.0,474.8900146484375,466.7300109863281,469.9599914550781,744900,0.0,0.0
2021-03-12 00:00:00-05:00,467.0,471.82000732421875,463.6499938964844,471.4599914550781,552700,0.0,0.0
2021-03-15 00:00:00-04:00,473.010009765625,484.70001220703125,472.260009765625,483.94000244140625,728500,0.0,0.0
2021-03-16 00:00:00-04:00,485.0,490.2200012207031,479.6099853515625,482.1700134277344,698400,0.0,0.0
2021-03-17 00:00:00-04:00,495.0,497.7099914550781,483.1499938964844,496.010009765625,1101000,0.0,0.0
2021-03-18 00:00:00-04:00,485.0799865722656,491.8800048828125,474.30999755859375,474.67999267578125,921100,0.0,0.0
2021-03-19 00:00:00-04:00,478.30999755859375,482.5899963378906,472.4800109863281,473.70001220703125,1078200,0.0,0.0
2021-03-22 00:00:00-04:00,471.8900146484375,484.6099853515625,471.2300109863281,483.2200012207031,911700,0.0,0.0
2021-03-23 00:00:00-04:00,486.1600036621094,488.7200012207031,466.7099914550781,469.760009765625,1086400,0.0,0.0
2021-03-24 00:00:00-04:00,471.510009765625,472.0799865722656,458.25,460.32000732421875,1053800,0.0,0.0
2021-03-25 00:00:00-04:00,458.30999755859375,465.8399963378906,451.6000061035156,463.4800109863281,1413500,0.0,0.0
2021-03-26 00:00:00-04:00,461.1300048828125,477.32000732421875,458.44000244140625,476.9100036621094,1645500,0.0,0.0
2021-03-29 00:00:00-04:00,472.3399963378906,488.8999938964844,471.9100036621094,481.5199890136719,771200,0.0,0.0
2021-03-30 00:00:00-04:00,479.8399963378906,480.8399963378906,469.3599853515625,470.6700134277344,610400,0.0,0.0
2021-03-31 00:00:00-04:00,472.6400146484375,475.70001220703125,470.6700134277344,473.1400146484375,767700,0.0,0.0
2021-04-01 00:00:00-04:00,472.0,478.1499938964844,469.3699951171875,474.92999267578125,763100,0.0,0.0
2021-04-05 00:00:00-04:00,477.0899963378906,485.2799987792969,474.2200012207031,484.55999755859375,949000,0.0,0.0
2021-04-06 00:00:00-04:00,485.5,485.82000732421875,476.7200012207031,478.67999267578125,900900,0.0,0.0
2021-04-07 00:00:00-04:00,479.0,486.95001220703125,477.6199951171875,481.7900085449219,722200,0.0,0.0
2021-04-08 00:00:00-04:00,485.7699890136719,488.989990234375,474.8399963378906,476.3599853515625,1245200,0.0,0.0
2021-04-09 00:00:00-04:00,476.2200012207031,480.260009765625,471.5,475.1700134277344,679500,0.0,0.0
2021-04-12 00:00:00-04:00,481.7799987792969,481.7799987792969,469.79998779296875,472.79998779296875,835500,0.0,0.0
2021-04-13 00:00:00-04:00,476.5299987792969,483.3999938964844,474.6000061035156,477.0400085449219,754900,0.0,0.0
2021-04-14 00:00:00-04:00,478.0,486.7300109863281,477.9200134277344,481.1600036621094,595600,0.0,0.0
2021-04-15 00:00:00-04:00,487.44000244140625,499.2799987792969,485.80999755859375,494.6400146484375,950500,0.0,0.0
2021-04-16 00:00:00-04:00,496.6499938964844,506.8699951171875,495.8599853515625,502.6000061035156,1169400,0.0,0.0
2021-04-19 00:00:00-04:00,503.010009765625,505.9700012207031,498.4700012207031,499.69000244140625,707800,0.0,0.0
2021-04-20 00:00:00-04:00,499.54998779296875,506.7300109863281,497.3999938964844,504.4200134277344,858800,0.0,0.0
2021-04-21 00:00:00-04:00,507.489990234375,510.32000732421875,503.2200012207031,506.4800109863281,621300,0.0,0.0
2021-04-22 00:00:00-04:00,505.3999938964844,505.3999938964844,489.2799987792969,490.42999267578125,1000500,0.0,0.0
2021-04-23 00:00:00-04:00,488.6300048828125,491.489990234375,484.0299987792969,488.6400146484375,819800,0.0,0.0
2021-04-26 00:00:00-04:00,489.8399963378906,502.0,485.0,501.1700134277344,830300,0.0,0.0
2021-04-27 00:00:00-04:00,502.6000061035156,502.6000061035156,491.260009765625,491.80999755859375,474500,0.0,0.0
2021-04-28 00:00:00-04:00,494.9100036621094,495.44000244140625,487.5,487.7699890136719,654000,0.0,0.0
2021-04-29 00:00:00-04:00,489.69000244140625,490.0,482.2799987792969,485.0,574300,0.0,0.0
2021-04-30 00:00:00-04:00,482.7699890136719,491.5799865722656,480.510009765625,481.29998779296875,796700,0.0,0.0
2021-05-03 00:00:00-04:00,483.5,491.6700134277344,482.8299865722656,488.6199951171875,645900,0.0,0.0
2021-05-04 00:00:00-04:00,485.94000244140625,488.2799987792969,480.8500061035156,485.17999267578125,764500,0.0,0.0
2021-05-05 00:00:00-04:00,486.4100036621094,488.75,481.0899963378906,482.4200134277344,842400,0.0,0.0
2021-05-06 00:00:00-04:00,483.1099853515625,502.9800109863281,478.3999938964844,498.67999267578125,1545300,0.0,0.0
2021-05-07 00:00:00-04:00,497.5899963378906,503.0,492.80999755859375,496.75,703200,0.0,0.0
2021-05-10 00:00:00-04:00,497.5199890136719,513.47998046875,495.0,502.3399963378906,1044800,0.0,0.0
2021-05-11 00:00:00-04:00,496.82000732421875,508.9800109863281,494.0199890136719,501.19000244140625,790700,0.0,0.0
2021-05-12 00:00:00-04:00,497.0,513.6699829101562,497.0,507.1400146484375,967700,0.0,0.0
2021-05-13 00:00:00-04:00,508.8599853515625,519.0700073242188,505.57000732421875,517.1699829101562,991400,0.0,0.0
2021-05-14 00:00:00-04:00,520.0,521.1300048828125,512.25,516.6199951171875,785600,0.0,0.0
2021-05-17 00:00:00-04:00,516.4500122070312,525.9600219726562,515.4400024414062,523.72998046875,712200,0.0,0.0
2021-05-18 00:00:00-04:00,523.0,523.0,513.6799926757812,516.219970703125,683300,0.0,0.0
2021-05-19 00:00:00-04:00,517.9000244140625,517.9000244140625,502.5,510.2699890136719,587400,0.0,0.0
2021-05-20 00:00:00-04:00,509.0,518.8699951171875,507.6300048828125,513.2100219726562,574900,0.0,0.0
2021-05-21 00:00:00-04:00,514.1300048828125,516.5,506.42999267578125,506.7200012207031,610400,0.0,0.0
2021-05-24 00:00:00-04:00,509.739990234375,509.739990234375,500.0799865722656,500.4700012207031,521900,0.0,0.0
2021-05-25 00:00:00-04:00,500.8399963378906,502.7200012207031,493.19000244140625,498.0299987792969,767500,0.0,0.0
2021-05-26 00:00:00-04:00,498.75,500.30999755859375,493.0,497.1600036621094,640700,0.0,0.0
2021-05-27 00:00:00-04:00,496.0,500.0400085449219,492.1300048828125,495.3399963378906,1058800,0.0,0.0
2021-05-28 00:00:00-04:00,497.6099853515625,505.2099914550781,497.2200012207031,502.42999267578125,542100,0.0,0.0
2021-06-01 00:00:00-04:00,505.760009765625,508.7900085449219,497.92999267578125,503.2300109863281,617100,0.0,0.0
2021-06-02 00:00:00-04:00,503.1700134277344,510.30999755859375,501.20001220703125,505.3599853515625,679400,0.0,0.0
2021-06-03 00:00:00-04:00,501.07000732421875,506.8900146484375,499.7799987792969,505.6600036621094,445000,0.0,0.0
2021-06-04 00:00:00-04:00,507.5899963378906,518.3699951171875,505.79998779296875,511.8900146484375,785200,0.0,0.0
2021-06-07 00:00:00-04:00,511.6499938964844,525.3900146484375,509.5,514.989990234375,868700,0.0,0.0
2021-06-08 00:00:00-04:00,517.2000122070312,518.6199951171875,501.69000244140625,506.4200134277344,963600,0.0,0.0
2021-06-09 00:00:00-04:00,507.8399963378906,522.7899780273438,505.6199951171875,521.8499755859375,783300,0.0,0.0
2021-06-10 00:00:00-04:00,521.260009765625,533.260009765625,516.0399780273438,532.0399780273438,934900,0.0,0.0
2021-06-11 00:00:00-04:00,529.280029296875,530.260009765625,519.97998046875,525.5499877929688,622900,0.0,0.0
2021-06-14 00:00:00-04:00,525.0,529.2899780273438,521.9600219726562,528.75,497800,0.0,0.0
2021-06-15 00:00:00-04:00,528.0,530.719970703125,523.6599731445312,527.489990234375,547500,0.0,0.0
2021-06-16 00:00:00-04:00,531.1699829101562,542.4199829101562,522.239990234375,523.5800170898438,914400,0.0,0.0
2021-06-17 00:00:00-04:00,524.0,538.5,516.75,536.010009765625,846200,0.0,0.0
2021-06-18 00:00:00-04:00,534.6599731445312,540.030029296875,532.1300048828125,537.9199829101562,914800,0.0,0.0
2021-06-21 00:00:00-04:00,539.989990234375,543.739990234375,532.72998046875,534.27001953125,678800,0.0,0.0
2021-06-22 00:00:00-04:00,533.0399780273438,535.1099853515625,526.9099731445312,534.02001953125,655600,0.0,0.0
2021-06-23 00:00:00-04:00,532.8499755859375,534.7000122070312,523.2899780273438,529.7999877929688,636300,0.0,0.0
2021-06-24 00:00:00-04:00,533.0900268554688,545.3699951171875,531.3300170898438,544.4500122070312,790000,0.0,0.0
2021-06-25 00:00:00-04:00,543.5900268554688,552.5,540.75,550.5499877929688,1912800,0.0,0.0
2021-06-28 00:00:00-04:00,565.5399780273438,569.989990234375,542.5499877929688,542.7000122070312,1509400,0.0,0.0
2021-06-29 00:00:00-04:00,542.280029296875,548.02001953125,536.0800170898438,545.97998046875,721500,0.0,0.0
2021-06-30 00:00:00-04:00,545.2000122070312,561.77001953125,544.52001953125,558.5399780273438,861800,0.0,0.0
2021-07-01 00:00:00-04:00,556.5999755859375,576.9199829101562,554.9500122070312,574.6199951171875,1277400,0.0,0.0
2021-07-02 00:00:00-04:00,576.0,592.8400268554688,571.5499877929688,583.6400146484375,1073700,0.0,0.0
2021-07-06 00:00:00-04:00,579.4099731445312,584.2899780273438,572.9299926757812,582.25,643900,0.0,0.0
2021-07-07 00:00:00-04:00,584.27001953125,590.9500122070312,580.760009765625,585.9000244140625,708700,0.0,0.0
2021-07-08 00:00:00-04:00,578.4400024414062,580.0,568.1500244140625,574.9199829101562,766600,0.0,0.0
2021-07-09 00:00:00-04:00,573.0,580.8499755859375,571.010009765625,580.4000244140625,550100,0.0,0.0
2021-07-12 00:00:00-04:00,579.9199829101562,586.3400268554688,571.0399780273438,574.030029296875,655300,0.0,0.0
2021-07-13 00:00:00-04:00,574.5800170898438,582.1900024414062,570.6199951171875,577.010009765625,448800,0.0,0.0
2021-07-14 00:00:00-04:00,578.5499877929688,582.8599853515625,575.5,581.0599975585938,380300,0.0,0.0
2021-07-15 00:00:00-04:00,579.9000244140625,593.2899780273438,575.0399780273438,589.3200073242188,776200,0.0,0.0
2021-07-16 00:00:00-04:00,587.8200073242188,590.0,580.0,583.239990234375,515600,0.0,0.0
2021-07-19 00:00:00-04:00,581.260009765625,588.0,578.0,585.22998046875,552100,0.0,0.0
2021-07-20 00:00:00-04:00,588.2999877929688,593.6900024414062,580.6599731445312,587.239990234375,644800,0.0,0.0
2021-07-21 00:00:00-04:00,586.760009765625,586.760009765625,573.760009765625,583.719970703125,480800,0.0,0.0
2021-07-22 00:00:00-04:00,581.6300048828125,590.6799926757812,580.02001953125,586.8800048828125,406900,0.0,0.0
2021-07-23 00:00:00-04:00,588.8300170898438,595.47998046875,583.760009765625,586.3499755859375,628200,0.0,0.0
2021-07-26 00:00:00-04:00,586.0,586.0,577.3699951171875,577.780029296875,488400,0.0,0.0
2021-07-27 00:00:00-04:00,568.510009765625,581.2999877929688,565.0,581.010009765625,474700,0.0,0.0
2021-07-28 00:00:00-04:00,582.0399780273438,587.9199829101562,579.0,586.4099731445312,404000,0.0,0.0
2021-07-29 00:00:00-04:00,588.6199951171875,591.6599731445312,582.0999755859375,583.1300048828125,361400,0.0,0.0
2021-07-30 00:00:00-04:00,581.4199829101562,583.280029296875,572.9099731445312,574.6099853515625,775600,0.0,0.0
2021-08-02 00:00:00-04:00,577.1199951171875,580.8699951171875,570.3800048828125,577.1300048828125,362200,0.0,0.0
2021-08-03 00:00:00-04:00,576.8499755859375,587.5599975585938,570.7000122070312,586.510009765625,512800,0.0,0.0
2021-08-04 00:00:00-04:00,584.9199829101562,598.6599731445312,579.3200073242188,580.9500122070312,1042300,0.0,0.0
2021-08-05 00:00:00-04:00,588.6199951171875,603.1400146484375,570.8499755859375,602.469970703125,1628400,0.0,0.0
2021-08-06 00:00:00-04:00,603.0900268554688,615.0,600.02001953125,610.8599853515625,1135100,0.0,0.0
2021-08-09 00:00:00-04:00,610.8499755859375,624.77001953125,610.5900268554688,613.9400024414062,962300,0.0,0.0
2021-08-10 00:00:00-04:00,615.72998046875,619.780029296875,604.5499877929688,614.97998046875,651200,0.0,0.0
2021-08-11 00:00:00-04:00,616.0700073242188,621.3699951171875,603.4099731445312,608.4500122070312,630400,0.0,0.0
2021-08-12 00:00:00-04:00,607.0,611.52001953125,598.030029296875,608.0,577600,0.0,0.0
2021-08-13 00:00:00-04:00,614.0,625.0,612.6199951171875,624.7899780273438,821200,0.0,0.0
2021-08-16 00:00:00-04:00,625.6599731445312,630.0,615.0599975585938,628.5999755859375,869900,0.0,0.0
2021-08-17 00:00:00-04:00,626.1400146484375,650.0,624.010009765625,647.4400024414062,1183900,0.0,0.0
2021-08-18 00:00:00-04:00,650.0,658.969970703125,633.0,635.5700073242188,1642600,0.0,0.0
2021-08-19 00:00:00-04:00,628.9299926757812,662.8699951171875,628.9299926757812,655.6300048828125,1284600,0.0,0.0
2021-08-20 00:00:00-04:00,659.0,674.0700073242188,655.6300048828125,663.27001953125,1303900,0.0,0.0
2021-08-23 00:00:00-04:00,665.2100219726562,671.489990234375,642.6799926757812,667.2899780273438,992900,0.0,0.0
2021-08-24 00:00:00-04:00,665.9199829101562,670.0,656.72998046875,669.9500122070312,731500,0.0,0.0
2021-08-25 00:00:00-04:00,672.8499755859375,674.0,660.7899780273438,669.1799926757812,643500,0.0,0.0
2021-08-26 00:00:00-04:00,670.0599975585938,674.4500122070312,663.2899780273438,665.77001953125,473300,0.0,0.0
2021-08-27 00:00:00-04:00,668.9500122070312,673.0999755859375,660.75,663.2899780273438,424600,0.0,0.0
2021-08-30 00:00:00-04:00,664.0,678.6900024414062,660.4400024414062,677.0800170898438,865300,0.0,0.0
2021-08-31 00:00:00-04:00,677.510009765625,681.72998046875,668.3300170898438,673.4000244140625,829500,0.0,0.0
2021-09-01 00:00:00-04:00,674.719970703125,686.280029296875,671.6300048828125,680.9600219726562,822100,0.0,0.0
2021-09-02 00:00:00-04:00,683.5,684.9000244140625,674.5700073242188,675.75,689300,0.0,0.0
2021-09-03 00:00:00-04:00,675.6199951171875,686.6199951171875,672.0,679.5700073242188,564600,0.0,0.0
2021-09-07 00:00:00-04:00,679.4199829101562,679.5800170898438,658.02001953125,668.8099975585938,717500,0.0,0.0
2021-09-08 00:00:00-04:00,667.7999877929688,676.9400024414062,666.5700073242188,669.1900024414062,463100,0.0,0.0
2021-09-09 00:00:00-04:00,670.280029296875,672.8800048828125,644.6500244140625,646.1099853515625,1047700,0.0,0.0
2021-09-10 00:00:00-04:00,650.0,659.760009765625,646.1099853515625,650.489990234375,747100,0.0,0.0
2021-09-13 00:00:00-04:00,651.0999755859375,653.3300170898438,636.0,639.52001953125,798000,0.0,0.0
2021-09-14 00:00:00-04:00,639.9099731445312,650.4199829101562,639.9099731445312,645.1500244140625,602100,0.0,0.0
2021-09-15 00:00:00-04:00,658.6500244140625,664.989990234375,649.010009765625,652.0,883100,0.0,0.0
2021-09-16 00:00:00-04:00,649.7100219726562,656.6699829101562,643.3800048828125,653.1799926757812,539900,0.0,0.0
2021-09-17 00:00:00-04:00,649.1699829101562,653.0,643.2899780273438,651.8800048828125,761900,0.0,0.0
2021-09-20 00:00:00-04:00,643.8400268554688,652.0,636.1699829101562,640.8900146484375,666400,0.0,0.0
2021-09-21 00:00:00-04:00,645.1099853515625,656.8599853515625,642.8099975585938,646.9500122070312,440600,0.0,0.0
2021-09-22 00:00:00-04:00,646.9500122070312,651.010009765625,640.02001953125,647.0599975585938,561800,0.0,0.0
2021-09-23 00:00:00-04:00,647.0,655.0,644.2999877929688,646.510009765625,537400,0.0,0.0
2021-09-24 00:00:00-04:00,644.3099975585938,644.3099975585938,632.4500122070312,638.9000244140625,654500,0.0,0.0
2021-09-27 00:00:00-04:00,636.7100219726562,636.7100219726562,616.260009765625,619.0700073242188,783700,0.0,0.0
2021-09-28 00:00:00-04:00,607.219970703125,617.7100219726562,603.7899780273438,605.0,1240400,0.0,0.0
2021-09-29 00:00:00-04:00,607.1400146484375,612.739990234375,604.97998046875,606.7000122070312,615100,0.0,0.0
2021-09-30 00:00:00-04:00,607.760009765625,613.5800170898438,604.6199951171875,605.1799926757812,549000,0.0,0.0
2021-10-01 00:00:00-04:00,576.75,578.0,556.0499877929688,570.7899780273438,1457800,0.0,0.0
2021-10-04 00:00:00-04:00,565.3699951171875,568.1300048828125,553.0999755859375,555.4199829101562,992900,0.0,0.0
2021-10-05 00:00:00-04:00,555.9099731445312,564.72998046875,549.27001953125,550.9000244140625,930100,0.0,0.0
2021-10-06 00:00:00-04:00,548.0,553.9299926757812,543.4099731445312,546.5700073242188,890100,0.0,0.0
2021-10-07 00:00:00-04:00,548.1400146484375,559.75,547.3200073242188,552.02001953125,774300,0.0,0.0
2021-10-08 00:00:00-04:00,551.8800048828125,555.52001953125,543.25,550.02001953125,532300,0.0,0.0
2021-10-11 00:00:00-04:00,549.6500244140625,557.8699951171875,545.5999755859375,546.260009765625,538600,0.0,0.0
2021-10-12 00:00:00-04:00,546.0900268554688,549.3499755859375,541.5800170898438,544.4400024414062,521600,0.0,0.0
2021-10-13 00:00:00-04:00,548.3300170898438,556.1799926757812,546.969970703125,547.1199951171875,664200,0.0,0.0
2021-10-14 00:00:00-04:00,553.0,565.1099853515625,552.0700073242188,555.6199951171875,1055800,0.0,0.0
2021-10-15 00:00:00-04:00,558.9299926757812,558.9299926757812,552.1599731445312,553.239990234375,838800,0.0,0.0
2021-10-18 00:00:00-04:00,550.219970703125,552.489990234375,539.1799926757812,543.47998046875,1216200,0.0,0.0
2021-10-19 00:00:00-04:00,548.02001953125,555.6699829101562,545.0,552.1099853515625,985700,0.0,0.0
2021-10-20 00:00:00-04:00,554.239990234375,562.719970703125,553.0,562.7100219726562,878000,0.0,0.0
2021-10-21 00:00:00-04:00,564.47998046875,570.9099731445312,562.52001953125,569.3699951171875,624200,0.0,0.0
2021-10-22 00:00:00-04:00,570.030029296875,573.010009765625,565.3900146484375,572.3599853515625,493000,0.0,0.0
2021-10-25 00:00:00-04:00,573.6599731445312,578.72998046875,569.530029296875,576.2000122070312,627300,0.0,0.0
2021-10-26 00:00:00-04:00,579.1400146484375,594.219970703125,575.6099853515625,592.1500244140625,845300,0.0,0.0
2021-10-27 00:00:00-04:00,593.280029296875,594.0900268554688,587.7000122070312,589.5999755859375,658100,0.0,0.0
2021-10-28 00:00:00-04:00,590.1799926757812,625.719970703125,589.1300048828125,625.1900024414062,1111400,0.0,0.0
2021-10-29 00:00:00-04:00,619.1300048828125,641.260009765625,618.1099853515625,639.9400024414062,860400,0.0,0.0
2021-11-01 00:00:00-04:00,640.0,648.0700073242188,635.75,639.1500244140625,913700,0.0,0.0
2021-11-02 00:00:00-04:00,638.5800170898438,649.97998046875,633.5599975585938,638.77001953125,838400,0.0,0.0
2021-11-03 00:00:00-04:00,637.2100219726562,652.3800048828125,632.0999755859375,652.0999755859375,718800,0.0,0.0
2021-11-04 00:00:00-04:00,657.2100219726562,659.7899780273438,630.9000244140625,647.6300048828125,1507000,0.0,0.0
2021-11-05 00:00:00-04:00,600.0,622.8599853515625,594.5499877929688,611.5399780273438,1768400,0.0,0.0
2021-11-08 00:00:00-05:00,618.5999755859375,623.4199829101562,608.760009765625,622.780029296875,639900,0.0,0.0
2021-11-09 00:00:00-05:00,623.0800170898438,627.5700073242188,614.0,616.3099975585938,601000,0.0,0.0
2021-11-10 00:00:00-05:00,616.8200073242188,635.72998046875,616.8200073242188,622.2000122070312,727900,0.0,0.0
2021-11-11 00:00:00-05:00,622.0,628.4600219726562,617.6500244140625,626.6400146484375,478400,0.0,0.0
2021-11-12 00:00:00-05:00,632.4400024414062,634.4600219726562,623.3099975585938,631.2000122070312,513600,0.0,0.0
2021-11-15 00:00:00-05:00,635.010009765625,649.719970703125,633.280029296875,647.72998046875,777500,0.0,0.0
2021-11-16 00:00:00-05:00,647.3400268554688,661.8400268554688,642.0999755859375,642.75,632700,0.0,0.0
2021-11-17 00:00:00-05:00,645.0800170898438,645.530029296875,635.75,641.8300170898438,440000,0.0,0.0
2021-11-18 00:00:00-05:00,642.2100219726562,653.27001953125,638.5999755859375,648.510009765625,564400,0.0,0.0
2021-11-19 00:00:00-05:00,652.4299926757812,657.5599975585938,646.3699951171875,652.6799926757812,605700,0.0,0.0
2021-11-22 00:00:00-05:00,648.5800170898438,660.280029296875,640.8800048828125,643.6400146484375,632600,0.0,0.0
2021-11-23 00:00:00-05:00,641.9000244140625,650.9600219726562,639.47998046875,649.3200073242188,624300,0.0,0.0
2021-11-24 00:00:00-05:00,651.3800048828125,656.0,645.5499877929688,648.1799926757812,545100,0.0,0.0
2021-11-26 00:00:00-05:00,660.0,660.9500122070312,639.780029296875,643.3499755859375,575600,0.0,0.0
2021-11-29 00:00:00-05:00,645.3200073242188,660.5,642.4099731445312,654.4000244140625,700400,0.0,0.0
2021-11-30 00:00:00-05:00,646.4099731445312,656.5999755859375,635.1199951171875,636.530029296875,1277200,0.0,0.0
2021-12-01 00:00:00-05:00,639.1300048828125,644.4099731445312,630.1300048828125,630.5900268554688,731800,0.0,0.0
2021-12-02 00:00:00-05:00,633.030029296875,640.030029296875,622.489990234375,634.0,563800,0.0,0.0
2021-12-03 00:00:00-05:00,637.77001953125,641.7899780273438,623.1199951171875,635.1599731445312,650400,0.0,0.0
2021-12-06 00:00:00-05:00,642.3599853515625,644.7000122070312,624.5999755859375,625.0,567500,0.0,0.0
2021-12-07 00:00:00-05:00,628.530029296875,643.3699951171875,623.0,635.0900268554688,652500,0.0,0.0
2021-12-08 00:00:00-05:00,638.1400146484375,655.75,633.3300170898438,654.0399780273438,694800,0.0,0.0
2021-12-09 00:00:00-05:00,650.0,667.5599975585938,646.6699829101562,665.719970703125,898200,0.0,0.0
2021-12-10 00:00:00-05:00,661.9400024414062,672.4500122070312,656.25,669.52001953125,791100,0.0,0.0
2021-12-13 00:00:00-05:00,653.1199951171875,665.0,637.4400024414062,660.1500244140625,1074800,0.0,0.0
2021-12-14 00:00:00-05:00,652.22998046875,673.8599853515625,651.8900146484375,670.969970703125,730800,0.0,0.0
2021-12-15 00:00:00-05:00,646.989990234375,662.6300048828125,645.0,657.9299926757812,842100,0.0,0.0
2021-12-16 00:00:00-05:00,644.739990234375,656.3400268554688,630.0999755859375,631.739990234375,1241800,0.0,0.0
2021-12-17 00:00:00-05:00,631.0399780273438,631.1599731445312,615.2000122070312,619.280029296875,1627100,0.0,0.0
2021-12-20 00:00:00-05:00,620.7000122070312,625.3499755859375,602.0700073242188,603.1400146484375,912100,0.0,0.0
2021-12-21 00:00:00-05:00,608.5800170898438,608.5800170898438,598.239990234375,606.8099975585938,1108900,0.0,0.0
2021-12-22 00:00:00-05:00,608.469970703125,619.239990234375,600.8499755859375,617.47998046875,737400,0.0,0.0
2021-12-23 00:00:00-05:00,619.5,627.219970703125,618.1500244140625,625.3800048828125,398700,0.0,0.0
2021-12-27 00:00:00-05:00,625.6599731445312,636.3599853515625,623.2899780273438,634.77001953125,443700,0.0,0.0
2021-12-28 00:00:00-05:00,637.0399780273438,639.5,635.0,638.4600219726562,327800,0.0,0.0
2021-12-29 00:00:00-05:00,639.469970703125,649.0,638.75,647.280029296875,413000,0.0,0.0
2021-12-30 00:00:00-05:00,647.1500244140625,651.280029296875,642.280029296875,642.510009765625,306300,0.0,0.0
2021-12-31 00:00:00-05:00,644.3400268554688,645.5,630.6599731445312,631.52001953125,353400,0.0,0.0
2022-01-03 00:00:00-05:00,625.0,629.3300170898438,621.8699951171875,627.0999755859375,515600,0.0,0.0
2022-01-04 00:00:00-05:00,622.9500122070312,625.0700073242188,612.1099853515625,616.8200073242188,725400,0.0,0.0
2022-01-05 00:00:00-05:00,604.9500122070312,613.6500244140625,594.989990234375,595.1199951171875,1100800,0.0,0.0
2022-01-06 00:00:00-05:00,600.0,606.02001953125,594.969970703125,598.4400024414062,676200,0.0,0.0
2022-01-07 00:00:00-05:00,598.4400024414062,607.010009765625,592.8599853515625,603.72998046875,584400,0.0,0.0
2022-01-10 00:00:00-05:00,603.75,621.6099853515625,602.1300048828125,621.27001953125,822700,0.0,0.0
2022-01-11 00:00:00-05:00,623.1900024414062,628.0800170898438,617.760009765625,626.0900268554688,613800,0.0,0.0
2022-01-12 00:00:00-05:00,624.4500122070312,632.3900146484375,620.8300170898438,631.4400024414062,584700,0.0,0.0
2022-01-13 00:00:00-05:00,632.75,632.75,614.1500244140625,616.1099853515625,649300,0.0,0.0
2022-01-14 00:00:00-05:00,616.02001953125,623.2000122070312,604.7999877929688,615.239990234375,792000,0.0,0.0
2022-01-18 00:00:00-05:00,604.52001953125,612.3900146484375,598.1300048828125,611.219970703125,974800,0.0,0.0
2022-01-19 00:00:00-05:00,617.010009765625,628.0499877929688,612.4000244140625,618.1099853515625,656300,0.0,0.0
2022-01-20 00:00:00-05:00,621.1500244140625,622.2899780273438,612.4299926757812,614.3800048828125,765900,0.0,0.0
2022-01-21 00:00:00-05:00,615.7999877929688,623.97998046875,610.8800048828125,621.4000244140625,1329000,0.0,0.0
2022-01-24 00:00:00-05:00,613.1300048828125,623.5399780273438,601.25,621.47998046875,1126200,0.0,0.0
2022-01-25 00:00:00-05:00,616.2899780273438,618.0,602.4000244140625,603.1900024414062,975500,0.0,0.0
2022-01-26 00:00:00-05:00,604.469970703125,618.010009765625,600.27001953125,605.25,857900,0.0,0.0
2022-01-27 00:00:00-05:00,609.8400268554688,618.75,603.25,608.719970703125,658800,0.0,0.0
2022-01-28 00:00:00-05:00,608.2899780273438,625.0,601.8900146484375,624.9199829101562,736700,0.0,0.0
2022-01-31 00:00:00-05:00,623.1500244140625,623.1699829101562,602.510009765625,608.5900268554688,922300,0.0,0.0
2022-02-01 00:00:00-05:00,607.8300170898438,613.9299926757812,600.219970703125,613.3599853515625,738500,0.0,0.0
2022-02-02 00:00:00-05:00,613.3599853515625,623.4000244140625,596.9000244140625,622.8499755859375,1033300,0.0,0.0
2022-02-03 00:00:00-05:00,617.9099731445312,625.0,613.9600219726562,620.6900024414062,962400,0.0,0.0
2022-02-04 00:00:00-05:00,610.010009765625,635.0,610.010009765625,622.9600219726562,1205800,0.0,0.0
2022-02-07 00:00:00-05:00,620.72998046875,625.1099853515625,613.3200073242188,622.3599853515625,905300,0.0,0.0
2022-02-08 00:00:00-05:00,620.010009765625,621.9000244140625,612.0399780273438,617.9400024414062,846200,0.0,0.0
2022-02-09 00:00:00-05:00,620.0,620.9600219726562,616.260009765625,619.77001953125,818500,0.0,0.0
2022-02-10 00:00:00-05:00,613.3400268554688,624.5499877929688,608.3900146484375,618.219970703125,769500,0.0,0.0
2022-02-11 00:00:00-05:00,620.5700073242188,645.0,617.5,638.4099731445312,1111100,0.0,0.0
2022-02-14 00:00:00-05:00,638.0,639.2000122070312,614.3900146484375,623.530029296875,826900,0.0,0.0
2022-02-15 00:00:00-05:00,622.0,635.4400024414062,620.719970703125,630.1500244140625,675600,0.0,0.0
2022-02-16 00:00:00-05:00,630.6300048828125,632.1699829101562,624.25,630.9000244140625,374000,0.0,0.0
2022-02-17 00:00:00-05:00,628.3699951171875,632.2100219726562,619.510009765625,626.719970703125,627800,0.0,0.0
2022-02-18 00:00:00-05:00,621.8200073242188,632.760009765625,614.0900268554688,615.1300048828125,718900,0.0,0.0
2022-02-22 00:00:00-05:00,613.3099975585938,618.9600219726562,602.1699829101562,602.8900146484375,649200,0.0,0.0
2022-02-23 00:00:00-05:00,625.0,625.0,604.1799926757812,608.97998046875,863000,0.0,0.0
2022-02-24 00:00:00-05:00,603.4000244140625,610.5599975585938,598.0700073242188,609.780029296875,533500,0.0,0.0
2022-02-25 00:00:00-05:00,610.75,622.1400146484375,608.3300170898438,618.6599731445312,427400,0.0,0.0
2022-02-28 00:00:00-05:00,611.5399780273438,620.3300170898438,607.739990234375,618.3599853515625,518900,0.0,0.0
2022-03-01 00:00:00-05:00,615.3900146484375,623.6300048828125,603.1199951171875,607.030029296875,617300,0.0,0.0
2022-03-02 00:00:00-05:00,604.8800048828125,619.8599853515625,604.219970703125,616.8699951171875,339600,0.0,0.0
2022-03-03 00:00:00-05:00,618.5800170898438,620.0,608.6699829101562,611.1500244140625,593100,0.0,0.0
2022-03-04 00:00:00-05:00,604.22998046875,624.6199951171875,604.22998046875,620.4099731445312,550500,0.0,0.0
2022-03-07 00:00:00-05:00,618.4299926757812,636.3599853515625,609.010009765625,618.5900268554688,755300,0.0,0.0
2022-03-08 00:00:00-05:00,611.1699829101562,627.3400268554688,609.030029296875,614.739990234375,592200,0.0,0.0
2022-03-09 00:00:00-05:00,622.2000122070312,626.6799926757812,614.2100219726562,623.4299926757812,538900,0.0,0.0
2022-03-10 00:00:00-05:00,616.1300048828125,632.6799926757812,615.9199829101562,630.3599853515625,480600,0.0,0.0
2022-03-11 00:00:00-05:00,633.7999877929688,652.27001953125,630.6699829101562,642.5800170898438,803200,0.0,0.0
2022-03-14 00:00:00-04:00,644.5999755859375,665.97998046875,644.5999755859375,656.4099731445312,1018900,0.0,0.0
2022-03-15 00:00:00-04:00,660.260009765625,668.9400024414062,654.5,665.9299926757812,763800,0.0,0.0
2022-03-16 00:00:00-04:00,670.010009765625,678.6799926757812,663.8699951171875,677.97998046875,806200,0.0,0.0
2022-03-17 00:00:00-04:00,675.7899780273438,689.989990234375,675.02001953125,685.22998046875,808200,0.0,0.0
2022-03-18 00:00:00-04:00,686.4299926757812,688.8400268554688,677.030029296875,685.9400024414062,1170500,0.0,0.0
2022-03-21 00:00:00-04:00,687.739990234375,697.010009765625,685.6199951171875,693.2000122070312,731100,0.0,0.0
2022-03-22 00:00:00-04:00,695.0499877929688,695.0499877929688,683.6799926757812,692.6400146484375,576900,0.0,0.0
2022-03-23 00:00:00-04:00,693.0399780273438,693.0399780273438,667.8800048828125,669.219970703125,608500,0.0,0.0
2022-03-24 00:00:00-04:00,667.3099975585938,680.0800170898438,666.3499755859375,679.760009765625,402500,0.0,0.0
2022-03-25 00:00:00-04:00,679.9000244140625,685.010009765625,676.1400146484375,680.030029296875,366800,0.0,0.0
2022-03-28 00:00:00-04:00,676.2899780273438,694.22998046875,676.2899780273438,693.4000244140625,625600,0.0,0.0
2022-03-29 00:00:00-04:00,692.5599975585938,699.0,680.1199951171875,698.4299926757812,725000,0.0,0.0
2022-03-30 00:00:00-04:00,700.0499877929688,703.030029296875,690.75,692.3800048828125,848500,0.0,0.0
2022-03-31 00:00:00-04:00,695.77001953125,710.2100219726562,691.77001953125,698.4199829101562,1061500,0.0,0.0
2022-04-01 00:00:00-04:00,701.8200073242188,701.9500122070312,685.280029296875,694.8300170898438,603500,0.0,0.0
2022-04-04 00:00:00-04:00,700.0,704.1699829101562,692.5,698.4099731445312,498600,0.0,0.0
2022-04-05 00:00:00-04:00,697.02001953125,710.4099731445312,689.1199951171875,691.469970703125,671800,0.0,0.0
2022-04-06 00:00:00-04:00,692.0,710.2999877929688,690.010009765625,708.3599853515625,683500,0.0,0.0
2022-04-07 00:00:00-04:00,706.239990234375,725.969970703125,706.2100219726562,721.7999877929688,828000,0.0,0.0
2022-04-08 00:00:00-04:00,725.0,747.4199829101562,725.0,738.8400268554688,1030100,0.0,0.0
2022-04-11 00:00:00-04:00,736.6400146484375,741.8499755859375,722.02001953125,722.3699951171875,709000,0.0,0.0
2022-04-12 00:00:00-04:00,720.6599731445312,726.3300170898438,711.6900024414062,715.7899780273438,488800,0.0,0.0
2022-04-13 00:00:00-04:00,716.3599853515625,732.97998046875,716.3599853515625,731.8900146484375,526200,0.0,0.0
2022-04-14 00:00:00-04:00,732.25,738.989990234375,730.9400024414062,733.02001953125,795700,0.0,0.0
2022-04-18 00:00:00-04:00,726.8099975585938,732.0,719.27001953125,723.2000122070312,313300,0.0,0.0
2022-04-19 00:00:00-04:00,724.2000122070312,725.8099975585938,710.5999755859375,716.219970703125,468000,0.0,0.0
2022-04-20 00:00:00-04:00,720.0700073242188,721.719970703125,713.010009765625,719.6199951171875,413700,0.0,0.0
2022-04-21 00:00:00-04:00,719.0,725.3200073242188,705.0999755859375,706.1099853515625,535200,0.0,0.0
2022-04-22 00:00:00-04:00,701.530029296875,709.0599975585938,686.260009765625,688.0800170898438,609400,0.0,0.0
2022-04-25 00:00:00-04:00,684.7000122070312,690.5599975585938,673.0999755859375,690.3300170898438,514300,0.0,0.0
2022-04-26 00:00:00-04:00,683.010009765625,692.510009765625,673.8900146484375,674.8200073242188,538500,0.0,0.0
2022-04-27 00:00:00-04:00,680.1099853515625,683.9500122070312,672.0999755859375,673.510009765625,406600,0.0,0.0
2022-04-28 00:00:00-04:00,673.510009765625,677.5,660.8200073242188,675.5800170898438,555600,0.0,0.0
2022-04-29 00:00:00-04:00,673.9500122070312,676.6400146484375,655.9000244140625,659.1099853515625,678300,0.0,0.0
2022-05-02 00:00:00-04:00,656.969970703125,658.25,641.1699829101562,652.02001953125,737400,0.0,0.0
2022-05-03 00:00:00-04:00,658.0999755859375,665.2999877929688,650.22998046875,660.489990234375,538700,0.0,0.0
2022-05-04 00:00:00-04:00,661.2999877929688,666.25,636.7999877929688,660.8599853515625,998100,0.0,0.0
2022-05-05 00:00:00-04:00,659.989990234375,660.8699951171875,630.030029296875,639.3699951171875,754700,0.0,0.0
2022-05-06 00:00:00-04:00,639.0399780273438,639.0399780273438,622.0599975585938,623.0499877929688,773800,0.0,0.0
2022-05-09 00:00:00-04:00,612.6699829101562,616.489990234375,597.760009765625,599.77001953125,819400,0.0,0.0
2022-05-10 00:00:00-04:00,609.27001953125,627.8900146484375,608.2899780273438,615.0900268554688,769500,0.0,0.0
2022-05-11 00:00:00-04:00,610.3699951171875,624.8300170898438,604.7100219726562,613.0499877929688,704000,0.0,0.0
2022-05-12 00:00:00-04:00,606.7899780273438,634.1900024414062,606.77001953125,633.9600219726562,793100,0.0,0.0
2022-05-13 00:00:00-04:00,635.3800048828125,648.47998046875,629.0800170898438,645.52001953125,604500,0.0,0.0
2022-05-16 00:00:00-04:00,640.1799926757812,656.4500122070312,640.1799926757812,655.010009765625,486900,0.0,0.0
2022-05-17 00:00:00-04:00,661.8699951171875,670.9600219726562,651.8099975585938,667.5599975585938,571800,0.0,0.0
2022-05-18 00:00:00-04:00,664.0999755859375,672.5399780273438,655.25,659.2000122070312,560100,0.0,0.0
2022-05-19 00:00:00-04:00,660.3499755859375,660.6199951171875,650.8200073242188,657.1500244140625,607700,0.0,0.0
2022-05-20 00:00:00-04:00,661.2899780273438,664.9000244140625,647.5399780273438,661.1400146484375,544300,0.0,0.0
2022-05-23 00:00:00-04:00,671.6099853515625,686.3200073242188,668.5,681.9099731445312,593200,0.0,0.0
2022-05-24 00:00:00-04:00,681.969970703125,686.3300170898438,667.75,686.02001953125,465100,0.0,0.0
2022-05-25 00:00:00-04:00,689.0,699.6300048828125,684.7000122070312,690.8800048828125,562100,0.0,0.0
2022-05-26 00:00:00-04:00,690.1199951171875,697.010009765625,682.9000244140625,683.4400024414062,523500,0.0,0.0
2022-05-27 00:00:00-04:00,685.719970703125,693.8099975585938,680.0,692.7999877929688,558700,0.0,0.0
2022-05-31 00:00:00-04:00,692.7999877929688,692.7999877929688,656.7100219726562,664.739990234375,1691600,0.0,0.0
2022-06-01 00:00:00-04:00,669.510009765625,672.3499755859375,651.8499755859375,658.9199829101562,610000,0.0,0.0
2022-06-02 00:00:00-04:00,655.02001953125,655.02001953125,617.2100219726562,630.7000122070312,1276100,0.0,0.0
2022-06-03 00:00:00-04:00,628.6799926757812,635.3900146484375,625.510009765625,630.3499755859375,666500,0.0,0.0
2022-06-06 00:00:00-04:00,625.47998046875,627.9199829101562,599.6799926757812,609.030029296875,941200,0.0,0.0
2022-06-07 00:00:00-04:00,605.4500122070312,616.6799926757812,603.22998046875,613.97998046875,515900,0.0,0.0
2022-06-08 00:00:00-04:00,617.989990234375,622.8400268554688,605.3300170898438,607.760009765625,566900,0.0,0.0
2022-06-09 00:00:00-04:00,605.1099853515625,605.9000244140625,575.3900146484375,575.47998046875,939700,0.0,0.0
2022-06-10 00:00:00-04:00,570.9600219726562,577.8099975585938,566.77001953125,571.8099975585938,837800,0.0,0.0
2022-06-13 00:00:00-04:00,554.6599731445312,568.1500244140625,547.5499877929688,549.2999877929688,1055000,0.0,0.0
2022-06-14 00:00:00-04:00,555.1199951171875,557.6199951171875,538.010009765625,548.3499755859375,755000,0.0,0.0
2022-06-15 00:00:00-04:00,554.030029296875,570.4600219726562,552.3599853515625,561.1900024414062,766600,0.0,0.0
2022-06-16 00:00:00-04:00,549.6900024414062,559.3099975585938,546.9299926757812,556.75,796800,0.0,0.0
2022-06-17 00:00:00-04:00,565.6099853515625,585.52001953125,561.7100219726562,580.9500122070312,1967600,0.0,0.0
2022-06-21 00:00:00-04:00,583.4400024414062,600.0499877929688,583.4400024414062,587.6699829101562,716100,0.0,0.0
2022-06-22 00:00:00-04:00,580.719970703125,595.5599975585938,580.719970703125,586.8400268554688,539600,0.0,0.0
2022-06-23 00:00:00-04:00,589.97998046875,609.0900268554688,589.97998046875,607.3900146484375,681900,0.0,0.0
2022-06-24 00:00:00-04:00,612.0599975585938,613.1500244140625,602.52001953125,612.489990234375,818300,0.0,0.0
2022-06-27 00:00:00-04:00,608.760009765625,610.9500122070312,601.22998046875,602.4000244140625,580900,0.0,0.0
2022-06-28 00:00:00-04:00,600.6699829101562,604.3300170898438,593.6300048828125,594.4199829101562,534100,0.0,0.0
2022-06-29 00:00:00-04:00,597.5599975585938,607.4099731445312,590.010009765625,597.6199951171875,533000,0.0,0.0
2022-06-30 00:00:00-04:00,594.9299926757812,598.6699829101562,583.0499877929688,591.1300048828125,685400,0.0,0.0
2022-07-01 00:00:00-04:00,587.760009765625,597.0,586.1699829101562,595.4000244140625,387800,0.0,0.0
2022-07-05 00:00:00-04:00,593.9199829101562,597.0,583.0900268554688,596.5599975585938,586000,0.0,0.0
2022-07-06 00:00:00-04:00,594.7899780273438,601.8800048828125,588.9199829101562,594.9000244140625,528900,0.0,0.0
2022-07-07 00:00:00-04:00,598.010009765625,609.6500244140625,596.0,607.4500122070312,528000,0.0,0.0
2022-07-08 00:00:00-04:00,605.5800170898438,624.47998046875,604.1199951171875,621.5700073242188,586700,0.0,0.0
2022-07-11 00:00:00-04:00,615.5499877929688,620.6400146484375,613.7000122070312,614.4600219726562,436100,0.0,0.0
2022-07-12 00:00:00-04:00,619.0900268554688,620.0,605.030029296875,610.0900268554688,415300,0.0,0.0
2022-07-13 00:00:00-04:00,597.8499755859375,613.8200073242188,597.8499755859375,602.02001953125,433300,0.0,0.0
2022-07-14 00:00:00-04:00,595.989990234375,605.739990234375,583.1099853515625,598.8599853515625,539500,0.0,0.0
2022-07-15 00:00:00-04:00,601.2899780273438,607.72998046875,596.239990234375,607.5399780273438,516300,0.0,0.0
2022-07-18 00:00:00-04:00,605.0,608.4099731445312,582.72998046875,586.7000122070312,562000,0.0,0.0
2022-07-19 00:00:00-04:00,594.5800170898438,597.5700073242188,588.0,595.72998046875,551900,0.0,0.0
2022-07-20 00:00:00-04:00,598.010009765625,599.25,589.7899780273438,594.5900268554688,417400,0.0,0.0
2022-07-21 00:00:00-04:00,590.8900146484375,599.969970703125,585.3599853515625,592.4400024414062,638600,0.0,0.0
2022-07-22 00:00:00-04:00,593.5999755859375,602.7000122070312,580.7899780273438,586.1099853515625,430000,0.0,0.0
2022-07-25 00:00:00-04:00,580.0,588.2000122070312,575.4000244140625,587.280029296875,452600,0.0,0.0
2022-07-26 00:00:00-04:00,587.5700073242188,594.6799926757812,580.0,582.5599975585938,456100,0.0,0.0
2022-07-27 00:00:00-04:00,579.5900268554688,591.4400024414062,568.010009765625,587.9099731445312,597400,0.0,0.0
2022-07-28 00:00:00-04:00,588.8900146484375,592.030029296875,563.8200073242188,582.3699951171875,581700,0.0,0.0
2022-07-29 00:00:00-04:00,584.9500122070312,585.1500244140625,574.4600219726562,581.6900024414062,682900,0.0,0.0
2022-08-01 00:00:00-04:00,581.530029296875,586.9000244140625,573.530029296875,576.6799926757812,513000,0.0,0.0
2022-08-02 00:00:00-04:00,578.5,585.9600219726562,569.6500244140625,574.9600219726562,634700,0.0,0.0
2022-08-03 00:00:00-04:00,600.0,623.47998046875,595.1599731445312,608.77001953125,1151800,0.0,0.0
2022-08-04 00:00:00-04:00,602.6500244140625,623.3499755859375,602.6500244140625,614.9600219726562,699300,0.0,0.0
2022-08-05 00:00:00-04:00,613.469970703125,621.6300048828125,606.9600219726562,613.6099853515625,566800,0.0,0.0
2022-08-08 00:00:00-04:00,619.780029296875,633.9299926757812,618.8699951171875,630.6300048828125,715600,0.0,0.0
2022-08-09 00:00:00-04:00,630.0,634.8499755859375,617.0999755859375,622.1500244140625,469500,0.0,0.0
2022-08-10 00:00:00-04:00,630.0,645.9500122070312,624.780029296875,641.489990234375,682900,0.0,0.0
2022-08-11 00:00:00-04:00,638.6300048828125,643.97998046875,622.3699951171875,623.9000244140625,468800,0.0,0.0
2022-08-12 00:00:00-04:00,628.8699951171875,632.5700073242188,622.2999877929688,628.7100219726562,351300,0.0,0.0
2022-08-15 00:00:00-04:00,628.7000122070312,643.7100219726562,624.7999877929688,643.2899780273438,541700,0.0,0.0
2022-08-16 00:00:00-04:00,641.52001953125,649.7899780273438,638.4600219726562,648.7000122070312,607600,0.0,0.0
2022-08-17 00:00:00-04:00,640.8400268554688,652.52001953125,635.739990234375,636.3400268554688,414900,0.0,0.0
2022-08-18 00:00:00-04:00,636.1099853515625,636.1099853515625,622.72998046875,624.8300170898438,448000,0.0,0.0
2022-08-19 00:00:00-04:00,620.9400024414062,624.4600219726562,616.1599731445312,618.3599853515625,477700,0.0,0.0
2022-08-22 00:00:00-04:00,616.3499755859375,620.4500122070312,608.3099975585938,612.0999755859375,534100,0.0,0.0
2022-08-23 00:00:00-04:00,610.530029296875,612.1699829101562,600.5399780273438,602.530029296875,406600,0.0,0.0
2022-08-24 00:00:00-04:00,600.1799926757812,605.72998046875,597.0,602.7899780273438,386500,0.0,0.0
2022-08-25 00:00:00-04:00,605.9199829101562,607.9199829101562,599.510009765625,603.7999877929688,311300,0.0,0.0
2022-08-26 00:00:00-04:00,603.7999877929688,609.8499755859375,595.489990234375,596.1799926757812,516200,0.0,0.0
2022-08-29 00:00:00-04:00,592.3599853515625,599.72998046875,587.4000244140625,592.77001953125,373100,0.0,0.0
2022-08-30 00:00:00-04:00,595.0,596.4099731445312,585.6500244140625,588.3900146484375,393900,0.0,0.0
2022-08-31 00:00:00-04:00,591.8400268554688,598.239990234375,579.75,581.0599975585938,785500,0.0,0.0
2022-09-01 00:00:00-04:00,577.6199951171875,602.469970703125,577.4199829101562,600.6300048828125,479500,0.0,0.0
2022-09-02 00:00:00-04:00,601.1099853515625,602.6599731445312,577.8300170898438,580.6199951171875,464600,0.0,0.0
2022-09-06 00:00:00-04:00,584.5700073242188,588.3900146484375,572.219970703125,573.969970703125,662900,0.0,0.0
2022-09-07 00:00:00-04:00,575.4600219726562,599.5,575.4600219726562,596.4400024414062,741300,0.0,0.0
2022-09-08 00:00:00-04:00,686.989990234375,718.9600219726562,652.6400146484375,708.8499755859375,3731500,0.0,0.0
2022-09-09 00:00:00-04:00,711.72998046875,754.6699829101562,707.25,724.3200073242188,2144400,0.0,0.0
2022-09-12 00:00:00-04:00,720.3499755859375,723.4400024414062,707.4500122070312,710.739990234375,1063000,0.0,0.0
2022-09-13 00:00:00-04:00,700.0,714.3900146484375,695.1099853515625,701.3900146484375,1039900,0.0,0.0
2022-09-14 00:00:00-04:00,701.97998046875,704.9600219726562,686.8400268554688,697.6199951171875,901200,0.0,0.0
2022-09-15 00:00:00-04:00,694.72998046875,717.4600219726562,690.0399780273438,705.8499755859375,826200,0.0,0.0
2022-09-16 00:00:00-04:00,710.22998046875,718.1699829101562,701.4600219726562,710.2999877929688,1186800,0.0,0.0
2022-09-19 00:00:00-04:00,703.9299926757812,718.0499877929688,683.9299926757812,715.3400268554688,826000,0.0,0.0
2022-09-20 00:00:00-04:00,711.27001953125,716.010009765625,694.5,704.219970703125,769500,0.0,0.0
2022-09-21 00:00:00-04:00,700.9099731445312,709.5900268554688,684.3400268554688,684.6300048828125,665100,0.0,0.0
2022-09-22 00:00:00-04:00,681.3599853515625,698.5,678.02001953125,688.260009765625,771000,0.0,0.0
2022-09-23 00:00:00-04:00,685.7999877929688,699.3699951171875,681.0,697.3300170898438,815900,0.0,0.0
2022-09-26 00:00:00-04:00,696.219970703125,697.1099853515625,683.0599975585938,686.0999755859375,698000,0.0,0.0
2022-09-27 00:00:00-04:00,686.3599853515625,700.47998046875,686.3599853515625,695.010009765625,663000,0.0,0.0
2022-09-28 00:00:00-04:00,700.8900146484375,715.3300170898438,699.1599731445312,705.4199829101562,737700,0.0,0.0
2022-09-29 00:00:00-04:00,704.8300170898438,706.5900268554688,686.9099731445312,691.8200073242188,770600,0.0,0.0
2022-09-30 00:00:00-04:00,694.4000244140625,702.3800048828125,685.969970703125,688.8699951171875,800800,0.0,0.0
2022-10-03 00:00:00-04:00,705.3900146484375,736.47998046875,694.6400146484375,735.1300048828125,1449000,0.0,0.0
2022-10-04 00:00:00-04:00,738.1699829101562,743.0599975585938,728.6599731445312,739.5399780273438,874900,0.0,0.0
2022-10-05 00:00:00-04:00,738.2000122070312,749.0,728.1300048828125,745.6799926757812,569600,0.0,0.0
2022-10-06 00:00:00-04:00,743.8800048828125,746.3800048828125,728.3099975585938,731.8599853515625,696700,0.0,0.0
2022-10-07 00:00:00-04:00,731.6599731445312,732.6900024414062,720.1400146484375,722.3699951171875,670800,0.0,0.0
2022-10-10 00:00:00-04:00,720.1400146484375,733.8900146484375,715.0800170898438,730.9199829101562,481900,0.0,0.0
2022-10-11 00:00:00-04:00,728.510009765625,747.780029296875,723.1400146484375,737.4099731445312,644500,0.0,0.0
2022-10-12 00:00:00-04:00,738.510009765625,747.77001953125,727.2000122070312,728.0599975585938,507700,0.0,0.0
2022-10-13 00:00:00-04:00,712.3699951171875,754.0,709.0700073242188,752.5599975585938,953600,0.0,0.0
2022-10-14 00:00:00-04:00,752.5599975585938,761.0499877929688,726.530029296875,736.0599975585938,879300,0.0,0.0
2022-10-17 00:00:00-04:00,734.0,739.9500122070312,728.4199829101562,735.9600219726562,627100,0.0,0.0
2022-10-18 00:00:00-04:00,740.6599731445312,742.0,718.02001953125,722.7100219726562,699600,0.0,0.0
2022-10-19 00:00:00-04:00,719.280029296875,722.760009765625,703.9500122070312,709.3699951171875,599400,0.0,0.0
2022-10-20 00:00:00-04:00,709.4600219726562,713.1599731445312,702.4400024414062,705.8900146484375,480900,0.0,0.0
2022-10-21 00:00:00-04:00,705.8900146484375,718.1799926757812,697.47998046875,713.9099731445312,1224100,0.0,0.0
2022-10-24 00:00:00-04:00,717.9500122070312,744.25,717.9500122070312,737.1500244140625,623900,0.0,0.0
2022-10-25 00:00:00-04:00,736.5499877929688,751.0,731.4500122070312,747.3300170898438,833800,0.0,0.0
2022-10-26 00:00:00-04:00,739.3699951171875,755.3800048828125,728.3200073242188,733.97998046875,720800,0.0,0.0
2022-10-27 00:00:00-04:00,742.6599731445312,742.6599731445312,722.6199951171875,724.8800048828125,498500,0.0,0.0
2022-10-28 00:00:00-04:00,733.6099853515625,752.6099853515625,724.3400268554688,750.760009765625,690200,0.0,0.0
2022-10-31 00:00:00-04:00,745.2000122070312,760.8099975585938,741.6799926757812,748.75,759500,0.0,0.0
2022-11-01 00:00:00-04:00,750.0,764.5900268554688,748.7899780273438,759.9099731445312,573000,0.0,0.0
2022-11-02 00:00:00-04:00,755.9400024414062,757.530029296875,740.0,740.47998046875,735100,0.0,0.0
2022-11-03 00:00:00-04:00,726.0700073242188,742.5700073242188,702.0700073242188,738.6799926757812,725100,0.0,0.0
2022-11-04 00:00:00-04:00,725.1799926757812,741.0599975585938,710.6199951171875,740.2100219726562,748600,0.0,0.0
2022-11-07 00:00:00-05:00,735.989990234375,755.989990234375,735.7899780273438,750.9299926757812,598900,0.0,0.0
2022-11-08 00:00:00-05:00,748.4000244140625,769.489990234375,745.2999877929688,751.9500122070312,701800,0.0,0.0
2022-11-09 00:00:00-05:00,751.0,769.6300048828125,731.1199951171875,742.9500122070312,1256400,0.0,0.0
2022-11-10 00:00:00-05:00,758.72998046875,760.0,734.6599731445312,741.0800170898438,844800,0.0,0.0
2022-11-11 00:00:00-05:00,736.0,737.4299926757812,706.75,734.4500122070312,951900,0.0,0.0
2022-11-14 00:00:00-05:00,737.8800048828125,755.0,737.0,742.010009765625,727800,0.0,0.0
2022-11-15 00:00:00-05:00,749.9199829101562,749.9199829101562,717.6699829101562,728.72998046875,650500,0.0,0.0
2022-11-16 00:00:00-05:00,735.0700073242188,742.4299926757812,729.6300048828125,735.6699829101562,523500,0.0,0.0
2022-11-17 00:00:00-05:00,733.739990234375,742.219970703125,726.0399780273438,739.0800170898438,538200,0.0,0.0
2022-11-18 00:00:00-05:00,737.3200073242188,745.4000244140625,728.1400146484375,736.72998046875,496600,0.0,0.0
2022-11-21 00:00:00-05:00,734.9600219726562,740.5900268554688,724.239990234375,738.97998046875,447100,0.0,0.0
2022-11-22 00:00:00-05:00,743.8499755859375,749.719970703125,733.9000244140625,749.22998046875,406300,0.0,0.0
2022-11-23 00:00:00-05:00,749.7999877929688,751.7000122070312,734.1599731445312,735.3599853515625,406200,0.0,0.0
2022-11-25 00:00:00-05:00,732.6900024414062,737.239990234375,728.6099853515625,736.22998046875,229200,0.0,0.0
2022-11-28 00:00:00-05:00,740.0,750.989990234375,736.1099853515625,741.47998046875,570700,0.0,0.0
2022-11-29 00:00:00-05:00,739.9000244140625,740.0,727.0,736.0800170898438,515100,0.0,0.0
2022-11-30 00:00:00-05:00,737.8900146484375,756.0,729.4199829101562,751.7000122070312,1824600,0.0,0.0
2022-12-01 00:00:00-05:00,756.1900024414062,768.2999877929688,752.4099731445312,761.239990234375,670000,0.0,0.0
2022-12-02 00:00:00-05:00,752.52001953125,769.0,752.0,766.3900146484375,441400,0.0,0.0
2022-12-05 00:00:00-05:00,762.0,765.489990234375,749.5800170898438,755.4500122070312,531100,0.0,0.0
2022-12-06 00:00:00-05:00,751.280029296875,755.8699951171875,744.8099975585938,747.469970703125,502000,0.0,0.0
2022-12-07 00:00:00-05:00,745.469970703125,767.739990234375,745.469970703125,764.27001953125,565800,0.0,0.0
2022-12-08 00:00:00-05:00,758.0800170898438,779.0,758.0800170898438,765.4199829101562,588900,0.0,0.0
2022-12-09 00:00:00-05:00,753.1799926757812,759.989990234375,746.5700073242188,750.0599975585938,508500,0.0,0.0
2022-12-12 00:00:00-05:00,730.1699829101562,744.9400024414062,728.0,742.47998046875,843100,0.0,0.0
2022-12-13 00:00:00-05:00,749.0999755859375,753.9400024414062,739.02001953125,747.5599975585938,671200,0.0,0.0
2022-12-14 00:00:00-05:00,741.280029296875,757.0,741.280029296875,750.0,563200,0.0,0.0
2022-12-15 00:00:00-05:00,748.1699829101562,748.1699829101562,728.0800170898438,731.27001953125,622400,0.0,0.0
2022-12-16 00:00:00-05:00,721.7999877929688,732.47998046875,720.5800170898438,723.1699829101562,1803000,0.0,0.0
2022-12-19 00:00:00-05:00,720.989990234375,726.1500244140625,713.0,721.0999755859375,502000,0.0,0.0
2022-12-20 00:00:00-05:00,725.239990234375,738.2899780273438,722.9600219726562,733.530029296875,551400,0.0,0.0
2022-12-21 00:00:00-05:00,734.97998046875,754.8599853515625,733.2000122070312,736.1900024414062,532500,0.0,0.0
2022-12-22 00:00:00-05:00,736.0800170898438,736.5,726.0499877929688,733.6199951171875,506300,0.0,0.0
2022-12-23 00:00:00-05:00,733.9600219726562,735.5999755859375,718.3599853515625,726.739990234375,358600,0.0,0.0
2022-12-27 00:00:00-05:00,726.4400024414062,727.4600219726562,708.260009765625,711.3499755859375,548600,0.0,0.0
2022-12-28 00:00:00-05:00,710.510009765625,717.9400024414062,707.8699951171875,713.030029296875,359500,0.0,0.0
2022-12-29 00:00:00-05:00,717.0,728.0900268554688,710.280029296875,721.2899780273438,432100,0.0,0.0
2022-12-30 00:00:00-05:00,721.1599731445312,722.1599731445312,710.25,721.489990234375,364100,0.0,0.0
2023-01-03 00:00:00-05:00,721.8599853515625,732.4299926757812,719.3499755859375,720.469970703125,508500,0.0,0.0
2023-01-04 00:00:00-05:00,728.1900024414062,731.8099975585938,719.1699829101562,726.489990234375,517200,0.0,0.0
2023-01-05 00:00:00-05:00,724.6900024414062,730.5599975585938,718.75,723.760009765625,499800,0.0,0.0
2023-01-06 00:00:00-05:00,730.739990234375,747.7000122070312,721.7899780273438,737.1500244140625,602400,0.0,0.0
2023-01-09 00:00:00-05:00,693.1300048828125,708.2100219726562,668.0,680.489990234375,1664400,0.0,0.0
2023-01-10 00:00:00-05:00,676.3699951171875,707.2100219726562,675.0,698.9500122070312,793200,0.0,0.0
2023-01-11 00:00:00-05:00,698.9000244140625,711.4299926757812,694.530029296875,709.9400024414062,592600,0.0,0.0
2023-01-12 00:00:00-05:00,707.0,715.7899780273438,697.1300048828125,714.5700073242188,538800,0.0,0.0
2023-01-13 00:00:00-05:00,714.6699829101562,724.989990234375,709.5800170898438,722.1300048828125,489500,0.0,0.0
2023-01-17 00:00:00-05:00,722.1300048828125,731.3499755859375,714.1099853515625,728.1099853515625,641000,0.0,0.0
2023-01-18 00:00:00-05:00,725.1699829101562,729.3300170898438,722.219970703125,724.5499877929688,487500,0.0,0.0
2023-01-19 00:00:00-05:00,729.3900146484375,730.0,715.4099731445312,715.5700073242188,583800,0.0,0.0
2023-01-20 00:00:00-05:00,723.1599731445312,725.8699951171875,713.469970703125,722.0,939800,0.0,0.0
2023-01-23 00:00:00-05:00,721.530029296875,732.8900146484375,718.3400268554688,729.9099731445312,569900,0.0,0.0
2023-01-24 00:00:00-05:00,731.010009765625,732.3099975585938,722.469970703125,727.469970703125,326400,0.0,0.0
2023-01-25 00:00:00-05:00,729.489990234375,743.9299926757812,726.2100219726562,741.1799926757812,584300,0.0,0.0
2023-01-26 00:00:00-05:00,741.1799926757812,745.5999755859375,735.0,742.2999877929688,346400,0.0,0.0
2023-01-27 00:00:00-05:00,745.6099853515625,748.280029296875,740.27001953125,742.8300170898438,417600,0.0,0.0
2023-01-30 00:00:00-05:00,749.0,749.0,732.5,736.4600219726562,499500,0.0,0.0
2023-01-31 00:00:00-05:00,739.27001953125,759.0,739.27001953125,758.469970703125,816400,0.0,0.0
2023-02-01 00:00:00-05:00,752.1900024414062,762.0999755859375,751.27001953125,758.0,802100,0.0,0.0
2023-02-02 00:00:00-05:00,749.2000122070312,758.719970703125,741.4500122070312,751.2000122070312,935200,0.0,0.0
2023-02-03 00:00:00-05:00,764.489990234375,789.9500122070312,758.6300048828125,783.1300048828125,1448500,0.0,0.0
2023-02-06 00:00:00-05:00,784.780029296875,800.47998046875,778.52001953125,780.8599853515625,1064700,0.0,0.0
2023-02-07 00:00:00-05:00,765.6799926757812,778.0499877929688,763.1500244140625,769.9400024414062,885900,0.0,0.0
2023-02-08 00:00:00-05:00,766.3400268554688,768.260009765625,748.1199951171875,749.6599731445312,617500,0.0,0.0
2023-02-09 00:00:00-05:00,751.2899780273438,757.52001953125,743.7100219726562,744.77001953125,524500,0.0,0.0
2023-02-10 00:00:00-05:00,746.1199951171875,762.72998046875,740.8400268554688,757.6099853515625,606800,0.0,0.0
2023-02-13 00:00:00-05:00,755.8699951171875,767.739990234375,754.1799926757812,763.969970703125,494800,0.0,0.0
2023-02-14 00:00:00-05:00,764.52001953125,767.52001953125,749.219970703125,754.2100219726562,486000,0.0,0.0
2023-02-15 00:00:00-05:00,753.780029296875,756.0800170898438,747.7000122070312,752.4000244140625,341100,0.0,0.0
2023-02-16 00:00:00-05:00,737.0,747.5599975585938,735.47998046875,736.3300170898438,555300,0.0,0.0
2023-02-17 00:00:00-05:00,738.1599731445312,755.0900268554688,733.3300170898438,748.739990234375,492700,0.0,0.0
2023-02-21 00:00:00-05:00,748.0900268554688,752.469970703125,744.1500244140625,746.52001953125,411700,0.0,0.0
2023-02-22 00:00:00-05:00,748.6799926757812,755.3900146484375,744.9299926757812,748.0800170898438,415500,0.0,0.0
2023-02-23 00:00:00-05:00,744.8099975585938,765.0,744.280029296875,759.6599731445312,553300,0.0,0.0
2023-02-24 00:00:00-05:00,753.8099975585938,765.2899780273438,752.0,756.989990234375,525900,0.0,0.0
2023-02-27 00:00:00-05:00,761.1699829101562,771.6500244140625,756.969970703125,757.7899780273438,557100,0.0,0.0
2023-02-28 00:00:00-05:00,756.4500122070312,765.4400024414062,753.6300048828125,760.4199829101562,622700,0.0,0.0
2023-03-01 00:00:00-05:00,759.8900146484375,772.9400024414062,757.3800048828125,770.4400024414062,586000,0.0,0.0
2023-03-02 00:00:00-05:00,768.219970703125,772.6599731445312,762.8499755859375,768.9000244140625,425200,0.0,0.0
2023-03-03 00:00:00-05:00,771.4199829101562,779.8400268554688,766.3499755859375,779.2999877929688,604800,0.0,0.0
2023-03-06 00:00:00-05:00,777.989990234375,785.280029296875,774.8499755859375,780.3800048828125,469500,0.0,0.0
2023-03-07 00:00:00-05:00,782.0,783.5900268554688,772.510009765625,773.8499755859375,757900,0.0,0.0
2023-03-08 00:00:00-05:00,774.1300048828125,774.1300048828125,744.0,745.2000122070312,670300,0.0,0.0
2023-03-09 00:00:00-05:00,745.739990234375,755.239990234375,738.77001953125,743.75,600000,0.0,0.0
2023-03-10 00:00:00-05:00,746.7899780273438,759.25,744.0599975585938,747.0,505300,0.0,0.0
2023-03-13 00:00:00-04:00,749.1699829101562,769.2000122070312,748.280029296875,752.3300170898438,505200,0.0,0.0
2023-03-14 00:00:00-04:00,755.3900146484375,769.97998046875,754.2000122070312,766.7999877929688,535500,0.0,0.0
2023-03-15 00:00:00-04:00,760.8099975585938,766.1599731445312,755.0,760.2999877929688,499300,0.0,0.0
2023-03-16 00:00:00-04:00,753.0800170898438,753.0800170898438,725.6599731445312,749.75,1023900,0.0,0.0
2023-03-17 00:00:00-04:00,749.9199829101562,754.3200073242188,743.9500122070312,747.6500244140625,893600,0.0,0.0
2023-03-20 00:00:00-04:00,748.6599731445312,760.3300170898438,745.7899780273438,759.25,587800,0.0,0.0
2023-03-21 00:00:00-04:00,764.6500244140625,765.010009765625,751.97998046875,759.760009765625,372100,0.0,0.0
2023-03-22 00:00:00-04:00,760.2999877929688,764.3900146484375,751.010009765625,751.2999877929688,322900,0.0,0.0
2023-03-23 00:00:00-04:00,806.469970703125,812.6900024414062,790.489990234375,802.1599731445312,1994000,0.0,0.0
2023-03-24 00:00:00-04:00,805.0499877929688,824.0,801.010009765625,820.0,1129400,0.0,0.0
2023-03-27 00:00:00-04:00,821.3800048828125,832.47998046875,817.8699951171875,820.4099731445312,802000,0.0,0.0
2023-03-28 00:00:00-04:00,824.0,827.3599853515625,819.219970703125,826.969970703125,362500,0.0,0.0
2023-03-29 00:00:00-04:00,830.0,835.0,818.2899780273438,819.3499755859375,459200,0.0,0.0
2023-03-30 00:00:00-04:00,816.010009765625,825.0800170898438,804.6400146484375,811.5,625800,0.0,0.0
2023-03-31 00:00:00-04:00,814.9000244140625,822.52001953125,810.9500122070312,821.6699829101562,866200,0.0,0.0
2023-04-03 00:00:00-04:00,818.7999877929688,826.5599975585938,815.5900268554688,826.1900024414062,451400,0.0,0.0
2023-04-04 00:00:00-04:00,825.8499755859375,830.6699829101562,820.010009765625,822.0900268554688,398000,0.0,0.0
2023-04-05 00:00:00-04:00,824.7000122070312,837.5499877929688,823.8599853515625,825.219970703125,560000,0.0,0.0
2023-04-06 00:00:00-04:00,823.4299926757812,834.0,823.4299926757812,828.72998046875,550000,0.0,0.0
2023-04-10 00:00:00-04:00,824.3699951171875,826.0700073242188,815.8200073242188,823.760009765625,377100,0.0,0.0
2023-04-11 00:00:00-04:00,822.9400024414062,825.5999755859375,817.4400024414062,819.6400146484375,291400,0.0,0.0
2023-04-12 00:00:00-04:00,824.9600219726562,827.7999877929688,816.8900146484375,820.4299926757812,414200,0.0,0.0
2023-04-13 00:00:00-04:00,822.4500122070312,834.1199951171875,822.4500122070312,830.3499755859375,471900,0.0,0.0
2023-04-14 00:00:00-04:00,828.8400268554688,831.3300170898438,821.8800048828125,829.3300170898438,456900,0.0,0.0
2023-04-17 00:00:00-04:00,833.6199951171875,833.6199951171875,818.6500244140625,819.739990234375,351400,0.0,0.0
2023-04-18 00:00:00-04:00,822.1699829101562,823.3800048828125,804.1500244140625,808.010009765625,499700,0.0,0.0
2023-04-19 00:00:00-04:00,804.72998046875,810.1699829101562,803.52001953125,808.8599853515625,352700,0.0,0.0
2023-04-20 00:00:00-04:00,805.4199829101562,805.6199951171875,796.22998046875,798.0999755859375,495400,0.0,0.0
2023-04-21 00:00:00-04:00,798.4199829101562,804.719970703125,797.260009765625,800.72998046875,545500,0.0,0.0
2023-04-24 00:00:00-04:00,800.4299926757812,806.1900024414062,795.1300048828125,797.0399780273438,374800,0.0,0.0
2023-04-25 00:00:00-04:00,797.27001953125,801.8200073242188,784.8400268554688,789.5800170898438,468000,0.0,0.0
2023-04-26 00:00:00-04:00,781.77001953125,784.77001953125,771.1400146484375,778.0,585600,0.0,0.0
2023-04-27 00:00:00-04:00,775.3300170898438,796.4199829101562,774.0599975585938,792.2899780273438,749300,0.0,0.0
2023-04-28 00:00:00-04:00,788.989990234375,806.0800170898438,788.0,801.7899780273438,470400,0.0,0.0
2023-05-01 00:00:00-04:00,803.7100219726562,811.5499877929688,802.1199951171875,806.719970703125,297500,0.0,0.0
2023-05-02 00:00:00-04:00,806.719970703125,815.239990234375,796.52001953125,798.4500122070312,610700,0.0,0.0
2023-05-03 00:00:00-04:00,804.7899780273438,812.989990234375,798.8099975585938,803.1699829101562,786000,0.0,0.0
2023-05-04 00:00:00-04:00,775.5399780273438,776.5800170898438,746.1300048828125,753.8800048828125,1229000,0.0,0.0
2023-05-05 00:00:00-04:00,753.8800048828125,768.5900268554688,744.8900146484375,762.0999755859375,637000,0.0,0.0
2023-05-08 00:00:00-04:00,761.9299926757812,761.9299926757812,746.1400146484375,752.1199951171875,539900,0.0,0.0
2023-05-09 00:00:00-04:00,753.1900024414062,757.4000244140625,750.5700073242188,754.8800048828125,464300,0.0,0.0
2023-05-10 00:00:00-04:00,756.3599853515625,756.3599853515625,746.4500122070312,749.5900268554688,432800,0.0,0.0
2023-05-11 00:00:00-04:00,750.1300048828125,750.1300048828125,740.1099853515625,745.5700073242188,661800,0.0,0.0
2023-05-12 00:00:00-04:00,749.1699829101562,751.8800048828125,743.530029296875,744.3499755859375,394100,0.0,0.0
2023-05-15 00:00:00-04:00,744.8099975585938,751.969970703125,742.9500122070312,750.9600219726562,355900,0.0,0.0
2023-05-16 00:00:00-04:00,747.989990234375,747.989990234375,738.52001953125,742.280029296875,420900,0.0,0.0
2023-05-17 00:00:00-04:00,739.510009765625,751.1500244140625,732.489990234375,749.6300048828125,524000,0.0,0.0
2023-05-18 00:00:00-04:00,747.27001953125,749.5499877929688,739.760009765625,747.47998046875,501500,0.0,0.0
2023-05-19 00:00:00-04:00,752.2999877929688,764.0599975585938,750.1799926757812,759.0499877929688,555900,0.0,0.0
2023-05-22 00:00:00-04:00,762.4000244140625,768.1199951171875,743.1300048828125,751.5,626900,0.0,0.0
2023-05-23 00:00:00-04:00,753.2100219726562,756.3900146484375,748.3900146484375,748.5599975585938,411300,0.0,0.0
2023-05-24 00:00:00-04:00,750.3200073242188,751.280029296875,735.3800048828125,737.4000244140625,547200,0.0,0.0
2023-05-25 00:00:00-04:00,733.0399780273438,736.1900024414062,724.030029296875,725.0,569300,0.0,0.0
2023-05-26 00:00:00-04:00,725.0,726.77001953125,719.0,725.0499877929688,750800,0.0,0.0
2023-05-30 00:00:00-04:00,720.02001953125,729.4500122070312,717.8800048828125,728.5999755859375,497000,0.0,0.0
2023-05-31 00:00:00-04:00,730.9000244140625,736.7100219726562,727.4099731445312,735.5599975585938,740200,0.0,0.0
2023-06-01 00:00:00-04:00,736.0,740.0399780273438,729.02001953125,731.1699829101562,526600,0.0,0.0
2023-06-02 00:00:00-04:00,730.3099975585938,740.1799926757812,724.1199951171875,739.9500122070312,527300,0.0,0.0
2023-06-05 00:00:00-04:00,742.5999755859375,751.27001953125,740.5,750.27001953125,544300,0.0,0.0
2023-06-06 00:00:00-04:00,751.8400268554688,754.5,745.4199829101562,748.1400146484375,394600,0.0,0.0
2023-06-07 00:00:00-04:00,744.02001953125,746.8599853515625,737.8200073242188,738.6300048828125,473700,0.0,0.0
2023-06-08 00:00:00-04:00,736.9600219726562,751.239990234375,736.9600219726562,750.1199951171875,359400,0.0,0.0
2023-06-09 00:00:00-04:00,750.1199951171875,751.6099853515625,743.030029296875,746.52001953125,536600,0.0,0.0
2023-06-12 00:00:00-04:00,747.8400268554688,754.6199951171875,745.030029296875,754.010009765625,415100,0.0,0.0
2023-06-13 00:00:00-04:00,755.1900024414062,767.760009765625,755.1900024414062,767.3499755859375,474000,0.0,0.0
2023-06-14 00:00:00-04:00,768.0800170898438,774.4600219726562,761.8599853515625,771.1099853515625,495600,0.0,0.0
2023-06-15 00:00:00-04:00,773.280029296875,788.52001953125,771.3499755859375,783.0700073242188,648100,0.0,0.0
2023-06-16 00:00:00-04:00,788.0700073242188,794.0,781.3699951171875,783.0499877929688,993700,0.0,0.0
2023-06-20 00:00:00-04:00,778.9600219726562,787.4099731445312,775.8099975585938,781.2100219726562,507800,0.0,0.0
2023-06-21 00:00:00-04:00,781.780029296875,786.4299926757812,778.0700073242188,778.77001953125,371100,0.0,0.0
2023-06-22 00:00:00-04:00,780.280029296875,783.4299926757812,777.0,779.8099975585938,447900,0.0,0.0
2023-06-23 00:00:00-04:00,779.2100219726562,787.1199951171875,771.6199951171875,779.72998046875,615100,0.0,0.0
2023-06-26 00:00:00-04:00,781.9400024414062,785.6400146484375,765.02001953125,784.3800048828125,586800,0.0,0.0
2023-06-27 00:00:00-04:00,785.9600219726562,786.2899780273438,705.0,716.0900268554688,2034500,0.0,0.0
2023-06-28 00:00:00-04:00,708.2100219726562,710.0499877929688,684.8099975585938,700.030029296875,1828300,0.0,0.0
2023-06-29 00:00:00-04:00,696.77001953125,709.47998046875,689.02001953125,708.4199829101562,914900,0.0,0.0
2023-06-30 00:00:00-04:00,710.1599731445312,719.5999755859375,704.280029296875,718.5399780273438,1015200,0.0,0.0
2023-07-03 00:00:00-04:00,710.0900268554688,722.0,710.0900268554688,718.0900268554688,345000,0.0,0.0
2023-07-05 00:00:00-04:00,716.3599853515625,719.3599853515625,712.3800048828125,717.8300170898438,641900,0.0,0.0
2023-07-06 00:00:00-04:00,713.0599975585938,714.7000122070312,703.760009765625,704.8300170898438,608800,0.0,0.0
2023-07-07 00:00:00-04:00,700.5900268554688,701.1500244140625,692.030029296875,692.4500122070312,696900,0.0,0.0
2023-07-10 00:00:00-04:00,690.0,707.4500122070312,688.52001953125,703.3599853515625,1078900,0.0,0.0
2023-07-11 00:00:00-04:00,707.9400024414062,717.9199829101562,705.030029296875,716.8300170898438,570400,0.0,0.0
2023-07-12 00:00:00-04:00,717.75,724.4199829101562,714.1500244140625,718.4199829101562,588900,0.0,0.0
2023-07-13 00:00:00-04:00,722.5700073242188,730.8300170898438,720.0,720.97998046875,413000,0.0,0.0
2023-07-14 00:00:00-04:00,721.1199951171875,721.3499755859375,715.219970703125,718.52001953125,621500,0.0,0.0
2023-07-17 00:00:00-04:00,718.8800048828125,728.4400024414062,717.989990234375,721.6099853515625,550200,0.0,0.0
2023-07-18 00:00:00-04:00,720.0,726.8200073242188,715.5399780273438,726.5499877929688,481900,0.0,0.0
2023-07-19 00:00:00-04:00,727.5800170898438,732.0,718.6300048828125,719.010009765625,581100,0.0,0.0
2023-07-20 00:00:00-04:00,720.0,731.3099975585938,720.0,723.02001953125,628800,0.0,0.0
2023-07-21 00:00:00-04:00,728.7899780273438,738.530029296875,721.5800170898438,734.6300048828125,1813600,0.0,0.0
2023-07-24 00:00:00-04:00,730.4500122070312,733.5900268554688,723.9099731445312,727.1300048828125,543600,0.0,0.0
2023-07-25 00:00:00-04:00,723.219970703125,732.6599731445312,721.510009765625,729.8800048828125,444600,0.0,0.0
2023-07-26 00:00:00-04:00,729.8800048828125,733.2100219726562,724.260009765625,730.9600219726562,399300,0.0,0.0
2023-07-27 00:00:00-04:00,731.2100219726562,751.7899780273438,731.2100219726562,744.6599731445312,884300,0.0,0.0
2023-07-28 00:00:00-04:00,740.0,748.6799926757812,723.5599975585938,746.0999755859375,744800,0.0,0.0
2023-07-31 00:00:00-04:00,745.469970703125,745.469970703125,734.8499755859375,741.9099731445312,445000,0.0,0.0
2023-08-01 00:00:00-04:00,744.6599731445312,744.6599731445312,732.4500122070312,739.0700073242188,334300,0.0,0.0
2023-08-02 00:00:00-04:00,740.719970703125,744.780029296875,726.1199951171875,732.1199951171875,623600,0.0,0.0
2023-08-03 00:00:00-04:00,762.0,787.8400268554688,759.1500244140625,771.4500122070312,1068800,0.0,0.0
2023-08-04 00:00:00-04:00,775.739990234375,784.8300170898438,765.0599975585938,766.4400024414062,501000,0.0,0.0
2023-08-07 00:00:00-04:00,769.6900024414062,782.27001953125,765.280029296875,774.739990234375,474000,0.0,0.0
2023-08-08 00:00:00-04:00,775.9199829101562,781.2899780273438,770.6500244140625,780.3200073242188,441800,0.0,0.0
2023-08-09 00:00:00-04:00,782.0,795.8400268554688,780.0,785.6099853515625,430100,0.0,0.0
2023-08-10 00:00:00-04:00,789.0,799.4400024414062,789.0,793.010009765625,387300,0.0,0.0
2023-08-11 00:00:00-04:00,794.6900024414062,809.6599731445312,794.6900024414062,806.9500122070312,526100,0.0,0.0
2023-08-14 00:00:00-04:00,809.8599853515625,809.9500122070312,800.7999877929688,808.3800048828125,354500,0.0,0.0
2023-08-15 00:00:00-04:00,804.4199829101562,810.5,800.8900146484375,805.9099731445312,269200,0.0,0.0
2023-08-16 00:00:00-04:00,803.9400024414062,808.989990234375,796.9600219726562,797.3400268554688,345100,0.0,0.0
2023-08-17 00:00:00-04:00,800.1099853515625,800.1099853515625,794.6699829101562,796.72998046875,320600,0.0,0.0
2023-08-18 00:00:00-04:00,794.8499755859375,821.0,790.3400268554688,812.4000244140625,1064200,0.0,0.0
2023-08-21 00:00:00-04:00,825.0,846.1799926757812,820.6099853515625,844.3699951171875,1082900,0.0,0.0
2023-08-22 00:00:00-04:00,842.3300170898438,847.5,835.9299926757812,840.6300048828125,765900,0.0,0.0
2023-08-23 00:00:00-04:00,845.0,847.5,837.8300170898438,840.8099975585938,540500,0.0,0.0
2023-08-24 00:00:00-04:00,842.8200073242188,845.0900268554688,830.239990234375,831.2100219726562,457800,0.0,0.0
2023-08-25 00:00:00-04:00,832.530029296875,834.989990234375,826.469970703125,830.3499755859375,404500,0.0,0.0
2023-08-28 00:00:00-04:00,833.4099731445312,833.4099731445312,828.0,830.8900146484375,249600,0.0,0.0
2023-08-29 00:00:00-04:00,833.3699951171875,836.6300048828125,824.5999755859375,830.1900024414062,407200,0.0,0.0
2023-08-30 00:00:00-04:00,830.75,835.030029296875,829.3200073242188,834.9500122070312,302100,0.0,0.0
2023-08-31 00:00:00-04:00,835.8699951171875,835.8699951171875,825.7999877929688,826.489990234375,457500,0.0,0.0
2023-09-01 00:00:00-04:00,834.5499877929688,837.9199829101562,829.030029296875,831.6300048828125,253600,0.0,0.0
2023-09-05 00:00:00-04:00,835.3900146484375,835.6900024414062,822.0,822.9099731445312,314300,0.0,0.0
2023-09-06 00:00:00-04:00,825.239990234375,825.239990234375,808.1300048828125,818.3900146484375,396200,0.0,0.0
2023-09-07 00:00:00-04:00,821.2000122070312,827.530029296875,817.280029296875,825.260009765625,356900,0.0,0.0
2023-09-08 00:00:00-04:00,830.3599853515625,841.1599731445312,825.2999877929688,830.6900024414062,421600,0.0,0.0
2023-09-11 00:00:00-04:00,824.47998046875,835.8499755859375,822.8900146484375,833.530029296875,374800,0.0,0.0
2023-09-12 00:00:00-04:00,835.489990234375,837.2999877929688,829.4600219726562,832.77001953125,296100,0.0,0.0
2023-09-13 00:00:00-04:00,832.5800170898438,835.5499877929688,824.97998046875,826.25,396500,0.0,0.0
2023-09-14 00:00:00-04:00,830.0,838.0599975585938,826.530029296875,832.3800048828125,388900,0.0,0.0
2023-09-15 00:00:00-04:00,832.8499755859375,836.3499755859375,822.0999755859375,823.4000244140625,1032400,0.0,0.0
2023-09-18 00:00:00-04:00,824.7999877929688,828.510009765625,817.0800170898438,824.510009765625,406100,0.0,0.0
2023-09-19 00:00:00-04:00,825.27001953125,836.97998046875,823.5999755859375,836.760009765625,344100,0.0,0.0
2023-09-20 00:00:00-04:00,838.0599975585938,838.1099853515625,830.9000244140625,831.6199951171875,304300,0.0,0.0
2023-09-21 00:00:00-04:00,829.9199829101562,832.1500244140625,817.5,823.3800048828125,400300,0.0,0.0
2023-09-22 00:00:00-04:00,822.02001953125,831.5,818.2999877929688,824.8400268554688,464500,0.0,0.0
2023-09-25 00:00:00-04:00,823.0499877929688,834.8300170898438,820.1300048828125,834.6400146484375,294700,0.0,0.0
2023-09-26 00:00:00-04:00,835.0,840.4500122070312,827.4400024414062,832.4099731445312,479800,0.0,0.0
2023-09-27 00:00:00-04:00,832.4099731445312,839.4199829101562,830.719970703125,832.5599975585938,380300,0.0,0.0
2023-09-28 00:00:00-04:00,833.2999877929688,837.469970703125,826.3499755859375,834.5700073242188,369900,0.0,0.0
2023-09-29 00:00:00-04:00,833.489990234375,833.6799926757812,819.9099731445312,822.9600219726562,409800,0.0,0.0
2023-10-02 00:00:00-04:00,827.0,833.280029296875,808.9000244140625,818.030029296875,487700,0.0,0.0
2023-10-03 00:00:00-04:00,812.0,813.739990234375,799.77001953125,808.3099975585938,426700,0.0,0.0
2023-10-04 00:00:00-04:00,809.1599731445312,816.7000122070312,805.9299926757812,814.989990234375,344600,0.0,0.0
2023-10-05 00:00:00-04:00,814.989990234375,831.6500244140625,814.969970703125,831.1199951171875,387300,0.0,0.0
2023-10-06 00:00:00-04:00,829.4000244140625,842.0,825.9500122070312,836.5700073242188,392400,0.0,0.0
2023-10-09 00:00:00-04:00,834.97998046875,840.010009765625,826.27001953125,831.8200073242188,256700,0.0,0.0
2023-10-10 00:00:00-04:00,829.5,838.7000122070312,825.7899780273438,834.9600219726562,261400,0.0,0.0
2023-10-11 00:00:00-04:00,838.8699951171875,838.8699951171875,827.739990234375,836.0700073242188,306800,0.0,0.0
2023-10-12 00:00:00-04:00,836.2100219726562,840.0900268554688,829.5499877929688,838.489990234375,308200,0.0,0.0
2023-10-13 00:00:00-04:00,845.0900268554688,853.969970703125,836.1699829101562,839.6300048828125,526400,0.0,0.0
2023-10-16 00:00:00-04:00,842.8099975585938,847.0,837.3300170898438,843.6599731445312,381400,0.0,0.0
2023-10-17 00:00:00-04:00,843.0,844.2000122070312,833.3200073242188,836.8499755859375,323100,0.0,0.0
2023-10-18 00:00:00-04:00,833.260009765625,833.5800170898438,824.7999877929688,826.030029296875,383800,0.0,0.0
2023-10-19 00:00:00-04:00,823.5800170898438,824.5399780273438,805.469970703125,808.6400146484375,488400,0.0,0.0
2023-10-20 00:00:00-04:00,808.2899780273438,818.5700073242188,803.9600219726562,808.469970703125,743100,0.0,0.0
2023-10-23 00:00:00-04:00,810.1799926757812,810.7899780273438,792.27001953125,795.5399780273438,473400,0.0,0.0
2023-10-24 00:00:00-04:00,796.0,808.75,795.7100219726562,804.280029296875,346900,0.0,0.0
2023-10-25 00:00:00-04:00,801.3099975585938,802.4099731445312,789.02001953125,797.0399780273438,340100,0.0,0.0
2023-10-26 00:00:00-04:00,794.5800170898438,797.780029296875,787.4600219726562,792.010009765625,351200,0.0,0.0
2023-10-27 00:00:00-04:00,792.4000244140625,792.4500122070312,769.1900024414062,775.1799926757812,438900,0.0,0.0
2023-10-30 00:00:00-04:00,779.530029296875,783.97998046875,774.719970703125,777.6699829101562,371300,0.0,0.0
2023-10-31 00:00:00-04:00,775.1400146484375,782.260009765625,772.8400268554688,779.8900146484375,382200,0.0,0.0
2023-11-01 00:00:00-04:00,783.9099731445312,793.5800170898438,774.97998046875,791.27001953125,419500,0.0,0.0
2023-11-02 00:00:00-04:00,791.8699951171875,831.1500244140625,788.1199951171875,818.7899780273438,729300,0.0,0.0
2023-11-03 00:00:00-04:00,838.1599731445312,839.2000122070312,811.9199829101562,816.9000244140625,456200,0.0,0.0
2023-11-06 00:00:00-05:00,823.1400146484375,840.25,820.1300048828125,832.4099731445312,422700,0.0,0.0
2023-11-07 00:00:00-05:00,838.4600219726562,838.4600219726562,823.9000244140625,830.7899780273438,670800,0.0,0.0
2023-11-08 00:00:00-05:00,834.3300170898438,834.3300170898438,813.3800048828125,822.7899780273438,637200,0.0,0.0
2023-11-09 00:00:00-05:00,815.489990234375,816.6799926757812,796.4099731445312,800.260009765625,622200,0.0,0.0
2023-11-10 00:00:00-05:00,806.8800048828125,806.8800048828125,783.5700073242188,798.9400024414062,994800,0.0,0.0
2023-11-13 00:00:00-05:00,795.9199829101562,803.3599853515625,788.0399780273438,796.7000122070312,736700,0.0,0.0
2023-11-14 00:00:00-05:00,805.0,805.5999755859375,792.5499877929688,793.7000122070312,545200,0.0,0.0
2023-11-15 00:00:00-05:00,790.6599731445312,798.5,784.9600219726562,792.3800048828125,502100,0.0,0.0
2023-11-16 00:00:00-05:00,802.0599975585938,802.0599975585938,785.8300170898438,796.5399780273438,493800,0.0,0.0
2023-11-17 00:00:00-05:00,803.3099975585938,808.1400146484375,799.6400146484375,802.4299926757812,354500,0.0,0.0
2023-11-20 00:00:00-05:00,795.27001953125,806.8699951171875,795.27001953125,801.6400146484375,340700,0.0,0.0
2023-11-21 00:00:00-05:00,805.1500244140625,805.1500244140625,793.0,798.8300170898438,310700,0.0,0.0
2023-11-22 00:00:00-05:00,802.6400146484375,807.4600219726562,798.0900268554688,799.72998046875,233100,0.0,0.0
2023-11-24 00:00:00-05:00,803.97998046875,803.97998046875,795.02001953125,798.2999877929688,171600,0.0,0.0
2023-11-27 00:00:00-05:00,802.0,805.0,793.1799926757812,798.0800170898438,440100,0.0,0.0
2023-11-28 00:00:00-05:00,796.22998046875,801.6300048828125,792.5700073242188,801.1400146484375,446700,0.0,0.0
2023-11-29 00:00:00-05:00,804.1699829101562,814.2999877929688,800.239990234375,808.5900268554688,627700,0.0,0.0
2023-11-30 00:00:00-05:00,811.780029296875,828.8599853515625,810.25,823.8099975585938,954600,0.0,0.0
2023-12-01 00:00:00-05:00,824.9400024414062,828.4199829101562,808.8900146484375,814.8599853515625,560200,0.0,0.0
2023-12-04 00:00:00-05:00,804.5499877929688,824.6099853515625,802.5499877929688,823.3200073242188,508400,0.0,0.0
2023-12-05 00:00:00-05:00,817.8099975585938,823.6799926757812,809.239990234375,820.9000244140625,319400,0.0,0.0
2023-12-06 00:00:00-05:00,825.5499877929688,842.0,824.219970703125,835.75,554100,0.0,0.0
2023-12-07 00:00:00-05:00,840.0,850.280029296875,831.1900024414062,849.1799926757812,567300,0.0,0.0
2023-12-08 00:00:00-05:00,844.3300170898438,848.02001953125,839.5499877929688,840.1400146484375,388100,0.0,0.0
2023-12-11 00:00:00-05:00,838.4400024414062,849.72998046875,838.4400024414062,848.4199829101562,458700,0.0,0.0
2023-12-12 00:00:00-05:00,848.8499755859375,866.7100219726562,846.7100219726562,863.760009765625,500500,0.0,0.0
2023-12-13 00:00:00-05:00,863.1300048828125,879.4600219726562,862.7899780273438,876.1199951171875,680000,0.0,0.0
2023-12-14 00:00:00-05:00,873.8099975585938,878.6900024414062,867.1099853515625,876.0,598100,0.0,0.0
2023-12-15 00:00:00-05:00,876.1199951171875,887.9400024414062,854.02001953125,859.1400146484375,1791700,0.0,0.0
2023-12-18 00:00:00-05:00,853.780029296875,857.9000244140625,848.5900268554688,850.8699951171875,627400,0.0,0.0
2023-12-19 00:00:00-05:00,852.9600219726562,854.4400024414062,844.1799926757812,848.3900146484375,844200,0.0,0.0
2023-12-20 00:00:00-05:00,850.0,850.0,841.2999877929688,841.7899780273438,515900,0.0,0.0
2023-12-21 00:00:00-05:00,843.47998046875,847.2899780273438,838.4600219726562,841.8800048828125,332600,0.0,0.0
2023-12-22 00:00:00-05:00,846.27001953125,851.1599731445312,843.3900146484375,846.719970703125,742800,0.0,0.0
2023-12-26 00:00:00-05:00,848.530029296875,850.1400146484375,842.719970703125,849.530029296875,306200,0.0,0.0
2023-12-27 00:00:00-05:00,847.6599731445312,899.8599853515625,844.5599975585938,874.3699951171875,1273900,0.0,0.0
2023-12-28 00:00:00-05:00,874.27001953125,895.489990234375,874.27001953125,881.7000122070312,637500,0.0,0.0
2023-12-29 00:00:00-05:00,877.9099731445312,883.3400268554688,875.6199951171875,878.2899780273438,534300,0.0,0.0
2024-01-02 00:00:00-05:00,873.9099731445312,905.2899780273438,871.3900146484375,905.0,1000900,0.0,0.0
2024-01-03 00:00:00-05:00,906.7999877929688,923.5999755859375,901.0,917.5599975585938,758900,0.0,0.0
2024-01-04 00:00:00-05:00,917.780029296875,924.8900146484375,909.2100219726562,912.1699829101562,557400,0.0,0.0
2024-01-05 00:00:00-05:00,905.0,922.7100219726562,904.0,913.1699829101562,486100,0.0,0.0
2024-01-08 00:00:00-05:00,890.0,903.5999755859375,881.010009765625,902.8800048828125,723200,0.0,0.0
2024-01-09 00:00:00-05:00,895.3699951171875,903.280029296875,888.8200073242188,902.6900024414062,499300,0.0,0.0
2024-01-10 00:00:00-05:00,895.6500244140625,907.219970703125,894.6199951171875,906.1599731445312,382300,0.0,0.0
2024-01-11 00:00:00-05:00,902.9199829101562,916.9199829101562,899.0700073242188,915.969970703125,521300,0.0,0.0
2024-01-12 00:00:00-05:00,925.0,935.3699951171875,921.0,933.2000122070312,559900,0.0,0.0
2024-01-16 00:00:00-05:00,931.2100219726562,937.47998046875,929.1199951171875,937.3200073242188,761400,0.0,0.0
2024-01-17 00:00:00-05:00,939.760009765625,943.0,921.6799926757812,929.1300048828125,526700,0.0,0.0
2024-01-18 00:00:00-05:00,923.969970703125,937.3900146484375,917.7000122070312,930.0,513600,0.0,0.0
2024-01-19 00:00:00-05:00,933.1799926757812,937.989990234375,928.6500244140625,933.4000244140625,710800,0.0,0.0
2024-01-22 00:00:00-05:00,936.47998046875,943.9199829101562,922.0,942.8300170898438,530600,0.0,0.0
2024-01-23 00:00:00-05:00,943.3400268554688,955.3099975585938,941.7000122070312,954.5800170898438,568200,0.0,0.0
2024-01-24 00:00:00-05:00,957.030029296875,957.030029296875,945.489990234375,948.239990234375,390500,0.0,0.0
2024-01-25 00:00:00-05:00,957.5999755859375,957.75,945.0,948.8699951171875,394000,0.0,0.0
2024-01-26 00:00:00-05:00,952.0,958.1500244140625,939.0599975585938,940.0499877929688,460500,0.0,0.0
2024-01-29 00:00:00-05:00,946.1199951171875,957.6699829101562,943.8400268554688,955.7999877929688,530000,0.0,0.0
2024-01-30 00:00:00-05:00,956.0,960.2100219726562,945.0999755859375,959.72998046875,374700,0.0,0.0
2024-01-31 00:00:00-05:00,961.0499877929688,965.6599731445312,941.1900024414062,942.780029296875,601900,0.0,0.0
2024-02-01 00:00:00-05:00,945.6099853515625,964.9299926757812,937.469970703125,957.780029296875,520500,0.0,0.0
2024-02-02 00:00:00-05:00,971.22998046875,973.989990234375,939.3099975585938,945.1799926757812,752000,0.0,0.0
2024-02-05 00:00:00-05:00,931.8699951171875,939.5,923.030029296875,936.3300170898438,703800,0.0,0.0
2024-02-06 00:00:00-05:00,940.0,945.4600219726562,927.52001953125,937.8099975585938,460400,0.0,0.0
2024-02-07 00:00:00-05:00,940.0,954.2999877929688,933.4600219726562,938.489990234375,456400,0.0,0.0
2024-02-08 00:00:00-05:00,934.7899780273438,947.239990234375,930.0399780273438,946.4299926757812,487600,0.0,0.0
2024-02-09 00:00:00-05:00,948.0,957.510009765625,945.8499755859375,953.4199829101562,613800,0.0,0.0
2024-02-12 00:00:00-05:00,952.3900146484375,954.530029296875,941.010009765625,947.0599975585938,604200,0.0,0.0
2024-02-13 00:00:00-05:00,946.1699829101562,947.4600219726562,933.7999877929688,940.47998046875,523800,0.0,0.0
2024-02-14 00:00:00-05:00,943.0999755859375,951.8300170898438,936.7000122070312,947.8200073242188,373500,0.0,0.0
2024-02-15 00:00:00-05:00,951.6699829101562,958.739990234375,948.9299926757812,954.72998046875,334300,0.0,0.0
2024-02-16 00:00:00-05:00,953.4400024414062,956.52001953125,944.1199951171875,948.0499877929688,367400,0.0,0.0
2024-02-20 00:00:00-05:00,950.0,963.0,943.72998046875,946.8699951171875,417700,0.0,0.0
2024-02-21 00:00:00-05:00,952.0,958.0,945.7000122070312,952.8400268554688,300500,0.0,0.0
2024-02-22 00:00:00-05:00,953.5700073242188,973.0,947.8499755859375,964.8900146484375,614700,0.0,0.0
2024-02-23 00:00:00-05:00,975.0,985.6400146484375,969.1500244140625,981.2000122070312,439600,0.0,0.0
2024-02-26 00:00:00-05:00,977.5499877929688,995.969970703125,975.0,989.280029296875,541200,0.0,0.0
2024-02-27 00:00:00-05:00,989.0,995.4099731445312,975.219970703125,993.3499755859375,464200,0.0,0.0
2024-02-28 00:00:00-05:00,995.0,998.3300170898438,987.6099853515625,987.6099853515625,486000,0.0,0.0
2024-02-29 00:00:00-05:00,989.9099731445312,990.2999877929688,965.1599731445312,966.0900268554688,792200,0.0,0.0
2024-03-01 00:00:00-05:00,967.5,988.1300048828125,966.0900268554688,982.8200073242188,370500,0.0,0.0
2024-03-04 00:00:00-05:00,982.8200073242188,985.2100219726562,966.219970703125,971.1900024414062,455600,0.0,0.0
2024-03-05 00:00:00-05:00,972.719970703125,977.6699829101562,953.2899780273438,965.2100219726562,397500,0.0,0.0
2024-03-06 00:00:00-05:00,959.22998046875,974.1799926757812,955.5599975585938,972.0999755859375,366800,0.0,0.0
2024-03-07 00:00:00-05:00,971.1300048828125,979.25,969.8800048828125,973.3099975585938,380500,0.0,0.0
2024-03-08 00:00:00-05:00,973.3400268554688,976.0,962.8200073242188,968.8300170898438,354400,0.0,0.0
2024-03-11 00:00:00-04:00,971.0900268554688,979.7999877929688,960.4400024414062,964.4400024414062,355600,0.0,0.0
2024-03-12 00:00:00-04:00,964.4400024414062,975.9299926757812,963.0,970.5700073242188,359000,0.0,0.0
2024-03-13 00:00:00-04:00,979.8200073242188,979.8200073242188,963.8300170898438,965.469970703125,386200,0.0,0.0
2024-03-14 00:00:00-04:00,966.2999877929688,969.1799926757812,950.969970703125,959.0399780273438,507300,0.0,0.0
2024-03-15 00:00:00-04:00,956.469970703125,968.510009765625,953.719970703125,964.469970703125,1090500,0.0,0.0
2024-03-18 00:00:00-04:00,970.0,970.7100219726562,959.489990234375,959.9199829101562,360200,0.0,0.0
2024-03-19 00:00:00-04:00,965.1099853515625,969.1599731445312,959.1400146484375,963.6599731445312,365300,0.0,0.0
2024-03-20 00:00:00-04:00,959.0599975585938,967.2000122070312,947.3699951171875,966.9600219726562,579300,0.0,0.0
2024-03-21 00:00:00-04:00,974.75,979.260009765625,968.0,968.010009765625,435100,0.0,0.0
2024-03-22 00:00:00-04:00,973.0,977.3900146484375,966.469970703125,967.239990234375,274400,0.0,0.0
2024-03-25 00:00:00-04:00,954.010009765625,964.97998046875,952.469970703125,961.0900268554688,322300,0.0,0.0
2024-03-26 00:00:00-04:00,961.989990234375,966.6799926757812,957.780029296875,963.5499877929688,386800,0.0,0.0
2024-03-27 00:00:00-04:00,971.0399780273438,976.75,962.4099731445312,966.2999877929688,314800,0.0,0.0
2024-03-28 00:00:00-04:00,970.3800048828125,970.7899780273438,959.25,962.489990234375,461800,0.0,0.0
2024-04-01 00:00:00-04:00,964.72998046875,970.2000122070312,954.0900268554688,969.3099975585938,360600,0.0,0.0
2024-04-02 00:00:00-04:00,961.4400024414062,961.4400024414062,951.02001953125,954.6799926757812,438100,0.0,0.0
2024-04-03 00:00:00-04:00,955.0,961.6799926757812,950.4299926757812,950.9500122070312,413200,0.0,0.0
2024-04-04 00:00:00-04:00,962.2000122070312,962.2000122070312,935.3599853515625,937.02001953125,410800,0.0,0.0
2024-04-05 00:00:00-04:00,939.3099975585938,949.8300170898438,934.8699951171875,942.7000122070312,363500,0.0,0.0
2024-04-08 00:00:00-04:00,939.1599731445312,942.989990234375,935.510009765625,938.47998046875,330900,0.0,0.0
2024-04-09 00:00:00-04:00,941.3900146484375,949.2000122070312,938.0,943.8900146484375,305700,0.0,0.0
2024-04-10 00:00:00-04:00,935.02001953125,937.8699951171875,923.4400024414062,936.2000122070312,389700,0.0,0.0
2024-04-11 00:00:00-04:00,928.5800170898438,930.6400146484375,907.3300170898438,920.3200073242188,617100,0.0,0.0
2024-04-12 00:00:00-04:00,911.5499877929688,912.219970703125,898.260009765625,904.7000122070312,665300,0.0,0.0
2024-04-15 00:00:00-04:00,915.3699951171875,921.1199951171875,895.0900268554688,898.5599975585938,656200,0.0,0.0
2024-04-16 00:00:00-04:00,897.219970703125,901.0700073242188,890.4299926757812,894.1400146484375,615700,0.0,0.0
2024-04-17 00:00:00-04:00,903.8800048828125,911.6400146484375,899.9000244140625,901.1900024414062,468700,0.0,0.0
2024-04-18 00:00:00-04:00,901.260009765625,908.8099975585938,891.6699829101562,893.989990234375,450600,0.0,0.0
2024-04-19 00:00:00-04:00,913.969970703125,920.72998046875,891.4600219726562,896.8200073242188,507500,0.0,0.0
2024-04-22 00:00:00-04:00,904.5399780273438,908.6699829101562,897.4500122070312,900.1599731445312,351400,0.0,0.0
2024-04-23 00:00:00-04:00,905.6599731445312,912.739990234375,903.8300170898438,907.3200073242188,341200,0.0,0.0
2024-04-24 00:00:00-04:00,906.9000244140625,915.7000122070312,904.4099731445312,906.5399780273438,373600,0.0,0.0
2024-04-25 00:00:00-04:00,911.0900268554688,915.0,876.75,890.6799926757812,576600,0.0,0.0
2024-04-26 00:00:00-04:00,881.719970703125,887.47998046875,875.22998046875,883.2000122070312,505700,0.0,0.0
2024-04-29 00:00:00-04:00,883.2000122070312,897.780029296875,883.2000122070312,892.47998046875,369900,0.0,0.0
2024-04-30 00:00:00-04:00,892.1099853515625,896.8499755859375,885.010009765625,890.6599731445312,636700,0.0,0.0
2024-05-01 00:00:00-04:00,889.4099731445312,913.2100219726562,888.52001953125,903.47998046875,595200,0.0,0.0
2024-05-02 00:00:00-04:00,900.0,943.77001953125,891.2999877929688,937.6099853515625,1067000,0.0,0.0
2024-05-03 00:00:00-04:00,926.9400024414062,958.1300048828125,926.9400024414062,957.0,547400,0.0,0.0
2024-05-06 00:00:00-04:00,958.0,962.0999755859375,950.27001953125,958.6400146484375,352000,0.0,0.0
2024-05-07 00:00:00-04:00,967.8800048828125,970.5599975585938,957.0999755859375,969.969970703125,362300,0.0,0.0
2024-05-08 00:00:00-04:00,969.9000244140625,971.8599853515625,952.1400146484375,955.760009765625,424900,0.0,0.0
2024-05-09 00:00:00-04:00,959.5900268554688,969.97998046875,956.760009765625,968.0,281900,0.0,0.0
2024-05-10 00:00:00-04:00,970.0,979.97998046875,966.8499755859375,973.7999877929688,351400,0.0,0.0
2024-05-13 00:00:00-04:00,980.0,982.5800170898438,970.989990234375,976.9600219726562,284300,0.0,0.0
2024-05-14 00:00:00-04:00,980.0,987.7999877929688,970.9500122070312,984.6400146484375,307900,0.0,0.0
2024-05-15 00:00:00-04:00,988.0,988.9600219726562,966.3400268554688,978.2100219726562,593300,0.0,0.0
2024-05-16 00:00:00-04:00,978.27001953125,978.2999877929688,967.4099731445312,967.97998046875,407600,0.0,0.0
2024-05-17 00:00:00-04:00,969.27001953125,982.77001953125,966.0,982.2899780273438,386600,0.0,0.0
2024-05-20 00:00:00-04:00,980.4199829101562,987.989990234375,978.2100219726562,987.27001953125,317900,0.0,0.0
2024-05-21 00:00:00-04:00,987.989990234375,995.9199829101562,982.969970703125,993.9500122070312,331600,0.0,0.0
2024-05-22 00:00:00-04:00,993.0,997.8699951171875,981.5700073242188,983.7999877929688,308700,0.0,0.0
2024-05-23 00:00:00-04:00,985.4299926757812,991.7100219726562,975.72998046875,980.5700073242188,315700,0.0,0.0
2024-05-24 00:00:00-04:00,984.0399780273438,995.4099731445312,983.1599731445312,985.02001953125,259300,0.0,0.0
2024-05-28 00:00:00-04:00,974.8599853515625,978.9299926757812,963.4099731445312,973.1599731445312,336800,0.0,0.0
2024-05-29 00:00:00-04:00,970.0,971.239990234375,958.6400146484375,966.489990234375,346700,0.0,0.0
2024-05-30 00:00:00-04:00,965.5800170898438,971.8599853515625,952.2999877929688,969.9099731445312,444000,0.0,0.0
