Date,Open,High,Low,Close,Volume,Dividends,Stock Splits
2021-09-23 00:00:00-04:00,421.281005859375,444.69000244140625,396.8999938964844,406.0530090332031,21,0.0,0.0
2021-09-24 00:00:00-04:00,414.6390075683594,414.6390075683594,375.0299987792969,375.0299987792969,10,0.0,0.0
2021-09-27 00:00:00-04:00,355.5899963378906,355.5899963378906,324.80999755859375,345.8699951171875,77,0.0,0.0
2021-09-28 00:00:00-04:00,340.20001220703125,351.5400085449219,315.57598876953125,341.010009765625,53,0.0,0.0
2021-09-29 00:00:00-04:00,349.1099853515625,358.8299865722656,343.27801513671875,345.05999755859375,132,0.0,0.0
2021-09-30 00:00:00-04:00,353.1600036621094,392.8500061035156,353.1600036621094,387.5849914550781,142,0.0,0.0
2021-10-01 00:00:00-04:00,385.9649963378906,395.2799987792969,378.2699890136719,395.2799987792969,7,0.0,0.0
2021-10-04 00:00:00-04:00,454.1669921875,457.6499938964844,432.5400085449219,456.8399963378906,65,0.0,0.0
2021-10-05 00:00:00-04:00,473.44500732421875,495.7200012207031,461.70001220703125,473.364013671875,52,0.0,0.0
2021-10-06 00:00:00-04:00,456.0299987792969,456.0299987792969,426.05999755859375,442.260009765625,28,0.0,0.0
2021-10-07 00:00:00-04:00,445.5,445.5,409.04998779296875,413.1000061035156,38,0.0,0.0
2021-10-08 00:00:00-04:00,434.1600036621094,434.1600036621094,401.760009765625,401.760009765625,41,0.0,0.0
2021-10-11 00:00:00-04:00,398.5199890136719,449.54998779296875,396.0899963378906,447.92999267578125,32,0.0,0.0
2021-10-12 00:00:00-04:00,429.29998779296875,436.5899963378906,363.69000244140625,386.2080078125,362,0.0,0.0
2021-10-13 00:00:00-04:00,274.5899963378906,281.8800048828125,254.33999633789062,254.33999633789062,24584,0.0,0.0
2021-10-14 00:00:00-04:00,261.87298583984375,271.3500061035156,254.33999633789062,260.82000732421875,3219,0.0,0.0
2021-10-15 00:00:00-04:00,271.3500061035156,271.3500061035156,234.89999389648438,244.6199951171875,2209,0.0,0.0
2021-10-18 00:00:00-04:00,255.14999389648438,255.14999389648438,229.7969970703125,237.3300018310547,1631,0.0,0.0
2021-10-19 00:00:00-04:00,240.57000732421875,240.57000732421875,211.41000366210938,216.27000427246094,2254,0.0,0.0
2021-10-20 00:00:00-04:00,222.75,225.17999267578125,207.36000061035156,210.60000610351562,3596,0.0,0.0
2021-10-21 00:00:00-04:00,216.27000427246094,248.6699981689453,201.69000244140625,238.9499969482422,9404,0.0,0.0
2021-10-22 00:00:00-04:00,242.19000244140625,251.10000610351562,225.99000549316406,229.22999572753906,2749,0.0,0.0
2021-10-25 00:00:00-04:00,221.94000244140625,238.13999938964844,215.4600067138672,216.27000427246094,979,0.0,0.0
2021-10-26 00:00:00-04:00,216.27000427246094,219.50999450683594,210.60000610351562,211.41000366210938,1028,0.0,0.0
2021-10-27 00:00:00-04:00,211.81500244140625,220.32000732421875,207.36000061035156,209.7899932861328,557,0.0,0.0
2021-10-28 00:00:00-04:00,211.41000366210938,214.64999389648438,203.30999755859375,204.92999267578125,679,0.0,0.0
2021-10-29 00:00:00-04:00,210.60000610351562,232.47000122070312,208.97999572753906,228.4199981689453,1191,0.0,0.0
2021-11-01 00:00:00-04:00,221.1300048828125,227.61000061035156,211.41000366210938,215.4600067138672,984,0.0,0.0
2021-11-02 00:00:00-04:00,222.75,230.0399932861328,211.41000366210938,221.1300048828125,2011,0.0,0.0
2021-11-03 00:00:00-04:00,234.08999633789062,342.6300048828125,234.08999633789062,313.4700012207031,339927,0.0,0.0
2021-11-04 00:00:00-04:00,397.7099914550781,477.0899963378906,252.72000122070312,324.0,351690,0.0,0.0
2021-11-05 00:00:00-04:00,304.55999755859375,318.3299865722656,237.3300018310547,314.2799987792969,41911,0.0,0.0
2021-11-08 00:00:00-05:00,281.07000732421875,302.94000244140625,263.25,301.32000732421875,9178,0.0,0.0
2021-11-09 00:00:00-05:00,273.7799987792969,294.8399963378906,259.20001220703125,260.010009765625,4769,0.0,0.0
2021-11-10 00:00:00-05:00,259.20001220703125,267.29998779296875,240.57000732421875,251.91000366210938,4290,0.0,0.0
2021-11-11 00:00:00-05:00,245.42999267578125,248.26499938964844,228.4199981689453,241.3800048828125,3070,0.0,0.0
2021-11-12 00:00:00-05:00,236.52000427246094,240.57000732421875,215.4600067138672,222.75,3425,0.0,0.0
2021-11-15 00:00:00-05:00,233.27999877929688,255.14999389648438,218.6999969482422,243.0,3889,0.0,0.0
2021-11-16 00:00:00-05:00,248.6699981689453,248.6699981689453,225.99000549316406,233.27999877929688,1649,0.0,0.0
2021-11-17 00:00:00-05:00,234.08999633789062,235.30499267578125,220.32000732421875,221.1300048828125,1322,0.0,0.0
2021-11-18 00:00:00-05:00,218.6999969482422,221.1300048828125,204.1199951171875,210.60000610351562,1411,0.0,0.0
2021-11-19 00:00:00-05:00,209.14199829101562,217.88999938964844,204.92999267578125,214.64999389648438,717,0.0,0.0
2021-11-22 00:00:00-05:00,218.6999969482422,218.6999969482422,197.63999938964844,213.83999633789062,968,0.0,0.0
2021-11-23 00:00:00-05:00,203.30999755859375,209.7899932861328,195.2100067138672,196.02000427246094,784,0.0,0.0
2021-11-24 00:00:00-05:00,196.02000427246094,201.69000244140625,190.35000610351562,197.63999938964844,928,0.0,0.0
2021-11-26 00:00:00-05:00,194.39999389648438,197.23500061035156,191.16000366210938,191.16000366210938,458,0.0,0.0
2021-11-29 00:00:00-05:00,196.8300018310547,196.8300018310547,180.6300048828125,191.97000122070312,1035,0.0,0.0
2021-11-30 00:00:00-05:00,196.02000427246094,196.02000427246094,171.72000122070312,188.72999572753906,1212,0.0,0.0
2021-12-01 00:00:00-05:00,197.802001953125,197.802001953125,178.1999969482422,179.82000732421875,1035,0.0,0.0
2021-12-02 00:00:00-05:00,178.60499572753906,181.35899353027344,165.24000549316406,168.47999572753906,520,0.0,0.0
2021-12-03 00:00:00-05:00,163.6199951171875,167.6699981689453,146.28599548339844,161.19000244140625,1711,0.0,0.0
2021-12-06 00:00:00-05:00,157.9499969482422,158.75999450683594,144.17999267578125,153.08999633789062,995,0.0,0.0
2021-12-07 00:00:00-05:00,160.3800048828125,182.25,157.2209930419922,174.14999389648438,1590,0.0,0.0
2021-12-08 00:00:00-05:00,171.72000122070312,192.77999877929688,166.0500030517578,184.67999267578125,1293,0.0,0.0
2021-12-09 00:00:00-05:00,187.11000061035156,211.41000366210938,187.11000061035156,190.35000610351562,5731,0.0,0.0
2021-12-10 00:00:00-05:00,191.97000122070312,200.8800048828125,176.5800018310547,178.1999969482422,2062,0.0,0.0
2021-12-13 00:00:00-05:00,179.00999450683594,182.25,164.42999267578125,167.6699981689453,953,0.0,0.0
2021-12-14 00:00:00-05:00,172.52999877929688,173.33999633789062,149.85000610351562,153.89999389648438,498,0.0,0.0
2021-12-15 00:00:00-05:00,158.75999450683594,162.0,141.75,153.89999389648438,721,0.0,0.0
2021-12-16 00:00:00-05:00,176.5800018310547,176.5800018310547,147.4199981689453,151.47000122070312,1264,0.0,0.0
2021-12-17 00:00:00-05:00,149.85000610351562,162.0,146.28599548339844,161.19000244140625,738,0.0,0.0
2021-12-20 00:00:00-05:00,162.80999755859375,164.42999267578125,149.85000610351562,157.13999938964844,762,0.0,0.0
2021-12-21 00:00:00-05:00,162.0,166.86000061035156,157.9499969482422,158.75999450683594,635,0.0,0.0
2021-12-22 00:00:00-05:00,155.03399658203125,162.80999755859375,151.47000122070312,160.3800048828125,256,0.0,0.0
2021-12-23 00:00:00-05:00,162.0,167.6699981689453,152.27999877929688,162.0,472,0.0,0.0
2021-12-27 00:00:00-05:00,158.75999450683594,167.6699981689453,145.8000030517578,149.85000610351562,816,0.0,0.0
2021-12-28 00:00:00-05:00,151.47000122070312,160.3800048828125,140.1300048828125,145.8000030517578,958,0.0,0.0
2021-12-29 00:00:00-05:00,158.35499572753906,168.47999572753906,155.52000427246094,156.3300018310547,2685,0.0,0.0
2021-12-30 00:00:00-05:00,168.47999572753906,171.72000122070312,159.97500610351562,164.42999267578125,1168,0.0,0.0
2021-12-31 00:00:00-05:00,161.19000244140625,168.47999572753906,157.13999938964844,166.0500030517578,446,0.0,0.0
2022-01-03 00:00:00-05:00,170.10000610351562,176.5800018310547,158.6790008544922,174.14999389648438,674,0.0,0.0
2022-01-04 00:00:00-05:00,174.14999389648438,177.3090057373047,167.6699981689453,174.14999389648438,337,0.0,0.0
2022-01-05 00:00:00-05:00,174.14999389648438,174.14999389648438,160.3800048828125,166.86000061035156,452,0.0,0.0
2022-01-06 00:00:00-05:00,158.75999450683594,166.86000061035156,158.75999450683594,162.0,442,0.0,0.0
2022-01-07 00:00:00-05:00,158.75999450683594,160.3800048828125,153.89999389648438,153.89999389648438,358,0.0,0.0
2022-01-10 00:00:00-05:00,156.49200439453125,173.33999633789062,153.89999389648438,153.89999389648438,591,0.0,0.0
2022-01-11 00:00:00-05:00,153.89999389648438,166.0500030517578,153.08999633789062,166.0500030517578,284,0.0,0.0
2022-01-12 00:00:00-05:00,166.0500030517578,166.0500030517578,149.85000610351562,153.08999633789062,552,0.0,0.0
2022-01-13 00:00:00-05:00,153.89999389648438,158.75999450683594,146.2050018310547,156.3300018310547,430,0.0,0.0
2022-01-14 00:00:00-05:00,151.47000122070312,160.3800048828125,149.0399932861328,159.57000732421875,259,0.0,0.0
2022-01-18 00:00:00-05:00,157.9499969482422,164.42999267578125,148.22999572753906,149.85000610351562,278,0.0,0.0
2022-01-19 00:00:00-05:00,148.22999572753906,148.22999572753906,141.75,143.3699951171875,679,0.0,0.0
2022-01-20 00:00:00-05:00,149.0399932861328,149.0399932861328,141.75,145.8000030517578,370,0.0,0.0
2022-01-21 00:00:00-05:00,142.55999755859375,142.55999755859375,134.4600067138672,138.50999450683594,581,0.0,0.0
2022-01-24 00:00:00-05:00,135.27000427246094,135.27000427246094,118.26000213623047,123.12000274658203,273,0.0,0.0
2022-01-25 00:00:00-05:00,123.12000274658203,131.22000122070312,119.87999725341797,131.22000122070312,158,0.0,0.0
2022-01-26 00:00:00-05:00,124.73999786376953,129.60000610351562,121.8239974975586,124.73999786376953,59,0.0,0.0
2022-01-27 00:00:00-05:00,124.9020004272461,129.60000610351562,119.87999725341797,129.60000610351562,211,0.0,0.0
2022-01-28 00:00:00-05:00,124.25399780273438,129.60000610351562,124.09200286865234,129.60000610351562,25,0.0,0.0
2022-01-31 00:00:00-05:00,122.30999755859375,129.60000610351562,117.44999694824219,124.73999786376953,190,0.0,0.0
2022-02-01 00:00:00-05:00,128.7899932861328,139.32000732421875,128.7899932861328,139.32000732421875,90,0.0,0.0
2022-02-02 00:00:00-05:00,137.6999969482422,137.6999969482422,128.7899932861328,136.88999938964844,101,0.0,0.0
2022-02-03 00:00:00-05:00,136.88999938964844,136.88999938964844,128.7899932861328,132.43499755859375,62,0.0,0.0
2022-02-04 00:00:00-05:00,132.02999877929688,132.02999877929688,126.36000061035156,126.36000061035156,60,0.0,0.0
2022-02-07 00:00:00-05:00,129.60000610351562,134.4600067138672,127.16999816894531,134.4600067138672,126,0.0,0.0
2022-02-08 00:00:00-05:00,133.64999389648438,144.17999267578125,133.2449951171875,144.17999267578125,702,0.0,0.0
2022-02-09 00:00:00-05:00,137.6999969482422,142.96499633789062,133.64999389648438,134.4600067138672,36,0.0,0.0
2022-02-10 00:00:00-05:00,144.17999267578125,144.17999267578125,135.27000427246094,135.27000427246094,288,0.0,0.0
2022-02-11 00:00:00-05:00,133.64999389648438,135.27000427246094,128.7899932861328,132.83999633789062,198,0.0,0.0
2022-02-14 00:00:00-05:00,128.7899932861328,135.27000427246094,126.36000061035156,135.27000427246094,228,0.0,0.0
2022-02-15 00:00:00-05:00,127.16999816894531,133.64999389648438,121.5,129.60000610351562,123,0.0,0.0
2022-02-16 00:00:00-05:00,122.30999755859375,132.02999877929688,122.30999755859375,127.57499694824219,48,0.0,0.0
2022-02-17 00:00:00-05:00,123.93000030517578,130.41000366210938,121.5,121.5,226,0.0,0.0
2022-02-18 00:00:00-05:00,127.16999816894531,127.16999816894531,117.44999694824219,123.12000274658203,251,0.0,0.0
2022-02-22 00:00:00-05:00,119.87999725341797,119.87999725341797,97.19999694824219,117.44999694824219,727,0.0,0.0
2022-02-23 00:00:00-05:00,109.3499984741211,117.44999694824219,109.3499984741211,117.44999694824219,278,0.0,0.0
2022-02-24 00:00:00-05:00,102.05999755859375,111.77999877929688,102.05999755859375,110.97000122070312,225,0.0,0.0
2022-02-25 00:00:00-05:00,102.87000274658203,119.06999969482422,102.87000274658203,119.06999969482422,122,0.0,0.0
2022-02-28 00:00:00-05:00,105.30000305175781,121.33799743652344,105.30000305175781,114.20999908447266,79,0.0,0.0
2022-03-01 00:00:00-05:00,110.97000122070312,115.83000183105469,110.97000122070312,115.83000183105469,57,0.0,0.0
2022-03-02 00:00:00-05:00,117.44999694824219,124.73999786376953,112.02300262451172,122.30999755859375,101,0.0,0.0
2022-03-03 00:00:00-05:00,110.97000122070312,125.55000305175781,109.3499984741211,125.55000305175781,157,0.0,0.0
2022-03-04 00:00:00-05:00,116.63999938964844,116.63999938964844,107.7300033569336,112.58999633789062,143,0.0,0.0
2022-03-07 00:00:00-05:00,112.58999633789062,112.58999633789062,107.7300033569336,112.58999633789062,123,0.0,0.0
2022-03-08 00:00:00-05:00,120.69000244140625,120.69000244140625,112.58999633789062,113.4000015258789,128,0.0,0.0
2022-03-09 00:00:00-05:00,113.4000015258789,116.63999938964844,113.4000015258789,113.4000015258789,146,0.0,0.0
2022-03-10 00:00:00-05:00,113.4000015258789,115.0199966430664,113.4000015258789,113.48100280761719,185,0.0,0.0
2022-03-11 00:00:00-05:00,109.18800354003906,113.4000015258789,109.18800354003906,110.97000122070312,62,0.0,0.0
2022-03-14 00:00:00-04:00,110.97000122070312,112.26599884033203,105.30000305175781,105.70500183105469,226,0.0,0.0
2022-03-15 00:00:00-04:00,105.30000305175781,108.13500213623047,93.95999908447266,98.81999969482422,173,0.0,0.0
2022-03-16 00:00:00-04:00,98.81999969482422,106.91999816894531,96.38999938964844,102.05999755859375,56,0.0,0.0
2022-03-17 00:00:00-04:00,102.05999755859375,102.05999755859375,93.1500015258789,93.95999908447266,162,0.0,0.0
2022-03-18 00:00:00-04:00,93.7979965209961,109.3499984741211,93.1500015258789,102.87000274658203,184,0.0,0.0
2022-03-21 00:00:00-04:00,114.20999908447266,114.20999908447266,93.95999908447266,97.19999694824219,337,0.0,0.0
2022-03-22 00:00:00-04:00,100.35900115966797,112.58999633789062,98.01000213623047,98.01000213623047,302,0.0,0.0
2022-03-23 00:00:00-04:00,106.11000061035156,200.8800048828125,106.11000061035156,140.94000244140625,54373,0.0,0.0
2022-03-24 00:00:00-04:00,135.27000427246094,144.99000549316406,127.9800033569336,141.75,4116,0.0,0.0
2022-03-25 00:00:00-04:00,142.55999755859375,157.13999938964844,134.7030029296875,149.85000610351562,1594,0.0,0.0
2022-03-28 00:00:00-04:00,157.9499969482422,157.9499969482422,132.83999633789062,149.85000610351562,940,0.0,0.0
2022-03-29 00:00:00-04:00,160.3800048828125,160.3800048828125,145.8000030517578,149.85000610351562,563,0.0,0.0
2022-03-30 00:00:00-04:00,146.61000061035156,162.0,146.61000061035156,156.3300018310547,1193,0.0,0.0
2022-03-31 00:00:00-04:00,155.52000427246094,162.0,153.08999633789062,157.9499969482422,306,0.0,0.0
2022-04-01 00:00:00-04:00,153.08999633789062,160.3800048828125,153.08999633789062,155.52000427246094,249,0.0,0.0
2022-04-04 00:00:00-04:00,156.3300018310547,160.3800048828125,153.89999389648438,155.9250030517578,246,0.0,0.0
2022-04-05 00:00:00-04:00,153.89999389648438,157.9499969482422,153.89999389648438,157.9499969482422,148,0.0,0.0
2022-04-06 00:00:00-04:00,171.72000122070312,171.72000122070312,153.89999389648438,154.30499267578125,369,0.0,0.0
2022-04-07 00:00:00-04:00,153.89999389648438,166.86000061035156,153.89999389648438,157.13999938964844,373,0.0,0.0
2022-04-08 00:00:00-04:00,161.19000244140625,161.19000244140625,152.27999877929688,159.57000732421875,320,0.0,0.0
2022-04-11 00:00:00-04:00,161.19000244140625,161.19000244140625,152.27999877929688,154.30499267578125,386,0.0,0.0
2022-04-12 00:00:00-04:00,150.66000366210938,157.9499969482422,150.66000366210938,154.30499267578125,220,0.0,0.0
2022-04-13 00:00:00-04:00,150.66000366210938,166.0500030517578,150.66000366210938,155.52000427246094,543,0.0,0.0
2022-04-14 00:00:00-04:00,156.3300018310547,156.3300018310547,150.66000366210938,152.68499755859375,200,0.0,0.0
2022-04-18 00:00:00-04:00,151.47000122070312,153.89999389648438,148.22999572753906,153.89999389648438,47,0.0,0.0
2022-04-19 00:00:00-04:00,157.9499969482422,159.57000732421875,152.27999877929688,157.13999938964844,184,0.0,0.0
2022-04-20 00:00:00-04:00,153.89999389648438,164.42999267578125,153.89999389648438,157.9499969482422,100,0.0,0.0
2022-04-21 00:00:00-04:00,158.75999450683594,162.80999755859375,151.47000122070312,151.47000122070312,475,0.0,0.0
2022-04-22 00:00:00-04:00,151.47000122070312,151.47000122070312,142.55999755859375,145.8000030517578,163,0.0,0.0
2022-04-25 00:00:00-04:00,142.55999755859375,145.8000030517578,137.6999969482422,138.50999450683594,165,0.0,0.0
2022-04-26 00:00:00-04:00,140.94000244140625,140.94000244140625,122.30999755859375,129.60000610351562,151,0.0,0.0
2022-04-27 00:00:00-04:00,122.30999755859375,132.83999633789062,122.30999755859375,122.30999755859375,168,0.0,0.0
2022-04-28 00:00:00-04:00,134.4600067138672,134.4600067138672,110.97000122070312,110.97000122070312,375,0.0,0.0
2022-04-29 00:00:00-04:00,113.4000015258789,115.0199966430664,105.30000305175781,105.30000305175781,272,0.0,0.0
2022-05-02 00:00:00-04:00,99.62999725341797,102.05999755859375,93.95999908447266,93.95999908447266,254,0.0,0.0
2022-05-03 00:00:00-04:00,120.69000244140625,185.49000549316406,106.91999816894531,148.22999572753906,60435,0.0,0.0
2022-05-04 00:00:00-04:00,129.60000610351562,129.60000610351562,115.0199966430664,129.60000610351562,8083,0.0,0.0
2022-05-05 00:00:00-04:00,133.64999389648438,153.89999389648438,130.41000366210938,140.94000244140625,3683,0.0,0.0
2022-05-06 00:00:00-04:00,140.94000244140625,149.85000610351562,132.51600646972656,143.3699951171875,1174,0.0,0.0
2022-05-09 00:00:00-04:00,129.60000610351562,159.57000732421875,129.60000610351562,140.1300048828125,1048,0.0,0.0
2022-05-10 00:00:00-04:00,142.55999755859375,145.8000030517578,109.3499984741211,124.73999786376953,1463,0.0,0.0
2022-05-11 00:00:00-04:00,131.22000122070312,134.29800415039062,121.5,129.60000610351562,765,0.0,0.0
2022-05-12 00:00:00-04:00,124.73999786376953,128.7899932861328,119.87999725341797,126.36000061035156,136,0.0,0.0
2022-05-13 00:00:00-04:00,116.63999938964844,125.55000305175781,116.63999938964844,123.12000274658203,342,0.0,0.0
2022-05-16 00:00:00-04:00,119.87999725341797,123.12000274658203,115.0199966430664,117.44999694824219,214,0.0,0.0
2022-05-17 00:00:00-04:00,123.93000030517578,123.93000030517578,115.83000183105469,115.83000183105469,99,0.0,0.0
2022-05-18 00:00:00-04:00,121.5,121.5,115.83000183105469,119.06999969482422,107,0.0,0.0
2022-05-19 00:00:00-04:00,116.63999938964844,116.63999938964844,112.58999633789062,113.4000015258789,312,0.0,0.0
2022-05-20 00:00:00-04:00,113.4000015258789,115.0199966430664,106.91999816894531,106.91999816894531,170,0.0,0.0
2022-05-23 00:00:00-04:00,107.7300033569336,110.16000366210938,107.24400329589844,107.24400329589844,58,0.0,0.0
2022-05-24 00:00:00-04:00,105.30000305175781,108.94499969482422,105.30000305175781,108.94499969482422,110,0.0,0.0
2022-05-25 00:00:00-04:00,117.04499816894531,117.04499816894531,101.25,101.25,249,0.0,0.0
2022-05-26 00:00:00-04:00,108.13500213623047,123.12000274658203,101.25,105.30000305175781,373,0.0,0.0
2022-05-27 00:00:00-04:00,106.91999816894531,111.77999877929688,103.68000030517578,109.3499984741211,270,0.0,0.0
2022-05-31 00:00:00-04:00,111.77999877929688,111.77999877929688,100.44000244140625,103.68000030517578,277,0.0,0.0
2022-06-01 00:00:00-04:00,105.30000305175781,110.16000366210938,104.97599792480469,110.16000366210938,14,0.0,0.0
2022-06-02 00:00:00-04:00,109.3499984741211,109.3499984741211,101.25,107.7300033569336,191,0.0,0.0
2022-06-03 00:00:00-04:00,101.25,106.11000061035156,101.25,103.68000030517578,107,0.0,0.0
2022-06-06 00:00:00-04:00,105.30000305175781,123.93000030517578,103.2750015258789,115.83000183105469,344,0.0,0.0
2022-06-07 00:00:00-04:00,115.83000183105469,136.88999938964844,115.83000183105469,134.78399658203125,632,0.0,0.0
2022-06-08 00:00:00-04:00,125.55000305175781,131.54400634765625,125.55000305175781,131.22000122070312,33,0.0,0.0
2022-06-09 00:00:00-04:00,121.5,131.8679962158203,116.63999938964844,127.57499694824219,183,0.0,0.0
2022-06-10 00:00:00-04:00,124.73999786376953,126.36000061035156,121.5,124.73999786376953,41,0.0,0.0
2022-06-13 00:00:00-04:00,106.11000061035156,123.93000030517578,101.25,109.3499984741211,115,0.0,0.0
2022-06-14 00:00:00-04:00,112.58999633789062,119.06999969482422,112.58999633789062,119.06999969482422,28,0.0,0.0
2022-06-15 00:00:00-04:00,106.91999816894531,117.44999694824219,106.91999816894531,117.44999694824219,19,0.0,0.0
2022-06-16 00:00:00-04:00,115.83000183105469,115.83000183105469,101.25,111.375,210,0.0,0.0
2022-06-17 00:00:00-04:00,105.30000305175781,115.0199966430664,102.87000274658203,102.87000274658203,112,0.0,0.0
2022-06-21 00:00:00-04:00,119.06999969482422,119.06999969482422,102.87000274658203,102.87000274658203,75,0.0,0.0
2022-06-22 00:00:00-04:00,104.48999786376953,104.48999786376953,101.25,101.89800262451172,44,0.0,0.0
2022-06-23 00:00:00-04:00,102.87000274658203,103.68000030517578,90.72000122070312,97.19999694824219,323,0.0,0.0
2022-06-24 00:00:00-04:00,92.33999633789062,105.30000305175781,92.33999633789062,99.62999725341797,201,0.0,0.0
2022-06-27 00:00:00-04:00,107.7300033569336,127.9800033569336,89.91000366210938,116.63999938964844,698,0.0,0.0
2022-06-28 00:00:00-04:00,113.4000015258789,134.4600067138672,113.4000015258789,130.41000366210938,270,0.0,0.0
2022-06-29 00:00:00-04:00,136.0800018310547,136.0800018310547,119.87999725341797,130.41000366210938,119,0.0,0.0
2022-06-30 00:00:00-04:00,127.16999816894531,127.16999816894531,103.9229965209961,114.20999908447266,310,0.0,0.0
2022-07-01 00:00:00-04:00,110.97000122070312,110.97000122070312,105.30000305175781,109.3499984741211,30,0.0,0.0
2022-07-05 00:00:00-04:00,101.25,120.69000244140625,101.25,107.7300033569336,64,0.0,0.0
2022-07-06 00:00:00-04:00,104.48999786376953,113.80500030517578,101.25,103.2750015258789,89,0.0,0.0
2022-07-07 00:00:00-04:00,105.30000305175781,111.94200134277344,105.30000305175781,111.375,157,0.0,0.0
2022-07-08 00:00:00-04:00,102.87000274658203,104.48999786376953,99.62999725341797,100.44000244140625,67,0.0,0.0
2022-07-11 00:00:00-04:00,107.7300033569336,107.7300033569336,97.19999694824219,99.2249984741211,95,0.0,0.0
2022-07-12 00:00:00-04:00,99.62999725341797,99.79199981689453,89.91000366210938,98.81999969482422,240,0.0,0.0
2022-07-13 00:00:00-04:00,170.10000610351562,180.6300048828125,129.60000610351562,146.61000061035156,286679,0.0,0.0
2022-07-14 00:00:00-04:00,133.64999389648438,154.7100067138672,133.64999389648438,151.30799865722656,11207,0.0,0.0
2022-07-15 00:00:00-04:00,139.32000732421875,148.22999572753906,133.64999389648438,137.6999969482422,2874,0.0,0.0
2022-07-18 00:00:00-04:00,137.6999969482422,140.1300048828125,127.9800033569336,130.41000366210938,1120,0.0,0.0
2022-07-19 00:00:00-04:00,109.3499984741211,140.1300048828125,101.25,119.06999969482422,2798,0.0,0.0
2022-07-20 00:00:00-04:00,124.82099914550781,124.82099914550781,111.77999877929688,119.06999969482422,884,0.0,0.0
2022-07-21 00:00:00-04:00,119.06999969482422,120.28500366210938,115.83000183105469,116.63999938964844,373,0.0,0.0
2022-07-22 00:00:00-04:00,108.54000091552734,119.87999725341797,108.54000091552734,115.83000183105469,611,0.0,0.0
2022-07-25 00:00:00-04:00,114.29100036621094,115.83000183105469,111.77999877929688,112.58999633789062,188,0.0,0.0
2022-07-26 00:00:00-04:00,120.69000244140625,121.5,102.87000274658203,112.58999633789062,1111,0.0,0.0
2022-07-27 00:00:00-04:00,112.58999633789062,116.39700317382812,107.7300033569336,110.16000366210938,314,0.0,0.0
2022-07-28 00:00:00-04:00,107.7300033569336,113.31900024414062,106.91999816894531,110.16000366210938,133,0.0,0.0
2022-07-29 00:00:00-04:00,106.11000061035156,114.20999908447266,106.11000061035156,110.16000366210938,410,0.0,0.0
2022-08-01 00:00:00-04:00,110.16000366210938,114.20999908447266,106.91999816894531,114.20999908447266,165,0.0,0.0
2022-08-02 00:00:00-04:00,115.83000183105469,116.63999938964844,106.11000061035156,109.75499725341797,542,0.0,0.0
2022-08-03 00:00:00-04:00,112.58999633789062,112.58999633789062,107.7300033569336,108.94499969482422,396,0.0,0.0
2022-08-04 00:00:00-04:00,112.58999633789062,116.63999938964844,109.3499984741211,115.0199966430664,1491,0.0,0.0
2022-08-05 00:00:00-04:00,114.20999908447266,123.93000030517578,114.20999908447266,117.44999694824219,1640,0.0,0.0
2022-08-08 00:00:00-04:00,121.5,121.5,115.83000183105469,116.63999938964844,302,0.0,0.0
2022-08-09 00:00:00-04:00,113.4000015258789,119.06999969482422,111.77999877929688,117.44999694824219,236,0.0,0.0
2022-08-10 00:00:00-04:00,119.87999725341797,119.87999725341797,113.4000015258789,119.06999969482422,202,0.0,0.0
2022-08-11 00:00:00-04:00,114.20999908447266,127.9800033569336,114.20999908447266,117.44999694824219,393,0.0,0.0
2022-08-12 00:00:00-04:00,119.87999725341797,124.73999786376953,111.77999877929688,117.44999694824219,484,0.0,0.0
2022-08-15 00:00:00-04:00,122.30999755859375,122.30999755859375,114.20999908447266,122.30999755859375,722,0.0,0.0
2022-08-16 00:00:00-04:00,119.06999969482422,122.30999755859375,116.63999938964844,120.69000244140625,346,0.0,0.0
2022-08-17 00:00:00-04:00,117.44999694824219,123.12000274658203,117.44999694824219,119.87999725341797,95,0.0,0.0
2022-08-18 00:00:00-04:00,119.87999725341797,132.02999877929688,117.44999694824219,123.93000030517578,460,0.0,0.0
2022-08-19 00:00:00-04:00,123.93000030517578,124.73999786376953,120.69000244140625,122.30999755859375,130,0.0,0.0
2022-08-22 00:00:00-04:00,150.66000366210938,157.13999938964844,110.97000122070312,133.64999389648438,56270,0.0,0.0
2022-08-23 00:00:00-04:00,129.60000610351562,144.99000549316406,128.7899932861328,144.99000549316406,5001,0.0,0.0
2022-08-24 00:00:00-04:00,137.6999969482422,139.72500610351562,124.73999786376953,127.9800033569336,1327,0.0,0.0
2022-08-25 00:00:00-04:00,125.55000305175781,132.02999877929688,121.5,121.5,985,0.0,0.0
2022-08-26 00:00:00-04:00,127.9800033569336,127.9800033569336,116.63999938964844,117.44999694824219,410,0.0,0.0
2022-08-29 00:00:00-04:00,116.63999938964844,121.5,110.97000122070312,110.97000122070312,542,0.0,0.0
2022-08-30 00:00:00-04:00,124.73999786376953,124.73999786376953,106.11000061035156,108.54000091552734,526,0.0,0.0
2022-08-31 00:00:00-04:00,108.21600341796875,111.77999877929688,106.91999816894531,109.3499984741211,431,0.0,0.0
2022-09-01 00:00:00-04:00,119.06999969482422,119.06999969482422,106.11000061035156,110.97000122070312,428,0.0,0.0
2022-09-02 00:00:00-04:00,107.7300033569336,114.20999908447266,106.91999816894531,113.4000015258789,264,0.0,0.0
2022-09-06 00:00:00-04:00,115.0199966430664,119.06999969482422,107.7300033569336,115.0199966430664,284,0.0,0.0
2022-09-07 00:00:00-04:00,111.77999877929688,120.60900115966797,111.77999877929688,117.44999694824219,233,0.0,0.0
2022-09-08 00:00:00-04:00,115.83000183105469,119.87999725341797,111.77999877929688,111.77999877929688,460,0.0,0.0
2022-09-09 00:00:00-04:00,110.97000122070312,112.58999633789062,106.91999816894531,106.91999816894531,370,0.0,0.0
2022-09-12 00:00:00-04:00,105.30000305175781,110.97000122070312,105.30000305175781,106.91999816894531,69,0.0,0.0
2022-09-13 00:00:00-04:00,106.91999816894531,110.16000366210938,105.30000305175781,107.7300033569336,94,0.0,0.0
2022-09-14 00:00:00-04:00,106.91999816894531,112.58999633789062,105.30000305175781,107.7300033569336,440,0.0,0.0
2022-09-15 00:00:00-04:00,107.7300033569336,109.3499984741211,106.11000061035156,106.11000061035156,300,0.0,0.0
2022-09-16 00:00:00-04:00,103.68000030517578,108.54000091552734,103.68000030517578,103.68000030517578,425,0.0,0.0
2022-09-19 00:00:00-04:00,105.46199798583984,108.54000091552734,96.38999938964844,96.38999938964844,1685,0.0,0.0
2022-09-20 00:00:00-04:00,105.30000305175781,105.30000305175781,96.38999938964844,101.25,138,0.0,0.0
2022-09-21 00:00:00-04:00,99.62999725341797,101.25,92.33999633789062,92.33999633789062,605,0.0,0.0
2022-09-22 00:00:00-04:00,89.91000366210938,93.1500015258789,72.49500274658203,75.81600189208984,3260,0.0,0.0
2022-09-23 00:00:00-04:00,77.5979995727539,98.01000213623047,77.5979995727539,98.01000213623047,5006,0.0,0.0
2022-09-26 00:00:00-04:00,95.58000183105469,105.30000305175781,89.91000366210938,89.91000366210938,485,0.0,0.0
2022-09-27 00:00:00-04:00,93.95999908447266,98.81999969482422,87.4800033569336,96.38999938964844,865,0.0,0.0
2022-09-28 00:00:00-04:00,96.38999938964844,101.25,90.72000122070312,98.81999969482422,356,0.0,0.0
2022-09-29 00:00:00-04:00,98.01000213623047,98.01000213623047,85.05000305175781,92.33999633789062,742,0.0,0.0
2022-09-30 00:00:00-04:00,93.1500015258789,103.68000030517578,93.1500015258789,98.01000213623047,447,0.0,0.0
2022-10-03 00:00:00-04:00,103.68000030517578,103.68000030517578,96.38999938964844,96.38999938964844,164,0.0,0.0
2022-10-04 00:00:00-04:00,74.92500305175781,95.58000183105469,73.79100036621094,82.62000274658203,3453,0.0,0.0
2022-10-05 00:00:00-04:00,90.72000122070312,90.72000122070312,81.0,89.0999984741211,622,0.0,0.0
2022-10-06 00:00:00-04:00,90.63899993896484,90.63899993896484,81.0,81.80999755859375,1062,0.0,0.0
2022-10-07 00:00:00-04:00,83.43000030517578,85.86000061035156,81.80999755859375,81.80999755859375,63,0.0,0.0
2022-10-10 00:00:00-04:00,81.0,84.23999786376953,81.0,82.62000274658203,104,0.0,0.0
2022-10-11 00:00:00-04:00,81.0,81.0,77.67900085449219,79.78500366210938,142,0.0,0.0
2022-10-12 00:00:00-04:00,77.43599700927734,80.19000244140625,75.89700317382812,78.40799713134766,200,0.0,0.0
2022-10-13 00:00:00-04:00,85.05000305175781,85.05000305175781,71.60399627685547,74.11499786376953,158,0.0,0.0
2022-10-14 00:00:00-04:00,73.70999908447266,75.08699798583984,65.61000061035156,67.2300033569336,822,0.0,0.0
2022-10-17 00:00:00-04:00,68.28299713134766,72.98100280761719,64.80000305175781,72.9000015258789,363,0.0,0.0
2022-10-18 00:00:00-04:00,77.76000213623047,81.0,72.9000015258789,77.76000213623047,243,0.0,0.0
2022-10-19 00:00:00-04:00,74.5199966430664,78.24600219726562,68.12100219726562,68.12100219726562,94,0.0,0.0
2022-10-20 00:00:00-04:00,68.28299713134766,78.6510009765625,68.28299713134766,74.84400177001953,110,0.0,0.0
2022-10-21 00:00:00-04:00,73.70999908447266,80.19000244140625,71.27999877929688,80.19000244140625,205,0.0,0.0
2022-10-24 00:00:00-04:00,74.5199966430664,80.19000244140625,72.73799896240234,72.9000015258789,22,0.0,0.0
2022-10-25 00:00:00-04:00,74.5199966430664,74.5199966430664,66.5009994506836,69.41699981689453,714,0.0,0.0
2022-10-26 00:00:00-04:00,69.98400115966797,69.98400115966797,63.18000030517578,68.04000091552734,351,0.0,0.0
2022-10-27 00:00:00-04:00,69.66000366210938,88.29000091552734,64.80000305175781,74.5199966430664,4978,0.0,0.0
2022-10-28 00:00:00-04:00,71.68499755859375,76.94999694824219,62.369998931884766,68.04000091552734,1140,0.0,0.0
2022-10-31 00:00:00-04:00,66.01499938964844,68.44499969482422,64.80000305175781,68.44499969482422,532,0.0,0.0
2022-11-01 00:00:00-04:00,71.9280014038086,71.9280014038086,60.75,61.560001373291016,341,0.0,0.0
2022-11-02 00:00:00-04:00,60.83100128173828,67.2300033569336,60.83100128173828,63.9900016784668,327,0.0,0.0
2022-11-03 00:00:00-04:00,63.18000030517578,72.9000015258789,63.18000030517578,66.41999816894531,252,0.0,0.0
2022-11-04 00:00:00-04:00,69.66000366210938,72.9000015258789,64.88099670410156,64.88099670410156,117,0.0,0.0
2022-11-07 00:00:00-05:00,65.61000061035156,66.01499938964844,64.88099670410156,65.61000061035156,202,0.0,0.0
2022-11-08 00:00:00-05:00,63.18000030517578,68.8499984741211,61.88399887084961,64.80000305175781,41,0.0,0.0
2022-11-09 00:00:00-05:00,61.479000091552734,69.66000366210938,53.702999114990234,61.64099884033203,190,0.0,0.0
2022-11-10 00:00:00-05:00,68.8499984741211,68.8499984741211,57.5099983215332,68.8499984741211,278,0.0,0.0
2022-11-11 00:00:00-05:00,68.04000091552734,80.19000244140625,64.80000305175781,80.19000244140625,200,0.0,0.0
2022-11-14 00:00:00-05:00,76.94999694824219,86.66999816894531,74.5199966430664,86.66999816894531,131,0.0,0.0
2022-11-15 00:00:00-05:00,81.0,81.0,72.9000015258789,72.98100280761719,183,0.0,0.0
2022-11-16 00:00:00-05:00,73.70999908447266,77.76000213623047,65.20500183105469,66.41999816894531,359,0.0,0.0
2022-11-17 00:00:00-05:00,66.41999816894531,66.41999816894531,66.41999816894531,66.41999816894531,19,0.0,0.0
2022-11-18 00:00:00-05:00,66.41999816894531,68.8499984741211,66.41999816894531,66.41999816894531,15,0.0,0.0
2022-11-21 00:00:00-05:00,66.74400329589844,68.8499984741211,62.775001525878906,62.775001525878906,575,0.0,0.0
2022-11-22 00:00:00-05:00,63.26100158691406,66.41999816894531,62.775001525878906,62.775001525878906,111,0.0,0.0
2022-11-23 00:00:00-05:00,68.60700225830078,76.94999694824219,67.14900207519531,68.04000091552734,260,0.0,0.0
2022-11-25 00:00:00-05:00,77.76000213623047,79.46099853515625,76.94999694824219,78.00299835205078,375,0.0,0.0
2022-11-28 00:00:00-05:00,78.56999969482422,83.43000030517578,76.13999938964844,76.13999938964844,319,0.0,0.0
2022-11-29 00:00:00-05:00,76.13999938964844,81.0,74.5199966430664,74.5199966430664,54,0.0,0.0
2022-11-30 00:00:00-05:00,74.5199966430664,77.76000213623047,65.61000061035156,70.47000122070312,394,0.0,0.0
2022-12-01 00:00:00-05:00,70.47000122070312,78.56999969482422,70.47000122070312,75.33000183105469,280,0.0,0.0
2022-12-02 00:00:00-05:00,75.33000183105469,77.76000213623047,75.33000183105469,75.33000183105469,74,0.0,0.0
2022-12-05 00:00:00-05:00,75.33000183105469,75.33000183105469,68.93099975585938,68.93099975585938,32,0.0,0.0
2022-12-06 00:00:00-05:00,69.09300231933594,75.572998046875,69.09300231933594,69.74099731445312,141,0.0,0.0
2022-12-07 00:00:00-05:00,69.74099731445312,74.92500305175781,69.74099731445312,71.27999877929688,77,0.0,0.0
2022-12-08 00:00:00-05:00,71.27999877929688,71.27999877929688,69.25499725341797,69.25499725341797,5,0.0,0.0
2022-12-09 00:00:00-05:00,69.09300231933594,76.94999694824219,69.09300231933594,73.46700286865234,27,0.0,0.0
2022-12-12 00:00:00-05:00,69.41699981689453,72.73799896240234,66.41999816894531,67.31099700927734,170,0.0,0.0
2022-12-13 00:00:00-05:00,71.27999877929688,76.46399688720703,65.77200317382812,65.77200317382812,369,0.0,0.0
2022-12-14 00:00:00-05:00,63.18000030517578,68.8499984741211,63.18000030517578,65.69100189208984,105,0.0,0.0
2022-12-15 00:00:00-05:00,65.61000061035156,74.35800170898438,61.96500015258789,67.55400085449219,286,0.0,0.0
2022-12-16 00:00:00-05:00,65.1240005493164,68.5260009765625,64.71900177001953,66.01499938964844,21,0.0,0.0
2022-12-19 00:00:00-05:00,66.41999816894531,68.76899719238281,61.560001373291016,61.560001373291016,312,0.0,0.0
2022-12-20 00:00:00-05:00,65.77200317382812,65.77200317382812,63.18000030517578,63.18000030517578,135,0.0,0.0
2022-12-21 00:00:00-05:00,63.18000030517578,66.41999816894531,59.130001068115234,59.130001068115234,240,0.0,0.0
2022-12-22 00:00:00-05:00,61.560001373291016,61.560001373291016,55.88999938964844,59.130001068115234,153,0.0,0.0
2022-12-23 00:00:00-05:00,59.939998626708984,59.939998626708984,59.939998626708984,59.939998626708984,21,0.0,0.0
2022-12-27 00:00:00-05:00,60.75,75.73500061035156,59.939998626708984,75.73500061035156,53,0.0,0.0
2022-12-28 00:00:00-05:00,74.5199966430664,74.5199966430664,59.939998626708984,69.09300231933594,262,0.0,0.0
2022-12-29 00:00:00-05:00,69.09300231933594,73.9530029296875,68.8499984741211,68.8499984741211,63,0.0,0.0
2022-12-30 00:00:00-05:00,72.33300018310547,72.33300018310547,63.18000030517578,65.447998046875,106,0.0,0.0
2023-01-03 00:00:00-05:00,74.92500305175781,74.92500305175781,66.41999816894531,66.41999816894531,46,0.0,0.0
2023-01-04 00:00:00-05:00,72.25199890136719,72.25199890136719,65.61000061035156,70.5510025024414,33,0.0,0.0
2023-01-05 00:00:00-05:00,69.66000366210938,71.03700256347656,62.20800018310547,62.20800018310547,264,0.0,0.0
2023-01-06 00:00:00-05:00,70.22699737548828,70.22699737548828,59.696998596191406,60.75,256,0.0,0.0
2023-01-09 00:00:00-05:00,58.31999969482422,68.04000091552734,58.31999969482422,64.80000305175781,214,0.0,0.0
2023-01-10 00:00:00-05:00,63.18000030517578,69.66000366210938,61.154998779296875,61.64099884033203,269,0.0,0.0
2023-01-11 00:00:00-05:00,66.41999816894531,66.41999816894531,59.130001068115234,62.369998931884766,158,0.0,0.0
2023-01-12 00:00:00-05:00,66.33899688720703,72.81900024414062,59.939998626708984,67.87799835205078,525,0.0,0.0
2023-01-13 00:00:00-05:00,63.9900016784668,65.85299682617188,62.369998931884766,62.45100021362305,143,0.0,0.0
2023-01-17 00:00:00-05:00,64.80000305175781,68.04000091552734,60.99300003051758,68.04000091552734,169,0.0,0.0
2023-01-18 00:00:00-05:00,64.3949966430664,66.33899688720703,63.18000030517578,63.42300033569336,132,0.0,0.0
2023-01-19 00:00:00-05:00,87.4800033569336,100.44000244140625,66.5009994506836,70.47000122070312,542225,0.0,0.0
2023-01-20 00:00:00-05:00,65.61000061035156,65.61000061035156,56.78099822998047,61.154998779296875,35167,0.0,0.0
2023-01-23 00:00:00-05:00,63.18000030517578,63.18000030517578,53.8650016784668,55.566001892089844,14083,0.0,0.0
2023-01-24 00:00:00-05:00,55.08000183105469,58.31999969482422,53.8650016784668,57.10499954223633,7230,0.0,0.0
2023-01-25 00:00:00-05:00,55.08000183105469,58.481998443603516,54.75600051879883,57.5099983215332,3836,0.0,0.0
2023-01-26 00:00:00-05:00,56.53799819946289,58.724998474121094,55.808998107910156,56.051998138427734,3430,0.0,0.0
2023-01-27 00:00:00-05:00,46.97999954223633,54.27000045776367,46.250999450683594,49.73400115966797,11479,0.0,0.0
2023-01-30 00:00:00-05:00,48.84299850463867,51.84000015258789,46.49399948120117,47.70899963378906,3820,0.0,0.0
2023-01-31 00:00:00-05:00,46.97999954223633,49.08599853515625,44.38800048828125,47.790000915527344,3335,0.0,0.0
2023-02-01 00:00:00-05:00,52.650001525878906,54.027000427246094,47.790000915527344,51.84000015258789,7381,0.0,0.0
2023-02-02 00:00:00-05:00,52.650001525878906,53.459999084472656,50.220001220703125,50.4630012512207,4331,0.0,0.0
2023-02-03 00:00:00-05:00,50.30099868774414,52.16400146484375,47.95199966430664,48.03300094604492,1681,0.0,0.0
2023-02-06 00:00:00-05:00,49.40999984741211,51.029998779296875,46.97999954223633,50.220001220703125,3196,0.0,0.0
2023-02-07 00:00:00-05:00,49.40999984741211,51.84000015258789,48.03300094604492,50.220001220703125,2607,0.0,0.0
2023-02-08 00:00:00-05:00,48.11399841308594,54.108001708984375,47.790000915527344,54.108001708984375,1954,0.0,0.0
2023-02-09 00:00:00-05:00,52.650001525878906,53.37900161743164,48.599998474121094,49.814998626708984,2417,0.0,0.0
2023-02-10 00:00:00-05:00,49.40999984741211,51.27299880981445,47.790000915527344,49.97700119018555,1090,0.0,0.0
2023-02-13 00:00:00-05:00,50.05799865722656,50.05799865722656,47.87099838256836,48.599998474121094,572,0.0,0.0
2023-02-14 00:00:00-05:00,48.599998474121094,49.005001068115234,47.790000915527344,48.599998474121094,254,0.0,0.0
2023-02-15 00:00:00-05:00,47.790000915527344,48.599998474121094,47.790000915527344,47.87099838256836,1968,0.0,0.0
2023-02-16 00:00:00-05:00,46.81800079345703,48.599998474121094,46.81800079345703,48.599998474121094,551,0.0,0.0
2023-02-17 00:00:00-05:00,48.4379997253418,49.895999908447266,46.16999816894531,48.680999755859375,696,0.0,0.0
2023-02-21 00:00:00-05:00,46.97999954223633,52.244998931884766,46.97999954223633,49.571998596191406,1390,0.0,0.0
2023-02-22 00:00:00-05:00,48.599998474121094,50.38199996948242,46.65599822998047,50.38199996948242,768,0.0,0.0
2023-02-23 00:00:00-05:00,46.250999450683594,50.138999938964844,45.76499938964844,47.790000915527344,1400,0.0,0.0
2023-02-24 00:00:00-05:00,47.790000915527344,48.92399978637695,44.792999267578125,44.95500183105469,1063,0.0,0.0
2023-02-27 00:00:00-05:00,44.54999923706055,54.67499923706055,44.54999923706055,51.029998779296875,2073,0.0,0.0
2023-02-28 00:00:00-05:00,49.49100112915039,50.38199996948242,43.7400016784668,47.70899963378906,2412,0.0,0.0
2023-03-01 00:00:00-05:00,47.547000885009766,48.2760009765625,43.7400016784668,45.36000061035156,2409,0.0,0.0
2023-03-02 00:00:00-05:00,45.36000061035156,48.2760009765625,44.14500045776367,48.2760009765625,917,0.0,0.0
2023-03-03 00:00:00-05:00,46.16999816894531,47.95199966430664,44.54999923706055,47.790000915527344,1038,0.0,0.0
2023-03-06 00:00:00-05:00,47.790000915527344,48.356998443603516,44.54999923706055,45.0359992980957,2195,0.0,0.0
2023-03-07 00:00:00-05:00,45.0359992980957,47.790000915527344,44.54999923706055,44.71200180053711,884,0.0,0.0
2023-03-08 00:00:00-05:00,44.54999923706055,46.332000732421875,44.54999923706055,44.95500183105469,441,0.0,0.0
2023-03-09 00:00:00-05:00,45.36000061035156,45.84600067138672,41.310001373291016,43.7400016784668,907,0.0,0.0
2023-03-10 00:00:00-05:00,42.119998931884766,44.54999923706055,42.119998931884766,43.25400161743164,419,0.0,0.0
2023-03-13 00:00:00-04:00,44.14500045776367,45.36000061035156,42.8489990234375,42.8489990234375,570,0.0,0.0
2023-03-14 00:00:00-04:00,44.54999923706055,45.198001861572266,42.8489990234375,42.8489990234375,538,0.0,0.0
2023-03-15 00:00:00-04:00,45.0359992980957,46.16999816894531,40.6619987487793,41.71500015258789,919,0.0,0.0
2023-03-16 00:00:00-04:00,44.30699920654297,46.97999954223633,42.119998931884766,43.334999084472656,1322,0.0,0.0
2023-03-17 00:00:00-04:00,42.119998931884766,43.902000427246094,38.06999969482422,40.5,1448,0.0,0.0
2023-03-20 00:00:00-04:00,39.28499984741211,41.553001403808594,38.06999969482422,38.880001068115234,446,0.0,0.0
2023-03-21 00:00:00-04:00,40.3380012512207,41.47200012207031,37.90800094604492,38.06999969482422,830,0.0,0.0
2023-03-22 00:00:00-04:00,38.880001068115234,41.310001373291016,37.98899841308594,41.310001373291016,688,0.0,0.0
2023-03-23 00:00:00-04:00,41.310001373291016,41.310001373291016,36.45000076293945,40.17599868774414,536,0.0,0.0
2023-03-24 00:00:00-04:00,39.28499984741211,39.689998626708984,34.83000183105469,38.880001068115234,858,0.0,0.0
2023-03-27 00:00:00-04:00,38.880001068115234,39.689998626708984,36.85499954223633,39.28499984741211,926,0.0,0.0
2023-03-28 00:00:00-04:00,37.2599983215332,38.880001068115234,35.63999938964844,36.45000076293945,459,0.0,0.0
2023-03-29 00:00:00-04:00,38.880001068115234,40.5,37.665000915527344,38.96099853515625,384,0.0,0.0
2023-03-30 00:00:00-04:00,38.880001068115234,40.5,35.882999420166016,38.555999755859375,1069,0.0,0.0
2023-03-31 00:00:00-04:00,38.555999755859375,38.555999755859375,36.85499954223633,37.665000915527344,351,0.0,0.0
2023-04-03 00:00:00-04:00,38.555999755859375,39.28499984741211,33.209999084472656,36.45000076293945,1268,0.0,0.0
2023-04-04 00:00:00-04:00,37.2599983215332,43.7400016784668,36.45000076293945,42.93000030517578,586,0.0,0.0
2023-04-05 00:00:00-04:00,42.03900146484375,44.54999923706055,38.06999969482422,44.54999923706055,780,0.0,0.0
2023-04-06 00:00:00-04:00,44.54999923706055,44.54999923706055,43.7400016784668,44.54999923706055,122,0.0,0.0
2023-04-10 00:00:00-04:00,43.7400016784668,44.54999923706055,41.310001373291016,43.577999114990234,202,0.0,0.0
2023-04-11 00:00:00-04:00,45.0359992980957,55.88999938964844,44.95500183105469,54.27000045776367,3325,0.0,0.0
2023-04-12 00:00:00-04:00,54.27000045776367,57.10499954223633,51.029998779296875,55.72800064086914,5985,0.0,0.0
2023-04-13 00:00:00-04:00,57.10499954223633,57.5099983215332,53.37900161743164,57.02399826049805,1579,0.0,0.0
2023-04-14 00:00:00-04:00,57.02399826049805,59.130001068115234,52.32600021362305,59.04899978637695,1431,0.0,0.0
2023-04-17 00:00:00-04:00,57.5099983215332,63.18000030517578,57.266998291015625,62.612998962402344,1665,0.0,0.0
2023-04-18 00:00:00-04:00,62.612998962402344,62.612998962402344,59.939998626708984,61.560001373291016,902,0.0,0.0
2023-04-19 00:00:00-04:00,60.020999908447266,60.9119987487793,52.650001525878906,60.42599868774414,562,0.0,0.0
2023-04-20 00:00:00-04:00,59.939998626708984,72.08999633789062,47.790000915527344,60.75,12379,0.0,0.0
2023-04-21 00:00:00-04:00,63.18000030517578,65.20500183105469,54.27000045776367,59.21099853515625,4202,0.0,0.0
2023-04-24 00:00:00-04:00,57.5099983215332,59.53499984741211,53.54100036621094,54.67499923706055,1395,0.0,0.0
2023-04-25 00:00:00-04:00,57.18600082397461,57.18600082397461,49.49100112915039,51.029998779296875,588,0.0,0.0
2023-04-26 00:00:00-04:00,52.650001525878906,53.702999114990234,49.40999984741211,51.27299880981445,411,0.0,0.0
2023-04-27 00:00:00-04:00,56.051998138427734,56.051998138427734,49.40999984741211,51.029998779296875,472,0.0,0.0
2023-04-28 00:00:00-04:00,55.08000183105469,55.08000183105469,50.220001220703125,51.92100143432617,501,0.0,0.0
2023-05-01 00:00:00-04:00,60.18299865722656,60.18299865722656,49.40999984741211,55.566001892089844,1137,0.0,0.0
2023-05-02 00:00:00-04:00,55.48500061035156,56.86199951171875,53.459999084472656,53.94599914550781,384,0.0,0.0
2023-05-03 00:00:00-04:00,53.459999084472656,60.10200119018555,52.650001525878906,58.96799850463867,870,0.0,0.0
2023-05-04 00:00:00-04:00,59.939998626708984,59.939998626708984,51.84000015258789,56.53799819946289,1493,0.0,0.0
2023-05-05 00:00:00-04:00,56.53799819946289,57.347999572753906,53.459999084472656,54.43199920654297,246,0.0,0.0
2023-05-08 00:00:00-04:00,55.08000183105469,59.130001068115234,51.354000091552734,55.88999938964844,1456,0.0,0.0
2023-05-09 00:00:00-04:00,55.808998107910156,56.457000732421875,54.999000549316406,56.457000732421875,381,0.0,0.0
2023-05-10 00:00:00-04:00,54.27000045776367,57.02399826049805,53.29800033569336,56.29499816894531,391,0.0,0.0
2023-05-11 00:00:00-04:00,55.08000183105469,56.70000076293945,54.43199920654297,55.88999938964844,395,0.0,0.0
2023-05-12 00:00:00-04:00,53.21699905395508,57.590999603271484,52.650001525878906,57.10499954223633,840,0.0,0.0
2023-05-15 00:00:00-04:00,55.323001861572266,57.10499954223633,52.650001525878906,55.566001892089844,570,0.0,0.0
2023-05-16 00:00:00-04:00,56.70000076293945,56.70000076293945,53.702999114990234,54.43199920654297,143,0.0,0.0
2023-05-17 00:00:00-04:00,53.459999084472656,57.42900085449219,53.459999084472656,56.70000076293945,448,0.0,0.0
2023-05-18 00:00:00-04:00,59.939998626708984,61.560001373291016,55.08000183105469,59.29199981689453,1700,0.0,0.0
2023-05-19 00:00:00-04:00,59.939998626708984,67.2300033569336,59.939998626708984,64.88099670410156,1452,0.0,0.0
2023-05-22 00:00:00-04:00,65.61000061035156,67.14900207519531,61.64099884033203,65.61000061035156,995,0.0,0.0
2023-05-23 00:00:00-04:00,64.96199798583984,65.61000061035156,60.020999908447266,60.020999908447266,532,0.0,0.0
2023-05-24 00:00:00-04:00,62.369998931884766,64.96199798583984,60.50699996948242,64.88099670410156,456,0.0,0.0
2023-05-25 00:00:00-04:00,64.88099670410156,66.177001953125,60.75,63.18000030517578,1216,0.0,0.0
2023-05-26 00:00:00-04:00,61.96500015258789,61.96500015258789,54.75600051879883,59.85900115966797,735,0.0,0.0
2023-05-30 00:00:00-04:00,59.61600112915039,59.61600112915039,55.88999938964844,59.130001068115234,316,0.0,0.0
2023-05-31 00:00:00-04:00,59.130001068115234,59.45399856567383,53.94599914550781,54.108001708984375,291,0.0,0.0
2023-06-01 00:00:00-04:00,57.347999572753906,64.80000305175781,55.88999938964844,58.31999969482422,835,0.0,0.0
2023-06-02 00:00:00-04:00,57.42900085449219,58.96799850463867,55.08000183105469,57.02399826049805,346,0.0,0.0
2023-06-05 00:00:00-04:00,59.85900115966797,59.85900115966797,55.97100067138672,55.97100067138672,131,0.0,0.0
2023-06-06 00:00:00-04:00,55.88999938964844,55.88999938964844,52.08300018310547,54.18899917602539,585,0.0,0.0
2023-06-07 00:00:00-04:00,55.08000183105469,55.08000183105469,51.92100143432617,52.650001525878906,180,0.0,0.0
2023-06-08 00:00:00-04:00,54.27000045776367,57.915000915527344,51.84000015258789,55.48500061035156,557,0.0,0.0
2023-06-09 00:00:00-04:00,55.48500061035156,55.48500061035156,52.32600021362305,53.8650016784668,53,0.0,0.0
2023-06-12 00:00:00-04:00,57.590999603271484,58.31999969482422,52.16400146484375,52.40700149536133,280,0.0,0.0
2023-06-13 00:00:00-04:00,51.354000091552734,54.18899917602539,51.111000061035156,52.9739990234375,135,0.0,0.0
2023-06-14 00:00:00-04:00,53.459999084472656,53.459999084472656,50.05799865722656,52.650001525878906,316,0.0,0.0
2023-06-15 00:00:00-04:00,52.244998931884766,52.650001525878906,51.84000015258789,51.84000015258789,257,0.0,0.0
2023-06-16 00:00:00-04:00,53.459999084472656,53.459999084472656,51.84000015258789,52.9739990234375,283,0.0,0.0
2023-06-20 00:00:00-04:00,52.9739990234375,56.61899948120117,52.487998962402344,55.88999938964844,304,0.0,0.0
2023-06-21 00:00:00-04:00,55.88999938964844,55.88999938964844,52.00199890136719,55.88999938964844,159,0.0,0.0
2023-06-22 00:00:00-04:00,54.27000045776367,56.70000076293945,52.9739990234375,53.459999084472656,385,0.0,0.0
2023-06-23 00:00:00-04:00,53.459999084472656,55.88999938964844,51.84000015258789,53.54100036621094,199,0.0,0.0
2023-06-26 00:00:00-04:00,51.029998779296875,60.75,51.029998779296875,54.35100173950195,398,0.0,0.0
2023-06-27 00:00:00-04:00,52.650001525878906,52.73099899291992,52.650001525878906,52.73099899291992,30,0.0,0.0
2023-06-28 00:00:00-04:00,55.88999938964844,55.88999938964844,52.73099899291992,55.808998107910156,210,0.0,0.0
2023-06-29 00:00:00-04:00,53.13600158691406,57.42900085449219,50.70600128173828,51.51599884033203,209,0.0,0.0
2023-06-30 00:00:00-04:00,55.08000183105469,56.61899948120117,51.84000015258789,52.569000244140625,221,0.0,0.0
2023-07-03 00:00:00-04:00,52.569000244140625,55.08000183105469,52.569000244140625,54.67499923706055,21,0.0,0.0
2023-07-05 00:00:00-04:00,51.354000091552734,54.27000045776367,49.40999984741211,49.97700119018555,756,0.0,0.0
2023-07-06 00:00:00-04:00,51.029998779296875,51.029998779296875,49.40999984741211,49.40999984741211,169,0.0,0.0
2023-07-07 00:00:00-04:00,49.005001068115234,51.111000061035156,46.97999954223633,51.029998779296875,535,0.0,0.0
2023-07-10 00:00:00-04:00,51.029998779296875,51.029998779296875,48.599998474121094,51.029998779296875,36,0.0,0.0
2023-07-11 00:00:00-04:00,48.11399841308594,51.84000015258789,45.36000061035156,51.51599884033203,440,0.0,0.0
2023-07-12 00:00:00-04:00,50.70600128173828,51.51599884033203,48.356998443603516,50.70600128173828,312,0.0,0.0
2023-07-13 00:00:00-04:00,53.94599914550781,54.27000045776367,49.40999984741211,53.37900161743164,651,0.0,0.0
2023-07-14 00:00:00-04:00,59.939998626708984,59.939998626708984,46.57500076293945,51.84000015258789,2202,0.0,0.0
2023-07-17 00:00:00-04:00,53.37900161743164,53.37900161743164,50.220001220703125,51.84000015258789,114,0.0,0.0
2023-07-18 00:00:00-04:00,53.21699905395508,53.21699905395508,36.53099822998047,51.84000015258789,564,0.0,0.0
2023-07-19 00:00:00-04:00,48.92399978637695,52.00199890136719,48.92399978637695,51.92100143432617,619,0.0,0.0
2023-07-20 00:00:00-04:00,51.84000015258789,55.08000183105469,51.84000015258789,54.59400177001953,399,0.0,0.0
2023-07-21 00:00:00-04:00,54.67499923706055,58.31999969482422,54.27000045776367,56.29499816894531,269,0.0,0.0
2023-07-24 00:00:00-04:00,54.917999267578125,58.31999969482422,54.917999267578125,56.70000076293945,544,0.0,0.0
2023-07-25 00:00:00-04:00,57.42900085449219,59.21099853515625,56.2140007019043,58.07699966430664,522,0.0,0.0
2023-07-26 00:00:00-04:00,60.75,66.41999816894531,57.5099983215332,64.80000305175781,1852,0.0,0.0
2023-07-27 00:00:00-04:00,66.41999816894531,66.41999816894531,59.696998596191406,59.696998596191406,2086,0.0,0.0
2023-07-28 00:00:00-04:00,59.696998596191406,59.939998626708984,55.48500061035156,55.48500061035156,496,0.0,0.0
2023-07-31 00:00:00-04:00,51.84000015258789,58.31999969482422,51.029998779296875,53.459999084472656,388,0.0,0.0
2023-08-01 00:00:00-04:00,51.92100143432617,53.05500030517578,48.680999755859375,51.435001373291016,521,0.0,0.0
2023-08-02 00:00:00-04:00,49.49100112915039,52.650001525878906,49.005001068115234,51.678001403808594,95,0.0,0.0
2023-08-03 00:00:00-04:00,50.70600128173828,57.5099983215332,50.625,53.29800033569336,1578,0.0,0.0
2023-08-04 00:00:00-04:00,51.678001403808594,53.459999084472656,47.87099838256836,51.354000091552734,4401,0.0,0.0
2023-08-07 00:00:00-04:00,49.40999984741211,51.84000015258789,49.40999984741211,51.84000015258789,188,0.0,0.0
2023-08-08 00:00:00-04:00,49.40999984741211,51.27299880981445,48.599998474121094,51.029998779296875,712,0.0,0.0
2023-08-09 00:00:00-04:00,48.680999755859375,50.94900131225586,47.06100082397461,50.220001220703125,453,0.0,0.0
2023-08-10 00:00:00-04:00,49.40999984741211,49.65299987792969,47.06100082397461,47.06100082397461,591,0.0,0.0
2023-08-11 00:00:00-04:00,47.06100082397461,49.814998626708984,47.06100082397461,49.40999984741211,184,0.0,0.0
2023-08-14 00:00:00-04:00,50.138999938964844,50.138999938964844,47.87099838256836,49.40999984741211,86,0.0,0.0
2023-08-15 00:00:00-04:00,48.599998474121094,50.220001220703125,48.599998474121094,49.40999984741211,131,0.0,0.0
2023-08-16 00:00:00-04:00,48.2760009765625,49.40999984741211,47.790000915527344,49.40999984741211,327,0.0,0.0
2023-08-17 00:00:00-04:00,47.790000915527344,47.790000915527344,45.926998138427734,47.62799835205078,1386,0.0,0.0
2023-08-18 00:00:00-04:00,47.62799835205078,47.790000915527344,44.54999923706055,47.70899963378906,260,0.0,0.0
2023-08-21 00:00:00-04:00,47.70899963378906,57.18600082397461,47.70899963378906,54.83700180053711,321,0.0,0.0
2023-08-22 00:00:00-04:00,52.244998931884766,52.244998931884766,48.599998474121094,51.029998779296875,57,0.0,0.0
2023-08-23 00:00:00-04:00,50.625,50.625,47.95199966430664,48.19499969482422,133,0.0,0.0
2023-08-24 00:00:00-04:00,48.51900100708008,50.220001220703125,40.5,43.983001708984375,364,0.0,0.0
2023-08-25 00:00:00-04:00,44.54999923706055,59.130001068115234,42.93000030517578,52.650001525878906,1247,0.0,0.0
2023-08-28 00:00:00-04:00,56.70000076293945,56.70000076293945,50.220001220703125,52.650001525878906,214,0.0,0.0
2023-08-29 00:00:00-04:00,51.75899887084961,59.939998626708984,51.75899887084961,55.1609992980957,741,0.0,0.0
2023-08-30 00:00:00-04:00,55.08000183105469,61.479000091552734,51.84000015258789,61.479000091552734,1112,0.0,0.0
2023-08-31 00:00:00-04:00,56.78099822998047,60.66899871826172,53.459999084472656,54.27000045776367,405,0.0,0.0
2023-09-01 00:00:00-04:00,52.00199890136719,59.37300109863281,52.00199890136719,55.88999938964844,230,0.0,0.0
2023-09-05 00:00:00-04:00,53.459999084472656,55.566001892089844,51.75899887084961,53.8650016784668,125,0.0,0.0
2023-09-06 00:00:00-04:00,53.8650016784668,54.83700180053711,51.51599884033203,53.702999114990234,194,0.0,0.0
2023-09-07 00:00:00-04:00,59.37300109863281,59.37300109863281,50.220001220703125,50.86800003051758,151,0.0,0.0
2023-09-08 00:00:00-04:00,50.86800003051758,53.459999084472656,45.36000061035156,46.16999816894531,647,0.0,0.0
2023-09-11 00:00:00-04:00,46.16999816894531,49.24800109863281,43.902000427246094,47.95199966430664,144,0.0,0.0
2023-09-12 00:00:00-04:00,43.7400016784668,47.3849983215332,43.7400016784668,46.81800079345703,268,0.0,0.0
2023-09-13 00:00:00-04:00,46.97999954223633,51.84000015258789,45.926998138427734,51.75899887084961,216,0.0,0.0
2023-09-14 00:00:00-04:00,51.678001403808594,55.08000183105469,51.435001373291016,52.569000244140625,416,0.0,0.0
2023-09-15 00:00:00-04:00,51.84000015258789,55.08000183105469,49.97700119018555,53.459999084472656,107,0.0,0.0
2023-09-18 00:00:00-04:00,50.94900131225586,50.94900131225586,47.790000915527344,49.571998596191406,91,0.0,0.0
2023-09-19 00:00:00-04:00,45.36000061035156,51.59700012207031,45.36000061035156,51.59700012207031,69,0.0,0.0
2023-09-20 00:00:00-04:00,51.51599884033203,59.130001068115234,49.16699981689453,54.27000045776367,1235,0.0,0.0
2023-09-21 00:00:00-04:00,55.88999938964844,55.88999938964844,53.459999084472656,53.459999084472656,67,0.0,0.0
2023-09-22 00:00:00-04:00,56.70000076293945,57.5099983215332,52.650001525878906,55.88999938964844,128,0.0,0.0
2023-09-25 00:00:00-04:00,52.893001556396484,55.88999938964844,49.40999984741211,53.37900161743164,349,0.0,0.0
2023-09-26 00:00:00-04:00,50.38199996948242,54.27000045776367,50.220001220703125,54.27000045776367,91,0.0,0.0
2023-09-27 00:00:00-04:00,50.4630012512207,52.73099899291992,49.40999984741211,50.220001220703125,181,0.0,0.0
2023-09-28 00:00:00-04:00,50.220001220703125,50.220001220703125,50.220001220703125,50.220001220703125,0,0.0,0.0
2023-09-29 00:00:00-04:00,49.40999984741211,49.40999984741211,45.36000061035156,48.599998474121094,73,0.0,0.0
2023-10-02 00:00:00-04:00,47.790000915527344,48.599998474121094,46.97999954223633,47.790000915527344,17,0.0,0.0
2023-10-03 00:00:00-04:00,45.76499938964844,47.790000915527344,42.93000030517578,42.93000030517578,210,0.0,0.0
2023-10-04 00:00:00-04:00,41.229000091552734,41.229000091552734,31.59000015258789,32.88600158691406,2070,0.0,0.0
2023-10-05 00:00:00-04:00,32.96699905395508,32.96699905395508,21.059999465942383,28.99799919128418,5957,0.0,0.0
2023-10-06 00:00:00-04:00,26.729999542236328,29.645999908447266,21.222000122070312,22.356000900268555,4794,0.0,0.0
2023-10-09 00:00:00-04:00,22.356000900268555,22.92300033569336,20.25,21.30299949645996,1972,0.0,0.0
2023-10-10 00:00:00-04:00,20.573999404907227,22.76099967956543,20.25,21.141000747680664,1205,0.0,0.0
2023-10-11 00:00:00-04:00,22.274999618530273,31.59000015258789,20.33099937438965,31.59000015258789,7948,0.0,0.0
2023-10-12 00:00:00-04:00,30.375,30.375,25.02899932861328,28.350000381469727,1975,0.0,0.0
2023-10-13 00:00:00-04:00,27.540000915527344,28.673999786376953,23.327999114990234,24.381000518798828,1296,0.0,0.0
2023-10-16 00:00:00-04:00,25.110000610351562,25.110000610351562,21.70800018310547,24.542999267578125,770,0.0,0.0
2023-10-17 00:00:00-04:00,24.542999267578125,24.542999267578125,22.76099967956543,22.76099967956543,301,0.0,0.0
2023-10-18 00:00:00-04:00,22.031999588012695,23.166000366210938,21.059999465942383,21.059999465942383,214,0.0,0.0
2023-10-19 00:00:00-04:00,21.8700008392334,28.268999099731445,21.788999557495117,28.268999099731445,105120,0.0,0.0
2023-10-20 00:00:00-04:00,46.250999450683594,67.71600341796875,38.06999969482422,51.75899887084961,1133170,0.0,0.0
2023-10-23 00:00:00-04:00,36.93600082397461,39.689998626708984,32.400001525878906,34.10100173950195,46373,0.0,0.0
2023-10-24 00:00:00-04:00,29.240999221801758,38.06999969482422,28.430999755859375,34.83000183105469,27525,0.0,0.0
2023-10-25 00:00:00-04:00,34.34400177001953,34.83000183105469,24.461999893188477,29.726999282836914,11116,0.0,0.0
2023-10-26 00:00:00-04:00,26.729999542236328,28.99799919128418,25.920000076293945,25.920000076293945,5367,0.0,0.0
2023-10-27 00:00:00-04:00,26.243999481201172,28.350000381469727,20.655000686645508,22.194000244140625,5923,0.0,0.0
2023-10-30 00:00:00-04:00,22.437000274658203,26.243999481201172,21.8700008392334,23.895000457763672,2694,0.0,0.0
2023-10-31 00:00:00-04:00,24.947999954223633,27.540000915527344,24.542999267578125,24.542999267578125,3535,0.0,0.0
2023-11-01 00:00:00-04:00,24.299999237060547,29.645999908447266,23.652000427246094,25.514999389648438,4056,0.0,0.0
2023-11-02 00:00:00-04:00,25.110000610351562,29.15999984741211,23.732999801635742,25.110000610351562,6696,0.0,0.0
2023-11-03 00:00:00-04:00,28.836000442504883,29.888999938964844,26.325000762939453,28.350000381469727,5532,0.0,0.0
2023-11-06 00:00:00-05:00,28.91699981689453,29.888999938964844,26.729999542236328,26.729999542236328,2735,0.0,0.0
2023-11-07 00:00:00-05:00,29.808000564575195,29.808000564575195,27.783000946044922,28.99799919128418,2091,0.0,0.0
2023-11-08 00:00:00-05:00,28.10700035095215,28.99799919128418,27.215999603271484,27.215999603271484,2843,0.0,0.0
2023-11-09 00:00:00-05:00,26.4060001373291,26.892000198364258,23.246999740600586,25.110000610351562,4307,0.0,0.0
2023-11-10 00:00:00-05:00,2.7899999618530273,2.7899999618530273,2.7899999618530273,2.7899999618530273,0,0.0,0.0
2023-11-13 00:00:00-05:00,2.9519999027252197,3.1500000953674316,2.375999927520752,2.880000114440918,49900,0.0,0.0
2023-11-14 00:00:00-05:00,2.869999885559082,2.9700000286102295,2.3399999141693115,2.559999942779541,64800,0.0,0.0
2023-11-15 00:00:00-05:00,2.5999999046325684,2.75,2.259999990463257,2.4100000858306885,105100,0.0,0.0
2023-11-16 00:00:00-05:00,2.6600000858306885,2.693000078201294,2.200000047683716,2.299999952316284,59500,0.0,0.0
2023-11-17 00:00:00-05:00,2.309999942779541,3.190000057220459,2.2100000381469727,3.0,231800,0.0,0.0
2023-11-20 00:00:00-05:00,2.859999895095825,2.940000057220459,2.490000009536743,2.5399999618530273,96000,0.0,0.0
2023-11-21 00:00:00-05:00,2.7149999141693115,2.7899999618530273,2.549999952316284,2.559999942779541,27400,0.0,0.0
2023-11-22 00:00:00-05:00,2.680000066757202,2.7920000553131104,2.5399999618530273,2.5799999237060547,30500,0.0,0.0
2023-11-24 00:00:00-05:00,2.549999952316284,2.9200000762939453,2.549999952316284,2.9200000762939453,16900,0.0,0.0
2023-11-27 00:00:00-05:00,2.819999933242798,2.869999885559082,2.680000066757202,2.680000066757202,20300,0.0,0.0
2023-11-28 00:00:00-05:00,2.640000104904175,3.009999990463257,2.640000104904175,3.0,22100,0.0,0.0
2023-11-29 00:00:00-05:00,2.990000009536743,3.0999999046325684,2.7119998931884766,3.0399999618530273,30200,0.0,0.0
2023-11-30 00:00:00-05:00,2.569999933242798,2.5799999237060547,2.059999942779541,2.440000057220459,121100,0.0,0.0
2023-12-01 00:00:00-05:00,2.369999885559082,2.490000009536743,2.2100000381469727,2.3310000896453857,21000,0.0,0.0
2023-12-04 00:00:00-05:00,2.3299999237060547,2.549999952316284,2.311000108718872,2.450000047683716,10700,0.0,0.0
2023-12-05 00:00:00-05:00,2.4200000762939453,2.568000078201294,2.365999937057495,2.4700000286102295,13000,0.0,0.0
2023-12-06 00:00:00-05:00,2.4700000286102295,2.4700000286102295,2.299999952316284,2.319999933242798,5000,0.0,0.0
2023-12-07 00:00:00-05:00,2.299999952316284,2.390000104904175,2.2899999618530273,2.299999952316284,8500,0.0,0.0
2023-12-08 00:00:00-05:00,2.3299999237060547,2.4200000762939453,2.2799999713897705,2.4100000858306885,6800,0.0,0.0
2023-12-11 00:00:00-05:00,2.319999933242798,2.569999933242798,2.24399995803833,2.569999933242798,15200,0.0,0.0
2023-12-12 00:00:00-05:00,2.3949999809265137,2.609999895095825,2.3299999237060547,2.549999952316284,16000,0.0,0.0
2023-12-13 00:00:00-05:00,2.390000104904175,2.7799999713897705,2.390000104904175,2.7799999713897705,8500,0.0,0.0
2023-12-14 00:00:00-05:00,2.697999954223633,2.7269999980926514,2.509999990463257,2.640000104904175,14300,0.0,0.0
2023-12-15 00:00:00-05:00,2.5950000286102295,2.5950000286102295,2.2200000286102295,2.4800000190734863,17100,0.0,0.0
2023-12-18 00:00:00-05:00,2.4800000190734863,2.490000009536743,2.180000066757202,2.3399999141693115,15400,0.0,0.0
2023-12-19 00:00:00-05:00,2.309999942779541,2.490000009536743,2.240000009536743,2.4700000286102295,6700,0.0,0.0
2023-12-20 00:00:00-05:00,2.4800000190734863,2.4800000190734863,2.2200000286102295,2.259999990463257,11500,0.0,0.0
2023-12-21 00:00:00-05:00,2.25,2.430000066757202,2.240000009536743,2.240000009536743,23300,0.0,0.0
2023-12-22 00:00:00-05:00,2.244999885559082,2.299999952316284,2.180000066757202,2.2899999618530273,13200,0.0,0.0
2023-12-26 00:00:00-05:00,2.177999973297119,2.259999990463257,2.177999973297119,2.190000057220459,2400,0.0,0.0
2023-12-27 00:00:00-05:00,2.200000047683716,2.25,1.9800000190734863,2.180000066757202,23900,0.0,0.0
2023-12-28 00:00:00-05:00,2.059999942779541,2.119999885559082,2.009999990463257,2.009999990463257,11900,0.0,0.0
2023-12-29 00:00:00-05:00,2.049999952316284,2.309999942779541,2.0169999599456787,2.309999942779541,25100,0.0,0.0
2024-01-02 00:00:00-05:00,2.299999952316284,2.4600000381469727,2.130000114440918,2.200000047683716,12100,0.0,0.0
2024-01-03 00:00:00-05:00,2.3450000286102295,2.9800000190734863,2.2100000381469727,2.490000009536743,327000,0.0,0.0
2024-01-04 00:00:00-05:00,2.6700000762939453,3.440000057220459,2.6700000762939453,2.7699999809265137,486700,0.0,0.0
2024-01-05 00:00:00-05:00,2.740000009536743,2.9170000553131104,2.6500000953674316,2.759999990463257,75500,0.0,0.0
2024-01-08 00:00:00-05:00,2.815000057220459,2.882999897003174,2.559999942779541,2.569999933242798,23200,0.0,0.0
2024-01-09 00:00:00-05:00,2.619999885559082,2.619999885559082,2.3499999046325684,2.380000114440918,26700,0.0,0.0
2024-01-10 00:00:00-05:00,2.4200000762939453,2.75,2.359999895095825,2.678999900817871,116300,0.0,0.0
2024-01-11 00:00:00-05:00,2.6649999618530273,2.759999990463257,2.549999952316284,2.630000114440918,7800,0.0,0.0
2024-01-12 00:00:00-05:00,2.7200000286102295,2.7200000286102295,2.494999885559082,2.5899999141693115,15200,0.0,0.0
2024-01-16 00:00:00-05:00,2.369999885559082,2.375999927520752,2.1500000953674316,2.190000057220459,65000,0.0,0.0
2024-01-17 00:00:00-05:00,2.200000047683716,2.259999990463257,2.180000066757202,2.25,8600,0.0,0.0
2024-01-18 00:00:00-05:00,2.109999895095825,2.299999952316284,2.109999895095825,2.200000047683716,7200,0.0,0.0
2024-01-19 00:00:00-05:00,2.244999885559082,2.299999952316284,2.190000057220459,2.2699999809265137,9600,0.0,0.0
2024-01-22 00:00:00-05:00,2.2850000858306885,2.3499999046325684,2.140000104904175,2.2160000801086426,10700,0.0,0.0
2024-01-23 00:00:00-05:00,2.2899999618530273,2.2899999618530273,2.1500000953674316,2.2200000286102295,5800,0.0,0.0
2024-01-24 00:00:00-05:00,2.299999952316284,2.3499999046325684,2.253000020980835,2.3399999141693115,3800,0.0,0.0
2024-01-25 00:00:00-05:00,2.299999952316284,2.38700008392334,2.299999952316284,2.319999933242798,6600,0.0,0.0
2024-01-26 00:00:00-05:00,2.25,2.434999942779541,2.25,2.299999952316284,6300,0.0,0.0
2024-01-29 00:00:00-05:00,2.359999895095825,2.5429999828338623,2.359999895095825,2.440000057220459,24400,0.0,0.0
2024-01-30 00:00:00-05:00,2.440000057220459,2.5,2.4010000228881836,2.490000009536743,7700,0.0,0.0
2024-01-31 00:00:00-05:00,2.5,2.5,2.309999942779541,2.380000114440918,5400,0.0,0.0
2024-02-01 00:00:00-05:00,2.556999921798706,2.556999921798706,2.3399999141693115,2.3399999141693115,7000,0.0,0.0
2024-02-02 00:00:00-05:00,2.309999942779541,2.309999942779541,2.200000047683716,2.2300000190734863,9200,0.0,0.0
2024-02-05 00:00:00-05:00,2.25,2.25,2.200000047683716,2.200000047683716,2200,0.0,0.0
2024-02-06 00:00:00-05:00,2.200000047683716,2.200000047683716,2.200000047683716,2.200000047683716,500,0.0,0.0
2024-02-07 00:00:00-05:00,2.309999942779541,2.430000066757202,2.200000047683716,2.2009999752044678,6300,0.0,0.0
2024-02-08 00:00:00-05:00,2.299999952316284,2.380000114440918,2.200000047683716,2.319999933242798,35700,0.0,0.0
2024-02-09 00:00:00-05:00,2.4200000762939453,2.4200000762939453,2.2699999809265137,2.2699999809265137,7000,0.0,0.0
2024-02-12 00:00:00-05:00,2.2899999618530273,2.3499999046325684,2.2799999713897705,2.3499999046325684,8200,0.0,0.0
2024-02-13 00:00:00-05:00,2.2300000190734863,2.299999952316284,2.200000047683716,2.2899999618530273,12100,0.0,0.0
2024-02-14 00:00:00-05:00,2.430000066757202,2.430000066757202,2.200000047683716,2.200000047683716,13800,0.0,0.0
2024-02-15 00:00:00-05:00,2.240000009536743,2.437000036239624,2.2100000381469727,2.2699999809265137,2100,0.0,0.0
2024-02-16 00:00:00-05:00,2.380000114440918,2.380000114440918,2.2300000190734863,2.2300000190734863,3100,0.0,0.0
2024-02-20 00:00:00-05:00,2.299999952316284,2.799999952316284,2.2699999809265137,2.700000047683716,43800,0.0,0.0
2024-02-21 00:00:00-05:00,2.630000114440918,2.630000114440918,2.3450000286102295,2.430000066757202,11600,0.0,0.0
2024-02-22 00:00:00-05:00,2.6989998817443848,2.700000047683716,2.3399999141693115,2.680000066757202,3200,0.0,0.0
2024-02-23 00:00:00-05:00,2.450000047683716,2.5999999046325684,2.4100000858306885,2.4100000858306885,9700,0.0,0.0
2024-02-26 00:00:00-05:00,2.6470000743865967,2.8399999141693115,2.549999952316284,2.7899999618530273,19400,0.0,0.0
2024-02-27 00:00:00-05:00,2.680000066757202,2.799999952316284,2.569999933242798,2.739000082015991,33700,0.0,0.0
2024-02-28 00:00:00-05:00,2.75,3.549999952316284,2.6600000858306885,3.3350000381469727,127200,0.0,0.0
2024-02-29 00:00:00-05:00,3.3399999141693115,3.3399999141693115,3.0,3.0399999618530273,23800,0.0,0.0
2024-03-01 00:00:00-05:00,3.0999999046325684,3.2739999294281006,2.869999885559082,3.2739999294281006,35100,0.0,0.0
2024-03-04 00:00:00-05:00,3.5199999809265137,3.6600000858306885,3.2699999809265137,3.440000057220459,122900,0.0,0.0
2024-03-05 00:00:00-05:00,3.7799999713897705,4.800000190734863,3.6600000858306885,4.800000190734863,219700,0.0,0.0
2024-03-06 00:00:00-05:00,5.0,6.360000133514404,5.0,6.25,190300,0.0,0.0
2024-03-07 00:00:00-05:00,7.0,7.0,3.940000057220459,4.610000133514404,273000,0.0,0.0
2024-03-08 00:00:00-05:00,4.599999904632568,4.848999977111816,4.21999979019165,4.769999980926514,97600,0.0,0.0
2024-03-11 00:00:00-04:00,4.789999961853027,4.789999961853027,4.230000019073486,4.449999809265137,54300,0.0,0.0
2024-03-12 00:00:00-04:00,4.53000020980835,5.25600004196167,4.449999809265137,4.829999923706055,60700,0.0,0.0
2024-03-13 00:00:00-04:00,5.360000133514404,5.360000133514404,4.78000020980835,4.960000038146973,95000,0.0,0.0
2024-03-14 00:00:00-04:00,5.320000171661377,5.650000095367432,5.150000095367432,5.409999847412109,226200,0.0,0.0
2024-03-15 00:00:00-04:00,5.539999961853027,5.809999942779541,5.072000026702881,5.170000076293945,71100,0.0,0.0
2024-03-18 00:00:00-04:00,5.239999771118164,5.239999771118164,4.150000095367432,4.849999904632568,96500,0.0,0.0
2024-03-19 00:00:00-04:00,5.340000152587891,5.360000133514404,4.849999904632568,4.949999809265137,206400,0.0,0.0
2024-03-20 00:00:00-04:00,4.980000019073486,4.980000019073486,4.25,4.389999866485596,83200,0.0,0.0
2024-03-21 00:00:00-04:00,4.5,4.860000133514404,4.420000076293945,4.835999965667725,247100,0.0,0.0
2024-03-22 00:00:00-04:00,4.820000171661377,4.849999904632568,4.369999885559082,4.449999809265137,93600,0.0,0.0
2024-03-25 00:00:00-04:00,4.409999847412109,4.449999809265137,3.5799999237060547,3.825000047683716,91100,0.0,0.0
2024-03-26 00:00:00-04:00,3.8499999046325684,3.990000009536743,3.75,3.799999952316284,26100,0.0,0.0
2024-03-27 00:00:00-04:00,3.700000047683716,3.940000057220459,3.3499999046325684,3.5999999046325684,58800,0.0,0.0
2024-03-28 00:00:00-04:00,3.5999999046325684,3.7300000190734863,3.4000000953674316,3.700000047683716,27300,0.0,0.0
2024-04-01 00:00:00-04:00,3.7899999618530273,3.7899999618530273,3.5999999046325684,3.640000104904175,5800,0.0,0.0
2024-04-02 00:00:00-04:00,3.740000009536743,3.7699999809265137,3.3499999046325684,3.375,26500,0.0,0.0
2024-04-03 00:00:00-04:00,3.4600000381469727,3.4600000381469727,3.069999933242798,3.25,31100,0.0,0.0
2024-04-04 00:00:00-04:00,3.140000104904175,3.6700000762939453,3.140000104904175,3.5299999713897705,27700,0.0,0.0
2024-04-05 00:00:00-04:00,3.4600000381469727,3.7300000190734863,3.3469998836517334,3.700000047683716,16200,0.0,0.0
2024-04-08 00:00:00-04:00,3.7200000286102295,3.9200000762939453,3.380000114440918,3.9049999713897705,21400,0.0,0.0
2024-04-09 00:00:00-04:00,3.9200000762939453,3.9200000762939453,3.700000047683716,3.809999942779541,11600,0.0,0.0
2024-04-10 00:00:00-04:00,3.6500000953674316,3.8399999141693115,3.5,3.5139999389648438,14100,0.0,0.0
2024-04-11 00:00:00-04:00,3.6470000743865967,3.6700000762939453,3.5199999809265137,3.555000066757202,11300,0.0,0.0
2024-04-12 00:00:00-04:00,3.559999942779541,3.559999942779541,3.359999895095825,3.359999895095825,11600,0.0,0.0
2024-04-15 00:00:00-04:00,3.369999885559082,3.549999952316284,3.109999895095825,3.2200000286102295,7900,0.0,0.0
2024-04-16 00:00:00-04:00,3.0999999046325684,3.180000066757202,3.059999942779541,3.0999999046325684,8600,0.0,0.0
2024-04-17 00:00:00-04:00,3.0299999713897705,3.2300000190734863,3.0,3.1700000762939453,4000,0.0,0.0
2024-04-18 00:00:00-04:00,3.1600000858306885,3.1600000858306885,2.8299999237060547,3.049999952316284,30700,0.0,0.0
2024-04-19 00:00:00-04:00,2.9549999237060547,3.0,2.9000000953674316,2.996999979019165,13000,0.0,0.0
2024-04-22 00:00:00-04:00,2.819999933242798,3.0,2.819999933242798,3.0,23400,0.0,0.0
2024-04-23 00:00:00-04:00,2.700000047683716,2.944000005722046,2.700000047683716,2.940000057220459,8400,0.0,0.0
2024-04-24 00:00:00-04:00,2.9600000381469727,3.0,2.8459999561309814,2.9019999504089355,11000,0.0,0.0
2024-04-25 00:00:00-04:00,2.7899999618530273,2.8399999141693115,2.509999990463257,2.5899999141693115,26300,0.0,0.0
2024-04-26 00:00:00-04:00,2.75,3.0,2.5299999713897705,2.930000066757202,25100,0.0,0.0
2024-04-29 00:00:00-04:00,3.119999885559082,3.240000009536743,2.559999942779541,2.6449999809265137,48500,0.0,0.0
2024-04-30 00:00:00-04:00,2.697999954223633,2.75,2.549999952316284,2.549999952316284,10500,0.0,0.0
2024-05-01 00:00:00-04:00,2.625999927520752,2.6500000953674316,2.5350000858306885,2.562000036239624,2600,0.0,0.0
2024-05-02 00:00:00-04:00,2.5199999809265137,2.700000047683716,2.5199999809265137,2.5989999771118164,4300,0.0,0.0
2024-05-03 00:00:00-04:00,2.552000045776367,2.8469998836517334,2.549999952316284,2.677000045776367,3600,0.0,0.0
2024-05-06 00:00:00-04:00,2.7300000190734863,2.7300000190734863,2.559999942779541,2.6500000953674316,6800,0.0,0.0
2024-05-07 00:00:00-04:00,3.130000114440918,3.130000114440918,2.6500000953674316,2.6600000858306885,38600,0.0,0.0
2024-05-08 00:00:00-04:00,2.7300000190734863,2.819999933242798,2.7100000381469727,2.7100000381469727,6100,0.0,0.0
2024-05-09 00:00:00-04:00,2.635999917984009,2.75,2.630000114440918,2.680000066757202,14100,0.0,0.0
2024-05-10 00:00:00-04:00,2.6600000858306885,2.7780001163482666,2.5199999809265137,2.5199999809265137,21400,0.0,0.0
2024-05-13 00:00:00-04:00,2.630000114440918,2.6500000953674316,2.430000066757202,2.509999990463257,5800,0.0,0.0
2024-05-14 00:00:00-04:00,2.619999885559082,2.619999885559082,2.390000104904175,2.450000047683716,18400,0.0,0.0
2024-05-15 00:00:00-04:00,2.5899999141693115,2.6500000953674316,2.4200000762939453,2.490000009536743,12500,0.0,0.0
2024-05-16 00:00:00-04:00,2.430000066757202,2.5,2.3499999046325684,2.3499999046325684,12000,0.0,0.0
2024-05-17 00:00:00-04:00,2.490000009536743,2.5399999618530273,2.309999942779541,2.5,7500,0.0,0.0
2024-05-20 00:00:00-04:00,2.4800000190734863,2.5299999713897705,2.440000057220459,2.4660000801086426,3600,0.0,0.0
2024-05-21 00:00:00-04:00,2.319999933242798,2.759999990463257,2.319999933242798,2.619999885559082,51300,0.0,0.0
2024-05-22 00:00:00-04:00,2.5899999141693115,2.7100000381469727,2.5899999141693115,2.609999895095825,26400,0.0,0.0
2024-05-23 00:00:00-04:00,2.7899999618530273,2.802999973297119,2.559999942779541,2.5999999046325684,11600,0.0,0.0
2024-05-24 00:00:00-04:00,2.759999990463257,2.759999990463257,2.559999942779541,2.5799999237060547,9800,0.0,0.0
2024-05-28 00:00:00-04:00,2.6500000953674316,2.6500000953674316,2.569999933242798,2.5899999141693115,3800,0.0,0.0
2024-05-29 00:00:00-04:00,2.5299999713897705,2.5789999961853027,2.319999933242798,2.5,6100,0.0,0.0
2024-05-30 00:00:00-04:00,2.4000000953674316,2.740000009536743,2.4000000953674316,2.5190000534057617,7400,0.0,0.0
