Datetime,Open,High,Low,Close,Volume,Dividends,Stock Splits
2024-07-24 09:30:00-04:00,219.52000427246094,219.52000427246094,217.85000610351562,218.77499389648438,8043,0.0,0.0
2024-07-24 09:35:00-04:00,218.8000030517578,218.89500427246094,218.0399932861328,218.22000122070312,3041,0.0,0.0
2024-07-24 09:40:00-04:00,218.89999389648438,219.42999267578125,218.25,218.25,4740,0.0,0.0
2024-07-24 09:45:00-04:00,218.77499389648438,218.77499389648438,217.3800048828125,217.3800048828125,4889,0.0,0.0
2024-07-24 09:50:00-04:00,216.5399932861328,217.0,216.5399932861328,216.73500061035156,6295,0.0,0.0
2024-07-24 09:55:00-04:00,216.3800048828125,216.3800048828125,215.72999572753906,215.9949951171875,4657,0.0,0.0
2024-07-24 10:00:00-04:00,215.75,216.33999633789062,215.4499969482422,216.0449981689453,15729,0.0,0.0
2024-07-24 10:05:00-04:00,216.0449981689453,216.67999267578125,216.0399932861328,216.0399932861328,4161,0.0,0.0
2024-07-24 10:10:00-04:00,215.61000061035156,215.97999572753906,215.56500244140625,215.56500244140625,5319,0.0,0.0
2024-07-24 10:15:00-04:00,215.42999267578125,215.42999267578125,214.78500366210938,215.02499389648438,8104,0.0,0.0
2024-07-24 10:20:00-04:00,215.15310668945312,215.8699951171875,215.05999755859375,215.72999572753906,5577,0.0,0.0
2024-07-24 10:25:00-04:00,215.94000244140625,215.94000244140625,215.375,215.375,8109,0.0,0.0
2024-07-24 10:30:00-04:00,215.47999572753906,216.0554962158203,215.30999755859375,215.52999877929688,5282,0.0,0.0
2024-07-24 10:35:00-04:00,215.33999633789062,215.33999633789062,215.10000610351562,215.2899932861328,3991,0.0,0.0
2024-07-24 10:40:00-04:00,215.25999450683594,215.6699981689453,215.06500244140625,215.6699981689453,6024,0.0,0.0
2024-07-24 10:45:00-04:00,215.67999267578125,216.4250030517578,215.67999267578125,216.4250030517578,5102,0.0,0.0
2024-07-24 10:50:00-04:00,216.44000244140625,217.2449951171875,216.44000244140625,217.2449951171875,7700,0.0,0.0
2024-07-24 10:55:00-04:00,217.22999572753906,217.66000366210938,217.21499633789062,217.42999267578125,13664,0.0,0.0
2024-07-24 11:00:00-04:00,217.25999450683594,217.61000061035156,217.25999450683594,217.40499877929688,11622,0.0,0.0
2024-07-24 11:05:00-04:00,217.35000610351562,217.64999389648438,217.07000732421875,217.52499389648438,9704,0.0,0.0
2024-07-24 11:10:00-04:00,217.64999389648438,218.02999877929688,217.57000732421875,217.99000549316406,4499,0.0,0.0
2024-07-24 11:15:00-04:00,217.85000610351562,217.9250030517578,217.13999938964844,217.22000122070312,14401,0.0,0.0
2024-07-24 11:20:00-04:00,217.1699981689453,217.1699981689453,216.74000549316406,216.83999633789062,7689,0.0,0.0
2024-07-24 11:25:00-04:00,216.76499938964844,217.25,216.76499938964844,216.8800048828125,8148,0.0,0.0
2024-07-24 11:30:00-04:00,216.8800048828125,217.1300048828125,216.8800048828125,217.08999633789062,3468,0.0,0.0
2024-07-24 11:35:00-04:00,217.07000732421875,217.3800048828125,217.07000732421875,217.3800048828125,3626,0.0,0.0
2024-07-24 11:40:00-04:00,217.3000030517578,217.39999389648438,217.24000549316406,217.2550048828125,5818,0.0,0.0
2024-07-24 11:45:00-04:00,217.17999267578125,217.2899932861328,216.9499969482422,216.9499969482422,2961,0.0,0.0
2024-07-24 11:50:00-04:00,217.08999633789062,217.32000732421875,217.08999633789062,217.32000732421875,2615,0.0,0.0
2024-07-24 11:55:00-04:00,217.4864959716797,217.4864959716797,217.13999938964844,217.3699951171875,4323,0.0,0.0
2024-07-24 12:00:00-04:00,217.3699951171875,217.75,217.3699951171875,217.61500549316406,3611,0.0,0.0
2024-07-24 12:05:00-04:00,217.61500549316406,217.7550048828125,217.58999633789062,217.63499450683594,4383,0.0,0.0
2024-07-24 12:10:00-04:00,217.625,217.80999755859375,217.57000732421875,217.80999755859375,4873,0.0,0.0
2024-07-24 12:15:00-04:00,217.8000030517578,217.9199981689453,217.7899932861328,217.8350067138672,4254,0.0,0.0
2024-07-24 12:20:00-04:00,217.8300018310547,217.8300018310547,217.4499969482422,217.58999633789062,4550,0.0,0.0
2024-07-24 12:25:00-04:00,217.58999633789062,217.58999633789062,217.2449951171875,217.2449951171875,4488,0.0,0.0
2024-07-24 12:30:00-04:00,217.19000244140625,217.5399932861328,217.13999938964844,217.27000427246094,6557,0.0,0.0
2024-07-24 12:35:00-04:00,217.27000427246094,217.6999969482422,217.2449951171875,217.6999969482422,20744,0.0,0.0
2024-07-24 12:40:00-04:00,217.69500732421875,217.97999572753906,217.69500732421875,217.85000610351562,5749,0.0,0.0
2024-07-24 12:45:00-04:00,217.80999755859375,217.94000244140625,217.72000122070312,217.94000244140625,5071,0.0,0.0
2024-07-24 12:50:00-04:00,217.8300018310547,218.16000366210938,217.8249969482422,217.94009399414062,4530,0.0,0.0
2024-07-24 12:55:00-04:00,218.14500427246094,218.2449951171875,218.0800018310547,218.11500549316406,5830,0.0,0.0
2024-07-24 13:00:00-04:00,218.11500549316406,218.16000366210938,217.44500732421875,217.63999938964844,13542,0.0,0.0
2024-07-24 13:05:00-04:00,217.55999755859375,217.75,217.5500030517578,217.7449951171875,4064,0.0,0.0
2024-07-24 13:10:00-04:00,217.8000030517578,218.00999450683594,217.8000030517578,217.86500549316406,5973,0.0,0.0
2024-07-24 13:15:00-04:00,217.97999572753906,218.08999633789062,217.83999633789062,217.83999633789062,7853,0.0,0.0
2024-07-24 13:20:00-04:00,217.82000732421875,217.86500549316406,217.5500030517578,217.5500030517578,5661,0.0,0.0
2024-07-24 13:25:00-04:00,217.5,217.5,216.6699981689453,216.6699981689453,2960,0.0,0.0
2024-07-24 13:30:00-04:00,216.8699951171875,217.17999267578125,216.86500549316406,217.17999267578125,4033,0.0,0.0
2024-07-24 13:35:00-04:00,217.16000366210938,217.6699981689453,217.05999755859375,217.6699981689453,4704,0.0,0.0
2024-07-24 13:40:00-04:00,217.69000244140625,217.77999877929688,217.1999969482422,217.25999450683594,6515,0.0,0.0
2024-07-24 13:45:00-04:00,217.13999938964844,217.47999572753906,217.13999938964844,217.27999877929688,5301,0.0,0.0
2024-07-24 13:50:00-04:00,217.27999877929688,217.3800048828125,217.1199951171875,217.3800048828125,9422,0.0,0.0
2024-07-24 13:55:00-04:00,217.2899932861328,217.44000244140625,217.27999877929688,217.375,6434,0.0,0.0
2024-07-24 14:00:00-04:00,217.375,217.8000030517578,217.30999755859375,217.78500366210938,15878,0.0,0.0
2024-07-24 14:05:00-04:00,217.76499938964844,217.94000244140625,217.59500122070312,217.8000030517578,9778,0.0,0.0
2024-07-24 14:10:00-04:00,217.72000122070312,217.72000122070312,217.30999755859375,217.44500732421875,8603,0.0,0.0
2024-07-24 14:15:00-04:00,217.3300018310547,217.50999450683594,217.32000732421875,217.32000732421875,8719,0.0,0.0
2024-07-24 14:20:00-04:00,217.2899932861328,217.47000122070312,217.2899932861328,217.32000732421875,7694,0.0,0.0
2024-07-24 14:25:00-04:00,217.3000030517578,217.4199981689453,217.24000549316406,217.35499572753906,7431,0.0,0.0
2024-07-24 14:30:00-04:00,217.35499572753906,217.52999877929688,217.30999755859375,217.52999877929688,13604,0.0,0.0
2024-07-24 14:35:00-04:00,217.41000366210938,217.64999389648438,217.38999938964844,217.53750610351562,10686,0.0,0.0
2024-07-24 14:40:00-04:00,217.63999938964844,217.63999938964844,217.44500732421875,217.44500732421875,3234,0.0,0.0
2024-07-24 14:45:00-04:00,217.57000732421875,217.71499633789062,217.24000549316406,217.61000061035156,14876,0.0,0.0
2024-07-24 14:50:00-04:00,217.77999877929688,218.0399932861328,217.77999877929688,217.89500427246094,3463,0.0,0.0
2024-07-24 14:55:00-04:00,217.88999938964844,217.88999938964844,217.19000244140625,217.24000549316406,11924,0.0,0.0
2024-07-24 15:00:00-04:00,217.25,217.25,216.55999755859375,217.1199951171875,7815,0.0,0.0
2024-07-24 15:05:00-04:00,217.1199951171875,217.1199951171875,216.4550018310547,216.5,8686,0.0,0.0
2024-07-24 15:10:00-04:00,216.50999450683594,216.61000061035156,216.4499969482422,216.53500366210938,3711,0.0,0.0
2024-07-24 15:15:00-04:00,216.4499969482422,216.5500030517578,216.35000610351562,216.40499877929688,10189,0.0,0.0
2024-07-24 15:20:00-04:00,216.38499450683594,216.38499450683594,215.97999572753906,216.00999450683594,6071,0.0,0.0
2024-07-24 15:25:00-04:00,216.00999450683594,216.00999450683594,215.5500030517578,215.6999969482422,9660,0.0,0.0
2024-07-24 15:30:00-04:00,215.77000427246094,216.1199951171875,215.77000427246094,216.11500549316406,11679,0.0,0.0
2024-07-24 15:35:00-04:00,216.18899536132812,216.1999969482422,215.64999389648438,215.68499755859375,12052,0.0,0.0
2024-07-24 15:40:00-04:00,215.72000122070312,215.72900390625,215.57000732421875,215.5800018310547,9769,0.0,0.0
2024-07-24 15:45:00-04:00,215.36000061035156,215.8000030517578,215.33999633789062,215.55499267578125,17510,0.0,0.0
2024-07-24 15:50:00-04:00,215.47000122070312,215.77000427246094,214.88499450683594,214.92999267578125,30114,0.0,0.0
2024-07-24 15:55:00-04:00,214.91000366210938,215.05999755859375,214.3000030517578,214.99000549316406,137631,0.0,0.0
2024-07-25 09:30:00-04:00,210.0,212.0800018310547,210.0,212.0800018310547,11876,0.0,0.0
2024-07-25 09:35:00-04:00,212.35499572753906,212.5050048828125,212.35499572753906,212.5050048828125,632,0.0,0.0
2024-07-25 09:40:00-04:00,212.5,212.5,211.30999755859375,212.01499938964844,5489,0.0,0.0
2024-07-25 09:45:00-04:00,212.22999572753906,212.88999938964844,212.22500610351562,212.64999389648438,5482,0.0,0.0
2024-07-25 09:50:00-04:00,213.07000732421875,214.07000732421875,213.07000732421875,213.92999267578125,4925,0.0,0.0
2024-07-25 09:55:00-04:00,214.0399932861328,214.11500549316406,213.07000732421875,213.47999572753906,7290,0.0,0.0
2024-07-25 10:00:00-04:00,212.8000030517578,213.03500366210938,212.25,212.63499450683594,13889,0.0,0.0
2024-07-25 10:05:00-04:00,212.8800048828125,213.3249969482422,212.77499389648438,212.77499389648438,7996,0.0,0.0
2024-07-25 10:10:00-04:00,212.77000427246094,212.88999938964844,211.49000549316406,211.5,11675,0.0,0.0
2024-07-25 10:15:00-04:00,211.64999389648438,212.30999755859375,211.27999877929688,211.27999877929688,5305,0.0,0.0
2024-07-25 10:20:00-04:00,211.30999755859375,211.3300018310547,211.30999755859375,211.3300018310547,1361,0.0,0.0
2024-07-25 10:25:00-04:00,211.3300018310547,211.6300048828125,210.85499572753906,210.85499572753906,5807,0.0,0.0
2024-07-25 10:30:00-04:00,211.14999389648438,211.1750030517578,210.05999755859375,210.38999938964844,13043,0.0,0.0
2024-07-25 10:35:00-04:00,210.13999938964844,210.4199981689453,210.02999877929688,210.0399932861328,3947,0.0,0.0
2024-07-25 10:40:00-04:00,210.31500244140625,210.55999755859375,209.9600067138672,210.3699951171875,10347,0.0,0.0
2024-07-25 10:45:00-04:00,210.25999450683594,210.25999450683594,209.36000061035156,209.49000549316406,3898,0.0,0.0
2024-07-25 10:50:00-04:00,209.75,210.68499755859375,209.75,210.68499755859375,13511,0.0,0.0
2024-07-25 10:55:00-04:00,210.86000061035156,211.41000366210938,210.64999389648438,210.64999389648438,3571,0.0,0.0
2024-07-25 11:00:00-04:00,211.19509887695312,211.36000061035156,210.98500061035156,211.32000732421875,4009,0.0,0.0
2024-07-25 11:05:00-04:00,211.3300018310547,211.35000610351562,210.9499969482422,211.07000732421875,11526,0.0,0.0
2024-07-25 11:10:00-04:00,211.10499572753906,211.36000061035156,210.6699981689453,211.36000061035156,4117,0.0,0.0
2024-07-25 11:15:00-04:00,211.3000030517578,211.49000549316406,210.82000732421875,211.22500610351562,12153,0.0,0.0
2024-07-25 11:20:00-04:00,211.02999877929688,211.3300018310547,211.02999877929688,211.3249969482422,6739,0.0,0.0
2024-07-25 11:25:00-04:00,211.35000610351562,211.52000427246094,211.35000610351562,211.43499755859375,5562,0.0,0.0
2024-07-25 11:30:00-04:00,211.50999450683594,211.6999969482422,211.50999450683594,211.6999969482422,3859,0.0,0.0
2024-07-25 11:35:00-04:00,211.81500244140625,211.81500244140625,211.47999572753906,211.61000061035156,4770,0.0,0.0
2024-07-25 11:40:00-04:00,211.61000061035156,211.72999572753906,211.47999572753906,211.5749969482422,5297,0.0,0.0
2024-07-25 11:45:00-04:00,211.75999450683594,211.8300018310547,211.71499633789062,211.82000732421875,3533,0.0,0.0
2024-07-25 11:50:00-04:00,211.83999633789062,211.83999633789062,211.3800048828125,211.3800048828125,4275,0.0,0.0
2024-07-25 11:55:00-04:00,211.47500610351562,211.97000122070312,211.47500610351562,211.94500732421875,5967,0.0,0.0
2024-07-25 12:00:00-04:00,211.9149932861328,211.94500732421875,211.8350067138672,211.94500732421875,3225,0.0,0.0
2024-07-25 12:05:00-04:00,211.75,211.88999938964844,211.69000244140625,211.72999572753906,2388,0.0,0.0
2024-07-25 12:10:00-04:00,211.88999938964844,211.88999938964844,211.58999633789062,211.72999572753906,2865,0.0,0.0
2024-07-25 12:15:00-04:00,211.625,211.97500610351562,211.625,211.74000549316406,7425,0.0,0.0
2024-07-25 12:20:00-04:00,211.8300018310547,211.86000061035156,211.5399932861328,211.6300048828125,12310,0.0,0.0
2024-07-25 12:25:00-04:00,211.68499755859375,211.75999450683594,211.4499969482422,211.49000549316406,7266,0.0,0.0
2024-07-25 12:30:00-04:00,211.5050048828125,211.63999938964844,211.4499969482422,211.49000549316406,3970,0.0,0.0
2024-07-25 12:35:00-04:00,211.53500366210938,211.53500366210938,211.36000061035156,211.36000061035156,4045,0.0,0.0
2024-07-25 12:40:00-04:00,211.4149932861328,211.5800018310547,211.13999938964844,211.40499877929688,8275,0.0,0.0
2024-07-25 12:45:00-04:00,211.25,211.39500427246094,210.77999877929688,210.82000732421875,6223,0.0,0.0
2024-07-25 12:50:00-04:00,210.91000366210938,210.92999267578125,210.8300018310547,210.92999267578125,2688,0.0,0.0
2024-07-25 12:55:00-04:00,211.10000610351562,211.11000061035156,210.8000030517578,210.8000030517578,4012,0.0,0.0
2024-07-25 13:00:00-04:00,210.91000366210938,211.1999969482422,210.79010009765625,211.06500244140625,6225,0.0,0.0
2024-07-25 13:05:00-04:00,211.02499389648438,211.5800018310547,211.02499389648438,211.4600067138672,8217,0.0,0.0
2024-07-25 13:10:00-04:00,211.48500061035156,211.74000549316406,211.35000610351562,211.47999572753906,7048,0.0,0.0
2024-07-25 13:15:00-04:00,211.5449981689453,211.5449981689453,211.38999938964844,211.38999938964844,1155,0.0,0.0
2024-07-25 13:20:00-04:00,211.3699951171875,211.42999267578125,211.14999389648438,211.2949981689453,5648,0.0,0.0
2024-07-25 13:25:00-04:00,211.2949981689453,211.2949981689453,211.02000427246094,211.22000122070312,2886,0.0,0.0
2024-07-25 13:30:00-04:00,211.22000122070312,211.56199645996094,211.11000061035156,211.25999450683594,8385,0.0,0.0
2024-07-25 13:35:00-04:00,211.3800048828125,211.6199951171875,211.3800048828125,211.6199951171875,1630,0.0,0.0
2024-07-25 13:40:00-04:00,211.6699981689453,211.6699981689453,211.49000549316406,211.6699981689453,2331,0.0,0.0
2024-07-25 13:45:00-04:00,211.60000610351562,211.64990234375,211.41000366210938,211.52999877929688,2771,0.0,0.0
2024-07-25 13:50:00-04:00,211.47500610351562,211.47500610351562,211.0500030517578,211.07000732421875,9306,0.0,0.0
2024-07-25 13:55:00-04:00,211.1649932861328,211.18499755859375,210.75,210.96499633789062,3414,0.0,0.0
2024-07-25 14:00:00-04:00,210.8800048828125,210.8800048828125,210.6699981689453,210.7949981689453,2948,0.0,0.0
2024-07-25 14:05:00-04:00,210.7949981689453,210.9499969482422,210.7949981689453,210.9499969482422,4239,0.0,0.0
2024-07-25 14:10:00-04:00,211.00999450683594,211.0500030517578,210.74000549316406,210.8699951171875,8087,0.0,0.0
2024-07-25 14:15:00-04:00,211.0399932861328,211.16000366210938,210.96499633789062,211.16000366210938,6844,0.0,0.0
2024-07-25 14:20:00-04:00,211.1699981689453,211.24000549316406,211.1699981689453,211.2100067138672,4061,0.0,0.0
2024-07-25 14:25:00-04:00,211.0399932861328,211.07000732421875,210.64999389648438,210.7100067138672,3960,0.0,0.0
2024-07-25 14:30:00-04:00,210.81500244140625,210.91000366210938,210.5,210.5,4734,0.0,0.0
2024-07-25 14:35:00-04:00,210.63499450683594,210.63499450683594,210.3699951171875,210.3699951171875,3438,0.0,0.0
2024-07-25 14:40:00-04:00,210.33999633789062,210.4199981689453,209.42999267578125,209.7949981689453,20815,0.0,0.0
2024-07-25 14:45:00-04:00,209.80999755859375,209.9600067138672,209.80999755859375,209.8800048828125,4848,0.0,0.0
2024-07-25 14:50:00-04:00,209.97000122070312,209.97999572753906,209.82000732421875,209.9199981689453,3028,0.0,0.0
2024-07-25 14:55:00-04:00,209.9499969482422,210.17999267578125,209.8699951171875,209.97500610351562,8280,0.0,0.0
2024-07-25 15:00:00-04:00,209.94500732421875,210.24000549316406,209.94500732421875,210.14999389648438,2806,0.0,0.0
2024-07-25 15:05:00-04:00,210.16000366210938,210.1699981689453,209.625,209.66000366210938,8933,0.0,0.0
2024-07-25 15:10:00-04:00,209.66000366210938,209.74000549316406,209.00999450683594,209.2949981689453,21734,0.0,0.0
2024-07-25 15:15:00-04:00,209.3300018310547,209.4600067138672,209.27999877929688,209.27999877929688,16257,0.0,0.0
2024-07-25 15:20:00-04:00,209.24000549316406,209.32000732421875,209.09500122070312,209.18499755859375,12749,0.0,0.0
2024-07-25 15:25:00-04:00,209.18499755859375,209.72999572753906,208.88999938964844,209.13999938964844,24761,0.0,0.0
2024-07-25 15:30:00-04:00,209.1750030517578,210.14999389648438,208.57000732421875,210.05499267578125,28042,0.0,0.0
2024-07-25 15:35:00-04:00,210.19500732421875,210.4600067138672,209.97999572753906,210.25999450683594,9217,0.0,0.0
2024-07-25 15:40:00-04:00,210.07000732421875,210.22000122070312,210.0399932861328,210.22000122070312,12139,0.0,0.0
2024-07-25 15:45:00-04:00,210.24000549316406,210.25,210.05999755859375,210.13499450683594,12765,0.0,0.0
2024-07-25 15:50:00-04:00,210.1999969482422,210.22000122070312,209.53500366210938,209.53500366210938,34159,0.0,0.0
2024-07-25 15:55:00-04:00,209.52999877929688,209.84500122070312,208.97999572753906,209.00999450683594,83660,0.0,0.0
2024-07-26 09:30:00-04:00,211.7100067138672,211.7100067138672,210.8000030517578,210.8000030517578,2951,0.0,0.0
2024-07-26 09:35:00-04:00,210.86000061035156,211.10499572753906,210.86000061035156,211.10499572753906,924,0.0,0.0
2024-07-26 09:40:00-04:00,211.2100067138672,212.4499969482422,211.2100067138672,212.4499969482422,1786,0.0,0.0
2024-07-26 09:45:00-04:00,212.9499969482422,213.60000610351562,212.94000244140625,213.60000610351562,4467,0.0,0.0
2024-07-26 09:50:00-04:00,213.6300048828125,213.6300048828125,212.1699981689453,212.50999450683594,2816,0.0,0.0
2024-07-26 09:55:00-04:00,212.52000427246094,212.58999633789062,211.6999969482422,211.94000244140625,9192,0.0,0.0
2024-07-26 10:00:00-04:00,211.89999389648438,212.5,211.85499572753906,212.34500122070312,5244,0.0,0.0
2024-07-26 10:05:00-04:00,212.77000427246094,212.85499572753906,212.39999389648438,212.39999389648438,5894,0.0,0.0
2024-07-26 10:10:00-04:00,212.6199951171875,212.6199951171875,212.35000610351562,212.35000610351562,3905,0.0,0.0
2024-07-26 10:15:00-04:00,212.46499633789062,212.7899932861328,212.13499450683594,212.14999389648438,6281,0.0,0.0
2024-07-26 10:20:00-04:00,212.2550048828125,212.99000549316406,212.2550048828125,212.99000549316406,4196,0.0,0.0
2024-07-26 10:25:00-04:00,212.97889709472656,213.1999969482422,212.80499267578125,212.80499267578125,2016,0.0,0.0
2024-07-26 10:30:00-04:00,212.52000427246094,212.55999755859375,212.39999389648438,212.51499938964844,1595,0.0,0.0
2024-07-26 10:35:00-04:00,212.3800048828125,212.67999267578125,212.0,212.09500122070312,7344,0.0,0.0
2024-07-26 10:40:00-04:00,212.1199951171875,212.74000549316406,212.11500549316406,212.74000549316406,3588,0.0,0.0
2024-07-26 10:45:00-04:00,212.61500549316406,212.61500549316406,212.4199981689453,212.4250030517578,1742,0.0,0.0
2024-07-26 10:50:00-04:00,212.32000732421875,212.4550018310547,212.32000732421875,212.4550018310547,1134,0.0,0.0
2024-07-26 10:55:00-04:00,212.3000030517578,212.35499572753906,212.1300048828125,212.33999633789062,2873,0.0,0.0
2024-07-26 11:00:00-04:00,212.35000610351562,212.74000549316406,212.3300018310547,212.5800018310547,2845,0.0,0.0
2024-07-26 11:05:00-04:00,212.73500061035156,212.73500061035156,212.5850067138672,212.5850067138672,1126,0.0,0.0
2024-07-26 11:10:00-04:00,212.5800018310547,212.5800018310547,212.36500549316406,212.36500549316406,1722,0.0,0.0
2024-07-26 11:15:00-04:00,212.30999755859375,212.35000610351562,212.27999877929688,212.31500244140625,1964,0.0,0.0
2024-07-26 11:20:00-04:00,212.31500244140625,212.49000549316406,212.31500244140625,212.3300018310547,6335,0.0,0.0
2024-07-26 11:25:00-04:00,212.3300018310547,212.3300018310547,212.03500366210938,212.03500366210938,5066,0.0,0.0
2024-07-26 11:30:00-04:00,212.13499450683594,212.27000427246094,211.875,211.875,4371,0.0,0.0
2024-07-26 11:35:00-04:00,211.9550018310547,212.05999755859375,211.8800048828125,211.91000366210938,4029,0.0,0.0
2024-07-26 11:40:00-04:00,211.92999267578125,211.92999267578125,211.74000549316406,211.74000549316406,1596,0.0,0.0
2024-07-26 11:45:00-04:00,211.75999450683594,211.77499389648438,211.63999938964844,211.77499389648438,2327,0.0,0.0
2024-07-26 11:50:00-04:00,211.88999938964844,212.25,211.88999938964844,212.25,2329,0.0,0.0
2024-07-26 11:55:00-04:00,212.13999938964844,212.60000610351562,212.13999938964844,212.60000610351562,2940,0.0,0.0
2024-07-26 12:00:00-04:00,213.0449981689453,213.2449951171875,212.75999450683594,212.75999450683594,4506,0.0,0.0
2024-07-26 12:10:00-04:00,213.0800018310547,213.0800018310547,213.00999450683594,213.00999450683594,1643,0.0,0.0
2024-07-26 12:20:00-04:00,212.88999938964844,212.9499969482422,212.66000366210938,212.6750030517578,2649,0.0,0.0
2024-07-26 12:25:00-04:00,212.85000610351562,212.91000366210938,212.77000427246094,212.91000366210938,1935,0.0,0.0
2024-07-26 12:30:00-04:00,212.8800048828125,213.11000061035156,212.8800048828125,212.99000549316406,4474,0.0,0.0
2024-07-26 12:35:00-04:00,212.99000549316406,213.09500122070312,212.99000549316406,213.09500122070312,2265,0.0,0.0
2024-07-26 12:40:00-04:00,213.22000122070312,213.22000122070312,213.2100067138672,213.2100067138672,915,0.0,0.0
2024-07-26 12:45:00-04:00,213.11000061035156,213.11000061035156,213.11000061035156,213.11000061035156,172,0.0,0.0
2024-07-26 12:50:00-04:00,213.11000061035156,213.135498046875,213.02999877929688,213.135498046875,1874,0.0,0.0
2024-07-26 12:55:00-04:00,213.03500366210938,213.14500427246094,213.03500366210938,213.14500427246094,843,0.0,0.0
2024-07-26 13:00:00-04:00,213.26499938964844,213.26499938964844,213.23500061035156,213.23500061035156,464,0.0,0.0
2024-07-26 13:05:00-04:00,213.27999877929688,213.52999877929688,213.27999877929688,213.49000549316406,4071,0.0,0.0
2024-07-26 13:10:00-04:00,213.52000427246094,214.02999877929688,213.44000244140625,214.02999877929688,6425,0.0,0.0
2024-07-26 13:15:00-04:00,213.9550018310547,214.00999450683594,213.94500732421875,214.00999450683594,1609,0.0,0.0
2024-07-26 13:20:00-04:00,214.02000427246094,214.02000427246094,214.02000427246094,214.02000427246094,272,0.0,0.0
2024-07-26 13:25:00-04:00,214.02000427246094,214.02000427246094,214.02000427246094,214.02000427246094,1229,0.0,0.0
2024-07-26 13:30:00-04:00,213.9499969482422,213.9499969482422,213.8699951171875,213.8800048828125,2580,0.0,0.0
2024-07-26 13:35:00-04:00,213.7949981689453,213.7949981689453,213.42999267578125,213.43499755859375,5376,0.0,0.0
2024-07-26 13:40:00-04:00,213.5399932861328,213.5399932861328,213.48500061035156,213.48500061035156,2237,0.0,0.0
2024-07-26 13:45:00-04:00,213.48500061035156,213.6199951171875,213.08999633789062,213.09500122070312,28799,0.0,0.0
2024-07-26 13:50:00-04:00,213.07000732421875,213.3000030517578,213.07000732421875,213.3000030517578,2519,0.0,0.0
2024-07-26 13:55:00-04:00,213.44000244140625,213.4600067138672,213.32000732421875,213.32000732421875,2246,0.0,0.0
2024-07-26 14:00:00-04:00,213.17999267578125,213.19000244140625,213.0399932861328,213.13499450683594,1867,0.0,0.0
2024-07-26 14:05:00-04:00,213.25340270996094,213.25340270996094,213.1002960205078,213.1002960205078,1012,0.0,0.0
2024-07-26 14:10:00-04:00,213.2899932861328,213.2899932861328,213.18499755859375,213.18499755859375,1563,0.0,0.0
2024-07-26 14:15:00-04:00,213.22999572753906,213.2550048828125,212.97999572753906,213.02499389648438,3576,0.0,0.0
2024-07-26 14:20:00-04:00,212.94500732421875,213.0399932861328,212.875,212.97999572753906,1562,0.0,0.0
2024-07-26 14:25:00-04:00,212.97999572753906,212.97999572753906,212.875,212.875,1306,0.0,0.0
2024-07-26 14:30:00-04:00,213.07000732421875,213.07000732421875,212.75,212.8000030517578,3991,0.0,0.0
2024-07-26 14:35:00-04:00,212.9199981689453,212.97000122070312,212.72000122070312,212.7899932861328,2881,0.0,0.0
2024-07-26 14:40:00-04:00,212.86000061035156,212.86000061035156,212.3350067138672,212.3350067138672,5283,0.0,0.0
2024-07-26 14:45:00-04:00,212.47000122070312,212.5,212.33999633789062,212.43499755859375,4013,0.0,0.0
2024-07-26 14:50:00-04:00,212.44000244140625,212.55999755859375,212.1999969482422,212.1999969482422,8999,0.0,0.0
2024-07-26 14:55:00-04:00,212.1999969482422,212.1999969482422,212.1999969482422,212.1999969482422,828,0.0,0.0
2024-07-26 15:00:00-04:00,212.2100067138672,212.2100067138672,212.10000610351562,212.10000610351562,720,0.0,0.0
2024-07-26 15:05:00-04:00,212.18499755859375,212.4600067138672,212.14999389648438,212.4199981689453,5865,0.0,0.0
2024-07-26 15:10:00-04:00,212.61000061035156,212.77000427246094,212.61000061035156,212.77000427246094,2352,0.0,0.0
2024-07-26 15:15:00-04:00,212.66000366210938,212.66000366210938,212.49000549316406,212.52499389648438,4918,0.0,0.0
2024-07-26 15:20:00-04:00,212.57000732421875,212.57000732421875,212.57000732421875,212.57000732421875,1503,0.0,0.0
2024-07-26 15:25:00-04:00,212.6699981689453,212.82000732421875,212.6199951171875,212.68099975585938,6005,0.0,0.0
2024-07-26 15:30:00-04:00,212.68499755859375,212.68499755859375,212.1199951171875,212.30999755859375,7900,0.0,0.0
2024-07-26 15:35:00-04:00,212.26499938964844,212.3699951171875,212.22000122070312,212.25,4877,0.0,0.0
2024-07-26 15:40:00-04:00,212.2899932861328,212.5,212.2100067138672,212.5,11670,0.0,0.0
2024-07-26 15:45:00-04:00,212.58999633789062,213.1898956298828,212.5800018310547,213.07000732421875,11982,0.0,0.0
2024-07-26 15:50:00-04:00,213.19000244140625,213.6699981689453,213.1199951171875,213.1699981689453,32865,0.0,0.0
2024-07-26 15:55:00-04:00,213.05999755859375,213.74000549316406,213.0,213.60000610351562,101192,0.0,0.0
2024-07-29 09:30:00-04:00,214.91000366210938,215.39999389648438,214.13999938964844,214.13999938964844,7481,0.0,0.0
2024-07-29 09:35:00-04:00,213.75,213.75,213.75,213.75,228,0.0,0.0
2024-07-29 09:40:00-04:00,213.88999938964844,213.88999938964844,213.88999938964844,213.88999938964844,242,0.0,0.0
2024-07-29 09:45:00-04:00,214.1699981689453,214.7899932861328,214.1699981689453,214.44000244140625,2085,0.0,0.0
2024-07-29 09:50:00-04:00,214.49000549316406,214.49000549316406,213.75,214.1199951171875,12389,0.0,0.0
2024-07-29 09:55:00-04:00,214.2550048828125,214.77999877929688,214.2550048828125,214.77999877929688,7332,0.0,0.0
2024-07-29 10:00:00-04:00,214.72999572753906,214.9499969482422,214.49000549316406,214.7100067138672,7728,0.0,0.0
2024-07-29 10:10:00-04:00,213.47999572753906,213.47999572753906,213.22000122070312,213.22000122070312,2116,0.0,0.0
2024-07-29 10:15:00-04:00,212.99000549316406,212.99000549316406,212.99000549316406,212.99000549316406,723,0.0,0.0
2024-07-29 10:20:00-04:00,212.9600067138672,213.66000366210938,212.9600067138672,213.36000061035156,3981,0.0,0.0
2024-07-29 10:25:00-04:00,213.22999572753906,213.22999572753906,213.22999572753906,213.22999572753906,429,0.0,0.0
2024-07-29 10:30:00-04:00,212.92999267578125,212.99000549316406,212.90499877929688,212.93499755859375,1268,0.0,0.0
2024-07-29 10:35:00-04:00,212.7899932861328,212.85000610351562,212.5399932861328,212.85000610351562,5500,0.0,0.0
2024-07-29 10:40:00-04:00,212.9600067138672,213.07000732421875,212.9600067138672,212.99000549316406,3256,0.0,0.0
2024-07-29 10:45:00-04:00,213.05999755859375,213.0800018310547,213.0500030517578,213.07000732421875,2351,0.0,0.0
2024-07-29 10:50:00-04:00,213.0850067138672,213.58999633789062,212.96499633789062,213.42999267578125,6516,0.0,0.0
2024-07-29 10:55:00-04:00,213.58999633789062,213.6699981689453,213.4499969482422,213.55499267578125,13949,0.0,0.0
2024-07-29 11:00:00-04:00,213.60000610351562,213.60000610351562,213.35000610351562,213.4499969482422,3506,0.0,0.0
2024-07-29 11:05:00-04:00,213.1750030517578,213.1750030517578,213.1750030517578,213.1750030517578,1827,0.0,0.0
2024-07-29 11:10:00-04:00,213.1300048828125,213.1300048828125,213.0449981689453,213.0449981689453,1365,0.0,0.0
2024-07-29 11:15:00-04:00,213.0800018310547,213.13999938964844,212.9600067138672,213.0,6696,0.0,0.0
2024-07-29 11:20:00-04:00,213.0399932861328,213.15499877929688,213.02999877929688,213.08999633789062,6905,0.0,0.0
2024-07-29 11:25:00-04:00,213.22999572753906,213.36000061035156,213.08999633789062,213.08999633789062,3323,0.0,0.0
2024-07-29 11:30:00-04:00,213.24000549316406,213.3699951171875,213.08999633789062,213.08999633789062,3173,0.0,0.0
2024-07-29 11:35:00-04:00,212.99000549316406,213.06680297851562,212.92999267578125,213.02499389648438,4757,0.0,0.0
2024-07-29 11:40:00-04:00,213.02499389648438,213.02499389648438,212.91000366210938,212.91000366210938,2744,0.0,0.0
2024-07-29 11:45:00-04:00,213.00999450683594,213.72999572753906,213.00999450683594,213.72999572753906,10603,0.0,0.0
2024-07-29 11:50:00-04:00,213.6300048828125,213.64500427246094,213.44000244140625,213.4949951171875,5036,0.0,0.0
2024-07-29 11:55:00-04:00,213.48500061035156,213.7100067138672,213.48500061035156,213.7100067138672,3849,0.0,0.0
2024-07-29 12:00:00-04:00,213.97999572753906,214.2100067138672,213.97999572753906,214.13499450683594,4665,0.0,0.0
2024-07-29 12:05:00-04:00,214.14500427246094,214.63999938964844,214.14500427246094,214.53500366210938,6374,0.0,0.0
2024-07-29 12:10:00-04:00,214.55999755859375,214.6300048828125,214.53500366210938,214.6300048828125,2772,0.0,0.0
2024-07-29 12:15:00-04:00,214.6699981689453,215.0,214.6699981689453,214.8800048828125,2887,0.0,0.0
2024-07-29 12:20:00-04:00,214.88499450683594,214.98980712890625,214.88499450683594,214.90499877929688,5122,0.0,0.0
2024-07-29 12:25:00-04:00,214.90499877929688,214.97000122070312,214.6699981689453,214.8000030517578,12045,0.0,0.0
2024-07-29 12:30:00-04:00,214.91000366210938,214.96499633789062,214.88999938964844,214.88999938964844,2404,0.0,0.0
2024-07-29 12:35:00-04:00,214.9600067138672,214.9600067138672,214.75999450683594,214.8249969482422,2682,0.0,0.0
2024-07-29 12:40:00-04:00,214.8249969482422,214.9199981689453,214.60000610351562,214.68499755859375,6033,0.0,0.0
2024-07-29 12:45:00-04:00,214.57000732421875,214.66000366210938,214.47999572753906,214.65499877929688,4440,0.0,0.0
2024-07-29 12:50:00-04:00,214.4499969482422,214.4499969482422,214.1199951171875,214.19000244140625,5597,0.0,0.0
2024-07-29 12:55:00-04:00,214.17999267578125,214.27000427246094,214.0850067138672,214.14999389648438,5570,0.0,0.0
2024-07-29 13:00:00-04:00,214.27000427246094,214.32000732421875,213.97999572753906,213.97999572753906,6401,0.0,0.0
2024-07-29 13:05:00-04:00,213.8249969482422,213.94000244140625,213.8249969482422,213.94000244140625,3612,0.0,0.0
2024-07-29 13:10:00-04:00,213.8800048828125,214.1199951171875,213.8800048828125,214.1199951171875,2558,0.0,0.0
2024-07-29 13:15:00-04:00,214.1699981689453,214.21499633789062,214.08999633789062,214.10000610351562,2369,0.0,0.0
2024-07-29 13:20:00-04:00,214.00999450683594,214.02999877929688,213.89999389648438,213.91000366210938,4269,0.0,0.0
2024-07-29 13:25:00-04:00,213.88499450683594,213.89999389648438,213.64010620117188,213.89999389648438,5104,0.0,0.0
2024-07-29 13:30:00-04:00,213.7899932861328,213.7899932861328,213.5399932861328,213.65499877929688,1935,0.0,0.0
2024-07-29 13:35:00-04:00,213.6300048828125,213.64500427246094,213.57000732421875,213.64500427246094,2980,0.0,0.0
2024-07-29 13:40:00-04:00,213.72999572753906,213.72999572753906,213.52499389648438,213.52499389648438,3255,0.0,0.0
2024-07-29 13:45:00-04:00,213.63499450683594,213.69000244140625,213.5800018310547,213.5800018310547,2624,0.0,0.0
2024-07-29 13:50:00-04:00,213.64999389648438,213.65499877929688,213.33999633789062,213.34500122070312,4485,0.0,0.0
2024-07-29 13:55:00-04:00,213.4250030517578,213.50999450683594,213.3800048828125,213.3800048828125,6389,0.0,0.0
2024-07-29 14:00:00-04:00,213.3800048828125,213.50999450683594,213.25999450683594,213.39999389648438,5025,0.0,0.0
2024-07-29 14:05:00-04:00,213.52000427246094,213.5500030517578,213.30999755859375,213.30999755859375,6136,0.0,0.0
2024-07-29 14:10:00-04:00,213.30999755859375,213.31500244140625,212.97999572753906,213.02000427246094,6027,0.0,0.0
2024-07-29 14:15:00-04:00,212.97999572753906,213.0399932861328,212.81500244140625,212.98500061035156,10528,0.0,0.0
2024-07-29 14:20:00-04:00,212.94000244140625,213.00999450683594,212.8000030517578,212.86000061035156,6347,0.0,0.0
2024-07-29 14:25:00-04:00,212.8800048828125,212.9499969482422,212.84750366210938,212.9250030517578,6294,0.0,0.0
2024-07-29 14:30:00-04:00,212.94509887695312,212.97000122070312,212.6999969482422,212.88999938964844,10771,0.0,0.0
2024-07-29 14:35:00-04:00,212.9199981689453,213.0399932861328,212.9199981689453,212.99000549316406,8002,0.0,0.0
2024-07-29 14:40:00-04:00,212.99000549316406,213.19500732421875,212.99000549316406,213.125,6875,0.0,0.0
2024-07-29 14:45:00-04:00,213.1199951171875,213.2949981689453,213.11000061035156,213.11000061035156,6878,0.0,0.0
2024-07-29 14:50:00-04:00,213.08999633789062,213.11000061035156,212.77999877929688,212.85000610351562,6144,0.0,0.0
2024-07-29 14:55:00-04:00,212.86000061035156,213.16000366210938,212.86000061035156,213.0050048828125,9057,0.0,0.0
2024-07-29 15:00:00-04:00,213.0399932861328,213.11000061035156,212.86749267578125,213.0050048828125,7362,0.0,0.0
2024-07-29 15:05:00-04:00,213.0,213.05560302734375,212.92999267578125,213.05560302734375,6358,0.0,0.0
2024-07-29 15:10:00-04:00,213.00999450683594,213.07000732421875,212.9600067138672,212.97000122070312,7696,0.0,0.0
2024-07-29 15:15:00-04:00,212.91000366210938,213.02040100097656,212.80999755859375,212.88999938964844,13324,0.0,0.0
2024-07-29 15:20:00-04:00,212.89999389648438,213.14999389648438,212.89999389648438,213.13499450683594,9108,0.0,0.0
2024-07-29 15:25:00-04:00,213.13499450683594,213.2100067138672,213.09500122070312,213.14999389648438,7391,0.0,0.0
2024-07-29 15:30:00-04:00,213.16000366210938,213.16000366210938,212.86000061035156,213.08999633789062,14218,0.0,0.0
2024-07-29 15:35:00-04:00,213.10000610351562,213.33999633789062,213.10000610351562,213.30499267578125,5937,0.0,0.0
2024-07-29 15:40:00-04:00,213.30999755859375,213.50999450683594,213.1999969482422,213.35000610351562,12086,0.0,0.0
2024-07-29 15:45:00-04:00,213.33999633789062,213.47000122070312,213.19000244140625,213.47000122070312,15962,0.0,0.0
2024-07-29 15:50:00-04:00,213.49000549316406,213.58999633789062,212.97999572753906,213.10000610351562,21403,0.0,0.0
2024-07-29 15:55:00-04:00,213.13999938964844,213.4600067138672,212.89999389648438,212.92999267578125,67591,0.0,0.0
2024-07-30 09:30:00-04:00,212.4600067138672,213.72500610351562,212.4600067138672,213.72000122070312,5483,0.0,0.0
2024-07-30 09:35:00-04:00,213.8000030517578,213.89500427246094,213.8000030517578,213.89500427246094,563,0.0,0.0
2024-07-30 09:40:00-04:00,213.4600067138672,213.4600067138672,212.9499969482422,213.25,2327,0.0,0.0
2024-07-30 09:45:00-04:00,213.0050048828125,213.97999572753906,213.0050048828125,213.97999572753906,1953,0.0,0.0
2024-07-30 09:50:00-04:00,213.82000732421875,213.99000549316406,213.55999755859375,213.99000549316406,1102,0.0,0.0
2024-07-30 09:55:00-04:00,213.9149932861328,214.88999938964844,213.9149932861328,214.61000061035156,3503,0.0,0.0
2024-07-30 10:00:00-04:00,214.47000122070312,214.47999572753906,214.3000030517578,214.40499877929688,3672,0.0,0.0
2024-07-30 10:05:00-04:00,214.39999389648438,214.72000122070312,214.35000610351562,214.4499969482422,3774,0.0,0.0
2024-07-30 10:10:00-04:00,214.39999389648438,214.57000732421875,214.25,214.4600067138672,7037,0.0,0.0
2024-07-30 10:15:00-04:00,214.4199981689453,214.60000610351562,214.4199981689453,214.5449981689453,1656,0.0,0.0
2024-07-30 10:20:00-04:00,214.63999938964844,214.6999969482422,214.63999938964844,214.6999969482422,2708,0.0,0.0
2024-07-30 10:25:00-04:00,214.7899932861328,214.7899932861328,214.52499389648438,214.61000061035156,2439,0.0,0.0
2024-07-30 10:30:00-04:00,214.5500030517578,214.5500030517578,214.5500030517578,214.5500030517578,987,0.0,0.0
2024-07-30 10:35:00-04:00,214.44000244140625,214.6999969482422,214.4199981689453,214.6999969482422,1690,0.0,0.0
2024-07-30 10:40:00-04:00,215.11990356445312,215.11990356445312,214.77999877929688,214.77999877929688,1015,0.0,0.0
2024-07-30 10:45:00-04:00,215.13499450683594,215.3300018310547,215.13499450683594,215.2100067138672,2196,0.0,0.0
2024-07-30 10:50:00-04:00,215.22000122070312,215.35000610351562,215.22000122070312,215.22999572753906,1857,0.0,0.0
2024-07-30 10:55:00-04:00,215.19000244140625,215.19000244140625,215.0800018310547,215.0800018310547,3595,0.0,0.0
2024-07-30 11:00:00-04:00,214.9499969482422,215.10000610351562,214.77499389648438,214.77499389648438,3457,0.0,0.0
2024-07-30 11:05:00-04:00,214.89999389648438,215.1199951171875,214.89999389648438,215.1199951171875,2005,0.0,0.0
2024-07-30 11:10:00-04:00,215.14999389648438,215.1750030517578,215.00999450683594,215.1750030517578,1293,0.0,0.0
2024-07-30 11:15:00-04:00,215.35000610351562,215.35000610351562,215.0,215.27239990234375,1807,0.0,0.0
2024-07-30 11:20:00-04:00,215.13499450683594,215.13499450683594,214.80999755859375,214.97000122070312,2812,0.0,0.0
2024-07-30 11:25:00-04:00,214.97999572753906,215.0,214.96499633789062,214.96499633789062,1094,0.0,0.0
2024-07-30 11:30:00-04:00,214.9351043701172,214.9351043701172,214.7100067138672,214.8791961669922,5059,0.0,0.0
2024-07-30 11:35:00-04:00,215.01499938964844,215.1199951171875,215.01499938964844,215.03500366210938,2083,0.0,0.0
2024-07-30 11:40:00-04:00,215.1199951171875,215.25,215.1199951171875,215.125,1772,0.0,0.0
2024-07-30 11:45:00-04:00,215.25,215.25,215.08999633789062,215.1300048828125,960,0.0,0.0
2024-07-30 11:50:00-04:00,215.0,215.00999450683594,214.36000061035156,214.36000061035156,7670,0.0,0.0
2024-07-30 11:55:00-04:00,214.52999877929688,214.55999755859375,214.5,214.52999877929688,2678,0.0,0.0
2024-07-30 12:00:00-04:00,214.57000732421875,214.57000732421875,214.10000610351562,214.1699981689453,2618,0.0,0.0
2024-07-30 12:05:00-04:00,214.38999938964844,214.41000366210938,214.38999938964844,214.41000366210938,1482,0.0,0.0
2024-07-30 12:10:00-04:00,214.61500549316406,214.61500549316406,214.60499572753906,214.60499572753906,735,0.0,0.0
2024-07-30 12:15:00-04:00,214.61500549316406,214.61500549316406,214.4499969482422,214.4499969482422,2083,0.0,0.0
2024-07-30 12:20:00-04:00,214.48500061035156,214.4949951171875,214.47000122070312,214.4949951171875,964,0.0,0.0
2024-07-30 12:25:00-04:00,214.49000549316406,214.5,214.40499877929688,214.40499877929688,13470,0.0,0.0
2024-07-30 12:30:00-04:00,214.41000366210938,214.47999572753906,214.27000427246094,214.4199981689453,13389,0.0,0.0
2024-07-30 12:35:00-04:00,214.60000610351562,214.64999389648438,214.4600067138672,214.47000122070312,2573,0.0,0.0
2024-07-30 12:40:00-04:00,214.6300048828125,214.6699981689453,214.6199951171875,214.6699981689453,873,0.0,0.0
2024-07-30 12:45:00-04:00,214.57000732421875,214.57000732421875,214.57000732421875,214.57000732421875,332,0.0,0.0
2024-07-30 12:50:00-04:00,214.57000732421875,214.57000732421875,214.35000610351562,214.35000610351562,2659,0.0,0.0
2024-07-30 12:55:00-04:00,214.31500244140625,214.31500244140625,214.02000427246094,214.02000427246094,1495,0.0,0.0
2024-07-30 13:00:00-04:00,213.7899932861328,214.13999938964844,213.7899932861328,214.0399932861328,3410,0.0,0.0
2024-07-30 13:05:00-04:00,213.9199981689453,214.01499938964844,213.9199981689453,214.01499938964844,844,0.0,0.0
2024-07-30 13:10:00-04:00,214.0050048828125,214.16000366210938,214.0,214.05499267578125,1202,0.0,0.0
2024-07-30 13:15:00-04:00,214.01499938964844,214.01499938964844,214.01499938964844,214.01499938964844,316,0.0,0.0
2024-07-30 13:20:00-04:00,214.01499938964844,214.22999572753906,213.9199981689453,214.22999572753906,4103,0.0,0.0
2024-07-30 13:25:00-04:00,214.16000366210938,214.16000366210938,213.8800048828125,213.8800048828125,1588,0.0,0.0
2024-07-30 13:30:00-04:00,214.0,214.22999572753906,213.94500732421875,214.22999572753906,5984,0.0,0.0
2024-07-30 13:35:00-04:00,214.1699981689453,214.49000549316406,214.1699981689453,214.49000549316406,1323,0.0,0.0
2024-07-30 13:40:00-04:00,214.49000549316406,214.65499877929688,214.49000549316406,214.65499877929688,910,0.0,0.0
2024-07-30 13:45:00-04:00,214.51499938964844,214.55499267578125,214.49000549316406,214.4949951171875,1213,0.0,0.0
2024-07-30 13:50:00-04:00,214.69000244140625,214.69000244140625,214.35499572753906,214.6199951171875,908,0.0,0.0
2024-07-30 13:55:00-04:00,214.41000366210938,214.6300048828125,214.27999877929688,214.6300048828125,3701,0.0,0.0
2024-07-30 14:00:00-04:00,214.50999450683594,214.56500244140625,214.47500610351562,214.52000427246094,1239,0.0,0.0
2024-07-30 14:05:00-04:00,214.57000732421875,214.85000610351562,214.47000122070312,214.71499633789062,6567,0.0,0.0
2024-07-30 14:10:00-04:00,214.71499633789062,214.71499633789062,214.71499633789062,214.71499633789062,808,0.0,0.0
2024-07-30 14:15:00-04:00,214.7100067138672,214.82000732421875,214.7100067138672,214.82000732421875,1843,0.0,0.0
2024-07-30 14:20:00-04:00,214.89999389648438,214.89999389648438,214.6199951171875,214.7949981689453,5265,0.0,0.0
2024-07-30 14:25:00-04:00,214.7949981689453,214.86000061035156,214.69000244140625,214.7899932861328,11019,0.0,0.0
2024-07-30 14:30:00-04:00,214.77999877929688,215.0050048828125,214.75,214.94000244140625,14606,0.0,0.0
2024-07-30 14:35:00-04:00,214.9550018310547,215.07000732421875,214.9550018310547,214.97500610351562,871,0.0,0.0
2024-07-30 14:40:00-04:00,214.9600067138672,214.99000549316406,214.91000366210938,214.96499633789062,2231,0.0,0.0
2024-07-30 14:45:00-04:00,214.91000366210938,215.07000732421875,214.83999633789062,214.86000061035156,8754,0.0,0.0
2024-07-30 14:50:00-04:00,214.86000061035156,214.9600067138672,214.81500244140625,214.88499450683594,2175,0.0,0.0
2024-07-30 14:55:00-04:00,214.93499755859375,214.94000244140625,214.9149932861328,214.94000244140625,1395,0.0,0.0
2024-07-30 15:00:00-04:00,214.9600067138672,215.0,214.9499969482422,214.99000549316406,2430,0.0,0.0
2024-07-30 15:05:00-04:00,215.02000427246094,215.0399932861328,214.88999938964844,215.02999877929688,5677,0.0,0.0
2024-07-30 15:10:00-04:00,215.0511016845703,215.07000732421875,214.9550018310547,214.99000549316406,3458,0.0,0.0
2024-07-30 15:15:00-04:00,214.9600067138672,215.28500366210938,214.9600067138672,215.13999938964844,8824,0.0,0.0
2024-07-30 15:20:00-04:00,215.22000122070312,215.49000549316406,215.22000122070312,215.49000549316406,4200,0.0,0.0
2024-07-30 15:25:00-04:00,215.48500061035156,215.5800018310547,215.42999267578125,215.5800018310547,4738,0.0,0.0
2024-07-30 15:30:00-04:00,215.5500030517578,215.88999938964844,215.5500030517578,215.88499450683594,6096,0.0,0.0
2024-07-30 15:35:00-04:00,215.9199981689453,216.08999633789062,215.9199981689453,216.0800018310547,8997,0.0,0.0
2024-07-30 15:40:00-04:00,216.0399932861328,216.12899780273438,215.97000122070312,216.11500549316406,11577,0.0,0.0
2024-07-30 15:45:00-04:00,216.1439971923828,216.74000549316406,216.1439971923828,216.74000549316406,11036,0.0,0.0
2024-07-30 15:50:00-04:00,216.5800018310547,216.6199951171875,216.2100067138672,216.37750244140625,17040,0.0,0.0
2024-07-30 15:55:00-04:00,216.27999877929688,216.36700439453125,215.75999450683594,215.8000030517578,69361,0.0,0.0
2024-07-31 09:30:00-04:00,216.6199951171875,216.6199951171875,215.0500030517578,216.44000244140625,3937,0.0,0.0
2024-07-31 09:35:00-04:00,215.80999755859375,216.57000732421875,215.80999755859375,216.57000732421875,1107,0.0,0.0
2024-07-31 09:40:00-04:00,215.33999633789062,215.82000732421875,215.27999877929688,215.75999450683594,1366,0.0,0.0
2024-07-31 09:45:00-04:00,215.08999633789062,215.5,214.89500427246094,215.4949951171875,8592,0.0,0.0
2024-07-31 09:50:00-04:00,215.4949951171875,215.4949951171875,214.60000610351562,214.61000061035156,2917,0.0,0.0
2024-07-31 09:55:00-04:00,214.63999938964844,215.10499572753906,214.4199981689453,215.10499572753906,8500,0.0,0.0
2024-07-31 10:00:00-04:00,215.10499572753906,215.8000030517578,215.10499572753906,215.1300048828125,8528,0.0,0.0
2024-07-31 10:05:00-04:00,215.1300048828125,215.6300048828125,215.11000061035156,215.6300048828125,7072,0.0,0.0
2024-07-31 10:10:00-04:00,215.86000061035156,216.0850067138672,215.86000061035156,215.9149932861328,3835,0.0,0.0
2024-07-31 10:15:00-04:00,215.9199981689453,216.2449951171875,215.9199981689453,216.2100067138672,3650,0.0,0.0
2024-07-31 10:20:00-04:00,216.2050018310547,216.3800048828125,216.2050018310547,216.3000030517578,6328,0.0,0.0
2024-07-31 10:25:00-04:00,216.25999450683594,217.11000061035156,216.25999450683594,217.11000061035156,3145,0.0,0.0
2024-07-31 10:30:00-04:00,217.03500366210938,217.03500366210938,217.02499389648438,217.02499389648438,2536,0.0,0.0
2024-07-31 10:35:00-04:00,217.02999877929688,217.125,217.02999877929688,217.0500030517578,4574,0.0,0.0
2024-07-31 10:40:00-04:00,217.2100067138672,217.36500549316406,217.0749969482422,217.1699981689453,8396,0.0,0.0
2024-07-31 10:45:00-04:00,217.1199951171875,217.1199951171875,216.89999389648438,216.9499969482422,3320,0.0,0.0
2024-07-31 10:50:00-04:00,216.86000061035156,216.86000061035156,216.6199951171875,216.625,3516,0.0,0.0
2024-07-31 10:55:00-04:00,216.68499755859375,217.16000366210938,216.68499755859375,217.16000366210938,3171,0.0,0.0
2024-07-31 11:00:00-04:00,217.2100067138672,217.6199951171875,217.05999755859375,217.56500244140625,2076,0.0,0.0
2024-07-31 11:05:00-04:00,217.3300018310547,217.67999267578125,217.3300018310547,217.67999267578125,911,0.0,0.0
2024-07-31 11:10:00-04:00,217.625,217.6300048828125,217.53500366210938,217.6300048828125,1200,0.0,0.0
2024-07-31 11:15:00-04:00,217.5749969482422,217.8300018310547,217.4199981689453,217.8300018310547,2854,0.0,0.0
2024-07-31 11:20:00-04:00,217.86000061035156,217.97000122070312,217.77000427246094,217.97000122070312,1414,0.0,0.0
2024-07-31 11:25:00-04:00,217.86000061035156,217.86000061035156,217.64999389648438,217.86000061035156,1002,0.0,0.0
2024-07-31 11:30:00-04:00,217.64999389648438,217.66000366210938,217.52000427246094,217.59500122070312,1753,0.0,0.0
2024-07-31 11:35:00-04:00,217.72000122070312,217.75999450683594,217.53500366210938,217.75999450683594,2019,0.0,0.0
2024-07-31 11:40:00-04:00,217.69000244140625,217.69000244140625,217.5800018310547,217.5800018310547,925,0.0,0.0
2024-07-31 11:45:00-04:00,217.66000366210938,217.8699951171875,217.66000366210938,217.74000549316406,949,0.0,0.0
2024-07-31 11:50:00-04:00,217.9250030517578,217.97999572753906,217.9250030517578,217.97999572753906,1401,0.0,0.0
2024-07-31 11:55:00-04:00,217.80999755859375,217.8300018310547,217.72999572753906,217.8300018310547,2532,0.0,0.0
2024-07-31 12:00:00-04:00,217.73500061035156,217.73500061035156,217.73500061035156,217.73500061035156,486,0.0,0.0
2024-07-31 12:05:00-04:00,217.73500061035156,217.8300018310547,217.69000244140625,217.8300018310547,2876,0.0,0.0
2024-07-31 12:10:00-04:00,217.75,217.97999572753906,217.75,217.97999572753906,1267,0.0,0.0
2024-07-31 12:15:00-04:00,218.0,218.0,217.88499450683594,217.88499450683594,887,0.0,0.0
2024-07-31 12:20:00-04:00,218.00999450683594,218.25999450683594,218.0,218.13999938964844,2643,0.0,0.0
2024-07-31 12:25:00-04:00,218.0399932861328,218.0399932861328,217.9499969482422,217.9550018310547,2064,0.0,0.0
2024-07-31 12:30:00-04:00,218.0500030517578,218.07000732421875,218.02000427246094,218.02000427246094,832,0.0,0.0
2024-07-31 12:35:00-04:00,218.02000427246094,218.10000610351562,218.02000427246094,218.10000610351562,3931,0.0,0.0
2024-07-31 12:40:00-04:00,218.02000427246094,218.02000427246094,217.8000030517578,217.8000030517578,1954,0.0,0.0
2024-07-31 12:45:00-04:00,217.94000244140625,217.94000244140625,217.9199981689453,217.9199981689453,1525,0.0,0.0
2024-07-31 12:50:00-04:00,217.9149932861328,217.9149932861328,217.6699981689453,217.6999969482422,2951,0.0,0.0
2024-07-31 12:55:00-04:00,217.69000244140625,217.69000244140625,217.51499938964844,217.52000427246094,3232,0.0,0.0
2024-07-31 13:00:00-04:00,217.5,217.5,217.3300018310547,217.3300018310547,2856,0.0,0.0
2024-07-31 13:05:00-04:00,217.36000061035156,217.42999267578125,217.25,217.25,2959,0.0,0.0
2024-07-31 13:10:00-04:00,217.17999267578125,217.32000732421875,217.1699981689453,217.1699981689453,3101,0.0,0.0
2024-07-31 13:15:00-04:00,217.17999267578125,217.17999267578125,217.01499938964844,217.01499938964844,1253,0.0,0.0
2024-07-31 13:20:00-04:00,216.9199981689453,217.2100067138672,216.9199981689453,217.1300048828125,6053,0.0,0.0
2024-07-31 13:25:00-04:00,217.10000610351562,217.10000610351562,216.9199981689453,217.00999450683594,1478,0.0,0.0
2024-07-31 13:30:00-04:00,216.9499969482422,216.9600067138672,216.85000610351562,216.85000610351562,2208,0.0,0.0
2024-07-31 13:35:00-04:00,217.0,217.1199951171875,217.0,217.1199951171875,2156,0.0,0.0
2024-07-31 13:40:00-04:00,217.24000549316406,217.38999938964844,217.24000549316406,217.38999938964844,1148,0.0,0.0
2024-07-31 13:45:00-04:00,217.2949981689453,217.41000366210938,217.10000610351562,217.15499877929688,4201,0.0,0.0
2024-07-31 13:50:00-04:00,217.1300048828125,217.25,217.00999450683594,217.13999938964844,4611,0.0,0.0
2024-07-31 13:55:00-04:00,217.13999938964844,217.22999572753906,216.97000122070312,217.0500030517578,4655,0.0,0.0
2024-07-31 14:00:00-04:00,216.88999938964844,217.07000732421875,216.5,217.07000732421875,4275,0.0,0.0
2024-07-31 14:05:00-04:00,217.07000732421875,217.07000732421875,216.9550018310547,216.9550018310547,1773,0.0,0.0
2024-07-31 14:10:00-04:00,217.17999267578125,217.17999267578125,216.9550018310547,217.17999267578125,2212,0.0,0.0
2024-07-31 14:15:00-04:00,217.17999267578125,217.17999267578125,217.14999389648438,217.1699981689453,2535,0.0,0.0
2024-07-31 14:20:00-04:00,217.1699981689453,217.25,217.1699981689453,217.24000549316406,6499,0.0,0.0
2024-07-31 14:25:00-04:00,217.16000366210938,217.2550048828125,217.16000366210938,217.2550048828125,1764,0.0,0.0
2024-07-31 14:30:00-04:00,217.3000030517578,217.5399932861328,217.3000030517578,217.5050048828125,7964,0.0,0.0
2024-07-31 14:35:00-04:00,217.3699951171875,217.4250030517578,217.26499938964844,217.31500244140625,2802,0.0,0.0
2024-07-31 14:40:00-04:00,217.31500244140625,217.49000549316406,217.30499267578125,217.49000549316406,5944,0.0,0.0
2024-07-31 14:45:00-04:00,217.67999267578125,217.97500610351562,217.67999267578125,217.91000366210938,2846,0.0,0.0
2024-07-31 14:50:00-04:00,218.19000244140625,218.3300018310547,218.07000732421875,218.3300018310547,2539,0.0,0.0
2024-07-31 14:55:00-04:00,218.5,218.5800018310547,218.3350067138672,218.5800018310547,3798,0.0,0.0
2024-07-31 15:00:00-04:00,218.44000244140625,218.44000244140625,218.24000549316406,218.24000549316406,3173,0.0,0.0
2024-07-31 15:05:00-04:00,218.14999389648438,218.1999969482422,217.91000366210938,217.91000366210938,1842,0.0,0.0
2024-07-31 15:10:00-04:00,218.00680541992188,218.02999877929688,217.72000122070312,217.88999938964844,4518,0.0,0.0
2024-07-31 15:15:00-04:00,217.99679565429688,218.0,217.6199951171875,217.6199951171875,4173,0.0,0.0
2024-07-31 15:20:00-04:00,217.4600067138672,217.61000061035156,217.28500366210938,217.28500366210938,4383,0.0,0.0
2024-07-31 15:25:00-04:00,217.28500366210938,217.28500366210938,216.92999267578125,217.02499389648438,4237,0.0,0.0
2024-07-31 15:30:00-04:00,216.94000244140625,217.1999969482422,216.85499572753906,217.11000061035156,7756,0.0,0.0
2024-07-31 15:35:00-04:00,217.11500549316406,217.55999755859375,217.11500549316406,217.27999877929688,8850,0.0,0.0
2024-07-31 15:40:00-04:00,217.37600708007812,217.4600067138672,217.15499877929688,217.4600067138672,10038,0.0,0.0
2024-07-31 15:45:00-04:00,217.44000244140625,217.44000244140625,216.5800018310547,216.75999450683594,17723,0.0,0.0
2024-07-31 15:50:00-04:00,216.8699951171875,217.2899932861328,216.5,216.83900451660156,26990,0.0,0.0
2024-07-31 15:55:00-04:00,216.85000610351562,217.32000732421875,216.67999267578125,216.88999938964844,67615,0.0,0.0
2024-08-01 09:30:00-04:00,216.77999877929688,216.77999877929688,216.1999969482422,216.1999969482422,3122,0.0,0.0
2024-08-01 09:35:00-04:00,216.77999877929688,217.41000366210938,216.77999877929688,217.41000366210938,1914,0.0,0.0
2024-08-01 09:40:00-04:00,217.41000366210938,217.41000366210938,217.41000366210938,217.41000366210938,328,0.0,0.0
2024-08-01 09:45:00-04:00,217.4600067138672,217.69500732421875,217.4199981689453,217.4199981689453,7297,0.0,0.0
2024-08-01 09:50:00-04:00,217.4199981689453,217.4499969482422,217.35499572753906,217.35499572753906,1697,0.0,0.0
2024-08-01 09:55:00-04:00,217.30499267578125,217.39999389648438,216.44000244140625,216.92999267578125,12651,0.0,0.0
2024-08-01 10:00:00-04:00,216.92999267578125,217.02000427246094,216.5399932861328,216.85499572753906,11770,0.0,0.0
2024-08-01 10:05:00-04:00,216.84500122070312,216.86000061035156,215.57000732421875,215.57000732421875,9351,0.0,0.0
2024-08-01 10:10:00-04:00,215.72000122070312,216.05999755859375,215.66000366210938,215.75999450683594,4700,0.0,0.0
2024-08-01 10:15:00-04:00,215.5500030517578,215.5500030517578,215.15499877929688,215.15499877929688,2885,0.0,0.0
2024-08-01 10:20:00-04:00,215.125,215.125,214.8699951171875,215.1199951171875,7635,0.0,0.0
2024-08-01 10:25:00-04:00,215.2100067138672,215.48500061035156,215.2100067138672,215.30999755859375,1821,0.0,0.0
2024-08-01 10:30:00-04:00,215.08999633789062,215.08999633789062,214.86000061035156,214.89500427246094,8685,0.0,0.0
2024-08-01 10:35:00-04:00,214.72000122070312,214.72000122070312,214.38999938964844,214.4499969482422,5356,0.0,0.0
2024-08-01 10:45:00-04:00,214.5399932861328,214.5399932861328,214.3000030517578,214.46119689941406,1921,0.0,0.0
2024-08-01 10:50:00-04:00,214.4600067138672,214.4600067138672,213.9824981689453,214.08999633789062,4916,0.0,0.0
2024-08-01 10:55:00-04:00,214.10499572753906,214.2449951171875,213.9600067138672,213.9600067138672,7465,0.0,0.0
2024-08-01 11:00:00-04:00,213.86000061035156,214.14500427246094,213.57000732421875,213.57000732421875,9889,0.0,0.0
2024-08-01 11:05:00-04:00,213.6300048828125,213.72999572753906,213.25999450683594,213.30499267578125,13992,0.0,0.0
2024-08-01 11:10:00-04:00,213.67999267578125,213.67999267578125,213.27000427246094,213.40499877929688,5013,0.0,0.0
2024-08-01 11:15:00-04:00,213.44000244140625,213.72999572753906,213.42999267578125,213.72999572753906,2728,0.0,0.0
2024-08-01 11:20:00-04:00,213.6300048828125,213.6300048828125,213.43499755859375,213.47500610351562,1920,0.0,0.0
2024-08-01 11:25:00-04:00,213.60000610351562,213.60000610351562,213.38999938964844,213.38999938964844,1135,0.0,0.0
2024-08-01 11:30:00-04:00,213.49000549316406,213.59500122070312,213.41000366210938,213.47000122070312,3910,0.0,0.0
2024-08-01 11:35:00-04:00,213.47000122070312,213.47000122070312,213.01499938964844,213.25,3476,0.0,0.0
2024-08-01 11:40:00-04:00,213.2899932861328,213.35000610351562,213.13999938964844,213.35000610351562,5259,0.0,0.0
2024-08-01 11:45:00-04:00,213.19000244140625,213.25999450683594,213.13999938964844,213.25999450683594,1533,0.0,0.0
2024-08-01 11:50:00-04:00,213.35000610351562,213.38999938964844,213.17999267578125,213.27000427246094,9708,0.0,0.0
2024-08-01 11:55:00-04:00,213.38499450683594,213.4600067138672,213.1800994873047,213.25999450683594,5040,0.0,0.0
2024-08-01 12:00:00-04:00,213.27000427246094,213.33999633789062,213.19000244140625,213.22000122070312,4298,0.0,0.0
2024-08-01 12:05:00-04:00,213.1699981689453,213.3699951171875,213.14999389648438,213.3699951171875,2645,0.0,0.0
2024-08-01 12:10:00-04:00,213.3300018310547,213.3300018310547,213.09500122070312,213.09500122070312,2046,0.0,0.0
2024-08-01 12:15:00-04:00,213.25,213.47999572753906,213.16000366210938,213.3300018310547,5621,0.0,0.0
2024-08-01 12:20:00-04:00,213.32000732421875,213.32000732421875,213.0399932861328,213.0399932861328,1497,0.0,0.0
2024-08-01 12:25:00-04:00,212.85499572753906,213.1699981689453,212.85499572753906,213.1649932861328,2231,0.0,0.0
2024-08-01 12:30:00-04:00,213.1649932861328,213.1649932861328,213.0,213.0,2452,0.0,0.0
2024-08-01 12:35:00-04:00,213.0399932861328,213.0399932861328,212.83999633789062,212.83999633789062,2207,0.0,0.0
2024-08-01 12:40:00-04:00,212.81500244140625,212.8800048828125,212.6999969482422,212.6999969482422,1775,0.0,0.0
2024-08-01 12:45:00-04:00,212.6999969482422,212.6999969482422,212.6999969482422,212.6999969482422,634,0.0,0.0
2024-08-01 12:50:00-04:00,212.69000244140625,212.96499633789062,212.47500610351562,212.88999938964844,6460,0.0,0.0
2024-08-01 12:55:00-04:00,212.8300018310547,212.8300018310547,212.77000427246094,212.77000427246094,445,0.0,0.0
2024-08-01 13:00:00-04:00,212.77000427246094,212.77000427246094,212.5800018310547,212.61500549316406,1554,0.0,0.0
2024-08-01 13:05:00-04:00,212.625,212.69000244140625,212.60499572753906,212.69000244140625,780,0.0,0.0
2024-08-01 13:10:00-04:00,212.69000244140625,212.90499877929688,212.6300048828125,212.8800048828125,4437,0.0,0.0
2024-08-01 13:15:00-04:00,212.6699981689453,213.02000427246094,212.66000366210938,212.85000610351562,2634,0.0,0.0
2024-08-01 13:20:00-04:00,212.89500427246094,212.9550018310547,212.89500427246094,212.9550018310547,1175,0.0,0.0
2024-08-01 13:25:00-04:00,213.0800018310547,213.0800018310547,213.0800018310547,213.0800018310547,358,0.0,0.0
2024-08-01 13:30:00-04:00,213.03500366210938,213.03500366210938,212.92999267578125,213.02999877929688,3455,0.0,0.0
2024-08-01 13:35:00-04:00,213.02999877929688,213.13250732421875,212.9199981689453,213.1300048828125,2641,0.0,0.0
2024-08-01 13:40:00-04:00,213.14999389648438,213.218994140625,213.0050048828125,213.0050048828125,4663,0.0,0.0
2024-08-01 13:45:00-04:00,213.01499938964844,213.02999877929688,212.88999938964844,213.02999877929688,1404,0.0,0.0
2024-08-01 13:50:00-04:00,212.88999938964844,213.1300048828125,212.88999938964844,213.1300048828125,2592,0.0,0.0
2024-08-01 13:55:00-04:00,213.22000122070312,213.22000122070312,212.83999633789062,213.07000732421875,4528,0.0,0.0
2024-08-01 14:00:00-04:00,212.98500061035156,212.98500061035156,212.6699981689453,212.6699981689453,2498,0.0,0.0
2024-08-01 14:05:00-04:00,212.52000427246094,212.7100067138672,212.50999450683594,212.64999389648438,4103,0.0,0.0
2024-08-01 14:10:00-04:00,212.5,212.55999755859375,212.36419677734375,212.4949951171875,1668,0.0,0.0
2024-08-01 14:15:00-04:00,212.5800018310547,212.5800018310547,212.52000427246094,212.52000427246094,3130,0.0,0.0
2024-08-01 14:20:00-04:00,212.6699981689453,212.77999877929688,212.6699981689453,212.6999969482422,3353,0.0,0.0
2024-08-01 14:25:00-04:00,212.52999877929688,212.52999877929688,212.3000030517578,212.4199981689453,2743,0.0,0.0
2024-08-01 14:30:00-04:00,212.41000366210938,212.41000366210938,212.26499938964844,212.26499938964844,1946,0.0,0.0
2024-08-01 14:35:00-04:00,212.30999755859375,212.3800048828125,212.2100067138672,212.30999755859375,2783,0.0,0.0
2024-08-01 14:40:00-04:00,212.41000366210938,212.4199981689453,212.22000122070312,212.22000122070312,4537,0.0,0.0
2024-08-01 14:45:00-04:00,212.26499938964844,212.26499938964844,212.26499938964844,212.26499938964844,647,0.0,0.0
2024-08-01 14:50:00-04:00,212.27999877929688,212.38999938964844,212.27999877929688,212.30999755859375,4557,0.0,0.0
2024-08-01 14:55:00-04:00,212.27999877929688,212.41000366210938,212.25,212.27499389648438,3552,0.0,0.0
2024-08-01 15:00:00-04:00,212.27499389648438,212.2899932861328,212.16000366210938,212.22000122070312,4673,0.0,0.0
2024-08-01 15:05:00-04:00,212.21499633789062,212.67999267578125,212.14999389648438,212.52999877929688,24534,0.0,0.0
2024-08-01 15:10:00-04:00,212.3300018310547,212.5500030517578,212.3300018310547,212.49000549316406,6198,0.0,0.0
2024-08-01 15:15:00-04:00,212.49000549316406,212.67999267578125,212.49000549316406,212.67999267578125,2053,0.0,0.0
2024-08-01 15:20:00-04:00,212.72000122070312,212.8000030517578,212.63999938964844,212.7949981689453,3591,0.0,0.0
2024-08-01 15:25:00-04:00,212.875,212.9949951171875,212.875,212.91000366210938,4612,0.0,0.0
2024-08-01 15:30:00-04:00,212.97999572753906,213.0850067138672,212.9149932861328,213.02999877929688,5472,0.0,0.0
2024-08-01 15:35:00-04:00,213.17999267578125,213.25999450683594,213.0399932861328,213.25999450683594,7789,0.0,0.0
2024-08-01 15:40:00-04:00,213.27999877929688,213.30999755859375,213.17999267578125,213.21499633789062,4544,0.0,0.0
2024-08-01 15:45:00-04:00,213.13999938964844,213.41000366210938,213.13999938964844,213.41000366210938,10303,0.0,0.0
2024-08-01 15:50:00-04:00,213.41000366210938,213.77000427246094,213.2100067138672,213.30999755859375,18503,0.0,0.0
2024-08-01 15:55:00-04:00,213.36000061035156,214.05999755859375,213.36000061035156,214.0500030517578,65248,0.0,0.0
2024-08-02 09:30:00-04:00,212.52000427246094,212.52000427246094,210.5,211.10499572753906,9054,0.0,0.0
2024-08-02 09:35:00-04:00,211.17999267578125,211.17999267578125,210.32000732421875,210.7550048828125,2862,0.0,0.0
2024-08-02 09:40:00-04:00,210.4499969482422,210.85499572753906,210.4499969482422,210.4499969482422,4028,0.0,0.0
2024-08-02 09:45:00-04:00,210.69000244140625,210.69000244140625,209.6300048828125,210.02000427246094,5329,0.0,0.0
2024-08-02 09:50:00-04:00,210.21499633789062,210.3000030517578,209.9199981689453,209.96499633789062,6061,0.0,0.0
2024-08-02 09:55:00-04:00,209.35499572753906,209.77999877929688,209.35499572753906,209.3800048828125,3963,0.0,0.0
2024-08-02 10:00:00-04:00,209.6300048828125,210.00999450683594,209.6300048828125,209.9499969482422,3732,0.0,0.0
2024-08-02 10:05:00-04:00,209.97500610351562,210.02999877929688,209.1999969482422,209.27000427246094,5249,0.0,0.0
2024-08-02 10:10:00-04:00,209.2050018310547,209.2050018310547,208.0399932861328,208.0399932861328,3847,0.0,0.0
2024-08-02 10:15:00-04:00,208.30499267578125,208.5,208.03500366210938,208.0399932861328,4776,0.0,0.0
2024-08-02 10:20:00-04:00,207.58999633789062,207.875,207.58999633789062,207.6199951171875,12807,0.0,0.0
2024-08-02 10:25:00-04:00,207.61000061035156,208.0,207.61000061035156,207.83999633789062,3535,0.0,0.0
2024-08-02 10:30:00-04:00,207.82000732421875,208.23500061035156,207.82000732421875,208.23500061035156,4413,0.0,0.0
2024-08-02 10:35:00-04:00,207.97000122070312,208.3524932861328,207.97000122070312,208.0800018310547,3753,0.0,0.0
2024-08-02 10:40:00-04:00,208.0,208.11500549316406,208.0,208.0399932861328,1800,0.0,0.0
2024-08-02 10:45:00-04:00,207.8800048828125,207.8800048828125,207.57000732421875,207.57000732421875,8605,0.0,0.0
2024-08-02 10:50:00-04:00,207.71499633789062,208.57000732421875,207.71499633789062,208.10000610351562,6385,0.0,0.0
2024-08-02 10:55:00-04:00,208.35499572753906,208.44500732421875,208.1199951171875,208.23500061035156,2957,0.0,0.0
2024-08-02 11:00:00-04:00,208.23500061035156,208.35989379882812,208.08999633789062,208.16000366210938,4145,0.0,0.0
2024-08-02 11:05:00-04:00,208.23500061035156,208.23500061035156,208.23500061035156,208.23500061035156,1285,0.0,0.0
2024-08-02 11:10:00-04:00,208.3699951171875,208.66000366210938,208.30999755859375,208.5449981689453,3153,0.0,0.0
2024-08-02 11:15:00-04:00,208.5500030517578,209.08419799804688,208.5500030517578,208.75,2694,0.0,0.0
2024-08-02 11:20:00-04:00,208.72999572753906,208.7899932861328,208.60000610351562,208.72999572753906,3839,0.0,0.0
2024-08-02 11:25:00-04:00,208.52000427246094,208.68499755859375,208.33999633789062,208.68499755859375,3796,0.0,0.0
2024-08-02 11:30:00-04:00,208.52999877929688,208.52999877929688,208.4250030517578,208.4250030517578,1129,0.0,0.0
2024-08-02 11:35:00-04:00,208.44500732421875,208.75,208.44500732421875,208.63999938964844,4876,0.0,0.0
2024-08-02 11:40:00-04:00,208.78500366210938,209.25819396972656,208.739501953125,209.1750030517578,6214,0.0,0.0
2024-08-02 11:45:00-04:00,209.49000549316406,209.72000122070312,209.49000549316406,209.72000122070312,804,0.0,0.0
2024-08-02 11:50:00-04:00,209.77499389648438,209.77499389648438,209.33999633789062,209.4199981689453,5196,0.0,0.0
2024-08-02 11:55:00-04:00,209.5399932861328,209.5399932861328,209.33999633789062,209.33999633789062,1894,0.0,0.0
2024-08-02 12:00:00-04:00,209.43499755859375,209.6300048828125,209.33999633789062,209.6300048828125,4810,0.0,0.0
2024-08-02 12:05:00-04:00,209.6300048828125,210.00999450683594,209.6300048828125,210.00999450683594,6525,0.0,0.0
2024-08-02 12:10:00-04:00,209.8300018310547,209.8300018310547,209.43499755859375,209.61000061035156,5671,0.0,0.0
2024-08-02 12:15:00-04:00,209.51499938964844,209.6699981689453,209.51499938964844,209.5449981689453,1821,0.0,0.0
2024-08-02 12:20:00-04:00,209.6199951171875,209.6999969482422,209.375,209.47999572753906,2881,0.0,0.0
2024-08-02 12:25:00-04:00,209.4949951171875,209.4949951171875,209.32000732421875,209.32000732421875,6227,0.0,0.0
2024-08-02 12:30:00-04:00,209.36000061035156,209.44000244140625,209.3300018310547,209.39999389648438,4739,0.0,0.0
2024-08-02 12:35:00-04:00,209.4149932861328,209.52000427246094,209.4149932861328,209.52000427246094,4182,0.0,0.0
2024-08-02 12:40:00-04:00,209.71499633789062,210.02999877929688,209.6199951171875,210.02999877929688,3139,0.0,0.0
2024-08-02 12:45:00-04:00,209.97999572753906,210.0,209.8300018310547,210.0,2574,0.0,0.0
2024-08-02 12:50:00-04:00,209.82000732421875,209.94500732421875,209.47999572753906,209.47999572753906,4629,0.0,0.0
2024-08-02 12:55:00-04:00,209.3000030517578,209.3000030517578,209.1199951171875,209.1199951171875,1003,0.0,0.0
2024-08-02 13:00:00-04:00,209.16000366210938,209.28500366210938,209.14999389648438,209.15499877929688,2307,0.0,0.0
2024-08-02 13:05:00-04:00,209.0500030517578,209.42999267578125,209.0500030517578,209.42999267578125,2841,0.0,0.0
2024-08-02 13:10:00-04:00,209.58999633789062,209.75999450683594,209.58999633789062,209.75999450683594,747,0.0,0.0
2024-08-02 13:15:00-04:00,209.625,209.80499267578125,209.625,209.80499267578125,1174,0.0,0.0
2024-08-02 13:20:00-04:00,209.69000244140625,209.71499633789062,209.5399932861328,209.5399932861328,2631,0.0,0.0
2024-08-02 13:25:00-04:00,209.7899932861328,209.8000030517578,209.7550048828125,209.8000030517578,1848,0.0,0.0
2024-08-02 13:30:00-04:00,209.8350067138672,209.8350067138672,209.64999389648438,209.64999389648438,3793,0.0,0.0
2024-08-02 13:35:00-04:00,209.58999633789062,209.60000610351562,209.23500061035156,209.27999877929688,9147,0.0,0.0
2024-08-02 13:40:00-04:00,209.2899932861328,209.4929962158203,209.14999389648438,209.31500244140625,13411,0.0,0.0
2024-08-02 13:45:00-04:00,209.3800048828125,209.55499267578125,209.3800048828125,209.55499267578125,2234,0.0,0.0
2024-08-02 13:50:00-04:00,209.46499633789062,209.77000427246094,209.46499633789062,209.47999572753906,3527,0.0,0.0
2024-08-02 13:55:00-04:00,209.60989379882812,209.6699981689453,209.4949951171875,209.5449981689453,949,0.0,0.0
2024-08-02 14:00:00-04:00,209.4199981689453,209.4199981689453,209.28900146484375,209.28900146484375,1325,0.0,0.0
2024-08-02 14:05:00-04:00,209.47500610351562,209.7899932861328,209.47500610351562,209.68499755859375,3415,0.0,0.0
2024-08-02 14:10:00-04:00,209.69000244140625,209.69000244140625,209.47000122070312,209.47500610351562,3940,0.0,0.0
2024-08-02 14:15:00-04:00,209.5399932861328,210.0800018310547,209.5399932861328,210.0800018310547,4494,0.0,0.0
2024-08-02 14:20:00-04:00,210.09500122070312,210.30999755859375,210.09500122070312,210.16000366210938,3222,0.0,0.0
2024-08-02 14:25:00-04:00,210.15499877929688,210.36500549316406,210.15499877929688,210.2449951171875,3934,0.0,0.0
2024-08-02 14:30:00-04:00,210.32000732421875,210.5399932861328,210.27499389648438,210.53500366210938,2939,0.0,0.0
2024-08-02 14:35:00-04:00,210.39999389648438,210.39999389648438,210.27000427246094,210.27000427246094,1997,0.0,0.0
2024-08-02 14:40:00-04:00,210.35499572753906,210.57000732421875,210.35499572753906,210.57000732421875,3370,0.0,0.0
2024-08-02 14:45:00-04:00,210.47999572753906,210.47999572753906,210.30999755859375,210.47500610351562,4011,0.0,0.0
2024-08-02 14:50:00-04:00,210.41000366210938,210.47000122070312,210.375,210.3800048828125,2938,0.0,0.0
2024-08-02 14:55:00-04:00,210.4600067138672,210.63999938964844,210.4199981689453,210.5800018310547,4910,0.0,0.0
2024-08-02 15:00:00-04:00,210.63499450683594,210.85000610351562,210.63499450683594,210.78500366210938,2380,0.0,0.0
2024-08-02 15:05:00-04:00,210.7100067138672,210.7100067138672,210.4199981689453,210.4199981689453,4682,0.0,0.0
2024-08-02 15:10:00-04:00,210.33999633789062,210.3699951171875,210.32000732421875,210.3699951171875,1979,0.0,0.0
2024-08-02 15:15:00-04:00,210.47000122070312,210.47000122070312,210.11000061035156,210.14999389648438,5461,0.0,0.0
2024-08-02 15:20:00-04:00,210.15499877929688,210.15499877929688,209.82000732421875,209.9499969482422,12843,0.0,0.0
2024-08-02 15:25:00-04:00,209.9499969482422,210.02999877929688,209.88499450683594,209.9499969482422,7868,0.0,0.0
2024-08-02 15:30:00-04:00,210.0,210.2899932861328,209.9149932861328,209.9250030517578,15937,0.0,0.0
2024-08-02 15:35:00-04:00,209.93499755859375,210.0050048828125,209.35000610351562,209.35000610351562,10653,0.0,0.0
2024-08-02 15:40:00-04:00,209.3000030517578,209.875,209.0800018310547,209.875,14807,0.0,0.0
2024-08-02 15:45:00-04:00,209.85000610351562,210.42999267578125,209.82000732421875,210.3699951171875,15158,0.0,0.0
2024-08-02 15:50:00-04:00,210.3800048828125,210.48500061035156,210.10000610351562,210.1999969482422,25467,0.0,0.0
2024-08-02 15:55:00-04:00,210.1750030517578,210.83999633789062,210.1750030517578,210.4199981689453,56900,0.0,0.0
2024-08-05 09:30:00-04:00,211.11000061035156,211.11000061035156,208.5,208.5,1416,0.0,0.0
2024-08-05 09:35:00-04:00,206.36000061035156,207.0500030517578,203.0800018310547,203.27999877929688,15446,0.0,0.0
2024-08-05 09:40:00-04:00,203.5,205.17030334472656,202.88999938964844,203.60000610351562,17271,0.0,0.0
2024-08-05 09:45:00-04:00,204.32000732421875,204.3350067138672,204.32000732421875,204.3350067138672,659,0.0,0.0
2024-08-05 09:50:00-04:00,204.4600067138672,205.25999450683594,203.16000366210938,203.41000366210938,13260,0.0,0.0
2024-08-05 09:55:00-04:00,203.0,203.0,202.39500427246094,202.6699981689453,5038,0.0,0.0
2024-08-05 10:00:00-04:00,203.2449951171875,204.48500061035156,203.2449951171875,204.35499572753906,6613,0.0,0.0
2024-08-05 10:05:00-04:00,203.89999389648438,204.52000427246094,203.61500549316406,203.90499877929688,4000,0.0,0.0
2024-08-05 10:10:00-04:00,203.21499633789062,203.25,203.21499633789062,203.22999572753906,1204,0.0,0.0
2024-08-05 10:15:00-04:00,203.05999755859375,203.75999450683594,202.82000732421875,203.44000244140625,5481,0.0,0.0
2024-08-05 10:20:00-04:00,203.24000549316406,203.24000549316406,203.24000549316406,203.24000549316406,472,0.0,0.0
2024-08-05 10:25:00-04:00,203.5500030517578,203.86000061035156,202.94000244140625,202.94000244140625,2698,0.0,0.0
2024-08-05 10:30:00-04:00,202.4499969482422,203.3800048828125,202.4499969482422,203.3800048828125,5424,0.0,0.0
2024-08-05 10:35:00-04:00,203.3800048828125,203.42999267578125,202.55499267578125,202.55999755859375,3005,0.0,0.0
2024-08-05 10:40:00-04:00,202.47999572753906,202.47999572753906,202.0,202.08999633789062,4159,0.0,0.0
2024-08-05 10:45:00-04:00,202.4199981689453,202.55999755859375,202.23500061035156,202.23500061035156,3002,0.0,0.0
2024-08-05 10:50:00-04:00,202.23500061035156,202.88499450683594,202.23500061035156,202.88499450683594,2669,0.0,0.0
2024-08-05 10:55:00-04:00,202.6199951171875,202.6199951171875,202.3000030517578,202.3000030517578,1787,0.0,0.0
2024-08-05 11:00:00-04:00,202.0399932861328,202.04249572753906,201.7899932861328,201.97000122070312,8435,0.0,0.0
2024-08-05 11:05:00-04:00,201.9199981689453,202.3800048828125,201.9199981689453,202.125,11743,0.0,0.0
2024-08-05 11:10:00-04:00,202.1199951171875,202.38999938964844,201.8000030517578,202.02000427246094,13192,0.0,0.0
2024-08-05 11:15:00-04:00,202.1300048828125,202.3000030517578,202.05999755859375,202.14999389648438,4397,0.0,0.0
2024-08-05 11:20:00-04:00,202.0399932861328,202.375,201.67999267578125,202.0,4073,0.0,0.0
2024-08-05 11:25:00-04:00,202.1649932861328,202.7100067138672,202.1649932861328,202.42999267578125,4468,0.0,0.0
2024-08-05 11:30:00-04:00,202.27000427246094,202.44000244140625,202.2373046875,202.42999267578125,4633,0.0,0.0
2024-08-05 11:35:00-04:00,202.5800018310547,203.05999755859375,202.38999938964844,202.89999389648438,10482,0.0,0.0
2024-08-05 11:40:00-04:00,203.08999633789062,203.10000610351562,203.08999633789062,203.10000610351562,1139,0.0,0.0
2024-08-05 11:45:00-04:00,202.9499969482422,203.36000061035156,202.8800048828125,203.2899932861328,4514,0.0,0.0
2024-08-05 11:50:00-04:00,202.91000366210938,203.57000732421875,202.85499572753906,203.57000732421875,14922,0.0,0.0
2024-08-05 11:55:00-04:00,203.61000061035156,204.13999938964844,203.55999755859375,203.9550018310547,5618,0.0,0.0
2024-08-05 12:00:00-04:00,203.8800048828125,204.0399932861328,203.64999389648438,203.94000244140625,2880,0.0,0.0
2024-08-05 12:05:00-04:00,203.72000122070312,203.72000122070312,203.72000122070312,203.72000122070312,440,0.0,0.0
2024-08-05 12:10:00-04:00,203.99000549316406,204.25120544433594,203.61000061035156,203.61000061035156,1666,0.0,0.0
2024-08-05 12:15:00-04:00,203.9550018310547,203.9550018310547,203.9550018310547,203.9550018310547,761,0.0,0.0
2024-08-05 12:20:00-04:00,204.25799560546875,204.25799560546875,203.75,204.08999633789062,3268,0.0,0.0
2024-08-05 12:25:00-04:00,204.41000366210938,204.41000366210938,203.88999938964844,204.0850067138672,4262,0.0,0.0
2024-08-05 12:30:00-04:00,204.0500030517578,204.10000610351562,203.5749969482422,203.5800018310547,5636,0.0,0.0
2024-08-05 12:35:00-04:00,203.36000061035156,203.44000244140625,203.2100067138672,203.2100067138672,1013,0.0,0.0
2024-08-05 12:40:00-04:00,203.4199981689453,203.44000244140625,202.5749969482422,202.6374969482422,6115,0.0,0.0
2024-08-05 12:45:00-04:00,202.55999755859375,202.61000061035156,202.3800048828125,202.4499969482422,2617,0.0,0.0
2024-08-05 12:50:00-04:00,202.41000366210938,202.5399932861328,202.0850067138672,202.47500610351562,5369,0.0,0.0
2024-08-05 12:55:00-04:00,202.41000366210938,202.9600067138672,202.41000366210938,202.84500122070312,2588,0.0,0.0
2024-08-05 13:00:00-04:00,203.22000122070312,203.22000122070312,202.6199951171875,202.6300048828125,2456,0.0,0.0
2024-08-05 13:05:00-04:00,202.6199951171875,203.1699981689453,202.5749969482422,203.1699981689453,2103,0.0,0.0
2024-08-05 13:10:00-04:00,203.07000732421875,203.07000732421875,202.69500732421875,202.69500732421875,2928,0.0,0.0
2024-08-05 13:15:00-04:00,202.9199981689453,203.02000427246094,202.77999877929688,202.85000610351562,3395,0.0,0.0
2024-08-05 13:20:00-04:00,202.91000366210938,203.05499267578125,202.88999938964844,202.88999938964844,4010,0.0,0.0
2024-08-05 13:25:00-04:00,203.0800018310547,203.2449951171875,202.99000549316406,202.99000549316406,3701,0.0,0.0
2024-08-05 13:30:00-04:00,203.05999755859375,203.0749969482422,202.85000610351562,202.9149932861328,4178,0.0,0.0
2024-08-05 13:35:00-04:00,202.93499755859375,203.3699951171875,202.91000366210938,203.3699951171875,4520,0.0,0.0
2024-08-05 13:40:00-04:00,203.3800048828125,203.3800048828125,202.9499969482422,203.0050048828125,6285,0.0,0.0
2024-08-05 13:45:00-04:00,202.8300018310547,202.9199981689453,202.8300018310547,202.9199981689453,924,0.0,0.0
2024-08-05 13:50:00-04:00,202.72999572753906,202.9199981689453,202.6999969482422,202.8000030517578,5701,0.0,0.0
2024-08-05 13:55:00-04:00,202.52499389648438,202.5449981689453,202.3300018310547,202.3350067138672,2135,0.0,0.0
2024-08-05 14:00:00-04:00,202.25,202.34500122070312,202.0500030517578,202.13999938964844,5766,0.0,0.0
2024-08-05 14:05:00-04:00,202.0500030517578,202.27999877929688,202.0500030517578,202.27999877929688,2968,0.0,0.0
2024-08-05 14:10:00-04:00,202.5,202.58999633789062,202.13499450683594,202.13499450683594,3452,0.0,0.0
2024-08-05 14:15:00-04:00,202.35000610351562,202.47000122070312,202.30999755859375,202.30999755859375,2421,0.0,0.0
2024-08-05 14:20:00-04:00,202.5,202.6649932861328,202.32000732421875,202.6649932861328,4949,0.0,0.0
2024-08-05 14:25:00-04:00,202.57000732421875,202.57000732421875,202.57000732421875,202.57000732421875,1065,0.0,0.0
2024-08-05 14:30:00-04:00,202.72500610351562,202.73680114746094,202.51499938964844,202.73680114746094,4422,0.0,0.0
2024-08-05 14:35:00-04:00,202.72500610351562,202.82000732421875,202.3699951171875,202.3699951171875,3282,0.0,0.0
2024-08-05 14:40:00-04:00,202.27999877929688,202.41000366210938,202.27999877929688,202.36000061035156,2097,0.0,0.0
2024-08-05 14:45:00-04:00,202.30999755859375,202.30999755859375,202.2449951171875,202.27000427246094,4219,0.0,0.0
2024-08-05 14:50:00-04:00,202.4600067138672,202.75999450683594,202.4600067138672,202.6199951171875,2260,0.0,0.0
2024-08-05 14:55:00-04:00,202.5399932861328,202.64999389648438,202.35000610351562,202.35000610351562,4095,0.0,0.0
2024-08-05 15:00:00-04:00,202.30999755859375,202.39999389648438,202.0500030517578,202.27000427246094,3940,0.0,0.0
2024-08-05 15:05:00-04:00,202.24000549316406,202.3863983154297,202.19000244140625,202.19000244140625,3244,0.0,0.0
2024-08-05 15:10:00-04:00,202.1199951171875,202.1300048828125,201.91000366210938,201.97000122070312,3302,0.0,0.0
2024-08-05 15:15:00-04:00,201.9499969482422,202.1300048828125,201.75,201.75,3496,0.0,0.0
2024-08-05 15:20:00-04:00,201.8699951171875,202.02000427246094,201.6999969482422,201.89999389648438,6202,0.0,0.0
2024-08-05 15:25:00-04:00,201.89999389648438,201.97999572753906,201.7899932861328,201.80999755859375,5628,0.0,0.0
2024-08-05 15:30:00-04:00,201.80999755859375,201.88999938964844,201.60000610351562,201.84500122070312,8464,0.0,0.0
2024-08-05 15:35:00-04:00,201.81089782714844,202.16000366210938,201.75999450683594,202.07000732421875,10979,0.0,0.0
2024-08-05 15:40:00-04:00,202.07000732421875,202.08999633789062,201.6300048828125,201.7949981689453,9989,0.0,0.0
2024-08-05 15:45:00-04:00,201.69000244140625,201.69000244140625,201.22000122070312,201.22000122070312,17458,0.0,0.0
2024-08-05 15:50:00-04:00,201.3000030517578,202.1300048828125,201.3000030517578,202.0,43859,0.0,0.0
2024-08-05 15:55:00-04:00,202.13999938964844,202.3699951171875,201.83999633789062,202.3300018310547,63772,0.0,0.0
2024-08-06 09:30:00-04:00,202.7100067138672,202.7100067138672,201.72000122070312,201.97000122070312,3409,0.0,0.0
2024-08-06 09:35:00-04:00,203.07000732421875,204.4499969482422,202.67999267578125,204.4499969482422,3391,0.0,0.0
2024-08-06 09:40:00-04:00,205.0,205.25999450683594,204.75999450683594,205.25999450683594,2238,0.0,0.0
2024-08-06 09:45:00-04:00,204.75999450683594,205.51499938964844,204.75999450683594,205.51499938964844,2678,0.0,0.0
2024-08-06 09:50:00-04:00,206.24000549316406,206.3859405517578,205.76499938964844,206.3859405517578,2194,0.0,0.0
2024-08-06 09:55:00-04:00,206.36000061035156,207.0050048828125,206.36000061035156,207.0050048828125,3256,0.0,0.0
2024-08-06 10:00:00-04:00,207.05499267578125,207.2100067138672,206.5399932861328,206.84500122070312,5944,0.0,0.0
2024-08-06 10:05:00-04:00,207.0399932861328,207.66000366210938,207.02999877929688,207.5500030517578,9300,0.0,0.0
2024-08-06 10:10:00-04:00,207.7899932861328,207.7899932861328,207.41000366210938,207.4600067138672,8808,0.0,0.0
2024-08-06 10:15:00-04:00,207.52999877929688,207.53500366210938,207.14999389648438,207.2899932861328,10954,0.0,0.0
2024-08-06 10:20:00-04:00,207.4149932861328,207.8000030517578,207.4149932861328,207.8000030517578,3578,0.0,0.0
2024-08-06 10:25:00-04:00,208.07000732421875,208.07000732421875,207.30999755859375,207.30999755859375,3318,0.0,0.0
2024-08-06 10:30:00-04:00,207.2100067138672,207.39999389648438,207.0717010498047,207.0717010498047,4946,0.0,0.0
2024-08-06 10:35:00-04:00,207.80999755859375,207.80999755859375,207.42999267578125,207.42999267578125,1806,0.0,0.0
2024-08-06 10:40:00-04:00,207.7899932861328,208.39999389648438,207.7899932861328,208.0500030517578,9711,0.0,0.0
2024-08-06 10:45:00-04:00,207.92999267578125,208.22999572753906,207.8800048828125,208.0749969482422,4801,0.0,0.0
2024-08-06 10:50:00-04:00,207.97000122070312,208.13999938964844,207.68499755859375,208.13999938964844,3315,0.0,0.0
2024-08-06 10:55:00-04:00,207.92999267578125,207.92999267578125,207.77499389648438,207.77499389648438,1880,0.0,0.0
2024-08-06 11:00:00-04:00,207.72500610351562,207.99000549316406,207.64500427246094,207.8699951171875,1692,0.0,0.0
2024-08-06 11:05:00-04:00,207.86000061035156,207.86000061035156,207.3800048828125,207.3800048828125,2156,0.0,0.0
2024-08-06 11:10:00-04:00,207.25,207.54469299316406,206.8249969482422,207.07000732421875,2863,0.0,0.0
2024-08-06 11:15:00-04:00,207.05999755859375,207.05999755859375,206.64999389648438,206.75999450683594,1864,0.0,0.0
2024-08-06 11:20:00-04:00,206.55999755859375,206.75999450683594,206.44000244140625,206.4499969482422,3575,0.0,0.0
2024-08-06 11:25:00-04:00,206.61000061035156,206.61000061035156,206.44000244140625,206.44000244140625,2425,0.0,0.0
2024-08-06 11:30:00-04:00,206.52999877929688,207.19000244140625,206.5,207.05999755859375,7386,0.0,0.0
2024-08-06 11:35:00-04:00,207.05999755859375,207.05999755859375,206.72000122070312,207.0050048828125,8520,0.0,0.0
2024-08-06 11:40:00-04:00,207.0,207.0,206.52499389648438,206.61000061035156,3466,0.0,0.0
2024-08-06 11:45:00-04:00,206.61000061035156,206.86500549316406,206.52000427246094,206.83999633789062,3952,0.0,0.0
2024-08-06 11:50:00-04:00,206.9199981689453,207.16000366210938,206.75999450683594,207.14999389648438,3834,0.0,0.0
2024-08-06 11:55:00-04:00,207.16000366210938,207.36500549316406,207.14999389648438,207.25999450683594,1462,0.0,0.0
2024-08-06 12:00:00-04:00,207.25,207.28500366210938,207.14999389648438,207.14999389648438,2200,0.0,0.0
2024-08-06 12:05:00-04:00,207.14500427246094,207.21499633789062,207.0500030517578,207.0500030517578,1986,0.0,0.0
2024-08-06 12:10:00-04:00,207.07000732421875,207.2449951171875,206.9499969482422,207.2449951171875,5166,0.0,0.0
2024-08-06 12:15:00-04:00,207.24000549316406,207.3000030517578,207.08999633789062,207.22000122070312,2289,0.0,0.0
2024-08-06 12:20:00-04:00,207.0500030517578,207.13999938964844,207.0,207.13999938964844,1348,0.0,0.0
2024-08-06 12:25:00-04:00,207.03500366210938,207.16000366210938,207.03500366210938,207.16000366210938,2793,0.0,0.0
2024-08-06 12:30:00-04:00,207.14500427246094,207.14500427246094,207.02999877929688,207.0850067138672,1061,0.0,0.0
2024-08-06 12:35:00-04:00,206.9600067138672,206.97999572753906,206.91000366210938,206.97999572753906,3153,0.0,0.0
2024-08-06 12:40:00-04:00,207.11500549316406,207.25,207.11500549316406,207.25,524,0.0,0.0
2024-08-06 12:45:00-04:00,207.17999267578125,207.17999267578125,206.91000366210938,207.00999450683594,1930,0.0,0.0
2024-08-06 12:50:00-04:00,206.97999572753906,207.05999755859375,206.97999572753906,207.02499389648438,3859,0.0,0.0
2024-08-06 12:55:00-04:00,207.0,207.0,206.77000427246094,206.77000427246094,1795,0.0,0.0
2024-08-06 13:00:00-04:00,206.8350067138672,206.97999572753906,206.72000122070312,206.97999572753906,1747,0.0,0.0
2024-08-06 13:05:00-04:00,206.97999572753906,207.05999755859375,206.97000122070312,207.05999755859375,801,0.0,0.0
2024-08-06 13:10:00-04:00,207.0399932861328,207.0399932861328,207.01950073242188,207.01950073242188,1139,0.0,0.0
2024-08-06 13:20:00-04:00,207.10499572753906,207.10499572753906,206.9600067138672,207.0500030517578,1430,0.0,0.0
2024-08-06 13:25:00-04:00,207.28500366210938,207.3699951171875,207.22000122070312,207.27000427246094,2853,0.0,0.0
2024-08-06 13:30:00-04:00,207.4199981689453,207.6300048828125,207.4199981689453,207.6300048828125,2712,0.0,0.0
2024-08-06 13:35:00-04:00,207.72000122070312,207.80999755859375,207.72000122070312,207.72999572753906,1145,0.0,0.0
2024-08-06 13:40:00-04:00,207.64999389648438,207.6999969482422,207.49000549316406,207.6999969482422,5001,0.0,0.0
2024-08-06 13:45:00-04:00,207.89999389648438,207.89999389648438,207.89999389648438,207.89999389648438,548,0.0,0.0
2024-08-06 13:50:00-04:00,207.6999969482422,207.6999969482422,207.6999969482422,207.6999969482422,656,0.0,0.0
2024-08-06 13:55:00-04:00,207.8000030517578,208.0800018310547,207.8000030517578,208.0050048828125,1930,0.0,0.0
2024-08-06 14:00:00-04:00,207.8300018310547,207.8300018310547,207.5500030517578,207.5500030517578,1913,0.0,0.0
2024-08-06 14:05:00-04:00,207.38999938964844,207.38999938964844,206.9600067138672,207.0500030517578,4047,0.0,0.0
2024-08-06 14:10:00-04:00,206.83999633789062,206.83999633789062,206.83999633789062,206.83999633789062,358,0.0,0.0
2024-08-06 14:15:00-04:00,206.80999755859375,207.24000549316406,206.80999755859375,207.14999389648438,2799,0.0,0.0
2024-08-06 14:20:00-04:00,207.24000549316406,207.4499969482422,207.17999267578125,207.43499755859375,2459,0.0,0.0
2024-08-06 14:25:00-04:00,207.4949951171875,207.60000610351562,207.42999267578125,207.58999633789062,2641,0.0,0.0
2024-08-06 14:30:00-04:00,207.52499389648438,207.72500610351562,207.52499389648438,207.58999633789062,3157,0.0,0.0
2024-08-06 14:35:00-04:00,207.66000366210938,207.77999877929688,207.66000366210938,207.77999877929688,1753,0.0,0.0
2024-08-06 14:40:00-04:00,207.82000732421875,208.01499938964844,207.82000732421875,208.01499938964844,1551,0.0,0.0
2024-08-06 14:45:00-04:00,207.91000366210938,208.22500610351562,207.91000366210938,208.22500610351562,1942,0.0,0.0
2024-08-06 14:50:00-04:00,208.22000122070312,208.22000122070312,207.9600067138672,208.0749969482422,4508,0.0,0.0
2024-08-06 14:55:00-04:00,207.92999267578125,207.9600067138672,207.625,207.625,5008,0.0,0.0
2024-08-06 15:00:00-04:00,207.50999450683594,207.50999450683594,206.7899932861328,206.7899932861328,2167,0.0,0.0
2024-08-06 15:05:00-04:00,206.96499633789062,206.96499633789062,206.5,206.72500610351562,4343,0.0,0.0
2024-08-06 15:10:00-04:00,206.5800018310547,206.69500732421875,206.5500030517578,206.5500030517578,4421,0.0,0.0
2024-08-06 15:15:00-04:00,206.66000366210938,206.66000366210938,206.3300018310547,206.4550018310547,3210,0.0,0.0
2024-08-06 15:20:00-04:00,206.5800018310547,206.9600067138672,206.47999572753906,206.67999267578125,9344,0.0,0.0
2024-08-06 15:25:00-04:00,207.2899932861328,207.2899932861328,207.125,207.125,1989,0.0,0.0
2024-08-06 15:30:00-04:00,206.92999267578125,206.97999572753906,206.86000061035156,206.86000061035156,2280,0.0,0.0
2024-08-06 15:35:00-04:00,207.16000366210938,207.16000366210938,207.125,207.13499450683594,1395,0.0,0.0
2024-08-06 15:40:00-04:00,207.0500030517578,207.11000061035156,206.86000061035156,206.92999267578125,7725,0.0,0.0
2024-08-06 15:45:00-04:00,206.83999633789062,206.85000610351562,206.24000549316406,206.39999389648438,7660,0.0,0.0
2024-08-06 15:50:00-04:00,206.24000549316406,206.27000427246094,205.3300018310547,205.8000030517578,22581,0.0,0.0
2024-08-06 15:55:00-04:00,205.8699951171875,206.13999938964844,205.3000030517578,205.6999969482422,82510,0.0,0.0
2024-08-07 09:30:00-04:00,207.1699981689453,207.77499389648438,206.4550018310547,206.4550018310547,3435,0.0,0.0
2024-08-07 09:35:00-04:00,207.38999938964844,208.1199951171875,206.6199951171875,208.1199951171875,1922,0.0,0.0
2024-08-07 09:40:00-04:00,207.19000244140625,208.3300018310547,207.19000244140625,208.3300018310547,859,0.0,0.0
2024-08-07 09:45:00-04:00,207.8699951171875,208.8300018310547,207.82000732421875,207.85000610351562,5876,0.0,0.0
2024-08-07 09:50:00-04:00,207.6699981689453,207.6699981689453,207.6699981689453,207.6699981689453,650,0.0,0.0
2024-08-07 09:55:00-04:00,208.5500030517578,208.86500549316406,208.47000122070312,208.4949951171875,1963,0.0,0.0
2024-08-07 10:00:00-04:00,208.34500122070312,208.34500122070312,207.80999755859375,207.97999572753906,1720,0.0,0.0
2024-08-07 10:05:00-04:00,207.8800048828125,208.11000061035156,207.8699951171875,208.10499572753906,3262,0.0,0.0
2024-08-07 10:10:00-04:00,208.10499572753906,208.10499572753906,207.75,207.75,1432,0.0,0.0
2024-08-07 10:15:00-04:00,207.64500427246094,207.8699951171875,207.625,207.625,4346,0.0,0.0
2024-08-07 10:20:00-04:00,207.72999572753906,208.2100067138672,207.72999572753906,208.00010681152344,1971,0.0,0.0
2024-08-07 10:25:00-04:00,207.83999633789062,207.83999633789062,207.64500427246094,207.65499877929688,1489,0.0,0.0
2024-08-07 10:30:00-04:00,207.33999633789062,208.02499389648438,207.33999633789062,208.02000427246094,2270,0.0,0.0
2024-08-07 10:35:00-04:00,208.01499938964844,208.01499938964844,207.9149932861328,207.9149932861328,1153,0.0,0.0
2024-08-07 10:40:00-04:00,207.83999633789062,208.14999389648438,207.8300018310547,208.14999389648438,1723,0.0,0.0
2024-08-07 10:45:00-04:00,208.125,208.125,207.8699951171875,208.1199951171875,1720,0.0,0.0
2024-08-07 10:50:00-04:00,208.25999450683594,208.4199981689453,208.25,208.3000030517578,2325,0.0,0.0
2024-08-07 10:55:00-04:00,208.3300018310547,208.41000366210938,208.16000366210938,208.22000122070312,2123,0.0,0.0
2024-08-07 11:00:00-04:00,208.16000366210938,208.47999572753906,208.16000366210938,208.38999938964844,4968,0.0,0.0
2024-08-07 11:05:00-04:00,208.19000244140625,208.19000244140625,207.75,207.86000061035156,3749,0.0,0.0
2024-08-07 11:10:00-04:00,207.86000061035156,208.2050018310547,207.61000061035156,207.61000061035156,3634,0.0,0.0
2024-08-07 11:15:00-04:00,207.57000732421875,207.77999877929688,207.1699981689453,207.2899932861328,3199,0.0,0.0
2024-08-07 11:20:00-04:00,207.2949981689453,207.61000061035156,207.2949981689453,207.4550018310547,1963,0.0,0.0
2024-08-07 11:25:00-04:00,207.30999755859375,207.34500122070312,207.16000366210938,207.34500122070312,884,0.0,0.0
2024-08-07 11:30:00-04:00,207.13499450683594,207.75,207.13499450683594,207.5399932861328,5880,0.0,0.0
2024-08-07 11:35:00-04:00,207.5749969482422,207.7100067138672,207.4550018310547,207.5850067138672,1502,0.0,0.0
2024-08-07 11:40:00-04:00,207.56500244140625,208.10499572753906,207.55999755859375,207.66000366210938,4038,0.0,0.0
2024-08-07 11:45:00-04:00,207.60000610351562,207.60000610351562,207.10000610351562,207.10000610351562,1573,0.0,0.0
2024-08-07 11:50:00-04:00,206.9499969482422,207.11000061035156,206.8800048828125,207.11000061035156,1467,0.0,0.0
2024-08-07 11:55:00-04:00,207.14999389648438,207.1667022705078,206.60000610351562,206.60000610351562,1745,0.0,0.0
2024-08-07 12:00:00-04:00,206.58999633789062,206.74000549316406,206.50999450683594,206.50999450683594,2078,0.0,0.0
2024-08-07 12:05:00-04:00,206.3000030517578,206.5399932861328,206.1999969482422,206.1999969482422,1694,0.0,0.0
2024-08-07 12:10:00-04:00,206.3699951171875,206.63999938964844,205.88999938964844,206.63999938964844,3915,0.0,0.0
2024-08-07 12:15:00-04:00,206.2949981689453,206.2949981689453,206.2949981689453,206.2949981689453,154,0.0,0.0
2024-08-07 12:20:00-04:00,206.33999633789062,206.5,206.30999755859375,206.30999755859375,1158,0.0,0.0
2024-08-07 12:25:00-04:00,206.42999267578125,206.5500030517578,206.42999267578125,206.53500366210938,1400,0.0,0.0
2024-08-07 12:30:00-04:00,206.42999267578125,206.42999267578125,206.24000549316406,206.42999267578125,2016,0.0,0.0
2024-08-07 12:35:00-04:00,206.31329345703125,206.42999267578125,206.1999969482422,206.42999267578125,4585,0.0,0.0
2024-08-07 12:40:00-04:00,206.39999389648438,206.5399932861328,205.99560546875,205.99560546875,3184,0.0,0.0
2024-08-07 12:45:00-04:00,205.89999389648438,205.89999389648438,205.89999389648438,205.89999389648438,181,0.0,0.0
2024-08-07 12:50:00-04:00,205.89999389648438,206.07000732421875,205.64999389648438,205.64999389648438,2328,0.0,0.0
2024-08-07 12:55:00-04:00,205.64999389648438,205.64999389648438,205.6300048828125,205.6300048828125,975,0.0,0.0
2024-08-07 13:00:00-04:00,205.5800018310547,205.75,205.5800018310547,205.5800018310547,1113,0.0,0.0
2024-08-07 13:05:00-04:00,205.57000732421875,205.58999633789062,205.375,205.58999633789062,3629,0.0,0.0
2024-08-07 13:10:00-04:00,205.26499938964844,205.30999755859375,205.25999450683594,205.25999450683594,1966,0.0,0.0
2024-08-07 13:20:00-04:00,205.02999877929688,205.19000244140625,205.02999877929688,205.05999755859375,1547,0.0,0.0
2024-08-07 13:25:00-04:00,205.41000366210938,205.64999389648438,205.41000366210938,205.50999450683594,2175,0.0,0.0
2024-08-07 13:30:00-04:00,205.4550018310547,205.6699981689453,205.4550018310547,205.6699981689453,981,0.0,0.0
2024-08-07 13:35:00-04:00,205.625,205.625,205.625,205.625,735,0.0,0.0
2024-08-07 13:40:00-04:00,205.57000732421875,205.6300048828125,205.47000122070312,205.52000427246094,3892,0.0,0.0
2024-08-07 13:45:00-04:00,205.3800048828125,205.3800048828125,204.80999755859375,205.02999877929688,4346,0.0,0.0
2024-08-07 13:50:00-04:00,204.9149932861328,204.9149932861328,204.9149932861328,204.9149932861328,672,0.0,0.0
2024-08-07 13:55:00-04:00,204.82000732421875,204.8300018310547,204.81500244140625,204.8300018310547,728,0.0,0.0
2024-08-07 14:00:00-04:00,204.8249969482422,204.8249969482422,204.61000061035156,204.64999389648438,3391,0.0,0.0
2024-08-07 14:05:00-04:00,204.75,204.8300018310547,204.10000610351562,204.10000610351562,6419,0.0,0.0
2024-08-07 14:10:00-04:00,204.01499938964844,204.18499755859375,203.2899932861328,203.2899932861328,4036,0.0,0.0
2024-08-07 14:15:00-04:00,203.2100067138672,203.33999633789062,202.72500610351562,203.0850067138672,13200,0.0,0.0
2024-08-07 14:20:00-04:00,203.11000061035156,203.69000244140625,202.6999969482422,202.6999969482422,7274,0.0,0.0
2024-08-07 14:25:00-04:00,202.7899932861328,203.4199981689453,202.71499633789062,203.1999969482422,8496,0.0,0.0
2024-08-07 14:30:00-04:00,203.2449951171875,203.39999389648438,203.2449951171875,203.39500427246094,2592,0.0,0.0
2024-08-07 14:35:00-04:00,203.50999450683594,203.66000366210938,203.4550018310547,203.47999572753906,3001,0.0,0.0
2024-08-07 14:40:00-04:00,203.66000366210938,203.75819396972656,203.61000061035156,203.61000061035156,3918,0.0,0.0
2024-08-07 14:45:00-04:00,203.8000030517578,203.83999633789062,203.58999633789062,203.77999877929688,4735,0.0,0.0
2024-08-07 14:50:00-04:00,203.77000427246094,203.80999755859375,203.55999755859375,203.7100067138672,3325,0.0,0.0
2024-08-07 14:55:00-04:00,203.85000610351562,203.89999389648438,203.7899932861328,203.85499572753906,2541,0.0,0.0
2024-08-07 15:00:00-04:00,203.77999877929688,204.02999877929688,203.72000122070312,203.91000366210938,7140,0.0,0.0
2024-08-07 15:05:00-04:00,204.00999450683594,204.0399932861328,203.96499633789062,203.99000549316406,2891,0.0,0.0
2024-08-07 15:10:00-04:00,204.02000427246094,204.15499877929688,203.77000427246094,203.9499969482422,6625,0.0,0.0
2024-08-07 15:15:00-04:00,203.92999267578125,204.1999969482422,203.92999267578125,204.1999969482422,3196,0.0,0.0
2024-08-07 15:20:00-04:00,204.125,204.125,203.85000610351562,203.94000244140625,4969,0.0,0.0
2024-08-07 15:25:00-04:00,203.8300018310547,203.86000061035156,203.5,203.72000122070312,8063,0.0,0.0
2024-08-07 15:30:00-04:00,203.5800018310547,203.86000061035156,203.5800018310547,203.82000732421875,11537,0.0,0.0
2024-08-07 15:35:00-04:00,203.80999755859375,204.0500030517578,203.6999969482422,203.77999877929688,10324,0.0,0.0
2024-08-07 15:40:00-04:00,203.86000061035156,203.86000061035156,203.1199951171875,203.1199951171875,5917,0.0,0.0
2024-08-07 15:45:00-04:00,203.26499938964844,203.5500030517578,202.99000549316406,203.5500030517578,43388,0.0,0.0
2024-08-07 15:50:00-04:00,203.4199981689453,203.5,202.5,202.83999633789062,14403,0.0,0.0
2024-08-07 15:55:00-04:00,202.47999572753906,203.08999633789062,202.47000122070312,202.80999755859375,48974,0.0,0.0
2024-08-08 09:30:00-04:00,203.9499969482422,204.5500030517578,202.55999755859375,204.5500030517578,3659,0.0,0.0
2024-08-08 09:35:00-04:00,205.10000610351562,205.38999938964844,204.42999267578125,204.42999267578125,1141,0.0,0.0
2024-08-08 09:40:00-04:00,204.99000549316406,205.59500122070312,204.64999389648438,205.1699981689453,3650,0.0,0.0
2024-08-08 09:45:00-04:00,205.17999267578125,205.72999572753906,204.86000061035156,204.86000061035156,4585,0.0,0.0
2024-08-08 09:50:00-04:00,205.0399932861328,205.77999877929688,205.0399932861328,205.77999877929688,2824,0.0,0.0
2024-08-08 09:55:00-04:00,205.63999938964844,206.27499389648438,205.1999969482422,206.27499389648438,5791,0.0,0.0
2024-08-08 10:00:00-04:00,206.17999267578125,206.9600067138672,206.17999267578125,206.80999755859375,4215,0.0,0.0
2024-08-08 10:05:00-04:00,206.77000427246094,206.8300018310547,206.02499389648438,206.0800018310547,2839,0.0,0.0
2024-08-08 10:10:00-04:00,205.89500427246094,206.02999877929688,205.8300018310547,205.9949951171875,2401,0.0,0.0
2024-08-08 10:15:00-04:00,205.96499633789062,205.96499633789062,205.6699981689453,205.6699981689453,2136,0.0,0.0
2024-08-08 10:20:00-04:00,205.82000732421875,205.82000732421875,205.02999877929688,205.27999877929688,4683,0.0,0.0
2024-08-08 10:25:00-04:00,205.27999877929688,206.02999877929688,205.16000366210938,206.02999877929688,24647,0.0,0.0
2024-08-08 10:30:00-04:00,205.86000061035156,206.3800048828125,205.80999755859375,206.2100067138672,3860,0.0,0.0
2024-08-08 10:35:00-04:00,206.22500610351562,206.41000366210938,206.22500610351562,206.41000366210938,1688,0.0,0.0
2024-08-08 10:40:00-04:00,206.51499938964844,206.77000427246094,206.0800018310547,206.10000610351562,3457,0.0,0.0
2024-08-08 10:45:00-04:00,206.32000732421875,206.5,206.32000732421875,206.5,1534,0.0,0.0
2024-08-08 10:50:00-04:00,206.38499450683594,206.50999450683594,206.25999450683594,206.50999450683594,2112,0.0,0.0
2024-08-08 10:55:00-04:00,206.8249969482422,206.94000244140625,206.8249969482422,206.94000244140625,1303,0.0,0.0
2024-08-08 11:00:00-04:00,206.97999572753906,206.99000549316406,206.97999572753906,206.98500061035156,2996,0.0,0.0
2024-08-08 11:05:00-04:00,207.2100067138672,207.3300018310547,206.92999267578125,207.1300048828125,4761,0.0,0.0
2024-08-08 11:10:00-04:00,207.4199981689453,207.4199981689453,207.1199951171875,207.1199951171875,4296,0.0,0.0
2024-08-08 11:15:00-04:00,207.1199951171875,207.43499755859375,207.10000610351562,207.28500366210938,4369,0.0,0.0
2024-08-08 11:20:00-04:00,207.61000061035156,207.61500549316406,207.5749969482422,207.5749969482422,1624,0.0,0.0
2024-08-08 11:25:00-04:00,207.6750030517578,207.8699951171875,207.64999389648438,207.64999389648438,2347,0.0,0.0
2024-08-08 11:30:00-04:00,207.75,207.91000366210938,207.72000122070312,207.72999572753906,3489,0.0,0.0
2024-08-08 11:35:00-04:00,207.71499633789062,207.71499633789062,207.5050048828125,207.5050048828125,1813,0.0,0.0
2024-08-08 11:40:00-04:00,207.5,207.56500244140625,207.1699981689453,207.1699981689453,4312,0.0,0.0
2024-08-08 11:45:00-04:00,207.39999389648438,207.44500732421875,207.34500122070312,207.36000061035156,909,0.0,0.0
2024-08-08 11:50:00-04:00,207.33999633789062,207.4199981689453,207.33999633789062,207.36500549316406,823,0.0,0.0
2024-08-08 11:55:00-04:00,207.3249969482422,207.5,207.3249969482422,207.5,1350,0.0,0.0
2024-08-08 12:00:00-04:00,207.4199981689453,207.4199981689453,207.09500122070312,207.1300048828125,9797,0.0,0.0
2024-08-08 12:05:00-04:00,207.64999389648438,207.64999389648438,207.17999267578125,207.17999267578125,6691,0.0,0.0
2024-08-08 12:10:00-04:00,206.94000244140625,206.9499969482422,206.94000244140625,206.9499969482422,641,0.0,0.0
2024-08-08 12:15:00-04:00,206.77999877929688,207.00999450683594,206.77999877929688,207.00999450683594,3320,0.0,0.0
2024-08-08 12:20:00-04:00,207.5399932861328,207.5399932861328,207.5399932861328,207.5399932861328,759,0.0,0.0
2024-08-08 12:25:00-04:00,207.63499450683594,207.75,207.47000122070312,207.74000549316406,2474,0.0,0.0
2024-08-08 12:30:00-04:00,207.75,207.75,207.27999877929688,207.2899932861328,3029,0.0,0.0
2024-08-08 12:35:00-04:00,206.99000549316406,206.99000549316406,206.99000549316406,206.99000549316406,398,0.0,0.0
2024-08-08 12:40:00-04:00,206.97000122070312,207.0800018310547,206.97000122070312,207.0800018310547,1821,0.0,0.0
2024-08-08 12:45:00-04:00,207.1199951171875,207.19000244140625,207.11000061035156,207.19000244140625,1725,0.0,0.0
2024-08-08 12:50:00-04:00,207.25999450683594,207.25999450683594,207.25999450683594,207.25999450683594,661,0.0,0.0
2024-08-08 12:55:00-04:00,207.4199981689453,207.4199981689453,207.0399932861328,207.0800018310547,3205,0.0,0.0
2024-08-08 13:00:00-04:00,207.02000427246094,207.02000427246094,206.75,206.75,2269,0.0,0.0
2024-08-08 13:05:00-04:00,206.8300018310547,206.8800048828125,206.6699981689453,206.8800048828125,1791,0.0,0.0
2024-08-08 13:10:00-04:00,207.10000610351562,207.15499877929688,207.10000610351562,207.15499877929688,1537,0.0,0.0
2024-08-08 13:15:00-04:00,207.38499450683594,207.43499755859375,207.02999877929688,207.27499389648438,5432,0.0,0.0
2024-08-08 13:20:00-04:00,207.25999450683594,207.34500122070312,207.0500030517578,207.0500030517578,2780,0.0,0.0
2024-08-08 13:25:00-04:00,207.3699951171875,207.3699951171875,207.33999633789062,207.34500122070312,1256,0.0,0.0
2024-08-08 13:30:00-04:00,207.63499450683594,207.85499572753906,207.63499450683594,207.72999572753906,2690,0.0,0.0
2024-08-08 13:35:00-04:00,207.72999572753906,207.8350067138672,207.5800018310547,207.8350067138672,4538,0.0,0.0
2024-08-08 13:40:00-04:00,207.8300018310547,207.9600067138672,207.7949981689453,207.9199981689453,2361,0.0,0.0
2024-08-08 13:45:00-04:00,207.78500366210938,207.8300018310547,207.55499267578125,207.55499267578125,4599,0.0,0.0
2024-08-08 13:50:00-04:00,207.63999938964844,207.63999938964844,207.63999938964844,207.63999938964844,899,0.0,0.0
2024-08-08 13:55:00-04:00,207.7050018310547,207.7050018310547,207.6699981689453,207.6699981689453,2179,0.0,0.0
2024-08-08 14:00:00-04:00,207.7050018310547,207.7899932861328,207.5399932861328,207.77000427246094,6288,0.0,0.0
2024-08-08 14:05:00-04:00,207.69000244140625,207.69000244140625,207.3800048828125,207.4550018310547,4037,0.0,0.0
2024-08-08 14:10:00-04:00,207.25999450683594,207.25999450683594,207.02999877929688,207.1699981689453,2637,0.0,0.0
2024-08-08 14:15:00-04:00,207.1649932861328,207.27000427246094,207.0800018310547,207.27000427246094,10598,0.0,0.0
2024-08-08 14:20:00-04:00,207.2899932861328,207.57000732421875,207.2899932861328,207.57000732421875,3719,0.0,0.0
2024-08-08 14:25:00-04:00,207.50999450683594,207.5399932861328,207.43499755859375,207.5399932861328,2020,0.0,0.0
2024-08-08 14:30:00-04:00,207.60000610351562,207.60000610351562,207.60000610351562,207.60000610351562,937,0.0,0.0
2024-08-08 14:35:00-04:00,207.74000549316406,207.80999755859375,207.41000366210938,207.44000244140625,5718,0.0,0.0
2024-08-08 14:40:00-04:00,207.47000122070312,207.73500061035156,207.30999755859375,207.73500061035156,3791,0.0,0.0
2024-08-08 14:45:00-04:00,207.69500732421875,207.69500732421875,207.3000030517578,207.30999755859375,8974,0.0,0.0
2024-08-08 14:50:00-04:00,207.5,207.85000610351562,207.30999755859375,207.85000610351562,5442,0.0,0.0
2024-08-08 14:55:00-04:00,207.77000427246094,207.85000610351562,207.47000122070312,207.47000122070312,8080,0.0,0.0
2024-08-08 15:00:00-04:00,207.5,207.5,207.1300048828125,207.25,8915,0.0,0.0
2024-08-08 15:05:00-04:00,207.1199951171875,207.72000122070312,207.10000610351562,207.72000122070312,13396,0.0,0.0
2024-08-08 15:10:00-04:00,207.92999267578125,208.02999877929688,207.81500244140625,207.86500549316406,5309,0.0,0.0
2024-08-08 15:15:00-04:00,207.91000366210938,207.91000366210938,207.63999938964844,207.63999938964844,3125,0.0,0.0
2024-08-08 15:20:00-04:00,207.74000549316406,207.92999267578125,207.63999938964844,207.66000366210938,7294,0.0,0.0
2024-08-08 15:25:00-04:00,207.66000366210938,207.66000366210938,207.22999572753906,207.4499969482422,7580,0.0,0.0
2024-08-08 15:30:00-04:00,207.4250030517578,207.47999572753906,207.10000610351562,207.32000732421875,8582,0.0,0.0
2024-08-08 15:35:00-04:00,207.38999938964844,207.52000427246094,207.33999633789062,207.50999450683594,12303,0.0,0.0
2024-08-08 15:40:00-04:00,207.47000122070312,207.88499450683594,207.41000366210938,207.88499450683594,14062,0.0,0.0
2024-08-08 15:45:00-04:00,207.9600067138672,208.0800018310547,207.82000732421875,207.9600067138672,14401,0.0,0.0
2024-08-08 15:50:00-04:00,207.9250030517578,208.30999755859375,207.69000244140625,207.7449951171875,18731,0.0,0.0
2024-08-08 15:55:00-04:00,207.7899932861328,208.13499450683594,207.5500030517578,207.74000549316406,64112,0.0,0.0
2024-08-09 09:30:00-04:00,206.5800018310547,206.8800048828125,205.66000366210938,205.66000366210938,4537,0.0,0.0
2024-08-09 09:35:00-04:00,206.39999389648438,206.9499969482422,206.30999755859375,206.30999755859375,833,0.0,0.0
2024-08-09 09:40:00-04:00,206.19000244140625,206.19000244140625,205.39599609375,205.39630126953125,2013,0.0,0.0
2024-08-09 09:45:00-04:00,205.0399932861328,205.0399932861328,205.0399932861328,205.0399932861328,1388,0.0,0.0
2024-08-09 09:50:00-04:00,204.50999450683594,205.63999938964844,204.42999267578125,205.36000061035156,3078,0.0,0.0
2024-08-09 09:55:00-04:00,205.3800048828125,205.9949951171875,205.28500366210938,205.9949951171875,2207,0.0,0.0
2024-08-09 10:00:00-04:00,206.92999267578125,206.92999267578125,206.92999267578125,206.92999267578125,926,0.0,0.0
2024-08-09 10:05:00-04:00,206.47500610351562,206.63999938964844,206.47000122070312,206.63999938964844,1436,0.0,0.0
2024-08-09 10:10:00-04:00,206.5,206.89500427246094,206.5,206.86000061035156,2460,0.0,0.0
2024-08-09 10:15:00-04:00,206.75999450683594,206.77000427246094,206.4199981689453,206.4199981689453,3069,0.0,0.0
2024-08-09 10:20:00-04:00,206.3300018310547,206.61000061035156,206.3300018310547,206.61000061035156,488,0.0,0.0
2024-08-09 10:25:00-04:00,206.3800048828125,206.3800048828125,206.2899932861328,206.2899932861328,1558,0.0,0.0
2024-08-09 10:30:00-04:00,206.6199951171875,206.6199951171875,206.22000122070312,206.22000122070312,3039,0.0,0.0
2024-08-09 10:35:00-04:00,206.5800018310547,206.5800018310547,206.38499450683594,206.47999572753906,1538,0.0,0.0
2024-08-09 10:40:00-04:00,206.48500061035156,206.97000122070312,206.48500061035156,206.8000030517578,4370,0.0,0.0
2024-08-09 10:45:00-04:00,206.9499969482422,207.13999938964844,206.9499969482422,207.0399932861328,2954,0.0,0.0
2024-08-09 10:50:00-04:00,207.33999633789062,207.33999633789062,207.33999633789062,207.33999633789062,187,0.0,0.0
2024-08-09 10:55:00-04:00,207.50999450683594,207.64999389648438,207.2949981689453,207.4199981689453,6721,0.0,0.0
2024-08-09 11:00:00-04:00,207.19000244140625,207.2050018310547,207.19000244140625,207.2050018310547,555,0.0,0.0
2024-08-09 11:05:00-04:00,207.24000549316406,207.77000427246094,207.1999969482422,207.77000427246094,2217,0.0,0.0
2024-08-09 11:10:00-04:00,207.75,207.75,207.61000061035156,207.64999389648438,952,0.0,0.0
2024-08-09 11:15:00-04:00,207.5500030517578,207.5500030517578,207.52999877929688,207.52999877929688,729,0.0,0.0
2024-08-09 11:20:00-04:00,207.52999877929688,207.52999877929688,207.27999877929688,207.3800048828125,1421,0.0,0.0
2024-08-09 11:25:00-04:00,207.26499938964844,207.26499938964844,206.67999267578125,206.7550048828125,1659,0.0,0.0
2024-08-09 11:30:00-04:00,206.97000122070312,207.11000061035156,206.6999969482422,207.11000061035156,3278,0.0,0.0
2024-08-09 11:40:00-04:00,207.02000427246094,207.27999877929688,207.01499938964844,207.27999877929688,2479,0.0,0.0
2024-08-09 11:45:00-04:00,207.1999969482422,207.1999969482422,207.19000244140625,207.19000244140625,599,0.0,0.0
2024-08-09 11:50:00-04:00,207.0399932861328,207.0399932861328,207.0399932861328,207.0399932861328,1129,0.0,0.0
2024-08-09 11:55:00-04:00,206.8800048828125,206.8800048828125,206.76499938964844,206.76499938964844,1382,0.0,0.0
2024-08-09 12:15:00-04:00,206.6300048828125,206.70440673828125,206.61500549316406,206.70440673828125,841,0.0,0.0
2024-08-09 12:20:00-04:00,206.60499572753906,206.7100067138672,206.28500366210938,206.3300018310547,4392,0.0,0.0
2024-08-09 12:30:00-04:00,206.3800048828125,206.3800048828125,206.3800048828125,206.3800048828125,777,0.0,0.0
2024-08-09 12:35:00-04:00,206.5500030517578,206.5500030517578,206.38999938964844,206.49000549316406,2097,0.0,0.0
2024-08-09 12:45:00-04:00,206.49000549316406,206.58999633789062,206.49000549316406,206.55999755859375,3613,0.0,0.0
2024-08-09 12:50:00-04:00,206.52000427246094,206.5500030517578,206.52000427246094,206.5500030517578,460,0.0,0.0
2024-08-09 12:55:00-04:00,206.60499572753906,206.82000732421875,206.60499572753906,206.82000732421875,1458,0.0,0.0
2024-08-09 13:00:00-04:00,206.8350067138672,206.8350067138672,206.8350067138672,206.8350067138672,334,0.0,0.0
2024-08-09 13:05:00-04:00,206.72999572753906,206.78500366210938,206.72999572753906,206.78500366210938,2126,0.0,0.0
2024-08-09 13:10:00-04:00,206.88999938964844,207.08999633789062,206.875,207.08999633789062,1606,0.0,0.0
2024-08-09 13:15:00-04:00,207.16000366210938,207.16000366210938,207.08999633789062,207.1199951171875,1179,0.0,0.0
2024-08-09 13:20:00-04:00,207.1199951171875,207.1199951171875,207.02999877929688,207.02999877929688,608,0.0,0.0
2024-08-09 13:25:00-04:00,207.22000122070312,207.47000122070312,207.22000122070312,207.3699951171875,2990,0.0,0.0
2024-08-09 13:30:00-04:00,207.4600067138672,207.4600067138672,207.33999633789062,207.33999633789062,2325,0.0,0.0
2024-08-09 13:40:00-04:00,207.1699981689453,207.2899932861328,207.00999450683594,207.15499877929688,1442,0.0,0.0
2024-08-09 13:45:00-04:00,207.27999877929688,207.47500610351562,207.1699981689453,207.47500610351562,2209,0.0,0.0
2024-08-09 13:50:00-04:00,207.46499633789062,207.46499633789062,207.02999877929688,207.02999877929688,784,0.0,0.0
2024-08-09 13:55:00-04:00,206.9199981689453,207.13999938964844,206.9199981689453,207.13999938964844,854,0.0,0.0
2024-08-09 14:00:00-04:00,207.0968017578125,207.0968017578125,207.02499389648438,207.02499389648438,1582,0.0,0.0
2024-08-09 14:05:00-04:00,206.88499450683594,206.88499450683594,206.82000732421875,206.82000732421875,625,0.0,0.0
2024-08-09 14:10:00-04:00,206.9600067138672,206.9600067138672,206.67999267578125,206.67999267578125,1970,0.0,0.0
2024-08-09 14:15:00-04:00,206.85000610351562,206.89999389648438,206.85000610351562,206.89999389648438,493,0.0,0.0
2024-08-09 14:20:00-04:00,206.8300018310547,206.8300018310547,206.8300018310547,206.8300018310547,473,0.0,0.0
2024-08-09 14:25:00-04:00,206.89999389648438,206.89999389648438,206.86500549316406,206.86500549316406,1660,0.0,0.0
2024-08-09 14:30:00-04:00,206.85000610351562,206.85000610351562,206.76499938964844,206.76499938964844,3619,0.0,0.0
2024-08-09 14:40:00-04:00,206.86500549316406,207.0,206.86500549316406,206.96499633789062,2533,0.0,0.0
2024-08-09 14:45:00-04:00,207.02999877929688,207.02999877929688,206.8000030517578,206.91000366210938,2099,0.0,0.0
2024-08-09 14:50:00-04:00,206.6999969482422,206.71499633789062,206.6999969482422,206.71499633789062,488,0.0,0.0
2024-08-09 14:55:00-04:00,206.83999633789062,207.1999969482422,206.83999633789062,207.1999969482422,4026,0.0,0.0
2024-08-09 15:00:00-04:00,207.16000366210938,207.41000366210938,207.16000366210938,207.41000366210938,2206,0.0,0.0
2024-08-09 15:05:00-04:00,207.3300018310547,207.50999450683594,207.3300018310547,207.50999450683594,5611,0.0,0.0
2024-08-09 15:10:00-04:00,207.5449981689453,207.5449981689453,207.46499633789062,207.46499633789062,2096,0.0,0.0
2024-08-09 15:15:00-04:00,207.5500030517578,207.8000030517578,207.5500030517578,207.8000030517578,2735,0.0,0.0
2024-08-09 15:20:00-04:00,207.63999938964844,207.6750030517578,207.55999755859375,207.61000061035156,5531,0.0,0.0
2024-08-09 15:25:00-04:00,207.60409545898438,207.8000030517578,207.60409545898438,207.8000030517578,2382,0.0,0.0
2024-08-09 15:30:00-04:00,207.8000030517578,207.83999633789062,207.75,207.8300018310547,1810,0.0,0.0
2024-08-09 15:35:00-04:00,207.86500549316406,208.0500030517578,207.86500549316406,207.92999267578125,2567,0.0,0.0
2024-08-09 15:40:00-04:00,207.98500061035156,208.02999877929688,207.72999572753906,207.72999572753906,3805,0.0,0.0
2024-08-09 15:45:00-04:00,207.67999267578125,207.67999267578125,207.38999938964844,207.44500732421875,8098,0.0,0.0
2024-08-09 15:50:00-04:00,207.73500061035156,207.73500061035156,207.30499267578125,207.36000061035156,6653,0.0,0.0
2024-08-09 15:55:00-04:00,207.41000366210938,207.92999267578125,207.35000610351562,207.67999267578125,34612,0.0,0.0
2024-08-12 09:30:00-04:00,207.27000427246094,207.27000427246094,206.66000366210938,206.7899932861328,2975,0.0,0.0
2024-08-12 09:35:00-04:00,207.1300048828125,207.1300048828125,207.1300048828125,207.1300048828125,424,0.0,0.0
2024-08-12 09:45:00-04:00,206.72999572753906,206.88999938964844,206.72999572753906,206.8800048828125,2914,0.0,0.0
2024-08-12 09:50:00-04:00,206.8000030517578,206.8000030517578,206.05999755859375,206.39999389648438,1607,0.0,0.0
2024-08-12 09:55:00-04:00,205.91000366210938,205.91000366210938,205.61000061035156,205.61000061035156,879,0.0,0.0
2024-08-12 10:00:00-04:00,205.8699951171875,206.75999450683594,205.78500366210938,206.5,2170,0.0,0.0
2024-08-12 10:05:00-04:00,206.51499938964844,206.91000366210938,206.39999389648438,206.91000366210938,1696,0.0,0.0
2024-08-12 10:10:00-04:00,206.89999389648438,207.22999572753906,206.89999389648438,207.22999572753906,2019,0.0,0.0
2024-08-12 10:15:00-04:00,207.22000122070312,207.3699951171875,207.21499633789062,207.35499572753906,1653,0.0,0.0
2024-08-12 10:20:00-04:00,207.1999969482422,207.3800048828125,207.11000061035156,207.375,1665,0.0,0.0
2024-08-12 10:25:00-04:00,207.39500427246094,207.39500427246094,206.9499969482422,207.0449981689453,3821,0.0,0.0
2024-08-12 10:30:00-04:00,207.14999389648438,207.44500732421875,207.14999389648438,207.44500732421875,2763,0.0,0.0
2024-08-12 10:35:00-04:00,207.5800018310547,207.6699981689453,207.57000732421875,207.6699981689453,754,0.0,0.0
2024-08-12 10:40:00-04:00,207.8350067138672,207.9949951171875,207.7899932861328,207.85000610351562,1978,0.0,0.0
2024-08-12 10:45:00-04:00,207.7100067138672,207.7899932861328,207.7100067138672,207.7899932861328,1297,0.0,0.0
2024-08-12 10:50:00-04:00,207.7899932861328,208.3000030517578,207.7899932861328,208.07000732421875,2500,0.0,0.0
2024-08-12 10:55:00-04:00,208.3000030517578,208.3000030517578,207.93499755859375,207.93499755859375,2542,0.0,0.0
2024-08-12 11:00:00-04:00,207.8699951171875,207.8699951171875,207.64999389648438,207.64999389648438,885,0.0,0.0
2024-08-12 11:05:00-04:00,207.77499389648438,207.77499389648438,207.3699951171875,207.3699951171875,1455,0.0,0.0
2024-08-12 11:10:00-04:00,207.38499450683594,207.38499450683594,207.38499450683594,207.38499450683594,338,0.0,0.0
2024-08-12 11:15:00-04:00,207.16000366210938,207.1999969482422,207.07000732421875,207.07000732421875,1772,0.0,0.0
2024-08-12 11:20:00-04:00,207.1199951171875,207.36500549316406,206.47999572753906,206.47999572753906,3307,0.0,0.0
2024-08-12 11:25:00-04:00,206.625,206.75999450683594,206.625,206.75999450683594,1066,0.0,0.0
2024-08-12 11:30:00-04:00,206.89999389648438,206.89999389648438,206.82000732421875,206.82000732421875,1336,0.0,0.0
2024-08-12 11:35:00-04:00,206.83999633789062,206.83999633789062,206.83999633789062,206.83999633789062,428,0.0,0.0
2024-08-12 11:40:00-04:00,206.77999877929688,206.80999755859375,206.49000549316406,206.80630493164062,3168,0.0,0.0
2024-08-12 11:45:00-04:00,206.72999572753906,206.97999572753906,206.72999572753906,206.97999572753906,1233,0.0,0.0
2024-08-12 11:50:00-04:00,207.10499572753906,207.27499389648438,207.10499572753906,207.27499389648438,1179,0.0,0.0
2024-08-12 11:55:00-04:00,207.40499877929688,207.40499877929688,207.40499877929688,207.40499877929688,312,0.0,0.0
2024-08-12 12:00:00-04:00,207.4499969482422,207.50999450683594,207.23500061035156,207.23500061035156,2861,0.0,0.0
2024-08-12 12:05:00-04:00,207.32000732421875,207.32000732421875,207.13999938964844,207.13999938964844,855,0.0,0.0
2024-08-12 12:10:00-04:00,206.8800048828125,206.8800048828125,206.8699951171875,206.8699951171875,691,0.0,0.0
2024-08-12 12:15:00-04:00,206.91000366210938,206.91000366210938,206.91000366210938,206.91000366210938,473,0.0,0.0
2024-08-12 12:20:00-04:00,206.8000030517578,206.99000549316406,206.8000030517578,206.97999572753906,2113,0.0,0.0
2024-08-12 12:25:00-04:00,207.0500030517578,207.0500030517578,206.84500122070312,206.84500122070312,1668,0.0,0.0
2024-08-12 12:30:00-04:00,206.85000610351562,206.85000610351562,206.72999572753906,206.72999572753906,2720,0.0,0.0
2024-08-12 12:35:00-04:00,206.6649932861328,206.82000732421875,206.50999450683594,206.7949981689453,2498,0.0,0.0
2024-08-12 12:40:00-04:00,206.8249969482422,206.8249969482422,206.75999450683594,206.7899932861328,821,0.0,0.0
2024-08-12 12:45:00-04:00,206.84500122070312,206.84500122070312,206.82000732421875,206.82000732421875,1205,0.0,0.0
2024-08-12 12:50:00-04:00,206.74000549316406,206.8300018310547,206.74000549316406,206.8300018310547,387,0.0,0.0
2024-08-12 12:55:00-04:00,206.72999572753906,206.72999572753906,206.39999389648438,206.39999389648438,1762,0.0,0.0
2024-08-12 13:00:00-04:00,206.2100067138672,206.36000061035156,206.1199951171875,206.1199951171875,1175,0.0,0.0
2024-08-12 13:05:00-04:00,205.97000122070312,206.1300048828125,205.97000122070312,206.00999450683594,817,0.0,0.0
2024-08-12 13:10:00-04:00,206.1199951171875,206.125,205.99000549316406,206.125,1101,0.0,0.0
2024-08-12 13:15:00-04:00,206.25999450683594,206.60499572753906,206.25999450683594,206.60499572753906,2669,0.0,0.0
2024-08-12 13:20:00-04:00,206.8000030517578,206.88999938964844,206.55999755859375,206.63999938964844,3703,0.0,0.0
2024-08-12 13:25:00-04:00,206.6999969482422,206.77000427246094,206.56500244140625,206.77000427246094,1091,0.0,0.0
2024-08-12 13:30:00-04:00,206.64999389648438,206.64999389648438,206.64999389648438,206.64999389648438,614,0.0,0.0
2024-08-12 13:35:00-04:00,206.66000366210938,206.6649932861328,206.61529541015625,206.6649932861328,881,0.0,0.0
2024-08-12 13:40:00-04:00,206.68499755859375,206.68499755859375,206.64999389648438,206.64999389648438,2511,0.0,0.0
2024-08-12 13:45:00-04:00,206.72000122070312,206.82000732421875,206.72000122070312,206.7550048828125,4022,0.0,0.0
2024-08-12 13:50:00-04:00,206.5500030517578,206.6199951171875,206.4600067138672,206.6199951171875,5341,0.0,0.0
2024-08-12 13:55:00-04:00,206.6199951171875,206.6199951171875,206.6199951171875,206.6199951171875,472,0.0,0.0
2024-08-12 14:00:00-04:00,206.61000061035156,206.61000061035156,206.61000061035156,206.61000061035156,579,0.0,0.0
2024-08-12 14:05:00-04:00,206.52999877929688,206.58999633789062,206.52999877929688,206.5500030517578,2492,0.0,0.0
2024-08-12 14:10:00-04:00,206.72000122070312,206.80999755859375,206.72000122070312,206.80999755859375,1225,0.0,0.0
2024-08-12 14:15:00-04:00,206.8800048828125,206.8800048828125,206.77000427246094,206.77999877929688,2658,0.0,0.0
2024-08-12 14:20:00-04:00,206.9199981689453,206.92999267578125,206.61000061035156,206.61000061035156,1094,0.0,0.0
2024-08-12 14:25:00-04:00,206.52499389648438,206.52499389648438,206.52000427246094,206.52000427246094,981,0.0,0.0
2024-08-12 14:30:00-04:00,206.50999450683594,206.74000549316406,206.41000366210938,206.68499755859375,3639,0.0,0.0
2024-08-12 14:35:00-04:00,206.8000030517578,206.8000030517578,206.6699981689453,206.6699981689453,673,0.0,0.0
2024-08-12 14:40:00-04:00,206.6999969482422,206.82000732421875,206.6999969482422,206.8000030517578,2076,0.0,0.0
2024-08-12 14:45:00-04:00,206.75999450683594,206.9499969482422,206.75999450683594,206.93499755859375,2398,0.0,0.0
2024-08-12 14:50:00-04:00,207.0,207.0,206.99000549316406,207.0,721,0.0,0.0
2024-08-12 14:55:00-04:00,207.0,207.05999755859375,206.9499969482422,207.05999755859375,2216,0.0,0.0
2024-08-12 15:00:00-04:00,206.91000366210938,206.91000366210938,206.91000366210938,206.91000366210938,139,0.0,0.0
2024-08-12 15:05:00-04:00,206.8800048828125,206.94000244140625,206.8699951171875,206.8699951171875,2945,0.0,0.0
2024-08-12 15:10:00-04:00,206.8300018310547,207.2050018310547,206.8300018310547,207.02499389648438,6946,0.0,0.0
2024-08-12 15:15:00-04:00,206.9600067138672,207.0800018310547,206.9550018310547,207.0800018310547,1665,0.0,0.0
2024-08-12 15:20:00-04:00,207.02999877929688,207.0800018310547,206.89999389648438,206.97999572753906,2966,0.0,0.0
2024-08-12 15:25:00-04:00,207.1300048828125,207.1300048828125,206.82000732421875,206.82000732421875,3461,0.0,0.0
2024-08-12 15:30:00-04:00,206.89999389648438,207.08380126953125,206.7949981689453,206.9949951171875,3646,0.0,0.0
2024-08-12 15:35:00-04:00,206.94500732421875,207.11000061035156,206.8800048828125,206.8800048828125,6009,0.0,0.0
2024-08-12 15:40:00-04:00,206.90499877929688,207.24000549316406,206.90499877929688,207.1199951171875,9679,0.0,0.0
2024-08-12 15:45:00-04:00,207.0399932861328,207.24000549316406,206.96499633789062,207.125,6325,0.0,0.0
2024-08-12 15:50:00-04:00,207.14999389648438,207.3800048828125,207.13999938964844,207.24000549316406,12902,0.0,0.0
2024-08-12 15:55:00-04:00,207.27999877929688,207.5749969482422,207.2050018310547,207.4600067138672,27799,0.0,0.0
2024-08-13 09:30:00-04:00,208.67999267578125,208.67999267578125,205.9600067138672,207.7550048828125,2881,0.0,0.0
2024-08-13 09:35:00-04:00,208.51499938964844,208.51499938964844,207.97000122070312,207.97000122070312,911,0.0,0.0
2024-08-13 09:40:00-04:00,208.88999938964844,208.99000549316406,208.88999938964844,208.99000549316406,1712,0.0,0.0
2024-08-13 09:45:00-04:00,209.55499267578125,209.55499267578125,209.1199951171875,209.1300048828125,4239,0.0,0.0
2024-08-13 09:50:00-04:00,209.23500061035156,209.69000244140625,208.72999572753906,208.72999572753906,3524,0.0,0.0
2024-08-13 10:00:00-04:00,208.63999938964844,208.63999938964844,207.85000610351562,207.9149932861328,1954,0.0,0.0
2024-08-13 10:05:00-04:00,207.64999389648438,207.77999877929688,207.64999389648438,207.77999877929688,2116,0.0,0.0
2024-08-13 10:10:00-04:00,207.75999450683594,207.75999450683594,207.75999450683594,207.75999450683594,733,0.0,0.0
2024-08-13 10:15:00-04:00,207.6649932861328,207.6649932861328,207.39500427246094,207.39500427246094,897,0.0,0.0
2024-08-13 10:20:00-04:00,207.2949981689453,207.2949981689453,206.9499969482422,207.00999450683594,1584,0.0,0.0
2024-08-13 10:25:00-04:00,206.8699951171875,206.8699951171875,206.8300018310547,206.8300018310547,1896,0.0,0.0
2024-08-13 10:30:00-04:00,206.59500122070312,206.96499633789062,206.59500122070312,206.8000030517578,1663,0.0,0.0
2024-08-13 10:35:00-04:00,207.2899932861328,207.2899932861328,207.02499389648438,207.02499389648438,916,0.0,0.0
2024-08-13 10:40:00-04:00,207.3350067138672,207.5,207.3350067138672,207.5,690,0.0,0.0
2024-08-13 10:45:00-04:00,207.77999877929688,207.8592987060547,207.77999877929688,207.8592987060547,296,0.0,0.0
2024-08-13 10:50:00-04:00,207.86000061035156,207.86000061035156,207.2100067138672,207.2100067138672,3107,0.0,0.0
2024-08-13 10:55:00-04:00,207.7100067138672,207.7100067138672,207.7100067138672,207.7100067138672,306,0.0,0.0
2024-08-13 11:00:00-04:00,207.7100067138672,207.7100067138672,207.6750030517578,207.6750030517578,1151,0.0,0.0
2024-08-13 11:05:00-04:00,207.64999389648438,207.72999572753906,207.64999389648438,207.72999572753906,412,0.0,0.0
2024-08-13 11:10:00-04:00,207.4600067138672,207.4600067138672,207.4600067138672,207.4600067138672,502,0.0,0.0
2024-08-13 11:15:00-04:00,207.49859619140625,207.64500427246094,207.49859619140625,207.64500427246094,818,0.0,0.0
2024-08-13 11:20:00-04:00,207.47999572753906,207.7949981689453,207.47999572753906,207.77999877929688,1703,0.0,0.0
2024-08-13 11:25:00-04:00,207.4499969482422,207.4499969482422,207.4499969482422,207.4499969482422,417,0.0,0.0
2024-08-13 11:30:00-04:00,207.44000244140625,207.44000244140625,207.44000244140625,207.44000244140625,800,0.0,0.0
2024-08-13 11:35:00-04:00,207.55999755859375,207.55999755859375,207.55999755859375,207.55999755859375,223,0.0,0.0
2024-08-13 11:40:00-04:00,207.6199951171875,207.6199951171875,207.6199951171875,207.6199951171875,617,0.0,0.0
2024-08-13 11:45:00-04:00,207.75,207.75,207.75,207.75,742,0.0,0.0
2024-08-13 11:50:00-04:00,207.8300018310547,207.8800048828125,207.8300018310547,207.85000610351562,1217,0.0,0.0
2024-08-13 11:55:00-04:00,207.7100067138672,207.7100067138672,207.55999755859375,207.6300048828125,1483,0.0,0.0
2024-08-13 12:00:00-04:00,207.8000030517578,207.80999755859375,207.8000030517578,207.80999755859375,548,0.0,0.0
2024-08-13 12:05:00-04:00,207.84500122070312,207.89999389648438,207.84500122070312,207.89999389648438,1046,0.0,0.0
2024-08-13 12:15:00-04:00,207.9949951171875,208.0050048828125,207.9949951171875,208.0050048828125,500,0.0,0.0
2024-08-13 12:20:00-04:00,207.96499633789062,207.97999572753906,207.57000732421875,207.57000732421875,4714,0.0,0.0
2024-08-13 12:30:00-04:00,207.57000732421875,207.6300048828125,207.4499969482422,207.6300048828125,2735,0.0,0.0
2024-08-13 12:40:00-04:00,207.8000030517578,207.88999938964844,207.7100067138672,207.88999938964844,1104,0.0,0.0
2024-08-13 12:45:00-04:00,208.0,208.01499938964844,208.0,208.00999450683594,839,0.0,0.0
2024-08-13 12:50:00-04:00,208.1999969482422,208.3300018310547,208.1999969482422,208.30499267578125,2248,0.0,0.0
2024-08-13 12:55:00-04:00,208.2100067138672,208.2100067138672,208.13999938964844,208.13999938964844,1067,0.0,0.0
2024-08-13 13:00:00-04:00,208.02999877929688,208.02999877929688,208.0,208.0,793,0.0,0.0
2024-08-13 13:05:00-04:00,207.85000610351562,208.1199951171875,207.85000610351562,208.1199951171875,3455,0.0,0.0
2024-08-13 13:15:00-04:00,208.0050048828125,208.22999572753906,208.0050048828125,208.19500732421875,1384,0.0,0.0
2024-08-13 13:20:00-04:00,208.22999572753906,208.23500061035156,208.19000244140625,208.19000244140625,2039,0.0,0.0
2024-08-13 13:25:00-04:00,208.25999450683594,208.2899932861328,208.25999450683594,208.2899932861328,1965,0.0,0.0
2024-08-13 13:35:00-04:00,208.1300048828125,208.13999938964844,208.05499267578125,208.13999938964844,1175,0.0,0.0
2024-08-13 13:40:00-04:00,208.17999267578125,208.17999267578125,208.08999633789062,208.08999633789062,1056,0.0,0.0
2024-08-13 13:45:00-04:00,208.1999969482422,208.22000122070312,207.8300018310547,207.90499877929688,5133,0.0,0.0
2024-08-13 13:55:00-04:00,208.25999450683594,208.25999450683594,208.25999450683594,208.25999450683594,543,0.0,0.0
2024-08-13 14:00:00-04:00,208.30999755859375,208.33999633789062,208.30999755859375,208.33999633789062,1406,0.0,0.0
2024-08-13 14:05:00-04:00,208.1699981689453,208.1699981689453,208.1699981689453,208.1699981689453,330,0.0,0.0
2024-08-13 14:15:00-04:00,208.21499633789062,208.3249969482422,208.1331024169922,208.1331024169922,2442,0.0,0.0
2024-08-13 14:25:00-04:00,208.15499877929688,208.2899932861328,208.15499877929688,208.2899932861328,1339,0.0,0.0
2024-08-13 14:30:00-04:00,208.25999450683594,208.25999450683594,208.25999450683594,208.25999450683594,372,0.0,0.0
2024-08-13 14:35:00-04:00,208.2899932861328,208.43499755859375,208.2899932861328,208.43499755859375,1375,0.0,0.0
2024-08-13 14:40:00-04:00,208.47000122070312,208.68499755859375,208.44000244140625,208.5800018310547,2361,0.0,0.0
2024-08-13 14:45:00-04:00,208.57000732421875,208.57000732421875,208.5,208.5399932861328,3325,0.0,0.0
2024-08-13 14:50:00-04:00,208.67999267578125,208.6999969482422,208.55999755859375,208.6999969482422,4260,0.0,0.0
2024-08-13 14:55:00-04:00,208.74000549316406,208.74000549316406,208.63999938964844,208.6999969482422,1530,0.0,0.0
2024-08-13 15:00:00-04:00,208.6999969482422,208.8300018310547,208.6999969482422,208.8300018310547,1028,0.0,0.0
2024-08-13 15:05:00-04:00,208.75,208.91000366210938,208.7100067138672,208.80499267578125,2260,0.0,0.0
2024-08-13 15:10:00-04:00,208.8000030517578,208.9199981689453,208.8000030517578,208.9199981689453,5120,0.0,0.0
2024-08-13 15:15:00-04:00,208.90499877929688,208.90499877929688,208.90499877929688,208.90499877929688,995,0.0,0.0
2024-08-13 15:20:00-04:00,208.91000366210938,209.15499877929688,208.91000366210938,209.08999633789062,3070,0.0,0.0
2024-08-13 15:25:00-04:00,209.00999450683594,209.00999450683594,208.9199981689453,208.97999572753906,3532,0.0,0.0
2024-08-13 15:30:00-04:00,208.9550018310547,208.98500061035156,208.77999877929688,208.98500061035156,3430,0.0,0.0
2024-08-13 15:35:00-04:00,209.0399932861328,209.0399932861328,208.91830444335938,208.91830444335938,1165,0.0,0.0
2024-08-13 15:40:00-04:00,208.99000549316406,209.0800018310547,208.8699951171875,208.88999938964844,4992,0.0,0.0
2024-08-13 15:45:00-04:00,208.89500427246094,209.13999938964844,208.83999633789062,209.13999938964844,3940,0.0,0.0
2024-08-13 15:50:00-04:00,209.1999969482422,209.1999969482422,208.5500030517578,208.5500030517578,9079,0.0,0.0
2024-08-13 15:55:00-04:00,208.6699981689453,209.17999267578125,208.58999633789062,209.13999938964844,33488,0.0,0.0
2024-08-14 09:30:00-04:00,209.02999877929688,209.02999877929688,208.17999267578125,208.17999267578125,2060,0.0,0.0
2024-08-14 09:40:00-04:00,209.02000427246094,209.02000427246094,208.57000732421875,208.77000427246094,1416,0.0,0.0
2024-08-14 09:45:00-04:00,209.3000030517578,209.44000244140625,209.19000244140625,209.3800048828125,6803,0.0,0.0
2024-08-14 09:50:00-04:00,209.5800018310547,209.5800018310547,209.3800048828125,209.3800048828125,1218,0.0,0.0
2024-08-14 09:55:00-04:00,209.52999877929688,209.80999755859375,209.3699951171875,209.63499450683594,4612,0.0,0.0
2024-08-14 10:00:00-04:00,209.5850067138672,209.5850067138672,208.75,208.94500732421875,5101,0.0,0.0
2024-08-14 10:05:00-04:00,208.36000061035156,208.75999450683594,208.2100067138672,208.75999450683594,2202,0.0,0.0
2024-08-14 10:10:00-04:00,208.97000122070312,208.97000122070312,208.89999389648438,208.89999389648438,513,0.0,0.0
2024-08-14 10:15:00-04:00,209.0399932861328,209.1699981689453,208.92999267578125,209.1699981689453,1617,0.0,0.0
2024-08-14 10:20:00-04:00,209.4199981689453,209.58999633789062,209.2899932861328,209.52499389648438,3461,0.0,0.0
2024-08-14 10:25:00-04:00,209.55340576171875,209.8000030517578,209.55340576171875,209.7449951171875,1299,0.0,0.0
2024-08-14 10:30:00-04:00,209.60499572753906,209.77239990234375,209.59500122070312,209.61000061035156,3081,0.0,0.0
2024-08-14 10:35:00-04:00,209.5,209.5,209.46499633789062,209.46499633789062,942,0.0,0.0
2024-08-14 10:40:00-04:00,209.5500030517578,209.5500030517578,209.46499633789062,209.46499633789062,780,0.0,0.0
2024-08-14 10:45:00-04:00,209.46499633789062,209.46499633789062,209.33999633789062,209.4199981689453,1462,0.0,0.0
2024-08-14 10:50:00-04:00,209.4199981689453,209.4199981689453,208.96499633789062,209.1199951171875,1923,0.0,0.0
2024-08-14 10:55:00-04:00,209.24249267578125,209.24249267578125,208.97999572753906,209.0800018310547,1120,0.0,0.0
2024-08-14 11:00:00-04:00,209.19000244140625,209.19000244140625,209.1199951171875,209.1199951171875,1478,0.0,0.0
2024-08-14 11:05:00-04:00,209.10000610351562,209.10000610351562,208.9600067138672,208.9600067138672,1729,0.0,0.0
2024-08-14 11:10:00-04:00,209.19500732421875,209.19500732421875,209.10000610351562,209.14500427246094,1516,0.0,0.0
2024-08-14 11:15:00-04:00,209.14500427246094,209.14500427246094,209.0500030517578,209.07000732421875,1524,0.0,0.0
2024-08-14 11:20:00-04:00,209.18499755859375,209.18499755859375,209.0500030517578,209.0500030517578,932,0.0,0.0
2024-08-14 11:25:00-04:00,208.97000122070312,209.0,208.80999755859375,208.97500610351562,5072,0.0,0.0
2024-08-14 11:30:00-04:00,209.2100067138672,209.2100067138672,209.2100067138672,209.2100067138672,195,0.0,0.0
2024-08-14 11:35:00-04:00,209.0800018310547,209.08999633789062,209.0800018310547,209.08999633789062,702,0.0,0.0
2024-08-14 11:40:00-04:00,209.22999572753906,209.25999450683594,209.22999572753906,209.25999450683594,1600,0.0,0.0
2024-08-14 11:45:00-04:00,209.1300048828125,209.27999877929688,209.0,209.0,2691,0.0,0.0
2024-08-14 11:50:00-04:00,208.860107421875,209.0850067138672,208.860107421875,209.0850067138672,2646,0.0,0.0
2024-08-14 11:55:00-04:00,209.0850067138672,209.09500122070312,209.0850067138672,209.09500122070312,1121,0.0,0.0
2024-08-14 12:00:00-04:00,209.2899932861328,209.2899932861328,209.19500732421875,209.19500732421875,587,0.0,0.0
2024-08-14 12:05:00-04:00,209.07000732421875,209.2050018310547,209.07000732421875,209.2050018310547,328,0.0,0.0
2024-08-14 12:10:00-04:00,209.05999755859375,209.30999755859375,209.0399932861328,209.30999755859375,2884,0.0,0.0
2024-08-14 12:15:00-04:00,209.25,209.25,209.2449951171875,209.2449951171875,1017,0.0,0.0
2024-08-14 12:20:00-04:00,209.24000549316406,209.24000549316406,208.50999450683594,208.50999450683594,2564,0.0,0.0
2024-08-14 12:25:00-04:00,208.49000549316406,208.6699981689453,208.49000549316406,208.61000061035156,1846,0.0,0.0
2024-08-14 12:30:00-04:00,208.52000427246094,208.5850067138672,208.52000427246094,208.5850067138672,1286,0.0,0.0
2024-08-14 12:35:00-04:00,208.4499969482422,208.8000030517578,208.4499969482422,208.8000030517578,2863,0.0,0.0
2024-08-14 12:40:00-04:00,208.64999389648438,208.64999389648438,208.47000122070312,208.47000122070312,1160,0.0,0.0
2024-08-14 12:45:00-04:00,208.5,208.61000061035156,208.47999572753906,208.61000061035156,728,0.0,0.0
2024-08-14 12:50:00-04:00,208.72500610351562,208.72500610351562,208.72500610351562,208.72500610351562,602,0.0,0.0
2024-08-14 12:55:00-04:00,208.82000732421875,209.0500030517578,208.82000732421875,209.0500030517578,1009,0.0,0.0
2024-08-14 13:00:00-04:00,208.91000366210938,208.91000366210938,208.77999877929688,208.7899932861328,1458,0.0,0.0
2024-08-14 13:05:00-04:00,208.80999755859375,209.0500030517578,208.80999755859375,209.0500030517578,1343,0.0,0.0
2024-08-14 13:10:00-04:00,208.72869873046875,208.86500549316406,208.72869873046875,208.77999877929688,905,0.0,0.0
2024-08-14 13:15:00-04:00,208.875,208.875,208.875,208.875,772,0.0,0.0
2024-08-14 13:20:00-04:00,208.75,208.75,208.75,208.75,595,0.0,0.0
2024-08-14 13:25:00-04:00,208.75,208.75,208.6649932861328,208.6649932861328,1991,0.0,0.0
2024-08-14 13:30:00-04:00,208.6649932861328,208.6649932861328,208.6649932861328,208.6649932861328,1142,0.0,0.0
2024-08-14 13:35:00-04:00,208.8249969482422,208.8249969482422,208.8249969482422,208.8249969482422,584,0.0,0.0
2024-08-14 13:40:00-04:00,208.94000244140625,209.10000610351562,208.91000366210938,209.10000610351562,2256,0.0,0.0
2024-08-14 13:45:00-04:00,209.1199951171875,209.1199951171875,209.10499572753906,209.10499572753906,247,0.0,0.0
2024-08-14 13:50:00-04:00,208.9700927734375,209.10000610351562,208.9700927734375,209.08999633789062,2096,0.0,0.0
2024-08-14 13:55:00-04:00,209.0850067138672,209.0850067138672,209.0,209.00999450683594,1436,0.0,0.0
2024-08-14 14:00:00-04:00,208.99000549316406,208.99000549316406,208.78500366210938,208.78500366210938,3863,0.0,0.0
2024-08-14 14:05:00-04:00,208.75,208.88999938964844,208.7449951171875,208.7449951171875,1579,0.0,0.0
2024-08-14 14:10:00-04:00,208.80999755859375,208.88999938964844,208.80999755859375,208.8800048828125,1697,0.0,0.0
2024-08-14 14:15:00-04:00,208.7899932861328,208.91000366210938,208.6699981689453,208.6699981689453,2030,0.0,0.0
2024-08-14 14:25:00-04:00,208.80499267578125,208.86000061035156,208.80499267578125,208.80999755859375,1279,0.0,0.0
2024-08-14 14:30:00-04:00,208.80999755859375,208.9250030517578,208.80999755859375,208.9250030517578,2175,0.0,0.0
2024-08-14 14:35:00-04:00,208.92999267578125,208.92999267578125,208.88999938964844,208.92999267578125,1608,0.0,0.0
2024-08-14 14:40:00-04:00,208.97000122070312,209.0050048828125,208.9499969482422,209.0,2871,0.0,0.0
2024-08-14 14:45:00-04:00,209.05999755859375,209.06500244140625,209.00999450683594,209.00999450683594,1640,0.0,0.0
2024-08-14 14:50:00-04:00,209.02999877929688,209.26499938964844,209.00999450683594,209.26499938964844,3634,0.0,0.0
2024-08-14 14:55:00-04:00,209.38999938964844,209.42999267578125,209.38999938964844,209.4199981689453,1027,0.0,0.0
2024-08-14 15:00:00-04:00,209.4199981689453,209.4250030517578,209.2899932861328,209.2899932861328,2661,0.0,0.0
2024-08-14 15:05:00-04:00,209.27999877929688,209.42999267578125,209.27999877929688,209.42999267578125,1669,0.0,0.0
2024-08-14 15:10:00-04:00,209.25999450683594,209.25999450683594,208.97000122070312,209.0800018310547,3468,0.0,0.0
2024-08-14 15:15:00-04:00,208.9600067138672,208.9600067138672,208.75999450683594,208.8350067138672,2059,0.0,0.0
2024-08-14 15:20:00-04:00,208.8800048828125,208.8800048828125,208.72000122070312,208.8699951171875,2597,0.0,0.0
2024-08-14 15:25:00-04:00,208.83999633789062,208.83999633789062,208.75010681152344,208.8123016357422,2015,0.0,0.0
2024-08-14 15:30:00-04:00,208.77000427246094,208.8000030517578,208.53199768066406,208.53199768066406,5408,0.0,0.0
2024-08-14 15:35:00-04:00,208.57000732421875,208.6300048828125,208.57000732421875,208.5800018310547,1884,0.0,0.0
2024-08-14 15:40:00-04:00,208.61000061035156,208.6999969482422,208.57000732421875,208.63999938964844,4798,0.0,0.0
2024-08-14 15:45:00-04:00,208.6199951171875,208.6199951171875,208.30999755859375,208.30999755859375,5639,0.0,0.0
2024-08-14 15:50:00-04:00,208.39999389648438,208.61500549316406,208.25,208.5,9576,0.0,0.0
2024-08-14 15:55:00-04:00,208.58999633789062,209.1699981689453,208.58999633789062,208.9499969482422,47853,0.0,0.0
2024-08-15 09:30:00-04:00,213.5500030517578,213.5500030517578,213.5500030517578,213.5500030517578,4800,0.0,0.0
2024-08-15 09:35:00-04:00,213.44000244140625,213.75,213.44000244140625,213.75,862,0.0,0.0
2024-08-15 09:40:00-04:00,212.5850067138672,212.5850067138672,212.22999572753906,212.27000427246094,2657,0.0,0.0
2024-08-15 09:45:00-04:00,212.25999450683594,212.64500427246094,211.58399963378906,211.97000122070312,3573,0.0,0.0
2024-08-15 09:50:00-04:00,212.14999389648438,212.14999389648438,211.57000732421875,211.57000732421875,3417,0.0,0.0
2024-08-15 09:55:00-04:00,211.60000610351562,211.61000061035156,210.9499969482422,210.9499969482422,11002,0.0,0.0
2024-08-15 10:00:00-04:00,211.01499938964844,211.09500122070312,211.0,211.09500122070312,2132,0.0,0.0
2024-08-15 10:05:00-04:00,210.86000061035156,210.86000061035156,210.44000244140625,210.6199951171875,2360,0.0,0.0
2024-08-15 10:10:00-04:00,210.6999969482422,210.6999969482422,210.6999969482422,210.6999969482422,790,0.0,0.0
2024-08-15 10:15:00-04:00,210.71499633789062,210.81500244140625,210.7100067138672,210.81500244140625,1257,0.0,0.0
2024-08-15 10:20:00-04:00,210.80999755859375,211.0800018310547,210.7899932861328,211.0800018310547,3904,0.0,0.0
2024-08-15 10:25:00-04:00,211.16000366210938,211.45120239257812,211.14999389648438,211.42999267578125,3702,0.0,0.0
2024-08-15 10:30:00-04:00,211.3699951171875,211.3699951171875,211.0,211.02000427246094,1772,0.0,0.0
2024-08-15 10:35:00-04:00,211.17999267578125,211.17999267578125,210.75999450683594,210.75999450683594,1576,0.0,0.0
2024-08-15 10:40:00-04:00,210.77999877929688,210.88999938964844,210.5561981201172,210.88999938964844,3821,0.0,0.0
2024-08-15 10:45:00-04:00,210.83999633789062,211.1300048828125,210.82000732421875,211.1300048828125,2785,0.0,0.0
2024-08-15 10:50:00-04:00,211.05999755859375,211.05999755859375,211.0500030517578,211.0500030517578,1764,0.0,0.0
2024-08-15 10:55:00-04:00,211.02999877929688,211.11000061035156,211.0,211.10499572753906,2127,0.0,0.0
2024-08-15 11:00:00-04:00,211.0,211.2100067138672,211.0,211.13999938964844,2435,0.0,0.0
2024-08-15 11:05:00-04:00,211.28500366210938,211.47779846191406,211.28500366210938,211.47779846191406,2206,0.0,0.0
2024-08-15 11:10:00-04:00,211.57000732421875,211.77499389648438,211.3350067138672,211.4600067138672,2550,0.0,0.0
2024-08-15 11:15:00-04:00,211.67999267578125,211.67999267578125,211.5,211.5,3034,0.0,0.0
2024-08-15 11:20:00-04:00,211.5,211.60000610351562,211.48500061035156,211.48500061035156,2515,0.0,0.0
2024-08-15 11:25:00-04:00,211.52000427246094,211.52000427246094,211.52000427246094,211.52000427246094,1587,0.0,0.0
2024-08-15 11:30:00-04:00,211.77999877929688,211.78500366210938,211.6699981689453,211.78500366210938,2099,0.0,0.0
2024-08-15 11:35:00-04:00,211.8000030517578,211.8000030517578,211.63499450683594,211.63499450683594,2040,0.0,0.0
2024-08-15 11:40:00-04:00,211.5749969482422,212.02000427246094,211.5749969482422,212.0,2351,0.0,0.0
2024-08-15 11:45:00-04:00,211.76499938964844,212.0850067138672,211.76499938964844,212.0850067138672,1112,0.0,0.0
2024-08-15 11:50:00-04:00,211.94500732421875,212.03500366210938,211.88999938964844,212.02999877929688,1345,0.0,0.0
2024-08-15 11:55:00-04:00,212.0399932861328,212.1300048828125,212.01499938964844,212.1300048828125,2800,0.0,0.0
2024-08-15 12:00:00-04:00,211.92999267578125,211.97000122070312,211.92999267578125,211.9600067138672,1628,0.0,0.0
2024-08-15 12:05:00-04:00,211.9600067138672,212.2198944091797,211.9600067138672,212.11000061035156,1802,0.0,0.0
2024-08-15 12:10:00-04:00,212.06500244140625,212.06500244140625,212.05999755859375,212.05999755859375,2743,0.0,0.0
2024-08-15 12:15:00-04:00,212.10499572753906,212.125,212.10499572753906,212.125,917,0.0,0.0
2024-08-15 12:20:00-04:00,212.125,212.3000030517578,212.125,212.3000030517578,2047,0.0,0.0
2024-08-15 12:25:00-04:00,212.1999969482422,212.3350067138672,212.19000244140625,212.1999969482422,4209,0.0,0.0
2024-08-15 12:30:00-04:00,212.1999969482422,212.3699951171875,212.13999938964844,212.3699951171875,4364,0.0,0.0
2024-08-15 12:35:00-04:00,212.2449951171875,212.2449951171875,212.11000061035156,212.11500549316406,3796,0.0,0.0
2024-08-15 12:40:00-04:00,211.9499969482422,211.9499969482422,211.88999938964844,211.88999938964844,983,0.0,0.0
2024-08-15 12:45:00-04:00,211.89500427246094,211.89500427246094,211.75999450683594,211.81500244140625,1137,0.0,0.0
2024-08-15 12:50:00-04:00,211.86500549316406,211.86500549316406,211.77999877929688,211.77999877929688,1247,0.0,0.0
2024-08-15 12:55:00-04:00,211.8350067138672,211.8350067138672,211.8350067138672,211.8350067138672,425,0.0,0.0
2024-08-15 13:00:00-04:00,211.8350067138672,212.0399932861328,211.8350067138672,212.02999877929688,5852,0.0,0.0
2024-08-15 13:05:00-04:00,212.02999877929688,212.02999877929688,211.8800048828125,211.9600067138672,1990,0.0,0.0
2024-08-15 13:10:00-04:00,211.9499969482422,212.0800018310547,211.9499969482422,212.0800018310547,3010,0.0,0.0
2024-08-15 13:15:00-04:00,212.0749969482422,212.0749969482422,212.0749969482422,212.0749969482422,1139,0.0,0.0
2024-08-15 13:20:00-04:00,212.14999389648438,212.1699981689453,212.10000610351562,212.11000061035156,2765,0.0,0.0
2024-08-15 13:25:00-04:00,212.14999389648438,212.16000366210938,212.11500549316406,212.1199951171875,3138,0.0,0.0
2024-08-15 13:30:00-04:00,212.14999389648438,212.2050018310547,212.00999450683594,212.14999389648438,10937,0.0,0.0
2024-08-15 13:35:00-04:00,212.14999389648438,212.24000549316406,212.10000610351562,212.10000610351562,5103,0.0,0.0
2024-08-15 13:40:00-04:00,212.07260131835938,212.1475067138672,212.07000732421875,212.1475067138672,1816,0.0,0.0
2024-08-15 13:45:00-04:00,212.10499572753906,212.10499572753906,211.85499572753906,211.85499572753906,3059,0.0,0.0
2024-08-15 13:55:00-04:00,211.9199981689453,212.21499633789062,211.9199981689453,212.1999969482422,6377,0.0,0.0
2024-08-15 14:00:00-04:00,212.21499633789062,212.65499877929688,212.1999969482422,212.65499877929688,4372,0.0,0.0
2024-08-15 14:05:00-04:00,212.6300048828125,212.6300048828125,212.50999450683594,212.52000427246094,2228,0.0,0.0
2024-08-15 14:10:00-04:00,212.49000549316406,212.49000549316406,212.42999267578125,212.42999267578125,1182,0.0,0.0
2024-08-15 14:15:00-04:00,212.35000610351562,212.52499389648438,212.35000610351562,212.49000549316406,4105,0.0,0.0
2024-08-15 14:20:00-04:00,212.48500061035156,212.58999633789062,212.48500061035156,212.58999633789062,749,0.0,0.0
2024-08-15 14:25:00-04:00,212.50999450683594,212.52999877929688,212.44500732421875,212.4600067138672,3648,0.0,0.0
2024-08-15 14:30:00-04:00,212.5,212.57000732421875,212.42999267578125,212.52000427246094,9764,0.0,0.0
2024-08-15 14:35:00-04:00,212.5,212.6300048828125,212.48500061035156,212.6300048828125,3403,0.0,0.0
2024-08-15 14:40:00-04:00,212.64999389648438,212.77000427246094,212.38999938964844,212.38999938964844,3017,0.0,0.0
2024-08-15 14:45:00-04:00,212.41000366210938,212.4199981689453,212.33999633789062,212.33999633789062,2768,0.0,0.0
2024-08-15 14:50:00-04:00,212.3300018310547,212.38999938964844,212.1300048828125,212.22000122070312,6007,0.0,0.0
2024-08-15 14:55:00-04:00,212.22000122070312,212.32000732421875,212.19000244140625,212.2100067138672,5931,0.0,0.0
2024-08-15 15:00:00-04:00,212.1699981689453,212.27999877929688,212.11000061035156,212.22000122070312,5584,0.0,0.0
2024-08-15 15:05:00-04:00,212.32000732421875,212.48500061035156,212.27999877929688,212.27999877929688,5339,0.0,0.0
2024-08-15 15:10:00-04:00,212.2949981689453,212.38999938964844,212.22500610351562,212.27499389648438,4085,0.0,0.0
2024-08-15 15:15:00-04:00,212.27000427246094,212.5399932861328,212.27000427246094,212.47000122070312,4373,0.0,0.0
2024-08-15 15:20:00-04:00,212.5,212.57000732421875,212.5,212.57000732421875,1584,0.0,0.0
2024-08-15 15:25:00-04:00,212.7100067138672,212.94000244140625,212.61000061035156,212.94000244140625,5207,0.0,0.0
2024-08-15 15:30:00-04:00,212.86000061035156,212.86000061035156,212.72000122070312,212.77000427246094,6884,0.0,0.0
2024-08-15 15:35:00-04:00,212.82000732421875,212.85000610351562,212.69000244140625,212.8000030517578,5567,0.0,0.0
2024-08-15 15:40:00-04:00,212.86000061035156,212.88999938964844,212.22999572753906,212.3000030517578,8687,0.0,0.0
2024-08-15 15:45:00-04:00,212.3000030517578,212.4600067138672,212.2550048828125,212.2949981689453,7751,0.0,0.0
2024-08-15 15:50:00-04:00,212.2449951171875,212.5800018310547,212.07000732421875,212.32000732421875,15324,0.0,0.0
2024-08-15 15:55:00-04:00,212.44000244140625,212.6699981689453,212.24000549316406,212.5800018310547,39233,0.0,0.0
2024-08-16 09:30:00-04:00,211.8800048828125,211.8800048828125,211.1300048828125,211.1300048828125,12320,0.0,0.0
2024-08-16 09:35:00-04:00,211.72999572753906,211.74000549316406,211.72999572753906,211.74000549316406,1904,0.0,0.0
2024-08-16 09:40:00-04:00,211.1699981689453,211.1999969482422,211.1699981689453,211.1699981689453,1149,0.0,0.0
2024-08-16 09:45:00-04:00,210.99000549316406,210.99000549316406,210.99000549316406,210.99000549316406,266,0.0,0.0
2024-08-16 09:50:00-04:00,211.1699981689453,211.1699981689453,211.0500030517578,211.15499877929688,1215,0.0,0.0
2024-08-16 09:55:00-04:00,211.0500030517578,211.4600067138672,211.0500030517578,211.4600067138672,2624,0.0,0.0
2024-08-16 10:00:00-04:00,211.4600067138672,211.5800018310547,211.27000427246094,211.36000061035156,8178,0.0,0.0
2024-08-16 10:05:00-04:00,211.5,211.5500030517578,211.19000244140625,211.19000244140625,1816,0.0,0.0
2024-08-16 10:10:00-04:00,211.32000732421875,211.32000732421875,211.02999877929688,211.1199951171875,2848,0.0,0.0
2024-08-16 10:15:00-04:00,211.125,211.7100067138672,211.11500549316406,211.2949981689453,5788,0.0,0.0
2024-08-16 10:20:00-04:00,210.9499969482422,210.9499969482422,210.91749572753906,210.91749572753906,1186,0.0,0.0
2024-08-16 10:25:00-04:00,210.9199981689453,211.2899932861328,210.9199981689453,211.2899932861328,14650,0.0,0.0
2024-08-16 10:30:00-04:00,211.2050018310547,211.28500366210938,210.86500549316406,210.86500549316406,2147,0.0,0.0
2024-08-16 10:35:00-04:00,210.75,210.75,210.75,210.75,1201,0.0,0.0
2024-08-16 10:45:00-04:00,210.80999755859375,210.80999755859375,210.80999755859375,210.80999755859375,1090,0.0,0.0
2024-08-16 10:50:00-04:00,210.85499572753906,211.05909729003906,210.75999450683594,210.75999450683594,4182,0.0,0.0
2024-08-16 10:55:00-04:00,210.68499755859375,210.68499755859375,210.68499755859375,210.68499755859375,572,0.0,0.0
2024-08-16 11:00:00-04:00,210.73500061035156,211.0449981689453,210.4600067138672,211.0449981689453,8054,0.0,0.0
2024-08-16 11:05:00-04:00,211.0,211.0,211.0,211.0,537,0.0,0.0
2024-08-16 11:10:00-04:00,211.17999267578125,211.17999267578125,211.0,211.17999267578125,1376,0.0,0.0
2024-08-16 11:15:00-04:00,211.2100067138672,211.41000366210938,211.2100067138672,211.41000366210938,1246,0.0,0.0
2024-08-16 11:25:00-04:00,211.5,211.5,211.5,211.5,881,0.0,0.0
2024-08-16 11:30:00-04:00,211.60940551757812,211.77499389648438,211.57000732421875,211.77499389648438,1890,0.0,0.0
2024-08-16 11:35:00-04:00,211.8000030517578,211.8000030517578,211.42999267578125,211.42999267578125,2262,0.0,0.0
2024-08-16 11:40:00-04:00,211.43359375,211.57000732421875,211.38999938964844,211.4499969482422,6374,0.0,0.0
2024-08-16 11:45:00-04:00,211.4499969482422,211.58999633789062,211.42019653320312,211.55999755859375,2283,0.0,0.0
2024-08-16 11:50:00-04:00,211.52000427246094,211.52000427246094,211.47500610351562,211.47500610351562,1392,0.0,0.0
2024-08-16 11:55:00-04:00,211.58999633789062,211.63499450683594,211.50999450683594,211.50999450683594,2373,0.0,0.0
2024-08-16 12:00:00-04:00,211.4499969482422,211.6699981689453,211.4499969482422,211.5,1084,0.0,0.0
2024-08-16 12:05:00-04:00,211.49000549316406,211.6649932861328,211.49000549316406,211.6649932861328,1016,0.0,0.0
2024-08-16 12:10:00-04:00,211.60000610351562,211.69000244140625,211.50999450683594,211.63999938964844,2883,0.0,0.0
2024-08-16 12:15:00-04:00,211.63999938964844,211.8699951171875,211.55999755859375,211.8699951171875,4046,0.0,0.0
2024-08-16 12:20:00-04:00,211.83999633789062,211.83999633789062,211.83999633789062,211.83999633789062,841,0.0,0.0
2024-08-16 12:30:00-04:00,211.9600067138672,212.0,211.86000061035156,212.0,2642,0.0,0.0
2024-08-16 12:35:00-04:00,211.97999572753906,212.14999389648438,211.93499755859375,212.14999389648438,14261,0.0,0.0
2024-08-16 12:40:00-04:00,212.27499389648438,212.27499389648438,212.1300048828125,212.1300048828125,2145,0.0,0.0
2024-08-16 12:45:00-04:00,212.10499572753906,212.10499572753906,211.94000244140625,211.94000244140625,729,0.0,0.0
2024-08-16 12:50:00-04:00,211.97500610351562,212.11000061035156,211.9499969482422,211.9949951171875,2314,0.0,0.0
2024-08-16 12:55:00-04:00,212.1300048828125,212.14999389648438,211.6699981689453,211.6699981689453,4771,0.0,0.0
2024-08-16 13:00:00-04:00,211.63999938964844,211.63999938964844,211.6300048828125,211.6300048828125,1086,0.0,0.0
2024-08-16 13:05:00-04:00,211.57000732421875,211.625,211.22000122070312,211.33999633789062,2857,0.0,0.0
2024-08-16 13:10:00-04:00,211.27999877929688,211.27999877929688,211.27999877929688,211.27999877929688,654,0.0,0.0
2024-08-16 13:15:00-04:00,211.3699951171875,211.41000366210938,211.36500549316406,211.36500549316406,1756,0.0,0.0
2024-08-16 13:20:00-04:00,211.2899932861328,211.2899932861328,211.2899932861328,211.2899932861328,289,0.0,0.0
2024-08-16 13:25:00-04:00,211.2899932861328,211.2899932861328,211.2899932861328,211.2899932861328,884,0.0,0.0
2024-08-16 13:30:00-04:00,211.38999938964844,211.48500061035156,211.38999938964844,211.38999938964844,2054,0.0,0.0
2024-08-16 13:35:00-04:00,211.5399932861328,211.5399932861328,211.4499969482422,211.4600067138672,2450,0.0,0.0
2024-08-16 13:40:00-04:00,211.4499969482422,211.75999450683594,211.4499969482422,211.75999450683594,2064,0.0,0.0
2024-08-16 13:45:00-04:00,211.7899932861328,211.7899932861328,211.46499633789062,211.46499633789062,2980,0.0,0.0
2024-08-16 13:50:00-04:00,211.42999267578125,211.75,211.41000366210938,211.63499450683594,11449,0.0,0.0
2024-08-16 13:55:00-04:00,211.74000549316406,211.9199981689453,211.7100067138672,211.75,3285,0.0,0.0
2024-08-16 14:00:00-04:00,211.7100067138672,211.75999450683594,211.64999389648438,211.75999450683594,1804,0.0,0.0
2024-08-16 14:05:00-04:00,211.7899932861328,211.9199981689453,211.72500610351562,211.7899932861328,3938,0.0,0.0
2024-08-16 14:10:00-04:00,211.75999450683594,211.8300018310547,211.58999633789062,211.58999633789062,6043,0.0,0.0
2024-08-16 14:15:00-04:00,211.69000244140625,211.92999267578125,211.6649932861328,211.8300018310547,2830,0.0,0.0
2024-08-16 14:20:00-04:00,211.94000244140625,211.94000244140625,211.83999633789062,211.9199981689453,2158,0.0,0.0
2024-08-16 14:25:00-04:00,211.89999389648438,212.28500366210938,211.88999938964844,212.05499267578125,26614,0.0,0.0
2024-08-16 14:30:00-04:00,212.05499267578125,212.1300048828125,211.9600067138672,212.11000061035156,5885,0.0,0.0
2024-08-16 14:35:00-04:00,212.1999969482422,212.2100067138672,211.97000122070312,212.1300048828125,8674,0.0,0.0
2024-08-16 14:40:00-04:00,212.10000610351562,212.11000061035156,211.9499969482422,211.9499969482422,3470,0.0,0.0
2024-08-16 14:45:00-04:00,212.02000427246094,212.1699981689453,211.97999572753906,212.03500366210938,6022,0.0,0.0
2024-08-16 14:50:00-04:00,212.00999450683594,212.39500427246094,211.99000549316406,212.39500427246094,5120,0.0,0.0
2024-08-16 14:55:00-04:00,212.47000122070312,212.60499572753906,212.47000122070312,212.57009887695312,1907,0.0,0.0
2024-08-16 15:00:00-04:00,212.67999267578125,212.67999267578125,212.4499969482422,212.4499969482422,2521,0.0,0.0
2024-08-16 15:05:00-04:00,212.47000122070312,213.10000610351562,212.47000122070312,213.00999450683594,8965,0.0,0.0
2024-08-16 15:10:00-04:00,212.9499969482422,213.22999572753906,212.9499969482422,213.22999572753906,8762,0.0,0.0
2024-08-16 15:15:00-04:00,213.2449951171875,213.2449951171875,212.9199981689453,212.97000122070312,9418,0.0,0.0
2024-08-16 15:20:00-04:00,212.97000122070312,213.09500122070312,212.69000244140625,212.69000244140625,9522,0.0,0.0
2024-08-16 15:25:00-04:00,212.64500427246094,213.0800018310547,212.64500427246094,213.06190490722656,4727,0.0,0.0
2024-08-16 15:30:00-04:00,213.02000427246094,213.11000061035156,212.77999877929688,213.11000061035156,10441,0.0,0.0
2024-08-16 15:35:00-04:00,213.1699981689453,213.49000549316406,213.1699981689453,213.4550018310547,9985,0.0,0.0
2024-08-16 15:40:00-04:00,213.52000427246094,213.55499267578125,212.97000122070312,212.97999572753906,12259,0.0,0.0
2024-08-16 15:45:00-04:00,212.86000061035156,213.16000366210938,212.69500732421875,213.1300048828125,7996,0.0,0.0
2024-08-16 15:50:00-04:00,213.07000732421875,213.49000549316406,212.9600067138672,213.00999450683594,23165,0.0,0.0
2024-08-16 15:55:00-04:00,212.9199981689453,213.19000244140625,212.8000030517578,212.9499969482422,56317,0.0,0.0
2024-08-19 09:30:00-04:00,213.57000732421875,213.57000732421875,213.55999755859375,213.55999755859375,2312,0.0,0.0
2024-08-19 09:35:00-04:00,213.5449981689453,213.5449981689453,213.30999755859375,213.30999755859375,567,0.0,0.0
2024-08-19 09:40:00-04:00,213.41000366210938,213.97000122070312,213.1199951171875,213.97000122070312,1885,0.0,0.0
2024-08-19 09:45:00-04:00,214.07000732421875,214.41000366210938,213.44090270996094,213.90499877929688,1306,0.0,0.0
2024-08-19 09:50:00-04:00,213.5500030517578,213.60000610351562,213.1199951171875,213.1199951171875,1250,0.0,0.0
2024-08-19 09:55:00-04:00,212.798095703125,212.798095703125,212.3800048828125,212.3800048828125,789,0.0,0.0
2024-08-19 10:00:00-04:00,212.67999267578125,212.68499755859375,212.6750030517578,212.6750030517578,1392,0.0,0.0
2024-08-19 10:05:00-04:00,212.83999633789062,213.0500030517578,212.83999633789062,212.9199981689453,2593,0.0,0.0
2024-08-19 10:10:00-04:00,212.88499450683594,212.88499450683594,212.47999572753906,212.7100067138672,1231,0.0,0.0
2024-08-19 10:15:00-04:00,212.75999450683594,212.8300018310547,212.6300048828125,212.6300048828125,2233,0.0,0.0
2024-08-19 10:20:00-04:00,212.59500122070312,212.8300018310547,212.59500122070312,212.76499938964844,5112,0.0,0.0
2024-08-19 10:25:00-04:00,212.76499938964844,213.42999267578125,212.76499938964844,213.27000427246094,1654,0.0,0.0
2024-08-19 10:30:00-04:00,213.24000549316406,213.24000549316406,213.02999877929688,213.02999877929688,868,0.0,0.0
2024-08-19 10:40:00-04:00,213.14500427246094,213.14500427246094,213.14500427246094,213.14500427246094,708,0.0,0.0
2024-08-19 10:45:00-04:00,213.14500427246094,213.14500427246094,213.14500427246094,213.14500427246094,507,0.0,0.0
2024-08-19 10:50:00-04:00,213.30999755859375,213.40499877929688,213.2899932861328,213.2949981689453,1428,0.0,0.0
2024-08-19 10:55:00-04:00,213.2899932861328,213.5800018310547,213.2899932861328,213.5800018310547,1948,0.0,0.0
2024-08-19 11:00:00-04:00,213.64500427246094,213.64500427246094,213.30999755859375,213.30999755859375,4178,0.0,0.0
2024-08-19 11:05:00-04:00,213.25999450683594,213.2899932861328,213.25999450683594,213.2899932861328,729,0.0,0.0
2024-08-19 11:10:00-04:00,213.13999938964844,213.13999938964844,213.0399932861328,213.13499450683594,2200,0.0,0.0
2024-08-19 11:15:00-04:00,213.24000549316406,213.25999450683594,213.08999633789062,213.11000061035156,5389,0.0,0.0
2024-08-19 11:20:00-04:00,213.10000610351562,213.10499572753906,213.01010131835938,213.10499572753906,1276,0.0,0.0
2024-08-19 11:25:00-04:00,213.02999877929688,213.1999969482422,212.89500427246094,212.89500427246094,4707,0.0,0.0
2024-08-19 11:30:00-04:00,212.7100067138672,212.8300018310547,212.5800018310547,212.72000122070312,1524,0.0,0.0
2024-08-19 11:35:00-04:00,212.8800048828125,212.8800048828125,212.6750030517578,212.72500610351562,3977,0.0,0.0
2024-08-19 11:40:00-04:00,212.8300018310547,213.27999877929688,212.77999877929688,213.0500030517578,9281,0.0,0.0
2024-08-19 11:45:00-04:00,212.94000244140625,212.99000549316406,212.94000244140625,212.99000549316406,1850,0.0,0.0
2024-08-19 11:50:00-04:00,213.0,213.08999633789062,212.9600067138672,212.9600067138672,1896,0.0,0.0
2024-08-19 11:55:00-04:00,212.9600067138672,212.97000122070312,212.8350067138672,212.8350067138672,3113,0.0,0.0
2024-08-19 12:00:00-04:00,212.8350067138672,212.9949951171875,212.8350067138672,212.89999389648438,3774,0.0,0.0
2024-08-19 12:05:00-04:00,212.72999572753906,212.72999572753906,212.72999572753906,212.72999572753906,220,0.0,0.0
2024-08-19 12:10:00-04:00,212.85000610351562,212.85000610351562,212.7100067138672,212.7100067138672,1047,0.0,0.0
2024-08-19 12:15:00-04:00,212.8699951171875,212.8699951171875,212.8000030517578,212.8699951171875,1281,0.0,0.0
2024-08-19 12:20:00-04:00,212.77000427246094,212.77000427246094,212.75999450683594,212.75999450683594,733,0.0,0.0
2024-08-19 12:25:00-04:00,212.6300048828125,213.0399932861328,212.6300048828125,212.8699951171875,3178,0.0,0.0
2024-08-19 12:35:00-04:00,213.01499938964844,213.02000427246094,212.94000244140625,213.02000427246094,4832,0.0,0.0
2024-08-19 12:40:00-04:00,212.97999572753906,212.97999572753906,212.875,212.875,1225,0.0,0.0
2024-08-19 12:45:00-04:00,212.80999755859375,213.0050048828125,212.80999755859375,213.0050048828125,1800,0.0,0.0
2024-08-19 12:50:00-04:00,212.9600067138672,213.0500030517578,212.91000366210938,212.9499969482422,2636,0.0,0.0
2024-08-19 13:00:00-04:00,212.81689453125,212.81689453125,212.77000427246094,212.7899932861328,2410,0.0,0.0
2024-08-19 13:05:00-04:00,212.75,212.94000244140625,212.6999969482422,212.94000244140625,2011,0.0,0.0
2024-08-19 13:10:00-04:00,212.8699951171875,212.8699951171875,212.74000549316406,212.74000549316406,984,0.0,0.0
2024-08-19 13:25:00-04:00,212.60000610351562,212.60000610351562,212.58999633789062,212.58999633789062,875,0.0,0.0
2024-08-19 13:30:00-04:00,212.5749969482422,212.5749969482422,212.5749969482422,212.5749969482422,934,0.0,0.0
2024-08-19 13:35:00-04:00,212.5800018310547,212.6999969482422,212.5800018310547,212.6999969482422,2087,0.0,0.0
2024-08-19 13:40:00-04:00,212.7100067138672,212.75999450683594,212.6699981689453,212.72999572753906,1600,0.0,0.0
2024-08-19 13:45:00-04:00,212.6999969482422,212.6999969482422,212.6699981689453,212.6699981689453,787,0.0,0.0
2024-08-19 13:50:00-04:00,212.6699981689453,212.6699981689453,212.46389770507812,212.46389770507812,1039,0.0,0.0
2024-08-19 13:55:00-04:00,212.5500030517578,212.6199951171875,212.5500030517578,212.61000061035156,1752,0.0,0.0
2024-08-19 14:00:00-04:00,212.52999877929688,212.52999877929688,212.52999877929688,212.52999877929688,751,0.0,0.0
2024-08-19 14:05:00-04:00,212.52999877929688,212.53500366210938,212.52999877929688,212.53500366210938,1138,0.0,0.0
2024-08-19 14:10:00-04:00,212.5399932861328,212.5399932861328,212.5399932861328,212.5399932861328,1330,0.0,0.0
2024-08-19 14:15:00-04:00,212.5749969482422,212.60000610351562,212.5749969482422,212.60000610351562,1400,0.0,0.0
2024-08-19 14:20:00-04:00,212.66000366210938,212.66000366210938,212.63999938964844,212.63999938964844,826,0.0,0.0
2024-08-19 14:25:00-04:00,212.61500549316406,212.61500549316406,212.4600067138672,212.4600067138672,1768,0.0,0.0
2024-08-19 14:30:00-04:00,212.4499969482422,212.4499969482422,212.4499969482422,212.4499969482422,737,0.0,0.0
2024-08-19 14:35:00-04:00,212.44000244140625,212.44000244140625,212.42999267578125,212.44000244140625,1152,0.0,0.0
2024-08-19 14:40:00-04:00,212.4499969482422,212.63999938964844,212.44000244140625,212.63999938964844,3606,0.0,0.0
2024-08-19 14:45:00-04:00,212.5500030517578,212.58999633789062,212.5399932861328,212.58999633789062,1661,0.0,0.0
2024-08-19 14:50:00-04:00,212.63999938964844,212.69000244140625,212.63999938964844,212.69000244140625,1736,0.0,0.0
2024-08-19 14:55:00-04:00,212.67999267578125,212.67999267578125,212.64500427246094,212.64500427246094,2334,0.0,0.0
2024-08-19 15:00:00-04:00,212.5500030517578,212.5500030517578,212.5500030517578,212.5500030517578,222,0.0,0.0
2024-08-19 15:05:00-04:00,212.5500030517578,212.8000030517578,212.5500030517578,212.8000030517578,2078,0.0,0.0
2024-08-19 15:10:00-04:00,212.75,212.75,212.6649932861328,212.6649932861328,1534,0.0,0.0
2024-08-19 15:20:00-04:00,212.57000732421875,212.74000549316406,212.57000732421875,212.65499877929688,1725,0.0,0.0
2024-08-19 15:25:00-04:00,212.64500427246094,212.83999633789062,212.6300048828125,212.78500366210938,4580,0.0,0.0
2024-08-19 15:30:00-04:00,212.64500427246094,212.8300018310547,212.6300048828125,212.6300048828125,1907,0.0,0.0
2024-08-19 15:35:00-04:00,212.64999389648438,212.8699951171875,212.63999938964844,212.7899932861328,5821,0.0,0.0
2024-08-19 15:40:00-04:00,212.8350067138672,212.97799682617188,212.80999755859375,212.97799682617188,3292,0.0,0.0
2024-08-19 15:45:00-04:00,213.0,213.02000427246094,212.82000732421875,212.88499450683594,5403,0.0,0.0
2024-08-19 15:50:00-04:00,212.91000366210938,213.19000244140625,212.8800048828125,213.08999633789062,19165,0.0,0.0
2024-08-19 15:55:00-04:00,213.02999877929688,213.3699951171875,212.55999755859375,213.19000244140625,81042,0.0,0.0
2024-08-20 09:30:00-04:00,213.25999450683594,213.39999389648438,211.2100067138672,211.2100067138672,7415,0.0,0.0
2024-08-20 09:35:00-04:00,211.6300048828125,211.85000610351562,211.4250030517578,211.4250030517578,1523,0.0,0.0
2024-08-20 09:40:00-04:00,211.4250030517578,212.72999572753906,210.64500427246094,212.64999389648438,3658,0.0,0.0
2024-08-20 09:45:00-04:00,212.65499877929688,212.9499969482422,212.38999938964844,212.9499969482422,3178,0.0,0.0
2024-08-20 09:50:00-04:00,213.25999450683594,213.25999450683594,212.8699951171875,212.875,1322,0.0,0.0
2024-08-20 09:55:00-04:00,212.80499267578125,212.80499267578125,212.4250030517578,212.55999755859375,1757,0.0,0.0
2024-08-20 10:00:00-04:00,212.52499389648438,212.9199981689453,212.32000732421875,212.6999969482422,6378,0.0,0.0
2024-08-20 10:05:00-04:00,212.6699981689453,212.91000366210938,212.6699981689453,212.8249969482422,2971,0.0,0.0
2024-08-20 10:10:00-04:00,212.82000732421875,212.82000732421875,212.34500122070312,212.7550048828125,16718,0.0,0.0
2024-08-20 10:15:00-04:00,212.66000366210938,212.66000366210938,212.66000366210938,212.66000366210938,496,0.0,0.0
2024-08-20 10:20:00-04:00,212.3300018310547,212.3300018310547,211.74000549316406,212.125,1301,0.0,0.0
2024-08-20 10:25:00-04:00,211.88499450683594,212.39999389648438,211.88499450683594,212.39999389648438,2310,0.0,0.0
2024-08-20 10:30:00-04:00,212.3800048828125,212.6699981689453,212.2050018310547,212.6699981689453,3182,0.0,0.0
2024-08-20 10:35:00-04:00,212.5500030517578,212.7899932861328,212.5500030517578,212.6649932861328,2461,0.0,0.0
2024-08-20 10:40:00-04:00,212.6999969482422,212.88499450683594,212.64999389648438,212.88499450683594,4618,0.0,0.0
2024-08-20 10:45:00-04:00,212.94000244140625,213.11000061035156,212.94000244140625,213.03500366210938,3063,0.0,0.0
2024-08-20 10:50:00-04:00,213.0800018310547,213.0800018310547,212.72999572753906,212.7550048828125,7090,0.0,0.0
2024-08-20 10:55:00-04:00,212.72500610351562,212.9600067138672,212.72500610351562,212.72999572753906,2500,0.0,0.0
2024-08-20 11:00:00-04:00,212.4199981689453,212.4199981689453,212.25999450683594,212.30499267578125,1695,0.0,0.0
2024-08-20 11:05:00-04:00,212.33999633789062,212.3800048828125,212.33999633789062,212.3800048828125,1088,0.0,0.0
2024-08-20 11:10:00-04:00,212.1999969482422,212.1999969482422,211.7449951171875,211.7449951171875,1558,0.0,0.0
2024-08-20 11:15:00-04:00,211.77999877929688,211.77999877929688,211.61000061035156,211.67999267578125,2298,0.0,0.0
2024-08-20 11:20:00-04:00,211.83999633789062,211.9149932861328,211.77000427246094,211.77000427246094,2261,0.0,0.0
2024-08-20 11:25:00-04:00,211.68499755859375,211.69500732421875,211.40499877929688,211.40499877929688,1043,0.0,0.0
2024-08-20 11:30:00-04:00,211.42999267578125,211.7100067138672,211.41000366210938,211.6649932861328,2997,0.0,0.0
2024-08-20 11:35:00-04:00,211.63999938964844,211.63999938964844,211.63999938964844,211.63999938964844,152,0.0,0.0
2024-08-20 11:40:00-04:00,211.4600067138672,211.67999267578125,211.3300018310547,211.55499267578125,5382,0.0,0.0
2024-08-20 11:45:00-04:00,211.57000732421875,211.57000732421875,211.3800048828125,211.3800048828125,483,0.0,0.0
2024-08-20 11:50:00-04:00,211.5850067138672,211.66000366210938,211.5399932861328,211.65499877929688,3466,0.0,0.0
2024-08-20 11:55:00-04:00,211.77000427246094,211.77000427246094,211.6699981689453,211.71499633789062,859,0.0,0.0
2024-08-20 12:00:00-04:00,211.7100067138672,211.7100067138672,211.6300048828125,211.6300048828125,1402,0.0,0.0
2024-08-20 12:05:00-04:00,211.63499450683594,211.80999755859375,211.63499450683594,211.80999755859375,8215,0.0,0.0
2024-08-20 12:10:00-04:00,211.6699981689453,211.72000122070312,211.5399932861328,211.58999633789062,2937,0.0,0.0
2024-08-20 12:15:00-04:00,211.52999877929688,211.5850067138672,211.47000122070312,211.5850067138672,1297,0.0,0.0
2024-08-20 12:20:00-04:00,211.5,211.5,211.5,211.5,404,0.0,0.0
2024-08-20 12:25:00-04:00,211.6199951171875,211.72000122070312,211.6199951171875,211.71429443359375,3097,0.0,0.0
2024-08-20 12:30:00-04:00,211.63999938964844,211.74000549316406,211.6199951171875,211.6199951171875,2903,0.0,0.0
2024-08-20 12:35:00-04:00,211.77999877929688,211.89999389648438,211.74000549316406,211.89999389648438,2248,0.0,0.0
2024-08-20 12:40:00-04:00,211.88999938964844,211.88999938964844,211.6999969482422,211.6999969482422,1689,0.0,0.0
2024-08-20 12:45:00-04:00,211.77999877929688,211.7899932861328,211.64999389648438,211.7899932861328,721,0.0,0.0
2024-08-20 12:50:00-04:00,211.77999877929688,211.78500366210938,211.64999389648438,211.72000122070312,1013,0.0,0.0
2024-08-20 12:55:00-04:00,211.92999267578125,211.92999267578125,211.82000732421875,211.82000732421875,3792,0.0,0.0
2024-08-20 13:00:00-04:00,211.7899932861328,211.7899932861328,211.61000061035156,211.61000061035156,1300,0.0,0.0
2024-08-20 13:05:00-04:00,211.55999755859375,211.8300018310547,211.5500030517578,211.8300018310547,3177,0.0,0.0
2024-08-20 13:10:00-04:00,211.8300018310547,211.85000610351562,211.82000732421875,211.85000610351562,934,0.0,0.0
2024-08-20 13:15:00-04:00,211.81500244140625,211.81500244140625,211.81500244140625,211.81500244140625,312,0.0,0.0
2024-08-20 13:20:00-04:00,211.8699951171875,211.9199981689453,211.86000061035156,211.9199981689453,2170,0.0,0.0
2024-08-20 13:25:00-04:00,211.9199981689453,211.9199981689453,211.9199981689453,211.9199981689453,875,0.0,0.0
2024-08-20 13:30:00-04:00,211.84500122070312,211.84500122070312,211.55999755859375,211.55999755859375,726,0.0,0.0
2024-08-20 13:35:00-04:00,211.69000244140625,211.69000244140625,211.53500366210938,211.67999267578125,2419,0.0,0.0
2024-08-20 13:40:00-04:00,211.5449981689453,211.72999572753906,211.48500061035156,211.72500610351562,3016,0.0,0.0
2024-08-20 13:45:00-04:00,211.74000549316406,211.80999755859375,211.68499755859375,211.77000427246094,1999,0.0,0.0
2024-08-20 13:50:00-04:00,211.71499633789062,211.77999877929688,211.5050048828125,211.5050048828125,1464,0.0,0.0
2024-08-20 13:55:00-04:00,211.49000549316406,211.49000549316406,211.49000549316406,211.49000549316406,343,0.0,0.0
2024-08-20 14:00:00-04:00,211.6300048828125,211.6300048828125,211.6300048828125,211.6300048828125,250,0.0,0.0
2024-08-20 14:05:00-04:00,211.5800018310547,211.75,211.49000549316406,211.68499755859375,2072,0.0,0.0
2024-08-20 14:10:00-04:00,211.66000366210938,211.90499877929688,211.6199951171875,211.80499267578125,4911,0.0,0.0
2024-08-20 14:15:00-04:00,211.75999450683594,212.00999450683594,211.75999450683594,212.00999450683594,3342,0.0,0.0
2024-08-20 14:20:00-04:00,212.02000427246094,212.19500732421875,212.02000427246094,212.19500732421875,2756,0.0,0.0
2024-08-20 14:25:00-04:00,212.05999755859375,212.05999755859375,211.97000122070312,212.02999877929688,1637,0.0,0.0
2024-08-20 14:30:00-04:00,212.0050048828125,212.05999755859375,211.91000366210938,212.05999755859375,1801,0.0,0.0
2024-08-20 14:35:00-04:00,212.05999755859375,212.11000061035156,211.92999267578125,212.01499938964844,2268,0.0,0.0
2024-08-20 14:40:00-04:00,212.01499938964844,212.02999877929688,211.74000549316406,211.74000549316406,2695,0.0,0.0
2024-08-20 14:45:00-04:00,211.82000732421875,211.8350067138672,211.74000549316406,211.8350067138672,921,0.0,0.0
2024-08-20 14:50:00-04:00,211.8800048828125,211.9499969482422,211.77000427246094,211.82000732421875,5081,0.0,0.0
2024-08-20 14:55:00-04:00,211.8300018310547,211.89999389648438,211.57000732421875,211.67999267578125,5353,0.0,0.0
2024-08-20 15:00:00-04:00,211.57000732421875,211.64500427246094,211.52999877929688,211.64500427246094,1343,0.0,0.0
2024-08-20 15:05:00-04:00,211.6300048828125,211.6300048828125,211.47000122070312,211.47000122070312,3522,0.0,0.0
2024-08-20 15:10:00-04:00,211.60499572753906,211.60499572753906,211.5399932861328,211.5399932861328,1114,0.0,0.0
2024-08-20 15:15:00-04:00,211.5,211.6699981689453,211.4250030517578,211.4250030517578,7411,0.0,0.0
2024-08-20 15:20:00-04:00,211.38999938964844,211.38999938964844,211.3000030517578,211.3000030517578,1021,0.0,0.0
2024-08-20 15:25:00-04:00,211.39999389648438,211.39999389648438,211.2100067138672,211.33999633789062,3073,0.0,0.0
2024-08-20 15:30:00-04:00,211.30499267578125,211.30499267578125,211.05999755859375,211.05999755859375,6583,0.0,0.0
2024-08-20 15:35:00-04:00,211.14500427246094,211.41000366210938,211.11000061035156,211.3249969482422,6587,0.0,0.0
2024-08-20 15:40:00-04:00,211.1750030517578,211.27000427246094,211.1199951171875,211.1199951171875,2243,0.0,0.0
2024-08-20 15:45:00-04:00,211.2100067138672,211.6199951171875,211.2100067138672,211.5850067138672,8361,0.0,0.0
2024-08-20 15:50:00-04:00,211.77999877929688,211.90499877929688,211.66000366210938,211.7899932861328,26334,0.0,0.0
2024-08-20 15:55:00-04:00,211.84500122070312,212.4499969482422,211.84500122070312,212.3000030517578,77449,0.0,0.0
2024-08-21 09:30:00-04:00,213.38999938964844,214.57000732421875,211.22000122070312,211.22000122070312,4038,0.0,0.0
2024-08-21 09:35:00-04:00,211.9949951171875,211.9949951171875,211.4600067138672,211.63999938964844,1460,0.0,0.0
2024-08-21 09:40:00-04:00,211.9600067138672,213.0399932861328,211.16000366210938,213.0399932861328,12194,0.0,0.0
2024-08-21 09:45:00-04:00,212.9250030517578,212.9250030517578,212.8699951171875,212.8699951171875,1009,0.0,0.0
2024-08-21 09:50:00-04:00,212.72000122070312,212.72000122070312,212.72000122070312,212.72000122070312,413,0.0,0.0
2024-08-21 09:55:00-04:00,212.72000122070312,212.7899932861328,212.38999938964844,212.51499938964844,4586,0.0,0.0
2024-08-21 10:00:00-04:00,212.47000122070312,212.6699981689453,212.3699951171875,212.47500610351562,10443,0.0,0.0
2024-08-21 10:05:00-04:00,212.47500610351562,212.63999938964844,212.4499969482422,212.47500610351562,8340,0.0,0.0
2024-08-21 10:10:00-04:00,212.51499938964844,212.91000366210938,212.4199981689453,212.91000366210938,19895,0.0,0.0
2024-08-21 10:15:00-04:00,212.88999938964844,213.33999633789062,212.59640502929688,213.33999633789062,2857,0.0,0.0
2024-08-21 10:20:00-04:00,213.47000122070312,213.625,213.33999633789062,213.38499450683594,1648,0.0,0.0
2024-08-21 10:25:00-04:00,213.38999938964844,213.4499969482422,213.1699981689453,213.1699981689453,2902,0.0,0.0
2024-08-21 10:30:00-04:00,213.1699981689453,213.7100067138672,213.1699981689453,213.7100067138672,15074,0.0,0.0
2024-08-21 10:35:00-04:00,213.55999755859375,213.8800048828125,213.33999633789062,213.8800048828125,14504,0.0,0.0
2024-08-21 10:40:00-04:00,213.94500732421875,214.2899932861328,213.94500732421875,214.22500610351562,1198,0.0,0.0
2024-08-21 10:45:00-04:00,214.32000732421875,214.32000732421875,213.96499633789062,213.96499633789062,1265,0.0,0.0
2024-08-21 10:50:00-04:00,213.7899932861328,213.7899932861328,213.4250030517578,213.6699981689453,3188,0.0,0.0
2024-08-21 10:55:00-04:00,213.8000030517578,213.99000549316406,213.8000030517578,213.99000549316406,1056,0.0,0.0
2024-08-21 11:00:00-04:00,213.85499572753906,214.0,213.85499572753906,213.88499450683594,591,0.0,0.0
2024-08-21 11:05:00-04:00,213.93499755859375,213.93499755859375,213.93499755859375,213.93499755859375,573,0.0,0.0
2024-08-21 11:10:00-04:00,214.13999938964844,214.1999969482422,214.07000732421875,214.18499755859375,2474,0.0,0.0
2024-08-21 11:15:00-04:00,214.0800018310547,214.27999877929688,214.0800018310547,214.19500732421875,861,0.0,0.0
2024-08-21 11:20:00-04:00,214.2550048828125,214.2550048828125,214.07000732421875,214.16000366210938,1757,0.0,0.0
2024-08-21 11:25:00-04:00,213.97999572753906,214.1699981689453,213.94000244140625,214.1699981689453,2303,0.0,0.0
2024-08-21 11:30:00-04:00,213.7899932861328,213.8000030517578,213.64999389648438,213.7100067138672,811,0.0,0.0
2024-08-21 11:35:00-04:00,213.7100067138672,213.9499969482422,213.5,213.5,1547,0.0,0.0
2024-08-21 11:40:00-04:00,213.69000244140625,213.75999450683594,213.4499969482422,213.4499969482422,3555,0.0,0.0
2024-08-21 11:45:00-04:00,213.61000061035156,213.61000061035156,213.49000549316406,213.52000427246094,1880,0.0,0.0
2024-08-21 11:50:00-04:00,213.64999389648438,213.8300018310547,213.56500244140625,213.8300018310547,4015,0.0,0.0
2024-08-21 11:55:00-04:00,213.6999969482422,213.7100067138672,213.57000732421875,213.69000244140625,1558,0.0,0.0
2024-08-21 12:00:00-04:00,213.5800018310547,213.80999755859375,213.5800018310547,213.80999755859375,363,0.0,0.0
2024-08-21 12:05:00-04:00,213.80999755859375,214.26829528808594,213.6699981689453,214.16000366210938,6198,0.0,0.0
2024-08-21 12:15:00-04:00,214.05999755859375,214.05999755859375,213.89999389648438,213.89999389648438,1577,0.0,0.0
2024-08-21 12:20:00-04:00,214.08999633789062,214.36000061035156,214.08999633789062,214.36000061035156,2805,0.0,0.0
2024-08-21 12:30:00-04:00,214.2899932861328,214.32000732421875,214.2899932861328,214.32000732421875,1807,0.0,0.0
2024-08-21 12:35:00-04:00,214.3800048828125,214.3800048828125,214.3800048828125,214.3800048828125,765,0.0,0.0
2024-08-21 12:45:00-04:00,214.47999572753906,214.72000122070312,214.44000244140625,214.60499572753906,2148,0.0,0.0
2024-08-21 12:50:00-04:00,214.7100067138672,214.80999755859375,214.6999969482422,214.80999755859375,2074,0.0,0.0
2024-08-21 12:55:00-04:00,214.80499267578125,215.11500549316406,214.80499267578125,215.11500549316406,2660,0.0,0.0
2024-08-21 13:00:00-04:00,215.0399932861328,215.125,214.75999450683594,214.85499572753906,9709,0.0,0.0
2024-08-21 13:05:00-04:00,214.75999450683594,214.75999450683594,214.6199951171875,214.6199951171875,1546,0.0,0.0
2024-08-21 13:10:00-04:00,214.83999633789062,214.83999633789062,214.6699981689453,214.68499755859375,881,0.0,0.0
2024-08-21 13:15:00-04:00,214.75999450683594,215.33999633789062,214.6750030517578,215.13499450683594,7403,0.0,0.0
2024-08-21 13:20:00-04:00,215.10000610351562,215.10000610351562,214.92999267578125,214.92999267578125,2693,0.0,0.0
2024-08-21 13:25:00-04:00,214.9600067138672,215.4199981689453,214.9600067138672,215.4199981689453,3091,0.0,0.0
2024-08-21 13:30:00-04:00,215.36000061035156,215.36000061035156,215.17999267578125,215.17999267578125,2055,0.0,0.0
2024-08-21 13:35:00-04:00,215.13499450683594,215.33999633789062,215.13499450683594,215.33999633789062,1995,0.0,0.0
2024-08-21 13:40:00-04:00,215.3350067138672,215.3350067138672,215.3350067138672,215.3350067138672,771,0.0,0.0
2024-08-21 13:45:00-04:00,215.39999389648438,215.63499450683594,215.39999389648438,215.63499450683594,1924,0.0,0.0
2024-08-21 13:50:00-04:00,215.5,215.5,215.5,215.5,723,0.0,0.0
2024-08-21 13:55:00-04:00,215.52999877929688,215.5500030517578,215.52999877929688,215.54989624023438,598,0.0,0.0
2024-08-21 14:00:00-04:00,215.5500030517578,215.66000366210938,215.2100067138672,215.2100067138672,5054,0.0,0.0
2024-08-21 14:05:00-04:00,215.05999755859375,215.33999633789062,215.05999755859375,215.2100067138672,2407,0.0,0.0
2024-08-21 14:15:00-04:00,215.41000366210938,215.47999572753906,215.25999450683594,215.25999450683594,2708,0.0,0.0
2024-08-21 14:20:00-04:00,215.1300048828125,215.1300048828125,215.04010009765625,215.04010009765625,504,0.0,0.0
2024-08-21 14:25:00-04:00,215.16000366210938,215.22000122070312,214.8000030517578,215.10000610351562,12122,0.0,0.0
2024-08-21 14:30:00-04:00,215.16000366210938,215.49000549316406,215.16000366210938,215.49000549316406,3217,0.0,0.0
2024-08-21 14:35:00-04:00,215.49000549316406,215.49000549316406,215.2050018310547,215.2050018310547,1838,0.0,0.0
2024-08-21 14:40:00-04:00,215.27000427246094,215.36000061035156,215.27000427246094,215.36000061035156,930,0.0,0.0
2024-08-21 14:45:00-04:00,215.30999755859375,215.30999755859375,215.30999755859375,215.30999755859375,353,0.0,0.0
2024-08-21 14:50:00-04:00,215.2550048828125,215.3699951171875,215.13999938964844,215.13999938964844,1779,0.0,0.0
2024-08-21 14:55:00-04:00,215.2100067138672,215.21499633789062,214.77999877929688,214.77999877929688,3691,0.0,0.0
2024-08-21 15:00:00-04:00,214.82000732421875,214.88999938964844,214.82000732421875,214.82000732421875,1553,0.0,0.0
2024-08-21 15:05:00-04:00,214.91749572753906,214.91749572753906,214.67999267578125,214.67999267578125,1795,0.0,0.0
2024-08-21 15:10:00-04:00,214.8000030517578,214.8350067138672,214.7899932861328,214.8350067138672,3519,0.0,0.0
2024-08-21 15:15:00-04:00,214.85000610351562,215.00999450683594,214.85000610351562,214.96499633789062,3876,0.0,0.0
2024-08-21 15:20:00-04:00,214.97999572753906,214.97999572753906,214.77999877929688,214.9250030517578,3441,0.0,0.0
2024-08-21 15:25:00-04:00,215.02000427246094,215.11000061035156,214.89999389648438,214.9250030517578,4960,0.0,0.0
2024-08-21 15:30:00-04:00,214.82000732421875,214.9199981689453,214.49000549316406,214.72000122070312,10276,0.0,0.0
2024-08-21 15:35:00-04:00,214.7100067138672,214.85000610351562,214.6199951171875,214.85000610351562,5020,0.0,0.0
2024-08-21 15:40:00-04:00,214.91000366210938,214.9600067138672,214.5800018310547,214.5800018310547,6451,0.0,0.0
2024-08-21 15:45:00-04:00,214.6199951171875,214.64840698242188,214.4600067138672,214.5,5925,0.0,0.0
2024-08-21 15:50:00-04:00,214.5800018310547,214.5800018310547,214.00999450683594,214.33999633789062,24393,0.0,0.0
2024-08-21 15:55:00-04:00,214.47000122070312,215.00999450683594,214.38999938964844,214.99000549316406,47145,0.0,0.0
2024-08-22 09:30:00-04:00,214.88999938964844,216.08990478515625,214.88999938964844,214.93499755859375,1557,0.0,0.0
2024-08-22 09:35:00-04:00,214.6750030517578,214.67999267578125,214.6750030517578,214.67999267578125,428,0.0,0.0
2024-08-22 09:40:00-04:00,214.6750030517578,214.8249969482422,214.6750030517578,214.8249969482422,647,0.0,0.0
2024-08-22 09:45:00-04:00,214.78500366210938,214.78500366210938,214.51499938964844,214.5500030517578,1239,0.0,0.0
2024-08-22 09:50:00-04:00,214.5449981689453,214.5449981689453,214.22999572753906,214.38999938964844,1652,0.0,0.0
2024-08-22 09:55:00-04:00,214.25,214.57000732421875,214.25,214.27000427246094,6866,0.0,0.0
2024-08-22 10:00:00-04:00,214.3925018310547,214.55999755859375,214.27000427246094,214.4250030517578,2325,0.0,0.0
2024-08-22 10:05:00-04:00,214.4149932861328,214.4149932861328,214.39999389648438,214.39999389648438,667,0.0,0.0
2024-08-22 10:10:00-04:00,214.3800048828125,214.3800048828125,214.2949981689453,214.2949981689453,563,0.0,0.0
2024-08-22 10:15:00-04:00,214.2899932861328,214.55999755859375,214.2899932861328,214.52999877929688,1845,0.0,0.0
2024-08-22 10:20:00-04:00,214.52999877929688,214.52999877929688,214.2899932861328,214.44000244140625,8247,0.0,0.0
2024-08-22 10:25:00-04:00,214.44500732421875,214.4499969482422,214.44500732421875,214.4499969482422,945,0.0,0.0
2024-08-22 10:30:00-04:00,214.35910034179688,214.72500610351562,214.35910034179688,214.72500610351562,3256,0.0,0.0
2024-08-22 10:35:00-04:00,214.89999389648438,215.27000427246094,214.89999389648438,215.2100067138672,1688,0.0,0.0
2024-08-22 10:40:00-04:00,215.39059448242188,215.47000122070312,215.3000030517578,215.3000030517578,1225,0.0,0.0
2024-08-22 10:45:00-04:00,215.44500732421875,215.5449981689453,215.27999877929688,215.27999877929688,2033,0.0,0.0
2024-08-22 10:50:00-04:00,215.2899932861328,215.2899932861328,215.2899932861328,215.2899932861328,1086,0.0,0.0
2024-08-22 11:00:00-04:00,215.28500366210938,215.4499969482422,215.28500366210938,215.4499969482422,515,0.0,0.0
2024-08-22 11:05:00-04:00,215.33999633789062,215.5399932861328,214.92999267578125,214.92999267578125,3797,0.0,0.0
2024-08-22 11:10:00-04:00,214.97999572753906,215.00999450683594,214.97999572753906,214.9949951171875,1735,0.0,0.0
2024-08-22 11:15:00-04:00,215.11000061035156,215.11000061035156,214.44000244140625,214.44000244140625,3270,0.0,0.0
2024-08-22 11:20:00-04:00,214.38999938964844,214.66000366210938,214.3000030517578,214.5749969482422,6458,0.0,0.0
2024-08-22 11:25:00-04:00,214.625,214.7100067138672,214.44000244140625,214.6699981689453,5690,0.0,0.0
2024-08-22 11:30:00-04:00,214.67999267578125,214.73500061035156,214.3000030517578,214.3000030517578,3628,0.0,0.0
2024-08-22 11:35:00-04:00,214.3699951171875,214.77000427246094,214.36000061035156,214.77000427246094,3030,0.0,0.0
2024-08-22 11:40:00-04:00,214.6699981689453,214.82000732421875,214.6699981689453,214.73500061035156,1422,0.0,0.0
2024-08-22 11:45:00-04:00,214.94000244140625,215.0500030517578,214.8699951171875,214.8699951171875,1853,0.0,0.0
2024-08-22 11:50:00-04:00,214.89999389648438,214.89999389648438,214.5850067138672,214.5850067138672,2476,0.0,0.0
2024-08-22 11:55:00-04:00,214.58999633789062,214.81500244140625,214.58999633789062,214.81500244140625,1646,0.0,0.0
2024-08-22 12:00:00-04:00,214.80999755859375,215.0500030517578,214.77999877929688,214.9250030517578,4846,0.0,0.0
2024-08-22 12:05:00-04:00,214.96499633789062,214.97000122070312,214.8699951171875,214.94500732421875,837,0.0,0.0
2024-08-22 12:10:00-04:00,214.94500732421875,215.1013946533203,214.94000244140625,215.0800018310547,10612,0.0,0.0
2024-08-22 12:15:00-04:00,215.0800018310547,215.22500610351562,215.05999755859375,215.05999755859375,3016,0.0,0.0
2024-08-22 12:20:00-04:00,215.31500244140625,215.5,215.07000732421875,215.1699981689453,1421,0.0,0.0
2024-08-22 12:25:00-04:00,215.375,215.61000061035156,215.375,215.52000427246094,1292,0.0,0.0
2024-08-22 12:30:00-04:00,215.52000427246094,215.8300018310547,215.52000427246094,215.6999969482422,1013,0.0,0.0
2024-08-22 12:35:00-04:00,215.7899932861328,215.94000244140625,215.72999572753906,215.72999572753906,2589,0.0,0.0
2024-08-22 12:45:00-04:00,215.60499572753906,215.7899932861328,215.60499572753906,215.72500610351562,2371,0.0,0.0
2024-08-22 12:50:00-04:00,215.83999633789062,215.83999633789062,215.52000427246094,215.52000427246094,1011,0.0,0.0
2024-08-22 12:55:00-04:00,215.36000061035156,215.36000061035156,215.35499572753906,215.35499572753906,669,0.0,0.0
2024-08-22 13:00:00-04:00,215.22999572753906,215.22999572753906,215.17999267578125,215.17999267578125,452,0.0,0.0
2024-08-22 13:05:00-04:00,215.30999755859375,215.3800048828125,215.27999877929688,215.27999877929688,1195,0.0,0.0
2024-08-22 13:10:00-04:00,215.42999267578125,215.55999755859375,215.42999267578125,215.55999755859375,1266,0.0,0.0
2024-08-22 13:15:00-04:00,215.5500030517578,215.64999389648438,215.5500030517578,215.64999389648438,973,0.0,0.0
2024-08-22 13:20:00-04:00,215.5850067138672,215.75,215.5850067138672,215.64500427246094,1009,0.0,0.0
2024-08-22 13:25:00-04:00,215.49000549316406,215.5,215.49000549316406,215.5,889,0.0,0.0
2024-08-22 13:30:00-04:00,215.41000366210938,215.41000366210938,215.27999877929688,215.3249969482422,5570,0.0,0.0
2024-08-22 13:35:00-04:00,215.2949981689453,215.39500427246094,215.21499633789062,215.39500427246094,2678,0.0,0.0
2024-08-22 13:40:00-04:00,215.3000030517578,215.3000030517578,215.24000549316406,215.24000549316406,781,0.0,0.0
2024-08-22 13:45:00-04:00,215.2100067138672,215.2100067138672,214.94000244140625,214.94000244140625,4802,0.0,0.0
2024-08-22 13:50:00-04:00,214.97500610351562,214.97500610351562,214.5800018310547,214.5800018310547,2596,0.0,0.0
2024-08-22 13:55:00-04:00,214.57000732421875,214.57000732421875,214.52000427246094,214.52000427246094,683,0.0,0.0
2024-08-22 14:00:00-04:00,214.6999969482422,214.80499267578125,214.66000366210938,214.69000244140625,3074,0.0,0.0
2024-08-22 14:05:00-04:00,214.8300018310547,214.89999389648438,214.77499389648438,214.85000610351562,2063,0.0,0.0
2024-08-22 14:10:00-04:00,214.85000610351562,215.0850067138672,214.85000610351562,215.0850067138672,1972,0.0,0.0
2024-08-22 14:20:00-04:00,215.2100067138672,215.38999938964844,215.2100067138672,215.38999938964844,837,0.0,0.0
2024-08-22 14:25:00-04:00,215.26499938964844,215.26499938964844,215.26499938964844,215.26499938964844,1449,0.0,0.0
2024-08-22 14:30:00-04:00,215.33999633789062,215.4600067138672,215.33999633789062,215.4600067138672,1358,0.0,0.0
2024-08-22 14:35:00-04:00,215.52000427246094,215.61000061035156,215.5,215.51499938964844,4857,0.0,0.0
2024-08-22 14:40:00-04:00,215.57000732421875,215.57000732421875,215.5500030517578,215.5500030517578,643,0.0,0.0
2024-08-22 14:45:00-04:00,215.5800018310547,215.66000366210938,215.5800018310547,215.66000366210938,1399,0.0,0.0
2024-08-22 14:50:00-04:00,215.72000122070312,215.77499389648438,215.72000122070312,215.77499389648438,963,0.0,0.0
2024-08-22 14:55:00-04:00,215.8300018310547,215.8300018310547,215.6699981689453,215.6699981689453,2571,0.0,0.0
2024-08-22 15:00:00-04:00,215.66000366210938,215.74000549316406,215.66000366210938,215.74000549316406,1464,0.0,0.0
2024-08-22 15:05:00-04:00,215.71499633789062,215.80499267578125,215.7100067138672,215.8000030517578,2576,0.0,0.0
2024-08-22 15:10:00-04:00,215.8000030517578,215.86000061035156,215.7899932861328,215.86000061035156,1709,0.0,0.0
2024-08-22 15:15:00-04:00,215.94500732421875,216.02999877929688,215.86000061035156,215.86000061035156,3399,0.0,0.0
2024-08-22 15:20:00-04:00,215.80999755859375,215.80999755859375,215.7550048828125,215.7550048828125,1154,0.0,0.0
2024-08-22 15:25:00-04:00,215.69000244140625,215.77499389648438,215.66000366210938,215.77499389648438,3753,0.0,0.0
2024-08-22 15:30:00-04:00,215.81500244140625,215.94500732421875,215.77999877929688,215.77999877929688,2049,0.0,0.0
2024-08-22 15:35:00-04:00,215.89999389648438,215.89999389648438,215.77999877929688,215.7949981689453,4431,0.0,0.0
2024-08-22 15:40:00-04:00,215.80499267578125,215.80499267578125,215.60000610351562,215.60000610351562,3687,0.0,0.0
2024-08-22 15:45:00-04:00,215.7899932861328,216.08999633789062,215.75999450683594,216.08999633789062,4566,0.0,0.0
2024-08-22 15:50:00-04:00,216.1199951171875,216.32000732421875,215.66000366210938,215.72999572753906,9037,0.0,0.0
2024-08-22 15:55:00-04:00,215.7899932861328,216.33999633789062,215.6999969482422,216.22000122070312,30809,0.0,0.0
2024-08-23 09:30:00-04:00,216.67999267578125,217.66000366210938,216.67999267578125,217.66000366210938,4028,0.0,0.0
2024-08-23 09:35:00-04:00,217.10000610351562,217.10000610351562,217.10000610351562,217.10000610351562,830,0.0,0.0
2024-08-23 09:45:00-04:00,217.44500732421875,217.44500732421875,216.86500549316406,217.27999877929688,2354,0.0,0.0
2024-08-23 09:50:00-04:00,216.9499969482422,217.02000427246094,216.9499969482422,217.02000427246094,919,0.0,0.0
2024-08-23 09:55:00-04:00,217.2899932861328,217.63999938964844,217.2899932861328,217.63999938964844,691,0.0,0.0
2024-08-23 10:00:00-04:00,217.18499755859375,218.17999267578125,217.18499755859375,218.17999267578125,2938,0.0,0.0
2024-08-23 10:05:00-04:00,217.92999267578125,218.33999633789062,217.92999267578125,218.32000732421875,2666,0.0,0.0
2024-08-23 10:10:00-04:00,218.69000244140625,218.77499389648438,218.6300048828125,218.6300048828125,5882,0.0,0.0
2024-08-23 10:15:00-04:00,218.52499389648438,218.5500030517578,218.16000366210938,218.16000366210938,2461,0.0,0.0
2024-08-23 10:20:00-04:00,218.47999572753906,218.57000732421875,218.42999267578125,218.57000732421875,1510,0.0,0.0
2024-08-23 10:25:00-04:00,218.6999969482422,218.75999450683594,218.6999969482422,218.75999450683594,1059,0.0,0.0
2024-08-23 10:30:00-04:00,218.61500549316406,218.61500549316406,218.61500549316406,218.61500549316406,520,0.0,0.0
2024-08-23 10:35:00-04:00,218.59500122070312,218.72999572753906,218.58999633789062,218.69500732421875,2332,0.0,0.0
2024-08-23 10:40:00-04:00,218.50999450683594,218.66000366210938,218.5050048828125,218.63999938964844,2133,0.0,0.0
2024-08-23 10:45:00-04:00,218.27999877929688,218.3000030517578,218.11000061035156,218.11000061035156,1018,0.0,0.0
2024-08-23 10:50:00-04:00,218.32000732421875,218.47000122070312,218.1165008544922,218.47000122070312,1960,0.0,0.0
2024-08-23 10:55:00-04:00,218.66000366210938,218.66000366210938,218.66000366210938,218.66000366210938,549,0.0,0.0
2024-08-23 11:00:00-04:00,218.39999389648438,218.39999389648438,218.38499450683594,218.38499450683594,597,0.0,0.0
2024-08-23 11:05:00-04:00,218.5399932861328,218.60000610351562,218.5399932861328,218.60000610351562,1949,0.0,0.0
2024-08-23 11:10:00-04:00,218.60000610351562,218.60000610351562,218.52999877929688,218.52999877929688,1647,0.0,0.0
2024-08-23 11:15:00-04:00,218.60000610351562,218.60000610351562,218.43499755859375,218.50999450683594,3367,0.0,0.0
2024-08-23 11:20:00-04:00,218.47999572753906,218.52000427246094,218.47999572753906,218.52000427246094,1607,0.0,0.0
2024-08-23 11:25:00-04:00,218.58599853515625,218.60000610351562,218.47000122070312,218.47500610351562,874,0.0,0.0
2024-08-23 11:30:00-04:00,218.60000610351562,218.64999389648438,218.39500427246094,218.55499267578125,3446,0.0,0.0
2024-08-23 11:35:00-04:00,218.6199951171875,218.7949981689453,218.6199951171875,218.78500366210938,1426,0.0,0.0
2024-08-23 11:40:00-04:00,218.77999877929688,218.77999877929688,218.5,218.5749969482422,828,0.0,0.0
2024-08-23 11:45:00-04:00,218.52000427246094,218.52000427246094,218.52000427246094,218.52000427246094,438,0.0,0.0
2024-08-23 11:50:00-04:00,218.24000549316406,218.24000549316406,218.24000549316406,218.24000549316406,1148,0.0,0.0
2024-08-23 11:55:00-04:00,218.0500030517578,218.0500030517578,217.9600067138672,217.9600067138672,938,0.0,0.0
2024-08-23 12:00:00-04:00,217.57000732421875,217.66000366210938,217.52999877929688,217.65499877929688,2116,0.0,0.0
2024-08-23 12:05:00-04:00,217.5749969482422,217.5749969482422,217.5749969482422,217.5749969482422,372,0.0,0.0
2024-08-23 12:10:00-04:00,217.34010314941406,217.34010314941406,217.34010314941406,217.34010314941406,268,0.0,0.0
2024-08-23 12:15:00-04:00,217.3300018310547,217.52999877929688,217.3300018310547,217.52999877929688,1946,0.0,0.0
2024-08-23 12:20:00-04:00,217.38999938964844,217.5399932861328,217.33299255371094,217.33299255371094,1806,0.0,0.0
2024-08-23 12:25:00-04:00,217.38609313964844,217.38609313964844,217.38609313964844,217.38609313964844,710,0.0,0.0
2024-08-23 12:30:00-04:00,217.5,217.52999877929688,217.43499755859375,217.50999450683594,1226,0.0,0.0
2024-08-23 12:35:00-04:00,217.52000427246094,217.52000427246094,217.52000427246094,217.52000427246094,790,0.0,0.0
2024-08-23 12:40:00-04:00,217.3249969482422,217.3249969482422,217.19500732421875,217.19500732421875,388,0.0,0.0
2024-08-23 12:45:00-04:00,217.18499755859375,217.53500366210938,217.07000732421875,217.53500366210938,2673,0.0,0.0
2024-08-23 12:50:00-04:00,217.60000610351562,217.63999938964844,217.52999877929688,217.5399932861328,1047,0.0,0.0
2024-08-23 12:55:00-04:00,217.60000610351562,217.60000610351562,217.4499969482422,217.47000122070312,2221,0.0,0.0
2024-08-23 13:00:00-04:00,217.41000366210938,217.41000366210938,217.41000366210938,217.41000366210938,614,0.0,0.0
2024-08-23 13:05:00-04:00,217.50999450683594,217.60000610351562,217.50999450683594,217.60000610351562,1263,0.0,0.0
2024-08-23 13:10:00-04:00,217.52499389648438,217.60499572753906,217.51499938964844,217.60000610351562,2025,0.0,0.0
2024-08-23 13:15:00-04:00,217.60499572753906,217.60499572753906,217.59500122070312,217.59500122070312,792,0.0,0.0
2024-08-23 13:20:00-04:00,217.60000610351562,217.61000061035156,217.52000427246094,217.60000610351562,5758,0.0,0.0
2024-08-23 13:25:00-04:00,217.5500030517578,217.78500366210938,217.5500030517578,217.78500366210938,2756,0.0,0.0
2024-08-23 13:30:00-04:00,218.05999755859375,218.07000732421875,218.05999755859375,218.05999755859375,1327,0.0,0.0
2024-08-23 13:35:00-04:00,218.0749969482422,218.22999572753906,218.0749969482422,218.22999572753906,672,0.0,0.0
2024-08-23 13:40:00-04:00,218.0500030517578,218.1199951171875,218.0500030517578,218.1199951171875,1776,0.0,0.0
2024-08-23 13:45:00-04:00,218.0500030517578,218.1750030517578,218.0500030517578,218.1750030517578,2176,0.0,0.0
2024-08-23 13:50:00-04:00,218.14999389648438,218.22999572753906,218.14999389648438,218.22999572753906,1055,0.0,0.0
2024-08-23 14:00:00-04:00,218.1649932861328,218.27000427246094,218.1649932861328,218.27000427246094,917,0.0,0.0
2024-08-23 14:05:00-04:00,218.25990295410156,218.25990295410156,218.02000427246094,218.02000427246094,835,0.0,0.0
2024-08-23 14:10:00-04:00,218.0749969482422,218.30999755859375,218.0749969482422,218.28419494628906,2692,0.0,0.0
2024-08-23 14:15:00-04:00,218.2100067138672,218.35000610351562,218.2100067138672,218.35000610351562,1722,0.0,0.0
2024-08-23 14:20:00-04:00,218.1999969482422,218.1999969482422,218.1999969482422,218.1999969482422,1682,0.0,0.0
2024-08-23 14:25:00-04:00,218.29519653320312,218.29519653320312,218.29519653320312,218.29519653320312,198,0.0,0.0
2024-08-23 14:30:00-04:00,218.25,218.25,218.16000366210938,218.22000122070312,2315,0.0,0.0
2024-08-23 14:35:00-04:00,218.22000122070312,218.22000122070312,218.22000122070312,218.22000122070312,595,0.0,0.0
2024-08-23 14:40:00-04:00,218.16000366210938,218.49139404296875,218.16000366210938,218.33999633789062,3332,0.0,0.0
2024-08-23 14:45:00-04:00,218.40499877929688,218.41000366210938,218.36000061035156,218.36000061035156,1531,0.0,0.0
2024-08-23 14:50:00-04:00,218.3300018310547,218.3350067138672,218.3300018310547,218.3350067138672,413,0.0,0.0
2024-08-23 14:55:00-04:00,218.39999389648438,218.49000549316406,218.39999389648438,218.41000366210938,2018,0.0,0.0
2024-08-23 15:00:00-04:00,218.3699951171875,218.375,218.3300018310547,218.375,1037,0.0,0.0
2024-08-23 15:05:00-04:00,218.3800048828125,218.5,218.3800048828125,218.5,1318,0.0,0.0
2024-08-23 15:10:00-04:00,218.5500030517578,218.67999267578125,218.5500030517578,218.60000610351562,1642,0.0,0.0
2024-08-23 15:15:00-04:00,218.74000549316406,218.74000549316406,218.57000732421875,218.57000732421875,3187,0.0,0.0
2024-08-23 15:20:00-04:00,218.6199951171875,218.72999572753906,218.52999877929688,218.67999267578125,3657,0.0,0.0
2024-08-23 15:25:00-04:00,218.7050018310547,218.8800048828125,218.7050018310547,218.8800048828125,1087,0.0,0.0
2024-08-23 15:30:00-04:00,218.9550018310547,219.05999755859375,218.82000732421875,218.82000732421875,3034,0.0,0.0
2024-08-23 15:35:00-04:00,218.85000610351562,219.07000732421875,218.78599548339844,218.92999267578125,3292,0.0,0.0
2024-08-23 15:40:00-04:00,219.0,219.03500366210938,218.80999755859375,218.80999755859375,4060,0.0,0.0
2024-08-23 15:45:00-04:00,218.77999877929688,218.8300018310547,218.61000061035156,218.75999450683594,5404,0.0,0.0
2024-08-23 15:50:00-04:00,218.75999450683594,218.91000366210938,218.4499969482422,218.89999389648438,11396,0.0,0.0
2024-08-23 15:55:00-04:00,218.97000122070312,219.1300048828125,218.6999969482422,218.9600067138672,30412,0.0,0.0
