Datetime,Open,High,Low,Close,Volume,Dividends,Stock Splits
2024-07-24 09:30:00-04:00,255.50999450683594,257.3699951171875,255.50999450683594,257.3699951171875,2698,0.0,0.0
2024-07-24 10:00:00-04:00,254.22999572753906,255.41000366210938,254.22999572753906,255.39999389648438,2065,0.0,0.0
2024-07-24 10:10:00-04:00,253.5399932861328,253.5399932861328,253.39999389648438,253.39999389648438,1302,0.0,0.0
2024-07-24 10:15:00-04:00,253.51950073242188,253.51950073242188,253.51950073242188,253.51950073242188,144,0.0,0.0
2024-07-24 10:20:00-04:00,253.64999389648438,255.0,253.64999389648438,254.61000061035156,2238,0.0,0.0
2024-07-24 10:25:00-04:00,255.0,255.0,255.0,255.0,442,0.0,0.0
2024-07-24 10:30:00-04:00,255.77999877929688,255.7899932861328,255.77999877929688,255.7899932861328,866,0.0,0.0
2024-07-24 10:35:00-04:00,256.1650085449219,256.1650085449219,256.1650085449219,256.1650085449219,334,0.0,0.0
2024-07-24 10:40:00-04:00,255.9940948486328,255.9940948486328,255.9940948486328,255.9940948486328,623,0.0,0.0
2024-07-24 10:45:00-04:00,255.83999633789062,255.83999633789062,255.6199951171875,255.6199951171875,691,0.0,0.0
2024-07-24 10:50:00-04:00,255.8300018310547,255.8300018310547,255.8300018310547,255.8300018310547,849,0.0,0.0
2024-07-24 11:00:00-04:00,254.55999755859375,254.55999755859375,254.55999755859375,254.55999755859375,630,0.0,0.0
2024-07-24 11:05:00-04:00,254.11000061035156,254.3076934814453,254.0601043701172,254.0601043701172,622,0.0,0.0
2024-07-24 11:10:00-04:00,254.68499755859375,254.68499755859375,254.44500732421875,254.44500732421875,1301,0.0,0.0
2024-07-24 11:15:00-04:00,254.63999938964844,254.63999938964844,254.5800018310547,254.5800018310547,740,0.0,0.0
2024-07-24 11:20:00-04:00,254.17999267578125,254.17999267578125,253.99000549316406,253.99000549316406,1072,0.0,0.0
2024-07-24 11:25:00-04:00,254.47000122070312,254.47000122070312,254.22000122070312,254.22000122070312,603,0.0,0.0
2024-07-24 11:30:00-04:00,255.0399932861328,255.1199951171875,255.0399932861328,255.1199951171875,772,0.0,0.0
2024-07-24 11:35:00-04:00,254.72999572753906,254.72999572753906,254.72999572753906,254.72999572753906,471,0.0,0.0
2024-07-24 11:40:00-04:00,254.5800018310547,254.8800048828125,254.5800018310547,254.8800048828125,1088,0.0,0.0
2024-07-24 11:45:00-04:00,255.74000549316406,255.74000549316406,255.74000549316406,255.74000549316406,443,0.0,0.0
2024-07-24 11:50:00-04:00,254.72869873046875,254.72869873046875,254.72869873046875,254.72869873046875,963,0.0,0.0
2024-07-24 12:00:00-04:00,255.14999389648438,255.14999389648438,255.14999389648438,255.14999389648438,849,0.0,0.0
2024-07-24 12:05:00-04:00,254.58999633789062,254.58999633789062,254.58999633789062,254.58999633789062,973,0.0,0.0
2024-07-24 12:10:00-04:00,254.3000030517578,254.3000030517578,254.23500061035156,254.23500061035156,2114,0.0,0.0
2024-07-24 12:15:00-04:00,254.47000122070312,254.49000549316406,254.2449951171875,254.25999450683594,3157,0.0,0.0
2024-07-24 12:25:00-04:00,253.86000061035156,253.89500427246094,253.86000061035156,253.88999938964844,853,0.0,0.0
2024-07-24 12:35:00-04:00,254.11000061035156,254.11000061035156,253.61000061035156,253.7899932861328,6406,0.0,0.0
2024-07-24 12:40:00-04:00,253.8300018310547,253.8300018310547,253.35000610351562,253.35000610351562,1343,0.0,0.0
2024-07-24 12:45:00-04:00,253.70640563964844,253.70640563964844,253.3000030517578,253.3000030517578,503,0.0,0.0
2024-07-24 12:50:00-04:00,253.25,253.47000122070312,253.18499755859375,253.47000122070312,1258,0.0,0.0
2024-07-24 12:55:00-04:00,252.8800048828125,253.25999450683594,252.8800048828125,253.25,2788,0.0,0.0
2024-07-24 13:00:00-04:00,252.97999572753906,252.97999572753906,252.83999633789062,252.83999633789062,592,0.0,0.0
2024-07-24 13:05:00-04:00,253.22000122070312,253.47000122070312,253.22000122070312,253.46249389648438,2291,0.0,0.0
2024-07-24 13:10:00-04:00,253.44000244140625,253.44000244140625,253.44000244140625,253.44000244140625,418,0.0,0.0
2024-07-24 13:15:00-04:00,253.32249450683594,253.32249450683594,253.32249450683594,253.32249450683594,449,0.0,0.0
2024-07-24 13:20:00-04:00,253.3300018310547,253.39999389648438,253.3300018310547,253.39999389648438,576,0.0,0.0
2024-07-24 13:25:00-04:00,253.2050018310547,253.2050018310547,253.1649932861328,253.1649932861328,3502,0.0,0.0
2024-07-24 13:30:00-04:00,253.17999267578125,253.25999450683594,253.10499572753906,253.11000061035156,2261,0.0,0.0
2024-07-24 13:35:00-04:00,253.14999389648438,253.41000366210938,253.14999389648438,253.3000030517578,3282,0.0,0.0
2024-07-24 13:40:00-04:00,253.3350067138672,253.3625030517578,253.3350067138672,253.3625030517578,891,0.0,0.0
2024-07-24 13:45:00-04:00,253.0800018310547,253.0800018310547,252.72000122070312,252.72000122070312,3364,0.0,0.0
2024-07-24 13:50:00-04:00,252.7100067138672,252.7100067138672,252.41000366210938,252.4199981689453,2946,0.0,0.0
2024-07-24 13:55:00-04:00,252.47999572753906,252.47999572753906,251.67999267578125,251.96499633789062,5852,0.0,0.0
2024-07-24 14:00:00-04:00,252.17999267578125,252.3300018310547,251.66000366210938,251.66000366210938,4370,0.0,0.0
2024-07-24 14:05:00-04:00,251.49000549316406,251.58999633789062,251.2899932861328,251.2899932861328,2648,0.0,0.0
2024-07-24 14:10:00-04:00,251.08999633789062,251.09500122070312,250.7899932861328,250.7899932861328,4180,0.0,0.0
2024-07-24 14:15:00-04:00,250.5850067138672,250.5850067138672,249.92999267578125,250.0,1868,0.0,0.0
2024-07-24 14:20:00-04:00,249.8000030517578,249.89500427246094,249.75,249.89500427246094,2402,0.0,0.0
2024-07-24 14:25:00-04:00,249.52000427246094,249.8350067138672,249.5,249.58999633789062,2796,0.0,0.0
2024-07-24 14:30:00-04:00,249.77999877929688,250.10000610351562,249.6999969482422,249.6999969482422,3062,0.0,0.0
2024-07-24 14:35:00-04:00,249.67999267578125,249.67999267578125,249.22500610351562,249.2899932861328,1639,0.0,0.0
2024-07-24 14:40:00-04:00,249.24000549316406,249.24000549316406,248.80999755859375,248.80999755859375,1639,0.0,0.0
2024-07-24 14:50:00-04:00,248.80999755859375,249.1699981689453,248.80999755859375,249.1699981689453,3154,0.0,0.0
2024-07-24 14:55:00-04:00,249.5749969482422,250.0,249.5749969482422,250.0,2598,0.0,0.0
2024-07-24 15:00:00-04:00,249.85000610351562,250.0399932861328,249.7100067138672,249.7100067138672,1385,0.0,0.0
2024-07-24 15:05:00-04:00,249.7899932861328,249.8000030517578,248.8699951171875,249.33999633789062,19127,0.0,0.0
2024-07-24 15:10:00-04:00,249.25999450683594,249.25999450683594,248.75,249.0,16781,0.0,0.0
2024-07-24 15:15:00-04:00,249.0399932861328,249.17999267578125,248.67999267578125,248.67999267578125,6704,0.0,0.0
2024-07-24 15:20:00-04:00,248.72500610351562,248.72500610351562,248.52999877929688,248.52999877929688,3579,0.0,0.0
2024-07-24 15:25:00-04:00,248.36000061035156,248.41000366210938,248.0,248.25999450683594,9260,0.0,0.0
2024-07-24 15:30:00-04:00,247.89999389648438,248.15469360351562,247.6999969482422,248.15469360351562,7035,0.0,0.0
2024-07-24 15:35:00-04:00,247.99000549316406,247.99000549316406,247.4600067138672,247.53500366210938,3825,0.0,0.0
2024-07-24 15:40:00-04:00,247.42999267578125,247.42999267578125,246.94000244140625,246.94000244140625,4214,0.0,0.0
2024-07-24 15:45:00-04:00,246.91000366210938,246.91000366210938,246.13999938964844,246.59500122070312,12937,0.0,0.0
2024-07-24 15:50:00-04:00,246.42999267578125,246.89999389648438,246.17999267578125,246.20010375976562,20987,0.0,0.0
2024-07-24 15:55:00-04:00,246.0399932861328,246.61000061035156,245.6739959716797,246.1199951171875,44915,0.0,0.0
2024-07-25 09:30:00-04:00,246.74000549316406,246.74000549316406,246.74000549316406,246.74000549316406,2303,0.0,0.0
2024-07-25 09:35:00-04:00,246.17999267578125,247.7100067138672,246.17999267578125,247.7100067138672,717,0.0,0.0
2024-07-25 09:40:00-04:00,247.91000366210938,247.91000366210938,247.91000366210938,247.91000366210938,613,0.0,0.0
2024-07-25 09:45:00-04:00,247.91000366210938,247.91000366210938,247.0800018310547,247.0800018310547,1515,0.0,0.0
2024-07-25 09:50:00-04:00,247.0,247.0800018310547,245.63499450683594,246.58999633789062,4719,0.0,0.0
2024-07-25 09:55:00-04:00,246.58999633789062,247.2050018310547,246.58999633789062,247.2050018310547,5889,0.0,0.0
2024-07-25 10:00:00-04:00,247.02499389648438,247.02499389648438,242.55999755859375,243.0,26195,0.0,0.0
2024-07-25 10:05:00-04:00,243.07000732421875,245.41000366210938,242.97999572753906,245.41000366210938,5833,0.0,0.0
2024-07-25 10:10:00-04:00,244.41000366210938,245.10000610351562,244.22000122070312,244.89999389648438,1802,0.0,0.0
2024-07-25 10:15:00-04:00,246.3800048828125,246.3800048828125,246.19000244140625,246.19000244140625,1049,0.0,0.0
2024-07-25 10:20:00-04:00,247.88999938964844,247.88999938964844,247.1199951171875,247.1199951171875,960,0.0,0.0
2024-07-25 10:30:00-04:00,249.25340270996094,249.25340270996094,249.25340270996094,249.25340270996094,959,0.0,0.0
2024-07-25 10:35:00-04:00,248.09500122070312,248.09500122070312,248.09500122070312,248.09500122070312,552,0.0,0.0
2024-07-25 10:40:00-04:00,247.38999938964844,248.4199981689453,247.38999938964844,248.27999877929688,839,0.0,0.0
2024-07-25 10:45:00-04:00,248.43499755859375,249.0,248.43499755859375,248.99000549316406,2341,0.0,0.0
2024-07-25 10:50:00-04:00,249.36000061035156,251.375,248.9550018310547,251.22999572753906,4926,0.0,0.0
2024-07-25 10:55:00-04:00,250.92999267578125,251.41000366210938,250.38499450683594,250.38499450683594,11876,0.0,0.0
2024-07-25 11:00:00-04:00,250.6199951171875,250.80999755859375,249.8000030517578,249.88999938964844,8937,0.0,0.0
2024-07-25 11:05:00-04:00,250.36000061035156,250.36000061035156,250.27000427246094,250.27000427246094,1530,0.0,0.0
2024-07-25 11:10:00-04:00,250.3800048828125,250.3800048828125,249.88999938964844,250.24000549316406,2543,0.0,0.0
2024-07-25 11:15:00-04:00,250.52000427246094,250.5850067138672,250.39999389648438,250.5850067138672,2174,0.0,0.0
2024-07-25 11:20:00-04:00,249.9499969482422,249.9499969482422,249.9499969482422,249.9499969482422,1136,0.0,0.0
2024-07-25 11:30:00-04:00,249.02999877929688,249.02999877929688,248.82000732421875,248.82000732421875,1587,0.0,0.0
2024-07-25 11:40:00-04:00,248.94500732421875,249.43890380859375,248.94000244140625,249.43890380859375,1436,0.0,0.0
2024-07-25 11:50:00-04:00,249.2899932861328,249.2899932861328,249.2899932861328,249.2899932861328,335,0.0,0.0
2024-07-25 11:55:00-04:00,249.2949981689453,249.5,249.2949981689453,249.2949981689453,1025,0.0,0.0
2024-07-25 12:00:00-04:00,249.61000061035156,250.0,249.5749969482422,249.6199951171875,4628,0.0,0.0
2024-07-25 12:05:00-04:00,249.60499572753906,249.60499572753906,249.60499572753906,249.60499572753906,307,0.0,0.0
2024-07-25 12:10:00-04:00,249.2100067138672,249.77000427246094,249.1699981689453,249.4600067138672,1230,0.0,0.0
2024-07-25 12:15:00-04:00,249.67999267578125,249.67999267578125,249.2100067138672,249.60000610351562,1277,0.0,0.0
2024-07-25 12:20:00-04:00,249.6999969482422,249.8000030517578,249.3300018310547,249.75999450683594,4508,0.0,0.0
2024-07-25 12:25:00-04:00,249.7449951171875,250.14999389648438,249.7449951171875,250.14999389648438,1285,0.0,0.0
2024-07-25 12:30:00-04:00,250.47000122070312,250.52000427246094,250.47000122070312,250.52000427246094,1160,0.0,0.0
2024-07-25 12:35:00-04:00,250.27999877929688,250.3699951171875,249.97999572753906,250.3249969482422,5229,0.0,0.0
2024-07-25 12:45:00-04:00,250.4199981689453,250.4199981689453,250.4199981689453,250.4199981689453,1255,0.0,0.0
2024-07-25 12:55:00-04:00,250.35499572753906,250.57000732421875,249.9199981689453,250.1999969482422,2296,0.0,0.0
2024-07-25 13:00:00-04:00,250.30999755859375,250.77999877929688,250.30999755859375,250.77999877929688,1627,0.0,0.0
2024-07-25 13:10:00-04:00,251.35000610351562,251.35000610351562,251.35000610351562,251.35000610351562,696,0.0,0.0
2024-07-25 13:15:00-04:00,250.39999389648438,250.39999389648438,250.39999389648438,250.39999389648438,426,0.0,0.0
2024-07-25 13:20:00-04:00,250.64999389648438,250.64999389648438,250.22000122070312,250.22000122070312,1343,0.0,0.0
2024-07-25 13:25:00-04:00,250.0800018310547,250.0800018310547,250.0800018310547,250.0800018310547,844,0.0,0.0
2024-07-25 13:35:00-04:00,249.88999938964844,249.88999938964844,249.88999938964844,249.88999938964844,692,0.0,0.0
2024-07-25 13:45:00-04:00,249.4499969482422,249.4499969482422,249.44000244140625,249.44000244140625,1288,0.0,0.0
2024-07-25 13:50:00-04:00,248.58999633789062,248.58999633789062,248.5,248.5,1049,0.0,0.0
2024-07-25 13:55:00-04:00,248.97500610351562,248.97500610351562,248.49000549316406,248.49000549316406,1029,0.0,0.0
2024-07-25 14:00:00-04:00,248.55999755859375,248.55999755859375,248.55999755859375,248.55999755859375,253,0.0,0.0
2024-07-25 14:05:00-04:00,248.52000427246094,248.52000427246094,247.91000366210938,247.91000366210938,2430,0.0,0.0
2024-07-25 14:10:00-04:00,247.88999938964844,248.17999267578125,247.47999572753906,247.47999572753906,1787,0.0,0.0
2024-07-25 14:15:00-04:00,247.88499450683594,248.67999267578125,247.88499450683594,248.28750610351562,2378,0.0,0.0
2024-07-25 14:20:00-04:00,248.39999389648438,248.39999389648438,247.64999389648438,247.64999389648438,2627,0.0,0.0
2024-07-25 14:25:00-04:00,247.77999877929688,247.94500732421875,247.4199981689453,247.5399932861328,1443,0.0,0.0
2024-07-25 14:30:00-04:00,247.5800018310547,248.3800048828125,247.5800018310547,248.2899932861328,1204,0.0,0.0
2024-07-25 14:35:00-04:00,247.64999389648438,247.64999389648438,247.47999572753906,247.47999572753906,852,0.0,0.0
2024-07-25 14:40:00-04:00,247.02999877929688,247.02999877929688,246.9499969482422,246.9499969482422,1452,0.0,0.0
2024-07-25 14:45:00-04:00,246.1999969482422,246.72000122070312,246.10000610351562,246.25999450683594,1393,0.0,0.0
2024-07-25 14:50:00-04:00,245.97000122070312,245.97000122070312,245.97000122070312,245.97000122070312,981,0.0,0.0
2024-07-25 14:55:00-04:00,245.9250030517578,246.3300018310547,245.9250030517578,246.09500122070312,2010,0.0,0.0
2024-07-25 15:00:00-04:00,246.1699981689453,246.1699981689453,246.0,246.13499450683594,1018,0.0,0.0
2024-07-25 15:05:00-04:00,246.09500122070312,246.09500122070312,245.86000061035156,245.86000061035156,1119,0.0,0.0
2024-07-25 15:10:00-04:00,246.29989624023438,246.29989624023438,245.99000549316406,245.99000549316406,660,0.0,0.0
2024-07-25 15:15:00-04:00,246.0050048828125,246.0050048828125,246.0050048828125,246.0050048828125,392,0.0,0.0
2024-07-25 15:20:00-04:00,246.3000030517578,246.58999633789062,246.02999877929688,246.58999633789062,3029,0.0,0.0
2024-07-25 15:25:00-04:00,246.94500732421875,247.0500030517578,246.8300018310547,247.02999877929688,1230,0.0,0.0
2024-07-25 15:30:00-04:00,247.22000122070312,247.47000122070312,246.67999267578125,246.67999267578125,4356,0.0,0.0
2024-07-25 15:35:00-04:00,245.9600067138672,245.9600067138672,245.9600067138672,245.9600067138672,986,0.0,0.0
2024-07-25 15:40:00-04:00,245.875,246.0500030517578,245.6999969482422,246.0500030517578,4455,0.0,0.0
2024-07-25 15:45:00-04:00,245.72000122070312,246.1199951171875,245.4600067138672,245.9199981689453,9164,0.0,0.0
2024-07-25 15:50:00-04:00,245.77000427246094,245.77000427246094,245.52999877929688,245.69000244140625,3805,0.0,0.0
2024-07-25 15:55:00-04:00,245.52000427246094,245.73500061035156,244.5800018310547,245.10000610351562,18794,0.0,0.0
2024-07-26 09:30:00-04:00,248.6300048828125,249.0,247.9600067138672,248.67999267578125,2380,0.0,0.0
2024-07-26 09:40:00-04:00,250.47000122070312,250.47000122070312,250.47000122070312,250.47000122070312,568,0.0,0.0
2024-07-26 09:45:00-04:00,250.36000061035156,251.57000732421875,250.36000061035156,251.57000732421875,3053,0.0,0.0
2024-07-26 09:55:00-04:00,251.6999969482422,251.6999969482422,251.6999969482422,251.6999969482422,723,0.0,0.0
2024-07-26 10:00:00-04:00,252.52999877929688,253.5800018310547,252.52999877929688,253.27499389648438,1914,0.0,0.0
2024-07-26 10:05:00-04:00,253.30499267578125,253.31500244140625,253.30499267578125,253.31500244140625,1417,0.0,0.0
2024-07-26 10:15:00-04:00,253.30999755859375,253.30999755859375,252.57000732421875,252.86000061035156,1339,0.0,0.0
2024-07-26 10:20:00-04:00,252.86000061035156,253.39999389648438,252.17999267578125,252.64999389648438,3420,0.0,0.0
2024-07-26 10:25:00-04:00,252.27000427246094,252.27000427246094,252.27000427246094,252.27000427246094,131,0.0,0.0
2024-07-26 10:30:00-04:00,252.3699951171875,252.3699951171875,251.39999389648438,251.52999877929688,1889,0.0,0.0
2024-07-26 10:35:00-04:00,250.0,250.13499450683594,250.0,250.05999755859375,1345,0.0,0.0
2024-07-26 10:40:00-04:00,251.1699981689453,251.5625,250.90499877929688,251.19500732421875,3085,0.0,0.0
2024-07-26 10:45:00-04:00,251.16000366210938,251.16000366210938,251.16000366210938,251.16000366210938,810,0.0,0.0
2024-07-26 10:50:00-04:00,250.75999450683594,251.25,250.75999450683594,251.25,1518,0.0,0.0
2024-07-26 10:55:00-04:00,250.77000427246094,251.1199951171875,250.77000427246094,251.1199951171875,1976,0.0,0.0
2024-07-26 11:00:00-04:00,251.14999389648438,251.14999389648438,250.75999450683594,251.11500549316406,2109,0.0,0.0
2024-07-26 11:05:00-04:00,251.08999633789062,251.10000610351562,250.64999389648438,250.64999389648438,5463,0.0,0.0
2024-07-26 11:10:00-04:00,250.60499572753906,250.60499572753906,250.60499572753906,250.60499572753906,652,0.0,0.0
2024-07-26 11:15:00-04:00,250.43499755859375,250.43499755859375,249.3300018310547,250.0500030517578,2110,0.0,0.0
2024-07-26 11:20:00-04:00,250.0,250.5800018310547,250.0,250.27000427246094,6610,0.0,0.0
2024-07-26 11:25:00-04:00,250.64999389648438,251.05999755859375,250.4149932861328,251.05999755859375,4838,0.0,0.0
2024-07-26 11:30:00-04:00,251.14999389648438,251.14999389648438,251.05999755859375,251.10000610351562,2552,0.0,0.0
2024-07-26 11:35:00-04:00,251.0500030517578,251.0500030517578,251.0500030517578,251.0500030517578,256,0.0,0.0
2024-07-26 11:40:00-04:00,251.2100067138672,251.2100067138672,251.2100067138672,251.2100067138672,289,0.0,0.0
2024-07-26 11:45:00-04:00,251.47999572753906,251.72000122070312,251.38999938964844,251.72000122070312,1213,0.0,0.0
2024-07-26 11:50:00-04:00,251.8000030517578,252.0,251.69500732421875,251.8000030517578,3907,0.0,0.0
2024-07-26 11:55:00-04:00,251.6199951171875,252.0,251.6199951171875,252.0,2565,0.0,0.0
2024-07-26 12:00:00-04:00,251.99000549316406,252.0,251.75,252.0,6208,0.0,0.0
2024-07-26 12:05:00-04:00,252.0,252.0,251.88499450683594,252.0,2150,0.0,0.0
2024-07-26 12:10:00-04:00,252.0,252.0,251.6699981689453,251.6699981689453,2448,0.0,0.0
2024-07-26 12:15:00-04:00,251.7899932861328,251.99000549316406,251.7899932861328,251.99000549316406,960,0.0,0.0
2024-07-26 12:20:00-04:00,251.97000122070312,252.0,251.8300018310547,252.0,2222,0.0,0.0
2024-07-26 12:25:00-04:00,252.0,252.0,251.85000610351562,252.0,9308,0.0,0.0
2024-07-26 12:30:00-04:00,252.0,252.77000427246094,252.0,252.7100067138672,7180,0.0,0.0
2024-07-26 12:35:00-04:00,252.4199981689453,252.4199981689453,252.03250122070312,252.03250122070312,712,0.0,0.0
2024-07-26 12:40:00-04:00,251.52999877929688,252.0,251.47000122070312,251.60000610351562,6102,0.0,0.0
2024-07-26 12:45:00-04:00,251.5449981689453,252.52999877929688,251.5,252.15499877929688,4458,0.0,0.0
2024-07-26 12:50:00-04:00,252.41000366210938,252.41000366210938,251.77000427246094,252.2593994140625,2815,0.0,0.0
2024-07-26 12:55:00-04:00,252.25,252.52000427246094,252.07000732421875,252.52000427246094,959,0.0,0.0
2024-07-26 13:00:00-04:00,252.39500427246094,252.39500427246094,252.39500427246094,252.39500427246094,289,0.0,0.0
2024-07-26 13:05:00-04:00,252.43499755859375,252.6999969482422,252.43499755859375,252.6999969482422,1018,0.0,0.0
2024-07-26 13:15:00-04:00,252.5850067138672,252.5850067138672,252.5850067138672,252.5850067138672,752,0.0,0.0
2024-07-26 13:20:00-04:00,252.88499450683594,252.88499450683594,252.88499450683594,252.88499450683594,440,0.0,0.0
2024-07-26 13:25:00-04:00,252.9499969482422,252.9499969482422,252.9250030517578,252.9250030517578,747,0.0,0.0
2024-07-26 13:30:00-04:00,252.88999938964844,253.17999267578125,252.60000610351562,252.60000610351562,3658,0.0,0.0
2024-07-26 13:35:00-04:00,252.1999969482422,252.1999969482422,250.2899932861328,250.5,12665,0.0,0.0
2024-07-26 13:40:00-04:00,250.47999572753906,250.5,250.0050048828125,250.0050048828125,2972,0.0,0.0
2024-07-26 13:45:00-04:00,250.72000122070312,250.72000122070312,250.72000122070312,250.72000122070312,752,0.0,0.0
2024-07-26 13:50:00-04:00,250.9069061279297,250.9069061279297,250.1999969482422,250.1999969482422,1121,0.0,0.0
2024-07-26 13:55:00-04:00,250.69000244140625,250.8000030517578,250.5500030517578,250.57000732421875,1667,0.0,0.0
2024-07-26 14:00:00-04:00,250.34500122070312,250.9949951171875,250.32000732421875,250.32000732421875,2993,0.0,0.0
2024-07-26 14:05:00-04:00,250.5749969482422,250.5749969482422,250.5749969482422,250.5749969482422,1164,0.0,0.0
2024-07-26 14:10:00-04:00,250.75,250.75,250.72000122070312,250.72000122070312,1301,0.0,0.0
2024-07-26 14:15:00-04:00,250.49000549316406,250.49000549316406,250.2100067138672,250.2100067138672,397,0.0,0.0
2024-07-26 14:20:00-04:00,250.19000244140625,250.30999755859375,250.19000244140625,250.30999755859375,416,0.0,0.0
2024-07-26 14:25:00-04:00,250.10000610351562,250.1925048828125,249.72000122070312,250.14999389648438,1872,0.0,0.0
2024-07-26 14:30:00-04:00,249.86000061035156,250.17999267578125,249.86000061035156,250.17999267578125,1315,0.0,0.0
2024-07-26 14:40:00-04:00,249.7899932861328,249.7899932861328,249.58999633789062,249.58999633789062,1183,0.0,0.0
2024-07-26 14:50:00-04:00,249.78500366210938,250.05499267578125,249.78500366210938,249.84500122070312,1462,0.0,0.0
2024-07-26 14:55:00-04:00,249.91000366210938,249.91000366210938,248.8699951171875,249.16000366210938,11155,0.0,0.0
2024-07-26 15:00:00-04:00,249.1699981689453,249.22999572753906,249.1699981689453,249.22999572753906,1218,0.0,0.0
2024-07-26 15:05:00-04:00,249.2100067138672,249.2100067138672,249.2100067138672,249.2100067138672,392,0.0,0.0
2024-07-26 15:10:00-04:00,249.19000244140625,249.19000244140625,249.17999267578125,249.17999267578125,1317,0.0,0.0
2024-07-26 15:15:00-04:00,249.02000427246094,249.3175048828125,248.88999938964844,248.88999938964844,2923,0.0,0.0
2024-07-26 15:20:00-04:00,249.0850067138672,249.25990295410156,249.0850067138672,249.16000366210938,1540,0.0,0.0
2024-07-26 15:25:00-04:00,249.14500427246094,249.14500427246094,248.74000549316406,248.74000549316406,5136,0.0,0.0
2024-07-26 15:30:00-04:00,248.82000732421875,249.39999389648438,248.3800048828125,248.3800048828125,5584,0.0,0.0
2024-07-26 15:35:00-04:00,248.36000061035156,248.36500549316406,248.02999877929688,248.35499572753906,2506,0.0,0.0
2024-07-26 15:40:00-04:00,248.60000610351562,248.6649932861328,248.25,248.25,4501,0.0,0.0
2024-07-26 15:45:00-04:00,248.25,249.1999969482422,248.0800018310547,249.1999969482422,16636,0.0,0.0
2024-07-26 15:50:00-04:00,249.47500610351562,249.47500610351562,248.25999450683594,248.25999450683594,10970,0.0,0.0
2024-07-26 15:55:00-04:00,248.35000610351562,248.5500030517578,247.39999389648438,248.5500030517578,39646,0.0,0.0
2024-07-29 09:30:00-04:00,249.07000732421875,250.5,248.10000610351562,248.35000610351562,2538,0.0,0.0
2024-07-29 09:45:00-04:00,249.1699981689453,250.32000732421875,248.24000549316406,250.32000732421875,2760,0.0,0.0
2024-07-29 10:00:00-04:00,248.8350067138672,250.77999877929688,248.8350067138672,250.77999877929688,982,0.0,0.0
2024-07-29 10:05:00-04:00,251.2449951171875,251.2449951171875,250.44000244140625,250.86500549316406,2167,0.0,0.0
2024-07-29 10:20:00-04:00,251.0,251.0800018310547,250.7899932861328,250.8000030517578,1020,0.0,0.0
2024-07-29 10:25:00-04:00,250.3699951171875,250.52000427246094,250.3699951171875,250.52000427246094,826,0.0,0.0
2024-07-29 10:30:00-04:00,249.11000061035156,249.11000061035156,248.80999755859375,248.80999755859375,1151,0.0,0.0
2024-07-29 10:35:00-04:00,248.875,248.875,248.875,248.875,416,0.0,0.0
2024-07-29 10:45:00-04:00,249.52000427246094,249.52000427246094,249.52000427246094,249.52000427246094,765,0.0,0.0
2024-07-29 10:50:00-04:00,249.25,249.25,249.25,249.25,2291,0.0,0.0
2024-07-29 10:55:00-04:00,250.16000366210938,250.7100067138672,249.75999450683594,250.7100067138672,5135,0.0,0.0
2024-07-29 11:00:00-04:00,249.94500732421875,250.5500030517578,249.94500732421875,250.5500030517578,353,0.0,0.0
2024-07-29 11:05:00-04:00,249.875,249.875,249.3800048828125,249.3800048828125,1307,0.0,0.0
2024-07-29 11:10:00-04:00,249.02499389648438,249.05999755859375,249.02499389648438,249.05999755859375,2766,0.0,0.0
2024-07-29 11:20:00-04:00,249.3699951171875,249.3699951171875,249.13999938964844,249.13999938964844,1221,0.0,0.0
2024-07-29 11:25:00-04:00,249.30499267578125,250.19000244140625,249.30499267578125,250.0449981689453,5154,0.0,0.0
2024-07-29 11:30:00-04:00,249.23500061035156,249.41000366210938,249.23500061035156,249.3300018310547,1980,0.0,0.0
2024-07-29 11:35:00-04:00,249.36000061035156,249.36000061035156,248.47000122070312,249.13999938964844,2212,0.0,0.0
2024-07-29 11:45:00-04:00,249.84500122070312,250.1750030517578,249.84500122070312,250.1750030517578,479,0.0,0.0
2024-07-29 11:50:00-04:00,250.639892578125,250.639892578125,250.1649932861328,250.1649932861328,665,0.0,0.0
2024-07-29 11:55:00-04:00,250.52000427246094,250.52000427246094,250.10499572753906,250.3000030517578,809,0.0,0.0
2024-07-29 12:00:00-04:00,250.30999755859375,250.30999755859375,250.3083038330078,250.3083038330078,1066,0.0,0.0
2024-07-29 12:10:00-04:00,250.4499969482422,250.4499969482422,250.43499755859375,250.43499755859375,697,0.0,0.0
2024-07-29 12:15:00-04:00,250.56500244140625,250.56500244140625,250.56500244140625,250.56500244140625,801,0.0,0.0
2024-07-29 12:20:00-04:00,250.33999633789062,250.33999633789062,250.33999633789062,250.33999633789062,738,0.0,0.0
2024-07-29 12:30:00-04:00,250.27000427246094,250.3699951171875,250.1999969482422,250.22999572753906,1481,0.0,0.0
2024-07-29 12:40:00-04:00,250.23500061035156,250.24000549316406,250.07000732421875,250.24000549316406,1121,0.0,0.0
2024-07-29 12:45:00-04:00,250.2550048828125,250.27000427246094,250.1699981689453,250.27000427246094,707,0.0,0.0
2024-07-29 12:50:00-04:00,250.0800018310547,250.0800018310547,249.3800048828125,249.3800048828125,1643,0.0,0.0
2024-07-29 13:00:00-04:00,249.47999572753906,249.47999572753906,249.47999572753906,249.47999572753906,337,0.0,0.0
2024-07-29 13:10:00-04:00,249.30999755859375,249.82000732421875,249.30999755859375,249.72500610351562,1721,0.0,0.0
2024-07-29 13:15:00-04:00,249.52000427246094,249.52000427246094,249.39500427246094,249.39500427246094,1529,0.0,0.0
2024-07-29 13:20:00-04:00,249.27000427246094,249.6199951171875,248.9600067138672,248.9600067138672,9615,0.0,0.0
2024-07-29 13:25:00-04:00,249.1999969482422,249.1999969482422,249.0749969482422,249.0749969482422,1100,0.0,0.0
2024-07-29 13:30:00-04:00,248.8300018310547,248.8300018310547,248.8300018310547,248.8300018310547,111,0.0,0.0
2024-07-29 13:35:00-04:00,248.75999450683594,248.75999450683594,248.5500030517578,248.5500030517578,920,0.0,0.0
2024-07-29 13:40:00-04:00,248.22999572753906,248.22999572753906,248.1699981689453,248.1699981689453,847,0.0,0.0
2024-07-29 13:50:00-04:00,247.97000122070312,247.97000122070312,247.97000122070312,247.97000122070312,362,0.0,0.0
2024-07-29 13:55:00-04:00,248.36500549316406,248.36500549316406,248.36500549316406,248.36500549316406,789,0.0,0.0
2024-07-29 14:00:00-04:00,248.0800018310547,248.0800018310547,248.0800018310547,248.0800018310547,1039,0.0,0.0
2024-07-29 14:10:00-04:00,248.52000427246094,248.52000427246094,248.5,248.5,754,0.0,0.0
2024-07-29 14:15:00-04:00,248.36000061035156,248.36000061035156,248.36000061035156,248.36000061035156,529,0.0,0.0
2024-07-29 14:20:00-04:00,248.22999572753906,248.9499969482422,248.22999572753906,248.89990234375,3189,0.0,0.0
2024-07-29 14:25:00-04:00,248.83999633789062,248.83999633789062,248.49000549316406,248.49000549316406,902,0.0,0.0
2024-07-29 14:30:00-04:00,248.3000030517578,248.44000244140625,248.3000030517578,248.44000244140625,352,0.0,0.0
2024-07-29 14:35:00-04:00,248.3000030517578,248.3000030517578,248.3000030517578,248.3000030517578,514,0.0,0.0
2024-07-29 14:40:00-04:00,248.4600067138672,248.4600067138672,248.41000366210938,248.41000366210938,697,0.0,0.0
2024-07-29 14:45:00-04:00,248.38999938964844,248.39999389648438,248.10000610351562,248.2899932861328,2073,0.0,0.0
2024-07-29 14:50:00-04:00,248.47999572753906,248.47999572753906,248.3000030517578,248.3699951171875,1011,0.0,0.0
2024-07-29 14:55:00-04:00,248.1699981689453,248.17999267578125,248.1699981689453,248.17999267578125,1158,0.0,0.0
2024-07-29 15:00:00-04:00,248.5800018310547,248.74000549316406,248.57000732421875,248.57000732421875,770,0.0,0.0
2024-07-29 15:05:00-04:00,248.8300018310547,248.8300018310547,248.8300018310547,248.8300018310547,1815,0.0,0.0
2024-07-29 15:10:00-04:00,248.4499969482422,248.60499572753906,248.4499969482422,248.60499572753906,1099,0.0,0.0
2024-07-29 15:15:00-04:00,248.33999633789062,248.3647003173828,248.08999633789062,248.08999633789062,1949,0.0,0.0
2024-07-29 15:20:00-04:00,248.0500030517578,248.5399932861328,248.0500030517578,248.5399932861328,1430,0.0,0.0
2024-07-29 15:25:00-04:00,248.8300018310547,249.32000732421875,248.8300018310547,249.17750549316406,3174,0.0,0.0
2024-07-29 15:30:00-04:00,249.1750030517578,249.1750030517578,248.52999877929688,248.75999450683594,4806,0.0,0.0
2024-07-29 15:35:00-04:00,249.22000122070312,249.36000061035156,249.05999755859375,249.36000061035156,1206,0.0,0.0
2024-07-29 15:40:00-04:00,249.41000366210938,249.59500122070312,249.41000366210938,249.59500122070312,1934,0.0,0.0
2024-07-29 15:45:00-04:00,249.50999450683594,249.58999633789062,249.3800048828125,249.3800048828125,3743,0.0,0.0
2024-07-29 15:50:00-04:00,249.44000244140625,249.61000061035156,248.6999969482422,248.6999969482422,10258,0.0,0.0
2024-07-29 15:55:00-04:00,248.69000244140625,249.36500549316406,248.69000244140625,248.9499969482422,27576,0.0,0.0
2024-07-30 09:30:00-04:00,250.5800018310547,250.5800018310547,250.5800018310547,250.5800018310547,811,0.0,0.0
2024-07-30 09:35:00-04:00,249.99000549316406,251.4600067138672,249.99000549316406,251.4600067138672,2117,0.0,0.0
2024-07-30 09:45:00-04:00,252.25,252.50999450683594,252.25,252.50999450683594,690,0.0,0.0
2024-07-30 09:50:00-04:00,252.93499755859375,253.7899932861328,252.93499755859375,253.0800018310547,1539,0.0,0.0
2024-07-30 09:55:00-04:00,252.7100067138672,252.7100067138672,252.7100067138672,252.7100067138672,908,0.0,0.0
2024-07-30 10:00:00-04:00,251.22999572753906,251.22999572753906,250.75999450683594,251.05499267578125,931,0.0,0.0
2024-07-30 10:05:00-04:00,252.02999877929688,252.02999877929688,252.02999877929688,252.02999877929688,1139,0.0,0.0
2024-07-30 10:10:00-04:00,250.3000030517578,250.8000030517578,250.3000030517578,250.8000030517578,656,0.0,0.0
2024-07-30 10:15:00-04:00,250.0500030517578,250.0500030517578,250.0500030517578,250.0500030517578,734,0.0,0.0
2024-07-30 10:20:00-04:00,250.30999755859375,250.3300018310547,249.6750030517578,249.6750030517578,1344,0.0,0.0
2024-07-30 10:25:00-04:00,250.0500030517578,250.27000427246094,250.01499938964844,250.27000427246094,1119,0.0,0.0
2024-07-30 10:30:00-04:00,249.92999267578125,249.92999267578125,249.92999267578125,249.92999267578125,272,0.0,0.0
2024-07-30 10:35:00-04:00,250.08299255371094,250.08299255371094,249.41000366210938,249.41000366210938,710,0.0,0.0
2024-07-30 10:40:00-04:00,249.53500366210938,249.8350067138672,249.53500366210938,249.8350067138672,477,0.0,0.0
2024-07-30 10:45:00-04:00,249.88499450683594,250.44000244140625,249.88499450683594,250.18499755859375,1150,0.0,0.0
2024-07-30 10:50:00-04:00,250.5800018310547,250.5800018310547,250.1300048828125,250.1300048828125,972,0.0,0.0
2024-07-30 10:55:00-04:00,249.97999572753906,249.97999572753906,249.97999572753906,249.97999572753906,538,0.0,0.0
2024-07-30 11:00:00-04:00,249.9199981689453,250.06500244140625,249.38999938964844,249.38999938964844,1614,0.0,0.0
2024-07-30 11:05:00-04:00,248.99000549316406,249.72999572753906,248.99000549316406,249.72999572753906,1144,0.0,0.0
2024-07-30 11:10:00-04:00,250.07000732421875,250.14500427246094,249.94000244140625,250.14500427246094,1745,0.0,0.0
2024-07-30 11:15:00-04:00,250.49000549316406,250.60000610351562,250.33999633789062,250.56500244140625,3043,0.0,0.0
2024-07-30 11:20:00-04:00,250.64999389648438,250.92999267578125,250.5,250.92999267578125,2234,0.0,0.0
2024-07-30 11:25:00-04:00,250.75,251.47999572753906,250.49000549316406,250.5,6741,0.0,0.0
2024-07-30 11:30:00-04:00,250.625,250.9199981689453,250.35000610351562,250.6750030517578,2458,0.0,0.0
2024-07-30 11:35:00-04:00,250.67999267578125,250.67999267578125,250.07000732421875,250.07000732421875,2147,0.0,0.0
2024-07-30 11:40:00-04:00,249.6999969482422,249.9678955078125,249.5,249.5,776,0.0,0.0
2024-07-30 11:45:00-04:00,249.63999938964844,249.63999938964844,249.63999938964844,249.63999938964844,113,0.0,0.0
2024-07-30 11:50:00-04:00,249.6199951171875,249.6199951171875,249.10499572753906,249.60499572753906,6528,0.0,0.0
2024-07-30 11:55:00-04:00,249.35499572753906,249.35499572753906,249.07000732421875,249.25,1481,0.0,0.0
2024-07-30 12:00:00-04:00,249.2449951171875,249.92999267578125,249.2449951171875,249.85000610351562,3214,0.0,0.0
2024-07-30 12:05:00-04:00,250.0,250.3800048828125,250.0,250.3800048828125,1947,0.0,0.0
2024-07-30 12:10:00-04:00,250.27999877929688,250.27999877929688,250.125,250.125,736,0.0,0.0
2024-07-30 12:15:00-04:00,249.9499969482422,249.9499969482422,249.94000244140625,249.94000244140625,714,0.0,0.0
2024-07-30 12:20:00-04:00,249.60000610351562,249.60000610351562,249.60000610351562,249.60000610351562,414,0.0,0.0
2024-07-30 12:25:00-04:00,249.36000061035156,250.05999755859375,249.36000061035156,250.0,1606,0.0,0.0
2024-07-30 12:35:00-04:00,249.77999877929688,249.7899932861328,249.77000427246094,249.7899932861328,817,0.0,0.0
2024-07-30 12:40:00-04:00,250.00999450683594,250.0399932861328,250.00999450683594,250.0399932861328,414,0.0,0.0
2024-07-30 12:45:00-04:00,250.27999877929688,250.28500366210938,250.27999877929688,250.28500366210938,338,0.0,0.0
2024-07-30 12:50:00-04:00,249.88999938964844,249.88999938964844,249.3800048828125,249.64500427246094,2379,0.0,0.0
2024-07-30 12:55:00-04:00,249.82000732421875,249.86000061035156,249.67999267578125,249.8000030517578,1351,0.0,0.0
2024-07-30 13:00:00-04:00,249.3699951171875,249.5800018310547,249.13999938964844,249.44500732421875,3223,0.0,0.0
2024-07-30 13:05:00-04:00,249.66000366210938,249.7550048828125,249.60000610351562,249.7100067138672,1823,0.0,0.0
2024-07-30 13:10:00-04:00,250.0,250.0,249.7050018310547,249.7050018310547,849,0.0,0.0
2024-07-30 13:20:00-04:00,249.76499938964844,249.76499938964844,249.76499938964844,249.76499938964844,585,0.0,0.0
2024-07-30 13:25:00-04:00,249.71499633789062,249.71499633789062,249.39999389648438,249.6999969482422,1941,0.0,0.0
2024-07-30 13:30:00-04:00,249.89999389648438,249.89999389648438,249.89999389648438,249.89999389648438,262,0.0,0.0
2024-07-30 13:35:00-04:00,250.0749969482422,250.0749969482422,250.0749969482422,250.0749969482422,691,0.0,0.0
2024-07-30 13:40:00-04:00,250.35000610351562,250.82000732421875,250.35000610351562,250.82000732421875,754,0.0,0.0
2024-07-30 13:45:00-04:00,250.35000610351562,250.35000610351562,250.17999267578125,250.17999267578125,1173,0.0,0.0
2024-07-30 13:55:00-04:00,250.11000061035156,250.11000061035156,250.11000061035156,250.11000061035156,428,0.0,0.0
2024-07-30 14:00:00-04:00,249.88999938964844,249.88999938964844,249.49000549316406,249.49000549316406,1218,0.0,0.0
2024-07-30 14:05:00-04:00,249.28250122070312,249.28250122070312,248.97000122070312,248.97000122070312,2882,0.0,0.0
2024-07-30 14:15:00-04:00,249.2274932861328,249.25999450683594,249.11000061035156,249.25999450683594,1039,0.0,0.0
2024-07-30 14:20:00-04:00,249.26499938964844,249.34750366210938,249.05999755859375,249.27999877929688,2104,0.0,0.0
2024-07-30 14:25:00-04:00,248.97999572753906,248.97999572753906,248.97999572753906,248.97999572753906,360,0.0,0.0
2024-07-30 14:30:00-04:00,249.1999969482422,249.1999969482422,249.1999969482422,249.1999969482422,541,0.0,0.0
2024-07-30 14:35:00-04:00,249.1199951171875,249.1199951171875,249.0800018310547,249.0800018310547,261,0.0,0.0
2024-07-30 14:40:00-04:00,249.2449951171875,249.2449951171875,249.2449951171875,249.2449951171875,1489,0.0,0.0
2024-07-30 14:45:00-04:00,249.13999938964844,250.00999450683594,248.67999267578125,250.00999450683594,16217,0.0,0.0
2024-07-30 14:50:00-04:00,249.80499267578125,249.80499267578125,249.80499267578125,249.80499267578125,559,0.0,0.0
2024-07-30 14:55:00-04:00,250.0399932861328,250.0399932861328,249.5500030517578,249.91000366210938,1993,0.0,0.0
2024-07-30 15:05:00-04:00,250.32000732421875,250.67999267578125,249.92999267578125,249.92999267578125,1057,0.0,0.0
2024-07-30 15:10:00-04:00,249.92999267578125,249.92999267578125,249.92999267578125,249.92999267578125,1412,0.0,0.0
2024-07-30 15:15:00-04:00,250.52000427246094,250.74000549316406,250.52000427246094,250.74000549316406,511,0.0,0.0
2024-07-30 15:20:00-04:00,250.5500030517578,250.5500030517578,250.14999389648438,250.14999389648438,2358,0.0,0.0
2024-07-30 15:25:00-04:00,250.67999267578125,250.67999267578125,250.67999267578125,250.67999267578125,460,0.0,0.0
2024-07-30 15:30:00-04:00,250.13999938964844,250.375,250.13999938964844,250.375,1237,0.0,0.0
2024-07-30 15:35:00-04:00,250.57000732421875,250.57000732421875,249.9600067138672,250.02999877929688,2195,0.0,0.0
2024-07-30 15:40:00-04:00,249.94000244140625,250.05999755859375,249.72999572753906,250.05999755859375,3118,0.0,0.0
2024-07-30 15:45:00-04:00,250.13499450683594,250.49000549316406,250.13499450683594,250.44500732421875,3511,0.0,0.0
2024-07-30 15:50:00-04:00,250.44000244140625,250.61000061035156,250.02999877929688,250.02999877929688,8610,0.0,0.0
2024-07-30 15:55:00-04:00,249.8699951171875,249.9499969482422,249.0,249.02000427246094,26741,0.0,0.0
2024-07-31 09:30:00-04:00,252.6300048828125,252.6300048828125,252.6300048828125,252.6300048828125,1302,0.0,0.0
2024-07-31 09:40:00-04:00,249.35000610351562,252.39999389648438,249.35000610351562,252.39999389648438,1224,0.0,0.0
2024-07-31 09:55:00-04:00,248.19009399414062,248.19009399414062,248.19009399414062,248.19009399414062,339,0.0,0.0
2024-07-31 10:00:00-04:00,249.41000366210938,250.60000610351562,249.41000366210938,250.4199981689453,2619,0.0,0.0
2024-07-31 10:05:00-04:00,250.4199981689453,250.4199981689453,250.4199981689453,250.4199981689453,708,0.0,0.0
2024-07-31 10:10:00-04:00,250.3000030517578,251.11000061035156,250.2899932861328,251.10000610351562,2154,0.0,0.0
2024-07-31 10:15:00-04:00,250.9600067138672,250.9600067138672,250.9600067138672,250.9600067138672,1215,0.0,0.0
2024-07-31 10:25:00-04:00,251.01499938964844,251.01499938964844,251.01499938964844,251.01499938964844,130,0.0,0.0
2024-07-31 10:30:00-04:00,251.02499389648438,251.77000427246094,251.02499389648438,251.77000427246094,1487,0.0,0.0
2024-07-31 10:40:00-04:00,251.65499877929688,251.65499877929688,251.58999633789062,251.58999633789062,561,0.0,0.0
2024-07-31 10:45:00-04:00,251.58999633789062,251.58999633789062,251.5850067138672,251.5850067138672,267,0.0,0.0
2024-07-31 10:50:00-04:00,251.6300048828125,251.6300048828125,250.7100067138672,250.7100067138672,1525,0.0,0.0
2024-07-31 10:55:00-04:00,250.7100067138672,250.7949981689453,250.57000732421875,250.7949981689453,1529,0.0,0.0
2024-07-31 11:00:00-04:00,250.7949981689453,251.66000366210938,250.7949981689453,251.36000061035156,1453,0.0,0.0
2024-07-31 11:05:00-04:00,251.86000061035156,251.86500549316406,251.60000610351562,251.68499755859375,1726,0.0,0.0
2024-07-31 11:10:00-04:00,251.64999389648438,251.91000366210938,251.08999633789062,251.5399932861328,2895,0.0,0.0
2024-07-31 11:15:00-04:00,251.60000610351562,251.77000427246094,251.07000732421875,251.07000732421875,1458,0.0,0.0
2024-07-31 11:20:00-04:00,251.63499450683594,251.8300018310547,251.25999450683594,251.25999450683594,947,0.0,0.0
2024-07-31 11:25:00-04:00,252.0800018310547,252.0800018310547,251.8800048828125,251.8800048828125,752,0.0,0.0
2024-07-31 11:35:00-04:00,252.18499755859375,252.18499755859375,252.18499755859375,252.18499755859375,397,0.0,0.0
2024-07-31 11:40:00-04:00,252.0,252.0,252.0,252.0,127,0.0,0.0
2024-07-31 11:45:00-04:00,252.72000122070312,253.02000427246094,252.72000122070312,253.02000427246094,863,0.0,0.0
2024-07-31 11:50:00-04:00,252.47999572753906,252.52000427246094,252.4600067138672,252.52000427246094,1724,0.0,0.0
2024-07-31 12:05:00-04:00,252.7550048828125,252.7550048828125,252.7550048828125,252.7550048828125,248,0.0,0.0
2024-07-31 12:10:00-04:00,252.6699981689453,252.6699981689453,252.6699981689453,252.6699981689453,724,0.0,0.0
2024-07-31 12:20:00-04:00,252.9250030517578,252.9250030517578,252.9250030517578,252.9250030517578,723,0.0,0.0
2024-07-31 12:25:00-04:00,252.8350067138672,252.9199981689453,252.66000366210938,252.66000366210938,798,0.0,0.0
2024-07-31 12:30:00-04:00,252.84500122070312,252.9199981689453,252.84500122070312,252.9199981689453,571,0.0,0.0
2024-07-31 12:35:00-04:00,252.60000610351562,252.60000610351562,252.60000610351562,252.60000610351562,2164,0.0,0.0
2024-07-31 12:50:00-04:00,252.94000244140625,252.94000244140625,252.94000244140625,252.94000244140625,1181,0.0,0.0
2024-07-31 13:05:00-04:00,252.8800048828125,253.1649932861328,252.8800048828125,253.1649932861328,1716,0.0,0.0
2024-07-31 13:15:00-04:00,253.0449981689453,253.0449981689453,252.80999755859375,252.80999755859375,3095,0.0,0.0
2024-07-31 13:30:00-04:00,252.625,252.625,252.27999877929688,252.27999877929688,1136,0.0,0.0
2024-07-31 13:35:00-04:00,251.7899932861328,251.7899932861328,251.7899932861328,251.7899932861328,1369,0.0,0.0
2024-07-31 13:50:00-04:00,251.57000732421875,252.02999877929688,251.57000732421875,251.88999938964844,3238,0.0,0.0
2024-07-31 13:55:00-04:00,251.85000610351562,252.52499389648438,251.85000610351562,252.52499389648438,5841,0.0,0.0
2024-07-31 14:00:00-04:00,252.17999267578125,252.80999755859375,250.9499969482422,251.85000610351562,9706,0.0,0.0
2024-07-31 14:05:00-04:00,252.39999389648438,252.7050018310547,252.39999389648438,252.7050018310547,4837,0.0,0.0
2024-07-31 14:10:00-04:00,252.80499267578125,252.80499267578125,252.80499267578125,252.80499267578125,397,0.0,0.0
2024-07-31 14:15:00-04:00,252.84500122070312,252.84500122070312,252.84500122070312,252.84500122070312,681,0.0,0.0
2024-07-31 14:20:00-04:00,252.6999969482422,252.8800048828125,252.6999969482422,252.8800048828125,580,0.0,0.0
2024-07-31 14:25:00-04:00,252.58999633789062,252.58999633789062,252.3000030517578,252.46499633789062,1334,0.0,0.0
2024-07-31 14:30:00-04:00,252.6649932861328,252.72999572753906,252.6649932861328,252.66749572753906,1104,0.0,0.0
2024-07-31 14:35:00-04:00,252.25,252.2899932861328,251.7899932861328,251.89500427246094,2127,0.0,0.0
2024-07-31 14:40:00-04:00,251.89500427246094,252.4949951171875,251.64999389648438,252.22999572753906,2491,0.0,0.0
2024-07-31 14:45:00-04:00,252.56500244140625,253.9600067138672,251.57009887695312,253.51499938964844,2308,0.0,0.0
2024-07-31 14:50:00-04:00,254.94000244140625,254.94000244140625,254.94000244140625,254.94000244140625,210,0.0,0.0
2024-07-31 14:55:00-04:00,254.92999267578125,255.5,254.92999267578125,254.97999572753906,4836,0.0,0.0
2024-07-31 15:00:00-04:00,254.9600067138672,255.02000427246094,254.71499633789062,254.71499633789062,1338,0.0,0.0
2024-07-31 15:05:00-04:00,254.5399932861328,254.5399932861328,254.1199951171875,254.1199951171875,533,0.0,0.0
2024-07-31 15:10:00-04:00,253.99000549316406,254.1199951171875,253.30999755859375,253.30999755859375,2226,0.0,0.0
2024-07-31 15:15:00-04:00,253.3300018310547,253.74000549316406,252.66000366210938,252.66000366210938,2410,0.0,0.0
2024-07-31 15:20:00-04:00,252.66000366210938,253.1199951171875,252.2899932861328,252.35000610351562,4612,0.0,0.0
2024-07-31 15:25:00-04:00,252.18499755859375,252.5,252.10000610351562,252.2449951171875,2028,0.0,0.0
2024-07-31 15:30:00-04:00,251.99000549316406,252.07000732421875,251.5,251.6199951171875,5696,0.0,0.0
2024-07-31 15:35:00-04:00,251.72500610351562,251.86000061035156,251.59500122070312,251.59500122070312,1514,0.0,0.0
2024-07-31 15:40:00-04:00,251.59500122070312,252.17999267578125,251.59500122070312,252.17999267578125,3421,0.0,0.0
2024-07-31 15:45:00-04:00,252.1199951171875,252.52999877929688,251.91000366210938,252.1750030517578,6261,0.0,0.0
2024-07-31 15:50:00-04:00,252.32000732421875,252.5800018310547,250.52000427246094,250.52000427246094,8028,0.0,0.0
2024-07-31 15:55:00-04:00,250.75,251.5500030517578,250.36050415039062,251.5399932861328,21908,0.0,0.0
2024-08-01 09:30:00-04:00,250.72000122070312,250.72000122070312,250.2899932861328,250.2899932861328,1435,0.0,0.0
2024-08-01 09:40:00-04:00,252.5800018310547,252.5800018310547,252.5800018310547,252.5800018310547,921,0.0,0.0
2024-08-01 09:50:00-04:00,250.52000427246094,251.82000732421875,250.52000427246094,251.82000732421875,1306,0.0,0.0
2024-08-01 09:55:00-04:00,249.92999267578125,250.32000732421875,249.92999267578125,250.32000732421875,1553,0.0,0.0
2024-08-01 10:00:00-04:00,250.10000610351562,250.10000610351562,249.10000610351562,249.10000610351562,3862,0.0,0.0
2024-08-01 10:05:00-04:00,248.75,249.2050018310547,246.99000549316406,246.99000549316406,3699,0.0,0.0
2024-08-01 10:10:00-04:00,247.5,247.5,246.3300018310547,247.31500244140625,2813,0.0,0.0
2024-08-01 10:15:00-04:00,246.92999267578125,246.92999267578125,246.63999938964844,246.63999938964844,1390,0.0,0.0
2024-08-01 10:20:00-04:00,245.67999267578125,245.74749755859375,245.39999389648438,245.39999389648438,2222,0.0,0.0
2024-08-01 10:25:00-04:00,244.94000244140625,244.94000244140625,244.94000244140625,244.94000244140625,392,0.0,0.0
2024-08-01 10:30:00-04:00,244.38999938964844,244.38999938964844,243.05999755859375,244.09500122070312,2051,0.0,0.0
2024-08-01 10:35:00-04:00,243.35000610351562,243.50999450683594,243.3000030517578,243.3000030517578,2115,0.0,0.0
2024-08-01 10:40:00-04:00,242.4600067138672,242.4600067138672,242.4600067138672,242.4600067138672,136,0.0,0.0
2024-08-01 10:45:00-04:00,242.77000427246094,242.9149932861328,241.6999969482422,241.74000549316406,1828,0.0,0.0
2024-08-01 10:50:00-04:00,241.72000122070312,241.77000427246094,241.72000122070312,241.77000427246094,553,0.0,0.0
2024-08-01 10:55:00-04:00,241.77999877929688,242.2449951171875,241.4499969482422,241.4499969482422,1648,0.0,0.0
2024-08-01 11:00:00-04:00,242.0050048828125,242.01499938964844,241.5,242.01499938964844,3091,0.0,0.0
2024-08-01 11:05:00-04:00,240.96499633789062,240.96499633789062,240.96499633789062,240.96499633789062,1110,0.0,0.0
2024-08-01 11:10:00-04:00,239.83999633789062,239.83999633789062,239.83999633789062,239.83999633789062,561,0.0,0.0
2024-08-01 11:15:00-04:00,240.8300018310547,240.8300018310547,240.31500244140625,240.3300018310547,1598,0.0,0.0
2024-08-01 11:25:00-04:00,239.82000732421875,239.82000732421875,239.82000732421875,239.82000732421875,602,0.0,0.0
2024-08-01 11:30:00-04:00,239.92999267578125,239.92999267578125,239.74000549316406,239.74000549316406,546,0.0,0.0
2024-08-01 11:35:00-04:00,239.3699951171875,239.3699951171875,239.3699951171875,239.3699951171875,719,0.0,0.0
2024-08-01 11:40:00-04:00,239.16000366210938,239.38099670410156,238.6999969482422,238.72999572753906,3970,0.0,0.0
2024-08-01 11:45:00-04:00,238.55499267578125,238.89999389648438,238.43499755859375,238.89999389648438,2425,0.0,0.0
2024-08-01 11:50:00-04:00,238.9199981689453,239.47000122070312,238.8300018310547,239.47000122070312,2389,0.0,0.0
2024-08-01 11:55:00-04:00,239.68499755859375,239.68499755859375,239.68499755859375,239.68499755859375,678,0.0,0.0
2024-08-01 12:00:00-04:00,239.80250549316406,240.35000610351562,239.80250549316406,240.35000610351562,1830,0.0,0.0
2024-08-01 12:05:00-04:00,240.97000122070312,241.02999877929688,240.6699981689453,240.97500610351562,2554,0.0,0.0
2024-08-01 12:10:00-04:00,240.27000427246094,240.27000427246094,239.86000061035156,239.86000061035156,1511,0.0,0.0
2024-08-01 12:15:00-04:00,241.07000732421875,241.07000732421875,240.36000061035156,240.36000061035156,1457,0.0,0.0
2024-08-01 12:20:00-04:00,240.3300018310547,240.3300018310547,239.39999389648438,239.39999389648438,1825,0.0,0.0
2024-08-01 12:25:00-04:00,239.49000549316406,240.52999877929688,239.49000549316406,240.52999877929688,1472,0.0,0.0
2024-08-01 12:30:00-04:00,240.19000244140625,240.19000244140625,240.19000244140625,240.19000244140625,1213,0.0,0.0
2024-08-01 12:35:00-04:00,239.8699951171875,239.8699951171875,239.30999755859375,239.30999755859375,772,0.0,0.0
2024-08-01 12:40:00-04:00,239.0500030517578,239.42999267578125,239.0500030517578,239.42999267578125,363,0.0,0.0
2024-08-01 12:45:00-04:00,239.7899932861328,239.7899932861328,239.60000610351562,239.60000610351562,1830,0.0,0.0
2024-08-01 12:50:00-04:00,239.39999389648438,239.39999389648438,239.39999389648438,239.39999389648438,646,0.0,0.0
2024-08-01 12:55:00-04:00,239.60000610351562,240.0449981689453,239.60000610351562,240.0449981689453,1103,0.0,0.0
2024-08-01 13:00:00-04:00,239.6300048828125,239.6300048828125,239.49000549316406,239.49000549316406,1063,0.0,0.0
2024-08-01 13:05:00-04:00,238.91000366210938,238.91000366210938,238.91000366210938,238.91000366210938,360,0.0,0.0
2024-08-01 13:10:00-04:00,239.2100067138672,239.47000122070312,239.2100067138672,239.30999755859375,1188,0.0,0.0
2024-08-01 13:15:00-04:00,239.1699981689453,239.1999969482422,238.94000244140625,239.1999969482422,1222,0.0,0.0
2024-08-01 13:20:00-04:00,238.88999938964844,238.88999938964844,238.88999938964844,238.88999938964844,619,0.0,0.0
2024-08-01 13:25:00-04:00,238.875,239.35000610351562,238.875,239.35000610351562,2727,0.0,0.0
2024-08-01 13:35:00-04:00,238.97999572753906,238.97999572753906,238.97000122070312,238.97000122070312,994,0.0,0.0
2024-08-01 13:40:00-04:00,238.8800048828125,238.8800048828125,238.8800048828125,238.8800048828125,734,0.0,0.0
2024-08-01 13:45:00-04:00,238.5,238.69000244140625,238.5,238.69000244140625,644,0.0,0.0
2024-08-01 13:50:00-04:00,238.63499450683594,239.25,238.41000366210938,239.25,3384,0.0,0.0
2024-08-01 13:55:00-04:00,239.6475067138672,239.6475067138672,239.6475067138672,239.6475067138672,1054,0.0,0.0
2024-08-01 14:00:00-04:00,239.96499633789062,239.96499633789062,239.5500030517578,239.90499877929688,963,0.0,0.0
2024-08-01 14:05:00-04:00,240.02000427246094,240.02000427246094,240.02000427246094,240.02000427246094,612,0.0,0.0
2024-08-01 14:10:00-04:00,240.22999572753906,240.22999572753906,239.2550048828125,239.4250030517578,1254,0.0,0.0
2024-08-01 14:15:00-04:00,239.94000244140625,239.94000244140625,238.58999633789062,238.58999633789062,1988,0.0,0.0
2024-08-01 14:20:00-04:00,239.3925018310547,239.41000366210938,239.34500122070312,239.3800048828125,1083,0.0,0.0
2024-08-01 14:25:00-04:00,239.56500244140625,239.56500244140625,239.07000732421875,239.22000122070312,1943,0.0,0.0
2024-08-01 14:30:00-04:00,239.0,239.02000427246094,238.94500732421875,238.94500732421875,1837,0.0,0.0
2024-08-01 14:35:00-04:00,238.99949645996094,239.22999572753906,238.80999755859375,239.10000610351562,2593,0.0,0.0
2024-08-01 14:40:00-04:00,239.3699951171875,239.6199951171875,239.32000732421875,239.6199951171875,1384,0.0,0.0
2024-08-01 14:45:00-04:00,238.9199981689453,238.9199981689453,238.9199981689453,238.9199981689453,1333,0.0,0.0
2024-08-01 14:50:00-04:00,238.6199951171875,239.05999755859375,238.6199951171875,239.05999755859375,1633,0.0,0.0
2024-08-01 14:55:00-04:00,238.84500122070312,238.84500122070312,238.84500122070312,238.84500122070312,1305,0.0,0.0
2024-08-01 15:00:00-04:00,238.8000030517578,239.05999755859375,238.74000549316406,239.05999755859375,1986,0.0,0.0
2024-08-01 15:05:00-04:00,238.80999755859375,238.8300018310547,238.52999877929688,238.69000244140625,4613,0.0,0.0
2024-08-01 15:10:00-04:00,238.5500030517578,238.9499969482422,238.5500030517578,238.9499969482422,1985,0.0,0.0
2024-08-01 15:15:00-04:00,238.72000122070312,238.97999572753906,238.2899932861328,238.97999572753906,3043,0.0,0.0
2024-08-01 15:20:00-04:00,239.25999450683594,239.50999450683594,239.14999389648438,239.5,3154,0.0,0.0
2024-08-01 15:25:00-04:00,239.77000427246094,239.77000427246094,239.4499969482422,239.5399932861328,2608,0.0,0.0
2024-08-01 15:30:00-04:00,239.5399932861328,239.76499938964844,239.27999877929688,239.27999877929688,7779,0.0,0.0
2024-08-01 15:35:00-04:00,238.74000549316406,239.01499938964844,238.16000366210938,239.01499938964844,8966,0.0,0.0
2024-08-01 15:40:00-04:00,239.1199951171875,239.52999877929688,239.1199951171875,239.38999938964844,3820,0.0,0.0
2024-08-01 15:45:00-04:00,239.60000610351562,239.92999267578125,239.5500030517578,239.67999267578125,6594,0.0,0.0
2024-08-01 15:50:00-04:00,239.97000122070312,241.0800018310547,239.97000122070312,239.97000122070312,10551,0.0,0.0
2024-08-01 15:55:00-04:00,240.1999969482422,240.5,239.00999450683594,239.41000366210938,23651,0.0,0.0
2024-08-02 09:30:00-04:00,232.11000061035156,233.89999389648438,230.32000732421875,230.32000732421875,1921,0.0,0.0
2024-08-02 09:35:00-04:00,230.47250366210938,230.55999755859375,226.36000061035156,227.3000030517578,4895,0.0,0.0
2024-08-02 09:40:00-04:00,229.02999877929688,229.57000732421875,228.11000061035156,229.57000732421875,1155,0.0,0.0
2024-08-02 09:50:00-04:00,230.5,231.3000030517578,230.42999267578125,230.42999267578125,3037,0.0,0.0
2024-08-02 09:55:00-04:00,229.82000732421875,229.82000732421875,229.24000549316406,229.58999633789062,1074,0.0,0.0
2024-08-02 10:00:00-04:00,229.31500244140625,229.72999572753906,229.31500244140625,229.72999572753906,861,0.0,0.0
2024-08-02 10:05:00-04:00,229.11500549316406,229.11500549316406,229.11500549316406,229.11500549316406,998,0.0,0.0
2024-08-02 10:15:00-04:00,228.21499633789062,228.21499633789062,227.5399932861328,227.5399932861328,862,0.0,0.0
2024-08-02 10:25:00-04:00,228.49000549316406,228.8249969482422,228.49000549316406,228.8249969482422,2283,0.0,0.0
2024-08-02 10:30:00-04:00,228.9199981689453,228.9199981689453,228.9199981689453,228.9199981689453,1156,0.0,0.0
2024-08-02 10:40:00-04:00,228.55999755859375,228.55999755859375,228.55999755859375,228.55999755859375,852,0.0,0.0
2024-08-02 10:45:00-04:00,229.36000061035156,229.36000061035156,229.36000061035156,229.36000061035156,180,0.0,0.0
2024-08-02 10:50:00-04:00,229.36000061035156,229.88999938964844,229.32000732421875,229.88999938964844,2524,0.0,0.0
2024-08-02 10:55:00-04:00,229.2899932861328,229.5500030517578,229.0,229.0,1919,0.0,0.0
2024-08-02 11:00:00-04:00,229.0,229.35499572753906,229.0,229.35499572753906,1001,0.0,0.0
2024-08-02 11:05:00-04:00,228.99000549316406,229.17999267578125,228.99000549316406,229.17999267578125,1018,0.0,0.0
2024-08-02 11:10:00-04:00,229.5,229.58999633789062,229.17999267578125,229.4250030517578,1948,0.0,0.0
2024-08-02 11:20:00-04:00,228.72500610351562,228.72500610351562,228.625,228.625,1357,0.0,0.0
2024-08-02 11:25:00-04:00,229.1999969482422,229.1999969482422,229.14999389648438,229.14999389648438,736,0.0,0.0
2024-08-02 11:30:00-04:00,229.53500366210938,229.53500366210938,229.53500366210938,229.53500366210938,238,0.0,0.0
2024-08-02 11:35:00-04:00,229.61000061035156,229.61000061035156,229.61000061035156,229.61000061035156,759,0.0,0.0
2024-08-02 11:40:00-04:00,230.87579345703125,230.87579345703125,230.87579345703125,230.87579345703125,880,0.0,0.0
2024-08-02 11:45:00-04:00,231.42999267578125,231.5,231.42999267578125,231.5,1055,0.0,0.0
2024-08-02 11:50:00-04:00,231.74000549316406,231.74000549316406,231.6699981689453,231.6699981689453,1901,0.0,0.0
2024-08-02 12:00:00-04:00,231.24000549316406,231.24000549316406,231.24000549316406,231.24000549316406,1478,0.0,0.0
2024-08-02 12:10:00-04:00,230.99000549316406,230.99000549316406,230.5,230.5,1242,0.0,0.0
2024-08-02 12:15:00-04:00,230.77999877929688,230.77999877929688,230.77999877929688,230.77999877929688,665,0.0,0.0
2024-08-02 12:20:00-04:00,231.27000427246094,231.75,231.27000427246094,231.75,1221,0.0,0.0
2024-08-02 12:30:00-04:00,231.5500030517578,231.5500030517578,231.5500030517578,231.5500030517578,1192,0.0,0.0
2024-08-02 12:40:00-04:00,231.38999938964844,231.38999938964844,231.38999938964844,231.38999938964844,700,0.0,0.0
2024-08-02 12:45:00-04:00,231.58999633789062,231.58999633789062,231.58999633789062,231.58999633789062,910,0.0,0.0
2024-08-02 12:50:00-04:00,230.8800048828125,230.8800048828125,230.38999938964844,230.38999938964844,675,0.0,0.0
2024-08-02 12:55:00-04:00,230.0399932861328,230.44000244140625,230.0399932861328,230.44000244140625,2015,0.0,0.0
2024-08-02 13:10:00-04:00,230.38499450683594,230.38499450683594,230.38499450683594,230.38499450683594,836,0.0,0.0
2024-08-02 13:20:00-04:00,230.57000732421875,230.58999633789062,230.57000732421875,230.58999633789062,729,0.0,0.0
2024-08-02 13:25:00-04:00,230.9600067138672,230.97000122070312,230.8300018310547,230.8300018310547,1571,0.0,0.0
2024-08-02 13:30:00-04:00,230.48500061035156,230.48500061035156,230.48500061035156,230.48500061035156,263,0.0,0.0
2024-08-02 13:35:00-04:00,230.0850067138672,230.0850067138672,230.0850067138672,230.0850067138672,653,0.0,0.0
2024-08-02 13:45:00-04:00,230.2550048828125,230.2550048828125,230.0,230.0,2171,0.0,0.0
2024-08-02 14:00:00-04:00,229.97999572753906,230.05999755859375,229.89999389648438,229.89999389648438,1983,0.0,0.0
2024-08-02 14:10:00-04:00,229.4199981689453,229.4199981689453,229.4199981689453,229.4199981689453,600,0.0,0.0
2024-08-02 14:15:00-04:00,229.99000549316406,229.99000549316406,229.99000549316406,229.99000549316406,1386,0.0,0.0
2024-08-02 14:20:00-04:00,230.3000030517578,230.3000030517578,230.3000030517578,230.3000030517578,1595,0.0,0.0
2024-08-02 14:30:00-04:00,230.75999450683594,230.75999450683594,230.69000244140625,230.69000244140625,716,0.0,0.0
2024-08-02 14:35:00-04:00,230.38999938964844,230.38999938964844,230.08999633789062,230.08999633789062,2401,0.0,0.0
2024-08-02 14:50:00-04:00,230.42999267578125,230.82000732421875,230.42999267578125,230.82000732421875,734,0.0,0.0
2024-08-02 14:55:00-04:00,230.97000122070312,231.07000732421875,230.86000061035156,230.86000061035156,1767,0.0,0.0
2024-08-02 15:05:00-04:00,230.90499877929688,230.90499877929688,230.30499267578125,230.69000244140625,2302,0.0,0.0
2024-08-02 15:15:00-04:00,231.0399932861328,231.0399932861328,230.8000030517578,230.8000030517578,1178,0.0,0.0
2024-08-02 15:20:00-04:00,230.61000061035156,230.61000061035156,230.32000732421875,230.32000732421875,1257,0.0,0.0
2024-08-02 15:25:00-04:00,230.77999877929688,230.77999877929688,230.77999877929688,230.77999877929688,979,0.0,0.0
2024-08-02 15:30:00-04:00,230.9600067138672,231.1300048828125,230.82000732421875,230.84500122070312,3149,0.0,0.0
2024-08-02 15:35:00-04:00,230.83999633789062,230.83999633789062,230.3300018310547,230.3300018310547,4973,0.0,0.0
2024-08-02 15:40:00-04:00,230.05999755859375,230.55999755859375,229.9199981689453,230.55999755859375,2435,0.0,0.0
2024-08-02 15:45:00-04:00,230.75999450683594,231.02999877929688,230.63999938964844,230.63999938964844,3664,0.0,0.0
2024-08-02 15:50:00-04:00,230.55999755859375,230.8249969482422,230.22999572753906,230.6699981689453,5853,0.0,0.0
2024-08-02 15:55:00-04:00,230.99000549316406,231.3800048828125,229.85000610351562,230.4199981689453,28720,0.0,0.0
2024-08-05 09:30:00-04:00,217.63999938964844,217.63999938964844,217.63999938964844,217.63999938964844,3352,0.0,0.0
2024-08-05 09:45:00-04:00,220.4199981689453,222.5,220.1699981689453,222.5,2302,0.0,0.0
2024-08-05 09:50:00-04:00,221.27999877929688,221.27999877929688,220.77999877929688,221.1699981689453,2548,0.0,0.0
2024-08-05 09:55:00-04:00,222.3800048828125,222.3800048828125,222.0800018310547,222.0800018310547,856,0.0,0.0
2024-08-05 10:00:00-04:00,220.3000030517578,225.6999969482422,220.3000030517578,224.3699951171875,4222,0.0,0.0
2024-08-05 10:05:00-04:00,223.72000122070312,223.81500244140625,222.4499969482422,222.4499969482422,2837,0.0,0.0
2024-08-05 10:10:00-04:00,221.63999938964844,222.10000610351562,221.63999938964844,222.10000610351562,1077,0.0,0.0
2024-08-05 10:15:00-04:00,222.22000122070312,222.22000122070312,221.77000427246094,221.77000427246094,902,0.0,0.0
2024-08-05 10:20:00-04:00,221.7899932861328,222.88999938964844,221.7899932861328,222.88999938964844,1346,0.0,0.0
2024-08-05 10:25:00-04:00,222.8800048828125,223.66000366210938,222.8800048828125,222.88999938964844,1616,0.0,0.0
2024-08-05 10:30:00-04:00,223.64999389648438,223.8300018310547,222.72000122070312,222.72000122070312,5824,0.0,0.0
2024-08-05 10:35:00-04:00,222.8699951171875,223.22999572753906,222.64999389648438,222.66000366210938,3540,0.0,0.0
2024-08-05 10:40:00-04:00,222.10000610351562,222.10000610351562,222.10000610351562,222.10000610351562,1316,0.0,0.0
2024-08-05 10:45:00-04:00,222.41000366210938,222.41000366210938,221.97999572753906,222.02499389648438,1271,0.0,0.0
2024-08-05 10:50:00-04:00,221.3800048828125,223.06500244140625,221.3800048828125,223.06500244140625,2860,0.0,0.0
2024-08-05 10:55:00-04:00,222.05999755859375,222.05999755859375,222.05999755859375,222.05999755859375,266,0.0,0.0
2024-08-05 11:00:00-04:00,221.63999938964844,221.73500061035156,221.4499969482422,221.73500061035156,836,0.0,0.0
2024-08-05 11:05:00-04:00,221.83999633789062,223.41000366210938,221.83999633789062,223.17999267578125,853,0.0,0.0
2024-08-05 11:10:00-04:00,223.16000366210938,223.72999572753906,222.92999267578125,223.1699981689453,4328,0.0,0.0
2024-08-05 11:15:00-04:00,223.15499877929688,223.60000610351562,223.02000427246094,223.60000610351562,9819,0.0,0.0
2024-08-05 11:20:00-04:00,223.0,223.5,222.8800048828125,223.09010314941406,9381,0.0,0.0
2024-08-05 11:25:00-04:00,223.3800048828125,223.94000244140625,223.08999633789062,223.08999633789062,2058,0.0,0.0
2024-08-05 11:35:00-04:00,223.27999877929688,223.27999877929688,222.94000244140625,222.94000244140625,793,0.0,0.0
2024-08-05 11:40:00-04:00,224.0,224.0,223.55999755859375,223.55999755859375,2115,0.0,0.0
2024-08-05 11:45:00-04:00,223.49000549316406,224.13499450683594,223.49000549316406,224.13499450683594,2728,0.0,0.0
2024-08-05 11:50:00-04:00,223.86000061035156,224.10000610351562,223.69000244140625,224.10000610351562,2593,0.0,0.0
2024-08-05 11:55:00-04:00,224.80999755859375,225.17999267578125,224.75,224.75,1789,0.0,0.0
2024-08-05 12:00:00-04:00,225.60000610351562,226.0399932861328,225.60000610351562,226.0399932861328,549,0.0,0.0
2024-08-05 12:05:00-04:00,225.50999450683594,225.50999450683594,225.10000610351562,225.4199981689453,1170,0.0,0.0
2024-08-05 12:15:00-04:00,225.5800018310547,225.5800018310547,225.5800018310547,225.5800018310547,538,0.0,0.0
2024-08-05 12:20:00-04:00,225.97000122070312,225.97000122070312,225.69000244140625,225.69000244140625,1104,0.0,0.0
2024-08-05 12:25:00-04:00,226.16000366210938,227.02999877929688,225.99000549316406,226.7949981689453,1567,0.0,0.0
2024-08-05 12:30:00-04:00,226.80499267578125,226.81500244140625,226.47999572753906,226.47999572753906,4099,0.0,0.0
2024-08-05 12:35:00-04:00,225.97999572753906,225.97999572753906,225.97999572753906,225.97999572753906,807,0.0,0.0
2024-08-05 12:40:00-04:00,225.8000030517578,225.8000030517578,225.8000030517578,225.8000030517578,1418,0.0,0.0
2024-08-05 12:45:00-04:00,225.11000061035156,225.11000061035156,224.91000366210938,224.91000366210938,1234,0.0,0.0
2024-08-05 12:50:00-04:00,224.6199951171875,224.6199951171875,224.52000427246094,224.52000427246094,1786,0.0,0.0
2024-08-05 12:55:00-04:00,224.39500427246094,224.39500427246094,224.2100067138672,224.2100067138672,1146,0.0,0.0
2024-08-05 13:00:00-04:00,224.05999755859375,224.05999755859375,224.05999755859375,224.05999755859375,882,0.0,0.0
2024-08-05 13:05:00-04:00,223.8300018310547,224.58999633789062,223.8300018310547,224.58999633789062,1568,0.0,0.0
2024-08-05 13:10:00-04:00,224.2100067138672,224.2100067138672,224.02000427246094,224.02999877929688,2262,0.0,0.0
2024-08-05 13:15:00-04:00,224.75999450683594,224.75999450683594,224.75999450683594,224.75999450683594,195,0.0,0.0
2024-08-05 13:20:00-04:00,224.5,224.5,224.5,224.5,1178,0.0,0.0
2024-08-05 13:30:00-04:00,224.94000244140625,225.02000427246094,224.94000244140625,225.02000427246094,680,0.0,0.0
2024-08-05 13:35:00-04:00,225.1199951171875,225.83999633789062,225.1199951171875,225.83999633789062,956,0.0,0.0
2024-08-05 13:40:00-04:00,225.27000427246094,225.27000427246094,225.27000427246094,225.27000427246094,950,0.0,0.0
2024-08-05 13:45:00-04:00,225.4499969482422,225.67999267578125,225.27999877929688,225.4199981689453,2075,0.0,0.0
2024-08-05 13:50:00-04:00,225.17999267578125,225.52999877929688,224.5500030517578,224.69000244140625,8893,0.0,0.0
2024-08-05 13:55:00-04:00,224.91000366210938,224.91000366210938,224.3800048828125,224.3800048828125,1752,0.0,0.0
2024-08-05 14:10:00-04:00,224.67999267578125,224.6999969482422,223.92999267578125,223.92999267578125,2060,0.0,0.0
2024-08-05 14:15:00-04:00,224.8300018310547,224.8300018310547,224.8300018310547,224.8300018310547,738,0.0,0.0
2024-08-05 14:25:00-04:00,225.02000427246094,225.02000427246094,224.9149932861328,224.9149932861328,1028,0.0,0.0
2024-08-05 14:30:00-04:00,225.2449951171875,225.4499969482422,225.16000366210938,225.4499969482422,4161,0.0,0.0
2024-08-05 14:40:00-04:00,224.9199981689453,224.9199981689453,224.19000244140625,224.19000244140625,1848,0.0,0.0
2024-08-05 14:45:00-04:00,224.19000244140625,224.19000244140625,224.19000244140625,224.19000244140625,672,0.0,0.0
2024-08-05 14:50:00-04:00,224.22000122070312,224.25999450683594,224.22000122070312,224.25999450683594,1118,0.0,0.0
2024-08-05 14:55:00-04:00,224.6300048828125,224.6300048828125,224.6300048828125,224.6300048828125,957,0.0,0.0
2024-08-05 15:00:00-04:00,224.11500549316406,224.35000610351562,223.80999755859375,224.3300018310547,1978,0.0,0.0
2024-08-05 15:05:00-04:00,224.3300018310547,224.3300018310547,223.9600067138672,223.97000122070312,1674,0.0,0.0
2024-08-05 15:10:00-04:00,224.16000366210938,224.16000366210938,223.63999938964844,223.63999938964844,2104,0.0,0.0
2024-08-05 15:15:00-04:00,223.47999572753906,223.5800018310547,223.22500610351562,223.2899932861328,3771,0.0,0.0
2024-08-05 15:20:00-04:00,223.72000122070312,224.05999755859375,223.72000122070312,224.05999755859375,781,0.0,0.0
2024-08-05 15:25:00-04:00,224.02999877929688,224.07000732421875,223.99000549316406,224.02499389648438,2585,0.0,0.0
2024-08-05 15:30:00-04:00,224.19000244140625,224.1999969482422,223.58999633789062,223.65499877929688,4224,0.0,0.0
2024-08-05 15:35:00-04:00,223.7050018310547,224.17999267578125,223.7050018310547,224.1699981689453,3983,0.0,0.0
2024-08-05 15:40:00-04:00,223.91000366210938,223.99000549316406,223.67999267578125,223.77999877929688,3019,0.0,0.0
2024-08-05 15:45:00-04:00,223.72999572753906,223.88999938964844,223.50010681152344,223.50010681152344,4101,0.0,0.0
2024-08-05 15:50:00-04:00,223.5,224.4600067138672,223.5,223.58999633789062,11373,0.0,0.0
2024-08-05 15:55:00-04:00,223.8000030517578,224.17999267578125,223.58999633789062,223.64999389648438,29067,0.0,0.0
2024-08-06 09:30:00-04:00,223.3800048828125,223.3800048828125,223.3800048828125,223.3800048828125,2822,0.0,0.0
2024-08-06 09:50:00-04:00,227.58999633789062,227.58999633789062,227.58999633789062,227.58999633789062,471,0.0,0.0
2024-08-06 09:55:00-04:00,227.06500244140625,227.06500244140625,227.06500244140625,227.06500244140625,105,0.0,0.0
2024-08-06 10:00:00-04:00,227.35499572753906,227.35499572753906,224.98500061035156,224.98500061035156,1152,0.0,0.0
2024-08-06 10:05:00-04:00,226.77000427246094,226.77000427246094,226.77000427246094,226.77000427246094,721,0.0,0.0
2024-08-06 10:15:00-04:00,225.50999450683594,226.27999877929688,225.5,226.27999877929688,1747,0.0,0.0
2024-08-06 10:20:00-04:00,226.66000366210938,226.7899932861328,226.66000366210938,226.7899932861328,1078,0.0,0.0
2024-08-06 10:25:00-04:00,226.74000549316406,227.52999877929688,226.72000122070312,226.7899932861328,5524,0.0,0.0
2024-08-06 10:30:00-04:00,226.57000732421875,226.83999633789062,226.57000732421875,226.75,1192,0.0,0.0
2024-08-06 10:35:00-04:00,226.85499572753906,227.0800018310547,226.85499572753906,227.0800018310547,917,0.0,0.0
2024-08-06 10:45:00-04:00,227.72000122070312,227.72000122070312,227.72000122070312,227.72000122070312,1249,0.0,0.0
2024-08-06 10:55:00-04:00,227.97999572753906,227.97999572753906,227.08999633789062,227.08999633789062,1197,0.0,0.0
2024-08-06 11:00:00-04:00,227.41000366210938,227.47000122070312,227.41000366210938,227.47000122070312,477,0.0,0.0
2024-08-06 11:10:00-04:00,226.5,226.76499938964844,226.13999938964844,226.3300018310547,2414,0.0,0.0
2024-08-06 11:15:00-04:00,226.52999877929688,226.82000732421875,226.52999877929688,226.82000732421875,558,0.0,0.0
2024-08-06 11:20:00-04:00,225.83999633789062,225.83999633789062,225.41000366210938,225.41000366210938,1664,0.0,0.0
2024-08-06 11:25:00-04:00,225.0800018310547,225.0800018310547,225.0800018310547,225.0800018310547,971,0.0,0.0
2024-08-06 11:30:00-04:00,225.89999389648438,225.9199981689453,225.89999389648438,225.9199981689453,967,0.0,0.0
2024-08-06 11:35:00-04:00,225.58999633789062,226.25,225.58999633789062,226.25,813,0.0,0.0
2024-08-06 11:40:00-04:00,225.75,225.75,225.7353973388672,225.7353973388672,450,0.0,0.0
2024-08-06 11:45:00-04:00,225.97000122070312,226.3000030517578,225.6699981689453,225.6699981689453,1855,0.0,0.0
2024-08-06 11:50:00-04:00,225.9550018310547,226.0,225.47999572753906,225.75,4575,0.0,0.0
2024-08-06 11:55:00-04:00,226.25999450683594,226.6199951171875,226.25999450683594,226.6199951171875,477,0.0,0.0
2024-08-06 12:00:00-04:00,226.67999267578125,226.67999267578125,226.67999267578125,226.67999267578125,268,0.0,0.0
2024-08-06 12:10:00-04:00,226.74000549316406,226.74000549316406,226.74000549316406,226.74000549316406,632,0.0,0.0
2024-08-06 12:15:00-04:00,227.47000122070312,227.47000122070312,227.47000122070312,227.47000122070312,830,0.0,0.0
2024-08-06 12:20:00-04:00,227.53199768066406,227.53199768066406,227.10000610351562,227.21499633789062,2285,0.0,0.0
2024-08-06 12:35:00-04:00,226.60000610351562,226.69000244140625,226.60000610351562,226.69000244140625,1159,0.0,0.0
2024-08-06 12:40:00-04:00,227.1199951171875,227.13999938964844,227.1199951171875,227.13999938964844,1344,0.0,0.0
2024-08-06 12:50:00-04:00,226.4600067138672,226.8350067138672,226.4600067138672,226.8350067138672,323,0.0,0.0
2024-08-06 12:55:00-04:00,227.19000244140625,227.60000610351562,227.19000244140625,227.60000610351562,1784,0.0,0.0
2024-08-06 13:00:00-04:00,227.35499572753906,227.35499572753906,227.35499572753906,227.35499572753906,320,0.0,0.0
2024-08-06 13:05:00-04:00,227.67999267578125,228.00999450683594,227.67999267578125,228.00999450683594,554,0.0,0.0
2024-08-06 13:15:00-04:00,227.86000061035156,228.1699981689453,227.86000061035156,228.1699981689453,320,0.0,0.0
2024-08-06 13:20:00-04:00,228.07000732421875,228.07000732421875,228.07000732421875,228.07000732421875,1022,0.0,0.0
2024-08-06 13:30:00-04:00,227.93499755859375,227.93499755859375,227.93499755859375,227.93499755859375,958,0.0,0.0
2024-08-06 13:35:00-04:00,228.19000244140625,228.19000244140625,228.19000244140625,228.19000244140625,534,0.0,0.0
2024-08-06 13:40:00-04:00,227.67999267578125,227.67999267578125,227.67999267578125,227.67999267578125,1440,0.0,0.0
2024-08-06 13:45:00-04:00,227.57000732421875,227.63999938964844,227.42999267578125,227.63999938964844,1008,0.0,0.0
2024-08-06 13:50:00-04:00,227.22000122070312,227.22000122070312,227.22000122070312,227.22000122070312,398,0.0,0.0
2024-08-06 13:55:00-04:00,227.47000122070312,227.47000122070312,227.47000122070312,227.47000122070312,598,0.0,0.0
2024-08-06 14:00:00-04:00,227.36000061035156,227.36000061035156,227.36000061035156,227.36000061035156,404,0.0,0.0
2024-08-06 14:05:00-04:00,227.19000244140625,227.19000244140625,227.0,227.0,1393,0.0,0.0
2024-08-06 14:15:00-04:00,227.1999969482422,227.39999389648438,227.1999969482422,227.39999389648438,1208,0.0,0.0
2024-08-06 14:20:00-04:00,228.05999755859375,228.05999755859375,228.05999755859375,228.05999755859375,313,0.0,0.0
2024-08-06 14:25:00-04:00,228.1999969482422,228.1999969482422,227.97500610351562,227.97500610351562,1169,0.0,0.0
2024-08-06 14:30:00-04:00,227.66000366210938,228.00999450683594,227.6300048828125,227.6300048828125,2051,0.0,0.0
2024-08-06 14:40:00-04:00,227.5399932861328,227.5399932861328,227.47000122070312,227.47000122070312,1158,0.0,0.0
2024-08-06 14:45:00-04:00,227.6999969482422,228.0050048828125,227.6999969482422,228.0050048828125,2433,0.0,0.0
2024-08-06 14:50:00-04:00,228.1199951171875,228.1199951171875,228.1199951171875,228.1199951171875,511,0.0,0.0
2024-08-06 14:55:00-04:00,227.9499969482422,228.04249572753906,226.7899932861328,226.7899932861328,2178,0.0,0.0
2024-08-06 15:00:00-04:00,226.83999633789062,226.83999633789062,226.67999267578125,226.67999267578125,2291,0.0,0.0
2024-08-06 15:10:00-04:00,226.1999969482422,226.97000122070312,226.1999969482422,226.97000122070312,2455,0.0,0.0
2024-08-06 15:15:00-04:00,226.5,226.5316925048828,226.31500244140625,226.5316925048828,1722,0.0,0.0
2024-08-06 15:20:00-04:00,226.66000366210938,227.47000122070312,226.66000366210938,227.47000122070312,2343,0.0,0.0
2024-08-06 15:25:00-04:00,227.3800048828125,227.3800048828125,227.05999755859375,227.05999755859375,1250,0.0,0.0
2024-08-06 15:30:00-04:00,226.8699951171875,227.82000732421875,226.8699951171875,227.6300048828125,10318,0.0,0.0
2024-08-06 15:35:00-04:00,227.67999267578125,227.7050018310547,226.9550018310547,226.9550018310547,3113,0.0,0.0
2024-08-06 15:40:00-04:00,226.67999267578125,226.7279052734375,226.19000244140625,226.22000122070312,5212,0.0,0.0
2024-08-06 15:45:00-04:00,226.19000244140625,226.19000244140625,225.63499450683594,225.97999572753906,2801,0.0,0.0
2024-08-06 15:50:00-04:00,225.67999267578125,225.8800048828125,224.57000732421875,224.83999633789062,12938,0.0,0.0
2024-08-06 15:55:00-04:00,224.82000732421875,224.89999389648438,224.30999755859375,224.30999755859375,26291,0.0,0.0
2024-08-07 09:30:00-04:00,228.17999267578125,228.17999267578125,228.17999267578125,228.17999267578125,1868,0.0,0.0
2024-08-07 09:55:00-04:00,228.25,228.3300018310547,227.9199981689453,228.09500122070312,3050,0.0,0.0
2024-08-07 10:00:00-04:00,228.11000061035156,228.5500030517578,227.7550048828125,228.5500030517578,2180,0.0,0.0
2024-08-07 10:05:00-04:00,228.5,228.80999755859375,227.8800048828125,228.52000427246094,1112,0.0,0.0
2024-08-07 10:10:00-04:00,227.64999389648438,227.64999389648438,227.61500549316406,227.61500549316406,745,0.0,0.0
2024-08-07 10:15:00-04:00,227.11000061035156,227.11000061035156,227.11000061035156,227.11000061035156,915,0.0,0.0
2024-08-07 10:25:00-04:00,225.35000610351562,225.35000610351562,225.28500366210938,225.28500366210938,762,0.0,0.0
2024-08-07 10:35:00-04:00,225.89599609375,225.89599609375,225.89599609375,225.89599609375,935,0.0,0.0
2024-08-07 10:40:00-04:00,226.27999877929688,226.69000244140625,226.27999877929688,226.69000244140625,1021,0.0,0.0
2024-08-07 10:45:00-04:00,227.4199981689453,227.4199981689453,227.4199981689453,227.4199981689453,422,0.0,0.0
2024-08-07 10:50:00-04:00,226.89500427246094,226.89500427246094,226.89500427246094,226.89500427246094,546,0.0,0.0
2024-08-07 11:00:00-04:00,226.67999267578125,227.52000427246094,226.67999267578125,227.52000427246094,667,0.0,0.0
2024-08-07 11:05:00-04:00,227.33999633789062,227.33999633789062,227.33999633789062,227.33999633789062,860,0.0,0.0
2024-08-07 11:10:00-04:00,226.77999877929688,227.25,226.77999877929688,227.25,837,0.0,0.0
2024-08-07 11:15:00-04:00,226.61500549316406,226.61500549316406,226.61500549316406,226.61500549316406,1684,0.0,0.0
2024-08-07 11:30:00-04:00,226.875,226.875,226.875,226.875,694,0.0,0.0
2024-08-07 11:35:00-04:00,226.86000061035156,226.86000061035156,226.85000610351562,226.85000610351562,528,0.0,0.0
2024-08-07 11:40:00-04:00,226.6199951171875,226.74000549316406,225.8350067138672,225.8350067138672,4015,0.0,0.0
2024-08-07 11:45:00-04:00,225.58999633789062,225.58999633789062,225.16000366210938,225.16000366210938,722,0.0,0.0
2024-08-07 11:50:00-04:00,225.85000610351562,225.85000610351562,225.85000610351562,225.85000610351562,447,0.0,0.0
2024-08-07 11:55:00-04:00,225.6772003173828,225.6772003173828,225.6772003173828,225.6772003173828,1647,0.0,0.0
2024-08-07 12:10:00-04:00,225.22999572753906,225.22999572753906,225.22999572753906,225.22999572753906,921,0.0,0.0
2024-08-07 12:20:00-04:00,225.49000549316406,225.49000549316406,224.6999969482422,224.6999969482422,1869,0.0,0.0
2024-08-07 12:25:00-04:00,225.0500030517578,225.07000732421875,225.0500030517578,225.07000732421875,382,0.0,0.0
2024-08-07 12:30:00-04:00,224.6999969482422,224.6999969482422,224.6999969482422,224.6999969482422,212,0.0,0.0
2024-08-07 12:35:00-04:00,225.0500030517578,225.0500030517578,225.0500030517578,225.0500030517578,515,0.0,0.0
2024-08-07 12:40:00-04:00,225.13499450683594,225.13499450683594,224.69000244140625,224.7899932861328,880,0.0,0.0
2024-08-07 12:45:00-04:00,224.63999938964844,224.89999389648438,224.47500610351562,224.89999389648438,3475,0.0,0.0
2024-08-07 12:50:00-04:00,224.72560119628906,224.88999938964844,224.5,224.5,4443,0.0,0.0
2024-08-07 12:55:00-04:00,224.4600067138672,224.4600067138672,224.22999572753906,224.4199981689453,892,0.0,0.0
2024-08-07 13:00:00-04:00,224.0,224.0,224.0,224.0,308,0.0,0.0
2024-08-07 13:05:00-04:00,223.7100067138672,224.00999450683594,223.33999633789062,223.33999633789062,2322,0.0,0.0
2024-08-07 13:15:00-04:00,223.11000061035156,223.11000061035156,222.72500610351562,222.72500610351562,1349,0.0,0.0
2024-08-07 13:25:00-04:00,223.41000366210938,223.6300048828125,223.41000366210938,223.4600067138672,1959,0.0,0.0
2024-08-07 13:40:00-04:00,224.02999877929688,224.08999633789062,223.82000732421875,224.08999633789062,1269,0.0,0.0
2024-08-07 13:45:00-04:00,223.58999633789062,223.77499389648438,223.58999633789062,223.77499389648438,1062,0.0,0.0
2024-08-07 13:50:00-04:00,223.68499755859375,223.68499755859375,223.61000061035156,223.61000061035156,925,0.0,0.0
2024-08-07 13:55:00-04:00,223.53500366210938,223.53500366210938,223.14999389648438,223.14999389648438,1974,0.0,0.0
2024-08-07 14:05:00-04:00,222.88999938964844,222.88999938964844,222.85000610351562,222.85000610351562,861,0.0,0.0
2024-08-07 14:10:00-04:00,222.0399932861328,222.0399932861328,222.0399932861328,222.0399932861328,819,0.0,0.0
2024-08-07 14:15:00-04:00,222.27999877929688,222.27999877929688,222.27999877929688,222.27999877929688,198,0.0,0.0
2024-08-07 14:20:00-04:00,222.25990295410156,222.25990295410156,222.25990295410156,222.25990295410156,213,0.0,0.0
2024-08-07 14:25:00-04:00,222.0,222.60499572753906,222.0,222.31500244140625,3187,0.0,0.0
2024-08-07 14:30:00-04:00,222.30999755859375,222.30999755859375,222.30999755859375,222.30999755859375,762,0.0,0.0
2024-08-07 14:35:00-04:00,222.41000366210938,222.41000366210938,222.41000366210938,222.41000366210938,833,0.0,0.0
2024-08-07 14:40:00-04:00,222.8800048828125,222.9499969482422,222.8800048828125,222.9499969482422,513,0.0,0.0
2024-08-07 14:45:00-04:00,222.82000732421875,222.82000732421875,222.25,222.39999389648438,1038,0.0,0.0
2024-08-07 14:50:00-04:00,222.5800018310547,222.5800018310547,222.5800018310547,222.5800018310547,431,0.0,0.0
2024-08-07 14:55:00-04:00,222.7449951171875,223.07000732421875,222.7449951171875,222.92999267578125,2747,0.0,0.0
2024-08-07 15:00:00-04:00,223.27999877929688,223.4250030517578,223.19500732421875,223.4250030517578,1515,0.0,0.0
2024-08-07 15:05:00-04:00,224.02000427246094,224.02000427246094,223.85499572753906,223.88999938964844,1423,0.0,0.0
2024-08-07 15:10:00-04:00,224.375,224.375,223.6999969482422,223.7050018310547,3808,0.0,0.0
2024-08-07 15:20:00-04:00,223.77499389648438,223.77499389648438,223.375,223.375,1548,0.0,0.0
2024-08-07 15:25:00-04:00,223.2050018310547,223.21499633789062,223.2050018310547,223.21499633789062,626,0.0,0.0
2024-08-07 15:30:00-04:00,223.00999450683594,223.00999450683594,222.64999389648438,222.64999389648438,1675,0.0,0.0
2024-08-07 15:35:00-04:00,222.69500732421875,223.33999633789062,222.69500732421875,223.33999633789062,2973,0.0,0.0
2024-08-07 15:40:00-04:00,223.2100067138672,223.2100067138672,222.69500732421875,222.7449951171875,2555,0.0,0.0
2024-08-07 15:45:00-04:00,222.7949981689453,223.82000732421875,222.7949981689453,223.82000732421875,7688,0.0,0.0
2024-08-07 15:50:00-04:00,223.3000030517578,223.3000030517578,221.75,221.75,10459,0.0,0.0
2024-08-07 15:55:00-04:00,221.83999633789062,223.08999633789062,221.80999755859375,223.05999755859375,20901,0.0,0.0
2024-08-08 09:30:00-04:00,225.9499969482422,225.9499969482422,225.9499969482422,225.9499969482422,1163,0.0,0.0
2024-08-08 09:40:00-04:00,224.47000122070312,224.47000122070312,224.47000122070312,224.47000122070312,351,0.0,0.0
2024-08-08 09:45:00-04:00,225.3300018310547,225.3300018310547,225.3300018310547,225.3300018310547,302,0.0,0.0
2024-08-08 09:50:00-04:00,225.32000732421875,225.3300018310547,225.32000732421875,225.32000732421875,543,0.0,0.0
2024-08-08 09:55:00-04:00,226.8300018310547,226.8300018310547,226.8300018310547,226.8300018310547,249,0.0,0.0
2024-08-08 10:00:00-04:00,228.1199951171875,228.625,227.6699981689453,228.625,955,0.0,0.0
2024-08-08 10:05:00-04:00,227.11000061035156,227.67999267578125,226.59750366210938,226.9149932861328,2631,0.0,0.0
2024-08-08 10:10:00-04:00,226.27999877929688,226.27999877929688,226.27999877929688,226.27999877929688,3742,0.0,0.0
2024-08-08 10:30:00-04:00,226.2949981689453,226.60499572753906,226.2050018310547,226.60499572753906,1415,0.0,0.0
2024-08-08 10:40:00-04:00,226.65499877929688,226.65499877929688,226.0800018310547,226.28500366210938,2182,0.0,0.0
2024-08-08 10:50:00-04:00,226.4893035888672,226.4893035888672,226.39230346679688,226.39230346679688,1440,0.0,0.0
2024-08-08 11:05:00-04:00,226.9801025390625,226.9801025390625,226.9801025390625,226.9801025390625,943,0.0,0.0
2024-08-08 11:10:00-04:00,226.8699951171875,226.8699951171875,226.8699951171875,226.8699951171875,1374,0.0,0.0
2024-08-08 11:15:00-04:00,227.33999633789062,227.33999633789062,227.33999633789062,227.33999633789062,512,0.0,0.0
2024-08-08 11:20:00-04:00,226.6199951171875,226.6199951171875,226.6199951171875,226.6199951171875,527,0.0,0.0
2024-08-08 11:25:00-04:00,226.39999389648438,226.39999389648438,226.39999389648438,226.39999389648438,1030,0.0,0.0
2024-08-08 11:35:00-04:00,226.3300018310547,226.3300018310547,226.3300018310547,226.3300018310547,458,0.0,0.0
2024-08-08 11:45:00-04:00,225.75,225.75,225.5399932861328,225.5399932861328,1725,0.0,0.0
2024-08-08 12:05:00-04:00,226.73500061035156,226.73500061035156,226.73500061035156,226.73500061035156,440,0.0,0.0
2024-08-08 12:10:00-04:00,226.7550048828125,226.7550048828125,226.7550048828125,226.7550048828125,1837,0.0,0.0
2024-08-08 12:15:00-04:00,226.4600067138672,226.4600067138672,225.8350067138672,225.8350067138672,1952,0.0,0.0
2024-08-08 12:30:00-04:00,225.94500732421875,226.16000366210938,225.83999633789062,226.16000366210938,982,0.0,0.0
2024-08-08 12:35:00-04:00,225.75,225.8300018310547,225.75,225.8300018310547,988,0.0,0.0
2024-08-08 12:45:00-04:00,226.4600067138672,226.6300048828125,226.4600067138672,226.6300048828125,1378,0.0,0.0
2024-08-08 12:55:00-04:00,226.4600067138672,226.4600067138672,226.4600067138672,226.4600067138672,1695,0.0,0.0
2024-08-08 13:20:00-04:00,227.0,227.02000427246094,227.0,227.02000427246094,1347,0.0,0.0
2024-08-08 13:25:00-04:00,227.0399932861328,227.0399932861328,227.0399932861328,227.0399932861328,724,0.0,0.0
2024-08-08 13:30:00-04:00,227.6199951171875,228.03990173339844,227.6199951171875,228.03990173339844,537,0.0,0.0
2024-08-08 13:40:00-04:00,227.80999755859375,227.8800048828125,227.80999755859375,227.8699951171875,948,0.0,0.0
2024-08-08 13:45:00-04:00,227.4499969482422,227.58999633789062,227.4499969482422,227.58999633789062,1020,0.0,0.0
2024-08-08 13:55:00-04:00,227.3300018310547,227.3300018310547,227.19000244140625,227.19000244140625,718,0.0,0.0
2024-08-08 14:00:00-04:00,227.1300048828125,227.8300018310547,227.1300048828125,227.8300018310547,3211,0.0,0.0
2024-08-08 14:25:00-04:00,227.39999389648438,227.92999267578125,227.39999389648438,227.92999267578125,3406,0.0,0.0
2024-08-08 14:35:00-04:00,228.22000122070312,228.52000427246094,227.44000244140625,227.44000244140625,1853,0.0,0.0
2024-08-08 14:40:00-04:00,227.55999755859375,227.8000030517578,227.43499755859375,227.8000030517578,2058,0.0,0.0
2024-08-08 14:45:00-04:00,228.02000427246094,228.5399932861328,228.02000427246094,228.5399932861328,1652,0.0,0.0
2024-08-08 14:50:00-04:00,228.31100463867188,228.52999877929688,228.31100463867188,228.52999877929688,4058,0.0,0.0
2024-08-08 14:55:00-04:00,228.75,229.25,228.75,229.00999450683594,4761,0.0,0.0
2024-08-08 15:00:00-04:00,228.8350067138672,229.10000610351562,228.5,228.50999450683594,2756,0.0,0.0
2024-08-08 15:05:00-04:00,228.5050048828125,228.5050048828125,228.25999450683594,228.44500732421875,2395,0.0,0.0
2024-08-08 15:10:00-04:00,228.97999572753906,228.97999572753906,228.97999572753906,228.97999572753906,678,0.0,0.0
2024-08-08 15:15:00-04:00,228.4499969482422,228.82000732421875,228.4499969482422,228.82000732421875,4814,0.0,0.0
2024-08-08 15:25:00-04:00,229.11000061035156,229.11000061035156,228.91000366210938,228.91000366210938,1937,0.0,0.0
2024-08-08 15:30:00-04:00,228.97999572753906,228.97999572753906,228.44000244140625,228.56500244140625,3119,0.0,0.0
2024-08-08 15:35:00-04:00,228.5449981689453,228.55999755859375,228.19000244140625,228.55999755859375,2754,0.0,0.0
2024-08-08 15:40:00-04:00,228.44000244140625,228.92999267578125,228.3800048828125,228.92999267578125,2721,0.0,0.0
2024-08-08 15:45:00-04:00,228.97000122070312,228.97000122070312,228.625,228.75,2236,0.0,0.0
2024-08-08 15:50:00-04:00,228.5,229.0800018310547,228.5,229.0800018310547,3136,0.0,0.0
2024-08-08 15:55:00-04:00,228.80999755859375,228.99000549316406,228.25,228.67999267578125,11494,0.0,0.0
2024-08-09 09:30:00-04:00,228.50999450683594,228.50999450683594,228.50999450683594,228.50999450683594,893,0.0,0.0
2024-08-09 09:40:00-04:00,226.60000610351562,226.60000610351562,226.60000610351562,226.60000610351562,186,0.0,0.0
2024-08-09 09:45:00-04:00,226.67999267578125,226.67999267578125,226.2899932861328,226.2899932861328,1041,0.0,0.0
2024-08-09 09:55:00-04:00,225.53500366210938,225.53500366210938,225.3699951171875,225.3699951171875,481,0.0,0.0
2024-08-09 10:00:00-04:00,225.15499877929688,225.15499877929688,225.15499877929688,225.15499877929688,961,0.0,0.0
2024-08-09 10:05:00-04:00,226.1999969482422,226.1999969482422,225.92999267578125,225.92999267578125,909,0.0,0.0
2024-08-09 10:10:00-04:00,225.92999267578125,226.9250030517578,225.9199981689453,226.9250030517578,3142,0.0,0.0
2024-08-09 10:20:00-04:00,226.57000732421875,226.71499633789062,226.57000732421875,226.71499633789062,1459,0.0,0.0
2024-08-09 10:30:00-04:00,226.36000061035156,226.36000061035156,226.36000061035156,226.36000061035156,640,0.0,0.0
2024-08-09 10:35:00-04:00,225.9550018310547,226.41000366210938,225.59500122070312,226.41000366210938,2432,0.0,0.0
2024-08-09 10:40:00-04:00,226.5050048828125,227.0,226.5050048828125,226.99249267578125,1199,0.0,0.0
2024-08-09 10:50:00-04:00,226.72500610351562,227.1824951171875,226.72500610351562,227.1824951171875,539,0.0,0.0
2024-08-09 10:55:00-04:00,227.53500366210938,227.53500366210938,227.07000732421875,227.07000732421875,903,0.0,0.0
2024-08-09 11:00:00-04:00,226.66000366210938,226.66000366210938,226.66000366210938,226.66000366210938,640,0.0,0.0
2024-08-09 11:05:00-04:00,227.19000244140625,227.80999755859375,227.19000244140625,227.80999755859375,980,0.0,0.0
2024-08-09 11:10:00-04:00,227.1199951171875,227.1199951171875,227.1199951171875,227.1199951171875,421,0.0,0.0
2024-08-09 11:15:00-04:00,227.4149932861328,227.4149932861328,227.4149932861328,227.4149932861328,242,0.0,0.0
2024-08-09 11:20:00-04:00,227.64999389648438,227.64999389648438,227.64999389648438,227.64999389648438,360,0.0,0.0
2024-08-09 11:25:00-04:00,227.7675018310547,227.7675018310547,227.16000366210938,227.2899932861328,1263,0.0,0.0
2024-08-09 11:35:00-04:00,227.08999633789062,227.13499450683594,227.08999633789062,227.13499450683594,865,0.0,0.0
2024-08-09 11:45:00-04:00,227.3524932861328,227.50999450683594,227.2449951171875,227.2949981689453,726,0.0,0.0
2024-08-09 11:50:00-04:00,227.31500244140625,227.31500244140625,227.31500244140625,227.31500244140625,276,0.0,0.0
2024-08-09 11:55:00-04:00,227.02000427246094,227.02000427246094,226.8800048828125,226.97999572753906,875,0.0,0.0
2024-08-09 12:00:00-04:00,226.9600067138672,226.9600067138672,226.9600067138672,226.9600067138672,840,0.0,0.0
2024-08-09 12:15:00-04:00,226.8000030517578,226.8000030517578,226.4199981689453,226.4199981689453,444,0.0,0.0
2024-08-09 12:20:00-04:00,226.625,226.80999755859375,226.47000122070312,226.47000122070312,2495,0.0,0.0
2024-08-09 12:30:00-04:00,226.73500061035156,227.1300048828125,226.73500061035156,226.94000244140625,1961,0.0,0.0
2024-08-09 12:35:00-04:00,226.96499633789062,226.96499633789062,226.96499633789062,226.96499633789062,411,0.0,0.0
2024-08-09 12:40:00-04:00,227.3800048828125,227.6199951171875,227.3800048828125,227.58999633789062,1617,0.0,0.0
2024-08-09 12:45:00-04:00,228.0500030517578,228.0500030517578,227.69000244140625,227.69000244140625,647,0.0,0.0
2024-08-09 12:50:00-04:00,227.5399932861328,227.61000061035156,227.5399932861328,227.60000610351562,975,0.0,0.0
2024-08-09 12:55:00-04:00,227.77499389648438,227.77499389648438,227.73500061035156,227.73500061035156,715,0.0,0.0
2024-08-09 13:00:00-04:00,228.35000610351562,228.35000610351562,228.35000610351562,228.35000610351562,184,0.0,0.0
2024-08-09 13:05:00-04:00,228.33999633789062,228.33999633789062,228.33999633789062,228.33999633789062,1795,0.0,0.0
2024-08-09 13:15:00-04:00,228.8800048828125,228.8800048828125,228.8800048828125,228.8800048828125,459,0.0,0.0
2024-08-09 13:25:00-04:00,228.89999389648438,228.89999389648438,228.89999389648438,228.89999389648438,289,0.0,0.0
2024-08-09 13:30:00-04:00,229.4199981689453,229.82000732421875,229.41000366210938,229.82000732421875,873,0.0,0.0
2024-08-09 13:35:00-04:00,229.39999389648438,229.39999389648438,229.27000427246094,229.27000427246094,1737,0.0,0.0
2024-08-09 13:40:00-04:00,228.6999969482422,228.6999969482422,228.6999969482422,228.6999969482422,527,0.0,0.0
2024-08-09 13:50:00-04:00,228.27000427246094,228.27000427246094,228.27000427246094,228.27000427246094,1011,0.0,0.0
2024-08-09 14:00:00-04:00,227.35000610351562,227.35000610351562,227.35000610351562,227.35000610351562,737,0.0,0.0
2024-08-09 14:05:00-04:00,227.69000244140625,227.69000244140625,227.67999267578125,227.67999267578125,464,0.0,0.0
2024-08-09 14:10:00-04:00,227.38999938964844,227.52000427246094,227.1999969482422,227.52000427246094,1428,0.0,0.0
2024-08-09 14:20:00-04:00,227.1999969482422,227.1999969482422,226.97999572753906,226.97999572753906,1219,0.0,0.0
2024-08-09 14:25:00-04:00,226.99000549316406,226.99000549316406,226.99000549316406,226.99000549316406,423,0.0,0.0
2024-08-09 14:30:00-04:00,227.14999389648438,227.14999389648438,226.97999572753906,226.97999572753906,1015,0.0,0.0
2024-08-09 14:35:00-04:00,226.97999572753906,227.1300048828125,226.97999572753906,227.1300048828125,832,0.0,0.0
2024-08-09 14:40:00-04:00,227.4600067138672,227.46499633789062,227.38499450683594,227.38499450683594,942,0.0,0.0
2024-08-09 14:50:00-04:00,227.25999450683594,227.25999450683594,227.25999450683594,227.25999450683594,832,0.0,0.0
2024-08-09 15:00:00-04:00,227.7949981689453,227.7949981689453,227.63999938964844,227.63999938964844,1394,0.0,0.0
2024-08-09 15:05:00-04:00,227.9250030517578,227.9250030517578,227.72000122070312,227.72000122070312,777,0.0,0.0
2024-08-09 15:10:00-04:00,228.0,228.0,228.0,228.0,1342,0.0,0.0
2024-08-09 15:20:00-04:00,228.07000732421875,228.07000732421875,227.94000244140625,227.94000244140625,1898,0.0,0.0
2024-08-09 15:25:00-04:00,228.2100067138672,228.51499938964844,228.2100067138672,228.51499938964844,1430,0.0,0.0
2024-08-09 15:30:00-04:00,228.18499755859375,228.18499755859375,227.50999450683594,227.5399932861328,3247,0.0,0.0
2024-08-09 15:40:00-04:00,227.62899780273438,227.63999938964844,227.5749969482422,227.5749969482422,1116,0.0,0.0
2024-08-09 15:45:00-04:00,227.5749969482422,227.9199981689453,227.4600067138672,227.9199981689453,2491,0.0,0.0
2024-08-09 15:50:00-04:00,227.86000061035156,228.08999633789062,227.5749969482422,227.6300048828125,6043,0.0,0.0
2024-08-09 15:55:00-04:00,227.8800048828125,228.9199981689453,227.8800048828125,228.88999938964844,16408,0.0,0.0
2024-08-12 09:30:00-04:00,228.6699981689453,228.6699981689453,228.6699981689453,228.6699981689453,1050,0.0,0.0
2024-08-12 09:50:00-04:00,227.09500122070312,227.09500122070312,227.09500122070312,227.09500122070312,1018,0.0,0.0
2024-08-12 10:00:00-04:00,227.0500030517578,227.0500030517578,227.0500030517578,227.0500030517578,323,0.0,0.0
2024-08-12 10:05:00-04:00,227.02999877929688,227.91000366210938,226.55999755859375,227.91000366210938,1788,0.0,0.0
2024-08-12 10:15:00-04:00,228.3699951171875,228.38999938964844,227.77999877929688,227.8000030517578,1106,0.0,0.0
2024-08-12 10:20:00-04:00,227.8699951171875,227.88999938964844,226.9600067138672,227.19500732421875,1345,0.0,0.0
2024-08-12 10:25:00-04:00,227.375,227.375,227.375,227.375,995,0.0,0.0
2024-08-12 10:30:00-04:00,227.43699645996094,227.43699645996094,227.43699645996094,227.43699645996094,339,0.0,0.0
2024-08-12 10:35:00-04:00,227.97000122070312,227.97000122070312,227.8699951171875,227.92999267578125,1013,0.0,0.0
2024-08-12 10:45:00-04:00,227.61000061035156,227.61000061035156,227.61000061035156,227.61000061035156,465,0.0,0.0
2024-08-12 10:50:00-04:00,227.77090454101562,227.77090454101562,227.77090454101562,227.77090454101562,1241,0.0,0.0
2024-08-12 11:05:00-04:00,227.4199981689453,227.4499969482422,227.4199981689453,227.4499969482422,697,0.0,0.0
2024-08-12 11:10:00-04:00,227.94000244140625,227.97000122070312,227.19000244140625,227.19000244140625,2488,0.0,0.0
2024-08-12 11:20:00-04:00,226.1300048828125,226.1300048828125,225.25,225.25,1160,0.0,0.0
2024-08-12 11:30:00-04:00,226.08999633789062,226.30999755859375,226.08999633789062,226.30999755859375,1167,0.0,0.0
2024-08-12 11:35:00-04:00,226.85000610351562,226.85000610351562,226.85000610351562,226.85000610351562,790,0.0,0.0
2024-08-12 11:50:00-04:00,227.3800048828125,227.38999938964844,227.3800048828125,227.38999938964844,1574,0.0,0.0
2024-08-12 12:05:00-04:00,227.99000549316406,228.63999938964844,227.82000732421875,227.82000732421875,1833,0.0,0.0
2024-08-12 12:25:00-04:00,227.75,227.75,227.69000244140625,227.69000244140625,605,0.0,0.0
2024-08-12 12:35:00-04:00,227.41000366210938,227.41000366210938,227.41000366210938,227.41000366210938,1015,0.0,0.0
2024-08-12 12:50:00-04:00,227.5800018310547,227.6199951171875,227.5800018310547,227.6199951171875,1479,0.0,0.0
2024-08-12 13:10:00-04:00,226.6199951171875,226.6199951171875,226.6199951171875,226.6199951171875,675,0.0,0.0
2024-08-12 13:15:00-04:00,226.88999938964844,226.9199981689453,226.88999938964844,226.9199981689453,781,0.0,0.0
2024-08-12 13:20:00-04:00,227.1999969482422,227.2949981689453,227.1999969482422,227.2949981689453,840,0.0,0.0
2024-08-12 13:25:00-04:00,227.125,227.6199951171875,227.125,227.6199951171875,1836,0.0,0.0
2024-08-12 13:50:00-04:00,226.8699951171875,226.8699951171875,226.8699951171875,226.8699951171875,675,0.0,0.0
2024-08-12 14:00:00-04:00,226.88999938964844,226.99000549316406,226.88999938964844,226.99000549316406,2254,0.0,0.0
2024-08-12 14:10:00-04:00,226.08999633789062,226.9550018310547,226.08999633789062,226.9550018310547,1600,0.0,0.0
2024-08-12 14:15:00-04:00,226.92999267578125,227.17999267578125,226.7100067138672,226.94000244140625,4165,0.0,0.0
2024-08-12 14:20:00-04:00,226.9600067138672,226.9600067138672,226.9600067138672,226.9600067138672,1437,0.0,0.0
2024-08-12 14:35:00-04:00,226.57550048828125,227.00999450683594,226.57550048828125,227.00999450683594,1769,0.0,0.0
2024-08-12 14:45:00-04:00,226.72999572753906,226.72999572753906,226.72999572753906,226.72999572753906,1385,0.0,0.0
2024-08-12 14:50:00-04:00,226.97000122070312,226.97000122070312,226.97000122070312,226.97000122070312,842,0.0,0.0
2024-08-12 14:55:00-04:00,226.94949340820312,226.94949340820312,226.9199981689453,226.9199981689453,783,0.0,0.0
2024-08-12 15:00:00-04:00,226.66000366210938,226.66000366210938,226.66000366210938,226.66000366210938,348,0.0,0.0
2024-08-12 15:05:00-04:00,226.59249877929688,226.77000427246094,226.10000610351562,226.27499389648438,2956,0.0,0.0
2024-08-12 15:10:00-04:00,226.0800018310547,226.0800018310547,226.0800018310547,226.0800018310547,203,0.0,0.0
2024-08-12 15:15:00-04:00,226.17999267578125,226.39999389648438,226.17999267578125,226.39999389648438,1375,0.0,0.0
2024-08-12 15:20:00-04:00,226.4949951171875,226.4949951171875,226.375,226.375,1273,0.0,0.0
2024-08-12 15:25:00-04:00,226.26150512695312,226.26150512695312,226.25999450683594,226.25999450683594,952,0.0,0.0
2024-08-12 15:30:00-04:00,226.3000030517578,226.83999633789062,226.3000030517578,226.80999755859375,1857,0.0,0.0
2024-08-12 15:35:00-04:00,226.44500732421875,226.44500732421875,226.05999755859375,226.14999389648438,1821,0.0,0.0
2024-08-12 15:40:00-04:00,226.19000244140625,226.66000366210938,226.19000244140625,226.58999633789062,2117,0.0,0.0
2024-08-12 15:45:00-04:00,226.52999877929688,226.80999755859375,226.52999877929688,226.7899932861328,2228,0.0,0.0
2024-08-12 15:50:00-04:00,226.86000061035156,226.86000061035156,225.7949981689453,226.1999969482422,9772,0.0,0.0
2024-08-12 15:55:00-04:00,226.2899932861328,226.2899932861328,225.85000610351562,226.14999389648438,13840,0.0,0.0
2024-08-13 09:30:00-04:00,227.57000732421875,227.57000732421875,227.57000732421875,227.57000732421875,761,0.0,0.0
2024-08-13 09:40:00-04:00,226.85000610351562,226.85000610351562,226.85000610351562,226.85000610351562,656,0.0,0.0
2024-08-13 09:45:00-04:00,229.92999267578125,230.1199951171875,229.22000122070312,229.22000122070312,1415,0.0,0.0
2024-08-13 09:50:00-04:00,228.07000732421875,228.07000732421875,228.07000732421875,228.07000732421875,747,0.0,0.0
2024-08-13 10:00:00-04:00,227.8800048828125,227.95599365234375,227.5,227.5,7437,0.0,0.0
2024-08-13 10:05:00-04:00,227.5,227.88999938964844,227.5,227.61000061035156,7428,0.0,0.0
2024-08-13 10:10:00-04:00,227.5,227.9499969482422,227.5,227.9499969482422,3338,0.0,0.0
2024-08-13 10:15:00-04:00,227.5,227.85000610351562,227.5,227.85000610351562,7679,0.0,0.0
2024-08-13 10:20:00-04:00,227.5,227.51499938964844,227.22500610351562,227.22500610351562,6011,0.0,0.0
2024-08-13 10:25:00-04:00,227.4600067138672,227.4600067138672,227.4600067138672,227.4600067138672,951,0.0,0.0
2024-08-13 10:30:00-04:00,226.8300018310547,227.05499267578125,226.8300018310547,227.05499267578125,588,0.0,0.0
2024-08-13 10:35:00-04:00,226.93499755859375,226.93499755859375,226.93499755859375,226.93499755859375,1151,0.0,0.0
2024-08-13 10:40:00-04:00,226.85000610351562,226.85000610351562,226.85000610351562,226.85000610351562,1342,0.0,0.0
2024-08-13 10:50:00-04:00,227.9600067138672,228.02999877929688,227.9600067138672,228.02999877929688,684,0.0,0.0
2024-08-13 10:55:00-04:00,227.75,228.05999755859375,227.75,227.85000610351562,3343,0.0,0.0
2024-08-13 11:00:00-04:00,227.7449951171875,227.7449951171875,227.7449951171875,227.7449951171875,1544,0.0,0.0
2024-08-13 11:15:00-04:00,227.47000122070312,227.47000122070312,227.47000122070312,227.47000122070312,661,0.0,0.0
2024-08-13 11:20:00-04:00,227.4499969482422,227.4499969482422,227.4499969482422,227.4499969482422,1099,0.0,0.0
2024-08-13 11:25:00-04:00,227.7100067138672,228.33999633789062,227.4499969482422,228.33999633789062,3775,0.0,0.0
2024-08-13 11:30:00-04:00,228.0,228.02000427246094,227.71499633789062,228.02000427246094,1308,0.0,0.0
2024-08-13 11:35:00-04:00,228.30499267578125,228.6699981689453,228.30499267578125,228.5,3826,0.0,0.0
2024-08-13 12:00:00-04:00,229.0,229.0449981689453,229.0,229.0449981689453,844,0.0,0.0
2024-08-13 12:05:00-04:00,229.11000061035156,229.39999389648438,229.11000061035156,229.38999938964844,1058,0.0,0.0
2024-08-13 12:10:00-04:00,229.5449981689453,229.9250030517578,229.5449981689453,229.9250030517578,2066,0.0,0.0
2024-08-13 12:30:00-04:00,229.86000061035156,230.10000610351562,229.8300018310547,230.0749969482422,1613,0.0,0.0
2024-08-13 12:35:00-04:00,230.26499938964844,230.3000030517578,230.07000732421875,230.1699981689453,2440,0.0,0.0
2024-08-13 12:45:00-04:00,230.2899932861328,230.3000030517578,230.24000549316406,230.24000549316406,11044,0.0,0.0
2024-08-13 12:50:00-04:00,230.3000030517578,230.3000030517578,230.07000732421875,230.18499755859375,3871,0.0,0.0
2024-08-13 12:55:00-04:00,229.98500061035156,229.98500061035156,229.98500061035156,229.98500061035156,622,0.0,0.0
2024-08-13 13:00:00-04:00,229.89999389648438,229.89999389648438,229.89999389648438,229.89999389648438,459,0.0,0.0
2024-08-13 13:05:00-04:00,229.66000366210938,229.8800048828125,229.66000366210938,229.8800048828125,576,0.0,0.0
2024-08-13 13:15:00-04:00,229.7899932861328,229.7899932861328,229.61000061035156,229.61000061035156,527,0.0,0.0
2024-08-13 13:25:00-04:00,229.8699951171875,230.0,229.85000610351562,229.97000122070312,5207,0.0,0.0
2024-08-13 13:30:00-04:00,230.13999938964844,230.3000030517578,229.66000366210938,229.66000366210938,5139,0.0,0.0
2024-08-13 13:35:00-04:00,229.7899932861328,229.7899932861328,229.7899932861328,229.7899932861328,1009,0.0,0.0
2024-08-13 13:45:00-04:00,229.39999389648438,230.0800018310547,229.39999389648438,230.0,4272,0.0,0.0
2024-08-13 13:50:00-04:00,230.0,230.3000030517578,230.0,230.22999572753906,2561,0.0,0.0
2024-08-13 13:55:00-04:00,230.3000030517578,230.3000030517578,230.27999877929688,230.3000030517578,6660,0.0,0.0
2024-08-13 14:00:00-04:00,230.3000030517578,230.3000030517578,230.3000030517578,230.3000030517578,2257,0.0,0.0
2024-08-13 14:05:00-04:00,230.1699981689453,230.65499877929688,230.1699981689453,230.65499877929688,4520,0.0,0.0
2024-08-13 14:15:00-04:00,230.26499938964844,230.26499938964844,230.0,230.00999450683594,1344,0.0,0.0
2024-08-13 14:20:00-04:00,230.25999450683594,230.25999450683594,230.25999450683594,230.25999450683594,692,0.0,0.0
2024-08-13 14:35:00-04:00,230.49000549316406,230.50999450683594,230.49000549316406,230.50999450683594,902,0.0,0.0
2024-08-13 14:45:00-04:00,230.55999755859375,230.91000366210938,230.55999755859375,230.91000366210938,892,0.0,0.0
2024-08-13 14:50:00-04:00,230.72999572753906,230.72999572753906,230.72999572753906,230.72999572753906,651,0.0,0.0
2024-08-13 14:55:00-04:00,230.63999938964844,230.63999938964844,230.63999938964844,230.63999938964844,399,0.0,0.0
2024-08-13 15:00:00-04:00,230.74000549316406,231.22000122070312,230.69000244140625,231.22000122070312,7386,0.0,0.0
2024-08-13 15:15:00-04:00,230.985595703125,230.985595703125,230.9550018310547,230.9550018310547,1790,0.0,0.0
2024-08-13 15:20:00-04:00,231.32000732421875,231.5,231.32000732421875,231.40499877929688,813,0.0,0.0
2024-08-13 15:25:00-04:00,231.14999389648438,231.38999938964844,231.1199951171875,231.38999938964844,1797,0.0,0.0
2024-08-13 15:30:00-04:00,231.33999633789062,231.38999938964844,231.2550048828125,231.26499938964844,1974,0.0,0.0
2024-08-13 15:35:00-04:00,231.5,231.5,231.5,231.5,479,0.0,0.0
2024-08-13 15:40:00-04:00,231.39999389648438,231.6300048828125,231.34500122070312,231.6199951171875,2437,0.0,0.0
2024-08-13 15:45:00-04:00,231.5800018310547,232.14500427246094,231.5800018310547,232.09500122070312,3146,0.0,0.0
2024-08-13 15:50:00-04:00,232.13999938964844,232.6649932861328,231.6999969482422,232.0800018310547,12556,0.0,0.0
2024-08-13 15:55:00-04:00,232.0800018310547,232.9499969482422,231.7899932861328,232.4199981689453,44322,0.0,0.0
2024-08-14 09:30:00-04:00,234.30999755859375,234.30999755859375,234.30999755859375,234.30999755859375,739,0.0,0.0
2024-08-14 09:35:00-04:00,234.30999755859375,234.30999755859375,234.30999755859375,234.30999755859375,866,0.0,0.0
2024-08-14 09:50:00-04:00,233.43499755859375,233.43499755859375,233.43499755859375,233.43499755859375,453,0.0,0.0
2024-08-14 09:55:00-04:00,233.55999755859375,233.57000732421875,233.55999755859375,233.57000732421875,674,0.0,0.0
2024-08-14 10:00:00-04:00,234.07000732421875,234.6999969482422,232.72000122070312,234.6999969482422,3352,0.0,0.0
2024-08-14 10:05:00-04:00,234.02000427246094,234.02000427246094,232.92999267578125,232.92999267578125,1687,0.0,0.0
2024-08-14 10:10:00-04:00,232.96499633789062,232.96499633789062,232.73500061035156,232.73500061035156,363,0.0,0.0
2024-08-14 10:20:00-04:00,232.76499938964844,232.76499938964844,232.76499938964844,232.76499938964844,745,0.0,0.0
2024-08-14 10:30:00-04:00,233.4499969482422,233.4499969482422,232.72999572753906,232.72999572753906,734,0.0,0.0
2024-08-14 10:35:00-04:00,232.72000122070312,232.72000122070312,232.72000122070312,232.72000122070312,1890,0.0,0.0
2024-08-14 10:40:00-04:00,233.5399932861328,233.5399932861328,232.5500030517578,232.5500030517578,1829,0.0,0.0
2024-08-14 11:05:00-04:00,232.9499969482422,233.22999572753906,232.6649932861328,232.6649932861328,5223,0.0,0.0
2024-08-14 11:10:00-04:00,232.74000549316406,232.74000549316406,232.74000549316406,232.74000549316406,614,0.0,0.0
2024-08-14 11:15:00-04:00,232.22500610351562,232.84500122070312,232.22500610351562,232.42999267578125,3289,0.0,0.0
2024-08-14 11:20:00-04:00,232.6300048828125,232.6300048828125,232.6300048828125,232.6300048828125,726,0.0,0.0
2024-08-14 11:30:00-04:00,232.61000061035156,232.6199951171875,232.5800018310547,232.6199951171875,1227,0.0,0.0
2024-08-14 11:45:00-04:00,232.69500732421875,232.6999969482422,232.3000030517578,232.3000030517578,5798,0.0,0.0
2024-08-14 11:50:00-04:00,231.75,232.4600067138672,231.75,232.23500061035156,1359,0.0,0.0
2024-08-14 12:00:00-04:00,232.0,232.0,231.86000061035156,231.86000061035156,1886,0.0,0.0
2024-08-14 12:10:00-04:00,231.46499633789062,231.69000244140625,231.22000122070312,231.22000122070312,1270,0.0,0.0
2024-08-14 12:15:00-04:00,231.3249969482422,231.49000549316406,231.0399932861328,231.38499450683594,3217,0.0,0.0
2024-08-14 12:20:00-04:00,230.22000122070312,230.4199981689453,229.80999755859375,229.81500244140625,2909,0.0,0.0
2024-08-14 12:25:00-04:00,229.8300018310547,230.0500030517578,229.82000732421875,229.91000366210938,1541,0.0,0.0
2024-08-14 12:30:00-04:00,230.47999572753906,230.47999572753906,230.47999572753906,230.47999572753906,390,0.0,0.0
2024-08-14 12:35:00-04:00,229.74000549316406,230.49000549316406,229.74000549316406,230.49000549316406,459,0.0,0.0
2024-08-14 12:40:00-04:00,229.96470642089844,230.0,229.7100067138672,229.7100067138672,1408,0.0,0.0
2024-08-14 12:45:00-04:00,229.8000030517578,229.8000030517578,229.8000030517578,229.8000030517578,563,0.0,0.0
2024-08-14 12:50:00-04:00,230.13999938964844,230.57000732421875,230.125,230.57000732421875,1101,0.0,0.0
2024-08-14 13:05:00-04:00,230.97000122070312,230.97000122070312,230.97000122070312,230.97000122070312,563,0.0,0.0
2024-08-14 13:25:00-04:00,230.91000366210938,230.91000366210938,230.91000366210938,230.91000366210938,1466,0.0,0.0
2024-08-14 13:35:00-04:00,231.0,231.0,230.72000122070312,230.72000122070312,1625,0.0,0.0
2024-08-14 13:40:00-04:00,230.82000732421875,230.82000732421875,230.82000732421875,230.82000732421875,448,0.0,0.0
2024-08-14 13:45:00-04:00,230.89500427246094,230.89500427246094,230.6300048828125,230.6300048828125,3325,0.0,0.0
2024-08-14 14:00:00-04:00,231.13499450683594,231.22500610351562,231.13499450683594,231.22500610351562,927,0.0,0.0
2024-08-14 14:20:00-04:00,231.49000549316406,231.5,231.49000549316406,231.5,791,0.0,0.0
2024-08-14 14:25:00-04:00,231.77999877929688,232.02999877929688,231.22500610351562,232.0,7343,0.0,0.0
2024-08-14 14:30:00-04:00,232.0,232.16000366210938,232.0,232.0500030517578,1200,0.0,0.0
2024-08-14 14:35:00-04:00,232.00999450683594,232.00999450683594,232.00999450683594,232.00999450683594,692,0.0,0.0
2024-08-14 14:40:00-04:00,232.2899932861328,232.2899932861328,232.2899932861328,232.2899932861328,177,0.0,0.0
2024-08-14 14:45:00-04:00,232.11000061035156,232.11000061035156,232.11000061035156,232.11000061035156,767,0.0,0.0
2024-08-14 14:55:00-04:00,232.1699981689453,232.30999755859375,232.12240600585938,232.30999755859375,1483,0.0,0.0
2024-08-14 15:00:00-04:00,232.42999267578125,232.6699981689453,232.39999389648438,232.5500030517578,3822,0.0,0.0
2024-08-14 15:05:00-04:00,232.5500030517578,232.5500030517578,232.5500030517578,232.5500030517578,680,0.0,0.0
2024-08-14 15:10:00-04:00,232.5399932861328,232.5399932861328,232.3300018310547,232.3300018310547,759,0.0,0.0
2024-08-14 15:15:00-04:00,231.82000732421875,231.82000732421875,231.77999877929688,231.77999877929688,868,0.0,0.0
2024-08-14 15:20:00-04:00,231.92999267578125,231.92999267578125,231.92999267578125,231.92999267578125,389,0.0,0.0
2024-08-14 15:25:00-04:00,231.75999450683594,231.75999450683594,231.75999450683594,231.75999450683594,597,0.0,0.0
2024-08-14 15:30:00-04:00,231.7899932861328,232.05999755859375,231.7899932861328,231.83999633789062,6859,0.0,0.0
2024-08-14 15:35:00-04:00,231.84500122070312,231.84500122070312,231.27999877929688,231.27999877929688,1121,0.0,0.0
2024-08-14 15:40:00-04:00,231.53500366210938,231.82000732421875,231.53500366210938,231.82000732421875,2244,0.0,0.0
2024-08-14 15:45:00-04:00,231.6199951171875,231.6199951171875,231.0800018310547,231.32000732421875,3952,0.0,0.0
2024-08-14 15:50:00-04:00,231.18499755859375,231.52000427246094,230.89999389648438,231.05999755859375,5639,0.0,0.0
2024-08-14 15:55:00-04:00,231.38999938964844,231.6199951171875,230.9600067138672,231.0800018310547,22278,0.0,0.0
2024-08-15 09:30:00-04:00,236.0,236.0,236.0,236.0,1283,0.0,0.0
2024-08-15 09:45:00-04:00,235.9199981689453,237.1999969482422,235.5,235.5,2683,0.0,0.0
2024-08-15 10:05:00-04:00,233.7100067138672,234.9199981689453,233.7100067138672,234.9199981689453,786,0.0,0.0
2024-08-15 10:10:00-04:00,234.07000732421875,234.48500061035156,233.88999938964844,234.48500061035156,691,0.0,0.0
2024-08-15 10:20:00-04:00,236.07000732421875,236.10000610351562,236.07000732421875,236.10000610351562,1412,0.0,0.0
2024-08-15 10:30:00-04:00,235.98599243164062,235.98599243164062,235.98599243164062,235.98599243164062,653,0.0,0.0
2024-08-15 10:40:00-04:00,235.39999389648438,235.39999389648438,235.39999389648438,235.39999389648438,634,0.0,0.0
2024-08-15 10:45:00-04:00,236.60000610351562,236.60000610351562,236.60000610351562,236.60000610351562,687,0.0,0.0
2024-08-15 10:50:00-04:00,236.11000061035156,236.1300048828125,236.11000061035156,236.1300048828125,773,0.0,0.0
2024-08-15 10:55:00-04:00,236.5800018310547,236.5800018310547,236.5800018310547,236.5800018310547,841,0.0,0.0
2024-08-15 11:05:00-04:00,237.5399932861328,237.5399932861328,237.5399932861328,237.5399932861328,519,0.0,0.0
2024-08-15 11:15:00-04:00,237.6999969482422,237.6999969482422,236.5,236.69500732421875,3370,0.0,0.0
2024-08-15 11:25:00-04:00,235.9001007080078,236.27499389648438,235.9001007080078,236.27499389648438,383,0.0,0.0
2024-08-15 11:30:00-04:00,235.8000030517578,235.8000030517578,235.8000030517578,235.8000030517578,1214,0.0,0.0
2024-08-15 11:50:00-04:00,236.4499969482422,236.4499969482422,236.4499969482422,236.4499969482422,930,0.0,0.0
2024-08-15 11:55:00-04:00,236.44500732421875,236.44500732421875,236.44500732421875,236.44500732421875,362,0.0,0.0
2024-08-15 12:00:00-04:00,236.69000244140625,236.69000244140625,235.6999969482422,235.6999969482422,2029,0.0,0.0
2024-08-15 12:10:00-04:00,236.4149932861328,236.4149932861328,236.4149932861328,236.4149932861328,336,0.0,0.0
2024-08-15 12:15:00-04:00,236.6999969482422,236.6999969482422,236.6999969482422,236.6999969482422,2314,0.0,0.0
2024-08-15 12:40:00-04:00,237.05999755859375,237.05999755859375,236.72999572753906,236.75,1480,0.0,0.0
2024-08-15 12:45:00-04:00,236.25999450683594,236.25999450683594,236.25,236.25,1062,0.0,0.0
2024-08-15 12:55:00-04:00,236.61000061035156,236.61000061035156,236.61000061035156,236.61000061035156,1118,0.0,0.0
2024-08-15 13:00:00-04:00,235.77000427246094,235.77000427246094,235.77000427246094,235.77000427246094,533,0.0,0.0
2024-08-15 13:10:00-04:00,237.25,237.25,237.25,237.25,1411,0.0,0.0
2024-08-15 13:20:00-04:00,237.1699981689453,237.25,237.1699981689453,237.25,1757,0.0,0.0
2024-08-15 13:40:00-04:00,237.34500122070312,237.34500122070312,237.34500122070312,237.34500122070312,296,0.0,0.0
2024-08-15 13:45:00-04:00,237.35499572753906,237.35499572753906,237.35499572753906,237.35499572753906,302,0.0,0.0
2024-08-15 13:50:00-04:00,237.00999450683594,237.02999877929688,236.5435028076172,236.5749969482422,2663,0.0,0.0
2024-08-15 14:00:00-04:00,236.4550018310547,236.4550018310547,236.4550018310547,236.4550018310547,619,0.0,0.0
2024-08-15 14:05:00-04:00,236.21499633789062,236.21499633789062,236.21499633789062,236.21499633789062,198,0.0,0.0
2024-08-15 14:10:00-04:00,236.13999938964844,236.13999938964844,235.89999389648438,235.89999389648438,907,0.0,0.0
2024-08-15 14:15:00-04:00,235.99000549316406,236.00999450683594,235.88499450683594,235.94000244140625,1915,0.0,0.0
2024-08-15 14:25:00-04:00,235.94000244140625,235.9499969482422,235.8000030517578,235.9499969482422,876,0.0,0.0
2024-08-15 14:30:00-04:00,235.9499969482422,235.9499969482422,235.52999877929688,235.56500244140625,3217,0.0,0.0
2024-08-15 14:35:00-04:00,235.57000732421875,236.11500549316406,235.57000732421875,235.97669982910156,2243,0.0,0.0
2024-08-15 14:40:00-04:00,236.14999389648438,236.17999267578125,236.05999755859375,236.17999267578125,1479,0.0,0.0
2024-08-15 14:45:00-04:00,236.14999389648438,236.1999969482422,236.0399932861328,236.1999969482422,1744,0.0,0.0
2024-08-15 14:50:00-04:00,235.77000427246094,235.85499572753906,235.77000427246094,235.85499572753906,999,0.0,0.0
2024-08-15 15:00:00-04:00,235.5800018310547,235.5800018310547,235.4503936767578,235.4503936767578,807,0.0,0.0
2024-08-15 15:05:00-04:00,235.2050018310547,235.2050018310547,235.2050018310547,235.2050018310547,359,0.0,0.0
2024-08-15 15:10:00-04:00,235.07000732421875,235.07000732421875,235.07000732421875,235.07000732421875,1070,0.0,0.0
2024-08-15 15:15:00-04:00,235.11000061035156,235.25,235.11000061035156,235.25,408,0.0,0.0
2024-08-15 15:20:00-04:00,235.57000732421875,235.57000732421875,235.57000732421875,235.57000732421875,1836,0.0,0.0
2024-08-15 15:30:00-04:00,235.47000122070312,236.3000030517578,235.47000122070312,236.3000030517578,1539,0.0,0.0
2024-08-15 15:35:00-04:00,235.8300018310547,236.52000427246094,235.8300018310547,236.31500244140625,3848,0.0,0.0
2024-08-15 15:40:00-04:00,236.72999572753906,236.72999572753906,236.1300048828125,236.1300048828125,1722,0.0,0.0
2024-08-15 15:45:00-04:00,236.10499572753906,236.10499572753906,235.80999755859375,235.8300018310547,2455,0.0,0.0
2024-08-15 15:50:00-04:00,236.14999389648438,236.1999969482422,235.8300018310547,236.1999969482422,6465,0.0,0.0
2024-08-15 15:55:00-04:00,236.24000549316406,236.52000427246094,235.49000549316406,236.10000610351562,20370,0.0,0.0
2024-08-16 09:30:00-04:00,235.38999938964844,235.38999938964844,235.38999938964844,235.38999938964844,628,0.0,0.0
2024-08-16 09:45:00-04:00,235.10499572753906,235.10499572753906,235.10499572753906,235.10499572753906,500,0.0,0.0
2024-08-16 09:55:00-04:00,234.0749969482422,234.0749969482422,234.0749969482422,234.0749969482422,390,0.0,0.0
2024-08-16 10:00:00-04:00,234.47500610351562,236.7100067138672,234.47500610351562,236.7100067138672,1927,0.0,0.0
2024-08-16 10:05:00-04:00,234.44000244140625,234.44000244140625,233.85000610351562,233.86000061035156,1435,0.0,0.0
2024-08-16 10:10:00-04:00,234.64500427246094,234.64500427246094,234.64500427246094,234.64500427246094,372,0.0,0.0
2024-08-16 10:30:00-04:00,234.55099487304688,234.55099487304688,234.55099487304688,234.55099487304688,682,0.0,0.0
2024-08-16 10:40:00-04:00,233.22000122070312,233.22000122070312,233.02000427246094,233.02000427246094,2044,0.0,0.0
2024-08-16 10:45:00-04:00,232.85499572753906,234.16000366210938,232.85499572753906,234.16000366210938,6697,0.0,0.0
2024-08-16 10:50:00-04:00,233.8000030517578,233.8000030517578,233.05999755859375,233.05999755859375,1475,0.0,0.0
2024-08-16 11:00:00-04:00,233.1199951171875,233.1199951171875,233.1199951171875,233.1199951171875,120,0.0,0.0
2024-08-16 11:05:00-04:00,233.1199951171875,234.0,233.1199951171875,233.98500061035156,10049,0.0,0.0
2024-08-16 11:15:00-04:00,234.03500366210938,234.6300048828125,234.03500366210938,234.6300048828125,762,0.0,0.0
2024-08-16 11:20:00-04:00,234.18499755859375,234.18499755859375,234.18499755859375,234.18499755859375,202,0.0,0.0
2024-08-16 11:25:00-04:00,234.61000061035156,234.61000061035156,234.09500122070312,234.09500122070312,786,0.0,0.0
2024-08-16 11:35:00-04:00,234.55499267578125,234.55499267578125,234.5500030517578,234.5500030517578,1073,0.0,0.0
2024-08-16 11:40:00-04:00,234.72000122070312,234.72000122070312,234.72000122070312,234.72000122070312,183,0.0,0.0
2024-08-16 11:45:00-04:00,235.14999389648438,235.14999389648438,234.7449951171875,234.7449951171875,1143,0.0,0.0
2024-08-16 12:00:00-04:00,234.76910400390625,235.72999572753906,234.76910400390625,235.72999572753906,1079,0.0,0.0
2024-08-16 12:05:00-04:00,235.38499450683594,235.38499450683594,235.38499450683594,235.38499450683594,398,0.0,0.0
2024-08-16 12:10:00-04:00,234.99429321289062,235.22500610351562,234.91000366210938,235.22500610351562,3451,0.0,0.0
2024-08-16 12:30:00-04:00,235.2899932861328,235.2899932861328,235.28500366210938,235.28500366210938,400,0.0,0.0
2024-08-16 12:35:00-04:00,235.47999572753906,235.47999572753906,235.28500366210938,235.28500366210938,236,0.0,0.0
2024-08-16 12:40:00-04:00,235.28500366210938,235.28500366210938,235.28500366210938,235.28500366210938,266,0.0,0.0
2024-08-16 12:45:00-04:00,235.47000122070312,235.47000122070312,235.2899932861328,235.2899932861328,644,0.0,0.0
2024-08-16 12:50:00-04:00,235.6199951171875,235.77499389648438,235.6199951171875,235.77499389648438,799,0.0,0.0
2024-08-16 13:00:00-04:00,236.35000610351562,236.35000610351562,235.9550018310547,236.14999389648438,1451,0.0,0.0
2024-08-16 13:10:00-04:00,236.22000122070312,236.22000122070312,236.22000122070312,236.22000122070312,418,0.0,0.0
2024-08-16 13:20:00-04:00,236.5,236.5,236.5,236.5,161,0.0,0.0
2024-08-16 13:25:00-04:00,236.35499572753906,236.35499572753906,235.86000061035156,235.86000061035156,3012,0.0,0.0
2024-08-16 13:30:00-04:00,236.13499450683594,236.13499450683594,236.13499450683594,236.13499450683594,1466,0.0,0.0
2024-08-16 13:40:00-04:00,236.53500366210938,236.53500366210938,236.53500366210938,236.53500366210938,289,0.0,0.0
2024-08-16 13:45:00-04:00,236.52000427246094,237.05499267578125,236.22999572753906,237.01499938964844,6007,0.0,0.0
2024-08-16 13:50:00-04:00,236.6999969482422,236.6999969482422,236.52999877929688,236.65499877929688,2963,0.0,0.0
2024-08-16 13:55:00-04:00,236.57000732421875,236.57000732421875,236.57000732421875,236.57000732421875,574,0.0,0.0
2024-08-16 14:05:00-04:00,236.3699951171875,236.40499877929688,235.6699981689453,236.1699981689453,13171,0.0,0.0
2024-08-16 14:10:00-04:00,236.00999450683594,236.54159545898438,236.00999450683594,236.38999938964844,9500,0.0,0.0
2024-08-16 14:15:00-04:00,236.5,236.83999633789062,236.47999572753906,236.83999633789062,9155,0.0,0.0
2024-08-16 14:20:00-04:00,237.10000610351562,237.10000610351562,236.64810180664062,236.88540649414062,13233,0.0,0.0
2024-08-16 14:25:00-04:00,236.8000030517578,236.97000122070312,236.6999969482422,236.97000122070312,2396,0.0,0.0
2024-08-16 14:30:00-04:00,236.8000030517578,236.89999389648438,236.8000030517578,236.89999389648438,852,0.0,0.0
2024-08-16 14:35:00-04:00,237.1833953857422,237.1999969482422,236.66769409179688,236.89500427246094,3764,0.0,0.0
2024-08-16 14:40:00-04:00,236.86000061035156,236.86000061035156,236.57000732421875,236.57000732421875,1214,0.0,0.0
2024-08-16 14:50:00-04:00,236.05499267578125,236.30999755859375,236.05499267578125,236.30999755859375,811,0.0,0.0
2024-08-16 14:55:00-04:00,236.5,236.67999267578125,236.4550018310547,236.4550018310547,975,0.0,0.0
2024-08-16 15:00:00-04:00,236.32000732421875,236.32000732421875,236.32000732421875,236.32000732421875,134,0.0,0.0
2024-08-16 15:05:00-04:00,236.32000732421875,236.32000732421875,236.32000732421875,236.32000732421875,562,0.0,0.0
2024-08-16 15:10:00-04:00,236.32000732421875,236.32000732421875,236.1649932861328,236.1649932861328,1738,0.0,0.0
2024-08-16 15:15:00-04:00,236.16000366210938,236.16000366210938,236.16000366210938,236.16000366210938,384,0.0,0.0
2024-08-16 15:20:00-04:00,236.30999755859375,236.69000244140625,236.30999755859375,236.69000244140625,3687,0.0,0.0
2024-08-16 15:30:00-04:00,236.3300018310547,236.3300018310547,236.2949981689453,236.2949981689453,1044,0.0,0.0
2024-08-16 15:35:00-04:00,236.5399932861328,236.86000061035156,236.5399932861328,236.86000061035156,2576,0.0,0.0
2024-08-16 15:40:00-04:00,236.9199981689453,236.9199981689453,236.63999938964844,236.63999938964844,8733,0.0,0.0
2024-08-16 15:45:00-04:00,236.41000366210938,236.60000610351562,236.0050048828125,236.0800018310547,5373,0.0,0.0
2024-08-16 15:50:00-04:00,235.91000366210938,235.91000366210938,234.9499969482422,235.1199951171875,8855,0.0,0.0
2024-08-16 15:55:00-04:00,235.4499969482422,237.22000122070312,235.4499969482422,236.7899932861328,45105,0.0,0.0
2024-08-19 09:30:00-04:00,237.25,239.16000366210938,237.25,239.16000366210938,1407,0.0,0.0
2024-08-19 09:45:00-04:00,238.05499267578125,238.05499267578125,238.05499267578125,238.05499267578125,300,0.0,0.0
2024-08-19 09:50:00-04:00,238.97000122070312,238.99000549316406,237.0800018310547,237.7899932861328,1757,0.0,0.0
2024-08-19 09:55:00-04:00,238.27999877929688,239.02000427246094,237.72000122070312,239.02000427246094,1262,0.0,0.0
2024-08-19 10:00:00-04:00,238.46499633789062,238.46499633789062,236.97999572753906,236.97999572753906,1728,0.0,0.0
2024-08-19 10:05:00-04:00,238.77000427246094,238.86000061035156,238.3350067138672,238.3350067138672,1158,0.0,0.0
2024-08-19 10:10:00-04:00,239.08999633789062,239.08999633789062,239.08999633789062,239.08999633789062,200,0.0,0.0
2024-08-19 10:15:00-04:00,238.47999572753906,239.0500030517578,237.8699951171875,238.25999450683594,4609,0.0,0.0
2024-08-19 10:20:00-04:00,237.9550018310547,238.0749969482422,237.58999633789062,238.0749969482422,1348,0.0,0.0
2024-08-19 10:25:00-04:00,238.0800018310547,238.39999389648438,238.0800018310547,238.14500427246094,625,0.0,0.0
2024-08-19 10:30:00-04:00,238.19500732421875,238.44500732421875,238.19500732421875,238.44500732421875,577,0.0,0.0
2024-08-19 10:35:00-04:00,238.41000366210938,238.41000366210938,238.2324981689453,238.2324981689453,1078,0.0,0.0
2024-08-19 10:45:00-04:00,238.47500610351562,238.47500610351562,237.97999572753906,237.97999572753906,2305,0.0,0.0
2024-08-19 10:50:00-04:00,237.59500122070312,237.8699951171875,237.59500122070312,237.8699951171875,1323,0.0,0.0
2024-08-19 11:10:00-04:00,237.96499633789062,238.6199951171875,237.96499633789062,238.6199951171875,778,0.0,0.0
2024-08-19 11:15:00-04:00,237.79490661621094,237.79490661621094,237.79490661621094,237.79490661621094,1585,0.0,0.0
2024-08-19 11:20:00-04:00,238.4149932861328,238.4149932861328,238.4149932861328,238.4149932861328,121,0.0,0.0
2024-08-19 11:25:00-04:00,238.8000030517578,238.8000030517578,238.8000030517578,238.8000030517578,578,0.0,0.0
2024-08-19 11:35:00-04:00,238.27999877929688,238.27999877929688,238.27999877929688,238.27999877929688,964,0.0,0.0
2024-08-19 11:45:00-04:00,238.19000244140625,238.19000244140625,238.19000244140625,238.19000244140625,2370,0.0,0.0
2024-08-19 11:55:00-04:00,238.40499877929688,238.40499877929688,238.1999969482422,238.1999969482422,1614,0.0,0.0
2024-08-19 12:00:00-04:00,238.25999450683594,238.33999633789062,238.25999450683594,238.33999633789062,548,0.0,0.0
2024-08-19 12:05:00-04:00,238.39999389648438,238.39999389648438,238.39999389648438,238.39999389648438,668,0.0,0.0
2024-08-19 12:20:00-04:00,238.72999572753906,238.72999572753906,238.72999572753906,238.72999572753906,1025,0.0,0.0
2024-08-19 12:35:00-04:00,238.61000061035156,238.61000061035156,238.61000061035156,238.61000061035156,210,0.0,0.0
2024-08-19 12:40:00-04:00,238.44000244140625,238.47000122070312,237.41000366210938,237.41000366210938,3724,0.0,0.0
2024-08-19 12:50:00-04:00,237.8800048828125,237.8800048828125,237.8800048828125,237.8800048828125,367,0.0,0.0
2024-08-19 12:55:00-04:00,237.7050018310547,237.7100067138672,237.07000732421875,237.52999877929688,2016,0.0,0.0
2024-08-19 13:05:00-04:00,237.82000732421875,237.82000732421875,237.82000732421875,237.82000732421875,223,0.0,0.0
2024-08-19 13:10:00-04:00,237.8000030517578,238.1300048828125,237.8000030517578,238.03370666503906,2085,0.0,0.0
2024-08-19 13:20:00-04:00,238.14999389648438,238.14999389648438,238.14999389648438,238.14999389648438,3567,0.0,0.0
2024-08-19 13:55:00-04:00,238.82000732421875,238.82000732421875,238.82000732421875,238.82000732421875,692,0.0,0.0
2024-08-19 14:05:00-04:00,238.83999633789062,238.83999633789062,238.83999633789062,238.83999633789062,589,0.0,0.0
2024-08-19 14:10:00-04:00,238.8000030517578,238.8000030517578,238.8000030517578,238.8000030517578,623,0.0,0.0
2024-08-19 14:15:00-04:00,238.80999755859375,238.9665069580078,238.80999755859375,238.88999938964844,1329,0.0,0.0
2024-08-19 14:20:00-04:00,239.1199951171875,239.1199951171875,239.1199951171875,239.1199951171875,400,0.0,0.0
2024-08-19 14:25:00-04:00,239.06500244140625,239.25,239.06500244140625,239.25,1165,0.0,0.0
2024-08-19 14:35:00-04:00,239.02499389648438,239.375,239.02499389648438,239.375,1744,0.0,0.0
2024-08-19 14:40:00-04:00,239.22999572753906,239.60499572753906,239.22999572753906,239.52499389648438,1214,0.0,0.0
2024-08-19 14:50:00-04:00,239.38999938964844,239.38999938964844,239.38999938964844,239.38999938964844,637,0.0,0.0
2024-08-19 14:55:00-04:00,239.42999267578125,239.42999267578125,239.41000366210938,239.41000366210938,2012,0.0,0.0
2024-08-19 15:00:00-04:00,239.39999389648438,239.52499389648438,239.39999389648438,239.52499389648438,1542,0.0,0.0
2024-08-19 15:05:00-04:00,239.40499877929688,239.40499877929688,239.3800048828125,239.3800048828125,1373,0.0,0.0
2024-08-19 15:10:00-04:00,239.4550018310547,239.4550018310547,239.4550018310547,239.4550018310547,813,0.0,0.0
2024-08-19 15:20:00-04:00,239.4499969482422,239.4499969482422,239.4499969482422,239.4499969482422,408,0.0,0.0
2024-08-19 15:25:00-04:00,239.4499969482422,239.5800018310547,239.4499969482422,239.5800018310547,1527,0.0,0.0
2024-08-19 15:30:00-04:00,239.24000549316406,239.5500030517578,239.24000549316406,239.4499969482422,4766,0.0,0.0
2024-08-19 15:40:00-04:00,239.35499572753906,239.44000244140625,239.35499572753906,239.43499755859375,1395,0.0,0.0
2024-08-19 15:45:00-04:00,239.47000122070312,239.5399932861328,239.27999877929688,239.33749389648438,4484,0.0,0.0
2024-08-19 15:50:00-04:00,239.42999267578125,239.89999389648438,239.39999389648438,239.85000610351562,21461,0.0,0.0
2024-08-19 15:55:00-04:00,239.85350036621094,240.0500030517578,239.78500366210938,240.0,29665,0.0,0.0
2024-08-20 09:30:00-04:00,240.22999572753906,240.22999572753906,239.35000610351562,239.35000610351562,1940,0.0,0.0
2024-08-20 09:40:00-04:00,239.02000427246094,239.02000427246094,239.02000427246094,239.02000427246094,108,0.0,0.0
2024-08-20 09:45:00-04:00,240.51499938964844,240.51499938964844,240.2100067138672,240.22999572753906,3798,0.0,0.0
2024-08-20 09:50:00-04:00,240.16000366210938,240.47999572753906,240.16000366210938,240.47999572753906,1339,0.0,0.0
2024-08-20 10:00:00-04:00,240.72999572753906,240.72999572753906,240.72999572753906,240.72999572753906,524,0.0,0.0
2024-08-20 10:05:00-04:00,240.55999755859375,240.55999755859375,240.55999755859375,240.55999755859375,190,0.0,0.0
2024-08-20 10:10:00-04:00,240.4499969482422,240.4499969482422,240.4499969482422,240.4499969482422,275,0.0,0.0
2024-08-20 10:15:00-04:00,240.00999450683594,240.00999450683594,240.00999450683594,240.00999450683594,687,0.0,0.0
2024-08-20 10:20:00-04:00,239.92999267578125,239.92999267578125,239.91000366210938,239.91000366210938,3481,0.0,0.0
2024-08-20 10:45:00-04:00,239.89999389648438,239.89999389648438,239.52999877929688,239.52999877929688,581,0.0,0.0
2024-08-20 10:50:00-04:00,239.6300048828125,240.1999969482422,238.97000122070312,239.27999877929688,29779,0.0,0.0
2024-08-20 11:00:00-04:00,239.19000244140625,239.19000244140625,239.19000244140625,239.19000244140625,2057,0.0,0.0
2024-08-20 11:05:00-04:00,238.63999938964844,238.63999938964844,238.63999938964844,238.63999938964844,1921,0.0,0.0
2024-08-20 11:10:00-04:00,238.5500030517578,238.69000244140625,238.5500030517578,238.69000244140625,3197,0.0,0.0
2024-08-20 11:15:00-04:00,238.28799438476562,238.28799438476562,238.28799438476562,238.28799438476562,1775,0.0,0.0
2024-08-20 11:20:00-04:00,238.96499633789062,239.16000366210938,238.96499633789062,239.16000366210938,953,0.0,0.0
2024-08-20 11:25:00-04:00,238.67999267578125,238.67999267578125,238.67999267578125,238.67999267578125,330,0.0,0.0
2024-08-20 11:30:00-04:00,238.1750030517578,238.1750030517578,238.1750030517578,238.1750030517578,527,0.0,0.0
2024-08-20 11:40:00-04:00,238.69000244140625,238.69000244140625,238.69000244140625,238.69000244140625,674,0.0,0.0
2024-08-20 11:45:00-04:00,238.1750030517578,238.3800048828125,238.1750030517578,238.3800048828125,506,0.0,0.0
2024-08-20 11:50:00-04:00,238.32000732421875,238.69500732421875,238.30999755859375,238.69500732421875,3961,0.0,0.0
2024-08-20 12:05:00-04:00,239.0,239.0,239.0,239.0,900,0.0,0.0
2024-08-20 12:15:00-04:00,238.61000061035156,238.61000061035156,238.61000061035156,238.61000061035156,424,0.0,0.0
2024-08-20 12:25:00-04:00,238.3300018310547,238.90499877929688,238.3300018310547,238.63999938964844,1988,0.0,0.0
2024-08-20 12:30:00-04:00,238.7899932861328,239.0050048828125,238.7899932861328,239.0050048828125,531,0.0,0.0
2024-08-20 12:35:00-04:00,238.75,239.1199951171875,238.75,239.1199951171875,2873,0.0,0.0
2024-08-20 12:50:00-04:00,239.05499267578125,239.36000061035156,238.9550018310547,239.36000061035156,2195,0.0,0.0
2024-08-20 12:55:00-04:00,239.09500122070312,239.09500122070312,239.09500122070312,239.09500122070312,678,0.0,0.0
2024-08-20 13:00:00-04:00,238.56500244140625,238.56500244140625,238.56500244140625,238.56500244140625,654,0.0,0.0
2024-08-20 13:20:00-04:00,238.44500732421875,238.44500732421875,238.44500732421875,238.44500732421875,1231,0.0,0.0
2024-08-20 13:45:00-04:00,238.6999969482422,238.6999969482422,238.3800048828125,238.42999267578125,3691,0.0,0.0
2024-08-20 13:55:00-04:00,238.02999877929688,238.02999877929688,238.02999877929688,238.02999877929688,484,0.0,0.0
2024-08-20 14:00:00-04:00,238.58999633789062,238.72999572753906,238.58999633789062,238.6999969482422,1792,0.0,0.0
2024-08-20 14:05:00-04:00,238.60499572753906,239.0399932861328,238.60499572753906,238.75,9902,0.0,0.0
2024-08-20 14:15:00-04:00,239.2550048828125,239.2550048828125,239.2550048828125,239.2550048828125,452,0.0,0.0
2024-08-20 14:20:00-04:00,239.28500366210938,239.28500366210938,239.25999450683594,239.25999450683594,782,0.0,0.0
2024-08-20 14:25:00-04:00,239.2550048828125,239.2550048828125,239.02000427246094,239.0749969482422,2296,0.0,0.0
2024-08-20 14:35:00-04:00,238.48500061035156,238.83999633789062,238.46499633789062,238.5449981689453,2588,0.0,0.0
2024-08-20 14:40:00-04:00,238.80999755859375,238.8800048828125,238.64500427246094,238.64500427246094,1697,0.0,0.0
2024-08-20 14:45:00-04:00,238.61000061035156,238.8699951171875,238.61000061035156,238.8699951171875,2769,0.0,0.0
2024-08-20 14:50:00-04:00,238.9499969482422,238.9499969482422,238.9499969482422,238.9499969482422,2000,0.0,0.0
2024-08-20 15:10:00-04:00,239.1649932861328,239.1649932861328,239.1649932861328,239.1649932861328,528,0.0,0.0
2024-08-20 15:15:00-04:00,239.25599670410156,239.49000549316406,239.25599670410156,239.49000549316406,2165,0.0,0.0
2024-08-20 15:25:00-04:00,239.13999938964844,239.13999938964844,239.1300048828125,239.1300048828125,957,0.0,0.0
2024-08-20 15:30:00-04:00,239.10000610351562,239.25,239.10000610351562,239.25,2040,0.0,0.0
2024-08-20 15:35:00-04:00,239.42999267578125,239.42999267578125,239.20799255371094,239.20799255371094,1617,0.0,0.0
2024-08-20 15:40:00-04:00,239.30999755859375,239.30999755859375,239.1300048828125,239.27999877929688,1880,0.0,0.0
2024-08-20 15:45:00-04:00,239.22999572753906,239.4250030517578,239.22999572753906,239.4250030517578,1699,0.0,0.0
2024-08-20 15:50:00-04:00,239.72500610351562,239.73500061035156,238.8800048828125,238.8800048828125,5631,0.0,0.0
2024-08-20 15:55:00-04:00,239.0500030517578,239.67999267578125,239.0,239.66000366210938,12298,0.0,0.0
2024-08-21 09:30:00-04:00,239.61000061035156,240.02999877929688,239.61000061035156,240.02999877929688,1080,0.0,0.0
2024-08-21 09:35:00-04:00,240.26499938964844,241.60499572753906,239.91000366210938,241.60499572753906,1548,0.0,0.0
2024-08-21 09:40:00-04:00,239.8800048828125,239.8800048828125,239.8800048828125,239.8800048828125,694,0.0,0.0
2024-08-21 09:50:00-04:00,240.4499969482422,241.00999450683594,240.33999633789062,241.00999450683594,879,0.0,0.0
2024-08-21 09:55:00-04:00,241.0449981689453,241.0449981689453,240.0399932861328,240.53500366210938,2148,0.0,0.0
2024-08-21 10:00:00-04:00,240.64500427246094,240.64500427246094,240.64500427246094,240.64500427246094,838,0.0,0.0
2024-08-21 10:10:00-04:00,240.97000122070312,241.0800018310547,240.97000122070312,240.97999572753906,2533,0.0,0.0
2024-08-21 10:15:00-04:00,241.39999389648438,241.44500732421875,241.39999389648438,241.44500732421875,530,0.0,0.0
2024-08-21 10:20:00-04:00,241.4550018310547,241.4550018310547,241.4550018310547,241.4550018310547,230,0.0,0.0
2024-08-21 10:25:00-04:00,242.13999938964844,242.13999938964844,242.13999938964844,242.13999938964844,770,0.0,0.0
2024-08-21 10:30:00-04:00,241.3800048828125,242.14999389648438,241.3800048828125,242.14999389648438,818,0.0,0.0
2024-08-21 10:35:00-04:00,241.97000122070312,242.50999450683594,241.97000122070312,242.50999450683594,1419,0.0,0.0
2024-08-21 10:40:00-04:00,242.9499969482422,242.9499969482422,242.9499969482422,242.9499969482422,694,0.0,0.0
2024-08-21 10:45:00-04:00,242.64999389648438,242.64999389648438,242.64999389648438,242.64999389648438,319,0.0,0.0
2024-08-21 10:50:00-04:00,241.99000549316406,241.99000549316406,241.99000549316406,241.99000549316406,641,0.0,0.0
2024-08-21 10:55:00-04:00,241.81500244140625,241.81500244140625,241.81500244140625,241.81500244140625,651,0.0,0.0
2024-08-21 11:10:00-04:00,241.24000549316406,242.47500610351562,241.24000549316406,242.0,7772,0.0,0.0
2024-08-21 11:15:00-04:00,242.33999633789062,242.41000366210938,242.33999633789062,242.41000366210938,1753,0.0,0.0
2024-08-21 11:30:00-04:00,242.3350067138672,242.3350067138672,242.3350067138672,242.3350067138672,612,0.0,0.0
2024-08-21 11:40:00-04:00,242.22000122070312,242.2899932861328,242.13999938964844,242.14999389648438,1321,0.0,0.0
2024-08-21 11:45:00-04:00,242.02999877929688,242.22000122070312,242.02999877929688,242.22000122070312,2347,0.0,0.0
2024-08-21 12:00:00-04:00,241.96499633789062,241.96499633789062,241.96499633789062,241.96499633789062,109,0.0,0.0
2024-08-21 12:05:00-04:00,241.875,242.2100067138672,241.875,242.2100067138672,2670,0.0,0.0
2024-08-21 12:15:00-04:00,242.33999633789062,242.86500549316406,242.33999633789062,242.86500549316406,1218,0.0,0.0
2024-08-21 12:20:00-04:00,242.86500549316406,242.86500549316406,242.86500549316406,242.86500549316406,626,0.0,0.0
2024-08-21 12:30:00-04:00,242.68499755859375,242.69000244140625,242.68499755859375,242.69000244140625,738,0.0,0.0
2024-08-21 12:40:00-04:00,242.85000610351562,243.2239990234375,242.85000610351562,243.1999969482422,3070,0.0,0.0
2024-08-21 12:55:00-04:00,243.34500122070312,243.34500122070312,243.34500122070312,243.34500122070312,1604,0.0,0.0
2024-08-21 13:10:00-04:00,243.35000610351562,243.35000610351562,243.35000610351562,243.35000610351562,294,0.0,0.0
2024-08-21 13:15:00-04:00,243.44000244140625,243.4499969482422,243.44000244140625,243.4499969482422,905,0.0,0.0
2024-08-21 13:20:00-04:00,243.49000549316406,243.49000549316406,243.49000549316406,243.49000549316406,879,0.0,0.0
2024-08-21 13:30:00-04:00,243.6699981689453,243.80499267578125,243.6699981689453,243.80499267578125,1433,0.0,0.0
2024-08-21 13:40:00-04:00,243.68499755859375,243.68499755859375,243.68499755859375,243.68499755859375,949,0.0,0.0
2024-08-21 13:45:00-04:00,243.5050048828125,243.58999633789062,243.5050048828125,243.58999633789062,504,0.0,0.0
2024-08-21 13:50:00-04:00,243.7899932861328,243.7899932861328,243.7899932861328,243.7899932861328,1648,0.0,0.0
2024-08-21 14:00:00-04:00,243.7550048828125,243.9600067138672,243.7550048828125,243.9600067138672,920,0.0,0.0
2024-08-21 14:05:00-04:00,243.88999938964844,243.88999938964844,243.34500122070312,243.34500122070312,1298,0.0,0.0
2024-08-21 14:15:00-04:00,243.33999633789062,243.33999633789062,243.33999633789062,243.33999633789062,1074,0.0,0.0
2024-08-21 14:20:00-04:00,243.77999877929688,243.77999877929688,243.77999877929688,243.77999877929688,529,0.0,0.0
2024-08-21 14:25:00-04:00,243.52999877929688,243.52999877929688,243.52999877929688,243.52999877929688,584,0.0,0.0
2024-08-21 14:30:00-04:00,244.125,244.125,244.125,244.125,676,0.0,0.0
2024-08-21 14:35:00-04:00,243.66000366210938,243.66000366210938,243.1300048828125,243.1300048828125,2392,0.0,0.0
2024-08-21 14:50:00-04:00,243.05999755859375,243.05999755859375,243.05999755859375,243.05999755859375,507,0.0,0.0
2024-08-21 14:55:00-04:00,242.64999389648438,242.9550018310547,242.64999389648438,242.8350067138672,5677,0.0,0.0
2024-08-21 15:00:00-04:00,242.97000122070312,242.97000122070312,242.65499877929688,242.65499877929688,1674,0.0,0.0
2024-08-21 15:05:00-04:00,242.4600067138672,242.4600067138672,242.4600067138672,242.4600067138672,240,0.0,0.0
2024-08-21 15:10:00-04:00,242.60000610351562,242.60000610351562,242.52999877929688,242.52999877929688,1418,0.0,0.0
2024-08-21 15:20:00-04:00,242.25999450683594,242.33999633789062,242.17999267578125,242.33999633789062,1238,0.0,0.0
2024-08-21 15:25:00-04:00,242.38999938964844,242.52999877929688,242.27999877929688,242.52999877929688,3487,0.0,0.0
2024-08-21 15:35:00-04:00,242.8249969482422,242.8249969482422,242.8249969482422,242.8249969482422,1968,0.0,0.0
2024-08-21 15:40:00-04:00,242.82000732421875,242.82000732421875,242.5500030517578,242.58999633789062,1361,0.0,0.0
2024-08-21 15:45:00-04:00,242.52499389648438,242.52999877929688,242.52499389648438,242.52999877929688,1344,0.0,0.0
2024-08-21 15:50:00-04:00,242.69000244140625,242.75,242.4499969482422,242.75,5843,0.0,0.0
2024-08-21 15:55:00-04:00,242.9499969482422,243.52499389648438,242.85000610351562,243.32000732421875,14196,0.0,0.0
2024-08-22 09:30:00-04:00,243.44000244140625,243.44000244140625,240.3350067138672,240.3350067138672,2363,0.0,0.0
2024-08-22 09:45:00-04:00,241.92999267578125,241.92999267578125,241.80999755859375,241.80999755859375,1222,0.0,0.0
2024-08-22 09:50:00-04:00,240.5,241.0500030517578,240.5,241.0500030517578,581,0.0,0.0
2024-08-22 09:55:00-04:00,241.51499938964844,242.60000610351562,241.51499938964844,242.60000610351562,973,0.0,0.0
2024-08-22 10:00:00-04:00,242.03970336914062,243.4149932861328,242.03970336914062,242.16000366210938,704,0.0,0.0
2024-08-22 10:05:00-04:00,243.3800048828125,243.3800048828125,243.27999877929688,243.27999877929688,400,0.0,0.0
2024-08-22 10:10:00-04:00,241.33999633789062,242.5500030517578,241.33999633789062,242.1999969482422,755,0.0,0.0
2024-08-22 10:15:00-04:00,242.89999389648438,242.89999389648438,242.77999877929688,242.77999877929688,818,0.0,0.0
2024-08-22 10:20:00-04:00,242.97000122070312,242.97000122070312,242.61500549316406,242.61500549316406,593,0.0,0.0
2024-08-22 10:25:00-04:00,243.22999572753906,243.50999450683594,243.22999572753906,243.33999633789062,692,0.0,0.0
2024-08-22 10:30:00-04:00,242.7899932861328,242.89999389648438,242.7899932861328,242.89999389648438,499,0.0,0.0
2024-08-22 10:35:00-04:00,242.4320068359375,242.75,242.17999267578125,242.4149932861328,2178,0.0,0.0
2024-08-22 10:40:00-04:00,242.8000030517578,242.8000030517578,242.8000030517578,242.8000030517578,320,0.0,0.0
2024-08-22 10:45:00-04:00,242.41000366210938,242.41000366210938,242.41000366210938,242.41000366210938,1038,0.0,0.0
2024-08-22 10:55:00-04:00,242.61000061035156,242.61000061035156,242.61000061035156,242.61000061035156,1287,0.0,0.0
2024-08-22 11:00:00-04:00,242.99000549316406,242.99000549316406,242.99000549316406,242.99000549316406,1093,0.0,0.0
2024-08-22 11:05:00-04:00,243.00999450683594,243.02000427246094,243.00999450683594,243.02000427246094,1113,0.0,0.0
2024-08-22 11:15:00-04:00,243.49000549316406,243.49000549316406,243.49000549316406,243.49000549316406,100,0.0,0.0
2024-08-22 11:20:00-04:00,243.05999755859375,243.1199951171875,242.8249969482422,242.8249969482422,6273,0.0,0.0
2024-08-22 11:25:00-04:00,242.47999572753906,242.47999572753906,241.83999633789062,242.02999877929688,4017,0.0,0.0
2024-08-22 11:35:00-04:00,242.63999938964844,243.22999572753906,242.22500610351562,242.22500610351562,5148,0.0,0.0
2024-08-22 11:45:00-04:00,242.0449981689453,242.0449981689453,242.0449981689453,242.0449981689453,339,0.0,0.0
2024-08-22 11:50:00-04:00,242.0449981689453,242.0449981689453,241.61000061035156,241.61000061035156,949,0.0,0.0
2024-08-22 11:55:00-04:00,241.98500061035156,241.98500061035156,241.98500061035156,241.98500061035156,341,0.0,0.0
2024-08-22 12:00:00-04:00,242.1750030517578,242.1750030517578,241.89500427246094,241.89500427246094,736,0.0,0.0
2024-08-22 12:05:00-04:00,242.6300048828125,243.3000030517578,242.6300048828125,243.3000030517578,1095,0.0,0.0
2024-08-22 12:10:00-04:00,243.14999389648438,243.64500427246094,243.14999389648438,243.39500427246094,1295,0.0,0.0
2024-08-22 12:15:00-04:00,243.0,243.0,243.0,243.0,6115,0.0,0.0
2024-08-22 12:20:00-04:00,243.10499572753906,243.52000427246094,243.10499572753906,243.52000427246094,1108,0.0,0.0
2024-08-22 12:25:00-04:00,243.4250030517578,244.18499755859375,243.4250030517578,244.18499755859375,1303,0.0,0.0
2024-08-22 12:30:00-04:00,244.0,244.22999572753906,244.0,244.22999572753906,3846,0.0,0.0
2024-08-22 12:40:00-04:00,243.86000061035156,244.17999267578125,243.8249969482422,243.8249969482422,1015,0.0,0.0
2024-08-22 12:45:00-04:00,243.44000244140625,243.44000244140625,243.0,243.0,2752,0.0,0.0
2024-08-22 12:50:00-04:00,242.83999633789062,242.83999633789062,242.74000549316406,242.74000549316406,730,0.0,0.0
2024-08-22 13:05:00-04:00,242.6199951171875,242.6199951171875,242.6199951171875,242.6199951171875,390,0.0,0.0
2024-08-22 13:10:00-04:00,242.64500427246094,243.30999755859375,242.64500427246094,243.30999755859375,520,0.0,0.0
2024-08-22 13:15:00-04:00,242.9199981689453,243.1300048828125,242.9199981689453,243.1300048828125,531,0.0,0.0
2024-08-22 13:20:00-04:00,242.72000122070312,243.52999877929688,242.72000122070312,243.52999877929688,4636,0.0,0.0
2024-08-22 13:25:00-04:00,243.02999877929688,243.0500030517578,242.51499938964844,242.51499938964844,3370,0.0,0.0
2024-08-22 13:30:00-04:00,242.3300018310547,242.33999633789062,241.97500610351562,242.10000610351562,3186,0.0,0.0
2024-08-22 13:40:00-04:00,242.25,242.25,242.22000122070312,242.22000122070312,807,0.0,0.0
2024-08-22 13:45:00-04:00,242.02000427246094,242.02000427246094,241.97999572753906,241.97999572753906,874,0.0,0.0
2024-08-22 13:50:00-04:00,242.39999389648438,242.39999389648438,242.22500610351562,242.22500610351562,2095,0.0,0.0
2024-08-22 13:55:00-04:00,241.8800048828125,241.8800048828125,241.8800048828125,241.8800048828125,386,0.0,0.0
2024-08-22 14:00:00-04:00,242.35000610351562,242.35000610351562,242.35000610351562,242.35000610351562,996,0.0,0.0
2024-08-22 14:10:00-04:00,242.36500549316406,242.36500549316406,242.36500549316406,242.36500549316406,781,0.0,0.0
2024-08-22 14:15:00-04:00,243.0500030517578,243.0500030517578,243.0500030517578,243.0500030517578,824,0.0,0.0
2024-08-22 14:25:00-04:00,242.7899932861328,242.7899932861328,242.77999877929688,242.77999877929688,2448,0.0,0.0
2024-08-22 14:40:00-04:00,242.8668975830078,242.8668975830078,242.8668975830078,242.8668975830078,621,0.0,0.0
2024-08-22 14:45:00-04:00,243.44000244140625,243.77000427246094,243.44000244140625,243.77000427246094,795,0.0,0.0
2024-08-22 14:50:00-04:00,243.17999267578125,243.17999267578125,242.99000549316406,242.99000549316406,1793,0.0,0.0
2024-08-22 14:55:00-04:00,242.94000244140625,242.94000244140625,242.94000244140625,242.94000244140625,739,0.0,0.0
2024-08-22 15:00:00-04:00,243.17999267578125,243.52999877929688,243.17999267578125,243.52999877929688,1533,0.0,0.0
2024-08-22 15:10:00-04:00,243.5749969482422,243.5749969482422,243.5749969482422,243.5749969482422,805,0.0,0.0
2024-08-22 15:15:00-04:00,243.49000549316406,243.8000030517578,243.49000549316406,243.8000030517578,1632,0.0,0.0
2024-08-22 15:20:00-04:00,243.3800048828125,243.3800048828125,243.02000427246094,243.02999877929688,2268,0.0,0.0
2024-08-22 15:25:00-04:00,242.85000610351562,243.0,242.85000610351562,243.0,1657,0.0,0.0
2024-08-22 15:30:00-04:00,243.0500030517578,243.0500030517578,243.0500030517578,243.0500030517578,249,0.0,0.0
2024-08-22 15:35:00-04:00,243.0500030517578,243.0500030517578,243.0500030517578,243.0500030517578,1113,0.0,0.0
2024-08-22 15:40:00-04:00,243.27000427246094,243.27000427246094,243.0800018310547,243.0800018310547,2333,0.0,0.0
2024-08-22 15:45:00-04:00,242.8800048828125,242.97999572753906,242.8800048828125,242.97999572753906,1415,0.0,0.0
2024-08-22 15:50:00-04:00,243.11000061035156,243.11000061035156,242.4199981689453,242.72999572753906,12906,0.0,0.0
2024-08-22 15:55:00-04:00,242.6750030517578,243.52999877929688,242.4600067138672,243.44000244140625,22046,0.0,0.0
2024-08-23 09:30:00-04:00,245.08999633789062,245.08999633789062,245.08999633789062,245.08999633789062,873,0.0,0.0
2024-08-23 09:35:00-04:00,242.67999267578125,245.08999633789062,242.67999267578125,245.08999633789062,1233,0.0,0.0
2024-08-23 09:50:00-04:00,243.41000366210938,243.41000366210938,243.27999877929688,243.27999877929688,2032,0.0,0.0
2024-08-23 09:55:00-04:00,243.8350067138672,243.8350067138672,243.8350067138672,243.8350067138672,182,0.0,0.0
2024-08-23 10:00:00-04:00,243.94000244140625,246.27999877929688,243.8800048828125,246.27999877929688,3324,0.0,0.0
2024-08-23 10:10:00-04:00,246.77749633789062,248.53500366210938,246.77749633789062,248.52999877929688,2525,0.0,0.0
2024-08-23 10:15:00-04:00,247.77999877929688,247.77999877929688,247.38999938964844,247.38999938964844,1016,0.0,0.0
2024-08-23 10:20:00-04:00,247.10000610351562,247.10000610351562,247.10000610351562,247.10000610351562,480,0.0,0.0
2024-08-23 10:30:00-04:00,247.89999389648438,247.89999389648438,247.89999389648438,247.89999389648438,881,0.0,0.0
2024-08-23 10:35:00-04:00,248.38499450683594,249.61000061035156,248.27499389648438,248.5050048828125,7100,0.0,0.0
2024-08-23 10:40:00-04:00,248.55499267578125,249.2100067138672,248.55499267578125,249.0500030517578,1106,0.0,0.0
2024-08-23 10:45:00-04:00,248.8699951171875,248.8699951171875,247.89999389648438,247.89999389648438,1887,0.0,0.0
2024-08-23 10:50:00-04:00,247.22999572753906,247.8300018310547,247.22999572753906,247.8000030517578,1383,0.0,0.0
2024-08-23 10:55:00-04:00,247.6649932861328,248.8249969482422,247.6649932861328,248.8249969482422,2792,0.0,0.0
2024-08-23 11:15:00-04:00,249.63499450683594,249.65499877929688,249.36000061035156,249.65499877929688,933,0.0,0.0
2024-08-23 11:25:00-04:00,249.72000122070312,249.8300018310547,249.6699981689453,249.6699981689453,1737,0.0,0.0
2024-08-23 11:30:00-04:00,250.77499389648438,250.77499389648438,250.77499389648438,250.77499389648438,1431,0.0,0.0
2024-08-23 11:40:00-04:00,250.72999572753906,250.72999572753906,250.3249969482422,250.3249969482422,1362,0.0,0.0
2024-08-23 11:45:00-04:00,250.5800018310547,250.5800018310547,250.24000549316406,250.24000549316406,1831,0.0,0.0
2024-08-23 11:55:00-04:00,248.86500549316406,248.99000549316406,248.86500549316406,248.99000549316406,960,0.0,0.0
2024-08-23 12:00:00-04:00,248.5,248.9600067138672,248.44000244140625,248.82000732421875,2849,0.0,0.0
2024-08-23 12:10:00-04:00,248.91000366210938,248.91000366210938,248.7050018310547,248.7050018310547,763,0.0,0.0
2024-08-23 12:15:00-04:00,248.7050018310547,248.7050018310547,248.6999969482422,248.6999969482422,351,0.0,0.0
2024-08-23 12:20:00-04:00,248.8249969482422,248.8249969482422,248.8249969482422,248.8249969482422,613,0.0,0.0
2024-08-23 12:30:00-04:00,249.13999938964844,249.2899932861328,249.13999938964844,249.2899932861328,1435,0.0,0.0
2024-08-23 12:35:00-04:00,249.93499755859375,249.93499755859375,249.93499755859375,249.93499755859375,2256,0.0,0.0
2024-08-23 12:50:00-04:00,249.13499450683594,249.13499450683594,249.13499450683594,249.13499450683594,1249,0.0,0.0
2024-08-23 13:10:00-04:00,249.36500549316406,249.68499755859375,249.36500549316406,249.68499755859375,387,0.0,0.0
2024-08-23 13:15:00-04:00,249.6699981689453,250.2899932861328,249.6699981689453,250.1999969482422,2123,0.0,0.0
2024-08-23 13:20:00-04:00,249.97000122070312,249.97000122070312,249.97000122070312,249.97000122070312,831,0.0,0.0
2024-08-23 13:35:00-04:00,250.3300018310547,250.3300018310547,250.3300018310547,250.3300018310547,1749,0.0,0.0
2024-08-23 13:45:00-04:00,249.91000366210938,249.91000366210938,249.8000030517578,249.8000030517578,2081,0.0,0.0
2024-08-23 14:10:00-04:00,249.50999450683594,249.5500030517578,249.50999450683594,249.5500030517578,1629,0.0,0.0
2024-08-23 14:20:00-04:00,249.7100067138672,249.97000122070312,249.5500030517578,249.5500030517578,1484,0.0,0.0
2024-08-23 14:25:00-04:00,249.4499969482422,249.5050048828125,249.0399932861328,249.5050048828125,2802,0.0,0.0
2024-08-23 14:35:00-04:00,249.4149932861328,249.4149932861328,249.4149932861328,249.4149932861328,154,0.0,0.0
2024-08-23 14:45:00-04:00,249.4149932861328,249.4149932861328,249.4149932861328,249.4149932861328,1034,0.0,0.0
2024-08-23 14:50:00-04:00,249.58999633789062,249.86000061035156,249.58999633789062,249.86000061035156,1289,0.0,0.0
2024-08-23 14:55:00-04:00,249.5050048828125,249.5050048828125,249.3800048828125,249.3800048828125,797,0.0,0.0
2024-08-23 15:00:00-04:00,249.72000122070312,249.72000122070312,249.72000122070312,249.72000122070312,226,0.0,0.0
2024-08-23 15:05:00-04:00,249.73500061035156,249.73500061035156,249.6300048828125,249.6300048828125,779,0.0,0.0
2024-08-23 15:10:00-04:00,249.89999389648438,250.02999877929688,249.89999389648438,250.02999877929688,1914,0.0,0.0
2024-08-23 15:15:00-04:00,250.02999877929688,250.02999877929688,249.96499633789062,249.96499633789062,577,0.0,0.0
2024-08-23 15:20:00-04:00,250.02999877929688,250.02999877929688,249.99000549316406,249.99000549316406,1677,0.0,0.0
2024-08-23 15:25:00-04:00,250.1199951171875,250.39500427246094,250.10000610351562,250.39500427246094,1157,0.0,0.0
2024-08-23 15:30:00-04:00,250.39500427246094,250.4199981689453,249.80299377441406,250.07000732421875,2794,0.0,0.0
2024-08-23 15:35:00-04:00,249.77999877929688,249.77999877929688,249.30999755859375,249.4550018310547,3149,0.0,0.0
2024-08-23 15:40:00-04:00,249.8300018310547,249.8300018310547,249.66000366210938,249.66000366210938,643,0.0,0.0
2024-08-23 15:45:00-04:00,249.6999969482422,249.92999267578125,249.6999969482422,249.88499450683594,2098,0.0,0.0
2024-08-23 15:50:00-04:00,250.0500030517578,250.35000610351562,249.88499450683594,250.22999572753906,7653,0.0,0.0
2024-08-23 15:55:00-04:00,250.44000244140625,251.2100067138672,250.44000244140625,250.77999877929688,19671,0.0,0.0
