Datetime,Open,High,Low,Close,Volume,Dividends,Stock Splits,Capital Gains
2024-07-25 09:30:00-04:00,80.37000274658203,80.37000274658203,80.1500015258789,80.29000091552734,0,0.0,0.0,0.0
2024-07-25 09:40:00-04:00,80.12000274658203,80.12000274658203,80.12000274658203,80.12000274658203,100,0.0,0.0,0.0
2024-07-25 09:45:00-04:00,80.1050033569336,80.1050033569336,80.1050033569336,80.1050033569336,641,0.0,0.0,0.0
2024-07-25 10:00:00-04:00,80.01000213623047,80.01000213623047,80.01000213623047,80.01000213623047,313,0.0,0.0,0.0
2024-07-25 10:05:00-04:00,80.0199966430664,80.05000305175781,79.83499908447266,79.83499908447266,738,0.0,0.0,0.0
2024-07-25 10:10:00-04:00,79.81999969482422,79.81999969482422,79.81999969482422,79.81999969482422,217,0.0,0.0,0.0
2024-07-25 10:15:00-04:00,79.93000030517578,79.9489974975586,79.91999816894531,79.9489974975586,928,0.0,0.0,0.0
2024-07-25 10:20:00-04:00,80.05000305175781,80.05000305175781,80.04000091552734,80.04000091552734,623,0.0,0.0,0.0
2024-07-25 10:25:00-04:00,80.2699966430664,80.27999877929688,80.23999786376953,80.23999786376953,2020,0.0,0.0,0.0
2024-07-25 10:30:00-04:00,80.32949829101562,80.32949829101562,80.19999694824219,80.19999694824219,963,0.0,0.0,0.0
2024-07-25 10:40:00-04:00,80.23999786376953,80.27999877929688,80.23999786376953,80.27999877929688,272,0.0,0.0,0.0
2024-07-25 10:45:00-04:00,80.27999877929688,80.27999877929688,80.25,80.27999877929688,838,0.0,0.0,0.0
2024-07-25 10:50:00-04:00,80.3499984741211,80.37000274658203,80.3499984741211,80.36000061035156,628,0.0,0.0,0.0
2024-07-25 10:55:00-04:00,80.37000274658203,80.37999725341797,80.3499984741211,80.37999725341797,836,0.0,0.0,0.0
2024-07-25 11:00:00-04:00,80.40499877929688,80.40499877929688,80.40499877929688,80.40499877929688,193,0.0,0.0,0.0
2024-07-25 11:10:00-04:00,80.58999633789062,80.58999633789062,80.55000305175781,80.55000305175781,517,0.0,0.0,0.0
2024-07-25 11:15:00-04:00,80.5999984741211,80.69000244140625,80.58999633789062,80.5999984741211,1100,0.0,0.0,0.0
2024-07-25 11:20:00-04:00,80.55000305175781,80.55000305175781,80.48999786376953,80.48999786376953,3421,0.0,0.0,0.0
2024-07-25 11:25:00-04:00,80.4800033569336,80.4800033569336,80.4749984741211,80.4749984741211,1507,0.0,0.0,0.0
2024-07-25 11:30:00-04:00,80.54000091552734,80.54000091552734,80.5,80.5199966430664,1897,0.0,0.0,0.0
2024-07-25 11:35:00-04:00,80.5,80.55999755859375,80.4800033569336,80.55000305175781,4215,0.0,0.0,0.0
2024-07-25 11:40:00-04:00,80.52999877929688,80.52999877929688,80.44000244140625,80.44000244140625,696,0.0,0.0,0.0
2024-07-25 11:45:00-04:00,80.51499938964844,80.55000305175781,80.5,80.5,968,0.0,0.0,0.0
2024-07-25 11:50:00-04:00,80.55999755859375,80.57499694824219,80.52999877929688,80.55000305175781,1310,0.0,0.0,0.0
2024-07-25 11:55:00-04:00,80.5199966430664,80.63999938964844,80.48999786376953,80.63999938964844,539,0.0,0.0,0.0
2024-07-25 12:00:00-04:00,80.70999908447266,80.70999908447266,80.70999908447266,80.70999908447266,353,0.0,0.0,0.0
2024-07-25 12:05:00-04:00,80.66000366210938,80.66000366210938,80.61000061035156,80.62000274658203,1711,0.0,0.0,0.0
2024-07-25 12:10:00-04:00,80.7300033569336,80.7300033569336,80.7300033569336,80.7300033569336,605,0.0,0.0,0.0
2024-07-25 12:15:00-04:00,80.94100189208984,80.94100189208984,80.94000244140625,80.94000244140625,244,0.0,0.0,0.0
2024-07-25 12:20:00-04:00,81.0199966430664,81.0199966430664,80.98999786376953,80.98999786376953,542,0.0,0.0,0.0
2024-07-25 12:25:00-04:00,80.94999694824219,80.94999694824219,80.93000030517578,80.94999694824219,592,0.0,0.0,0.0
2024-07-25 12:30:00-04:00,80.94000244140625,81.01000213623047,80.94000244140625,81.01000213623047,207,0.0,0.0,0.0
2024-07-25 12:40:00-04:00,81.05000305175781,81.05000305175781,81.05000305175781,81.05000305175781,168,0.0,0.0,0.0
2024-07-25 12:55:00-04:00,81.0,81.02999877929688,81.0,81.02999877929688,966,0.0,0.0,0.0
2024-07-25 13:00:00-04:00,81.05999755859375,81.19000244140625,81.05999755859375,81.19000244140625,1801,0.0,0.0,0.0
2024-07-25 13:05:00-04:00,81.12999725341797,81.16000366210938,81.12999725341797,81.16000366210938,237,0.0,0.0,0.0
2024-07-25 13:10:00-04:00,81.11000061035156,81.11000061035156,81.06999969482422,81.06999969482422,324,0.0,0.0,0.0
2024-07-25 13:15:00-04:00,81.01000213623047,81.01000213623047,81.01000213623047,81.01000213623047,124,0.0,0.0,0.0
2024-07-25 13:20:00-04:00,80.97000122070312,80.97000122070312,80.86000061035156,80.87000274658203,506,0.0,0.0,0.0
2024-07-25 13:25:00-04:00,80.8479995727539,80.8479995727539,80.8479995727539,80.8479995727539,416,0.0,0.0,0.0
2024-07-25 13:30:00-04:00,80.80999755859375,80.80999755859375,80.80000305175781,80.80000305175781,288,0.0,0.0,0.0
2024-07-25 13:35:00-04:00,80.79000091552734,80.79000091552734,80.7699966430664,80.7699966430664,1719,0.0,0.0,0.0
2024-07-25 13:40:00-04:00,80.83000183105469,80.83000183105469,80.81999969482422,80.82669830322266,1763,0.0,0.0,0.0
2024-07-25 13:45:00-04:00,80.80000305175781,80.80000305175781,80.80000305175781,80.80000305175781,210,0.0,0.0,0.0
2024-07-25 13:50:00-04:00,80.7699966430664,80.7699966430664,80.76000213623047,80.7699966430664,1260,0.0,0.0,0.0
2024-07-25 13:55:00-04:00,80.76000213623047,80.76000213623047,80.76000213623047,80.76000213623047,473,0.0,0.0,0.0
2024-07-25 14:05:00-04:00,80.75,80.75,80.75,80.75,288,0.0,0.0,0.0
2024-07-25 14:15:00-04:00,80.70999908447266,80.70999908447266,80.70999908447266,80.70999908447266,196,0.0,0.0,0.0
2024-07-25 14:25:00-04:00,80.70999908447266,80.70999908447266,80.70999908447266,80.70999908447266,100,0.0,0.0,0.0
2024-07-25 14:30:00-04:00,80.72000122070312,80.72000122070312,80.70999908447266,80.70999908447266,560,0.0,0.0,0.0
2024-07-25 14:45:00-04:00,80.48999786376953,80.48999786376953,80.30000305175781,80.31880187988281,2286,0.0,0.0,0.0
2024-07-25 14:50:00-04:00,80.37000274658203,80.37000274658203,80.31999969482422,80.31999969482422,660,0.0,0.0,0.0
2024-07-25 15:00:00-04:00,80.29000091552734,80.29000091552734,80.29000091552734,80.29000091552734,400,0.0,0.0,0.0
2024-07-25 15:10:00-04:00,80.33999633789062,80.3499984741211,80.33999633789062,80.3499984741211,200,0.0,0.0,0.0
2024-07-25 15:15:00-04:00,80.38999938964844,80.38999938964844,80.37000274658203,80.37000274658203,762,0.0,0.0,0.0
2024-07-25 15:30:00-04:00,80.61000061035156,80.62000274658203,80.55509948730469,80.55509948730469,1713,0.0,0.0,0.0
2024-07-25 15:35:00-04:00,80.37999725341797,80.37999725341797,80.37999725341797,80.37999725341797,254,0.0,0.0,0.0
2024-07-25 15:40:00-04:00,80.38999938964844,80.38999938964844,80.31999969482422,80.31999969482422,352,0.0,0.0,0.0
2024-07-25 15:45:00-04:00,80.23999786376953,80.2699966430664,80.23999786376953,80.2699966430664,1254,0.0,0.0,0.0
2024-07-25 15:50:00-04:00,80.25,80.25,80.08000183105469,80.09739685058594,1070,0.0,0.0,0.0
2024-07-25 15:55:00-04:00,79.95999908447266,80.02999877929688,79.86499786376953,79.86499786376953,2123,0.0,0.0,0.0
2024-07-26 09:30:00-04:00,80.44999694824219,80.52999877929688,80.44999694824219,80.52999877929688,1238,0.0,0.0,0.0
2024-07-26 09:35:00-04:00,80.55000305175781,80.55000305175781,80.55000305175781,80.55000305175781,223,0.0,0.0,0.0
2024-07-26 09:40:00-04:00,80.4800033569336,80.4800033569336,80.4800033569336,80.4800033569336,320,0.0,0.0,0.0
2024-07-26 09:55:00-04:00,80.52999877929688,80.52999877929688,80.5250015258789,80.52999877929688,348,0.0,0.0,0.0
2024-07-26 10:10:00-04:00,80.48500061035156,80.5199966430664,80.44000244140625,80.5199966430664,70622,0.0,0.0,0.0
2024-07-26 10:30:00-04:00,80.51000213623047,80.51000213623047,80.27999877929688,80.27999877929688,754,0.0,0.0,0.0
2024-07-26 10:35:00-04:00,80.29959869384766,80.29959869384766,80.2699966430664,80.29000091552734,12435,0.0,0.0,0.0
2024-07-26 10:40:00-04:00,80.3499984741211,80.42240142822266,80.3499984741211,80.42240142822266,708,0.0,0.0,0.0
2024-07-26 10:45:00-04:00,80.38999938964844,80.4000015258789,80.38999938964844,80.4000015258789,654,0.0,0.0,0.0
2024-07-26 10:55:00-04:00,80.4000015258789,80.43000030517578,80.4000015258789,80.43000030517578,438,0.0,0.0,0.0
2024-07-26 11:05:00-04:00,80.5,80.5,80.5,80.5,321,0.0,0.0,0.0
2024-07-26 11:40:00-04:00,80.59850311279297,80.59850311279297,80.59850311279297,80.59850311279297,422,0.0,0.0,0.0
2024-07-26 11:45:00-04:00,80.6500015258789,80.6500015258789,80.63990020751953,80.63990020751953,7955,0.0,0.0,0.0
2024-07-26 11:50:00-04:00,80.66999816894531,80.66999816894531,80.66999816894531,80.66999816894531,160,0.0,0.0,0.0
2024-07-26 12:00:00-04:00,80.75,80.75,80.75,80.75,104,0.0,0.0,0.0
2024-07-26 12:10:00-04:00,80.80599975585938,80.80599975585938,80.80599975585938,80.80599975585938,163,0.0,0.0,0.0
2024-07-26 12:15:00-04:00,80.81999969482422,80.81999969482422,80.81999969482422,80.81999969482422,148,0.0,0.0,0.0
2024-07-26 12:30:00-04:00,80.83000183105469,80.83000183105469,80.83000183105469,80.83000183105469,691,0.0,0.0,0.0
2024-07-26 12:35:00-04:00,80.81990051269531,80.81990051269531,80.81990051269531,80.81990051269531,307,0.0,0.0,0.0
2024-07-26 12:45:00-04:00,80.93000030517578,80.93000030517578,80.93000030517578,80.93000030517578,185,0.0,0.0,0.0
2024-07-26 12:50:00-04:00,80.94989776611328,80.94989776611328,80.94989776611328,80.94989776611328,222,0.0,0.0,0.0
2024-07-26 13:10:00-04:00,80.91940307617188,80.91940307617188,80.91940307617188,80.91940307617188,241,0.0,0.0,0.0
2024-07-26 13:35:00-04:00,80.72000122070312,80.72000122070312,80.72000122070312,80.72000122070312,141,0.0,0.0,0.0
2024-07-26 13:40:00-04:00,80.58000183105469,80.58000183105469,80.58000183105469,80.58000183105469,141,0.0,0.0,0.0
2024-07-26 13:45:00-04:00,80.5999984741211,80.6050033569336,80.5999984741211,80.6050033569336,435,0.0,0.0,0.0
2024-07-26 13:50:00-04:00,80.62999725341797,80.62999725341797,80.62999725341797,80.62999725341797,240,0.0,0.0,0.0
2024-07-26 13:55:00-04:00,80.68730163574219,80.68730163574219,80.68730163574219,80.68730163574219,1466,0.0,0.0,0.0
2024-07-26 14:15:00-04:00,80.70989990234375,80.70999908447266,80.70989990234375,80.70999908447266,1037,0.0,0.0,0.0
2024-07-26 14:25:00-04:00,80.69629669189453,80.69629669189453,80.66000366210938,80.66000366210938,1783,0.0,0.0,0.0
2024-07-26 14:30:00-04:00,80.62000274658203,80.62000274658203,80.5999984741211,80.5999984741211,989,0.0,0.0,0.0
2024-07-26 14:35:00-04:00,80.62000274658203,80.62000274658203,80.62000274658203,80.62000274658203,214,0.0,0.0,0.0
2024-07-26 14:40:00-04:00,80.61000061035156,80.61000061035156,80.52999877929688,80.56420135498047,2095,0.0,0.0,0.0
2024-07-26 14:55:00-04:00,80.47000122070312,80.48999786376953,80.47000122070312,80.48999786376953,644,0.0,0.0,0.0
2024-07-26 15:00:00-04:00,80.44999694824219,80.44999694824219,80.44999694824219,80.44999694824219,431,0.0,0.0,0.0
2024-07-26 15:05:00-04:00,80.52999877929688,80.52999877929688,80.52999877929688,80.52999877929688,222,0.0,0.0,0.0
2024-07-26 15:10:00-04:00,80.62000274658203,80.627197265625,80.62000274658203,80.627197265625,305,0.0,0.0,0.0
2024-07-26 15:15:00-04:00,80.55999755859375,80.58999633789062,80.55999755859375,80.58999633789062,271,0.0,0.0,0.0
2024-07-26 15:20:00-04:00,80.58999633789062,80.5999984741211,80.58999633789062,80.5999984741211,519,0.0,0.0,0.0
2024-07-26 15:35:00-04:00,80.55000305175781,80.55000305175781,80.55000305175781,80.55000305175781,350,0.0,0.0,0.0
2024-07-26 15:40:00-04:00,80.5999984741211,80.6500015258789,80.5999984741211,80.6500015258789,663,0.0,0.0,0.0
2024-07-26 15:45:00-04:00,80.66000366210938,80.66000366210938,80.66000366210938,80.66000366210938,223,0.0,0.0,0.0
2024-07-26 15:50:00-04:00,80.61000061035156,80.61000061035156,80.50440216064453,80.50440216064453,1298,0.0,0.0,0.0
2024-07-26 15:55:00-04:00,80.47000122070312,80.61000061035156,80.44000244140625,80.61000061035156,2439,0.0,0.0,0.0
2024-07-29 09:30:00-04:00,81.05000305175781,81.05000305175781,81.05000305175781,81.05000305175781,287,0.0,0.0,0.0
2024-07-29 09:45:00-04:00,81.11920166015625,81.11920166015625,81.0999984741211,81.0999984741211,0,0.0,0.0,0.0
2024-07-29 09:55:00-04:00,81.20999908447266,81.20999908447266,81.20999908447266,81.20999908447266,1262,0.0,0.0,0.0
2024-07-29 10:05:00-04:00,81.4000015258789,81.41519927978516,81.4000015258789,81.41519927978516,398,0.0,0.0,0.0
2024-07-29 10:15:00-04:00,81.2699966430664,81.33999633789062,81.2699966430664,81.31999969482422,16274,0.0,0.0,0.0
2024-07-29 10:25:00-04:00,81.23999786376953,81.25,81.23999786376953,81.25,1215,0.0,0.0,0.0
2024-07-29 10:30:00-04:00,81.2699966430664,81.2699966430664,81.2699966430664,81.2699966430664,0,0.0,0.0,0.0
2024-07-29 10:50:00-04:00,81.20999908447266,81.23970031738281,81.20999908447266,81.22000122070312,30750,0.0,0.0,0.0
2024-07-29 10:55:00-04:00,81.20970153808594,81.20999908447266,81.19499969482422,81.20950317382812,3493,0.0,0.0,0.0
2024-07-29 11:00:00-04:00,81.13970184326172,81.13970184326172,81.13970184326172,81.13970184326172,1497,0.0,0.0,0.0
2024-07-29 11:10:00-04:00,81.04000091552734,81.04000091552734,81.04000091552734,81.04000091552734,201,0.0,0.0,0.0
2024-07-29 11:15:00-04:00,81.04000091552734,81.08000183105469,81.02999877929688,81.04000091552734,970,0.0,0.0,0.0
2024-07-29 11:20:00-04:00,81.04000091552734,81.12000274658203,81.04000091552734,81.05000305175781,1245,0.0,0.0,0.0
2024-07-29 11:25:00-04:00,81.11000061035156,81.16999816894531,81.11000061035156,81.16999816894531,1087,0.0,0.0,0.0
2024-07-29 11:30:00-04:00,81.16999816894531,81.16999816894531,80.94000244140625,80.94999694824219,2195,0.0,0.0,0.0
2024-07-29 11:35:00-04:00,80.95999908447266,81.07499694824219,80.95999908447266,81.0199966430664,1110,0.0,0.0,0.0
2024-07-29 11:40:00-04:00,81.05000305175781,81.11000061035156,81.04000091552734,81.08000183105469,1271,0.0,0.0,0.0
2024-07-29 11:45:00-04:00,81.08999633789062,81.30000305175781,81.08999633789062,81.29499816894531,1906,0.0,0.0,0.0
2024-07-29 11:50:00-04:00,81.30000305175781,81.30500030517578,81.27999877929688,81.30000305175781,1030,0.0,0.0,0.0
2024-07-29 11:55:00-04:00,81.30999755859375,81.37999725341797,81.30999755859375,81.33999633789062,1549,0.0,0.0,0.0
2024-07-29 12:05:00-04:00,81.49220275878906,81.49220275878906,81.48999786376953,81.48999786376953,1538,0.0,0.0,0.0
2024-07-29 12:20:00-04:00,81.58000183105469,81.58000183105469,81.58000183105469,81.58000183105469,365,0.0,0.0,0.0
2024-07-29 12:25:00-04:00,81.4800033569336,81.4800033569336,81.4800033569336,81.4800033569336,338,0.0,0.0,0.0
2024-07-29 12:35:00-04:00,81.52999877929688,81.52999877929688,81.52999877929688,81.52999877929688,102,0.0,0.0,0.0
2024-07-29 12:40:00-04:00,81.55999755859375,81.55999755859375,81.55999755859375,81.55999755859375,207,0.0,0.0,0.0
2024-07-29 12:45:00-04:00,81.5199966430664,81.54000091552734,81.5199966430664,81.52999877929688,469,0.0,0.0,0.0
2024-07-29 12:50:00-04:00,81.41999816894531,81.41999816894531,81.41999816894531,81.41999816894531,0,0.0,0.0,0.0
2024-07-29 13:00:00-04:00,81.52999877929688,81.52999877929688,81.52999877929688,81.52999877929688,53695,0.0,0.0,0.0
2024-07-29 13:05:00-04:00,81.56999969482422,81.56999969482422,81.55999755859375,81.55999755859375,423,0.0,0.0,0.0
2024-07-29 13:10:00-04:00,81.55999755859375,81.55999755859375,81.55999755859375,81.55999755859375,566,0.0,0.0,0.0
2024-07-29 13:15:00-04:00,81.5999984741211,81.5999984741211,81.55269622802734,81.55999755859375,1265,0.0,0.0,0.0
2024-07-29 13:20:00-04:00,81.52999877929688,81.52999877929688,81.5,81.5,206,0.0,0.0,0.0
2024-07-29 13:25:00-04:00,81.48999786376953,81.48999786376953,81.48999786376953,81.48999786376953,449,0.0,0.0,0.0
2024-07-29 13:35:00-04:00,81.39089965820312,81.39089965820312,81.39089965820312,81.39089965820312,361,0.0,0.0,0.0
2024-07-29 13:55:00-04:00,81.38999938964844,81.38999938964844,81.33999633789062,81.33999633789062,553,0.0,0.0,0.0
2024-07-29 14:00:00-04:00,81.30999755859375,81.30999755859375,81.30000305175781,81.30999755859375,881,0.0,0.0,0.0
2024-07-29 14:05:00-04:00,81.33000183105469,81.33000183105469,81.31999969482422,81.31999969482422,657,0.0,0.0,0.0
2024-07-29 14:45:00-04:00,81.26000213623047,81.2699966430664,81.26000213623047,81.2699966430664,304,0.0,0.0,0.0
2024-07-29 14:50:00-04:00,81.27999877929688,81.27999877929688,81.23999786376953,81.23999786376953,1422,0.0,0.0,0.0
2024-07-29 14:55:00-04:00,81.30999755859375,81.30999755859375,81.30999755859375,81.30999755859375,377,0.0,0.0,0.0
2024-07-29 15:00:00-04:00,81.30000305175781,81.3499984741211,81.27999877929688,81.33999633789062,1629,0.0,0.0,0.0
2024-07-29 15:05:00-04:00,81.33999633789062,81.37999725341797,81.33999633789062,81.37999725341797,772,0.0,0.0,0.0
2024-07-29 15:10:00-04:00,81.33999633789062,81.36000061035156,81.31999969482422,81.31999969482422,1910,0.0,0.0,0.0
2024-07-29 15:15:00-04:00,81.28890228271484,81.28890228271484,81.28890228271484,81.28890228271484,241,0.0,0.0,0.0
2024-07-29 15:20:00-04:00,81.29000091552734,81.3499984741211,81.27999877929688,81.3499984741211,2295,0.0,0.0,0.0
2024-07-29 15:25:00-04:00,81.33999633789062,81.38999938964844,81.33999633789062,81.38999938964844,527,0.0,0.0,0.0
2024-07-29 15:30:00-04:00,81.41000366210938,81.41000366210938,81.41000366210938,81.41000366210938,618,0.0,0.0,0.0
2024-07-29 15:35:00-04:00,81.41999816894531,81.41999816894531,81.41999816894531,81.41999816894531,892,0.0,0.0,0.0
2024-07-29 15:40:00-04:00,81.5,81.5,81.5,81.5,514,0.0,0.0,0.0
2024-07-29 15:45:00-04:00,81.45500183105469,81.45500183105469,81.45500183105469,81.45500183105469,407,0.0,0.0,0.0
2024-07-29 15:50:00-04:00,81.43000030517578,81.43000030517578,81.41999816894531,81.41999816894531,728,0.0,0.0,0.0
2024-07-29 15:55:00-04:00,81.4000015258789,81.4000015258789,81.33999633789062,81.35299682617188,0,0.0,0.0,0.0
2024-07-30 09:30:00-04:00,81.55000305175781,81.55000305175781,81.55000305175781,81.55000305175781,435,0.0,0.0,0.0
2024-07-30 09:35:00-04:00,81.66999816894531,81.66999816894531,81.66999816894531,81.66999816894531,494,0.0,0.0,0.0
2024-07-30 09:45:00-04:00,81.64119720458984,81.64119720458984,81.64119720458984,81.64119720458984,226,0.0,0.0,0.0
2024-07-30 10:00:00-04:00,81.58999633789062,81.58999633789062,81.58999633789062,81.58999633789062,136,0.0,0.0,0.0
2024-07-30 10:05:00-04:00,81.55000305175781,81.6427001953125,81.55000305175781,81.6427001953125,453,0.0,0.0,0.0
2024-07-30 10:10:00-04:00,81.55999755859375,81.55999755859375,81.55999755859375,81.55999755859375,260,0.0,0.0,0.0
2024-07-30 10:30:00-04:00,81.5999984741211,81.5999984741211,81.5999984741211,81.5999984741211,564,0.0,0.0,0.0
2024-07-30 10:45:00-04:00,81.55999755859375,81.55999755859375,81.55999755859375,81.55999755859375,390,0.0,0.0,0.0
2024-07-30 11:00:00-04:00,81.44000244140625,81.44000244140625,81.2699966430664,81.2699966430664,1201,0.0,0.0,0.0
2024-07-30 11:05:00-04:00,81.16999816894531,81.17500305175781,81.16999816894531,81.17500305175781,227,0.0,0.0,0.0
2024-07-30 11:10:00-04:00,81.12999725341797,81.27999877929688,81.12999725341797,81.27999877929688,396,0.0,0.0,0.0
2024-07-30 11:15:00-04:00,81.19999694824219,81.30999755859375,81.19999694824219,81.30999755859375,1289,0.0,0.0,0.0
2024-07-30 11:20:00-04:00,81.33999633789062,81.33999633789062,81.27999877929688,81.27999877929688,824,0.0,0.0,0.0
2024-07-30 11:25:00-04:00,81.30000305175781,81.30999755859375,81.2699966430664,81.2699966430664,1246,0.0,0.0,0.0
2024-07-30 11:30:00-04:00,81.27999877929688,81.27999877929688,81.19999694824219,81.20999908447266,886,0.0,0.0,0.0
2024-07-30 11:35:00-04:00,81.23999786376953,81.23999786376953,81.16999816894531,81.16999816894531,741,0.0,0.0,0.0
2024-07-30 11:40:00-04:00,81.13999938964844,81.13999938964844,81.0999984741211,81.0999984741211,1408,0.0,0.0,0.0
2024-07-30 11:45:00-04:00,81.06999969482422,81.12000274658203,81.06999969482422,81.08999633789062,1119,0.0,0.0,0.0
2024-07-30 11:50:00-04:00,81.05999755859375,81.05999755859375,81.01000213623047,81.01000213623047,490,0.0,0.0,0.0
2024-07-30 11:55:00-04:00,81.02999877929688,81.02999877929688,80.9800033569336,81.0,940,0.0,0.0,0.0
2024-07-30 12:00:00-04:00,81.0250015258789,81.0250015258789,81.0250015258789,81.0250015258789,322,0.0,0.0,0.0
2024-07-30 12:05:00-04:00,81.02999877929688,81.02999877929688,81.02999877929688,81.02999877929688,390,0.0,0.0,0.0
2024-07-30 12:15:00-04:00,80.98999786376953,80.98999786376953,80.98999786376953,80.98999786376953,283,0.0,0.0,0.0
2024-07-30 12:20:00-04:00,80.94999694824219,80.94999694824219,80.94999694824219,80.94999694824219,176,0.0,0.0,0.0
2024-07-30 12:30:00-04:00,80.9800033569336,80.9800033569336,80.96790313720703,80.96790313720703,641,0.0,0.0,0.0
2024-07-30 12:35:00-04:00,80.95459747314453,80.95459747314453,80.95459747314453,80.95459747314453,305,0.0,0.0,0.0
2024-07-30 12:40:00-04:00,81.06999969482422,81.06999969482422,81.06999969482422,81.06999969482422,717,0.0,0.0,0.0
2024-07-30 12:55:00-04:00,80.78040313720703,80.78040313720703,80.7300033569336,80.7300033569336,0,0.0,0.0,0.0
2024-07-30 13:25:00-04:00,80.87999725341797,80.87999725341797,80.87999725341797,80.87999725341797,18706,0.0,0.0,0.0
2024-07-30 13:35:00-04:00,81.05000305175781,81.05000305175781,81.05000305175781,81.05000305175781,208,0.0,0.0,0.0
2024-07-30 13:40:00-04:00,81.0199966430664,81.0199966430664,81.0199966430664,81.0199966430664,253,0.0,0.0,0.0
2024-07-30 14:00:00-04:00,81.0999984741211,81.0999984741211,81.05999755859375,81.05999755859375,504,0.0,0.0,0.0
2024-07-30 14:15:00-04:00,81.19000244140625,81.19000244140625,81.19000244140625,81.19000244140625,155,0.0,0.0,0.0
2024-07-30 14:25:00-04:00,81.11499786376953,81.11499786376953,81.11499786376953,81.11499786376953,429,0.0,0.0,0.0
2024-07-30 14:45:00-04:00,81.05999755859375,81.06330108642578,81.0,81.0,1092,0.0,0.0,0.0
2024-07-30 14:55:00-04:00,80.98999786376953,80.98999786376953,80.9800033569336,80.98999786376953,1834,0.0,0.0,0.0
2024-07-30 15:00:00-04:00,80.95999908447266,80.95999908447266,80.95999908447266,80.95999908447266,481,0.0,0.0,0.0
2024-07-30 15:15:00-04:00,80.9800033569336,80.9800033569336,80.9800033569336,80.9800033569336,389,0.0,0.0,0.0
2024-07-30 15:20:00-04:00,81.07009887695312,81.08000183105469,81.052001953125,81.08000183105469,1320,0.0,0.0,0.0
2024-07-30 15:25:00-04:00,81.08999633789062,81.0999984741211,81.08999633789062,81.0999984741211,465,0.0,0.0,0.0
2024-07-30 15:30:00-04:00,81.08499908447266,81.08499908447266,81.08499908447266,81.08499908447266,320,0.0,0.0,0.0
2024-07-30 15:35:00-04:00,81.11630249023438,81.11630249023438,81.11630249023438,81.11630249023438,217,0.0,0.0,0.0
2024-07-30 15:40:00-04:00,81.08200073242188,81.11000061035156,81.08200073242188,81.11000061035156,566,0.0,0.0,0.0
2024-07-30 15:45:00-04:00,81.19999694824219,81.30000305175781,81.19999694824219,81.30000305175781,0,0.0,0.0,0.0
2024-07-30 15:55:00-04:00,81.43000030517578,81.43000030517578,81.25,81.25,30308,0.0,0.0,0.0
2024-07-31 09:30:00-04:00,82.0199966430664,82.197998046875,82.0199966430664,82.197998046875,2674,0.0,0.0,0.0
2024-07-31 09:35:00-04:00,81.96990203857422,81.96990203857422,81.89320373535156,81.92610168457031,1215,0.0,0.0,0.0
2024-07-31 09:40:00-04:00,81.98580169677734,81.98580169677734,81.98580169677734,81.98580169677734,683,0.0,0.0,0.0
2024-07-31 10:15:00-04:00,82.19090270996094,82.19090270996094,82.19090270996094,82.19090270996094,542,0.0,0.0,0.0
2024-07-31 10:25:00-04:00,82.16000366210938,82.16000366210938,82.16000366210938,82.16000366210938,209,0.0,0.0,0.0
2024-07-31 10:30:00-04:00,82.23999786376953,82.23999786376953,82.22000122070312,82.22000122070312,565,0.0,0.0,0.0
2024-07-31 10:50:00-04:00,82.23999786376953,82.23999786376953,82.12000274658203,82.12000274658203,376,0.0,0.0,0.0
2024-07-31 10:55:00-04:00,82.12999725341797,82.22000122070312,82.12999725341797,82.22000122070312,327,0.0,0.0,0.0
2024-07-31 11:05:00-04:00,82.34200286865234,82.3499984741211,82.34200286865234,82.3499984741211,299,0.0,0.0,0.0
2024-07-31 11:10:00-04:00,82.29000091552734,82.29000091552734,82.29000091552734,82.29000091552734,407,0.0,0.0,0.0
2024-07-31 11:15:00-04:00,82.33999633789062,82.37999725341797,82.33999633789062,82.37999725341797,772,0.0,0.0,0.0
2024-07-31 11:20:00-04:00,82.36499786376953,82.37999725341797,82.33999633789062,82.37999725341797,698,0.0,0.0,0.0
2024-07-31 11:25:00-04:00,82.41999816894531,82.41999816894531,82.38999938964844,82.41000366210938,788,0.0,0.0,0.0
2024-07-31 11:30:00-04:00,82.41000366210938,82.44000244140625,82.4000015258789,82.4000015258789,1022,0.0,0.0,0.0
2024-07-31 11:35:00-04:00,82.37999725341797,82.43000030517578,82.37000274658203,82.43000030517578,2724,0.0,0.0,0.0
2024-07-31 11:40:00-04:00,82.43000030517578,82.48999786376953,82.41999816894531,82.47000122070312,928,0.0,0.0,0.0
2024-07-31 11:45:00-04:00,82.45999908447266,82.4800033569336,82.45999908447266,82.45999908447266,766,0.0,0.0,0.0
2024-07-31 11:50:00-04:00,82.44499969482422,82.44499969482422,82.37000274658203,82.41000366210938,1003,0.0,0.0,0.0
2024-07-31 11:55:00-04:00,82.4000015258789,82.41000366210938,82.37000274658203,82.4000015258789,887,0.0,0.0,0.0
2024-07-31 12:00:00-04:00,82.4198989868164,82.4198989868164,82.4198989868164,82.4198989868164,479,0.0,0.0,0.0
2024-07-31 12:25:00-04:00,82.41000366210938,82.41000366210938,82.41000366210938,82.41000366210938,264,0.0,0.0,0.0
2024-07-31 12:35:00-04:00,82.37000274658203,82.37000274658203,82.37000274658203,82.37000274658203,1320,0.0,0.0,0.0
2024-07-31 13:00:00-04:00,82.37000274658203,82.37000274658203,82.37000274658203,82.37000274658203,130,0.0,0.0,0.0
2024-07-31 13:05:00-04:00,82.38999938964844,82.4000015258789,82.38999938964844,82.4000015258789,247,0.0,0.0,0.0
2024-07-31 13:10:00-04:00,82.37000274658203,82.37000274658203,82.37000274658203,82.37000274658203,334,0.0,0.0,0.0
2024-07-31 13:15:00-04:00,82.33999633789062,82.33999633789062,82.33999633789062,82.33999633789062,101,0.0,0.0,0.0
2024-07-31 13:20:00-04:00,82.31999969482422,82.33000183105469,82.27999877929688,82.29000091552734,1744,0.0,0.0,0.0
2024-07-31 13:30:00-04:00,82.15609741210938,82.15609741210938,82.15609741210938,82.15609741210938,120,0.0,0.0,0.0
2024-07-31 13:40:00-04:00,82.08000183105469,82.08000183105469,82.08000183105469,82.08000183105469,578,0.0,0.0,0.0
2024-07-31 13:45:00-04:00,82.16000366210938,82.19000244140625,82.16000366210938,82.19000244140625,875,0.0,0.0,0.0
2024-07-31 13:55:00-04:00,82.2760009765625,82.2760009765625,82.2760009765625,82.2760009765625,129,0.0,0.0,0.0
2024-07-31 14:00:00-04:00,82.13999938964844,82.19999694824219,82.12000274658203,82.19999694824219,2417,0.0,0.0,0.0
2024-07-31 14:05:00-04:00,82.26000213623047,82.26000213623047,82.26000213623047,82.26000213623047,607,0.0,0.0,0.0
2024-07-31 14:30:00-04:00,82.31999969482422,82.31999969482422,82.31999969482422,82.31999969482422,443,0.0,0.0,0.0
2024-07-31 14:35:00-04:00,82.27999877929688,82.27999877929688,82.2699966430664,82.2699966430664,308,0.0,0.0,0.0
2024-07-31 14:40:00-04:00,82.41999816894531,82.43000030517578,82.38999938964844,82.43000030517578,402,0.0,0.0,0.0
2024-07-31 14:45:00-04:00,82.47000122070312,82.47000122070312,82.46990203857422,82.47000122070312,1926,0.0,0.0,0.0
2024-07-31 14:50:00-04:00,82.68000030517578,82.70500183105469,82.68000030517578,82.69000244140625,416,0.0,0.0,0.0
2024-07-31 14:55:00-04:00,82.75,82.75,82.75,82.75,576,0.0,0.0,0.0
2024-07-31 15:00:00-04:00,82.80000305175781,82.80000305175781,82.80000305175781,82.80000305175781,394,0.0,0.0,0.0
2024-07-31 15:05:00-04:00,82.77269744873047,82.77999877929688,82.77269744873047,82.77999877929688,1122,0.0,0.0,0.0
2024-07-31 15:10:00-04:00,82.69999694824219,82.73999786376953,82.69999694824219,82.73999786376953,861,0.0,0.0,0.0
2024-07-31 15:15:00-04:00,82.74500274658203,82.74500274658203,82.51000213623047,82.51000213623047,573,0.0,0.0,0.0
2024-07-31 15:20:00-04:00,82.5199966430664,82.59020233154297,82.5199966430664,82.59020233154297,600,0.0,0.0,0.0
2024-07-31 15:25:00-04:00,82.38999938964844,82.41999816894531,82.29000091552734,82.29399871826172,780,0.0,0.0,0.0
2024-07-31 15:30:00-04:00,82.20999908447266,82.29000091552734,82.19000244140625,82.29000091552734,431,0.0,0.0,0.0
2024-07-31 15:35:00-04:00,82.33999633789062,82.41000366210938,82.31999969482422,82.31999969482422,736,0.0,0.0,0.0
2024-07-31 15:40:00-04:00,82.35759735107422,82.4000015258789,82.35759735107422,82.36409759521484,2765,0.0,0.0,0.0
2024-07-31 15:45:00-04:00,82.33999633789062,82.33999633789062,82.33999633789062,82.33999633789062,346,0.0,0.0,0.0
2024-07-31 15:50:00-04:00,82.4000015258789,82.4000015258789,82.11000061035156,82.19000244140625,1058,0.0,0.0,0.0
2024-07-31 15:55:00-04:00,82.19999694824219,82.20999908447266,82.1500015258789,82.1500015258789,2566,0.0,0.0,0.0
2024-08-01 09:30:00-04:00,82.30000305175781,82.30000305175781,82.30000305175781,82.30000305175781,0,0.0,0.0,0.0
2024-08-01 09:35:00-04:00,82.2699966430664,82.2699966430664,82.2699966430664,82.2699966430664,526,0.0,0.0,0.0
2024-08-01 10:00:00-04:00,82.33000183105469,82.33000183105469,82.33000183105469,82.33000183105469,1753,0.0,0.0,0.0
2024-08-01 10:25:00-04:00,81.5999984741211,81.5999984741211,81.5999984741211,81.5999984741211,220,0.0,0.0,0.0
2024-08-01 10:30:00-04:00,81.54000091552734,81.54000091552734,81.51000213623047,81.51000213623047,582,0.0,0.0,0.0
2024-08-01 10:35:00-04:00,81.47000122070312,81.55000305175781,81.47000122070312,81.55000305175781,1277,0.0,0.0,0.0
2024-08-01 10:45:00-04:00,81.3499984741211,81.3499984741211,81.33000183105469,81.33000183105469,517,0.0,0.0,0.0
2024-08-01 10:50:00-04:00,81.38999938964844,81.4000015258789,81.28919982910156,81.28919982910156,911,0.0,0.0,0.0
2024-08-01 10:55:00-04:00,81.27999877929688,81.27999877929688,81.27999877929688,81.27999877929688,1496,0.0,0.0,0.0
2024-08-01 11:00:00-04:00,81.22000122070312,81.22000122070312,81.22000122070312,81.22000122070312,115,0.0,0.0,0.0
2024-08-01 11:05:00-04:00,81.06089782714844,81.09390258789062,81.06089782714844,81.09390258789062,637,0.0,0.0,0.0
2024-08-01 11:20:00-04:00,81.05000305175781,81.05000305175781,81.05000305175781,81.05000305175781,242,0.0,0.0,0.0
2024-08-01 11:30:00-04:00,81.02999877929688,81.02999877929688,80.9800033569336,80.9800033569336,225,0.0,0.0,0.0
2024-08-01 11:35:00-04:00,80.95999908447266,80.95999908447266,80.9000015258789,80.9000015258789,440,0.0,0.0,0.0
2024-08-01 11:40:00-04:00,80.8499984741211,80.86000061035156,80.8499984741211,80.86000061035156,390,0.0,0.0,0.0
2024-08-01 11:45:00-04:00,80.73999786376953,80.73999786376953,80.7300033569336,80.73999786376953,954,0.0,0.0,0.0
2024-08-01 11:50:00-04:00,80.75,80.79039764404297,80.75,80.79039764404297,508,0.0,0.0,0.0
2024-08-01 12:10:00-04:00,80.87000274658203,80.87000274658203,80.80999755859375,80.81999969482422,1009,0.0,0.0,0.0
2024-08-01 12:20:00-04:00,80.86000061035156,80.86000061035156,80.69999694824219,80.69999694824219,638,0.0,0.0,0.0
2024-08-01 12:25:00-04:00,80.7300033569336,80.7300033569336,80.69999694824219,80.69999694824219,900,0.0,0.0,0.0
2024-08-01 12:30:00-04:00,80.72000122070312,80.72000122070312,80.6500015258789,80.6500015258789,1101,0.0,0.0,0.0
2024-08-01 12:35:00-04:00,80.6500015258789,80.69000244140625,80.62999725341797,80.62999725341797,1126,0.0,0.0,0.0
2024-08-01 12:40:00-04:00,80.58999633789062,80.58999633789062,80.51000213623047,80.56999969482422,1223,0.0,0.0,0.0
2024-08-01 12:45:00-04:00,80.55500030517578,80.5999984741211,80.55000305175781,80.56999969482422,1700,0.0,0.0,0.0
2024-08-01 12:50:00-04:00,80.56999969482422,80.62000274658203,80.5199966430664,80.62000274658203,2343,0.0,0.0,0.0
2024-08-01 12:55:00-04:00,80.62999725341797,80.63999938964844,80.58999633789062,80.61000061035156,1719,0.0,0.0,0.0
2024-08-01 13:05:00-04:00,80.56999969482422,80.56999969482422,80.56999969482422,80.56999969482422,315,0.0,0.0,0.0
2024-08-01 13:15:00-04:00,80.44010162353516,80.5199966430664,80.44010162353516,80.5199966430664,93866,0.0,0.0,0.0
2024-08-01 13:20:00-04:00,80.38619995117188,80.38619995117188,80.38619995117188,80.38619995117188,155,0.0,0.0,0.0
2024-08-01 13:25:00-04:00,80.37030029296875,80.38999938964844,80.37030029296875,80.38999938964844,853,0.0,0.0,0.0
2024-08-01 13:30:00-04:00,80.41000366210938,80.41000366210938,80.36699676513672,80.36699676513672,1043,0.0,0.0,0.0
2024-08-01 13:35:00-04:00,80.31009674072266,80.31009674072266,80.31009674072266,80.31009674072266,482,0.0,0.0,0.0
2024-08-01 13:50:00-04:00,80.22000122070312,80.36000061035156,80.21399688720703,80.36000061035156,60233,0.0,0.0,0.0
2024-08-01 13:55:00-04:00,80.36000061035156,80.38500213623047,80.33999633789062,80.38500213623047,1274,0.0,0.0,0.0
2024-08-01 14:00:00-04:00,80.38289642333984,80.4000015258789,80.37999725341797,80.37999725341797,484,0.0,0.0,0.0
2024-08-01 14:10:00-04:00,80.2300033569336,80.26000213623047,80.2300033569336,80.26000213623047,851,0.0,0.0,0.0
2024-08-01 14:15:00-04:00,80.23999786376953,80.25,80.19999694824219,80.20999908447266,49087,0.0,0.0,0.0
2024-08-01 14:20:00-04:00,80.22000122070312,80.25,80.22000122070312,80.2300033569336,1088,0.0,0.0,0.0
2024-08-01 14:25:00-04:00,80.19000244140625,80.19000244140625,80.06999969482422,80.06999969482422,664,0.0,0.0,0.0
2024-08-01 14:35:00-04:00,80.05599975585938,80.0999984741211,80.05599975585938,80.0999984741211,954,0.0,0.0,0.0
2024-08-01 14:40:00-04:00,80.0,80.0,80.0,80.0,286,0.0,0.0,0.0
2024-08-01 14:45:00-04:00,80.0199966430664,80.0199966430664,80.0199966430664,80.0199966430664,246,0.0,0.0,0.0
2024-08-01 14:50:00-04:00,80.04000091552734,80.06999969482422,80.04000091552734,80.05999755859375,946,0.0,0.0,0.0
2024-08-01 14:55:00-04:00,80.0,80.0,80.0,80.0,178,0.0,0.0,0.0
2024-08-01 15:00:00-04:00,80.0167007446289,80.08999633789062,80.0,80.04000091552734,17375,0.0,0.0,0.0
2024-08-01 15:05:00-04:00,80.05999755859375,80.05999755859375,80.0199966430664,80.0199966430664,693,0.0,0.0,0.0
2024-08-01 15:10:00-04:00,80.01000213623047,80.11000061035156,80.01000213623047,80.11000061035156,735,0.0,0.0,0.0
2024-08-01 15:15:00-04:00,80.12000274658203,80.14949798583984,80.12000274658203,80.14949798583984,700,0.0,0.0,0.0
2024-08-01 15:20:00-04:00,80.16000366210938,80.16000366210938,80.16000366210938,80.16000366210938,297,0.0,0.0,0.0
2024-08-01 15:25:00-04:00,80.25,80.30000305175781,80.21499633789062,80.29000091552734,4194,0.0,0.0,0.0
2024-08-01 15:30:00-04:00,80.38999938964844,80.3927001953125,80.38999938964844,80.3927001953125,881,0.0,0.0,0.0
2024-08-01 15:35:00-04:00,80.3499984741211,80.44000244140625,80.33000183105469,80.44000244140625,5674,0.0,0.0,0.0
2024-08-01 15:40:00-04:00,80.41000366210938,80.41000366210938,80.30999755859375,80.30999755859375,12089,0.0,0.0,0.0
2024-08-01 15:45:00-04:00,80.33999633789062,80.55000305175781,80.33999633789062,80.55000305175781,7803,0.0,0.0,0.0
2024-08-01 15:50:00-04:00,80.58000183105469,80.58000183105469,80.41000366210938,80.41000366210938,874,0.0,0.0,0.0
2024-08-01 15:55:00-04:00,80.44000244140625,80.55000305175781,80.44000244140625,80.54000091552734,0,0.0,0.0,0.0
2024-08-02 09:30:00-04:00,78.51000213623047,78.51000213623047,78.16000366210938,78.16000366210938,3445,0.0,0.0,0.0
2024-08-02 09:40:00-04:00,78.26399993896484,78.26399993896484,78.26399993896484,78.26399993896484,308,0.0,0.0,0.0
2024-08-02 09:45:00-04:00,78.22309875488281,78.24400329589844,78.05000305175781,78.24400329589844,813,0.0,0.0,0.0
2024-08-02 09:50:00-04:00,78.23999786376953,78.26000213623047,78.11000061035156,78.11000061035156,1189,0.0,0.0,0.0
2024-08-02 09:55:00-04:00,78.08380126953125,78.08380126953125,78.0199966430664,78.0199966430664,391,0.0,0.0,0.0
2024-08-02 10:00:00-04:00,78.25,78.25,78.25,78.25,203,0.0,0.0,0.0
2024-08-02 10:05:00-04:00,78.19999694824219,78.19999694824219,77.80000305175781,77.80999755859375,3212,0.0,0.0,0.0
2024-08-02 10:10:00-04:00,77.8499984741211,77.8499984741211,77.8499984741211,77.8499984741211,809,0.0,0.0,0.0
2024-08-02 10:30:00-04:00,77.55349731445312,77.55349731445312,77.5199966430664,77.54000091552734,708,0.0,0.0,0.0
2024-08-02 10:40:00-04:00,77.5,77.5,77.5,77.5,137,0.0,0.0,0.0
2024-08-02 10:45:00-04:00,77.57499694824219,77.58999633789062,77.57499694824219,77.58999633789062,808,0.0,0.0,0.0
2024-08-02 10:50:00-04:00,77.7300033569336,77.7300033569336,77.62999725341797,77.62999725341797,855,0.0,0.0,0.0
2024-08-02 10:55:00-04:00,77.44000244140625,77.44000244140625,77.41000366210938,77.41000366210938,537,0.0,0.0,0.0
2024-08-02 11:00:00-04:00,77.43000030517578,77.43000030517578,77.33999633789062,77.33999633789062,550,0.0,0.0,0.0
2024-08-02 11:05:00-04:00,77.30000305175781,77.37000274658203,77.30000305175781,77.33999633789062,353,0.0,0.0,0.0
2024-08-02 11:10:00-04:00,77.48999786376953,77.48999786376953,77.45999908447266,77.45999908447266,286,0.0,0.0,0.0
2024-08-02 11:15:00-04:00,77.41000366210938,77.41000366210938,77.4000015258789,77.4000015258789,1400,0.0,0.0,0.0
2024-08-02 11:20:00-04:00,77.29000091552734,77.29000091552734,77.29000091552734,77.29000091552734,102,0.0,0.0,0.0
2024-08-02 11:25:00-04:00,77.43000030517578,77.43000030517578,77.41000366210938,77.41000366210938,300,0.0,0.0,0.0
2024-08-02 11:30:00-04:00,77.5989990234375,77.62000274658203,77.58899688720703,77.62000274658203,964,0.0,0.0,0.0
2024-08-02 11:35:00-04:00,77.73999786376953,77.73999786376953,77.73999786376953,77.73999786376953,226,0.0,0.0,0.0
2024-08-02 11:40:00-04:00,77.875,77.875,77.875,77.875,185,0.0,0.0,0.0
2024-08-02 11:45:00-04:00,77.88200378417969,77.91000366210938,77.88200378417969,77.91000366210938,12264,0.0,0.0,0.0
2024-08-02 11:50:00-04:00,77.8949966430664,77.8949966430664,77.8949966430664,77.8949966430664,165,0.0,0.0,0.0
2024-08-02 11:55:00-04:00,77.9800033569336,78.0199966430664,77.9800033569336,77.98999786376953,1152,0.0,0.0,0.0
2024-08-02 12:00:00-04:00,77.88050079345703,77.88999938964844,77.83000183105469,77.83000183105469,788,0.0,0.0,0.0
2024-08-02 12:05:00-04:00,77.95999908447266,77.95999908447266,77.94000244140625,77.94000244140625,810,0.0,0.0,0.0
2024-08-02 12:10:00-04:00,77.91000366210938,77.91000366210938,77.83000183105469,77.83000183105469,1000,0.0,0.0,0.0
2024-08-02 12:20:00-04:00,78.01000213623047,78.01000213623047,77.98999786376953,77.98999786376953,4150,0.0,0.0,0.0
2024-08-02 12:40:00-04:00,78.19000244140625,78.25,78.19000244140625,78.2490005493164,811,0.0,0.0,0.0
2024-08-02 12:45:00-04:00,78.18000030517578,78.18000030517578,78.18000030517578,78.18000030517578,186,0.0,0.0,0.0
2024-08-02 12:50:00-04:00,78.13500213623047,78.13500213623047,77.93000030517578,77.93000030517578,891,0.0,0.0,0.0
2024-08-02 12:55:00-04:00,77.93000030517578,77.93000030517578,77.93000030517578,77.93000030517578,198,0.0,0.0,0.0
2024-08-02 13:00:00-04:00,77.80999755859375,77.80999755859375,77.80999755859375,77.80999755859375,113,0.0,0.0,0.0
2024-08-02 13:05:00-04:00,77.80020141601562,77.84989929199219,77.80020141601562,77.84989929199219,5865,0.0,0.0,0.0
2024-08-02 13:10:00-04:00,77.87999725341797,77.87999725341797,77.87000274658203,77.87000274658203,433,0.0,0.0,0.0
2024-08-02 13:15:00-04:00,77.95999908447266,77.95999908447266,77.95999908447266,77.95999908447266,336,0.0,0.0,0.0
2024-08-02 13:25:00-04:00,77.84600067138672,77.84600067138672,77.79000091552734,77.79000091552734,6821,0.0,0.0,0.0
2024-08-02 13:30:00-04:00,77.80000305175781,77.80000305175781,77.73999786376953,77.73999786376953,3381,0.0,0.0,0.0
2024-08-02 13:35:00-04:00,77.73999786376953,77.73999786376953,77.7300033569336,77.7300033569336,452,0.0,0.0,0.0
2024-08-02 13:50:00-04:00,77.67040252685547,77.69999694824219,77.66999816894531,77.69999694824219,22350,0.0,0.0,0.0
2024-08-02 13:55:00-04:00,77.69999694824219,77.69999694824219,77.69999694824219,77.69999694824219,590,0.0,0.0,0.0
2024-08-02 14:00:00-04:00,77.67359924316406,77.68000030517578,77.61000061035156,77.6500015258789,25982,0.0,0.0,0.0
2024-08-02 14:05:00-04:00,77.63999938964844,77.68000030517578,77.62999725341797,77.68000030517578,1384,0.0,0.0,0.0
2024-08-02 14:10:00-04:00,77.73999786376953,77.76000213623047,77.73999786376953,77.76000213623047,709,0.0,0.0,0.0
2024-08-02 14:20:00-04:00,77.91000366210938,77.9176025390625,77.8949966430664,77.9176025390625,594,0.0,0.0,0.0
2024-08-02 14:25:00-04:00,78.02999877929688,78.02999877929688,78.02999877929688,78.02999877929688,100,0.0,0.0,0.0
2024-08-02 14:30:00-04:00,78.12000274658203,78.12000274658203,78.11000061035156,78.11000061035156,33239,0.0,0.0,0.0
2024-08-02 14:35:00-04:00,78.05000305175781,78.05000305175781,77.98999786376953,78.00499725341797,600,0.0,0.0,0.0
2024-08-02 14:40:00-04:00,78.01000213623047,78.02999877929688,78.01000213623047,78.02999877929688,485,0.0,0.0,0.0
2024-08-02 14:45:00-04:00,77.93499755859375,77.93499755859375,77.93499755859375,77.93499755859375,184,0.0,0.0,0.0
2024-08-02 14:50:00-04:00,77.91220092773438,77.91999816894531,77.91220092773438,77.91999816894531,832,0.0,0.0,0.0
2024-08-02 14:55:00-04:00,77.98999786376953,77.98999786376953,77.91999816894531,77.91999816894531,738,0.0,0.0,0.0
2024-08-02 15:05:00-04:00,77.8499984741211,77.88999938964844,77.8499984741211,77.88999938964844,1051,0.0,0.0,0.0
2024-08-02 15:10:00-04:00,77.81999969482422,77.91999816894531,77.81999969482422,77.91999816894531,1016,0.0,0.0,0.0
2024-08-02 15:15:00-04:00,77.98999786376953,77.98999786376953,77.97000122070312,77.97000122070312,220,0.0,0.0,0.0
2024-08-02 15:20:00-04:00,78.01000213623047,78.01000213623047,77.9000015258789,77.9000015258789,1159,0.0,0.0,0.0
2024-08-02 15:25:00-04:00,78.05000305175781,78.05000305175781,78.02349853515625,78.04000091552734,1056,0.0,0.0,0.0
2024-08-02 15:30:00-04:00,78.08000183105469,78.08000183105469,78.0,78.04000091552734,1703,0.0,0.0,0.0
2024-08-02 15:35:00-04:00,77.9000015258789,77.9000015258789,77.85040283203125,77.85040283203125,1445,0.0,0.0,0.0
2024-08-02 15:40:00-04:00,77.83000183105469,77.87999725341797,77.83000183105469,77.87999725341797,984,0.0,0.0,0.0
2024-08-02 15:45:00-04:00,77.95999908447266,77.95999908447266,77.95999908447266,77.95999908447266,418,0.0,0.0,0.0
2024-08-02 15:50:00-04:00,77.88999938964844,77.95999908447266,77.83000183105469,77.95999908447266,4370,0.0,0.0,0.0
2024-08-02 15:55:00-04:00,78.12999725341797,78.16000366210938,78.05999755859375,78.12000274658203,3704,0.0,0.0,0.0
2024-08-05 09:30:00-04:00,74.58999633789062,74.91999816894531,74.37999725341797,74.91999816894531,13405,0.0,0.0,0.0
2024-08-05 09:35:00-04:00,75.08000183105469,75.09120178222656,75.04000091552734,75.09120178222656,403,0.0,0.0,0.0
2024-08-05 09:40:00-04:00,75.44000244140625,75.44000244140625,74.97000122070312,74.97000122070312,1064,0.0,0.0,0.0
2024-08-05 09:45:00-04:00,75.41999816894531,75.5,75.37000274658203,75.37000274658203,932,0.0,0.0,0.0
2024-08-05 09:50:00-04:00,75.75,75.75,75.75,75.75,779,0.0,0.0,0.0
2024-08-05 10:00:00-04:00,76.30010223388672,76.30010223388672,76.25509643554688,76.25509643554688,2273,0.0,0.0,0.0
2024-08-05 10:05:00-04:00,75.9749984741211,75.9749984741211,75.9749984741211,75.9749984741211,154,0.0,0.0,0.0
2024-08-05 10:10:00-04:00,75.75,75.75,75.75,75.75,319,0.0,0.0,0.0
2024-08-05 10:15:00-04:00,75.88300323486328,75.88300323486328,75.79000091552734,75.80999755859375,832,0.0,0.0,0.0
2024-08-05 10:20:00-04:00,75.7300033569336,75.7300033569336,75.55999755859375,75.60009765625,1860,0.0,0.0,0.0
2024-08-05 10:30:00-04:00,75.56500244140625,75.56500244140625,75.56500244140625,75.56500244140625,144,0.0,0.0,0.0
2024-08-05 10:35:00-04:00,75.8550033569336,75.9000015258789,75.83499908447266,75.875,2601,0.0,0.0,0.0
2024-08-05 10:40:00-04:00,75.79000091552734,75.79000091552734,75.79000091552734,75.79000091552734,181,0.0,0.0,0.0
2024-08-05 10:45:00-04:00,75.73999786376953,75.94000244140625,75.73999786376953,75.8499984741211,2016,0.0,0.0,0.0
2024-08-05 10:50:00-04:00,75.73999786376953,76.02999877929688,75.73999786376953,76.02999877929688,819,0.0,0.0,0.0
2024-08-05 10:55:00-04:00,76.11000061035156,76.11000061035156,76.05000305175781,76.05000305175781,261,0.0,0.0,0.0
2024-08-05 11:00:00-04:00,75.61000061035156,75.69000244140625,75.61000061035156,75.68000030517578,984,0.0,0.0,0.0
2024-08-05 11:05:00-04:00,75.70999908447266,76.16000366210938,75.70999908447266,76.16000366210938,1672,0.0,0.0,0.0
2024-08-05 11:10:00-04:00,76.16000366210938,76.2699966430664,76.08000183105469,76.2699966430664,699,0.0,0.0,0.0
2024-08-05 11:15:00-04:00,76.25,76.29000091552734,76.23999786376953,76.25,1333,0.0,0.0,0.0
2024-08-05 11:20:00-04:00,76.2699966430664,76.3499984741211,76.2699966430664,76.3499984741211,574,0.0,0.0,0.0
2024-08-05 11:25:00-04:00,76.41010284423828,76.41010284423828,76.31999969482422,76.31999969482422,894,0.0,0.0,0.0
2024-08-05 11:35:00-04:00,76.41000366210938,76.56999969482422,76.41000366210938,76.5199966430664,3024,0.0,0.0,0.0
2024-08-05 11:40:00-04:00,76.41000366210938,76.41000366210938,76.37000274658203,76.37000274658203,399,0.0,0.0,0.0
2024-08-05 11:45:00-04:00,76.3949966430664,76.43000030517578,76.36000061035156,76.37000274658203,2870,0.0,0.0,0.0
2024-08-05 11:50:00-04:00,76.30999755859375,76.38999938964844,76.26000213623047,76.38999938964844,773,0.0,0.0,0.0
2024-08-05 11:55:00-04:00,76.37000274658203,76.41999816894531,76.3053970336914,76.31999969482422,1068,0.0,0.0,0.0
2024-08-05 12:00:00-04:00,76.29000091552734,76.48590087890625,76.29000091552734,76.48590087890625,369,0.0,0.0,0.0
2024-08-05 12:05:00-04:00,76.37999725341797,76.5199966430664,76.37999725341797,76.5,2521,0.0,0.0,0.0
2024-08-05 12:10:00-04:00,76.41999816894531,76.51080322265625,76.41999816894531,76.51080322265625,702,0.0,0.0,0.0
2024-08-05 12:15:00-04:00,76.61000061035156,76.6312026977539,76.61000061035156,76.62999725341797,562,0.0,0.0,0.0
2024-08-05 12:20:00-04:00,76.62999725341797,76.70999908447266,76.62000274658203,76.70999908447266,13757,0.0,0.0,0.0
2024-08-05 12:25:00-04:00,76.69000244140625,76.79000091552734,76.69000244140625,76.79000091552734,766,0.0,0.0,0.0
2024-08-05 12:30:00-04:00,76.81500244140625,76.81500244140625,76.66000366210938,76.68000030517578,8616,0.0,0.0,0.0
2024-08-05 12:35:00-04:00,76.58000183105469,76.58000183105469,76.47000122070312,76.47000122070312,580,0.0,0.0,0.0
2024-08-05 12:40:00-04:00,76.55999755859375,76.5999984741211,76.4800033569336,76.4800033569336,2577,0.0,0.0,0.0
2024-08-05 12:45:00-04:00,76.47319793701172,76.47319793701172,76.44000244140625,76.44000244140625,1766,0.0,0.0,0.0
2024-08-05 12:50:00-04:00,76.36000061035156,76.36000061035156,76.30999755859375,76.30999755859375,752,0.0,0.0,0.0
2024-08-05 12:55:00-04:00,76.27999877929688,76.28829956054688,76.19999694824219,76.2300033569336,2664,0.0,0.0,0.0
2024-08-05 13:00:00-04:00,76.19999694824219,76.26000213623047,76.18000030517578,76.18000030517578,924,0.0,0.0,0.0
2024-08-05 13:05:00-04:00,76.16999816894531,76.2699966430664,76.16999816894531,76.26000213623047,8945,0.0,0.0,0.0
2024-08-05 13:10:00-04:00,76.24009704589844,76.24009704589844,76.22000122070312,76.23999786376953,1010,0.0,0.0,0.0
2024-08-05 13:15:00-04:00,76.31009674072266,76.3499984741211,76.31009674072266,76.3499984741211,737,0.0,0.0,0.0
2024-08-05 13:20:00-04:00,76.36810302734375,76.41000366210938,76.36810302734375,76.38179779052734,1669,0.0,0.0,0.0
2024-08-05 13:30:00-04:00,76.4292984008789,76.52999877929688,76.41000366210938,76.52999877929688,1223,0.0,0.0,0.0
2024-08-05 13:40:00-04:00,76.51000213623047,76.5199966430664,76.51000213623047,76.5199966430664,1018,0.0,0.0,0.0
2024-08-05 13:45:00-04:00,76.41999816894531,76.41999816894531,76.41999816894531,76.41999816894531,200,0.0,0.0,0.0
2024-08-05 13:50:00-04:00,76.38999938964844,76.45999908447266,76.38999938964844,76.41000366210938,2214,0.0,0.0,0.0
2024-08-05 13:55:00-04:00,76.4000015258789,76.4000015258789,76.4000015258789,76.4000015258789,488,0.0,0.0,0.0
2024-08-05 14:00:00-04:00,76.27999877929688,76.29000091552734,76.16000366210938,76.18000030517578,4154,0.0,0.0,0.0
2024-08-05 14:05:00-04:00,76.18000030517578,76.20999908447266,76.16999816894531,76.20999908447266,1221,0.0,0.0,0.0
2024-08-05 14:10:00-04:00,76.19999694824219,76.19999694824219,76.19270324707031,76.19270324707031,354,0.0,0.0,0.0
2024-08-05 14:15:00-04:00,76.12000274658203,76.2300033569336,76.12000274658203,76.19999694824219,1813,0.0,0.0,0.0
2024-08-05 14:20:00-04:00,76.26000213623047,76.26000213623047,76.22000122070312,76.22000122070312,758,0.0,0.0,0.0
2024-08-05 14:25:00-04:00,76.22000122070312,76.22000122070312,76.20999908447266,76.20999908447266,432,0.0,0.0,0.0
2024-08-05 14:30:00-04:00,76.25,76.31999969482422,76.23999786376953,76.23999786376953,1821,0.0,0.0,0.0
2024-08-05 14:35:00-04:00,76.16999816894531,76.16999816894531,76.16999816894531,76.16999816894531,162,0.0,0.0,0.0
2024-08-05 14:40:00-04:00,76.11009979248047,76.11009979248047,76.0,76.0,21088,0.0,0.0,0.0
2024-08-05 14:45:00-04:00,75.9800033569336,75.9800033569336,75.94000244140625,75.9800033569336,1162,0.0,0.0,0.0
2024-08-05 14:50:00-04:00,76.0,76.12000274658203,75.95999908447266,76.12000274658203,902,0.0,0.0,0.0
2024-08-05 14:55:00-04:00,75.9800033569336,76.0199966430664,75.92009735107422,75.92009735107422,816,0.0,0.0,0.0
2024-08-05 15:00:00-04:00,75.97000122070312,76.0999984741211,75.94999694824219,76.06999969482422,22286,0.0,0.0,0.0
2024-08-05 15:05:00-04:00,76.08999633789062,76.08999633789062,76.0,76.0,1422,0.0,0.0,0.0
2024-08-05 15:10:00-04:00,75.99500274658203,75.99500274658203,75.99500274658203,75.99500274658203,121,0.0,0.0,0.0
2024-08-05 15:15:00-04:00,75.91999816894531,75.91999816894531,75.90010070800781,75.90010070800781,402,0.0,0.0,0.0
2024-08-05 15:20:00-04:00,75.97000122070312,76.04000091552734,75.97000122070312,76.0199966430664,715,0.0,0.0,0.0
2024-08-05 15:25:00-04:00,75.9800033569336,76.06999969482422,75.9800033569336,76.02999877929688,1294,0.0,0.0,0.0
2024-08-05 15:30:00-04:00,76.07749938964844,76.08999633789062,75.95500183105469,76.02999877929688,4666,0.0,0.0,0.0
2024-08-05 15:35:00-04:00,76.01000213623047,76.05999755859375,76.01000213623047,76.02999877929688,1289,0.0,0.0,0.0
2024-08-05 15:40:00-04:00,75.95999908447266,75.95999908447266,75.95999908447266,75.95999908447266,380,0.0,0.0,0.0
2024-08-05 15:45:00-04:00,75.87000274658203,75.91000366210938,75.86000061035156,75.88030242919922,2649,0.0,0.0,0.0
2024-08-05 15:50:00-04:00,76.05000305175781,76.05000305175781,75.93000030517578,75.97000122070312,6612,0.0,0.0,0.0
2024-08-05 15:55:00-04:00,76.04000091552734,76.08999633789062,76.0199966430664,76.08999633789062,3091,0.0,0.0,0.0
2024-08-06 09:30:00-04:00,76.66000366210938,76.66000366210938,76.66000366210938,76.66000366210938,501,0.0,0.0,0.0
2024-08-06 09:35:00-04:00,76.49549865722656,76.59500122070312,76.48999786376953,76.59500122070312,3609,0.0,0.0,0.0
2024-08-06 09:40:00-04:00,76.6050033569336,76.6050033569336,76.4800033569336,76.4800033569336,326,0.0,0.0,0.0
2024-08-06 09:45:00-04:00,76.38999938964844,76.38999938964844,76.31999969482422,76.31999969482422,0,0.0,0.0,0.0
2024-08-06 09:50:00-04:00,76.63999938964844,76.95999908447266,76.63999938964844,76.9000015258789,60676,0.0,0.0,0.0
2024-08-06 10:05:00-04:00,77.06999969482422,77.06999969482422,77.06999969482422,77.06999969482422,434,0.0,0.0,0.0
2024-08-06 10:15:00-04:00,77.1448974609375,77.1448974609375,77.1448974609375,77.1448974609375,342,0.0,0.0,0.0
2024-08-06 10:30:00-04:00,77.01000213623047,77.01000213623047,76.95999908447266,77.0,2203,0.0,0.0,0.0
2024-08-06 10:35:00-04:00,77.12000274658203,77.2300033569336,77.12000274658203,77.16000366210938,1339,0.0,0.0,0.0
2024-08-06 10:40:00-04:00,77.2300033569336,77.30000305175781,77.2300033569336,77.30000305175781,1318,0.0,0.0,0.0
2024-08-06 10:45:00-04:00,77.44999694824219,77.58999633789062,77.44999694824219,77.58999633789062,940,0.0,0.0,0.0
2024-08-06 10:50:00-04:00,77.5,77.5,77.5,77.5,150,0.0,0.0,0.0
2024-08-06 10:55:00-04:00,77.52999877929688,77.52999877929688,77.47000122070312,77.4800033569336,1180,0.0,0.0,0.0
2024-08-06 11:00:00-04:00,77.51000213623047,77.51000213623047,77.51000213623047,77.51000213623047,328,0.0,0.0,0.0
2024-08-06 11:05:00-04:00,77.55999755859375,77.55999755859375,77.52999877929688,77.52999877929688,340,0.0,0.0,0.0
2024-08-06 11:10:00-04:00,77.5,77.5000991821289,77.38749694824219,77.38999938964844,3310,0.0,0.0,0.0
2024-08-06 11:15:00-04:00,77.41000366210938,77.41000366210938,77.26000213623047,77.29000091552734,945,0.0,0.0,0.0
2024-08-06 11:20:00-04:00,77.27010345458984,77.27010345458984,77.18000030517578,77.25070190429688,1455,0.0,0.0,0.0
2024-08-06 11:25:00-04:00,77.25,77.25,77.0,77.0199966430664,1842,0.0,0.0,0.0
2024-08-06 11:30:00-04:00,77.02999877929688,77.13999938964844,76.98999786376953,77.13999938964844,1033,0.0,0.0,0.0
2024-08-06 11:35:00-04:00,77.18000030517578,77.18000030517578,77.0999984741211,77.1500015258789,507,0.0,0.0,0.0
2024-08-06 11:40:00-04:00,77.19999694824219,77.23979949951172,77.19999694824219,77.23979949951172,971,0.0,0.0,0.0
2024-08-06 11:45:00-04:00,77.33999633789062,77.41999816894531,77.33999633789062,77.41999816894531,362,0.0,0.0,0.0
2024-08-06 11:50:00-04:00,77.4800033569336,77.5,77.4800033569336,77.5,227,0.0,0.0,0.0
2024-08-06 11:55:00-04:00,77.5199966430664,77.56990051269531,77.5199966430664,77.56990051269531,1003,0.0,0.0,0.0
2024-08-06 12:00:00-04:00,77.58999633789062,77.58999633789062,77.54000091552734,77.54000091552734,763,0.0,0.0,0.0
2024-08-06 12:05:00-04:00,77.6498031616211,77.6498031616211,77.62000274658203,77.62000274658203,959,0.0,0.0,0.0
2024-08-06 12:10:00-04:00,77.67009735107422,77.67009735107422,77.66999816894531,77.66999816894531,259,0.0,0.0,0.0
2024-08-06 12:15:00-04:00,77.72010040283203,77.73999786376953,77.72000122070312,77.72000122070312,6499,0.0,0.0,0.0
2024-08-06 12:20:00-04:00,77.72000122070312,77.72000122070312,77.63999938964844,77.63999938964844,994,0.0,0.0,0.0
2024-08-06 12:25:00-04:00,77.58999633789062,77.58999633789062,77.58000183105469,77.58000183105469,843,0.0,0.0,0.0
2024-08-06 12:30:00-04:00,77.58999633789062,77.58999633789062,77.58999633789062,77.58999633789062,299,0.0,0.0,0.0
2024-08-06 12:50:00-04:00,77.69999694824219,77.69999694824219,77.69999694824219,77.69999694824219,249,0.0,0.0,0.0
2024-08-06 12:55:00-04:00,77.76000213623047,77.76000213623047,77.76000213623047,77.76000213623047,321,0.0,0.0,0.0
2024-08-06 13:00:00-04:00,77.81999969482422,77.83999633789062,77.81999969482422,77.83999633789062,2243,0.0,0.0,0.0
2024-08-06 13:05:00-04:00,77.9000015258789,77.93000030517578,77.87999725341797,77.93000030517578,37055,0.0,0.0,0.0
2024-08-06 13:15:00-04:00,77.87999725341797,77.87999725341797,77.87999725341797,77.87999725341797,112,0.0,0.0,0.0
2024-08-06 13:20:00-04:00,77.87000274658203,77.87000274658203,77.80999755859375,77.80999755859375,1112,0.0,0.0,0.0
2024-08-06 13:40:00-04:00,77.98999786376953,78.01000213623047,77.98999786376953,78.01000213623047,401,0.0,0.0,0.0
2024-08-06 13:45:00-04:00,77.91999816894531,77.91999816894531,77.9000015258789,77.9000015258789,218,0.0,0.0,0.0
2024-08-06 13:50:00-04:00,78.01000213623047,78.01000213623047,78.01000213623047,78.01000213623047,466,0.0,0.0,0.0
2024-08-06 13:55:00-04:00,77.97000122070312,77.9800033569336,77.97000122070312,77.9800033569336,330,0.0,0.0,0.0
2024-08-06 14:00:00-04:00,77.98999786376953,77.98999786376953,77.98999786376953,77.98999786376953,280,0.0,0.0,0.0
2024-08-06 14:05:00-04:00,77.94999694824219,77.94999694824219,77.88999938964844,77.88999938964844,1178,0.0,0.0,0.0
2024-08-06 14:10:00-04:00,77.91999816894531,77.91999816894531,77.91999816894531,77.91999816894531,240,0.0,0.0,0.0
2024-08-06 14:15:00-04:00,77.90019989013672,78.0,77.90019989013672,78.0,2383,0.0,0.0,0.0
2024-08-06 14:20:00-04:00,78.0199966430664,78.08000183105469,78.0199966430664,78.08000183105469,400,0.0,0.0,0.0
2024-08-06 14:25:00-04:00,78.11000061035156,78.11000061035156,78.11000061035156,78.11000061035156,100,0.0,0.0,0.0
2024-08-06 14:30:00-04:00,78.11000061035156,78.11000061035156,78.08999633789062,78.09200286865234,464,0.0,0.0,0.0
2024-08-06 14:40:00-04:00,78.19999694824219,78.22000122070312,78.18000030517578,78.19999694824219,12880,0.0,0.0,0.0
2024-08-06 14:45:00-04:00,78.23999786376953,78.23999786376953,78.23999786376953,78.23999786376953,263,0.0,0.0,0.0
2024-08-06 14:55:00-04:00,78.1500015258789,78.1500015258789,77.93000030517578,77.94999694824219,5136,0.0,0.0,0.0
2024-08-06 15:00:00-04:00,77.88999938964844,77.88999938964844,77.70999908447266,77.70999908447266,2745,0.0,0.0,0.0
2024-08-06 15:05:00-04:00,77.7300033569336,77.73999786376953,77.5999984741211,77.63999938964844,2660,0.0,0.0,0.0
2024-08-06 15:10:00-04:00,77.69000244140625,77.77999877929688,77.69000244140625,77.7699966430664,6423,0.0,0.0,0.0
2024-08-06 15:15:00-04:00,77.70999908447266,77.71009826660156,77.63020324707031,77.70999908447266,2865,0.0,0.0,0.0
2024-08-06 15:20:00-04:00,77.7300033569336,77.94999694824219,77.70999908447266,77.94999694824219,1559,0.0,0.0,0.0
2024-08-06 15:25:00-04:00,77.98999786376953,77.98999786376953,77.91000366210938,77.93000030517578,1506,0.0,0.0,0.0
2024-08-06 15:30:00-04:00,77.94999694824219,77.94999694824219,77.87999725341797,77.93000030517578,16590,0.0,0.0,0.0
2024-08-06 15:35:00-04:00,77.94000244140625,77.94999694824219,77.87999725341797,77.9000015258789,4631,0.0,0.0,0.0
2024-08-06 15:40:00-04:00,77.83000183105469,77.87000274658203,77.73999786376953,77.73999786376953,1060,0.0,0.0,0.0
2024-08-06 15:45:00-04:00,77.70999908447266,77.7699966430664,77.55999755859375,77.56379699707031,147035,0.0,0.0,0.0
2024-08-06 15:50:00-04:00,77.48999786376953,77.66999816894531,77.44000244140625,77.47000122070312,5820,0.0,0.0,0.0
2024-08-06 15:55:00-04:00,77.45999908447266,77.45999908447266,77.2699966430664,77.29000091552734,4965,0.0,0.0,0.0
2024-08-07 09:30:00-04:00,77.8499984741211,77.8499984741211,77.8499984741211,77.8499984741211,171,0.0,0.0,0.0
2024-08-07 09:35:00-04:00,77.86000061035156,77.91000366210938,77.8499984741211,77.87999725341797,1041,0.0,0.0,0.0
2024-08-07 09:45:00-04:00,77.87999725341797,77.87999725341797,77.87999725341797,77.87999725341797,134,0.0,0.0,0.0
2024-08-07 09:50:00-04:00,77.96990203857422,77.98500061035156,77.96990203857422,77.98500061035156,371,0.0,0.0,0.0
2024-08-07 10:00:00-04:00,78.06999969482422,78.06999969482422,78.05999755859375,78.05999755859375,317,0.0,0.0,0.0
2024-08-07 10:05:00-04:00,78.0719985961914,78.0719985961914,78.0719985961914,78.0719985961914,390,0.0,0.0,0.0
2024-08-07 10:10:00-04:00,78.02999877929688,78.08000183105469,78.02999877929688,78.06999969482422,965,0.0,0.0,0.0
2024-08-07 10:20:00-04:00,77.964599609375,77.964599609375,77.93000030517578,77.93000030517578,446,0.0,0.0,0.0
2024-08-07 10:25:00-04:00,77.78780364990234,77.78780364990234,77.77999877929688,77.77999877929688,233,0.0,0.0,0.0
2024-08-07 10:30:00-04:00,77.7300033569336,77.7300033569336,77.7300033569336,77.7300033569336,407,0.0,0.0,0.0
2024-08-07 10:35:00-04:00,77.75540161132812,77.77999877929688,77.72000122070312,77.72000122070312,877,0.0,0.0,0.0
2024-08-07 10:40:00-04:00,77.73999786376953,77.83999633789062,77.73999786376953,77.83999633789062,1259,0.0,0.0,0.0
2024-08-07 10:45:00-04:00,78.06999969482422,78.12999725341797,78.06999969482422,78.08999633789062,723,0.0,0.0,0.0
2024-08-07 10:50:00-04:00,78.08999633789062,78.08999633789062,77.94999694824219,77.94999694824219,2211,0.0,0.0,0.0
2024-08-07 10:55:00-04:00,77.97000122070312,78.02999877929688,77.97000122070312,78.02999877929688,11076,0.0,0.0,0.0
2024-08-07 11:00:00-04:00,78.05000305175781,78.05000305175781,77.9800033569336,77.9800033569336,1089,0.0,0.0,0.0
2024-08-07 11:05:00-04:00,78.16999816894531,78.16999816894531,78.12000274658203,78.16999816894531,883,0.0,0.0,0.0
2024-08-07 11:10:00-04:00,78.16000366210938,78.16000366210938,78.02999877929688,78.02999877929688,2632,0.0,0.0,0.0
2024-08-07 11:15:00-04:00,78.01000213623047,78.01000213623047,77.86000061035156,77.86000061035156,1724,0.0,0.0,0.0
2024-08-07 11:20:00-04:00,77.86000061035156,77.91999816894531,77.86000061035156,77.9000015258789,1524,0.0,0.0,0.0
2024-08-07 11:25:00-04:00,77.86000061035156,77.88999938964844,77.86000061035156,77.88999938964844,1120,0.0,0.0,0.0
2024-08-07 11:30:00-04:00,77.94000244140625,77.95999908447266,77.91000366210938,77.91000366210938,957,0.0,0.0,0.0
2024-08-07 11:35:00-04:00,77.94000244140625,77.95999908447266,77.91999816894531,77.91999816894531,493,0.0,0.0,0.0
2024-08-07 11:40:00-04:00,77.91000366210938,77.9800033569336,77.7699966430664,77.7699966430664,1361,0.0,0.0,0.0
2024-08-07 11:45:00-04:00,77.7699966430664,77.7699966430664,77.63500213623047,77.68000030517578,2790,0.0,0.0,0.0
2024-08-07 11:50:00-04:00,77.68000030517578,77.75,77.66000366210938,77.75,1164,0.0,0.0,0.0
2024-08-07 11:55:00-04:00,77.76000213623047,77.76000213623047,77.76000213623047,77.76000213623047,187,0.0,0.0,0.0
2024-08-07 12:00:00-04:00,77.69999694824219,77.69999694824219,77.41999816894531,77.44999694824219,1070,0.0,0.0,0.0
2024-08-07 12:05:00-04:00,77.41000366210938,77.50199890136719,77.41000366210938,77.50199890136719,2006,0.0,0.0,0.0
2024-08-07 12:10:00-04:00,77.45999908447266,77.61000061035156,77.45999908447266,77.58999633789062,1424,0.0,0.0,0.0
2024-08-07 12:15:00-04:00,77.56999969482422,77.56999969482422,77.55000305175781,77.55000305175781,1330,0.0,0.0,0.0
2024-08-07 12:20:00-04:00,77.62999725341797,77.66999816894531,77.61000061035156,77.66999816894531,2756,0.0,0.0,0.0
2024-08-07 12:25:00-04:00,77.60070037841797,77.69000244140625,77.60070037841797,77.69000244140625,1437,0.0,0.0,0.0
2024-08-07 12:30:00-04:00,77.63999938964844,77.63999938964844,77.56999969482422,77.56999969482422,316,0.0,0.0,0.0
2024-08-07 12:35:00-04:00,77.63999938964844,77.63999938964844,77.58999633789062,77.58999633789062,356,0.0,0.0,0.0
2024-08-07 12:40:00-04:00,77.61000061035156,77.61000061035156,77.45999908447266,77.45999908447266,636,0.0,0.0,0.0
2024-08-07 12:45:00-04:00,77.45999908447266,77.45999908447266,77.3499984741211,77.3499984741211,1332,0.0,0.0,0.0
2024-08-07 12:50:00-04:00,77.30999755859375,77.33000183105469,77.2699966430664,77.2699966430664,661,0.0,0.0,0.0
2024-08-07 12:55:00-04:00,77.33000183105469,77.33000183105469,77.27999877929688,77.27999877929688,1013,0.0,0.0,0.0
2024-08-07 13:05:00-04:00,77.18900299072266,77.22000122070312,77.08999633789062,77.08999633789062,1452,0.0,0.0,0.0
2024-08-07 13:10:00-04:00,76.93000030517578,76.95999908447266,76.91300201416016,76.94000244140625,1500,0.0,0.0,0.0
2024-08-07 13:15:00-04:00,76.91999816894531,76.91999816894531,76.81999969482422,76.81999969482422,315,0.0,0.0,0.0
2024-08-07 13:20:00-04:00,76.83999633789062,76.9800033569336,76.83999633789062,76.9800033569336,680,0.0,0.0,0.0
2024-08-07 13:25:00-04:00,77.05999755859375,77.05999755859375,77.05999755859375,77.05999755859375,159,0.0,0.0,0.0
2024-08-07 13:30:00-04:00,76.97000122070312,77.02999877929688,76.97000122070312,76.9800033569336,612,0.0,0.0,0.0
2024-08-07 13:35:00-04:00,77.08000183105469,77.0999984741211,77.05999755859375,77.0999984741211,896,0.0,0.0,0.0
2024-08-07 13:40:00-04:00,76.94999694824219,76.94999694824219,76.94000244140625,76.94000244140625,962,0.0,0.0,0.0
2024-08-07 13:45:00-04:00,76.94000244140625,76.94000244140625,76.7300033569336,76.7300033569336,1303,0.0,0.0,0.0
2024-08-07 13:50:00-04:00,76.76000213623047,76.7699966430664,76.68000030517578,76.68000030517578,419,0.0,0.0,0.0
2024-08-07 13:55:00-04:00,76.69000244140625,76.69000244140625,76.61000061035156,76.61000061035156,321,0.0,0.0,0.0
2024-08-07 14:00:00-04:00,76.66999816894531,76.68990325927734,76.5999984741211,76.5999984741211,9189,0.0,0.0,0.0
2024-08-07 14:05:00-04:00,76.62000274658203,76.62000274658203,76.51000213623047,76.51000213623047,47213,0.0,0.0,0.0
2024-08-07 14:10:00-04:00,76.5,76.5,76.37000274658203,76.4000015258789,32521,0.0,0.0,0.0
2024-08-07 14:15:00-04:00,76.37999725341797,76.41000366210938,76.30999755859375,76.33000183105469,978,0.0,0.0,0.0
2024-08-07 14:20:00-04:00,76.37000274658203,76.41000366210938,76.3499984741211,76.37999725341797,1316,0.0,0.0,0.0
2024-08-07 14:25:00-04:00,76.38999938964844,76.48999786376953,76.38999938964844,76.4800033569336,1147,0.0,0.0,0.0
2024-08-07 14:30:00-04:00,76.33000183105469,76.37000274658203,76.31999969482422,76.33999633789062,437,0.0,0.0,0.0
2024-08-07 14:35:00-04:00,76.33999633789062,76.37000274658203,76.31999969482422,76.37000274658203,522,0.0,0.0,0.0
2024-08-07 14:40:00-04:00,76.37000274658203,76.41999816894531,76.33000183105469,76.33000183105469,488,0.0,0.0,0.0
2024-08-07 14:45:00-04:00,76.36000061035156,76.37000274658203,76.2300033569336,76.23999786376953,1170,0.0,0.0,0.0
2024-08-07 14:50:00-04:00,76.25900268554688,76.25900268554688,76.20999908447266,76.20999908447266,201,0.0,0.0,0.0
2024-08-07 14:55:00-04:00,76.27999877929688,76.33999633789062,76.2699966430664,76.31999969482422,2260,0.0,0.0,0.0
2024-08-07 15:00:00-04:00,76.33000183105469,76.5199966430664,76.33000183105469,76.5199966430664,1412,0.0,0.0,0.0
2024-08-07 15:05:00-04:00,76.58999633789062,76.59989929199219,76.54000091552734,76.54000091552734,858,0.0,0.0,0.0
2024-08-07 15:10:00-04:00,76.56999969482422,76.5999984741211,76.4800033569336,76.4800033569336,962,0.0,0.0,0.0
2024-08-07 15:15:00-04:00,76.54000091552734,76.54000091552734,76.5199966430664,76.54000091552734,1015,0.0,0.0,0.0
2024-08-07 15:20:00-04:00,76.5999984741211,76.62999725341797,76.47000122070312,76.47000122070312,1136,0.0,0.0,0.0
2024-08-07 15:25:00-04:00,76.4800033569336,76.48999786376953,76.4800033569336,76.4800033569336,647,0.0,0.0,0.0
2024-08-07 15:30:00-04:00,76.41500091552734,76.50900268554688,76.41500091552734,76.48999786376953,4482,0.0,0.0,0.0
2024-08-07 15:35:00-04:00,76.4800033569336,76.52999877929688,76.47000122070312,76.47000122070312,402,0.0,0.0,0.0
2024-08-07 15:40:00-04:00,76.41000366210938,76.41000366210938,76.31999969482422,76.33000183105469,829,0.0,0.0,0.0
2024-08-07 15:45:00-04:00,76.33999633789062,76.47899627685547,76.31999969482422,76.47000122070312,2636,0.0,0.0,0.0
2024-08-07 15:50:00-04:00,76.47000122070312,76.47000122070312,76.18000030517578,76.18000030517578,5504,0.0,0.0,0.0
2024-08-07 15:55:00-04:00,76.19000244140625,76.19000244140625,76.08000183105469,76.18000030517578,4420,0.0,0.0,0.0
2024-08-08 09:30:00-04:00,76.76000213623047,76.76000213623047,76.76000213623047,76.76000213623047,0,0.0,0.0,0.0
2024-08-08 09:35:00-04:00,76.68000030517578,76.72000122070312,76.66000366210938,76.72000122070312,548,0.0,0.0,0.0
2024-08-08 09:40:00-04:00,76.76100158691406,76.76100158691406,76.76100158691406,76.76100158691406,137,0.0,0.0,0.0
2024-08-08 09:45:00-04:00,76.80999755859375,76.80999755859375,76.66999816894531,76.66999816894531,1598,0.0,0.0,0.0
2024-08-08 09:55:00-04:00,76.94999694824219,76.94999694824219,76.94999694824219,76.94999694824219,123,0.0,0.0,0.0
2024-08-08 10:00:00-04:00,77.12000274658203,77.2699966430664,77.12000274658203,77.2699966430664,351,0.0,0.0,0.0
2024-08-08 10:05:00-04:00,77.2300033569336,77.2300033569336,77.2300033569336,77.2300033569336,326,0.0,0.0,0.0
2024-08-08 10:10:00-04:00,77.1697006225586,77.1697006225586,77.1697006225586,77.1697006225586,327,0.0,0.0,0.0
2024-08-08 10:15:00-04:00,77.2300033569336,77.27999877929688,77.2125015258789,77.2125015258789,781,0.0,0.0,0.0
2024-08-08 10:20:00-04:00,77.19000244140625,77.19000244140625,77.19000244140625,77.19000244140625,0,0.0,0.0,0.0
2024-08-08 10:30:00-04:00,77.4000015258789,77.41999816894531,77.4000015258789,77.41999816894531,5355,0.0,0.0,0.0
2024-08-08 10:35:00-04:00,77.41999816894531,77.52999877929688,77.41999816894531,77.47000122070312,2035,0.0,0.0,0.0
2024-08-08 10:40:00-04:00,77.47000122070312,77.47000122070312,77.37999725341797,77.44000244140625,1442,0.0,0.0,0.0
2024-08-08 10:45:00-04:00,77.45999908447266,77.54000091552734,77.45999908447266,77.54000091552734,1064,0.0,0.0,0.0
2024-08-08 10:50:00-04:00,77.55999755859375,77.56449890136719,77.5,77.52999877929688,2188,0.0,0.0,0.0
2024-08-08 10:55:00-04:00,77.55999755859375,77.55999755859375,77.55999755859375,77.55999755859375,600,0.0,0.0,0.0
2024-08-08 11:00:00-04:00,77.58000183105469,77.58000183105469,77.5,77.5,754,0.0,0.0,0.0
2024-08-08 11:05:00-04:00,77.55999755859375,77.58999633789062,77.5199966430664,77.52999877929688,2139,0.0,0.0,0.0
2024-08-08 11:10:00-04:00,77.5199966430664,77.5199966430664,77.3499984741211,77.37999725341797,4461,0.0,0.0,0.0
2024-08-08 11:15:00-04:00,77.4000015258789,77.4000015258789,77.37999725341797,77.37999725341797,740,0.0,0.0,0.0
2024-08-08 11:20:00-04:00,77.44000244140625,77.44000244140625,77.43000030517578,77.43000030517578,430,0.0,0.0,0.0
2024-08-08 11:25:00-04:00,77.58999633789062,77.58999633789062,77.58999633789062,77.58999633789062,107,0.0,0.0,0.0
2024-08-08 11:30:00-04:00,77.5199966430664,77.5199966430664,77.5199966430664,77.5199966430664,225,0.0,0.0,0.0
2024-08-08 11:35:00-04:00,77.52999877929688,77.52999877929688,77.4800033569336,77.4800033569336,400,0.0,0.0,0.0
2024-08-08 11:40:00-04:00,77.43000030517578,77.43000030517578,77.41000366210938,77.41000366210938,408,0.0,0.0,0.0
2024-08-08 11:45:00-04:00,77.37000274658203,77.37000274658203,77.3499984741211,77.3499984741211,200,0.0,0.0,0.0
2024-08-08 11:50:00-04:00,77.41999816894531,77.41999816894531,77.41999816894531,77.41999816894531,100,0.0,0.0,0.0
2024-08-08 11:55:00-04:00,77.41999816894531,77.44999694824219,77.41999816894531,77.43000030517578,300,0.0,0.0,0.0
2024-08-08 12:05:00-04:00,77.5999984741211,77.62999725341797,77.5999984741211,77.62999725341797,432,0.0,0.0,0.0
2024-08-08 12:15:00-04:00,77.55000305175781,77.55000305175781,77.55000305175781,77.55000305175781,379,0.0,0.0,0.0
2024-08-08 12:25:00-04:00,77.62000274658203,77.62000274658203,77.5199966430664,77.5199966430664,867,0.0,0.0,0.0
2024-08-08 12:30:00-04:00,77.48999786376953,77.48999786376953,77.44000244140625,77.44000244140625,506,0.0,0.0,0.0
2024-08-08 12:40:00-04:00,77.29000091552734,77.31999969482422,77.29000091552734,77.31999969482422,300,0.0,0.0,0.0
2024-08-08 12:45:00-04:00,77.47000122070312,77.47000122070312,77.47000122070312,77.47000122070312,100,0.0,0.0,0.0
2024-08-08 12:50:00-04:00,77.45999908447266,77.45999908447266,77.45999908447266,77.45999908447266,290,0.0,0.0,0.0
2024-08-08 13:00:00-04:00,77.4708023071289,77.4708023071289,77.38999938964844,77.38999938964844,1022,0.0,0.0,0.0
2024-08-08 13:25:00-04:00,77.7249984741211,77.7249984741211,77.7249984741211,77.7249984741211,215,0.0,0.0,0.0
2024-08-08 13:30:00-04:00,77.81999969482422,77.81999969482422,77.81999969482422,77.81999969482422,200,0.0,0.0,0.0
2024-08-08 13:35:00-04:00,77.80000305175781,77.80000305175781,77.76000213623047,77.77999877929688,3254,0.0,0.0,0.0
2024-08-08 13:45:00-04:00,77.83679962158203,77.83679962158203,77.83679962158203,77.83679962158203,717,0.0,0.0,0.0
2024-08-08 14:00:00-04:00,77.7699966430664,77.83999633789062,77.7699966430664,77.83999633789062,1792,0.0,0.0,0.0
2024-08-08 14:05:00-04:00,77.8499984741211,77.8499984741211,77.83000183105469,77.83000183105469,380,0.0,0.0,0.0
2024-08-08 14:15:00-04:00,77.88999938964844,77.9000015258789,77.88999938964844,77.9000015258789,330,0.0,0.0,0.0
2024-08-08 14:20:00-04:00,77.91500091552734,77.91500091552734,77.91500091552734,77.91500091552734,160,0.0,0.0,0.0
2024-08-08 14:25:00-04:00,77.91000366210938,77.91000366210938,77.91000366210938,77.91000366210938,124,0.0,0.0,0.0
2024-08-08 14:30:00-04:00,77.86000061035156,77.86000061035156,77.86000061035156,77.86000061035156,125,0.0,0.0,0.0
2024-08-08 14:45:00-04:00,77.82119750976562,77.82119750976562,77.82119750976562,77.82119750976562,402,0.0,0.0,0.0
2024-08-08 14:50:00-04:00,77.82009887695312,77.83000183105469,77.82009887695312,77.83000183105469,285,0.0,0.0,0.0
2024-08-08 15:00:00-04:00,77.75509643554688,77.75509643554688,77.75509643554688,77.75509643554688,245,0.0,0.0,0.0
2024-08-08 15:05:00-04:00,77.777099609375,77.777099609375,77.777099609375,77.777099609375,306,0.0,0.0,0.0
2024-08-08 15:15:00-04:00,77.86000061035156,77.86000061035156,77.86000061035156,77.86000061035156,225,0.0,0.0,0.0
2024-08-08 15:20:00-04:00,77.8499984741211,77.86000061035156,77.82009887695312,77.82009887695312,698,0.0,0.0,0.0
2024-08-08 15:25:00-04:00,77.81999969482422,77.82019805908203,77.76000213623047,77.7699966430664,5650,0.0,0.0,0.0
2024-08-08 15:30:00-04:00,77.69999694824219,77.69999694824219,77.62539672851562,77.6500015258789,1391,0.0,0.0,0.0
2024-08-08 15:40:00-04:00,77.74169921875,77.83999633789062,77.74169921875,77.83999633789062,488,0.0,0.0,0.0
2024-08-08 15:45:00-04:00,77.83999633789062,77.83999633789062,77.77999877929688,77.83000183105469,1113,0.0,0.0,0.0
2024-08-08 15:50:00-04:00,77.7699966430664,77.80999755859375,77.69000244140625,77.79000091552734,1316,0.0,0.0,0.0
2024-08-08 15:55:00-04:00,77.80999755859375,77.80999755859375,77.72010040283203,77.73999786376953,2905,0.0,0.0,0.0
2024-08-09 09:30:00-04:00,77.88999938964844,77.88999938964844,77.88999938964844,77.88999938964844,0,0.0,0.0,0.0
2024-08-09 09:35:00-04:00,77.87999725341797,77.87999725341797,77.87999725341797,77.87999725341797,101,0.0,0.0,0.0
2024-08-09 09:40:00-04:00,77.66000366210938,77.68000030517578,77.66000366210938,77.68000030517578,583,0.0,0.0,0.0
2024-08-09 09:45:00-04:00,77.72000122070312,77.72000122070312,77.72000122070312,77.72000122070312,1077,0.0,0.0,0.0
2024-08-09 10:10:00-04:00,78.08999633789062,78.12999725341797,78.08999633789062,78.08999633789062,719,0.0,0.0,0.0
2024-08-09 10:15:00-04:00,77.9800033569336,77.9800033569336,77.9800033569336,77.9800033569336,186,0.0,0.0,0.0
2024-08-09 10:20:00-04:00,77.98999786376953,78.01000213623047,77.98999786376953,78.01000213623047,460,0.0,0.0,0.0
2024-08-09 10:25:00-04:00,77.95999908447266,77.99729919433594,77.95999908447266,77.99729919433594,738,0.0,0.0,0.0
2024-08-09 10:30:00-04:00,77.91999816894531,77.91999816894531,77.83999633789062,77.83999633789062,0,0.0,0.0,0.0
2024-08-09 10:35:00-04:00,77.83999633789062,77.86900329589844,77.77999877929688,77.83000183105469,8507,0.0,0.0,0.0
2024-08-09 10:40:00-04:00,77.83999633789062,77.83999633789062,77.80999755859375,77.83000183105469,1086,0.0,0.0,0.0
2024-08-09 10:45:00-04:00,77.81999969482422,77.92500305175781,77.81999969482422,77.86000061035156,2388,0.0,0.0,0.0
2024-08-09 10:50:00-04:00,78.00499725341797,78.01000213623047,77.94999694824219,77.94999694824219,627,0.0,0.0,0.0
2024-08-09 10:55:00-04:00,78.02999877929688,78.06999969482422,77.98999786376953,78.0250015258789,926,0.0,0.0,0.0
2024-08-09 11:05:00-04:00,78.13999938964844,78.13999938964844,78.13999938964844,78.13999938964844,186,0.0,0.0,0.0
2024-08-09 11:10:00-04:00,78.11000061035156,78.11000061035156,78.11000061035156,78.11000061035156,434,0.0,0.0,0.0
2024-08-09 11:25:00-04:00,78.16000366210938,78.16000366210938,78.16000366210938,78.16000366210938,177,0.0,0.0,0.0
2024-08-09 11:40:00-04:00,78.0,78.0,77.97000122070312,77.97000122070312,265,0.0,0.0,0.0
2024-08-09 11:50:00-04:00,78.16560363769531,78.16560363769531,78.16560363769531,78.16560363769531,0,0.0,0.0,0.0
2024-08-09 11:55:00-04:00,77.97000122070312,77.97000122070312,77.97000122070312,77.97000122070312,15176,0.0,0.0,0.0
2024-08-09 12:00:00-04:00,77.95999908447266,77.95999908447266,77.92500305175781,77.92500305175781,297,0.0,0.0,0.0
2024-08-09 12:05:00-04:00,77.88999938964844,77.89009857177734,77.87999725341797,77.87999725341797,840,0.0,0.0,0.0
2024-08-09 12:10:00-04:00,77.8499984741211,77.8499984741211,77.8499984741211,77.8499984741211,106,0.0,0.0,0.0
2024-08-09 12:15:00-04:00,77.87999725341797,77.88999938964844,77.87999725341797,77.88999938964844,205,0.0,0.0,0.0
2024-08-09 12:25:00-04:00,77.87999725341797,77.87999725341797,77.87999725341797,77.87999725341797,585,0.0,0.0,0.0
2024-08-09 12:40:00-04:00,77.97000122070312,77.97000122070312,77.97000122070312,77.97000122070312,103,0.0,0.0,0.0
2024-08-09 12:45:00-04:00,77.9800033569336,77.9800033569336,77.9800033569336,77.9800033569336,100,0.0,0.0,0.0
2024-08-09 12:50:00-04:00,78.02999877929688,78.02999877929688,78.02999877929688,78.02999877929688,228,0.0,0.0,0.0
2024-08-09 13:15:00-04:00,78.23999786376953,78.27999877929688,78.23999786376953,78.27999877929688,744,0.0,0.0,0.0
2024-08-09 13:20:00-04:00,78.30999755859375,78.30999755859375,78.30000305175781,78.30000305175781,291,0.0,0.0,0.0
2024-08-09 13:25:00-04:00,78.31999969482422,78.31999969482422,78.31999969482422,78.31999969482422,102,0.0,0.0,0.0
2024-08-09 13:30:00-04:00,78.43000030517578,78.44999694824219,78.43000030517578,78.44999694824219,723,0.0,0.0,0.0
2024-08-09 13:35:00-04:00,78.43000030517578,78.43000030517578,78.43000030517578,78.43000030517578,101,0.0,0.0,0.0
2024-08-09 13:40:00-04:00,78.41999816894531,78.41999816894531,78.31649780273438,78.33999633789062,5557,0.0,0.0,0.0
2024-08-09 13:45:00-04:00,78.33000183105469,78.33000183105469,78.30000305175781,78.30000305175781,1008,0.0,0.0,0.0
2024-08-09 13:50:00-04:00,78.2699966430664,78.27999877929688,78.16000366210938,78.18000030517578,1123,0.0,0.0,0.0
2024-08-09 13:55:00-04:00,78.20999908447266,78.20999908447266,78.19000244140625,78.19000244140625,544,0.0,0.0,0.0
2024-08-09 14:00:00-04:00,78.19000244140625,78.23999786376953,78.13999938964844,78.13999938964844,1027,0.0,0.0,0.0
2024-08-09 14:10:00-04:00,78.19999694824219,78.19999694824219,78.12000274658203,78.12000274658203,802,0.0,0.0,0.0
2024-08-09 14:15:00-04:00,78.12439727783203,78.12439727783203,78.12000274658203,78.12000274658203,344,0.0,0.0,0.0
2024-08-09 14:25:00-04:00,78.04499816894531,78.04499816894531,78.02279663085938,78.02279663085938,787,0.0,0.0,0.0
2024-08-09 14:30:00-04:00,78.05000305175781,78.05500030517578,78.05000305175781,78.05500030517578,329,0.0,0.0,0.0
2024-08-09 14:45:00-04:00,78.16999816894531,78.16999816894531,78.13999938964844,78.13999938964844,278,0.0,0.0,0.0
2024-08-09 14:50:00-04:00,78.08000183105469,78.08000183105469,78.04000091552734,78.04000091552734,300,0.0,0.0,0.0
2024-08-09 14:55:00-04:00,78.05999755859375,78.06999969482422,78.05999755859375,78.05999755859375,1327,0.0,0.0,0.0
2024-08-09 15:00:00-04:00,78.05000305175781,78.05000305175781,78.05000305175781,78.05000305175781,102,0.0,0.0,0.0
2024-08-09 15:05:00-04:00,78.08999633789062,78.0999984741211,78.08999633789062,78.0999984741211,274,0.0,0.0,0.0
2024-08-09 15:10:00-04:00,78.1500015258789,78.1500015258789,78.1500015258789,78.1500015258789,183,0.0,0.0,0.0
2024-08-09 15:15:00-04:00,78.16999816894531,78.18000030517578,78.16999816894531,78.18000030517578,426,0.0,0.0,0.0
2024-08-09 15:20:00-04:00,78.15989685058594,78.16000366210938,78.08999633789062,78.11000061035156,3927,0.0,0.0,0.0
2024-08-09 15:25:00-04:00,78.16500091552734,78.16500091552734,78.16000366210938,78.16000366210938,326,0.0,0.0,0.0
2024-08-09 15:30:00-04:00,78.16000366210938,78.16000366210938,78.16000366210938,78.16000366210938,136,0.0,0.0,0.0
2024-08-09 15:35:00-04:00,78.12000274658203,78.12000274658203,78.12000274658203,78.12000274658203,120,0.0,0.0,0.0
2024-08-09 15:40:00-04:00,78.16000366210938,78.18000030517578,78.12000274658203,78.12000274658203,1299,0.0,0.0,0.0
2024-08-09 15:45:00-04:00,78.16999816894531,78.16999816894531,78.16059875488281,78.16059875488281,476,0.0,0.0,0.0
2024-08-09 15:55:00-04:00,78.12999725341797,78.2300033569336,78.12999725341797,78.16999816894531,3291,0.0,0.0,0.0
2024-08-12 09:30:00-04:00,78.33999633789062,78.33999633789062,78.07279968261719,78.07279968261719,571,0.0,0.0,0.0
2024-08-12 09:35:00-04:00,78.01000213623047,78.01000213623047,78.01000213623047,78.01000213623047,430,0.0,0.0,0.0
2024-08-12 09:40:00-04:00,77.86000061035156,77.86000061035156,77.86000061035156,77.86000061035156,321,0.0,0.0,0.0
2024-08-12 09:50:00-04:00,77.72000122070312,77.72000122070312,77.72000122070312,77.72000122070312,380,0.0,0.0,0.0
2024-08-12 09:55:00-04:00,77.70999908447266,77.70999908447266,77.55000305175781,77.55000305175781,14365,0.0,0.0,0.0
2024-08-12 10:05:00-04:00,77.78459930419922,77.78459930419922,77.78459930419922,77.78459930419922,275,0.0,0.0,0.0
2024-08-12 10:15:00-04:00,77.99600219726562,77.99600219726562,77.99600219726562,77.99600219726562,328,0.0,0.0,0.0
2024-08-12 10:20:00-04:00,78.13999938964844,78.13999938964844,78.08999633789062,78.08999633789062,1306,0.0,0.0,0.0
2024-08-12 10:50:00-04:00,78.27999877929688,78.3053970336914,78.2699966430664,78.3053970336914,935,0.0,0.0,0.0
2024-08-12 11:00:00-04:00,78.35009765625,78.35009765625,78.35009765625,78.35009765625,176,0.0,0.0,0.0
2024-08-12 11:10:00-04:00,78.30999755859375,78.30999755859375,78.30999755859375,78.30999755859375,150,0.0,0.0,0.0
2024-08-12 11:15:00-04:00,78.29000091552734,78.30999755859375,78.26000213623047,78.29000091552734,1132,0.0,0.0,0.0
2024-08-12 11:20:00-04:00,78.30000305175781,78.30999755859375,77.86000061035156,77.86000061035156,1715,0.0,0.0,0.0
2024-08-12 11:25:00-04:00,77.83999633789062,77.97000122070312,77.83000183105469,77.97000122070312,900,0.0,0.0,0.0
2024-08-12 11:30:00-04:00,77.94000244140625,77.94000244140625,77.8499984741211,77.93000030517578,1200,0.0,0.0,0.0
2024-08-12 11:35:00-04:00,77.91999816894531,77.95999908447266,77.88999938964844,77.94999694824219,1700,0.0,0.0,0.0
2024-08-12 11:40:00-04:00,77.92019653320312,77.95999908447266,77.91999816894531,77.95999908447266,1111,0.0,0.0,0.0
2024-08-12 11:45:00-04:00,77.9800033569336,78.05999755859375,77.93000030517578,78.05999755859375,1405,0.0,0.0,0.0
2024-08-12 11:50:00-04:00,78.05999755859375,78.19999694824219,78.05999755859375,78.19999694824219,1500,0.0,0.0,0.0
2024-08-12 11:55:00-04:00,78.19999694824219,78.30000305175781,78.18000030517578,78.30000305175781,1705,0.0,0.0,0.0
2024-08-12 12:00:00-04:00,78.33930206298828,78.33930206298828,78.33930206298828,78.33930206298828,556,0.0,0.0,0.0
2024-08-12 12:10:00-04:00,78.22000122070312,78.22000122070312,78.22000122070312,78.22000122070312,595,0.0,0.0,0.0
2024-08-12 12:25:00-04:00,78.23989868164062,78.23999786376953,78.2300033569336,78.23079681396484,4800,0.0,0.0,0.0
2024-08-12 12:30:00-04:00,78.22000122070312,78.22000122070312,78.22000122070312,78.22000122070312,105,0.0,0.0,0.0
2024-08-12 12:35:00-04:00,78.13999938964844,78.16999816894531,78.12090301513672,78.16999816894531,20215,0.0,0.0,0.0
2024-08-12 12:40:00-04:00,78.19200134277344,78.19200134277344,78.19200134277344,78.19200134277344,186,0.0,0.0,0.0
2024-08-12 12:50:00-04:00,78.13999938964844,78.1500015258789,78.13999938964844,78.13999938964844,915,0.0,0.0,0.0
2024-08-12 12:55:00-04:00,78.05999755859375,78.05999755859375,78.0199966430664,78.0199966430664,710,0.0,0.0,0.0
2024-08-12 13:05:00-04:00,77.94000244140625,77.95999908447266,77.94000244140625,77.95999908447266,821,0.0,0.0,0.0
2024-08-12 13:10:00-04:00,77.94999694824219,78.0,77.94000244140625,78.0,992,0.0,0.0,0.0
2024-08-12 13:15:00-04:00,78.01000213623047,78.01000213623047,78.01000213623047,78.01000213623047,202,0.0,0.0,0.0
2024-08-12 13:20:00-04:00,78.11000061035156,78.12000274658203,78.11000061035156,78.12000274658203,399,0.0,0.0,0.0
2024-08-12 13:25:00-04:00,78.06999969482422,78.06999969482422,78.06999969482422,78.06999969482422,403,0.0,0.0,0.0
2024-08-12 13:30:00-04:00,78.0999984741211,78.12999725341797,78.0999984741211,78.12999725341797,806,0.0,0.0,0.0
2024-08-12 13:35:00-04:00,78.13999938964844,78.13999938964844,78.06999969482422,78.06999969482422,811,0.0,0.0,0.0
2024-08-12 13:40:00-04:00,78.02999877929688,78.02999877929688,78.02999877929688,78.02999877929688,530,0.0,0.0,0.0
2024-08-12 13:50:00-04:00,77.9000015258789,77.9000015258789,77.88999938964844,77.9000015258789,642,0.0,0.0,0.0
2024-08-12 13:55:00-04:00,77.93000030517578,77.93000030517578,77.93000030517578,77.93000030517578,307,0.0,0.0,0.0
2024-08-12 14:00:00-04:00,77.97000122070312,77.97000122070312,77.97000122070312,77.97000122070312,410,0.0,0.0,0.0
2024-08-12 14:05:00-04:00,77.95999908447266,77.97000122070312,77.95999908447266,77.97000122070312,424,0.0,0.0,0.0
2024-08-12 14:10:00-04:00,77.94999694824219,77.94999694824219,77.94999694824219,77.94999694824219,301,0.0,0.0,0.0
2024-08-12 14:15:00-04:00,78.01000213623047,78.0199966430664,78.01000213623047,78.0199966430664,320,0.0,0.0,0.0
2024-08-12 14:25:00-04:00,77.9728012084961,77.9728012084961,77.9728012084961,77.9728012084961,189,0.0,0.0,0.0
2024-08-12 14:30:00-04:00,77.94400024414062,77.94400024414062,77.94400024414062,77.94400024414062,411,0.0,0.0,0.0
2024-08-12 14:35:00-04:00,77.97000122070312,77.97000122070312,77.97000122070312,77.97000122070312,549,0.0,0.0,0.0
2024-08-12 14:40:00-04:00,77.95999908447266,77.98999786376953,77.95999908447266,77.98999786376953,1297,0.0,0.0,0.0
2024-08-12 14:45:00-04:00,77.98999786376953,78.0,77.98999786376953,78.0,445,0.0,0.0,0.0
2024-08-12 14:50:00-04:00,77.9749984741211,77.9749984741211,77.9749984741211,77.9749984741211,493,0.0,0.0,0.0
2024-08-12 14:55:00-04:00,77.96089935302734,78.01000213623047,77.96089935302734,78.01000213623047,1594,0.0,0.0,0.0
2024-08-12 15:00:00-04:00,77.9800033569336,77.9800033569336,77.95989990234375,77.95989990234375,888,0.0,0.0,0.0
2024-08-12 15:05:00-04:00,77.94999694824219,77.94999694824219,77.94000244140625,77.94000244140625,1216,0.0,0.0,0.0
2024-08-12 15:10:00-04:00,77.95999908447266,77.95999908447266,77.91999816894531,77.91999816894531,386,0.0,0.0,0.0
2024-08-12 15:15:00-04:00,77.91000366210938,77.93009948730469,77.91000366210938,77.93009948730469,737,0.0,0.0,0.0
2024-08-12 15:20:00-04:00,77.91999816894531,77.91999816894531,77.91999816894531,77.91999816894531,130,0.0,0.0,0.0
2024-08-12 15:30:00-04:00,77.93000030517578,77.93000030517578,77.91999816894531,77.91999816894531,836,0.0,0.0,0.0
2024-08-12 15:35:00-04:00,77.91000366210938,77.91000366210938,77.9000015258789,77.9000015258789,417,0.0,0.0,0.0
2024-08-12 15:40:00-04:00,77.86000061035156,77.86990356445312,77.86000061035156,77.86990356445312,200,0.0,0.0,0.0
2024-08-12 15:45:00-04:00,77.86000061035156,77.86000061035156,77.86000061035156,77.86000061035156,200,0.0,0.0,0.0
2024-08-12 15:50:00-04:00,77.9000015258789,77.9000015258789,77.81500244140625,77.83000183105469,1235,0.0,0.0,0.0
2024-08-12 15:55:00-04:00,77.87000274658203,77.98999786376953,77.87000274658203,77.98999786376953,0,0.0,0.0,0.0
2024-08-13 09:30:00-04:00,78.27999877929688,78.5510025024414,78.27999877929688,78.5510025024414,1272,0.0,0.0,0.0
2024-08-13 09:40:00-04:00,78.58989715576172,78.5999984741211,78.57369995117188,78.57369995117188,943,0.0,0.0,0.0
2024-08-13 09:45:00-04:00,78.66000366210938,78.69000244140625,78.66000366210938,78.66999816894531,1419,0.0,0.0,0.0
2024-08-13 09:50:00-04:00,78.67500305175781,78.72000122070312,78.67500305175781,78.72000122070312,0,0.0,0.0,0.0
2024-08-13 09:55:00-04:00,78.52999877929688,78.55000305175781,78.4801025390625,78.55000305175781,6761,0.0,0.0,0.0
2024-08-13 10:10:00-04:00,78.48999786376953,78.48999786376953,78.48999786376953,78.48999786376953,200,0.0,0.0,0.0
2024-08-13 10:15:00-04:00,78.55999755859375,78.55999755859375,78.41000366210938,78.41000366210938,213,0.0,0.0,0.0
2024-08-13 10:20:00-04:00,78.4800033569336,78.4800033569336,78.4800033569336,78.4800033569336,197,0.0,0.0,0.0
2024-08-13 10:25:00-04:00,78.63909912109375,78.63909912109375,78.63909912109375,78.63909912109375,161,0.0,0.0,0.0
2024-08-13 10:30:00-04:00,78.56999969482422,78.56999969482422,78.4800033569336,78.5,1833,0.0,0.0,0.0
2024-08-13 10:45:00-04:00,78.64969635009766,78.77999877929688,78.64969635009766,78.7699966430664,2470,0.0,0.0,0.0
2024-08-13 10:50:00-04:00,78.7699966430664,78.7699966430664,78.70999908447266,78.70999908447266,732,0.0,0.0,0.0
2024-08-13 10:55:00-04:00,78.69000244140625,78.69000244140625,78.69000244140625,78.69000244140625,185,0.0,0.0,0.0
2024-08-13 11:05:00-04:00,78.75,78.75,78.70999908447266,78.70999908447266,209,0.0,0.0,0.0
2024-08-13 11:10:00-04:00,78.68370056152344,78.68370056152344,78.68370056152344,78.68370056152344,870,0.0,0.0,0.0
2024-08-13 11:15:00-04:00,78.69000244140625,78.69000244140625,78.69000244140625,78.69000244140625,110,0.0,0.0,0.0
2024-08-13 11:20:00-04:00,78.70500183105469,78.72000122070312,78.70500183105469,78.72000122070312,653,0.0,0.0,0.0
2024-08-13 11:25:00-04:00,78.72000122070312,78.72000122070312,78.69000244140625,78.69000244140625,632,0.0,0.0,0.0
2024-08-13 11:30:00-04:00,78.69999694824219,78.69999694824219,78.69000244140625,78.69000244140625,1446,0.0,0.0,0.0
2024-08-13 11:35:00-04:00,78.69999694824219,78.69999694824219,78.69999694824219,78.69999694824219,179,0.0,0.0,0.0
2024-08-13 11:40:00-04:00,78.75,78.75299835205078,78.75,78.75299835205078,529,0.0,0.0,0.0
2024-08-13 11:55:00-04:00,78.87000274658203,78.87000274658203,78.87000274658203,78.87000274658203,233,0.0,0.0,0.0
2024-08-13 12:00:00-04:00,78.86000061035156,78.86000061035156,78.8499984741211,78.8499984741211,311,0.0,0.0,0.0
2024-08-13 12:05:00-04:00,78.9009017944336,78.94000244140625,78.9009017944336,78.94000244140625,3885,0.0,0.0,0.0
2024-08-13 12:20:00-04:00,79.04000091552734,79.07009887695312,79.04000091552734,79.04340362548828,653,0.0,0.0,0.0
2024-08-13 12:25:00-04:00,79.06009674072266,79.08000183105469,79.04000091552734,79.04000091552734,777,0.0,0.0,0.0
2024-08-13 12:30:00-04:00,79.02999877929688,79.02999877929688,78.9800033569336,79.029296875,1892,0.0,0.0,0.0
2024-08-13 12:40:00-04:00,79.18000030517578,79.18000030517578,79.18000030517578,79.18000030517578,172,0.0,0.0,0.0
2024-08-13 12:45:00-04:00,79.19000244140625,79.23999786376953,79.19000244140625,79.23999786376953,2861,0.0,0.0,0.0
2024-08-13 13:00:00-04:00,79.26000213623047,79.26000213623047,79.23999786376953,79.23999786376953,319,0.0,0.0,0.0
2024-08-13 13:05:00-04:00,79.20999908447266,79.23999786376953,79.20999908447266,79.23999786376953,364,0.0,0.0,0.0
2024-08-13 13:15:00-04:00,79.30000305175781,79.30000305175781,79.30000305175781,79.30000305175781,453,0.0,0.0,0.0
2024-08-13 13:30:00-04:00,79.31909942626953,79.31909942626953,79.252197265625,79.2699966430664,1088,0.0,0.0,0.0
2024-08-13 13:40:00-04:00,79.29560089111328,79.30000305175781,79.29560089111328,79.30000305175781,798,0.0,0.0,0.0
2024-08-13 13:45:00-04:00,79.36000061035156,79.36000061035156,79.18000030517578,79.2699966430664,10867,0.0,0.0,0.0
2024-08-13 13:50:00-04:00,79.26000213623047,79.2699966430664,79.26000213623047,79.2699966430664,653,0.0,0.0,0.0
2024-08-13 13:55:00-04:00,79.3499984741211,79.36000061035156,79.30999755859375,79.31999969482422,1148,0.0,0.0,0.0
2024-08-13 14:00:00-04:00,79.31999969482422,79.31999969482422,79.30000305175781,79.30000305175781,481,0.0,0.0,0.0
2024-08-13 14:05:00-04:00,79.30000305175781,79.30000305175781,79.30000305175781,79.30000305175781,552,0.0,0.0,0.0
2024-08-13 14:15:00-04:00,79.30000305175781,79.30000305175781,79.22000122070312,79.25,1140,0.0,0.0,0.0
2024-08-13 14:30:00-04:00,79.33000183105469,79.33000183105469,79.33000183105469,79.33000183105469,177,0.0,0.0,0.0
2024-08-13 14:35:00-04:00,79.33999633789062,79.36000061035156,79.33999633789062,79.36000061035156,564,0.0,0.0,0.0
2024-08-13 14:45:00-04:00,79.37999725341797,79.38999938964844,79.37999725341797,79.38179779052734,527,0.0,0.0,0.0
2024-08-13 14:50:00-04:00,79.4000015258789,79.4000015258789,79.39129638671875,79.39129638671875,229,0.0,0.0,0.0
2024-08-13 14:55:00-04:00,79.3635025024414,79.38999938964844,79.3635025024414,79.38999938964844,1609,0.0,0.0,0.0
2024-08-13 15:00:00-04:00,79.37000274658203,79.37000274658203,79.37000274658203,79.37000274658203,225,0.0,0.0,0.0
2024-08-13 15:10:00-04:00,79.33000183105469,79.33000183105469,79.31629943847656,79.33000183105469,1432,0.0,0.0,0.0
2024-08-13 15:15:00-04:00,79.3196029663086,79.3196029663086,79.30000305175781,79.30000305175781,690,0.0,0.0,0.0
2024-08-13 15:20:00-04:00,79.29000091552734,79.29000091552734,79.29000091552734,79.29000091552734,281,0.0,0.0,0.0
2024-08-13 15:25:00-04:00,79.33090209960938,79.33090209960938,79.33090209960938,79.33090209960938,159,0.0,0.0,0.0
2024-08-13 15:30:00-04:00,79.36000061035156,79.36000061035156,79.36000061035156,79.36000061035156,479,0.0,0.0,0.0
2024-08-13 15:35:00-04:00,79.39649963378906,79.39649963378906,79.36499786376953,79.37999725341797,1505,0.0,0.0,0.0
2024-08-13 15:40:00-04:00,79.36109924316406,79.37999725341797,79.36000061035156,79.36000061035156,953,0.0,0.0,0.0
2024-08-13 15:45:00-04:00,79.38999938964844,79.5,79.38999938964844,79.5,9981,0.0,0.0,0.0
2024-08-13 15:50:00-04:00,79.36000061035156,79.43000030517578,79.3499984741211,79.3499984741211,622,0.0,0.0,0.0
2024-08-13 15:55:00-04:00,79.37999725341797,79.47000122070312,79.37999725341797,79.44000244140625,4437,0.0,0.0,0.0
2024-08-14 09:30:00-04:00,79.55999755859375,79.66000366210938,79.55999755859375,79.6500015258789,2872,0.0,0.0,0.0
2024-08-14 09:40:00-04:00,79.47000122070312,79.47000122070312,79.47000122070312,79.47000122070312,1060,0.0,0.0,0.0
2024-08-14 09:55:00-04:00,79.39710235595703,79.39710235595703,79.39710235595703,79.39710235595703,150,0.0,0.0,0.0
2024-08-14 10:00:00-04:00,79.4020004272461,79.4020004272461,79.4020004272461,79.4020004272461,101,0.0,0.0,0.0
2024-08-14 10:10:00-04:00,79.18000030517578,79.18000030517578,79.18000030517578,79.18000030517578,588,0.0,0.0,0.0
2024-08-14 10:15:00-04:00,79.1449966430664,79.20999908447266,79.1449966430664,79.20999908447266,1690,0.0,0.0,0.0
2024-08-14 10:20:00-04:00,79.2699966430664,79.2699966430664,79.2699966430664,79.2699966430664,548,0.0,0.0,0.0
2024-08-14 10:30:00-04:00,79.0999984741211,79.0999984741211,79.0999984741211,79.0999984741211,196,0.0,0.0,0.0
2024-08-14 10:40:00-04:00,79.06500244140625,79.06500244140625,79.06500244140625,79.06500244140625,104,0.0,0.0,0.0
2024-08-14 10:45:00-04:00,79.08000183105469,79.12000274658203,79.08000183105469,79.12000274658203,221,0.0,0.0,0.0
2024-08-14 10:50:00-04:00,79.11000061035156,79.11000061035156,79.11000061035156,79.11000061035156,141,0.0,0.0,0.0
2024-08-14 11:00:00-04:00,79.25,79.25,79.25,79.25,295,0.0,0.0,0.0
2024-08-14 11:05:00-04:00,79.15010070800781,79.16500091552734,79.15010070800781,79.16500091552734,9904,0.0,0.0,0.0
2024-08-14 11:15:00-04:00,79.25,79.27999877929688,79.25,79.2699966430664,774,0.0,0.0,0.0
2024-08-14 11:20:00-04:00,79.29000091552734,79.30999755859375,79.27999877929688,79.30000305175781,700,0.0,0.0,0.0
2024-08-14 11:25:00-04:00,79.30999755859375,79.31999969482422,79.30000305175781,79.30000305175781,802,0.0,0.0,0.0
2024-08-14 11:30:00-04:00,79.30999755859375,79.4000015258789,79.30999755859375,79.375,998,0.0,0.0,0.0
2024-08-14 11:35:00-04:00,79.38500213623047,79.38500213623047,79.3499984741211,79.3499984741211,829,0.0,0.0,0.0
2024-08-14 11:40:00-04:00,79.38500213623047,79.38999938964844,79.33000183105469,79.33000183105469,1026,0.0,0.0,0.0
2024-08-14 11:45:00-04:00,79.34500122070312,79.4000015258789,79.34500122070312,79.37999725341797,630,0.0,0.0,0.0
2024-08-14 11:50:00-04:00,79.37000274658203,79.4800033569336,79.37000274658203,79.4800033569336,2679,0.0,0.0,0.0
2024-08-14 11:55:00-04:00,79.4800033569336,79.51000213623047,79.4800033569336,79.5,1115,0.0,0.0,0.0
2024-08-14 12:00:00-04:00,79.4800033569336,79.4800033569336,79.4800033569336,79.4800033569336,261,0.0,0.0,0.0
2024-08-14 12:15:00-04:00,79.4000015258789,79.40499877929688,79.4000015258789,79.40499877929688,396,0.0,0.0,0.0
2024-08-14 12:20:00-04:00,79.34349822998047,79.3499984741211,79.26499938964844,79.26499938964844,2015,0.0,0.0,0.0
2024-08-14 12:35:00-04:00,79.18000030517578,79.18000030517578,79.18000030517578,79.18000030517578,552,0.0,0.0,0.0
2024-08-14 12:45:00-04:00,79.01000213623047,79.08999633789062,79.01000213623047,79.08999633789062,295,0.0,0.0,0.0
2024-08-14 13:20:00-04:00,79.23500061035156,79.25499725341797,79.23500061035156,79.25499725341797,2730,0.0,0.0,0.0
2024-08-14 13:25:00-04:00,79.26029968261719,79.26570129394531,79.25,79.25,9165,0.0,0.0,0.0
2024-08-14 13:55:00-04:00,79.31999969482422,79.31999969482422,79.31999969482422,79.31999969482422,550,0.0,0.0,0.0
2024-08-14 14:40:00-04:00,79.3550033569336,79.37000274658203,79.3550033569336,79.37000274658203,1699,0.0,0.0,0.0
2024-08-14 14:45:00-04:00,79.33769989013672,79.33769989013672,79.33769989013672,79.33769989013672,135,0.0,0.0,0.0
2024-08-14 14:55:00-04:00,79.41480255126953,79.41480255126953,79.41480255126953,79.41480255126953,195,0.0,0.0,0.0
2024-08-14 15:10:00-04:00,79.30999755859375,79.30999755859375,79.30999755859375,79.30999755859375,244,0.0,0.0,0.0
2024-08-14 15:20:00-04:00,79.23999786376953,79.26000213623047,79.23999786376953,79.26000213623047,650,0.0,0.0,0.0
2024-08-14 15:30:00-04:00,79.22200012207031,79.22200012207031,79.22200012207031,79.22200012207031,131,0.0,0.0,0.0
2024-08-14 15:35:00-04:00,79.22000122070312,79.22000122070312,79.22000122070312,79.22000122070312,299,0.0,0.0,0.0
2024-08-14 15:40:00-04:00,79.23999786376953,79.25,79.23999786376953,79.25,425,0.0,0.0,0.0
2024-08-14 15:45:00-04:00,79.2699966430664,79.2699966430664,79.2699966430664,79.2699966430664,237,0.0,0.0,0.0
2024-08-14 15:55:00-04:00,79.3550033569336,79.3550033569336,79.30000305175781,79.31999969482422,0,0.0,0.0,0.0
2024-08-15 09:30:00-04:00,81.0999984741211,81.27999877929688,81.0999984741211,81.22000122070312,18134,0.0,0.0,0.0
2024-08-15 09:35:00-04:00,81.25,81.35970306396484,81.25,81.33000183105469,3985,0.0,0.0,0.0
2024-08-15 09:40:00-04:00,81.33000183105469,81.33000183105469,81.19090270996094,81.25,4711,0.0,0.0,0.0
2024-08-15 09:45:00-04:00,81.25,81.26000213623047,81.1449966430664,81.1449966430664,824,0.0,0.0,0.0
2024-08-15 09:50:00-04:00,81.0999984741211,81.13999938964844,81.0999984741211,81.11499786376953,4698,0.0,0.0,0.0
2024-08-15 10:00:00-04:00,81.0999984741211,81.13999938964844,81.0999984741211,81.13999938964844,502,0.0,0.0,0.0
2024-08-15 10:05:00-04:00,80.9800033569336,80.9800033569336,80.9800033569336,80.9800033569336,109,0.0,0.0,0.0
2024-08-15 10:10:00-04:00,80.94999694824219,80.9800033569336,80.94999694824219,80.9800033569336,254,0.0,0.0,0.0
2024-08-15 10:15:00-04:00,81.05000305175781,81.06999969482422,81.05000305175781,81.06999969482422,214,0.0,0.0,0.0
2024-08-15 10:20:00-04:00,81.11000061035156,81.12000274658203,81.11000061035156,81.12000274658203,1164,0.0,0.0,0.0
2024-08-15 10:25:00-04:00,81.15989685058594,81.19000244140625,81.15989685058594,81.19000244140625,508,0.0,0.0,0.0
2024-08-15 10:30:00-04:00,81.19999694824219,81.2249984741211,81.19999694824219,81.2249984741211,420,0.0,0.0,0.0
2024-08-15 10:35:00-04:00,81.2699966430664,81.27999877929688,81.2300033569336,81.2300033569336,834,0.0,0.0,0.0
2024-08-15 10:40:00-04:00,81.16999816894531,81.19999694824219,81.16999816894531,81.19999694824219,363,0.0,0.0,0.0
2024-08-15 10:45:00-04:00,81.20999908447266,81.23999786376953,81.20999908447266,81.22000122070312,870,0.0,0.0,0.0
2024-08-15 10:50:00-04:00,81.23999786376953,81.25,81.23999786376953,81.25,334,0.0,0.0,0.0
2024-08-15 10:55:00-04:00,81.23999786376953,81.26000213623047,81.20999908447266,81.26000213623047,339,0.0,0.0,0.0
2024-08-15 11:00:00-04:00,81.2699966430664,81.36000061035156,81.26000213623047,81.36000061035156,1017,0.0,0.0,0.0
2024-08-15 11:05:00-04:00,81.3499984741211,81.3499984741211,81.30999755859375,81.30999755859375,419,0.0,0.0,0.0
2024-08-15 11:15:00-04:00,81.41000366210938,81.41000366210938,81.3499984741211,81.3499984741211,996,0.0,0.0,0.0
2024-08-15 11:20:00-04:00,81.36000061035156,81.38999938964844,81.36000061035156,81.38999938964844,779,0.0,0.0,0.0
2024-08-15 11:25:00-04:00,81.375,81.37999725341797,81.30500030517578,81.30500030517578,723,0.0,0.0,0.0
2024-08-15 11:30:00-04:00,81.29499816894531,81.33000183105469,81.29000091552734,81.30999755859375,13260,0.0,0.0,0.0
2024-08-15 11:35:00-04:00,81.29000091552734,81.31999969482422,81.29000091552734,81.31999969482422,1007,0.0,0.0,0.0
2024-08-15 11:40:00-04:00,81.33999633789062,81.43000030517578,81.33999633789062,81.41000366210938,2185,0.0,0.0,0.0
2024-08-15 11:45:00-04:00,81.41999816894531,81.43000030517578,81.37999725341797,81.43000030517578,1106,0.0,0.0,0.0
2024-08-15 11:50:00-04:00,81.44000244140625,81.44999694824219,81.41000366210938,81.41000366210938,900,0.0,0.0,0.0
2024-08-15 11:55:00-04:00,81.41999816894531,81.43000030517578,81.3499984741211,81.3499984741211,1156,0.0,0.0,0.0
2024-08-15 12:00:00-04:00,81.33000183105469,81.3499984741211,81.31999969482422,81.3499984741211,2132,0.0,0.0,0.0
2024-08-15 12:05:00-04:00,81.33660125732422,81.33660125732422,81.31999969482422,81.31999969482422,822,0.0,0.0,0.0
2024-08-15 12:15:00-04:00,81.31500244140625,81.33999633789062,81.31500244140625,81.32060241699219,566,0.0,0.0,0.0
2024-08-15 12:20:00-04:00,81.37000274658203,81.37000274658203,81.37000274658203,81.37000274658203,329,0.0,0.0,0.0
2024-08-15 12:30:00-04:00,81.41000366210938,81.41999816894531,81.41000366210938,81.41999816894531,269,0.0,0.0,0.0
2024-08-15 12:35:00-04:00,81.41000366210938,81.41000366210938,81.41000366210938,81.41000366210938,318,0.0,0.0,0.0
2024-08-15 12:45:00-04:00,81.29000091552734,81.30000305175781,81.2699966430664,81.2699966430664,527,0.0,0.0,0.0
2024-08-15 12:55:00-04:00,81.30010223388672,81.31999969482422,81.30010223388672,81.31999969482422,616,0.0,0.0,0.0
2024-08-15 13:00:00-04:00,81.37989807128906,81.37989807128906,81.3499984741211,81.35009765625,881,0.0,0.0,0.0
2024-08-15 13:05:00-04:00,81.30000305175781,81.30000305175781,81.30000305175781,81.30000305175781,100,0.0,0.0,0.0
2024-08-15 13:10:00-04:00,81.29000091552734,81.29000091552734,81.29000091552734,81.29000091552734,162,0.0,0.0,0.0
2024-08-15 13:15:00-04:00,81.3499984741211,81.3499984741211,81.3499984741211,81.3499984741211,692,0.0,0.0,0.0
2024-08-15 13:25:00-04:00,81.37000274658203,81.44000244140625,81.37000274658203,81.41000366210938,2751,0.0,0.0,0.0
2024-08-15 13:30:00-04:00,81.42289733886719,81.44999694824219,81.42289733886719,81.44999694824219,672,0.0,0.0,0.0
2024-08-15 13:40:00-04:00,81.4822998046875,81.5199966430664,81.4822998046875,81.5199966430664,251,0.0,0.0,0.0
2024-08-15 13:50:00-04:00,81.55999755859375,81.58000183105469,81.55999755859375,81.55999755859375,4053,0.0,0.0,0.0
2024-08-15 14:00:00-04:00,81.51000213623047,81.5199966430664,81.51000213623047,81.5199966430664,1441,0.0,0.0,0.0
2024-08-15 14:05:00-04:00,81.5199966430664,81.5199966430664,81.50990295410156,81.50990295410156,213,0.0,0.0,0.0
2024-08-15 14:10:00-04:00,81.50499725341797,81.50499725341797,81.50499725341797,81.50499725341797,221,0.0,0.0,0.0
2024-08-15 14:25:00-04:00,81.52999877929688,81.52999877929688,81.52999877929688,81.52999877929688,219,0.0,0.0,0.0
2024-08-15 14:30:00-04:00,81.56500244140625,81.56500244140625,81.56500244140625,81.56500244140625,1068,0.0,0.0,0.0
2024-08-15 14:35:00-04:00,81.58999633789062,81.61000061035156,81.57499694824219,81.57499694824219,631,0.0,0.0,0.0
2024-08-15 14:40:00-04:00,81.56659698486328,81.56659698486328,81.56659698486328,81.56659698486328,154,0.0,0.0,0.0
2024-08-15 14:45:00-04:00,81.62000274658203,81.62000274658203,81.62000274658203,81.62000274658203,100,0.0,0.0,0.0
2024-08-15 14:50:00-04:00,81.56300354003906,81.56999969482422,81.56300354003906,81.56999969482422,602,0.0,0.0,0.0
2024-08-15 14:55:00-04:00,81.59040069580078,81.62000274658203,81.59040069580078,81.61000061035156,1409,0.0,0.0,0.0
2024-08-15 15:00:00-04:00,81.54010009765625,81.58499908447266,81.54010009765625,81.58499908447266,1034,0.0,0.0,0.0
2024-08-15 15:10:00-04:00,81.58799743652344,81.58799743652344,81.57009887695312,81.58000183105469,523,0.0,0.0,0.0
2024-08-15 15:15:00-04:00,81.61000061035156,81.61000061035156,81.61000061035156,81.61000061035156,166,0.0,0.0,0.0
2024-08-15 15:30:00-04:00,81.6510009765625,81.6510009765625,81.6510009765625,81.6510009765625,108,0.0,0.0,0.0
2024-08-15 15:35:00-04:00,81.68000030517578,81.68000030517578,81.68000030517578,81.68000030517578,237,0.0,0.0,0.0
2024-08-15 15:50:00-04:00,81.51000213623047,81.51000213623047,81.47000122070312,81.47000122070312,281,0.0,0.0,0.0
2024-08-15 15:55:00-04:00,81.55000305175781,81.61000061035156,81.55000305175781,81.58000183105469,4165,0.0,0.0,0.0
2024-08-16 09:30:00-04:00,81.25,81.25,81.25,81.25,0,0.0,0.0,0.0
2024-08-16 09:40:00-04:00,81.62000274658203,81.62999725341797,81.62000274658203,81.62999725341797,585,0.0,0.0,0.0
2024-08-16 09:50:00-04:00,81.66000366210938,81.66000366210938,81.66000366210938,81.66000366210938,386,0.0,0.0,0.0
2024-08-16 10:00:00-04:00,81.78500366210938,81.87999725341797,81.75039672851562,81.75039672851562,1248,0.0,0.0,0.0
2024-08-16 10:05:00-04:00,81.80000305175781,81.83499908447266,81.79000091552734,81.79000091552734,666,0.0,0.0,0.0
2024-08-16 10:10:00-04:00,81.72000122070312,81.75,81.72000122070312,81.75,946,0.0,0.0,0.0
2024-08-16 10:15:00-04:00,81.77999877929688,81.77999877929688,81.77999877929688,81.77999877929688,213,0.0,0.0,0.0
2024-08-16 10:20:00-04:00,81.75,81.75499725341797,81.75,81.75499725341797,333,0.0,0.0,0.0
2024-08-16 10:25:00-04:00,81.73999786376953,81.80999755859375,81.73999786376953,81.80999755859375,653,0.0,0.0,0.0
2024-08-16 10:35:00-04:00,81.7699966430664,81.7699966430664,81.7699966430664,81.7699966430664,315,0.0,0.0,0.0
2024-08-16 10:40:00-04:00,81.76499938964844,81.76499938964844,81.76499938964844,81.76499938964844,536,0.0,0.0,0.0
2024-08-16 10:45:00-04:00,81.69499969482422,81.69499969482422,81.61000061035156,81.61000061035156,785,0.0,0.0,0.0
2024-08-16 11:10:00-04:00,81.73999786376953,81.73999786376953,81.73999786376953,81.73999786376953,203,0.0,0.0,0.0
2024-08-16 11:25:00-04:00,81.70999908447266,81.70999908447266,81.69999694824219,81.69999694824219,1434,0.0,0.0,0.0
2024-08-16 11:40:00-04:00,81.7699966430664,81.7699966430664,81.7699966430664,81.7699966430664,101,0.0,0.0,0.0
2024-08-16 11:45:00-04:00,81.80940246582031,81.80940246582031,81.80940246582031,81.80940246582031,228,0.0,0.0,0.0
2024-08-16 11:50:00-04:00,81.83000183105469,81.86000061035156,81.83000183105469,81.86000061035156,657,0.0,0.0,0.0
2024-08-16 11:55:00-04:00,81.87169647216797,81.87169647216797,81.87169647216797,81.87169647216797,430,0.0,0.0,0.0
2024-08-16 12:15:00-04:00,81.91000366210938,81.93000030517578,81.91000366210938,81.93000030517578,1180,0.0,0.0,0.0
2024-08-16 12:20:00-04:00,81.92510223388672,81.92510223388672,81.92510223388672,81.92510223388672,324,0.0,0.0,0.0
2024-08-16 12:25:00-04:00,81.93000030517578,81.93000030517578,81.9280014038086,81.9280014038086,347,0.0,0.0,0.0
2024-08-16 12:30:00-04:00,81.93000030517578,81.93000030517578,81.93000030517578,81.93000030517578,330,0.0,0.0,0.0
2024-08-16 12:35:00-04:00,81.94999694824219,81.94999694824219,81.94999694824219,81.94999694824219,376,0.0,0.0,0.0
2024-08-16 12:40:00-04:00,81.94999694824219,81.94999694824219,81.94000244140625,81.94000244140625,269,0.0,0.0,0.0
2024-08-16 12:45:00-04:00,81.91999816894531,81.93000030517578,81.91999816894531,81.93000030517578,1172,0.0,0.0,0.0
2024-08-16 12:50:00-04:00,82.0,82.0,82.0,82.0,341,0.0,0.0,0.0
2024-08-16 12:55:00-04:00,82.06999969482422,82.11000061035156,82.06999969482422,82.11000061035156,415,0.0,0.0,0.0
2024-08-16 13:05:00-04:00,82.02999877929688,82.02999877929688,82.02999877929688,82.02999877929688,163,0.0,0.0,0.0
2024-08-16 13:10:00-04:00,82.0199966430664,82.0199966430664,82.0199966430664,82.0199966430664,100,0.0,0.0,0.0
2024-08-16 13:15:00-04:00,82.01499938964844,82.02999877929688,82.01499938964844,82.02999877929688,217,0.0,0.0,0.0
2024-08-16 13:25:00-04:00,82.05500030517578,82.06999969482422,82.05500030517578,82.05500030517578,725,0.0,0.0,0.0
2024-08-16 13:45:00-04:00,82.02999877929688,82.02999877929688,82.02999877929688,82.02999877929688,311,0.0,0.0,0.0
2024-08-16 13:50:00-04:00,82.01000213623047,82.01000213623047,82.01000213623047,82.01000213623047,541,0.0,0.0,0.0
2024-08-16 14:05:00-04:00,81.9260025024414,81.9260025024414,81.91500091552734,81.91500091552734,315,0.0,0.0,0.0
2024-08-16 14:10:00-04:00,81.86759948730469,81.86759948730469,81.86759948730469,81.86759948730469,164,0.0,0.0,0.0
2024-08-16 14:20:00-04:00,81.88999938964844,81.88999938964844,81.88999938964844,81.88999938964844,100,0.0,0.0,0.0
2024-08-16 14:25:00-04:00,81.8499984741211,81.87000274658203,81.8499984741211,81.86000061035156,738,0.0,0.0,0.0
2024-08-16 14:35:00-04:00,81.9000015258789,81.9000015258789,81.87999725341797,81.87999725341797,275,0.0,0.0,0.0
2024-08-16 14:40:00-04:00,81.88999938964844,81.88999938964844,81.88999938964844,81.88999938964844,166,0.0,0.0,0.0
2024-08-16 14:50:00-04:00,81.8550033569336,81.8550033569336,81.8550033569336,81.8550033569336,162,0.0,0.0,0.0
2024-08-16 14:55:00-04:00,81.88999938964844,81.9000015258789,81.88999938964844,81.9000015258789,400,0.0,0.0,0.0
2024-08-16 15:00:00-04:00,81.9000015258789,81.91999816894531,81.88999938964844,81.9000015258789,1004,0.0,0.0,0.0
2024-08-16 15:05:00-04:00,81.86000061035156,81.86000061035156,81.86000061035156,81.86000061035156,103,0.0,0.0,0.0
2024-08-16 15:10:00-04:00,81.8499984741211,81.87000274658203,81.8499984741211,81.87000274658203,1323,0.0,0.0,0.0
2024-08-16 15:15:00-04:00,81.88069915771484,81.88069915771484,81.88069915771484,81.88069915771484,429,0.0,0.0,0.0
2024-08-16 15:20:00-04:00,81.83999633789062,81.83999633789062,81.83999633789062,81.83999633789062,338,0.0,0.0,0.0
2024-08-16 15:30:00-04:00,81.83000183105469,81.8499984741211,81.83000183105469,81.84500122070312,842,0.0,0.0,0.0
2024-08-16 15:40:00-04:00,81.83999633789062,81.8499984741211,81.82499694824219,81.82499694824219,867,0.0,0.0,0.0
2024-08-16 15:45:00-04:00,81.77909851074219,81.80000305175781,81.75,81.80000305175781,2175,0.0,0.0,0.0
2024-08-16 15:50:00-04:00,81.77989959716797,81.80999755859375,81.77989959716797,81.79000091552734,561,0.0,0.0,0.0
2024-08-16 15:55:00-04:00,81.79000091552734,81.83000183105469,81.79000091552734,81.83000183105469,1700,0.0,0.0,0.0
2024-08-19 09:30:00-04:00,81.93000030517578,82.04000091552734,81.93000030517578,82.04000091552734,1576,0.0,0.0,0.0
2024-08-19 09:35:00-04:00,82.08999633789062,82.08999633789062,82.06999969482422,82.06999969482422,236,0.0,0.0,0.0
2024-08-19 09:55:00-04:00,82.08000183105469,82.11000061035156,82.08000183105469,82.11000061035156,13569,0.0,0.0,0.0
2024-08-19 10:00:00-04:00,82.13500213623047,82.13500213623047,82.10040283203125,82.12999725341797,482,0.0,0.0,0.0
2024-08-19 10:10:00-04:00,82.2750015258789,82.2750015258789,82.2750015258789,82.2750015258789,129,0.0,0.0,0.0
2024-08-19 10:15:00-04:00,82.18000030517578,82.18000030517578,82.18000030517578,82.18000030517578,219,0.0,0.0,0.0
2024-08-19 10:25:00-04:00,82.29499816894531,82.29499816894531,82.29499816894531,82.29499816894531,100,0.0,0.0,0.0
2024-08-19 10:30:00-04:00,82.30599975585938,82.32959747314453,82.30599975585938,82.32959747314453,391,0.0,0.0,0.0
2024-08-19 10:45:00-04:00,82.33920288085938,82.33920288085938,82.33920288085938,82.33920288085938,112,0.0,0.0,0.0
2024-08-19 10:50:00-04:00,82.35250091552734,82.35250091552734,82.35250091552734,82.35250091552734,159,0.0,0.0,0.0
2024-08-19 10:55:00-04:00,82.38999938964844,82.38999938964844,82.37999725341797,82.37999725341797,292,0.0,0.0,0.0
2024-08-19 11:15:00-04:00,82.44999694824219,82.44999694824219,82.41999816894531,82.41999816894531,811,0.0,0.0,0.0
2024-08-19 11:20:00-04:00,82.44000244140625,82.44999694824219,82.41999816894531,82.44999694824219,1025,0.0,0.0,0.0
2024-08-19 11:25:00-04:00,82.44000244140625,82.44000244140625,82.4000015258789,82.4000015258789,901,0.0,0.0,0.0
2024-08-19 11:30:00-04:00,82.41000366210938,82.44999694824219,82.4000015258789,82.44000244140625,6310,0.0,0.0,0.0
2024-08-19 11:35:00-04:00,82.44000244140625,82.44000244140625,82.43000030517578,82.43000030517578,911,0.0,0.0,0.0
2024-08-19 11:40:00-04:00,82.43000030517578,82.43160247802734,82.41010284423828,82.41999816894531,2135,0.0,0.0,0.0
2024-08-19 11:45:00-04:00,82.43000030517578,82.44000244140625,82.41000366210938,82.41999816894531,1100,0.0,0.0,0.0
2024-08-19 11:50:00-04:00,82.41999816894531,82.44999694824219,82.41999816894531,82.44999694824219,700,0.0,0.0,0.0
2024-08-19 11:55:00-04:00,82.44000244140625,82.44000244140625,82.27999877929688,82.30999755859375,1980,0.0,0.0,0.0
2024-08-19 12:00:00-04:00,82.2699966430664,82.30039978027344,82.2699966430664,82.30039978027344,558,0.0,0.0,0.0
2024-08-19 12:10:00-04:00,82.36000061035156,82.36000061035156,82.36000061035156,82.36000061035156,778,0.0,0.0,0.0
2024-08-19 12:30:00-04:00,82.43000030517578,82.43000030517578,82.43000030517578,82.43000030517578,118,0.0,0.0,0.0
2024-08-19 12:35:00-04:00,82.43009948730469,82.43009948730469,82.43009948730469,82.43009948730469,290,0.0,0.0,0.0
2024-08-19 12:50:00-04:00,82.54000091552734,82.54000091552734,82.54000091552734,82.54000091552734,206,0.0,0.0,0.0
2024-08-19 13:00:00-04:00,82.54499816894531,82.54499816894531,82.52999877929688,82.52999877929688,2307,0.0,0.0,0.0
2024-08-19 13:05:00-04:00,82.55000305175781,82.55000305175781,82.55000305175781,82.55000305175781,169,0.0,0.0,0.0
2024-08-19 13:15:00-04:00,82.50499725341797,82.50499725341797,82.50499725341797,82.50499725341797,217,0.0,0.0,0.0
2024-08-19 13:20:00-04:00,82.5199966430664,82.5199966430664,82.5199966430664,82.5199966430664,14678,0.0,0.0,0.0
2024-08-19 13:40:00-04:00,82.50250244140625,82.5199966430664,82.50250244140625,82.5199966430664,459,0.0,0.0,0.0
2024-08-19 14:05:00-04:00,82.57499694824219,82.57499694824219,82.57499694824219,82.57499694824219,174,0.0,0.0,0.0
2024-08-19 14:15:00-04:00,82.56999969482422,82.56999969482422,82.56999969482422,82.56999969482422,207,0.0,0.0,0.0
2024-08-19 14:20:00-04:00,82.56500244140625,82.56500244140625,82.56500244140625,82.56500244140625,354,0.0,0.0,0.0
2024-08-19 14:40:00-04:00,82.6500015258789,82.66999816894531,82.6500015258789,82.66999816894531,212,0.0,0.0,0.0
2024-08-19 14:45:00-04:00,82.71720123291016,82.7197036743164,82.71720123291016,82.7197036743164,827,0.0,0.0,0.0
2024-08-19 15:00:00-04:00,82.6500015258789,82.6500015258789,82.62000274658203,82.62000274658203,1153,0.0,0.0,0.0
2024-08-19 15:45:00-04:00,82.63999938964844,82.63999938964844,82.63999938964844,82.63999938964844,790,0.0,0.0,0.0
2024-08-19 15:50:00-04:00,82.61000061035156,82.68000030517578,82.61000061035156,82.68000030517578,960,0.0,0.0,0.0
2024-08-19 15:55:00-04:00,82.69999694824219,82.7699966430664,82.69999694824219,82.7300033569336,0,0.0,0.0,0.0
2024-08-20 09:30:00-04:00,82.68000030517578,82.86000061035156,82.68000030517578,82.81500244140625,1255,0.0,0.0,0.0
2024-08-20 09:40:00-04:00,83.0,83.01499938964844,83.0,83.01499938964844,1280,0.0,0.0,0.0
2024-08-20 10:00:00-04:00,82.9990005493164,82.9990005493164,82.9000015258789,82.9000015258789,732,0.0,0.0,0.0
2024-08-20 10:05:00-04:00,82.908203125,82.91000366210938,82.908203125,82.91000366210938,460,0.0,0.0,0.0
2024-08-20 10:10:00-04:00,82.87999725341797,82.87999725341797,82.76180267333984,82.80999755859375,702,0.0,0.0,0.0
2024-08-20 10:15:00-04:00,82.79499816894531,82.79499816894531,82.79499816894531,82.79499816894531,176,0.0,0.0,0.0
2024-08-20 10:20:00-04:00,82.69999694824219,82.69999694824219,82.69999694824219,82.69999694824219,429,0.0,0.0,0.0
2024-08-20 10:35:00-04:00,82.66000366210938,82.66000366210938,82.66000366210938,82.66000366210938,195,0.0,0.0,0.0
2024-08-20 10:40:00-04:00,82.56500244140625,82.56500244140625,82.56500244140625,82.56500244140625,229,0.0,0.0,0.0
2024-08-20 10:45:00-04:00,82.58000183105469,82.58000183105469,82.58000183105469,82.58000183105469,494,0.0,0.0,0.0
2024-08-20 11:00:00-04:00,82.5999984741211,82.5999984741211,82.5999984741211,82.5999984741211,275,0.0,0.0,0.0
2024-08-20 11:05:00-04:00,82.66600036621094,82.66600036621094,82.66600036621094,82.66600036621094,233,0.0,0.0,0.0
2024-08-20 11:15:00-04:00,82.63999938964844,82.68000030517578,82.63999938964844,82.66000366210938,1232,0.0,0.0,0.0
2024-08-20 11:20:00-04:00,82.6500015258789,82.66999816894531,82.63999938964844,82.63999938964844,1668,0.0,0.0,0.0
2024-08-20 11:25:00-04:00,82.6500015258789,82.6500015258789,82.55000305175781,82.56999969482422,1161,0.0,0.0,0.0
2024-08-20 11:30:00-04:00,82.61000061035156,82.61000061035156,82.5999984741211,82.5999984741211,754,0.0,0.0,0.0
2024-08-20 11:35:00-04:00,82.62999725341797,82.66999816894531,82.5999984741211,82.66999816894531,2452,0.0,0.0,0.0
2024-08-20 11:40:00-04:00,82.66000366210938,82.66929626464844,82.5999984741211,82.5999984741211,1583,0.0,0.0,0.0
2024-08-20 11:45:00-04:00,82.58999633789062,82.5999984741211,82.58999633789062,82.58999633789062,537,0.0,0.0,0.0
2024-08-20 11:50:00-04:00,82.62000274658203,82.69999694824219,82.62000274658203,82.69999694824219,465,0.0,0.0,0.0
2024-08-20 11:55:00-04:00,82.70999908447266,82.81999969482422,82.69000244140625,82.81999969482422,3265,0.0,0.0,0.0
2024-08-20 12:00:00-04:00,82.77999877929688,82.77999877929688,82.77999877929688,82.77999877929688,201,0.0,0.0,0.0
2024-08-20 12:05:00-04:00,82.7699966430664,82.7699966430664,82.7699966430664,82.7699966430664,213,0.0,0.0,0.0
2024-08-20 12:10:00-04:00,82.73500061035156,82.73500061035156,82.73500061035156,82.73500061035156,358,0.0,0.0,0.0
2024-08-20 12:15:00-04:00,82.70999908447266,82.70999908447266,82.66000366210938,82.67510223388672,685,0.0,0.0,0.0
2024-08-20 12:25:00-04:00,82.63999938964844,82.66999816894531,82.63999938964844,82.66999816894531,524,0.0,0.0,0.0
2024-08-20 12:35:00-04:00,82.63700103759766,82.63700103759766,82.62999725341797,82.62999725341797,842,0.0,0.0,0.0
2024-08-20 13:00:00-04:00,82.44000244140625,82.44999694824219,82.44000244140625,82.44999694824219,715,0.0,0.0,0.0
2024-08-20 13:10:00-04:00,82.4800033569336,82.4800033569336,82.4800033569336,82.4800033569336,302,0.0,0.0,0.0
2024-08-20 13:20:00-04:00,82.4800033569336,82.48999786376953,82.47000122070312,82.48999786376953,1804,0.0,0.0,0.0
2024-08-20 13:25:00-04:00,82.5199966430664,82.5199966430664,82.5199966430664,82.5199966430664,369,0.0,0.0,0.0
2024-08-20 13:30:00-04:00,82.54000091552734,82.54000091552734,82.54000091552734,82.54000091552734,159,0.0,0.0,0.0
2024-08-20 13:35:00-04:00,82.5199966430664,82.5199966430664,82.5199966430664,82.5199966430664,229,0.0,0.0,0.0
2024-08-20 13:50:00-04:00,82.58999633789062,82.58999633789062,82.58999633789062,82.58999633789062,201,0.0,0.0,0.0
2024-08-20 14:10:00-04:00,82.62000274658203,82.62000274658203,82.62000274658203,82.62000274658203,199,0.0,0.0,0.0
2024-08-20 14:30:00-04:00,82.7300033569336,82.7300033569336,82.7300033569336,82.7300033569336,148,0.0,0.0,0.0
2024-08-20 14:35:00-04:00,82.7300033569336,82.7300033569336,82.7300033569336,82.7300033569336,527,0.0,0.0,0.0
2024-08-20 14:40:00-04:00,82.70010375976562,82.70010375976562,82.70010375976562,82.70010375976562,352,0.0,0.0,0.0
2024-08-20 14:45:00-04:00,82.69629669189453,82.69629669189453,82.69629669189453,82.69629669189453,659,0.0,0.0,0.0
2024-08-20 14:55:00-04:00,82.69000244140625,82.70249938964844,82.69000244140625,82.69000244140625,415,0.0,0.0,0.0
2024-08-20 15:00:00-04:00,82.69000244140625,82.69000244140625,82.69000244140625,82.69000244140625,377,0.0,0.0,0.0
2024-08-20 15:05:00-04:00,82.7300033569336,82.7300033569336,82.7300033569336,82.7300033569336,126,0.0,0.0,0.0
2024-08-20 15:10:00-04:00,82.69999694824219,82.69999694824219,82.69999694824219,82.69999694824219,627,0.0,0.0,0.0
2024-08-20 15:15:00-04:00,82.69000244140625,82.69999694824219,82.69000244140625,82.69999694824219,12374,0.0,0.0,0.0
2024-08-20 15:20:00-04:00,82.69999694824219,82.70999908447266,82.69999694824219,82.70999908447266,745,0.0,0.0,0.0
2024-08-20 15:25:00-04:00,82.706298828125,82.70999908447266,82.68000030517578,82.68000030517578,1535,0.0,0.0,0.0
2024-08-20 15:30:00-04:00,82.68000030517578,82.69210052490234,82.66999816894531,82.68000030517578,1389,0.0,0.0,0.0
2024-08-20 15:35:00-04:00,82.68000030517578,82.69999694824219,82.68000030517578,82.69999694824219,1184,0.0,0.0,0.0
2024-08-20 15:40:00-04:00,82.69999694824219,82.69999694824219,82.68000030517578,82.68000030517578,645,0.0,0.0,0.0
2024-08-20 15:45:00-04:00,82.68000030517578,82.72000122070312,82.68000030517578,82.72000122070312,2275,0.0,0.0,0.0
2024-08-20 15:50:00-04:00,82.73999786376953,82.73999786376953,82.68000030517578,82.68000030517578,2286,0.0,0.0,0.0
2024-08-20 15:55:00-04:00,82.69000244140625,82.70999908447266,82.66999816894531,82.69000244140625,3913,0.0,0.0,0.0
2024-08-21 09:30:00-04:00,83.41000366210938,83.41000366210938,83.41000366210938,83.41000366210938,0,0.0,0.0,0.0
2024-08-21 09:50:00-04:00,83.61499786376953,83.61499786376953,83.58999633789062,83.5999984741211,400,0.0,0.0,0.0
2024-08-21 09:55:00-04:00,83.66999816894531,83.69999694824219,83.66999816894531,83.69999694824219,506,0.0,0.0,0.0
2024-08-21 10:20:00-04:00,83.58000183105469,83.58999633789062,83.58000183105469,83.58999633789062,378,0.0,0.0,0.0
2024-08-21 10:25:00-04:00,83.62000274658203,83.62000274658203,83.5999984741211,83.5999984741211,19493,0.0,0.0,0.0
2024-08-21 10:30:00-04:00,83.6500015258789,83.6500015258789,83.55249786376953,83.55249786376953,711,0.0,0.0,0.0
2024-08-21 10:35:00-04:00,83.58999633789062,83.76170349121094,83.58999633789062,83.76170349121094,995,0.0,0.0,0.0
2024-08-21 10:40:00-04:00,83.7699966430664,83.83999633789062,83.7699966430664,83.83999633789062,434,0.0,0.0,0.0
2024-08-21 10:45:00-04:00,83.76000213623047,83.76000213623047,83.76000213623047,83.76000213623047,209,0.0,0.0,0.0
2024-08-21 10:50:00-04:00,83.61000061035156,83.61000061035156,83.4000015258789,83.4000015258789,1685,0.0,0.0,0.0
2024-08-21 11:05:00-04:00,83.44319915771484,83.44319915771484,83.44319915771484,83.44319915771484,520,0.0,0.0,0.0
2024-08-21 11:10:00-04:00,83.4800033569336,83.4800033569336,83.4800033569336,83.4800033569336,101,0.0,0.0,0.0
2024-08-21 11:15:00-04:00,83.52999877929688,83.56999969482422,83.51000213623047,83.51000213623047,900,0.0,0.0,0.0
2024-08-21 11:20:00-04:00,83.5,83.5,83.5,83.5,667,0.0,0.0,0.0
2024-08-21 11:25:00-04:00,83.44999694824219,83.5,83.44999694824219,83.5,667,0.0,0.0,0.0
2024-08-21 11:30:00-04:00,83.4800033569336,83.4800033569336,83.47000122070312,83.47000122070312,1163,0.0,0.0,0.0
2024-08-21 11:35:00-04:00,83.4800033569336,83.52999877929688,83.4800033569336,83.5,551,0.0,0.0,0.0
2024-08-21 11:40:00-04:00,83.51000213623047,83.52999877929688,83.4800033569336,83.4800033569336,1185,0.0,0.0,0.0
2024-08-21 11:45:00-04:00,83.44000244140625,83.44999694824219,83.44000244140625,83.44999694824219,310,0.0,0.0,0.0
2024-08-21 11:50:00-04:00,83.41999816894531,83.41999816894531,83.36399841308594,83.41999816894531,1070,0.0,0.0,0.0
2024-08-21 11:55:00-04:00,83.38999938964844,83.38999938964844,83.38999938964844,83.38999938964844,320,0.0,0.0,0.0
2024-08-21 12:00:00-04:00,83.36499786376953,83.36499786376953,83.29499816894531,83.29499816894531,264,0.0,0.0,0.0
2024-08-21 12:10:00-04:00,83.37999725341797,83.37999725341797,83.37999725341797,83.37999725341797,203,0.0,0.0,0.0
2024-08-21 12:25:00-04:00,83.49009704589844,83.49009704589844,83.49009704589844,83.49009704589844,246,0.0,0.0,0.0
2024-08-21 12:35:00-04:00,83.54000091552734,83.54000091552734,83.54000091552734,83.54000091552734,110,0.0,0.0,0.0
2024-08-21 12:40:00-04:00,83.5199966430664,83.5199966430664,83.5199966430664,83.5199966430664,167,0.0,0.0,0.0
2024-08-21 12:50:00-04:00,83.55999755859375,83.55999755859375,83.55999755859375,83.55999755859375,517,0.0,0.0,0.0
2024-08-21 13:15:00-04:00,83.5999984741211,83.5999984741211,83.5999984741211,83.5999984741211,222,0.0,0.0,0.0
2024-08-21 13:45:00-04:00,83.69509887695312,83.69509887695312,83.69509887695312,83.69509887695312,203,0.0,0.0,0.0
2024-08-21 13:50:00-04:00,83.70999908447266,83.70999908447266,83.70999908447266,83.70999908447266,104,0.0,0.0,0.0
2024-08-21 13:55:00-04:00,83.70999908447266,83.70999908447266,83.70999908447266,83.70999908447266,192,0.0,0.0,0.0
2024-08-21 14:00:00-04:00,83.7300033569336,83.77999877929688,83.66999816894531,83.68000030517578,2766,0.0,0.0,0.0
2024-08-21 14:55:00-04:00,83.7300033569336,83.73999786376953,83.7300033569336,83.73999786376953,406,0.0,0.0,0.0
2024-08-21 15:00:00-04:00,83.69999694824219,83.69999694824219,83.69999694824219,83.69999694824219,108,0.0,0.0,0.0
2024-08-21 15:05:00-04:00,83.66000366210938,83.66000366210938,83.62000274658203,83.62000274658203,950,0.0,0.0,0.0
2024-08-21 15:15:00-04:00,83.66000366210938,83.66000366210938,83.66000366210938,83.66000366210938,475,0.0,0.0,0.0
2024-08-21 15:20:00-04:00,83.62000274658203,83.62000274658203,83.55999755859375,83.5999984741211,953,0.0,0.0,0.0
2024-08-21 15:25:00-04:00,83.6697006225586,83.6697006225586,83.6697006225586,83.6697006225586,307,0.0,0.0,0.0
2024-08-21 15:30:00-04:00,83.66000366210938,83.66000366210938,83.66000366210938,83.66000366210938,100,0.0,0.0,0.0
2024-08-21 15:35:00-04:00,83.63999938964844,83.63999938964844,83.63999938964844,83.63999938964844,376,0.0,0.0,0.0
2024-08-21 15:40:00-04:00,83.66809844970703,83.66809844970703,83.66809844970703,83.66809844970703,500,0.0,0.0,0.0
2024-08-21 15:45:00-04:00,83.6500015258789,83.66999816894531,83.63999938964844,83.66999816894531,1295,0.0,0.0,0.0
2024-08-21 15:50:00-04:00,83.66999816894531,83.75430297851562,83.66999816894531,83.75430297851562,460,0.0,0.0,0.0
2024-08-22 09:30:00-04:00,83.87999725341797,83.87999725341797,83.66000366210938,83.66000366210938,1747,0.0,0.0,0.0
2024-08-22 09:35:00-04:00,83.7249984741211,83.7750015258789,83.7249984741211,83.7750015258789,764,0.0,0.0,0.0
2024-08-22 09:45:00-04:00,83.9000015258789,83.9000015258789,83.9000015258789,83.9000015258789,146,0.0,0.0,0.0
2024-08-22 09:50:00-04:00,83.5719985961914,83.5719985961914,83.5719985961914,83.5719985961914,0,0.0,0.0,0.0
2024-08-22 10:05:00-04:00,83.66500091552734,83.66500091552734,83.55500030517578,83.55500030517578,3338,0.0,0.0,0.0
2024-08-22 10:30:00-04:00,83.52079772949219,83.54000091552734,83.52079772949219,83.54000091552734,1034,0.0,0.0,0.0
2024-08-22 11:05:00-04:00,83.59960174560547,83.59960174560547,83.4800033569336,83.4800033569336,274,0.0,0.0,0.0
2024-08-22 11:10:00-04:00,83.4800033569336,83.4800033569336,83.4800033569336,83.4800033569336,117,0.0,0.0,0.0
2024-08-22 11:15:00-04:00,83.4800033569336,83.4800033569336,83.4000015258789,83.4000015258789,940,0.0,0.0,0.0
2024-08-22 11:25:00-04:00,83.33999633789062,83.38999938964844,83.33999633789062,83.38999938964844,501,0.0,0.0,0.0
2024-08-22 11:30:00-04:00,83.37030029296875,83.37999725341797,83.33999633789062,83.33999633789062,1304,0.0,0.0,0.0
2024-08-22 11:35:00-04:00,83.3302993774414,83.36000061035156,83.33000183105469,83.33000183105469,1800,0.0,0.0,0.0
2024-08-22 11:40:00-04:00,83.2699966430664,83.2699966430664,83.23999786376953,83.23999786376953,920,0.0,0.0,0.0
2024-08-22 11:45:00-04:00,83.13999938964844,83.13999938964844,83.12999725341797,83.12999725341797,303,0.0,0.0,0.0
2024-08-22 11:50:00-04:00,83.08000183105469,83.12999725341797,83.08000183105469,83.08999633789062,1154,0.0,0.0,0.0
2024-08-22 11:55:00-04:00,83.11000061035156,83.16999816894531,83.11000061035156,83.1500015258789,837,0.0,0.0,0.0
2024-08-22 12:00:00-04:00,83.15129852294922,83.15129852294922,83.15129852294922,83.15129852294922,329,0.0,0.0,0.0
2024-08-22 12:05:00-04:00,83.18009948730469,83.18009948730469,83.18009948730469,83.18009948730469,1182,0.0,0.0,0.0
2024-08-22 12:10:00-04:00,83.18000030517578,83.18000030517578,83.18000030517578,83.18000030517578,175,0.0,0.0,0.0
2024-08-22 12:20:00-04:00,83.33000183105469,83.33000183105469,83.31999969482422,83.31999969482422,697,0.0,0.0,0.0
2024-08-22 12:25:00-04:00,83.37999725341797,83.37999725341797,83.37000274658203,83.37999725341797,2674,0.0,0.0,0.0
2024-08-22 12:30:00-04:00,83.37999725341797,83.38999938964844,83.37999725341797,83.37999725341797,1230,0.0,0.0,0.0
2024-08-22 12:50:00-04:00,83.13999938964844,83.13999938964844,83.13999938964844,83.13999938964844,159,0.0,0.0,0.0
2024-08-22 13:00:00-04:00,83.05999755859375,83.05999755859375,83.05999755859375,83.05999755859375,114,0.0,0.0,0.0
2024-08-22 13:15:00-04:00,83.0999984741211,83.0999984741211,83.0999984741211,83.0999984741211,0,0.0,0.0,0.0
2024-08-22 13:55:00-04:00,82.76000213623047,82.78669738769531,82.76000213623047,82.7781982421875,20667,0.0,0.0,0.0
2024-08-22 14:00:00-04:00,82.81999969482422,82.81999969482422,82.81999969482422,82.81999969482422,312,0.0,0.0,0.0
2024-08-22 14:15:00-04:00,82.9800033569336,82.9800033569336,82.9800033569336,82.9800033569336,136,0.0,0.0,0.0
2024-08-22 14:45:00-04:00,83.01200103759766,83.05079650878906,83.01200103759766,83.05079650878906,762,0.0,0.0,0.0
2024-08-22 15:00:00-04:00,82.98999786376953,82.98999786376953,82.98999786376953,82.98999786376953,343,0.0,0.0,0.0
2024-08-22 15:15:00-04:00,82.94960021972656,82.94960021972656,82.94960021972656,82.94960021972656,462,0.0,0.0,0.0
2024-08-22 15:25:00-04:00,82.83000183105469,82.83000183105469,82.83000183105469,82.83000183105469,162,0.0,0.0,0.0
2024-08-22 15:30:00-04:00,82.83000183105469,82.83000183105469,82.80000305175781,82.80000305175781,367,0.0,0.0,0.0
2024-08-22 15:35:00-04:00,82.7302017211914,82.73999786376953,82.7302017211914,82.73500061035156,3877,0.0,0.0,0.0
2024-08-22 15:45:00-04:00,82.7300033569336,82.7300033569336,82.72100067138672,82.7300033569336,963,0.0,0.0,0.0
2024-08-22 15:50:00-04:00,82.74500274658203,82.74500274658203,82.56999969482422,82.56999969482422,4909,0.0,0.0,0.0
2024-08-22 15:55:00-04:00,82.5999984741211,82.73999786376953,82.58999633789062,82.73999786376953,2101,0.0,0.0,0.0
2024-08-23 09:30:00-04:00,83.13999938964844,83.13999938964844,83.13999938964844,83.13999938964844,1995,0.0,0.0,0.0
2024-08-23 09:55:00-04:00,83.19000244140625,83.19000244140625,83.19000244140625,83.19000244140625,514,0.0,0.0,0.0
2024-08-23 10:00:00-04:00,83.66000366210938,83.66000366210938,83.66000366210938,83.66000366210938,134,0.0,0.0,0.0
2024-08-23 10:05:00-04:00,83.69999694824219,83.69999694824219,83.69999694824219,83.69999694824219,214,0.0,0.0,0.0
2024-08-23 10:15:00-04:00,83.65499877929688,83.65499877929688,83.62999725341797,83.62999725341797,204,0.0,0.0,0.0
2024-08-23 10:20:00-04:00,83.58999633789062,83.81999969482422,83.58999633789062,83.81999969482422,2271,0.0,0.0,0.0
2024-08-23 10:30:00-04:00,83.8949966430664,83.8949966430664,83.86000061035156,83.86000061035156,537,0.0,0.0,0.0
2024-08-23 10:35:00-04:00,83.76000213623047,83.81999969482422,83.75,83.76000213623047,1088,0.0,0.0,0.0
2024-08-23 10:40:00-04:00,83.72000122070312,83.80999755859375,83.72000122070312,83.80000305175781,1655,0.0,0.0,0.0
2024-08-23 10:45:00-04:00,83.62000274658203,83.62000274658203,83.32499694824219,83.32499694824219,926,0.0,0.0,0.0
2024-08-23 10:50:00-04:00,83.3499984741211,83.36000061035156,83.3499984741211,83.36000061035156,457,0.0,0.0,0.0
2024-08-23 10:55:00-04:00,83.4800033569336,83.55999755859375,83.41000366210938,83.55999755859375,749,0.0,0.0,0.0
2024-08-23 11:00:00-04:00,83.48999786376953,83.55999755859375,83.48999786376953,83.52999877929688,812,0.0,0.0,0.0
2024-08-23 11:05:00-04:00,83.55000305175781,83.55000305175781,83.55000305175781,83.55000305175781,125,0.0,0.0,0.0
2024-08-23 11:10:00-04:00,83.62999725341797,83.69999694824219,83.52999877929688,83.69999694824219,636,0.0,0.0,0.0
2024-08-23 11:15:00-04:00,83.77999877929688,83.87000274658203,83.77999877929688,83.8499984741211,559,0.0,0.0,0.0
2024-08-23 11:20:00-04:00,83.80000305175781,83.80000305175781,83.80000305175781,83.80000305175781,157,0.0,0.0,0.0
2024-08-23 11:25:00-04:00,83.87999725341797,83.87999725341797,83.87999725341797,83.87999725341797,500,0.0,0.0,0.0
2024-08-23 11:30:00-04:00,83.83000183105469,83.8499984741211,83.83000183105469,83.8499984741211,425,0.0,0.0,0.0
2024-08-23 11:40:00-04:00,83.93000030517578,83.93000030517578,83.77999877929688,83.77999877929688,1246,0.0,0.0,0.0
2024-08-23 11:45:00-04:00,83.70999908447266,83.70999908447266,83.70500183105469,83.70500183105469,575,0.0,0.0,0.0
2024-08-23 11:50:00-04:00,83.69000244140625,83.69000244140625,83.69000244140625,83.69000244140625,500,0.0,0.0,0.0
2024-08-23 11:55:00-04:00,83.76000213623047,83.76000213623047,83.66500091552734,83.66500091552734,339,0.0,0.0,0.0
2024-08-23 12:00:00-04:00,83.56500244140625,83.56500244140625,83.50499725341797,83.50499725341797,703,0.0,0.0,0.0
2024-08-23 12:15:00-04:00,83.4800033569336,83.4800033569336,83.4800033569336,83.4800033569336,554,0.0,0.0,0.0
2024-08-23 12:20:00-04:00,83.54000091552734,83.54000091552734,83.54000091552734,83.54000091552734,248,0.0,0.0,0.0
2024-08-23 12:25:00-04:00,83.44000244140625,83.44000244140625,83.38999938964844,83.43000030517578,2336,0.0,0.0,0.0
2024-08-23 12:30:00-04:00,83.51010131835938,83.51010131835938,83.51010131835938,83.51010131835938,421,0.0,0.0,0.0
2024-08-23 12:35:00-04:00,83.61000061035156,83.61000061035156,83.61000061035156,83.61000061035156,207,0.0,0.0,0.0
2024-08-23 12:40:00-04:00,83.37000274658203,83.37000274658203,83.34500122070312,83.34500122070312,820,0.0,0.0,0.0
2024-08-23 12:45:00-04:00,83.31999969482422,83.37000274658203,83.31999969482422,83.37000274658203,1691,0.0,0.0,0.0
2024-08-23 12:50:00-04:00,83.44000244140625,83.49009704589844,83.44000244140625,83.4800033569336,943,0.0,0.0,0.0
2024-08-23 13:15:00-04:00,83.6050033569336,83.6050033569336,83.59200286865234,83.59200286865234,596,0.0,0.0,0.0
2024-08-23 13:20:00-04:00,83.61000061035156,83.61000061035156,83.61000061035156,83.61000061035156,262,0.0,0.0,0.0
2024-08-23 13:30:00-04:00,83.72000122070312,83.72000122070312,83.72000122070312,83.72000122070312,656,0.0,0.0,0.0
2024-08-23 13:50:00-04:00,83.7699966430664,83.7699966430664,83.7699966430664,83.7699966430664,170,0.0,0.0,0.0
2024-08-23 14:00:00-04:00,83.7238998413086,83.7238998413086,83.7238998413086,83.7238998413086,155,0.0,0.0,0.0
2024-08-23 14:10:00-04:00,83.76969909667969,83.76969909667969,83.76969909667969,83.76969909667969,348,0.0,0.0,0.0
2024-08-23 14:25:00-04:00,83.79499816894531,83.79499816894531,83.79499816894531,83.79499816894531,718,0.0,0.0,0.0
2024-08-23 14:40:00-04:00,83.83000183105469,83.83999633789062,83.83000183105469,83.83999633789062,0,0.0,0.0,0.0
2024-08-23 14:50:00-04:00,83.81999969482422,83.81999969482422,83.81999969482422,83.81999969482422,28809,0.0,0.0,0.0
2024-08-23 15:10:00-04:00,83.88999938964844,83.94999694824219,83.88999938964844,83.94999694824219,681,0.0,0.0,0.0
2024-08-23 15:30:00-04:00,84.0,84.0,83.9800033569336,83.9800033569336,2682,0.0,0.0,0.0
2024-08-23 15:35:00-04:00,83.91999816894531,83.92359924316406,83.91000366210938,83.91000366210938,328,0.0,0.0,0.0
2024-08-23 15:40:00-04:00,83.9000015258789,83.9000015258789,83.87999725341797,83.87999725341797,288,0.0,0.0,0.0
2024-08-23 15:45:00-04:00,83.80999755859375,83.91000366210938,83.80999755859375,83.91000366210938,215,0.0,0.0,0.0
2024-08-23 15:50:00-04:00,83.97000122070312,83.97000122070312,83.93499755859375,83.94999694824219,1157,0.0,0.0,0.0
2024-08-23 15:55:00-04:00,84.04000091552734,84.04000091552734,83.95999908447266,83.95999908447266,797,0.0,0.0,0.0
