Datetime,Open,High,Low,Close,Volume,Dividends,Stock Splits
2024-07-25 09:30:00-04:00,11.6899995803833,11.6899995803833,11.680000305175781,11.680000305175781,6774,0.0,0.0
2024-07-25 09:35:00-04:00,11.704999923706055,11.739999771118164,11.682000160217285,11.725000381469727,5159,0.0,0.0
2024-07-25 09:40:00-04:00,11.734999656677246,11.779999732971191,11.734999656677246,11.779999732971191,2888,0.0,0.0
2024-07-25 09:45:00-04:00,11.770000457763672,11.789999961853027,11.770000457763672,11.781999588012695,1798,0.0,0.0
2024-07-25 09:50:00-04:00,11.789999961853027,11.800000190734863,11.779999732971191,11.779999732971191,4157,0.0,0.0
2024-07-25 09:55:00-04:00,11.78499984741211,11.789999961853027,11.770000457763672,11.779999732971191,2933,0.0,0.0
2024-07-25 10:00:00-04:00,11.774999618530273,11.789999961853027,11.760000228881836,11.765000343322754,3198,0.0,0.0
2024-07-25 10:05:00-04:00,11.774999618530273,11.774999618530273,11.75,11.75,1593,0.0,0.0
2024-07-25 10:10:00-04:00,11.734999656677246,11.755000114440918,11.734999656677246,11.75,3435,0.0,0.0
2024-07-25 10:15:00-04:00,11.760000228881836,11.789999961853027,11.760000228881836,11.789999961853027,3404,0.0,0.0
2024-07-25 10:20:00-04:00,11.78499984741211,11.795000076293945,11.779999732971191,11.795000076293945,3324,0.0,0.0
2024-07-25 10:25:00-04:00,11.795000076293945,11.795000076293945,11.760000228881836,11.760000228881836,8409,0.0,0.0
2024-07-25 10:30:00-04:00,11.75,11.755000114440918,11.739999771118164,11.739999771118164,2022,0.0,0.0
2024-07-25 10:35:00-04:00,11.739999771118164,11.755000114440918,11.729999542236328,11.739999771118164,3631,0.0,0.0
2024-07-25 10:40:00-04:00,11.760000228881836,11.760000228881836,11.755000114440918,11.760000228881836,868,0.0,0.0
2024-07-25 10:45:00-04:00,11.760000228881836,11.765000343322754,11.75,11.765000343322754,1101,0.0,0.0
2024-07-25 10:50:00-04:00,11.770000457763672,11.779999732971191,11.770000457763672,11.779999732971191,1496,0.0,0.0
2024-07-25 10:55:00-04:00,11.78499984741211,11.84000015258789,11.78499984741211,11.84000015258789,4895,0.0,0.0
2024-07-25 11:00:00-04:00,11.84000015258789,11.84000015258789,11.819999694824219,11.819999694824219,2270,0.0,0.0
2024-07-25 11:05:00-04:00,11.8149995803833,11.829999923706055,11.8149995803833,11.819999694824219,1964,0.0,0.0
2024-07-25 11:10:00-04:00,11.819999694824219,11.854999542236328,11.8149995803833,11.854999542236328,2097,0.0,0.0
2024-07-25 11:15:00-04:00,11.854999542236328,11.869999885559082,11.854999542236328,11.859999656677246,2756,0.0,0.0
2024-07-25 11:20:00-04:00,11.850000381469727,11.859999656677246,11.845000267028809,11.854999542236328,2369,0.0,0.0
2024-07-25 11:25:00-04:00,11.854999542236328,11.854999542236328,11.854999542236328,11.854999542236328,697,0.0,0.0
2024-07-25 11:30:00-04:00,11.854999542236328,11.859999656677246,11.845000267028809,11.859999656677246,2583,0.0,0.0
2024-07-25 11:35:00-04:00,11.859999656677246,11.859999656677246,11.854999542236328,11.859999656677246,1120,0.0,0.0
2024-07-25 11:40:00-04:00,11.864999771118164,11.864999771118164,11.850000381469727,11.864999771118164,3272,0.0,0.0
2024-07-25 11:45:00-04:00,11.864999771118164,11.864999771118164,11.850000381469727,11.854999542236328,8168,0.0,0.0
2024-07-25 11:50:00-04:00,11.854999542236328,11.854999542236328,11.850000381469727,11.854999542236328,1185,0.0,0.0
2024-07-25 11:55:00-04:00,11.854999542236328,11.854999542236328,11.850000381469727,11.850000381469727,1999,0.0,0.0
2024-07-25 12:00:00-04:00,11.859999656677246,11.859999656677246,11.84000015258789,11.845000267028809,10464,0.0,0.0
2024-07-25 12:05:00-04:00,11.850000381469727,11.864999771118164,11.850000381469727,11.864999771118164,4135,0.0,0.0
2024-07-25 12:10:00-04:00,11.864999771118164,11.880000114440918,11.864999771118164,11.875,7790,0.0,0.0
2024-07-25 12:15:00-04:00,11.885000228881836,11.9399995803833,11.885000228881836,11.9399995803833,6823,0.0,0.0
2024-07-25 12:20:00-04:00,11.944999694824219,11.949999809265137,11.944999694824219,11.944999694824219,972,0.0,0.0
2024-07-25 12:25:00-04:00,11.944999694824219,11.944999694824219,11.941200256347656,11.944999694824219,1510,0.0,0.0
2024-07-25 12:30:00-04:00,11.9399995803833,11.949999809265137,11.9399995803833,11.944999694824219,8485,0.0,0.0
2024-07-25 12:35:00-04:00,11.944999694824219,11.949999809265137,11.930000305175781,11.930000305175781,10363,0.0,0.0
2024-07-25 12:40:00-04:00,11.9399995803833,11.9399995803833,11.930100440979004,11.930100440979004,6095,0.0,0.0
2024-07-25 12:45:00-04:00,11.9350004196167,11.9350004196167,11.925000190734863,11.9350004196167,2589,0.0,0.0
2024-07-25 12:50:00-04:00,11.9350004196167,11.944999694824219,11.885000228881836,11.890000343322754,44686,0.0,0.0
2024-07-25 12:55:00-04:00,11.890000343322754,11.890000343322754,11.885000228881836,11.885000228881836,39474,0.0,0.0
2024-07-25 13:00:00-04:00,11.890000343322754,11.920000076293945,11.864999771118164,11.890000343322754,49377,0.0,0.0
2024-07-25 13:05:00-04:00,11.890000343322754,11.890000343322754,11.880000114440918,11.890000343322754,1802,0.0,0.0
2024-07-25 13:10:00-04:00,11.890000343322754,11.899999618530273,11.875,11.875,11822,0.0,0.0
2024-07-25 13:15:00-04:00,11.879899978637695,11.880000114440918,11.864999771118164,11.864999771118164,3254,0.0,0.0
2024-07-25 13:20:00-04:00,11.864999771118164,11.869999885559082,11.850000381469727,11.850000381469727,4469,0.0,0.0
2024-07-25 13:25:00-04:00,11.845000267028809,11.850000381469727,11.824999809265137,11.84000015258789,3526,0.0,0.0
2024-07-25 13:30:00-04:00,11.845000267028809,11.880000114440918,11.824999809265137,11.880000114440918,7363,0.0,0.0
2024-07-25 13:35:00-04:00,11.880000114440918,11.880000114440918,11.864999771118164,11.864999771118164,5573,0.0,0.0
2024-07-25 13:40:00-04:00,11.880000114440918,11.880000114440918,11.875,11.875,623,0.0,0.0
2024-07-25 13:45:00-04:00,11.885000228881836,11.885000228881836,11.864999771118164,11.864999771118164,3812,0.0,0.0
2024-07-25 13:50:00-04:00,11.869999885559082,11.869999885559082,11.864999771118164,11.864999771118164,2808,0.0,0.0
2024-07-25 13:55:00-04:00,11.864999771118164,11.869999885559082,11.864999771118164,11.869999885559082,1426,0.0,0.0
2024-07-25 14:00:00-04:00,11.875,11.875,11.845000267028809,11.850000381469727,9156,0.0,0.0
2024-07-25 14:05:00-04:00,11.850000381469727,11.850000381469727,11.824999809265137,11.824999809265137,9778,0.0,0.0
2024-07-25 14:10:00-04:00,11.819999694824219,11.819999694824219,11.805000305175781,11.8149995803833,3875,0.0,0.0
2024-07-25 14:15:00-04:00,11.8100004196167,11.8149995803833,11.805000305175781,11.8100004196167,2328,0.0,0.0
2024-07-25 14:20:00-04:00,11.8100004196167,11.8100004196167,11.78499984741211,11.78499984741211,3650,0.0,0.0
2024-07-25 14:25:00-04:00,11.78499984741211,11.805000305175781,11.78499984741211,11.795000076293945,4625,0.0,0.0
2024-07-25 14:30:00-04:00,11.795000076293945,11.800000190734863,11.795000076293945,11.795000076293945,2945,0.0,0.0
2024-07-25 14:35:00-04:00,11.789999961853027,11.789999961853027,11.78499984741211,11.78499984741211,2035,0.0,0.0
2024-07-25 14:40:00-04:00,11.78499984741211,11.800000190734863,11.78499984741211,11.795000076293945,3742,0.0,0.0
2024-07-25 14:45:00-04:00,11.795000076293945,11.795000076293945,11.760000228881836,11.770000457763672,6383,0.0,0.0
2024-07-25 14:50:00-04:00,11.779999732971191,11.779999732971191,11.779999732971191,11.779999732971191,295,0.0,0.0
2024-07-25 14:55:00-04:00,11.774999618530273,11.789999961853027,11.770000457763672,11.78499984741211,6105,0.0,0.0
2024-07-25 15:00:00-04:00,11.78499984741211,11.789999961853027,11.755000114440918,11.755000114440918,7457,0.0,0.0
2024-07-25 15:05:00-04:00,11.755000114440918,11.765000343322754,11.75,11.755000114440918,4526,0.0,0.0
2024-07-25 15:10:00-04:00,11.755000114440918,11.770000457763672,11.755000114440918,11.765000343322754,3007,0.0,0.0
2024-07-25 15:15:00-04:00,11.765000343322754,11.78499984741211,11.765000343322754,11.78499984741211,10368,0.0,0.0
2024-07-25 15:20:00-04:00,11.78499984741211,11.8149995803833,11.78499984741211,11.8149995803833,8104,0.0,0.0
2024-07-25 15:25:00-04:00,11.819999694824219,11.829999923706055,11.8149995803833,11.8149995803833,4416,0.0,0.0
2024-07-25 15:30:00-04:00,11.8149995803833,11.829999923706055,11.8100004196167,11.8149995803833,8641,0.0,0.0
2024-07-25 15:35:00-04:00,11.819999694824219,11.819999694824219,11.8100004196167,11.819999694824219,12248,0.0,0.0
2024-07-25 15:40:00-04:00,11.824999809265137,11.84000015258789,11.824999809265137,11.84000015258789,7279,0.0,0.0
2024-07-25 15:45:00-04:00,11.829999923706055,11.835000038146973,11.805000305175781,11.819999694824219,12155,0.0,0.0
2024-07-25 15:50:00-04:00,11.829999923706055,11.84000015258789,11.795000076293945,11.800000190734863,29222,0.0,0.0
2024-07-25 15:55:00-04:00,11.8100004196167,11.84000015258789,11.795000076293945,11.829999923706055,67649,0.0,0.0
2024-07-26 09:30:00-04:00,11.960000038146973,11.960000038146973,11.880000114440918,11.880000114440918,7278,0.0,0.0
2024-07-26 09:35:00-04:00,11.9350004196167,11.979999542236328,11.9350004196167,11.9399995803833,2089,0.0,0.0
2024-07-26 09:40:00-04:00,11.930000305175781,11.930000305175781,11.880000114440918,11.90999984741211,3210,0.0,0.0
2024-07-26 09:45:00-04:00,11.920000076293945,11.920000076293945,11.899999618530273,11.899999618530273,1480,0.0,0.0
2024-07-26 09:50:00-04:00,11.90999984741211,11.90999984741211,11.850000381469727,11.850000381469727,10343,0.0,0.0
2024-07-26 09:55:00-04:00,11.859999656677246,11.859999656677246,11.850000381469727,11.850000381469727,2792,0.0,0.0
2024-07-26 10:00:00-04:00,11.869999885559082,11.880000114440918,11.859999656677246,11.859999656677246,6290,0.0,0.0
2024-07-26 10:05:00-04:00,11.85099983215332,11.90999984741211,11.85099983215332,11.90999984741211,116997,0.0,0.0
2024-07-26 10:10:00-04:00,11.920000076293945,11.949999809265137,11.916199684143066,11.930000305175781,8526,0.0,0.0
2024-07-26 10:15:00-04:00,11.930000305175781,11.944999694824219,11.930000305175781,11.944999694824219,1603,0.0,0.0
2024-07-26 10:20:00-04:00,11.9399995803833,11.970000267028809,11.9399995803833,11.970000267028809,14869,0.0,0.0
2024-07-26 10:25:00-04:00,11.979999542236328,11.989999771118164,11.970000267028809,11.970000267028809,3555,0.0,0.0
2024-07-26 10:30:00-04:00,11.960000038146973,11.960000038146973,11.885000228881836,11.885000228881836,3047,0.0,0.0
2024-07-26 10:35:00-04:00,11.880000114440918,11.899999618530273,11.880000114440918,11.899999618530273,1739,0.0,0.0
2024-07-26 10:40:00-04:00,11.890000343322754,11.890000343322754,11.869999885559082,11.869999885559082,4090,0.0,0.0
2024-07-26 10:45:00-04:00,11.859999656677246,11.920000076293945,11.854999542236328,11.920000076293945,19599,0.0,0.0
2024-07-26 10:50:00-04:00,11.920000076293945,11.920000076293945,11.880000114440918,11.880000114440918,5556,0.0,0.0
2024-07-26 10:55:00-04:00,11.869999885559082,11.869999885559082,11.859999656677246,11.864999771118164,2541,0.0,0.0
2024-07-26 11:00:00-04:00,11.869999885559082,11.880000114440918,11.859999656677246,11.869999885559082,2359,0.0,0.0
2024-07-26 11:05:00-04:00,11.880000114440918,11.885000228881836,11.869999885559082,11.869999885559082,3855,0.0,0.0
2024-07-26 11:10:00-04:00,11.880000114440918,11.880000114440918,11.859999656677246,11.859999656677246,1806,0.0,0.0
2024-07-26 11:15:00-04:00,11.859999656677246,11.859999656677246,11.850000381469727,11.850000381469727,1636,0.0,0.0
2024-07-26 11:20:00-04:00,11.84000015258789,11.845000267028809,11.84000015258789,11.845000267028809,459,0.0,0.0
2024-07-26 11:25:00-04:00,11.845000267028809,11.864999771118164,11.845000267028809,11.850000381469727,6382,0.0,0.0
2024-07-26 11:30:00-04:00,11.850000381469727,11.850000381469727,11.850000381469727,11.850000381469727,1690,0.0,0.0
2024-07-26 11:35:00-04:00,11.84000015258789,11.850000381469727,11.84000015258789,11.850000381469727,1142,0.0,0.0
2024-07-26 11:40:00-04:00,11.855999946594238,11.859999656677246,11.855999946594238,11.859999656677246,737,0.0,0.0
2024-07-26 11:45:00-04:00,11.869999885559082,11.885000228881836,11.854999542236328,11.880000114440918,300052,0.0,0.0
2024-07-26 11:50:00-04:00,11.880000114440918,11.930000305175781,11.850000381469727,11.930000305175781,17134,0.0,0.0
2024-07-26 11:55:00-04:00,11.930000305175781,11.949999809265137,11.930000305175781,11.949999809265137,1289,0.0,0.0
2024-07-26 12:00:00-04:00,11.949999809265137,11.979999542236328,11.949999809265137,11.979999542236328,3662,0.0,0.0
2024-07-26 12:05:00-04:00,11.979999542236328,12.0,11.979999542236328,12.0,5895,0.0,0.0
2024-07-26 12:10:00-04:00,12.0,12.0,11.970000267028809,11.970000267028809,6942,0.0,0.0
2024-07-26 12:15:00-04:00,11.979999542236328,11.984999656677246,11.979999542236328,11.984999656677246,948,0.0,0.0
2024-07-26 12:20:00-04:00,11.979999542236328,11.989999771118164,11.975000381469727,11.989999771118164,2825,0.0,0.0
2024-07-26 12:25:00-04:00,11.994999885559082,11.994999885559082,11.989999771118164,11.989999771118164,3243,0.0,0.0
2024-07-26 12:30:00-04:00,11.989999771118164,11.994999885559082,11.989999771118164,11.989999771118164,2586,0.0,0.0
2024-07-26 12:35:00-04:00,11.984999656677246,11.994999885559082,11.984999656677246,11.994999885559082,2012,0.0,0.0
2024-07-26 12:40:00-04:00,11.994999885559082,11.994999885559082,11.9891996383667,11.9891996383667,4115,0.0,0.0
2024-07-26 12:45:00-04:00,11.984999656677246,11.994999885559082,11.984999656677246,11.994999885559082,1641,0.0,0.0
2024-07-26 12:50:00-04:00,12.0,12.005000114440918,11.984999656677246,11.994999885559082,10240,0.0,0.0
2024-07-26 12:55:00-04:00,11.994999885559082,12.0,11.984999656677246,12.0,3458,0.0,0.0
2024-07-26 13:00:00-04:00,11.994999885559082,12.015000343322754,11.989999771118164,11.994999885559082,23750,0.0,0.0
2024-07-26 13:05:00-04:00,12.0,12.0,11.994999885559082,11.994999885559082,1256,0.0,0.0
2024-07-26 13:10:00-04:00,11.994999885559082,12.0,11.994999885559082,12.0,2265,0.0,0.0
2024-07-26 13:15:00-04:00,12.0,12.0,11.994999885559082,12.0,1845,0.0,0.0
2024-07-26 13:20:00-04:00,12.0,12.029999732971191,12.0,12.029999732971191,24342,0.0,0.0
2024-07-26 13:25:00-04:00,12.024999618530273,12.050000190734863,12.024999618530273,12.050000190734863,1746,0.0,0.0
2024-07-26 13:30:00-04:00,12.050000190734863,12.050000190734863,12.039999961853027,12.039999961853027,4199,0.0,0.0
2024-07-26 13:35:00-04:00,12.03499984741211,12.03499984741211,12.024999618530273,12.024999618530273,3035,0.0,0.0
2024-07-26 13:40:00-04:00,12.029999732971191,12.039999961853027,12.020000457763672,12.039999961853027,2949,0.0,0.0
2024-07-26 13:45:00-04:00,12.045000076293945,12.055000305175781,12.045000076293945,12.055000305175781,1300,0.0,0.0
2024-07-26 13:50:00-04:00,12.0600004196167,12.069999694824219,12.055000305175781,12.069999694824219,3431,0.0,0.0
2024-07-26 13:55:00-04:00,12.0649995803833,12.0649995803833,12.0600004196167,12.0649995803833,2067,0.0,0.0
2024-07-26 14:00:00-04:00,12.0649995803833,12.0649995803833,12.0649995803833,12.0649995803833,1282,0.0,0.0
2024-07-26 14:05:00-04:00,12.0600004196167,12.069999694824219,12.055000305175781,12.069999694824219,7967,0.0,0.0
2024-07-26 14:10:00-04:00,12.0649995803833,12.095000267028809,12.0649995803833,12.095000267028809,5510,0.0,0.0
2024-07-26 14:15:00-04:00,12.100000381469727,12.109999656677246,12.085000038146973,12.085000038146973,15443,0.0,0.0
2024-07-26 14:20:00-04:00,12.079999923706055,12.095000267028809,12.079999923706055,12.095000267028809,2461,0.0,0.0
2024-07-26 14:25:00-04:00,12.095000267028809,12.100000381469727,12.095000267028809,12.100000381469727,1227,0.0,0.0
2024-07-26 14:30:00-04:00,12.09000015258789,12.095000267028809,12.085000038146973,12.095000267028809,6133,0.0,0.0
2024-07-26 14:35:00-04:00,12.095000267028809,12.095000267028809,12.085000038146973,12.09000015258789,4141,0.0,0.0
2024-07-26 14:40:00-04:00,12.085000038146973,12.085000038146973,12.074999809265137,12.079999923706055,3293,0.0,0.0
2024-07-26 14:45:00-04:00,12.079999923706055,12.085000038146973,12.079999923706055,12.085000038146973,1632,0.0,0.0
2024-07-26 14:50:00-04:00,12.085000038146973,12.085000038146973,12.069999694824219,12.069999694824219,4032,0.0,0.0
2024-07-26 14:55:00-04:00,12.0649995803833,12.074999809265137,12.0649995803833,12.074999809265137,2354,0.0,0.0
2024-07-26 15:00:00-04:00,12.069999694824219,12.069999694824219,12.0600004196167,12.0600004196167,2772,0.0,0.0
2024-07-26 15:05:00-04:00,12.0600004196167,12.074999809265137,12.050000190734863,12.074999809265137,4728,0.0,0.0
2024-07-26 15:10:00-04:00,12.069999694824219,12.069999694824219,12.020000457763672,12.020000457763672,18170,0.0,0.0
2024-07-26 15:15:00-04:00,12.010000228881836,12.045000076293945,12.010000228881836,12.045000076293945,3010,0.0,0.0
2024-07-26 15:20:00-04:00,12.045000076293945,12.045000076293945,12.010000228881836,12.029999732971191,8998,0.0,0.0
2024-07-26 15:25:00-04:00,12.03499984741211,12.050000190734863,12.03499984741211,12.050000190734863,3466,0.0,0.0
2024-07-26 15:30:00-04:00,12.045000076293945,12.050000190734863,12.03499984741211,12.039999961853027,10648,0.0,0.0
2024-07-26 15:35:00-04:00,12.029999732971191,12.045000076293945,12.015000343322754,12.045000076293945,9945,0.0,0.0
2024-07-26 15:40:00-04:00,12.045000076293945,12.045000076293945,11.989999771118164,12.0,41317,0.0,0.0
2024-07-26 15:45:00-04:00,11.994999885559082,12.024999618530273,11.989999771118164,12.024999618530273,17420,0.0,0.0
2024-07-26 15:50:00-04:00,12.029999732971191,12.045000076293945,12.010000228881836,12.010000228881836,15640,0.0,0.0
2024-07-26 15:55:00-04:00,12.010000228881836,12.03499984741211,11.970000267028809,11.970000267028809,85254,0.0,0.0
2024-07-29 09:30:00-04:00,12.0600004196167,12.09000015258789,11.994999885559082,11.994999885559082,10243,0.0,0.0
2024-07-29 09:35:00-04:00,11.960000038146973,11.960000038146973,11.890000343322754,11.890000343322754,4044,0.0,0.0
2024-07-29 09:40:00-04:00,11.930000305175781,12.010000228881836,11.911999702453613,12.010000228881836,9417,0.0,0.0
2024-07-29 09:45:00-04:00,12.010000228881836,12.010000228881836,11.994999885559082,12.0,3262,0.0,0.0
2024-07-29 09:50:00-04:00,12.010000228881836,12.020000457763672,12.010000228881836,12.020000457763672,1353,0.0,0.0
2024-07-29 09:55:00-04:00,12.029999732971191,12.03499984741211,12.029999732971191,12.03499984741211,1669,0.0,0.0
2024-07-29 10:00:00-04:00,12.039999961853027,12.050000190734863,12.020000457763672,12.045000076293945,4522,0.0,0.0
2024-07-29 10:05:00-04:00,12.045000076293945,12.045000076293945,12.020000457763672,12.020000457763672,3505,0.0,0.0
2024-07-29 10:10:00-04:00,12.0,12.010000228881836,11.984999656677246,12.010000228881836,2730,0.0,0.0
2024-07-29 10:15:00-04:00,12.045000076293945,12.045000076293945,12.039999961853027,12.039999961853027,4317,0.0,0.0
2024-07-29 10:20:00-04:00,12.039999961853027,12.0600004196167,12.039999961853027,12.0600004196167,2424,0.0,0.0
2024-07-29 10:25:00-04:00,12.050000190734863,12.050000190734863,12.050000190734863,12.050000190734863,1401,0.0,0.0
2024-07-29 10:30:00-04:00,12.039999961853027,12.039999961853027,12.005000114440918,12.005000114440918,1760,0.0,0.0
2024-07-29 10:35:00-04:00,12.005000114440918,12.029999732971191,11.998000144958496,12.029999732971191,6309,0.0,0.0
2024-07-29 10:40:00-04:00,12.029999732971191,12.055000305175781,12.029999732971191,12.055000305175781,3704,0.0,0.0
2024-07-29 10:45:00-04:00,12.050000190734863,12.050000190734863,12.029999732971191,12.045000076293945,3298,0.0,0.0
2024-07-29 10:50:00-04:00,12.045000076293945,12.045000076293945,12.03499984741211,12.03499984741211,1404,0.0,0.0
2024-07-29 10:55:00-04:00,12.039999961853027,12.050000190734863,12.039999961853027,12.050000190734863,1488,0.0,0.0
2024-07-29 11:00:00-04:00,12.050000190734863,12.050000190734863,12.03499984741211,12.039999961853027,4319,0.0,0.0
2024-07-29 11:05:00-04:00,12.029999732971191,12.029999732971191,12.024999618530273,12.029999732971191,2500,0.0,0.0
2024-07-29 11:10:00-04:00,12.029999732971191,12.029999732971191,11.984999656677246,12.0,7094,0.0,0.0
2024-07-29 11:15:00-04:00,12.005000114440918,12.005000114440918,11.989999771118164,11.989999771118164,3216,0.0,0.0
2024-07-29 11:20:00-04:00,11.989999771118164,12.0,11.989999771118164,12.0,1387,0.0,0.0
2024-07-29 11:25:00-04:00,12.0,12.017999649047852,12.0,12.005000114440918,3042,0.0,0.0
2024-07-29 11:30:00-04:00,12.0,12.0,11.979999542236328,11.979999542236328,2108,0.0,0.0
2024-07-29 11:35:00-04:00,11.979999542236328,11.987700462341309,11.979999542236328,11.987700462341309,1694,0.0,0.0
2024-07-29 11:40:00-04:00,12.0,12.0,12.0,12.0,1060,0.0,0.0
2024-07-29 11:45:00-04:00,12.0,12.020000457763672,12.0,12.020000457763672,5378,0.0,0.0
2024-07-29 11:50:00-04:00,12.029999732971191,12.029999732971191,11.979999542236328,11.979999542236328,27588,0.0,0.0
2024-07-29 11:55:00-04:00,11.979900360107422,11.984999656677246,11.979900360107422,11.979999542236328,2581,0.0,0.0
2024-07-29 12:00:00-04:00,11.979999542236328,11.989999771118164,11.979999542236328,11.989999771118164,1111,0.0,0.0
2024-07-29 12:05:00-04:00,11.989999771118164,12.010000228881836,11.989999771118164,11.989999771118164,6179,0.0,0.0
2024-07-29 12:10:00-04:00,11.989999771118164,11.989999771118164,11.989999771118164,11.989999771118164,1517,0.0,0.0
2024-07-29 12:15:00-04:00,11.994999885559082,12.005000114440918,11.994999885559082,11.994999885559082,37605,0.0,0.0
2024-07-29 12:20:00-04:00,12.0,12.005000114440918,11.994999885559082,11.994999885559082,8031,0.0,0.0
2024-07-29 12:25:00-04:00,11.989999771118164,11.994999885559082,11.975299835205078,11.975299835205078,2739,0.0,0.0
2024-07-29 12:30:00-04:00,11.975000381469727,11.975000381469727,11.975000381469727,11.975000381469727,618,0.0,0.0
2024-07-29 12:35:00-04:00,11.975000381469727,11.975000381469727,11.960000038146973,11.960000038146973,2245,0.0,0.0
2024-07-29 12:40:00-04:00,11.96500015258789,11.96500015258789,11.944999694824219,11.944999694824219,2366,0.0,0.0
2024-07-29 12:45:00-04:00,11.944999694824219,11.944999694824219,11.944999694824219,11.944999694824219,763,0.0,0.0
2024-07-29 12:50:00-04:00,11.9399995803833,11.942000389099121,11.920000076293945,11.930000305175781,5113,0.0,0.0
2024-07-29 12:55:00-04:00,11.9399995803833,11.9399995803833,11.90999984741211,11.90999984741211,2588,0.0,0.0
2024-07-29 13:00:00-04:00,11.90999984741211,11.920000076293945,11.90999984741211,11.920000076293945,2064,0.0,0.0
2024-07-29 13:05:00-04:00,11.920000076293945,11.920000076293945,11.920000076293945,11.920000076293945,772,0.0,0.0
2024-07-29 13:10:00-04:00,11.930000305175781,11.949999809265137,11.930000305175781,11.949999809265137,2686,0.0,0.0
2024-07-29 13:15:00-04:00,11.9399995803833,11.9399995803833,11.930000305175781,11.9350004196167,1600,0.0,0.0
2024-07-29 13:20:00-04:00,11.930000305175781,11.930000305175781,11.930000305175781,11.930000305175781,1625,0.0,0.0
2024-07-29 13:25:00-04:00,11.925000190734863,11.9350004196167,11.895000457763672,11.90999984741211,8536,0.0,0.0
2024-07-29 13:30:00-04:00,11.914999961853027,11.914999961853027,11.904999732971191,11.904999732971191,1559,0.0,0.0
2024-07-29 13:35:00-04:00,11.90999984741211,11.914999961853027,11.90999984741211,11.90999984741211,1817,0.0,0.0
2024-07-29 13:40:00-04:00,11.904999732971191,11.914999961853027,11.904999732971191,11.90999984741211,2299,0.0,0.0
2024-07-29 13:45:00-04:00,11.90999984741211,11.914999961853027,11.90999984741211,11.90999984741211,1549,0.0,0.0
2024-07-29 13:50:00-04:00,11.90999984741211,11.920000076293945,11.90999984741211,11.914999961853027,2450,0.0,0.0
2024-07-29 13:55:00-04:00,11.914999961853027,11.914999961853027,11.914999961853027,11.914999961853027,482,0.0,0.0
2024-07-29 14:00:00-04:00,11.914999961853027,11.914999961853027,11.899999618530273,11.899999618530273,2408,0.0,0.0
2024-07-29 14:05:00-04:00,11.90999984741211,11.920000076293945,11.90999984741211,11.920000076293945,3302,0.0,0.0
2024-07-29 14:10:00-04:00,11.920000076293945,11.920000076293945,11.920000076293945,11.920000076293945,267,0.0,0.0
2024-07-29 14:15:00-04:00,11.925000190734863,11.925000190734863,11.914999961853027,11.914999961853027,2565,0.0,0.0
2024-07-29 14:20:00-04:00,11.916799545288086,11.916799545288086,11.90999984741211,11.914999961853027,2353,0.0,0.0
2024-07-29 14:25:00-04:00,11.90999984741211,11.90999984741211,11.899999618530273,11.899999618530273,2324,0.0,0.0
2024-07-29 14:30:00-04:00,11.904999732971191,11.904999732971191,11.895000457763672,11.895000457763672,1585,0.0,0.0
2024-07-29 14:35:00-04:00,11.895000457763672,11.904999732971191,11.895000457763672,11.895000457763672,3179,0.0,0.0
2024-07-29 14:40:00-04:00,11.895000457763672,11.904999732971191,11.895000457763672,11.895000457763672,2164,0.0,0.0
2024-07-29 14:45:00-04:00,11.890000343322754,11.890000343322754,11.875,11.875,2991,0.0,0.0
2024-07-29 14:50:00-04:00,11.875,11.875,11.869999885559082,11.875,2075,0.0,0.0
2024-07-29 14:55:00-04:00,11.875,11.895000457763672,11.875,11.895000457763672,2448,0.0,0.0
2024-07-29 15:00:00-04:00,11.890000343322754,11.899999618530273,11.890000343322754,11.899999618530273,2102,0.0,0.0
2024-07-29 15:05:00-04:00,11.895000457763672,11.920000076293945,11.895000457763672,11.90999984741211,6387,0.0,0.0
2024-07-29 15:10:00-04:00,11.90999984741211,11.90999984741211,11.895000457763672,11.895000457763672,1599,0.0,0.0
2024-07-29 15:15:00-04:00,11.899999618530273,11.904999732971191,11.899999618530273,11.904999732971191,3133,0.0,0.0
2024-07-29 15:20:00-04:00,11.899999618530273,11.920000076293945,11.899999618530273,11.914999961853027,6041,0.0,0.0
2024-07-29 15:25:00-04:00,11.90999984741211,11.914999961853027,11.90999984741211,11.914999961853027,2387,0.0,0.0
2024-07-29 15:30:00-04:00,11.90999984741211,11.90999984741211,11.895000457763672,11.904999732971191,3719,0.0,0.0
2024-07-29 15:35:00-04:00,11.90999984741211,11.9399995803833,11.90999984741211,11.925000190734863,5460,0.0,0.0
2024-07-29 15:40:00-04:00,11.930000305175781,11.930000305175781,11.925000190734863,11.925000190734863,737,0.0,0.0
2024-07-29 15:45:00-04:00,11.925000190734863,11.930000305175781,11.920000076293945,11.930000305175781,8271,0.0,0.0
2024-07-29 15:50:00-04:00,11.930000305175781,11.944999694824219,11.925000190734863,11.925000190734863,14731,0.0,0.0
2024-07-29 15:55:00-04:00,11.925000190734863,11.930000305175781,11.890000343322754,11.899999618530273,27464,0.0,0.0
2024-07-30 09:30:00-04:00,11.979999542236328,11.989999771118164,11.970000267028809,11.989999771118164,5203,0.0,0.0
2024-07-30 09:35:00-04:00,12.020000457763672,12.029999732971191,12.010000228881836,12.010000228881836,2113,0.0,0.0
2024-07-30 09:40:00-04:00,12.029999732971191,12.039999961853027,12.029999732971191,12.039999961853027,820,0.0,0.0
2024-07-30 09:45:00-04:00,12.020000457763672,12.039999961853027,12.0,12.039999961853027,2143,0.0,0.0
2024-07-30 09:50:00-04:00,12.029999732971191,12.029999732971191,12.010000228881836,12.010000228881836,748,0.0,0.0
2024-07-30 09:55:00-04:00,11.989999771118164,12.0,11.989999771118164,12.0,1341,0.0,0.0
2024-07-30 10:00:00-04:00,11.970000267028809,11.970000267028809,11.9399995803833,11.960000038146973,1688,0.0,0.0
2024-07-30 10:05:00-04:00,11.949999809265137,11.975000381469727,11.930500030517578,11.930500030517578,2057,0.0,0.0
2024-07-30 10:10:00-04:00,11.930000305175781,11.930000305175781,11.899999618530273,11.90999984741211,3730,0.0,0.0
2024-07-30 10:15:00-04:00,11.899999618530273,11.930000305175781,11.899999618530273,11.920000076293945,4593,0.0,0.0
2024-07-30 10:20:00-04:00,11.920000076293945,11.920000076293945,11.895000457763672,11.90999984741211,2130,0.0,0.0
2024-07-30 10:25:00-04:00,11.899999618530273,11.920000076293945,11.899999618530273,11.90999984741211,1772,0.0,0.0
2024-07-30 10:30:00-04:00,11.90999984741211,11.9399995803833,11.90999984741211,11.930000305175781,3669,0.0,0.0
2024-07-30 10:35:00-04:00,11.925000190734863,11.9399995803833,11.920000076293945,11.9399995803833,2951,0.0,0.0
2024-07-30 10:40:00-04:00,11.9399995803833,11.9399995803833,11.9399995803833,11.9399995803833,829,0.0,0.0
2024-07-30 10:45:00-04:00,11.949999809265137,11.949999809265137,11.944999694824219,11.944999694824219,1477,0.0,0.0
2024-07-30 10:50:00-04:00,11.949999809265137,11.949999809265137,11.944999694824219,11.944999694824219,1347,0.0,0.0
2024-07-30 10:55:00-04:00,11.949999809265137,11.949999809265137,11.920000076293945,11.920000076293945,1183,0.0,0.0
2024-07-30 11:00:00-04:00,11.90999984741211,11.90999984741211,11.90999984741211,11.90999984741211,1827,0.0,0.0
2024-07-30 11:05:00-04:00,11.899999618530273,11.899999618530273,11.880000114440918,11.890000343322754,1555,0.0,0.0
2024-07-30 11:10:00-04:00,11.895000457763672,11.895000457763672,11.880000114440918,11.890000343322754,2375,0.0,0.0
2024-07-30 11:15:00-04:00,11.890000343322754,11.904999732971191,11.890000343322754,11.899999618530273,2995,0.0,0.0
2024-07-30 11:20:00-04:00,11.899999618530273,11.899999618530273,11.899999618530273,11.899999618530273,370,0.0,0.0
2024-07-30 11:25:00-04:00,11.904999732971191,11.904999732971191,11.899999618530273,11.899999618530273,1862,0.0,0.0
2024-07-30 11:30:00-04:00,11.890000343322754,11.890000343322754,11.869999885559082,11.869999885559082,1159,0.0,0.0
2024-07-30 11:35:00-04:00,11.854999542236328,11.859999656677246,11.850000381469727,11.850000381469727,1347,0.0,0.0
2024-07-30 11:40:00-04:00,11.854999542236328,11.864999771118164,11.854999542236328,11.864999771118164,1385,0.0,0.0
2024-07-30 11:45:00-04:00,11.859999656677246,11.859999656677246,11.850000381469727,11.850000381469727,1959,0.0,0.0
2024-07-30 11:50:00-04:00,11.859999656677246,11.859999656677246,11.850000381469727,11.850000381469727,848,0.0,0.0
2024-07-30 11:55:00-04:00,11.84000015258789,11.84000015258789,11.84000015258789,11.84000015258789,134,0.0,0.0
2024-07-30 12:00:00-04:00,11.850000381469727,11.850000381469727,11.829999923706055,11.829999923706055,2903,0.0,0.0
2024-07-30 12:05:00-04:00,11.824999809265137,11.824999809265137,11.819999694824219,11.819999694824219,648,0.0,0.0
2024-07-30 12:10:00-04:00,11.819999694824219,11.819999694824219,11.819999694824219,11.819999694824219,274,0.0,0.0
2024-07-30 12:15:00-04:00,11.819999694824219,11.824999809265137,11.8100004196167,11.824999809265137,2981,0.0,0.0
2024-07-30 12:20:00-04:00,11.819999694824219,11.819999694824219,11.8149995803833,11.8149995803833,1386,0.0,0.0
2024-07-30 12:25:00-04:00,11.829999923706055,11.835800170898438,11.829999923706055,11.835800170898438,1092,0.0,0.0
2024-07-30 12:30:00-04:00,11.829999923706055,11.850000381469727,11.829999923706055,11.850000381469727,2385,0.0,0.0
2024-07-30 12:35:00-04:00,11.850000381469727,11.885000228881836,11.850000381469727,11.885000228881836,1953,0.0,0.0
2024-07-30 12:40:00-04:00,11.885000228881836,11.90999984741211,11.885000228881836,11.904999732971191,3385,0.0,0.0
2024-07-30 12:45:00-04:00,11.90999984741211,11.914999961853027,11.899999618530273,11.899999618530273,4842,0.0,0.0
2024-07-30 12:50:00-04:00,11.890000343322754,11.890000343322754,11.864999771118164,11.864999771118164,2017,0.0,0.0
2024-07-30 12:55:00-04:00,11.850000381469727,11.850000381469727,11.850000381469727,11.850000381469727,1501,0.0,0.0
2024-07-30 13:00:00-04:00,11.829999923706055,11.829999923706055,11.829999923706055,11.829999923706055,855,0.0,0.0
2024-07-30 13:05:00-04:00,11.819999694824219,11.84000015258789,11.819999694824219,11.84000015258789,1868,0.0,0.0
2024-07-30 13:10:00-04:00,11.84000015258789,11.84000015258789,11.835000038146973,11.84000015258789,1821,0.0,0.0
2024-07-30 13:15:00-04:00,11.84000015258789,11.84000015258789,11.84000015258789,11.84000015258789,594,0.0,0.0
2024-07-30 13:20:00-04:00,11.84000015258789,11.84000015258789,11.84000015258789,11.84000015258789,981,0.0,0.0
2024-07-30 13:25:00-04:00,11.833999633789062,11.833999633789062,11.829999923706055,11.829999923706055,1100,0.0,0.0
2024-07-30 13:30:00-04:00,11.819999694824219,11.819999694824219,11.819999694824219,11.819999694824219,699,0.0,0.0
2024-07-30 13:35:00-04:00,11.829999923706055,11.829999923706055,11.819999694824219,11.829999923706055,1833,0.0,0.0
2024-07-30 13:40:00-04:00,11.84000015258789,11.84000015258789,11.84000015258789,11.84000015258789,469,0.0,0.0
2024-07-30 13:45:00-04:00,11.850000381469727,11.850000381469727,11.829999923706055,11.84000015258789,1895,0.0,0.0
2024-07-30 13:50:00-04:00,11.84000015258789,11.84000015258789,11.835000038146973,11.84000015258789,1450,0.0,0.0
2024-07-30 13:55:00-04:00,11.84000015258789,11.84000015258789,11.84000015258789,11.84000015258789,740,0.0,0.0
2024-07-30 14:00:00-04:00,11.84000015258789,11.854999542236328,11.84000015258789,11.854999542236328,2006,0.0,0.0
2024-07-30 14:05:00-04:00,11.859999656677246,11.86989974975586,11.859999656677246,11.864999771118164,1027,0.0,0.0
2024-07-30 14:10:00-04:00,11.869999885559082,11.869999885559082,11.864999771118164,11.864999771118164,1286,0.0,0.0
2024-07-30 14:15:00-04:00,11.869999885559082,11.880000114440918,11.869999885559082,11.869999885559082,2327,0.0,0.0
2024-07-30 14:20:00-04:00,11.869999885559082,11.869999885559082,11.869999885559082,11.869999885559082,624,0.0,0.0
2024-07-30 14:25:00-04:00,11.864999771118164,11.864999771118164,11.859999656677246,11.859999656677246,2018,0.0,0.0
2024-07-30 14:30:00-04:00,11.859999656677246,11.864999771118164,11.859999656677246,11.864999771118164,1760,0.0,0.0
2024-07-30 14:35:00-04:00,11.869999885559082,11.875800132751465,11.869999885559082,11.875800132751465,1304,0.0,0.0
2024-07-30 14:45:00-04:00,11.869999885559082,11.870499610900879,11.869999885559082,11.869999885559082,2391,0.0,0.0
2024-07-30 14:50:00-04:00,11.880000114440918,11.880000114440918,11.880000114440918,11.880000114440918,550,0.0,0.0
2024-07-30 14:55:00-04:00,11.880000114440918,11.890000343322754,11.875,11.880000114440918,2451,0.0,0.0
2024-07-30 15:00:00-04:00,11.880000114440918,11.880000114440918,11.869999885559082,11.869999885559082,1170,0.0,0.0
2024-07-30 15:05:00-04:00,11.859999656677246,11.859999656677246,11.850000381469727,11.850000381469727,3566,0.0,0.0
2024-07-30 15:10:00-04:00,11.854999542236328,11.854999542236328,11.835000038146973,11.835000038146973,2613,0.0,0.0
2024-07-30 15:15:00-04:00,11.850000381469727,11.869999885559082,11.850000381469727,11.869999885559082,2557,0.0,0.0
2024-07-30 15:20:00-04:00,11.880000114440918,11.880000114440918,11.875,11.880000114440918,1773,0.0,0.0
2024-07-30 15:25:00-04:00,11.885000228881836,11.885000228881836,11.885000228881836,11.885000228881836,735,0.0,0.0
2024-07-30 15:30:00-04:00,11.880000114440918,11.890000343322754,11.880000114440918,11.890000343322754,6384,0.0,0.0
2024-07-30 15:35:00-04:00,11.895000457763672,11.895000457763672,11.890000343322754,11.890000343322754,1700,0.0,0.0
2024-07-30 15:40:00-04:00,11.895000457763672,11.90999984741211,11.890000343322754,11.90999984741211,2735,0.0,0.0
2024-07-30 15:45:00-04:00,11.90999984741211,11.949999809265137,11.904999732971191,11.949999809265137,8992,0.0,0.0
2024-07-30 15:50:00-04:00,11.954999923706055,11.954999923706055,11.9350004196167,11.9350004196167,14873,0.0,0.0
2024-07-30 15:55:00-04:00,11.9350004196167,11.949999809265137,11.914999961853027,11.930000305175781,41593,0.0,0.0
2024-07-31 09:30:00-04:00,11.979999542236328,11.979999542236328,11.979999542236328,11.979999542236328,2181,0.0,0.0
2024-07-31 09:35:00-04:00,11.970000267028809,11.970000267028809,11.970000267028809,11.970000267028809,321,0.0,0.0
2024-07-31 09:40:00-04:00,11.960000038146973,11.960000038146973,11.949999809265137,11.949999809265137,1666,0.0,0.0
2024-07-31 09:45:00-04:00,11.979999542236328,11.986000061035156,11.96500015258789,11.96500015258789,2419,0.0,0.0
2024-07-31 09:50:00-04:00,11.960000038146973,11.960000038146973,11.9399995803833,11.9399995803833,1171,0.0,0.0
2024-07-31 09:55:00-04:00,11.920000076293945,11.930000305175781,11.899999618530273,11.930000305175781,3466,0.0,0.0
2024-07-31 10:00:00-04:00,11.9399995803833,11.9399995803833,11.930000305175781,11.9399995803833,2013,0.0,0.0
2024-07-31 10:05:00-04:00,11.944999694824219,11.944999694824219,11.899999618530273,11.899999618530273,3836,0.0,0.0
2024-07-31 10:10:00-04:00,11.902999877929688,11.90999984741211,11.902999877929688,11.90999984741211,903,0.0,0.0
2024-07-31 10:15:00-04:00,11.90999984741211,11.920000076293945,11.90999984741211,11.920000076293945,2102,0.0,0.0
2024-07-31 10:20:00-04:00,11.920000076293945,11.920000076293945,11.90999984741211,11.920000076293945,1831,0.0,0.0
2024-07-31 10:25:00-04:00,11.90999984741211,11.914999961853027,11.90999984741211,11.914999961853027,588,0.0,0.0
2024-07-31 10:30:00-04:00,11.920000076293945,11.925000190734863,11.920000076293945,11.925000190734863,222,0.0,0.0
2024-07-31 10:35:00-04:00,11.925999641418457,11.954999923706055,11.925999641418457,11.954999923706055,3847,0.0,0.0
2024-07-31 10:45:00-04:00,11.920000076293945,11.925000190734863,11.920000076293945,11.920000076293945,614,0.0,0.0
2024-07-31 10:50:00-04:00,11.920000076293945,11.920000076293945,11.899999618530273,11.899999618530273,2612,0.0,0.0
2024-07-31 10:55:00-04:00,11.904999732971191,11.914999961853027,11.904999732971191,11.914999961853027,2547,0.0,0.0
2024-07-31 11:00:00-04:00,11.90999984741211,11.930000305175781,11.90999984741211,11.930000305175781,2303,0.0,0.0
2024-07-31 11:05:00-04:00,11.930000305175781,11.930000305175781,11.925000190734863,11.925000190734863,1871,0.0,0.0
2024-07-31 11:10:00-04:00,11.930000305175781,11.930000305175781,11.904999732971191,11.904999732971191,3092,0.0,0.0
2024-07-31 11:15:00-04:00,11.905200004577637,11.920000076293945,11.905200004577637,11.920000076293945,2319,0.0,0.0
2024-07-31 11:25:00-04:00,11.930000305175781,11.960000038146973,11.930000305175781,11.944999694824219,2400,0.0,0.0
2024-07-31 11:30:00-04:00,11.944999694824219,11.944999694824219,11.930000305175781,11.930000305175781,2418,0.0,0.0
2024-07-31 11:35:00-04:00,11.925000190734863,11.9399995803833,11.925000190734863,11.930000305175781,2731,0.0,0.0
2024-07-31 11:40:00-04:00,11.925000190734863,11.930000305175781,11.914999961853027,11.925000190734863,6318,0.0,0.0
2024-07-31 11:45:00-04:00,11.920000076293945,11.9399995803833,11.920000076293945,11.9399995803833,5009,0.0,0.0
2024-07-31 11:50:00-04:00,11.944999694824219,11.944999694824219,11.930000305175781,11.9350004196167,2614,0.0,0.0
2024-07-31 11:55:00-04:00,11.9350004196167,11.9399995803833,11.9350004196167,11.9399995803833,4278,0.0,0.0
2024-07-31 12:00:00-04:00,11.939399719238281,11.939399719238281,11.925200462341309,11.930000305175781,5449,0.0,0.0
2024-07-31 12:05:00-04:00,11.9399995803833,11.944999694824219,11.9399995803833,11.944999694824219,1365,0.0,0.0
2024-07-31 12:10:00-04:00,11.944999694824219,11.96500015258789,11.944999694824219,11.96500015258789,3200,0.0,0.0
2024-07-31 12:15:00-04:00,11.960000038146973,11.960000038146973,11.949999809265137,11.949999809265137,1919,0.0,0.0
2024-07-31 12:20:00-04:00,11.9350004196167,11.93649959564209,11.9350004196167,11.9350004196167,1379,0.0,0.0
2024-07-31 12:25:00-04:00,11.930000305175781,11.930000305175781,11.930000305175781,11.930000305175781,1519,0.0,0.0
2024-07-31 12:30:00-04:00,11.9399995803833,11.9399995803833,11.9350004196167,11.9350004196167,3342,0.0,0.0
2024-07-31 12:35:00-04:00,11.9350004196167,11.9350004196167,11.9350004196167,11.9350004196167,550,0.0,0.0
2024-07-31 12:40:00-04:00,11.9350004196167,11.9350004196167,11.930000305175781,11.9350004196167,466,0.0,0.0
2024-07-31 12:45:00-04:00,11.9350004196167,11.960000038146973,11.9350004196167,11.954999923706055,4372,0.0,0.0
2024-07-31 12:50:00-04:00,11.954999923706055,11.954999923706055,11.954999923706055,11.954999923706055,558,0.0,0.0
2024-07-31 12:55:00-04:00,11.954999923706055,11.954999923706055,11.949999809265137,11.954999923706055,4610,0.0,0.0
2024-07-31 13:00:00-04:00,11.954999923706055,11.960000038146973,11.954999923706055,11.954999923706055,3135,0.0,0.0
2024-07-31 13:05:00-04:00,11.954999923706055,11.96500015258789,11.950900077819824,11.96500015258789,2802,0.0,0.0
2024-07-31 13:10:00-04:00,11.969900131225586,11.998000144958496,11.969900131225586,11.994999885559082,5829,0.0,0.0
2024-07-31 13:15:00-04:00,11.994999885559082,12.010000228881836,11.994999885559082,12.010000228881836,1868,0.0,0.0
2024-07-31 13:20:00-04:00,12.015000343322754,12.015000343322754,12.005000114440918,12.005000114440918,2789,0.0,0.0
2024-07-31 13:25:00-04:00,12.005000114440918,12.005000114440918,11.979999542236328,11.979999542236328,6578,0.0,0.0
2024-07-31 13:30:00-04:00,11.970000267028809,11.970000267028809,11.960000038146973,11.960000038146973,1093,0.0,0.0
2024-07-31 13:35:00-04:00,11.970000267028809,11.970000267028809,11.970000267028809,11.970000267028809,3201,0.0,0.0
2024-07-31 13:40:00-04:00,11.970000267028809,11.979999542236328,11.970000267028809,11.979999542236328,1516,0.0,0.0
2024-07-31 13:45:00-04:00,11.984999656677246,11.984999656677246,11.984999656677246,11.984999656677246,151,0.0,0.0
2024-07-31 13:50:00-04:00,11.979999542236328,11.984999656677246,11.979999542236328,11.984999656677246,1397,0.0,0.0
2024-07-31 13:55:00-04:00,11.984999656677246,11.984999656677246,11.979999542236328,11.979999542236328,1204,0.0,0.0
2024-07-31 14:00:00-04:00,11.970000267028809,11.989999771118164,11.960000038146973,11.979999542236328,2831,0.0,0.0
2024-07-31 14:05:00-04:00,11.979999542236328,11.979999542236328,11.970000267028809,11.979999542236328,1026,0.0,0.0
2024-07-31 14:10:00-04:00,11.984999656677246,11.984999656677246,11.970000267028809,11.970000267028809,2709,0.0,0.0
2024-07-31 14:15:00-04:00,11.979900360107422,11.989999771118164,11.979900360107422,11.989999771118164,3421,0.0,0.0
2024-07-31 14:20:00-04:00,11.984999656677246,11.984999656677246,11.984999656677246,11.984999656677246,602,0.0,0.0
2024-07-31 14:25:00-04:00,11.979999542236328,11.979999542236328,11.970000267028809,11.970000267028809,1162,0.0,0.0
2024-07-31 14:30:00-04:00,11.975000381469727,12.015000343322754,11.975000381469727,12.005000114440918,5015,0.0,0.0
2024-07-31 14:35:00-04:00,12.0,12.005000114440918,11.979999542236328,11.994999885559082,10258,0.0,0.0
2024-07-31 14:40:00-04:00,12.010000228881836,12.0649995803833,12.010000228881836,12.0600004196167,8144,0.0,0.0
2024-07-31 14:45:00-04:00,12.069999694824219,12.100099563598633,12.0600004196167,12.095000267028809,19624,0.0,0.0
2024-07-31 14:50:00-04:00,12.095000267028809,12.100000381469727,12.069999694824219,12.100000381469727,4849,0.0,0.0
2024-07-31 14:55:00-04:00,12.09000015258789,12.119999885559082,12.079999923706055,12.119999885559082,3810,0.0,0.0
2024-07-31 15:00:00-04:00,12.109999656677246,12.125,12.100000381469727,12.100000381469727,5258,0.0,0.0
2024-07-31 15:05:00-04:00,12.104999542236328,12.104999542236328,12.020000457763672,12.029999732971191,24824,0.0,0.0
2024-07-31 15:10:00-04:00,12.029999732971191,12.055000305175781,12.020000457763672,12.055000305175781,7747,0.0,0.0
2024-07-31 15:15:00-04:00,12.0600004196167,12.085000038146973,12.029999732971191,12.029999732971191,8578,0.0,0.0
2024-07-31 15:20:00-04:00,12.039999961853027,12.050000190734863,12.010000228881836,12.010000228881836,5696,0.0,0.0
2024-07-31 15:25:00-04:00,12.0,12.0,11.970000267028809,11.979999542236328,3917,0.0,0.0
2024-07-31 15:30:00-04:00,11.979999542236328,11.979999542236328,11.960000038146973,11.970000267028809,6026,0.0,0.0
2024-07-31 15:35:00-04:00,11.979999542236328,11.984999656677246,11.954999923706055,11.96500015258789,7960,0.0,0.0
2024-07-31 15:40:00-04:00,11.970000267028809,11.979999542236328,11.960000038146973,11.975000381469727,7656,0.0,0.0
2024-07-31 15:45:00-04:00,11.979999542236328,11.984999656677246,11.96500015258789,11.975000381469727,7993,0.0,0.0
2024-07-31 15:50:00-04:00,11.975000381469727,11.989999771118164,11.930000305175781,11.949999809265137,20125,0.0,0.0
2024-07-31 15:55:00-04:00,11.949999809265137,11.949999809265137,11.930000305175781,11.9350004196167,36745,0.0,0.0
2024-08-01 09:30:00-04:00,11.6899995803833,11.930000305175781,11.640000343322754,11.640000343322754,16406,0.0,0.0
2024-08-01 09:35:00-04:00,11.619999885559082,11.619999885559082,11.449999809265137,11.452500343322754,16155,0.0,0.0
2024-08-01 09:40:00-04:00,11.46500015258789,11.6899995803833,11.270000457763672,11.680000305175781,45967,0.0,0.0
2024-08-01 09:45:00-04:00,11.630000114440918,11.6899995803833,11.539999961853027,11.539999961853027,15307,0.0,0.0
2024-08-01 09:50:00-04:00,11.520000457763672,11.520000457763672,11.414999961853027,11.520000457763672,24625,0.0,0.0
2024-08-01 09:55:00-04:00,11.520000457763672,11.5600004196167,11.5,11.539999961853027,15312,0.0,0.0
2024-08-01 10:00:00-04:00,11.520000457763672,11.579999923706055,11.5,11.524999618530273,14894,0.0,0.0
2024-08-01 10:05:00-04:00,11.529999732971191,11.604999542236328,11.529999732971191,11.5649995803833,18103,0.0,0.0
2024-08-01 10:10:00-04:00,11.5600004196167,11.604999542236328,11.539999961853027,11.550000190734863,10376,0.0,0.0
2024-08-01 10:15:00-04:00,11.5600004196167,11.680000305175781,11.539999961853027,11.680000305175781,16101,0.0,0.0
2024-08-01 10:20:00-04:00,11.680000305175781,11.793899536132812,11.680000305175781,11.793899536132812,12022,0.0,0.0
2024-08-01 10:25:00-04:00,11.819999694824219,11.819999694824219,11.739999771118164,11.770000457763672,5986,0.0,0.0
2024-08-01 10:30:00-04:00,11.760000228881836,11.869999885559082,11.760000228881836,11.850000381469727,30291,0.0,0.0
2024-08-01 10:35:00-04:00,11.859999656677246,11.859999656677246,11.640000343322754,11.670000076293945,7726,0.0,0.0
2024-08-01 10:40:00-04:00,11.649999618530273,11.649999618530273,11.574999809265137,11.59000015258789,2731,0.0,0.0
2024-08-01 10:45:00-04:00,11.569999694824219,11.630000114440918,11.539999961853027,11.579999923706055,26729,0.0,0.0
2024-08-01 10:50:00-04:00,11.579999923706055,11.59000015258789,11.5,11.5,13260,0.0,0.0
2024-08-01 10:55:00-04:00,11.510000228881836,11.529999732971191,11.40999984741211,11.520000457763672,27130,0.0,0.0
2024-08-01 11:00:00-04:00,11.524999618530273,11.545000076293945,11.505000114440918,11.505000114440918,6737,0.0,0.0
2024-08-01 11:05:00-04:00,11.5,11.510000228881836,11.40999984741211,11.4399995803833,35014,0.0,0.0
2024-08-01 11:10:00-04:00,11.40999984741211,11.414999961853027,11.300000190734863,11.40999984741211,22826,0.0,0.0
2024-08-01 11:15:00-04:00,11.40999984741211,11.479999542236328,11.40999984741211,11.444999694824219,9931,0.0,0.0
2024-08-01 11:20:00-04:00,11.449999809265137,11.46500015258789,11.425000190734863,11.425000190734863,6594,0.0,0.0
2024-08-01 11:25:00-04:00,11.425000190734863,11.449999809265137,11.420000076293945,11.4399995803833,4798,0.0,0.0
2024-08-01 11:30:00-04:00,11.4399995803833,11.53499984741211,11.4399995803833,11.5,20233,0.0,0.0
2024-08-01 11:35:00-04:00,11.5,11.510000228881836,11.449999809265137,11.460000038146973,7271,0.0,0.0
2024-08-01 11:40:00-04:00,11.454999923706055,11.470000267028809,11.449999809265137,11.449999809265137,19610,0.0,0.0
2024-08-01 11:45:00-04:00,11.449999809265137,11.460000038146973,11.390000343322754,11.390000343322754,30381,0.0,0.0
2024-08-01 11:50:00-04:00,11.380000114440918,11.399999618530273,11.350000381469727,11.390000343322754,4830,0.0,0.0
2024-08-01 11:55:00-04:00,11.390000343322754,11.479999542236328,11.390000343322754,11.479999542236328,7009,0.0,0.0
2024-08-01 12:00:00-04:00,11.470000267028809,11.520000457763672,11.470000267028809,11.520000457763672,5583,0.0,0.0
2024-08-01 12:05:00-04:00,11.520000457763672,11.5600004196167,11.430000305175781,11.5600004196167,38919,0.0,0.0
2024-08-01 12:10:00-04:00,11.550000190734863,11.5600004196167,11.550000190734863,11.5600004196167,12622,0.0,0.0
2024-08-01 12:15:00-04:00,11.569999694824219,11.589099884033203,11.555000305175781,11.555000305175781,6138,0.0,0.0
2024-08-01 12:20:00-04:00,11.555000305175781,11.555000305175781,11.545000076293945,11.550000190734863,15117,0.0,0.0
2024-08-01 12:25:00-04:00,11.555000305175781,11.569999694824219,11.539999961853027,11.569999694824219,29623,0.0,0.0
2024-08-01 12:30:00-04:00,11.574999809265137,11.574999809265137,11.550000190734863,11.550000190734863,2215,0.0,0.0
2024-08-01 12:35:00-04:00,11.5600004196167,11.5600004196167,11.550000190734863,11.550000190734863,4603,0.0,0.0
2024-08-01 12:40:00-04:00,11.550000190734863,11.558799743652344,11.550000190734863,11.550000190734863,1803,0.0,0.0
2024-08-01 12:45:00-04:00,11.555000305175781,11.5649995803833,11.550000190734863,11.550000190734863,5810,0.0,0.0
2024-08-01 12:50:00-04:00,11.550000190734863,11.550000190734863,11.550000190734863,11.550000190734863,11260,0.0,0.0
2024-08-01 12:55:00-04:00,11.555000305175781,11.5600004196167,11.545000076293945,11.550000190734863,14253,0.0,0.0
2024-08-01 13:00:00-04:00,11.550000190734863,11.555000305175781,11.550000190734863,11.555000305175781,16260,0.0,0.0
2024-08-01 13:05:00-04:00,11.550000190734863,11.5600004196167,11.550000190734863,11.550000190734863,13052,0.0,0.0
2024-08-01 13:10:00-04:00,11.550000190734863,11.550000190734863,11.539999961853027,11.550000190734863,14137,0.0,0.0
2024-08-01 13:15:00-04:00,11.550000190734863,11.5649995803833,11.550000190734863,11.550000190734863,18177,0.0,0.0
2024-08-01 13:20:00-04:00,11.550000190734863,11.550000190734863,11.395000457763672,11.4350004196167,55647,0.0,0.0
2024-08-01 13:25:00-04:00,11.430000305175781,11.430000305175781,11.34000015258789,11.369999885559082,9946,0.0,0.0
2024-08-01 13:30:00-04:00,11.359999656677246,11.359999656677246,11.324999809265137,11.324999809265137,2393,0.0,0.0
2024-08-01 13:35:00-04:00,11.329999923706055,11.335000038146973,11.300000190734863,11.3100004196167,4797,0.0,0.0
2024-08-01 13:40:00-04:00,11.3100004196167,11.3100004196167,11.279999732971191,11.279999732971191,4436,0.0,0.0
2024-08-01 13:45:00-04:00,11.270000457763672,11.270000457763672,11.25,11.260000228881836,4106,0.0,0.0
2024-08-01 13:50:00-04:00,11.260000228881836,11.270000457763672,11.25,11.270000457763672,4250,0.0,0.0
2024-08-01 13:55:00-04:00,11.279999732971191,11.319999694824219,11.279999732971191,11.319999694824219,8978,0.0,0.0
2024-08-01 14:00:00-04:00,11.329999923706055,11.34000015258789,11.305000305175781,11.30519962310791,4807,0.0,0.0
2024-08-01 14:05:00-04:00,11.3100004196167,11.3100004196167,11.28499984741211,11.28499984741211,4757,0.0,0.0
2024-08-01 14:10:00-04:00,11.289999961853027,11.305000305175781,11.289999961853027,11.300000190734863,2837,0.0,0.0
2024-08-01 14:15:00-04:00,11.300000190734863,11.300000190734863,11.265000343322754,11.270000457763672,5584,0.0,0.0
2024-08-01 14:20:00-04:00,11.274999618530273,11.350000381469727,11.274999618530273,11.342000007629395,12184,0.0,0.0
2024-08-01 14:25:00-04:00,11.345000267028809,11.369999885559082,11.345000267028809,11.369999885559082,3948,0.0,0.0
2024-08-01 14:30:00-04:00,11.369999885559082,11.369999885559082,11.3100004196167,11.319999694824219,6923,0.0,0.0
2024-08-01 14:35:00-04:00,11.324999809265137,11.350000381469727,11.324999809265137,11.350000381469727,3520,0.0,0.0
2024-08-01 14:40:00-04:00,11.350000381469727,11.350000381469727,11.329999923706055,11.329999923706055,5212,0.0,0.0
2024-08-01 14:45:00-04:00,11.324999809265137,11.350000381469727,11.324999809265137,11.350000381469727,4602,0.0,0.0
2024-08-01 14:50:00-04:00,11.359999656677246,11.364999771118164,11.354999542236328,11.354999542236328,2560,0.0,0.0
2024-08-01 14:55:00-04:00,11.359999656677246,11.375,11.359999656677246,11.375,3433,0.0,0.0
2024-08-01 15:00:00-04:00,11.375,11.390000343322754,11.3725004196167,11.375,4526,0.0,0.0
2024-08-01 15:05:00-04:00,11.375,11.375,11.359999656677246,11.364999771118164,3176,0.0,0.0
2024-08-01 15:10:00-04:00,11.369999885559082,11.385000228881836,11.369999885559082,11.385000228881836,5831,0.0,0.0
2024-08-01 15:15:00-04:00,11.385000228881836,11.399999618530273,11.385000228881836,11.399999618530273,5018,0.0,0.0
2024-08-01 15:20:00-04:00,11.395000457763672,11.4399995803833,11.395000457763672,11.430000305175781,15989,0.0,0.0
2024-08-01 15:25:00-04:00,11.4350004196167,11.510000228881836,11.4350004196167,11.5,11935,0.0,0.0
2024-08-01 15:30:00-04:00,11.505000114440918,11.5600004196167,11.5,11.550000190734863,30322,0.0,0.0
2024-08-01 15:35:00-04:00,11.550000190734863,11.555000305175781,11.494999885559082,11.505000114440918,27399,0.0,0.0
2024-08-01 15:40:00-04:00,11.505000114440918,11.520000457763672,11.489999771118164,11.515000343322754,25330,0.0,0.0
2024-08-01 15:45:00-04:00,11.515000343322754,11.539999961853027,11.515000343322754,11.520000457763672,9375,0.0,0.0
2024-08-01 15:50:00-04:00,11.515000343322754,11.550000190734863,11.5,11.505000114440918,23528,0.0,0.0
2024-08-01 15:55:00-04:00,11.505000114440918,11.619999885559082,11.5,11.600000381469727,107527,0.0,0.0
2024-08-02 09:30:00-04:00,11.220000267028809,11.265000343322754,10.961400032043457,11.1899995803833,113968,0.0,0.0
2024-08-02 09:35:00-04:00,11.149999618530273,11.15999984741211,11.079999923706055,11.09000015258789,4395,0.0,0.0
2024-08-02 09:40:00-04:00,11.09000015258789,11.1899995803833,11.055000305175781,11.1899995803833,13946,0.0,0.0
2024-08-02 09:45:00-04:00,11.1899995803833,11.274999618530273,11.180000305175781,11.27400016784668,32750,0.0,0.0
2024-08-02 09:50:00-04:00,11.289999961853027,11.300000190734863,11.180000305175781,11.180000305175781,36175,0.0,0.0
2024-08-02 09:55:00-04:00,11.170000076293945,11.279999732971191,11.170000076293945,11.279999732971191,14937,0.0,0.0
2024-08-02 10:00:00-04:00,11.239999771118164,11.3100004196167,11.234999656677246,11.270000457763672,8133,0.0,0.0
2024-08-02 10:05:00-04:00,11.260000228881836,11.265000343322754,11.125,11.125,13304,0.0,0.0
2024-08-02 10:10:00-04:00,11.119999885559082,11.119999885559082,11.055000305175781,11.09000015258789,13763,0.0,0.0
2024-08-02 10:15:00-04:00,11.09000015258789,11.100000381469727,11.045000076293945,11.050000190734863,14062,0.0,0.0
2024-08-02 10:20:00-04:00,11.055700302124023,11.079999923706055,11.03499984741211,11.069999694824219,11522,0.0,0.0
2024-08-02 10:25:00-04:00,11.0600004196167,11.109999656677246,11.0600004196167,11.069999694824219,8173,0.0,0.0
2024-08-02 10:30:00-04:00,11.062000274658203,11.130499839782715,11.062000274658203,11.119999885559082,6544,0.0,0.0
2024-08-02 10:35:00-04:00,11.109999656677246,11.109999656677246,11.085000038146973,11.085000038146973,6716,0.0,0.0
2024-08-02 10:40:00-04:00,11.079999923706055,11.114999771118164,11.0600004196167,11.100000381469727,11869,0.0,0.0
2024-08-02 10:45:00-04:00,11.09000015258789,11.140000343322754,11.09000015258789,11.119999885559082,5166,0.0,0.0
2024-08-02 10:50:00-04:00,11.119999885559082,11.119999885559082,11.100000381469727,11.100000381469727,5600,0.0,0.0
2024-08-02 10:55:00-04:00,11.100000381469727,11.119999885559082,11.09000015258789,11.119999885559082,7000,0.0,0.0
2024-08-02 11:00:00-04:00,11.119999885559082,11.119999885559082,11.104999542236328,11.104999542236328,4693,0.0,0.0
2024-08-02 11:05:00-04:00,11.100000381469727,11.104999542236328,11.09000015258789,11.095000267028809,4929,0.0,0.0
2024-08-02 11:10:00-04:00,11.100000381469727,11.119999885559082,11.09000015258789,11.09000015258789,13050,0.0,0.0
2024-08-02 11:15:00-04:00,11.09000015258789,11.095000267028809,11.09000015258789,11.09000015258789,6464,0.0,0.0
2024-08-02 11:20:00-04:00,11.09000015258789,11.100000381469727,11.085000038146973,11.09000015258789,25009,0.0,0.0
2024-08-02 11:25:00-04:00,11.09000015258789,11.100000381469727,11.039999961853027,11.0649995803833,49120,0.0,0.0
2024-08-02 11:30:00-04:00,11.0649995803833,11.09000015258789,11.0649995803833,11.09000015258789,11527,0.0,0.0
2024-08-02 11:35:00-04:00,11.09000015258789,11.109999656677246,11.09000015258789,11.109999656677246,6794,0.0,0.0
2024-08-02 11:40:00-04:00,11.109999656677246,11.135000228881836,11.109999656677246,11.130000114440918,4580,0.0,0.0
2024-08-02 11:45:00-04:00,11.140000343322754,11.180000305175781,11.109999656677246,11.114999771118164,15420,0.0,0.0
2024-08-02 11:50:00-04:00,11.109999656677246,11.119999885559082,11.100000381469727,11.109999656677246,4690,0.0,0.0
2024-08-02 11:55:00-04:00,11.109999656677246,11.130000114440918,11.109999656677246,11.114999771118164,18154,0.0,0.0
2024-08-02 12:00:00-04:00,11.109999656677246,11.114999771118164,11.069999694824219,11.09000015258789,16562,0.0,0.0
2024-08-02 12:05:00-04:00,11.09000015258789,11.09000015258789,11.045000076293945,11.055000305175781,4142,0.0,0.0
2024-08-02 12:10:00-04:00,11.050000190734863,11.055000305175781,11.045000076293945,11.055000305175781,2208,0.0,0.0
2024-08-02 12:15:00-04:00,11.050000190734863,11.074999809265137,11.050000190734863,11.074999809265137,9071,0.0,0.0
2024-08-02 12:20:00-04:00,11.074999809265137,11.09000015258789,11.074999809265137,11.09000015258789,4495,0.0,0.0
2024-08-02 12:25:00-04:00,11.09000015258789,11.100000381469727,11.09000015258789,11.095000267028809,1662,0.0,0.0
2024-08-02 12:30:00-04:00,11.095000267028809,11.100000381469727,11.09000015258789,11.100000381469727,7944,0.0,0.0
2024-08-02 12:35:00-04:00,11.100000381469727,11.100000381469727,11.090800285339355,11.100000381469727,4770,0.0,0.0
2024-08-02 12:40:00-04:00,11.100000381469727,11.114999771118164,11.100000381469727,11.109999656677246,9044,0.0,0.0
2024-08-02 12:45:00-04:00,11.109999656677246,11.109999656677246,11.095000267028809,11.095000267028809,5077,0.0,0.0
2024-08-02 12:50:00-04:00,11.095000267028809,11.095000267028809,11.050000190734863,11.050000190734863,7071,0.0,0.0
2024-08-02 12:55:00-04:00,11.050000190734863,11.079999923706055,11.050000190734863,11.074999809265137,6405,0.0,0.0
2024-08-02 13:00:00-04:00,11.074999809265137,11.074999809265137,11.050000190734863,11.055000305175781,7359,0.0,0.0
2024-08-02 13:05:00-04:00,11.0600004196167,11.074999809265137,11.055000305175781,11.0649995803833,6555,0.0,0.0
2024-08-02 13:10:00-04:00,11.069999694824219,11.074999809265137,11.0649995803833,11.074999809265137,2337,0.0,0.0
2024-08-02 13:15:00-04:00,11.0600004196167,11.069999694824219,11.0600004196167,11.069999694824219,4245,0.0,0.0
2024-08-02 13:20:00-04:00,11.0649995803833,11.069999694824219,11.0600004196167,11.069999694824219,3393,0.0,0.0
2024-08-02 13:25:00-04:00,11.079999923706055,11.09000015258789,11.079999923706055,11.085000038146973,5656,0.0,0.0
2024-08-02 13:30:00-04:00,11.079999923706055,11.100000381469727,11.074999809265137,11.100000381469727,7721,0.0,0.0
2024-08-02 13:35:00-04:00,11.100000381469727,11.100000381469727,11.100000381469727,11.100000381469727,3552,0.0,0.0
2024-08-02 13:40:00-04:00,11.100000381469727,11.100000381469727,11.095000267028809,11.100000381469727,4707,0.0,0.0
2024-08-02 13:45:00-04:00,11.100000381469727,11.100000381469727,11.095000267028809,11.095000267028809,1449,0.0,0.0
2024-08-02 13:50:00-04:00,11.095000267028809,11.104999542236328,11.095000267028809,11.100000381469727,3885,0.0,0.0
2024-08-02 13:55:00-04:00,11.100000381469727,11.104999542236328,11.100000381469727,11.100000381469727,1401,0.0,0.0
2024-08-02 14:00:00-04:00,11.100000381469727,11.104999542236328,11.095000267028809,11.100000381469727,7897,0.0,0.0
2024-08-02 14:05:00-04:00,11.100000381469727,11.104999542236328,11.095000267028809,11.100000381469727,6440,0.0,0.0
2024-08-02 14:10:00-04:00,11.100000381469727,11.114999771118164,11.100000381469727,11.114999771118164,7633,0.0,0.0
2024-08-02 14:15:00-04:00,11.114999771118164,11.119999885559082,11.109999656677246,11.119999885559082,2563,0.0,0.0
2024-08-02 14:20:00-04:00,11.119999885559082,11.154999732971191,11.119999885559082,11.154999732971191,8331,0.0,0.0
2024-08-02 14:25:00-04:00,11.149999618530273,11.15999984741211,11.149999618530273,11.15999984741211,4347,0.0,0.0
2024-08-02 14:30:00-04:00,11.15999984741211,11.170000076293945,11.145000457763672,11.145000457763672,3726,0.0,0.0
2024-08-02 14:35:00-04:00,11.140000343322754,11.140000343322754,11.125,11.125,4986,0.0,0.0
2024-08-02 14:40:00-04:00,11.125,11.135000228881836,11.119999885559082,11.130000114440918,10390,0.0,0.0
2024-08-02 14:45:00-04:00,11.119999885559082,11.125,11.109999656677246,11.119999885559082,6303,0.0,0.0
2024-08-02 14:50:00-04:00,11.114999771118164,11.15999984741211,11.109999656677246,11.149999618530273,23279,0.0,0.0
2024-08-02 14:55:00-04:00,11.154999732971191,11.154999732971191,11.119999885559082,11.119999885559082,18243,0.0,0.0
2024-08-02 15:00:00-04:00,11.119999885559082,11.125,11.109999656677246,11.114999771118164,3121,0.0,0.0
2024-08-02 15:05:00-04:00,11.109999656677246,11.109999656677246,11.100000381469727,11.104999542236328,8351,0.0,0.0
2024-08-02 15:10:00-04:00,11.104999542236328,11.125,11.100000381469727,11.125,10418,0.0,0.0
2024-08-02 15:15:00-04:00,11.125,11.125,11.114999771118164,11.119999885559082,5375,0.0,0.0
2024-08-02 15:20:00-04:00,11.119999885559082,11.135000228881836,11.114999771118164,11.135000228881836,11756,0.0,0.0
2024-08-02 15:25:00-04:00,11.140000343322754,11.194999694824219,11.140000343322754,11.194999694824219,19986,0.0,0.0
2024-08-02 15:30:00-04:00,11.199999809265137,11.229999542236328,11.199999809265137,11.204999923706055,7864,0.0,0.0
2024-08-02 15:35:00-04:00,11.199999809265137,11.204999923706055,11.154999732971191,11.15999984741211,12258,0.0,0.0
2024-08-02 15:40:00-04:00,11.164999961853027,11.180000305175781,11.16100025177002,11.170000076293945,13980,0.0,0.0
2024-08-02 15:45:00-04:00,11.175000190734863,11.194999694824219,11.15999984741211,11.15999984741211,24993,0.0,0.0
2024-08-02 15:50:00-04:00,11.15999984741211,11.170000076293945,11.140000343322754,11.170000076293945,29101,0.0,0.0
2024-08-02 15:55:00-04:00,11.170000076293945,11.180000305175781,11.109999656677246,11.109999656677246,123717,0.0,0.0
2024-08-05 09:30:00-04:00,10.15999984741211,10.819999694824219,10.136500358581543,10.5,84441,0.0,0.0
2024-08-05 09:35:00-04:00,10.460000038146973,10.600000381469727,10.449999809265137,10.600000381469727,7256,0.0,0.0
2024-08-05 09:40:00-04:00,10.630000114440918,10.739999771118164,10.569999694824219,10.739999771118164,20771,0.0,0.0
2024-08-05 09:45:00-04:00,10.71500015258789,10.8100004196167,10.71500015258789,10.774999618530273,11527,0.0,0.0
2024-08-05 09:50:00-04:00,10.75,10.75,10.625,10.625,23168,0.0,0.0
2024-08-05 09:55:00-04:00,10.625,10.680000305175781,10.619999885559082,10.649999618530273,15840,0.0,0.0
2024-08-05 10:00:00-04:00,10.710000038146973,10.805000305175781,10.710000038146973,10.795000076293945,13807,0.0,0.0
2024-08-05 10:05:00-04:00,10.779999732971191,10.819999694824219,10.654999732971191,10.666000366210938,20868,0.0,0.0
2024-08-05 10:10:00-04:00,10.649999618530273,10.6899995803833,10.649999618530273,10.6899995803833,9637,0.0,0.0
2024-08-05 10:15:00-04:00,10.702400207519531,10.702400207519531,10.680000305175781,10.6899995803833,7408,0.0,0.0
2024-08-05 10:20:00-04:00,10.6899995803833,10.694999694824219,10.654999732971191,10.6899995803833,8984,0.0,0.0
2024-08-05 10:25:00-04:00,10.699999809265137,10.725000381469727,10.65999984741211,10.699999809265137,41575,0.0,0.0
2024-08-05 10:30:00-04:00,10.710000038146973,10.770000457763672,10.664999961853027,10.770000457763672,15451,0.0,0.0
2024-08-05 10:35:00-04:00,10.765000343322754,10.765000343322754,10.710000038146973,10.739999771118164,8121,0.0,0.0
2024-08-05 10:40:00-04:00,10.739999771118164,10.75,10.71500015258789,10.71500015258789,9702,0.0,0.0
2024-08-05 10:45:00-04:00,10.725000381469727,10.744999885559082,10.720000267028809,10.720000267028809,10179,0.0,0.0
2024-08-05 10:50:00-04:00,10.710000038146973,10.770000457763672,10.699999809265137,10.770000457763672,6368,0.0,0.0
2024-08-05 10:55:00-04:00,10.760000228881836,10.760000228881836,10.680000305175781,10.710000038146973,11508,0.0,0.0
2024-08-05 11:00:00-04:00,10.720000267028809,10.725000381469727,10.6899995803833,10.699999809265137,6278,0.0,0.0
2024-08-05 11:05:00-04:00,10.699999809265137,10.760000228881836,10.6899995803833,10.760000228881836,15024,0.0,0.0
2024-08-05 11:10:00-04:00,10.75,10.770000457763672,10.739999771118164,10.760000228881836,7639,0.0,0.0
2024-08-05 11:15:00-04:00,10.760000228881836,10.770000457763672,10.760000228881836,10.770000457763672,3845,0.0,0.0
2024-08-05 11:20:00-04:00,10.75,10.780099868774414,10.75,10.779999732971191,9246,0.0,0.0
2024-08-05 11:25:00-04:00,10.779999732971191,10.8100004196167,10.779999732971191,10.800000190734863,3476,0.0,0.0
2024-08-05 11:30:00-04:00,10.800000190734863,10.829999923706055,10.789999961853027,10.829999923706055,8103,0.0,0.0
2024-08-05 11:35:00-04:00,10.84000015258789,10.84000015258789,10.829999923706055,10.84000015258789,4840,0.0,0.0
2024-08-05 11:40:00-04:00,10.824999809265137,10.835000038146973,10.819999694824219,10.829999923706055,6557,0.0,0.0
2024-08-05 11:45:00-04:00,10.819999694824219,10.850000381469727,10.819999694824219,10.84000015258789,3807,0.0,0.0
2024-08-05 11:50:00-04:00,10.84000015258789,10.854999542236328,10.829999923706055,10.854999542236328,5214,0.0,0.0
2024-08-05 11:55:00-04:00,10.854999542236328,10.869999885559082,10.854999542236328,10.869999885559082,5118,0.0,0.0
2024-08-05 12:00:00-04:00,10.875,10.899999618530273,10.869999885559082,10.890000343322754,7280,0.0,0.0
2024-08-05 12:05:00-04:00,10.895000457763672,10.90999984741211,10.890000343322754,10.90999984741211,5930,0.0,0.0
2024-08-05 12:10:00-04:00,10.914999961853027,10.914999961853027,10.895000457763672,10.895000457763672,3474,0.0,0.0
2024-08-05 12:15:00-04:00,10.899999618530273,10.9350004196167,10.890000343322754,10.930000305175781,6942,0.0,0.0
2024-08-05 12:20:00-04:00,10.9350004196167,10.979999542236328,10.9350004196167,10.979999542236328,4114,0.0,0.0
2024-08-05 12:25:00-04:00,10.979999542236328,11.029999732971191,10.979999542236328,11.020000457763672,11925,0.0,0.0
2024-08-05 12:30:00-04:00,11.020000457763672,11.020000457763672,10.989999771118164,11.015000343322754,8196,0.0,0.0
2024-08-05 12:35:00-04:00,11.010000228881836,11.015000343322754,11.0,11.010000228881836,15656,0.0,0.0
2024-08-05 12:40:00-04:00,11.015000343322754,11.015000343322754,11.005000114440918,11.010000228881836,12321,0.0,0.0
2024-08-05 12:45:00-04:00,11.005000114440918,11.015000343322754,11.0,11.010000228881836,11465,0.0,0.0
2024-08-05 12:50:00-04:00,11.010000228881836,11.010000228881836,10.949999809265137,10.970000267028809,24251,0.0,0.0
2024-08-05 12:55:00-04:00,10.970000267028809,10.970000267028809,10.944999694824219,10.949999809265137,16824,0.0,0.0
2024-08-05 13:00:00-04:00,10.949999809265137,10.954999923706055,10.949999809265137,10.949999809265137,8639,0.0,0.0
2024-08-05 13:05:00-04:00,10.949999809265137,10.960000038146973,10.949999809265137,10.960000038146973,6879,0.0,0.0
2024-08-05 13:10:00-04:00,10.960000038146973,10.960000038146973,10.90999984741211,10.90999984741211,9619,0.0,0.0
2024-08-05 13:15:00-04:00,10.920000076293945,10.9399995803833,10.90999984741211,10.920000076293945,9792,0.0,0.0
2024-08-05 13:20:00-04:00,10.920000076293945,10.9399995803833,10.914999961853027,10.914999961853027,3846,0.0,0.0
2024-08-05 13:25:00-04:00,10.910099983215332,10.920000076293945,10.890000343322754,10.890000343322754,11591,0.0,0.0
2024-08-05 13:30:00-04:00,10.890000343322754,10.899999618530273,10.890000343322754,10.899999618530273,6062,0.0,0.0
2024-08-05 13:35:00-04:00,10.904999732971191,10.904999732971191,10.890000343322754,10.890000343322754,3674,0.0,0.0
2024-08-05 13:40:00-04:00,10.899999618530273,10.920000076293945,10.899999618530273,10.90999984741211,4450,0.0,0.0
2024-08-05 13:45:00-04:00,10.890000343322754,10.90999984741211,10.885000228881836,10.90999984741211,4360,0.0,0.0
2024-08-05 13:50:00-04:00,10.899999618530273,10.90999984741211,10.880000114440918,10.890000343322754,5080,0.0,0.0
2024-08-05 13:55:00-04:00,10.899999618530273,10.904999732971191,10.889800071716309,10.904999732971191,6817,0.0,0.0
2024-08-05 14:00:00-04:00,10.899999618530273,10.899999618530273,10.854999542236328,10.854999542236328,2622,0.0,0.0
2024-08-05 14:05:00-04:00,10.854999542236328,10.885000228881836,10.850000381469727,10.885000228881836,5621,0.0,0.0
2024-08-05 14:10:00-04:00,10.885000228881836,10.904999732971191,10.859999656677246,10.859999656677246,5592,0.0,0.0
2024-08-05 14:15:00-04:00,10.859999656677246,10.859999656677246,10.84000015258789,10.850000381469727,6585,0.0,0.0
2024-08-05 14:20:00-04:00,10.854999542236328,10.854999542236328,10.829999923706055,10.835000038146973,7506,0.0,0.0
2024-08-05 14:25:00-04:00,10.84000015258789,10.845000267028809,10.84000015258789,10.845000267028809,2348,0.0,0.0
2024-08-05 14:30:00-04:00,10.84000015258789,10.845000267028809,10.835000038146973,10.845000267028809,2300,0.0,0.0
2024-08-05 14:35:00-04:00,10.84000015258789,10.849900245666504,10.829999923706055,10.845000267028809,7955,0.0,0.0
2024-08-05 14:40:00-04:00,10.845000267028809,10.845000267028809,10.819999694824219,10.819999694824219,6643,0.0,0.0
2024-08-05 14:45:00-04:00,10.819999694824219,10.824999809265137,10.795000076293945,10.800000190734863,20705,0.0,0.0
2024-08-05 14:50:00-04:00,10.805000305175781,10.869999885559082,10.805000305175781,10.854999542236328,7326,0.0,0.0
2024-08-05 14:55:00-04:00,10.850000381469727,10.850000381469727,10.829999923706055,10.829999923706055,3860,0.0,0.0
2024-08-05 15:00:00-04:00,10.824999809265137,10.850000381469727,10.819999694824219,10.829999923706055,10057,0.0,0.0
2024-08-05 15:05:00-04:00,10.824999809265137,10.829999923706055,10.8149995803833,10.824999809265137,5286,0.0,0.0
2024-08-05 15:10:00-04:00,10.829999923706055,10.835000038146973,10.819999694824219,10.824999809265137,7316,0.0,0.0
2024-08-05 15:15:00-04:00,10.824999809265137,10.824999809265137,10.8149995803833,10.819999694824219,9406,0.0,0.0
2024-08-05 15:20:00-04:00,10.824999809265137,10.845000267028809,10.824999809265137,10.84000015258789,4144,0.0,0.0
2024-08-05 15:25:00-04:00,10.835000038146973,10.854999542236328,10.835000038146973,10.850000381469727,8231,0.0,0.0
2024-08-05 15:30:00-04:00,10.854999542236328,10.859700202941895,10.819999694824219,10.820500373840332,12245,0.0,0.0
2024-08-05 15:35:00-04:00,10.829999923706055,10.845000267028809,10.829999923706055,10.845000267028809,6364,0.0,0.0
2024-08-05 15:40:00-04:00,10.845000267028809,10.854999542236328,10.843000411987305,10.845000267028809,11459,0.0,0.0
2024-08-05 15:45:00-04:00,10.84000015258789,10.859999656677246,10.84000015258789,10.854999542236328,6654,0.0,0.0
2024-08-05 15:50:00-04:00,10.850000381469727,10.85200023651123,10.8149995803833,10.819999694824219,46364,0.0,0.0
2024-08-05 15:55:00-04:00,10.829999923706055,10.84000015258789,10.789999961853027,10.789999961853027,87521,0.0,0.0
2024-08-06 09:30:00-04:00,10.789999961853027,10.850000381469727,10.739999771118164,10.760000228881836,11170,0.0,0.0
2024-08-06 09:35:00-04:00,10.78499984741211,10.8100004196167,10.75,10.789999961853027,4854,0.0,0.0
2024-08-06 09:40:00-04:00,10.800000190734863,10.800000190734863,10.760000228881836,10.760000228881836,1153,0.0,0.0
2024-08-06 09:45:00-04:00,10.75,10.8100004196167,10.75,10.8100004196167,3975,0.0,0.0
2024-08-06 09:50:00-04:00,10.8100004196167,10.819999694824219,10.800000190734863,10.805000305175781,2011,0.0,0.0
2024-08-06 09:55:00-04:00,10.8100004196167,10.8100004196167,10.800000190734863,10.800000190734863,2533,0.0,0.0
2024-08-06 10:00:00-04:00,10.800000190734863,10.850000381469727,10.800000190734863,10.835000038146973,7080,0.0,0.0
2024-08-06 10:05:00-04:00,10.84000015258789,10.925000190734863,10.824999809265137,10.920000076293945,13563,0.0,0.0
2024-08-06 10:10:00-04:00,10.920000076293945,10.930000305175781,10.90999984741211,10.920000076293945,3745,0.0,0.0
2024-08-06 10:15:00-04:00,10.925000190734863,10.925000190734863,10.904999732971191,10.925000190734863,3810,0.0,0.0
2024-08-06 10:20:00-04:00,10.925000190734863,10.925000190734863,10.914999961853027,10.925000190734863,3416,0.0,0.0
2024-08-06 10:25:00-04:00,10.925000190734863,10.925000190734863,10.895000457763672,10.895000457763672,6522,0.0,0.0
2024-08-06 10:30:00-04:00,10.895000457763672,10.914999961853027,10.890000343322754,10.914999961853027,7609,0.0,0.0
2024-08-06 10:35:00-04:00,10.920000076293945,10.960000038146973,10.920000076293945,10.949999809265137,6356,0.0,0.0
2024-08-06 10:40:00-04:00,10.949999809265137,10.970000267028809,10.949999809265137,10.970000267028809,3092,0.0,0.0
2024-08-06 10:45:00-04:00,10.979999542236328,11.010000228881836,10.979999542236328,11.010000228881836,5794,0.0,0.0
2024-08-06 10:50:00-04:00,11.005000114440918,11.010000228881836,10.975000381469727,10.994999885559082,3398,0.0,0.0
2024-08-06 10:55:00-04:00,10.989999771118164,10.989999771118164,10.949999809265137,10.958900451660156,4067,0.0,0.0
2024-08-06 11:00:00-04:00,10.960000038146973,10.970000267028809,10.960000038146973,10.970000267028809,1669,0.0,0.0
2024-08-06 11:05:00-04:00,10.975000381469727,11.020000457763672,10.96500015258789,11.020000457763672,7467,0.0,0.0
2024-08-06 11:10:00-04:00,11.020000457763672,11.020000457763672,10.989999771118164,11.0,7843,0.0,0.0
2024-08-06 11:15:00-04:00,11.0,11.0,10.989999771118164,11.0,3453,0.0,0.0
2024-08-06 11:20:00-04:00,10.994999885559082,11.005000114440918,10.989999771118164,10.994999885559082,8764,0.0,0.0
2024-08-06 11:25:00-04:00,10.994999885559082,11.005000114440918,10.979999542236328,10.989999771118164,25823,0.0,0.0
2024-08-06 11:30:00-04:00,10.994999885559082,11.015000343322754,10.994999885559082,11.010000228881836,8527,0.0,0.0
2024-08-06 11:35:00-04:00,11.0,11.010000228881836,11.0,11.005000114440918,4520,0.0,0.0
2024-08-06 11:40:00-04:00,11.005000114440918,11.020000457763672,11.0,11.005000114440918,4684,0.0,0.0
2024-08-06 11:45:00-04:00,11.010000228881836,11.024999618530273,11.0,11.024999618530273,5655,0.0,0.0
2024-08-06 11:50:00-04:00,11.029999732971191,11.09000015258789,11.024999618530273,11.09000015258789,24956,0.0,0.0
2024-08-06 11:55:00-04:00,11.085000038146973,11.09000015258789,11.079999923706055,11.085000038146973,3384,0.0,0.0
2024-08-06 12:00:00-04:00,11.085000038146973,11.095000267028809,11.050000190734863,11.0600004196167,7314,0.0,0.0
2024-08-06 12:05:00-04:00,11.050000190734863,11.09000015258789,11.050000190734863,11.09000015258789,3833,0.0,0.0
2024-08-06 12:10:00-04:00,11.095000267028809,11.100000381469727,11.09000015258789,11.095000267028809,2174,0.0,0.0
2024-08-06 12:15:00-04:00,11.100000381469727,11.109999656677246,11.095000267028809,11.104999542236328,4616,0.0,0.0
2024-08-06 12:20:00-04:00,11.104999542236328,11.114999771118164,11.09000015258789,11.100000381469727,6371,0.0,0.0
2024-08-06 12:25:00-04:00,11.104999542236328,11.109999656677246,11.09000015258789,11.109999656677246,3791,0.0,0.0
2024-08-06 12:30:00-04:00,11.109999656677246,11.114999771118164,11.100000381469727,11.114999771118164,2852,0.0,0.0
2024-08-06 12:35:00-04:00,11.114999771118164,11.119999885559082,11.100000381469727,11.119999885559082,4857,0.0,0.0
2024-08-06 12:40:00-04:00,11.119999885559082,11.119999885559082,11.114999771118164,11.114999771118164,1756,0.0,0.0
2024-08-06 12:45:00-04:00,11.114999771118164,11.114999771118164,11.09000015258789,11.104999542236328,4760,0.0,0.0
2024-08-06 12:50:00-04:00,11.100000381469727,11.119999885559082,11.100000381469727,11.119999885559082,5349,0.0,0.0
2024-08-06 12:55:00-04:00,11.130000114440918,11.149999618530273,11.130000114440918,11.140000343322754,5007,0.0,0.0
2024-08-06 13:00:00-04:00,11.130000114440918,11.130000114440918,11.125,11.130000114440918,1873,0.0,0.0
2024-08-06 13:05:00-04:00,11.125,11.125,11.100000381469727,11.100000381469727,3270,0.0,0.0
2024-08-06 13:10:00-04:00,11.100000381469727,11.104999542236328,11.095000267028809,11.100000381469727,5187,0.0,0.0
2024-08-06 13:15:00-04:00,11.104999542236328,11.114999771118164,11.104999542236328,11.104999542236328,4584,0.0,0.0
2024-08-06 13:20:00-04:00,11.109999656677246,11.109999656677246,11.100000381469727,11.104999542236328,2200,0.0,0.0
2024-08-06 13:25:00-04:00,11.109999656677246,11.119999885559082,11.104999542236328,11.119999885559082,5304,0.0,0.0
2024-08-06 13:30:00-04:00,11.125,11.145000457763672,11.125,11.140000343322754,4928,0.0,0.0
2024-08-06 13:35:00-04:00,11.140000343322754,11.154999732971191,11.140000343322754,11.154999732971191,2567,0.0,0.0
2024-08-06 13:40:00-04:00,11.154999732971191,11.154999732971191,11.095000267028809,11.104999542236328,7260,0.0,0.0
2024-08-06 13:45:00-04:00,11.104999542236328,11.104999542236328,11.085000038146973,11.095000267028809,5826,0.0,0.0
2024-08-06 13:50:00-04:00,11.09000015258789,11.114999771118164,11.09000015258789,11.114999771118164,2952,0.0,0.0
2024-08-06 13:55:00-04:00,11.119999885559082,11.119999885559082,11.109999656677246,11.109999656677246,2064,0.0,0.0
2024-08-06 14:00:00-04:00,11.114999771118164,11.114999771118164,11.100000381469727,11.100000381469727,3374,0.0,0.0
2024-08-06 14:05:00-04:00,11.104999542236328,11.104999542236328,11.095000267028809,11.104999542236328,4429,0.0,0.0
2024-08-06 14:10:00-04:00,11.100000381469727,11.104999542236328,11.085000038146973,11.09000015258789,6778,0.0,0.0
2024-08-06 14:15:00-04:00,11.085000038146973,11.109999656677246,11.074999809265137,11.104999542236328,5074,0.0,0.0
2024-08-06 14:20:00-04:00,11.104999542236328,11.109999656677246,11.104999542236328,11.109999656677246,1724,0.0,0.0
2024-08-06 14:25:00-04:00,11.104999542236328,11.109999656677246,11.09000015258789,11.09000015258789,8448,0.0,0.0
2024-08-06 14:30:00-04:00,11.095000267028809,11.114999771118164,11.095000267028809,11.095000267028809,7023,0.0,0.0
2024-08-06 14:35:00-04:00,11.095000267028809,11.10509967803955,11.095000267028809,11.104999542236328,2142,0.0,0.0
2024-08-06 14:40:00-04:00,11.104999542236328,11.109999656677246,11.09000015258789,11.095000267028809,7689,0.0,0.0
2024-08-06 14:45:00-04:00,11.100000381469727,11.100000381469727,11.0600004196167,11.079999923706055,7362,0.0,0.0
2024-08-06 14:50:00-04:00,11.074999809265137,11.079999923706055,11.0649995803833,11.0649995803833,2318,0.0,0.0
2024-08-06 14:55:00-04:00,11.0649995803833,11.0649995803833,11.029999732971191,11.029999732971191,12049,0.0,0.0
2024-08-06 15:00:00-04:00,11.020000457763672,11.039999961853027,11.015000343322754,11.015000343322754,10277,0.0,0.0
2024-08-06 15:05:00-04:00,11.015000343322754,11.029999732971191,11.010000228881836,11.024999618530273,8298,0.0,0.0
2024-08-06 15:10:00-04:00,11.029999732971191,11.050000190734863,11.024999618530273,11.045000076293945,6186,0.0,0.0
2024-08-06 15:15:00-04:00,11.045000076293945,11.050000190734863,11.015000343322754,11.029999732971191,13585,0.0,0.0
2024-08-06 15:20:00-04:00,11.03499984741211,11.0600004196167,11.03499984741211,11.055000305175781,7090,0.0,0.0
2024-08-06 15:25:00-04:00,11.050000190734863,11.055000305175781,11.045000076293945,11.045000076293945,11226,0.0,0.0
2024-08-06 15:30:00-04:00,11.045000076293945,11.050000190734863,11.020000457763672,11.050000190734863,13432,0.0,0.0
2024-08-06 15:35:00-04:00,11.050000190734863,11.050000190734863,11.029999732971191,11.03499984741211,9743,0.0,0.0
2024-08-06 15:40:00-04:00,11.050000190734863,11.055000305175781,11.039999961853027,11.055000305175781,16366,0.0,0.0
2024-08-06 15:45:00-04:00,11.050000190734863,11.050000190734863,11.010000228881836,11.039999961853027,23327,0.0,0.0
2024-08-06 15:50:00-04:00,11.03499984741211,11.055000305175781,11.029999732971191,11.045000076293945,39485,0.0,0.0
2024-08-06 15:55:00-04:00,11.050000190734863,11.0600004196167,11.024999618530273,11.050000190734863,85849,0.0,0.0
2024-08-07 09:30:00-04:00,12.265000343322754,12.600000381469727,12.15999984741211,12.579999923706055,107739,0.0,0.0
2024-08-07 09:35:00-04:00,12.59000015258789,12.600000381469727,12.399999618530273,12.460000038146973,55320,0.0,0.0
2024-08-07 09:40:00-04:00,12.460000038146973,12.5,12.390000343322754,12.460000038146973,38817,0.0,0.0
2024-08-07 09:45:00-04:00,12.479999542236328,12.524999618530273,12.460000038146973,12.505000114440918,104085,0.0,0.0
2024-08-07 09:50:00-04:00,12.505000114440918,12.549799919128418,12.449999809265137,12.449999809265137,69179,0.0,0.0
2024-08-07 09:55:00-04:00,12.46500015258789,12.59000015258789,12.399999618530273,12.5649995803833,56819,0.0,0.0
2024-08-07 10:00:00-04:00,12.550000190734863,12.6899995803833,12.550000190734863,12.550000190734863,71826,0.0,0.0
2024-08-07 10:05:00-04:00,12.5600004196167,12.579999923706055,12.470000267028809,12.5,36735,0.0,0.0
2024-08-07 10:10:00-04:00,12.5,12.510000228881836,12.40999984741211,12.430000305175781,74251,0.0,0.0
2024-08-07 10:15:00-04:00,12.4399995803833,12.489999771118164,12.430000305175781,12.430000305175781,42981,0.0,0.0
2024-08-07 10:20:00-04:00,12.425000190734863,12.479999542236328,12.425000190734863,12.460000038146973,36318,0.0,0.0
2024-08-07 10:25:00-04:00,12.460000038146973,12.470000267028809,12.350000381469727,12.390000343322754,45605,0.0,0.0
2024-08-07 10:30:00-04:00,12.390000343322754,12.430000305175781,12.355999946594238,12.430000305175781,25837,0.0,0.0
2024-08-07 10:35:00-04:00,12.414999961853027,12.470000267028809,12.399999618530273,12.399999618530273,58131,0.0,0.0
2024-08-07 10:40:00-04:00,12.40999984741211,12.470000267028809,12.40999984741211,12.460000038146973,20881,0.0,0.0
2024-08-07 10:45:00-04:00,12.454999923706055,12.470000267028809,12.449999809265137,12.470000267028809,32109,0.0,0.0
2024-08-07 10:50:00-04:00,12.449999809265137,12.5,12.449999809265137,12.479999542236328,50281,0.0,0.0
2024-08-07 10:55:00-04:00,12.479999542236328,12.5,12.4399995803833,12.470000267028809,47614,0.0,0.0
2024-08-07 11:00:00-04:00,12.470000267028809,12.5,12.470000267028809,12.470000267028809,19237,0.0,0.0
2024-08-07 11:05:00-04:00,12.460000038146973,12.5,12.460000038146973,12.5,35978,0.0,0.0
2024-08-07 11:10:00-04:00,12.5,12.5,12.46500015258789,12.470000267028809,41360,0.0,0.0
2024-08-07 11:15:00-04:00,12.479999542236328,12.5,12.460000038146973,12.479999542236328,27915,0.0,0.0
2024-08-07 11:20:00-04:00,12.479999542236328,12.5,12.470000267028809,12.489999771118164,27720,0.0,0.0
2024-08-07 11:25:00-04:00,12.494999885559082,12.5,12.470000267028809,12.470000267028809,46921,0.0,0.0
2024-08-07 11:30:00-04:00,12.479999542236328,12.5,12.479999542236328,12.5,17058,0.0,0.0
2024-08-07 11:35:00-04:00,12.5,12.5,12.479999542236328,12.489999771118164,23723,0.0,0.0
2024-08-07 11:40:00-04:00,12.489999771118164,12.5,12.479999542236328,12.489999771118164,23904,0.0,0.0
2024-08-07 11:45:00-04:00,12.489999771118164,12.489999771118164,12.46500015258789,12.470000267028809,26928,0.0,0.0
2024-08-07 11:50:00-04:00,12.470000267028809,12.5,12.46500015258789,12.5,22729,0.0,0.0
2024-08-07 11:55:00-04:00,12.5,12.505000114440918,12.479999542236328,12.479999542236328,30869,0.0,0.0
2024-08-07 12:00:00-04:00,12.489999771118164,12.510000228881836,12.485799789428711,12.489999771118164,29250,0.0,0.0
2024-08-07 12:05:00-04:00,12.494999885559082,12.510000228881836,12.490599632263184,12.494999885559082,18388,0.0,0.0
2024-08-07 12:10:00-04:00,12.5,12.505000114440918,12.494000434875488,12.505000114440918,34444,0.0,0.0
2024-08-07 12:15:00-04:00,12.505000114440918,12.520000457763672,12.5,12.5,39591,0.0,0.0
2024-08-07 12:20:00-04:00,12.5,12.505000114440918,12.489999771118164,12.5,22739,0.0,0.0
2024-08-07 12:25:00-04:00,12.505000114440918,12.600000381469727,12.5,12.59000015258789,39527,0.0,0.0
2024-08-07 12:30:00-04:00,12.600000381469727,12.619999885559082,12.569999694824219,12.574999809265137,38926,0.0,0.0
2024-08-07 12:35:00-04:00,12.569999694824219,12.579999923706055,12.5600004196167,12.569999694824219,13030,0.0,0.0
2024-08-07 12:40:00-04:00,12.569999694824219,12.6899995803833,12.569999694824219,12.649999618530273,41401,0.0,0.0
2024-08-07 12:45:00-04:00,12.65999984741211,12.670000076293945,12.649999618530273,12.65999984741211,19474,0.0,0.0
2024-08-07 12:50:00-04:00,12.650099754333496,12.704999923706055,12.619999885559082,12.680000305175781,51674,0.0,0.0
2024-08-07 12:55:00-04:00,12.6899995803833,12.699999809265137,12.65999984741211,12.6899995803833,25482,0.0,0.0
2024-08-07 13:00:00-04:00,12.675000190734863,12.680000305175781,12.649999618530273,12.65999984741211,19071,0.0,0.0
2024-08-07 13:05:00-04:00,12.649999618530273,12.670000076293945,12.625,12.625,24155,0.0,0.0
2024-08-07 13:10:00-04:00,12.619999885559082,12.630000114440918,12.582200050354004,12.59000015258789,26189,0.0,0.0
2024-08-07 13:15:00-04:00,12.59000015258789,12.609999656677246,12.579999923706055,12.579999923706055,24198,0.0,0.0
2024-08-07 13:20:00-04:00,12.579999923706055,12.649999618530273,12.569999694824219,12.649999618530273,23998,0.0,0.0
2024-08-07 13:25:00-04:00,12.640000343322754,12.729999542236328,12.640000343322754,12.720000267028809,26203,0.0,0.0
2024-08-07 13:30:00-04:00,12.720000267028809,12.760000228881836,12.710000038146973,12.75,17913,0.0,0.0
2024-08-07 13:35:00-04:00,12.760000228881836,12.760000228881836,12.723999977111816,12.739999771118164,14136,0.0,0.0
2024-08-07 13:40:00-04:00,12.710000038146973,12.729999542236328,12.680000305175781,12.720000267028809,21125,0.0,0.0
2024-08-07 13:45:00-04:00,12.720000267028809,12.725000381469727,12.6899995803833,12.6899995803833,13515,0.0,0.0
2024-08-07 13:50:00-04:00,12.680000305175781,12.686300277709961,12.569999694824219,12.59000015258789,27013,0.0,0.0
2024-08-07 13:55:00-04:00,12.600000381469727,12.640000343322754,12.600000381469727,12.640000343322754,13915,0.0,0.0
2024-08-07 14:00:00-04:00,12.639599800109863,12.649999618530273,12.579999923706055,12.579999923706055,22959,0.0,0.0
2024-08-07 14:05:00-04:00,12.588500022888184,12.59000015258789,12.579999923706055,12.579999923706055,14377,0.0,0.0
2024-08-07 14:10:00-04:00,12.585000038146973,12.600000381469727,12.579999923706055,12.59000015258789,23788,0.0,0.0
2024-08-07 14:15:00-04:00,12.579999923706055,12.609999656677246,12.579999923706055,12.609999656677246,15684,0.0,0.0
2024-08-07 14:20:00-04:00,12.609999656677246,12.609999656677246,12.569999694824219,12.569999694824219,15597,0.0,0.0
2024-08-07 14:25:00-04:00,12.569999694824219,12.579999923706055,12.550000190734863,12.550000190734863,28970,0.0,0.0
2024-08-07 14:30:00-04:00,12.550000190734863,12.569999694824219,12.550000190734863,12.5600004196167,29908,0.0,0.0
2024-08-07 14:35:00-04:00,12.5600004196167,12.579999923706055,12.550800323486328,12.579999923706055,43215,0.0,0.0
2024-08-07 14:40:00-04:00,12.569999694824219,12.630000114440918,12.569999694824219,12.619999885559082,22932,0.0,0.0
2024-08-07 14:45:00-04:00,12.614999771118164,12.619999885559082,12.59000015258789,12.600000381469727,21053,0.0,0.0
2024-08-07 14:50:00-04:00,12.600000381469727,12.6899995803833,12.59000015258789,12.6899995803833,23118,0.0,0.0
2024-08-07 14:55:00-04:00,12.6899995803833,12.6899995803833,12.649999618530273,12.6899995803833,36774,0.0,0.0
2024-08-07 15:00:00-04:00,12.6899995803833,12.6899995803833,12.670000076293945,12.670000076293945,25863,0.0,0.0
2024-08-07 15:05:00-04:00,12.680000305175781,12.680000305175781,12.649999618530273,12.649999618530273,63808,0.0,0.0
2024-08-07 15:10:00-04:00,12.649999618530273,12.65999984741211,12.579999923706055,12.585000038146973,80747,0.0,0.0
2024-08-07 15:15:00-04:00,12.585000038146973,12.585000038146973,12.550000190734863,12.574999809265137,45519,0.0,0.0
2024-08-07 15:20:00-04:00,12.574999809265137,12.600000381469727,12.539999961853027,12.546899795532227,37148,0.0,0.0
2024-08-07 15:25:00-04:00,12.545000076293945,12.609999656677246,12.545000076293945,12.609999656677246,47143,0.0,0.0
2024-08-07 15:30:00-04:00,12.609999656677246,12.609999656677246,12.505000114440918,12.510000228881836,74647,0.0,0.0
2024-08-07 15:35:00-04:00,12.510000228881836,12.609999656677246,12.510000228881836,12.609999656677246,45482,0.0,0.0
2024-08-07 15:40:00-04:00,12.619999885559082,12.649999618530273,12.5600004196167,12.649999618530273,90253,0.0,0.0
2024-08-07 15:45:00-04:00,12.649999618530273,12.71500015258789,12.649999618530273,12.694999694824219,123317,0.0,0.0
2024-08-07 15:50:00-04:00,12.694999694824219,12.71500015258789,12.6899995803833,12.6899995803833,143554,0.0,0.0
2024-08-07 15:55:00-04:00,12.6899995803833,12.720000267028809,12.609999656677246,12.640000343322754,301428,0.0,0.0
2024-08-08 09:30:00-04:00,12.670000076293945,12.920000076293945,12.65999984741211,12.854999542236328,114686,0.0,0.0
2024-08-08 09:35:00-04:00,12.880000114440918,12.889800071716309,12.710000038146973,12.720000267028809,60193,0.0,0.0
2024-08-08 09:40:00-04:00,12.739999771118164,12.739999771118164,12.65999984741211,12.65999984741211,32138,0.0,0.0
2024-08-08 09:45:00-04:00,12.65999984741211,12.65999984741211,12.529999732971191,12.529999732971191,52761,0.0,0.0
2024-08-08 09:50:00-04:00,12.529999732971191,12.53499984741211,12.472000122070312,12.510000228881836,60179,0.0,0.0
2024-08-08 09:55:00-04:00,12.510000228881836,12.520000457763672,12.430000305175781,12.520000457763672,54355,0.0,0.0
2024-08-08 10:00:00-04:00,12.520000457763672,12.550000190734863,12.505000114440918,12.505000114440918,98091,0.0,0.0
2024-08-08 10:05:00-04:00,12.489999771118164,12.49020004272461,12.430000305175781,12.460000038146973,40978,0.0,0.0
2024-08-08 10:10:00-04:00,12.460000038146973,12.539999961853027,12.430000305175781,12.4399995803833,48195,0.0,0.0
2024-08-08 10:15:00-04:00,12.4399995803833,12.489999771118164,12.425000190734863,12.479999542236328,37009,0.0,0.0
2024-08-08 10:20:00-04:00,12.470000267028809,12.510000228881836,12.430000305175781,12.449999809265137,53206,0.0,0.0
2024-08-08 10:25:00-04:00,12.4399995803833,12.609999656677246,12.4399995803833,12.59000015258789,28765,0.0,0.0
2024-08-08 10:30:00-04:00,12.600000381469727,12.65999984741211,12.579999923706055,12.645000457763672,31967,0.0,0.0
2024-08-08 10:35:00-04:00,12.649999618530273,12.670000076293945,12.600000381469727,12.649999618530273,28173,0.0,0.0
2024-08-08 10:40:00-04:00,12.649999618530273,12.739999771118164,12.649999618530273,12.699999809265137,36929,0.0,0.0
2024-08-08 10:45:00-04:00,12.699999809265137,12.75,12.699999809265137,12.739999771118164,23985,0.0,0.0
2024-08-08 10:50:00-04:00,12.739999771118164,12.75,12.680000305175781,12.710000038146973,20781,0.0,0.0
2024-08-08 10:55:00-04:00,12.699999809265137,12.725000381469727,12.65999984741211,12.720000267028809,21363,0.0,0.0
2024-08-08 11:00:00-04:00,12.710000038146973,12.710000038146973,12.65999984741211,12.664999961853027,12206,0.0,0.0
2024-08-08 11:05:00-04:00,12.664999961853027,12.664999961853027,12.59000015258789,12.604999542236328,10422,0.0,0.0
2024-08-08 11:10:00-04:00,12.604999542236328,12.619999885559082,12.550000190734863,12.569999694824219,19048,0.0,0.0
2024-08-08 11:15:00-04:00,12.5600004196167,12.630000114440918,12.5600004196167,12.630000114440918,18332,0.0,0.0
2024-08-08 11:20:00-04:00,12.630000114440918,12.65999984741211,12.630000114440918,12.65999984741211,12179,0.0,0.0
2024-08-08 11:25:00-04:00,12.675000190734863,12.710000038146973,12.664999961853027,12.6899995803833,28486,0.0,0.0
2024-08-08 11:30:00-04:00,12.6899995803833,12.720000267028809,12.680000305175781,12.6850004196167,39539,0.0,0.0
2024-08-08 11:35:00-04:00,12.694999694824219,12.710000038146973,12.6899995803833,12.710000038146973,19679,0.0,0.0
2024-08-08 11:40:00-04:00,12.704999923706055,12.704999923706055,12.680000305175781,12.6899995803833,10913,0.0,0.0
2024-08-08 11:45:00-04:00,12.6899995803833,12.779999732971191,12.675000190734863,12.779999732971191,57267,0.0,0.0
2024-08-08 11:50:00-04:00,12.779999732971191,12.800000190734863,12.760000228881836,12.789999961853027,31247,0.0,0.0
2024-08-08 11:55:00-04:00,12.78499984741211,12.78499984741211,12.725000381469727,12.739999771118164,32280,0.0,0.0
2024-08-08 12:00:00-04:00,12.739999771118164,12.75,12.6899995803833,12.699999809265137,27090,0.0,0.0
2024-08-08 12:05:00-04:00,12.720000267028809,12.739999771118164,12.720000267028809,12.73009967803955,20909,0.0,0.0
2024-08-08 12:10:00-04:00,12.729999542236328,12.779999732971191,12.729999542236328,12.779999732971191,21801,0.0,0.0
2024-08-08 12:15:00-04:00,12.774999618530273,12.789999961853027,12.755000114440918,12.789999961853027,28208,0.0,0.0
2024-08-08 12:20:00-04:00,12.78499984741211,12.800000190734863,12.744999885559082,12.744999885559082,39965,0.0,0.0
2024-08-08 12:25:00-04:00,12.744999885559082,12.779999732971191,12.734999656677246,12.770000457763672,19417,0.0,0.0
2024-08-08 12:30:00-04:00,12.779999732971191,12.84000015258789,12.760000228881836,12.829999923706055,34879,0.0,0.0
2024-08-08 12:35:00-04:00,12.829999923706055,12.84000015258789,12.779999732971191,12.789999961853027,23867,0.0,0.0
2024-08-08 12:40:00-04:00,12.789999961853027,12.8100004196167,12.760000228881836,12.8100004196167,16563,0.0,0.0
2024-08-08 12:45:00-04:00,12.819999694824219,12.829999923706055,12.8100004196167,12.824999809265137,14574,0.0,0.0
2024-08-08 12:50:00-04:00,12.829999923706055,12.850000381469727,12.824999809265137,12.824999809265137,22469,0.0,0.0
2024-08-08 12:55:00-04:00,12.829999923706055,12.835000038146973,12.78499984741211,12.795000076293945,31631,0.0,0.0
2024-08-08 13:00:00-04:00,12.795000076293945,12.800000190734863,12.774999618530273,12.795000076293945,19512,0.0,0.0
2024-08-08 13:05:00-04:00,12.789999961853027,12.795000076293945,12.774999618530273,12.789999961853027,15557,0.0,0.0
2024-08-08 13:10:00-04:00,12.789999961853027,12.795000076293945,12.774999618530273,12.78499984741211,24102,0.0,0.0
2024-08-08 13:15:00-04:00,12.789999961853027,12.850000381469727,12.779999732971191,12.845000267028809,35219,0.0,0.0
2024-08-08 13:20:00-04:00,12.845000267028809,12.850000381469727,12.829999923706055,12.845000267028809,18366,0.0,0.0
2024-08-08 13:25:00-04:00,12.850000381469727,12.859999656677246,12.829999923706055,12.859999656677246,34269,0.0,0.0
2024-08-08 13:30:00-04:00,12.859999656677246,12.899999618530273,12.854999542236328,12.890000343322754,20937,0.0,0.0
2024-08-08 13:35:00-04:00,12.885000228881836,12.885000228881836,12.752099990844727,12.779999732971191,24300,0.0,0.0
2024-08-08 13:40:00-04:00,12.774999618530273,12.859999656677246,12.774999618530273,12.845000267028809,27615,0.0,0.0
2024-08-08 13:45:00-04:00,12.845000267028809,12.850000381469727,12.8100004196167,12.829999923706055,14586,0.0,0.0
2024-08-08 13:50:00-04:00,12.819999694824219,12.84000015258789,12.770000457763672,12.789999961853027,36587,0.0,0.0
2024-08-08 13:55:00-04:00,12.78499984741211,12.819999694824219,12.770000457763672,12.800000190734863,46919,0.0,0.0
2024-08-08 14:00:00-04:00,12.795000076293945,12.850000381469727,12.7947998046875,12.84000015258789,31351,0.0,0.0
2024-08-08 14:05:00-04:00,12.835000038146973,12.850000381469727,12.8100004196167,12.84000015258789,25035,0.0,0.0
2024-08-08 14:10:00-04:00,12.829999923706055,12.835000038146973,12.8100004196167,12.824999809265137,17726,0.0,0.0
2024-08-08 14:15:00-04:00,12.824999809265137,12.859999656677246,12.795000076293945,12.854999542236328,30797,0.0,0.0
2024-08-08 14:20:00-04:00,12.854999542236328,12.869999885559082,12.854999542236328,12.864999771118164,18099,0.0,0.0
2024-08-08 14:25:00-04:00,12.869999885559082,12.880000114440918,12.84000015258789,12.850000381469727,32826,0.0,0.0
2024-08-08 14:30:00-04:00,12.859999656677246,12.880000114440918,12.824999809265137,12.845000267028809,41936,0.0,0.0
2024-08-08 14:35:00-04:00,12.845000267028809,12.859999656677246,12.824999809265137,12.850000381469727,35670,0.0,0.0
2024-08-08 14:40:00-04:00,12.84000015258789,12.864999771118164,12.795000076293945,12.8149995803833,33210,0.0,0.0
2024-08-08 14:45:00-04:00,12.8149995803833,12.829999923706055,12.789999961853027,12.8149995803833,31917,0.0,0.0
2024-08-08 14:50:00-04:00,12.8100004196167,12.829999923706055,12.8100004196167,12.829999923706055,23844,0.0,0.0
2024-08-08 14:55:00-04:00,12.824999809265137,12.829999923706055,12.780400276184082,12.795000076293945,35105,0.0,0.0
2024-08-08 15:00:00-04:00,12.800000190734863,12.869999885559082,12.78499984741211,12.859999656677246,53909,0.0,0.0
2024-08-08 15:05:00-04:00,12.850000381469727,12.869999885559082,12.84000015258789,12.869999885559082,44761,0.0,0.0
2024-08-08 15:10:00-04:00,12.864999771118164,12.9399995803833,12.864999771118164,12.930000305175781,88442,0.0,0.0
2024-08-08 15:15:00-04:00,12.930000305175781,12.9399995803833,12.920000076293945,12.9399995803833,43969,0.0,0.0
2024-08-08 15:20:00-04:00,12.9350004196167,12.960000038146973,12.930000305175781,12.960000038146973,75880,0.0,0.0
2024-08-08 15:25:00-04:00,12.960000038146973,12.960000038146973,12.880000114440918,12.899999618530273,83609,0.0,0.0
2024-08-08 15:30:00-04:00,12.890000343322754,12.890000343322754,12.8100004196167,12.850000381469727,57956,0.0,0.0
2024-08-08 15:35:00-04:00,12.84000015258789,12.859999656677246,12.829999923706055,12.850000381469727,56761,0.0,0.0
2024-08-08 15:40:00-04:00,12.845000267028809,12.899999618530273,12.845000267028809,12.895000457763672,83142,0.0,0.0
2024-08-08 15:45:00-04:00,12.890000343322754,12.899999618530273,12.869999885559082,12.899999618530273,100339,0.0,0.0
2024-08-08 15:50:00-04:00,12.899999618530273,13.024999618530273,12.779999732971191,12.960000038146973,370705,0.0,0.0
2024-08-08 15:55:00-04:00,12.970000267028809,12.970000267028809,12.84000015258789,12.84000015258789,448494,0.0,0.0
2024-08-09 09:30:00-04:00,12.859999656677246,12.979999542236328,12.739999771118164,12.90999984741211,56263,0.0,0.0
2024-08-09 09:35:00-04:00,12.899999618530273,12.979999542236328,12.890000343322754,12.895000457763672,22301,0.0,0.0
2024-08-09 09:40:00-04:00,12.880000114440918,12.90999984741211,12.880000114440918,12.880000114440918,9628,0.0,0.0
2024-08-09 09:45:00-04:00,12.880000114440918,12.90999984741211,12.880000114440918,12.904999732971191,7774,0.0,0.0
2024-08-09 09:50:00-04:00,12.904999732971191,12.979999542236328,12.850000381469727,12.904999732971191,18521,0.0,0.0
2024-08-09 09:55:00-04:00,12.90999984741211,12.90999984741211,12.795000076293945,12.8100004196167,16456,0.0,0.0
2024-08-09 10:00:00-04:00,12.800000190734863,12.8149995803833,12.75,12.755000114440918,19089,0.0,0.0
2024-08-09 10:05:00-04:00,12.760000228881836,12.765000343322754,12.6899995803833,12.729999542236328,24008,0.0,0.0
2024-08-09 10:10:00-04:00,12.729999542236328,12.78499984741211,12.710000038146973,12.779999732971191,11314,0.0,0.0
2024-08-09 10:15:00-04:00,12.770000457763672,12.779999732971191,12.710000038146973,12.720000267028809,12675,0.0,0.0
2024-08-09 10:20:00-04:00,12.729999542236328,12.729999542236328,12.710000038146973,12.720000267028809,8902,0.0,0.0
2024-08-09 10:25:00-04:00,12.71500015258789,12.739999771118164,12.704999923706055,12.734999656677246,15684,0.0,0.0
2024-08-09 10:30:00-04:00,12.734999656677246,12.739999771118164,12.725000381469727,12.734999656677246,8739,0.0,0.0
2024-08-09 10:35:00-04:00,12.734999656677246,12.789999961853027,12.71500015258789,12.789999961853027,21904,0.0,0.0
2024-08-09 10:40:00-04:00,12.789999961853027,12.795000076293945,12.744999885559082,12.760000228881836,9338,0.0,0.0
2024-08-09 10:45:00-04:00,12.760000228881836,12.779999732971191,12.760000228881836,12.765000343322754,6721,0.0,0.0
2024-08-09 10:50:00-04:00,12.765999794006348,12.770000457763672,12.760000228881836,12.760000228881836,7652,0.0,0.0
2024-08-09 10:55:00-04:00,12.760000228881836,12.760000228881836,12.694299697875977,12.694999694824219,12012,0.0,0.0
2024-08-09 11:00:00-04:00,12.6899995803833,12.710000038146973,12.6899995803833,12.710000038146973,12511,0.0,0.0
2024-08-09 11:05:00-04:00,12.71500015258789,12.725000381469727,12.699999809265137,12.699999809265137,9719,0.0,0.0
2024-08-09 11:10:00-04:00,12.699999809265137,12.699999809265137,12.65999984741211,12.680000305175781,16742,0.0,0.0
2024-08-09 11:15:00-04:00,12.680000305175781,12.6850004196167,12.65999984741211,12.65999984741211,8714,0.0,0.0
2024-08-09 11:20:00-04:00,12.654999732971191,12.670000076293945,12.654999732971191,12.657999992370605,5679,0.0,0.0
2024-08-09 11:25:00-04:00,12.65999984741211,12.6899995803833,12.654999732971191,12.670000076293945,22381,0.0,0.0
2024-08-09 11:30:00-04:00,12.664999961853027,12.670000076293945,12.649999618530273,12.670000076293945,11417,0.0,0.0
2024-08-09 11:35:00-04:00,12.670000076293945,12.670000076293945,12.640000343322754,12.645000457763672,15668,0.0,0.0
2024-08-09 11:40:00-04:00,12.649999618530273,12.654999732971191,12.614999771118164,12.614999771118164,7979,0.0,0.0
2024-08-09 11:45:00-04:00,12.619999885559082,12.640000343322754,12.619999885559082,12.640000343322754,8809,0.0,0.0
2024-08-09 11:50:00-04:00,12.640000343322754,12.640000343322754,12.609999656677246,12.609999656677246,9351,0.0,0.0
2024-08-09 11:55:00-04:00,12.614999771118164,12.614999771118164,12.574999809265137,12.574999809265137,9999,0.0,0.0
2024-08-09 12:00:00-04:00,12.579999923706055,12.625,12.579999923706055,12.595000267028809,13185,0.0,0.0
2024-08-09 12:05:00-04:00,12.595000267028809,12.625,12.579999923706055,12.619999885559082,12739,0.0,0.0
2024-08-09 12:10:00-04:00,12.630000114440918,12.649999618530273,12.630000114440918,12.649999618530273,8621,0.0,0.0
2024-08-09 12:15:00-04:00,12.640000343322754,12.640000343322754,12.625,12.635000228881836,10758,0.0,0.0
2024-08-09 12:20:00-04:00,12.635000228881836,12.649999618530273,12.630000114440918,12.630000114440918,9741,0.0,0.0
2024-08-09 12:25:00-04:00,12.635000228881836,12.664999961853027,12.630000114440918,12.65999984741211,7848,0.0,0.0
2024-08-09 12:30:00-04:00,12.65999984741211,12.710000038146973,12.65999984741211,12.710000038146973,18666,0.0,0.0
2024-08-09 12:35:00-04:00,12.704000473022461,12.720000267028809,12.704000473022461,12.720000267028809,5197,0.0,0.0
2024-08-09 12:40:00-04:00,12.71500015258789,12.729999542236328,12.710000038146973,12.725000381469727,12525,0.0,0.0
2024-08-09 12:45:00-04:00,12.729999542236328,12.75,12.720000267028809,12.75,10038,0.0,0.0
2024-08-09 12:50:00-04:00,12.744999885559082,12.75,12.720000267028809,12.725000381469727,23213,0.0,0.0
2024-08-09 12:55:00-04:00,12.729499816894531,12.75,12.729499816894531,12.749500274658203,13092,0.0,0.0
2024-08-09 13:00:00-04:00,12.744999885559082,12.779999732971191,12.744999885559082,12.760000228881836,17953,0.0,0.0
2024-08-09 13:05:00-04:00,12.760000228881836,12.770000457763672,12.755000114440918,12.765000343322754,10411,0.0,0.0
2024-08-09 13:10:00-04:00,12.765000343322754,12.765000343322754,12.739999771118164,12.755000114440918,11896,0.0,0.0
2024-08-09 13:15:00-04:00,12.760000228881836,12.774999618530273,12.760000228881836,12.770000457763672,9531,0.0,0.0
2024-08-09 13:20:00-04:00,12.770000457763672,12.800000190734863,12.770000457763672,12.800000190734863,14329,0.0,0.0
2024-08-09 13:25:00-04:00,12.795000076293945,12.800000190734863,12.791199684143066,12.791199684143066,3012,0.0,0.0
2024-08-09 13:30:00-04:00,12.795000076293945,12.805000305175781,12.75,12.765000343322754,18294,0.0,0.0
2024-08-09 13:35:00-04:00,12.765000343322754,12.770000457763672,12.720000267028809,12.720000267028809,5709,0.0,0.0
2024-08-09 13:40:00-04:00,12.720000267028809,12.75,12.71500015258789,12.75,13344,0.0,0.0
2024-08-09 13:45:00-04:00,12.75,12.75,12.699999809265137,12.699999809265137,7129,0.0,0.0
2024-08-09 13:50:00-04:00,12.699999809265137,12.699999809265137,12.65999984741211,12.664999961853027,10922,0.0,0.0
2024-08-09 13:55:00-04:00,12.664999961853027,12.664999961853027,12.630000114440918,12.635000228881836,16873,0.0,0.0
2024-08-09 14:00:00-04:00,12.635000228881836,12.635000228881836,12.59000015258789,12.635000228881836,16312,0.0,0.0
2024-08-09 14:05:00-04:00,12.635000228881836,12.65999984741211,12.635000228881836,12.65999984741211,4709,0.0,0.0
2024-08-09 14:10:00-04:00,12.65999984741211,12.6850004196167,12.65999984741211,12.6850004196167,16809,0.0,0.0
2024-08-09 14:15:00-04:00,12.6850004196167,12.6850004196167,12.654999732971191,12.654999732971191,12929,0.0,0.0
2024-08-09 14:20:00-04:00,12.65999984741211,12.668000221252441,12.640000343322754,12.645000457763672,10851,0.0,0.0
2024-08-09 14:25:00-04:00,12.649999618530273,12.654999732971191,12.640000343322754,12.654999732971191,6919,0.0,0.0
2024-08-09 14:30:00-04:00,12.649999618530273,12.654999732971191,12.630000114440918,12.635000228881836,8530,0.0,0.0
2024-08-09 14:35:00-04:00,12.630000114440918,12.640000343322754,12.619999885559082,12.635000228881836,9967,0.0,0.0
2024-08-09 14:40:00-04:00,12.640000343322754,12.645000457763672,12.619999885559082,12.635000228881836,14452,0.0,0.0
2024-08-09 14:45:00-04:00,12.640000343322754,12.6899995803833,12.640000343322754,12.670000076293945,17504,0.0,0.0
2024-08-09 14:50:00-04:00,12.680000305175781,12.680000305175781,12.640000343322754,12.649999618530273,8254,0.0,0.0
2024-08-09 14:55:00-04:00,12.640000343322754,12.649999618530273,12.630000114440918,12.645000457763672,10535,0.0,0.0
2024-08-09 15:00:00-04:00,12.649999618530273,12.65999984741211,12.600000381469727,12.600000381469727,10936,0.0,0.0
2024-08-09 15:05:00-04:00,12.600000381469727,12.604999542236328,12.59000015258789,12.59000015258789,6894,0.0,0.0
2024-08-09 15:10:00-04:00,12.59000015258789,12.600000381469727,12.579999923706055,12.595000267028809,26443,0.0,0.0
2024-08-09 15:15:00-04:00,12.595000267028809,12.609999656677246,12.585000038146973,12.609999656677246,11275,0.0,0.0
2024-08-09 15:20:00-04:00,12.604999542236328,12.609999656677246,12.59000015258789,12.595000267028809,17735,0.0,0.0
2024-08-09 15:25:00-04:00,12.595000267028809,12.630000114440918,12.59000015258789,12.619999885559082,29681,0.0,0.0
2024-08-09 15:30:00-04:00,12.614999771118164,12.619999885559082,12.59000015258789,12.595000267028809,16424,0.0,0.0
2024-08-09 15:35:00-04:00,12.600000381469727,12.630000114440918,12.600000381469727,12.614999771118164,22546,0.0,0.0
2024-08-09 15:40:00-04:00,12.614999771118164,12.619999885559082,12.574999809265137,12.585000038146973,45745,0.0,0.0
2024-08-09 15:45:00-04:00,12.579999923706055,12.614999771118164,12.574999809265137,12.600000381469727,42427,0.0,0.0
2024-08-09 15:50:00-04:00,12.600000381469727,12.65999984741211,12.600000381469727,12.645000457763672,59381,0.0,0.0
2024-08-09 15:55:00-04:00,12.640000343322754,12.6899995803833,12.630000114440918,12.6899995803833,182792,0.0,0.0
2024-08-12 09:30:00-04:00,12.600000381469727,12.65999984741211,12.59000015258789,12.59280014038086,25557,0.0,0.0
2024-08-12 09:35:00-04:00,12.600000381469727,12.600000381469727,12.540900230407715,12.569999694824219,13155,0.0,0.0
2024-08-12 09:40:00-04:00,12.5600004196167,12.59000015258789,12.539999961853027,12.569999694824219,5341,0.0,0.0
2024-08-12 09:45:00-04:00,12.579999923706055,12.579999923706055,12.579999923706055,12.579999923706055,3280,0.0,0.0
2024-08-12 09:50:00-04:00,12.577300071716309,12.59000015258789,12.545000076293945,12.550000190734863,7569,0.0,0.0
2024-08-12 09:55:00-04:00,12.550000190734863,12.5600004196167,12.479999542236328,12.479999542236328,14201,0.0,0.0
2024-08-12 10:00:00-04:00,12.489999771118164,12.520000457763672,12.470000267028809,12.470000267028809,6811,0.0,0.0
2024-08-12 10:05:00-04:00,12.479999542236328,12.5,12.470000267028809,12.5,8675,0.0,0.0
2024-08-12 10:10:00-04:00,12.5,12.505000114440918,12.475000381469727,12.479999542236328,8382,0.0,0.0
2024-08-12 10:15:00-04:00,12.479999542236328,12.479999542236328,12.454999923706055,12.454999923706055,16200,0.0,0.0
2024-08-12 10:20:00-04:00,12.460000038146973,12.470000267028809,12.449999809265137,12.449999809265137,5048,0.0,0.0
2024-08-12 10:25:00-04:00,12.454999923706055,12.489999771118164,12.449999809265137,12.449999809265137,6531,0.0,0.0
2024-08-12 10:30:00-04:00,12.460000038146973,12.460000038146973,12.4399995803833,12.4399995803833,3119,0.0,0.0
2024-08-12 10:35:00-04:00,12.441100120544434,12.449999809265137,12.420000076293945,12.420000076293945,3552,0.0,0.0
2024-08-12 10:40:00-04:00,12.420000076293945,12.470000267028809,12.40999984741211,12.470000267028809,10941,0.0,0.0
2024-08-12 10:45:00-04:00,12.470000267028809,12.489999771118164,12.464400291442871,12.489999771118164,5194,0.0,0.0
2024-08-12 10:50:00-04:00,12.489999771118164,12.520000457763672,12.479999542236328,12.5,12753,0.0,0.0
2024-08-12 10:55:00-04:00,12.5,12.520000457763672,12.5,12.520000457763672,2926,0.0,0.0
2024-08-12 11:00:00-04:00,12.515000343322754,12.520000457763672,12.515000343322754,12.520000457763672,668,0.0,0.0
2024-08-12 11:05:00-04:00,12.515000343322754,12.515000343322754,12.5,12.5,4322,0.0,0.0
2024-08-12 11:10:00-04:00,12.505000114440918,12.515000343322754,12.494999885559082,12.494999885559082,3706,0.0,0.0
2024-08-12 11:15:00-04:00,12.494999885559082,12.494999885559082,12.479999542236328,12.489999771118164,4766,0.0,0.0
2024-08-12 11:20:00-04:00,12.489999771118164,12.489999771118164,12.444999694824219,12.449999809265137,11321,0.0,0.0
2024-08-12 11:25:00-04:00,12.449999809265137,12.460000038146973,12.444999694824219,12.449999809265137,6509,0.0,0.0
2024-08-12 11:30:00-04:00,12.449999809265137,12.460000038146973,12.449999809265137,12.449999809265137,4067,0.0,0.0
2024-08-12 11:35:00-04:00,12.449999809265137,12.460000038146973,12.444999694824219,12.449999809265137,5420,0.0,0.0
2024-08-12 11:40:00-04:00,12.444999694824219,12.444999694824219,12.4350004196167,12.4350004196167,2340,0.0,0.0
2024-08-12 11:45:00-04:00,12.4399995803833,12.444999694824219,12.425000190734863,12.4399995803833,5579,0.0,0.0
2024-08-12 11:50:00-04:00,12.449999809265137,12.46500015258789,12.449999809265137,12.46500015258789,5114,0.0,0.0
2024-08-12 11:55:00-04:00,12.46500015258789,12.510000228881836,12.46500015258789,12.510000228881836,6338,0.0,0.0
2024-08-12 12:00:00-04:00,12.510000228881836,12.520000457763672,12.5,12.515000343322754,7584,0.0,0.0
2024-08-12 12:05:00-04:00,12.510000228881836,12.520000457763672,12.505000114440918,12.510000228881836,6017,0.0,0.0
2024-08-12 12:10:00-04:00,12.510000228881836,12.529999732971191,12.510000228881836,12.529999732971191,3413,0.0,0.0
2024-08-12 12:15:00-04:00,12.520000457763672,12.520000457763672,12.479999542236328,12.520000457763672,16527,0.0,0.0
2024-08-12 12:20:00-04:00,12.515000343322754,12.550000190734863,12.510000228881836,12.550000190734863,9049,0.0,0.0
2024-08-12 12:25:00-04:00,12.555000305175781,12.555000305175781,12.539999961853027,12.550000190734863,9979,0.0,0.0
2024-08-12 12:30:00-04:00,12.539999961853027,12.545000076293945,12.539999961853027,12.545000076293945,1019,0.0,0.0
2024-08-12 12:35:00-04:00,12.545000076293945,12.600000381469727,12.545000076293945,12.600000381469727,13114,0.0,0.0
2024-08-12 12:40:00-04:00,12.600000381469727,12.604999542236328,12.555000305175781,12.585000038146973,14487,0.0,0.0
2024-08-12 12:45:00-04:00,12.595000267028809,12.600000381469727,12.59000015258789,12.59000015258789,2041,0.0,0.0
2024-08-12 12:50:00-04:00,12.585000038146973,12.59000015258789,12.569999694824219,12.59000015258789,10639,0.0,0.0
2024-08-12 12:55:00-04:00,12.59000015258789,12.59000015258789,12.555000305175781,12.555000305175781,5560,0.0,0.0
2024-08-12 13:00:00-04:00,12.550000190734863,12.59000015258789,12.550000190734863,12.579999923706055,15680,0.0,0.0
2024-08-12 13:05:00-04:00,12.585000038146973,12.595000267028809,12.585000038146973,12.595000267028809,1558,0.0,0.0
2024-08-12 13:10:00-04:00,12.59000015258789,12.600000381469727,12.574999809265137,12.579999923706055,8793,0.0,0.0
2024-08-12 13:15:00-04:00,12.59000015258789,12.600000381469727,12.59000015258789,12.600000381469727,3231,0.0,0.0
2024-08-12 13:20:00-04:00,12.600000381469727,12.619999885559082,12.595000267028809,12.595000267028809,15673,0.0,0.0
2024-08-12 13:25:00-04:00,12.59000015258789,12.59000015258789,12.569999694824219,12.569999694824219,4975,0.0,0.0
2024-08-12 13:30:00-04:00,12.5649995803833,12.569999694824219,12.5649995803833,12.5649995803833,7319,0.0,0.0
2024-08-12 13:35:00-04:00,12.5649995803833,12.5649995803833,12.545000076293945,12.555000305175781,7230,0.0,0.0
2024-08-12 13:40:00-04:00,12.550000190734863,12.555000305175781,12.529999732971191,12.529999732971191,3258,0.0,0.0
2024-08-12 13:45:00-04:00,12.53499984741211,12.550000190734863,12.53499984741211,12.550000190734863,4777,0.0,0.0
2024-08-12 13:50:00-04:00,12.539999961853027,12.550000190734863,12.539999961853027,12.545000076293945,4223,0.0,0.0
2024-08-12 13:55:00-04:00,12.550000190734863,12.550000190734863,12.539999961853027,12.545000076293945,724,0.0,0.0
2024-08-12 14:00:00-04:00,12.545000076293945,12.550000190734863,12.539999961853027,12.545000076293945,4875,0.0,0.0
2024-08-12 14:05:00-04:00,12.545000076293945,12.550000190734863,12.539999961853027,12.539999961853027,5576,0.0,0.0
2024-08-12 14:10:00-04:00,12.545000076293945,12.569999694824219,12.545000076293945,12.569999694824219,5008,0.0,0.0
2024-08-12 14:15:00-04:00,12.5600004196167,12.569999694824219,12.5600004196167,12.5600004196167,5571,0.0,0.0
2024-08-12 14:20:00-04:00,12.550000190734863,12.555000305175781,12.550000190734863,12.550000190734863,2094,0.0,0.0
2024-08-12 14:25:00-04:00,12.555000305175781,12.555000305175781,12.550000190734863,12.550000190734863,1569,0.0,0.0
2024-08-12 14:30:00-04:00,12.550000190734863,12.555000305175781,12.545000076293945,12.555000305175781,5522,0.0,0.0
2024-08-12 14:35:00-04:00,12.555000305175781,12.569999694824219,12.555000305175781,12.569999694824219,2269,0.0,0.0
2024-08-12 14:40:00-04:00,12.5600004196167,12.569999694824219,12.550000190734863,12.569999694824219,8116,0.0,0.0
2024-08-12 14:45:00-04:00,12.5600004196167,12.574999809265137,12.5600004196167,12.5600004196167,6020,0.0,0.0
2024-08-12 14:50:00-04:00,12.5600004196167,12.569999694824219,12.5600004196167,12.5649995803833,2175,0.0,0.0
2024-08-12 14:55:00-04:00,12.5649995803833,12.569999694824219,12.539999961853027,12.550000190734863,11451,0.0,0.0
2024-08-12 15:00:00-04:00,12.550000190734863,12.550000190734863,12.53499984741211,12.545000076293945,6887,0.0,0.0
2024-08-12 15:05:00-04:00,12.539999961853027,12.539999961853027,12.529999732971191,12.53499984741211,3833,0.0,0.0
2024-08-12 15:10:00-04:00,12.53499984741211,12.555000305175781,12.53499984741211,12.539999961853027,6107,0.0,0.0
2024-08-12 15:15:00-04:00,12.545000076293945,12.5600004196167,12.540900230407715,12.5600004196167,4925,0.0,0.0
2024-08-12 15:20:00-04:00,12.5600004196167,12.569999694824219,12.555000305175781,12.569999694824219,6379,0.0,0.0
2024-08-12 15:25:00-04:00,12.569999694824219,12.59000015258789,12.5649995803833,12.579999923706055,22089,0.0,0.0
2024-08-12 15:30:00-04:00,12.585000038146973,12.59000015258789,12.5649995803833,12.59000015258789,20031,0.0,0.0
2024-08-12 15:35:00-04:00,12.585000038146973,12.595000267028809,12.579999923706055,12.59000015258789,18738,0.0,0.0
2024-08-12 15:40:00-04:00,12.59000015258789,12.600000381469727,12.579999923706055,12.600000381469727,13782,0.0,0.0
2024-08-12 15:45:00-04:00,12.600000381469727,12.619999885559082,12.59000015258789,12.614999771118164,24131,0.0,0.0
2024-08-12 15:50:00-04:00,12.619999885559082,12.654999732971191,12.619999885559082,12.640000343322754,69686,0.0,0.0
2024-08-12 15:55:00-04:00,12.645000457763672,12.6899995803833,12.630000114440918,12.6899995803833,133703,0.0,0.0
2024-08-13 09:30:00-04:00,12.65999984741211,12.75,12.65999984741211,12.670000076293945,12555,0.0,0.0
2024-08-13 09:35:00-04:00,12.6850004196167,12.699999809265137,12.649999618530273,12.649999618530273,9415,0.0,0.0
2024-08-13 09:40:00-04:00,12.649999618530273,12.6899995803833,12.619999885559082,12.6899995803833,2382,0.0,0.0
2024-08-13 09:45:00-04:00,12.666999816894531,12.670000076293945,12.625,12.630000114440918,6808,0.0,0.0
2024-08-13 09:50:00-04:00,12.640000343322754,12.645000457763672,12.619999885559082,12.645000457763672,4353,0.0,0.0
2024-08-13 09:55:00-04:00,12.625,12.649999618530273,12.619999885559082,12.640000343322754,3291,0.0,0.0
2024-08-13 10:00:00-04:00,12.635000228881836,12.635000228881836,12.604999542236328,12.604999542236328,5348,0.0,0.0
2024-08-13 10:05:00-04:00,12.600000381469727,12.640000343322754,12.59000015258789,12.619999885559082,5869,0.0,0.0
2024-08-13 10:10:00-04:00,12.619999885559082,12.645000457763672,12.619999885559082,12.635000228881836,3437,0.0,0.0
2024-08-13 10:15:00-04:00,12.630000114440918,12.640000343322754,12.625,12.625,4568,0.0,0.0
2024-08-13 10:20:00-04:00,12.625,12.645000457763672,12.619999885559082,12.645000457763672,8452,0.0,0.0
2024-08-13 10:25:00-04:00,12.635000228881836,12.654999732971191,12.630000114440918,12.654999732971191,2349,0.0,0.0
2024-08-13 10:30:00-04:00,12.654999732971191,12.675000190734863,12.625,12.654000282287598,6779,0.0,0.0
2024-08-13 10:35:00-04:00,12.654999732971191,12.654999732971191,12.630000114440918,12.630000114440918,4548,0.0,0.0
2024-08-13 10:40:00-04:00,12.630000114440918,12.630000114440918,12.609999656677246,12.619999885559082,2821,0.0,0.0
2024-08-13 10:45:00-04:00,12.619999885559082,12.680000305175781,12.619999885559082,12.680000305175781,6208,0.0,0.0
2024-08-13 10:50:00-04:00,12.670000076293945,12.670000076293945,12.645000457763672,12.649999618530273,4844,0.0,0.0
2024-08-13 10:55:00-04:00,12.649999618530273,12.734999656677246,12.649999618530273,12.729999542236328,16606,0.0,0.0
2024-08-13 11:00:00-04:00,12.739999771118164,12.805000305175781,12.739999771118164,12.800000190734863,12909,0.0,0.0
2024-08-13 11:05:00-04:00,12.789999961853027,12.800000190734863,12.770000457763672,12.78499984741211,6059,0.0,0.0
2024-08-13 11:10:00-04:00,12.779999732971191,12.789999961853027,12.770000457763672,12.78499984741211,5101,0.0,0.0
2024-08-13 11:15:00-04:00,12.78499984741211,12.789999961853027,12.780799865722656,12.789999961853027,4192,0.0,0.0
2024-08-13 11:20:00-04:00,12.78499984741211,12.789999961853027,12.779999732971191,12.78499984741211,3027,0.0,0.0
2024-08-13 11:25:00-04:00,12.78499984741211,12.800000190734863,12.770000457763672,12.779999732971191,20291,0.0,0.0
2024-08-13 11:30:00-04:00,12.779999732971191,12.829999923706055,12.779999732971191,12.789999961853027,29376,0.0,0.0
2024-08-13 11:35:00-04:00,12.78499984741211,12.78499984741211,12.760000228881836,12.770000457763672,7449,0.0,0.0
2024-08-13 11:40:00-04:00,12.769200325012207,12.789999961853027,12.769200325012207,12.788100242614746,6456,0.0,0.0
2024-08-13 11:45:00-04:00,12.779999732971191,12.789999961853027,12.779999732971191,12.789999961853027,1696,0.0,0.0
2024-08-13 11:50:00-04:00,12.789999961853027,12.789999961853027,12.774999618530273,12.774999618530273,6834,0.0,0.0
2024-08-13 11:55:00-04:00,12.774999618530273,12.779899597167969,12.774999618530273,12.774999618530273,3570,0.0,0.0
2024-08-13 12:00:00-04:00,12.774999618530273,12.774999618530273,12.765000343322754,12.765000343322754,4573,0.0,0.0
2024-08-13 12:05:00-04:00,12.765000343322754,12.765000343322754,12.755000114440918,12.765000343322754,4605,0.0,0.0
2024-08-13 12:10:00-04:00,12.765000343322754,12.765000343322754,12.739999771118164,12.744999885559082,5631,0.0,0.0
2024-08-13 12:15:00-04:00,12.744999885559082,12.759900093078613,12.744999885559082,12.755000114440918,3994,0.0,0.0
2024-08-13 12:20:00-04:00,12.760000228881836,12.770000457763672,12.75,12.75,4340,0.0,0.0
2024-08-13 12:25:00-04:00,12.755499839782715,12.760000228881836,12.755000114440918,12.755000114440918,1731,0.0,0.0
2024-08-13 12:30:00-04:00,12.75100040435791,12.75100040435791,12.739999771118164,12.744999885559082,5234,0.0,0.0
2024-08-13 12:35:00-04:00,12.744999885559082,12.75,12.734999656677246,12.744999885559082,5298,0.0,0.0
2024-08-13 12:40:00-04:00,12.744999885559082,12.770000457763672,12.744999885559082,12.770000457763672,5403,0.0,0.0
2024-08-13 12:45:00-04:00,12.765000343322754,12.765000343322754,12.760100364685059,12.765000343322754,1260,0.0,0.0
2024-08-13 12:50:00-04:00,12.765000343322754,12.78499984741211,12.765000343322754,12.779999732971191,10767,0.0,0.0
2024-08-13 12:55:00-04:00,12.779999732971191,12.78499984741211,12.75,12.755000114440918,9841,0.0,0.0
2024-08-13 13:00:00-04:00,12.755000114440918,12.760000228881836,12.75,12.755000114440918,1934,0.0,0.0
2024-08-13 13:05:00-04:00,12.755000114440918,12.760000228881836,12.739999771118164,12.755000114440918,15506,0.0,0.0
2024-08-13 13:10:00-04:00,12.755000114440918,12.755000114440918,12.739999771118164,12.744999885559082,6279,0.0,0.0
2024-08-13 13:15:00-04:00,12.75,12.75,12.739999771118164,12.744999885559082,7888,0.0,0.0
2024-08-13 13:20:00-04:00,12.744999885559082,12.744999885559082,12.729999542236328,12.729999542236328,4649,0.0,0.0
2024-08-13 13:25:00-04:00,12.720000267028809,12.725000381469727,12.720000267028809,12.725000381469727,5144,0.0,0.0
2024-08-13 13:30:00-04:00,12.725000381469727,12.725000381469727,12.710000038146973,12.710000038146973,3630,0.0,0.0
2024-08-13 13:35:00-04:00,12.710000038146973,12.729999542236328,12.710000038146973,12.725000381469727,5867,0.0,0.0
2024-08-13 13:40:00-04:00,12.729999542236328,12.739999771118164,12.71500015258789,12.720000267028809,6471,0.0,0.0
2024-08-13 13:45:00-04:00,12.729999542236328,12.729999542236328,12.710000038146973,12.720000267028809,6636,0.0,0.0
2024-08-13 13:50:00-04:00,12.720000267028809,12.725000381469727,12.71500015258789,12.720100402832031,3230,0.0,0.0
2024-08-13 13:55:00-04:00,12.725000381469727,12.729999542236328,12.725000381469727,12.729999542236328,2170,0.0,0.0
2024-08-13 14:00:00-04:00,12.729999542236328,12.734999656677246,12.71500015258789,12.729999542236328,7589,0.0,0.0
2024-08-13 14:05:00-04:00,12.725000381469727,12.725000381469727,12.710000038146973,12.710000038146973,4422,0.0,0.0
2024-08-13 14:10:00-04:00,12.71500015258789,12.71500015258789,12.704999923706055,12.704999923706055,2903,0.0,0.0
2024-08-13 14:15:00-04:00,12.699999809265137,12.704999923706055,12.699999809265137,12.704999923706055,5841,0.0,0.0
2024-08-13 14:20:00-04:00,12.710000038146973,12.729999542236328,12.710000038146973,12.720000267028809,6277,0.0,0.0
2024-08-13 14:25:00-04:00,12.71500015258789,12.725000381469727,12.71500015258789,12.720000267028809,1760,0.0,0.0
2024-08-13 14:30:00-04:00,12.725000381469727,12.729999542236328,12.720000267028809,12.729999542236328,3132,0.0,0.0
2024-08-13 14:35:00-04:00,12.734999656677246,12.739999771118164,12.729999542236328,12.734999656677246,1418,0.0,0.0
2024-08-13 14:40:00-04:00,12.739999771118164,12.739999771118164,12.725000381469727,12.739999771118164,5408,0.0,0.0
2024-08-13 14:45:00-04:00,12.734999656677246,12.734999656677246,12.729999542236328,12.734999656677246,3059,0.0,0.0
2024-08-13 14:50:00-04:00,12.739999771118164,12.789999961853027,12.739999771118164,12.779999732971191,18566,0.0,0.0
2024-08-13 14:55:00-04:00,12.78499984741211,12.800000190734863,12.779999732971191,12.795000076293945,20237,0.0,0.0
2024-08-13 15:00:00-04:00,12.795000076293945,12.805000305175781,12.78499984741211,12.78499984741211,12759,0.0,0.0
2024-08-13 15:05:00-04:00,12.78499984741211,12.78499984741211,12.779999732971191,12.779999732971191,1958,0.0,0.0
2024-08-13 15:10:00-04:00,12.779999732971191,12.78499984741211,12.760000228881836,12.760000228881836,9320,0.0,0.0
2024-08-13 15:15:00-04:00,12.760000228881836,12.760000228881836,12.744999885559082,12.755000114440918,6912,0.0,0.0
2024-08-13 15:20:00-04:00,12.75,12.770000457763672,12.739999771118164,12.765000343322754,12853,0.0,0.0
2024-08-13 15:25:00-04:00,12.765000343322754,12.829999923706055,12.75,12.819999694824219,49661,0.0,0.0
2024-08-13 15:30:00-04:00,12.824999809265137,12.854999542236328,12.819999694824219,12.819999694824219,30210,0.0,0.0
2024-08-13 15:35:00-04:00,12.819999694824219,12.819999694824219,12.78499984741211,12.795000076293945,16839,0.0,0.0
2024-08-13 15:40:00-04:00,12.795000076293945,12.800000190734863,12.779999732971191,12.78499984741211,11726,0.0,0.0
2024-08-13 15:45:00-04:00,12.779999732971191,12.789999961853027,12.770000457763672,12.774999618530273,17646,0.0,0.0
2024-08-13 15:50:00-04:00,12.77180004119873,12.800000190734863,12.734999656677246,12.734999656677246,35951,0.0,0.0
2024-08-13 15:55:00-04:00,12.744999885559082,12.75,12.710000038146973,12.710000038146973,121763,0.0,0.0
2024-08-14 09:30:00-04:00,12.779999732971191,12.829999923706055,12.734999656677246,12.829999923706055,5014,0.0,0.0
2024-08-14 09:35:00-04:00,12.75,12.789999961853027,12.75,12.760000228881836,2844,0.0,0.0
2024-08-14 09:40:00-04:00,12.760000228881836,12.800000190734863,12.75,12.779999732971191,3563,0.0,0.0
2024-08-14 09:45:00-04:00,12.789999961853027,12.800000190734863,12.770000457763672,12.789999961853027,982,0.0,0.0
2024-08-14 09:50:00-04:00,12.789999961853027,12.789999961853027,12.770000457763672,12.779999732971191,1433,0.0,0.0
2024-08-14 09:55:00-04:00,12.770000457763672,12.779999732971191,12.739999771118164,12.739999771118164,3872,0.0,0.0
2024-08-14 10:00:00-04:00,12.729999542236328,12.800100326538086,12.729999542236328,12.800000190734863,9583,0.0,0.0
2024-08-14 10:05:00-04:00,12.789999961853027,12.800000190734863,12.770000457763672,12.800000190734863,5037,0.0,0.0
2024-08-14 10:10:00-04:00,12.800000190734863,12.805000305175781,12.800000190734863,12.800000190734863,1726,0.0,0.0
2024-08-14 10:15:00-04:00,12.789999961853027,12.800000190734863,12.779999732971191,12.795000076293945,1795,0.0,0.0
2024-08-14 10:20:00-04:00,12.800000190734863,12.800000190734863,12.770000457763672,12.779999732971191,2010,0.0,0.0
2024-08-14 10:25:00-04:00,12.779999732971191,12.800000190734863,12.779999732971191,12.800000190734863,2081,0.0,0.0
2024-08-14 10:30:00-04:00,12.800000190734863,12.800000190734863,12.75,12.755000114440918,11066,0.0,0.0
2024-08-14 10:35:00-04:00,12.760000228881836,12.789999961853027,12.760000228881836,12.789999961853027,3160,0.0,0.0
2024-08-14 10:40:00-04:00,12.78499984741211,12.819999694824219,12.78499984741211,12.800000190734863,4435,0.0,0.0
2024-08-14 10:45:00-04:00,12.795000076293945,12.800000190734863,12.779999732971191,12.779999732971191,2543,0.0,0.0
2024-08-14 10:50:00-04:00,12.789999961853027,12.800000190734863,12.779999732971191,12.800000190734863,1919,0.0,0.0
2024-08-14 10:55:00-04:00,12.800000190734863,12.819999694824219,12.789999961853027,12.819999694824219,10655,0.0,0.0
2024-08-14 11:00:00-04:00,12.819999694824219,12.829999923706055,12.8149995803833,12.824999809265137,2476,0.0,0.0
2024-08-14 11:05:00-04:00,12.819999694824219,12.824999809265137,12.779999732971191,12.779999732971191,7364,0.0,0.0
2024-08-14 11:10:00-04:00,12.789999961853027,12.789999961853027,12.774999618530273,12.789999961853027,6181,0.0,0.0
2024-08-14 11:15:00-04:00,12.779999732971191,12.779999732971191,12.770000457763672,12.774999618530273,865,0.0,0.0
2024-08-14 11:20:00-04:00,12.779999732971191,12.779999732971191,12.770000457763672,12.779999732971191,1695,0.0,0.0
2024-08-14 11:25:00-04:00,12.779999732971191,12.789999961853027,12.779999732971191,12.789999961853027,2075,0.0,0.0
2024-08-14 11:30:00-04:00,12.789999961853027,12.8100004196167,12.789999961853027,12.800000190734863,3947,0.0,0.0
2024-08-14 11:35:00-04:00,12.789999961853027,12.789999961853027,12.774999618530273,12.78499984741211,1540,0.0,0.0
2024-08-14 11:40:00-04:00,12.779999732971191,12.779999732971191,12.770000457763672,12.774999618530273,3454,0.0,0.0
2024-08-14 11:45:00-04:00,12.774999618530273,12.779999732971191,12.774999618530273,12.774999618530273,1748,0.0,0.0
2024-08-14 11:50:00-04:00,12.789999961853027,12.805000305175781,12.789999961853027,12.800000190734863,10008,0.0,0.0
2024-08-14 11:55:00-04:00,12.800000190734863,12.800000190734863,12.795000076293945,12.800000190734863,1753,0.0,0.0
2024-08-14 12:00:00-04:00,12.789999961853027,12.8100004196167,12.789999961853027,12.800000190734863,4395,0.0,0.0
2024-08-14 12:05:00-04:00,12.800000190734863,12.8100004196167,12.789999961853027,12.789999961853027,3908,0.0,0.0
2024-08-14 12:10:00-04:00,12.800000190734863,12.800000190734863,12.800000190734863,12.800000190734863,322,0.0,0.0
2024-08-14 12:15:00-04:00,12.800000190734863,12.800000190734863,12.765000343322754,12.765000343322754,4827,0.0,0.0
2024-08-14 12:20:00-04:00,12.765000343322754,12.770000457763672,12.734999656677246,12.739999771118164,6441,0.0,0.0
2024-08-14 12:25:00-04:00,12.739999771118164,12.75,12.739999771118164,12.75,2133,0.0,0.0
2024-08-14 12:30:00-04:00,12.75,12.75,12.729999542236328,12.729999542236328,1305,0.0,0.0
2024-08-14 12:35:00-04:00,12.734999656677246,12.734999656677246,12.720000267028809,12.720000267028809,1123,0.0,0.0
2024-08-14 12:40:00-04:00,12.729999542236328,12.729999542236328,12.6899995803833,12.6899995803833,4855,0.0,0.0
2024-08-14 12:45:00-04:00,12.6850004196167,12.720000267028809,12.6850004196167,12.720000267028809,1689,0.0,0.0
2024-08-14 12:50:00-04:00,12.71500015258789,12.720000267028809,12.71500015258789,12.720000267028809,482,0.0,0.0
2024-08-14 12:55:00-04:00,12.720000267028809,12.744999885559082,12.720000267028809,12.739999771118164,2645,0.0,0.0
2024-08-14 13:00:00-04:00,12.734999656677246,12.734999656677246,12.729999542236328,12.729999542236328,1893,0.0,0.0
2024-08-14 13:05:00-04:00,12.729999542236328,12.739999771118164,12.729999542236328,12.739999771118164,883,0.0,0.0
2024-08-14 13:10:00-04:00,12.734999656677246,12.734999656677246,12.720000267028809,12.729999542236328,3182,0.0,0.0
2024-08-14 13:15:00-04:00,12.75,12.75,12.735699653625488,12.739999771118164,1475,0.0,0.0
2024-08-14 13:20:00-04:00,12.734999656677246,12.734999656677246,12.71500015258789,12.71500015258789,2983,0.0,0.0
2024-08-14 13:25:00-04:00,12.71500015258789,12.71500015258789,12.710000038146973,12.710000038146973,1620,0.0,0.0
2024-08-14 13:30:00-04:00,12.699999809265137,12.710000038146973,12.699999809265137,12.704999923706055,4142,0.0,0.0
2024-08-14 13:35:00-04:00,12.704999923706055,12.704999923706055,12.6899995803833,12.6899995803833,2025,0.0,0.0
2024-08-14 13:40:00-04:00,12.6899995803833,12.6899995803833,12.670000076293945,12.670000076293945,2028,0.0,0.0
2024-08-14 13:45:00-04:00,12.670000076293945,12.670000076293945,12.670000076293945,12.670000076293945,535,0.0,0.0
2024-08-14 13:50:00-04:00,12.675000190734863,12.6899995803833,12.675000190734863,12.6899995803833,1670,0.0,0.0
2024-08-14 13:55:00-04:00,12.694999694824219,12.710000038146973,12.694999694824219,12.699999809265137,2788,0.0,0.0
2024-08-14 14:00:00-04:00,12.6899995803833,12.6899995803833,12.670000076293945,12.670000076293945,2900,0.0,0.0
2024-08-14 14:05:00-04:00,12.675000190734863,12.680000305175781,12.670000076293945,12.670000076293945,4277,0.0,0.0
2024-08-14 14:10:00-04:00,12.670000076293945,12.680000305175781,12.670000076293945,12.670000076293945,1866,0.0,0.0
2024-08-14 14:15:00-04:00,12.670000076293945,12.670000076293945,12.65999984741211,12.65999984741211,3716,0.0,0.0
2024-08-14 14:20:00-04:00,12.654999732971191,12.65999984741211,12.649999618530273,12.649999618530273,2011,0.0,0.0
2024-08-14 14:25:00-04:00,12.640000343322754,12.654999732971191,12.640000343322754,12.654999732971191,2931,0.0,0.0
2024-08-14 14:30:00-04:00,12.649999618530273,12.65999984741211,12.649999618530273,12.65999984741211,811,0.0,0.0
2024-08-14 14:35:00-04:00,12.649999618530273,12.649999618530273,12.645000457763672,12.645000457763672,1787,0.0,0.0
2024-08-14 14:40:00-04:00,12.645000457763672,12.654999732971191,12.645000457763672,12.654999732971191,1785,0.0,0.0
2024-08-14 14:45:00-04:00,12.65999984741211,12.675000190734863,12.65999984741211,12.664999961853027,4497,0.0,0.0
2024-08-14 14:50:00-04:00,12.670000076293945,12.670000076293945,12.670000076293945,12.670000076293945,600,0.0,0.0
2024-08-14 14:55:00-04:00,12.670000076293945,12.6850004196167,12.664999961853027,12.680000305175781,4247,0.0,0.0
2024-08-14 15:00:00-04:00,12.670000076293945,12.675000190734863,12.65999984741211,12.664999961853027,2601,0.0,0.0
2024-08-14 15:05:00-04:00,12.670000076293945,12.670000076293945,12.654999732971191,12.654999732971191,2732,0.0,0.0
2024-08-14 15:10:00-04:00,12.649999618530273,12.654999732971191,12.640000343322754,12.649999618530273,6363,0.0,0.0
2024-08-14 15:15:00-04:00,12.649999618530273,12.65999984741211,12.649999618530273,12.65999984741211,2443,0.0,0.0
2024-08-14 15:20:00-04:00,12.654999732971191,12.654999732971191,12.645000457763672,12.645000457763672,3122,0.0,0.0
2024-08-14 15:25:00-04:00,12.645000457763672,12.645000457763672,12.640000343322754,12.640000343322754,1772,0.0,0.0
2024-08-14 15:30:00-04:00,12.640000343322754,12.675000190734863,12.640000343322754,12.670000076293945,12173,0.0,0.0
2024-08-14 15:35:00-04:00,12.675000190734863,12.680000305175781,12.675000190734863,12.680000305175781,3888,0.0,0.0
2024-08-14 15:40:00-04:00,12.6899995803833,12.699999809265137,12.6899995803833,12.699999809265137,5921,0.0,0.0
2024-08-14 15:45:00-04:00,12.694999694824219,12.710000038146973,12.6899995803833,12.710000038146973,9434,0.0,0.0
2024-08-14 15:50:00-04:00,12.710000038146973,12.744999885559082,12.710000038146973,12.744999885559082,22407,0.0,0.0
2024-08-14 15:55:00-04:00,12.744999885559082,12.744999885559082,12.6899995803833,12.6899995803833,103101,0.0,0.0
2024-08-15 09:30:00-04:00,12.78499984741211,12.829999923706055,12.78499984741211,12.829999923706055,14185,0.0,0.0
2024-08-15 09:35:00-04:00,12.850000381469727,12.850000381469727,12.819999694824219,12.819999694824219,7164,0.0,0.0
2024-08-15 09:40:00-04:00,12.819999694824219,12.819999694824219,12.800000190734863,12.800000190734863,4419,0.0,0.0
2024-08-15 09:45:00-04:00,12.800000190734863,12.800000190734863,12.789999961853027,12.789999961853027,388,0.0,0.0
2024-08-15 09:50:00-04:00,12.8100004196167,12.810600280761719,12.800000190734863,12.800000190734863,1757,0.0,0.0
2024-08-15 09:55:00-04:00,12.779999732971191,12.779999732971191,12.779999732971191,12.779999732971191,597,0.0,0.0
2024-08-15 10:00:00-04:00,12.779999732971191,12.779999732971191,12.744999885559082,12.765000343322754,1880,0.0,0.0
2024-08-15 10:05:00-04:00,12.760000228881836,12.779999732971191,12.760000228881836,12.770000457763672,3412,0.0,0.0
2024-08-15 10:10:00-04:00,12.765000343322754,12.765000343322754,12.725000381469727,12.729999542236328,3097,0.0,0.0
2024-08-15 10:15:00-04:00,12.729999542236328,12.734999656677246,12.729999542236328,12.734999656677246,1394,0.0,0.0
2024-08-15 10:20:00-04:00,12.734999656677246,12.734999656677246,12.710000038146973,12.710000038146973,2987,0.0,0.0
2024-08-15 10:25:00-04:00,12.710000038146973,12.710000038146973,12.704999923706055,12.710000038146973,1086,0.0,0.0
2024-08-15 10:30:00-04:00,12.71399974822998,12.71500015258789,12.704999923706055,12.71500015258789,2924,0.0,0.0
2024-08-15 10:35:00-04:00,12.720000267028809,12.734999656677246,12.720000267028809,12.729999542236328,3027,0.0,0.0
2024-08-15 10:40:00-04:00,12.739999771118164,12.744999885559082,12.734999656677246,12.734999656677246,1485,0.0,0.0
2024-08-15 10:45:00-04:00,12.729999542236328,12.729999542236328,12.71500015258789,12.71500015258789,3157,0.0,0.0
2024-08-15 10:50:00-04:00,12.71500015258789,12.739999771118164,12.71500015258789,12.739999771118164,5009,0.0,0.0
2024-08-15 10:55:00-04:00,12.734999656677246,12.774999618530273,12.734999656677246,12.765000343322754,6212,0.0,0.0
2024-08-15 11:00:00-04:00,12.765000343322754,12.789999961853027,12.760000228881836,12.789999961853027,3981,0.0,0.0
2024-08-15 11:05:00-04:00,12.800000190734863,12.835000038146973,12.800000190734863,12.819999694824219,11605,0.0,0.0
2024-08-15 11:10:00-04:00,12.829999923706055,12.850000381469727,12.8100004196167,12.850000381469727,12739,0.0,0.0
2024-08-15 11:15:00-04:00,12.859999656677246,12.859999656677246,12.829999923706055,12.829999923706055,4765,0.0,0.0
2024-08-15 11:20:00-04:00,12.835000038146973,12.84000015258789,12.8149995803833,12.8149995803833,3793,0.0,0.0
2024-08-15 11:25:00-04:00,12.8149995803833,12.819999694824219,12.805000305175781,12.805000305175781,4099,0.0,0.0
2024-08-15 11:30:00-04:00,12.800000190734863,12.8149995803833,12.795000076293945,12.8149995803833,4362,0.0,0.0
2024-08-15 11:35:00-04:00,12.8149995803833,12.859999656677246,12.8149995803833,12.854999542236328,10748,0.0,0.0
2024-08-15 11:40:00-04:00,12.859999656677246,12.869999885559082,12.859999656677246,12.869999885559082,3415,0.0,0.0
2024-08-15 11:45:00-04:00,12.864999771118164,12.869999885559082,12.854999542236328,12.864999771118164,6002,0.0,0.0
2024-08-15 11:50:00-04:00,12.864999771118164,12.869999885559082,12.850000381469727,12.850000381469727,4436,0.0,0.0
2024-08-15 11:55:00-04:00,12.854999542236328,12.859999656677246,12.84000015258789,12.84000015258789,4170,0.0,0.0
2024-08-15 12:00:00-04:00,12.845000267028809,12.869999885559082,12.845000267028809,12.864999771118164,4048,0.0,0.0
2024-08-15 12:05:00-04:00,12.859999656677246,12.880000114440918,12.859999656677246,12.880000114440918,2811,0.0,0.0
2024-08-15 12:10:00-04:00,12.875,12.890000343322754,12.869999885559082,12.875,4423,0.0,0.0
2024-08-15 12:15:00-04:00,12.880000114440918,12.895000457763672,12.880000114440918,12.885000228881836,7896,0.0,0.0
2024-08-15 12:20:00-04:00,12.890000343322754,12.90999984741211,12.885000228881836,12.90999984741211,5094,0.0,0.0
2024-08-15 12:25:00-04:00,12.899999618530273,12.90999984741211,12.819999694824219,12.90999984741211,48315,0.0,0.0
2024-08-15 12:30:00-04:00,12.90999984741211,12.9399995803833,12.904999732971191,12.9399995803833,7942,0.0,0.0
2024-08-15 12:35:00-04:00,12.9399995803833,12.949999809265137,12.9350004196167,12.9350004196167,8166,0.0,0.0
2024-08-15 12:40:00-04:00,12.9350004196167,12.9350004196167,12.920000076293945,12.930000305175781,5510,0.0,0.0
2024-08-15 12:45:00-04:00,12.930000305175781,12.9350004196167,12.899999618530273,12.899999618530273,4194,0.0,0.0
2024-08-15 12:50:00-04:00,12.904999732971191,12.920000076293945,12.904999732971191,12.920000076293945,2432,0.0,0.0
2024-08-15 12:55:00-04:00,12.914999961853027,12.914999961853027,12.90999984741211,12.914999961853027,4344,0.0,0.0
2024-08-15 13:00:00-04:00,12.90999984741211,12.90999984741211,12.904999732971191,12.90999984741211,1690,0.0,0.0
2024-08-15 13:05:00-04:00,12.904999732971191,12.912500381469727,12.904999732971191,12.912500381469727,10637,0.0,0.0
2024-08-15 13:10:00-04:00,12.920000076293945,12.925000190734863,12.920000076293945,12.925000190734863,2034,0.0,0.0
2024-08-15 13:15:00-04:00,12.925000190734863,12.930000305175781,12.925000190734863,12.930000305175781,2007,0.0,0.0
2024-08-15 13:20:00-04:00,12.930000305175781,12.949999809265137,12.930000305175781,12.949999809265137,19061,0.0,0.0
2024-08-15 13:25:00-04:00,12.949999809265137,12.975000381469727,12.9399995803833,12.9399995803833,6813,0.0,0.0
2024-08-15 13:30:00-04:00,12.9399995803833,12.9399995803833,12.9350004196167,12.9350004196167,2463,0.0,0.0
2024-08-15 13:35:00-04:00,12.930000305175781,12.930000305175781,12.923999786376953,12.930000305175781,4125,0.0,0.0
2024-08-15 13:40:00-04:00,12.930000305175781,12.930000305175781,12.920000076293945,12.925000190734863,3054,0.0,0.0
2024-08-15 13:45:00-04:00,12.930000305175781,12.9350004196167,12.90999984741211,12.920000076293945,2784,0.0,0.0
2024-08-15 13:50:00-04:00,12.920000076293945,12.930000305175781,12.920000076293945,12.930000305175781,1745,0.0,0.0
2024-08-15 13:55:00-04:00,12.930000305175781,12.930000305175781,12.925000190734863,12.925000190734863,909,0.0,0.0
2024-08-15 14:00:00-04:00,12.925000190734863,12.930000305175781,12.925000190734863,12.930000305175781,1122,0.0,0.0
2024-08-15 14:05:00-04:00,12.925000190734863,12.930000305175781,12.925000190734863,12.925000190734863,1930,0.0,0.0
2024-08-15 14:10:00-04:00,12.925000190734863,12.9399995803833,12.925000190734863,12.9399995803833,1302,0.0,0.0
2024-08-15 14:15:00-04:00,12.930000305175781,12.9399995803833,12.930000305175781,12.9399995803833,1987,0.0,0.0
2024-08-15 14:20:00-04:00,12.9399995803833,12.944999694824219,12.930299758911133,12.930299758911133,3208,0.0,0.0
2024-08-15 14:25:00-04:00,12.9399995803833,12.9399995803833,12.9350004196167,12.9399995803833,941,0.0,0.0
2024-08-15 14:30:00-04:00,12.9350004196167,12.9350004196167,12.925000190734863,12.9350004196167,6087,0.0,0.0
2024-08-15 14:35:00-04:00,12.9350004196167,12.9399995803833,12.9350004196167,12.9350004196167,2734,0.0,0.0
2024-08-15 14:40:00-04:00,12.9399995803833,12.9399995803833,12.930000305175781,12.9399995803833,1205,0.0,0.0
2024-08-15 14:45:00-04:00,12.9399995803833,12.954999923706055,12.9399995803833,12.954999923706055,4355,0.0,0.0
2024-08-15 14:50:00-04:00,12.954999923706055,12.954999923706055,12.9399995803833,12.944999694824219,7006,0.0,0.0
2024-08-15 14:55:00-04:00,12.944999694824219,12.944999694824219,12.944999694824219,12.944999694824219,1615,0.0,0.0
2024-08-15 15:00:00-04:00,12.944999694824219,12.944999694824219,12.920000076293945,12.920000076293945,5023,0.0,0.0
2024-08-15 15:05:00-04:00,12.914999961853027,12.9399995803833,12.914999961853027,12.930000305175781,5624,0.0,0.0
2024-08-15 15:10:00-04:00,12.930000305175781,12.930000305175781,12.925000190734863,12.925000190734863,2184,0.0,0.0
2024-08-15 15:15:00-04:00,12.925000190734863,12.9399995803833,12.925000190734863,12.9399995803833,3597,0.0,0.0
2024-08-15 15:20:00-04:00,12.9399995803833,12.9399995803833,12.9350004196167,12.9399995803833,1689,0.0,0.0
2024-08-15 15:25:00-04:00,12.9399995803833,12.944999694824219,12.9350004196167,12.944999694824219,4803,0.0,0.0
2024-08-15 15:30:00-04:00,12.944999694824219,12.949999809265137,12.9350004196167,12.949999809265137,7240,0.0,0.0
2024-08-15 15:35:00-04:00,12.949999809265137,12.949999809265137,12.925000190734863,12.925000190734863,7939,0.0,0.0
2024-08-15 15:40:00-04:00,12.925000190734863,12.930000305175781,12.920000076293945,12.925000190734863,6920,0.0,0.0
2024-08-15 15:45:00-04:00,12.920000076293945,12.920000076293945,12.885000228881836,12.885000228881836,11307,0.0,0.0
2024-08-15 15:50:00-04:00,12.890000343322754,12.904999732971191,12.875,12.885000228881836,25710,0.0,0.0
2024-08-15 15:55:00-04:00,12.890000343322754,12.897500038146973,12.84000015258789,12.859999656677246,109531,0.0,0.0
2024-08-16 09:30:00-04:00,12.800000190734863,12.841300010681152,12.779999732971191,12.8149995803833,22678,0.0,0.0
2024-08-16 09:35:00-04:00,12.850000381469727,12.850000381469727,12.770099639892578,12.829999923706055,4818,0.0,0.0
2024-08-16 09:40:00-04:00,12.850000381469727,12.880000114440918,12.850000381469727,12.859999656677246,7014,0.0,0.0
2024-08-16 09:45:00-04:00,12.869999885559082,12.920000076293945,12.869999885559082,12.90999984741211,2666,0.0,0.0
2024-08-16 09:50:00-04:00,12.914999961853027,12.920299530029297,12.899999618530273,12.899999618530273,5871,0.0,0.0
2024-08-16 09:55:00-04:00,12.90999984741211,12.90999984741211,12.90999984741211,12.90999984741211,512,0.0,0.0
2024-08-16 10:00:00-04:00,12.90999984741211,12.930000305175781,12.899999618530273,12.930000305175781,7606,0.0,0.0
2024-08-16 10:05:00-04:00,12.930000305175781,12.9350004196167,12.90999984741211,12.90999984741211,2966,0.0,0.0
2024-08-16 10:10:00-04:00,12.90999984741211,12.90999984741211,12.899999618530273,12.899999618530273,1780,0.0,0.0
2024-08-16 10:15:00-04:00,12.899999618530273,12.899999618530273,12.899999618530273,12.899999618530273,1675,0.0,0.0
2024-08-16 10:20:00-04:00,12.899999618530273,12.909000396728516,12.895000457763672,12.899999618530273,2262,0.0,0.0
2024-08-16 10:25:00-04:00,12.890000343322754,12.90999984741211,12.875,12.904999732971191,2840,0.0,0.0
2024-08-16 10:30:00-04:00,12.90999984741211,12.914999961853027,12.895000457763672,12.914999961853027,6906,0.0,0.0
2024-08-16 10:35:00-04:00,12.920000076293945,12.920000076293945,12.920000076293945,12.920000076293945,342,0.0,0.0
2024-08-16 10:40:00-04:00,12.9350004196167,12.9399995803833,12.90999984741211,12.920000076293945,5309,0.0,0.0
2024-08-16 10:45:00-04:00,12.90999984741211,12.90999984741211,12.90999984741211,12.90999984741211,1164,0.0,0.0
2024-08-16 10:50:00-04:00,12.90999984741211,12.920000076293945,12.90999984741211,12.90999984741211,3790,0.0,0.0
2024-08-16 10:55:00-04:00,12.899999618530273,12.899999618530273,12.899999618530273,12.899999618530273,612,0.0,0.0
2024-08-16 11:00:00-04:00,12.880000114440918,12.90999984741211,12.880000114440918,12.899999618530273,4075,0.0,0.0
2024-08-16 11:05:00-04:00,12.899999618530273,12.899999618530273,12.899999618530273,12.899999618530273,675,0.0,0.0
2024-08-16 11:10:00-04:00,12.899999618530273,12.90999984741211,12.899999618530273,12.90999984741211,2427,0.0,0.0
2024-08-16 11:15:00-04:00,12.899999618530273,12.904999732971191,12.899999618530273,12.904999732971191,671,0.0,0.0
2024-08-16 11:20:00-04:00,12.904999732971191,12.904999732971191,12.880000114440918,12.880000114440918,4414,0.0,0.0
2024-08-16 11:25:00-04:00,12.875,12.880000114440918,12.875,12.880000114440918,975,0.0,0.0
2024-08-16 11:30:00-04:00,12.875,12.87600040435791,12.875,12.87600040435791,787,0.0,0.0
2024-08-16 11:35:00-04:00,12.880000114440918,12.895000457763672,12.880000114440918,12.890000343322754,2814,0.0,0.0
2024-08-16 11:40:00-04:00,12.869999885559082,12.890000343322754,12.869999885559082,12.890000343322754,2945,0.0,0.0
2024-08-16 11:45:00-04:00,12.895000457763672,12.904999732971191,12.895000457763672,12.899999618530273,1922,0.0,0.0
2024-08-16 11:50:00-04:00,12.895000457763672,12.920000076293945,12.895000457763672,12.920000076293945,2085,0.0,0.0
2024-08-16 11:55:00-04:00,12.914999961853027,12.914999961853027,12.895000457763672,12.899999618530273,6671,0.0,0.0
2024-08-16 12:00:00-04:00,12.899999618530273,12.899999618530273,12.899999618530273,12.899999618530273,620,0.0,0.0
2024-08-16 12:05:00-04:00,12.899999618530273,12.90999984741211,12.899999618530273,12.90999984741211,1502,0.0,0.0
2024-08-16 12:10:00-04:00,12.914999961853027,12.914999961853027,12.899999618530273,12.904999732971191,2408,0.0,0.0
2024-08-16 12:15:00-04:00,12.90999984741211,12.90999984741211,12.899999618530273,12.90999984741211,2659,0.0,0.0
2024-08-16 12:20:00-04:00,12.90999984741211,12.914999961853027,12.90999984741211,12.914999961853027,1172,0.0,0.0
2024-08-16 12:25:00-04:00,12.914999961853027,12.914999961853027,12.914999961853027,12.914999961853027,505,0.0,0.0
2024-08-16 12:30:00-04:00,12.914999961853027,12.914999961853027,12.914999961853027,12.914999961853027,504,0.0,0.0
2024-08-16 12:35:00-04:00,12.914999961853027,12.920000076293945,12.914999961853027,12.920000076293945,1116,0.0,0.0
2024-08-16 12:40:00-04:00,12.919899940490723,12.925000190734863,12.90999984741211,12.925000190734863,5273,0.0,0.0
2024-08-16 12:45:00-04:00,12.925000190734863,12.930000305175781,12.90999984741211,12.930000305175781,10078,0.0,0.0
2024-08-16 12:50:00-04:00,12.9399995803833,12.949999809265137,12.9399995803833,12.944999694824219,3260,0.0,0.0
2024-08-16 12:55:00-04:00,12.944999694824219,12.96500015258789,12.920000076293945,12.944999694824219,25352,0.0,0.0
2024-08-16 13:00:00-04:00,12.944999694824219,12.944999694824219,12.930000305175781,12.930000305175781,2496,0.0,0.0
2024-08-16 13:05:00-04:00,12.9350004196167,12.9350004196167,12.899999618530273,12.904999732971191,3632,0.0,0.0
2024-08-16 13:10:00-04:00,12.904999732971191,12.913999557495117,12.899999618530273,12.90999984741211,2760,0.0,0.0
2024-08-16 13:15:00-04:00,12.914999961853027,12.914999961853027,12.90999984741211,12.90999984741211,3095,0.0,0.0
2024-08-16 13:20:00-04:00,12.920000076293945,12.930000305175781,12.914999961853027,12.925000190734863,3990,0.0,0.0
2024-08-16 13:25:00-04:00,12.920000076293945,12.920000076293945,12.90999984741211,12.914999961853027,3589,0.0,0.0
2024-08-16 13:30:00-04:00,12.914999961853027,12.914999961853027,12.90999984741211,12.914999961853027,1216,0.0,0.0
2024-08-16 13:35:00-04:00,12.914999961853027,12.920000076293945,12.90999984741211,12.914999961853027,4830,0.0,0.0
2024-08-16 13:40:00-04:00,12.9197998046875,12.920000076293945,12.90999984741211,12.920000076293945,3235,0.0,0.0
2024-08-16 13:45:00-04:00,12.925000190734863,12.925000190734863,12.920000076293945,12.925000190734863,1451,0.0,0.0
2024-08-16 13:50:00-04:00,12.920000076293945,12.920000076293945,12.90999984741211,12.90999984741211,3651,0.0,0.0
2024-08-16 13:55:00-04:00,12.920000076293945,12.944999694824219,12.920000076293945,12.944999694824219,3994,0.0,0.0
2024-08-16 14:00:00-04:00,12.9399995803833,12.9399995803833,12.9399995803833,12.9399995803833,2108,0.0,0.0
2024-08-16 14:05:00-04:00,12.928999900817871,12.928999900817871,12.899999618530273,12.899999618530273,4511,0.0,0.0
2024-08-16 14:10:00-04:00,12.90999984741211,12.925000190734863,12.90999984741211,12.90999984741211,5331,0.0,0.0
2024-08-16 14:15:00-04:00,12.90999984741211,12.90999984741211,12.899999618530273,12.904999732971191,2636,0.0,0.0
2024-08-16 14:20:00-04:00,12.899999618530273,12.899999618530273,12.895000457763672,12.895000457763672,1730,0.0,0.0
2024-08-16 14:25:00-04:00,12.899999618530273,12.90999984741211,12.899999618530273,12.90999984741211,5051,0.0,0.0
2024-08-16 14:30:00-04:00,12.914999961853027,12.930000305175781,12.914999961853027,12.920000076293945,4221,0.0,0.0
2024-08-16 14:35:00-04:00,12.925000190734863,12.9399995803833,12.925000190734863,12.9350004196167,3425,0.0,0.0
2024-08-16 14:40:00-04:00,12.9350004196167,12.9399995803833,12.920000076293945,12.920000076293945,5113,0.0,0.0
2024-08-16 14:45:00-04:00,12.925000190734863,12.944999694824219,12.925000190734863,12.930000305175781,4975,0.0,0.0
2024-08-16 14:50:00-04:00,12.930000305175781,12.944999694824219,12.925000190734863,12.944999694824219,3174,0.0,0.0
2024-08-16 14:55:00-04:00,12.949999809265137,12.954999923706055,12.949999809265137,12.954999923706055,2103,0.0,0.0
2024-08-16 15:00:00-04:00,12.954999923706055,12.954999923706055,12.944999694824219,12.954999923706055,4826,0.0,0.0
2024-08-16 15:05:00-04:00,12.960000038146973,12.960000038146973,12.949999809265137,12.954999923706055,2436,0.0,0.0
2024-08-16 15:10:00-04:00,12.960000038146973,12.970000267028809,12.960000038146973,12.970000267028809,2627,0.0,0.0
2024-08-16 15:15:00-04:00,12.960000038146973,12.960000038146973,12.954999923706055,12.960000038146973,2779,0.0,0.0
2024-08-16 15:20:00-04:00,12.95009994506836,12.96500015258789,12.95009994506836,12.960000038146973,11928,0.0,0.0
2024-08-16 15:25:00-04:00,12.96500015258789,12.96500015258789,12.949999809265137,12.954999923706055,7380,0.0,0.0
2024-08-16 15:30:00-04:00,12.949999809265137,12.949999809265137,12.930000305175781,12.9399995803833,8656,0.0,0.0
2024-08-16 15:35:00-04:00,12.944999694824219,12.949999809265137,12.9399995803833,12.944999694824219,3104,0.0,0.0
2024-08-16 15:40:00-04:00,12.9399995803833,12.944999694824219,12.9399995803833,12.944999694824219,6868,0.0,0.0
2024-08-16 15:45:00-04:00,12.949999809265137,12.960000038146973,12.9399995803833,12.954999923706055,20224,0.0,0.0
2024-08-16 15:50:00-04:00,12.954999923706055,12.96500015258789,12.869999885559082,12.875,41881,0.0,0.0
2024-08-16 15:55:00-04:00,12.875,12.890000343322754,12.84000015258789,12.869999885559082,99508,0.0,0.0
2024-08-19 09:30:00-04:00,12.899999618530273,12.930000305175781,12.899999618530273,12.930000305175781,7146,0.0,0.0
2024-08-19 09:35:00-04:00,12.90999984741211,12.90999984741211,12.890000343322754,12.90999984741211,3011,0.0,0.0
2024-08-19 09:40:00-04:00,12.880000114440918,12.880000114440918,12.869999885559082,12.869999885559082,1282,0.0,0.0
2024-08-19 09:45:00-04:00,12.859999656677246,12.859999656677246,12.850000381469727,12.850000381469727,725,0.0,0.0
2024-08-19 09:50:00-04:00,12.850000381469727,12.869999885559082,12.84000015258789,12.869999885559082,2768,0.0,0.0
2024-08-19 09:55:00-04:00,12.869999885559082,12.869999885559082,12.859999656677246,12.859999656677246,3235,0.0,0.0
2024-08-19 10:00:00-04:00,12.859999656677246,12.859999656677246,12.850000381469727,12.850000381469727,3277,0.0,0.0
2024-08-19 10:05:00-04:00,12.854999542236328,12.854999542236328,12.824999809265137,12.835000038146973,7840,0.0,0.0
2024-08-19 10:10:00-04:00,12.84000015258789,12.845000267028809,12.829999923706055,12.829999923706055,2255,0.0,0.0
2024-08-19 10:15:00-04:00,12.829999923706055,12.829999923706055,12.800000190734863,12.800000190734863,9493,0.0,0.0
2024-08-19 10:20:00-04:00,12.779999732971191,12.84000015258789,12.779999732971191,12.829999923706055,7374,0.0,0.0
2024-08-19 10:25:00-04:00,12.835000038146973,12.845000267028809,12.805000305175781,12.845000267028809,4276,0.0,0.0
2024-08-19 10:30:00-04:00,12.845000267028809,12.854999542236328,12.84000015258789,12.845000267028809,3546,0.0,0.0
2024-08-19 10:35:00-04:00,12.845000267028809,12.850000381469727,12.8100004196167,12.835000038146973,25286,0.0,0.0
2024-08-19 10:40:00-04:00,12.835000038146973,12.859999656677246,12.824999809265137,12.829999923706055,6246,0.0,0.0
2024-08-19 10:45:00-04:00,12.835000038146973,12.84000015258789,12.835000038146973,12.835000038146973,2734,0.0,0.0
2024-08-19 10:50:00-04:00,12.829999923706055,12.84000015258789,12.829999923706055,12.835000038146973,3425,0.0,0.0
2024-08-19 10:55:00-04:00,12.829999923706055,12.835000038146973,12.824999809265137,12.835000038146973,2443,0.0,0.0
2024-08-19 11:00:00-04:00,12.84000015258789,12.84000015258789,12.819999694824219,12.824999809265137,4422,0.0,0.0
2024-08-19 11:05:00-04:00,12.819999694824219,12.824999809265137,12.8100004196167,12.8100004196167,6189,0.0,0.0
2024-08-19 11:10:00-04:00,12.8149995803833,12.829999923706055,12.8149995803833,12.824999809265137,3666,0.0,0.0
2024-08-19 11:15:00-04:00,12.824999809265137,12.829999923706055,12.805000305175781,12.812299728393555,5976,0.0,0.0
2024-08-19 11:20:00-04:00,12.8100004196167,12.829999923706055,12.805000305175781,12.829999923706055,3850,0.0,0.0
2024-08-19 11:25:00-04:00,12.835000038146973,12.84000015258789,12.819999694824219,12.829999923706055,4401,0.0,0.0
2024-08-19 11:30:00-04:00,12.835000038146973,12.835000038146973,12.800000190734863,12.819999694824219,8432,0.0,0.0
2024-08-19 11:35:00-04:00,12.8100004196167,12.8149995803833,12.800000190734863,12.8100004196167,3788,0.0,0.0
2024-08-19 11:40:00-04:00,12.8149995803833,12.8149995803833,12.8100004196167,12.8100004196167,742,0.0,0.0
2024-08-19 11:45:00-04:00,12.800000190734863,12.805000305175781,12.800000190734863,12.800000190734863,3877,0.0,0.0
2024-08-19 11:50:00-04:00,12.795000076293945,12.805000305175781,12.795000076293945,12.800000190734863,2266,0.0,0.0
2024-08-19 11:55:00-04:00,12.805000305175781,12.805000305175781,12.770099639892578,12.78499984741211,6696,0.0,0.0
2024-08-19 12:00:00-04:00,12.779999732971191,12.795000076293945,12.774999618530273,12.795000076293945,3957,0.0,0.0
2024-08-19 12:05:00-04:00,12.795000076293945,12.795000076293945,12.760000228881836,12.760000228881836,3988,0.0,0.0
2024-08-19 12:10:00-04:00,12.770000457763672,12.779999732971191,12.765000343322754,12.779999732971191,4784,0.0,0.0
2024-08-19 12:15:00-04:00,12.789999961853027,12.800000190734863,12.789999961853027,12.800000190734863,2682,0.0,0.0
2024-08-19 12:20:00-04:00,12.794099807739258,12.800000190734863,12.789999961853027,12.795000076293945,2915,0.0,0.0
2024-08-19 12:25:00-04:00,12.800000190734863,12.800000190734863,12.789999961853027,12.795000076293945,2905,0.0,0.0
2024-08-19 12:30:00-04:00,12.789999961853027,12.795000076293945,12.78499984741211,12.789999961853027,4663,0.0,0.0
2024-08-19 12:35:00-04:00,12.789999961853027,12.805000305175781,12.789999961853027,12.800000190734863,3070,0.0,0.0
2024-08-19 12:40:00-04:00,12.800000190734863,12.805000305175781,12.78499984741211,12.78499984741211,3724,0.0,0.0
2024-08-19 12:45:00-04:00,12.78499984741211,12.8100004196167,12.78499984741211,12.8100004196167,5446,0.0,0.0
2024-08-19 12:50:00-04:00,12.805000305175781,12.8100004196167,12.800000190734863,12.805000305175781,2761,0.0,0.0
2024-08-19 12:55:00-04:00,12.805000305175781,12.8100004196167,12.800000190734863,12.805000305175781,2539,0.0,0.0
2024-08-19 13:00:00-04:00,12.8100004196167,12.8100004196167,12.800000190734863,12.805000305175781,4328,0.0,0.0
2024-08-19 13:05:00-04:00,12.805000305175781,12.8100004196167,12.800000190734863,12.805000305175781,3167,0.0,0.0
2024-08-19 13:10:00-04:00,12.8100004196167,12.8100004196167,12.800000190734863,12.805000305175781,2381,0.0,0.0
2024-08-19 13:15:00-04:00,12.800000190734863,12.84000015258789,12.800000190734863,12.8149995803833,11196,0.0,0.0
2024-08-19 13:20:00-04:00,12.8149995803833,12.8149995803833,12.8100004196167,12.8149995803833,1961,0.0,0.0
2024-08-19 13:25:00-04:00,12.8149995803833,12.8149995803833,12.800000190734863,12.805000305175781,4767,0.0,0.0
2024-08-19 13:30:00-04:00,12.800000190734863,12.805000305175781,12.795000076293945,12.795000076293945,3460,0.0,0.0
2024-08-19 13:35:00-04:00,12.800000190734863,12.824999809265137,12.800000190734863,12.8149995803833,5721,0.0,0.0
2024-08-19 13:40:00-04:00,12.8100004196167,12.819999694824219,12.8100004196167,12.8149995803833,2093,0.0,0.0
2024-08-19 13:45:00-04:00,12.8149995803833,12.819999694824219,12.8100004196167,12.8149995803833,2646,0.0,0.0
2024-08-19 13:50:00-04:00,12.8149995803833,12.819999694824219,12.8100004196167,12.8149995803833,2367,0.0,0.0
2024-08-19 13:55:00-04:00,12.8100004196167,12.824999809265137,12.8100004196167,12.824999809265137,3735,0.0,0.0
2024-08-19 14:00:00-04:00,12.824999809265137,12.84000015258789,12.819999694824219,12.84000015258789,5304,0.0,0.0
2024-08-19 14:05:00-04:00,12.835000038146973,12.84000015258789,12.829999923706055,12.835000038146973,2685,0.0,0.0
2024-08-19 14:10:00-04:00,12.835000038146973,12.84000015258789,12.829999923706055,12.84000015258789,2677,0.0,0.0
2024-08-19 14:15:00-04:00,12.835000038146973,12.84000015258789,12.819999694824219,12.819999694824219,7886,0.0,0.0
2024-08-19 14:20:00-04:00,12.829999923706055,12.845000267028809,12.829999923706055,12.845000267028809,4742,0.0,0.0
2024-08-19 14:25:00-04:00,12.84000015258789,12.859999656677246,12.84000015258789,12.850000381469727,3124,0.0,0.0
2024-08-19 14:30:00-04:00,12.854999542236328,12.869999885559082,12.850000381469727,12.869999885559082,7760,0.0,0.0
2024-08-19 14:35:00-04:00,12.869999885559082,12.869999885559082,12.859999656677246,12.864999771118164,5386,0.0,0.0
2024-08-19 14:40:00-04:00,12.869999885559082,12.895000457763672,12.869999885559082,12.890000343322754,9038,0.0,0.0
2024-08-19 14:45:00-04:00,12.885000228881836,12.885000228881836,12.880000114440918,12.885000228881836,2648,0.0,0.0
2024-08-19 14:50:00-04:00,12.880000114440918,12.885000228881836,12.859999656677246,12.859999656677246,11814,0.0,0.0
2024-08-19 14:55:00-04:00,12.864999771118164,12.895000457763672,12.859999656677246,12.895000457763672,10309,0.0,0.0
2024-08-19 15:00:00-04:00,12.895000457763672,12.90999984741211,12.895000457763672,12.90999984741211,2699,0.0,0.0
2024-08-19 15:05:00-04:00,12.90999984741211,12.925000190734863,12.90999984741211,12.920000076293945,5719,0.0,0.0
2024-08-19 15:10:00-04:00,12.925000190734863,12.925000190734863,12.899999618530273,12.90999984741211,6976,0.0,0.0
2024-08-19 15:15:00-04:00,12.904999732971191,12.90999984741211,12.904999732971191,12.90999984741211,2242,0.0,0.0
2024-08-19 15:20:00-04:00,12.904999732971191,12.90999984741211,12.899999618530273,12.904999732971191,3423,0.0,0.0
2024-08-19 15:25:00-04:00,12.904999732971191,12.90999984741211,12.895000457763672,12.904999732971191,7864,0.0,0.0
2024-08-19 15:30:00-04:00,12.904999732971191,12.90999984741211,12.890000343322754,12.895000457763672,11213,0.0,0.0
2024-08-19 15:35:00-04:00,12.895000457763672,12.904999732971191,12.880000114440918,12.899999618530273,11377,0.0,0.0
2024-08-19 15:40:00-04:00,12.904999732971191,12.920000076293945,12.899999618530273,12.914999961853027,9616,0.0,0.0
2024-08-19 15:45:00-04:00,12.914999961853027,12.914999961853027,12.904999732971191,12.914999961853027,7588,0.0,0.0
2024-08-19 15:50:00-04:00,12.920000076293945,12.944999694824219,12.918100357055664,12.930000305175781,25762,0.0,0.0
2024-08-19 15:55:00-04:00,12.9350004196167,12.960000038146973,12.920000076293945,12.9399995803833,65076,0.0,0.0
2024-08-20 09:30:00-04:00,12.800000190734863,12.800000190734863,12.760000228881836,12.760000228881836,65798,0.0,0.0
2024-08-20 09:35:00-04:00,12.774999618530273,12.84000015258789,12.774999618530273,12.8100004196167,20041,0.0,0.0
2024-08-20 09:40:00-04:00,12.819700241088867,12.84000015258789,12.800000190734863,12.84000015258789,13323,0.0,0.0
2024-08-20 09:45:00-04:00,12.830699920654297,12.84000015258789,12.819999694824219,12.829999923706055,2446,0.0,0.0
2024-08-20 09:50:00-04:00,12.838000297546387,12.845000267028809,12.831399917602539,12.845000267028809,1679,0.0,0.0
2024-08-20 09:55:00-04:00,12.850000381469727,12.850000381469727,12.819999694824219,12.84000015258789,6333,0.0,0.0
2024-08-20 10:00:00-04:00,12.835000038146973,12.845000267028809,12.835000038146973,12.84000015258789,1518,0.0,0.0
2024-08-20 10:05:00-04:00,12.835000038146973,12.885000228881836,12.835000038146973,12.885000228881836,7871,0.0,0.0
2024-08-20 10:10:00-04:00,12.880000114440918,12.880000114440918,12.84000015258789,12.84000015258789,6530,0.0,0.0
2024-08-20 10:15:00-04:00,12.845000267028809,12.854999542236328,12.84000015258789,12.854999542236328,4613,0.0,0.0
2024-08-20 10:20:00-04:00,12.85319995880127,12.854999542236328,12.8100004196167,12.819999694824219,23813,0.0,0.0
2024-08-20 10:25:00-04:00,12.835000038146973,12.864999771118164,12.829999923706055,12.850000381469727,11350,0.0,0.0
2024-08-20 10:30:00-04:00,12.859999656677246,12.869999885559082,12.850000381469727,12.869999885559082,2219,0.0,0.0
2024-08-20 10:35:00-04:00,12.869999885559082,12.869999885559082,12.84000015258789,12.84000015258789,5124,0.0,0.0
2024-08-20 10:40:00-04:00,12.84000015258789,12.840100288391113,12.8100004196167,12.829999923706055,25410,0.0,0.0
2024-08-20 10:45:00-04:00,12.83489990234375,12.835000038146973,12.8100004196167,12.833900451660156,13174,0.0,0.0
2024-08-20 10:50:00-04:00,12.84000015258789,12.842000007629395,12.84000015258789,12.842000007629395,1133,0.0,0.0
2024-08-20 10:55:00-04:00,12.84000015258789,12.843799591064453,12.795000076293945,12.795000076293945,9326,0.0,0.0
2024-08-20 11:00:00-04:00,12.800000190734863,12.805000305175781,12.765000343322754,12.774999618530273,10477,0.0,0.0
2024-08-20 11:05:00-04:00,12.774999618530273,12.774999618530273,12.75,12.75,3699,0.0,0.0
2024-08-20 11:10:00-04:00,12.744999885559082,12.765000343322754,12.744999885559082,12.765000343322754,2563,0.0,0.0
2024-08-20 11:15:00-04:00,12.760000228881836,12.760000228881836,12.75,12.760000228881836,3435,0.0,0.0
2024-08-20 11:20:00-04:00,12.75,12.78499984741211,12.75,12.779999732971191,7491,0.0,0.0
2024-08-20 11:25:00-04:00,12.774999618530273,12.805000305175781,12.774999618530273,12.805000305175781,6343,0.0,0.0
2024-08-20 11:30:00-04:00,12.800000190734863,12.805000305175781,12.800000190734863,12.805000305175781,856,0.0,0.0
2024-08-20 11:35:00-04:00,12.800000190734863,12.805000305175781,12.800000190734863,12.805000305175781,2902,0.0,0.0
2024-08-20 11:40:00-04:00,12.800000190734863,12.805000305175781,12.779999732971191,12.779999732971191,3378,0.0,0.0
2024-08-20 11:45:00-04:00,12.78499984741211,12.78499984741211,12.779999732971191,12.779999732971191,1966,0.0,0.0
2024-08-20 11:50:00-04:00,12.779999732971191,12.800000190734863,12.779999732971191,12.78499984741211,2891,0.0,0.0
2024-08-20 11:55:00-04:00,12.78499984741211,12.805000305175781,12.78030014038086,12.805000305175781,2861,0.0,0.0
2024-08-20 12:00:00-04:00,12.805000305175781,12.8100004196167,12.795000076293945,12.795000076293945,3179,0.0,0.0
2024-08-20 12:05:00-04:00,12.800000190734863,12.800000190734863,12.795000076293945,12.795000076293945,936,0.0,0.0
2024-08-20 12:10:00-04:00,12.790900230407715,12.795000076293945,12.760000228881836,12.760000228881836,4726,0.0,0.0
2024-08-20 12:15:00-04:00,12.765000343322754,12.765000343322754,12.755000114440918,12.755000114440918,3286,0.0,0.0
2024-08-20 12:20:00-04:00,12.755000114440918,12.765000343322754,12.755000114440918,12.760000228881836,2491,0.0,0.0
2024-08-20 12:25:00-04:00,12.755000114440918,12.755000114440918,12.755000114440918,12.755000114440918,766,0.0,0.0
2024-08-20 12:30:00-04:00,12.755000114440918,12.755000114440918,12.729999542236328,12.734999656677246,6208,0.0,0.0
2024-08-20 12:35:00-04:00,12.729999542236328,12.734999656677246,12.729999542236328,12.734999656677246,1587,0.0,0.0
2024-08-20 12:40:00-04:00,12.729999542236328,12.739999771118164,12.710000038146973,12.729999542236328,16275,0.0,0.0
2024-08-20 12:45:00-04:00,12.725000381469727,12.725000381469727,12.725000381469727,12.725000381469727,1872,0.0,0.0
2024-08-20 12:50:00-04:00,12.720000267028809,12.720000267028809,12.680000305175781,12.694999694824219,12537,0.0,0.0
2024-08-20 12:55:00-04:00,12.694999694824219,12.694999694824219,12.6899995803833,12.690099716186523,3571,0.0,0.0
2024-08-20 13:00:00-04:00,12.694999694824219,12.699999809265137,12.675000190734863,12.6850004196167,11091,0.0,0.0
2024-08-20 13:05:00-04:00,12.6850004196167,12.6850004196167,12.6850004196167,12.6850004196167,1915,0.0,0.0
2024-08-20 13:10:00-04:00,12.6850004196167,12.6850004196167,12.664999961853027,12.664999961853027,4056,0.0,0.0
2024-08-20 13:15:00-04:00,12.664999961853027,12.664999961853027,12.654999732971191,12.654999732971191,6186,0.0,0.0
2024-08-20 13:20:00-04:00,12.654999732971191,12.658699989318848,12.649999618530273,12.649999618530273,4076,0.0,0.0
2024-08-20 13:25:00-04:00,12.649999618530273,12.65999984741211,12.649999618530273,12.654999732971191,7649,0.0,0.0
2024-08-20 13:30:00-04:00,12.657500267028809,12.657500267028809,12.640199661254883,12.640199661254883,3458,0.0,0.0
2024-08-20 13:35:00-04:00,12.640000343322754,12.640000343322754,12.630000114440918,12.630000114440918,5136,0.0,0.0
2024-08-20 13:40:00-04:00,12.63379955291748,12.637499809265137,12.630000114440918,12.635000228881836,5375,0.0,0.0
2024-08-20 13:45:00-04:00,12.630000114440918,12.654999732971191,12.625,12.649999618530273,19887,0.0,0.0
2024-08-20 13:50:00-04:00,12.65999984741211,12.670000076293945,12.654999732971191,12.660300254821777,3609,0.0,0.0
2024-08-20 13:55:00-04:00,12.65999984741211,12.666000366210938,12.654999732971191,12.666000366210938,5159,0.0,0.0
2024-08-20 14:00:00-04:00,12.65999984741211,12.65999984741211,12.654999732971191,12.65999984741211,4732,0.0,0.0
2024-08-20 14:05:00-04:00,12.65999984741211,12.680000305175781,12.65999984741211,12.680000305175781,3789,0.0,0.0
2024-08-20 14:10:00-04:00,12.680000305175781,12.694999694824219,12.680000305175781,12.694999694824219,2881,0.0,0.0
2024-08-20 14:15:00-04:00,12.694999694824219,12.694999694824219,12.694999694824219,12.694999694824219,128,0.0,0.0
2024-08-20 14:20:00-04:00,12.694999694824219,12.694999694824219,12.670000076293945,12.680000305175781,9007,0.0,0.0
2024-08-20 14:25:00-04:00,12.680000305175781,12.6850004196167,12.65999984741211,12.6850004196167,12089,0.0,0.0
2024-08-20 14:30:00-04:00,12.6850004196167,12.6850004196167,12.680000305175781,12.680000305175781,1378,0.0,0.0
2024-08-20 14:35:00-04:00,12.6850004196167,12.699999809265137,12.6850004196167,12.699999809265137,4120,0.0,0.0
2024-08-20 14:40:00-04:00,12.694999694824219,12.694999694824219,12.6850004196167,12.6850004196167,2336,0.0,0.0
2024-08-20 14:45:00-04:00,12.680000305175781,12.6850004196167,12.680000305175781,12.680000305175781,992,0.0,0.0
2024-08-20 14:50:00-04:00,12.680000305175781,12.680000305175781,12.675000190734863,12.680000305175781,7042,0.0,0.0
2024-08-20 14:55:00-04:00,12.680000305175781,12.694999694824219,12.675000190734863,12.694999694824219,7905,0.0,0.0
2024-08-20 15:00:00-04:00,12.699999809265137,12.704999923706055,12.694999694824219,12.704999923706055,2946,0.0,0.0
2024-08-20 15:05:00-04:00,12.699999809265137,12.699999809265137,12.6899995803833,12.6899995803833,2431,0.0,0.0
2024-08-20 15:10:00-04:00,12.6899995803833,12.704999923706055,12.6899995803833,12.704999923706055,4036,0.0,0.0
2024-08-20 15:15:00-04:00,12.704999923706055,12.71399974822998,12.694999694824219,12.71399974822998,11489,0.0,0.0
2024-08-20 15:20:00-04:00,12.71500015258789,12.71500015258789,12.699999809265137,12.70259952545166,9872,0.0,0.0
2024-08-20 15:25:00-04:00,12.704999923706055,12.704999923706055,12.680000305175781,12.680000305175781,9253,0.0,0.0
2024-08-20 15:30:00-04:00,12.6850004196167,12.6850004196167,12.675000190734863,12.680000305175781,5438,0.0,0.0
2024-08-20 15:35:00-04:00,12.670000076293945,12.670000076293945,12.649999618530273,12.65999984741211,9782,0.0,0.0
2024-08-20 15:40:00-04:00,12.654999732971191,12.680000305175781,12.654999732971191,12.670000076293945,21133,0.0,0.0
2024-08-20 15:45:00-04:00,12.670000076293945,12.670000076293945,12.635000228881836,12.635000228881836,40197,0.0,0.0
2024-08-20 15:50:00-04:00,12.640000343322754,12.640000343322754,12.59000015258789,12.600000381469727,29905,0.0,0.0
2024-08-20 15:55:00-04:00,12.59000015258789,12.600000381469727,12.550000190734863,12.550000190734863,126153,0.0,0.0
2024-08-21 09:30:00-04:00,12.5600004196167,12.5600004196167,12.5600004196167,12.5600004196167,39083,0.0,0.0
2024-08-21 09:35:00-04:00,12.5600004196167,12.5600004196167,12.489999771118164,12.5,5821,0.0,0.0
2024-08-21 09:40:00-04:00,12.479999542236328,12.510000228881836,12.47920036315918,12.47920036315918,3536,0.0,0.0
2024-08-21 09:45:00-04:00,12.489999771118164,12.489999771118164,12.460000038146973,12.479999542236328,8093,0.0,0.0
2024-08-21 09:50:00-04:00,12.460000038146973,12.470000267028809,12.460000038146973,12.460000038146973,2213,0.0,0.0
2024-08-21 09:55:00-04:00,12.470000267028809,12.494999885559082,12.470000267028809,12.477499961853027,3614,0.0,0.0
2024-08-21 10:00:00-04:00,12.479999542236328,12.529999732971191,12.479999542236328,12.529999732971191,5012,0.0,0.0
2024-08-21 10:05:00-04:00,12.524999618530273,12.532699584960938,12.500200271606445,12.505000114440918,8125,0.0,0.0
2024-08-21 10:10:00-04:00,12.500300407409668,12.510000228881836,12.454999923706055,12.454999923706055,8974,0.0,0.0
2024-08-21 10:15:00-04:00,12.450799942016602,12.46500015258789,12.430000305175781,12.46500015258789,8663,0.0,0.0
2024-08-21 10:20:00-04:00,12.46500015258789,12.470000267028809,12.460000038146973,12.470000267028809,1323,0.0,0.0
2024-08-21 10:25:00-04:00,12.470000267028809,12.484999656677246,12.45989990234375,12.475000381469727,6315,0.0,0.0
2024-08-21 10:30:00-04:00,12.470199584960938,12.484999656677246,12.45009994506836,12.484999656677246,7842,0.0,0.0
2024-08-21 10:35:00-04:00,12.484999656677246,12.529999732971191,12.479999542236328,12.529999732971191,5725,0.0,0.0
2024-08-21 10:40:00-04:00,12.550000190734863,12.555000305175781,12.515000343322754,12.515000343322754,11467,0.0,0.0
2024-08-21 10:45:00-04:00,12.510000228881836,12.520000457763672,12.494999885559082,12.494999885559082,4253,0.0,0.0
2024-08-21 10:50:00-04:00,12.494999885559082,12.529999732971191,12.494999885559082,12.520000457763672,7546,0.0,0.0
2024-08-21 10:55:00-04:00,12.510000228881836,12.515000343322754,12.489999771118164,12.515000343322754,4307,0.0,0.0
2024-08-21 11:00:00-04:00,12.515000343322754,12.515000343322754,12.505000114440918,12.510000228881836,3606,0.0,0.0
2024-08-21 11:05:00-04:00,12.520000457763672,12.520000457763672,12.515000343322754,12.515000343322754,612,0.0,0.0
2024-08-21 11:10:00-04:00,12.520000457763672,12.539999961853027,12.520000457763672,12.53499984741211,6149,0.0,0.0
2024-08-21 11:15:00-04:00,12.529999732971191,12.545000076293945,12.524999618530273,12.53499984741211,5174,0.0,0.0
2024-08-21 11:20:00-04:00,12.53499984741211,12.53499984741211,12.529999732971191,12.53499984741211,1474,0.0,0.0
2024-08-21 11:25:00-04:00,12.529999732971191,12.529999732971191,12.520000457763672,12.524999618530273,3926,0.0,0.0
2024-08-21 11:30:00-04:00,12.520000457763672,12.520000457763672,12.510000228881836,12.515000343322754,2965,0.0,0.0
2024-08-21 11:35:00-04:00,12.520000457763672,12.520000457763672,12.505000114440918,12.505000114440918,2465,0.0,0.0
2024-08-21 11:40:00-04:00,12.505000114440918,12.505000114440918,12.5,12.5,1439,0.0,0.0
2024-08-21 11:45:00-04:00,12.510000228881836,12.510000228881836,12.494999885559082,12.5,9143,0.0,0.0
2024-08-21 11:50:00-04:00,12.494999885559082,12.494999885559082,12.489999771118164,12.489999771118164,432,0.0,0.0
2024-08-21 11:55:00-04:00,12.489999771118164,12.494999885559082,12.479999542236328,12.479999542236328,4481,0.0,0.0
2024-08-21 12:00:00-04:00,12.484999656677246,12.515000343322754,12.475000381469727,12.515000343322754,6511,0.0,0.0
2024-08-21 12:05:00-04:00,12.510000228881836,12.53499984741211,12.510000228881836,12.53499984741211,1413,0.0,0.0
2024-08-21 12:10:00-04:00,12.53499984741211,12.539999961853027,12.529999732971191,12.53499984741211,2557,0.0,0.0
2024-08-21 12:15:00-04:00,12.53499984741211,12.53499984741211,12.524999618530273,12.529999732971191,7459,0.0,0.0
2024-08-21 12:20:00-04:00,12.539999961853027,12.539999961853027,12.53499984741211,12.53499984741211,1089,0.0,0.0
2024-08-21 12:25:00-04:00,12.53499984741211,12.539999961853027,12.524999618530273,12.524999618530273,5717,0.0,0.0
2024-08-21 12:30:00-04:00,12.524999618530273,12.524999618530273,12.524999618530273,12.524999618530273,888,0.0,0.0
2024-08-21 12:35:00-04:00,12.524999618530273,12.538999557495117,12.524999618530273,12.538999557495117,3597,0.0,0.0
2024-08-21 12:40:00-04:00,12.539999961853027,12.550000190734863,12.539999961853027,12.550000190734863,2328,0.0,0.0
2024-08-21 12:45:00-04:00,12.545000076293945,12.5600004196167,12.545000076293945,12.5600004196167,5099,0.0,0.0
2024-08-21 12:50:00-04:00,12.5600004196167,12.5600004196167,12.5600004196167,12.5600004196167,308,0.0,0.0
2024-08-21 12:55:00-04:00,12.555000305175781,12.555000305175781,12.545000076293945,12.555000305175781,5818,0.0,0.0
2024-08-21 13:00:00-04:00,12.555000305175781,12.555000305175781,12.550000190734863,12.555000305175781,1692,0.0,0.0
2024-08-21 13:05:00-04:00,12.555000305175781,12.555000305175781,12.555000305175781,12.555000305175781,2046,0.0,0.0
2024-08-21 13:10:00-04:00,12.555000305175781,12.574999809265137,12.550000190734863,12.555000305175781,16198,0.0,0.0
2024-08-21 13:15:00-04:00,12.555000305175781,12.555000305175781,12.555000305175781,12.555000305175781,551,0.0,0.0
2024-08-21 13:20:00-04:00,12.5600004196167,12.5600004196167,12.53499984741211,12.53499984741211,6310,0.0,0.0
2024-08-21 13:25:00-04:00,12.529999732971191,12.53499984741211,12.529999732971191,12.53499984741211,1665,0.0,0.0
2024-08-21 13:30:00-04:00,12.529999732971191,12.529999732971191,12.520000457763672,12.524999618530273,2529,0.0,0.0
2024-08-21 13:35:00-04:00,12.529999732971191,12.539999961853027,12.529999732971191,12.539999961853027,4475,0.0,0.0
2024-08-21 13:40:00-04:00,12.532899856567383,12.539999961853027,12.529999732971191,12.53499984741211,7313,0.0,0.0
2024-08-21 13:45:00-04:00,12.539999961853027,12.539999961853027,12.529999732971191,12.529999732971191,4105,0.0,0.0
2024-08-21 13:50:00-04:00,12.539999961853027,12.539999961853027,12.53499984741211,12.53499984741211,1674,0.0,0.0
2024-08-21 13:55:00-04:00,12.529999732971191,12.53499984741211,12.520000457763672,12.523200035095215,5501,0.0,0.0
2024-08-21 14:00:00-04:00,12.529999732971191,12.5600004196167,12.529999732971191,12.5600004196167,8577,0.0,0.0
2024-08-21 14:05:00-04:00,12.555000305175781,12.555000305175781,12.550000190734863,12.555000305175781,2530,0.0,0.0
2024-08-21 14:10:00-04:00,12.5600004196167,12.5600004196167,12.555000305175781,12.5600004196167,1840,0.0,0.0
2024-08-21 14:15:00-04:00,12.555000305175781,12.5649995803833,12.550000190734863,12.550000190734863,5861,0.0,0.0
2024-08-21 14:20:00-04:00,12.545000076293945,12.545000076293945,12.524999618530273,12.524999618530273,7325,0.0,0.0
2024-08-21 14:25:00-04:00,12.529999732971191,12.539999961853027,12.515000343322754,12.520000457763672,5346,0.0,0.0
2024-08-21 14:30:00-04:00,12.529999732971191,12.545000076293945,12.529999732971191,12.545000076293945,2427,0.0,0.0
2024-08-21 14:35:00-04:00,12.54010009765625,12.54010009765625,12.53499984741211,12.53499984741211,3494,0.0,0.0
2024-08-21 14:40:00-04:00,12.539999961853027,12.539999961853027,12.53499984741211,12.53499984741211,1599,0.0,0.0
2024-08-21 14:45:00-04:00,12.53499984741211,12.569999694824219,12.53499984741211,12.569999694824219,8011,0.0,0.0
2024-08-21 14:50:00-04:00,12.5649995803833,12.579999923706055,12.5649995803833,12.574999809265137,2065,0.0,0.0
2024-08-21 14:55:00-04:00,12.574999809265137,12.579999923706055,12.569999694824219,12.579999923706055,6343,0.0,0.0
2024-08-21 15:00:00-04:00,12.574999809265137,12.579999923706055,12.569999694824219,12.574999809265137,5718,0.0,0.0
2024-08-21 15:05:00-04:00,12.579999923706055,12.579999923706055,12.569999694824219,12.574999809265137,2259,0.0,0.0
2024-08-21 15:10:00-04:00,12.574999809265137,12.579999923706055,12.555000305175781,12.574999809265137,11542,0.0,0.0
2024-08-21 15:15:00-04:00,12.574999809265137,12.585000038146973,12.574999809265137,12.585000038146973,3414,0.0,0.0
2024-08-21 15:20:00-04:00,12.585000038146973,12.585000038146973,12.5600004196167,12.5600004196167,6250,0.0,0.0
2024-08-21 15:25:00-04:00,12.5649995803833,12.59000015258789,12.5649995803833,12.585000038146973,5875,0.0,0.0
2024-08-21 15:30:00-04:00,12.579999923706055,12.585000038146973,12.574999809265137,12.574999809265137,5094,0.0,0.0
2024-08-21 15:35:00-04:00,12.569999694824219,12.574999809265137,12.550000190734863,12.569999694824219,12050,0.0,0.0
2024-08-21 15:40:00-04:00,12.569999694824219,12.579999923706055,12.5649995803833,12.569999694824219,7109,0.0,0.0
2024-08-21 15:45:00-04:00,12.5649995803833,12.569999694824219,12.545000076293945,12.545000076293945,10683,0.0,0.0
2024-08-21 15:50:00-04:00,12.550000190734863,12.5649995803833,12.539999961853027,12.539999961853027,21213,0.0,0.0
2024-08-21 15:55:00-04:00,12.545000076293945,12.550000190734863,12.510000228881836,12.510000228881836,88135,0.0,0.0
2024-08-22 09:30:00-04:00,12.529999732971191,12.529999732971191,12.414999961853027,12.414999961853027,15812,0.0,0.0
2024-08-22 09:35:00-04:00,12.414999961853027,12.479999542236328,12.414999961853027,12.479999542236328,2774,0.0,0.0
2024-08-22 09:40:00-04:00,12.479999542236328,12.510000228881836,12.479999542236328,12.510000228881836,2483,0.0,0.0
2024-08-22 09:45:00-04:00,12.489999771118164,12.505000114440918,12.479999542236328,12.489999771118164,1421,0.0,0.0
2024-08-22 09:50:00-04:00,12.470000267028809,12.470000267028809,12.449999809265137,12.470000267028809,10742,0.0,0.0
2024-08-22 09:55:00-04:00,12.479999542236328,12.479999542236328,12.460000038146973,12.460000038146973,1221,0.0,0.0
2024-08-22 10:00:00-04:00,12.470000267028809,12.479999542236328,12.4399995803833,12.460000038146973,6906,0.0,0.0
2024-08-22 10:05:00-04:00,12.46500015258789,12.479999542236328,12.454999923706055,12.470000267028809,4976,0.0,0.0
2024-08-22 10:10:00-04:00,12.475000381469727,12.475000381469727,12.454999923706055,12.460000038146973,3557,0.0,0.0
2024-08-22 10:15:00-04:00,12.454999923706055,12.454999923706055,12.444999694824219,12.444999694824219,5167,0.0,0.0
2024-08-22 10:20:00-04:00,12.449999809265137,12.454999923706055,12.4350004196167,12.449999809265137,10267,0.0,0.0
2024-08-22 10:25:00-04:00,12.452500343322754,12.452500343322754,12.4399995803833,12.4399995803833,2922,0.0,0.0
2024-08-22 10:30:00-04:00,12.430000305175781,12.4350004196167,12.404999732971191,12.420000076293945,8338,0.0,0.0
2024-08-22 10:35:00-04:00,12.425000190734863,12.430000305175781,12.425000190734863,12.430000305175781,277,0.0,0.0
2024-08-22 10:40:00-04:00,12.425000190734863,12.4399995803833,12.414999961853027,12.4350004196167,4962,0.0,0.0
2024-08-22 10:45:00-04:00,12.4350004196167,12.4350004196167,12.420000076293945,12.420000076293945,1890,0.0,0.0
2024-08-22 10:50:00-04:00,12.414999961853027,12.420000076293945,12.399999618530273,12.420000076293945,9668,0.0,0.0
2024-08-22 10:55:00-04:00,12.414999961853027,12.414999961853027,12.414999961853027,12.414999961853027,2530,0.0,0.0
2024-08-22 11:00:00-04:00,12.40999984741211,12.430000305175781,12.404999732971191,12.420000076293945,5723,0.0,0.0
2024-08-22 11:05:00-04:00,12.420000076293945,12.420100212097168,12.40999984741211,12.40999984741211,3718,0.0,0.0
2024-08-22 11:10:00-04:00,12.399999618530273,12.399999618530273,12.380000114440918,12.390000343322754,2143,0.0,0.0
2024-08-22 11:15:00-04:00,12.380000114440918,12.380000114440918,12.359999656677246,12.364999771118164,3116,0.0,0.0
2024-08-22 11:20:00-04:00,12.364999771118164,12.364999771118164,12.359999656677246,12.364999771118164,5358,0.0,0.0
2024-08-22 11:25:00-04:00,12.364999771118164,12.375,12.354999542236328,12.375,9151,0.0,0.0
2024-08-22 11:30:00-04:00,12.375,12.399800300598145,12.364999771118164,12.375,7509,0.0,0.0
2024-08-22 11:35:00-04:00,12.369999885559082,12.375,12.364999771118164,12.375,2670,0.0,0.0
2024-08-22 11:40:00-04:00,12.375,12.375,12.350000381469727,12.350000381469727,1639,0.0,0.0
2024-08-22 11:45:00-04:00,12.34000015258789,12.345000267028809,12.329999923706055,12.329999923706055,2210,0.0,0.0
2024-08-22 11:50:00-04:00,12.329999923706055,12.329999923706055,12.319999694824219,12.319999694824219,1384,0.0,0.0
2024-08-22 11:55:00-04:00,12.324999809265137,12.350000381469727,12.324999809265137,12.34000015258789,9448,0.0,0.0
2024-08-22 12:00:00-04:00,12.34000015258789,12.345000267028809,12.34000015258789,12.345000267028809,950,0.0,0.0
2024-08-22 12:05:00-04:00,12.34000015258789,12.345000267028809,12.34000015258789,12.345000267028809,2377,0.0,0.0
2024-08-22 12:10:00-04:00,12.34000015258789,12.345000267028809,12.335000038146973,12.335000038146973,4983,0.0,0.0
2024-08-22 12:15:00-04:00,12.335000038146973,12.359999656677246,12.335000038146973,12.359999656677246,9826,0.0,0.0
2024-08-22 12:20:00-04:00,12.354999542236328,12.369999885559082,12.354999542236328,12.354999542236328,4158,0.0,0.0
2024-08-22 12:25:00-04:00,12.354999542236328,12.369999885559082,12.350000381469727,12.364999771118164,3591,0.0,0.0
2024-08-22 12:30:00-04:00,12.364999771118164,12.390000343322754,12.364999771118164,12.390000343322754,5041,0.0,0.0
2024-08-22 12:35:00-04:00,12.385000228881836,12.385000228881836,12.385000228881836,12.385000228881836,1366,0.0,0.0
2024-08-22 12:40:00-04:00,12.385000228881836,12.395000457763672,12.385000228881836,12.385000228881836,5065,0.0,0.0
2024-08-22 12:45:00-04:00,12.380000114440918,12.380000114440918,12.350000381469727,12.350000381469727,3101,0.0,0.0
2024-08-22 12:50:00-04:00,12.354999542236328,12.354999542236328,12.339900016784668,12.339900016784668,4118,0.0,0.0
2024-08-22 12:55:00-04:00,12.335000038146973,12.335000038146973,12.329999923706055,12.329999923706055,496,0.0,0.0
2024-08-22 13:00:00-04:00,12.329999923706055,12.329999923706055,12.3149995803833,12.329999923706055,6151,0.0,0.0
2024-08-22 13:05:00-04:00,12.329999923706055,12.345000267028809,12.324999809265137,12.345000267028809,4418,0.0,0.0
2024-08-22 13:10:00-04:00,12.350000381469727,12.359999656677246,12.350000381469727,12.359999656677246,2217,0.0,0.0
2024-08-22 13:15:00-04:00,12.359999656677246,12.364999771118164,12.359999656677246,12.364999771118164,1439,0.0,0.0
2024-08-22 13:20:00-04:00,12.364999771118164,12.364999771118164,12.364999771118164,12.364999771118164,844,0.0,0.0
2024-08-22 13:25:00-04:00,12.362899780273438,12.369999885559082,12.359999656677246,12.359999656677246,2162,0.0,0.0
2024-08-22 13:30:00-04:00,12.359999656677246,12.359999656677246,12.335000038146973,12.350000381469727,7078,0.0,0.0
2024-08-22 13:35:00-04:00,12.345000267028809,12.380000114440918,12.329999923706055,12.375,6460,0.0,0.0
2024-08-22 13:40:00-04:00,12.369999885559082,12.369999885559082,12.354999542236328,12.359999656677246,5632,0.0,0.0
2024-08-22 13:45:00-04:00,12.350099563598633,12.364999771118164,12.350099563598633,12.354999542236328,2766,0.0,0.0
2024-08-22 13:50:00-04:00,12.34000015258789,12.34000015258789,12.34000015258789,12.34000015258789,1804,0.0,0.0
2024-08-22 13:55:00-04:00,12.345000267028809,12.345000267028809,12.329999923706055,12.331000328063965,4851,0.0,0.0
2024-08-22 14:00:00-04:00,12.333999633789062,12.34000015258789,12.3100004196167,12.3149995803833,19406,0.0,0.0
2024-08-22 14:05:00-04:00,12.319999694824219,12.354999542236328,12.319999694824219,12.354999542236328,3632,0.0,0.0
2024-08-22 14:10:00-04:00,12.354999542236328,12.364999771118164,12.350000381469727,12.359999656677246,5798,0.0,0.0
2024-08-22 14:15:00-04:00,12.364999771118164,12.364999771118164,12.350000381469727,12.354999542236328,1172,0.0,0.0
2024-08-22 14:20:00-04:00,12.354999542236328,12.354999542236328,12.319999694824219,12.335000038146973,12829,0.0,0.0
2024-08-22 14:25:00-04:00,12.329999923706055,12.34000015258789,12.324999809265137,12.329999923706055,2407,0.0,0.0
2024-08-22 14:30:00-04:00,12.329999923706055,12.329999923706055,12.319999694824219,12.319999694824219,2717,0.0,0.0
2024-08-22 14:35:00-04:00,12.319999694824219,12.319999694824219,12.3100004196167,12.3100004196167,1660,0.0,0.0
2024-08-22 14:40:00-04:00,12.3100004196167,12.324999809265137,12.3100004196167,12.319999694824219,2501,0.0,0.0
2024-08-22 14:45:00-04:00,12.319999694824219,12.324999809265137,12.3149995803833,12.3149995803833,2819,0.0,0.0
2024-08-22 14:50:00-04:00,12.3100004196167,12.3100004196167,12.289999961853027,12.289999961853027,7088,0.0,0.0
2024-08-22 14:55:00-04:00,12.28499984741211,12.295000076293945,12.274999618530273,12.279999732971191,9293,0.0,0.0
2024-08-22 15:00:00-04:00,12.279999732971191,12.295000076293945,12.234999656677246,12.234999656677246,26372,0.0,0.0
2024-08-22 15:05:00-04:00,12.234999656677246,12.289999961853027,12.220000267028809,12.289999961853027,6058,0.0,0.0
2024-08-22 15:10:00-04:00,12.289999961853027,12.305000305175781,12.289999961853027,12.305000305175781,4244,0.0,0.0
2024-08-22 15:15:00-04:00,12.3100004196167,12.3100004196167,12.295000076293945,12.295000076293945,5389,0.0,0.0
2024-08-22 15:20:00-04:00,12.289999961853027,12.295000076293945,12.270000457763672,12.270000457763672,6117,0.0,0.0
2024-08-22 15:25:00-04:00,12.270000457763672,12.279999732971191,12.270000457763672,12.274999618530273,4082,0.0,0.0
2024-08-22 15:30:00-04:00,12.270000457763672,12.279999732971191,12.270000457763672,12.274999618530273,4688,0.0,0.0
2024-08-22 15:35:00-04:00,12.274999618530273,12.279999732971191,12.272000312805176,12.274999618530273,3758,0.0,0.0
2024-08-22 15:40:00-04:00,12.270000457763672,12.289999961853027,12.260000228881836,12.260000228881836,11133,0.0,0.0
2024-08-22 15:45:00-04:00,12.255000114440918,12.270000457763672,12.239999771118164,12.255000114440918,12888,0.0,0.0
2024-08-22 15:50:00-04:00,12.260000228881836,12.270000457763672,12.234999656677246,12.244999885559082,24367,0.0,0.0
2024-08-22 15:55:00-04:00,12.248000144958496,12.279999732971191,12.229999542236328,12.270000457763672,66371,0.0,0.0
2024-08-23 09:30:00-04:00,12.329999923706055,12.329999923706055,12.319999694824219,12.319999694824219,6653,0.0,0.0
2024-08-23 09:35:00-04:00,12.329999923706055,12.359999656677246,12.329999923706055,12.359999656677246,420,0.0,0.0
2024-08-23 09:40:00-04:00,12.34000015258789,12.350000381469727,12.3100004196167,12.3100004196167,2878,0.0,0.0
2024-08-23 09:45:00-04:00,12.305000305175781,12.305000305175781,12.305000305175781,12.305000305175781,138,0.0,0.0
2024-08-23 09:50:00-04:00,12.305000305175781,12.329999923706055,12.289999961853027,12.329999923706055,2791,0.0,0.0
2024-08-23 10:00:00-04:00,12.34000015258789,12.380000114440918,12.34000015258789,12.380000114440918,4162,0.0,0.0
2024-08-23 10:05:00-04:00,12.390000343322754,12.404999732971191,12.359999656677246,12.399999618530273,5383,0.0,0.0
2024-08-23 10:10:00-04:00,12.390000343322754,12.420000076293945,12.385000228881836,12.395000457763672,6023,0.0,0.0
2024-08-23 10:15:00-04:00,12.390000343322754,12.390000343322754,12.364999771118164,12.385000228881836,3995,0.0,0.0
2024-08-23 10:20:00-04:00,12.395000457763672,12.430000305175781,12.395000457763672,12.430000305175781,2168,0.0,0.0
2024-08-23 10:25:00-04:00,12.430000305175781,12.4399995803833,12.40999984741211,12.425000190734863,6150,0.0,0.0
2024-08-23 10:30:00-04:00,12.425000190734863,12.425000190734863,12.380000114440918,12.390000343322754,5117,0.0,0.0
2024-08-23 10:35:00-04:00,12.380000114440918,12.390000343322754,12.369999885559082,12.369999885559082,4283,0.0,0.0
2024-08-23 10:40:00-04:00,12.359999656677246,12.40999984741211,12.359999656677246,12.399999618530273,5846,0.0,0.0
2024-08-23 10:45:00-04:00,12.390000343322754,12.390000343322754,12.354999542236328,12.354999542236328,3693,0.0,0.0
2024-08-23 10:50:00-04:00,12.350000381469727,12.350000381469727,12.324999809265137,12.329999923706055,2665,0.0,0.0
2024-08-23 10:55:00-04:00,12.34000015258789,12.369999885559082,12.335000038146973,12.359999656677246,2847,0.0,0.0
2024-08-23 11:00:00-04:00,12.369500160217285,12.4399995803833,12.364999771118164,12.4350004196167,12229,0.0,0.0
2024-08-23 11:05:00-04:00,12.4350004196167,12.475000381469727,12.4350004196167,12.454999923706055,4670,0.0,0.0
2024-08-23 11:10:00-04:00,12.456000328063965,12.470000267028809,12.453800201416016,12.460000038146973,4252,0.0,0.0
2024-08-23 11:15:00-04:00,12.460000038146973,12.479999542236328,12.454999923706055,12.46500015258789,2103,0.0,0.0
2024-08-23 11:20:00-04:00,12.46500015258789,12.46500015258789,12.460000038146973,12.46500015258789,1609,0.0,0.0
2024-08-23 11:25:00-04:00,12.46500015258789,12.5,12.46500015258789,12.494999885559082,9967,0.0,0.0
2024-08-23 11:30:00-04:00,12.499500274658203,12.550000190734863,12.499500274658203,12.550000190734863,65437,0.0,0.0
2024-08-23 11:35:00-04:00,12.550000190734863,12.569999694824219,12.550000190734863,12.550000190734863,3998,0.0,0.0
2024-08-23 11:40:00-04:00,12.545000076293945,12.550000190734863,12.5,12.515000343322754,5179,0.0,0.0
2024-08-23 11:45:00-04:00,12.510000228881836,12.510000228881836,12.5,12.510000228881836,2360,0.0,0.0
2024-08-23 11:50:00-04:00,12.5,12.505000114440918,12.494999885559082,12.494999885559082,5915,0.0,0.0
2024-08-23 11:55:00-04:00,12.494999885559082,12.494999885559082,12.479999542236328,12.484999656677246,4322,0.0,0.0
2024-08-23 12:00:00-04:00,12.479999542236328,12.5,12.460000038146973,12.494999885559082,12666,0.0,0.0
2024-08-23 12:05:00-04:00,12.494999885559082,12.505000114440918,12.484999656677246,12.5,4631,0.0,0.0
2024-08-23 12:10:00-04:00,12.510000228881836,12.510000228881836,12.494000434875488,12.5,3668,0.0,0.0
2024-08-23 12:15:00-04:00,12.494999885559082,12.508999824523926,12.494999885559082,12.505000114440918,4020,0.0,0.0
2024-08-23 12:20:00-04:00,12.505000114440918,12.510000228881836,12.505000114440918,12.505000114440918,1364,0.0,0.0
2024-08-23 12:25:00-04:00,12.505000114440918,12.505000114440918,12.475000381469727,12.484999656677246,6276,0.0,0.0
2024-08-23 12:30:00-04:00,12.489999771118164,12.510000228881836,12.489999771118164,12.510000228881836,1195,0.0,0.0
2024-08-23 12:35:00-04:00,12.510000228881836,12.515600204467773,12.505000114440918,12.510000228881836,4840,0.0,0.0
2024-08-23 12:40:00-04:00,12.505000114440918,12.510000228881836,12.489999771118164,12.5,8156,0.0,0.0
2024-08-23 12:45:00-04:00,12.489999771118164,12.489999771118164,12.46500015258789,12.46500015258789,2890,0.0,0.0
2024-08-23 12:50:00-04:00,12.470000267028809,12.489999771118164,12.470000267028809,12.489999771118164,4426,0.0,0.0
2024-08-23 12:55:00-04:00,12.5,12.515000343322754,12.5,12.505000114440918,2957,0.0,0.0
2024-08-23 13:00:00-04:00,12.505000114440918,12.520000457763672,12.505000114440918,12.520000457763672,1791,0.0,0.0
2024-08-23 13:05:00-04:00,12.520000457763672,12.539999961853027,12.520000457763672,12.539999961853027,2480,0.0,0.0
2024-08-23 13:10:00-04:00,12.539999961853027,12.539999961853027,12.524999618530273,12.524999618530273,1375,0.0,0.0
2024-08-23 13:15:00-04:00,12.529999732971191,12.529999732971191,12.524999618530273,12.524999618530273,1941,0.0,0.0
2024-08-23 13:20:00-04:00,12.53499984741211,12.53499984741211,12.524999618530273,12.524999618530273,808,0.0,0.0
2024-08-23 13:25:00-04:00,12.524999618530273,12.539999961853027,12.524999618530273,12.539999961853027,1313,0.0,0.0
2024-08-23 13:30:00-04:00,12.529999732971191,12.539999961853027,12.529999732971191,12.53499984741211,1716,0.0,0.0
2024-08-23 13:35:00-04:00,12.53499984741211,12.545000076293945,12.53499984741211,12.545000076293945,1425,0.0,0.0
2024-08-23 13:40:00-04:00,12.539999961853027,12.539999961853027,12.539999961853027,12.539999961853027,2617,0.0,0.0
2024-08-23 13:45:00-04:00,12.539999961853027,12.539999961853027,12.529999732971191,12.529999732971191,1926,0.0,0.0
2024-08-23 13:50:00-04:00,12.524999618530273,12.529999732971191,12.524999618530273,12.529999732971191,1536,0.0,0.0
2024-08-23 13:55:00-04:00,12.529999732971191,12.529999732971191,12.520000457763672,12.524999618530273,1267,0.0,0.0
2024-08-23 14:00:00-04:00,12.524999618530273,12.529999732971191,12.524999618530273,12.529999732971191,1807,0.0,0.0
2024-08-23 14:05:00-04:00,12.53499984741211,12.539999961853027,12.53499984741211,12.53499984741211,1483,0.0,0.0
2024-08-23 14:10:00-04:00,12.53499984741211,12.555000305175781,12.53499984741211,12.555000305175781,2789,0.0,0.0
2024-08-23 14:15:00-04:00,12.555000305175781,12.5600004196167,12.555000305175781,12.555000305175781,1221,0.0,0.0
2024-08-23 14:20:00-04:00,12.555000305175781,12.555000305175781,12.529999732971191,12.529999732971191,3392,0.0,0.0
2024-08-23 14:25:00-04:00,12.545000076293945,12.545000076293945,12.539999961853027,12.545000076293945,833,0.0,0.0
2024-08-23 14:30:00-04:00,12.545000076293945,12.545000076293945,12.539999961853027,12.539999961853027,776,0.0,0.0
2024-08-23 14:35:00-04:00,12.539999961853027,12.5649995803833,12.539999961853027,12.5649995803833,4318,0.0,0.0
2024-08-23 14:40:00-04:00,12.569999694824219,12.569999694824219,12.5600004196167,12.569999694824219,2786,0.0,0.0
2024-08-23 14:45:00-04:00,12.574999809265137,12.574999809265137,12.574999809265137,12.574999809265137,789,0.0,0.0
2024-08-23 14:50:00-04:00,12.569999694824219,12.569999694824219,12.5600004196167,12.5600004196167,1935,0.0,0.0
2024-08-23 14:55:00-04:00,12.5600004196167,12.5600004196167,12.550000190734863,12.5600004196167,4982,0.0,0.0
2024-08-23 15:00:00-04:00,12.569999694824219,12.574999809265137,12.5600004196167,12.574999809265137,3942,0.0,0.0
2024-08-23 15:05:00-04:00,12.579999923706055,12.59000015258789,12.579999923706055,12.585000038146973,2876,0.0,0.0
2024-08-23 15:10:00-04:00,12.59000015258789,12.609999656677246,12.59000015258789,12.604999542236328,2487,0.0,0.0
2024-08-23 15:15:00-04:00,12.604999542236328,12.609999656677246,12.604999542236328,12.609999656677246,2166,0.0,0.0
2024-08-23 15:20:00-04:00,12.609999656677246,12.619999885559082,12.609999656677246,12.619999885559082,6978,0.0,0.0
2024-08-23 15:25:00-04:00,12.614999771118164,12.625,12.614999771118164,12.614999771118164,5287,0.0,0.0
2024-08-23 15:30:00-04:00,12.614999771118164,12.619999885559082,12.593999862670898,12.593999862670898,8883,0.0,0.0
2024-08-23 15:35:00-04:00,12.595000267028809,12.604999542236328,12.539999961853027,12.539999961853027,26330,0.0,0.0
2024-08-23 15:40:00-04:00,12.539999961853027,12.5600004196167,12.520000457763672,12.555000305175781,16393,0.0,0.0
2024-08-23 15:45:00-04:00,12.550000190734863,12.585000038146973,12.550000190734863,12.555000305175781,25501,0.0,0.0
2024-08-23 15:50:00-04:00,12.555000305175781,12.595000267028809,12.550000190734863,12.59000015258789,24788,0.0,0.0
2024-08-23 15:55:00-04:00,12.59000015258789,12.600000381469727,12.520000457763672,12.529999732971191,84123,0.0,0.0
