Datetime,Open,High,Low,Close,Volume,Dividends,Stock Splits
2024-07-04 09:00:00+09:00,3992.0,4003.0,3987.0,3997.0,69100,0.0,0.0
2024-07-04 09:05:00+09:00,3995.0,4002.0,3992.0,4002.0,35900,0.0,0.0
2024-07-04 09:10:00+09:00,4003.0,4006.0,3998.0,4003.0,15500,0.0,0.0
2024-07-04 09:15:00+09:00,4002.0,4003.0,3995.0,3998.0,13300,0.0,0.0
2024-07-04 09:20:00+09:00,4000.0,4006.0,4000.0,4003.0,32800,0.0,0.0
2024-07-04 09:25:00+09:00,4004.0,4004.0,3994.0,3996.0,11600,0.0,0.0
2024-07-04 09:30:00+09:00,3997.0,3998.0,3992.0,3992.0,8200,0.0,0.0
2024-07-04 09:35:00+09:00,3992.0,3994.0,3991.0,3994.0,8800,0.0,0.0
2024-07-04 09:40:00+09:00,3994.0,3998.0,3993.0,3998.0,10600,0.0,0.0
2024-07-04 09:45:00+09:00,3998.0,4003.0,3998.0,4001.0,7400,0.0,0.0
2024-07-04 09:50:00+09:00,4000.0,4001.0,3991.0,3991.0,10200,0.0,0.0
2024-07-04 09:55:00+09:00,3993.0,3996.0,3993.0,3996.0,5800,0.0,0.0
2024-07-04 10:00:00+09:00,3996.0,3999.0,3994.0,3997.0,8100,0.0,0.0
2024-07-04 10:05:00+09:00,3997.0,4001.0,3997.0,3998.0,10900,0.0,0.0
2024-07-04 10:10:00+09:00,3999.0,4002.0,3998.0,4000.0,9300,0.0,0.0
2024-07-04 10:15:00+09:00,3999.0,4003.0,3999.0,4003.0,5300,0.0,0.0
2024-07-04 10:20:00+09:00,4001.0,4002.0,3997.0,3998.0,8700,0.0,0.0
2024-07-04 10:25:00+09:00,3998.0,3998.0,3994.0,3997.0,10300,0.0,0.0
2024-07-04 10:30:00+09:00,3997.0,3997.0,3995.0,3995.0,13300,0.0,0.0
2024-07-04 10:35:00+09:00,3994.0,3994.0,3993.0,3994.0,10200,0.0,0.0
2024-07-04 10:40:00+09:00,3994.0,3998.0,3993.0,3998.0,6500,0.0,0.0
2024-07-04 10:45:00+09:00,3998.0,4000.0,3998.0,3999.0,5400,0.0,0.0
2024-07-04 10:50:00+09:00,3998.0,4002.0,3998.0,4000.0,17600,0.0,0.0
2024-07-04 10:55:00+09:00,4001.0,4014.0,4001.0,4011.0,67300,0.0,0.0
2024-07-04 11:00:00+09:00,4011.0,4018.0,4008.0,4016.0,37200,0.0,0.0
2024-07-04 11:05:00+09:00,4017.0,4020.0,4015.0,4020.0,16200,0.0,0.0
2024-07-04 11:10:00+09:00,4019.0,4024.0,4019.0,4024.0,9800,0.0,0.0
2024-07-04 11:15:00+09:00,4023.0,4024.0,4022.0,4023.0,9100,0.0,0.0
2024-07-04 11:20:00+09:00,4023.0,4023.0,4018.0,4020.0,25000,0.0,0.0
2024-07-04 11:25:00+09:00,4019.0,4021.0,4017.0,4021.0,14300,0.0,0.0
2024-07-04 11:30:00+09:00,4021.0,4021.0,4021.0,4021.0,900,0.0,0.0
2024-07-04 11:35:00+09:00,4021.0,4021.0,4021.0,4021.0,0,0.0,0.0
2024-07-04 12:30:00+09:00,4025.0,4029.0,4019.0,4025.0,583300,0.0,0.0
2024-07-04 12:35:00+09:00,4026.0,4031.0,4025.0,4028.0,64300,0.0,0.0
2024-07-04 12:40:00+09:00,4027.0,4034.0,4025.0,4033.0,48100,0.0,0.0
2024-07-04 12:45:00+09:00,4032.0,4036.0,4032.0,4036.0,8800,0.0,0.0
2024-07-04 12:50:00+09:00,4035.0,4035.0,4025.0,4026.0,12400,0.0,0.0
2024-07-04 12:55:00+09:00,4026.0,4026.0,4024.0,4026.0,4200,0.0,0.0
2024-07-04 13:00:00+09:00,4026.0,4027.0,4025.0,4025.0,4600,0.0,0.0
2024-07-04 13:05:00+09:00,4024.0,4024.0,4021.0,4021.0,7000,0.0,0.0
2024-07-04 13:10:00+09:00,4021.0,4024.0,4021.0,4022.0,5300,0.0,0.0
2024-07-04 13:15:00+09:00,4023.0,4026.0,4023.0,4025.0,9700,0.0,0.0
2024-07-04 13:20:00+09:00,4026.0,4027.0,4026.0,4027.0,3800,0.0,0.0
2024-07-04 13:25:00+09:00,4027.0,4031.0,4027.0,4031.0,6000,0.0,0.0
2024-07-04 13:30:00+09:00,4031.0,4032.0,4030.0,4030.0,9300,0.0,0.0
2024-07-04 13:35:00+09:00,4030.0,4030.0,4023.0,4024.0,30000,0.0,0.0
2024-07-04 13:40:00+09:00,4024.0,4024.0,4022.0,4022.0,4600,0.0,0.0
2024-07-04 13:45:00+09:00,4021.0,4024.0,4021.0,4023.0,3000,0.0,0.0
2024-07-04 13:50:00+09:00,4024.0,4025.0,4023.0,4024.0,2300,0.0,0.0
2024-07-04 13:55:00+09:00,4024.0,4026.0,4023.0,4024.0,6900,0.0,0.0
2024-07-04 14:00:00+09:00,4023.0,4024.0,4023.0,4023.0,4300,0.0,0.0
2024-07-04 14:05:00+09:00,4024.0,4024.0,4021.0,4021.0,8700,0.0,0.0
2024-07-04 14:10:00+09:00,4021.0,4024.0,4021.0,4024.0,3900,0.0,0.0
2024-07-04 14:15:00+09:00,4024.0,4025.0,4021.0,4021.0,8700,0.0,0.0
2024-07-04 14:20:00+09:00,4022.0,4023.0,4020.0,4021.0,11300,0.0,0.0
2024-07-04 14:25:00+09:00,4021.0,4021.0,4020.0,4021.0,4400,0.0,0.0
2024-07-04 14:30:00+09:00,4021.0,4023.0,4019.0,4022.0,12500,0.0,0.0
2024-07-04 14:35:00+09:00,4022.0,4027.0,4022.0,4027.0,16100,0.0,0.0
2024-07-04 14:40:00+09:00,4026.0,4028.0,4024.0,4025.0,8000,0.0,0.0
2024-07-04 14:45:00+09:00,4025.0,4026.0,4024.0,4025.0,7500,0.0,0.0
2024-07-04 14:50:00+09:00,4025.0,4030.0,4024.0,4025.0,23000,0.0,0.0
2024-07-04 14:55:00+09:00,4025.0,4029.0,4023.0,4025.0,26700,0.0,0.0
2024-07-05 09:00:00+09:00,4027.0,4027.0,4006.0,4008.0,87600,0.0,0.0
2024-07-05 09:05:00+09:00,4006.0,4012.0,4002.0,4006.0,28800,0.0,0.0
2024-07-05 09:10:00+09:00,4005.0,4005.0,3994.0,3995.0,51200,0.0,0.0
2024-07-05 09:15:00+09:00,3995.0,3999.0,3991.0,3992.0,46300,0.0,0.0
2024-07-05 09:20:00+09:00,3991.0,3991.0,3983.0,3986.0,37200,0.0,0.0
2024-07-05 09:25:00+09:00,3987.0,3987.0,3978.0,3978.0,33500,0.0,0.0
2024-07-05 09:30:00+09:00,3979.0,3981.0,3960.0,3960.0,46700,0.0,0.0
2024-07-05 09:35:00+09:00,3960.0,3978.0,3959.0,3978.0,21200,0.0,0.0
2024-07-05 09:40:00+09:00,3979.0,3986.0,3976.0,3986.0,14200,0.0,0.0
2024-07-05 09:45:00+09:00,3987.0,3988.0,3980.0,3984.0,12700,0.0,0.0
2024-07-05 09:50:00+09:00,3984.0,3986.0,3978.0,3978.0,9700,0.0,0.0
2024-07-05 09:55:00+09:00,3978.0,3980.0,3977.0,3979.0,6800,0.0,0.0
2024-07-05 10:00:00+09:00,3980.0,3981.0,3978.0,3979.0,6100,0.0,0.0
2024-07-05 10:05:00+09:00,3979.0,3979.0,3971.0,3971.0,15300,0.0,0.0
2024-07-05 10:10:00+09:00,3972.0,3972.0,3967.0,3972.0,12900,0.0,0.0
2024-07-05 10:15:00+09:00,3972.0,3973.0,3968.0,3968.0,3800,0.0,0.0
2024-07-05 10:20:00+09:00,3969.0,3972.0,3968.0,3970.0,8600,0.0,0.0
2024-07-05 10:25:00+09:00,3972.0,3977.0,3972.0,3977.0,7100,0.0,0.0
2024-07-05 10:30:00+09:00,3978.0,3979.0,3974.0,3975.0,5900,0.0,0.0
2024-07-05 10:35:00+09:00,3977.0,3979.0,3977.0,3977.0,3100,0.0,0.0
2024-07-05 10:40:00+09:00,3977.0,3977.0,3975.0,3975.0,5100,0.0,0.0
2024-07-05 10:45:00+09:00,3976.0,3977.0,3972.0,3976.0,11800,0.0,0.0
2024-07-05 10:50:00+09:00,3975.0,3977.0,3975.0,3975.0,5400,0.0,0.0
2024-07-05 10:55:00+09:00,3975.0,3975.0,3973.0,3974.0,6700,0.0,0.0
2024-07-05 11:00:00+09:00,3973.0,3973.0,3966.0,3966.0,26500,0.0,0.0
2024-07-05 11:05:00+09:00,3967.0,3971.0,3966.0,3969.0,22200,0.0,0.0
2024-07-05 11:10:00+09:00,3969.0,3974.0,3969.0,3972.0,3900,0.0,0.0
2024-07-05 11:15:00+09:00,3971.0,3972.0,3965.0,3967.0,9900,0.0,0.0
2024-07-05 11:20:00+09:00,3967.0,3970.0,3967.0,3969.0,8200,0.0,0.0
2024-07-05 11:25:00+09:00,3969.0,3973.0,3969.0,3971.0,5700,0.0,0.0
2024-07-05 11:30:00+09:00,3970.0,3970.0,3969.0,3969.0,2200,0.0,0.0
2024-07-05 11:35:00+09:00,3969.0,3969.0,3969.0,3969.0,0,0.0,0.0
2024-07-05 12:30:00+09:00,3961.0,3961.0,3943.0,3944.0,678200,0.0,0.0
2024-07-05 12:35:00+09:00,3944.0,3945.0,3933.0,3936.0,63100,0.0,0.0
2024-07-05 12:40:00+09:00,3935.0,3940.0,3934.0,3935.0,10800,0.0,0.0
2024-07-05 12:45:00+09:00,3935.0,3942.0,3934.0,3940.0,11500,0.0,0.0
2024-07-05 12:50:00+09:00,3940.0,3942.0,3934.0,3935.0,20700,0.0,0.0
2024-07-05 12:55:00+09:00,3935.0,3935.0,3930.0,3931.0,23000,0.0,0.0
2024-07-05 13:00:00+09:00,3931.0,3937.0,3930.0,3937.0,12500,0.0,0.0
2024-07-05 13:05:00+09:00,3938.0,3939.0,3936.0,3936.0,12300,0.0,0.0
2024-07-05 13:10:00+09:00,3936.0,3943.0,3936.0,3943.0,8700,0.0,0.0
2024-07-05 13:15:00+09:00,3943.0,3945.0,3942.0,3944.0,16700,0.0,0.0
2024-07-05 13:20:00+09:00,3944.0,3948.0,3943.0,3948.0,9900,0.0,0.0
2024-07-05 13:25:00+09:00,3947.0,3951.0,3947.0,3951.0,9300,0.0,0.0
2024-07-05 13:30:00+09:00,3951.0,3952.0,3949.0,3950.0,7600,0.0,0.0
2024-07-05 13:35:00+09:00,3950.0,3950.0,3945.0,3947.0,11700,0.0,0.0
2024-07-05 13:40:00+09:00,3946.0,3947.0,3944.0,3946.0,13900,0.0,0.0
2024-07-05 13:45:00+09:00,3946.0,3947.0,3945.0,3946.0,7600,0.0,0.0
2024-07-05 13:50:00+09:00,3946.0,3952.0,3946.0,3951.0,9500,0.0,0.0
2024-07-05 13:55:00+09:00,3950.0,3950.0,3946.0,3946.0,9900,0.0,0.0
2024-07-05 14:00:00+09:00,3946.0,3949.0,3945.0,3948.0,11400,0.0,0.0
2024-07-05 14:05:00+09:00,3947.0,3950.0,3947.0,3948.0,7900,0.0,0.0
2024-07-05 14:10:00+09:00,3947.0,3949.0,3947.0,3948.0,6600,0.0,0.0
2024-07-05 14:15:00+09:00,3948.0,3950.0,3947.0,3948.0,6400,0.0,0.0
2024-07-05 14:20:00+09:00,3948.0,3948.0,3941.0,3941.0,22300,0.0,0.0
2024-07-05 14:25:00+09:00,3942.0,3942.0,3938.0,3940.0,44800,0.0,0.0
2024-07-05 14:30:00+09:00,3941.0,3941.0,3936.0,3936.0,17500,0.0,0.0
2024-07-05 14:35:00+09:00,3936.0,3938.0,3935.0,3938.0,13700,0.0,0.0
2024-07-05 14:40:00+09:00,3938.0,3938.0,3929.0,3933.0,60900,0.0,0.0
2024-07-05 14:45:00+09:00,3934.0,3935.0,3932.0,3933.0,9700,0.0,0.0
2024-07-05 14:50:00+09:00,3934.0,3936.0,3933.0,3933.0,17800,0.0,0.0
2024-07-05 14:55:00+09:00,3934.0,3937.0,3932.0,3935.0,35900,0.0,0.0
2024-07-08 09:00:00+09:00,3915.0,3934.0,3909.0,3932.0,81300,0.0,0.0
2024-07-08 09:05:00+09:00,3934.0,3934.0,3923.0,3927.0,21800,0.0,0.0
2024-07-08 09:10:00+09:00,3927.0,3933.0,3924.0,3933.0,13200,0.0,0.0
2024-07-08 09:15:00+09:00,3934.0,3941.0,3932.0,3934.0,19800,0.0,0.0
2024-07-08 09:20:00+09:00,3933.0,3944.0,3933.0,3943.0,14200,0.0,0.0
2024-07-08 09:25:00+09:00,3943.0,3943.0,3933.0,3934.0,11800,0.0,0.0
2024-07-08 09:30:00+09:00,3935.0,3935.0,3932.0,3935.0,9800,0.0,0.0
2024-07-08 09:35:00+09:00,3936.0,3938.0,3923.0,3924.0,19000,0.0,0.0
2024-07-08 09:40:00+09:00,3923.0,3923.0,3913.0,3914.0,25700,0.0,0.0
2024-07-08 09:45:00+09:00,3913.0,3913.0,3908.0,3912.0,13000,0.0,0.0
2024-07-08 09:50:00+09:00,3914.0,3918.0,3911.0,3911.0,6800,0.0,0.0
2024-07-08 09:55:00+09:00,3911.0,3911.0,3905.0,3905.0,6300,0.0,0.0
2024-07-08 10:00:00+09:00,3905.0,3909.0,3901.0,3908.0,15000,0.0,0.0
2024-07-08 10:05:00+09:00,3908.0,3909.0,3906.0,3909.0,3200,0.0,0.0
2024-07-08 10:10:00+09:00,3910.0,3910.0,3905.0,3908.0,7200,0.0,0.0
2024-07-08 10:15:00+09:00,3908.0,3909.0,3905.0,3908.0,6900,0.0,0.0
2024-07-08 10:20:00+09:00,3909.0,3912.0,3907.0,3910.0,5300,0.0,0.0
2024-07-08 10:25:00+09:00,3910.0,3910.0,3908.0,3909.0,3800,0.0,0.0
2024-07-08 10:30:00+09:00,3908.0,3911.0,3907.0,3911.0,6500,0.0,0.0
2024-07-08 10:35:00+09:00,3911.0,3911.0,3909.0,3910.0,2700,0.0,0.0
2024-07-08 10:40:00+09:00,3909.0,3912.0,3909.0,3912.0,3400,0.0,0.0
2024-07-08 10:45:00+09:00,3912.0,3912.0,3910.0,3910.0,3600,0.0,0.0
2024-07-08 10:50:00+09:00,3911.0,3911.0,3908.0,3911.0,6300,0.0,0.0
2024-07-08 10:55:00+09:00,3911.0,3913.0,3911.0,3913.0,3100,0.0,0.0
2024-07-08 11:00:00+09:00,3912.0,3912.0,3909.0,3910.0,3400,0.0,0.0
2024-07-08 11:05:00+09:00,3907.0,3907.0,3901.0,3904.0,14300,0.0,0.0
2024-07-08 11:10:00+09:00,3904.0,3907.0,3904.0,3907.0,2800,0.0,0.0
2024-07-08 11:15:00+09:00,3908.0,3911.0,3908.0,3911.0,6500,0.0,0.0
2024-07-08 11:20:00+09:00,3912.0,3913.0,3911.0,3911.0,3200,0.0,0.0
2024-07-08 11:25:00+09:00,3910.0,3911.0,3908.0,3911.0,2700,0.0,0.0
2024-07-08 11:30:00+09:00,3911.0,3911.0,3911.0,3911.0,500,0.0,0.0
2024-07-08 11:35:00+09:00,3911.0,3911.0,3911.0,3911.0,0,0.0,0.0
2024-07-08 12:30:00+09:00,3908.0,3915.0,3908.0,3914.0,358400,0.0,0.0
2024-07-08 12:35:00+09:00,3912.0,3912.0,3910.0,3911.0,5600,0.0,0.0
2024-07-08 12:40:00+09:00,3911.0,3914.0,3911.0,3914.0,6900,0.0,0.0
2024-07-08 12:45:00+09:00,3914.0,3918.0,3913.0,3918.0,6600,0.0,0.0
2024-07-08 12:50:00+09:00,3917.0,3917.0,3913.0,3913.0,4100,0.0,0.0
2024-07-08 12:55:00+09:00,3913.0,3913.0,3905.0,3905.0,42600,0.0,0.0
2024-07-08 13:00:00+09:00,3904.0,3905.0,3903.0,3905.0,5700,0.0,0.0
2024-07-08 13:05:00+09:00,3906.0,3906.0,3903.0,3903.0,2100,0.0,0.0
2024-07-08 13:10:00+09:00,3903.0,3905.0,3903.0,3905.0,6800,0.0,0.0
2024-07-08 13:15:00+09:00,3906.0,3908.0,3906.0,3908.0,7000,0.0,0.0
2024-07-08 13:20:00+09:00,3907.0,3909.0,3905.0,3907.0,8300,0.0,0.0
2024-07-08 13:25:00+09:00,3908.0,3908.0,3906.0,3907.0,2300,0.0,0.0
2024-07-08 13:30:00+09:00,3907.0,3908.0,3905.0,3905.0,3500,0.0,0.0
2024-07-08 13:35:00+09:00,3905.0,3905.0,3902.0,3903.0,19000,0.0,0.0
2024-07-08 13:40:00+09:00,3904.0,3904.0,3901.0,3902.0,12100,0.0,0.0
2024-07-08 13:45:00+09:00,3902.0,3903.0,3896.0,3900.0,52400,0.0,0.0
2024-07-08 13:50:00+09:00,3900.0,3901.0,3900.0,3901.0,3800,0.0,0.0
2024-07-08 13:55:00+09:00,3900.0,3902.0,3900.0,3901.0,19800,0.0,0.0
2024-07-08 14:00:00+09:00,3900.0,3901.0,3896.0,3896.0,6900,0.0,0.0
2024-07-08 14:05:00+09:00,3896.0,3896.0,3890.0,3890.0,15800,0.0,0.0
2024-07-08 14:10:00+09:00,3890.0,3890.0,3889.0,3889.0,9400,0.0,0.0
2024-07-08 14:15:00+09:00,3890.0,3890.0,3887.0,3887.0,14900,0.0,0.0
2024-07-08 14:20:00+09:00,3887.0,3891.0,3886.0,3891.0,7800,0.0,0.0
2024-07-08 14:25:00+09:00,3891.0,3891.0,3887.0,3888.0,7000,0.0,0.0
2024-07-08 14:30:00+09:00,3887.0,3892.0,3887.0,3891.0,14600,0.0,0.0
2024-07-08 14:35:00+09:00,3892.0,3898.0,3892.0,3897.0,7700,0.0,0.0
2024-07-08 14:40:00+09:00,3897.0,3897.0,3893.0,3895.0,10900,0.0,0.0
2024-07-08 14:45:00+09:00,3895.0,3896.0,3891.0,3891.0,8900,0.0,0.0
2024-07-08 14:50:00+09:00,3890.0,3891.0,3884.0,3888.0,38900,0.0,0.0
2024-07-08 14:55:00+09:00,3888.0,3891.0,3887.0,3891.0,25700,0.0,0.0
2024-07-09 09:00:00+09:00,3889.0,3906.0,3882.0,3890.0,50000,0.0,0.0
2024-07-09 09:05:00+09:00,3891.0,3900.0,3890.0,3897.0,13200,0.0,0.0
2024-07-09 09:10:00+09:00,3896.0,3897.0,3886.0,3888.0,15500,0.0,0.0
2024-07-09 09:15:00+09:00,3889.0,3894.0,3889.0,3891.0,9300,0.0,0.0
2024-07-09 09:20:00+09:00,3892.0,3898.0,3891.0,3892.0,11300,0.0,0.0
2024-07-09 09:25:00+09:00,3892.0,3902.0,3892.0,3900.0,13200,0.0,0.0
2024-07-09 09:30:00+09:00,3900.0,3900.0,3875.0,3882.0,148900,0.0,0.0
2024-07-09 09:35:00+09:00,3884.0,3886.0,3875.0,3879.0,15000,0.0,0.0
2024-07-09 09:40:00+09:00,3879.0,3881.0,3877.0,3880.0,9700,0.0,0.0
2024-07-09 09:45:00+09:00,3879.0,3880.0,3875.0,3878.0,13100,0.0,0.0
2024-07-09 09:50:00+09:00,3877.0,3878.0,3873.0,3874.0,10100,0.0,0.0
2024-07-09 09:55:00+09:00,3873.0,3879.0,3873.0,3874.0,11100,0.0,0.0
2024-07-09 10:00:00+09:00,3873.0,3873.0,3866.0,3866.0,23600,0.0,0.0
2024-07-09 10:05:00+09:00,3866.0,3874.0,3866.0,3873.0,8900,0.0,0.0
2024-07-09 10:10:00+09:00,3870.0,3871.0,3866.0,3870.0,67900,0.0,0.0
2024-07-09 10:15:00+09:00,3871.0,3877.0,3871.0,3871.0,13600,0.0,0.0
2024-07-09 10:20:00+09:00,3872.0,3873.0,3871.0,3873.0,4400,0.0,0.0
2024-07-09 10:25:00+09:00,3873.0,3873.0,3870.0,3871.0,8000,0.0,0.0
2024-07-09 10:30:00+09:00,3870.0,3871.0,3868.0,3868.0,5300,0.0,0.0
2024-07-09 10:35:00+09:00,3868.0,3868.0,3862.0,3863.0,16600,0.0,0.0
2024-07-09 10:40:00+09:00,3863.0,3865.0,3861.0,3865.0,9800,0.0,0.0
2024-07-09 10:45:00+09:00,3865.0,3870.0,3865.0,3870.0,6100,0.0,0.0
2024-07-09 10:50:00+09:00,3870.0,3876.0,3869.0,3874.0,7600,0.0,0.0
2024-07-09 10:55:00+09:00,3874.0,3874.0,3872.0,3873.0,4500,0.0,0.0
2024-07-09 11:00:00+09:00,3873.0,3873.0,3867.0,3868.0,8100,0.0,0.0
2024-07-09 11:05:00+09:00,3867.0,3871.0,3867.0,3867.0,9300,0.0,0.0
2024-07-09 11:10:00+09:00,3867.0,3872.0,3867.0,3870.0,6600,0.0,0.0
2024-07-09 11:15:00+09:00,3869.0,3871.0,3869.0,3869.0,4800,0.0,0.0
2024-07-09 11:20:00+09:00,3870.0,3872.0,3868.0,3868.0,10100,0.0,0.0
2024-07-09 11:25:00+09:00,3870.0,3875.0,3870.0,3873.0,5300,0.0,0.0
2024-07-09 11:30:00+09:00,3875.0,3875.0,3875.0,3875.0,11600,0.0,0.0
2024-07-09 11:35:00+09:00,3875.0,3875.0,3875.0,3875.0,0,0.0,0.0
2024-07-09 12:30:00+09:00,3881.0,3889.0,3880.0,3887.0,587100,0.0,0.0
2024-07-09 12:35:00+09:00,3887.0,3890.0,3883.0,3883.0,19800,0.0,0.0
2024-07-09 12:40:00+09:00,3883.0,3884.0,3881.0,3882.0,7900,0.0,0.0
2024-07-09 12:45:00+09:00,3882.0,3882.0,3876.0,3880.0,23900,0.0,0.0
2024-07-09 12:50:00+09:00,3878.0,3883.0,3878.0,3882.0,9200,0.0,0.0
2024-07-09 12:55:00+09:00,3882.0,3886.0,3882.0,3886.0,7600,0.0,0.0
2024-07-09 13:00:00+09:00,3886.0,3889.0,3886.0,3888.0,7900,0.0,0.0
2024-07-09 13:05:00+09:00,3888.0,3892.0,3888.0,3892.0,11600,0.0,0.0
2024-07-09 13:10:00+09:00,3892.0,3894.0,3890.0,3893.0,6600,0.0,0.0
2024-07-09 13:15:00+09:00,3894.0,3896.0,3891.0,3894.0,8800,0.0,0.0
2024-07-09 13:20:00+09:00,3894.0,3896.0,3893.0,3894.0,6500,0.0,0.0
2024-07-09 13:25:00+09:00,3895.0,3895.0,3893.0,3895.0,5900,0.0,0.0
2024-07-09 13:30:00+09:00,3895.0,3897.0,3895.0,3895.0,14300,0.0,0.0
2024-07-09 13:35:00+09:00,3896.0,3898.0,3895.0,3898.0,7200,0.0,0.0
2024-07-09 13:40:00+09:00,3897.0,3897.0,3895.0,3896.0,3100,0.0,0.0
2024-07-09 13:45:00+09:00,3896.0,3896.0,3894.0,3894.0,2900,0.0,0.0
2024-07-09 13:50:00+09:00,3895.0,3895.0,3893.0,3893.0,2600,0.0,0.0
2024-07-09 13:55:00+09:00,3894.0,3900.0,3894.0,3900.0,13300,0.0,0.0
2024-07-09 14:00:00+09:00,3900.0,3900.0,3894.0,3896.0,12100,0.0,0.0
2024-07-09 14:05:00+09:00,3896.0,3896.0,3892.0,3896.0,7500,0.0,0.0
2024-07-09 14:10:00+09:00,3896.0,3898.0,3894.0,3896.0,9000,0.0,0.0
2024-07-09 14:15:00+09:00,3895.0,3898.0,3893.0,3893.0,13000,0.0,0.0
2024-07-09 14:20:00+09:00,3893.0,3896.0,3891.0,3895.0,9000,0.0,0.0
2024-07-09 14:25:00+09:00,3895.0,3895.0,3894.0,3894.0,4100,0.0,0.0
2024-07-09 14:30:00+09:00,3893.0,3895.0,3892.0,3893.0,9200,0.0,0.0
2024-07-09 14:35:00+09:00,3893.0,3895.0,3893.0,3895.0,10700,0.0,0.0
2024-07-09 14:40:00+09:00,3895.0,3899.0,3895.0,3896.0,12700,0.0,0.0
2024-07-09 14:45:00+09:00,3896.0,3898.0,3895.0,3895.0,7600,0.0,0.0
2024-07-09 14:50:00+09:00,3895.0,3897.0,3893.0,3894.0,17800,0.0,0.0
2024-07-09 14:55:00+09:00,3894.0,3894.0,3881.0,3881.0,33800,0.0,0.0
2024-07-10 09:00:00+09:00,3870.0,3882.0,3869.0,3871.0,39000,0.0,0.0
2024-07-10 09:05:00+09:00,3870.0,3871.0,3865.0,3868.0,24200,0.0,0.0
2024-07-10 09:10:00+09:00,3870.0,3877.0,3869.0,3872.0,11000,0.0,0.0
2024-07-10 09:15:00+09:00,3871.0,3874.0,3870.0,3871.0,9700,0.0,0.0
2024-07-10 09:20:00+09:00,3870.0,3875.0,3870.0,3872.0,9600,0.0,0.0
2024-07-10 09:25:00+09:00,3873.0,3875.0,3870.0,3870.0,5500,0.0,0.0
2024-07-10 09:30:00+09:00,3871.0,3874.0,3869.0,3869.0,8200,0.0,0.0
2024-07-10 09:35:00+09:00,3869.0,3870.0,3864.0,3864.0,7600,0.0,0.0
2024-07-10 09:40:00+09:00,3864.0,3864.0,3858.0,3864.0,28600,0.0,0.0
2024-07-10 09:45:00+09:00,3864.0,3869.0,3864.0,3867.0,15500,0.0,0.0
2024-07-10 09:50:00+09:00,3868.0,3874.0,3868.0,3872.0,5200,0.0,0.0
2024-07-10 09:55:00+09:00,3872.0,3872.0,3868.0,3868.0,3700,0.0,0.0
2024-07-10 10:00:00+09:00,3869.0,3871.0,3868.0,3871.0,6900,0.0,0.0
2024-07-10 10:05:00+09:00,3872.0,3874.0,3872.0,3872.0,4800,0.0,0.0
2024-07-10 10:10:00+09:00,3874.0,3878.0,3873.0,3878.0,13100,0.0,0.0
2024-07-10 10:15:00+09:00,3878.0,3879.0,3871.0,3871.0,8800,0.0,0.0
2024-07-10 10:20:00+09:00,3873.0,3873.0,3869.0,3871.0,5700,0.0,0.0
2024-07-10 10:25:00+09:00,3870.0,3873.0,3870.0,3873.0,5200,0.0,0.0
2024-07-10 10:30:00+09:00,3873.0,3877.0,3872.0,3873.0,3900,0.0,0.0
2024-07-10 10:35:00+09:00,3874.0,3876.0,3873.0,3873.0,4100,0.0,0.0
2024-07-10 10:40:00+09:00,3874.0,3874.0,3869.0,3871.0,2600,0.0,0.0
2024-07-10 10:45:00+09:00,3870.0,3871.0,3868.0,3869.0,3700,0.0,0.0
2024-07-10 10:50:00+09:00,3869.0,3869.0,3866.0,3869.0,9200,0.0,0.0
2024-07-10 10:55:00+09:00,3869.0,3870.0,3869.0,3869.0,3300,0.0,0.0
2024-07-10 11:00:00+09:00,3869.0,3870.0,3866.0,3870.0,4200,0.0,0.0
2024-07-10 11:05:00+09:00,3869.0,3869.0,3867.0,3867.0,1800,0.0,0.0
2024-07-10 11:10:00+09:00,3867.0,3868.0,3866.0,3867.0,4900,0.0,0.0
2024-07-10 11:15:00+09:00,3867.0,3868.0,3865.0,3865.0,9400,0.0,0.0
2024-07-10 11:20:00+09:00,3865.0,3865.0,3863.0,3865.0,3600,0.0,0.0
2024-07-10 11:25:00+09:00,3864.0,3865.0,3863.0,3864.0,2600,0.0,0.0
2024-07-10 11:30:00+09:00,3864.0,3864.0,3864.0,3864.0,14400,0.0,0.0
2024-07-10 11:35:00+09:00,3864.0,3864.0,3864.0,3864.0,0,0.0,0.0
2024-07-10 12:30:00+09:00,3860.0,3864.0,3857.0,3857.0,328600,0.0,0.0
2024-07-10 12:35:00+09:00,3858.0,3858.0,3852.0,3852.0,21000,0.0,0.0
2024-07-10 12:40:00+09:00,3852.0,3855.0,3851.0,3853.0,10700,0.0,0.0
2024-07-10 12:45:00+09:00,3853.0,3855.0,3850.0,3852.0,21700,0.0,0.0
2024-07-10 12:50:00+09:00,3852.0,3852.0,3846.0,3850.0,51600,0.0,0.0
2024-07-10 12:55:00+09:00,3850.0,3851.0,3847.0,3847.0,8700,0.0,0.0
2024-07-10 13:00:00+09:00,3848.0,3853.0,3847.0,3853.0,6600,0.0,0.0
2024-07-10 13:05:00+09:00,3851.0,3852.0,3849.0,3851.0,3800,0.0,0.0
2024-07-10 13:10:00+09:00,3850.0,3851.0,3848.0,3848.0,7500,0.0,0.0
2024-07-10 13:15:00+09:00,3848.0,3852.0,3846.0,3850.0,8100,0.0,0.0
2024-07-10 13:20:00+09:00,3850.0,3851.0,3848.0,3850.0,5700,0.0,0.0
2024-07-10 13:25:00+09:00,3851.0,3854.0,3850.0,3853.0,4200,0.0,0.0
2024-07-10 13:30:00+09:00,3853.0,3853.0,3851.0,3852.0,3100,0.0,0.0
2024-07-10 13:35:00+09:00,3853.0,3854.0,3852.0,3853.0,2000,0.0,0.0
2024-07-10 13:40:00+09:00,3853.0,3854.0,3852.0,3853.0,5800,0.0,0.0
2024-07-10 13:45:00+09:00,3853.0,3854.0,3853.0,3853.0,4600,0.0,0.0
2024-07-10 13:50:00+09:00,3853.0,3855.0,3853.0,3854.0,4500,0.0,0.0
2024-07-10 13:55:00+09:00,3855.0,3860.0,3855.0,3858.0,8400,0.0,0.0
2024-07-10 14:00:00+09:00,3858.0,3864.0,3858.0,3862.0,9100,0.0,0.0
2024-07-10 14:05:00+09:00,3863.0,3866.0,3862.0,3865.0,9900,0.0,0.0
2024-07-10 14:10:00+09:00,3865.0,3868.0,3864.0,3865.0,6900,0.0,0.0
2024-07-10 14:15:00+09:00,3866.0,3872.0,3866.0,3868.0,14100,0.0,0.0
2024-07-10 14:20:00+09:00,3868.0,3869.0,3866.0,3868.0,8600,0.0,0.0
2024-07-10 14:25:00+09:00,3868.0,3870.0,3866.0,3867.0,5900,0.0,0.0
2024-07-10 14:30:00+09:00,3868.0,3872.0,3867.0,3872.0,6900,0.0,0.0
2024-07-10 14:35:00+09:00,3871.0,3873.0,3869.0,3871.0,7700,0.0,0.0
2024-07-10 14:40:00+09:00,3869.0,3873.0,3869.0,3871.0,7600,0.0,0.0
2024-07-10 14:45:00+09:00,3871.0,3872.0,3868.0,3871.0,40400,0.0,0.0
2024-07-10 14:50:00+09:00,3871.0,3874.0,3869.0,3873.0,11000,0.0,0.0
2024-07-10 14:55:00+09:00,3873.0,3877.0,3871.0,3874.0,39200,0.0,0.0
2024-07-11 09:00:00+09:00,3900.0,3906.0,3894.0,3899.0,70000,0.0,0.0
2024-07-11 09:05:00+09:00,3899.0,3905.0,3894.0,3899.0,22800,0.0,0.0
2024-07-11 09:10:00+09:00,3898.0,3901.0,3893.0,3894.0,19600,0.0,0.0
2024-07-11 09:15:00+09:00,3895.0,3902.0,3894.0,3900.0,11600,0.0,0.0
2024-07-11 09:20:00+09:00,3901.0,3907.0,3900.0,3904.0,21000,0.0,0.0
2024-07-11 09:25:00+09:00,3903.0,3904.0,3898.0,3903.0,18100,0.0,0.0
2024-07-11 09:30:00+09:00,3902.0,3903.0,3891.0,3894.0,19100,0.0,0.0
2024-07-11 09:35:00+09:00,3895.0,3898.0,3893.0,3894.0,9100,0.0,0.0
2024-07-11 09:40:00+09:00,3895.0,3901.0,3895.0,3895.0,18600,0.0,0.0
2024-07-11 09:45:00+09:00,3895.0,3901.0,3895.0,3895.0,13500,0.0,0.0
2024-07-11 09:50:00+09:00,3896.0,3898.0,3893.0,3893.0,12200,0.0,0.0
2024-07-11 09:55:00+09:00,3893.0,3894.0,3890.0,3891.0,14500,0.0,0.0
2024-07-11 10:00:00+09:00,3892.0,3897.0,3892.0,3893.0,6700,0.0,0.0
2024-07-11 10:05:00+09:00,3894.0,3896.0,3888.0,3888.0,4700,0.0,0.0
2024-07-11 10:10:00+09:00,3888.0,3890.0,3887.0,3887.0,5000,0.0,0.0
2024-07-11 10:15:00+09:00,3887.0,3892.0,3887.0,3891.0,5100,0.0,0.0
2024-07-11 10:20:00+09:00,3892.0,3893.0,3890.0,3891.0,6300,0.0,0.0
2024-07-11 10:25:00+09:00,3892.0,3897.0,3892.0,3896.0,5400,0.0,0.0
2024-07-11 10:30:00+09:00,3897.0,3898.0,3896.0,3898.0,12200,0.0,0.0
2024-07-11 10:35:00+09:00,3898.0,3900.0,3898.0,3899.0,10400,0.0,0.0
2024-07-11 10:40:00+09:00,3900.0,3900.0,3896.0,3896.0,6100,0.0,0.0
2024-07-11 10:45:00+09:00,3897.0,3901.0,3897.0,3901.0,10900,0.0,0.0
2024-07-11 10:50:00+09:00,3901.0,3908.0,3901.0,3907.0,22200,0.0,0.0
2024-07-11 10:55:00+09:00,3906.0,3906.0,3903.0,3904.0,3400,0.0,0.0
2024-07-11 11:00:00+09:00,3903.0,3905.0,3903.0,3903.0,6100,0.0,0.0
2024-07-11 11:05:00+09:00,3904.0,3904.0,3901.0,3902.0,2600,0.0,0.0
2024-07-11 11:10:00+09:00,3900.0,3900.0,3895.0,3895.0,7700,0.0,0.0
2024-07-11 11:15:00+09:00,3895.0,3897.0,3893.0,3896.0,9700,0.0,0.0
2024-07-11 11:20:00+09:00,3896.0,3897.0,3894.0,3895.0,4800,0.0,0.0
2024-07-11 11:25:00+09:00,3896.0,3896.0,3892.0,3892.0,3600,0.0,0.0
2024-07-11 11:30:00+09:00,3892.0,3892.0,3892.0,3892.0,10200,0.0,0.0
2024-07-11 11:35:00+09:00,3892.0,3892.0,3892.0,3892.0,0,0.0,0.0
2024-07-11 12:30:00+09:00,3892.0,3897.0,3891.0,3897.0,417600,0.0,0.0
2024-07-11 12:35:00+09:00,3897.0,3902.0,3895.0,3900.0,14400,0.0,0.0
2024-07-11 12:40:00+09:00,3901.0,3903.0,3900.0,3903.0,5000,0.0,0.0
2024-07-11 12:45:00+09:00,3903.0,3906.0,3901.0,3906.0,10500,0.0,0.0
2024-07-11 12:50:00+09:00,3904.0,3907.0,3903.0,3904.0,16600,0.0,0.0
2024-07-11 12:55:00+09:00,3904.0,3907.0,3904.0,3905.0,4900,0.0,0.0
2024-07-11 13:00:00+09:00,3905.0,3905.0,3901.0,3901.0,7700,0.0,0.0
2024-07-11 13:05:00+09:00,3901.0,3901.0,3897.0,3898.0,12700,0.0,0.0
2024-07-11 13:10:00+09:00,3898.0,3901.0,3898.0,3900.0,5600,0.0,0.0
2024-07-11 13:15:00+09:00,3901.0,3901.0,3898.0,3900.0,5500,0.0,0.0
2024-07-11 13:20:00+09:00,3899.0,3899.0,3896.0,3899.0,6500,0.0,0.0
2024-07-11 13:25:00+09:00,3899.0,3902.0,3897.0,3901.0,6200,0.0,0.0
2024-07-11 13:30:00+09:00,3900.0,3900.0,3899.0,3900.0,3200,0.0,0.0
2024-07-11 13:35:00+09:00,3899.0,3901.0,3897.0,3898.0,4000,0.0,0.0
2024-07-11 13:40:00+09:00,3897.0,3898.0,3893.0,3895.0,10200,0.0,0.0
2024-07-11 13:45:00+09:00,3894.0,3896.0,3894.0,3895.0,5300,0.0,0.0
2024-07-11 13:50:00+09:00,3894.0,3894.0,3892.0,3894.0,3500,0.0,0.0
2024-07-11 13:55:00+09:00,3893.0,3894.0,3892.0,3892.0,6200,0.0,0.0
2024-07-11 14:00:00+09:00,3893.0,3897.0,3892.0,3897.0,7800,0.0,0.0
2024-07-11 14:05:00+09:00,3897.0,3897.0,3894.0,3894.0,6200,0.0,0.0
2024-07-11 14:10:00+09:00,3894.0,3894.0,3892.0,3892.0,5300,0.0,0.0
2024-07-11 14:15:00+09:00,3892.0,3892.0,3892.0,3892.0,2700,0.0,0.0
2024-07-11 14:20:00+09:00,3892.0,3895.0,3891.0,3894.0,13900,0.0,0.0
2024-07-11 14:25:00+09:00,3894.0,3897.0,3894.0,3897.0,7400,0.0,0.0
2024-07-11 14:30:00+09:00,3897.0,3900.0,3895.0,3900.0,10200,0.0,0.0
2024-07-11 14:35:00+09:00,3900.0,3902.0,3896.0,3896.0,11300,0.0,0.0
2024-07-11 14:40:00+09:00,3896.0,3897.0,3894.0,3896.0,8200,0.0,0.0
2024-07-11 14:45:00+09:00,3897.0,3900.0,3894.0,3899.0,13200,0.0,0.0
2024-07-11 14:50:00+09:00,3899.0,3903.0,3898.0,3901.0,18900,0.0,0.0
2024-07-11 14:55:00+09:00,3900.0,3901.0,3893.0,3896.0,35700,0.0,0.0
2024-07-12 09:00:00+09:00,3860.0,3861.0,3836.0,3840.0,135000,0.0,0.0
2024-07-12 09:05:00+09:00,3841.0,3862.0,3838.0,3860.0,36600,0.0,0.0
2024-07-12 09:10:00+09:00,3863.0,3878.0,3860.0,3872.0,19200,0.0,0.0
2024-07-12 09:15:00+09:00,3871.0,3876.0,3867.0,3873.0,12300,0.0,0.0
2024-07-12 09:20:00+09:00,3873.0,3877.0,3870.0,3875.0,10600,0.0,0.0
2024-07-12 09:25:00+09:00,3875.0,3880.0,3872.0,3876.0,12200,0.0,0.0
2024-07-12 09:30:00+09:00,3878.0,3879.0,3865.0,3868.0,16600,0.0,0.0
2024-07-12 09:35:00+09:00,3868.0,3871.0,3862.0,3862.0,30700,0.0,0.0
2024-07-12 09:40:00+09:00,3863.0,3869.0,3860.0,3867.0,11700,0.0,0.0
2024-07-12 09:45:00+09:00,3864.0,3865.0,3861.0,3861.0,10100,0.0,0.0
2024-07-12 09:50:00+09:00,3860.0,3860.0,3849.0,3849.0,28900,0.0,0.0
2024-07-12 09:55:00+09:00,3853.0,3856.0,3849.0,3849.0,11700,0.0,0.0
2024-07-12 10:00:00+09:00,3849.0,3857.0,3848.0,3856.0,19700,0.0,0.0
2024-07-12 10:05:00+09:00,3857.0,3862.0,3857.0,3860.0,5600,0.0,0.0
2024-07-12 10:10:00+09:00,3860.0,3861.0,3857.0,3861.0,7000,0.0,0.0
2024-07-12 10:15:00+09:00,3861.0,3863.0,3856.0,3856.0,10600,0.0,0.0
2024-07-12 10:20:00+09:00,3858.0,3859.0,3857.0,3859.0,3900,0.0,0.0
2024-07-12 10:25:00+09:00,3859.0,3859.0,3853.0,3854.0,12100,0.0,0.0
2024-07-12 10:30:00+09:00,3854.0,3856.0,3852.0,3856.0,8000,0.0,0.0
2024-07-12 10:35:00+09:00,3857.0,3861.0,3856.0,3858.0,6300,0.0,0.0
2024-07-12 10:40:00+09:00,3858.0,3862.0,3858.0,3861.0,2900,0.0,0.0
2024-07-12 10:45:00+09:00,3861.0,3866.0,3861.0,3866.0,8500,0.0,0.0
2024-07-12 10:50:00+09:00,3865.0,3866.0,3863.0,3863.0,5000,0.0,0.0
2024-07-12 10:55:00+09:00,3863.0,3868.0,3862.0,3866.0,7700,0.0,0.0
2024-07-12 11:00:00+09:00,3866.0,3867.0,3856.0,3856.0,10300,0.0,0.0
2024-07-12 11:05:00+09:00,3856.0,3856.0,3854.0,3855.0,5700,0.0,0.0
2024-07-12 11:10:00+09:00,3856.0,3857.0,3854.0,3857.0,2600,0.0,0.0
2024-07-12 11:15:00+09:00,3857.0,3859.0,3855.0,3857.0,3900,0.0,0.0
2024-07-12 11:20:00+09:00,3857.0,3860.0,3857.0,3860.0,4700,0.0,0.0
2024-07-12 11:25:00+09:00,3861.0,3865.0,3860.0,3864.0,4400,0.0,0.0
2024-07-12 11:30:00+09:00,3866.0,3866.0,3866.0,3866.0,1300,0.0,0.0
2024-07-12 11:35:00+09:00,3866.0,3866.0,3866.0,3866.0,0,0.0,0.0
2024-07-12 12:30:00+09:00,3862.0,3863.0,3859.0,3862.0,488800,0.0,0.0
2024-07-12 12:35:00+09:00,3863.0,3866.0,3861.0,3862.0,8800,0.0,0.0
2024-07-12 12:40:00+09:00,3861.0,3864.0,3861.0,3864.0,4500,0.0,0.0
2024-07-12 12:45:00+09:00,3865.0,3866.0,3862.0,3863.0,3100,0.0,0.0
2024-07-12 12:50:00+09:00,3863.0,3863.0,3859.0,3859.0,12500,0.0,0.0
2024-07-12 12:55:00+09:00,3859.0,3860.0,3858.0,3858.0,9600,0.0,0.0
2024-07-12 13:00:00+09:00,3859.0,3870.0,3858.0,3870.0,25300,0.0,0.0
2024-07-12 13:05:00+09:00,3870.0,3873.0,3868.0,3873.0,15000,0.0,0.0
2024-07-12 13:10:00+09:00,3872.0,3873.0,3866.0,3870.0,8400,0.0,0.0
2024-07-12 13:15:00+09:00,3870.0,3877.0,3870.0,3873.0,71100,0.0,0.0
2024-07-12 13:20:00+09:00,3874.0,3874.0,3869.0,3870.0,11500,0.0,0.0
2024-07-12 13:25:00+09:00,3870.0,3871.0,3864.0,3864.0,10700,0.0,0.0
2024-07-12 13:30:00+09:00,3865.0,3871.0,3865.0,3871.0,6500,0.0,0.0
2024-07-12 13:35:00+09:00,3870.0,3873.0,3868.0,3873.0,7900,0.0,0.0
2024-07-12 13:40:00+09:00,3873.0,3875.0,3871.0,3872.0,7000,0.0,0.0
2024-07-12 13:45:00+09:00,3874.0,3874.0,3871.0,3872.0,6000,0.0,0.0
2024-07-12 13:50:00+09:00,3873.0,3873.0,3869.0,3871.0,7100,0.0,0.0
2024-07-12 13:55:00+09:00,3871.0,3872.0,3868.0,3868.0,8800,0.0,0.0
2024-07-12 14:00:00+09:00,3868.0,3869.0,3867.0,3867.0,3700,0.0,0.0
2024-07-12 14:05:00+09:00,3867.0,3868.0,3867.0,3867.0,1500,0.0,0.0
2024-07-12 14:10:00+09:00,3867.0,3867.0,3863.0,3863.0,7100,0.0,0.0
2024-07-12 14:15:00+09:00,3864.0,3866.0,3863.0,3864.0,7000,0.0,0.0
2024-07-12 14:20:00+09:00,3863.0,3863.0,3858.0,3863.0,13200,0.0,0.0
2024-07-12 14:25:00+09:00,3862.0,3862.0,3857.0,3858.0,15500,0.0,0.0
2024-07-12 14:30:00+09:00,3859.0,3862.0,3858.0,3861.0,8900,0.0,0.0
2024-07-12 14:35:00+09:00,3861.0,3861.0,3857.0,3860.0,7500,0.0,0.0
2024-07-12 14:40:00+09:00,3861.0,3862.0,3857.0,3858.0,6200,0.0,0.0
2024-07-12 14:45:00+09:00,3857.0,3861.0,3857.0,3861.0,10700,0.0,0.0
2024-07-12 14:50:00+09:00,3860.0,3866.0,3860.0,3864.0,24700,0.0,0.0
2024-07-12 14:55:00+09:00,3863.0,3868.0,3861.0,3868.0,35700,0.0,0.0
2024-07-16 09:00:00+09:00,3870.0,3887.0,3867.0,3881.0,58100,0.0,0.0
2024-07-16 09:05:00+09:00,3881.0,3884.0,3875.0,3877.0,10200,0.0,0.0
2024-07-16 09:10:00+09:00,3876.0,3891.0,3876.0,3891.0,28900,0.0,0.0
2024-07-16 09:15:00+09:00,3891.0,3897.0,3890.0,3890.0,8200,0.0,0.0
2024-07-16 09:20:00+09:00,3889.0,3894.0,3887.0,3894.0,9600,0.0,0.0
2024-07-16 09:25:00+09:00,3894.0,3902.0,3893.0,3899.0,14600,0.0,0.0
2024-07-16 09:30:00+09:00,3898.0,3902.0,3898.0,3899.0,7100,0.0,0.0
2024-07-16 09:35:00+09:00,3899.0,3905.0,3896.0,3904.0,10200,0.0,0.0
2024-07-16 09:40:00+09:00,3904.0,3908.0,3902.0,3904.0,10400,0.0,0.0
2024-07-16 09:45:00+09:00,3904.0,3907.0,3903.0,3907.0,13000,0.0,0.0
2024-07-16 09:50:00+09:00,3907.0,3913.0,3904.0,3912.0,23700,0.0,0.0
2024-07-16 09:55:00+09:00,3912.0,3912.0,3907.0,3907.0,6300,0.0,0.0
2024-07-16 10:00:00+09:00,3908.0,3908.0,3903.0,3903.0,7900,0.0,0.0
2024-07-16 10:05:00+09:00,3905.0,3910.0,3904.0,3906.0,11000,0.0,0.0
2024-07-16 10:10:00+09:00,3905.0,3909.0,3905.0,3908.0,7800,0.0,0.0
2024-07-16 10:15:00+09:00,3908.0,3910.0,3908.0,3910.0,12200,0.0,0.0
2024-07-16 10:20:00+09:00,3910.0,3917.0,3910.0,3917.0,16500,0.0,0.0
2024-07-16 10:25:00+09:00,3918.0,3922.0,3918.0,3919.0,17900,0.0,0.0
2024-07-16 10:30:00+09:00,3919.0,3928.0,3919.0,3928.0,27300,0.0,0.0
2024-07-16 10:35:00+09:00,3928.0,3929.0,3925.0,3926.0,8400,0.0,0.0
2024-07-16 10:40:00+09:00,3926.0,3933.0,3921.0,3921.0,32100,0.0,0.0
2024-07-16 10:45:00+09:00,3920.0,3922.0,3916.0,3917.0,7300,0.0,0.0
2024-07-16 10:50:00+09:00,3917.0,3919.0,3915.0,3915.0,3300,0.0,0.0
2024-07-16 10:55:00+09:00,3915.0,3915.0,3911.0,3912.0,5700,0.0,0.0
2024-07-16 11:00:00+09:00,3912.0,3914.0,3909.0,3913.0,9000,0.0,0.0
2024-07-16 11:05:00+09:00,3913.0,3915.0,3913.0,3914.0,3800,0.0,0.0
2024-07-16 11:10:00+09:00,3914.0,3918.0,3914.0,3918.0,4800,0.0,0.0
2024-07-16 11:15:00+09:00,3919.0,3919.0,3911.0,3911.0,7000,0.0,0.0
2024-07-16 11:20:00+09:00,3911.0,3912.0,3910.0,3912.0,3800,0.0,0.0
2024-07-16 11:25:00+09:00,3913.0,3914.0,3912.0,3914.0,3600,0.0,0.0
2024-07-16 11:30:00+09:00,3914.0,3915.0,3914.0,3915.0,1000,0.0,0.0
2024-07-16 11:35:00+09:00,3915.0,3915.0,3915.0,3915.0,0,0.0,0.0
2024-07-16 12:30:00+09:00,3909.0,3913.0,3902.0,3906.0,417100,0.0,0.0
2024-07-16 12:35:00+09:00,3905.0,3905.0,3901.0,3902.0,6100,0.0,0.0
2024-07-16 12:40:00+09:00,3901.0,3904.0,3901.0,3904.0,2500,0.0,0.0
2024-07-16 12:45:00+09:00,3905.0,3907.0,3905.0,3907.0,3500,0.0,0.0
2024-07-16 12:50:00+09:00,3907.0,3909.0,3906.0,3906.0,4300,0.0,0.0
2024-07-16 12:55:00+09:00,3907.0,3910.0,3907.0,3908.0,3000,0.0,0.0
2024-07-16 13:00:00+09:00,3906.0,3906.0,3901.0,3903.0,4600,0.0,0.0
2024-07-16 13:05:00+09:00,3902.0,3903.0,3901.0,3903.0,3300,0.0,0.0
2024-07-16 13:10:00+09:00,3903.0,3905.0,3901.0,3904.0,4600,0.0,0.0
2024-07-16 13:15:00+09:00,3904.0,3906.0,3901.0,3901.0,3500,0.0,0.0
2024-07-16 13:20:00+09:00,3900.0,3902.0,3900.0,3902.0,10500,0.0,0.0
2024-07-16 13:25:00+09:00,3903.0,3904.0,3903.0,3903.0,4300,0.0,0.0
2024-07-16 13:30:00+09:00,3903.0,3904.0,3902.0,3902.0,4200,0.0,0.0
2024-07-16 13:35:00+09:00,3902.0,3905.0,3902.0,3904.0,5300,0.0,0.0
2024-07-16 13:40:00+09:00,3905.0,3906.0,3904.0,3906.0,3000,0.0,0.0
2024-07-16 13:45:00+09:00,3906.0,3906.0,3905.0,3905.0,1200,0.0,0.0
2024-07-16 13:50:00+09:00,3905.0,3906.0,3905.0,3906.0,2100,0.0,0.0
2024-07-16 13:55:00+09:00,3906.0,3906.0,3905.0,3905.0,4500,0.0,0.0
2024-07-16 14:00:00+09:00,3904.0,3904.0,3902.0,3902.0,2600,0.0,0.0
2024-07-16 14:05:00+09:00,3903.0,3904.0,3902.0,3904.0,3000,0.0,0.0
2024-07-16 14:10:00+09:00,3903.0,3903.0,3902.0,3902.0,2600,0.0,0.0
2024-07-16 14:15:00+09:00,3902.0,3903.0,3902.0,3902.0,2400,0.0,0.0
2024-07-16 14:20:00+09:00,3902.0,3913.0,3902.0,3908.0,76600,0.0,0.0
2024-07-16 14:25:00+09:00,3910.0,3910.0,3906.0,3907.0,2800,0.0,0.0
2024-07-16 14:30:00+09:00,3908.0,3909.0,3908.0,3908.0,5000,0.0,0.0
2024-07-16 14:35:00+09:00,3908.0,3911.0,3907.0,3911.0,8700,0.0,0.0
2024-07-16 14:40:00+09:00,3911.0,3912.0,3910.0,3910.0,9400,0.0,0.0
2024-07-16 14:45:00+09:00,3909.0,3910.0,3907.0,3907.0,8900,0.0,0.0
2024-07-16 14:50:00+09:00,3908.0,3913.0,3908.0,3909.0,24700,0.0,0.0
2024-07-16 14:55:00+09:00,3909.0,3910.0,3905.0,3905.0,22100,0.0,0.0
2024-07-17 09:00:00+09:00,3956.0,3970.0,3927.0,3929.0,128200,0.0,0.0
2024-07-17 09:05:00+09:00,3929.0,3940.0,3927.0,3940.0,15800,0.0,0.0
2024-07-17 09:10:00+09:00,3940.0,3945.0,3935.0,3940.0,11600,0.0,0.0
2024-07-17 09:15:00+09:00,3941.0,3949.0,3938.0,3948.0,12900,0.0,0.0
2024-07-17 09:20:00+09:00,3949.0,3949.0,3945.0,3945.0,6200,0.0,0.0
2024-07-17 09:25:00+09:00,3946.0,3950.0,3944.0,3945.0,15100,0.0,0.0
2024-07-17 09:30:00+09:00,3945.0,3945.0,3938.0,3942.0,17900,0.0,0.0
2024-07-17 09:35:00+09:00,3942.0,3943.0,3935.0,3941.0,10100,0.0,0.0
2024-07-17 09:40:00+09:00,3941.0,3943.0,3941.0,3943.0,3600,0.0,0.0
2024-07-17 09:45:00+09:00,3944.0,3954.0,3944.0,3949.0,60200,0.0,0.0
2024-07-17 09:50:00+09:00,3950.0,3954.0,3949.0,3951.0,8900,0.0,0.0
2024-07-17 09:55:00+09:00,3950.0,3957.0,3949.0,3956.0,9900,0.0,0.0
2024-07-17 10:00:00+09:00,3956.0,3957.0,3953.0,3957.0,6900,0.0,0.0
2024-07-17 10:05:00+09:00,3956.0,3958.0,3953.0,3958.0,5400,0.0,0.0
2024-07-17 10:10:00+09:00,3958.0,3960.0,3957.0,3957.0,14000,0.0,0.0
2024-07-17 10:15:00+09:00,3957.0,3959.0,3956.0,3958.0,7800,0.0,0.0
2024-07-17 10:20:00+09:00,3959.0,3959.0,3951.0,3952.0,7200,0.0,0.0
2024-07-17 10:25:00+09:00,3951.0,3955.0,3948.0,3955.0,10700,0.0,0.0
2024-07-17 10:30:00+09:00,3954.0,3954.0,3950.0,3951.0,7300,0.0,0.0
2024-07-17 10:35:00+09:00,3952.0,3954.0,3949.0,3954.0,6100,0.0,0.0
2024-07-17 10:40:00+09:00,3952.0,3952.0,3948.0,3950.0,5900,0.0,0.0
2024-07-17 10:45:00+09:00,3949.0,3951.0,3949.0,3951.0,5700,0.0,0.0
2024-07-17 10:50:00+09:00,3951.0,3953.0,3945.0,3945.0,14800,0.0,0.0
2024-07-17 10:55:00+09:00,3946.0,3948.0,3945.0,3946.0,4200,0.0,0.0
2024-07-17 11:00:00+09:00,3947.0,3949.0,3945.0,3949.0,12300,0.0,0.0
2024-07-17 11:05:00+09:00,3949.0,3953.0,3949.0,3952.0,4900,0.0,0.0
2024-07-17 11:10:00+09:00,3951.0,3957.0,3951.0,3954.0,10400,0.0,0.0
2024-07-17 11:15:00+09:00,3955.0,3960.0,3955.0,3958.0,4800,0.0,0.0
2024-07-17 11:20:00+09:00,3958.0,3958.0,3952.0,3952.0,4200,0.0,0.0
2024-07-17 11:25:00+09:00,3951.0,3951.0,3950.0,3951.0,3400,0.0,0.0
2024-07-17 11:30:00+09:00,3952.0,3952.0,3952.0,3952.0,400,0.0,0.0
2024-07-17 11:35:00+09:00,3952.0,3952.0,3952.0,3952.0,0,0.0,0.0
2024-07-17 12:30:00+09:00,3949.0,3951.0,3943.0,3947.0,459400,0.0,0.0
2024-07-17 12:35:00+09:00,3947.0,3950.0,3946.0,3946.0,8200,0.0,0.0
2024-07-17 12:40:00+09:00,3945.0,3945.0,3939.0,3942.0,12500,0.0,0.0
2024-07-17 12:45:00+09:00,3943.0,3947.0,3942.0,3945.0,9500,0.0,0.0
2024-07-17 12:50:00+09:00,3947.0,3949.0,3947.0,3947.0,3900,0.0,0.0
2024-07-17 12:55:00+09:00,3947.0,3948.0,3944.0,3947.0,6400,0.0,0.0
2024-07-17 13:00:00+09:00,3947.0,3947.0,3945.0,3946.0,4400,0.0,0.0
2024-07-17 13:05:00+09:00,3945.0,3948.0,3944.0,3948.0,6100,0.0,0.0
2024-07-17 13:10:00+09:00,3947.0,3949.0,3947.0,3949.0,3900,0.0,0.0
2024-07-17 13:15:00+09:00,3949.0,3952.0,3948.0,3950.0,10400,0.0,0.0
2024-07-17 13:20:00+09:00,3951.0,3954.0,3951.0,3953.0,7300,0.0,0.0
2024-07-17 13:25:00+09:00,3953.0,3953.0,3950.0,3950.0,4600,0.0,0.0
2024-07-17 13:30:00+09:00,3951.0,3952.0,3950.0,3951.0,4000,0.0,0.0
2024-07-17 13:35:00+09:00,3952.0,3953.0,3950.0,3952.0,4800,0.0,0.0
2024-07-17 13:40:00+09:00,3951.0,3951.0,3943.0,3943.0,9500,0.0,0.0
2024-07-17 13:45:00+09:00,3943.0,3943.0,3941.0,3943.0,6700,0.0,0.0
2024-07-17 13:50:00+09:00,3941.0,3941.0,3937.0,3938.0,6000,0.0,0.0
2024-07-17 13:55:00+09:00,3938.0,3939.0,3938.0,3939.0,4200,0.0,0.0
2024-07-17 14:00:00+09:00,3940.0,3945.0,3937.0,3940.0,63400,0.0,0.0
2024-07-17 14:05:00+09:00,3942.0,3947.0,3942.0,3945.0,6300,0.0,0.0
2024-07-17 14:10:00+09:00,3944.0,3945.0,3942.0,3944.0,3500,0.0,0.0
2024-07-17 14:15:00+09:00,3944.0,3945.0,3943.0,3944.0,3200,0.0,0.0
2024-07-17 14:20:00+09:00,3943.0,3943.0,3941.0,3941.0,4600,0.0,0.0
2024-07-17 14:25:00+09:00,3942.0,3942.0,3939.0,3940.0,5100,0.0,0.0
2024-07-17 14:30:00+09:00,3941.0,3941.0,3939.0,3940.0,6400,0.0,0.0
2024-07-17 14:35:00+09:00,3939.0,3943.0,3937.0,3943.0,7800,0.0,0.0
2024-07-17 14:40:00+09:00,3942.0,3949.0,3942.0,3948.0,10300,0.0,0.0
2024-07-17 14:45:00+09:00,3947.0,3948.0,3943.0,3944.0,10800,0.0,0.0
2024-07-17 14:50:00+09:00,3944.0,3946.0,3942.0,3943.0,10700,0.0,0.0
2024-07-17 14:55:00+09:00,3944.0,3948.0,3941.0,3943.0,16300,0.0,0.0
2024-07-18 09:00:00+09:00,3918.0,3918.0,3888.0,3890.0,70700,0.0,0.0
2024-07-18 09:05:00+09:00,3889.0,3900.0,3881.0,3881.0,24900,0.0,0.0
2024-07-18 09:10:00+09:00,3881.0,3892.0,3876.0,3883.0,28000,0.0,0.0
2024-07-18 09:15:00+09:00,3882.0,3898.0,3881.0,3895.0,17100,0.0,0.0
2024-07-18 09:20:00+09:00,3894.0,3903.0,3892.0,3900.0,19700,0.0,0.0
2024-07-18 09:25:00+09:00,3901.0,3901.0,3893.0,3898.0,76600,0.0,0.0
2024-07-18 09:30:00+09:00,3896.0,3899.0,3896.0,3898.0,5600,0.0,0.0
2024-07-18 09:35:00+09:00,3897.0,3899.0,3893.0,3899.0,8800,0.0,0.0
2024-07-18 09:40:00+09:00,3898.0,3898.0,3894.0,3895.0,7800,0.0,0.0
2024-07-18 09:45:00+09:00,3895.0,3899.0,3895.0,3897.0,5600,0.0,0.0
2024-07-18 09:50:00+09:00,3897.0,3899.0,3896.0,3899.0,3700,0.0,0.0
2024-07-18 09:55:00+09:00,3900.0,3909.0,3900.0,3908.0,11400,0.0,0.0
2024-07-18 10:00:00+09:00,3908.0,3909.0,3906.0,3907.0,6300,0.0,0.0
2024-07-18 10:05:00+09:00,3905.0,3907.0,3903.0,3906.0,7800,0.0,0.0
2024-07-18 10:10:00+09:00,3907.0,3907.0,3906.0,3906.0,1900,0.0,0.0
2024-07-18 10:15:00+09:00,3907.0,3913.0,3906.0,3912.0,9400,0.0,0.0
2024-07-18 10:20:00+09:00,3913.0,3917.0,3909.0,3915.0,11800,0.0,0.0
2024-07-18 10:25:00+09:00,3916.0,3916.0,3914.0,3915.0,4800,0.0,0.0
2024-07-18 10:30:00+09:00,3915.0,3915.0,3911.0,3911.0,4500,0.0,0.0
2024-07-18 10:35:00+09:00,3911.0,3911.0,3907.0,3907.0,4600,0.0,0.0
2024-07-18 10:40:00+09:00,3907.0,3907.0,3902.0,3902.0,4900,0.0,0.0
2024-07-18 10:45:00+09:00,3901.0,3914.0,3901.0,3913.0,8100,0.0,0.0
2024-07-18 10:50:00+09:00,3913.0,3913.0,3909.0,3911.0,4400,0.0,0.0
2024-07-18 10:55:00+09:00,3910.0,3910.0,3906.0,3906.0,3700,0.0,0.0
2024-07-18 11:00:00+09:00,3906.0,3910.0,3906.0,3910.0,4700,0.0,0.0
2024-07-18 11:05:00+09:00,3910.0,3911.0,3908.0,3908.0,2000,0.0,0.0
2024-07-18 11:10:00+09:00,3908.0,3908.0,3902.0,3903.0,4100,0.0,0.0
2024-07-18 11:15:00+09:00,3903.0,3907.0,3901.0,3907.0,7300,0.0,0.0
2024-07-18 11:20:00+09:00,3907.0,3910.0,3907.0,3909.0,5600,0.0,0.0
2024-07-18 11:25:00+09:00,3909.0,3913.0,3909.0,3913.0,2300,0.0,0.0
2024-07-18 11:30:00+09:00,3913.0,3913.0,3913.0,3913.0,900,0.0,0.0
2024-07-18 11:35:00+09:00,3913.0,3913.0,3913.0,3913.0,0,0.0,0.0
2024-07-18 12:30:00+09:00,3919.0,3919.0,3904.0,3906.0,401100,0.0,0.0
2024-07-18 12:35:00+09:00,3904.0,3906.0,3898.0,3900.0,17800,0.0,0.0
2024-07-18 12:40:00+09:00,3902.0,3903.0,3901.0,3903.0,9800,0.0,0.0
2024-07-18 12:45:00+09:00,3902.0,3906.0,3902.0,3906.0,6900,0.0,0.0
2024-07-18 12:50:00+09:00,3907.0,3909.0,3907.0,3908.0,4700,0.0,0.0
2024-07-18 12:55:00+09:00,3908.0,3911.0,3907.0,3911.0,6100,0.0,0.0
2024-07-18 13:00:00+09:00,3911.0,3914.0,3911.0,3914.0,3800,0.0,0.0
2024-07-18 13:05:00+09:00,3913.0,3918.0,3913.0,3916.0,7600,0.0,0.0
2024-07-18 13:10:00+09:00,3916.0,3918.0,3914.0,3915.0,6800,0.0,0.0
2024-07-18 13:15:00+09:00,3916.0,3916.0,3913.0,3913.0,3800,0.0,0.0
2024-07-18 13:20:00+09:00,3912.0,3912.0,3909.0,3911.0,3200,0.0,0.0
2024-07-18 13:25:00+09:00,3912.0,3912.0,3911.0,3912.0,3200,0.0,0.0
2024-07-18 13:30:00+09:00,3911.0,3911.0,3906.0,3906.0,6400,0.0,0.0
2024-07-18 13:35:00+09:00,3906.0,3907.0,3905.0,3906.0,6500,0.0,0.0
2024-07-18 13:40:00+09:00,3906.0,3906.0,3902.0,3902.0,5800,0.0,0.0
2024-07-18 13:45:00+09:00,3902.0,3903.0,3897.0,3897.0,20400,0.0,0.0
2024-07-18 13:50:00+09:00,3898.0,3900.0,3898.0,3900.0,3900,0.0,0.0
2024-07-18 13:55:00+09:00,3899.0,3900.0,3898.0,3898.0,3000,0.0,0.0
2024-07-18 14:00:00+09:00,3898.0,3899.0,3898.0,3898.0,4600,0.0,0.0
2024-07-18 14:05:00+09:00,3899.0,3900.0,3898.0,3899.0,3100,0.0,0.0
2024-07-18 14:10:00+09:00,3900.0,3902.0,3900.0,3900.0,6300,0.0,0.0
2024-07-18 14:15:00+09:00,3899.0,3899.0,3898.0,3899.0,3600,0.0,0.0
2024-07-18 14:20:00+09:00,3899.0,3901.0,3898.0,3901.0,12900,0.0,0.0
2024-07-18 14:25:00+09:00,3900.0,3900.0,3899.0,3899.0,6100,0.0,0.0
2024-07-18 14:30:00+09:00,3899.0,3902.0,3899.0,3901.0,9900,0.0,0.0
2024-07-18 14:35:00+09:00,3899.0,3901.0,3899.0,3900.0,5300,0.0,0.0
2024-07-18 14:40:00+09:00,3899.0,3899.0,3895.0,3896.0,29200,0.0,0.0
2024-07-18 14:45:00+09:00,3896.0,3896.0,3891.0,3891.0,19700,0.0,0.0
2024-07-18 14:50:00+09:00,3892.0,3897.0,3891.0,3895.0,15300,0.0,0.0
2024-07-18 14:55:00+09:00,3894.0,3894.0,3887.0,3887.0,39400,0.0,0.0
2024-07-19 09:00:00+09:00,3884.0,3886.0,3843.0,3850.0,147700,0.0,0.0
2024-07-19 09:05:00+09:00,3848.0,3848.0,3828.0,3840.0,85500,0.0,0.0
2024-07-19 09:10:00+09:00,3838.0,3852.0,3836.0,3847.0,23800,0.0,0.0
2024-07-19 09:15:00+09:00,3848.0,3855.0,3844.0,3850.0,19300,0.0,0.0
2024-07-19 09:20:00+09:00,3851.0,3859.0,3851.0,3855.0,12700,0.0,0.0
2024-07-19 09:25:00+09:00,3855.0,3860.0,3855.0,3860.0,7700,0.0,0.0
2024-07-19 09:30:00+09:00,3859.0,3860.0,3851.0,3851.0,12000,0.0,0.0
2024-07-19 09:35:00+09:00,3852.0,3859.0,3852.0,3853.0,8700,0.0,0.0
2024-07-19 09:40:00+09:00,3853.0,3853.0,3840.0,3844.0,26000,0.0,0.0
2024-07-19 09:45:00+09:00,3842.0,3846.0,3841.0,3842.0,10800,0.0,0.0
2024-07-19 09:50:00+09:00,3843.0,3843.0,3836.0,3840.0,35100,0.0,0.0
2024-07-19 09:55:00+09:00,3840.0,3844.0,3839.0,3844.0,5600,0.0,0.0
2024-07-19 10:00:00+09:00,3845.0,3847.0,3844.0,3846.0,5200,0.0,0.0
2024-07-19 10:05:00+09:00,3845.0,3848.0,3845.0,3847.0,4700,0.0,0.0
2024-07-19 10:10:00+09:00,3846.0,3849.0,3842.0,3843.0,8200,0.0,0.0
2024-07-19 10:15:00+09:00,3842.0,3843.0,3834.0,3836.0,21700,0.0,0.0
2024-07-19 10:20:00+09:00,3836.0,3840.0,3835.0,3839.0,9700,0.0,0.0
2024-07-19 10:25:00+09:00,3838.0,3846.0,3837.0,3846.0,7100,0.0,0.0
2024-07-19 10:30:00+09:00,3847.0,3848.0,3842.0,3842.0,5000,0.0,0.0
2024-07-19 10:35:00+09:00,3842.0,3843.0,3836.0,3836.0,9200,0.0,0.0
2024-07-19 10:40:00+09:00,3835.0,3836.0,3828.0,3828.0,30800,0.0,0.0
2024-07-19 10:45:00+09:00,3828.0,3829.0,3823.0,3823.0,35500,0.0,0.0
2024-07-19 10:50:00+09:00,3824.0,3828.0,3821.0,3822.0,19000,0.0,0.0
2024-07-19 10:55:00+09:00,3821.0,3821.0,3818.0,3819.0,31200,0.0,0.0
2024-07-19 11:00:00+09:00,3818.0,3822.0,3817.0,3821.0,10600,0.0,0.0
2024-07-19 11:05:00+09:00,3822.0,3826.0,3821.0,3821.0,19800,0.0,0.0
2024-07-19 11:10:00+09:00,3821.0,3825.0,3821.0,3824.0,4300,0.0,0.0
2024-07-19 11:15:00+09:00,3824.0,3824.0,3820.0,3821.0,9100,0.0,0.0
2024-07-19 11:20:00+09:00,3819.0,3819.0,3812.0,3812.0,20100,0.0,0.0
2024-07-19 11:25:00+09:00,3813.0,3816.0,3813.0,3815.0,5100,0.0,0.0
2024-07-19 11:30:00+09:00,3816.0,3816.0,3816.0,3816.0,2300,0.0,0.0
2024-07-19 11:35:00+09:00,3816.0,3816.0,3816.0,3816.0,0,0.0,0.0
2024-07-19 12:30:00+09:00,3814.0,3816.0,3807.0,3808.0,715100,0.0,0.0
2024-07-19 12:35:00+09:00,3809.0,3809.0,3805.0,3807.0,24400,0.0,0.0
2024-07-19 12:40:00+09:00,3807.0,3808.0,3804.0,3805.0,45900,0.0,0.0
2024-07-19 12:45:00+09:00,3805.0,3811.0,3803.0,3808.0,22300,0.0,0.0
2024-07-19 12:50:00+09:00,3807.0,3815.0,3806.0,3812.0,14800,0.0,0.0
2024-07-19 12:55:00+09:00,3813.0,3815.0,3812.0,3815.0,7500,0.0,0.0
2024-07-19 13:00:00+09:00,3815.0,3815.0,3812.0,3812.0,6600,0.0,0.0
2024-07-19 13:05:00+09:00,3812.0,3815.0,3812.0,3814.0,5300,0.0,0.0
2024-07-19 13:10:00+09:00,3813.0,3817.0,3812.0,3816.0,8000,0.0,0.0
2024-07-19 13:15:00+09:00,3815.0,3817.0,3815.0,3817.0,7000,0.0,0.0
2024-07-19 13:20:00+09:00,3817.0,3818.0,3816.0,3817.0,5500,0.0,0.0
2024-07-19 13:25:00+09:00,3817.0,3817.0,3815.0,3816.0,6400,0.0,0.0
2024-07-19 13:30:00+09:00,3816.0,3819.0,3816.0,3819.0,6100,0.0,0.0
2024-07-19 13:35:00+09:00,3819.0,3823.0,3819.0,3821.0,8700,0.0,0.0
2024-07-19 13:40:00+09:00,3823.0,3824.0,3822.0,3824.0,3900,0.0,0.0
2024-07-19 13:45:00+09:00,3823.0,3828.0,3822.0,3827.0,8300,0.0,0.0
2024-07-19 13:50:00+09:00,3826.0,3830.0,3826.0,3828.0,8200,0.0,0.0
2024-07-19 13:55:00+09:00,3826.0,3828.0,3826.0,3827.0,3200,0.0,0.0
2024-07-19 14:00:00+09:00,3827.0,3830.0,3827.0,3830.0,6800,0.0,0.0
2024-07-19 14:05:00+09:00,3830.0,3831.0,3828.0,3828.0,5800,0.0,0.0
2024-07-19 14:10:00+09:00,3828.0,3829.0,3822.0,3822.0,8000,0.0,0.0
2024-07-19 14:15:00+09:00,3822.0,3823.0,3821.0,3822.0,4800,0.0,0.0
2024-07-19 14:20:00+09:00,3821.0,3823.0,3819.0,3819.0,22400,0.0,0.0
2024-07-19 14:25:00+09:00,3819.0,3822.0,3819.0,3822.0,7300,0.0,0.0
2024-07-19 14:30:00+09:00,3821.0,3827.0,3821.0,3827.0,6500,0.0,0.0
2024-07-19 14:35:00+09:00,3826.0,3827.0,3825.0,3827.0,6000,0.0,0.0
2024-07-19 14:40:00+09:00,3827.0,3832.0,3826.0,3832.0,10200,0.0,0.0
2024-07-19 14:45:00+09:00,3832.0,3832.0,3825.0,3825.0,10600,0.0,0.0
2024-07-19 14:50:00+09:00,3825.0,3829.0,3825.0,3826.0,13500,0.0,0.0
2024-07-19 14:55:00+09:00,3826.0,3829.0,3825.0,3829.0,16800,0.0,0.0
2024-07-22 09:00:00+09:00,3836.0,3842.0,3820.0,3823.0,0,0.0,0.0
2024-07-22 09:05:00+09:00,3824.0,3827.0,3814.0,3821.0,12700,0.0,0.0
2024-07-22 09:10:00+09:00,3820.0,3830.0,3817.0,3829.0,8100,0.0,0.0
2024-07-22 09:15:00+09:00,3827.0,3832.0,3825.0,3831.0,7900,0.0,0.0
2024-07-22 09:20:00+09:00,3833.0,3833.0,3824.0,3824.0,3900,0.0,0.0
2024-07-22 09:25:00+09:00,3824.0,3825.0,3818.0,3824.0,9500,0.0,0.0
2024-07-22 09:30:00+09:00,3823.0,3823.0,3817.0,3818.0,6600,0.0,0.0
2024-07-22 09:35:00+09:00,3818.0,3818.0,3807.0,3811.0,20000,0.0,0.0
2024-07-22 09:40:00+09:00,3812.0,3814.0,3811.0,3812.0,3800,0.0,0.0
2024-07-22 09:45:00+09:00,3814.0,3819.0,3814.0,3817.0,7300,0.0,0.0
2024-07-22 09:50:00+09:00,3816.0,3816.0,3805.0,3805.0,13800,0.0,0.0
2024-07-22 09:55:00+09:00,3804.0,3804.0,3802.0,3803.0,11800,0.0,0.0
2024-07-22 10:00:00+09:00,3803.0,3803.0,3796.0,3800.0,75100,0.0,0.0
2024-07-22 10:05:00+09:00,3800.0,3806.0,3800.0,3806.0,10300,0.0,0.0
2024-07-22 10:10:00+09:00,3806.0,3813.0,3806.0,3811.0,12200,0.0,0.0
2024-07-22 10:15:00+09:00,3811.0,3811.0,3801.0,3803.0,4900,0.0,0.0
2024-07-22 10:20:00+09:00,3804.0,3811.0,3803.0,3811.0,6800,0.0,0.0
2024-07-22 10:25:00+09:00,3811.0,3817.0,3811.0,3814.0,6600,0.0,0.0
2024-07-22 10:30:00+09:00,3814.0,3814.0,3810.0,3812.0,3700,0.0,0.0
2024-07-22 10:35:00+09:00,3810.0,3812.0,3808.0,3811.0,5400,0.0,0.0
2024-07-22 10:40:00+09:00,3812.0,3813.0,3811.0,3813.0,2300,0.0,0.0
2024-07-22 10:45:00+09:00,3812.0,3812.0,3808.0,3808.0,2500,0.0,0.0
2024-07-22 10:50:00+09:00,3809.0,3809.0,3804.0,3807.0,5900,0.0,0.0
2024-07-22 10:55:00+09:00,3805.0,3805.0,3798.0,3800.0,13700,0.0,0.0
2024-07-22 11:00:00+09:00,3800.0,3802.0,3795.0,3799.0,13600,0.0,0.0
2024-07-22 11:05:00+09:00,3800.0,3802.0,3797.0,3801.0,4900,0.0,0.0
2024-07-22 11:10:00+09:00,3801.0,3801.0,3798.0,3799.0,6300,0.0,0.0
2024-07-22 11:15:00+09:00,3799.0,3800.0,3796.0,3798.0,11400,0.0,0.0
2024-07-22 11:20:00+09:00,3799.0,3799.0,3797.0,3798.0,5400,0.0,0.0
2024-07-22 11:25:00+09:00,3798.0,3800.0,3793.0,3800.0,31600,0.0,0.0
2024-07-22 11:30:00+09:00,3796.0,3796.0,3795.0,3795.0,3500,0.0,0.0
2024-07-22 11:35:00+09:00,3795.0,3795.0,3795.0,3795.0,0,0.0,0.0
2024-07-22 12:30:00+09:00,3797.0,3805.0,3794.0,3795.0,421100,0.0,0.0
2024-07-22 12:35:00+09:00,3796.0,3799.0,3795.0,3795.0,10400,0.0,0.0
2024-07-22 12:40:00+09:00,3796.0,3796.0,3793.0,3793.0,12000,0.0,0.0
2024-07-22 12:45:00+09:00,3793.0,3795.0,3793.0,3793.0,8800,0.0,0.0
2024-07-22 12:50:00+09:00,3792.0,3792.0,3786.0,3790.0,44500,0.0,0.0
2024-07-22 12:55:00+09:00,3789.0,3790.0,3787.0,3789.0,12100,0.0,0.0
2024-07-22 13:00:00+09:00,3789.0,3789.0,3784.0,3784.0,22300,0.0,0.0
2024-07-22 13:05:00+09:00,3785.0,3787.0,3783.0,3783.0,12200,0.0,0.0
2024-07-22 13:10:00+09:00,3783.0,3783.0,3778.0,3782.0,48400,0.0,0.0
2024-07-22 13:15:00+09:00,3782.0,3782.0,3780.0,3782.0,5400,0.0,0.0
2024-07-22 13:20:00+09:00,3782.0,3782.0,3778.0,3778.0,8600,0.0,0.0
2024-07-22 13:25:00+09:00,3779.0,3779.0,3777.0,3778.0,8500,0.0,0.0
2024-07-22 13:30:00+09:00,3778.0,3782.0,3777.0,3782.0,6700,0.0,0.0
2024-07-22 13:35:00+09:00,3781.0,3784.0,3780.0,3784.0,17200,0.0,0.0
2024-07-22 13:40:00+09:00,3783.0,3786.0,3781.0,3784.0,5200,0.0,0.0
2024-07-22 13:45:00+09:00,3784.0,3787.0,3784.0,3787.0,7500,0.0,0.0
2024-07-22 13:50:00+09:00,3788.0,3789.0,3782.0,3783.0,9300,0.0,0.0
2024-07-22 13:55:00+09:00,3784.0,3785.0,3781.0,3785.0,4200,0.0,0.0
2024-07-22 14:00:00+09:00,3784.0,3784.0,3782.0,3784.0,4400,0.0,0.0
2024-07-22 14:05:00+09:00,3783.0,3786.0,3782.0,3786.0,4400,0.0,0.0
2024-07-22 14:10:00+09:00,3786.0,3786.0,3783.0,3785.0,3700,0.0,0.0
2024-07-22 14:15:00+09:00,3786.0,3787.0,3783.0,3786.0,10000,0.0,0.0
2024-07-22 14:20:00+09:00,3785.0,3786.0,3783.0,3784.0,4700,0.0,0.0
2024-07-22 14:25:00+09:00,3783.0,3783.0,3781.0,3782.0,7700,0.0,0.0
2024-07-22 14:30:00+09:00,3782.0,3785.0,3781.0,3784.0,12500,0.0,0.0
2024-07-22 14:35:00+09:00,3784.0,3784.0,3781.0,3781.0,7800,0.0,0.0
2024-07-22 14:40:00+09:00,3782.0,3782.0,3775.0,3776.0,37300,0.0,0.0
2024-07-22 14:45:00+09:00,3776.0,3778.0,3771.0,3771.0,32200,0.0,0.0
2024-07-22 14:50:00+09:00,3773.0,3776.0,3771.0,3773.0,40100,0.0,0.0
2024-07-22 14:55:00+09:00,3774.0,3775.0,3772.0,3772.0,17600,0.0,0.0
2024-07-23 09:00:00+09:00,3790.0,3805.0,3781.0,3783.0,60600,0.0,0.0
2024-07-23 09:05:00+09:00,3782.0,3797.0,3777.0,3796.0,22600,0.0,0.0
2024-07-23 09:10:00+09:00,3795.0,3799.0,3789.0,3797.0,23200,0.0,0.0
2024-07-23 09:15:00+09:00,3796.0,3796.0,3786.0,3790.0,14000,0.0,0.0
2024-07-23 09:20:00+09:00,3790.0,3796.0,3786.0,3796.0,10900,0.0,0.0
2024-07-23 09:25:00+09:00,3797.0,3801.0,3794.0,3800.0,19400,0.0,0.0
2024-07-23 09:30:00+09:00,3799.0,3799.0,3791.0,3792.0,12600,0.0,0.0
2024-07-23 09:35:00+09:00,3794.0,3803.0,3794.0,3799.0,10700,0.0,0.0
2024-07-23 09:40:00+09:00,3797.0,3797.0,3788.0,3788.0,20900,0.0,0.0
2024-07-23 09:45:00+09:00,3787.0,3791.0,3784.0,3786.0,14500,0.0,0.0
2024-07-23 09:50:00+09:00,3787.0,3787.0,3782.0,3782.0,9200,0.0,0.0
2024-07-23 09:55:00+09:00,3781.0,3786.0,3781.0,3783.0,8900,0.0,0.0
2024-07-23 10:00:00+09:00,3783.0,3786.0,3780.0,3786.0,11700,0.0,0.0
2024-07-23 10:05:00+09:00,3787.0,3792.0,3786.0,3791.0,7300,0.0,0.0
2024-07-23 10:10:00+09:00,3792.0,3792.0,3790.0,3790.0,4400,0.0,0.0
2024-07-23 10:15:00+09:00,3790.0,3793.0,3789.0,3791.0,9900,0.0,0.0
2024-07-23 10:20:00+09:00,3791.0,3795.0,3791.0,3794.0,5600,0.0,0.0
2024-07-23 10:25:00+09:00,3794.0,3796.0,3793.0,3795.0,7600,0.0,0.0
2024-07-23 10:30:00+09:00,3796.0,3797.0,3793.0,3793.0,5400,0.0,0.0
2024-07-23 10:35:00+09:00,3794.0,3794.0,3786.0,3786.0,7500,0.0,0.0
2024-07-23 10:40:00+09:00,3786.0,3788.0,3782.0,3784.0,8900,0.0,0.0
2024-07-23 10:45:00+09:00,3785.0,3788.0,3783.0,3785.0,9100,0.0,0.0
2024-07-23 10:50:00+09:00,3785.0,3786.0,3783.0,3784.0,12200,0.0,0.0
2024-07-23 10:55:00+09:00,3785.0,3790.0,3783.0,3788.0,8500,0.0,0.0
2024-07-23 11:00:00+09:00,3788.0,3790.0,3788.0,3790.0,6100,0.0,0.0
2024-07-23 11:05:00+09:00,3791.0,3792.0,3789.0,3792.0,4000,0.0,0.0
2024-07-23 11:10:00+09:00,3792.0,3798.0,3786.0,3787.0,18700,0.0,0.0
2024-07-23 11:15:00+09:00,3787.0,3788.0,3786.0,3786.0,1600,0.0,0.0
2024-07-23 11:20:00+09:00,3786.0,3789.0,3785.0,3789.0,5100,0.0,0.0
2024-07-23 11:25:00+09:00,3789.0,3795.0,3788.0,3795.0,5600,0.0,0.0
2024-07-23 11:30:00+09:00,3793.0,3793.0,3792.0,3792.0,1800,0.0,0.0
2024-07-23 11:35:00+09:00,3792.0,3792.0,3792.0,3792.0,0,0.0,0.0
2024-07-23 12:30:00+09:00,3788.0,3790.0,3779.0,3779.0,400300,0.0,0.0
2024-07-23 12:35:00+09:00,3782.0,3785.0,3780.0,3781.0,10600,0.0,0.0
2024-07-23 12:40:00+09:00,3780.0,3780.0,3775.0,3777.0,11400,0.0,0.0
2024-07-23 12:45:00+09:00,3776.0,3788.0,3776.0,3785.0,11200,0.0,0.0
2024-07-23 12:50:00+09:00,3784.0,3786.0,3782.0,3785.0,4900,0.0,0.0
2024-07-23 12:55:00+09:00,3786.0,3790.0,3784.0,3784.0,7900,0.0,0.0
2024-07-23 13:00:00+09:00,3783.0,3783.0,3779.0,3782.0,9100,0.0,0.0
2024-07-23 13:05:00+09:00,3781.0,3781.0,3776.0,3776.0,4900,0.0,0.0
2024-07-23 13:10:00+09:00,3776.0,3780.0,3770.0,3780.0,30900,0.0,0.0
2024-07-23 13:15:00+09:00,3780.0,3784.0,3780.0,3781.0,3100,0.0,0.0
2024-07-23 13:20:00+09:00,3781.0,3784.0,3780.0,3781.0,6500,0.0,0.0
2024-07-23 13:25:00+09:00,3781.0,3781.0,3778.0,3779.0,5300,0.0,0.0
2024-07-23 13:30:00+09:00,3779.0,3781.0,3779.0,3779.0,3100,0.0,0.0
2024-07-23 13:35:00+09:00,3778.0,3784.0,3778.0,3782.0,4900,0.0,0.0
2024-07-23 13:40:00+09:00,3782.0,3785.0,3782.0,3785.0,2600,0.0,0.0
2024-07-23 13:45:00+09:00,3784.0,3785.0,3783.0,3785.0,9300,0.0,0.0
2024-07-23 13:50:00+09:00,3784.0,3785.0,3782.0,3784.0,3300,0.0,0.0
2024-07-23 13:55:00+09:00,3784.0,3787.0,3784.0,3787.0,3600,0.0,0.0
2024-07-23 14:00:00+09:00,3786.0,3786.0,3777.0,3777.0,16300,0.0,0.0
2024-07-23 14:05:00+09:00,3778.0,3780.0,3778.0,3780.0,3800,0.0,0.0
2024-07-23 14:10:00+09:00,3780.0,3784.0,3780.0,3782.0,7600,0.0,0.0
2024-07-23 14:15:00+09:00,3783.0,3784.0,3780.0,3782.0,8700,0.0,0.0
2024-07-23 14:20:00+09:00,3782.0,3783.0,3779.0,3780.0,5000,0.0,0.0
2024-07-23 14:25:00+09:00,3780.0,3782.0,3780.0,3781.0,6100,0.0,0.0
2024-07-23 14:30:00+09:00,3780.0,3783.0,3777.0,3781.0,13400,0.0,0.0
2024-07-23 14:35:00+09:00,3782.0,3783.0,3780.0,3781.0,7700,0.0,0.0
2024-07-23 14:40:00+09:00,3782.0,3784.0,3780.0,3783.0,12100,0.0,0.0
2024-07-23 14:45:00+09:00,3783.0,3788.0,3782.0,3783.0,21700,0.0,0.0
2024-07-23 14:50:00+09:00,3782.0,3786.0,3781.0,3785.0,8500,0.0,0.0
2024-07-23 14:55:00+09:00,3783.0,3784.0,3781.0,3782.0,15200,0.0,0.0
2024-07-24 09:00:00+09:00,3765.0,3766.0,3752.0,3760.0,105200,0.0,0.0
2024-07-24 09:05:00+09:00,3759.0,3759.0,3746.0,3757.0,57700,0.0,0.0
2024-07-24 09:10:00+09:00,3758.0,3759.0,3748.0,3753.0,28800,0.0,0.0
2024-07-24 09:15:00+09:00,3752.0,3759.0,3748.0,3753.0,34300,0.0,0.0
2024-07-24 09:20:00+09:00,3754.0,3764.0,3754.0,3759.0,20300,0.0,0.0
2024-07-24 09:25:00+09:00,3758.0,3760.0,3749.0,3751.0,12800,0.0,0.0
2024-07-24 09:30:00+09:00,3750.0,3750.0,3745.0,3746.0,35900,0.0,0.0
2024-07-24 09:35:00+09:00,3746.0,3749.0,3745.0,3749.0,13700,0.0,0.0
2024-07-24 09:40:00+09:00,3750.0,3763.0,3750.0,3762.0,27200,0.0,0.0
2024-07-24 09:45:00+09:00,3762.0,3764.0,3757.0,3757.0,15000,0.0,0.0
2024-07-24 09:50:00+09:00,3757.0,3760.0,3752.0,3752.0,9400,0.0,0.0
2024-07-24 09:55:00+09:00,3750.0,3753.0,3749.0,3753.0,26100,0.0,0.0
2024-07-24 10:00:00+09:00,3754.0,3754.0,3749.0,3750.0,12200,0.0,0.0
2024-07-24 10:05:00+09:00,3749.0,3753.0,3746.0,3747.0,19300,0.0,0.0
2024-07-24 10:10:00+09:00,3747.0,3748.0,3742.0,3748.0,24500,0.0,0.0
2024-07-24 10:15:00+09:00,3748.0,3752.0,3747.0,3752.0,11100,0.0,0.0
2024-07-24 10:20:00+09:00,3753.0,3757.0,3750.0,3750.0,9300,0.0,0.0
2024-07-24 10:25:00+09:00,3749.0,3753.0,3747.0,3753.0,11200,0.0,0.0
2024-07-24 10:30:00+09:00,3753.0,3754.0,3749.0,3752.0,9700,0.0,0.0
2024-07-24 10:35:00+09:00,3752.0,3755.0,3752.0,3755.0,8600,0.0,0.0
2024-07-24 10:40:00+09:00,3756.0,3757.0,3752.0,3757.0,21500,0.0,0.0
2024-07-24 10:45:00+09:00,3756.0,3757.0,3753.0,3756.0,17700,0.0,0.0
2024-07-24 10:50:00+09:00,3757.0,3762.0,3757.0,3757.0,22800,0.0,0.0
2024-07-24 10:55:00+09:00,3758.0,3762.0,3757.0,3758.0,7300,0.0,0.0
2024-07-24 11:00:00+09:00,3757.0,3758.0,3748.0,3748.0,16100,0.0,0.0
2024-07-24 11:05:00+09:00,3749.0,3752.0,3747.0,3747.0,9600,0.0,0.0
2024-07-24 11:10:00+09:00,3748.0,3750.0,3747.0,3749.0,8500,0.0,0.0
2024-07-24 11:15:00+09:00,3748.0,3750.0,3746.0,3746.0,13600,0.0,0.0
2024-07-24 11:20:00+09:00,3747.0,3747.0,3743.0,3745.0,15200,0.0,0.0
2024-07-24 11:25:00+09:00,3745.0,3749.0,3745.0,3747.0,16500,0.0,0.0
2024-07-24 11:30:00+09:00,3747.0,3747.0,3747.0,3747.0,1000,0.0,0.0
2024-07-24 11:35:00+09:00,3747.0,3747.0,3747.0,3747.0,0,0.0,0.0
2024-07-24 12:30:00+09:00,3743.0,3743.0,3734.0,3737.0,769200,0.0,0.0
2024-07-24 12:35:00+09:00,3738.0,3740.0,3734.0,3736.0,14300,0.0,0.0
2024-07-24 12:40:00+09:00,3736.0,3738.0,3734.0,3735.0,18000,0.0,0.0
2024-07-24 12:45:00+09:00,3735.0,3738.0,3731.0,3733.0,22000,0.0,0.0
2024-07-24 12:50:00+09:00,3733.0,3735.0,3729.0,3729.0,24300,0.0,0.0
2024-07-24 12:55:00+09:00,3729.0,3731.0,3727.0,3729.0,18700,0.0,0.0
2024-07-24 13:00:00+09:00,3729.0,3730.0,3726.0,3727.0,9900,0.0,0.0
2024-07-24 13:05:00+09:00,3726.0,3727.0,3720.0,3720.0,20900,0.0,0.0
2024-07-24 13:10:00+09:00,3721.0,3723.0,3716.0,3719.0,25100,0.0,0.0
2024-07-24 13:15:00+09:00,3719.0,3721.0,3710.0,3713.0,47900,0.0,0.0
2024-07-24 13:20:00+09:00,3713.0,3717.0,3710.0,3717.0,13800,0.0,0.0
2024-07-24 13:25:00+09:00,3718.0,3720.0,3715.0,3718.0,14400,0.0,0.0
2024-07-24 13:30:00+09:00,3718.0,3719.0,3712.0,3713.0,11300,0.0,0.0
2024-07-24 13:35:00+09:00,3712.0,3714.0,3710.0,3711.0,7900,0.0,0.0
2024-07-24 13:40:00+09:00,3710.0,3713.0,3709.0,3713.0,16100,0.0,0.0
2024-07-24 13:45:00+09:00,3713.0,3719.0,3713.0,3719.0,8700,0.0,0.0
2024-07-24 13:50:00+09:00,3718.0,3719.0,3716.0,3718.0,9300,0.0,0.0
2024-07-24 13:55:00+09:00,3717.0,3717.0,3715.0,3716.0,14500,0.0,0.0
2024-07-24 14:00:00+09:00,3715.0,3716.0,3713.0,3714.0,10200,0.0,0.0
2024-07-24 14:05:00+09:00,3715.0,3717.0,3715.0,3715.0,11800,0.0,0.0
2024-07-24 14:10:00+09:00,3716.0,3720.0,3715.0,3718.0,6800,0.0,0.0
2024-07-24 14:15:00+09:00,3718.0,3725.0,3718.0,3725.0,6800,0.0,0.0
2024-07-24 14:20:00+09:00,3725.0,3730.0,3725.0,3728.0,11500,0.0,0.0
2024-07-24 14:25:00+09:00,3728.0,3728.0,3721.0,3724.0,11500,0.0,0.0
2024-07-24 14:30:00+09:00,3724.0,3726.0,3722.0,3724.0,8300,0.0,0.0
2024-07-24 14:35:00+09:00,3724.0,3725.0,3720.0,3720.0,8700,0.0,0.0
2024-07-24 14:40:00+09:00,3720.0,3723.0,3718.0,3719.0,19200,0.0,0.0
2024-07-24 14:45:00+09:00,3719.0,3720.0,3714.0,3714.0,20700,0.0,0.0
2024-07-24 14:50:00+09:00,3714.0,3721.0,3712.0,3716.0,27500,0.0,0.0
2024-07-24 14:55:00+09:00,3716.0,3717.0,3708.0,3710.0,37900,0.0,0.0
2024-07-25 09:00:00+09:00,3662.0,3687.0,3658.0,3668.0,168500,0.0,0.0
2024-07-25 09:05:00+09:00,3667.0,3677.0,3645.0,3649.0,67300,0.0,0.0
2024-07-25 09:10:00+09:00,3647.0,3658.0,3644.0,3654.0,30400,0.0,0.0
2024-07-25 09:15:00+09:00,3654.0,3663.0,3651.0,3661.0,36900,0.0,0.0
2024-07-25 09:20:00+09:00,3662.0,3676.0,3661.0,3676.0,25300,0.0,0.0
2024-07-25 09:25:00+09:00,3676.0,3680.0,3667.0,3670.0,27400,0.0,0.0
2024-07-25 09:30:00+09:00,3671.0,3676.0,3666.0,3676.0,13600,0.0,0.0
2024-07-25 09:35:00+09:00,3674.0,3674.0,3660.0,3662.0,20700,0.0,0.0
2024-07-25 09:40:00+09:00,3663.0,3663.0,3651.0,3653.0,32400,0.0,0.0
2024-07-25 09:45:00+09:00,3653.0,3658.0,3649.0,3650.0,23900,0.0,0.0
2024-07-25 09:50:00+09:00,3651.0,3658.0,3645.0,3649.0,24500,0.0,0.0
2024-07-25 09:55:00+09:00,3649.0,3664.0,3649.0,3657.0,34900,0.0,0.0
2024-07-25 10:00:00+09:00,3658.0,3660.0,3655.0,3655.0,14100,0.0,0.0
2024-07-25 10:05:00+09:00,3654.0,3662.0,3654.0,3657.0,13400,0.0,0.0
2024-07-25 10:10:00+09:00,3656.0,3657.0,3643.0,3644.0,42900,0.0,0.0
2024-07-25 10:15:00+09:00,3644.0,3652.0,3641.0,3647.0,22800,0.0,0.0
2024-07-25 10:20:00+09:00,3647.0,3649.0,3644.0,3646.0,17500,0.0,0.0
2024-07-25 10:25:00+09:00,3646.0,3646.0,3639.0,3640.0,37400,0.0,0.0
2024-07-25 10:30:00+09:00,3640.0,3645.0,3638.0,3640.0,23600,0.0,0.0
2024-07-25 10:35:00+09:00,3640.0,3648.0,3640.0,3646.0,12200,0.0,0.0
2024-07-25 10:40:00+09:00,3647.0,3652.0,3643.0,3647.0,17600,0.0,0.0
2024-07-25 10:45:00+09:00,3648.0,3659.0,3648.0,3659.0,10800,0.0,0.0
2024-07-25 10:50:00+09:00,3660.0,3668.0,3660.0,3665.0,13000,0.0,0.0
2024-07-25 10:55:00+09:00,3665.0,3665.0,3657.0,3657.0,10000,0.0,0.0
2024-07-25 11:00:00+09:00,3658.0,3667.0,3658.0,3666.0,8500,0.0,0.0
2024-07-25 11:05:00+09:00,3666.0,3668.0,3660.0,3662.0,14700,0.0,0.0
2024-07-25 11:10:00+09:00,3663.0,3665.0,3660.0,3665.0,10100,0.0,0.0
2024-07-25 11:15:00+09:00,3664.0,3669.0,3664.0,3667.0,5500,0.0,0.0
2024-07-25 11:20:00+09:00,3668.0,3678.0,3668.0,3678.0,11600,0.0,0.0
2024-07-25 11:25:00+09:00,3678.0,3684.0,3674.0,3684.0,15500,0.0,0.0
2024-07-25 11:30:00+09:00,3680.0,3680.0,3680.0,3680.0,7000,0.0,0.0
2024-07-25 11:35:00+09:00,3680.0,3680.0,3680.0,3680.0,0,0.0,0.0
2024-07-25 12:30:00+09:00,3675.0,3675.0,3658.0,3660.0,866800,0.0,0.0
2024-07-25 12:35:00+09:00,3661.0,3663.0,3657.0,3662.0,14100,0.0,0.0
2024-07-25 12:40:00+09:00,3661.0,3661.0,3655.0,3657.0,13600,0.0,0.0
2024-07-25 12:45:00+09:00,3656.0,3659.0,3653.0,3657.0,15100,0.0,0.0
2024-07-25 12:50:00+09:00,3656.0,3662.0,3652.0,3652.0,17500,0.0,0.0
2024-07-25 12:55:00+09:00,3652.0,3661.0,3652.0,3660.0,8500,0.0,0.0
2024-07-25 13:00:00+09:00,3659.0,3679.0,3659.0,3678.0,15300,0.0,0.0
2024-07-25 13:05:00+09:00,3679.0,3684.0,3676.0,3684.0,23300,0.0,0.0
2024-07-25 13:10:00+09:00,3683.0,3690.0,3679.0,3686.0,19800,0.0,0.0
2024-07-25 13:15:00+09:00,3685.0,3685.0,3676.0,3678.0,18400,0.0,0.0
2024-07-25 13:20:00+09:00,3678.0,3678.0,3672.0,3675.0,13100,0.0,0.0
2024-07-25 13:25:00+09:00,3674.0,3674.0,3671.0,3674.0,5900,0.0,0.0
2024-07-25 13:30:00+09:00,3674.0,3675.0,3669.0,3672.0,20200,0.0,0.0
2024-07-25 13:35:00+09:00,3672.0,3684.0,3672.0,3682.0,27900,0.0,0.0
2024-07-25 13:40:00+09:00,3683.0,3684.0,3672.0,3673.0,19300,0.0,0.0
2024-07-25 13:45:00+09:00,3672.0,3675.0,3671.0,3672.0,7500,0.0,0.0
2024-07-25 13:50:00+09:00,3672.0,3677.0,3671.0,3676.0,6600,0.0,0.0
2024-07-25 13:55:00+09:00,3676.0,3679.0,3675.0,3677.0,7700,0.0,0.0
2024-07-25 14:00:00+09:00,3676.0,3677.0,3673.0,3677.0,8900,0.0,0.0
2024-07-25 14:05:00+09:00,3678.0,3679.0,3675.0,3678.0,9100,0.0,0.0
2024-07-25 14:10:00+09:00,3678.0,3679.0,3676.0,3676.0,7900,0.0,0.0
2024-07-25 14:15:00+09:00,3676.0,3679.0,3676.0,3676.0,5500,0.0,0.0
2024-07-25 14:20:00+09:00,3676.0,3679.0,3675.0,3676.0,10500,0.0,0.0
2024-07-25 14:25:00+09:00,3676.0,3677.0,3672.0,3673.0,12700,0.0,0.0
2024-07-25 14:30:00+09:00,3673.0,3673.0,3668.0,3669.0,16900,0.0,0.0
2024-07-25 14:35:00+09:00,3669.0,3672.0,3666.0,3669.0,23900,0.0,0.0
2024-07-25 14:40:00+09:00,3670.0,3671.0,3667.0,3669.0,11300,0.0,0.0
2024-07-25 14:45:00+09:00,3668.0,3668.0,3661.0,3663.0,22900,0.0,0.0
2024-07-25 14:50:00+09:00,3663.0,3664.0,3658.0,3662.0,32100,0.0,0.0
2024-07-25 14:55:00+09:00,3662.0,3666.0,3660.0,3660.0,34200,0.0,0.0
2024-07-26 09:00:00+09:00,3680.0,3681.0,3647.0,3664.0,108200,0.0,0.0
2024-07-26 09:05:00+09:00,3666.0,3674.0,3654.0,3654.0,22100,0.0,0.0
2024-07-26 09:10:00+09:00,3655.0,3670.0,3653.0,3669.0,16100,0.0,0.0
2024-07-26 09:15:00+09:00,3670.0,3673.0,3667.0,3670.0,11400,0.0,0.0
2024-07-26 09:20:00+09:00,3668.0,3669.0,3662.0,3663.0,12200,0.0,0.0
2024-07-26 09:25:00+09:00,3665.0,3680.0,3665.0,3678.0,24300,0.0,0.0
2024-07-26 09:30:00+09:00,3677.0,3677.0,3664.0,3675.0,15900,0.0,0.0
2024-07-26 09:35:00+09:00,3674.0,3687.0,3673.0,3687.0,31000,0.0,0.0
2024-07-26 09:40:00+09:00,3688.0,3702.0,3688.0,3699.0,18200,0.0,0.0
2024-07-26 09:45:00+09:00,3699.0,3717.0,3698.0,3706.0,86500,0.0,0.0
2024-07-26 09:50:00+09:00,3706.0,3712.0,3699.0,3712.0,11700,0.0,0.0
2024-07-26 09:55:00+09:00,3711.0,3713.0,3702.0,3711.0,10800,0.0,0.0
2024-07-26 10:00:00+09:00,3713.0,3720.0,3713.0,3719.0,17900,0.0,0.0
2024-07-26 10:05:00+09:00,3719.0,3722.0,3715.0,3716.0,11800,0.0,0.0
2024-07-26 10:10:00+09:00,3717.0,3719.0,3713.0,3715.0,12600,0.0,0.0
2024-07-26 10:15:00+09:00,3713.0,3715.0,3707.0,3707.0,15500,0.0,0.0
2024-07-26 10:20:00+09:00,3707.0,3708.0,3700.0,3700.0,13900,0.0,0.0
2024-07-26 10:25:00+09:00,3701.0,3707.0,3693.0,3706.0,11300,0.0,0.0
2024-07-26 10:30:00+09:00,3704.0,3706.0,3698.0,3701.0,11200,0.0,0.0
2024-07-26 10:35:00+09:00,3702.0,3705.0,3699.0,3705.0,5700,0.0,0.0
2024-07-26 10:40:00+09:00,3703.0,3708.0,3700.0,3708.0,13300,0.0,0.0
2024-07-26 10:45:00+09:00,3707.0,3711.0,3705.0,3711.0,9600,0.0,0.0
2024-07-26 10:50:00+09:00,3710.0,3710.0,3701.0,3702.0,15600,0.0,0.0
2024-07-26 10:55:00+09:00,3702.0,3709.0,3699.0,3709.0,10400,0.0,0.0
2024-07-26 11:00:00+09:00,3708.0,3714.0,3708.0,3713.0,6500,0.0,0.0
2024-07-26 11:05:00+09:00,3714.0,3717.0,3711.0,3715.0,7900,0.0,0.0
2024-07-26 11:10:00+09:00,3716.0,3719.0,3714.0,3717.0,11400,0.0,0.0
2024-07-26 11:15:00+09:00,3716.0,3720.0,3715.0,3719.0,5200,0.0,0.0
2024-07-26 11:20:00+09:00,3719.0,3721.0,3712.0,3714.0,10000,0.0,0.0
2024-07-26 11:25:00+09:00,3714.0,3726.0,3714.0,3726.0,10800,0.0,0.0
2024-07-26 11:30:00+09:00,3728.0,3728.0,3728.0,3728.0,3200,0.0,0.0
2024-07-26 11:35:00+09:00,3728.0,3728.0,3728.0,3728.0,0,0.0,0.0
2024-07-26 12:30:00+09:00,3724.0,3727.0,3717.0,3724.0,614000,0.0,0.0
2024-07-26 12:35:00+09:00,3724.0,3724.0,3715.0,3719.0,8600,0.0,0.0
2024-07-26 12:40:00+09:00,3719.0,3725.0,3719.0,3723.0,8200,0.0,0.0
2024-07-26 12:45:00+09:00,3722.0,3725.0,3722.0,3723.0,8600,0.0,0.0
2024-07-26 12:50:00+09:00,3723.0,3730.0,3723.0,3729.0,10700,0.0,0.0
2024-07-26 12:55:00+09:00,3730.0,3734.0,3730.0,3730.0,23400,0.0,0.0
2024-07-26 13:00:00+09:00,3730.0,3730.0,3726.0,3727.0,9900,0.0,0.0
2024-07-26 13:05:00+09:00,3728.0,3728.0,3723.0,3723.0,7800,0.0,0.0
2024-07-26 13:10:00+09:00,3724.0,3726.0,3722.0,3725.0,5700,0.0,0.0
2024-07-26 13:15:00+09:00,3725.0,3725.0,3716.0,3717.0,10900,0.0,0.0
2024-07-26 13:20:00+09:00,3717.0,3720.0,3714.0,3720.0,11500,0.0,0.0
2024-07-26 13:25:00+09:00,3720.0,3725.0,3720.0,3725.0,7000,0.0,0.0
2024-07-26 13:30:00+09:00,3726.0,3728.0,3725.0,3727.0,4600,0.0,0.0
2024-07-26 13:35:00+09:00,3728.0,3730.0,3726.0,3726.0,5900,0.0,0.0
2024-07-26 13:40:00+09:00,3725.0,3728.0,3722.0,3722.0,9600,0.0,0.0
2024-07-26 13:45:00+09:00,3722.0,3722.0,3717.0,3720.0,10700,0.0,0.0
2024-07-26 13:50:00+09:00,3719.0,3720.0,3719.0,3720.0,3900,0.0,0.0
2024-07-26 13:55:00+09:00,3721.0,3721.0,3718.0,3720.0,6300,0.0,0.0
2024-07-26 14:00:00+09:00,3721.0,3726.0,3719.0,3724.0,7200,0.0,0.0
2024-07-26 14:05:00+09:00,3725.0,3726.0,3716.0,3716.0,12600,0.0,0.0
2024-07-26 14:10:00+09:00,3715.0,3718.0,3715.0,3716.0,8300,0.0,0.0
2024-07-26 14:15:00+09:00,3717.0,3722.0,3716.0,3721.0,5400,0.0,0.0
2024-07-26 14:20:00+09:00,3721.0,3724.0,3721.0,3722.0,6000,0.0,0.0
2024-07-26 14:25:00+09:00,3722.0,3723.0,3721.0,3722.0,2000,0.0,0.0
2024-07-26 14:30:00+09:00,3721.0,3721.0,3719.0,3720.0,8400,0.0,0.0
2024-07-26 14:35:00+09:00,3720.0,3720.0,3711.0,3713.0,21400,0.0,0.0
2024-07-26 14:40:00+09:00,3714.0,3717.0,3712.0,3714.0,18700,0.0,0.0
2024-07-26 14:45:00+09:00,3713.0,3713.0,3706.0,3710.0,27600,0.0,0.0
2024-07-26 14:50:00+09:00,3710.0,3710.0,3700.0,3703.0,22400,0.0,0.0
2024-07-26 14:55:00+09:00,3702.0,3707.0,3698.0,3704.0,57300,0.0,0.0
2024-07-29 09:00:00+09:00,3752.0,3759.0,3732.0,3753.0,102000,0.0,0.0
2024-07-29 09:05:00+09:00,3755.0,3765.0,3754.0,3760.0,27100,0.0,0.0
2024-07-29 09:10:00+09:00,3761.0,3764.0,3747.0,3750.0,28900,0.0,0.0
2024-07-29 09:15:00+09:00,3751.0,3756.0,3746.0,3755.0,18400,0.0,0.0
2024-07-29 09:20:00+09:00,3755.0,3771.0,3755.0,3769.0,27100,0.0,0.0
2024-07-29 09:25:00+09:00,3769.0,3777.0,3767.0,3772.0,27700,0.0,0.0
2024-07-29 09:30:00+09:00,3771.0,3781.0,3765.0,3781.0,23900,0.0,0.0
2024-07-29 09:35:00+09:00,3782.0,3784.0,3776.0,3776.0,14400,0.0,0.0
2024-07-29 09:40:00+09:00,3780.0,3785.0,3779.0,3785.0,15600,0.0,0.0
2024-07-29 09:45:00+09:00,3786.0,3794.0,3785.0,3790.0,17600,0.0,0.0
2024-07-29 09:50:00+09:00,3792.0,3794.0,3784.0,3785.0,12800,0.0,0.0
2024-07-29 09:55:00+09:00,3784.0,3790.0,3780.0,3780.0,11300,0.0,0.0
2024-07-29 10:00:00+09:00,3780.0,3785.0,3776.0,3785.0,18700,0.0,0.0
2024-07-29 10:05:00+09:00,3785.0,3788.0,3784.0,3784.0,9300,0.0,0.0
2024-07-29 10:10:00+09:00,3785.0,3788.0,3780.0,3780.0,12300,0.0,0.0
2024-07-29 10:15:00+09:00,3780.0,3784.0,3779.0,3781.0,10700,0.0,0.0
2024-07-29 10:20:00+09:00,3782.0,3784.0,3778.0,3778.0,9800,0.0,0.0
2024-07-29 10:25:00+09:00,3777.0,3782.0,3776.0,3782.0,9600,0.0,0.0
2024-07-29 10:30:00+09:00,3782.0,3782.0,3768.0,3768.0,11200,0.0,0.0
2024-07-29 10:35:00+09:00,3766.0,3766.0,3756.0,3760.0,16200,0.0,0.0
2024-07-29 10:40:00+09:00,3760.0,3761.0,3752.0,3754.0,13800,0.0,0.0
2024-07-29 10:45:00+09:00,3755.0,3758.0,3749.0,3754.0,14900,0.0,0.0
2024-07-29 10:50:00+09:00,3755.0,3758.0,3751.0,3755.0,9600,0.0,0.0
2024-07-29 10:55:00+09:00,3756.0,3760.0,3754.0,3760.0,10200,0.0,0.0
2024-07-29 11:00:00+09:00,3760.0,3763.0,3757.0,3757.0,11400,0.0,0.0
2024-07-29 11:05:00+09:00,3758.0,3758.0,3748.0,3749.0,9900,0.0,0.0
2024-07-29 11:10:00+09:00,3749.0,3750.0,3745.0,3745.0,7200,0.0,0.0
2024-07-29 11:15:00+09:00,3745.0,3746.0,3741.0,3742.0,5900,0.0,0.0
2024-07-29 11:20:00+09:00,3743.0,3743.0,3733.0,3737.0,8500,0.0,0.0
2024-07-29 11:25:00+09:00,3736.0,3743.0,3735.0,3741.0,8300,0.0,0.0
2024-07-29 11:30:00+09:00,3741.0,3741.0,3741.0,3741.0,1400,0.0,0.0
2024-07-29 11:35:00+09:00,3741.0,3741.0,3741.0,3741.0,0,0.0,0.0
2024-07-29 12:30:00+09:00,3745.0,3750.0,3740.0,3748.0,571400,0.0,0.0
2024-07-29 12:35:00+09:00,3748.0,3750.0,3743.0,3748.0,12200,0.0,0.0
2024-07-29 12:40:00+09:00,3747.0,3749.0,3744.0,3746.0,10500,0.0,0.0
2024-07-29 12:45:00+09:00,3745.0,3746.0,3741.0,3742.0,10400,0.0,0.0
2024-07-29 12:50:00+09:00,3742.0,3742.0,3728.0,3735.0,24100,0.0,0.0
2024-07-29 12:55:00+09:00,3735.0,3737.0,3733.0,3734.0,7800,0.0,0.0
2024-07-29 13:00:00+09:00,3735.0,3738.0,3735.0,3737.0,9900,0.0,0.0
2024-07-29 13:05:00+09:00,3738.0,3742.0,3738.0,3740.0,13600,0.0,0.0
2024-07-29 13:10:00+09:00,3739.0,3739.0,3731.0,3732.0,12500,0.0,0.0
2024-07-29 13:15:00+09:00,3731.0,3734.0,3730.0,3733.0,11800,0.0,0.0
2024-07-29 13:20:00+09:00,3733.0,3737.0,3732.0,3735.0,12100,0.0,0.0
2024-07-29 13:25:00+09:00,3736.0,3738.0,3734.0,3736.0,8600,0.0,0.0
2024-07-29 13:30:00+09:00,3736.0,3739.0,3735.0,3739.0,5900,0.0,0.0
2024-07-29 13:35:00+09:00,3738.0,3739.0,3735.0,3739.0,10300,0.0,0.0
2024-07-29 13:40:00+09:00,3739.0,3739.0,3734.0,3737.0,9500,0.0,0.0
2024-07-29 13:45:00+09:00,3737.0,3738.0,3735.0,3736.0,7500,0.0,0.0
2024-07-29 13:50:00+09:00,3737.0,3737.0,3731.0,3734.0,10200,0.0,0.0
2024-07-29 13:55:00+09:00,3734.0,3737.0,3733.0,3737.0,6000,0.0,0.0
2024-07-29 14:00:00+09:00,3736.0,3738.0,3735.0,3737.0,8700,0.0,0.0
2024-07-29 14:05:00+09:00,3737.0,3737.0,3735.0,3736.0,5400,0.0,0.0
2024-07-29 14:10:00+09:00,3737.0,3738.0,3735.0,3736.0,13400,0.0,0.0
2024-07-29 14:15:00+09:00,3737.0,3742.0,3737.0,3741.0,17000,0.0,0.0
2024-07-29 14:20:00+09:00,3741.0,3746.0,3739.0,3746.0,9500,0.0,0.0
2024-07-29 14:25:00+09:00,3745.0,3747.0,3742.0,3744.0,14700,0.0,0.0
2024-07-29 14:30:00+09:00,3744.0,3744.0,3742.0,3744.0,9400,0.0,0.0
2024-07-29 14:35:00+09:00,3743.0,3744.0,3741.0,3743.0,11800,0.0,0.0
2024-07-29 14:40:00+09:00,3743.0,3744.0,3742.0,3742.0,11900,0.0,0.0
2024-07-29 14:45:00+09:00,3742.0,3743.0,3735.0,3736.0,28800,0.0,0.0
2024-07-29 14:50:00+09:00,3734.0,3734.0,3728.0,3729.0,41500,0.0,0.0
2024-07-29 14:55:00+09:00,3730.0,3738.0,3726.0,3729.0,47600,0.0,0.0
2024-07-30 09:00:00+09:00,3740.0,3749.0,3699.0,3706.0,208900,0.0,0.0
2024-07-30 09:05:00+09:00,3706.0,3724.0,3701.0,3723.0,51400,0.0,0.0
2024-07-30 09:10:00+09:00,3722.0,3748.0,3721.0,3743.0,33900,0.0,0.0
2024-07-30 09:15:00+09:00,3742.0,3742.0,3717.0,3720.0,43500,0.0,0.0
2024-07-30 09:20:00+09:00,3721.0,3733.0,3721.0,3727.0,27900,0.0,0.0
2024-07-30 09:25:00+09:00,3725.0,3726.0,3713.0,3723.0,38300,0.0,0.0
2024-07-30 09:30:00+09:00,3724.0,3724.0,3712.0,3723.0,26600,0.0,0.0
2024-07-30 09:35:00+09:00,3723.0,3735.0,3723.0,3735.0,28700,0.0,0.0
2024-07-30 09:40:00+09:00,3735.0,3741.0,3735.0,3738.0,0,0.0,0.0
2024-07-30 09:45:00+09:00,3738.0,3749.0,3737.0,3747.0,507500,0.0,0.0
2024-07-30 09:50:00+09:00,3746.0,3746.0,3732.0,3732.0,18200,0.0,0.0
2024-07-30 09:55:00+09:00,3732.0,3737.0,3731.0,3734.0,12000,0.0,0.0
2024-07-30 10:00:00+09:00,3734.0,3740.0,3732.0,3732.0,14300,0.0,0.0
2024-07-30 10:05:00+09:00,3734.0,3738.0,3732.0,3733.0,14700,0.0,0.0
2024-07-30 10:10:00+09:00,3734.0,3737.0,3732.0,3737.0,8900,0.0,0.0
2024-07-30 10:15:00+09:00,3736.0,3736.0,3724.0,3734.0,0,0.0,0.0
2024-07-30 10:20:00+09:00,3734.0,3742.0,3734.0,3737.0,618200,0.0,0.0
2024-07-30 10:25:00+09:00,3738.0,3738.0,3728.0,3728.0,13800,0.0,0.0
2024-07-30 10:30:00+09:00,3728.0,3728.0,3718.0,3718.0,16800,0.0,0.0
2024-07-30 10:35:00+09:00,3718.0,3726.0,3715.0,3725.0,21800,0.0,0.0
2024-07-30 10:40:00+09:00,3725.0,3727.0,3717.0,3727.0,27400,0.0,0.0
2024-07-30 10:45:00+09:00,3727.0,3727.0,3723.0,3724.0,10800,0.0,0.0
2024-07-30 10:50:00+09:00,3725.0,3725.0,3719.0,3723.0,20600,0.0,0.0
2024-07-30 10:55:00+09:00,3723.0,3725.0,3717.0,3725.0,13900,0.0,0.0
2024-07-30 11:00:00+09:00,3726.0,3729.0,3717.0,3719.0,20300,0.0,0.0
2024-07-30 11:05:00+09:00,3719.0,3739.0,3719.0,3737.0,23800,0.0,0.0
2024-07-30 11:10:00+09:00,3737.0,3742.0,3727.0,3727.0,17500,0.0,0.0
2024-07-30 11:15:00+09:00,3728.0,3728.0,3708.0,3710.0,68500,0.0,0.0
2024-07-30 11:20:00+09:00,3710.0,3720.0,3709.0,3720.0,35600,0.0,0.0
2024-07-30 11:25:00+09:00,3719.0,3729.0,3714.0,3729.0,41700,0.0,0.0
2024-07-30 11:30:00+09:00,3724.0,3724.0,3724.0,3724.0,3800,0.0,0.0
2024-07-30 11:35:00+09:00,3724.0,3724.0,3724.0,3724.0,0,0.0,0.0
2024-07-30 12:30:00+09:00,3630.0,3669.0,3605.0,3650.0,1602400,0.0,0.0
2024-07-30 12:35:00+09:00,3650.0,3667.0,3591.0,3627.0,519100,0.0,0.0
2024-07-30 12:40:00+09:00,3630.0,3644.0,3611.0,3639.0,157800,0.0,0.0
2024-07-30 12:45:00+09:00,3637.0,3648.0,3626.0,3640.0,148400,0.0,0.0
2024-07-30 12:50:00+09:00,3641.0,3652.0,3613.0,3616.0,176200,0.0,0.0
2024-07-30 12:55:00+09:00,3617.0,3632.0,3616.0,3626.0,72700,0.0,0.0
2024-07-30 13:00:00+09:00,3628.0,3640.0,3628.0,3639.0,51000,0.0,0.0
2024-07-30 13:05:00+09:00,3639.0,3639.0,3621.0,3629.0,78700,0.0,0.0
2024-07-30 13:10:00+09:00,3631.0,3631.0,3610.0,3613.0,119000,0.0,0.0
2024-07-30 13:15:00+09:00,3615.0,3620.0,3609.0,3612.0,55400,0.0,0.0
2024-07-30 13:20:00+09:00,3612.0,3619.0,3601.0,3601.0,72400,0.0,0.0
2024-07-30 13:25:00+09:00,3601.0,3614.0,3595.0,3613.0,104100,0.0,0.0
2024-07-30 13:30:00+09:00,3613.0,3614.0,3606.0,3607.0,40600,0.0,0.0
2024-07-30 13:35:00+09:00,3606.0,3614.0,3606.0,3611.0,29400,0.0,0.0
2024-07-30 13:40:00+09:00,3612.0,3613.0,3602.0,3606.0,42800,0.0,0.0
2024-07-30 13:45:00+09:00,3607.0,3607.0,3596.0,3602.0,84900,0.0,0.0
2024-07-30 13:50:00+09:00,3602.0,3602.0,3593.0,3596.0,81900,0.0,0.0
2024-07-30 13:55:00+09:00,3597.0,3597.0,3591.0,3591.0,70800,0.0,0.0
2024-07-30 14:00:00+09:00,3592.0,3600.0,3584.0,3596.0,117600,0.0,0.0
2024-07-30 14:05:00+09:00,3597.0,3608.0,3595.0,3596.0,84400,0.0,0.0
2024-07-30 14:10:00+09:00,3596.0,3601.0,3594.0,3598.0,38900,0.0,0.0
2024-07-30 14:15:00+09:00,3598.0,3601.0,3596.0,3598.0,25900,0.0,0.0
2024-07-30 14:20:00+09:00,3599.0,3602.0,3599.0,3601.0,17300,0.0,0.0
2024-07-30 14:25:00+09:00,3601.0,3602.0,3595.0,3596.0,30700,0.0,0.0
2024-07-30 14:30:00+09:00,3595.0,3599.0,3593.0,3598.0,38500,0.0,0.0
2024-07-30 14:35:00+09:00,3598.0,3598.0,3591.0,3594.0,48600,0.0,0.0
2024-07-30 14:40:00+09:00,3596.0,3599.0,3595.0,3598.0,37000,0.0,0.0
2024-07-30 14:45:00+09:00,3599.0,3610.0,3599.0,3605.0,83400,0.0,0.0
2024-07-30 14:50:00+09:00,3604.0,3604.0,3597.0,3601.0,53800,0.0,0.0
2024-07-30 14:55:00+09:00,3601.0,3605.0,3600.0,3601.0,69800,0.0,0.0
2024-07-31 09:00:00+09:00,3544.0,3571.0,3502.0,3516.0,321100,0.0,0.0
2024-07-31 09:05:00+09:00,3517.0,3539.0,3506.0,3533.0,76300,0.0,0.0
2024-07-31 09:10:00+09:00,3532.0,3541.0,3526.0,3529.0,55700,0.0,0.0
2024-07-31 09:15:00+09:00,3528.0,3542.0,3527.0,3535.0,34500,0.0,0.0
2024-07-31 09:20:00+09:00,3534.0,3544.0,3533.0,3539.0,41100,0.0,0.0
2024-07-31 09:25:00+09:00,3539.0,3546.0,3536.0,3541.0,33100,0.0,0.0
2024-07-31 09:30:00+09:00,3540.0,3542.0,3531.0,3532.0,26700,0.0,0.0
2024-07-31 09:35:00+09:00,3531.0,3550.0,3531.0,3549.0,29100,0.0,0.0
2024-07-31 09:40:00+09:00,3550.0,3562.0,3550.0,3557.0,37200,0.0,0.0
2024-07-31 09:45:00+09:00,3559.0,3565.0,3553.0,3558.0,40000,0.0,0.0
2024-07-31 09:50:00+09:00,3557.0,3558.0,3551.0,3555.0,20500,0.0,0.0
2024-07-31 09:55:00+09:00,3555.0,3563.0,3554.0,3557.0,21700,0.0,0.0
2024-07-31 10:00:00+09:00,3559.0,3564.0,3558.0,3558.0,18400,0.0,0.0
2024-07-31 10:05:00+09:00,3559.0,3561.0,3550.0,3552.0,33900,0.0,0.0
2024-07-31 10:10:00+09:00,3553.0,3557.0,3548.0,3548.0,22600,0.0,0.0
2024-07-31 10:15:00+09:00,3548.0,3552.0,3546.0,3551.0,21600,0.0,0.0
2024-07-31 10:20:00+09:00,3552.0,3563.0,3551.0,3562.0,20100,0.0,0.0
2024-07-31 10:25:00+09:00,3561.0,3566.0,3560.0,3563.0,20000,0.0,0.0
2024-07-31 10:30:00+09:00,3564.0,3570.0,3562.0,3568.0,18400,0.0,0.0
2024-07-31 10:35:00+09:00,3569.0,3577.0,3569.0,3576.0,19900,0.0,0.0
2024-07-31 10:40:00+09:00,3576.0,3578.0,3571.0,3576.0,32400,0.0,0.0
2024-07-31 10:45:00+09:00,3577.0,3578.0,3571.0,3573.0,18100,0.0,0.0
2024-07-31 10:50:00+09:00,3573.0,3578.0,3571.0,3573.0,22700,0.0,0.0
2024-07-31 10:55:00+09:00,3572.0,3583.0,3572.0,3581.0,16600,0.0,0.0
2024-07-31 11:00:00+09:00,3581.0,3584.0,3577.0,3579.0,16100,0.0,0.0
2024-07-31 11:05:00+09:00,3579.0,3585.0,3578.0,3584.0,17800,0.0,0.0
2024-07-31 11:10:00+09:00,3583.0,3589.0,3583.0,3587.0,19500,0.0,0.0
2024-07-31 11:15:00+09:00,3588.0,3596.0,3586.0,3595.0,21500,0.0,0.0
2024-07-31 11:20:00+09:00,3595.0,3596.0,3589.0,3592.0,24200,0.0,0.0
2024-07-31 11:25:00+09:00,3591.0,3594.0,3583.0,3588.0,23000,0.0,0.0
2024-07-31 11:30:00+09:00,3589.0,3589.0,3589.0,3589.0,3000,0.0,0.0
2024-07-31 11:35:00+09:00,3589.0,3589.0,3589.0,3589.0,0,0.0,0.0
2024-07-31 12:30:00+09:00,3595.0,3597.0,3572.0,3591.0,1198100,0.0,0.0
2024-07-31 12:35:00+09:00,3589.0,3593.0,3582.0,3586.0,29600,0.0,0.0
2024-07-31 12:40:00+09:00,3587.0,3587.0,3573.0,3577.0,47600,0.0,0.0
2024-07-31 12:45:00+09:00,3577.0,3580.0,3570.0,3580.0,20600,0.0,0.0
2024-07-31 12:50:00+09:00,3580.0,3582.0,3573.0,3579.0,20900,0.0,0.0
2024-07-31 12:55:00+09:00,3578.0,3599.0,3567.0,3597.0,53400,0.0,0.0
2024-07-31 13:00:00+09:00,3597.0,3601.0,3569.0,3585.0,46800,0.0,0.0
2024-07-31 13:05:00+09:00,3583.0,3586.0,3575.0,3576.0,22900,0.0,0.0
2024-07-31 13:10:00+09:00,3576.0,3589.0,3575.0,3589.0,20600,0.0,0.0
2024-07-31 13:15:00+09:00,3589.0,3601.0,3587.0,3596.0,22200,0.0,0.0
2024-07-31 13:20:00+09:00,3595.0,3595.0,3585.0,3587.0,25400,0.0,0.0
2024-07-31 13:25:00+09:00,3587.0,3592.0,3580.0,3590.0,25000,0.0,0.0
2024-07-31 13:30:00+09:00,3590.0,3596.0,3589.0,3596.0,20400,0.0,0.0
2024-07-31 13:35:00+09:00,3598.0,3598.0,3592.0,3593.0,18200,0.0,0.0
2024-07-31 13:40:00+09:00,3592.0,3596.0,3590.0,3594.0,12500,0.0,0.0
2024-07-31 13:45:00+09:00,3594.0,3600.0,3592.0,3595.0,19100,0.0,0.0
2024-07-31 13:50:00+09:00,3596.0,3598.0,3593.0,3594.0,12800,0.0,0.0
2024-07-31 13:55:00+09:00,3594.0,3594.0,3582.0,3584.0,24800,0.0,0.0
2024-07-31 14:00:00+09:00,3583.0,3586.0,3581.0,3581.0,19200,0.0,0.0
2024-07-31 14:05:00+09:00,3581.0,3586.0,3578.0,3586.0,23400,0.0,0.0
2024-07-31 14:10:00+09:00,3586.0,3589.0,3585.0,3589.0,13500,0.0,0.0
2024-07-31 14:15:00+09:00,3589.0,3589.0,3584.0,3588.0,22900,0.0,0.0
2024-07-31 14:20:00+09:00,3589.0,3591.0,3587.0,3588.0,15900,0.0,0.0
2024-07-31 14:25:00+09:00,3587.0,3589.0,3586.0,3587.0,15700,0.0,0.0
2024-07-31 14:30:00+09:00,3587.0,3591.0,3584.0,3589.0,24600,0.0,0.0
2024-07-31 14:35:00+09:00,3589.0,3598.0,3589.0,3596.0,26800,0.0,0.0
2024-07-31 14:40:00+09:00,3595.0,3607.0,3594.0,3595.0,72400,0.0,0.0
2024-07-31 14:45:00+09:00,3596.0,3603.0,3596.0,3600.0,56000,0.0,0.0
2024-07-31 14:50:00+09:00,3599.0,3603.0,3596.0,3601.0,69200,0.0,0.0
2024-07-31 14:55:00+09:00,3602.0,3608.0,3599.0,3603.0,107000,0.0,0.0
2024-08-01 09:00:00+09:00,3531.0,3536.0,3517.0,3527.0,251700,0.0,0.0
2024-08-01 09:05:00+09:00,3528.0,3534.0,3504.0,3505.0,121100,0.0,0.0
2024-08-01 09:10:00+09:00,3505.0,3510.0,3490.0,3496.0,146000,0.0,0.0
2024-08-01 09:15:00+09:00,3496.0,3500.0,3487.0,3492.0,58000,0.0,0.0
2024-08-01 09:20:00+09:00,3492.0,3493.0,3480.0,3481.0,74100,0.0,0.0
2024-08-01 09:25:00+09:00,3480.0,3482.0,3468.0,3476.0,71500,0.0,0.0
2024-08-01 09:30:00+09:00,3477.0,3487.0,3471.0,3479.0,47100,0.0,0.0
2024-08-01 09:35:00+09:00,3479.0,3487.0,3479.0,3485.0,25600,0.0,0.0
2024-08-01 09:40:00+09:00,3484.0,3494.0,3481.0,3488.0,33500,0.0,0.0
2024-08-01 09:45:00+09:00,3489.0,3489.0,3479.0,3482.0,31100,0.0,0.0
2024-08-01 09:50:00+09:00,3482.0,3485.0,3473.0,3475.0,83000,0.0,0.0
2024-08-01 09:55:00+09:00,3476.0,3477.0,3466.0,3470.0,85500,0.0,0.0
2024-08-01 10:00:00+09:00,3471.0,3472.0,3460.0,3463.0,48000,0.0,0.0
2024-08-01 10:05:00+09:00,3461.0,3465.0,3450.0,3458.0,79300,0.0,0.0
2024-08-01 10:10:00+09:00,3457.0,3462.0,3454.0,3460.0,30300,0.0,0.0
2024-08-01 10:15:00+09:00,3459.0,3460.0,3443.0,3445.0,68300,0.0,0.0
2024-08-01 10:20:00+09:00,3446.0,3452.0,3443.0,3451.0,47100,0.0,0.0
2024-08-01 10:25:00+09:00,3451.0,3452.0,3444.0,3444.0,33600,0.0,0.0
2024-08-01 10:30:00+09:00,3445.0,3450.0,3439.0,3439.0,50800,0.0,0.0
2024-08-01 10:35:00+09:00,3439.0,3441.0,3426.0,3429.0,41500,0.0,0.0
2024-08-01 10:40:00+09:00,3430.0,3437.0,3428.0,3437.0,32900,0.0,0.0
2024-08-01 10:45:00+09:00,3438.0,3443.0,3433.0,3442.0,28700,0.0,0.0
2024-08-01 10:50:00+09:00,3441.0,3448.0,3438.0,3447.0,22400,0.0,0.0
2024-08-01 10:55:00+09:00,3446.0,3450.0,3440.0,3447.0,25200,0.0,0.0
2024-08-01 11:00:00+09:00,3448.0,3449.0,3440.0,3449.0,19500,0.0,0.0
2024-08-01 11:05:00+09:00,3448.0,3452.0,3443.0,3446.0,28400,0.0,0.0
2024-08-01 11:10:00+09:00,3445.0,3445.0,3431.0,3433.0,35100,0.0,0.0
2024-08-01 11:15:00+09:00,3433.0,3434.0,3427.0,3433.0,36500,0.0,0.0
2024-08-01 11:20:00+09:00,3434.0,3444.0,3433.0,3442.0,17100,0.0,0.0
2024-08-01 11:25:00+09:00,3441.0,3456.0,3440.0,3453.0,31000,0.0,0.0
2024-08-01 11:30:00+09:00,3452.0,3452.0,3451.0,3451.0,7300,0.0,0.0
2024-08-01 11:35:00+09:00,3451.0,3451.0,3451.0,3451.0,0,0.0,0.0
2024-08-01 12:30:00+09:00,3447.0,3447.0,3429.0,3441.0,1854300,0.0,0.0
2024-08-01 12:35:00+09:00,3440.0,3440.0,3425.0,3428.0,38900,0.0,0.0
2024-08-01 12:40:00+09:00,3428.0,3431.0,3422.0,3429.0,69400,0.0,0.0
2024-08-01 12:45:00+09:00,3429.0,3441.0,3429.0,3441.0,19600,0.0,0.0
2024-08-01 12:50:00+09:00,3440.0,3456.0,3436.0,3454.0,25600,0.0,0.0
2024-08-01 12:55:00+09:00,3453.0,3460.0,3452.0,3456.0,39800,0.0,0.0
2024-08-01 13:00:00+09:00,3456.0,3461.0,3455.0,3456.0,28700,0.0,0.0
2024-08-01 13:05:00+09:00,3457.0,3471.0,3457.0,3471.0,33200,0.0,0.0
2024-08-01 13:10:00+09:00,3472.0,3472.0,3462.0,3462.0,17200,0.0,0.0
2024-08-01 13:15:00+09:00,3463.0,3467.0,3461.0,3461.0,17000,0.0,0.0
2024-08-01 13:20:00+09:00,3461.0,3464.0,3460.0,3462.0,12800,0.0,0.0
2024-08-01 13:25:00+09:00,3463.0,3464.0,3453.0,3453.0,18900,0.0,0.0
2024-08-01 13:30:00+09:00,3453.0,3459.0,3451.0,3454.0,19700,0.0,0.0
2024-08-01 13:35:00+09:00,3454.0,3459.0,3447.0,3447.0,27500,0.0,0.0
2024-08-01 13:40:00+09:00,3447.0,3453.0,3446.0,3451.0,20400,0.0,0.0
2024-08-01 13:45:00+09:00,3450.0,3454.0,3448.0,3450.0,25300,0.0,0.0
2024-08-01 13:50:00+09:00,3450.0,3454.0,3447.0,3452.0,18100,0.0,0.0
2024-08-01 13:55:00+09:00,3452.0,3457.0,3452.0,3452.0,15600,0.0,0.0
2024-08-01 14:00:00+09:00,3453.0,3471.0,3453.0,3462.0,54300,0.0,0.0
2024-08-01 14:05:00+09:00,3462.0,3477.0,3462.0,3473.0,25900,0.0,0.0
2024-08-01 14:10:00+09:00,3474.0,3480.0,3470.0,3480.0,21300,0.0,0.0
2024-08-01 14:15:00+09:00,3480.0,3483.0,3474.0,3480.0,22500,0.0,0.0
2024-08-01 14:20:00+09:00,3479.0,3484.0,3478.0,3482.0,26000,0.0,0.0
2024-08-01 14:25:00+09:00,3482.0,3486.0,3474.0,3476.0,35100,0.0,0.0
2024-08-01 14:30:00+09:00,3477.0,3481.0,3473.0,3479.0,29900,0.0,0.0
2024-08-01 14:35:00+09:00,3480.0,3483.0,3478.0,3479.0,28500,0.0,0.0
2024-08-01 14:40:00+09:00,3480.0,3483.0,3479.0,3482.0,27600,0.0,0.0
2024-08-01 14:45:00+09:00,3483.0,3491.0,3483.0,3488.0,51300,0.0,0.0
2024-08-01 14:50:00+09:00,3487.0,3488.0,3478.0,3478.0,40000,0.0,0.0
2024-08-01 14:55:00+09:00,3479.0,3485.0,3479.0,3481.0,46300,0.0,0.0
2024-08-02 09:05:00+09:00,3319.0,3331.0,3295.0,3322.0,435500,0.0,0.0
2024-08-02 09:10:00+09:00,3325.0,3329.0,3308.0,3308.0,70700,0.0,0.0
2024-08-02 09:15:00+09:00,3307.0,3321.0,3302.0,3308.0,68500,0.0,0.0
2024-08-02 09:20:00+09:00,3309.0,3309.0,3297.0,3302.0,55900,0.0,0.0
2024-08-02 09:25:00+09:00,3301.0,3301.0,3286.0,3286.0,65700,0.0,0.0
2024-08-02 09:30:00+09:00,3287.0,3314.0,3285.0,3314.0,39900,0.0,0.0
2024-08-02 09:35:00+09:00,3314.0,3319.0,3300.0,3301.0,42200,0.0,0.0
2024-08-02 09:40:00+09:00,3301.0,3310.0,3298.0,3306.0,26200,0.0,0.0
2024-08-02 09:45:00+09:00,3307.0,3308.0,3298.0,3299.0,43600,0.0,0.0
2024-08-02 09:50:00+09:00,3298.0,3303.0,3296.0,3303.0,27000,0.0,0.0
2024-08-02 09:55:00+09:00,3300.0,3301.0,3275.0,3280.0,66200,0.0,0.0
2024-08-02 10:00:00+09:00,3279.0,3293.0,3270.0,3274.0,51600,0.0,0.0
2024-08-02 10:05:00+09:00,3275.0,3292.0,3267.0,3292.0,54900,0.0,0.0
2024-08-02 10:10:00+09:00,3292.0,3303.0,3289.0,3301.0,18900,0.0,0.0
2024-08-02 10:15:00+09:00,3302.0,3316.0,3300.0,3316.0,32900,0.0,0.0
2024-08-02 10:20:00+09:00,3315.0,3316.0,3301.0,3309.0,34200,0.0,0.0
2024-08-02 10:25:00+09:00,3308.0,3308.0,3296.0,3301.0,19300,0.0,0.0
2024-08-02 10:30:00+09:00,3302.0,3314.0,3302.0,3306.0,19100,0.0,0.0
2024-08-02 10:35:00+09:00,3305.0,3320.0,3305.0,3320.0,18800,0.0,0.0
2024-08-02 10:40:00+09:00,3321.0,3326.0,3320.0,3325.0,31200,0.0,0.0
2024-08-02 10:45:00+09:00,3326.0,3331.0,3319.0,3326.0,41900,0.0,0.0
2024-08-02 10:50:00+09:00,3325.0,3330.0,3319.0,3325.0,24900,0.0,0.0
2024-08-02 10:55:00+09:00,3326.0,3330.0,3323.0,3324.0,29700,0.0,0.0
2024-08-02 11:00:00+09:00,3325.0,3333.0,3321.0,3321.0,31400,0.0,0.0
2024-08-02 11:05:00+09:00,3323.0,3334.0,3323.0,3330.0,57700,0.0,0.0
2024-08-02 11:10:00+09:00,3331.0,3336.0,3326.0,3333.0,28300,0.0,0.0
2024-08-02 11:15:00+09:00,3334.0,3343.0,3333.0,3336.0,24700,0.0,0.0
2024-08-02 11:20:00+09:00,3335.0,3335.0,3324.0,3326.0,24600,0.0,0.0
2024-08-02 11:25:00+09:00,3329.0,3339.0,3325.0,3338.0,20800,0.0,0.0
2024-08-02 11:30:00+09:00,3339.0,3339.0,3339.0,3339.0,9400,0.0,0.0
2024-08-02 11:35:00+09:00,3339.0,3339.0,3339.0,3339.0,0,0.0,0.0
2024-08-02 12:30:00+09:00,3341.0,3342.0,3328.0,3339.0,1598600,0.0,0.0
2024-08-02 12:35:00+09:00,3339.0,3341.0,3325.0,3326.0,18100,0.0,0.0
2024-08-02 12:40:00+09:00,3325.0,3325.0,3319.0,3319.0,17500,0.0,0.0
2024-08-02 12:45:00+09:00,3320.0,3329.0,3320.0,3328.0,17400,0.0,0.0
2024-08-02 12:50:00+09:00,3329.0,3331.0,3321.0,3321.0,19100,0.0,0.0
2024-08-02 12:55:00+09:00,3320.0,3320.0,3314.0,3316.0,19900,0.0,0.0
2024-08-02 13:00:00+09:00,3317.0,3321.0,3314.0,3317.0,15500,0.0,0.0
2024-08-02 13:05:00+09:00,3317.0,3321.0,3312.0,3312.0,17000,0.0,0.0
2024-08-02 13:10:00+09:00,3314.0,3315.0,3311.0,3312.0,12000,0.0,0.0
2024-08-02 13:15:00+09:00,3312.0,3312.0,3308.0,3312.0,13700,0.0,0.0
2024-08-02 13:20:00+09:00,3311.0,3319.0,3311.0,3317.0,23600,0.0,0.0
2024-08-02 13:25:00+09:00,3318.0,3320.0,3314.0,3317.0,14900,0.0,0.0
2024-08-02 13:30:00+09:00,3318.0,3319.0,3309.0,3311.0,22000,0.0,0.0
2024-08-02 13:35:00+09:00,3311.0,3312.0,3309.0,3311.0,10100,0.0,0.0
2024-08-02 13:40:00+09:00,3312.0,3312.0,3306.0,3311.0,23100,0.0,0.0
2024-08-02 13:45:00+09:00,3310.0,3316.0,3309.0,3316.0,19800,0.0,0.0
2024-08-02 13:50:00+09:00,3317.0,3317.0,3306.0,3306.0,34400,0.0,0.0
2024-08-02 13:55:00+09:00,3306.0,3311.0,3305.0,3307.0,29400,0.0,0.0
2024-08-02 14:00:00+09:00,3308.0,3308.0,3301.0,3304.0,29700,0.0,0.0
2024-08-02 14:05:00+09:00,3304.0,3315.0,3304.0,3314.0,17000,0.0,0.0
2024-08-02 14:10:00+09:00,3315.0,3316.0,3305.0,3305.0,17000,0.0,0.0
2024-08-02 14:15:00+09:00,3306.0,3309.0,3303.0,3304.0,13400,0.0,0.0
2024-08-02 14:20:00+09:00,3304.0,3305.0,3295.0,3296.0,93900,0.0,0.0
2024-08-02 14:25:00+09:00,3295.0,3300.0,3294.0,3294.0,23000,0.0,0.0
2024-08-02 14:30:00+09:00,3294.0,3296.0,3282.0,3286.0,56200,0.0,0.0
2024-08-02 14:35:00+09:00,3287.0,3287.0,3280.0,3281.0,17700,0.0,0.0
2024-08-02 14:40:00+09:00,3281.0,3288.0,3278.0,3279.0,42800,0.0,0.0
2024-08-02 14:45:00+09:00,3280.0,3282.0,3273.0,3278.0,43100,0.0,0.0
2024-08-02 14:50:00+09:00,3278.0,3279.0,3273.0,3274.0,45000,0.0,0.0
2024-08-02 14:55:00+09:00,3274.0,3281.0,3274.0,3280.0,79000,0.0,0.0
