Datetime,Open,High,Low,Close,Volume,Dividends,Stock Splits
2024-09-13 09:00:00+09:00,2440.0,2462.0,2440.0,2462.0,6000,0.0,0.0
2024-09-13 09:05:00+09:00,2466.0,2466.0,2466.0,2466.0,100,0.0,0.0
2024-09-13 09:20:00+09:00,2460.0,2460.0,2447.0,2454.0,1100,0.0,0.0
2024-09-13 09:25:00+09:00,2442.0,2442.0,2442.0,2442.0,100,0.0,0.0
2024-09-13 09:45:00+09:00,2457.0,2457.0,2457.0,2457.0,200,0.0,0.0
2024-09-13 09:55:00+09:00,2457.0,2457.0,2457.0,2457.0,100,0.0,0.0
2024-09-13 10:15:00+09:00,2460.0,2460.0,2460.0,2460.0,100,0.0,0.0
2024-09-13 10:40:00+09:00,2460.0,2469.0,2460.0,2461.0,1100,0.0,0.0
2024-09-13 11:15:00+09:00,2460.0,2460.0,2460.0,2460.0,200,0.0,0.0
2024-09-13 11:20:00+09:00,2463.0,2463.0,2463.0,2463.0,100,0.0,0.0
2024-09-13 11:35:00+09:00,2463.0,2463.0,2463.0,2463.0,0,0.0,0.0
2024-09-13 12:30:00+09:00,2465.0,2466.0,2465.0,2466.0,0,0.0,0.0
2024-09-13 12:40:00+09:00,2468.0,2468.0,2468.0,2468.0,10300,0.0,0.0
2024-09-13 12:55:00+09:00,2459.0,2459.0,2452.0,2454.0,1700,0.0,0.0
2024-09-13 13:15:00+09:00,2463.0,2463.0,2463.0,2463.0,100,0.0,0.0
2024-09-13 13:25:00+09:00,2467.0,2474.0,2467.0,2467.0,1100,0.0,0.0
2024-09-13 13:30:00+09:00,2473.0,2474.0,2454.0,2470.0,1600,0.0,0.0
2024-09-13 13:50:00+09:00,2465.0,2473.0,2465.0,2473.0,200,0.0,0.0
2024-09-13 14:55:00+09:00,2468.0,2468.0,2468.0,2468.0,200,0.0,0.0
2024-09-17 09:00:00+09:00,2477.0,2479.0,2477.0,2479.0,16500,0.0,0.0
2024-09-17 09:10:00+09:00,2469.0,2479.0,2469.0,2479.0,1600,0.0,0.0
2024-09-17 09:15:00+09:00,2485.0,2485.0,2482.0,2482.0,200,0.0,0.0
2024-09-17 09:30:00+09:00,2471.0,2471.0,2461.0,2461.0,200,0.0,0.0
2024-09-17 09:45:00+09:00,2479.0,2479.0,2479.0,2479.0,100,0.0,0.0
2024-09-17 09:50:00+09:00,2478.0,2478.0,2478.0,2478.0,100,0.0,0.0
2024-09-17 10:00:00+09:00,2475.0,2482.0,2475.0,2482.0,400,0.0,0.0
2024-09-17 10:05:00+09:00,2485.0,2485.0,2485.0,2485.0,100,0.0,0.0
2024-09-17 10:15:00+09:00,2480.0,2480.0,2480.0,2480.0,100,0.0,0.0
2024-09-17 10:45:00+09:00,2475.0,2478.0,2475.0,2478.0,200,0.0,0.0
2024-09-17 11:15:00+09:00,2480.0,2480.0,2480.0,2480.0,300,0.0,0.0
2024-09-17 11:30:00+09:00,2467.0,2467.0,2467.0,2467.0,1200,0.0,0.0
2024-09-17 11:35:00+09:00,2467.0,2467.0,2467.0,2467.0,0,0.0,0.0
2024-09-17 12:30:00+09:00,2478.0,2482.0,2478.0,2482.0,23300,0.0,0.0
2024-09-17 12:40:00+09:00,2481.0,2481.0,2465.0,2465.0,300,0.0,0.0
2024-09-17 12:50:00+09:00,2465.0,2465.0,2465.0,2465.0,100,0.0,0.0
2024-09-17 12:55:00+09:00,2470.0,2470.0,2469.0,2469.0,700,0.0,0.0
2024-09-17 13:15:00+09:00,2477.0,2477.0,2463.0,2463.0,200,0.0,0.0
2024-09-17 13:20:00+09:00,2460.0,2460.0,2460.0,2460.0,100,0.0,0.0
2024-09-17 13:25:00+09:00,2460.0,2463.0,2453.0,2463.0,1100,0.0,0.0
2024-09-17 13:35:00+09:00,2451.0,2451.0,2441.0,2441.0,1000,0.0,0.0
2024-09-17 13:45:00+09:00,2448.0,2456.0,2448.0,2456.0,900,0.0,0.0
2024-09-17 14:00:00+09:00,2457.0,2457.0,2457.0,2457.0,100,0.0,0.0
2024-09-17 14:05:00+09:00,2462.0,2462.0,2459.0,2459.0,300,0.0,0.0
2024-09-17 14:15:00+09:00,2459.0,2459.0,2459.0,2459.0,100,0.0,0.0
2024-09-17 14:40:00+09:00,2461.0,2463.0,2461.0,2463.0,400,0.0,0.0
2024-09-17 14:50:00+09:00,2469.0,2469.0,2469.0,2469.0,200,0.0,0.0
2024-09-17 14:55:00+09:00,2472.0,2480.0,2472.0,2480.0,600,0.0,0.0
2024-09-18 09:00:00+09:00,2500.0,2500.0,2500.0,2500.0,3500,0.0,0.0
2024-09-18 09:10:00+09:00,2485.0,2485.0,2484.0,2484.0,200,0.0,0.0
2024-09-18 09:15:00+09:00,2490.0,2490.0,2490.0,2490.0,100,0.0,0.0
2024-09-18 09:20:00+09:00,2485.0,2485.0,2485.0,2485.0,100,0.0,0.0
2024-09-18 09:25:00+09:00,2494.0,2494.0,2494.0,2494.0,100,0.0,0.0
2024-09-18 09:40:00+09:00,2494.0,2498.0,2494.0,2498.0,400,0.0,0.0
2024-09-18 09:55:00+09:00,2489.0,2489.0,2489.0,2489.0,100,0.0,0.0
2024-09-18 10:00:00+09:00,2498.0,2498.0,2498.0,2498.0,100,0.0,0.0
2024-09-18 10:05:00+09:00,2498.0,2498.0,2495.0,2495.0,300,0.0,0.0
2024-09-18 10:10:00+09:00,2500.0,2500.0,2495.0,2495.0,200,0.0,0.0
2024-09-18 10:35:00+09:00,2489.0,2489.0,2489.0,2489.0,100,0.0,0.0
2024-09-18 10:40:00+09:00,2496.0,2496.0,2496.0,2496.0,100,0.0,0.0
2024-09-18 11:15:00+09:00,2495.0,2495.0,2490.0,2490.0,200,0.0,0.0
2024-09-18 11:20:00+09:00,2490.0,2490.0,2490.0,2490.0,100,0.0,0.0
2024-09-18 11:30:00+09:00,2490.0,2490.0,2490.0,2490.0,100,0.0,0.0
2024-09-18 11:35:00+09:00,2490.0,2490.0,2490.0,2490.0,0,0.0,0.0
2024-09-18 12:30:00+09:00,2495.0,2497.0,2490.0,2497.0,7000,0.0,0.0
2024-09-18 12:40:00+09:00,2491.0,2491.0,2485.0,2485.0,700,0.0,0.0
2024-09-18 12:50:00+09:00,2485.0,2488.0,2484.0,2484.0,700,0.0,0.0
2024-09-18 12:55:00+09:00,2482.0,2483.0,2478.0,2483.0,1600,0.0,0.0
2024-09-18 13:05:00+09:00,2483.0,2484.0,2483.0,2483.0,400,0.0,0.0
2024-09-18 13:15:00+09:00,2484.0,2484.0,2484.0,2484.0,100,0.0,0.0
2024-09-18 13:20:00+09:00,2469.0,2478.0,2464.0,2478.0,1100,0.0,0.0
2024-09-18 14:20:00+09:00,2472.0,2483.0,2472.0,2483.0,600,0.0,0.0
2024-09-18 14:25:00+09:00,2484.0,2484.0,2484.0,2484.0,100,0.0,0.0
2024-09-18 14:50:00+09:00,2484.0,2484.0,2484.0,2484.0,100,0.0,0.0
2024-09-18 14:55:00+09:00,2480.0,2488.0,2480.0,2488.0,400,0.0,0.0
2024-09-19 09:00:00+09:00,2499.0,2500.0,2499.0,2500.0,13500,0.0,0.0
2024-09-19 09:10:00+09:00,2505.0,2510.0,2505.0,2510.0,300,0.0,0.0
2024-09-19 09:15:00+09:00,2510.0,2510.0,2500.0,2500.0,500,0.0,0.0
2024-09-19 09:20:00+09:00,2481.0,2481.0,2481.0,2481.0,100,0.0,0.0
2024-09-19 09:25:00+09:00,2481.0,2491.0,2480.0,2491.0,700,0.0,0.0
2024-09-19 09:30:00+09:00,2483.0,2483.0,2475.0,2475.0,1200,0.0,0.0
2024-09-19 09:40:00+09:00,2488.0,2488.0,2488.0,2488.0,100,0.0,0.0
2024-09-19 09:45:00+09:00,2491.0,2499.0,2491.0,2499.0,400,0.0,0.0
2024-09-19 09:55:00+09:00,2496.0,2496.0,2496.0,2496.0,100,0.0,0.0
2024-09-19 10:00:00+09:00,2500.0,2500.0,2500.0,2500.0,100,0.0,0.0
2024-09-19 10:20:00+09:00,2500.0,2504.0,2500.0,2504.0,200,0.0,0.0
2024-09-19 10:25:00+09:00,2504.0,2504.0,2504.0,2504.0,100,0.0,0.0
2024-09-19 10:35:00+09:00,2506.0,2506.0,2497.0,2497.0,200,0.0,0.0
2024-09-19 10:55:00+09:00,2505.0,2505.0,2505.0,2505.0,100,0.0,0.0
2024-09-19 11:05:00+09:00,2506.0,2506.0,2506.0,2506.0,100,0.0,0.0
2024-09-19 11:15:00+09:00,2506.0,2507.0,2506.0,2507.0,200,0.0,0.0
2024-09-19 11:20:00+09:00,2504.0,2504.0,2502.0,2504.0,800,0.0,0.0
2024-09-19 11:25:00+09:00,2497.0,2499.0,2495.0,2495.0,600,0.0,0.0
2024-09-19 11:30:00+09:00,2493.0,2493.0,2493.0,2493.0,1800,0.0,0.0
2024-09-19 11:35:00+09:00,2493.0,2493.0,2493.0,2493.0,0,0.0,0.0
2024-09-19 12:30:00+09:00,2504.0,2504.0,2503.0,2504.0,26900,0.0,0.0
2024-09-19 12:35:00+09:00,2503.0,2503.0,2503.0,2503.0,100,0.0,0.0
2024-09-19 12:40:00+09:00,2500.0,2500.0,2500.0,2500.0,100,0.0,0.0
2024-09-19 12:50:00+09:00,2501.0,2501.0,2501.0,2501.0,100,0.0,0.0
2024-09-19 12:55:00+09:00,2498.0,2502.0,2498.0,2502.0,200,0.0,0.0
2024-09-19 13:00:00+09:00,2503.0,2503.0,2503.0,2503.0,100,0.0,0.0
2024-09-19 13:10:00+09:00,2504.0,2504.0,2504.0,2504.0,400,0.0,0.0
2024-09-19 13:15:00+09:00,2509.0,2509.0,2495.0,2495.0,1100,0.0,0.0
2024-09-19 13:30:00+09:00,2505.0,2507.0,2505.0,2507.0,200,0.0,0.0
2024-09-19 13:45:00+09:00,2495.0,2495.0,2490.0,2490.0,1000,0.0,0.0
2024-09-19 13:55:00+09:00,2499.0,2505.0,2499.0,2505.0,200,0.0,0.0
2024-09-19 14:00:00+09:00,2500.0,2500.0,2500.0,2500.0,100,0.0,0.0
2024-09-19 14:10:00+09:00,2498.0,2498.0,2498.0,2498.0,100,0.0,0.0
2024-09-19 14:20:00+09:00,2501.0,2505.0,2501.0,2505.0,200,0.0,0.0
2024-09-19 14:35:00+09:00,2504.0,2504.0,2499.0,2499.0,300,0.0,0.0
2024-09-19 14:40:00+09:00,2503.0,2503.0,2503.0,2503.0,100,0.0,0.0
2024-09-19 14:45:00+09:00,2501.0,2501.0,2501.0,2501.0,100,0.0,0.0
2024-09-19 14:50:00+09:00,2503.0,2503.0,2503.0,2503.0,100,0.0,0.0
2024-09-20 09:00:00+09:00,2524.0,2524.0,2510.0,2510.0,8000,0.0,0.0
2024-09-20 09:05:00+09:00,2511.0,2511.0,2505.0,2505.0,200,0.0,0.0
2024-09-20 09:15:00+09:00,2504.0,2504.0,2504.0,2504.0,100,0.0,0.0
2024-09-20 09:20:00+09:00,2504.0,2504.0,2504.0,2504.0,100,0.0,0.0
2024-09-20 09:25:00+09:00,2504.0,2504.0,2504.0,2504.0,400,0.0,0.0
2024-09-20 09:30:00+09:00,2507.0,2507.0,2507.0,2507.0,400,0.0,0.0
2024-09-20 09:35:00+09:00,2508.0,2511.0,2507.0,2507.0,900,0.0,0.0
2024-09-20 09:45:00+09:00,2510.0,2510.0,2510.0,2510.0,100,0.0,0.0
2024-09-20 09:50:00+09:00,2509.0,2509.0,2509.0,2509.0,100,0.0,0.0
2024-09-20 09:55:00+09:00,2510.0,2510.0,2510.0,2510.0,100,0.0,0.0
2024-09-20 10:05:00+09:00,2508.0,2508.0,2508.0,2508.0,100,0.0,0.0
2024-09-20 10:15:00+09:00,2510.0,2510.0,2510.0,2510.0,100,0.0,0.0
2024-09-20 10:20:00+09:00,2511.0,2511.0,2510.0,2511.0,500,0.0,0.0
2024-09-20 10:25:00+09:00,2506.0,2506.0,2506.0,2506.0,100,0.0,0.0
2024-09-20 10:35:00+09:00,2512.0,2512.0,2512.0,2512.0,600,0.0,0.0
2024-09-20 10:40:00+09:00,2513.0,2513.0,2513.0,2513.0,100,0.0,0.0
2024-09-20 10:50:00+09:00,2515.0,2515.0,2515.0,2515.0,0,0.0,0.0
2024-09-20 11:00:00+09:00,2516.0,2516.0,2516.0,2516.0,12100,0.0,0.0
2024-09-20 11:05:00+09:00,2519.0,2519.0,2517.0,2517.0,200,0.0,0.0
2024-09-20 11:20:00+09:00,2518.0,2518.0,2518.0,2518.0,100,0.0,0.0
2024-09-20 11:25:00+09:00,2519.0,2519.0,2519.0,2519.0,100,0.0,0.0
2024-09-20 11:30:00+09:00,2519.0,2519.0,2519.0,2519.0,400,0.0,0.0
2024-09-20 11:35:00+09:00,2519.0,2519.0,2519.0,2519.0,0,0.0,0.0
2024-09-20 12:30:00+09:00,2525.0,2525.0,2525.0,2525.0,19900,0.0,0.0
2024-09-20 12:35:00+09:00,2525.0,2525.0,2525.0,2525.0,100,0.0,0.0
2024-09-20 12:40:00+09:00,2525.0,2525.0,2519.0,2519.0,600,0.0,0.0
2024-09-20 12:45:00+09:00,2525.0,2525.0,2525.0,2525.0,100,0.0,0.0
2024-09-20 12:50:00+09:00,2527.0,2527.0,2527.0,2527.0,100,0.0,0.0
2024-09-20 12:55:00+09:00,2527.0,2527.0,2527.0,2527.0,100,0.0,0.0
2024-09-20 13:00:00+09:00,2527.0,2530.0,2527.0,2530.0,900,0.0,0.0
2024-09-20 13:05:00+09:00,2534.0,2534.0,2531.0,2531.0,400,0.0,0.0
2024-09-20 13:10:00+09:00,2524.0,2524.0,2524.0,2524.0,100,0.0,0.0
2024-09-20 13:15:00+09:00,2534.0,2534.0,2534.0,2534.0,200,0.0,0.0
2024-09-20 13:20:00+09:00,2533.0,2533.0,2533.0,2533.0,100,0.0,0.0
2024-09-20 13:25:00+09:00,2534.0,2534.0,2534.0,2534.0,100,0.0,0.0
2024-09-20 13:30:00+09:00,2534.0,2534.0,2534.0,2534.0,100,0.0,0.0
2024-09-20 13:35:00+09:00,2534.0,2534.0,2534.0,2534.0,100,0.0,0.0
2024-09-20 13:40:00+09:00,2534.0,2534.0,2534.0,2534.0,100,0.0,0.0
2024-09-20 13:45:00+09:00,2534.0,2534.0,2534.0,2534.0,100,0.0,0.0
2024-09-20 13:50:00+09:00,2534.0,2534.0,2534.0,2534.0,100,0.0,0.0
2024-09-20 13:55:00+09:00,2535.0,2538.0,2535.0,2538.0,300,0.0,0.0
2024-09-20 14:05:00+09:00,2537.0,2537.0,2537.0,2537.0,100,0.0,0.0
2024-09-20 14:10:00+09:00,2537.0,2537.0,2537.0,2537.0,100,0.0,0.0
2024-09-20 14:15:00+09:00,2531.0,2533.0,2522.0,2525.0,1200,0.0,0.0
2024-09-20 14:25:00+09:00,2536.0,2536.0,2524.0,2524.0,200,0.0,0.0
2024-09-20 14:35:00+09:00,2521.0,2521.0,2509.0,2509.0,2200,0.0,0.0
2024-09-20 14:40:00+09:00,2510.0,2510.0,2510.0,2510.0,100,0.0,0.0
2024-09-20 14:45:00+09:00,2513.0,2513.0,2513.0,2513.0,200,0.0,0.0
2024-09-20 14:55:00+09:00,2513.0,2514.0,2510.0,2514.0,500,0.0,0.0
2024-09-24 09:00:00+09:00,2548.0,2564.0,2548.0,2564.0,3800,0.0,0.0
2024-09-24 09:05:00+09:00,2551.0,2560.0,2551.0,2560.0,200,0.0,0.0
2024-09-24 09:10:00+09:00,2547.0,2547.0,2542.0,2542.0,300,0.0,0.0
2024-09-24 09:15:00+09:00,2542.0,2542.0,2530.0,2537.0,1100,0.0,0.0
2024-09-24 09:20:00+09:00,2533.0,2533.0,2529.0,2529.0,200,0.0,0.0
2024-09-24 09:25:00+09:00,2525.0,2534.0,2525.0,2534.0,300,0.0,0.0
2024-09-24 09:30:00+09:00,2529.0,2529.0,2529.0,2529.0,100,0.0,0.0
2024-09-24 09:35:00+09:00,2531.0,2538.0,2531.0,2538.0,1400,0.0,0.0
2024-09-24 09:40:00+09:00,2540.0,2540.0,2540.0,2540.0,100,0.0,0.0
2024-09-24 09:45:00+09:00,2543.0,2544.0,2543.0,2544.0,300,0.0,0.0
2024-09-24 09:50:00+09:00,2548.0,2548.0,2548.0,2548.0,100,0.0,0.0
2024-09-24 09:55:00+09:00,2543.0,2543.0,2543.0,2543.0,100,0.0,0.0
2024-09-24 10:00:00+09:00,2555.0,2555.0,2551.0,2551.0,0,0.0,0.0
2024-09-24 10:10:00+09:00,2549.0,2549.0,2548.0,2548.0,8800,0.0,0.0
2024-09-24 10:15:00+09:00,2544.0,2544.0,2544.0,2544.0,100,0.0,0.0
2024-09-24 10:25:00+09:00,2544.0,2545.0,2544.0,2545.0,200,0.0,0.0
2024-09-24 10:30:00+09:00,2545.0,2545.0,2541.0,2541.0,400,0.0,0.0
2024-09-24 10:35:00+09:00,2545.0,2546.0,2545.0,2546.0,400,0.0,0.0
2024-09-24 10:40:00+09:00,2545.0,2545.0,2544.0,2544.0,300,0.0,0.0
2024-09-24 10:45:00+09:00,2545.0,2548.0,2545.0,2548.0,600,0.0,0.0
2024-09-24 10:50:00+09:00,2544.0,2544.0,2544.0,2544.0,100,0.0,0.0
2024-09-24 11:00:00+09:00,2544.0,2546.0,2544.0,2546.0,200,0.0,0.0
2024-09-24 11:05:00+09:00,2544.0,2544.0,2539.0,2539.0,700,0.0,0.0
2024-09-24 11:10:00+09:00,2535.0,2535.0,2525.0,2526.0,1100,0.0,0.0
2024-09-24 11:15:00+09:00,2526.0,2526.0,2525.0,2525.0,200,0.0,0.0
2024-09-24 11:20:00+09:00,2531.0,2531.0,2531.0,2531.0,100,0.0,0.0
2024-09-24 11:25:00+09:00,2531.0,2538.0,2531.0,2538.0,800,0.0,0.0
2024-09-24 11:35:00+09:00,2538.0,2538.0,2538.0,2538.0,0,0.0,0.0
2024-09-24 12:30:00+09:00,2546.0,2546.0,2546.0,2546.0,18000,0.0,0.0
2024-09-24 12:35:00+09:00,2526.0,2533.0,2525.0,2533.0,600,0.0,0.0
2024-09-24 12:45:00+09:00,2533.0,2539.0,2533.0,2539.0,400,0.0,0.0
2024-09-24 12:50:00+09:00,2537.0,2537.0,2536.0,2536.0,300,0.0,0.0
2024-09-24 13:00:00+09:00,2540.0,2540.0,2537.0,2537.0,200,0.0,0.0
2024-09-24 13:05:00+09:00,2540.0,2540.0,2540.0,2540.0,200,0.0,0.0
2024-09-24 13:15:00+09:00,2543.0,2543.0,2526.0,2526.0,1100,0.0,0.0
2024-09-24 13:20:00+09:00,2537.0,2537.0,2537.0,2537.0,100,0.0,0.0
2024-09-24 13:25:00+09:00,2543.0,2543.0,2543.0,2543.0,100,0.0,0.0
2024-09-24 13:35:00+09:00,2544.0,2544.0,2544.0,2544.0,100,0.0,0.0
2024-09-24 13:45:00+09:00,2544.0,2544.0,2544.0,2544.0,200,0.0,0.0
2024-09-24 13:55:00+09:00,2544.0,2544.0,2544.0,2544.0,100,0.0,0.0
2024-09-24 14:00:00+09:00,2544.0,2544.0,2544.0,2544.0,200,0.0,0.0
2024-09-24 14:05:00+09:00,2544.0,2544.0,2540.0,2540.0,200,0.0,0.0
2024-09-24 14:10:00+09:00,2545.0,2545.0,2545.0,2545.0,200,0.0,0.0
2024-09-24 14:15:00+09:00,2542.0,2547.0,2542.0,2547.0,400,0.0,0.0
2024-09-24 14:20:00+09:00,2543.0,2543.0,2543.0,2543.0,100,0.0,0.0
2024-09-24 14:30:00+09:00,2547.0,2547.0,2547.0,2547.0,100,0.0,0.0
2024-09-24 14:35:00+09:00,2547.0,2547.0,2547.0,2547.0,100,0.0,0.0
2024-09-24 14:40:00+09:00,2541.0,2541.0,2541.0,2541.0,100,0.0,0.0
2024-09-24 14:45:00+09:00,2540.0,2540.0,2540.0,2540.0,200,0.0,0.0
2024-09-24 14:50:00+09:00,2543.0,2543.0,2540.0,2540.0,200,0.0,0.0
2024-09-24 14:55:00+09:00,2540.0,2543.0,2540.0,2540.0,600,0.0,0.0
2024-09-25 09:00:00+09:00,2526.0,2530.0,2521.0,2525.0,3200,0.0,0.0
2024-09-25 09:10:00+09:00,2529.0,2530.0,2529.0,2530.0,700,0.0,0.0
2024-09-25 09:15:00+09:00,2530.0,2532.0,2530.0,2532.0,400,0.0,0.0
2024-09-25 09:20:00+09:00,2533.0,2533.0,2522.0,2522.0,1100,0.0,0.0
2024-09-25 09:25:00+09:00,2522.0,2525.0,2521.0,2525.0,500,0.0,0.0
2024-09-25 09:30:00+09:00,2527.0,2527.0,2527.0,2527.0,100,0.0,0.0
2024-09-25 09:35:00+09:00,2527.0,2527.0,2527.0,2527.0,200,0.0,0.0
2024-09-25 09:50:00+09:00,2529.0,2535.0,2529.0,2535.0,400,0.0,0.0
2024-09-25 10:10:00+09:00,2535.0,2535.0,2535.0,2535.0,100,0.0,0.0
2024-09-25 10:15:00+09:00,2537.0,2537.0,2537.0,2537.0,200,0.0,0.0
2024-09-25 10:25:00+09:00,2539.0,2539.0,2536.0,2536.0,200,0.0,0.0
2024-09-25 10:40:00+09:00,2535.0,2535.0,2533.0,2533.0,300,0.0,0.0
2024-09-25 10:55:00+09:00,2540.0,2544.0,2540.0,2544.0,500,0.0,0.0
2024-09-25 11:00:00+09:00,2544.0,2544.0,2544.0,2544.0,100,0.0,0.0
2024-09-25 11:10:00+09:00,2536.0,2536.0,2532.0,2532.0,1000,0.0,0.0
2024-09-25 11:20:00+09:00,2543.0,2543.0,2543.0,2543.0,100,0.0,0.0
2024-09-25 11:25:00+09:00,2533.0,2533.0,2533.0,2533.0,100,0.0,0.0
2024-09-25 11:30:00+09:00,2536.0,2536.0,2536.0,2536.0,1900,0.0,0.0
2024-09-25 11:35:00+09:00,2536.0,2536.0,2536.0,2536.0,0,0.0,0.0
2024-09-25 12:30:00+09:00,2534.0,2534.0,2534.0,2534.0,15500,0.0,0.0
2024-09-25 12:35:00+09:00,2539.0,2539.0,2526.0,2526.0,1400,0.0,0.0
2024-09-25 12:40:00+09:00,2532.0,2532.0,2532.0,2532.0,100,0.0,0.0
2024-09-25 12:45:00+09:00,2528.0,2528.0,2526.0,2526.0,300,0.0,0.0
2024-09-25 12:50:00+09:00,2525.0,2525.0,2523.0,2523.0,500,0.0,0.0
2024-09-25 12:55:00+09:00,2525.0,2525.0,2525.0,2525.0,100,0.0,0.0
2024-09-25 13:05:00+09:00,2533.0,2533.0,2533.0,2533.0,200,0.0,0.0
2024-09-25 13:15:00+09:00,2528.0,2528.0,2528.0,2528.0,100,0.0,0.0
2024-09-25 13:20:00+09:00,2526.0,2526.0,2526.0,2526.0,100,0.0,0.0
2024-09-25 13:25:00+09:00,2526.0,2526.0,2520.0,2520.0,1000,0.0,0.0
2024-09-25 13:35:00+09:00,2529.0,2533.0,2529.0,2533.0,800,0.0,0.0
2024-09-25 13:40:00+09:00,2522.0,2522.0,2522.0,2522.0,400,0.0,0.0
2024-09-25 13:45:00+09:00,2520.0,2524.0,2518.0,2524.0,1300,0.0,0.0
2024-09-25 13:50:00+09:00,2528.0,2531.0,2528.0,2531.0,300,0.0,0.0
2024-09-25 13:55:00+09:00,2531.0,2534.0,2531.0,2534.0,400,0.0,0.0
2024-09-25 14:05:00+09:00,2525.0,2525.0,2518.0,2518.0,1000,0.0,0.0
2024-09-25 14:15:00+09:00,2517.0,2517.0,2510.0,2510.0,2300,0.0,0.0
2024-09-25 14:30:00+09:00,2522.0,2523.0,2522.0,2523.0,200,0.0,0.0
2024-09-25 14:40:00+09:00,2521.0,2521.0,2520.0,2520.0,300,0.0,0.0
2024-09-25 14:45:00+09:00,2518.0,2520.0,2518.0,2520.0,200,0.0,0.0
2024-09-25 14:50:00+09:00,2523.0,2524.0,2523.0,2524.0,1400,0.0,0.0
2024-09-25 14:55:00+09:00,2522.0,2522.0,2513.0,2513.0,1000,0.0,0.0
2024-09-26 09:00:00+09:00,2515.0,2515.0,2515.0,2515.0,19800,0.0,0.0
2024-09-26 09:10:00+09:00,2518.0,2527.0,2517.0,2527.0,1100,0.0,0.0
2024-09-26 09:15:00+09:00,2526.0,2526.0,2525.0,2525.0,300,0.0,0.0
2024-09-26 09:25:00+09:00,2517.0,2517.0,2515.0,2515.0,1000,0.0,0.0
2024-09-26 09:30:00+09:00,2520.0,2520.0,2520.0,2520.0,100,0.0,0.0
2024-09-26 09:40:00+09:00,2524.0,2527.0,2524.0,2524.0,400,0.0,0.0
2024-09-26 09:45:00+09:00,2523.0,2526.0,2523.0,2526.0,200,0.0,0.0
2024-09-26 09:55:00+09:00,2526.0,2528.0,2526.0,2528.0,600,0.0,0.0
2024-09-26 10:00:00+09:00,2529.0,2530.0,2529.0,2529.0,400,0.0,0.0
2024-09-26 10:05:00+09:00,2529.0,2531.0,2529.0,2531.0,700,0.0,0.0
2024-09-26 10:10:00+09:00,2530.0,2530.0,2530.0,2530.0,100,0.0,0.0
2024-09-26 10:25:00+09:00,2532.0,2532.0,2526.0,2526.0,200,0.0,0.0
2024-09-26 10:30:00+09:00,2526.0,2526.0,2526.0,2526.0,200,0.0,0.0
2024-09-26 10:40:00+09:00,2525.0,2525.0,2523.0,2525.0,800,0.0,0.0
2024-09-26 10:50:00+09:00,2524.0,2524.0,2524.0,2524.0,100,0.0,0.0
2024-09-26 10:55:00+09:00,2525.0,2525.0,2525.0,2525.0,100,0.0,0.0
2024-09-26 11:00:00+09:00,2524.0,2524.0,2522.0,2522.0,700,0.0,0.0
2024-09-26 11:05:00+09:00,2526.0,2526.0,2526.0,2526.0,200,0.0,0.0
2024-09-26 11:10:00+09:00,2521.0,2523.0,2517.0,2523.0,1200,0.0,0.0
2024-09-26 11:30:00+09:00,2522.0,2522.0,2522.0,2522.0,6000,0.0,0.0
2024-09-26 11:35:00+09:00,2522.0,2522.0,2522.0,2522.0,0,0.0,0.0
2024-09-26 12:30:00+09:00,2522.0,2525.0,2518.0,2518.0,71500,0.0,0.0
2024-09-26 12:35:00+09:00,2518.0,2519.0,2517.0,2517.0,600,0.0,0.0
2024-09-26 12:40:00+09:00,2516.0,2516.0,2514.0,2514.0,1800,0.0,0.0
2024-09-26 12:45:00+09:00,2515.0,2518.0,2513.0,2517.0,1500,0.0,0.0
2024-09-26 12:50:00+09:00,2515.0,2515.0,2511.0,2511.0,500,0.0,0.0
2024-09-26 13:00:00+09:00,2511.0,2511.0,2509.0,2510.0,1300,0.0,0.0
2024-09-26 13:05:00+09:00,2507.0,2507.0,2506.0,2506.0,400,0.0,0.0
2024-09-26 13:10:00+09:00,2504.0,2504.0,2497.0,2497.0,2200,0.0,0.0
2024-09-26 13:15:00+09:00,2497.0,2497.0,2495.0,2495.0,400,0.0,0.0
2024-09-26 13:20:00+09:00,2494.0,2495.0,2493.0,2493.0,800,0.0,0.0
2024-09-26 13:25:00+09:00,2495.0,2500.0,2495.0,2500.0,600,0.0,0.0
2024-09-26 13:30:00+09:00,2500.0,2500.0,2499.0,2499.0,300,0.0,0.0
2024-09-26 13:35:00+09:00,2499.0,2499.0,2496.0,2496.0,700,0.0,0.0
2024-09-26 13:40:00+09:00,2497.0,2499.0,2496.0,2499.0,900,0.0,0.0
2024-09-26 13:45:00+09:00,2499.0,2500.0,2499.0,2500.0,1200,0.0,0.0
2024-09-26 14:05:00+09:00,2501.0,2501.0,2495.0,2495.0,2100,0.0,0.0
2024-09-26 14:10:00+09:00,2497.0,2499.0,2494.0,2499.0,800,0.0,0.0
2024-09-26 14:15:00+09:00,2496.0,2497.0,2496.0,2497.0,300,0.0,0.0
2024-09-26 14:20:00+09:00,2499.0,2499.0,2499.0,2499.0,200,0.0,0.0
2024-09-26 14:25:00+09:00,2500.0,2504.0,2500.0,2504.0,300,0.0,0.0
2024-09-26 14:30:00+09:00,2503.0,2505.0,2499.0,2499.0,1600,0.0,0.0
2024-09-26 14:35:00+09:00,2498.0,2499.0,2496.0,2496.0,600,0.0,0.0
2024-09-26 14:40:00+09:00,2497.0,2498.0,2497.0,2498.0,200,0.0,0.0
2024-09-26 14:45:00+09:00,2497.0,2500.0,2497.0,2500.0,1200,0.0,0.0
2024-09-26 14:50:00+09:00,2499.0,2510.0,2499.0,2501.0,1900,0.0,0.0
2024-09-26 14:55:00+09:00,2504.0,2513.0,2501.0,2506.0,1300,0.0,0.0
2024-09-27 09:00:00+09:00,2486.0,2486.0,2471.0,2471.0,50500,0.0,0.0
2024-09-27 09:05:00+09:00,2467.0,2467.0,2450.0,2450.0,1700,0.0,0.0
2024-09-27 09:10:00+09:00,2450.0,2475.0,2449.0,2475.0,3400,0.0,0.0
2024-09-27 09:15:00+09:00,2467.0,2476.0,2467.0,2476.0,300,0.0,0.0
2024-09-27 09:20:00+09:00,2472.0,2472.0,2470.0,2470.0,600,0.0,0.0
2024-09-27 09:30:00+09:00,2468.0,2480.0,2467.0,2480.0,2800,0.0,0.0
2024-09-27 09:35:00+09:00,2480.0,2486.0,2469.0,2486.0,2600,0.0,0.0
2024-09-27 09:40:00+09:00,2480.0,2483.0,2467.0,2467.0,1400,0.0,0.0
2024-09-27 09:45:00+09:00,2467.0,2467.0,2467.0,2467.0,100,0.0,0.0
2024-09-27 10:00:00+09:00,2483.0,2483.0,2478.0,2478.0,1100,0.0,0.0
2024-09-27 10:05:00+09:00,2486.0,2488.0,2486.0,2487.0,1200,0.0,0.0
2024-09-27 10:10:00+09:00,2486.0,2486.0,2486.0,2486.0,100,0.0,0.0
2024-09-27 10:15:00+09:00,2486.0,2486.0,2475.0,2475.0,1200,0.0,0.0
2024-09-27 10:30:00+09:00,2475.0,2475.0,2475.0,2475.0,200,0.0,0.0
2024-09-27 10:40:00+09:00,2467.0,2467.0,2467.0,2467.0,100,0.0,0.0
2024-09-27 10:50:00+09:00,2472.0,2474.0,2470.0,2474.0,300,0.0,0.0
2024-09-27 10:55:00+09:00,2474.0,2474.0,2474.0,2474.0,100,0.0,0.0
2024-09-27 11:00:00+09:00,2472.0,2474.0,2472.0,2474.0,300,0.0,0.0
2024-09-27 11:20:00+09:00,2471.0,2471.0,2471.0,2471.0,100,0.0,0.0
2024-09-27 11:25:00+09:00,2471.0,2476.0,2471.0,2471.0,1600,0.0,0.0
2024-09-27 11:30:00+09:00,2475.0,2475.0,2475.0,2475.0,1400,0.0,0.0
2024-09-27 11:35:00+09:00,2475.0,2475.0,2475.0,2475.0,0,0.0,0.0
2024-09-27 12:30:00+09:00,2479.0,2479.0,2479.0,2479.0,0,0.0,0.0
2024-09-27 13:00:00+09:00,2478.0,2484.0,2478.0,2484.0,73200,0.0,0.0
2024-09-27 13:10:00+09:00,2480.0,2480.0,2476.0,2476.0,1200,0.0,0.0
2024-09-27 13:15:00+09:00,2476.0,2476.0,2471.0,2471.0,1300,0.0,0.0
2024-09-27 13:20:00+09:00,2473.0,2473.0,2471.0,2471.0,400,0.0,0.0
2024-09-27 13:25:00+09:00,2475.0,2475.0,2475.0,2475.0,400,0.0,0.0
2024-09-27 13:50:00+09:00,2477.0,2484.0,2476.0,2484.0,1200,0.0,0.0
2024-09-27 13:55:00+09:00,2483.0,2488.0,2482.0,2488.0,2900,0.0,0.0
2024-09-27 14:00:00+09:00,2487.0,2487.0,2487.0,2487.0,200,0.0,0.0
2024-09-27 14:05:00+09:00,2487.0,2489.0,2487.0,2488.0,400,0.0,0.0
2024-09-27 14:10:00+09:00,2487.0,2489.0,2487.0,2487.0,700,0.0,0.0
2024-09-27 14:15:00+09:00,2483.0,2483.0,2483.0,2483.0,100,0.0,0.0
2024-09-27 14:20:00+09:00,2487.0,2488.0,2487.0,2488.0,300,0.0,0.0
2024-09-27 14:25:00+09:00,2483.0,2483.0,2483.0,2483.0,300,0.0,0.0
2024-09-27 14:35:00+09:00,2480.0,2487.0,2480.0,2487.0,400,0.0,0.0
2024-09-27 14:40:00+09:00,2477.0,2477.0,2470.0,2470.0,1000,0.0,0.0
2024-09-27 14:50:00+09:00,2466.0,2478.0,2466.0,2478.0,1200,0.0,0.0
2024-09-27 14:55:00+09:00,2480.0,2483.0,2471.0,2471.0,500,0.0,0.0
2024-09-30 09:00:00+09:00,2440.0,2445.0,2431.0,2431.0,2600,0.0,0.0
2024-09-30 09:05:00+09:00,2440.0,2451.0,2440.0,2443.0,1200,0.0,0.0
2024-09-30 09:10:00+09:00,2452.0,2455.0,2445.0,2445.0,2600,0.0,0.0
2024-09-30 09:15:00+09:00,2445.0,2464.0,2445.0,2452.0,1100,0.0,0.0
2024-09-30 09:20:00+09:00,2453.0,2453.0,2449.0,2449.0,700,0.0,0.0
2024-09-30 09:25:00+09:00,2449.0,2449.0,2433.0,2433.0,3200,0.0,0.0
2024-09-30 09:35:00+09:00,2435.0,2441.0,2435.0,2441.0,600,0.0,0.0
2024-09-30 09:40:00+09:00,2440.0,2440.0,2440.0,2440.0,500,0.0,0.0
2024-09-30 09:45:00+09:00,2432.0,2432.0,2432.0,2432.0,200,0.0,0.0
2024-09-30 09:55:00+09:00,2432.0,2432.0,2432.0,2432.0,200,0.0,0.0
2024-09-30 10:00:00+09:00,2432.0,2432.0,2431.0,2431.0,200,0.0,0.0
2024-09-30 10:10:00+09:00,2434.0,2440.0,2434.0,2440.0,200,0.0,0.0
2024-09-30 10:15:00+09:00,2440.0,2440.0,2440.0,2440.0,200,0.0,0.0
2024-09-30 10:35:00+09:00,2445.0,2445.0,2445.0,2445.0,200,0.0,0.0
2024-09-30 10:40:00+09:00,2445.0,2445.0,2445.0,2445.0,100,0.0,0.0
2024-09-30 11:10:00+09:00,2445.0,2445.0,2445.0,2445.0,200,0.0,0.0
2024-09-30 11:20:00+09:00,2443.0,2443.0,2443.0,2443.0,100,0.0,0.0
2024-09-30 11:25:00+09:00,2450.0,2450.0,2450.0,2450.0,100,0.0,0.0
2024-09-30 11:30:00+09:00,2455.0,2455.0,2455.0,2455.0,600,0.0,0.0
2024-09-30 11:35:00+09:00,2455.0,2455.0,2455.0,2455.0,0,0.0,0.0
2024-09-30 12:30:00+09:00,2455.0,2455.0,2445.0,2446.0,16400,0.0,0.0
2024-09-30 12:35:00+09:00,2441.0,2441.0,2441.0,2441.0,200,0.0,0.0
2024-09-30 12:55:00+09:00,2452.0,2452.0,2452.0,2452.0,100,0.0,0.0
2024-09-30 13:10:00+09:00,2445.0,2445.0,2438.0,2438.0,1400,0.0,0.0
2024-09-30 13:20:00+09:00,2442.0,2442.0,2437.0,2437.0,1000,0.0,0.0
2024-09-30 13:30:00+09:00,2442.0,2442.0,2442.0,2442.0,100,0.0,0.0
2024-09-30 13:40:00+09:00,2454.0,2455.0,2454.0,2455.0,200,0.0,0.0
2024-09-30 13:50:00+09:00,2455.0,2457.0,2455.0,2457.0,600,0.0,0.0
2024-09-30 14:05:00+09:00,2454.0,2454.0,2453.0,2453.0,400,0.0,0.0
2024-09-30 14:20:00+09:00,2449.0,2449.0,2449.0,2449.0,100,0.0,0.0
2024-09-30 14:30:00+09:00,2456.0,2458.0,2456.0,2458.0,300,0.0,0.0
2024-09-30 14:35:00+09:00,2454.0,2454.0,2451.0,2451.0,400,0.0,0.0
2024-09-30 14:40:00+09:00,2452.0,2452.0,2451.0,2451.0,200,0.0,0.0
2024-09-30 14:45:00+09:00,2450.0,2450.0,2450.0,2450.0,200,0.0,0.0
2024-09-30 14:50:00+09:00,2452.0,2452.0,2452.0,2452.0,400,0.0,0.0
2024-09-30 14:55:00+09:00,2452.0,2452.0,2447.0,2447.0,700,0.0,0.0
2024-10-01 09:00:00+09:00,2460.0,2460.0,2460.0,2460.0,1000,0.0,0.0
2024-10-01 09:05:00+09:00,2450.0,2450.0,2450.0,2450.0,300,0.0,0.0
2024-10-01 09:10:00+09:00,2442.0,2442.0,2442.0,2442.0,100,0.0,0.0
2024-10-01 09:15:00+09:00,2440.0,2440.0,2440.0,2440.0,100,0.0,0.0
2024-10-01 09:25:00+09:00,2441.0,2441.0,2441.0,2441.0,100,0.0,0.0
2024-10-01 09:30:00+09:00,2441.0,2441.0,2441.0,2441.0,300,0.0,0.0
2024-10-01 09:40:00+09:00,2442.0,2442.0,2442.0,2442.0,100,0.0,0.0
2024-10-01 09:45:00+09:00,2447.0,2447.0,2440.0,2440.0,700,0.0,0.0
2024-10-01 09:55:00+09:00,2438.0,2438.0,2438.0,2438.0,200,0.0,0.0
2024-10-01 10:20:00+09:00,2436.0,2436.0,2436.0,2436.0,200,0.0,0.0
2024-10-01 10:30:00+09:00,2441.0,2441.0,2423.0,2423.0,1400,0.0,0.0
2024-10-01 10:40:00+09:00,2422.0,2422.0,2420.0,2420.0,300,0.0,0.0
2024-10-01 10:45:00+09:00,2422.0,2422.0,2420.0,2420.0,800,0.0,0.0
2024-10-01 10:50:00+09:00,2427.0,2427.0,2423.0,2423.0,600,0.0,0.0
2024-10-01 11:00:00+09:00,2418.0,2418.0,2411.0,2411.0,700,0.0,0.0
2024-10-01 11:05:00+09:00,2411.0,2411.0,2410.0,2410.0,200,0.0,0.0
2024-10-01 11:10:00+09:00,2410.0,2410.0,2405.0,2405.0,1000,0.0,0.0
2024-10-01 11:15:00+09:00,2409.0,2409.0,2407.0,2407.0,200,0.0,0.0
2024-10-01 11:20:00+09:00,2406.0,2406.0,2406.0,2406.0,100,0.0,0.0
2024-10-01 11:30:00+09:00,2413.0,2413.0,2413.0,2413.0,800,0.0,0.0
2024-10-01 11:35:00+09:00,2413.0,2413.0,2413.0,2413.0,0,0.0,0.0
2024-10-01 12:30:00+09:00,2423.0,2423.0,2423.0,2423.0,9800,0.0,0.0
2024-10-01 12:45:00+09:00,2421.0,2421.0,2421.0,2421.0,100,0.0,0.0
2024-10-01 12:55:00+09:00,2423.0,2423.0,2420.0,2420.0,400,0.0,0.0
2024-10-01 13:00:00+09:00,2421.0,2427.0,2421.0,2427.0,400,0.0,0.0
2024-10-01 13:15:00+09:00,2434.0,2434.0,2434.0,2434.0,200,0.0,0.0
2024-10-01 13:25:00+09:00,2432.0,2432.0,2425.0,2427.0,1200,0.0,0.0
2024-10-01 13:30:00+09:00,2417.0,2417.0,2417.0,2417.0,100,0.0,0.0
2024-10-01 13:50:00+09:00,2419.0,2419.0,2416.0,2416.0,300,0.0,0.0
2024-10-01 14:00:00+09:00,2416.0,2416.0,2416.0,2416.0,100,0.0,0.0
2024-10-01 14:20:00+09:00,2416.0,2416.0,2416.0,2416.0,100,0.0,0.0
2024-10-01 14:40:00+09:00,2427.0,2427.0,2427.0,2427.0,100,0.0,0.0
2024-10-01 14:50:00+09:00,2427.0,2430.0,2427.0,2430.0,300,0.0,0.0
2024-10-01 14:55:00+09:00,2433.0,2435.0,2433.0,2435.0,300,0.0,0.0
2024-10-02 09:00:00+09:00,2419.0,2419.0,2419.0,2419.0,1200,0.0,0.0
2024-10-02 09:05:00+09:00,2419.0,2419.0,2419.0,2419.0,100,0.0,0.0
2024-10-02 09:10:00+09:00,2424.0,2427.0,2424.0,2427.0,200,0.0,0.0
2024-10-02 09:20:00+09:00,2421.0,2421.0,2413.0,2413.0,800,0.0,0.0
2024-10-02 09:30:00+09:00,2415.0,2415.0,2413.0,2413.0,300,0.0,0.0
2024-10-02 09:35:00+09:00,2413.0,2413.0,2407.0,2407.0,500,0.0,0.0
2024-10-02 09:45:00+09:00,2408.0,2408.0,2407.0,2407.0,200,0.0,0.0
2024-10-02 09:50:00+09:00,2413.0,2413.0,2413.0,2413.0,400,0.0,0.0
2024-10-02 09:55:00+09:00,2415.0,2415.0,2415.0,2415.0,100,0.0,0.0
2024-10-02 10:00:00+09:00,2410.0,2410.0,2410.0,2410.0,300,0.0,0.0
2024-10-02 10:10:00+09:00,2403.0,2403.0,2400.0,2400.0,1300,0.0,0.0
2024-10-02 10:15:00+09:00,2402.0,2402.0,2400.0,2400.0,200,0.0,0.0
2024-10-02 10:40:00+09:00,2401.0,2401.0,2401.0,2401.0,100,0.0,0.0
2024-10-02 11:20:00+09:00,2407.0,2410.0,2407.0,2410.0,200,0.0,0.0
2024-10-02 11:25:00+09:00,2410.0,2410.0,2407.0,2407.0,200,0.0,0.0
2024-10-02 11:30:00+09:00,2418.0,2418.0,2418.0,2418.0,900,0.0,0.0
2024-10-02 11:35:00+09:00,2418.0,2418.0,2418.0,2418.0,0,0.0,0.0
2024-10-02 12:30:00+09:00,2419.0,2419.0,2419.0,2419.0,7600,0.0,0.0
2024-10-02 12:50:00+09:00,2404.0,2404.0,2404.0,2404.0,100,0.0,0.0
2024-10-02 13:15:00+09:00,2403.0,2403.0,2403.0,2403.0,300,0.0,0.0
2024-10-02 13:20:00+09:00,2405.0,2405.0,2405.0,2405.0,100,0.0,0.0
2024-10-02 13:30:00+09:00,2405.0,2405.0,2395.0,2396.0,1800,0.0,0.0
2024-10-02 13:35:00+09:00,2396.0,2396.0,2396.0,2396.0,200,0.0,0.0
2024-10-02 13:40:00+09:00,2395.0,2400.0,2395.0,2400.0,1000,0.0,0.0
2024-10-02 14:00:00+09:00,2403.0,2404.0,2403.0,2404.0,200,0.0,0.0
2024-10-02 14:20:00+09:00,2400.0,2400.0,2400.0,2400.0,100,0.0,0.0
2024-10-02 14:30:00+09:00,2398.0,2398.0,2394.0,2394.0,600,0.0,0.0
2024-10-02 14:40:00+09:00,2405.0,2405.0,2405.0,2405.0,100,0.0,0.0
2024-10-02 14:55:00+09:00,2399.0,2399.0,2399.0,2399.0,100,0.0,0.0
2024-10-03 09:00:00+09:00,2420.0,2429.0,2420.0,2429.0,3600,0.0,0.0
2024-10-03 09:05:00+09:00,2414.0,2414.0,2414.0,2414.0,100,0.0,0.0
2024-10-03 09:15:00+09:00,2414.0,2414.0,2411.0,2414.0,900,0.0,0.0
2024-10-03 09:20:00+09:00,2417.0,2417.0,2417.0,2417.0,100,0.0,0.0
2024-10-03 09:30:00+09:00,2408.0,2408.0,2407.0,2407.0,200,0.0,0.0
2024-10-03 09:35:00+09:00,2417.0,2421.0,2417.0,2419.0,600,0.0,0.0
2024-10-03 09:40:00+09:00,2420.0,2420.0,2420.0,2420.0,100,0.0,0.0
2024-10-03 09:55:00+09:00,2419.0,2419.0,2419.0,2419.0,100,0.0,0.0
2024-10-03 10:00:00+09:00,2419.0,2419.0,2419.0,2419.0,100,0.0,0.0
2024-10-03 10:10:00+09:00,2420.0,2420.0,2420.0,2420.0,200,0.0,0.0
2024-10-03 10:15:00+09:00,2424.0,2427.0,2424.0,2427.0,400,0.0,0.0
2024-10-03 10:20:00+09:00,2428.0,2428.0,2428.0,2428.0,100,0.0,0.0
2024-10-03 10:30:00+09:00,2423.0,2423.0,2412.0,2413.0,700,0.0,0.0
2024-10-03 10:55:00+09:00,2421.0,2421.0,2416.0,2416.0,300,0.0,0.0
2024-10-03 11:25:00+09:00,2420.0,2420.0,2417.0,2417.0,200,0.0,0.0
2024-10-03 11:30:00+09:00,2420.0,2420.0,2420.0,2420.0,200,0.0,0.0
2024-10-03 11:35:00+09:00,2420.0,2420.0,2420.0,2420.0,0,0.0,0.0
2024-10-03 12:30:00+09:00,2429.0,2429.0,2429.0,2429.0,8900,0.0,0.0
2024-10-03 13:05:00+09:00,2419.0,2420.0,2419.0,2420.0,300,0.0,0.0
2024-10-03 13:20:00+09:00,2413.0,2413.0,2406.0,2406.0,1000,0.0,0.0
2024-10-03 13:30:00+09:00,2408.0,2408.0,2401.0,2401.0,1000,0.0,0.0
2024-10-03 13:45:00+09:00,2411.0,2415.0,2411.0,2415.0,500,0.0,0.0
2024-10-03 13:50:00+09:00,2418.0,2418.0,2418.0,2418.0,100,0.0,0.0
2024-10-03 14:00:00+09:00,2408.0,2415.0,2404.0,2415.0,1400,0.0,0.0
2024-10-03 14:10:00+09:00,2408.0,2408.0,2408.0,2408.0,100,0.0,0.0
2024-10-03 14:40:00+09:00,2414.0,2414.0,2414.0,2414.0,100,0.0,0.0
2024-10-03 14:50:00+09:00,2414.0,2414.0,2414.0,2414.0,200,0.0,0.0
2024-10-03 14:55:00+09:00,2412.0,2418.0,2412.0,2418.0,300,0.0,0.0
2024-10-04 09:00:00+09:00,2425.0,2445.0,2425.0,2445.0,1400,0.0,0.0
2024-10-04 09:05:00+09:00,2430.0,2430.0,2430.0,2430.0,100,0.0,0.0
2024-10-04 09:20:00+09:00,2436.0,2440.0,2436.0,2440.0,1400,0.0,0.0
2024-10-04 09:25:00+09:00,2444.0,2444.0,2444.0,2444.0,100,0.0,0.0
2024-10-04 09:30:00+09:00,2444.0,2444.0,2439.0,2439.0,200,0.0,0.0
2024-10-04 09:45:00+09:00,2431.0,2431.0,2431.0,2431.0,100,0.0,0.0
2024-10-04 09:55:00+09:00,2440.0,2440.0,2440.0,2440.0,100,0.0,0.0
2024-10-04 10:10:00+09:00,2441.0,2441.0,2441.0,2441.0,100,0.0,0.0
2024-10-04 10:15:00+09:00,2432.0,2432.0,2432.0,2432.0,100,0.0,0.0
2024-10-04 10:30:00+09:00,2440.0,2440.0,2440.0,2440.0,100,0.0,0.0
2024-10-04 10:40:00+09:00,2432.0,2432.0,2423.0,2424.0,1200,0.0,0.0
2024-10-04 10:45:00+09:00,2435.0,2435.0,2435.0,2435.0,100,0.0,0.0
2024-10-04 10:55:00+09:00,2426.0,2426.0,2426.0,2426.0,100,0.0,0.0
2024-10-04 11:05:00+09:00,2424.0,2424.0,2420.0,2420.0,1000,0.0,0.0
2024-10-04 11:30:00+09:00,2431.0,2431.0,2431.0,2431.0,2500,0.0,0.0
2024-10-04 11:35:00+09:00,2431.0,2431.0,2431.0,2431.0,0,0.0,0.0
2024-10-04 12:30:00+09:00,2418.0,2421.0,2418.0,2421.0,10300,0.0,0.0
2024-10-04 13:00:00+09:00,2424.0,2424.0,2424.0,2424.0,100,0.0,0.0
2024-10-04 13:20:00+09:00,2425.0,2425.0,2425.0,2425.0,100,0.0,0.0
2024-10-04 13:40:00+09:00,2427.0,2427.0,2427.0,2427.0,100,0.0,0.0
2024-10-04 14:00:00+09:00,2428.0,2428.0,2428.0,2428.0,100,0.0,0.0
2024-10-04 14:05:00+09:00,2429.0,2429.0,2429.0,2429.0,100,0.0,0.0
2024-10-04 14:25:00+09:00,2429.0,2429.0,2429.0,2429.0,100,0.0,0.0
2024-10-04 14:30:00+09:00,2429.0,2430.0,2429.0,2430.0,700,0.0,0.0
2024-10-04 14:40:00+09:00,2428.0,2428.0,2428.0,2428.0,100,0.0,0.0
2024-10-04 14:45:00+09:00,2428.0,2428.0,2427.0,2428.0,300,0.0,0.0
2024-10-04 14:55:00+09:00,2433.0,2433.0,2433.0,2433.0,100,0.0,0.0
2024-10-07 09:00:00+09:00,2493.0,2493.0,2480.0,2480.0,2300,0.0,0.0
2024-10-07 09:10:00+09:00,2469.0,2469.0,2459.0,2464.0,1000,0.0,0.0
2024-10-07 09:25:00+09:00,2460.0,2460.0,2460.0,2460.0,100,0.0,0.0
2024-10-07 09:30:00+09:00,2467.0,2467.0,2467.0,2467.0,100,0.0,0.0
2024-10-07 09:35:00+09:00,2472.0,2472.0,2455.0,2463.0,1200,0.0,0.0
2024-10-07 09:50:00+09:00,2466.0,2466.0,2466.0,2466.0,100,0.0,0.0
2024-10-07 09:55:00+09:00,2468.0,2468.0,2468.0,2468.0,100,0.0,0.0
2024-10-07 10:05:00+09:00,2467.0,2467.0,2467.0,2467.0,100,0.0,0.0
2024-10-07 10:15:00+09:00,2466.0,2468.0,2466.0,2468.0,200,0.0,0.0
2024-10-07 10:25:00+09:00,2468.0,2468.0,2468.0,2468.0,100,0.0,0.0
2024-10-07 10:35:00+09:00,2468.0,2468.0,2468.0,2468.0,100,0.0,0.0
2024-10-07 10:45:00+09:00,2471.0,2472.0,2471.0,2472.0,300,0.0,0.0
2024-10-07 10:55:00+09:00,2471.0,2472.0,2471.0,2472.0,200,0.0,0.0
2024-10-07 11:10:00+09:00,2472.0,2472.0,2452.0,2452.0,1200,0.0,0.0
2024-10-07 11:30:00+09:00,2455.0,2455.0,2455.0,2455.0,500,0.0,0.0
2024-10-07 11:35:00+09:00,2455.0,2455.0,2455.0,2455.0,0,0.0,0.0
2024-10-07 12:30:00+09:00,2462.0,2469.0,2462.0,2469.0,8200,0.0,0.0
2024-10-07 12:40:00+09:00,2457.0,2457.0,2457.0,2457.0,100,0.0,0.0
2024-10-07 13:00:00+09:00,2455.0,2455.0,2455.0,2455.0,100,0.0,0.0
2024-10-07 13:10:00+09:00,2455.0,2455.0,2455.0,2455.0,300,0.0,0.0
2024-10-07 13:20:00+09:00,2455.0,2455.0,2455.0,2455.0,200,0.0,0.0
2024-10-07 13:25:00+09:00,2453.0,2453.0,2453.0,2453.0,100,0.0,0.0
2024-10-07 13:50:00+09:00,2460.0,2464.0,2460.0,2464.0,200,0.0,0.0
2024-10-07 13:55:00+09:00,2466.0,2466.0,2466.0,2466.0,100,0.0,0.0
2024-10-07 14:00:00+09:00,2469.0,2469.0,2461.0,2461.0,900,0.0,0.0
2024-10-07 14:15:00+09:00,2458.0,2462.0,2458.0,2462.0,200,0.0,0.0
2024-10-07 14:35:00+09:00,2465.0,2465.0,2465.0,2465.0,100,0.0,0.0
2024-10-07 14:40:00+09:00,2466.0,2466.0,2463.0,2463.0,300,0.0,0.0
2024-10-07 14:45:00+09:00,2466.0,2466.0,2466.0,2466.0,200,0.0,0.0
2024-10-07 14:50:00+09:00,2459.0,2459.0,2459.0,2459.0,100,0.0,0.0
2024-10-07 14:55:00+09:00,2466.0,2469.0,2466.0,2469.0,300,0.0,0.0
2024-10-08 09:00:00+09:00,2466.0,2466.0,2440.0,2440.0,1400,0.0,0.0
2024-10-08 09:10:00+09:00,2446.0,2446.0,2446.0,2446.0,100,0.0,0.0
2024-10-08 09:15:00+09:00,2455.0,2458.0,2455.0,2458.0,300,0.0,0.0
2024-10-08 10:05:00+09:00,2453.0,2453.0,2451.0,2451.0,900,0.0,0.0
2024-10-08 11:00:00+09:00,2448.0,2448.0,2447.0,2447.0,900,0.0,0.0
2024-10-08 11:25:00+09:00,2445.0,2445.0,2445.0,2445.0,400,0.0,0.0
2024-10-08 11:30:00+09:00,2445.0,2445.0,2445.0,2445.0,100,0.0,0.0
2024-10-08 11:35:00+09:00,2445.0,2445.0,2445.0,2445.0,0,0.0,0.0
2024-10-08 12:30:00+09:00,2436.0,2436.0,2425.0,2425.0,4900,0.0,0.0
2024-10-08 12:35:00+09:00,2418.0,2418.0,2418.0,2418.0,200,0.0,0.0
2024-10-08 12:40:00+09:00,2432.0,2432.0,2432.0,2432.0,0,0.0,0.0
2024-10-08 12:50:00+09:00,2430.0,2430.0,2430.0,2430.0,5400,0.0,0.0
2024-10-08 13:15:00+09:00,2420.0,2420.0,2420.0,2420.0,100,0.0,0.0
2024-10-08 13:25:00+09:00,2419.0,2419.0,2419.0,2419.0,100,0.0,0.0
2024-10-08 13:35:00+09:00,2419.0,2419.0,2411.0,2411.0,1000,0.0,0.0
2024-10-08 13:45:00+09:00,2424.0,2424.0,2424.0,2424.0,100,0.0,0.0
2024-10-08 13:50:00+09:00,2425.0,2425.0,2425.0,2425.0,100,0.0,0.0
2024-10-08 14:15:00+09:00,2419.0,2419.0,2419.0,2419.0,100,0.0,0.0
2024-10-08 14:25:00+09:00,2423.0,2423.0,2423.0,2423.0,100,0.0,0.0
2024-10-08 14:40:00+09:00,2428.0,2428.0,2418.0,2426.0,800,0.0,0.0
2024-10-08 14:55:00+09:00,2426.0,2426.0,2420.0,2420.0,200,0.0,0.0
2024-10-09 09:00:00+09:00,2425.0,2425.0,2425.0,2425.0,100,0.0,0.0
2024-10-09 09:10:00+09:00,2423.0,2425.0,2422.0,2425.0,1400,0.0,0.0
2024-10-09 09:35:00+09:00,2416.0,2416.0,2416.0,2416.0,100,0.0,0.0
2024-10-09 09:55:00+09:00,2420.0,2420.0,2420.0,2420.0,200,0.0,0.0
2024-10-09 10:05:00+09:00,2428.0,2430.0,2428.0,2430.0,400,0.0,0.0
2024-10-09 10:35:00+09:00,2430.0,2430.0,2430.0,2430.0,200,0.0,0.0
2024-10-09 11:05:00+09:00,2424.0,2424.0,2419.0,2419.0,800,0.0,0.0
2024-10-09 11:30:00+09:00,2421.0,2421.0,2421.0,2421.0,200,0.0,0.0
2024-10-09 11:35:00+09:00,2421.0,2421.0,2421.0,2421.0,0,0.0,0.0
2024-10-09 12:30:00+09:00,2421.0,2424.0,2421.0,2424.0,3700,0.0,0.0
2024-10-09 12:35:00+09:00,2416.0,2416.0,2415.0,2415.0,200,0.0,0.0
2024-10-09 12:50:00+09:00,2425.0,2425.0,2425.0,2425.0,100,0.0,0.0
2024-10-09 12:55:00+09:00,2426.0,2426.0,2426.0,2426.0,100,0.0,0.0
2024-10-09 13:00:00+09:00,2418.0,2418.0,2418.0,2418.0,100,0.0,0.0
2024-10-09 13:15:00+09:00,2426.0,2426.0,2426.0,2426.0,100,0.0,0.0
2024-10-09 13:25:00+09:00,2417.0,2417.0,2415.0,2415.0,800,0.0,0.0
2024-10-09 13:55:00+09:00,2426.0,2426.0,2421.0,2421.0,200,0.0,0.0
2024-10-09 14:10:00+09:00,2421.0,2421.0,2421.0,2421.0,100,0.0,0.0
2024-10-09 14:40:00+09:00,2423.0,2424.0,2423.0,2424.0,500,0.0,0.0
2024-10-09 14:55:00+09:00,2422.0,2422.0,2421.0,2421.0,600,0.0,0.0
2024-10-10 09:00:00+09:00,2437.0,2437.0,2411.0,2411.0,900,0.0,0.0
2024-10-10 09:05:00+09:00,2410.0,2410.0,2410.0,2410.0,100,0.0,0.0
2024-10-10 09:15:00+09:00,2418.0,2418.0,2418.0,2418.0,100,0.0,0.0
2024-10-10 09:45:00+09:00,2420.0,2422.0,2413.0,2413.0,600,0.0,0.0
2024-10-10 09:50:00+09:00,2420.0,2420.0,2420.0,2420.0,100,0.0,0.0
2024-10-10 10:15:00+09:00,2413.0,2416.0,2409.0,2416.0,1800,0.0,0.0
2024-10-10 10:25:00+09:00,2416.0,2416.0,2416.0,2416.0,400,0.0,0.0
2024-10-10 10:30:00+09:00,2405.0,2405.0,2405.0,2405.0,100,0.0,0.0
2024-10-10 11:05:00+09:00,2405.0,2405.0,2405.0,2405.0,200,0.0,0.0
2024-10-10 11:10:00+09:00,2408.0,2410.0,2408.0,2410.0,500,0.0,0.0
2024-10-10 11:15:00+09:00,2411.0,2411.0,2411.0,2411.0,100,0.0,0.0
2024-10-10 11:25:00+09:00,2404.0,2407.0,2404.0,2407.0,200,0.0,0.0
2024-10-10 11:30:00+09:00,2407.0,2407.0,2407.0,2407.0,600,0.0,0.0
2024-10-10 11:35:00+09:00,2407.0,2407.0,2407.0,2407.0,0,0.0,0.0
2024-10-10 12:30:00+09:00,2404.0,2404.0,2401.0,2401.0,7700,0.0,0.0
2024-10-10 12:50:00+09:00,2407.0,2407.0,2407.0,2407.0,200,0.0,0.0
2024-10-10 13:25:00+09:00,2401.0,2401.0,2400.0,2400.0,700,0.0,0.0
2024-10-10 13:30:00+09:00,2409.0,2409.0,2409.0,2409.0,100,0.0,0.0
2024-10-10 13:55:00+09:00,2411.0,2411.0,2411.0,2411.0,100,0.0,0.0
2024-10-10 14:25:00+09:00,2402.0,2402.0,2402.0,2402.0,100,0.0,0.0
2024-10-10 14:50:00+09:00,2410.0,2410.0,2410.0,2410.0,100,0.0,0.0
2024-10-10 14:55:00+09:00,2410.0,2410.0,2410.0,2410.0,200,0.0,0.0
2024-10-11 09:00:00+09:00,2405.0,2405.0,2405.0,2405.0,900,0.0,0.0
2024-10-11 09:15:00+09:00,2401.0,2401.0,2400.0,2400.0,600,0.0,0.0
2024-10-11 09:30:00+09:00,2403.0,2403.0,2403.0,2403.0,100,0.0,0.0
2024-10-11 09:35:00+09:00,2404.0,2406.0,2404.0,2406.0,300,0.0,0.0
2024-10-11 09:45:00+09:00,2408.0,2412.0,2408.0,2412.0,1100,0.0,0.0
2024-10-11 09:50:00+09:00,2403.0,2403.0,2403.0,2403.0,200,0.0,0.0
2024-10-11 10:40:00+09:00,2402.0,2402.0,2397.0,2397.0,900,0.0,0.0
2024-10-11 11:05:00+09:00,2398.0,2398.0,2395.0,2395.0,900,0.0,0.0
2024-10-11 11:30:00+09:00,2397.0,2397.0,2397.0,2397.0,500,0.0,0.0
2024-10-11 11:35:00+09:00,2397.0,2397.0,2397.0,2397.0,0,0.0,0.0
2024-10-11 12:30:00+09:00,2395.0,2395.0,2395.0,2395.0,6600,0.0,0.0
2024-10-11 12:45:00+09:00,2404.0,2404.0,2404.0,2404.0,100,0.0,0.0
2024-10-11 13:20:00+09:00,2404.0,2404.0,2404.0,2404.0,300,0.0,0.0
2024-10-11 13:45:00+09:00,2405.0,2405.0,2401.0,2401.0,300,0.0,0.0
2024-10-11 14:10:00+09:00,2405.0,2405.0,2405.0,2405.0,100,0.0,0.0
2024-10-11 14:45:00+09:00,2405.0,2405.0,2398.0,2398.0,200,0.0,0.0
