Datetime,Open,High,Low,Close,Volume,Dividends,Stock Splits
2024-07-22 09:00:00+08:00,98.0999984741211,98.0999984741211,98.0999984741211,98.0999984741211,0,0.0,0.0
2024-07-22 09:02:00+08:00,98.4000015258789,98.4000015258789,98.4000015258789,98.4000015258789,2000,0.0,0.0
2024-07-22 09:03:00+08:00,98.19999694824219,98.19999694824219,97.5999984741211,97.5999984741211,14000,0.0,0.0
2024-07-22 09:04:00+08:00,97.9000015258789,97.9000015258789,97.9000015258789,97.9000015258789,1000,0.0,0.0
2024-07-22 09:05:00+08:00,97.9000015258789,97.9000015258789,97.9000015258789,97.9000015258789,1000,0.0,0.0
2024-07-22 09:06:00+08:00,97.80000305175781,97.80000305175781,97.69999694824219,97.69999694824219,5000,0.0,0.0
2024-07-22 09:07:00+08:00,97.5999984741211,97.5999984741211,97.5999984741211,97.5999984741211,1000,0.0,0.0
2024-07-22 09:08:00+08:00,97.5999984741211,97.5999984741211,97.30000305175781,97.30000305175781,17000,0.0,0.0
2024-07-22 09:09:00+08:00,97.0999984741211,97.0999984741211,97.0999984741211,97.0999984741211,4317,0.0,0.0
2024-07-22 09:10:00+08:00,97.0999984741211,97.0999984741211,97.0999984741211,97.0999984741211,1720,0.0,0.0
2024-07-22 09:11:00+08:00,97.19999694824219,97.19999694824219,97.19999694824219,97.19999694824219,2115,0.0,0.0
2024-07-22 09:12:00+08:00,97.0999984741211,97.0999984741211,97.0999984741211,97.0999984741211,12000,0.0,0.0
2024-07-22 09:13:00+08:00,97.0,97.0999984741211,97.0,97.0999984741211,16130,0.0,0.0
2024-07-22 09:14:00+08:00,97.0,97.0,97.0,97.0,1000,0.0,0.0
2024-07-22 09:15:00+08:00,97.0,97.0999984741211,97.0,97.0999984741211,5000,0.0,0.0
2024-07-22 09:16:00+08:00,97.0,97.0,96.9000015258789,96.9000015258789,10050,0.0,0.0
2024-07-22 09:17:00+08:00,96.9000015258789,96.9000015258789,96.5999984741211,96.5999984741211,16412,0.0,0.0
2024-07-22 09:18:00+08:00,96.5999984741211,96.5999984741211,96.5999984741211,96.5999984741211,12000,0.0,0.0
2024-07-22 09:19:00+08:00,96.5999984741211,96.69999694824219,96.5,96.69999694824219,15338,0.0,0.0
2024-07-22 09:21:00+08:00,96.5999984741211,96.69999694824219,96.5999984741211,96.5999984741211,7000,0.0,0.0
2024-07-22 09:22:00+08:00,96.5999984741211,96.80000305175781,96.5999984741211,96.80000305175781,17000,0.0,0.0
2024-07-22 09:23:00+08:00,96.80000305175781,97.0999984741211,96.80000305175781,97.0999984741211,9150,0.0,0.0
2024-07-22 09:28:00+08:00,96.9000015258789,96.9000015258789,96.9000015258789,96.9000015258789,1200,0.0,0.0
2024-07-22 09:29:00+08:00,96.80000305175781,96.80000305175781,96.80000305175781,96.80000305175781,1415,0.0,0.0
2024-07-22 09:30:00+08:00,96.69999694824219,96.69999694824219,96.5,96.5,13000,0.0,0.0
2024-07-22 09:31:00+08:00,96.5,96.5,96.4000015258789,96.4000015258789,32071,0.0,0.0
2024-07-22 09:32:00+08:00,96.30000305175781,96.30000305175781,96.19999694824219,96.19999694824219,13368,0.0,0.0
2024-07-22 09:33:00+08:00,96.4000015258789,96.4000015258789,96.4000015258789,96.4000015258789,1251,0.0,0.0
2024-07-22 09:34:00+08:00,96.30000305175781,96.30000305175781,96.30000305175781,96.30000305175781,5000,0.0,0.0
2024-07-22 09:35:00+08:00,96.30000305175781,96.69999694824219,96.30000305175781,96.30000305175781,35050,0.0,0.0
2024-07-22 09:37:00+08:00,96.30000305175781,96.30000305175781,96.30000305175781,96.30000305175781,2050,0.0,0.0
2024-07-22 09:38:00+08:00,96.30000305175781,96.4000015258789,96.19999694824219,96.30000305175781,24724,0.0,0.0
2024-07-22 09:39:00+08:00,96.19999694824219,96.19999694824219,96.19999694824219,96.19999694824219,9000,0.0,0.0
2024-07-22 09:40:00+08:00,96.4000015258789,96.5999984741211,96.4000015258789,96.5999984741211,6160,0.0,0.0
2024-07-22 09:42:00+08:00,96.80000305175781,96.80000305175781,96.5,96.5999984741211,6189,0.0,0.0
2024-07-22 09:43:00+08:00,97.0,97.19999694824219,96.9000015258789,96.9000015258789,16020,0.0,0.0
2024-07-22 09:44:00+08:00,97.0,97.30000305175781,97.0,97.0,7430,0.0,0.0
2024-07-22 09:46:00+08:00,97.0,97.0,97.0,97.0,2005,0.0,0.0
2024-07-22 09:50:00+08:00,97.0,97.0,97.0,97.0,1060,0.0,0.0
2024-07-22 09:53:00+08:00,97.0,97.0,97.0,97.0,1000,0.0,0.0
2024-07-22 09:55:00+08:00,96.80000305175781,96.80000305175781,96.80000305175781,96.80000305175781,5000,0.0,0.0
2024-07-22 09:56:00+08:00,96.5999984741211,96.5999984741211,96.5999984741211,96.5999984741211,2315,0.0,0.0
2024-07-22 09:57:00+08:00,96.5999984741211,96.80000305175781,96.5999984741211,96.80000305175781,10000,0.0,0.0
2024-07-22 09:58:00+08:00,96.80000305175781,96.80000305175781,96.80000305175781,96.80000305175781,1133,0.0,0.0
2024-07-22 10:00:00+08:00,96.5999984741211,96.5999984741211,96.5999984741211,96.5999984741211,1000,0.0,0.0
2024-07-22 10:01:00+08:00,96.80000305175781,96.80000305175781,96.5999984741211,96.5999984741211,3139,0.0,0.0
2024-07-22 10:03:00+08:00,96.5,96.5,96.4000015258789,96.4000015258789,12000,0.0,0.0
2024-07-22 10:05:00+08:00,96.4000015258789,96.4000015258789,96.4000015258789,96.4000015258789,2000,0.0,0.0
2024-07-22 10:06:00+08:00,96.4000015258789,96.5,96.4000015258789,96.5,3000,0.0,0.0
2024-07-22 10:08:00+08:00,96.5999984741211,96.5999984741211,96.5999984741211,96.5999984741211,2202,0.0,0.0
2024-07-22 10:10:00+08:00,96.4000015258789,96.4000015258789,96.30000305175781,96.30000305175781,14000,0.0,0.0
2024-07-22 10:12:00+08:00,96.30000305175781,96.30000305175781,96.30000305175781,96.30000305175781,2000,0.0,0.0
2024-07-22 10:14:00+08:00,96.30000305175781,96.30000305175781,96.30000305175781,96.30000305175781,1270,0.0,0.0
2024-07-22 10:15:00+08:00,96.4000015258789,96.4000015258789,96.4000015258789,96.4000015258789,1200,0.0,0.0
2024-07-22 10:17:00+08:00,96.5,96.5,96.5,96.5,1000,0.0,0.0
2024-07-22 10:18:00+08:00,96.4000015258789,96.4000015258789,96.4000015258789,96.4000015258789,2000,0.0,0.0
2024-07-22 10:19:00+08:00,96.4000015258789,96.4000015258789,96.4000015258789,96.4000015258789,1006,0.0,0.0
2024-07-22 10:22:00+08:00,96.30000305175781,96.30000305175781,96.30000305175781,96.30000305175781,4005,0.0,0.0
2024-07-22 10:23:00+08:00,96.19999694824219,96.19999694824219,96.0999984741211,96.0999984741211,26000,0.0,0.0
2024-07-22 10:24:00+08:00,96.0999984741211,96.0999984741211,96.0999984741211,96.0999984741211,8200,0.0,0.0
2024-07-22 10:25:00+08:00,96.0999984741211,96.0999984741211,96.0,96.0,33050,0.0,0.0
2024-07-22 10:26:00+08:00,96.0,96.0,96.0,96.0,1010,0.0,0.0
2024-07-22 10:28:00+08:00,95.80000305175781,95.80000305175781,95.80000305175781,95.80000305175781,13292,0.0,0.0
2024-07-22 10:30:00+08:00,95.5,95.5,95.5,95.5,1100,0.0,0.0
2024-07-22 10:31:00+08:00,95.5999984741211,95.5999984741211,95.5,95.5,7000,0.0,0.0
2024-07-22 10:34:00+08:00,95.5,95.80000305175781,95.5,95.80000305175781,8500,0.0,0.0
2024-07-22 10:35:00+08:00,95.9000015258789,95.9000015258789,95.9000015258789,95.9000015258789,1010,0.0,0.0
2024-07-22 10:40:00+08:00,96.0,96.4000015258789,96.0,96.4000015258789,9000,0.0,0.0
2024-07-22 10:41:00+08:00,96.4000015258789,96.4000015258789,96.4000015258789,96.4000015258789,1396,0.0,0.0
2024-07-22 10:43:00+08:00,96.30000305175781,96.30000305175781,96.30000305175781,96.30000305175781,1000,0.0,0.0
2024-07-22 10:45:00+08:00,96.19999694824219,96.19999694824219,96.19999694824219,96.19999694824219,1002,0.0,0.0
2024-07-22 10:47:00+08:00,96.19999694824219,96.19999694824219,96.19999694824219,96.19999694824219,1000,0.0,0.0
2024-07-22 10:48:00+08:00,96.19999694824219,96.19999694824219,96.19999694824219,96.19999694824219,1325,0.0,0.0
2024-07-22 10:55:00+08:00,96.0999984741211,96.0999984741211,96.0999984741211,96.0999984741211,3100,0.0,0.0
2024-07-22 10:58:00+08:00,96.0999984741211,96.0999984741211,96.0999984741211,96.0999984741211,1024,0.0,0.0
2024-07-22 11:00:00+08:00,96.0999984741211,96.0999984741211,95.9000015258789,96.0999984741211,6015,0.0,0.0
2024-07-22 11:01:00+08:00,95.80000305175781,95.80000305175781,95.5999984741211,95.5999984741211,5000,0.0,0.0
2024-07-22 11:02:00+08:00,95.5999984741211,95.69999694824219,95.5999984741211,95.69999694824219,3055,0.0,0.0
2024-07-22 11:03:00+08:00,95.69999694824219,96.0999984741211,95.69999694824219,96.0999984741211,30004,0.0,0.0
2024-07-22 11:04:00+08:00,96.19999694824219,96.30000305175781,96.19999694824219,96.19999694824219,18000,0.0,0.0
2024-07-22 11:10:00+08:00,96.0999984741211,96.0999984741211,96.0999984741211,96.0999984741211,1000,0.0,0.0
2024-07-22 11:11:00+08:00,96.0,96.0,96.0,96.0,3000,0.0,0.0
2024-07-22 11:14:00+08:00,96.0,96.0,96.0,96.0,3000,0.0,0.0
2024-07-22 11:15:00+08:00,95.9000015258789,96.0,95.9000015258789,96.0,2000,0.0,0.0
2024-07-22 11:16:00+08:00,96.0,96.0,96.0,96.0,1000,0.0,0.0
2024-07-22 11:19:00+08:00,96.0,96.0,96.0,96.0,3000,0.0,0.0
2024-07-22 11:21:00+08:00,95.80000305175781,95.80000305175781,95.80000305175781,95.80000305175781,8000,0.0,0.0
2024-07-22 11:22:00+08:00,95.69999694824219,95.69999694824219,95.69999694824219,95.69999694824219,1000,0.0,0.0
2024-07-22 11:23:00+08:00,95.69999694824219,95.69999694824219,95.69999694824219,95.69999694824219,1012,0.0,0.0
2024-07-22 11:24:00+08:00,95.69999694824219,95.69999694824219,95.69999694824219,95.69999694824219,4000,0.0,0.0
2024-07-22 11:29:00+08:00,95.69999694824219,95.69999694824219,95.69999694824219,95.69999694824219,1000,0.0,0.0
2024-07-22 11:33:00+08:00,95.80000305175781,95.80000305175781,95.5999984741211,95.5999984741211,9093,0.0,0.0
2024-07-22 11:34:00+08:00,95.5999984741211,95.5999984741211,95.5999984741211,95.5999984741211,4000,0.0,0.0
2024-07-22 11:35:00+08:00,95.9000015258789,96.0,95.9000015258789,96.0,10100,0.0,0.0
2024-07-22 11:39:00+08:00,95.9000015258789,95.9000015258789,95.9000015258789,95.9000015258789,1000,0.0,0.0
2024-07-22 11:43:00+08:00,96.0,96.0,96.0,96.0,2200,0.0,0.0
2024-07-22 11:46:00+08:00,95.9000015258789,95.9000015258789,95.9000015258789,95.9000015258789,1000,0.0,0.0
2024-07-22 11:47:00+08:00,95.69999694824219,95.80000305175781,95.69999694824219,95.80000305175781,4000,0.0,0.0
2024-07-22 11:48:00+08:00,95.80000305175781,95.80000305175781,95.80000305175781,95.80000305175781,2000,0.0,0.0
2024-07-22 11:49:00+08:00,95.9000015258789,95.9000015258789,95.9000015258789,95.9000015258789,3000,0.0,0.0
2024-07-22 11:50:00+08:00,95.69999694824219,95.69999694824219,95.69999694824219,95.69999694824219,1000,0.0,0.0
2024-07-22 11:54:00+08:00,95.69999694824219,95.69999694824219,95.69999694824219,95.69999694824219,6007,0.0,0.0
2024-07-22 11:56:00+08:00,95.69999694824219,95.69999694824219,95.69999694824219,95.69999694824219,1000,0.0,0.0
2024-07-22 11:57:00+08:00,95.69999694824219,95.69999694824219,95.69999694824219,95.69999694824219,1000,0.0,0.0
2024-07-22 11:58:00+08:00,95.69999694824219,95.69999694824219,95.69999694824219,95.69999694824219,1000,0.0,0.0
2024-07-22 11:59:00+08:00,95.69999694824219,95.69999694824219,95.5999984741211,95.5999984741211,6259,0.0,0.0
2024-07-22 12:10:00+08:00,95.80000305175781,95.80000305175781,95.80000305175781,95.80000305175781,1000,0.0,0.0
2024-07-22 12:11:00+08:00,95.80000305175781,95.80000305175781,95.80000305175781,95.80000305175781,1000,0.0,0.0
2024-07-22 12:12:00+08:00,95.69999694824219,95.69999694824219,95.69999694824219,95.69999694824219,1000,0.0,0.0
2024-07-22 12:13:00+08:00,95.69999694824219,95.69999694824219,95.69999694824219,95.69999694824219,2000,0.0,0.0
2024-07-22 12:14:00+08:00,95.69999694824219,95.69999694824219,95.69999694824219,95.69999694824219,1010,0.0,0.0
2024-07-22 12:18:00+08:00,95.69999694824219,95.69999694824219,95.69999694824219,95.69999694824219,3200,0.0,0.0
2024-07-22 12:20:00+08:00,95.69999694824219,95.69999694824219,95.69999694824219,95.69999694824219,2000,0.0,0.0
2024-07-22 12:21:00+08:00,96.0,96.0,96.0,96.0,3000,0.0,0.0
2024-07-22 12:23:00+08:00,96.0,96.0,96.0,96.0,9000,0.0,0.0
2024-07-22 12:24:00+08:00,96.0,96.0,96.0,96.0,2045,0.0,0.0
2024-07-22 12:26:00+08:00,96.0,96.0,96.0,96.0,3000,0.0,0.0
2024-07-22 12:27:00+08:00,95.69999694824219,95.69999694824219,95.69999694824219,95.69999694824219,2040,0.0,0.0
2024-07-22 12:28:00+08:00,95.5999984741211,95.5999984741211,95.5999984741211,95.5999984741211,1058,0.0,0.0
2024-07-22 12:29:00+08:00,95.5999984741211,95.5999984741211,95.5999984741211,95.5999984741211,1192,0.0,0.0
2024-07-22 12:33:00+08:00,95.69999694824219,95.69999694824219,95.69999694824219,95.69999694824219,4000,0.0,0.0
2024-07-22 12:36:00+08:00,95.69999694824219,95.69999694824219,95.69999694824219,95.69999694824219,6030,0.0,0.0
2024-07-22 12:38:00+08:00,95.69999694824219,95.69999694824219,95.69999694824219,95.69999694824219,1265,0.0,0.0
2024-07-22 12:45:00+08:00,95.69999694824219,95.69999694824219,95.69999694824219,95.69999694824219,3000,0.0,0.0
2024-07-22 12:47:00+08:00,95.69999694824219,95.69999694824219,95.5999984741211,95.5999984741211,2200,0.0,0.0
2024-07-22 12:48:00+08:00,95.5999984741211,95.5999984741211,95.5999984741211,95.5999984741211,1091,0.0,0.0
2024-07-22 12:53:00+08:00,95.5999984741211,95.69999694824219,95.5999984741211,95.69999694824219,8000,0.0,0.0
2024-07-22 12:59:00+08:00,95.80000305175781,95.80000305175781,95.80000305175781,95.80000305175781,2192,0.0,0.0
2024-07-22 13:03:00+08:00,95.9000015258789,95.9000015258789,95.9000015258789,95.9000015258789,3000,0.0,0.0
2024-07-22 13:05:00+08:00,96.0,96.0,96.0,96.0,2000,0.0,0.0
2024-07-22 13:06:00+08:00,95.80000305175781,95.80000305175781,95.80000305175781,95.80000305175781,1020,0.0,0.0
2024-07-22 13:07:00+08:00,95.80000305175781,95.9000015258789,95.80000305175781,95.80000305175781,5050,0.0,0.0
2024-07-22 13:09:00+08:00,95.80000305175781,95.80000305175781,95.80000305175781,95.80000305175781,1086,0.0,0.0
2024-07-22 13:12:00+08:00,95.80000305175781,95.80000305175781,95.80000305175781,95.80000305175781,5000,0.0,0.0
2024-07-22 13:14:00+08:00,95.69999694824219,95.69999694824219,95.69999694824219,95.69999694824219,2150,0.0,0.0
2024-07-22 13:15:00+08:00,95.80000305175781,95.80000305175781,95.80000305175781,95.80000305175781,2000,0.0,0.0
2024-07-22 13:16:00+08:00,95.80000305175781,95.80000305175781,95.69999694824219,95.69999694824219,4000,0.0,0.0
2024-07-22 13:17:00+08:00,95.69999694824219,95.69999694824219,95.69999694824219,95.69999694824219,1000,0.0,0.0
2024-07-22 13:18:00+08:00,95.69999694824219,95.69999694824219,95.69999694824219,95.69999694824219,2000,0.0,0.0
2024-07-22 13:19:00+08:00,95.69999694824219,95.69999694824219,95.69999694824219,95.69999694824219,1000,0.0,0.0
2024-07-22 13:20:00+08:00,95.69999694824219,95.69999694824219,95.69999694824219,95.69999694824219,3000,0.0,0.0
2024-07-22 13:21:00+08:00,95.69999694824219,95.69999694824219,95.69999694824219,95.69999694824219,4000,0.0,0.0
2024-07-22 13:22:00+08:00,95.69999694824219,95.69999694824219,95.5999984741211,95.5999984741211,5050,0.0,0.0
2024-07-22 13:23:00+08:00,95.69999694824219,95.69999694824219,95.5999984741211,95.5999984741211,3089,0.0,0.0
2024-07-22 13:24:00+08:00,95.69999694824219,95.69999694824219,95.69999694824219,95.69999694824219,2000,0.0,0.0
2024-07-23 09:00:00+08:00,97.0999984741211,97.0999984741211,97.0999984741211,97.0999984741211,5000,0.0,0.0
2024-07-23 09:01:00+08:00,97.19999694824219,97.19999694824219,97.19999694824219,97.19999694824219,2000,0.0,0.0
2024-07-23 09:02:00+08:00,97.4000015258789,97.5,97.4000015258789,97.5,8000,0.0,0.0
2024-07-23 09:03:00+08:00,97.9000015258789,97.9000015258789,97.9000015258789,97.9000015258789,2000,0.0,0.0
2024-07-23 09:04:00+08:00,97.9000015258789,97.9000015258789,97.9000015258789,97.9000015258789,2000,0.0,0.0
2024-07-23 09:05:00+08:00,97.5999984741211,97.5999984741211,97.5999984741211,97.5999984741211,2000,0.0,0.0
2024-07-23 09:06:00+08:00,97.5,97.69999694824219,97.5,97.5,3000,0.0,0.0
2024-07-23 09:07:00+08:00,97.5,97.5,97.5,97.5,1000,0.0,0.0
2024-07-23 09:08:00+08:00,97.30000305175781,97.30000305175781,97.19999694824219,97.19999694824219,3000,0.0,0.0
2024-07-23 09:09:00+08:00,97.19999694824219,97.19999694824219,97.0999984741211,97.0999984741211,2080,0.0,0.0
2024-07-23 09:11:00+08:00,97.0999984741211,97.19999694824219,97.0999984741211,97.19999694824219,2000,0.0,0.0
2024-07-23 09:12:00+08:00,97.19999694824219,97.19999694824219,97.19999694824219,97.19999694824219,1000,0.0,0.0
2024-07-23 09:13:00+08:00,97.19999694824219,97.19999694824219,97.19999694824219,97.19999694824219,1000,0.0,0.0
2024-07-23 09:14:00+08:00,97.19999694824219,97.19999694824219,97.19999694824219,97.19999694824219,2300,0.0,0.0
2024-07-23 09:15:00+08:00,97.0999984741211,97.0999984741211,97.0999984741211,97.0999984741211,1000,0.0,0.0
2024-07-23 09:16:00+08:00,97.0999984741211,97.0999984741211,97.0,97.0,10130,0.0,0.0
2024-07-23 09:17:00+08:00,97.0,97.0,97.0,97.0,4000,0.0,0.0
2024-07-23 09:21:00+08:00,97.0999984741211,97.0999984741211,97.0999984741211,97.0999984741211,1000,0.0,0.0
2024-07-23 09:23:00+08:00,97.0999984741211,97.0999984741211,97.0999984741211,97.0999984741211,1000,0.0,0.0
2024-07-23 09:25:00+08:00,97.0999984741211,97.0999984741211,97.0999984741211,97.0999984741211,1005,0.0,0.0
2024-07-23 09:28:00+08:00,97.0999984741211,97.0999984741211,97.0999984741211,97.0999984741211,1060,0.0,0.0
2024-07-23 09:30:00+08:00,97.19999694824219,97.19999694824219,97.19999694824219,97.19999694824219,2040,0.0,0.0
2024-07-23 09:33:00+08:00,97.0999984741211,97.19999694824219,97.0999984741211,97.19999694824219,5101,0.0,0.0
2024-07-23 09:45:00+08:00,96.80000305175781,96.80000305175781,96.80000305175781,96.80000305175781,1209,0.0,0.0
2024-07-23 09:48:00+08:00,96.80000305175781,96.80000305175781,96.80000305175781,96.80000305175781,3000,0.0,0.0
2024-07-23 09:49:00+08:00,96.80000305175781,96.80000305175781,96.80000305175781,96.80000305175781,3370,0.0,0.0
2024-07-23 09:56:00+08:00,96.69999694824219,96.69999694824219,96.5999984741211,96.5999984741211,28080,0.0,0.0
2024-07-23 09:58:00+08:00,96.5,96.5999984741211,96.5,96.5999984741211,6000,0.0,0.0
2024-07-23 09:59:00+08:00,96.5,96.5,96.5,96.5,6010,0.0,0.0
2024-07-23 10:00:00+08:00,96.5,96.5,96.5,96.5,3193,0.0,0.0
2024-07-23 10:05:00+08:00,96.5,96.5999984741211,96.5,96.5999984741211,2065,0.0,0.0
2024-07-23 10:11:00+08:00,96.5999984741211,96.5999984741211,96.5999984741211,96.5999984741211,2342,0.0,0.0
2024-07-23 10:13:00+08:00,96.5,96.5999984741211,96.5,96.5,3000,0.0,0.0
2024-07-23 10:15:00+08:00,96.5,96.5,96.5,96.5,2000,0.0,0.0
2024-07-23 10:17:00+08:00,96.4000015258789,96.4000015258789,96.4000015258789,96.4000015258789,2000,0.0,0.0
2024-07-23 10:18:00+08:00,96.30000305175781,96.30000305175781,96.30000305175781,96.30000305175781,4045,0.0,0.0
2024-07-23 10:20:00+08:00,96.30000305175781,96.30000305175781,96.30000305175781,96.30000305175781,5006,0.0,0.0
2024-07-23 10:24:00+08:00,96.30000305175781,96.30000305175781,96.30000305175781,96.30000305175781,1000,0.0,0.0
2024-07-23 10:27:00+08:00,96.19999694824219,96.30000305175781,96.19999694824219,96.30000305175781,6000,0.0,0.0
2024-07-23 10:28:00+08:00,96.19999694824219,96.19999694824219,96.19999694824219,96.19999694824219,4080,0.0,0.0
2024-07-23 10:30:00+08:00,96.19999694824219,96.19999694824219,96.19999694824219,96.19999694824219,3000,0.0,0.0
2024-07-23 10:33:00+08:00,96.30000305175781,96.30000305175781,96.30000305175781,96.30000305175781,1075,0.0,0.0
2024-07-23 10:39:00+08:00,96.30000305175781,96.30000305175781,96.19999694824219,96.19999694824219,11107,0.0,0.0
2024-07-23 10:45:00+08:00,96.19999694824219,96.19999694824219,96.19999694824219,96.19999694824219,4000,0.0,0.0
2024-07-23 10:50:00+08:00,96.19999694824219,96.19999694824219,96.19999694824219,96.19999694824219,7000,0.0,0.0
2024-07-23 10:52:00+08:00,96.30000305175781,96.30000305175781,96.30000305175781,96.30000305175781,1000,0.0,0.0
2024-07-23 10:54:00+08:00,96.30000305175781,96.30000305175781,96.30000305175781,96.30000305175781,5000,0.0,0.0
2024-07-23 10:59:00+08:00,96.19999694824219,96.19999694824219,96.19999694824219,96.19999694824219,5639,0.0,0.0
2024-07-23 11:04:00+08:00,96.19999694824219,96.19999694824219,96.19999694824219,96.19999694824219,1000,0.0,0.0
2024-07-23 11:05:00+08:00,96.0999984741211,96.0999984741211,96.0999984741211,96.0999984741211,6000,0.0,0.0
2024-07-23 11:07:00+08:00,96.0999984741211,96.0999984741211,96.0999984741211,96.0999984741211,1400,0.0,0.0
2024-07-23 11:08:00+08:00,96.0999984741211,96.0999984741211,96.0999984741211,96.0999984741211,1010,0.0,0.0
2024-07-23 11:16:00+08:00,96.0999984741211,96.0999984741211,96.0999984741211,96.0999984741211,2537,0.0,0.0
2024-07-23 11:19:00+08:00,96.0,96.0,96.0,96.0,6000,0.0,0.0
2024-07-23 11:21:00+08:00,96.0999984741211,96.0999984741211,96.0999984741211,96.0999984741211,1000,0.0,0.0
2024-07-23 11:28:00+08:00,96.0999984741211,96.0999984741211,96.0999984741211,96.0999984741211,2000,0.0,0.0
2024-07-23 11:29:00+08:00,96.0999984741211,96.0999984741211,96.0999984741211,96.0999984741211,1000,0.0,0.0
2024-07-23 11:30:00+08:00,96.19999694824219,96.19999694824219,96.19999694824219,96.19999694824219,2000,0.0,0.0
2024-07-23 11:34:00+08:00,96.0999984741211,96.0999984741211,96.0999984741211,96.0999984741211,1100,0.0,0.0
2024-07-23 11:41:00+08:00,96.19999694824219,96.19999694824219,96.19999694824219,96.19999694824219,1000,0.0,0.0
2024-07-23 11:45:00+08:00,96.19999694824219,96.19999694824219,96.19999694824219,96.19999694824219,1012,0.0,0.0
2024-07-23 11:48:00+08:00,96.19999694824219,96.19999694824219,96.19999694824219,96.19999694824219,1000,0.0,0.0
2024-07-23 11:54:00+08:00,96.0999984741211,96.0999984741211,96.0999984741211,96.0999984741211,2000,0.0,0.0
2024-07-23 11:55:00+08:00,96.0999984741211,96.0999984741211,96.0999984741211,96.0999984741211,1315,0.0,0.0
2024-07-23 12:07:00+08:00,96.19999694824219,96.19999694824219,96.19999694824219,96.19999694824219,1000,0.0,0.0
2024-07-23 12:09:00+08:00,96.19999694824219,96.19999694824219,96.19999694824219,96.19999694824219,1000,0.0,0.0
2024-07-23 12:10:00+08:00,96.19999694824219,96.19999694824219,96.19999694824219,96.19999694824219,2024,0.0,0.0
2024-07-23 12:17:00+08:00,96.19999694824219,96.19999694824219,96.0,96.0,16089,0.0,0.0
2024-07-23 12:18:00+08:00,96.0,96.30000305175781,96.0,96.30000305175781,14000,0.0,0.0
2024-07-23 12:23:00+08:00,96.30000305175781,96.30000305175781,96.30000305175781,96.30000305175781,1000,0.0,0.0
2024-07-23 12:24:00+08:00,96.19999694824219,96.19999694824219,96.19999694824219,96.19999694824219,1050,0.0,0.0
2024-07-23 12:29:00+08:00,96.30000305175781,96.30000305175781,96.30000305175781,96.30000305175781,1030,0.0,0.0
2024-07-23 12:33:00+08:00,96.30000305175781,96.30000305175781,96.30000305175781,96.30000305175781,2300,0.0,0.0
2024-07-23 12:39:00+08:00,96.30000305175781,96.30000305175781,96.30000305175781,96.30000305175781,4000,0.0,0.0
2024-07-23 12:42:00+08:00,96.30000305175781,96.30000305175781,96.30000305175781,96.30000305175781,2000,0.0,0.0
2024-07-23 12:43:00+08:00,96.30000305175781,96.30000305175781,96.30000305175781,96.30000305175781,2015,0.0,0.0
2024-07-23 12:44:00+08:00,96.30000305175781,96.30000305175781,96.30000305175781,96.30000305175781,1076,0.0,0.0
2024-07-23 12:51:00+08:00,96.19999694824219,96.19999694824219,96.19999694824219,96.19999694824219,5549,0.0,0.0
2024-07-23 12:57:00+08:00,96.30000305175781,96.30000305175781,96.30000305175781,96.30000305175781,1025,0.0,0.0
2024-07-23 13:03:00+08:00,96.30000305175781,96.30000305175781,96.30000305175781,96.30000305175781,1079,0.0,0.0
2024-07-23 13:08:00+08:00,96.19999694824219,96.19999694824219,96.19999694824219,96.19999694824219,2100,0.0,0.0
2024-07-23 13:09:00+08:00,96.0999984741211,96.0999984741211,96.0999984741211,96.0999984741211,1030,0.0,0.0
2024-07-23 13:10:00+08:00,96.19999694824219,96.19999694824219,96.19999694824219,96.19999694824219,1000,0.0,0.0
2024-07-23 13:12:00+08:00,96.0999984741211,96.19999694824219,96.0999984741211,96.0999984741211,3468,0.0,0.0
2024-07-23 13:14:00+08:00,96.0999984741211,96.0999984741211,96.0999984741211,96.0999984741211,2200,0.0,0.0
2024-07-23 13:15:00+08:00,96.0999984741211,96.0999984741211,96.0999984741211,96.0999984741211,1050,0.0,0.0
2024-07-23 13:17:00+08:00,96.0999984741211,96.0999984741211,96.0999984741211,96.0999984741211,2000,0.0,0.0
2024-07-23 13:19:00+08:00,96.0999984741211,96.0999984741211,96.0999984741211,96.0999984741211,1000,0.0,0.0
2024-07-23 13:20:00+08:00,96.0,96.0,96.0,96.0,3469,0.0,0.0
2024-07-23 13:24:00+08:00,96.0999984741211,96.0999984741211,96.0999984741211,96.0999984741211,2025,0.0,0.0
2024-07-26 09:00:00+08:00,93.69999694824219,93.9000015258789,93.69999694824219,93.9000015258789,27000,0.0,0.0
2024-07-26 09:01:00+08:00,93.9000015258789,93.9000015258789,93.5999984741211,93.69999694824219,9000,0.0,0.0
2024-07-26 09:02:00+08:00,93.69999694824219,93.69999694824219,93.69999694824219,93.69999694824219,7000,0.0,0.0
2024-07-26 09:03:00+08:00,93.5999984741211,94.0,93.5999984741211,94.0,9000,0.0,0.0
2024-07-26 09:04:00+08:00,94.30000305175781,94.30000305175781,94.19999694824219,94.19999694824219,9000,0.0,0.0
2024-07-26 09:06:00+08:00,94.19999694824219,94.19999694824219,94.19999694824219,94.19999694824219,5000,0.0,0.0
2024-07-26 09:08:00+08:00,94.5,94.5999984741211,94.5,94.5999984741211,4000,0.0,0.0
2024-07-26 09:09:00+08:00,94.5999984741211,94.5999984741211,94.19999694824219,94.19999694824219,9000,0.0,0.0
2024-07-26 09:10:00+08:00,94.19999694824219,94.19999694824219,94.19999694824219,94.19999694824219,1294,0.0,0.0
2024-07-26 09:11:00+08:00,94.19999694824219,94.19999694824219,94.19999694824219,94.19999694824219,1160,0.0,0.0
2024-07-26 09:12:00+08:00,94.5999984741211,94.5999984741211,94.5999984741211,94.5999984741211,1240,0.0,0.0
2024-07-26 09:15:00+08:00,94.4000015258789,94.4000015258789,94.4000015258789,94.4000015258789,4480,0.0,0.0
2024-07-26 09:16:00+08:00,94.4000015258789,94.4000015258789,94.4000015258789,94.4000015258789,1003,0.0,0.0
2024-07-26 09:17:00+08:00,94.30000305175781,94.30000305175781,94.30000305175781,94.30000305175781,9223,0.0,0.0
2024-07-26 09:19:00+08:00,94.30000305175781,94.30000305175781,94.30000305175781,94.30000305175781,9100,0.0,0.0
2024-07-26 09:23:00+08:00,94.4000015258789,94.4000015258789,94.4000015258789,94.4000015258789,2082,0.0,0.0
2024-07-26 09:24:00+08:00,94.4000015258789,94.4000015258789,94.4000015258789,94.4000015258789,2000,0.0,0.0
2024-07-26 09:25:00+08:00,94.30000305175781,94.30000305175781,94.30000305175781,94.30000305175781,4150,0.0,0.0
2024-07-26 09:26:00+08:00,94.30000305175781,94.30000305175781,94.19999694824219,94.19999694824219,7237,0.0,0.0
2024-07-26 09:28:00+08:00,94.19999694824219,94.4000015258789,94.19999694824219,94.4000015258789,13160,0.0,0.0
2024-07-26 09:30:00+08:00,94.5,94.5,94.5,94.5,5000,0.0,0.0
2024-07-26 09:32:00+08:00,94.5999984741211,94.5999984741211,94.5999984741211,94.5999984741211,3000,0.0,0.0
2024-07-26 09:33:00+08:00,94.4000015258789,94.4000015258789,94.4000015258789,94.4000015258789,1000,0.0,0.0
2024-07-26 09:38:00+08:00,94.80000305175781,95.0,94.80000305175781,95.0,60000,0.0,0.0
2024-07-26 09:39:00+08:00,95.0,95.0,95.0,95.0,1200,0.0,0.0
2024-07-26 09:41:00+08:00,95.0,95.0,95.0,95.0,3020,0.0,0.0
2024-07-26 09:42:00+08:00,95.0,95.0,95.0,95.0,1000,0.0,0.0
2024-07-26 09:44:00+08:00,95.0,95.0,95.0,95.0,1230,0.0,0.0
2024-07-26 09:50:00+08:00,95.30000305175781,95.30000305175781,95.30000305175781,95.30000305175781,1092,0.0,0.0
2024-07-26 09:54:00+08:00,95.0999984741211,95.0999984741211,95.0,95.0999984741211,16008,0.0,0.0
2024-07-26 09:55:00+08:00,94.80000305175781,94.80000305175781,94.80000305175781,94.80000305175781,2055,0.0,0.0
2024-07-26 09:56:00+08:00,95.0999984741211,95.0999984741211,95.0999984741211,95.0999984741211,2000,0.0,0.0
2024-07-26 09:57:00+08:00,95.0,95.0,95.0,95.0,1232,0.0,0.0
2024-07-26 10:01:00+08:00,95.0,95.0,95.0,95.0,1000,0.0,0.0
2024-07-26 10:02:00+08:00,95.0,95.0,95.0,95.0,1004,0.0,0.0
2024-07-26 10:03:00+08:00,94.80000305175781,94.80000305175781,94.80000305175781,94.80000305175781,5000,0.0,0.0
2024-07-26 10:07:00+08:00,94.80000305175781,94.80000305175781,94.80000305175781,94.80000305175781,3000,0.0,0.0
2024-07-26 10:08:00+08:00,95.0,95.0999984741211,95.0,95.0999984741211,6044,0.0,0.0
2024-07-26 10:11:00+08:00,95.0999984741211,95.0999984741211,95.0999984741211,95.0999984741211,1000,0.0,0.0
2024-07-26 10:13:00+08:00,95.0999984741211,95.30000305175781,95.0999984741211,95.30000305175781,2000,0.0,0.0
2024-07-26 10:17:00+08:00,95.30000305175781,95.4000015258789,95.30000305175781,95.4000015258789,11000,0.0,0.0
2024-07-26 10:18:00+08:00,95.4000015258789,95.5,95.4000015258789,95.5,3100,0.0,0.0
2024-07-26 10:20:00+08:00,95.69999694824219,95.69999694824219,95.69999694824219,95.69999694824219,2020,0.0,0.0
2024-07-26 10:22:00+08:00,95.69999694824219,95.80000305175781,95.69999694824219,95.80000305175781,7000,0.0,0.0
2024-07-26 10:23:00+08:00,95.80000305175781,95.80000305175781,95.80000305175781,95.80000305175781,3100,0.0,0.0
2024-07-26 10:24:00+08:00,95.80000305175781,95.80000305175781,95.80000305175781,95.80000305175781,1260,0.0,0.0
2024-07-26 10:25:00+08:00,95.5999984741211,95.5999984741211,95.30000305175781,95.30000305175781,11000,0.0,0.0
2024-07-26 10:30:00+08:00,95.4000015258789,95.4000015258789,95.4000015258789,95.4000015258789,8100,0.0,0.0
2024-07-26 10:36:00+08:00,95.4000015258789,95.4000015258789,95.4000015258789,95.4000015258789,1005,0.0,0.0
2024-07-26 10:40:00+08:00,95.4000015258789,95.4000015258789,95.4000015258789,95.4000015258789,2068,0.0,0.0
2024-07-26 10:46:00+08:00,95.4000015258789,95.4000015258789,95.4000015258789,95.4000015258789,2000,0.0,0.0
2024-07-26 10:48:00+08:00,95.4000015258789,95.4000015258789,95.4000015258789,95.4000015258789,1001,0.0,0.0
2024-07-26 10:55:00+08:00,95.4000015258789,95.4000015258789,95.4000015258789,95.4000015258789,1000,0.0,0.0
2024-07-26 10:57:00+08:00,95.4000015258789,95.4000015258789,95.4000015258789,95.4000015258789,2000,0.0,0.0
2024-07-26 10:59:00+08:00,95.4000015258789,95.4000015258789,95.4000015258789,95.4000015258789,4046,0.0,0.0
2024-07-26 11:08:00+08:00,95.5,95.5,95.5,95.5,3484,0.0,0.0
2024-07-26 11:14:00+08:00,95.5,95.5,95.5,95.5,5016,0.0,0.0
2024-07-26 11:16:00+08:00,95.5,95.5,95.5,95.5,1134,0.0,0.0
2024-07-26 11:17:00+08:00,95.4000015258789,95.4000015258789,95.4000015258789,95.4000015258789,1015,0.0,0.0
2024-07-26 11:19:00+08:00,95.5,95.5,95.5,95.5,3022,0.0,0.0
2024-07-26 11:20:00+08:00,95.5,95.5,95.5,95.5,1100,0.0,0.0
2024-07-26 11:23:00+08:00,95.5,95.5,95.5,95.5,1010,0.0,0.0
2024-07-26 11:37:00+08:00,95.4000015258789,95.4000015258789,95.4000015258789,95.4000015258789,6000,0.0,0.0
2024-07-26 11:38:00+08:00,95.4000015258789,95.4000015258789,95.4000015258789,95.4000015258789,12060,0.0,0.0
2024-07-26 11:40:00+08:00,95.30000305175781,95.30000305175781,95.30000305175781,95.30000305175781,3000,0.0,0.0
2024-07-26 11:41:00+08:00,95.19999694824219,95.19999694824219,95.0999984741211,95.0999984741211,13000,0.0,0.0
2024-07-26 11:43:00+08:00,95.0,95.0,95.0,95.0,3100,0.0,0.0
2024-07-26 11:44:00+08:00,95.0,95.0,95.0,95.0,3000,0.0,0.0
2024-07-26 11:46:00+08:00,95.0999984741211,95.0999984741211,95.0,95.0,16000,0.0,0.0
2024-07-26 11:48:00+08:00,95.0,95.0,95.0,95.0,2014,0.0,0.0
2024-07-26 11:52:00+08:00,94.9000015258789,94.9000015258789,94.9000015258789,94.9000015258789,1621,0.0,0.0
2024-07-26 11:54:00+08:00,95.0,95.0,95.0,95.0,2000,0.0,0.0
2024-07-26 11:57:00+08:00,95.0999984741211,95.0999984741211,95.0999984741211,95.0999984741211,3000,0.0,0.0
2024-07-26 12:07:00+08:00,95.0999984741211,95.0999984741211,95.0999984741211,95.0999984741211,1000,0.0,0.0
2024-07-26 12:12:00+08:00,95.19999694824219,95.19999694824219,95.19999694824219,95.19999694824219,2000,0.0,0.0
2024-07-26 12:15:00+08:00,95.0999984741211,95.0999984741211,95.0999984741211,95.0999984741211,4000,0.0,0.0
2024-07-26 12:17:00+08:00,95.19999694824219,95.19999694824219,95.19999694824219,95.19999694824219,1000,0.0,0.0
2024-07-26 12:20:00+08:00,95.19999694824219,95.19999694824219,95.0999984741211,95.0999984741211,6056,0.0,0.0
2024-07-26 12:26:00+08:00,95.0999984741211,95.0999984741211,95.0999984741211,95.0999984741211,2000,0.0,0.0
2024-07-26 12:28:00+08:00,95.0999984741211,95.0999984741211,95.0999984741211,95.0999984741211,1100,0.0,0.0
2024-07-26 12:32:00+08:00,95.0,95.0,95.0,95.0,5000,0.0,0.0
2024-07-26 12:34:00+08:00,95.0999984741211,95.0999984741211,95.0999984741211,95.0999984741211,1100,0.0,0.0
2024-07-26 12:36:00+08:00,95.0,95.0,95.0,95.0,3000,0.0,0.0
2024-07-26 12:37:00+08:00,95.0,95.0,95.0,95.0,1000,0.0,0.0
2024-07-26 12:38:00+08:00,95.0,95.0,95.0,95.0,1000,0.0,0.0
2024-07-26 12:39:00+08:00,95.0,95.0,95.0,95.0,2000,0.0,0.0
2024-07-26 12:42:00+08:00,94.9000015258789,94.9000015258789,94.9000015258789,94.9000015258789,0,0.0,0.0
2024-07-26 12:44:00+08:00,94.9000015258789,94.9000015258789,94.9000015258789,94.9000015258789,425546,0.0,0.0
2024-07-26 12:49:00+08:00,95.0,95.0,95.0,95.0,2000,0.0,0.0
2024-07-26 12:50:00+08:00,95.0999984741211,95.0999984741211,95.0999984741211,95.0999984741211,1080,0.0,0.0
2024-07-26 12:52:00+08:00,95.0,95.0,95.0,95.0,4000,0.0,0.0
2024-07-26 12:53:00+08:00,95.0,95.0,95.0,95.0,1000,0.0,0.0
2024-07-26 12:55:00+08:00,95.0,95.0,95.0,95.0,1010,0.0,0.0
2024-07-26 12:59:00+08:00,95.0,95.0,95.0,95.0,2000,0.0,0.0
2024-07-26 13:00:00+08:00,95.0,95.0,95.0,95.0,1000,0.0,0.0
2024-07-26 13:01:00+08:00,95.0,95.0,95.0,95.0,1000,0.0,0.0
2024-07-26 13:02:00+08:00,95.0,95.0,95.0,95.0,1005,0.0,0.0
2024-07-26 13:03:00+08:00,95.0,95.0,95.0,95.0,1000,0.0,0.0
2024-07-26 13:06:00+08:00,95.0,95.0,95.0,95.0,2000,0.0,0.0
2024-07-26 13:07:00+08:00,95.0,95.0,95.0,95.0,4000,0.0,0.0
2024-07-26 13:09:00+08:00,95.0999984741211,95.0999984741211,95.0999984741211,95.0999984741211,1050,0.0,0.0
2024-07-26 13:10:00+08:00,95.0999984741211,95.0999984741211,95.0999984741211,95.0999984741211,2000,0.0,0.0
2024-07-26 13:12:00+08:00,95.0999984741211,95.0999984741211,95.0999984741211,95.0999984741211,2158,0.0,0.0
2024-07-26 13:14:00+08:00,95.0,95.0,95.0,95.0,2016,0.0,0.0
2024-07-26 13:16:00+08:00,95.0999984741211,95.0999984741211,95.0999984741211,95.0999984741211,2000,0.0,0.0
2024-07-26 13:17:00+08:00,95.0999984741211,95.0999984741211,95.0999984741211,95.0999984741211,2000,0.0,0.0
2024-07-26 13:18:00+08:00,95.0999984741211,95.0999984741211,95.0999984741211,95.0999984741211,4000,0.0,0.0
2024-07-26 13:19:00+08:00,95.19999694824219,95.19999694824219,95.19999694824219,95.19999694824219,1000,0.0,0.0
2024-07-26 13:20:00+08:00,95.0999984741211,95.0999984741211,95.0999984741211,95.0999984741211,1000,0.0,0.0
2024-07-26 13:21:00+08:00,95.0999984741211,95.0999984741211,95.0999984741211,95.0999984741211,1000,0.0,0.0
2024-07-26 13:23:00+08:00,95.0999984741211,95.19999694824219,95.0999984741211,95.0999984741211,4000,0.0,0.0
2024-07-26 13:24:00+08:00,95.0999984741211,95.0999984741211,95.0,95.0,5026,0.0,0.0
