Datetime,Open,High,Low,Close,Volume,Dividends,Stock Splits
2022-08-18 09:00:00+09:00,991.0,991.0,991.0,991.0,100,0.0,0.0
2022-08-18 11:00:00+09:00,991.0,991.0,991.0,991.0,0,0.0,0.0
2022-08-18 12:00:00+09:00,989.0,989.0,989.0,989.0,200,0.0,0.0
2022-08-18 13:00:00+09:00,989.0,997.0,987.0,987.0,3000,0.0,0.0
2022-08-18 14:00:00+09:00,991.0,996.0,988.0,988.0,700,0.0,0.0
2022-08-19 09:00:00+09:00,987.0,1010.0,986.0,1005.0,5500,0.0,0.0
2022-08-19 10:00:00+09:00,998.0,1001.0,987.0,1001.0,1100,0.0,0.0
2022-08-19 11:00:00+09:00,1001.0,1001.0,1001.0,1001.0,0,0.0,0.0
2022-08-19 12:00:00+09:00,1001.0,1002.0,1001.0,1002.0,6800,0.0,0.0
2022-08-19 13:00:00+09:00,1002.0,1002.0,991.0,1001.0,2600,0.0,0.0
2022-08-19 14:00:00+09:00,999.0,999.0,991.0,992.0,1700,0.0,0.0
2022-08-22 09:00:00+09:00,1000.0,1002.0,990.0,990.0,2700,0.0,0.0
2022-08-22 10:00:00+09:00,990.0,990.0,990.0,990.0,200,0.0,0.0
2022-08-22 11:00:00+09:00,986.0,986.0,985.0,986.0,0,0.0,0.0
2022-08-22 12:00:00+09:00,985.0,985.0,983.0,983.0,5000,0.0,0.0
2022-08-22 13:00:00+09:00,983.0,983.0,983.0,983.0,0,0.0,0.0
2022-08-22 14:00:00+09:00,985.0,985.0,968.0,979.0,14000,0.0,0.0
2022-08-23 09:00:00+09:00,991.0,991.0,977.0,978.0,1000,0.0,0.0
2022-08-23 10:00:00+09:00,978.0,987.0,978.0,979.0,1000,0.0,0.0
2022-08-23 11:00:00+09:00,979.0,979.0,979.0,979.0,0,0.0,0.0
2022-08-23 12:00:00+09:00,983.0,990.0,983.0,984.0,2600,0.0,0.0
2022-08-23 13:00:00+09:00,983.0,983.0,980.0,980.0,400,0.0,0.0
2022-08-23 14:00:00+09:00,980.0,986.0,980.0,986.0,200,0.0,0.0
2022-08-24 09:00:00+09:00,981.0,988.0,980.0,980.0,900,0.0,0.0
2022-08-24 11:00:00+09:00,981.0,985.0,980.0,980.0,0,0.0,0.0
2022-08-24 12:00:00+09:00,981.0,981.0,981.0,981.0,1900,0.0,0.0
2022-08-24 13:00:00+09:00,984.0,984.0,984.0,984.0,100,0.0,0.0
2022-08-24 14:00:00+09:00,984.0,985.0,981.0,981.0,300,0.0,0.0
2022-08-25 09:00:00+09:00,992.0,992.0,987.0,987.0,1100,0.0,0.0
2022-08-25 10:00:00+09:00,988.0,988.0,986.0,986.0,500,0.0,0.0
2022-08-25 11:00:00+09:00,986.0,986.0,986.0,986.0,0,0.0,0.0
2022-08-25 13:00:00+09:00,989.0,991.0,988.0,991.0,2300,0.0,0.0
2022-08-25 14:00:00+09:00,987.0,987.0,985.0,985.0,600,0.0,0.0
2022-08-26 09:00:00+09:00,990.0,998.0,989.0,989.0,1400,0.0,0.0
2022-08-26 10:00:00+09:00,995.0,997.0,991.0,997.0,300,0.0,0.0
2022-08-26 11:00:00+09:00,991.0,991.0,985.0,985.0,0,0.0,0.0
2022-08-26 13:00:00+09:00,986.0,986.0,986.0,986.0,3300,0.0,0.0
2022-08-26 14:00:00+09:00,987.0,987.0,987.0,987.0,100,0.0,0.0
2022-08-29 09:00:00+09:00,980.0,984.0,979.0,979.0,1100,0.0,0.0
2022-08-29 10:00:00+09:00,984.0,984.0,984.0,984.0,100,0.0,0.0
2022-08-29 11:00:00+09:00,984.0,984.0,984.0,984.0,0,0.0,0.0
2022-08-29 13:00:00+09:00,979.0,979.0,979.0,979.0,1700,0.0,0.0
2022-08-29 14:00:00+09:00,980.0,980.0,980.0,980.0,100,0.0,0.0
2022-08-30 09:00:00+09:00,980.0,985.0,980.0,980.0,1200,0.0,0.0
2022-08-30 10:00:00+09:00,979.0,984.0,977.0,984.0,700,0.0,0.0
2022-08-30 11:00:00+09:00,984.0,984.0,984.0,984.0,0,0.0,0.0
2022-08-30 12:00:00+09:00,984.0,984.0,984.0,984.0,2000,0.0,0.0
2022-08-30 14:00:00+09:00,982.0,982.0,979.0,979.0,300,0.0,0.0
2022-08-31 09:00:00+09:00,979.0,979.0,977.0,977.0,400,0.0,0.0
2022-08-31 10:00:00+09:00,981.0,981.0,981.0,981.0,100,0.0,0.0
2022-08-31 11:00:00+09:00,981.0,981.0,981.0,981.0,0,0.0,0.0
2022-08-31 13:00:00+09:00,982.0,982.0,982.0,982.0,600,0.0,0.0
2022-08-31 14:00:00+09:00,983.0,986.0,983.0,983.0,800,0.0,0.0
2022-09-01 09:00:00+09:00,987.0,987.0,979.0,979.0,1000,0.0,0.0
2022-09-01 10:00:00+09:00,980.0,980.0,980.0,980.0,200,0.0,0.0
2022-09-01 11:00:00+09:00,982.0,984.0,980.0,984.0,0,0.0,0.0
2022-09-01 12:00:00+09:00,978.0,979.0,978.0,978.0,3700,0.0,0.0
2022-09-01 13:00:00+09:00,978.0,978.0,976.0,976.0,900,0.0,0.0
2022-09-01 14:00:00+09:00,977.0,977.0,976.0,976.0,400,0.0,0.0
2022-09-02 09:00:00+09:00,978.0,980.0,978.0,978.0,1400,0.0,0.0
2022-09-02 10:00:00+09:00,977.0,977.0,977.0,977.0,300,0.0,0.0
2022-09-02 11:00:00+09:00,977.0,977.0,977.0,977.0,0,0.0,0.0
2022-09-02 12:00:00+09:00,980.0,980.0,980.0,980.0,1800,0.0,0.0
2022-09-02 13:00:00+09:00,977.0,978.0,977.0,978.0,200,0.0,0.0
2022-09-02 14:00:00+09:00,977.0,977.0,977.0,977.0,100,0.0,0.0
2022-09-05 09:00:00+09:00,990.0,990.0,978.0,978.0,1400,0.0,0.0
2022-09-05 10:00:00+09:00,976.0,976.0,973.0,973.0,1000,0.0,0.0
2022-09-05 11:00:00+09:00,974.0,974.0,968.0,969.0,0,0.0,0.0
2022-09-05 12:00:00+09:00,969.0,969.0,967.0,968.0,9300,0.0,0.0
2022-09-05 13:00:00+09:00,967.0,968.0,966.0,968.0,1700,0.0,0.0
2022-09-05 14:00:00+09:00,969.0,977.0,969.0,977.0,900,0.0,0.0
2022-09-06 09:00:00+09:00,972.0,972.0,972.0,972.0,200,0.0,0.0
2022-09-06 10:00:00+09:00,975.0,975.0,972.0,972.0,400,0.0,0.0
2022-09-06 11:00:00+09:00,971.0,971.0,971.0,971.0,0,0.0,0.0
2022-09-06 13:00:00+09:00,972.0,972.0,972.0,972.0,900,0.0,0.0
2022-09-06 14:00:00+09:00,971.0,971.0,970.0,970.0,900,0.0,0.0
2022-09-07 09:00:00+09:00,972.0,972.0,970.0,970.0,600,0.0,0.0
2022-09-07 11:00:00+09:00,971.0,971.0,971.0,971.0,0,0.0,0.0
2022-09-07 12:00:00+09:00,971.0,971.0,970.0,970.0,1200,0.0,0.0
2022-09-07 14:00:00+09:00,970.0,970.0,970.0,970.0,200,0.0,0.0
2022-09-08 09:00:00+09:00,971.0,971.0,970.0,970.0,300,0.0,0.0
2022-09-08 10:00:00+09:00,977.0,977.0,975.0,975.0,200,0.0,0.0
2022-09-08 11:00:00+09:00,975.0,975.0,975.0,975.0,0,0.0,0.0
2022-09-08 12:00:00+09:00,972.0,972.0,972.0,972.0,900,0.0,0.0
2022-09-08 13:00:00+09:00,971.0,971.0,971.0,971.0,100,0.0,0.0
2022-09-08 14:00:00+09:00,971.0,973.0,971.0,973.0,300,0.0,0.0
2022-09-09 09:00:00+09:00,974.0,976.0,971.0,971.0,400,0.0,0.0
2022-09-09 10:00:00+09:00,970.0,990.0,970.0,975.0,1500,0.0,0.0
2022-09-09 11:00:00+09:00,975.0,975.0,975.0,975.0,0,0.0,0.0
2022-09-09 13:00:00+09:00,976.0,976.0,976.0,976.0,2100,0.0,0.0
2022-09-09 14:00:00+09:00,975.0,975.0,970.0,970.0,500,0.0,0.0
2022-09-12 09:00:00+09:00,964.0,974.0,964.0,971.0,1800,0.0,0.0
2022-09-12 10:00:00+09:00,971.0,971.0,971.0,971.0,300,0.0,0.0
2022-09-12 11:00:00+09:00,975.0,975.0,973.0,973.0,0,0.0,0.0
2022-09-12 12:00:00+09:00,973.0,973.0,973.0,973.0,2800,0.0,0.0
2022-09-12 13:00:00+09:00,973.0,973.0,970.0,970.0,1100,0.0,0.0
2022-09-12 14:00:00+09:00,969.0,969.0,969.0,969.0,600,0.0,0.0
2022-09-13 09:00:00+09:00,972.0,972.0,972.0,972.0,100,0.0,0.0
2022-09-13 10:00:00+09:00,975.0,975.0,975.0,975.0,100,0.0,0.0
2022-09-13 11:00:00+09:00,974.0,975.0,974.0,975.0,0,0.0,0.0
2022-09-13 12:00:00+09:00,973.0,973.0,973.0,973.0,900,0.0,0.0
2022-09-13 13:00:00+09:00,973.0,973.0,972.0,972.0,1200,0.0,0.0
2022-09-13 14:00:00+09:00,972.0,973.0,972.0,972.0,600,0.0,0.0
2022-09-14 09:00:00+09:00,964.0,970.0,964.0,964.0,1500,0.0,0.0
2022-09-14 10:00:00+09:00,965.0,970.0,963.0,963.0,1800,0.0,0.0
2022-09-14 11:00:00+09:00,964.0,964.0,964.0,964.0,0,0.0,0.0
2022-09-14 13:00:00+09:00,964.0,964.0,962.0,962.0,5300,0.0,0.0
2022-09-14 14:00:00+09:00,970.0,970.0,963.0,963.0,400,0.0,0.0
2022-09-15 09:00:00+09:00,966.0,966.0,966.0,966.0,300,0.0,0.0
2022-09-15 10:00:00+09:00,966.0,967.0,966.0,967.0,200,0.0,0.0
2022-09-15 11:00:00+09:00,965.0,965.0,964.0,964.0,0,0.0,0.0
2022-09-15 12:00:00+09:00,967.0,967.0,966.0,966.0,1100,0.0,0.0
2022-09-15 14:00:00+09:00,970.0,970.0,970.0,970.0,200,0.0,0.0
2022-09-16 09:00:00+09:00,967.0,967.0,967.0,967.0,200,0.0,0.0
2022-09-16 10:00:00+09:00,966.0,966.0,959.0,959.0,4500,0.0,0.0
2022-09-16 11:00:00+09:00,959.0,961.0,959.0,959.0,0,0.0,0.0
2022-09-16 12:00:00+09:00,959.0,959.0,959.0,959.0,5300,0.0,0.0
2022-09-16 13:00:00+09:00,959.0,980.0,959.0,977.0,4200,0.0,0.0
2022-09-16 14:00:00+09:00,977.0,983.0,974.0,983.0,1400,0.0,0.0
2022-09-20 09:00:00+09:00,985.0,985.0,982.0,982.0,1300,0.0,0.0
2022-09-20 10:00:00+09:00,978.0,984.0,960.0,971.0,2200,0.0,0.0
2022-09-20 11:00:00+09:00,979.0,986.0,979.0,986.0,0,0.0,0.0
2022-09-20 12:00:00+09:00,971.0,984.0,971.0,983.0,4800,0.0,0.0
2022-09-21 09:00:00+09:00,973.0,973.0,972.0,972.0,400,0.0,0.0
2022-09-21 10:00:00+09:00,971.0,977.0,971.0,977.0,300,0.0,0.0
2022-09-21 11:00:00+09:00,977.0,977.0,977.0,977.0,0,0.0,0.0
2022-09-21 12:00:00+09:00,972.0,972.0,971.0,971.0,1000,0.0,0.0
2022-09-21 13:00:00+09:00,971.0,971.0,971.0,971.0,100,0.0,0.0
2022-09-21 14:00:00+09:00,972.0,972.0,972.0,972.0,200,0.0,0.0
2022-09-22 09:00:00+09:00,968.0,969.0,968.0,969.0,300,0.0,0.0
2022-09-22 10:00:00+09:00,969.0,969.0,969.0,969.0,300,0.0,0.0
2022-09-22 11:00:00+09:00,969.0,969.0,969.0,969.0,0,0.0,0.0
2022-09-22 12:00:00+09:00,966.0,972.0,966.0,972.0,1000,0.0,0.0
2022-09-22 13:00:00+09:00,972.0,973.0,972.0,973.0,200,0.0,0.0
2022-09-22 14:00:00+09:00,970.0,970.0,970.0,970.0,300,0.0,0.0
2022-09-26 09:00:00+09:00,970.0,970.0,961.0,961.0,900,0.0,0.0
2022-09-26 10:00:00+09:00,965.0,968.0,965.0,968.0,300,0.0,0.0
2022-09-26 11:00:00+09:00,967.0,967.0,967.0,967.0,0,0.0,0.0
2022-09-26 12:00:00+09:00,962.0,966.0,960.0,962.0,2500,0.0,0.0
2022-09-26 13:00:00+09:00,961.0,962.0,960.0,960.0,1400,0.0,0.0
2022-09-26 14:00:00+09:00,960.0,968.0,960.0,968.0,700,0.0,0.0
2022-09-27 09:00:00+09:00,961.0,966.0,959.0,966.0,1000,0.0,0.0
2022-09-27 10:00:00+09:00,962.0,962.0,961.0,961.0,300,0.0,0.0
2022-09-27 11:00:00+09:00,965.0,968.0,964.0,964.0,0,0.0,0.0
2022-09-27 12:00:00+09:00,964.0,964.0,964.0,964.0,2400,0.0,0.0
2022-09-27 14:00:00+09:00,965.0,965.0,965.0,965.0,100,0.0,0.0
2022-09-28 09:00:00+09:00,968.0,968.0,962.0,966.0,300,0.0,0.0
2022-09-28 10:00:00+09:00,962.0,965.0,962.0,965.0,600,0.0,0.0
2022-09-28 11:00:00+09:00,965.0,966.0,965.0,966.0,0,0.0,0.0
2022-09-28 12:00:00+09:00,966.0,966.0,963.0,964.0,2600,0.0,0.0
2022-09-28 13:00:00+09:00,966.0,966.0,966.0,966.0,100,0.0,0.0
2022-09-28 14:00:00+09:00,961.0,961.0,960.0,960.0,300,0.0,0.0
2022-09-29 09:00:00+09:00,959.0,968.0,959.0,966.0,700,0.0,0.0
2022-09-29 10:00:00+09:00,962.0,962.0,962.0,962.0,100,0.0,0.0
2022-09-29 11:00:00+09:00,962.0,962.0,962.0,962.0,0,0.0,0.0
2022-09-29 13:00:00+09:00,953.0,953.0,953.0,953.0,1100,0.0,0.0
2022-09-29 14:00:00+09:00,956.0,956.0,956.0,956.0,700,0.0,0.0
2022-09-30 09:00:00+09:00,968.0,968.0,937.0,956.0,2500,0.0,0.0
2022-09-30 10:00:00+09:00,955.0,955.0,955.0,955.0,200,0.0,0.0
2022-09-30 11:00:00+09:00,952.0,952.0,952.0,952.0,0,0.0,0.0
2022-09-30 13:00:00+09:00,952.0,952.0,948.0,948.0,3300,0.0,0.0
2022-09-30 14:00:00+09:00,948.0,948.0,948.0,948.0,100,0.0,0.0
2022-10-03 09:00:00+09:00,945.0,945.0,940.0,940.0,1400,0.0,0.0
2022-10-03 10:00:00+09:00,939.0,946.0,939.0,946.0,300,0.0,0.0
2022-10-03 11:00:00+09:00,941.0,941.0,941.0,941.0,0,0.0,0.0
2022-10-03 12:00:00+09:00,940.0,940.0,940.0,940.0,2000,0.0,0.0
2022-10-03 14:00:00+09:00,939.0,939.0,939.0,939.0,200,0.0,0.0
2022-10-04 09:00:00+09:00,944.0,945.0,913.0,931.0,5100,0.0,0.0
2022-10-04 10:00:00+09:00,935.0,937.0,933.0,934.0,400,0.0,0.0
2022-10-04 11:00:00+09:00,935.0,935.0,932.0,932.0,0,0.0,0.0
2022-10-04 12:00:00+09:00,934.0,935.0,934.0,935.0,8800,0.0,0.0
2022-10-04 13:00:00+09:00,940.0,941.0,935.0,935.0,700,0.0,0.0
2022-10-04 14:00:00+09:00,940.0,941.0,937.0,939.0,1100,0.0,0.0
2022-10-05 09:00:00+09:00,947.0,947.0,947.0,947.0,100,0.0,0.0
2022-10-05 11:00:00+09:00,943.0,943.0,940.0,940.0,0,0.0,0.0
2022-10-05 13:00:00+09:00,940.0,940.0,935.0,935.0,2400,0.0,0.0
2022-10-05 14:00:00+09:00,939.0,940.0,939.0,940.0,200,0.0,0.0
2022-10-06 09:00:00+09:00,937.0,941.0,937.0,938.0,2100,0.0,0.0
2022-10-06 10:00:00+09:00,941.0,943.0,941.0,943.0,300,0.0,0.0
2022-10-06 11:00:00+09:00,943.0,943.0,943.0,943.0,0,0.0,0.0
2022-10-06 12:00:00+09:00,943.0,943.0,940.0,940.0,2900,0.0,0.0
2022-10-07 09:00:00+09:00,940.0,940.0,940.0,940.0,800,0.0,0.0
2022-10-07 10:00:00+09:00,940.0,940.0,939.0,939.0,300,0.0,0.0
2022-10-07 11:00:00+09:00,940.0,940.0,940.0,940.0,0,0.0,0.0
2022-10-11 09:00:00+09:00,942.0,942.0,942.0,942.0,100,0.0,0.0
2022-10-11 10:00:00+09:00,940.0,940.0,940.0,940.0,200,0.0,0.0
2022-10-11 11:00:00+09:00,940.0,940.0,940.0,940.0,0,0.0,0.0
2022-10-11 12:00:00+09:00,940.0,940.0,940.0,940.0,500,0.0,0.0
2022-10-11 14:00:00+09:00,940.0,940.0,939.0,939.0,2400,0.0,0.0
2022-10-12 09:00:00+09:00,939.0,939.0,939.0,939.0,100,0.0,0.0
2022-10-12 10:00:00+09:00,939.0,939.0,939.0,939.0,100,0.0,0.0
2022-10-12 11:00:00+09:00,939.0,939.0,939.0,939.0,0,0.0,0.0
2022-10-12 12:00:00+09:00,939.0,939.0,939.0,939.0,700,0.0,0.0
2022-10-12 13:00:00+09:00,938.0,938.0,938.0,938.0,100,0.0,0.0
2022-10-12 14:00:00+09:00,938.0,943.0,937.0,937.0,1300,0.0,0.0
2022-10-13 09:00:00+09:00,937.0,937.0,925.0,925.0,800,0.0,0.0
2022-10-13 10:00:00+09:00,930.0,930.0,929.0,929.0,300,0.0,0.0
2022-10-13 11:00:00+09:00,929.0,929.0,929.0,929.0,0,0.0,0.0
2022-10-13 12:00:00+09:00,930.0,930.0,928.0,928.0,1300,0.0,0.0
2022-10-13 13:00:00+09:00,927.0,927.0,922.0,922.0,2900,0.0,0.0
2022-10-14 09:00:00+09:00,929.0,936.0,926.0,926.0,2200,0.0,0.0
2022-10-14 10:00:00+09:00,923.0,926.0,922.0,926.0,300,0.0,0.0
2022-10-14 11:00:00+09:00,926.0,926.0,926.0,926.0,0,0.0,0.0
2022-10-14 12:00:00+09:00,924.0,924.0,923.0,923.0,2800,0.0,0.0
2022-10-14 13:00:00+09:00,925.0,934.0,925.0,930.0,900,0.0,0.0
2022-10-14 14:00:00+09:00,930.0,930.0,929.0,929.0,400,0.0,0.0
2022-10-17 09:00:00+09:00,918.0,920.0,918.0,920.0,800,0.0,0.0
2022-10-17 10:00:00+09:00,921.0,921.0,919.0,919.0,300,0.0,0.0
2022-10-17 11:00:00+09:00,923.0,923.0,923.0,923.0,0,0.0,0.0
2022-10-17 12:00:00+09:00,922.0,922.0,922.0,922.0,1400,0.0,0.0
2022-10-17 13:00:00+09:00,922.0,922.0,922.0,922.0,100,0.0,0.0
2022-10-17 14:00:00+09:00,921.0,925.0,921.0,925.0,200,0.0,0.0
2022-10-18 09:00:00+09:00,928.0,928.0,925.0,925.0,1100,0.0,0.0
2022-10-18 10:00:00+09:00,925.0,925.0,922.0,922.0,300,0.0,0.0
2022-10-18 11:00:00+09:00,923.0,923.0,923.0,923.0,0,0.0,0.0
2022-10-18 12:00:00+09:00,922.0,924.0,922.0,924.0,2000,0.0,0.0
2022-10-18 13:00:00+09:00,924.0,927.0,924.0,927.0,500,0.0,0.0
2022-10-18 14:00:00+09:00,926.0,926.0,926.0,926.0,100,0.0,0.0
2022-10-19 09:00:00+09:00,920.0,923.0,920.0,922.0,2100,0.0,0.0
2022-10-19 10:00:00+09:00,923.0,923.0,923.0,923.0,300,0.0,0.0
2022-10-19 11:00:00+09:00,922.0,923.0,922.0,923.0,0,0.0,0.0
2022-10-19 12:00:00+09:00,925.0,925.0,925.0,925.0,3200,0.0,0.0
2022-10-19 13:00:00+09:00,926.0,928.0,926.0,926.0,1100,0.0,0.0
2022-10-20 09:00:00+09:00,941.0,942.0,930.0,937.0,6300,0.0,0.0
2022-10-20 10:00:00+09:00,935.0,935.0,926.0,926.0,2400,0.0,0.0
2022-10-20 11:00:00+09:00,926.0,926.0,922.0,922.0,0,0.0,0.0
2022-10-20 13:00:00+09:00,926.0,926.0,926.0,926.0,10400,0.0,0.0
2022-10-20 14:00:00+09:00,927.0,927.0,926.0,926.0,1200,0.0,0.0
2022-10-21 09:00:00+09:00,928.0,941.0,923.0,923.0,1600,0.0,0.0
2022-10-21 11:00:00+09:00,923.0,923.0,923.0,923.0,0,0.0,0.0
2022-10-21 12:00:00+09:00,925.0,927.0,924.0,927.0,2000,0.0,0.0
2022-10-21 13:00:00+09:00,928.0,928.0,928.0,928.0,100,0.0,0.0
2022-10-21 14:00:00+09:00,930.0,935.0,930.0,935.0,200,0.0,0.0
2022-10-24 09:00:00+09:00,937.0,937.0,923.0,925.0,3200,0.0,0.0
2022-10-24 10:00:00+09:00,928.0,928.0,927.0,927.0,200,0.0,0.0
2022-10-24 11:00:00+09:00,926.0,926.0,926.0,926.0,0,0.0,0.0
2022-10-24 12:00:00+09:00,926.0,926.0,923.0,923.0,6100,0.0,0.0
2022-10-24 13:00:00+09:00,925.0,928.0,925.0,928.0,2000,0.0,0.0
2022-10-24 14:00:00+09:00,928.0,928.0,924.0,924.0,1000,0.0,0.0
2022-10-25 09:00:00+09:00,929.0,933.0,925.0,925.0,500,0.0,0.0
2022-10-25 10:00:00+09:00,928.0,930.0,924.0,924.0,1500,0.0,0.0
2022-10-25 11:00:00+09:00,924.0,924.0,924.0,924.0,0,0.0,0.0
2022-10-25 13:00:00+09:00,930.0,931.0,926.0,930.0,5100,0.0,0.0
2022-10-25 14:00:00+09:00,930.0,930.0,925.0,925.0,2600,0.0,0.0
2022-10-26 09:00:00+09:00,933.0,935.0,933.0,935.0,300,0.0,0.0
2022-10-26 10:00:00+09:00,934.0,934.0,934.0,934.0,0,0.0,0.0
2022-10-26 11:00:00+09:00,934.0,934.0,934.0,934.0,0,0.0,0.0
2022-10-26 12:00:00+09:00,935.0,935.0,935.0,935.0,800,0.0,0.0
2022-10-26 13:00:00+09:00,935.0,936.0,930.0,930.0,400,0.0,0.0
2022-10-26 14:00:00+09:00,932.0,932.0,932.0,932.0,100,0.0,0.0
2022-10-27 09:00:00+09:00,933.0,934.0,933.0,934.0,800,0.0,0.0
2022-10-27 10:00:00+09:00,933.0,933.0,932.0,932.0,500,0.0,0.0
2022-10-27 11:00:00+09:00,934.0,934.0,934.0,934.0,0,0.0,0.0
2022-10-27 12:00:00+09:00,938.0,938.0,933.0,933.0,3100,0.0,0.0
2022-10-27 13:00:00+09:00,935.0,935.0,933.0,933.0,1000,0.0,0.0
2022-10-28 09:00:00+09:00,933.0,933.0,933.0,933.0,100,0.0,0.0
2022-10-28 10:00:00+09:00,935.0,935.0,935.0,935.0,700,0.0,0.0
2022-10-28 11:00:00+09:00,935.0,935.0,935.0,935.0,0,0.0,0.0
2022-10-28 12:00:00+09:00,933.0,933.0,928.0,928.0,2200,0.0,0.0
2022-10-28 13:00:00+09:00,925.0,925.0,921.0,921.0,2100,0.0,0.0
2022-10-28 14:00:00+09:00,928.0,929.0,925.0,925.0,300,0.0,0.0
2022-10-31 09:00:00+09:00,909.0,915.0,909.0,913.0,7700,0.0,0.0
2022-10-31 10:00:00+09:00,913.0,918.0,913.0,914.0,1100,0.0,0.0
2022-10-31 11:00:00+09:00,917.0,918.0,917.0,918.0,0,0.0,0.0
2022-10-31 12:00:00+09:00,924.0,924.0,918.0,918.0,9800,0.0,0.0
2022-10-31 13:00:00+09:00,921.0,923.0,921.0,923.0,300,0.0,0.0
2022-10-31 14:00:00+09:00,920.0,921.0,920.0,921.0,900,0.0,0.0
2022-11-01 09:00:00+09:00,933.0,933.0,929.0,929.0,2100,0.0,0.0
2022-11-01 11:00:00+09:00,925.0,925.0,922.0,922.0,0,0.0,0.0
2022-11-01 12:00:00+09:00,921.0,921.0,916.0,921.0,4900,0.0,0.0
2022-11-01 13:00:00+09:00,923.0,923.0,923.0,923.0,200,0.0,0.0
2022-11-01 14:00:00+09:00,923.0,927.0,923.0,924.0,400,0.0,0.0
2022-11-02 09:00:00+09:00,930.0,931.0,930.0,931.0,700,0.0,0.0
2022-11-02 10:00:00+09:00,931.0,931.0,930.0,930.0,600,0.0,0.0
2022-11-02 11:00:00+09:00,927.0,927.0,927.0,927.0,0,0.0,0.0
2022-11-02 12:00:00+09:00,927.0,927.0,927.0,927.0,1500,0.0,0.0
2022-11-02 13:00:00+09:00,930.0,934.0,930.0,930.0,500,0.0,0.0
2022-11-02 14:00:00+09:00,929.0,942.0,929.0,938.0,600,0.0,0.0
2022-11-04 09:00:00+09:00,938.0,939.0,936.0,939.0,800,0.0,0.0
2022-11-04 10:00:00+09:00,938.0,938.0,923.0,932.0,300,0.0,0.0
2022-11-04 11:00:00+09:00,932.0,932.0,932.0,932.0,0,0.0,0.0
2022-11-04 12:00:00+09:00,925.0,929.0,925.0,927.0,2500,0.0,0.0
2022-11-04 13:00:00+09:00,927.0,927.0,925.0,925.0,500,0.0,0.0
2022-11-04 14:00:00+09:00,929.0,931.0,929.0,929.0,700,0.0,0.0
2022-11-07 09:00:00+09:00,928.0,932.0,924.0,931.0,4700,0.0,0.0
2022-11-07 10:00:00+09:00,931.0,935.0,931.0,932.0,900,0.0,0.0
2022-11-07 11:00:00+09:00,932.0,932.0,932.0,932.0,0,0.0,0.0
2022-11-07 12:00:00+09:00,930.0,930.0,930.0,930.0,7600,0.0,0.0
2022-11-07 13:00:00+09:00,931.0,937.0,931.0,937.0,400,0.0,0.0
2022-11-07 14:00:00+09:00,938.0,949.0,937.0,943.0,4300,0.0,0.0
2022-11-08 09:00:00+09:00,958.0,958.0,940.0,950.0,13200,0.0,0.0
2022-11-08 10:00:00+09:00,949.0,953.0,944.0,944.0,2600,0.0,0.0
2022-11-08 11:00:00+09:00,944.0,944.0,944.0,944.0,0,0.0,0.0
2022-11-08 12:00:00+09:00,944.0,949.0,940.0,945.0,18400,0.0,0.0
2022-11-08 13:00:00+09:00,945.0,945.0,938.0,942.0,2800,0.0,0.0
2022-11-08 14:00:00+09:00,940.0,940.0,940.0,940.0,200,0.0,0.0
2022-11-09 09:00:00+09:00,937.0,937.0,930.0,936.0,2300,0.0,0.0
2022-11-09 10:00:00+09:00,936.0,936.0,936.0,936.0,100,0.0,0.0
2022-11-09 11:00:00+09:00,935.0,940.0,935.0,938.0,0,0.0,0.0
2022-11-09 12:00:00+09:00,938.0,940.0,938.0,938.0,10800,0.0,0.0
2022-11-09 13:00:00+09:00,944.0,944.0,944.0,944.0,400,0.0,0.0
2022-11-09 14:00:00+09:00,944.0,945.0,936.0,937.0,6500,0.0,0.0
2022-11-10 09:00:00+09:00,942.0,964.0,935.0,957.0,4800,0.0,0.0
2022-11-10 10:00:00+09:00,953.0,953.0,948.0,948.0,1200,0.0,0.0
2022-11-10 11:00:00+09:00,950.0,952.0,950.0,952.0,0,0.0,0.0
2022-11-10 12:00:00+09:00,950.0,950.0,950.0,950.0,6900,0.0,0.0
2022-11-10 13:00:00+09:00,952.0,955.0,950.0,954.0,3400,0.0,0.0
2022-11-10 14:00:00+09:00,953.0,954.0,950.0,950.0,1000,0.0,0.0
2022-11-11 09:00:00+09:00,958.0,958.0,952.0,952.0,400,0.0,0.0
2022-11-11 10:00:00+09:00,957.0,959.0,952.0,959.0,1200,0.0,0.0
2022-11-11 11:00:00+09:00,959.0,959.0,959.0,959.0,0,0.0,0.0
2022-11-11 12:00:00+09:00,958.0,958.0,952.0,952.0,0,0.0,0.0
2022-11-11 13:00:00+09:00,952.0,959.0,949.0,949.0,5000,0.0,0.0
2022-11-11 14:00:00+09:00,952.0,952.0,952.0,952.0,100,0.0,0.0
2022-11-14 09:00:00+09:00,959.0,964.0,951.0,951.0,2900,0.0,0.0
2022-11-14 10:00:00+09:00,950.0,962.0,950.0,962.0,600,0.0,0.0
2022-11-14 11:00:00+09:00,962.0,962.0,962.0,962.0,0,0.0,0.0
2022-11-14 12:00:00+09:00,956.0,956.0,950.0,950.0,3800,0.0,0.0
2022-11-14 14:00:00+09:00,951.0,951.0,949.0,949.0,1100,0.0,0.0
2022-11-15 09:00:00+09:00,949.0,950.0,948.0,950.0,400,0.0,0.0
2022-11-15 10:00:00+09:00,950.0,950.0,950.0,950.0,300,0.0,0.0
2022-11-15 11:00:00+09:00,951.0,951.0,950.0,950.0,0,0.0,0.0
2022-11-15 12:00:00+09:00,950.0,953.0,939.0,942.0,17500,0.0,0.0
2022-11-15 13:00:00+09:00,943.0,943.0,943.0,943.0,100,0.0,0.0
2022-11-15 14:00:00+09:00,954.0,954.0,950.0,950.0,200,0.0,0.0
2022-11-16 09:00:00+09:00,953.0,963.0,953.0,963.0,1500,0.0,0.0
2022-11-16 10:00:00+09:00,963.0,963.0,963.0,963.0,700,0.0,0.0
2022-11-16 11:00:00+09:00,964.0,968.0,961.0,968.0,0,0.0,0.0
2022-11-16 12:00:00+09:00,968.0,970.0,967.0,970.0,5100,0.0,0.0
2022-11-16 13:00:00+09:00,972.0,980.0,972.0,977.0,1100,0.0,0.0
2022-11-16 14:00:00+09:00,977.0,982.0,971.0,972.0,5000,0.0,0.0
2022-11-17 09:00:00+09:00,970.0,982.0,970.0,982.0,700,0.0,0.0
2022-11-17 10:00:00+09:00,980.0,982.0,976.0,976.0,400,0.0,0.0
2022-11-17 11:00:00+09:00,983.0,983.0,983.0,983.0,0,0.0,0.0
2022-11-17 12:00:00+09:00,976.0,976.0,975.0,975.0,7400,0.0,0.0
2022-11-17 13:00:00+09:00,979.0,979.0,979.0,979.0,100,0.0,0.0
2022-11-18 09:00:00+09:00,988.0,1000.0,976.0,992.0,7500,0.0,0.0
2022-11-18 10:00:00+09:00,995.0,995.0,982.0,982.0,4800,0.0,0.0
2022-11-18 11:00:00+09:00,982.0,982.0,982.0,982.0,0,0.0,0.0
2022-11-18 12:00:00+09:00,997.0,999.0,976.0,976.0,17500,0.0,0.0
2022-11-18 14:00:00+09:00,975.0,976.0,971.0,976.0,1700,0.0,0.0
2022-11-21 09:00:00+09:00,980.0,980.0,968.0,971.0,4100,0.0,0.0
2022-11-21 10:00:00+09:00,977.0,977.0,973.0,973.0,200,0.0,0.0
2022-11-21 11:00:00+09:00,971.0,971.0,966.0,967.0,0,0.0,0.0
2022-11-21 12:00:00+09:00,975.0,980.0,972.0,979.0,8800,0.0,0.0
2022-11-21 13:00:00+09:00,979.0,980.0,975.0,979.0,2300,0.0,0.0
2022-11-21 14:00:00+09:00,980.0,983.0,980.0,983.0,600,0.0,0.0
2022-11-22 09:00:00+09:00,980.0,980.0,970.0,977.0,0,0.0,0.0
2022-11-22 11:00:00+09:00,983.0,983.0,983.0,983.0,0,0.0,0.0
2022-11-22 12:00:00+09:00,980.0,980.0,980.0,980.0,0,0.0,0.0
2022-11-22 13:00:00+09:00,983.0,984.0,980.0,980.0,7500,0.0,0.0
2022-11-22 14:00:00+09:00,980.0,980.0,975.0,980.0,1100,0.0,0.0
2022-11-24 09:00:00+09:00,990.0,1003.0,989.0,993.0,9500,0.0,0.0
2022-11-24 10:00:00+09:00,995.0,996.0,987.0,991.0,10200,0.0,0.0
2022-11-24 11:00:00+09:00,989.0,994.0,989.0,994.0,0,0.0,0.0
2022-11-24 12:00:00+09:00,998.0,1008.0,994.0,1007.0,23300,0.0,0.0
2022-11-24 13:00:00+09:00,1005.0,1007.0,999.0,999.0,2200,0.0,0.0
2022-11-24 14:00:00+09:00,1000.0,1001.0,997.0,997.0,1300,0.0,0.0
2022-11-25 09:00:00+09:00,1000.0,1010.0,1000.0,1010.0,8500,0.0,0.0
2022-11-25 10:00:00+09:00,1013.0,1031.0,1013.0,1030.0,5600,0.0,0.0
2022-11-25 11:00:00+09:00,1029.0,1029.0,1026.0,1029.0,0,0.0,0.0
2022-11-25 12:00:00+09:00,1026.0,1044.0,1026.0,1040.0,21400,0.0,0.0
2022-11-25 13:00:00+09:00,1041.0,1055.0,1041.0,1055.0,4400,0.0,0.0
2022-11-25 14:00:00+09:00,1048.0,1048.0,1038.0,1045.0,2800,0.0,0.0
2022-11-28 09:00:00+09:00,1045.0,1045.0,1015.0,1026.0,3800,0.0,0.0
2022-11-28 10:00:00+09:00,1025.0,1035.0,1025.0,1035.0,600,0.0,0.0
2022-11-28 11:00:00+09:00,1035.0,1035.0,1035.0,1035.0,0,0.0,0.0
2022-11-28 12:00:00+09:00,1025.0,1033.0,1025.0,1032.0,5400,0.0,0.0
2022-11-28 13:00:00+09:00,1030.0,1034.0,1030.0,1033.0,500,0.0,0.0
2022-11-28 14:00:00+09:00,1030.0,1030.0,1019.0,1019.0,2100,0.0,0.0
2022-11-29 09:00:00+09:00,1029.0,1029.0,1006.0,1014.0,0,0.0,0.0
2022-11-29 10:00:00+09:00,1016.0,1026.0,1016.0,1025.0,4600,0.0,0.0
2022-11-29 11:00:00+09:00,1025.0,1025.0,1025.0,1025.0,0,0.0,0.0
2022-11-29 12:00:00+09:00,1025.0,1025.0,1025.0,1025.0,5100,0.0,0.0
2022-11-29 13:00:00+09:00,1024.0,1025.0,1024.0,1025.0,500,0.0,0.0
2022-11-29 14:00:00+09:00,1017.0,1023.0,1017.0,1021.0,600,0.0,0.0
2022-11-30 09:00:00+09:00,1016.0,1016.0,996.0,996.0,1700,0.0,0.0
2022-11-30 10:00:00+09:00,1002.0,1005.0,1001.0,1005.0,800,0.0,0.0
2022-11-30 11:00:00+09:00,1003.0,1003.0,1001.0,1002.0,0,0.0,0.0
2022-11-30 12:00:00+09:00,1006.0,1019.0,1006.0,1019.0,4100,0.0,0.0
2022-11-30 13:00:00+09:00,1016.0,1016.0,1016.0,1016.0,200,0.0,0.0
2022-11-30 14:00:00+09:00,1008.0,1018.0,1008.0,1018.0,200,0.0,0.0
2022-12-01 09:00:00+09:00,1021.0,1036.0,1010.0,1010.0,4000,0.0,0.0
2022-12-01 10:00:00+09:00,1010.0,1022.0,1002.0,1005.0,800,0.0,0.0
2022-12-01 11:00:00+09:00,1011.0,1024.0,1011.0,1024.0,0,0.0,0.0
2022-12-01 12:00:00+09:00,1010.0,1010.0,1010.0,1010.0,5600,0.0,0.0
2022-12-01 13:00:00+09:00,1010.0,1023.0,1010.0,1023.0,900,0.0,0.0
2022-12-01 14:00:00+09:00,1013.0,1013.0,1012.0,1012.0,200,0.0,0.0
2022-12-02 09:00:00+09:00,1010.0,1010.0,1001.0,1001.0,700,0.0,0.0
2022-12-02 10:00:00+09:00,1001.0,1001.0,983.0,983.0,5800,0.0,0.0
2022-12-02 11:00:00+09:00,987.0,989.0,987.0,989.0,0,0.0,0.0
2022-12-02 12:00:00+09:00,992.0,997.0,992.0,997.0,9600,0.0,0.0
2022-12-02 13:00:00+09:00,994.0,999.0,994.0,999.0,200,0.0,0.0
2022-12-02 14:00:00+09:00,999.0,1001.0,995.0,995.0,3700,0.0,0.0
2022-12-05 09:00:00+09:00,995.0,995.0,994.0,994.0,800,0.0,0.0
2022-12-05 10:00:00+09:00,992.0,992.0,985.0,985.0,1300,0.0,0.0
2022-12-05 11:00:00+09:00,985.0,985.0,985.0,985.0,0,0.0,0.0
2022-12-05 12:00:00+09:00,986.0,986.0,986.0,986.0,2300,0.0,0.0
2022-12-05 13:00:00+09:00,986.0,986.0,981.0,981.0,1000,0.0,0.0
2022-12-05 14:00:00+09:00,989.0,993.0,989.0,993.0,300,0.0,0.0
2022-12-06 09:00:00+09:00,982.0,982.0,982.0,982.0,200,0.0,0.0
2022-12-06 10:00:00+09:00,982.0,982.0,982.0,982.0,100,0.0,0.0
2022-12-06 11:00:00+09:00,982.0,982.0,982.0,982.0,0,0.0,0.0
2022-12-06 12:00:00+09:00,982.0,982.0,980.0,980.0,1500,0.0,0.0
2022-12-06 14:00:00+09:00,981.0,995.0,981.0,995.0,400,0.0,0.0
2022-12-07 09:00:00+09:00,993.0,999.0,987.0,999.0,0,0.0,0.0
2022-12-07 11:00:00+09:00,999.0,999.0,999.0,999.0,0,0.0,0.0
2022-12-07 12:00:00+09:00,1000.0,1000.0,1000.0,1000.0,1500,0.0,0.0
2022-12-07 13:00:00+09:00,1000.0,1001.0,1000.0,1001.0,500,0.0,0.0
2022-12-07 14:00:00+09:00,1000.0,1009.0,1000.0,1009.0,600,0.0,0.0
2022-12-08 09:00:00+09:00,1016.0,1016.0,1016.0,1016.0,100,0.0,0.0
2022-12-08 10:00:00+09:00,992.0,992.0,992.0,992.0,100,0.0,0.0
2022-12-08 11:00:00+09:00,992.0,992.0,992.0,992.0,0,0.0,0.0
2022-12-08 13:00:00+09:00,995.0,995.0,992.0,993.0,2100,0.0,0.0
2022-12-08 14:00:00+09:00,1005.0,1005.0,1005.0,1005.0,100,0.0,0.0
2022-12-09 09:00:00+09:00,1026.0,1026.0,1015.0,1015.0,2300,0.0,0.0
2022-12-09 10:00:00+09:00,1006.0,1011.0,1005.0,1011.0,400,0.0,0.0
2022-12-09 11:00:00+09:00,1011.0,1011.0,1011.0,1011.0,0,0.0,0.0
2022-12-09 12:00:00+09:00,1011.0,1014.0,1011.0,1014.0,2900,0.0,0.0
2022-12-09 13:00:00+09:00,1014.0,1025.0,1014.0,1024.0,5100,0.0,0.0
2022-12-12 09:00:00+09:00,1014.0,1019.0,1014.0,1019.0,2100,0.0,0.0
2022-12-12 10:00:00+09:00,1012.0,1012.0,1012.0,1012.0,100,0.0,0.0
2022-12-12 11:00:00+09:00,1012.0,1012.0,1012.0,1012.0,0,0.0,0.0
2022-12-12 12:00:00+09:00,1012.0,1012.0,1004.0,1004.0,2400,0.0,0.0
2022-12-12 13:00:00+09:00,1005.0,1011.0,1005.0,1011.0,400,0.0,0.0
2022-12-13 09:00:00+09:00,1019.0,1019.0,1000.0,1002.0,1400,0.0,0.0
2022-12-13 11:00:00+09:00,1002.0,1002.0,1002.0,1002.0,0,0.0,0.0
2022-12-13 12:00:00+09:00,1000.0,1000.0,998.0,998.0,3600,0.0,0.0
2022-12-13 14:00:00+09:00,998.0,998.0,997.0,997.0,200,0.0,0.0
2022-12-14 09:00:00+09:00,996.0,996.0,996.0,996.0,300,0.0,0.0
2022-12-14 11:00:00+09:00,996.0,996.0,996.0,996.0,0,0.0,0.0
2022-12-14 12:00:00+09:00,996.0,1000.0,996.0,1000.0,800,0.0,0.0
2022-12-14 13:00:00+09:00,998.0,998.0,998.0,998.0,500,0.0,0.0
2022-12-14 14:00:00+09:00,996.0,996.0,996.0,996.0,100,0.0,0.0
2022-12-15 09:00:00+09:00,996.0,997.0,991.0,991.0,3000,0.0,0.0
2022-12-15 10:00:00+09:00,999.0,999.0,999.0,999.0,900,0.0,0.0
2022-12-15 11:00:00+09:00,999.0,999.0,999.0,999.0,0,0.0,0.0
2022-12-15 13:00:00+09:00,997.0,998.0,990.0,998.0,5800,0.0,0.0
2022-12-15 14:00:00+09:00,999.0,999.0,988.0,988.0,4100,0.0,0.0
2022-12-16 09:00:00+09:00,980.0,990.0,980.0,990.0,3900,0.0,0.0
2022-12-16 10:00:00+09:00,985.0,997.0,985.0,997.0,1400,0.0,0.0
2022-12-16 11:00:00+09:00,997.0,997.0,997.0,997.0,0,0.0,0.0
2022-12-16 12:00:00+09:00,997.0,997.0,997.0,997.0,5400,0.0,0.0
2022-12-16 13:00:00+09:00,992.0,992.0,990.0,990.0,300,0.0,0.0
2022-12-16 14:00:00+09:00,989.0,990.0,989.0,990.0,300,0.0,0.0
2022-12-19 09:00:00+09:00,991.0,998.0,991.0,998.0,1000,0.0,0.0
2022-12-19 10:00:00+09:00,1000.0,1003.0,1000.0,1003.0,1600,0.0,0.0
2022-12-19 11:00:00+09:00,1003.0,1003.0,1003.0,1003.0,0,0.0,0.0
2022-12-19 12:00:00+09:00,1000.0,1000.0,1000.0,1000.0,2700,0.0,0.0
2022-12-19 13:00:00+09:00,995.0,995.0,994.0,994.0,200,0.0,0.0
2022-12-19 14:00:00+09:00,995.0,995.0,995.0,995.0,100,0.0,0.0
2022-12-20 09:00:00+09:00,991.0,998.0,991.0,998.0,1000,0.0,0.0
2022-12-20 10:00:00+09:00,998.0,999.0,997.0,999.0,0,0.0,0.0
2022-12-20 11:00:00+09:00,999.0,1000.0,999.0,1000.0,0,0.0,0.0
2022-12-20 12:00:00+09:00,990.0,991.0,990.0,991.0,4000,0.0,0.0
2022-12-20 13:00:00+09:00,991.0,991.0,970.0,980.0,4900,0.0,0.0
2022-12-20 14:00:00+09:00,978.0,978.0,965.0,965.0,2200,0.0,0.0
2022-12-21 09:00:00+09:00,971.0,971.0,962.0,962.0,1000,0.0,0.0
2022-12-21 10:00:00+09:00,962.0,977.0,961.0,977.0,1000,0.0,0.0
2022-12-21 11:00:00+09:00,970.0,970.0,970.0,970.0,0,0.0,0.0
2022-12-21 12:00:00+09:00,970.0,970.0,961.0,961.0,2800,0.0,0.0
2022-12-21 13:00:00+09:00,961.0,961.0,953.0,953.0,1900,0.0,0.0
2022-12-21 14:00:00+09:00,951.0,954.0,951.0,953.0,1000,0.0,0.0
2022-12-22 09:00:00+09:00,955.0,970.0,940.0,948.0,11500,0.0,0.0
2022-12-22 11:00:00+09:00,962.0,962.0,948.0,948.0,0,0.0,0.0
2022-12-22 12:00:00+09:00,966.0,966.0,966.0,966.0,11900,0.0,0.0
2022-12-22 13:00:00+09:00,951.0,951.0,951.0,951.0,100,0.0,0.0
2022-12-22 14:00:00+09:00,963.0,963.0,963.0,963.0,100,0.0,0.0
2022-12-23 09:00:00+09:00,960.0,960.0,951.0,951.0,600,0.0,0.0
2022-12-23 10:00:00+09:00,951.0,951.0,940.0,940.0,900,0.0,0.0
2022-12-23 11:00:00+09:00,941.0,941.0,940.0,940.0,0,0.0,0.0
2022-12-23 12:00:00+09:00,942.0,943.0,940.0,943.0,2800,0.0,0.0
2022-12-23 13:00:00+09:00,945.0,947.0,945.0,945.0,800,0.0,0.0
2022-12-23 14:00:00+09:00,945.0,945.0,940.0,940.0,1200,0.0,0.0
2022-12-26 09:00:00+09:00,940.0,943.0,937.0,943.0,600,0.0,0.0
2022-12-26 10:00:00+09:00,942.0,942.0,942.0,942.0,500,0.0,0.0
2022-12-26 11:00:00+09:00,940.0,940.0,940.0,940.0,0,0.0,0.0
2022-12-26 12:00:00+09:00,942.0,942.0,942.0,942.0,1300,0.0,0.0
2022-12-26 13:00:00+09:00,943.0,944.0,943.0,943.0,800,0.0,0.0
2022-12-26 14:00:00+09:00,945.0,945.0,944.0,944.0,300,0.0,0.0
2022-12-27 09:00:00+09:00,949.0,959.0,949.0,950.0,2600,0.0,0.0
2022-12-27 10:00:00+09:00,950.0,958.0,950.0,958.0,1700,0.0,0.0
2022-12-27 11:00:00+09:00,951.0,951.0,950.0,951.0,0,0.0,0.0
2022-12-27 12:00:00+09:00,953.0,953.0,950.0,950.0,5200,0.0,0.0
2022-12-27 13:00:00+09:00,948.0,948.0,947.0,947.0,500,0.0,0.0
2022-12-27 14:00:00+09:00,948.0,949.0,948.0,949.0,200,0.0,0.0
2022-12-28 09:00:00+09:00,941.0,941.0,930.0,930.0,8100,0.0,0.0
2022-12-28 10:00:00+09:00,933.0,933.0,926.0,933.0,1800,0.0,0.0
2022-12-28 11:00:00+09:00,933.0,934.0,933.0,934.0,0,0.0,0.0
2022-12-28 12:00:00+09:00,936.0,941.0,935.0,935.0,12100,0.0,0.0
2022-12-28 13:00:00+09:00,935.0,945.0,932.0,935.0,3300,0.0,0.0
2022-12-28 14:00:00+09:00,935.0,942.0,927.0,942.0,7100,0.0,0.0
2022-12-29 09:00:00+09:00,943.0,943.0,914.0,929.0,7500,0.0,0.0
2022-12-29 10:00:00+09:00,930.0,944.0,929.0,944.0,1200,0.0,0.0
2022-12-29 11:00:00+09:00,945.0,945.0,945.0,945.0,0,0.0,0.0
2022-12-29 12:00:00+09:00,945.0,945.0,945.0,945.0,8900,0.0,0.0
2022-12-29 13:00:00+09:00,947.0,947.0,942.0,942.0,300,0.0,0.0
2022-12-29 14:00:00+09:00,943.0,949.0,943.0,949.0,1300,0.0,0.0
2022-12-30 09:00:00+09:00,978.0,980.0,975.0,979.0,4000,0.0,0.0
2022-12-30 10:00:00+09:00,979.0,980.0,976.0,976.0,1600,0.0,0.0
2022-12-30 11:00:00+09:00,976.0,976.0,976.0,976.0,0,0.0,0.0
2022-12-30 13:00:00+09:00,975.0,975.0,974.0,974.0,5800,0.0,0.0
2022-12-30 14:00:00+09:00,975.0,975.0,972.0,972.0,900,0.0,0.0
2023-01-04 09:00:00+09:00,972.0,975.0,968.0,975.0,700,0.0,0.0
2023-01-04 11:00:00+09:00,975.0,975.0,975.0,975.0,0,0.0,0.0
2023-01-04 12:00:00+09:00,971.0,971.0,957.0,957.0,1400,0.0,0.0
2023-01-04 13:00:00+09:00,958.0,970.0,958.0,958.0,700,0.0,0.0
2023-01-04 14:00:00+09:00,958.0,969.0,957.0,969.0,500,0.0,0.0
2023-01-05 09:00:00+09:00,945.0,952.0,939.0,948.0,5000,0.0,0.0
2023-01-05 10:00:00+09:00,958.0,959.0,958.0,959.0,200,0.0,0.0
2023-01-05 11:00:00+09:00,954.0,954.0,954.0,954.0,0,0.0,0.0
2023-01-05 12:00:00+09:00,947.0,947.0,936.0,945.0,47400,0.0,0.0
2023-01-05 13:00:00+09:00,947.0,948.0,946.0,946.0,1000,0.0,0.0
2023-01-05 14:00:00+09:00,950.0,950.0,946.0,947.0,700,0.0,0.0
2023-01-06 09:00:00+09:00,947.0,955.0,947.0,955.0,900,0.0,0.0
2023-01-06 10:00:00+09:00,947.0,953.0,946.0,953.0,300,0.0,0.0
2023-01-06 11:00:00+09:00,953.0,953.0,953.0,953.0,0,0.0,0.0
2023-01-06 12:00:00+09:00,945.0,947.0,945.0,947.0,4900,0.0,0.0
2023-01-06 13:00:00+09:00,947.0,952.0,947.0,952.0,400,0.0,0.0
2023-01-06 14:00:00+09:00,953.0,953.0,953.0,953.0,200,0.0,0.0
2023-01-10 09:00:00+09:00,961.0,961.0,959.0,959.0,1000,0.0,0.0
2023-01-10 10:00:00+09:00,960.0,960.0,955.0,955.0,900,0.0,0.0
2023-01-10 11:00:00+09:00,955.0,955.0,955.0,955.0,0,0.0,0.0
2023-01-10 13:00:00+09:00,957.0,960.0,957.0,960.0,3200,0.0,0.0
2023-01-10 14:00:00+09:00,959.0,959.0,953.0,953.0,1300,0.0,0.0
2023-01-11 09:00:00+09:00,964.0,964.0,958.0,958.0,400,0.0,0.0
2023-01-11 10:00:00+09:00,957.0,960.0,957.0,960.0,200,0.0,0.0
2023-01-11 11:00:00+09:00,961.0,968.0,961.0,968.0,0,0.0,0.0
2023-01-11 12:00:00+09:00,968.0,972.0,968.0,970.0,28000,0.0,0.0
2023-01-11 13:00:00+09:00,971.0,973.0,971.0,973.0,11500,0.0,0.0
2023-01-11 14:00:00+09:00,972.0,973.0,972.0,972.0,700,0.0,0.0
2023-01-12 09:00:00+09:00,980.0,980.0,973.0,973.0,2600,0.0,0.0
2023-01-12 10:00:00+09:00,972.0,972.0,972.0,972.0,100,0.0,0.0
2023-01-12 11:00:00+09:00,975.0,994.0,975.0,994.0,0,0.0,0.0
2023-01-12 12:00:00+09:00,994.0,1011.0,993.0,1000.0,24000,0.0,0.0
2023-01-12 13:00:00+09:00,991.0,991.0,990.0,990.0,500,0.0,0.0
2023-01-13 09:00:00+09:00,1005.0,1005.0,993.0,994.0,700,0.0,0.0
2023-01-13 10:00:00+09:00,995.0,995.0,995.0,995.0,100,0.0,0.0
2023-01-13 11:00:00+09:00,995.0,995.0,995.0,995.0,0,0.0,0.0
2023-01-13 13:00:00+09:00,980.0,1004.0,980.0,1002.0,5500,0.0,0.0
2023-01-13 14:00:00+09:00,1002.0,1003.0,1002.0,1003.0,400,0.0,0.0
2023-01-16 09:00:00+09:00,993.0,1010.0,990.0,990.0,1300,0.0,0.0
2023-01-16 10:00:00+09:00,999.0,999.0,996.0,996.0,200,0.0,0.0
2023-01-16 11:00:00+09:00,996.0,996.0,996.0,996.0,0,0.0,0.0
2023-01-16 12:00:00+09:00,996.0,999.0,994.0,999.0,2100,0.0,0.0
2023-01-16 13:00:00+09:00,994.0,999.0,994.0,999.0,400,0.0,0.0
2023-01-16 14:00:00+09:00,995.0,1000.0,995.0,1000.0,700,0.0,0.0
2023-01-17 09:00:00+09:00,985.0,999.0,985.0,996.0,1600,0.0,0.0
2023-01-17 11:00:00+09:00,996.0,996.0,996.0,996.0,0,0.0,0.0
2023-01-17 12:00:00+09:00,999.0,1001.0,999.0,1001.0,3500,0.0,0.0
2023-01-17 13:00:00+09:00,1000.0,1004.0,1000.0,1004.0,500,0.0,0.0
2023-01-17 14:00:00+09:00,1003.0,1005.0,1003.0,1005.0,600,0.0,0.0
2023-01-18 09:00:00+09:00,1000.0,1000.0,1000.0,1000.0,100,0.0,0.0
2023-01-18 11:00:00+09:00,1000.0,1000.0,1000.0,1000.0,0,0.0,0.0
2023-01-18 12:00:00+09:00,1000.0,1008.0,1000.0,1008.0,1200,0.0,0.0
2023-01-18 13:00:00+09:00,1005.0,1007.0,1004.0,1005.0,1000,0.0,0.0
2023-01-18 14:00:00+09:00,1005.0,1005.0,1005.0,1005.0,100,0.0,0.0
2023-01-19 09:00:00+09:00,996.0,1004.0,996.0,1004.0,1300,0.0,0.0
2023-01-19 11:00:00+09:00,1003.0,1003.0,1003.0,1003.0,0,0.0,0.0
2023-01-19 14:00:00+09:00,1000.0,1000.0,998.0,998.0,1600,0.0,0.0
2023-01-20 09:00:00+09:00,996.0,999.0,996.0,998.0,500,0.0,0.0
2023-01-20 10:00:00+09:00,998.0,998.0,998.0,998.0,100,0.0,0.0
2023-01-20 11:00:00+09:00,998.0,998.0,998.0,998.0,0,0.0,0.0
2023-01-20 13:00:00+09:00,999.0,1002.0,999.0,1002.0,1100,0.0,0.0
2023-01-20 14:00:00+09:00,1002.0,1002.0,1002.0,1002.0,100,0.0,0.0
2023-01-23 09:00:00+09:00,1003.0,1005.0,1000.0,1005.0,300,0.0,0.0
2023-01-23 11:00:00+09:00,1005.0,1005.0,1005.0,1005.0,0,0.0,0.0
2023-01-23 12:00:00+09:00,996.0,999.0,996.0,999.0,2700,0.0,0.0
2023-01-23 13:00:00+09:00,1002.0,1003.0,999.0,1003.0,1600,0.0,0.0
2023-01-23 14:00:00+09:00,999.0,1001.0,999.0,1001.0,200,0.0,0.0
2023-01-24 09:00:00+09:00,1001.0,1005.0,1001.0,1005.0,1600,0.0,0.0
2023-01-24 10:00:00+09:00,1004.0,1004.0,1000.0,1004.0,1000,0.0,0.0
2023-01-24 11:00:00+09:00,1004.0,1004.0,1004.0,1004.0,0,0.0,0.0
2023-01-24 12:00:00+09:00,1004.0,1005.0,1003.0,1005.0,3300,0.0,0.0
2023-01-24 13:00:00+09:00,1003.0,1004.0,1001.0,1004.0,300,0.0,0.0
2023-01-24 14:00:00+09:00,1005.0,1005.0,1004.0,1004.0,200,0.0,0.0
2023-01-25 09:00:00+09:00,1001.0,1001.0,1000.0,1000.0,1200,0.0,0.0
2023-01-25 10:00:00+09:00,1001.0,1002.0,1001.0,1002.0,400,0.0,0.0
2023-01-25 11:00:00+09:00,1002.0,1004.0,1002.0,1002.0,0,0.0,0.0
2023-01-25 12:00:00+09:00,1002.0,1002.0,1002.0,1002.0,2200,0.0,0.0
2023-01-25 13:00:00+09:00,1001.0,1001.0,1001.0,1001.0,200,0.0,0.0
2023-01-25 14:00:00+09:00,1001.0,1001.0,1000.0,1000.0,300,0.0,0.0
2023-01-26 09:00:00+09:00,999.0,1003.0,995.0,995.0,1000,0.0,0.0
2023-01-26 10:00:00+09:00,996.0,996.0,990.0,994.0,2300,0.0,0.0
2023-01-26 11:00:00+09:00,994.0,994.0,994.0,994.0,0,0.0,0.0
2023-01-26 12:00:00+09:00,995.0,996.0,995.0,996.0,3700,0.0,0.0
2023-01-26 13:00:00+09:00,998.0,1001.0,990.0,995.0,2000,0.0,0.0
2023-01-26 14:00:00+09:00,996.0,996.0,996.0,996.0,200,0.0,0.0
2023-01-27 09:00:00+09:00,999.0,999.0,999.0,999.0,500,0.0,0.0
2023-01-27 11:00:00+09:00,999.0,999.0,999.0,999.0,0,0.0,0.0
2023-01-27 12:00:00+09:00,994.0,997.0,990.0,990.0,1700,0.0,0.0
2023-01-27 13:00:00+09:00,993.0,993.0,992.0,992.0,300,0.0,0.0
2023-01-30 09:00:00+09:00,998.0,998.0,991.0,998.0,1100,0.0,0.0
2023-01-30 10:00:00+09:00,994.0,994.0,990.0,990.0,1000,0.0,0.0
2023-01-30 11:00:00+09:00,990.0,990.0,990.0,990.0,0,0.0,0.0
2023-01-30 12:00:00+09:00,995.0,995.0,993.0,994.0,2500,0.0,0.0
2023-01-30 13:00:00+09:00,990.0,994.0,990.0,994.0,200,0.0,0.0
2023-01-30 14:00:00+09:00,995.0,996.0,995.0,996.0,1200,0.0,0.0
2023-01-31 09:00:00+09:00,996.0,996.0,987.0,994.0,2400,0.0,0.0
2023-01-31 10:00:00+09:00,994.0,994.0,994.0,994.0,100,0.0,0.0
2023-01-31 11:00:00+09:00,994.0,994.0,994.0,994.0,0,0.0,0.0
2023-01-31 13:00:00+09:00,987.0,992.0,987.0,992.0,3300,0.0,0.0
2023-01-31 14:00:00+09:00,990.0,990.0,985.0,989.0,1500,0.0,0.0
2023-02-01 09:00:00+09:00,991.0,993.0,990.0,990.0,1700,0.0,0.0
2023-02-01 11:00:00+09:00,990.0,990.0,990.0,990.0,0,0.0,0.0
2023-02-01 12:00:00+09:00,991.0,992.0,989.0,992.0,2500,0.0,0.0
2023-02-01 13:00:00+09:00,988.0,990.0,988.0,990.0,700,0.0,0.0
2023-02-01 14:00:00+09:00,991.0,991.0,991.0,991.0,100,0.0,0.0
2023-02-02 09:00:00+09:00,989.0,1005.0,989.0,1005.0,3400,0.0,0.0
2023-02-02 10:00:00+09:00,1004.0,1005.0,982.0,998.0,3600,0.0,0.0
2023-02-02 11:00:00+09:00,1003.0,1003.0,993.0,993.0,0,0.0,0.0
2023-02-02 12:00:00+09:00,990.0,995.0,990.0,995.0,9200,0.0,0.0
2023-02-02 13:00:00+09:00,995.0,995.0,995.0,995.0,100,0.0,0.0
2023-02-02 14:00:00+09:00,995.0,996.0,995.0,996.0,300,0.0,0.0
2023-02-03 09:00:00+09:00,997.0,999.0,996.0,999.0,1000,0.0,0.0
2023-02-03 10:00:00+09:00,998.0,998.0,997.0,997.0,200,0.0,0.0
2023-02-03 11:00:00+09:00,997.0,997.0,997.0,997.0,0,0.0,0.0
2023-02-03 12:00:00+09:00,997.0,997.0,996.0,996.0,2100,0.0,0.0
2023-02-03 13:00:00+09:00,998.0,998.0,996.0,996.0,400,0.0,0.0
2023-02-03 14:00:00+09:00,996.0,999.0,995.0,999.0,1200,0.0,0.0
2023-02-06 09:00:00+09:00,1002.0,1002.0,998.0,998.0,5900,0.0,0.0
2023-02-06 10:00:00+09:00,997.0,998.0,994.0,995.0,2100,0.0,0.0
2023-02-06 11:00:00+09:00,995.0,995.0,995.0,995.0,0,0.0,0.0
2023-02-06 12:00:00+09:00,994.0,994.0,989.0,989.0,9500,0.0,0.0
2023-02-06 13:00:00+09:00,992.0,1006.0,992.0,996.0,2000,0.0,0.0
2023-02-06 14:00:00+09:00,998.0,999.0,993.0,994.0,2300,0.0,0.0
2023-02-07 09:00:00+09:00,999.0,999.0,991.0,992.0,5200,0.0,0.0
2023-02-07 10:00:00+09:00,991.0,997.0,990.0,991.0,13500,0.0,0.0
2023-02-07 11:00:00+09:00,990.0,990.0,990.0,990.0,0,0.0,0.0
2023-02-07 12:00:00+09:00,990.0,990.0,990.0,990.0,20800,0.0,0.0
2023-02-07 13:00:00+09:00,989.0,989.0,985.0,989.0,6800,0.0,0.0
2023-02-07 14:00:00+09:00,989.0,997.0,989.0,992.0,6300,0.0,0.0
2023-02-08 09:00:00+09:00,1001.0,1002.0,995.0,1001.0,3400,0.0,0.0
2023-02-08 10:00:00+09:00,1001.0,1011.0,1001.0,1010.0,1900,0.0,0.0
2023-02-08 11:00:00+09:00,1010.0,1010.0,1008.0,1010.0,0,0.0,0.0
2023-02-08 12:00:00+09:00,1010.0,1010.0,999.0,999.0,8600,0.0,0.0
2023-02-08 13:00:00+09:00,999.0,999.0,997.0,997.0,1400,0.0,0.0
2023-02-08 14:00:00+09:00,997.0,1006.0,996.0,999.0,3000,0.0,0.0
2023-02-09 09:00:00+09:00,969.0,980.0,958.0,958.0,0,0.0,0.0
2023-02-09 10:00:00+09:00,961.0,973.0,960.0,970.0,29400,0.0,0.0
2023-02-09 11:00:00+09:00,967.0,967.0,963.0,963.0,0,0.0,0.0
2023-02-09 12:00:00+09:00,963.0,965.0,963.0,965.0,31900,0.0,0.0
2023-02-09 13:00:00+09:00,964.0,969.0,960.0,969.0,6400,0.0,0.0
2023-02-09 14:00:00+09:00,969.0,969.0,966.0,967.0,700,0.0,0.0
2023-02-10 09:00:00+09:00,976.0,976.0,965.0,965.0,13900,0.0,0.0
2023-02-10 10:00:00+09:00,966.0,967.0,966.0,966.0,1300,0.0,0.0
2023-02-10 11:00:00+09:00,968.0,969.0,968.0,969.0,0,0.0,0.0
2023-02-10 12:00:00+09:00,970.0,970.0,968.0,968.0,16300,0.0,0.0
2023-02-10 13:00:00+09:00,968.0,968.0,961.0,961.0,2100,0.0,0.0
2023-02-10 14:00:00+09:00,964.0,965.0,962.0,962.0,800,0.0,0.0
2023-02-13 09:00:00+09:00,968.0,968.0,968.0,968.0,1300,0.0,0.0
2023-02-13 11:00:00+09:00,966.0,966.0,966.0,966.0,0,0.0,0.0
2023-02-13 12:00:00+09:00,965.0,966.0,965.0,966.0,1700,0.0,0.0
2023-02-13 13:00:00+09:00,965.0,966.0,965.0,966.0,500,0.0,0.0
2023-02-13 14:00:00+09:00,966.0,966.0,966.0,966.0,500,0.0,0.0
2023-02-14 09:00:00+09:00,967.0,967.0,967.0,967.0,200,0.0,0.0
2023-02-14 10:00:00+09:00,968.0,968.0,966.0,966.0,400,0.0,0.0
2023-02-14 11:00:00+09:00,967.0,967.0,967.0,967.0,0,0.0,0.0
2023-02-14 12:00:00+09:00,964.0,966.0,964.0,966.0,3100,0.0,0.0
2023-02-14 13:00:00+09:00,966.0,968.0,966.0,968.0,1200,0.0,0.0
2023-02-15 09:00:00+09:00,969.0,969.0,962.0,965.0,3700,0.0,0.0
2023-02-15 11:00:00+09:00,965.0,965.0,965.0,965.0,0,0.0,0.0
2023-02-15 12:00:00+09:00,965.0,965.0,963.0,963.0,14200,0.0,0.0
2023-02-15 13:00:00+09:00,963.0,963.0,963.0,963.0,100,0.0,0.0
2023-02-15 14:00:00+09:00,963.0,964.0,962.0,964.0,500,0.0,0.0
2023-02-16 09:00:00+09:00,964.0,969.0,964.0,969.0,300,0.0,0.0
2023-02-16 10:00:00+09:00,970.0,970.0,970.0,970.0,100,0.0,0.0
2023-02-16 11:00:00+09:00,970.0,970.0,970.0,970.0,0,0.0,0.0
2023-02-16 13:00:00+09:00,966.0,966.0,964.0,964.0,1800,0.0,0.0
2023-02-17 09:00:00+09:00,961.0,968.0,961.0,968.0,600,0.0,0.0
2023-02-17 10:00:00+09:00,964.0,964.0,964.0,964.0,100,0.0,0.0
2023-02-17 11:00:00+09:00,962.0,962.0,962.0,962.0,0,0.0,0.0
2023-02-17 12:00:00+09:00,962.0,962.0,962.0,962.0,0,0.0,0.0
2023-02-17 13:00:00+09:00,964.0,964.0,964.0,964.0,1000,0.0,0.0
2023-02-17 14:00:00+09:00,961.0,961.0,958.0,958.0,3700,0.0,0.0
2023-02-20 09:00:00+09:00,960.0,960.0,960.0,960.0,500,0.0,0.0
2023-02-20 10:00:00+09:00,963.0,963.0,963.0,963.0,100,0.0,0.0
2023-02-20 11:00:00+09:00,963.0,963.0,963.0,963.0,0,0.0,0.0
2023-02-20 13:00:00+09:00,965.0,965.0,965.0,965.0,800,0.0,0.0
2023-02-20 14:00:00+09:00,963.0,963.0,963.0,963.0,200,0.0,0.0
2023-02-21 09:00:00+09:00,965.0,967.0,965.0,967.0,1000,0.0,0.0
2023-02-21 10:00:00+09:00,967.0,968.0,967.0,968.0,1200,0.0,0.0
2023-02-21 11:00:00+09:00,969.0,970.0,969.0,970.0,0,0.0,0.0
2023-02-21 12:00:00+09:00,970.0,970.0,970.0,970.0,0,0.0,0.0
2023-02-21 13:00:00+09:00,971.0,973.0,971.0,973.0,4200,0.0,0.0
2023-02-21 14:00:00+09:00,970.0,976.0,970.0,974.0,1700,0.0,0.0
2023-02-22 09:00:00+09:00,974.0,974.0,965.0,965.0,600,0.0,0.0
2023-02-22 10:00:00+09:00,969.0,969.0,965.0,965.0,1600,0.0,0.0
2023-02-22 11:00:00+09:00,965.0,965.0,965.0,965.0,0,0.0,0.0
2023-02-22 13:00:00+09:00,970.0,970.0,970.0,970.0,4300,0.0,0.0
2023-02-22 14:00:00+09:00,971.0,973.0,965.0,971.0,4000,0.0,0.0
2023-02-24 09:00:00+09:00,976.0,979.0,972.0,979.0,1900,0.0,0.0
2023-02-24 10:00:00+09:00,977.0,979.0,977.0,979.0,2400,0.0,0.0
2023-02-24 11:00:00+09:00,979.0,979.0,978.0,978.0,0,0.0,0.0
2023-02-24 12:00:00+09:00,979.0,979.0,979.0,979.0,4900,0.0,0.0
2023-02-24 13:00:00+09:00,977.0,977.0,977.0,977.0,100,0.0,0.0
2023-02-27 09:00:00+09:00,984.0,984.0,981.0,984.0,400,0.0,0.0
2023-02-27 11:00:00+09:00,984.0,984.0,984.0,984.0,0,0.0,0.0
2023-02-27 13:00:00+09:00,982.0,982.0,982.0,982.0,600,0.0,0.0
2023-02-27 14:00:00+09:00,981.0,981.0,981.0,981.0,100,0.0,0.0
2023-02-28 09:00:00+09:00,990.0,990.0,988.0,989.0,2300,0.0,0.0
2023-02-28 10:00:00+09:00,988.0,988.0,986.0,986.0,200,0.0,0.0
2023-02-28 11:00:00+09:00,988.0,990.0,988.0,990.0,0,0.0,0.0
2023-02-28 12:00:00+09:00,992.0,995.0,990.0,995.0,9400,0.0,0.0
2023-02-28 14:00:00+09:00,993.0,993.0,993.0,993.0,100,0.0,0.0
2023-03-01 09:00:00+09:00,997.0,997.0,975.0,995.0,3800,0.0,0.0
2023-03-01 10:00:00+09:00,988.0,988.0,988.0,988.0,100,0.0,0.0
2023-03-01 11:00:00+09:00,990.0,993.0,990.0,993.0,0,0.0,0.0
2023-03-01 14:00:00+09:00,992.0,992.0,992.0,992.0,4600,0.0,0.0
2023-03-02 09:00:00+09:00,990.0,990.0,985.0,990.0,1800,0.0,0.0
2023-03-02 10:00:00+09:00,989.0,994.0,989.0,993.0,1900,0.0,0.0
2023-03-02 11:00:00+09:00,993.0,993.0,993.0,993.0,0,0.0,0.0
2023-03-02 13:00:00+09:00,984.0,984.0,984.0,984.0,4700,0.0,0.0
2023-03-02 14:00:00+09:00,989.0,989.0,987.0,987.0,300,0.0,0.0
2023-03-03 09:00:00+09:00,990.0,990.0,990.0,990.0,200,0.0,0.0
2023-03-03 10:00:00+09:00,988.0,988.0,987.0,987.0,600,0.0,0.0
2023-03-03 11:00:00+09:00,987.0,987.0,987.0,987.0,0,0.0,0.0
2023-03-03 13:00:00+09:00,992.0,992.0,992.0,992.0,1500,0.0,0.0
2023-03-03 14:00:00+09:00,993.0,993.0,993.0,993.0,500,0.0,0.0
2023-03-06 09:00:00+09:00,991.0,993.0,991.0,991.0,1300,0.0,0.0
2023-03-06 10:00:00+09:00,993.0,993.0,993.0,993.0,0,0.0,0.0
2023-03-06 11:00:00+09:00,991.0,991.0,990.0,990.0,0,0.0,0.0
2023-03-06 12:00:00+09:00,992.0,992.0,992.0,992.0,2800,0.0,0.0
2023-03-06 13:00:00+09:00,995.0,995.0,995.0,995.0,0,0.0,0.0
2023-03-07 09:00:00+09:00,990.0,992.0,990.0,992.0,1200,0.0,0.0
2023-03-07 10:00:00+09:00,991.0,991.0,990.0,990.0,1000,0.0,0.0
2023-03-07 11:00:00+09:00,990.0,990.0,990.0,990.0,0,0.0,0.0
2023-03-07 12:00:00+09:00,994.0,994.0,990.0,990.0,2800,0.0,0.0
2023-03-07 14:00:00+09:00,992.0,998.0,990.0,990.0,1500,0.0,0.0
2023-03-08 09:00:00+09:00,990.0,990.0,988.0,988.0,200,0.0,0.0
2023-03-08 10:00:00+09:00,991.0,991.0,989.0,990.0,700,0.0,0.0
2023-03-08 11:00:00+09:00,991.0,991.0,991.0,991.0,0,0.0,0.0
2023-03-08 12:00:00+09:00,989.0,992.0,988.0,992.0,7200,0.0,0.0
2023-03-08 13:00:00+09:00,992.0,992.0,992.0,992.0,200,0.0,0.0
2023-03-08 14:00:00+09:00,990.0,990.0,990.0,990.0,100,0.0,0.0
2023-03-09 09:00:00+09:00,998.0,998.0,996.0,996.0,5600,0.0,0.0
2023-03-09 10:00:00+09:00,994.0,994.0,994.0,994.0,100,0.0,0.0
2023-03-09 11:00:00+09:00,994.0,994.0,994.0,994.0,0,0.0,0.0
2023-03-09 12:00:00+09:00,996.0,996.0,996.0,996.0,6000,0.0,0.0
2023-03-09 13:00:00+09:00,996.0,996.0,996.0,996.0,300,0.0,0.0
2023-03-09 14:00:00+09:00,996.0,996.0,996.0,996.0,2100,0.0,0.0
2023-03-10 09:00:00+09:00,996.0,996.0,994.0,994.0,500,0.0,0.0
2023-03-10 10:00:00+09:00,995.0,995.0,990.0,991.0,900,0.0,0.0
2023-03-10 11:00:00+09:00,991.0,991.0,991.0,991.0,0,0.0,0.0
2023-03-10 12:00:00+09:00,993.0,995.0,993.0,995.0,1600,0.0,0.0
2023-03-10 13:00:00+09:00,993.0,993.0,981.0,989.0,2000,0.0,0.0
2023-03-10 14:00:00+09:00,990.0,991.0,990.0,991.0,200,0.0,0.0
2023-03-13 09:00:00+09:00,982.0,983.0,978.0,978.0,3800,0.0,0.0
2023-03-13 10:00:00+09:00,975.0,975.0,965.0,965.0,2300,0.0,0.0
2023-03-13 11:00:00+09:00,965.0,965.0,965.0,965.0,0,0.0,0.0
2023-03-13 12:00:00+09:00,970.0,970.0,970.0,970.0,6200,0.0,0.0
2023-03-13 13:00:00+09:00,975.0,981.0,975.0,981.0,300,0.0,0.0
2023-03-14 09:00:00+09:00,978.0,979.0,971.0,971.0,900,0.0,0.0
2023-03-14 11:00:00+09:00,970.0,970.0,970.0,970.0,0,0.0,0.0
2023-03-14 12:00:00+09:00,971.0,971.0,971.0,971.0,1200,0.0,0.0
2023-03-14 13:00:00+09:00,970.0,984.0,970.0,984.0,1200,0.0,0.0
2023-03-14 14:00:00+09:00,980.0,980.0,968.0,968.0,800,0.0,0.0
2023-03-15 09:00:00+09:00,981.0,985.0,981.0,985.0,300,0.0,0.0
2023-03-15 10:00:00+09:00,980.0,980.0,980.0,980.0,0,0.0,0.0
2023-03-15 11:00:00+09:00,982.0,982.0,982.0,982.0,0,0.0,0.0
2023-03-15 12:00:00+09:00,978.0,978.0,978.0,978.0,800,0.0,0.0
2023-03-15 13:00:00+09:00,981.0,983.0,981.0,983.0,200,0.0,0.0
2023-03-15 14:00:00+09:00,983.0,983.0,983.0,983.0,100,0.0,0.0
2023-03-16 09:00:00+09:00,975.0,975.0,972.0,972.0,500,0.0,0.0
2023-03-16 10:00:00+09:00,965.0,971.0,963.0,971.0,1300,0.0,0.0
2023-03-16 11:00:00+09:00,971.0,971.0,971.0,971.0,0,0.0,0.0
2023-03-16 13:00:00+09:00,973.0,975.0,970.0,970.0,2300,0.0,0.0
2023-03-17 09:00:00+09:00,969.0,970.0,969.0,970.0,300,0.0,0.0
2023-03-17 11:00:00+09:00,973.0,973.0,973.0,973.0,0,0.0,0.0
2023-03-17 12:00:00+09:00,972.0,972.0,972.0,972.0,500,0.0,0.0
2023-03-17 13:00:00+09:00,974.0,980.0,974.0,980.0,600,0.0,0.0
2023-03-17 14:00:00+09:00,975.0,975.0,975.0,975.0,100,0.0,0.0
2023-03-20 09:00:00+09:00,975.0,980.0,974.0,980.0,1000,0.0,0.0
2023-03-20 10:00:00+09:00,985.0,985.0,966.0,967.0,6600,0.0,0.0
2023-03-20 11:00:00+09:00,967.0,967.0,967.0,967.0,0,0.0,0.0
2023-03-20 12:00:00+09:00,969.0,969.0,969.0,969.0,7700,0.0,0.0
2023-03-20 13:00:00+09:00,969.0,970.0,955.0,958.0,5200,0.0,0.0
2023-03-20 14:00:00+09:00,964.0,964.0,964.0,964.0,100,0.0,0.0
2023-03-22 09:00:00+09:00,969.0,985.0,969.0,974.0,1600,0.0,0.0
2023-03-22 11:00:00+09:00,974.0,974.0,974.0,974.0,0,0.0,0.0
2023-03-22 12:00:00+09:00,977.0,977.0,974.0,974.0,2300,0.0,0.0
2023-03-22 13:00:00+09:00,973.0,975.0,973.0,975.0,2000,0.0,0.0
2023-03-22 14:00:00+09:00,976.0,976.0,976.0,976.0,200,0.0,0.0
2023-03-23 09:00:00+09:00,969.0,969.0,968.0,968.0,800,0.0,0.0
2023-03-23 10:00:00+09:00,970.0,970.0,970.0,970.0,600,0.0,0.0
2023-03-23 11:00:00+09:00,972.0,973.0,972.0,973.0,0,0.0,0.0
2023-03-23 12:00:00+09:00,974.0,974.0,972.0,973.0,2300,0.0,0.0
2023-03-23 13:00:00+09:00,976.0,976.0,976.0,976.0,100,0.0,0.0
2023-03-23 14:00:00+09:00,976.0,976.0,976.0,976.0,200,0.0,0.0
2023-03-24 09:00:00+09:00,997.0,1050.0,994.0,1039.0,17800,0.0,0.0
2023-03-24 10:00:00+09:00,1035.0,1035.0,1007.0,1023.0,5200,0.0,0.0
2023-03-24 11:00:00+09:00,1024.0,1024.0,1008.0,1008.0,0,0.0,0.0
2023-03-24 12:00:00+09:00,1011.0,1015.0,1011.0,1014.0,0,0.0,0.0
2023-03-24 13:00:00+09:00,1011.0,1011.0,1006.0,1006.0,29700,0.0,0.0
2023-03-24 14:00:00+09:00,1004.0,1010.0,1000.0,1000.0,3500,0.0,0.0
2023-03-27 09:00:00+09:00,1016.0,1016.0,1000.0,1001.0,4500,0.0,0.0
2023-03-27 10:00:00+09:00,1003.0,1012.0,1003.0,1012.0,2500,0.0,0.0
2023-03-27 11:00:00+09:00,1010.0,1012.0,1010.0,1012.0,0,0.0,0.0
2023-03-27 12:00:00+09:00,1008.0,1010.0,1008.0,1010.0,7700,0.0,0.0
2023-03-27 13:00:00+09:00,1009.0,1010.0,1000.0,1000.0,2200,0.0,0.0
2023-03-27 14:00:00+09:00,1005.0,1007.0,1005.0,1005.0,800,0.0,0.0
2023-03-28 09:00:00+09:00,1010.0,1012.0,1002.0,1002.0,5000,0.0,0.0
2023-03-28 10:00:00+09:00,1002.0,1005.0,1002.0,1003.0,800,0.0,0.0
2023-03-28 11:00:00+09:00,1002.0,1002.0,1002.0,1002.0,0,0.0,0.0
2023-03-28 12:00:00+09:00,1000.0,1000.0,1000.0,1000.0,6600,0.0,0.0
2023-03-28 13:00:00+09:00,999.0,999.0,985.0,989.0,6400,0.0,0.0
2023-03-28 14:00:00+09:00,991.0,991.0,989.0,990.0,400,0.0,0.0
2023-03-29 09:00:00+09:00,987.0,999.0,987.0,999.0,2100,0.0,0.0
2023-03-29 10:00:00+09:00,998.0,1000.0,998.0,998.0,1400,0.0,0.0
2023-03-29 11:00:00+09:00,998.0,998.0,998.0,998.0,0,0.0,0.0
2023-03-29 12:00:00+09:00,1000.0,1003.0,1000.0,1003.0,3800,0.0,0.0
2023-03-29 13:00:00+09:00,1004.0,1005.0,1002.0,1002.0,1800,0.0,0.0
2023-03-29 14:00:00+09:00,1003.0,1004.0,1001.0,1004.0,4000,0.0,0.0
2023-03-30 09:00:00+09:00,1000.0,1000.0,997.0,999.0,400,0.0,0.0
2023-03-30 10:00:00+09:00,997.0,998.0,992.0,992.0,900,0.0,0.0
2023-03-30 11:00:00+09:00,995.0,995.0,995.0,995.0,0,0.0,0.0
2023-03-30 12:00:00+09:00,994.0,994.0,990.0,990.0,1700,0.0,0.0
2023-03-30 13:00:00+09:00,990.0,992.0,990.0,992.0,1200,0.0,0.0
2023-03-30 14:00:00+09:00,995.0,1000.0,995.0,1000.0,1900,0.0,0.0
2023-03-31 09:00:00+09:00,1008.0,1009.0,1004.0,1005.0,0,0.0,0.0
2023-03-31 10:00:00+09:00,1006.0,1009.0,1006.0,1009.0,7900,0.0,0.0
2023-03-31 11:00:00+09:00,1009.0,1009.0,1009.0,1009.0,0,0.0,0.0
2023-03-31 12:00:00+09:00,1008.0,1008.0,1007.0,1008.0,9300,0.0,0.0
2023-03-31 13:00:00+09:00,1009.0,1011.0,1009.0,1010.0,1100,0.0,0.0
2023-03-31 14:00:00+09:00,1008.0,1011.0,1005.0,1005.0,3000,0.0,0.0
2023-04-03 09:00:00+09:00,1010.0,1030.0,1010.0,1015.0,2700,0.0,0.0
2023-04-03 10:00:00+09:00,1016.0,1021.0,1016.0,1018.0,800,0.0,0.0
2023-04-03 11:00:00+09:00,1020.0,1020.0,1017.0,1017.0,0,0.0,0.0
2023-04-03 12:00:00+09:00,1018.0,1020.0,1018.0,1020.0,6500,0.0,0.0
2023-04-03 14:00:00+09:00,1018.0,1023.0,1018.0,1020.0,1400,0.0,0.0
2023-04-04 09:00:00+09:00,1020.0,1026.0,1020.0,1022.0,1300,0.0,0.0
2023-04-04 10:00:00+09:00,1022.0,1026.0,1022.0,1026.0,1000,0.0,0.0
2023-04-04 11:00:00+09:00,1024.0,1024.0,1024.0,1024.0,0,0.0,0.0
2023-04-04 12:00:00+09:00,1023.0,1023.0,1023.0,1023.0,2600,0.0,0.0
2023-04-04 13:00:00+09:00,1022.0,1022.0,1011.0,1019.0,2300,0.0,0.0
2023-04-04 14:00:00+09:00,1020.0,1020.0,1020.0,1020.0,300,0.0,0.0
2023-04-05 09:00:00+09:00,1020.0,1020.0,1003.0,1015.0,1300,0.0,0.0
2023-04-05 10:00:00+09:00,1014.0,1019.0,1013.0,1013.0,1200,0.0,0.0
2023-04-05 11:00:00+09:00,1013.0,1013.0,1013.0,1013.0,0,0.0,0.0
2023-04-05 12:00:00+09:00,1013.0,1015.0,1012.0,1015.0,5200,0.0,0.0
2023-04-05 13:00:00+09:00,1016.0,1023.0,1016.0,1023.0,1000,0.0,0.0
2023-04-06 09:00:00+09:00,1024.0,1024.0,1011.0,1011.0,1800,0.0,0.0
2023-04-06 10:00:00+09:00,1011.0,1011.0,1011.0,1011.0,200,0.0,0.0
2023-04-06 11:00:00+09:00,1011.0,1011.0,1011.0,1011.0,0,0.0,0.0
2023-04-06 12:00:00+09:00,1012.0,1012.0,1011.0,1011.0,2300,0.0,0.0
2023-04-06 13:00:00+09:00,1011.0,1011.0,1010.0,1010.0,500,0.0,0.0
2023-04-06 14:00:00+09:00,1010.0,1010.0,989.0,1006.0,11100,0.0,0.0
2023-04-07 09:00:00+09:00,997.0,997.0,986.0,993.0,2700,0.0,0.0
2023-04-07 10:00:00+09:00,997.0,998.0,997.0,998.0,500,0.0,0.0
2023-04-07 11:00:00+09:00,998.0,998.0,998.0,998.0,0,0.0,0.0
2023-04-07 12:00:00+09:00,990.0,996.0,990.0,990.0,7300,0.0,0.0
2023-04-07 14:00:00+09:00,1000.0,1019.0,1000.0,1013.0,4400,0.0,0.0
2023-04-10 09:00:00+09:00,1045.0,1045.0,1021.0,1028.0,6000,0.0,0.0
2023-04-10 10:00:00+09:00,1024.0,1034.0,1022.0,1034.0,1400,0.0,0.0
2023-04-10 11:00:00+09:00,1031.0,1032.0,1029.0,1032.0,0,0.0,0.0
2023-04-10 12:00:00+09:00,1033.0,1033.0,1032.0,1032.0,8200,0.0,0.0
2023-04-10 13:00:00+09:00,1032.0,1032.0,1026.0,1026.0,1500,0.0,0.0
2023-04-10 14:00:00+09:00,1029.0,1034.0,1025.0,1025.0,900,0.0,0.0
2023-04-11 09:00:00+09:00,1019.0,1022.0,1016.0,1022.0,1100,0.0,0.0
2023-04-11 10:00:00+09:00,1020.0,1021.0,1020.0,1021.0,400,0.0,0.0
2023-04-11 11:00:00+09:00,1020.0,1020.0,1020.0,1020.0,0,0.0,0.0
2023-04-11 12:00:00+09:00,1018.0,1024.0,1018.0,1022.0,3500,0.0,0.0
2023-04-11 13:00:00+09:00,1020.0,1025.0,1020.0,1025.0,1100,0.0,0.0
2023-04-11 14:00:00+09:00,1026.0,1026.0,1021.0,1021.0,1200,0.0,0.0
2023-04-12 09:00:00+09:00,1018.0,1021.0,1018.0,1021.0,800,0.0,0.0
2023-04-12 10:00:00+09:00,1021.0,1022.0,1021.0,1022.0,300,0.0,0.0
2023-04-12 11:00:00+09:00,1019.0,1019.0,1019.0,1019.0,0,0.0,0.0
2023-04-12 12:00:00+09:00,1020.0,1020.0,1020.0,1020.0,1500,0.0,0.0
2023-04-12 13:00:00+09:00,1021.0,1024.0,1021.0,1023.0,1100,0.0,0.0
2023-04-12 14:00:00+09:00,1020.0,1025.0,1019.0,1025.0,1900,0.0,0.0
2023-04-13 09:00:00+09:00,1026.0,1030.0,1026.0,1026.0,1200,0.0,0.0
2023-04-13 10:00:00+09:00,1028.0,1028.0,1028.0,1028.0,100,0.0,0.0
2023-04-13 11:00:00+09:00,1027.0,1028.0,1026.0,1028.0,0,0.0,0.0
2023-04-13 12:00:00+09:00,1028.0,1028.0,1018.0,1020.0,2800,0.0,0.0
2023-04-13 13:00:00+09:00,1020.0,1023.0,1018.0,1018.0,1700,0.0,0.0
2023-04-13 14:00:00+09:00,1020.0,1020.0,1020.0,1020.0,100,0.0,0.0
2023-04-14 09:00:00+09:00,1015.0,1015.0,1009.0,1010.0,0,0.0,0.0
2023-04-14 11:00:00+09:00,1010.0,1010.0,1010.0,1010.0,0,0.0,0.0
2023-04-14 12:00:00+09:00,1010.0,1010.0,1010.0,1010.0,1400,0.0,0.0
2023-04-14 13:00:00+09:00,1010.0,1015.0,1001.0,1015.0,0,0.0,0.0
2023-04-14 14:00:00+09:00,1014.0,1020.0,1013.0,1017.0,9200,0.0,0.0
2023-04-17 09:00:00+09:00,1015.0,1015.0,1005.0,1005.0,1900,0.0,0.0
2023-04-17 10:00:00+09:00,1004.0,1005.0,975.0,1005.0,6200,0.0,0.0
2023-04-17 11:00:00+09:00,992.0,992.0,992.0,992.0,0,0.0,0.0
2023-04-17 12:00:00+09:00,992.0,992.0,992.0,992.0,8900,0.0,0.0
2023-04-17 13:00:00+09:00,1002.0,1008.0,1002.0,1008.0,1000,0.0,0.0
2023-04-17 14:00:00+09:00,997.0,1009.0,997.0,1009.0,600,0.0,0.0
2023-04-18 09:00:00+09:00,996.0,1007.0,996.0,1007.0,2600,0.0,0.0
2023-04-18 10:00:00+09:00,1000.0,1000.0,995.0,995.0,1700,0.0,0.0
2023-04-18 11:00:00+09:00,995.0,995.0,995.0,995.0,0,0.0,0.0
2023-04-18 13:00:00+09:00,999.0,999.0,999.0,999.0,4400,0.0,0.0
2023-04-18 14:00:00+09:00,999.0,1031.0,999.0,1001.0,5700,0.0,0.0
2023-04-19 09:00:00+09:00,1020.0,1020.0,1012.0,1014.0,500,0.0,0.0
2023-04-19 10:00:00+09:00,1006.0,1006.0,1006.0,1006.0,500,0.0,0.0
2023-04-19 11:00:00+09:00,1017.0,1018.0,1017.0,1018.0,0,0.0,0.0
2023-04-19 12:00:00+09:00,1025.0,1025.0,1025.0,1025.0,1300,0.0,0.0
2023-04-19 13:00:00+09:00,1010.0,1010.0,1010.0,1010.0,100,0.0,0.0
2023-04-19 14:00:00+09:00,1015.0,1015.0,1010.0,1010.0,400,0.0,0.0
2023-04-20 09:00:00+09:00,1014.0,1015.0,1014.0,1015.0,200,0.0,0.0
2023-04-20 10:00:00+09:00,1004.0,1020.0,1004.0,1020.0,800,0.0,0.0
2023-04-20 11:00:00+09:00,1020.0,1020.0,1020.0,1020.0,0,0.0,0.0
2023-04-20 12:00:00+09:00,1008.0,1008.0,1005.0,1005.0,1600,0.0,0.0
2023-04-20 13:00:00+09:00,1012.0,1020.0,1001.0,1001.0,2200,0.0,0.0
2023-04-20 14:00:00+09:00,1001.0,1015.0,1001.0,1015.0,400,0.0,0.0
2023-04-21 09:00:00+09:00,1017.0,1020.0,1017.0,1017.0,700,0.0,0.0
2023-04-21 10:00:00+09:00,1015.0,1018.0,1012.0,1018.0,800,0.0,0.0
2023-04-21 11:00:00+09:00,1018.0,1018.0,1018.0,1018.0,0,0.0,0.0
2023-04-21 12:00:00+09:00,1019.0,1019.0,1019.0,1019.0,1800,0.0,0.0
2023-04-21 13:00:00+09:00,1019.0,1025.0,1015.0,1015.0,1800,0.0,0.0
2023-04-21 14:00:00+09:00,1015.0,1025.0,1015.0,1025.0,300,0.0,0.0
2023-04-24 09:00:00+09:00,1020.0,1024.0,1014.0,1024.0,1500,0.0,0.0
2023-04-24 11:00:00+09:00,1016.0,1023.0,1016.0,1023.0,0,0.0,0.0
2023-04-24 12:00:00+09:00,1023.0,1023.0,1023.0,1023.0,1800,0.0,0.0
2023-04-24 13:00:00+09:00,1024.0,1025.0,1024.0,1025.0,1800,0.0,0.0
2023-04-24 14:00:00+09:00,1025.0,1025.0,1025.0,1025.0,200,0.0,0.0
2023-04-25 09:00:00+09:00,1016.0,1020.0,1016.0,1017.0,500,0.0,0.0
2023-04-25 10:00:00+09:00,1016.0,1020.0,1011.0,1013.0,1000,0.0,0.0
2023-04-25 11:00:00+09:00,1013.0,1013.0,1013.0,1013.0,0,0.0,0.0
2023-04-25 13:00:00+09:00,1013.0,1013.0,1012.0,1012.0,2300,0.0,0.0
2023-04-25 14:00:00+09:00,1013.0,1013.0,1013.0,1013.0,300,0.0,0.0
2023-04-26 09:00:00+09:00,1012.0,1013.0,1012.0,1013.0,400,0.0,0.0
2023-04-26 10:00:00+09:00,1012.0,1012.0,996.0,996.0,2000,0.0,0.0
2023-04-26 11:00:00+09:00,1005.0,1006.0,1005.0,1006.0,0,0.0,0.0
2023-04-26 13:00:00+09:00,1005.0,1005.0,1003.0,1003.0,3100,0.0,0.0
2023-04-26 14:00:00+09:00,1007.0,1010.0,1007.0,1010.0,300,0.0,0.0
2023-04-27 09:00:00+09:00,1003.0,1003.0,1002.0,1002.0,400,0.0,0.0
2023-04-27 10:00:00+09:00,1003.0,1003.0,1003.0,1003.0,100,0.0,0.0
2023-04-27 11:00:00+09:00,1003.0,1003.0,1003.0,1003.0,0,0.0,0.0
2023-04-27 12:00:00+09:00,1005.0,1005.0,1003.0,1003.0,800,0.0,0.0
2023-04-27 13:00:00+09:00,1004.0,1004.0,1003.0,1003.0,300,0.0,0.0
2023-04-27 14:00:00+09:00,1003.0,1003.0,1003.0,1003.0,100,0.0,0.0
2023-04-28 09:00:00+09:00,1004.0,1007.0,1004.0,1007.0,1000,0.0,0.0
2023-04-28 10:00:00+09:00,1008.0,1011.0,1008.0,1011.0,400,0.0,0.0
2023-04-28 11:00:00+09:00,1011.0,1011.0,1011.0,1011.0,0,0.0,0.0
2023-04-28 12:00:00+09:00,1012.0,1016.0,1012.0,1016.0,3700,0.0,0.0
2023-04-28 13:00:00+09:00,1018.0,1030.0,1018.0,1025.0,9300,0.0,0.0
2023-04-28 14:00:00+09:00,1022.0,1022.0,1021.0,1021.0,200,0.0,0.0
2023-05-01 09:00:00+09:00,1051.0,1060.0,1039.0,1041.0,14900,0.0,0.0
2023-05-01 10:00:00+09:00,1046.0,1046.0,1044.0,1044.0,800,0.0,0.0
2023-05-01 11:00:00+09:00,1040.0,1045.0,1040.0,1045.0,0,0.0,0.0
2023-05-01 12:00:00+09:00,1039.0,1042.0,1039.0,1042.0,19500,0.0,0.0
2023-05-01 13:00:00+09:00,1045.0,1053.0,1043.0,1043.0,11300,0.0,0.0
2023-05-01 14:00:00+09:00,1047.0,1047.0,1045.0,1046.0,1600,0.0,0.0
2023-05-02 09:00:00+09:00,1052.0,1052.0,1041.0,1041.0,3900,0.0,0.0
2023-05-02 10:00:00+09:00,1045.0,1049.0,1045.0,1049.0,600,0.0,0.0
2023-05-02 11:00:00+09:00,1048.0,1056.0,1048.0,1056.0,0,0.0,0.0
2023-05-02 12:00:00+09:00,1052.0,1054.0,1052.0,1054.0,10100,0.0,0.0
2023-05-02 13:00:00+09:00,1054.0,1055.0,1054.0,1054.0,6700,0.0,0.0
2023-05-02 14:00:00+09:00,1054.0,1057.0,1054.0,1057.0,4300,0.0,0.0
2023-05-08 09:00:00+09:00,1067.0,1078.0,1060.0,1071.0,10700,0.0,0.0
2023-05-08 10:00:00+09:00,1074.0,1075.0,1068.0,1068.0,0,0.0,0.0
2023-05-08 11:00:00+09:00,1068.0,1068.0,1068.0,1068.0,0,0.0,0.0
2023-05-08 12:00:00+09:00,1068.0,1068.0,1064.0,1064.0,13300,0.0,0.0
2023-05-08 13:00:00+09:00,1063.0,1064.0,1059.0,1059.0,2400,0.0,0.0
2023-05-08 14:00:00+09:00,1062.0,1062.0,1059.0,1059.0,700,0.0,0.0
2023-05-09 09:00:00+09:00,1065.0,1065.0,1059.0,1065.0,2500,0.0,0.0
2023-05-09 10:00:00+09:00,1068.0,1069.0,1064.0,1064.0,800,0.0,0.0
2023-05-09 11:00:00+09:00,1064.0,1064.0,1064.0,1064.0,0,0.0,0.0
2023-05-09 12:00:00+09:00,1063.0,1063.0,1059.0,1060.0,4400,0.0,0.0
2023-05-09 13:00:00+09:00,1060.0,1064.0,1060.0,1064.0,300,0.0,0.0
2023-05-09 14:00:00+09:00,1065.0,1065.0,1061.0,1061.0,3000,0.0,0.0
2023-05-10 09:00:00+09:00,1062.0,1062.0,1058.0,1061.0,5200,0.0,0.0
2023-05-10 10:00:00+09:00,1058.0,1058.0,1013.0,1030.0,5500,0.0,0.0
2023-05-10 11:00:00+09:00,1027.0,1037.0,1027.0,1037.0,0,0.0,0.0
2023-05-10 12:00:00+09:00,1037.0,1040.0,1023.0,1040.0,13000,0.0,0.0
2023-05-10 13:00:00+09:00,1039.0,1040.0,1039.0,1040.0,300,0.0,0.0
2023-05-10 14:00:00+09:00,1042.0,1044.0,1025.0,1044.0,1000,0.0,0.0
2023-05-11 09:00:00+09:00,1044.0,1055.0,1044.0,1047.0,700,0.0,0.0
2023-05-11 10:00:00+09:00,1050.0,1050.0,1043.0,1047.0,1500,0.0,0.0
2023-05-11 11:00:00+09:00,1048.0,1048.0,1048.0,1048.0,0,0.0,0.0
2023-05-11 12:00:00+09:00,1041.0,1041.0,1030.0,1032.0,9300,0.0,0.0
2023-05-11 13:00:00+09:00,1043.0,1043.0,1043.0,1043.0,100,0.0,0.0
2023-05-11 14:00:00+09:00,1044.0,1046.0,1038.0,1046.0,1600,0.0,0.0
2023-05-12 09:00:00+09:00,997.0,1018.0,979.0,1002.0,44600,0.0,0.0
2023-05-12 10:00:00+09:00,998.0,1006.0,996.0,1006.0,5500,0.0,0.0
2023-05-12 11:00:00+09:00,1009.0,1010.0,1001.0,1001.0,0,0.0,0.0
2023-05-12 12:00:00+09:00,1002.0,1008.0,1002.0,1005.0,51400,0.0,0.0
2023-05-12 13:00:00+09:00,1003.0,1007.0,1002.0,1007.0,600,0.0,0.0
2023-05-12 14:00:00+09:00,1006.0,1007.0,1003.0,1007.0,2800,0.0,0.0
2023-05-15 09:00:00+09:00,1007.0,1007.0,1000.0,1000.0,1500,0.0,0.0
2023-05-15 10:00:00+09:00,1000.0,1002.0,998.0,998.0,1500,0.0,0.0
2023-05-15 11:00:00+09:00,999.0,999.0,999.0,999.0,0,0.0,0.0
2023-05-15 12:00:00+09:00,999.0,999.0,998.0,998.0,3400,0.0,0.0
2023-05-15 13:00:00+09:00,999.0,999.0,986.0,994.0,2800,0.0,0.0
2023-05-15 14:00:00+09:00,995.0,1000.0,995.0,1000.0,1600,0.0,0.0
2023-05-16 09:00:00+09:00,999.0,999.0,995.0,995.0,1900,0.0,0.0
2023-05-16 10:00:00+09:00,993.0,993.0,992.0,993.0,900,0.0,0.0
2023-05-16 11:00:00+09:00,993.0,993.0,993.0,993.0,0,0.0,0.0
2023-05-16 12:00:00+09:00,997.0,997.0,996.0,997.0,4000,0.0,0.0
2023-05-16 13:00:00+09:00,997.0,1000.0,997.0,999.0,3100,0.0,0.0
2023-05-16 14:00:00+09:00,999.0,999.0,999.0,999.0,100,0.0,0.0
2023-05-17 09:00:00+09:00,1004.0,1004.0,999.0,1002.0,2900,0.0,0.0
2023-05-17 10:00:00+09:00,1002.0,1005.0,1001.0,1005.0,1900,0.0,0.0
2023-05-17 11:00:00+09:00,1007.0,1007.0,1007.0,1007.0,0,0.0,0.0
2023-05-17 12:00:00+09:00,1004.0,1004.0,1004.0,1004.0,5100,0.0,0.0
2023-05-17 13:00:00+09:00,1003.0,1003.0,1000.0,1000.0,500,0.0,0.0
2023-05-17 14:00:00+09:00,1000.0,1000.0,1000.0,1000.0,300,0.0,0.0
2023-05-18 09:00:00+09:00,1003.0,1003.0,1001.0,1001.0,0,0.0,0.0
2023-05-18 10:00:00+09:00,1001.0,1001.0,1001.0,1001.0,1500,0.0,0.0
2023-05-18 11:00:00+09:00,1000.0,1000.0,1000.0,1000.0,0,0.0,0.0
2023-05-18 12:00:00+09:00,998.0,998.0,998.0,998.0,0,0.0,0.0
2023-05-18 13:00:00+09:00,996.0,1001.0,996.0,1001.0,4900,0.0,0.0
2023-05-18 14:00:00+09:00,1003.0,1005.0,1003.0,1005.0,600,0.0,0.0
2023-05-19 09:00:00+09:00,1010.0,1012.0,1010.0,1012.0,2300,0.0,0.0
2023-05-19 10:00:00+09:00,1011.0,1011.0,1011.0,1011.0,100,0.0,0.0
2023-05-19 11:00:00+09:00,1011.0,1012.0,1005.0,1005.0,0,0.0,0.0
2023-05-19 12:00:00+09:00,1005.0,1005.0,1005.0,1005.0,4000,0.0,0.0
2023-05-19 13:00:00+09:00,1010.0,1010.0,1010.0,1010.0,100,0.0,0.0
2023-05-19 14:00:00+09:00,1009.0,1010.0,1009.0,1010.0,200,0.0,0.0
2023-05-22 09:00:00+09:00,1011.0,1041.0,1011.0,1041.0,6500,0.0,0.0
2023-05-22 10:00:00+09:00,1041.0,1043.0,1039.0,1041.0,1100,0.0,0.0
2023-05-22 11:00:00+09:00,1035.0,1039.0,1035.0,1039.0,0,0.0,0.0
2023-05-22 12:00:00+09:00,1039.0,1043.0,1037.0,1043.0,11800,0.0,0.0
2023-05-22 13:00:00+09:00,1042.0,1049.0,1041.0,1047.0,3700,0.0,0.0
2023-05-22 14:00:00+09:00,1047.0,1048.0,1046.0,1046.0,400,0.0,0.0
2023-05-23 09:00:00+09:00,1047.0,1047.0,1041.0,1042.0,2500,0.0,0.0
2023-05-23 10:00:00+09:00,1046.0,1046.0,1030.0,1030.0,4700,0.0,0.0
2023-05-23 11:00:00+09:00,1031.0,1039.0,1031.0,1039.0,0,0.0,0.0
2023-05-23 12:00:00+09:00,1039.0,1040.0,1036.0,1040.0,7900,0.0,0.0
2023-05-23 13:00:00+09:00,1034.0,1034.0,1030.0,1030.0,1300,0.0,0.0
2023-05-23 14:00:00+09:00,1028.0,1033.0,1026.0,1033.0,1200,0.0,0.0
2023-05-24 09:00:00+09:00,1020.0,1026.0,1016.0,1025.0,4200,0.0,0.0
2023-05-24 10:00:00+09:00,1021.0,1039.0,1021.0,1039.0,1600,0.0,0.0
2023-05-24 11:00:00+09:00,1039.0,1039.0,1039.0,1039.0,0,0.0,0.0
2023-05-24 12:00:00+09:00,1027.0,1037.0,1021.0,1037.0,6200,0.0,0.0
2023-05-24 13:00:00+09:00,1024.0,1035.0,1023.0,1026.0,500,0.0,0.0
2023-05-24 14:00:00+09:00,1034.0,1040.0,1034.0,1040.0,1000,0.0,0.0
2023-05-25 09:00:00+09:00,1031.0,1038.0,1031.0,1036.0,2100,0.0,0.0
2023-05-25 10:00:00+09:00,1035.0,1035.0,1030.0,1030.0,600,0.0,0.0
2023-05-25 11:00:00+09:00,1030.0,1030.0,1030.0,1030.0,0,0.0,0.0
2023-05-25 13:00:00+09:00,1029.0,1032.0,1028.0,1029.0,3400,0.0,0.0
2023-05-25 14:00:00+09:00,1027.0,1029.0,1027.0,1029.0,1600,0.0,0.0
2023-05-26 09:00:00+09:00,1041.0,1041.0,1025.0,1026.0,4100,0.0,0.0
2023-05-26 10:00:00+09:00,1028.0,1034.0,1026.0,1034.0,700,0.0,0.0
2023-05-26 11:00:00+09:00,1033.0,1033.0,1033.0,1033.0,0,0.0,0.0
2023-05-26 12:00:00+09:00,1033.0,1033.0,1025.0,1025.0,6100,0.0,0.0
2023-05-26 14:00:00+09:00,1024.0,1024.0,1016.0,1016.0,3300,0.0,0.0
2023-05-29 09:00:00+09:00,1030.0,1038.0,1026.0,1032.0,4100,0.0,0.0
2023-05-29 10:00:00+09:00,1026.0,1031.0,1026.0,1031.0,200,0.0,0.0
2023-05-29 11:00:00+09:00,1030.0,1034.0,1030.0,1034.0,0,0.0,0.0
2023-05-29 12:00:00+09:00,1034.0,1034.0,1034.0,1034.0,5900,0.0,0.0
2023-05-29 13:00:00+09:00,1030.0,1030.0,1030.0,1030.0,200,0.0,0.0
2023-05-29 14:00:00+09:00,1031.0,1033.0,1031.0,1032.0,500,0.0,0.0
2023-05-30 09:00:00+09:00,1021.0,1022.0,1020.0,1020.0,1500,0.0,0.0
2023-05-30 10:00:00+09:00,1015.0,1017.0,1012.0,1017.0,1000,0.0,0.0
2023-05-30 11:00:00+09:00,1016.0,1016.0,1013.0,1016.0,0,0.0,0.0
2023-05-30 12:00:00+09:00,1017.0,1017.0,1017.0,1017.0,5200,0.0,0.0
2023-05-30 13:00:00+09:00,1017.0,1020.0,1017.0,1017.0,3200,0.0,0.0
2023-05-30 14:00:00+09:00,1017.0,1022.0,1017.0,1022.0,300,0.0,0.0
2023-05-31 09:00:00+09:00,1013.0,1013.0,1005.0,1006.0,3200,0.0,0.0
2023-05-31 10:00:00+09:00,1010.0,1017.0,1010.0,1014.0,1100,0.0,0.0
2023-05-31 11:00:00+09:00,1008.0,1008.0,1008.0,1008.0,0,0.0,0.0
2023-05-31 12:00:00+09:00,1008.0,1008.0,1008.0,1008.0,4700,0.0,0.0
2023-05-31 13:00:00+09:00,1010.0,1010.0,1004.0,1008.0,1900,0.0,0.0
2023-05-31 14:00:00+09:00,1008.0,1012.0,1008.0,1012.0,600,0.0,0.0
2023-06-01 09:00:00+09:00,1024.0,1030.0,1021.0,1021.0,2000,0.0,0.0
2023-06-01 10:00:00+09:00,1021.0,1022.0,1020.0,1022.0,0,0.0,0.0
2023-06-01 11:00:00+09:00,1021.0,1026.0,1020.0,1026.0,0,0.0,0.0
2023-06-01 13:00:00+09:00,1025.0,1029.0,1019.0,1029.0,3500,0.0,0.0
2023-06-01 14:00:00+09:00,1029.0,1029.0,1028.0,1028.0,600,0.0,0.0
2023-06-02 09:00:00+09:00,1035.0,1035.0,1021.0,1021.0,2700,0.0,0.0
2023-06-02 10:00:00+09:00,1037.0,1037.0,1037.0,1037.0,0,0.0,0.0
2023-06-02 11:00:00+09:00,1037.0,1037.0,1037.0,1037.0,0,0.0,0.0
2023-06-02 12:00:00+09:00,1035.0,1035.0,1034.0,1034.0,3600,0.0,0.0
2023-06-02 13:00:00+09:00,1034.0,1034.0,1034.0,1034.0,100,0.0,0.0
2023-06-02 14:00:00+09:00,1027.0,1034.0,1027.0,1034.0,300,0.0,0.0
2023-06-05 09:00:00+09:00,1031.0,1034.0,1030.0,1030.0,1500,0.0,0.0
2023-06-05 10:00:00+09:00,1025.0,1025.0,1017.0,1017.0,700,0.0,0.0
2023-06-05 11:00:00+09:00,1017.0,1018.0,1017.0,1018.0,0,0.0,0.0
2023-06-05 12:00:00+09:00,1026.0,1028.0,1020.0,1020.0,3000,0.0,0.0
2023-06-05 13:00:00+09:00,1020.0,1020.0,1019.0,1019.0,700,0.0,0.0
2023-06-05 14:00:00+09:00,1018.0,1018.0,1014.0,1015.0,2300,0.0,0.0
2023-06-06 09:00:00+09:00,1020.0,1020.0,1020.0,1020.0,100,0.0,0.0
2023-06-06 10:00:00+09:00,1020.0,1029.0,1020.0,1027.0,900,0.0,0.0
2023-06-06 11:00:00+09:00,1025.0,1025.0,1025.0,1025.0,0,0.0,0.0
2023-06-06 12:00:00+09:00,1025.0,1025.0,1025.0,1025.0,1600,0.0,0.0
2023-06-06 13:00:00+09:00,1021.0,1021.0,1021.0,1021.0,100,0.0,0.0
2023-06-06 14:00:00+09:00,1021.0,1024.0,1021.0,1024.0,200,0.0,0.0
2023-06-07 09:00:00+09:00,1018.0,1018.0,1018.0,1018.0,1000,0.0,0.0
2023-06-07 10:00:00+09:00,1020.0,1022.0,1015.0,1022.0,1000,0.0,0.0
2023-06-07 11:00:00+09:00,1018.0,1018.0,1015.0,1015.0,0,0.0,0.0
2023-06-07 12:00:00+09:00,1020.0,1020.0,1020.0,1020.0,4600,0.0,0.0
2023-06-07 13:00:00+09:00,1016.0,1016.0,1016.0,1016.0,100,0.0,0.0
2023-06-07 14:00:00+09:00,1019.0,1019.0,1019.0,1019.0,100,0.0,0.0
2023-06-08 09:00:00+09:00,1008.0,1018.0,1008.0,1018.0,1400,0.0,0.0
2023-06-08 10:00:00+09:00,1018.0,1022.0,1018.0,1022.0,300,0.0,0.0
2023-06-08 11:00:00+09:00,1014.0,1018.0,1014.0,1018.0,0,0.0,0.0
2023-06-08 12:00:00+09:00,1015.0,1015.0,1014.0,1014.0,6400,0.0,0.0
2023-06-08 13:00:00+09:00,1013.0,1013.0,1011.0,1011.0,3200,0.0,0.0
2023-06-08 14:00:00+09:00,1010.0,1011.0,1006.0,1011.0,1300,0.0,0.0
2023-06-09 10:00:00+09:00,1020.0,1020.0,1017.0,1017.0,200,0.0,0.0
2023-06-09 11:00:00+09:00,1017.0,1017.0,1017.0,1017.0,0,0.0,0.0
2023-06-09 12:00:00+09:00,1016.0,1016.0,1015.0,1015.0,600,0.0,0.0
2023-06-09 13:00:00+09:00,1015.0,1015.0,1015.0,1015.0,100,0.0,0.0
2023-06-12 09:00:00+09:00,1027.0,1032.0,1026.0,1031.0,6000,0.0,0.0
2023-06-12 10:00:00+09:00,1033.0,1033.0,1031.0,1031.0,200,0.0,0.0
2023-06-12 11:00:00+09:00,1033.0,1033.0,1033.0,1033.0,0,0.0,0.0
2023-06-12 12:00:00+09:00,1024.0,1024.0,1023.0,1023.0,6800,0.0,0.0
2023-06-12 13:00:00+09:00,1027.0,1027.0,1027.0,1027.0,100,0.0,0.0
2023-06-12 14:00:00+09:00,1023.0,1023.0,1023.0,1023.0,100,0.0,0.0
2023-06-13 09:00:00+09:00,1024.0,1035.0,1024.0,1025.0,3900,0.0,0.0
2023-06-13 11:00:00+09:00,1029.0,1029.0,1029.0,1029.0,0,0.0,0.0
2023-06-13 12:00:00+09:00,1029.0,1029.0,1025.0,1025.0,5000,0.0,0.0
2023-06-13 13:00:00+09:00,1026.0,1028.0,1013.0,1028.0,2800,0.0,0.0
2023-06-13 14:00:00+09:00,1028.0,1029.0,1026.0,1026.0,500,0.0,0.0
2023-06-14 09:00:00+09:00,1016.0,1026.0,1016.0,1018.0,4400,0.0,0.0
2023-06-14 10:00:00+09:00,1021.0,1025.0,1021.0,1022.0,300,0.0,0.0
2023-06-14 11:00:00+09:00,1022.0,1022.0,1022.0,1022.0,0,0.0,0.0
2023-06-14 13:00:00+09:00,1022.0,1022.0,1022.0,1022.0,5000,0.0,0.0
2023-06-14 14:00:00+09:00,1022.0,1024.0,1022.0,1022.0,700,0.0,0.0
2023-06-15 09:00:00+09:00,1025.0,1029.0,1022.0,1024.0,1400,0.0,0.0
2023-06-15 10:00:00+09:00,1023.0,1025.0,1020.0,1025.0,300,0.0,0.0
2023-06-15 11:00:00+09:00,1024.0,1024.0,1024.0,1024.0,0,0.0,0.0
2023-06-15 12:00:00+09:00,1025.0,1025.0,1025.0,1025.0,2300,0.0,0.0
2023-06-15 13:00:00+09:00,1028.0,1029.0,1022.0,1022.0,500,0.0,0.0
2023-06-15 14:00:00+09:00,1026.0,1026.0,1026.0,1026.0,100,0.0,0.0
2023-06-16 09:00:00+09:00,1032.0,1032.0,1020.0,1021.0,1200,0.0,0.0
2023-06-16 10:00:00+09:00,1021.0,1021.0,1021.0,1021.0,100,0.0,0.0
2023-06-16 11:00:00+09:00,1021.0,1021.0,1020.0,1020.0,0,0.0,0.0
2023-06-16 12:00:00+09:00,1020.0,1026.0,1020.0,1022.0,2100,0.0,0.0
2023-06-16 14:00:00+09:00,1021.0,1021.0,1012.0,1012.0,2900,0.0,0.0
2023-06-19 09:00:00+09:00,1020.0,1020.0,1009.0,1009.0,4200,0.0,0.0
2023-06-19 10:00:00+09:00,1017.0,1017.0,1017.0,1017.0,100,0.0,0.0
2023-06-19 11:00:00+09:00,1017.0,1017.0,1017.0,1017.0,0,0.0,0.0
2023-06-19 12:00:00+09:00,1015.0,1015.0,1011.0,1011.0,5700,0.0,0.0
2023-06-19 13:00:00+09:00,1010.0,1010.0,1010.0,1010.0,500,0.0,0.0
2023-06-19 14:00:00+09:00,1011.0,1011.0,1010.0,1010.0,700,0.0,0.0
2023-06-20 09:00:00+09:00,1011.0,1012.0,1009.0,1009.0,1700,0.0,0.0
2023-06-20 10:00:00+09:00,1009.0,1009.0,1009.0,1009.0,200,0.0,0.0
2023-06-20 11:00:00+09:00,1009.0,1009.0,1009.0,1009.0,0,0.0,0.0
2023-06-20 12:00:00+09:00,1009.0,1013.0,1009.0,1013.0,2300,0.0,0.0
2023-06-20 13:00:00+09:00,1014.0,1014.0,1009.0,1009.0,700,0.0,0.0
2023-06-20 14:00:00+09:00,1010.0,1010.0,1009.0,1009.0,900,0.0,0.0
2023-06-21 09:00:00+09:00,1008.0,1016.0,1008.0,1013.0,900,0.0,0.0
2023-06-21 11:00:00+09:00,1013.0,1015.0,1012.0,1012.0,0,0.0,0.0
2023-06-21 12:00:00+09:00,1011.0,1012.0,1011.0,1012.0,2900,0.0,0.0
2023-06-21 13:00:00+09:00,1011.0,1013.0,1011.0,1013.0,200,0.0,0.0
2023-06-21 14:00:00+09:00,1013.0,1013.0,1009.0,1009.0,900,0.0,0.0
2023-06-22 09:00:00+09:00,1012.0,1012.0,1009.0,1011.0,800,0.0,0.0
2023-06-22 10:00:00+09:00,1009.0,1009.0,1001.0,1008.0,5700,0.0,0.0
2023-06-22 11:00:00+09:00,1006.0,1006.0,1006.0,1006.0,0,0.0,0.0
2023-06-22 12:00:00+09:00,1006.0,1006.0,1006.0,1006.0,6700,0.0,0.0
2023-06-22 13:00:00+09:00,1008.0,1008.0,1005.0,1005.0,400,0.0,0.0
2023-06-22 14:00:00+09:00,1005.0,1006.0,1005.0,1006.0,800,0.0,0.0
2023-06-23 09:00:00+09:00,1006.0,1006.0,1004.0,1004.0,1400,0.0,0.0
2023-06-23 10:00:00+09:00,1003.0,1003.0,1000.0,1000.0,1500,0.0,0.0
2023-06-23 11:00:00+09:00,1003.0,1003.0,1000.0,1000.0,0,0.0,0.0
2023-06-23 13:00:00+09:00,1000.0,1000.0,1000.0,1000.0,4400,0.0,0.0
2023-06-23 14:00:00+09:00,1001.0,1010.0,1000.0,1007.0,0,0.0,0.0
2023-06-26 09:00:00+09:00,1004.0,1004.0,1001.0,1001.0,1000,0.0,0.0
2023-06-26 11:00:00+09:00,1001.0,1001.0,1001.0,1001.0,0,0.0,0.0
2023-06-26 12:00:00+09:00,1002.0,1002.0,1002.0,1002.0,1500,0.0,0.0
2023-06-26 13:00:00+09:00,1001.0,1001.0,1001.0,1001.0,100,0.0,0.0
2023-06-26 14:00:00+09:00,1002.0,1003.0,1001.0,1003.0,500,0.0,0.0
2023-06-27 09:00:00+09:00,1003.0,1003.0,995.0,998.0,5900,0.0,0.0
2023-06-27 10:00:00+09:00,1000.0,1000.0,1000.0,1000.0,100,0.0,0.0
2023-06-27 11:00:00+09:00,1000.0,1001.0,1000.0,1001.0,0,0.0,0.0
2023-06-27 12:00:00+09:00,1001.0,1001.0,1000.0,1000.0,6600,0.0,0.0
2023-06-27 13:00:00+09:00,1002.0,1002.0,1002.0,1002.0,100,0.0,0.0
2023-06-27 14:00:00+09:00,1002.0,1004.0,1002.0,1003.0,500,0.0,0.0
2023-06-28 09:00:00+09:00,1004.0,1012.0,1003.0,1003.0,2300,0.0,0.0
2023-06-28 10:00:00+09:00,1006.0,1011.0,1006.0,1011.0,300,0.0,0.0
2023-06-28 11:00:00+09:00,1011.0,1011.0,1011.0,1011.0,0,0.0,0.0
2023-06-28 12:00:00+09:00,1013.0,1014.0,1013.0,1014.0,3000,0.0,0.0
2023-06-28 14:00:00+09:00,1011.0,1011.0,1006.0,1006.0,900,0.0,0.0
2023-06-29 09:00:00+09:00,1010.0,1010.0,1010.0,1010.0,2500,0.0,0.0
2023-06-29 10:00:00+09:00,1009.0,1011.0,1009.0,1011.0,800,0.0,0.0
2023-06-29 11:00:00+09:00,1012.0,1012.0,1008.0,1008.0,0,0.0,0.0
2023-06-29 12:00:00+09:00,1009.0,1009.0,1008.0,1008.0,3900,0.0,0.0
2023-06-29 13:00:00+09:00,1011.0,1011.0,1011.0,1011.0,200,0.0,0.0
2023-06-29 14:00:00+09:00,1011.0,1013.0,1007.0,1007.0,1400,0.0,0.0
2023-06-30 09:00:00+09:00,1022.0,1022.0,1016.0,1022.0,4400,0.0,0.0
2023-06-30 10:00:00+09:00,1021.0,1021.0,1010.0,1020.0,2100,0.0,0.0
2023-06-30 11:00:00+09:00,1018.0,1018.0,1018.0,1018.0,0,0.0,0.0
2023-06-30 12:00:00+09:00,1011.0,1011.0,1011.0,1011.0,6900,0.0,0.0
2023-06-30 13:00:00+09:00,1014.0,1014.0,1014.0,1014.0,100,0.0,0.0
2023-06-30 14:00:00+09:00,1011.0,1013.0,1011.0,1013.0,600,0.0,0.0
2023-07-03 09:00:00+09:00,1020.0,1025.0,1020.0,1021.0,2900,0.0,0.0
2023-07-03 10:00:00+09:00,1020.0,1021.0,1019.0,1021.0,500,0.0,0.0
2023-07-03 11:00:00+09:00,1021.0,1023.0,1021.0,1023.0,0,0.0,0.0
2023-07-03 12:00:00+09:00,1019.0,1019.0,1019.0,1019.0,5100,0.0,0.0
2023-07-03 13:00:00+09:00,1018.0,1019.0,1018.0,1019.0,400,0.0,0.0
2023-07-03 14:00:00+09:00,1022.0,1024.0,1005.0,1005.0,4700,0.0,0.0
2023-07-04 09:00:00+09:00,1016.0,1016.0,1009.0,1013.0,1000,0.0,0.0
2023-07-04 10:00:00+09:00,1013.0,1023.0,1010.0,1010.0,1400,0.0,0.0
2023-07-04 11:00:00+09:00,1010.0,1010.0,1010.0,1010.0,0,0.0,0.0
2023-07-04 12:00:00+09:00,1050.0,1073.0,1020.0,1027.0,19100,0.0,0.0
2023-07-04 13:00:00+09:00,1041.0,1046.0,1030.0,1031.0,1500,0.0,0.0
2023-07-04 14:00:00+09:00,1031.0,1032.0,1027.0,1032.0,2300,0.0,0.0
2023-07-05 09:00:00+09:00,1030.0,1030.0,1020.0,1022.0,1900,0.0,0.0
2023-07-05 10:00:00+09:00,1029.0,1030.0,1028.0,1028.0,300,0.0,0.0
2023-07-05 11:00:00+09:00,1029.0,1029.0,1029.0,1029.0,0,0.0,0.0
2023-07-05 12:00:00+09:00,1026.0,1026.0,1026.0,1026.0,2800,0.0,0.0
2023-07-05 13:00:00+09:00,1023.0,1023.0,1021.0,1023.0,1100,0.0,0.0
2023-07-05 14:00:00+09:00,1023.0,1025.0,1022.0,1025.0,400,0.0,0.0
2023-07-06 09:00:00+09:00,1022.0,1029.0,1022.0,1029.0,2800,0.0,0.0
2023-07-06 10:00:00+09:00,1030.0,1030.0,1023.0,1023.0,200,0.0,0.0
2023-07-06 11:00:00+09:00,1023.0,1023.0,1020.0,1020.0,0,0.0,0.0
2023-07-06 12:00:00+09:00,1020.0,1020.0,1016.0,1016.0,4900,0.0,0.0
2023-07-06 13:00:00+09:00,1016.0,1019.0,1016.0,1019.0,200,0.0,0.0
2023-07-07 09:00:00+09:00,1012.0,1015.0,1012.0,1015.0,800,0.0,0.0
2023-07-07 10:00:00+09:00,1012.0,1012.0,1009.0,1010.0,1300,0.0,0.0
2023-07-07 11:00:00+09:00,1011.0,1012.0,1011.0,1012.0,0,0.0,0.0
2023-07-07 12:00:00+09:00,1014.0,1014.0,1014.0,1014.0,0,0.0,0.0
2023-07-07 13:00:00+09:00,1013.0,1020.0,1013.0,1020.0,3400,0.0,0.0
2023-07-07 14:00:00+09:00,1019.0,1019.0,1019.0,1019.0,100,0.0,0.0
2023-07-10 09:00:00+09:00,1032.0,1035.0,1028.0,1034.0,12000,0.0,0.0
2023-07-10 10:00:00+09:00,1035.0,1036.0,1027.0,1027.0,1400,0.0,0.0
2023-07-10 11:00:00+09:00,1029.0,1030.0,1029.0,1030.0,0,0.0,0.0
2023-07-10 12:00:00+09:00,1030.0,1030.0,1023.0,1027.0,18400,0.0,0.0
2023-07-10 13:00:00+09:00,1027.0,1027.0,1027.0,1027.0,500,0.0,0.0
2023-07-10 14:00:00+09:00,1025.0,1027.0,1024.0,1024.0,2500,0.0,0.0
2023-07-11 09:00:00+09:00,1025.0,1025.0,1024.0,1025.0,2800,0.0,0.0
2023-07-11 10:00:00+09:00,1025.0,1025.0,1010.0,1022.0,1500,0.0,0.0
2023-07-11 11:00:00+09:00,1022.0,1022.0,1022.0,1022.0,0,0.0,0.0
2023-07-11 12:00:00+09:00,1021.0,1025.0,1020.0,1025.0,5500,0.0,0.0
2023-07-11 13:00:00+09:00,1030.0,1030.0,1030.0,1030.0,100,0.0,0.0
2023-07-11 14:00:00+09:00,1021.0,1026.0,1020.0,1026.0,1000,0.0,0.0
2023-07-12 10:00:00+09:00,1015.0,1015.0,1015.0,1015.0,100,0.0,0.0
2023-07-12 11:00:00+09:00,1015.0,1015.0,1012.0,1012.0,0,0.0,0.0
2023-07-12 12:00:00+09:00,1019.0,1019.0,1019.0,1019.0,800,0.0,0.0
2023-07-12 13:00:00+09:00,1014.0,1014.0,1011.0,1011.0,400,0.0,0.0
2023-07-12 14:00:00+09:00,1014.0,1016.0,1014.0,1016.0,500,0.0,0.0
2023-07-13 09:00:00+09:00,1014.0,1014.0,1014.0,1014.0,200,0.0,0.0
2023-07-13 10:00:00+09:00,1012.0,1020.0,1012.0,1019.0,1000,0.0,0.0
2023-07-13 11:00:00+09:00,1017.0,1017.0,1017.0,1017.0,0,0.0,0.0
2023-07-13 12:00:00+09:00,1017.0,1019.0,1017.0,1017.0,3700,0.0,0.0
2023-07-13 13:00:00+09:00,1017.0,1017.0,1017.0,1017.0,1000,0.0,0.0
2023-07-13 14:00:00+09:00,1017.0,1017.0,1010.0,1010.0,3600,0.0,0.0
2023-07-14 09:00:00+09:00,1029.0,1029.0,1019.0,1019.0,1800,0.0,0.0
2023-07-14 10:00:00+09:00,1020.0,1024.0,1020.0,1022.0,700,0.0,0.0
2023-07-14 11:00:00+09:00,1019.0,1019.0,1019.0,1019.0,0,0.0,0.0
2023-07-14 12:00:00+09:00,1017.0,1017.0,1017.0,1017.0,2700,0.0,0.0
2023-07-14 13:00:00+09:00,1017.0,1019.0,1017.0,1017.0,500,0.0,0.0
2023-07-14 14:00:00+09:00,1018.0,1020.0,1016.0,1016.0,1900,0.0,0.0
2023-07-18 09:00:00+09:00,1017.0,1031.0,1017.0,1031.0,2100,0.0,0.0
2023-07-18 10:00:00+09:00,1030.0,1030.0,1022.0,1022.0,200,0.0,0.0
2023-07-18 11:00:00+09:00,1021.0,1021.0,1020.0,1020.0,0,0.0,0.0
2023-07-18 12:00:00+09:00,1021.0,1021.0,1021.0,1021.0,3100,0.0,0.0
2023-07-18 13:00:00+09:00,1020.0,1020.0,1020.0,1020.0,100,0.0,0.0
2023-07-18 14:00:00+09:00,1020.0,1021.0,1020.0,1021.0,500,0.0,0.0
2023-07-19 09:00:00+09:00,1031.0,1031.0,1027.0,1031.0,1200,0.0,0.0
2023-07-19 10:00:00+09:00,1025.0,1025.0,1023.0,1023.0,200,0.0,0.0
2023-07-19 11:00:00+09:00,1023.0,1023.0,1023.0,1023.0,0,0.0,0.0
2023-07-19 12:00:00+09:00,1026.0,1026.0,1024.0,1024.0,1600,0.0,0.0
2023-07-19 13:00:00+09:00,1022.0,1022.0,1022.0,1022.0,200,0.0,0.0
2023-07-19 14:00:00+09:00,1021.0,1021.0,1017.0,1017.0,300,0.0,0.0
2023-07-20 09:00:00+09:00,1018.0,1029.0,1018.0,1027.0,700,0.0,0.0
2023-07-20 10:00:00+09:00,1026.0,1027.0,1026.0,1027.0,0,0.0,0.0
2023-07-20 11:00:00+09:00,1029.0,1029.0,1029.0,1029.0,0,0.0,0.0
2023-07-20 12:00:00+09:00,1030.0,1030.0,1026.0,1026.0,5300,0.0,0.0
2023-07-20 13:00:00+09:00,1027.0,1027.0,1026.0,1026.0,1200,0.0,0.0
2023-07-20 14:00:00+09:00,1026.0,1026.0,1024.0,1025.0,2300,0.0,0.0
2023-07-21 09:00:00+09:00,1019.0,1022.0,1019.0,1022.0,2900,0.0,0.0
2023-07-21 10:00:00+09:00,1018.0,1022.0,1009.0,1022.0,3400,0.0,0.0
2023-07-21 11:00:00+09:00,1022.0,1022.0,1022.0,1022.0,0,0.0,0.0
2023-07-21 12:00:00+09:00,1022.0,1022.0,1008.0,1016.0,9500,0.0,0.0
2023-07-21 13:00:00+09:00,1015.0,1015.0,1015.0,1015.0,100,0.0,0.0
2023-07-24 09:00:00+09:00,1018.0,1019.0,1015.0,1015.0,1300,0.0,0.0
2023-07-24 10:00:00+09:00,1017.0,1020.0,1015.0,1020.0,5100,0.0,0.0
2023-07-24 11:00:00+09:00,1020.0,1020.0,1020.0,1020.0,0,0.0,0.0
2023-07-24 13:00:00+09:00,1026.0,1035.0,1021.0,1030.0,8900,0.0,0.0
2023-07-24 14:00:00+09:00,1021.0,1021.0,1021.0,1021.0,100,0.0,0.0
2023-07-25 09:00:00+09:00,1021.0,1025.0,1021.0,1025.0,500,0.0,0.0
2023-07-25 10:00:00+09:00,1024.0,1024.0,1021.0,1021.0,300,0.0,0.0
2023-07-25 11:00:00+09:00,1021.0,1021.0,1021.0,1021.0,0,0.0,0.0
2023-07-25 14:00:00+09:00,1030.0,1033.0,1008.0,1020.0,5800,0.0,0.0
2023-07-26 09:00:00+09:00,1021.0,1025.0,1020.0,1020.0,1500,0.0,0.0
2023-07-26 10:00:00+09:00,1020.0,1023.0,1016.0,1023.0,1300,0.0,0.0
2023-07-26 11:00:00+09:00,1023.0,1023.0,1023.0,1023.0,0,0.0,0.0
2023-07-26 12:00:00+09:00,1023.0,1025.0,1023.0,1025.0,3000,0.0,0.0
2023-07-26 13:00:00+09:00,1028.0,1028.0,1028.0,1028.0,100,0.0,0.0
2023-07-26 14:00:00+09:00,1029.0,1030.0,1029.0,1030.0,200,0.0,0.0
2023-07-27 09:00:00+09:00,1026.0,1026.0,1023.0,1023.0,500,0.0,0.0
2023-07-27 10:00:00+09:00,1023.0,1025.0,1023.0,1025.0,400,0.0,0.0
2023-07-27 11:00:00+09:00,1026.0,1026.0,1026.0,1026.0,0,0.0,0.0
2023-07-27 12:00:00+09:00,1026.0,1026.0,1026.0,1026.0,1800,0.0,0.0
2023-07-27 13:00:00+09:00,1034.0,1034.0,1030.0,1030.0,0,0.0,0.0
2023-07-28 09:00:00+09:00,1025.0,1025.0,1015.0,1018.0,1700,0.0,0.0
2023-07-28 10:00:00+09:00,1024.0,1035.0,1024.0,1032.0,400,0.0,0.0
2023-07-28 11:00:00+09:00,1032.0,1032.0,1032.0,1032.0,0,0.0,0.0
2023-07-28 13:00:00+09:00,1029.0,1029.0,1029.0,1029.0,2200,0.0,0.0
2023-07-28 14:00:00+09:00,1027.0,1028.0,1027.0,1028.0,400,0.0,0.0
2023-07-31 09:00:00+09:00,1027.0,1028.0,1027.0,1028.0,1100,0.0,0.0
2023-07-31 10:00:00+09:00,1028.0,1031.0,1025.0,1031.0,2500,0.0,0.0
2023-07-31 11:00:00+09:00,1031.0,1031.0,1031.0,1031.0,0,0.0,0.0
2023-07-31 12:00:00+09:00,1031.0,1031.0,1031.0,1031.0,6000,0.0,0.0
2023-07-31 13:00:00+09:00,1030.0,1033.0,1030.0,1033.0,400,0.0,0.0
2023-07-31 14:00:00+09:00,1032.0,1033.0,1030.0,1033.0,1600,0.0,0.0
2023-08-01 09:00:00+09:00,1037.0,1037.0,1031.0,1031.0,1100,0.0,0.0
2023-08-01 10:00:00+09:00,1036.0,1036.0,1036.0,1036.0,100,0.0,0.0
2023-08-01 11:00:00+09:00,1035.0,1036.0,1035.0,1036.0,0,0.0,0.0
2023-08-01 12:00:00+09:00,1036.0,1036.0,1036.0,1036.0,2000,0.0,0.0
2023-08-01 14:00:00+09:00,1035.0,1035.0,1035.0,1035.0,100,0.0,0.0
2023-08-02 09:00:00+09:00,1035.0,1035.0,1028.0,1028.0,2000,0.0,0.0
2023-08-02 10:00:00+09:00,1031.0,1031.0,1031.0,1031.0,100,0.0,0.0
2023-08-02 11:00:00+09:00,1028.0,1028.0,1017.0,1017.0,0,0.0,0.0
2023-08-02 12:00:00+09:00,1018.0,1029.0,1018.0,1029.0,6000,0.0,0.0
2023-08-02 14:00:00+09:00,1028.0,1028.0,1026.0,1026.0,1100,0.0,0.0
2023-08-03 09:00:00+09:00,1020.0,1021.0,1020.0,1021.0,500,0.0,0.0
2023-08-03 10:00:00+09:00,1019.0,1019.0,1016.0,1016.0,1200,0.0,0.0
2023-08-03 11:00:00+09:00,1016.0,1016.0,1016.0,1016.0,0,0.0,0.0
2023-08-03 12:00:00+09:00,1016.0,1020.0,1015.0,1015.0,2700,0.0,0.0
2023-08-03 13:00:00+09:00,1017.0,1017.0,1017.0,1017.0,100,0.0,0.0
2023-08-03 14:00:00+09:00,1017.0,1017.0,1013.0,1015.0,700,0.0,0.0
2023-08-04 09:00:00+09:00,1015.0,1015.0,1011.0,1011.0,800,0.0,0.0
2023-08-04 10:00:00+09:00,1014.0,1022.0,1014.0,1022.0,700,0.0,0.0
2023-08-04 11:00:00+09:00,1022.0,1022.0,1022.0,1022.0,0,0.0,0.0
2023-08-04 12:00:00+09:00,1021.0,1021.0,1021.0,1021.0,1600,0.0,0.0
2023-08-04 13:00:00+09:00,1020.0,1020.0,1020.0,1020.0,100,0.0,0.0
2023-08-04 14:00:00+09:00,1020.0,1020.0,1018.0,1018.0,200,0.0,0.0
2023-08-07 09:00:00+09:00,1014.0,1016.0,1010.0,1016.0,12400,0.0,0.0
2023-08-07 10:00:00+09:00,1015.0,1017.0,1015.0,1017.0,200,0.0,0.0
2023-08-07 11:00:00+09:00,1020.0,1024.0,1016.0,1016.0,0,0.0,0.0
2023-08-07 12:00:00+09:00,1023.0,1023.0,1020.0,1020.0,13400,0.0,0.0
2023-08-07 13:00:00+09:00,1022.0,1023.0,1022.0,1023.0,400,0.0,0.0
2023-08-07 14:00:00+09:00,1022.0,1022.0,1020.0,1020.0,600,0.0,0.0
2023-08-08 09:00:00+09:00,1020.0,1024.0,1015.0,1024.0,5300,0.0,0.0
2023-08-08 10:00:00+09:00,1026.0,1033.0,1025.0,1029.0,1400,0.0,0.0
2023-08-08 11:00:00+09:00,1025.0,1025.0,1020.0,1020.0,0,0.0,0.0
2023-08-08 13:00:00+09:00,1023.0,1025.0,1020.0,1020.0,8700,0.0,0.0
2023-08-08 14:00:00+09:00,1026.0,1031.0,1026.0,1031.0,0,0.0,0.0
2023-08-09 09:00:00+09:00,1008.0,1016.0,1008.0,1015.0,6700,0.0,0.0
2023-08-09 10:00:00+09:00,1017.0,1017.0,1017.0,1017.0,100,0.0,0.0
2023-08-09 11:00:00+09:00,1014.0,1014.0,1014.0,1014.0,0,0.0,0.0
2023-08-09 12:00:00+09:00,1014.0,1014.0,1014.0,1014.0,7100,0.0,0.0
2023-08-09 13:00:00+09:00,1013.0,1013.0,1011.0,1013.0,2500,0.0,0.0
2023-08-09 14:00:00+09:00,1011.0,1016.0,1010.0,1015.0,2100,0.0,0.0
2023-08-10 09:00:00+09:00,1025.0,1025.0,1009.0,1015.0,2500,0.0,0.0
2023-08-10 10:00:00+09:00,1014.0,1017.0,1010.0,1015.0,700,0.0,0.0
2023-08-10 11:00:00+09:00,1015.0,1015.0,1015.0,1015.0,0,0.0,0.0
2023-08-10 12:00:00+09:00,1016.0,1016.0,1012.0,1012.0,3700,0.0,0.0
2023-08-10 13:00:00+09:00,1015.0,1017.0,1015.0,1017.0,300,0.0,0.0
2023-08-10 14:00:00+09:00,1017.0,1017.0,1014.0,1014.0,600,0.0,0.0
2023-08-14 09:00:00+09:00,1013.0,1014.0,1009.0,1009.0,2700,0.0,0.0
2023-08-14 10:00:00+09:00,1010.0,1014.0,1009.0,1014.0,1500,0.0,0.0
2023-08-14 11:00:00+09:00,1012.0,1012.0,1012.0,1012.0,0,0.0,0.0
2023-08-14 12:00:00+09:00,1014.0,1014.0,1014.0,1014.0,4500,0.0,0.0
2023-08-14 13:00:00+09:00,1011.0,1011.0,1011.0,1011.0,100,0.0,0.0
2023-08-14 14:00:00+09:00,1011.0,1011.0,1011.0,1011.0,100,0.0,0.0
2023-08-15 09:00:00+09:00,1013.0,1016.0,1010.0,1012.0,1700,0.0,0.0
2023-08-15 11:00:00+09:00,1013.0,1013.0,1013.0,1013.0,0,0.0,0.0
2023-08-15 12:00:00+09:00,1013.0,1013.0,1012.0,1012.0,2000,0.0,0.0
2023-08-15 13:00:00+09:00,1012.0,1012.0,1011.0,1011.0,300,0.0,0.0
2023-08-15 14:00:00+09:00,1010.0,1014.0,1010.0,1014.0,700,0.0,0.0
2023-08-16 09:00:00+09:00,1014.0,1014.0,1010.0,1011.0,1500,0.0,0.0
2023-08-16 10:00:00+09:00,1010.0,1010.0,1009.0,1009.0,400,0.0,0.0
2023-08-16 11:00:00+09:00,1009.0,1009.0,1009.0,1009.0,0,0.0,0.0
2023-08-16 12:00:00+09:00,1009.0,1009.0,1009.0,1009.0,2200,0.0,0.0
2023-08-16 14:00:00+09:00,1010.0,1010.0,1010.0,1010.0,200,0.0,0.0
2023-08-17 09:00:00+09:00,1005.0,1005.0,1001.0,1001.0,3600,0.0,0.0
2023-08-17 10:00:00+09:00,1001.0,1001.0,999.0,999.0,3100,0.0,0.0
2023-08-17 11:00:00+09:00,1000.0,1001.0,993.0,993.0,0,0.0,0.0
2023-08-17 12:00:00+09:00,996.0,996.0,996.0,996.0,14600,0.0,0.0
2023-08-17 13:00:00+09:00,1002.0,1002.0,1002.0,1002.0,100,0.0,0.0
2023-08-17 14:00:00+09:00,1000.0,1003.0,999.0,999.0,300,0.0,0.0
2023-08-18 09:00:00+09:00,1002.0,1002.0,997.0,997.0,700,0.0,0.0
2023-08-18 10:00:00+09:00,1000.0,1000.0,1000.0,1000.0,100,0.0,0.0
2023-08-18 11:00:00+09:00,998.0,998.0,998.0,998.0,0,0.0,0.0
2023-08-18 13:00:00+09:00,999.0,1000.0,999.0,999.0,11100,0.0,0.0
2023-08-18 14:00:00+09:00,998.0,998.0,990.0,993.0,12700,0.0,0.0
2023-08-21 09:00:00+09:00,995.0,1000.0,993.0,998.0,0,0.0,0.0
2023-08-21 11:00:00+09:00,996.0,996.0,996.0,996.0,0,0.0,0.0
2023-08-21 12:00:00+09:00,996.0,997.0,996.0,997.0,1800,0.0,0.0
2023-08-21 14:00:00+09:00,997.0,998.0,997.0,998.0,500,0.0,0.0
2023-08-22 09:00:00+09:00,1007.0,1011.0,1007.0,1008.0,900,0.0,0.0
2023-08-22 10:00:00+09:00,1004.0,1004.0,1003.0,1003.0,200,0.0,0.0
2023-08-22 11:00:00+09:00,1007.0,1008.0,1006.0,1006.0,0,0.0,0.0
2023-08-22 12:00:00+09:00,1006.0,1018.0,1006.0,1007.0,3700,0.0,0.0
2023-08-22 14:00:00+09:00,1012.0,1016.0,1012.0,1015.0,700,0.0,0.0
2023-08-23 09:00:00+09:00,1012.0,1014.0,1003.0,1012.0,1500,0.0,0.0
2023-08-23 10:00:00+09:00,1012.0,1012.0,1012.0,1012.0,100,0.0,0.0
2023-08-23 11:00:00+09:00,1012.0,1012.0,1012.0,1012.0,0,0.0,0.0
2023-08-23 12:00:00+09:00,1012.0,1012.0,1010.0,1011.0,2000,0.0,0.0
2023-08-23 13:00:00+09:00,1009.0,1009.0,1009.0,1009.0,100,0.0,0.0
2023-08-23 14:00:00+09:00,1010.0,1014.0,1010.0,1014.0,1400,0.0,0.0
2023-08-24 09:00:00+09:00,1010.0,1018.0,1010.0,1014.0,600,0.0,0.0
2023-08-24 10:00:00+09:00,1014.0,1016.0,1014.0,1016.0,700,0.0,0.0
2023-08-24 11:00:00+09:00,1016.0,1016.0,1016.0,1016.0,0,0.0,0.0
2023-08-24 12:00:00+09:00,1016.0,1016.0,1016.0,1016.0,1500,0.0,0.0
2023-08-24 13:00:00+09:00,1015.0,1015.0,1015.0,1015.0,200,0.0,0.0
2023-08-24 14:00:00+09:00,1016.0,1024.0,1016.0,1024.0,2900,0.0,0.0
2023-08-25 09:00:00+09:00,1015.0,1015.0,1015.0,1015.0,200,0.0,0.0
2023-08-25 11:00:00+09:00,1013.0,1013.0,1013.0,1013.0,0,0.0,0.0
2023-08-25 12:00:00+09:00,1015.0,1015.0,1015.0,1015.0,0,0.0,0.0
2023-08-25 13:00:00+09:00,1015.0,1015.0,1013.0,1013.0,700,0.0,0.0
2023-08-25 14:00:00+09:00,1013.0,1015.0,1013.0,1015.0,600,0.0,0.0
2023-08-28 09:00:00+09:00,1017.0,1017.0,1017.0,1017.0,700,0.0,0.0
2023-08-28 10:00:00+09:00,1017.0,1017.0,1017.0,1017.0,100,0.0,0.0
2023-08-28 11:00:00+09:00,1017.0,1020.0,1017.0,1020.0,0,0.0,0.0
2023-08-28 13:00:00+09:00,1020.0,1020.0,1016.0,1016.0,1800,0.0,0.0
2023-08-28 14:00:00+09:00,1020.0,1020.0,1020.0,1020.0,100,0.0,0.0
2023-08-29 09:00:00+09:00,1022.0,1022.0,1022.0,1022.0,200,0.0,0.0
2023-08-29 11:00:00+09:00,1022.0,1022.0,1022.0,1022.0,0,0.0,0.0
2023-08-29 12:00:00+09:00,1022.0,1022.0,1022.0,1022.0,0,0.0,0.0
2023-08-29 13:00:00+09:00,1022.0,1022.0,1022.0,1022.0,500,0.0,0.0
2023-08-29 14:00:00+09:00,1020.0,1020.0,1020.0,1020.0,100,0.0,0.0
2023-08-30 09:00:00+09:00,1022.0,1035.0,1022.0,1035.0,2300,0.0,0.0
2023-08-30 10:00:00+09:00,1030.0,1036.0,1030.0,1035.0,1400,0.0,0.0
2023-08-30 11:00:00+09:00,1030.0,1030.0,1030.0,1030.0,0,0.0,0.0
2023-08-30 12:00:00+09:00,1028.0,1028.0,1026.0,1027.0,5000,0.0,0.0
2023-08-30 13:00:00+09:00,1030.0,1030.0,1026.0,1026.0,1000,0.0,0.0
2023-08-30 14:00:00+09:00,1030.0,1030.0,1026.0,1026.0,400,0.0,0.0
2023-08-31 09:00:00+09:00,1030.0,1036.0,1028.0,1035.0,3900,0.0,0.0
2023-08-31 10:00:00+09:00,1033.0,1033.0,1033.0,1033.0,0,0.0,0.0
2023-08-31 11:00:00+09:00,1028.0,1031.0,1024.0,1024.0,0,0.0,0.0
2023-08-31 12:00:00+09:00,1025.0,1033.0,1025.0,1029.0,6000,0.0,0.0
2023-08-31 13:00:00+09:00,1029.0,1029.0,1029.0,1029.0,200,0.0,0.0
2023-08-31 14:00:00+09:00,1029.0,1029.0,1029.0,1029.0,100,0.0,0.0
2023-09-01 09:00:00+09:00,1028.0,1031.0,1020.0,1028.0,2600,0.0,0.0
2023-09-01 10:00:00+09:00,1023.0,1023.0,1023.0,1023.0,100,0.0,0.0
2023-09-01 11:00:00+09:00,1023.0,1023.0,1023.0,1023.0,0,0.0,0.0
2023-09-01 12:00:00+09:00,1023.0,1023.0,1023.0,1023.0,3200,0.0,0.0
2023-09-01 14:00:00+09:00,1026.0,1026.0,1024.0,1024.0,300,0.0,0.0
2023-09-04 09:00:00+09:00,1024.0,1024.0,1019.0,1024.0,3300,0.0,0.0
2023-09-04 10:00:00+09:00,1024.0,1024.0,1023.0,1023.0,300,0.0,0.0
2023-09-04 11:00:00+09:00,1023.0,1023.0,1023.0,1023.0,0,0.0,0.0
2023-09-04 12:00:00+09:00,1023.0,1023.0,1023.0,1023.0,3900,0.0,0.0
2023-09-04 13:00:00+09:00,1025.0,1026.0,1025.0,1025.0,400,0.0,0.0
2023-09-04 14:00:00+09:00,1027.0,1031.0,1027.0,1031.0,1000,0.0,0.0
2023-09-05 09:00:00+09:00,1032.0,1032.0,1027.0,1032.0,1100,0.0,0.0
2023-09-05 10:00:00+09:00,1034.0,1036.0,1034.0,1034.0,1000,0.0,0.0
2023-09-05 11:00:00+09:00,1035.0,1035.0,1035.0,1035.0,0,0.0,0.0
2023-09-05 12:00:00+09:00,1037.0,1037.0,1036.0,1036.0,3100,0.0,0.0
2023-09-05 13:00:00+09:00,1037.0,1037.0,1028.0,1037.0,1200,0.0,0.0
2023-09-05 14:00:00+09:00,1036.0,1037.0,1036.0,1037.0,200,0.0,0.0
2023-09-06 09:00:00+09:00,1037.0,1037.0,1035.0,1035.0,200,0.0,0.0
2023-09-06 10:00:00+09:00,1035.0,1036.0,1023.0,1023.0,2200,0.0,0.0
2023-09-06 11:00:00+09:00,1023.0,1023.0,1023.0,1023.0,0,0.0,0.0
2023-09-06 12:00:00+09:00,1024.0,1024.0,1024.0,1024.0,2500,0.0,0.0
2023-09-06 13:00:00+09:00,1030.0,1033.0,1030.0,1033.0,200,0.0,0.0
2023-09-06 14:00:00+09:00,1034.0,1036.0,1034.0,1035.0,400,0.0,0.0
2023-09-07 09:00:00+09:00,1036.0,1036.0,1025.0,1025.0,2100,0.0,0.0
2023-09-07 10:00:00+09:00,1030.0,1030.0,1030.0,1030.0,300,0.0,0.0
2023-09-07 11:00:00+09:00,1033.0,1037.0,1033.0,1035.0,0,0.0,0.0
2023-09-07 12:00:00+09:00,1035.0,1035.0,1035.0,1035.0,4300,0.0,0.0
2023-09-07 13:00:00+09:00,1034.0,1034.0,1034.0,1034.0,100,0.0,0.0
2023-09-07 14:00:00+09:00,1032.0,1035.0,1032.0,1035.0,2100,0.0,0.0
2023-09-08 09:00:00+09:00,1035.0,1035.0,1034.0,1034.0,1600,0.0,0.0
2023-09-08 10:00:00+09:00,1031.0,1031.0,1031.0,1031.0,100,0.0,0.0
2023-09-08 11:00:00+09:00,1031.0,1031.0,1031.0,1031.0,0,0.0,0.0
2023-09-08 12:00:00+09:00,1034.0,1034.0,1029.0,1029.0,1900,0.0,0.0
2023-09-08 13:00:00+09:00,1029.0,1029.0,1029.0,1029.0,200,0.0,0.0
2023-09-11 09:00:00+09:00,1034.0,1035.0,1028.0,1028.0,700,0.0,0.0
2023-09-11 10:00:00+09:00,1007.0,1034.0,1007.0,1021.0,5600,0.0,0.0
2023-09-11 11:00:00+09:00,1024.0,1024.0,1024.0,1024.0,0,0.0,0.0
2023-09-11 12:00:00+09:00,1020.0,1020.0,1018.0,1019.0,7500,0.0,0.0
2023-09-11 13:00:00+09:00,1019.0,1020.0,1019.0,1020.0,400,0.0,0.0
2023-09-12 09:00:00+09:00,1016.0,1027.0,1016.0,1027.0,300,0.0,0.0
2023-09-12 11:00:00+09:00,1018.0,1024.0,1017.0,1024.0,0,0.0,0.0
2023-09-12 13:00:00+09:00,1034.0,1040.0,1030.0,1040.0,4900,0.0,0.0
2023-09-12 14:00:00+09:00,1035.0,1039.0,1035.0,1039.0,900,0.0,0.0
2023-09-13 09:00:00+09:00,1030.0,1032.0,1020.0,1025.0,1900,0.0,0.0
2023-09-13 11:00:00+09:00,1023.0,1024.0,1023.0,1023.0,0,0.0,0.0
2023-09-13 12:00:00+09:00,1030.0,1030.0,1030.0,1030.0,2300,0.0,0.0
2023-09-13 13:00:00+09:00,1030.0,1034.0,1030.0,1034.0,1100,0.0,0.0
2023-09-13 14:00:00+09:00,1031.0,1032.0,1028.0,1028.0,700,0.0,0.0
2023-09-14 09:00:00+09:00,1041.0,1058.0,1041.0,1052.0,0,0.0,0.0
2023-09-14 10:00:00+09:00,1050.0,1052.0,1050.0,1050.0,15200,0.0,0.0
2023-09-14 11:00:00+09:00,1053.0,1053.0,1053.0,1053.0,0,0.0,0.0
2023-09-14 12:00:00+09:00,1052.0,1056.0,1052.0,1056.0,16700,0.0,0.0
2023-09-14 13:00:00+09:00,1056.0,1058.0,1042.0,1058.0,2100,0.0,0.0
2023-09-14 14:00:00+09:00,1056.0,1057.0,1050.0,1056.0,900,0.0,0.0
2023-09-15 09:00:00+09:00,1064.0,1067.0,1039.0,1067.0,0,0.0,0.0
2023-09-15 10:00:00+09:00,1064.0,1066.0,1060.0,1066.0,5900,0.0,0.0
2023-09-15 11:00:00+09:00,1069.0,1072.0,1069.0,1072.0,0,0.0,0.0
2023-09-15 12:00:00+09:00,1064.0,1070.0,1050.0,1050.0,10500,0.0,0.0
2023-09-15 13:00:00+09:00,1052.0,1069.0,1052.0,1069.0,2100,0.0,0.0
2023-09-15 14:00:00+09:00,1066.0,1066.0,1058.0,1058.0,1800,0.0,0.0
2023-09-19 09:00:00+09:00,1059.0,1062.0,1056.0,1060.0,3200,0.0,0.0
2023-09-19 10:00:00+09:00,1060.0,1060.0,1058.0,1058.0,500,0.0,0.0
2023-09-19 11:00:00+09:00,1056.0,1056.0,1056.0,1056.0,0,0.0,0.0
2023-09-19 12:00:00+09:00,1057.0,1057.0,1055.0,1055.0,4200,0.0,0.0
2023-09-19 13:00:00+09:00,1056.0,1056.0,1056.0,1056.0,700,0.0,0.0
2023-09-19 14:00:00+09:00,1057.0,1057.0,1057.0,1057.0,300,0.0,0.0
2023-09-20 09:00:00+09:00,1059.0,1070.0,1059.0,1067.0,3000,0.0,0.0
2023-09-20 10:00:00+09:00,1061.0,1061.0,1060.0,1060.0,200,0.0,0.0
2023-09-20 11:00:00+09:00,1060.0,1060.0,1056.0,1056.0,0,0.0,0.0
2023-09-20 12:00:00+09:00,1056.0,1063.0,1056.0,1063.0,6400,0.0,0.0
2023-09-20 13:00:00+09:00,1062.0,1063.0,1060.0,1060.0,4100,0.0,0.0
2023-09-20 14:00:00+09:00,1058.0,1060.0,1056.0,1060.0,1900,0.0,0.0
2023-09-21 09:00:00+09:00,1051.0,1052.0,1050.0,1050.0,2600,0.0,0.0
2023-09-21 10:00:00+09:00,1053.0,1053.0,1050.0,1050.0,2200,0.0,0.0
2023-09-21 11:00:00+09:00,1051.0,1051.0,1051.0,1051.0,0,0.0,0.0
2023-09-21 12:00:00+09:00,1048.0,1048.0,1046.0,1046.0,6500,0.0,0.0
2023-09-21 13:00:00+09:00,1049.0,1049.0,1049.0,1049.0,100,0.0,0.0
2023-09-21 14:00:00+09:00,1049.0,1049.0,1045.0,1045.0,1300,0.0,0.0
2023-09-22 09:00:00+09:00,1043.0,1046.0,1041.0,1045.0,0,0.0,0.0
2023-09-22 10:00:00+09:00,1045.0,1047.0,1045.0,1046.0,5300,0.0,0.0
2023-09-22 11:00:00+09:00,1046.0,1046.0,1046.0,1046.0,0,0.0,0.0
2023-09-22 12:00:00+09:00,1048.0,1049.0,1048.0,1049.0,5900,0.0,0.0
2023-09-22 14:00:00+09:00,1049.0,1053.0,1049.0,1053.0,900,0.0,0.0
2023-09-25 09:00:00+09:00,1060.0,1069.0,1055.0,1069.0,4700,0.0,0.0
2023-09-25 10:00:00+09:00,1066.0,1070.0,1066.0,1070.0,5300,0.0,0.0
2023-09-25 11:00:00+09:00,1072.0,1076.0,1072.0,1073.0,0,0.0,0.0
2023-09-25 12:00:00+09:00,1073.0,1082.0,1071.0,1081.0,17600,0.0,0.0
2023-09-25 13:00:00+09:00,1080.0,1081.0,1077.0,1081.0,3800,0.0,0.0
2023-09-25 14:00:00+09:00,1081.0,1081.0,1081.0,1081.0,100,0.0,0.0
2023-09-26 09:00:00+09:00,1085.0,1096.0,1085.0,1090.0,0,0.0,0.0
2023-09-26 10:00:00+09:00,1088.0,1089.0,1085.0,1085.0,9400,0.0,0.0
2023-09-26 11:00:00+09:00,1088.0,1088.0,1085.0,1085.0,0,0.0,0.0
2023-09-26 12:00:00+09:00,1088.0,1088.0,1085.0,1085.0,9900,0.0,0.0
2023-09-26 13:00:00+09:00,1085.0,1087.0,1084.0,1085.0,900,0.0,0.0
2023-09-26 14:00:00+09:00,1087.0,1088.0,1085.0,1088.0,700,0.0,0.0
2023-09-27 09:00:00+09:00,1081.0,1088.0,1080.0,1082.0,0,0.0,0.0
2023-09-27 10:00:00+09:00,1085.0,1085.0,1085.0,1085.0,2300,0.0,0.0
2023-09-27 11:00:00+09:00,1087.0,1088.0,1087.0,1088.0,0,0.0,0.0
2023-09-27 12:00:00+09:00,1092.0,1092.0,1092.0,1092.0,2800,0.0,0.0
2023-09-27 13:00:00+09:00,1090.0,1090.0,1090.0,1090.0,200,0.0,0.0
2023-09-27 14:00:00+09:00,1090.0,1094.0,1090.0,1094.0,3600,0.0,0.0
2023-09-28 09:00:00+09:00,1069.0,1104.0,1069.0,1087.0,2200,0.0,0.0
2023-09-28 10:00:00+09:00,1090.0,1090.0,1081.0,1083.0,2500,0.0,0.0
2023-09-28 11:00:00+09:00,1081.0,1081.0,1081.0,1081.0,0,0.0,0.0
2023-09-28 12:00:00+09:00,1082.0,1082.0,1063.0,1065.0,8100,0.0,0.0
2023-09-28 13:00:00+09:00,1058.0,1060.0,1054.0,1054.0,1500,0.0,0.0
2023-09-28 14:00:00+09:00,1072.0,1072.0,1072.0,1072.0,100,0.0,0.0
2023-09-29 09:00:00+09:00,1076.0,1082.0,1062.0,1070.0,2500,0.0,0.0
2023-09-29 10:00:00+09:00,1070.0,1070.0,1069.0,1069.0,200,0.0,0.0
2023-09-29 11:00:00+09:00,1068.0,1068.0,1066.0,1066.0,0,0.0,0.0
2023-09-29 12:00:00+09:00,1064.0,1064.0,1063.0,1063.0,3300,0.0,0.0
2023-09-29 13:00:00+09:00,1062.0,1062.0,1050.0,1050.0,1000,0.0,0.0
2023-09-29 14:00:00+09:00,1055.0,1055.0,1048.0,1050.0,2800,0.0,0.0
2023-10-02 09:00:00+09:00,1057.0,1076.0,1057.0,1072.0,3300,0.0,0.0
2023-10-02 10:00:00+09:00,1071.0,1076.0,1065.0,1065.0,2300,0.0,0.0
2023-10-02 11:00:00+09:00,1067.0,1067.0,1067.0,1067.0,0,0.0,0.0
2023-10-02 12:00:00+09:00,1065.0,1065.0,1061.0,1061.0,8700,0.0,0.0
2023-10-02 13:00:00+09:00,1062.0,1062.0,1058.0,1058.0,2100,0.0,0.0
2023-10-02 14:00:00+09:00,1066.0,1066.0,1058.0,1058.0,200,0.0,0.0
2023-10-03 09:00:00+09:00,1066.0,1066.0,1048.0,1048.0,3300,0.0,0.0
2023-10-03 10:00:00+09:00,1048.0,1048.0,1043.0,1043.0,1700,0.0,0.0
2023-10-03 11:00:00+09:00,1056.0,1056.0,1056.0,1056.0,0,0.0,0.0
2023-10-03 12:00:00+09:00,1055.0,1061.0,1055.0,1061.0,5300,0.0,0.0
2023-10-03 13:00:00+09:00,1050.0,1050.0,1045.0,1045.0,1600,0.0,0.0
2023-10-03 14:00:00+09:00,1046.0,1052.0,1045.0,1045.0,1500,0.0,0.0
2023-10-04 09:00:00+09:00,1023.0,1037.0,1020.0,1037.0,3700,0.0,0.0
2023-10-04 10:00:00+09:00,1031.0,1032.0,1022.0,1022.0,1000,0.0,0.0
2023-10-04 11:00:00+09:00,1022.0,1022.0,1022.0,1022.0,0,0.0,0.0
2023-10-04 12:00:00+09:00,1022.0,1026.0,1020.0,1020.0,5900,0.0,0.0
2023-10-04 13:00:00+09:00,1019.0,1024.0,1017.0,1024.0,800,0.0,0.0
2023-10-04 14:00:00+09:00,1025.0,1025.0,1019.0,1019.0,700,0.0,0.0
2023-10-05 09:00:00+09:00,1030.0,1039.0,1019.0,1019.0,1100,0.0,0.0
2023-10-05 10:00:00+09:00,1021.0,1025.0,1021.0,1025.0,500,0.0,0.0
2023-10-05 11:00:00+09:00,1025.0,1025.0,1025.0,1025.0,0,0.0,0.0
2023-10-05 12:00:00+09:00,1035.0,1035.0,1035.0,1035.0,1700,0.0,0.0
2023-10-05 13:00:00+09:00,1030.0,1030.0,1030.0,1030.0,200,0.0,0.0
2023-10-05 14:00:00+09:00,1030.0,1030.0,1030.0,1030.0,200,0.0,0.0
2023-10-06 09:00:00+09:00,1040.0,1047.0,1040.0,1040.0,1500,0.0,0.0
2023-10-06 11:00:00+09:00,1039.0,1039.0,1036.0,1036.0,0,0.0,0.0
2023-10-06 12:00:00+09:00,1032.0,1032.0,1032.0,1032.0,4000,0.0,0.0
2023-10-06 13:00:00+09:00,1033.0,1033.0,1033.0,1033.0,100,0.0,0.0
2023-10-06 14:00:00+09:00,1033.0,1033.0,1033.0,1033.0,100,0.0,0.0
2023-10-10 09:00:00+09:00,1023.0,1030.0,1023.0,1030.0,1600,0.0,0.0
2023-10-10 10:00:00+09:00,1035.0,1037.0,1035.0,1037.0,300,0.0,0.0
2023-10-10 11:00:00+09:00,1036.0,1036.0,1036.0,1036.0,0,0.0,0.0
2023-10-10 12:00:00+09:00,1036.0,1037.0,1034.0,1037.0,4100,0.0,0.0
2023-10-10 13:00:00+09:00,1035.0,1037.0,1035.0,1037.0,600,0.0,0.0
2023-10-10 14:00:00+09:00,1038.0,1038.0,1038.0,1038.0,200,0.0,0.0
2023-10-11 09:00:00+09:00,1027.0,1038.0,1027.0,1038.0,800,0.0,0.0
2023-10-11 10:00:00+09:00,1037.0,1037.0,1037.0,1037.0,100,0.0,0.0
2023-10-11 11:00:00+09:00,1037.0,1037.0,1037.0,1037.0,0,0.0,0.0
2023-10-11 12:00:00+09:00,1030.0,1037.0,1030.0,1037.0,1900,0.0,0.0
2023-10-11 13:00:00+09:00,1047.0,1047.0,1047.0,1047.0,500,0.0,0.0
2023-10-11 14:00:00+09:00,1039.0,1039.0,1039.0,1039.0,400,0.0,0.0
2023-10-12 09:00:00+09:00,1038.0,1040.0,1036.0,1040.0,700,0.0,0.0
2023-10-12 10:00:00+09:00,1042.0,1042.0,1042.0,1042.0,100,0.0,0.0
2023-10-12 11:00:00+09:00,1041.0,1043.0,1041.0,1043.0,0,0.0,0.0
2023-10-12 12:00:00+09:00,1050.0,1050.0,1050.0,1050.0,2500,0.0,0.0
2023-10-12 13:00:00+09:00,1046.0,1050.0,1046.0,1050.0,1000,0.0,0.0
2023-10-12 14:00:00+09:00,1049.0,1050.0,1049.0,1050.0,700,0.0,0.0
2023-10-13 09:00:00+09:00,1043.0,1044.0,1043.0,1044.0,500,0.0,0.0
2023-10-13 10:00:00+09:00,1048.0,1049.0,1044.0,1044.0,1100,0.0,0.0
2023-10-13 11:00:00+09:00,1047.0,1047.0,1043.0,1043.0,0,0.0,0.0
2023-10-13 12:00:00+09:00,1042.0,1042.0,1042.0,1042.0,2000,0.0,0.0
2023-10-13 13:00:00+09:00,1041.0,1042.0,1033.0,1042.0,1500,0.0,0.0
2023-10-13 14:00:00+09:00,1040.0,1040.0,1036.0,1036.0,200,0.0,0.0
2023-10-16 09:00:00+09:00,1030.0,1041.0,1030.0,1041.0,400,0.0,0.0
2023-10-16 10:00:00+09:00,1035.0,1035.0,1030.0,1030.0,1100,0.0,0.0
2023-10-16 11:00:00+09:00,1030.0,1030.0,1030.0,1030.0,0,0.0,0.0
2023-10-16 12:00:00+09:00,1035.0,1035.0,1026.0,1026.0,2400,0.0,0.0
2023-10-16 13:00:00+09:00,1028.0,1029.0,1027.0,1029.0,900,0.0,0.0
2023-10-16 14:00:00+09:00,1033.0,1033.0,1028.0,1028.0,200,0.0,0.0
2023-10-17 09:00:00+09:00,1042.0,1043.0,1026.0,1026.0,1500,0.0,0.0
2023-10-17 10:00:00+09:00,1027.0,1028.0,1021.0,1024.0,1300,0.0,0.0
2023-10-17 11:00:00+09:00,1029.0,1037.0,1029.0,1037.0,0,0.0,0.0
2023-10-17 12:00:00+09:00,1038.0,1039.0,1031.0,1039.0,4300,0.0,0.0
2023-10-17 13:00:00+09:00,1035.0,1035.0,1035.0,1035.0,300,0.0,0.0
2023-10-17 14:00:00+09:00,1037.0,1037.0,1037.0,1037.0,100,0.0,0.0
2023-10-18 09:00:00+09:00,1038.0,1038.0,1038.0,1038.0,100,0.0,0.0
2023-10-18 10:00:00+09:00,1040.0,1041.0,1040.0,1041.0,200,0.0,0.0
2023-10-18 11:00:00+09:00,1041.0,1041.0,1041.0,1041.0,0,0.0,0.0
2023-10-18 12:00:00+09:00,1039.0,1039.0,1039.0,1039.0,1300,0.0,0.0
2023-10-18 13:00:00+09:00,1038.0,1039.0,1038.0,1039.0,200,0.0,0.0
2023-10-19 09:00:00+09:00,1039.0,1042.0,1036.0,1039.0,2100,0.0,0.0
2023-10-19 10:00:00+09:00,1030.0,1030.0,1030.0,1030.0,100,0.0,0.0
2023-10-19 11:00:00+09:00,1030.0,1030.0,1030.0,1030.0,0,0.0,0.0
2023-10-19 12:00:00+09:00,1030.0,1030.0,1024.0,1024.0,3700,0.0,0.0
2023-10-19 13:00:00+09:00,1025.0,1025.0,1025.0,1025.0,300,0.0,0.0
2023-10-19 14:00:00+09:00,1025.0,1025.0,1025.0,1025.0,900,0.0,0.0
2023-10-20 09:00:00+09:00,1022.0,1022.0,1021.0,1021.0,600,0.0,0.0
2023-10-20 10:00:00+09:00,1020.0,1022.0,1020.0,1022.0,200,0.0,0.0
2023-10-20 11:00:00+09:00,1021.0,1024.0,1021.0,1024.0,0,0.0,0.0
2023-10-20 12:00:00+09:00,1025.0,1038.0,1025.0,1038.0,2100,0.0,0.0
2023-10-20 14:00:00+09:00,1030.0,1030.0,1025.0,1025.0,200,0.0,0.0
2023-10-23 09:00:00+09:00,1022.0,1023.0,1022.0,1022.0,1000,0.0,0.0
2023-10-23 11:00:00+09:00,1025.0,1026.0,1020.0,1020.0,0,0.0,0.0
2023-10-23 12:00:00+09:00,1020.0,1032.0,1020.0,1032.0,2700,0.0,0.0
2023-10-23 13:00:00+09:00,1021.0,1021.0,1018.0,1021.0,900,0.0,0.0
2023-10-23 14:00:00+09:00,1021.0,1021.0,1021.0,1021.0,100,0.0,0.0
2023-10-24 09:00:00+09:00,1021.0,1021.0,1011.0,1011.0,1100,0.0,0.0
2023-10-24 10:00:00+09:00,1010.0,1011.0,1000.0,1000.0,0,0.0,0.0
2023-10-24 11:00:00+09:00,1001.0,1001.0,1001.0,1001.0,0,0.0,0.0
2023-10-24 12:00:00+09:00,1012.0,1012.0,1012.0,1012.0,3700,0.0,0.0
2023-10-24 13:00:00+09:00,1012.0,1013.0,1012.0,1013.0,200,0.0,0.0
2023-10-24 14:00:00+09:00,1013.0,1016.0,1012.0,1012.0,500,0.0,0.0
2023-10-25 09:00:00+09:00,1040.0,1040.0,1021.0,1021.0,1500,0.0,0.0
2023-10-25 10:00:00+09:00,1021.0,1021.0,1021.0,1021.0,200,0.0,0.0
2023-10-25 11:00:00+09:00,1021.0,1021.0,1021.0,1021.0,0,0.0,0.0
2023-10-25 12:00:00+09:00,1020.0,1020.0,1020.0,1020.0,2100,0.0,0.0
2023-10-25 13:00:00+09:00,1026.0,1026.0,1026.0,1026.0,500,0.0,0.0
2023-10-25 14:00:00+09:00,1027.0,1027.0,1027.0,1027.0,300,0.0,0.0
2023-10-26 09:00:00+09:00,1020.0,1024.0,1017.0,1017.0,1100,0.0,0.0
2023-10-26 10:00:00+09:00,1017.0,1017.0,1014.0,1014.0,600,0.0,0.0
2023-10-26 11:00:00+09:00,1019.0,1020.0,1019.0,1020.0,0,0.0,0.0
2023-10-26 13:00:00+09:00,1019.0,1019.0,1019.0,1019.0,2200,0.0,0.0
2023-10-26 14:00:00+09:00,1019.0,1021.0,1019.0,1021.0,500,0.0,0.0
2023-10-27 09:00:00+09:00,1025.0,1025.0,1025.0,1025.0,100,0.0,0.0
2023-10-27 10:00:00+09:00,1028.0,1028.0,1028.0,1028.0,500,0.0,0.0
2023-10-27 11:00:00+09:00,1025.0,1027.0,1025.0,1027.0,0,0.0,0.0
2023-10-27 12:00:00+09:00,1028.0,1028.0,1027.0,1027.0,1100,0.0,0.0
2023-10-27 13:00:00+09:00,1025.0,1025.0,1025.0,1025.0,100,0.0,0.0
2023-10-27 14:00:00+09:00,1021.0,1025.0,1021.0,1025.0,200,0.0,0.0
2023-10-30 09:00:00+09:00,1015.0,1016.0,1012.0,1012.0,800,0.0,0.0
2023-10-30 11:00:00+09:00,1012.0,1012.0,1012.0,1012.0,0,0.0,0.0
2023-10-30 12:00:00+09:00,1012.0,1017.0,1012.0,1017.0,1000,0.0,0.0
2023-10-30 13:00:00+09:00,1013.0,1013.0,1010.0,1010.0,700,0.0,0.0
2023-10-30 14:00:00+09:00,1012.0,1012.0,1012.0,1012.0,200,0.0,0.0
2023-10-31 09:00:00+09:00,1011.0,1011.0,1011.0,1011.0,100,0.0,0.0
2023-10-31 10:00:00+09:00,1013.0,1013.0,1013.0,1013.0,100,0.0,0.0
2023-10-31 11:00:00+09:00,1013.0,1013.0,1013.0,1013.0,0,0.0,0.0
2023-10-31 12:00:00+09:00,1011.0,1011.0,1009.0,1009.0,800,0.0,0.0
2023-10-31 14:00:00+09:00,1013.0,1013.0,1013.0,1013.0,100,0.0,0.0
2023-11-01 09:00:00+09:00,1026.0,1026.0,1012.0,1012.0,1200,0.0,0.0
2023-11-01 10:00:00+09:00,1028.0,1028.0,1028.0,1028.0,100,0.0,0.0
2023-11-01 11:00:00+09:00,1028.0,1028.0,1028.0,1028.0,0,0.0,0.0
2023-11-01 12:00:00+09:00,1025.0,1025.0,1025.0,1025.0,1400,0.0,0.0
2023-11-02 09:00:00+09:00,1018.0,1020.0,1018.0,1020.0,0,0.0,0.0
2023-11-02 10:00:00+09:00,1022.0,1022.0,1021.0,1021.0,500,0.0,0.0
2023-11-02 11:00:00+09:00,1021.0,1021.0,1021.0,1021.0,0,0.0,0.0
2023-11-06 09:00:00+09:00,1020.0,1025.0,1003.0,1018.0,2200,0.0,0.0
2023-11-06 10:00:00+09:00,1018.0,1025.0,1016.0,1025.0,1100,0.0,0.0
2023-11-06 11:00:00+09:00,1025.0,1025.0,1025.0,1025.0,0,0.0,0.0
2023-11-06 12:00:00+09:00,1025.0,1028.0,1025.0,1028.0,4000,0.0,0.0
2023-11-07 09:00:00+09:00,1019.0,1019.0,1019.0,1019.0,400,0.0,0.0
2023-11-07 10:00:00+09:00,1023.0,1023.0,1019.0,1019.0,200,0.0,0.0
2023-11-07 11:00:00+09:00,1019.0,1019.0,1019.0,1019.0,0,0.0,0.0
2023-11-07 13:00:00+09:00,1018.0,1018.0,1018.0,1018.0,800,0.0,0.0
2023-11-07 14:00:00+09:00,1019.0,1019.0,1018.0,1018.0,700,0.0,0.0
2023-11-08 09:00:00+09:00,1019.0,1025.0,1018.0,1018.0,1800,0.0,0.0
2023-11-08 10:00:00+09:00,1018.0,1018.0,1018.0,1018.0,100,0.0,0.0
2023-11-08 11:00:00+09:00,1018.0,1018.0,1018.0,1018.0,0,0.0,0.0
2023-11-08 12:00:00+09:00,1015.0,1015.0,1015.0,1015.0,2000,0.0,0.0
2023-11-08 13:00:00+09:00,1012.0,1015.0,1010.0,1010.0,1900,0.0,0.0
2023-11-08 14:00:00+09:00,1012.0,1012.0,1011.0,1011.0,300,0.0,0.0
2023-11-09 09:00:00+09:00,1011.0,1014.0,1011.0,1012.0,2700,0.0,0.0
2023-11-09 10:00:00+09:00,1011.0,1016.0,1010.0,1010.0,2400,0.0,0.0
2023-11-09 11:00:00+09:00,1010.0,1010.0,1010.0,1010.0,0,0.0,0.0
2023-11-09 12:00:00+09:00,1014.0,1014.0,1014.0,1014.0,5200,0.0,0.0
2023-11-09 13:00:00+09:00,1014.0,1017.0,1014.0,1014.0,1200,0.0,0.0
2023-11-09 14:00:00+09:00,1018.0,1020.0,1018.0,1020.0,400,0.0,0.0
2023-11-10 09:00:00+09:00,1021.0,1021.0,1015.0,1017.0,3300,0.0,0.0
2023-11-10 10:00:00+09:00,1015.0,1015.0,1010.0,1010.0,3000,0.0,0.0
2023-11-10 11:00:00+09:00,1010.0,1015.0,1010.0,1015.0,0,0.0,0.0
2023-11-10 12:00:00+09:00,1028.0,1028.0,1028.0,1028.0,7500,0.0,0.0
2023-11-10 14:00:00+09:00,1015.0,1023.0,1013.0,1015.0,700,0.0,0.0
2023-11-13 09:00:00+09:00,1019.0,1019.0,1012.0,1015.0,1700,0.0,0.0
2023-11-13 10:00:00+09:00,1018.0,1018.0,1012.0,1012.0,300,0.0,0.0
2023-11-13 11:00:00+09:00,1013.0,1017.0,1012.0,1012.0,0,0.0,0.0
2023-11-13 12:00:00+09:00,1012.0,1012.0,1012.0,1012.0,2500,0.0,0.0
2023-11-13 13:00:00+09:00,1012.0,1015.0,1012.0,1015.0,300,0.0,0.0
2023-11-14 09:00:00+09:00,1012.0,1012.0,1012.0,1012.0,300,0.0,0.0
2023-11-14 10:00:00+09:00,1012.0,1014.0,1012.0,1014.0,200,0.0,0.0
2023-11-14 11:00:00+09:00,1012.0,1012.0,1012.0,1012.0,0,0.0,0.0
2023-11-14 12:00:00+09:00,1012.0,1012.0,1012.0,1012.0,700,0.0,0.0
2023-11-14 13:00:00+09:00,1011.0,1013.0,1010.0,1013.0,1300,0.0,0.0
2023-11-14 14:00:00+09:00,1010.0,1013.0,1010.0,1013.0,200,0.0,0.0
2023-11-15 09:00:00+09:00,1013.0,1015.0,1013.0,1015.0,600,0.0,0.0
2023-11-15 10:00:00+09:00,1015.0,1015.0,1013.0,1013.0,200,0.0,0.0
2023-11-15 11:00:00+09:00,1013.0,1013.0,1013.0,1013.0,0,0.0,0.0
2023-11-15 13:00:00+09:00,1014.0,1014.0,1012.0,1014.0,1300,0.0,0.0
2023-11-15 14:00:00+09:00,1012.0,1012.0,1012.0,1012.0,300,0.0,0.0
2023-11-16 09:00:00+09:00,1015.0,1015.0,1015.0,1015.0,100,0.0,0.0
2023-11-16 10:00:00+09:00,1013.0,1014.0,1013.0,1014.0,300,0.0,0.0
2023-11-16 11:00:00+09:00,1014.0,1014.0,1014.0,1014.0,0,0.0,0.0
2023-11-16 12:00:00+09:00,1014.0,1014.0,1014.0,1014.0,700,0.0,0.0
2023-11-16 13:00:00+09:00,1014.0,1014.0,1014.0,1014.0,200,0.0,0.0
2023-11-16 14:00:00+09:00,1013.0,1013.0,1013.0,1013.0,100,0.0,0.0
2023-11-17 09:00:00+09:00,1011.0,1012.0,1011.0,1011.0,600,0.0,0.0
2023-11-17 10:00:00+09:00,1012.0,1013.0,1010.0,1013.0,2100,0.0,0.0
2023-11-17 11:00:00+09:00,1010.0,1010.0,1000.0,1003.0,0,0.0,0.0
2023-11-17 12:00:00+09:00,1005.0,1011.0,1005.0,1011.0,12400,0.0,0.0
2023-11-17 13:00:00+09:00,1011.0,1013.0,1011.0,1013.0,1000,0.0,0.0
2023-11-17 14:00:00+09:00,1013.0,1020.0,1004.0,1020.0,3300,0.0,0.0
2023-11-20 09:00:00+09:00,1020.0,1031.0,1020.0,1031.0,1700,0.0,0.0
2023-11-20 10:00:00+09:00,1026.0,1026.0,1023.0,1023.0,400,0.0,0.0
2023-11-20 11:00:00+09:00,1020.0,1020.0,1020.0,1020.0,0,0.0,0.0
2023-11-20 12:00:00+09:00,1020.0,1020.0,1020.0,1020.0,2700,0.0,0.0
2023-11-20 13:00:00+09:00,1027.0,1029.0,1027.0,1029.0,400,0.0,0.0
2023-11-20 14:00:00+09:00,1028.0,1030.0,1028.0,1030.0,700,0.0,0.0
2023-11-21 09:00:00+09:00,1030.0,1031.0,1025.0,1025.0,700,0.0,0.0
2023-11-21 10:00:00+09:00,1030.0,1030.0,1030.0,1030.0,100,0.0,0.0
2023-11-21 11:00:00+09:00,1025.0,1025.0,1025.0,1025.0,0,0.0,0.0
2023-11-21 12:00:00+09:00,1023.0,1026.0,1023.0,1026.0,1100,0.0,0.0
2023-11-21 13:00:00+09:00,1023.0,1023.0,1023.0,1023.0,100,0.0,0.0
2023-11-21 14:00:00+09:00,1023.0,1029.0,1023.0,1023.0,900,0.0,0.0
2023-11-22 09:00:00+09:00,1025.0,1025.0,1020.0,1022.0,900,0.0,0.0
2023-11-22 10:00:00+09:00,1022.0,1027.0,1022.0,1024.0,600,0.0,0.0
2023-11-22 11:00:00+09:00,1024.0,1024.0,1024.0,1024.0,0,0.0,0.0
2023-11-22 12:00:00+09:00,1024.0,1024.0,1020.0,1020.0,2200,0.0,0.0
2023-11-22 13:00:00+09:00,1020.0,1028.0,1020.0,1028.0,200,0.0,0.0
2023-11-22 14:00:00+09:00,1027.0,1027.0,1027.0,1027.0,100,0.0,0.0
2023-11-24 09:00:00+09:00,1030.0,1030.0,1030.0,1030.0,200,0.0,0.0
2023-11-24 10:00:00+09:00,1029.0,1029.0,1029.0,1029.0,100,0.0,0.0
2023-11-24 11:00:00+09:00,1029.0,1029.0,1029.0,1029.0,0,0.0,0.0
2023-11-24 13:00:00+09:00,1026.0,1026.0,1026.0,1026.0,900,0.0,0.0
2023-11-24 14:00:00+09:00,1026.0,1029.0,1023.0,1023.0,1600,0.0,0.0
2023-11-27 09:00:00+09:00,1023.0,1033.0,1023.0,1033.0,2400,0.0,0.0
2023-11-27 10:00:00+09:00,1031.0,1031.0,1030.0,1031.0,700,0.0,0.0
2023-11-27 11:00:00+09:00,1030.0,1030.0,1030.0,1030.0,0,0.0,0.0
2023-11-27 12:00:00+09:00,1033.0,1033.0,1033.0,1033.0,3300,0.0,0.0
2023-11-27 14:00:00+09:00,1039.0,1040.0,1039.0,1040.0,500,0.0,0.0
2023-11-28 09:00:00+09:00,1046.0,1047.0,1046.0,1047.0,400,0.0,0.0
2023-11-28 10:00:00+09:00,1037.0,1045.0,1037.0,1038.0,600,0.0,0.0
2023-11-28 11:00:00+09:00,1038.0,1038.0,1038.0,1038.0,0,0.0,0.0
2023-11-28 12:00:00+09:00,1034.0,1034.0,1034.0,1034.0,1400,0.0,0.0
2023-11-28 13:00:00+09:00,1034.0,1042.0,1034.0,1042.0,1000,0.0,0.0
2023-11-28 14:00:00+09:00,1044.0,1046.0,1044.0,1045.0,500,0.0,0.0
2023-11-29 09:00:00+09:00,1045.0,1045.0,1045.0,1045.0,100,0.0,0.0
2023-11-29 10:00:00+09:00,1036.0,1036.0,1036.0,1036.0,200,0.0,0.0
2023-11-29 11:00:00+09:00,1036.0,1036.0,1036.0,1036.0,0,0.0,0.0
2023-11-29 12:00:00+09:00,1036.0,1036.0,1025.0,1025.0,1300,0.0,0.0
2023-11-29 13:00:00+09:00,1040.0,1040.0,1040.0,1040.0,100,0.0,0.0
2023-11-29 14:00:00+09:00,1040.0,1040.0,1040.0,1040.0,100,0.0,0.0
2023-11-30 12:00:00+09:00,1033.0,1041.0,1033.0,1041.0,300,0.0,0.0
2023-11-30 13:00:00+09:00,1033.0,1040.0,1033.0,1040.0,400,0.0,0.0
2023-11-30 14:00:00+09:00,1040.0,1040.0,1036.0,1039.0,400,0.0,0.0
2023-12-01 09:00:00+09:00,1044.0,1044.0,1036.0,1036.0,1200,0.0,0.0
2023-12-01 10:00:00+09:00,1036.0,1036.0,1036.0,1036.0,100,0.0,0.0
2023-12-01 11:00:00+09:00,1035.0,1035.0,1033.0,1033.0,0,0.0,0.0
2023-12-01 13:00:00+09:00,1030.0,1030.0,1030.0,1030.0,1900,0.0,0.0
2023-12-01 14:00:00+09:00,1037.0,1037.0,1037.0,1037.0,100,0.0,0.0
2023-12-04 09:00:00+09:00,1037.0,1037.0,1028.0,1030.0,1500,0.0,0.0
2023-12-04 10:00:00+09:00,1028.0,1028.0,1028.0,1028.0,100,0.0,0.0
2023-12-04 11:00:00+09:00,1028.0,1028.0,1028.0,1028.0,0,0.0,0.0
2023-12-04 12:00:00+09:00,1025.0,1026.0,1025.0,1026.0,1800,0.0,0.0
2023-12-04 13:00:00+09:00,1028.0,1038.0,1028.0,1038.0,900,0.0,0.0
2023-12-04 14:00:00+09:00,1033.0,1033.0,1020.0,1029.0,6100,0.0,0.0
2023-12-05 09:00:00+09:00,1028.0,1028.0,1025.0,1025.0,500,0.0,0.0
2023-12-05 10:00:00+09:00,1021.0,1021.0,1017.0,1020.0,1300,0.0,0.0
2023-12-05 11:00:00+09:00,1020.0,1020.0,1020.0,1020.0,0,0.0,0.0
2023-12-05 12:00:00+09:00,1022.0,1022.0,1020.0,1020.0,2500,0.0,0.0
2023-12-05 14:00:00+09:00,1020.0,1020.0,1017.0,1017.0,2000,0.0,0.0
2023-12-06 09:00:00+09:00,1017.0,1022.0,1017.0,1022.0,800,0.0,0.0
2023-12-06 10:00:00+09:00,1024.0,1024.0,1020.0,1024.0,600,0.0,0.0
2023-12-06 11:00:00+09:00,1020.0,1020.0,1020.0,1020.0,0,0.0,0.0
2023-12-06 12:00:00+09:00,1019.0,1019.0,1019.0,1019.0,1600,0.0,0.0
2023-12-06 13:00:00+09:00,1025.0,1025.0,1020.0,1020.0,200,0.0,0.0
2023-12-06 14:00:00+09:00,1020.0,1025.0,1019.0,1025.0,700,0.0,0.0
2023-12-07 09:00:00+09:00,1023.0,1023.0,1022.0,1022.0,700,0.0,0.0
2023-12-07 10:00:00+09:00,1022.0,1022.0,1021.0,1021.0,300,0.0,0.0
2023-12-07 11:00:00+09:00,1021.0,1021.0,1021.0,1021.0,0,0.0,0.0
2023-12-07 12:00:00+09:00,1021.0,1021.0,1021.0,1021.0,1300,0.0,0.0
2023-12-07 14:00:00+09:00,1021.0,1023.0,1018.0,1018.0,1200,0.0,0.0
2023-12-08 09:00:00+09:00,1029.0,1029.0,1015.0,1020.0,1600,0.0,0.0
2023-12-08 10:00:00+09:00,1016.0,1018.0,1015.0,1015.0,0,0.0,0.0
2023-12-08 11:00:00+09:00,1015.0,1015.0,1014.0,1014.0,0,0.0,0.0
2023-12-08 12:00:00+09:00,1015.0,1016.0,1012.0,1012.0,4000,0.0,0.0
2023-12-08 13:00:00+09:00,1012.0,1012.0,1008.0,1008.0,800,0.0,0.0
2023-12-08 14:00:00+09:00,1010.0,1010.0,1010.0,1010.0,500,0.0,0.0
2023-12-11 09:00:00+09:00,1041.0,1041.0,1013.0,1013.0,7600,0.0,0.0
2023-12-11 10:00:00+09:00,1021.0,1022.0,1015.0,1015.0,800,0.0,0.0
2023-12-11 11:00:00+09:00,1014.0,1014.0,1014.0,1014.0,0,0.0,0.0
2023-12-11 12:00:00+09:00,1021.0,1021.0,1017.0,1017.0,13800,0.0,0.0
2023-12-11 13:00:00+09:00,1015.0,1015.0,1015.0,1015.0,100,0.0,0.0
2023-12-11 14:00:00+09:00,1018.0,1019.0,1015.0,1019.0,1300,0.0,0.0
2023-12-12 09:00:00+09:00,1023.0,1023.0,1021.0,1021.0,300,0.0,0.0
2023-12-12 11:00:00+09:00,1018.0,1018.0,1018.0,1018.0,0,0.0,0.0
2023-12-12 12:00:00+09:00,1016.0,1016.0,1016.0,1016.0,600,0.0,0.0
2023-12-12 13:00:00+09:00,1016.0,1019.0,1016.0,1016.0,400,0.0,0.0
2023-12-12 14:00:00+09:00,1015.0,1015.0,1015.0,1015.0,200,0.0,0.0
2023-12-13 09:00:00+09:00,1013.0,1015.0,1013.0,1015.0,600,0.0,0.0
2023-12-13 10:00:00+09:00,1014.0,1016.0,1014.0,1014.0,300,0.0,0.0
2023-12-13 11:00:00+09:00,1014.0,1014.0,1014.0,1014.0,0,0.0,0.0
2023-12-13 12:00:00+09:00,1014.0,1014.0,1009.0,1009.0,3700,0.0,0.0
2023-12-13 13:00:00+09:00,1012.0,1012.0,1010.0,1010.0,200,0.0,0.0
2023-12-13 14:00:00+09:00,1011.0,1011.0,1011.0,1011.0,200,0.0,0.0
2023-12-14 09:00:00+09:00,1009.0,1013.0,1009.0,1013.0,300,0.0,0.0
2023-12-14 10:00:00+09:00,1011.0,1012.0,1009.0,1009.0,700,0.0,0.0
2023-12-14 11:00:00+09:00,1009.0,1009.0,1009.0,1009.0,0,0.0,0.0
2023-12-14 12:00:00+09:00,1008.0,1008.0,1008.0,1008.0,1900,0.0,0.0
2023-12-14 13:00:00+09:00,1007.0,1007.0,1007.0,1007.0,600,0.0,0.0
2023-12-15 09:00:00+09:00,1004.0,1013.0,1004.0,1013.0,900,0.0,0.0
2023-12-15 10:00:00+09:00,1006.0,1011.0,1005.0,1011.0,500,0.0,0.0
2023-12-15 11:00:00+09:00,1006.0,1006.0,1006.0,1006.0,0,0.0,0.0
2023-12-15 12:00:00+09:00,1005.0,1005.0,1005.0,1005.0,1800,0.0,0.0
2023-12-15 13:00:00+09:00,1005.0,1005.0,1005.0,1005.0,100,0.0,0.0
2023-12-15 14:00:00+09:00,1009.0,1010.0,1009.0,1010.0,200,0.0,0.0
2023-12-18 09:00:00+09:00,1016.0,1016.0,1007.0,1013.0,7400,0.0,0.0
2023-12-18 10:00:00+09:00,1008.0,1008.0,1007.0,1007.0,300,0.0,0.0
2023-12-18 11:00:00+09:00,1007.0,1009.0,1007.0,1009.0,0,0.0,0.0
2023-12-18 12:00:00+09:00,1012.0,1012.0,1007.0,1007.0,8100,0.0,0.0
2023-12-18 13:00:00+09:00,1007.0,1007.0,1007.0,1007.0,100,0.0,0.0
2023-12-18 14:00:00+09:00,1006.0,1006.0,1004.0,1004.0,1200,0.0,0.0
2023-12-19 09:00:00+09:00,1001.0,1015.0,1001.0,1015.0,3400,0.0,0.0
2023-12-19 10:00:00+09:00,1010.0,1013.0,1010.0,1013.0,1400,0.0,0.0
2023-12-19 11:00:00+09:00,1010.0,1010.0,1010.0,1010.0,0,0.0,0.0
2023-12-19 12:00:00+09:00,1010.0,1011.0,1010.0,1010.0,5500,0.0,0.0
2023-12-19 13:00:00+09:00,1013.0,1013.0,1010.0,1010.0,600,0.0,0.0
2023-12-20 09:00:00+09:00,1019.0,1020.0,1017.0,1019.0,2000,0.0,0.0
2023-12-20 10:00:00+09:00,1019.0,1019.0,1019.0,1019.0,300,0.0,0.0
2023-12-20 11:00:00+09:00,1019.0,1019.0,1019.0,1019.0,0,0.0,0.0
2023-12-20 12:00:00+09:00,1019.0,1019.0,1017.0,1017.0,2900,0.0,0.0
2023-12-20 13:00:00+09:00,1019.0,1019.0,1015.0,1018.0,1500,0.0,0.0
2023-12-21 09:00:00+09:00,1012.0,1013.0,1012.0,1013.0,800,0.0,0.0
2023-12-21 10:00:00+09:00,1012.0,1017.0,1011.0,1011.0,0,0.0,0.0
2023-12-21 11:00:00+09:00,1010.0,1011.0,1010.0,1010.0,0,0.0,0.0
2023-12-21 12:00:00+09:00,1010.0,1010.0,1008.0,1008.0,3200,0.0,0.0
2023-12-21 13:00:00+09:00,1010.0,1010.0,1010.0,1010.0,500,0.0,0.0
2023-12-21 14:00:00+09:00,1010.0,1010.0,1010.0,1010.0,300,0.0,0.0
2023-12-22 09:00:00+09:00,1009.0,1013.0,1009.0,1013.0,1000,0.0,0.0
2023-12-22 10:00:00+09:00,1010.0,1010.0,1010.0,1010.0,300,0.0,0.0
2023-12-22 11:00:00+09:00,1013.0,1022.0,1013.0,1022.0,0,0.0,0.0
2023-12-22 12:00:00+09:00,1011.0,1013.0,1010.0,1011.0,6100,0.0,0.0
2023-12-22 13:00:00+09:00,1010.0,1010.0,1010.0,1010.0,200,0.0,0.0
2023-12-22 14:00:00+09:00,1011.0,1011.0,1011.0,1011.0,100,0.0,0.0
2023-12-25 09:00:00+09:00,1010.0,1015.0,1008.0,1008.0,5800,0.0,0.0
2023-12-25 10:00:00+09:00,1010.0,1010.0,1008.0,1008.0,500,0.0,0.0
2023-12-25 11:00:00+09:00,1010.0,1012.0,1008.0,1008.0,0,0.0,0.0
2023-12-25 12:00:00+09:00,1008.0,1012.0,1008.0,1012.0,8300,0.0,0.0
2023-12-25 13:00:00+09:00,1013.0,1013.0,1008.0,1008.0,500,0.0,0.0
2023-12-25 14:00:00+09:00,1008.0,1008.0,1007.0,1007.0,700,0.0,0.0
2023-12-26 09:00:00+09:00,1008.0,1012.0,1005.0,1012.0,6500,0.0,0.0
2023-12-26 10:00:00+09:00,1011.0,1012.0,1002.0,1002.0,2000,0.0,0.0
2023-12-26 11:00:00+09:00,1003.0,1007.0,1002.0,1002.0,0,0.0,0.0
2023-12-26 12:00:00+09:00,1006.0,1006.0,1005.0,1005.0,9500,0.0,0.0
2023-12-26 13:00:00+09:00,1005.0,1009.0,1005.0,1009.0,600,0.0,0.0
2023-12-26 14:00:00+09:00,1005.0,1009.0,1005.0,1009.0,700,0.0,0.0
2023-12-27 09:00:00+09:00,1014.0,1014.0,1007.0,1013.0,900,0.0,0.0
2023-12-27 10:00:00+09:00,1013.0,1013.0,1007.0,1010.0,1000,0.0,0.0
2023-12-27 11:00:00+09:00,1013.0,1015.0,1013.0,1013.0,0,0.0,0.0
2023-12-27 12:00:00+09:00,1015.0,1015.0,1012.0,1012.0,3000,0.0,0.0
2023-12-27 13:00:00+09:00,1013.0,1013.0,1010.0,1010.0,1300,0.0,0.0
2023-12-27 14:00:00+09:00,1016.0,1018.0,1011.0,1013.0,900,0.0,0.0
2023-12-28 09:00:00+09:00,1013.0,1013.0,1013.0,1013.0,200,0.0,0.0
2023-12-28 10:00:00+09:00,1015.0,1015.0,1015.0,1015.0,100,0.0,0.0
2023-12-28 11:00:00+09:00,1020.0,1033.0,1020.0,1029.0,0,0.0,0.0
2023-12-28 12:00:00+09:00,1026.0,1033.0,1024.0,1027.0,2900,0.0,0.0
2023-12-28 13:00:00+09:00,1025.0,1029.0,1024.0,1029.0,0,0.0,0.0
2023-12-28 14:00:00+09:00,1027.0,1030.0,1027.0,1030.0,4600,0.0,0.0
2023-12-29 09:00:00+09:00,1040.0,1040.0,1032.0,1033.0,5000,0.0,0.0
2023-12-29 10:00:00+09:00,1037.0,1037.0,1030.0,1030.0,1100,0.0,0.0
2023-12-29 11:00:00+09:00,1035.0,1038.0,1032.0,1032.0,0,0.0,0.0
2023-12-29 12:00:00+09:00,1032.0,1032.0,1031.0,1031.0,7000,0.0,0.0
2023-12-29 13:00:00+09:00,1031.0,1031.0,1030.0,1030.0,500,0.0,0.0
2023-12-29 14:00:00+09:00,1028.0,1029.0,1028.0,1029.0,300,0.0,0.0
2024-01-04 09:00:00+09:00,1025.0,1036.0,1025.0,1028.0,2100,0.0,0.0
2024-01-04 10:00:00+09:00,1037.0,1038.0,1031.0,1034.0,800,0.0,0.0
2024-01-04 11:00:00+09:00,1038.0,1038.0,1035.0,1035.0,0,0.0,0.0
2024-01-04 12:00:00+09:00,1034.0,1040.0,1030.0,1040.0,4100,0.0,0.0
2024-01-04 13:00:00+09:00,1031.0,1037.0,1030.0,1030.0,4200,0.0,0.0
2024-01-05 09:00:00+09:00,1030.0,1038.0,1025.0,1030.0,2300,0.0,0.0
2024-01-05 10:00:00+09:00,1033.0,1033.0,1030.0,1030.0,500,0.0,0.0
2024-01-05 11:00:00+09:00,1030.0,1030.0,1030.0,1030.0,0,0.0,0.0
2024-01-05 12:00:00+09:00,1033.0,1036.0,1033.0,1036.0,3200,0.0,0.0
2024-01-05 13:00:00+09:00,1031.0,1031.0,1027.0,1030.0,700,0.0,0.0
2024-01-05 14:00:00+09:00,1028.0,1032.0,1028.0,1032.0,400,0.0,0.0
2024-01-09 09:00:00+09:00,1040.0,1042.0,1038.0,1042.0,6400,0.0,0.0
2024-01-09 10:00:00+09:00,1038.0,1038.0,1038.0,1038.0,700,0.0,0.0
2024-01-09 11:00:00+09:00,1038.0,1038.0,1030.0,1030.0,0,0.0,0.0
2024-01-09 12:00:00+09:00,1029.0,1031.0,1028.0,1028.0,9600,0.0,0.0
2024-01-09 13:00:00+09:00,1028.0,1028.0,1027.0,1027.0,700,0.0,0.0
2024-01-09 14:00:00+09:00,1028.0,1030.0,1028.0,1028.0,400,0.0,0.0
2024-01-10 09:00:00+09:00,1029.0,1032.0,1029.0,1032.0,1100,0.0,0.0
2024-01-10 10:00:00+09:00,1034.0,1035.0,1031.0,1032.0,900,0.0,0.0
2024-01-10 11:00:00+09:00,1031.0,1034.0,1031.0,1032.0,0,0.0,0.0
2024-01-10 12:00:00+09:00,1032.0,1035.0,1032.0,1033.0,3000,0.0,0.0
2024-01-10 13:00:00+09:00,1034.0,1037.0,1032.0,1037.0,800,0.0,0.0
2024-01-10 14:00:00+09:00,1036.0,1036.0,1034.0,1034.0,300,0.0,0.0
2024-01-11 09:00:00+09:00,1036.0,1050.0,1036.0,1043.0,3200,0.0,0.0
2024-01-11 10:00:00+09:00,1042.0,1042.0,1042.0,1042.0,1300,0.0,0.0
2024-01-11 11:00:00+09:00,1040.0,1043.0,1040.0,1043.0,0,0.0,0.0
2024-01-11 12:00:00+09:00,1039.0,1040.0,1038.0,1038.0,5400,0.0,0.0
2024-01-11 13:00:00+09:00,1038.0,1038.0,1036.0,1038.0,1700,0.0,0.0
2024-01-11 14:00:00+09:00,1037.0,1037.0,1037.0,1037.0,300,0.0,0.0
2024-01-12 09:00:00+09:00,1036.0,1036.0,1031.0,1031.0,0,0.0,0.0
2024-01-12 10:00:00+09:00,1034.0,1034.0,1034.0,1034.0,100,0.0,0.0
2024-01-12 11:00:00+09:00,1030.0,1030.0,1027.0,1027.0,0,0.0,0.0
2024-01-12 12:00:00+09:00,1032.0,1032.0,1026.0,1026.0,2900,0.0,0.0
2024-01-12 13:00:00+09:00,1030.0,1030.0,1026.0,1027.0,500,0.0,0.0
2024-01-12 14:00:00+09:00,1030.0,1030.0,1029.0,1029.0,300,0.0,0.0
2024-01-15 09:00:00+09:00,1030.0,1045.0,1030.0,1045.0,0,0.0,0.0
2024-01-15 10:00:00+09:00,1042.0,1042.0,1036.0,1036.0,3200,0.0,0.0
2024-01-15 11:00:00+09:00,1046.0,1059.0,1046.0,1059.0,0,0.0,0.0
2024-01-15 12:00:00+09:00,1059.0,1060.0,1041.0,1056.0,0,0.0,0.0
2024-01-15 13:00:00+09:00,1054.0,1054.0,1040.0,1045.0,13300,0.0,0.0
2024-01-15 14:00:00+09:00,1045.0,1055.0,1045.0,1054.0,4700,0.0,0.0
2024-01-16 09:00:00+09:00,1055.0,1055.0,1049.0,1049.0,1700,0.0,0.0
2024-01-16 10:00:00+09:00,1047.0,1050.0,1043.0,1049.0,3100,0.0,0.0
2024-01-16 11:00:00+09:00,1046.0,1046.0,1046.0,1046.0,0,0.0,0.0
2024-01-16 12:00:00+09:00,1046.0,1054.0,1046.0,1046.0,5200,0.0,0.0
2024-01-16 13:00:00+09:00,1046.0,1046.0,1045.0,1045.0,600,0.0,0.0
2024-01-16 14:00:00+09:00,1046.0,1054.0,1045.0,1054.0,1400,0.0,0.0
2024-01-17 09:00:00+09:00,1056.0,1061.0,1051.0,1061.0,900,0.0,0.0
2024-01-17 10:00:00+09:00,1054.0,1064.0,1054.0,1056.0,1900,0.0,0.0
2024-01-17 11:00:00+09:00,1055.0,1055.0,1055.0,1055.0,0,0.0,0.0
2024-01-17 12:00:00+09:00,1043.0,1047.0,1043.0,1045.0,4900,0.0,0.0
2024-01-17 13:00:00+09:00,1044.0,1055.0,1044.0,1048.0,1400,0.0,0.0
2024-01-17 14:00:00+09:00,1055.0,1055.0,1055.0,1055.0,100,0.0,0.0
2024-01-18 09:00:00+09:00,1055.0,1055.0,1047.0,1050.0,2300,0.0,0.0
2024-01-18 10:00:00+09:00,1051.0,1056.0,1048.0,1048.0,1000,0.0,0.0
2024-01-18 11:00:00+09:00,1045.0,1045.0,1043.0,1043.0,0,0.0,0.0
2024-01-18 12:00:00+09:00,1049.0,1049.0,1044.0,1044.0,4900,0.0,0.0
2024-01-18 13:00:00+09:00,1044.0,1054.0,1043.0,1048.0,800,0.0,0.0
2024-01-18 14:00:00+09:00,1046.0,1046.0,1046.0,1046.0,100,0.0,0.0
2024-01-19 09:00:00+09:00,1055.0,1055.0,1050.0,1051.0,1300,0.0,0.0
2024-01-19 10:00:00+09:00,1051.0,1052.0,1051.0,1052.0,1300,0.0,0.0
2024-01-19 11:00:00+09:00,1052.0,1052.0,1052.0,1052.0,0,0.0,0.0
2024-01-19 12:00:00+09:00,1050.0,1050.0,1050.0,1050.0,2800,0.0,0.0
2024-01-19 13:00:00+09:00,1049.0,1049.0,1049.0,1049.0,100,0.0,0.0
2024-01-19 14:00:00+09:00,1047.0,1050.0,1045.0,1045.0,1700,0.0,0.0
2024-01-22 09:00:00+09:00,1045.0,1055.0,1045.0,1052.0,0,0.0,0.0
2024-01-22 10:00:00+09:00,1047.0,1047.0,1047.0,1047.0,300,0.0,0.0
2024-01-22 11:00:00+09:00,1047.0,1047.0,1045.0,1045.0,0,0.0,0.0
2024-01-22 12:00:00+09:00,1045.0,1050.0,1045.0,1048.0,3200,0.0,0.0
2024-01-22 13:00:00+09:00,1050.0,1055.0,1049.0,1049.0,1100,0.0,0.0
2024-01-22 14:00:00+09:00,1051.0,1053.0,1051.0,1053.0,200,0.0,0.0
2024-01-23 09:00:00+09:00,1056.0,1065.0,1056.0,1059.0,2600,0.0,0.0
2024-01-23 10:00:00+09:00,1058.0,1063.0,1058.0,1063.0,1600,0.0,0.0
2024-01-23 11:00:00+09:00,1061.0,1061.0,1061.0,1061.0,0,0.0,0.0
2024-01-23 12:00:00+09:00,1061.0,1061.0,1058.0,1058.0,5700,0.0,0.0
2024-01-23 13:00:00+09:00,1057.0,1062.0,1057.0,1062.0,800,0.0,0.0
2024-01-23 14:00:00+09:00,1060.0,1060.0,1060.0,1060.0,900,0.0,0.0
2024-01-24 09:00:00+09:00,1057.0,1061.0,1056.0,1059.0,1900,0.0,0.0
2024-01-24 10:00:00+09:00,1058.0,1061.0,1050.0,1051.0,6600,0.0,0.0
2024-01-24 11:00:00+09:00,1051.0,1051.0,1051.0,1051.0,0,0.0,0.0
2024-01-24 12:00:00+09:00,1051.0,1057.0,1051.0,1057.0,9100,0.0,0.0
2024-01-24 13:00:00+09:00,1051.0,1051.0,1051.0,1051.0,1600,0.0,0.0
2024-01-24 14:00:00+09:00,1051.0,1052.0,1051.0,1052.0,1000,0.0,0.0
2024-01-25 09:00:00+09:00,1070.0,1097.0,1067.0,1077.0,22900,0.0,0.0
2024-01-25 10:00:00+09:00,1073.0,1076.0,1051.0,1055.0,6700,0.0,0.0
2024-01-25 11:00:00+09:00,1057.0,1063.0,1057.0,1057.0,0,0.0,0.0
2024-01-25 12:00:00+09:00,1059.0,1068.0,1059.0,1067.0,32200,0.0,0.0
2024-01-25 13:00:00+09:00,1065.0,1071.0,1065.0,1071.0,1000,0.0,0.0
2024-01-25 14:00:00+09:00,1075.0,1077.0,1071.0,1076.0,800,0.0,0.0
2024-01-26 09:00:00+09:00,1077.0,1077.0,1062.0,1071.0,4800,0.0,0.0
2024-01-26 10:00:00+09:00,1070.0,1077.0,1069.0,1069.0,2700,0.0,0.0
2024-01-26 11:00:00+09:00,1069.0,1069.0,1067.0,1067.0,0,0.0,0.0
2024-01-26 12:00:00+09:00,1065.0,1066.0,1065.0,1065.0,9700,0.0,0.0
2024-01-26 13:00:00+09:00,1065.0,1065.0,1053.0,1053.0,4400,0.0,0.0
2024-01-26 14:00:00+09:00,1052.0,1058.0,1051.0,1056.0,900,0.0,0.0
2024-01-29 09:00:00+09:00,1056.0,1065.0,1056.0,1062.0,1500,0.0,0.0
2024-01-29 10:00:00+09:00,1061.0,1061.0,1056.0,1056.0,1600,0.0,0.0
2024-01-29 11:00:00+09:00,1056.0,1056.0,1056.0,1056.0,0,0.0,0.0
2024-01-29 12:00:00+09:00,1056.0,1056.0,1055.0,1055.0,4400,0.0,0.0
2024-01-29 13:00:00+09:00,1055.0,1057.0,1055.0,1057.0,300,0.0,0.0
2024-01-30 09:00:00+09:00,1066.0,1066.0,1056.0,1058.0,1500,0.0,0.0
2024-01-30 10:00:00+09:00,1057.0,1060.0,1057.0,1057.0,700,0.0,0.0
2024-01-30 11:00:00+09:00,1057.0,1057.0,1057.0,1057.0,0,0.0,0.0
2024-01-30 12:00:00+09:00,1057.0,1057.0,1056.0,1056.0,3100,0.0,0.0
2024-01-30 13:00:00+09:00,1059.0,1059.0,1057.0,1057.0,500,0.0,0.0
2024-01-30 14:00:00+09:00,1060.0,1067.0,1060.0,1067.0,1200,0.0,0.0
2024-01-31 09:00:00+09:00,1055.0,1065.0,1055.0,1060.0,4200,0.0,0.0
2024-01-31 10:00:00+09:00,1059.0,1074.0,1057.0,1068.0,4600,0.0,0.0
2024-01-31 11:00:00+09:00,1061.0,1070.0,1061.0,1069.0,0,0.0,0.0
2024-01-31 12:00:00+09:00,1071.0,1081.0,1069.0,1080.0,13000,0.0,0.0
2024-01-31 13:00:00+09:00,1073.0,1073.0,1070.0,1070.0,2400,0.0,0.0
2024-01-31 14:00:00+09:00,1071.0,1072.0,1070.0,1070.0,400,0.0,0.0
2024-02-01 09:00:00+09:00,1064.0,1098.0,1064.0,1090.0,13300,0.0,0.0
2024-02-01 10:00:00+09:00,1090.0,1090.0,1080.0,1090.0,3300,0.0,0.0
2024-02-01 11:00:00+09:00,1089.0,1091.0,1088.0,1091.0,0,0.0,0.0
2024-02-01 12:00:00+09:00,1090.0,1090.0,1089.0,1090.0,18100,0.0,0.0
2024-02-01 13:00:00+09:00,1090.0,1090.0,1085.0,1089.0,1500,0.0,0.0
2024-02-01 14:00:00+09:00,1089.0,1090.0,1085.0,1090.0,2000,0.0,0.0
2024-02-02 09:00:00+09:00,1093.0,1093.0,1085.0,1085.0,1400,0.0,0.0
2024-02-02 10:00:00+09:00,1090.0,1093.0,1086.0,1092.0,900,0.0,0.0
2024-02-02 11:00:00+09:00,1092.0,1093.0,1092.0,1093.0,0,0.0,0.0
2024-02-02 12:00:00+09:00,1093.0,1093.0,1092.0,1092.0,3500,0.0,0.0
2024-02-02 13:00:00+09:00,1091.0,1100.0,1089.0,1093.0,3300,0.0,0.0
2024-02-02 14:00:00+09:00,1095.0,1095.0,1089.0,1089.0,500,0.0,0.0
2024-02-05 09:00:00+09:00,1095.0,1112.0,1095.0,1112.0,6000,0.0,0.0
2024-02-05 10:00:00+09:00,1110.0,1110.0,1105.0,1105.0,1600,0.0,0.0
2024-02-05 11:00:00+09:00,1106.0,1109.0,1106.0,1106.0,0,0.0,0.0
2024-02-05 12:00:00+09:00,1105.0,1105.0,1095.0,1095.0,12500,0.0,0.0
2024-02-05 13:00:00+09:00,1097.0,1097.0,1093.0,1093.0,600,0.0,0.0
2024-02-05 14:00:00+09:00,1099.0,1100.0,1099.0,1100.0,300,0.0,0.0
2024-02-06 09:00:00+09:00,1100.0,1101.0,1100.0,1101.0,400,0.0,0.0
2024-02-06 10:00:00+09:00,1104.0,1116.0,1104.0,1116.0,2300,0.0,0.0
2024-02-06 11:00:00+09:00,1117.0,1118.0,1110.0,1110.0,0,0.0,0.0
2024-02-06 12:00:00+09:00,1110.0,1110.0,1102.0,1102.0,4300,0.0,0.0
2024-02-06 13:00:00+09:00,1105.0,1107.0,1102.0,1105.0,700,0.0,0.0
2024-02-06 14:00:00+09:00,1107.0,1107.0,1102.0,1102.0,1300,0.0,0.0
2024-02-07 09:00:00+09:00,1107.0,1107.0,1100.0,1100.0,3000,0.0,0.0
2024-02-07 10:00:00+09:00,1102.0,1103.0,1093.0,1096.0,3300,0.0,0.0
2024-02-07 11:00:00+09:00,1101.0,1101.0,1094.0,1094.0,0,0.0,0.0
2024-02-07 12:00:00+09:00,1094.0,1095.0,1094.0,1094.0,7700,0.0,0.0
2024-02-07 13:00:00+09:00,1095.0,1100.0,1093.0,1097.0,800,0.0,0.0
2024-02-07 14:00:00+09:00,1099.0,1100.0,1099.0,1100.0,1400,0.0,0.0
2024-02-08 09:00:00+09:00,1104.0,1105.0,1095.0,1095.0,2000,0.0,0.0
2024-02-08 10:00:00+09:00,1095.0,1105.0,1095.0,1102.0,2900,0.0,0.0
2024-02-08 11:00:00+09:00,1103.0,1106.0,1103.0,1106.0,0,0.0,0.0
2024-02-08 12:00:00+09:00,1106.0,1108.0,1105.0,1106.0,6900,0.0,0.0
2024-02-08 13:00:00+09:00,1105.0,1106.0,1095.0,1105.0,3400,0.0,0.0
2024-02-08 14:00:00+09:00,1104.0,1106.0,1101.0,1102.0,1500,0.0,0.0
2024-02-09 09:00:00+09:00,1091.0,1091.0,1062.0,1062.0,7400,0.0,0.0
2024-02-09 10:00:00+09:00,1065.0,1065.0,1056.0,1065.0,3200,0.0,0.0
2024-02-09 11:00:00+09:00,1065.0,1065.0,1065.0,1065.0,0,0.0,0.0
2024-02-09 12:00:00+09:00,1063.0,1063.0,1063.0,1063.0,11600,0.0,0.0
2024-02-09 13:00:00+09:00,1062.0,1067.0,1062.0,1067.0,900,0.0,0.0
2024-02-09 14:00:00+09:00,1065.0,1066.0,1063.0,1066.0,500,0.0,0.0
2024-02-13 09:00:00+09:00,1066.0,1067.0,1060.0,1060.0,2600,0.0,0.0
2024-02-13 10:00:00+09:00,1060.0,1065.0,1060.0,1061.0,1000,0.0,0.0
2024-02-13 11:00:00+09:00,1061.0,1061.0,1058.0,1058.0,0,0.0,0.0
2024-02-13 12:00:00+09:00,1060.0,1063.0,1057.0,1057.0,5400,0.0,0.0
2024-02-13 13:00:00+09:00,1060.0,1062.0,1060.0,1060.0,400,0.0,0.0
2024-02-13 14:00:00+09:00,1059.0,1061.0,1057.0,1058.0,1900,0.0,0.0
2024-02-14 09:00:00+09:00,1056.0,1056.0,1055.0,1055.0,1400,0.0,0.0
2024-02-14 10:00:00+09:00,1057.0,1057.0,1055.0,1057.0,7900,0.0,0.0
2024-02-14 11:00:00+09:00,1055.0,1055.0,1055.0,1055.0,0,0.0,0.0
2024-02-14 12:00:00+09:00,1055.0,1057.0,1055.0,1055.0,10000,0.0,0.0
2024-02-14 13:00:00+09:00,1055.0,1055.0,1051.0,1051.0,2500,0.0,0.0
2024-02-14 14:00:00+09:00,1053.0,1053.0,1052.0,1052.0,600,0.0,0.0
2024-02-15 09:00:00+09:00,1050.0,1050.0,1047.0,1047.0,3300,0.0,0.0
2024-02-15 10:00:00+09:00,1047.0,1047.0,1043.0,1044.0,3700,0.0,0.0
2024-02-15 11:00:00+09:00,1043.0,1043.0,1040.0,1040.0,0,0.0,0.0
2024-02-15 12:00:00+09:00,1040.0,1040.0,1039.0,1040.0,11300,0.0,0.0
2024-02-15 13:00:00+09:00,1038.0,1045.0,1038.0,1038.0,3000,0.0,0.0
2024-02-15 14:00:00+09:00,1043.0,1043.0,1039.0,1039.0,400,0.0,0.0
2024-02-16 09:00:00+09:00,1045.0,1070.0,1040.0,1070.0,6400,0.0,0.0
2024-02-16 10:00:00+09:00,1066.0,1069.0,1052.0,1052.0,3900,0.0,0.0
2024-02-16 11:00:00+09:00,1056.0,1056.0,1056.0,1056.0,0,0.0,0.0
2024-02-16 12:00:00+09:00,1061.0,1061.0,1060.0,1060.0,11000,0.0,0.0
2024-02-16 13:00:00+09:00,1060.0,1076.0,1060.0,1062.0,4300,0.0,0.0
2024-02-16 14:00:00+09:00,1066.0,1070.0,1061.0,1061.0,6300,0.0,0.0
2024-02-19 09:00:00+09:00,1060.0,1074.0,1054.0,1054.0,3800,0.0,0.0
2024-02-19 10:00:00+09:00,1060.0,1073.0,1059.0,1060.0,2300,0.0,0.0
2024-02-19 11:00:00+09:00,1059.0,1060.0,1059.0,1060.0,0,0.0,0.0
2024-02-19 12:00:00+09:00,1060.0,1060.0,1060.0,1060.0,6800,0.0,0.0
2024-02-19 13:00:00+09:00,1060.0,1060.0,1059.0,1059.0,1100,0.0,0.0
2024-02-19 14:00:00+09:00,1068.0,1079.0,1068.0,1079.0,12100,0.0,0.0
2024-02-20 09:00:00+09:00,1076.0,1082.0,1071.0,1082.0,2900,0.0,0.0
2024-02-20 10:00:00+09:00,1082.0,1082.0,1074.0,1074.0,1700,0.0,0.0
2024-02-20 11:00:00+09:00,1071.0,1071.0,1071.0,1071.0,0,0.0,0.0
2024-02-20 12:00:00+09:00,1074.0,1074.0,1065.0,1065.0,5600,0.0,0.0
2024-02-20 13:00:00+09:00,1065.0,1065.0,1062.0,1063.0,800,0.0,0.0
2024-02-20 14:00:00+09:00,1065.0,1065.0,1065.0,1065.0,100,0.0,0.0
2024-02-21 09:00:00+09:00,1063.0,1079.0,1051.0,1051.0,0,0.0,0.0
2024-02-21 10:00:00+09:00,1057.0,1072.0,1057.0,1066.0,5400,0.0,0.0
2024-02-21 11:00:00+09:00,1066.0,1066.0,1066.0,1066.0,0,0.0,0.0
2024-02-21 12:00:00+09:00,1075.0,1076.0,1073.0,1076.0,6400,0.0,0.0
2024-02-21 13:00:00+09:00,1067.0,1080.0,1067.0,1080.0,5200,0.0,0.0
2024-02-21 14:00:00+09:00,1075.0,1080.0,1070.0,1070.0,1400,0.0,0.0
2024-02-22 09:00:00+09:00,1066.0,1080.0,1066.0,1080.0,1800,0.0,0.0
2024-02-22 10:00:00+09:00,1071.0,1083.0,1071.0,1071.0,3400,0.0,0.0
2024-02-22 11:00:00+09:00,1071.0,1072.0,1071.0,1072.0,0,0.0,0.0
2024-02-22 12:00:00+09:00,1072.0,1085.0,1072.0,1080.0,9200,0.0,0.0
2024-02-22 13:00:00+09:00,1080.0,1080.0,1073.0,1080.0,1700,0.0,0.0
2024-02-22 14:00:00+09:00,1080.0,1080.0,1071.0,1071.0,1400,0.0,0.0
2024-02-26 09:00:00+09:00,1087.0,1087.0,1077.0,1078.0,4700,0.0,0.0
2024-02-26 10:00:00+09:00,1079.0,1079.0,1073.0,1073.0,1300,0.0,0.0
2024-02-26 11:00:00+09:00,1079.0,1079.0,1071.0,1071.0,0,0.0,0.0
2024-02-26 12:00:00+09:00,1071.0,1080.0,1071.0,1080.0,7700,0.0,0.0
2024-02-26 13:00:00+09:00,1075.0,1080.0,1072.0,1072.0,3500,0.0,0.0
2024-02-27 09:00:00+09:00,1072.0,1085.0,1072.0,1082.0,600,0.0,0.0
2024-02-27 10:00:00+09:00,1082.0,1082.0,1072.0,1072.0,5100,0.0,0.0
2024-02-27 11:00:00+09:00,1079.0,1079.0,1073.0,1075.0,0,0.0,0.0
2024-02-27 12:00:00+09:00,1073.0,1075.0,1073.0,1074.0,8700,0.0,0.0
2024-02-27 13:00:00+09:00,1079.0,1079.0,1079.0,1079.0,800,0.0,0.0
2024-02-27 14:00:00+09:00,1079.0,1085.0,1079.0,1079.0,4100,0.0,0.0
2024-02-28 09:00:00+09:00,1081.0,1084.0,1080.0,1084.0,700,0.0,0.0
2024-02-28 10:00:00+09:00,1078.0,1078.0,1078.0,1078.0,600,0.0,0.0
2024-02-28 11:00:00+09:00,1080.0,1080.0,1078.0,1078.0,0,0.0,0.0
2024-02-28 12:00:00+09:00,1080.0,1080.0,1080.0,1080.0,1700,0.0,0.0
2024-02-28 13:00:00+09:00,1080.0,1085.0,1080.0,1080.0,700,0.0,0.0
2024-02-28 14:00:00+09:00,1081.0,1085.0,1081.0,1085.0,500,0.0,0.0
2024-02-29 09:00:00+09:00,1083.0,1086.0,1083.0,1085.0,300,0.0,0.0
2024-02-29 10:00:00+09:00,1086.0,1086.0,1080.0,1080.0,800,0.0,0.0
2024-02-29 11:00:00+09:00,1080.0,1080.0,1080.0,1080.0,0,0.0,0.0
2024-02-29 12:00:00+09:00,1080.0,1080.0,1080.0,1080.0,1400,0.0,0.0
2024-02-29 13:00:00+09:00,1080.0,1086.0,1080.0,1086.0,300,0.0,0.0
2024-03-01 09:00:00+09:00,1089.0,1089.0,1088.0,1088.0,3500,0.0,0.0
2024-03-01 11:00:00+09:00,1088.0,1091.0,1088.0,1091.0,0,0.0,0.0
2024-03-01 13:00:00+09:00,1092.0,1092.0,1077.0,1089.0,7400,0.0,0.0
2024-03-01 14:00:00+09:00,1075.0,1079.0,1075.0,1079.0,1300,0.0,0.0
2024-03-04 09:00:00+09:00,1093.0,1094.0,1083.0,1083.0,1500,0.0,0.0
2024-03-04 10:00:00+09:00,1091.0,1091.0,1081.0,1088.0,600,0.0,0.0
2024-03-04 11:00:00+09:00,1082.0,1082.0,1081.0,1082.0,0,0.0,0.0
2024-03-04 13:00:00+09:00,1081.0,1081.0,1078.0,1078.0,3000,0.0,0.0
2024-03-05 09:00:00+09:00,1080.0,1080.0,1075.0,1075.0,700,0.0,0.0
2024-03-05 11:00:00+09:00,1075.0,1075.0,1075.0,1075.0,0,0.0,0.0
2024-03-05 13:00:00+09:00,1080.0,1080.0,1080.0,1080.0,1300,0.0,0.0
2024-03-05 14:00:00+09:00,1084.0,1085.0,1076.0,1076.0,800,0.0,0.0
2024-03-06 09:00:00+09:00,1075.0,1080.0,1073.0,1080.0,3600,0.0,0.0
2024-03-06 10:00:00+09:00,1077.0,1080.0,1076.0,1080.0,1400,0.0,0.0
2024-03-06 11:00:00+09:00,1080.0,1080.0,1080.0,1080.0,0,0.0,0.0
2024-03-06 12:00:00+09:00,1080.0,1083.0,1076.0,1083.0,6800,0.0,0.0
2024-03-06 13:00:00+09:00,1083.0,1084.0,1075.0,1084.0,1300,0.0,0.0
2024-03-06 14:00:00+09:00,1084.0,1084.0,1084.0,1084.0,100,0.0,0.0
2024-03-07 09:00:00+09:00,1084.0,1090.0,1084.0,1090.0,5200,0.0,0.0
2024-03-07 10:00:00+09:00,1089.0,1100.0,1089.0,1100.0,6800,0.0,0.0
2024-03-07 11:00:00+09:00,1090.0,1093.0,1090.0,1093.0,0,0.0,0.0
2024-03-07 12:00:00+09:00,1093.0,1093.0,1089.0,1089.0,15800,0.0,0.0
2024-03-07 13:00:00+09:00,1088.0,1088.0,1088.0,1088.0,100,0.0,0.0
2024-03-07 14:00:00+09:00,1084.0,1084.0,1084.0,1084.0,100,0.0,0.0
2024-03-08 09:00:00+09:00,1094.0,1094.0,1090.0,1093.0,1600,0.0,0.0
2024-03-08 11:00:00+09:00,1099.0,1099.0,1099.0,1099.0,0,0.0,0.0
2024-03-08 12:00:00+09:00,1097.0,1097.0,1090.0,1090.0,2500,0.0,0.0
2024-03-08 13:00:00+09:00,1091.0,1091.0,1091.0,1091.0,100,0.0,0.0
2024-03-08 14:00:00+09:00,1099.0,1110.0,1099.0,1110.0,3800,0.0,0.0
2024-03-11 09:00:00+09:00,1090.0,1091.0,1084.0,1091.0,2000,0.0,0.0
2024-03-11 10:00:00+09:00,1082.0,1082.0,1080.0,1080.0,900,0.0,0.0
2024-03-11 11:00:00+09:00,1080.0,1081.0,1080.0,1081.0,0,0.0,0.0
2024-03-11 12:00:00+09:00,1080.0,1090.0,1080.0,1081.0,3800,0.0,0.0
2024-03-11 13:00:00+09:00,1081.0,1083.0,1080.0,1080.0,400,0.0,0.0
2024-03-11 14:00:00+09:00,1080.0,1080.0,1075.0,1075.0,3100,0.0,0.0
2024-03-12 09:00:00+09:00,1075.0,1085.0,1074.0,1076.0,500,0.0,0.0
2024-03-12 10:00:00+09:00,1074.0,1084.0,1073.0,1084.0,700,0.0,0.0
2024-03-12 11:00:00+09:00,1077.0,1086.0,1070.0,1086.0,0,0.0,0.0
2024-03-12 13:00:00+09:00,1080.0,1086.0,1078.0,1086.0,0,0.0,0.0
2024-03-12 14:00:00+09:00,1083.0,1083.0,1083.0,1083.0,4900,0.0,0.0
2024-03-13 09:00:00+09:00,1096.0,1099.0,1096.0,1098.0,600,0.0,0.0
2024-03-13 11:00:00+09:00,1095.0,1100.0,1082.0,1083.0,0,0.0,0.0
2024-03-13 12:00:00+09:00,1083.0,1088.0,1083.0,1083.0,4700,0.0,0.0
2024-03-13 13:00:00+09:00,1084.0,1090.0,1084.0,1090.0,200,0.0,0.0
2024-03-13 14:00:00+09:00,1094.0,1095.0,1090.0,1090.0,400,0.0,0.0
2024-03-14 09:00:00+09:00,1095.0,1113.0,1093.0,1093.0,900,0.0,0.0
2024-03-14 11:00:00+09:00,1093.0,1093.0,1093.0,1093.0,0,0.0,0.0
2024-03-14 12:00:00+09:00,1099.0,1099.0,1099.0,1099.0,1300,0.0,0.0
2024-03-14 13:00:00+09:00,1105.0,1105.0,1098.0,1098.0,400,0.0,0.0
2024-03-14 14:00:00+09:00,1098.0,1106.0,1094.0,1100.0,2500,0.0,0.0
2024-03-15 09:00:00+09:00,1094.0,1100.0,1094.0,1100.0,200,0.0,0.0
2024-03-15 11:00:00+09:00,1100.0,1100.0,1100.0,1100.0,0,0.0,0.0
2024-03-15 12:00:00+09:00,1108.0,1108.0,1108.0,1108.0,300,0.0,0.0
2024-03-18 09:00:00+09:00,1108.0,1108.0,1102.0,1108.0,1600,0.0,0.0
2024-03-18 10:00:00+09:00,1105.0,1105.0,1105.0,1105.0,200,0.0,0.0
2024-03-18 11:00:00+09:00,1105.0,1105.0,1105.0,1105.0,0,0.0,0.0
2024-03-18 12:00:00+09:00,1105.0,1108.0,1105.0,1108.0,2600,0.0,0.0
2024-03-18 14:00:00+09:00,1106.0,1106.0,1106.0,1106.0,200,0.0,0.0
2024-03-19 09:00:00+09:00,1101.0,1101.0,1101.0,1101.0,100,0.0,0.0
2024-03-19 11:00:00+09:00,1105.0,1105.0,1105.0,1105.0,0,0.0,0.0
2024-03-19 12:00:00+09:00,1106.0,1109.0,1106.0,1109.0,400,0.0,0.0
2024-03-19 14:00:00+09:00,1108.0,1111.0,1108.0,1111.0,1200,0.0,0.0
2024-03-21 09:00:00+09:00,1117.0,1117.0,1117.0,1117.0,500,0.0,0.0
2024-03-21 10:00:00+09:00,1117.0,1117.0,1117.0,1117.0,100,0.0,0.0
2024-03-21 11:00:00+09:00,1117.0,1120.0,1117.0,1120.0,0,0.0,0.0
2024-03-21 12:00:00+09:00,1122.0,1123.0,1122.0,1123.0,2900,0.0,0.0
2024-03-21 13:00:00+09:00,1123.0,1129.0,1123.0,1129.0,600,0.0,0.0
2024-03-21 14:00:00+09:00,1130.0,1130.0,1122.0,1126.0,1000,0.0,0.0
2024-03-22 09:00:00+09:00,1131.0,1131.0,1130.0,1130.0,1100,0.0,0.0
2024-03-22 10:00:00+09:00,1129.0,1138.0,1129.0,1138.0,1100,0.0,0.0
2024-03-22 11:00:00+09:00,1135.0,1135.0,1125.0,1125.0,0,0.0,0.0
2024-03-22 12:00:00+09:00,1124.0,1124.0,1121.0,1121.0,3500,0.0,0.0
2024-03-22 13:00:00+09:00,1121.0,1121.0,1113.0,1113.0,900,0.0,0.0
2024-03-22 14:00:00+09:00,1116.0,1119.0,1103.0,1106.0,3100,0.0,0.0
2024-03-25 09:00:00+09:00,1118.0,1130.0,1110.0,1120.0,3200,0.0,0.0
2024-03-25 10:00:00+09:00,1116.0,1128.0,1115.0,1120.0,2000,0.0,0.0
2024-03-25 11:00:00+09:00,1130.0,1130.0,1130.0,1130.0,0,0.0,0.0
2024-03-25 12:00:00+09:00,1128.0,1130.0,1125.0,1130.0,6300,0.0,0.0
2024-03-25 13:00:00+09:00,1125.0,1125.0,1123.0,1124.0,300,0.0,0.0
2024-03-25 14:00:00+09:00,1130.0,1130.0,1123.0,1125.0,300,0.0,0.0
2024-03-26 09:00:00+09:00,1130.0,1130.0,1120.0,1130.0,1000,0.0,0.0
2024-03-26 10:00:00+09:00,1126.0,1126.0,1120.0,1125.0,600,0.0,0.0
2024-03-26 11:00:00+09:00,1120.0,1126.0,1120.0,1126.0,0,0.0,0.0
2024-03-26 12:00:00+09:00,1129.0,1129.0,1123.0,1123.0,2800,0.0,0.0
2024-03-26 13:00:00+09:00,1130.0,1130.0,1130.0,1130.0,100,0.0,0.0
2024-03-26 14:00:00+09:00,1125.0,1125.0,1125.0,1125.0,100,0.0,0.0
2024-03-27 09:00:00+09:00,1139.0,1142.0,1135.0,1135.0,1600,0.0,0.0
2024-03-27 10:00:00+09:00,1140.0,1145.0,1137.0,1138.0,8000,0.0,0.0
2024-03-27 11:00:00+09:00,1138.0,1142.0,1137.0,1142.0,0,0.0,0.0
2024-03-27 12:00:00+09:00,1144.0,1147.0,1142.0,1147.0,12900,0.0,0.0
2024-03-27 13:00:00+09:00,1140.0,1150.0,1140.0,1150.0,2800,0.0,0.0
2024-03-27 14:00:00+09:00,1149.0,1150.0,1141.0,1143.0,2800,0.0,0.0
2024-03-28 09:00:00+09:00,1129.0,1146.0,1071.0,1130.0,3600,0.0,0.0
2024-03-28 11:00:00+09:00,1130.0,1130.0,1130.0,1130.0,0,0.0,0.0
2024-03-28 12:00:00+09:00,1130.0,1130.0,1105.0,1105.0,5900,0.0,0.0
2024-03-28 13:00:00+09:00,1105.0,1118.0,1105.0,1118.0,300,0.0,0.0
2024-03-28 14:00:00+09:00,1106.0,1110.0,1106.0,1110.0,400,0.0,0.0
2024-03-29 09:00:00+09:00,1130.0,1130.0,1112.0,1112.0,1400,0.0,0.0
2024-03-29 10:00:00+09:00,1112.0,1129.0,1112.0,1129.0,400,0.0,0.0
2024-03-29 11:00:00+09:00,1120.0,1127.0,1120.0,1127.0,0,0.0,0.0
2024-03-29 12:00:00+09:00,1129.0,1129.0,1121.0,1129.0,2500,0.0,0.0
2024-03-29 13:00:00+09:00,1123.0,1123.0,1123.0,1123.0,100,0.0,0.0
2024-03-29 14:00:00+09:00,1130.0,1130.0,1130.0,1130.0,500,0.0,0.0
2024-04-01 09:00:00+09:00,1144.0,1144.0,1131.0,1131.0,2400,0.0,0.0
2024-04-01 10:00:00+09:00,1131.0,1131.0,1131.0,1131.0,200,0.0,0.0
2024-04-01 11:00:00+09:00,1144.0,1144.0,1130.0,1130.0,0,0.0,0.0
2024-04-01 12:00:00+09:00,1140.0,1150.0,1134.0,1138.0,5100,0.0,0.0
2024-04-01 13:00:00+09:00,1138.0,1138.0,1138.0,1138.0,100,0.0,0.0
2024-04-01 14:00:00+09:00,1138.0,1142.0,1138.0,1142.0,3400,0.0,0.0
2024-04-02 09:00:00+09:00,1135.0,1145.0,1135.0,1145.0,1100,0.0,0.0
2024-04-02 10:00:00+09:00,1137.0,1137.0,1136.0,1136.0,0,0.0,0.0
2024-04-02 11:00:00+09:00,1136.0,1136.0,1136.0,1136.0,0,0.0,0.0
2024-04-02 13:00:00+09:00,1130.0,1141.0,1128.0,1128.0,2600,0.0,0.0
2024-04-02 14:00:00+09:00,1129.0,1129.0,1129.0,1129.0,400,0.0,0.0
2024-04-03 09:00:00+09:00,1126.0,1126.0,1122.0,1122.0,600,0.0,0.0
2024-04-03 10:00:00+09:00,1122.0,1123.0,1122.0,1123.0,300,0.0,0.0
2024-04-03 11:00:00+09:00,1121.0,1121.0,1121.0,1121.0,0,0.0,0.0
2024-04-03 12:00:00+09:00,1121.0,1121.0,1121.0,1121.0,1100,0.0,0.0
2024-04-03 13:00:00+09:00,1129.0,1129.0,1129.0,1129.0,200,0.0,0.0
2024-04-04 09:00:00+09:00,1134.0,1134.0,1131.0,1131.0,1600,0.0,0.0
2024-04-04 10:00:00+09:00,1134.0,1134.0,1130.0,1130.0,300,0.0,0.0
2024-04-04 11:00:00+09:00,1130.0,1130.0,1130.0,1130.0,0,0.0,0.0
2024-04-04 12:00:00+09:00,1130.0,1130.0,1130.0,1130.0,2000,0.0,0.0
2024-04-04 13:00:00+09:00,1130.0,1130.0,1130.0,1130.0,100,0.0,0.0
2024-04-04 14:00:00+09:00,1125.0,1126.0,1121.0,1121.0,700,0.0,0.0
2024-04-05 09:00:00+09:00,1120.0,1120.0,1112.0,1112.0,0,0.0,0.0
2024-04-05 10:00:00+09:00,1112.0,1115.0,1112.0,1115.0,2000,0.0,0.0
2024-04-05 11:00:00+09:00,1111.0,1115.0,1108.0,1108.0,0,0.0,0.0
2024-04-05 12:00:00+09:00,1099.0,1106.0,1098.0,1100.0,7200,0.0,0.0
2024-04-05 13:00:00+09:00,1101.0,1101.0,1083.0,1087.0,1100,0.0,0.0
2024-04-05 14:00:00+09:00,1087.0,1090.0,1087.0,1088.0,1100,0.0,0.0
2024-04-08 09:00:00+09:00,1093.0,1105.0,1093.0,1102.0,900,0.0,0.0
2024-04-08 10:00:00+09:00,1096.0,1105.0,1096.0,1104.0,1600,0.0,0.0
2024-04-08 11:00:00+09:00,1104.0,1104.0,1104.0,1104.0,0,0.0,0.0
2024-04-08 12:00:00+09:00,1097.0,1097.0,1095.0,1095.0,2900,0.0,0.0
2024-04-08 13:00:00+09:00,1100.0,1103.0,1100.0,1103.0,1600,0.0,0.0
2024-04-09 09:00:00+09:00,1105.0,1105.0,1089.0,1093.0,1500,0.0,0.0
2024-04-09 10:00:00+09:00,1093.0,1094.0,1093.0,1094.0,400,0.0,0.0
2024-04-09 11:00:00+09:00,1094.0,1094.0,1094.0,1094.0,0,0.0,0.0
2024-04-09 12:00:00+09:00,1109.0,1109.0,1106.0,1106.0,2500,0.0,0.0
2024-04-09 14:00:00+09:00,1109.0,1110.0,1109.0,1110.0,1900,0.0,0.0
2024-04-10 09:00:00+09:00,1114.0,1114.0,1100.0,1100.0,1200,0.0,0.0
2024-04-10 10:00:00+09:00,1101.0,1101.0,1101.0,1101.0,200,0.0,0.0
2024-04-10 11:00:00+09:00,1109.0,1109.0,1109.0,1109.0,0,0.0,0.0
2024-04-10 12:00:00+09:00,1104.0,1104.0,1102.0,1103.0,1800,0.0,0.0
2024-04-10 13:00:00+09:00,1105.0,1111.0,1105.0,1111.0,300,0.0,0.0
2024-04-10 14:00:00+09:00,1113.0,1113.0,1102.0,1106.0,800,0.0,0.0
2024-04-11 09:00:00+09:00,1121.0,1121.0,1121.0,1121.0,100,0.0,0.0
2024-04-11 11:00:00+09:00,1121.0,1121.0,1121.0,1121.0,0,0.0,0.0
2024-04-11 12:00:00+09:00,1119.0,1119.0,1103.0,1103.0,900,0.0,0.0
2024-04-11 13:00:00+09:00,1119.0,1120.0,1112.0,1112.0,1200,0.0,0.0
2024-04-11 14:00:00+09:00,1120.0,1120.0,1120.0,1120.0,100,0.0,0.0
2024-04-12 09:00:00+09:00,1120.0,1120.0,1092.0,1092.0,2500,0.0,0.0
2024-04-12 10:00:00+09:00,1096.0,1114.0,1096.0,1114.0,400,0.0,0.0
2024-04-12 11:00:00+09:00,1107.0,1109.0,1107.0,1109.0,0,0.0,0.0
2024-04-12 12:00:00+09:00,1114.0,1114.0,1114.0,1114.0,3400,0.0,0.0
2024-04-12 13:00:00+09:00,1102.0,1102.0,1102.0,1102.0,200,0.0,0.0
2024-04-15 09:00:00+09:00,1105.0,1105.0,1105.0,1105.0,400,0.0,0.0
2024-04-15 10:00:00+09:00,1105.0,1105.0,1105.0,1105.0,100,0.0,0.0
2024-04-15 11:00:00+09:00,1105.0,1105.0,1105.0,1105.0,0,0.0,0.0
2024-04-15 12:00:00+09:00,1110.0,1114.0,1110.0,1111.0,1500,0.0,0.0
2024-04-15 13:00:00+09:00,1114.0,1114.0,1114.0,1114.0,100,0.0,0.0
2024-04-15 14:00:00+09:00,1118.0,1118.0,1118.0,1118.0,500,0.0,0.0
2024-04-16 09:00:00+09:00,1110.0,1110.0,1083.0,1083.0,1800,0.0,0.0
2024-04-16 10:00:00+09:00,1094.0,1109.0,1094.0,1109.0,1300,0.0,0.0
2024-04-16 11:00:00+09:00,1108.0,1108.0,1108.0,1108.0,0,0.0,0.0
2024-04-16 13:00:00+09:00,1089.0,1089.0,1089.0,1089.0,3700,0.0,0.0
2024-04-16 14:00:00+09:00,1089.0,1104.0,1089.0,1104.0,200,0.0,0.0
2024-04-17 09:00:00+09:00,1110.0,1110.0,1104.0,1106.0,1500,0.0,0.0
2024-04-17 11:00:00+09:00,1106.0,1106.0,1106.0,1106.0,0,0.0,0.0
2024-04-17 12:00:00+09:00,1106.0,1106.0,1091.0,1092.0,3000,0.0,0.0
2024-04-17 13:00:00+09:00,1095.0,1096.0,1095.0,1096.0,400,0.0,0.0
2024-04-17 14:00:00+09:00,1096.0,1096.0,1090.0,1090.0,600,0.0,0.0
2024-04-18 09:00:00+09:00,1096.0,1106.0,1096.0,1106.0,0,0.0,0.0
2024-04-18 10:00:00+09:00,1108.0,1110.0,1098.0,1098.0,0,0.0,0.0
2024-04-18 11:00:00+09:00,1111.0,1111.0,1111.0,1111.0,0,0.0,0.0
2024-04-18 12:00:00+09:00,1114.0,1114.0,1114.0,1114.0,7200,0.0,0.0
2024-04-18 13:00:00+09:00,1102.0,1102.0,1102.0,1102.0,600,0.0,0.0
2024-04-18 14:00:00+09:00,1102.0,1102.0,1102.0,1102.0,100,0.0,0.0
2024-04-19 09:00:00+09:00,1100.0,1100.0,1091.0,1091.0,600,0.0,0.0
2024-04-19 10:00:00+09:00,1093.0,1093.0,1040.0,1068.0,6400,0.0,0.0
2024-04-19 11:00:00+09:00,1068.0,1068.0,1068.0,1068.0,0,0.0,0.0
2024-04-19 12:00:00+09:00,1067.0,1067.0,1060.0,1060.0,7200,0.0,0.0
2024-04-19 13:00:00+09:00,1066.0,1068.0,1066.0,1068.0,1900,0.0,0.0
2024-04-19 14:00:00+09:00,1079.0,1079.0,1067.0,1067.0,1500,0.0,0.0
2024-04-22 09:00:00+09:00,1091.0,1091.0,1089.0,1090.0,1400,0.0,0.0
2024-04-22 10:00:00+09:00,1085.0,1085.0,1085.0,1085.0,200,0.0,0.0
2024-04-22 11:00:00+09:00,1085.0,1085.0,1085.0,1085.0,0,0.0,0.0
2024-04-22 12:00:00+09:00,1075.0,1084.0,1075.0,1084.0,1800,0.0,0.0
2024-04-22 14:00:00+09:00,1077.0,1082.0,1075.0,1082.0,600,0.0,0.0
2024-04-23 09:00:00+09:00,1071.0,1084.0,1071.0,1084.0,800,0.0,0.0
2024-04-23 11:00:00+09:00,1072.0,1072.0,1072.0,1072.0,0,0.0,0.0
2024-04-23 12:00:00+09:00,1084.0,1084.0,1070.0,1073.0,2300,0.0,0.0
2024-04-23 13:00:00+09:00,1074.0,1074.0,1074.0,1074.0,300,0.0,0.0
2024-04-24 09:00:00+09:00,1085.0,1085.0,1085.0,1085.0,200,0.0,0.0
2024-04-24 10:00:00+09:00,1085.0,1085.0,1085.0,1085.0,100,0.0,0.0
2024-04-24 11:00:00+09:00,1076.0,1076.0,1076.0,1076.0,0,0.0,0.0
2024-04-24 12:00:00+09:00,1076.0,1085.0,1076.0,1078.0,1200,0.0,0.0
2024-04-24 13:00:00+09:00,1078.0,1078.0,1078.0,1078.0,100,0.0,0.0
2024-04-25 09:00:00+09:00,1078.0,1078.0,1078.0,1078.0,900,0.0,0.0
2024-04-25 10:00:00+09:00,1093.0,1093.0,1075.0,1075.0,300,0.0,0.0
2024-04-25 11:00:00+09:00,1075.0,1075.0,1075.0,1075.0,0,0.0,0.0
2024-04-25 12:00:00+09:00,1077.0,1077.0,1077.0,1077.0,1300,0.0,0.0
2024-04-25 13:00:00+09:00,1088.0,1088.0,1088.0,1088.0,100,0.0,0.0
2024-04-25 14:00:00+09:00,1088.0,1092.0,1088.0,1092.0,400,0.0,0.0
2024-04-26 09:00:00+09:00,1092.0,1092.0,1077.0,1087.0,500,0.0,0.0
2024-04-26 11:00:00+09:00,1087.0,1087.0,1087.0,1087.0,0,0.0,0.0
2024-04-26 12:00:00+09:00,1086.0,1086.0,1086.0,1086.0,0,0.0,0.0
2024-04-26 13:00:00+09:00,1088.0,1088.0,1051.0,1068.0,5400,0.0,0.0
2024-04-26 14:00:00+09:00,1075.0,1075.0,1075.0,1075.0,100,0.0,0.0
2024-04-30 09:00:00+09:00,1082.0,1084.0,1082.0,1084.0,700,0.0,0.0
2024-04-30 10:00:00+09:00,1083.0,1083.0,1070.0,1070.0,1100,0.0,0.0
2024-04-30 11:00:00+09:00,1070.0,1070.0,1070.0,1070.0,0,0.0,0.0
2024-04-30 12:00:00+09:00,1081.0,1081.0,1070.0,1070.0,3500,0.0,0.0
2024-04-30 13:00:00+09:00,1069.0,1069.0,1066.0,1066.0,1000,0.0,0.0
2024-04-30 14:00:00+09:00,1070.0,1083.0,1070.0,1083.0,800,0.0,0.0
2024-05-01 09:00:00+09:00,1081.0,1081.0,1072.0,1080.0,1100,0.0,0.0
2024-05-01 10:00:00+09:00,1075.0,1075.0,1075.0,1075.0,500,0.0,0.0
2024-05-01 11:00:00+09:00,1075.0,1075.0,1075.0,1075.0,0,0.0,0.0
2024-05-01 13:00:00+09:00,1075.0,1075.0,1072.0,1072.0,2100,0.0,0.0
2024-05-02 09:00:00+09:00,1077.0,1077.0,1073.0,1075.0,800,0.0,0.0
2024-05-02 11:00:00+09:00,1075.0,1077.0,1075.0,1077.0,0,0.0,0.0
2024-05-02 12:00:00+09:00,1074.0,1074.0,1074.0,1074.0,0,0.0,0.0
2024-05-02 13:00:00+09:00,1074.0,1074.0,1072.0,1072.0,1800,0.0,0.0
2024-05-02 14:00:00+09:00,1076.0,1077.0,1076.0,1077.0,600,0.0,0.0
2024-05-07 09:00:00+09:00,1079.0,1079.0,1076.0,1076.0,2100,0.0,0.0
2024-05-07 10:00:00+09:00,1076.0,1076.0,1076.0,1076.0,200,0.0,0.0
2024-05-07 11:00:00+09:00,1076.0,1076.0,1076.0,1076.0,0,0.0,0.0
2024-05-07 12:00:00+09:00,1078.0,1080.0,1078.0,1080.0,2700,0.0,0.0
2024-05-07 13:00:00+09:00,1081.0,1082.0,1081.0,1082.0,200,0.0,0.0
2024-05-07 14:00:00+09:00,1084.0,1084.0,1084.0,1084.0,700,0.0,0.0
2024-05-08 09:00:00+09:00,1089.0,1089.0,1085.0,1085.0,200,0.0,0.0
2024-05-08 10:00:00+09:00,1088.0,1088.0,1088.0,1088.0,100,0.0,0.0
2024-05-08 11:00:00+09:00,1088.0,1088.0,1088.0,1088.0,0,0.0,0.0
2024-05-08 12:00:00+09:00,1085.0,1085.0,1085.0,1085.0,400,0.0,0.0
2024-05-08 14:00:00+09:00,1086.0,1086.0,1085.0,1085.0,200,0.0,0.0
2024-05-09 09:00:00+09:00,1089.0,1089.0,1082.0,1082.0,700,0.0,0.0
2024-05-09 10:00:00+09:00,1082.0,1082.0,1082.0,1082.0,0,0.0,0.0
2024-05-09 11:00:00+09:00,1089.0,1089.0,1089.0,1089.0,0,0.0,0.0
2024-05-09 13:00:00+09:00,1089.0,1089.0,1089.0,1089.0,1100,0.0,0.0
2024-05-10 09:00:00+09:00,1090.0,1090.0,1082.0,1082.0,500,0.0,0.0
2024-05-10 10:00:00+09:00,1082.0,1085.0,1082.0,1085.0,200,0.0,0.0
2024-05-10 11:00:00+09:00,1085.0,1085.0,1085.0,1085.0,0,0.0,0.0
2024-05-10 12:00:00+09:00,1086.0,1086.0,1086.0,1086.0,800,0.0,0.0
2024-05-10 13:00:00+09:00,1084.0,1085.0,1084.0,1085.0,500,0.0,0.0
2024-05-10 14:00:00+09:00,1083.0,1083.0,1076.0,1076.0,1200,0.0,0.0
2024-05-13 09:00:00+09:00,1041.0,1045.0,985.0,998.0,33100,0.0,0.0
2024-05-13 10:00:00+09:00,998.0,1013.0,988.0,1013.0,7700,0.0,0.0
2024-05-13 11:00:00+09:00,1014.0,1015.0,1014.0,1015.0,0,0.0,0.0
2024-05-13 12:00:00+09:00,1017.0,1017.0,1008.0,1010.0,42600,0.0,0.0
2024-05-13 13:00:00+09:00,1010.0,1010.0,995.0,995.0,7900,0.0,0.0
2024-05-13 14:00:00+09:00,995.0,1007.0,993.0,1007.0,3000,0.0,0.0
2024-05-14 09:00:00+09:00,1009.0,1012.0,1000.0,1000.0,2900,0.0,0.0
2024-05-14 10:00:00+09:00,1001.0,1001.0,995.0,1000.0,2100,0.0,0.0
2024-05-14 11:00:00+09:00,996.0,996.0,993.0,993.0,0,0.0,0.0
2024-05-14 12:00:00+09:00,994.0,1000.0,993.0,1000.0,8100,0.0,0.0
2024-05-14 13:00:00+09:00,1004.0,1004.0,995.0,995.0,600,0.0,0.0
2024-05-14 14:00:00+09:00,1000.0,1000.0,990.0,995.0,3700,0.0,0.0
2024-05-15 09:00:00+09:00,999.0,1007.0,999.0,1000.0,4100,0.0,0.0
2024-05-15 10:00:00+09:00,1005.0,1009.0,1000.0,1009.0,1900,0.0,0.0
2024-05-15 11:00:00+09:00,1002.0,1002.0,1001.0,1001.0,0,0.0,0.0
2024-05-15 12:00:00+09:00,1003.0,1003.0,1001.0,1001.0,6700,0.0,0.0
2024-05-15 13:00:00+09:00,1001.0,1001.0,1000.0,1000.0,700,0.0,0.0
2024-05-15 14:00:00+09:00,1000.0,1000.0,996.0,996.0,1800,0.0,0.0
2024-05-16 09:00:00+09:00,1004.0,1004.0,1000.0,1000.0,1300,0.0,0.0
2024-05-16 10:00:00+09:00,997.0,1000.0,995.0,995.0,1300,0.0,0.0
2024-05-16 11:00:00+09:00,993.0,993.0,991.0,991.0,0,0.0,0.0
2024-05-16 12:00:00+09:00,995.0,995.0,990.0,990.0,5300,0.0,0.0
2024-05-16 13:00:00+09:00,989.0,989.0,988.0,989.0,800,0.0,0.0
2024-05-16 14:00:00+09:00,988.0,990.0,987.0,990.0,900,0.0,0.0
2024-05-17 09:00:00+09:00,988.0,989.0,986.0,989.0,3300,0.0,0.0
2024-05-17 10:00:00+09:00,986.0,987.0,986.0,986.0,1500,0.0,0.0
2024-05-17 11:00:00+09:00,986.0,990.0,986.0,990.0,0,0.0,0.0
2024-05-17 12:00:00+09:00,990.0,990.0,990.0,990.0,6100,0.0,0.0
2024-05-17 13:00:00+09:00,988.0,988.0,988.0,988.0,200,0.0,0.0
2024-05-17 14:00:00+09:00,995.0,995.0,995.0,995.0,100,0.0,0.0
2024-05-20 09:00:00+09:00,987.0,995.0,987.0,995.0,1900,0.0,0.0
2024-05-20 10:00:00+09:00,988.0,990.0,988.0,990.0,800,0.0,0.0
2024-05-20 11:00:00+09:00,990.0,990.0,990.0,990.0,0,0.0,0.0
2024-05-20 12:00:00+09:00,990.0,990.0,985.0,985.0,7200,0.0,0.0
2024-05-20 13:00:00+09:00,988.0,988.0,988.0,988.0,100,0.0,0.0
2024-05-20 14:00:00+09:00,994.0,994.0,994.0,994.0,200,0.0,0.0
2024-05-21 09:00:00+09:00,994.0,995.0,994.0,995.0,700,0.0,0.0
2024-05-21 10:00:00+09:00,993.0,993.0,992.0,992.0,200,0.0,0.0
2024-05-21 11:00:00+09:00,992.0,992.0,992.0,992.0,0,0.0,0.0
2024-05-21 12:00:00+09:00,994.0,994.0,985.0,985.0,3000,0.0,0.0
2024-05-21 13:00:00+09:00,986.0,986.0,985.0,985.0,1000,0.0,0.0
2024-05-21 14:00:00+09:00,986.0,986.0,983.0,984.0,1100,0.0,0.0
2024-05-22 09:00:00+09:00,984.0,984.0,984.0,984.0,300,0.0,0.0
2024-05-22 10:00:00+09:00,986.0,987.0,984.0,984.0,500,0.0,0.0
2024-05-22 11:00:00+09:00,984.0,984.0,984.0,984.0,0,0.0,0.0
2024-05-22 12:00:00+09:00,984.0,984.0,984.0,984.0,900,0.0,0.0
2024-05-23 09:00:00+09:00,985.0,985.0,985.0,985.0,1100,0.0,0.0
2024-05-23 10:00:00+09:00,983.0,983.0,983.0,983.0,300,0.0,0.0
2024-05-23 11:00:00+09:00,983.0,983.0,983.0,983.0,0,0.0,0.0
2024-05-23 12:00:00+09:00,983.0,984.0,983.0,984.0,1600,0.0,0.0
2024-05-23 13:00:00+09:00,984.0,985.0,983.0,983.0,1400,0.0,0.0
2024-05-23 14:00:00+09:00,991.0,994.0,983.0,983.0,500,0.0,0.0
2024-05-24 09:00:00+09:00,998.0,998.0,984.0,990.0,2600,0.0,0.0
2024-05-24 10:00:00+09:00,998.0,999.0,992.0,992.0,2400,0.0,0.0
2024-05-24 11:00:00+09:00,989.0,989.0,989.0,989.0,0,0.0,0.0
2024-05-24 12:00:00+09:00,989.0,989.0,984.0,984.0,5900,0.0,0.0
2024-05-24 13:00:00+09:00,983.0,983.0,983.0,983.0,100,0.0,0.0
2024-05-24 14:00:00+09:00,986.0,988.0,983.0,984.0,400,0.0,0.0
2024-05-27 09:00:00+09:00,983.0,986.0,983.0,986.0,200,0.0,0.0
2024-05-27 10:00:00+09:00,986.0,986.0,984.0,984.0,1100,0.0,0.0
2024-05-27 11:00:00+09:00,985.0,985.0,984.0,984.0,0,0.0,0.0
2024-05-27 12:00:00+09:00,988.0,988.0,984.0,984.0,1800,0.0,0.0
2024-05-27 13:00:00+09:00,985.0,985.0,985.0,985.0,0,0.0,0.0
2024-05-28 09:00:00+09:00,985.0,990.0,985.0,986.0,800,0.0,0.0
2024-05-28 10:00:00+09:00,986.0,986.0,984.0,984.0,1300,0.0,0.0
2024-05-28 11:00:00+09:00,990.0,990.0,990.0,990.0,0,0.0,0.0
2024-05-28 12:00:00+09:00,990.0,990.0,984.0,984.0,2800,0.0,0.0
2024-05-29 09:00:00+09:00,991.0,994.0,990.0,990.0,900,0.0,0.0
2024-05-29 11:00:00+09:00,990.0,990.0,990.0,990.0,0,0.0,0.0
2024-05-29 12:00:00+09:00,986.0,986.0,985.0,985.0,2400,0.0,0.0
2024-05-29 13:00:00+09:00,984.0,985.0,984.0,984.0,600,0.0,0.0
2024-05-29 14:00:00+09:00,984.0,984.0,980.0,980.0,1300,0.0,0.0
2024-05-30 09:00:00+09:00,980.0,981.0,978.0,981.0,3900,0.0,0.0
2024-05-30 10:00:00+09:00,980.0,980.0,975.0,975.0,3100,0.0,0.0
2024-05-30 11:00:00+09:00,975.0,981.0,975.0,981.0,0,0.0,0.0
2024-05-30 12:00:00+09:00,981.0,981.0,974.0,974.0,9400,0.0,0.0
2024-05-30 14:00:00+09:00,975.0,975.0,975.0,975.0,100,0.0,0.0
2024-05-31 09:00:00+09:00,968.0,982.0,968.0,969.0,2500,0.0,0.0
2024-05-31 10:00:00+09:00,975.0,980.0,975.0,980.0,500,0.0,0.0
2024-05-31 11:00:00+09:00,980.0,980.0,980.0,980.0,0,0.0,0.0
2024-05-31 12:00:00+09:00,980.0,980.0,969.0,970.0,6000,0.0,0.0
2024-05-31 13:00:00+09:00,969.0,980.0,969.0,973.0,400,0.0,0.0
2024-05-31 14:00:00+09:00,970.0,970.0,970.0,970.0,0,0.0,0.0
2024-06-03 09:00:00+09:00,975.0,988.0,970.0,979.0,5900,0.0,0.0
2024-06-03 10:00:00+09:00,972.0,980.0,972.0,980.0,1100,0.0,0.0
2024-06-03 11:00:00+09:00,980.0,980.0,980.0,980.0,0,0.0,0.0
2024-06-03 12:00:00+09:00,976.0,976.0,976.0,976.0,7100,0.0,0.0
2024-06-03 13:00:00+09:00,975.0,975.0,975.0,975.0,100,0.0,0.0
2024-06-03 14:00:00+09:00,975.0,975.0,975.0,975.0,100,0.0,0.0
2024-06-04 09:00:00+09:00,983.0,985.0,980.0,980.0,600,0.0,0.0
2024-06-04 10:00:00+09:00,983.0,983.0,983.0,983.0,200,0.0,0.0
2024-06-04 11:00:00+09:00,983.0,983.0,983.0,983.0,0,0.0,0.0
2024-06-04 12:00:00+09:00,979.0,980.0,979.0,979.0,1400,0.0,0.0
2024-06-04 13:00:00+09:00,979.0,979.0,979.0,979.0,100,0.0,0.0
2024-06-04 14:00:00+09:00,979.0,980.0,978.0,979.0,900,0.0,0.0
2024-06-05 09:00:00+09:00,978.0,978.0,978.0,978.0,100,0.0,0.0
2024-06-05 10:00:00+09:00,979.0,979.0,978.0,978.0,300,0.0,0.0
2024-06-05 11:00:00+09:00,979.0,979.0,979.0,979.0,0,0.0,0.0
2024-06-05 12:00:00+09:00,978.0,979.0,978.0,979.0,900,0.0,0.0
2024-06-05 13:00:00+09:00,979.0,982.0,978.0,982.0,1300,0.0,0.0
2024-06-05 14:00:00+09:00,978.0,981.0,977.0,981.0,300,0.0,0.0
2024-06-06 09:00:00+09:00,978.0,980.0,978.0,980.0,300,0.0,0.0
2024-06-06 10:00:00+09:00,980.0,980.0,978.0,978.0,200,0.0,0.0
2024-06-06 11:00:00+09:00,978.0,978.0,978.0,978.0,0,0.0,0.0
2024-06-06 14:00:00+09:00,978.0,980.0,978.0,980.0,1800,0.0,0.0
2024-06-07 09:00:00+09:00,990.0,990.0,985.0,985.0,700,0.0,0.0
2024-06-07 11:00:00+09:00,985.0,985.0,985.0,985.0,0,0.0,0.0
2024-06-10 09:00:00+09:00,993.0,993.0,986.0,986.0,2800,0.0,0.0
2024-06-10 10:00:00+09:00,991.0,992.0,991.0,992.0,1100,0.0,0.0
2024-06-10 11:00:00+09:00,988.0,988.0,988.0,988.0,0,0.0,0.0
2024-06-10 13:00:00+09:00,988.0,988.0,988.0,988.0,4100,0.0,0.0
2024-06-10 14:00:00+09:00,988.0,988.0,988.0,988.0,100,0.0,0.0
2024-06-11 09:00:00+09:00,987.0,987.0,986.0,986.0,1800,0.0,0.0
2024-06-11 10:00:00+09:00,987.0,987.0,984.0,984.0,600,0.0,0.0
2024-06-11 11:00:00+09:00,984.0,984.0,984.0,984.0,0,0.0,0.0
2024-06-11 12:00:00+09:00,986.0,986.0,984.0,984.0,2900,0.0,0.0
2024-06-11 14:00:00+09:00,986.0,986.0,984.0,984.0,300,0.0,0.0
2024-06-12 09:00:00+09:00,985.0,985.0,984.0,984.0,900,0.0,0.0
2024-06-12 10:00:00+09:00,984.0,984.0,982.0,982.0,700,0.0,0.0
2024-06-12 11:00:00+09:00,987.0,987.0,987.0,987.0,0,0.0,0.0
2024-06-13 09:00:00+09:00,983.0,983.0,980.0,980.0,0,0.0,0.0
2024-06-13 11:00:00+09:00,979.0,979.0,979.0,979.0,0,0.0,0.0
2024-06-13 12:00:00+09:00,980.0,980.0,978.0,978.0,5100,0.0,0.0
2024-06-13 13:00:00+09:00,978.0,978.0,974.0,974.0,1600,0.0,0.0
2024-06-13 14:00:00+09:00,973.0,973.0,969.0,969.0,3200,0.0,0.0
2024-06-14 09:00:00+09:00,965.0,969.0,965.0,969.0,2200,0.0,0.0
2024-06-14 10:00:00+09:00,970.0,970.0,965.0,965.0,1100,0.0,0.0
2024-06-14 11:00:00+09:00,965.0,965.0,965.0,965.0,0,0.0,0.0
2024-06-14 12:00:00+09:00,964.0,964.0,964.0,964.0,5200,0.0,0.0
2024-06-14 14:00:00+09:00,964.0,965.0,963.0,964.0,2300,0.0,0.0
2024-06-17 09:00:00+09:00,987.0,987.0,976.0,976.0,5000,0.0,0.0
2024-06-17 10:00:00+09:00,982.0,982.0,982.0,982.0,200,0.0,0.0
2024-06-17 11:00:00+09:00,976.0,977.0,976.0,977.0,0,0.0,0.0
2024-06-17 12:00:00+09:00,978.0,978.0,976.0,976.0,8200,0.0,0.0
2024-06-17 13:00:00+09:00,977.0,977.0,973.0,975.0,2400,0.0,0.0
2024-06-17 14:00:00+09:00,977.0,977.0,973.0,973.0,2400,0.0,0.0
2024-06-18 09:00:00+09:00,986.0,987.0,986.0,987.0,200,0.0,0.0
2024-06-18 10:00:00+09:00,980.0,980.0,973.0,973.0,400,0.0,0.0
2024-06-18 11:00:00+09:00,973.0,973.0,973.0,973.0,0,0.0,0.0
2024-06-18 14:00:00+09:00,973.0,973.0,973.0,973.0,700,0.0,0.0
2024-06-19 09:00:00+09:00,982.0,982.0,974.0,974.0,500,0.0,0.0
2024-06-19 10:00:00+09:00,977.0,982.0,977.0,982.0,300,0.0,0.0
2024-06-19 11:00:00+09:00,982.0,982.0,982.0,982.0,0,0.0,0.0
2024-06-19 13:00:00+09:00,980.0,980.0,980.0,980.0,900,0.0,0.0
2024-06-20 09:00:00+09:00,975.0,975.0,975.0,975.0,600,0.0,0.0
2024-06-20 10:00:00+09:00,975.0,979.0,975.0,979.0,1700,0.0,0.0
2024-06-20 11:00:00+09:00,979.0,979.0,979.0,979.0,0,0.0,0.0
2024-06-20 12:00:00+09:00,975.0,975.0,975.0,975.0,2600,0.0,0.0
2024-06-20 13:00:00+09:00,975.0,975.0,970.0,970.0,1400,0.0,0.0
2024-06-21 09:00:00+09:00,976.0,976.0,970.0,975.0,2600,0.0,0.0
2024-06-21 11:00:00+09:00,975.0,975.0,975.0,975.0,0,0.0,0.0
2024-06-21 12:00:00+09:00,974.0,974.0,974.0,974.0,2700,0.0,0.0
2024-06-21 13:00:00+09:00,971.0,971.0,970.0,970.0,500,0.0,0.0
2024-06-24 09:00:00+09:00,970.0,974.0,960.0,968.0,3800,0.0,0.0
2024-06-24 10:00:00+09:00,965.0,965.0,960.0,960.0,2100,0.0,0.0
2024-06-24 11:00:00+09:00,960.0,960.0,960.0,960.0,0,0.0,0.0
2024-06-24 12:00:00+09:00,961.0,966.0,961.0,961.0,6300,0.0,0.0
2024-06-24 13:00:00+09:00,960.0,963.0,960.0,963.0,300,0.0,0.0
2024-06-24 14:00:00+09:00,962.0,962.0,962.0,962.0,200,0.0,0.0
2024-06-25 09:00:00+09:00,968.0,968.0,968.0,968.0,1200,0.0,0.0
2024-06-25 10:00:00+09:00,967.0,970.0,966.0,970.0,800,0.0,0.0
2024-06-25 11:00:00+09:00,966.0,966.0,965.0,965.0,0,0.0,0.0
2024-06-25 12:00:00+09:00,966.0,967.0,965.0,967.0,2900,0.0,0.0
2024-06-25 13:00:00+09:00,967.0,968.0,967.0,968.0,300,0.0,0.0
2024-06-25 14:00:00+09:00,967.0,967.0,965.0,965.0,400,0.0,0.0
2024-06-26 09:00:00+09:00,965.0,965.0,965.0,965.0,1600,0.0,0.0
2024-06-26 10:00:00+09:00,965.0,968.0,965.0,968.0,0,0.0,0.0
2024-06-26 11:00:00+09:00,968.0,968.0,968.0,968.0,0,0.0,0.0
2024-06-26 12:00:00+09:00,966.0,966.0,965.0,965.0,2900,0.0,0.0
2024-06-26 14:00:00+09:00,967.0,970.0,966.0,970.0,1200,0.0,0.0
2024-06-27 09:00:00+09:00,972.0,973.0,971.0,971.0,3000,0.0,0.0
2024-06-27 10:00:00+09:00,971.0,971.0,971.0,971.0,300,0.0,0.0
2024-06-27 11:00:00+09:00,971.0,971.0,971.0,971.0,0,0.0,0.0
2024-06-27 12:00:00+09:00,975.0,975.0,971.0,971.0,3700,0.0,0.0
2024-06-27 13:00:00+09:00,975.0,975.0,975.0,975.0,100,0.0,0.0
2024-06-27 14:00:00+09:00,975.0,979.0,975.0,979.0,800,0.0,0.0
2024-06-28 09:00:00+09:00,974.0,980.0,974.0,980.0,600,0.0,0.0
2024-06-28 10:00:00+09:00,975.0,977.0,975.0,977.0,600,0.0,0.0
2024-06-28 11:00:00+09:00,980.0,980.0,977.0,977.0,0,0.0,0.0
2024-06-28 12:00:00+09:00,984.0,984.0,979.0,979.0,1900,0.0,0.0
2024-06-28 13:00:00+09:00,985.0,985.0,985.0,985.0,100,0.0,0.0
2024-06-28 14:00:00+09:00,984.0,986.0,984.0,985.0,900,0.0,0.0
2024-07-01 09:00:00+09:00,992.0,992.0,987.0,991.0,4500,0.0,0.0
2024-07-01 10:00:00+09:00,986.0,986.0,985.0,985.0,1100,0.0,0.0
2024-07-01 11:00:00+09:00,985.0,985.0,985.0,985.0,0,0.0,0.0
2024-07-01 12:00:00+09:00,985.0,985.0,985.0,985.0,5800,0.0,0.0
2024-07-01 13:00:00+09:00,985.0,987.0,981.0,987.0,1200,0.0,0.0
2024-07-02 09:00:00+09:00,990.0,990.0,990.0,990.0,600,0.0,0.0
2024-07-02 10:00:00+09:00,989.0,989.0,982.0,982.0,400,0.0,0.0
2024-07-02 11:00:00+09:00,982.0,982.0,980.0,980.0,0,0.0,0.0
2024-07-02 13:00:00+09:00,980.0,980.0,980.0,980.0,3000,0.0,0.0
2024-07-02 14:00:00+09:00,979.0,979.0,979.0,979.0,200,0.0,0.0
2024-07-03 09:00:00+09:00,983.0,983.0,983.0,983.0,400,0.0,0.0
2024-07-03 11:00:00+09:00,983.0,983.0,983.0,983.0,0,0.0,0.0
2024-07-03 13:00:00+09:00,981.0,983.0,979.0,983.0,1100,0.0,0.0
2024-07-04 09:00:00+09:00,983.0,986.0,980.0,980.0,400,0.0,0.0
2024-07-04 10:00:00+09:00,981.0,981.0,981.0,981.0,100,0.0,0.0
2024-07-04 11:00:00+09:00,980.0,980.0,980.0,980.0,0,0.0,0.0
2024-07-04 12:00:00+09:00,983.0,983.0,980.0,980.0,1100,0.0,0.0
2024-07-04 13:00:00+09:00,980.0,984.0,977.0,984.0,800,0.0,0.0
2024-07-05 09:00:00+09:00,976.0,976.0,971.0,971.0,1100,0.0,0.0
2024-07-05 10:00:00+09:00,975.0,983.0,975.0,983.0,500,0.0,0.0
2024-07-05 11:00:00+09:00,983.0,983.0,983.0,983.0,0,0.0,0.0
2024-07-05 12:00:00+09:00,973.0,973.0,973.0,973.0,1900,0.0,0.0
2024-07-05 13:00:00+09:00,986.0,986.0,986.0,986.0,100,0.0,0.0
2024-07-05 14:00:00+09:00,983.0,986.0,973.0,973.0,400,0.0,0.0
2024-07-08 09:00:00+09:00,982.0,982.0,975.0,975.0,2500,0.0,0.0
2024-07-08 11:00:00+09:00,975.0,975.0,975.0,975.0,0,0.0,0.0
2024-07-08 13:00:00+09:00,976.0,976.0,976.0,976.0,2700,0.0,0.0
2024-07-08 14:00:00+09:00,980.0,980.0,980.0,980.0,100,0.0,0.0
2024-07-09 09:00:00+09:00,976.0,976.0,974.0,974.0,800,0.0,0.0
2024-07-09 10:00:00+09:00,973.0,973.0,973.0,973.0,400,0.0,0.0
2024-07-09 11:00:00+09:00,973.0,973.0,973.0,973.0,0,0.0,0.0
2024-07-09 12:00:00+09:00,975.0,975.0,975.0,975.0,1300,0.0,0.0
2024-07-09 13:00:00+09:00,972.0,976.0,972.0,976.0,700,0.0,0.0
2024-07-10 09:00:00+09:00,974.0,974.0,974.0,974.0,500,0.0,0.0
2024-07-10 10:00:00+09:00,977.0,977.0,977.0,977.0,100,0.0,0.0
2024-07-10 11:00:00+09:00,977.0,977.0,977.0,977.0,0,0.0,0.0
2024-07-10 12:00:00+09:00,974.0,976.0,973.0,976.0,1300,0.0,0.0
2024-07-11 09:00:00+09:00,979.0,979.0,964.0,972.0,3700,0.0,0.0
2024-07-11 10:00:00+09:00,969.0,969.0,969.0,969.0,100,0.0,0.0
2024-07-11 11:00:00+09:00,969.0,969.0,965.0,965.0,0,0.0,0.0
2024-07-11 12:00:00+09:00,971.0,971.0,971.0,971.0,5800,0.0,0.0
2024-07-11 13:00:00+09:00,970.0,970.0,970.0,970.0,500,0.0,0.0
2024-07-11 14:00:00+09:00,971.0,971.0,967.0,967.0,400,0.0,0.0
2024-07-12 09:00:00+09:00,968.0,972.0,968.0,972.0,800,0.0,0.0
2024-07-12 10:00:00+09:00,972.0,972.0,972.0,972.0,300,0.0,0.0
2024-07-12 11:00:00+09:00,971.0,973.0,970.0,973.0,0,0.0,0.0
2024-07-12 12:00:00+09:00,973.0,973.0,973.0,973.0,1900,0.0,0.0
2024-07-16 09:00:00+09:00,978.0,978.0,975.0,975.0,1900,0.0,0.0
2024-07-16 10:00:00+09:00,975.0,975.0,973.0,973.0,800,0.0,0.0
2024-07-16 11:00:00+09:00,973.0,973.0,973.0,973.0,0,0.0,0.0
2024-07-16 12:00:00+09:00,973.0,978.0,973.0,978.0,2900,0.0,0.0
2024-07-16 13:00:00+09:00,974.0,974.0,973.0,973.0,200,0.0,0.0
2024-07-16 14:00:00+09:00,973.0,973.0,973.0,973.0,400,0.0,0.0
2024-07-17 09:00:00+09:00,967.0,971.0,967.0,970.0,700,0.0,0.0
2024-07-17 10:00:00+09:00,969.0,971.0,969.0,971.0,700,0.0,0.0
2024-07-17 11:00:00+09:00,971.0,971.0,971.0,971.0,0,0.0,0.0
2024-07-17 12:00:00+09:00,971.0,973.0,971.0,973.0,1600,0.0,0.0
2024-07-17 14:00:00+09:00,970.0,970.0,969.0,969.0,500,0.0,0.0
2024-07-18 09:00:00+09:00,969.0,969.0,965.0,968.0,1200,0.0,0.0
2024-07-18 10:00:00+09:00,967.0,967.0,967.0,967.0,200,0.0,0.0
2024-07-18 11:00:00+09:00,966.0,966.0,966.0,966.0,0,0.0,0.0
2024-07-18 12:00:00+09:00,966.0,966.0,966.0,966.0,1700,0.0,0.0
2024-07-18 13:00:00+09:00,968.0,968.0,968.0,968.0,100,0.0,0.0
2024-07-19 09:00:00+09:00,968.0,970.0,968.0,970.0,500,0.0,0.0
2024-07-19 10:00:00+09:00,968.0,968.0,968.0,968.0,300,0.0,0.0
2024-07-19 11:00:00+09:00,968.0,968.0,968.0,968.0,0,0.0,0.0
2024-07-19 12:00:00+09:00,968.0,968.0,968.0,968.0,1200,0.0,0.0
2024-07-19 13:00:00+09:00,968.0,968.0,968.0,968.0,100,0.0,0.0
2024-07-19 14:00:00+09:00,968.0,968.0,968.0,968.0,300,0.0,0.0
2024-07-22 09:00:00+09:00,970.0,970.0,969.0,969.0,200,0.0,0.0
2024-07-22 10:00:00+09:00,971.0,971.0,970.0,970.0,400,0.0,0.0
2024-07-22 11:00:00+09:00,973.0,973.0,973.0,973.0,0,0.0,0.0
2024-07-22 12:00:00+09:00,973.0,973.0,973.0,973.0,800,0.0,0.0
2024-07-22 13:00:00+09:00,970.0,970.0,969.0,969.0,900,0.0,0.0
2024-07-23 09:00:00+09:00,969.0,969.0,967.0,967.0,1200,0.0,0.0
2024-07-23 10:00:00+09:00,968.0,968.0,967.0,967.0,900,0.0,0.0
2024-07-23 11:00:00+09:00,967.0,967.0,967.0,967.0,0,0.0,0.0
2024-07-23 12:00:00+09:00,969.0,969.0,967.0,967.0,2400,0.0,0.0
2024-07-23 13:00:00+09:00,967.0,967.0,967.0,967.0,100,0.0,0.0
2024-07-23 14:00:00+09:00,968.0,968.0,968.0,968.0,300,0.0,0.0
2024-07-24 09:00:00+09:00,966.0,966.0,963.0,963.0,1400,0.0,0.0
2024-07-24 10:00:00+09:00,964.0,966.0,963.0,966.0,800,0.0,0.0
2024-07-24 11:00:00+09:00,964.0,964.0,964.0,964.0,0,0.0,0.0
2024-07-24 12:00:00+09:00,966.0,966.0,966.0,966.0,2400,0.0,0.0
2024-07-24 13:00:00+09:00,968.0,968.0,968.0,968.0,100,0.0,0.0
2024-07-24 14:00:00+09:00,968.0,968.0,968.0,968.0,100,0.0,0.0
2024-07-25 09:00:00+09:00,960.0,960.0,951.0,960.0,2300,0.0,0.0
2024-07-25 10:00:00+09:00,956.0,957.0,956.0,957.0,200,0.0,0.0
2024-07-25 11:00:00+09:00,957.0,957.0,956.0,956.0,0,0.0,0.0
2024-07-25 12:00:00+09:00,956.0,956.0,952.0,952.0,4000,0.0,0.0
2024-07-25 14:00:00+09:00,954.0,966.0,953.0,966.0,1400,0.0,0.0
2024-07-26 09:00:00+09:00,954.0,956.0,954.0,956.0,400,0.0,0.0
2024-07-26 11:00:00+09:00,956.0,956.0,956.0,956.0,0,0.0,0.0
2024-07-26 12:00:00+09:00,956.0,964.0,956.0,964.0,900,0.0,0.0
2024-07-29 09:00:00+09:00,966.0,966.0,966.0,966.0,100,0.0,0.0
2024-07-29 10:00:00+09:00,961.0,962.0,961.0,962.0,300,0.0,0.0
2024-07-29 11:00:00+09:00,962.0,962.0,962.0,962.0,0,0.0,0.0
2024-07-29 12:00:00+09:00,961.0,961.0,960.0,960.0,1800,0.0,0.0
2024-07-29 13:00:00+09:00,964.0,964.0,959.0,959.0,400,0.0,0.0
2024-07-29 14:00:00+09:00,960.0,960.0,960.0,960.0,700,0.0,0.0
2024-07-30 09:00:00+09:00,958.0,958.0,958.0,958.0,100,0.0,0.0
2024-07-30 11:00:00+09:00,958.0,958.0,958.0,958.0,0,0.0,0.0
2024-07-30 12:00:00+09:00,960.0,960.0,960.0,960.0,200,0.0,0.0
2024-07-30 13:00:00+09:00,959.0,959.0,956.0,956.0,600,0.0,0.0
2024-07-30 14:00:00+09:00,958.0,958.0,956.0,956.0,300,0.0,0.0
2024-07-31 09:00:00+09:00,955.0,960.0,955.0,960.0,200,0.0,0.0
2024-07-31 10:00:00+09:00,955.0,955.0,955.0,955.0,1300,0.0,0.0
2024-07-31 11:00:00+09:00,955.0,955.0,955.0,955.0,0,0.0,0.0
2024-07-31 14:00:00+09:00,956.0,956.0,955.0,955.0,2100,0.0,0.0
2024-08-01 09:00:00+09:00,969.0,970.0,959.0,959.0,1600,0.0,0.0
2024-08-01 10:00:00+09:00,957.0,957.0,955.0,955.0,500,0.0,0.0
2024-08-01 11:00:00+09:00,955.0,955.0,955.0,955.0,0,0.0,0.0
2024-08-01 12:00:00+09:00,955.0,955.0,955.0,955.0,2300,0.0,0.0
2024-08-01 13:00:00+09:00,955.0,955.0,952.0,952.0,1400,0.0,0.0
2024-08-01 14:00:00+09:00,955.0,967.0,951.0,953.0,2900,0.0,0.0
2024-08-02 09:00:00+09:00,951.0,952.0,941.0,941.0,5400,0.0,0.0
2024-08-02 10:00:00+09:00,942.0,942.0,936.0,939.0,2700,0.0,0.0
2024-08-02 11:00:00+09:00,938.0,938.0,938.0,938.0,0,0.0,0.0
2024-08-02 12:00:00+09:00,939.0,939.0,935.0,935.0,9200,0.0,0.0
2024-08-02 13:00:00+09:00,934.0,935.0,933.0,933.0,1900,0.0,0.0
2024-08-02 14:00:00+09:00,933.0,934.0,920.0,920.0,2600,0.0,0.0
2024-08-05 09:00:00+09:00,902.0,902.0,887.0,887.0,4800,0.0,0.0
2024-08-05 10:00:00+09:00,886.0,886.0,870.0,870.0,1300,0.0,0.0
2024-08-05 11:00:00+09:00,871.0,872.0,871.0,872.0,0,0.0,0.0
2024-08-05 12:00:00+09:00,872.0,872.0,869.0,870.0,9300,0.0,0.0
2024-08-05 13:00:00+09:00,870.0,870.0,851.0,851.0,0,0.0,0.0
2024-08-05 14:00:00+09:00,850.0,850.0,801.0,810.0,15600,0.0,0.0
2024-08-06 09:00:00+09:00,820.0,861.0,820.0,861.0,1400,0.0,0.0
2024-08-06 11:00:00+09:00,849.0,849.0,835.0,835.0,0,0.0,0.0
2024-08-06 12:00:00+09:00,844.0,844.0,835.0,835.0,2700,0.0,0.0
2024-08-06 13:00:00+09:00,841.0,855.0,823.0,855.0,0,0.0,0.0
2024-08-06 14:00:00+09:00,825.0,859.0,824.0,859.0,5800,0.0,0.0
2024-08-07 09:00:00+09:00,859.0,859.0,856.0,856.0,10300,0.0,0.0
2024-08-07 10:00:00+09:00,857.0,859.0,857.0,859.0,200,0.0,0.0
2024-08-07 11:00:00+09:00,859.0,859.0,859.0,859.0,0,0.0,0.0
2024-08-07 12:00:00+09:00,844.0,848.0,838.0,838.0,12000,0.0,0.0
2024-08-07 13:00:00+09:00,850.0,859.0,850.0,859.0,600,0.0,0.0
2024-08-07 14:00:00+09:00,873.0,874.0,873.0,874.0,400,0.0,0.0
2024-08-08 09:00:00+09:00,875.0,876.0,875.0,876.0,1900,0.0,0.0
2024-08-08 10:00:00+09:00,875.0,876.0,875.0,876.0,500,0.0,0.0
2024-08-08 11:00:00+09:00,876.0,876.0,876.0,876.0,0,0.0,0.0
2024-08-08 12:00:00+09:00,877.0,877.0,877.0,877.0,2700,0.0,0.0
2024-08-08 13:00:00+09:00,880.0,880.0,880.0,880.0,100,0.0,0.0
2024-08-08 14:00:00+09:00,879.0,887.0,876.0,887.0,400,0.0,0.0
2024-08-09 09:00:00+09:00,887.0,887.0,864.0,864.0,900,0.0,0.0
2024-08-09 11:00:00+09:00,871.0,871.0,867.0,867.0,0,0.0,0.0
2024-08-09 12:00:00+09:00,867.0,867.0,867.0,867.0,4800,0.0,0.0
2024-08-09 14:00:00+09:00,868.0,875.0,867.0,875.0,1200,0.0,0.0
2024-08-13 09:00:00+09:00,888.0,888.0,888.0,888.0,100,0.0,0.0
2024-08-13 10:00:00+09:00,880.0,880.0,880.0,880.0,200,0.0,0.0
2024-08-13 11:00:00+09:00,880.0,880.0,880.0,880.0,0,0.0,0.0
2024-08-13 12:00:00+09:00,883.0,883.0,880.0,880.0,800,0.0,0.0
2024-08-13 13:00:00+09:00,880.0,880.0,878.0,878.0,200,0.0,0.0
2024-08-14 09:00:00+09:00,879.0,883.0,875.0,875.0,1700,0.0,0.0
2024-08-14 10:00:00+09:00,874.0,874.0,867.0,872.0,1400,0.0,0.0
2024-08-14 11:00:00+09:00,877.0,877.0,873.0,873.0,0,0.0,0.0
2024-08-14 12:00:00+09:00,874.0,874.0,873.0,873.0,3500,0.0,0.0
2024-08-14 13:00:00+09:00,874.0,874.0,874.0,874.0,300,0.0,0.0
2024-08-14 14:00:00+09:00,874.0,874.0,872.0,872.0,1200,0.0,0.0
2024-08-15 09:00:00+09:00,867.0,868.0,867.0,868.0,1300,0.0,0.0
2024-08-15 10:00:00+09:00,875.0,875.0,869.0,869.0,1000,0.0,0.0
2024-08-15 11:00:00+09:00,870.0,870.0,870.0,870.0,0,0.0,0.0
2024-08-15 12:00:00+09:00,872.0,872.0,870.0,870.0,3100,0.0,0.0
2024-08-15 13:00:00+09:00,870.0,870.0,870.0,870.0,200,0.0,0.0
2024-08-15 14:00:00+09:00,872.0,872.0,872.0,872.0,100,0.0,0.0
2024-08-16 09:00:00+09:00,870.0,876.0,870.0,871.0,1600,0.0,0.0
2024-08-16 10:00:00+09:00,870.0,873.0,861.0,862.0,5600,0.0,0.0
2024-08-16 11:00:00+09:00,866.0,866.0,866.0,866.0,0,0.0,0.0
2024-08-16 12:00:00+09:00,866.0,866.0,866.0,866.0,7900,0.0,0.0
2024-08-16 13:00:00+09:00,868.0,869.0,864.0,864.0,2200,0.0,0.0
2024-08-16 14:00:00+09:00,865.0,867.0,865.0,866.0,1400,0.0,0.0
