Datetime,Open,High,Low,Close,Volume,Dividends,Stock Splits
2022-08-18 09:00:00+09:00,774.0,774.0,771.0,772.0,700,0.0,0.0
2022-08-18 10:00:00+09:00,771.0,775.0,771.0,771.0,800,0.0,0.0
2022-08-18 11:00:00+09:00,772.0,772.0,771.0,771.0,0,0.0,0.0
2022-08-19 09:00:00+09:00,771.0,780.0,771.0,780.0,300,0.0,0.0
2022-08-19 10:00:00+09:00,779.0,780.0,772.0,772.0,600,0.0,0.0
2022-08-19 11:00:00+09:00,772.0,772.0,772.0,772.0,0,0.0,0.0
2022-08-19 12:00:00+09:00,771.0,771.0,771.0,771.0,3700,0.0,0.0
2022-08-19 14:00:00+09:00,770.0,770.0,770.0,770.0,100,0.0,0.0
2022-08-22 09:00:00+09:00,769.0,769.0,768.0,768.0,400,0.0,0.0
2022-08-22 10:00:00+09:00,769.0,769.0,768.0,768.0,500,0.0,0.0
2022-08-22 11:00:00+09:00,768.0,768.0,768.0,768.0,0,0.0,0.0
2022-08-22 12:00:00+09:00,767.0,767.0,762.0,762.0,3800,0.0,0.0
2022-08-22 13:00:00+09:00,764.0,768.0,761.0,761.0,1400,0.0,0.0
2022-08-22 14:00:00+09:00,761.0,761.0,761.0,761.0,200,0.0,0.0
2022-08-23 09:00:00+09:00,763.0,763.0,763.0,763.0,100,0.0,0.0
2022-08-23 11:00:00+09:00,763.0,763.0,763.0,763.0,0,0.0,0.0
2022-08-23 12:00:00+09:00,761.0,761.0,761.0,761.0,200,0.0,0.0
2022-08-23 14:00:00+09:00,761.0,761.0,761.0,761.0,100,0.0,0.0
2022-08-24 09:00:00+09:00,762.0,762.0,762.0,762.0,100,0.0,0.0
2022-08-24 11:00:00+09:00,762.0,762.0,762.0,762.0,0,0.0,0.0
2022-08-24 13:00:00+09:00,769.0,769.0,769.0,769.0,200,0.0,0.0
2022-08-25 10:00:00+09:00,767.0,767.0,767.0,767.0,100,0.0,0.0
2022-08-25 11:00:00+09:00,767.0,767.0,767.0,767.0,0,0.0,0.0
2022-08-25 14:00:00+09:00,767.0,767.0,767.0,767.0,200,0.0,0.0
2022-08-26 09:00:00+09:00,760.0,760.0,760.0,760.0,1600,0.0,0.0
2022-08-26 11:00:00+09:00,760.0,760.0,760.0,760.0,0,0.0,0.0
2022-08-26 12:00:00+09:00,760.0,760.0,760.0,760.0,6700,0.0,0.0
2022-08-26 13:00:00+09:00,759.0,760.0,759.0,759.0,300,0.0,0.0
2022-08-26 14:00:00+09:00,759.0,759.0,758.0,759.0,300,0.0,0.0
2022-08-29 09:00:00+09:00,759.0,759.0,759.0,759.0,1300,0.0,0.0
2022-08-29 10:00:00+09:00,756.0,756.0,756.0,756.0,0,0.0,0.0
2022-08-29 11:00:00+09:00,761.0,761.0,761.0,761.0,0,0.0,0.0
2022-08-29 12:00:00+09:00,760.0,760.0,756.0,756.0,3800,0.0,0.0
2022-08-29 13:00:00+09:00,756.0,756.0,752.0,753.0,1200,0.0,0.0
2022-08-29 14:00:00+09:00,753.0,757.0,752.0,754.0,500,0.0,0.0
2022-08-30 12:00:00+09:00,760.0,760.0,760.0,760.0,200,0.0,0.0
2022-08-30 13:00:00+09:00,760.0,760.0,760.0,760.0,300,0.0,0.0
2022-08-30 14:00:00+09:00,760.0,760.0,760.0,760.0,200,0.0,0.0
2022-08-31 09:00:00+09:00,760.0,760.0,755.0,757.0,2000,0.0,0.0
2022-08-31 11:00:00+09:00,757.0,757.0,757.0,757.0,0,0.0,0.0
2022-09-01 09:00:00+09:00,756.0,756.0,756.0,756.0,100,0.0,0.0
2022-09-01 10:00:00+09:00,759.0,760.0,759.0,760.0,500,0.0,0.0
2022-09-01 11:00:00+09:00,760.0,760.0,760.0,760.0,0,0.0,0.0
2022-09-01 12:00:00+09:00,757.0,757.0,757.0,757.0,800,0.0,0.0
2022-09-02 09:00:00+09:00,761.0,761.0,755.0,755.0,600,0.0,0.0
2022-09-02 11:00:00+09:00,755.0,755.0,755.0,755.0,0,0.0,0.0
2022-09-02 12:00:00+09:00,753.0,753.0,753.0,753.0,700,0.0,0.0
2022-09-05 09:00:00+09:00,750.0,750.0,748.0,748.0,300,0.0,0.0
2022-09-05 11:00:00+09:00,750.0,750.0,750.0,750.0,0,0.0,0.0
2022-09-05 12:00:00+09:00,748.0,748.0,748.0,748.0,500,0.0,0.0
2022-09-05 14:00:00+09:00,748.0,748.0,725.0,738.0,5900,0.0,0.0
2022-09-06 09:00:00+09:00,740.0,740.0,734.0,734.0,200,0.0,0.0
2022-09-06 10:00:00+09:00,736.0,736.0,736.0,736.0,100,0.0,0.0
2022-09-06 11:00:00+09:00,736.0,736.0,736.0,736.0,0,0.0,0.0
2022-09-06 12:00:00+09:00,736.0,736.0,736.0,736.0,1800,0.0,0.0
2022-09-06 14:00:00+09:00,736.0,736.0,736.0,736.0,700,0.0,0.0
2022-09-07 09:00:00+09:00,737.0,737.0,737.0,737.0,100,0.0,0.0
2022-09-07 10:00:00+09:00,739.0,739.0,708.0,708.0,2300,0.0,0.0
2022-09-07 11:00:00+09:00,708.0,708.0,708.0,708.0,0,0.0,0.0
2022-09-07 12:00:00+09:00,723.0,723.0,705.0,705.0,5300,0.0,0.0
2022-09-07 13:00:00+09:00,705.0,710.0,705.0,710.0,800,0.0,0.0
2022-09-07 14:00:00+09:00,714.0,714.0,711.0,713.0,400,0.0,0.0
2022-09-08 09:00:00+09:00,721.0,730.0,721.0,728.0,0,0.0,0.0
2022-09-08 10:00:00+09:00,723.0,723.0,723.0,723.0,1000,0.0,0.0
2022-09-08 11:00:00+09:00,723.0,723.0,723.0,723.0,0,0.0,0.0
2022-09-08 12:00:00+09:00,723.0,723.0,723.0,723.0,1200,0.0,0.0
2022-09-08 13:00:00+09:00,725.0,725.0,720.0,720.0,700,0.0,0.0
2022-09-08 14:00:00+09:00,718.0,718.0,710.0,711.0,800,0.0,0.0
2022-09-09 09:00:00+09:00,696.0,706.0,696.0,706.0,4200,0.0,0.0
2022-09-09 10:00:00+09:00,709.0,709.0,704.0,704.0,0,0.0,0.0
2022-09-09 11:00:00+09:00,702.0,702.0,702.0,702.0,0,0.0,0.0
2022-09-09 12:00:00+09:00,709.0,710.0,709.0,710.0,6000,0.0,0.0
2022-09-09 13:00:00+09:00,710.0,711.0,710.0,711.0,400,0.0,0.0
2022-09-09 14:00:00+09:00,709.0,709.0,707.0,709.0,500,0.0,0.0
2022-09-12 09:00:00+09:00,710.0,710.0,710.0,710.0,100,0.0,0.0
2022-09-12 11:00:00+09:00,710.0,710.0,710.0,710.0,0,0.0,0.0
2022-09-12 12:00:00+09:00,725.0,725.0,725.0,725.0,400,0.0,0.0
2022-09-12 14:00:00+09:00,725.0,725.0,725.0,725.0,100,0.0,0.0
2022-09-13 09:00:00+09:00,725.0,725.0,711.0,711.0,1500,0.0,0.0
2022-09-13 11:00:00+09:00,713.0,713.0,705.0,705.0,0,0.0,0.0
2022-09-13 12:00:00+09:00,705.0,707.0,704.0,704.0,5200,0.0,0.0
2022-09-13 13:00:00+09:00,704.0,710.0,704.0,705.0,3400,0.0,0.0
2022-09-13 14:00:00+09:00,709.0,709.0,706.0,706.0,500,0.0,0.0
2022-09-14 09:00:00+09:00,704.0,704.0,702.0,704.0,1100,0.0,0.0
2022-09-14 11:00:00+09:00,704.0,706.0,701.0,701.0,0,0.0,0.0
2022-09-14 12:00:00+09:00,701.0,701.0,701.0,701.0,2300,0.0,0.0
2022-09-14 13:00:00+09:00,704.0,704.0,704.0,704.0,100,0.0,0.0
2022-09-14 14:00:00+09:00,704.0,704.0,704.0,704.0,400,0.0,0.0
2022-09-15 09:00:00+09:00,709.0,715.0,709.0,715.0,300,0.0,0.0
2022-09-15 10:00:00+09:00,714.0,724.0,710.0,710.0,1500,0.0,0.0
2022-09-15 11:00:00+09:00,710.0,710.0,710.0,710.0,0,0.0,0.0
2022-09-15 12:00:00+09:00,710.0,710.0,710.0,710.0,2200,0.0,0.0
2022-09-15 13:00:00+09:00,710.0,710.0,709.0,709.0,400,0.0,0.0
2022-09-15 14:00:00+09:00,709.0,709.0,707.0,707.0,200,0.0,0.0
2022-09-16 09:00:00+09:00,707.0,707.0,707.0,707.0,200,0.0,0.0
2022-09-16 11:00:00+09:00,707.0,707.0,707.0,707.0,0,0.0,0.0
2022-09-16 12:00:00+09:00,698.0,698.0,698.0,698.0,1300,0.0,0.0
2022-09-16 13:00:00+09:00,700.0,713.0,700.0,701.0,1000,0.0,0.0
2022-09-16 14:00:00+09:00,708.0,714.0,708.0,709.0,700,0.0,0.0
2022-09-20 09:00:00+09:00,709.0,709.0,703.0,707.0,5100,0.0,0.0
2022-09-20 11:00:00+09:00,707.0,707.0,707.0,707.0,0,0.0,0.0
2022-09-20 12:00:00+09:00,703.0,703.0,703.0,703.0,5300,0.0,0.0
2022-09-20 14:00:00+09:00,706.0,706.0,702.0,702.0,1000,0.0,0.0
2022-09-21 09:00:00+09:00,702.0,707.0,702.0,705.0,600,0.0,0.0
2022-09-21 11:00:00+09:00,705.0,705.0,705.0,705.0,0,0.0,0.0
2022-09-21 12:00:00+09:00,705.0,705.0,705.0,705.0,1900,0.0,0.0
2022-09-21 13:00:00+09:00,709.0,709.0,709.0,709.0,0,0.0,0.0
2022-09-21 14:00:00+09:00,706.0,725.0,706.0,712.0,5600,0.0,0.0
2022-09-22 09:00:00+09:00,707.0,718.0,698.0,698.0,2500,0.0,0.0
2022-09-22 11:00:00+09:00,698.0,698.0,698.0,698.0,0,0.0,0.0
2022-09-22 12:00:00+09:00,708.0,708.0,708.0,708.0,2600,0.0,0.0
2022-09-26 09:00:00+09:00,703.0,703.0,693.0,693.0,700,0.0,0.0
2022-09-26 10:00:00+09:00,698.0,698.0,698.0,698.0,100,0.0,0.0
2022-09-26 11:00:00+09:00,698.0,698.0,698.0,698.0,0,0.0,0.0
2022-09-26 12:00:00+09:00,698.0,698.0,698.0,698.0,900,0.0,0.0
2022-09-26 14:00:00+09:00,696.0,696.0,689.0,690.0,2800,0.0,0.0
2022-09-27 09:00:00+09:00,696.0,698.0,692.0,692.0,600,0.0,0.0
2022-09-27 10:00:00+09:00,691.0,691.0,691.0,691.0,100,0.0,0.0
2022-09-27 11:00:00+09:00,691.0,691.0,691.0,691.0,0,0.0,0.0
2022-09-27 13:00:00+09:00,694.0,694.0,694.0,694.0,800,0.0,0.0
2022-09-27 14:00:00+09:00,695.0,695.0,691.0,691.0,1100,0.0,0.0
2022-09-28 09:00:00+09:00,696.0,696.0,685.0,687.0,2000,0.0,0.0
2022-09-28 10:00:00+09:00,687.0,687.0,687.0,687.0,100,0.0,0.0
2022-09-28 11:00:00+09:00,687.0,687.0,687.0,687.0,0,0.0,0.0
2022-09-28 12:00:00+09:00,685.0,685.0,684.0,685.0,2800,0.0,0.0
2022-09-28 13:00:00+09:00,692.0,692.0,692.0,692.0,400,0.0,0.0
2022-09-28 14:00:00+09:00,687.0,690.0,685.0,690.0,400,0.0,0.0
2022-09-29 09:00:00+09:00,693.0,693.0,676.0,682.0,1500,0.0,0.0
2022-09-29 11:00:00+09:00,682.0,682.0,682.0,682.0,0,0.0,0.0
2022-09-29 12:00:00+09:00,684.0,687.0,676.0,676.0,3800,0.0,0.0
2022-09-29 13:00:00+09:00,676.0,683.0,676.0,678.0,500,0.0,0.0
2022-09-29 14:00:00+09:00,678.0,678.0,678.0,678.0,100,0.0,0.0
2022-09-30 09:00:00+09:00,682.0,682.0,678.0,678.0,2800,0.0,0.0
2022-09-30 10:00:00+09:00,679.0,680.0,679.0,680.0,200,0.0,0.0
2022-09-30 11:00:00+09:00,680.0,680.0,680.0,680.0,0,0.0,0.0
2022-09-30 12:00:00+09:00,676.0,676.0,676.0,676.0,3300,0.0,0.0
2022-09-30 14:00:00+09:00,679.0,679.0,675.0,675.0,300,0.0,0.0
2022-10-03 09:00:00+09:00,680.0,680.0,675.0,677.0,3900,0.0,0.0
2022-10-03 10:00:00+09:00,676.0,700.0,676.0,684.0,3200,0.0,0.0
2022-10-03 11:00:00+09:00,685.0,685.0,678.0,678.0,0,0.0,0.0
2022-10-03 12:00:00+09:00,680.0,680.0,677.0,680.0,10400,0.0,0.0
2022-10-03 13:00:00+09:00,679.0,695.0,679.0,687.0,2500,0.0,0.0
2022-10-03 14:00:00+09:00,682.0,682.0,677.0,677.0,1600,0.0,0.0
2022-10-04 09:00:00+09:00,655.0,675.0,655.0,669.0,10900,0.0,0.0
2022-10-04 10:00:00+09:00,665.0,670.0,664.0,670.0,500,0.0,0.0
2022-10-04 11:00:00+09:00,668.0,668.0,668.0,668.0,0,0.0,0.0
2022-10-04 12:00:00+09:00,668.0,668.0,667.0,668.0,12000,0.0,0.0
2022-10-04 13:00:00+09:00,666.0,669.0,663.0,669.0,2300,0.0,0.0
2022-10-04 14:00:00+09:00,667.0,672.0,653.0,654.0,7300,0.0,0.0
2022-10-05 09:00:00+09:00,675.0,680.0,654.0,660.0,8500,0.0,0.0
2022-10-05 10:00:00+09:00,658.0,658.0,658.0,658.0,100,0.0,0.0
2022-10-05 11:00:00+09:00,658.0,658.0,658.0,658.0,0,0.0,0.0
2022-10-05 12:00:00+09:00,668.0,668.0,660.0,661.0,11900,0.0,0.0
2022-10-05 13:00:00+09:00,667.0,667.0,665.0,665.0,400,0.0,0.0
2022-10-05 14:00:00+09:00,666.0,666.0,666.0,666.0,100,0.0,0.0
2022-10-06 09:00:00+09:00,672.0,672.0,660.0,663.0,1000,0.0,0.0
2022-10-06 10:00:00+09:00,663.0,663.0,661.0,661.0,800,0.0,0.0
2022-10-06 11:00:00+09:00,662.0,671.0,660.0,663.0,0,0.0,0.0
2022-10-06 12:00:00+09:00,670.0,670.0,664.0,665.0,7200,0.0,0.0
2022-10-06 13:00:00+09:00,667.0,668.0,665.0,665.0,1300,0.0,0.0
2022-10-06 14:00:00+09:00,664.0,666.0,664.0,666.0,200,0.0,0.0
2022-10-07 09:00:00+09:00,670.0,670.0,668.0,668.0,400,0.0,0.0
2022-10-07 10:00:00+09:00,666.0,666.0,666.0,666.0,100,0.0,0.0
2022-10-07 11:00:00+09:00,666.0,666.0,666.0,666.0,0,0.0,0.0
2022-10-07 12:00:00+09:00,665.0,665.0,665.0,665.0,600,0.0,0.0
2022-10-07 13:00:00+09:00,664.0,664.0,664.0,664.0,100,0.0,0.0
2022-10-07 14:00:00+09:00,665.0,665.0,663.0,663.0,500,0.0,0.0
2022-10-11 09:00:00+09:00,655.0,659.0,655.0,659.0,2800,0.0,0.0
2022-10-11 10:00:00+09:00,658.0,665.0,658.0,658.0,1600,0.0,0.0
2022-10-11 11:00:00+09:00,658.0,658.0,658.0,658.0,0,0.0,0.0
2022-10-11 13:00:00+09:00,659.0,659.0,659.0,659.0,4500,0.0,0.0
2022-10-12 09:00:00+09:00,660.0,668.0,658.0,668.0,0,0.0,0.0
2022-10-12 10:00:00+09:00,666.0,667.0,662.0,662.0,1400,0.0,0.0
2022-10-12 11:00:00+09:00,662.0,662.0,662.0,662.0,0,0.0,0.0
2022-10-12 12:00:00+09:00,658.0,658.0,658.0,658.0,2300,0.0,0.0
2022-10-12 14:00:00+09:00,660.0,660.0,656.0,656.0,1000,0.0,0.0
2022-10-13 09:00:00+09:00,666.0,667.0,661.0,667.0,1600,0.0,0.0
2022-10-13 10:00:00+09:00,666.0,666.0,661.0,664.0,1200,0.0,0.0
2022-10-13 11:00:00+09:00,665.0,665.0,665.0,665.0,0,0.0,0.0
2022-10-13 12:00:00+09:00,665.0,665.0,665.0,665.0,3200,0.0,0.0
2022-10-13 13:00:00+09:00,664.0,665.0,664.0,665.0,500,0.0,0.0
2022-10-13 14:00:00+09:00,664.0,665.0,661.0,664.0,900,0.0,0.0
2022-10-14 09:00:00+09:00,666.0,666.0,662.0,662.0,500,0.0,0.0
2022-10-14 10:00:00+09:00,663.0,663.0,663.0,663.0,400,0.0,0.0
2022-10-14 11:00:00+09:00,663.0,663.0,663.0,663.0,0,0.0,0.0
2022-10-14 13:00:00+09:00,665.0,665.0,665.0,665.0,1000,0.0,0.0
2022-10-14 14:00:00+09:00,665.0,671.0,665.0,669.0,1700,0.0,0.0
2022-10-17 09:00:00+09:00,670.0,685.0,670.0,681.0,2600,0.0,0.0
2022-10-17 10:00:00+09:00,679.0,685.0,679.0,680.0,1900,0.0,0.0
2022-10-17 11:00:00+09:00,680.0,680.0,669.0,670.0,0,0.0,0.0
2022-10-17 12:00:00+09:00,670.0,681.0,670.0,675.0,8700,0.0,0.0
2022-10-17 13:00:00+09:00,672.0,672.0,672.0,672.0,1200,0.0,0.0
2022-10-17 14:00:00+09:00,673.0,673.0,670.0,670.0,700,0.0,0.0
2022-10-18 09:00:00+09:00,677.0,679.0,666.0,670.0,0,0.0,0.0
2022-10-18 10:00:00+09:00,670.0,670.0,670.0,670.0,2500,0.0,0.0
2022-10-18 11:00:00+09:00,670.0,670.0,670.0,670.0,0,0.0,0.0
2022-10-18 12:00:00+09:00,670.0,675.0,670.0,675.0,4800,0.0,0.0
2022-10-18 13:00:00+09:00,672.0,672.0,670.0,670.0,700,0.0,0.0
2022-10-18 14:00:00+09:00,673.0,673.0,671.0,671.0,200,0.0,0.0
2022-10-19 09:00:00+09:00,669.0,669.0,667.0,667.0,1000,0.0,0.0
2022-10-19 10:00:00+09:00,667.0,667.0,666.0,666.0,800,0.0,0.0
2022-10-19 11:00:00+09:00,667.0,667.0,667.0,667.0,0,0.0,0.0
2022-10-19 13:00:00+09:00,668.0,668.0,668.0,668.0,2000,0.0,0.0
2022-10-19 14:00:00+09:00,667.0,667.0,667.0,667.0,100,0.0,0.0
2022-10-20 09:00:00+09:00,669.0,669.0,669.0,669.0,100,0.0,0.0
2022-10-20 10:00:00+09:00,671.0,671.0,671.0,671.0,100,0.0,0.0
2022-10-20 11:00:00+09:00,670.0,673.0,670.0,671.0,0,0.0,0.0
2022-10-20 12:00:00+09:00,669.0,669.0,668.0,668.0,1800,0.0,0.0
2022-10-20 14:00:00+09:00,669.0,669.0,669.0,669.0,100,0.0,0.0
2022-10-21 09:00:00+09:00,661.0,681.0,661.0,680.0,5000,0.0,0.0
2022-10-21 10:00:00+09:00,670.0,670.0,670.0,670.0,300,0.0,0.0
2022-10-21 11:00:00+09:00,670.0,670.0,670.0,670.0,0,0.0,0.0
2022-10-21 12:00:00+09:00,670.0,670.0,670.0,670.0,5600,0.0,0.0
2022-10-21 14:00:00+09:00,670.0,670.0,670.0,670.0,300,0.0,0.0
2022-10-24 09:00:00+09:00,666.0,678.0,666.0,667.0,1400,0.0,0.0
2022-10-24 11:00:00+09:00,667.0,667.0,667.0,667.0,0,0.0,0.0
2022-10-24 12:00:00+09:00,666.0,666.0,666.0,666.0,1800,0.0,0.0
2022-10-24 14:00:00+09:00,667.0,667.0,667.0,667.0,100,0.0,0.0
2022-10-25 09:00:00+09:00,675.0,675.0,671.0,671.0,500,0.0,0.0
2022-10-25 10:00:00+09:00,669.0,669.0,669.0,669.0,300,0.0,0.0
2022-10-25 11:00:00+09:00,669.0,669.0,669.0,669.0,0,0.0,0.0
2022-10-25 12:00:00+09:00,667.0,667.0,666.0,666.0,1100,0.0,0.0
2022-10-26 09:00:00+09:00,674.0,674.0,670.0,670.0,0,0.0,0.0
2022-10-26 11:00:00+09:00,670.0,670.0,670.0,670.0,0,0.0,0.0
2022-10-26 12:00:00+09:00,670.0,670.0,663.0,663.0,1800,0.0,0.0
2022-10-26 13:00:00+09:00,666.0,666.0,666.0,666.0,300,0.0,0.0
2022-10-27 09:00:00+09:00,670.0,670.0,662.0,663.0,700,0.0,0.0
2022-10-27 10:00:00+09:00,663.0,663.0,663.0,663.0,400,0.0,0.0
2022-10-27 11:00:00+09:00,663.0,663.0,663.0,663.0,0,0.0,0.0
2022-10-27 14:00:00+09:00,663.0,663.0,663.0,663.0,1900,0.0,0.0
2022-10-28 09:00:00+09:00,663.0,665.0,663.0,665.0,500,0.0,0.0
2022-10-28 11:00:00+09:00,670.0,670.0,670.0,670.0,0,0.0,0.0
2022-10-28 12:00:00+09:00,669.0,669.0,669.0,669.0,1700,0.0,0.0
2022-10-28 13:00:00+09:00,668.0,668.0,668.0,668.0,100,0.0,0.0
2022-10-28 14:00:00+09:00,669.0,669.0,667.0,669.0,500,0.0,0.0
2022-10-31 09:00:00+09:00,676.0,676.0,676.0,676.0,2200,0.0,0.0
2022-10-31 11:00:00+09:00,669.0,669.0,667.0,667.0,0,0.0,0.0
2022-10-31 12:00:00+09:00,665.0,665.0,665.0,665.0,2700,0.0,0.0
2022-10-31 14:00:00+09:00,667.0,667.0,667.0,667.0,300,0.0,0.0
2022-11-01 09:00:00+09:00,670.0,670.0,670.0,670.0,200,0.0,0.0
2022-11-01 11:00:00+09:00,670.0,670.0,670.0,670.0,0,0.0,0.0
2022-11-01 12:00:00+09:00,667.0,669.0,667.0,669.0,400,0.0,0.0
2022-11-01 13:00:00+09:00,669.0,669.0,665.0,665.0,1600,0.0,0.0
2022-11-01 14:00:00+09:00,663.0,663.0,663.0,663.0,100,0.0,0.0
2022-11-02 09:00:00+09:00,665.0,671.0,663.0,671.0,1900,0.0,0.0
2022-11-02 10:00:00+09:00,670.0,670.0,670.0,670.0,500,0.0,0.0
2022-11-02 11:00:00+09:00,666.0,666.0,666.0,666.0,0,0.0,0.0
2022-11-02 12:00:00+09:00,666.0,666.0,666.0,666.0,2600,0.0,0.0
2022-11-02 13:00:00+09:00,666.0,666.0,666.0,666.0,100,0.0,0.0
2022-11-02 14:00:00+09:00,666.0,666.0,666.0,666.0,100,0.0,0.0
2022-11-04 11:00:00+09:00,670.0,670.0,670.0,670.0,200,0.0,0.0
2022-11-04 12:00:00+09:00,670.0,670.0,670.0,670.0,400,0.0,0.0
2022-11-04 13:00:00+09:00,670.0,670.0,670.0,670.0,700,0.0,0.0
2022-11-04 14:00:00+09:00,670.0,674.0,665.0,670.0,4100,0.0,0.0
2022-11-07 09:00:00+09:00,664.0,664.0,661.0,661.0,1900,0.0,0.0
2022-11-07 10:00:00+09:00,666.0,669.0,666.0,669.0,500,0.0,0.0
2022-11-07 11:00:00+09:00,667.0,668.0,667.0,668.0,0,0.0,0.0
2022-11-07 14:00:00+09:00,668.0,668.0,668.0,668.0,2700,0.0,0.0
2022-11-08 09:00:00+09:00,672.0,672.0,669.0,670.0,700,0.0,0.0
2022-11-08 10:00:00+09:00,670.0,670.0,668.0,668.0,1400,0.0,0.0
2022-11-08 11:00:00+09:00,668.0,668.0,668.0,668.0,0,0.0,0.0
2022-11-08 12:00:00+09:00,667.0,670.0,667.0,670.0,2500,0.0,0.0
2022-11-08 13:00:00+09:00,668.0,668.0,668.0,668.0,100,0.0,0.0
2022-11-08 14:00:00+09:00,668.0,668.0,668.0,668.0,100,0.0,0.0
2022-11-09 09:00:00+09:00,669.0,675.0,669.0,670.0,4200,0.0,0.0
2022-11-09 10:00:00+09:00,668.0,668.0,668.0,668.0,0,0.0,0.0
2022-11-09 11:00:00+09:00,668.0,668.0,668.0,668.0,0,0.0,0.0
2022-11-09 12:00:00+09:00,667.0,669.0,667.0,669.0,5300,0.0,0.0
2022-11-09 14:00:00+09:00,670.0,670.0,669.0,669.0,400,0.0,0.0
2022-11-10 09:00:00+09:00,668.0,668.0,667.0,667.0,200,0.0,0.0
2022-11-10 11:00:00+09:00,667.0,667.0,667.0,667.0,0,0.0,0.0
2022-11-10 12:00:00+09:00,666.0,666.0,666.0,666.0,600,0.0,0.0
2022-11-10 13:00:00+09:00,666.0,666.0,666.0,666.0,200,0.0,0.0
2022-11-10 14:00:00+09:00,666.0,666.0,666.0,666.0,200,0.0,0.0
2022-11-11 09:00:00+09:00,666.0,666.0,664.0,664.0,800,0.0,0.0
2022-11-11 10:00:00+09:00,667.0,667.0,666.0,667.0,1000,0.0,0.0
2022-11-11 11:00:00+09:00,667.0,667.0,664.0,664.0,0,0.0,0.0
2022-11-11 12:00:00+09:00,663.0,665.0,663.0,665.0,3500,0.0,0.0
2022-11-11 13:00:00+09:00,666.0,666.0,661.0,661.0,3300,0.0,0.0
2022-11-11 14:00:00+09:00,662.0,667.0,662.0,667.0,1600,0.0,0.0
2022-11-14 09:00:00+09:00,669.0,670.0,666.0,666.0,1200,0.0,0.0
2022-11-14 11:00:00+09:00,670.0,670.0,667.0,667.0,0,0.0,0.0
2022-11-14 14:00:00+09:00,670.0,670.0,666.0,670.0,4000,0.0,0.0
2022-11-15 09:00:00+09:00,670.0,671.0,667.0,667.0,1300,0.0,0.0
2022-11-15 10:00:00+09:00,666.0,666.0,666.0,666.0,100,0.0,0.0
2022-11-15 11:00:00+09:00,666.0,666.0,666.0,666.0,0,0.0,0.0
2022-11-15 12:00:00+09:00,666.0,666.0,666.0,666.0,1700,0.0,0.0
2022-11-15 13:00:00+09:00,669.0,669.0,669.0,669.0,200,0.0,0.0
2022-11-16 09:00:00+09:00,669.0,669.0,663.0,663.0,2200,0.0,0.0
2022-11-16 10:00:00+09:00,665.0,665.0,665.0,665.0,100,0.0,0.0
2022-11-16 11:00:00+09:00,665.0,665.0,665.0,665.0,0,0.0,0.0
2022-11-16 12:00:00+09:00,663.0,669.0,663.0,669.0,3100,0.0,0.0
2022-11-16 13:00:00+09:00,668.0,670.0,668.0,670.0,800,0.0,0.0
2022-11-16 14:00:00+09:00,668.0,668.0,663.0,663.0,800,0.0,0.0
2022-11-17 09:00:00+09:00,670.0,670.0,665.0,665.0,700,0.0,0.0
2022-11-17 10:00:00+09:00,669.0,669.0,669.0,669.0,300,0.0,0.0
2022-11-17 11:00:00+09:00,669.0,670.0,669.0,670.0,0,0.0,0.0
2022-11-17 14:00:00+09:00,670.0,670.0,670.0,670.0,1400,0.0,0.0
2022-11-18 09:00:00+09:00,669.0,670.0,669.0,670.0,300,0.0,0.0
2022-11-18 10:00:00+09:00,670.0,670.0,670.0,670.0,1000,0.0,0.0
2022-11-18 11:00:00+09:00,670.0,670.0,670.0,670.0,0,0.0,0.0
2022-11-18 12:00:00+09:00,670.0,671.0,670.0,670.0,1900,0.0,0.0
2022-11-18 13:00:00+09:00,670.0,670.0,669.0,669.0,500,0.0,0.0
2022-11-18 14:00:00+09:00,670.0,670.0,670.0,670.0,700,0.0,0.0
2022-11-21 09:00:00+09:00,671.0,671.0,666.0,666.0,2600,0.0,0.0
2022-11-21 10:00:00+09:00,669.0,669.0,669.0,669.0,100,0.0,0.0
2022-11-21 11:00:00+09:00,669.0,669.0,669.0,669.0,0,0.0,0.0
2022-11-21 12:00:00+09:00,670.0,670.0,670.0,670.0,2800,0.0,0.0
2022-11-21 13:00:00+09:00,670.0,670.0,670.0,670.0,300,0.0,0.0
2022-11-21 14:00:00+09:00,670.0,670.0,670.0,670.0,1100,0.0,0.0
2022-11-22 09:00:00+09:00,673.0,673.0,671.0,671.0,700,0.0,0.0
2022-11-22 11:00:00+09:00,673.0,673.0,670.0,670.0,0,0.0,0.0
2022-11-22 14:00:00+09:00,671.0,671.0,668.0,668.0,2400,0.0,0.0
2022-11-24 09:00:00+09:00,668.0,673.0,667.0,667.0,1400,0.0,0.0
2022-11-24 10:00:00+09:00,670.0,670.0,670.0,670.0,500,0.0,0.0
2022-11-24 11:00:00+09:00,670.0,670.0,670.0,670.0,0,0.0,0.0
2022-11-24 12:00:00+09:00,673.0,673.0,673.0,673.0,2300,0.0,0.0
2022-11-24 13:00:00+09:00,673.0,673.0,670.0,670.0,1000,0.0,0.0
2022-11-24 14:00:00+09:00,668.0,668.0,668.0,668.0,100,0.0,0.0
2022-11-25 09:00:00+09:00,670.0,674.0,670.0,670.0,3100,0.0,0.0
2022-11-25 10:00:00+09:00,670.0,670.0,670.0,670.0,200,0.0,0.0
2022-11-25 11:00:00+09:00,670.0,670.0,670.0,670.0,0,0.0,0.0
2022-11-25 12:00:00+09:00,671.0,673.0,671.0,672.0,4900,0.0,0.0
2022-11-25 13:00:00+09:00,671.0,671.0,670.0,670.0,2200,0.0,0.0
2022-11-25 14:00:00+09:00,672.0,674.0,670.0,671.0,800,0.0,0.0
2022-11-28 09:00:00+09:00,674.0,674.0,674.0,674.0,400,0.0,0.0
2022-11-28 10:00:00+09:00,674.0,674.0,674.0,674.0,200,0.0,0.0
2022-11-28 11:00:00+09:00,672.0,672.0,670.0,670.0,0,0.0,0.0
2022-11-28 12:00:00+09:00,670.0,671.0,670.0,671.0,3800,0.0,0.0
2022-11-28 13:00:00+09:00,671.0,671.0,671.0,671.0,300,0.0,0.0
2022-11-28 14:00:00+09:00,673.0,673.0,671.0,671.0,1000,0.0,0.0
2022-11-29 09:00:00+09:00,671.0,671.0,668.0,669.0,800,0.0,0.0
2022-11-29 10:00:00+09:00,669.0,669.0,669.0,669.0,700,0.0,0.0
2022-11-29 11:00:00+09:00,668.0,668.0,668.0,668.0,0,0.0,0.0
2022-11-29 12:00:00+09:00,665.0,666.0,665.0,666.0,7500,0.0,0.0
2022-11-29 13:00:00+09:00,668.0,668.0,668.0,668.0,100,0.0,0.0
2022-11-29 14:00:00+09:00,669.0,669.0,668.0,668.0,500,0.0,0.0
2022-11-30 09:00:00+09:00,679.0,679.0,670.0,670.0,7700,0.0,0.0
2022-11-30 10:00:00+09:00,668.0,668.0,667.0,667.0,700,0.0,0.0
2022-11-30 11:00:00+09:00,670.0,670.0,670.0,670.0,0,0.0,0.0
2022-11-30 12:00:00+09:00,670.0,670.0,670.0,670.0,10100,0.0,0.0
2022-11-30 14:00:00+09:00,669.0,669.0,669.0,669.0,100,0.0,0.0
2022-12-01 09:00:00+09:00,670.0,671.0,666.0,667.0,3100,0.0,0.0
2022-12-01 10:00:00+09:00,669.0,669.0,669.0,669.0,100,0.0,0.0
2022-12-01 11:00:00+09:00,669.0,669.0,669.0,669.0,0,0.0,0.0
2022-12-01 12:00:00+09:00,667.0,668.0,667.0,668.0,3400,0.0,0.0
2022-12-01 13:00:00+09:00,668.0,669.0,668.0,669.0,800,0.0,0.0
2022-12-01 14:00:00+09:00,669.0,670.0,667.0,667.0,1500,0.0,0.0
2022-12-02 09:00:00+09:00,667.0,669.0,666.0,667.0,1800,0.0,0.0
2022-12-02 10:00:00+09:00,667.0,667.0,665.0,665.0,1300,0.0,0.0
2022-12-02 11:00:00+09:00,665.0,665.0,665.0,665.0,0,0.0,0.0
2022-12-02 12:00:00+09:00,666.0,668.0,666.0,668.0,3700,0.0,0.0
2022-12-02 13:00:00+09:00,666.0,666.0,666.0,666.0,100,0.0,0.0
2022-12-02 14:00:00+09:00,666.0,666.0,665.0,666.0,600,0.0,0.0
2022-12-05 09:00:00+09:00,667.0,667.0,667.0,667.0,300,0.0,0.0
2022-12-05 11:00:00+09:00,665.0,665.0,665.0,665.0,0,0.0,0.0
2022-12-05 12:00:00+09:00,665.0,665.0,665.0,665.0,600,0.0,0.0
2022-12-05 13:00:00+09:00,665.0,667.0,665.0,667.0,200,0.0,0.0
2022-12-05 14:00:00+09:00,665.0,666.0,665.0,666.0,900,0.0,0.0
2022-12-06 09:00:00+09:00,664.0,666.0,664.0,665.0,500,0.0,0.0
2022-12-06 10:00:00+09:00,666.0,666.0,657.0,657.0,8900,0.0,0.0
2022-12-06 11:00:00+09:00,660.0,660.0,659.0,659.0,0,0.0,0.0
2022-12-06 12:00:00+09:00,660.0,664.0,659.0,659.0,12100,0.0,0.0
2022-12-06 14:00:00+09:00,660.0,660.0,659.0,659.0,400,0.0,0.0
2022-12-07 09:00:00+09:00,665.0,665.0,660.0,660.0,400,0.0,0.0
2022-12-07 10:00:00+09:00,660.0,660.0,657.0,657.0,2300,0.0,0.0
2022-12-07 11:00:00+09:00,660.0,660.0,660.0,660.0,0,0.0,0.0
2022-12-07 12:00:00+09:00,658.0,658.0,658.0,658.0,3200,0.0,0.0
2022-12-07 13:00:00+09:00,658.0,658.0,658.0,658.0,700,0.0,0.0
2022-12-07 14:00:00+09:00,659.0,660.0,659.0,660.0,6400,0.0,0.0
2022-12-08 09:00:00+09:00,658.0,658.0,658.0,658.0,800,0.0,0.0
2022-12-08 10:00:00+09:00,658.0,658.0,658.0,658.0,600,0.0,0.0
2022-12-08 11:00:00+09:00,658.0,658.0,656.0,656.0,0,0.0,0.0
2022-12-08 12:00:00+09:00,658.0,658.0,658.0,658.0,2900,0.0,0.0
2022-12-08 13:00:00+09:00,658.0,658.0,658.0,658.0,100,0.0,0.0
2022-12-08 14:00:00+09:00,658.0,659.0,658.0,658.0,900,0.0,0.0
2022-12-09 09:00:00+09:00,660.0,660.0,660.0,660.0,200,0.0,0.0
2022-12-09 10:00:00+09:00,659.0,659.0,658.0,658.0,200,0.0,0.0
2022-12-09 11:00:00+09:00,658.0,658.0,658.0,658.0,0,0.0,0.0
2022-12-09 12:00:00+09:00,658.0,659.0,658.0,659.0,600,0.0,0.0
2022-12-09 14:00:00+09:00,658.0,659.0,657.0,657.0,2800,0.0,0.0
2022-12-12 09:00:00+09:00,657.0,661.0,655.0,655.0,3100,0.0,0.0
2022-12-12 10:00:00+09:00,659.0,659.0,654.0,654.0,1200,0.0,0.0
2022-12-12 11:00:00+09:00,654.0,654.0,653.0,653.0,0,0.0,0.0
2022-12-12 12:00:00+09:00,653.0,656.0,653.0,654.0,7600,0.0,0.0
2022-12-12 13:00:00+09:00,654.0,654.0,654.0,654.0,200,0.0,0.0
2022-12-12 14:00:00+09:00,654.0,654.0,648.0,648.0,23700,0.0,0.0
2022-12-13 09:00:00+09:00,654.0,663.0,647.0,650.0,8400,0.0,0.0
2022-12-13 10:00:00+09:00,650.0,650.0,646.0,649.0,4100,0.0,0.0
2022-12-13 11:00:00+09:00,649.0,649.0,648.0,648.0,0,0.0,0.0
2022-12-13 12:00:00+09:00,648.0,648.0,648.0,648.0,14900,0.0,0.0
2022-12-13 13:00:00+09:00,649.0,649.0,648.0,649.0,500,0.0,0.0
2022-12-13 14:00:00+09:00,649.0,650.0,648.0,648.0,1400,0.0,0.0
2022-12-14 09:00:00+09:00,650.0,650.0,646.0,649.0,5100,0.0,0.0
2022-12-14 10:00:00+09:00,648.0,648.0,648.0,648.0,300,0.0,0.0
2022-12-14 11:00:00+09:00,647.0,649.0,647.0,647.0,0,0.0,0.0
2022-12-14 13:00:00+09:00,649.0,649.0,645.0,647.0,10300,0.0,0.0
2022-12-14 14:00:00+09:00,647.0,649.0,647.0,647.0,800,0.0,0.0
2022-12-15 09:00:00+09:00,647.0,650.0,646.0,647.0,2400,0.0,0.0
2022-12-15 10:00:00+09:00,649.0,650.0,647.0,650.0,1300,0.0,0.0
2022-12-15 11:00:00+09:00,647.0,647.0,646.0,646.0,0,0.0,0.0
2022-12-15 12:00:00+09:00,647.0,650.0,647.0,650.0,4700,0.0,0.0
2022-12-15 13:00:00+09:00,650.0,650.0,650.0,650.0,500,0.0,0.0
2022-12-15 14:00:00+09:00,650.0,650.0,645.0,649.0,4000,0.0,0.0
2022-12-16 09:00:00+09:00,647.0,652.0,647.0,648.0,3400,0.0,0.0
2022-12-16 10:00:00+09:00,651.0,656.0,646.0,646.0,1700,0.0,0.0
2022-12-16 11:00:00+09:00,646.0,646.0,646.0,646.0,0,0.0,0.0
2022-12-16 12:00:00+09:00,649.0,650.0,649.0,650.0,5600,0.0,0.0
2022-12-16 13:00:00+09:00,650.0,652.0,650.0,652.0,700,0.0,0.0
2022-12-16 14:00:00+09:00,650.0,652.0,647.0,650.0,2500,0.0,0.0
2022-12-19 09:00:00+09:00,650.0,650.0,647.0,648.0,4600,0.0,0.0
2022-12-19 10:00:00+09:00,648.0,648.0,646.0,646.0,1100,0.0,0.0
2022-12-19 11:00:00+09:00,646.0,647.0,646.0,647.0,0,0.0,0.0
2022-12-19 12:00:00+09:00,646.0,646.0,645.0,646.0,6900,0.0,0.0
2022-12-19 13:00:00+09:00,646.0,646.0,644.0,644.0,2000,0.0,0.0
2022-12-19 14:00:00+09:00,644.0,649.0,641.0,641.0,5500,0.0,0.0
2022-12-20 09:00:00+09:00,657.0,666.0,645.0,646.0,13600,0.0,0.0
2022-12-20 10:00:00+09:00,649.0,650.0,648.0,648.0,1300,0.0,0.0
2022-12-20 11:00:00+09:00,650.0,651.0,650.0,651.0,0,0.0,0.0
2022-12-20 12:00:00+09:00,648.0,648.0,641.0,644.0,19300,0.0,0.0
2022-12-20 13:00:00+09:00,641.0,642.0,640.0,641.0,1000,0.0,0.0
2022-12-20 14:00:00+09:00,640.0,642.0,640.0,642.0,500,0.0,0.0
2022-12-21 09:00:00+09:00,646.0,647.0,646.0,647.0,1000,0.0,0.0
2022-12-21 10:00:00+09:00,646.0,647.0,646.0,646.0,1100,0.0,0.0
2022-12-21 11:00:00+09:00,646.0,646.0,646.0,646.0,0,0.0,0.0
2022-12-21 12:00:00+09:00,648.0,650.0,648.0,650.0,2300,0.0,0.0
2022-12-21 13:00:00+09:00,646.0,646.0,646.0,646.0,600,0.0,0.0
2022-12-21 14:00:00+09:00,648.0,650.0,648.0,650.0,400,0.0,0.0
2022-12-22 09:00:00+09:00,650.0,650.0,647.0,650.0,5400,0.0,0.0
2022-12-22 10:00:00+09:00,646.0,646.0,646.0,646.0,500,0.0,0.0
2022-12-22 11:00:00+09:00,649.0,649.0,649.0,649.0,0,0.0,0.0
2022-12-22 12:00:00+09:00,649.0,649.0,649.0,649.0,7300,0.0,0.0
2022-12-22 13:00:00+09:00,649.0,649.0,646.0,646.0,300,0.0,0.0
2022-12-22 14:00:00+09:00,649.0,649.0,649.0,649.0,100,0.0,0.0
2022-12-23 09:00:00+09:00,646.0,647.0,645.0,645.0,800,0.0,0.0
2022-12-23 10:00:00+09:00,647.0,649.0,647.0,649.0,800,0.0,0.0
2022-12-23 11:00:00+09:00,648.0,649.0,646.0,646.0,0,0.0,0.0
2022-12-23 12:00:00+09:00,649.0,649.0,646.0,649.0,3500,0.0,0.0
2022-12-23 14:00:00+09:00,648.0,648.0,644.0,644.0,2500,0.0,0.0
2022-12-26 09:00:00+09:00,643.0,643.0,636.0,636.0,7000,0.0,0.0
2022-12-26 10:00:00+09:00,635.0,641.0,635.0,641.0,2500,0.0,0.0
2022-12-26 11:00:00+09:00,641.0,643.0,641.0,643.0,0,0.0,0.0
2022-12-26 12:00:00+09:00,643.0,643.0,642.0,642.0,11400,0.0,0.0
2022-12-26 13:00:00+09:00,642.0,642.0,642.0,642.0,200,0.0,0.0
2022-12-26 14:00:00+09:00,642.0,644.0,636.0,644.0,4700,0.0,0.0
2022-12-27 09:00:00+09:00,731.0,733.0,718.0,725.0,281900,0.0,0.0
2022-12-27 10:00:00+09:00,726.0,729.0,722.0,726.0,62900,0.0,0.0
2022-12-27 11:00:00+09:00,726.0,727.0,721.0,723.0,0,0.0,0.0
2022-12-27 12:00:00+09:00,723.0,727.0,723.0,725.0,412100,0.0,0.0
2022-12-27 13:00:00+09:00,725.0,728.0,723.0,724.0,38400,0.0,0.0
2022-12-27 14:00:00+09:00,725.0,739.0,722.0,739.0,91000,0.0,0.0
2022-12-28 09:00:00+09:00,759.0,760.0,727.0,739.0,144100,0.0,0.0
2022-12-28 10:00:00+09:00,739.0,739.0,731.0,732.0,28700,0.0,0.0
2022-12-28 11:00:00+09:00,732.0,732.0,728.0,728.0,0,0.0,0.0
2022-12-28 12:00:00+09:00,728.0,733.0,720.0,732.0,231900,0.0,0.0
2022-12-28 13:00:00+09:00,732.0,732.0,730.0,731.0,12000,0.0,0.0
2022-12-28 14:00:00+09:00,730.0,731.0,717.0,728.0,75700,0.0,0.0
2022-12-29 09:00:00+09:00,731.0,740.0,727.0,740.0,27300,0.0,0.0
2022-12-29 10:00:00+09:00,739.0,743.0,738.0,742.0,12200,0.0,0.0
2022-12-29 11:00:00+09:00,740.0,743.0,734.0,741.0,0,0.0,0.0
2022-12-29 12:00:00+09:00,743.0,748.0,743.0,748.0,55000,0.0,0.0
2022-12-29 13:00:00+09:00,748.0,753.0,748.0,752.0,10600,0.0,0.0
2022-12-29 14:00:00+09:00,752.0,758.0,747.0,758.0,17700,0.0,0.0
2022-12-30 09:00:00+09:00,758.0,768.0,750.0,750.0,37300,0.0,0.0
2022-12-30 10:00:00+09:00,751.0,753.0,745.0,749.0,11500,0.0,0.0
2022-12-30 11:00:00+09:00,749.0,749.0,742.0,744.0,0,0.0,0.0
2022-12-30 12:00:00+09:00,742.0,743.0,742.0,743.0,60100,0.0,0.0
2022-12-30 13:00:00+09:00,743.0,745.0,743.0,743.0,4800,0.0,0.0
2022-12-30 14:00:00+09:00,744.0,746.0,743.0,745.0,15400,0.0,0.0
2023-01-04 09:00:00+09:00,751.0,762.0,748.0,756.0,0,0.0,0.0
2023-01-04 10:00:00+09:00,756.0,760.0,756.0,758.0,30700,0.0,0.0
2023-01-04 11:00:00+09:00,757.0,759.0,756.0,759.0,0,0.0,0.0
2023-01-04 12:00:00+09:00,760.0,763.0,759.0,762.0,41500,0.0,0.0
2023-01-04 13:00:00+09:00,761.0,762.0,758.0,761.0,3900,0.0,0.0
2023-01-04 14:00:00+09:00,760.0,761.0,754.0,756.0,9200,0.0,0.0
2023-01-05 09:00:00+09:00,761.0,765.0,760.0,760.0,20500,0.0,0.0
2023-01-05 10:00:00+09:00,761.0,765.0,761.0,764.0,7400,0.0,0.0
2023-01-05 11:00:00+09:00,765.0,765.0,763.0,764.0,0,0.0,0.0
2023-01-05 12:00:00+09:00,764.0,765.0,764.0,764.0,32500,0.0,0.0
2023-01-05 13:00:00+09:00,765.0,770.0,764.0,769.0,5600,0.0,0.0
2023-01-05 14:00:00+09:00,769.0,772.0,768.0,772.0,5600,0.0,0.0
2023-01-06 09:00:00+09:00,772.0,772.0,770.0,771.0,8800,0.0,0.0
2023-01-06 10:00:00+09:00,771.0,779.0,771.0,779.0,13400,0.0,0.0
2023-01-06 11:00:00+09:00,779.0,786.0,779.0,786.0,0,0.0,0.0
2023-01-06 12:00:00+09:00,787.0,795.0,787.0,794.0,39800,0.0,0.0
2023-01-06 13:00:00+09:00,795.0,796.0,787.0,792.0,0,0.0,0.0
2023-01-06 14:00:00+09:00,790.0,793.0,785.0,787.0,54500,0.0,0.0
2023-01-10 09:00:00+09:00,792.0,794.0,775.0,775.0,19400,0.0,0.0
2023-01-10 10:00:00+09:00,775.0,778.0,774.0,776.0,5100,0.0,0.0
2023-01-10 11:00:00+09:00,776.0,776.0,775.0,776.0,0,0.0,0.0
2023-01-10 12:00:00+09:00,777.0,781.0,777.0,780.0,29200,0.0,0.0
2023-01-10 13:00:00+09:00,779.0,780.0,777.0,779.0,1900,0.0,0.0
2023-01-10 14:00:00+09:00,780.0,780.0,777.0,778.0,3600,0.0,0.0
2023-01-11 09:00:00+09:00,781.0,781.0,774.0,777.0,7700,0.0,0.0
2023-01-11 10:00:00+09:00,777.0,778.0,775.0,778.0,1700,0.0,0.0
2023-01-11 11:00:00+09:00,778.0,778.0,777.0,778.0,0,0.0,0.0
2023-01-11 12:00:00+09:00,779.0,780.0,778.0,778.0,14200,0.0,0.0
2023-01-11 13:00:00+09:00,780.0,780.0,777.0,777.0,900,0.0,0.0
2023-01-11 14:00:00+09:00,778.0,778.0,775.0,776.0,3700,0.0,0.0
2023-01-12 09:00:00+09:00,781.0,786.0,781.0,785.0,4500,0.0,0.0
2023-01-12 10:00:00+09:00,785.0,785.0,778.0,778.0,4900,0.0,0.0
2023-01-12 11:00:00+09:00,779.0,785.0,779.0,785.0,0,0.0,0.0
2023-01-12 12:00:00+09:00,785.0,785.0,783.0,784.0,17800,0.0,0.0
2023-01-12 13:00:00+09:00,784.0,784.0,783.0,784.0,2000,0.0,0.0
2023-01-12 14:00:00+09:00,784.0,785.0,784.0,785.0,2100,0.0,0.0
2023-01-13 09:00:00+09:00,786.0,788.0,786.0,788.0,1500,0.0,0.0
2023-01-13 10:00:00+09:00,788.0,791.0,787.0,790.0,4500,0.0,0.0
2023-01-13 11:00:00+09:00,790.0,790.0,790.0,790.0,0,0.0,0.0
2023-01-13 12:00:00+09:00,790.0,792.0,789.0,791.0,9200,0.0,0.0
2023-01-13 13:00:00+09:00,792.0,792.0,791.0,791.0,900,0.0,0.0
2023-01-13 14:00:00+09:00,791.0,792.0,790.0,792.0,1900,0.0,0.0
2023-01-16 09:00:00+09:00,800.0,831.0,800.0,808.0,0,0.0,0.0
2023-01-16 10:00:00+09:00,810.0,812.0,808.0,809.0,30300,0.0,0.0
2023-01-16 11:00:00+09:00,810.0,812.0,809.0,812.0,0,0.0,0.0
2023-01-16 12:00:00+09:00,812.0,813.0,801.0,802.0,41300,0.0,0.0
2023-01-16 13:00:00+09:00,801.0,807.0,801.0,807.0,5300,0.0,0.0
2023-01-16 14:00:00+09:00,806.0,807.0,802.0,802.0,3400,0.0,0.0
2023-01-17 09:00:00+09:00,811.0,818.0,810.0,818.0,5100,0.0,0.0
2023-01-17 10:00:00+09:00,816.0,818.0,815.0,816.0,0,0.0,0.0
2023-01-17 11:00:00+09:00,816.0,816.0,814.0,815.0,0,0.0,0.0
2023-01-17 12:00:00+09:00,815.0,818.0,814.0,814.0,10600,0.0,0.0
2023-01-17 13:00:00+09:00,814.0,815.0,813.0,814.0,1800,0.0,0.0
2023-01-17 14:00:00+09:00,812.0,812.0,809.0,812.0,6300,0.0,0.0
2023-01-18 09:00:00+09:00,817.0,818.0,814.0,817.0,8700,0.0,0.0
2023-01-18 10:00:00+09:00,815.0,815.0,813.0,814.0,2100,0.0,0.0
2023-01-18 11:00:00+09:00,814.0,815.0,808.0,808.0,0,0.0,0.0
2023-01-18 12:00:00+09:00,815.0,818.0,809.0,810.0,25300,0.0,0.0
2023-01-18 13:00:00+09:00,810.0,815.0,809.0,815.0,10000,0.0,0.0
2023-01-18 14:00:00+09:00,817.0,817.0,815.0,817.0,4300,0.0,0.0
2023-01-19 09:00:00+09:00,814.0,817.0,811.0,815.0,9100,0.0,0.0
2023-01-19 10:00:00+09:00,815.0,815.0,814.0,814.0,800,0.0,0.0
2023-01-19 11:00:00+09:00,814.0,814.0,813.0,813.0,0,0.0,0.0
2023-01-19 12:00:00+09:00,813.0,815.0,813.0,815.0,12200,0.0,0.0
2023-01-19 13:00:00+09:00,815.0,820.0,815.0,818.0,6200,0.0,0.0
2023-01-19 14:00:00+09:00,816.0,819.0,816.0,819.0,1600,0.0,0.0
2023-01-20 09:00:00+09:00,820.0,823.0,820.0,823.0,5800,0.0,0.0
2023-01-20 10:00:00+09:00,823.0,831.0,823.0,831.0,4500,0.0,0.0
2023-01-20 11:00:00+09:00,831.0,831.0,829.0,829.0,0,0.0,0.0
2023-01-20 12:00:00+09:00,832.0,832.0,830.0,831.0,14800,0.0,0.0
2023-01-20 13:00:00+09:00,832.0,836.0,832.0,836.0,4400,0.0,0.0
2023-01-20 14:00:00+09:00,834.0,834.0,820.0,821.0,11900,0.0,0.0
2023-01-23 09:00:00+09:00,840.0,842.0,827.0,827.0,20600,0.0,0.0
2023-01-23 10:00:00+09:00,830.0,834.0,830.0,834.0,1600,0.0,0.0
2023-01-23 11:00:00+09:00,834.0,835.0,833.0,833.0,0,0.0,0.0
2023-01-23 12:00:00+09:00,833.0,833.0,826.0,832.0,33400,0.0,0.0
2023-01-23 13:00:00+09:00,832.0,833.0,832.0,832.0,1000,0.0,0.0
2023-01-23 14:00:00+09:00,832.0,833.0,831.0,833.0,4000,0.0,0.0
2023-01-24 09:00:00+09:00,844.0,844.0,838.0,838.0,9800,0.0,0.0
2023-01-24 10:00:00+09:00,840.0,841.0,836.0,839.0,3900,0.0,0.0
2023-01-24 11:00:00+09:00,839.0,840.0,839.0,840.0,0,0.0,0.0
2023-01-24 12:00:00+09:00,840.0,842.0,840.0,842.0,17600,0.0,0.0
2023-01-24 13:00:00+09:00,841.0,842.0,840.0,842.0,1600,0.0,0.0
2023-01-24 14:00:00+09:00,842.0,843.0,841.0,842.0,2000,0.0,0.0
2023-01-25 09:00:00+09:00,842.0,843.0,841.0,843.0,7500,0.0,0.0
2023-01-25 10:00:00+09:00,842.0,844.0,842.0,844.0,2600,0.0,0.0
2023-01-25 11:00:00+09:00,844.0,844.0,842.0,844.0,0,0.0,0.0
2023-01-25 12:00:00+09:00,844.0,845.0,843.0,844.0,14000,0.0,0.0
2023-01-25 13:00:00+09:00,844.0,845.0,844.0,845.0,2600,0.0,0.0
2023-01-25 14:00:00+09:00,845.0,845.0,844.0,845.0,2200,0.0,0.0
2023-01-26 09:00:00+09:00,846.0,850.0,846.0,848.0,13700,0.0,0.0
2023-01-26 10:00:00+09:00,849.0,849.0,845.0,845.0,4600,0.0,0.0
2023-01-26 11:00:00+09:00,846.0,846.0,845.0,846.0,0,0.0,0.0
2023-01-26 12:00:00+09:00,847.0,848.0,847.0,848.0,22000,0.0,0.0
2023-01-26 13:00:00+09:00,848.0,850.0,847.0,848.0,2200,0.0,0.0
2023-01-26 14:00:00+09:00,849.0,850.0,848.0,849.0,4600,0.0,0.0
2023-01-27 09:00:00+09:00,850.0,868.0,850.0,865.0,24000,0.0,0.0
2023-01-27 10:00:00+09:00,867.0,868.0,865.0,865.0,2900,0.0,0.0
2023-01-27 11:00:00+09:00,865.0,866.0,864.0,864.0,0,0.0,0.0
2023-01-27 12:00:00+09:00,864.0,866.0,864.0,866.0,31300,0.0,0.0
2023-01-27 13:00:00+09:00,865.0,867.0,865.0,865.0,1800,0.0,0.0
2023-01-27 14:00:00+09:00,864.0,868.0,864.0,866.0,3900,0.0,0.0
2023-01-30 09:00:00+09:00,893.0,910.0,892.0,898.0,54100,0.0,0.0
2023-01-30 10:00:00+09:00,899.0,904.0,898.0,900.0,9200,0.0,0.0
2023-01-30 11:00:00+09:00,900.0,900.0,898.0,900.0,0,0.0,0.0
2023-01-30 12:00:00+09:00,904.0,904.0,890.0,891.0,80700,0.0,0.0
2023-01-30 13:00:00+09:00,892.0,897.0,878.0,882.0,15700,0.0,0.0
2023-01-30 14:00:00+09:00,881.0,891.0,881.0,891.0,10200,0.0,0.0
2023-01-31 09:00:00+09:00,896.0,908.0,890.0,905.0,0,0.0,0.0
2023-01-31 10:00:00+09:00,905.0,907.0,897.0,898.0,38000,0.0,0.0
2023-01-31 11:00:00+09:00,899.0,900.0,898.0,898.0,0,0.0,0.0
2023-01-31 12:00:00+09:00,902.0,902.0,886.0,888.0,58000,0.0,0.0
2023-01-31 13:00:00+09:00,888.0,890.0,888.0,889.0,2800,0.0,0.0
2023-01-31 14:00:00+09:00,889.0,891.0,888.0,888.0,5600,0.0,0.0
2023-02-01 09:00:00+09:00,897.0,899.0,895.0,896.0,7600,0.0,0.0
2023-02-01 10:00:00+09:00,895.0,906.0,895.0,902.0,9000,0.0,0.0
2023-02-01 11:00:00+09:00,901.0,903.0,900.0,900.0,0,0.0,0.0
2023-02-01 12:00:00+09:00,900.0,903.0,900.0,903.0,21500,0.0,0.0
2023-02-01 13:00:00+09:00,901.0,904.0,901.0,902.0,0,0.0,0.0
2023-02-01 14:00:00+09:00,903.0,906.0,902.0,902.0,32100,0.0,0.0
2023-02-02 09:00:00+09:00,906.0,907.0,897.0,897.0,19200,0.0,0.0
2023-02-02 10:00:00+09:00,898.0,900.0,891.0,893.0,0,0.0,0.0
2023-02-02 11:00:00+09:00,894.0,900.0,893.0,898.0,0,0.0,0.0
2023-02-02 12:00:00+09:00,896.0,898.0,894.0,894.0,37200,0.0,0.0
2023-02-02 13:00:00+09:00,894.0,898.0,894.0,898.0,2600,0.0,0.0
2023-02-02 14:00:00+09:00,899.0,905.0,899.0,903.0,4700,0.0,0.0
2023-02-03 09:00:00+09:00,906.0,906.0,901.0,903.0,13100,0.0,0.0
2023-02-03 10:00:00+09:00,901.0,904.0,901.0,903.0,1600,0.0,0.0
2023-02-03 11:00:00+09:00,902.0,903.0,901.0,901.0,0,0.0,0.0
2023-02-03 12:00:00+09:00,901.0,901.0,891.0,893.0,25500,0.0,0.0
2023-02-03 13:00:00+09:00,894.0,895.0,890.0,892.0,5300,0.0,0.0
2023-02-03 14:00:00+09:00,891.0,894.0,890.0,893.0,5800,0.0,0.0
2023-02-06 09:00:00+09:00,899.0,900.0,877.0,883.0,51500,0.0,0.0
2023-02-06 10:00:00+09:00,886.0,890.0,880.0,883.0,8900,0.0,0.0
2023-02-06 11:00:00+09:00,882.0,886.0,882.0,885.0,0,0.0,0.0
2023-02-06 12:00:00+09:00,886.0,887.0,885.0,885.0,65600,0.0,0.0
2023-02-06 13:00:00+09:00,884.0,888.0,882.0,886.0,4700,0.0,0.0
2023-02-06 14:00:00+09:00,886.0,887.0,881.0,881.0,8000,0.0,0.0
2023-02-07 09:00:00+09:00,877.0,882.0,872.0,879.0,17300,0.0,0.0
2023-02-07 10:00:00+09:00,879.0,879.0,872.0,872.0,9600,0.0,0.0
2023-02-07 11:00:00+09:00,871.0,871.0,869.0,869.0,0,0.0,0.0
2023-02-07 12:00:00+09:00,868.0,868.0,864.0,866.0,42800,0.0,0.0
2023-02-07 13:00:00+09:00,865.0,865.0,861.0,863.0,4900,0.0,0.0
2023-02-07 14:00:00+09:00,863.0,864.0,857.0,860.0,15300,0.0,0.0
2023-02-08 09:00:00+09:00,863.0,879.0,863.0,877.0,22900,0.0,0.0
2023-02-08 10:00:00+09:00,878.0,886.0,876.0,884.0,9100,0.0,0.0
2023-02-08 11:00:00+09:00,884.0,886.0,883.0,884.0,0,0.0,0.0
2023-02-08 12:00:00+09:00,884.0,884.0,882.0,882.0,36500,0.0,0.0
2023-02-08 13:00:00+09:00,883.0,884.0,880.0,882.0,2100,0.0,0.0
2023-02-08 14:00:00+09:00,881.0,883.0,871.0,878.0,10900,0.0,0.0
2023-02-09 09:00:00+09:00,878.0,882.0,875.0,881.0,7600,0.0,0.0
2023-02-09 10:00:00+09:00,882.0,889.0,882.0,888.0,4600,0.0,0.0
2023-02-09 11:00:00+09:00,888.0,892.0,888.0,890.0,0,0.0,0.0
2023-02-09 12:00:00+09:00,889.0,891.0,886.0,886.0,20400,0.0,0.0
2023-02-09 13:00:00+09:00,886.0,887.0,885.0,887.0,2000,0.0,0.0
2023-02-09 14:00:00+09:00,885.0,886.0,881.0,882.0,5000,0.0,0.0
2023-02-10 09:00:00+09:00,887.0,904.0,885.0,904.0,23500,0.0,0.0
2023-02-10 10:00:00+09:00,904.0,918.0,904.0,918.0,21800,0.0,0.0
2023-02-10 11:00:00+09:00,917.0,917.0,907.0,909.0,0,0.0,0.0
2023-02-10 12:00:00+09:00,909.0,911.0,904.0,905.0,55300,0.0,0.0
2023-02-10 13:00:00+09:00,906.0,907.0,905.0,907.0,1600,0.0,0.0
2023-02-10 14:00:00+09:00,907.0,909.0,905.0,908.0,3500,0.0,0.0
2023-02-13 09:00:00+09:00,908.0,908.0,885.0,888.0,39900,0.0,0.0
2023-02-13 10:00:00+09:00,889.0,890.0,885.0,887.0,6400,0.0,0.0
2023-02-13 11:00:00+09:00,887.0,889.0,887.0,888.0,0,0.0,0.0
2023-02-13 12:00:00+09:00,889.0,889.0,887.0,888.0,50100,0.0,0.0
2023-02-13 13:00:00+09:00,887.0,889.0,887.0,888.0,2500,0.0,0.0
2023-02-13 14:00:00+09:00,889.0,891.0,888.0,890.0,5000,0.0,0.0
2023-02-14 09:00:00+09:00,896.0,896.0,886.0,888.0,10400,0.0,0.0
2023-02-14 10:00:00+09:00,887.0,888.0,882.0,883.0,9000,0.0,0.0
2023-02-14 11:00:00+09:00,884.0,886.0,882.0,885.0,0,0.0,0.0
2023-02-14 12:00:00+09:00,886.0,888.0,885.0,888.0,22900,0.0,0.0
2023-02-14 13:00:00+09:00,888.0,890.0,887.0,888.0,1900,0.0,0.0
2023-02-14 14:00:00+09:00,888.0,888.0,886.0,888.0,2300,0.0,0.0
2023-02-15 09:00:00+09:00,888.0,888.0,881.0,881.0,12700,0.0,0.0
2023-02-15 10:00:00+09:00,880.0,882.0,876.0,881.0,9700,0.0,0.0
2023-02-15 11:00:00+09:00,882.0,885.0,881.0,883.0,0,0.0,0.0
2023-02-15 12:00:00+09:00,885.0,889.0,885.0,888.0,31600,0.0,0.0
2023-02-15 13:00:00+09:00,889.0,889.0,887.0,887.0,2300,0.0,0.0
2023-02-15 14:00:00+09:00,887.0,898.0,887.0,892.0,0,0.0,0.0
2023-02-16 09:00:00+09:00,890.0,897.0,889.0,891.0,29300,0.0,0.0
2023-02-16 10:00:00+09:00,891.0,893.0,889.0,893.0,3400,0.0,0.0
2023-02-16 11:00:00+09:00,893.0,895.0,893.0,893.0,0,0.0,0.0
2023-02-16 12:00:00+09:00,892.0,895.0,892.0,893.0,44000,0.0,0.0
2023-02-16 13:00:00+09:00,893.0,894.0,891.0,892.0,5800,0.0,0.0
2023-02-16 14:00:00+09:00,892.0,893.0,889.0,889.0,11100,0.0,0.0
2023-02-17 09:00:00+09:00,850.0,854.0,840.0,844.0,65300,0.0,0.0
2023-02-17 10:00:00+09:00,844.0,856.0,843.0,851.0,15500,0.0,0.0
2023-02-17 11:00:00+09:00,851.0,851.0,845.0,847.0,0,0.0,0.0
2023-02-17 12:00:00+09:00,847.0,847.0,844.0,847.0,94200,0.0,0.0
2023-02-17 13:00:00+09:00,847.0,848.0,845.0,846.0,3100,0.0,0.0
2023-02-17 14:00:00+09:00,846.0,848.0,845.0,848.0,7800,0.0,0.0
2023-02-20 09:00:00+09:00,905.0,952.0,898.0,948.0,298800,0.0,0.0
2023-02-20 10:00:00+09:00,950.0,989.0,944.0,966.0,138900,0.0,0.0
2023-02-20 11:00:00+09:00,965.0,992.0,962.0,968.0,0,0.0,0.0
2023-02-20 12:00:00+09:00,966.0,972.0,957.0,957.0,545400,0.0,0.0
2023-02-20 13:00:00+09:00,959.0,968.0,933.0,959.0,73600,0.0,0.0
2023-02-20 14:00:00+09:00,960.0,964.0,953.0,960.0,45900,0.0,0.0
2023-02-21 09:00:00+09:00,945.0,958.0,935.0,936.0,98000,0.0,0.0
2023-02-21 10:00:00+09:00,938.0,940.0,928.0,931.0,24300,0.0,0.0
2023-02-21 11:00:00+09:00,929.0,930.0,926.0,929.0,0,0.0,0.0
2023-02-21 12:00:00+09:00,927.0,927.0,921.0,921.0,144100,0.0,0.0
2023-02-21 13:00:00+09:00,921.0,928.0,915.0,923.0,0,0.0,0.0
2023-02-21 14:00:00+09:00,924.0,924.0,912.0,914.0,178100,0.0,0.0
2023-02-22 09:00:00+09:00,909.0,941.0,909.0,931.0,24700,0.0,0.0
2023-02-22 10:00:00+09:00,933.0,934.0,922.0,923.0,8900,0.0,0.0
2023-02-22 11:00:00+09:00,923.0,927.0,923.0,927.0,0,0.0,0.0
2023-02-22 12:00:00+09:00,927.0,927.0,923.0,923.0,36000,0.0,0.0
2023-02-22 13:00:00+09:00,923.0,925.0,920.0,923.0,4900,0.0,0.0
2023-02-22 14:00:00+09:00,923.0,929.0,920.0,925.0,11000,0.0,0.0
2023-02-24 09:00:00+09:00,924.0,942.0,924.0,927.0,39500,0.0,0.0
2023-02-24 10:00:00+09:00,926.0,929.0,916.0,917.0,8800,0.0,0.0
2023-02-24 11:00:00+09:00,916.0,917.0,914.0,916.0,0,0.0,0.0
2023-02-24 12:00:00+09:00,915.0,917.0,914.0,916.0,63400,0.0,0.0
2023-02-24 13:00:00+09:00,917.0,920.0,915.0,919.0,12200,0.0,0.0
2023-02-24 14:00:00+09:00,919.0,928.0,919.0,928.0,8200,0.0,0.0
2023-02-27 09:00:00+09:00,923.0,925.0,914.0,919.0,23200,0.0,0.0
2023-02-27 10:00:00+09:00,920.0,923.0,916.0,916.0,3000,0.0,0.0
2023-02-27 11:00:00+09:00,919.0,920.0,917.0,917.0,0,0.0,0.0
2023-02-27 12:00:00+09:00,918.0,918.0,916.0,918.0,29800,0.0,0.0
2023-02-27 13:00:00+09:00,916.0,926.0,914.0,924.0,10300,0.0,0.0
2023-02-27 14:00:00+09:00,923.0,932.0,923.0,929.0,14900,0.0,0.0
2023-02-28 09:00:00+09:00,931.0,943.0,929.0,940.0,20900,0.0,0.0
2023-02-28 10:00:00+09:00,941.0,953.0,934.0,950.0,24400,0.0,0.0
2023-02-28 11:00:00+09:00,950.0,950.0,947.0,947.0,0,0.0,0.0
2023-02-28 12:00:00+09:00,947.0,950.0,947.0,948.0,49600,0.0,0.0
2023-02-28 13:00:00+09:00,948.0,962.0,947.0,958.0,17100,0.0,0.0
2023-02-28 14:00:00+09:00,957.0,957.0,952.0,954.0,6900,0.0,0.0
2023-03-01 09:00:00+09:00,955.0,969.0,955.0,968.0,19300,0.0,0.0
2023-03-01 10:00:00+09:00,969.0,973.0,962.0,973.0,20600,0.0,0.0
2023-03-01 11:00:00+09:00,973.0,976.0,973.0,975.0,0,0.0,0.0
2023-03-01 12:00:00+09:00,974.0,981.0,974.0,974.0,52700,0.0,0.0
2023-03-01 13:00:00+09:00,974.0,974.0,971.0,973.0,3900,0.0,0.0
2023-03-01 14:00:00+09:00,973.0,974.0,971.0,973.0,2200,0.0,0.0
2023-03-02 09:00:00+09:00,970.0,974.0,953.0,959.0,11700,0.0,0.0
2023-03-02 10:00:00+09:00,956.0,956.0,949.0,949.0,5600,0.0,0.0
2023-03-02 11:00:00+09:00,949.0,950.0,948.0,948.0,0,0.0,0.0
2023-03-02 12:00:00+09:00,949.0,949.0,944.0,945.0,24100,0.0,0.0
2023-03-02 13:00:00+09:00,949.0,952.0,944.0,948.0,4700,0.0,0.0
2023-03-02 14:00:00+09:00,949.0,957.0,947.0,957.0,11600,0.0,0.0
2023-03-03 09:00:00+09:00,957.0,962.0,955.0,959.0,5400,0.0,0.0
2023-03-03 10:00:00+09:00,960.0,961.0,955.0,955.0,1700,0.0,0.0
2023-03-03 11:00:00+09:00,955.0,955.0,953.0,954.0,0,0.0,0.0
2023-03-03 12:00:00+09:00,954.0,955.0,948.0,950.0,13300,0.0,0.0
2023-03-03 13:00:00+09:00,951.0,952.0,948.0,948.0,1400,0.0,0.0
2023-03-03 14:00:00+09:00,949.0,957.0,948.0,956.0,4900,0.0,0.0
2023-03-06 09:00:00+09:00,969.0,980.0,961.0,972.0,38700,0.0,0.0
2023-03-06 10:00:00+09:00,974.0,974.0,969.0,970.0,2200,0.0,0.0
2023-03-06 11:00:00+09:00,971.0,971.0,970.0,970.0,0,0.0,0.0
2023-03-06 12:00:00+09:00,968.0,968.0,965.0,965.0,42100,0.0,0.0
2023-03-06 13:00:00+09:00,965.0,965.0,961.0,961.0,1800,0.0,0.0
2023-03-06 14:00:00+09:00,962.0,962.0,960.0,961.0,2700,0.0,0.0
2023-03-07 09:00:00+09:00,963.0,967.0,955.0,966.0,9200,0.0,0.0
2023-03-07 10:00:00+09:00,965.0,966.0,964.0,964.0,2200,0.0,0.0
2023-03-07 11:00:00+09:00,963.0,963.0,963.0,963.0,0,0.0,0.0
2023-03-07 12:00:00+09:00,961.0,963.0,960.0,963.0,14700,0.0,0.0
2023-03-07 13:00:00+09:00,961.0,963.0,961.0,962.0,1800,0.0,0.0
2023-03-07 14:00:00+09:00,960.0,963.0,960.0,962.0,1700,0.0,0.0
2023-03-08 09:00:00+09:00,958.0,965.0,958.0,965.0,9200,0.0,0.0
2023-03-08 10:00:00+09:00,965.0,965.0,960.0,960.0,1700,0.0,0.0
2023-03-08 11:00:00+09:00,960.0,962.0,960.0,962.0,0,0.0,0.0
2023-03-08 12:00:00+09:00,962.0,962.0,962.0,962.0,11700,0.0,0.0
2023-03-08 13:00:00+09:00,962.0,963.0,961.0,961.0,0,0.0,0.0
2023-03-08 14:00:00+09:00,961.0,963.0,961.0,961.0,14900,0.0,0.0
2023-03-09 09:00:00+09:00,964.0,964.0,958.0,960.0,3300,0.0,0.0
2023-03-09 10:00:00+09:00,959.0,961.0,959.0,960.0,800,0.0,0.0
2023-03-09 11:00:00+09:00,960.0,960.0,960.0,960.0,0,0.0,0.0
2023-03-09 12:00:00+09:00,960.0,990.0,960.0,989.0,31200,0.0,0.0
2023-03-09 13:00:00+09:00,989.0,991.0,985.0,988.0,6700,0.0,0.0
2023-03-09 14:00:00+09:00,988.0,996.0,988.0,996.0,8900,0.0,0.0
2023-03-10 09:00:00+09:00,983.0,992.0,979.0,979.0,14900,0.0,0.0
2023-03-10 10:00:00+09:00,981.0,982.0,980.0,982.0,1900,0.0,0.0
2023-03-10 11:00:00+09:00,983.0,989.0,983.0,987.0,0,0.0,0.0
2023-03-10 12:00:00+09:00,987.0,989.0,984.0,986.0,21100,0.0,0.0
2023-03-10 13:00:00+09:00,984.0,987.0,984.0,987.0,200,0.0,0.0
2023-03-10 14:00:00+09:00,985.0,987.0,985.0,986.0,3000,0.0,0.0
2023-03-13 09:00:00+09:00,976.0,976.0,953.0,955.0,16500,0.0,0.0
2023-03-13 10:00:00+09:00,956.0,957.0,944.0,949.0,14100,0.0,0.0
2023-03-13 11:00:00+09:00,951.0,951.0,950.0,951.0,0,0.0,0.0
2023-03-13 12:00:00+09:00,951.0,956.0,951.0,956.0,33100,0.0,0.0
2023-03-13 13:00:00+09:00,957.0,957.0,954.0,954.0,3900,0.0,0.0
2023-03-13 14:00:00+09:00,953.0,957.0,952.0,957.0,2600,0.0,0.0
2023-03-14 09:00:00+09:00,953.0,954.0,944.0,946.0,9700,0.0,0.0
2023-03-14 10:00:00+09:00,945.0,945.0,941.0,942.0,3000,0.0,0.0
2023-03-14 11:00:00+09:00,941.0,943.0,941.0,943.0,0,0.0,0.0
2023-03-14 12:00:00+09:00,943.0,953.0,943.0,946.0,15900,0.0,0.0
2023-03-14 13:00:00+09:00,946.0,950.0,946.0,948.0,0,0.0,0.0
2023-03-14 14:00:00+09:00,947.0,948.0,946.0,947.0,22100,0.0,0.0
2023-03-15 09:00:00+09:00,946.0,957.0,946.0,957.0,3300,0.0,0.0
2023-03-15 10:00:00+09:00,955.0,963.0,955.0,963.0,2100,0.0,0.0
2023-03-15 11:00:00+09:00,964.0,965.0,964.0,964.0,0,0.0,0.0
2023-03-15 12:00:00+09:00,964.0,966.0,962.0,962.0,7700,0.0,0.0
2023-03-15 13:00:00+09:00,961.0,962.0,959.0,962.0,700,0.0,0.0
2023-03-15 14:00:00+09:00,962.0,963.0,957.0,959.0,6100,0.0,0.0
2023-03-16 09:00:00+09:00,960.0,960.0,942.0,951.0,5400,0.0,0.0
2023-03-16 10:00:00+09:00,955.0,955.0,953.0,954.0,1100,0.0,0.0
2023-03-16 11:00:00+09:00,953.0,953.0,950.0,951.0,0,0.0,0.0
2023-03-16 12:00:00+09:00,949.0,950.0,949.0,950.0,7900,0.0,0.0
2023-03-16 13:00:00+09:00,948.0,950.0,948.0,950.0,800,0.0,0.0
2023-03-16 14:00:00+09:00,950.0,951.0,947.0,948.0,2400,0.0,0.0
2023-03-17 09:00:00+09:00,950.0,958.0,950.0,955.0,1700,0.0,0.0
2023-03-17 10:00:00+09:00,957.0,958.0,956.0,958.0,1200,0.0,0.0
2023-03-17 11:00:00+09:00,960.0,961.0,958.0,958.0,0,0.0,0.0
2023-03-17 12:00:00+09:00,956.0,962.0,956.0,961.0,6100,0.0,0.0
2023-03-17 13:00:00+09:00,963.0,964.0,961.0,964.0,0,0.0,0.0
2023-03-17 14:00:00+09:00,964.0,967.0,963.0,963.0,10000,0.0,0.0
2023-03-20 09:00:00+09:00,964.0,967.0,956.0,967.0,9800,0.0,0.0
2023-03-20 10:00:00+09:00,968.0,968.0,964.0,964.0,1500,0.0,0.0
2023-03-20 11:00:00+09:00,964.0,964.0,961.0,961.0,0,0.0,0.0
2023-03-20 12:00:00+09:00,961.0,967.0,960.0,963.0,19500,0.0,0.0
2023-03-20 13:00:00+09:00,961.0,962.0,954.0,955.0,7100,0.0,0.0
2023-03-20 14:00:00+09:00,954.0,962.0,952.0,954.0,11900,0.0,0.0
2023-03-22 09:00:00+09:00,976.0,988.0,969.0,983.0,42400,0.0,0.0
2023-03-22 10:00:00+09:00,982.0,987.0,977.0,982.0,7500,0.0,0.0
2023-03-22 11:00:00+09:00,982.0,987.0,982.0,986.0,0,0.0,0.0
2023-03-22 12:00:00+09:00,986.0,987.0,983.0,983.0,78100,0.0,0.0
2023-03-22 13:00:00+09:00,982.0,982.0,978.0,978.0,7000,0.0,0.0
2023-03-22 14:00:00+09:00,978.0,983.0,977.0,981.0,18600,0.0,0.0
2023-03-23 09:00:00+09:00,968.0,978.0,960.0,973.0,38400,0.0,0.0
2023-03-23 10:00:00+09:00,972.0,973.0,965.0,970.0,8300,0.0,0.0
2023-03-23 11:00:00+09:00,971.0,972.0,967.0,971.0,0,0.0,0.0
2023-03-23 12:00:00+09:00,967.0,972.0,967.0,968.0,74300,0.0,0.0
2023-03-23 13:00:00+09:00,968.0,971.0,964.0,968.0,9400,0.0,0.0
2023-03-23 14:00:00+09:00,968.0,973.0,967.0,973.0,15500,0.0,0.0
2023-03-24 09:00:00+09:00,960.0,965.0,946.0,954.0,44100,0.0,0.0
2023-03-24 10:00:00+09:00,954.0,966.0,953.0,965.0,9500,0.0,0.0
2023-03-24 11:00:00+09:00,964.0,966.0,961.0,964.0,0,0.0,0.0
2023-03-24 12:00:00+09:00,960.0,967.0,958.0,960.0,80900,0.0,0.0
2023-03-24 13:00:00+09:00,960.0,963.0,957.0,963.0,7400,0.0,0.0
2023-03-24 14:00:00+09:00,962.0,962.0,956.0,959.0,12800,0.0,0.0
2023-03-27 09:00:00+09:00,971.0,982.0,961.0,966.0,46200,0.0,0.0
2023-03-27 10:00:00+09:00,967.0,976.0,966.0,976.0,7500,0.0,0.0
2023-03-27 11:00:00+09:00,976.0,979.0,971.0,971.0,0,0.0,0.0
2023-03-27 12:00:00+09:00,973.0,983.0,973.0,981.0,91300,0.0,0.0
2023-03-27 13:00:00+09:00,982.0,983.0,976.0,977.0,10100,0.0,0.0
2023-03-27 14:00:00+09:00,978.0,978.0,969.0,971.0,24400,0.0,0.0
2023-03-28 09:00:00+09:00,970.0,980.0,964.0,972.0,41000,0.0,0.0
2023-03-28 10:00:00+09:00,970.0,970.0,967.0,969.0,8300,0.0,0.0
2023-03-28 11:00:00+09:00,969.0,970.0,969.0,969.0,0,0.0,0.0
2023-03-28 12:00:00+09:00,969.0,973.0,968.0,970.0,69500,0.0,0.0
2023-03-28 13:00:00+09:00,969.0,971.0,968.0,971.0,12500,0.0,0.0
2023-03-28 14:00:00+09:00,970.0,981.0,969.0,979.0,24400,0.0,0.0
2023-03-29 09:00:00+09:00,978.0,999.0,978.0,997.0,25500,0.0,0.0
2023-03-29 10:00:00+09:00,996.0,1006.0,996.0,1003.0,8100,0.0,0.0
2023-03-29 11:00:00+09:00,1003.0,1003.0,996.0,1000.0,0,0.0,0.0
2023-03-29 12:00:00+09:00,1003.0,1029.0,1003.0,1019.0,59700,0.0,0.0
2023-03-29 13:00:00+09:00,1019.0,1019.0,1015.0,1017.0,2300,0.0,0.0
2023-03-29 14:00:00+09:00,1018.0,1028.0,1018.0,1028.0,18100,0.0,0.0
2023-03-30 09:00:00+09:00,1030.0,1053.0,1030.0,1039.0,14200,0.0,0.0
2023-03-30 10:00:00+09:00,1040.0,1046.0,1040.0,1046.0,2700,0.0,0.0
2023-03-30 11:00:00+09:00,1046.0,1046.0,1040.0,1040.0,0,0.0,0.0
2023-03-30 12:00:00+09:00,1040.0,1041.0,1028.0,1028.0,40000,0.0,0.0
2023-03-30 13:00:00+09:00,1028.0,1033.0,1026.0,1030.0,5000,0.0,0.0
2023-03-30 14:00:00+09:00,1030.0,1033.0,1027.0,1030.0,11900,0.0,0.0
2023-03-31 09:00:00+09:00,1048.0,1048.0,1028.0,1047.0,21600,0.0,0.0
2023-03-31 10:00:00+09:00,1048.0,1051.0,1044.0,1047.0,6100,0.0,0.0
2023-03-31 11:00:00+09:00,1047.0,1051.0,1047.0,1051.0,0,0.0,0.0
2023-03-31 12:00:00+09:00,1051.0,1059.0,1049.0,1050.0,44400,0.0,0.0
2023-03-31 13:00:00+09:00,1049.0,1054.0,1049.0,1049.0,2900,0.0,0.0
2023-03-31 14:00:00+09:00,1050.0,1052.0,1046.0,1046.0,6000,0.0,0.0
2023-04-03 09:00:00+09:00,1066.0,1066.0,1045.0,1049.0,24400,0.0,0.0
2023-04-03 10:00:00+09:00,1051.0,1052.0,1045.0,1048.0,7700,0.0,0.0
2023-04-03 11:00:00+09:00,1047.0,1049.0,1044.0,1044.0,0,0.0,0.0
2023-04-03 12:00:00+09:00,1044.0,1047.0,1044.0,1047.0,39900,0.0,0.0
2023-04-03 13:00:00+09:00,1047.0,1049.0,1046.0,1049.0,2700,0.0,0.0
2023-04-03 14:00:00+09:00,1047.0,1050.0,1045.0,1048.0,10600,0.0,0.0
2023-04-04 09:00:00+09:00,1045.0,1045.0,1029.0,1031.0,0,0.0,0.0
2023-04-04 10:00:00+09:00,1030.0,1033.0,1029.0,1030.0,32100,0.0,0.0
2023-04-04 11:00:00+09:00,1032.0,1032.0,1028.0,1028.0,0,0.0,0.0
2023-04-04 12:00:00+09:00,1036.0,1036.0,1029.0,1030.0,45800,0.0,0.0
2023-04-04 13:00:00+09:00,1030.0,1031.0,1029.0,1030.0,4100,0.0,0.0
2023-04-04 14:00:00+09:00,1030.0,1032.0,1026.0,1028.0,10500,0.0,0.0
2023-04-05 09:00:00+09:00,1026.0,1026.0,1010.0,1014.0,31800,0.0,0.0
2023-04-05 10:00:00+09:00,1015.0,1015.0,1004.0,1011.0,9400,0.0,0.0
2023-04-05 11:00:00+09:00,1010.0,1013.0,1007.0,1009.0,0,0.0,0.0
2023-04-05 12:00:00+09:00,1007.0,1011.0,1006.0,1008.0,58300,0.0,0.0
2023-04-05 13:00:00+09:00,1008.0,1009.0,1003.0,1008.0,11700,0.0,0.0
2023-04-05 14:00:00+09:00,1009.0,1010.0,998.0,1000.0,32900,0.0,0.0
2023-04-06 09:00:00+09:00,995.0,1004.0,988.0,999.0,72300,0.0,0.0
2023-04-06 10:00:00+09:00,1000.0,1015.0,998.0,1000.0,40900,0.0,0.0
2023-04-06 11:00:00+09:00,1000.0,1000.0,996.0,996.0,0,0.0,0.0
2023-04-06 12:00:00+09:00,992.0,998.0,990.0,998.0,151000,0.0,0.0
2023-04-06 13:00:00+09:00,997.0,1000.0,995.0,998.0,7700,0.0,0.0
2023-04-06 14:00:00+09:00,999.0,1007.0,998.0,1006.0,18600,0.0,0.0
2023-04-07 09:00:00+09:00,1011.0,1042.0,1011.0,1014.0,31200,0.0,0.0
2023-04-07 10:00:00+09:00,1014.0,1016.0,1007.0,1007.0,4400,0.0,0.0
2023-04-07 11:00:00+09:00,1009.0,1009.0,1001.0,1005.0,0,0.0,0.0
2023-04-07 12:00:00+09:00,1005.0,1008.0,1000.0,1006.0,48300,0.0,0.0
2023-04-07 13:00:00+09:00,1007.0,1011.0,1007.0,1010.0,4000,0.0,0.0
2023-04-07 14:00:00+09:00,1010.0,1017.0,1010.0,1015.0,8200,0.0,0.0
2023-04-10 09:00:00+09:00,1021.0,1029.0,1018.0,1022.0,26100,0.0,0.0
2023-04-10 10:00:00+09:00,1024.0,1024.0,1014.0,1017.0,22700,0.0,0.0
2023-04-10 11:00:00+09:00,1018.0,1018.0,1014.0,1015.0,0,0.0,0.0
2023-04-10 12:00:00+09:00,1019.0,1019.0,1015.0,1016.0,60800,0.0,0.0
2023-04-10 13:00:00+09:00,1016.0,1020.0,1015.0,1020.0,3000,0.0,0.0
2023-04-10 14:00:00+09:00,1020.0,1021.0,1015.0,1018.0,9900,0.0,0.0
2023-04-11 09:00:00+09:00,1025.0,1040.0,1025.0,1040.0,13200,0.0,0.0
2023-04-11 10:00:00+09:00,1040.0,1044.0,1037.0,1044.0,5700,0.0,0.0
2023-04-11 11:00:00+09:00,1045.0,1047.0,1043.0,1043.0,0,0.0,0.0
2023-04-11 12:00:00+09:00,1043.0,1048.0,1043.0,1047.0,28500,0.0,0.0
2023-04-11 13:00:00+09:00,1048.0,1053.0,1043.0,1044.0,11200,0.0,0.0
2023-04-11 14:00:00+09:00,1044.0,1044.0,1038.0,1043.0,10100,0.0,0.0
2023-04-12 09:00:00+09:00,1040.0,1045.0,1037.0,1044.0,8400,0.0,0.0
2023-04-12 10:00:00+09:00,1044.0,1045.0,1040.0,1044.0,0,0.0,0.0
2023-04-12 11:00:00+09:00,1044.0,1046.0,1044.0,1046.0,0,0.0,0.0
2023-04-12 12:00:00+09:00,1047.0,1047.0,1041.0,1041.0,23800,0.0,0.0
2023-04-12 13:00:00+09:00,1042.0,1044.0,1042.0,1042.0,9800,0.0,0.0
2023-04-12 14:00:00+09:00,1042.0,1044.0,1038.0,1040.0,12300,0.0,0.0
2023-04-13 09:00:00+09:00,1034.0,1040.0,1031.0,1037.0,14800,0.0,0.0
2023-04-13 10:00:00+09:00,1034.0,1039.0,1034.0,1037.0,5900,0.0,0.0
2023-04-13 11:00:00+09:00,1037.0,1039.0,1036.0,1036.0,0,0.0,0.0
2023-04-13 12:00:00+09:00,1037.0,1039.0,1036.0,1037.0,30000,0.0,0.0
2023-04-13 13:00:00+09:00,1037.0,1037.0,1035.0,1035.0,2100,0.0,0.0
2023-04-13 14:00:00+09:00,1034.0,1036.0,1031.0,1036.0,17000,0.0,0.0
2023-04-14 09:00:00+09:00,1038.0,1039.0,1033.0,1037.0,8800,0.0,0.0
2023-04-14 10:00:00+09:00,1037.0,1038.0,1035.0,1035.0,15800,0.0,0.0
2023-04-14 11:00:00+09:00,1035.0,1035.0,1034.0,1035.0,0,0.0,0.0
2023-04-14 12:00:00+09:00,1036.0,1037.0,1035.0,1036.0,29400,0.0,0.0
2023-04-14 13:00:00+09:00,1036.0,1039.0,1034.0,1036.0,11100,0.0,0.0
2023-04-14 14:00:00+09:00,1034.0,1035.0,1030.0,1031.0,9300,0.0,0.0
2023-04-17 09:00:00+09:00,1039.0,1042.0,1029.0,1030.0,0,0.0,0.0
2023-04-17 10:00:00+09:00,1030.0,1031.0,1029.0,1030.0,33900,0.0,0.0
2023-04-17 11:00:00+09:00,1030.0,1030.0,1028.0,1030.0,0,0.0,0.0
2023-04-17 12:00:00+09:00,1031.0,1031.0,1028.0,1029.0,41500,0.0,0.0
2023-04-17 13:00:00+09:00,1029.0,1032.0,1029.0,1030.0,10000,0.0,0.0
2023-04-17 14:00:00+09:00,1029.0,1031.0,1028.0,1028.0,6400,0.0,0.0
2023-04-18 09:00:00+09:00,1034.0,1035.0,1027.0,1027.0,14700,0.0,0.0
2023-04-18 10:00:00+09:00,1027.0,1031.0,1027.0,1029.0,7200,0.0,0.0
2023-04-18 11:00:00+09:00,1029.0,1032.0,1027.0,1032.0,0,0.0,0.0
2023-04-18 12:00:00+09:00,1030.0,1031.0,1027.0,1027.0,43900,0.0,0.0
2023-04-18 13:00:00+09:00,1028.0,1028.0,1027.0,1027.0,4500,0.0,0.0
2023-04-18 14:00:00+09:00,1027.0,1028.0,1026.0,1028.0,7200,0.0,0.0
2023-04-19 09:00:00+09:00,1025.0,1027.0,1016.0,1021.0,0,0.0,0.0
2023-04-19 10:00:00+09:00,1021.0,1021.0,1017.0,1017.0,27500,0.0,0.0
2023-04-19 11:00:00+09:00,1019.0,1020.0,1017.0,1020.0,0,0.0,0.0
2023-04-19 12:00:00+09:00,1020.0,1023.0,1020.0,1023.0,34000,0.0,0.0
2023-04-19 13:00:00+09:00,1022.0,1023.0,1019.0,1020.0,5400,0.0,0.0
2023-04-19 14:00:00+09:00,1020.0,1023.0,1019.0,1022.0,11000,0.0,0.0
2023-04-20 09:00:00+09:00,1021.0,1027.0,1021.0,1026.0,0,0.0,0.0
2023-04-20 10:00:00+09:00,1025.0,1029.0,1025.0,1029.0,15200,0.0,0.0
2023-04-20 11:00:00+09:00,1028.0,1031.0,1027.0,1030.0,0,0.0,0.0
2023-04-20 12:00:00+09:00,1030.0,1035.0,1030.0,1034.0,22600,0.0,0.0
2023-04-20 13:00:00+09:00,1034.0,1034.0,1028.0,1029.0,9700,0.0,0.0
2023-04-20 14:00:00+09:00,1028.0,1030.0,1027.0,1030.0,6800,0.0,0.0
2023-04-21 09:00:00+09:00,1030.0,1033.0,1030.0,1032.0,4600,0.0,0.0
2023-04-21 10:00:00+09:00,1032.0,1035.0,1031.0,1034.0,6500,0.0,0.0
2023-04-21 11:00:00+09:00,1032.0,1034.0,1032.0,1034.0,0,0.0,0.0
2023-04-21 12:00:00+09:00,1032.0,1033.0,1032.0,1033.0,15900,0.0,0.0
2023-04-21 13:00:00+09:00,1032.0,1037.0,1031.0,1037.0,4700,0.0,0.0
2023-04-21 14:00:00+09:00,1038.0,1061.0,1038.0,1052.0,30500,0.0,0.0
2023-04-24 09:00:00+09:00,1052.0,1069.0,1052.0,1060.0,38200,0.0,0.0
2023-04-24 10:00:00+09:00,1062.0,1067.0,1059.0,1060.0,13500,0.0,0.0
2023-04-24 11:00:00+09:00,1060.0,1064.0,1059.0,1060.0,0,0.0,0.0
2023-04-24 12:00:00+09:00,1060.0,1073.0,1060.0,1073.0,85000,0.0,0.0
2023-04-24 13:00:00+09:00,1073.0,1075.0,1070.0,1075.0,13400,0.0,0.0
2023-04-24 14:00:00+09:00,1075.0,1080.0,1073.0,1079.0,32500,0.0,0.0
2023-04-25 09:00:00+09:00,1071.0,1094.0,1071.0,1087.0,46200,0.0,0.0
2023-04-25 10:00:00+09:00,1088.0,1095.0,1088.0,1089.0,9900,0.0,0.0
2023-04-25 11:00:00+09:00,1088.0,1095.0,1086.0,1092.0,0,0.0,0.0
2023-04-25 12:00:00+09:00,1092.0,1094.0,1083.0,1094.0,77000,0.0,0.0
2023-04-25 13:00:00+09:00,1091.0,1095.0,1089.0,1095.0,12700,0.0,0.0
2023-04-25 14:00:00+09:00,1094.0,1095.0,1090.0,1092.0,18800,0.0,0.0
2023-04-26 09:00:00+09:00,1090.0,1095.0,1077.0,1081.0,37300,0.0,0.0
2023-04-26 10:00:00+09:00,1081.0,1085.0,1078.0,1085.0,8900,0.0,0.0
2023-04-26 11:00:00+09:00,1085.0,1087.0,1084.0,1084.0,0,0.0,0.0
2023-04-26 12:00:00+09:00,1084.0,1089.0,1084.0,1085.0,68300,0.0,0.0
2023-04-26 13:00:00+09:00,1085.0,1085.0,1080.0,1082.0,12000,0.0,0.0
2023-04-26 14:00:00+09:00,1082.0,1087.0,1082.0,1085.0,20400,0.0,0.0
2023-04-27 09:00:00+09:00,1080.0,1084.0,1051.0,1058.0,88900,0.0,0.0
2023-04-27 10:00:00+09:00,1058.0,1059.0,1055.0,1059.0,13600,0.0,0.0
2023-04-27 11:00:00+09:00,1059.0,1059.0,1053.0,1056.0,0,0.0,0.0
2023-04-27 12:00:00+09:00,1059.0,1062.0,1056.0,1060.0,139600,0.0,0.0
2023-04-27 13:00:00+09:00,1060.0,1061.0,1053.0,1055.0,17100,0.0,0.0
2023-04-27 14:00:00+09:00,1056.0,1056.0,1051.0,1051.0,25100,0.0,0.0
2023-04-28 09:00:00+09:00,1072.0,1075.0,1067.0,1069.0,32300,0.0,0.0
2023-04-28 10:00:00+09:00,1071.0,1082.0,1070.0,1072.0,18300,0.0,0.0
2023-04-28 11:00:00+09:00,1071.0,1074.0,1070.0,1070.0,0,0.0,0.0
2023-04-28 12:00:00+09:00,1070.0,1075.0,1069.0,1070.0,76900,0.0,0.0
2023-04-28 13:00:00+09:00,1070.0,1077.0,1069.0,1073.0,14600,0.0,0.0
2023-04-28 14:00:00+09:00,1075.0,1081.0,1073.0,1074.0,30500,0.0,0.0
2023-05-01 09:00:00+09:00,1097.0,1108.0,1088.0,1098.0,71500,0.0,0.0
2023-05-01 10:00:00+09:00,1098.0,1100.0,1093.0,1095.0,15600,0.0,0.0
2023-05-01 11:00:00+09:00,1096.0,1098.0,1096.0,1097.0,0,0.0,0.0
2023-05-01 12:00:00+09:00,1098.0,1101.0,1092.0,1092.0,124800,0.0,0.0
2023-05-01 13:00:00+09:00,1092.0,1100.0,1091.0,1098.0,12600,0.0,0.0
2023-05-01 14:00:00+09:00,1098.0,1098.0,1094.0,1097.0,22000,0.0,0.0
2023-05-02 09:00:00+09:00,1100.0,1119.0,1097.0,1113.0,46300,0.0,0.0
2023-05-02 10:00:00+09:00,1113.0,1119.0,1113.0,1115.0,12700,0.0,0.0
2023-05-02 11:00:00+09:00,1116.0,1118.0,1113.0,1114.0,0,0.0,0.0
2023-05-02 12:00:00+09:00,1114.0,1125.0,1113.0,1124.0,84000,0.0,0.0
2023-05-02 13:00:00+09:00,1124.0,1132.0,1124.0,1131.0,13700,0.0,0.0
2023-05-02 14:00:00+09:00,1131.0,1135.0,1125.0,1133.0,27700,0.0,0.0
2023-05-08 09:00:00+09:00,1159.0,1166.0,1153.0,1160.0,45900,0.0,0.0
2023-05-08 10:00:00+09:00,1160.0,1172.0,1160.0,1171.0,15000,0.0,0.0
2023-05-08 11:00:00+09:00,1169.0,1171.0,1167.0,1169.0,0,0.0,0.0
2023-05-08 12:00:00+09:00,1170.0,1172.0,1167.0,1171.0,78600,0.0,0.0
2023-05-08 13:00:00+09:00,1169.0,1176.0,1169.0,1173.0,9300,0.0,0.0
2023-05-08 14:00:00+09:00,1174.0,1177.0,1172.0,1173.0,12200,0.0,0.0
2023-05-09 09:00:00+09:00,1179.0,1184.0,1174.0,1178.0,33300,0.0,0.0
2023-05-09 10:00:00+09:00,1180.0,1188.0,1180.0,1186.0,12900,0.0,0.0
2023-05-09 11:00:00+09:00,1186.0,1188.0,1184.0,1186.0,0,0.0,0.0
2023-05-09 12:00:00+09:00,1186.0,1188.0,1184.0,1188.0,57000,0.0,0.0
2023-05-09 13:00:00+09:00,1187.0,1189.0,1187.0,1189.0,6300,0.0,0.0
2023-05-09 14:00:00+09:00,1189.0,1189.0,1187.0,1189.0,6800,0.0,0.0
2023-05-10 09:00:00+09:00,1200.0,1200.0,1167.0,1169.0,54700,0.0,0.0
2023-05-10 10:00:00+09:00,1169.0,1174.0,1168.0,1173.0,6700,0.0,0.0
2023-05-10 11:00:00+09:00,1173.0,1175.0,1170.0,1174.0,0,0.0,0.0
2023-05-10 12:00:00+09:00,1174.0,1175.0,1171.0,1172.0,74500,0.0,0.0
2023-05-10 13:00:00+09:00,1172.0,1173.0,1168.0,1170.0,8800,0.0,0.0
2023-05-10 14:00:00+09:00,1169.0,1170.0,1165.0,1168.0,14200,0.0,0.0
2023-05-11 09:00:00+09:00,1208.0,1211.0,1180.0,1194.0,82300,0.0,0.0
2023-05-11 10:00:00+09:00,1194.0,1211.0,1192.0,1206.0,48300,0.0,0.0
2023-05-11 11:00:00+09:00,1205.0,1206.0,1198.0,1201.0,0,0.0,0.0
2023-05-11 12:00:00+09:00,1202.0,1203.0,1195.0,1200.0,156900,0.0,0.0
2023-05-11 13:00:00+09:00,1198.0,1203.0,1194.0,1195.0,21600,0.0,0.0
2023-05-11 14:00:00+09:00,1195.0,1201.0,1190.0,1197.0,52200,0.0,0.0
2023-05-12 09:00:00+09:00,1200.0,1204.0,1188.0,1202.0,38400,0.0,0.0
2023-05-12 10:00:00+09:00,1202.0,1202.0,1195.0,1200.0,8100,0.0,0.0
2023-05-12 11:00:00+09:00,1200.0,1201.0,1198.0,1200.0,0,0.0,0.0
2023-05-12 12:00:00+09:00,1200.0,1206.0,1196.0,1197.0,68200,0.0,0.0
2023-05-12 13:00:00+09:00,1197.0,1197.0,1191.0,1193.0,8200,0.0,0.0
2023-05-12 14:00:00+09:00,1194.0,1200.0,1191.0,1198.0,11700,0.0,0.0
2023-05-15 09:00:00+09:00,1200.0,1206.0,1189.0,1195.0,58100,0.0,0.0
2023-05-15 10:00:00+09:00,1194.0,1201.0,1191.0,1198.0,12400,0.0,0.0
2023-05-15 11:00:00+09:00,1199.0,1203.0,1196.0,1201.0,0,0.0,0.0
2023-05-15 12:00:00+09:00,1200.0,1203.0,1197.0,1197.0,85500,0.0,0.0
2023-05-15 13:00:00+09:00,1197.0,1199.0,1195.0,1195.0,8100,0.0,0.0
2023-05-15 14:00:00+09:00,1195.0,1199.0,1194.0,1197.0,14600,0.0,0.0
2023-05-16 09:00:00+09:00,1200.0,1207.0,1195.0,1197.0,52400,0.0,0.0
2023-05-16 10:00:00+09:00,1197.0,1197.0,1180.0,1183.0,35800,0.0,0.0
2023-05-16 11:00:00+09:00,1183.0,1183.0,1177.0,1180.0,0,0.0,0.0
2023-05-16 12:00:00+09:00,1178.0,1181.0,1174.0,1178.0,117800,0.0,0.0
2023-05-16 13:00:00+09:00,1179.0,1183.0,1175.0,1182.0,10800,0.0,0.0
2023-05-16 14:00:00+09:00,1182.0,1187.0,1182.0,1185.0,14200,0.0,0.0
2023-05-17 09:00:00+09:00,1198.0,1200.0,1189.0,1193.0,79200,0.0,0.0
2023-05-17 10:00:00+09:00,1194.0,1233.0,1192.0,1215.0,106300,0.0,0.0
2023-05-17 11:00:00+09:00,1216.0,1223.0,1214.0,1221.0,0,0.0,0.0
2023-05-17 12:00:00+09:00,1219.0,1219.0,1204.0,1206.0,238700,0.0,0.0
2023-05-17 13:00:00+09:00,1206.0,1207.0,1189.0,1192.0,37000,0.0,0.0
2023-05-17 14:00:00+09:00,1191.0,1198.0,1189.0,1197.0,28700,0.0,0.0
2023-05-18 09:00:00+09:00,1176.0,1176.0,1146.0,1168.0,119400,0.0,0.0
2023-05-18 10:00:00+09:00,1168.0,1169.0,1156.0,1162.0,22400,0.0,0.0
2023-05-18 11:00:00+09:00,1160.0,1165.0,1159.0,1165.0,0,0.0,0.0
2023-05-18 12:00:00+09:00,1166.0,1169.0,1162.0,1165.0,168100,0.0,0.0
2023-05-18 13:00:00+09:00,1167.0,1168.0,1163.0,1165.0,10100,0.0,0.0
2023-05-18 14:00:00+09:00,1165.0,1172.0,1160.0,1167.0,30500,0.0,0.0
2023-05-19 09:00:00+09:00,1178.0,1184.0,1145.0,1180.0,75500,0.0,0.0
2023-05-19 10:00:00+09:00,1175.0,1182.0,1168.0,1170.0,21100,0.0,0.0
2023-05-19 11:00:00+09:00,1170.0,1171.0,1167.0,1167.0,0,0.0,0.0
2023-05-19 12:00:00+09:00,1170.0,1172.0,1160.0,1163.0,119900,0.0,0.0
2023-05-19 13:00:00+09:00,1163.0,1169.0,1148.0,1160.0,46900,0.0,0.0
2023-05-19 14:00:00+09:00,1160.0,1167.0,1156.0,1162.0,30800,0.0,0.0
2023-05-22 09:00:00+09:00,1150.0,1156.0,1124.0,1130.0,58700,0.0,0.0
2023-05-22 10:00:00+09:00,1128.0,1134.0,1122.0,1132.0,14600,0.0,0.0
2023-05-22 11:00:00+09:00,1132.0,1134.0,1129.0,1130.0,0,0.0,0.0
2023-05-22 12:00:00+09:00,1129.0,1133.0,1129.0,1131.0,92300,0.0,0.0
2023-05-22 13:00:00+09:00,1131.0,1131.0,1124.0,1128.0,19000,0.0,0.0
2023-05-22 14:00:00+09:00,1126.0,1130.0,1123.0,1130.0,23200,0.0,0.0
2023-05-23 09:00:00+09:00,1135.0,1135.0,1114.0,1114.0,45600,0.0,0.0
2023-05-23 10:00:00+09:00,1115.0,1127.0,1113.0,1117.0,20900,0.0,0.0
2023-05-23 11:00:00+09:00,1117.0,1120.0,1110.0,1120.0,0,0.0,0.0
2023-05-23 12:00:00+09:00,1120.0,1120.0,1107.0,1114.0,109700,0.0,0.0
2023-05-23 13:00:00+09:00,1112.0,1114.0,1109.0,1112.0,11500,0.0,0.0
2023-05-23 14:00:00+09:00,1111.0,1117.0,1105.0,1117.0,35900,0.0,0.0
2023-05-24 09:00:00+09:00,1115.0,1120.0,1101.0,1107.0,30500,0.0,0.0
2023-05-24 10:00:00+09:00,1107.0,1108.0,1093.0,1100.0,15600,0.0,0.0
2023-05-24 11:00:00+09:00,1100.0,1103.0,1098.0,1098.0,0,0.0,0.0
2023-05-24 12:00:00+09:00,1094.0,1112.0,1093.0,1104.0,74100,0.0,0.0
2023-05-24 13:00:00+09:00,1104.0,1108.0,1099.0,1106.0,12400,0.0,0.0
2023-05-24 14:00:00+09:00,1106.0,1107.0,1100.0,1103.0,17700,0.0,0.0
2023-05-25 09:00:00+09:00,1099.0,1104.0,1085.0,1094.0,49000,0.0,0.0
2023-05-25 10:00:00+09:00,1093.0,1099.0,1092.0,1092.0,8800,0.0,0.0
2023-05-25 11:00:00+09:00,1091.0,1096.0,1090.0,1096.0,0,0.0,0.0
2023-05-25 12:00:00+09:00,1086.0,1092.0,1084.0,1091.0,103400,0.0,0.0
2023-05-25 13:00:00+09:00,1091.0,1091.0,1083.0,1083.0,9100,0.0,0.0
2023-05-25 14:00:00+09:00,1085.0,1087.0,1073.0,1082.0,104100,0.0,0.0
2023-05-26 09:00:00+09:00,1090.0,1103.0,1086.0,1099.0,35100,0.0,0.0
2023-05-26 10:00:00+09:00,1100.0,1103.0,1098.0,1100.0,7300,0.0,0.0
2023-05-26 11:00:00+09:00,1100.0,1103.0,1100.0,1100.0,0,0.0,0.0
2023-05-26 12:00:00+09:00,1100.0,1109.0,1098.0,1105.0,57900,0.0,0.0
2023-05-26 13:00:00+09:00,1104.0,1107.0,1101.0,1105.0,9600,0.0,0.0
2023-05-26 14:00:00+09:00,1104.0,1108.0,1100.0,1105.0,19300,0.0,0.0
2023-05-29 09:00:00+09:00,1100.0,1105.0,1096.0,1098.0,13100,0.0,0.0
2023-05-29 10:00:00+09:00,1100.0,1101.0,1088.0,1093.0,10600,0.0,0.0
2023-05-29 11:00:00+09:00,1093.0,1093.0,1088.0,1088.0,0,0.0,0.0
2023-05-29 12:00:00+09:00,1084.0,1089.0,1083.0,1089.0,34400,0.0,0.0
2023-05-29 13:00:00+09:00,1088.0,1093.0,1083.0,1091.0,13400,0.0,0.0
2023-05-29 14:00:00+09:00,1090.0,1091.0,1083.0,1090.0,17200,0.0,0.0
2023-05-30 09:00:00+09:00,1075.0,1080.0,1063.0,1072.0,27600,0.0,0.0
2023-05-30 10:00:00+09:00,1074.0,1076.0,1067.0,1072.0,14100,0.0,0.0
2023-05-30 11:00:00+09:00,1070.0,1071.0,1067.0,1068.0,0,0.0,0.0
2023-05-30 12:00:00+09:00,1066.0,1073.0,1066.0,1071.0,64400,0.0,0.0
2023-05-30 13:00:00+09:00,1071.0,1073.0,1065.0,1069.0,9900,0.0,0.0
2023-05-30 14:00:00+09:00,1070.0,1071.0,1067.0,1069.0,20700,0.0,0.0
2023-05-31 09:00:00+09:00,1066.0,1066.0,1036.0,1052.0,58900,0.0,0.0
2023-05-31 10:00:00+09:00,1050.0,1056.0,1049.0,1051.0,8200,0.0,0.0
2023-05-31 11:00:00+09:00,1051.0,1052.0,1047.0,1049.0,0,0.0,0.0
2023-05-31 12:00:00+09:00,1044.0,1050.0,1044.0,1047.0,84500,0.0,0.0
2023-05-31 13:00:00+09:00,1047.0,1047.0,1040.0,1045.0,15000,0.0,0.0
2023-05-31 14:00:00+09:00,1045.0,1046.0,1037.0,1037.0,21900,0.0,0.0
2023-06-01 09:00:00+09:00,1036.0,1047.0,1033.0,1033.0,14800,0.0,0.0
2023-06-01 10:00:00+09:00,1035.0,1043.0,1035.0,1040.0,9100,0.0,0.0
2023-06-01 11:00:00+09:00,1042.0,1044.0,1040.0,1041.0,0,0.0,0.0
2023-06-01 12:00:00+09:00,1041.0,1044.0,1041.0,1043.0,31600,0.0,0.0
2023-06-01 13:00:00+09:00,1043.0,1043.0,1041.0,1041.0,2200,0.0,0.0
2023-06-01 14:00:00+09:00,1040.0,1040.0,1033.0,1033.0,6400,0.0,0.0
2023-06-02 09:00:00+09:00,1045.0,1045.0,1033.0,1035.0,14600,0.0,0.0
2023-06-02 10:00:00+09:00,1035.0,1053.0,1033.0,1050.0,22100,0.0,0.0
2023-06-02 11:00:00+09:00,1050.0,1051.0,1049.0,1049.0,0,0.0,0.0
2023-06-02 12:00:00+09:00,1051.0,1051.0,1048.0,1051.0,39900,0.0,0.0
2023-06-02 13:00:00+09:00,1052.0,1061.0,1052.0,1057.0,13000,0.0,0.0
2023-06-02 14:00:00+09:00,1058.0,1062.0,1053.0,1060.0,25600,0.0,0.0
2023-06-05 09:00:00+09:00,1080.0,1084.0,1065.0,1068.0,51800,0.0,0.0
2023-06-05 10:00:00+09:00,1068.0,1069.0,1062.0,1064.0,4600,0.0,0.0
2023-06-05 11:00:00+09:00,1064.0,1064.0,1059.0,1060.0,0,0.0,0.0
2023-06-05 12:00:00+09:00,1068.0,1068.0,1061.0,1062.0,63900,0.0,0.0
2023-06-05 13:00:00+09:00,1061.0,1063.0,1059.0,1060.0,5700,0.0,0.0
2023-06-05 14:00:00+09:00,1061.0,1061.0,1058.0,1060.0,5700,0.0,0.0
2023-06-06 09:00:00+09:00,1046.0,1046.0,1027.0,1037.0,22200,0.0,0.0
2023-06-06 10:00:00+09:00,1037.0,1040.0,1035.0,1038.0,4500,0.0,0.0
2023-06-06 11:00:00+09:00,1037.0,1041.0,1036.0,1039.0,0,0.0,0.0
2023-06-06 12:00:00+09:00,1036.0,1038.0,1034.0,1038.0,35300,0.0,0.0
2023-06-06 13:00:00+09:00,1038.0,1038.0,1033.0,1035.0,7300,0.0,0.0
2023-06-06 14:00:00+09:00,1035.0,1038.0,1034.0,1038.0,4600,0.0,0.0
2023-06-07 09:00:00+09:00,1039.0,1058.0,1035.0,1035.0,13700,0.0,0.0
2023-06-07 10:00:00+09:00,1035.0,1044.0,1032.0,1043.0,15200,0.0,0.0
2023-06-07 11:00:00+09:00,1043.0,1043.0,1039.0,1039.0,0,0.0,0.0
2023-06-07 12:00:00+09:00,1040.0,1054.0,1040.0,1052.0,39800,0.0,0.0
2023-06-07 13:00:00+09:00,1050.0,1056.0,1050.0,1056.0,0,0.0,0.0
2023-06-07 14:00:00+09:00,1053.0,1066.0,1053.0,1064.0,75600,0.0,0.0
2023-06-08 09:00:00+09:00,1080.0,1118.0,1078.0,1103.0,112900,0.0,0.0
2023-06-08 10:00:00+09:00,1101.0,1104.0,1095.0,1102.0,18400,0.0,0.0
2023-06-08 11:00:00+09:00,1101.0,1105.0,1097.0,1099.0,0,0.0,0.0
2023-06-08 12:00:00+09:00,1103.0,1115.0,1096.0,1114.0,179800,0.0,0.0
2023-06-08 13:00:00+09:00,1115.0,1118.0,1108.0,1115.0,61200,0.0,0.0
2023-06-08 14:00:00+09:00,1114.0,1118.0,1104.0,1104.0,60100,0.0,0.0
2023-06-09 09:00:00+09:00,1105.0,1116.0,1088.0,1111.0,32200,0.0,0.0
2023-06-09 10:00:00+09:00,1114.0,1115.0,1105.0,1107.0,19300,0.0,0.0
2023-06-09 11:00:00+09:00,1108.0,1110.0,1104.0,1110.0,0,0.0,0.0
2023-06-09 12:00:00+09:00,1115.0,1120.0,1105.0,1118.0,98600,0.0,0.0
2023-06-09 13:00:00+09:00,1118.0,1119.0,1111.0,1111.0,19600,0.0,0.0
2023-06-09 14:00:00+09:00,1111.0,1119.0,1109.0,1117.0,48800,0.0,0.0
2023-06-12 09:00:00+09:00,1118.0,1147.0,1116.0,1147.0,60100,0.0,0.0
2023-06-12 10:00:00+09:00,1148.0,1153.0,1144.0,1145.0,28300,0.0,0.0
2023-06-12 11:00:00+09:00,1146.0,1149.0,1146.0,1149.0,0,0.0,0.0
2023-06-12 12:00:00+09:00,1149.0,1150.0,1137.0,1137.0,127100,0.0,0.0
2023-06-12 13:00:00+09:00,1137.0,1150.0,1137.0,1144.0,25100,0.0,0.0
2023-06-12 14:00:00+09:00,1146.0,1150.0,1140.0,1147.0,41200,0.0,0.0
2023-06-13 09:00:00+09:00,1156.0,1166.0,1154.0,1161.0,32300,0.0,0.0
2023-06-13 10:00:00+09:00,1161.0,1170.0,1161.0,1168.0,21000,0.0,0.0
2023-06-13 11:00:00+09:00,1169.0,1169.0,1164.0,1168.0,0,0.0,0.0
2023-06-13 12:00:00+09:00,1170.0,1174.0,1169.0,1173.0,82000,0.0,0.0
2023-06-13 13:00:00+09:00,1172.0,1173.0,1158.0,1158.0,38300,0.0,0.0
2023-06-13 14:00:00+09:00,1156.0,1160.0,1149.0,1150.0,40000,0.0,0.0
2023-06-14 09:00:00+09:00,1159.0,1180.0,1148.0,1178.0,30700,0.0,0.0
2023-06-14 10:00:00+09:00,1178.0,1186.0,1178.0,1180.0,24900,0.0,0.0
2023-06-14 11:00:00+09:00,1179.0,1183.0,1178.0,1181.0,0,0.0,0.0
2023-06-14 12:00:00+09:00,1181.0,1181.0,1173.0,1175.0,76700,0.0,0.0
2023-06-14 13:00:00+09:00,1174.0,1177.0,1172.0,1177.0,14500,0.0,0.0
2023-06-14 14:00:00+09:00,1178.0,1184.0,1176.0,1182.0,17800,0.0,0.0
2023-06-15 09:00:00+09:00,1180.0,1197.0,1180.0,1197.0,31300,0.0,0.0
2023-06-15 10:00:00+09:00,1197.0,1208.0,1195.0,1207.0,27100,0.0,0.0
2023-06-15 11:00:00+09:00,1207.0,1210.0,1205.0,1206.0,0,0.0,0.0
2023-06-15 12:00:00+09:00,1209.0,1217.0,1206.0,1215.0,86700,0.0,0.0
2023-06-15 13:00:00+09:00,1215.0,1222.0,1211.0,1221.0,26700,0.0,0.0
2023-06-15 14:00:00+09:00,1221.0,1225.0,1211.0,1211.0,34100,0.0,0.0
2023-06-16 09:00:00+09:00,1215.0,1238.0,1215.0,1235.0,35400,0.0,0.0
2023-06-16 10:00:00+09:00,1236.0,1237.0,1225.0,1229.0,11800,0.0,0.0
2023-06-16 11:00:00+09:00,1229.0,1238.0,1229.0,1237.0,0,0.0,0.0
2023-06-16 12:00:00+09:00,1237.0,1244.0,1236.0,1236.0,71700,0.0,0.0
2023-06-16 13:00:00+09:00,1236.0,1237.0,1228.0,1235.0,13000,0.0,0.0
2023-06-16 14:00:00+09:00,1234.0,1245.0,1234.0,1243.0,31500,0.0,0.0
2023-06-19 09:00:00+09:00,1245.0,1264.0,1238.0,1263.0,43900,0.0,0.0
2023-06-19 10:00:00+09:00,1264.0,1264.0,1252.0,1256.0,12500,0.0,0.0
2023-06-19 11:00:00+09:00,1255.0,1260.0,1249.0,1255.0,0,0.0,0.0
2023-06-19 12:00:00+09:00,1256.0,1262.0,1254.0,1256.0,80300,0.0,0.0
2023-06-19 13:00:00+09:00,1256.0,1260.0,1251.0,1256.0,0,0.0,0.0
2023-06-19 14:00:00+09:00,1257.0,1261.0,1253.0,1257.0,115500,0.0,0.0
2023-06-20 09:00:00+09:00,1267.0,1308.0,1267.0,1290.0,50500,0.0,0.0
2023-06-20 10:00:00+09:00,1292.0,1299.0,1288.0,1291.0,23000,0.0,0.0
2023-06-20 11:00:00+09:00,1293.0,1300.0,1289.0,1290.0,0,0.0,0.0
2023-06-20 12:00:00+09:00,1296.0,1296.0,1290.0,1296.0,108800,0.0,0.0
2023-06-20 13:00:00+09:00,1295.0,1301.0,1291.0,1299.0,25500,0.0,0.0
2023-06-20 14:00:00+09:00,1302.0,1307.0,1300.0,1307.0,31800,0.0,0.0
2023-06-21 09:00:00+09:00,1314.0,1339.0,1305.0,1319.0,70100,0.0,0.0
2023-06-21 10:00:00+09:00,1319.0,1328.0,1319.0,1325.0,17500,0.0,0.0
2023-06-21 11:00:00+09:00,1325.0,1332.0,1323.0,1332.0,0,0.0,0.0
2023-06-21 12:00:00+09:00,1337.0,1337.0,1322.0,1325.0,122800,0.0,0.0
2023-06-21 13:00:00+09:00,1327.0,1335.0,1325.0,1332.0,20800,0.0,0.0
2023-06-21 14:00:00+09:00,1332.0,1335.0,1328.0,1331.0,29300,0.0,0.0
2023-06-22 09:00:00+09:00,1342.0,1354.0,1335.0,1343.0,59100,0.0,0.0
2023-06-22 10:00:00+09:00,1341.0,1352.0,1339.0,1347.0,23500,0.0,0.0
2023-06-22 11:00:00+09:00,1346.0,1350.0,1342.0,1345.0,0,0.0,0.0
2023-06-22 12:00:00+09:00,1342.0,1345.0,1327.0,1331.0,114700,0.0,0.0
2023-06-22 13:00:00+09:00,1331.0,1331.0,1315.0,1328.0,27200,0.0,0.0
2023-06-22 14:00:00+09:00,1327.0,1329.0,1322.0,1324.0,25500,0.0,0.0
2023-06-23 09:00:00+09:00,1306.0,1348.0,1306.0,1327.0,51400,0.0,0.0
2023-06-23 10:00:00+09:00,1326.0,1330.0,1304.0,1312.0,37800,0.0,0.0
2023-06-23 11:00:00+09:00,1312.0,1313.0,1306.0,1308.0,0,0.0,0.0
2023-06-23 12:00:00+09:00,1308.0,1315.0,1303.0,1311.0,105200,0.0,0.0
2023-06-23 13:00:00+09:00,1311.0,1315.0,1303.0,1311.0,15000,0.0,0.0
2023-06-23 14:00:00+09:00,1309.0,1320.0,1308.0,1316.0,25900,0.0,0.0
2023-06-26 09:00:00+09:00,1308.0,1325.0,1302.0,1325.0,48500,0.0,0.0
2023-06-26 10:00:00+09:00,1324.0,1324.0,1311.0,1316.0,17700,0.0,0.0
2023-06-26 11:00:00+09:00,1316.0,1319.0,1313.0,1313.0,0,0.0,0.0
2023-06-26 12:00:00+09:00,1323.0,1323.0,1309.0,1310.0,94800,0.0,0.0
2023-06-26 13:00:00+09:00,1310.0,1313.0,1302.0,1304.0,29500,0.0,0.0
2023-06-26 14:00:00+09:00,1303.0,1307.0,1291.0,1291.0,46000,0.0,0.0
2023-06-27 09:00:00+09:00,1176.0,1214.0,1116.0,1210.0,261900,0.0,0.0
2023-06-27 10:00:00+09:00,1210.0,1210.0,1174.0,1202.0,63100,0.0,0.0
2023-06-27 11:00:00+09:00,1202.0,1203.0,1192.0,1198.0,0,0.0,0.0
2023-06-27 12:00:00+09:00,1199.0,1208.0,1195.0,1207.0,395200,0.0,0.0
2023-06-27 13:00:00+09:00,1207.0,1220.0,1203.0,1217.0,64000,0.0,0.0
2023-06-27 14:00:00+09:00,1218.0,1230.0,1215.0,1228.0,76800,0.0,0.0
2023-06-28 09:00:00+09:00,1223.0,1257.0,1204.0,1248.0,113400,0.0,0.0
2023-06-28 10:00:00+09:00,1248.0,1250.0,1225.0,1229.0,38300,0.0,0.0
2023-06-28 11:00:00+09:00,1229.0,1240.0,1227.0,1239.0,0,0.0,0.0
2023-06-28 12:00:00+09:00,1245.0,1253.0,1237.0,1238.0,214600,0.0,0.0
2023-06-28 13:00:00+09:00,1238.0,1254.0,1232.0,1236.0,58300,0.0,0.0
2023-06-28 14:00:00+09:00,1236.0,1236.0,1222.0,1230.0,103700,0.0,0.0
2023-06-29 09:00:00+09:00,1223.0,1286.0,1217.0,1285.0,136200,0.0,0.0
2023-06-29 10:00:00+09:00,1286.0,1304.0,1284.0,1297.0,105000,0.0,0.0
2023-06-29 11:00:00+09:00,1296.0,1300.0,1292.0,1297.0,0,0.0,0.0
2023-06-29 12:00:00+09:00,1294.0,1301.0,1278.0,1281.0,345600,0.0,0.0
2023-06-29 13:00:00+09:00,1279.0,1281.0,1260.0,1266.0,109200,0.0,0.0
2023-06-29 14:00:00+09:00,1267.0,1283.0,1245.0,1245.0,157100,0.0,0.0
2023-06-30 09:00:00+09:00,1258.0,1271.0,1234.0,1271.0,89000,0.0,0.0
2023-06-30 10:00:00+09:00,1270.0,1278.0,1263.0,1264.0,42700,0.0,0.0
2023-06-30 11:00:00+09:00,1264.0,1268.0,1255.0,1261.0,0,0.0,0.0
2023-06-30 12:00:00+09:00,1261.0,1272.0,1261.0,1267.0,204600,0.0,0.0
2023-06-30 13:00:00+09:00,1268.0,1269.0,1260.0,1266.0,44600,0.0,0.0
2023-06-30 14:00:00+09:00,1266.0,1275.0,1265.0,1275.0,56900,0.0,0.0
2023-07-03 09:00:00+09:00,1276.0,1326.0,1276.0,1314.0,67100,0.0,0.0
2023-07-03 10:00:00+09:00,1314.0,1318.0,1304.0,1306.0,33200,0.0,0.0
2023-07-03 11:00:00+09:00,1305.0,1306.0,1291.0,1295.0,0,0.0,0.0
2023-07-03 12:00:00+09:00,1293.0,1293.0,1277.0,1281.0,166700,0.0,0.0
2023-07-03 13:00:00+09:00,1279.0,1279.0,1250.0,1255.0,43900,0.0,0.0
2023-07-03 14:00:00+09:00,1254.0,1258.0,1247.0,1250.0,25600,0.0,0.0
2023-07-04 09:00:00+09:00,1229.0,1233.0,1215.0,1226.0,53100,0.0,0.0
2023-07-04 10:00:00+09:00,1224.0,1228.0,1213.0,1215.0,27100,0.0,0.0
2023-07-04 11:00:00+09:00,1213.0,1215.0,1207.0,1211.0,0,0.0,0.0
2023-07-04 12:00:00+09:00,1211.0,1219.0,1208.0,1216.0,137200,0.0,0.0
2023-07-04 13:00:00+09:00,1217.0,1218.0,1196.0,1206.0,34100,0.0,0.0
2023-07-04 14:00:00+09:00,1207.0,1211.0,1204.0,1206.0,22900,0.0,0.0
2023-07-05 09:00:00+09:00,1192.0,1199.0,1176.0,1198.0,39200,0.0,0.0
2023-07-05 10:00:00+09:00,1199.0,1199.0,1183.0,1183.0,12000,0.0,0.0
2023-07-05 11:00:00+09:00,1183.0,1187.0,1182.0,1187.0,0,0.0,0.0
2023-07-05 12:00:00+09:00,1187.0,1194.0,1184.0,1189.0,82500,0.0,0.0
2023-07-05 13:00:00+09:00,1190.0,1191.0,1184.0,1184.0,6100,0.0,0.0
2023-07-05 14:00:00+09:00,1184.0,1205.0,1182.0,1201.0,26500,0.0,0.0
2023-07-06 09:00:00+09:00,1190.0,1192.0,1177.0,1179.0,25400,0.0,0.0
2023-07-06 10:00:00+09:00,1179.0,1182.0,1173.0,1179.0,11900,0.0,0.0
2023-07-06 11:00:00+09:00,1180.0,1182.0,1179.0,1182.0,0,0.0,0.0
2023-07-06 12:00:00+09:00,1178.0,1205.0,1178.0,1198.0,84300,0.0,0.0
2023-07-06 13:00:00+09:00,1196.0,1199.0,1192.0,1194.0,12100,0.0,0.0
2023-07-06 14:00:00+09:00,1193.0,1198.0,1190.0,1195.0,19200,0.0,0.0
2023-07-07 09:00:00+09:00,1190.0,1190.0,1170.0,1176.0,29600,0.0,0.0
2023-07-07 10:00:00+09:00,1177.0,1182.0,1175.0,1178.0,8700,0.0,0.0
2023-07-07 11:00:00+09:00,1178.0,1182.0,1178.0,1180.0,0,0.0,0.0
2023-07-07 12:00:00+09:00,1183.0,1184.0,1177.0,1181.0,63300,0.0,0.0
2023-07-07 13:00:00+09:00,1180.0,1183.0,1178.0,1179.0,10300,0.0,0.0
2023-07-07 14:00:00+09:00,1179.0,1180.0,1167.0,1170.0,24100,0.0,0.0
2023-07-10 09:00:00+09:00,1160.0,1185.0,1158.0,1173.0,32800,0.0,0.0
2023-07-10 10:00:00+09:00,1175.0,1188.0,1173.0,1184.0,14900,0.0,0.0
2023-07-10 11:00:00+09:00,1184.0,1186.0,1179.0,1181.0,0,0.0,0.0
2023-07-10 12:00:00+09:00,1181.0,1181.0,1167.0,1167.0,73400,0.0,0.0
2023-07-10 13:00:00+09:00,1167.0,1172.0,1165.0,1169.0,4700,0.0,0.0
2023-07-10 14:00:00+09:00,1169.0,1169.0,1163.0,1169.0,14800,0.0,0.0
2023-07-11 09:00:00+09:00,1166.0,1179.0,1166.0,1175.0,27600,0.0,0.0
2023-07-11 10:00:00+09:00,1173.0,1173.0,1150.0,1154.0,13400,0.0,0.0
2023-07-11 11:00:00+09:00,1153.0,1153.0,1145.0,1146.0,0,0.0,0.0
2023-07-11 12:00:00+09:00,1146.0,1159.0,1144.0,1157.0,78000,0.0,0.0
2023-07-11 13:00:00+09:00,1156.0,1159.0,1153.0,1155.0,13800,0.0,0.0
2023-07-11 14:00:00+09:00,1155.0,1155.0,1148.0,1150.0,22400,0.0,0.0
2023-07-12 09:00:00+09:00,1153.0,1162.0,1148.0,1154.0,33000,0.0,0.0
2023-07-12 10:00:00+09:00,1152.0,1152.0,1143.0,1148.0,10000,0.0,0.0
2023-07-12 11:00:00+09:00,1148.0,1149.0,1145.0,1145.0,0,0.0,0.0
2023-07-12 12:00:00+09:00,1155.0,1158.0,1150.0,1157.0,70100,0.0,0.0
2023-07-12 13:00:00+09:00,1157.0,1157.0,1151.0,1154.0,8700,0.0,0.0
2023-07-12 14:00:00+09:00,1154.0,1157.0,1151.0,1152.0,25600,0.0,0.0
2023-07-13 09:00:00+09:00,1152.0,1161.0,1151.0,1156.0,28800,0.0,0.0
2023-07-13 10:00:00+09:00,1156.0,1168.0,1156.0,1165.0,7700,0.0,0.0
2023-07-13 11:00:00+09:00,1165.0,1168.0,1162.0,1167.0,0,0.0,0.0
2023-07-13 12:00:00+09:00,1168.0,1176.0,1164.0,1176.0,67000,0.0,0.0
2023-07-13 13:00:00+09:00,1177.0,1177.0,1166.0,1172.0,12400,0.0,0.0
2023-07-13 14:00:00+09:00,1171.0,1177.0,1169.0,1176.0,15700,0.0,0.0
2023-07-14 09:00:00+09:00,1170.0,1181.0,1168.0,1177.0,33000,0.0,0.0
2023-07-14 10:00:00+09:00,1176.0,1178.0,1171.0,1175.0,5600,0.0,0.0
2023-07-14 11:00:00+09:00,1174.0,1177.0,1173.0,1176.0,0,0.0,0.0
2023-07-14 12:00:00+09:00,1178.0,1185.0,1174.0,1184.0,66700,0.0,0.0
2023-07-14 13:00:00+09:00,1182.0,1188.0,1181.0,1182.0,9500,0.0,0.0
2023-07-14 14:00:00+09:00,1183.0,1191.0,1183.0,1188.0,23300,0.0,0.0
2023-07-18 09:00:00+09:00,1207.0,1224.0,1203.0,1224.0,32800,0.0,0.0
2023-07-18 10:00:00+09:00,1223.0,1223.0,1213.0,1218.0,8200,0.0,0.0
2023-07-18 11:00:00+09:00,1218.0,1218.0,1211.0,1211.0,0,0.0,0.0
2023-07-18 12:00:00+09:00,1211.0,1216.0,1211.0,1216.0,48900,0.0,0.0
2023-07-18 13:00:00+09:00,1214.0,1220.0,1213.0,1220.0,5900,0.0,0.0
2023-07-18 14:00:00+09:00,1219.0,1227.0,1218.0,1227.0,12600,0.0,0.0
2023-07-19 09:00:00+09:00,1238.0,1251.0,1238.0,1245.0,17700,0.0,0.0
2023-07-19 10:00:00+09:00,1247.0,1250.0,1241.0,1241.0,6400,0.0,0.0
2023-07-19 11:00:00+09:00,1243.0,1245.0,1242.0,1245.0,0,0.0,0.0
2023-07-19 12:00:00+09:00,1245.0,1253.0,1242.0,1250.0,35600,0.0,0.0
2023-07-19 13:00:00+09:00,1248.0,1254.0,1247.0,1252.0,6900,0.0,0.0
2023-07-19 14:00:00+09:00,1251.0,1255.0,1247.0,1252.0,20500,0.0,0.0
2023-07-20 09:00:00+09:00,1252.0,1252.0,1228.0,1236.0,0,0.0,0.0
2023-07-20 10:00:00+09:00,1237.0,1242.0,1228.0,1228.0,24800,0.0,0.0
2023-07-20 11:00:00+09:00,1228.0,1230.0,1224.0,1224.0,0,0.0,0.0
2023-07-20 12:00:00+09:00,1223.0,1235.0,1223.0,1233.0,38300,0.0,0.0
2023-07-20 13:00:00+09:00,1234.0,1234.0,1226.0,1230.0,5100,0.0,0.0
2023-07-20 14:00:00+09:00,1227.0,1232.0,1226.0,1231.0,9100,0.0,0.0
2023-07-21 09:00:00+09:00,1236.0,1237.0,1225.0,1233.0,4200,0.0,0.0
2023-07-21 10:00:00+09:00,1229.0,1230.0,1225.0,1225.0,2500,0.0,0.0
2023-07-21 11:00:00+09:00,1225.0,1226.0,1224.0,1225.0,0,0.0,0.0
2023-07-21 12:00:00+09:00,1225.0,1229.0,1224.0,1226.0,11700,0.0,0.0
2023-07-21 13:00:00+09:00,1224.0,1225.0,1222.0,1224.0,2500,0.0,0.0
2023-07-21 14:00:00+09:00,1223.0,1223.0,1217.0,1219.0,16400,0.0,0.0
2023-07-24 09:00:00+09:00,1221.0,1246.0,1221.0,1235.0,0,0.0,0.0
2023-07-24 10:00:00+09:00,1228.0,1234.0,1225.0,1232.0,17800,0.0,0.0
2023-07-24 11:00:00+09:00,1230.0,1230.0,1227.0,1227.0,0,0.0,0.0
2023-07-24 12:00:00+09:00,1227.0,1235.0,1218.0,1224.0,23100,0.0,0.0
2023-07-24 13:00:00+09:00,1227.0,1230.0,1224.0,1227.0,5000,0.0,0.0
2023-07-24 14:00:00+09:00,1226.0,1226.0,1220.0,1224.0,13500,0.0,0.0
2023-07-25 09:00:00+09:00,1218.0,1230.0,1210.0,1211.0,11000,0.0,0.0
2023-07-25 10:00:00+09:00,1212.0,1212.0,1205.0,1207.0,4200,0.0,0.0
2023-07-25 11:00:00+09:00,1207.0,1208.0,1207.0,1207.0,0,0.0,0.0
2023-07-25 12:00:00+09:00,1213.0,1213.0,1204.0,1207.0,20700,0.0,0.0
2023-07-25 13:00:00+09:00,1208.0,1212.0,1208.0,1211.0,3400,0.0,0.0
2023-07-25 14:00:00+09:00,1209.0,1214.0,1209.0,1210.0,5000,0.0,0.0
2023-07-26 09:00:00+09:00,1225.0,1233.0,1218.0,1227.0,12400,0.0,0.0
2023-07-26 10:00:00+09:00,1227.0,1238.0,1227.0,1235.0,7200,0.0,0.0
2023-07-26 11:00:00+09:00,1235.0,1236.0,1234.0,1236.0,0,0.0,0.0
2023-07-26 12:00:00+09:00,1237.0,1239.0,1234.0,1234.0,25500,0.0,0.0
2023-07-26 13:00:00+09:00,1234.0,1239.0,1234.0,1235.0,3600,0.0,0.0
2023-07-26 14:00:00+09:00,1235.0,1235.0,1231.0,1232.0,8100,0.0,0.0
2023-07-27 09:00:00+09:00,1233.0,1233.0,1212.0,1212.0,6700,0.0,0.0
2023-07-27 10:00:00+09:00,1214.0,1216.0,1208.0,1209.0,17500,0.0,0.0
2023-07-27 11:00:00+09:00,1208.0,1217.0,1208.0,1217.0,0,0.0,0.0
2023-07-27 12:00:00+09:00,1217.0,1218.0,1211.0,1212.0,33700,0.0,0.0
2023-07-27 13:00:00+09:00,1212.0,1216.0,1210.0,1214.0,10300,0.0,0.0
2023-07-27 14:00:00+09:00,1216.0,1221.0,1216.0,1221.0,6800,0.0,0.0
2023-07-28 09:00:00+09:00,1203.0,1209.0,1195.0,1198.0,15200,0.0,0.0
2023-07-28 10:00:00+09:00,1196.0,1205.0,1193.0,1205.0,7600,0.0,0.0
2023-07-28 11:00:00+09:00,1204.0,1207.0,1198.0,1207.0,0,0.0,0.0
2023-07-28 12:00:00+09:00,1208.0,1222.0,1208.0,1221.0,44400,0.0,0.0
2023-07-28 13:00:00+09:00,1220.0,1220.0,1203.0,1219.0,22000,0.0,0.0
2023-07-28 14:00:00+09:00,1218.0,1257.0,1215.0,1247.0,75700,0.0,0.0
2023-07-31 09:00:00+09:00,1259.0,1262.0,1240.0,1252.0,25600,0.0,0.0
2023-07-31 10:00:00+09:00,1252.0,1257.0,1250.0,1254.0,5300,0.0,0.0
2023-07-31 11:00:00+09:00,1254.0,1266.0,1254.0,1266.0,0,0.0,0.0
2023-07-31 12:00:00+09:00,1266.0,1268.0,1258.0,1262.0,46300,0.0,0.0
2023-07-31 13:00:00+09:00,1261.0,1263.0,1257.0,1262.0,5100,0.0,0.0
2023-07-31 14:00:00+09:00,1261.0,1270.0,1261.0,1269.0,16200,0.0,0.0
2023-08-01 09:00:00+09:00,1276.0,1286.0,1267.0,1275.0,8800,0.0,0.0
2023-08-01 10:00:00+09:00,1278.0,1280.0,1276.0,1276.0,2800,0.0,0.0
2023-08-01 11:00:00+09:00,1277.0,1283.0,1277.0,1283.0,0,0.0,0.0
2023-08-01 12:00:00+09:00,1281.0,1294.0,1281.0,1292.0,23200,0.0,0.0
2023-08-01 13:00:00+09:00,1294.0,1296.0,1292.0,1295.0,5200,0.0,0.0
2023-08-01 14:00:00+09:00,1296.0,1310.0,1296.0,1306.0,25300,0.0,0.0
2023-08-02 09:00:00+09:00,1281.0,1290.0,1272.0,1276.0,13800,0.0,0.0
2023-08-02 10:00:00+09:00,1277.0,1277.0,1252.0,1254.0,14800,0.0,0.0
2023-08-02 11:00:00+09:00,1255.0,1256.0,1243.0,1254.0,0,0.0,0.0
2023-08-02 12:00:00+09:00,1248.0,1256.0,1248.0,1255.0,49600,0.0,0.0
2023-08-02 13:00:00+09:00,1254.0,1257.0,1248.0,1248.0,19200,0.0,0.0
2023-08-02 14:00:00+09:00,1247.0,1250.0,1244.0,1244.0,16100,0.0,0.0
2023-08-03 09:00:00+09:00,1240.0,1245.0,1202.0,1213.0,17900,0.0,0.0
2023-08-03 10:00:00+09:00,1210.0,1215.0,1204.0,1215.0,8300,0.0,0.0
2023-08-03 11:00:00+09:00,1213.0,1216.0,1210.0,1211.0,0,0.0,0.0
2023-08-03 12:00:00+09:00,1218.0,1224.0,1215.0,1219.0,42100,0.0,0.0
2023-08-03 13:00:00+09:00,1220.0,1222.0,1212.0,1217.0,9000,0.0,0.0
2023-08-03 14:00:00+09:00,1218.0,1225.0,1216.0,1219.0,13900,0.0,0.0
2023-08-04 09:00:00+09:00,1218.0,1222.0,1205.0,1209.0,9800,0.0,0.0
2023-08-04 10:00:00+09:00,1208.0,1208.0,1201.0,1205.0,9100,0.0,0.0
2023-08-04 11:00:00+09:00,1205.0,1206.0,1201.0,1201.0,0,0.0,0.0
2023-08-04 12:00:00+09:00,1205.0,1209.0,1201.0,1205.0,30400,0.0,0.0
2023-08-04 13:00:00+09:00,1207.0,1210.0,1203.0,1210.0,11200,0.0,0.0
2023-08-04 14:00:00+09:00,1209.0,1213.0,1204.0,1206.0,46000,0.0,0.0
2023-08-07 09:00:00+09:00,1200.0,1213.0,1190.0,1213.0,0,0.0,0.0
2023-08-07 10:00:00+09:00,1213.0,1220.0,1212.0,1215.0,30100,0.0,0.0
2023-08-07 11:00:00+09:00,1212.0,1219.0,1211.0,1219.0,0,0.0,0.0
2023-08-07 12:00:00+09:00,1218.0,1226.0,1218.0,1223.0,44900,0.0,0.0
2023-08-07 13:00:00+09:00,1222.0,1224.0,1218.0,1222.0,5500,0.0,0.0
2023-08-07 14:00:00+09:00,1221.0,1233.0,1221.0,1233.0,8500,0.0,0.0
2023-08-08 09:00:00+09:00,1230.0,1235.0,1222.0,1233.0,0,0.0,0.0
2023-08-08 10:00:00+09:00,1232.0,1235.0,1218.0,1218.0,21200,0.0,0.0
2023-08-08 11:00:00+09:00,1219.0,1221.0,1215.0,1215.0,0,0.0,0.0
2023-08-08 12:00:00+09:00,1212.0,1218.0,1212.0,1216.0,29600,0.0,0.0
2023-08-08 13:00:00+09:00,1217.0,1227.0,1217.0,1225.0,7100,0.0,0.0
2023-08-08 14:00:00+09:00,1227.0,1231.0,1222.0,1227.0,18500,0.0,0.0
2023-08-09 09:00:00+09:00,1223.0,1229.0,1210.0,1229.0,0,0.0,0.0
2023-08-09 10:00:00+09:00,1230.0,1244.0,1225.0,1244.0,17900,0.0,0.0
2023-08-09 11:00:00+09:00,1241.0,1256.0,1241.0,1251.0,0,0.0,0.0
2023-08-09 12:00:00+09:00,1250.0,1252.0,1247.0,1248.0,33300,0.0,0.0
2023-08-09 13:00:00+09:00,1248.0,1260.0,1246.0,1259.0,8100,0.0,0.0
2023-08-09 14:00:00+09:00,1260.0,1294.0,1257.0,1291.0,29800,0.0,0.0
2023-08-10 09:00:00+09:00,1297.0,1321.0,1288.0,1321.0,28700,0.0,0.0
2023-08-10 10:00:00+09:00,1321.0,1365.0,1317.0,1359.0,58600,0.0,0.0
2023-08-10 11:00:00+09:00,1361.0,1366.0,1358.0,1360.0,0,0.0,0.0
2023-08-10 12:00:00+09:00,1360.0,1400.0,1357.0,1392.0,126200,0.0,0.0
2023-08-10 13:00:00+09:00,1392.0,1409.0,1392.0,1406.0,19400,0.0,0.0
2023-08-10 14:00:00+09:00,1407.0,1467.0,1407.0,1467.0,38100,0.0,0.0
2023-08-14 09:00:00+09:00,1415.0,1450.0,1407.0,1415.0,21800,0.0,0.0
2023-08-14 10:00:00+09:00,1413.0,1413.0,1387.0,1388.0,11700,0.0,0.0
2023-08-14 11:00:00+09:00,1387.0,1387.0,1370.0,1378.0,0,0.0,0.0
2023-08-14 12:00:00+09:00,1378.0,1378.0,1363.0,1363.0,46400,0.0,0.0
2023-08-14 13:00:00+09:00,1363.0,1406.0,1353.0,1406.0,16000,0.0,0.0
2023-08-14 14:00:00+09:00,1401.0,1410.0,1392.0,1392.0,12600,0.0,0.0
2023-08-15 09:00:00+09:00,1410.0,1420.0,1408.0,1413.0,9100,0.0,0.0
2023-08-15 10:00:00+09:00,1409.0,1409.0,1397.0,1397.0,2800,0.0,0.0
2023-08-15 11:00:00+09:00,1390.0,1390.0,1381.0,1386.0,0,0.0,0.0
2023-08-15 12:00:00+09:00,1387.0,1389.0,1374.0,1380.0,23600,0.0,0.0
2023-08-15 13:00:00+09:00,1385.0,1418.0,1385.0,1414.0,10800,0.0,0.0
2023-08-15 14:00:00+09:00,1414.0,1417.0,1407.0,1410.0,5900,0.0,0.0
2023-08-16 09:00:00+09:00,1390.0,1405.0,1386.0,1392.0,4200,0.0,0.0
2023-08-16 10:00:00+09:00,1398.0,1404.0,1394.0,1403.0,2700,0.0,0.0
2023-08-16 11:00:00+09:00,1402.0,1402.0,1400.0,1401.0,0,0.0,0.0
2023-08-16 12:00:00+09:00,1401.0,1406.0,1401.0,1402.0,11400,0.0,0.0
2023-08-16 13:00:00+09:00,1405.0,1418.0,1403.0,1415.0,7100,0.0,0.0
2023-08-16 14:00:00+09:00,1416.0,1418.0,1413.0,1418.0,6400,0.0,0.0
2023-08-17 09:00:00+09:00,1374.0,1398.0,1374.0,1383.0,2700,0.0,0.0
2023-08-17 10:00:00+09:00,1387.0,1387.0,1375.0,1375.0,700,0.0,0.0
2023-08-17 11:00:00+09:00,1378.0,1378.0,1375.0,1376.0,0,0.0,0.0
2023-08-17 12:00:00+09:00,1380.0,1406.0,1380.0,1406.0,10500,0.0,0.0
2023-08-17 13:00:00+09:00,1406.0,1410.0,1403.0,1405.0,3800,0.0,0.0
2023-08-17 14:00:00+09:00,1409.0,1409.0,1397.0,1402.0,1500,0.0,0.0
2023-08-18 09:00:00+09:00,1385.0,1385.0,1367.0,1367.0,0,0.0,0.0
2023-08-18 10:00:00+09:00,1367.0,1367.0,1351.0,1357.0,7900,0.0,0.0
2023-08-18 11:00:00+09:00,1366.0,1371.0,1366.0,1370.0,0,0.0,0.0
2023-08-18 12:00:00+09:00,1370.0,1370.0,1356.0,1360.0,13100,0.0,0.0
2023-08-18 13:00:00+09:00,1357.0,1357.0,1345.0,1345.0,3700,0.0,0.0
2023-08-18 14:00:00+09:00,1348.0,1348.0,1338.0,1338.0,2700,0.0,0.0
2023-08-21 09:00:00+09:00,1344.0,1346.0,1323.0,1325.0,7800,0.0,0.0
2023-08-21 10:00:00+09:00,1327.0,1327.0,1303.0,1315.0,8900,0.0,0.0
2023-08-21 11:00:00+09:00,1315.0,1322.0,1314.0,1320.0,0,0.0,0.0
2023-08-21 12:00:00+09:00,1318.0,1320.0,1310.0,1317.0,24300,0.0,0.0
2023-08-21 13:00:00+09:00,1318.0,1324.0,1317.0,1324.0,3900,0.0,0.0
2023-08-21 14:00:00+09:00,1323.0,1324.0,1317.0,1318.0,10900,0.0,0.0
2023-08-22 09:00:00+09:00,1319.0,1323.0,1311.0,1311.0,0,0.0,0.0
2023-08-22 10:00:00+09:00,1311.0,1313.0,1300.0,1300.0,7800,0.0,0.0
2023-08-22 11:00:00+09:00,1300.0,1306.0,1300.0,1306.0,0,0.0,0.0
2023-08-22 12:00:00+09:00,1306.0,1307.0,1303.0,1306.0,10200,0.0,0.0
2023-08-22 13:00:00+09:00,1306.0,1311.0,1306.0,1308.0,1400,0.0,0.0
2023-08-22 14:00:00+09:00,1308.0,1315.0,1306.0,1308.0,11600,0.0,0.0
2023-08-23 09:00:00+09:00,1320.0,1346.0,1313.0,1343.0,5700,0.0,0.0
2023-08-23 10:00:00+09:00,1344.0,1345.0,1338.0,1341.0,1900,0.0,0.0
2023-08-23 11:00:00+09:00,1342.0,1354.0,1335.0,1354.0,0,0.0,0.0
2023-08-23 12:00:00+09:00,1355.0,1355.0,1339.0,1353.0,17000,0.0,0.0
2023-08-23 13:00:00+09:00,1355.0,1365.0,1354.0,1360.0,7700,0.0,0.0
2023-08-23 14:00:00+09:00,1362.0,1365.0,1358.0,1362.0,11800,0.0,0.0
2023-08-24 09:00:00+09:00,1368.0,1377.0,1357.0,1377.0,5200,0.0,0.0
2023-08-24 10:00:00+09:00,1375.0,1385.0,1366.0,1375.0,5700,0.0,0.0
2023-08-24 11:00:00+09:00,1375.0,1375.0,1366.0,1370.0,0,0.0,0.0
2023-08-24 12:00:00+09:00,1366.0,1374.0,1366.0,1371.0,13500,0.0,0.0
2023-08-24 13:00:00+09:00,1374.0,1375.0,1370.0,1371.0,2400,0.0,0.0
2023-08-24 14:00:00+09:00,1374.0,1375.0,1371.0,1373.0,3000,0.0,0.0
2023-08-25 09:00:00+09:00,1385.0,1385.0,1369.0,1385.0,4500,0.0,0.0
2023-08-25 10:00:00+09:00,1387.0,1394.0,1384.0,1384.0,1800,0.0,0.0
2023-08-25 11:00:00+09:00,1389.0,1389.0,1374.0,1374.0,0,0.0,0.0
2023-08-25 12:00:00+09:00,1361.0,1371.0,1361.0,1363.0,10600,0.0,0.0
2023-08-25 13:00:00+09:00,1366.0,1367.0,1357.0,1357.0,1800,0.0,0.0
2023-08-25 14:00:00+09:00,1357.0,1362.0,1354.0,1360.0,4400,0.0,0.0
2023-08-28 09:00:00+09:00,1388.0,1395.0,1380.0,1395.0,4300,0.0,0.0
2023-08-28 10:00:00+09:00,1394.0,1395.0,1376.0,1381.0,0,0.0,0.0
2023-08-28 11:00:00+09:00,1382.0,1384.0,1381.0,1384.0,0,0.0,0.0
2023-08-28 12:00:00+09:00,1384.0,1387.0,1384.0,1384.0,12000,0.0,0.0
2023-08-28 13:00:00+09:00,1385.0,1388.0,1382.0,1383.0,2500,0.0,0.0
2023-08-28 14:00:00+09:00,1383.0,1392.0,1382.0,1392.0,8300,0.0,0.0
2023-08-29 09:00:00+09:00,1395.0,1395.0,1392.0,1392.0,1000,0.0,0.0
2023-08-29 10:00:00+09:00,1390.0,1390.0,1381.0,1383.0,1600,0.0,0.0
2023-08-29 11:00:00+09:00,1384.0,1384.0,1380.0,1380.0,0,0.0,0.0
2023-08-29 12:00:00+09:00,1378.0,1386.0,1378.0,1386.0,4500,0.0,0.0
2023-08-29 13:00:00+09:00,1386.0,1386.0,1382.0,1386.0,500,0.0,0.0
2023-08-29 14:00:00+09:00,1384.0,1390.0,1383.0,1390.0,2200,0.0,0.0
2023-08-30 09:00:00+09:00,1392.0,1393.0,1379.0,1385.0,2100,0.0,0.0
2023-08-30 10:00:00+09:00,1385.0,1385.0,1379.0,1379.0,1000,0.0,0.0
2023-08-30 11:00:00+09:00,1382.0,1382.0,1382.0,1382.0,0,0.0,0.0
2023-08-30 12:00:00+09:00,1382.0,1382.0,1379.0,1382.0,3900,0.0,0.0
2023-08-30 13:00:00+09:00,1381.0,1384.0,1381.0,1384.0,500,0.0,0.0
2023-08-30 14:00:00+09:00,1383.0,1395.0,1380.0,1395.0,3600,0.0,0.0
2023-08-31 09:00:00+09:00,1395.0,1410.0,1395.0,1408.0,6200,0.0,0.0
2023-08-31 10:00:00+09:00,1408.0,1408.0,1398.0,1399.0,1500,0.0,0.0
2023-08-31 11:00:00+09:00,1399.0,1399.0,1396.0,1396.0,0,0.0,0.0
2023-08-31 12:00:00+09:00,1394.0,1397.0,1385.0,1393.0,10900,0.0,0.0
2023-08-31 13:00:00+09:00,1392.0,1392.0,1381.0,1387.0,7300,0.0,0.0
2023-08-31 14:00:00+09:00,1389.0,1389.0,1382.0,1382.0,2200,0.0,0.0
2023-09-01 09:00:00+09:00,1369.0,1369.0,1343.0,1352.0,6700,0.0,0.0
2023-09-01 10:00:00+09:00,1352.0,1352.0,1345.0,1347.0,2900,0.0,0.0
2023-09-01 11:00:00+09:00,1350.0,1354.0,1349.0,1352.0,0,0.0,0.0
2023-09-01 12:00:00+09:00,1355.0,1355.0,1353.0,1353.0,11900,0.0,0.0
2023-09-01 13:00:00+09:00,1353.0,1353.0,1340.0,1348.0,8000,0.0,0.0
2023-09-01 14:00:00+09:00,1349.0,1356.0,1344.0,1346.0,11600,0.0,0.0
2023-09-04 09:00:00+09:00,1339.0,1357.0,1339.0,1352.0,4400,0.0,0.0
2023-09-04 10:00:00+09:00,1350.0,1356.0,1349.0,1353.0,1600,0.0,0.0
2023-09-04 11:00:00+09:00,1349.0,1349.0,1345.0,1345.0,0,0.0,0.0
2023-09-04 12:00:00+09:00,1349.0,1349.0,1339.0,1339.0,9000,0.0,0.0
2023-09-04 13:00:00+09:00,1337.0,1339.0,1332.0,1333.0,4300,0.0,0.0
2023-09-04 14:00:00+09:00,1337.0,1340.0,1334.0,1339.0,3800,0.0,0.0
2023-09-05 09:00:00+09:00,1343.0,1343.0,1334.0,1342.0,2500,0.0,0.0
2023-09-05 10:00:00+09:00,1339.0,1346.0,1337.0,1345.0,3300,0.0,0.0
2023-09-05 11:00:00+09:00,1346.0,1351.0,1342.0,1346.0,0,0.0,0.0
2023-09-05 12:00:00+09:00,1351.0,1351.0,1344.0,1348.0,10600,0.0,0.0
2023-09-05 13:00:00+09:00,1347.0,1350.0,1345.0,1350.0,1900,0.0,0.0
2023-09-05 14:00:00+09:00,1352.0,1365.0,1352.0,1365.0,9700,0.0,0.0
2023-09-06 09:00:00+09:00,1363.0,1363.0,1348.0,1358.0,5100,0.0,0.0
2023-09-06 10:00:00+09:00,1356.0,1356.0,1341.0,1341.0,3800,0.0,0.0
2023-09-06 11:00:00+09:00,1342.0,1346.0,1340.0,1346.0,0,0.0,0.0
2023-09-06 12:00:00+09:00,1341.0,1343.0,1339.0,1339.0,11700,0.0,0.0
2023-09-06 13:00:00+09:00,1338.0,1340.0,1330.0,1330.0,6100,0.0,0.0
2023-09-06 14:00:00+09:00,1329.0,1332.0,1327.0,1331.0,5600,0.0,0.0
2023-09-07 09:00:00+09:00,1335.0,1345.0,1330.0,1336.0,4000,0.0,0.0
2023-09-07 10:00:00+09:00,1334.0,1338.0,1332.0,1336.0,0,0.0,0.0
2023-09-07 11:00:00+09:00,1336.0,1340.0,1336.0,1340.0,0,0.0,0.0
2023-09-07 12:00:00+09:00,1333.0,1333.0,1331.0,1331.0,6700,0.0,0.0
2023-09-07 13:00:00+09:00,1335.0,1335.0,1328.0,1328.0,3200,0.0,0.0
2023-09-07 14:00:00+09:00,1329.0,1331.0,1323.0,1324.0,6600,0.0,0.0
2023-09-08 09:00:00+09:00,1342.0,1342.0,1316.0,1323.0,14400,0.0,0.0
2023-09-08 10:00:00+09:00,1324.0,1324.0,1320.0,1323.0,1200,0.0,0.0
2023-09-08 11:00:00+09:00,1323.0,1324.0,1321.0,1324.0,0,0.0,0.0
2023-09-08 12:00:00+09:00,1319.0,1319.0,1313.0,1313.0,20300,0.0,0.0
2023-09-08 13:00:00+09:00,1309.0,1310.0,1299.0,1302.0,5300,0.0,0.0
2023-09-08 14:00:00+09:00,1300.0,1306.0,1297.0,1303.0,7600,0.0,0.0
2023-09-11 09:00:00+09:00,1308.0,1321.0,1308.0,1321.0,3200,0.0,0.0
2023-09-11 10:00:00+09:00,1323.0,1323.0,1310.0,1321.0,2500,0.0,0.0
2023-09-11 11:00:00+09:00,1320.0,1320.0,1316.0,1317.0,0,0.0,0.0
2023-09-11 12:00:00+09:00,1317.0,1317.0,1311.0,1311.0,7200,0.0,0.0
2023-09-11 13:00:00+09:00,1313.0,1316.0,1311.0,1314.0,2700,0.0,0.0
2023-09-11 14:00:00+09:00,1310.0,1316.0,1309.0,1314.0,4100,0.0,0.0
2023-09-12 09:00:00+09:00,1319.0,1327.0,1319.0,1327.0,2200,0.0,0.0
2023-09-12 10:00:00+09:00,1325.0,1325.0,1308.0,1308.0,4400,0.0,0.0
2023-09-12 11:00:00+09:00,1309.0,1313.0,1309.0,1313.0,0,0.0,0.0
2023-09-12 12:00:00+09:00,1310.0,1310.0,1310.0,1310.0,9500,0.0,0.0
2023-09-12 13:00:00+09:00,1310.0,1319.0,1308.0,1319.0,4600,0.0,0.0
2023-09-12 14:00:00+09:00,1321.0,1329.0,1318.0,1329.0,5400,0.0,0.0
2023-09-13 09:00:00+09:00,1329.0,1342.0,1329.0,1340.0,6400,0.0,0.0
2023-09-13 10:00:00+09:00,1339.0,1360.0,1338.0,1359.0,8700,0.0,0.0
2023-09-13 11:00:00+09:00,1357.0,1357.0,1345.0,1349.0,0,0.0,0.0
2023-09-13 12:00:00+09:00,1349.0,1350.0,1343.0,1350.0,22500,0.0,0.0
2023-09-13 13:00:00+09:00,1351.0,1354.0,1348.0,1349.0,0,0.0,0.0
2023-09-13 14:00:00+09:00,1348.0,1354.0,1345.0,1354.0,37600,0.0,0.0
2023-09-14 09:00:00+09:00,1360.0,1360.0,1339.0,1339.0,7300,0.0,0.0
2023-09-14 10:00:00+09:00,1340.0,1340.0,1330.0,1337.0,3700,0.0,0.0
2023-09-14 11:00:00+09:00,1337.0,1337.0,1332.0,1333.0,0,0.0,0.0
2023-09-14 12:00:00+09:00,1358.0,1358.0,1340.0,1340.0,15300,0.0,0.0
2023-09-14 13:00:00+09:00,1341.0,1346.0,1340.0,1341.0,3000,0.0,0.0
2023-09-14 14:00:00+09:00,1340.0,1349.0,1337.0,1348.0,4200,0.0,0.0
2023-09-15 09:00:00+09:00,1343.0,1343.0,1326.0,1331.0,7000,0.0,0.0
2023-09-15 10:00:00+09:00,1331.0,1334.0,1328.0,1334.0,2200,0.0,0.0
2023-09-15 11:00:00+09:00,1334.0,1336.0,1333.0,1336.0,0,0.0,0.0
2023-09-15 12:00:00+09:00,1336.0,1339.0,1334.0,1335.0,12400,0.0,0.0
2023-09-15 13:00:00+09:00,1335.0,1342.0,1332.0,1340.0,3800,0.0,0.0
2023-09-15 14:00:00+09:00,1341.0,1351.0,1341.0,1348.0,11300,0.0,0.0
2023-09-19 09:00:00+09:00,1346.0,1360.0,1343.0,1353.0,0,0.0,0.0
2023-09-19 10:00:00+09:00,1351.0,1354.0,1342.0,1342.0,13200,0.0,0.0
2023-09-19 11:00:00+09:00,1340.0,1345.0,1338.0,1345.0,0,0.0,0.0
2023-09-19 12:00:00+09:00,1357.0,1357.0,1346.0,1348.0,18900,0.0,0.0
2023-09-19 13:00:00+09:00,1346.0,1354.0,1345.0,1354.0,4400,0.0,0.0
2023-09-19 14:00:00+09:00,1353.0,1367.0,1353.0,1367.0,10200,0.0,0.0
2023-09-20 09:00:00+09:00,1368.0,1377.0,1357.0,1357.0,11900,0.0,0.0
2023-09-20 10:00:00+09:00,1354.0,1366.0,1353.0,1364.0,5600,0.0,0.0
2023-09-20 11:00:00+09:00,1362.0,1362.0,1358.0,1362.0,0,0.0,0.0
2023-09-20 12:00:00+09:00,1355.0,1367.0,1355.0,1359.0,21400,0.0,0.0
2023-09-20 13:00:00+09:00,1358.0,1365.0,1358.0,1363.0,3400,0.0,0.0
2023-09-20 14:00:00+09:00,1362.0,1364.0,1354.0,1354.0,8300,0.0,0.0
2023-09-21 09:00:00+09:00,1354.0,1356.0,1336.0,1340.0,7200,0.0,0.0
2023-09-21 10:00:00+09:00,1335.0,1338.0,1334.0,1336.0,2500,0.0,0.0
2023-09-21 11:00:00+09:00,1334.0,1336.0,1331.0,1331.0,0,0.0,0.0
2023-09-21 12:00:00+09:00,1331.0,1332.0,1328.0,1330.0,16700,0.0,0.0
2023-09-21 13:00:00+09:00,1329.0,1329.0,1313.0,1313.0,5200,0.0,0.0
2023-09-21 14:00:00+09:00,1314.0,1317.0,1308.0,1308.0,10000,0.0,0.0
2023-09-22 09:00:00+09:00,1293.0,1300.0,1286.0,1293.0,11900,0.0,0.0
2023-09-22 10:00:00+09:00,1294.0,1295.0,1290.0,1295.0,2500,0.0,0.0
2023-09-22 11:00:00+09:00,1294.0,1296.0,1292.0,1292.0,0,0.0,0.0
2023-09-22 12:00:00+09:00,1292.0,1301.0,1292.0,1299.0,19400,0.0,0.0
2023-09-22 13:00:00+09:00,1299.0,1299.0,1292.0,1295.0,5700,0.0,0.0
2023-09-22 14:00:00+09:00,1295.0,1303.0,1294.0,1295.0,6800,0.0,0.0
2023-09-25 09:00:00+09:00,1290.0,1290.0,1262.0,1282.0,10300,0.0,0.0
2023-09-25 10:00:00+09:00,1283.0,1294.0,1281.0,1292.0,2600,0.0,0.0
2023-09-25 11:00:00+09:00,1293.0,1295.0,1290.0,1294.0,0,0.0,0.0
2023-09-25 12:00:00+09:00,1295.0,1295.0,1287.0,1287.0,16700,0.0,0.0
2023-09-25 13:00:00+09:00,1285.0,1291.0,1284.0,1289.0,3100,0.0,0.0
2023-09-25 14:00:00+09:00,1290.0,1296.0,1288.0,1293.0,6600,0.0,0.0
2023-09-26 09:00:00+09:00,1285.0,1295.0,1275.0,1290.0,9500,0.0,0.0
2023-09-26 10:00:00+09:00,1292.0,1296.0,1287.0,1289.0,3100,0.0,0.0
2023-09-26 11:00:00+09:00,1293.0,1293.0,1285.0,1285.0,0,0.0,0.0
2023-09-26 12:00:00+09:00,1293.0,1300.0,1287.0,1296.0,19700,0.0,0.0
2023-09-26 13:00:00+09:00,1291.0,1291.0,1285.0,1285.0,3300,0.0,0.0
2023-09-26 14:00:00+09:00,1283.0,1286.0,1278.0,1279.0,10500,0.0,0.0
2023-09-27 09:00:00+09:00,1277.0,1282.0,1258.0,1268.0,13800,0.0,0.0
2023-09-27 10:00:00+09:00,1268.0,1277.0,1266.0,1274.0,4700,0.0,0.0
2023-09-27 11:00:00+09:00,1277.0,1277.0,1276.0,1276.0,0,0.0,0.0
2023-09-27 12:00:00+09:00,1275.0,1279.0,1275.0,1279.0,22200,0.0,0.0
2023-09-27 13:00:00+09:00,1280.0,1292.0,1279.0,1292.0,6000,0.0,0.0
2023-09-27 14:00:00+09:00,1293.0,1308.0,1292.0,1304.0,11300,0.0,0.0
2023-09-28 09:00:00+09:00,1300.0,1302.0,1275.0,1278.0,9600,0.0,0.0
2023-09-28 10:00:00+09:00,1279.0,1283.0,1279.0,1281.0,3000,0.0,0.0
2023-09-28 11:00:00+09:00,1280.0,1281.0,1275.0,1278.0,0,0.0,0.0
2023-09-28 12:00:00+09:00,1273.0,1276.0,1262.0,1268.0,23700,0.0,0.0
2023-09-28 13:00:00+09:00,1267.0,1271.0,1266.0,1270.0,4900,0.0,0.0
2023-09-28 14:00:00+09:00,1268.0,1288.0,1268.0,1278.0,21000,0.0,0.0
2023-09-29 09:00:00+09:00,1302.0,1302.0,1264.0,1267.0,17500,0.0,0.0
2023-09-29 10:00:00+09:00,1264.0,1268.0,1262.0,1264.0,2900,0.0,0.0
2023-09-29 11:00:00+09:00,1264.0,1264.0,1258.0,1261.0,0,0.0,0.0
2023-09-29 12:00:00+09:00,1261.0,1262.0,1260.0,1261.0,31600,0.0,0.0
2023-09-29 13:00:00+09:00,1260.0,1262.0,1224.0,1238.0,24700,0.0,0.0
2023-09-29 14:00:00+09:00,1239.0,1242.0,1223.0,1226.0,17500,0.0,0.0
2023-10-02 09:00:00+09:00,1215.0,1248.0,1207.0,1233.0,22700,0.0,0.0
2023-10-02 10:00:00+09:00,1233.0,1240.0,1230.0,1235.0,8500,0.0,0.0
2023-10-02 11:00:00+09:00,1235.0,1240.0,1232.0,1238.0,0,0.0,0.0
2023-10-02 12:00:00+09:00,1235.0,1240.0,1221.0,1226.0,54700,0.0,0.0
2023-10-02 13:00:00+09:00,1226.0,1244.0,1223.0,1233.0,13400,0.0,0.0
2023-10-02 14:00:00+09:00,1231.0,1241.0,1221.0,1232.0,55900,0.0,0.0
2023-10-03 09:00:00+09:00,1131.0,1156.0,1115.0,1138.0,109700,0.0,0.0
2023-10-03 10:00:00+09:00,1140.0,1142.0,1119.0,1119.0,32300,0.0,0.0
2023-10-03 11:00:00+09:00,1118.0,1124.0,1116.0,1117.0,0,0.0,0.0
2023-10-03 12:00:00+09:00,1117.0,1154.0,1114.0,1151.0,196000,0.0,0.0
2023-10-03 13:00:00+09:00,1150.0,1150.0,1114.0,1114.0,32500,0.0,0.0
2023-10-03 14:00:00+09:00,1115.0,1132.0,1114.0,1122.0,43000,0.0,0.0
2023-10-04 09:00:00+09:00,1119.0,1159.0,1113.0,1118.0,43800,0.0,0.0
2023-10-04 10:00:00+09:00,1119.0,1130.0,1114.0,1124.0,14800,0.0,0.0
2023-10-04 11:00:00+09:00,1123.0,1135.0,1120.0,1135.0,0,0.0,0.0
2023-10-04 12:00:00+09:00,1151.0,1151.0,1121.0,1125.0,75800,0.0,0.0
2023-10-04 13:00:00+09:00,1122.0,1140.0,1116.0,1137.0,16400,0.0,0.0
2023-10-04 14:00:00+09:00,1134.0,1135.0,1117.0,1121.0,32000,0.0,0.0
2023-10-05 09:00:00+09:00,1125.0,1180.0,1125.0,1161.0,0,0.0,0.0
2023-10-05 10:00:00+09:00,1161.0,1178.0,1158.0,1169.0,62000,0.0,0.0
2023-10-05 11:00:00+09:00,1167.0,1167.0,1159.0,1166.0,0,0.0,0.0
2023-10-05 12:00:00+09:00,1170.0,1180.0,1167.0,1170.0,85600,0.0,0.0
2023-10-05 13:00:00+09:00,1169.0,1173.0,1162.0,1166.0,18500,0.0,0.0
2023-10-05 14:00:00+09:00,1167.0,1182.0,1165.0,1180.0,19800,0.0,0.0
2023-10-06 09:00:00+09:00,1186.0,1239.0,1179.0,1220.0,29600,0.0,0.0
2023-10-06 10:00:00+09:00,1220.0,1224.0,1199.0,1202.0,16300,0.0,0.0
2023-10-06 11:00:00+09:00,1201.0,1201.0,1194.0,1195.0,0,0.0,0.0
2023-10-06 12:00:00+09:00,1195.0,1199.0,1191.0,1198.0,52800,0.0,0.0
2023-10-06 13:00:00+09:00,1199.0,1203.0,1191.0,1194.0,8300,0.0,0.0
2023-10-06 14:00:00+09:00,1193.0,1193.0,1184.0,1190.0,15600,0.0,0.0
2023-10-10 09:00:00+09:00,1192.0,1205.0,1154.0,1163.0,39800,0.0,0.0
2023-10-10 10:00:00+09:00,1161.0,1175.0,1160.0,1167.0,8900,0.0,0.0
2023-10-10 11:00:00+09:00,1167.0,1170.0,1166.0,1166.0,0,0.0,0.0
2023-10-10 12:00:00+09:00,1162.0,1183.0,1162.0,1182.0,60400,0.0,0.0
2023-10-10 13:00:00+09:00,1182.0,1182.0,1168.0,1176.0,12600,0.0,0.0
2023-10-10 14:00:00+09:00,1176.0,1178.0,1171.0,1177.0,19300,0.0,0.0
2023-10-11 09:00:00+09:00,1183.0,1183.0,1156.0,1156.0,17300,0.0,0.0
2023-10-11 10:00:00+09:00,1156.0,1173.0,1152.0,1170.0,4600,0.0,0.0
2023-10-11 11:00:00+09:00,1171.0,1172.0,1168.0,1169.0,0,0.0,0.0
2023-10-11 12:00:00+09:00,1169.0,1171.0,1168.0,1169.0,28000,0.0,0.0
2023-10-11 13:00:00+09:00,1169.0,1173.0,1163.0,1165.0,9900,0.0,0.0
2023-10-11 14:00:00+09:00,1165.0,1166.0,1157.0,1161.0,13200,0.0,0.0
2023-10-12 09:00:00+09:00,1168.0,1176.0,1155.0,1167.0,13900,0.0,0.0
2023-10-12 10:00:00+09:00,1166.0,1172.0,1159.0,1171.0,15600,0.0,0.0
2023-10-12 11:00:00+09:00,1172.0,1176.0,1166.0,1169.0,0,0.0,0.0
2023-10-12 12:00:00+09:00,1166.0,1174.0,1161.0,1166.0,58900,0.0,0.0
2023-10-12 13:00:00+09:00,1167.0,1167.0,1160.0,1161.0,23700,0.0,0.0
2023-10-12 14:00:00+09:00,1161.0,1173.0,1161.0,1173.0,49200,0.0,0.0
2023-10-13 09:00:00+09:00,1175.0,1181.0,1153.0,1164.0,15500,0.0,0.0
2023-10-13 10:00:00+09:00,1164.0,1176.0,1164.0,1176.0,5400,0.0,0.0
2023-10-13 11:00:00+09:00,1176.0,1177.0,1167.0,1170.0,0,0.0,0.0
2023-10-13 12:00:00+09:00,1169.0,1170.0,1157.0,1161.0,27700,0.0,0.0
2023-10-13 13:00:00+09:00,1159.0,1165.0,1156.0,1156.0,5300,0.0,0.0
2023-10-13 14:00:00+09:00,1157.0,1160.0,1148.0,1149.0,12500,0.0,0.0
2023-10-16 09:00:00+09:00,1140.0,1140.0,1119.0,1120.0,12300,0.0,0.0
2023-10-16 10:00:00+09:00,1119.0,1121.0,1114.0,1114.0,8100,0.0,0.0
2023-10-16 11:00:00+09:00,1113.0,1115.0,1110.0,1115.0,0,0.0,0.0
2023-10-16 12:00:00+09:00,1105.0,1110.0,1095.0,1110.0,44800,0.0,0.0
2023-10-16 13:00:00+09:00,1110.0,1113.0,1104.0,1112.0,0,0.0,0.0
2023-10-16 14:00:00+09:00,1111.0,1113.0,1108.0,1113.0,63600,0.0,0.0
2023-10-17 09:00:00+09:00,1134.0,1134.0,1114.0,1114.0,3400,0.0,0.0
2023-10-17 10:00:00+09:00,1117.0,1124.0,1114.0,1121.0,7000,0.0,0.0
2023-10-17 11:00:00+09:00,1120.0,1120.0,1111.0,1115.0,0,0.0,0.0
2023-10-17 12:00:00+09:00,1111.0,1119.0,1111.0,1119.0,24000,0.0,0.0
2023-10-17 13:00:00+09:00,1120.0,1120.0,1112.0,1115.0,4900,0.0,0.0
2023-10-17 14:00:00+09:00,1114.0,1123.0,1114.0,1123.0,7300,0.0,0.0
2023-10-18 09:00:00+09:00,1121.0,1131.0,1112.0,1126.0,5800,0.0,0.0
2023-10-18 10:00:00+09:00,1127.0,1127.0,1124.0,1126.0,2100,0.0,0.0
2023-10-18 11:00:00+09:00,1127.0,1130.0,1127.0,1127.0,0,0.0,0.0
2023-10-18 12:00:00+09:00,1127.0,1128.0,1126.0,1128.0,14400,0.0,0.0
2023-10-18 13:00:00+09:00,1129.0,1151.0,1129.0,1146.0,9800,0.0,0.0
2023-10-18 14:00:00+09:00,1146.0,1155.0,1146.0,1155.0,9800,0.0,0.0
2023-10-19 09:00:00+09:00,1131.0,1140.0,1131.0,1135.0,4100,0.0,0.0
2023-10-19 10:00:00+09:00,1139.0,1140.0,1133.0,1140.0,5000,0.0,0.0
2023-10-19 11:00:00+09:00,1138.0,1142.0,1138.0,1142.0,0,0.0,0.0
2023-10-19 12:00:00+09:00,1143.0,1144.0,1139.0,1144.0,14300,0.0,0.0
2023-10-19 13:00:00+09:00,1144.0,1149.0,1143.0,1149.0,2200,0.0,0.0
2023-10-19 14:00:00+09:00,1150.0,1152.0,1147.0,1149.0,7400,0.0,0.0
2023-10-20 09:00:00+09:00,1155.0,1159.0,1143.0,1148.0,6100,0.0,0.0
2023-10-20 10:00:00+09:00,1149.0,1151.0,1143.0,1150.0,2800,0.0,0.0
2023-10-20 11:00:00+09:00,1149.0,1150.0,1149.0,1150.0,0,0.0,0.0
2023-10-20 12:00:00+09:00,1145.0,1154.0,1145.0,1151.0,13700,0.0,0.0
2023-10-20 13:00:00+09:00,1150.0,1159.0,1148.0,1157.0,5100,0.0,0.0
2023-10-20 14:00:00+09:00,1157.0,1158.0,1154.0,1154.0,4100,0.0,0.0
2023-10-23 09:00:00+09:00,1152.0,1167.0,1152.0,1158.0,3000,0.0,0.0
2023-10-23 10:00:00+09:00,1159.0,1170.0,1159.0,1169.0,3900,0.0,0.0
2023-10-23 11:00:00+09:00,1168.0,1169.0,1167.0,1169.0,0,0.0,0.0
2023-10-23 12:00:00+09:00,1169.0,1179.0,1169.0,1173.0,21100,0.0,0.0
2023-10-23 13:00:00+09:00,1178.0,1181.0,1174.0,1178.0,5500,0.0,0.0
2023-10-23 14:00:00+09:00,1177.0,1191.0,1177.0,1185.0,12700,0.0,0.0
2023-10-24 09:00:00+09:00,1184.0,1191.0,1150.0,1154.0,8200,0.0,0.0
2023-10-24 10:00:00+09:00,1155.0,1159.0,1145.0,1159.0,5200,0.0,0.0
2023-10-24 11:00:00+09:00,1160.0,1173.0,1158.0,1170.0,0,0.0,0.0
2023-10-24 12:00:00+09:00,1173.0,1175.0,1164.0,1167.0,19100,0.0,0.0
2023-10-24 13:00:00+09:00,1169.0,1178.0,1169.0,1178.0,6800,0.0,0.0
2023-10-24 14:00:00+09:00,1176.0,1185.0,1176.0,1185.0,9500,0.0,0.0
2023-10-25 09:00:00+09:00,1170.0,1214.0,1170.0,1210.0,8300,0.0,0.0
2023-10-25 10:00:00+09:00,1210.0,1226.0,1210.0,1226.0,7300,0.0,0.0
2023-10-25 11:00:00+09:00,1222.0,1224.0,1220.0,1224.0,0,0.0,0.0
2023-10-25 12:00:00+09:00,1224.0,1230.0,1223.0,1226.0,20900,0.0,0.0
2023-10-25 13:00:00+09:00,1225.0,1225.0,1214.0,1215.0,2100,0.0,0.0
2023-10-25 14:00:00+09:00,1213.0,1216.0,1204.0,1208.0,9600,0.0,0.0
2023-10-26 09:00:00+09:00,1202.0,1214.0,1193.0,1193.0,0,0.0,0.0
2023-10-26 10:00:00+09:00,1195.0,1212.0,1191.0,1207.0,19100,0.0,0.0
2023-10-26 11:00:00+09:00,1205.0,1205.0,1197.0,1200.0,0,0.0,0.0
2023-10-26 12:00:00+09:00,1192.0,1212.0,1191.0,1194.0,25300,0.0,0.0
2023-10-26 13:00:00+09:00,1194.0,1195.0,1185.0,1189.0,4100,0.0,0.0
2023-10-26 14:00:00+09:00,1188.0,1192.0,1185.0,1192.0,4600,0.0,0.0
2023-10-27 09:00:00+09:00,1212.0,1225.0,1208.0,1225.0,6300,0.0,0.0
2023-10-27 10:00:00+09:00,1224.0,1232.0,1223.0,1232.0,5300,0.0,0.0
2023-10-27 11:00:00+09:00,1232.0,1235.0,1232.0,1235.0,0,0.0,0.0
2023-10-27 12:00:00+09:00,1240.0,1243.0,1232.0,1235.0,16100,0.0,0.0
2023-10-27 13:00:00+09:00,1236.0,1246.0,1236.0,1245.0,4100,0.0,0.0
2023-10-27 14:00:00+09:00,1244.0,1260.0,1241.0,1260.0,10200,0.0,0.0
2023-10-30 09:00:00+09:00,1249.0,1254.0,1236.0,1240.0,6200,0.0,0.0
2023-10-30 10:00:00+09:00,1242.0,1249.0,1239.0,1240.0,3900,0.0,0.0
2023-10-30 11:00:00+09:00,1240.0,1242.0,1236.0,1241.0,0,0.0,0.0
2023-10-30 12:00:00+09:00,1238.0,1249.0,1238.0,1246.0,19000,0.0,0.0
2023-10-30 13:00:00+09:00,1245.0,1249.0,1241.0,1245.0,5600,0.0,0.0
2023-10-30 14:00:00+09:00,1247.0,1270.0,1247.0,1265.0,24700,0.0,0.0
2023-10-31 09:00:00+09:00,1280.0,1291.0,1274.0,1277.0,14300,0.0,0.0
2023-10-31 10:00:00+09:00,1275.0,1290.0,1270.0,1286.0,6400,0.0,0.0
2023-10-31 11:00:00+09:00,1283.0,1283.0,1273.0,1280.0,0,0.0,0.0
2023-10-31 12:00:00+09:00,1280.0,1297.0,1274.0,1295.0,33100,0.0,0.0
2023-10-31 13:00:00+09:00,1294.0,1303.0,1291.0,1293.0,14800,0.0,0.0
2023-10-31 14:00:00+09:00,1291.0,1302.0,1289.0,1302.0,9600,0.0,0.0
2023-11-01 09:00:00+09:00,1319.0,1320.0,1291.0,1310.0,13300,0.0,0.0
2023-11-01 10:00:00+09:00,1313.0,1318.0,1302.0,1309.0,8600,0.0,0.0
2023-11-01 11:00:00+09:00,1308.0,1309.0,1307.0,1307.0,0,0.0,0.0
2023-11-01 12:00:00+09:00,1320.0,1320.0,1308.0,1312.0,40200,0.0,0.0
2023-11-01 13:00:00+09:00,1312.0,1318.0,1309.0,1317.0,0,0.0,0.0
2023-11-01 14:00:00+09:00,1318.0,1334.0,1317.0,1334.0,60000,0.0,0.0
2023-11-02 09:00:00+09:00,1343.0,1354.0,1330.0,1345.0,11600,0.0,0.0
2023-11-02 10:00:00+09:00,1345.0,1345.0,1329.0,1335.0,3400,0.0,0.0
2023-11-02 11:00:00+09:00,1338.0,1343.0,1338.0,1341.0,0,0.0,0.0
2023-11-02 12:00:00+09:00,1341.0,1350.0,1341.0,1350.0,22400,0.0,0.0
2023-11-02 13:00:00+09:00,1352.0,1357.0,1347.0,1348.0,5900,0.0,0.0
2023-11-02 14:00:00+09:00,1349.0,1363.0,1349.0,1363.0,13900,0.0,0.0
2023-11-06 09:00:00+09:00,1381.0,1410.0,1372.0,1392.0,21400,0.0,0.0
2023-11-06 10:00:00+09:00,1390.0,1395.0,1373.0,1376.0,9900,0.0,0.0
2023-11-06 11:00:00+09:00,1376.0,1383.0,1373.0,1375.0,0,0.0,0.0
2023-11-06 12:00:00+09:00,1373.0,1388.0,1373.0,1388.0,46100,0.0,0.0
2023-11-06 13:00:00+09:00,1388.0,1390.0,1377.0,1380.0,11200,0.0,0.0
2023-11-06 14:00:00+09:00,1380.0,1387.0,1374.0,1384.0,16200,0.0,0.0
2023-11-07 09:00:00+09:00,1388.0,1413.0,1385.0,1410.0,15700,0.0,0.0
2023-11-07 10:00:00+09:00,1409.0,1415.0,1399.0,1399.0,7600,0.0,0.0
2023-11-07 11:00:00+09:00,1397.0,1399.0,1395.0,1395.0,0,0.0,0.0
2023-11-07 12:00:00+09:00,1390.0,1410.0,1390.0,1401.0,39700,0.0,0.0
2023-11-07 13:00:00+09:00,1401.0,1401.0,1395.0,1396.0,4600,0.0,0.0
2023-11-07 14:00:00+09:00,1397.0,1403.0,1394.0,1396.0,8800,0.0,0.0
2023-11-08 09:00:00+09:00,1395.0,1406.0,1363.0,1370.0,10200,0.0,0.0
2023-11-08 10:00:00+09:00,1373.0,1377.0,1367.0,1371.0,4500,0.0,0.0
2023-11-08 11:00:00+09:00,1366.0,1370.0,1353.0,1353.0,0,0.0,0.0
2023-11-08 12:00:00+09:00,1352.0,1352.0,1342.0,1346.0,21100,0.0,0.0
2023-11-08 13:00:00+09:00,1345.0,1367.0,1342.0,1365.0,5300,0.0,0.0
2023-11-08 14:00:00+09:00,1363.0,1369.0,1357.0,1358.0,6300,0.0,0.0
2023-11-09 09:00:00+09:00,1360.0,1382.0,1354.0,1378.0,8800,0.0,0.0
2023-11-09 10:00:00+09:00,1379.0,1385.0,1376.0,1376.0,2300,0.0,0.0
2023-11-09 11:00:00+09:00,1373.0,1378.0,1373.0,1375.0,0,0.0,0.0
2023-11-09 12:00:00+09:00,1376.0,1380.0,1375.0,1376.0,13600,0.0,0.0
2023-11-09 13:00:00+09:00,1381.0,1384.0,1378.0,1383.0,2200,0.0,0.0
2023-11-09 14:00:00+09:00,1383.0,1391.0,1382.0,1388.0,9100,0.0,0.0
2023-11-10 09:00:00+09:00,1390.0,1400.0,1362.0,1376.0,11300,0.0,0.0
2023-11-10 10:00:00+09:00,1377.0,1381.0,1372.0,1372.0,3200,0.0,0.0
2023-11-10 11:00:00+09:00,1371.0,1376.0,1370.0,1374.0,0,0.0,0.0
2023-11-10 12:00:00+09:00,1374.0,1374.0,1367.0,1367.0,19700,0.0,0.0
2023-11-10 13:00:00+09:00,1367.0,1374.0,1366.0,1372.0,0,0.0,0.0
2023-11-10 14:00:00+09:00,1375.0,1378.0,1369.0,1373.0,28600,0.0,0.0
2023-11-13 09:00:00+09:00,1390.0,1405.0,1380.0,1403.0,12200,0.0,0.0
2023-11-13 10:00:00+09:00,1402.0,1404.0,1397.0,1399.0,2400,0.0,0.0
2023-11-13 11:00:00+09:00,1402.0,1408.0,1402.0,1407.0,0,0.0,0.0
2023-11-13 12:00:00+09:00,1407.0,1409.0,1402.0,1404.0,24100,0.0,0.0
2023-11-13 13:00:00+09:00,1406.0,1411.0,1405.0,1408.0,6700,0.0,0.0
2023-11-13 14:00:00+09:00,1409.0,1437.0,1409.0,1432.0,30000,0.0,0.0
2023-11-14 09:00:00+09:00,1443.0,1443.0,1429.0,1430.0,11300,0.0,0.0
2023-11-14 10:00:00+09:00,1430.0,1443.0,1429.0,1429.0,6500,0.0,0.0
2023-11-14 11:00:00+09:00,1431.0,1431.0,1423.0,1423.0,0,0.0,0.0
2023-11-14 12:00:00+09:00,1425.0,1430.0,1423.0,1427.0,23400,0.0,0.0
2023-11-14 13:00:00+09:00,1426.0,1430.0,1420.0,1428.0,4700,0.0,0.0
2023-11-14 14:00:00+09:00,1428.0,1430.0,1424.0,1424.0,4200,0.0,0.0
2023-11-15 09:00:00+09:00,1434.0,1439.0,1425.0,1427.0,8200,0.0,0.0
2023-11-15 10:00:00+09:00,1428.0,1431.0,1423.0,1423.0,4700,0.0,0.0
2023-11-15 11:00:00+09:00,1420.0,1427.0,1419.0,1427.0,0,0.0,0.0
2023-11-15 12:00:00+09:00,1428.0,1447.0,1426.0,1443.0,25800,0.0,0.0
2023-11-15 13:00:00+09:00,1445.0,1449.0,1440.0,1440.0,5700,0.0,0.0
2023-11-15 14:00:00+09:00,1441.0,1446.0,1440.0,1442.0,4400,0.0,0.0
2023-11-16 09:00:00+09:00,1429.0,1432.0,1385.0,1405.0,0,0.0,0.0
2023-11-16 10:00:00+09:00,1405.0,1412.0,1399.0,1407.0,18000,0.0,0.0
2023-11-16 11:00:00+09:00,1405.0,1413.0,1403.0,1408.0,0,0.0,0.0
2023-11-16 12:00:00+09:00,1406.0,1408.0,1395.0,1395.0,25900,0.0,0.0
2023-11-16 13:00:00+09:00,1392.0,1397.0,1390.0,1394.0,1900,0.0,0.0
2023-11-16 14:00:00+09:00,1394.0,1396.0,1383.0,1384.0,4500,0.0,0.0
2023-11-17 09:00:00+09:00,1385.0,1408.0,1385.0,1408.0,9200,0.0,0.0
2023-11-17 10:00:00+09:00,1405.0,1405.0,1395.0,1395.0,1700,0.0,0.0
2023-11-17 11:00:00+09:00,1394.0,1394.0,1393.0,1393.0,0,0.0,0.0
2023-11-17 12:00:00+09:00,1397.0,1403.0,1395.0,1395.0,15400,0.0,0.0
2023-11-17 13:00:00+09:00,1394.0,1394.0,1386.0,1386.0,2000,0.0,0.0
2023-11-17 14:00:00+09:00,1388.0,1389.0,1382.0,1385.0,3800,0.0,0.0
2023-11-20 09:00:00+09:00,1383.0,1385.0,1351.0,1371.0,11400,0.0,0.0
2023-11-20 10:00:00+09:00,1369.0,1376.0,1360.0,1376.0,3300,0.0,0.0
2023-11-20 11:00:00+09:00,1374.0,1374.0,1367.0,1367.0,0,0.0,0.0
2023-11-20 12:00:00+09:00,1372.0,1372.0,1364.0,1364.0,18800,0.0,0.0
2023-11-20 13:00:00+09:00,1364.0,1368.0,1362.0,1368.0,900,0.0,0.0
2023-11-20 14:00:00+09:00,1365.0,1366.0,1357.0,1357.0,3600,0.0,0.0
2023-11-21 09:00:00+09:00,1373.0,1384.0,1372.0,1373.0,3200,0.0,0.0
2023-11-21 10:00:00+09:00,1372.0,1384.0,1371.0,1381.0,3000,0.0,0.0
2023-11-21 11:00:00+09:00,1382.0,1391.0,1379.0,1388.0,0,0.0,0.0
2023-11-21 12:00:00+09:00,1392.0,1393.0,1391.0,1392.0,9900,0.0,0.0
2023-11-21 13:00:00+09:00,1393.0,1396.0,1393.0,1395.0,1300,0.0,0.0
2023-11-21 14:00:00+09:00,1394.0,1406.0,1392.0,1404.0,10800,0.0,0.0
2023-11-22 09:00:00+09:00,1404.0,1435.0,1400.0,1434.0,8500,0.0,0.0
2023-11-22 10:00:00+09:00,1431.0,1432.0,1422.0,1428.0,2900,0.0,0.0
2023-11-22 11:00:00+09:00,1428.0,1429.0,1427.0,1429.0,0,0.0,0.0
2023-11-22 12:00:00+09:00,1429.0,1429.0,1425.0,1425.0,13200,0.0,0.0
2023-11-22 13:00:00+09:00,1425.0,1428.0,1422.0,1423.0,2000,0.0,0.0
2023-11-22 14:00:00+09:00,1426.0,1428.0,1421.0,1423.0,0,0.0,0.0
2023-11-24 09:00:00+09:00,1420.0,1439.0,1420.0,1437.0,6000,0.0,0.0
2023-11-24 10:00:00+09:00,1437.0,1439.0,1433.0,1434.0,2400,0.0,0.0
2023-11-24 11:00:00+09:00,1433.0,1433.0,1431.0,1433.0,0,0.0,0.0
2023-11-24 12:00:00+09:00,1433.0,1433.0,1429.0,1429.0,10100,0.0,0.0
2023-11-24 13:00:00+09:00,1430.0,1430.0,1418.0,1418.0,2100,0.0,0.0
2023-11-24 14:00:00+09:00,1419.0,1424.0,1417.0,1419.0,5600,0.0,0.0
2023-11-27 09:00:00+09:00,1430.0,1450.0,1428.0,1443.0,8100,0.0,0.0
2023-11-27 10:00:00+09:00,1444.0,1445.0,1433.0,1433.0,2800,0.0,0.0
2023-11-27 11:00:00+09:00,1431.0,1441.0,1431.0,1435.0,0,0.0,0.0
2023-11-27 12:00:00+09:00,1435.0,1443.0,1435.0,1440.0,16300,0.0,0.0
2023-11-27 13:00:00+09:00,1436.0,1443.0,1435.0,1442.0,3200,0.0,0.0
2023-11-27 14:00:00+09:00,1439.0,1447.0,1439.0,1447.0,4400,0.0,0.0
2023-11-28 09:00:00+09:00,1447.0,1475.0,1447.0,1465.0,0,0.0,0.0
2023-11-28 10:00:00+09:00,1465.0,1469.0,1463.0,1466.0,16200,0.0,0.0
2023-11-28 11:00:00+09:00,1467.0,1467.0,1462.0,1462.0,0,0.0,0.0
2023-11-28 12:00:00+09:00,1462.0,1466.0,1457.0,1457.0,22100,0.0,0.0
2023-11-28 13:00:00+09:00,1457.0,1459.0,1450.0,1458.0,5100,0.0,0.0
2023-11-28 14:00:00+09:00,1459.0,1462.0,1454.0,1458.0,11300,0.0,0.0
2023-11-29 09:00:00+09:00,1461.0,1465.0,1420.0,1424.0,3500,0.0,0.0
2023-11-29 10:00:00+09:00,1425.0,1433.0,1421.0,1426.0,3400,0.0,0.0
2023-11-29 11:00:00+09:00,1427.0,1439.0,1425.0,1436.0,0,0.0,0.0
2023-11-29 12:00:00+09:00,1442.0,1442.0,1435.0,1437.0,11900,0.0,0.0
2023-11-29 13:00:00+09:00,1435.0,1435.0,1429.0,1429.0,1800,0.0,0.0
2023-11-29 14:00:00+09:00,1427.0,1440.0,1421.0,1435.0,8900,0.0,0.0
2023-11-30 09:00:00+09:00,1442.0,1447.0,1432.0,1442.0,6400,0.0,0.0
2023-11-30 10:00:00+09:00,1447.0,1448.0,1440.0,1440.0,1400,0.0,0.0
2023-11-30 11:00:00+09:00,1440.0,1443.0,1424.0,1424.0,0,0.0,0.0
2023-11-30 12:00:00+09:00,1426.0,1427.0,1422.0,1423.0,11500,0.0,0.0
2023-11-30 13:00:00+09:00,1421.0,1430.0,1421.0,1430.0,700,0.0,0.0
2023-11-30 14:00:00+09:00,1430.0,1433.0,1422.0,1428.0,0,0.0,0.0
2023-12-01 09:00:00+09:00,1438.0,1438.0,1412.0,1426.0,0,0.0,0.0
2023-12-01 10:00:00+09:00,1423.0,1426.0,1414.0,1414.0,9300,0.0,0.0
2023-12-01 11:00:00+09:00,1414.0,1414.0,1414.0,1414.0,0,0.0,0.0
2023-12-01 12:00:00+09:00,1419.0,1423.0,1415.0,1417.0,11400,0.0,0.0
2023-12-01 13:00:00+09:00,1415.0,1418.0,1411.0,1411.0,2400,0.0,0.0
2023-12-01 14:00:00+09:00,1410.0,1418.0,1402.0,1406.0,10200,0.0,0.0
2023-12-04 09:00:00+09:00,1415.0,1422.0,1410.0,1411.0,2800,0.0,0.0
2023-12-04 10:00:00+09:00,1416.0,1427.0,1408.0,1420.0,9800,0.0,0.0
2023-12-04 11:00:00+09:00,1423.0,1423.0,1419.0,1419.0,0,0.0,0.0
2023-12-04 12:00:00+09:00,1409.0,1424.0,1409.0,1424.0,15700,0.0,0.0
2023-12-04 13:00:00+09:00,1425.0,1427.0,1422.0,1427.0,1800,0.0,0.0
2023-12-04 14:00:00+09:00,1430.0,1430.0,1421.0,1421.0,4700,0.0,0.0
2023-12-05 09:00:00+09:00,1417.0,1440.0,1417.0,1440.0,12800,0.0,0.0
2023-12-05 10:00:00+09:00,1435.0,1438.0,1429.0,1429.0,2700,0.0,0.0
2023-12-05 11:00:00+09:00,1431.0,1433.0,1427.0,1427.0,0,0.0,0.0
2023-12-05 12:00:00+09:00,1438.0,1438.0,1429.0,1430.0,17300,0.0,0.0
2023-12-05 13:00:00+09:00,1430.0,1430.0,1403.0,1403.0,4000,0.0,0.0
2023-12-05 14:00:00+09:00,1405.0,1405.0,1394.0,1399.0,6700,0.0,0.0
2023-12-06 09:00:00+09:00,1395.0,1422.0,1395.0,1408.0,2900,0.0,0.0
2023-12-06 10:00:00+09:00,1407.0,1412.0,1400.0,1401.0,2400,0.0,0.0
2023-12-06 11:00:00+09:00,1402.0,1402.0,1393.0,1396.0,0,0.0,0.0
2023-12-06 12:00:00+09:00,1403.0,1403.0,1398.0,1398.0,8800,0.0,0.0
2023-12-06 13:00:00+09:00,1399.0,1403.0,1398.0,1403.0,4300,0.0,0.0
2023-12-06 14:00:00+09:00,1404.0,1421.0,1403.0,1413.0,10800,0.0,0.0
2023-12-07 09:00:00+09:00,1399.0,1409.0,1390.0,1409.0,11700,0.0,0.0
2023-12-07 10:00:00+09:00,1403.0,1406.0,1402.0,1404.0,900,0.0,0.0
2023-12-07 11:00:00+09:00,1404.0,1407.0,1401.0,1407.0,0,0.0,0.0
2023-12-07 12:00:00+09:00,1404.0,1412.0,1404.0,1412.0,15300,0.0,0.0
2023-12-07 13:00:00+09:00,1415.0,1417.0,1412.0,1416.0,1500,0.0,0.0
2023-12-07 14:00:00+09:00,1419.0,1432.0,1416.0,1427.0,8100,0.0,0.0
2023-12-08 09:00:00+09:00,1422.0,1428.0,1415.0,1424.0,8500,0.0,0.0
2023-12-08 10:00:00+09:00,1417.0,1427.0,1399.0,1427.0,8200,0.0,0.0
2023-12-08 11:00:00+09:00,1428.0,1430.0,1422.0,1428.0,0,0.0,0.0
2023-12-08 12:00:00+09:00,1431.0,1431.0,1422.0,1422.0,20000,0.0,0.0
2023-12-08 13:00:00+09:00,1425.0,1430.0,1422.0,1422.0,1000,0.0,0.0
2023-12-08 14:00:00+09:00,1425.0,1425.0,1413.0,1419.0,5000,0.0,0.0
2023-12-11 09:00:00+09:00,1417.0,1445.0,1411.0,1445.0,3400,0.0,0.0
2023-12-11 10:00:00+09:00,1447.0,1459.0,1435.0,1444.0,6600,0.0,0.0
2023-12-11 11:00:00+09:00,1449.0,1450.0,1441.0,1449.0,0,0.0,0.0
2023-12-11 12:00:00+09:00,1449.0,1456.0,1441.0,1453.0,22000,0.0,0.0
2023-12-11 13:00:00+09:00,1449.0,1455.0,1449.0,1452.0,2300,0.0,0.0
2023-12-11 14:00:00+09:00,1452.0,1460.0,1451.0,1460.0,6000,0.0,0.0
2023-12-12 09:00:00+09:00,1460.0,1475.0,1445.0,1457.0,19100,0.0,0.0
2023-12-12 10:00:00+09:00,1454.0,1458.0,1443.0,1443.0,4200,0.0,0.0
2023-12-12 11:00:00+09:00,1445.0,1448.0,1442.0,1442.0,0,0.0,0.0
2023-12-12 12:00:00+09:00,1469.0,1469.0,1448.0,1450.0,27500,0.0,0.0
2023-12-12 13:00:00+09:00,1449.0,1458.0,1448.0,1452.0,5900,0.0,0.0
2023-12-12 14:00:00+09:00,1450.0,1455.0,1447.0,1452.0,3100,0.0,0.0
2023-12-13 09:00:00+09:00,1455.0,1480.0,1443.0,1476.0,15900,0.0,0.0
2023-12-13 10:00:00+09:00,1476.0,1479.0,1472.0,1477.0,3500,0.0,0.0
2023-12-13 11:00:00+09:00,1474.0,1479.0,1473.0,1474.0,0,0.0,0.0
2023-12-13 12:00:00+09:00,1474.0,1482.0,1473.0,1473.0,24200,0.0,0.0
2023-12-13 13:00:00+09:00,1474.0,1474.0,1464.0,1467.0,4600,0.0,0.0
2023-12-13 14:00:00+09:00,1468.0,1472.0,1466.0,1468.0,4300,0.0,0.0
2023-12-14 09:00:00+09:00,1469.0,1469.0,1448.0,1450.0,4700,0.0,0.0
2023-12-14 10:00:00+09:00,1449.0,1449.0,1441.0,1441.0,2100,0.0,0.0
2023-12-14 11:00:00+09:00,1440.0,1440.0,1435.0,1435.0,0,0.0,0.0
2023-12-14 12:00:00+09:00,1420.0,1429.0,1413.0,1418.0,10600,0.0,0.0
2023-12-14 13:00:00+09:00,1417.0,1419.0,1407.0,1416.0,6900,0.0,0.0
2023-12-14 14:00:00+09:00,1415.0,1418.0,1408.0,1411.0,10600,0.0,0.0
2023-12-15 09:00:00+09:00,1409.0,1429.0,1387.0,1387.0,8500,0.0,0.0
2023-12-15 10:00:00+09:00,1388.0,1388.0,1365.0,1376.0,7800,0.0,0.0
2023-12-15 11:00:00+09:00,1377.0,1377.0,1366.0,1372.0,0,0.0,0.0
2023-12-15 12:00:00+09:00,1374.0,1374.0,1365.0,1365.0,24600,0.0,0.0
2023-12-15 13:00:00+09:00,1365.0,1365.0,1349.0,1349.0,3200,0.0,0.0
2023-12-15 14:00:00+09:00,1355.0,1358.0,1342.0,1344.0,8900,0.0,0.0
2023-12-18 09:00:00+09:00,1340.0,1340.0,1317.0,1329.0,5400,0.0,0.0
2023-12-18 10:00:00+09:00,1331.0,1339.0,1330.0,1336.0,3300,0.0,0.0
2023-12-18 11:00:00+09:00,1336.0,1336.0,1335.0,1335.0,0,0.0,0.0
2023-12-18 12:00:00+09:00,1321.0,1334.0,1321.0,1334.0,10500,0.0,0.0
2023-12-18 13:00:00+09:00,1334.0,1340.0,1334.0,1339.0,1000,0.0,0.0
2023-12-18 14:00:00+09:00,1342.0,1352.0,1342.0,1351.0,6000,0.0,0.0
2023-12-19 09:00:00+09:00,1365.0,1391.0,1362.0,1386.0,10200,0.0,0.0
2023-12-19 10:00:00+09:00,1385.0,1387.0,1375.0,1375.0,2700,0.0,0.0
2023-12-19 11:00:00+09:00,1378.0,1385.0,1376.0,1376.0,0,0.0,0.0
2023-12-19 12:00:00+09:00,1388.0,1397.0,1388.0,1394.0,21000,0.0,0.0
2023-12-19 13:00:00+09:00,1393.0,1394.0,1384.0,1390.0,0,0.0,0.0
2023-12-19 14:00:00+09:00,1389.0,1403.0,1389.0,1403.0,34200,0.0,0.0
2023-12-20 09:00:00+09:00,1423.0,1457.0,1423.0,1455.0,6900,0.0,0.0
2023-12-20 10:00:00+09:00,1451.0,1456.0,1429.0,1431.0,6900,0.0,0.0
2023-12-20 11:00:00+09:00,1435.0,1447.0,1435.0,1440.0,0,0.0,0.0
2023-12-20 12:00:00+09:00,1445.0,1448.0,1440.0,1441.0,20200,0.0,0.0
2023-12-20 13:00:00+09:00,1440.0,1441.0,1413.0,1414.0,7300,0.0,0.0
2023-12-20 14:00:00+09:00,1414.0,1421.0,1413.0,1416.0,7400,0.0,0.0
2023-12-21 09:00:00+09:00,1410.0,1415.0,1386.0,1405.0,7200,0.0,0.0
2023-12-21 10:00:00+09:00,1411.0,1419.0,1402.0,1402.0,5500,0.0,0.0
2023-12-21 11:00:00+09:00,1402.0,1405.0,1399.0,1402.0,0,0.0,0.0
2023-12-21 12:00:00+09:00,1405.0,1409.0,1402.0,1403.0,17600,0.0,0.0
2023-12-21 13:00:00+09:00,1404.0,1406.0,1402.0,1403.0,2500,0.0,0.0
2023-12-21 14:00:00+09:00,1406.0,1412.0,1406.0,1411.0,5200,0.0,0.0
2023-12-22 09:00:00+09:00,1408.0,1427.0,1404.0,1404.0,3400,0.0,0.0
2023-12-22 10:00:00+09:00,1408.0,1415.0,1404.0,1415.0,1700,0.0,0.0
2023-12-22 11:00:00+09:00,1415.0,1417.0,1415.0,1417.0,0,0.0,0.0
2023-12-22 12:00:00+09:00,1428.0,1428.0,1417.0,1421.0,6900,0.0,0.0
2023-12-22 13:00:00+09:00,1416.0,1418.0,1416.0,1417.0,400,0.0,0.0
2023-12-22 14:00:00+09:00,1419.0,1440.0,1419.0,1440.0,5800,0.0,0.0
2023-12-25 09:00:00+09:00,1380.0,1442.0,1380.0,1441.0,29500,0.0,0.0
2023-12-25 10:00:00+09:00,1443.0,1452.0,1436.0,1438.0,5700,0.0,0.0
2023-12-25 11:00:00+09:00,1441.0,1443.0,1439.0,1443.0,0,0.0,0.0
2023-12-25 12:00:00+09:00,1444.0,1451.0,1444.0,1449.0,40300,0.0,0.0
2023-12-25 13:00:00+09:00,1452.0,1465.0,1450.0,1465.0,11400,0.0,0.0
2023-12-25 14:00:00+09:00,1467.0,1478.0,1465.0,1476.0,8500,0.0,0.0
2023-12-26 09:00:00+09:00,1484.0,1505.0,1471.0,1480.0,24700,0.0,0.0
2023-12-26 10:00:00+09:00,1480.0,1495.0,1473.0,1479.0,6300,0.0,0.0
2023-12-26 11:00:00+09:00,1479.0,1486.0,1477.0,1483.0,0,0.0,0.0
2023-12-26 12:00:00+09:00,1479.0,1496.0,1478.0,1489.0,39000,0.0,0.0
2023-12-26 13:00:00+09:00,1486.0,1498.0,1481.0,1498.0,5700,0.0,0.0
2023-12-26 14:00:00+09:00,1497.0,1513.0,1494.0,1513.0,20900,0.0,0.0
2023-12-27 09:00:00+09:00,1473.0,1510.0,1472.0,1510.0,13200,0.0,0.0
2023-12-27 10:00:00+09:00,1512.0,1515.0,1498.0,1498.0,7400,0.0,0.0
2023-12-27 11:00:00+09:00,1496.0,1501.0,1485.0,1485.0,0,0.0,0.0
2023-12-27 12:00:00+09:00,1485.0,1497.0,1485.0,1496.0,29100,0.0,0.0
2023-12-27 13:00:00+09:00,1497.0,1505.0,1490.0,1491.0,6600,0.0,0.0
2023-12-27 14:00:00+09:00,1497.0,1519.0,1493.0,1519.0,16500,0.0,0.0
2023-12-28 09:00:00+09:00,1627.0,1790.0,1627.0,1755.0,313500,0.0,0.0
2023-12-28 10:00:00+09:00,1770.0,1775.0,1740.0,1745.0,82000,0.0,0.0
2023-12-28 11:00:00+09:00,1745.0,1745.0,1717.0,1730.0,0,0.0,0.0
2023-12-28 12:00:00+09:00,1725.0,1770.0,1724.0,1750.0,472700,0.0,0.0
2023-12-28 13:00:00+09:00,1754.0,1779.0,1754.0,1775.0,65400,0.0,0.0
2023-12-28 14:00:00+09:00,1776.0,1830.0,1767.0,1787.0,99700,0.0,0.0
2023-12-29 09:00:00+09:00,1827.0,1900.0,1800.0,1855.0,183000,0.0,0.0
2023-12-29 10:00:00+09:00,1855.0,1880.0,1855.0,1870.0,31500,0.0,0.0
2023-12-29 11:00:00+09:00,1868.0,1868.0,1824.0,1824.0,0,0.0,0.0
2023-12-29 12:00:00+09:00,1824.0,1847.0,1822.0,1840.0,248800,0.0,0.0
2023-12-29 13:00:00+09:00,1837.0,1837.0,1782.0,1789.0,35500,0.0,0.0
2023-12-29 14:00:00+09:00,1794.0,1800.0,1718.0,1800.0,72300,0.0,0.0
2024-01-04 09:00:00+09:00,1800.0,1804.0,1727.0,1780.0,47000,0.0,0.0
2024-01-04 10:00:00+09:00,1784.0,1784.0,1767.0,1774.0,20500,0.0,0.0
2024-01-04 11:00:00+09:00,1773.0,1790.0,1773.0,1785.0,0,0.0,0.0
2024-01-04 12:00:00+09:00,1788.0,1795.0,1774.0,1783.0,81700,0.0,0.0
2024-01-04 13:00:00+09:00,1782.0,1786.0,1776.0,1781.0,11600,0.0,0.0
2024-01-04 14:00:00+09:00,1784.0,1826.0,1784.0,1820.0,28100,0.0,0.0
2024-01-05 09:00:00+09:00,1823.0,1832.0,1784.0,1824.0,20900,0.0,0.0
2024-01-05 10:00:00+09:00,1824.0,1830.0,1807.0,1814.0,7900,0.0,0.0
2024-01-05 11:00:00+09:00,1819.0,1821.0,1808.0,1817.0,0,0.0,0.0
2024-01-05 12:00:00+09:00,1830.0,1855.0,1817.0,1840.0,56000,0.0,0.0
2024-01-05 13:00:00+09:00,1838.0,1847.0,1825.0,1847.0,16600,0.0,0.0
2024-01-05 14:00:00+09:00,1847.0,1879.0,1847.0,1879.0,24100,0.0,0.0
2024-01-09 09:00:00+09:00,1850.0,1930.0,1850.0,1924.0,75100,0.0,0.0
2024-01-09 10:00:00+09:00,1924.0,1938.0,1909.0,1936.0,17100,0.0,0.0
2024-01-09 11:00:00+09:00,1937.0,1947.0,1920.0,1934.0,0,0.0,0.0
2024-01-09 12:00:00+09:00,1947.0,1947.0,1928.0,1936.0,113000,0.0,0.0
2024-01-09 13:00:00+09:00,1940.0,1942.0,1923.0,1936.0,12000,0.0,0.0
2024-01-09 14:00:00+09:00,1939.0,1948.0,1932.0,1948.0,24400,0.0,0.0
2024-01-10 09:00:00+09:00,1875.0,1884.0,1841.0,1872.0,38700,0.0,0.0
2024-01-10 10:00:00+09:00,1881.0,1891.0,1871.0,1880.0,8200,0.0,0.0
2024-01-10 11:00:00+09:00,1880.0,1881.0,1875.0,1875.0,0,0.0,0.0
2024-01-10 12:00:00+09:00,1875.0,1887.0,1872.0,1879.0,58400,0.0,0.0
2024-01-10 13:00:00+09:00,1876.0,1890.0,1876.0,1882.0,5900,0.0,0.0
2024-01-10 14:00:00+09:00,1883.0,1883.0,1856.0,1856.0,14800,0.0,0.0
2024-01-11 09:00:00+09:00,1867.0,1906.0,1857.0,1898.0,26000,0.0,0.0
2024-01-11 10:00:00+09:00,1901.0,1909.0,1887.0,1896.0,14300,0.0,0.0
2024-01-11 11:00:00+09:00,1896.0,1896.0,1887.0,1887.0,0,0.0,0.0
2024-01-11 12:00:00+09:00,1887.0,1891.0,1865.0,1876.0,56700,0.0,0.0
2024-01-11 13:00:00+09:00,1875.0,1883.0,1872.0,1875.0,9100,0.0,0.0
2024-01-11 14:00:00+09:00,1877.0,1892.0,1877.0,1892.0,12500,0.0,0.0
2024-01-12 09:00:00+09:00,1880.0,1910.0,1846.0,1846.0,0,0.0,0.0
2024-01-12 10:00:00+09:00,1848.0,1865.0,1846.0,1857.0,7200,0.0,0.0
2024-01-12 11:00:00+09:00,1857.0,1863.0,1852.0,1859.0,0,0.0,0.0
2024-01-12 12:00:00+09:00,1854.0,1859.0,1849.0,1856.0,34100,0.0,0.0
2024-01-12 13:00:00+09:00,1855.0,1857.0,1846.0,1857.0,5100,0.0,0.0
2024-01-12 14:00:00+09:00,1854.0,1860.0,1848.0,1851.0,9600,0.0,0.0
2024-01-15 09:00:00+09:00,1836.0,1836.0,1820.0,1827.0,9400,0.0,0.0
2024-01-15 10:00:00+09:00,1825.0,1827.0,1814.0,1820.0,8100,0.0,0.0
2024-01-15 11:00:00+09:00,1820.0,1820.0,1811.0,1812.0,0,0.0,0.0
2024-01-15 12:00:00+09:00,1812.0,1818.0,1811.0,1814.0,28900,0.0,0.0
2024-01-15 13:00:00+09:00,1813.0,1816.0,1806.0,1812.0,8300,0.0,0.0
2024-01-15 14:00:00+09:00,1811.0,1822.0,1805.0,1816.0,11700,0.0,0.0
2024-01-16 09:00:00+09:00,1800.0,1800.0,1770.0,1770.0,22900,0.0,0.0
2024-01-16 10:00:00+09:00,1768.0,1782.0,1754.0,1776.0,9200,0.0,0.0
2024-01-16 11:00:00+09:00,1773.0,1778.0,1772.0,1773.0,0,0.0,0.0
2024-01-16 12:00:00+09:00,1773.0,1797.0,1764.0,1769.0,51200,0.0,0.0
2024-01-16 13:00:00+09:00,1769.0,1771.0,1762.0,1771.0,4700,0.0,0.0
2024-01-16 14:00:00+09:00,1766.0,1767.0,1752.0,1753.0,10700,0.0,0.0
2024-01-17 09:00:00+09:00,1750.0,1772.0,1712.0,1713.0,18900,0.0,0.0
2024-01-17 10:00:00+09:00,1713.0,1724.0,1692.0,1724.0,21700,0.0,0.0
2024-01-17 11:00:00+09:00,1727.0,1730.0,1712.0,1716.0,0,0.0,0.0
2024-01-17 12:00:00+09:00,1715.0,1722.0,1706.0,1718.0,50400,0.0,0.0
2024-01-17 13:00:00+09:00,1719.0,1739.0,1715.0,1738.0,8200,0.0,0.0
2024-01-17 14:00:00+09:00,1738.0,1755.0,1730.0,1730.0,15400,0.0,0.0
2024-01-18 09:00:00+09:00,1747.0,1765.0,1730.0,1759.0,13800,0.0,0.0
2024-01-18 10:00:00+09:00,1755.0,1765.0,1752.0,1763.0,3400,0.0,0.0
2024-01-18 11:00:00+09:00,1763.0,1763.0,1755.0,1757.0,0,0.0,0.0
2024-01-18 12:00:00+09:00,1757.0,1759.0,1753.0,1756.0,20300,0.0,0.0
2024-01-18 13:00:00+09:00,1753.0,1755.0,1745.0,1745.0,3200,0.0,0.0
2024-01-18 14:00:00+09:00,1745.0,1759.0,1745.0,1759.0,10900,0.0,0.0
2024-01-19 09:00:00+09:00,1780.0,1808.0,1770.0,1803.0,14600,0.0,0.0
2024-01-19 10:00:00+09:00,1803.0,1826.0,1789.0,1811.0,13300,0.0,0.0
2024-01-19 11:00:00+09:00,1812.0,1814.0,1797.0,1797.0,0,0.0,0.0
2024-01-19 12:00:00+09:00,1797.0,1799.0,1783.0,1798.0,36900,0.0,0.0
2024-01-19 13:00:00+09:00,1797.0,1799.0,1774.0,1777.0,4400,0.0,0.0
2024-01-19 14:00:00+09:00,1772.0,1787.0,1766.0,1766.0,15200,0.0,0.0
2024-01-22 09:00:00+09:00,1804.0,1828.0,1800.0,1819.0,16700,0.0,0.0
2024-01-22 10:00:00+09:00,1817.0,1829.0,1794.0,1795.0,11700,0.0,0.0
2024-01-22 11:00:00+09:00,1792.0,1794.0,1787.0,1791.0,0,0.0,0.0
2024-01-22 12:00:00+09:00,1829.0,1829.0,1801.0,1816.0,41600,0.0,0.0
2024-01-22 13:00:00+09:00,1814.0,1814.0,1795.0,1811.0,7100,0.0,0.0
2024-01-22 14:00:00+09:00,1809.0,1828.0,1805.0,1821.0,15100,0.0,0.0
2024-01-23 09:00:00+09:00,1825.0,1840.0,1816.0,1820.0,7600,0.0,0.0
2024-01-23 10:00:00+09:00,1820.0,1838.0,1816.0,1817.0,6700,0.0,0.0
2024-01-23 11:00:00+09:00,1817.0,1817.0,1813.0,1817.0,0,0.0,0.0
2024-01-23 12:00:00+09:00,1806.0,1814.0,1802.0,1804.0,19400,0.0,0.0
2024-01-23 13:00:00+09:00,1805.0,1818.0,1801.0,1814.0,6800,0.0,0.0
2024-01-23 14:00:00+09:00,1811.0,1811.0,1795.0,1795.0,10100,0.0,0.0
2024-01-24 09:00:00+09:00,1796.0,1805.0,1780.0,1786.0,7700,0.0,0.0
2024-01-24 10:00:00+09:00,1786.0,1801.0,1786.0,1800.0,4100,0.0,0.0
2024-01-24 11:00:00+09:00,1800.0,1806.0,1794.0,1794.0,0,0.0,0.0
2024-01-24 12:00:00+09:00,1790.0,1801.0,1790.0,1791.0,18500,0.0,0.0
2024-01-24 13:00:00+09:00,1792.0,1793.0,1782.0,1784.0,3700,0.0,0.0
2024-01-24 14:00:00+09:00,1783.0,1800.0,1783.0,1792.0,6500,0.0,0.0
2024-01-25 09:00:00+09:00,1775.0,1783.0,1768.0,1782.0,0,0.0,0.0
2024-01-25 10:00:00+09:00,1776.0,1785.0,1767.0,1768.0,14700,0.0,0.0
2024-01-25 11:00:00+09:00,1770.0,1775.0,1767.0,1768.0,0,0.0,0.0
2024-01-25 12:00:00+09:00,1768.0,1774.0,1765.0,1766.0,19900,0.0,0.0
2024-01-25 13:00:00+09:00,1765.0,1767.0,1757.0,1757.0,3700,0.0,0.0
2024-01-25 14:00:00+09:00,1760.0,1767.0,1756.0,1763.0,7400,0.0,0.0
2024-01-26 09:00:00+09:00,1746.0,1751.0,1730.0,1730.0,71000,0.0,0.0
2024-01-26 10:00:00+09:00,1731.0,1736.0,1727.0,1728.0,5100,0.0,0.0
2024-01-26 11:00:00+09:00,1729.0,1731.0,1728.0,1728.0,0,0.0,0.0
2024-01-26 12:00:00+09:00,1734.0,1752.0,1734.0,1751.0,96400,0.0,0.0
2024-01-26 13:00:00+09:00,1751.0,1751.0,1734.0,1744.0,5400,0.0,0.0
2024-01-26 14:00:00+09:00,1743.0,1749.0,1731.0,1731.0,10500,0.0,0.0
2024-01-29 09:00:00+09:00,1748.0,1775.0,1747.0,1764.0,15700,0.0,0.0
2024-01-29 10:00:00+09:00,1764.0,1793.0,1764.0,1786.0,9500,0.0,0.0
2024-01-29 11:00:00+09:00,1789.0,1796.0,1788.0,1793.0,0,0.0,0.0
2024-01-29 12:00:00+09:00,1798.0,1804.0,1795.0,1799.0,36400,0.0,0.0
2024-01-29 13:00:00+09:00,1799.0,1800.0,1793.0,1797.0,3200,0.0,0.0
2024-01-29 14:00:00+09:00,1797.0,1806.0,1792.0,1806.0,7800,0.0,0.0
2024-01-30 09:00:00+09:00,1837.0,1859.0,1826.0,1859.0,15500,0.0,0.0
2024-01-30 10:00:00+09:00,1858.0,1860.0,1840.0,1845.0,5600,0.0,0.0
2024-01-30 11:00:00+09:00,1844.0,1844.0,1835.0,1835.0,0,0.0,0.0
2024-01-30 12:00:00+09:00,1850.0,1855.0,1835.0,1851.0,29000,0.0,0.0
2024-01-30 13:00:00+09:00,1851.0,1857.0,1849.0,1849.0,2500,0.0,0.0
2024-01-30 14:00:00+09:00,1852.0,1858.0,1847.0,1854.0,6100,0.0,0.0
2024-01-31 09:00:00+09:00,1876.0,1896.0,1827.0,1837.0,0,0.0,0.0
2024-01-31 10:00:00+09:00,1841.0,1846.0,1837.0,1842.0,17100,0.0,0.0
2024-01-31 11:00:00+09:00,1844.0,1844.0,1834.0,1834.0,0,0.0,0.0
2024-01-31 12:00:00+09:00,1835.0,1839.0,1831.0,1837.0,21400,0.0,0.0
2024-01-31 13:00:00+09:00,1837.0,1848.0,1836.0,1848.0,2600,0.0,0.0
2024-01-31 14:00:00+09:00,1847.0,1870.0,1847.0,1860.0,12900,0.0,0.0
2024-02-01 09:00:00+09:00,1855.0,1856.0,1836.0,1850.0,0,0.0,0.0
2024-02-01 10:00:00+09:00,1851.0,1861.0,1848.0,1849.0,15000,0.0,0.0
2024-02-01 11:00:00+09:00,1847.0,1849.0,1847.0,1847.0,0,0.0,0.0
2024-02-01 12:00:00+09:00,1847.0,1849.0,1844.0,1849.0,17400,0.0,0.0
2024-02-01 13:00:00+09:00,1850.0,1850.0,1841.0,1841.0,5200,0.0,0.0
2024-02-01 14:00:00+09:00,1841.0,1842.0,1833.0,1833.0,9100,0.0,0.0
2024-02-02 09:00:00+09:00,1810.0,1810.0,1755.0,1755.0,80800,0.0,0.0
2024-02-02 10:00:00+09:00,1757.0,1773.0,1752.0,1773.0,25700,0.0,0.0
2024-02-02 11:00:00+09:00,1772.0,1774.0,1768.0,1774.0,0,0.0,0.0
2024-02-02 12:00:00+09:00,1773.0,1796.0,1771.0,1796.0,145000,0.0,0.0
2024-02-02 13:00:00+09:00,1797.0,1804.0,1786.0,1799.0,12800,0.0,0.0
2024-02-02 14:00:00+09:00,1797.0,1799.0,1786.0,1787.0,14300,0.0,0.0
2024-02-05 09:00:00+09:00,1828.0,1828.0,1777.0,1801.0,55200,0.0,0.0
2024-02-05 10:00:00+09:00,1807.0,1816.0,1800.0,1816.0,5100,0.0,0.0
2024-02-05 11:00:00+09:00,1814.0,1814.0,1808.0,1809.0,0,0.0,0.0
2024-02-05 12:00:00+09:00,1813.0,1826.0,1813.0,1823.0,73800,0.0,0.0
2024-02-05 13:00:00+09:00,1822.0,1835.0,1820.0,1833.0,6800,0.0,0.0
2024-02-05 14:00:00+09:00,1836.0,1855.0,1834.0,1851.0,14900,0.0,0.0
2024-02-06 09:00:00+09:00,1835.0,1865.0,1821.0,1854.0,26700,0.0,0.0
2024-02-06 10:00:00+09:00,1857.0,1862.0,1845.0,1845.0,2600,0.0,0.0
2024-02-06 11:00:00+09:00,1851.0,1875.0,1851.0,1872.0,0,0.0,0.0
2024-02-06 12:00:00+09:00,1873.0,1878.0,1868.0,1878.0,40500,0.0,0.0
2024-02-06 13:00:00+09:00,1879.0,1887.0,1873.0,1884.0,6800,0.0,0.0
2024-02-06 14:00:00+09:00,1887.0,1894.0,1886.0,1892.0,7700,0.0,0.0
2024-02-07 09:00:00+09:00,1870.0,1893.0,1848.0,1891.0,37500,0.0,0.0
2024-02-07 10:00:00+09:00,1890.0,1897.0,1870.0,1880.0,8000,0.0,0.0
2024-02-07 11:00:00+09:00,1878.0,1879.0,1868.0,1874.0,0,0.0,0.0
2024-02-07 12:00:00+09:00,1875.0,1888.0,1874.0,1884.0,58700,0.0,0.0
2024-02-07 13:00:00+09:00,1882.0,1890.0,1865.0,1865.0,5900,0.0,0.0
2024-02-07 14:00:00+09:00,1865.0,1878.0,1864.0,1868.0,10100,0.0,0.0
2024-02-08 09:00:00+09:00,1845.0,1845.0,1812.0,1815.0,0,0.0,0.0
2024-02-08 10:00:00+09:00,1816.0,1821.0,1805.0,1821.0,47600,0.0,0.0
2024-02-08 11:00:00+09:00,1828.0,1828.0,1824.0,1828.0,0,0.0,0.0
2024-02-08 12:00:00+09:00,1833.0,1837.0,1833.0,1837.0,54200,0.0,0.0
2024-02-08 13:00:00+09:00,1837.0,1858.0,1833.0,1854.0,6500,0.0,0.0
2024-02-08 14:00:00+09:00,1856.0,1860.0,1850.0,1850.0,7000,0.0,0.0
2024-02-09 09:00:00+09:00,1843.0,1884.0,1840.0,1882.0,14700,0.0,0.0
2024-02-09 10:00:00+09:00,1882.0,1885.0,1868.0,1874.0,8900,0.0,0.0
2024-02-09 11:00:00+09:00,1870.0,1870.0,1864.0,1866.0,0,0.0,0.0
2024-02-09 12:00:00+09:00,1861.0,1879.0,1861.0,1872.0,32400,0.0,0.0
2024-02-09 13:00:00+09:00,1874.0,1876.0,1846.0,1849.0,8900,0.0,0.0
2024-02-09 14:00:00+09:00,1851.0,1855.0,1845.0,1846.0,7500,0.0,0.0
2024-02-13 09:00:00+09:00,1872.0,1892.0,1867.0,1873.0,15900,0.0,0.0
2024-02-13 10:00:00+09:00,1874.0,1879.0,1867.0,1872.0,7100,0.0,0.0
2024-02-13 11:00:00+09:00,1871.0,1875.0,1870.0,1872.0,0,0.0,0.0
2024-02-13 12:00:00+09:00,1880.0,1894.0,1874.0,1893.0,35300,0.0,0.0
2024-02-13 13:00:00+09:00,1891.0,1897.0,1881.0,1888.0,7700,0.0,0.0
2024-02-13 14:00:00+09:00,1888.0,1897.0,1887.0,1897.0,6400,0.0,0.0
2024-02-14 09:00:00+09:00,1880.0,1890.0,1859.0,1890.0,41800,0.0,0.0
2024-02-14 10:00:00+09:00,1887.0,1889.0,1882.0,1883.0,8100,0.0,0.0
2024-02-14 11:00:00+09:00,1883.0,1883.0,1875.0,1877.0,0,0.0,0.0
2024-02-14 12:00:00+09:00,1883.0,1890.0,1883.0,1889.0,60800,0.0,0.0
2024-02-14 13:00:00+09:00,1887.0,1892.0,1877.0,1890.0,6100,0.0,0.0
2024-02-14 14:00:00+09:00,1892.0,1915.0,1889.0,1903.0,15000,0.0,0.0
2024-02-15 09:00:00+09:00,1939.0,1960.0,1874.0,1880.0,15300,0.0,0.0
2024-02-15 10:00:00+09:00,1882.0,1929.0,1882.0,1929.0,6900,0.0,0.0
2024-02-15 11:00:00+09:00,1926.0,1933.0,1918.0,1925.0,0,0.0,0.0
2024-02-15 12:00:00+09:00,1926.0,1940.0,1926.0,1929.0,35800,0.0,0.0
2024-02-15 13:00:00+09:00,1930.0,1934.0,1919.0,1926.0,6100,0.0,0.0
2024-02-15 14:00:00+09:00,1926.0,1937.0,1923.0,1936.0,7300,0.0,0.0
2024-02-16 09:00:00+09:00,1921.0,1950.0,1912.0,1945.0,26300,0.0,0.0
2024-02-16 10:00:00+09:00,1946.0,1946.0,1920.0,1926.0,6300,0.0,0.0
2024-02-16 11:00:00+09:00,1924.0,1925.0,1911.0,1914.0,0,0.0,0.0
2024-02-16 12:00:00+09:00,1920.0,1920.0,1880.0,1882.0,100800,0.0,0.0
2024-02-16 13:00:00+09:00,1882.0,1889.0,1861.0,1865.0,16100,0.0,0.0
2024-02-16 14:00:00+09:00,1866.0,1867.0,1852.0,1852.0,23600,0.0,0.0
2024-02-19 09:00:00+09:00,1860.0,1891.0,1844.0,1852.0,165200,0.0,0.0
2024-02-19 10:00:00+09:00,1848.0,1851.0,1835.0,1835.0,6100,0.0,0.0
2024-02-19 11:00:00+09:00,1833.0,1838.0,1832.0,1837.0,0,0.0,0.0
2024-02-19 12:00:00+09:00,1837.0,1837.0,1813.0,1813.0,183600,0.0,0.0
2024-02-19 13:00:00+09:00,1815.0,1835.0,1815.0,1828.0,7400,0.0,0.0
2024-02-19 14:00:00+09:00,1828.0,1837.0,1828.0,1832.0,6000,0.0,0.0
2024-02-20 09:00:00+09:00,1827.0,1827.0,1785.0,1787.0,10800,0.0,0.0
2024-02-20 10:00:00+09:00,1786.0,1790.0,1770.0,1770.0,9100,0.0,0.0
2024-02-20 11:00:00+09:00,1767.0,1770.0,1761.0,1770.0,0,0.0,0.0
2024-02-20 12:00:00+09:00,1770.0,1783.0,1769.0,1782.0,32200,0.0,0.0
2024-02-20 13:00:00+09:00,1782.0,1786.0,1774.0,1776.0,3500,0.0,0.0
2024-02-20 14:00:00+09:00,1778.0,1778.0,1764.0,1764.0,6700,0.0,0.0
2024-02-21 09:00:00+09:00,1749.0,1749.0,1709.0,1718.0,12600,0.0,0.0
2024-02-21 10:00:00+09:00,1717.0,1722.0,1712.0,1716.0,3400,0.0,0.0
2024-02-21 11:00:00+09:00,1713.0,1713.0,1704.0,1710.0,0,0.0,0.0
2024-02-21 12:00:00+09:00,1701.0,1741.0,1701.0,1738.0,26100,0.0,0.0
2024-02-21 13:00:00+09:00,1743.0,1744.0,1732.0,1732.0,5700,0.0,0.0
2024-02-21 14:00:00+09:00,1736.0,1739.0,1727.0,1727.0,5300,0.0,0.0
2024-02-22 09:00:00+09:00,1712.0,1730.0,1698.0,1715.0,9900,0.0,0.0
2024-02-22 10:00:00+09:00,1714.0,1737.0,1714.0,1737.0,2500,0.0,0.0
2024-02-22 11:00:00+09:00,1736.0,1747.0,1736.0,1747.0,0,0.0,0.0
2024-02-22 12:00:00+09:00,1747.0,1760.0,1747.0,1756.0,19700,0.0,0.0
2024-02-22 13:00:00+09:00,1755.0,1757.0,1747.0,1747.0,3400,0.0,0.0
2024-02-22 14:00:00+09:00,1747.0,1767.0,1747.0,1762.0,9300,0.0,0.0
2024-02-26 09:00:00+09:00,1741.0,1769.0,1704.0,1763.0,18000,0.0,0.0
2024-02-26 10:00:00+09:00,1763.0,1767.0,1758.0,1758.0,3200,0.0,0.0
2024-02-26 11:00:00+09:00,1760.0,1763.0,1758.0,1759.0,0,0.0,0.0
2024-02-26 12:00:00+09:00,1756.0,1789.0,1756.0,1789.0,29200,0.0,0.0
2024-02-26 13:00:00+09:00,1783.0,1795.0,1781.0,1789.0,6000,0.0,0.0
2024-02-26 14:00:00+09:00,1789.0,1835.0,1789.0,1822.0,18100,0.0,0.0
2024-02-27 09:00:00+09:00,1779.0,1803.0,1745.0,1745.0,19400,0.0,0.0
2024-02-27 10:00:00+09:00,1743.0,1770.0,1743.0,1764.0,7500,0.0,0.0
2024-02-27 11:00:00+09:00,1769.0,1770.0,1753.0,1753.0,0,0.0,0.0
2024-02-27 12:00:00+09:00,1753.0,1771.0,1753.0,1765.0,34400,0.0,0.0
2024-02-27 13:00:00+09:00,1766.0,1778.0,1766.0,1767.0,5100,0.0,0.0
2024-02-27 14:00:00+09:00,1769.0,1770.0,1749.0,1765.0,14500,0.0,0.0
2024-02-28 09:00:00+09:00,1710.0,1727.0,1706.0,1718.0,0,0.0,0.0
2024-02-28 10:00:00+09:00,1712.0,1726.0,1709.0,1726.0,21700,0.0,0.0
2024-02-28 11:00:00+09:00,1729.0,1739.0,1723.0,1735.0,0,0.0,0.0
2024-02-28 12:00:00+09:00,1729.0,1738.0,1729.0,1737.0,28800,0.0,0.0
2024-02-28 13:00:00+09:00,1735.0,1735.0,1714.0,1714.0,7700,0.0,0.0
2024-02-28 14:00:00+09:00,1711.0,1717.0,1705.0,1717.0,12600,0.0,0.0
2024-02-29 09:00:00+09:00,1686.0,1686.0,1642.0,1666.0,16800,0.0,0.0
2024-02-29 10:00:00+09:00,1668.0,1668.0,1641.0,1642.0,6300,0.0,0.0
2024-02-29 11:00:00+09:00,1641.0,1646.0,1639.0,1644.0,0,0.0,0.0
2024-02-29 12:00:00+09:00,1644.0,1649.0,1636.0,1645.0,29600,0.0,0.0
2024-02-29 13:00:00+09:00,1647.0,1647.0,1632.0,1637.0,6800,0.0,0.0
2024-02-29 14:00:00+09:00,1637.0,1638.0,1617.0,1619.0,16400,0.0,0.0
2024-03-01 09:00:00+09:00,1619.0,1639.0,1593.0,1622.0,0,0.0,0.0
2024-03-01 10:00:00+09:00,1629.0,1629.0,1619.0,1624.0,23600,0.0,0.0
2024-03-01 11:00:00+09:00,1622.0,1628.0,1618.0,1624.0,0,0.0,0.0
2024-03-01 12:00:00+09:00,1624.0,1630.0,1618.0,1618.0,31200,0.0,0.0
2024-03-01 13:00:00+09:00,1620.0,1620.0,1596.0,1604.0,11900,0.0,0.0
2024-03-01 14:00:00+09:00,1602.0,1610.0,1590.0,1610.0,21300,0.0,0.0
2024-03-04 09:00:00+09:00,1599.0,1612.0,1577.0,1585.0,25200,0.0,0.0
2024-03-04 10:00:00+09:00,1591.0,1594.0,1567.0,1573.0,8400,0.0,0.0
2024-03-04 11:00:00+09:00,1573.0,1593.0,1570.0,1593.0,0,0.0,0.0
2024-03-04 12:00:00+09:00,1582.0,1587.0,1580.0,1582.0,42400,0.0,0.0
2024-03-04 13:00:00+09:00,1583.0,1594.0,1570.0,1594.0,8400,0.0,0.0
2024-03-04 14:00:00+09:00,1592.0,1602.0,1590.0,1595.0,6100,0.0,0.0
2024-03-05 09:00:00+09:00,1569.0,1610.0,1566.0,1592.0,15400,0.0,0.0
2024-03-05 10:00:00+09:00,1594.0,1604.0,1591.0,1591.0,3300,0.0,0.0
2024-03-05 11:00:00+09:00,1590.0,1599.0,1587.0,1599.0,0,0.0,0.0
2024-03-05 12:00:00+09:00,1585.0,1600.0,1585.0,1593.0,24800,0.0,0.0
2024-03-05 13:00:00+09:00,1592.0,1604.0,1592.0,1598.0,2700,0.0,0.0
2024-03-05 14:00:00+09:00,1604.0,1609.0,1602.0,1609.0,4800,0.0,0.0
2024-03-06 09:00:00+09:00,1573.0,1619.0,1553.0,1619.0,13300,0.0,0.0
2024-03-06 10:00:00+09:00,1619.0,1624.0,1600.0,1600.0,4400,0.0,0.0
2024-03-06 11:00:00+09:00,1598.0,1613.0,1598.0,1613.0,0,0.0,0.0
2024-03-06 12:00:00+09:00,1613.0,1613.0,1598.0,1605.0,21600,0.0,0.0
2024-03-06 13:00:00+09:00,1605.0,1606.0,1597.0,1597.0,1300,0.0,0.0
2024-03-06 14:00:00+09:00,1598.0,1605.0,1588.0,1588.0,4600,0.0,0.0
2024-03-07 09:00:00+09:00,1599.0,1609.0,1580.0,1580.0,5900,0.0,0.0
2024-03-07 10:00:00+09:00,1581.0,1581.0,1558.0,1564.0,8600,0.0,0.0
2024-03-07 11:00:00+09:00,1564.0,1564.0,1560.0,1560.0,0,0.0,0.0
2024-03-07 12:00:00+09:00,1585.0,1585.0,1561.0,1573.0,18800,0.0,0.0
2024-03-07 13:00:00+09:00,1574.0,1579.0,1563.0,1570.0,3500,0.0,0.0
2024-03-07 14:00:00+09:00,1569.0,1572.0,1561.0,1572.0,6600,0.0,0.0
2024-03-08 09:00:00+09:00,1539.0,1550.0,1500.0,1543.0,48300,0.0,0.0
2024-03-08 10:00:00+09:00,1542.0,1546.0,1537.0,1541.0,2100,0.0,0.0
2024-03-08 11:00:00+09:00,1543.0,1544.0,1519.0,1521.0,0,0.0,0.0
2024-03-08 12:00:00+09:00,1522.0,1523.0,1518.0,1519.0,59800,0.0,0.0
2024-03-08 13:00:00+09:00,1519.0,1519.0,1488.0,1490.0,28500,0.0,0.0
2024-03-08 14:00:00+09:00,1491.0,1493.0,1465.0,1468.0,22000,0.0,0.0
2024-03-11 09:00:00+09:00,1463.0,1500.0,1441.0,1445.0,21600,0.0,0.0
2024-03-11 10:00:00+09:00,1443.0,1470.0,1443.0,1464.0,9100,0.0,0.0
2024-03-11 11:00:00+09:00,1463.0,1465.0,1458.0,1465.0,0,0.0,0.0
2024-03-11 12:00:00+09:00,1469.0,1469.0,1447.0,1453.0,37900,0.0,0.0
2024-03-11 13:00:00+09:00,1454.0,1471.0,1454.0,1462.0,5200,0.0,0.0
2024-03-11 14:00:00+09:00,1463.0,1475.0,1457.0,1460.0,19300,0.0,0.0
2024-03-12 09:00:00+09:00,1443.0,1515.0,1438.0,1506.0,29500,0.0,0.0
2024-03-12 10:00:00+09:00,1504.0,1509.0,1499.0,1503.0,7100,0.0,0.0
2024-03-12 11:00:00+09:00,1505.0,1517.0,1504.0,1517.0,0,0.0,0.0
2024-03-12 12:00:00+09:00,1510.0,1520.0,1507.0,1514.0,46700,0.0,0.0
2024-03-12 13:00:00+09:00,1516.0,1516.0,1507.0,1512.0,5500,0.0,0.0
2024-03-12 14:00:00+09:00,1515.0,1528.0,1515.0,1528.0,14200,0.0,0.0
2024-03-13 09:00:00+09:00,1527.0,1547.0,1526.0,1540.0,13200,0.0,0.0
2024-03-13 10:00:00+09:00,1536.0,1536.0,1500.0,1510.0,9000,0.0,0.0
2024-03-13 11:00:00+09:00,1512.0,1512.0,1503.0,1504.0,0,0.0,0.0
2024-03-13 12:00:00+09:00,1504.0,1507.0,1481.0,1503.0,33500,0.0,0.0
2024-03-13 13:00:00+09:00,1503.0,1521.0,1503.0,1521.0,1500,0.0,0.0
2024-03-13 14:00:00+09:00,1522.0,1526.0,1505.0,1512.0,11100,0.0,0.0
2024-03-14 09:00:00+09:00,1510.0,1511.0,1494.0,1503.0,6600,0.0,0.0
2024-03-14 10:00:00+09:00,1506.0,1509.0,1505.0,1505.0,800,0.0,0.0
2024-03-14 11:00:00+09:00,1507.0,1514.0,1507.0,1512.0,0,0.0,0.0
2024-03-14 12:00:00+09:00,1504.0,1516.0,1501.0,1515.0,13100,0.0,0.0
2024-03-14 13:00:00+09:00,1519.0,1523.0,1514.0,1519.0,2100,0.0,0.0
2024-03-14 14:00:00+09:00,1521.0,1527.0,1517.0,1521.0,4800,0.0,0.0
2024-03-15 09:00:00+09:00,1515.0,1525.0,1509.0,1515.0,0,0.0,0.0
2024-03-15 10:00:00+09:00,1514.0,1518.0,1511.0,1516.0,7400,0.0,0.0
2024-03-15 11:00:00+09:00,1518.0,1518.0,1502.0,1509.0,0,0.0,0.0
2024-03-15 12:00:00+09:00,1509.0,1510.0,1500.0,1500.0,14900,0.0,0.0
2024-03-15 13:00:00+09:00,1504.0,1511.0,1500.0,1511.0,5500,0.0,0.0
2024-03-15 14:00:00+09:00,1515.0,1526.0,1512.0,1523.0,9500,0.0,0.0
2024-03-18 09:00:00+09:00,1518.0,1541.0,1518.0,1534.0,5900,0.0,0.0
2024-03-18 10:00:00+09:00,1534.0,1534.0,1510.0,1524.0,5800,0.0,0.0
2024-03-18 11:00:00+09:00,1524.0,1526.0,1518.0,1526.0,0,0.0,0.0
2024-03-18 12:00:00+09:00,1526.0,1526.0,1521.0,1523.0,14500,0.0,0.0
2024-03-18 13:00:00+09:00,1521.0,1524.0,1508.0,1518.0,6000,0.0,0.0
2024-03-18 14:00:00+09:00,1519.0,1520.0,1503.0,1506.0,6800,0.0,0.0
2024-03-19 09:00:00+09:00,1498.0,1504.0,1490.0,1490.0,6100,0.0,0.0
2024-03-19 10:00:00+09:00,1491.0,1498.0,1488.0,1498.0,2900,0.0,0.0
2024-03-19 11:00:00+09:00,1499.0,1511.0,1499.0,1511.0,0,0.0,0.0
2024-03-19 12:00:00+09:00,1507.0,1516.0,1499.0,1503.0,16900,0.0,0.0
2024-03-19 13:00:00+09:00,1512.0,1518.0,1508.0,1511.0,0,0.0,0.0
2024-03-19 14:00:00+09:00,1513.0,1513.0,1504.0,1505.0,27800,0.0,0.0
2024-03-21 09:00:00+09:00,1514.0,1521.0,1506.0,1516.0,8800,0.0,0.0
2024-03-21 10:00:00+09:00,1513.0,1517.0,1505.0,1505.0,3500,0.0,0.0
2024-03-21 11:00:00+09:00,1504.0,1512.0,1501.0,1512.0,0,0.0,0.0
2024-03-21 12:00:00+09:00,1512.0,1512.0,1493.0,1496.0,18900,0.0,0.0
2024-03-21 13:00:00+09:00,1500.0,1500.0,1491.0,1492.0,5900,0.0,0.0
2024-03-21 14:00:00+09:00,1492.0,1493.0,1485.0,1486.0,6800,0.0,0.0
2024-03-22 09:00:00+09:00,1490.0,1500.0,1483.0,1485.0,0,0.0,0.0
2024-03-22 10:00:00+09:00,1486.0,1486.0,1473.0,1484.0,16600,0.0,0.0
2024-03-22 11:00:00+09:00,1482.0,1486.0,1481.0,1486.0,0,0.0,0.0
2024-03-22 12:00:00+09:00,1480.0,1486.0,1479.0,1486.0,20300,0.0,0.0
2024-03-22 13:00:00+09:00,1487.0,1491.0,1486.0,1488.0,3900,0.0,0.0
2024-03-22 14:00:00+09:00,1488.0,1491.0,1488.0,1488.0,7500,0.0,0.0
2024-03-25 09:00:00+09:00,1478.0,1486.0,1469.0,1471.0,8400,0.0,0.0
2024-03-25 10:00:00+09:00,1473.0,1473.0,1458.0,1462.0,3600,0.0,0.0
2024-03-25 11:00:00+09:00,1462.0,1463.0,1459.0,1462.0,0,0.0,0.0
2024-03-25 12:00:00+09:00,1455.0,1464.0,1455.0,1462.0,19000,0.0,0.0
2024-03-25 13:00:00+09:00,1463.0,1463.0,1454.0,1455.0,3300,0.0,0.0
2024-03-25 14:00:00+09:00,1452.0,1454.0,1444.0,1444.0,5000,0.0,0.0
2024-03-26 09:00:00+09:00,1430.0,1431.0,1414.0,1429.0,0,0.0,0.0
2024-03-26 10:00:00+09:00,1428.0,1434.0,1425.0,1434.0,14700,0.0,0.0
2024-03-26 11:00:00+09:00,1434.0,1437.0,1430.0,1437.0,0,0.0,0.0
2024-03-26 12:00:00+09:00,1429.0,1439.0,1428.0,1439.0,27800,0.0,0.0
2024-03-26 13:00:00+09:00,1435.0,1452.0,1435.0,1448.0,8400,0.0,0.0
2024-03-26 14:00:00+09:00,1448.0,1451.0,1434.0,1435.0,11700,0.0,0.0
2024-03-27 09:00:00+09:00,1434.0,1456.0,1428.0,1443.0,15100,0.0,0.0
2024-03-27 10:00:00+09:00,1444.0,1448.0,1440.0,1440.0,5800,0.0,0.0
2024-03-27 11:00:00+09:00,1440.0,1450.0,1440.0,1450.0,0,0.0,0.0
2024-03-27 12:00:00+09:00,1455.0,1456.0,1450.0,1455.0,29500,0.0,0.0
2024-03-27 13:00:00+09:00,1456.0,1466.0,1456.0,1466.0,6300,0.0,0.0
2024-03-27 14:00:00+09:00,1467.0,1470.0,1452.0,1452.0,10000,0.0,0.0
2024-03-28 09:00:00+09:00,1455.0,1455.0,1436.0,1436.0,6900,0.0,0.0
2024-03-28 10:00:00+09:00,1437.0,1439.0,1417.0,1436.0,6000,0.0,0.0
2024-03-28 11:00:00+09:00,1434.0,1437.0,1429.0,1429.0,0,0.0,0.0
2024-03-28 12:00:00+09:00,1426.0,1432.0,1420.0,1422.0,18300,0.0,0.0
2024-03-28 13:00:00+09:00,1422.0,1424.0,1402.0,1405.0,9000,0.0,0.0
2024-03-28 14:00:00+09:00,1405.0,1405.0,1380.0,1380.0,26900,0.0,0.0
2024-03-29 09:00:00+09:00,1385.0,1423.0,1385.0,1388.0,21100,0.0,0.0
2024-03-29 10:00:00+09:00,1389.0,1391.0,1387.0,1389.0,5900,0.0,0.0
2024-03-29 11:00:00+09:00,1390.0,1394.0,1390.0,1392.0,0,0.0,0.0
2024-03-29 12:00:00+09:00,1385.0,1412.0,1384.0,1410.0,39600,0.0,0.0
2024-03-29 13:00:00+09:00,1410.0,1413.0,1403.0,1408.0,4400,0.0,0.0
2024-03-29 14:00:00+09:00,1407.0,1407.0,1383.0,1385.0,21900,0.0,0.0
2024-04-01 09:00:00+09:00,1396.0,1396.0,1373.0,1388.0,9300,0.0,0.0
2024-04-01 10:00:00+09:00,1387.0,1390.0,1369.0,1370.0,12200,0.0,0.0
2024-04-01 11:00:00+09:00,1369.0,1369.0,1365.0,1367.0,0,0.0,0.0
2024-04-01 12:00:00+09:00,1367.0,1380.0,1367.0,1373.0,32700,0.0,0.0
2024-04-01 13:00:00+09:00,1371.0,1371.0,1361.0,1364.0,5100,0.0,0.0
2024-04-01 14:00:00+09:00,1364.0,1364.0,1334.0,1339.0,16600,0.0,0.0
2024-04-02 09:00:00+09:00,1369.0,1369.0,1341.0,1343.0,12500,0.0,0.0
2024-04-02 10:00:00+09:00,1340.0,1344.0,1331.0,1340.0,10500,0.0,0.0
2024-04-02 11:00:00+09:00,1339.0,1347.0,1337.0,1340.0,0,0.0,0.0
2024-04-02 12:00:00+09:00,1341.0,1341.0,1332.0,1337.0,33200,0.0,0.0
2024-04-02 13:00:00+09:00,1331.0,1340.0,1331.0,1337.0,5900,0.0,0.0
2024-04-02 14:00:00+09:00,1334.0,1344.0,1333.0,1344.0,10700,0.0,0.0
2024-04-03 09:00:00+09:00,1331.0,1340.0,1313.0,1340.0,0,0.0,0.0
2024-04-03 10:00:00+09:00,1337.0,1371.0,1336.0,1370.0,26400,0.0,0.0
2024-04-03 11:00:00+09:00,1371.0,1375.0,1368.0,1373.0,0,0.0,0.0
2024-04-03 12:00:00+09:00,1374.0,1386.0,1366.0,1386.0,45500,0.0,0.0
2024-04-03 13:00:00+09:00,1387.0,1387.0,1367.0,1367.0,8200,0.0,0.0
2024-04-03 14:00:00+09:00,1366.0,1372.0,1362.0,1371.0,10300,0.0,0.0
2024-04-04 09:00:00+09:00,1373.0,1373.0,1346.0,1351.0,7700,0.0,0.0
2024-04-04 10:00:00+09:00,1351.0,1361.0,1351.0,1355.0,4300,0.0,0.0
2024-04-04 11:00:00+09:00,1355.0,1356.0,1346.0,1348.0,0,0.0,0.0
2024-04-04 12:00:00+09:00,1348.0,1361.0,1348.0,1361.0,23500,0.0,0.0
2024-04-04 13:00:00+09:00,1356.0,1358.0,1351.0,1351.0,3800,0.0,0.0
2024-04-04 14:00:00+09:00,1350.0,1350.0,1332.0,1332.0,11500,0.0,0.0
2024-04-05 09:00:00+09:00,1316.0,1347.0,1314.0,1331.0,17900,0.0,0.0
2024-04-05 10:00:00+09:00,1332.0,1339.0,1319.0,1319.0,13300,0.0,0.0
2024-04-05 11:00:00+09:00,1318.0,1323.0,1314.0,1315.0,0,0.0,0.0
2024-04-05 12:00:00+09:00,1317.0,1345.0,1317.0,1337.0,56300,0.0,0.0
2024-04-05 13:00:00+09:00,1338.0,1347.0,1323.0,1330.0,14900,0.0,0.0
2024-04-05 14:00:00+09:00,1329.0,1346.0,1325.0,1346.0,22600,0.0,0.0
2024-04-08 09:00:00+09:00,1287.0,1292.0,1200.0,1213.0,128200,0.0,0.0
2024-04-08 10:00:00+09:00,1214.0,1243.0,1213.0,1227.0,28200,0.0,0.0
2024-04-08 11:00:00+09:00,1227.0,1228.0,1223.0,1223.0,0,0.0,0.0
2024-04-08 12:00:00+09:00,1224.0,1225.0,1205.0,1215.0,197600,0.0,0.0
2024-04-08 13:00:00+09:00,1215.0,1216.0,1206.0,1210.0,22700,0.0,0.0
2024-04-08 14:00:00+09:00,1210.0,1214.0,1202.0,1206.0,44200,0.0,0.0
2024-04-09 09:00:00+09:00,1203.0,1204.0,1189.0,1194.0,47600,0.0,0.0
2024-04-09 10:00:00+09:00,1193.0,1193.0,1182.0,1190.0,17400,0.0,0.0
2024-04-09 11:00:00+09:00,1190.0,1191.0,1185.0,1185.0,0,0.0,0.0
2024-04-09 12:00:00+09:00,1186.0,1186.0,1183.0,1184.0,79400,0.0,0.0
2024-04-09 13:00:00+09:00,1184.0,1184.0,1178.0,1183.0,19400,0.0,0.0
2024-04-09 14:00:00+09:00,1183.0,1183.0,1175.0,1178.0,32700,0.0,0.0
2024-04-10 09:00:00+09:00,1179.0,1179.0,1156.0,1163.0,36000,0.0,0.0
2024-04-10 10:00:00+09:00,1163.0,1167.0,1152.0,1158.0,19400,0.0,0.0
2024-04-10 11:00:00+09:00,1156.0,1162.0,1156.0,1162.0,0,0.0,0.0
2024-04-10 12:00:00+09:00,1156.0,1159.0,1148.0,1157.0,77400,0.0,0.0
2024-04-10 13:00:00+09:00,1155.0,1158.0,1149.0,1158.0,13000,0.0,0.0
2024-04-10 14:00:00+09:00,1157.0,1159.0,1133.0,1133.0,51700,0.0,0.0
2024-04-11 09:00:00+09:00,1130.0,1142.0,1096.0,1104.0,50300,0.0,0.0
2024-04-11 10:00:00+09:00,1105.0,1106.0,1097.0,1101.0,20700,0.0,0.0
2024-04-11 11:00:00+09:00,1101.0,1110.0,1101.0,1108.0,0,0.0,0.0
2024-04-11 12:00:00+09:00,1106.0,1108.0,1098.0,1108.0,93800,0.0,0.0
2024-04-11 13:00:00+09:00,1109.0,1109.0,1092.0,1098.0,27500,0.0,0.0
2024-04-11 14:00:00+09:00,1098.0,1099.0,1085.0,1087.0,32300,0.0,0.0
2024-04-12 09:00:00+09:00,1087.0,1087.0,1064.0,1064.0,37700,0.0,0.0
2024-04-12 10:00:00+09:00,1064.0,1066.0,1057.0,1065.0,23300,0.0,0.0
2024-04-12 11:00:00+09:00,1064.0,1064.0,1058.0,1060.0,0,0.0,0.0
2024-04-12 12:00:00+09:00,1058.0,1060.0,1048.0,1050.0,89600,0.0,0.0
2024-04-12 13:00:00+09:00,1049.0,1053.0,1048.0,1052.0,12800,0.0,0.0
2024-04-12 14:00:00+09:00,1052.0,1057.0,1052.0,1055.0,17700,0.0,0.0
2024-04-15 09:00:00+09:00,1060.0,1079.0,1048.0,1053.0,0,0.0,0.0
2024-04-15 10:00:00+09:00,1054.0,1062.0,1052.0,1056.0,38700,0.0,0.0
2024-04-15 11:00:00+09:00,1057.0,1060.0,1048.0,1056.0,0,0.0,0.0
2024-04-15 12:00:00+09:00,1056.0,1065.0,1055.0,1064.0,56000,0.0,0.0
2024-04-15 13:00:00+09:00,1063.0,1069.0,1062.0,1069.0,5300,0.0,0.0
2024-04-15 14:00:00+09:00,1068.0,1070.0,1061.0,1062.0,8400,0.0,0.0
2024-04-16 09:00:00+09:00,1045.0,1051.0,1030.0,1031.0,0,0.0,0.0
2024-04-16 10:00:00+09:00,1031.0,1039.0,1026.0,1035.0,37400,0.0,0.0
2024-04-16 11:00:00+09:00,1035.0,1038.0,1033.0,1033.0,0,0.0,0.0
2024-04-16 12:00:00+09:00,1033.0,1044.0,1028.0,1040.0,49400,0.0,0.0
2024-04-16 13:00:00+09:00,1040.0,1040.0,1033.0,1034.0,4700,0.0,0.0
2024-04-16 14:00:00+09:00,1033.0,1037.0,1030.0,1031.0,9400,0.0,0.0
2024-04-17 09:00:00+09:00,1026.0,1059.0,1026.0,1050.0,22500,0.0,0.0
2024-04-17 10:00:00+09:00,1047.0,1047.0,1033.0,1037.0,4900,0.0,0.0
2024-04-17 11:00:00+09:00,1039.0,1042.0,1037.0,1040.0,0,0.0,0.0
2024-04-17 12:00:00+09:00,1039.0,1040.0,1030.0,1030.0,36800,0.0,0.0
2024-04-17 13:00:00+09:00,1029.0,1035.0,1025.0,1035.0,5900,0.0,0.0
2024-04-17 14:00:00+09:00,1034.0,1036.0,1025.0,1025.0,13200,0.0,0.0
2024-04-18 09:00:00+09:00,1027.0,1052.0,1025.0,1048.0,19400,0.0,0.0
2024-04-18 10:00:00+09:00,1046.0,1050.0,1043.0,1047.0,0,0.0,0.0
2024-04-18 11:00:00+09:00,1048.0,1060.0,1048.0,1060.0,0,0.0,0.0
2024-04-18 12:00:00+09:00,1060.0,1063.0,1054.0,1058.0,38900,0.0,0.0
2024-04-18 13:00:00+09:00,1059.0,1060.0,1057.0,1058.0,4900,0.0,0.0
2024-04-18 14:00:00+09:00,1058.0,1071.0,1057.0,1067.0,19100,0.0,0.0
2024-04-19 09:00:00+09:00,1056.0,1057.0,1013.0,1013.0,38100,0.0,0.0
2024-04-19 10:00:00+09:00,1012.0,1015.0,998.0,1001.0,37500,0.0,0.0
2024-04-19 11:00:00+09:00,1002.0,1002.0,992.0,992.0,0,0.0,0.0
2024-04-19 12:00:00+09:00,993.0,1002.0,993.0,1000.0,111500,0.0,0.0
2024-04-19 13:00:00+09:00,1001.0,1004.0,999.0,1001.0,15400,0.0,0.0
2024-04-19 14:00:00+09:00,1001.0,1001.0,996.0,997.0,27200,0.0,0.0
2024-04-22 09:00:00+09:00,1011.0,1025.0,1009.0,1015.0,30900,0.0,0.0
2024-04-22 10:00:00+09:00,1015.0,1024.0,1011.0,1017.0,8900,0.0,0.0
2024-04-22 11:00:00+09:00,1017.0,1022.0,1017.0,1020.0,0,0.0,0.0
2024-04-22 12:00:00+09:00,1020.0,1020.0,1011.0,1015.0,48500,0.0,0.0
2024-04-22 13:00:00+09:00,1014.0,1014.0,1008.0,1012.0,8400,0.0,0.0
2024-04-22 14:00:00+09:00,1012.0,1012.0,1004.0,1005.0,9400,0.0,0.0
2024-04-23 09:00:00+09:00,1010.0,1020.0,1010.0,1010.0,11900,0.0,0.0
2024-04-23 10:00:00+09:00,1011.0,1017.0,1009.0,1011.0,5200,0.0,0.0
2024-04-23 11:00:00+09:00,1009.0,1010.0,1007.0,1010.0,0,0.0,0.0
2024-04-23 12:00:00+09:00,1014.0,1014.0,1010.0,1012.0,21400,0.0,0.0
2024-04-23 13:00:00+09:00,1012.0,1016.0,1012.0,1016.0,5000,0.0,0.0
2024-04-23 14:00:00+09:00,1017.0,1024.0,1017.0,1021.0,10700,0.0,0.0
2024-04-24 09:00:00+09:00,1016.0,1016.0,1006.0,1009.0,15000,0.0,0.0
2024-04-24 10:00:00+09:00,1009.0,1011.0,1007.0,1009.0,4900,0.0,0.0
2024-04-24 11:00:00+09:00,1009.0,1014.0,1009.0,1013.0,0,0.0,0.0
2024-04-24 12:00:00+09:00,1011.0,1014.0,1009.0,1009.0,29100,0.0,0.0
2024-04-24 13:00:00+09:00,1009.0,1009.0,1007.0,1007.0,4900,0.0,0.0
2024-04-24 14:00:00+09:00,1007.0,1009.0,1002.0,1006.0,16800,0.0,0.0
2024-04-25 09:00:00+09:00,1000.0,1005.0,996.0,1001.0,16000,0.0,0.0
2024-04-25 10:00:00+09:00,1000.0,1000.0,996.0,996.0,8600,0.0,0.0
2024-04-25 11:00:00+09:00,996.0,998.0,996.0,998.0,0,0.0,0.0
2024-04-25 12:00:00+09:00,998.0,999.0,996.0,998.0,31200,0.0,0.0
2024-04-25 13:00:00+09:00,1000.0,1000.0,996.0,996.0,4400,0.0,0.0
2024-04-25 14:00:00+09:00,995.0,997.0,994.0,994.0,11700,0.0,0.0
2024-04-26 09:00:00+09:00,991.0,997.0,985.0,992.0,22500,0.0,0.0
2024-04-26 10:00:00+09:00,992.0,995.0,992.0,992.0,2900,0.0,0.0
2024-04-26 11:00:00+09:00,993.0,994.0,992.0,994.0,0,0.0,0.0
2024-04-26 12:00:00+09:00,995.0,1001.0,995.0,999.0,34300,0.0,0.0
2024-04-26 13:00:00+09:00,1000.0,1007.0,1000.0,1005.0,5600,0.0,0.0
2024-04-26 14:00:00+09:00,1006.0,1010.0,1004.0,1008.0,9500,0.0,0.0
2024-04-30 09:00:00+09:00,1013.0,1015.0,1003.0,1006.0,17800,0.0,0.0
2024-04-30 10:00:00+09:00,1006.0,1008.0,1005.0,1007.0,4900,0.0,0.0
2024-04-30 11:00:00+09:00,1007.0,1008.0,1004.0,1007.0,0,0.0,0.0
2024-04-30 12:00:00+09:00,1008.0,1008.0,1002.0,1002.0,32100,0.0,0.0
2024-04-30 13:00:00+09:00,1002.0,1008.0,1001.0,1006.0,8500,0.0,0.0
2024-04-30 14:00:00+09:00,1007.0,1012.0,1003.0,1011.0,13200,0.0,0.0
2024-05-01 09:00:00+09:00,1009.0,1013.0,1002.0,1002.0,10600,0.0,0.0
2024-05-01 10:00:00+09:00,1003.0,1007.0,1003.0,1003.0,3800,0.0,0.0
2024-05-01 11:00:00+09:00,1002.0,1002.0,999.0,1001.0,0,0.0,0.0
2024-05-01 12:00:00+09:00,1001.0,1005.0,1000.0,1003.0,22700,0.0,0.0
2024-05-01 13:00:00+09:00,1004.0,1004.0,1002.0,1003.0,3300,0.0,0.0
2024-05-01 14:00:00+09:00,1003.0,1008.0,1000.0,1000.0,16000,0.0,0.0
2024-05-02 09:00:00+09:00,1005.0,1029.0,1005.0,1026.0,19700,0.0,0.0
2024-05-02 10:00:00+09:00,1025.0,1026.0,1015.0,1018.0,4200,0.0,0.0
2024-05-02 11:00:00+09:00,1019.0,1025.0,1018.0,1024.0,0,0.0,0.0
2024-05-02 12:00:00+09:00,1029.0,1029.0,1026.0,1026.0,29600,0.0,0.0
2024-05-02 13:00:00+09:00,1028.0,1028.0,1024.0,1025.0,4100,0.0,0.0
2024-05-02 14:00:00+09:00,1025.0,1026.0,1020.0,1023.0,4800,0.0,0.0
2024-05-07 09:00:00+09:00,1023.0,1041.0,1023.0,1032.0,13500,0.0,0.0
2024-05-07 10:00:00+09:00,1031.0,1042.0,1031.0,1037.0,5000,0.0,0.0
2024-05-07 11:00:00+09:00,1037.0,1037.0,1034.0,1037.0,0,0.0,0.0
2024-05-07 12:00:00+09:00,1036.0,1040.0,1034.0,1040.0,25600,0.0,0.0
2024-05-07 13:00:00+09:00,1041.0,1051.0,1041.0,1050.0,8300,0.0,0.0
2024-05-07 14:00:00+09:00,1049.0,1053.0,1048.0,1050.0,13700,0.0,0.0
2024-05-08 09:00:00+09:00,1055.0,1075.0,1055.0,1072.0,21000,0.0,0.0
2024-05-08 10:00:00+09:00,1072.0,1082.0,1072.0,1075.0,23900,0.0,0.0
2024-05-08 11:00:00+09:00,1077.0,1077.0,1071.0,1074.0,0,0.0,0.0
2024-05-08 12:00:00+09:00,1072.0,1081.0,1072.0,1078.0,56900,0.0,0.0
2024-05-08 13:00:00+09:00,1080.0,1083.0,1078.0,1083.0,7800,0.0,0.0
2024-05-08 14:00:00+09:00,1083.0,1084.0,1079.0,1079.0,12600,0.0,0.0
2024-05-09 09:00:00+09:00,1083.0,1086.0,1047.0,1048.0,28300,0.0,0.0
2024-05-09 10:00:00+09:00,1047.0,1048.0,1042.0,1047.0,6400,0.0,0.0
2024-05-09 11:00:00+09:00,1047.0,1047.0,1045.0,1045.0,0,0.0,0.0
2024-05-09 12:00:00+09:00,1045.0,1049.0,1045.0,1049.0,39500,0.0,0.0
2024-05-09 13:00:00+09:00,1048.0,1050.0,1048.0,1050.0,3700,0.0,0.0
2024-05-09 14:00:00+09:00,1051.0,1051.0,1047.0,1048.0,4900,0.0,0.0
2024-05-10 09:00:00+09:00,1049.0,1051.0,1035.0,1038.0,7300,0.0,0.0
2024-05-10 10:00:00+09:00,1040.0,1043.0,1039.0,1039.0,3400,0.0,0.0
2024-05-10 11:00:00+09:00,1040.0,1040.0,1036.0,1036.0,0,0.0,0.0
2024-05-10 12:00:00+09:00,1034.0,1037.0,1034.0,1037.0,13400,0.0,0.0
2024-05-10 13:00:00+09:00,1035.0,1035.0,1029.0,1031.0,6200,0.0,0.0
2024-05-10 14:00:00+09:00,1032.0,1034.0,1029.0,1033.0,5700,0.0,0.0
2024-05-13 09:00:00+09:00,1028.0,1057.0,1028.0,1057.0,9700,0.0,0.0
2024-05-13 10:00:00+09:00,1058.0,1065.0,1057.0,1059.0,5100,0.0,0.0
2024-05-13 11:00:00+09:00,1061.0,1062.0,1061.0,1061.0,0,0.0,0.0
2024-05-13 12:00:00+09:00,1064.0,1064.0,1060.0,1061.0,16400,0.0,0.0
2024-05-13 13:00:00+09:00,1060.0,1062.0,1060.0,1062.0,800,0.0,0.0
2024-05-13 14:00:00+09:00,1057.0,1064.0,1057.0,1063.0,6000,0.0,0.0
2024-05-14 09:00:00+09:00,1060.0,1064.0,1053.0,1053.0,5500,0.0,0.0
2024-05-14 10:00:00+09:00,1055.0,1055.0,1051.0,1053.0,3100,0.0,0.0
2024-05-14 11:00:00+09:00,1053.0,1053.0,1053.0,1053.0,0,0.0,0.0
2024-05-14 12:00:00+09:00,1050.0,1052.0,1049.0,1052.0,12400,0.0,0.0
2024-05-14 13:00:00+09:00,1052.0,1054.0,1051.0,1052.0,2300,0.0,0.0
2024-05-14 14:00:00+09:00,1053.0,1064.0,1053.0,1059.0,6400,0.0,0.0
2024-05-15 09:00:00+09:00,1075.0,1075.0,1064.0,1071.0,7700,0.0,0.0
2024-05-15 10:00:00+09:00,1072.0,1076.0,1072.0,1073.0,3300,0.0,0.0
2024-05-15 11:00:00+09:00,1073.0,1078.0,1073.0,1075.0,0,0.0,0.0
2024-05-15 12:00:00+09:00,1078.0,1082.0,1078.0,1082.0,17100,0.0,0.0
2024-05-15 13:00:00+09:00,1080.0,1084.0,1079.0,1084.0,1700,0.0,0.0
2024-05-15 14:00:00+09:00,1082.0,1082.0,1077.0,1077.0,6300,0.0,0.0
2024-05-16 09:00:00+09:00,1076.0,1079.0,1062.0,1069.0,7800,0.0,0.0
2024-05-16 10:00:00+09:00,1069.0,1072.0,1067.0,1070.0,1100,0.0,0.0
2024-05-16 11:00:00+09:00,1070.0,1073.0,1069.0,1072.0,0,0.0,0.0
2024-05-16 12:00:00+09:00,1071.0,1090.0,1071.0,1089.0,17800,0.0,0.0
2024-05-16 13:00:00+09:00,1089.0,1089.0,1084.0,1088.0,4100,0.0,0.0
2024-05-16 14:00:00+09:00,1086.0,1098.0,1086.0,1094.0,14100,0.0,0.0
2024-05-17 09:00:00+09:00,1087.0,1109.0,1080.0,1103.0,17400,0.0,0.0
2024-05-17 10:00:00+09:00,1103.0,1110.0,1101.0,1105.0,5500,0.0,0.0
2024-05-17 11:00:00+09:00,1106.0,1107.0,1105.0,1105.0,0,0.0,0.0
2024-05-17 12:00:00+09:00,1105.0,1107.0,1104.0,1105.0,27500,0.0,0.0
2024-05-17 13:00:00+09:00,1104.0,1105.0,1098.0,1099.0,4200,0.0,0.0
2024-05-17 14:00:00+09:00,1100.0,1102.0,1095.0,1095.0,6100,0.0,0.0
2024-05-20 09:00:00+09:00,1093.0,1114.0,1092.0,1108.0,16900,0.0,0.0
2024-05-20 10:00:00+09:00,1108.0,1113.0,1108.0,1109.0,2500,0.0,0.0
2024-05-20 11:00:00+09:00,1108.0,1108.0,1098.0,1100.0,0,0.0,0.0
2024-05-20 12:00:00+09:00,1101.0,1103.0,1099.0,1102.0,28300,0.0,0.0
2024-05-20 13:00:00+09:00,1101.0,1103.0,1100.0,1100.0,3400,0.0,0.0
2024-05-20 14:00:00+09:00,1100.0,1104.0,1099.0,1099.0,7000,0.0,0.0
2024-05-21 09:00:00+09:00,1110.0,1111.0,1105.0,1105.0,6500,0.0,0.0
2024-05-21 10:00:00+09:00,1104.0,1104.0,1091.0,1092.0,7800,0.0,0.0
2024-05-21 11:00:00+09:00,1092.0,1092.0,1089.0,1092.0,0,0.0,0.0
2024-05-21 12:00:00+09:00,1092.0,1099.0,1092.0,1099.0,18600,0.0,0.0
2024-05-21 13:00:00+09:00,1098.0,1098.0,1093.0,1095.0,900,0.0,0.0
2024-05-21 14:00:00+09:00,1095.0,1096.0,1091.0,1094.0,3100,0.0,0.0
2024-05-22 09:00:00+09:00,1100.0,1103.0,1093.0,1102.0,7000,0.0,0.0
2024-05-22 10:00:00+09:00,1103.0,1103.0,1092.0,1092.0,5000,0.0,0.0
2024-05-22 11:00:00+09:00,1091.0,1092.0,1076.0,1076.0,0,0.0,0.0
2024-05-22 12:00:00+09:00,1076.0,1083.0,1076.0,1083.0,30200,0.0,0.0
2024-05-22 13:00:00+09:00,1082.0,1082.0,1076.0,1077.0,4000,0.0,0.0
2024-05-22 14:00:00+09:00,1077.0,1083.0,1073.0,1079.0,10400,0.0,0.0
2024-05-23 09:00:00+09:00,1080.0,1084.0,1063.0,1078.0,6900,0.0,0.0
2024-05-23 10:00:00+09:00,1080.0,1081.0,1078.0,1078.0,2300,0.0,0.0
2024-05-23 11:00:00+09:00,1079.0,1086.0,1079.0,1081.0,0,0.0,0.0
2024-05-23 12:00:00+09:00,1089.0,1089.0,1083.0,1083.0,14500,0.0,0.0
2024-05-23 13:00:00+09:00,1084.0,1086.0,1083.0,1084.0,2700,0.0,0.0
2024-05-23 14:00:00+09:00,1083.0,1089.0,1083.0,1086.0,5000,0.0,0.0
2024-05-24 09:00:00+09:00,1078.0,1083.0,1077.0,1081.0,2600,0.0,0.0
2024-05-24 10:00:00+09:00,1081.0,1081.0,1075.0,1077.0,3800,0.0,0.0
2024-05-24 11:00:00+09:00,1077.0,1078.0,1077.0,1078.0,0,0.0,0.0
2024-05-24 12:00:00+09:00,1077.0,1086.0,1077.0,1086.0,9400,0.0,0.0
2024-05-24 13:00:00+09:00,1089.0,1094.0,1089.0,1094.0,0,0.0,0.0
2024-05-24 14:00:00+09:00,1093.0,1094.0,1088.0,1092.0,17500,0.0,0.0
2024-05-27 09:00:00+09:00,1095.0,1095.0,1086.0,1086.0,0,0.0,0.0
2024-05-27 10:00:00+09:00,1085.0,1085.0,1079.0,1079.0,5800,0.0,0.0
2024-05-27 11:00:00+09:00,1079.0,1083.0,1079.0,1083.0,0,0.0,0.0
2024-05-27 12:00:00+09:00,1086.0,1086.0,1086.0,1086.0,6900,0.0,0.0
2024-05-27 13:00:00+09:00,1078.0,1085.0,1077.0,1085.0,1400,0.0,0.0
2024-05-27 14:00:00+09:00,1084.0,1088.0,1080.0,1086.0,6700,0.0,0.0
2024-05-28 09:00:00+09:00,1078.0,1088.0,1077.0,1084.0,4500,0.0,0.0
2024-05-28 10:00:00+09:00,1082.0,1082.0,1076.0,1076.0,4100,0.0,0.0
2024-05-28 11:00:00+09:00,1077.0,1079.0,1075.0,1075.0,0,0.0,0.0
2024-05-28 12:00:00+09:00,1075.0,1075.0,1071.0,1072.0,11600,0.0,0.0
2024-05-28 13:00:00+09:00,1072.0,1082.0,1071.0,1075.0,7400,0.0,0.0
2024-05-28 14:00:00+09:00,1076.0,1078.0,1074.0,1077.0,4600,0.0,0.0
2024-05-29 09:00:00+09:00,1074.0,1079.0,1069.0,1070.0,4600,0.0,0.0
2024-05-29 10:00:00+09:00,1071.0,1072.0,1067.0,1069.0,1900,0.0,0.0
2024-05-29 11:00:00+09:00,1071.0,1072.0,1071.0,1071.0,0,0.0,0.0
2024-05-29 12:00:00+09:00,1070.0,1070.0,1055.0,1055.0,12800,0.0,0.0
2024-05-29 13:00:00+09:00,1056.0,1056.0,1052.0,1052.0,0,0.0,0.0
2024-05-29 14:00:00+09:00,1052.0,1052.0,1045.0,1051.0,24000,0.0,0.0
2024-05-30 09:00:00+09:00,1042.0,1058.0,1038.0,1054.0,14300,0.0,0.0
2024-05-30 10:00:00+09:00,1056.0,1068.0,1055.0,1063.0,4000,0.0,0.0
2024-05-30 11:00:00+09:00,1064.0,1065.0,1062.0,1064.0,0,0.0,0.0
2024-05-30 12:00:00+09:00,1064.0,1064.0,1059.0,1061.0,22100,0.0,0.0
2024-05-30 13:00:00+09:00,1062.0,1062.0,1060.0,1061.0,2400,0.0,0.0
2024-05-30 14:00:00+09:00,1060.0,1060.0,1050.0,1052.0,5600,0.0,0.0
2024-05-31 09:00:00+09:00,1060.0,1065.0,1050.0,1056.0,10700,0.0,0.0
2024-05-31 10:00:00+09:00,1056.0,1057.0,1053.0,1053.0,1500,0.0,0.0
2024-05-31 11:00:00+09:00,1055.0,1055.0,1052.0,1052.0,0,0.0,0.0
2024-05-31 12:00:00+09:00,1050.0,1059.0,1050.0,1058.0,18600,0.0,0.0
2024-05-31 13:00:00+09:00,1057.0,1060.0,1052.0,1059.0,3000,0.0,0.0
2024-05-31 14:00:00+09:00,1059.0,1062.0,1055.0,1057.0,11000,0.0,0.0
2024-06-03 09:00:00+09:00,1059.0,1060.0,1050.0,1055.0,9400,0.0,0.0
2024-06-03 10:00:00+09:00,1056.0,1057.0,1038.0,1046.0,11000,0.0,0.0
2024-06-03 11:00:00+09:00,1045.0,1045.0,1043.0,1043.0,0,0.0,0.0
2024-06-03 12:00:00+09:00,1041.0,1045.0,1040.0,1044.0,24900,0.0,0.0
2024-06-03 13:00:00+09:00,1045.0,1047.0,1043.0,1047.0,5600,0.0,0.0
2024-06-03 14:00:00+09:00,1047.0,1048.0,1044.0,1045.0,6300,0.0,0.0
2024-06-04 09:00:00+09:00,1050.0,1055.0,1047.0,1055.0,5300,0.0,0.0
2024-06-04 10:00:00+09:00,1053.0,1064.0,1052.0,1064.0,8000,0.0,0.0
2024-06-04 11:00:00+09:00,1062.0,1067.0,1060.0,1067.0,0,0.0,0.0
2024-06-04 12:00:00+09:00,1067.0,1068.0,1063.0,1066.0,20000,0.0,0.0
2024-06-04 13:00:00+09:00,1064.0,1066.0,1060.0,1060.0,0,0.0,0.0
2024-06-04 14:00:00+09:00,1062.0,1062.0,1047.0,1047.0,35500,0.0,0.0
2024-06-05 09:00:00+09:00,1042.0,1042.0,1018.0,1023.0,22300,0.0,0.0
2024-06-05 10:00:00+09:00,1022.0,1028.0,1020.0,1027.0,2600,0.0,0.0
2024-06-05 11:00:00+09:00,1027.0,1031.0,1027.0,1029.0,0,0.0,0.0
2024-06-05 12:00:00+09:00,1043.0,1043.0,1036.0,1043.0,32700,0.0,0.0
2024-06-05 13:00:00+09:00,1043.0,1047.0,1034.0,1034.0,9300,0.0,0.0
2024-06-05 14:00:00+09:00,1034.0,1035.0,1027.0,1032.0,9800,0.0,0.0
2024-06-06 09:00:00+09:00,1044.0,1044.0,1017.0,1017.0,9100,0.0,0.0
2024-06-06 10:00:00+09:00,1018.0,1020.0,1012.0,1018.0,8000,0.0,0.0
2024-06-06 11:00:00+09:00,1016.0,1016.0,1014.0,1014.0,0,0.0,0.0
2024-06-06 12:00:00+09:00,1013.0,1014.0,1010.0,1013.0,24500,0.0,0.0
2024-06-06 13:00:00+09:00,1011.0,1012.0,1011.0,1011.0,2800,0.0,0.0
2024-06-06 14:00:00+09:00,1011.0,1015.0,1011.0,1011.0,7600,0.0,0.0
2024-06-07 09:00:00+09:00,1021.0,1028.0,1015.0,1021.0,7600,0.0,0.0
2024-06-07 10:00:00+09:00,1023.0,1031.0,1023.0,1026.0,5400,0.0,0.0
2024-06-07 11:00:00+09:00,1026.0,1026.0,1025.0,1025.0,0,0.0,0.0
2024-06-07 12:00:00+09:00,1025.0,1029.0,1025.0,1029.0,17800,0.0,0.0
2024-06-07 13:00:00+09:00,1030.0,1032.0,1023.0,1024.0,3200,0.0,0.0
2024-06-07 14:00:00+09:00,1025.0,1030.0,1024.0,1027.0,5500,0.0,0.0
2024-06-10 09:00:00+09:00,1032.0,1057.0,1029.0,1054.0,15000,0.0,0.0
2024-06-10 10:00:00+09:00,1054.0,1056.0,1051.0,1051.0,3700,0.0,0.0
2024-06-10 11:00:00+09:00,1052.0,1054.0,1051.0,1051.0,0,0.0,0.0
2024-06-10 12:00:00+09:00,1058.0,1061.0,1055.0,1055.0,25500,0.0,0.0
2024-06-10 13:00:00+09:00,1056.0,1062.0,1055.0,1062.0,3000,0.0,0.0
2024-06-10 14:00:00+09:00,1062.0,1070.0,1061.0,1070.0,8000,0.0,0.0
2024-06-11 09:00:00+09:00,1070.0,1070.0,1064.0,1069.0,3700,0.0,0.0
2024-06-11 10:00:00+09:00,1067.0,1074.0,1066.0,1071.0,3700,0.0,0.0
2024-06-11 11:00:00+09:00,1071.0,1071.0,1070.0,1070.0,0,0.0,0.0
2024-06-11 12:00:00+09:00,1070.0,1072.0,1068.0,1072.0,10100,0.0,0.0
2024-06-11 13:00:00+09:00,1072.0,1072.0,1059.0,1063.0,7400,0.0,0.0
2024-06-11 14:00:00+09:00,1062.0,1062.0,1057.0,1059.0,4900,0.0,0.0
2024-06-12 09:00:00+09:00,1051.0,1063.0,1050.0,1056.0,5100,0.0,0.0
2024-06-12 10:00:00+09:00,1057.0,1057.0,1046.0,1046.0,2200,0.0,0.0
2024-06-12 11:00:00+09:00,1047.0,1052.0,1047.0,1049.0,0,0.0,0.0
2024-06-12 12:00:00+09:00,1049.0,1054.0,1049.0,1053.0,8900,0.0,0.0
2024-06-12 13:00:00+09:00,1053.0,1053.0,1049.0,1049.0,1400,0.0,0.0
2024-06-12 14:00:00+09:00,1051.0,1053.0,1048.0,1053.0,3400,0.0,0.0
2024-06-13 09:00:00+09:00,1052.0,1053.0,1047.0,1051.0,2400,0.0,0.0
2024-06-13 10:00:00+09:00,1053.0,1059.0,1047.0,1053.0,6600,0.0,0.0
2024-06-13 11:00:00+09:00,1052.0,1054.0,1050.0,1050.0,0,0.0,0.0
2024-06-13 12:00:00+09:00,1050.0,1053.0,1049.0,1053.0,13100,0.0,0.0
2024-06-13 13:00:00+09:00,1053.0,1054.0,1047.0,1050.0,0,0.0,0.0
2024-06-13 14:00:00+09:00,1050.0,1053.0,1045.0,1045.0,21800,0.0,0.0
2024-06-14 09:00:00+09:00,1031.0,1068.0,1031.0,1063.0,0,0.0,0.0
2024-06-14 10:00:00+09:00,1061.0,1071.0,1060.0,1071.0,33000,0.0,0.0
2024-06-14 11:00:00+09:00,1072.0,1075.0,1069.0,1069.0,0,0.0,0.0
2024-06-14 12:00:00+09:00,1074.0,1074.0,1064.0,1068.0,38300,0.0,0.0
2024-06-14 13:00:00+09:00,1070.0,1072.0,1065.0,1067.0,3700,0.0,0.0
2024-06-14 14:00:00+09:00,1067.0,1068.0,1061.0,1066.0,10500,0.0,0.0
2024-06-17 09:00:00+09:00,1050.0,1054.0,1044.0,1045.0,7800,0.0,0.0
2024-06-17 10:00:00+09:00,1044.0,1051.0,1042.0,1051.0,6500,0.0,0.0
2024-06-17 11:00:00+09:00,1052.0,1057.0,1052.0,1057.0,0,0.0,0.0
2024-06-17 12:00:00+09:00,1055.0,1058.0,1054.0,1055.0,19200,0.0,0.0
2024-06-17 13:00:00+09:00,1056.0,1058.0,1052.0,1056.0,4800,0.0,0.0
2024-06-17 14:00:00+09:00,1056.0,1058.0,1055.0,1055.0,6800,0.0,0.0
2024-06-18 09:00:00+09:00,1066.0,1069.0,1058.0,1059.0,5200,0.0,0.0
2024-06-18 10:00:00+09:00,1061.0,1062.0,1056.0,1059.0,4300,0.0,0.0
2024-06-18 11:00:00+09:00,1059.0,1066.0,1058.0,1064.0,0,0.0,0.0
2024-06-18 12:00:00+09:00,1059.0,1068.0,1059.0,1065.0,16600,0.0,0.0
2024-06-18 13:00:00+09:00,1064.0,1065.0,1061.0,1063.0,5400,0.0,0.0
2024-06-18 14:00:00+09:00,1063.0,1071.0,1062.0,1071.0,8300,0.0,0.0
2024-06-19 09:00:00+09:00,1078.0,1103.0,1078.0,1094.0,29500,0.0,0.0
2024-06-19 10:00:00+09:00,1095.0,1099.0,1094.0,1097.0,9900,0.0,0.0
2024-06-19 11:00:00+09:00,1097.0,1098.0,1088.0,1088.0,0,0.0,0.0
2024-06-19 12:00:00+09:00,1089.0,1092.0,1087.0,1089.0,50400,0.0,0.0
2024-06-19 13:00:00+09:00,1087.0,1091.0,1085.0,1085.0,6000,0.0,0.0
2024-06-19 14:00:00+09:00,1086.0,1098.0,1082.0,1098.0,14100,0.0,0.0
2024-06-20 09:00:00+09:00,1097.0,1114.0,1086.0,1088.0,30900,0.0,0.0
2024-06-20 10:00:00+09:00,1089.0,1089.0,1075.0,1084.0,6700,0.0,0.0
2024-06-20 11:00:00+09:00,1084.0,1087.0,1083.0,1085.0,0,0.0,0.0
2024-06-20 12:00:00+09:00,1084.0,1090.0,1084.0,1087.0,44600,0.0,0.0
2024-06-20 13:00:00+09:00,1089.0,1095.0,1088.0,1095.0,1700,0.0,0.0
2024-06-20 14:00:00+09:00,1095.0,1101.0,1092.0,1098.0,15300,0.0,0.0
2024-06-21 09:00:00+09:00,1093.0,1100.0,1086.0,1088.0,15700,0.0,0.0
2024-06-21 10:00:00+09:00,1088.0,1095.0,1084.0,1089.0,13600,0.0,0.0
2024-06-21 11:00:00+09:00,1086.0,1090.0,1080.0,1080.0,0,0.0,0.0
2024-06-21 12:00:00+09:00,1094.0,1094.0,1080.0,1089.0,39000,0.0,0.0
2024-06-21 13:00:00+09:00,1088.0,1089.0,1084.0,1088.0,6700,0.0,0.0
2024-06-21 14:00:00+09:00,1088.0,1098.0,1083.0,1094.0,22100,0.0,0.0
2024-06-24 09:00:00+09:00,1103.0,1103.0,1075.0,1083.0,14400,0.0,0.0
2024-06-24 10:00:00+09:00,1083.0,1085.0,1079.0,1082.0,6000,0.0,0.0
2024-06-24 11:00:00+09:00,1082.0,1082.0,1076.0,1077.0,0,0.0,0.0
2024-06-24 12:00:00+09:00,1083.0,1084.0,1078.0,1080.0,26500,0.0,0.0
2024-06-24 13:00:00+09:00,1079.0,1084.0,1079.0,1082.0,5500,0.0,0.0
2024-06-24 14:00:00+09:00,1081.0,1087.0,1080.0,1087.0,19000,0.0,0.0
2024-06-25 09:00:00+09:00,1082.0,1106.0,1082.0,1093.0,0,0.0,0.0
2024-06-25 10:00:00+09:00,1094.0,1102.0,1091.0,1098.0,33200,0.0,0.0
2024-06-25 11:00:00+09:00,1099.0,1108.0,1099.0,1107.0,0,0.0,0.0
2024-06-25 12:00:00+09:00,1107.0,1108.0,1097.0,1097.0,52700,0.0,0.0
2024-06-25 13:00:00+09:00,1097.0,1098.0,1087.0,1088.0,11700,0.0,0.0
2024-06-25 14:00:00+09:00,1089.0,1091.0,1073.0,1078.0,21300,0.0,0.0
2024-06-26 09:00:00+09:00,1096.0,1096.0,1052.0,1064.0,36200,0.0,0.0
2024-06-26 10:00:00+09:00,1069.0,1077.0,1064.0,1077.0,8500,0.0,0.0
2024-06-26 11:00:00+09:00,1076.0,1078.0,1073.0,1078.0,0,0.0,0.0
2024-06-26 12:00:00+09:00,1079.0,1082.0,1077.0,1078.0,57100,0.0,0.0
2024-06-26 13:00:00+09:00,1079.0,1083.0,1074.0,1074.0,32500,0.0,0.0
2024-06-26 14:00:00+09:00,1073.0,1079.0,1065.0,1070.0,45800,0.0,0.0
2024-06-27 09:00:00+09:00,1086.0,1097.0,1053.0,1066.0,50300,0.0,0.0
2024-06-27 10:00:00+09:00,1066.0,1109.0,1060.0,1104.0,22900,0.0,0.0
2024-06-27 11:00:00+09:00,1108.0,1110.0,1099.0,1099.0,0,0.0,0.0
2024-06-27 12:00:00+09:00,1108.0,1123.0,1102.0,1105.0,102800,0.0,0.0
2024-06-27 13:00:00+09:00,1105.0,1108.0,1092.0,1098.0,8500,0.0,0.0
2024-06-27 14:00:00+09:00,1097.0,1106.0,1094.0,1106.0,12400,0.0,0.0
2024-06-28 09:00:00+09:00,1118.0,1135.0,1099.0,1117.0,22800,0.0,0.0
2024-06-28 10:00:00+09:00,1119.0,1121.0,1102.0,1108.0,4200,0.0,0.0
2024-06-28 11:00:00+09:00,1108.0,1117.0,1107.0,1110.0,0,0.0,0.0
2024-06-28 12:00:00+09:00,1111.0,1116.0,1110.0,1110.0,30900,0.0,0.0
2024-06-28 13:00:00+09:00,1112.0,1112.0,1109.0,1109.0,2700,0.0,0.0
2024-06-28 14:00:00+09:00,1109.0,1110.0,1100.0,1106.0,6000,0.0,0.0
2024-07-01 09:00:00+09:00,1128.0,1157.0,1115.0,1115.0,36300,0.0,0.0
2024-07-01 10:00:00+09:00,1111.0,1121.0,1111.0,1111.0,4500,0.0,0.0
2024-07-01 11:00:00+09:00,1114.0,1114.0,1110.0,1110.0,0,0.0,0.0
2024-07-01 12:00:00+09:00,1111.0,1116.0,1107.0,1107.0,45300,0.0,0.0
2024-07-01 13:00:00+09:00,1106.0,1106.0,1079.0,1086.0,9100,0.0,0.0
2024-07-01 14:00:00+09:00,1084.0,1101.0,1082.0,1095.0,12800,0.0,0.0
2024-07-02 09:00:00+09:00,1106.0,1116.0,1087.0,1089.0,16700,0.0,0.0
2024-07-02 10:00:00+09:00,1088.0,1090.0,1085.0,1088.0,4200,0.0,0.0
2024-07-02 11:00:00+09:00,1087.0,1087.0,1078.0,1080.0,0,0.0,0.0
2024-07-02 12:00:00+09:00,1081.0,1082.0,1079.0,1082.0,26800,0.0,0.0
2024-07-02 13:00:00+09:00,1082.0,1084.0,1077.0,1078.0,4000,0.0,0.0
2024-07-02 14:00:00+09:00,1077.0,1082.0,1075.0,1077.0,5500,0.0,0.0
2024-07-03 09:00:00+09:00,1076.0,1085.0,1068.0,1069.0,9800,0.0,0.0
2024-07-03 10:00:00+09:00,1071.0,1075.0,1066.0,1066.0,1800,0.0,0.0
2024-07-03 11:00:00+09:00,1065.0,1070.0,1065.0,1070.0,0,0.0,0.0
2024-07-03 12:00:00+09:00,1072.0,1072.0,1070.0,1071.0,13900,0.0,0.0
2024-07-03 13:00:00+09:00,1069.0,1069.0,1067.0,1068.0,2500,0.0,0.0
2024-07-03 14:00:00+09:00,1067.0,1072.0,1066.0,1072.0,2600,0.0,0.0
2024-07-04 09:00:00+09:00,1079.0,1087.0,1062.0,1062.0,7600,0.0,0.0
2024-07-04 10:00:00+09:00,1063.0,1066.0,1060.0,1060.0,1800,0.0,0.0
2024-07-04 11:00:00+09:00,1061.0,1064.0,1059.0,1063.0,0,0.0,0.0
2024-07-04 12:00:00+09:00,1066.0,1068.0,1066.0,1068.0,12400,0.0,0.0
2024-07-04 13:00:00+09:00,1068.0,1071.0,1066.0,1067.0,3100,0.0,0.0
2024-07-04 14:00:00+09:00,1066.0,1072.0,1066.0,1072.0,3600,0.0,0.0
2024-07-05 09:00:00+09:00,1072.0,1072.0,1062.0,1065.0,8400,0.0,0.0
2024-07-05 10:00:00+09:00,1064.0,1072.0,1064.0,1067.0,2600,0.0,0.0
2024-07-05 11:00:00+09:00,1067.0,1068.0,1067.0,1068.0,0,0.0,0.0
2024-07-05 12:00:00+09:00,1068.0,1072.0,1067.0,1071.0,14300,0.0,0.0
2024-07-05 13:00:00+09:00,1071.0,1072.0,1068.0,1069.0,2700,0.0,0.0
2024-07-05 14:00:00+09:00,1068.0,1069.0,1065.0,1065.0,4100,0.0,0.0
2024-07-08 09:00:00+09:00,1065.0,1065.0,1048.0,1050.0,11400,0.0,0.0
2024-07-08 10:00:00+09:00,1053.0,1060.0,1051.0,1059.0,3100,0.0,0.0
2024-07-08 11:00:00+09:00,1059.0,1063.0,1058.0,1059.0,0,0.0,0.0
2024-07-08 12:00:00+09:00,1059.0,1065.0,1059.0,1064.0,16900,0.0,0.0
2024-07-08 13:00:00+09:00,1062.0,1065.0,1061.0,1064.0,3500,0.0,0.0
2024-07-08 14:00:00+09:00,1063.0,1063.0,1059.0,1061.0,2500,0.0,0.0
2024-07-09 09:00:00+09:00,1068.0,1071.0,1064.0,1068.0,4800,0.0,0.0
2024-07-09 10:00:00+09:00,1070.0,1070.0,1066.0,1067.0,2800,0.0,0.0
2024-07-09 11:00:00+09:00,1069.0,1069.0,1047.0,1052.0,0,0.0,0.0
2024-07-09 12:00:00+09:00,1057.0,1057.0,1051.0,1051.0,37000,0.0,0.0
2024-07-09 13:00:00+09:00,1052.0,1053.0,1051.0,1052.0,2800,0.0,0.0
2024-07-09 14:00:00+09:00,1052.0,1059.0,1052.0,1058.0,7000,0.0,0.0
2024-07-10 09:00:00+09:00,1067.0,1067.0,1048.0,1051.0,3700,0.0,0.0
2024-07-10 10:00:00+09:00,1050.0,1057.0,1050.0,1055.0,4400,0.0,0.0
2024-07-10 11:00:00+09:00,1055.0,1056.0,1053.0,1053.0,0,0.0,0.0
2024-07-10 12:00:00+09:00,1053.0,1053.0,1045.0,1046.0,14000,0.0,0.0
2024-07-10 13:00:00+09:00,1049.0,1050.0,1045.0,1047.0,3200,0.0,0.0
2024-07-10 14:00:00+09:00,1048.0,1054.0,1048.0,1051.0,3200,0.0,0.0
2024-07-11 09:00:00+09:00,1065.0,1065.0,1045.0,1049.0,6600,0.0,0.0
2024-07-11 10:00:00+09:00,1049.0,1058.0,1046.0,1058.0,3800,0.0,0.0
2024-07-11 11:00:00+09:00,1057.0,1064.0,1057.0,1061.0,0,0.0,0.0
2024-07-11 12:00:00+09:00,1058.0,1066.0,1058.0,1066.0,18700,0.0,0.0
2024-07-11 13:00:00+09:00,1065.0,1070.0,1065.0,1067.0,3200,0.0,0.0
2024-07-11 14:00:00+09:00,1068.0,1071.0,1064.0,1064.0,12800,0.0,0.0
2024-07-12 09:00:00+09:00,1061.0,1098.0,1061.0,1090.0,25400,0.0,0.0
2024-07-12 10:00:00+09:00,1090.0,1096.0,1089.0,1092.0,7800,0.0,0.0
2024-07-12 11:00:00+09:00,1094.0,1094.0,1085.0,1087.0,0,0.0,0.0
2024-07-12 12:00:00+09:00,1088.0,1090.0,1075.0,1076.0,39500,0.0,0.0
2024-07-12 13:00:00+09:00,1077.0,1084.0,1072.0,1084.0,3500,0.0,0.0
2024-07-12 14:00:00+09:00,1080.0,1087.0,1078.0,1087.0,5300,0.0,0.0
2024-07-16 09:00:00+09:00,1085.0,1089.0,1068.0,1083.0,13400,0.0,0.0
2024-07-16 10:00:00+09:00,1083.0,1083.0,1074.0,1079.0,5100,0.0,0.0
2024-07-16 11:00:00+09:00,1078.0,1083.0,1076.0,1080.0,0,0.0,0.0
2024-07-16 12:00:00+09:00,1085.0,1085.0,1081.0,1082.0,23200,0.0,0.0
2024-07-16 13:00:00+09:00,1082.0,1082.0,1078.0,1081.0,0,0.0,0.0
2024-07-16 14:00:00+09:00,1080.0,1080.0,1070.0,1070.0,31200,0.0,0.0
2024-07-17 09:00:00+09:00,1078.0,1079.0,1066.0,1066.0,12800,0.0,0.0
2024-07-17 10:00:00+09:00,1065.0,1066.0,1054.0,1060.0,11600,0.0,0.0
2024-07-17 11:00:00+09:00,1063.0,1063.0,1060.0,1061.0,0,0.0,0.0
2024-07-17 12:00:00+09:00,1066.0,1066.0,1062.0,1063.0,29100,0.0,0.0
2024-07-17 13:00:00+09:00,1063.0,1066.0,1062.0,1064.0,3200,0.0,0.0
2024-07-17 14:00:00+09:00,1063.0,1065.0,1061.0,1064.0,5100,0.0,0.0
2024-07-18 09:00:00+09:00,1055.0,1055.0,1027.0,1044.0,28000,0.0,0.0
2024-07-18 10:00:00+09:00,1046.0,1058.0,1046.0,1051.0,9200,0.0,0.0
2024-07-18 11:00:00+09:00,1051.0,1052.0,1048.0,1048.0,0,0.0,0.0
2024-07-18 12:00:00+09:00,1048.0,1051.0,1046.0,1049.0,44200,0.0,0.0
2024-07-18 13:00:00+09:00,1048.0,1051.0,1043.0,1044.0,6800,0.0,0.0
2024-07-18 14:00:00+09:00,1044.0,1044.0,1034.0,1037.0,15100,0.0,0.0
2024-07-19 09:00:00+09:00,1029.0,1029.0,1014.0,1016.0,26600,0.0,0.0
2024-07-19 10:00:00+09:00,1017.0,1019.0,1012.0,1012.0,8900,0.0,0.0
2024-07-19 11:00:00+09:00,1012.0,1013.0,1011.0,1011.0,0,0.0,0.0
2024-07-19 12:00:00+09:00,1012.0,1018.0,1010.0,1018.0,48500,0.0,0.0
2024-07-19 13:00:00+09:00,1016.0,1019.0,1015.0,1016.0,4600,0.0,0.0
2024-07-19 14:00:00+09:00,1016.0,1016.0,1010.0,1011.0,9300,0.0,0.0
2024-07-22 09:00:00+09:00,1011.0,1023.0,996.0,1002.0,0,0.0,0.0
2024-07-22 10:00:00+09:00,1001.0,1006.0,1001.0,1003.0,35300,0.0,0.0
2024-07-22 11:00:00+09:00,1004.0,1008.0,1004.0,1005.0,0,0.0,0.0
2024-07-22 12:00:00+09:00,1003.0,1008.0,1002.0,1007.0,44700,0.0,0.0
2024-07-22 13:00:00+09:00,1008.0,1009.0,1007.0,1007.0,6000,0.0,0.0
2024-07-22 14:00:00+09:00,1007.0,1008.0,1004.0,1004.0,5500,0.0,0.0
2024-07-23 09:00:00+09:00,1033.0,1033.0,1010.0,1024.0,34400,0.0,0.0
2024-07-23 10:00:00+09:00,1023.0,1048.0,1023.0,1045.0,30300,0.0,0.0
2024-07-23 11:00:00+09:00,1043.0,1056.0,1041.0,1054.0,0,0.0,0.0
2024-07-23 12:00:00+09:00,1065.0,1114.0,1062.0,1105.0,144400,0.0,0.0
2024-07-23 13:00:00+09:00,1105.0,1150.0,1100.0,1136.0,109700,0.0,0.0
2024-07-23 14:00:00+09:00,1137.0,1217.0,1134.0,1160.0,260900,0.0,0.0
2024-07-24 09:00:00+09:00,1110.0,1131.0,1073.0,1094.0,59800,0.0,0.0
2024-07-24 10:00:00+09:00,1093.0,1095.0,1078.0,1079.0,11200,0.0,0.0
2024-07-24 11:00:00+09:00,1079.0,1090.0,1073.0,1090.0,0,0.0,0.0
2024-07-24 12:00:00+09:00,1076.0,1083.0,1076.0,1078.0,86800,0.0,0.0
2024-07-24 13:00:00+09:00,1078.0,1078.0,1062.0,1066.0,13000,0.0,0.0
2024-07-24 14:00:00+09:00,1065.0,1068.0,1054.0,1064.0,19600,0.0,0.0
2024-07-25 09:00:00+09:00,1065.0,1065.0,1037.0,1037.0,21300,0.0,0.0
2024-07-25 10:00:00+09:00,1036.0,1047.0,1031.0,1040.0,7300,0.0,0.0
2024-07-25 11:00:00+09:00,1040.0,1042.0,1036.0,1038.0,0,0.0,0.0
2024-07-25 12:00:00+09:00,1035.0,1039.0,1034.0,1035.0,36500,0.0,0.0
2024-07-25 13:00:00+09:00,1036.0,1052.0,1036.0,1041.0,9200,0.0,0.0
2024-07-25 14:00:00+09:00,1040.0,1041.0,1031.0,1031.0,11700,0.0,0.0
2024-07-26 09:00:00+09:00,1027.0,1036.0,1023.0,1025.0,9900,0.0,0.0
2024-07-26 10:00:00+09:00,1026.0,1027.0,1021.0,1022.0,4600,0.0,0.0
2024-07-26 11:00:00+09:00,1022.0,1026.0,1021.0,1024.0,0,0.0,0.0
2024-07-26 12:00:00+09:00,1021.0,1029.0,1021.0,1028.0,24200,0.0,0.0
2024-07-26 13:00:00+09:00,1028.0,1029.0,1026.0,1026.0,3300,0.0,0.0
2024-07-26 14:00:00+09:00,1025.0,1053.0,1025.0,1052.0,20700,0.0,0.0
2024-07-29 09:00:00+09:00,1053.0,1057.0,1047.0,1051.0,5400,0.0,0.0
2024-07-29 10:00:00+09:00,1051.0,1058.0,1051.0,1055.0,3900,0.0,0.0
2024-07-29 11:00:00+09:00,1056.0,1056.0,1044.0,1044.0,0,0.0,0.0
2024-07-29 12:00:00+09:00,1042.0,1048.0,1042.0,1047.0,12900,0.0,0.0
2024-07-29 13:00:00+09:00,1048.0,1054.0,1045.0,1053.0,2900,0.0,0.0
2024-07-29 14:00:00+09:00,1053.0,1063.0,1053.0,1056.0,7200,0.0,0.0
2024-07-30 09:00:00+09:00,1057.0,1080.0,1048.0,1077.0,8000,0.0,0.0
2024-07-30 10:00:00+09:00,1076.0,1077.0,1066.0,1068.0,3900,0.0,0.0
2024-07-30 11:00:00+09:00,1070.0,1079.0,1070.0,1070.0,0,0.0,0.0
2024-07-30 12:00:00+09:00,1071.0,1076.0,1071.0,1076.0,17300,0.0,0.0
2024-07-30 13:00:00+09:00,1075.0,1082.0,1071.0,1078.0,8900,0.0,0.0
2024-07-30 14:00:00+09:00,1077.0,1082.0,1074.0,1082.0,5200,0.0,0.0
2024-07-31 09:00:00+09:00,1088.0,1090.0,1066.0,1074.0,13600,0.0,0.0
2024-07-31 10:00:00+09:00,1076.0,1089.0,1074.0,1084.0,4100,0.0,0.0
2024-07-31 11:00:00+09:00,1085.0,1091.0,1085.0,1089.0,0,0.0,0.0
2024-07-31 12:00:00+09:00,1089.0,1091.0,1087.0,1088.0,26600,0.0,0.0
2024-07-31 13:00:00+09:00,1087.0,1087.0,1081.0,1085.0,2800,0.0,0.0
2024-07-31 14:00:00+09:00,1086.0,1109.0,1085.0,1109.0,18500,0.0,0.0
2024-08-01 09:00:00+09:00,1109.0,1114.0,1049.0,1087.0,9100,0.0,0.0
2024-08-01 10:00:00+09:00,1083.0,1083.0,1068.0,1076.0,0,0.0,0.0
2024-08-01 11:00:00+09:00,1075.0,1077.0,1071.0,1074.0,0,0.0,0.0
2024-08-01 12:00:00+09:00,1074.0,1075.0,1070.0,1075.0,15400,0.0,0.0
2024-08-01 13:00:00+09:00,1075.0,1076.0,1070.0,1075.0,2100,0.0,0.0
2024-08-01 14:00:00+09:00,1075.0,1076.0,1071.0,1074.0,4700,0.0,0.0
2024-08-02 09:00:00+09:00,1066.0,1072.0,1040.0,1040.0,9900,0.0,0.0
2024-08-02 10:00:00+09:00,1042.0,1068.0,1040.0,1061.0,5600,0.0,0.0
2024-08-02 11:00:00+09:00,1058.0,1064.0,1056.0,1059.0,0,0.0,0.0
2024-08-02 12:00:00+09:00,1046.0,1059.0,1044.0,1044.0,22000,0.0,0.0
2024-08-02 13:00:00+09:00,1044.0,1050.0,1034.0,1036.0,10100,0.0,0.0
2024-08-02 14:00:00+09:00,1036.0,1036.0,1024.0,1025.0,11400,0.0,0.0
2024-08-05 09:00:00+09:00,999.0,1016.0,995.0,1010.0,17000,0.0,0.0
2024-08-05 10:00:00+09:00,1013.0,1013.0,998.0,999.0,6300,0.0,0.0
2024-08-05 11:00:00+09:00,1000.0,1014.0,1000.0,1014.0,0,0.0,0.0
2024-08-05 12:00:00+09:00,1014.0,1014.0,1004.0,1004.0,26900,0.0,0.0
2024-08-05 13:00:00+09:00,1001.0,1001.0,985.0,985.0,8900,0.0,0.0
2024-08-05 14:00:00+09:00,982.0,982.0,939.0,944.0,14600,0.0,0.0
2024-08-06 09:00:00+09:00,959.0,1017.0,959.0,1017.0,17200,0.0,0.0
2024-08-06 10:00:00+09:00,1016.0,1023.0,974.0,987.0,9900,0.0,0.0
2024-08-06 11:00:00+09:00,990.0,996.0,984.0,996.0,0,0.0,0.0
2024-08-06 12:00:00+09:00,1019.0,1019.0,1007.0,1011.0,31600,0.0,0.0
2024-08-06 13:00:00+09:00,1010.0,1010.0,1001.0,1003.0,0,0.0,0.0
2024-08-06 14:00:00+09:00,998.0,1025.0,994.0,1025.0,43500,0.0,0.0
2024-08-07 09:00:00+09:00,989.0,1023.0,988.0,1020.0,3400,0.0,0.0
2024-08-07 10:00:00+09:00,1019.0,1045.0,1016.0,1038.0,4600,0.0,0.0
2024-08-07 11:00:00+09:00,1040.0,1043.0,1036.0,1043.0,0,0.0,0.0
2024-08-07 12:00:00+09:00,1018.0,1042.0,1018.0,1037.0,12900,0.0,0.0
2024-08-07 13:00:00+09:00,1035.0,1041.0,1026.0,1041.0,2600,0.0,0.0
2024-08-07 14:00:00+09:00,1041.0,1041.0,1014.0,1014.0,5000,0.0,0.0
2024-08-08 09:00:00+09:00,1037.0,1041.0,1023.0,1034.0,0,0.0,0.0
2024-08-08 10:00:00+09:00,1039.0,1050.0,1039.0,1048.0,9200,0.0,0.0
2024-08-08 11:00:00+09:00,1050.0,1055.0,1049.0,1055.0,0,0.0,0.0
2024-08-08 12:00:00+09:00,1060.0,1066.0,1060.0,1060.0,16200,0.0,0.0
2024-08-08 13:00:00+09:00,1058.0,1058.0,1045.0,1045.0,1600,0.0,0.0
2024-08-08 14:00:00+09:00,1045.0,1047.0,1030.0,1030.0,5300,0.0,0.0
2024-08-09 09:00:00+09:00,1060.0,1064.0,1042.0,1064.0,10600,0.0,0.0
2024-08-09 10:00:00+09:00,1062.0,1062.0,1056.0,1059.0,2500,0.0,0.0
2024-08-09 11:00:00+09:00,1058.0,1060.0,1057.0,1060.0,0,0.0,0.0
2024-08-09 12:00:00+09:00,1061.0,1063.0,1059.0,1059.0,15200,0.0,0.0
2024-08-09 13:00:00+09:00,1061.0,1061.0,1050.0,1050.0,2100,0.0,0.0
2024-08-09 14:00:00+09:00,1051.0,1075.0,1049.0,1065.0,8600,0.0,0.0
2024-08-13 09:00:00+09:00,1064.0,1069.0,1061.0,1069.0,1700,0.0,0.0
2024-08-13 10:00:00+09:00,1069.0,1069.0,1065.0,1065.0,900,0.0,0.0
2024-08-13 11:00:00+09:00,1061.0,1066.0,1061.0,1061.0,0,0.0,0.0
2024-08-13 12:00:00+09:00,1059.0,1068.0,1059.0,1067.0,4200,0.0,0.0
2024-08-13 13:00:00+09:00,1064.0,1066.0,1062.0,1066.0,900,0.0,0.0
2024-08-13 14:00:00+09:00,1064.0,1066.0,1060.0,1061.0,800,0.0,0.0
2024-08-14 09:00:00+09:00,1062.0,1062.0,1047.0,1050.0,4600,0.0,0.0
2024-08-14 10:00:00+09:00,1051.0,1061.0,1047.0,1061.0,4400,0.0,0.0
2024-08-14 11:00:00+09:00,1067.0,1086.0,1067.0,1080.0,0,0.0,0.0
2024-08-14 12:00:00+09:00,1074.0,1108.0,1074.0,1105.0,29900,0.0,0.0
2024-08-14 13:00:00+09:00,1104.0,1112.0,1104.0,1111.0,7300,0.0,0.0
2024-08-14 14:00:00+09:00,1110.0,1119.0,1110.0,1119.0,13600,0.0,0.0
2024-08-15 09:00:00+09:00,1120.0,1123.0,1104.0,1122.0,14300,0.0,0.0
2024-08-15 10:00:00+09:00,1122.0,1137.0,1122.0,1136.0,12400,0.0,0.0
2024-08-15 11:00:00+09:00,1136.0,1138.0,1135.0,1138.0,0,0.0,0.0
2024-08-15 12:00:00+09:00,1133.0,1143.0,1129.0,1141.0,39400,0.0,0.0
2024-08-15 13:00:00+09:00,1138.0,1151.0,1136.0,1143.0,7000,0.0,0.0
2024-08-15 14:00:00+09:00,1143.0,1154.0,1142.0,1150.0,10400,0.0,0.0
2024-08-16 09:00:00+09:00,1150.0,1180.0,1150.0,1175.0,23900,0.0,0.0
2024-08-16 10:00:00+09:00,1175.0,1196.0,1172.0,1196.0,16000,0.0,0.0
2024-08-16 11:00:00+09:00,1195.0,1198.0,1186.0,1188.0,0,0.0,0.0
2024-08-16 12:00:00+09:00,1185.0,1194.0,1173.0,1191.0,48200,0.0,0.0
2024-08-16 13:00:00+09:00,1190.0,1194.0,1188.0,1193.0,7700,0.0,0.0
2024-08-16 14:00:00+09:00,1192.0,1213.0,1192.0,1213.0,28100,0.0,0.0
