Datetime,Open,High,Low,Close,Volume,Dividends,Stock Splits
2022-08-18 09:00:00+09:00,3485.0,3515.0,3435.0,3445.0,48800,0.0,0.0
2022-08-18 10:00:00+09:00,3445.0,3475.0,3435.0,3465.0,27000,0.0,0.0
2022-08-18 11:00:00+09:00,3455.0,3470.0,3445.0,3465.0,0,0.0,0.0
2022-08-18 12:00:00+09:00,3465.0,3475.0,3415.0,3430.0,163100,0.0,0.0
2022-08-18 13:00:00+09:00,3425.0,3425.0,3405.0,3405.0,33400,0.0,0.0
2022-08-18 14:00:00+09:00,3405.0,3420.0,3385.0,3390.0,65100,0.0,0.0
2022-08-19 09:00:00+09:00,3415.0,3455.0,3405.0,3440.0,56500,0.0,0.0
2022-08-19 10:00:00+09:00,3445.0,3470.0,3440.0,3470.0,31500,0.0,0.0
2022-08-19 11:00:00+09:00,3465.0,3475.0,3450.0,3475.0,0,0.0,0.0
2022-08-19 12:00:00+09:00,3480.0,3490.0,3460.0,3470.0,132500,0.0,0.0
2022-08-19 13:00:00+09:00,3470.0,3475.0,3455.0,3470.0,40200,0.0,0.0
2022-08-19 14:00:00+09:00,3465.0,3490.0,3465.0,3490.0,44700,0.0,0.0
2022-08-22 09:00:00+09:00,3450.0,3555.0,3435.0,3540.0,0,0.0,0.0
2022-08-22 10:00:00+09:00,3535.0,3570.0,3530.0,3540.0,31600,0.0,0.0
2022-08-22 11:00:00+09:00,3540.0,3565.0,3540.0,3555.0,0,0.0,0.0
2022-08-22 12:00:00+09:00,3560.0,3570.0,3550.0,3550.0,139100,0.0,0.0
2022-08-22 13:00:00+09:00,3550.0,3550.0,3520.0,3535.0,18800,0.0,0.0
2022-08-22 14:00:00+09:00,3540.0,3540.0,3515.0,3525.0,32000,0.0,0.0
2022-08-23 09:00:00+09:00,3450.0,3470.0,3400.0,3410.0,0,0.0,0.0
2022-08-23 10:00:00+09:00,3410.0,3420.0,3400.0,3405.0,98200,0.0,0.0
2022-08-23 11:00:00+09:00,3405.0,3405.0,3360.0,3370.0,0,0.0,0.0
2022-08-23 12:00:00+09:00,3365.0,3365.0,3340.0,3360.0,199800,0.0,0.0
2022-08-23 13:00:00+09:00,3360.0,3385.0,3355.0,3380.0,41600,0.0,0.0
2022-08-23 14:00:00+09:00,3380.0,3405.0,3380.0,3380.0,46500,0.0,0.0
2022-08-24 09:00:00+09:00,3370.0,3380.0,3340.0,3355.0,54600,0.0,0.0
2022-08-24 10:00:00+09:00,3360.0,3365.0,3315.0,3320.0,27800,0.0,0.0
2022-08-24 11:00:00+09:00,3320.0,3325.0,3310.0,3320.0,0,0.0,0.0
2022-08-24 12:00:00+09:00,3315.0,3330.0,3310.0,3325.0,108300,0.0,0.0
2022-08-24 13:00:00+09:00,3330.0,3345.0,3325.0,3325.0,20100,0.0,0.0
2022-08-24 14:00:00+09:00,3325.0,3330.0,3310.0,3315.0,33900,0.0,0.0
2022-08-25 09:00:00+09:00,3325.0,3375.0,3310.0,3335.0,57400,0.0,0.0
2022-08-25 10:00:00+09:00,3340.0,3355.0,3335.0,3340.0,18000,0.0,0.0
2022-08-25 11:00:00+09:00,3340.0,3350.0,3330.0,3350.0,0,0.0,0.0
2022-08-25 12:00:00+09:00,3345.0,3355.0,3340.0,3345.0,99600,0.0,0.0
2022-08-25 13:00:00+09:00,3350.0,3375.0,3350.0,3365.0,32400,0.0,0.0
2022-08-25 14:00:00+09:00,3365.0,3370.0,3355.0,3370.0,21800,0.0,0.0
2022-08-26 09:00:00+09:00,3380.0,3410.0,3370.0,3400.0,42100,0.0,0.0
2022-08-26 10:00:00+09:00,3400.0,3415.0,3385.0,3405.0,47300,0.0,0.0
2022-08-26 11:00:00+09:00,3405.0,3405.0,3375.0,3380.0,0,0.0,0.0
2022-08-26 12:00:00+09:00,3375.0,3385.0,3345.0,3385.0,153900,0.0,0.0
2022-08-26 13:00:00+09:00,3385.0,3390.0,3370.0,3380.0,24500,0.0,0.0
2022-08-26 14:00:00+09:00,3380.0,3385.0,3375.0,3380.0,24300,0.0,0.0
2022-08-29 09:00:00+09:00,3230.0,3270.0,3210.0,3250.0,52800,0.0,0.0
2022-08-29 10:00:00+09:00,3255.0,3270.0,3245.0,3250.0,20300,0.0,0.0
2022-08-29 11:00:00+09:00,3250.0,3265.0,3250.0,3265.0,0,0.0,0.0
2022-08-29 12:00:00+09:00,3265.0,3295.0,3265.0,3290.0,104400,0.0,0.0
2022-08-29 13:00:00+09:00,3295.0,3310.0,3290.0,3305.0,19700,0.0,0.0
2022-08-29 14:00:00+09:00,3305.0,3315.0,3300.0,3305.0,24400,0.0,0.0
2022-08-30 09:00:00+09:00,3285.0,3325.0,3285.0,3310.0,36700,0.0,0.0
2022-08-30 10:00:00+09:00,3310.0,3330.0,3310.0,3325.0,20900,0.0,0.0
2022-08-30 11:00:00+09:00,3325.0,3330.0,3315.0,3320.0,0,0.0,0.0
2022-08-30 12:00:00+09:00,3320.0,3335.0,3315.0,3330.0,81500,0.0,0.0
2022-08-30 13:00:00+09:00,3335.0,3340.0,3320.0,3330.0,26800,0.0,0.0
2022-08-30 14:00:00+09:00,3325.0,3340.0,3320.0,3335.0,21800,0.0,0.0
2022-08-31 09:00:00+09:00,3310.0,3345.0,3305.0,3325.0,28400,0.0,0.0
2022-08-31 10:00:00+09:00,3325.0,3345.0,3325.0,3335.0,13400,0.0,0.0
2022-08-31 11:00:00+09:00,3335.0,3355.0,3335.0,3350.0,0,0.0,0.0
2022-08-31 12:00:00+09:00,3365.0,3370.0,3360.0,3360.0,61000,0.0,0.0
2022-08-31 13:00:00+09:00,3360.0,3375.0,3360.0,3370.0,12400,0.0,0.0
2022-08-31 14:00:00+09:00,3370.0,3380.0,3370.0,3380.0,14500,0.0,0.0
2022-09-01 09:00:00+09:00,3305.0,3350.0,3290.0,3290.0,50300,0.0,0.0
2022-09-01 10:00:00+09:00,3290.0,3305.0,3285.0,3290.0,17800,0.0,0.0
2022-09-01 11:00:00+09:00,3295.0,3300.0,3295.0,3300.0,0,0.0,0.0
2022-09-01 12:00:00+09:00,3295.0,3310.0,3295.0,3300.0,82500,0.0,0.0
2022-09-01 13:00:00+09:00,3300.0,3315.0,3300.0,3310.0,14100,0.0,0.0
2022-09-01 14:00:00+09:00,3310.0,3310.0,3300.0,3305.0,16600,0.0,0.0
2022-09-02 09:00:00+09:00,3325.0,3370.0,3285.0,3285.0,44100,0.0,0.0
2022-09-02 10:00:00+09:00,3285.0,3325.0,3280.0,3305.0,26400,0.0,0.0
2022-09-02 11:00:00+09:00,3310.0,3320.0,3300.0,3315.0,0,0.0,0.0
2022-09-02 12:00:00+09:00,3325.0,3335.0,3315.0,3330.0,101500,0.0,0.0
2022-09-02 13:00:00+09:00,3330.0,3335.0,3310.0,3315.0,14100,0.0,0.0
2022-09-02 14:00:00+09:00,3315.0,3325.0,3295.0,3310.0,27400,0.0,0.0
2022-09-05 09:00:00+09:00,3260.0,3285.0,3250.0,3270.0,0,0.0,0.0
2022-09-05 10:00:00+09:00,3275.0,3290.0,3270.0,3285.0,13600,0.0,0.0
2022-09-05 11:00:00+09:00,3285.0,3290.0,3275.0,3280.0,0,0.0,0.0
2022-09-05 12:00:00+09:00,3290.0,3305.0,3280.0,3305.0,80800,0.0,0.0
2022-09-05 13:00:00+09:00,3305.0,3320.0,3300.0,3310.0,26500,0.0,0.0
2022-09-05 14:00:00+09:00,3310.0,3315.0,3270.0,3295.0,59000,0.0,0.0
2022-09-06 09:00:00+09:00,3355.0,3375.0,3315.0,3365.0,53900,0.0,0.0
2022-09-06 10:00:00+09:00,3365.0,3365.0,3335.0,3350.0,22000,0.0,0.0
2022-09-06 11:00:00+09:00,3350.0,3350.0,3325.0,3330.0,0,0.0,0.0
2022-09-06 12:00:00+09:00,3320.0,3345.0,3320.0,3340.0,95600,0.0,0.0
2022-09-06 13:00:00+09:00,3335.0,3340.0,3325.0,3340.0,17600,0.0,0.0
2022-09-06 14:00:00+09:00,3335.0,3350.0,3330.0,3335.0,32700,0.0,0.0
2022-09-07 09:00:00+09:00,3315.0,3330.0,3280.0,3300.0,34400,0.0,0.0
2022-09-07 10:00:00+09:00,3300.0,3315.0,3280.0,3315.0,18300,0.0,0.0
2022-09-07 11:00:00+09:00,3315.0,3330.0,3310.0,3330.0,0,0.0,0.0
2022-09-07 12:00:00+09:00,3340.0,3340.0,3320.0,3330.0,69900,0.0,0.0
2022-09-07 13:00:00+09:00,3335.0,3345.0,3320.0,3345.0,13100,0.0,0.0
2022-09-07 14:00:00+09:00,3345.0,3405.0,3345.0,3385.0,95400,0.0,0.0
2022-09-08 09:00:00+09:00,3420.0,3425.0,3340.0,3340.0,0,0.0,0.0
2022-09-08 10:00:00+09:00,3340.0,3350.0,3330.0,3340.0,73500,0.0,0.0
2022-09-08 11:00:00+09:00,3335.0,3335.0,3325.0,3330.0,0,0.0,0.0
2022-09-08 12:00:00+09:00,3330.0,3330.0,3290.0,3300.0,127700,0.0,0.0
2022-09-08 13:00:00+09:00,3300.0,3315.0,3300.0,3305.0,26900,0.0,0.0
2022-09-08 14:00:00+09:00,3305.0,3315.0,3300.0,3310.0,28300,0.0,0.0
2022-09-09 09:00:00+09:00,3285.0,3355.0,3280.0,3340.0,100300,0.0,0.0
2022-09-09 10:00:00+09:00,3340.0,3340.0,3320.0,3330.0,20900,0.0,0.0
2022-09-09 11:00:00+09:00,3330.0,3335.0,3325.0,3330.0,0,0.0,0.0
2022-09-09 12:00:00+09:00,3325.0,3335.0,3315.0,3335.0,139300,0.0,0.0
2022-09-09 13:00:00+09:00,3330.0,3335.0,3330.0,3330.0,6700,0.0,0.0
2022-09-09 14:00:00+09:00,3330.0,3340.0,3330.0,3330.0,17300,0.0,0.0
2022-09-12 09:00:00+09:00,3330.0,3335.0,3295.0,3305.0,0,0.0,0.0
2022-09-12 10:00:00+09:00,3305.0,3305.0,3280.0,3295.0,29300,0.0,0.0
2022-09-12 11:00:00+09:00,3295.0,3320.0,3295.0,3310.0,0,0.0,0.0
2022-09-12 12:00:00+09:00,3310.0,3325.0,3310.0,3325.0,121200,0.0,0.0
2022-09-12 13:00:00+09:00,3325.0,3330.0,3325.0,3325.0,18300,0.0,0.0
2022-09-12 14:00:00+09:00,3325.0,3340.0,3320.0,3335.0,19400,0.0,0.0
2022-09-13 09:00:00+09:00,3330.0,3335.0,3240.0,3255.0,0,0.0,0.0
2022-09-13 10:00:00+09:00,3250.0,3280.0,3240.0,3265.0,134000,0.0,0.0
2022-09-13 11:00:00+09:00,3265.0,3265.0,3255.0,3255.0,0,0.0,0.0
2022-09-13 12:00:00+09:00,3255.0,3265.0,3255.0,3260.0,151700,0.0,0.0
2022-09-13 13:00:00+09:00,3265.0,3290.0,3265.0,3280.0,50000,0.0,0.0
2022-09-13 14:00:00+09:00,3285.0,3330.0,3280.0,3325.0,62400,0.0,0.0
2022-09-14 09:00:00+09:00,3220.0,3250.0,3215.0,3245.0,49600,0.0,0.0
2022-09-14 10:00:00+09:00,3245.0,3250.0,3225.0,3230.0,17200,0.0,0.0
2022-09-14 11:00:00+09:00,3230.0,3240.0,3230.0,3235.0,0,0.0,0.0
2022-09-14 12:00:00+09:00,3235.0,3245.0,3215.0,3220.0,100500,0.0,0.0
2022-09-14 13:00:00+09:00,3220.0,3220.0,3180.0,3195.0,32500,0.0,0.0
2022-09-14 14:00:00+09:00,3195.0,3210.0,3195.0,3195.0,21100,0.0,0.0
2022-09-15 09:00:00+09:00,3120.0,3130.0,3065.0,3075.0,149100,0.0,0.0
2022-09-15 10:00:00+09:00,3075.0,3125.0,3065.0,3115.0,56700,0.0,0.0
2022-09-15 11:00:00+09:00,3115.0,3115.0,3090.0,3100.0,0,0.0,0.0
2022-09-15 12:00:00+09:00,3090.0,3100.0,3070.0,3075.0,271100,0.0,0.0
2022-09-15 13:00:00+09:00,3070.0,3080.0,3070.0,3070.0,0,0.0,0.0
2022-09-15 14:00:00+09:00,3070.0,3080.0,3055.0,3065.0,369000,0.0,0.0
2022-09-16 09:00:00+09:00,2996.0,3050.0,2981.0,2992.0,126200,0.0,0.0
2022-09-16 10:00:00+09:00,2994.0,3005.0,2985.0,3000.0,54900,0.0,0.0
2022-09-16 11:00:00+09:00,3005.0,3030.0,3005.0,3020.0,0,0.0,0.0
2022-09-16 12:00:00+09:00,3020.0,3050.0,3020.0,3045.0,232900,0.0,0.0
2022-09-16 13:00:00+09:00,3050.0,3055.0,3030.0,3040.0,50000,0.0,0.0
2022-09-16 14:00:00+09:00,3040.0,3045.0,3010.0,3010.0,60200,0.0,0.0
2022-09-20 09:00:00+09:00,3015.0,3030.0,2973.0,2991.0,0,0.0,0.0
2022-09-20 10:00:00+09:00,2990.0,3000.0,2978.0,2995.0,39500,0.0,0.0
2022-09-20 11:00:00+09:00,2995.0,3005.0,2993.0,2997.0,0,0.0,0.0
2022-09-20 12:00:00+09:00,2991.0,3005.0,2991.0,3005.0,180900,0.0,0.0
2022-09-20 13:00:00+09:00,3000.0,3005.0,2996.0,3005.0,54500,0.0,0.0
2022-09-20 14:00:00+09:00,3005.0,3015.0,3000.0,3005.0,25900,0.0,0.0
2022-09-21 09:00:00+09:00,2965.0,3000.0,2960.0,3000.0,79600,0.0,0.0
2022-09-21 10:00:00+09:00,3000.0,3005.0,2945.0,2949.0,51800,0.0,0.0
2022-09-21 11:00:00+09:00,2947.0,2949.0,2937.0,2937.0,0,0.0,0.0
2022-09-21 12:00:00+09:00,2934.0,2951.0,2934.0,2951.0,169000,0.0,0.0
2022-09-21 13:00:00+09:00,2950.0,2972.0,2946.0,2971.0,36000,0.0,0.0
2022-09-21 14:00:00+09:00,2973.0,2976.0,2963.0,2967.0,56900,0.0,0.0
2022-09-22 09:00:00+09:00,2914.0,2968.0,2901.0,2968.0,83200,0.0,0.0
2022-09-22 10:00:00+09:00,2977.0,3005.0,2970.0,2998.0,51200,0.0,0.0
2022-09-22 11:00:00+09:00,3000.0,3010.0,2996.0,3005.0,0,0.0,0.0
2022-09-22 12:00:00+09:00,3005.0,3015.0,3000.0,3015.0,186700,0.0,0.0
2022-09-22 13:00:00+09:00,3015.0,3025.0,3005.0,3005.0,22100,0.0,0.0
2022-09-22 14:00:00+09:00,3005.0,3010.0,2999.0,3005.0,28600,0.0,0.0
2022-09-26 09:00:00+09:00,2950.0,2961.0,2911.0,2941.0,0,0.0,0.0
2022-09-26 10:00:00+09:00,2942.0,2977.0,2942.0,2971.0,56700,0.0,0.0
2022-09-26 11:00:00+09:00,2973.0,2974.0,2950.0,2951.0,0,0.0,0.0
2022-09-26 12:00:00+09:00,2940.0,2966.0,2939.0,2961.0,237000,0.0,0.0
2022-09-26 13:00:00+09:00,2960.0,2960.0,2932.0,2934.0,25700,0.0,0.0
2022-09-26 14:00:00+09:00,2933.0,2939.0,2926.0,2929.0,35300,0.0,0.0
2022-09-27 09:00:00+09:00,2960.0,2963.0,2897.0,2945.0,69600,0.0,0.0
2022-09-27 10:00:00+09:00,2943.0,2968.0,2940.0,2958.0,35900,0.0,0.0
2022-09-27 11:00:00+09:00,2958.0,2958.0,2952.0,2954.0,0,0.0,0.0
2022-09-27 12:00:00+09:00,2950.0,2959.0,2946.0,2954.0,144000,0.0,0.0
2022-09-27 13:00:00+09:00,2953.0,2957.0,2931.0,2939.0,23100,0.0,0.0
2022-09-27 14:00:00+09:00,2939.0,2941.0,2929.0,2930.0,35200,0.0,0.0
2022-09-28 09:00:00+09:00,2929.0,3035.0,2929.0,3005.0,92600,0.0,0.0
2022-09-28 10:00:00+09:00,3010.0,3020.0,2975.0,3005.0,98100,0.0,0.0
2022-09-28 11:00:00+09:00,3005.0,3020.0,2998.0,2998.0,0,0.0,0.0
2022-09-28 12:00:00+09:00,2998.0,3000.0,2966.0,2986.0,279700,0.0,0.0
2022-09-28 13:00:00+09:00,2984.0,2991.0,2977.0,2986.0,62400,0.0,0.0
2022-09-28 14:00:00+09:00,2986.0,3010.0,2970.0,3005.0,77700,0.0,0.0
2022-09-29 09:00:00+09:00,3075.0,3080.0,3040.0,3060.0,37600,0.0,0.0
2022-09-29 10:00:00+09:00,3060.0,3065.0,3045.0,3045.0,31400,0.0,0.0
2022-09-29 11:00:00+09:00,3045.0,3045.0,3035.0,3035.0,0,0.0,0.0
2022-09-29 12:00:00+09:00,3025.0,3045.0,3025.0,3040.0,98700,0.0,0.0
2022-09-29 13:00:00+09:00,3040.0,3045.0,3030.0,3045.0,14300,0.0,0.0
2022-09-29 14:00:00+09:00,3040.0,3045.0,3015.0,3025.0,43900,0.0,0.0
2022-09-30 09:00:00+09:00,2972.0,3015.0,2933.0,2947.0,86700,0.0,0.0
2022-09-30 10:00:00+09:00,2946.0,2976.0,2914.0,2947.0,66100,0.0,0.0
2022-09-30 11:00:00+09:00,2949.0,2968.0,2947.0,2959.0,0,0.0,0.0
2022-09-30 12:00:00+09:00,2960.0,2980.0,2960.0,2970.0,202500,0.0,0.0
2022-09-30 13:00:00+09:00,2972.0,2986.0,2962.0,2983.0,24800,0.0,0.0
2022-09-30 14:00:00+09:00,2982.0,2984.0,2963.0,2974.0,41900,0.0,0.0
2022-10-03 09:00:00+09:00,2967.0,2996.0,2924.0,2957.0,65800,0.0,0.0
2022-10-03 10:00:00+09:00,2957.0,3020.0,2957.0,3000.0,37700,0.0,0.0
2022-10-03 11:00:00+09:00,3005.0,3010.0,2989.0,2989.0,0,0.0,0.0
2022-10-03 12:00:00+09:00,2987.0,2998.0,2972.0,2986.0,129300,0.0,0.0
2022-10-03 13:00:00+09:00,2985.0,2985.0,2961.0,2975.0,23700,0.0,0.0
2022-10-03 14:00:00+09:00,2975.0,2992.0,2964.0,2987.0,37400,0.0,0.0
2022-10-04 09:00:00+09:00,3075.0,3090.0,3040.0,3055.0,45000,0.0,0.0
2022-10-04 10:00:00+09:00,3055.0,3075.0,3055.0,3060.0,20600,0.0,0.0
2022-10-04 11:00:00+09:00,3065.0,3065.0,3055.0,3055.0,0,0.0,0.0
2022-10-04 12:00:00+09:00,3060.0,3080.0,3060.0,3075.0,87400,0.0,0.0
2022-10-04 13:00:00+09:00,3075.0,3080.0,3070.0,3075.0,31000,0.0,0.0
2022-10-04 14:00:00+09:00,3075.0,3085.0,3075.0,3080.0,17000,0.0,0.0
2022-10-05 09:00:00+09:00,3145.0,3170.0,3130.0,3155.0,71300,0.0,0.0
2022-10-05 10:00:00+09:00,3150.0,3150.0,3130.0,3145.0,28500,0.0,0.0
2022-10-05 11:00:00+09:00,3150.0,3150.0,3130.0,3145.0,0,0.0,0.0
2022-10-05 12:00:00+09:00,3145.0,3150.0,3135.0,3150.0,135500,0.0,0.0
2022-10-05 13:00:00+09:00,3145.0,3165.0,3140.0,3155.0,27500,0.0,0.0
2022-10-05 14:00:00+09:00,3155.0,3165.0,3145.0,3155.0,34900,0.0,0.0
2022-10-06 09:00:00+09:00,3100.0,3120.0,3035.0,3085.0,151400,0.0,0.0
2022-10-06 10:00:00+09:00,3085.0,3115.0,3075.0,3095.0,79100,0.0,0.0
2022-10-06 11:00:00+09:00,3100.0,3115.0,3100.0,3110.0,0,0.0,0.0
2022-10-06 12:00:00+09:00,3120.0,3120.0,3105.0,3105.0,283100,0.0,0.0
2022-10-06 13:00:00+09:00,3110.0,3115.0,3100.0,3115.0,30400,0.0,0.0
2022-10-06 14:00:00+09:00,3115.0,3115.0,3090.0,3090.0,32600,0.0,0.0
2022-10-07 09:00:00+09:00,3030.0,3050.0,3000.0,3040.0,84900,0.0,0.0
2022-10-07 10:00:00+09:00,3040.0,3060.0,3040.0,3050.0,51600,0.0,0.0
2022-10-07 11:00:00+09:00,3050.0,3055.0,3035.0,3035.0,0,0.0,0.0
2022-10-07 12:00:00+09:00,3030.0,3030.0,3020.0,3030.0,163100,0.0,0.0
2022-10-07 13:00:00+09:00,3035.0,3040.0,3020.0,3020.0,18700,0.0,0.0
2022-10-07 14:00:00+09:00,3025.0,3035.0,3020.0,3030.0,33500,0.0,0.0
2022-10-11 09:00:00+09:00,2972.0,2987.0,2953.0,2969.0,0,0.0,0.0
2022-10-11 10:00:00+09:00,2973.0,2988.0,2933.0,2957.0,62100,0.0,0.0
2022-10-11 11:00:00+09:00,2958.0,2970.0,2955.0,2963.0,0,0.0,0.0
2022-10-11 12:00:00+09:00,2965.0,2971.0,2951.0,2951.0,221400,0.0,0.0
2022-10-11 13:00:00+09:00,2952.0,2958.0,2943.0,2953.0,33200,0.0,0.0
2022-10-11 14:00:00+09:00,2952.0,2960.0,2941.0,2952.0,44500,0.0,0.0
2022-10-12 09:00:00+09:00,2945.0,2973.0,2930.0,2972.0,60700,0.0,0.0
2022-10-12 10:00:00+09:00,2973.0,2980.0,2949.0,2957.0,37800,0.0,0.0
2022-10-12 11:00:00+09:00,2955.0,2959.0,2950.0,2954.0,0,0.0,0.0
2022-10-12 12:00:00+09:00,2964.0,2964.0,2953.0,2959.0,130900,0.0,0.0
2022-10-12 13:00:00+09:00,2963.0,2973.0,2957.0,2964.0,30900,0.0,0.0
2022-10-12 14:00:00+09:00,2965.0,2973.0,2955.0,2973.0,43000,0.0,0.0
2022-10-13 09:00:00+09:00,2940.0,2945.0,2910.0,2935.0,64200,0.0,0.0
2022-10-13 10:00:00+09:00,2936.0,2938.0,2907.0,2918.0,25300,0.0,0.0
2022-10-13 11:00:00+09:00,2921.0,2922.0,2906.0,2907.0,0,0.0,0.0
2022-10-13 12:00:00+09:00,2903.0,2911.0,2901.0,2908.0,115200,0.0,0.0
2022-10-13 13:00:00+09:00,2908.0,2915.0,2904.0,2909.0,15700,0.0,0.0
2022-10-13 14:00:00+09:00,2909.0,2911.0,2893.0,2893.0,26100,0.0,0.0
2022-10-14 09:00:00+09:00,2944.0,2967.0,2940.0,2952.0,94400,0.0,0.0
2022-10-14 10:00:00+09:00,2951.0,2970.0,2943.0,2969.0,44800,0.0,0.0
2022-10-14 11:00:00+09:00,2970.0,2980.0,2965.0,2974.0,0,0.0,0.0
2022-10-14 12:00:00+09:00,2982.0,2986.0,2971.0,2974.0,183900,0.0,0.0
2022-10-14 13:00:00+09:00,2975.0,2979.0,2966.0,2968.0,30800,0.0,0.0
2022-10-14 14:00:00+09:00,2968.0,2977.0,2960.0,2960.0,42300,0.0,0.0
2022-10-17 09:00:00+09:00,2920.0,2935.0,2901.0,2910.0,0,0.0,0.0
2022-10-17 10:00:00+09:00,2910.0,2921.0,2906.0,2910.0,31700,0.0,0.0
2022-10-17 11:00:00+09:00,2910.0,2914.0,2907.0,2914.0,0,0.0,0.0
2022-10-17 12:00:00+09:00,2913.0,2920.0,2912.0,2914.0,158100,0.0,0.0
2022-10-17 13:00:00+09:00,2913.0,2918.0,2908.0,2915.0,30000,0.0,0.0
2022-10-17 14:00:00+09:00,2915.0,2916.0,2911.0,2916.0,22800,0.0,0.0
2022-10-18 09:00:00+09:00,2967.0,3010.0,2959.0,2979.0,134000,0.0,0.0
2022-10-18 10:00:00+09:00,2978.0,2986.0,2968.0,2974.0,65800,0.0,0.0
2022-10-18 11:00:00+09:00,2973.0,2982.0,2967.0,2977.0,0,0.0,0.0
2022-10-18 12:00:00+09:00,2974.0,3000.0,2972.0,2995.0,322200,0.0,0.0
2022-10-18 13:00:00+09:00,2997.0,3005.0,2995.0,3000.0,90900,0.0,0.0
2022-10-18 14:00:00+09:00,3000.0,3005.0,2997.0,3005.0,89900,0.0,0.0
2022-10-19 09:00:00+09:00,2955.0,3015.0,2941.0,2948.0,207000,0.0,0.0
2022-10-19 10:00:00+09:00,2949.0,2956.0,2922.0,2936.0,95900,0.0,0.0
2022-10-19 11:00:00+09:00,2936.0,2941.0,2934.0,2936.0,0,0.0,0.0
2022-10-19 12:00:00+09:00,2940.0,2969.0,2940.0,2969.0,381500,0.0,0.0
2022-10-19 13:00:00+09:00,2969.0,2976.0,2966.0,2969.0,55500,0.0,0.0
2022-10-19 14:00:00+09:00,2968.0,2969.0,2954.0,2958.0,49200,0.0,0.0
2022-10-20 09:00:00+09:00,2910.0,2946.0,2900.0,2931.0,88100,0.0,0.0
2022-10-20 10:00:00+09:00,2930.0,2939.0,2929.0,2938.0,37600,0.0,0.0
2022-10-20 11:00:00+09:00,2939.0,2942.0,2931.0,2935.0,0,0.0,0.0
2022-10-20 12:00:00+09:00,2935.0,2938.0,2925.0,2928.0,156700,0.0,0.0
2022-10-20 13:00:00+09:00,2929.0,2941.0,2923.0,2931.0,33900,0.0,0.0
2022-10-20 14:00:00+09:00,2931.0,2937.0,2926.0,2936.0,52700,0.0,0.0
2022-10-21 09:00:00+09:00,2942.0,2967.0,2923.0,2934.0,106300,0.0,0.0
2022-10-21 10:00:00+09:00,2934.0,2935.0,2915.0,2919.0,51100,0.0,0.0
2022-10-21 11:00:00+09:00,2919.0,2921.0,2909.0,2910.0,0,0.0,0.0
2022-10-21 12:00:00+09:00,2921.0,2926.0,2915.0,2922.0,186100,0.0,0.0
2022-10-21 13:00:00+09:00,2923.0,2927.0,2919.0,2921.0,11800,0.0,0.0
2022-10-21 14:00:00+09:00,2921.0,2921.0,2907.0,2909.0,52400,0.0,0.0
2022-10-24 09:00:00+09:00,2935.0,2943.0,2900.0,2901.0,97200,0.0,0.0
2022-10-24 10:00:00+09:00,2900.0,2902.0,2881.0,2895.0,45100,0.0,0.0
2022-10-24 11:00:00+09:00,2894.0,2894.0,2878.0,2887.0,0,0.0,0.0
2022-10-24 12:00:00+09:00,2875.0,2895.0,2873.0,2895.0,189500,0.0,0.0
2022-10-24 13:00:00+09:00,2895.0,2895.0,2885.0,2894.0,41800,0.0,0.0
2022-10-24 14:00:00+09:00,2895.0,2895.0,2875.0,2877.0,54600,0.0,0.0
2022-10-25 09:00:00+09:00,2900.0,2900.0,2857.0,2863.0,100700,0.0,0.0
2022-10-25 10:00:00+09:00,2863.0,2866.0,2843.0,2845.0,53800,0.0,0.0
2022-10-25 11:00:00+09:00,2845.0,2845.0,2822.0,2826.0,0,0.0,0.0
2022-10-25 12:00:00+09:00,2841.0,2849.0,2837.0,2849.0,230400,0.0,0.0
2022-10-25 13:00:00+09:00,2849.0,2849.0,2833.0,2837.0,42700,0.0,0.0
2022-10-25 14:00:00+09:00,2836.0,2844.0,2835.0,2837.0,67900,0.0,0.0
2022-10-26 09:00:00+09:00,2913.0,2937.0,2901.0,2911.0,164200,0.0,0.0
2022-10-26 10:00:00+09:00,2911.0,2916.0,2890.0,2902.0,66400,0.0,0.0
2022-10-26 11:00:00+09:00,2902.0,2904.0,2884.0,2896.0,0,0.0,0.0
2022-10-26 12:00:00+09:00,2892.0,2898.0,2885.0,2886.0,317300,0.0,0.0
2022-10-26 13:00:00+09:00,2887.0,2902.0,2874.0,2900.0,72000,0.0,0.0
2022-10-26 14:00:00+09:00,2899.0,2900.0,2891.0,2900.0,90700,0.0,0.0
2022-10-27 09:00:00+09:00,2906.0,2910.0,2842.0,2867.0,123000,0.0,0.0
2022-10-27 10:00:00+09:00,2877.0,2889.0,2841.0,2841.0,67100,0.0,0.0
2022-10-27 11:00:00+09:00,2843.0,2843.0,2807.0,2810.0,0,0.0,0.0
2022-10-27 12:00:00+09:00,2811.0,2817.0,2805.0,2808.0,311000,0.0,0.0
2022-10-27 13:00:00+09:00,2809.0,2809.0,2795.0,2795.0,91300,0.0,0.0
2022-10-27 14:00:00+09:00,2796.0,2798.0,2764.0,2769.0,122300,0.0,0.0
2022-10-28 09:00:00+09:00,2600.0,2674.0,2598.0,2658.0,512400,0.0,0.0
2022-10-28 10:00:00+09:00,2658.0,2678.0,2651.0,2670.0,178600,0.0,0.0
2022-10-28 11:00:00+09:00,2672.0,2676.0,2664.0,2675.0,0,0.0,0.0
2022-10-28 12:00:00+09:00,2665.0,2670.0,2606.0,2607.0,906600,0.0,0.0
2022-10-28 13:00:00+09:00,2605.0,2613.0,2545.0,2589.0,343400,0.0,0.0
2022-10-28 14:00:00+09:00,2588.0,2588.0,2551.0,2552.0,292300,0.0,0.0
2022-10-31 09:00:00+09:00,2569.0,2589.0,2518.0,2557.0,276800,0.0,0.0
2022-10-31 10:00:00+09:00,2553.0,2575.0,2514.0,2571.0,165200,0.0,0.0
2022-10-31 11:00:00+09:00,2571.0,2571.0,2541.0,2547.0,0,0.0,0.0
2022-10-31 12:00:00+09:00,2539.0,2546.0,2522.0,2536.0,624500,0.0,0.0
2022-10-31 13:00:00+09:00,2537.0,2548.0,2528.0,2536.0,131800,0.0,0.0
2022-10-31 14:00:00+09:00,2537.0,2546.0,2532.0,2545.0,150300,0.0,0.0
2022-11-01 09:00:00+09:00,2560.0,2560.0,2506.0,2521.0,194400,0.0,0.0
2022-11-01 10:00:00+09:00,2524.0,2532.0,2499.0,2499.0,145200,0.0,0.0
2022-11-01 11:00:00+09:00,2500.0,2510.0,2499.0,2509.0,0,0.0,0.0
2022-11-01 12:00:00+09:00,2503.0,2522.0,2502.0,2511.0,482900,0.0,0.0
2022-11-01 13:00:00+09:00,2512.0,2512.0,2502.0,2509.0,89600,0.0,0.0
2022-11-01 14:00:00+09:00,2508.0,2517.0,2504.0,2517.0,113900,0.0,0.0
2022-11-02 09:00:00+09:00,2514.0,2529.0,2496.0,2507.0,113300,0.0,0.0
2022-11-02 10:00:00+09:00,2507.0,2529.0,2503.0,2523.0,53300,0.0,0.0
2022-11-02 11:00:00+09:00,2523.0,2525.0,2515.0,2520.0,0,0.0,0.0
2022-11-02 12:00:00+09:00,2516.0,2522.0,2511.0,2511.0,214700,0.0,0.0
2022-11-02 13:00:00+09:00,2510.0,2524.0,2507.0,2519.0,47000,0.0,0.0
2022-11-02 14:00:00+09:00,2520.0,2520.0,2508.0,2508.0,43800,0.0,0.0
2022-11-04 09:00:00+09:00,2458.0,2462.0,2364.0,2364.0,238200,0.0,0.0
2022-11-04 10:00:00+09:00,2363.0,2363.0,2333.0,2337.0,182400,0.0,0.0
2022-11-04 11:00:00+09:00,2338.0,2365.0,2326.0,2358.0,0,0.0,0.0
2022-11-04 12:00:00+09:00,2358.0,2371.0,2355.0,2360.0,582000,0.0,0.0
2022-11-04 13:00:00+09:00,2360.0,2363.0,2352.0,2356.0,92600,0.0,0.0
2022-11-04 14:00:00+09:00,2355.0,2359.0,2334.0,2347.0,148000,0.0,0.0
2022-11-07 09:00:00+09:00,2343.0,2343.0,2311.0,2320.0,221900,0.0,0.0
2022-11-07 10:00:00+09:00,2320.0,2343.0,2319.0,2334.0,138300,0.0,0.0
2022-11-07 11:00:00+09:00,2335.0,2340.0,2327.0,2329.0,0,0.0,0.0
2022-11-07 12:00:00+09:00,2340.0,2340.0,2323.0,2324.0,472700,0.0,0.0
2022-11-07 13:00:00+09:00,2324.0,2335.0,2323.0,2329.0,68400,0.0,0.0
2022-11-07 14:00:00+09:00,2330.0,2331.0,2322.0,2326.0,100700,0.0,0.0
2022-11-08 09:00:00+09:00,2349.0,2369.0,2340.0,2349.0,196300,0.0,0.0
2022-11-08 10:00:00+09:00,2349.0,2353.0,2336.0,2347.0,67300,0.0,0.0
2022-11-08 11:00:00+09:00,2347.0,2355.0,2345.0,2355.0,0,0.0,0.0
2022-11-08 12:00:00+09:00,2367.0,2370.0,2357.0,2360.0,341400,0.0,0.0
2022-11-08 13:00:00+09:00,2360.0,2373.0,2360.0,2364.0,70200,0.0,0.0
2022-11-08 14:00:00+09:00,2365.0,2374.0,2362.0,2370.0,121900,0.0,0.0
2022-11-09 09:00:00+09:00,2363.0,2401.0,2342.0,2401.0,231600,0.0,0.0
2022-11-09 10:00:00+09:00,2401.0,2404.0,2375.0,2387.0,83300,0.0,0.0
2022-11-09 11:00:00+09:00,2388.0,2399.0,2381.0,2397.0,0,0.0,0.0
2022-11-09 12:00:00+09:00,2397.0,2397.0,2381.0,2388.0,392500,0.0,0.0
2022-11-09 13:00:00+09:00,2389.0,2409.0,2378.0,2409.0,70600,0.0,0.0
2022-11-09 14:00:00+09:00,2408.0,2409.0,2393.0,2394.0,56400,0.0,0.0
2022-11-10 09:00:00+09:00,2308.0,2311.0,2228.0,2235.0,538900,0.0,0.0
2022-11-10 10:00:00+09:00,2236.0,2292.0,2236.0,2282.0,174200,0.0,0.0
2022-11-10 11:00:00+09:00,2282.0,2290.0,2260.0,2264.0,0,0.0,0.0
2022-11-10 12:00:00+09:00,2270.0,2270.0,2247.0,2250.0,897200,0.0,0.0
2022-11-10 13:00:00+09:00,2251.0,2257.0,2240.0,2246.0,171900,0.0,0.0
2022-11-10 14:00:00+09:00,2246.0,2248.0,2237.0,2244.0,152400,0.0,0.0
2022-11-11 09:00:00+09:00,2290.0,2319.0,2273.0,2318.0,320300,0.0,0.0
2022-11-11 10:00:00+09:00,2318.0,2347.0,2318.0,2334.0,139700,0.0,0.0
2022-11-11 11:00:00+09:00,2336.0,2338.0,2325.0,2330.0,0,0.0,0.0
2022-11-11 12:00:00+09:00,2335.0,2364.0,2335.0,2360.0,630600,0.0,0.0
2022-11-11 13:00:00+09:00,2360.0,2405.0,2360.0,2401.0,175000,0.0,0.0
2022-11-11 14:00:00+09:00,2401.0,2406.0,2394.0,2394.0,168700,0.0,0.0
2022-11-14 09:00:00+09:00,2443.0,2465.0,2389.0,2424.0,303000,0.0,0.0
2022-11-14 10:00:00+09:00,2424.0,2440.0,2415.0,2425.0,107700,0.0,0.0
2022-11-14 11:00:00+09:00,2425.0,2428.0,2405.0,2415.0,0,0.0,0.0
2022-11-14 12:00:00+09:00,2408.0,2427.0,2408.0,2422.0,560600,0.0,0.0
2022-11-14 13:00:00+09:00,2421.0,2457.0,2419.0,2453.0,129500,0.0,0.0
2022-11-14 14:00:00+09:00,2455.0,2573.0,2440.0,2499.0,1350800,0.0,0.0
2022-11-15 09:00:00+09:00,2410.0,2538.0,2359.0,2516.0,579900,0.0,0.0
2022-11-15 10:00:00+09:00,2516.0,2555.0,2506.0,2540.0,208100,0.0,0.0
2022-11-15 11:00:00+09:00,2539.0,2574.0,2537.0,2566.0,0,0.0,0.0
2022-11-15 12:00:00+09:00,2574.0,2577.0,2558.0,2571.0,1064500,0.0,0.0
2022-11-15 13:00:00+09:00,2572.0,2589.0,2569.0,2587.0,215700,0.0,0.0
2022-11-15 14:00:00+09:00,2589.0,2617.0,2587.0,2615.0,228000,0.0,0.0
2022-11-16 09:00:00+09:00,2687.0,2875.0,2687.0,2860.0,1391800,0.0,0.0
2022-11-16 10:00:00+09:00,2860.0,2895.0,2829.0,2867.0,441700,0.0,0.0
2022-11-16 11:00:00+09:00,2865.0,2878.0,2840.0,2848.0,0,0.0,0.0
2022-11-16 12:00:00+09:00,2854.0,2854.0,2797.0,2821.0,2170900,0.0,0.0
2022-11-16 13:00:00+09:00,2821.0,2863.0,2810.0,2841.0,267100,0.0,0.0
2022-11-16 14:00:00+09:00,2840.0,2860.0,2840.0,2844.0,221400,0.0,0.0
2022-11-17 09:00:00+09:00,2858.0,2999.0,2858.0,2996.0,888700,0.0,0.0
2022-11-17 10:00:00+09:00,2996.0,3035.0,2976.0,3005.0,334300,0.0,0.0
2022-11-17 11:00:00+09:00,3005.0,3020.0,2997.0,3015.0,0,0.0,0.0
2022-11-17 12:00:00+09:00,3010.0,3015.0,2990.0,3010.0,1555900,0.0,0.0
2022-11-17 13:00:00+09:00,3010.0,3035.0,2987.0,2987.0,215500,0.0,0.0
2022-11-17 14:00:00+09:00,2986.0,2998.0,2952.0,2952.0,263500,0.0,0.0
2022-11-18 09:00:00+09:00,2933.0,2957.0,2874.0,2897.0,346600,0.0,0.0
2022-11-18 10:00:00+09:00,2895.0,2920.0,2874.0,2882.0,154400,0.0,0.0
2022-11-18 11:00:00+09:00,2882.0,2892.0,2873.0,2874.0,0,0.0,0.0
2022-11-18 12:00:00+09:00,2871.0,2876.0,2851.0,2863.0,629500,0.0,0.0
2022-11-18 13:00:00+09:00,2862.0,2862.0,2836.0,2841.0,109700,0.0,0.0
2022-11-18 14:00:00+09:00,2841.0,2849.0,2825.0,2840.0,135100,0.0,0.0
2022-11-21 09:00:00+09:00,2838.0,2869.0,2801.0,2834.0,174200,0.0,0.0
2022-11-21 10:00:00+09:00,2833.0,2865.0,2829.0,2841.0,62900,0.0,0.0
2022-11-21 11:00:00+09:00,2841.0,2849.0,2827.0,2830.0,0,0.0,0.0
2022-11-21 12:00:00+09:00,2828.0,2848.0,2828.0,2837.0,311700,0.0,0.0
2022-11-21 13:00:00+09:00,2836.0,2848.0,2829.0,2829.0,35800,0.0,0.0
2022-11-21 14:00:00+09:00,2828.0,2832.0,2817.0,2830.0,73300,0.0,0.0
2022-11-22 09:00:00+09:00,2880.0,2931.0,2860.0,2886.0,169700,0.0,0.0
2022-11-22 10:00:00+09:00,2886.0,2898.0,2884.0,2888.0,73900,0.0,0.0
2022-11-22 11:00:00+09:00,2888.0,2894.0,2886.0,2893.0,0,0.0,0.0
2022-11-22 12:00:00+09:00,2890.0,2898.0,2886.0,2890.0,324200,0.0,0.0
2022-11-22 13:00:00+09:00,2890.0,2890.0,2880.0,2889.0,63900,0.0,0.0
2022-11-22 14:00:00+09:00,2889.0,2894.0,2878.0,2886.0,85400,0.0,0.0
2022-11-24 09:00:00+09:00,2950.0,3085.0,2942.0,3080.0,373100,0.0,0.0
2022-11-24 10:00:00+09:00,3080.0,3095.0,3065.0,3065.0,95900,0.0,0.0
2022-11-24 11:00:00+09:00,3065.0,3080.0,3065.0,3070.0,0,0.0,0.0
2022-11-24 12:00:00+09:00,3070.0,3080.0,3060.0,3060.0,554300,0.0,0.0
2022-11-24 13:00:00+09:00,3065.0,3070.0,3055.0,3060.0,37600,0.0,0.0
2022-11-24 14:00:00+09:00,3060.0,3070.0,3050.0,3060.0,76200,0.0,0.0
2022-11-25 09:00:00+09:00,3060.0,3085.0,3005.0,3010.0,93200,0.0,0.0
2022-11-25 10:00:00+09:00,3005.0,3025.0,2976.0,2980.0,77800,0.0,0.0
2022-11-25 11:00:00+09:00,2980.0,2992.0,2962.0,2985.0,0,0.0,0.0
2022-11-25 12:00:00+09:00,2985.0,2992.0,2970.0,2991.0,300700,0.0,0.0
2022-11-25 13:00:00+09:00,2990.0,2991.0,2979.0,2979.0,58300,0.0,0.0
2022-11-25 14:00:00+09:00,2979.0,2988.0,2976.0,2984.0,87200,0.0,0.0
2022-11-28 09:00:00+09:00,2980.0,2985.0,2888.0,2888.0,138500,0.0,0.0
2022-11-28 10:00:00+09:00,2889.0,2901.0,2873.0,2882.0,107300,0.0,0.0
2022-11-28 11:00:00+09:00,2882.0,2912.0,2878.0,2905.0,0,0.0,0.0
2022-11-28 12:00:00+09:00,2910.0,2919.0,2903.0,2914.0,332200,0.0,0.0
2022-11-28 13:00:00+09:00,2914.0,2916.0,2897.0,2897.0,46600,0.0,0.0
2022-11-28 14:00:00+09:00,2897.0,2904.0,2895.0,2895.0,54400,0.0,0.0
2022-11-29 09:00:00+09:00,2946.0,2978.0,2928.0,2964.0,180600,0.0,0.0
2022-11-29 10:00:00+09:00,2962.0,2997.0,2955.0,2995.0,94300,0.0,0.0
2022-11-29 11:00:00+09:00,2995.0,3020.0,2994.0,3005.0,0,0.0,0.0
2022-11-29 12:00:00+09:00,3010.0,3010.0,2993.0,2998.0,373900,0.0,0.0
2022-11-29 13:00:00+09:00,2998.0,3015.0,2997.0,3005.0,61700,0.0,0.0
2022-11-29 14:00:00+09:00,3010.0,3030.0,3005.0,3005.0,86800,0.0,0.0
2022-11-30 09:00:00+09:00,2922.0,2932.0,2894.0,2925.0,208600,0.0,0.0
2022-11-30 10:00:00+09:00,2928.0,2932.0,2915.0,2917.0,77700,0.0,0.0
2022-11-30 11:00:00+09:00,2918.0,2926.0,2913.0,2919.0,0,0.0,0.0
2022-11-30 12:00:00+09:00,2926.0,2926.0,2911.0,2915.0,392700,0.0,0.0
2022-11-30 13:00:00+09:00,2916.0,2928.0,2916.0,2920.0,80200,0.0,0.0
2022-11-30 14:00:00+09:00,2921.0,2921.0,2905.0,2905.0,97400,0.0,0.0
2022-12-01 09:00:00+09:00,3000.0,3010.0,2899.0,2908.0,156300,0.0,0.0
2022-12-01 10:00:00+09:00,2906.0,2926.0,2906.0,2921.0,47100,0.0,0.0
2022-12-01 11:00:00+09:00,2921.0,2950.0,2920.0,2945.0,0,0.0,0.0
2022-12-01 12:00:00+09:00,2952.0,2959.0,2949.0,2959.0,260700,0.0,0.0
2022-12-01 13:00:00+09:00,2958.0,2972.0,2958.0,2972.0,46400,0.0,0.0
2022-12-01 14:00:00+09:00,2973.0,2977.0,2964.0,2969.0,77600,0.0,0.0
2022-12-02 09:00:00+09:00,2953.0,2955.0,2892.0,2894.0,92500,0.0,0.0
2022-12-02 10:00:00+09:00,2894.0,2894.0,2877.0,2892.0,60500,0.0,0.0
2022-12-02 11:00:00+09:00,2893.0,2919.0,2888.0,2914.0,0,0.0,0.0
2022-12-02 12:00:00+09:00,2924.0,2924.0,2901.0,2906.0,218400,0.0,0.0
2022-12-02 13:00:00+09:00,2908.0,2923.0,2907.0,2915.0,52600,0.0,0.0
2022-12-02 14:00:00+09:00,2915.0,2916.0,2904.0,2905.0,51700,0.0,0.0
2022-12-05 09:00:00+09:00,2908.0,2914.0,2868.0,2869.0,92200,0.0,0.0
2022-12-05 10:00:00+09:00,2868.0,2915.0,2868.0,2903.0,44400,0.0,0.0
2022-12-05 11:00:00+09:00,2902.0,2915.0,2894.0,2901.0,0,0.0,0.0
2022-12-05 12:00:00+09:00,2900.0,2911.0,2893.0,2909.0,179200,0.0,0.0
2022-12-05 13:00:00+09:00,2909.0,2925.0,2909.0,2921.0,31200,0.0,0.0
2022-12-05 14:00:00+09:00,2920.0,2929.0,2914.0,2927.0,49500,0.0,0.0
2022-12-06 09:00:00+09:00,2904.0,2960.0,2901.0,2902.0,124100,0.0,0.0
2022-12-06 10:00:00+09:00,2902.0,2947.0,2897.0,2945.0,58000,0.0,0.0
2022-12-06 11:00:00+09:00,2946.0,2952.0,2939.0,2950.0,0,0.0,0.0
2022-12-06 12:00:00+09:00,2950.0,2954.0,2940.0,2941.0,235200,0.0,0.0
2022-12-06 13:00:00+09:00,2942.0,2945.0,2932.0,2937.0,40300,0.0,0.0
2022-12-06 14:00:00+09:00,2937.0,2939.0,2921.0,2930.0,55800,0.0,0.0
2022-12-07 09:00:00+09:00,2903.0,2946.0,2897.0,2903.0,98800,0.0,0.0
2022-12-07 10:00:00+09:00,2903.0,2930.0,2901.0,2927.0,58300,0.0,0.0
2022-12-07 11:00:00+09:00,2927.0,2938.0,2927.0,2934.0,0,0.0,0.0
2022-12-07 12:00:00+09:00,2933.0,2952.0,2928.0,2945.0,237200,0.0,0.0
2022-12-07 13:00:00+09:00,2945.0,2946.0,2930.0,2933.0,30700,0.0,0.0
2022-12-07 14:00:00+09:00,2932.0,2933.0,2922.0,2930.0,71200,0.0,0.0
2022-12-08 09:00:00+09:00,2922.0,2930.0,2888.0,2902.0,59500,0.0,0.0
2022-12-08 10:00:00+09:00,2903.0,2940.0,2899.0,2940.0,44700,0.0,0.0
2022-12-08 11:00:00+09:00,2940.0,2940.0,2930.0,2937.0,0,0.0,0.0
2022-12-08 12:00:00+09:00,2946.0,2954.0,2942.0,2950.0,141200,0.0,0.0
2022-12-08 13:00:00+09:00,2950.0,2989.0,2946.0,2980.0,70600,0.0,0.0
2022-12-08 14:00:00+09:00,2978.0,2978.0,2952.0,2955.0,70400,0.0,0.0
2022-12-09 09:00:00+09:00,3040.0,3040.0,2978.0,2997.0,107900,0.0,0.0
2022-12-09 10:00:00+09:00,2996.0,3010.0,2979.0,2981.0,49700,0.0,0.0
2022-12-09 11:00:00+09:00,2982.0,3000.0,2982.0,2999.0,0,0.0,0.0
2022-12-09 12:00:00+09:00,3000.0,3010.0,2991.0,3005.0,197700,0.0,0.0
2022-12-09 13:00:00+09:00,3010.0,3010.0,2996.0,2998.0,31300,0.0,0.0
2022-12-09 14:00:00+09:00,2997.0,2997.0,2986.0,2991.0,55000,0.0,0.0
2022-12-12 09:00:00+09:00,2950.0,2959.0,2926.0,2927.0,97100,0.0,0.0
2022-12-12 10:00:00+09:00,2926.0,2959.0,2926.0,2957.0,57200,0.0,0.0
2022-12-12 11:00:00+09:00,2953.0,2962.0,2947.0,2952.0,0,0.0,0.0
2022-12-12 12:00:00+09:00,2952.0,2952.0,2939.0,2942.0,193600,0.0,0.0
2022-12-12 13:00:00+09:00,2941.0,2956.0,2940.0,2947.0,28500,0.0,0.0
2022-12-12 14:00:00+09:00,2947.0,2960.0,2942.0,2947.0,48700,0.0,0.0
2022-12-13 09:00:00+09:00,2977.0,2979.0,2921.0,2934.0,68900,0.0,0.0
2022-12-13 10:00:00+09:00,2935.0,2936.0,2892.0,2894.0,69100,0.0,0.0
2022-12-13 11:00:00+09:00,2892.0,2894.0,2882.0,2882.0,0,0.0,0.0
2022-12-13 12:00:00+09:00,2883.0,2916.0,2881.0,2912.0,204200,0.0,0.0
2022-12-13 13:00:00+09:00,2912.0,2918.0,2903.0,2908.0,37400,0.0,0.0
2022-12-13 14:00:00+09:00,2905.0,2908.0,2883.0,2898.0,58500,0.0,0.0
2022-12-14 09:00:00+09:00,2946.0,2961.0,2890.0,2918.0,130200,0.0,0.0
2022-12-14 10:00:00+09:00,2920.0,2928.0,2898.0,2901.0,68000,0.0,0.0
2022-12-14 11:00:00+09:00,2902.0,2913.0,2895.0,2903.0,0,0.0,0.0
2022-12-14 12:00:00+09:00,2902.0,2904.0,2895.0,2898.0,259700,0.0,0.0
2022-12-14 13:00:00+09:00,2899.0,2924.0,2890.0,2923.0,0,0.0,0.0
2022-12-14 14:00:00+09:00,2924.0,2930.0,2911.0,2914.0,381700,0.0,0.0
2022-12-15 09:00:00+09:00,2906.0,2918.0,2882.0,2906.0,93900,0.0,0.0
2022-12-15 10:00:00+09:00,2903.0,2912.0,2891.0,2909.0,45700,0.0,0.0
2022-12-15 11:00:00+09:00,2910.0,2915.0,2895.0,2899.0,0,0.0,0.0
2022-12-15 12:00:00+09:00,2896.0,2919.0,2896.0,2910.0,206000,0.0,0.0
2022-12-15 13:00:00+09:00,2909.0,2917.0,2904.0,2907.0,30300,0.0,0.0
2022-12-15 14:00:00+09:00,2906.0,2941.0,2900.0,2938.0,104300,0.0,0.0
2022-12-16 09:00:00+09:00,2921.0,2936.0,2896.0,2924.0,79700,0.0,0.0
2022-12-16 10:00:00+09:00,2925.0,2925.0,2913.0,2917.0,45500,0.0,0.0
2022-12-16 11:00:00+09:00,2916.0,2916.0,2908.0,2910.0,0,0.0,0.0
2022-12-16 12:00:00+09:00,2907.0,2912.0,2900.0,2909.0,176800,0.0,0.0
2022-12-16 13:00:00+09:00,2910.0,2910.0,2892.0,2894.0,57200,0.0,0.0
2022-12-16 14:00:00+09:00,2894.0,2895.0,2882.0,2886.0,63500,0.0,0.0
2022-12-19 09:00:00+09:00,2871.0,2888.0,2850.0,2879.0,83400,0.0,0.0
2022-12-19 10:00:00+09:00,2881.0,2902.0,2879.0,2888.0,44400,0.0,0.0
2022-12-19 11:00:00+09:00,2890.0,2891.0,2884.0,2888.0,0,0.0,0.0
2022-12-19 12:00:00+09:00,2890.0,2890.0,2867.0,2873.0,163000,0.0,0.0
2022-12-19 13:00:00+09:00,2874.0,2883.0,2872.0,2872.0,23500,0.0,0.0
2022-12-19 14:00:00+09:00,2871.0,2893.0,2871.0,2875.0,66600,0.0,0.0
2022-12-20 09:00:00+09:00,2900.0,2918.0,2874.0,2916.0,0,0.0,0.0
2022-12-20 10:00:00+09:00,2913.0,2918.0,2883.0,2888.0,94700,0.0,0.0
2022-12-20 11:00:00+09:00,2888.0,2888.0,2878.0,2883.0,0,0.0,0.0
2022-12-20 12:00:00+09:00,2789.0,2825.0,2779.0,2821.0,229900,0.0,0.0
2022-12-20 13:00:00+09:00,2819.0,2831.0,2810.0,2812.0,55900,0.0,0.0
2022-12-20 14:00:00+09:00,2812.0,2837.0,2812.0,2836.0,54300,0.0,0.0
2022-12-21 09:00:00+09:00,2841.0,2857.0,2779.0,2803.0,60500,0.0,0.0
2022-12-21 10:00:00+09:00,2800.0,2816.0,2784.0,2800.0,56300,0.0,0.0
2022-12-21 11:00:00+09:00,2802.0,2807.0,2795.0,2796.0,0,0.0,0.0
2022-12-21 12:00:00+09:00,2797.0,2804.0,2765.0,2773.0,169200,0.0,0.0
2022-12-21 13:00:00+09:00,2772.0,2784.0,2761.0,2778.0,31800,0.0,0.0
2022-12-21 14:00:00+09:00,2777.0,2797.0,2775.0,2783.0,46200,0.0,0.0
2022-12-22 09:00:00+09:00,2797.0,2798.0,2750.0,2774.0,66000,0.0,0.0
2022-12-22 10:00:00+09:00,2774.0,2790.0,2767.0,2786.0,31300,0.0,0.0
2022-12-22 11:00:00+09:00,2787.0,2795.0,2787.0,2790.0,0,0.0,0.0
2022-12-22 12:00:00+09:00,2790.0,2803.0,2785.0,2798.0,135400,0.0,0.0
2022-12-22 13:00:00+09:00,2799.0,2801.0,2769.0,2781.0,34600,0.0,0.0
2022-12-22 14:00:00+09:00,2781.0,2783.0,2762.0,2775.0,51600,0.0,0.0
2022-12-23 09:00:00+09:00,2747.0,2754.0,2716.0,2730.0,80700,0.0,0.0
2022-12-23 10:00:00+09:00,2730.0,2751.0,2726.0,2751.0,49900,0.0,0.0
2022-12-23 11:00:00+09:00,2751.0,2760.0,2750.0,2754.0,0,0.0,0.0
2022-12-23 12:00:00+09:00,2754.0,2763.0,2752.0,2763.0,160900,0.0,0.0
2022-12-23 13:00:00+09:00,2762.0,2763.0,2754.0,2758.0,16500,0.0,0.0
2022-12-23 14:00:00+09:00,2759.0,2759.0,2743.0,2743.0,42200,0.0,0.0
2022-12-26 09:00:00+09:00,2721.0,2738.0,2688.0,2701.0,64500,0.0,0.0
2022-12-26 10:00:00+09:00,2702.0,2705.0,2692.0,2692.0,22500,0.0,0.0
2022-12-26 11:00:00+09:00,2692.0,2701.0,2690.0,2696.0,0,0.0,0.0
2022-12-26 12:00:00+09:00,2690.0,2701.0,2688.0,2697.0,110600,0.0,0.0
2022-12-26 13:00:00+09:00,2697.0,2699.0,2687.0,2690.0,29400,0.0,0.0
2022-12-26 14:00:00+09:00,2690.0,2702.0,2687.0,2690.0,70800,0.0,0.0
2022-12-27 09:00:00+09:00,2737.0,2751.0,2715.0,2735.0,138300,0.0,0.0
2022-12-27 10:00:00+09:00,2735.0,2754.0,2732.0,2741.0,53500,0.0,0.0
2022-12-27 11:00:00+09:00,2741.0,2742.0,2735.0,2738.0,0,0.0,0.0
2022-12-27 12:00:00+09:00,2737.0,2759.0,2733.0,2753.0,233700,0.0,0.0
2022-12-27 13:00:00+09:00,2756.0,2758.0,2747.0,2753.0,23900,0.0,0.0
2022-12-27 14:00:00+09:00,2754.0,2771.0,2754.0,2766.0,91700,0.0,0.0
2022-12-28 09:00:00+09:00,2728.0,2750.0,2703.0,2747.0,102600,0.0,0.0
2022-12-28 10:00:00+09:00,2751.0,2763.0,2741.0,2763.0,43700,0.0,0.0
2022-12-28 11:00:00+09:00,2763.0,2766.0,2760.0,2762.0,0,0.0,0.0
2022-12-28 12:00:00+09:00,2760.0,2780.0,2759.0,2769.0,185300,0.0,0.0
2022-12-28 13:00:00+09:00,2768.0,2771.0,2761.0,2766.0,34500,0.0,0.0
2022-12-28 14:00:00+09:00,2766.0,2772.0,2758.0,2760.0,50200,0.0,0.0
2022-12-29 09:00:00+09:00,2770.0,2820.0,2757.0,2783.0,79300,0.0,0.0
2022-12-29 10:00:00+09:00,2783.0,2792.0,2776.0,2791.0,27800,0.0,0.0
2022-12-29 11:00:00+09:00,2798.0,2798.0,2790.0,2795.0,0,0.0,0.0
2022-12-29 12:00:00+09:00,2804.0,2809.0,2790.0,2793.0,143500,0.0,0.0
2022-12-29 13:00:00+09:00,2792.0,2804.0,2792.0,2798.0,0,0.0,0.0
2022-12-29 14:00:00+09:00,2799.0,2809.0,2794.0,2803.0,215600,0.0,0.0
2022-12-30 09:00:00+09:00,2805.0,2833.0,2798.0,2811.0,40800,0.0,0.0
2022-12-30 10:00:00+09:00,2810.0,2813.0,2790.0,2803.0,15400,0.0,0.0
2022-12-30 11:00:00+09:00,2802.0,2809.0,2802.0,2805.0,0,0.0,0.0
2022-12-30 12:00:00+09:00,2805.0,2813.0,2804.0,2809.0,76900,0.0,0.0
2022-12-30 13:00:00+09:00,2809.0,2812.0,2796.0,2798.0,20600,0.0,0.0
2022-12-30 14:00:00+09:00,2799.0,2801.0,2776.0,2778.0,34100,0.0,0.0
2023-01-04 09:00:00+09:00,2766.0,2770.0,2716.0,2750.0,72800,0.0,0.0
2023-01-04 10:00:00+09:00,2749.0,2749.0,2725.0,2733.0,0,0.0,0.0
2023-01-04 11:00:00+09:00,2733.0,2735.0,2715.0,2719.0,0,0.0,0.0
2023-01-04 12:00:00+09:00,2722.0,2734.0,2722.0,2728.0,157200,0.0,0.0
2023-01-04 13:00:00+09:00,2728.0,2732.0,2720.0,2723.0,25200,0.0,0.0
2023-01-04 14:00:00+09:00,2721.0,2723.0,2699.0,2699.0,48400,0.0,0.0
2023-01-05 09:00:00+09:00,2674.0,2715.0,2672.0,2710.0,37000,0.0,0.0
2023-01-05 10:00:00+09:00,2707.0,2752.0,2697.0,2747.0,41200,0.0,0.0
2023-01-05 11:00:00+09:00,2746.0,2746.0,2727.0,2731.0,0,0.0,0.0
2023-01-05 12:00:00+09:00,2729.0,2737.0,2725.0,2737.0,116300,0.0,0.0
2023-01-05 13:00:00+09:00,2737.0,2737.0,2722.0,2725.0,20700,0.0,0.0
2023-01-05 14:00:00+09:00,2725.0,2725.0,2706.0,2711.0,51600,0.0,0.0
2023-01-06 09:00:00+09:00,2676.0,2712.0,2666.0,2706.0,51900,0.0,0.0
2023-01-06 10:00:00+09:00,2703.0,2721.0,2697.0,2709.0,34000,0.0,0.0
2023-01-06 11:00:00+09:00,2709.0,2722.0,2709.0,2715.0,0,0.0,0.0
2023-01-06 12:00:00+09:00,2722.0,2744.0,2722.0,2735.0,123500,0.0,0.0
2023-01-06 13:00:00+09:00,2735.0,2747.0,2735.0,2739.0,20900,0.0,0.0
2023-01-06 14:00:00+09:00,2739.0,2743.0,2730.0,2739.0,40800,0.0,0.0
2023-01-10 09:00:00+09:00,2744.0,2782.0,2744.0,2773.0,0,0.0,0.0
2023-01-10 10:00:00+09:00,2773.0,2778.0,2738.0,2739.0,29100,0.0,0.0
2023-01-10 11:00:00+09:00,2739.0,2739.0,2728.0,2730.0,0,0.0,0.0
2023-01-10 12:00:00+09:00,2722.0,2738.0,2717.0,2734.0,117300,0.0,0.0
2023-01-10 13:00:00+09:00,2733.0,2733.0,2709.0,2714.0,19600,0.0,0.0
2023-01-10 14:00:00+09:00,2714.0,2716.0,2710.0,2712.0,25800,0.0,0.0
2023-01-11 09:00:00+09:00,2738.0,2779.0,2729.0,2779.0,42700,0.0,0.0
2023-01-11 10:00:00+09:00,2779.0,2789.0,2773.0,2775.0,27100,0.0,0.0
2023-01-11 11:00:00+09:00,2775.0,2780.0,2773.0,2780.0,0,0.0,0.0
2023-01-11 12:00:00+09:00,2773.0,2785.0,2773.0,2784.0,91500,0.0,0.0
2023-01-11 13:00:00+09:00,2784.0,2792.0,2773.0,2778.0,22300,0.0,0.0
2023-01-11 14:00:00+09:00,2778.0,2782.0,2767.0,2779.0,35200,0.0,0.0
2023-01-12 09:00:00+09:00,2784.0,2797.0,2753.0,2767.0,0,0.0,0.0
2023-01-12 10:00:00+09:00,2767.0,2767.0,2739.0,2743.0,54100,0.0,0.0
2023-01-12 11:00:00+09:00,2743.0,2747.0,2737.0,2740.0,0,0.0,0.0
2023-01-12 12:00:00+09:00,2736.0,2750.0,2736.0,2748.0,78500,0.0,0.0
2023-01-12 13:00:00+09:00,2749.0,2749.0,2725.0,2729.0,22000,0.0,0.0
2023-01-12 14:00:00+09:00,2728.0,2738.0,2726.0,2726.0,37300,0.0,0.0
2023-01-13 09:00:00+09:00,2686.0,2714.0,2673.0,2677.0,0,0.0,0.0
2023-01-13 10:00:00+09:00,2680.0,2681.0,2628.0,2646.0,134500,0.0,0.0
2023-01-13 11:00:00+09:00,2647.0,2658.0,2644.0,2652.0,0,0.0,0.0
2023-01-13 12:00:00+09:00,2644.0,2658.0,2644.0,2653.0,174700,0.0,0.0
2023-01-13 13:00:00+09:00,2652.0,2652.0,2640.0,2643.0,29400,0.0,0.0
2023-01-13 14:00:00+09:00,2644.0,2659.0,2643.0,2655.0,53700,0.0,0.0
2023-01-16 09:00:00+09:00,2624.0,2650.0,2596.0,2637.0,58000,0.0,0.0
2023-01-16 10:00:00+09:00,2639.0,2647.0,2608.0,2624.0,49300,0.0,0.0
2023-01-16 11:00:00+09:00,2623.0,2623.0,2610.0,2610.0,0,0.0,0.0
2023-01-16 12:00:00+09:00,2604.0,2618.0,2604.0,2614.0,136600,0.0,0.0
2023-01-16 13:00:00+09:00,2614.0,2631.0,2614.0,2624.0,26000,0.0,0.0
2023-01-16 14:00:00+09:00,2622.0,2622.0,2605.0,2608.0,34400,0.0,0.0
2023-01-17 09:00:00+09:00,2613.0,2648.0,2600.0,2635.0,37100,0.0,0.0
2023-01-17 10:00:00+09:00,2635.0,2635.0,2617.0,2627.0,23400,0.0,0.0
2023-01-17 11:00:00+09:00,2626.0,2630.0,2613.0,2613.0,0,0.0,0.0
2023-01-17 12:00:00+09:00,2613.0,2615.0,2608.0,2609.0,77600,0.0,0.0
2023-01-17 13:00:00+09:00,2609.0,2622.0,2609.0,2616.0,14400,0.0,0.0
2023-01-17 14:00:00+09:00,2615.0,2620.0,2611.0,2617.0,23600,0.0,0.0
2023-01-18 09:00:00+09:00,2635.0,2653.0,2624.0,2625.0,46000,0.0,0.0
2023-01-18 10:00:00+09:00,2623.0,2635.0,2607.0,2620.0,77300,0.0,0.0
2023-01-18 11:00:00+09:00,2619.0,2619.0,2610.0,2612.0,0,0.0,0.0
2023-01-18 12:00:00+09:00,2652.0,2654.0,2622.0,2633.0,231000,0.0,0.0
2023-01-18 13:00:00+09:00,2634.0,2645.0,2628.0,2639.0,59600,0.0,0.0
2023-01-18 14:00:00+09:00,2639.0,2662.0,2639.0,2655.0,55600,0.0,0.0
2023-01-19 09:00:00+09:00,2610.0,2617.0,2591.0,2591.0,91600,0.0,0.0
2023-01-19 10:00:00+09:00,2591.0,2644.0,2591.0,2641.0,91800,0.0,0.0
2023-01-19 11:00:00+09:00,2641.0,2641.0,2617.0,2617.0,0,0.0,0.0
2023-01-19 12:00:00+09:00,2614.0,2645.0,2614.0,2643.0,243400,0.0,0.0
2023-01-19 13:00:00+09:00,2644.0,2663.0,2644.0,2658.0,40200,0.0,0.0
2023-01-19 14:00:00+09:00,2658.0,2680.0,2646.0,2660.0,101900,0.0,0.0
2023-01-20 09:00:00+09:00,2669.0,2670.0,2636.0,2655.0,39400,0.0,0.0
2023-01-20 10:00:00+09:00,2656.0,2677.0,2652.0,2677.0,24200,0.0,0.0
2023-01-20 11:00:00+09:00,2677.0,2679.0,2665.0,2670.0,0,0.0,0.0
2023-01-20 12:00:00+09:00,2670.0,2675.0,2662.0,2665.0,98300,0.0,0.0
2023-01-20 13:00:00+09:00,2665.0,2673.0,2659.0,2659.0,22600,0.0,0.0
2023-01-20 14:00:00+09:00,2660.0,2670.0,2660.0,2666.0,27800,0.0,0.0
2023-01-23 09:00:00+09:00,2710.0,2711.0,2662.0,2683.0,97200,0.0,0.0
2023-01-23 10:00:00+09:00,2684.0,2693.0,2681.0,2691.0,33500,0.0,0.0
2023-01-23 11:00:00+09:00,2690.0,2693.0,2687.0,2688.0,0,0.0,0.0
2023-01-23 12:00:00+09:00,2690.0,2694.0,2689.0,2689.0,164500,0.0,0.0
2023-01-23 13:00:00+09:00,2691.0,2691.0,2684.0,2688.0,26600,0.0,0.0
2023-01-23 14:00:00+09:00,2688.0,2701.0,2686.0,2700.0,61500,0.0,0.0
2023-01-24 09:00:00+09:00,2725.0,2761.0,2713.0,2758.0,68500,0.0,0.0
2023-01-24 10:00:00+09:00,2759.0,2783.0,2742.0,2781.0,36700,0.0,0.0
2023-01-24 11:00:00+09:00,2781.0,2781.0,2774.0,2778.0,0,0.0,0.0
2023-01-24 12:00:00+09:00,2783.0,2796.0,2782.0,2793.0,145400,0.0,0.0
2023-01-24 13:00:00+09:00,2792.0,2804.0,2791.0,2801.0,45300,0.0,0.0
2023-01-24 14:00:00+09:00,2801.0,2806.0,2795.0,2803.0,48000,0.0,0.0
2023-01-25 09:00:00+09:00,2817.0,2862.0,2805.0,2860.0,109500,0.0,0.0
2023-01-25 10:00:00+09:00,2860.0,2870.0,2844.0,2867.0,45500,0.0,0.0
2023-01-25 11:00:00+09:00,2867.0,2870.0,2861.0,2865.0,0,0.0,0.0
2023-01-25 12:00:00+09:00,2872.0,2873.0,2860.0,2863.0,213300,0.0,0.0
2023-01-25 13:00:00+09:00,2864.0,2866.0,2852.0,2859.0,31800,0.0,0.0
2023-01-25 14:00:00+09:00,2859.0,2860.0,2844.0,2847.0,49900,0.0,0.0
2023-01-26 09:00:00+09:00,2831.0,2879.0,2828.0,2872.0,47000,0.0,0.0
2023-01-26 10:00:00+09:00,2873.0,2888.0,2871.0,2880.0,27700,0.0,0.0
2023-01-26 11:00:00+09:00,2881.0,2881.0,2860.0,2860.0,0,0.0,0.0
2023-01-26 12:00:00+09:00,2855.0,2859.0,2838.0,2842.0,111500,0.0,0.0
2023-01-26 13:00:00+09:00,2840.0,2845.0,2832.0,2838.0,35000,0.0,0.0
2023-01-26 14:00:00+09:00,2838.0,2850.0,2836.0,2843.0,36100,0.0,0.0
2023-01-27 09:00:00+09:00,2860.0,2907.0,2851.0,2899.0,116700,0.0,0.0
2023-01-27 10:00:00+09:00,2900.0,2905.0,2883.0,2899.0,44500,0.0,0.0
2023-01-27 11:00:00+09:00,2900.0,2905.0,2898.0,2898.0,0,0.0,0.0
2023-01-27 12:00:00+09:00,2900.0,2900.0,2861.0,2867.0,218800,0.0,0.0
2023-01-27 13:00:00+09:00,2867.0,2880.0,2864.0,2864.0,33900,0.0,0.0
2023-01-27 14:00:00+09:00,2865.0,2876.0,2864.0,2868.0,45100,0.0,0.0
2023-01-30 09:00:00+09:00,2875.0,2925.0,2875.0,2915.0,65500,0.0,0.0
2023-01-30 10:00:00+09:00,2913.0,2913.0,2879.0,2879.0,26300,0.0,0.0
2023-01-30 11:00:00+09:00,2878.0,2890.0,2878.0,2887.0,0,0.0,0.0
2023-01-30 12:00:00+09:00,2883.0,2896.0,2880.0,2886.0,127200,0.0,0.0
2023-01-30 13:00:00+09:00,2885.0,2894.0,2876.0,2891.0,31100,0.0,0.0
2023-01-30 14:00:00+09:00,2891.0,2894.0,2886.0,2892.0,41800,0.0,0.0
2023-01-31 09:00:00+09:00,2887.0,2921.0,2866.0,2882.0,83400,0.0,0.0
2023-01-31 10:00:00+09:00,2881.0,2886.0,2856.0,2868.0,42800,0.0,0.0
2023-01-31 11:00:00+09:00,2869.0,2881.0,2868.0,2879.0,0,0.0,0.0
2023-01-31 12:00:00+09:00,2879.0,2879.0,2862.0,2867.0,175900,0.0,0.0
2023-01-31 13:00:00+09:00,2868.0,2886.0,2867.0,2873.0,47600,0.0,0.0
2023-01-31 14:00:00+09:00,2873.0,2880.0,2848.0,2854.0,79000,0.0,0.0
2023-02-01 09:00:00+09:00,2882.0,2889.0,2854.0,2884.0,50900,0.0,0.0
2023-02-01 10:00:00+09:00,2885.0,2890.0,2871.0,2876.0,17300,0.0,0.0
2023-02-01 11:00:00+09:00,2875.0,2878.0,2871.0,2875.0,0,0.0,0.0
2023-02-01 12:00:00+09:00,2867.0,2870.0,2853.0,2853.0,84600,0.0,0.0
2023-02-01 13:00:00+09:00,2851.0,2853.0,2835.0,2839.0,20500,0.0,0.0
2023-02-01 14:00:00+09:00,2838.0,2845.0,2836.0,2839.0,23800,0.0,0.0
2023-02-02 09:00:00+09:00,2852.0,2856.0,2829.0,2838.0,35700,0.0,0.0
2023-02-02 10:00:00+09:00,2837.0,2860.0,2834.0,2859.0,17200,0.0,0.0
2023-02-02 11:00:00+09:00,2858.0,2859.0,2853.0,2854.0,0,0.0,0.0
2023-02-02 12:00:00+09:00,2888.0,2888.0,2853.0,2855.0,78400,0.0,0.0
2023-02-02 13:00:00+09:00,2855.0,2860.0,2850.0,2860.0,13400,0.0,0.0
2023-02-02 14:00:00+09:00,2860.0,2864.0,2845.0,2849.0,26000,0.0,0.0
2023-02-03 09:00:00+09:00,2891.0,2919.0,2884.0,2896.0,87100,0.0,0.0
2023-02-03 10:00:00+09:00,2896.0,2914.0,2895.0,2909.0,39700,0.0,0.0
2023-02-03 11:00:00+09:00,2909.0,2913.0,2907.0,2908.0,0,0.0,0.0
2023-02-03 12:00:00+09:00,2912.0,2914.0,2897.0,2904.0,155100,0.0,0.0
2023-02-03 13:00:00+09:00,2903.0,2909.0,2897.0,2900.0,24800,0.0,0.0
2023-02-03 14:00:00+09:00,2899.0,2899.0,2879.0,2884.0,26600,0.0,0.0
2023-02-06 09:00:00+09:00,2899.0,2909.0,2847.0,2868.0,63800,0.0,0.0
2023-02-06 10:00:00+09:00,2874.0,2887.0,2862.0,2887.0,31600,0.0,0.0
2023-02-06 11:00:00+09:00,2888.0,2894.0,2884.0,2886.0,0,0.0,0.0
2023-02-06 12:00:00+09:00,2875.0,2881.0,2871.0,2877.0,117300,0.0,0.0
2023-02-06 13:00:00+09:00,2878.0,2886.0,2875.0,2878.0,17900,0.0,0.0
2023-02-06 14:00:00+09:00,2877.0,2883.0,2871.0,2874.0,28000,0.0,0.0
2023-02-07 09:00:00+09:00,2846.0,2902.0,2846.0,2884.0,23800,0.0,0.0
2023-02-07 10:00:00+09:00,2887.0,2887.0,2865.0,2868.0,8300,0.0,0.0
2023-02-07 11:00:00+09:00,2869.0,2888.0,2869.0,2888.0,0,0.0,0.0
2023-02-07 12:00:00+09:00,2882.0,2883.0,2871.0,2880.0,48700,0.0,0.0
2023-02-07 13:00:00+09:00,2881.0,2882.0,2865.0,2867.0,14500,0.0,0.0
2023-02-07 14:00:00+09:00,2867.0,2876.0,2860.0,2861.0,22600,0.0,0.0
2023-02-08 09:00:00+09:00,2865.0,2875.0,2857.0,2874.0,21100,0.0,0.0
2023-02-08 10:00:00+09:00,2873.0,2897.0,2865.0,2891.0,17400,0.0,0.0
2023-02-08 11:00:00+09:00,2892.0,2894.0,2888.0,2893.0,0,0.0,0.0
2023-02-08 12:00:00+09:00,2892.0,2909.0,2890.0,2904.0,58100,0.0,0.0
2023-02-08 13:00:00+09:00,2903.0,2907.0,2895.0,2896.0,11500,0.0,0.0
2023-02-08 14:00:00+09:00,2896.0,2901.0,2888.0,2894.0,20400,0.0,0.0
2023-02-09 09:00:00+09:00,2875.0,2902.0,2869.0,2879.0,33500,0.0,0.0
2023-02-09 10:00:00+09:00,2881.0,2881.0,2862.0,2868.0,13500,0.0,0.0
2023-02-09 11:00:00+09:00,2866.0,2874.0,2863.0,2870.0,0,0.0,0.0
2023-02-09 12:00:00+09:00,2870.0,2875.0,2868.0,2872.0,59300,0.0,0.0
2023-02-09 13:00:00+09:00,2871.0,2887.0,2869.0,2887.0,15900,0.0,0.0
2023-02-09 14:00:00+09:00,2887.0,2900.0,2885.0,2892.0,29100,0.0,0.0
2023-02-10 09:00:00+09:00,2918.0,2920.0,2876.0,2887.0,0,0.0,0.0
2023-02-10 10:00:00+09:00,2887.0,2905.0,2885.0,2893.0,100900,0.0,0.0
2023-02-10 11:00:00+09:00,2893.0,2899.0,2886.0,2889.0,0,0.0,0.0
2023-02-10 12:00:00+09:00,2887.0,2892.0,2869.0,2887.0,148400,0.0,0.0
2023-02-10 13:00:00+09:00,2888.0,2942.0,2886.0,2932.0,74200,0.0,0.0
2023-02-10 14:00:00+09:00,2934.0,2958.0,2860.0,2932.0,263400,0.0,0.0
2023-02-13 09:00:00+09:00,2930.0,2964.0,2848.0,2873.0,129500,0.0,0.0
2023-02-13 10:00:00+09:00,2874.0,2880.0,2838.0,2862.0,60800,0.0,0.0
2023-02-13 11:00:00+09:00,2862.0,2869.0,2854.0,2862.0,0,0.0,0.0
2023-02-13 12:00:00+09:00,2869.0,2872.0,2831.0,2834.0,260500,0.0,0.0
2023-02-13 13:00:00+09:00,2836.0,2840.0,2808.0,2827.0,79300,0.0,0.0
2023-02-13 14:00:00+09:00,2827.0,2846.0,2825.0,2836.0,82300,0.0,0.0
2023-02-14 09:00:00+09:00,2885.0,2915.0,2862.0,2892.0,86800,0.0,0.0
2023-02-14 10:00:00+09:00,2891.0,2900.0,2862.0,2884.0,49300,0.0,0.0
2023-02-14 11:00:00+09:00,2884.0,2894.0,2877.0,2886.0,0,0.0,0.0
2023-02-14 12:00:00+09:00,2883.0,2887.0,2871.0,2882.0,175800,0.0,0.0
2023-02-14 13:00:00+09:00,2883.0,2889.0,2872.0,2883.0,31300,0.0,0.0
2023-02-14 14:00:00+09:00,2883.0,2883.0,2865.0,2866.0,58300,0.0,0.0
2023-02-15 09:00:00+09:00,2929.0,2993.0,2909.0,2938.0,0,0.0,0.0
2023-02-15 10:00:00+09:00,2940.0,2950.0,2928.0,2942.0,246400,0.0,0.0
2023-02-15 11:00:00+09:00,2943.0,2954.0,2939.0,2943.0,0,0.0,0.0
2023-02-15 12:00:00+09:00,2930.0,2942.0,2918.0,2937.0,323900,0.0,0.0
2023-02-15 13:00:00+09:00,2937.0,2941.0,2931.0,2938.0,45300,0.0,0.0
2023-02-15 14:00:00+09:00,2937.0,2941.0,2935.0,2939.0,80100,0.0,0.0
2023-02-16 09:00:00+09:00,2984.0,3060.0,2982.0,3030.0,0,0.0,0.0
2023-02-16 10:00:00+09:00,3025.0,3025.0,3005.0,3020.0,247900,0.0,0.0
2023-02-16 11:00:00+09:00,3020.0,3025.0,3015.0,3015.0,0,0.0,0.0
2023-02-16 12:00:00+09:00,3015.0,3025.0,3010.0,3020.0,283000,0.0,0.0
2023-02-16 13:00:00+09:00,3020.0,3020.0,3015.0,3015.0,25500,0.0,0.0
2023-02-16 14:00:00+09:00,3020.0,3025.0,3010.0,3015.0,79200,0.0,0.0
2023-02-17 09:00:00+09:00,3005.0,3025.0,2985.0,3010.0,0,0.0,0.0
2023-02-17 10:00:00+09:00,3010.0,3020.0,3005.0,3015.0,150300,0.0,0.0
2023-02-17 11:00:00+09:00,3010.0,3010.0,3005.0,3005.0,0,0.0,0.0
2023-02-17 12:00:00+09:00,3005.0,3010.0,2988.0,2988.0,216500,0.0,0.0
2023-02-17 13:00:00+09:00,2990.0,3010.0,2978.0,3000.0,101100,0.0,0.0
2023-02-17 14:00:00+09:00,3005.0,3010.0,2996.0,3005.0,79400,0.0,0.0
2023-02-20 09:00:00+09:00,3015.0,3025.0,2988.0,3005.0,37300,0.0,0.0
2023-02-20 10:00:00+09:00,3000.0,3015.0,2997.0,3010.0,17900,0.0,0.0
2023-02-20 11:00:00+09:00,3005.0,3005.0,2974.0,2974.0,0,0.0,0.0
2023-02-20 12:00:00+09:00,2970.0,2970.0,2947.0,2957.0,155100,0.0,0.0
2023-02-20 13:00:00+09:00,2957.0,2961.0,2946.0,2953.0,32500,0.0,0.0
2023-02-20 14:00:00+09:00,2952.0,2961.0,2944.0,2953.0,76900,0.0,0.0
2023-02-21 09:00:00+09:00,2957.0,2958.0,2878.0,2881.0,90500,0.0,0.0
2023-02-21 10:00:00+09:00,2880.0,2911.0,2870.0,2905.0,68400,0.0,0.0
2023-02-21 11:00:00+09:00,2907.0,2913.0,2900.0,2903.0,0,0.0,0.0
2023-02-21 12:00:00+09:00,2903.0,2906.0,2877.0,2881.0,218400,0.0,0.0
2023-02-21 13:00:00+09:00,2879.0,2881.0,2859.0,2870.0,70400,0.0,0.0
2023-02-21 14:00:00+09:00,2862.0,2876.0,2862.0,2863.0,72400,0.0,0.0
2023-02-22 09:00:00+09:00,2844.0,2866.0,2790.0,2803.0,130100,0.0,0.0
2023-02-22 10:00:00+09:00,2802.0,2829.0,2785.0,2829.0,59200,0.0,0.0
2023-02-22 11:00:00+09:00,2826.0,2841.0,2820.0,2838.0,0,0.0,0.0
2023-02-22 12:00:00+09:00,2833.0,2841.0,2833.0,2836.0,257600,0.0,0.0
2023-02-22 13:00:00+09:00,2836.0,2843.0,2831.0,2832.0,46100,0.0,0.0
2023-02-22 14:00:00+09:00,2831.0,2832.0,2821.0,2826.0,57600,0.0,0.0
2023-02-24 09:00:00+09:00,2818.0,2831.0,2773.0,2804.0,99500,0.0,0.0
2023-02-24 10:00:00+09:00,2805.0,2856.0,2803.0,2850.0,118000,0.0,0.0
2023-02-24 11:00:00+09:00,2849.0,2870.0,2843.0,2870.0,0,0.0,0.0
2023-02-24 12:00:00+09:00,2870.0,2874.0,2856.0,2863.0,265500,0.0,0.0
2023-02-24 13:00:00+09:00,2863.0,2866.0,2850.0,2862.0,25700,0.0,0.0
2023-02-24 14:00:00+09:00,2861.0,2863.0,2851.0,2857.0,59900,0.0,0.0
2023-02-27 09:00:00+09:00,2853.0,2860.0,2810.0,2832.0,95500,0.0,0.0
2023-02-27 10:00:00+09:00,2835.0,2880.0,2833.0,2876.0,38300,0.0,0.0
2023-02-27 11:00:00+09:00,2875.0,2886.0,2871.0,2872.0,0,0.0,0.0
2023-02-27 12:00:00+09:00,2874.0,2877.0,2852.0,2853.0,177000,0.0,0.0
2023-02-27 13:00:00+09:00,2853.0,2857.0,2847.0,2856.0,25800,0.0,0.0
2023-02-27 14:00:00+09:00,2857.0,2864.0,2855.0,2864.0,21900,0.0,0.0
2023-02-28 09:00:00+09:00,2874.0,2881.0,2847.0,2858.0,61800,0.0,0.0
2023-02-28 10:00:00+09:00,2859.0,2897.0,2859.0,2890.0,31900,0.0,0.0
2023-02-28 11:00:00+09:00,2890.0,2915.0,2890.0,2914.0,0,0.0,0.0
2023-02-28 12:00:00+09:00,2916.0,2929.0,2915.0,2921.0,135000,0.0,0.0
2023-02-28 13:00:00+09:00,2919.0,2921.0,2906.0,2909.0,29200,0.0,0.0
2023-02-28 14:00:00+09:00,2910.0,2920.0,2909.0,2920.0,36000,0.0,0.0
2023-03-01 09:00:00+09:00,2904.0,2904.0,2849.0,2856.0,58900,0.0,0.0
2023-03-01 10:00:00+09:00,2857.0,2866.0,2847.0,2849.0,31900,0.0,0.0
2023-03-01 11:00:00+09:00,2849.0,2855.0,2848.0,2852.0,0,0.0,0.0
2023-03-01 12:00:00+09:00,2856.0,2868.0,2848.0,2850.0,120900,0.0,0.0
2023-03-01 13:00:00+09:00,2849.0,2855.0,2848.0,2852.0,31600,0.0,0.0
2023-03-01 14:00:00+09:00,2850.0,2862.0,2848.0,2856.0,49500,0.0,0.0
2023-03-02 09:00:00+09:00,2843.0,2900.0,2837.0,2891.0,59400,0.0,0.0
2023-03-02 10:00:00+09:00,2889.0,2893.0,2867.0,2871.0,22100,0.0,0.0
2023-03-02 11:00:00+09:00,2874.0,2879.0,2864.0,2864.0,0,0.0,0.0
2023-03-02 12:00:00+09:00,2860.0,2870.0,2857.0,2860.0,104700,0.0,0.0
2023-03-02 13:00:00+09:00,2861.0,2864.0,2857.0,2861.0,12100,0.0,0.0
2023-03-02 14:00:00+09:00,2860.0,2881.0,2859.0,2869.0,45900,0.0,0.0
2023-03-03 09:00:00+09:00,2895.0,2940.0,2893.0,2927.0,104000,0.0,0.0
2023-03-03 10:00:00+09:00,2929.0,2951.0,2929.0,2942.0,34700,0.0,0.0
2023-03-03 11:00:00+09:00,2942.0,2942.0,2932.0,2939.0,0,0.0,0.0
2023-03-03 12:00:00+09:00,2941.0,2942.0,2930.0,2939.0,166000,0.0,0.0
2023-03-03 13:00:00+09:00,2939.0,2946.0,2936.0,2940.0,18700,0.0,0.0
2023-03-03 14:00:00+09:00,2940.0,2943.0,2929.0,2931.0,30500,0.0,0.0
2023-03-06 09:00:00+09:00,2966.0,2997.0,2955.0,2973.0,77000,0.0,0.0
2023-03-06 10:00:00+09:00,2972.0,2977.0,2951.0,2972.0,30700,0.0,0.0
2023-03-06 11:00:00+09:00,2971.0,2974.0,2962.0,2965.0,0,0.0,0.0
2023-03-06 12:00:00+09:00,2962.0,2976.0,2961.0,2971.0,138000,0.0,0.0
2023-03-06 13:00:00+09:00,2971.0,2981.0,2971.0,2973.0,25300,0.0,0.0
2023-03-06 14:00:00+09:00,2972.0,2976.0,2962.0,2968.0,30700,0.0,0.0
2023-03-07 09:00:00+09:00,2954.0,2985.0,2954.0,2984.0,29000,0.0,0.0
2023-03-07 10:00:00+09:00,2981.0,2985.0,2977.0,2979.0,10700,0.0,0.0
2023-03-07 11:00:00+09:00,2979.0,2983.0,2973.0,2976.0,0,0.0,0.0
2023-03-07 12:00:00+09:00,2979.0,2979.0,2971.0,2971.0,52900,0.0,0.0
2023-03-07 13:00:00+09:00,2973.0,2973.0,2957.0,2961.0,16100,0.0,0.0
2023-03-07 14:00:00+09:00,2961.0,2977.0,2960.0,2970.0,40500,0.0,0.0
2023-03-08 09:00:00+09:00,2955.0,2981.0,2940.0,2955.0,27500,0.0,0.0
2023-03-08 10:00:00+09:00,2953.0,2953.0,2922.0,2926.0,11400,0.0,0.0
2023-03-08 11:00:00+09:00,2927.0,2929.0,2925.0,2925.0,0,0.0,0.0
2023-03-08 12:00:00+09:00,2925.0,2934.0,2920.0,2925.0,56000,0.0,0.0
2023-03-08 13:00:00+09:00,2925.0,2927.0,2919.0,2923.0,0,0.0,0.0
2023-03-08 14:00:00+09:00,2923.0,2931.0,2920.0,2925.0,98700,0.0,0.0
2023-03-09 09:00:00+09:00,2953.0,2961.0,2918.0,2931.0,52400,0.0,0.0
2023-03-09 10:00:00+09:00,2931.0,2937.0,2922.0,2926.0,11800,0.0,0.0
2023-03-09 11:00:00+09:00,2927.0,2932.0,2925.0,2927.0,0,0.0,0.0
2023-03-09 12:00:00+09:00,2929.0,2932.0,2927.0,2929.0,80300,0.0,0.0
2023-03-09 13:00:00+09:00,2929.0,2929.0,2916.0,2921.0,15800,0.0,0.0
2023-03-09 14:00:00+09:00,2921.0,2929.0,2918.0,2924.0,30600,0.0,0.0
2023-03-10 09:00:00+09:00,2875.0,2909.0,2874.0,2897.0,147900,0.0,0.0
2023-03-10 10:00:00+09:00,2899.0,2902.0,2888.0,2888.0,16500,0.0,0.0
2023-03-10 11:00:00+09:00,2888.0,2895.0,2886.0,2887.0,0,0.0,0.0
2023-03-10 12:00:00+09:00,2887.0,2902.0,2881.0,2881.0,189800,0.0,0.0
2023-03-10 13:00:00+09:00,2881.0,2887.0,2873.0,2883.0,23300,0.0,0.0
2023-03-10 14:00:00+09:00,2882.0,2889.0,2877.0,2878.0,28100,0.0,0.0
2023-03-13 09:00:00+09:00,2838.0,2862.0,2838.0,2845.0,46500,0.0,0.0
2023-03-13 10:00:00+09:00,2848.0,2852.0,2845.0,2846.0,11300,0.0,0.0
2023-03-13 11:00:00+09:00,2847.0,2851.0,2845.0,2851.0,0,0.0,0.0
2023-03-13 12:00:00+09:00,2851.0,2860.0,2850.0,2857.0,76600,0.0,0.0
2023-03-13 13:00:00+09:00,2856.0,2858.0,2844.0,2852.0,15400,0.0,0.0
2023-03-13 14:00:00+09:00,2851.0,2867.0,2847.0,2865.0,23700,0.0,0.0
2023-03-14 09:00:00+09:00,2840.0,2857.0,2825.0,2851.0,70600,0.0,0.0
2023-03-14 10:00:00+09:00,2852.0,2866.0,2849.0,2861.0,26900,0.0,0.0
2023-03-14 11:00:00+09:00,2859.0,2880.0,2858.0,2869.0,0,0.0,0.0
2023-03-14 12:00:00+09:00,2863.0,2887.0,2863.0,2872.0,136300,0.0,0.0
2023-03-14 13:00:00+09:00,2872.0,2882.0,2864.0,2879.0,22300,0.0,0.0
2023-03-14 14:00:00+09:00,2879.0,2880.0,2862.0,2870.0,34600,0.0,0.0
2023-03-15 09:00:00+09:00,2905.0,2905.0,2851.0,2854.0,54100,0.0,0.0
2023-03-15 10:00:00+09:00,2854.0,2858.0,2848.0,2857.0,23700,0.0,0.0
2023-03-15 11:00:00+09:00,2857.0,2857.0,2838.0,2849.0,0,0.0,0.0
2023-03-15 12:00:00+09:00,2859.0,2877.0,2856.0,2861.0,109800,0.0,0.0
2023-03-15 13:00:00+09:00,2863.0,2863.0,2848.0,2849.0,10800,0.0,0.0
2023-03-15 14:00:00+09:00,2848.0,2849.0,2827.0,2832.0,29200,0.0,0.0
2023-03-16 09:00:00+09:00,2788.0,2817.0,2769.0,2816.0,71100,0.0,0.0
2023-03-16 10:00:00+09:00,2814.0,2820.0,2788.0,2789.0,17500,0.0,0.0
2023-03-16 11:00:00+09:00,2790.0,2800.0,2787.0,2798.0,0,0.0,0.0
2023-03-16 12:00:00+09:00,2795.0,2806.0,2792.0,2806.0,111400,0.0,0.0
2023-03-16 13:00:00+09:00,2806.0,2818.0,2797.0,2817.0,14600,0.0,0.0
2023-03-16 14:00:00+09:00,2817.0,2823.0,2809.0,2816.0,30300,0.0,0.0
2023-03-17 09:00:00+09:00,2836.0,2873.0,2832.0,2869.0,94900,0.0,0.0
2023-03-17 10:00:00+09:00,2866.0,2869.0,2834.0,2834.0,24100,0.0,0.0
2023-03-17 11:00:00+09:00,2831.0,2858.0,2831.0,2853.0,0,0.0,0.0
2023-03-17 12:00:00+09:00,2848.0,2859.0,2846.0,2858.0,166400,0.0,0.0
2023-03-17 13:00:00+09:00,2857.0,2879.0,2853.0,2877.0,21000,0.0,0.0
2023-03-17 14:00:00+09:00,2877.0,2883.0,2871.0,2880.0,48400,0.0,0.0
2023-03-20 09:00:00+09:00,2884.0,2884.0,2837.0,2837.0,64600,0.0,0.0
2023-03-20 10:00:00+09:00,2837.0,2838.0,2779.0,2793.0,27100,0.0,0.0
2023-03-20 11:00:00+09:00,2794.0,2796.0,2778.0,2779.0,0,0.0,0.0
2023-03-20 12:00:00+09:00,2773.0,2786.0,2770.0,2779.0,117200,0.0,0.0
2023-03-20 13:00:00+09:00,2782.0,2785.0,2771.0,2772.0,18100,0.0,0.0
2023-03-20 14:00:00+09:00,2771.0,2774.0,2757.0,2757.0,40400,0.0,0.0
2023-03-22 09:00:00+09:00,2771.0,2780.0,2731.0,2731.0,81100,0.0,0.0
2023-03-22 10:00:00+09:00,2731.0,2747.0,2716.0,2743.0,17400,0.0,0.0
2023-03-22 11:00:00+09:00,2745.0,2745.0,2738.0,2743.0,0,0.0,0.0
2023-03-22 12:00:00+09:00,2745.0,2753.0,2736.0,2753.0,121900,0.0,0.0
2023-03-22 13:00:00+09:00,2754.0,2766.0,2754.0,2755.0,21500,0.0,0.0
2023-03-22 14:00:00+09:00,2755.0,2759.0,2747.0,2753.0,28900,0.0,0.0
2023-03-23 09:00:00+09:00,2706.0,2739.0,2672.0,2735.0,81900,0.0,0.0
2023-03-23 10:00:00+09:00,2739.0,2777.0,2736.0,2774.0,22000,0.0,0.0
2023-03-23 11:00:00+09:00,2774.0,2775.0,2767.0,2768.0,0,0.0,0.0
2023-03-23 12:00:00+09:00,2768.0,2774.0,2755.0,2763.0,139000,0.0,0.0
2023-03-23 13:00:00+09:00,2765.0,2767.0,2753.0,2759.0,0,0.0,0.0
2023-03-23 14:00:00+09:00,2761.0,2764.0,2755.0,2758.0,214400,0.0,0.0
2023-03-24 09:00:00+09:00,2772.0,2772.0,2719.0,2720.0,0,0.0,0.0
2023-03-24 10:00:00+09:00,2719.0,2748.0,2718.0,2744.0,139400,0.0,0.0
2023-03-24 11:00:00+09:00,2747.0,2752.0,2743.0,2749.0,0,0.0,0.0
2023-03-24 12:00:00+09:00,2744.0,2754.0,2735.0,2735.0,169400,0.0,0.0
2023-03-24 13:00:00+09:00,2736.0,2739.0,2726.0,2727.0,44000,0.0,0.0
2023-03-24 14:00:00+09:00,2726.0,2737.0,2723.0,2734.0,47000,0.0,0.0
2023-03-27 09:00:00+09:00,2727.0,2775.0,2714.0,2736.0,136700,0.0,0.0
2023-03-27 10:00:00+09:00,2737.0,2769.0,2737.0,2769.0,53800,0.0,0.0
2023-03-27 11:00:00+09:00,2768.0,2775.0,2765.0,2775.0,0,0.0,0.0
2023-03-27 12:00:00+09:00,2776.0,2781.0,2763.0,2767.0,230600,0.0,0.0
2023-03-27 13:00:00+09:00,2768.0,2773.0,2763.0,2770.0,22700,0.0,0.0
2023-03-27 14:00:00+09:00,2771.0,2771.0,2756.0,2762.0,43200,0.0,0.0
2023-03-28 09:00:00+09:00,2762.0,2762.0,2700.0,2708.0,112900,0.0,0.0
2023-03-28 10:00:00+09:00,2712.0,2733.0,2710.0,2712.0,49900,0.0,0.0
2023-03-28 11:00:00+09:00,2711.0,2715.0,2702.0,2713.0,0,0.0,0.0
2023-03-28 12:00:00+09:00,2716.0,2758.0,2713.0,2745.0,208300,0.0,0.0
2023-03-28 13:00:00+09:00,2745.0,2758.0,2743.0,2752.0,36200,0.0,0.0
2023-03-28 14:00:00+09:00,2751.0,2763.0,2734.0,2736.0,45600,0.0,0.0
2023-03-29 09:00:00+09:00,2728.0,2754.0,2707.0,2751.0,113500,0.0,0.0
2023-03-29 10:00:00+09:00,2751.0,2768.0,2745.0,2764.0,22700,0.0,0.0
2023-03-29 11:00:00+09:00,2761.0,2770.0,2759.0,2761.0,0,0.0,0.0
2023-03-29 12:00:00+09:00,2760.0,2771.0,2760.0,2767.0,171600,0.0,0.0
2023-03-29 13:00:00+09:00,2768.0,2780.0,2766.0,2773.0,23200,0.0,0.0
2023-03-29 14:00:00+09:00,2771.0,2790.0,2770.0,2789.0,48400,0.0,0.0
2023-03-30 09:00:00+09:00,2750.0,2758.0,2723.0,2734.0,92900,0.0,0.0
2023-03-30 10:00:00+09:00,2735.0,2742.0,2729.0,2740.0,17900,0.0,0.0
2023-03-30 11:00:00+09:00,2740.0,2750.0,2740.0,2745.0,0,0.0,0.0
2023-03-30 12:00:00+09:00,2744.0,2752.0,2741.0,2749.0,132700,0.0,0.0
2023-03-30 13:00:00+09:00,2747.0,2747.0,2732.0,2744.0,18100,0.0,0.0
2023-03-30 14:00:00+09:00,2741.0,2751.0,2730.0,2745.0,36200,0.0,0.0
2023-03-31 09:00:00+09:00,2797.0,2814.0,2784.0,2808.0,62000,0.0,0.0
2023-03-31 10:00:00+09:00,2808.0,2820.0,2806.0,2815.0,24300,0.0,0.0
2023-03-31 11:00:00+09:00,2816.0,2821.0,2791.0,2801.0,0,0.0,0.0
2023-03-31 12:00:00+09:00,2795.0,2806.0,2784.0,2798.0,130700,0.0,0.0
2023-03-31 13:00:00+09:00,2798.0,2811.0,2798.0,2809.0,24900,0.0,0.0
2023-03-31 14:00:00+09:00,2812.0,2813.0,2799.0,2808.0,53700,0.0,0.0
2023-04-03 09:00:00+09:00,2847.0,2854.0,2833.0,2848.0,33800,0.0,0.0
2023-04-03 10:00:00+09:00,2849.0,2870.0,2836.0,2840.0,28900,0.0,0.0
2023-04-03 11:00:00+09:00,2843.0,2850.0,2836.0,2850.0,0,0.0,0.0
2023-04-03 12:00:00+09:00,2851.0,2858.0,2833.0,2835.0,88300,0.0,0.0
2023-04-03 13:00:00+09:00,2833.0,2845.0,2830.0,2845.0,20400,0.0,0.0
2023-04-03 14:00:00+09:00,2847.0,2853.0,2842.0,2852.0,39900,0.0,0.0
2023-04-04 09:00:00+09:00,2802.0,2814.0,2774.0,2785.0,81000,0.0,0.0
2023-04-04 10:00:00+09:00,2787.0,2811.0,2784.0,2802.0,51100,0.0,0.0
2023-04-04 11:00:00+09:00,2803.0,2808.0,2801.0,2805.0,0,0.0,0.0
2023-04-04 12:00:00+09:00,2810.0,2825.0,2807.0,2817.0,183900,0.0,0.0
2023-04-04 13:00:00+09:00,2817.0,2818.0,2810.0,2817.0,32100,0.0,0.0
2023-04-04 14:00:00+09:00,2816.0,2839.0,2815.0,2838.0,72100,0.0,0.0
2023-04-05 09:00:00+09:00,2803.0,2806.0,2773.0,2781.0,72900,0.0,0.0
2023-04-05 10:00:00+09:00,2783.0,2783.0,2757.0,2766.0,44800,0.0,0.0
2023-04-05 11:00:00+09:00,2766.0,2774.0,2765.0,2769.0,0,0.0,0.0
2023-04-05 12:00:00+09:00,2763.0,2766.0,2758.0,2758.0,148900,0.0,0.0
2023-04-05 13:00:00+09:00,2759.0,2768.0,2755.0,2764.0,26400,0.0,0.0
2023-04-05 14:00:00+09:00,2762.0,2765.0,2745.0,2746.0,39200,0.0,0.0
2023-04-06 09:00:00+09:00,2721.0,2725.0,2686.0,2702.0,71800,0.0,0.0
2023-04-06 10:00:00+09:00,2704.0,2707.0,2691.0,2695.0,31600,0.0,0.0
2023-04-06 11:00:00+09:00,2696.0,2705.0,2691.0,2702.0,0,0.0,0.0
2023-04-06 12:00:00+09:00,2698.0,2709.0,2698.0,2708.0,156600,0.0,0.0
2023-04-06 13:00:00+09:00,2707.0,2712.0,2698.0,2707.0,30600,0.0,0.0
2023-04-06 14:00:00+09:00,2707.0,2716.0,2702.0,2711.0,36200,0.0,0.0
2023-04-07 09:00:00+09:00,2724.0,2743.0,2713.0,2730.0,20800,0.0,0.0
2023-04-07 10:00:00+09:00,2727.0,2728.0,2692.0,2693.0,15900,0.0,0.0
2023-04-07 11:00:00+09:00,2691.0,2691.0,2684.0,2689.0,0,0.0,0.0
2023-04-07 12:00:00+09:00,2690.0,2691.0,2678.0,2684.0,70600,0.0,0.0
2023-04-07 13:00:00+09:00,2683.0,2687.0,2680.0,2686.0,17500,0.0,0.0
2023-04-07 14:00:00+09:00,2686.0,2686.0,2677.0,2683.0,28200,0.0,0.0
2023-04-10 09:00:00+09:00,2694.0,2719.0,2682.0,2717.0,44100,0.0,0.0
2023-04-10 10:00:00+09:00,2717.0,2738.0,2717.0,2735.0,14700,0.0,0.0
2023-04-10 11:00:00+09:00,2734.0,2734.0,2721.0,2723.0,0,0.0,0.0
2023-04-10 12:00:00+09:00,2720.0,2723.0,2715.0,2720.0,76800,0.0,0.0
2023-04-10 13:00:00+09:00,2720.0,2726.0,2720.0,2723.0,8400,0.0,0.0
2023-04-10 14:00:00+09:00,2723.0,2724.0,2707.0,2713.0,29800,0.0,0.0
2023-04-11 09:00:00+09:00,2738.0,2756.0,2736.0,2747.0,41200,0.0,0.0
2023-04-11 10:00:00+09:00,2745.0,2754.0,2741.0,2750.0,14100,0.0,0.0
2023-04-11 11:00:00+09:00,2751.0,2756.0,2739.0,2739.0,0,0.0,0.0
2023-04-11 12:00:00+09:00,2749.0,2749.0,2731.0,2737.0,78000,0.0,0.0
2023-04-11 13:00:00+09:00,2736.0,2741.0,2729.0,2739.0,11900,0.0,0.0
2023-04-11 14:00:00+09:00,2740.0,2747.0,2738.0,2743.0,33100,0.0,0.0
2023-04-12 09:00:00+09:00,2733.0,2735.0,2702.0,2721.0,58600,0.0,0.0
2023-04-12 10:00:00+09:00,2721.0,2743.0,2721.0,2736.0,35600,0.0,0.0
2023-04-12 11:00:00+09:00,2737.0,2737.0,2721.0,2722.0,0,0.0,0.0
2023-04-12 12:00:00+09:00,2725.0,2727.0,2716.0,2725.0,130900,0.0,0.0
2023-04-12 13:00:00+09:00,2726.0,2735.0,2726.0,2729.0,20700,0.0,0.0
2023-04-12 14:00:00+09:00,2728.0,2729.0,2711.0,2713.0,37500,0.0,0.0
2023-04-13 09:00:00+09:00,2695.0,2714.0,2676.0,2714.0,52700,0.0,0.0
2023-04-13 10:00:00+09:00,2716.0,2749.0,2714.0,2748.0,29400,0.0,0.0
2023-04-13 11:00:00+09:00,2747.0,2755.0,2747.0,2755.0,0,0.0,0.0
2023-04-13 12:00:00+09:00,2752.0,2772.0,2752.0,2772.0,121100,0.0,0.0
2023-04-13 13:00:00+09:00,2772.0,2783.0,2769.0,2783.0,30200,0.0,0.0
2023-04-13 14:00:00+09:00,2784.0,2791.0,2782.0,2790.0,39400,0.0,0.0
2023-04-14 09:00:00+09:00,2826.0,2860.0,2824.0,2842.0,60200,0.0,0.0
2023-04-14 10:00:00+09:00,2841.0,2860.0,2838.0,2849.0,23800,0.0,0.0
2023-04-14 11:00:00+09:00,2849.0,2858.0,2849.0,2858.0,0,0.0,0.0
2023-04-14 12:00:00+09:00,2858.0,2860.0,2850.0,2850.0,117100,0.0,0.0
2023-04-14 13:00:00+09:00,2852.0,2852.0,2837.0,2838.0,22800,0.0,0.0
2023-04-14 14:00:00+09:00,2837.0,2839.0,2828.0,2828.0,36100,0.0,0.0
2023-04-17 09:00:00+09:00,2830.0,2831.0,2800.0,2826.0,54800,0.0,0.0
2023-04-17 10:00:00+09:00,2826.0,2844.0,2822.0,2837.0,13800,0.0,0.0
2023-04-17 11:00:00+09:00,2838.0,2838.0,2825.0,2828.0,0,0.0,0.0
2023-04-17 12:00:00+09:00,2819.0,2827.0,2814.0,2816.0,90400,0.0,0.0
2023-04-17 13:00:00+09:00,2816.0,2830.0,2816.0,2828.0,0,0.0,0.0
2023-04-17 14:00:00+09:00,2829.0,2842.0,2828.0,2842.0,136600,0.0,0.0
2023-04-18 09:00:00+09:00,2842.0,2854.0,2820.0,2836.0,56000,0.0,0.0
2023-04-18 10:00:00+09:00,2834.0,2839.0,2826.0,2829.0,14900,0.0,0.0
2023-04-18 11:00:00+09:00,2829.0,2838.0,2829.0,2833.0,0,0.0,0.0
2023-04-18 12:00:00+09:00,2831.0,2838.0,2822.0,2823.0,93200,0.0,0.0
2023-04-18 13:00:00+09:00,2824.0,2830.0,2822.0,2828.0,15600,0.0,0.0
2023-04-18 14:00:00+09:00,2829.0,2842.0,2829.0,2839.0,36700,0.0,0.0
2023-04-19 09:00:00+09:00,2827.0,2835.0,2809.0,2809.0,48300,0.0,0.0
2023-04-19 10:00:00+09:00,2808.0,2808.0,2797.0,2800.0,14600,0.0,0.0
2023-04-19 11:00:00+09:00,2802.0,2810.0,2796.0,2809.0,0,0.0,0.0
2023-04-19 12:00:00+09:00,2801.0,2801.0,2790.0,2791.0,82500,0.0,0.0
2023-04-19 13:00:00+09:00,2790.0,2791.0,2784.0,2789.0,17900,0.0,0.0
2023-04-19 14:00:00+09:00,2789.0,2789.0,2781.0,2789.0,24000,0.0,0.0
2023-04-20 09:00:00+09:00,2762.0,2795.0,2762.0,2775.0,21100,0.0,0.0
2023-04-20 10:00:00+09:00,2775.0,2799.0,2772.0,2796.0,9400,0.0,0.0
2023-04-20 11:00:00+09:00,2795.0,2798.0,2790.0,2797.0,0,0.0,0.0
2023-04-20 12:00:00+09:00,2797.0,2810.0,2797.0,2801.0,43600,0.0,0.0
2023-04-20 13:00:00+09:00,2801.0,2808.0,2800.0,2802.0,10600,0.0,0.0
2023-04-20 14:00:00+09:00,2802.0,2805.0,2795.0,2796.0,18400,0.0,0.0
2023-04-21 09:00:00+09:00,2778.0,2798.0,2774.0,2798.0,30100,0.0,0.0
2023-04-21 10:00:00+09:00,2798.0,2805.0,2797.0,2802.0,18100,0.0,0.0
2023-04-21 11:00:00+09:00,2801.0,2807.0,2801.0,2807.0,0,0.0,0.0
2023-04-21 12:00:00+09:00,2803.0,2807.0,2802.0,2804.0,55800,0.0,0.0
2023-04-21 13:00:00+09:00,2806.0,2813.0,2796.0,2796.0,13800,0.0,0.0
2023-04-21 14:00:00+09:00,2798.0,2801.0,2798.0,2799.0,11500,0.0,0.0
2023-04-24 09:00:00+09:00,2835.0,2851.0,2831.0,2837.0,27400,0.0,0.0
2023-04-24 10:00:00+09:00,2837.0,2844.0,2831.0,2831.0,5400,0.0,0.0
2023-04-24 11:00:00+09:00,2830.0,2832.0,2827.0,2830.0,0,0.0,0.0
2023-04-24 12:00:00+09:00,2823.0,2830.0,2803.0,2811.0,48700,0.0,0.0
2023-04-24 13:00:00+09:00,2813.0,2829.0,2813.0,2828.0,8200,0.0,0.0
2023-04-24 14:00:00+09:00,2827.0,2827.0,2818.0,2819.0,19700,0.0,0.0
2023-04-25 09:00:00+09:00,2849.0,2865.0,2839.0,2848.0,0,0.0,0.0
2023-04-25 10:00:00+09:00,2847.0,2852.0,2824.0,2824.0,47800,0.0,0.0
2023-04-25 11:00:00+09:00,2824.0,2834.0,2824.0,2826.0,0,0.0,0.0
2023-04-25 12:00:00+09:00,2826.0,2829.0,2818.0,2823.0,60100,0.0,0.0
2023-04-25 13:00:00+09:00,2823.0,2830.0,2821.0,2825.0,7900,0.0,0.0
2023-04-25 14:00:00+09:00,2826.0,2827.0,2815.0,2816.0,11700,0.0,0.0
2023-04-26 09:00:00+09:00,2792.0,2831.0,2780.0,2829.0,44200,0.0,0.0
2023-04-26 10:00:00+09:00,2829.0,2833.0,2823.0,2825.0,21100,0.0,0.0
2023-04-26 11:00:00+09:00,2825.0,2827.0,2824.0,2824.0,0,0.0,0.0
2023-04-26 12:00:00+09:00,2819.0,2828.0,2807.0,2813.0,97600,0.0,0.0
2023-04-26 13:00:00+09:00,2811.0,2814.0,2800.0,2813.0,39600,0.0,0.0
2023-04-26 14:00:00+09:00,2812.0,2817.0,2808.0,2814.0,49400,0.0,0.0
2023-04-27 09:00:00+09:00,2802.0,2812.0,2790.0,2810.0,25500,0.0,0.0
2023-04-27 10:00:00+09:00,2809.0,2810.0,2801.0,2805.0,13800,0.0,0.0
2023-04-27 11:00:00+09:00,2804.0,2806.0,2797.0,2806.0,0,0.0,0.0
2023-04-27 12:00:00+09:00,2810.0,2810.0,2804.0,2808.0,51800,0.0,0.0
2023-04-27 13:00:00+09:00,2808.0,2814.0,2802.0,2813.0,15300,0.0,0.0
2023-04-27 14:00:00+09:00,2813.0,2821.0,2809.0,2814.0,33200,0.0,0.0
2023-04-28 09:00:00+09:00,2866.0,2884.0,2851.0,2854.0,50600,0.0,0.0
2023-04-28 10:00:00+09:00,2855.0,2862.0,2854.0,2857.0,18000,0.0,0.0
2023-04-28 11:00:00+09:00,2857.0,2860.0,2852.0,2859.0,0,0.0,0.0
2023-04-28 12:00:00+09:00,2852.0,2859.0,2851.0,2853.0,81300,0.0,0.0
2023-04-28 13:00:00+09:00,2852.0,2868.0,2850.0,2859.0,27300,0.0,0.0
2023-04-28 14:00:00+09:00,2859.0,2873.0,2859.0,2873.0,38100,0.0,0.0
2023-05-01 09:00:00+09:00,2893.0,2932.0,2893.0,2915.0,77700,0.0,0.0
2023-05-01 10:00:00+09:00,2915.0,2920.0,2906.0,2907.0,33400,0.0,0.0
2023-05-01 11:00:00+09:00,2908.0,2916.0,2906.0,2916.0,0,0.0,0.0
2023-05-01 12:00:00+09:00,2918.0,2918.0,2906.0,2914.0,138300,0.0,0.0
2023-05-01 13:00:00+09:00,2915.0,2917.0,2910.0,2915.0,22300,0.0,0.0
2023-05-01 14:00:00+09:00,2913.0,2914.0,2896.0,2898.0,28000,0.0,0.0
2023-05-02 09:00:00+09:00,2898.0,2898.0,2865.0,2876.0,28500,0.0,0.0
2023-05-02 10:00:00+09:00,2872.0,2881.0,2857.0,2869.0,13000,0.0,0.0
2023-05-02 11:00:00+09:00,2868.0,2868.0,2862.0,2862.0,0,0.0,0.0
2023-05-02 12:00:00+09:00,2861.0,2872.0,2861.0,2870.0,55400,0.0,0.0
2023-05-02 13:00:00+09:00,2871.0,2874.0,2862.0,2868.0,24700,0.0,0.0
2023-05-02 14:00:00+09:00,2867.0,2872.0,2860.0,2864.0,28600,0.0,0.0
2023-05-08 09:00:00+09:00,2838.0,2856.0,2813.0,2854.0,41300,0.0,0.0
2023-05-08 10:00:00+09:00,2856.0,2857.0,2832.0,2834.0,22100,0.0,0.0
2023-05-08 11:00:00+09:00,2835.0,2839.0,2828.0,2833.0,0,0.0,0.0
2023-05-08 12:00:00+09:00,2833.0,2843.0,2826.0,2843.0,89100,0.0,0.0
2023-05-08 13:00:00+09:00,2845.0,2864.0,2843.0,2856.0,21000,0.0,0.0
2023-05-08 14:00:00+09:00,2855.0,2874.0,2850.0,2874.0,41700,0.0,0.0
2023-05-09 09:00:00+09:00,2870.0,2878.0,2842.0,2858.0,0,0.0,0.0
2023-05-09 10:00:00+09:00,2858.0,2882.0,2856.0,2880.0,75900,0.0,0.0
2023-05-09 11:00:00+09:00,2879.0,2887.0,2876.0,2887.0,0,0.0,0.0
2023-05-09 12:00:00+09:00,2890.0,2895.0,2884.0,2892.0,102100,0.0,0.0
2023-05-09 13:00:00+09:00,2894.0,2900.0,2887.0,2899.0,28800,0.0,0.0
2023-05-09 14:00:00+09:00,2900.0,2904.0,2892.0,2898.0,34300,0.0,0.0
2023-05-10 09:00:00+09:00,2883.0,2904.0,2865.0,2896.0,49500,0.0,0.0
2023-05-10 10:00:00+09:00,2895.0,2912.0,2892.0,2907.0,24700,0.0,0.0
2023-05-10 11:00:00+09:00,2907.0,2911.0,2903.0,2906.0,0,0.0,0.0
2023-05-10 12:00:00+09:00,2906.0,2911.0,2902.0,2905.0,97300,0.0,0.0
2023-05-10 13:00:00+09:00,2905.0,2906.0,2894.0,2894.0,15300,0.0,0.0
2023-05-10 14:00:00+09:00,2894.0,2902.0,2885.0,2899.0,28900,0.0,0.0
2023-05-11 09:00:00+09:00,2895.0,2912.0,2891.0,2910.0,0,0.0,0.0
2023-05-11 10:00:00+09:00,2909.0,2912.0,2895.0,2912.0,45600,0.0,0.0
2023-05-11 11:00:00+09:00,2911.0,2925.0,2911.0,2918.0,0,0.0,0.0
2023-05-11 12:00:00+09:00,2920.0,2924.0,2914.0,2917.0,69000,0.0,0.0
2023-05-11 13:00:00+09:00,2915.0,2924.0,2915.0,2920.0,21000,0.0,0.0
2023-05-11 14:00:00+09:00,2921.0,2926.0,2915.0,2926.0,36700,0.0,0.0
2023-05-12 09:00:00+09:00,2930.0,2956.0,2913.0,2920.0,61000,0.0,0.0
2023-05-12 10:00:00+09:00,2920.0,2928.0,2914.0,2921.0,28700,0.0,0.0
2023-05-12 11:00:00+09:00,2918.0,2924.0,2915.0,2921.0,0,0.0,0.0
2023-05-12 12:00:00+09:00,2917.0,2917.0,2900.0,2903.0,121300,0.0,0.0
2023-05-12 13:00:00+09:00,2902.0,2912.0,2900.0,2902.0,30700,0.0,0.0
2023-05-12 14:00:00+09:00,2901.0,2927.0,2896.0,2925.0,105800,0.0,0.0
2023-05-15 09:00:00+09:00,2958.0,2966.0,2935.0,2955.0,0,0.0,0.0
2023-05-15 10:00:00+09:00,2954.0,2984.0,2951.0,2972.0,98000,0.0,0.0
2023-05-15 11:00:00+09:00,2971.0,2994.0,2968.0,2991.0,0,0.0,0.0
2023-05-15 12:00:00+09:00,3000.0,3015.0,2987.0,3010.0,281000,0.0,0.0
2023-05-15 13:00:00+09:00,3010.0,3035.0,2998.0,3010.0,100600,0.0,0.0
2023-05-15 14:00:00+09:00,3005.0,3005.0,2772.0,2793.0,674100,0.0,0.0
2023-05-16 09:00:00+09:00,2754.0,2800.0,2702.0,2712.0,250600,0.0,0.0
2023-05-16 10:00:00+09:00,2714.0,2731.0,2693.0,2706.0,112500,0.0,0.0
2023-05-16 11:00:00+09:00,2705.0,2706.0,2692.0,2694.0,0,0.0,0.0
2023-05-16 12:00:00+09:00,2700.0,2707.0,2682.0,2695.0,474500,0.0,0.0
2023-05-16 13:00:00+09:00,2695.0,2701.0,2666.0,2670.0,131400,0.0,0.0
2023-05-16 14:00:00+09:00,2670.0,2698.0,2667.0,2691.0,122600,0.0,0.0
2023-05-17 09:00:00+09:00,2670.0,2670.0,2619.0,2638.0,229900,0.0,0.0
2023-05-17 10:00:00+09:00,2636.0,2654.0,2633.0,2647.0,77600,0.0,0.0
2023-05-17 11:00:00+09:00,2646.0,2658.0,2643.0,2653.0,0,0.0,0.0
2023-05-17 12:00:00+09:00,2650.0,2667.0,2645.0,2646.0,389600,0.0,0.0
2023-05-17 13:00:00+09:00,2645.0,2646.0,2638.0,2641.0,68300,0.0,0.0
2023-05-17 14:00:00+09:00,2640.0,2644.0,2629.0,2636.0,111600,0.0,0.0
2023-05-18 09:00:00+09:00,2651.0,2670.0,2636.0,2636.0,94100,0.0,0.0
2023-05-18 10:00:00+09:00,2636.0,2650.0,2633.0,2643.0,38100,0.0,0.0
2023-05-18 11:00:00+09:00,2643.0,2647.0,2637.0,2643.0,0,0.0,0.0
2023-05-18 12:00:00+09:00,2640.0,2648.0,2638.0,2640.0,167700,0.0,0.0
2023-05-18 13:00:00+09:00,2638.0,2650.0,2636.0,2649.0,31500,0.0,0.0
2023-05-18 14:00:00+09:00,2650.0,2653.0,2645.0,2648.0,52800,0.0,0.0
2023-05-19 09:00:00+09:00,2665.0,2722.0,2659.0,2712.0,126800,0.0,0.0
2023-05-19 10:00:00+09:00,2713.0,2716.0,2691.0,2711.0,39400,0.0,0.0
2023-05-19 11:00:00+09:00,2711.0,2726.0,2711.0,2725.0,0,0.0,0.0
2023-05-19 12:00:00+09:00,2727.0,2733.0,2718.0,2722.0,228400,0.0,0.0
2023-05-19 13:00:00+09:00,2723.0,2729.0,2712.0,2717.0,47100,0.0,0.0
2023-05-19 14:00:00+09:00,2716.0,2718.0,2708.0,2714.0,58200,0.0,0.0
2023-05-22 09:00:00+09:00,2720.0,2727.0,2685.0,2718.0,67100,0.0,0.0
2023-05-22 10:00:00+09:00,2719.0,2735.0,2715.0,2724.0,46600,0.0,0.0
2023-05-22 11:00:00+09:00,2723.0,2725.0,2715.0,2717.0,0,0.0,0.0
2023-05-22 12:00:00+09:00,2714.0,2719.0,2705.0,2705.0,146500,0.0,0.0
2023-05-22 13:00:00+09:00,2704.0,2728.0,2704.0,2727.0,34500,0.0,0.0
2023-05-22 14:00:00+09:00,2727.0,2735.0,2726.0,2731.0,44900,0.0,0.0
2023-05-23 09:00:00+09:00,2743.0,2750.0,2714.0,2724.0,83200,0.0,0.0
2023-05-23 10:00:00+09:00,2725.0,2740.0,2721.0,2722.0,34900,0.0,0.0
2023-05-23 11:00:00+09:00,2721.0,2722.0,2707.0,2711.0,0,0.0,0.0
2023-05-23 12:00:00+09:00,2707.0,2710.0,2680.0,2686.0,201200,0.0,0.0
2023-05-23 13:00:00+09:00,2685.0,2685.0,2663.0,2666.0,69500,0.0,0.0
2023-05-23 14:00:00+09:00,2666.0,2684.0,2659.0,2675.0,82000,0.0,0.0
2023-05-24 09:00:00+09:00,2646.0,2670.0,2639.0,2648.0,63600,0.0,0.0
2023-05-24 10:00:00+09:00,2649.0,2652.0,2636.0,2636.0,40200,0.0,0.0
2023-05-24 11:00:00+09:00,2636.0,2643.0,2636.0,2638.0,0,0.0,0.0
2023-05-24 12:00:00+09:00,2639.0,2647.0,2637.0,2642.0,132600,0.0,0.0
2023-05-24 13:00:00+09:00,2642.0,2646.0,2640.0,2641.0,23200,0.0,0.0
2023-05-24 14:00:00+09:00,2642.0,2644.0,2633.0,2633.0,60800,0.0,0.0
2023-05-25 09:00:00+09:00,2601.0,2604.0,2561.0,2577.0,172000,0.0,0.0
2023-05-25 10:00:00+09:00,2577.0,2585.0,2562.0,2563.0,65700,0.0,0.0
2023-05-25 11:00:00+09:00,2562.0,2574.0,2562.0,2574.0,0,0.0,0.0
2023-05-25 12:00:00+09:00,2574.0,2575.0,2562.0,2563.0,297800,0.0,0.0
2023-05-25 13:00:00+09:00,2564.0,2564.0,2528.0,2531.0,86400,0.0,0.0
2023-05-25 14:00:00+09:00,2530.0,2532.0,2522.0,2523.0,77000,0.0,0.0
2023-05-26 09:00:00+09:00,2539.0,2578.0,2530.0,2565.0,135100,0.0,0.0
2023-05-26 10:00:00+09:00,2566.0,2566.0,2552.0,2564.0,38900,0.0,0.0
2023-05-26 11:00:00+09:00,2565.0,2573.0,2565.0,2568.0,0,0.0,0.0
2023-05-26 12:00:00+09:00,2567.0,2569.0,2556.0,2567.0,223800,0.0,0.0
2023-05-26 13:00:00+09:00,2566.0,2566.0,2550.0,2550.0,37200,0.0,0.0
2023-05-26 14:00:00+09:00,2550.0,2551.0,2541.0,2548.0,52800,0.0,0.0
2023-05-29 09:00:00+09:00,2586.0,2586.0,2512.0,2512.0,79200,0.0,0.0
2023-05-29 10:00:00+09:00,2512.0,2518.0,2493.0,2493.0,69200,0.0,0.0
2023-05-29 11:00:00+09:00,2493.0,2509.0,2493.0,2506.0,0,0.0,0.0
2023-05-29 12:00:00+09:00,2505.0,2520.0,2505.0,2510.0,197200,0.0,0.0
2023-05-29 13:00:00+09:00,2510.0,2518.0,2501.0,2504.0,38500,0.0,0.0
2023-05-29 14:00:00+09:00,2503.0,2505.0,2494.0,2494.0,65700,0.0,0.0
2023-05-30 09:00:00+09:00,2518.0,2540.0,2494.0,2495.0,67600,0.0,0.0
2023-05-30 10:00:00+09:00,2495.0,2512.0,2492.0,2507.0,26800,0.0,0.0
2023-05-30 11:00:00+09:00,2506.0,2511.0,2499.0,2501.0,0,0.0,0.0
2023-05-30 12:00:00+09:00,2509.0,2533.0,2506.0,2529.0,127500,0.0,0.0
2023-05-30 13:00:00+09:00,2530.0,2543.0,2525.0,2543.0,29200,0.0,0.0
2023-05-30 14:00:00+09:00,2545.0,2548.0,2538.0,2545.0,41700,0.0,0.0
2023-05-31 09:00:00+09:00,2520.0,2539.0,2502.0,2507.0,70900,0.0,0.0
2023-05-31 10:00:00+09:00,2508.0,2541.0,2508.0,2530.0,28500,0.0,0.0
2023-05-31 11:00:00+09:00,2529.0,2531.0,2519.0,2522.0,0,0.0,0.0
2023-05-31 12:00:00+09:00,2525.0,2550.0,2521.0,2548.0,140000,0.0,0.0
2023-05-31 13:00:00+09:00,2548.0,2549.0,2523.0,2524.0,48400,0.0,0.0
2023-05-31 14:00:00+09:00,2524.0,2533.0,2519.0,2519.0,75500,0.0,0.0
2023-06-01 09:00:00+09:00,2502.0,2560.0,2496.0,2560.0,135000,0.0,0.0
2023-06-01 10:00:00+09:00,2560.0,2594.0,2557.0,2582.0,58100,0.0,0.0
2023-06-01 11:00:00+09:00,2583.0,2584.0,2577.0,2583.0,0,0.0,0.0
2023-06-01 12:00:00+09:00,2579.0,2587.0,2578.0,2583.0,242600,0.0,0.0
2023-06-01 13:00:00+09:00,2582.0,2586.0,2570.0,2573.0,40700,0.0,0.0
2023-06-01 14:00:00+09:00,2575.0,2586.0,2574.0,2583.0,61700,0.0,0.0
2023-06-02 09:00:00+09:00,2582.0,2645.0,2570.0,2638.0,88800,0.0,0.0
2023-06-02 10:00:00+09:00,2636.0,2658.0,2634.0,2655.0,49600,0.0,0.0
2023-06-02 11:00:00+09:00,2654.0,2656.0,2648.0,2655.0,0,0.0,0.0
2023-06-02 12:00:00+09:00,2653.0,2676.0,2653.0,2667.0,214200,0.0,0.0
2023-06-02 13:00:00+09:00,2667.0,2682.0,2666.0,2678.0,46400,0.0,0.0
2023-06-02 14:00:00+09:00,2679.0,2690.0,2658.0,2662.0,84200,0.0,0.0
2023-06-05 09:00:00+09:00,2700.0,2709.5,2651.5,2662.5,83200,0.0,0.0
2023-06-05 10:00:00+09:00,2661.5,2677.0,2656.0,2667.0,27100,0.0,0.0
2023-06-05 11:00:00+09:00,2664.5,2664.5,2653.5,2663.0,0,0.0,0.0
2023-06-05 12:00:00+09:00,2669.0,2669.0,2646.5,2660.5,152900,0.0,0.0
2023-06-05 13:00:00+09:00,2659.0,2693.0,2656.5,2693.0,45100,0.0,0.0
2023-06-05 14:00:00+09:00,2692.0,2692.5,2684.0,2684.0,67600,0.0,0.0
2023-06-06 09:00:00+09:00,2596.5,2610.5,2544.0,2559.5,263300,0.0,0.0
2023-06-06 10:00:00+09:00,2560.5,2583.5,2559.0,2567.0,101900,0.0,0.0
2023-06-06 11:00:00+09:00,2567.0,2587.0,2567.0,2585.0,0,0.0,0.0
2023-06-06 12:00:00+09:00,2585.0,2587.0,2570.0,2586.0,454400,0.0,0.0
2023-06-06 13:00:00+09:00,2586.0,2589.0,2578.5,2582.5,64700,0.0,0.0
2023-06-06 14:00:00+09:00,2582.0,2584.5,2573.0,2573.5,109600,0.0,0.0
2023-06-07 09:00:00+09:00,2585.0,2612.0,2572.5,2588.5,106200,0.0,0.0
2023-06-07 10:00:00+09:00,2588.5,2594.0,2566.5,2593.0,65100,0.0,0.0
2023-06-07 11:00:00+09:00,2591.5,2592.5,2575.5,2579.0,0,0.0,0.0
2023-06-07 12:00:00+09:00,2581.5,2598.0,2581.5,2593.0,228800,0.0,0.0
2023-06-07 13:00:00+09:00,2593.0,2596.0,2561.0,2595.0,71800,0.0,0.0
2023-06-07 14:00:00+09:00,2595.0,2601.5,2584.5,2587.5,88800,0.0,0.0
2023-06-08 09:00:00+09:00,2581.5,2585.5,2540.0,2540.5,91900,0.0,0.0
2023-06-08 10:00:00+09:00,2541.5,2555.0,2540.5,2551.0,29500,0.0,0.0
2023-06-08 11:00:00+09:00,2551.0,2551.0,2542.5,2542.5,0,0.0,0.0
2023-06-08 12:00:00+09:00,2542.0,2543.5,2522.5,2525.0,173400,0.0,0.0
2023-06-08 13:00:00+09:00,2524.0,2525.5,2511.0,2513.0,35400,0.0,0.0
2023-06-08 14:00:00+09:00,2512.0,2512.5,2503.0,2508.0,72700,0.0,0.0
2023-06-09 09:00:00+09:00,2538.5,2544.0,2510.5,2515.0,137100,0.0,0.0
2023-06-09 10:00:00+09:00,2515.0,2517.0,2503.0,2508.0,33600,0.0,0.0
2023-06-09 11:00:00+09:00,2508.0,2509.5,2501.5,2509.5,0,0.0,0.0
2023-06-09 12:00:00+09:00,2510.0,2515.5,2506.5,2515.5,212000,0.0,0.0
2023-06-09 13:00:00+09:00,2514.0,2514.0,2502.0,2503.0,38700,0.0,0.0
2023-06-09 14:00:00+09:00,2503.0,2511.5,2495.0,2507.0,101500,0.0,0.0
2023-06-12 09:00:00+09:00,2529.5,2544.0,2512.5,2512.5,116400,0.0,0.0
2023-06-12 10:00:00+09:00,2513.5,2547.0,2509.5,2543.5,55700,0.0,0.0
2023-06-12 11:00:00+09:00,2541.0,2542.0,2537.5,2541.5,0,0.0,0.0
2023-06-12 12:00:00+09:00,2546.5,2547.0,2530.0,2539.0,205000,0.0,0.0
2023-06-12 13:00:00+09:00,2539.0,2540.0,2528.5,2528.5,29200,0.0,0.0
2023-06-12 14:00:00+09:00,2528.5,2540.0,2528.5,2536.0,58200,0.0,0.0
2023-06-13 09:00:00+09:00,2568.0,2571.0,2546.0,2547.5,62200,0.0,0.0
2023-06-13 10:00:00+09:00,2545.5,2549.5,2536.0,2543.0,45600,0.0,0.0
2023-06-13 11:00:00+09:00,2544.0,2551.5,2540.5,2541.5,0,0.0,0.0
2023-06-13 12:00:00+09:00,2538.0,2539.5,2526.0,2530.5,161900,0.0,0.0
2023-06-13 13:00:00+09:00,2531.5,2531.5,2516.5,2527.5,54300,0.0,0.0
2023-06-13 14:00:00+09:00,2527.5,2535.0,2522.0,2526.5,62100,0.0,0.0
2023-06-14 09:00:00+09:00,2537.5,2538.0,2511.5,2538.0,84000,0.0,0.0
2023-06-14 10:00:00+09:00,2539.0,2546.5,2527.5,2532.0,41700,0.0,0.0
2023-06-14 11:00:00+09:00,2533.0,2539.0,2532.5,2536.5,0,0.0,0.0
2023-06-14 12:00:00+09:00,2538.0,2538.0,2529.0,2534.0,180100,0.0,0.0
2023-06-14 13:00:00+09:00,2534.0,2547.5,2533.5,2541.0,48400,0.0,0.0
2023-06-14 14:00:00+09:00,2541.0,2545.0,2532.0,2545.0,87000,0.0,0.0
2023-06-15 09:00:00+09:00,2528.5,2553.5,2515.5,2519.0,84200,0.0,0.0
2023-06-15 10:00:00+09:00,2517.5,2533.5,2515.0,2529.0,34000,0.0,0.0
2023-06-15 11:00:00+09:00,2530.5,2532.5,2520.0,2524.0,0,0.0,0.0
2023-06-15 12:00:00+09:00,2532.0,2532.0,2520.0,2524.5,169300,0.0,0.0
2023-06-15 13:00:00+09:00,2524.0,2527.0,2518.0,2518.0,37900,0.0,0.0
2023-06-15 14:00:00+09:00,2518.0,2522.5,2516.0,2517.5,61800,0.0,0.0
2023-06-16 09:00:00+09:00,2521.0,2523.5,2511.0,2514.0,40800,0.0,0.0
2023-06-16 10:00:00+09:00,2513.5,2545.0,2511.0,2537.0,59300,0.0,0.0
2023-06-16 11:00:00+09:00,2536.5,2537.5,2527.0,2531.0,0,0.0,0.0
2023-06-16 12:00:00+09:00,2545.0,2554.5,2541.5,2552.0,137200,0.0,0.0
2023-06-16 13:00:00+09:00,2553.0,2566.5,2553.0,2556.5,48100,0.0,0.0
2023-06-16 14:00:00+09:00,2556.0,2566.5,2546.0,2565.0,59200,0.0,0.0
2023-06-19 09:00:00+09:00,2573.0,2596.0,2563.0,2586.5,67400,0.0,0.0
2023-06-19 10:00:00+09:00,2586.0,2608.5,2581.5,2583.0,47000,0.0,0.0
2023-06-19 11:00:00+09:00,2584.0,2586.0,2580.5,2582.5,0,0.0,0.0
2023-06-19 12:00:00+09:00,2580.0,2586.0,2566.5,2567.5,154100,0.0,0.0
2023-06-19 13:00:00+09:00,2566.0,2568.5,2554.0,2568.5,33500,0.0,0.0
2023-06-19 14:00:00+09:00,2567.5,2581.0,2560.5,2580.5,59300,0.0,0.0
2023-06-20 09:00:00+09:00,2559.0,2566.5,2538.0,2546.5,55300,0.0,0.0
2023-06-20 10:00:00+09:00,2545.5,2567.5,2545.5,2563.0,27600,0.0,0.0
2023-06-20 11:00:00+09:00,2565.0,2567.0,2556.5,2558.5,0,0.0,0.0
2023-06-20 12:00:00+09:00,2553.5,2572.0,2553.5,2560.5,126000,0.0,0.0
2023-06-20 13:00:00+09:00,2560.0,2569.5,2558.0,2563.0,36300,0.0,0.0
2023-06-20 14:00:00+09:00,2563.0,2568.0,2555.5,2568.0,60500,0.0,0.0
2023-06-21 09:00:00+09:00,2556.0,2585.0,2553.5,2579.0,71900,0.0,0.0
2023-06-21 10:00:00+09:00,2577.5,2595.0,2575.5,2595.0,45000,0.0,0.0
2023-06-21 11:00:00+09:00,2594.0,2597.5,2590.0,2597.0,0,0.0,0.0
2023-06-21 12:00:00+09:00,2597.0,2597.0,2576.0,2579.0,180600,0.0,0.0
2023-06-21 13:00:00+09:00,2578.0,2582.0,2573.5,2575.5,37000,0.0,0.0
2023-06-21 14:00:00+09:00,2576.0,2590.0,2571.0,2589.5,63700,0.0,0.0
2023-06-22 09:00:00+09:00,2575.0,2589.0,2554.0,2570.5,131100,0.0,0.0
2023-06-22 10:00:00+09:00,2571.0,2579.0,2561.5,2576.5,51900,0.0,0.0
2023-06-22 11:00:00+09:00,2575.5,2584.0,2571.5,2579.5,0,0.0,0.0
2023-06-22 12:00:00+09:00,2575.0,2578.0,2573.0,2576.0,233800,0.0,0.0
2023-06-22 13:00:00+09:00,2577.0,2578.0,2570.0,2576.5,36800,0.0,0.0
2023-06-22 14:00:00+09:00,2577.0,2577.0,2566.0,2573.0,69100,0.0,0.0
2023-06-23 09:00:00+09:00,2611.0,2618.0,2566.5,2568.5,86200,0.0,0.0
2023-06-23 10:00:00+09:00,2568.5,2568.5,2533.5,2552.5,63600,0.0,0.0
2023-06-23 11:00:00+09:00,2553.5,2553.5,2536.0,2536.0,0,0.0,0.0
2023-06-23 12:00:00+09:00,2535.0,2539.5,2520.0,2528.5,201900,0.0,0.0
2023-06-23 13:00:00+09:00,2526.0,2527.5,2519.5,2523.0,61400,0.0,0.0
2023-06-23 14:00:00+09:00,2523.5,2530.0,2522.0,2527.5,57700,0.0,0.0
2023-06-26 09:00:00+09:00,2536.0,2536.0,2504.0,2519.5,47400,0.0,0.0
2023-06-26 10:00:00+09:00,2519.5,2525.5,2508.5,2521.5,30300,0.0,0.0
2023-06-26 11:00:00+09:00,2521.5,2527.5,2518.5,2522.5,0,0.0,0.0
2023-06-26 12:00:00+09:00,2525.0,2532.0,2517.0,2522.5,117600,0.0,0.0
2023-06-26 13:00:00+09:00,2523.0,2527.5,2514.5,2516.5,31700,0.0,0.0
2023-06-26 14:00:00+09:00,2516.5,2524.0,2512.5,2515.5,48500,0.0,0.0
2023-06-27 09:00:00+09:00,2500.0,2507.5,2444.5,2450.0,146800,0.0,0.0
2023-06-27 10:00:00+09:00,2450.5,2473.5,2447.0,2473.5,52100,0.0,0.0
2023-06-27 11:00:00+09:00,2474.5,2477.0,2470.0,2474.5,0,0.0,0.0
2023-06-27 12:00:00+09:00,2470.0,2470.5,2446.5,2455.0,269900,0.0,0.0
2023-06-27 13:00:00+09:00,2454.0,2468.0,2448.0,2464.0,48300,0.0,0.0
2023-06-27 14:00:00+09:00,2464.5,2471.0,2461.0,2466.0,88900,0.0,0.0
2023-06-28 09:00:00+09:00,2484.0,2506.5,2470.5,2495.5,96000,0.0,0.0
2023-06-28 10:00:00+09:00,2495.5,2496.0,2485.0,2486.0,39400,0.0,0.0
2023-06-28 11:00:00+09:00,2485.0,2487.0,2478.0,2486.5,0,0.0,0.0
2023-06-28 12:00:00+09:00,2495.0,2510.5,2491.0,2509.0,198000,0.0,0.0
2023-06-28 13:00:00+09:00,2510.0,2517.0,2507.5,2516.5,51800,0.0,0.0
2023-06-28 14:00:00+09:00,2516.5,2534.5,2516.0,2534.5,81000,0.0,0.0
2023-06-29 09:00:00+09:00,2539.0,2555.5,2522.0,2523.5,98000,0.0,0.0
2023-06-29 10:00:00+09:00,2524.0,2532.0,2511.5,2512.5,42800,0.0,0.0
2023-06-29 11:00:00+09:00,2511.5,2512.0,2501.5,2504.5,0,0.0,0.0
2023-06-29 12:00:00+09:00,2500.0,2500.0,2485.0,2496.0,201400,0.0,0.0
2023-06-29 13:00:00+09:00,2496.0,2504.0,2490.0,2503.0,41400,0.0,0.0
2023-06-29 14:00:00+09:00,2503.5,2510.5,2500.0,2504.5,54400,0.0,0.0
2023-06-30 09:00:00+09:00,2515.0,2518.0,2490.5,2496.0,43400,0.0,0.0
2023-06-30 10:00:00+09:00,2497.5,2500.0,2491.0,2493.5,17200,0.0,0.0
2023-06-30 11:00:00+09:00,2494.0,2500.5,2492.0,2493.0,0,0.0,0.0
2023-06-30 12:00:00+09:00,2500.0,2503.5,2494.0,2496.5,82700,0.0,0.0
2023-06-30 13:00:00+09:00,2495.0,2502.5,2492.5,2500.0,16500,0.0,0.0
2023-06-30 14:00:00+09:00,2500.5,2508.5,2499.0,2505.0,41000,0.0,0.0
2023-07-03 09:00:00+09:00,2530.0,2543.0,2525.5,2534.0,35300,0.0,0.0
2023-07-03 10:00:00+09:00,2534.0,2535.5,2529.0,2532.0,10800,0.0,0.0
2023-07-03 11:00:00+09:00,2532.5,2532.5,2523.0,2527.0,0,0.0,0.0
2023-07-03 12:00:00+09:00,2521.5,2532.0,2521.5,2530.5,69100,0.0,0.0
2023-07-03 13:00:00+09:00,2529.5,2537.5,2528.0,2535.5,18300,0.0,0.0
2023-07-03 14:00:00+09:00,2537.5,2537.5,2526.5,2532.0,26500,0.0,0.0
2023-07-04 09:00:00+09:00,2503.5,2504.0,2490.0,2495.0,53000,0.0,0.0
2023-07-04 10:00:00+09:00,2495.0,2502.5,2491.5,2492.0,23300,0.0,0.0
2023-07-04 11:00:00+09:00,2492.5,2497.0,2491.0,2496.0,0,0.0,0.0
2023-07-04 12:00:00+09:00,2491.0,2500.5,2491.0,2498.5,106600,0.0,0.0
2023-07-04 13:00:00+09:00,2498.5,2501.5,2495.5,2497.5,19300,0.0,0.0
2023-07-04 14:00:00+09:00,2497.0,2503.5,2495.0,2500.0,32200,0.0,0.0
2023-07-05 09:00:00+09:00,2480.5,2489.0,2445.5,2452.0,93200,0.0,0.0
2023-07-05 10:00:00+09:00,2452.0,2464.0,2450.5,2454.5,25800,0.0,0.0
2023-07-05 11:00:00+09:00,2453.0,2454.0,2449.0,2452.5,0,0.0,0.0
2023-07-05 12:00:00+09:00,2450.0,2452.0,2447.0,2448.0,165200,0.0,0.0
2023-07-05 13:00:00+09:00,2448.5,2453.5,2446.0,2447.0,41700,0.0,0.0
2023-07-05 14:00:00+09:00,2448.0,2450.0,2444.0,2448.5,70800,0.0,0.0
2023-07-06 09:00:00+09:00,2445.0,2446.0,2422.0,2425.5,62000,0.0,0.0
2023-07-06 10:00:00+09:00,2425.0,2429.0,2421.5,2424.0,41800,0.0,0.0
2023-07-06 11:00:00+09:00,2423.5,2423.5,2416.0,2419.5,0,0.0,0.0
2023-07-06 12:00:00+09:00,2414.0,2414.0,2401.5,2402.0,186400,0.0,0.0
2023-07-06 13:00:00+09:00,2401.0,2411.5,2397.5,2407.5,65500,0.0,0.0
2023-07-06 14:00:00+09:00,2407.5,2407.5,2399.0,2399.5,64400,0.0,0.0
2023-07-07 09:00:00+09:00,2381.0,2433.0,2366.5,2430.5,88400,0.0,0.0
2023-07-07 10:00:00+09:00,2432.0,2434.5,2414.0,2426.5,59500,0.0,0.0
2023-07-07 11:00:00+09:00,2427.0,2431.0,2412.5,2414.5,0,0.0,0.0
2023-07-07 12:00:00+09:00,2419.0,2432.5,2418.5,2423.0,186200,0.0,0.0
2023-07-07 13:00:00+09:00,2423.5,2430.0,2421.0,2428.0,29300,0.0,0.0
2023-07-07 14:00:00+09:00,2428.0,2432.5,2414.0,2416.0,53100,0.0,0.0
2023-07-10 09:00:00+09:00,2409.5,2426.5,2388.0,2424.5,52600,0.0,0.0
2023-07-10 10:00:00+09:00,2425.0,2434.5,2418.0,2418.0,28600,0.0,0.0
2023-07-10 11:00:00+09:00,2419.0,2425.0,2416.5,2424.5,0,0.0,0.0
2023-07-10 12:00:00+09:00,2428.5,2431.0,2413.0,2415.5,111600,0.0,0.0
2023-07-10 13:00:00+09:00,2415.0,2429.0,2407.5,2424.5,31600,0.0,0.0
2023-07-10 14:00:00+09:00,2425.0,2430.0,2416.5,2419.0,59100,0.0,0.0
2023-07-11 09:00:00+09:00,2433.0,2435.0,2411.5,2426.5,34200,0.0,0.0
2023-07-11 10:00:00+09:00,2427.5,2430.5,2421.5,2424.0,19300,0.0,0.0
2023-07-11 11:00:00+09:00,2423.0,2427.5,2421.0,2425.0,0,0.0,0.0
2023-07-11 12:00:00+09:00,2424.0,2437.0,2422.0,2433.5,87200,0.0,0.0
2023-07-11 13:00:00+09:00,2433.5,2433.5,2425.0,2429.0,39800,0.0,0.0
2023-07-11 14:00:00+09:00,2428.5,2432.5,2416.0,2427.0,55200,0.0,0.0
2023-07-12 09:00:00+09:00,2427.0,2428.0,2401.0,2422.5,54800,0.0,0.0
2023-07-12 10:00:00+09:00,2423.0,2429.5,2415.5,2423.5,29600,0.0,0.0
2023-07-12 11:00:00+09:00,2423.0,2433.0,2421.0,2429.0,0,0.0,0.0
2023-07-12 12:00:00+09:00,2430.5,2448.0,2430.5,2441.5,130600,0.0,0.0
2023-07-12 13:00:00+09:00,2442.5,2443.0,2433.5,2440.0,35700,0.0,0.0
2023-07-12 14:00:00+09:00,2440.5,2449.5,2439.0,2441.5,60200,0.0,0.0
2023-07-13 09:00:00+09:00,2462.5,2465.5,2437.5,2453.5,33800,0.0,0.0
2023-07-13 10:00:00+09:00,2452.0,2467.0,2452.0,2465.0,20900,0.0,0.0
2023-07-13 11:00:00+09:00,2464.0,2465.5,2458.0,2463.0,0,0.0,0.0
2023-07-13 12:00:00+09:00,2463.0,2469.0,2458.5,2468.0,76100,0.0,0.0
2023-07-13 13:00:00+09:00,2467.0,2468.5,2456.0,2463.5,19800,0.0,0.0
2023-07-13 14:00:00+09:00,2465.0,2466.0,2458.0,2458.0,31500,0.0,0.0
2023-07-14 09:00:00+09:00,2465.0,2482.5,2442.5,2461.0,43500,0.0,0.0
2023-07-14 10:00:00+09:00,2460.5,2462.0,2448.5,2456.0,19500,0.0,0.0
2023-07-14 11:00:00+09:00,2453.5,2459.5,2450.5,2454.5,0,0.0,0.0
2023-07-14 12:00:00+09:00,2462.0,2469.0,2457.5,2457.5,79800,0.0,0.0
2023-07-14 13:00:00+09:00,2457.0,2460.0,2452.0,2456.5,11700,0.0,0.0
2023-07-14 14:00:00+09:00,2457.0,2458.0,2449.5,2457.0,44800,0.0,0.0
2023-07-18 09:00:00+09:00,2467.5,2496.0,2458.0,2480.0,48600,0.0,0.0
2023-07-18 10:00:00+09:00,2477.5,2479.0,2465.0,2467.0,16700,0.0,0.0
2023-07-18 11:00:00+09:00,2464.0,2465.0,2458.0,2462.0,0,0.0,0.0
2023-07-18 12:00:00+09:00,2464.5,2470.0,2461.5,2461.5,87900,0.0,0.0
2023-07-18 13:00:00+09:00,2462.0,2463.5,2455.5,2462.5,18100,0.0,0.0
2023-07-18 14:00:00+09:00,2462.5,2470.0,2456.0,2464.0,43400,0.0,0.0
2023-07-19 09:00:00+09:00,2476.0,2480.5,2459.5,2463.0,33000,0.0,0.0
2023-07-19 10:00:00+09:00,2460.5,2470.5,2455.0,2470.5,11000,0.0,0.0
2023-07-19 11:00:00+09:00,2469.5,2474.5,2468.0,2470.5,0,0.0,0.0
2023-07-19 12:00:00+09:00,2459.5,2466.0,2458.0,2459.0,63600,0.0,0.0
2023-07-19 13:00:00+09:00,2459.5,2462.5,2457.5,2457.5,14300,0.0,0.0
2023-07-19 14:00:00+09:00,2458.0,2472.5,2455.5,2471.0,39600,0.0,0.0
2023-07-20 09:00:00+09:00,2471.0,2484.0,2461.0,2475.0,38700,0.0,0.0
2023-07-20 10:00:00+09:00,2475.5,2482.0,2474.0,2475.5,11600,0.0,0.0
2023-07-20 11:00:00+09:00,2475.5,2475.5,2467.5,2469.0,0,0.0,0.0
2023-07-20 12:00:00+09:00,2471.0,2474.5,2461.5,2463.0,71200,0.0,0.0
2023-07-20 13:00:00+09:00,2462.5,2466.5,2459.5,2466.0,9000,0.0,0.0
2023-07-20 14:00:00+09:00,2466.0,2466.0,2461.0,2464.0,28800,0.0,0.0
2023-07-21 09:00:00+09:00,2458.0,2478.5,2454.0,2478.0,0,0.0,0.0
2023-07-21 10:00:00+09:00,2475.5,2481.5,2473.5,2476.5,29500,0.0,0.0
2023-07-21 11:00:00+09:00,2477.0,2477.0,2473.5,2476.0,0,0.0,0.0
2023-07-21 12:00:00+09:00,2481.0,2486.5,2478.5,2479.5,46600,0.0,0.0
2023-07-21 13:00:00+09:00,2479.5,2482.5,2478.5,2480.5,7000,0.0,0.0
2023-07-21 14:00:00+09:00,2483.0,2483.5,2472.5,2479.5,17700,0.0,0.0
2023-07-24 09:00:00+09:00,2501.0,2502.0,2486.5,2487.5,32500,0.0,0.0
2023-07-24 10:00:00+09:00,2487.0,2495.0,2485.0,2489.5,7700,0.0,0.0
2023-07-24 11:00:00+09:00,2490.0,2490.0,2486.5,2488.0,0,0.0,0.0
2023-07-24 12:00:00+09:00,2492.0,2492.0,2475.5,2481.0,67300,0.0,0.0
2023-07-24 13:00:00+09:00,2479.5,2486.0,2478.5,2486.0,7900,0.0,0.0
2023-07-24 14:00:00+09:00,2487.0,2489.5,2476.5,2481.5,24200,0.0,0.0
2023-07-25 09:00:00+09:00,2486.5,2495.5,2479.5,2487.0,20800,0.0,0.0
2023-07-25 10:00:00+09:00,2488.0,2489.0,2481.0,2482.0,7500,0.0,0.0
2023-07-25 11:00:00+09:00,2483.5,2483.5,2477.5,2478.0,0,0.0,0.0
2023-07-25 12:00:00+09:00,2484.0,2484.0,2478.5,2482.5,39400,0.0,0.0
2023-07-25 13:00:00+09:00,2481.5,2486.0,2480.0,2482.0,4900,0.0,0.0
2023-07-25 14:00:00+09:00,2483.0,2498.0,2480.5,2492.5,34600,0.0,0.0
2023-07-26 09:00:00+09:00,2478.0,2478.0,2452.0,2455.5,37000,0.0,0.0
2023-07-26 10:00:00+09:00,2455.5,2473.0,2451.5,2473.0,24300,0.0,0.0
2023-07-26 11:00:00+09:00,2473.0,2473.5,2468.5,2471.5,0,0.0,0.0
2023-07-26 12:00:00+09:00,2467.5,2475.0,2467.5,2473.5,76900,0.0,0.0
2023-07-26 13:00:00+09:00,2473.5,2478.5,2473.0,2478.5,18100,0.0,0.0
2023-07-26 14:00:00+09:00,2479.0,2487.0,2478.5,2480.0,34000,0.0,0.0
2023-07-27 09:00:00+09:00,2470.5,2497.0,2464.0,2491.5,38900,0.0,0.0
2023-07-27 10:00:00+09:00,2491.5,2491.5,2472.5,2474.0,17400,0.0,0.0
2023-07-27 11:00:00+09:00,2472.0,2472.5,2468.0,2472.5,0,0.0,0.0
2023-07-27 12:00:00+09:00,2472.0,2483.5,2472.0,2482.5,76400,0.0,0.0
2023-07-27 13:00:00+09:00,2482.5,2486.5,2478.0,2481.5,16300,0.0,0.0
2023-07-27 14:00:00+09:00,2482.5,2496.5,2480.0,2496.5,31400,0.0,0.0
2023-07-28 09:00:00+09:00,2451.0,2453.5,2430.0,2450.5,49300,0.0,0.0
2023-07-28 10:00:00+09:00,2450.5,2454.5,2446.0,2447.5,15300,0.0,0.0
2023-07-28 11:00:00+09:00,2447.5,2450.5,2447.0,2448.0,0,0.0,0.0
2023-07-28 12:00:00+09:00,2447.0,2482.0,2445.5,2460.0,92800,0.0,0.0
2023-07-28 13:00:00+09:00,2459.5,2459.5,2440.0,2453.5,18100,0.0,0.0
2023-07-28 14:00:00+09:00,2453.0,2476.5,2447.5,2475.5,38400,0.0,0.0
2023-07-31 09:00:00+09:00,2514.0,2546.0,2506.0,2546.0,117000,0.0,0.0
2023-07-31 10:00:00+09:00,2542.0,2552.5,2541.5,2543.0,43300,0.0,0.0
2023-07-31 11:00:00+09:00,2542.5,2545.5,2540.0,2545.0,0,0.0,0.0
2023-07-31 12:00:00+09:00,2537.0,2541.0,2533.0,2536.5,192000,0.0,0.0
2023-07-31 13:00:00+09:00,2536.5,2544.0,2526.0,2528.0,24900,0.0,0.0
2023-07-31 14:00:00+09:00,2526.5,2547.0,2523.5,2544.0,50700,0.0,0.0
2023-08-01 09:00:00+09:00,2546.0,2546.0,2503.5,2506.5,53400,0.0,0.0
2023-08-01 10:00:00+09:00,2506.0,2520.5,2504.5,2510.0,18100,0.0,0.0
2023-08-01 11:00:00+09:00,2512.0,2513.5,2508.5,2512.5,0,0.0,0.0
2023-08-01 12:00:00+09:00,2507.0,2507.0,2496.0,2497.5,101700,0.0,0.0
2023-08-01 13:00:00+09:00,2498.0,2508.0,2498.0,2500.5,23200,0.0,0.0
2023-08-01 14:00:00+09:00,2500.5,2501.5,2493.0,2498.5,33200,0.0,0.0
2023-08-02 09:00:00+09:00,2469.0,2490.0,2463.5,2463.5,47800,0.0,0.0
2023-08-02 10:00:00+09:00,2463.5,2476.5,2463.0,2469.0,28600,0.0,0.0
2023-08-02 11:00:00+09:00,2469.0,2479.0,2465.5,2479.0,0,0.0,0.0
2023-08-02 12:00:00+09:00,2479.0,2486.0,2477.0,2482.5,108900,0.0,0.0
2023-08-02 13:00:00+09:00,2482.5,2494.0,2475.0,2477.5,32800,0.0,0.0
2023-08-02 14:00:00+09:00,2477.5,2502.5,2476.5,2497.0,57600,0.0,0.0
2023-08-03 09:00:00+09:00,2495.0,2507.5,2456.0,2461.5,88300,0.0,0.0
2023-08-03 10:00:00+09:00,2459.0,2476.0,2455.5,2473.0,44200,0.0,0.0
2023-08-03 11:00:00+09:00,2473.5,2476.0,2470.0,2471.5,0,0.0,0.0
2023-08-03 12:00:00+09:00,2464.5,2469.5,2446.0,2448.0,176100,0.0,0.0
2023-08-03 13:00:00+09:00,2447.5,2448.0,2404.5,2410.0,91800,0.0,0.0
2023-08-03 14:00:00+09:00,2409.5,2426.5,2400.5,2406.0,81600,0.0,0.0
2023-08-04 09:00:00+09:00,2388.0,2403.5,2365.0,2398.0,73200,0.0,0.0
2023-08-04 10:00:00+09:00,2398.5,2407.0,2395.0,2399.5,24500,0.0,0.0
2023-08-04 11:00:00+09:00,2398.5,2400.0,2390.5,2397.5,0,0.0,0.0
2023-08-04 12:00:00+09:00,2397.5,2403.5,2391.5,2391.5,138700,0.0,0.0
2023-08-04 13:00:00+09:00,2391.5,2399.0,2383.0,2385.5,31900,0.0,0.0
2023-08-04 14:00:00+09:00,2385.5,2388.0,2377.5,2378.0,59800,0.0,0.0
2023-08-07 09:00:00+09:00,2369.0,2427.0,2360.0,2426.5,48600,0.0,0.0
2023-08-07 10:00:00+09:00,2422.5,2423.5,2413.0,2414.5,15900,0.0,0.0
2023-08-07 11:00:00+09:00,2415.0,2421.0,2413.0,2421.0,0,0.0,0.0
2023-08-07 12:00:00+09:00,2415.0,2424.0,2415.0,2424.0,76600,0.0,0.0
2023-08-07 13:00:00+09:00,2422.0,2426.0,2415.0,2424.5,16100,0.0,0.0
2023-08-07 14:00:00+09:00,2423.5,2425.5,2415.5,2423.5,34100,0.0,0.0
2023-08-08 09:00:00+09:00,2423.5,2428.5,2394.5,2400.5,30000,0.0,0.0
2023-08-08 10:00:00+09:00,2401.5,2401.5,2382.0,2385.0,22800,0.0,0.0
2023-08-08 11:00:00+09:00,2384.0,2391.0,2382.0,2391.0,0,0.0,0.0
2023-08-08 12:00:00+09:00,2393.5,2400.5,2389.5,2394.0,80400,0.0,0.0
2023-08-08 13:00:00+09:00,2393.5,2397.5,2390.0,2394.5,16600,0.0,0.0
2023-08-08 14:00:00+09:00,2394.0,2399.5,2390.5,2398.5,38000,0.0,0.0
2023-08-09 09:00:00+09:00,2395.0,2399.0,2367.5,2374.0,62800,0.0,0.0
2023-08-09 10:00:00+09:00,2373.0,2375.5,2349.0,2357.5,66900,0.0,0.0
2023-08-09 11:00:00+09:00,2357.0,2358.5,2348.0,2348.0,0,0.0,0.0
2023-08-09 12:00:00+09:00,2348.0,2362.5,2343.0,2358.5,204800,0.0,0.0
2023-08-09 13:00:00+09:00,2359.5,2363.5,2351.0,2362.0,47800,0.0,0.0
2023-08-09 14:00:00+09:00,2362.0,2368.5,2357.5,2358.5,71100,0.0,0.0
2023-08-10 09:00:00+09:00,2349.0,2392.0,2337.0,2387.0,76600,0.0,0.0
2023-08-10 10:00:00+09:00,2388.0,2394.0,2382.5,2384.0,35400,0.0,0.0
2023-08-10 11:00:00+09:00,2386.5,2387.5,2370.0,2372.5,0,0.0,0.0
2023-08-10 12:00:00+09:00,2377.0,2383.5,2367.5,2374.5,179900,0.0,0.0
2023-08-10 13:00:00+09:00,2374.0,2401.0,2371.5,2395.0,85900,0.0,0.0
2023-08-10 14:00:00+09:00,2392.5,2392.5,2185.5,2250.0,633300,0.0,0.0
2023-08-14 09:00:00+09:00,2239.0,2245.5,2121.0,2178.5,476300,0.0,0.0
2023-08-14 10:00:00+09:00,2177.5,2200.0,2170.0,2174.0,127700,0.0,0.0
2023-08-14 11:00:00+09:00,2176.0,2183.0,2163.5,2166.0,0,0.0,0.0
2023-08-14 12:00:00+09:00,2166.0,2168.0,2128.5,2135.0,781800,0.0,0.0
2023-08-14 13:00:00+09:00,2135.0,2135.0,2098.0,2099.0,252800,0.0,0.0
2023-08-14 14:00:00+09:00,2100.5,2124.0,2098.5,2118.0,248400,0.0,0.0
2023-08-15 09:00:00+09:00,2131.0,2131.0,2065.0,2075.0,232900,0.0,0.0
2023-08-15 10:00:00+09:00,2073.5,2094.0,2044.5,2080.5,165500,0.0,0.0
2023-08-15 11:00:00+09:00,2080.5,2086.0,2072.0,2085.5,0,0.0,0.0
2023-08-15 12:00:00+09:00,2085.5,2094.0,2075.5,2094.0,493500,0.0,0.0
2023-08-15 13:00:00+09:00,2094.5,2110.0,2092.0,2103.0,66000,0.0,0.0
2023-08-15 14:00:00+09:00,2103.5,2104.0,2095.5,2099.5,99500,0.0,0.0
2023-08-16 09:00:00+09:00,2066.5,2085.5,2057.5,2074.5,74000,0.0,0.0
2023-08-16 10:00:00+09:00,2074.0,2074.0,2052.0,2061.0,46200,0.0,0.0
2023-08-16 11:00:00+09:00,2060.5,2074.5,2059.0,2074.5,0,0.0,0.0
2023-08-16 12:00:00+09:00,2080.0,2080.0,2063.0,2068.5,162100,0.0,0.0
2023-08-16 13:00:00+09:00,2070.5,2081.5,2067.5,2081.5,45100,0.0,0.0
2023-08-16 14:00:00+09:00,2081.5,2085.5,2078.0,2082.0,69700,0.0,0.0
2023-08-17 09:00:00+09:00,2045.0,2046.0,2014.0,2019.0,109500,0.0,0.0
2023-08-17 10:00:00+09:00,2019.5,2020.0,1996.5,2014.5,77600,0.0,0.0
2023-08-17 11:00:00+09:00,2015.0,2020.0,2009.0,2020.0,0,0.0,0.0
2023-08-17 12:00:00+09:00,2021.0,2030.5,2015.0,2025.5,234600,0.0,0.0
2023-08-17 13:00:00+09:00,2025.0,2025.0,2015.0,2018.0,46300,0.0,0.0
2023-08-17 14:00:00+09:00,2018.5,2021.5,2015.5,2021.0,47800,0.0,0.0
2023-08-18 09:00:00+09:00,2008.0,2035.0,1995.0,2026.0,100000,0.0,0.0
2023-08-18 10:00:00+09:00,2026.0,2047.5,2025.0,2046.0,45700,0.0,0.0
2023-08-18 11:00:00+09:00,2046.0,2053.5,2046.0,2051.5,0,0.0,0.0
2023-08-18 12:00:00+09:00,2052.5,2057.5,2042.0,2054.5,227400,0.0,0.0
2023-08-18 13:00:00+09:00,2055.5,2062.5,2048.5,2050.5,73900,0.0,0.0
2023-08-18 14:00:00+09:00,2050.5,2054.5,2039.0,2054.5,101500,0.0,0.0
2023-08-21 09:00:00+09:00,2053.0,2065.0,2024.5,2046.0,57300,0.0,0.0
2023-08-21 10:00:00+09:00,2044.5,2056.0,2036.5,2044.0,25700,0.0,0.0
2023-08-21 11:00:00+09:00,2044.0,2050.5,2041.0,2047.0,0,0.0,0.0
2023-08-21 12:00:00+09:00,2051.0,2054.0,2044.0,2051.5,114200,0.0,0.0
2023-08-21 13:00:00+09:00,2051.0,2061.0,2040.5,2053.0,41800,0.0,0.0
2023-08-21 14:00:00+09:00,2052.5,2052.5,2039.5,2047.5,43200,0.0,0.0
2023-08-22 09:00:00+09:00,2051.0,2052.0,2024.0,2033.5,48600,0.0,0.0
2023-08-22 10:00:00+09:00,2032.0,2035.0,2016.0,2023.0,30900,0.0,0.0
2023-08-22 11:00:00+09:00,2022.0,2029.5,2022.0,2027.5,0,0.0,0.0
2023-08-22 12:00:00+09:00,2032.0,2032.0,2023.0,2024.5,100100,0.0,0.0
2023-08-22 13:00:00+09:00,2023.5,2025.0,2016.0,2020.5,23600,0.0,0.0
2023-08-22 14:00:00+09:00,2020.5,2025.0,2010.0,2023.0,42300,0.0,0.0
2023-08-23 09:00:00+09:00,2020.0,2022.0,2002.0,2012.5,39300,0.0,0.0
2023-08-23 10:00:00+09:00,2014.0,2020.0,2012.5,2020.0,19400,0.0,0.0
2023-08-23 11:00:00+09:00,2022.0,2029.0,2019.5,2028.0,0,0.0,0.0
2023-08-23 12:00:00+09:00,2030.0,2030.5,2020.0,2022.0,86700,0.0,0.0
2023-08-23 13:00:00+09:00,2022.5,2030.5,2021.0,2030.5,23400,0.0,0.0
2023-08-23 14:00:00+09:00,2031.0,2035.0,2025.0,2033.0,35800,0.0,0.0
2023-08-24 09:00:00+09:00,2036.0,2038.0,2018.0,2018.0,35000,0.0,0.0
2023-08-24 10:00:00+09:00,2020.5,2023.5,2014.0,2014.0,17700,0.0,0.0
2023-08-24 11:00:00+09:00,2015.0,2018.5,2013.5,2017.0,0,0.0,0.0
2023-08-24 12:00:00+09:00,2024.5,2024.5,2016.5,2018.0,73100,0.0,0.0
2023-08-24 13:00:00+09:00,2018.0,2028.0,2018.0,2023.5,15600,0.0,0.0
2023-08-24 14:00:00+09:00,2024.0,2031.5,2024.0,2027.0,32100,0.0,0.0
2023-08-25 09:00:00+09:00,2012.5,2065.5,2001.0,2060.5,89500,0.0,0.0
2023-08-25 10:00:00+09:00,2062.0,2084.0,2058.5,2079.5,89700,0.0,0.0
2023-08-25 11:00:00+09:00,2079.5,2080.5,2075.0,2076.0,0,0.0,0.0
2023-08-25 12:00:00+09:00,2077.5,2092.0,2077.0,2092.0,246900,0.0,0.0
2023-08-25 13:00:00+09:00,2092.0,2092.5,2085.0,2088.5,46700,0.0,0.0
2023-08-25 14:00:00+09:00,2088.0,2092.0,2074.0,2076.0,101300,0.0,0.0
2023-08-28 09:00:00+09:00,2097.5,2097.5,2069.5,2085.0,40200,0.0,0.0
2023-08-28 10:00:00+09:00,2085.0,2088.5,2078.5,2082.5,16800,0.0,0.0
2023-08-28 11:00:00+09:00,2082.0,2084.0,2078.5,2082.0,0,0.0,0.0
2023-08-28 12:00:00+09:00,2085.0,2085.0,2068.0,2068.5,84100,0.0,0.0
2023-08-28 13:00:00+09:00,2070.0,2070.5,2063.0,2064.0,20300,0.0,0.0
2023-08-28 14:00:00+09:00,2064.0,2066.5,2059.0,2065.5,37100,0.0,0.0
2023-08-29 09:00:00+09:00,2046.0,2054.5,2036.5,2052.5,69600,0.0,0.0
2023-08-29 10:00:00+09:00,2052.5,2053.5,2042.5,2043.0,34100,0.0,0.0
2023-08-29 11:00:00+09:00,2043.0,2044.5,2037.5,2044.5,0,0.0,0.0
2023-08-29 12:00:00+09:00,2048.0,2052.5,2044.5,2046.0,174800,0.0,0.0
2023-08-29 13:00:00+09:00,2046.0,2050.5,2044.0,2044.5,33900,0.0,0.0
2023-08-29 14:00:00+09:00,2045.0,2048.5,2040.0,2044.0,56900,0.0,0.0
2023-08-30 09:00:00+09:00,2060.5,2065.0,2048.5,2056.0,59000,0.0,0.0
2023-08-30 10:00:00+09:00,2054.5,2057.5,2052.0,2055.0,26700,0.0,0.0
2023-08-30 11:00:00+09:00,2055.5,2057.5,2050.5,2053.5,0,0.0,0.0
2023-08-30 12:00:00+09:00,2055.0,2063.0,2053.5,2056.5,133100,0.0,0.0
2023-08-30 13:00:00+09:00,2056.5,2057.5,2051.0,2051.5,27300,0.0,0.0
2023-08-30 14:00:00+09:00,2051.5,2051.5,2034.0,2038.0,62000,0.0,0.0
2023-08-31 09:00:00+09:00,2025.0,2030.0,2014.0,2020.5,83100,0.0,0.0
2023-08-31 10:00:00+09:00,2021.5,2022.5,2015.5,2017.5,33900,0.0,0.0
2023-08-31 11:00:00+09:00,2017.0,2021.5,2017.0,2021.0,0,0.0,0.0
2023-08-31 12:00:00+09:00,2020.0,2025.5,2013.0,2025.5,192100,0.0,0.0
2023-08-31 13:00:00+09:00,2026.0,2042.0,2026.0,2039.5,39900,0.0,0.0
2023-08-31 14:00:00+09:00,2039.5,2042.0,2034.5,2035.5,62500,0.0,0.0
2023-09-01 09:00:00+09:00,2040.0,2040.0,2019.0,2022.5,62600,0.0,0.0
2023-09-01 10:00:00+09:00,2023.0,2041.5,2022.0,2041.5,37900,0.0,0.0
2023-09-01 11:00:00+09:00,2040.5,2048.0,2040.5,2044.5,0,0.0,0.0
2023-09-01 12:00:00+09:00,2044.5,2044.5,2030.5,2030.5,136000,0.0,0.0
2023-09-01 13:00:00+09:00,2030.5,2032.5,2026.5,2031.0,27900,0.0,0.0
2023-09-01 14:00:00+09:00,2031.5,2047.0,2030.5,2046.0,62200,0.0,0.0
2023-09-04 09:00:00+09:00,2060.0,2063.0,2036.5,2037.5,70700,0.0,0.0
2023-09-04 10:00:00+09:00,2036.5,2052.5,2036.0,2052.5,35100,0.0,0.0
2023-09-04 11:00:00+09:00,2052.5,2052.5,2046.5,2047.5,0,0.0,0.0
2023-09-04 12:00:00+09:00,2047.5,2047.5,2033.0,2035.0,143300,0.0,0.0
2023-09-04 13:00:00+09:00,2034.0,2046.5,2034.0,2045.0,35300,0.0,0.0
2023-09-04 14:00:00+09:00,2045.5,2051.0,2042.0,2051.0,54900,0.0,0.0
2023-09-05 09:00:00+09:00,2070.0,2150.0,2066.0,2124.0,265000,0.0,0.0
2023-09-05 10:00:00+09:00,2126.0,2142.0,2125.0,2129.5,75500,0.0,0.0
2023-09-05 11:00:00+09:00,2129.5,2130.0,2115.0,2116.5,0,0.0,0.0
2023-09-05 12:00:00+09:00,2113.5,2118.0,2107.5,2116.0,422400,0.0,0.0
2023-09-05 13:00:00+09:00,2116.0,2117.0,2108.5,2110.0,45000,0.0,0.0
2023-09-05 14:00:00+09:00,2110.5,2125.5,2109.0,2123.5,99400,0.0,0.0
2023-09-06 09:00:00+09:00,2110.0,2122.5,2094.0,2111.0,137700,0.0,0.0
2023-09-06 10:00:00+09:00,2111.5,2124.0,2102.0,2119.0,70800,0.0,0.0
2023-09-06 11:00:00+09:00,2118.5,2125.0,2116.0,2123.5,0,0.0,0.0
2023-09-06 12:00:00+09:00,2121.0,2121.0,2112.5,2115.5,284800,0.0,0.0
2023-09-06 13:00:00+09:00,2114.5,2117.0,2100.5,2101.0,56000,0.0,0.0
2023-09-06 14:00:00+09:00,2100.5,2104.5,2090.0,2091.5,114500,0.0,0.0
2023-09-07 09:00:00+09:00,2090.0,2090.0,2058.5,2060.5,97600,0.0,0.0
2023-09-07 10:00:00+09:00,2060.0,2060.5,2031.5,2035.5,103400,0.0,0.0
2023-09-07 11:00:00+09:00,2035.5,2036.5,2028.0,2031.5,0,0.0,0.0
2023-09-07 12:00:00+09:00,2032.0,2034.5,2028.5,2032.0,302000,0.0,0.0
2023-09-07 13:00:00+09:00,2032.5,2043.5,2032.5,2038.0,45300,0.0,0.0
2023-09-07 14:00:00+09:00,2038.0,2041.0,2029.0,2029.0,93900,0.0,0.0
2023-09-08 09:00:00+09:00,1981.5,2001.5,1965.5,1977.5,357500,0.0,0.0
2023-09-08 10:00:00+09:00,1977.5,1985.0,1976.0,1980.5,71700,0.0,0.0
2023-09-08 11:00:00+09:00,1981.0,1982.0,1979.5,1982.0,0,0.0,0.0
2023-09-08 12:00:00+09:00,1983.0,1983.0,1975.5,1979.0,542900,0.0,0.0
2023-09-08 13:00:00+09:00,1979.0,1981.0,1955.5,1956.0,168800,0.0,0.0
2023-09-08 14:00:00+09:00,1955.5,1961.5,1955.5,1957.5,119000,0.0,0.0
2023-09-11 09:00:00+09:00,1960.0,1979.0,1954.0,1969.5,137800,0.0,0.0
2023-09-11 10:00:00+09:00,1969.0,1969.0,1951.0,1964.0,75500,0.0,0.0
2023-09-11 11:00:00+09:00,1964.0,1974.5,1962.5,1968.5,0,0.0,0.0
2023-09-11 12:00:00+09:00,1965.0,1969.5,1963.0,1968.5,287700,0.0,0.0
2023-09-11 13:00:00+09:00,1968.0,1972.5,1966.5,1972.0,65600,0.0,0.0
2023-09-11 14:00:00+09:00,1972.5,1973.0,1968.5,1972.5,84800,0.0,0.0
2023-09-12 09:00:00+09:00,1990.0,2023.0,1986.5,2005.0,147100,0.0,0.0
2023-09-12 10:00:00+09:00,2005.5,2006.5,1994.5,2001.5,34400,0.0,0.0
2023-09-12 11:00:00+09:00,2001.5,2010.0,2000.0,2010.0,0,0.0,0.0
2023-09-12 12:00:00+09:00,2010.0,2012.0,2000.0,2002.0,252000,0.0,0.0
2023-09-12 13:00:00+09:00,2003.5,2003.5,1996.0,2003.0,33300,0.0,0.0
2023-09-12 14:00:00+09:00,2003.0,2005.0,1998.5,2005.0,40800,0.0,0.0
2023-09-13 09:00:00+09:00,2010.0,2038.0,2003.0,2037.0,61300,0.0,0.0
2023-09-13 10:00:00+09:00,2037.0,2043.0,2028.0,2042.0,47600,0.0,0.0
2023-09-13 11:00:00+09:00,2042.0,2048.5,2035.5,2037.0,0,0.0,0.0
2023-09-13 12:00:00+09:00,2034.0,2036.5,2018.0,2020.5,149500,0.0,0.0
2023-09-13 13:00:00+09:00,2021.0,2037.0,2019.5,2035.5,31400,0.0,0.0
2023-09-13 14:00:00+09:00,2036.5,2037.0,2026.5,2031.0,34400,0.0,0.0
2023-09-14 09:00:00+09:00,2032.0,2032.5,2015.5,2016.5,48400,0.0,0.0
2023-09-14 10:00:00+09:00,2016.0,2022.5,2013.5,2016.5,25800,0.0,0.0
2023-09-14 11:00:00+09:00,2017.0,2018.0,2011.5,2014.0,0,0.0,0.0
2023-09-14 12:00:00+09:00,2015.5,2017.5,2010.5,2015.5,103600,0.0,0.0
2023-09-14 13:00:00+09:00,2016.0,2023.0,2016.0,2020.0,24500,0.0,0.0
2023-09-14 14:00:00+09:00,2019.5,2021.5,2011.5,2015.5,44300,0.0,0.0
2023-09-15 09:00:00+09:00,2020.0,2020.0,2001.0,2011.0,41700,0.0,0.0
2023-09-15 10:00:00+09:00,2010.5,2010.5,1987.0,1994.0,60600,0.0,0.0
2023-09-15 11:00:00+09:00,1995.5,2001.5,1995.5,1999.5,0,0.0,0.0
2023-09-15 12:00:00+09:00,2000.5,2004.5,1999.0,2003.5,137200,0.0,0.0
2023-09-15 13:00:00+09:00,2004.0,2019.0,2000.5,2018.0,31000,0.0,0.0
2023-09-15 14:00:00+09:00,2019.0,2030.0,2015.0,2018.0,87500,0.0,0.0
2023-09-19 09:00:00+09:00,2014.0,2046.5,2010.0,2034.0,63700,0.0,0.0
2023-09-19 10:00:00+09:00,2034.5,2057.0,2033.5,2045.0,53100,0.0,0.0
2023-09-19 11:00:00+09:00,2045.5,2049.0,2042.5,2045.0,0,0.0,0.0
2023-09-19 12:00:00+09:00,2045.0,2045.5,2041.0,2042.5,154700,0.0,0.0
2023-09-19 13:00:00+09:00,2042.0,2054.5,2040.0,2052.0,40500,0.0,0.0
2023-09-19 14:00:00+09:00,2051.5,2060.5,2047.5,2060.5,77500,0.0,0.0
2023-09-20 09:00:00+09:00,2030.0,2050.5,2002.0,2003.0,104300,0.0,0.0
2023-09-20 10:00:00+09:00,2002.5,2004.5,1996.5,2001.5,61600,0.0,0.0
2023-09-20 11:00:00+09:00,2001.5,2001.5,1994.5,1996.0,0,0.0,0.0
2023-09-20 12:00:00+09:00,1996.0,1996.0,1987.5,1989.0,242900,0.0,0.0
2023-09-20 13:00:00+09:00,1989.0,1991.5,1979.0,1981.5,56300,0.0,0.0
2023-09-20 14:00:00+09:00,1981.5,1981.5,1976.5,1978.0,74100,0.0,0.0
2023-09-21 09:00:00+09:00,1965.5,1967.5,1937.5,1938.0,124400,0.0,0.0
2023-09-21 10:00:00+09:00,1937.5,1937.5,1916.5,1919.0,82500,0.0,0.0
2023-09-21 11:00:00+09:00,1919.0,1919.0,1912.5,1915.0,0,0.0,0.0
2023-09-21 12:00:00+09:00,1915.0,1918.5,1912.5,1916.0,283000,0.0,0.0
2023-09-21 13:00:00+09:00,1916.5,1924.0,1912.5,1916.5,68500,0.0,0.0
2023-09-21 14:00:00+09:00,1915.5,1923.0,1914.5,1917.5,67300,0.0,0.0
2023-09-22 09:00:00+09:00,1899.0,1917.0,1893.5,1905.5,86600,0.0,0.0
2023-09-22 10:00:00+09:00,1906.0,1910.5,1898.0,1904.5,55100,0.0,0.0
2023-09-22 11:00:00+09:00,1903.5,1912.0,1902.5,1907.0,0,0.0,0.0
2023-09-22 12:00:00+09:00,1914.5,1917.0,1908.5,1911.5,184700,0.0,0.0
2023-09-22 13:00:00+09:00,1912.0,1913.0,1896.5,1902.0,43800,0.0,0.0
2023-09-22 14:00:00+09:00,1901.5,1908.0,1897.0,1900.5,72400,0.0,0.0
2023-09-25 09:00:00+09:00,1911.0,1933.0,1906.0,1915.0,64100,0.0,0.0
2023-09-25 10:00:00+09:00,1914.5,1920.0,1909.0,1909.5,25600,0.0,0.0
2023-09-25 11:00:00+09:00,1909.0,1910.5,1905.5,1905.5,0,0.0,0.0
2023-09-25 12:00:00+09:00,1911.5,1913.0,1898.0,1900.0,143300,0.0,0.0
2023-09-25 13:00:00+09:00,1900.0,1902.5,1898.0,1901.5,43000,0.0,0.0
2023-09-25 14:00:00+09:00,1901.5,1912.5,1898.5,1911.0,56200,0.0,0.0
2023-09-26 09:00:00+09:00,1913.0,1922.5,1898.0,1902.5,55400,0.0,0.0
2023-09-26 10:00:00+09:00,1904.0,1905.0,1888.5,1891.0,37300,0.0,0.0
2023-09-26 11:00:00+09:00,1892.0,1896.5,1891.5,1892.0,0,0.0,0.0
2023-09-26 12:00:00+09:00,1894.0,1897.0,1890.5,1894.5,120200,0.0,0.0
2023-09-26 13:00:00+09:00,1894.5,1901.5,1893.0,1899.5,27300,0.0,0.0
2023-09-26 14:00:00+09:00,1899.5,1900.0,1890.0,1891.5,44200,0.0,0.0
2023-09-27 09:00:00+09:00,1880.0,1898.0,1875.0,1893.5,83800,0.0,0.0
2023-09-27 10:00:00+09:00,1894.5,1899.5,1889.5,1893.5,70600,0.0,0.0
2023-09-27 11:00:00+09:00,1894.0,1900.5,1894.0,1896.0,0,0.0,0.0
2023-09-27 12:00:00+09:00,1897.0,1915.5,1897.0,1915.0,214900,0.0,0.0
2023-09-27 13:00:00+09:00,1915.0,1920.0,1912.5,1920.0,29000,0.0,0.0
2023-09-27 14:00:00+09:00,1920.0,1935.0,1918.5,1933.5,45800,0.0,0.0
2023-09-28 09:00:00+09:00,1937.0,1940.0,1906.5,1909.0,68800,0.0,0.0
2023-09-28 10:00:00+09:00,1910.5,1926.0,1908.0,1918.5,17300,0.0,0.0
2023-09-28 11:00:00+09:00,1920.0,1921.5,1909.0,1909.0,0,0.0,0.0
2023-09-28 12:00:00+09:00,1905.0,1905.0,1892.0,1898.0,129800,0.0,0.0
2023-09-28 13:00:00+09:00,1898.5,1901.5,1895.5,1900.5,19000,0.0,0.0
2023-09-28 14:00:00+09:00,1901.5,1919.0,1900.0,1908.0,32500,0.0,0.0
2023-09-29 09:00:00+09:00,1910.0,1913.5,1897.0,1906.5,42500,0.0,0.0
2023-09-29 10:00:00+09:00,1908.5,1934.5,1908.5,1925.0,40300,0.0,0.0
2023-09-29 11:00:00+09:00,1925.5,1931.5,1924.0,1931.5,0,0.0,0.0
2023-09-29 12:00:00+09:00,1930.5,1930.5,1925.0,1925.5,109100,0.0,0.0
2023-09-29 13:00:00+09:00,1926.0,1928.5,1904.0,1904.0,29500,0.0,0.0
2023-09-29 14:00:00+09:00,1905.0,1924.5,1903.5,1924.5,46000,0.0,0.0
2023-10-02 09:00:00+09:00,1938.0,1953.0,1927.5,1934.0,62600,0.0,0.0
2023-10-02 10:00:00+09:00,1934.0,1942.0,1931.5,1940.5,21100,0.0,0.0
2023-10-02 11:00:00+09:00,1940.5,1940.5,1925.5,1925.5,0,0.0,0.0
2023-10-02 12:00:00+09:00,1921.5,1923.0,1907.5,1908.0,115000,0.0,0.0
2023-10-02 13:00:00+09:00,1907.5,1910.5,1890.0,1893.0,52400,0.0,0.0
2023-10-02 14:00:00+09:00,1893.5,1894.5,1885.0,1885.0,58800,0.0,0.0
2023-10-03 09:00:00+09:00,1881.0,1884.5,1856.5,1856.5,0,0.0,0.0
2023-10-03 10:00:00+09:00,1856.5,1872.5,1850.0,1865.0,105700,0.0,0.0
2023-10-03 11:00:00+09:00,1864.5,1873.0,1860.5,1873.0,0,0.0,0.0
2023-10-03 12:00:00+09:00,1871.0,1872.5,1867.0,1868.5,140200,0.0,0.0
2023-10-03 13:00:00+09:00,1868.0,1868.0,1858.5,1859.0,23100,0.0,0.0
2023-10-03 14:00:00+09:00,1858.5,1858.5,1848.0,1852.0,66400,0.0,0.0
2023-10-04 09:00:00+09:00,1835.0,1857.5,1823.5,1851.5,84300,0.0,0.0
2023-10-04 10:00:00+09:00,1850.0,1868.0,1850.0,1854.5,36500,0.0,0.0
2023-10-04 11:00:00+09:00,1854.5,1859.5,1848.0,1848.0,0,0.0,0.0
2023-10-04 12:00:00+09:00,1848.5,1855.0,1847.5,1851.5,159500,0.0,0.0
2023-10-04 13:00:00+09:00,1850.5,1863.5,1845.5,1857.0,47400,0.0,0.0
2023-10-04 14:00:00+09:00,1857.5,1863.5,1850.5,1852.0,60600,0.0,0.0
2023-10-05 09:00:00+09:00,1854.0,1859.5,1839.5,1859.5,57700,0.0,0.0
2023-10-05 10:00:00+09:00,1857.0,1867.5,1853.0,1860.0,27100,0.0,0.0
2023-10-05 11:00:00+09:00,1860.0,1864.0,1857.0,1864.0,0,0.0,0.0
2023-10-05 12:00:00+09:00,1859.5,1870.0,1856.5,1869.5,111700,0.0,0.0
2023-10-05 13:00:00+09:00,1870.0,1878.0,1867.0,1870.0,38300,0.0,0.0
2023-10-05 14:00:00+09:00,1871.0,1873.0,1862.0,1871.0,65700,0.0,0.0
2023-10-06 09:00:00+09:00,1875.0,1885.5,1866.0,1876.5,57100,0.0,0.0
2023-10-06 10:00:00+09:00,1875.0,1885.0,1870.0,1880.5,27700,0.0,0.0
2023-10-06 11:00:00+09:00,1879.0,1880.0,1872.0,1873.5,0,0.0,0.0
2023-10-06 12:00:00+09:00,1874.5,1882.5,1870.0,1871.0,105400,0.0,0.0
2023-10-06 13:00:00+09:00,1871.0,1878.0,1871.0,1877.0,20100,0.0,0.0
2023-10-06 14:00:00+09:00,1877.0,1880.5,1872.5,1872.5,46200,0.0,0.0
2023-10-10 09:00:00+09:00,1871.5,1886.5,1864.0,1872.5,60900,0.0,0.0
2023-10-10 10:00:00+09:00,1872.5,1872.5,1861.0,1863.0,21500,0.0,0.0
2023-10-10 11:00:00+09:00,1862.0,1862.0,1858.0,1862.0,0,0.0,0.0
2023-10-10 12:00:00+09:00,1862.0,1862.0,1846.5,1849.5,119500,0.0,0.0
2023-10-10 13:00:00+09:00,1849.0,1853.0,1847.0,1849.0,19900,0.0,0.0
2023-10-10 14:00:00+09:00,1848.0,1855.0,1845.0,1852.5,41900,0.0,0.0
2023-10-11 09:00:00+09:00,1873.5,1910.0,1865.5,1865.5,65400,0.0,0.0
2023-10-11 10:00:00+09:00,1865.0,1865.0,1856.0,1863.0,15600,0.0,0.0
2023-10-11 11:00:00+09:00,1862.5,1867.5,1857.0,1867.5,0,0.0,0.0
2023-10-11 12:00:00+09:00,1865.0,1869.5,1862.5,1869.5,97500,0.0,0.0
2023-10-11 13:00:00+09:00,1870.0,1875.0,1865.0,1865.0,25300,0.0,0.0
2023-10-11 14:00:00+09:00,1864.5,1868.5,1858.5,1858.5,27500,0.0,0.0
2023-10-12 09:00:00+09:00,1837.0,1837.0,1811.0,1827.0,77100,0.0,0.0
2023-10-12 10:00:00+09:00,1826.0,1832.5,1819.0,1828.5,52500,0.0,0.0
2023-10-12 11:00:00+09:00,1828.5,1836.0,1827.5,1832.5,0,0.0,0.0
2023-10-12 12:00:00+09:00,1836.5,1859.5,1836.5,1857.5,203100,0.0,0.0
2023-10-12 13:00:00+09:00,1856.5,1859.5,1845.5,1848.0,35500,0.0,0.0
2023-10-12 14:00:00+09:00,1847.0,1856.0,1843.5,1853.5,63100,0.0,0.0
2023-10-13 09:00:00+09:00,1834.5,1843.0,1817.5,1820.0,47800,0.0,0.0
2023-10-13 10:00:00+09:00,1819.0,1827.0,1817.5,1822.5,16600,0.0,0.0
2023-10-13 11:00:00+09:00,1821.0,1827.0,1819.0,1820.5,0,0.0,0.0
2023-10-13 12:00:00+09:00,1820.5,1820.5,1806.5,1808.5,102600,0.0,0.0
2023-10-13 13:00:00+09:00,1808.5,1813.5,1805.0,1805.5,24000,0.0,0.0
2023-10-13 14:00:00+09:00,1805.0,1820.0,1803.5,1811.5,47100,0.0,0.0
2023-10-16 09:00:00+09:00,1798.0,1800.0,1763.0,1766.0,103000,0.0,0.0
2023-10-16 10:00:00+09:00,1765.0,1770.5,1756.5,1766.0,50600,0.0,0.0
2023-10-16 11:00:00+09:00,1766.0,1766.0,1759.5,1763.0,0,0.0,0.0
2023-10-16 12:00:00+09:00,1755.0,1756.0,1749.0,1749.5,231100,0.0,0.0
2023-10-16 13:00:00+09:00,1749.0,1751.0,1745.0,1748.5,49800,0.0,0.0
2023-10-16 14:00:00+09:00,1747.5,1749.0,1737.0,1739.0,99300,0.0,0.0
2023-10-17 09:00:00+09:00,1777.0,1790.0,1766.0,1766.5,82900,0.0,0.0
2023-10-17 10:00:00+09:00,1780.0,1781.5,1761.0,1762.0,45600,0.0,0.0
2023-10-17 11:00:00+09:00,1761.5,1768.5,1760.5,1760.5,0,0.0,0.0
2023-10-17 12:00:00+09:00,1758.5,1762.0,1751.5,1755.5,195300,0.0,0.0
2023-10-17 13:00:00+09:00,1754.5,1759.5,1750.0,1750.0,29700,0.0,0.0
2023-10-17 14:00:00+09:00,1749.5,1759.5,1744.5,1759.0,57600,0.0,0.0
2023-10-18 09:00:00+09:00,1787.0,1788.0,1747.5,1750.0,63400,0.0,0.0
2023-10-18 10:00:00+09:00,1749.5,1760.0,1746.0,1751.0,41400,0.0,0.0
2023-10-18 11:00:00+09:00,1751.5,1760.0,1751.5,1760.0,0,0.0,0.0
2023-10-18 12:00:00+09:00,1760.0,1760.0,1751.0,1758.5,141800,0.0,0.0
2023-10-18 13:00:00+09:00,1759.0,1769.0,1759.0,1766.0,29300,0.0,0.0
2023-10-18 14:00:00+09:00,1763.5,1771.5,1758.5,1769.0,42100,0.0,0.0
2023-10-19 09:00:00+09:00,1740.0,1765.5,1738.0,1765.0,60600,0.0,0.0
2023-10-19 10:00:00+09:00,1764.0,1764.0,1736.5,1737.5,58900,0.0,0.0
2023-10-19 11:00:00+09:00,1737.0,1737.0,1732.0,1736.0,0,0.0,0.0
2023-10-19 12:00:00+09:00,1730.0,1733.5,1728.5,1731.0,157200,0.0,0.0
2023-10-19 13:00:00+09:00,1731.0,1746.5,1731.0,1744.5,33900,0.0,0.0
2023-10-19 14:00:00+09:00,1744.5,1744.5,1732.0,1732.0,36900,0.0,0.0
2023-10-20 09:00:00+09:00,1720.0,1720.0,1687.5,1691.5,69600,0.0,0.0
2023-10-20 10:00:00+09:00,1692.0,1712.5,1691.5,1712.5,37000,0.0,0.0
2023-10-20 11:00:00+09:00,1712.5,1719.0,1710.0,1717.0,0,0.0,0.0
2023-10-20 12:00:00+09:00,1720.0,1728.0,1714.5,1726.5,138100,0.0,0.0
2023-10-20 13:00:00+09:00,1725.5,1729.0,1720.5,1726.5,26500,0.0,0.0
2023-10-20 14:00:00+09:00,1725.5,1725.5,1713.0,1716.0,31000,0.0,0.0
2023-10-23 09:00:00+09:00,1694.0,1710.0,1693.0,1702.5,50200,0.0,0.0
2023-10-23 10:00:00+09:00,1704.5,1708.0,1691.0,1699.5,66100,0.0,0.0
2023-10-23 11:00:00+09:00,1699.5,1701.5,1687.5,1687.5,0,0.0,0.0
2023-10-23 12:00:00+09:00,1688.0,1691.0,1680.5,1681.0,153400,0.0,0.0
2023-10-23 13:00:00+09:00,1680.5,1687.5,1674.5,1684.5,51900,0.0,0.0
2023-10-23 14:00:00+09:00,1684.0,1696.5,1683.0,1692.0,50200,0.0,0.0
2023-10-24 09:00:00+09:00,1700.0,1706.5,1671.5,1677.5,47200,0.0,0.0
2023-10-24 10:00:00+09:00,1676.0,1684.0,1658.0,1683.5,45700,0.0,0.0
2023-10-24 11:00:00+09:00,1683.5,1718.5,1683.5,1716.0,0,0.0,0.0
2023-10-24 12:00:00+09:00,1709.5,1715.0,1701.0,1712.0,139100,0.0,0.0
2023-10-24 13:00:00+09:00,1712.5,1735.5,1712.0,1735.5,0,0.0,0.0
2023-10-24 14:00:00+09:00,1735.5,1745.0,1735.5,1742.0,221500,0.0,0.0
2023-10-25 09:00:00+09:00,1742.0,1763.0,1720.5,1728.0,55900,0.0,0.0
2023-10-25 10:00:00+09:00,1730.0,1743.0,1729.0,1733.0,26400,0.0,0.0
2023-10-25 11:00:00+09:00,1732.0,1739.0,1732.0,1739.0,0,0.0,0.0
2023-10-25 12:00:00+09:00,1737.0,1740.0,1733.5,1734.0,114600,0.0,0.0
2023-10-25 13:00:00+09:00,1734.5,1747.0,1734.5,1744.0,27600,0.0,0.0
2023-10-25 14:00:00+09:00,1744.5,1746.5,1728.5,1730.5,46300,0.0,0.0
2023-10-26 09:00:00+09:00,1704.0,1723.5,1700.5,1706.0,53200,0.0,0.0
2023-10-26 10:00:00+09:00,1705.0,1712.0,1699.5,1704.0,39400,0.0,0.0
2023-10-26 11:00:00+09:00,1704.5,1705.0,1697.0,1697.5,0,0.0,0.0
2023-10-26 12:00:00+09:00,1697.5,1710.5,1697.5,1708.5,127000,0.0,0.0
2023-10-26 13:00:00+09:00,1709.0,1713.5,1706.0,1711.0,23400,0.0,0.0
2023-10-26 14:00:00+09:00,1711.0,1716.0,1708.5,1715.0,39100,0.0,0.0
2023-10-27 09:00:00+09:00,1735.0,1737.5,1705.0,1732.5,72700,0.0,0.0
2023-10-27 10:00:00+09:00,1733.5,1744.0,1731.5,1739.5,29500,0.0,0.0
2023-10-27 11:00:00+09:00,1741.0,1742.5,1735.5,1735.5,0,0.0,0.0
2023-10-27 12:00:00+09:00,1735.5,1737.5,1726.5,1727.0,127800,0.0,0.0
2023-10-27 13:00:00+09:00,1728.0,1736.0,1725.0,1736.0,17400,0.0,0.0
2023-10-27 14:00:00+09:00,1736.0,1746.0,1734.5,1745.5,42600,0.0,0.0
2023-10-30 09:00:00+09:00,1737.0,1737.0,1711.5,1714.5,58400,0.0,0.0
2023-10-30 10:00:00+09:00,1714.5,1721.0,1700.5,1716.5,22200,0.0,0.0
2023-10-30 11:00:00+09:00,1716.0,1716.0,1705.0,1706.0,0,0.0,0.0
2023-10-30 12:00:00+09:00,1703.5,1707.0,1702.5,1705.0,99000,0.0,0.0
2023-10-30 13:00:00+09:00,1705.0,1705.0,1693.5,1700.0,31700,0.0,0.0
2023-10-30 14:00:00+09:00,1699.5,1703.5,1697.5,1700.0,49600,0.0,0.0
2023-10-31 09:00:00+09:00,1700.0,1727.5,1695.5,1720.0,54500,0.0,0.0
2023-10-31 10:00:00+09:00,1721.5,1723.0,1693.0,1706.0,38400,0.0,0.0
2023-10-31 11:00:00+09:00,1706.0,1707.5,1687.5,1689.5,0,0.0,0.0
2023-10-31 12:00:00+09:00,1697.5,1726.5,1697.5,1725.5,158500,0.0,0.0
2023-10-31 13:00:00+09:00,1724.5,1738.5,1717.0,1718.5,38700,0.0,0.0
2023-10-31 14:00:00+09:00,1717.5,1738.0,1715.0,1738.0,46200,0.0,0.0
2023-11-01 09:00:00+09:00,1764.0,1767.5,1739.0,1753.5,48000,0.0,0.0
2023-11-01 10:00:00+09:00,1754.0,1759.0,1740.0,1744.5,35200,0.0,0.0
2023-11-01 11:00:00+09:00,1744.0,1750.5,1739.5,1750.0,0,0.0,0.0
2023-11-01 12:00:00+09:00,1751.5,1753.5,1744.0,1744.5,107700,0.0,0.0
2023-11-01 13:00:00+09:00,1744.5,1750.5,1743.0,1750.0,19500,0.0,0.0
2023-11-01 14:00:00+09:00,1748.5,1755.5,1744.5,1753.0,41400,0.0,0.0
2023-11-02 09:00:00+09:00,1770.0,1780.0,1759.0,1775.0,46700,0.0,0.0
2023-11-02 10:00:00+09:00,1774.5,1789.5,1770.5,1789.0,27300,0.0,0.0
2023-11-02 11:00:00+09:00,1789.0,1790.0,1782.5,1784.5,0,0.0,0.0
2023-11-02 12:00:00+09:00,1785.0,1787.0,1782.5,1786.5,89600,0.0,0.0
2023-11-02 13:00:00+09:00,1786.0,1787.0,1781.0,1782.5,14700,0.0,0.0
2023-11-02 14:00:00+09:00,1782.5,1796.5,1780.0,1795.5,36200,0.0,0.0
2023-11-06 09:00:00+09:00,1835.0,1836.5,1801.5,1815.0,99100,0.0,0.0
2023-11-06 10:00:00+09:00,1815.0,1834.5,1812.0,1829.0,22800,0.0,0.0
2023-11-06 11:00:00+09:00,1827.5,1836.0,1827.5,1831.0,0,0.0,0.0
2023-11-06 12:00:00+09:00,1828.0,1842.5,1828.0,1837.5,158500,0.0,0.0
2023-11-06 13:00:00+09:00,1838.5,1846.5,1835.0,1841.0,30700,0.0,0.0
2023-11-06 14:00:00+09:00,1840.5,1847.5,1835.5,1838.5,46600,0.0,0.0
2023-11-07 09:00:00+09:00,1839.0,1839.0,1807.0,1813.5,56000,0.0,0.0
2023-11-07 10:00:00+09:00,1813.0,1817.5,1807.0,1812.5,17600,0.0,0.0
2023-11-07 11:00:00+09:00,1813.0,1813.0,1800.5,1800.5,0,0.0,0.0
2023-11-07 12:00:00+09:00,1802.5,1802.5,1792.0,1798.5,108600,0.0,0.0
2023-11-07 13:00:00+09:00,1799.0,1802.5,1797.0,1801.5,27600,0.0,0.0
2023-11-07 14:00:00+09:00,1801.0,1814.5,1799.0,1803.5,42900,0.0,0.0
2023-11-08 09:00:00+09:00,1820.0,1842.0,1813.0,1817.0,87900,0.0,0.0
2023-11-08 10:00:00+09:00,1815.5,1822.5,1801.0,1822.5,46600,0.0,0.0
2023-11-08 11:00:00+09:00,1822.0,1836.5,1819.5,1835.5,0,0.0,0.0
2023-11-08 12:00:00+09:00,1838.5,1841.5,1823.5,1828.0,179700,0.0,0.0
2023-11-08 13:00:00+09:00,1828.5,1840.5,1826.0,1838.0,28500,0.0,0.0
2023-11-08 14:00:00+09:00,1838.0,1844.5,1835.5,1840.5,42800,0.0,0.0
2023-11-09 09:00:00+09:00,1841.0,1849.5,1825.0,1842.0,45200,0.0,0.0
2023-11-09 10:00:00+09:00,1842.5,1852.5,1833.0,1833.5,26700,0.0,0.0
2023-11-09 11:00:00+09:00,1833.0,1840.0,1832.5,1839.0,0,0.0,0.0
2023-11-09 12:00:00+09:00,1839.0,1845.5,1834.5,1843.5,92800,0.0,0.0
2023-11-09 13:00:00+09:00,1844.0,1849.5,1839.5,1848.5,33400,0.0,0.0
2023-11-09 14:00:00+09:00,1848.0,1858.5,1846.5,1853.0,53800,0.0,0.0
2023-11-10 09:00:00+09:00,1844.5,1844.5,1814.5,1822.0,44500,0.0,0.0
2023-11-10 10:00:00+09:00,1823.0,1824.5,1809.0,1812.0,19700,0.0,0.0
2023-11-10 11:00:00+09:00,1812.0,1824.5,1808.0,1817.0,0,0.0,0.0
2023-11-10 12:00:00+09:00,1820.5,1828.5,1817.5,1827.0,92500,0.0,0.0
2023-11-10 13:00:00+09:00,1826.0,1836.0,1825.0,1829.0,41900,0.0,0.0
2023-11-10 14:00:00+09:00,1829.5,1842.0,1829.5,1842.0,47900,0.0,0.0
2023-11-13 09:00:00+09:00,1848.0,1855.5,1817.0,1818.5,59800,0.0,0.0
2023-11-13 10:00:00+09:00,1817.0,1822.0,1806.0,1808.0,29700,0.0,0.0
2023-11-13 11:00:00+09:00,1808.5,1809.0,1802.5,1804.5,0,0.0,0.0
2023-11-13 12:00:00+09:00,1803.0,1804.0,1796.0,1799.5,124700,0.0,0.0
2023-11-13 13:00:00+09:00,1799.0,1810.0,1792.5,1807.5,39600,0.0,0.0
2023-11-13 14:00:00+09:00,1809.5,1846.0,1767.5,1842.5,363300,0.0,0.0
2023-11-14 09:00:00+09:00,1919.0,1929.0,1859.5,1919.0,277700,0.0,0.0
2023-11-14 10:00:00+09:00,1917.5,1954.5,1897.0,1945.5,224900,0.0,0.0
2023-11-14 11:00:00+09:00,1944.5,1955.0,1926.5,1947.0,0,0.0,0.0
2023-11-14 12:00:00+09:00,1945.0,1955.0,1923.5,1942.5,666900,0.0,0.0
2023-11-14 13:00:00+09:00,1942.5,1955.0,1940.5,1953.0,80000,0.0,0.0
2023-11-14 14:00:00+09:00,1952.0,1971.5,1949.5,1949.5,171100,0.0,0.0
2023-11-15 09:00:00+09:00,2015.0,2023.0,1987.5,1996.5,228600,0.0,0.0
2023-11-15 10:00:00+09:00,1998.5,2008.5,1986.5,1998.5,90100,0.0,0.0
2023-11-15 11:00:00+09:00,1997.5,2008.0,1990.5,2004.5,0,0.0,0.0
2023-11-15 12:00:00+09:00,2003.5,2012.0,1998.5,2003.0,420300,0.0,0.0
2023-11-15 13:00:00+09:00,2001.0,2001.0,1983.5,1983.5,134200,0.0,0.0
2023-11-15 14:00:00+09:00,1984.0,2004.0,1980.5,1989.0,109600,0.0,0.0
2023-11-16 09:00:00+09:00,1995.0,2014.0,1976.5,1980.5,117700,0.0,0.0
2023-11-16 10:00:00+09:00,1980.0,1983.5,1961.0,1961.5,52700,0.0,0.0
2023-11-16 11:00:00+09:00,1962.5,1964.5,1959.0,1961.0,0,0.0,0.0
2023-11-16 12:00:00+09:00,1960.0,1960.0,1945.0,1947.5,243300,0.0,0.0
2023-11-16 13:00:00+09:00,1947.5,1963.0,1947.0,1961.0,48900,0.0,0.0
2023-11-16 14:00:00+09:00,1961.5,1966.0,1950.0,1950.0,65800,0.0,0.0
2023-11-17 09:00:00+09:00,1972.5,1990.0,1949.5,1964.0,114600,0.0,0.0
2023-11-17 10:00:00+09:00,1963.5,1976.0,1944.5,1968.5,68600,0.0,0.0
2023-11-17 11:00:00+09:00,1968.5,1973.5,1964.0,1972.5,0,0.0,0.0
2023-11-17 12:00:00+09:00,1975.0,1979.0,1961.0,1979.0,266100,0.0,0.0
2023-11-17 13:00:00+09:00,1979.5,1986.0,1975.5,1986.0,68800,0.0,0.0
2023-11-17 14:00:00+09:00,1985.0,1986.5,1955.5,1966.0,80900,0.0,0.0
2023-11-20 09:00:00+09:00,1979.5,2072.0,1970.0,2066.5,264200,0.0,0.0
2023-11-20 10:00:00+09:00,2066.0,2078.5,2056.0,2078.5,122800,0.0,0.0
2023-11-20 11:00:00+09:00,2078.0,2086.0,2070.0,2077.0,0,0.0,0.0
2023-11-20 12:00:00+09:00,2068.5,2090.0,2067.5,2074.0,544100,0.0,0.0
2023-11-20 13:00:00+09:00,2074.0,2090.5,2070.0,2090.0,102100,0.0,0.0
2023-11-20 14:00:00+09:00,2090.0,2100.0,2085.0,2087.5,160000,0.0,0.0
2023-11-21 09:00:00+09:00,2034.0,2063.5,2025.0,2059.0,183900,0.0,0.0
2023-11-21 10:00:00+09:00,2059.0,2070.5,2051.5,2065.5,78400,0.0,0.0
2023-11-21 11:00:00+09:00,2066.0,2068.0,2057.0,2059.0,0,0.0,0.0
2023-11-21 12:00:00+09:00,2059.0,2067.0,2053.5,2067.0,321400,0.0,0.0
2023-11-21 13:00:00+09:00,2067.5,2077.5,2064.5,2077.0,60700,0.0,0.0
2023-11-21 14:00:00+09:00,2077.5,2081.0,2069.0,2073.0,86500,0.0,0.0
2023-11-22 09:00:00+09:00,2082.0,2134.5,2082.0,2119.0,158400,0.0,0.0
2023-11-22 10:00:00+09:00,2120.0,2126.5,2104.5,2106.0,57400,0.0,0.0
2023-11-22 11:00:00+09:00,2105.5,2120.5,2102.0,2120.5,0,0.0,0.0
2023-11-22 12:00:00+09:00,2110.0,2113.5,2101.5,2107.5,276200,0.0,0.0
2023-11-22 13:00:00+09:00,2107.0,2117.5,2104.5,2116.5,42000,0.0,0.0
2023-11-22 14:00:00+09:00,2116.0,2120.5,2107.5,2112.5,65800,0.0,0.0
2023-11-24 09:00:00+09:00,2120.5,2182.0,2115.0,2174.5,192600,0.0,0.0
2023-11-24 10:00:00+09:00,2176.5,2181.0,2164.5,2169.5,79000,0.0,0.0
2023-11-24 11:00:00+09:00,2168.5,2171.5,2161.5,2165.0,0,0.0,0.0
2023-11-24 12:00:00+09:00,2160.5,2181.5,2158.0,2168.0,368000,0.0,0.0
2023-11-24 13:00:00+09:00,2168.0,2175.5,2162.5,2164.0,83100,0.0,0.0
2023-11-24 14:00:00+09:00,2164.0,2167.0,2157.0,2157.0,99600,0.0,0.0
2023-11-27 09:00:00+09:00,2160.0,2169.0,2124.0,2136.0,78000,0.0,0.0
2023-11-27 10:00:00+09:00,2139.5,2139.5,2111.5,2115.5,36900,0.0,0.0
2023-11-27 11:00:00+09:00,2115.5,2116.0,2095.5,2105.5,0,0.0,0.0
2023-11-27 12:00:00+09:00,2102.5,2110.5,2099.5,2108.5,204700,0.0,0.0
2023-11-27 13:00:00+09:00,2108.5,2112.5,2100.0,2110.0,25500,0.0,0.0
2023-11-27 14:00:00+09:00,2111.5,2133.0,2111.5,2123.0,56000,0.0,0.0
2023-11-28 09:00:00+09:00,2125.0,2125.5,2076.0,2091.0,0,0.0,0.0
2023-11-28 10:00:00+09:00,2090.0,2140.5,2088.0,2126.0,222000,0.0,0.0
2023-11-28 11:00:00+09:00,2128.0,2143.5,2125.5,2141.0,0,0.0,0.0
2023-11-28 12:00:00+09:00,2141.0,2157.5,2136.5,2152.5,316000,0.0,0.0
2023-11-28 13:00:00+09:00,2152.5,2176.0,2148.5,2171.0,88500,0.0,0.0
2023-11-28 14:00:00+09:00,2171.0,2185.5,2170.0,2178.0,177600,0.0,0.0
2023-11-29 09:00:00+09:00,2180.0,2236.0,2180.0,2204.5,166700,0.0,0.0
2023-11-29 10:00:00+09:00,2205.0,2232.5,2196.0,2214.5,127500,0.0,0.0
2023-11-29 11:00:00+09:00,2215.5,2216.5,2206.5,2206.5,0,0.0,0.0
2023-11-29 12:00:00+09:00,2207.0,2219.0,2206.0,2213.0,390200,0.0,0.0
2023-11-29 13:00:00+09:00,2213.0,2223.0,2208.5,2212.0,75900,0.0,0.0
2023-11-29 14:00:00+09:00,2212.0,2214.0,2204.0,2206.5,122000,0.0,0.0
2023-11-30 09:00:00+09:00,2210.0,2222.5,2197.5,2212.0,93000,0.0,0.0
2023-11-30 10:00:00+09:00,2214.0,2217.0,2200.0,2205.5,54800,0.0,0.0
2023-11-30 11:00:00+09:00,2205.5,2205.5,2178.5,2186.0,0,0.0,0.0
2023-11-30 12:00:00+09:00,2182.0,2191.5,2167.0,2171.0,229800,0.0,0.0
2023-11-30 13:00:00+09:00,2171.0,2176.0,2152.5,2154.0,60600,0.0,0.0
2023-11-30 14:00:00+09:00,2155.5,2169.5,2147.0,2149.0,128600,0.0,0.0
2023-12-01 09:00:00+09:00,2183.0,2183.0,2127.0,2137.0,85300,0.0,0.0
2023-12-01 10:00:00+09:00,2136.5,2137.5,2123.0,2127.0,32400,0.0,0.0
2023-12-01 11:00:00+09:00,2128.5,2138.5,2128.5,2133.0,0,0.0,0.0
2023-12-01 12:00:00+09:00,2130.0,2138.5,2124.0,2126.0,156200,0.0,0.0
2023-12-01 13:00:00+09:00,2126.5,2127.0,2119.0,2122.0,29200,0.0,0.0
2023-12-01 14:00:00+09:00,2121.5,2125.0,2109.0,2109.0,83000,0.0,0.0
2023-12-04 09:00:00+09:00,2088.5,2123.0,2085.0,2119.0,115800,0.0,0.0
2023-12-04 10:00:00+09:00,2120.5,2132.5,2113.5,2123.0,40900,0.0,0.0
2023-12-04 11:00:00+09:00,2123.5,2125.5,2116.5,2125.5,0,0.0,0.0
2023-12-04 12:00:00+09:00,2116.0,2120.0,2112.5,2113.0,196600,0.0,0.0
2023-12-04 13:00:00+09:00,2115.5,2123.5,2110.5,2119.0,26400,0.0,0.0
2023-12-04 14:00:00+09:00,2119.0,2121.5,2110.0,2115.5,53000,0.0,0.0
2023-12-05 09:00:00+09:00,2120.0,2158.5,2111.5,2144.5,80600,0.0,0.0
2023-12-05 10:00:00+09:00,2145.0,2166.5,2133.5,2142.5,66700,0.0,0.0
2023-12-05 11:00:00+09:00,2143.5,2154.0,2143.0,2153.0,0,0.0,0.0
2023-12-05 12:00:00+09:00,2148.5,2152.5,2132.5,2135.0,193100,0.0,0.0
2023-12-05 13:00:00+09:00,2136.0,2143.0,2111.5,2123.0,47800,0.0,0.0
2023-12-05 14:00:00+09:00,2124.0,2135.5,2114.5,2116.5,78600,0.0,0.0
2023-12-06 09:00:00+09:00,2131.5,2180.0,2129.0,2177.0,131300,0.0,0.0
2023-12-06 10:00:00+09:00,2176.5,2189.0,2171.0,2175.5,67100,0.0,0.0
2023-12-06 11:00:00+09:00,2175.0,2209.5,2174.5,2208.0,0,0.0,0.0
2023-12-06 12:00:00+09:00,2210.0,2258.0,2206.5,2248.0,493300,0.0,0.0
2023-12-06 13:00:00+09:00,2247.5,2250.0,2238.0,2249.0,103200,0.0,0.0
2023-12-06 14:00:00+09:00,2250.0,2278.0,2248.5,2270.0,221900,0.0,0.0
2023-12-07 09:00:00+09:00,2294.0,2429.0,2284.0,2416.5,750900,0.0,0.0
2023-12-07 10:00:00+09:00,2417.5,2422.0,2372.0,2419.5,368200,0.0,0.0
2023-12-07 11:00:00+09:00,2418.0,2430.0,2407.5,2426.5,0,0.0,0.0
2023-12-07 12:00:00+09:00,2428.5,2447.5,2415.5,2445.0,1474400,0.0,0.0
2023-12-07 13:00:00+09:00,2445.0,2465.0,2424.0,2428.0,351300,0.0,0.0
2023-12-07 14:00:00+09:00,2428.5,2440.0,2419.0,2421.5,309700,0.0,0.0
2023-12-08 09:00:00+09:00,2402.0,2405.5,2354.0,2377.5,310900,0.0,0.0
2023-12-08 10:00:00+09:00,2379.0,2385.5,2340.5,2363.0,154400,0.0,0.0
2023-12-08 11:00:00+09:00,2365.0,2367.5,2355.0,2362.5,0,0.0,0.0
2023-12-08 12:00:00+09:00,2363.5,2373.0,2356.5,2360.0,583300,0.0,0.0
2023-12-08 13:00:00+09:00,2359.5,2360.5,2342.0,2342.0,103400,0.0,0.0
2023-12-08 14:00:00+09:00,2343.0,2367.5,2342.0,2358.0,146500,0.0,0.0
2023-12-11 09:00:00+09:00,2350.0,2395.0,2322.5,2369.0,126800,0.0,0.0
2023-12-11 10:00:00+09:00,2370.5,2385.0,2335.5,2340.5,71900,0.0,0.0
2023-12-11 11:00:00+09:00,2341.5,2351.0,2339.0,2343.0,0,0.0,0.0
2023-12-11 12:00:00+09:00,2343.0,2343.0,2326.0,2337.5,262200,0.0,0.0
2023-12-11 13:00:00+09:00,2338.0,2341.5,2315.0,2315.0,58800,0.0,0.0
2023-12-11 14:00:00+09:00,2317.0,2328.0,2304.5,2324.5,84100,0.0,0.0
2023-12-12 09:00:00+09:00,2300.0,2347.0,2271.0,2313.0,181200,0.0,0.0
2023-12-12 10:00:00+09:00,2310.0,2312.0,2289.5,2291.5,41900,0.0,0.0
2023-12-12 11:00:00+09:00,2292.0,2294.5,2276.5,2285.0,0,0.0,0.0
2023-12-12 12:00:00+09:00,2281.0,2291.5,2280.0,2280.5,287300,0.0,0.0
2023-12-12 13:00:00+09:00,2282.0,2288.0,2268.0,2285.0,46700,0.0,0.0
2023-12-12 14:00:00+09:00,2286.5,2290.0,2270.0,2286.0,44800,0.0,0.0
2023-12-13 09:00:00+09:00,2270.0,2286.0,2252.0,2279.0,0,0.0,0.0
2023-12-13 10:00:00+09:00,2280.0,2286.5,2263.0,2267.0,53100,0.0,0.0
2023-12-13 11:00:00+09:00,2266.5,2268.0,2240.0,2250.0,0,0.0,0.0
2023-12-13 12:00:00+09:00,2248.5,2250.5,2233.0,2234.5,219700,0.0,0.0
2023-12-13 13:00:00+09:00,2236.0,2245.0,2227.5,2237.5,102800,0.0,0.0
2023-12-13 14:00:00+09:00,2235.5,2254.5,2229.5,2246.0,92200,0.0,0.0
2023-12-14 09:00:00+09:00,2260.5,2274.5,2246.0,2251.5,118100,0.0,0.0
2023-12-14 10:00:00+09:00,2252.5,2257.5,2232.5,2249.5,54900,0.0,0.0
2023-12-14 11:00:00+09:00,2250.0,2254.0,2242.5,2248.5,0,0.0,0.0
2023-12-14 12:00:00+09:00,2245.0,2249.0,2236.0,2240.5,224300,0.0,0.0
2023-12-14 13:00:00+09:00,2238.5,2246.0,2225.5,2240.5,39600,0.0,0.0
2023-12-14 14:00:00+09:00,2241.5,2257.5,2235.0,2253.5,69800,0.0,0.0
2023-12-15 09:00:00+09:00,2297.5,2346.0,2275.0,2339.0,109500,0.0,0.0
2023-12-15 10:00:00+09:00,2338.0,2349.5,2317.0,2322.0,53900,0.0,0.0
2023-12-15 11:00:00+09:00,2322.0,2328.0,2318.5,2325.5,0,0.0,0.0
2023-12-15 12:00:00+09:00,2320.5,2328.5,2318.0,2322.0,218900,0.0,0.0
2023-12-15 13:00:00+09:00,2322.5,2331.0,2320.0,2322.0,36600,0.0,0.0
2023-12-15 14:00:00+09:00,2322.5,2340.0,2306.5,2336.5,146500,0.0,0.0
2023-12-18 09:00:00+09:00,2337.0,2388.0,2308.0,2376.0,170400,0.0,0.0
2023-12-18 10:00:00+09:00,2374.5,2387.0,2347.0,2360.0,84500,0.0,0.0
2023-12-18 11:00:00+09:00,2359.5,2365.0,2353.0,2362.5,0,0.0,0.0
2023-12-18 12:00:00+09:00,2363.5,2378.0,2359.0,2376.0,328600,0.0,0.0
2023-12-18 13:00:00+09:00,2376.0,2385.0,2374.0,2382.5,61300,0.0,0.0
2023-12-18 14:00:00+09:00,2382.5,2388.0,2379.0,2379.0,121100,0.0,0.0
2023-12-19 09:00:00+09:00,2361.0,2431.0,2361.0,2413.0,132100,0.0,0.0
2023-12-19 10:00:00+09:00,2410.5,2413.5,2397.0,2405.0,37500,0.0,0.0
2023-12-19 11:00:00+09:00,2405.0,2411.5,2402.5,2408.5,0,0.0,0.0
2023-12-19 12:00:00+09:00,2416.5,2419.5,2406.5,2411.5,220700,0.0,0.0
2023-12-19 13:00:00+09:00,2412.0,2414.0,2402.0,2410.5,27400,0.0,0.0
2023-12-19 14:00:00+09:00,2411.0,2417.5,2410.0,2410.0,61300,0.0,0.0
2023-12-20 09:00:00+09:00,2410.0,2428.5,2407.0,2408.0,71000,0.0,0.0
2023-12-20 10:00:00+09:00,2408.0,2422.5,2407.0,2409.5,37200,0.0,0.0
2023-12-20 11:00:00+09:00,2409.5,2419.5,2405.0,2407.0,0,0.0,0.0
2023-12-20 12:00:00+09:00,2410.0,2414.5,2390.0,2392.0,151900,0.0,0.0
2023-12-20 13:00:00+09:00,2390.5,2394.0,2383.5,2391.5,33000,0.0,0.0
2023-12-20 14:00:00+09:00,2391.5,2398.0,2378.0,2384.0,46100,0.0,0.0
2023-12-21 09:00:00+09:00,2342.5,2360.0,2327.0,2348.5,35300,0.0,0.0
2023-12-21 10:00:00+09:00,2348.0,2356.5,2332.5,2342.0,19700,0.0,0.0
2023-12-21 11:00:00+09:00,2341.5,2342.5,2334.0,2336.5,0,0.0,0.0
2023-12-21 12:00:00+09:00,2335.5,2342.0,2331.0,2336.0,80300,0.0,0.0
2023-12-21 13:00:00+09:00,2335.5,2343.5,2333.0,2337.0,14700,0.0,0.0
2023-12-21 14:00:00+09:00,2337.0,2345.0,2334.0,2340.0,33300,0.0,0.0
2023-12-22 09:00:00+09:00,2358.0,2378.0,2353.5,2378.0,25600,0.0,0.0
2023-12-22 10:00:00+09:00,2378.0,2378.5,2354.5,2364.5,29100,0.0,0.0
2023-12-22 11:00:00+09:00,2365.5,2365.5,2355.0,2355.0,0,0.0,0.0
2023-12-22 12:00:00+09:00,2362.0,2364.0,2354.0,2357.5,84700,0.0,0.0
2023-12-22 13:00:00+09:00,2356.5,2356.5,2347.5,2349.0,20700,0.0,0.0
2023-12-22 14:00:00+09:00,2349.5,2366.0,2348.5,2363.5,41400,0.0,0.0
2023-12-25 09:00:00+09:00,2379.5,2407.0,2345.0,2351.5,67600,0.0,0.0
2023-12-25 10:00:00+09:00,2351.5,2358.5,2340.5,2345.0,35200,0.0,0.0
2023-12-25 11:00:00+09:00,2347.5,2354.5,2343.5,2347.0,0,0.0,0.0
2023-12-25 12:00:00+09:00,2353.0,2369.5,2347.5,2355.0,133000,0.0,0.0
2023-12-25 13:00:00+09:00,2355.5,2357.5,2350.0,2353.0,18300,0.0,0.0
2023-12-25 14:00:00+09:00,2354.0,2364.0,2353.5,2362.5,35100,0.0,0.0
2023-12-26 09:00:00+09:00,2353.0,2365.0,2342.5,2343.5,41100,0.0,0.0
2023-12-26 10:00:00+09:00,2342.5,2351.0,2337.0,2348.0,28800,0.0,0.0
2023-12-26 11:00:00+09:00,2348.0,2362.5,2348.0,2356.5,0,0.0,0.0
2023-12-26 12:00:00+09:00,2355.0,2362.5,2341.0,2342.0,108800,0.0,0.0
2023-12-26 13:00:00+09:00,2342.5,2347.5,2335.0,2339.5,26900,0.0,0.0
2023-12-26 14:00:00+09:00,2338.5,2342.5,2320.0,2332.5,55400,0.0,0.0
2023-12-27 09:00:00+09:00,2350.5,2368.0,2347.0,2362.0,42700,0.0,0.0
2023-12-27 10:00:00+09:00,2363.0,2374.0,2361.5,2367.0,24300,0.0,0.0
2023-12-27 11:00:00+09:00,2367.0,2372.0,2364.0,2368.0,0,0.0,0.0
2023-12-27 12:00:00+09:00,2367.5,2369.0,2350.0,2354.0,104400,0.0,0.0
2023-12-27 13:00:00+09:00,2353.0,2365.0,2345.5,2352.0,74100,0.0,0.0
2023-12-27 14:00:00+09:00,2352.5,2358.5,2348.0,2357.0,42500,0.0,0.0
2023-12-28 09:00:00+09:00,2362.0,2378.5,2360.5,2376.0,20200,0.0,0.0
2023-12-28 10:00:00+09:00,2376.0,2379.5,2359.5,2365.5,21500,0.0,0.0
2023-12-28 11:00:00+09:00,2364.0,2365.0,2357.5,2364.5,0,0.0,0.0
2023-12-28 12:00:00+09:00,2369.5,2371.5,2362.5,2370.0,62200,0.0,0.0
2023-12-28 13:00:00+09:00,2370.0,2371.0,2365.5,2371.0,14200,0.0,0.0
2023-12-28 14:00:00+09:00,2371.5,2374.0,2363.5,2367.0,24300,0.0,0.0
2023-12-29 09:00:00+09:00,2377.5,2382.0,2365.5,2365.5,23300,0.0,0.0
2023-12-29 10:00:00+09:00,2365.5,2365.5,2343.0,2353.5,32300,0.0,0.0
2023-12-29 11:00:00+09:00,2354.0,2358.0,2350.0,2350.0,0,0.0,0.0
2023-12-29 12:00:00+09:00,2347.0,2352.5,2340.0,2345.5,86800,0.0,0.0
2023-12-29 13:00:00+09:00,2346.0,2349.5,2334.0,2335.5,26500,0.0,0.0
2023-12-29 14:00:00+09:00,2335.5,2346.0,2326.5,2346.0,39800,0.0,0.0
2024-01-04 09:00:00+09:00,2304.0,2314.5,2274.5,2314.5,62100,0.0,0.0
2024-01-04 10:00:00+09:00,2315.0,2318.5,2312.0,2315.0,16300,0.0,0.0
2024-01-04 11:00:00+09:00,2315.5,2317.0,2304.0,2307.0,0,0.0,0.0
2024-01-04 12:00:00+09:00,2317.5,2319.0,2309.0,2316.5,102600,0.0,0.0
2024-01-04 13:00:00+09:00,2316.0,2318.5,2311.0,2315.5,15200,0.0,0.0
2024-01-04 14:00:00+09:00,2316.5,2327.5,2316.5,2325.0,21300,0.0,0.0
2024-01-05 09:00:00+09:00,2327.5,2330.0,2296.0,2302.5,54400,0.0,0.0
2024-01-05 10:00:00+09:00,2302.0,2303.5,2291.5,2296.0,31500,0.0,0.0
2024-01-05 11:00:00+09:00,2294.0,2295.5,2288.5,2291.0,0,0.0,0.0
2024-01-05 12:00:00+09:00,2292.5,2299.5,2291.5,2295.5,115300,0.0,0.0
2024-01-05 13:00:00+09:00,2293.5,2294.5,2280.0,2282.0,38200,0.0,0.0
2024-01-05 14:00:00+09:00,2282.0,2290.0,2277.5,2277.5,48700,0.0,0.0
2024-01-09 09:00:00+09:00,2300.0,2382.0,2292.5,2374.5,89600,0.0,0.0
2024-01-09 10:00:00+09:00,2374.5,2383.0,2366.5,2368.0,43400,0.0,0.0
2024-01-09 11:00:00+09:00,2368.0,2383.0,2368.0,2383.0,0,0.0,0.0
2024-01-09 12:00:00+09:00,2382.0,2382.0,2371.5,2373.5,181200,0.0,0.0
2024-01-09 13:00:00+09:00,2374.0,2381.0,2349.0,2366.5,46700,0.0,0.0
2024-01-09 14:00:00+09:00,2366.5,2375.0,2364.5,2367.5,59200,0.0,0.0
2024-01-10 09:00:00+09:00,2385.0,2419.5,2370.5,2413.0,65300,0.0,0.0
2024-01-10 10:00:00+09:00,2414.0,2419.5,2405.5,2411.0,30300,0.0,0.0
2024-01-10 11:00:00+09:00,2412.0,2427.0,2409.5,2425.5,0,0.0,0.0
2024-01-10 12:00:00+09:00,2424.0,2429.5,2420.0,2425.5,165800,0.0,0.0
2024-01-10 13:00:00+09:00,2423.0,2439.0,2423.0,2432.0,40000,0.0,0.0
2024-01-10 14:00:00+09:00,2430.5,2446.0,2429.0,2443.0,96900,0.0,0.0
2024-01-11 09:00:00+09:00,2434.5,2434.5,2383.0,2384.5,57800,0.0,0.0
2024-01-11 10:00:00+09:00,2384.5,2401.5,2379.0,2401.0,21100,0.0,0.0
2024-01-11 11:00:00+09:00,2400.5,2402.5,2392.0,2392.0,0,0.0,0.0
2024-01-11 12:00:00+09:00,2393.5,2394.5,2382.0,2382.0,122500,0.0,0.0
2024-01-11 13:00:00+09:00,2382.0,2391.0,2371.0,2386.5,33400,0.0,0.0
2024-01-11 14:00:00+09:00,2388.5,2398.5,2387.5,2393.0,44100,0.0,0.0
2024-01-12 09:00:00+09:00,2409.0,2413.0,2389.0,2391.0,0,0.0,0.0
2024-01-12 10:00:00+09:00,2390.0,2411.5,2388.0,2394.5,20100,0.0,0.0
2024-01-12 11:00:00+09:00,2394.0,2397.0,2387.0,2389.0,0,0.0,0.0
2024-01-12 12:00:00+09:00,2388.0,2400.0,2388.0,2394.0,77300,0.0,0.0
2024-01-12 13:00:00+09:00,2393.5,2399.0,2392.0,2398.0,14400,0.0,0.0
2024-01-12 14:00:00+09:00,2399.0,2404.0,2387.5,2387.5,34100,0.0,0.0
2024-01-15 09:00:00+09:00,2385.0,2385.0,2351.0,2356.5,62000,0.0,0.0
2024-01-15 10:00:00+09:00,2356.5,2383.0,2351.0,2381.5,32200,0.0,0.0
2024-01-15 11:00:00+09:00,2381.0,2384.5,2374.5,2380.5,0,0.0,0.0
2024-01-15 12:00:00+09:00,2384.0,2388.0,2380.5,2385.5,128000,0.0,0.0
2024-01-15 13:00:00+09:00,2384.0,2388.5,2376.0,2384.0,36300,0.0,0.0
2024-01-15 14:00:00+09:00,2384.0,2385.0,2372.0,2380.0,47500,0.0,0.0
2024-01-16 09:00:00+09:00,2378.0,2423.5,2362.0,2400.0,78400,0.0,0.0
2024-01-16 10:00:00+09:00,2400.0,2412.0,2388.0,2405.5,34100,0.0,0.0
2024-01-16 11:00:00+09:00,2406.0,2408.5,2401.0,2403.5,0,0.0,0.0
2024-01-16 12:00:00+09:00,2402.0,2407.5,2395.0,2398.0,151000,0.0,0.0
2024-01-16 13:00:00+09:00,2397.5,2413.0,2397.5,2404.0,49300,0.0,0.0
2024-01-16 14:00:00+09:00,2403.5,2413.0,2393.5,2403.0,71300,0.0,0.0
2024-01-17 09:00:00+09:00,2425.0,2437.0,2391.0,2397.0,76200,0.0,0.0
2024-01-17 10:00:00+09:00,2395.0,2402.5,2352.0,2362.5,83900,0.0,0.0
2024-01-17 11:00:00+09:00,2361.5,2368.5,2345.0,2347.0,0,0.0,0.0
2024-01-17 12:00:00+09:00,2347.0,2350.0,2326.0,2330.5,199300,0.0,0.0
2024-01-17 13:00:00+09:00,2332.0,2336.5,2323.5,2336.5,24500,0.0,0.0
2024-01-17 14:00:00+09:00,2336.5,2337.0,2302.5,2302.5,80500,0.0,0.0
2024-01-18 09:00:00+09:00,2306.0,2325.5,2237.5,2263.0,152100,0.0,0.0
2024-01-18 10:00:00+09:00,2265.0,2266.0,2234.5,2243.5,40400,0.0,0.0
2024-01-18 11:00:00+09:00,2244.5,2247.5,2236.0,2237.5,0,0.0,0.0
2024-01-18 12:00:00+09:00,2243.0,2249.0,2238.5,2245.0,236900,0.0,0.0
2024-01-18 13:00:00+09:00,2245.5,2245.5,2227.0,2231.0,44800,0.0,0.0
2024-01-18 14:00:00+09:00,2233.0,2237.0,2214.5,2216.5,109000,0.0,0.0
2024-01-19 09:00:00+09:00,2250.0,2281.5,2239.0,2256.5,58200,0.0,0.0
2024-01-19 10:00:00+09:00,2256.5,2276.0,2255.5,2273.5,33100,0.0,0.0
2024-01-19 11:00:00+09:00,2274.0,2286.5,2274.0,2276.5,0,0.0,0.0
2024-01-19 12:00:00+09:00,2277.0,2282.5,2266.0,2269.5,144100,0.0,0.0
2024-01-19 13:00:00+09:00,2269.5,2272.0,2258.5,2270.0,36800,0.0,0.0
2024-01-19 14:00:00+09:00,2270.5,2282.5,2266.0,2268.5,61100,0.0,0.0
2024-01-22 09:00:00+09:00,2276.0,2317.5,2268.0,2305.5,0,0.0,0.0
2024-01-22 10:00:00+09:00,2307.0,2307.0,2290.0,2292.0,23600,0.0,0.0
2024-01-22 11:00:00+09:00,2291.5,2297.5,2291.0,2294.0,0,0.0,0.0
2024-01-22 12:00:00+09:00,2298.0,2305.0,2294.0,2294.0,113300,0.0,0.0
2024-01-22 13:00:00+09:00,2295.5,2298.5,2292.5,2298.5,20700,0.0,0.0
2024-01-22 14:00:00+09:00,2298.0,2298.0,2290.5,2291.5,38400,0.0,0.0
2024-01-23 09:00:00+09:00,2310.0,2342.0,2308.5,2331.0,47700,0.0,0.0
2024-01-23 10:00:00+09:00,2330.5,2331.5,2310.5,2324.5,20500,0.0,0.0
2024-01-23 11:00:00+09:00,2326.5,2326.5,2318.5,2319.5,0,0.0,0.0
2024-01-23 12:00:00+09:00,2321.5,2322.0,2290.0,2292.0,97000,0.0,0.0
2024-01-23 13:00:00+09:00,2292.5,2307.0,2292.5,2302.5,14500,0.0,0.0
2024-01-23 14:00:00+09:00,2301.0,2308.5,2297.0,2303.5,39300,0.0,0.0
2024-01-24 09:00:00+09:00,2290.0,2296.0,2258.0,2269.0,34200,0.0,0.0
2024-01-24 10:00:00+09:00,2270.0,2280.0,2265.5,2273.0,17000,0.0,0.0
2024-01-24 11:00:00+09:00,2274.0,2304.0,2273.0,2297.5,0,0.0,0.0
2024-01-24 12:00:00+09:00,2297.5,2298.0,2284.0,2290.0,100500,0.0,0.0
2024-01-24 13:00:00+09:00,2289.0,2294.0,2285.0,2293.5,21300,0.0,0.0
2024-01-24 14:00:00+09:00,2291.5,2292.5,2277.0,2277.0,38000,0.0,0.0
2024-01-25 09:00:00+09:00,2250.0,2264.0,2236.0,2242.5,51400,0.0,0.0
2024-01-25 10:00:00+09:00,2245.0,2253.0,2232.0,2237.0,33100,0.0,0.0
2024-01-25 11:00:00+09:00,2237.0,2245.5,2226.5,2241.0,0,0.0,0.0
2024-01-25 12:00:00+09:00,2248.0,2256.0,2246.5,2251.0,153600,0.0,0.0
2024-01-25 13:00:00+09:00,2251.5,2253.0,2236.0,2240.0,32900,0.0,0.0
2024-01-25 14:00:00+09:00,2240.5,2261.5,2238.5,2259.5,55800,0.0,0.0
2024-01-26 09:00:00+09:00,2211.0,2230.0,2200.5,2214.0,0,0.0,0.0
2024-01-26 10:00:00+09:00,2213.0,2228.5,2211.5,2227.0,100700,0.0,0.0
2024-01-26 11:00:00+09:00,2227.5,2235.0,2227.5,2231.5,0,0.0,0.0
2024-01-26 12:00:00+09:00,2226.5,2229.5,2217.5,2217.5,136000,0.0,0.0
2024-01-26 13:00:00+09:00,2219.0,2219.5,2207.0,2208.5,24200,0.0,0.0
2024-01-26 14:00:00+09:00,2209.0,2225.0,2209.0,2215.0,43400,0.0,0.0
2024-01-29 09:00:00+09:00,2221.0,2221.0,2172.5,2186.5,53200,0.0,0.0
2024-01-29 10:00:00+09:00,2185.0,2187.0,2154.5,2166.0,81900,0.0,0.0
2024-01-29 11:00:00+09:00,2164.5,2165.5,2155.0,2160.0,0,0.0,0.0
2024-01-29 12:00:00+09:00,2160.0,2205.0,2160.0,2197.0,229000,0.0,0.0
2024-01-29 13:00:00+09:00,2198.0,2202.0,2193.0,2194.5,32500,0.0,0.0
2024-01-29 14:00:00+09:00,2197.5,2198.5,2175.5,2185.0,65700,0.0,0.0
2024-01-30 09:00:00+09:00,2206.0,2212.5,2186.0,2194.0,37200,0.0,0.0
2024-01-30 10:00:00+09:00,2194.0,2197.5,2190.0,2193.0,28400,0.0,0.0
2024-01-30 11:00:00+09:00,2193.0,2194.5,2191.0,2192.5,0,0.0,0.0
2024-01-30 12:00:00+09:00,2202.0,2214.0,2196.5,2202.5,99200,0.0,0.0
2024-01-30 13:00:00+09:00,2202.5,2208.5,2201.0,2204.0,15800,0.0,0.0
2024-01-30 14:00:00+09:00,2204.5,2208.0,2194.0,2196.0,30800,0.0,0.0
2024-01-31 09:00:00+09:00,2170.5,2173.0,2144.5,2144.5,57500,0.0,0.0
2024-01-31 10:00:00+09:00,2144.5,2148.0,2137.5,2143.0,28400,0.0,0.0
2024-01-31 11:00:00+09:00,2143.5,2144.5,2135.0,2135.0,0,0.0,0.0
2024-01-31 12:00:00+09:00,2135.0,2146.5,2133.0,2138.0,117200,0.0,0.0
2024-01-31 13:00:00+09:00,2137.5,2149.5,2136.5,2147.0,29100,0.0,0.0
2024-01-31 14:00:00+09:00,2147.5,2153.5,2139.5,2153.5,55200,0.0,0.0
2024-02-01 09:00:00+09:00,2129.0,2131.5,2112.5,2119.0,71100,0.0,0.0
2024-02-01 10:00:00+09:00,2119.0,2130.0,2118.0,2124.0,21800,0.0,0.0
2024-02-01 11:00:00+09:00,2124.5,2129.0,2119.5,2129.0,0,0.0,0.0
2024-02-01 12:00:00+09:00,2119.5,2129.0,2119.0,2127.5,131000,0.0,0.0
2024-02-01 13:00:00+09:00,2126.5,2127.0,2118.0,2121.0,20900,0.0,0.0
2024-02-01 14:00:00+09:00,2119.5,2123.0,2113.0,2113.0,51400,0.0,0.0
2024-02-02 09:00:00+09:00,2121.5,2175.5,2121.0,2175.5,69600,0.0,0.0
2024-02-02 10:00:00+09:00,2175.0,2182.5,2160.0,2164.0,45900,0.0,0.0
2024-02-02 11:00:00+09:00,2164.0,2165.0,2152.0,2152.5,0,0.0,0.0
2024-02-02 12:00:00+09:00,2146.5,2150.5,2139.0,2141.0,168100,0.0,0.0
2024-02-02 13:00:00+09:00,2140.5,2141.0,2132.0,2140.5,37400,0.0,0.0
2024-02-02 14:00:00+09:00,2140.0,2145.5,2133.5,2135.5,67200,0.0,0.0
2024-02-05 09:00:00+09:00,2135.0,2155.5,2121.0,2153.0,60900,0.0,0.0
2024-02-05 10:00:00+09:00,2152.5,2158.5,2141.5,2143.5,28200,0.0,0.0
2024-02-05 11:00:00+09:00,2144.0,2150.0,2142.5,2146.5,0,0.0,0.0
2024-02-05 12:00:00+09:00,2153.5,2164.5,2145.5,2161.5,120800,0.0,0.0
2024-02-05 13:00:00+09:00,2162.0,2163.0,2146.5,2151.0,22400,0.0,0.0
2024-02-05 14:00:00+09:00,2150.0,2159.0,2149.0,2152.0,40800,0.0,0.0
2024-02-06 09:00:00+09:00,2147.0,2151.5,2109.0,2118.5,0,0.0,0.0
2024-02-06 10:00:00+09:00,2117.5,2138.5,2117.5,2137.0,89900,0.0,0.0
2024-02-06 11:00:00+09:00,2137.0,2145.5,2137.0,2142.0,0,0.0,0.0
2024-02-06 12:00:00+09:00,2137.5,2144.0,2133.5,2141.0,123700,0.0,0.0
2024-02-06 13:00:00+09:00,2141.5,2142.5,2132.5,2138.5,14700,0.0,0.0
2024-02-06 14:00:00+09:00,2138.5,2140.0,2132.0,2133.5,32200,0.0,0.0
2024-02-07 09:00:00+09:00,2135.0,2153.0,2110.5,2130.5,49700,0.0,0.0
2024-02-07 10:00:00+09:00,2128.5,2130.5,2120.0,2124.5,25000,0.0,0.0
2024-02-07 11:00:00+09:00,2124.5,2131.5,2123.5,2128.5,0,0.0,0.0
2024-02-07 12:00:00+09:00,2125.0,2128.0,2115.5,2123.0,108500,0.0,0.0
2024-02-07 13:00:00+09:00,2124.0,2138.5,2124.0,2135.0,29900,0.0,0.0
2024-02-07 14:00:00+09:00,2134.5,2140.0,2128.0,2130.0,45200,0.0,0.0
2024-02-08 09:00:00+09:00,2143.5,2143.5,2106.0,2108.0,59800,0.0,0.0
2024-02-08 10:00:00+09:00,2107.5,2114.0,2096.5,2107.5,29900,0.0,0.0
2024-02-08 11:00:00+09:00,2106.5,2119.5,2106.5,2119.5,0,0.0,0.0
2024-02-08 12:00:00+09:00,2119.0,2133.0,2114.0,2132.5,131300,0.0,0.0
2024-02-08 13:00:00+09:00,2133.0,2138.0,2128.0,2135.0,36700,0.0,0.0
2024-02-08 14:00:00+09:00,2135.0,2136.5,2121.0,2121.5,58200,0.0,0.0
2024-02-09 09:00:00+09:00,2108.0,2162.5,2104.5,2154.5,52100,0.0,0.0
2024-02-09 10:00:00+09:00,2156.0,2159.0,2136.5,2137.5,30400,0.0,0.0
2024-02-09 11:00:00+09:00,2135.5,2142.0,2133.5,2139.0,0,0.0,0.0
2024-02-09 12:00:00+09:00,2141.5,2143.0,2130.0,2131.5,103300,0.0,0.0
2024-02-09 13:00:00+09:00,2132.0,2134.5,2126.5,2129.0,14600,0.0,0.0
2024-02-09 14:00:00+09:00,2129.5,2153.0,2129.5,2147.5,51600,0.0,0.0
2024-02-13 09:00:00+09:00,2160.0,2178.0,2144.5,2162.0,103100,0.0,0.0
2024-02-13 10:00:00+09:00,2161.0,2180.0,2161.0,2178.0,51400,0.0,0.0
2024-02-13 11:00:00+09:00,2178.5,2189.5,2175.5,2183.5,0,0.0,0.0
2024-02-13 12:00:00+09:00,2170.0,2187.0,2150.0,2187.0,226000,0.0,0.0
2024-02-13 13:00:00+09:00,2186.5,2187.5,2150.0,2160.5,74500,0.0,0.0
2024-02-13 14:00:00+09:00,2159.0,2159.0,1934.0,1945.0,1138900,0.0,0.0
2024-02-14 09:00:00+09:00,1915.0,1925.0,1830.0,1845.5,474500,0.0,0.0
2024-02-14 10:00:00+09:00,1845.5,1849.5,1797.0,1807.0,268300,0.0,0.0
2024-02-14 11:00:00+09:00,1806.5,1808.0,1775.5,1777.5,0,0.0,0.0
2024-02-14 12:00:00+09:00,1771.0,1802.5,1755.0,1800.0,1078700,0.0,0.0
2024-02-14 13:00:00+09:00,1799.0,1801.5,1770.0,1771.5,159500,0.0,0.0
2024-02-14 14:00:00+09:00,1771.5,1782.0,1748.0,1750.0,431200,0.0,0.0
2024-02-15 09:00:00+09:00,1755.0,1776.5,1690.0,1699.0,408100,0.0,0.0
2024-02-15 10:00:00+09:00,1699.0,1715.0,1682.0,1682.5,177000,0.0,0.0
2024-02-15 11:00:00+09:00,1678.0,1678.0,1657.0,1657.0,0,0.0,0.0
2024-02-15 12:00:00+09:00,1656.0,1681.5,1650.0,1679.0,942800,0.0,0.0
2024-02-15 13:00:00+09:00,1679.0,1683.0,1660.0,1660.0,149800,0.0,0.0
2024-02-15 14:00:00+09:00,1660.0,1660.0,1645.0,1649.5,339200,0.0,0.0
2024-02-16 09:00:00+09:00,1644.5,1651.5,1567.0,1591.0,702800,0.0,0.0
2024-02-16 10:00:00+09:00,1590.5,1592.0,1553.0,1554.0,487500,0.0,0.0
2024-02-16 11:00:00+09:00,1554.0,1563.5,1553.0,1558.0,0,0.0,0.0
2024-02-16 12:00:00+09:00,1560.5,1574.0,1554.5,1572.5,1639400,0.0,0.0
2024-02-16 13:00:00+09:00,1571.0,1575.5,1560.5,1571.5,240200,0.0,0.0
2024-02-16 14:00:00+09:00,1571.0,1597.0,1570.5,1587.5,550700,0.0,0.0
2024-02-19 09:00:00+09:00,1610.0,1705.0,1596.5,1704.5,0,0.0,0.0
2024-02-19 10:00:00+09:00,1706.0,1708.0,1687.0,1699.0,610600,0.0,0.0
2024-02-19 11:00:00+09:00,1698.5,1702.5,1692.0,1697.0,0,0.0,0.0
2024-02-19 12:00:00+09:00,1705.0,1716.0,1692.5,1703.0,769900,0.0,0.0
2024-02-19 13:00:00+09:00,1702.5,1712.5,1701.5,1710.5,86700,0.0,0.0
2024-02-19 14:00:00+09:00,1711.0,1714.5,1701.0,1714.5,144500,0.0,0.0
2024-02-20 09:00:00+09:00,1754.0,1772.0,1724.0,1747.0,272500,0.0,0.0
2024-02-20 10:00:00+09:00,1748.0,1750.0,1729.0,1732.0,69100,0.0,0.0
2024-02-20 11:00:00+09:00,1733.5,1737.5,1728.5,1732.5,0,0.0,0.0
2024-02-20 12:00:00+09:00,1734.5,1740.5,1728.5,1739.5,411600,0.0,0.0
2024-02-20 13:00:00+09:00,1739.0,1745.5,1735.0,1742.0,52200,0.0,0.0
2024-02-20 14:00:00+09:00,1743.0,1755.0,1743.0,1748.0,96900,0.0,0.0
2024-02-21 09:00:00+09:00,1750.0,1750.5,1697.5,1701.5,218500,0.0,0.0
2024-02-21 10:00:00+09:00,1701.5,1709.5,1676.5,1679.0,221900,0.0,0.0
2024-02-21 11:00:00+09:00,1679.0,1682.5,1677.5,1678.0,0,0.0,0.0
2024-02-21 12:00:00+09:00,1680.0,1695.0,1680.0,1691.0,578300,0.0,0.0
2024-02-21 13:00:00+09:00,1692.0,1696.5,1689.0,1690.0,84900,0.0,0.0
2024-02-21 14:00:00+09:00,1689.5,1700.0,1687.0,1698.0,148300,0.0,0.0
2024-02-22 09:00:00+09:00,1709.0,1728.5,1689.5,1704.0,93000,0.0,0.0
2024-02-22 10:00:00+09:00,1708.0,1710.0,1703.5,1706.5,28200,0.0,0.0
2024-02-22 11:00:00+09:00,1705.5,1710.5,1703.0,1704.0,0,0.0,0.0
2024-02-22 12:00:00+09:00,1707.0,1711.0,1696.0,1697.0,178000,0.0,0.0
2024-02-22 13:00:00+09:00,1695.5,1697.0,1688.0,1689.0,49600,0.0,0.0
2024-02-22 14:00:00+09:00,1689.0,1702.0,1687.5,1698.0,68300,0.0,0.0
2024-02-26 09:00:00+09:00,1792.0,1834.5,1765.0,1790.0,425400,0.0,0.0
2024-02-26 10:00:00+09:00,1792.5,1799.0,1772.5,1774.0,94200,0.0,0.0
2024-02-26 11:00:00+09:00,1775.5,1785.0,1773.0,1778.5,0,0.0,0.0
2024-02-26 12:00:00+09:00,1777.5,1789.5,1765.0,1789.0,633100,0.0,0.0
2024-02-26 13:00:00+09:00,1789.0,1790.0,1773.0,1777.5,87100,0.0,0.0
2024-02-26 14:00:00+09:00,1778.0,1779.5,1767.0,1774.0,87400,0.0,0.0
2024-02-27 09:00:00+09:00,1753.0,1778.0,1737.0,1750.5,153300,0.0,0.0
2024-02-27 10:00:00+09:00,1751.5,1776.0,1750.5,1775.0,42300,0.0,0.0
2024-02-27 11:00:00+09:00,1776.0,1791.0,1771.0,1777.5,0,0.0,0.0
2024-02-27 12:00:00+09:00,1775.5,1781.0,1770.5,1778.5,305500,0.0,0.0
2024-02-27 13:00:00+09:00,1779.0,1786.5,1778.5,1780.0,47800,0.0,0.0
2024-02-27 14:00:00+09:00,1780.5,1788.0,1765.0,1765.0,106600,0.0,0.0
2024-02-28 09:00:00+09:00,1797.5,1818.5,1791.5,1800.0,149800,0.0,0.0
2024-02-28 10:00:00+09:00,1798.5,1828.0,1798.5,1826.0,88500,0.0,0.0
2024-02-28 11:00:00+09:00,1825.0,1836.5,1825.0,1836.5,0,0.0,0.0
2024-02-28 12:00:00+09:00,1830.5,1834.5,1824.5,1828.0,326800,0.0,0.0
2024-02-28 13:00:00+09:00,1828.5,1831.5,1807.5,1812.0,73500,0.0,0.0
2024-02-28 14:00:00+09:00,1812.0,1821.5,1802.0,1816.5,111500,0.0,0.0
2024-02-29 09:00:00+09:00,1789.0,1813.5,1772.5,1784.0,115400,0.0,0.0
2024-02-29 10:00:00+09:00,1783.5,1784.0,1768.5,1773.0,66100,0.0,0.0
2024-02-29 11:00:00+09:00,1773.0,1776.5,1766.0,1767.0,0,0.0,0.0
2024-02-29 12:00:00+09:00,1766.0,1786.0,1764.0,1786.0,253500,0.0,0.0
2024-02-29 13:00:00+09:00,1785.5,1787.5,1782.0,1787.5,47100,0.0,0.0
2024-02-29 14:00:00+09:00,1787.5,1789.0,1773.5,1775.5,98000,0.0,0.0
2024-03-01 09:00:00+09:00,1774.0,1791.0,1766.0,1784.0,78600,0.0,0.0
2024-03-01 10:00:00+09:00,1784.0,1802.0,1780.0,1795.5,66500,0.0,0.0
2024-03-01 11:00:00+09:00,1795.5,1798.0,1787.0,1789.0,0,0.0,0.0
2024-03-01 12:00:00+09:00,1789.5,1790.0,1772.0,1774.5,190000,0.0,0.0
2024-03-01 13:00:00+09:00,1774.0,1777.5,1767.0,1772.5,34800,0.0,0.0
2024-03-01 14:00:00+09:00,1771.5,1785.5,1771.0,1777.5,64900,0.0,0.0
2024-03-04 09:00:00+09:00,1793.5,1803.0,1765.0,1795.5,127700,0.0,0.0
2024-03-04 10:00:00+09:00,1795.0,1802.0,1777.5,1778.0,37200,0.0,0.0
2024-03-04 11:00:00+09:00,1778.0,1779.5,1774.5,1776.0,0,0.0,0.0
2024-03-04 12:00:00+09:00,1772.5,1772.5,1760.0,1767.5,228500,0.0,0.0
2024-03-04 13:00:00+09:00,1769.0,1769.0,1761.5,1764.0,29000,0.0,0.0
2024-03-04 14:00:00+09:00,1764.5,1765.0,1742.0,1742.0,103200,0.0,0.0
2024-03-05 09:00:00+09:00,1725.5,1733.5,1696.5,1705.0,108300,0.0,0.0
2024-03-05 10:00:00+09:00,1705.5,1716.0,1701.5,1704.0,26500,0.0,0.0
2024-03-05 11:00:00+09:00,1704.0,1706.0,1701.0,1704.0,0,0.0,0.0
2024-03-05 12:00:00+09:00,1707.5,1714.0,1698.0,1714.0,223600,0.0,0.0
2024-03-05 13:00:00+09:00,1713.5,1713.5,1705.5,1711.0,34500,0.0,0.0
2024-03-05 14:00:00+09:00,1711.0,1712.5,1691.5,1692.0,132900,0.0,0.0
2024-03-06 09:00:00+09:00,1661.0,1677.5,1642.0,1659.0,274500,0.0,0.0
2024-03-06 10:00:00+09:00,1656.5,1658.5,1635.5,1645.0,233000,0.0,0.0
2024-03-06 11:00:00+09:00,1646.0,1653.0,1628.5,1651.0,0,0.0,0.0
2024-03-06 12:00:00+09:00,1650.5,1669.5,1650.5,1668.0,738900,0.0,0.0
2024-03-06 13:00:00+09:00,1668.0,1669.5,1659.0,1664.0,137900,0.0,0.0
2024-03-06 14:00:00+09:00,1664.5,1665.5,1640.5,1650.0,256900,0.0,0.0
2024-03-07 09:00:00+09:00,1654.0,1661.0,1627.0,1627.5,155000,0.0,0.0
2024-03-07 10:00:00+09:00,1627.5,1629.5,1619.5,1629.5,90400,0.0,0.0
2024-03-07 11:00:00+09:00,1629.0,1629.5,1620.0,1623.0,0,0.0,0.0
2024-03-07 12:00:00+09:00,1623.5,1627.5,1621.0,1627.5,332600,0.0,0.0
2024-03-07 13:00:00+09:00,1627.5,1637.0,1623.5,1632.0,46700,0.0,0.0
2024-03-07 14:00:00+09:00,1633.0,1639.5,1629.0,1634.0,98100,0.0,0.0
2024-03-08 09:00:00+09:00,1616.0,1648.0,1609.5,1624.5,196000,0.0,0.0
2024-03-08 10:00:00+09:00,1624.0,1626.0,1617.5,1624.0,47600,0.0,0.0
2024-03-08 11:00:00+09:00,1624.0,1625.0,1620.5,1622.5,0,0.0,0.0
2024-03-08 12:00:00+09:00,1622.0,1641.0,1621.5,1639.5,310300,0.0,0.0
2024-03-08 13:00:00+09:00,1639.5,1641.5,1626.0,1627.5,59500,0.0,0.0
2024-03-08 14:00:00+09:00,1627.5,1630.5,1612.0,1619.0,148900,0.0,0.0
2024-03-11 09:00:00+09:00,1625.5,1630.0,1597.0,1606.0,256100,0.0,0.0
2024-03-11 10:00:00+09:00,1606.0,1606.0,1598.0,1599.0,87300,0.0,0.0
2024-03-11 11:00:00+09:00,1599.0,1603.5,1599.0,1603.0,0,0.0,0.0
2024-03-11 12:00:00+09:00,1603.0,1605.5,1599.0,1602.5,440700,0.0,0.0
2024-03-11 13:00:00+09:00,1602.5,1607.0,1591.0,1594.5,102600,0.0,0.0
2024-03-11 14:00:00+09:00,1594.0,1595.0,1582.5,1595.0,162000,0.0,0.0
2024-03-12 09:00:00+09:00,1598.0,1606.0,1568.0,1600.5,158200,0.0,0.0
2024-03-12 10:00:00+09:00,1600.0,1618.5,1600.0,1614.0,62500,0.0,0.0
2024-03-12 11:00:00+09:00,1614.5,1617.0,1601.5,1604.5,0,0.0,0.0
2024-03-12 12:00:00+09:00,1609.0,1626.0,1604.5,1621.5,334600,0.0,0.0
2024-03-12 13:00:00+09:00,1621.5,1632.5,1621.0,1629.5,57400,0.0,0.0
2024-03-12 14:00:00+09:00,1629.0,1646.5,1629.0,1645.5,109600,0.0,0.0
2024-03-13 09:00:00+09:00,1640.5,1653.5,1633.0,1647.0,118800,0.0,0.0
2024-03-13 10:00:00+09:00,1646.5,1654.5,1643.0,1647.0,52900,0.0,0.0
2024-03-13 11:00:00+09:00,1647.0,1650.0,1626.0,1629.0,0,0.0,0.0
2024-03-13 12:00:00+09:00,1626.0,1628.0,1610.5,1614.0,295700,0.0,0.0
2024-03-13 13:00:00+09:00,1615.0,1626.0,1614.5,1621.5,39900,0.0,0.0
2024-03-13 14:00:00+09:00,1621.0,1630.5,1620.0,1630.0,67600,0.0,0.0
2024-03-14 09:00:00+09:00,1611.0,1653.5,1611.0,1650.5,144800,0.0,0.0
2024-03-14 10:00:00+09:00,1651.0,1663.5,1649.5,1659.0,81000,0.0,0.0
2024-03-14 11:00:00+09:00,1659.5,1663.0,1658.5,1659.5,0,0.0,0.0
2024-03-14 12:00:00+09:00,1661.0,1668.5,1660.0,1662.0,313700,0.0,0.0
2024-03-14 13:00:00+09:00,1662.0,1672.0,1659.0,1670.0,65500,0.0,0.0
2024-03-14 14:00:00+09:00,1670.0,1675.5,1667.5,1672.5,100700,0.0,0.0
2024-03-15 09:00:00+09:00,1658.5,1663.0,1636.5,1636.5,95300,0.0,0.0
2024-03-15 10:00:00+09:00,1638.0,1639.0,1630.5,1635.5,31800,0.0,0.0
2024-03-15 11:00:00+09:00,1635.0,1635.0,1627.0,1627.5,0,0.0,0.0
2024-03-15 12:00:00+09:00,1632.0,1641.0,1630.0,1639.0,191600,0.0,0.0
2024-03-15 13:00:00+09:00,1638.5,1640.0,1631.0,1632.5,25600,0.0,0.0
2024-03-15 14:00:00+09:00,1632.5,1641.5,1628.5,1640.0,59000,0.0,0.0
2024-03-18 09:00:00+09:00,1632.0,1640.0,1623.5,1631.0,150700,0.0,0.0
2024-03-18 10:00:00+09:00,1630.0,1636.5,1623.0,1632.5,75500,0.0,0.0
2024-03-18 11:00:00+09:00,1632.5,1634.5,1625.0,1625.0,0,0.0,0.0
2024-03-18 12:00:00+09:00,1625.0,1631.5,1625.0,1629.5,294100,0.0,0.0
2024-03-18 13:00:00+09:00,1629.5,1641.5,1629.5,1641.5,40200,0.0,0.0
2024-03-18 14:00:00+09:00,1641.0,1652.0,1640.5,1652.0,102000,0.0,0.0
2024-03-19 09:00:00+09:00,1637.5,1648.5,1621.0,1637.0,155400,0.0,0.0
2024-03-19 10:00:00+09:00,1638.0,1643.0,1631.0,1632.5,46800,0.0,0.0
2024-03-19 11:00:00+09:00,1633.0,1640.0,1628.5,1635.5,0,0.0,0.0
2024-03-19 12:00:00+09:00,1633.0,1649.0,1632.5,1648.0,304200,0.0,0.0
2024-03-19 13:00:00+09:00,1649.5,1650.5,1640.5,1643.5,40700,0.0,0.0
2024-03-19 14:00:00+09:00,1643.5,1645.0,1638.0,1643.0,72000,0.0,0.0
2024-03-21 09:00:00+09:00,1652.5,1663.0,1640.5,1659.5,214700,0.0,0.0
2024-03-21 10:00:00+09:00,1659.0,1668.5,1658.5,1662.0,66500,0.0,0.0
2024-03-21 11:00:00+09:00,1661.5,1663.5,1659.0,1659.0,0,0.0,0.0
2024-03-21 12:00:00+09:00,1656.0,1659.0,1635.0,1644.5,422100,0.0,0.0
2024-03-21 13:00:00+09:00,1644.0,1649.0,1641.5,1646.0,47200,0.0,0.0
2024-03-21 14:00:00+09:00,1646.0,1647.0,1640.0,1642.0,61200,0.0,0.0
2024-03-22 09:00:00+09:00,1640.0,1649.5,1622.5,1635.5,163700,0.0,0.0
2024-03-22 10:00:00+09:00,1636.0,1657.0,1633.5,1656.0,62600,0.0,0.0
2024-03-22 11:00:00+09:00,1655.5,1665.0,1650.0,1650.0,0,0.0,0.0
2024-03-22 12:00:00+09:00,1650.0,1653.0,1645.0,1653.0,336200,0.0,0.0
2024-03-22 13:00:00+09:00,1653.0,1660.0,1650.5,1654.5,50500,0.0,0.0
2024-03-22 14:00:00+09:00,1654.0,1657.5,1652.5,1654.0,63800,0.0,0.0
2024-03-25 09:00:00+09:00,1628.0,1629.0,1597.5,1609.0,512300,0.0,0.0
2024-03-25 10:00:00+09:00,1609.0,1612.0,1593.5,1597.0,243100,0.0,0.0
2024-03-25 11:00:00+09:00,1597.0,1597.0,1587.5,1591.5,0,0.0,0.0
2024-03-25 12:00:00+09:00,1592.5,1594.5,1585.5,1593.0,959500,0.0,0.0
2024-03-25 13:00:00+09:00,1593.5,1596.5,1591.0,1594.0,51900,0.0,0.0
2024-03-25 14:00:00+09:00,1594.5,1596.0,1586.0,1586.0,110300,0.0,0.0
2024-03-26 09:00:00+09:00,1567.0,1575.0,1555.0,1573.0,321700,0.0,0.0
2024-03-26 10:00:00+09:00,1572.5,1575.5,1565.5,1574.5,64100,0.0,0.0
2024-03-26 11:00:00+09:00,1574.5,1575.5,1567.0,1567.0,0,0.0,0.0
2024-03-26 12:00:00+09:00,1565.0,1571.0,1563.5,1569.0,528200,0.0,0.0
2024-03-26 13:00:00+09:00,1569.0,1575.0,1565.0,1565.5,83400,0.0,0.0
2024-03-26 14:00:00+09:00,1565.5,1567.0,1558.5,1561.5,162100,0.0,0.0
2024-03-27 09:00:00+09:00,1574.0,1587.0,1560.5,1581.5,358600,0.0,0.0
2024-03-27 10:00:00+09:00,1581.5,1581.5,1565.0,1565.0,106700,0.0,0.0
2024-03-27 11:00:00+09:00,1566.0,1566.5,1559.0,1559.0,0,0.0,0.0
2024-03-27 12:00:00+09:00,1559.0,1562.0,1553.0,1561.0,759400,0.0,0.0
2024-03-27 13:00:00+09:00,1561.5,1575.0,1561.5,1573.5,124700,0.0,0.0
2024-03-27 14:00:00+09:00,1573.5,1573.5,1564.0,1564.0,197200,0.0,0.0
2024-03-28 09:00:00+09:00,1549.0,1574.0,1541.5,1564.0,276400,0.0,0.0
2024-03-28 10:00:00+09:00,1563.5,1567.0,1556.5,1562.5,50000,0.0,0.0
2024-03-28 11:00:00+09:00,1564.5,1569.0,1561.5,1565.0,0,0.0,0.0
2024-03-28 12:00:00+09:00,1565.0,1566.0,1557.5,1560.0,423300,0.0,0.0
2024-03-28 13:00:00+09:00,1561.5,1567.0,1560.0,1560.5,43900,0.0,0.0
2024-03-28 14:00:00+09:00,1560.5,1562.0,1549.5,1551.0,114200,0.0,0.0
2024-03-29 09:00:00+09:00,1552.0,1564.0,1542.0,1554.5,122900,0.0,0.0
2024-03-29 10:00:00+09:00,1554.0,1565.5,1551.5,1559.0,55300,0.0,0.0
2024-03-29 11:00:00+09:00,1559.5,1566.0,1557.0,1562.5,0,0.0,0.0
2024-03-29 12:00:00+09:00,1562.0,1567.5,1558.5,1567.0,258900,0.0,0.0
2024-03-29 13:00:00+09:00,1567.5,1580.5,1567.5,1578.0,74300,0.0,0.0
2024-03-29 14:00:00+09:00,1578.0,1586.0,1576.0,1583.5,92500,0.0,0.0
2024-04-01 09:00:00+09:00,1583.5,1592.0,1554.5,1566.0,191600,0.0,0.0
2024-04-01 10:00:00+09:00,1566.5,1574.0,1561.0,1562.5,53400,0.0,0.0
2024-04-01 11:00:00+09:00,1563.0,1563.0,1556.5,1561.0,0,0.0,0.0
2024-04-01 12:00:00+09:00,1561.0,1573.5,1556.0,1573.5,311100,0.0,0.0
2024-04-01 13:00:00+09:00,1573.0,1573.0,1568.5,1572.5,48400,0.0,0.0
2024-04-01 14:00:00+09:00,1572.0,1572.0,1559.0,1564.5,63600,0.0,0.0
2024-04-02 09:00:00+09:00,1555.0,1555.5,1520.5,1526.5,229800,0.0,0.0
2024-04-02 10:00:00+09:00,1526.0,1527.0,1521.0,1521.5,130800,0.0,0.0
2024-04-02 11:00:00+09:00,1522.0,1524.5,1517.0,1521.0,0,0.0,0.0
2024-04-02 12:00:00+09:00,1528.5,1529.5,1519.0,1521.0,487800,0.0,0.0
2024-04-02 13:00:00+09:00,1520.5,1521.5,1515.5,1517.5,65800,0.0,0.0
2024-04-02 14:00:00+09:00,1517.0,1522.5,1517.0,1521.0,115200,0.0,0.0
2024-04-03 09:00:00+09:00,1514.0,1523.5,1500.5,1523.5,112000,0.0,0.0
2024-04-03 10:00:00+09:00,1524.0,1530.5,1516.5,1516.5,49600,0.0,0.0
2024-04-03 11:00:00+09:00,1516.0,1517.5,1512.5,1516.5,0,0.0,0.0
2024-04-03 12:00:00+09:00,1521.5,1535.0,1517.0,1534.0,223000,0.0,0.0
2024-04-03 13:00:00+09:00,1534.5,1535.0,1526.0,1530.0,28600,0.0,0.0
2024-04-03 14:00:00+09:00,1529.5,1530.5,1522.0,1522.5,64600,0.0,0.0
2024-04-04 09:00:00+09:00,1532.5,1534.0,1520.0,1524.0,48400,0.0,0.0
2024-04-04 10:00:00+09:00,1525.0,1545.0,1525.0,1536.0,28500,0.0,0.0
2024-04-04 11:00:00+09:00,1536.0,1539.0,1534.0,1537.0,0,0.0,0.0
2024-04-04 12:00:00+09:00,1535.5,1538.0,1529.5,1532.0,128000,0.0,0.0
2024-04-04 13:00:00+09:00,1532.5,1532.5,1524.0,1526.5,35400,0.0,0.0
2024-04-04 14:00:00+09:00,1525.5,1532.0,1524.5,1528.0,65500,0.0,0.0
2024-04-05 09:00:00+09:00,1521.0,1523.5,1513.0,1521.0,93600,0.0,0.0
2024-04-05 10:00:00+09:00,1521.5,1521.5,1508.0,1511.0,49200,0.0,0.0
2024-04-05 11:00:00+09:00,1511.5,1513.0,1504.5,1507.5,0,0.0,0.0
2024-04-05 12:00:00+09:00,1507.5,1531.5,1507.0,1529.0,205200,0.0,0.0
2024-04-05 13:00:00+09:00,1528.5,1529.0,1518.0,1518.0,33500,0.0,0.0
2024-04-05 14:00:00+09:00,1518.5,1521.0,1516.0,1519.0,71500,0.0,0.0
2024-04-08 09:00:00+09:00,1515.0,1528.0,1511.5,1524.0,97300,0.0,0.0
2024-04-08 10:00:00+09:00,1524.0,1532.0,1523.0,1530.5,39000,0.0,0.0
2024-04-08 11:00:00+09:00,1531.0,1531.5,1526.5,1526.5,0,0.0,0.0
2024-04-08 12:00:00+09:00,1525.5,1527.5,1518.0,1519.0,184500,0.0,0.0
2024-04-08 13:00:00+09:00,1519.0,1523.0,1517.0,1519.5,31700,0.0,0.0
2024-04-08 14:00:00+09:00,1519.0,1524.0,1517.5,1521.0,43900,0.0,0.0
2024-04-09 09:00:00+09:00,1519.5,1528.5,1512.0,1513.5,85300,0.0,0.0
2024-04-09 10:00:00+09:00,1513.5,1514.0,1508.0,1513.5,51100,0.0,0.0
2024-04-09 11:00:00+09:00,1514.0,1519.0,1513.0,1517.5,0,0.0,0.0
2024-04-09 12:00:00+09:00,1514.0,1516.0,1506.5,1513.0,206500,0.0,0.0
2024-04-09 13:00:00+09:00,1512.5,1518.5,1511.5,1517.5,43300,0.0,0.0
2024-04-09 14:00:00+09:00,1518.5,1523.0,1517.5,1519.5,78200,0.0,0.0
2024-04-10 09:00:00+09:00,1520.0,1531.5,1511.0,1513.0,86900,0.0,0.0
2024-04-10 10:00:00+09:00,1513.0,1515.5,1507.0,1508.0,38800,0.0,0.0
2024-04-10 11:00:00+09:00,1508.0,1510.0,1507.5,1509.0,0,0.0,0.0
2024-04-10 12:00:00+09:00,1509.0,1510.0,1497.0,1505.0,306500,0.0,0.0
2024-04-10 13:00:00+09:00,1505.0,1506.5,1500.0,1506.0,35400,0.0,0.0
2024-04-10 14:00:00+09:00,1505.5,1509.5,1503.5,1503.5,49400,0.0,0.0
2024-04-11 09:00:00+09:00,1488.0,1488.0,1465.5,1473.0,243000,0.0,0.0
2024-04-11 10:00:00+09:00,1473.0,1482.0,1468.5,1479.5,58800,0.0,0.0
2024-04-11 11:00:00+09:00,1479.0,1481.0,1478.0,1478.5,0,0.0,0.0
2024-04-11 12:00:00+09:00,1481.0,1487.5,1479.0,1487.0,375000,0.0,0.0
2024-04-11 13:00:00+09:00,1486.5,1489.0,1479.5,1480.5,41800,0.0,0.0
2024-04-11 14:00:00+09:00,1480.0,1484.0,1477.0,1479.5,67800,0.0,0.0
2024-04-12 09:00:00+09:00,1493.5,1506.5,1488.0,1498.5,96800,0.0,0.0
2024-04-12 10:00:00+09:00,1497.5,1497.5,1487.5,1488.5,34700,0.0,0.0
2024-04-12 11:00:00+09:00,1487.0,1491.5,1486.0,1486.5,0,0.0,0.0
2024-04-12 12:00:00+09:00,1487.0,1487.5,1480.5,1484.5,181800,0.0,0.0
2024-04-12 13:00:00+09:00,1484.5,1486.5,1482.5,1484.5,25100,0.0,0.0
2024-04-12 14:00:00+09:00,1484.5,1486.0,1482.5,1484.0,45800,0.0,0.0
2024-04-15 09:00:00+09:00,1470.0,1480.5,1457.5,1469.0,182800,0.0,0.0
2024-04-15 10:00:00+09:00,1469.0,1472.0,1463.0,1468.0,50700,0.0,0.0
2024-04-15 11:00:00+09:00,1467.5,1469.5,1465.0,1467.5,0,0.0,0.0
2024-04-15 12:00:00+09:00,1463.5,1470.0,1462.0,1465.5,294700,0.0,0.0
2024-04-15 13:00:00+09:00,1465.0,1465.5,1458.5,1459.5,43900,0.0,0.0
2024-04-15 14:00:00+09:00,1460.0,1461.0,1447.0,1454.0,136200,0.0,0.0
2024-04-16 09:00:00+09:00,1455.0,1464.5,1447.0,1460.0,90500,0.0,0.0
2024-04-16 10:00:00+09:00,1459.0,1472.0,1454.5,1470.0,55300,0.0,0.0
2024-04-16 11:00:00+09:00,1469.5,1470.5,1465.0,1466.5,0,0.0,0.0
2024-04-16 12:00:00+09:00,1465.5,1474.5,1461.0,1470.5,211700,0.0,0.0
2024-04-16 13:00:00+09:00,1470.0,1471.0,1461.0,1464.0,46600,0.0,0.0
2024-04-16 14:00:00+09:00,1465.0,1465.0,1457.5,1462.0,68600,0.0,0.0
2024-04-17 09:00:00+09:00,1459.5,1462.0,1434.0,1437.5,137600,0.0,0.0
2024-04-17 10:00:00+09:00,1434.5,1450.5,1434.5,1444.5,54400,0.0,0.0
2024-04-17 11:00:00+09:00,1444.5,1446.5,1441.0,1441.0,0,0.0,0.0
2024-04-17 12:00:00+09:00,1444.0,1444.5,1435.5,1438.5,254300,0.0,0.0
2024-04-17 13:00:00+09:00,1438.5,1438.5,1433.5,1436.0,37700,0.0,0.0
2024-04-17 14:00:00+09:00,1435.5,1435.5,1428.0,1431.0,101800,0.0,0.0
2024-04-18 09:00:00+09:00,1443.0,1492.0,1435.0,1492.0,172100,0.0,0.0
2024-04-18 10:00:00+09:00,1491.5,1493.5,1481.0,1487.5,53800,0.0,0.0
2024-04-18 11:00:00+09:00,1487.0,1489.0,1484.5,1485.0,0,0.0,0.0
2024-04-18 12:00:00+09:00,1489.0,1499.5,1488.5,1497.0,298300,0.0,0.0
2024-04-18 13:00:00+09:00,1497.5,1504.5,1496.0,1502.0,55700,0.0,0.0
2024-04-18 14:00:00+09:00,1502.0,1502.5,1486.0,1487.0,101100,0.0,0.0
2024-04-19 09:00:00+09:00,1458.5,1458.5,1436.5,1446.0,118000,0.0,0.0
2024-04-19 10:00:00+09:00,1447.5,1447.5,1433.0,1437.0,58200,0.0,0.0
2024-04-19 11:00:00+09:00,1437.5,1438.5,1433.5,1434.5,0,0.0,0.0
2024-04-19 12:00:00+09:00,1435.0,1451.0,1435.0,1449.5,274000,0.0,0.0
2024-04-19 13:00:00+09:00,1449.0,1460.5,1448.5,1457.0,48300,0.0,0.0
2024-04-19 14:00:00+09:00,1457.0,1462.0,1453.0,1460.5,93600,0.0,0.0
2024-04-22 09:00:00+09:00,1489.0,1496.0,1468.5,1495.5,114300,0.0,0.0
2024-04-22 10:00:00+09:00,1495.0,1502.5,1493.0,1495.5,89400,0.0,0.0
2024-04-22 11:00:00+09:00,1495.5,1499.0,1495.5,1498.5,0,0.0,0.0
2024-04-22 12:00:00+09:00,1498.0,1500.5,1493.0,1497.5,264100,0.0,0.0
2024-04-22 13:00:00+09:00,1497.0,1501.0,1497.0,1500.0,30300,0.0,0.0
2024-04-22 14:00:00+09:00,1500.0,1505.0,1494.0,1502.0,90100,0.0,0.0
2024-04-23 09:00:00+09:00,1498.0,1502.0,1486.0,1488.0,79000,0.0,0.0
2024-04-23 10:00:00+09:00,1489.0,1495.5,1480.5,1484.0,29800,0.0,0.0
2024-04-23 11:00:00+09:00,1483.5,1486.0,1479.5,1484.0,0,0.0,0.0
2024-04-23 12:00:00+09:00,1488.0,1491.0,1485.5,1487.5,151000,0.0,0.0
2024-04-23 13:00:00+09:00,1487.0,1489.0,1485.5,1485.5,26100,0.0,0.0
2024-04-23 14:00:00+09:00,1485.5,1488.0,1482.0,1488.0,43400,0.0,0.0
2024-04-24 09:00:00+09:00,1497.5,1522.5,1495.0,1518.0,139000,0.0,0.0
2024-04-24 10:00:00+09:00,1517.5,1517.5,1501.5,1505.0,29800,0.0,0.0
2024-04-24 11:00:00+09:00,1505.0,1513.5,1503.0,1511.5,0,0.0,0.0
2024-04-24 12:00:00+09:00,1510.0,1519.5,1509.5,1513.0,214300,0.0,0.0
2024-04-24 13:00:00+09:00,1513.5,1516.5,1508.0,1514.5,32300,0.0,0.0
2024-04-24 14:00:00+09:00,1514.0,1516.5,1510.0,1512.5,65400,0.0,0.0
2024-04-25 09:00:00+09:00,1500.0,1509.0,1489.5,1505.0,65500,0.0,0.0
2024-04-25 10:00:00+09:00,1506.0,1510.5,1497.5,1508.5,43500,0.0,0.0
2024-04-25 11:00:00+09:00,1508.0,1514.0,1507.5,1514.0,0,0.0,0.0
2024-04-25 12:00:00+09:00,1514.0,1526.0,1512.0,1523.0,188700,0.0,0.0
2024-04-25 13:00:00+09:00,1521.5,1525.0,1518.5,1523.0,69700,0.0,0.0
2024-04-25 14:00:00+09:00,1522.5,1524.0,1518.0,1519.5,60700,0.0,0.0
2024-04-26 09:00:00+09:00,1499.0,1516.5,1487.5,1495.5,137400,0.0,0.0
2024-04-26 10:00:00+09:00,1497.0,1499.5,1490.5,1492.0,21200,0.0,0.0
2024-04-26 11:00:00+09:00,1492.0,1498.0,1492.0,1496.0,0,0.0,0.0
2024-04-26 12:00:00+09:00,1500.0,1509.0,1498.0,1502.5,199900,0.0,0.0
2024-04-26 13:00:00+09:00,1502.0,1514.0,1501.5,1513.5,31000,0.0,0.0
2024-04-26 14:00:00+09:00,1514.0,1519.0,1513.0,1517.5,53600,0.0,0.0
2024-04-30 09:00:00+09:00,1530.0,1538.0,1502.5,1535.0,134000,0.0,0.0
2024-04-30 10:00:00+09:00,1535.0,1545.0,1531.5,1532.0,60000,0.0,0.0
2024-04-30 11:00:00+09:00,1532.5,1533.5,1529.0,1529.0,0,0.0,0.0
2024-04-30 12:00:00+09:00,1524.0,1531.5,1521.5,1523.0,223300,0.0,0.0
2024-04-30 13:00:00+09:00,1523.5,1531.0,1523.5,1530.0,39100,0.0,0.0
2024-04-30 14:00:00+09:00,1529.0,1533.0,1527.0,1529.0,54100,0.0,0.0
2024-05-01 09:00:00+09:00,1533.5,1536.0,1518.0,1529.0,40800,0.0,0.0
2024-05-01 10:00:00+09:00,1529.0,1536.0,1523.5,1526.0,30500,0.0,0.0
2024-05-01 11:00:00+09:00,1526.0,1528.0,1523.5,1526.5,0,0.0,0.0
2024-05-01 12:00:00+09:00,1529.0,1534.0,1527.0,1529.0,96100,0.0,0.0
2024-05-01 13:00:00+09:00,1528.5,1529.5,1524.0,1528.0,15800,0.0,0.0
2024-05-01 14:00:00+09:00,1527.5,1531.5,1526.0,1527.0,36100,0.0,0.0
2024-05-02 09:00:00+09:00,1535.0,1535.0,1512.5,1514.0,31200,0.0,0.0
2024-05-02 10:00:00+09:00,1513.5,1513.5,1501.5,1504.5,37600,0.0,0.0
2024-05-02 11:00:00+09:00,1504.5,1510.5,1504.5,1504.5,0,0.0,0.0
2024-05-02 12:00:00+09:00,1504.5,1510.0,1504.0,1505.0,97100,0.0,0.0
2024-05-02 13:00:00+09:00,1504.5,1508.0,1503.0,1504.0,14900,0.0,0.0
2024-05-02 14:00:00+09:00,1504.0,1504.5,1493.5,1493.5,86700,0.0,0.0
2024-05-07 09:00:00+09:00,1488.0,1510.0,1487.0,1500.5,96300,0.0,0.0
2024-05-07 10:00:00+09:00,1499.5,1514.0,1499.0,1511.0,53300,0.0,0.0
2024-05-07 11:00:00+09:00,1510.5,1511.0,1507.0,1509.5,0,0.0,0.0
2024-05-07 12:00:00+09:00,1510.0,1519.5,1507.0,1517.0,196800,0.0,0.0
2024-05-07 13:00:00+09:00,1517.0,1519.0,1514.5,1518.0,35800,0.0,0.0
2024-05-07 14:00:00+09:00,1517.0,1524.0,1514.5,1524.0,93300,0.0,0.0
2024-05-08 09:00:00+09:00,1524.5,1546.0,1521.5,1541.0,105300,0.0,0.0
2024-05-08 10:00:00+09:00,1540.5,1540.5,1528.0,1528.5,41200,0.0,0.0
2024-05-08 11:00:00+09:00,1528.5,1528.5,1518.0,1519.5,0,0.0,0.0
2024-05-08 12:00:00+09:00,1515.5,1524.0,1514.5,1523.5,184900,0.0,0.0
2024-05-08 13:00:00+09:00,1523.5,1525.0,1518.0,1520.0,42500,0.0,0.0
2024-05-08 14:00:00+09:00,1520.5,1524.0,1516.5,1521.0,52600,0.0,0.0
2024-05-09 09:00:00+09:00,1512.0,1524.0,1506.0,1506.0,22500,0.0,0.0
2024-05-09 10:00:00+09:00,1505.0,1515.5,1504.0,1512.5,24300,0.0,0.0
2024-05-09 11:00:00+09:00,1513.0,1515.5,1513.0,1515.5,0,0.0,0.0
2024-05-09 12:00:00+09:00,1515.5,1526.5,1513.0,1525.0,75900,0.0,0.0
2024-05-09 13:00:00+09:00,1525.5,1529.0,1522.0,1523.0,36800,0.0,0.0
2024-05-09 14:00:00+09:00,1523.0,1524.0,1518.0,1519.5,37500,0.0,0.0
2024-05-10 09:00:00+09:00,1533.5,1540.0,1520.0,1527.5,71400,0.0,0.0
2024-05-10 10:00:00+09:00,1527.5,1538.0,1525.5,1527.0,39900,0.0,0.0
2024-05-10 11:00:00+09:00,1527.0,1527.0,1523.5,1523.5,0,0.0,0.0
2024-05-10 12:00:00+09:00,1522.5,1526.0,1520.5,1522.0,134900,0.0,0.0
2024-05-10 13:00:00+09:00,1522.5,1528.0,1520.5,1526.0,26300,0.0,0.0
2024-05-10 14:00:00+09:00,1525.5,1534.5,1521.0,1523.0,100400,0.0,0.0
2024-05-13 09:00:00+09:00,1526.5,1533.0,1515.0,1532.5,68200,0.0,0.0
2024-05-13 10:00:00+09:00,1532.5,1539.5,1528.5,1535.0,53300,0.0,0.0
2024-05-13 11:00:00+09:00,1534.5,1539.5,1534.0,1537.5,0,0.0,0.0
2024-05-13 12:00:00+09:00,1539.5,1559.5,1537.5,1557.0,263400,0.0,0.0
2024-05-13 13:00:00+09:00,1558.0,1567.0,1553.5,1567.0,85700,0.0,0.0
2024-05-13 14:00:00+09:00,1567.0,1569.0,1550.5,1555.0,108300,0.0,0.0
2024-05-14 09:00:00+09:00,1565.0,1569.0,1548.5,1563.5,101200,0.0,0.0
2024-05-14 10:00:00+09:00,1563.5,1590.0,1558.5,1566.5,87700,0.0,0.0
2024-05-14 11:00:00+09:00,1567.0,1572.5,1563.0,1566.0,0,0.0,0.0
2024-05-14 12:00:00+09:00,1560.5,1567.5,1558.0,1566.0,236700,0.0,0.0
2024-05-14 13:00:00+09:00,1565.5,1576.0,1562.5,1576.0,62800,0.0,0.0
2024-05-14 14:00:00+09:00,1574.5,1576.0,1397.5,1419.0,910900,0.0,0.0
2024-05-15 09:00:00+09:00,1429.5,1444.5,1367.0,1381.5,577100,0.0,0.0
2024-05-15 10:00:00+09:00,1382.0,1403.5,1380.5,1402.0,170400,0.0,0.0
2024-05-15 11:00:00+09:00,1402.0,1410.5,1391.5,1391.5,0,0.0,0.0
2024-05-15 12:00:00+09:00,1390.0,1393.0,1374.0,1391.0,1009300,0.0,0.0
2024-05-15 13:00:00+09:00,1392.0,1394.0,1385.0,1389.0,93100,0.0,0.0
2024-05-15 14:00:00+09:00,1389.0,1391.0,1375.5,1378.0,175700,0.0,0.0
2024-05-16 09:00:00+09:00,1378.0,1404.0,1377.0,1382.0,162500,0.0,0.0
2024-05-16 10:00:00+09:00,1380.5,1399.0,1377.0,1393.0,56000,0.0,0.0
2024-05-16 11:00:00+09:00,1393.0,1411.5,1393.0,1409.0,0,0.0,0.0
2024-05-16 12:00:00+09:00,1410.5,1427.5,1410.5,1427.5,386800,0.0,0.0
2024-05-16 13:00:00+09:00,1428.0,1434.5,1416.5,1418.5,90400,0.0,0.0
2024-05-16 14:00:00+09:00,1418.5,1429.0,1417.5,1426.0,100500,0.0,0.0
2024-05-17 09:00:00+09:00,1425.0,1425.0,1390.0,1391.5,86500,0.0,0.0
2024-05-17 10:00:00+09:00,1392.0,1395.5,1385.5,1392.0,105400,0.0,0.0
2024-05-17 11:00:00+09:00,1392.0,1392.0,1383.0,1385.0,0,0.0,0.0
2024-05-17 12:00:00+09:00,1388.0,1390.5,1384.0,1386.0,279200,0.0,0.0
2024-05-17 13:00:00+09:00,1386.0,1387.5,1384.5,1385.0,47700,0.0,0.0
2024-05-17 14:00:00+09:00,1385.0,1389.0,1383.0,1388.0,103800,0.0,0.0
2024-05-20 09:00:00+09:00,1377.0,1388.0,1367.5,1384.0,91800,0.0,0.0
2024-05-20 10:00:00+09:00,1383.5,1388.0,1378.5,1386.5,45800,0.0,0.0
2024-05-20 11:00:00+09:00,1385.5,1385.5,1383.5,1385.0,0,0.0,0.0
2024-05-20 12:00:00+09:00,1384.5,1387.5,1378.0,1379.0,199000,0.0,0.0
2024-05-20 13:00:00+09:00,1379.5,1380.5,1370.0,1371.0,61800,0.0,0.0
2024-05-20 14:00:00+09:00,1370.5,1372.0,1364.0,1372.0,161400,0.0,0.0
2024-05-21 09:00:00+09:00,1364.0,1403.0,1360.0,1391.0,264100,0.0,0.0
2024-05-21 10:00:00+09:00,1392.0,1392.0,1375.5,1379.5,62500,0.0,0.0
2024-05-21 11:00:00+09:00,1379.5,1389.0,1377.5,1387.0,0,0.0,0.0
2024-05-21 12:00:00+09:00,1385.5,1393.5,1385.5,1387.5,391000,0.0,0.0
2024-05-21 13:00:00+09:00,1387.0,1387.0,1377.5,1377.5,36500,0.0,0.0
2024-05-21 14:00:00+09:00,1378.0,1378.0,1363.5,1365.5,139600,0.0,0.0
2024-05-22 09:00:00+09:00,1360.0,1360.0,1317.5,1318.0,248600,0.0,0.0
2024-05-22 10:00:00+09:00,1317.5,1329.0,1312.0,1312.5,88300,0.0,0.0
2024-05-22 11:00:00+09:00,1312.5,1314.0,1304.5,1306.0,0,0.0,0.0
2024-05-22 12:00:00+09:00,1308.0,1310.0,1304.5,1307.5,463200,0.0,0.0
2024-05-22 13:00:00+09:00,1306.5,1306.5,1301.0,1302.0,121900,0.0,0.0
2024-05-22 14:00:00+09:00,1302.0,1302.0,1290.0,1290.5,251800,0.0,0.0
2024-05-23 09:00:00+09:00,1354.5,1399.0,1354.0,1368.0,760200,0.0,0.0
2024-05-23 10:00:00+09:00,1368.5,1369.0,1349.5,1354.5,147600,0.0,0.0
2024-05-23 11:00:00+09:00,1354.5,1375.0,1354.5,1367.5,0,0.0,0.0
2024-05-23 12:00:00+09:00,1373.0,1374.5,1351.5,1352.5,1054000,0.0,0.0
2024-05-23 13:00:00+09:00,1353.0,1358.0,1346.5,1352.5,94100,0.0,0.0
2024-05-23 14:00:00+09:00,1352.5,1363.5,1352.0,1362.0,109700,0.0,0.0
2024-05-24 09:00:00+09:00,1375.0,1383.0,1352.0,1365.0,189400,0.0,0.0
2024-05-24 10:00:00+09:00,1364.0,1364.5,1343.0,1351.5,58100,0.0,0.0
2024-05-24 11:00:00+09:00,1351.5,1352.0,1347.5,1349.5,0,0.0,0.0
2024-05-24 12:00:00+09:00,1349.5,1355.0,1341.0,1350.0,322000,0.0,0.0
2024-05-24 13:00:00+09:00,1350.5,1355.5,1330.0,1338.5,0,0.0,0.0
2024-05-24 14:00:00+09:00,1338.5,1350.5,1338.5,1344.5,495800,0.0,0.0
2024-05-27 09:00:00+09:00,1345.0,1348.0,1317.5,1320.0,149700,0.0,0.0
2024-05-27 10:00:00+09:00,1319.5,1321.5,1308.5,1312.5,70900,0.0,0.0
2024-05-27 11:00:00+09:00,1311.5,1314.0,1310.0,1312.0,0,0.0,0.0
2024-05-27 12:00:00+09:00,1312.0,1315.0,1307.0,1315.0,288200,0.0,0.0
2024-05-27 13:00:00+09:00,1314.5,1317.5,1305.5,1311.5,69500,0.0,0.0
2024-05-27 14:00:00+09:00,1312.0,1329.5,1311.5,1328.5,64000,0.0,0.0
2024-05-28 09:00:00+09:00,1347.0,1351.0,1324.5,1336.0,75100,0.0,0.0
2024-05-28 10:00:00+09:00,1336.5,1340.5,1331.5,1340.5,19000,0.0,0.0
2024-05-28 11:00:00+09:00,1342.0,1342.0,1328.0,1328.0,0,0.0,0.0
2024-05-28 12:00:00+09:00,1330.5,1336.0,1328.5,1336.0,154700,0.0,0.0
2024-05-28 13:00:00+09:00,1335.0,1338.5,1334.0,1338.5,19100,0.0,0.0
2024-05-28 14:00:00+09:00,1338.5,1338.5,1328.5,1330.5,40500,0.0,0.0
2024-05-29 09:00:00+09:00,1302.0,1314.0,1292.0,1308.0,122600,0.0,0.0
2024-05-29 10:00:00+09:00,1307.0,1308.5,1300.5,1303.5,44500,0.0,0.0
2024-05-29 11:00:00+09:00,1304.0,1310.5,1303.5,1309.5,0,0.0,0.0
2024-05-29 12:00:00+09:00,1312.5,1315.0,1306.5,1308.5,228800,0.0,0.0
2024-05-29 13:00:00+09:00,1309.0,1317.0,1308.0,1308.0,29000,0.0,0.0
2024-05-29 14:00:00+09:00,1307.5,1308.5,1290.5,1293.5,108300,0.0,0.0
2024-05-30 09:00:00+09:00,1284.0,1286.0,1273.5,1280.5,95500,0.0,0.0
2024-05-30 10:00:00+09:00,1281.0,1295.0,1280.0,1286.5,42900,0.0,0.0
2024-05-30 11:00:00+09:00,1287.0,1291.5,1287.0,1289.5,0,0.0,0.0
2024-05-30 12:00:00+09:00,1294.0,1294.5,1288.0,1294.5,170300,0.0,0.0
2024-05-30 13:00:00+09:00,1294.5,1297.0,1288.0,1289.5,27200,0.0,0.0
2024-05-30 14:00:00+09:00,1290.0,1291.0,1273.5,1276.5,124000,0.0,0.0
2024-05-31 09:00:00+09:00,1276.0,1303.0,1274.0,1297.5,85200,0.0,0.0
2024-05-31 10:00:00+09:00,1297.0,1304.0,1296.0,1302.0,41900,0.0,0.0
2024-05-31 11:00:00+09:00,1301.0,1303.0,1291.5,1291.5,0,0.0,0.0
2024-05-31 12:00:00+09:00,1296.0,1306.0,1294.0,1306.0,170800,0.0,0.0
2024-05-31 13:00:00+09:00,1306.0,1308.5,1291.5,1297.0,67900,0.0,0.0
2024-05-31 14:00:00+09:00,1297.0,1302.0,1291.5,1300.5,89900,0.0,0.0
2024-06-03 09:00:00+09:00,1318.0,1332.0,1309.0,1327.5,75100,0.0,0.0
2024-06-03 10:00:00+09:00,1327.0,1331.5,1325.0,1327.5,46300,0.0,0.0
2024-06-03 11:00:00+09:00,1327.0,1341.5,1327.0,1336.0,0,0.0,0.0
2024-06-03 12:00:00+09:00,1338.5,1346.0,1332.0,1345.0,219100,0.0,0.0
2024-06-03 13:00:00+09:00,1344.5,1346.5,1331.5,1336.5,40000,0.0,0.0
2024-06-03 14:00:00+09:00,1337.0,1344.0,1334.5,1342.5,90500,0.0,0.0
2024-06-04 09:00:00+09:00,1321.5,1330.0,1320.5,1325.5,85800,0.0,0.0
2024-06-04 10:00:00+09:00,1326.0,1334.0,1322.0,1326.5,53500,0.0,0.0
2024-06-04 11:00:00+09:00,1326.0,1326.5,1321.5,1323.5,0,0.0,0.0
2024-06-04 12:00:00+09:00,1323.5,1328.5,1322.0,1327.0,208800,0.0,0.0
2024-06-04 13:00:00+09:00,1327.0,1330.0,1323.5,1324.5,37300,0.0,0.0
2024-06-04 14:00:00+09:00,1324.0,1326.0,1322.0,1323.5,64600,0.0,0.0
2024-06-05 09:00:00+09:00,1328.0,1334.0,1311.5,1330.0,70500,0.0,0.0
2024-06-05 10:00:00+09:00,1330.0,1331.0,1322.0,1326.5,35700,0.0,0.0
2024-06-05 11:00:00+09:00,1326.5,1327.5,1322.5,1323.0,0,0.0,0.0
2024-06-05 12:00:00+09:00,1321.0,1324.5,1315.5,1315.5,154800,0.0,0.0
2024-06-05 13:00:00+09:00,1316.5,1323.0,1314.0,1315.5,49900,0.0,0.0
2024-06-05 14:00:00+09:00,1315.5,1316.5,1305.0,1306.5,54500,0.0,0.0
2024-06-06 09:00:00+09:00,1305.0,1311.0,1286.5,1294.5,109900,0.0,0.0
2024-06-06 10:00:00+09:00,1294.0,1301.0,1293.0,1295.5,38200,0.0,0.0
2024-06-06 11:00:00+09:00,1295.5,1297.0,1286.0,1288.5,0,0.0,0.0
2024-06-06 12:00:00+09:00,1288.5,1289.5,1283.5,1287.5,235900,0.0,0.0
2024-06-06 13:00:00+09:00,1288.0,1289.5,1286.5,1289.5,31900,0.0,0.0
2024-06-06 14:00:00+09:00,1289.0,1294.0,1288.0,1288.0,88300,0.0,0.0
2024-06-07 09:00:00+09:00,1288.0,1298.0,1282.0,1295.0,52900,0.0,0.0
2024-06-07 10:00:00+09:00,1294.5,1299.0,1294.0,1296.5,15100,0.0,0.0
2024-06-07 11:00:00+09:00,1296.5,1296.5,1293.0,1296.0,0,0.0,0.0
2024-06-07 12:00:00+09:00,1296.0,1297.0,1291.5,1291.5,87500,0.0,0.0
2024-06-07 13:00:00+09:00,1292.0,1293.5,1290.5,1290.5,16700,0.0,0.0
2024-06-07 14:00:00+09:00,1290.0,1295.0,1288.5,1291.5,37900,0.0,0.0
2024-06-10 09:00:00+09:00,1286.0,1290.0,1278.5,1289.0,46700,0.0,0.0
2024-06-10 10:00:00+09:00,1288.5,1293.5,1284.0,1290.0,22200,0.0,0.0
2024-06-10 11:00:00+09:00,1290.0,1292.0,1290.0,1292.0,0,0.0,0.0
2024-06-10 12:00:00+09:00,1292.5,1293.5,1288.0,1288.5,97400,0.0,0.0
2024-06-10 13:00:00+09:00,1289.0,1289.5,1286.5,1289.0,10500,0.0,0.0
2024-06-10 14:00:00+09:00,1289.0,1291.5,1287.5,1288.0,24400,0.0,0.0
2024-06-11 09:00:00+09:00,1285.0,1290.0,1278.5,1289.5,0,0.0,0.0
2024-06-11 10:00:00+09:00,1288.0,1293.5,1285.5,1286.5,75800,0.0,0.0
2024-06-11 11:00:00+09:00,1287.0,1287.5,1286.5,1286.5,0,0.0,0.0
2024-06-11 12:00:00+09:00,1285.0,1292.0,1284.5,1292.0,110800,0.0,0.0
2024-06-11 13:00:00+09:00,1291.5,1296.5,1291.0,1294.0,26700,0.0,0.0
2024-06-11 14:00:00+09:00,1294.0,1295.5,1286.0,1287.0,51700,0.0,0.0
2024-06-12 09:00:00+09:00,1288.5,1293.5,1279.0,1288.5,37300,0.0,0.0
2024-06-12 10:00:00+09:00,1289.0,1289.0,1280.5,1289.0,19200,0.0,0.0
2024-06-12 11:00:00+09:00,1288.5,1290.5,1288.0,1290.5,0,0.0,0.0
2024-06-12 12:00:00+09:00,1288.0,1291.5,1287.5,1290.5,91900,0.0,0.0
2024-06-12 13:00:00+09:00,1290.5,1292.0,1289.0,1289.5,14300,0.0,0.0
2024-06-12 14:00:00+09:00,1289.0,1290.0,1286.0,1289.5,37400,0.0,0.0
2024-06-13 09:00:00+09:00,1293.0,1293.5,1283.0,1286.0,27500,0.0,0.0
2024-06-13 10:00:00+09:00,1286.0,1288.0,1266.5,1267.0,94600,0.0,0.0
2024-06-13 11:00:00+09:00,1266.5,1272.5,1265.0,1270.0,0,0.0,0.0
2024-06-13 12:00:00+09:00,1274.0,1276.5,1266.5,1270.0,180400,0.0,0.0
2024-06-13 13:00:00+09:00,1270.0,1271.5,1260.5,1264.5,63600,0.0,0.0
2024-06-13 14:00:00+09:00,1264.5,1264.5,1261.0,1262.5,62900,0.0,0.0
2024-06-14 09:00:00+09:00,1249.0,1264.0,1248.0,1261.0,150700,0.0,0.0
2024-06-14 10:00:00+09:00,1261.0,1269.0,1260.5,1268.5,16400,0.0,0.0
2024-06-14 11:00:00+09:00,1268.0,1269.5,1265.0,1265.0,0,0.0,0.0
2024-06-14 12:00:00+09:00,1270.0,1271.5,1266.0,1268.5,196800,0.0,0.0
2024-06-14 13:00:00+09:00,1269.5,1270.0,1264.5,1265.5,30800,0.0,0.0
2024-06-14 14:00:00+09:00,1265.0,1267.5,1262.5,1267.0,40700,0.0,0.0
2024-06-17 09:00:00+09:00,1267.5,1281.5,1260.0,1262.5,106200,0.0,0.0
2024-06-17 10:00:00+09:00,1262.5,1264.0,1259.0,1263.0,27400,0.0,0.0
2024-06-17 11:00:00+09:00,1263.5,1264.0,1259.5,1260.0,0,0.0,0.0
2024-06-17 12:00:00+09:00,1261.0,1267.5,1260.5,1262.5,183300,0.0,0.0
2024-06-17 13:00:00+09:00,1262.5,1264.5,1258.5,1259.5,28300,0.0,0.0
2024-06-17 14:00:00+09:00,1259.5,1264.0,1259.5,1264.0,36600,0.0,0.0
2024-06-18 09:00:00+09:00,1287.0,1328.5,1281.5,1300.0,191800,0.0,0.0
2024-06-18 10:00:00+09:00,1302.5,1310.5,1302.5,1305.0,41000,0.0,0.0
2024-06-18 11:00:00+09:00,1305.0,1305.0,1299.5,1302.0,0,0.0,0.0
2024-06-18 12:00:00+09:00,1296.5,1301.0,1290.0,1291.5,285600,0.0,0.0
2024-06-18 13:00:00+09:00,1292.0,1296.5,1289.0,1289.5,41900,0.0,0.0
2024-06-18 14:00:00+09:00,1289.5,1292.0,1284.5,1289.0,64500,0.0,0.0
2024-06-19 09:00:00+09:00,1295.0,1308.5,1292.5,1308.0,55700,0.0,0.0
2024-06-19 10:00:00+09:00,1307.5,1307.5,1293.0,1294.5,79000,0.0,0.0
2024-06-19 11:00:00+09:00,1294.5,1298.5,1294.5,1298.5,0,0.0,0.0
2024-06-19 12:00:00+09:00,1299.0,1302.0,1294.0,1295.0,177900,0.0,0.0
2024-06-19 13:00:00+09:00,1295.5,1297.5,1288.5,1289.0,31700,0.0,0.0
2024-06-19 14:00:00+09:00,1289.0,1298.0,1287.0,1295.5,40500,0.0,0.0
2024-06-20 09:00:00+09:00,1292.0,1312.0,1292.0,1308.5,55200,0.0,0.0
2024-06-20 10:00:00+09:00,1308.0,1309.0,1301.5,1304.0,30200,0.0,0.0
2024-06-20 11:00:00+09:00,1303.5,1304.0,1300.0,1304.0,0,0.0,0.0
2024-06-20 12:00:00+09:00,1302.5,1306.0,1302.0,1304.0,113800,0.0,0.0
2024-06-20 13:00:00+09:00,1303.0,1303.0,1298.0,1300.5,23700,0.0,0.0
2024-06-20 14:00:00+09:00,1300.5,1308.0,1297.0,1307.0,43300,0.0,0.0
2024-06-21 09:00:00+09:00,1313.0,1332.0,1310.0,1316.5,86200,0.0,0.0
2024-06-21 10:00:00+09:00,1317.0,1324.0,1315.5,1316.0,42200,0.0,0.0
2024-06-21 11:00:00+09:00,1316.5,1318.5,1315.5,1317.5,0,0.0,0.0
2024-06-21 12:00:00+09:00,1316.0,1324.0,1314.0,1320.5,177500,0.0,0.0
2024-06-21 13:00:00+09:00,1320.0,1320.5,1310.0,1310.0,30300,0.0,0.0
2024-06-21 14:00:00+09:00,1311.0,1316.0,1309.0,1316.0,62100,0.0,0.0
2024-06-24 09:00:00+09:00,1327.0,1336.0,1322.0,1331.0,66200,0.0,0.0
2024-06-24 10:00:00+09:00,1331.0,1333.0,1315.0,1317.0,35700,0.0,0.0
2024-06-24 11:00:00+09:00,1316.0,1317.5,1313.5,1315.0,0,0.0,0.0
2024-06-24 12:00:00+09:00,1319.0,1319.5,1315.0,1316.0,125300,0.0,0.0
2024-06-24 13:00:00+09:00,1316.0,1321.5,1312.5,1313.5,28500,0.0,0.0
2024-06-24 14:00:00+09:00,1314.0,1317.5,1311.0,1317.5,50700,0.0,0.0
2024-06-25 09:00:00+09:00,1315.0,1324.5,1303.5,1316.5,74000,0.0,0.0
2024-06-25 10:00:00+09:00,1316.5,1329.0,1315.5,1329.0,34100,0.0,0.0
2024-06-25 11:00:00+09:00,1328.0,1328.5,1326.5,1327.0,0,0.0,0.0
2024-06-25 12:00:00+09:00,1330.0,1332.5,1327.5,1331.5,136000,0.0,0.0
2024-06-25 13:00:00+09:00,1331.0,1332.0,1328.5,1329.5,22000,0.0,0.0
2024-06-25 14:00:00+09:00,1329.0,1333.0,1327.5,1329.5,42100,0.0,0.0
2024-06-26 09:00:00+09:00,1320.0,1320.0,1293.0,1305.0,105400,0.0,0.0
2024-06-26 10:00:00+09:00,1306.0,1320.0,1303.5,1314.5,46500,0.0,0.0
2024-06-26 11:00:00+09:00,1314.0,1318.0,1314.0,1317.0,0,0.0,0.0
2024-06-26 12:00:00+09:00,1315.0,1317.0,1309.0,1311.5,193600,0.0,0.0
2024-06-26 13:00:00+09:00,1312.0,1315.5,1310.0,1313.0,24700,0.0,0.0
2024-06-26 14:00:00+09:00,1312.5,1315.0,1311.5,1312.5,41700,0.0,0.0
2024-06-27 09:00:00+09:00,1315.0,1321.0,1311.0,1316.5,37200,0.0,0.0
2024-06-27 10:00:00+09:00,1317.5,1317.5,1310.0,1314.0,22000,0.0,0.0
2024-06-27 11:00:00+09:00,1314.5,1323.0,1314.5,1323.0,0,0.0,0.0
2024-06-27 12:00:00+09:00,1324.0,1326.0,1322.5,1322.5,83200,0.0,0.0
2024-06-27 13:00:00+09:00,1323.0,1323.5,1319.0,1319.0,10100,0.0,0.0
2024-06-27 14:00:00+09:00,1319.5,1322.0,1317.0,1320.0,28800,0.0,0.0
2024-06-28 09:00:00+09:00,1335.0,1335.0,1324.5,1328.0,59200,0.0,0.0
2024-06-28 10:00:00+09:00,1327.5,1330.0,1324.5,1328.0,24800,0.0,0.0
2024-06-28 11:00:00+09:00,1328.5,1330.5,1325.5,1326.0,0,0.0,0.0
2024-06-28 12:00:00+09:00,1326.0,1326.0,1321.0,1323.0,110100,0.0,0.0
2024-06-28 13:00:00+09:00,1323.0,1327.5,1323.0,1325.0,21200,0.0,0.0
2024-06-28 14:00:00+09:00,1325.5,1325.5,1319.5,1322.0,36000,0.0,0.0
2024-07-01 09:00:00+09:00,1330.0,1338.0,1325.5,1325.5,42400,0.0,0.0
2024-07-01 10:00:00+09:00,1325.5,1325.5,1320.5,1323.0,24800,0.0,0.0
2024-07-01 11:00:00+09:00,1323.5,1326.0,1322.0,1322.5,0,0.0,0.0
2024-07-01 12:00:00+09:00,1322.5,1323.5,1319.0,1321.5,103600,0.0,0.0
2024-07-01 13:00:00+09:00,1321.5,1321.5,1316.0,1316.0,18900,0.0,0.0
2024-07-01 14:00:00+09:00,1316.5,1317.0,1312.5,1314.5,31900,0.0,0.0
2024-07-02 09:00:00+09:00,1312.5,1324.5,1297.0,1309.0,107300,0.0,0.0
2024-07-02 10:00:00+09:00,1309.5,1319.0,1308.0,1316.0,25000,0.0,0.0
2024-07-02 11:00:00+09:00,1316.5,1322.0,1316.0,1320.5,0,0.0,0.0
2024-07-02 12:00:00+09:00,1316.0,1318.0,1309.0,1317.5,171600,0.0,0.0
2024-07-02 13:00:00+09:00,1317.0,1321.0,1315.5,1319.0,31900,0.0,0.0
2024-07-02 14:00:00+09:00,1319.5,1326.5,1319.0,1320.5,49800,0.0,0.0
2024-07-03 09:00:00+09:00,1320.0,1327.0,1315.0,1323.0,32100,0.0,0.0
2024-07-03 10:00:00+09:00,1323.5,1323.5,1312.0,1313.0,16300,0.0,0.0
2024-07-03 11:00:00+09:00,1311.5,1316.0,1307.5,1314.0,0,0.0,0.0
2024-07-03 12:00:00+09:00,1318.5,1321.5,1315.5,1321.0,82900,0.0,0.0
2024-07-03 13:00:00+09:00,1321.5,1321.5,1317.5,1319.5,11500,0.0,0.0
2024-07-03 14:00:00+09:00,1320.0,1324.0,1319.5,1323.5,34200,0.0,0.0
2024-07-04 09:00:00+09:00,1328.0,1335.5,1325.0,1326.0,60700,0.0,0.0
2024-07-04 10:00:00+09:00,1325.5,1333.5,1324.5,1330.0,37000,0.0,0.0
2024-07-04 11:00:00+09:00,1329.5,1330.5,1324.5,1330.5,0,0.0,0.0
2024-07-04 12:00:00+09:00,1327.5,1330.0,1322.0,1323.0,136800,0.0,0.0
2024-07-04 13:00:00+09:00,1323.0,1323.0,1311.5,1317.5,37700,0.0,0.0
2024-07-04 14:00:00+09:00,1317.5,1323.5,1316.5,1319.0,53600,0.0,0.0
2024-07-05 09:00:00+09:00,1320.0,1320.0,1307.0,1307.0,65700,0.0,0.0
2024-07-05 10:00:00+09:00,1308.0,1308.5,1302.0,1304.0,39400,0.0,0.0
2024-07-05 11:00:00+09:00,1304.0,1304.0,1301.5,1302.5,0,0.0,0.0
2024-07-05 12:00:00+09:00,1300.5,1304.0,1292.0,1301.0,219300,0.0,0.0
2024-07-05 13:00:00+09:00,1300.5,1304.0,1300.0,1303.0,17200,0.0,0.0
2024-07-05 14:00:00+09:00,1303.0,1304.0,1299.0,1299.0,37600,0.0,0.0
2024-07-08 09:00:00+09:00,1298.0,1306.5,1292.5,1298.0,108500,0.0,0.0
2024-07-08 10:00:00+09:00,1298.5,1306.0,1298.5,1302.5,22100,0.0,0.0
2024-07-08 11:00:00+09:00,1301.5,1302.5,1300.5,1302.5,0,0.0,0.0
2024-07-08 12:00:00+09:00,1306.0,1311.0,1304.0,1310.5,165800,0.0,0.0
2024-07-08 13:00:00+09:00,1310.0,1321.0,1310.0,1317.5,39600,0.0,0.0
2024-07-08 14:00:00+09:00,1317.0,1317.0,1307.0,1308.0,57000,0.0,0.0
2024-07-09 09:00:00+09:00,1305.5,1309.0,1297.5,1302.0,54800,0.0,0.0
2024-07-09 10:00:00+09:00,1301.5,1306.5,1301.0,1301.5,23900,0.0,0.0
2024-07-09 11:00:00+09:00,1301.0,1305.0,1297.0,1304.5,0,0.0,0.0
2024-07-09 12:00:00+09:00,1306.0,1311.5,1303.0,1311.0,146200,0.0,0.0
2024-07-09 13:00:00+09:00,1311.0,1316.5,1311.0,1316.5,34000,0.0,0.0
2024-07-09 14:00:00+09:00,1316.5,1317.5,1310.0,1311.0,77700,0.0,0.0
2024-07-10 09:00:00+09:00,1309.5,1309.5,1293.0,1303.5,73500,0.0,0.0
2024-07-10 10:00:00+09:00,1303.0,1307.0,1300.5,1302.5,27100,0.0,0.0
2024-07-10 11:00:00+09:00,1303.0,1304.0,1301.5,1301.5,0,0.0,0.0
2024-07-10 12:00:00+09:00,1302.5,1303.5,1298.0,1299.5,132800,0.0,0.0
2024-07-10 13:00:00+09:00,1300.0,1300.0,1295.0,1297.5,24000,0.0,0.0
2024-07-10 14:00:00+09:00,1297.5,1310.5,1297.5,1310.0,98800,0.0,0.0
2024-07-11 09:00:00+09:00,1319.5,1346.5,1314.0,1342.0,126600,0.0,0.0
2024-07-11 10:00:00+09:00,1342.5,1349.0,1332.0,1334.0,85600,0.0,0.0
2024-07-11 11:00:00+09:00,1334.0,1335.0,1330.5,1330.5,0,0.0,0.0
2024-07-11 12:00:00+09:00,1333.0,1339.0,1331.0,1337.5,272100,0.0,0.0
2024-07-11 13:00:00+09:00,1337.5,1337.5,1331.0,1333.0,24800,0.0,0.0
2024-07-11 14:00:00+09:00,1333.0,1336.0,1330.5,1336.0,50600,0.0,0.0
2024-07-12 09:00:00+09:00,1330.0,1354.0,1325.0,1346.5,126300,0.0,0.0
2024-07-12 10:00:00+09:00,1345.5,1353.5,1336.0,1351.5,70700,0.0,0.0
2024-07-12 11:00:00+09:00,1352.0,1366.0,1351.0,1365.5,0,0.0,0.0
2024-07-12 12:00:00+09:00,1362.5,1371.5,1358.5,1361.0,276000,0.0,0.0
2024-07-12 13:00:00+09:00,1360.5,1374.0,1359.5,1372.5,49100,0.0,0.0
2024-07-12 14:00:00+09:00,1373.5,1373.5,1359.5,1366.0,71400,0.0,0.0
2024-07-16 09:00:00+09:00,1360.0,1371.0,1355.0,1367.0,87100,0.0,0.0
2024-07-16 10:00:00+09:00,1366.0,1375.0,1361.5,1371.5,42500,0.0,0.0
2024-07-16 11:00:00+09:00,1372.5,1377.5,1372.0,1375.0,0,0.0,0.0
2024-07-16 12:00:00+09:00,1375.0,1378.0,1370.5,1376.0,182100,0.0,0.0
2024-07-16 13:00:00+09:00,1375.5,1375.5,1366.0,1373.5,60500,0.0,0.0
2024-07-16 14:00:00+09:00,1373.5,1375.5,1371.0,1371.0,44500,0.0,0.0
2024-07-17 09:00:00+09:00,1384.0,1388.0,1374.5,1378.0,93700,0.0,0.0
2024-07-17 10:00:00+09:00,1374.5,1383.5,1374.5,1382.0,20300,0.0,0.0
2024-07-17 11:00:00+09:00,1382.0,1382.0,1377.0,1378.5,0,0.0,0.0
2024-07-17 12:00:00+09:00,1378.5,1388.0,1378.5,1383.0,151000,0.0,0.0
2024-07-17 13:00:00+09:00,1383.0,1389.0,1381.0,1384.5,39300,0.0,0.0
2024-07-17 14:00:00+09:00,1384.5,1389.5,1383.0,1387.0,81400,0.0,0.0
2024-07-18 09:00:00+09:00,1383.5,1388.0,1377.0,1384.0,61200,0.0,0.0
2024-07-18 10:00:00+09:00,1384.0,1389.0,1379.5,1387.0,31000,0.0,0.0
2024-07-18 11:00:00+09:00,1387.5,1389.0,1383.5,1386.5,0,0.0,0.0
2024-07-18 12:00:00+09:00,1386.0,1389.0,1383.5,1386.5,151700,0.0,0.0
2024-07-18 13:00:00+09:00,1386.5,1388.0,1384.5,1385.5,23800,0.0,0.0
2024-07-18 14:00:00+09:00,1385.5,1391.0,1383.0,1387.0,96000,0.0,0.0
2024-07-19 09:00:00+09:00,1394.5,1405.0,1392.0,1402.5,76800,0.0,0.0
2024-07-19 10:00:00+09:00,1402.5,1408.0,1400.0,1406.5,49900,0.0,0.0
2024-07-19 11:00:00+09:00,1406.0,1412.0,1403.5,1410.5,0,0.0,0.0
2024-07-19 12:00:00+09:00,1410.5,1418.0,1407.0,1417.5,203300,0.0,0.0
2024-07-19 13:00:00+09:00,1418.0,1428.5,1418.0,1427.0,63900,0.0,0.0
2024-07-19 14:00:00+09:00,1427.0,1430.0,1419.0,1419.0,152200,0.0,0.0
2024-07-22 09:00:00+09:00,1416.0,1419.0,1374.5,1392.0,144100,0.0,0.0
2024-07-22 10:00:00+09:00,1392.0,1392.0,1384.0,1386.5,35000,0.0,0.0
2024-07-22 11:00:00+09:00,1386.0,1392.0,1386.0,1389.5,0,0.0,0.0
2024-07-22 12:00:00+09:00,1394.0,1400.5,1389.5,1389.5,257200,0.0,0.0
2024-07-22 13:00:00+09:00,1390.0,1392.0,1387.0,1391.5,39600,0.0,0.0
2024-07-22 14:00:00+09:00,1391.0,1393.5,1384.5,1387.5,74500,0.0,0.0
2024-07-23 09:00:00+09:00,1384.0,1420.0,1384.0,1413.0,103100,0.0,0.0
2024-07-23 10:00:00+09:00,1411.5,1424.5,1409.0,1424.0,54300,0.0,0.0
2024-07-23 11:00:00+09:00,1424.5,1429.0,1424.0,1424.0,0,0.0,0.0
2024-07-23 12:00:00+09:00,1420.0,1421.0,1409.0,1409.5,235800,0.0,0.0
2024-07-23 13:00:00+09:00,1410.5,1420.5,1409.5,1419.5,61000,0.0,0.0
2024-07-23 14:00:00+09:00,1419.5,1422.5,1418.5,1422.5,50200,0.0,0.0
2024-07-24 09:00:00+09:00,1420.0,1420.0,1400.0,1407.0,72900,0.0,0.0
2024-07-24 10:00:00+09:00,1407.5,1413.0,1402.5,1405.0,18800,0.0,0.0
2024-07-24 11:00:00+09:00,1404.5,1407.5,1404.0,1407.0,0,0.0,0.0
2024-07-24 12:00:00+09:00,1404.0,1404.0,1396.0,1396.0,135800,0.0,0.0
2024-07-24 13:00:00+09:00,1397.0,1403.5,1393.0,1403.5,38500,0.0,0.0
2024-07-24 14:00:00+09:00,1402.5,1407.0,1381.0,1382.0,112800,0.0,0.0
2024-07-25 09:00:00+09:00,1370.0,1376.5,1356.0,1360.5,80000,0.0,0.0
2024-07-25 10:00:00+09:00,1360.5,1370.0,1360.5,1364.0,56200,0.0,0.0
2024-07-25 11:00:00+09:00,1363.5,1379.5,1363.5,1378.5,0,0.0,0.0
2024-07-25 12:00:00+09:00,1376.0,1378.0,1367.5,1370.0,183000,0.0,0.0
2024-07-25 13:00:00+09:00,1371.0,1375.0,1368.5,1372.0,25700,0.0,0.0
2024-07-25 14:00:00+09:00,1371.5,1376.5,1370.5,1376.5,48900,0.0,0.0
2024-07-26 09:00:00+09:00,1385.0,1397.0,1352.0,1371.0,92100,0.0,0.0
2024-07-26 10:00:00+09:00,1371.0,1377.5,1370.0,1376.0,20800,0.0,0.0
2024-07-26 11:00:00+09:00,1376.0,1383.5,1376.0,1382.0,0,0.0,0.0
2024-07-26 12:00:00+09:00,1384.0,1398.0,1382.5,1393.0,158300,0.0,0.0
2024-07-26 13:00:00+09:00,1392.5,1392.5,1384.5,1384.5,16500,0.0,0.0
2024-07-26 14:00:00+09:00,1385.0,1386.5,1379.0,1382.0,64400,0.0,0.0
2024-07-29 09:00:00+09:00,1399.5,1409.0,1392.0,1409.0,71300,0.0,0.0
2024-07-29 10:00:00+09:00,1408.5,1409.0,1398.0,1400.5,30300,0.0,0.0
2024-07-29 11:00:00+09:00,1400.0,1402.5,1398.0,1400.5,0,0.0,0.0
2024-07-29 12:00:00+09:00,1402.5,1405.0,1399.0,1402.0,140300,0.0,0.0
2024-07-29 13:00:00+09:00,1402.5,1408.5,1402.0,1406.5,24800,0.0,0.0
2024-07-29 14:00:00+09:00,1407.0,1409.0,1400.0,1404.0,46700,0.0,0.0
2024-07-30 09:00:00+09:00,1404.0,1404.0,1391.0,1391.0,42700,0.0,0.0
2024-07-30 10:00:00+09:00,1390.5,1390.5,1378.5,1386.5,24700,0.0,0.0
2024-07-30 11:00:00+09:00,1386.0,1388.5,1385.0,1386.0,0,0.0,0.0
2024-07-30 12:00:00+09:00,1390.0,1392.5,1387.0,1389.0,96900,0.0,0.0
2024-07-30 13:00:00+09:00,1389.5,1396.5,1387.5,1396.0,22200,0.0,0.0
2024-07-30 14:00:00+09:00,1395.5,1396.5,1391.5,1396.5,31100,0.0,0.0
2024-07-31 09:00:00+09:00,1392.5,1397.0,1376.0,1377.5,53800,0.0,0.0
2024-07-31 10:00:00+09:00,1378.0,1390.5,1378.0,1390.5,22200,0.0,0.0
2024-07-31 11:00:00+09:00,1390.0,1394.0,1389.5,1394.0,0,0.0,0.0
2024-07-31 12:00:00+09:00,1390.0,1396.5,1386.5,1393.5,107500,0.0,0.0
2024-07-31 13:00:00+09:00,1394.0,1395.5,1389.5,1394.0,15000,0.0,0.0
2024-07-31 14:00:00+09:00,1393.5,1406.0,1389.5,1406.0,56800,0.0,0.0
2024-08-01 09:00:00+09:00,1385.0,1385.5,1354.0,1361.5,78700,0.0,0.0
2024-08-01 10:00:00+09:00,1361.5,1361.5,1348.0,1352.0,61500,0.0,0.0
2024-08-01 11:00:00+09:00,1351.5,1355.0,1344.0,1351.5,0,0.0,0.0
2024-08-01 12:00:00+09:00,1351.5,1358.5,1346.5,1358.5,188700,0.0,0.0
2024-08-01 13:00:00+09:00,1357.5,1362.0,1356.0,1360.0,27800,0.0,0.0
2024-08-01 14:00:00+09:00,1360.0,1367.5,1353.0,1354.0,62800,0.0,0.0
2024-08-02 09:00:00+09:00,1330.0,1340.0,1308.5,1324.0,118200,0.0,0.0
2024-08-02 10:00:00+09:00,1322.5,1334.5,1320.0,1327.0,53700,0.0,0.0
2024-08-02 11:00:00+09:00,1327.0,1328.5,1322.5,1322.5,0,0.0,0.0
2024-08-02 12:00:00+09:00,1322.0,1327.0,1315.5,1325.0,225200,0.0,0.0
2024-08-02 13:00:00+09:00,1325.0,1327.0,1318.0,1321.0,47600,0.0,0.0
2024-08-02 14:00:00+09:00,1321.0,1322.5,1310.5,1311.0,118200,0.0,0.0
2024-08-05 09:00:00+09:00,1250.0,1256.5,1217.5,1244.5,210500,0.0,0.0
2024-08-05 10:00:00+09:00,1243.0,1250.5,1237.0,1246.5,63300,0.0,0.0
2024-08-05 11:00:00+09:00,1247.0,1253.5,1244.5,1248.0,0,0.0,0.0
2024-08-05 12:00:00+09:00,1247.5,1247.5,1232.5,1233.5,346100,0.0,0.0
2024-08-05 13:00:00+09:00,1233.0,1236.0,1200.0,1203.0,135700,0.0,0.0
2024-08-05 14:00:00+09:00,1202.5,1202.5,1121.0,1135.0,292700,0.0,0.0
2024-08-06 09:00:00+09:00,1212.0,1287.5,1212.0,1285.0,199400,0.0,0.0
2024-08-06 10:00:00+09:00,1286.0,1297.5,1212.5,1275.0,123100,0.0,0.0
2024-08-06 11:00:00+09:00,1275.5,1282.0,1270.0,1277.0,0,0.0,0.0
2024-08-06 12:00:00+09:00,1277.5,1288.0,1265.5,1283.5,394800,0.0,0.0
2024-08-06 13:00:00+09:00,1284.0,1291.0,1259.5,1259.5,66700,0.0,0.0
2024-08-06 14:00:00+09:00,1258.5,1283.0,1245.5,1281.0,127700,0.0,0.0
2024-08-07 09:00:00+09:00,1253.0,1265.5,1222.0,1248.0,118500,0.0,0.0
2024-08-07 10:00:00+09:00,1247.5,1278.0,1237.5,1278.0,63100,0.0,0.0
2024-08-07 11:00:00+09:00,1277.5,1277.5,1256.5,1266.5,0,0.0,0.0
2024-08-07 12:00:00+09:00,1252.5,1267.0,1248.0,1252.0,263600,0.0,0.0
2024-08-07 13:00:00+09:00,1252.0,1270.5,1250.0,1266.5,34000,0.0,0.0
2024-08-07 14:00:00+09:00,1267.0,1269.0,1241.0,1246.0,89800,0.0,0.0
2024-08-08 09:00:00+09:00,1230.0,1272.5,1224.5,1263.0,70800,0.0,0.0
2024-08-08 10:00:00+09:00,1264.0,1272.0,1261.0,1272.0,25800,0.0,0.0
2024-08-08 11:00:00+09:00,1272.0,1289.5,1269.0,1284.0,0,0.0,0.0
2024-08-08 12:00:00+09:00,1284.0,1289.5,1273.5,1275.0,168900,0.0,0.0
2024-08-08 13:00:00+09:00,1275.5,1280.0,1267.0,1270.5,27700,0.0,0.0
2024-08-08 14:00:00+09:00,1271.0,1277.5,1263.0,1263.0,57200,0.0,0.0
2024-08-09 09:00:00+09:00,1290.5,1300.0,1278.5,1289.5,59500,0.0,0.0
2024-08-09 10:00:00+09:00,1289.0,1293.0,1281.5,1285.5,17900,0.0,0.0
2024-08-09 11:00:00+09:00,1285.0,1294.5,1281.0,1281.0,0,0.0,0.0
2024-08-09 12:00:00+09:00,1287.5,1308.5,1285.0,1297.0,129300,0.0,0.0
2024-08-09 13:00:00+09:00,1297.5,1309.5,1219.0,1245.5,105700,0.0,0.0
2024-08-09 14:00:00+09:00,1244.5,1408.0,1230.0,1354.0,505300,0.0,0.0
2024-08-13 09:00:00+09:00,1300.0,1310.0,1259.5,1265.5,280000,0.0,0.0
2024-08-13 10:00:00+09:00,1265.0,1292.0,1256.5,1277.5,164500,0.0,0.0
2024-08-13 11:00:00+09:00,1277.0,1281.5,1264.0,1264.0,0,0.0,0.0
2024-08-13 12:00:00+09:00,1272.0,1295.5,1270.0,1294.5,647400,0.0,0.0
2024-08-13 13:00:00+09:00,1293.5,1314.5,1289.0,1310.0,140200,0.0,0.0
2024-08-13 14:00:00+09:00,1310.0,1328.0,1307.0,1328.0,253800,0.0,0.0
2024-08-14 09:00:00+09:00,1334.5,1360.0,1334.5,1357.5,96100,0.0,0.0
2024-08-14 10:00:00+09:00,1358.5,1359.0,1334.5,1336.0,66300,0.0,0.0
2024-08-14 11:00:00+09:00,1336.5,1346.5,1323.5,1325.5,0,0.0,0.0
2024-08-14 12:00:00+09:00,1328.0,1340.5,1324.5,1332.5,256300,0.0,0.0
2024-08-14 13:00:00+09:00,1333.5,1334.0,1324.5,1325.5,53600,0.0,0.0
2024-08-14 14:00:00+09:00,1325.5,1338.5,1321.0,1334.0,84400,0.0,0.0
2024-08-15 09:00:00+09:00,1357.0,1360.0,1329.5,1355.5,95100,0.0,0.0
2024-08-15 10:00:00+09:00,1355.5,1364.5,1353.0,1361.0,76400,0.0,0.0
2024-08-15 11:00:00+09:00,1362.5,1367.0,1359.5,1360.0,0,0.0,0.0
2024-08-15 12:00:00+09:00,1362.5,1362.5,1350.5,1354.5,278400,0.0,0.0
2024-08-15 13:00:00+09:00,1354.5,1362.0,1354.5,1359.5,86900,0.0,0.0
2024-08-15 14:00:00+09:00,1359.5,1363.5,1354.5,1358.0,128400,0.0,0.0
2024-08-16 09:00:00+09:00,1383.0,1388.0,1363.5,1364.0,61500,0.0,0.0
2024-08-16 10:00:00+09:00,1364.5,1368.0,1358.0,1363.5,42900,0.0,0.0
2024-08-16 11:00:00+09:00,1363.5,1364.5,1359.0,1362.5,0,0.0,0.0
2024-08-16 12:00:00+09:00,1365.0,1365.0,1355.5,1361.5,159300,0.0,0.0
2024-08-16 13:00:00+09:00,1361.5,1368.5,1359.5,1363.5,75700,0.0,0.0
2024-08-16 14:00:00+09:00,1363.0,1372.5,1357.5,1367.5,90300,0.0,0.0
