Datetime,Open,High,Low,Close,Volume,Dividends,Stock Splits
2024-11-05 09:00:00+09:00,1345.5,1346.0,1334.5,1336.5,0,0.0,0.0
2024-11-05 09:01:00+09:00,1336.5,1337.0,1330.0,1331.0,18000,0.0,0.0
2024-11-05 09:02:00+09:00,1330.5,1331.0,1328.0,1329.0,115300,0.0,0.0
2024-11-05 09:03:00+09:00,1328.0,1329.0,1326.0,1326.5,7500,0.0,0.0
2024-11-05 09:04:00+09:00,1326.5,1327.5,1325.0,1326.0,10700,0.0,0.0
2024-11-05 09:05:00+09:00,1327.0,1327.5,1326.5,1326.5,0,0.0,0.0
2024-11-05 09:06:00+09:00,1327.5,1328.0,1325.0,1326.0,12700,0.0,0.0
2024-11-05 09:07:00+09:00,1326.0,1327.5,1325.5,1325.5,5300,0.0,0.0
2024-11-05 09:08:00+09:00,1326.5,1328.0,1326.0,1328.0,7800,0.0,0.0
2024-11-05 09:09:00+09:00,1328.0,1329.5,1328.0,1328.5,4800,0.0,0.0
2024-11-05 09:10:00+09:00,1328.5,1330.5,1328.5,1330.5,9800,0.0,0.0
2024-11-05 09:11:00+09:00,1331.0,1331.0,1330.5,1330.5,4300,0.0,0.0
2024-11-05 09:12:00+09:00,1330.5,1333.0,1330.5,1332.5,14500,0.0,0.0
2024-11-05 09:13:00+09:00,1332.5,1333.0,1331.5,1332.5,7300,0.0,0.0
2024-11-05 09:14:00+09:00,1332.5,1332.5,1332.0,1332.5,5300,0.0,0.0
2024-11-05 09:15:00+09:00,1332.5,1336.0,1332.5,1335.0,20900,0.0,0.0
2024-11-05 09:16:00+09:00,1334.5,1335.0,1333.0,1334.5,12800,0.0,0.0
2024-11-05 09:17:00+09:00,1334.0,1335.0,1334.0,1335.0,5200,0.0,0.0
2024-11-05 09:18:00+09:00,1335.0,1335.0,1334.0,1335.0,5100,0.0,0.0
2024-11-05 09:19:00+09:00,1334.5,1337.0,1334.5,1337.0,6600,0.0,0.0
2024-11-05 09:20:00+09:00,1337.0,1338.5,1337.0,1337.5,11600,0.0,0.0
2024-11-05 09:21:00+09:00,1337.5,1337.5,1337.0,1337.0,6900,0.0,0.0
2024-11-05 09:22:00+09:00,1336.5,1336.5,1335.0,1336.5,5300,0.0,0.0
2024-11-05 09:23:00+09:00,1335.5,1337.5,1335.5,1337.5,11800,0.0,0.0
2024-11-05 09:24:00+09:00,1337.0,1338.5,1336.5,1338.0,9900,0.0,0.0
2024-11-05 09:25:00+09:00,1338.0,1338.0,1337.5,1338.0,3600,0.0,0.0
2024-11-05 09:26:00+09:00,1338.0,1338.0,1337.5,1337.5,2100,0.0,0.0
2024-11-05 09:27:00+09:00,1337.5,1337.5,1336.0,1337.0,11800,0.0,0.0
2024-11-05 09:28:00+09:00,1337.0,1337.5,1336.0,1337.5,5800,0.0,0.0
2024-11-05 09:29:00+09:00,1337.5,1338.0,1337.5,1337.5,2000,0.0,0.0
2024-11-05 09:30:00+09:00,1337.5,1339.0,1337.5,1339.0,11200,0.0,0.0
2024-11-05 09:31:00+09:00,1339.0,1339.0,1338.5,1339.0,6300,0.0,0.0
2024-11-05 09:32:00+09:00,1339.0,1339.0,1338.0,1338.5,6200,0.0,0.0
2024-11-05 09:33:00+09:00,1338.5,1338.5,1338.0,1338.5,4500,0.0,0.0
2024-11-05 09:34:00+09:00,1339.0,1339.0,1337.5,1339.0,7100,0.0,0.0
2024-11-05 09:35:00+09:00,1339.0,1339.0,1338.5,1339.0,4200,0.0,0.0
2024-11-05 09:36:00+09:00,1339.5,1340.0,1338.5,1339.0,5200,0.0,0.0
2024-11-05 09:37:00+09:00,1338.5,1339.5,1338.5,1339.5,14000,0.0,0.0
2024-11-05 09:38:00+09:00,1339.5,1340.0,1339.0,1339.5,4300,0.0,0.0
2024-11-05 09:39:00+09:00,1339.5,1339.5,1338.0,1338.0,6500,0.0,0.0
2024-11-05 09:40:00+09:00,1338.0,1338.5,1337.5,1338.5,6700,0.0,0.0
2024-11-05 09:41:00+09:00,1338.5,1338.5,1337.5,1337.5,5300,0.0,0.0
2024-11-05 09:42:00+09:00,1337.5,1337.5,1336.5,1336.5,4000,0.0,0.0
2024-11-05 09:43:00+09:00,1336.0,1336.5,1334.0,1334.5,9800,0.0,0.0
2024-11-05 09:44:00+09:00,1334.5,1334.5,1334.0,1334.0,4200,0.0,0.0
2024-11-05 09:45:00+09:00,1334.0,1334.0,1332.5,1333.0,7900,0.0,0.0
2024-11-05 09:46:00+09:00,1332.5,1333.5,1332.5,1333.0,4900,0.0,0.0
2024-11-05 09:47:00+09:00,1333.5,1335.0,1333.5,1335.0,15800,0.0,0.0
2024-11-05 09:48:00+09:00,1335.5,1336.0,1335.0,1336.0,3500,0.0,0.0
2024-11-05 09:49:00+09:00,1336.5,1337.0,1336.0,1337.0,2700,0.0,0.0
2024-11-05 09:50:00+09:00,1336.0,1337.5,1336.0,1337.5,2400,0.0,0.0
2024-11-05 09:51:00+09:00,1337.5,1337.5,1337.0,1337.5,1600,0.0,0.0
2024-11-05 09:52:00+09:00,1337.5,1337.5,1336.5,1336.5,10200,0.0,0.0
2024-11-05 09:53:00+09:00,1336.5,1337.0,1336.0,1337.0,6300,0.0,0.0
2024-11-05 09:54:00+09:00,1336.5,1336.5,1336.5,1336.5,1700,0.0,0.0
2024-11-05 09:55:00+09:00,1336.0,1336.0,1335.5,1336.0,6500,0.0,0.0
2024-11-05 09:56:00+09:00,1336.0,1336.5,1336.0,1336.0,1900,0.0,0.0
2024-11-05 09:57:00+09:00,1336.5,1336.5,1335.5,1336.0,3400,0.0,0.0
2024-11-05 09:58:00+09:00,1335.5,1335.5,1335.0,1335.0,4500,0.0,0.0
2024-11-05 09:59:00+09:00,1335.0,1336.0,1335.0,1335.5,7300,0.0,0.0
2024-11-05 10:00:00+09:00,1335.5,1335.5,1334.0,1334.0,9000,0.0,0.0
2024-11-05 10:01:00+09:00,1334.5,1334.5,1334.0,1334.0,6300,0.0,0.0
2024-11-05 10:02:00+09:00,1334.5,1334.5,1334.0,1334.5,6200,0.0,0.0
2024-11-05 10:03:00+09:00,1335.0,1336.0,1335.0,1336.0,6800,0.0,0.0
2024-11-05 10:04:00+09:00,1335.5,1337.5,1335.5,1337.5,5800,0.0,0.0
2024-11-05 10:05:00+09:00,1337.0,1337.5,1337.0,1337.0,5700,0.0,0.0
2024-11-05 10:06:00+09:00,1337.5,1338.0,1337.0,1338.0,3700,0.0,0.0
2024-11-05 10:07:00+09:00,1338.0,1338.5,1337.5,1338.5,6100,0.0,0.0
2024-11-05 10:08:00+09:00,1339.0,1339.5,1338.5,1339.0,11500,0.0,0.0
2024-11-05 10:09:00+09:00,1339.0,1339.5,1339.0,1339.0,3600,0.0,0.0
2024-11-05 10:10:00+09:00,1339.0,1339.5,1338.5,1339.5,19200,0.0,0.0
2024-11-05 10:11:00+09:00,1339.5,1340.5,1339.0,1339.0,32400,0.0,0.0
2024-11-05 10:12:00+09:00,1339.0,1339.0,1337.0,1337.5,16600,0.0,0.0
2024-11-05 10:13:00+09:00,1338.0,1338.5,1338.0,1338.5,4500,0.0,0.0
2024-11-05 10:14:00+09:00,1338.5,1339.0,1338.5,1339.0,4800,0.0,0.0
2024-11-05 10:15:00+09:00,1339.0,1340.0,1339.0,1340.0,6300,0.0,0.0
2024-11-05 10:16:00+09:00,1340.5,1340.5,1339.5,1340.0,6800,0.0,0.0
2024-11-05 10:17:00+09:00,1340.0,1340.5,1339.5,1340.5,5000,0.0,0.0
2024-11-05 10:18:00+09:00,1340.5,1342.0,1340.0,1342.0,10200,0.0,0.0
2024-11-05 10:19:00+09:00,1342.0,1342.0,1341.5,1341.5,8100,0.0,0.0
2024-11-05 10:20:00+09:00,1341.5,1341.5,1341.0,1341.0,1300,0.0,0.0
2024-11-05 10:21:00+09:00,1341.5,1341.5,1341.0,1341.5,2500,0.0,0.0
2024-11-05 10:22:00+09:00,1341.5,1341.5,1340.5,1341.0,6700,0.0,0.0
2024-11-05 10:23:00+09:00,1341.0,1341.0,1340.5,1341.0,3100,0.0,0.0
2024-11-05 10:24:00+09:00,1340.5,1341.0,1340.5,1341.0,1900,0.0,0.0
2024-11-05 10:25:00+09:00,1340.5,1341.0,1340.0,1341.0,8700,0.0,0.0
2024-11-05 10:26:00+09:00,1341.0,1341.5,1341.0,1341.5,5000,0.0,0.0
2024-11-05 10:27:00+09:00,1341.5,1342.0,1341.5,1342.0,2800,0.0,0.0
2024-11-05 10:28:00+09:00,1341.5,1341.5,1340.0,1340.5,11600,0.0,0.0
2024-11-05 10:29:00+09:00,1340.5,1341.5,1340.5,1341.0,3400,0.0,0.0
2024-11-05 10:30:00+09:00,1341.0,1343.0,1341.0,1343.0,36100,0.0,0.0
2024-11-05 10:31:00+09:00,1342.5,1343.5,1342.5,1343.5,8400,0.0,0.0
2024-11-05 10:32:00+09:00,1343.5,1343.5,1343.0,1343.0,4600,0.0,0.0
2024-11-05 10:33:00+09:00,1343.5,1343.5,1343.0,1343.0,2100,0.0,0.0
2024-11-05 10:34:00+09:00,1343.5,1343.5,1343.0,1343.5,2200,0.0,0.0
2024-11-05 10:35:00+09:00,1343.5,1343.5,1342.5,1343.5,10100,0.0,0.0
2024-11-05 10:36:00+09:00,1343.5,1344.0,1343.0,1343.5,3900,0.0,0.0
2024-11-05 10:37:00+09:00,1344.0,1344.0,1344.0,1344.0,2100,0.0,0.0
2024-11-05 10:38:00+09:00,1343.5,1344.0,1343.5,1344.0,1000,0.0,0.0
2024-11-05 10:39:00+09:00,1344.0,1344.0,1343.0,1344.0,14700,0.0,0.0
2024-11-05 10:40:00+09:00,1344.0,1344.0,1343.5,1344.0,5800,0.0,0.0
2024-11-05 10:41:00+09:00,1344.5,1344.5,1343.5,1343.5,5900,0.0,0.0
2024-11-05 10:42:00+09:00,1344.0,1344.0,1343.5,1343.5,2100,0.0,0.0
2024-11-05 10:43:00+09:00,1343.5,1344.0,1343.5,1343.5,900,0.0,0.0
2024-11-05 10:44:00+09:00,1343.5,1344.0,1343.5,1343.5,2600,0.0,0.0
2024-11-05 10:45:00+09:00,1344.0,1346.5,1344.0,1346.0,63900,0.0,0.0
2024-11-05 10:46:00+09:00,1346.0,1346.0,1345.0,1346.0,3700,0.0,0.0
2024-11-05 10:47:00+09:00,1345.5,1346.0,1345.5,1346.0,1800,0.0,0.0
2024-11-05 10:48:00+09:00,1346.0,1346.5,1345.5,1346.0,3800,0.0,0.0
2024-11-05 10:49:00+09:00,1346.0,1346.5,1345.5,1346.5,3000,0.0,0.0
2024-11-05 10:50:00+09:00,1346.5,1346.5,1345.5,1346.0,5300,0.0,0.0
2024-11-05 10:51:00+09:00,1346.5,1347.0,1346.0,1346.0,6500,0.0,0.0
2024-11-05 10:52:00+09:00,1346.5,1346.5,1346.0,1346.0,1600,0.0,0.0
2024-11-05 10:53:00+09:00,1346.0,1346.5,1345.0,1345.0,9600,0.0,0.0
2024-11-05 10:54:00+09:00,1345.5,1345.5,1345.5,1345.5,3400,0.0,0.0
2024-11-05 10:55:00+09:00,1345.5,1345.5,1345.0,1345.5,1300,0.0,0.0
2024-11-05 10:56:00+09:00,1345.0,1345.5,1344.5,1345.5,12500,0.0,0.0
2024-11-05 10:57:00+09:00,1345.0,1345.5,1345.0,1345.0,700,0.0,0.0
2024-11-05 10:58:00+09:00,1345.5,1346.0,1345.5,1345.5,8800,0.0,0.0
2024-11-05 10:59:00+09:00,1345.5,1347.0,1345.5,1347.0,16700,0.0,0.0
2024-11-05 11:00:00+09:00,1346.5,1346.5,1346.0,1346.5,9700,0.0,0.0
2024-11-05 11:01:00+09:00,1347.0,1347.0,1346.0,1346.5,18600,0.0,0.0
2024-11-05 11:02:00+09:00,1346.0,1347.0,1346.0,1346.0,12400,0.0,0.0
2024-11-05 11:03:00+09:00,1346.0,1346.0,1345.0,1345.5,5800,0.0,0.0
2024-11-05 11:04:00+09:00,1345.5,1345.5,1345.0,1345.0,900,0.0,0.0
2024-11-05 11:05:00+09:00,1345.5,1345.5,1345.5,1345.5,1200,0.0,0.0
2024-11-05 11:06:00+09:00,1346.0,1346.0,1346.0,1346.0,200,0.0,0.0
2024-11-05 11:07:00+09:00,1346.0,1347.0,1346.0,1347.0,14500,0.0,0.0
2024-11-05 11:08:00+09:00,1347.0,1347.0,1346.5,1346.5,1600,0.0,0.0
2024-11-05 11:09:00+09:00,1346.5,1347.0,1346.5,1347.0,6100,0.0,0.0
2024-11-05 11:10:00+09:00,1346.5,1347.0,1346.5,1347.0,2100,0.0,0.0
2024-11-05 11:11:00+09:00,1346.5,1346.5,1346.0,1346.0,5300,0.0,0.0
2024-11-05 11:12:00+09:00,1346.0,1346.5,1346.0,1346.0,1900,0.0,0.0
2024-11-05 11:13:00+09:00,1346.0,1346.5,1345.5,1346.0,14000,0.0,0.0
2024-11-05 11:14:00+09:00,1346.0,1346.0,1345.5,1346.0,4100,0.0,0.0
2024-11-05 11:15:00+09:00,1346.0,1346.0,1345.5,1346.0,4000,0.0,0.0
2024-11-05 11:16:00+09:00,1346.0,1346.0,1346.0,1346.0,3400,0.0,0.0
2024-11-05 11:17:00+09:00,1346.5,1347.0,1346.5,1347.0,7500,0.0,0.0
2024-11-05 11:18:00+09:00,1346.5,1347.0,1346.5,1347.0,1800,0.0,0.0
2024-11-05 11:19:00+09:00,1346.5,1346.5,1345.5,1345.5,6200,0.0,0.0
2024-11-05 11:20:00+09:00,1345.5,1346.0,1345.5,1345.5,1400,0.0,0.0
2024-11-05 11:21:00+09:00,1345.5,1346.0,1345.0,1345.5,8900,0.0,0.0
2024-11-05 11:22:00+09:00,1345.5,1346.0,1345.5,1345.5,2000,0.0,0.0
2024-11-05 11:23:00+09:00,1345.5,1346.0,1345.5,1345.5,18800,0.0,0.0
2024-11-05 11:24:00+09:00,1345.0,1345.5,1345.0,1345.0,900,0.0,0.0
2024-11-05 11:25:00+09:00,1345.5,1345.5,1344.5,1344.5,16500,0.0,0.0
2024-11-05 11:26:00+09:00,1345.0,1345.0,1344.0,1344.0,10100,0.0,0.0
2024-11-05 11:27:00+09:00,1344.0,1344.5,1344.0,1344.5,7300,0.0,0.0
2024-11-05 11:28:00+09:00,1344.0,1346.5,1344.0,1346.5,8900,0.0,0.0
2024-11-05 11:29:00+09:00,1346.0,1346.5,1344.5,1345.5,15600,0.0,0.0
2024-11-05 11:30:00+09:00,1346.0,1346.0,1346.0,1346.0,8300,0.0,0.0
2024-11-05 11:35:00+09:00,1346.0,1346.0,1346.0,1346.0,0,0.0,0.0
2024-11-05 12:30:00+09:00,1346.0,1346.5,1344.5,1345.0,1574500,0.0,0.0
2024-11-05 12:31:00+09:00,1344.5,1345.0,1343.5,1343.5,6600,0.0,0.0
2024-11-05 12:32:00+09:00,1344.0,1344.5,1343.0,1343.0,9500,0.0,0.0
2024-11-05 12:33:00+09:00,1343.5,1343.5,1343.0,1343.0,1900,0.0,0.0
2024-11-05 12:34:00+09:00,1343.0,1343.0,1341.5,1341.5,5400,0.0,0.0
2024-11-05 12:35:00+09:00,1342.0,1342.0,1341.5,1342.0,6400,0.0,0.0
2024-11-05 12:36:00+09:00,1341.5,1342.0,1341.5,1341.5,13100,0.0,0.0
2024-11-05 12:37:00+09:00,1341.5,1342.0,1341.0,1341.0,1500,0.0,0.0
2024-11-05 12:38:00+09:00,1340.5,1340.5,1340.5,1340.5,4400,0.0,0.0
2024-11-05 12:39:00+09:00,1340.5,1340.5,1340.0,1340.0,4100,0.0,0.0
2024-11-05 12:40:00+09:00,1340.0,1340.5,1339.0,1340.5,27800,0.0,0.0
2024-11-05 12:41:00+09:00,1341.0,1341.0,1339.5,1339.5,5300,0.0,0.0
2024-11-05 12:42:00+09:00,1339.5,1340.0,1339.5,1339.5,3500,0.0,0.0
2024-11-05 12:43:00+09:00,1339.5,1339.5,1339.5,1339.5,1000,0.0,0.0
2024-11-05 12:44:00+09:00,1339.5,1340.0,1339.5,1339.5,2800,0.0,0.0
2024-11-05 12:45:00+09:00,1339.5,1340.0,1339.5,1340.0,5000,0.0,0.0
2024-11-05 12:46:00+09:00,1340.0,1341.0,1340.0,1341.0,9400,0.0,0.0
2024-11-05 12:47:00+09:00,1340.5,1340.5,1339.0,1339.0,6700,0.0,0.0
2024-11-05 12:48:00+09:00,1339.0,1339.0,1337.5,1337.5,6600,0.0,0.0
2024-11-05 12:49:00+09:00,1337.0,1338.0,1337.0,1337.5,7200,0.0,0.0
2024-11-05 12:50:00+09:00,1338.0,1339.0,1338.0,1339.0,6900,0.0,0.0
2024-11-05 12:51:00+09:00,1339.0,1339.0,1339.0,1339.0,500,0.0,0.0
2024-11-05 12:52:00+09:00,1339.0,1339.0,1338.5,1338.5,3700,0.0,0.0
2024-11-05 12:53:00+09:00,1338.5,1339.5,1338.5,1339.5,8000,0.0,0.0
2024-11-05 12:54:00+09:00,1339.5,1339.5,1339.5,1339.5,1100,0.0,0.0
2024-11-05 12:55:00+09:00,1340.0,1341.0,1340.0,1340.5,6500,0.0,0.0
2024-11-05 12:56:00+09:00,1341.0,1341.0,1340.5,1341.0,1200,0.0,0.0
2024-11-05 12:57:00+09:00,1340.5,1341.0,1340.5,1340.5,1700,0.0,0.0
2024-11-05 12:58:00+09:00,1340.5,1341.0,1340.0,1340.5,10400,0.0,0.0
2024-11-05 12:59:00+09:00,1340.5,1340.5,1340.5,1340.5,1300,0.0,0.0
2024-11-05 13:00:00+09:00,1340.5,1341.0,1340.5,1341.0,5600,0.0,0.0
2024-11-05 13:01:00+09:00,1341.5,1341.5,1341.0,1341.0,7600,0.0,0.0
2024-11-05 13:02:00+09:00,1341.5,1342.0,1341.0,1342.0,3700,0.0,0.0
2024-11-05 13:03:00+09:00,1342.0,1342.5,1342.0,1342.5,8500,0.0,0.0
2024-11-05 13:04:00+09:00,1342.5,1343.0,1342.5,1342.5,2000,0.0,0.0
2024-11-05 13:05:00+09:00,1343.0,1343.0,1342.0,1343.0,11300,0.0,0.0
2024-11-05 13:06:00+09:00,1343.0,1343.0,1343.0,1343.0,500,0.0,0.0
2024-11-05 13:07:00+09:00,1343.0,1343.5,1343.0,1343.0,1400,0.0,0.0
2024-11-05 13:08:00+09:00,1343.0,1343.0,1342.5,1343.0,9600,0.0,0.0
2024-11-05 13:09:00+09:00,1343.0,1343.5,1343.0,1343.0,800,0.0,0.0
2024-11-05 13:10:00+09:00,1343.0,1343.0,1342.5,1342.5,4600,0.0,0.0
2024-11-05 13:11:00+09:00,1342.5,1342.5,1342.0,1342.5,6500,0.0,0.0
2024-11-05 13:12:00+09:00,1342.0,1343.0,1342.0,1343.0,9900,0.0,0.0
2024-11-05 13:13:00+09:00,1342.5,1343.0,1342.5,1343.0,6200,0.0,0.0
2024-11-05 13:14:00+09:00,1343.0,1343.5,1343.0,1343.0,4500,0.0,0.0
2024-11-05 13:15:00+09:00,1343.0,1343.0,1342.5,1343.0,900,0.0,0.0
2024-11-05 13:16:00+09:00,1343.0,1343.0,1343.0,1343.0,3100,0.0,0.0
2024-11-05 13:17:00+09:00,1342.5,1342.5,1341.5,1341.5,7500,0.0,0.0
2024-11-05 13:18:00+09:00,1341.0,1341.5,1341.0,1341.5,8800,0.0,0.0
2024-11-05 13:19:00+09:00,1342.0,1342.5,1341.5,1342.5,4900,0.0,0.0
2024-11-05 13:20:00+09:00,1342.5,1342.5,1342.5,1342.5,4800,0.0,0.0
2024-11-05 13:21:00+09:00,1343.0,1343.0,1342.5,1342.5,200,0.0,0.0
2024-11-05 13:22:00+09:00,1342.5,1342.5,1342.0,1342.0,6800,0.0,0.0
2024-11-05 13:23:00+09:00,1342.0,1342.5,1342.0,1342.5,4900,0.0,0.0
2024-11-05 13:24:00+09:00,1343.0,1343.5,1343.0,1343.0,5400,0.0,0.0
2024-11-05 13:25:00+09:00,1343.0,1343.0,1343.0,1343.0,1200,0.0,0.0
2024-11-05 13:26:00+09:00,1343.5,1344.5,1343.5,1344.5,9000,0.0,0.0
2024-11-05 13:27:00+09:00,1344.5,1344.5,1344.0,1344.0,700,0.0,0.0
2024-11-05 13:28:00+09:00,1344.0,1345.0,1344.0,1345.0,5700,0.0,0.0
2024-11-05 13:29:00+09:00,1344.5,1344.5,1344.5,1344.5,2900,0.0,0.0
2024-11-05 13:30:00+09:00,1344.0,1344.0,1342.5,1342.5,18500,0.0,0.0
2024-11-05 13:31:00+09:00,1342.5,1342.5,1341.5,1342.0,10500,0.0,0.0
2024-11-05 13:32:00+09:00,1342.0,1342.5,1341.5,1342.5,7100,0.0,0.0
2024-11-05 13:33:00+09:00,1342.5,1342.5,1342.0,1342.0,1400,0.0,0.0
2024-11-05 13:34:00+09:00,1342.0,1342.5,1342.0,1342.5,2500,0.0,0.0
2024-11-05 13:35:00+09:00,1342.0,1342.5,1342.0,1342.0,12000,0.0,0.0
2024-11-05 13:36:00+09:00,1342.0,1342.0,1341.5,1342.0,14300,0.0,0.0
2024-11-05 13:37:00+09:00,1342.0,1342.0,1342.0,1342.0,1200,0.0,0.0
2024-11-05 13:38:00+09:00,1342.0,1342.5,1342.0,1342.5,7100,0.0,0.0
2024-11-05 13:39:00+09:00,1342.5,1342.5,1342.5,1342.5,400,0.0,0.0
2024-11-05 13:40:00+09:00,1342.5,1342.5,1342.5,1342.5,400,0.0,0.0
2024-11-05 13:41:00+09:00,1342.5,1343.5,1342.5,1343.0,8300,0.0,0.0
2024-11-05 13:42:00+09:00,1342.5,1343.0,1342.5,1343.0,3300,0.0,0.0
2024-11-05 13:43:00+09:00,1343.0,1343.0,1343.0,1343.0,4700,0.0,0.0
2024-11-05 13:44:00+09:00,1342.5,1342.5,1342.0,1342.0,5800,0.0,0.0
2024-11-05 13:46:00+09:00,1342.5,1342.5,1342.5,1342.5,7300,0.0,0.0
2024-11-05 13:47:00+09:00,1342.0,1342.0,1342.0,1342.0,500,0.0,0.0
2024-11-05 13:48:00+09:00,1342.0,1342.5,1342.0,1342.0,2100,0.0,0.0
2024-11-05 13:49:00+09:00,1342.0,1342.0,1341.0,1341.5,17800,0.0,0.0
2024-11-05 13:50:00+09:00,1341.5,1342.5,1341.5,1342.5,10300,0.0,0.0
2024-11-05 13:51:00+09:00,1342.5,1342.5,1342.0,1342.0,2200,0.0,0.0
2024-11-05 13:52:00+09:00,1342.0,1342.0,1341.5,1342.0,11500,0.0,0.0
2024-11-05 13:53:00+09:00,1342.0,1342.0,1341.5,1342.0,3700,0.0,0.0
2024-11-05 13:54:00+09:00,1341.5,1342.0,1341.5,1342.0,3100,0.0,0.0
2024-11-05 13:55:00+09:00,1342.0,1342.5,1342.0,1342.5,7500,0.0,0.0
2024-11-05 13:56:00+09:00,1342.5,1342.5,1342.5,1342.5,700,0.0,0.0
2024-11-05 13:57:00+09:00,1342.5,1343.0,1342.5,1343.0,600,0.0,0.0
2024-11-05 13:58:00+09:00,1342.5,1343.0,1342.5,1342.5,700,0.0,0.0
2024-11-05 13:59:00+09:00,1343.0,1343.5,1343.0,1343.5,7400,0.0,0.0
2024-11-05 14:01:00+09:00,1344.0,1344.5,1344.0,1344.5,16500,0.0,0.0
2024-11-05 14:02:00+09:00,1344.5,1344.5,1344.0,1344.5,3300,0.0,0.0
2024-11-05 14:03:00+09:00,1344.5,1345.0,1344.5,1344.5,1500,0.0,0.0
2024-11-05 14:04:00+09:00,1345.0,1345.0,1344.5,1344.5,11500,0.0,0.0
2024-11-05 14:05:00+09:00,1344.0,1344.0,1343.5,1343.5,7000,0.0,0.0
2024-11-05 14:06:00+09:00,1343.5,1344.0,1343.5,1344.0,2900,0.0,0.0
2024-11-05 14:07:00+09:00,1344.0,1344.5,1344.0,1344.0,1700,0.0,0.0
2024-11-05 14:08:00+09:00,1344.5,1345.0,1344.0,1344.5,21300,0.0,0.0
2024-11-05 14:09:00+09:00,1344.0,1344.0,1343.0,1343.0,9000,0.0,0.0
2024-11-05 14:10:00+09:00,1343.0,1343.0,1342.5,1342.5,7800,0.0,0.0
2024-11-05 14:11:00+09:00,1342.5,1342.5,1342.0,1342.0,2200,0.0,0.0
2024-11-05 14:12:00+09:00,1342.5,1342.5,1342.5,1342.5,4300,0.0,0.0
2024-11-05 14:13:00+09:00,1342.5,1343.0,1342.5,1343.0,2600,0.0,0.0
2024-11-05 14:14:00+09:00,1342.5,1342.5,1342.5,1342.5,100,0.0,0.0
2024-11-05 14:15:00+09:00,1343.0,1343.0,1343.0,1343.0,5000,0.0,0.0
2024-11-05 14:16:00+09:00,1343.5,1343.5,1343.0,1343.5,9500,0.0,0.0
2024-11-05 14:17:00+09:00,1343.5,1344.0,1343.5,1343.5,1300,0.0,0.0
2024-11-05 14:18:00+09:00,1344.0,1345.0,1344.0,1345.0,6800,0.0,0.0
2024-11-05 14:19:00+09:00,1344.5,1345.0,1344.5,1345.0,1500,0.0,0.0
2024-11-05 14:20:00+09:00,1345.0,1345.0,1344.5,1344.5,11000,0.0,0.0
2024-11-05 14:21:00+09:00,1344.0,1344.0,1344.0,1344.0,6400,0.0,0.0
2024-11-05 14:22:00+09:00,1344.5,1345.0,1344.0,1344.5,12800,0.0,0.0
2024-11-05 14:23:00+09:00,1344.0,1344.0,1343.5,1344.0,8700,0.0,0.0
2024-11-05 14:24:00+09:00,1343.5,1343.5,1343.5,1343.5,400,0.0,0.0
2024-11-05 14:25:00+09:00,1343.5,1343.5,1342.5,1342.5,15300,0.0,0.0
2024-11-05 14:26:00+09:00,1342.5,1342.5,1342.0,1342.5,3000,0.0,0.0
2024-11-05 14:27:00+09:00,1342.0,1342.5,1342.0,1342.0,5400,0.0,0.0
2024-11-05 14:28:00+09:00,1342.0,1342.0,1342.0,1342.0,300,0.0,0.0
2024-11-05 14:29:00+09:00,1342.5,1342.5,1342.0,1342.0,3600,0.0,0.0
2024-11-05 14:30:00+09:00,1342.5,1343.0,1342.5,1343.0,12000,0.0,0.0
2024-11-05 14:31:00+09:00,1343.5,1343.5,1342.0,1342.0,9200,0.0,0.0
2024-11-05 14:32:00+09:00,1342.5,1342.5,1342.5,1342.5,1700,0.0,0.0
2024-11-05 14:33:00+09:00,1342.5,1342.5,1342.0,1342.5,4200,0.0,0.0
2024-11-05 14:34:00+09:00,1342.5,1342.5,1342.0,1342.5,6100,0.0,0.0
2024-11-05 14:35:00+09:00,1343.0,1343.0,1342.0,1342.0,5700,0.0,0.0
2024-11-05 14:36:00+09:00,1342.0,1343.0,1342.0,1343.0,9100,0.0,0.0
2024-11-05 14:37:00+09:00,1343.0,1343.0,1342.5,1342.5,1800,0.0,0.0
2024-11-05 14:38:00+09:00,1343.0,1343.0,1342.0,1342.0,5400,0.0,0.0
2024-11-05 14:39:00+09:00,1342.5,1342.5,1342.0,1342.0,800,0.0,0.0
2024-11-05 14:40:00+09:00,1342.0,1342.5,1342.0,1342.5,4200,0.0,0.0
2024-11-05 14:41:00+09:00,1343.0,1343.5,1343.0,1343.5,12700,0.0,0.0
2024-11-05 14:42:00+09:00,1343.5,1344.0,1343.5,1343.5,4000,0.0,0.0
2024-11-05 14:43:00+09:00,1344.0,1344.0,1343.0,1343.5,16600,0.0,0.0
2024-11-05 14:44:00+09:00,1343.0,1343.5,1343.0,1343.5,2400,0.0,0.0
2024-11-05 14:45:00+09:00,1343.0,1343.0,1342.5,1342.5,4900,0.0,0.0
2024-11-05 14:46:00+09:00,1343.0,1343.0,1342.5,1342.5,7200,0.0,0.0
2024-11-05 14:47:00+09:00,1343.0,1343.0,1342.5,1343.0,4400,0.0,0.0
2024-11-05 14:48:00+09:00,1342.5,1343.0,1342.5,1342.5,1800,0.0,0.0
2024-11-05 14:49:00+09:00,1342.5,1343.0,1342.5,1342.5,1700,0.0,0.0
2024-11-05 14:50:00+09:00,1342.5,1344.5,1342.5,1344.5,37700,0.0,0.0
2024-11-05 14:51:00+09:00,1344.5,1344.5,1344.0,1344.5,8300,0.0,0.0
2024-11-05 14:52:00+09:00,1344.5,1345.5,1344.5,1345.0,22600,0.0,0.0
2024-11-05 14:53:00+09:00,1344.5,1345.0,1344.5,1345.0,8300,0.0,0.0
2024-11-05 14:54:00+09:00,1345.0,1345.5,1345.0,1345.0,2100,0.0,0.0
2024-11-05 14:55:00+09:00,1345.5,1345.5,1345.0,1345.5,2600,0.0,0.0
2024-11-05 14:56:00+09:00,1345.5,1346.0,1345.0,1345.5,15800,0.0,0.0
2024-11-05 14:57:00+09:00,1345.5,1346.0,1345.5,1346.0,3800,0.0,0.0
2024-11-05 14:58:00+09:00,1346.0,1346.0,1345.5,1345.5,3500,0.0,0.0
2024-11-05 14:59:00+09:00,1346.0,1346.0,1345.0,1345.5,29100,0.0,0.0
2024-11-06 09:04:00+09:00,1339.0,1339.0,1339.0,1339.0,0,0.0,0.0
2024-11-06 09:05:00+09:00,1356.0,1359.5,1356.0,1359.5,320500,0.0,0.0
2024-11-06 09:06:00+09:00,1359.0,1359.0,1357.0,1357.5,23600,0.0,0.0
2024-11-06 09:07:00+09:00,1356.5,1358.5,1356.0,1357.5,23600,0.0,0.0
2024-11-06 09:08:00+09:00,1357.0,1357.0,1355.5,1356.5,16300,0.0,0.0
2024-11-06 09:09:00+09:00,1356.0,1357.0,1353.5,1354.0,19800,0.0,0.0
2024-11-06 09:10:00+09:00,1354.0,1357.5,1353.5,1357.0,19500,0.0,0.0
2024-11-06 09:11:00+09:00,1357.5,1358.5,1357.5,1357.5,6200,0.0,0.0
2024-11-06 09:12:00+09:00,1358.0,1358.5,1356.5,1357.5,25500,0.0,0.0
2024-11-06 09:13:00+09:00,1358.0,1359.0,1357.5,1358.0,16800,0.0,0.0
2024-11-06 09:14:00+09:00,1358.0,1359.0,1357.5,1358.0,34500,0.0,0.0
2024-11-06 09:15:00+09:00,1358.5,1359.5,1358.0,1358.5,18700,0.0,0.0
2024-11-06 09:16:00+09:00,1359.0,1360.5,1357.0,1359.5,87700,0.0,0.0
2024-11-06 09:17:00+09:00,1359.0,1362.0,1358.0,1360.5,65700,0.0,0.0
2024-11-06 09:18:00+09:00,1360.5,1364.0,1360.0,1364.0,15900,0.0,0.0
2024-11-06 09:19:00+09:00,1363.0,1365.0,1363.0,1364.0,24800,0.0,0.0
2024-11-06 09:20:00+09:00,1364.0,1365.0,1362.5,1363.5,15600,0.0,0.0
2024-11-06 09:21:00+09:00,1363.0,1364.5,1363.0,1363.5,11100,0.0,0.0
2024-11-06 09:22:00+09:00,1364.0,1364.0,1362.5,1363.5,15600,0.0,0.0
2024-11-06 09:23:00+09:00,1363.5,1364.5,1362.5,1364.0,17100,0.0,0.0
2024-11-06 09:24:00+09:00,1363.5,1364.5,1363.0,1363.5,8100,0.0,0.0
2024-11-06 09:25:00+09:00,1363.5,1365.0,1363.0,1363.5,35100,0.0,0.0
2024-11-06 09:26:00+09:00,1364.0,1365.5,1364.0,1365.0,29000,0.0,0.0
2024-11-06 09:27:00+09:00,1365.5,1365.5,1363.0,1363.5,15200,0.0,0.0
2024-11-06 09:28:00+09:00,1363.0,1363.5,1363.0,1363.5,15700,0.0,0.0
2024-11-06 09:29:00+09:00,1363.5,1363.5,1362.5,1363.0,16700,0.0,0.0
2024-11-06 09:30:00+09:00,1363.0,1366.0,1362.0,1362.5,154600,0.0,0.0
2024-11-06 09:31:00+09:00,1362.5,1363.5,1361.5,1362.0,9300,0.0,0.0
2024-11-06 09:32:00+09:00,1361.5,1362.5,1361.5,1361.5,10300,0.0,0.0
2024-11-06 09:33:00+09:00,1362.0,1363.0,1361.5,1361.5,12500,0.0,0.0
2024-11-06 09:34:00+09:00,1362.0,1365.0,1361.5,1364.5,41500,0.0,0.0
2024-11-06 09:35:00+09:00,1365.5,1366.5,1365.0,1365.5,28300,0.0,0.0
2024-11-06 09:36:00+09:00,1366.0,1366.0,1365.5,1366.0,8200,0.0,0.0
2024-11-06 09:37:00+09:00,1366.5,1367.0,1366.0,1367.0,7200,0.0,0.0
2024-11-06 09:38:00+09:00,1366.5,1367.0,1365.0,1366.0,11600,0.0,0.0
2024-11-06 09:39:00+09:00,1365.5,1366.0,1363.5,1365.5,20800,0.0,0.0
2024-11-06 09:40:00+09:00,1365.5,1366.0,1365.0,1365.5,3200,0.0,0.0
2024-11-06 09:41:00+09:00,1365.5,1366.0,1363.5,1366.0,13800,0.0,0.0
2024-11-06 09:42:00+09:00,1365.5,1366.0,1365.0,1366.0,4100,0.0,0.0
2024-11-06 09:43:00+09:00,1366.5,1367.5,1365.5,1367.0,18900,0.0,0.0
2024-11-06 09:44:00+09:00,1367.0,1367.5,1366.0,1367.0,9000,0.0,0.0
2024-11-06 09:45:00+09:00,1366.0,1367.0,1365.5,1365.5,8500,0.0,0.0
2024-11-06 09:46:00+09:00,1365.5,1366.0,1365.5,1366.0,4800,0.0,0.0
2024-11-06 09:47:00+09:00,1365.5,1366.5,1365.0,1365.5,9300,0.0,0.0
2024-11-06 09:48:00+09:00,1366.0,1366.5,1364.5,1364.5,14200,0.0,0.0
2024-11-06 09:49:00+09:00,1364.5,1365.5,1364.5,1364.5,4900,0.0,0.0
2024-11-06 09:50:00+09:00,1365.0,1365.5,1364.5,1365.5,12200,0.0,0.0
2024-11-06 09:51:00+09:00,1365.5,1366.0,1364.5,1365.0,8400,0.0,0.0
2024-11-06 09:52:00+09:00,1365.5,1366.0,1365.0,1365.5,10400,0.0,0.0
2024-11-06 09:53:00+09:00,1366.0,1366.0,1365.0,1365.0,8300,0.0,0.0
2024-11-06 09:54:00+09:00,1365.5,1365.5,1361.0,1362.0,36100,0.0,0.0
2024-11-06 09:55:00+09:00,1362.0,1362.0,1361.0,1361.0,3300,0.0,0.0
2024-11-06 09:56:00+09:00,1361.5,1362.5,1361.0,1362.0,7600,0.0,0.0
2024-11-06 09:57:00+09:00,1361.5,1361.5,1361.0,1361.5,5100,0.0,0.0
2024-11-06 09:58:00+09:00,1361.0,1362.0,1360.5,1361.5,4300,0.0,0.0
2024-11-06 09:59:00+09:00,1361.0,1361.5,1360.5,1361.0,5500,0.0,0.0
2024-11-06 10:00:00+09:00,1361.5,1364.0,1361.5,1364.0,10200,0.0,0.0
2024-11-06 10:02:00+09:00,1363.5,1364.5,1363.5,1364.5,15300,0.0,0.0
2024-11-06 10:03:00+09:00,1364.0,1364.5,1364.0,1364.5,4500,0.0,0.0
2024-11-06 10:04:00+09:00,1364.0,1365.0,1364.0,1364.0,6600,0.0,0.0
2024-11-06 10:05:00+09:00,1364.5,1365.5,1364.0,1365.0,8700,0.0,0.0
2024-11-06 10:06:00+09:00,1364.5,1365.5,1364.5,1365.5,7100,0.0,0.0
2024-11-06 10:07:00+09:00,1365.0,1366.0,1365.0,1365.0,8200,0.0,0.0
2024-11-06 10:08:00+09:00,1365.5,1366.0,1364.5,1364.5,8100,0.0,0.0
2024-11-06 10:09:00+09:00,1365.0,1366.5,1365.0,1366.5,9400,0.0,0.0
2024-11-06 10:10:00+09:00,1366.5,1366.5,1364.0,1364.0,25200,0.0,0.0
2024-11-06 10:11:00+09:00,1363.5,1364.0,1363.0,1363.0,6900,0.0,0.0
2024-11-06 10:12:00+09:00,1363.5,1364.5,1363.5,1364.0,4700,0.0,0.0
2024-11-06 10:13:00+09:00,1364.5,1365.0,1364.0,1364.5,9200,0.0,0.0
2024-11-06 10:14:00+09:00,1364.5,1364.5,1364.0,1364.5,4200,0.0,0.0
2024-11-06 10:15:00+09:00,1364.0,1364.5,1363.5,1364.0,6800,0.0,0.0
2024-11-06 10:16:00+09:00,1364.0,1364.5,1361.5,1361.5,17900,0.0,0.0
2024-11-06 10:17:00+09:00,1362.0,1363.0,1361.5,1361.5,19800,0.0,0.0
2024-11-06 10:18:00+09:00,1362.0,1363.5,1362.0,1363.5,7100,0.0,0.0
2024-11-06 10:19:00+09:00,1363.5,1363.5,1363.0,1363.5,5500,0.0,0.0
2024-11-06 10:20:00+09:00,1363.5,1363.5,1361.5,1363.0,10600,0.0,0.0
2024-11-06 10:21:00+09:00,1363.0,1363.0,1361.5,1361.5,4000,0.0,0.0
2024-11-06 10:22:00+09:00,1361.5,1362.0,1361.0,1361.5,5900,0.0,0.0
2024-11-06 10:23:00+09:00,1361.5,1362.5,1361.5,1362.5,6000,0.0,0.0
2024-11-06 10:24:00+09:00,1362.0,1362.5,1361.0,1361.5,7200,0.0,0.0
2024-11-06 10:25:00+09:00,1361.0,1361.5,1360.5,1360.5,5500,0.0,0.0
2024-11-06 10:26:00+09:00,1361.0,1361.5,1359.5,1360.0,16200,0.0,0.0
2024-11-06 10:27:00+09:00,1360.0,1361.0,1360.0,1361.0,5700,0.0,0.0
2024-11-06 10:28:00+09:00,1360.5,1362.5,1360.5,1362.5,10000,0.0,0.0
2024-11-06 10:29:00+09:00,1362.5,1363.5,1362.5,1363.5,4400,0.0,0.0
2024-11-06 10:30:00+09:00,1363.5,1364.0,1363.0,1363.5,9000,0.0,0.0
2024-11-06 10:31:00+09:00,1363.5,1363.5,1363.0,1363.5,8300,0.0,0.0
2024-11-06 10:32:00+09:00,1363.5,1364.0,1363.5,1364.0,6100,0.0,0.0
2024-11-06 10:33:00+09:00,1364.0,1364.5,1362.5,1362.5,13300,0.0,0.0
2024-11-06 10:34:00+09:00,1362.5,1363.0,1361.5,1362.5,5600,0.0,0.0
2024-11-06 10:35:00+09:00,1363.0,1365.0,1362.5,1363.0,13600,0.0,0.0
2024-11-06 10:36:00+09:00,1363.0,1363.5,1363.0,1363.0,2200,0.0,0.0
2024-11-06 10:37:00+09:00,1363.5,1364.0,1363.5,1364.0,6800,0.0,0.0
2024-11-06 10:38:00+09:00,1364.0,1364.5,1364.0,1364.5,6200,0.0,0.0
2024-11-06 10:39:00+09:00,1364.5,1364.5,1363.5,1363.5,7500,0.0,0.0
2024-11-06 10:40:00+09:00,1363.5,1364.0,1363.0,1363.5,10800,0.0,0.0
2024-11-06 10:41:00+09:00,1362.5,1363.5,1362.5,1362.5,10000,0.0,0.0
2024-11-06 10:42:00+09:00,1363.5,1363.5,1362.5,1363.0,7300,0.0,0.0
2024-11-06 10:43:00+09:00,1363.5,1363.5,1363.0,1363.5,3500,0.0,0.0
2024-11-06 10:44:00+09:00,1363.0,1363.5,1360.5,1360.5,14100,0.0,0.0
2024-11-06 10:45:00+09:00,1361.0,1361.5,1361.0,1361.0,15200,0.0,0.0
2024-11-06 10:46:00+09:00,1361.0,1361.5,1360.5,1360.5,20800,0.0,0.0
2024-11-06 10:47:00+09:00,1360.5,1362.5,1360.5,1362.0,21800,0.0,0.0
2024-11-06 10:48:00+09:00,1361.5,1362.0,1361.0,1361.5,5300,0.0,0.0
2024-11-06 10:49:00+09:00,1362.0,1362.0,1361.0,1361.0,8500,0.0,0.0
2024-11-06 10:50:00+09:00,1360.5,1361.0,1359.0,1359.0,25100,0.0,0.0
2024-11-06 10:51:00+09:00,1359.5,1360.0,1359.0,1359.5,9500,0.0,0.0
2024-11-06 10:52:00+09:00,1359.5,1360.5,1359.5,1359.5,4800,0.0,0.0
2024-11-06 10:53:00+09:00,1359.5,1360.5,1359.5,1360.5,8900,0.0,0.0
2024-11-06 10:54:00+09:00,1360.5,1362.0,1360.5,1362.0,3200,0.0,0.0
2024-11-06 10:55:00+09:00,1361.5,1362.5,1361.5,1362.5,4600,0.0,0.0
2024-11-06 10:56:00+09:00,1362.0,1364.0,1362.0,1364.0,11100,0.0,0.0
2024-11-06 10:57:00+09:00,1363.0,1364.0,1363.0,1364.0,3600,0.0,0.0
2024-11-06 10:58:00+09:00,1364.0,1364.5,1363.5,1364.0,6100,0.0,0.0
2024-11-06 10:59:00+09:00,1363.5,1364.5,1363.0,1363.5,6200,0.0,0.0
2024-11-06 11:00:00+09:00,1364.0,1365.0,1364.0,1365.0,5500,0.0,0.0
2024-11-06 11:01:00+09:00,1365.0,1365.0,1364.0,1364.5,14500,0.0,0.0
2024-11-06 11:02:00+09:00,1364.5,1365.0,1363.5,1364.0,8500,0.0,0.0
2024-11-06 11:03:00+09:00,1364.0,1364.5,1364.0,1364.0,15500,0.0,0.0
2024-11-06 11:04:00+09:00,1363.5,1364.5,1363.5,1364.0,5900,0.0,0.0
2024-11-06 11:05:00+09:00,1364.5,1365.0,1363.5,1363.5,10800,0.0,0.0
2024-11-06 11:06:00+09:00,1363.5,1365.0,1363.0,1364.5,12100,0.0,0.0
2024-11-06 11:07:00+09:00,1364.5,1364.5,1364.0,1364.5,5600,0.0,0.0
2024-11-06 11:08:00+09:00,1364.5,1365.0,1363.0,1364.0,15600,0.0,0.0
2024-11-06 11:09:00+09:00,1364.5,1366.0,1364.5,1365.0,11700,0.0,0.0
2024-11-06 11:10:00+09:00,1365.0,1366.0,1365.0,1366.0,6800,0.0,0.0
2024-11-06 11:11:00+09:00,1365.5,1367.0,1365.5,1366.5,24000,0.0,0.0
2024-11-06 11:12:00+09:00,1366.5,1366.5,1365.5,1366.0,5200,0.0,0.0
2024-11-06 11:13:00+09:00,1366.5,1366.5,1363.0,1363.0,41200,0.0,0.0
2024-11-06 11:14:00+09:00,1363.0,1363.5,1342.5,1347.0,141700,0.0,0.0
2024-11-06 11:15:00+09:00,1347.0,1356.0,1346.5,1355.5,71200,0.0,0.0
2024-11-06 11:16:00+09:00,1355.0,1357.5,1352.0,1353.5,41400,0.0,0.0
2024-11-06 11:17:00+09:00,1353.0,1358.0,1353.0,1357.0,32100,0.0,0.0
2024-11-06 11:18:00+09:00,1357.0,1360.0,1356.5,1358.5,8900,0.0,0.0
2024-11-06 11:19:00+09:00,1359.0,1363.0,1358.5,1363.0,23600,0.0,0.0
2024-11-06 11:20:00+09:00,1363.0,1363.0,1362.0,1363.0,11800,0.0,0.0
2024-11-06 11:21:00+09:00,1363.0,1364.0,1362.5,1363.0,18800,0.0,0.0
2024-11-06 11:22:00+09:00,1363.0,1363.5,1362.0,1363.5,10300,0.0,0.0
2024-11-06 11:23:00+09:00,1363.5,1365.0,1363.5,1365.0,20400,0.0,0.0
2024-11-06 11:24:00+09:00,1365.0,1365.5,1363.5,1363.5,18900,0.0,0.0
2024-11-06 11:25:00+09:00,1364.5,1365.0,1364.0,1364.0,7800,0.0,0.0
2024-11-06 11:26:00+09:00,1365.0,1365.0,1362.5,1363.0,16800,0.0,0.0
2024-11-06 11:27:00+09:00,1363.5,1364.0,1361.0,1361.0,13600,0.0,0.0
2024-11-06 11:28:00+09:00,1361.0,1362.0,1360.5,1361.5,6700,0.0,0.0
2024-11-06 11:29:00+09:00,1361.0,1362.0,1360.5,1361.5,7100,0.0,0.0
2024-11-06 11:30:00+09:00,1360.5,1360.5,1360.5,1360.5,11300,0.0,0.0
2024-11-06 11:35:00+09:00,1360.5,1360.5,1360.5,1360.5,0,0.0,0.0
2024-11-06 12:30:00+09:00,1368.0,1383.0,1363.5,1381.0,3095400,0.0,0.0
2024-11-06 12:31:00+09:00,1384.5,1386.5,1378.0,1378.0,106500,0.0,0.0
2024-11-06 12:32:00+09:00,1378.0,1378.0,1372.5,1376.0,35900,0.0,0.0
2024-11-06 12:33:00+09:00,1375.5,1375.5,1370.5,1372.5,28200,0.0,0.0
2024-11-06 12:34:00+09:00,1370.5,1372.0,1370.5,1371.5,27100,0.0,0.0
2024-11-06 12:35:00+09:00,1371.5,1372.0,1369.5,1371.5,29500,0.0,0.0
2024-11-06 12:36:00+09:00,1372.0,1373.5,1371.0,1372.5,20500,0.0,0.0
2024-11-06 12:37:00+09:00,1373.0,1376.0,1373.0,1374.5,20600,0.0,0.0
2024-11-06 12:39:00+09:00,1374.5,1375.0,1373.5,1375.0,61200,0.0,0.0
2024-11-06 12:40:00+09:00,1375.5,1376.5,1375.0,1375.5,11100,0.0,0.0
2024-11-06 12:41:00+09:00,1376.0,1377.0,1374.0,1375.5,25800,0.0,0.0
2024-11-06 12:42:00+09:00,1375.0,1376.0,1375.0,1375.5,7300,0.0,0.0
2024-11-06 12:43:00+09:00,1376.0,1376.5,1375.5,1376.0,3300,0.0,0.0
2024-11-06 12:44:00+09:00,1376.0,1377.0,1376.0,1376.0,7100,0.0,0.0
2024-11-06 12:45:00+09:00,1376.0,1376.0,1374.5,1374.5,15800,0.0,0.0
2024-11-06 12:46:00+09:00,1374.5,1374.5,1372.5,1372.5,13500,0.0,0.0
2024-11-06 12:47:00+09:00,1373.0,1374.0,1370.5,1372.5,21500,0.0,0.0
2024-11-06 12:48:00+09:00,1372.0,1373.5,1371.0,1373.0,7400,0.0,0.0
2024-11-06 12:49:00+09:00,1372.5,1373.5,1372.0,1372.0,11800,0.0,0.0
2024-11-06 12:50:00+09:00,1373.0,1373.5,1372.5,1373.0,7400,0.0,0.0
2024-11-06 12:51:00+09:00,1373.0,1373.0,1370.5,1371.0,19300,0.0,0.0
2024-11-06 12:52:00+09:00,1371.0,1371.5,1370.5,1371.0,14600,0.0,0.0
2024-11-06 12:53:00+09:00,1371.0,1372.0,1370.0,1371.0,11100,0.0,0.0
2024-11-06 12:54:00+09:00,1370.0,1370.0,1368.5,1369.5,11700,0.0,0.0
2024-11-06 12:55:00+09:00,1369.0,1369.5,1365.5,1366.5,12400,0.0,0.0
2024-11-06 12:56:00+09:00,1366.0,1366.5,1363.0,1365.0,25900,0.0,0.0
2024-11-06 12:57:00+09:00,1365.5,1366.0,1364.5,1366.0,4500,0.0,0.0
2024-11-06 12:58:00+09:00,1366.5,1366.5,1364.0,1365.0,6400,0.0,0.0
2024-11-06 12:59:00+09:00,1364.5,1368.5,1363.5,1367.5,16300,0.0,0.0
2024-11-06 13:00:00+09:00,1366.0,1366.0,1319.0,1325.0,287800,0.0,0.0
2024-11-06 13:01:00+09:00,1327.0,1334.0,1310.0,1312.5,266900,0.0,0.0
2024-11-06 13:02:00+09:00,1312.5,1324.5,1304.0,1319.5,219400,0.0,0.0
2024-11-06 13:03:00+09:00,1320.5,1332.5,1310.5,1330.5,93400,0.0,0.0
2024-11-06 13:04:00+09:00,1331.5,1333.0,1307.5,1309.0,415600,0.0,0.0
2024-11-06 13:05:00+09:00,1309.0,1315.0,1292.5,1308.0,521100,0.0,0.0
2024-11-06 13:06:00+09:00,1308.0,1308.5,1296.0,1298.5,141000,0.0,0.0
2024-11-06 13:07:00+09:00,1299.5,1303.5,1295.0,1299.5,69300,0.0,0.0
2024-11-06 13:08:00+09:00,1300.0,1300.5,1293.5,1300.0,52000,0.0,0.0
2024-11-06 13:09:00+09:00,1300.0,1302.5,1298.0,1301.0,63600,0.0,0.0
2024-11-06 13:10:00+09:00,1301.0,1301.5,1296.0,1297.5,68900,0.0,0.0
2024-11-06 13:11:00+09:00,1297.5,1297.5,1285.0,1291.0,187000,0.0,0.0
2024-11-06 13:12:00+09:00,1292.5,1293.0,1283.0,1288.0,139400,0.0,0.0
2024-11-06 13:13:00+09:00,1288.5,1289.5,1276.5,1282.0,165600,0.0,0.0
2024-11-06 13:14:00+09:00,1281.5,1288.5,1281.5,1288.5,92000,0.0,0.0
2024-11-06 13:15:00+09:00,1288.5,1291.0,1286.5,1288.5,50700,0.0,0.0
2024-11-06 13:16:00+09:00,1289.0,1296.0,1288.0,1292.5,71300,0.0,0.0
2024-11-06 13:17:00+09:00,1292.5,1292.5,1284.0,1288.5,86400,0.0,0.0
2024-11-06 13:18:00+09:00,1287.5,1288.5,1283.5,1288.5,65000,0.0,0.0
2024-11-06 13:19:00+09:00,1288.0,1296.0,1287.0,1296.0,59900,0.0,0.0
2024-11-06 13:20:00+09:00,1295.5,1296.0,1288.5,1290.5,102300,0.0,0.0
2024-11-06 13:21:00+09:00,1290.0,1293.5,1288.0,1292.5,49300,0.0,0.0
2024-11-06 13:22:00+09:00,1291.5,1294.5,1289.5,1294.5,44200,0.0,0.0
2024-11-06 13:23:00+09:00,1294.5,1299.5,1292.5,1299.5,49100,0.0,0.0
2024-11-06 13:24:00+09:00,1299.5,1299.5,1298.0,1299.0,11600,0.0,0.0
2024-11-06 13:25:00+09:00,1299.0,1301.5,1299.0,1301.5,35600,0.0,0.0
2024-11-06 13:26:00+09:00,1301.0,1306.0,1299.0,1305.0,61800,0.0,0.0
2024-11-06 13:27:00+09:00,1305.5,1305.5,1300.5,1300.5,21500,0.0,0.0
2024-11-06 13:28:00+09:00,1301.0,1301.0,1297.0,1301.0,45500,0.0,0.0
2024-11-06 13:29:00+09:00,1300.5,1301.5,1297.5,1299.0,30400,0.0,0.0
2024-11-06 13:30:00+09:00,1298.0,1299.5,1295.5,1297.5,41200,0.0,0.0
2024-11-06 13:31:00+09:00,1297.5,1297.5,1294.5,1296.0,27900,0.0,0.0
2024-11-06 13:32:00+09:00,1295.5,1296.0,1295.0,1295.5,17000,0.0,0.0
2024-11-06 13:33:00+09:00,1296.0,1296.0,1292.5,1293.5,58400,0.0,0.0
2024-11-06 13:34:00+09:00,1293.0,1293.5,1290.5,1291.0,47400,0.0,0.0
2024-11-06 13:35:00+09:00,1290.5,1291.0,1284.0,1284.0,117700,0.0,0.0
2024-11-06 13:36:00+09:00,1283.5,1285.5,1282.0,1285.0,58800,0.0,0.0
2024-11-06 13:37:00+09:00,1284.5,1286.0,1282.0,1286.0,66700,0.0,0.0
2024-11-06 13:38:00+09:00,1286.0,1295.0,1281.0,1294.0,86300,0.0,0.0
2024-11-06 13:39:00+09:00,1293.5,1297.5,1293.5,1297.0,13500,0.0,0.0
2024-11-06 13:40:00+09:00,1297.5,1298.0,1295.0,1296.0,15800,0.0,0.0
2024-11-06 13:41:00+09:00,1296.0,1299.5,1296.0,1298.0,31500,0.0,0.0
2024-11-06 13:42:00+09:00,1297.0,1300.0,1297.0,1299.5,13900,0.0,0.0
2024-11-06 13:43:00+09:00,1299.0,1306.0,1298.5,1301.5,47400,0.0,0.0
2024-11-06 13:44:00+09:00,1301.5,1302.0,1296.5,1297.5,35000,0.0,0.0
2024-11-06 13:45:00+09:00,1297.0,1297.5,1295.5,1296.0,26500,0.0,0.0
2024-11-06 13:46:00+09:00,1295.0,1296.0,1295.0,1296.0,18700,0.0,0.0
2024-11-06 13:47:00+09:00,1295.5,1300.0,1295.5,1299.0,45900,0.0,0.0
2024-11-06 13:48:00+09:00,1299.0,1302.0,1299.0,1302.0,20900,0.0,0.0
2024-11-06 13:49:00+09:00,1301.5,1302.0,1298.0,1298.0,31500,0.0,0.0
2024-11-06 13:50:00+09:00,1298.0,1298.0,1295.5,1296.0,29200,0.0,0.0
2024-11-06 13:51:00+09:00,1296.0,1296.5,1292.0,1292.0,77600,0.0,0.0
2024-11-06 13:52:00+09:00,1292.0,1293.0,1287.5,1287.5,105800,0.0,0.0
2024-11-06 13:53:00+09:00,1288.5,1288.5,1286.5,1287.5,27700,0.0,0.0
2024-11-06 13:54:00+09:00,1287.5,1294.0,1286.5,1288.5,34100,0.0,0.0
2024-11-06 13:55:00+09:00,1288.5,1291.0,1285.5,1290.5,41600,0.0,0.0
2024-11-06 13:56:00+09:00,1290.5,1296.0,1290.0,1296.0,18500,0.0,0.0
2024-11-06 13:57:00+09:00,1296.5,1298.0,1295.5,1297.5,23700,0.0,0.0
2024-11-06 13:58:00+09:00,1297.5,1298.5,1295.5,1295.5,29100,0.0,0.0
2024-11-06 13:59:00+09:00,1296.0,1296.5,1295.0,1296.0,23700,0.0,0.0
2024-11-06 14:00:00+09:00,1295.0,1295.0,1292.0,1292.0,31900,0.0,0.0
2024-11-06 14:01:00+09:00,1292.0,1293.5,1291.5,1292.5,28800,0.0,0.0
2024-11-06 14:02:00+09:00,1292.0,1292.0,1289.0,1291.5,38200,0.0,0.0
2024-11-06 14:03:00+09:00,1291.5,1292.0,1290.0,1290.0,9200,0.0,0.0
2024-11-06 14:04:00+09:00,1291.0,1291.5,1289.5,1291.0,21200,0.0,0.0
2024-11-06 14:05:00+09:00,1291.0,1294.0,1291.0,1293.0,23600,0.0,0.0
2024-11-06 14:06:00+09:00,1293.0,1293.0,1292.0,1292.5,14400,0.0,0.0
2024-11-06 14:07:00+09:00,1292.0,1295.5,1291.5,1294.5,26100,0.0,0.0
2024-11-06 14:08:00+09:00,1294.5,1297.0,1293.5,1296.0,15400,0.0,0.0
2024-11-06 14:09:00+09:00,1296.0,1297.5,1295.5,1297.0,23200,0.0,0.0
2024-11-06 14:10:00+09:00,1297.0,1297.5,1293.0,1294.0,44200,0.0,0.0
2024-11-06 14:11:00+09:00,1294.0,1296.5,1293.5,1296.0,18100,0.0,0.0
2024-11-06 14:12:00+09:00,1296.0,1299.5,1295.5,1299.5,26300,0.0,0.0
2024-11-06 14:13:00+09:00,1298.5,1299.5,1297.5,1297.5,18100,0.0,0.0
2024-11-06 14:14:00+09:00,1298.0,1300.0,1297.5,1300.0,22900,0.0,0.0
2024-11-06 14:15:00+09:00,1299.5,1299.5,1298.0,1298.5,35000,0.0,0.0
2024-11-06 14:16:00+09:00,1298.5,1299.0,1295.0,1295.5,55400,0.0,0.0
2024-11-06 14:17:00+09:00,1296.0,1296.0,1295.5,1296.0,8900,0.0,0.0
2024-11-06 14:18:00+09:00,1296.0,1298.0,1296.0,1297.5,11500,0.0,0.0
2024-11-06 14:19:00+09:00,1297.5,1300.0,1297.5,1299.0,99900,0.0,0.0
2024-11-06 14:20:00+09:00,1299.0,1301.0,1298.0,1299.5,40000,0.0,0.0
2024-11-06 14:21:00+09:00,1299.0,1299.5,1298.5,1298.5,16700,0.0,0.0
2024-11-06 14:22:00+09:00,1299.5,1303.5,1299.0,1303.5,42500,0.0,0.0
2024-11-06 14:23:00+09:00,1303.0,1306.0,1303.0,1306.0,22800,0.0,0.0
2024-11-06 14:24:00+09:00,1305.5,1306.5,1305.0,1306.5,21400,0.0,0.0
2024-11-06 14:25:00+09:00,1306.0,1309.5,1304.5,1309.5,47900,0.0,0.0
2024-11-06 14:26:00+09:00,1309.5,1309.5,1307.0,1309.0,31600,0.0,0.0
2024-11-06 14:27:00+09:00,1309.0,1309.0,1308.0,1308.5,14100,0.0,0.0
2024-11-06 14:28:00+09:00,1308.5,1312.0,1308.5,1311.0,65100,0.0,0.0
2024-11-06 14:29:00+09:00,1310.5,1311.0,1308.0,1309.0,38600,0.0,0.0
2024-11-06 14:30:00+09:00,1309.0,1309.5,1307.5,1309.0,33200,0.0,0.0
2024-11-06 14:31:00+09:00,1308.0,1311.0,1308.0,1310.0,25300,0.0,0.0
2024-11-06 14:32:00+09:00,1310.5,1314.0,1310.0,1311.0,46800,0.0,0.0
2024-11-06 14:33:00+09:00,1311.0,1314.5,1308.5,1313.0,73500,0.0,0.0
2024-11-06 14:34:00+09:00,1313.0,1318.5,1312.5,1318.0,59700,0.0,0.0
2024-11-06 14:35:00+09:00,1317.0,1319.5,1317.0,1318.0,42300,0.0,0.0
2024-11-06 14:36:00+09:00,1317.5,1321.0,1317.0,1320.0,71700,0.0,0.0
2024-11-06 14:37:00+09:00,1320.0,1330.0,1317.5,1318.0,114400,0.0,0.0
2024-11-06 14:38:00+09:00,1318.0,1319.0,1312.5,1319.0,42900,0.0,0.0
2024-11-06 14:39:00+09:00,1319.0,1323.0,1311.0,1313.0,83800,0.0,0.0
2024-11-06 14:40:00+09:00,1313.5,1316.0,1313.5,1315.0,20700,0.0,0.0
2024-11-06 14:41:00+09:00,1316.0,1318.5,1315.0,1317.0,39600,0.0,0.0
2024-11-06 14:42:00+09:00,1317.0,1320.5,1316.5,1319.0,18700,0.0,0.0
2024-11-06 14:43:00+09:00,1319.0,1319.0,1316.0,1316.0,20000,0.0,0.0
2024-11-06 14:44:00+09:00,1317.0,1317.0,1312.5,1315.5,29600,0.0,0.0
2024-11-06 14:45:00+09:00,1314.5,1318.0,1314.5,1318.0,15300,0.0,0.0
2024-11-06 14:46:00+09:00,1317.0,1318.0,1314.5,1315.5,31600,0.0,0.0
2024-11-06 14:47:00+09:00,1315.0,1315.5,1310.5,1313.5,28300,0.0,0.0
2024-11-06 14:48:00+09:00,1313.0,1315.5,1313.0,1315.0,18800,0.0,0.0
2024-11-06 14:49:00+09:00,1315.5,1317.5,1314.0,1317.5,34200,0.0,0.0
2024-11-06 14:50:00+09:00,1317.0,1320.0,1314.0,1320.0,45500,0.0,0.0
2024-11-06 14:51:00+09:00,1320.0,1323.0,1320.0,1323.0,10600,0.0,0.0
2024-11-06 14:52:00+09:00,1323.0,1324.0,1321.5,1322.5,24900,0.0,0.0
2024-11-06 14:53:00+09:00,1322.5,1324.5,1322.0,1323.0,30700,0.0,0.0
2024-11-06 14:54:00+09:00,1323.0,1328.5,1322.0,1322.5,60800,0.0,0.0
2024-11-06 14:55:00+09:00,1323.0,1325.0,1322.5,1324.0,40000,0.0,0.0
2024-11-06 14:56:00+09:00,1324.0,1326.0,1322.0,1326.0,36300,0.0,0.0
2024-11-06 14:57:00+09:00,1326.0,1328.5,1324.5,1327.0,39100,0.0,0.0
2024-11-06 14:58:00+09:00,1327.5,1331.5,1327.0,1330.0,55800,0.0,0.0
2024-11-06 14:59:00+09:00,1330.5,1332.0,1329.5,1330.5,37700,0.0,0.0
2024-11-07 09:05:00+09:00,1358.5,1363.0,1358.0,1362.0,913800,0.0,0.0
2024-11-07 09:06:00+09:00,1362.0,1370.5,1361.5,1369.0,214000,0.0,0.0
2024-11-07 09:07:00+09:00,1369.0,1371.0,1367.0,1368.0,35200,0.0,0.0
2024-11-07 09:08:00+09:00,1367.5,1372.0,1367.0,1370.0,57900,0.0,0.0
2024-11-07 09:09:00+09:00,1370.0,1373.0,1370.0,1372.0,43900,0.0,0.0
2024-11-07 09:10:00+09:00,1372.5,1375.5,1371.5,1374.5,101100,0.0,0.0
2024-11-07 09:11:00+09:00,1374.5,1376.5,1373.5,1375.0,45200,0.0,0.0
2024-11-07 09:12:00+09:00,1375.0,1376.5,1372.5,1375.0,55700,0.0,0.0
2024-11-07 09:13:00+09:00,1375.0,1375.0,1369.0,1370.0,40600,0.0,0.0
2024-11-07 09:14:00+09:00,1369.5,1372.0,1369.0,1371.5,45900,0.0,0.0
2024-11-07 09:15:00+09:00,1371.5,1375.5,1371.5,1374.0,58500,0.0,0.0
2024-11-07 09:16:00+09:00,1374.0,1377.5,1374.0,1377.0,51700,0.0,0.0
2024-11-07 09:17:00+09:00,1377.0,1379.5,1376.0,1379.5,43500,0.0,0.0
2024-11-07 09:18:00+09:00,1379.5,1379.5,1377.5,1377.5,53700,0.0,0.0
2024-11-07 09:19:00+09:00,1377.5,1382.0,1377.0,1380.5,146700,0.0,0.0
2024-11-07 09:20:00+09:00,1381.0,1383.0,1379.5,1379.5,62300,0.0,0.0
2024-11-07 09:21:00+09:00,1379.5,1379.5,1372.5,1375.0,51500,0.0,0.0
2024-11-07 09:22:00+09:00,1375.5,1377.0,1375.0,1375.0,27700,0.0,0.0
2024-11-07 09:23:00+09:00,1374.5,1377.0,1374.0,1375.5,31800,0.0,0.0
2024-11-07 09:24:00+09:00,1375.5,1377.5,1374.0,1377.0,30300,0.0,0.0
2024-11-07 09:25:00+09:00,1376.5,1377.0,1375.5,1376.5,18100,0.0,0.0
2024-11-07 09:26:00+09:00,1377.0,1377.5,1374.0,1374.0,65100,0.0,0.0
2024-11-07 09:27:00+09:00,1374.5,1378.0,1374.5,1376.0,47800,0.0,0.0
2024-11-07 09:28:00+09:00,1376.0,1379.0,1375.0,1378.5,46100,0.0,0.0
2024-11-07 09:29:00+09:00,1378.5,1378.5,1374.5,1377.0,24300,0.0,0.0
2024-11-07 09:30:00+09:00,1378.0,1378.0,1375.5,1377.5,29900,0.0,0.0
2024-11-07 09:31:00+09:00,1377.5,1379.0,1373.0,1374.5,48700,0.0,0.0
2024-11-07 09:32:00+09:00,1374.5,1375.5,1371.5,1375.5,42300,0.0,0.0
2024-11-07 09:33:00+09:00,1375.5,1377.0,1374.5,1376.0,22600,0.0,0.0
2024-11-07 09:34:00+09:00,1376.0,1378.0,1375.0,1375.0,26100,0.0,0.0
2024-11-07 09:35:00+09:00,1375.0,1377.5,1375.0,1376.0,30600,0.0,0.0
2024-11-07 09:36:00+09:00,1376.0,1378.0,1373.5,1376.5,52100,0.0,0.0
2024-11-07 09:37:00+09:00,1377.5,1381.5,1377.0,1381.5,79400,0.0,0.0
2024-11-07 09:38:00+09:00,1382.0,1384.0,1381.5,1384.0,48300,0.0,0.0
2024-11-07 09:39:00+09:00,1384.0,1386.0,1383.5,1386.0,46200,0.0,0.0
2024-11-07 09:40:00+09:00,1385.5,1386.0,1384.5,1386.0,27000,0.0,0.0
2024-11-07 09:41:00+09:00,1386.0,1388.0,1385.0,1387.5,69800,0.0,0.0
2024-11-07 09:42:00+09:00,1388.0,1390.0,1386.5,1389.0,52200,0.0,0.0
2024-11-07 09:43:00+09:00,1389.0,1389.5,1386.5,1387.5,26100,0.0,0.0
2024-11-07 09:44:00+09:00,1387.5,1389.5,1385.5,1389.0,79100,0.0,0.0
2024-11-07 09:45:00+09:00,1389.5,1394.5,1388.0,1394.5,100400,0.0,0.0
2024-11-07 09:46:00+09:00,1394.5,1396.0,1393.5,1395.0,53000,0.0,0.0
2024-11-07 09:47:00+09:00,1395.0,1395.0,1390.5,1391.0,65900,0.0,0.0
2024-11-07 09:48:00+09:00,1390.5,1391.0,1388.0,1388.0,29600,0.0,0.0
2024-11-07 09:49:00+09:00,1388.5,1393.0,1388.0,1393.0,31000,0.0,0.0
2024-11-07 09:50:00+09:00,1393.5,1395.5,1393.5,1394.5,41200,0.0,0.0
2024-11-07 09:51:00+09:00,1395.0,1399.0,1395.0,1396.5,130900,0.0,0.0
2024-11-07 09:52:00+09:00,1397.0,1397.0,1395.5,1396.0,22200,0.0,0.0
2024-11-07 09:53:00+09:00,1396.5,1397.0,1395.5,1396.0,18700,0.0,0.0
2024-11-07 09:54:00+09:00,1396.0,1396.5,1393.5,1394.0,50000,0.0,0.0
2024-11-07 09:55:00+09:00,1394.5,1395.5,1394.0,1394.0,32400,0.0,0.0
2024-11-07 09:56:00+09:00,1394.5,1399.0,1394.5,1398.0,46700,0.0,0.0
2024-11-07 09:57:00+09:00,1398.5,1399.5,1397.0,1397.0,98400,0.0,0.0
2024-11-07 09:58:00+09:00,1397.0,1398.5,1397.0,1398.0,15900,0.0,0.0
2024-11-07 09:59:00+09:00,1398.5,1399.5,1396.5,1399.5,18100,0.0,0.0
2024-11-07 10:00:00+09:00,1399.5,1399.5,1397.0,1398.5,21200,0.0,0.0
2024-11-07 10:01:00+09:00,1395.5,1396.5,1394.0,1395.0,60700,0.0,0.0
2024-11-07 10:02:00+09:00,1394.5,1395.0,1393.5,1395.0,28100,0.0,0.0
2024-11-07 10:03:00+09:00,1395.0,1395.0,1392.5,1393.0,21500,0.0,0.0
2024-11-07 10:04:00+09:00,1393.5,1393.5,1391.0,1392.0,42700,0.0,0.0
2024-11-07 10:05:00+09:00,1391.5,1391.5,1389.0,1391.5,26700,0.0,0.0
2024-11-07 10:06:00+09:00,1392.0,1394.5,1391.5,1394.5,24200,0.0,0.0
2024-11-07 10:07:00+09:00,1394.0,1394.0,1392.0,1392.5,28700,0.0,0.0
2024-11-07 10:08:00+09:00,1393.0,1393.0,1389.5,1390.0,31500,0.0,0.0
2024-11-07 10:09:00+09:00,1390.0,1390.0,1388.5,1388.5,26600,0.0,0.0
2024-11-07 10:10:00+09:00,1389.0,1389.5,1388.0,1389.0,19500,0.0,0.0
2024-11-07 10:11:00+09:00,1389.0,1391.5,1389.0,1390.5,42500,0.0,0.0
2024-11-07 10:12:00+09:00,1391.0,1394.5,1390.0,1394.5,47000,0.0,0.0
2024-11-07 10:13:00+09:00,1395.0,1395.5,1394.5,1395.0,25100,0.0,0.0
2024-11-07 10:14:00+09:00,1395.5,1398.5,1395.0,1398.0,88300,0.0,0.0
2024-11-07 10:15:00+09:00,1398.5,1399.0,1395.0,1396.0,68900,0.0,0.0
2024-11-07 10:16:00+09:00,1395.5,1396.5,1395.0,1395.0,13700,0.0,0.0
2024-11-07 10:17:00+09:00,1395.0,1396.0,1394.5,1396.0,34300,0.0,0.0
2024-11-07 10:18:00+09:00,1396.0,1397.0,1395.5,1396.0,29800,0.0,0.0
2024-11-07 10:19:00+09:00,1396.0,1396.5,1395.5,1395.5,18700,0.0,0.0
2024-11-07 10:20:00+09:00,1396.0,1396.5,1395.0,1396.0,27400,0.0,0.0
2024-11-07 10:21:00+09:00,1396.5,1398.0,1396.0,1397.5,19500,0.0,0.0
2024-11-07 10:22:00+09:00,1397.5,1397.5,1395.0,1397.5,48000,0.0,0.0
2024-11-07 10:23:00+09:00,1397.0,1398.0,1397.0,1398.0,20600,0.0,0.0
2024-11-07 10:24:00+09:00,1398.0,1398.0,1396.5,1396.5,13100,0.0,0.0
2024-11-07 10:25:00+09:00,1396.5,1398.5,1395.5,1398.5,20900,0.0,0.0
2024-11-07 10:26:00+09:00,1398.5,1399.0,1396.5,1398.0,41600,0.0,0.0
2024-11-07 10:27:00+09:00,1398.0,1398.5,1397.5,1398.0,11700,0.0,0.0
2024-11-07 10:28:00+09:00,1398.0,1398.0,1397.0,1398.0,11500,0.0,0.0
2024-11-07 10:29:00+09:00,1398.0,1398.5,1397.0,1397.5,18900,0.0,0.0
2024-11-07 10:30:00+09:00,1397.5,1399.0,1397.5,1398.5,32200,0.0,0.0
2024-11-07 10:31:00+09:00,1398.5,1398.5,1398.0,1398.5,18100,0.0,0.0
2024-11-07 10:32:00+09:00,1398.5,1399.5,1398.0,1399.0,48000,0.0,0.0
2024-11-07 10:33:00+09:00,1399.0,1406.0,1398.0,1406.0,451400,0.0,0.0
2024-11-07 10:34:00+09:00,1406.0,1408.5,1404.5,1408.0,30900,0.0,0.0
2024-11-07 10:35:00+09:00,1407.5,1408.5,1407.5,1408.5,14300,0.0,0.0
2024-11-07 10:36:00+09:00,1408.5,1409.5,1407.5,1409.5,28200,0.0,0.0
2024-11-07 10:37:00+09:00,1409.5,1409.5,1405.0,1407.0,50600,0.0,0.0
2024-11-07 10:38:00+09:00,1407.0,1407.0,1403.0,1404.5,83000,0.0,0.0
2024-11-07 10:39:00+09:00,1404.5,1406.5,1404.0,1406.5,58700,0.0,0.0
2024-11-07 10:40:00+09:00,1406.0,1409.0,1404.5,1408.5,64800,0.0,0.0
2024-11-07 10:41:00+09:00,1408.0,1408.5,1407.5,1408.0,12600,0.0,0.0
2024-11-07 10:42:00+09:00,1408.5,1408.5,1407.5,1408.0,10100,0.0,0.0
2024-11-07 10:43:00+09:00,1408.0,1409.5,1408.0,1409.5,15200,0.0,0.0
2024-11-07 10:44:00+09:00,1409.5,1409.5,1408.5,1409.0,21900,0.0,0.0
2024-11-07 10:45:00+09:00,1409.0,1410.5,1408.0,1410.5,73700,0.0,0.0
2024-11-07 10:46:00+09:00,1411.0,1415.0,1410.5,1414.0,33000,0.0,0.0
2024-11-07 10:47:00+09:00,1414.5,1415.0,1412.5,1414.5,29200,0.0,0.0
2024-11-07 10:48:00+09:00,1414.5,1415.0,1414.0,1414.0,17400,0.0,0.0
2024-11-07 10:49:00+09:00,1413.5,1414.5,1410.5,1411.5,52900,0.0,0.0
2024-11-07 10:50:00+09:00,1411.5,1411.5,1410.5,1410.5,29300,0.0,0.0
2024-11-07 10:51:00+09:00,1410.5,1411.0,1408.5,1409.0,28800,0.0,0.0
2024-11-07 10:52:00+09:00,1409.0,1409.0,1408.0,1409.0,8600,0.0,0.0
2024-11-07 10:53:00+09:00,1409.0,1409.0,1408.0,1408.0,25000,0.0,0.0
2024-11-07 10:54:00+09:00,1408.0,1409.0,1407.0,1409.0,17100,0.0,0.0
2024-11-07 10:55:00+09:00,1409.5,1412.0,1409.5,1412.0,23100,0.0,0.0
2024-11-07 10:56:00+09:00,1411.5,1411.5,1409.0,1409.5,18300,0.0,0.0
2024-11-07 10:57:00+09:00,1409.0,1409.5,1407.5,1409.0,23700,0.0,0.0
2024-11-07 10:58:00+09:00,1409.0,1409.5,1408.0,1409.0,11400,0.0,0.0
2024-11-07 10:59:00+09:00,1409.0,1409.0,1408.0,1408.5,5800,0.0,0.0
2024-11-07 11:00:00+09:00,1408.5,1410.0,1408.5,1409.5,25200,0.0,0.0
2024-11-07 11:01:00+09:00,1410.0,1410.0,1406.5,1408.0,56300,0.0,0.0
2024-11-07 11:02:00+09:00,1408.0,1408.0,1407.5,1407.5,10100,0.0,0.0
2024-11-07 11:03:00+09:00,1407.0,1407.5,1406.0,1407.5,23200,0.0,0.0
2024-11-07 11:04:00+09:00,1407.0,1407.5,1406.0,1406.0,13400,0.0,0.0
2024-11-07 11:05:00+09:00,1406.5,1407.0,1406.0,1406.0,9100,0.0,0.0
2024-11-07 11:06:00+09:00,1406.0,1406.0,1404.5,1405.5,21400,0.0,0.0
2024-11-07 11:07:00+09:00,1405.5,1405.5,1400.0,1404.0,101900,0.0,0.0
2024-11-07 11:08:00+09:00,1404.5,1405.0,1403.0,1404.0,23800,0.0,0.0
2024-11-07 11:09:00+09:00,1404.0,1404.0,1403.0,1404.0,27200,0.0,0.0
2024-11-07 11:10:00+09:00,1404.0,1405.0,1403.5,1404.5,15100,0.0,0.0
2024-11-07 11:11:00+09:00,1404.5,1404.5,1404.0,1404.0,17800,0.0,0.0
2024-11-07 11:12:00+09:00,1404.5,1405.0,1404.0,1405.0,4400,0.0,0.0
2024-11-07 11:13:00+09:00,1405.0,1406.5,1404.5,1406.0,70400,0.0,0.0
2024-11-07 11:14:00+09:00,1406.0,1407.0,1405.0,1407.0,20900,0.0,0.0
2024-11-07 11:15:00+09:00,1407.0,1408.5,1406.5,1408.5,28300,0.0,0.0
2024-11-07 11:16:00+09:00,1408.5,1408.5,1407.5,1408.5,20600,0.0,0.0
2024-11-07 11:17:00+09:00,1408.0,1408.5,1407.5,1408.5,21000,0.0,0.0
2024-11-07 11:18:00+09:00,1409.0,1409.0,1408.0,1408.0,28000,0.0,0.0
2024-11-07 11:19:00+09:00,1408.0,1408.5,1408.0,1408.0,6000,0.0,0.0
2024-11-07 11:20:00+09:00,1408.0,1409.0,1408.0,1408.5,21700,0.0,0.0
2024-11-07 11:21:00+09:00,1408.5,1409.0,1408.5,1409.0,5700,0.0,0.0
2024-11-07 11:22:00+09:00,1409.0,1409.0,1408.5,1409.0,13400,0.0,0.0
2024-11-07 11:23:00+09:00,1408.5,1408.5,1408.0,1408.0,8200,0.0,0.0
2024-11-07 11:24:00+09:00,1408.0,1408.5,1407.5,1408.0,17400,0.0,0.0
2024-11-07 11:25:00+09:00,1408.0,1409.5,1408.0,1409.0,8800,0.0,0.0
2024-11-07 11:26:00+09:00,1409.5,1412.5,1409.5,1411.5,189400,0.0,0.0
2024-11-07 11:27:00+09:00,1411.5,1413.0,1411.5,1412.5,11300,0.0,0.0
2024-11-07 11:28:00+09:00,1412.5,1413.0,1412.5,1413.0,17700,0.0,0.0
2024-11-07 11:29:00+09:00,1412.5,1414.0,1412.0,1413.5,24300,0.0,0.0
2024-11-07 11:30:00+09:00,1413.0,1413.0,1413.0,1413.0,7800,0.0,0.0
2024-11-07 11:35:00+09:00,1413.0,1413.0,1413.0,1413.0,0,0.0,0.0
2024-11-07 12:30:00+09:00,1412.5,1413.0,1406.5,1408.5,7106800,0.0,0.0
2024-11-07 12:31:00+09:00,1408.5,1408.5,1408.5,1408.5,4500,0.0,0.0
2024-11-07 12:32:00+09:00,1407.5,1407.5,1406.0,1407.5,52600,0.0,0.0
2024-11-07 12:34:00+09:00,1405.5,1405.5,1402.5,1404.5,77300,0.0,0.0
2024-11-07 12:35:00+09:00,1404.0,1406.0,1403.5,1404.5,42300,0.0,0.0
2024-11-07 12:36:00+09:00,1404.5,1407.5,1404.0,1407.0,24800,0.0,0.0
2024-11-07 12:37:00+09:00,1407.0,1407.5,1406.5,1407.5,22700,0.0,0.0
2024-11-07 12:38:00+09:00,1408.0,1409.0,1407.5,1409.0,12800,0.0,0.0
2024-11-07 12:39:00+09:00,1408.5,1408.5,1408.0,1408.5,36100,0.0,0.0
2024-11-07 12:40:00+09:00,1408.5,1411.0,1407.5,1410.5,65900,0.0,0.0
2024-11-07 12:41:00+09:00,1410.5,1411.5,1410.0,1410.5,26200,0.0,0.0
2024-11-07 12:42:00+09:00,1411.0,1411.5,1410.0,1410.0,14300,0.0,0.0
2024-11-07 12:43:00+09:00,1410.5,1411.5,1410.0,1411.0,28600,0.0,0.0
2024-11-07 12:44:00+09:00,1410.5,1411.0,1409.5,1410.0,18700,0.0,0.0
2024-11-07 12:45:00+09:00,1409.5,1409.5,1408.0,1408.5,29600,0.0,0.0
2024-11-07 12:46:00+09:00,1408.5,1408.5,1406.0,1407.0,35800,0.0,0.0
2024-11-07 12:47:00+09:00,1407.0,1407.5,1406.5,1407.0,14400,0.0,0.0
2024-11-07 12:48:00+09:00,1407.0,1412.0,1407.0,1411.0,69100,0.0,0.0
2024-11-07 12:49:00+09:00,1411.0,1411.5,1410.0,1410.0,36000,0.0,0.0
2024-11-07 12:50:00+09:00,1410.0,1412.0,1409.0,1411.0,27200,0.0,0.0
2024-11-07 12:51:00+09:00,1411.0,1412.5,1410.0,1411.5,57500,0.0,0.0
2024-11-07 12:52:00+09:00,1411.5,1412.0,1411.0,1412.0,36400,0.0,0.0
2024-11-07 12:53:00+09:00,1411.5,1413.0,1411.5,1412.0,29000,0.0,0.0
2024-11-07 12:54:00+09:00,1412.0,1412.5,1410.0,1410.0,43200,0.0,0.0
2024-11-07 12:55:00+09:00,1410.0,1410.5,1408.0,1409.5,26000,0.0,0.0
2024-11-07 12:56:00+09:00,1409.5,1409.5,1407.0,1409.0,28700,0.0,0.0
2024-11-07 12:57:00+09:00,1409.0,1409.0,1407.5,1407.5,17900,0.0,0.0
2024-11-07 12:58:00+09:00,1407.5,1407.5,1404.5,1405.5,43400,0.0,0.0
2024-11-07 12:59:00+09:00,1405.5,1407.0,1405.0,1407.0,18100,0.0,0.0
2024-11-07 13:00:00+09:00,1406.5,1407.0,1406.0,1406.0,7700,0.0,0.0
2024-11-07 13:01:00+09:00,1406.0,1406.0,1405.0,1406.0,13900,0.0,0.0
2024-11-07 13:02:00+09:00,1405.5,1406.5,1405.5,1406.0,9000,0.0,0.0
2024-11-07 13:03:00+09:00,1406.5,1407.0,1406.5,1407.0,2600,0.0,0.0
2024-11-07 13:04:00+09:00,1407.0,1407.0,1405.0,1406.0,43800,0.0,0.0
2024-11-07 13:05:00+09:00,1405.5,1406.5,1405.0,1406.5,7200,0.0,0.0
2024-11-07 13:06:00+09:00,1405.5,1406.5,1405.0,1405.5,10700,0.0,0.0
2024-11-07 13:07:00+09:00,1405.0,1405.0,1403.0,1403.5,19500,0.0,0.0
2024-11-07 13:08:00+09:00,1403.5,1405.0,1403.0,1404.5,11000,0.0,0.0
2024-11-07 13:09:00+09:00,1405.0,1405.0,1404.5,1405.0,4900,0.0,0.0
2024-11-07 13:10:00+09:00,1405.5,1405.5,1404.5,1404.5,15000,0.0,0.0
2024-11-07 13:11:00+09:00,1404.5,1404.5,1404.0,1404.0,1900,0.0,0.0
2024-11-07 13:12:00+09:00,1404.5,1405.0,1404.5,1405.0,11300,0.0,0.0
2024-11-07 13:13:00+09:00,1405.0,1405.0,1404.0,1404.0,16100,0.0,0.0
2024-11-07 13:14:00+09:00,1403.5,1404.0,1402.5,1403.5,22900,0.0,0.0
2024-11-07 13:15:00+09:00,1403.5,1405.5,1403.0,1404.0,28500,0.0,0.0
2024-11-07 13:16:00+09:00,1404.0,1404.5,1402.0,1403.0,40200,0.0,0.0
2024-11-07 13:17:00+09:00,1402.5,1403.0,1401.5,1402.5,13200,0.0,0.0
2024-11-07 13:18:00+09:00,1403.0,1403.0,1402.0,1403.0,11000,0.0,0.0
2024-11-07 13:19:00+09:00,1402.5,1403.0,1401.5,1402.0,13600,0.0,0.0
2024-11-07 13:20:00+09:00,1403.0,1403.5,1402.5,1402.5,12300,0.0,0.0
2024-11-07 13:21:00+09:00,1403.0,1403.5,1401.5,1402.0,18500,0.0,0.0
2024-11-07 13:22:00+09:00,1402.5,1403.0,1401.5,1402.5,11300,0.0,0.0
2024-11-07 13:23:00+09:00,1402.0,1403.0,1401.5,1403.0,8300,0.0,0.0
2024-11-07 13:24:00+09:00,1402.5,1404.0,1402.0,1404.0,12900,0.0,0.0
2024-11-07 13:25:00+09:00,1403.5,1404.0,1403.0,1404.0,9300,0.0,0.0
2024-11-07 13:26:00+09:00,1404.0,1404.5,1403.0,1404.0,17600,0.0,0.0
2024-11-07 13:27:00+09:00,1404.0,1404.0,1402.0,1403.0,23500,0.0,0.0
2024-11-07 13:28:00+09:00,1403.0,1403.5,1403.0,1403.5,5600,0.0,0.0
2024-11-07 13:29:00+09:00,1403.0,1403.5,1402.5,1403.0,1600,0.0,0.0
2024-11-07 13:30:00+09:00,1402.5,1404.5,1402.0,1402.5,39100,0.0,0.0
2024-11-07 13:31:00+09:00,1402.5,1403.0,1402.0,1402.5,12700,0.0,0.0
2024-11-07 13:32:00+09:00,1402.5,1402.5,1401.5,1401.5,10100,0.0,0.0
2024-11-07 13:33:00+09:00,1401.5,1402.5,1401.0,1401.5,14500,0.0,0.0
2024-11-07 13:34:00+09:00,1401.5,1401.5,1401.0,1401.5,6900,0.0,0.0
2024-11-07 13:35:00+09:00,1401.5,1402.5,1401.5,1402.5,6600,0.0,0.0
2024-11-07 13:36:00+09:00,1402.5,1403.0,1400.0,1401.5,45600,0.0,0.0
2024-11-07 13:37:00+09:00,1402.0,1402.5,1402.0,1402.5,10500,0.0,0.0
2024-11-07 13:38:00+09:00,1402.5,1403.0,1402.5,1403.0,6500,0.0,0.0
2024-11-07 13:39:00+09:00,1403.0,1403.0,1401.5,1402.0,18700,0.0,0.0
2024-11-07 13:40:00+09:00,1402.0,1402.5,1402.0,1402.0,4800,0.0,0.0
2024-11-07 13:41:00+09:00,1402.0,1402.0,1401.0,1401.5,8500,0.0,0.0
2024-11-07 13:42:00+09:00,1401.5,1401.5,1401.0,1401.5,2900,0.0,0.0
2024-11-07 13:43:00+09:00,1401.5,1402.0,1401.5,1401.5,14600,0.0,0.0
2024-11-07 13:44:00+09:00,1401.0,1401.5,1400.5,1401.0,15700,0.0,0.0
2024-11-07 13:45:00+09:00,1401.0,1401.5,1401.0,1401.0,2600,0.0,0.0
2024-11-07 13:46:00+09:00,1401.0,1401.0,1401.0,1401.0,9700,0.0,0.0
2024-11-07 13:47:00+09:00,1401.5,1402.0,1401.0,1401.0,19800,0.0,0.0
2024-11-07 13:48:00+09:00,1400.5,1401.0,1400.0,1400.5,19700,0.0,0.0
2024-11-07 13:49:00+09:00,1400.5,1401.0,1400.5,1400.5,6000,0.0,0.0
2024-11-07 13:50:00+09:00,1400.5,1401.0,1400.0,1400.5,10400,0.0,0.0
2024-11-07 13:51:00+09:00,1400.5,1402.0,1400.5,1402.0,9800,0.0,0.0
2024-11-07 13:52:00+09:00,1402.0,1402.5,1401.5,1402.5,6500,0.0,0.0
2024-11-07 13:53:00+09:00,1402.5,1403.0,1402.5,1403.0,3900,0.0,0.0
2024-11-07 13:54:00+09:00,1402.5,1403.5,1402.5,1403.5,18500,0.0,0.0
2024-11-07 13:55:00+09:00,1403.5,1403.5,1402.5,1402.5,20100,0.0,0.0
2024-11-07 13:56:00+09:00,1403.0,1404.0,1403.0,1404.0,5500,0.0,0.0
2024-11-07 13:57:00+09:00,1404.0,1404.0,1403.5,1403.5,4200,0.0,0.0
2024-11-07 13:58:00+09:00,1403.5,1404.5,1403.5,1404.0,38300,0.0,0.0
2024-11-07 13:59:00+09:00,1404.5,1404.5,1403.5,1404.0,15200,0.0,0.0
2024-11-07 14:00:00+09:00,1404.0,1404.5,1403.0,1403.5,16000,0.0,0.0
2024-11-07 14:01:00+09:00,1403.0,1403.5,1403.0,1403.0,12300,0.0,0.0
2024-11-07 14:02:00+09:00,1403.5,1403.5,1403.0,1403.0,2200,0.0,0.0
2024-11-07 14:03:00+09:00,1404.0,1404.0,1403.0,1403.0,9000,0.0,0.0
2024-11-07 14:04:00+09:00,1403.0,1403.5,1402.0,1402.5,12800,0.0,0.0
2024-11-07 14:05:00+09:00,1402.5,1403.0,1402.5,1403.0,6500,0.0,0.0
2024-11-07 14:06:00+09:00,1403.0,1403.0,1402.5,1403.0,7500,0.0,0.0
2024-11-07 14:07:00+09:00,1403.0,1403.5,1402.5,1402.5,6800,0.0,0.0
2024-11-07 14:08:00+09:00,1403.0,1403.5,1403.0,1403.0,17000,0.0,0.0
2024-11-07 14:09:00+09:00,1403.5,1404.0,1403.0,1403.5,20000,0.0,0.0
2024-11-07 14:10:00+09:00,1403.5,1403.5,1403.5,1403.5,10500,0.0,0.0
2024-11-07 14:11:00+09:00,1404.0,1404.5,1403.5,1404.5,10700,0.0,0.0
2024-11-07 14:12:00+09:00,1404.0,1404.5,1404.0,1404.5,1300,0.0,0.0
2024-11-07 14:13:00+09:00,1404.5,1405.0,1404.0,1404.5,7700,0.0,0.0
2024-11-07 14:14:00+09:00,1404.5,1404.5,1403.5,1403.5,17700,0.0,0.0
2024-11-07 14:15:00+09:00,1404.0,1404.5,1404.0,1404.0,5700,0.0,0.0
2024-11-07 14:16:00+09:00,1404.5,1404.5,1404.0,1404.0,2400,0.0,0.0
2024-11-07 14:17:00+09:00,1404.0,1404.5,1403.5,1403.5,11800,0.0,0.0
2024-11-07 14:18:00+09:00,1404.0,1404.5,1403.5,1404.5,12400,0.0,0.0
2024-11-07 14:19:00+09:00,1404.0,1404.0,1403.5,1403.5,6300,0.0,0.0
2024-11-07 14:20:00+09:00,1403.5,1404.0,1403.5,1404.0,6900,0.0,0.0
2024-11-07 14:21:00+09:00,1404.5,1404.5,1404.0,1404.0,7900,0.0,0.0
2024-11-07 14:22:00+09:00,1404.0,1404.5,1404.0,1404.5,12700,0.0,0.0
2024-11-07 14:23:00+09:00,1405.0,1405.5,1404.0,1405.0,58500,0.0,0.0
2024-11-07 14:24:00+09:00,1405.5,1406.5,1405.0,1406.5,23300,0.0,0.0
2024-11-07 14:25:00+09:00,1406.5,1407.0,1406.5,1406.5,6300,0.0,0.0
2024-11-07 14:26:00+09:00,1406.5,1407.0,1404.0,1407.0,49900,0.0,0.0
2024-11-07 14:27:00+09:00,1406.5,1407.5,1405.5,1405.5,16700,0.0,0.0
2024-11-07 14:28:00+09:00,1405.0,1406.0,1404.5,1404.5,17200,0.0,0.0
2024-11-07 14:29:00+09:00,1404.0,1404.0,1402.5,1402.5,14800,0.0,0.0
2024-11-07 14:30:00+09:00,1402.5,1402.5,1402.5,1402.5,1400,0.0,0.0
2024-11-07 14:31:00+09:00,1403.0,1404.0,1403.0,1403.0,17300,0.0,0.0
2024-11-07 14:32:00+09:00,1403.5,1403.5,1403.0,1403.0,2100,0.0,0.0
2024-11-07 14:33:00+09:00,1404.0,1405.0,1404.0,1405.0,9500,0.0,0.0
2024-11-07 14:34:00+09:00,1404.5,1404.5,1404.0,1404.5,13300,0.0,0.0
2024-11-07 14:35:00+09:00,1404.0,1404.5,1403.5,1404.5,8100,0.0,0.0
2024-11-07 14:36:00+09:00,1404.0,1404.5,1403.5,1404.5,21300,0.0,0.0
2024-11-07 14:37:00+09:00,1404.0,1404.5,1404.0,1404.5,2700,0.0,0.0
2024-11-07 14:38:00+09:00,1404.5,1404.5,1402.0,1402.0,21000,0.0,0.0
2024-11-07 14:39:00+09:00,1402.0,1402.5,1402.0,1402.5,5600,0.0,0.0
2024-11-07 14:40:00+09:00,1402.5,1404.5,1402.0,1404.5,19900,0.0,0.0
2024-11-07 14:41:00+09:00,1404.5,1405.5,1404.5,1405.0,19200,0.0,0.0
2024-11-07 14:42:00+09:00,1405.0,1405.5,1404.5,1405.5,7500,0.0,0.0
2024-11-07 14:43:00+09:00,1405.0,1405.5,1403.0,1403.0,23300,0.0,0.0
2024-11-07 14:44:00+09:00,1403.0,1404.0,1403.0,1404.0,4300,0.0,0.0
2024-11-07 14:45:00+09:00,1404.0,1404.0,1402.5,1403.5,23500,0.0,0.0
2024-11-07 14:46:00+09:00,1404.0,1404.5,1403.5,1404.0,8600,0.0,0.0
2024-11-07 14:47:00+09:00,1404.0,1404.5,1403.5,1404.5,15900,0.0,0.0
2024-11-07 14:48:00+09:00,1404.5,1405.0,1404.5,1404.5,4700,0.0,0.0
2024-11-07 14:49:00+09:00,1405.0,1405.0,1405.0,1405.0,4700,0.0,0.0
2024-11-07 14:50:00+09:00,1405.0,1406.0,1404.5,1406.0,38700,0.0,0.0
2024-11-07 14:52:00+09:00,1407.0,1407.5,1406.0,1407.5,31600,0.0,0.0
2024-11-07 14:53:00+09:00,1407.5,1407.5,1406.5,1406.5,15500,0.0,0.0
2024-11-07 14:55:00+09:00,1407.0,1407.5,1407.0,1407.0,29700,0.0,0.0
2024-11-07 14:56:00+09:00,1407.0,1407.0,1407.0,1407.0,12200,0.0,0.0
2024-11-07 14:57:00+09:00,1407.0,1407.0,1406.5,1407.0,24200,0.0,0.0
2024-11-07 14:58:00+09:00,1407.0,1407.0,1405.5,1406.0,15600,0.0,0.0
2024-11-07 14:59:00+09:00,1406.0,1406.0,1406.0,1406.0,200,0.0,0.0
2024-11-08 09:05:00+09:00,1394.0,1394.5,1390.5,1390.5,1363500,0.0,0.0
2024-11-08 09:06:00+09:00,1391.0,1391.5,1388.0,1388.0,40600,0.0,0.0
2024-11-08 09:07:00+09:00,1389.0,1390.0,1385.0,1386.5,35500,0.0,0.0
2024-11-08 09:08:00+09:00,1386.5,1387.5,1381.5,1387.5,43100,0.0,0.0
2024-11-08 09:09:00+09:00,1387.0,1391.0,1387.0,1390.5,29700,0.0,0.0
2024-11-08 09:10:00+09:00,1390.5,1395.0,1390.5,1393.0,65700,0.0,0.0
2024-11-08 09:11:00+09:00,1394.0,1397.5,1393.0,1397.5,27100,0.0,0.0
2024-11-08 09:12:00+09:00,1396.5,1398.5,1396.0,1398.0,22200,0.0,0.0
2024-11-08 09:13:00+09:00,1398.5,1398.5,1395.5,1395.5,25800,0.0,0.0
2024-11-08 09:14:00+09:00,1395.5,1396.0,1391.0,1391.0,27400,0.0,0.0
2024-11-08 09:15:00+09:00,1391.5,1394.0,1388.5,1389.0,30800,0.0,0.0
2024-11-08 09:16:00+09:00,1389.0,1390.0,1386.5,1388.0,33300,0.0,0.0
2024-11-08 09:17:00+09:00,1387.5,1388.5,1386.0,1388.0,15800,0.0,0.0
2024-11-08 09:18:00+09:00,1388.5,1392.0,1388.5,1391.5,14600,0.0,0.0
2024-11-08 09:19:00+09:00,1392.0,1393.0,1391.0,1393.0,18300,0.0,0.0
2024-11-08 09:20:00+09:00,1392.0,1393.0,1390.5,1390.5,24100,0.0,0.0
2024-11-08 09:21:00+09:00,1390.5,1391.5,1388.5,1388.5,14100,0.0,0.0
2024-11-08 09:22:00+09:00,1389.0,1389.0,1388.5,1389.0,9900,0.0,0.0
2024-11-08 09:23:00+09:00,1388.5,1390.0,1388.5,1389.5,12900,0.0,0.0
2024-11-08 09:24:00+09:00,1390.0,1393.0,1390.0,1391.5,38900,0.0,0.0
2024-11-08 09:25:00+09:00,1392.0,1392.0,1388.0,1388.5,34400,0.0,0.0
2024-11-08 09:26:00+09:00,1389.0,1389.0,1387.0,1387.0,23200,0.0,0.0
2024-11-08 09:27:00+09:00,1386.5,1388.0,1386.5,1388.0,26600,0.0,0.0
2024-11-08 09:28:00+09:00,1387.5,1387.5,1385.5,1385.5,16800,0.0,0.0
2024-11-08 09:29:00+09:00,1385.5,1386.5,1385.0,1386.0,23100,0.0,0.0
2024-11-08 09:30:00+09:00,1385.5,1387.0,1385.0,1387.0,30700,0.0,0.0
2024-11-08 09:31:00+09:00,1387.5,1388.5,1387.0,1387.5,16800,0.0,0.0
2024-11-08 09:32:00+09:00,1387.0,1387.0,1386.5,1386.5,12800,0.0,0.0
2024-11-08 09:33:00+09:00,1386.5,1389.5,1386.0,1389.5,32300,0.0,0.0
2024-11-08 09:34:00+09:00,1390.0,1390.5,1389.5,1390.0,17100,0.0,0.0
2024-11-08 09:35:00+09:00,1390.0,1391.5,1389.0,1390.0,30800,0.0,0.0
2024-11-08 09:36:00+09:00,1389.0,1389.0,1384.5,1387.0,91400,0.0,0.0
2024-11-08 09:37:00+09:00,1386.5,1387.5,1386.5,1387.0,4600,0.0,0.0
2024-11-08 09:38:00+09:00,1387.5,1390.5,1387.5,1389.0,61000,0.0,0.0
2024-11-08 09:39:00+09:00,1389.0,1391.0,1388.5,1391.0,9300,0.0,0.0
2024-11-08 09:40:00+09:00,1391.0,1392.0,1390.5,1391.5,16600,0.0,0.0
2024-11-08 09:41:00+09:00,1391.0,1391.5,1390.5,1391.0,10600,0.0,0.0
2024-11-08 09:42:00+09:00,1391.5,1393.0,1391.5,1393.0,16000,0.0,0.0
2024-11-08 09:43:00+09:00,1393.0,1396.5,1393.0,1396.5,8800,0.0,0.0
2024-11-08 09:44:00+09:00,1396.5,1396.5,1396.0,1396.5,11300,0.0,0.0
2024-11-08 09:45:00+09:00,1396.5,1397.0,1395.5,1397.0,18600,0.0,0.0
2024-11-08 09:46:00+09:00,1397.0,1397.5,1395.5,1397.5,18700,0.0,0.0
2024-11-08 09:47:00+09:00,1397.5,1398.0,1397.0,1398.0,3100,0.0,0.0
2024-11-08 09:48:00+09:00,1397.5,1399.0,1397.0,1398.5,29000,0.0,0.0
2024-11-08 09:49:00+09:00,1398.5,1402.0,1397.0,1402.0,80200,0.0,0.0
2024-11-08 09:50:00+09:00,1402.0,1402.0,1399.5,1399.5,28300,0.0,0.0
2024-11-08 09:51:00+09:00,1400.5,1402.5,1400.5,1402.5,35800,0.0,0.0
2024-11-08 09:52:00+09:00,1402.5,1403.0,1401.5,1401.5,27000,0.0,0.0
2024-11-08 09:53:00+09:00,1401.5,1402.0,1400.0,1400.5,26200,0.0,0.0
2024-11-08 09:54:00+09:00,1400.0,1401.5,1400.0,1401.5,10900,0.0,0.0
2024-11-08 09:55:00+09:00,1401.5,1402.5,1400.5,1402.0,12100,0.0,0.0
2024-11-08 09:56:00+09:00,1402.5,1403.0,1401.0,1402.0,40400,0.0,0.0
2024-11-08 09:57:00+09:00,1402.0,1402.0,1399.5,1400.0,11300,0.0,0.0
2024-11-08 09:58:00+09:00,1400.0,1400.5,1398.5,1398.5,19000,0.0,0.0
2024-11-08 09:59:00+09:00,1399.0,1399.0,1397.5,1397.5,5500,0.0,0.0
2024-11-08 10:00:00+09:00,1398.0,1398.0,1396.0,1396.0,15600,0.0,0.0
2024-11-08 10:01:00+09:00,1396.5,1396.5,1396.5,1396.5,14900,0.0,0.0
2024-11-08 10:02:00+09:00,1396.5,1397.0,1395.0,1395.0,10300,0.0,0.0
2024-11-08 10:03:00+09:00,1395.5,1395.5,1393.5,1394.0,14300,0.0,0.0
2024-11-08 10:04:00+09:00,1394.0,1395.0,1392.0,1392.0,29000,0.0,0.0
2024-11-08 10:05:00+09:00,1392.0,1392.0,1391.5,1392.0,3900,0.0,0.0
2024-11-08 10:06:00+09:00,1392.0,1393.5,1392.0,1393.5,29600,0.0,0.0
2024-11-08 10:07:00+09:00,1393.5,1395.5,1392.0,1393.5,54600,0.0,0.0
2024-11-08 10:08:00+09:00,1393.5,1394.0,1390.0,1391.0,57300,0.0,0.0
2024-11-08 10:09:00+09:00,1391.0,1398.0,1391.0,1395.0,154700,0.0,0.0
2024-11-08 10:10:00+09:00,1395.5,1397.0,1395.5,1396.0,8400,0.0,0.0
2024-11-08 10:11:00+09:00,1396.5,1398.5,1396.5,1398.0,5200,0.0,0.0
2024-11-08 10:12:00+09:00,1398.0,1399.0,1398.0,1398.0,5800,0.0,0.0
2024-11-08 10:13:00+09:00,1397.5,1399.0,1397.0,1397.0,12500,0.0,0.0
2024-11-08 10:14:00+09:00,1397.0,1397.5,1396.5,1397.0,8100,0.0,0.0
2024-11-08 10:15:00+09:00,1397.0,1397.5,1397.0,1397.5,3700,0.0,0.0
2024-11-08 10:16:00+09:00,1397.5,1397.5,1396.0,1396.5,12300,0.0,0.0
2024-11-08 10:17:00+09:00,1396.0,1396.5,1396.0,1396.0,3700,0.0,0.0
2024-11-08 10:18:00+09:00,1396.0,1396.5,1396.0,1396.5,4800,0.0,0.0
2024-11-08 10:19:00+09:00,1396.5,1396.5,1395.5,1396.0,11700,0.0,0.0
2024-11-08 10:20:00+09:00,1396.0,1396.5,1395.5,1396.5,19200,0.0,0.0
2024-11-08 10:21:00+09:00,1396.5,1397.0,1396.0,1396.0,13500,0.0,0.0
2024-11-08 10:22:00+09:00,1396.0,1396.0,1395.5,1395.5,4900,0.0,0.0
2024-11-08 10:23:00+09:00,1396.0,1396.5,1395.5,1396.0,5200,0.0,0.0
2024-11-08 10:24:00+09:00,1396.0,1396.0,1395.5,1395.5,8600,0.0,0.0
2024-11-08 10:25:00+09:00,1395.0,1395.0,1392.5,1393.0,18300,0.0,0.0
2024-11-08 10:26:00+09:00,1393.5,1393.5,1392.5,1392.5,3600,0.0,0.0
2024-11-08 10:27:00+09:00,1393.0,1394.0,1392.5,1393.5,6400,0.0,0.0
2024-11-08 10:28:00+09:00,1394.0,1394.0,1393.0,1393.0,8500,0.0,0.0
2024-11-08 10:29:00+09:00,1393.5,1393.5,1393.0,1393.5,5000,0.0,0.0
2024-11-08 10:30:00+09:00,1393.5,1394.0,1393.5,1393.5,11300,0.0,0.0
2024-11-08 10:31:00+09:00,1393.5,1394.0,1393.0,1394.0,14200,0.0,0.0
2024-11-08 10:32:00+09:00,1394.0,1395.0,1393.5,1394.0,10900,0.0,0.0
2024-11-08 10:33:00+09:00,1394.0,1394.5,1393.0,1393.0,15100,0.0,0.0
2024-11-08 10:34:00+09:00,1393.0,1394.0,1393.0,1394.0,6200,0.0,0.0
2024-11-08 10:35:00+09:00,1393.5,1393.5,1393.5,1393.5,4100,0.0,0.0
2024-11-08 10:36:00+09:00,1393.5,1394.0,1393.0,1393.5,4500,0.0,0.0
2024-11-08 10:37:00+09:00,1393.0,1393.5,1393.0,1393.0,14700,0.0,0.0
2024-11-08 10:38:00+09:00,1393.0,1394.0,1392.5,1394.0,7300,0.0,0.0
2024-11-08 10:39:00+09:00,1394.5,1395.0,1394.5,1395.0,4300,0.0,0.0
2024-11-08 10:40:00+09:00,1394.5,1394.5,1394.0,1394.0,10600,0.0,0.0
2024-11-08 10:41:00+09:00,1393.5,1393.5,1393.0,1393.5,6700,0.0,0.0
2024-11-08 10:42:00+09:00,1393.5,1393.5,1393.0,1393.5,7200,0.0,0.0
2024-11-08 10:43:00+09:00,1393.5,1395.0,1393.5,1395.0,14800,0.0,0.0
2024-11-08 10:44:00+09:00,1394.5,1395.0,1394.5,1395.0,2500,0.0,0.0
2024-11-08 10:45:00+09:00,1394.5,1395.0,1394.5,1395.0,8500,0.0,0.0
2024-11-08 10:46:00+09:00,1394.5,1395.5,1394.5,1395.0,15300,0.0,0.0
2024-11-08 10:47:00+09:00,1394.5,1396.0,1394.5,1395.5,12800,0.0,0.0
2024-11-08 10:48:00+09:00,1395.0,1395.0,1393.0,1393.5,15700,0.0,0.0
2024-11-08 10:49:00+09:00,1393.5,1394.5,1393.5,1394.0,5500,0.0,0.0
2024-11-08 10:50:00+09:00,1393.5,1393.5,1393.0,1393.5,6600,0.0,0.0
2024-11-08 10:51:00+09:00,1393.5,1394.0,1393.0,1394.0,2200,0.0,0.0
2024-11-08 10:52:00+09:00,1393.5,1394.0,1393.0,1393.0,4400,0.0,0.0
2024-11-08 10:53:00+09:00,1393.5,1394.0,1393.5,1393.5,4000,0.0,0.0
2024-11-08 10:54:00+09:00,1393.5,1393.5,1393.0,1393.5,300,0.0,0.0
2024-11-08 10:55:00+09:00,1393.0,1394.5,1392.5,1394.5,21700,0.0,0.0
2024-11-08 10:56:00+09:00,1394.5,1395.0,1394.5,1395.0,3200,0.0,0.0
2024-11-08 10:57:00+09:00,1395.0,1395.0,1394.0,1394.5,5800,0.0,0.0
2024-11-08 10:58:00+09:00,1394.5,1394.5,1394.5,1394.5,1500,0.0,0.0
2024-11-08 10:59:00+09:00,1394.5,1394.5,1393.0,1393.0,13500,0.0,0.0
2024-11-08 11:00:00+09:00,1393.5,1393.5,1391.0,1391.0,16700,0.0,0.0
2024-11-08 11:01:00+09:00,1390.5,1391.0,1390.5,1391.0,4200,0.0,0.0
2024-11-08 11:02:00+09:00,1391.0,1392.0,1391.0,1392.0,9100,0.0,0.0
2024-11-08 11:03:00+09:00,1392.0,1392.0,1391.5,1392.0,2700,0.0,0.0
2024-11-08 11:04:00+09:00,1391.5,1392.5,1391.0,1392.0,17500,0.0,0.0
2024-11-08 11:05:00+09:00,1392.5,1392.5,1392.5,1392.5,500,0.0,0.0
2024-11-08 11:06:00+09:00,1392.5,1392.5,1391.0,1391.5,8500,0.0,0.0
2024-11-08 11:07:00+09:00,1391.5,1391.5,1391.5,1391.5,7900,0.0,0.0
2024-11-08 11:08:00+09:00,1392.0,1392.5,1392.0,1392.0,5300,0.0,0.0
2024-11-08 11:09:00+09:00,1392.0,1393.5,1392.0,1393.0,11500,0.0,0.0
2024-11-08 11:10:00+09:00,1393.5,1393.5,1393.5,1393.5,600,0.0,0.0
2024-11-08 11:11:00+09:00,1393.5,1393.5,1393.0,1393.5,1500,0.0,0.0
2024-11-08 11:12:00+09:00,1393.5,1393.5,1392.5,1392.5,9900,0.0,0.0
2024-11-08 11:13:00+09:00,1393.0,1393.0,1392.0,1392.0,11100,0.0,0.0
2024-11-08 11:14:00+09:00,1392.5,1392.5,1392.0,1392.5,4800,0.0,0.0
2024-11-08 11:15:00+09:00,1392.0,1392.5,1391.5,1391.5,11500,0.0,0.0
2024-11-08 11:16:00+09:00,1391.5,1392.0,1391.5,1392.0,2100,0.0,0.0
2024-11-08 11:17:00+09:00,1391.5,1391.5,1391.5,1391.5,6600,0.0,0.0
2024-11-08 11:18:00+09:00,1391.5,1391.5,1391.0,1391.5,2000,0.0,0.0
2024-11-08 11:19:00+09:00,1391.0,1391.0,1390.0,1390.5,9100,0.0,0.0
2024-11-08 11:20:00+09:00,1390.0,1390.5,1389.5,1389.5,12300,0.0,0.0
2024-11-08 11:21:00+09:00,1389.5,1390.0,1389.0,1389.0,19500,0.0,0.0
2024-11-08 11:22:00+09:00,1389.0,1389.5,1389.0,1389.5,6000,0.0,0.0
2024-11-08 11:23:00+09:00,1390.0,1390.0,1389.0,1389.5,7800,0.0,0.0
2024-11-08 11:24:00+09:00,1390.0,1390.0,1389.5,1390.0,2200,0.0,0.0
2024-11-08 11:25:00+09:00,1390.0,1390.5,1390.0,1390.5,6700,0.0,0.0
2024-11-08 11:26:00+09:00,1390.0,1390.5,1389.0,1389.0,10300,0.0,0.0
2024-11-08 11:27:00+09:00,1388.5,1389.5,1388.5,1389.5,10500,0.0,0.0
2024-11-08 11:28:00+09:00,1389.5,1389.5,1388.5,1389.5,10800,0.0,0.0
2024-11-08 11:29:00+09:00,1390.0,1390.0,1389.5,1389.5,8200,0.0,0.0
2024-11-08 11:30:00+09:00,1391.0,1391.0,1391.0,1391.0,13000,0.0,0.0
2024-11-08 11:35:00+09:00,1391.0,1391.0,1391.0,1391.0,0,0.0,0.0
2024-11-08 12:30:00+09:00,1390.0,1390.5,1388.5,1390.0,3868600,0.0,0.0
2024-11-08 12:31:00+09:00,1389.5,1389.5,1388.5,1388.5,8200,0.0,0.0
2024-11-08 12:32:00+09:00,1388.5,1388.5,1387.0,1387.5,13600,0.0,0.0
2024-11-08 12:33:00+09:00,1387.5,1387.5,1386.5,1386.5,15600,0.0,0.0
2024-11-08 12:34:00+09:00,1387.0,1388.5,1387.0,1387.5,8900,0.0,0.0
2024-11-08 12:35:00+09:00,1388.0,1389.0,1388.0,1389.0,8000,0.0,0.0
2024-11-08 12:36:00+09:00,1389.0,1389.0,1388.5,1389.0,1100,0.0,0.0
2024-11-08 12:37:00+09:00,1388.5,1389.0,1388.5,1388.5,3000,0.0,0.0
2024-11-08 12:38:00+09:00,1389.0,1389.0,1389.0,1389.0,14800,0.0,0.0
2024-11-08 12:39:00+09:00,1389.0,1389.0,1388.5,1388.5,8100,0.0,0.0
2024-11-08 12:40:00+09:00,1388.5,1388.5,1387.5,1388.0,13400,0.0,0.0
2024-11-08 12:41:00+09:00,1388.5,1388.5,1388.0,1388.0,3700,0.0,0.0
2024-11-08 12:42:00+09:00,1388.0,1388.0,1388.0,1388.0,8700,0.0,0.0
2024-11-08 12:43:00+09:00,1388.5,1388.5,1388.0,1388.0,8500,0.0,0.0
2024-11-08 12:44:00+09:00,1388.0,1390.0,1388.0,1390.0,39800,0.0,0.0
2024-11-08 12:45:00+09:00,1390.0,1390.5,1390.0,1390.5,11700,0.0,0.0
2024-11-08 12:46:00+09:00,1391.0,1391.0,1391.0,1391.0,3100,0.0,0.0
2024-11-08 12:47:00+09:00,1391.0,1391.0,1390.0,1390.5,17600,0.0,0.0
2024-11-08 12:48:00+09:00,1391.0,1392.5,1391.0,1391.5,20900,0.0,0.0
2024-11-08 12:49:00+09:00,1391.5,1391.5,1391.0,1391.0,2000,0.0,0.0
2024-11-08 12:50:00+09:00,1390.5,1390.5,1390.0,1390.0,5000,0.0,0.0
2024-11-08 12:51:00+09:00,1390.0,1390.0,1388.5,1389.5,23800,0.0,0.0
2024-11-08 12:52:00+09:00,1390.0,1390.5,1390.0,1390.0,5800,0.0,0.0
2024-11-08 12:53:00+09:00,1390.0,1390.0,1390.0,1390.0,100,0.0,0.0
2024-11-08 12:54:00+09:00,1390.0,1390.5,1390.0,1390.5,8500,0.0,0.0
2024-11-08 12:55:00+09:00,1391.0,1392.5,1391.0,1392.5,20700,0.0,0.0
2024-11-08 12:56:00+09:00,1392.0,1392.5,1392.0,1392.5,11800,0.0,0.0
2024-11-08 12:57:00+09:00,1392.0,1392.5,1392.0,1392.0,5400,0.0,0.0
2024-11-08 12:58:00+09:00,1392.0,1392.0,1391.5,1391.5,6800,0.0,0.0
2024-11-08 12:59:00+09:00,1391.5,1391.5,1391.0,1391.5,11200,0.0,0.0
2024-11-08 13:00:00+09:00,1391.5,1392.0,1391.5,1392.0,4400,0.0,0.0
2024-11-08 13:01:00+09:00,1391.5,1392.0,1391.5,1391.5,500,0.0,0.0
2024-11-08 13:02:00+09:00,1391.5,1391.5,1391.0,1391.0,4000,0.0,0.0
2024-11-08 13:03:00+09:00,1391.5,1391.5,1390.5,1390.5,5700,0.0,0.0
2024-11-08 13:04:00+09:00,1390.5,1391.0,1390.5,1391.0,8200,0.0,0.0
2024-11-08 13:05:00+09:00,1391.0,1391.0,1390.5,1390.5,14800,0.0,0.0
2024-11-08 13:06:00+09:00,1390.5,1390.5,1389.5,1390.5,20600,0.0,0.0
2024-11-08 13:07:00+09:00,1390.5,1391.0,1390.0,1390.0,9000,0.0,0.0
2024-11-08 13:08:00+09:00,1390.0,1390.0,1390.0,1390.0,1700,0.0,0.0
2024-11-08 13:09:00+09:00,1390.0,1390.0,1389.5,1389.5,2400,0.0,0.0
2024-11-08 13:10:00+09:00,1390.0,1391.0,1390.0,1391.0,11600,0.0,0.0
2024-11-08 13:11:00+09:00,1391.0,1391.0,1391.0,1391.0,2300,0.0,0.0
2024-11-08 13:12:00+09:00,1391.0,1391.5,1391.0,1391.5,14200,0.0,0.0
2024-11-08 13:13:00+09:00,1391.5,1391.5,1391.5,1391.5,500,0.0,0.0
2024-11-08 13:14:00+09:00,1391.5,1391.5,1391.0,1391.0,7000,0.0,0.0
2024-11-08 13:15:00+09:00,1391.0,1391.0,1391.0,1391.0,2600,0.0,0.0
2024-11-08 13:16:00+09:00,1391.0,1391.0,1390.5,1390.5,14000,0.0,0.0
2024-11-08 13:17:00+09:00,1390.5,1391.0,1390.5,1390.5,4200,0.0,0.0
2024-11-08 13:18:00+09:00,1390.5,1390.5,1390.0,1390.0,4700,0.0,0.0
2024-11-08 13:19:00+09:00,1390.0,1390.5,1390.0,1390.0,4400,0.0,0.0
2024-11-08 13:20:00+09:00,1390.0,1390.5,1390.0,1390.0,8200,0.0,0.0
2024-11-08 13:21:00+09:00,1390.0,1390.5,1390.0,1390.5,800,0.0,0.0
2024-11-08 13:22:00+09:00,1390.0,1390.5,1390.0,1390.5,3700,0.0,0.0
2024-11-08 13:23:00+09:00,1390.5,1390.5,1390.0,1390.5,4200,0.0,0.0
2024-11-08 13:24:00+09:00,1390.5,1391.5,1390.5,1391.5,8500,0.0,0.0
2024-11-08 13:25:00+09:00,1391.5,1393.0,1391.5,1393.0,26600,0.0,0.0
2024-11-08 13:26:00+09:00,1393.0,1393.0,1392.5,1393.0,11200,0.0,0.0
2024-11-08 13:27:00+09:00,1392.5,1393.0,1392.5,1392.5,10000,0.0,0.0
2024-11-08 13:28:00+09:00,1392.5,1393.0,1392.5,1392.5,3400,0.0,0.0
2024-11-08 13:29:00+09:00,1393.0,1393.0,1393.0,1393.0,100,0.0,0.0
2024-11-08 13:30:00+09:00,1392.5,1393.0,1392.5,1392.5,700,0.0,0.0
2024-11-08 13:31:00+09:00,1393.0,1393.0,1392.0,1392.0,19100,0.0,0.0
2024-11-08 13:32:00+09:00,1392.0,1392.0,1391.5,1392.0,600,0.0,0.0
2024-11-08 13:33:00+09:00,1391.5,1391.5,1390.5,1390.5,17300,0.0,0.0
2024-11-08 13:34:00+09:00,1391.0,1391.0,1390.0,1390.5,6200,0.0,0.0
2024-11-08 13:35:00+09:00,1390.5,1390.5,1390.5,1390.5,5900,0.0,0.0
2024-11-08 13:36:00+09:00,1390.5,1390.5,1390.0,1390.5,300,0.0,0.0
2024-11-08 13:37:00+09:00,1390.5,1390.5,1390.0,1390.0,7800,0.0,0.0
2024-11-08 13:38:00+09:00,1390.0,1390.0,1390.0,1390.0,8800,0.0,0.0
2024-11-08 13:39:00+09:00,1390.0,1390.0,1389.5,1389.5,8000,0.0,0.0
2024-11-08 13:40:00+09:00,1389.5,1389.5,1389.0,1389.5,15700,0.0,0.0
2024-11-08 13:41:00+09:00,1389.5,1389.5,1389.0,1389.5,1600,0.0,0.0
2024-11-08 13:42:00+09:00,1389.0,1389.5,1388.5,1388.5,9900,0.0,0.0
2024-11-08 13:43:00+09:00,1388.5,1389.5,1388.5,1389.0,39800,0.0,0.0
2024-11-08 13:44:00+09:00,1389.0,1389.0,1389.0,1389.0,400,0.0,0.0
2024-11-08 13:45:00+09:00,1389.5,1390.0,1389.5,1390.0,3900,0.0,0.0
2024-11-08 13:46:00+09:00,1390.5,1390.5,1390.5,1390.5,7100,0.0,0.0
2024-11-08 13:47:00+09:00,1390.5,1390.5,1390.0,1390.0,13100,0.0,0.0
2024-11-08 13:48:00+09:00,1390.0,1390.0,1389.5,1389.5,7900,0.0,0.0
2024-11-08 13:49:00+09:00,1390.0,1390.0,1389.5,1389.5,5700,0.0,0.0
2024-11-08 13:50:00+09:00,1389.5,1390.0,1389.5,1390.0,9900,0.0,0.0
2024-11-08 13:51:00+09:00,1390.0,1390.5,1390.0,1390.5,3200,0.0,0.0
2024-11-08 13:52:00+09:00,1390.0,1390.5,1390.0,1390.0,700,0.0,0.0
2024-11-08 13:53:00+09:00,1390.0,1390.0,1389.5,1390.0,15800,0.0,0.0
2024-11-08 13:54:00+09:00,1390.0,1390.0,1390.0,1390.0,1500,0.0,0.0
2024-11-08 13:55:00+09:00,1390.0,1390.0,1390.0,1390.0,3600,0.0,0.0
2024-11-08 13:56:00+09:00,1390.0,1390.0,1389.5,1389.5,3400,0.0,0.0
2024-11-08 13:57:00+09:00,1390.0,1390.0,1389.5,1389.5,1900,0.0,0.0
2024-11-08 13:58:00+09:00,1389.5,1390.0,1389.5,1389.5,1300,0.0,0.0
2024-11-08 13:59:00+09:00,1389.5,1390.5,1389.5,1390.5,15200,0.0,0.0
2024-11-08 14:00:00+09:00,1391.0,1392.0,1391.0,1391.5,8300,0.0,0.0
2024-11-08 14:01:00+09:00,1392.0,1392.0,1392.0,1392.0,4500,0.0,0.0
2024-11-08 14:02:00+09:00,1392.0,1392.0,1391.0,1391.0,14600,0.0,0.0
2024-11-08 14:03:00+09:00,1391.0,1391.5,1391.0,1391.0,1500,0.0,0.0
2024-11-08 14:04:00+09:00,1391.5,1391.5,1391.0,1391.0,4500,0.0,0.0
2024-11-08 14:05:00+09:00,1391.0,1391.0,1391.0,1391.0,9000,0.0,0.0
2024-11-08 14:06:00+09:00,1391.0,1391.0,1390.5,1390.5,5500,0.0,0.0
2024-11-08 14:07:00+09:00,1390.5,1390.5,1390.5,1390.5,2800,0.0,0.0
2024-11-08 14:08:00+09:00,1391.0,1391.0,1390.5,1390.5,1300,0.0,0.0
2024-11-08 14:09:00+09:00,1390.5,1390.5,1390.0,1390.0,6800,0.0,0.0
2024-11-08 14:10:00+09:00,1390.0,1390.5,1390.0,1390.5,4100,0.0,0.0
2024-11-08 14:11:00+09:00,1390.5,1392.0,1390.5,1392.0,13900,0.0,0.0
2024-11-08 14:12:00+09:00,1392.0,1392.0,1392.0,1392.0,100,0.0,0.0
2024-11-08 14:13:00+09:00,1392.0,1392.0,1392.0,1392.0,100,0.0,0.0
2024-11-08 14:14:00+09:00,1392.0,1392.0,1391.5,1391.5,1100,0.0,0.0
2024-11-08 14:15:00+09:00,1391.5,1392.0,1391.5,1392.0,20400,0.0,0.0
2024-11-08 14:16:00+09:00,1392.0,1392.0,1392.0,1392.0,300,0.0,0.0
2024-11-08 14:17:00+09:00,1392.5,1392.5,1392.5,1392.5,12500,0.0,0.0
2024-11-08 14:18:00+09:00,1392.5,1392.5,1392.0,1392.0,300,0.0,0.0
2024-11-08 14:19:00+09:00,1392.5,1392.5,1392.0,1392.0,10900,0.0,0.0
2024-11-08 14:20:00+09:00,1391.5,1391.5,1391.5,1391.5,1400,0.0,0.0
2024-11-08 14:21:00+09:00,1391.5,1391.5,1391.5,1391.5,200,0.0,0.0
2024-11-08 14:22:00+09:00,1392.0,1392.0,1392.0,1392.0,19100,0.0,0.0
2024-11-08 14:23:00+09:00,1392.5,1392.5,1392.0,1392.5,6800,0.0,0.0
2024-11-08 14:24:00+09:00,1393.0,1393.0,1392.5,1392.5,1100,0.0,0.0
2024-11-08 14:25:00+09:00,1392.5,1393.0,1392.5,1392.5,11300,0.0,0.0
2024-11-08 14:26:00+09:00,1392.5,1393.5,1392.5,1393.0,10100,0.0,0.0
2024-11-08 14:27:00+09:00,1393.0,1393.5,1393.0,1393.0,1100,0.0,0.0
2024-11-08 14:28:00+09:00,1393.0,1393.5,1393.0,1393.5,18200,0.0,0.0
2024-11-08 14:29:00+09:00,1393.0,1393.5,1393.0,1393.0,3900,0.0,0.0
2024-11-08 14:30:00+09:00,1393.5,1397.5,1393.0,1397.5,52800,0.0,0.0
2024-11-08 14:31:00+09:00,1397.5,1398.0,1397.0,1398.0,40500,0.0,0.0
2024-11-08 14:32:00+09:00,1397.5,1397.5,1397.5,1397.5,6900,0.0,0.0
2024-11-08 14:33:00+09:00,1397.0,1397.5,1397.0,1397.5,6900,0.0,0.0
2024-11-08 14:34:00+09:00,1397.5,1398.0,1397.5,1398.0,9100,0.0,0.0
2024-11-08 14:35:00+09:00,1398.5,1398.5,1398.0,1398.5,7800,0.0,0.0
2024-11-08 14:36:00+09:00,1398.5,1399.5,1398.5,1399.0,5900,0.0,0.0
2024-11-08 14:37:00+09:00,1399.5,1401.5,1399.0,1401.5,84600,0.0,0.0
2024-11-08 14:38:00+09:00,1401.0,1402.0,1401.0,1402.0,7000,0.0,0.0
2024-11-08 14:39:00+09:00,1401.5,1402.0,1401.5,1402.0,10700,0.0,0.0
2024-11-08 14:40:00+09:00,1402.0,1403.5,1402.0,1403.5,16100,0.0,0.0
2024-11-08 14:41:00+09:00,1403.5,1403.5,1402.5,1403.0,27800,0.0,0.0
2024-11-08 14:42:00+09:00,1403.5,1403.5,1402.5,1402.5,12300,0.0,0.0
2024-11-08 14:43:00+09:00,1402.5,1403.5,1402.5,1403.5,8300,0.0,0.0
2024-11-08 14:44:00+09:00,1403.5,1404.5,1403.5,1404.0,15900,0.0,0.0
2024-11-08 14:45:00+09:00,1404.0,1406.0,1404.0,1405.5,65700,0.0,0.0
2024-11-08 14:46:00+09:00,1405.5,1406.0,1405.0,1405.5,12100,0.0,0.0
2024-11-08 14:47:00+09:00,1405.5,1406.0,1405.5,1405.5,12800,0.0,0.0
2024-11-08 14:48:00+09:00,1406.0,1406.0,1405.0,1405.5,7300,0.0,0.0
2024-11-08 14:49:00+09:00,1406.0,1406.5,1405.0,1406.0,14300,0.0,0.0
2024-11-08 14:50:00+09:00,1406.0,1407.0,1406.0,1406.5,6900,0.0,0.0
2024-11-08 14:51:00+09:00,1407.0,1407.0,1406.0,1406.0,6500,0.0,0.0
2024-11-08 14:52:00+09:00,1406.0,1407.0,1406.0,1406.5,13300,0.0,0.0
2024-11-08 14:53:00+09:00,1406.5,1406.5,1401.0,1401.0,62600,0.0,0.0
2024-11-08 14:54:00+09:00,1401.5,1402.0,1401.5,1402.0,10400,0.0,0.0
2024-11-08 14:55:00+09:00,1401.5,1402.0,1401.5,1402.0,9900,0.0,0.0
2024-11-08 14:56:00+09:00,1402.0,1402.5,1401.0,1402.0,18100,0.0,0.0
2024-11-08 14:57:00+09:00,1402.0,1402.0,1401.5,1401.5,4000,0.0,0.0
2024-11-08 14:58:00+09:00,1401.5,1401.5,1401.0,1401.0,9500,0.0,0.0
2024-11-08 14:59:00+09:00,1401.0,1401.5,1401.0,1401.5,1300,0.0,0.0
