Datetime,Open,High,Low,Close,Volume,Dividends,Stock Splits
2024-11-05 09:00:00+09:00,3260.0,3260.0,3243.0,3243.0,0,0.0,0.0
2024-11-05 09:01:00+09:00,3244.0,3249.0,3240.0,3244.0,72200,0.0,0.0
2024-11-05 09:02:00+09:00,3244.0,3245.0,3236.0,3236.0,83300,0.0,0.0
2024-11-05 09:03:00+09:00,3238.0,3244.0,3236.0,3236.0,56300,0.0,0.0
2024-11-05 09:04:00+09:00,3236.0,3238.0,3232.0,3234.0,42200,0.0,0.0
2024-11-05 09:05:00+09:00,3234.0,3237.0,3231.0,3234.0,0,0.0,0.0
2024-11-05 09:06:00+09:00,3233.0,3238.0,3230.0,3231.0,47200,0.0,0.0
2024-11-05 09:07:00+09:00,3231.0,3236.0,3228.0,3231.0,60600,0.0,0.0
2024-11-05 09:08:00+09:00,3232.0,3234.0,3230.0,3233.0,17900,0.0,0.0
2024-11-05 09:09:00+09:00,3234.0,3242.0,3234.0,3240.0,28400,0.0,0.0
2024-11-05 09:10:00+09:00,3240.0,3244.0,3238.0,3244.0,36800,0.0,0.0
2024-11-05 09:11:00+09:00,3243.0,3249.0,3243.0,3248.0,44400,0.0,0.0
2024-11-05 09:12:00+09:00,3248.0,3252.0,3248.0,3249.0,46800,0.0,0.0
2024-11-05 09:13:00+09:00,3249.0,3249.0,3247.0,3247.0,34800,0.0,0.0
2024-11-05 09:14:00+09:00,3248.0,3248.0,3244.0,3246.0,127200,0.0,0.0
2024-11-05 09:15:00+09:00,3247.0,3248.0,3245.0,3246.0,27800,0.0,0.0
2024-11-05 09:16:00+09:00,3246.0,3247.0,3243.0,3246.0,34400,0.0,0.0
2024-11-05 09:17:00+09:00,3247.0,3248.0,3242.0,3244.0,28500,0.0,0.0
2024-11-05 09:18:00+09:00,3244.0,3245.0,3242.0,3243.0,54700,0.0,0.0
2024-11-05 09:19:00+09:00,3242.0,3246.0,3242.0,3245.0,29400,0.0,0.0
2024-11-05 09:20:00+09:00,3246.0,3247.0,3245.0,3245.0,16600,0.0,0.0
2024-11-05 09:21:00+09:00,3245.0,3246.0,3242.0,3242.0,26400,0.0,0.0
2024-11-05 09:22:00+09:00,3242.0,3242.0,3239.0,3239.0,41800,0.0,0.0
2024-11-05 09:23:00+09:00,3239.0,3241.0,3234.0,3241.0,46000,0.0,0.0
2024-11-05 09:24:00+09:00,3240.0,3240.0,3237.0,3239.0,14500,0.0,0.0
2024-11-05 09:25:00+09:00,3239.0,3247.0,3239.0,3242.0,70400,0.0,0.0
2024-11-05 09:26:00+09:00,3242.0,3244.0,3241.0,3243.0,19100,0.0,0.0
2024-11-05 09:27:00+09:00,3243.0,3243.0,3241.0,3241.0,21400,0.0,0.0
2024-11-05 09:28:00+09:00,3240.0,3241.0,3234.0,3234.0,69200,0.0,0.0
2024-11-05 09:29:00+09:00,3234.0,3238.0,3232.0,3237.0,28200,0.0,0.0
2024-11-05 09:30:00+09:00,3237.0,3238.0,3235.0,3235.0,25900,0.0,0.0
2024-11-05 09:31:00+09:00,3236.0,3237.0,3233.0,3237.0,36900,0.0,0.0
2024-11-05 09:32:00+09:00,3237.0,3242.0,3237.0,3239.0,34200,0.0,0.0
2024-11-05 09:33:00+09:00,3239.0,3240.0,3238.0,3239.0,19200,0.0,0.0
2024-11-05 09:34:00+09:00,3239.0,3239.0,3237.0,3239.0,13800,0.0,0.0
2024-11-05 09:35:00+09:00,3239.0,3242.0,3238.0,3239.0,86200,0.0,0.0
2024-11-05 09:36:00+09:00,3240.0,3242.0,3238.0,3238.0,15800,0.0,0.0
2024-11-05 09:37:00+09:00,3239.0,3239.0,3237.0,3239.0,22300,0.0,0.0
2024-11-05 09:38:00+09:00,3240.0,3241.0,3237.0,3237.0,23400,0.0,0.0
2024-11-05 09:39:00+09:00,3238.0,3239.0,3238.0,3239.0,4700,0.0,0.0
2024-11-05 09:40:00+09:00,3238.0,3240.0,3238.0,3239.0,18200,0.0,0.0
2024-11-05 09:41:00+09:00,3239.0,3239.0,3232.0,3233.0,36700,0.0,0.0
2024-11-05 09:42:00+09:00,3233.0,3233.0,3232.0,3233.0,11700,0.0,0.0
2024-11-05 09:43:00+09:00,3233.0,3233.0,3231.0,3233.0,21000,0.0,0.0
2024-11-05 09:44:00+09:00,3232.0,3235.0,3232.0,3235.0,8800,0.0,0.0
2024-11-05 09:45:00+09:00,3234.0,3235.0,3232.0,3235.0,13000,0.0,0.0
2024-11-05 09:46:00+09:00,3234.0,3235.0,3234.0,3235.0,1800,0.0,0.0
2024-11-05 09:47:00+09:00,3235.0,3240.0,3235.0,3239.0,23600,0.0,0.0
2024-11-05 09:48:00+09:00,3239.0,3241.0,3237.0,3241.0,17200,0.0,0.0
2024-11-05 09:49:00+09:00,3241.0,3243.0,3241.0,3242.0,10900,0.0,0.0
2024-11-05 09:50:00+09:00,3242.0,3243.0,3241.0,3242.0,22500,0.0,0.0
2024-11-05 09:51:00+09:00,3242.0,3242.0,3241.0,3241.0,10500,0.0,0.0
2024-11-05 09:52:00+09:00,3240.0,3240.0,3237.0,3237.0,21000,0.0,0.0
2024-11-05 09:53:00+09:00,3237.0,3237.0,3236.0,3237.0,14200,0.0,0.0
2024-11-05 09:54:00+09:00,3237.0,3237.0,3234.0,3236.0,17200,0.0,0.0
2024-11-05 09:55:00+09:00,3236.0,3238.0,3236.0,3238.0,9600,0.0,0.0
2024-11-05 09:56:00+09:00,3237.0,3240.0,3237.0,3240.0,9700,0.0,0.0
2024-11-05 09:57:00+09:00,3240.0,3240.0,3237.0,3237.0,6800,0.0,0.0
2024-11-05 09:58:00+09:00,3237.0,3237.0,3237.0,3237.0,4000,0.0,0.0
2024-11-05 09:59:00+09:00,3238.0,3238.0,3236.0,3237.0,6600,0.0,0.0
2024-11-05 10:00:00+09:00,3236.0,3236.0,3235.0,3235.0,10600,0.0,0.0
2024-11-05 10:01:00+09:00,3237.0,3238.0,3237.0,3237.0,15000,0.0,0.0
2024-11-05 10:02:00+09:00,3237.0,3240.0,3237.0,3240.0,12000,0.0,0.0
2024-11-05 10:03:00+09:00,3240.0,3241.0,3239.0,3240.0,15800,0.0,0.0
2024-11-05 10:04:00+09:00,3240.0,3243.0,3240.0,3242.0,18600,0.0,0.0
2024-11-05 10:05:00+09:00,3241.0,3241.0,3238.0,3239.0,24800,0.0,0.0
2024-11-05 10:06:00+09:00,3240.0,3241.0,3239.0,3239.0,11000,0.0,0.0
2024-11-05 10:07:00+09:00,3240.0,3242.0,3239.0,3241.0,28800,0.0,0.0
2024-11-05 10:08:00+09:00,3241.0,3241.0,3239.0,3239.0,15600,0.0,0.0
2024-11-05 10:09:00+09:00,3239.0,3240.0,3238.0,3239.0,4900,0.0,0.0
2024-11-05 10:10:00+09:00,3240.0,3241.0,3238.0,3241.0,23800,0.0,0.0
2024-11-05 10:11:00+09:00,3241.0,3244.0,3235.0,3238.0,109800,0.0,0.0
2024-11-05 10:12:00+09:00,3238.0,3238.0,3234.0,3234.0,7400,0.0,0.0
2024-11-05 10:13:00+09:00,3235.0,3237.0,3235.0,3237.0,17000,0.0,0.0
2024-11-05 10:14:00+09:00,3237.0,3242.0,3237.0,3241.0,18300,0.0,0.0
2024-11-05 10:15:00+09:00,3241.0,3242.0,3239.0,3240.0,8400,0.0,0.0
2024-11-05 10:16:00+09:00,3240.0,3240.0,3236.0,3237.0,24800,0.0,0.0
2024-11-05 10:17:00+09:00,3238.0,3238.0,3237.0,3237.0,8600,0.0,0.0
2024-11-05 10:18:00+09:00,3236.0,3238.0,3235.0,3236.0,12900,0.0,0.0
2024-11-05 10:19:00+09:00,3236.0,3237.0,3236.0,3236.0,6900,0.0,0.0
2024-11-05 10:20:00+09:00,3237.0,3237.0,3236.0,3236.0,8700,0.0,0.0
2024-11-05 10:21:00+09:00,3237.0,3238.0,3236.0,3238.0,3500,0.0,0.0
2024-11-05 10:22:00+09:00,3238.0,3239.0,3237.0,3238.0,6100,0.0,0.0
2024-11-05 10:23:00+09:00,3238.0,3238.0,3235.0,3236.0,15400,0.0,0.0
2024-11-05 10:24:00+09:00,3236.0,3236.0,3234.0,3235.0,18600,0.0,0.0
2024-11-05 10:25:00+09:00,3235.0,3239.0,3235.0,3239.0,14300,0.0,0.0
2024-11-05 10:26:00+09:00,3239.0,3241.0,3239.0,3240.0,9100,0.0,0.0
2024-11-05 10:27:00+09:00,3241.0,3241.0,3240.0,3241.0,9000,0.0,0.0
2024-11-05 10:28:00+09:00,3240.0,3240.0,3237.0,3239.0,17600,0.0,0.0
2024-11-05 10:29:00+09:00,3238.0,3240.0,3238.0,3240.0,8800,0.0,0.0
2024-11-05 10:30:00+09:00,3240.0,3240.0,3239.0,3239.0,15900,0.0,0.0
2024-11-05 10:31:00+09:00,3239.0,3239.0,3237.0,3239.0,20100,0.0,0.0
2024-11-05 10:32:00+09:00,3239.0,3240.0,3239.0,3239.0,5200,0.0,0.0
2024-11-05 10:33:00+09:00,3239.0,3239.0,3238.0,3238.0,2100,0.0,0.0
2024-11-05 10:34:00+09:00,3238.0,3238.0,3237.0,3237.0,6500,0.0,0.0
2024-11-05 10:35:00+09:00,3238.0,3238.0,3236.0,3236.0,7100,0.0,0.0
2024-11-05 10:36:00+09:00,3236.0,3237.0,3236.0,3237.0,9400,0.0,0.0
2024-11-05 10:37:00+09:00,3238.0,3239.0,3237.0,3238.0,8300,0.0,0.0
2024-11-05 10:38:00+09:00,3238.0,3238.0,3238.0,3238.0,12100,0.0,0.0
2024-11-05 10:39:00+09:00,3239.0,3240.0,3239.0,3240.0,12500,0.0,0.0
2024-11-05 10:40:00+09:00,3240.0,3241.0,3239.0,3241.0,21400,0.0,0.0
2024-11-05 10:41:00+09:00,3241.0,3241.0,3240.0,3241.0,1500,0.0,0.0
2024-11-05 10:42:00+09:00,3241.0,3241.0,3240.0,3240.0,3800,0.0,0.0
2024-11-05 10:43:00+09:00,3241.0,3242.0,3241.0,3242.0,10200,0.0,0.0
2024-11-05 10:44:00+09:00,3241.0,3242.0,3240.0,3240.0,8300,0.0,0.0
2024-11-05 10:45:00+09:00,3241.0,3247.0,3241.0,3245.0,81800,0.0,0.0
2024-11-05 10:46:00+09:00,3246.0,3248.0,3246.0,3247.0,26200,0.0,0.0
2024-11-05 10:47:00+09:00,3247.0,3248.0,3247.0,3248.0,3200,0.0,0.0
2024-11-05 10:48:00+09:00,3248.0,3248.0,3245.0,3247.0,43800,0.0,0.0
2024-11-05 10:49:00+09:00,3247.0,3248.0,3246.0,3247.0,10100,0.0,0.0
2024-11-05 10:50:00+09:00,3247.0,3248.0,3246.0,3246.0,32400,0.0,0.0
2024-11-05 10:51:00+09:00,3246.0,3249.0,3245.0,3249.0,15800,0.0,0.0
2024-11-05 10:52:00+09:00,3248.0,3248.0,3246.0,3248.0,17400,0.0,0.0
2024-11-05 10:53:00+09:00,3248.0,3249.0,3248.0,3248.0,2900,0.0,0.0
2024-11-05 10:54:00+09:00,3249.0,3250.0,3249.0,3250.0,14800,0.0,0.0
2024-11-05 10:55:00+09:00,3250.0,3250.0,3248.0,3249.0,22300,0.0,0.0
2024-11-05 10:56:00+09:00,3249.0,3249.0,3246.0,3247.0,31000,0.0,0.0
2024-11-05 10:57:00+09:00,3247.0,3248.0,3246.0,3248.0,13200,0.0,0.0
2024-11-05 10:58:00+09:00,3247.0,3248.0,3246.0,3247.0,5500,0.0,0.0
2024-11-05 10:59:00+09:00,3248.0,3249.0,3248.0,3249.0,9400,0.0,0.0
2024-11-05 11:00:00+09:00,3248.0,3248.0,3246.0,3247.0,20900,0.0,0.0
2024-11-05 11:01:00+09:00,3247.0,3247.0,3246.0,3247.0,3700,0.0,0.0
2024-11-05 11:02:00+09:00,3247.0,3252.0,3247.0,3252.0,49200,0.0,0.0
2024-11-05 11:03:00+09:00,3252.0,3257.0,3252.0,3255.0,38100,0.0,0.0
2024-11-05 11:04:00+09:00,3256.0,3256.0,3254.0,3254.0,6700,0.0,0.0
2024-11-05 11:05:00+09:00,3254.0,3255.0,3254.0,3254.0,5900,0.0,0.0
2024-11-05 11:06:00+09:00,3254.0,3254.0,3252.0,3252.0,14300,0.0,0.0
2024-11-05 11:07:00+09:00,3253.0,3254.0,3253.0,3253.0,7300,0.0,0.0
2024-11-05 11:08:00+09:00,3253.0,3254.0,3253.0,3253.0,3100,0.0,0.0
2024-11-05 11:09:00+09:00,3253.0,3254.0,3253.0,3253.0,1600,0.0,0.0
2024-11-05 11:10:00+09:00,3253.0,3255.0,3253.0,3254.0,12400,0.0,0.0
2024-11-05 11:11:00+09:00,3254.0,3254.0,3253.0,3253.0,16700,0.0,0.0
2024-11-05 11:12:00+09:00,3252.0,3259.0,3252.0,3254.0,70600,0.0,0.0
2024-11-05 11:13:00+09:00,3255.0,3255.0,3253.0,3254.0,4700,0.0,0.0
2024-11-05 11:14:00+09:00,3254.0,3256.0,3253.0,3256.0,10200,0.0,0.0
2024-11-05 11:15:00+09:00,3256.0,3256.0,3255.0,3256.0,7600,0.0,0.0
2024-11-05 11:16:00+09:00,3255.0,3255.0,3253.0,3254.0,36000,0.0,0.0
2024-11-05 11:17:00+09:00,3253.0,3256.0,3253.0,3256.0,13100,0.0,0.0
2024-11-05 11:18:00+09:00,3256.0,3256.0,3255.0,3255.0,1300,0.0,0.0
2024-11-05 11:19:00+09:00,3255.0,3255.0,3255.0,3255.0,4300,0.0,0.0
2024-11-05 11:20:00+09:00,3255.0,3256.0,3254.0,3254.0,5200,0.0,0.0
2024-11-05 11:21:00+09:00,3255.0,3256.0,3254.0,3255.0,7000,0.0,0.0
2024-11-05 11:22:00+09:00,3255.0,3256.0,3255.0,3256.0,3400,0.0,0.0
2024-11-05 11:23:00+09:00,3255.0,3256.0,3255.0,3255.0,3200,0.0,0.0
2024-11-05 11:24:00+09:00,3256.0,3257.0,3255.0,3256.0,19500,0.0,0.0
2024-11-05 11:25:00+09:00,3256.0,3256.0,3255.0,3255.0,13000,0.0,0.0
2024-11-05 11:26:00+09:00,3255.0,3255.0,3254.0,3255.0,4100,0.0,0.0
2024-11-05 11:27:00+09:00,3254.0,3255.0,3254.0,3255.0,1400,0.0,0.0
2024-11-05 11:28:00+09:00,3254.0,3254.0,3253.0,3253.0,49700,0.0,0.0
2024-11-05 11:29:00+09:00,3253.0,3254.0,3252.0,3252.0,9300,0.0,0.0
2024-11-05 11:30:00+09:00,3252.0,3252.0,3252.0,3252.0,24700,0.0,0.0
2024-11-05 11:35:00+09:00,3252.0,3252.0,3252.0,3252.0,0,0.0,0.0
2024-11-05 12:30:00+09:00,3260.0,3267.0,3258.0,3265.0,4299500,0.0,0.0
2024-11-05 12:31:00+09:00,3264.0,3266.0,3262.0,3262.0,17500,0.0,0.0
2024-11-05 12:32:00+09:00,3262.0,3264.0,3260.0,3260.0,12300,0.0,0.0
2024-11-05 12:33:00+09:00,3261.0,3261.0,3259.0,3261.0,15400,0.0,0.0
2024-11-05 12:34:00+09:00,3260.0,3260.0,3258.0,3259.0,10800,0.0,0.0
2024-11-05 12:35:00+09:00,3259.0,3259.0,3257.0,3257.0,10600,0.0,0.0
2024-11-05 12:36:00+09:00,3258.0,3258.0,3257.0,3257.0,11700,0.0,0.0
2024-11-05 12:37:00+09:00,3257.0,3257.0,3255.0,3257.0,23100,0.0,0.0
2024-11-05 12:38:00+09:00,3257.0,3257.0,3257.0,3257.0,3100,0.0,0.0
2024-11-05 12:39:00+09:00,3257.0,3259.0,3257.0,3258.0,19700,0.0,0.0
2024-11-05 12:40:00+09:00,3259.0,3262.0,3259.0,3262.0,28200,0.0,0.0
2024-11-05 12:41:00+09:00,3262.0,3263.0,3261.0,3262.0,19300,0.0,0.0
2024-11-05 12:42:00+09:00,3262.0,3262.0,3260.0,3261.0,27600,0.0,0.0
2024-11-05 12:43:00+09:00,3261.0,3261.0,3259.0,3260.0,5700,0.0,0.0
2024-11-05 12:44:00+09:00,3260.0,3261.0,3260.0,3260.0,13600,0.0,0.0
2024-11-05 12:45:00+09:00,3260.0,3261.0,3260.0,3261.0,16300,0.0,0.0
2024-11-05 12:46:00+09:00,3260.0,3261.0,3260.0,3260.0,23100,0.0,0.0
2024-11-05 12:47:00+09:00,3260.0,3260.0,3257.0,3258.0,31400,0.0,0.0
2024-11-05 12:48:00+09:00,3258.0,3258.0,3256.0,3256.0,41200,0.0,0.0
2024-11-05 12:49:00+09:00,3256.0,3259.0,3256.0,3259.0,11800,0.0,0.0
2024-11-05 12:50:00+09:00,3260.0,3260.0,3257.0,3257.0,26500,0.0,0.0
2024-11-05 12:51:00+09:00,3258.0,3258.0,3256.0,3256.0,20700,0.0,0.0
2024-11-05 12:52:00+09:00,3256.0,3257.0,3255.0,3256.0,11900,0.0,0.0
2024-11-05 12:53:00+09:00,3257.0,3257.0,3255.0,3255.0,7300,0.0,0.0
2024-11-05 12:54:00+09:00,3255.0,3257.0,3255.0,3256.0,21800,0.0,0.0
2024-11-05 12:55:00+09:00,3257.0,3259.0,3256.0,3259.0,14600,0.0,0.0
2024-11-05 12:56:00+09:00,3258.0,3258.0,3255.0,3255.0,17900,0.0,0.0
2024-11-05 12:57:00+09:00,3256.0,3257.0,3256.0,3256.0,23200,0.0,0.0
2024-11-05 12:58:00+09:00,3255.0,3257.0,3255.0,3257.0,7400,0.0,0.0
2024-11-05 12:59:00+09:00,3256.0,3256.0,3254.0,3254.0,37300,0.0,0.0
2024-11-05 13:00:00+09:00,3255.0,3255.0,3254.0,3255.0,9100,0.0,0.0
2024-11-05 13:01:00+09:00,3255.0,3255.0,3254.0,3255.0,7000,0.0,0.0
2024-11-05 13:02:00+09:00,3255.0,3256.0,3254.0,3255.0,5900,0.0,0.0
2024-11-05 13:03:00+09:00,3254.0,3254.0,3253.0,3253.0,11400,0.0,0.0
2024-11-05 13:04:00+09:00,3254.0,3254.0,3252.0,3252.0,28300,0.0,0.0
2024-11-05 13:05:00+09:00,3253.0,3254.0,3253.0,3254.0,12500,0.0,0.0
2024-11-05 13:06:00+09:00,3254.0,3255.0,3254.0,3255.0,10200,0.0,0.0
2024-11-05 13:07:00+09:00,3255.0,3256.0,3254.0,3254.0,4700,0.0,0.0
2024-11-05 13:08:00+09:00,3254.0,3255.0,3254.0,3255.0,9100,0.0,0.0
2024-11-05 13:09:00+09:00,3255.0,3255.0,3254.0,3254.0,8900,0.0,0.0
2024-11-05 13:10:00+09:00,3254.0,3254.0,3254.0,3254.0,11400,0.0,0.0
2024-11-05 13:11:00+09:00,3254.0,3255.0,3253.0,3253.0,9000,0.0,0.0
2024-11-05 13:12:00+09:00,3253.0,3254.0,3252.0,3253.0,23300,0.0,0.0
2024-11-05 13:13:00+09:00,3254.0,3254.0,3253.0,3254.0,6300,0.0,0.0
2024-11-05 13:14:00+09:00,3253.0,3254.0,3253.0,3254.0,8300,0.0,0.0
2024-11-05 13:15:00+09:00,3254.0,3256.0,3254.0,3255.0,23200,0.0,0.0
2024-11-05 13:16:00+09:00,3255.0,3257.0,3254.0,3255.0,10100,0.0,0.0
2024-11-05 13:17:00+09:00,3255.0,3256.0,3254.0,3254.0,11300,0.0,0.0
2024-11-05 13:18:00+09:00,3254.0,3257.0,3254.0,3255.0,27000,0.0,0.0
2024-11-05 13:19:00+09:00,3255.0,3256.0,3255.0,3255.0,1700,0.0,0.0
2024-11-05 13:20:00+09:00,3256.0,3256.0,3255.0,3255.0,5200,0.0,0.0
2024-11-05 13:21:00+09:00,3256.0,3257.0,3256.0,3256.0,15600,0.0,0.0
2024-11-05 13:22:00+09:00,3257.0,3257.0,3255.0,3256.0,14100,0.0,0.0
2024-11-05 13:23:00+09:00,3256.0,3257.0,3255.0,3256.0,9100,0.0,0.0
2024-11-05 13:24:00+09:00,3257.0,3257.0,3256.0,3257.0,10600,0.0,0.0
2024-11-05 13:25:00+09:00,3256.0,3257.0,3256.0,3256.0,2400,0.0,0.0
2024-11-05 13:26:00+09:00,3255.0,3257.0,3255.0,3257.0,20200,0.0,0.0
2024-11-05 13:27:00+09:00,3257.0,3258.0,3257.0,3258.0,13200,0.0,0.0
2024-11-05 13:28:00+09:00,3258.0,3259.0,3258.0,3258.0,14500,0.0,0.0
2024-11-05 13:29:00+09:00,3259.0,3260.0,3259.0,3259.0,13200,0.0,0.0
2024-11-05 13:30:00+09:00,3258.0,3258.0,3257.0,3258.0,20900,0.0,0.0
2024-11-05 13:31:00+09:00,3258.0,3258.0,3257.0,3257.0,3600,0.0,0.0
2024-11-05 13:32:00+09:00,3257.0,3259.0,3256.0,3259.0,18300,0.0,0.0
2024-11-05 13:33:00+09:00,3259.0,3259.0,3258.0,3258.0,800,0.0,0.0
2024-11-05 13:34:00+09:00,3258.0,3259.0,3258.0,3259.0,1400,0.0,0.0
2024-11-05 13:35:00+09:00,3258.0,3259.0,3258.0,3258.0,55500,0.0,0.0
2024-11-05 13:36:00+09:00,3257.0,3257.0,3255.0,3256.0,13000,0.0,0.0
2024-11-05 13:37:00+09:00,3256.0,3257.0,3255.0,3255.0,16200,0.0,0.0
2024-11-05 13:38:00+09:00,3255.0,3257.0,3255.0,3256.0,5300,0.0,0.0
2024-11-05 13:39:00+09:00,3257.0,3257.0,3255.0,3256.0,4500,0.0,0.0
2024-11-05 13:40:00+09:00,3256.0,3256.0,3255.0,3255.0,1500,0.0,0.0
2024-11-05 13:41:00+09:00,3255.0,3258.0,3255.0,3255.0,22200,0.0,0.0
2024-11-05 13:42:00+09:00,3256.0,3257.0,3255.0,3256.0,22300,0.0,0.0
2024-11-05 13:43:00+09:00,3256.0,3257.0,3256.0,3257.0,9200,0.0,0.0
2024-11-05 13:44:00+09:00,3256.0,3257.0,3256.0,3256.0,5300,0.0,0.0
2024-11-05 13:45:00+09:00,3256.0,3257.0,3255.0,3255.0,5800,0.0,0.0
2024-11-05 13:46:00+09:00,3255.0,3256.0,3255.0,3255.0,5200,0.0,0.0
2024-11-05 13:47:00+09:00,3255.0,3255.0,3253.0,3253.0,23600,0.0,0.0
2024-11-05 13:48:00+09:00,3254.0,3255.0,3254.0,3255.0,12600,0.0,0.0
2024-11-05 13:49:00+09:00,3255.0,3255.0,3255.0,3255.0,3100,0.0,0.0
2024-11-05 13:50:00+09:00,3255.0,3255.0,3254.0,3254.0,6400,0.0,0.0
2024-11-05 13:51:00+09:00,3254.0,3255.0,3254.0,3255.0,2500,0.0,0.0
2024-11-05 13:52:00+09:00,3254.0,3254.0,3253.0,3253.0,15500,0.0,0.0
2024-11-05 13:53:00+09:00,3253.0,3253.0,3253.0,3253.0,4600,0.0,0.0
2024-11-05 13:54:00+09:00,3253.0,3254.0,3253.0,3253.0,2200,0.0,0.0
2024-11-05 13:55:00+09:00,3253.0,3255.0,3253.0,3255.0,21800,0.0,0.0
2024-11-05 13:56:00+09:00,3255.0,3256.0,3254.0,3255.0,6200,0.0,0.0
2024-11-05 13:57:00+09:00,3255.0,3256.0,3255.0,3255.0,11200,0.0,0.0
2024-11-05 13:58:00+09:00,3255.0,3255.0,3254.0,3254.0,5000,0.0,0.0
2024-11-05 13:59:00+09:00,3254.0,3255.0,3253.0,3253.0,4300,0.0,0.0
2024-11-05 14:01:00+09:00,3254.0,3257.0,3254.0,3256.0,58900,0.0,0.0
2024-11-05 14:02:00+09:00,3256.0,3256.0,3255.0,3256.0,6400,0.0,0.0
2024-11-05 14:03:00+09:00,3257.0,3257.0,3256.0,3256.0,3900,0.0,0.0
2024-11-05 14:04:00+09:00,3257.0,3257.0,3256.0,3256.0,17400,0.0,0.0
2024-11-05 14:05:00+09:00,3256.0,3256.0,3255.0,3255.0,3900,0.0,0.0
2024-11-05 14:06:00+09:00,3255.0,3255.0,3255.0,3255.0,1800,0.0,0.0
2024-11-05 14:07:00+09:00,3256.0,3257.0,3256.0,3257.0,11800,0.0,0.0
2024-11-05 14:08:00+09:00,3257.0,3258.0,3256.0,3257.0,7900,0.0,0.0
2024-11-05 14:09:00+09:00,3257.0,3258.0,3257.0,3258.0,8400,0.0,0.0
2024-11-05 14:10:00+09:00,3258.0,3258.0,3257.0,3257.0,3200,0.0,0.0
2024-11-05 14:11:00+09:00,3257.0,3258.0,3257.0,3258.0,6500,0.0,0.0
2024-11-05 14:12:00+09:00,3258.0,3259.0,3258.0,3258.0,5400,0.0,0.0
2024-11-05 14:13:00+09:00,3258.0,3259.0,3258.0,3258.0,1700,0.0,0.0
2024-11-05 14:14:00+09:00,3258.0,3259.0,3257.0,3259.0,28100,0.0,0.0
2024-11-05 14:15:00+09:00,3259.0,3259.0,3258.0,3258.0,1200,0.0,0.0
2024-11-05 14:16:00+09:00,3259.0,3261.0,3259.0,3260.0,48300,0.0,0.0
2024-11-05 14:17:00+09:00,3260.0,3261.0,3259.0,3260.0,10000,0.0,0.0
2024-11-05 14:18:00+09:00,3261.0,3262.0,3260.0,3261.0,20200,0.0,0.0
2024-11-05 14:19:00+09:00,3262.0,3263.0,3261.0,3263.0,17100,0.0,0.0
2024-11-05 14:20:00+09:00,3262.0,3262.0,3260.0,3260.0,14100,0.0,0.0
2024-11-05 14:21:00+09:00,3260.0,3261.0,3259.0,3259.0,5300,0.0,0.0
2024-11-05 14:22:00+09:00,3260.0,3261.0,3260.0,3261.0,8200,0.0,0.0
2024-11-05 14:23:00+09:00,3260.0,3260.0,3259.0,3259.0,3300,0.0,0.0
2024-11-05 14:24:00+09:00,3259.0,3260.0,3259.0,3260.0,8600,0.0,0.0
2024-11-05 14:25:00+09:00,3259.0,3259.0,3257.0,3257.0,16800,0.0,0.0
2024-11-05 14:26:00+09:00,3257.0,3257.0,3256.0,3257.0,12400,0.0,0.0
2024-11-05 14:27:00+09:00,3257.0,3258.0,3256.0,3257.0,3500,0.0,0.0
2024-11-05 14:28:00+09:00,3257.0,3258.0,3257.0,3257.0,3200,0.0,0.0
2024-11-05 14:29:00+09:00,3257.0,3258.0,3257.0,3258.0,9400,0.0,0.0
2024-11-05 14:30:00+09:00,3258.0,3259.0,3258.0,3259.0,3600,0.0,0.0
2024-11-05 14:31:00+09:00,3259.0,3260.0,3258.0,3260.0,9700,0.0,0.0
2024-11-05 14:32:00+09:00,3259.0,3260.0,3258.0,3260.0,5200,0.0,0.0
2024-11-05 14:33:00+09:00,3260.0,3260.0,3259.0,3259.0,2000,0.0,0.0
2024-11-05 14:34:00+09:00,3260.0,3261.0,3259.0,3260.0,20400,0.0,0.0
2024-11-05 14:35:00+09:00,3260.0,3260.0,3258.0,3258.0,16700,0.0,0.0
2024-11-05 14:36:00+09:00,3258.0,3259.0,3257.0,3259.0,72400,0.0,0.0
2024-11-05 14:37:00+09:00,3259.0,3260.0,3258.0,3258.0,3500,0.0,0.0
2024-11-05 14:38:00+09:00,3258.0,3259.0,3257.0,3258.0,5000,0.0,0.0
2024-11-05 14:39:00+09:00,3257.0,3258.0,3257.0,3257.0,10400,0.0,0.0
2024-11-05 14:40:00+09:00,3257.0,3258.0,3257.0,3258.0,5500,0.0,0.0
2024-11-05 14:41:00+09:00,3257.0,3258.0,3257.0,3257.0,19700,0.0,0.0
2024-11-05 14:42:00+09:00,3258.0,3259.0,3258.0,3258.0,4900,0.0,0.0
2024-11-05 14:43:00+09:00,3258.0,3258.0,3258.0,3258.0,5000,0.0,0.0
2024-11-05 14:44:00+09:00,3259.0,3259.0,3258.0,3258.0,6200,0.0,0.0
2024-11-05 14:45:00+09:00,3258.0,3259.0,3258.0,3258.0,17100,0.0,0.0
2024-11-05 14:46:00+09:00,3259.0,3260.0,3258.0,3259.0,3100,0.0,0.0
2024-11-05 14:47:00+09:00,3259.0,3260.0,3258.0,3258.0,29200,0.0,0.0
2024-11-05 14:48:00+09:00,3259.0,3259.0,3258.0,3259.0,4300,0.0,0.0
2024-11-05 14:49:00+09:00,3259.0,3259.0,3258.0,3259.0,13400,0.0,0.0
2024-11-05 14:50:00+09:00,3259.0,3260.0,3258.0,3258.0,26200,0.0,0.0
2024-11-05 14:51:00+09:00,3259.0,3259.0,3258.0,3258.0,5900,0.0,0.0
2024-11-05 14:52:00+09:00,3259.0,3259.0,3258.0,3259.0,9800,0.0,0.0
2024-11-05 14:53:00+09:00,3259.0,3260.0,3259.0,3259.0,8400,0.0,0.0
2024-11-05 14:54:00+09:00,3259.0,3260.0,3259.0,3259.0,5000,0.0,0.0
2024-11-05 14:55:00+09:00,3259.0,3260.0,3259.0,3259.0,4700,0.0,0.0
2024-11-05 14:56:00+09:00,3259.0,3260.0,3258.0,3259.0,53400,0.0,0.0
2024-11-05 14:57:00+09:00,3259.0,3261.0,3259.0,3261.0,72800,0.0,0.0
2024-11-05 14:58:00+09:00,3262.0,3264.0,3262.0,3263.0,37200,0.0,0.0
2024-11-05 14:59:00+09:00,3264.0,3264.0,3262.0,3263.0,23500,0.0,0.0
2024-11-06 09:05:00+09:00,3294.0,3299.0,3294.0,3297.0,1475800,0.0,0.0
2024-11-06 09:06:00+09:00,3298.0,3299.0,3297.0,3298.0,31300,0.0,0.0
2024-11-06 09:07:00+09:00,3298.0,3313.0,3297.0,3310.0,531400,0.0,0.0
2024-11-06 09:08:00+09:00,3311.0,3311.0,3306.0,3306.0,78700,0.0,0.0
2024-11-06 09:09:00+09:00,3307.0,3314.0,3306.0,3312.0,95700,0.0,0.0
2024-11-06 09:10:00+09:00,3311.0,3315.0,3311.0,3315.0,81300,0.0,0.0
2024-11-06 09:11:00+09:00,3315.0,3318.0,3314.0,3318.0,58200,0.0,0.0
2024-11-06 09:12:00+09:00,3318.0,3318.0,3304.0,3307.0,184900,0.0,0.0
2024-11-06 09:13:00+09:00,3308.0,3312.0,3307.0,3309.0,42900,0.0,0.0
2024-11-06 09:14:00+09:00,3310.0,3316.0,3310.0,3314.0,76500,0.0,0.0
2024-11-06 09:15:00+09:00,3315.0,3323.0,3315.0,3321.0,235500,0.0,0.0
2024-11-06 09:16:00+09:00,3322.0,3322.0,3317.0,3317.0,57400,0.0,0.0
2024-11-06 09:17:00+09:00,3316.0,3323.0,3310.0,3319.0,201600,0.0,0.0
2024-11-06 09:18:00+09:00,3319.0,3324.0,3318.0,3322.0,53700,0.0,0.0
2024-11-06 09:19:00+09:00,3322.0,3322.0,3319.0,3319.0,43900,0.0,0.0
2024-11-06 09:20:00+09:00,3320.0,3323.0,3318.0,3322.0,53400,0.0,0.0
2024-11-06 09:21:00+09:00,3322.0,3327.0,3320.0,3324.0,136000,0.0,0.0
2024-11-06 09:22:00+09:00,3324.0,3326.0,3320.0,3325.0,72400,0.0,0.0
2024-11-06 09:23:00+09:00,3324.0,3328.0,3323.0,3328.0,69700,0.0,0.0
2024-11-06 09:24:00+09:00,3327.0,3329.0,3326.0,3328.0,80800,0.0,0.0
2024-11-06 09:25:00+09:00,3328.0,3334.0,3328.0,3333.0,491200,0.0,0.0
2024-11-06 09:26:00+09:00,3332.0,3334.0,3331.0,3334.0,85400,0.0,0.0
2024-11-06 09:27:00+09:00,3333.0,3334.0,3332.0,3332.0,33100,0.0,0.0
2024-11-06 09:28:00+09:00,3332.0,3337.0,3332.0,3335.0,238700,0.0,0.0
2024-11-06 09:29:00+09:00,3335.0,3336.0,3333.0,3335.0,55200,0.0,0.0
2024-11-06 09:30:00+09:00,3335.0,3335.0,3333.0,3333.0,53800,0.0,0.0
2024-11-06 09:31:00+09:00,3333.0,3334.0,3330.0,3332.0,49900,0.0,0.0
2024-11-06 09:32:00+09:00,3332.0,3334.0,3328.0,3329.0,51400,0.0,0.0
2024-11-06 09:33:00+09:00,3330.0,3331.0,3325.0,3325.0,54700,0.0,0.0
2024-11-06 09:34:00+09:00,3326.0,3336.0,3326.0,3336.0,92800,0.0,0.0
2024-11-06 09:35:00+09:00,3335.0,3336.0,3334.0,3335.0,61200,0.0,0.0
2024-11-06 09:36:00+09:00,3335.0,3340.0,3335.0,3340.0,110000,0.0,0.0
2024-11-06 09:37:00+09:00,3340.0,3342.0,3339.0,3342.0,135200,0.0,0.0
2024-11-06 09:38:00+09:00,3340.0,3341.0,3339.0,3340.0,40300,0.0,0.0
2024-11-06 09:39:00+09:00,3339.0,3341.0,3337.0,3341.0,134000,0.0,0.0
2024-11-06 09:40:00+09:00,3342.0,3343.0,3338.0,3339.0,144900,0.0,0.0
2024-11-06 09:41:00+09:00,3339.0,3342.0,3336.0,3342.0,43800,0.0,0.0
2024-11-06 09:42:00+09:00,3343.0,3348.0,3341.0,3348.0,162400,0.0,0.0
2024-11-06 09:43:00+09:00,3347.0,3350.0,3347.0,3350.0,266600,0.0,0.0
2024-11-06 09:44:00+09:00,3350.0,3353.0,3349.0,3353.0,253200,0.0,0.0
2024-11-06 09:45:00+09:00,3352.0,3360.0,3352.0,3358.0,142100,0.0,0.0
2024-11-06 09:46:00+09:00,3358.0,3360.0,3358.0,3358.0,70700,0.0,0.0
2024-11-06 09:47:00+09:00,3358.0,3358.0,3352.0,3353.0,85200,0.0,0.0
2024-11-06 09:48:00+09:00,3352.0,3352.0,3346.0,3349.0,58100,0.0,0.0
2024-11-06 09:49:00+09:00,3348.0,3349.0,3346.0,3347.0,45300,0.0,0.0
2024-11-06 09:50:00+09:00,3348.0,3350.0,3346.0,3350.0,58300,0.0,0.0
2024-11-06 09:51:00+09:00,3350.0,3352.0,3349.0,3350.0,25300,0.0,0.0
2024-11-06 09:52:00+09:00,3350.0,3353.0,3350.0,3352.0,24800,0.0,0.0
2024-11-06 09:53:00+09:00,3352.0,3352.0,3350.0,3351.0,36200,0.0,0.0
2024-11-06 09:54:00+09:00,3351.0,3353.0,3350.0,3353.0,60200,0.0,0.0
2024-11-06 09:55:00+09:00,3353.0,3356.0,3353.0,3355.0,79000,0.0,0.0
2024-11-06 09:56:00+09:00,3356.0,3356.0,3353.0,3354.0,30100,0.0,0.0
2024-11-06 09:57:00+09:00,3354.0,3354.0,3348.0,3350.0,67200,0.0,0.0
2024-11-06 09:58:00+09:00,3350.0,3351.0,3349.0,3350.0,88600,0.0,0.0
2024-11-06 09:59:00+09:00,3349.0,3351.0,3348.0,3350.0,41600,0.0,0.0
2024-11-06 10:00:00+09:00,3350.0,3353.0,3350.0,3352.0,49200,0.0,0.0
2024-11-06 10:02:00+09:00,3353.0,3356.0,3352.0,3356.0,112000,0.0,0.0
2024-11-06 10:03:00+09:00,3356.0,3358.0,3356.0,3357.0,40500,0.0,0.0
2024-11-06 10:04:00+09:00,3357.0,3358.0,3356.0,3356.0,27700,0.0,0.0
2024-11-06 10:05:00+09:00,3357.0,3360.0,3357.0,3359.0,42800,0.0,0.0
2024-11-06 10:06:00+09:00,3359.0,3364.0,3359.0,3364.0,251100,0.0,0.0
2024-11-06 10:07:00+09:00,3363.0,3367.0,3362.0,3366.0,87300,0.0,0.0
2024-11-06 10:08:00+09:00,3367.0,3372.0,3367.0,3371.0,172500,0.0,0.0
2024-11-06 10:09:00+09:00,3372.0,3372.0,3369.0,3371.0,85300,0.0,0.0
2024-11-06 10:10:00+09:00,3371.0,3372.0,3370.0,3370.0,74700,0.0,0.0
2024-11-06 10:11:00+09:00,3370.0,3370.0,3367.0,3368.0,44800,0.0,0.0
2024-11-06 10:12:00+09:00,3367.0,3369.0,3365.0,3367.0,65500,0.0,0.0
2024-11-06 10:13:00+09:00,3368.0,3371.0,3368.0,3370.0,84700,0.0,0.0
2024-11-06 10:14:00+09:00,3369.0,3373.0,3367.0,3373.0,157300,0.0,0.0
2024-11-06 10:15:00+09:00,3373.0,3374.0,3369.0,3370.0,102100,0.0,0.0
2024-11-06 10:16:00+09:00,3370.0,3373.0,3370.0,3372.0,42400,0.0,0.0
2024-11-06 10:17:00+09:00,3371.0,3373.0,3370.0,3370.0,116800,0.0,0.0
2024-11-06 10:18:00+09:00,3370.0,3372.0,3369.0,3372.0,57600,0.0,0.0
2024-11-06 10:19:00+09:00,3373.0,3374.0,3372.0,3373.0,34200,0.0,0.0
2024-11-06 10:20:00+09:00,3372.0,3374.0,3371.0,3372.0,92200,0.0,0.0
2024-11-06 10:21:00+09:00,3373.0,3374.0,3372.0,3372.0,138300,0.0,0.0
2024-11-06 10:22:00+09:00,3372.0,3372.0,3366.0,3368.0,75700,0.0,0.0
2024-11-06 10:23:00+09:00,3368.0,3370.0,3368.0,3369.0,15600,0.0,0.0
2024-11-06 10:24:00+09:00,3369.0,3372.0,3369.0,3370.0,26500,0.0,0.0
2024-11-06 10:25:00+09:00,3371.0,3372.0,3369.0,3371.0,45100,0.0,0.0
2024-11-06 10:26:00+09:00,3371.0,3377.0,3370.0,3376.0,258500,0.0,0.0
2024-11-06 10:27:00+09:00,3377.0,3379.0,3374.0,3378.0,128800,0.0,0.0
2024-11-06 10:28:00+09:00,3379.0,3380.0,3375.0,3375.0,128100,0.0,0.0
2024-11-06 10:29:00+09:00,3375.0,3377.0,3374.0,3376.0,39800,0.0,0.0
2024-11-06 10:30:00+09:00,3375.0,3377.0,3374.0,3375.0,53400,0.0,0.0
2024-11-06 10:31:00+09:00,3374.0,3376.0,3372.0,3374.0,92300,0.0,0.0
2024-11-06 10:32:00+09:00,3375.0,3376.0,3373.0,3373.0,115000,0.0,0.0
2024-11-06 10:33:00+09:00,3373.0,3374.0,3369.0,3369.0,65000,0.0,0.0
2024-11-06 10:34:00+09:00,3370.0,3371.0,3369.0,3370.0,30000,0.0,0.0
2024-11-06 10:35:00+09:00,3371.0,3376.0,3370.0,3373.0,72800,0.0,0.0
2024-11-06 10:36:00+09:00,3373.0,3373.0,3370.0,3371.0,30900,0.0,0.0
2024-11-06 10:37:00+09:00,3370.0,3375.0,3370.0,3375.0,36300,0.0,0.0
2024-11-06 10:38:00+09:00,3375.0,3375.0,3373.0,3374.0,26900,0.0,0.0
2024-11-06 10:39:00+09:00,3374.0,3375.0,3372.0,3372.0,60900,0.0,0.0
2024-11-06 10:40:00+09:00,3372.0,3373.0,3370.0,3371.0,39700,0.0,0.0
2024-11-06 10:41:00+09:00,3371.0,3372.0,3369.0,3370.0,38100,0.0,0.0
2024-11-06 10:42:00+09:00,3370.0,3371.0,3367.0,3371.0,82600,0.0,0.0
2024-11-06 10:43:00+09:00,3372.0,3372.0,3371.0,3372.0,18000,0.0,0.0
2024-11-06 10:44:00+09:00,3371.0,3372.0,3370.0,3370.0,27400,0.0,0.0
2024-11-06 10:45:00+09:00,3371.0,3373.0,3371.0,3373.0,19300,0.0,0.0
2024-11-06 10:46:00+09:00,3373.0,3374.0,3372.0,3373.0,36500,0.0,0.0
2024-11-06 10:47:00+09:00,3374.0,3374.0,3373.0,3373.0,4900,0.0,0.0
2024-11-06 10:48:00+09:00,3373.0,3373.0,3372.0,3373.0,23700,0.0,0.0
2024-11-06 10:49:00+09:00,3373.0,3374.0,3371.0,3371.0,79700,0.0,0.0
2024-11-06 10:50:00+09:00,3371.0,3373.0,3371.0,3372.0,27400,0.0,0.0
2024-11-06 10:51:00+09:00,3372.0,3373.0,3371.0,3372.0,27300,0.0,0.0
2024-11-06 10:52:00+09:00,3372.0,3373.0,3371.0,3372.0,32800,0.0,0.0
2024-11-06 10:53:00+09:00,3372.0,3373.0,3371.0,3373.0,73800,0.0,0.0
2024-11-06 10:54:00+09:00,3372.0,3372.0,3368.0,3368.0,41800,0.0,0.0
2024-11-06 10:55:00+09:00,3369.0,3370.0,3366.0,3370.0,35800,0.0,0.0
2024-11-06 10:56:00+09:00,3371.0,3374.0,3371.0,3374.0,29200,0.0,0.0
2024-11-06 10:57:00+09:00,3373.0,3378.0,3373.0,3377.0,98000,0.0,0.0
2024-11-06 10:58:00+09:00,3377.0,3378.0,3377.0,3377.0,45100,0.0,0.0
2024-11-06 10:59:00+09:00,3376.0,3377.0,3375.0,3375.0,35600,0.0,0.0
2024-11-06 11:00:00+09:00,3376.0,3377.0,3375.0,3377.0,41900,0.0,0.0
2024-11-06 11:01:00+09:00,3376.0,3378.0,3376.0,3376.0,28600,0.0,0.0
2024-11-06 11:02:00+09:00,3376.0,3377.0,3375.0,3375.0,29600,0.0,0.0
2024-11-06 11:03:00+09:00,3375.0,3376.0,3375.0,3375.0,16400,0.0,0.0
2024-11-06 11:04:00+09:00,3376.0,3377.0,3375.0,3376.0,22700,0.0,0.0
2024-11-06 11:05:00+09:00,3377.0,3379.0,3376.0,3377.0,55800,0.0,0.0
2024-11-06 11:06:00+09:00,3377.0,3383.0,3377.0,3382.0,337000,0.0,0.0
2024-11-06 11:07:00+09:00,3382.0,3382.0,3379.0,3381.0,39700,0.0,0.0
2024-11-06 11:08:00+09:00,3381.0,3383.0,3380.0,3382.0,8300,0.0,0.0
2024-11-06 11:09:00+09:00,3383.0,3383.0,3382.0,3382.0,18800,0.0,0.0
2024-11-06 11:10:00+09:00,3382.0,3384.0,3381.0,3383.0,38600,0.0,0.0
2024-11-06 11:11:00+09:00,3383.0,3384.0,3382.0,3383.0,32900,0.0,0.0
2024-11-06 11:12:00+09:00,3383.0,3384.0,3382.0,3382.0,25100,0.0,0.0
2024-11-06 11:13:00+09:00,3383.0,3384.0,3382.0,3383.0,33000,0.0,0.0
2024-11-06 11:14:00+09:00,3383.0,3390.0,3382.0,3390.0,137100,0.0,0.0
2024-11-06 11:15:00+09:00,3390.0,3397.0,3390.0,3397.0,162500,0.0,0.0
2024-11-06 11:16:00+09:00,3397.0,3398.0,3396.0,3397.0,45700,0.0,0.0
2024-11-06 11:17:00+09:00,3397.0,3399.0,3396.0,3398.0,55500,0.0,0.0
2024-11-06 11:18:00+09:00,3398.0,3398.0,3396.0,3398.0,51100,0.0,0.0
2024-11-06 11:19:00+09:00,3398.0,3400.0,3397.0,3399.0,75500,0.0,0.0
2024-11-06 11:20:00+09:00,3399.0,3404.0,3397.0,3402.0,454000,0.0,0.0
2024-11-06 11:21:00+09:00,3403.0,3403.0,3396.0,3398.0,94400,0.0,0.0
2024-11-06 11:22:00+09:00,3398.0,3401.0,3398.0,3400.0,38200,0.0,0.0
2024-11-06 11:23:00+09:00,3400.0,3402.0,3399.0,3402.0,22000,0.0,0.0
2024-11-06 11:24:00+09:00,3402.0,3404.0,3400.0,3401.0,86300,0.0,0.0
2024-11-06 11:25:00+09:00,3400.0,3402.0,3398.0,3401.0,88900,0.0,0.0
2024-11-06 11:26:00+09:00,3402.0,3404.0,3401.0,3403.0,79400,0.0,0.0
2024-11-06 11:27:00+09:00,3403.0,3404.0,3402.0,3402.0,43200,0.0,0.0
2024-11-06 11:28:00+09:00,3402.0,3404.0,3402.0,3404.0,31300,0.0,0.0
2024-11-06 11:29:00+09:00,3403.0,3405.0,3402.0,3404.0,76000,0.0,0.0
2024-11-06 11:30:00+09:00,3405.0,3405.0,3405.0,3405.0,69200,0.0,0.0
2024-11-06 11:35:00+09:00,3405.0,3405.0,3405.0,3405.0,0,0.0,0.0
2024-11-06 12:30:00+09:00,3410.0,3410.0,3398.0,3398.0,14401600,0.0,0.0
2024-11-06 12:31:00+09:00,3399.0,3406.0,3399.0,3404.0,158000,0.0,0.0
2024-11-06 12:32:00+09:00,3404.0,3405.0,3398.0,3403.0,153500,0.0,0.0
2024-11-06 12:33:00+09:00,3402.0,3405.0,3399.0,3405.0,70000,0.0,0.0
2024-11-06 12:34:00+09:00,3405.0,3406.0,3401.0,3402.0,130100,0.0,0.0
2024-11-06 12:35:00+09:00,3403.0,3408.0,3402.0,3406.0,90800,0.0,0.0
2024-11-06 12:36:00+09:00,3407.0,3412.0,3404.0,3409.0,173300,0.0,0.0
2024-11-06 12:37:00+09:00,3410.0,3420.0,3408.0,3417.0,400800,0.0,0.0
2024-11-06 12:38:00+09:00,3420.0,3420.0,3419.0,3419.0,242000,0.0,0.0
2024-11-06 12:39:00+09:00,3422.0,3423.0,3420.0,3421.0,207400,0.0,0.0
2024-11-06 12:40:00+09:00,3421.0,3424.0,3419.0,3420.0,83500,0.0,0.0
2024-11-06 12:41:00+09:00,3421.0,3423.0,3420.0,3422.0,42900,0.0,0.0
2024-11-06 12:42:00+09:00,3421.0,3425.0,3420.0,3423.0,88600,0.0,0.0
2024-11-06 12:43:00+09:00,3424.0,3428.0,3423.0,3428.0,164900,0.0,0.0
2024-11-06 12:44:00+09:00,3427.0,3429.0,3424.0,3426.0,93100,0.0,0.0
2024-11-06 12:45:00+09:00,3426.0,3429.0,3425.0,3426.0,78600,0.0,0.0
2024-11-06 12:46:00+09:00,3426.0,3427.0,3419.0,3419.0,89300,0.0,0.0
2024-11-06 12:47:00+09:00,3420.0,3425.0,3419.0,3424.0,110700,0.0,0.0
2024-11-06 12:48:00+09:00,3424.0,3425.0,3421.0,3423.0,62500,0.0,0.0
2024-11-06 12:49:00+09:00,3422.0,3424.0,3418.0,3424.0,90900,0.0,0.0
2024-11-06 12:50:00+09:00,3424.0,3426.0,3422.0,3422.0,59200,0.0,0.0
2024-11-06 12:51:00+09:00,3422.0,3425.0,3422.0,3425.0,39700,0.0,0.0
2024-11-06 12:52:00+09:00,3425.0,3425.0,3422.0,3423.0,37200,0.0,0.0
2024-11-06 12:53:00+09:00,3423.0,3426.0,3422.0,3425.0,49800,0.0,0.0
2024-11-06 12:54:00+09:00,3425.0,3429.0,3423.0,3428.0,160000,0.0,0.0
2024-11-06 12:55:00+09:00,3428.0,3429.0,3424.0,3425.0,57300,0.0,0.0
2024-11-06 12:56:00+09:00,3424.0,3424.0,3418.0,3421.0,71800,0.0,0.0
2024-11-06 12:57:00+09:00,3421.0,3424.0,3419.0,3420.0,29900,0.0,0.0
2024-11-06 12:58:00+09:00,3419.0,3420.0,3418.0,3418.0,37600,0.0,0.0
2024-11-06 12:59:00+09:00,3419.0,3421.0,3414.0,3414.0,90900,0.0,0.0
2024-11-06 13:00:00+09:00,3414.0,3420.0,3410.0,3413.0,111500,0.0,0.0
2024-11-06 13:01:00+09:00,3414.0,3420.0,3411.0,3420.0,59200,0.0,0.0
2024-11-06 13:02:00+09:00,3420.0,3424.0,3417.0,3421.0,119500,0.0,0.0
2024-11-06 13:03:00+09:00,3422.0,3422.0,3416.0,3419.0,62700,0.0,0.0
2024-11-06 13:04:00+09:00,3419.0,3423.0,3418.0,3422.0,63400,0.0,0.0
2024-11-06 13:05:00+09:00,3421.0,3424.0,3417.0,3418.0,67400,0.0,0.0
2024-11-06 13:06:00+09:00,3417.0,3417.0,3412.0,3414.0,51300,0.0,0.0
2024-11-06 13:07:00+09:00,3414.0,3419.0,3410.0,3418.0,103500,0.0,0.0
2024-11-06 13:08:00+09:00,3418.0,3419.0,3415.0,3415.0,66500,0.0,0.0
2024-11-06 13:09:00+09:00,3415.0,3418.0,3408.0,3409.0,115000,0.0,0.0
2024-11-06 13:10:00+09:00,3408.0,3412.0,3408.0,3409.0,64500,0.0,0.0
2024-11-06 13:11:00+09:00,3410.0,3418.0,3407.0,3418.0,157100,0.0,0.0
2024-11-06 13:12:00+09:00,3417.0,3423.0,3417.0,3423.0,151500,0.0,0.0
2024-11-06 13:13:00+09:00,3422.0,3426.0,3418.0,3424.0,264700,0.0,0.0
2024-11-06 13:14:00+09:00,3425.0,3427.0,3424.0,3425.0,61900,0.0,0.0
2024-11-06 13:15:00+09:00,3427.0,3428.0,3422.0,3424.0,69000,0.0,0.0
2024-11-06 13:16:00+09:00,3423.0,3423.0,3420.0,3422.0,41100,0.0,0.0
2024-11-06 13:17:00+09:00,3421.0,3422.0,3416.0,3421.0,58200,0.0,0.0
2024-11-06 13:18:00+09:00,3421.0,3422.0,3417.0,3422.0,47500,0.0,0.0
2024-11-06 13:19:00+09:00,3420.0,3424.0,3420.0,3424.0,27500,0.0,0.0
2024-11-06 13:20:00+09:00,3424.0,3426.0,3423.0,3424.0,85200,0.0,0.0
2024-11-06 13:21:00+09:00,3425.0,3427.0,3423.0,3426.0,74700,0.0,0.0
2024-11-06 13:22:00+09:00,3426.0,3426.0,3421.0,3424.0,44100,0.0,0.0
2024-11-06 13:23:00+09:00,3424.0,3427.0,3424.0,3424.0,81200,0.0,0.0
2024-11-06 13:24:00+09:00,3425.0,3426.0,3423.0,3425.0,21500,0.0,0.0
2024-11-06 13:25:00+09:00,3425.0,3428.0,3424.0,3425.0,74400,0.0,0.0
2024-11-06 13:26:00+09:00,3425.0,3428.0,3423.0,3426.0,55100,0.0,0.0
2024-11-06 13:27:00+09:00,3427.0,3427.0,3424.0,3426.0,23200,0.0,0.0
2024-11-06 13:28:00+09:00,3426.0,3428.0,3425.0,3425.0,81100,0.0,0.0
2024-11-06 13:29:00+09:00,3425.0,3425.0,3418.0,3420.0,64900,0.0,0.0
2024-11-06 13:30:00+09:00,3421.0,3424.0,3418.0,3422.0,96900,0.0,0.0
2024-11-06 13:31:00+09:00,3421.0,3423.0,3419.0,3423.0,29500,0.0,0.0
2024-11-06 13:32:00+09:00,3422.0,3423.0,3419.0,3422.0,38100,0.0,0.0
2024-11-06 13:33:00+09:00,3422.0,3423.0,3420.0,3421.0,37500,0.0,0.0
2024-11-06 13:34:00+09:00,3420.0,3424.0,3419.0,3422.0,43300,0.0,0.0
2024-11-06 13:35:00+09:00,3424.0,3424.0,3421.0,3424.0,47200,0.0,0.0
2024-11-06 13:36:00+09:00,3422.0,3425.0,3421.0,3422.0,58400,0.0,0.0
2024-11-06 13:37:00+09:00,3421.0,3423.0,3418.0,3422.0,61100,0.0,0.0
2024-11-06 13:38:00+09:00,3422.0,3423.0,3420.0,3422.0,34800,0.0,0.0
2024-11-06 13:39:00+09:00,3422.0,3424.0,3422.0,3422.0,24000,0.0,0.0
2024-11-06 13:40:00+09:00,3423.0,3424.0,3420.0,3420.0,35000,0.0,0.0
2024-11-06 13:41:00+09:00,3420.0,3421.0,3417.0,3420.0,60100,0.0,0.0
2024-11-06 13:42:00+09:00,3420.0,3421.0,3417.0,3420.0,35800,0.0,0.0
2024-11-06 13:43:00+09:00,3419.0,3420.0,3416.0,3418.0,41100,0.0,0.0
2024-11-06 13:44:00+09:00,3418.0,3421.0,3417.0,3419.0,47700,0.0,0.0
2024-11-06 13:45:00+09:00,3419.0,3424.0,3419.0,3423.0,52100,0.0,0.0
2024-11-06 13:46:00+09:00,3422.0,3422.0,3421.0,3421.0,27500,0.0,0.0
2024-11-06 13:47:00+09:00,3421.0,3422.0,3420.0,3421.0,32500,0.0,0.0
2024-11-06 13:48:00+09:00,3421.0,3423.0,3420.0,3422.0,37200,0.0,0.0
2024-11-06 13:49:00+09:00,3421.0,3423.0,3421.0,3421.0,20400,0.0,0.0
2024-11-06 13:50:00+09:00,3422.0,3423.0,3422.0,3423.0,26800,0.0,0.0
2024-11-06 13:51:00+09:00,3422.0,3423.0,3421.0,3422.0,31500,0.0,0.0
2024-11-06 13:52:00+09:00,3422.0,3423.0,3421.0,3423.0,24800,0.0,0.0
2024-11-06 13:53:00+09:00,3423.0,3425.0,3423.0,3423.0,61700,0.0,0.0
2024-11-06 13:54:00+09:00,3423.0,3426.0,3423.0,3426.0,91000,0.0,0.0
2024-11-06 13:55:00+09:00,3425.0,3427.0,3424.0,3425.0,78900,0.0,0.0
2024-11-06 13:56:00+09:00,3425.0,3429.0,3424.0,3428.0,151300,0.0,0.0
2024-11-06 13:57:00+09:00,3428.0,3429.0,3426.0,3427.0,56300,0.0,0.0
2024-11-06 13:58:00+09:00,3427.0,3429.0,3427.0,3427.0,46200,0.0,0.0
2024-11-06 13:59:00+09:00,3427.0,3434.0,3427.0,3432.0,641300,0.0,0.0
2024-11-06 14:00:00+09:00,3431.0,3432.0,3428.0,3429.0,100300,0.0,0.0
2024-11-06 14:01:00+09:00,3430.0,3430.0,3422.0,3424.0,123600,0.0,0.0
2024-11-06 14:02:00+09:00,3425.0,3426.0,3423.0,3425.0,62100,0.0,0.0
2024-11-06 14:03:00+09:00,3425.0,3427.0,3420.0,3420.0,65200,0.0,0.0
2024-11-06 14:04:00+09:00,3420.0,3422.0,3419.0,3421.0,52000,0.0,0.0
2024-11-06 14:05:00+09:00,3421.0,3424.0,3418.0,3419.0,70800,0.0,0.0
2024-11-06 14:06:00+09:00,3420.0,3420.0,3418.0,3420.0,33200,0.0,0.0
2024-11-06 14:07:00+09:00,3419.0,3426.0,3418.0,3425.0,62600,0.0,0.0
2024-11-06 14:08:00+09:00,3425.0,3428.0,3423.0,3427.0,38400,0.0,0.0
2024-11-06 14:09:00+09:00,3427.0,3427.0,3425.0,3426.0,21800,0.0,0.0
2024-11-06 14:10:00+09:00,3427.0,3428.0,3422.0,3424.0,58700,0.0,0.0
2024-11-06 14:11:00+09:00,3425.0,3427.0,3423.0,3424.0,45500,0.0,0.0
2024-11-06 14:12:00+09:00,3424.0,3424.0,3422.0,3422.0,19300,0.0,0.0
2024-11-06 14:13:00+09:00,3423.0,3424.0,3421.0,3421.0,32900,0.0,0.0
2024-11-06 14:14:00+09:00,3421.0,3421.0,3419.0,3420.0,92400,0.0,0.0
2024-11-06 14:15:00+09:00,3421.0,3424.0,3420.0,3424.0,51000,0.0,0.0
2024-11-06 14:16:00+09:00,3424.0,3427.0,3424.0,3425.0,53600,0.0,0.0
2024-11-06 14:17:00+09:00,3426.0,3427.0,3424.0,3426.0,30700,0.0,0.0
2024-11-06 14:18:00+09:00,3426.0,3429.0,3425.0,3428.0,40300,0.0,0.0
2024-11-06 14:19:00+09:00,3429.0,3429.0,3425.0,3426.0,46900,0.0,0.0
2024-11-06 14:20:00+09:00,3427.0,3427.0,3424.0,3425.0,34700,0.0,0.0
2024-11-06 14:21:00+09:00,3424.0,3425.0,3423.0,3424.0,15100,0.0,0.0
2024-11-06 14:22:00+09:00,3424.0,3425.0,3423.0,3423.0,37400,0.0,0.0
2024-11-06 14:23:00+09:00,3424.0,3426.0,3423.0,3425.0,38600,0.0,0.0
2024-11-06 14:24:00+09:00,3425.0,3425.0,3424.0,3425.0,16900,0.0,0.0
2024-11-06 14:25:00+09:00,3425.0,3428.0,3423.0,3427.0,57900,0.0,0.0
2024-11-06 14:26:00+09:00,3427.0,3428.0,3426.0,3427.0,13300,0.0,0.0
2024-11-06 14:27:00+09:00,3427.0,3429.0,3427.0,3427.0,60500,0.0,0.0
2024-11-06 14:28:00+09:00,3428.0,3428.0,3426.0,3426.0,22000,0.0,0.0
2024-11-06 14:29:00+09:00,3425.0,3426.0,3423.0,3423.0,19900,0.0,0.0
2024-11-06 14:30:00+09:00,3423.0,3426.0,3423.0,3425.0,85000,0.0,0.0
2024-11-06 14:31:00+09:00,3425.0,3427.0,3425.0,3427.0,29800,0.0,0.0
2024-11-06 14:32:00+09:00,3426.0,3428.0,3426.0,3427.0,18900,0.0,0.0
2024-11-06 14:33:00+09:00,3427.0,3428.0,3426.0,3427.0,36100,0.0,0.0
2024-11-06 14:34:00+09:00,3427.0,3427.0,3425.0,3425.0,12500,0.0,0.0
2024-11-06 14:35:00+09:00,3426.0,3430.0,3426.0,3430.0,105300,0.0,0.0
2024-11-06 14:36:00+09:00,3430.0,3430.0,3427.0,3428.0,27800,0.0,0.0
2024-11-06 14:37:00+09:00,3429.0,3430.0,3428.0,3428.0,20300,0.0,0.0
2024-11-06 14:38:00+09:00,3429.0,3432.0,3429.0,3432.0,100000,0.0,0.0
2024-11-06 14:39:00+09:00,3431.0,3432.0,3431.0,3431.0,13400,0.0,0.0
2024-11-06 14:40:00+09:00,3432.0,3433.0,3431.0,3432.0,63300,0.0,0.0
2024-11-06 14:41:00+09:00,3432.0,3433.0,3431.0,3432.0,39500,0.0,0.0
2024-11-06 14:42:00+09:00,3431.0,3433.0,3431.0,3432.0,29200,0.0,0.0
2024-11-06 14:43:00+09:00,3433.0,3433.0,3431.0,3432.0,32800,0.0,0.0
2024-11-06 14:44:00+09:00,3432.0,3433.0,3431.0,3432.0,18000,0.0,0.0
2024-11-06 14:45:00+09:00,3432.0,3433.0,3431.0,3432.0,40400,0.0,0.0
2024-11-06 14:46:00+09:00,3432.0,3434.0,3432.0,3432.0,113900,0.0,0.0
2024-11-06 14:47:00+09:00,3432.0,3434.0,3432.0,3433.0,12100,0.0,0.0
2024-11-06 14:48:00+09:00,3433.0,3434.0,3432.0,3433.0,36800,0.0,0.0
2024-11-06 14:49:00+09:00,3433.0,3434.0,3433.0,3433.0,29400,0.0,0.0
2024-11-06 14:50:00+09:00,3434.0,3436.0,3433.0,3436.0,450900,0.0,0.0
2024-11-06 14:51:00+09:00,3436.0,3436.0,3435.0,3435.0,19500,0.0,0.0
2024-11-06 14:52:00+09:00,3436.0,3437.0,3435.0,3437.0,35100,0.0,0.0
2024-11-06 14:53:00+09:00,3436.0,3437.0,3435.0,3436.0,20800,0.0,0.0
2024-11-06 14:54:00+09:00,3436.0,3437.0,3435.0,3436.0,64800,0.0,0.0
2024-11-06 14:55:00+09:00,3436.0,3438.0,3435.0,3438.0,46700,0.0,0.0
2024-11-06 14:56:00+09:00,3437.0,3439.0,3437.0,3439.0,50300,0.0,0.0
2024-11-06 14:57:00+09:00,3438.0,3440.0,3438.0,3439.0,91300,0.0,0.0
2024-11-06 14:58:00+09:00,3440.0,3442.0,3438.0,3442.0,118400,0.0,0.0
2024-11-06 14:59:00+09:00,3442.0,3443.0,3441.0,3442.0,71700,0.0,0.0
2024-11-07 09:08:00+09:00,3683.0,3686.0,3659.0,3661.0,4728900,0.0,0.0
2024-11-07 09:09:00+09:00,3661.0,3670.0,3642.0,3665.0,774400,0.0,0.0
2024-11-07 09:10:00+09:00,3666.0,3680.0,3663.0,3670.0,609000,0.0,0.0
2024-11-07 09:11:00+09:00,3671.0,3675.0,3655.0,3664.0,372000,0.0,0.0
2024-11-07 09:12:00+09:00,3663.0,3670.0,3646.0,3649.0,327800,0.0,0.0
2024-11-07 09:13:00+09:00,3650.0,3651.0,3635.0,3638.0,351600,0.0,0.0
2024-11-07 09:14:00+09:00,3640.0,3655.0,3638.0,3645.0,361200,0.0,0.0
2024-11-07 09:15:00+09:00,3647.0,3653.0,3640.0,3648.0,249200,0.0,0.0
2024-11-07 09:16:00+09:00,3647.0,3654.0,3643.0,3647.0,313400,0.0,0.0
2024-11-07 09:17:00+09:00,3648.0,3654.0,3643.0,3650.0,197800,0.0,0.0
2024-11-07 09:18:00+09:00,3651.0,3652.0,3641.0,3644.0,198100,0.0,0.0
2024-11-07 09:19:00+09:00,3644.0,3648.0,3641.0,3647.0,163000,0.0,0.0
2024-11-07 09:20:00+09:00,3647.0,3653.0,3640.0,3644.0,324700,0.0,0.0
2024-11-07 09:21:00+09:00,3645.0,3645.0,3639.0,3641.0,177400,0.0,0.0
2024-11-07 09:22:00+09:00,3642.0,3644.0,3637.0,3643.0,248300,0.0,0.0
2024-11-07 09:23:00+09:00,3643.0,3644.0,3623.0,3625.0,345400,0.0,0.0
2024-11-07 09:24:00+09:00,3625.0,3630.0,3610.0,3629.0,292600,0.0,0.0
2024-11-07 09:25:00+09:00,3628.0,3629.0,3613.0,3614.0,173100,0.0,0.0
2024-11-07 09:26:00+09:00,3614.0,3623.0,3614.0,3619.0,218600,0.0,0.0
2024-11-07 09:27:00+09:00,3621.0,3628.0,3610.0,3610.0,162400,0.0,0.0
2024-11-07 09:28:00+09:00,3611.0,3616.0,3609.0,3613.0,197200,0.0,0.0
2024-11-07 09:29:00+09:00,3613.0,3617.0,3606.0,3610.0,161200,0.0,0.0
2024-11-07 09:30:00+09:00,3611.0,3612.0,3604.0,3608.0,224500,0.0,0.0
2024-11-07 09:31:00+09:00,3608.0,3611.0,3595.0,3600.0,354400,0.0,0.0
2024-11-07 09:32:00+09:00,3601.0,3612.0,3600.0,3607.0,205100,0.0,0.0
2024-11-07 09:33:00+09:00,3607.0,3612.0,3605.0,3607.0,138800,0.0,0.0
2024-11-07 09:34:00+09:00,3608.0,3613.0,3599.0,3599.0,133500,0.0,0.0
2024-11-07 09:35:00+09:00,3599.0,3606.0,3596.0,3600.0,138600,0.0,0.0
2024-11-07 09:36:00+09:00,3599.0,3603.0,3598.0,3601.0,108500,0.0,0.0
2024-11-07 09:37:00+09:00,3601.0,3608.0,3601.0,3604.0,128900,0.0,0.0
2024-11-07 09:38:00+09:00,3604.0,3613.0,3604.0,3609.0,240700,0.0,0.0
2024-11-07 09:39:00+09:00,3610.0,3620.0,3609.0,3618.0,199900,0.0,0.0
2024-11-07 09:40:00+09:00,3618.0,3623.0,3615.0,3615.0,161800,0.0,0.0
2024-11-07 09:41:00+09:00,3616.0,3616.0,3607.0,3610.0,117000,0.0,0.0
2024-11-07 09:42:00+09:00,3609.0,3611.0,3605.0,3606.0,120300,0.0,0.0
2024-11-07 09:43:00+09:00,3606.0,3610.0,3605.0,3609.0,73500,0.0,0.0
2024-11-07 09:44:00+09:00,3610.0,3612.0,3605.0,3611.0,121500,0.0,0.0
2024-11-07 09:45:00+09:00,3610.0,3612.0,3607.0,3609.0,88700,0.0,0.0
2024-11-07 09:46:00+09:00,3610.0,3611.0,3607.0,3608.0,69200,0.0,0.0
2024-11-07 09:47:00+09:00,3608.0,3609.0,3600.0,3601.0,112600,0.0,0.0
2024-11-07 09:48:00+09:00,3600.0,3602.0,3596.0,3596.0,210900,0.0,0.0
2024-11-07 09:49:00+09:00,3597.0,3597.0,3587.0,3593.0,160100,0.0,0.0
2024-11-07 09:50:00+09:00,3593.0,3598.0,3589.0,3593.0,157200,0.0,0.0
2024-11-07 09:51:00+09:00,3594.0,3596.0,3583.0,3591.0,164400,0.0,0.0
2024-11-07 09:52:00+09:00,3590.0,3591.0,3585.0,3587.0,64600,0.0,0.0
2024-11-07 09:53:00+09:00,3588.0,3588.0,3583.0,3586.0,60600,0.0,0.0
2024-11-07 09:54:00+09:00,3587.0,3587.0,3582.0,3585.0,78000,0.0,0.0
2024-11-07 09:55:00+09:00,3584.0,3587.0,3578.0,3580.0,171300,0.0,0.0
2024-11-07 09:56:00+09:00,3579.0,3592.0,3579.0,3588.0,324700,0.0,0.0
2024-11-07 09:57:00+09:00,3589.0,3591.0,3581.0,3584.0,117600,0.0,0.0
2024-11-07 09:58:00+09:00,3584.0,3588.0,3582.0,3587.0,55600,0.0,0.0
2024-11-07 09:59:00+09:00,3587.0,3589.0,3583.0,3589.0,61800,0.0,0.0
2024-11-07 10:00:00+09:00,3589.0,3590.0,3582.0,3583.0,83900,0.0,0.0
2024-11-07 10:01:00+09:00,3577.0,3578.0,3575.0,3576.0,167000,0.0,0.0
2024-11-07 10:02:00+09:00,3576.0,3577.0,3571.0,3575.0,124000,0.0,0.0
2024-11-07 10:03:00+09:00,3575.0,3577.0,3565.0,3566.0,121600,0.0,0.0
2024-11-07 10:04:00+09:00,3566.0,3568.0,3561.0,3561.0,97600,0.0,0.0
2024-11-07 10:05:00+09:00,3562.0,3564.0,3556.0,3559.0,148500,0.0,0.0
2024-11-07 10:06:00+09:00,3559.0,3563.0,3548.0,3555.0,135800,0.0,0.0
2024-11-07 10:07:00+09:00,3555.0,3557.0,3549.0,3552.0,118100,0.0,0.0
2024-11-07 10:08:00+09:00,3552.0,3552.0,3545.0,3547.0,95400,0.0,0.0
2024-11-07 10:09:00+09:00,3546.0,3547.0,3537.0,3539.0,155800,0.0,0.0
2024-11-07 10:10:00+09:00,3539.0,3540.0,3524.0,3527.0,225100,0.0,0.0
2024-11-07 10:11:00+09:00,3526.0,3536.0,3526.0,3529.0,232300,0.0,0.0
2024-11-07 10:12:00+09:00,3531.0,3546.0,3531.0,3546.0,151500,0.0,0.0
2024-11-07 10:13:00+09:00,3545.0,3552.0,3542.0,3545.0,143200,0.0,0.0
2024-11-07 10:14:00+09:00,3545.0,3550.0,3543.0,3548.0,87600,0.0,0.0
2024-11-07 10:15:00+09:00,3548.0,3549.0,3539.0,3542.0,82200,0.0,0.0
2024-11-07 10:16:00+09:00,3542.0,3546.0,3537.0,3538.0,114400,0.0,0.0
2024-11-07 10:17:00+09:00,3539.0,3539.0,3533.0,3535.0,115400,0.0,0.0
2024-11-07 10:18:00+09:00,3535.0,3543.0,3534.0,3540.0,122500,0.0,0.0
2024-11-07 10:19:00+09:00,3542.0,3545.0,3540.0,3540.0,77000,0.0,0.0
2024-11-07 10:20:00+09:00,3541.0,3547.0,3537.0,3541.0,120200,0.0,0.0
2024-11-07 10:21:00+09:00,3540.0,3544.0,3536.0,3543.0,86500,0.0,0.0
2024-11-07 10:22:00+09:00,3544.0,3547.0,3541.0,3544.0,93800,0.0,0.0
2024-11-07 10:23:00+09:00,3545.0,3550.0,3543.0,3550.0,70800,0.0,0.0
2024-11-07 10:24:00+09:00,3550.0,3554.0,3549.0,3552.0,115800,0.0,0.0
2024-11-07 10:25:00+09:00,3552.0,3562.0,3549.0,3562.0,90400,0.0,0.0
2024-11-07 10:26:00+09:00,3562.0,3565.0,3561.0,3564.0,66500,0.0,0.0
2024-11-07 10:27:00+09:00,3564.0,3565.0,3562.0,3564.0,57700,0.0,0.0
2024-11-07 10:28:00+09:00,3564.0,3564.0,3555.0,3556.0,81100,0.0,0.0
2024-11-07 10:29:00+09:00,3557.0,3561.0,3556.0,3558.0,74600,0.0,0.0
2024-11-07 10:30:00+09:00,3559.0,3563.0,3556.0,3563.0,72600,0.0,0.0
2024-11-07 10:31:00+09:00,3563.0,3567.0,3563.0,3567.0,86800,0.0,0.0
2024-11-07 10:32:00+09:00,3567.0,3567.0,3553.0,3563.0,155900,0.0,0.0
2024-11-07 10:33:00+09:00,3563.0,3571.0,3562.0,3570.0,62900,0.0,0.0
2024-11-07 10:34:00+09:00,3570.0,3574.0,3567.0,3572.0,83100,0.0,0.0
2024-11-07 10:35:00+09:00,3573.0,3573.0,3567.0,3569.0,90800,0.0,0.0
2024-11-07 10:36:00+09:00,3569.0,3572.0,3566.0,3572.0,98400,0.0,0.0
2024-11-07 10:37:00+09:00,3572.0,3573.0,3563.0,3569.0,97300,0.0,0.0
2024-11-07 10:38:00+09:00,3570.0,3572.0,3562.0,3567.0,273400,0.0,0.0
2024-11-07 10:39:00+09:00,3567.0,3571.0,3567.0,3568.0,75700,0.0,0.0
2024-11-07 10:40:00+09:00,3567.0,3567.0,3560.0,3561.0,102300,0.0,0.0
2024-11-07 10:41:00+09:00,3560.0,3569.0,3556.0,3565.0,113500,0.0,0.0
2024-11-07 10:42:00+09:00,3566.0,3566.0,3551.0,3553.0,97100,0.0,0.0
2024-11-07 10:43:00+09:00,3554.0,3556.0,3553.0,3553.0,46300,0.0,0.0
2024-11-07 10:44:00+09:00,3554.0,3556.0,3548.0,3549.0,117400,0.0,0.0
2024-11-07 10:45:00+09:00,3549.0,3549.0,3543.0,3548.0,54400,0.0,0.0
2024-11-07 10:46:00+09:00,3548.0,3548.0,3542.0,3545.0,99300,0.0,0.0
2024-11-07 10:47:00+09:00,3546.0,3547.0,3544.0,3544.0,29200,0.0,0.0
2024-11-07 10:48:00+09:00,3545.0,3547.0,3543.0,3546.0,70500,0.0,0.0
2024-11-07 10:49:00+09:00,3546.0,3546.0,3543.0,3544.0,38800,0.0,0.0
2024-11-07 10:50:00+09:00,3545.0,3545.0,3539.0,3540.0,62000,0.0,0.0
2024-11-07 10:51:00+09:00,3540.0,3540.0,3537.0,3540.0,81600,0.0,0.0
2024-11-07 10:52:00+09:00,3540.0,3546.0,3540.0,3546.0,52800,0.0,0.0
2024-11-07 10:53:00+09:00,3546.0,3549.0,3545.0,3548.0,40700,0.0,0.0
2024-11-07 10:54:00+09:00,3548.0,3550.0,3546.0,3550.0,83800,0.0,0.0
2024-11-07 10:55:00+09:00,3551.0,3552.0,3547.0,3549.0,96400,0.0,0.0
2024-11-07 10:56:00+09:00,3549.0,3549.0,3544.0,3545.0,41700,0.0,0.0
2024-11-07 10:57:00+09:00,3545.0,3548.0,3545.0,3548.0,56900,0.0,0.0
2024-11-07 10:58:00+09:00,3549.0,3552.0,3549.0,3550.0,63300,0.0,0.0
2024-11-07 10:59:00+09:00,3551.0,3552.0,3548.0,3550.0,32900,0.0,0.0
2024-11-07 11:00:00+09:00,3549.0,3550.0,3546.0,3548.0,79800,0.0,0.0
2024-11-07 11:01:00+09:00,3548.0,3548.0,3543.0,3544.0,61300,0.0,0.0
2024-11-07 11:02:00+09:00,3545.0,3547.0,3542.0,3545.0,51000,0.0,0.0
2024-11-07 11:03:00+09:00,3544.0,3544.0,3539.0,3542.0,104200,0.0,0.0
2024-11-07 11:04:00+09:00,3542.0,3542.0,3541.0,3542.0,24400,0.0,0.0
2024-11-07 11:05:00+09:00,3542.0,3544.0,3540.0,3542.0,62600,0.0,0.0
2024-11-07 11:06:00+09:00,3543.0,3544.0,3541.0,3543.0,34000,0.0,0.0
2024-11-07 11:07:00+09:00,3543.0,3546.0,3543.0,3544.0,48200,0.0,0.0
2024-11-07 11:08:00+09:00,3543.0,3545.0,3541.0,3542.0,73100,0.0,0.0
2024-11-07 11:09:00+09:00,3541.0,3542.0,3539.0,3540.0,52400,0.0,0.0
2024-11-07 11:10:00+09:00,3540.0,3540.0,3538.0,3540.0,30900,0.0,0.0
2024-11-07 11:11:00+09:00,3540.0,3543.0,3539.0,3543.0,45000,0.0,0.0
2024-11-07 11:12:00+09:00,3543.0,3544.0,3541.0,3544.0,38600,0.0,0.0
2024-11-07 11:13:00+09:00,3544.0,3544.0,3540.0,3540.0,41000,0.0,0.0
2024-11-07 11:14:00+09:00,3539.0,3547.0,3539.0,3545.0,45400,0.0,0.0
2024-11-07 11:15:00+09:00,3546.0,3546.0,3540.0,3543.0,32300,0.0,0.0
2024-11-07 11:16:00+09:00,3544.0,3544.0,3541.0,3541.0,40000,0.0,0.0
2024-11-07 11:17:00+09:00,3542.0,3542.0,3541.0,3542.0,20800,0.0,0.0
2024-11-07 11:18:00+09:00,3542.0,3544.0,3541.0,3543.0,41400,0.0,0.0
2024-11-07 11:19:00+09:00,3544.0,3547.0,3543.0,3547.0,32100,0.0,0.0
2024-11-07 11:20:00+09:00,3548.0,3550.0,3547.0,3548.0,67100,0.0,0.0
2024-11-07 11:21:00+09:00,3549.0,3552.0,3547.0,3548.0,45300,0.0,0.0
2024-11-07 11:22:00+09:00,3548.0,3549.0,3547.0,3548.0,20900,0.0,0.0
2024-11-07 11:23:00+09:00,3547.0,3548.0,3545.0,3546.0,19300,0.0,0.0
2024-11-07 11:24:00+09:00,3545.0,3545.0,3542.0,3544.0,33100,0.0,0.0
2024-11-07 11:25:00+09:00,3545.0,3545.0,3543.0,3544.0,30400,0.0,0.0
2024-11-07 11:26:00+09:00,3544.0,3544.0,3542.0,3543.0,32900,0.0,0.0
2024-11-07 11:27:00+09:00,3543.0,3544.0,3542.0,3542.0,55800,0.0,0.0
2024-11-07 11:28:00+09:00,3542.0,3545.0,3542.0,3544.0,26200,0.0,0.0
2024-11-07 11:29:00+09:00,3543.0,3545.0,3542.0,3544.0,36200,0.0,0.0
2024-11-07 11:30:00+09:00,3545.0,3545.0,3545.0,3545.0,174100,0.0,0.0
2024-11-07 11:35:00+09:00,3545.0,3545.0,3545.0,3545.0,0,0.0,0.0
2024-11-07 12:30:00+09:00,3548.0,3553.0,3546.0,3549.0,23274900,0.0,0.0
2024-11-07 12:31:00+09:00,3549.0,3550.0,3549.0,3549.0,10600,0.0,0.0
2024-11-07 12:32:00+09:00,3547.0,3549.0,3547.0,3547.0,191000,0.0,0.0
2024-11-07 12:34:00+09:00,3549.0,3553.0,3549.0,3551.0,111500,0.0,0.0
2024-11-07 12:35:00+09:00,3552.0,3553.0,3546.0,3546.0,43600,0.0,0.0
2024-11-07 12:36:00+09:00,3546.0,3550.0,3545.0,3549.0,32500,0.0,0.0
2024-11-07 12:37:00+09:00,3549.0,3549.0,3544.0,3548.0,74800,0.0,0.0
2024-11-07 12:38:00+09:00,3547.0,3548.0,3546.0,3548.0,25300,0.0,0.0
2024-11-07 12:39:00+09:00,3549.0,3553.0,3549.0,3553.0,68200,0.0,0.0
2024-11-07 12:40:00+09:00,3553.0,3555.0,3551.0,3554.0,48400,0.0,0.0
2024-11-07 12:41:00+09:00,3554.0,3555.0,3552.0,3553.0,58700,0.0,0.0
2024-11-07 12:42:00+09:00,3554.0,3556.0,3553.0,3555.0,34500,0.0,0.0
2024-11-07 12:43:00+09:00,3555.0,3555.0,3551.0,3551.0,35900,0.0,0.0
2024-11-07 12:44:00+09:00,3552.0,3552.0,3546.0,3547.0,37900,0.0,0.0
2024-11-07 12:45:00+09:00,3547.0,3548.0,3545.0,3547.0,52500,0.0,0.0
2024-11-07 12:46:00+09:00,3547.0,3548.0,3544.0,3545.0,30400,0.0,0.0
2024-11-07 12:47:00+09:00,3544.0,3548.0,3544.0,3544.0,54200,0.0,0.0
2024-11-07 12:48:00+09:00,3543.0,3548.0,3543.0,3547.0,36400,0.0,0.0
2024-11-07 12:49:00+09:00,3547.0,3547.0,3544.0,3547.0,40300,0.0,0.0
2024-11-07 12:50:00+09:00,3547.0,3548.0,3544.0,3548.0,39200,0.0,0.0
2024-11-07 12:51:00+09:00,3547.0,3547.0,3541.0,3546.0,69900,0.0,0.0
2024-11-07 12:52:00+09:00,3546.0,3546.0,3544.0,3544.0,27700,0.0,0.0
2024-11-07 12:53:00+09:00,3544.0,3548.0,3544.0,3548.0,49900,0.0,0.0
2024-11-07 12:54:00+09:00,3548.0,3548.0,3546.0,3547.0,24400,0.0,0.0
2024-11-07 12:55:00+09:00,3546.0,3548.0,3545.0,3548.0,42600,0.0,0.0
2024-11-07 12:56:00+09:00,3547.0,3548.0,3546.0,3548.0,26600,0.0,0.0
2024-11-07 12:57:00+09:00,3547.0,3548.0,3544.0,3545.0,49200,0.0,0.0
2024-11-07 12:58:00+09:00,3545.0,3549.0,3545.0,3548.0,53000,0.0,0.0
2024-11-07 12:59:00+09:00,3548.0,3548.0,3547.0,3548.0,27900,0.0,0.0
2024-11-07 13:00:00+09:00,3547.0,3549.0,3546.0,3547.0,47400,0.0,0.0
2024-11-07 13:01:00+09:00,3547.0,3548.0,3546.0,3548.0,25700,0.0,0.0
2024-11-07 13:02:00+09:00,3548.0,3550.0,3547.0,3547.0,47100,0.0,0.0
2024-11-07 13:03:00+09:00,3547.0,3548.0,3544.0,3544.0,57700,0.0,0.0
2024-11-07 13:04:00+09:00,3545.0,3547.0,3544.0,3547.0,69900,0.0,0.0
2024-11-07 13:05:00+09:00,3547.0,3547.0,3544.0,3547.0,46500,0.0,0.0
2024-11-07 13:06:00+09:00,3546.0,3548.0,3545.0,3547.0,31200,0.0,0.0
2024-11-07 13:07:00+09:00,3547.0,3547.0,3542.0,3542.0,34800,0.0,0.0
2024-11-07 13:08:00+09:00,3543.0,3545.0,3542.0,3543.0,32700,0.0,0.0
2024-11-07 13:09:00+09:00,3543.0,3546.0,3543.0,3546.0,23700,0.0,0.0
2024-11-07 13:10:00+09:00,3546.0,3547.0,3544.0,3544.0,44900,0.0,0.0
2024-11-07 13:11:00+09:00,3544.0,3546.0,3544.0,3545.0,35700,0.0,0.0
2024-11-07 13:12:00+09:00,3545.0,3546.0,3545.0,3546.0,57300,0.0,0.0
2024-11-07 13:13:00+09:00,3546.0,3548.0,3545.0,3547.0,58600,0.0,0.0
2024-11-07 13:14:00+09:00,3546.0,3548.0,3546.0,3547.0,30100,0.0,0.0
2024-11-07 13:15:00+09:00,3548.0,3550.0,3547.0,3548.0,51700,0.0,0.0
2024-11-07 13:16:00+09:00,3548.0,3549.0,3545.0,3548.0,37500,0.0,0.0
2024-11-07 13:17:00+09:00,3547.0,3547.0,3545.0,3547.0,32400,0.0,0.0
2024-11-07 13:18:00+09:00,3546.0,3547.0,3544.0,3546.0,68500,0.0,0.0
2024-11-07 13:19:00+09:00,3546.0,3548.0,3546.0,3547.0,37700,0.0,0.0
2024-11-07 13:20:00+09:00,3547.0,3549.0,3546.0,3548.0,21000,0.0,0.0
2024-11-07 13:21:00+09:00,3548.0,3549.0,3547.0,3548.0,44500,0.0,0.0
2024-11-07 13:22:00+09:00,3549.0,3549.0,3547.0,3549.0,22700,0.0,0.0
2024-11-07 13:23:00+09:00,3548.0,3549.0,3547.0,3547.0,26500,0.0,0.0
2024-11-07 13:24:00+09:00,3547.0,3548.0,3546.0,3547.0,30500,0.0,0.0
2024-11-07 13:25:00+09:00,3547.0,3548.0,3546.0,3546.0,20700,0.0,0.0
2024-11-07 13:26:00+09:00,3546.0,3548.0,3546.0,3547.0,45800,0.0,0.0
2024-11-07 13:27:00+09:00,3547.0,3549.0,3547.0,3549.0,35400,0.0,0.0
2024-11-07 13:28:00+09:00,3548.0,3550.0,3548.0,3548.0,32400,0.0,0.0
2024-11-07 13:29:00+09:00,3549.0,3550.0,3548.0,3548.0,22600,0.0,0.0
2024-11-07 13:30:00+09:00,3548.0,3550.0,3548.0,3548.0,21100,0.0,0.0
2024-11-07 13:31:00+09:00,3548.0,3548.0,3545.0,3546.0,42700,0.0,0.0
2024-11-07 13:32:00+09:00,3546.0,3547.0,3545.0,3545.0,41100,0.0,0.0
2024-11-07 13:33:00+09:00,3546.0,3548.0,3545.0,3546.0,31400,0.0,0.0
2024-11-07 13:34:00+09:00,3547.0,3547.0,3545.0,3546.0,30900,0.0,0.0
2024-11-07 13:35:00+09:00,3546.0,3547.0,3545.0,3547.0,62200,0.0,0.0
2024-11-07 13:36:00+09:00,3547.0,3548.0,3546.0,3548.0,37600,0.0,0.0
2024-11-07 13:37:00+09:00,3548.0,3548.0,3545.0,3547.0,74400,0.0,0.0
2024-11-07 13:38:00+09:00,3548.0,3548.0,3547.0,3547.0,16100,0.0,0.0
2024-11-07 13:39:00+09:00,3548.0,3549.0,3547.0,3549.0,48100,0.0,0.0
2024-11-07 13:40:00+09:00,3549.0,3556.0,3549.0,3555.0,104600,0.0,0.0
2024-11-07 13:41:00+09:00,3554.0,3555.0,3552.0,3554.0,41800,0.0,0.0
2024-11-07 13:42:00+09:00,3555.0,3556.0,3552.0,3553.0,33600,0.0,0.0
2024-11-07 13:43:00+09:00,3554.0,3556.0,3552.0,3555.0,37800,0.0,0.0
2024-11-07 13:44:00+09:00,3556.0,3557.0,3555.0,3557.0,40600,0.0,0.0
2024-11-07 13:45:00+09:00,3557.0,3557.0,3555.0,3556.0,28000,0.0,0.0
2024-11-07 13:46:00+09:00,3557.0,3557.0,3556.0,3556.0,6400,0.0,0.0
2024-11-07 13:47:00+09:00,3556.0,3556.0,3555.0,3556.0,29500,0.0,0.0
2024-11-07 13:48:00+09:00,3555.0,3556.0,3555.0,3556.0,26900,0.0,0.0
2024-11-07 13:49:00+09:00,3556.0,3556.0,3553.0,3554.0,27300,0.0,0.0
2024-11-07 13:50:00+09:00,3553.0,3553.0,3551.0,3553.0,31700,0.0,0.0
2024-11-07 13:51:00+09:00,3552.0,3554.0,3552.0,3554.0,22700,0.0,0.0
2024-11-07 13:52:00+09:00,3554.0,3557.0,3554.0,3556.0,40900,0.0,0.0
2024-11-07 13:53:00+09:00,3556.0,3556.0,3552.0,3553.0,64200,0.0,0.0
2024-11-07 13:54:00+09:00,3552.0,3553.0,3552.0,3553.0,10300,0.0,0.0
2024-11-07 13:55:00+09:00,3552.0,3552.0,3546.0,3547.0,71600,0.0,0.0
2024-11-07 13:56:00+09:00,3547.0,3549.0,3547.0,3549.0,24300,0.0,0.0
2024-11-07 13:57:00+09:00,3549.0,3550.0,3547.0,3547.0,25500,0.0,0.0
2024-11-07 13:58:00+09:00,3548.0,3548.0,3546.0,3546.0,33100,0.0,0.0
2024-11-07 13:59:00+09:00,3546.0,3549.0,3546.0,3548.0,29300,0.0,0.0
2024-11-07 14:00:00+09:00,3548.0,3551.0,3547.0,3550.0,65300,0.0,0.0
2024-11-07 14:01:00+09:00,3551.0,3551.0,3549.0,3550.0,22700,0.0,0.0
2024-11-07 14:02:00+09:00,3550.0,3552.0,3550.0,3551.0,16400,0.0,0.0
2024-11-07 14:03:00+09:00,3552.0,3553.0,3552.0,3552.0,24100,0.0,0.0
2024-11-07 14:04:00+09:00,3552.0,3552.0,3550.0,3551.0,21500,0.0,0.0
2024-11-07 14:05:00+09:00,3551.0,3553.0,3551.0,3552.0,14800,0.0,0.0
2024-11-07 14:06:00+09:00,3552.0,3553.0,3551.0,3553.0,27900,0.0,0.0
2024-11-07 14:07:00+09:00,3553.0,3555.0,3553.0,3554.0,37000,0.0,0.0
2024-11-07 14:08:00+09:00,3555.0,3557.0,3554.0,3557.0,27800,0.0,0.0
2024-11-07 14:09:00+09:00,3556.0,3557.0,3553.0,3554.0,22600,0.0,0.0
2024-11-07 14:10:00+09:00,3553.0,3555.0,3553.0,3554.0,34000,0.0,0.0
2024-11-07 14:11:00+09:00,3553.0,3556.0,3553.0,3555.0,37700,0.0,0.0
2024-11-07 14:12:00+09:00,3555.0,3556.0,3554.0,3554.0,31800,0.0,0.0
2024-11-07 14:13:00+09:00,3554.0,3556.0,3554.0,3556.0,31100,0.0,0.0
2024-11-07 14:14:00+09:00,3556.0,3557.0,3554.0,3554.0,25900,0.0,0.0
2024-11-07 14:15:00+09:00,3553.0,3557.0,3553.0,3557.0,27000,0.0,0.0
2024-11-07 14:16:00+09:00,3557.0,3558.0,3556.0,3558.0,15200,0.0,0.0
2024-11-07 14:17:00+09:00,3558.0,3558.0,3556.0,3556.0,17000,0.0,0.0
2024-11-07 14:18:00+09:00,3557.0,3558.0,3555.0,3555.0,34500,0.0,0.0
2024-11-07 14:19:00+09:00,3556.0,3557.0,3555.0,3555.0,33300,0.0,0.0
2024-11-07 14:20:00+09:00,3556.0,3559.0,3555.0,3558.0,71200,0.0,0.0
2024-11-07 14:21:00+09:00,3558.0,3559.0,3557.0,3559.0,24800,0.0,0.0
2024-11-07 14:22:00+09:00,3559.0,3560.0,3558.0,3560.0,34800,0.0,0.0
2024-11-07 14:23:00+09:00,3560.0,3563.0,3559.0,3561.0,103600,0.0,0.0
2024-11-07 14:24:00+09:00,3561.0,3565.0,3561.0,3564.0,48500,0.0,0.0
2024-11-07 14:25:00+09:00,3564.0,3564.0,3562.0,3563.0,24200,0.0,0.0
2024-11-07 14:26:00+09:00,3563.0,3564.0,3562.0,3563.0,20000,0.0,0.0
2024-11-07 14:27:00+09:00,3564.0,3566.0,3563.0,3566.0,54600,0.0,0.0
2024-11-07 14:28:00+09:00,3566.0,3567.0,3565.0,3566.0,32300,0.0,0.0
2024-11-07 14:29:00+09:00,3566.0,3566.0,3563.0,3563.0,53900,0.0,0.0
2024-11-07 14:30:00+09:00,3562.0,3563.0,3561.0,3563.0,28000,0.0,0.0
2024-11-07 14:31:00+09:00,3563.0,3563.0,3560.0,3562.0,35400,0.0,0.0
2024-11-07 14:32:00+09:00,3562.0,3562.0,3561.0,3562.0,16000,0.0,0.0
2024-11-07 14:33:00+09:00,3562.0,3564.0,3562.0,3564.0,51700,0.0,0.0
2024-11-07 14:34:00+09:00,3564.0,3564.0,3562.0,3563.0,29900,0.0,0.0
2024-11-07 14:35:00+09:00,3562.0,3567.0,3562.0,3567.0,48400,0.0,0.0
2024-11-07 14:36:00+09:00,3566.0,3567.0,3566.0,3566.0,23900,0.0,0.0
2024-11-07 14:37:00+09:00,3567.0,3568.0,3566.0,3567.0,42300,0.0,0.0
2024-11-07 14:38:00+09:00,3567.0,3569.0,3565.0,3565.0,48300,0.0,0.0
2024-11-07 14:39:00+09:00,3565.0,3568.0,3564.0,3568.0,36400,0.0,0.0
2024-11-07 14:40:00+09:00,3567.0,3569.0,3566.0,3568.0,72500,0.0,0.0
2024-11-07 14:41:00+09:00,3569.0,3573.0,3568.0,3572.0,122100,0.0,0.0
2024-11-07 14:42:00+09:00,3572.0,3574.0,3571.0,3574.0,53900,0.0,0.0
2024-11-07 14:43:00+09:00,3574.0,3575.0,3572.0,3573.0,37600,0.0,0.0
2024-11-07 14:44:00+09:00,3574.0,3574.0,3573.0,3573.0,30300,0.0,0.0
2024-11-07 14:45:00+09:00,3573.0,3574.0,3563.0,3572.0,180800,0.0,0.0
2024-11-07 14:46:00+09:00,3573.0,3575.0,3572.0,3574.0,39200,0.0,0.0
2024-11-07 14:47:00+09:00,3574.0,3575.0,3573.0,3574.0,40200,0.0,0.0
2024-11-07 14:48:00+09:00,3574.0,3576.0,3574.0,3575.0,18400,0.0,0.0
2024-11-07 14:49:00+09:00,3575.0,3575.0,3573.0,3574.0,51500,0.0,0.0
2024-11-07 14:50:00+09:00,3574.0,3575.0,3572.0,3575.0,57900,0.0,0.0
2024-11-07 14:51:00+09:00,3576.0,3576.0,3576.0,3576.0,37500,0.0,0.0
2024-11-07 14:52:00+09:00,3576.0,3578.0,3575.0,3578.0,65900,0.0,0.0
2024-11-07 14:53:00+09:00,3578.0,3579.0,3577.0,3579.0,37300,0.0,0.0
2024-11-07 14:55:00+09:00,3580.0,3582.0,3579.0,3581.0,173900,0.0,0.0
2024-11-07 14:56:00+09:00,3581.0,3581.0,3580.0,3581.0,41400,0.0,0.0
2024-11-07 14:57:00+09:00,3583.0,3586.0,3582.0,3584.0,120300,0.0,0.0
2024-11-07 14:58:00+09:00,3585.0,3587.0,3584.0,3587.0,65400,0.0,0.0
2024-11-07 14:59:00+09:00,3587.0,3587.0,3585.0,3586.0,15400,0.0,0.0
2024-11-08 09:05:00+09:00,3594.0,3595.0,3572.0,3572.0,1935500,0.0,0.0
2024-11-08 09:06:00+09:00,3571.0,3573.0,3555.0,3557.0,124400,0.0,0.0
2024-11-08 09:07:00+09:00,3557.0,3560.0,3552.0,3556.0,90600,0.0,0.0
2024-11-08 09:08:00+09:00,3556.0,3568.0,3555.0,3568.0,101500,0.0,0.0
2024-11-08 09:09:00+09:00,3569.0,3575.0,3566.0,3573.0,106700,0.0,0.0
2024-11-08 09:10:00+09:00,3574.0,3584.0,3572.0,3577.0,95200,0.0,0.0
2024-11-08 09:11:00+09:00,3577.0,3580.0,3570.0,3579.0,79900,0.0,0.0
2024-11-08 09:12:00+09:00,3579.0,3586.0,3575.0,3581.0,92600,0.0,0.0
2024-11-08 09:13:00+09:00,3582.0,3582.0,3575.0,3575.0,55100,0.0,0.0
2024-11-08 09:14:00+09:00,3576.0,3579.0,3572.0,3572.0,49600,0.0,0.0
2024-11-08 09:15:00+09:00,3572.0,3574.0,3565.0,3568.0,129700,0.0,0.0
2024-11-08 09:16:00+09:00,3567.0,3570.0,3563.0,3567.0,85100,0.0,0.0
2024-11-08 09:17:00+09:00,3566.0,3568.0,3565.0,3566.0,43300,0.0,0.0
2024-11-08 09:18:00+09:00,3566.0,3574.0,3566.0,3569.0,69700,0.0,0.0
2024-11-08 09:19:00+09:00,3569.0,3569.0,3563.0,3567.0,51500,0.0,0.0
2024-11-08 09:20:00+09:00,3567.0,3567.0,3562.0,3565.0,46800,0.0,0.0
2024-11-08 09:21:00+09:00,3565.0,3565.0,3561.0,3561.0,44000,0.0,0.0
2024-11-08 09:22:00+09:00,3561.0,3563.0,3559.0,3563.0,96100,0.0,0.0
2024-11-08 09:23:00+09:00,3563.0,3569.0,3563.0,3568.0,69300,0.0,0.0
2024-11-08 09:24:00+09:00,3569.0,3574.0,3568.0,3574.0,70500,0.0,0.0
2024-11-08 09:25:00+09:00,3574.0,3579.0,3573.0,3576.0,128500,0.0,0.0
2024-11-08 09:26:00+09:00,3575.0,3580.0,3575.0,3579.0,114400,0.0,0.0
2024-11-08 09:27:00+09:00,3578.0,3580.0,3573.0,3577.0,37100,0.0,0.0
2024-11-08 09:28:00+09:00,3577.0,3577.0,3572.0,3572.0,31800,0.0,0.0
2024-11-08 09:29:00+09:00,3573.0,3577.0,3573.0,3576.0,36500,0.0,0.0
2024-11-08 09:30:00+09:00,3577.0,3582.0,3574.0,3581.0,61700,0.0,0.0
2024-11-08 09:31:00+09:00,3581.0,3587.0,3581.0,3586.0,46000,0.0,0.0
2024-11-08 09:32:00+09:00,3587.0,3588.0,3584.0,3587.0,50100,0.0,0.0
2024-11-08 09:33:00+09:00,3588.0,3589.0,3585.0,3589.0,50600,0.0,0.0
2024-11-08 09:34:00+09:00,3589.0,3590.0,3587.0,3589.0,31800,0.0,0.0
2024-11-08 09:35:00+09:00,3589.0,3591.0,3582.0,3585.0,79500,0.0,0.0
2024-11-08 09:36:00+09:00,3584.0,3584.0,3572.0,3579.0,125600,0.0,0.0
2024-11-08 09:37:00+09:00,3578.0,3581.0,3575.0,3575.0,57700,0.0,0.0
2024-11-08 09:38:00+09:00,3575.0,3576.0,3570.0,3576.0,52400,0.0,0.0
2024-11-08 09:39:00+09:00,3576.0,3578.0,3574.0,3577.0,18100,0.0,0.0
2024-11-08 09:40:00+09:00,3577.0,3578.0,3577.0,3577.0,20000,0.0,0.0
2024-11-08 09:41:00+09:00,3577.0,3578.0,3576.0,3576.0,22000,0.0,0.0
2024-11-08 09:42:00+09:00,3577.0,3579.0,3577.0,3578.0,46500,0.0,0.0
2024-11-08 09:43:00+09:00,3578.0,3578.0,3572.0,3573.0,67900,0.0,0.0
2024-11-08 09:44:00+09:00,3573.0,3575.0,3572.0,3574.0,36400,0.0,0.0
2024-11-08 09:45:00+09:00,3574.0,3577.0,3574.0,3575.0,22500,0.0,0.0
2024-11-08 09:46:00+09:00,3574.0,3576.0,3568.0,3568.0,41500,0.0,0.0
2024-11-08 09:47:00+09:00,3568.0,3569.0,3567.0,3569.0,14200,0.0,0.0
2024-11-08 09:48:00+09:00,3569.0,3569.0,3567.0,3567.0,23000,0.0,0.0
2024-11-08 09:49:00+09:00,3567.0,3571.0,3567.0,3570.0,69400,0.0,0.0
2024-11-08 09:50:00+09:00,3571.0,3574.0,3568.0,3574.0,34700,0.0,0.0
2024-11-08 09:51:00+09:00,3573.0,3575.0,3572.0,3573.0,17400,0.0,0.0
2024-11-08 09:52:00+09:00,3573.0,3576.0,3573.0,3575.0,15600,0.0,0.0
2024-11-08 09:53:00+09:00,3575.0,3576.0,3574.0,3576.0,24900,0.0,0.0
2024-11-08 09:54:00+09:00,3575.0,3578.0,3574.0,3577.0,35800,0.0,0.0
2024-11-08 09:55:00+09:00,3576.0,3577.0,3569.0,3575.0,72300,0.0,0.0
2024-11-08 09:56:00+09:00,3576.0,3577.0,3575.0,3575.0,15600,0.0,0.0
2024-11-08 09:57:00+09:00,3575.0,3577.0,3575.0,3575.0,21500,0.0,0.0
2024-11-08 09:58:00+09:00,3576.0,3577.0,3573.0,3574.0,23200,0.0,0.0
2024-11-08 09:59:00+09:00,3575.0,3576.0,3570.0,3570.0,23000,0.0,0.0
2024-11-08 10:00:00+09:00,3570.0,3573.0,3569.0,3573.0,26900,0.0,0.0
2024-11-08 10:01:00+09:00,3571.0,3573.0,3570.0,3571.0,15500,0.0,0.0
2024-11-08 10:02:00+09:00,3571.0,3571.0,3560.0,3566.0,150400,0.0,0.0
2024-11-08 10:03:00+09:00,3566.0,3567.0,3561.0,3563.0,30900,0.0,0.0
2024-11-08 10:04:00+09:00,3562.0,3565.0,3561.0,3563.0,43400,0.0,0.0
2024-11-08 10:05:00+09:00,3563.0,3564.0,3562.0,3564.0,37600,0.0,0.0
2024-11-08 10:06:00+09:00,3564.0,3565.0,3564.0,3565.0,50400,0.0,0.0
2024-11-08 10:07:00+09:00,3564.0,3565.0,3561.0,3561.0,30400,0.0,0.0
2024-11-08 10:08:00+09:00,3561.0,3563.0,3558.0,3559.0,26400,0.0,0.0
2024-11-08 10:09:00+09:00,3560.0,3564.0,3560.0,3564.0,53300,0.0,0.0
2024-11-08 10:10:00+09:00,3564.0,3570.0,3564.0,3569.0,47400,0.0,0.0
2024-11-08 10:11:00+09:00,3569.0,3572.0,3568.0,3571.0,45700,0.0,0.0
2024-11-08 10:12:00+09:00,3570.0,3571.0,3565.0,3565.0,47900,0.0,0.0
2024-11-08 10:13:00+09:00,3565.0,3567.0,3565.0,3567.0,14200,0.0,0.0
2024-11-08 10:14:00+09:00,3566.0,3567.0,3563.0,3565.0,22200,0.0,0.0
2024-11-08 10:15:00+09:00,3565.0,3566.0,3564.0,3566.0,13400,0.0,0.0
2024-11-08 10:16:00+09:00,3566.0,3566.0,3565.0,3565.0,15300,0.0,0.0
2024-11-08 10:17:00+09:00,3565.0,3566.0,3565.0,3565.0,3000,0.0,0.0
2024-11-08 10:18:00+09:00,3566.0,3567.0,3564.0,3566.0,31700,0.0,0.0
2024-11-08 10:19:00+09:00,3566.0,3568.0,3565.0,3566.0,19000,0.0,0.0
2024-11-08 10:20:00+09:00,3566.0,3568.0,3565.0,3567.0,13300,0.0,0.0
2024-11-08 10:21:00+09:00,3567.0,3567.0,3565.0,3565.0,21500,0.0,0.0
2024-11-08 10:22:00+09:00,3565.0,3567.0,3565.0,3567.0,11300,0.0,0.0
2024-11-08 10:23:00+09:00,3567.0,3568.0,3567.0,3568.0,13700,0.0,0.0
2024-11-08 10:24:00+09:00,3568.0,3569.0,3568.0,3568.0,16800,0.0,0.0
2024-11-08 10:25:00+09:00,3567.0,3567.0,3564.0,3564.0,23300,0.0,0.0
2024-11-08 10:26:00+09:00,3565.0,3566.0,3565.0,3566.0,12700,0.0,0.0
2024-11-08 10:27:00+09:00,3565.0,3568.0,3565.0,3567.0,33700,0.0,0.0
2024-11-08 10:28:00+09:00,3568.0,3569.0,3567.0,3568.0,13300,0.0,0.0
2024-11-08 10:29:00+09:00,3567.0,3570.0,3567.0,3568.0,54000,0.0,0.0
2024-11-08 10:30:00+09:00,3568.0,3570.0,3565.0,3567.0,30800,0.0,0.0
2024-11-08 10:31:00+09:00,3567.0,3567.0,3562.0,3566.0,41000,0.0,0.0
2024-11-08 10:32:00+09:00,3565.0,3566.0,3564.0,3565.0,11100,0.0,0.0
2024-11-08 10:33:00+09:00,3565.0,3568.0,3564.0,3566.0,35000,0.0,0.0
2024-11-08 10:34:00+09:00,3565.0,3566.0,3564.0,3565.0,26600,0.0,0.0
2024-11-08 10:35:00+09:00,3565.0,3566.0,3564.0,3564.0,5900,0.0,0.0
2024-11-08 10:36:00+09:00,3565.0,3565.0,3563.0,3563.0,12600,0.0,0.0
2024-11-08 10:37:00+09:00,3563.0,3564.0,3562.0,3563.0,19800,0.0,0.0
2024-11-08 10:38:00+09:00,3564.0,3565.0,3562.0,3565.0,21500,0.0,0.0
2024-11-08 10:39:00+09:00,3566.0,3567.0,3565.0,3567.0,15400,0.0,0.0
2024-11-08 10:40:00+09:00,3566.0,3567.0,3565.0,3567.0,32100,0.0,0.0
2024-11-08 10:41:00+09:00,3566.0,3566.0,3563.0,3564.0,27500,0.0,0.0
2024-11-08 10:42:00+09:00,3564.0,3567.0,3563.0,3566.0,13200,0.0,0.0
2024-11-08 10:43:00+09:00,3566.0,3567.0,3564.0,3566.0,36200,0.0,0.0
2024-11-08 10:44:00+09:00,3565.0,3565.0,3564.0,3564.0,9900,0.0,0.0
2024-11-08 10:45:00+09:00,3564.0,3565.0,3563.0,3563.0,12900,0.0,0.0
2024-11-08 10:46:00+09:00,3564.0,3565.0,3563.0,3564.0,29500,0.0,0.0
2024-11-08 10:47:00+09:00,3565.0,3566.0,3565.0,3565.0,12800,0.0,0.0
2024-11-08 10:48:00+09:00,3564.0,3565.0,3564.0,3564.0,20000,0.0,0.0
2024-11-08 10:49:00+09:00,3565.0,3565.0,3564.0,3564.0,18200,0.0,0.0
2024-11-08 10:50:00+09:00,3565.0,3565.0,3564.0,3564.0,2600,0.0,0.0
2024-11-08 10:51:00+09:00,3564.0,3566.0,3564.0,3565.0,44300,0.0,0.0
2024-11-08 10:52:00+09:00,3565.0,3567.0,3565.0,3566.0,28200,0.0,0.0
2024-11-08 10:53:00+09:00,3566.0,3566.0,3564.0,3564.0,34000,0.0,0.0
2024-11-08 10:54:00+09:00,3564.0,3565.0,3563.0,3563.0,16700,0.0,0.0
2024-11-08 10:55:00+09:00,3564.0,3565.0,3564.0,3565.0,8500,0.0,0.0
2024-11-08 10:56:00+09:00,3565.0,3565.0,3563.0,3564.0,9000,0.0,0.0
2024-11-08 10:57:00+09:00,3564.0,3564.0,3560.0,3560.0,36300,0.0,0.0
2024-11-08 10:58:00+09:00,3560.0,3560.0,3557.0,3557.0,49000,0.0,0.0
2024-11-08 10:59:00+09:00,3557.0,3558.0,3556.0,3557.0,14500,0.0,0.0
2024-11-08 11:00:00+09:00,3557.0,3557.0,3556.0,3556.0,7900,0.0,0.0
2024-11-08 11:01:00+09:00,3556.0,3556.0,3553.0,3553.0,33800,0.0,0.0
2024-11-08 11:02:00+09:00,3553.0,3557.0,3553.0,3555.0,34200,0.0,0.0
2024-11-08 11:03:00+09:00,3555.0,3555.0,3552.0,3553.0,16700,0.0,0.0
2024-11-08 11:04:00+09:00,3553.0,3556.0,3552.0,3555.0,29000,0.0,0.0
2024-11-08 11:05:00+09:00,3556.0,3557.0,3551.0,3554.0,118500,0.0,0.0
2024-11-08 11:06:00+09:00,3553.0,3554.0,3552.0,3554.0,18800,0.0,0.0
2024-11-08 11:07:00+09:00,3553.0,3553.0,3551.0,3553.0,19400,0.0,0.0
2024-11-08 11:08:00+09:00,3553.0,3554.0,3552.0,3554.0,16600,0.0,0.0
2024-11-08 11:09:00+09:00,3554.0,3556.0,3553.0,3556.0,38600,0.0,0.0
2024-11-08 11:10:00+09:00,3555.0,3558.0,3555.0,3558.0,25300,0.0,0.0
2024-11-08 11:11:00+09:00,3557.0,3558.0,3554.0,3555.0,28400,0.0,0.0
2024-11-08 11:12:00+09:00,3556.0,3557.0,3555.0,3556.0,10700,0.0,0.0
2024-11-08 11:13:00+09:00,3555.0,3556.0,3555.0,3555.0,7300,0.0,0.0
2024-11-08 11:14:00+09:00,3556.0,3556.0,3552.0,3553.0,46700,0.0,0.0
2024-11-08 11:15:00+09:00,3553.0,3554.0,3552.0,3554.0,13400,0.0,0.0
2024-11-08 11:16:00+09:00,3554.0,3555.0,3549.0,3551.0,79400,0.0,0.0
2024-11-08 11:17:00+09:00,3551.0,3552.0,3550.0,3551.0,22600,0.0,0.0
2024-11-08 11:18:00+09:00,3551.0,3552.0,3550.0,3550.0,17700,0.0,0.0
2024-11-08 11:19:00+09:00,3550.0,3550.0,3546.0,3546.0,43600,0.0,0.0
2024-11-08 11:20:00+09:00,3546.0,3547.0,3546.0,3546.0,17200,0.0,0.0
2024-11-08 11:21:00+09:00,3546.0,3546.0,3543.0,3543.0,58300,0.0,0.0
2024-11-08 11:22:00+09:00,3543.0,3546.0,3541.0,3543.0,27900,0.0,0.0
2024-11-08 11:23:00+09:00,3544.0,3545.0,3529.0,3540.0,259200,0.0,0.0
2024-11-08 11:24:00+09:00,3540.0,3540.0,3538.0,3539.0,37200,0.0,0.0
2024-11-08 11:25:00+09:00,3538.0,3540.0,3537.0,3537.0,15000,0.0,0.0
2024-11-08 11:26:00+09:00,3538.0,3539.0,3537.0,3539.0,29700,0.0,0.0
2024-11-08 11:27:00+09:00,3539.0,3542.0,3538.0,3538.0,37500,0.0,0.0
2024-11-08 11:28:00+09:00,3538.0,3540.0,3535.0,3540.0,47400,0.0,0.0
2024-11-08 11:29:00+09:00,3539.0,3541.0,3539.0,3540.0,17300,0.0,0.0
2024-11-08 11:30:00+09:00,3542.0,3544.0,3542.0,3544.0,88500,0.0,0.0
2024-11-08 11:35:00+09:00,3544.0,3544.0,3544.0,3544.0,0,0.0,0.0
2024-11-08 12:30:00+09:00,3536.0,3552.0,3535.0,3552.0,8238400,0.0,0.0
2024-11-08 12:31:00+09:00,3553.0,3554.0,3552.0,3552.0,25000,0.0,0.0
2024-11-08 12:32:00+09:00,3553.0,3556.0,3553.0,3555.0,50500,0.0,0.0
2024-11-08 12:33:00+09:00,3555.0,3556.0,3553.0,3554.0,27600,0.0,0.0
2024-11-08 12:34:00+09:00,3554.0,3555.0,3553.0,3553.0,26100,0.0,0.0
2024-11-08 12:35:00+09:00,3554.0,3554.0,3553.0,3553.0,15900,0.0,0.0
2024-11-08 12:36:00+09:00,3553.0,3554.0,3552.0,3553.0,18200,0.0,0.0
2024-11-08 12:37:00+09:00,3553.0,3561.0,3553.0,3561.0,100700,0.0,0.0
2024-11-08 12:38:00+09:00,3561.0,3563.0,3561.0,3562.0,9100,0.0,0.0
2024-11-08 12:39:00+09:00,3562.0,3562.0,3559.0,3559.0,36300,0.0,0.0
2024-11-08 12:40:00+09:00,3560.0,3564.0,3560.0,3564.0,18800,0.0,0.0
2024-11-08 12:41:00+09:00,3564.0,3564.0,3559.0,3559.0,24300,0.0,0.0
2024-11-08 12:42:00+09:00,3560.0,3563.0,3559.0,3563.0,22700,0.0,0.0
2024-11-08 12:43:00+09:00,3563.0,3564.0,3562.0,3563.0,6900,0.0,0.0
2024-11-08 12:44:00+09:00,3563.0,3563.0,3558.0,3560.0,33300,0.0,0.0
2024-11-08 12:45:00+09:00,3559.0,3560.0,3557.0,3560.0,20700,0.0,0.0
2024-11-08 12:46:00+09:00,3560.0,3560.0,3558.0,3558.0,9900,0.0,0.0
2024-11-08 12:47:00+09:00,3558.0,3558.0,3556.0,3556.0,24600,0.0,0.0
2024-11-08 12:48:00+09:00,3556.0,3558.0,3556.0,3556.0,17700,0.0,0.0
2024-11-08 12:49:00+09:00,3556.0,3556.0,3554.0,3555.0,28800,0.0,0.0
2024-11-08 12:50:00+09:00,3556.0,3558.0,3555.0,3557.0,45400,0.0,0.0
2024-11-08 12:51:00+09:00,3557.0,3558.0,3556.0,3558.0,7900,0.0,0.0
2024-11-08 12:52:00+09:00,3558.0,3560.0,3558.0,3559.0,13000,0.0,0.0
2024-11-08 12:53:00+09:00,3558.0,3559.0,3558.0,3558.0,1600,0.0,0.0
2024-11-08 12:54:00+09:00,3559.0,3560.0,3555.0,3558.0,45000,0.0,0.0
2024-11-08 12:55:00+09:00,3559.0,3559.0,3556.0,3557.0,12200,0.0,0.0
2024-11-08 12:56:00+09:00,3557.0,3557.0,3555.0,3557.0,15600,0.0,0.0
2024-11-08 12:57:00+09:00,3556.0,3556.0,3553.0,3553.0,13200,0.0,0.0
2024-11-08 12:58:00+09:00,3553.0,3553.0,3552.0,3553.0,9000,0.0,0.0
2024-11-08 12:59:00+09:00,3553.0,3556.0,3552.0,3554.0,26900,0.0,0.0
2024-11-08 13:00:00+09:00,3554.0,3555.0,3552.0,3554.0,21100,0.0,0.0
2024-11-08 13:01:00+09:00,3554.0,3554.0,3553.0,3553.0,10800,0.0,0.0
2024-11-08 13:02:00+09:00,3554.0,3555.0,3554.0,3554.0,7500,0.0,0.0
2024-11-08 13:03:00+09:00,3554.0,3555.0,3554.0,3555.0,15800,0.0,0.0
2024-11-08 13:04:00+09:00,3556.0,3556.0,3554.0,3555.0,40900,0.0,0.0
2024-11-08 13:05:00+09:00,3555.0,3557.0,3555.0,3556.0,11800,0.0,0.0
2024-11-08 13:06:00+09:00,3556.0,3557.0,3556.0,3556.0,12400,0.0,0.0
2024-11-08 13:07:00+09:00,3556.0,3557.0,3555.0,3557.0,14000,0.0,0.0
2024-11-08 13:08:00+09:00,3557.0,3557.0,3556.0,3556.0,20000,0.0,0.0
2024-11-08 13:09:00+09:00,3556.0,3556.0,3555.0,3556.0,18200,0.0,0.0
2024-11-08 13:10:00+09:00,3556.0,3556.0,3553.0,3554.0,29700,0.0,0.0
2024-11-08 13:11:00+09:00,3554.0,3555.0,3554.0,3554.0,20700,0.0,0.0
2024-11-08 13:12:00+09:00,3554.0,3556.0,3554.0,3555.0,10500,0.0,0.0
2024-11-08 13:13:00+09:00,3555.0,3555.0,3554.0,3555.0,8900,0.0,0.0
2024-11-08 13:14:00+09:00,3554.0,3555.0,3551.0,3552.0,28300,0.0,0.0
2024-11-08 13:15:00+09:00,3551.0,3552.0,3551.0,3551.0,11300,0.0,0.0
2024-11-08 13:16:00+09:00,3551.0,3552.0,3551.0,3551.0,3000,0.0,0.0
2024-11-08 13:17:00+09:00,3551.0,3552.0,3551.0,3551.0,16700,0.0,0.0
2024-11-08 13:18:00+09:00,3552.0,3552.0,3551.0,3551.0,8200,0.0,0.0
2024-11-08 13:19:00+09:00,3552.0,3552.0,3549.0,3550.0,61900,0.0,0.0
2024-11-08 13:20:00+09:00,3549.0,3551.0,3547.0,3550.0,27700,0.0,0.0
2024-11-08 13:21:00+09:00,3551.0,3551.0,3549.0,3549.0,8000,0.0,0.0
2024-11-08 13:22:00+09:00,3549.0,3553.0,3548.0,3553.0,45800,0.0,0.0
2024-11-08 13:23:00+09:00,3553.0,3554.0,3553.0,3554.0,10100,0.0,0.0
2024-11-08 13:24:00+09:00,3555.0,3555.0,3553.0,3554.0,34000,0.0,0.0
2024-11-08 13:25:00+09:00,3554.0,3555.0,3554.0,3554.0,6000,0.0,0.0
2024-11-08 13:26:00+09:00,3554.0,3555.0,3553.0,3554.0,11900,0.0,0.0
2024-11-08 13:27:00+09:00,3554.0,3555.0,3552.0,3553.0,28800,0.0,0.0
2024-11-08 13:28:00+09:00,3554.0,3554.0,3553.0,3553.0,2700,0.0,0.0
2024-11-08 13:29:00+09:00,3553.0,3554.0,3553.0,3553.0,3600,0.0,0.0
2024-11-08 13:30:00+09:00,3554.0,3557.0,3554.0,3557.0,25800,0.0,0.0
2024-11-08 13:31:00+09:00,3556.0,3557.0,3555.0,3555.0,14800,0.0,0.0
2024-11-08 13:32:00+09:00,3556.0,3557.0,3556.0,3556.0,9500,0.0,0.0
2024-11-08 13:33:00+09:00,3557.0,3557.0,3556.0,3556.0,4600,0.0,0.0
2024-11-08 13:34:00+09:00,3556.0,3556.0,3555.0,3555.0,30200,0.0,0.0
2024-11-08 13:35:00+09:00,3555.0,3555.0,3552.0,3552.0,14500,0.0,0.0
2024-11-08 13:36:00+09:00,3552.0,3554.0,3551.0,3553.0,23900,0.0,0.0
2024-11-08 13:37:00+09:00,3554.0,3554.0,3552.0,3553.0,9300,0.0,0.0
2024-11-08 13:38:00+09:00,3553.0,3554.0,3552.0,3552.0,16200,0.0,0.0
2024-11-08 13:39:00+09:00,3553.0,3555.0,3550.0,3550.0,56000,0.0,0.0
2024-11-08 13:40:00+09:00,3550.0,3552.0,3548.0,3552.0,47500,0.0,0.0
2024-11-08 13:41:00+09:00,3552.0,3553.0,3551.0,3551.0,15300,0.0,0.0
2024-11-08 13:42:00+09:00,3551.0,3551.0,3549.0,3550.0,53700,0.0,0.0
2024-11-08 13:43:00+09:00,3550.0,3551.0,3545.0,3548.0,47100,0.0,0.0
2024-11-08 13:44:00+09:00,3548.0,3549.0,3547.0,3549.0,9600,0.0,0.0
2024-11-08 13:45:00+09:00,3548.0,3549.0,3547.0,3549.0,14200,0.0,0.0
2024-11-08 13:46:00+09:00,3549.0,3550.0,3549.0,3550.0,18100,0.0,0.0
2024-11-08 13:47:00+09:00,3550.0,3550.0,3547.0,3547.0,61300,0.0,0.0
2024-11-08 13:48:00+09:00,3547.0,3548.0,3546.0,3548.0,15100,0.0,0.0
2024-11-08 13:49:00+09:00,3547.0,3547.0,3546.0,3546.0,11400,0.0,0.0
2024-11-08 13:50:00+09:00,3546.0,3547.0,3544.0,3547.0,25700,0.0,0.0
2024-11-08 13:51:00+09:00,3547.0,3547.0,3545.0,3545.0,13000,0.0,0.0
2024-11-08 13:52:00+09:00,3545.0,3545.0,3543.0,3544.0,19900,0.0,0.0
2024-11-08 13:53:00+09:00,3544.0,3546.0,3544.0,3545.0,17800,0.0,0.0
2024-11-08 13:54:00+09:00,3545.0,3545.0,3545.0,3545.0,1200,0.0,0.0
2024-11-08 13:55:00+09:00,3545.0,3550.0,3545.0,3550.0,35100,0.0,0.0
2024-11-08 13:56:00+09:00,3549.0,3550.0,3547.0,3549.0,26600,0.0,0.0
2024-11-08 13:57:00+09:00,3549.0,3549.0,3548.0,3548.0,12400,0.0,0.0
2024-11-08 13:58:00+09:00,3548.0,3550.0,3548.0,3550.0,33300,0.0,0.0
2024-11-08 13:59:00+09:00,3550.0,3552.0,3550.0,3552.0,11600,0.0,0.0
2024-11-08 14:00:00+09:00,3553.0,3553.0,3552.0,3553.0,12600,0.0,0.0
2024-11-08 14:01:00+09:00,3553.0,3553.0,3552.0,3552.0,22800,0.0,0.0
2024-11-08 14:02:00+09:00,3553.0,3553.0,3552.0,3553.0,6900,0.0,0.0
2024-11-08 14:03:00+09:00,3553.0,3554.0,3553.0,3554.0,17600,0.0,0.0
2024-11-08 14:04:00+09:00,3555.0,3560.0,3554.0,3559.0,63000,0.0,0.0
2024-11-08 14:05:00+09:00,3558.0,3560.0,3558.0,3559.0,11700,0.0,0.0
2024-11-08 14:06:00+09:00,3559.0,3560.0,3558.0,3560.0,5800,0.0,0.0
2024-11-08 14:07:00+09:00,3559.0,3560.0,3558.0,3560.0,5600,0.0,0.0
2024-11-08 14:08:00+09:00,3559.0,3559.0,3558.0,3558.0,11400,0.0,0.0
2024-11-08 14:09:00+09:00,3559.0,3560.0,3558.0,3560.0,8400,0.0,0.0
2024-11-08 14:10:00+09:00,3559.0,3560.0,3559.0,3560.0,40100,0.0,0.0
2024-11-08 14:11:00+09:00,3560.0,3562.0,3560.0,3562.0,12600,0.0,0.0
2024-11-08 14:12:00+09:00,3562.0,3562.0,3561.0,3562.0,6500,0.0,0.0
2024-11-08 14:13:00+09:00,3562.0,3563.0,3561.0,3561.0,19500,0.0,0.0
2024-11-08 14:14:00+09:00,3562.0,3562.0,3561.0,3562.0,5200,0.0,0.0
2024-11-08 14:15:00+09:00,3561.0,3563.0,3561.0,3561.0,32100,0.0,0.0
2024-11-08 14:16:00+09:00,3562.0,3562.0,3560.0,3561.0,18800,0.0,0.0
2024-11-08 14:17:00+09:00,3562.0,3562.0,3562.0,3562.0,8600,0.0,0.0
2024-11-08 14:18:00+09:00,3562.0,3562.0,3561.0,3562.0,3700,0.0,0.0
2024-11-08 14:19:00+09:00,3562.0,3563.0,3561.0,3562.0,27300,0.0,0.0
2024-11-08 14:20:00+09:00,3561.0,3563.0,3561.0,3561.0,13700,0.0,0.0
2024-11-08 14:21:00+09:00,3562.0,3563.0,3562.0,3562.0,2900,0.0,0.0
2024-11-08 14:22:00+09:00,3563.0,3564.0,3562.0,3563.0,26900,0.0,0.0
2024-11-08 14:23:00+09:00,3563.0,3563.0,3562.0,3562.0,19700,0.0,0.0
2024-11-08 14:24:00+09:00,3561.0,3563.0,3561.0,3563.0,9100,0.0,0.0
2024-11-08 14:25:00+09:00,3562.0,3563.0,3562.0,3562.0,12200,0.0,0.0
2024-11-08 14:26:00+09:00,3562.0,3563.0,3561.0,3562.0,15300,0.0,0.0
2024-11-08 14:27:00+09:00,3563.0,3563.0,3561.0,3562.0,20300,0.0,0.0
2024-11-08 14:28:00+09:00,3561.0,3561.0,3560.0,3560.0,36100,0.0,0.0
2024-11-08 14:29:00+09:00,3560.0,3561.0,3558.0,3558.0,29000,0.0,0.0
2024-11-08 14:30:00+09:00,3558.0,3562.0,3558.0,3562.0,34800,0.0,0.0
2024-11-08 14:31:00+09:00,3563.0,3563.0,3561.0,3561.0,7100,0.0,0.0
2024-11-08 14:32:00+09:00,3561.0,3561.0,3560.0,3560.0,18800,0.0,0.0
2024-11-08 14:33:00+09:00,3560.0,3562.0,3560.0,3561.0,11900,0.0,0.0
2024-11-08 14:34:00+09:00,3561.0,3563.0,3561.0,3562.0,27500,0.0,0.0
2024-11-08 14:35:00+09:00,3563.0,3564.0,3562.0,3563.0,24700,0.0,0.0
2024-11-08 14:36:00+09:00,3563.0,3564.0,3562.0,3563.0,12400,0.0,0.0
2024-11-08 14:37:00+09:00,3563.0,3563.0,3561.0,3562.0,30100,0.0,0.0
2024-11-08 14:38:00+09:00,3562.0,3564.0,3561.0,3562.0,28500,0.0,0.0
2024-11-08 14:39:00+09:00,3562.0,3563.0,3562.0,3563.0,21800,0.0,0.0
2024-11-08 14:40:00+09:00,3563.0,3564.0,3563.0,3564.0,600,0.0,0.0
2024-11-08 14:41:00+09:00,3563.0,3564.0,3563.0,3564.0,38900,0.0,0.0
2024-11-08 14:42:00+09:00,3563.0,3565.0,3563.0,3565.0,16700,0.0,0.0
2024-11-08 14:43:00+09:00,3565.0,3565.0,3563.0,3564.0,12600,0.0,0.0
2024-11-08 14:44:00+09:00,3563.0,3567.0,3563.0,3566.0,65500,0.0,0.0
2024-11-08 14:45:00+09:00,3566.0,3567.0,3565.0,3565.0,17200,0.0,0.0
2024-11-08 14:46:00+09:00,3566.0,3566.0,3563.0,3564.0,28500,0.0,0.0
2024-11-08 14:47:00+09:00,3564.0,3564.0,3564.0,3564.0,5600,0.0,0.0
2024-11-08 14:48:00+09:00,3564.0,3564.0,3562.0,3563.0,24000,0.0,0.0
2024-11-08 14:49:00+09:00,3564.0,3565.0,3563.0,3565.0,21500,0.0,0.0
2024-11-08 14:50:00+09:00,3565.0,3566.0,3565.0,3565.0,4100,0.0,0.0
2024-11-08 14:51:00+09:00,3565.0,3565.0,3564.0,3565.0,6400,0.0,0.0
2024-11-08 14:52:00+09:00,3564.0,3565.0,3564.0,3564.0,7400,0.0,0.0
2024-11-08 14:53:00+09:00,3564.0,3565.0,3563.0,3563.0,12400,0.0,0.0
2024-11-08 14:54:00+09:00,3563.0,3564.0,3562.0,3563.0,27700,0.0,0.0
2024-11-08 14:55:00+09:00,3562.0,3563.0,3560.0,3561.0,50900,0.0,0.0
2024-11-08 14:56:00+09:00,3561.0,3562.0,3561.0,3561.0,16400,0.0,0.0
2024-11-08 14:57:00+09:00,3562.0,3562.0,3561.0,3561.0,38300,0.0,0.0
2024-11-08 14:58:00+09:00,3560.0,3561.0,3560.0,3560.0,19800,0.0,0.0
2024-11-08 14:59:00+09:00,3560.0,3560.0,3558.0,3558.0,26600,0.0,0.0
