Datetime,Open,High,Low,Close,Volume,Dividends,Stock Splits
2024-06-03 09:30:00-04:00,14.09000015258789,14.199999809265137,14.074999809265137,14.168100357055664,53072,0.0,0.0
2024-06-03 09:31:00-04:00,14.170000076293945,14.180000305175781,14.109999656677246,14.180000305175781,7166,0.0,0.0
2024-06-03 09:32:00-04:00,14.180000305175781,14.25,14.149999618530273,14.199999809265137,13816,0.0,0.0
2024-06-03 09:33:00-04:00,14.180000305175781,14.260000228881836,14.180000305175781,14.225000381469727,6310,0.0,0.0
2024-06-03 09:34:00-04:00,14.25,14.319999694824219,14.199999809265137,14.319999694824219,6530,0.0,0.0
2024-06-03 09:35:00-04:00,14.34000015258789,14.380000114440918,14.279999732971191,14.279999732971191,6218,0.0,0.0
2024-06-03 09:36:00-04:00,14.270000457763672,14.300000190734863,14.1899995803833,14.1899995803833,3568,0.0,0.0
2024-06-03 09:37:00-04:00,14.170000076293945,14.220000267028809,14.170000076293945,14.220000267028809,4194,0.0,0.0
2024-06-03 09:38:00-04:00,14.225000381469727,14.229999542236328,14.210000038146973,14.229999542236328,1098,0.0,0.0
2024-06-03 09:39:00-04:00,14.229999542236328,14.3100004196167,14.229999542236328,14.270000457763672,11362,0.0,0.0
2024-06-03 09:40:00-04:00,14.270000457763672,14.380000114440918,14.25,14.36050033569336,10046,0.0,0.0
2024-06-03 09:41:00-04:00,14.369999885559082,14.399499893188477,14.329999923706055,14.359999656677246,9778,0.0,0.0
2024-06-03 09:42:00-04:00,14.369999885559082,14.369999885559082,14.239999771118164,14.239999771118164,20176,0.0,0.0
2024-06-03 09:43:00-04:00,14.229999542236328,14.270000457763672,14.204999923706055,14.244999885559082,91443,0.0,0.0
2024-06-03 09:44:00-04:00,14.249300003051758,14.260000228881836,14.19890022277832,14.239999771118164,22876,0.0,0.0
2024-06-03 09:45:00-04:00,14.210000038146973,14.229999542236328,14.180000305175781,14.217300415039062,5730,0.0,0.0
2024-06-03 09:46:00-04:00,14.220000267028809,14.220000267028809,14.175000190734863,14.199999809265137,4772,0.0,0.0
2024-06-03 09:47:00-04:00,14.210000038146973,14.210000038146973,14.154999732971191,14.154999732971191,8735,0.0,0.0
2024-06-03 09:48:00-04:00,14.15999984741211,14.180000305175781,14.154999732971191,14.154999732971191,4379,0.0,0.0
2024-06-03 09:49:00-04:00,14.149999618530273,14.15999984741211,14.119999885559082,14.140000343322754,15752,0.0,0.0
2024-06-03 09:50:00-04:00,14.13949966430664,14.15999984741211,14.130000114440918,14.130000114440918,6940,0.0,0.0
2024-06-03 09:51:00-04:00,14.119999885559082,14.154999732971191,14.109999656677246,14.125,158241,0.0,0.0
2024-06-03 09:52:00-04:00,14.125,14.154999732971191,14.119999885559082,14.125,10556,0.0,0.0
2024-06-03 09:53:00-04:00,14.130000114440918,14.130000114440918,14.085000038146973,14.119999885559082,11680,0.0,0.0
2024-06-03 09:54:00-04:00,14.130000114440918,14.149999618530273,14.114999771118164,14.119999885559082,10190,0.0,0.0
2024-06-03 09:55:00-04:00,14.130000114440918,14.130000114440918,14.114999771118164,14.119999885559082,2726,0.0,0.0
2024-06-03 09:56:00-04:00,14.119500160217285,14.159000396728516,14.119500160217285,14.15250015258789,7035,0.0,0.0
2024-06-03 09:57:00-04:00,14.149999618530273,14.265000343322754,14.140000343322754,14.25,24999,0.0,0.0
2024-06-03 09:58:00-04:00,14.23009967803955,14.234999656677246,14.229999542236328,14.234999656677246,1450,0.0,0.0
2024-06-03 09:59:00-04:00,14.239999771118164,14.289999961853027,14.239999771118164,14.289999961853027,3998,0.0,0.0
2024-06-03 10:00:00-04:00,14.300000190734863,14.390000343322754,14.300000190734863,14.380000114440918,14253,0.0,0.0
2024-06-03 10:01:00-04:00,14.399999618530273,14.399999618530273,14.350099563598633,14.359999656677246,6190,0.0,0.0
2024-06-03 10:02:00-04:00,14.329999923706055,14.329999923706055,14.3100004196167,14.3100004196167,2667,0.0,0.0
2024-06-03 10:03:00-04:00,14.3100004196167,14.343700408935547,14.3100004196167,14.329999923706055,2602,0.0,0.0
2024-06-03 10:04:00-04:00,14.329999923706055,14.329999923706055,14.300000190734863,14.329999923706055,3265,0.0,0.0
2024-06-03 10:05:00-04:00,14.34000015258789,14.390000343322754,14.34000015258789,14.359999656677246,5316,0.0,0.0
2024-06-03 10:06:00-04:00,14.359999656677246,14.390000343322754,14.359999656677246,14.390000343322754,3270,0.0,0.0
2024-06-03 10:07:00-04:00,14.395000457763672,14.4350004196167,14.395000457763672,14.40999984741211,5635,0.0,0.0
2024-06-03 10:08:00-04:00,14.404999732971191,14.407999992370605,14.319999694824219,14.369999885559082,9472,0.0,0.0
2024-06-03 10:09:00-04:00,14.359999656677246,14.40999984741211,14.359999656677246,14.390000343322754,10457,0.0,0.0
2024-06-03 10:10:00-04:00,14.404999732971191,14.404999732971191,14.399999618530273,14.399999618530273,6088,0.0,0.0
2024-06-03 10:11:00-04:00,14.383999824523926,14.430000305175781,14.380000114440918,14.430000305175781,6613,0.0,0.0
2024-06-03 10:12:00-04:00,14.430000305175781,14.444999694824219,14.400099754333496,14.400099754333496,3036,0.0,0.0
2024-06-03 10:13:00-04:00,14.399999618530273,14.40999984741211,14.399999618530273,14.40999984741211,6428,0.0,0.0
2024-06-03 10:14:00-04:00,14.40999984741211,14.4350004196167,14.40999984741211,14.40999984741211,8494,0.0,0.0
2024-06-03 10:15:00-04:00,14.420000076293945,14.420000076293945,14.390000343322754,14.390000343322754,4258,0.0,0.0
2024-06-03 10:16:00-04:00,14.390000343322754,14.399999618530273,14.369999885559082,14.369999885559082,2748,0.0,0.0
2024-06-03 10:17:00-04:00,14.375,14.380000114440918,14.350000381469727,14.37909984588623,5541,0.0,0.0
2024-06-03 10:18:00-04:00,14.335000038146973,14.335000038146973,14.3100004196167,14.3100004196167,1252,0.0,0.0
2024-06-03 10:19:00-04:00,14.3149995803833,14.324999809265137,14.300000190734863,14.324999809265137,5044,0.0,0.0
2024-06-03 10:20:00-04:00,14.329999923706055,14.329999923706055,14.279999732971191,14.289999961853027,2535,0.0,0.0
2024-06-03 10:21:00-04:00,14.279999732971191,14.289999961853027,14.270000457763672,14.270000457763672,2830,0.0,0.0
2024-06-03 10:22:00-04:00,14.265000343322754,14.289999961853027,14.265000343322754,14.289999961853027,5188,0.0,0.0
2024-06-03 10:23:00-04:00,14.289999961853027,14.3100004196167,14.288999557495117,14.3100004196167,3232,0.0,0.0
2024-06-03 10:24:00-04:00,14.319999694824219,14.34000015258789,14.3149995803833,14.3149995803833,3184,0.0,0.0
2024-06-03 10:25:00-04:00,14.3100004196167,14.329999923706055,14.3100004196167,14.329999923706055,1897,0.0,0.0
2024-06-03 10:26:00-04:00,14.329999923706055,14.34000015258789,14.329999923706055,14.34000015258789,3521,0.0,0.0
2024-06-03 10:27:00-04:00,14.350000381469727,14.354999542236328,14.34000015258789,14.350000381469727,2375,0.0,0.0
2024-06-03 10:28:00-04:00,14.350000381469727,14.390000343322754,14.350000381469727,14.390000343322754,3455,0.0,0.0
2024-06-03 10:29:00-04:00,14.380000114440918,14.380000114440918,14.34000015258789,14.350000381469727,2841,0.0,0.0
2024-06-03 10:30:00-04:00,14.34000015258789,14.34000015258789,14.28499984741211,14.28499984741211,2071,0.0,0.0
2024-06-03 10:31:00-04:00,14.289999961853027,14.289999961853027,14.270000457763672,14.289999961853027,2714,0.0,0.0
2024-06-03 10:32:00-04:00,14.300000190734863,14.319999694824219,14.300000190734863,14.3100004196167,2132,0.0,0.0
2024-06-03 10:33:00-04:00,14.3100004196167,14.319999694824219,14.300000190734863,14.319999694824219,3500,0.0,0.0
2024-06-03 10:34:00-04:00,14.3149995803833,14.3149995803833,14.279999732971191,14.289999961853027,2637,0.0,0.0
2024-06-03 10:35:00-04:00,14.295000076293945,14.300000190734863,14.295000076293945,14.300000190734863,1568,0.0,0.0
2024-06-03 10:36:00-04:00,14.300000190734863,14.319999694824219,14.279999732971191,14.279999732971191,3158,0.0,0.0
2024-06-03 10:37:00-04:00,14.28499984741211,14.34000015258789,14.28499984741211,14.335000038146973,4815,0.0,0.0
2024-06-03 10:38:00-04:00,14.329999923706055,14.350000381469727,14.329999923706055,14.34000015258789,3801,0.0,0.0
2024-06-03 10:39:00-04:00,14.34000015258789,14.350000381469727,14.34000015258789,14.350000381469727,3491,0.0,0.0
2024-06-03 10:40:00-04:00,14.359999656677246,14.390000343322754,14.34000015258789,14.34000015258789,11198,0.0,0.0
2024-06-03 10:41:00-04:00,14.329999923706055,14.329999923706055,14.3149995803833,14.319999694824219,6274,0.0,0.0
2024-06-03 10:42:00-04:00,14.329999923706055,14.329999923706055,14.3100004196167,14.319999694824219,2844,0.0,0.0
2024-06-03 10:43:00-04:00,14.329999923706055,14.350000381469727,14.329999923706055,14.350000381469727,3366,0.0,0.0
2024-06-03 10:44:00-04:00,14.359999656677246,14.369999885559082,14.350000381469727,14.369999885559082,6148,0.0,0.0
2024-06-03 10:45:00-04:00,14.364999771118164,14.364999771118164,14.329999923706055,14.329999923706055,2560,0.0,0.0
2024-06-03 10:46:00-04:00,14.330100059509277,14.369999885559082,14.300000190734863,14.305000305175781,8373,0.0,0.0
2024-06-03 10:47:00-04:00,14.300000190734863,14.300000190734863,14.25,14.25,3034,0.0,0.0
2024-06-03 10:48:00-04:00,14.239999771118164,14.260000228881836,14.220000267028809,14.260000228881836,11000,0.0,0.0
2024-06-03 10:49:00-04:00,14.259099960327148,14.259099960327148,14.25,14.25,3105,0.0,0.0
2024-06-03 10:50:00-04:00,14.260000228881836,14.270000457763672,14.25,14.25,6256,0.0,0.0
2024-06-03 10:51:00-04:00,14.25,14.350000381469727,14.25,14.350000381469727,15754,0.0,0.0
2024-06-03 10:52:00-04:00,14.350000381469727,14.350000381469727,14.3100004196167,14.3100004196167,2332,0.0,0.0
2024-06-03 10:53:00-04:00,14.319999694824219,14.319999694824219,14.289999961853027,14.295000076293945,6172,0.0,0.0
2024-06-03 10:54:00-04:00,14.295000076293945,14.300000190734863,14.270000457763672,14.279999732971191,7271,0.0,0.0
2024-06-03 10:55:00-04:00,14.270000457763672,14.270000457763672,14.225000381469727,14.229999542236328,6301,0.0,0.0
2024-06-03 10:56:00-04:00,14.229999542236328,14.25,14.225000381469727,14.25,4877,0.0,0.0
2024-06-03 10:57:00-04:00,14.239999771118164,14.270000457763672,14.239999771118164,14.270000457763672,5407,0.0,0.0
2024-06-03 10:58:00-04:00,14.279999732971191,14.289999961853027,14.279999732971191,14.28499984741211,1842,0.0,0.0
2024-06-03 10:59:00-04:00,14.289999961853027,14.300000190734863,14.289999961853027,14.300000190734863,2427,0.0,0.0
2024-06-03 11:00:00-04:00,14.305000305175781,14.319999694824219,14.289999961853027,14.289999961853027,5290,0.0,0.0
2024-06-03 11:01:00-04:00,14.289999961853027,14.300000190734863,14.289999961853027,14.289999961853027,4061,0.0,0.0
2024-06-03 11:02:00-04:00,14.279999732971191,14.279999732971191,14.25,14.270000457763672,4845,0.0,0.0
2024-06-03 11:03:00-04:00,14.260000228881836,14.260000228881836,14.25,14.260000228881836,2102,0.0,0.0
2024-06-03 11:04:00-04:00,14.270000457763672,14.270000457763672,14.199999809265137,14.239999771118164,26818,0.0,0.0
2024-06-03 11:05:00-04:00,14.239999771118164,14.239999771118164,14.199999809265137,14.210000038146973,10367,0.0,0.0
2024-06-03 11:06:00-04:00,14.20740032196045,14.255000114440918,14.20740032196045,14.255000114440918,6768,0.0,0.0
2024-06-03 11:07:00-04:00,14.255000114440918,14.270000457763672,14.25,14.265000343322754,7568,0.0,0.0
2024-06-03 11:08:00-04:00,14.255000114440918,14.260000228881836,14.25,14.260000228881836,2911,0.0,0.0
2024-06-03 11:09:00-04:00,14.255000114440918,14.270000457763672,14.255000114440918,14.270000457763672,3773,0.0,0.0
2024-06-03 11:10:00-04:00,14.260000228881836,14.289999961853027,14.260000228881836,14.270000457763672,4717,0.0,0.0
2024-06-03 11:11:00-04:00,14.279999732971191,14.28499984741211,14.270000457763672,14.279999732971191,1009,0.0,0.0
2024-06-03 11:12:00-04:00,14.279999732971191,14.279999732971191,14.270000457763672,14.279999732971191,2264,0.0,0.0
2024-06-03 11:13:00-04:00,14.270000457763672,14.300000190734863,14.270000457763672,14.270000457763672,8746,0.0,0.0
2024-06-03 11:14:00-04:00,14.270000457763672,14.270000457763672,14.239999771118164,14.239999771118164,2007,0.0,0.0
2024-06-03 11:15:00-04:00,14.239999771118164,14.239999771118164,14.229999542236328,14.229999542236328,3623,0.0,0.0
2024-06-03 11:16:00-04:00,14.234999656677246,14.234999656677246,14.21500015258789,14.220000267028809,7741,0.0,0.0
2024-06-03 11:17:00-04:00,14.220000267028809,14.220000267028809,14.210000038146973,14.210000038146973,3686,0.0,0.0
2024-06-03 11:18:00-04:00,14.199999809265137,14.199999809265137,14.1899995803833,14.1899995803833,4424,0.0,0.0
2024-06-03 11:19:00-04:00,14.1899995803833,14.199999809265137,14.15999984741211,14.15999984741211,4121,0.0,0.0
2024-06-03 11:20:00-04:00,14.154999732971191,14.180000305175781,14.154999732971191,14.170000076293945,14476,0.0,0.0
2024-06-03 11:21:00-04:00,14.170000076293945,14.210000038146973,14.164999961853027,14.170000076293945,6090,0.0,0.0
2024-06-03 11:22:00-04:00,14.149999618530273,14.149999618530273,14.135000228881836,14.13659954071045,1397,0.0,0.0
2024-06-03 11:23:00-04:00,14.140000343322754,14.140000343322754,14.109999656677246,14.129300117492676,7120,0.0,0.0
2024-06-03 11:24:00-04:00,14.129400253295898,14.129400253295898,14.114999771118164,14.125,3870,0.0,0.0
2024-06-03 11:25:00-04:00,14.127699851989746,14.180000305175781,14.127699851989746,14.180000305175781,3984,0.0,0.0
2024-06-03 11:26:00-04:00,14.164999961853027,14.1850004196167,14.135000228881836,14.1850004196167,5807,0.0,0.0
2024-06-03 11:27:00-04:00,14.1850004196167,14.194999694824219,14.180000305175781,14.1899995803833,2864,0.0,0.0
2024-06-03 11:28:00-04:00,14.1899995803833,14.1899995803833,14.1899995803833,14.1899995803833,912,0.0,0.0
2024-06-03 11:29:00-04:00,14.210000038146973,14.25,14.210000038146973,14.239999771118164,3285,0.0,0.0
2024-06-03 11:30:00-04:00,14.234999656677246,14.25,14.229999542236328,14.239999771118164,5745,0.0,0.0
2024-06-03 11:31:00-04:00,14.234999656677246,14.239999771118164,14.229999542236328,14.234999656677246,1247,0.0,0.0
2024-06-03 11:32:00-04:00,14.229999542236328,14.229999542236328,14.1899995803833,14.210000038146973,10683,0.0,0.0
2024-06-03 11:33:00-04:00,14.204999923706055,14.204999923706055,14.1899995803833,14.1899995803833,824,0.0,0.0
2024-06-03 11:34:00-04:00,14.1899995803833,14.234999656677246,14.1899995803833,14.23390007019043,3484,0.0,0.0
2024-06-03 11:35:00-04:00,14.270000457763672,14.300000190734863,14.270000457763672,14.300000190734863,8482,0.0,0.0
2024-06-03 11:36:00-04:00,14.300000190734863,14.369999885559082,14.300000190734863,14.329999923706055,16884,0.0,0.0
2024-06-03 11:37:00-04:00,14.329999923706055,14.329999923706055,14.300000190734863,14.300100326538086,10183,0.0,0.0
2024-06-03 11:38:00-04:00,14.305000305175781,14.3100004196167,14.295000076293945,14.3100004196167,3549,0.0,0.0
2024-06-03 11:39:00-04:00,14.329999923706055,14.329999923706055,14.289999961853027,14.289999961853027,1863,0.0,0.0
2024-06-03 11:40:00-04:00,14.289999961853027,14.300000190734863,14.289999961853027,14.300000190734863,1930,0.0,0.0
2024-06-03 11:41:00-04:00,14.289999961853027,14.305000305175781,14.279999732971191,14.305000305175781,2496,0.0,0.0
2024-06-03 11:42:00-04:00,14.319999694824219,14.34000015258789,14.319999694824219,14.324999809265137,4003,0.0,0.0
2024-06-03 11:43:00-04:00,14.324999809265137,14.329999923706055,14.324999809265137,14.329999923706055,3844,0.0,0.0
2024-06-03 11:44:00-04:00,14.319999694824219,14.329999923706055,14.319999694824219,14.329999923706055,2293,0.0,0.0
2024-06-03 11:45:00-04:00,14.34000015258789,14.390000343322754,14.34000015258789,14.369999885559082,5302,0.0,0.0
2024-06-03 11:46:00-04:00,14.359999656677246,14.369999885559082,14.354999542236328,14.359999656677246,8517,0.0,0.0
2024-06-03 11:47:00-04:00,14.34000015258789,14.359999656677246,14.34000015258789,14.359999656677246,3237,0.0,0.0
2024-06-03 11:48:00-04:00,14.354999542236328,14.359999656677246,14.354999542236328,14.359999656677246,1768,0.0,0.0
2024-06-03 11:49:00-04:00,14.354999542236328,14.359999656677246,14.350000381469727,14.350000381469727,2162,0.0,0.0
2024-06-03 11:50:00-04:00,14.350000381469727,14.380000114440918,14.350000381469727,14.380000114440918,2712,0.0,0.0
2024-06-03 11:51:00-04:00,14.380000114440918,14.380000114440918,14.359999656677246,14.369999885559082,4613,0.0,0.0
2024-06-03 11:52:00-04:00,14.375,14.399999618530273,14.375,14.399999618530273,5663,0.0,0.0
2024-06-03 11:53:00-04:00,14.40999984741211,14.40999984741211,14.390000343322754,14.399999618530273,3544,0.0,0.0
2024-06-03 11:54:00-04:00,14.399999618530273,14.420000076293945,14.399999618530273,14.414999961853027,4687,0.0,0.0
2024-06-03 11:55:00-04:00,14.414999961853027,14.430000305175781,14.414999961853027,14.430000305175781,36523,0.0,0.0
2024-06-03 11:56:00-04:00,14.420000076293945,14.4350004196167,14.40999984741211,14.4350004196167,4697,0.0,0.0
2024-06-03 11:57:00-04:00,14.4350004196167,14.4350004196167,14.420000076293945,14.430000305175781,3401,0.0,0.0
2024-06-03 11:58:00-04:00,14.40999984741211,14.40999984741211,14.399999618530273,14.399999618530273,2913,0.0,0.0
2024-06-03 11:59:00-04:00,14.395000457763672,14.40999984741211,14.350000381469727,14.350000381469727,7868,0.0,0.0
2024-06-03 12:00:00-04:00,14.354999542236328,14.430000305175781,14.354999542236328,14.420000076293945,4424,0.0,0.0
2024-06-03 12:01:00-04:00,14.420000076293945,14.420000076293945,14.390000343322754,14.40999984741211,9281,0.0,0.0
2024-06-03 12:02:00-04:00,14.399999618530273,14.420000076293945,14.378499984741211,14.380000114440918,5584,0.0,0.0
2024-06-03 12:03:00-04:00,14.380000114440918,14.380000114440918,14.380000114440918,14.380000114440918,930,0.0,0.0
2024-06-03 12:04:00-04:00,14.390000343322754,14.414999961853027,14.390000343322754,14.414999961853027,1731,0.0,0.0
2024-06-03 12:05:00-04:00,14.414999961853027,14.420000076293945,14.40999984741211,14.420000076293945,3256,0.0,0.0
2024-06-03 12:06:00-04:00,14.40999984741211,14.40999984741211,14.354999542236328,14.359999656677246,10260,0.0,0.0
2024-06-03 12:07:00-04:00,14.350000381469727,14.359999656677246,14.335000038146973,14.34000015258789,14206,0.0,0.0
2024-06-03 12:08:00-04:00,14.34000015258789,14.34000015258789,14.324999809265137,14.324999809265137,1573,0.0,0.0
2024-06-03 12:09:00-04:00,14.319999694824219,14.324999809265137,14.289999961853027,14.289999961853027,9343,0.0,0.0
2024-06-03 12:10:00-04:00,14.300000190734863,14.329999923706055,14.300000190734863,14.329099655151367,5143,0.0,0.0
2024-06-03 12:12:00-04:00,14.324999809265137,14.329999923706055,14.255000114440918,14.255000114440918,12510,0.0,0.0
2024-06-03 12:13:00-04:00,14.260000228881836,14.260000228881836,14.229999542236328,14.25,3995,0.0,0.0
2024-06-03 12:14:00-04:00,14.25,14.270000457763672,14.24899959564209,14.25,3870,0.0,0.0
2024-06-03 12:15:00-04:00,14.260000228881836,14.260000228881836,14.234999656677246,14.239999771118164,5638,0.0,0.0
2024-06-03 12:16:00-04:00,14.239999771118164,14.260000228881836,14.234999656677246,14.258999824523926,6669,0.0,0.0
2024-06-03 12:17:00-04:00,14.25,14.25,14.1899995803833,14.21500015258789,17075,0.0,0.0
2024-06-03 12:18:00-04:00,14.220000267028809,14.244999885559082,14.220000267028809,14.239999771118164,2528,0.0,0.0
2024-06-03 12:19:00-04:00,14.238800048828125,14.238800048828125,14.229999542236328,14.229999542236328,1260,0.0,0.0
2024-06-03 12:20:00-04:00,14.234999656677246,14.260000228881836,14.234999656677246,14.260000228881836,4358,0.0,0.0
2024-06-03 12:21:00-04:00,14.239999771118164,14.239999771118164,14.239999771118164,14.239999771118164,814,0.0,0.0
2024-06-03 12:22:00-04:00,14.229999542236328,14.229999542236328,14.1899995803833,14.194999694824219,4727,0.0,0.0
2024-06-03 12:23:00-04:00,14.1899995803833,14.199999809265137,14.1850004196167,14.199000358581543,4935,0.0,0.0
2024-06-03 12:24:00-04:00,14.199999809265137,14.210000038146973,14.199999809265137,14.199999809265137,1804,0.0,0.0
2024-06-03 12:25:00-04:00,14.194999694824219,14.220000267028809,14.194999694824219,14.210000038146973,4985,0.0,0.0
2024-06-03 12:26:00-04:00,14.20989990234375,14.20989990234375,14.199999809265137,14.199999809265137,1632,0.0,0.0
2024-06-03 12:27:00-04:00,14.199999809265137,14.220000267028809,14.199999809265137,14.21500015258789,2131,0.0,0.0
2024-06-03 12:28:00-04:00,14.21500015258789,14.21500015258789,14.199999809265137,14.199999809265137,1195,0.0,0.0
2024-06-03 12:29:00-04:00,14.204999923706055,14.210000038146973,14.199999809265137,14.199999809265137,2578,0.0,0.0
2024-06-03 12:30:00-04:00,14.199999809265137,14.199999809265137,14.1850004196167,14.199999809265137,6472,0.0,0.0
2024-06-03 12:31:00-04:00,14.199999809265137,14.199999809265137,14.164999961853027,14.164999961853027,1164,0.0,0.0
2024-06-03 12:32:00-04:00,14.15999984741211,14.15999984741211,14.140000343322754,14.140000343322754,1215,0.0,0.0
2024-06-03 12:33:00-04:00,14.140000343322754,14.140000343322754,14.079999923706055,14.079999923706055,4063,0.0,0.0
2024-06-03 12:34:00-04:00,14.09000015258789,14.09000015258789,14.039999961853027,14.050000190734863,21259,0.0,0.0
2024-06-03 12:35:00-04:00,14.050000190734863,14.069999694824219,14.039999961853027,14.069999694824219,4789,0.0,0.0
2024-06-03 12:36:00-04:00,14.069999694824219,14.114999771118164,14.069999694824219,14.109999656677246,3281,0.0,0.0
2024-06-03 12:37:00-04:00,14.100000381469727,14.130000114440918,14.095000267028809,14.130000114440918,3171,0.0,0.0
2024-06-03 12:38:00-04:00,14.140000343322754,14.140000343322754,14.140000343322754,14.140000343322754,1188,0.0,0.0
2024-06-03 12:39:00-04:00,14.149999618530273,14.170000076293945,14.149999618530273,14.15999984741211,4437,0.0,0.0
2024-06-03 12:41:00-04:00,14.149999618530273,14.149999618530273,14.145000457763672,14.149999618530273,3719,0.0,0.0
2024-06-03 12:42:00-04:00,14.149999618530273,14.15999984741211,14.125,14.130000114440918,14882,0.0,0.0
2024-06-03 12:43:00-04:00,14.109999656677246,14.119999885559082,14.10949993133545,14.10949993133545,1433,0.0,0.0
2024-06-03 12:44:00-04:00,14.109999656677246,14.109999656677246,14.10990047454834,14.10990047454834,1041,0.0,0.0
2024-06-03 12:45:00-04:00,14.104999542236328,14.109999656677246,14.09000015258789,14.109399795532227,4186,0.0,0.0
2024-06-03 12:46:00-04:00,14.100000381469727,14.119999885559082,14.100000381469727,14.119999885559082,1335,0.0,0.0
2024-06-03 12:47:00-04:00,14.109999656677246,14.130000114440918,14.109999656677246,14.119999885559082,2368,0.0,0.0
2024-06-03 12:48:00-04:00,14.125,14.149999618530273,14.125,14.149999618530273,2591,0.0,0.0
2024-06-03 12:49:00-04:00,14.140000343322754,14.149999618530273,14.140000343322754,14.149999618530273,2243,0.0,0.0
2024-06-03 12:50:00-04:00,14.140000343322754,14.145000457763672,14.130000114440918,14.130000114440918,3941,0.0,0.0
2024-06-03 12:51:00-04:00,14.100000381469727,14.109999656677246,14.100000381469727,14.104999542236328,744,0.0,0.0
2024-06-03 12:52:00-04:00,14.109999656677246,14.114999771118164,14.100000381469727,14.100000381469727,1419,0.0,0.0
2024-06-03 12:53:00-04:00,14.104999542236328,14.119999885559082,14.104999542236328,14.119999885559082,4409,0.0,0.0
2024-06-03 12:54:00-04:00,14.130000114440918,14.140000343322754,14.125,14.140000343322754,2585,0.0,0.0
2024-06-03 12:55:00-04:00,14.119999885559082,14.119999885559082,14.100000381469727,14.114999771118164,3418,0.0,0.0
2024-06-03 12:56:00-04:00,14.119999885559082,14.140000343322754,14.100000381469727,14.100000381469727,16013,0.0,0.0
2024-06-03 12:57:00-04:00,14.109100341796875,14.109100341796875,14.069999694824219,14.069999694824219,2978,0.0,0.0
2024-06-03 12:58:00-04:00,14.079999923706055,14.079999923706055,14.079400062561035,14.079400062561035,1459,0.0,0.0
2024-06-03 12:59:00-04:00,14.074999809265137,14.114999771118164,14.074999809265137,14.114999771118164,7504,0.0,0.0
2024-06-03 13:00:00-04:00,14.104999542236328,14.119999885559082,14.085000038146973,14.119999885559082,3825,0.0,0.0
2024-06-03 13:01:00-04:00,14.109999656677246,14.109999656677246,14.069999694824219,14.085000038146973,2908,0.0,0.0
2024-06-03 13:02:00-04:00,14.085000038146973,14.095000267028809,14.049300193786621,14.049300193786621,3277,0.0,0.0
2024-06-03 13:03:00-04:00,14.039999961853027,14.039999961853027,14.03499984741211,14.03499984741211,875,0.0,0.0
2024-06-03 13:04:00-04:00,14.03499984741211,14.03499984741211,13.994999885559082,14.009300231933594,5287,0.0,0.0
2024-06-03 13:05:00-04:00,14.010000228881836,14.050000190734863,14.005000114440918,14.039999961853027,8930,0.0,0.0
2024-06-03 13:06:00-04:00,14.039999961853027,14.045000076293945,13.994999885559082,14.029999732971191,33720,0.0,0.0
2024-06-03 13:07:00-04:00,14.03499984741211,14.039999961853027,14.020000457763672,14.039899826049805,3968,0.0,0.0
2024-06-03 13:08:00-04:00,14.03499984741211,14.03499984741211,14.029999732971191,14.029999732971191,1034,0.0,0.0
2024-06-03 13:09:00-04:00,14.020000457763672,14.020000457763672,13.994999885559082,14.0,2511,0.0,0.0
2024-06-03 13:10:00-04:00,14.005000114440918,14.010000228881836,13.989999771118164,14.010000228881836,13634,0.0,0.0
2024-06-03 13:11:00-04:00,14.015000343322754,14.015000343322754,13.960000038146973,13.970000267028809,27341,0.0,0.0
2024-06-03 13:12:00-04:00,13.96500015258789,13.970000267028809,13.96500015258789,13.970000267028809,321,0.0,0.0
2024-06-03 13:13:00-04:00,13.96500015258789,13.970000267028809,13.954999923706055,13.954999923706055,18210,0.0,0.0
2024-06-03 13:14:00-04:00,13.954999923706055,13.979999542236328,13.949999809265137,13.949999809265137,23166,0.0,0.0
2024-06-03 13:15:00-04:00,13.944999694824219,13.944999694824219,13.944999694824219,13.944999694824219,200,0.0,0.0
2024-06-03 13:16:00-04:00,13.9399995803833,13.960000038146973,13.930000305175781,13.9350004196167,9869,0.0,0.0
2024-06-03 13:17:00-04:00,13.9350004196167,13.994999885559082,13.9350004196167,13.975000381469727,14398,0.0,0.0
2024-06-03 13:18:00-04:00,13.975000381469727,13.979999542236328,13.954999923706055,13.960000038146973,7174,0.0,0.0
2024-06-03 13:20:00-04:00,13.949999809265137,13.960000038146973,13.944999694824219,13.944999694824219,13470,0.0,0.0
2024-06-03 13:21:00-04:00,13.944999694824219,13.970000267028809,13.9399995803833,13.970000267028809,6952,0.0,0.0
2024-06-03 13:22:00-04:00,13.949999809265137,13.949999809265137,13.944999694824219,13.949999809265137,1226,0.0,0.0
2024-06-03 13:23:00-04:00,13.944999694824219,13.949899673461914,13.880000114440918,13.885000228881836,9492,0.0,0.0
2024-06-03 13:24:00-04:00,13.885000228881836,13.90999984741211,13.869999885559082,13.885000228881836,8084,0.0,0.0
2024-06-03 13:25:00-04:00,13.880000114440918,13.880000114440918,13.850000381469727,13.850000381469727,3694,0.0,0.0
2024-06-03 13:26:00-04:00,13.850000381469727,13.869999885559082,13.829999923706055,13.859999656677246,8236,0.0,0.0
2024-06-03 13:27:00-04:00,13.85990047454834,13.859999656677246,13.829999923706055,13.859999656677246,8564,0.0,0.0
2024-06-03 13:28:00-04:00,13.854999542236328,13.899999618530273,13.854999542236328,13.890000343322754,8340,0.0,0.0
2024-06-03 13:29:00-04:00,13.880000114440918,13.925000190734863,13.880000114440918,13.925000190734863,4408,0.0,0.0
2024-06-03 13:30:00-04:00,13.925000190734863,13.930000305175781,13.925000190734863,13.930000305175781,1651,0.0,0.0
2024-06-03 13:31:00-04:00,13.9350004196167,13.970000267028809,13.9350004196167,13.96500015258789,1625,0.0,0.0
2024-06-03 13:32:00-04:00,13.979999542236328,14.020000457763672,13.979999542236328,14.020000457763672,4976,0.0,0.0
2024-06-03 13:33:00-04:00,14.010000228881836,14.029999732971191,14.010000228881836,14.029800415039062,2450,0.0,0.0
2024-06-03 13:34:00-04:00,14.020000457763672,14.020000457763672,14.010000228881836,14.010000228881836,2309,0.0,0.0
2024-06-03 13:35:00-04:00,14.0,14.0,13.970000267028809,13.979999542236328,9194,0.0,0.0
2024-06-03 13:36:00-04:00,13.970000267028809,13.970000267028809,13.944999694824219,13.944999694824219,6417,0.0,0.0
2024-06-03 13:37:00-04:00,13.960000038146973,13.96500015258789,13.954999923706055,13.96500015258789,3008,0.0,0.0
2024-06-03 13:38:00-04:00,13.970000267028809,13.970000267028809,13.949999809265137,13.954999923706055,3522,0.0,0.0
2024-06-03 13:39:00-04:00,13.960000038146973,13.975000381469727,13.960000038146973,13.975000381469727,1643,0.0,0.0
2024-06-03 13:40:00-04:00,13.975000381469727,13.989999771118164,13.970000267028809,13.970000267028809,3135,0.0,0.0
2024-06-03 13:41:00-04:00,13.960000038146973,13.960000038146973,13.9350004196167,13.9399995803833,4057,0.0,0.0
2024-06-03 13:42:00-04:00,13.949999809265137,13.949999809265137,13.9350004196167,13.9399995803833,3906,0.0,0.0
2024-06-03 13:43:00-04:00,13.9350004196167,13.9399995803833,13.932900428771973,13.9350004196167,5819,0.0,0.0
2024-06-03 13:44:00-04:00,13.930000305175781,13.9350004196167,13.925000190734863,13.9350004196167,4612,0.0,0.0
2024-06-03 13:45:00-04:00,13.9350004196167,13.944999694824219,13.9350004196167,13.944999694824219,4392,0.0,0.0
2024-06-03 13:46:00-04:00,13.944999694824219,13.947500228881836,13.944999694824219,13.944999694824219,905,0.0,0.0
2024-06-03 13:47:00-04:00,13.9399995803833,13.944999694824219,13.9399995803833,13.944999694824219,3416,0.0,0.0
2024-06-03 13:48:00-04:00,13.9399995803833,13.949999809265137,13.925000190734863,13.925000190734863,7897,0.0,0.0
2024-06-03 13:49:00-04:00,13.925000190734863,13.930000305175781,13.925000190734863,13.925000190734863,1541,0.0,0.0
2024-06-03 13:50:00-04:00,13.9350004196167,13.9399995803833,13.914999961853027,13.920000076293945,6249,0.0,0.0
2024-06-03 13:51:00-04:00,13.920000076293945,13.944999694824219,13.920000076293945,13.930000305175781,4872,0.0,0.0
2024-06-03 13:52:00-04:00,13.9399995803833,13.9399995803833,13.930000305175781,13.9350004196167,1951,0.0,0.0
2024-06-03 13:53:00-04:00,13.930000305175781,13.9399995803833,13.920000076293945,13.930000305175781,5004,0.0,0.0
2024-06-03 13:54:00-04:00,13.920000076293945,13.920000076293945,13.920000076293945,13.920000076293945,643,0.0,0.0
2024-06-03 13:55:00-04:00,13.90999984741211,13.914999961853027,13.895000457763672,13.90999984741211,8199,0.0,0.0
2024-06-03 13:56:00-04:00,13.90999984741211,13.914999961853027,13.895000457763672,13.895000457763672,4090,0.0,0.0
2024-06-03 13:57:00-04:00,13.899999618530273,13.90999984741211,13.899999618530273,13.90999984741211,2268,0.0,0.0
2024-06-03 13:58:00-04:00,13.90999984741211,13.90999984741211,13.885000228881836,13.899999618530273,3713,0.0,0.0
2024-06-03 13:59:00-04:00,13.899999618530273,13.90999984741211,13.895000457763672,13.90999984741211,2960,0.0,0.0
2024-06-03 14:00:00-04:00,13.90999984741211,13.9399995803833,13.90999984741211,13.9399995803833,3222,0.0,0.0
2024-06-03 14:01:00-04:00,13.9350004196167,13.9350004196167,13.920000076293945,13.925000190734863,3075,0.0,0.0
2024-06-03 14:02:00-04:00,13.925000190734863,13.925000190734863,13.885000228881836,13.890000343322754,4051,0.0,0.0
2024-06-03 14:03:00-04:00,13.890000343322754,13.904999732971191,13.890000343322754,13.904999732971191,2519,0.0,0.0
2024-06-03 14:04:00-04:00,13.904999732971191,13.920000076293945,13.904999732971191,13.90999984741211,5517,0.0,0.0
2024-06-03 14:05:00-04:00,13.90999984741211,13.90999984741211,13.869999885559082,13.869999885559082,4550,0.0,0.0
2024-06-03 14:06:00-04:00,13.875,13.880000114440918,13.869999885559082,13.869999885559082,3164,0.0,0.0
2024-06-03 14:07:00-04:00,13.880000114440918,13.895000457763672,13.880000114440918,13.890000343322754,3607,0.0,0.0
2024-06-03 14:08:00-04:00,13.895000457763672,13.920000076293945,13.895000457763672,13.914999961853027,11659,0.0,0.0
2024-06-03 14:09:00-04:00,13.90999984741211,13.90999984741211,13.899999618530273,13.899999618530273,1983,0.0,0.0
2024-06-03 14:10:00-04:00,13.904999732971191,13.904999732971191,13.890000343322754,13.890000343322754,3941,0.0,0.0
2024-06-03 14:11:00-04:00,13.890000343322754,13.9350004196167,13.885000228881836,13.930000305175781,7903,0.0,0.0
2024-06-03 14:12:00-04:00,13.914999961853027,13.925000190734863,13.914999961853027,13.925000190734863,1135,0.0,0.0
2024-06-03 14:13:00-04:00,13.920000076293945,13.920000076293945,13.890000343322754,13.895000457763672,8263,0.0,0.0
2024-06-03 14:14:00-04:00,13.899999618530273,13.9399995803833,13.895000457763672,13.899999618530273,12390,0.0,0.0
2024-06-03 14:15:00-04:00,13.90999984741211,13.90999984741211,13.899999618530273,13.899999618530273,999,0.0,0.0
2024-06-03 14:16:00-04:00,13.90999984741211,13.90999984741211,13.90999984741211,13.90999984741211,475,0.0,0.0
2024-06-03 14:17:00-04:00,13.90999984741211,13.930000305175781,13.904999732971191,13.904999732971191,4566,0.0,0.0
2024-06-03 14:18:00-04:00,13.904999732971191,13.908900260925293,13.904999732971191,13.908900260925293,2187,0.0,0.0
2024-06-03 14:19:00-04:00,13.908900260925293,13.9399995803833,13.908900260925293,13.9399995803833,1727,0.0,0.0
2024-06-03 14:20:00-04:00,13.9399995803833,13.9399995803833,13.930000305175781,13.9350004196167,2190,0.0,0.0
2024-06-03 14:21:00-04:00,13.949999809265137,13.989999771118164,13.949999809265137,13.989999771118164,7488,0.0,0.0
2024-06-03 14:22:00-04:00,13.994999885559082,14.005000114440918,13.989999771118164,14.005000114440918,5226,0.0,0.0
2024-06-03 14:23:00-04:00,14.0,14.0,13.979999542236328,13.984999656677246,5852,0.0,0.0
2024-06-03 14:24:00-04:00,13.979999542236328,13.979999542236328,13.96500015258789,13.970000267028809,2946,0.0,0.0
2024-06-03 14:25:00-04:00,13.970000267028809,13.979999542236328,13.970000267028809,13.979999542236328,978,0.0,0.0
2024-06-03 14:26:00-04:00,13.979999542236328,13.989999771118164,13.979999542236328,13.979999542236328,2735,0.0,0.0
2024-06-03 14:27:00-04:00,13.979999542236328,13.979999542236328,13.9399995803833,13.960000038146973,36614,0.0,0.0
2024-06-03 14:28:00-04:00,13.979999542236328,13.994999885559082,13.970100402832031,13.970100402832031,4712,0.0,0.0
2024-06-03 14:29:00-04:00,13.979999542236328,13.984999656677246,13.975000381469727,13.984999656677246,1182,0.0,0.0
2024-06-03 14:30:00-04:00,13.989999771118164,14.020000457763672,13.989999771118164,14.020000457763672,1991,0.0,0.0
2024-06-03 14:31:00-04:00,14.020000457763672,14.029999732971191,14.015000343322754,14.024999618530273,8426,0.0,0.0
2024-06-03 14:32:00-04:00,14.029999732971191,14.039999961853027,14.020000457763672,14.029999732971191,4520,0.0,0.0
2024-06-03 14:33:00-04:00,14.039999961853027,14.050000190734863,14.039999961853027,14.050000190734863,1931,0.0,0.0
2024-06-03 14:34:00-04:00,14.045000076293945,14.069999694824219,14.045000076293945,14.069999694824219,3881,0.0,0.0
2024-06-03 14:35:00-04:00,14.0649995803833,14.0649995803833,14.03499984741211,14.039999961853027,4456,0.0,0.0
2024-06-03 14:36:00-04:00,14.039999961853027,14.050000190734863,14.039999961853027,14.049699783325195,669,0.0,0.0
2024-06-03 14:37:00-04:00,14.039999961853027,14.050000190734863,14.03499984741211,14.050000190734863,3166,0.0,0.0
2024-06-03 14:38:00-04:00,14.039999961853027,14.050000190734863,14.029999732971191,14.050000190734863,3955,0.0,0.0
2024-06-03 14:39:00-04:00,14.045000076293945,14.045000076293945,14.039999961853027,14.039999961853027,664,0.0,0.0
2024-06-03 14:40:00-04:00,14.039999961853027,14.045000076293945,14.03499984741211,14.039999961853027,2972,0.0,0.0
2024-06-03 14:41:00-04:00,14.03499984741211,14.055000305175781,14.03499984741211,14.045000076293945,4678,0.0,0.0
2024-06-03 14:42:00-04:00,14.050000190734863,14.058799743652344,14.050000190734863,14.050000190734863,2503,0.0,0.0
2024-06-03 14:43:00-04:00,14.029999732971191,14.029999732971191,14.005000114440918,14.005000114440918,2421,0.0,0.0
2024-06-03 14:44:00-04:00,14.020000457763672,14.050000190734863,14.015000343322754,14.03499984741211,30660,0.0,0.0
2024-06-03 14:45:00-04:00,13.984999656677246,14.029999732971191,13.984999656677246,14.029999732971191,6571,0.0,0.0
2024-06-03 14:46:00-04:00,14.029999732971191,14.029999732971191,14.020000457763672,14.024999618530273,2512,0.0,0.0
2024-06-03 14:47:00-04:00,14.010000228881836,14.010000228881836,14.0,14.0,2335,0.0,0.0
2024-06-03 14:48:00-04:00,13.989999771118164,14.010000228881836,13.989999771118164,14.008000373840332,1887,0.0,0.0
2024-06-03 14:49:00-04:00,14.010000228881836,14.015000343322754,14.0,14.015000343322754,5443,0.0,0.0
2024-06-03 14:50:00-04:00,14.005000114440918,14.005000114440918,13.989999771118164,14.0,3715,0.0,0.0
2024-06-03 14:51:00-04:00,14.010000228881836,14.015000343322754,14.005000114440918,14.005000114440918,1599,0.0,0.0
2024-06-03 14:52:00-04:00,14.020000457763672,14.024999618530273,14.020000457763672,14.020000457763672,3123,0.0,0.0
2024-06-03 14:53:00-04:00,14.015000343322754,14.020000457763672,13.994999885559082,13.994999885559082,1846,0.0,0.0
2024-06-03 14:54:00-04:00,13.994999885559082,13.999899864196777,13.989999771118164,13.992500305175781,4040,0.0,0.0
2024-06-03 14:55:00-04:00,13.994999885559082,14.010000228881836,13.989999771118164,14.010000228881836,11942,0.0,0.0
2024-06-03 14:56:00-04:00,14.010000228881836,14.010000228881836,14.0,14.0,4213,0.0,0.0
2024-06-03 14:57:00-04:00,14.0,14.0,13.970000267028809,13.984999656677246,9284,0.0,0.0
2024-06-03 14:58:00-04:00,13.979999542236328,14.010000228881836,13.979999542236328,14.010000228881836,3743,0.0,0.0
2024-06-03 14:59:00-04:00,14.010000228881836,14.020000457763672,14.010000228881836,14.010000228881836,5470,0.0,0.0
2024-06-03 15:00:00-04:00,14.010000228881836,14.010000228881836,13.984999656677246,13.989999771118164,4110,0.0,0.0
2024-06-03 15:01:00-04:00,13.994999885559082,14.010000228881836,13.994999885559082,14.010000228881836,3435,0.0,0.0
2024-06-03 15:02:00-04:00,14.010000228881836,14.010000228881836,14.010000228881836,14.010000228881836,1082,0.0,0.0
2024-06-03 15:03:00-04:00,14.005000114440918,14.005000114440918,14.0,14.0,1425,0.0,0.0
2024-06-03 15:05:00-04:00,13.989999771118164,13.9975004196167,13.954999923706055,13.96500015258789,6381,0.0,0.0
2024-06-03 15:06:00-04:00,13.960000038146973,13.970000267028809,13.944999694824219,13.970000267028809,24070,0.0,0.0
2024-06-03 15:07:00-04:00,13.96500015258789,13.989999771118164,13.96500015258789,13.984999656677246,7650,0.0,0.0
2024-06-03 15:08:00-04:00,13.989999771118164,14.0,13.979999542236328,13.984999656677246,4736,0.0,0.0
2024-06-03 15:09:00-04:00,13.984999656677246,14.0,13.984999656677246,13.989999771118164,4889,0.0,0.0
2024-06-03 15:10:00-04:00,13.979999542236328,13.984999656677246,13.975000381469727,13.984999656677246,2833,0.0,0.0
2024-06-03 15:11:00-04:00,13.979999542236328,13.989999771118164,13.975000381469727,13.975000381469727,6682,0.0,0.0
2024-06-03 15:12:00-04:00,13.979999542236328,14.039999961853027,13.979999542236328,14.039999961853027,5407,0.0,0.0
2024-06-03 15:13:00-04:00,14.039999961853027,14.0600004196167,14.039999961853027,14.055000305175781,2487,0.0,0.0
2024-06-03 15:14:00-04:00,14.0600004196167,14.0600004196167,14.039999961853027,14.050000190734863,4932,0.0,0.0
2024-06-03 15:15:00-04:00,14.045000076293945,14.050000190734863,14.024999618530273,14.024999618530273,6762,0.0,0.0
2024-06-03 15:16:00-04:00,14.029999732971191,14.029999732971191,14.020000457763672,14.020000457763672,2777,0.0,0.0
2024-06-03 15:17:00-04:00,14.024999618530273,14.03499984741211,14.020000457763672,14.03499984741211,9947,0.0,0.0
2024-06-03 15:18:00-04:00,14.03499984741211,14.03499984741211,14.0,14.0,3729,0.0,0.0
2024-06-03 15:19:00-04:00,14.0,14.0,13.960000038146973,13.960000038146973,3351,0.0,0.0
2024-06-03 15:20:00-04:00,13.949999809265137,13.970000267028809,13.9399995803833,13.970000267028809,38450,0.0,0.0
2024-06-03 15:21:00-04:00,13.970000267028809,13.989999771118164,13.970000267028809,13.989999771118164,3583,0.0,0.0
2024-06-03 15:22:00-04:00,13.979999542236328,13.989999771118164,13.949899673461914,13.960000038146973,6554,0.0,0.0
2024-06-03 15:23:00-04:00,13.954999923706055,13.954999923706055,13.940899848937988,13.949999809265137,914,0.0,0.0
2024-06-03 15:24:00-04:00,13.960000038146973,13.960000038146973,13.954999923706055,13.960000038146973,1753,0.0,0.0
2024-06-03 15:25:00-04:00,13.949999809265137,13.949999809265137,13.930000305175781,13.949999809265137,6092,0.0,0.0
2024-06-03 15:26:00-04:00,13.944999694824219,13.949999809265137,13.9399995803833,13.949999809265137,8991,0.0,0.0
2024-06-03 15:27:00-04:00,13.9399995803833,13.949999809265137,13.914999961853027,13.914999961853027,2492,0.0,0.0
2024-06-03 15:28:00-04:00,13.914999961853027,13.9399995803833,13.914999961853027,13.925000190734863,21343,0.0,0.0
2024-06-03 15:29:00-04:00,13.9350004196167,13.960000038146973,13.9350004196167,13.960000038146973,7348,0.0,0.0
2024-06-03 15:30:00-04:00,13.949999809265137,13.949999809265137,13.890000343322754,13.895000457763672,21221,0.0,0.0
2024-06-03 15:31:00-04:00,13.895000457763672,13.899999618530273,13.864999771118164,13.864999771118164,13935,0.0,0.0
2024-06-03 15:32:00-04:00,13.859999656677246,13.859999656677246,13.84000015258789,13.850000381469727,8977,0.0,0.0
2024-06-03 15:33:00-04:00,13.845000267028809,13.845000267028809,13.824999809265137,13.824999809265137,35127,0.0,0.0
2024-06-03 15:34:00-04:00,13.824999809265137,13.84000015258789,13.824999809265137,13.835000038146973,4089,0.0,0.0
2024-06-03 15:35:00-04:00,13.829999923706055,13.845000267028809,13.805000305175781,13.845000267028809,13809,0.0,0.0
2024-06-03 15:36:00-04:00,13.84000015258789,13.859999656677246,13.84000015258789,13.84000015258789,11532,0.0,0.0
2024-06-03 15:37:00-04:00,13.84000015258789,13.854999542236328,13.84000015258789,13.850000381469727,3729,0.0,0.0
2024-06-03 15:38:00-04:00,13.84000015258789,13.864999771118164,13.84000015258789,13.850000381469727,8702,0.0,0.0
2024-06-03 15:39:00-04:00,13.850000381469727,13.850000381469727,13.829999923706055,13.845000267028809,5503,0.0,0.0
2024-06-03 15:40:00-04:00,13.850000381469727,13.880000114440918,13.850000381469727,13.869999885559082,6634,0.0,0.0
2024-06-03 15:41:00-04:00,13.864999771118164,13.869999885559082,13.850000381469727,13.864999771118164,9911,0.0,0.0
2024-06-03 15:42:00-04:00,13.864999771118164,13.885000228881836,13.864999771118164,13.880000114440918,6880,0.0,0.0
2024-06-03 15:43:00-04:00,13.869999885559082,13.885000228881836,13.864999771118164,13.86929988861084,8380,0.0,0.0
2024-06-03 15:44:00-04:00,13.864999771118164,13.869999885559082,13.845000267028809,13.845000267028809,13087,0.0,0.0
2024-06-03 15:45:00-04:00,13.84000015258789,13.864999771118164,13.84000015258789,13.859999656677246,13666,0.0,0.0
2024-06-03 15:46:00-04:00,13.854999542236328,13.859999656677246,13.84000015258789,13.84000015258789,10090,0.0,0.0
2024-06-03 15:47:00-04:00,13.84000015258789,13.850000381469727,13.829999923706055,13.829999923706055,17467,0.0,0.0
2024-06-03 15:48:00-04:00,13.835000038146973,13.850000381469727,13.835000038146973,13.845000267028809,10230,0.0,0.0
2024-06-03 15:49:00-04:00,13.845000267028809,13.850000381469727,13.8149995803833,13.829999923706055,18366,0.0,0.0
2024-06-03 15:50:00-04:00,13.819999694824219,13.819999694824219,13.779999732971191,13.779999732971191,14021,0.0,0.0
2024-06-03 15:51:00-04:00,13.779999732971191,13.78499984741211,13.760000228881836,13.760000228881836,21649,0.0,0.0
2024-06-03 15:52:00-04:00,13.760000228881836,13.765000343322754,13.739999771118164,13.755000114440918,24689,0.0,0.0
2024-06-03 15:53:00-04:00,13.755000114440918,13.795000076293945,13.755000114440918,13.779999732971191,27050,0.0,0.0
2024-06-03 15:54:00-04:00,13.779999732971191,13.8100004196167,13.779999732971191,13.789999961853027,32639,0.0,0.0
2024-06-03 15:55:00-04:00,13.800000190734863,13.8100004196167,13.789999961853027,13.805000305175781,24303,0.0,0.0
2024-06-03 15:56:00-04:00,13.805000305175781,13.805000305175781,13.770000457763672,13.789999961853027,55031,0.0,0.0
2024-06-03 15:57:00-04:00,13.789999961853027,13.795000076293945,13.770000457763672,13.774999618530273,39788,0.0,0.0
2024-06-03 15:58:00-04:00,13.774999618530273,13.800000190734863,13.774999618530273,13.78499984741211,65780,0.0,0.0
2024-06-03 15:59:00-04:00,13.78499984741211,13.84000015258789,13.779999732971191,13.84000015258789,115983,0.0,0.0
2024-06-04 09:30:00-04:00,13.680000305175781,13.680000305175781,13.5649995803833,13.640000343322754,23969,0.0,0.0
2024-06-04 09:31:00-04:00,13.654999732971191,13.725000381469727,13.654999732971191,13.725000381469727,3898,0.0,0.0
2024-06-04 09:32:00-04:00,13.725000381469727,13.760000228881836,13.725000381469727,13.760000228881836,2246,0.0,0.0
2024-06-04 09:33:00-04:00,13.734999656677246,13.734999656677246,13.65999984741211,13.6899995803833,6960,0.0,0.0
2024-06-04 09:34:00-04:00,13.6899995803833,13.729999542236328,13.6899995803833,13.729999542236328,5935,0.0,0.0
2024-06-04 09:35:00-04:00,13.739999771118164,13.760000228881836,13.699999809265137,13.699999809265137,6420,0.0,0.0
2024-06-04 09:36:00-04:00,13.680000305175781,13.760000228881836,13.680000305175781,13.760000228881836,7547,0.0,0.0
2024-06-04 09:37:00-04:00,13.760000228881836,13.760000228881836,13.75,13.75,2151,0.0,0.0
2024-06-04 09:38:00-04:00,13.65999984741211,13.704999923706055,13.65999984741211,13.699999809265137,2806,0.0,0.0
2024-06-04 09:39:00-04:00,13.729999542236328,13.729999542236328,13.699999809265137,13.699999809265137,4139,0.0,0.0
2024-06-04 09:40:00-04:00,13.699999809265137,13.760000228881836,13.6899995803833,13.729999542236328,5916,0.0,0.0
2024-06-04 09:41:00-04:00,13.729999542236328,13.729999542236328,13.680000305175781,13.680000305175781,7042,0.0,0.0
2024-06-04 09:42:00-04:00,13.675000190734863,13.744999885559082,13.65999984741211,13.744999885559082,9316,0.0,0.0
2024-06-04 09:43:00-04:00,13.75,13.760000228881836,13.710000038146973,13.710000038146973,5057,0.0,0.0
2024-06-04 09:44:00-04:00,13.71500015258789,13.770000457763672,13.71500015258789,13.739999771118164,10154,0.0,0.0
2024-06-04 09:45:00-04:00,13.75,13.8100004196167,13.75,13.800000190734863,15138,0.0,0.0
2024-06-04 09:46:00-04:00,13.8100004196167,13.84000015258789,13.805000305175781,13.8149995803833,9967,0.0,0.0
2024-06-04 09:47:00-04:00,13.8149995803833,13.835000038146973,13.800000190734863,13.835000038146973,8167,0.0,0.0
2024-06-04 09:48:00-04:00,13.829999923706055,13.84000015258789,13.770000457763672,13.770000457763672,4521,0.0,0.0
2024-06-04 09:49:00-04:00,13.779999732971191,13.809900283813477,13.779999732971191,13.800100326538086,3283,0.0,0.0
2024-06-04 09:50:00-04:00,13.800000190734863,13.84000015258789,13.779999732971191,13.824999809265137,5823,0.0,0.0
2024-06-04 09:51:00-04:00,13.819999694824219,13.835000038146973,13.805000305175781,13.835000038146973,3524,0.0,0.0
2024-06-04 09:52:00-04:00,13.8149995803833,13.8149995803833,13.770000457763672,13.770000457763672,6299,0.0,0.0
2024-06-04 09:53:00-04:00,13.739999771118164,13.739999771118164,13.699999809265137,13.699999809265137,3692,0.0,0.0
2024-06-04 09:54:00-04:00,13.6899995803833,13.6899995803833,13.63949966430664,13.640000343322754,5736,0.0,0.0
2024-06-04 09:55:00-04:00,13.640000343322754,13.645000457763672,13.630000114440918,13.635000228881836,5621,0.0,0.0
2024-06-04 09:56:00-04:00,13.638999938964844,13.638999938964844,13.600000381469727,13.600000381469727,11172,0.0,0.0
2024-06-04 09:57:00-04:00,13.600000381469727,13.619000434875488,13.59000015258789,13.604999542236328,6698,0.0,0.0
2024-06-04 09:58:00-04:00,13.604999542236328,13.625,13.569999694824219,13.609999656677246,25418,0.0,0.0
2024-06-04 09:59:00-04:00,13.619999885559082,13.670000076293945,13.619999885559082,13.65999984741211,6489,0.0,0.0
2024-06-04 10:00:00-04:00,13.670000076293945,13.779999732971191,13.670000076293945,13.765000343322754,19553,0.0,0.0
2024-06-04 10:01:00-04:00,13.770000457763672,13.819999694824219,13.729999542236328,13.819999694824219,15492,0.0,0.0
2024-06-04 10:02:00-04:00,13.819999694824219,13.819999694824219,13.755000114440918,13.8100004196167,35727,0.0,0.0
2024-06-04 10:03:00-04:00,13.800000190734863,13.800000190734863,13.739999771118164,13.755000114440918,2832,0.0,0.0
2024-06-04 10:04:00-04:00,13.766599655151367,13.774999618530273,13.729999542236328,13.729999542236328,11553,0.0,0.0
2024-06-04 10:05:00-04:00,13.729999542236328,13.75,13.694999694824219,13.739999771118164,8762,0.0,0.0
2024-06-04 10:06:00-04:00,13.734999656677246,13.75,13.729999542236328,13.729999542236328,3739,0.0,0.0
2024-06-04 10:07:00-04:00,13.720000267028809,13.744999885559082,13.710000038146973,13.739999771118164,4761,0.0,0.0
2024-06-04 10:08:00-04:00,13.744999885559082,13.770000457763672,13.720000267028809,13.760000228881836,5675,0.0,0.0
2024-06-04 10:09:00-04:00,13.760000228881836,13.789999961853027,13.760000228881836,13.789999961853027,4147,0.0,0.0
2024-06-04 10:10:00-04:00,13.78499984741211,13.795000076293945,13.744999885559082,13.755000114440918,5347,0.0,0.0
2024-06-04 10:11:00-04:00,13.760000228881836,13.760000228881836,13.739999771118164,13.739999771118164,2460,0.0,0.0
2024-06-04 10:12:00-04:00,13.729999542236328,13.75,13.729999542236328,13.729999542236328,3554,0.0,0.0
2024-06-04 10:13:00-04:00,13.720000267028809,13.729999542236328,13.704999923706055,13.720000267028809,11824,0.0,0.0
2024-06-04 10:14:00-04:00,13.71500015258789,13.729999542236328,13.6899995803833,13.729999542236328,24928,0.0,0.0
2024-06-04 10:15:00-04:00,13.720000267028809,13.800000190734863,13.710000038146973,13.800000190734863,20179,0.0,0.0
2024-06-04 10:16:00-04:00,13.795000076293945,13.84000015258789,13.795000076293945,13.84000015258789,8700,0.0,0.0
2024-06-04 10:17:00-04:00,13.835000038146973,13.850000381469727,13.819999694824219,13.819999694824219,19883,0.0,0.0
2024-06-04 10:18:00-04:00,13.8149995803833,13.845000267028809,13.8149995803833,13.829999923706055,8205,0.0,0.0
2024-06-04 10:19:00-04:00,13.84000015258789,13.890000343322754,13.829999923706055,13.880000114440918,11176,0.0,0.0
2024-06-04 10:20:00-04:00,13.885000228881836,13.885000228881836,13.84000015258789,13.850000381469727,15008,0.0,0.0
2024-06-04 10:21:00-04:00,13.850000381469727,13.854000091552734,13.819999694824219,13.819999694824219,5578,0.0,0.0
2024-06-04 10:22:00-04:00,13.819999694824219,13.829999923706055,13.779999732971191,13.779999732971191,13098,0.0,0.0
2024-06-04 10:23:00-04:00,13.770000457763672,13.819999694824219,13.760000228881836,13.8149995803833,13922,0.0,0.0
2024-06-04 10:24:00-04:00,13.819999694824219,13.835000038146973,13.819999694824219,13.819999694824219,15809,0.0,0.0
2024-06-04 10:25:00-04:00,13.824999809265137,13.829999923706055,13.75,13.755000114440918,26267,0.0,0.0
2024-06-04 10:26:00-04:00,13.760000228881836,13.800000190734863,13.755000114440918,13.800000190734863,6204,0.0,0.0
2024-06-04 10:27:00-04:00,13.799500465393066,13.799500465393066,13.78499984741211,13.78499984741211,4050,0.0,0.0
2024-06-04 10:28:00-04:00,13.795000076293945,13.825799942016602,13.78499984741211,13.8149995803833,4362,0.0,0.0
2024-06-04 10:29:00-04:00,13.8149995803833,13.829999923706055,13.8149995803833,13.829999923706055,1026,0.0,0.0
2024-06-04 10:30:00-04:00,13.829999923706055,13.84000015258789,13.8100004196167,13.835000038146973,6134,0.0,0.0
2024-06-04 10:31:00-04:00,13.84000015258789,13.914999961853027,13.84000015258789,13.90999984741211,5879,0.0,0.0
2024-06-04 10:32:00-04:00,13.90999984741211,13.914999961853027,13.890000343322754,13.890000343322754,11364,0.0,0.0
2024-06-04 10:33:00-04:00,13.890000343322754,13.899999618530273,13.875,13.899999618530273,15503,0.0,0.0
2024-06-04 10:34:00-04:00,13.895000457763672,13.895000457763672,13.885000228881836,13.885000228881836,4908,0.0,0.0
2024-06-04 10:35:00-04:00,13.890000343322754,13.904999732971191,13.890000343322754,13.899999618530273,4701,0.0,0.0
2024-06-04 10:36:00-04:00,13.869999885559082,13.869999885559082,13.859999656677246,13.859999656677246,4816,0.0,0.0
2024-06-04 10:37:00-04:00,13.854999542236328,13.885000228881836,13.845000267028809,13.885000228881836,4970,0.0,0.0
2024-06-04 10:38:00-04:00,13.869999885559082,13.885000228881836,13.859999656677246,13.885000228881836,2021,0.0,0.0
2024-06-04 10:39:00-04:00,13.890000343322754,13.90999984741211,13.880000114440918,13.880000114440918,5979,0.0,0.0
2024-06-04 10:40:00-04:00,13.880000114440918,13.899999618530273,13.880000114440918,13.895000457763672,1396,0.0,0.0
2024-06-04 10:41:00-04:00,13.899999618530273,13.899999618530273,13.890000343322754,13.895000457763672,2441,0.0,0.0
2024-06-04 10:42:00-04:00,13.880000114440918,13.880000114440918,13.850000381469727,13.850000381469727,3860,0.0,0.0
2024-06-04 10:43:00-04:00,13.850000381469727,13.850000381469727,13.829999923706055,13.837900161743164,1788,0.0,0.0
2024-06-04 10:44:00-04:00,13.829999923706055,13.854999542236328,13.829999923706055,13.850000381469727,4592,0.0,0.0
2024-06-04 10:45:00-04:00,13.819999694824219,13.819999694824219,13.810199737548828,13.810199737548828,1737,0.0,0.0
2024-06-04 10:46:00-04:00,13.8100004196167,13.8100004196167,13.779999732971191,13.779999732971191,3140,0.0,0.0
2024-06-04 10:47:00-04:00,13.75,13.765000343322754,13.75,13.765000343322754,2885,0.0,0.0
2024-06-04 10:48:00-04:00,13.770000457763672,13.789999961853027,13.770000457763672,13.770000457763672,2327,0.0,0.0
2024-06-04 10:49:00-04:00,13.779999732971191,13.78499984741211,13.779999732971191,13.779999732971191,1714,0.0,0.0
2024-06-04 10:50:00-04:00,13.78499984741211,13.78499984741211,13.78499984741211,13.78499984741211,358,0.0,0.0
2024-06-04 10:51:00-04:00,13.779999732971191,13.8100004196167,13.779999732971191,13.8100004196167,4634,0.0,0.0
2024-06-04 10:52:00-04:00,13.819999694824219,13.824999809265137,13.809000015258789,13.824999809265137,3901,0.0,0.0
2024-06-04 10:53:00-04:00,13.829999923706055,13.854999542236328,13.8100004196167,13.854999542236328,4856,0.0,0.0
2024-06-04 10:54:00-04:00,13.850000381469727,13.850000381469727,13.850000381469727,13.850000381469727,1327,0.0,0.0
2024-06-04 10:55:00-04:00,13.845000267028809,13.845000267028809,13.8100004196167,13.824999809265137,3860,0.0,0.0
2024-06-04 10:56:00-04:00,13.819999694824219,13.824999809265137,13.819999694824219,13.824999809265137,3061,0.0,0.0
2024-06-04 10:57:00-04:00,13.819999694824219,13.819999694824219,13.805000305175781,13.8149995803833,3388,0.0,0.0
2024-06-04 10:58:00-04:00,13.8100004196167,13.819999694824219,13.8100004196167,13.819999694824219,2147,0.0,0.0
2024-06-04 10:59:00-04:00,13.8149995803833,13.8149995803833,13.805000305175781,13.805000305175781,1302,0.0,0.0
2024-06-04 11:00:00-04:00,13.8100004196167,13.829999923706055,13.8100004196167,13.8100004196167,4638,0.0,0.0
2024-06-04 11:01:00-04:00,13.819999694824219,13.850000381469727,13.819999694824219,13.850000381469727,4828,0.0,0.0
2024-06-04 11:02:00-04:00,13.845000267028809,13.850000381469727,13.845000267028809,13.849499702453613,2147,0.0,0.0
2024-06-04 11:03:00-04:00,13.845000267028809,13.864999771118164,13.84000015258789,13.864999771118164,2779,0.0,0.0
2024-06-04 11:04:00-04:00,13.864999771118164,13.869999885559082,13.835000038146973,13.835000038146973,4410,0.0,0.0
2024-06-04 11:05:00-04:00,13.829999923706055,13.84000015258789,13.829999923706055,13.829999923706055,2969,0.0,0.0
2024-06-04 11:06:00-04:00,13.805000305175781,13.8100004196167,13.805000305175781,13.8100004196167,1488,0.0,0.0
2024-06-04 11:07:00-04:00,13.805000305175781,13.8100004196167,13.805000305175781,13.805000305175781,576,0.0,0.0
2024-06-04 11:08:00-04:00,13.8100004196167,13.8149995803833,13.8100004196167,13.8100004196167,2275,0.0,0.0
2024-06-04 11:09:00-04:00,13.800000190734863,13.800000190734863,13.739999771118164,13.755000114440918,2339,0.0,0.0
2024-06-04 11:10:00-04:00,13.755000114440918,13.765000343322754,13.75,13.75,2340,0.0,0.0
2024-06-04 11:11:00-04:00,13.739999771118164,13.759300231933594,13.720000267028809,13.750100135803223,3424,0.0,0.0
2024-06-04 11:12:00-04:00,13.729999542236328,13.75,13.729999542236328,13.75,6348,0.0,0.0
2024-06-04 11:13:00-04:00,13.75,13.75,13.75,13.75,1569,0.0,0.0
2024-06-04 11:14:00-04:00,13.75,13.78499984741211,13.75,13.779999732971191,7866,0.0,0.0
2024-06-04 11:15:00-04:00,13.779999732971191,13.795000076293945,13.779999732971191,13.789999961853027,2076,0.0,0.0
2024-06-04 11:16:00-04:00,13.78499984741211,13.78499984741211,13.779999732971191,13.779999732971191,1326,0.0,0.0
2024-06-04 11:17:00-04:00,13.779999732971191,13.779999732971191,13.779999732971191,13.779999732971191,588,0.0,0.0
2024-06-04 11:18:00-04:00,13.779800415039062,13.779999732971191,13.760000228881836,13.765000343322754,5159,0.0,0.0
2024-06-04 11:19:00-04:00,13.765000343322754,13.765000343322754,13.765000343322754,13.765000343322754,1224,0.0,0.0
2024-06-04 11:20:00-04:00,13.765000343322754,13.774999618530273,13.755000114440918,13.755000114440918,2798,0.0,0.0
2024-06-04 11:21:00-04:00,13.765000343322754,13.765000343322754,13.744999885559082,13.75,3199,0.0,0.0
2024-06-04 11:22:00-04:00,13.75,13.75,13.710000038146973,13.710000038146973,2921,0.0,0.0
2024-06-04 11:23:00-04:00,13.710000038146973,13.710000038146973,13.670000076293945,13.6899995803833,7148,0.0,0.0
2024-06-04 11:24:00-04:00,13.6899995803833,13.6899995803833,13.670000076293945,13.675000190734863,2017,0.0,0.0
2024-06-04 11:25:00-04:00,13.675000190734863,13.694999694824219,13.675000190734863,13.6850004196167,5141,0.0,0.0
2024-06-04 11:26:00-04:00,13.670000076293945,13.670000076293945,13.664999961853027,13.664999961853027,3090,0.0,0.0
2024-06-04 11:27:00-04:00,13.664999961853027,13.668999671936035,13.65999984741211,13.65999984741211,2858,0.0,0.0
2024-06-04 11:28:00-04:00,13.649999618530273,13.654999732971191,13.649999618530273,13.654999732971191,1312,0.0,0.0
2024-06-04 11:29:00-04:00,13.654999732971191,13.654999732971191,13.609999656677246,13.609999656677246,3428,0.0,0.0
2024-06-04 11:30:00-04:00,13.609999656677246,13.625,13.600000381469727,13.600000381469727,5774,0.0,0.0
2024-06-04 11:31:00-04:00,13.604999542236328,13.625,13.579999923706055,13.625,8165,0.0,0.0
2024-06-04 11:32:00-04:00,13.614999771118164,13.614999771118164,13.614999771118164,13.614999771118164,1402,0.0,0.0
2024-06-04 11:33:00-04:00,13.614999771118164,13.614999771118164,13.550000190734863,13.550000190734863,2878,0.0,0.0
2024-06-04 11:34:00-04:00,13.550000190734863,13.5649995803833,13.545000076293945,13.5649995803833,10070,0.0,0.0
2024-06-04 11:35:00-04:00,13.569499969482422,13.574999809265137,13.569499969482422,13.574999809265137,3114,0.0,0.0
2024-06-04 11:36:00-04:00,13.574999809265137,13.585000038146973,13.5649995803833,13.574999809265137,6299,0.0,0.0
2024-06-04 11:37:00-04:00,13.574999809265137,13.579999923706055,13.5649995803833,13.579999923706055,3693,0.0,0.0
2024-06-04 11:38:00-04:00,13.59000015258789,13.600000381469727,13.59000015258789,13.59000015258789,1949,0.0,0.0
2024-06-04 11:39:00-04:00,13.600000381469727,13.630000114440918,13.600000381469727,13.619999885559082,1950,0.0,0.0
2024-06-04 11:40:00-04:00,13.619999885559082,13.630000114440918,13.619999885559082,13.630000114440918,1003,0.0,0.0
2024-06-04 11:41:00-04:00,13.625,13.635000228881836,13.625,13.635000228881836,1984,0.0,0.0
2024-06-04 11:42:00-04:00,13.630000114440918,13.630000114440918,13.604999542236328,13.604999542236328,4611,0.0,0.0
2024-06-04 11:43:00-04:00,13.604999542236328,13.609999656677246,13.595000267028809,13.609999656677246,3915,0.0,0.0
2024-06-04 11:44:00-04:00,13.614999771118164,13.625,13.614999771118164,13.625,1656,0.0,0.0
2024-06-04 11:45:00-04:00,13.619999885559082,13.619999885559082,13.609999656677246,13.609999656677246,1703,0.0,0.0
2024-06-04 11:46:00-04:00,13.604999542236328,13.609600067138672,13.600000381469727,13.600000381469727,2140,0.0,0.0
2024-06-04 11:47:00-04:00,13.600000381469727,13.609999656677246,13.59000015258789,13.609999656677246,4453,0.0,0.0
2024-06-04 11:48:00-04:00,13.609999656677246,13.625,13.600000381469727,13.625,5465,0.0,0.0
2024-06-04 11:49:00-04:00,13.630000114440918,13.645000457763672,13.630000114440918,13.645000457763672,2070,0.0,0.0
2024-06-04 11:50:00-04:00,13.649999618530273,13.649999618530273,13.640000343322754,13.649999618530273,2858,0.0,0.0
2024-06-04 11:51:00-04:00,13.645000457763672,13.65999984741211,13.645000457763672,13.654999732971191,1984,0.0,0.0
2024-06-04 11:52:00-04:00,13.654999732971191,13.65999984741211,13.640000343322754,13.640000343322754,4985,0.0,0.0
2024-06-04 11:53:00-04:00,13.649999618530273,13.65999984741211,13.625,13.645000457763672,4880,0.0,0.0
2024-06-04 11:54:00-04:00,13.640000343322754,13.645000457763672,13.640000343322754,13.645000457763672,8112,0.0,0.0
2024-06-04 11:55:00-04:00,13.645000457763672,13.664999961853027,13.645000457763672,13.664999961853027,239,0.0,0.0
2024-06-04 11:56:00-04:00,13.65999984741211,13.65999984741211,13.65999984741211,13.65999984741211,3019,0.0,0.0
2024-06-04 11:57:00-04:00,13.654999732971191,13.654999732971191,13.630000114440918,13.630000114440918,3279,0.0,0.0
2024-06-04 11:58:00-04:00,13.635000228881836,13.635000228881836,13.635000228881836,13.635000228881836,1234,0.0,0.0
2024-06-04 11:59:00-04:00,13.635000228881836,13.640000343322754,13.635000228881836,13.635000228881836,1476,0.0,0.0
2024-06-04 12:00:00-04:00,13.645000457763672,13.6899995803833,13.640000343322754,13.664999961853027,21887,0.0,0.0
2024-06-04 12:01:00-04:00,13.664999961853027,13.675000190734863,13.664999961853027,13.675000190734863,2290,0.0,0.0
2024-06-04 12:02:00-04:00,13.670000076293945,13.6899995803833,13.664999961853027,13.6899995803833,3706,0.0,0.0
2024-06-04 12:03:00-04:00,13.699999809265137,13.710000038146973,13.699999809265137,13.710000038146973,1937,0.0,0.0
2024-06-04 12:04:00-04:00,13.71500015258789,13.729999542236328,13.710000038146973,13.71500015258789,16530,0.0,0.0
2024-06-04 12:05:00-04:00,13.710000038146973,13.720000267028809,13.680000305175781,13.680000305175781,13197,0.0,0.0
2024-06-04 12:06:00-04:00,13.6850004196167,13.710000038146973,13.680000305175781,13.710000038146973,14761,0.0,0.0
2024-06-04 12:07:00-04:00,13.704999923706055,13.709799766540527,13.704999923706055,13.709799766540527,754,0.0,0.0
2024-06-04 12:08:00-04:00,13.704999923706055,13.704999923706055,13.670000076293945,13.670000076293945,11868,0.0,0.0
2024-06-04 12:09:00-04:00,13.670000076293945,13.680000305175781,13.670000076293945,13.675000190734863,5535,0.0,0.0
2024-06-04 12:10:00-04:00,13.675000190734863,13.680000305175781,13.675000190734863,13.675000190734863,1465,0.0,0.0
2024-06-04 12:11:00-04:00,13.675000190734863,13.680000305175781,13.645000457763672,13.645000457763672,3799,0.0,0.0
2024-06-04 12:12:00-04:00,13.645000457763672,13.645000457763672,13.635000228881836,13.635000228881836,1773,0.0,0.0
2024-06-04 12:13:00-04:00,13.640000343322754,13.645000457763672,13.640000343322754,13.645000457763672,3165,0.0,0.0
2024-06-04 12:14:00-04:00,13.645000457763672,13.645000457763672,13.640000343322754,13.645000457763672,1723,0.0,0.0
2024-06-04 12:15:00-04:00,13.645000457763672,13.645000457763672,13.60990047454834,13.609999656677246,3991,0.0,0.0
2024-06-04 12:16:00-04:00,13.619999885559082,13.619999885559082,13.604999542236328,13.604999542236328,2624,0.0,0.0
2024-06-04 12:17:00-04:00,13.619999885559082,13.619999885559082,13.619999885559082,13.619999885559082,815,0.0,0.0
2024-06-04 12:18:00-04:00,13.625,13.625,13.614999771118164,13.614999771118164,5323,0.0,0.0
2024-06-04 12:20:00-04:00,13.619999885559082,13.640000343322754,13.619999885559082,13.640000343322754,1810,0.0,0.0
2024-06-04 12:21:00-04:00,13.640000343322754,13.645000457763672,13.635000228881836,13.645000457763672,747,0.0,0.0
2024-06-04 12:22:00-04:00,13.645000457763672,13.694999694824219,13.640000343322754,13.6899995803833,12021,0.0,0.0
2024-06-04 12:23:00-04:00,13.68019962310791,13.699999809265137,13.68019962310791,13.699999809265137,2674,0.0,0.0
2024-06-04 12:24:00-04:00,13.694999694824219,13.694999694824219,13.694999694824219,13.694999694824219,1290,0.0,0.0
2024-06-04 12:25:00-04:00,13.694999694824219,13.694999694824219,13.6899995803833,13.694999694824219,3724,0.0,0.0
2024-06-04 12:26:00-04:00,13.694999694824219,13.694999694824219,13.65999984741211,13.670000076293945,8241,0.0,0.0
2024-06-04 12:28:00-04:00,13.6899995803833,13.6899995803833,13.6899995803833,13.6899995803833,1187,0.0,0.0
2024-06-04 12:29:00-04:00,13.694999694824219,13.739999771118164,13.694999694824219,13.739999771118164,9061,0.0,0.0
2024-06-04 12:30:00-04:00,13.734999656677246,13.739999771118164,13.725000381469727,13.739999771118164,5424,0.0,0.0
2024-06-04 12:31:00-04:00,13.744999885559082,13.744999885559082,13.739999771118164,13.739999771118164,2662,0.0,0.0
2024-06-04 12:32:00-04:00,13.739999771118164,13.744999885559082,13.734999656677246,13.739999771118164,2364,0.0,0.0
2024-06-04 12:33:00-04:00,13.739999771118164,13.739999771118164,13.734999656677246,13.739999771118164,1928,0.0,0.0
2024-06-04 12:34:00-04:00,13.744999885559082,13.755000114440918,13.732000350952148,13.732000350952148,16038,0.0,0.0
2024-06-04 12:35:00-04:00,13.734999656677246,13.734999656677246,13.699999809265137,13.699999809265137,2687,0.0,0.0
2024-06-04 12:36:00-04:00,13.6850004196167,13.694999694824219,13.6850004196167,13.690099716186523,3697,0.0,0.0
2024-06-04 12:37:00-04:00,13.694999694824219,13.694999694824219,13.694999694824219,13.694999694824219,497,0.0,0.0
2024-06-04 12:38:00-04:00,13.690899848937988,13.729999542236328,13.690899848937988,13.725000381469727,5444,0.0,0.0
2024-06-04 12:39:00-04:00,13.725000381469727,13.734999656677246,13.71500015258789,13.729999542236328,4368,0.0,0.0
2024-06-04 12:40:00-04:00,13.725000381469727,13.725000381469727,13.720199584960938,13.720199584960938,403,0.0,0.0
2024-06-04 12:41:00-04:00,13.725000381469727,13.734999656677246,13.725000381469727,13.734999656677246,2000,0.0,0.0
2024-06-04 12:42:00-04:00,13.734999656677246,13.744999885559082,13.734999656677246,13.744999885559082,2578,0.0,0.0
2024-06-04 12:43:00-04:00,13.744999885559082,13.75,13.739999771118164,13.739999771118164,3745,0.0,0.0
2024-06-04 12:44:00-04:00,13.734999656677246,13.734999656677246,13.71500015258789,13.71500015258789,2303,0.0,0.0
2024-06-04 12:45:00-04:00,13.71500015258789,13.725000381469727,13.71500015258789,13.720000267028809,1912,0.0,0.0
2024-06-04 12:46:00-04:00,13.720000267028809,13.725000381469727,13.720000267028809,13.720000267028809,3750,0.0,0.0
2024-06-04 12:47:00-04:00,13.71500015258789,13.729999542236328,13.71500015258789,13.729999542236328,5515,0.0,0.0
2024-06-04 12:48:00-04:00,13.729999542236328,13.729999542236328,13.71500015258789,13.720000267028809,1993,0.0,0.0
2024-06-04 12:49:00-04:00,13.725000381469727,13.725000381469727,13.71500015258789,13.71500015258789,1282,0.0,0.0
2024-06-04 12:50:00-04:00,13.71500015258789,13.75,13.71500015258789,13.744999885559082,4844,0.0,0.0
2024-06-04 12:51:00-04:00,13.740300178527832,13.740300178527832,13.739999771118164,13.739999771118164,1729,0.0,0.0
2024-06-04 12:52:00-04:00,13.729999542236328,13.729999542236328,13.699999809265137,13.699999809265137,3422,0.0,0.0
2024-06-04 12:53:00-04:00,13.6899995803833,13.704999923706055,13.680000305175781,13.704999923706055,2672,0.0,0.0
2024-06-04 12:54:00-04:00,13.710000038146973,13.710000038146973,13.710000038146973,13.710000038146973,773,0.0,0.0
2024-06-04 12:56:00-04:00,13.710000038146973,13.710000038146973,13.710000038146973,13.710000038146973,200,0.0,0.0
2024-06-04 12:57:00-04:00,13.725000381469727,13.729999542236328,13.710000038146973,13.710000038146973,3446,0.0,0.0
2024-06-04 12:58:00-04:00,13.710000038146973,13.72599983215332,13.710000038146973,13.72599983215332,2057,0.0,0.0
2024-06-04 12:59:00-04:00,13.725000381469727,13.725000381469727,13.710000038146973,13.710000038146973,1810,0.0,0.0
2024-06-04 13:00:00-04:00,13.71500015258789,13.71500015258789,13.71500015258789,13.71500015258789,396,0.0,0.0
2024-06-04 13:01:00-04:00,13.71500015258789,13.71500015258789,13.699999809265137,13.699999809265137,1332,0.0,0.0
2024-06-04 13:02:00-04:00,13.699999809265137,13.699999809265137,13.675000190734863,13.675000190734863,2652,0.0,0.0
2024-06-04 13:03:00-04:00,13.679400444030762,13.694999694824219,13.679400444030762,13.694999694824219,4579,0.0,0.0
2024-06-04 13:04:00-04:00,13.694999694824219,13.71500015258789,13.694999694824219,13.694999694824219,2934,0.0,0.0
2024-06-04 13:05:00-04:00,13.6899995803833,13.6899995803833,13.6850004196167,13.6850004196167,923,0.0,0.0
2024-06-04 13:06:00-04:00,13.680000305175781,13.680000305175781,13.670000076293945,13.670000076293945,2198,0.0,0.0
2024-06-04 13:07:00-04:00,13.65999984741211,13.65999984741211,13.639900207519531,13.654999732971191,7628,0.0,0.0
2024-06-04 13:08:00-04:00,13.645000457763672,13.664999961853027,13.645000457763672,13.645000457763672,3979,0.0,0.0
2024-06-04 13:09:00-04:00,13.645000457763672,13.649999618530273,13.645000457763672,13.649999618530273,1093,0.0,0.0
2024-06-04 13:10:00-04:00,13.649999618530273,13.654999732971191,13.649999618530273,13.649999618530273,1682,0.0,0.0
2024-06-04 13:11:00-04:00,13.65939998626709,13.664999961853027,13.654999732971191,13.65999984741211,4501,0.0,0.0
2024-06-04 13:12:00-04:00,13.65999984741211,13.65999984741211,13.654999732971191,13.656499862670898,2730,0.0,0.0
2024-06-04 13:13:00-04:00,13.654999732971191,13.654999732971191,13.654999732971191,13.654999732971191,1266,0.0,0.0
2024-06-04 13:14:00-04:00,13.65999984741211,13.664999961853027,13.65999984741211,13.664999961853027,2100,0.0,0.0
2024-06-04 13:15:00-04:00,13.664999961853027,13.6850004196167,13.664999961853027,13.6850004196167,2516,0.0,0.0
2024-06-04 13:16:00-04:00,13.680000305175781,13.680000305175781,13.675000190734863,13.680000305175781,1814,0.0,0.0
2024-06-04 13:17:00-04:00,13.680000305175781,13.680000305175781,13.670000076293945,13.670000076293945,678,0.0,0.0
2024-06-04 13:18:00-04:00,13.675000190734863,13.680000305175781,13.673700332641602,13.680000305175781,1121,0.0,0.0
2024-06-04 13:19:00-04:00,13.670000076293945,13.675000190734863,13.640000343322754,13.645000457763672,6836,0.0,0.0
2024-06-04 13:20:00-04:00,13.645000457763672,13.664999961853027,13.645000457763672,13.664999961853027,4106,0.0,0.0
2024-06-04 13:21:00-04:00,13.65999984741211,13.65999984741211,13.625,13.625,3226,0.0,0.0
2024-06-04 13:22:00-04:00,13.619999885559082,13.649999618530273,13.619500160217285,13.649999618530273,3488,0.0,0.0
2024-06-04 13:23:00-04:00,13.654999732971191,13.65999984741211,13.649999618530273,13.654999732971191,1475,0.0,0.0
2024-06-04 13:24:00-04:00,13.65999984741211,13.664999961853027,13.65999984741211,13.664999961853027,710,0.0,0.0
2024-06-04 13:25:00-04:00,13.670000076293945,13.670000076293945,13.654999732971191,13.654999732971191,2356,0.0,0.0
2024-06-04 13:26:00-04:00,13.664999961853027,13.667099952697754,13.664999961853027,13.667099952697754,1844,0.0,0.0
2024-06-04 13:27:00-04:00,13.664999961853027,13.680000305175781,13.664999961853027,13.680000305175781,1695,0.0,0.0
2024-06-04 13:28:00-04:00,13.6850004196167,13.6850004196167,13.675000190734863,13.675000190734863,2404,0.0,0.0
2024-06-04 13:29:00-04:00,13.675000190734863,13.675000190734863,13.65999984741211,13.65999984741211,2344,0.0,0.0
2024-06-04 13:30:00-04:00,13.664999961853027,13.670000076293945,13.65999984741211,13.65999984741211,1865,0.0,0.0
2024-06-04 13:32:00-04:00,13.649999618530273,13.649999618530273,13.645000457763672,13.645000457763672,1046,0.0,0.0
2024-06-04 13:33:00-04:00,13.645000457763672,13.645000457763672,13.635000228881836,13.635000228881836,2052,0.0,0.0
2024-06-04 13:34:00-04:00,13.635000228881836,13.635000228881836,13.630000114440918,13.635000228881836,1962,0.0,0.0
2024-06-04 13:35:00-04:00,13.635000228881836,13.645000457763672,13.635000228881836,13.640000343322754,2008,0.0,0.0
2024-06-04 13:36:00-04:00,13.630000114440918,13.630000114440918,13.619999885559082,13.619999885559082,2011,0.0,0.0
2024-06-04 13:37:00-04:00,13.619999885559082,13.619999885559082,13.614999771118164,13.614999771118164,1236,0.0,0.0
2024-06-04 13:38:00-04:00,13.615500450134277,13.625,13.612500190734863,13.625,2333,0.0,0.0
2024-06-04 13:39:00-04:00,13.625,13.625,13.620100021362305,13.625,2962,0.0,0.0
2024-06-04 13:40:00-04:00,13.630000114440918,13.649999618530273,13.625,13.645000457763672,4774,0.0,0.0
2024-06-04 13:41:00-04:00,13.649999618530273,13.654999732971191,13.649999618530273,13.654999732971191,2301,0.0,0.0
2024-06-04 13:42:00-04:00,13.654999732971191,13.654999732971191,13.649999618530273,13.649999618530273,2874,0.0,0.0
2024-06-04 13:43:00-04:00,13.640000343322754,13.640000343322754,13.625,13.629300117492676,2784,0.0,0.0
2024-06-04 13:44:00-04:00,13.630000114440918,13.65999984741211,13.630000114440918,13.65999984741211,1966,0.0,0.0
2024-06-04 13:45:00-04:00,13.65999984741211,13.670000076293945,13.65999984741211,13.664999961853027,2424,0.0,0.0
2024-06-04 13:46:00-04:00,13.664999961853027,13.680000305175781,13.664999961853027,13.680000305175781,751,0.0,0.0
2024-06-04 13:47:00-04:00,13.675000190734863,13.680000305175781,13.670000076293945,13.675000190734863,2226,0.0,0.0
2024-06-04 13:48:00-04:00,13.670000076293945,13.670000076293945,13.664999961853027,13.664999961853027,1945,0.0,0.0
2024-06-04 13:49:00-04:00,13.65999984741211,13.675000190734863,13.65999984741211,13.670000076293945,2451,0.0,0.0
2024-06-04 13:50:00-04:00,13.670000076293945,13.675000190734863,13.670000076293945,13.670000076293945,599,0.0,0.0
2024-06-04 13:51:00-04:00,13.664999961853027,13.664999961853027,13.645000457763672,13.645000457763672,2774,0.0,0.0
2024-06-04 13:52:00-04:00,13.645000457763672,13.645000457763672,13.645000457763672,13.645000457763672,2007,0.0,0.0
2024-06-04 13:53:00-04:00,13.640000343322754,13.645000457763672,13.640000343322754,13.645000457763672,5554,0.0,0.0
2024-06-04 13:54:00-04:00,13.645000457763672,13.654999732971191,13.635000228881836,13.635000228881836,6743,0.0,0.0
2024-06-04 13:55:00-04:00,13.630000114440918,13.65999984741211,13.630000114440918,13.65999984741211,2453,0.0,0.0
2024-06-04 13:56:00-04:00,13.654999732971191,13.664999961853027,13.654999732971191,13.664999961853027,2589,0.0,0.0
2024-06-04 13:57:00-04:00,13.663800239562988,13.663800239562988,13.654999732971191,13.654999732971191,907,0.0,0.0
2024-06-04 13:58:00-04:00,13.65999984741211,13.670000076293945,13.65999984741211,13.670000076293945,2083,0.0,0.0
2024-06-04 13:59:00-04:00,13.664999961853027,13.670000076293945,13.65999984741211,13.664999961853027,9883,0.0,0.0
2024-06-04 14:00:00-04:00,13.670000076293945,13.670000076293945,13.664999961853027,13.664999961853027,904,0.0,0.0
2024-06-04 14:01:00-04:00,13.664999961853027,13.670000076293945,13.664999961853027,13.670000076293945,545,0.0,0.0
2024-06-04 14:02:00-04:00,13.65999984741211,13.675000190734863,13.654999732971191,13.675000190734863,3813,0.0,0.0
2024-06-04 14:03:00-04:00,13.680000305175781,13.6899995803833,13.680000305175781,13.6899995803833,1376,0.0,0.0
2024-06-04 14:04:00-04:00,13.690099716186523,13.694999694824219,13.690099716186523,13.694999694824219,1245,0.0,0.0
2024-06-04 14:05:00-04:00,13.694999694824219,13.694999694824219,13.664999961853027,13.664999961853027,3758,0.0,0.0
2024-06-04 14:06:00-04:00,13.664999961853027,13.675000190734863,13.664999961853027,13.675000190734863,2111,0.0,0.0
2024-06-04 14:07:00-04:00,13.670000076293945,13.6899995803833,13.670000076293945,13.6899995803833,2550,0.0,0.0
2024-06-04 14:08:00-04:00,13.6850004196167,13.6850004196167,13.6850004196167,13.6850004196167,654,0.0,0.0
2024-06-04 14:09:00-04:00,13.680000305175781,13.6850004196167,13.672599792480469,13.672599792480469,2360,0.0,0.0
2024-06-04 14:10:00-04:00,13.675000190734863,13.675000190734863,13.65999984741211,13.670000076293945,4196,0.0,0.0
2024-06-04 14:12:00-04:00,13.664999961853027,13.670000076293945,13.664999961853027,13.670000076293945,942,0.0,0.0
2024-06-04 14:13:00-04:00,13.670000076293945,13.71500015258789,13.664999961853027,13.699999809265137,18613,0.0,0.0
2024-06-04 14:14:00-04:00,13.699999809265137,13.699999809265137,13.694999694824219,13.694999694824219,2531,0.0,0.0
2024-06-04 14:15:00-04:00,13.694999694824219,13.704999923706055,13.6899995803833,13.6899995803833,3503,0.0,0.0
2024-06-04 14:16:00-04:00,13.6899995803833,13.694999694824219,13.6899995803833,13.694999694824219,1223,0.0,0.0
2024-06-04 14:17:00-04:00,13.694999694824219,13.729999542236328,13.694999694824219,13.71500015258789,6591,0.0,0.0
2024-06-04 14:18:00-04:00,13.710000038146973,13.725000381469727,13.710000038146973,13.725000381469727,5685,0.0,0.0
2024-06-04 14:19:00-04:00,13.729100227355957,13.729100227355957,13.72089958190918,13.725000381469727,1588,0.0,0.0
2024-06-04 14:20:00-04:00,13.729999542236328,13.739999771118164,13.729999542236328,13.739999771118164,4191,0.0,0.0
2024-06-04 14:21:00-04:00,13.739999771118164,13.739999771118164,13.725000381469727,13.739999771118164,4458,0.0,0.0
2024-06-04 14:22:00-04:00,13.729999542236328,13.739999771118164,13.729999542236328,13.739999771118164,2643,0.0,0.0
2024-06-04 14:23:00-04:00,13.75,13.755000114440918,13.744999885559082,13.755000114440918,4648,0.0,0.0
2024-06-04 14:24:00-04:00,13.744999885559082,13.75,13.744999885559082,13.75,4433,0.0,0.0
2024-06-04 14:25:00-04:00,13.75,13.75,13.729999542236328,13.729999542236328,3379,0.0,0.0
2024-06-04 14:26:00-04:00,13.720000267028809,13.729999542236328,13.720000267028809,13.729999542236328,1179,0.0,0.0
2024-06-04 14:27:00-04:00,13.729999542236328,13.755000114440918,13.729999542236328,13.755000114440918,5833,0.0,0.0
2024-06-04 14:28:00-04:00,13.755000114440918,13.765000343322754,13.755000114440918,13.760199546813965,4940,0.0,0.0
2024-06-04 14:29:00-04:00,13.770000457763672,13.774999618530273,13.76200008392334,13.774999618530273,3121,0.0,0.0
2024-06-04 14:30:00-04:00,13.774999618530273,13.774999618530273,13.755000114440918,13.760000228881836,5086,0.0,0.0
2024-06-04 14:31:00-04:00,13.755000114440918,13.760000228881836,13.744999885559082,13.744999885559082,3085,0.0,0.0
2024-06-04 14:32:00-04:00,13.75,13.75,13.75,13.75,849,0.0,0.0
2024-06-04 14:33:00-04:00,13.744999885559082,13.75,13.744999885559082,13.744999885559082,1850,0.0,0.0
2024-06-04 14:34:00-04:00,13.744999885559082,13.75,13.744999885559082,13.744999885559082,2281,0.0,0.0
2024-06-04 14:35:00-04:00,13.744999885559082,13.744999885559082,13.734999656677246,13.734999656677246,3734,0.0,0.0
2024-06-04 14:36:00-04:00,13.739999771118164,13.770000457763672,13.739999771118164,13.760000228881836,18127,0.0,0.0
2024-06-04 14:37:00-04:00,13.755000114440918,13.760000228881836,13.755000114440918,13.760000228881836,1085,0.0,0.0
2024-06-04 14:38:00-04:00,13.760000228881836,13.760000228881836,13.755000114440918,13.760000228881836,2163,0.0,0.0
2024-06-04 14:39:00-04:00,13.770000457763672,13.770000457763672,13.760000228881836,13.760000228881836,3392,0.0,0.0
2024-06-04 14:40:00-04:00,13.760000228881836,13.779999732971191,13.760000228881836,13.774999618530273,12965,0.0,0.0
2024-06-04 14:41:00-04:00,13.779999732971191,13.789999961853027,13.774999618530273,13.78499984741211,8633,0.0,0.0
2024-06-04 14:42:00-04:00,13.78499984741211,13.795000076293945,13.78499984741211,13.795000076293945,3518,0.0,0.0
2024-06-04 14:43:00-04:00,13.795000076293945,13.805000305175781,13.795000076293945,13.805000305175781,3374,0.0,0.0
2024-06-04 14:44:00-04:00,13.795000076293945,13.795000076293945,13.795000076293945,13.795000076293945,1401,0.0,0.0
2024-06-04 14:45:00-04:00,13.795000076293945,13.797499656677246,13.774999618530273,13.789999961853027,6407,0.0,0.0
2024-06-04 14:46:00-04:00,13.789999961853027,13.789999961853027,13.78499984741211,13.789999961853027,2351,0.0,0.0
2024-06-04 14:47:00-04:00,13.795000076293945,13.800000190734863,13.795000076293945,13.800000190734863,3687,0.0,0.0
2024-06-04 14:48:00-04:00,13.789999961853027,13.789999961853027,13.789999961853027,13.789999961853027,666,0.0,0.0
2024-06-04 14:49:00-04:00,13.779999732971191,13.779999732971191,13.770000457763672,13.770000457763672,3024,0.0,0.0
2024-06-04 14:50:00-04:00,13.779999732971191,13.800000190734863,13.779999732971191,13.800000190734863,4950,0.0,0.0
2024-06-04 14:51:00-04:00,13.795000076293945,13.800000190734863,13.789999961853027,13.789999961853027,4477,0.0,0.0
2024-06-04 14:52:00-04:00,13.795000076293945,13.795000076293945,13.789999961853027,13.789999961853027,1715,0.0,0.0
2024-06-04 14:53:00-04:00,13.78499984741211,13.78499984741211,13.774999618530273,13.774999618530273,1574,0.0,0.0
2024-06-04 14:54:00-04:00,13.770000457763672,13.789999961853027,13.770000457763672,13.779999732971191,11255,0.0,0.0
2024-06-04 14:55:00-04:00,13.770000457763672,13.779999732971191,13.770000457763672,13.779999732971191,2970,0.0,0.0
2024-06-04 14:56:00-04:00,13.779999732971191,13.78499984741211,13.770000457763672,13.78499984741211,7146,0.0,0.0
2024-06-04 14:57:00-04:00,13.779999732971191,13.779999732971191,13.779999732971191,13.779999732971191,1483,0.0,0.0
2024-06-04 14:58:00-04:00,13.770000457763672,13.770000457763672,13.742500305175781,13.75,9252,0.0,0.0
2024-06-04 14:59:00-04:00,13.744999885559082,13.770000457763672,13.734999656677246,13.734999656677246,33513,0.0,0.0
2024-06-04 15:00:00-04:00,13.734999656677246,13.734999656677246,13.6850004196167,13.6850004196167,5103,0.0,0.0
2024-06-04 15:01:00-04:00,13.6850004196167,13.6899995803833,13.65999984741211,13.664999961853027,11216,0.0,0.0
2024-06-04 15:02:00-04:00,13.65999984741211,13.65999984741211,13.625,13.630000114440918,13977,0.0,0.0
2024-06-04 15:03:00-04:00,13.640000343322754,13.640000343322754,13.628999710083008,13.635000228881836,2451,0.0,0.0
2024-06-04 15:04:00-04:00,13.635000228881836,13.635000228881836,13.609999656677246,13.609999656677246,3972,0.0,0.0
2024-06-04 15:05:00-04:00,13.600000381469727,13.609999656677246,13.593000411987305,13.609999656677246,6796,0.0,0.0
2024-06-04 15:06:00-04:00,13.614999771118164,13.61989974975586,13.600000381469727,13.600000381469727,5109,0.0,0.0
2024-06-04 15:07:00-04:00,13.600000381469727,13.604999542236328,13.595000267028809,13.600000381469727,3747,0.0,0.0
2024-06-04 15:08:00-04:00,13.604999542236328,13.630000114440918,13.604999542236328,13.625,10220,0.0,0.0
2024-06-04 15:09:00-04:00,13.614999771118164,13.614999771118164,13.601400375366211,13.604999542236328,3748,0.0,0.0
2024-06-04 15:10:00-04:00,13.604999542236328,13.609999656677246,13.604999542236328,13.604999542236328,2732,0.0,0.0
2024-06-04 15:11:00-04:00,13.604999542236328,13.609999656677246,13.595000267028809,13.595000267028809,2428,0.0,0.0
2024-06-04 15:12:00-04:00,13.600000381469727,13.609999656677246,13.600000381469727,13.600000381469727,6248,0.0,0.0
2024-06-04 15:13:00-04:00,13.59000015258789,13.604999542236328,13.585000038146973,13.604999542236328,3091,0.0,0.0
2024-06-04 15:14:00-04:00,13.614999771118164,13.619999885559082,13.614999771118164,13.619999885559082,3064,0.0,0.0
2024-06-04 15:15:00-04:00,13.614999771118164,13.614999771118164,13.604999542236328,13.604999542236328,1411,0.0,0.0
2024-06-04 15:16:00-04:00,13.609999656677246,13.619999885559082,13.600000381469727,13.600000381469727,5627,0.0,0.0
2024-06-04 15:17:00-04:00,13.604999542236328,13.614999771118164,13.579999923706055,13.579999923706055,4295,0.0,0.0
2024-06-04 15:18:00-04:00,13.579999923706055,13.585000038146973,13.579999923706055,13.585000038146973,2387,0.0,0.0
2024-06-04 15:19:00-04:00,13.579999923706055,13.585000038146973,13.5600004196167,13.574999809265137,7409,0.0,0.0
2024-06-04 15:20:00-04:00,13.574999809265137,13.578100204467773,13.5649995803833,13.578100204467773,2614,0.0,0.0
2024-06-04 15:21:00-04:00,13.574999809265137,13.579999923706055,13.569999694824219,13.574999809265137,3743,0.0,0.0
2024-06-04 15:22:00-04:00,13.579999923706055,13.585000038146973,13.574999809265137,13.574999809265137,3184,0.0,0.0
2024-06-04 15:23:00-04:00,13.579999923706055,13.579999923706055,13.569999694824219,13.574999809265137,4182,0.0,0.0
2024-06-04 15:24:00-04:00,13.569999694824219,13.585000038146973,13.5600004196167,13.585000038146973,14002,0.0,0.0
2024-06-04 15:25:00-04:00,13.585000038146973,13.595000267028809,13.585000038146973,13.585000038146973,4845,0.0,0.0
2024-06-04 15:26:00-04:00,13.585000038146973,13.585000038146973,13.5600004196167,13.569999694824219,5187,0.0,0.0
2024-06-04 15:27:00-04:00,13.574999809265137,13.585000038146973,13.569999694824219,13.585000038146973,4541,0.0,0.0
2024-06-04 15:28:00-04:00,13.59000015258789,13.59000015258789,13.585000038146973,13.59000015258789,2525,0.0,0.0
2024-06-04 15:29:00-04:00,13.595000267028809,13.595000267028809,13.555000305175781,13.5600004196167,5967,0.0,0.0
2024-06-04 15:30:00-04:00,13.5600004196167,13.5600004196167,13.555000305175781,13.555000305175781,3143,0.0,0.0
2024-06-04 15:31:00-04:00,13.550000190734863,13.550000190734863,13.539999961853027,13.545000076293945,5604,0.0,0.0
2024-06-04 15:32:00-04:00,13.545000076293945,13.548999786376953,13.529999732971191,13.53499984741211,4515,0.0,0.0
2024-06-04 15:33:00-04:00,13.539999961853027,13.5600004196167,13.529999732971191,13.555000305175781,8263,0.0,0.0
2024-06-04 15:34:00-04:00,13.555000305175781,13.5600004196167,13.555000305175781,13.5600004196167,3682,0.0,0.0
2024-06-04 15:35:00-04:00,13.5600004196167,13.5649995803833,13.524999618530273,13.529999732971191,10287,0.0,0.0
2024-06-04 15:36:00-04:00,13.53499984741211,13.545000076293945,13.529999732971191,13.545000076293945,4490,0.0,0.0
2024-06-04 15:37:00-04:00,13.545000076293945,13.550000190734863,13.53499984741211,13.550000190734863,5783,0.0,0.0
2024-06-04 15:38:00-04:00,13.539999961853027,13.539999961853027,13.510000228881836,13.510000228881836,9884,0.0,0.0
2024-06-04 15:39:00-04:00,13.505000114440918,13.510000228881836,13.489999771118164,13.510000228881836,10963,0.0,0.0
2024-06-04 15:40:00-04:00,13.515000343322754,13.529999732971191,13.510000228881836,13.529999732971191,5018,0.0,0.0
2024-06-04 15:41:00-04:00,13.524999618530273,13.529999732971191,13.520000457763672,13.524999618530273,4645,0.0,0.0
2024-06-04 15:42:00-04:00,13.524999618530273,13.529999732971191,13.520000457763672,13.524999618530273,7412,0.0,0.0
2024-06-04 15:43:00-04:00,13.524999618530273,13.545000076293945,13.524999618530273,13.539999961853027,6145,0.0,0.0
2024-06-04 15:44:00-04:00,13.539999961853027,13.545000076293945,13.53499984741211,13.53499984741211,5884,0.0,0.0
2024-06-04 15:45:00-04:00,13.539999961853027,13.569999694824219,13.539999961853027,13.5600004196167,12418,0.0,0.0
2024-06-04 15:46:00-04:00,13.5600004196167,13.5600004196167,13.53499984741211,13.559900283813477,11886,0.0,0.0
2024-06-04 15:47:00-04:00,13.550000190734863,13.569999694824219,13.550000190734863,13.5649995803833,8332,0.0,0.0
2024-06-04 15:48:00-04:00,13.5649995803833,13.5649995803833,13.550000190734863,13.5649995803833,12773,0.0,0.0
2024-06-04 15:49:00-04:00,13.5649995803833,13.5649995803833,13.53499984741211,13.53499984741211,8457,0.0,0.0
2024-06-04 15:50:00-04:00,13.529999732971191,13.545000076293945,13.529999732971191,13.545000076293945,18638,0.0,0.0
2024-06-04 15:51:00-04:00,13.539999961853027,13.585000038146973,13.539999961853027,13.579999923706055,13233,0.0,0.0
2024-06-04 15:52:00-04:00,13.574999809265137,13.579999923706055,13.5649995803833,13.574999809265137,12949,0.0,0.0
2024-06-04 15:53:00-04:00,13.569999694824219,13.579999923706055,13.5600004196167,13.579999923706055,10777,0.0,0.0
2024-06-04 15:54:00-04:00,13.579999923706055,13.59000015258789,13.574999809265137,13.579999923706055,46658,0.0,0.0
2024-06-04 15:55:00-04:00,13.585000038146973,13.585000038146973,13.569999694824219,13.585000038146973,44109,0.0,0.0
2024-06-04 15:56:00-04:00,13.585000038146973,13.585000038146973,13.569999694824219,13.574999809265137,32009,0.0,0.0
2024-06-04 15:57:00-04:00,13.574999809265137,13.579999923706055,13.550000190734863,13.5600004196167,45767,0.0,0.0
2024-06-04 15:58:00-04:00,13.5649995803833,13.569999694824219,13.555000305175781,13.5600004196167,36318,0.0,0.0
2024-06-04 15:59:00-04:00,13.5600004196167,13.579999923706055,13.550000190734863,13.5649995803833,62123,0.0,0.0
2024-06-05 09:30:00-04:00,13.5600004196167,13.699999809265137,13.5600004196167,13.699999809265137,44590,0.0,0.0
2024-06-05 09:31:00-04:00,13.699999809265137,13.699999809265137,13.5600004196167,13.579999923706055,12378,0.0,0.0
2024-06-05 09:32:00-04:00,13.550000190734863,13.600000381469727,13.520000457763672,13.569999694824219,5482,0.0,0.0
2024-06-05 09:33:00-04:00,13.550000190734863,13.550000190734863,13.489999771118164,13.510000228881836,3930,0.0,0.0
2024-06-05 09:34:00-04:00,13.520000457763672,13.520000457763672,13.4399995803833,13.4399995803833,109854,0.0,0.0
2024-06-05 09:35:00-04:00,13.454999923706055,13.550000190734863,13.454999923706055,13.550000190734863,9250,0.0,0.0
2024-06-05 09:36:00-04:00,13.539999961853027,13.539999961853027,13.439000129699707,13.444999694824219,4319,0.0,0.0
2024-06-05 09:37:00-04:00,13.460000038146973,13.479999542236328,13.449999809265137,13.460000038146973,5932,0.0,0.0
2024-06-05 09:38:00-04:00,13.471099853515625,13.475899696350098,13.444999694824219,13.444999694824219,547,0.0,0.0
2024-06-05 09:39:00-04:00,13.420000076293945,13.420000076293945,13.359999656677246,13.380000114440918,10349,0.0,0.0
2024-06-05 09:40:00-04:00,13.390000343322754,13.460000038146973,13.390000343322754,13.430000305175781,5546,0.0,0.0
2024-06-05 09:41:00-04:00,13.430000305175781,13.489999771118164,13.430000305175781,13.489999771118164,2414,0.0,0.0
2024-06-05 09:42:00-04:00,13.489999771118164,13.529999732971191,13.479999542236328,13.5,5923,0.0,0.0
2024-06-05 09:43:00-04:00,13.494999885559082,13.494999885559082,13.479999542236328,13.494999885559082,952,0.0,0.0
2024-06-05 09:44:00-04:00,13.479999542236328,13.5,13.479999542236328,13.489999771118164,5075,0.0,0.0
2024-06-05 09:45:00-04:00,13.510000228881836,13.510000228881836,13.470000267028809,13.5,42001,0.0,0.0
2024-06-05 09:46:00-04:00,13.479999542236328,13.5,13.479999542236328,13.5,5522,0.0,0.0
2024-06-05 09:47:00-04:00,13.5,13.640000343322754,13.5,13.635000228881836,71523,0.0,0.0
2024-06-05 09:48:00-04:00,13.640000343322754,13.65999984741211,13.630000114440918,13.65999984741211,10347,0.0,0.0
2024-06-05 09:49:00-04:00,13.65999984741211,13.710000038146973,13.640000343322754,13.699999809265137,9509,0.0,0.0
2024-06-05 09:50:00-04:00,13.6899995803833,13.704999923706055,13.640000343322754,13.654999732971191,10019,0.0,0.0
2024-06-05 09:51:00-04:00,13.65999984741211,13.6899995803833,13.65999984741211,13.675000190734863,3710,0.0,0.0
2024-06-05 09:52:00-04:00,13.680000305175781,13.789999961853027,13.680000305175781,13.789999961853027,13946,0.0,0.0
2024-06-05 09:53:00-04:00,13.800000190734863,13.8100004196167,13.779999732971191,13.8100004196167,6806,0.0,0.0
2024-06-05 09:54:00-04:00,13.800000190734863,13.800000190734863,13.770000457763672,13.78380012512207,7169,0.0,0.0
2024-06-05 09:55:00-04:00,13.789799690246582,13.789999961853027,13.774999618530273,13.779999732971191,7392,0.0,0.0
2024-06-05 09:56:00-04:00,13.770000457763672,13.770000457763672,13.699999809265137,13.755000114440918,15271,0.0,0.0
2024-06-05 09:57:00-04:00,13.729999542236328,13.795000076293945,13.729999542236328,13.779999732971191,2670,0.0,0.0
2024-06-05 09:58:00-04:00,13.779999732971191,13.800000190734863,13.770000457763672,13.78499984741211,6196,0.0,0.0
2024-06-05 09:59:00-04:00,13.78499984741211,13.8100004196167,13.77910041809082,13.8100004196167,5340,0.0,0.0
2024-06-05 10:00:00-04:00,13.789999961853027,13.789999961853027,13.65999984741211,13.739999771118164,28205,0.0,0.0
2024-06-05 10:01:00-04:00,13.710000038146973,13.880000114440918,13.710000038146973,13.869999885559082,8167,0.0,0.0
2024-06-05 10:02:00-04:00,13.869999885559082,13.899999618530273,13.859999656677246,13.859999656677246,8053,0.0,0.0
2024-06-05 10:03:00-04:00,13.859999656677246,13.9399995803833,13.859999656677246,13.890000343322754,19097,0.0,0.0
2024-06-05 10:04:00-04:00,13.880000114440918,13.920000076293945,13.880000114440918,13.90999984741211,31782,0.0,0.0
2024-06-05 10:05:00-04:00,13.90999984741211,13.925000190734863,13.800000190734863,13.925000190734863,12301,0.0,0.0
2024-06-05 10:06:00-04:00,13.925000190734863,13.989999771118164,13.925000190734863,13.989999771118164,13715,0.0,0.0
2024-06-05 10:07:00-04:00,13.979999542236328,13.979999542236328,13.899999618530273,13.920000076293945,8980,0.0,0.0
2024-06-05 10:08:00-04:00,13.9350004196167,13.970000267028809,13.930000305175781,13.949999809265137,6017,0.0,0.0
2024-06-05 10:09:00-04:00,13.9399995803833,13.960000038146973,13.920000076293945,13.925000190734863,5635,0.0,0.0
2024-06-05 10:10:00-04:00,13.920000076293945,13.949999809265137,13.880000114440918,13.889699935913086,7964,0.0,0.0
2024-06-05 10:11:00-04:00,13.859999656677246,13.859999656677246,13.8100004196167,13.8100004196167,4106,0.0,0.0
2024-06-05 10:12:00-04:00,13.79889965057373,13.807999610900879,13.79889965057373,13.805000305175781,3100,0.0,0.0
2024-06-05 10:13:00-04:00,13.805000305175781,13.805000305175781,13.74429988861084,13.74429988861084,54893,0.0,0.0
2024-06-05 10:14:00-04:00,13.74899959564209,13.74899959564209,13.734999656677246,13.738900184631348,787,0.0,0.0
2024-06-05 10:15:00-04:00,13.734999656677246,13.734999656677246,13.699999809265137,13.734999656677246,33857,0.0,0.0
2024-06-05 10:16:00-04:00,13.734999656677246,13.8100004196167,13.699399948120117,13.800000190734863,24643,0.0,0.0
2024-06-05 10:17:00-04:00,13.8100004196167,13.869999885559082,13.770000457763672,13.859999656677246,7389,0.0,0.0
2024-06-05 10:18:00-04:00,13.859999656677246,13.869999885559082,13.859999656677246,13.869999885559082,2692,0.0,0.0
2024-06-05 10:19:00-04:00,13.875,13.890000343322754,13.859999656677246,13.890000343322754,10068,0.0,0.0
2024-06-05 10:20:00-04:00,13.899999618530273,13.920000076293945,13.869999885559082,13.885000228881836,6713,0.0,0.0
2024-06-05 10:21:00-04:00,13.899999618530273,13.920000076293945,13.869999885559082,13.890000343322754,27911,0.0,0.0
2024-06-05 10:22:00-04:00,13.890000343322754,13.960000038146973,13.869999885559082,13.960000038146973,8294,0.0,0.0
2024-06-05 10:23:00-04:00,13.968000411987305,14.010000228881836,13.968000411987305,14.010000228881836,7134,0.0,0.0
2024-06-05 10:24:00-04:00,14.020000457763672,14.0600004196167,14.020000457763672,14.039999961853027,11847,0.0,0.0
2024-06-05 10:25:00-04:00,14.050000190734863,14.085000038146973,14.047699928283691,14.058899879455566,8553,0.0,0.0
2024-06-05 10:26:00-04:00,14.050100326538086,14.079999923706055,14.020000457763672,14.03499984741211,5727,0.0,0.0
2024-06-05 10:27:00-04:00,14.010000228881836,14.010000228881836,13.975000381469727,13.979999542236328,6446,0.0,0.0
2024-06-05 10:28:00-04:00,13.944999694824219,14.020000457763672,13.944999694824219,14.010000228881836,6686,0.0,0.0
2024-06-05 10:29:00-04:00,14.005000114440918,14.029999732971191,13.944999694824219,13.949999809265137,28714,0.0,0.0
2024-06-05 10:30:00-04:00,13.944999694824219,13.960000038146973,13.899999618530273,13.914999961853027,6787,0.0,0.0
2024-06-05 10:31:00-04:00,13.914999961853027,13.970000267028809,13.913999557495117,13.970000267028809,6116,0.0,0.0
2024-06-05 10:32:00-04:00,13.970000267028809,13.970000267028809,13.890000343322754,13.925000190734863,11217,0.0,0.0
2024-06-05 10:33:00-04:00,13.928299903869629,13.9399995803833,13.895000457763672,13.899499893188477,6095,0.0,0.0
2024-06-05 10:34:00-04:00,13.899999618530273,13.949999809265137,13.895000457763672,13.895000457763672,4788,0.0,0.0
2024-06-05 10:35:00-04:00,13.895000457763672,13.9399995803833,13.885000228881836,13.925000190734863,5057,0.0,0.0
2024-06-05 10:36:00-04:00,13.925000190734863,13.930000305175781,13.885000228881836,13.889300346374512,4847,0.0,0.0
2024-06-05 10:37:00-04:00,13.885000228881836,13.9399995803833,13.885000228881836,13.9350004196167,7121,0.0,0.0
2024-06-05 10:38:00-04:00,13.9350004196167,14.029999732971191,13.9350004196167,14.0,15658,0.0,0.0
2024-06-05 10:39:00-04:00,14.010000228881836,14.0600004196167,14.010000228881836,14.0600004196167,14662,0.0,0.0
2024-06-05 10:40:00-04:00,14.0600004196167,14.079999923706055,14.039999961853027,14.050000190734863,53601,0.0,0.0
2024-06-05 10:41:00-04:00,14.03499984741211,14.03499984741211,13.949999809265137,13.949999809265137,5595,0.0,0.0
2024-06-05 10:42:00-04:00,13.949999809265137,13.970000267028809,13.9399995803833,13.970000267028809,19467,0.0,0.0
2024-06-05 10:43:00-04:00,13.9399995803833,13.9399995803833,13.890000343322754,13.899299621582031,17386,0.0,0.0
2024-06-05 10:44:00-04:00,13.895000457763672,13.925000190734863,13.890000343322754,13.899999618530273,19794,0.0,0.0
2024-06-05 10:45:00-04:00,13.904999732971191,13.904999732971191,13.880000114440918,13.890000343322754,4134,0.0,0.0
2024-06-05 10:46:00-04:00,13.890000343322754,13.890000343322754,13.850000381469727,13.859999656677246,17449,0.0,0.0
2024-06-05 10:47:00-04:00,13.869999885559082,13.890000343322754,13.869999885559082,13.880000114440918,3971,0.0,0.0
2024-06-05 10:48:00-04:00,13.875,13.890000343322754,13.84000015258789,13.845000267028809,65996,0.0,0.0
2024-06-05 10:49:00-04:00,13.824999809265137,13.989999771118164,13.800000190734863,13.86989974975586,35478,0.0,0.0
2024-06-05 10:50:00-04:00,13.850000381469727,13.864999771118164,13.850000381469727,13.864999771118164,3176,0.0,0.0
2024-06-05 10:51:00-04:00,13.859999656677246,13.899999618530273,13.859999656677246,13.890000343322754,6932,0.0,0.0
2024-06-05 10:52:00-04:00,13.880000114440918,13.880000114440918,13.875,13.880000114440918,971,0.0,0.0
2024-06-05 10:53:00-04:00,13.845000267028809,13.869999885559082,13.835000038146973,13.859999656677246,4598,0.0,0.0
2024-06-05 10:54:00-04:00,13.859999656677246,13.885000228881836,13.854999542236328,13.885000228881836,2902,0.0,0.0
2024-06-05 10:56:00-04:00,13.835000038146973,13.835000038146973,13.800000190734863,13.800000190734863,4879,0.0,0.0
2024-06-05 10:57:00-04:00,13.800000190734863,13.800000190734863,13.779999732971191,13.795000076293945,8336,0.0,0.0
2024-06-05 10:58:00-04:00,13.795000076293945,13.800000190734863,13.779999732971191,13.800000190734863,3133,0.0,0.0
2024-06-05 10:59:00-04:00,13.800000190734863,13.829999923706055,13.800000190734863,13.8100004196167,2899,0.0,0.0
2024-06-05 11:00:00-04:00,13.8100004196167,13.829999923706055,13.800000190734863,13.824999809265137,4860,0.0,0.0
2024-06-05 11:01:00-04:00,13.824999809265137,13.824999809265137,13.8149995803833,13.8149995803833,1425,0.0,0.0
2024-06-05 11:02:00-04:00,13.8149995803833,13.819999694824219,13.800000190734863,13.819999694824219,3705,0.0,0.0
2024-06-05 11:03:00-04:00,13.835000038146973,13.835000038146973,13.8149995803833,13.8149995803833,1224,0.0,0.0
2024-06-05 11:04:00-04:00,13.819999694824219,13.824999809265137,13.819999694824219,13.824999809265137,1438,0.0,0.0
2024-06-05 11:05:00-04:00,13.819999694824219,13.824999809265137,13.8149995803833,13.819499969482422,1878,0.0,0.0
2024-06-05 11:06:00-04:00,13.8100004196167,13.8100004196167,13.8100004196167,13.8100004196167,697,0.0,0.0
2024-06-05 11:07:00-04:00,13.800000190734863,13.800000190734863,13.789999961853027,13.789999961853027,6075,0.0,0.0
2024-06-05 11:08:00-04:00,13.78499984741211,13.795000076293945,13.78499984741211,13.789999961853027,1920,0.0,0.0
2024-06-05 11:09:00-04:00,13.800000190734863,13.800000190734863,13.78499984741211,13.78499984741211,2486,0.0,0.0
2024-06-05 11:10:00-04:00,13.78499984741211,13.8125,13.78499984741211,13.800000190734863,3499,0.0,0.0
2024-06-05 11:11:00-04:00,13.800000190734863,13.805000305175781,13.793000221252441,13.793000221252441,2058,0.0,0.0
2024-06-05 11:12:00-04:00,13.795000076293945,13.795000076293945,13.795000076293945,13.795000076293945,1306,0.0,0.0
2024-06-05 11:13:00-04:00,13.78499984741211,13.78499984741211,13.78499984741211,13.78499984741211,963,0.0,0.0
2024-06-05 11:14:00-04:00,13.779999732971191,13.779999732971191,13.765000343322754,13.765000343322754,2291,0.0,0.0
2024-06-05 11:15:00-04:00,13.765000343322754,13.779000282287598,13.75,13.755000114440918,14656,0.0,0.0
2024-06-05 11:16:00-04:00,13.755000114440918,13.798999786376953,13.755000114440918,13.78499984741211,6634,0.0,0.0
2024-06-05 11:17:00-04:00,13.789400100708008,13.789400100708008,13.725000381469727,13.7298002243042,4819,0.0,0.0
2024-06-05 11:18:00-04:00,13.729999542236328,13.75,13.720000267028809,13.744999885559082,3164,0.0,0.0
2024-06-05 11:19:00-04:00,13.744999885559082,13.769000053405762,13.739999771118164,13.739999771118164,2212,0.0,0.0
2024-06-05 11:20:00-04:00,13.710000038146973,13.710000038146973,13.699999809265137,13.710000038146973,2117,0.0,0.0
2024-06-05 11:21:00-04:00,13.704999923706055,13.710000038146973,13.704999923706055,13.704999923706055,2120,0.0,0.0
2024-06-05 11:22:00-04:00,13.680000305175781,13.720000267028809,13.680000305175781,13.704999923706055,5524,0.0,0.0
2024-06-05 11:23:00-04:00,13.704999923706055,13.744999885559082,13.704999923706055,13.744999885559082,3618,0.0,0.0
2024-06-05 11:24:00-04:00,13.75,13.779999732971191,13.75,13.779999732971191,1869,0.0,0.0
2024-06-05 11:25:00-04:00,13.774999618530273,13.779999732971191,13.765000343322754,13.765000343322754,1942,0.0,0.0
2024-06-05 11:26:00-04:00,13.760000228881836,13.760000228881836,13.744999885559082,13.744999885559082,1457,0.0,0.0
2024-06-05 11:27:00-04:00,13.75,13.770000457763672,13.75,13.765000343322754,2101,0.0,0.0
2024-06-05 11:28:00-04:00,13.770000457763672,13.774999618530273,13.770000457763672,13.770000457763672,1480,0.0,0.0
2024-06-05 11:29:00-04:00,13.760000228881836,13.760000228881836,13.760000228881836,13.760000228881836,480,0.0,0.0
2024-06-05 11:30:00-04:00,13.760000228881836,13.774999618530273,13.755000114440918,13.760000228881836,7399,0.0,0.0
2024-06-05 11:31:00-04:00,13.75,13.805000305175781,13.744999885559082,13.805000305175781,4757,0.0,0.0
2024-06-05 11:32:00-04:00,13.8100004196167,13.835000038146973,13.8100004196167,13.829999923706055,2527,0.0,0.0
2024-06-05 11:33:00-04:00,13.835000038146973,13.835000038146973,13.835000038146973,13.835000038146973,449,0.0,0.0
2024-06-05 11:34:00-04:00,13.84000015258789,13.845000267028809,13.829999923706055,13.829999923706055,4508,0.0,0.0
2024-06-05 11:36:00-04:00,13.829999923706055,13.84000015258789,13.829999923706055,13.829999923706055,1659,0.0,0.0
2024-06-05 11:37:00-04:00,13.824999809265137,13.84000015258789,13.824999809265137,13.84000015258789,1848,0.0,0.0
2024-06-05 11:38:00-04:00,13.824999809265137,13.829999923706055,13.824999809265137,13.829999923706055,861,0.0,0.0
2024-06-05 11:39:00-04:00,13.819999694824219,13.819999694824219,13.800000190734863,13.800000190734863,1608,0.0,0.0
2024-06-05 11:40:00-04:00,13.779999732971191,13.78499984741211,13.779999732971191,13.78499984741211,484,0.0,0.0
2024-06-05 11:41:00-04:00,13.789999961853027,13.789999961853027,13.774999618530273,13.789999961853027,3325,0.0,0.0
2024-06-05 11:42:00-04:00,13.789999961853027,13.819999694824219,13.789999961853027,13.819999694824219,7145,0.0,0.0
2024-06-05 11:43:00-04:00,13.829999923706055,13.829999923706055,13.819999694824219,13.824999809265137,3501,0.0,0.0
2024-06-05 11:44:00-04:00,13.8149995803833,13.824999809265137,13.8149995803833,13.819999694824219,2032,0.0,0.0
2024-06-05 11:47:00-04:00,13.8149995803833,13.8149995803833,13.800000190734863,13.800000190734863,1960,0.0,0.0
2024-06-05 11:48:00-04:00,13.789999961853027,13.789999961853027,13.789999961853027,13.789999961853027,1997,0.0,0.0
2024-06-05 11:49:00-04:00,13.795000076293945,13.795000076293945,13.789999961853027,13.789999961853027,789,0.0,0.0
2024-06-05 11:50:00-04:00,13.789999961853027,13.824999809265137,13.789999961853027,13.8149995803833,4629,0.0,0.0
2024-06-05 11:51:00-04:00,13.824999809265137,13.824999809265137,13.8149995803833,13.819999694824219,872,0.0,0.0
2024-06-05 11:52:00-04:00,13.824999809265137,13.824999809265137,13.824999809265137,13.824999809265137,467,0.0,0.0
2024-06-05 11:53:00-04:00,13.824999809265137,13.835000038146973,13.824999809265137,13.829999923706055,2084,0.0,0.0
2024-06-05 11:54:00-04:00,13.84000015258789,13.84000015258789,13.829999923706055,13.829999923706055,926,0.0,0.0
2024-06-05 11:55:00-04:00,13.8149995803833,13.829999923706055,13.805000305175781,13.829999923706055,4233,0.0,0.0
2024-06-05 11:56:00-04:00,13.84000015258789,13.864999771118164,13.84000015258789,13.864999771118164,3606,0.0,0.0
2024-06-05 11:57:00-04:00,13.854999542236328,13.854999542236328,13.845000267028809,13.850000381469727,1552,0.0,0.0
2024-06-05 11:58:00-04:00,13.850000381469727,13.850000381469727,13.845000267028809,13.845000267028809,1380,0.0,0.0
2024-06-05 11:59:00-04:00,13.829999923706055,13.835000038146973,13.829999923706055,13.835000038146973,2307,0.0,0.0
2024-06-05 12:00:00-04:00,13.835000038146973,13.835000038146973,13.835000038146973,13.835000038146973,1174,0.0,0.0
2024-06-05 12:01:00-04:00,13.819999694824219,13.819999694824219,13.819999694824219,13.819999694824219,436,0.0,0.0
2024-06-05 12:02:00-04:00,13.8149995803833,13.8149995803833,13.8100004196167,13.8149995803833,2364,0.0,0.0
2024-06-05 12:03:00-04:00,13.8149995803833,13.824999809265137,13.8149995803833,13.824999809265137,1465,0.0,0.0
2024-06-05 12:04:00-04:00,13.824999809265137,13.824999809265137,13.824999809265137,13.824999809265137,250,0.0,0.0
2024-06-05 12:05:00-04:00,13.819999694824219,13.819999694824219,13.819999694824219,13.819999694824219,1326,0.0,0.0
2024-06-05 12:06:00-04:00,13.809399604797363,13.8149995803833,13.809399604797363,13.8149995803833,3859,0.0,0.0
2024-06-05 12:07:00-04:00,13.8100004196167,13.8100004196167,13.8100004196167,13.8100004196167,1782,0.0,0.0
2024-06-05 12:08:00-04:00,13.819999694824219,13.819999694824219,13.8149995803833,13.8149995803833,1230,0.0,0.0
2024-06-05 12:09:00-04:00,13.8149995803833,13.8149995803833,13.789999961853027,13.789999961853027,1284,0.0,0.0
2024-06-05 12:10:00-04:00,13.789899826049805,13.789999961853027,13.78499984741211,13.789999961853027,2775,0.0,0.0
2024-06-05 12:11:00-04:00,13.789999961853027,13.789999961853027,13.779999732971191,13.779999732971191,876,0.0,0.0
2024-06-05 12:12:00-04:00,13.779999732971191,13.805000305175781,13.779999732971191,13.805000305175781,3674,0.0,0.0
2024-06-05 12:13:00-04:00,13.800000190734863,13.819999694824219,13.800000190734863,13.8149995803833,2648,0.0,0.0
2024-06-05 12:14:00-04:00,13.8149995803833,13.8149995803833,13.8100004196167,13.8100004196167,1958,0.0,0.0
2024-06-05 12:15:00-04:00,13.8100004196167,13.824999809265137,13.8100004196167,13.819999694824219,4992,0.0,0.0
2024-06-05 12:16:00-04:00,13.8149995803833,13.824999809265137,13.8149995803833,13.824999809265137,562,0.0,0.0
2024-06-05 12:17:00-04:00,13.824999809265137,13.824999809265137,13.8100004196167,13.8100004196167,1486,0.0,0.0
2024-06-05 12:18:00-04:00,13.8149995803833,13.8149995803833,13.8149995803833,13.8149995803833,372,0.0,0.0
2024-06-05 12:19:00-04:00,13.805000305175781,13.819999694824219,13.805000305175781,13.8149995803833,1993,0.0,0.0
2024-06-05 12:20:00-04:00,13.819999694824219,13.829999923706055,13.8149995803833,13.829999923706055,6734,0.0,0.0
2024-06-05 12:21:00-04:00,13.824999809265137,13.850099563598633,13.800000190734863,13.800000190734863,9878,0.0,0.0
2024-06-05 12:22:00-04:00,13.800000190734863,13.8100004196167,13.800000190734863,13.8100004196167,4339,0.0,0.0
2024-06-05 12:23:00-04:00,13.8100004196167,13.8100004196167,13.795000076293945,13.800000190734863,1836,0.0,0.0
2024-06-05 12:24:00-04:00,13.805000305175781,13.805000305175781,13.800000190734863,13.800000190734863,1964,0.0,0.0
2024-06-05 12:26:00-04:00,13.800000190734863,13.800000190734863,13.789999961853027,13.795000076293945,1020,0.0,0.0
2024-06-05 12:27:00-04:00,13.789999961853027,13.789999961853027,13.770000457763672,13.770000457763672,4471,0.0,0.0
2024-06-05 12:28:00-04:00,13.770000457763672,13.770000457763672,13.760000228881836,13.765000343322754,4724,0.0,0.0
2024-06-05 12:29:00-04:00,13.765000343322754,13.765000343322754,13.75100040435791,13.755000114440918,2394,0.0,0.0
2024-06-05 12:30:00-04:00,13.75,13.75,13.739999771118164,13.739999771118164,2007,0.0,0.0
2024-06-05 12:31:00-04:00,13.739999771118164,13.739999771118164,13.710000038146973,13.71500015258789,6754,0.0,0.0
2024-06-05 12:32:00-04:00,13.720000267028809,13.725000381469727,13.704999923706055,13.710000038146973,3409,0.0,0.0
2024-06-05 12:33:00-04:00,13.710000038146973,13.729999542236328,13.710000038146973,13.729999542236328,2873,0.0,0.0
2024-06-05 12:34:00-04:00,13.729999542236328,13.729999542236328,13.729999542236328,13.729999542236328,200,0.0,0.0
2024-06-05 12:35:00-04:00,13.729999542236328,13.739999771118164,13.729999542236328,13.739999771118164,1767,0.0,0.0
2024-06-05 12:36:00-04:00,13.744999885559082,13.744999885559082,13.739999771118164,13.744999885559082,629,0.0,0.0
2024-06-05 12:37:00-04:00,13.739999771118164,13.765000343322754,13.739999771118164,13.765000343322754,3346,0.0,0.0
2024-06-05 12:38:00-04:00,13.779999732971191,13.789899826049805,13.774999618530273,13.774999618530273,3029,0.0,0.0
2024-06-05 12:39:00-04:00,13.770000457763672,13.770000457763672,13.760000228881836,13.765000343322754,2164,0.0,0.0
2024-06-05 12:40:00-04:00,13.760000228881836,13.774999618530273,13.760000228881836,13.765000343322754,7833,0.0,0.0
2024-06-05 12:41:00-04:00,13.765000343322754,13.805000305175781,13.760000228881836,13.805000305175781,5927,0.0,0.0
2024-06-05 12:42:00-04:00,13.805000305175781,13.805000305175781,13.779999732971191,13.789999961853027,3416,0.0,0.0
2024-06-05 12:43:00-04:00,13.774999618530273,13.789999961853027,13.770099639892578,13.78499984741211,5888,0.0,0.0
2024-06-05 12:44:00-04:00,13.78499984741211,13.819999694824219,13.779999732971191,13.819999694824219,3514,0.0,0.0
2024-06-05 12:45:00-04:00,13.8149995803833,13.819999694824219,13.8149995803833,13.819999694824219,1333,0.0,0.0
2024-06-05 12:46:00-04:00,13.829999923706055,13.835000038146973,13.810999870300293,13.835000038146973,2306,0.0,0.0
2024-06-05 12:47:00-04:00,13.84000015258789,13.854999542236328,13.835000038146973,13.854999542236328,7874,0.0,0.0
2024-06-05 12:48:00-04:00,13.859999656677246,13.895000457763672,13.859999656677246,13.895000457763672,6030,0.0,0.0
2024-06-05 12:49:00-04:00,13.895000457763672,13.914999961853027,13.890000343322754,13.914999961853027,5294,0.0,0.0
2024-06-05 12:50:00-04:00,13.90999984741211,13.90999984741211,13.904999732971191,13.90999984741211,2198,0.0,0.0
2024-06-05 12:51:00-04:00,13.914999961853027,13.914999961853027,13.90999984741211,13.90999984741211,1277,0.0,0.0
2024-06-05 12:52:00-04:00,13.90999984741211,13.979999542236328,13.90999984741211,13.954999923706055,61944,0.0,0.0
2024-06-05 12:53:00-04:00,13.954999923706055,13.954999923706055,13.9399995803833,13.9399995803833,2320,0.0,0.0
2024-06-05 12:54:00-04:00,13.9399995803833,13.954999923706055,13.9399995803833,13.954999923706055,2807,0.0,0.0
2024-06-05 12:55:00-04:00,13.954999923706055,13.954999923706055,13.930000305175781,13.930000305175781,2337,0.0,0.0
2024-06-05 12:56:00-04:00,13.925000190734863,13.930000305175781,13.914999961853027,13.914999961853027,4410,0.0,0.0
2024-06-05 12:57:00-04:00,13.914999961853027,13.925000190734863,13.90999984741211,13.925000190734863,2292,0.0,0.0
2024-06-05 12:58:00-04:00,13.925000190734863,13.9399995803833,13.925000190734863,13.9350004196167,3030,0.0,0.0
2024-06-05 12:59:00-04:00,13.9399995803833,13.9399995803833,13.90999984741211,13.930000305175781,5379,0.0,0.0
2024-06-05 13:00:00-04:00,13.930000305175781,13.930000305175781,13.899999618530273,13.914999961853027,10646,0.0,0.0
2024-06-05 13:01:00-04:00,13.914999961853027,13.930000305175781,13.914999961853027,13.930000305175781,2776,0.0,0.0
2024-06-05 13:02:00-04:00,13.9350004196167,13.9350004196167,13.914999961853027,13.914999961853027,1155,0.0,0.0
2024-06-05 13:03:00-04:00,13.90999984741211,13.9350004196167,13.90999984741211,13.9350004196167,2684,0.0,0.0
2024-06-05 13:04:00-04:00,13.9399995803833,13.96500015258789,13.9399995803833,13.96500015258789,3070,0.0,0.0
2024-06-05 13:05:00-04:00,13.96500015258789,13.96500015258789,13.944999694824219,13.944999694824219,2660,0.0,0.0
2024-06-05 13:06:00-04:00,13.9399995803833,13.9399995803833,13.930000305175781,13.930000305175781,2063,0.0,0.0
2024-06-05 13:07:00-04:00,13.932499885559082,13.960000038146973,13.932499885559082,13.960000038146973,3589,0.0,0.0
2024-06-05 13:08:00-04:00,13.954999923706055,13.960000038146973,13.949999809265137,13.949999809265137,2439,0.0,0.0
2024-06-05 13:09:00-04:00,13.954999923706055,13.960000038146973,13.949999809265137,13.949999809265137,3782,0.0,0.0
2024-06-05 13:10:00-04:00,13.960000038146973,13.970000267028809,13.960000038146973,13.96500015258789,3190,0.0,0.0
2024-06-05 13:11:00-04:00,13.960000038146973,13.984999656677246,13.960000038146973,13.984999656677246,4668,0.0,0.0
2024-06-05 13:12:00-04:00,13.989999771118164,13.989999771118164,13.984999656677246,13.984999656677246,2294,0.0,0.0
2024-06-05 13:13:00-04:00,13.989999771118164,13.994999885559082,13.989999771118164,13.994999885559082,3254,0.0,0.0
2024-06-05 13:14:00-04:00,13.989999771118164,14.010000228881836,13.989999771118164,14.005000114440918,7715,0.0,0.0
2024-06-05 13:15:00-04:00,14.0,14.0,13.994999885559082,14.0,2332,0.0,0.0
2024-06-05 13:16:00-04:00,14.005000114440918,14.020000457763672,14.005000114440918,14.010000228881836,6885,0.0,0.0
2024-06-05 13:17:00-04:00,14.010000228881836,14.010000228881836,13.994999885559082,13.994999885559082,4274,0.0,0.0
2024-06-05 13:18:00-04:00,13.989999771118164,14.020000457763672,13.989999771118164,14.020000457763672,5769,0.0,0.0
2024-06-05 13:19:00-04:00,14.029999732971191,14.050000190734863,14.029999732971191,14.039999961853027,5965,0.0,0.0
2024-06-05 13:20:00-04:00,14.03499984741211,14.03499984741211,14.010000228881836,14.029999732971191,8069,0.0,0.0
2024-06-05 13:21:00-04:00,14.024999618530273,14.032299995422363,14.020000457763672,14.029999732971191,6969,0.0,0.0
2024-06-05 13:22:00-04:00,14.015000343322754,14.029999732971191,14.015000343322754,14.020000457763672,5680,0.0,0.0
2024-06-05 13:23:00-04:00,14.024999618530273,14.029999732971191,14.023699760437012,14.029999732971191,3874,0.0,0.0
2024-06-05 13:24:00-04:00,14.020099639892578,14.020099639892578,13.984999656677246,13.984999656677246,4776,0.0,0.0
2024-06-05 13:25:00-04:00,13.979999542236328,14.015000343322754,13.979999542236328,14.015000343322754,3807,0.0,0.0
2024-06-05 13:26:00-04:00,14.015000343322754,14.015000343322754,14.012499809265137,14.012499809265137,651,0.0,0.0
2024-06-05 13:27:00-04:00,14.010000228881836,14.050000190734863,14.010000228881836,14.050000190734863,5118,0.0,0.0
2024-06-05 13:28:00-04:00,14.055000305175781,14.055000305175781,14.029999732971191,14.029999732971191,3306,0.0,0.0
2024-06-05 13:29:00-04:00,14.020000457763672,14.020000457763672,14.020000457763672,14.020000457763672,493,0.0,0.0
2024-06-05 13:30:00-04:00,14.022500038146973,14.024999618530273,14.010100364685059,14.010100364685059,1779,0.0,0.0
2024-06-05 13:31:00-04:00,14.010000228881836,14.015000343322754,13.954999923706055,13.954999923706055,26942,0.0,0.0
2024-06-05 13:32:00-04:00,13.954999923706055,13.975000381469727,13.930000305175781,13.975000381469727,43457,0.0,0.0
2024-06-05 13:33:00-04:00,13.975000381469727,13.984999656677246,13.960000038146973,13.96500015258789,3459,0.0,0.0
2024-06-05 13:34:00-04:00,13.960000038146973,13.970000267028809,13.960000038146973,13.96500015258789,3680,0.0,0.0
2024-06-05 13:35:00-04:00,13.960100173950195,13.969300270080566,13.960000038146973,13.96500015258789,1286,0.0,0.0
2024-06-05 13:36:00-04:00,13.960000038146973,13.970000267028809,13.954999923706055,13.954999923706055,4841,0.0,0.0
2024-06-05 13:37:00-04:00,13.949999809265137,13.949999809265137,13.930000305175781,13.930000305175781,3967,0.0,0.0
2024-06-05 13:38:00-04:00,13.930000305175781,13.949999809265137,13.930000305175781,13.944999694824219,5418,0.0,0.0
2024-06-05 13:39:00-04:00,13.9399995803833,13.944999694824219,13.9350004196167,13.9399995803833,3245,0.0,0.0
2024-06-05 13:40:00-04:00,13.944999694824219,13.944999694824219,13.930000305175781,13.9350004196167,2800,0.0,0.0
2024-06-05 13:41:00-04:00,13.930000305175781,13.9350004196167,13.930000305175781,13.930000305175781,1774,0.0,0.0
2024-06-05 13:42:00-04:00,13.930000305175781,13.9350004196167,13.880000114440918,13.880000114440918,17720,0.0,0.0
2024-06-05 13:43:00-04:00,13.875,13.914999961853027,13.875,13.904999732971191,14607,0.0,0.0
2024-06-05 13:44:00-04:00,13.885000228881836,13.895000457763672,13.875,13.895000457763672,5582,0.0,0.0
2024-06-05 13:45:00-04:00,13.895000457763672,13.90999984741211,13.895000457763672,13.904999732971191,1876,0.0,0.0
2024-06-05 13:46:00-04:00,13.914999961853027,13.930000305175781,13.914999961853027,13.925000190734863,2139,0.0,0.0
2024-06-05 13:47:00-04:00,13.925000190734863,13.925000190734863,13.90999984741211,13.90999984741211,2545,0.0,0.0
2024-06-05 13:48:00-04:00,13.914999961853027,13.930000305175781,13.90999984741211,13.919899940490723,6736,0.0,0.0
2024-06-05 13:49:00-04:00,13.925000190734863,13.954999923706055,13.920000076293945,13.954999923706055,4347,0.0,0.0
2024-06-05 13:50:00-04:00,13.954999923706055,13.960000038146973,13.954999923706055,13.954999923706055,3326,0.0,0.0
2024-06-05 13:51:00-04:00,13.954999923706055,13.954999923706055,13.949999809265137,13.954999923706055,1165,0.0,0.0
2024-06-05 13:52:00-04:00,13.949999809265137,13.96500015258789,13.949999809265137,13.96500015258789,4768,0.0,0.0
2024-06-05 13:53:00-04:00,13.96500015258789,13.979399681091309,13.96500015258789,13.975000381469727,5088,0.0,0.0
2024-06-05 13:54:00-04:00,13.970000267028809,13.970000267028809,13.96500015258789,13.96500015258789,2608,0.0,0.0
2024-06-05 13:55:00-04:00,13.970000267028809,13.984999656677246,13.960000038146973,13.960000038146973,5585,0.0,0.0
2024-06-05 13:56:00-04:00,13.949999809265137,13.949999809265137,13.920000076293945,13.925000190734863,2370,0.0,0.0
2024-06-05 13:57:00-04:00,13.925000190734863,13.930000305175781,13.925000190734863,13.925000190734863,3510,0.0,0.0
2024-06-05 13:58:00-04:00,13.920000076293945,13.925000190734863,13.920000076293945,13.920000076293945,2156,0.0,0.0
2024-06-05 13:59:00-04:00,13.914999961853027,13.914999961853027,13.90999984741211,13.914999961853027,1314,0.0,0.0
2024-06-05 14:00:00-04:00,13.914999961853027,13.914999961853027,13.90999984741211,13.90999984741211,2103,0.0,0.0
2024-06-05 14:01:00-04:00,13.90999984741211,13.90999984741211,13.890000343322754,13.890000343322754,4386,0.0,0.0
2024-06-05 14:02:00-04:00,13.885000228881836,13.890000343322754,13.875,13.885000228881836,6778,0.0,0.0
2024-06-05 14:03:00-04:00,13.885000228881836,13.890000343322754,13.875,13.875,4110,0.0,0.0
2024-06-05 14:04:00-04:00,13.880000114440918,13.885000228881836,13.880000114440918,13.880000114440918,901,0.0,0.0
2024-06-05 14:05:00-04:00,13.880000114440918,13.890000343322754,13.880000114440918,13.890000343322754,5804,0.0,0.0
2024-06-05 14:06:00-04:00,13.895000457763672,13.899999618530273,13.880000114440918,13.880000114440918,5487,0.0,0.0
2024-06-05 14:07:00-04:00,13.859999656677246,13.859999656677246,13.854999542236328,13.859999656677246,6846,0.0,0.0
2024-06-05 14:08:00-04:00,13.864999771118164,13.885000228881836,13.864999771118164,13.880000114440918,5821,0.0,0.0
2024-06-05 14:09:00-04:00,13.885000228881836,13.890000343322754,13.885000228881836,13.885000228881836,5377,0.0,0.0
2024-06-05 14:10:00-04:00,13.890000343322754,13.90999984741211,13.885000228881836,13.890000343322754,4858,0.0,0.0
2024-06-05 14:11:00-04:00,13.895000457763672,13.904999732971191,13.895000457763672,13.904999732971191,3166,0.0,0.0
2024-06-05 14:12:00-04:00,13.904999732971191,13.904999732971191,13.899999618530273,13.904999732971191,4834,0.0,0.0
2024-06-05 14:13:00-04:00,13.899999618530273,13.904999732971191,13.880000114440918,13.880000114440918,4918,0.0,0.0
2024-06-05 14:14:00-04:00,13.875,13.925000190734863,13.875,13.925000190734863,7304,0.0,0.0
2024-06-05 14:15:00-04:00,13.925000190734863,13.954999923706055,13.925000190734863,13.954999923706055,8906,0.0,0.0
2024-06-05 14:16:00-04:00,13.949999809265137,13.96500015258789,13.949999809265137,13.96500015258789,2630,0.0,0.0
2024-06-05 14:17:00-04:00,13.962499618530273,13.970000267028809,13.960000038146973,13.970000267028809,2903,0.0,0.0
2024-06-05 14:18:00-04:00,13.960000038146973,13.970000267028809,13.954999923706055,13.96500015258789,7243,0.0,0.0
2024-06-05 14:19:00-04:00,13.96500015258789,14.029999732971191,13.960000038146973,14.029999732971191,20191,0.0,0.0
2024-06-05 14:20:00-04:00,14.024999618530273,14.03499984741211,13.984999656677246,13.994999885559082,13064,0.0,0.0
2024-06-05 14:21:00-04:00,13.994999885559082,14.0,13.979999542236328,13.984999656677246,4808,0.0,0.0
2024-06-05 14:22:00-04:00,13.984999656677246,14.024999618530273,13.979999542236328,14.024999618530273,5710,0.0,0.0
2024-06-05 14:23:00-04:00,14.024999618530273,14.039999961853027,14.024999618530273,14.024999618530273,5688,0.0,0.0
2024-06-05 14:24:00-04:00,14.020299911499023,14.020299911499023,14.005000114440918,14.015000343322754,5963,0.0,0.0
2024-06-05 14:25:00-04:00,14.015000343322754,14.029999732971191,14.010000228881836,14.010000228881836,4977,0.0,0.0
2024-06-05 14:26:00-04:00,14.000100135803223,14.005000114440918,13.989999771118164,13.989999771118164,1790,0.0,0.0
2024-06-05 14:27:00-04:00,13.989999771118164,13.994999885559082,13.989999771118164,13.989999771118164,1542,0.0,0.0
2024-06-05 14:28:00-04:00,13.989999771118164,14.005000114440918,13.989999771118164,14.005000114440918,3706,0.0,0.0
2024-06-05 14:29:00-04:00,14.005000114440918,14.010000228881836,14.0,14.0,4195,0.0,0.0
2024-06-05 14:30:00-04:00,14.0,14.005000114440918,13.984999656677246,14.005000114440918,4049,0.0,0.0
2024-06-05 14:31:00-04:00,14.005000114440918,14.010000228881836,14.0,14.010000228881836,3769,0.0,0.0
2024-06-05 14:32:00-04:00,14.015000343322754,14.015000343322754,13.994999885559082,13.994999885559082,2155,0.0,0.0
2024-06-05 14:33:00-04:00,13.994999885559082,13.998900413513184,13.989999771118164,13.989999771118164,1170,0.0,0.0
2024-06-05 14:34:00-04:00,13.989999771118164,13.994999885559082,13.979999542236328,13.979999542236328,2448,0.0,0.0
2024-06-05 14:35:00-04:00,13.984999656677246,13.984999656677246,13.979999542236328,13.984999656677246,1998,0.0,0.0
2024-06-05 14:36:00-04:00,13.980500221252441,13.980500221252441,13.975000381469727,13.975000381469727,2989,0.0,0.0
2024-06-05 14:37:00-04:00,13.975000381469727,14.015000343322754,13.970000267028809,14.015000343322754,26117,0.0,0.0
2024-06-05 14:38:00-04:00,14.020000457763672,14.0649995803833,14.020000457763672,14.0600004196167,17215,0.0,0.0
2024-06-05 14:39:00-04:00,14.055000305175781,14.085000038146973,14.055000305175781,14.069999694824219,12662,0.0,0.0
2024-06-05 14:40:00-04:00,14.069999694824219,14.069999694824219,14.050000190734863,14.052499771118164,9759,0.0,0.0
2024-06-05 14:41:00-04:00,14.050000190734863,14.069999694824219,14.050000190734863,14.069999694824219,7675,0.0,0.0
2024-06-05 14:42:00-04:00,14.079999923706055,14.079999923706055,14.070099830627441,14.070099830627441,987,0.0,0.0
2024-06-05 14:43:00-04:00,14.069999694824219,14.079999923706055,14.0600004196167,14.070300102233887,4724,0.0,0.0
2024-06-05 14:44:00-04:00,14.074999809265137,14.09000015258789,14.069999694824219,14.085000038146973,5687,0.0,0.0
2024-06-05 14:45:00-04:00,14.079999923706055,14.09000015258789,14.079999923706055,14.085000038146973,8260,0.0,0.0
2024-06-05 14:46:00-04:00,14.085000038146973,14.085000038146973,14.074999809265137,14.079999923706055,3914,0.0,0.0
2024-06-05 14:47:00-04:00,14.09000015258789,14.09000015258789,14.079999923706055,14.079999923706055,4435,0.0,0.0
2024-06-05 14:48:00-04:00,14.09000015258789,14.09000015258789,14.029999732971191,14.045000076293945,3305,0.0,0.0
2024-06-05 14:49:00-04:00,14.039999961853027,14.045000076293945,14.029999732971191,14.029999732971191,3748,0.0,0.0
2024-06-05 14:50:00-04:00,14.03499984741211,14.039999961853027,14.03499984741211,14.039999961853027,4974,0.0,0.0
2024-06-05 14:51:00-04:00,14.039999961853027,14.039999961853027,14.029999732971191,14.029999732971191,2610,0.0,0.0
2024-06-05 14:52:00-04:00,14.029999732971191,14.039999961853027,14.010000228881836,14.010000228881836,5779,0.0,0.0
2024-06-05 14:53:00-04:00,14.010000228881836,14.010000228881836,14.0,14.005000114440918,2823,0.0,0.0
2024-06-05 14:54:00-04:00,14.0,14.0,13.989999771118164,13.989999771118164,1825,0.0,0.0
2024-06-05 14:55:00-04:00,13.994999885559082,14.0,13.989999771118164,13.994999885559082,3244,0.0,0.0
2024-06-05 14:56:00-04:00,13.989999771118164,14.010000228881836,13.989999771118164,14.005000114440918,6779,0.0,0.0
2024-06-05 14:57:00-04:00,14.010000228881836,14.029999732971191,14.010000228881836,14.024999618530273,5959,0.0,0.0
2024-06-05 14:58:00-04:00,14.024999618530273,14.029999732971191,14.010000228881836,14.010000228881836,4576,0.0,0.0
2024-06-05 14:59:00-04:00,14.010000228881836,14.010000228881836,13.970000267028809,13.979999542236328,10557,0.0,0.0
2024-06-05 15:00:00-04:00,13.975000381469727,13.994999885559082,13.975000381469727,13.994999885559082,1672,0.0,0.0
2024-06-05 15:01:00-04:00,13.989999771118164,13.989999771118164,13.979999542236328,13.984999656677246,1685,0.0,0.0
2024-06-05 15:02:00-04:00,13.984999656677246,13.984999656677246,13.979999542236328,13.984999656677246,1587,0.0,0.0
2024-06-05 15:03:00-04:00,13.984999656677246,13.984999656677246,13.979999542236328,13.979999542236328,1545,0.0,0.0
2024-06-05 15:04:00-04:00,13.984999656677246,13.984999656677246,13.960000038146973,13.960000038146973,2532,0.0,0.0
2024-06-05 15:05:00-04:00,13.960000038146973,13.979999542236328,13.960000038146973,13.975000381469727,6807,0.0,0.0
2024-06-05 15:06:00-04:00,13.994999885559082,14.010000228881836,13.994999885559082,14.010000228881836,3018,0.0,0.0
2024-06-05 15:07:00-04:00,14.015000343322754,14.015000343322754,14.0,14.0,1855,0.0,0.0
2024-06-05 15:08:00-04:00,14.010000228881836,14.015000343322754,14.0,14.0,3645,0.0,0.0
2024-06-05 15:09:00-04:00,14.0,14.005000114440918,14.0,14.0,2274,0.0,0.0
2024-06-05 15:10:00-04:00,14.0,14.0,13.984999656677246,13.984999656677246,6189,0.0,0.0
2024-06-05 15:11:00-04:00,13.984999656677246,13.994999885559082,13.984999656677246,13.994999885559082,2718,0.0,0.0
2024-06-05 15:12:00-04:00,13.994999885559082,13.994999885559082,13.989999771118164,13.994999885559082,1806,0.0,0.0
2024-06-05 15:13:00-04:00,13.989999771118164,13.989999771118164,13.979999542236328,13.984999656677246,2825,0.0,0.0
2024-06-05 15:14:00-04:00,13.979999542236328,13.984999656677246,13.970000267028809,13.970000267028809,4732,0.0,0.0
2024-06-05 15:15:00-04:00,13.970000267028809,13.979999542236328,13.96500015258789,13.975000381469727,9787,0.0,0.0
2024-06-05 15:16:00-04:00,13.975000381469727,13.979999542236328,13.970000267028809,13.970000267028809,4241,0.0,0.0
2024-06-05 15:17:00-04:00,13.975000381469727,13.975000381469727,13.954999923706055,13.954999923706055,2705,0.0,0.0
2024-06-05 15:18:00-04:00,13.949999809265137,13.954999923706055,13.949999809265137,13.954999923706055,1497,0.0,0.0
2024-06-05 15:19:00-04:00,13.949999809265137,13.949999809265137,13.930000305175781,13.930000305175781,4306,0.0,0.0
2024-06-05 15:20:00-04:00,13.9350004196167,13.9399995803833,13.930000305175781,13.9350004196167,9932,0.0,0.0
2024-06-05 15:21:00-04:00,13.9399995803833,13.954999923706055,13.9399995803833,13.954999923706055,4857,0.0,0.0
2024-06-05 15:22:00-04:00,13.954999923706055,13.954999923706055,13.944999694824219,13.954999923706055,3747,0.0,0.0
2024-06-05 15:23:00-04:00,13.960000038146973,13.96500015258789,13.960000038146973,13.96500015258789,3893,0.0,0.0
2024-06-05 15:24:00-04:00,13.970000267028809,13.975000381469727,13.970000267028809,13.975000381469727,4673,0.0,0.0
2024-06-05 15:25:00-04:00,13.970000267028809,13.975000381469727,13.952099800109863,13.952099800109863,3725,0.0,0.0
2024-06-05 15:26:00-04:00,13.960000038146973,13.960000038146973,13.949999809265137,13.954999923706055,3653,0.0,0.0
2024-06-05 15:27:00-04:00,13.949999809265137,13.949999809265137,13.9399995803833,13.9399995803833,4297,0.0,0.0
2024-06-05 15:28:00-04:00,13.930000305175781,13.9399995803833,13.930000305175781,13.930000305175781,4719,0.0,0.0
2024-06-05 15:29:00-04:00,13.930000305175781,13.9350004196167,13.925000190734863,13.925000190734863,5430,0.0,0.0
2024-06-05 15:30:00-04:00,13.920000076293945,13.920000076293945,13.90999984741211,13.90999984741211,6823,0.0,0.0
2024-06-05 15:31:00-04:00,13.914999961853027,13.920000076293945,13.885000228881836,13.885000228881836,13055,0.0,0.0
2024-06-05 15:32:00-04:00,13.880000114440918,13.914999961853027,13.880000114440918,13.899999618530273,12556,0.0,0.0
2024-06-05 15:33:00-04:00,13.895000457763672,13.895000457763672,13.890000343322754,13.890000343322754,2049,0.0,0.0
2024-06-05 15:34:00-04:00,13.899999618530273,13.899999618530273,13.890000343322754,13.890000343322754,8055,0.0,0.0
2024-06-05 15:35:00-04:00,13.895000457763672,13.895000457763672,13.880000114440918,13.880000114440918,4294,0.0,0.0
2024-06-05 15:36:00-04:00,13.890000343322754,13.9399995803833,13.890000343322754,13.925000190734863,36516,0.0,0.0
2024-06-05 15:37:00-04:00,13.930000305175781,13.960000038146973,13.925000190734863,13.954999923706055,8781,0.0,0.0
2024-06-05 15:38:00-04:00,13.954999923706055,13.970000267028809,13.952500343322754,13.970000267028809,5559,0.0,0.0
2024-06-05 15:39:00-04:00,13.969900131225586,13.994999885559082,13.960000038146973,13.96500015258789,19676,0.0,0.0
2024-06-05 15:40:00-04:00,13.96500015258789,13.970000267028809,13.960000038146973,13.960000038146973,6020,0.0,0.0
2024-06-05 15:41:00-04:00,13.970000267028809,13.970000267028809,13.949999809265137,13.950799942016602,7720,0.0,0.0
2024-06-05 15:42:00-04:00,13.954999923706055,13.979999542236328,13.954999923706055,13.975000381469727,13976,0.0,0.0
2024-06-05 15:43:00-04:00,13.975000381469727,13.975000381469727,13.970000267028809,13.975000381469727,3970,0.0,0.0
2024-06-05 15:44:00-04:00,13.979999542236328,13.979999542236328,13.96500015258789,13.979999542236328,11318,0.0,0.0
2024-06-05 15:45:00-04:00,13.970000267028809,13.970000267028809,13.895000457763672,13.899999618530273,51517,0.0,0.0
2024-06-05 15:46:00-04:00,13.899999618530273,13.904999732971191,13.880000114440918,13.890000343322754,27418,0.0,0.0
2024-06-05 15:47:00-04:00,13.895000457763672,13.895000457763672,13.869999885559082,13.885000228881836,24446,0.0,0.0
2024-06-05 15:48:00-04:00,13.885000228881836,13.895000457763672,13.869999885559082,13.869999885559082,11224,0.0,0.0
2024-06-05 15:49:00-04:00,13.869999885559082,13.875,13.859999656677246,13.859999656677246,17390,0.0,0.0
2024-06-05 15:50:00-04:00,13.869999885559082,13.920000076293945,13.864999771118164,13.914999961853027,28968,0.0,0.0
2024-06-05 15:51:00-04:00,13.920000076293945,13.944999694824219,13.920000076293945,13.9350004196167,16995,0.0,0.0
2024-06-05 15:52:00-04:00,13.9350004196167,13.9350004196167,13.899999618530273,13.920000076293945,24805,0.0,0.0
2024-06-05 15:53:00-04:00,13.920000076293945,13.920000076293945,13.904999732971191,13.914999961853027,15601,0.0,0.0
2024-06-05 15:54:00-04:00,13.914999961853027,13.914999961853027,13.890000343322754,13.90999984741211,30064,0.0,0.0
2024-06-05 15:55:00-04:00,13.914999961853027,13.9399995803833,13.914999961853027,13.925000190734863,35722,0.0,0.0
2024-06-05 15:56:00-04:00,13.925000190734863,13.930000305175781,13.90999984741211,13.914999961853027,39920,0.0,0.0
2024-06-05 15:57:00-04:00,13.914999961853027,13.920000076293945,13.895000457763672,13.895000457763672,54448,0.0,0.0
2024-06-05 15:58:00-04:00,13.895000457763672,13.914999961853027,13.885000228881836,13.914999961853027,60417,0.0,0.0
2024-06-05 15:59:00-04:00,13.914999961853027,13.920000076293945,13.890000343322754,13.890000343322754,105975,0.0,0.0
2024-06-06 09:30:00-04:00,13.720000267028809,13.800000190734863,13.720000267028809,13.800000190734863,29540,0.0,0.0
2024-06-06 09:31:00-04:00,13.755000114440918,13.819999694824219,13.755000114440918,13.760000228881836,6840,0.0,0.0
2024-06-06 09:32:00-04:00,13.760000228881836,13.760000228881836,13.650400161743164,13.650400161743164,2381,0.0,0.0
2024-06-06 09:33:00-04:00,13.729999542236328,13.75979995727539,13.699999809265137,13.723999977111816,6924,0.0,0.0
2024-06-06 09:34:00-04:00,13.699999809265137,13.760000228881836,13.680000305175781,13.75,6423,0.0,0.0
2024-06-06 09:35:00-04:00,13.72920036315918,13.739999771118164,13.710000038146973,13.739999771118164,4534,0.0,0.0
2024-06-06 09:36:00-04:00,13.710000038146973,13.710000038146973,13.640000343322754,13.6899995803833,8181,0.0,0.0
2024-06-06 09:37:00-04:00,13.680000305175781,13.680000305175781,13.65939998626709,13.680000305175781,1039,0.0,0.0
2024-06-06 09:38:00-04:00,13.699899673461914,13.699899673461914,13.640000343322754,13.65999984741211,6699,0.0,0.0
2024-06-06 09:39:00-04:00,13.6899995803833,13.739999771118164,13.6899995803833,13.720000267028809,7199,0.0,0.0
2024-06-06 09:40:00-04:00,13.720000267028809,13.729999542236328,13.680000305175781,13.699999809265137,7453,0.0,0.0
2024-06-06 09:41:00-04:00,13.699999809265137,13.75,13.699999809265137,13.739999771118164,4719,0.0,0.0
2024-06-06 09:42:00-04:00,13.71500015258789,13.739999771118164,13.699999809265137,13.710000038146973,3638,0.0,0.0
2024-06-06 09:43:00-04:00,13.720000267028809,13.729900360107422,13.710000038146973,13.720000267028809,2657,0.0,0.0
2024-06-06 09:44:00-04:00,13.729999542236328,13.739999771118164,13.720000267028809,13.729999542236328,2921,0.0,0.0
2024-06-06 09:45:00-04:00,13.770000457763672,13.789999961853027,13.729999542236328,13.729999542236328,6853,0.0,0.0
2024-06-06 09:46:00-04:00,13.710000038146973,13.770000457763672,13.710000038146973,13.760000228881836,4938,0.0,0.0
2024-06-06 09:47:00-04:00,13.75,13.770000457763672,13.739999771118164,13.770000457763672,6709,0.0,0.0
2024-06-06 09:48:00-04:00,13.770000457763672,13.820899963378906,13.770000457763672,13.800000190734863,4466,0.0,0.0
2024-06-06 09:49:00-04:00,13.765000343322754,13.770000457763672,13.765000343322754,13.770000457763672,3049,0.0,0.0
2024-06-06 09:50:00-04:00,13.6899995803833,13.710000038146973,13.649999618530273,13.649999618530273,4764,0.0,0.0
2024-06-06 09:51:00-04:00,13.65310001373291,13.710000038146973,13.65310001373291,13.6899995803833,3547,0.0,0.0
2024-06-06 09:52:00-04:00,13.699999809265137,13.729999542236328,13.699999809265137,13.729999542236328,3018,0.0,0.0
2024-06-06 09:53:00-04:00,13.734999656677246,13.734999656677246,13.729999542236328,13.729999542236328,797,0.0,0.0
2024-06-06 09:54:00-04:00,13.699999809265137,13.75,13.6899995803833,13.75,4019,0.0,0.0
2024-06-06 09:55:00-04:00,13.739999771118164,13.739999771118164,13.729999542236328,13.739999771118164,2379,0.0,0.0
2024-06-06 09:56:00-04:00,13.710000038146973,13.729999542236328,13.699999809265137,13.720000267028809,4859,0.0,0.0
2024-06-06 09:57:00-04:00,13.729999542236328,13.739999771118164,13.720000267028809,13.729999542236328,4838,0.0,0.0
2024-06-06 09:58:00-04:00,13.739999771118164,13.760000228881836,13.739999771118164,13.739999771118164,6805,0.0,0.0
2024-06-06 09:59:00-04:00,13.734999656677246,13.739999771118164,13.699999809265137,13.739999771118164,4837,0.0,0.0
2024-06-06 10:00:00-04:00,13.720000267028809,13.720000267028809,13.699999809265137,13.699999809265137,1165,0.0,0.0
2024-06-06 10:01:00-04:00,13.6899995803833,13.75,13.6899995803833,13.75,2511,0.0,0.0
2024-06-06 10:02:00-04:00,13.734999656677246,13.739999771118164,13.734999656677246,13.739999771118164,2320,0.0,0.0
2024-06-06 10:03:00-04:00,13.755000114440918,13.779999732971191,13.755000114440918,13.760000228881836,8504,0.0,0.0
2024-06-06 10:04:00-04:00,13.75,13.779999732971191,13.722000122070312,13.722000122070312,3516,0.0,0.0
2024-06-06 10:05:00-04:00,13.72920036315918,13.739999771118164,13.711999893188477,13.739999771118164,6891,0.0,0.0
2024-06-06 10:06:00-04:00,13.75,13.760000228881836,13.71500015258789,13.71500015258789,4400,0.0,0.0
2024-06-06 10:07:00-04:00,13.71500015258789,13.729999542236328,13.71500015258789,13.729999542236328,5289,0.0,0.0
2024-06-06 10:08:00-04:00,13.75,13.78499984741211,13.75,13.78499984741211,845,0.0,0.0
2024-06-06 10:09:00-04:00,13.78499984741211,13.789999961853027,13.765000343322754,13.765000343322754,7360,0.0,0.0
2024-06-06 10:10:00-04:00,13.760000228881836,13.76099967956543,13.744999885559082,13.760000228881836,2598,0.0,0.0
2024-06-06 10:11:00-04:00,13.729900360107422,13.729900360107422,13.701000213623047,13.701000213623047,3789,0.0,0.0
2024-06-06 10:12:00-04:00,13.704999923706055,13.710000038146973,13.699999809265137,13.704999923706055,5725,0.0,0.0
2024-06-06 10:13:00-04:00,13.706000328063965,13.706000328063965,13.654999732971191,13.654999732971191,2875,0.0,0.0
2024-06-06 10:14:00-04:00,13.65999984741211,13.65999984741211,13.640000343322754,13.648799896240234,3644,0.0,0.0
2024-06-06 10:15:00-04:00,13.630000114440918,13.648900032043457,13.619999885559082,13.619999885559082,5429,0.0,0.0
2024-06-06 10:16:00-04:00,13.609999656677246,13.609999656677246,13.5600004196167,13.5600004196167,12064,0.0,0.0
2024-06-06 10:17:00-04:00,13.550000190734863,13.550000190734863,13.509400367736816,13.510000228881836,6429,0.0,0.0
2024-06-06 10:18:00-04:00,13.520000457763672,13.539899826049805,13.509599685668945,13.509599685668945,7402,0.0,0.0
2024-06-06 10:19:00-04:00,13.505000114440918,13.550000190734863,13.5,13.510000228881836,28833,0.0,0.0
2024-06-06 10:20:00-04:00,13.51550006866455,13.530200004577637,13.510000228881836,13.529999732971191,4019,0.0,0.0
2024-06-06 10:21:00-04:00,13.509300231933594,13.520000457763672,13.500499725341797,13.518400192260742,5403,0.0,0.0
2024-06-06 10:22:00-04:00,13.520000457763672,13.548500061035156,13.520000457763672,13.527700424194336,2555,0.0,0.0
2024-06-06 10:23:00-04:00,13.529999732971191,13.600000381469727,13.529999732971191,13.600000381469727,2702,0.0,0.0
2024-06-06 10:24:00-04:00,13.600000381469727,13.640000343322754,13.579999923706055,13.640000343322754,40486,0.0,0.0
2024-06-06 10:25:00-04:00,13.65999984741211,13.65999984741211,13.630000114440918,13.630000114440918,3984,0.0,0.0
2024-06-06 10:26:00-04:00,13.649999618530273,13.660099983215332,13.59000015258789,13.59000015258789,3372,0.0,0.0
2024-06-06 10:27:00-04:00,13.59000015258789,13.600000381469727,13.579999923706055,13.600000381469727,4387,0.0,0.0
2024-06-06 10:28:00-04:00,13.600000381469727,13.619999885559082,13.59000015258789,13.600000381469727,6407,0.0,0.0
2024-06-06 10:29:00-04:00,13.609999656677246,13.614999771118164,13.609999656677246,13.614999771118164,914,0.0,0.0
2024-06-06 10:30:00-04:00,13.609999656677246,13.609999656677246,13.600000381469727,13.609999656677246,1003,0.0,0.0
2024-06-06 10:31:00-04:00,13.598299980163574,13.600000381469727,13.598299980163574,13.600000381469727,1429,0.0,0.0
2024-06-06 10:32:00-04:00,13.609999656677246,13.630000114440918,13.600000381469727,13.619999885559082,3089,0.0,0.0
2024-06-06 10:33:00-04:00,13.619999885559082,13.640000343322754,13.619999885559082,13.640000343322754,1626,0.0,0.0
2024-06-06 10:34:00-04:00,13.649999618530273,13.6899995803833,13.649999618530273,13.675000190734863,2676,0.0,0.0
2024-06-06 10:35:00-04:00,13.676300048828125,13.710000038146973,13.675000190734863,13.699999809265137,6532,0.0,0.0
2024-06-06 10:36:00-04:00,13.690299987792969,13.710000038146973,13.6850004196167,13.699999809265137,5785,0.0,0.0
2024-06-06 10:37:00-04:00,13.680000305175781,13.720000267028809,13.680000305175781,13.720000267028809,5063,0.0,0.0
2024-06-06 10:38:00-04:00,13.720000267028809,13.75,13.720000267028809,13.729999542236328,4777,0.0,0.0
2024-06-06 10:39:00-04:00,13.739999771118164,13.75,13.725000381469727,13.75,13588,0.0,0.0
2024-06-06 10:40:00-04:00,13.75,13.779999732971191,13.75,13.779999732971191,5510,0.0,0.0
2024-06-06 10:41:00-04:00,13.779999732971191,13.789999961853027,13.770000457763672,13.789999961853027,4007,0.0,0.0
2024-06-06 10:42:00-04:00,13.8100004196167,13.819999694824219,13.789999961853027,13.789999961853027,4123,0.0,0.0
2024-06-06 10:43:00-04:00,13.789999961853027,13.808199882507324,13.779999732971191,13.789999961853027,5133,0.0,0.0
2024-06-06 10:44:00-04:00,13.800000190734863,13.800000190734863,13.800000190734863,13.800000190734863,276,0.0,0.0
2024-06-06 10:45:00-04:00,13.78499984741211,13.78499984741211,13.729999542236328,13.729999542236328,6913,0.0,0.0
2024-06-06 10:46:00-04:00,13.72249984741211,13.739999771118164,13.72249984741211,13.739999771118164,2008,0.0,0.0
2024-06-06 10:47:00-04:00,13.75,13.75,13.75,13.75,1380,0.0,0.0
2024-06-06 10:48:00-04:00,13.765000343322754,13.765000343322754,13.7524995803833,13.7524995803833,442,0.0,0.0
2024-06-06 10:49:00-04:00,13.760000228881836,13.76990032196045,13.729999542236328,13.760000228881836,3877,0.0,0.0
2024-06-06 10:50:00-04:00,13.760000228881836,13.760000228881836,13.720000267028809,13.725000381469727,3939,0.0,0.0
2024-06-06 10:51:00-04:00,13.720000267028809,13.76990032196045,13.720000267028809,13.75,2302,0.0,0.0
2024-06-06 10:52:00-04:00,13.760000228881836,13.770000457763672,13.755000114440918,13.770000457763672,991,0.0,0.0
2024-06-06 10:53:00-04:00,13.779999732971191,13.78499984741211,13.779999732971191,13.78499984741211,572,0.0,0.0
2024-06-06 10:54:00-04:00,13.779999732971191,13.779999732971191,13.765000343322754,13.765000343322754,2374,0.0,0.0
2024-06-06 10:55:00-04:00,13.765000343322754,13.779999732971191,13.760000228881836,13.779999732971191,2108,0.0,0.0
2024-06-06 10:56:00-04:00,13.779999732971191,13.779999732971191,13.770000457763672,13.770000457763672,254,0.0,0.0
2024-06-06 10:57:00-04:00,13.789999961853027,13.789999961853027,13.779999732971191,13.789999961853027,2708,0.0,0.0
2024-06-06 10:58:00-04:00,13.789999961853027,13.789999961853027,13.760000228881836,13.760000228881836,1470,0.0,0.0
2024-06-06 10:59:00-04:00,13.729999542236328,13.75,13.729999542236328,13.75,1732,0.0,0.0
2024-06-06 11:00:00-04:00,13.75,13.755000114440918,13.75,13.75,837,0.0,0.0
2024-06-06 11:01:00-04:00,13.739999771118164,13.75,13.739999771118164,13.739999771118164,1029,0.0,0.0
2024-06-06 11:02:00-04:00,13.739999771118164,13.739999771118164,13.73009967803955,13.734999656677246,502,0.0,0.0
2024-06-06 11:03:00-04:00,13.75,13.755000114440918,13.730899810791016,13.739999771118164,3389,0.0,0.0
2024-06-06 11:04:00-04:00,13.755000114440918,13.760000228881836,13.755000114440918,13.760000228881836,1128,0.0,0.0
2024-06-06 11:05:00-04:00,13.744999885559082,13.75,13.734999656677246,13.75,1390,0.0,0.0
2024-06-06 11:06:00-04:00,13.759699821472168,13.759699821472168,13.744999885559082,13.75,1808,0.0,0.0
2024-06-06 11:07:00-04:00,13.741100311279297,13.741100311279297,13.741100311279297,13.741100311279297,447,0.0,0.0
2024-06-06 11:08:00-04:00,13.75,13.770000457763672,13.75,13.770000457763672,1981,0.0,0.0
2024-06-06 11:09:00-04:00,13.765000343322754,13.765000343322754,13.765000343322754,13.765000343322754,641,0.0,0.0
2024-06-06 11:10:00-04:00,13.765000343322754,13.774999618530273,13.765000343322754,13.774999618530273,1185,0.0,0.0
2024-06-06 11:11:00-04:00,13.779999732971191,13.789999961853027,13.75,13.75,3701,0.0,0.0
2024-06-06 11:12:00-04:00,13.729999542236328,13.739999771118164,13.729999542236328,13.739999771118164,895,0.0,0.0
2024-06-06 11:13:00-04:00,13.739999771118164,13.739999771118164,13.739999771118164,13.739999771118164,861,0.0,0.0
2024-06-06 11:14:00-04:00,13.739999771118164,13.739999771118164,13.720100402832031,13.725000381469727,1820,0.0,0.0
2024-06-06 11:15:00-04:00,13.729100227355957,13.734999656677246,13.720000267028809,13.729999542236328,1940,0.0,0.0
2024-06-06 11:16:00-04:00,13.729999542236328,13.729999542236328,13.720000267028809,13.729999542236328,2086,0.0,0.0
2024-06-06 11:17:00-04:00,13.739999771118164,13.75,13.739999771118164,13.744999885559082,1803,0.0,0.0
2024-06-06 11:18:00-04:00,13.744999885559082,13.744999885559082,13.729999542236328,13.729999542236328,878,0.0,0.0
2024-06-06 11:19:00-04:00,13.744999885559082,13.744999885559082,13.734999656677246,13.739999771118164,551,0.0,0.0
2024-06-06 11:20:00-04:00,13.748900413513184,13.748900413513184,13.739999771118164,13.739999771118164,522,0.0,0.0
2024-06-06 11:21:00-04:00,13.734999656677246,13.734999656677246,13.729999542236328,13.729999542236328,953,0.0,0.0
2024-06-06 11:22:00-04:00,13.734999656677246,13.744999885559082,13.734999656677246,13.744999885559082,3261,0.0,0.0
2024-06-06 11:23:00-04:00,13.739999771118164,13.739999771118164,13.739999771118164,13.739999771118164,399,0.0,0.0
2024-06-06 11:24:00-04:00,13.744999885559082,13.760000228881836,13.699999809265137,13.699999809265137,3735,0.0,0.0
2024-06-06 11:25:00-04:00,13.694999694824219,13.694999694824219,13.694999694824219,13.694999694824219,311,0.0,0.0
2024-06-06 11:26:00-04:00,13.694999694824219,13.694999694824219,13.670000076293945,13.670000076293945,804,0.0,0.0
2024-06-06 11:27:00-04:00,13.680000305175781,13.699999809265137,13.680000305175781,13.699999809265137,1923,0.0,0.0
2024-06-06 11:28:00-04:00,13.699000358581543,13.699999809265137,13.699000358581543,13.699999809265137,309,0.0,0.0
2024-06-06 11:29:00-04:00,13.704999923706055,13.710599899291992,13.704999923706055,13.710599899291992,1002,0.0,0.0
2024-06-06 11:30:00-04:00,13.710000038146973,13.719099998474121,13.710000038146973,13.719099998474121,863,0.0,0.0
2024-06-06 11:31:00-04:00,13.699999809265137,13.709099769592285,13.699999809265137,13.709099769592285,215,0.0,0.0
2024-06-06 11:32:00-04:00,13.704999923706055,13.704999923706055,13.680999755859375,13.680999755859375,2000,0.0,0.0
2024-06-06 11:33:00-04:00,13.680000305175781,13.694999694824219,13.670000076293945,13.694999694824219,2203,0.0,0.0
2024-06-06 11:34:00-04:00,13.6899995803833,13.6899995803833,13.6899995803833,13.6899995803833,1196,0.0,0.0
2024-06-06 11:36:00-04:00,13.680000305175781,13.6899995803833,13.680000305175781,13.6899995803833,1144,0.0,0.0
2024-06-06 11:37:00-04:00,13.6899995803833,13.6899995803833,13.6899995803833,13.6899995803833,388,0.0,0.0
2024-06-06 11:38:00-04:00,13.699999809265137,13.710000038146973,13.699999809265137,13.710000038146973,887,0.0,0.0
2024-06-06 11:39:00-04:00,13.71500015258789,13.71500015258789,13.71399974822998,13.71399974822998,1904,0.0,0.0
2024-06-06 11:40:00-04:00,13.71500015258789,13.71500015258789,13.71500015258789,13.71500015258789,121,0.0,0.0
2024-06-06 11:41:00-04:00,13.710000038146973,13.734999656677246,13.710000038146973,13.734999656677246,1984,0.0,0.0
2024-06-06 11:42:00-04:00,13.744999885559082,13.744999885559082,13.744999885559082,13.744999885559082,865,0.0,0.0
2024-06-06 11:43:00-04:00,13.75,13.75,13.75,13.75,149,0.0,0.0
2024-06-06 11:44:00-04:00,13.744999885559082,13.75,13.744999885559082,13.75,599,0.0,0.0
2024-06-06 11:45:00-04:00,13.760000228881836,13.770000457763672,13.760000228881836,13.770000457763672,1450,0.0,0.0
2024-06-06 11:46:00-04:00,13.774999618530273,13.779999732971191,13.774999618530273,13.774999618530273,2190,0.0,0.0
2024-06-06 11:47:00-04:00,13.779999732971191,13.805800437927246,13.779999732971191,13.805800437927246,4477,0.0,0.0
2024-06-06 11:48:00-04:00,13.805000305175781,13.8100004196167,13.800000190734863,13.8100004196167,1567,0.0,0.0
2024-06-06 11:49:00-04:00,13.8100004196167,13.8100004196167,13.8100004196167,13.8100004196167,1261,0.0,0.0
2024-06-06 11:50:00-04:00,13.805000305175781,13.819999694824219,13.805000305175781,13.819999694824219,1558,0.0,0.0
2024-06-06 11:51:00-04:00,13.8100004196167,13.8100004196167,13.779999732971191,13.779999732971191,4416,0.0,0.0
2024-06-06 11:52:00-04:00,13.779999732971191,13.789999961853027,13.779999732971191,13.779999732971191,2877,0.0,0.0
2024-06-06 11:53:00-04:00,13.77239990234375,13.824999809265137,13.77239990234375,13.824999809265137,3437,0.0,0.0
2024-06-06 11:54:00-04:00,13.829999923706055,13.869999885559082,13.829999923706055,13.869999885559082,5794,0.0,0.0
2024-06-06 11:55:00-04:00,13.859999656677246,13.880000114440918,13.859999656677246,13.880000114440918,2886,0.0,0.0
2024-06-06 11:56:00-04:00,13.864999771118164,13.890000343322754,13.859999656677246,13.885000228881836,4885,0.0,0.0
2024-06-06 11:57:00-04:00,13.890000343322754,13.899999618530273,13.890000343322754,13.899999618530273,1472,0.0,0.0
2024-06-06 11:58:00-04:00,13.899900436401367,13.899999618530273,13.890000343322754,13.899999618530273,1785,0.0,0.0
2024-06-06 11:59:00-04:00,13.880000114440918,13.880000114440918,13.864999771118164,13.864999771118164,1229,0.0,0.0
2024-06-06 12:00:00-04:00,13.869999885559082,13.869999885559082,13.859999656677246,13.864999771118164,1605,0.0,0.0
2024-06-06 12:01:00-04:00,13.859999656677246,13.871100425720215,13.854999542236328,13.871100425720215,1993,0.0,0.0
2024-06-06 12:02:00-04:00,13.875,13.885000228881836,13.869999885559082,13.869999885559082,2865,0.0,0.0
2024-06-06 12:03:00-04:00,13.880000114440918,13.885000228881836,13.880000114440918,13.885000228881836,463,0.0,0.0
2024-06-06 12:04:00-04:00,13.875,13.875,13.859999656677246,13.859999656677246,853,0.0,0.0
2024-06-06 12:05:00-04:00,13.864999771118164,13.864999771118164,13.850000381469727,13.850000381469727,2860,0.0,0.0
2024-06-06 12:06:00-04:00,13.84000015258789,13.84000015258789,13.829999923706055,13.829999923706055,2063,0.0,0.0
2024-06-06 12:07:00-04:00,13.819999694824219,13.819999694824219,13.8100004196167,13.8100004196167,1311,0.0,0.0
2024-06-06 12:08:00-04:00,13.800000190734863,13.800000190734863,13.760000228881836,13.760000228881836,20446,0.0,0.0
2024-06-06 12:09:00-04:00,13.770000457763672,13.795000076293945,13.765000343322754,13.765000343322754,6269,0.0,0.0
2024-06-06 12:10:00-04:00,13.770000457763672,13.78499984741211,13.770000457763672,13.770000457763672,5075,0.0,0.0
2024-06-06 12:11:00-04:00,13.770000457763672,13.770000457763672,13.760000228881836,13.760000228881836,1451,0.0,0.0
2024-06-06 12:12:00-04:00,13.765000343322754,13.779999732971191,13.765000343322754,13.770099639892578,2718,0.0,0.0
2024-06-06 12:13:00-04:00,13.776399612426758,13.779999732971191,13.770000457763672,13.774999618530273,1983,0.0,0.0
2024-06-06 12:14:00-04:00,13.774999618530273,13.774999618530273,13.774999618530273,13.774999618530273,1420,0.0,0.0
2024-06-06 12:15:00-04:00,13.765000343322754,13.765000343322754,13.760000228881836,13.760000228881836,845,0.0,0.0
2024-06-06 12:16:00-04:00,13.75,13.75,13.739999771118164,13.739999771118164,1418,0.0,0.0
2024-06-06 12:17:00-04:00,13.744999885559082,13.744999885559082,13.744999885559082,13.744999885559082,437,0.0,0.0
2024-06-06 12:18:00-04:00,13.739999771118164,13.739999771118164,13.720999717712402,13.720999717712402,2617,0.0,0.0
2024-06-06 12:19:00-04:00,13.710000038146973,13.710000038146973,13.699999809265137,13.704999923706055,4683,0.0,0.0
2024-06-06 12:20:00-04:00,13.704999923706055,13.710000038146973,13.701000213623047,13.708999633789062,3085,0.0,0.0
2024-06-06 12:21:00-04:00,13.699999809265137,13.699999809265137,13.6899995803833,13.694999694824219,958,0.0,0.0
2024-06-06 12:22:00-04:00,13.6899995803833,13.71500015258789,13.6899995803833,13.71500015258789,1602,0.0,0.0
2024-06-06 12:23:00-04:00,13.710000038146973,13.71500015258789,13.710000038146973,13.710000038146973,1905,0.0,0.0
2024-06-06 12:24:00-04:00,13.710000038146973,13.719900131225586,13.710000038146973,13.719900131225586,983,0.0,0.0
2024-06-06 12:25:00-04:00,13.720000267028809,13.734999656677246,13.720000267028809,13.734999656677246,1631,0.0,0.0
2024-06-06 12:27:00-04:00,13.729999542236328,13.729999542236328,13.729999542236328,13.729999542236328,276,0.0,0.0
2024-06-06 12:28:00-04:00,13.734999656677246,13.739299774169922,13.734999656677246,13.734999656677246,1640,0.0,0.0
2024-06-06 12:29:00-04:00,13.734999656677246,13.744999885559082,13.729999542236328,13.739999771118164,5550,0.0,0.0
2024-06-06 12:32:00-04:00,13.729999542236328,13.739999771118164,13.729999542236328,13.739999771118164,1561,0.0,0.0
2024-06-06 12:34:00-04:00,13.720000267028809,13.720000267028809,13.71500015258789,13.71500015258789,1305,0.0,0.0
2024-06-06 12:35:00-04:00,13.725000381469727,13.725000381469727,13.699999809265137,13.709500312805176,2407,0.0,0.0
2024-06-06 12:36:00-04:00,13.699999809265137,13.699999809265137,13.6899995803833,13.699999809265137,1445,0.0,0.0
2024-06-06 12:37:00-04:00,13.6899995803833,13.704999923706055,13.6899995803833,13.704999923706055,1241,0.0,0.0
2024-06-06 12:38:00-04:00,13.710000038146973,13.739999771118164,13.710000038146973,13.734999656677246,7030,0.0,0.0
2024-06-06 12:39:00-04:00,13.720000267028809,13.760000228881836,13.71500015258789,13.739999771118164,5045,0.0,0.0
2024-06-06 12:40:00-04:00,13.719200134277344,13.719200134277344,13.704999923706055,13.704999923706055,2439,0.0,0.0
2024-06-06 12:41:00-04:00,13.699999809265137,13.699999809265137,13.699999809265137,13.699999809265137,438,0.0,0.0
2024-06-06 12:42:00-04:00,13.6850004196167,13.699999809265137,13.6850004196167,13.699999809265137,918,0.0,0.0
2024-06-06 12:43:00-04:00,13.699999809265137,13.699999809265137,13.699999809265137,13.699999809265137,958,0.0,0.0
2024-06-06 12:44:00-04:00,13.699999809265137,13.699999809265137,13.694999694824219,13.694999694824219,470,0.0,0.0
2024-06-06 12:45:00-04:00,13.699999809265137,13.699999809265137,13.699999809265137,13.699999809265137,657,0.0,0.0
2024-06-06 12:46:00-04:00,13.6899995803833,13.6899995803833,13.6899995803833,13.6899995803833,366,0.0,0.0
2024-06-06 12:47:00-04:00,13.680000305175781,13.680000305175781,13.680000305175781,13.680000305175781,221,0.0,0.0
2024-06-06 12:48:00-04:00,13.6850004196167,13.6899995803833,13.6850004196167,13.6899995803833,1298,0.0,0.0
2024-06-06 12:50:00-04:00,13.6850004196167,13.6850004196167,13.680000305175781,13.680000305175781,1310,0.0,0.0
2024-06-06 12:51:00-04:00,13.680000305175781,13.680000305175781,13.649999618530273,13.649999618530273,3347,0.0,0.0
2024-06-06 12:52:00-04:00,13.645000457763672,13.65999984741211,13.645000457763672,13.649999618530273,3143,0.0,0.0
2024-06-06 12:53:00-04:00,13.654999732971191,13.664999961853027,13.649999618530273,13.664999961853027,1430,0.0,0.0
2024-06-06 12:54:00-04:00,13.660400390625,13.660400390625,13.660400390625,13.660400390625,260,0.0,0.0
2024-06-06 12:55:00-04:00,13.664999961853027,13.665399551391602,13.65999984741211,13.65999984741211,492,0.0,0.0
2024-06-06 12:56:00-04:00,13.65999984741211,13.664999961853027,13.65999984741211,13.65999984741211,1225,0.0,0.0
2024-06-06 12:57:00-04:00,13.664999961853027,13.664999961853027,13.664999961853027,13.664999961853027,246,0.0,0.0
2024-06-06 12:58:00-04:00,13.668800354003906,13.670000076293945,13.668800354003906,13.670000076293945,2035,0.0,0.0
2024-06-06 12:59:00-04:00,13.673299789428711,13.675000190734863,13.670000076293945,13.670000076293945,1093,0.0,0.0
2024-06-06 13:00:00-04:00,13.664999961853027,13.680000305175781,13.664999961853027,13.670000076293945,3226,0.0,0.0
2024-06-06 13:01:00-04:00,13.670000076293945,13.670000076293945,13.670000076293945,13.670000076293945,453,0.0,0.0
2024-06-06 13:02:00-04:00,13.680000305175781,13.6850004196167,13.675000190734863,13.675000190734863,1649,0.0,0.0
2024-06-06 13:03:00-04:00,13.675000190734863,13.6850004196167,13.670000076293945,13.6850004196167,1595,0.0,0.0
2024-06-06 13:04:00-04:00,13.6850004196167,13.6850004196167,13.675000190734863,13.675000190734863,944,0.0,0.0
2024-06-06 13:05:00-04:00,13.680000305175781,13.6850004196167,13.680000305175781,13.6850004196167,1512,0.0,0.0
2024-06-06 13:06:00-04:00,13.670000076293945,13.670000076293945,13.654999732971191,13.654999732971191,708,0.0,0.0
2024-06-06 13:07:00-04:00,13.654999732971191,13.654999732971191,13.654999732971191,13.654999732971191,660,0.0,0.0
2024-06-06 13:08:00-04:00,13.645000457763672,13.654999732971191,13.645000457763672,13.654999732971191,1556,0.0,0.0
2024-06-06 13:09:00-04:00,13.645000457763672,13.645000457763672,13.645000457763672,13.645000457763672,546,0.0,0.0
2024-06-06 13:10:00-04:00,13.649999618530273,13.654999732971191,13.649999618530273,13.654999732971191,1327,0.0,0.0
2024-06-06 13:11:00-04:00,13.654999732971191,13.654999732971191,13.654999732971191,13.654999732971191,115,0.0,0.0
2024-06-06 13:12:00-04:00,13.654999732971191,13.675000190734863,13.654999732971191,13.675000190734863,3033,0.0,0.0
2024-06-06 13:13:00-04:00,13.675000190734863,13.675000190734863,13.675000190734863,13.675000190734863,591,0.0,0.0
2024-06-06 13:14:00-04:00,13.675000190734863,13.675000190734863,13.670000076293945,13.670000076293945,778,0.0,0.0
2024-06-06 13:15:00-04:00,13.680000305175781,13.680000305175781,13.670000076293945,13.680000305175781,2010,0.0,0.0
2024-06-06 13:16:00-04:00,13.680000305175781,13.6850004196167,13.680000305175781,13.6850004196167,541,0.0,0.0
2024-06-06 13:17:00-04:00,13.6899995803833,13.699999809265137,13.6899995803833,13.6899995803833,5000,0.0,0.0
2024-06-06 13:18:00-04:00,13.6899995803833,13.71500015258789,13.6899995803833,13.71500015258789,1241,0.0,0.0
2024-06-06 13:19:00-04:00,13.720000267028809,13.725000381469727,13.720000267028809,13.720000267028809,1560,0.0,0.0
2024-06-06 13:20:00-04:00,13.71500015258789,13.71500015258789,13.704999923706055,13.704999923706055,1502,0.0,0.0
2024-06-06 13:21:00-04:00,13.699999809265137,13.704999923706055,13.6899995803833,13.704999923706055,1778,0.0,0.0
2024-06-06 13:23:00-04:00,13.710000038146973,13.71500015258789,13.710000038146973,13.710000038146973,2275,0.0,0.0
2024-06-06 13:24:00-04:00,13.720000267028809,13.725000381469727,13.720000267028809,13.725000381469727,453,0.0,0.0
2024-06-06 13:25:00-04:00,13.725000381469727,13.725000381469727,13.720800399780273,13.720800399780273,412,0.0,0.0
2024-06-06 13:26:00-04:00,13.729999542236328,13.729999542236328,13.729999542236328,13.729999542236328,1149,0.0,0.0
2024-06-06 13:27:00-04:00,13.729999542236328,13.744999885559082,13.729999542236328,13.744999885559082,750,0.0,0.0
2024-06-06 13:28:00-04:00,13.75,13.75,13.75,13.75,483,0.0,0.0
2024-06-06 13:29:00-04:00,13.755000114440918,13.760000228881836,13.75,13.755000114440918,3591,0.0,0.0
2024-06-06 13:30:00-04:00,13.760100364685059,13.8100004196167,13.760000228881836,13.8100004196167,35481,0.0,0.0
2024-06-06 13:31:00-04:00,13.8100004196167,13.84000015258789,13.795000076293945,13.795000076293945,9403,0.0,0.0
2024-06-06 13:32:00-04:00,13.795000076293945,13.819999694824219,13.795000076293945,13.800000190734863,6031,0.0,0.0
2024-06-06 13:33:00-04:00,13.800000190734863,13.829999923706055,13.800000190734863,13.824999809265137,2635,0.0,0.0
2024-06-06 13:34:00-04:00,13.824999809265137,13.859999656677246,13.824999809265137,13.859999656677246,2772,0.0,0.0
2024-06-06 13:35:00-04:00,13.859999656677246,13.880000114440918,13.854999542236328,13.875,21485,0.0,0.0
2024-06-06 13:36:00-04:00,13.880000114440918,13.920000076293945,13.880000114440918,13.920000076293945,8801,0.0,0.0
2024-06-06 13:37:00-04:00,13.930000305175781,13.9399995803833,13.930000305175781,13.9399995803833,1364,0.0,0.0
2024-06-06 13:38:00-04:00,13.940299987792969,13.954999923706055,13.9399995803833,13.954999923706055,4955,0.0,0.0
2024-06-06 13:39:00-04:00,13.960000038146973,13.989999771118164,13.960000038146973,13.975500106811523,5785,0.0,0.0
2024-06-06 13:40:00-04:00,13.975000381469727,14.010000228881836,13.975000381469727,14.010000228881836,11546,0.0,0.0
2024-06-06 13:41:00-04:00,14.0,14.039899826049805,13.994999885559082,14.039899826049805,6136,0.0,0.0
2024-06-06 13:42:00-04:00,14.021499633789062,14.03499984741211,14.021499633789062,14.029999732971191,6723,0.0,0.0
2024-06-06 13:43:00-04:00,14.03499984741211,14.039999961853027,14.029999732971191,14.029999732971191,3382,0.0,0.0
2024-06-06 13:44:00-04:00,14.024999618530273,14.050000190734863,14.010000228881836,14.050000190734863,7450,0.0,0.0
2024-06-06 13:45:00-04:00,14.039999961853027,14.039999961853027,14.0,14.0,7135,0.0,0.0
2024-06-06 13:46:00-04:00,14.0,14.010000228881836,13.970000267028809,13.970000267028809,9044,0.0,0.0
2024-06-06 13:47:00-04:00,13.979999542236328,14.020000457763672,13.970000267028809,14.020000457763672,9627,0.0,0.0
2024-06-06 13:48:00-04:00,14.020000457763672,14.039999961853027,14.020000457763672,14.029999732971191,2716,0.0,0.0
2024-06-06 13:49:00-04:00,14.029999732971191,14.029999732971191,14.020000457763672,14.020000457763672,1213,0.0,0.0
2024-06-06 13:50:00-04:00,14.015000343322754,14.045000076293945,14.015000343322754,14.045000076293945,4620,0.0,0.0
2024-06-06 13:51:00-04:00,14.045000076293945,14.045000076293945,14.029999732971191,14.029999732971191,2431,0.0,0.0
2024-06-06 13:52:00-04:00,14.024999618530273,14.024999618530273,14.020000457763672,14.020000457763672,2514,0.0,0.0
2024-06-06 13:53:00-04:00,14.020000457763672,14.03499984741211,14.020000457763672,14.029999732971191,3073,0.0,0.0
2024-06-06 13:54:00-04:00,14.024999618530273,14.039999961853027,14.024999618530273,14.039999961853027,2164,0.0,0.0
2024-06-06 13:55:00-04:00,14.050000190734863,14.0600004196167,14.050000190734863,14.0600004196167,5449,0.0,0.0
2024-06-06 13:56:00-04:00,14.0600004196167,14.0600004196167,13.979999542236328,13.979999542236328,11123,0.0,0.0
2024-06-06 13:57:00-04:00,13.984999656677246,13.989999771118164,13.970000267028809,13.984999656677246,4745,0.0,0.0
2024-06-06 13:58:00-04:00,13.979999542236328,13.989999771118164,13.960000038146973,13.989999771118164,3284,0.0,0.0
2024-06-06 13:59:00-04:00,14.0,14.010000228881836,14.0,14.010000228881836,1129,0.0,0.0
2024-06-06 14:00:00-04:00,14.020000457763672,14.020000457763672,14.020000457763672,14.020000457763672,1042,0.0,0.0
2024-06-06 14:01:00-04:00,14.015000343322754,14.020000457763672,14.0,14.005000114440918,2226,0.0,0.0
2024-06-06 14:02:00-04:00,14.0,14.0,14.0,14.0,2950,0.0,0.0
2024-06-06 14:03:00-04:00,14.0,14.0,13.984999656677246,14.0,3251,0.0,0.0
2024-06-06 14:04:00-04:00,13.989999771118164,14.0,13.984999656677246,13.984999656677246,1933,0.0,0.0
2024-06-06 14:05:00-04:00,13.979999542236328,13.979999542236328,13.9399995803833,13.949999809265137,4714,0.0,0.0
2024-06-06 14:06:00-04:00,13.944999694824219,13.960000038146973,13.9399995803833,13.944999694824219,2075,0.0,0.0
2024-06-06 14:07:00-04:00,13.944999694824219,13.944999694824219,13.930000305175781,13.930000305175781,2540,0.0,0.0
2024-06-06 14:08:00-04:00,13.930000305175781,13.930000305175781,13.930000305175781,13.930000305175781,566,0.0,0.0
2024-06-06 14:09:00-04:00,13.920000076293945,13.920000076293945,13.890000343322754,13.890000343322754,1829,0.0,0.0
2024-06-06 14:10:00-04:00,13.880000114440918,13.904999732971191,13.880000114440918,13.899999618530273,2498,0.0,0.0
2024-06-06 14:11:00-04:00,13.899999618530273,13.899999618530273,13.899999618530273,13.899999618530273,262,0.0,0.0
2024-06-06 14:12:00-04:00,13.904999732971191,13.904999732971191,13.904999732971191,13.904999732971191,374,0.0,0.0
2024-06-06 14:13:00-04:00,13.904999732971191,13.904999732971191,13.890000343322754,13.895000457763672,11627,0.0,0.0
2024-06-06 14:14:00-04:00,13.880000114440918,13.880000114440918,13.850099563598633,13.859999656677246,3069,0.0,0.0
2024-06-06 14:15:00-04:00,13.869999885559082,13.869999885559082,13.869999885559082,13.869999885559082,1119,0.0,0.0
2024-06-06 14:16:00-04:00,13.869999885559082,13.890000343322754,13.869999885559082,13.890000343322754,3888,0.0,0.0
2024-06-06 14:17:00-04:00,13.895000457763672,13.899999618530273,13.890000343322754,13.899999618530273,1868,0.0,0.0
2024-06-06 14:18:00-04:00,13.899999618530273,13.899999618530273,13.895000457763672,13.895000457763672,437,0.0,0.0
2024-06-06 14:19:00-04:00,13.899999618530273,13.899999618530273,13.890000343322754,13.890000343322754,1179,0.0,0.0
2024-06-06 14:20:00-04:00,13.880000114440918,13.880000114440918,13.86929988861084,13.86929988861084,3094,0.0,0.0
2024-06-06 14:21:00-04:00,13.864999771118164,13.869999885559082,13.860099792480469,13.860099792480469,3123,0.0,0.0
2024-06-06 14:22:00-04:00,13.869999885559082,13.869999885559082,13.859999656677246,13.859999656677246,4596,0.0,0.0
2024-06-06 14:23:00-04:00,13.859999656677246,13.869999885559082,13.859999656677246,13.869999885559082,1588,0.0,0.0
2024-06-06 14:24:00-04:00,13.880000114440918,13.885299682617188,13.869999885559082,13.875,2331,0.0,0.0
2024-06-06 14:25:00-04:00,13.86989974975586,13.86989974975586,13.854999542236328,13.864999771118164,4945,0.0,0.0
2024-06-06 14:28:00-04:00,13.854999542236328,13.859999656677246,13.850000381469727,13.854999542236328,6053,0.0,0.0
2024-06-06 14:29:00-04:00,13.854999542236328,13.869999885559082,13.845000267028809,13.869999885559082,4885,0.0,0.0
2024-06-06 14:30:00-04:00,13.850000381469727,13.850000381469727,13.829999923706055,13.829999923706055,1607,0.0,0.0
2024-06-06 14:31:00-04:00,13.829299926757812,13.859999656677246,13.829299926757812,13.850000381469727,3419,0.0,0.0
2024-06-06 14:32:00-04:00,13.854999542236328,13.890000343322754,13.854999542236328,13.890000343322754,2113,0.0,0.0
2024-06-06 14:33:00-04:00,13.895000457763672,13.895000457763672,13.895000457763672,13.895000457763672,403,0.0,0.0
2024-06-06 14:34:00-04:00,13.899100303649902,13.920000076293945,13.899100303649902,13.920000076293945,5078,0.0,0.0
2024-06-06 14:35:00-04:00,13.920000076293945,13.920000076293945,13.920000076293945,13.920000076293945,359,0.0,0.0
2024-06-06 14:36:00-04:00,13.925000190734863,13.930000305175781,13.925000190734863,13.930000305175781,4112,0.0,0.0
2024-06-06 14:37:00-04:00,13.925000190734863,13.9399995803833,13.925000190734863,13.9399995803833,980,0.0,0.0
2024-06-06 14:38:00-04:00,13.9399995803833,13.949999809265137,13.9399995803833,13.9399995803833,3022,0.0,0.0
2024-06-06 14:39:00-04:00,13.930000305175781,13.930000305175781,13.930000305175781,13.930000305175781,3144,0.0,0.0
2024-06-06 14:40:00-04:00,13.925000190734863,13.925000190734863,13.920000076293945,13.920000076293945,1273,0.0,0.0
2024-06-06 14:41:00-04:00,13.920000076293945,13.920000076293945,13.914999961853027,13.914999961853027,532,0.0,0.0
2024-06-06 14:42:00-04:00,13.914999961853027,13.925000190734863,13.90999984741211,13.90999984741211,3717,0.0,0.0
2024-06-06 14:43:00-04:00,13.90999984741211,13.90999984741211,13.899999618530273,13.899999618530273,1998,0.0,0.0
2024-06-06 14:44:00-04:00,13.904999732971191,13.904999732971191,13.899999618530273,13.899999618530273,922,0.0,0.0
2024-06-06 14:45:00-04:00,13.899999618530273,13.899999618530273,13.885000228881836,13.885000228881836,2806,0.0,0.0
2024-06-06 14:46:00-04:00,13.880000114440918,13.880000114440918,13.86460018157959,13.869999885559082,4222,0.0,0.0
2024-06-06 14:47:00-04:00,13.869999885559082,13.880000114440918,13.869999885559082,13.880000114440918,2832,0.0,0.0
2024-06-06 14:48:00-04:00,13.885000228881836,13.890000343322754,13.885000228881836,13.890000343322754,853,0.0,0.0
2024-06-06 14:49:00-04:00,13.899999618530273,13.899999618530273,13.895000457763672,13.895000457763672,1301,0.0,0.0
2024-06-06 14:50:00-04:00,13.895000457763672,13.895000457763672,13.890000343322754,13.890000343322754,8468,0.0,0.0
2024-06-06 14:51:00-04:00,13.880000114440918,13.880000114440918,13.859999656677246,13.864999771118164,3722,0.0,0.0
2024-06-06 14:52:00-04:00,13.864999771118164,13.864999771118164,13.831000328063965,13.831000328063965,5663,0.0,0.0
2024-06-06 14:53:00-04:00,13.84000015258789,13.845000267028809,13.835000038146973,13.84000015258789,3875,0.0,0.0
2024-06-06 14:54:00-04:00,13.835000038146973,13.859999656677246,13.835000038146973,13.85099983215332,10549,0.0,0.0
2024-06-06 14:55:00-04:00,13.840200424194336,13.840999603271484,13.821000099182129,13.824999809265137,3612,0.0,0.0
2024-06-06 14:56:00-04:00,13.829999923706055,13.829999923706055,13.8149995803833,13.8149995803833,8697,0.0,0.0
2024-06-06 14:57:00-04:00,13.8149995803833,13.8149995803833,13.805000305175781,13.8100004196167,2864,0.0,0.0
2024-06-06 14:58:00-04:00,13.800000190734863,13.800000190734863,13.781000137329102,13.781000137329102,2516,0.0,0.0
2024-06-06 14:59:00-04:00,13.779999732971191,13.779999732971191,13.779999732971191,13.779999732971191,2376,0.0,0.0
2024-06-06 15:00:00-04:00,13.770000457763672,13.774999618530273,13.760000228881836,13.774999618530273,5381,0.0,0.0
2024-06-06 15:01:00-04:00,13.770000457763672,13.770000457763672,13.770000457763672,13.770000457763672,432,0.0,0.0
2024-06-06 15:02:00-04:00,13.760000228881836,13.779999732971191,13.760000228881836,13.776700019836426,3998,0.0,0.0
2024-06-06 15:03:00-04:00,13.765000343322754,13.774999618530273,13.765000343322754,13.774999618530273,739,0.0,0.0
2024-06-06 15:04:00-04:00,13.779999732971191,13.8100004196167,13.779999732971191,13.8100004196167,2118,0.0,0.0
2024-06-06 15:05:00-04:00,13.809900283813477,13.819000244140625,13.809900283813477,13.819000244140625,774,0.0,0.0
2024-06-06 15:06:00-04:00,13.8149995803833,13.824999809265137,13.8149995803833,13.824999809265137,2277,0.0,0.0
2024-06-06 15:07:00-04:00,13.819999694824219,13.819999694824219,13.795000076293945,13.795000076293945,2881,0.0,0.0
2024-06-06 15:08:00-04:00,13.795000076293945,13.800000190734863,13.795000076293945,13.795000076293945,1110,0.0,0.0
2024-06-06 15:09:00-04:00,13.789999961853027,13.789999961853027,13.789999961853027,13.789999961853027,581,0.0,0.0
2024-06-06 15:10:00-04:00,13.800000190734863,13.800000190734863,13.789999961853027,13.795000076293945,1902,0.0,0.0
2024-06-06 15:11:00-04:00,13.795000076293945,13.795000076293945,13.795000076293945,13.795000076293945,1502,0.0,0.0
2024-06-06 15:12:00-04:00,13.789999961853027,13.789999961853027,13.779999732971191,13.779999732971191,1487,0.0,0.0
2024-06-06 15:13:00-04:00,13.789999961853027,13.800000190734863,13.789999961853027,13.800000190734863,2400,0.0,0.0
2024-06-06 15:14:00-04:00,13.795000076293945,13.800000190734863,13.78499984741211,13.78499984741211,2384,0.0,0.0
2024-06-06 15:15:00-04:00,13.78499984741211,13.78499984741211,13.78499984741211,13.78499984741211,377,0.0,0.0
2024-06-06 15:16:00-04:00,13.788800239562988,13.8100004196167,13.788800239562988,13.8100004196167,4184,0.0,0.0
2024-06-06 15:17:00-04:00,13.8100004196167,13.8100004196167,13.805000305175781,13.805000305175781,1346,0.0,0.0
2024-06-06 15:18:00-04:00,13.805000305175781,13.8100004196167,13.805000305175781,13.8100004196167,2803,0.0,0.0
2024-06-06 15:19:00-04:00,13.795000076293945,13.795000076293945,13.779999732971191,13.78499984741211,3778,0.0,0.0
2024-06-06 15:20:00-04:00,13.779999732971191,13.779999732971191,13.770000457763672,13.770000457763672,2333,0.0,0.0
2024-06-06 15:21:00-04:00,13.774999618530273,13.774999618530273,13.75,13.760000228881836,5198,0.0,0.0
2024-06-06 15:22:00-04:00,13.75,13.75,13.744999885559082,13.744999885559082,936,0.0,0.0
2024-06-06 15:23:00-04:00,13.75,13.755000114440918,13.744999885559082,13.748900413513184,3279,0.0,0.0
2024-06-06 15:24:00-04:00,13.739999771118164,13.75,13.729999542236328,13.744999885559082,4717,0.0,0.0
2024-06-06 15:25:00-04:00,13.744999885559082,13.75,13.74429988861084,13.744999885559082,3543,0.0,0.0
2024-06-06 15:26:00-04:00,13.74899959564209,13.755000114440918,13.74899959564209,13.75,2384,0.0,0.0
2024-06-06 15:27:00-04:00,13.755000114440918,13.755000114440918,13.744999885559082,13.75,1643,0.0,0.0
2024-06-06 15:28:00-04:00,13.75,13.760000228881836,13.74899959564209,13.760000228881836,2722,0.0,0.0
2024-06-06 15:29:00-04:00,13.770000457763672,13.770000457763672,13.760000228881836,13.760000228881836,2210,0.0,0.0
2024-06-06 15:30:00-04:00,13.75,13.75,13.739999771118164,13.739999771118164,4774,0.0,0.0
2024-06-06 15:31:00-04:00,13.739999771118164,13.739999771118164,13.739999771118164,13.739999771118164,1400,0.0,0.0
2024-06-06 15:32:00-04:00,13.729999542236328,13.744999885559082,13.729999542236328,13.744999885559082,1625,0.0,0.0
2024-06-06 15:33:00-04:00,13.7391996383667,13.7391996383667,13.734999656677246,13.734999656677246,1157,0.0,0.0
2024-06-06 15:34:00-04:00,13.734999656677246,13.744999885559082,13.734999656677246,13.739999771118164,2545,0.0,0.0
2024-06-06 15:35:00-04:00,13.725000381469727,13.728899955749512,13.725000381469727,13.728899955749512,1006,0.0,0.0
2024-06-06 15:36:00-04:00,13.729999542236328,13.739899635314941,13.729999542236328,13.739899635314941,2522,0.0,0.0
2024-06-06 15:37:00-04:00,13.734999656677246,13.734999656677246,13.71500015258789,13.71560001373291,4579,0.0,0.0
2024-06-06 15:38:00-04:00,13.71500015258789,13.725000381469727,13.71500015258789,13.725000381469727,4267,0.0,0.0
2024-06-06 15:39:00-04:00,13.720000267028809,13.729999542236328,13.720000267028809,13.725000381469727,2818,0.0,0.0
2024-06-06 15:40:00-04:00,13.71500015258789,13.720000267028809,13.71500015258789,13.71720027923584,2740,0.0,0.0
2024-06-06 15:41:00-04:00,13.720000267028809,13.729000091552734,13.720000267028809,13.729000091552734,5080,0.0,0.0
2024-06-06 15:42:00-04:00,13.725000381469727,13.725000381469727,13.720000267028809,13.720000267028809,1200,0.0,0.0
2024-06-06 15:43:00-04:00,13.720000267028809,13.729999542236328,13.720000267028809,13.728799819946289,2562,0.0,0.0
2024-06-06 15:44:00-04:00,13.720000267028809,13.734999656677246,13.720000267028809,13.734999656677246,3513,0.0,0.0
2024-06-06 15:45:00-04:00,13.739999771118164,13.739999771118164,13.734999656677246,13.734999656677246,3354,0.0,0.0
2024-06-06 15:46:00-04:00,13.734999656677246,13.734999656677246,13.725000381469727,13.734999656677246,4086,0.0,0.0
2024-06-06 15:47:00-04:00,13.734999656677246,13.770000457763672,13.734999656677246,13.765000343322754,10984,0.0,0.0
2024-06-06 15:48:00-04:00,13.765000343322754,13.829999923706055,13.765000343322754,13.824999809265137,14166,0.0,0.0
2024-06-06 15:49:00-04:00,13.824999809265137,13.824999809265137,13.760000228881836,13.765000343322754,13564,0.0,0.0
2024-06-06 15:50:00-04:00,13.770000457763672,13.779999732971191,13.75100040435791,13.755000114440918,16758,0.0,0.0
2024-06-06 15:51:00-04:00,13.75100040435791,13.770000457763672,13.75,13.76099967956543,9064,0.0,0.0
2024-06-06 15:52:00-04:00,13.770000457763672,13.770000457763672,13.75,13.75,7792,0.0,0.0
2024-06-06 15:53:00-04:00,13.755000114440918,13.760000228881836,13.744999885559082,13.75,23497,0.0,0.0
2024-06-06 15:54:00-04:00,13.75,13.755000114440918,13.734999656677246,13.755000114440918,55196,0.0,0.0
2024-06-06 15:55:00-04:00,13.755000114440918,13.760000228881836,13.720000267028809,13.720000267028809,26500,0.0,0.0
2024-06-06 15:56:00-04:00,13.725000381469727,13.729999542236328,13.720000267028809,13.729999542236328,22863,0.0,0.0
2024-06-06 15:57:00-04:00,13.725000381469727,13.728799819946289,13.710000038146973,13.710000038146973,16005,0.0,0.0
2024-06-06 15:58:00-04:00,13.711000442504883,13.71500015258789,13.6899995803833,13.694999694824219,40801,0.0,0.0
2024-06-06 15:59:00-04:00,13.6899995803833,13.699999809265137,13.6899995803833,13.694999694824219,66940,0.0,0.0
2024-06-07 09:30:00-04:00,13.399999618530273,13.529999732971191,13.319999694824219,13.359999656677246,43693,0.0,0.0
2024-06-07 09:31:00-04:00,13.300000190734863,13.300000190734863,13.170000076293945,13.270000457763672,9514,0.0,0.0
2024-06-07 09:32:00-04:00,13.23859977722168,13.25,13.199999809265137,13.217499732971191,3910,0.0,0.0
2024-06-07 09:33:00-04:00,13.245699882507324,13.25,13.21500015258789,13.25,5907,0.0,0.0
2024-06-07 09:34:00-04:00,13.24530029296875,13.24530029296875,13.180000305175781,13.199999809265137,6676,0.0,0.0
2024-06-07 09:35:00-04:00,13.229999542236328,13.239999771118164,13.210000038146973,13.210000038146973,5871,0.0,0.0
2024-06-07 09:36:00-04:00,13.199999809265137,13.229999542236328,13.130000114440918,13.170000076293945,8670,0.0,0.0
2024-06-07 09:37:00-04:00,13.149999618530273,13.350000381469727,13.149999618530273,13.346699714660645,11204,0.0,0.0
2024-06-07 09:38:00-04:00,13.3100004196167,13.329999923706055,13.305000305175781,13.3100004196167,2151,0.0,0.0
2024-06-07 09:39:00-04:00,13.319999694824219,13.34000015258789,13.295000076293945,13.295000076293945,3864,0.0,0.0
2024-06-07 09:40:00-04:00,13.303000450134277,13.359999656677246,13.303000450134277,13.359999656677246,4743,0.0,0.0
2024-06-07 09:41:00-04:00,13.359999656677246,13.390000343322754,13.359999656677246,13.390000343322754,5340,0.0,0.0
2024-06-07 09:42:00-04:00,13.390000343322754,13.449999809265137,13.390000343322754,13.420000076293945,4986,0.0,0.0
2024-06-07 09:43:00-04:00,13.399999618530273,13.449999809265137,13.399999618530273,13.4399995803833,3530,0.0,0.0
2024-06-07 09:44:00-04:00,13.4399995803833,13.444999694824219,13.4399995803833,13.444999694824219,1063,0.0,0.0
2024-06-07 09:45:00-04:00,13.430000305175781,13.5,13.430000305175781,13.479999542236328,3319,0.0,0.0
2024-06-07 09:46:00-04:00,13.470000267028809,13.479999542236328,13.460000038146973,13.460000038146973,1528,0.0,0.0
2024-06-07 09:47:00-04:00,13.479999542236328,13.489999771118164,13.479999542236328,13.479999542236328,5104,0.0,0.0
2024-06-07 09:48:00-04:00,13.460000038146973,13.479999542236328,13.449999809265137,13.479999542236328,4749,0.0,0.0
2024-06-07 09:49:00-04:00,13.489999771118164,13.529999732971191,13.489999771118164,13.529999732971191,6408,0.0,0.0
2024-06-07 09:50:00-04:00,13.547200202941895,13.5600004196167,13.539999961853027,13.5600004196167,5414,0.0,0.0
2024-06-07 09:51:00-04:00,13.5600004196167,13.579999923706055,13.5600004196167,13.574999809265137,484,0.0,0.0
2024-06-07 09:52:00-04:00,13.569999694824219,13.579999923706055,13.524999618530273,13.529999732971191,3687,0.0,0.0
2024-06-07 09:53:00-04:00,13.470000267028809,13.520000457763672,13.46500015258789,13.479999542236328,5709,0.0,0.0
2024-06-07 09:54:00-04:00,13.479999542236328,13.5,13.470000267028809,13.5,2630,0.0,0.0
2024-06-07 09:55:00-04:00,13.500300407409668,13.600000381469727,13.500300407409668,13.585000038146973,10516,0.0,0.0
2024-06-07 09:56:00-04:00,13.585000038146973,13.600000381469727,13.539999961853027,13.589900016784668,6460,0.0,0.0
2024-06-07 09:57:00-04:00,13.600000381469727,13.619999885559082,13.569999694824219,13.569999694824219,2236,0.0,0.0
2024-06-07 09:58:00-04:00,13.569999694824219,13.59000015258789,13.569999694824219,13.579999923706055,4116,0.0,0.0
2024-06-07 09:59:00-04:00,13.569999694824219,13.569999694824219,13.5600004196167,13.5600004196167,1731,0.0,0.0
2024-06-07 10:00:00-04:00,13.5600004196167,13.5600004196167,13.510000228881836,13.5600004196167,6987,0.0,0.0
2024-06-07 10:01:00-04:00,13.569999694824219,13.579999923706055,13.550000190734863,13.550000190734863,2284,0.0,0.0
2024-06-07 10:02:00-04:00,13.555000305175781,13.630000114440918,13.529999732971191,13.539999961853027,32831,0.0,0.0
2024-06-07 10:03:00-04:00,13.529999732971191,13.5600004196167,13.510000228881836,13.529999732971191,9285,0.0,0.0
2024-06-07 10:04:00-04:00,13.5378999710083,13.539299964904785,13.475000381469727,13.539299964904785,13783,0.0,0.0
2024-06-07 10:05:00-04:00,13.53499984741211,13.579999923706055,13.53499984741211,13.5649995803833,9248,0.0,0.0
2024-06-07 10:06:00-04:00,13.569999694824219,13.579999923706055,13.550000190734863,13.5600004196167,5062,0.0,0.0
2024-06-07 10:07:00-04:00,13.550000190734863,13.555000305175781,13.51990032196045,13.529999732971191,5144,0.0,0.0
2024-06-07 10:08:00-04:00,13.529999732971191,13.550000190734863,13.529999732971191,13.539999961853027,15832,0.0,0.0
2024-06-07 10:09:00-04:00,13.545000076293945,13.545000076293945,13.53499984741211,13.53499984741211,2147,0.0,0.0
2024-06-07 10:10:00-04:00,13.529999732971191,13.5600004196167,13.524999618530273,13.5600004196167,9157,0.0,0.0
2024-06-07 10:11:00-04:00,13.550000190734863,13.579999923706055,13.539999961853027,13.569999694824219,8860,0.0,0.0
2024-06-07 10:12:00-04:00,13.579999923706055,13.640000343322754,13.569999694824219,13.59000015258789,23114,0.0,0.0
2024-06-07 10:13:00-04:00,13.59000015258789,13.619999885559082,13.59000015258789,13.619999885559082,8737,0.0,0.0
2024-06-07 10:14:00-04:00,13.619999885559082,13.619999885559082,13.569999694824219,13.579999923706055,17073,0.0,0.0
2024-06-07 10:15:00-04:00,13.579999923706055,13.59000015258789,13.529999732971191,13.529999732971191,18779,0.0,0.0
2024-06-07 10:16:00-04:00,13.520000457763672,13.520000457763672,13.489999771118164,13.520000457763672,20373,0.0,0.0
2024-06-07 10:17:00-04:00,13.515999794006348,13.515999794006348,13.470000267028809,13.5,4847,0.0,0.0
2024-06-07 10:18:00-04:00,13.489999771118164,13.489999771118164,13.460000038146973,13.479999542236328,3485,0.0,0.0
2024-06-07 10:19:00-04:00,13.479999542236328,13.479999542236328,13.458600044250488,13.458600044250488,2888,0.0,0.0
2024-06-07 10:20:00-04:00,13.4399995803833,13.449000358581543,13.40999984741211,13.419899940490723,3575,0.0,0.0
2024-06-07 10:21:00-04:00,13.420000076293945,13.449399948120117,13.420000076293945,13.430000305175781,3758,0.0,0.0
2024-06-07 10:22:00-04:00,13.430000305175781,13.430000305175781,13.390000343322754,13.430000305175781,5913,0.0,0.0
2024-06-07 10:23:00-04:00,13.420000076293945,13.479999542236328,13.420000076293945,13.479999542236328,6627,0.0,0.0
2024-06-07 10:24:00-04:00,13.489999771118164,13.494999885559082,13.470000267028809,13.494999885559082,2699,0.0,0.0
2024-06-07 10:25:00-04:00,13.510000228881836,13.520000457763672,13.510000228881836,13.520000457763672,1837,0.0,0.0
2024-06-07 10:26:00-04:00,13.550000190734863,13.585000038146973,13.550000190734863,13.569999694824219,5207,0.0,0.0
2024-06-07 10:27:00-04:00,13.5600004196167,13.5649995803833,13.5600004196167,13.5600004196167,1165,0.0,0.0
2024-06-07 10:28:00-04:00,13.569999694824219,13.569999694824219,13.529999732971191,13.529999732971191,7969,0.0,0.0
2024-06-07 10:29:00-04:00,13.510000228881836,13.510000228881836,13.479999542236328,13.489999771118164,15253,0.0,0.0
2024-06-07 10:30:00-04:00,13.489999771118164,13.489999771118164,13.470000267028809,13.470000267028809,9376,0.0,0.0
2024-06-07 10:31:00-04:00,13.479999542236328,13.479999542236328,13.449999809265137,13.460000038146973,31611,0.0,0.0
2024-06-07 10:32:00-04:00,13.460000038146973,13.460000038146973,13.420000076293945,13.430000305175781,6229,0.0,0.0
2024-06-07 10:33:00-04:00,13.420000076293945,13.420000076293945,13.380000114440918,13.380000114440918,1766,0.0,0.0
2024-06-07 10:34:00-04:00,13.380000114440918,13.395000457763672,13.350000381469727,13.350000381469727,5566,0.0,0.0
2024-06-07 10:35:00-04:00,13.34000015258789,13.379899978637695,13.34000015258789,13.375,9022,0.0,0.0
2024-06-07 10:36:00-04:00,13.380000114440918,13.399100303649902,13.359999656677246,13.399100303649902,2733,0.0,0.0
2024-06-07 10:37:00-04:00,13.399999618530273,13.4350004196167,13.399999618530273,13.430000305175781,6430,0.0,0.0
2024-06-07 10:38:00-04:00,13.438899993896484,13.449999809265137,13.438899993896484,13.4399995803833,2201,0.0,0.0
2024-06-07 10:39:00-04:00,13.449999809265137,13.479999542236328,13.449999809265137,13.449999809265137,2455,0.0,0.0
2024-06-07 10:40:00-04:00,13.460000038146973,13.470000267028809,13.460000038146973,13.470000267028809,1249,0.0,0.0
2024-06-07 10:41:00-04:00,13.470000267028809,13.470000267028809,13.420000076293945,13.420000076293945,2791,0.0,0.0
2024-06-07 10:42:00-04:00,13.416600227355957,13.416600227355957,13.399999618530273,13.40719985961914,1795,0.0,0.0
2024-06-07 10:43:00-04:00,13.40999984741211,13.4399995803833,13.40999984741211,13.420000076293945,3906,0.0,0.0
2024-06-07 10:44:00-04:00,13.425000190734863,13.4399995803833,13.420000076293945,13.430000305175781,1929,0.0,0.0
2024-06-07 10:45:00-04:00,13.430000305175781,13.460000038146973,13.430000305175781,13.460000038146973,2775,0.0,0.0
2024-06-07 10:46:00-04:00,13.449999809265137,13.470000267028809,13.444999694824219,13.470000267028809,8133,0.0,0.0
2024-06-07 10:47:00-04:00,13.489999771118164,13.539999961853027,13.489999771118164,13.53499984741211,7091,0.0,0.0
2024-06-07 10:48:00-04:00,13.529999732971191,13.550000190734863,13.524999618530273,13.550000190734863,6885,0.0,0.0
2024-06-07 10:49:00-04:00,13.559900283813477,13.559900283813477,13.489999771118164,13.490900039672852,4060,0.0,0.0
2024-06-07 10:50:00-04:00,13.479999542236328,13.479999542236328,13.479999542236328,13.479999542236328,2380,0.0,0.0
2024-06-07 10:51:00-04:00,13.470000267028809,13.470000267028809,13.449999809265137,13.470000267028809,2160,0.0,0.0
2024-06-07 10:52:00-04:00,13.479999542236328,13.479999542236328,13.470000267028809,13.470000267028809,2900,0.0,0.0
2024-06-07 10:53:00-04:00,13.470000267028809,13.494999885559082,13.470000267028809,13.494999885559082,1603,0.0,0.0
2024-06-07 10:54:00-04:00,13.5,13.5,13.449999809265137,13.449999809265137,3989,0.0,0.0
2024-06-07 10:55:00-04:00,13.449999809265137,13.479999542236328,13.449999809265137,13.479999542236328,1764,0.0,0.0
2024-06-07 10:56:00-04:00,13.46500015258789,13.46500015258789,13.449999809265137,13.460000038146973,1565,0.0,0.0
2024-06-07 10:57:00-04:00,13.460000038146973,13.46500015258789,13.449999809265137,13.449999809265137,2135,0.0,0.0
2024-06-07 10:58:00-04:00,13.460000038146973,13.460000038146973,13.4399995803833,13.449999809265137,1865,0.0,0.0
2024-06-07 10:59:00-04:00,13.45199966430664,13.45199966430664,13.449999809265137,13.449999809265137,1805,0.0,0.0
2024-06-07 11:00:00-04:00,13.449999809265137,13.449999809265137,13.420000076293945,13.420000076293945,4926,0.0,0.0
2024-06-07 11:01:00-04:00,13.430000305175781,13.4399995803833,13.430000305175781,13.4350004196167,1481,0.0,0.0
2024-06-07 11:02:00-04:00,13.449999809265137,13.449999809265137,13.420000076293945,13.430000305175781,1261,0.0,0.0
2024-06-07 11:03:00-04:00,13.425000190734863,13.425000190734863,13.425000190734863,13.425000190734863,462,0.0,0.0
2024-06-07 11:04:00-04:00,13.420000076293945,13.420000076293945,13.399999618530273,13.399999618530273,1135,0.0,0.0
2024-06-07 11:05:00-04:00,13.395000457763672,13.395000457763672,13.369999885559082,13.378899574279785,1828,0.0,0.0
2024-06-07 11:06:00-04:00,13.359999656677246,13.359999656677246,13.350000381469727,13.350000381469727,8699,0.0,0.0
2024-06-07 11:07:00-04:00,13.349499702453613,13.350000381469727,13.329999923706055,13.335700035095215,4915,0.0,0.0
2024-06-07 11:08:00-04:00,13.335000038146973,13.350000381469727,13.324999809265137,13.34000015258789,4932,0.0,0.0
2024-06-07 11:09:00-04:00,13.34000015258789,13.356100082397461,13.34000015258789,13.356100082397461,2894,0.0,0.0
2024-06-07 11:10:00-04:00,13.350000381469727,13.350000381469727,13.34000015258789,13.34000015258789,2163,0.0,0.0
2024-06-07 11:11:00-04:00,13.335000038146973,13.350000381469727,13.335000038146973,13.34000015258789,1201,0.0,0.0
2024-06-07 11:12:00-04:00,13.350000381469727,13.350000381469727,13.335000038146973,13.335000038146973,1889,0.0,0.0
2024-06-07 11:13:00-04:00,13.34000015258789,13.345000267028809,13.329999923706055,13.329999923706055,612,0.0,0.0
2024-06-07 11:14:00-04:00,13.339900016784668,13.350000381469727,13.329999923706055,13.350000381469727,5612,0.0,0.0
2024-06-07 11:15:00-04:00,13.350000381469727,13.390000343322754,13.335000038146973,13.369999885559082,7063,0.0,0.0
2024-06-07 11:16:00-04:00,13.359999656677246,13.364999771118164,13.350000381469727,13.350000381469727,2352,0.0,0.0
2024-06-07 11:17:00-04:00,13.354999542236328,13.359999656677246,13.34000015258789,13.359999656677246,3097,0.0,0.0
2024-06-07 11:18:00-04:00,13.350000381469727,13.350000381469727,13.319999694824219,13.319999694824219,4376,0.0,0.0
2024-06-07 11:19:00-04:00,13.3149995803833,13.319999694824219,13.3100004196167,13.319999694824219,4409,0.0,0.0
2024-06-07 11:20:00-04:00,13.319999694824219,13.319999694824219,13.3100004196167,13.3100004196167,2471,0.0,0.0
2024-06-07 11:21:00-04:00,13.3100004196167,13.311699867248535,13.300000190734863,13.305000305175781,1084,0.0,0.0
2024-06-07 11:22:00-04:00,13.305000305175781,13.324999809265137,13.300000190734863,13.319999694824219,7225,0.0,0.0
2024-06-07 11:23:00-04:00,13.329999923706055,13.369999885559082,13.329999923706055,13.369999885559082,3495,0.0,0.0
2024-06-07 11:24:00-04:00,13.375,13.375,13.369999885559082,13.369999885559082,2196,0.0,0.0
2024-06-07 11:25:00-04:00,13.38029956817627,13.385000228881836,13.380000114440918,13.385000228881836,1447,0.0,0.0
2024-06-07 11:26:00-04:00,13.375,13.385000228881836,13.375,13.385000228881836,1573,0.0,0.0
2024-06-07 11:27:00-04:00,13.399999618530273,13.404999732971191,13.390000343322754,13.399999618530273,2316,0.0,0.0
2024-06-07 11:28:00-04:00,13.409899711608887,13.409899711608887,13.399999618530273,13.399999618530273,3410,0.0,0.0
2024-06-07 11:29:00-04:00,13.399999618530273,13.399999618530273,13.399999618530273,13.399999618530273,1917,0.0,0.0
2024-06-07 11:30:00-04:00,13.40999984741211,13.420000076293945,13.40999984741211,13.414999961853027,1599,0.0,0.0
2024-06-07 11:31:00-04:00,13.40999984741211,13.420000076293945,13.40999984741211,13.420000076293945,641,0.0,0.0
2024-06-07 11:32:00-04:00,13.420000076293945,13.4399995803833,13.420000076293945,13.4399995803833,2652,0.0,0.0
2024-06-07 11:33:00-04:00,13.430000305175781,13.430000305175781,13.40999984741211,13.414999961853027,2403,0.0,0.0
2024-06-07 11:34:00-04:00,13.414999961853027,13.420000076293945,13.414999961853027,13.420000076293945,1172,0.0,0.0
2024-06-07 11:35:00-04:00,13.430000305175781,13.430000305175781,13.430000305175781,13.430000305175781,598,0.0,0.0
2024-06-07 11:36:00-04:00,13.4399995803833,13.444999694824219,13.390000343322754,13.399999618530273,9302,0.0,0.0
2024-06-07 11:37:00-04:00,13.400099754333496,13.449999809265137,13.395000457763672,13.449999809265137,5180,0.0,0.0
2024-06-07 11:38:00-04:00,13.4399995803833,13.460000038146973,13.4399995803833,13.45009994506836,3795,0.0,0.0
2024-06-07 11:39:00-04:00,13.470000267028809,13.470000267028809,13.449999809265137,13.460000038146973,3226,0.0,0.0
2024-06-07 11:40:00-04:00,13.470000267028809,13.5,13.470000267028809,13.5,3319,0.0,0.0
2024-06-07 11:41:00-04:00,13.5,13.5,13.494999885559082,13.494999885559082,2255,0.0,0.0
2024-06-07 11:42:00-04:00,13.494999885559082,13.500200271606445,13.489999771118164,13.500200271606445,2836,0.0,0.0
2024-06-07 11:43:00-04:00,13.505000114440918,13.505000114440918,13.484999656677246,13.5,4106,0.0,0.0
2024-06-07 11:44:00-04:00,13.515000343322754,13.515000343322754,13.489999771118164,13.489999771118164,1828,0.0,0.0
2024-06-07 11:45:00-04:00,13.489999771118164,13.5,13.489999771118164,13.494999885559082,1874,0.0,0.0
2024-06-07 11:46:00-04:00,13.500399589538574,13.500399589538574,13.500399589538574,13.500399589538574,203,0.0,0.0
2024-06-07 11:47:00-04:00,13.510000228881836,13.510000228881836,13.494999885559082,13.494999885559082,1845,0.0,0.0
2024-06-07 11:48:00-04:00,13.494999885559082,13.494999885559082,13.470000267028809,13.475000381469727,2848,0.0,0.0
2024-06-07 11:49:00-04:00,13.475000381469727,13.479999542236328,13.470000267028809,13.475000381469727,2935,0.0,0.0
2024-06-07 11:50:00-04:00,13.470000267028809,13.479999542236328,13.470000267028809,13.475000381469727,2387,0.0,0.0
2024-06-07 11:51:00-04:00,13.489999771118164,13.489999771118164,13.470100402832031,13.470100402832031,3623,0.0,0.0
2024-06-07 11:52:00-04:00,13.470000267028809,13.470000267028809,13.470000267028809,13.470000267028809,467,0.0,0.0
2024-06-07 11:53:00-04:00,13.479999542236328,13.484999656677246,13.479999542236328,13.479999542236328,2135,0.0,0.0
2024-06-07 11:54:00-04:00,13.475000381469727,13.489999771118164,13.475000381469727,13.489999771118164,834,0.0,0.0
2024-06-07 11:55:00-04:00,13.479999542236328,13.479999542236328,13.460000038146973,13.460000038146973,2059,0.0,0.0
2024-06-07 11:56:00-04:00,13.467599868774414,13.470000267028809,13.467599868774414,13.470000267028809,1483,0.0,0.0
2024-06-07 11:57:00-04:00,13.479999542236328,13.479999542236328,13.479999542236328,13.479999542236328,654,0.0,0.0
2024-06-07 11:58:00-04:00,13.479999542236328,13.489999771118164,13.479999542236328,13.489999771118164,4191,0.0,0.0
2024-06-07 11:59:00-04:00,13.489999771118164,13.494999885559082,13.454999923706055,13.454999923706055,5292,0.0,0.0
2024-06-07 12:00:00-04:00,13.449999809265137,13.475000381469727,13.449999809265137,13.475000381469727,4105,0.0,0.0
2024-06-07 12:01:00-04:00,13.470000267028809,13.484999656677246,13.460000038146973,13.484999656677246,3528,0.0,0.0
2024-06-07 12:02:00-04:00,13.484999656677246,13.484999656677246,13.484999656677246,13.484999656677246,723,0.0,0.0
2024-06-07 12:03:00-04:00,13.479999542236328,13.479999542236328,13.449999809265137,13.46500015258789,3635,0.0,0.0
2024-06-07 12:04:00-04:00,13.46500015258789,13.479999542236328,13.46500015258789,13.479999542236328,1670,0.0,0.0
2024-06-07 12:05:00-04:00,13.470000267028809,13.470000267028809,13.46500015258789,13.46500015258789,726,0.0,0.0
2024-06-07 12:06:00-04:00,13.470000267028809,13.475199699401855,13.470000267028809,13.475000381469727,2885,0.0,0.0
2024-06-07 12:07:00-04:00,13.475000381469727,13.475000381469727,13.475000381469727,13.475000381469727,425,0.0,0.0
2024-06-07 12:08:00-04:00,13.475000381469727,13.475000381469727,13.460000038146973,13.470000267028809,5682,0.0,0.0
2024-06-07 12:09:00-04:00,13.475000381469727,13.479999542236328,13.449999809265137,13.457599639892578,8852,0.0,0.0
2024-06-07 12:10:00-04:00,13.449999809265137,13.460000038146973,13.449999809265137,13.454999923706055,3262,0.0,0.0
2024-06-07 12:11:00-04:00,13.454999923706055,13.475000381469727,13.449999809265137,13.449999809265137,6130,0.0,0.0
2024-06-07 12:12:00-04:00,13.449999809265137,13.475000381469727,13.449999809265137,13.475000381469727,2110,0.0,0.0
2024-06-07 12:14:00-04:00,13.470000267028809,13.470000267028809,13.444999694824219,13.444999694824219,2118,0.0,0.0
2024-06-07 12:15:00-04:00,13.444999694824219,13.449999809265137,13.4399995803833,13.449999809265137,2953,0.0,0.0
2024-06-07 12:16:00-04:00,13.449999809265137,13.454999923706055,13.449999809265137,13.454999923706055,1229,0.0,0.0
2024-06-07 12:17:00-04:00,13.454999923706055,13.484999656677246,13.454999923706055,13.484999656677246,4064,0.0,0.0
2024-06-07 12:18:00-04:00,13.479999542236328,13.479999542236328,13.479999542236328,13.479999542236328,1246,0.0,0.0
2024-06-07 12:19:00-04:00,13.479999542236328,13.484999656677246,13.479999542236328,13.479999542236328,1047,0.0,0.0
2024-06-07 12:20:00-04:00,13.484999656677246,13.494999885559082,13.484999656677246,13.494999885559082,1499,0.0,0.0
2024-06-07 12:21:00-04:00,13.5,13.5,13.489999771118164,13.5,5153,0.0,0.0
2024-06-07 12:22:00-04:00,13.505000114440918,13.510000228881836,13.505000114440918,13.510000228881836,2316,0.0,0.0
2024-06-07 12:23:00-04:00,13.510100364685059,13.524999618530273,13.489999771118164,13.524999618530273,19481,0.0,0.0
2024-06-07 12:24:00-04:00,13.520000457763672,13.524999618530273,13.510000228881836,13.515000343322754,7962,0.0,0.0
2024-06-07 12:25:00-04:00,13.510000228881836,13.520000457763672,13.510000228881836,13.520000457763672,1819,0.0,0.0
2024-06-07 12:26:00-04:00,13.510000228881836,13.510000228881836,13.510000228881836,13.510000228881836,849,0.0,0.0
2024-06-07 12:27:00-04:00,13.505000114440918,13.520000457763672,13.505000114440918,13.510000228881836,3254,0.0,0.0
2024-06-07 12:28:00-04:00,13.515000343322754,13.515000343322754,13.515000343322754,13.515000343322754,387,0.0,0.0
2024-06-07 12:29:00-04:00,13.515000343322754,13.529999732971191,13.515000343322754,13.529999732971191,2089,0.0,0.0
2024-06-07 12:30:00-04:00,13.539999961853027,13.550000190734863,13.539999961853027,13.545000076293945,1693,0.0,0.0
2024-06-07 12:31:00-04:00,13.550000190734863,13.5600004196167,13.520000457763672,13.524999618530273,5855,0.0,0.0
2024-06-07 12:32:00-04:00,13.520000457763672,13.520000457763672,13.489999771118164,13.489999771118164,2404,0.0,0.0
2024-06-07 12:33:00-04:00,13.484999656677246,13.484999656677246,13.479999542236328,13.479999542236328,2258,0.0,0.0
2024-06-07 12:34:00-04:00,13.479999542236328,13.479999542236328,13.460000038146973,13.460000038146973,3419,0.0,0.0
2024-06-07 12:35:00-04:00,13.460000038146973,13.479999542236328,13.460000038146973,13.479999542236328,1733,0.0,0.0
2024-06-07 12:36:00-04:00,13.470000267028809,13.489999771118164,13.460000038146973,13.484999656677246,4066,0.0,0.0
2024-06-07 12:37:00-04:00,13.489999771118164,13.489999771118164,13.470000267028809,13.475000381469727,1374,0.0,0.0
2024-06-07 12:38:00-04:00,13.479999542236328,13.489999771118164,13.470000267028809,13.475000381469727,3656,0.0,0.0
2024-06-07 12:39:00-04:00,13.475000381469727,13.475000381469727,13.470000267028809,13.470000267028809,1276,0.0,0.0
2024-06-07 12:40:00-04:00,13.46500015258789,13.470000267028809,13.46500015258789,13.470000267028809,1572,0.0,0.0
2024-06-07 12:41:00-04:00,13.470000267028809,13.470000267028809,13.454999923706055,13.454999923706055,1811,0.0,0.0
2024-06-07 12:42:00-04:00,13.444999694824219,13.449999809265137,13.4399995803833,13.444999694824219,4568,0.0,0.0
2024-06-07 12:43:00-04:00,13.449999809265137,13.460000038146973,13.449999809265137,13.45989990234375,3600,0.0,0.0
2024-06-07 12:44:00-04:00,13.46500015258789,13.470000267028809,13.46500015258789,13.470000267028809,2172,0.0,0.0
2024-06-07 12:45:00-04:00,13.470000267028809,13.470000267028809,13.46500015258789,13.46500015258789,593,0.0,0.0
2024-06-07 12:46:00-04:00,13.470000267028809,13.470000267028809,13.449999809265137,13.449999809265137,4287,0.0,0.0
2024-06-07 12:47:00-04:00,13.449999809265137,13.449999809265137,13.4350004196167,13.4399995803833,3396,0.0,0.0
2024-06-07 12:48:00-04:00,13.444999694824219,13.460000038146973,13.444999694824219,13.454999923706055,6529,0.0,0.0
2024-06-07 12:49:00-04:00,13.449999809265137,13.460000038146973,13.449999809265137,13.460000038146973,4037,0.0,0.0
2024-06-07 12:50:00-04:00,13.470000267028809,13.470000267028809,13.470000267028809,13.470000267028809,2028,0.0,0.0
2024-06-07 12:51:00-04:00,13.460000038146973,13.46500015258789,13.454999923706055,13.454999923706055,4272,0.0,0.0
2024-06-07 12:52:00-04:00,13.460000038146973,13.46500015258789,13.460000038146973,13.46500015258789,1650,0.0,0.0
2024-06-07 12:53:00-04:00,13.470000267028809,13.479999542236328,13.449999809265137,13.449999809265137,3056,0.0,0.0
2024-06-07 12:54:00-04:00,13.449999809265137,13.449999809265137,13.449999809265137,13.449999809265137,827,0.0,0.0
2024-06-07 12:56:00-04:00,13.444999694824219,13.444999694824219,13.444999694824219,13.444999694824219,1036,0.0,0.0
2024-06-07 12:57:00-04:00,13.444999694824219,13.454999923706055,13.444999694824219,13.454999923706055,2365,0.0,0.0
2024-06-07 12:58:00-04:00,13.460000038146973,13.460000038146973,13.460000038146973,13.460000038146973,797,0.0,0.0
2024-06-07 12:59:00-04:00,13.470000267028809,13.470000267028809,13.46500015258789,13.46500015258789,555,0.0,0.0
2024-06-07 13:00:00-04:00,13.460000038146973,13.460000038146973,13.460000038146973,13.460000038146973,1267,0.0,0.0
2024-06-07 13:01:00-04:00,13.449999809265137,13.454999923706055,13.444999694824219,13.444999694824219,1564,0.0,0.0
2024-06-07 13:02:00-04:00,13.4399995803833,13.4399995803833,13.430000305175781,13.4350004196167,3991,0.0,0.0
2024-06-07 13:03:00-04:00,13.4399995803833,13.444999694824219,13.4399995803833,13.444999694824219,1826,0.0,0.0
2024-06-07 13:04:00-04:00,13.444999694824219,13.46500015258789,13.4399995803833,13.4399995803833,10809,0.0,0.0
2024-06-07 13:05:00-04:00,13.442099571228027,13.460000038146973,13.442099571228027,13.460000038146973,3466,0.0,0.0
2024-06-07 13:06:00-04:00,13.45199966430664,13.460000038146973,13.45199966430664,13.460000038146973,2367,0.0,0.0
2024-06-07 13:07:00-04:00,13.460000038146973,13.460000038146973,13.454999923706055,13.454999923706055,1198,0.0,0.0
2024-06-07 13:08:00-04:00,13.449999809265137,13.460000038146973,13.449999809265137,13.454999923706055,2379,0.0,0.0
2024-06-07 13:09:00-04:00,13.449999809265137,13.449999809265137,13.430000305175781,13.430000305175781,6479,0.0,0.0
2024-06-07 13:10:00-04:00,13.430000305175781,13.430000305175781,13.414999961853027,13.425000190734863,6957,0.0,0.0
2024-06-07 13:11:00-04:00,13.420000076293945,13.43649959564209,13.420000076293945,13.43649959564209,2194,0.0,0.0
2024-06-07 13:12:00-04:00,13.449999809265137,13.449999809265137,13.4350004196167,13.4350004196167,2635,0.0,0.0
2024-06-07 13:13:00-04:00,13.449999809265137,13.449999809265137,13.449999809265137,13.449999809265137,620,0.0,0.0
2024-06-07 13:14:00-04:00,13.460000038146973,13.460000038146973,13.449999809265137,13.454999923706055,736,0.0,0.0
2024-06-07 13:15:00-04:00,13.460000038146973,13.460000038146973,13.449999809265137,13.454999923706055,1406,0.0,0.0
2024-06-07 13:16:00-04:00,13.454999923706055,13.470000267028809,13.454999923706055,13.470000267028809,1533,0.0,0.0
2024-06-07 13:17:00-04:00,13.469099998474121,13.470000267028809,13.46500015258789,13.46500015258789,1078,0.0,0.0
2024-06-07 13:18:00-04:00,13.470000267028809,13.479999542236328,13.470000267028809,13.475000381469727,2647,0.0,0.0
2024-06-07 13:19:00-04:00,13.470000267028809,13.470000267028809,13.46500015258789,13.470000267028809,3221,0.0,0.0
2024-06-07 13:20:00-04:00,13.470000267028809,13.470000267028809,13.470000267028809,13.470000267028809,275,0.0,0.0
2024-06-07 13:21:00-04:00,13.489999771118164,13.489999771118164,13.479999542236328,13.479999542236328,4545,0.0,0.0
2024-06-07 13:22:00-04:00,13.479999542236328,13.489999771118164,13.479999542236328,13.489999771118164,3115,0.0,0.0
2024-06-07 13:23:00-04:00,13.494999885559082,13.505000114440918,13.494999885559082,13.505000114440918,9664,0.0,0.0
2024-06-07 13:24:00-04:00,13.510000228881836,13.520000457763672,13.510000228881836,13.520000457763672,1452,0.0,0.0
2024-06-07 13:25:00-04:00,13.520000457763672,13.53499984741211,13.520000457763672,13.53499984741211,3723,0.0,0.0
2024-06-07 13:26:00-04:00,13.529999732971191,13.529999732971191,13.514100074768066,13.514100074768066,5336,0.0,0.0
2024-06-07 13:27:00-04:00,13.515000343322754,13.520000457763672,13.510000228881836,13.510000228881836,1374,0.0,0.0
2024-06-07 13:28:00-04:00,13.515000343322754,13.515000343322754,13.484999656677246,13.484999656677246,3839,0.0,0.0
2024-06-07 13:29:00-04:00,13.489999771118164,13.489999771118164,13.484999656677246,13.489999771118164,782,0.0,0.0
2024-06-07 13:30:00-04:00,13.484999656677246,13.489999771118164,13.484999656677246,13.489999771118164,1717,0.0,0.0
2024-06-07 13:31:00-04:00,13.479999542236328,13.479999542236328,13.470000267028809,13.475000381469727,2699,0.0,0.0
2024-06-07 13:32:00-04:00,13.46500015258789,13.46500015258789,13.454999923706055,13.454999923706055,998,0.0,0.0
2024-06-07 13:33:00-04:00,13.449999809265137,13.460000038146973,13.449999809265137,13.454999923706055,2548,0.0,0.0
2024-06-07 13:34:00-04:00,13.449999809265137,13.449999809265137,13.4350004196167,13.4350004196167,2185,0.0,0.0
2024-06-07 13:35:00-04:00,13.4350004196167,13.4399995803833,13.4350004196167,13.4350004196167,1426,0.0,0.0
2024-06-07 13:36:00-04:00,13.4350004196167,13.449999809265137,13.4350004196167,13.449999809265137,1704,0.0,0.0
2024-06-07 13:37:00-04:00,13.449999809265137,13.449999809265137,13.395000457763672,13.395000457763672,8078,0.0,0.0
2024-06-07 13:38:00-04:00,13.396900177001953,13.404999732971191,13.396900177001953,13.404999732971191,2743,0.0,0.0
2024-06-07 13:39:00-04:00,13.40999984741211,13.420000076293945,13.40999984741211,13.419899940490723,3553,0.0,0.0
2024-06-07 13:40:00-04:00,13.420000076293945,13.430000305175781,13.420000076293945,13.420000076293945,2557,0.0,0.0
2024-06-07 13:41:00-04:00,13.420000076293945,13.430000305175781,13.414999961853027,13.430000305175781,1632,0.0,0.0
2024-06-07 13:42:00-04:00,13.425000190734863,13.430000305175781,13.420000076293945,13.420000076293945,2639,0.0,0.0
2024-06-07 13:43:00-04:00,13.414999961853027,13.4399995803833,13.40999984741211,13.4399995803833,4990,0.0,0.0
2024-06-07 13:44:00-04:00,13.4399995803833,13.4399995803833,13.4350004196167,13.4350004196167,915,0.0,0.0
2024-06-07 13:45:00-04:00,13.4399995803833,13.4399995803833,13.4350004196167,13.4399995803833,1898,0.0,0.0
2024-06-07 13:46:00-04:00,13.4350004196167,13.449999809265137,13.4350004196167,13.4399995803833,4563,0.0,0.0
2024-06-07 13:47:00-04:00,13.4399995803833,13.4399995803833,13.40999984741211,13.420000076293945,7149,0.0,0.0
2024-06-07 13:48:00-04:00,13.428899765014648,13.4399995803833,13.425000190734863,13.4399995803833,2834,0.0,0.0
2024-06-07 13:49:00-04:00,13.430000305175781,13.4399995803833,13.430000305175781,13.4399995803833,488,0.0,0.0
2024-06-07 13:50:00-04:00,13.4350004196167,13.4399995803833,13.425000190734863,13.425000190734863,5232,0.0,0.0
2024-06-07 13:51:00-04:00,13.430000305175781,13.430000305175781,13.425000190734863,13.425000190734863,2297,0.0,0.0
2024-06-07 13:52:00-04:00,13.430000305175781,13.4350004196167,13.399999618530273,13.40999984741211,10915,0.0,0.0
2024-06-07 13:53:00-04:00,13.40999984741211,13.40999984741211,13.40999984741211,13.40999984741211,1466,0.0,0.0
2024-06-07 13:54:00-04:00,13.404999732971191,13.40999984741211,13.390000343322754,13.399999618530273,1839,0.0,0.0
2024-06-07 13:55:00-04:00,13.399999618530273,13.399999618530273,13.380000114440918,13.385000228881836,5484,0.0,0.0
2024-06-07 13:56:00-04:00,13.380000114440918,13.380000114440918,13.375,13.375,5055,0.0,0.0
2024-06-07 13:57:00-04:00,13.375,13.399999618530273,13.375,13.399999618530273,3151,0.0,0.0
2024-06-07 13:58:00-04:00,13.399999618530273,13.420000076293945,13.399999618530273,13.420000076293945,3654,0.0,0.0
2024-06-07 13:59:00-04:00,13.414999961853027,13.420000076293945,13.399999618530273,13.404999732971191,5033,0.0,0.0
2024-06-07 14:00:00-04:00,13.390000343322754,13.390000343322754,13.354999542236328,13.354999542236328,7107,0.0,0.0
2024-06-07 14:01:00-04:00,13.350000381469727,13.369999885559082,13.329999923706055,13.369999885559082,4555,0.0,0.0
2024-06-07 14:02:00-04:00,13.364100456237793,13.369999885559082,13.359999656677246,13.369999885559082,983,0.0,0.0
2024-06-07 14:03:00-04:00,13.359999656677246,13.380000114440918,13.35949993133545,13.359999656677246,2370,0.0,0.0
2024-06-07 14:04:00-04:00,13.354999542236328,13.359999656677246,13.354999542236328,13.354999542236328,1905,0.0,0.0
2024-06-07 14:05:00-04:00,13.359999656677246,13.359999656677246,13.3100004196167,13.319999694824219,4079,0.0,0.0
2024-06-07 14:06:00-04:00,13.321399688720703,13.321399688720703,13.305000305175781,13.3100004196167,4023,0.0,0.0
2024-06-07 14:07:00-04:00,13.3100004196167,13.3100004196167,13.300000190734863,13.3100004196167,1882,0.0,0.0
2024-06-07 14:08:00-04:00,13.300000190734863,13.305399894714355,13.295000076293945,13.295000076293945,4044,0.0,0.0
2024-06-07 14:09:00-04:00,13.289999961853027,13.3149995803833,13.279999732971191,13.3149995803833,5492,0.0,0.0
2024-06-07 14:10:00-04:00,13.309000015258789,13.3100004196167,13.309000015258789,13.3100004196167,1131,0.0,0.0
2024-06-07 14:11:00-04:00,13.3100004196167,13.350000381469727,13.3100004196167,13.350000381469727,12224,0.0,0.0
2024-06-07 14:12:00-04:00,13.34000015258789,13.369999885559082,13.34000015258789,13.354999542236328,9327,0.0,0.0
2024-06-07 14:13:00-04:00,13.350000381469727,13.350000381469727,13.319999694824219,13.329000473022461,23849,0.0,0.0
2024-06-07 14:14:00-04:00,13.324999809265137,13.329999923706055,13.319999694824219,13.329999923706055,6259,0.0,0.0
2024-06-07 14:15:00-04:00,13.319999694824219,13.354999542236328,13.319999694824219,13.354999542236328,6336,0.0,0.0
2024-06-07 14:16:00-04:00,13.359999656677246,13.369999885559082,13.354999542236328,13.369999885559082,2170,0.0,0.0
2024-06-07 14:17:00-04:00,13.369999885559082,13.369999885559082,13.350000381469727,13.359999656677246,2772,0.0,0.0
2024-06-07 14:18:00-04:00,13.354999542236328,13.359999656677246,13.350000381469727,13.359999656677246,3288,0.0,0.0
2024-06-07 14:19:00-04:00,13.364999771118164,13.375,13.359999656677246,13.369999885559082,4434,0.0,0.0
2024-06-07 14:20:00-04:00,13.380000114440918,13.385000228881836,13.380000114440918,13.385000228881836,2026,0.0,0.0
2024-06-07 14:21:00-04:00,13.390000343322754,13.399999618530273,13.390000343322754,13.395000457763672,3262,0.0,0.0
2024-06-07 14:22:00-04:00,13.399999618530273,13.399999618530273,13.390000343322754,13.390000343322754,6263,0.0,0.0
2024-06-07 14:23:00-04:00,13.390000343322754,13.399999618530273,13.385000228881836,13.399999618530273,4321,0.0,0.0
2024-06-07 14:24:00-04:00,13.395000457763672,13.40999984741211,13.39009952545166,13.40999984741211,5183,0.0,0.0
2024-06-07 14:25:00-04:00,13.40999984741211,13.420000076293945,13.40999984741211,13.40999984741211,9053,0.0,0.0
2024-06-07 14:26:00-04:00,13.414999961853027,13.420000076293945,13.414999961853027,13.414999961853027,3055,0.0,0.0
2024-06-07 14:27:00-04:00,13.414999961853027,13.425000190734863,13.414999961853027,13.425000190734863,3133,0.0,0.0
2024-06-07 14:28:00-04:00,13.430000305175781,13.460000038146973,13.425000190734863,13.4399995803833,4414,0.0,0.0
2024-06-07 14:29:00-04:00,13.430000305175781,13.4399995803833,13.425000190734863,13.430000305175781,4514,0.0,0.0
2024-06-07 14:30:00-04:00,13.425000190734863,13.4350004196167,13.420000076293945,13.430000305175781,3900,0.0,0.0
2024-06-07 14:31:00-04:00,13.430000305175781,13.444999694824219,13.430000305175781,13.444999694824219,2857,0.0,0.0
2024-06-07 14:32:00-04:00,13.449999809265137,13.449999809265137,13.435400009155273,13.435400009155273,2135,0.0,0.0
2024-06-07 14:33:00-04:00,13.4399995803833,13.4399995803833,13.4350004196167,13.4350004196167,1213,0.0,0.0
2024-06-07 14:34:00-04:00,13.430000305175781,13.4399995803833,13.425000190734863,13.430000305175781,3818,0.0,0.0
2024-06-07 14:35:00-04:00,13.430000305175781,13.4399995803833,13.430000305175781,13.4399995803833,2449,0.0,0.0
2024-06-07 14:37:00-04:00,13.449999809265137,13.460000038146973,13.444999694824219,13.460000038146973,1810,0.0,0.0
2024-06-07 14:38:00-04:00,13.46500015258789,13.46500015258789,13.449999809265137,13.454999923706055,3096,0.0,0.0
2024-06-07 14:39:00-04:00,13.454999923706055,13.460000038146973,13.454999923706055,13.459699630737305,1865,0.0,0.0
2024-06-07 14:40:00-04:00,13.449999809265137,13.454999923706055,13.449999809265137,13.454999923706055,449,0.0,0.0
2024-06-07 14:41:00-04:00,13.449999809265137,13.449999809265137,13.4350004196167,13.449999809265137,4990,0.0,0.0
2024-06-07 14:42:00-04:00,13.460000038146973,13.479999542236328,13.460000038146973,13.479999542236328,2335,0.0,0.0
2024-06-07 14:43:00-04:00,13.479999542236328,13.479999542236328,13.46500015258789,13.475000381469727,1946,0.0,0.0
2024-06-07 14:44:00-04:00,13.479999542236328,13.479999542236328,13.475000381469727,13.475000381469727,1659,0.0,0.0
2024-06-07 14:45:00-04:00,13.475000381469727,13.479999542236328,13.475000381469727,13.479999542236328,3298,0.0,0.0
2024-06-07 14:46:00-04:00,13.489999771118164,13.489999771118164,13.489999771118164,13.489999771118164,1549,0.0,0.0
2024-06-07 14:47:00-04:00,13.489999771118164,13.5,13.470000267028809,13.470000267028809,6725,0.0,0.0
2024-06-07 14:48:00-04:00,13.479999542236328,13.479999542236328,13.479999542236328,13.479999542236328,2569,0.0,0.0
2024-06-07 14:49:00-04:00,13.479999542236328,13.479999542236328,13.475000381469727,13.479999542236328,1487,0.0,0.0
2024-06-07 14:50:00-04:00,13.479999542236328,13.489999771118164,13.475000381469727,13.479999542236328,1992,0.0,0.0
2024-06-07 14:51:00-04:00,13.475000381469727,13.475000381469727,13.46500015258789,13.46500015258789,1764,0.0,0.0
2024-06-07 14:52:00-04:00,13.46500015258789,13.470000267028809,13.460000038146973,13.46500015258789,5704,0.0,0.0
2024-06-07 14:53:00-04:00,13.470000267028809,13.5,13.470000267028809,13.5,4177,0.0,0.0
2024-06-07 14:54:00-04:00,13.489999771118164,13.5,13.489999771118164,13.489999771118164,2764,0.0,0.0
2024-06-07 14:55:00-04:00,13.494999885559082,13.5,13.484999656677246,13.489999771118164,2508,0.0,0.0
2024-06-07 14:56:00-04:00,13.489999771118164,13.489999771118164,13.475000381469727,13.475000381469727,3629,0.0,0.0
2024-06-07 14:57:00-04:00,13.479999542236328,13.479999542236328,13.46500015258789,13.475000381469727,3685,0.0,0.0
2024-06-07 14:58:00-04:00,13.470000267028809,13.470000267028809,13.46500015258789,13.46500015258789,1177,0.0,0.0
2024-06-07 14:59:00-04:00,13.460000038146973,13.470000267028809,13.454999923706055,13.454999923706055,1839,0.0,0.0
2024-06-07 15:00:00-04:00,13.449999809265137,13.449999809265137,13.420000076293945,13.425000190734863,7339,0.0,0.0
2024-06-07 15:01:00-04:00,13.420000076293945,13.4399995803833,13.40999984741211,13.4350004196167,18242,0.0,0.0
2024-06-07 15:02:00-04:00,13.4399995803833,13.479999542236328,13.4399995803833,13.475000381469727,7892,0.0,0.0
2024-06-07 15:03:00-04:00,13.475000381469727,13.494999885559082,13.460000038146973,13.494999885559082,5433,0.0,0.0
2024-06-07 15:04:00-04:00,13.489999771118164,13.5,13.475000381469727,13.475000381469727,6044,0.0,0.0
2024-06-07 15:05:00-04:00,13.479999542236328,13.5,13.479999542236328,13.494999885559082,3638,0.0,0.0
2024-06-07 15:06:00-04:00,13.489999771118164,13.5,13.475000381469727,13.475000381469727,4458,0.0,0.0
2024-06-07 15:07:00-04:00,13.479999542236328,13.489999771118164,13.46500015258789,13.470000267028809,6636,0.0,0.0
2024-06-07 15:08:00-04:00,13.470000267028809,13.475000381469727,13.460000038146973,13.460000038146973,2541,0.0,0.0
2024-06-07 15:09:00-04:00,13.460000038146973,13.46500015258789,13.454999923706055,13.454999923706055,2326,0.0,0.0
2024-06-07 15:10:00-04:00,13.460000038146973,13.470000267028809,13.460000038146973,13.470000267028809,1891,0.0,0.0
2024-06-07 15:11:00-04:00,13.475000381469727,13.479999542236328,13.475000381469727,13.479999542236328,1766,0.0,0.0
2024-06-07 15:12:00-04:00,13.475000381469727,13.484999656677246,13.470000267028809,13.484999656677246,5484,0.0,0.0
2024-06-07 15:13:00-04:00,13.479999542236328,13.479999542236328,13.449999809265137,13.449999809265137,3465,0.0,0.0
2024-06-07 15:14:00-04:00,13.444999694824219,13.460000038146973,13.444999694824219,13.460000038146973,4409,0.0,0.0
2024-06-07 15:15:00-04:00,13.460000038146973,13.470000267028809,13.460000038146973,13.470000267028809,2854,0.0,0.0
2024-06-07 15:16:00-04:00,13.470000267028809,13.479999542236328,13.470000267028809,13.479999542236328,1646,0.0,0.0
2024-06-07 15:17:00-04:00,13.470000267028809,13.470000267028809,13.454999923706055,13.454999923706055,3305,0.0,0.0
2024-06-07 15:18:00-04:00,13.460000038146973,13.460000038146973,13.4399995803833,13.444999694824219,5870,0.0,0.0
2024-06-07 15:19:00-04:00,13.444999694824219,13.454999923706055,13.444999694824219,13.449999809265137,1911,0.0,0.0
2024-06-07 15:20:00-04:00,13.444999694824219,13.444999694824219,13.4399995803833,13.4399995803833,3932,0.0,0.0
2024-06-07 15:21:00-04:00,13.4350004196167,13.449999809265137,13.4350004196167,13.449999809265137,4375,0.0,0.0
2024-06-07 15:22:00-04:00,13.460000038146973,13.460000038146973,13.449999809265137,13.460000038146973,2903,0.0,0.0
2024-06-07 15:23:00-04:00,13.470000267028809,13.470000267028809,13.470000267028809,13.470000267028809,3005,0.0,0.0
2024-06-07 15:24:00-04:00,13.470000267028809,13.479999542236328,13.470000267028809,13.479999542236328,1222,0.0,0.0
2024-06-07 15:25:00-04:00,13.470000267028809,13.470000267028809,13.451000213623047,13.460000038146973,4451,0.0,0.0
2024-06-07 15:26:00-04:00,13.454999923706055,13.479999542236328,13.454999923706055,13.479999542236328,3742,0.0,0.0
2024-06-07 15:27:00-04:00,13.479999542236328,13.489999771118164,13.454999923706055,13.454999923706055,11121,0.0,0.0
2024-06-07 15:28:00-04:00,13.460000038146973,13.479999542236328,13.460000038146973,13.479999542236328,3487,0.0,0.0
2024-06-07 15:29:00-04:00,13.479999542236328,13.479999542236328,13.470999717712402,13.475000381469727,2946,0.0,0.0
2024-06-07 15:30:00-04:00,13.475000381469727,13.479999542236328,13.46500015258789,13.475000381469727,6830,0.0,0.0
2024-06-07 15:31:00-04:00,13.475000381469727,13.479999542236328,13.475000381469727,13.479999542236328,7490,0.0,0.0
2024-06-07 15:32:00-04:00,13.489999771118164,13.5,13.489999771118164,13.5,5895,0.0,0.0
2024-06-07 15:33:00-04:00,13.5,13.529999732971191,13.5,13.51099967956543,9364,0.0,0.0
2024-06-07 15:34:00-04:00,13.515000343322754,13.515000343322754,13.509900093078613,13.510000228881836,4194,0.0,0.0
2024-06-07 15:35:00-04:00,13.5,13.515000343322754,13.489999771118164,13.515000343322754,6744,0.0,0.0
2024-06-07 15:36:00-04:00,13.520000457763672,13.529999732971191,13.520000457763672,13.520000457763672,8162,0.0,0.0
2024-06-07 15:37:00-04:00,13.520000457763672,13.524999618530273,13.515000343322754,13.520000457763672,5501,0.0,0.0
2024-06-07 15:38:00-04:00,13.520000457763672,13.520000457763672,13.5,13.500100135803223,8779,0.0,0.0
2024-06-07 15:39:00-04:00,13.5,13.524999618530273,13.5,13.524999618530273,12996,0.0,0.0
2024-06-07 15:40:00-04:00,13.529999732971191,13.529999732971191,13.524999618530273,13.529999732971191,5703,0.0,0.0
2024-06-07 15:41:00-04:00,13.529999732971191,13.529999732971191,13.515000343322754,13.529999732971191,7747,0.0,0.0
2024-06-07 15:42:00-04:00,13.520099639892578,13.529999732971191,13.520000457763672,13.529999732971191,20487,0.0,0.0
2024-06-07 15:43:00-04:00,13.520000457763672,13.520000457763672,13.470000267028809,13.484999656677246,17916,0.0,0.0
2024-06-07 15:44:00-04:00,13.484999656677246,13.484999656677246,13.46500015258789,13.470000267028809,8575,0.0,0.0
2024-06-07 15:45:00-04:00,13.470000267028809,13.489999771118164,13.4399995803833,13.44379997253418,18973,0.0,0.0
2024-06-07 15:46:00-04:00,13.4399995803833,13.449999809265137,13.4350004196167,13.444999694824219,11427,0.0,0.0
2024-06-07 15:47:00-04:00,13.440999984741211,13.479999542236328,13.4399995803833,13.479999542236328,11989,0.0,0.0
2024-06-07 15:48:00-04:00,13.475000381469727,13.479999542236328,13.460000038146973,13.479999542236328,12299,0.0,0.0
2024-06-07 15:49:00-04:00,13.484999656677246,13.5,13.484999656677246,13.494999885559082,8128,0.0,0.0
2024-06-07 15:50:00-04:00,13.489999771118164,13.494999885559082,13.470000267028809,13.494999885559082,19298,0.0,0.0
2024-06-07 15:51:00-04:00,13.494999885559082,13.510000228881836,13.489999771118164,13.510000228881836,23425,0.0,0.0
2024-06-07 15:52:00-04:00,13.505000114440918,13.524999618530273,13.5,13.508899688720703,20588,0.0,0.0
2024-06-07 15:53:00-04:00,13.505000114440918,13.520000457763672,13.5,13.505000114440918,15822,0.0,0.0
2024-06-07 15:54:00-04:00,13.505000114440918,13.505000114440918,13.470000267028809,13.479999542236328,24202,0.0,0.0
2024-06-07 15:55:00-04:00,13.470000267028809,13.470000267028809,13.460000038146973,13.460000038146973,19935,0.0,0.0
2024-06-07 15:56:00-04:00,13.460000038146973,13.46500015258789,13.4350004196167,13.4350004196167,33381,0.0,0.0
2024-06-07 15:57:00-04:00,13.4350004196167,13.449999809265137,13.430000305175781,13.449999809265137,33697,0.0,0.0
2024-06-07 15:58:00-04:00,13.444999694824219,13.449999809265137,13.430000305175781,13.4350004196167,46144,0.0,0.0
2024-06-07 15:59:00-04:00,13.430000305175781,13.449999809265137,13.420000076293945,13.4399995803833,65418,0.0,0.0
