Datetime,Open,High,Low,Close,Volume,Dividends,Stock Splits
2024-07-01 09:00:00+09:00,7310.0,7310.0,7310.0,7310.0,0,0.0,0.0
2024-07-01 09:02:00+09:00,7300.0,7350.0,7300.0,7350.0,101,0.0,0.0
2024-07-01 09:03:00+09:00,7340.0,7340.0,7340.0,7340.0,4,0.0,0.0
2024-07-01 09:05:00+09:00,7340.0,7340.0,7340.0,7340.0,82,0.0,0.0
2024-07-01 09:06:00+09:00,7260.0,7260.0,7260.0,7260.0,0,0.0,0.0
2024-07-01 09:07:00+09:00,7270.0,7270.0,7270.0,7270.0,3,0.0,0.0
2024-07-01 09:08:00+09:00,7270.0,7270.0,7260.0,7260.0,136,0.0,0.0
2024-07-01 09:09:00+09:00,7270.0,7270.0,7260.0,7260.0,51,0.0,0.0
2024-07-01 09:11:00+09:00,7270.0,7270.0,7260.0,7270.0,122,0.0,0.0
2024-07-01 09:12:00+09:00,7290.0,7290.0,7290.0,7290.0,183,0.0,0.0
2024-07-01 09:13:00+09:00,7280.0,7290.0,7280.0,7290.0,0,0.0,0.0
2024-07-01 09:19:00+09:00,7280.0,7310.0,7270.0,7310.0,1472,0.0,0.0
2024-07-01 09:20:00+09:00,7280.0,7310.0,7280.0,7280.0,30,0.0,0.0
2024-07-01 09:21:00+09:00,7310.0,7320.0,7280.0,7280.0,156,0.0,0.0
2024-07-01 09:22:00+09:00,7310.0,7320.0,7290.0,7320.0,62,0.0,0.0
2024-07-01 09:23:00+09:00,7290.0,7320.0,7290.0,7290.0,13,0.0,0.0
2024-07-01 09:24:00+09:00,7320.0,7320.0,7290.0,7320.0,13,0.0,0.0
2024-07-01 09:25:00+09:00,7300.0,7320.0,7300.0,7320.0,14,0.0,0.0
2024-07-01 09:26:00+09:00,7300.0,7320.0,7300.0,7300.0,11,0.0,0.0
2024-07-01 09:27:00+09:00,7320.0,7320.0,7300.0,7320.0,3,0.0,0.0
2024-07-01 09:28:00+09:00,7300.0,7330.0,7290.0,7330.0,180,0.0,0.0
2024-07-01 09:29:00+09:00,7340.0,7350.0,7340.0,7340.0,115,0.0,0.0
2024-07-01 09:31:00+09:00,7340.0,7340.0,7340.0,7340.0,2,0.0,0.0
2024-07-01 09:32:00+09:00,7330.0,7330.0,7290.0,7290.0,0,0.0,0.0
2024-07-01 09:35:00+09:00,7320.0,7320.0,7270.0,7320.0,240,0.0,0.0
2024-07-01 09:36:00+09:00,7290.0,7320.0,7280.0,7320.0,15,0.0,0.0
2024-07-01 09:37:00+09:00,7290.0,7320.0,7280.0,7310.0,29,0.0,0.0
2024-07-01 09:38:00+09:00,7300.0,7320.0,7300.0,7320.0,8,0.0,0.0
2024-07-01 09:39:00+09:00,7300.0,7320.0,7300.0,7320.0,34,0.0,0.0
2024-07-01 09:40:00+09:00,7300.0,7320.0,7300.0,7320.0,12,0.0,0.0
2024-07-01 09:41:00+09:00,7300.0,7320.0,7300.0,7300.0,6,0.0,0.0
2024-07-01 09:43:00+09:00,7320.0,7320.0,7320.0,7320.0,5,0.0,0.0
2024-07-01 09:44:00+09:00,7320.0,7320.0,7320.0,7320.0,23,0.0,0.0
2024-07-01 09:47:00+09:00,7320.0,7330.0,7320.0,7330.0,0,0.0,0.0
2024-07-01 09:50:00+09:00,7330.0,7350.0,7330.0,7350.0,99,0.0,0.0
2024-07-01 09:51:00+09:00,7340.0,7350.0,7340.0,7350.0,4,0.0,0.0
2024-07-01 09:54:00+09:00,7350.0,7390.0,7350.0,7390.0,445,0.0,0.0
2024-07-01 09:55:00+09:00,7390.0,7390.0,7320.0,7320.0,57,0.0,0.0
2024-07-01 09:57:00+09:00,7380.0,7390.0,7380.0,7390.0,0,0.0,0.0
2024-07-01 09:58:00+09:00,7390.0,7390.0,7380.0,7380.0,105,0.0,0.0
2024-07-01 09:59:00+09:00,7380.0,7390.0,7380.0,7390.0,39,0.0,0.0
2024-07-01 10:00:00+09:00,7390.0,7390.0,7390.0,7390.0,0,0.0,0.0
2024-07-01 10:05:00+09:00,7360.0,7390.0,7360.0,7390.0,25,0.0,0.0
2024-07-01 10:08:00+09:00,7360.0,7360.0,7360.0,7360.0,9,0.0,0.0
2024-07-01 10:09:00+09:00,7360.0,7390.0,7360.0,7360.0,5,0.0,0.0
2024-07-01 10:10:00+09:00,7390.0,7390.0,7360.0,7390.0,24,0.0,0.0
2024-07-01 10:12:00+09:00,7380.0,7380.0,7380.0,7380.0,1,0.0,0.0
2024-07-01 10:13:00+09:00,7390.0,7390.0,7380.0,7390.0,5,0.0,0.0
2024-07-01 10:14:00+09:00,7380.0,7390.0,7380.0,7390.0,4,0.0,0.0
2024-07-01 10:15:00+09:00,7380.0,7390.0,7380.0,7390.0,613,0.0,0.0
2024-07-01 10:16:00+09:00,7390.0,7410.0,7380.0,7410.0,790,0.0,0.0
2024-07-01 10:17:00+09:00,7410.0,7420.0,7410.0,7420.0,675,0.0,0.0
2024-07-01 10:18:00+09:00,7400.0,7420.0,7360.0,7360.0,35,0.0,0.0
2024-07-01 10:19:00+09:00,7380.0,7400.0,7380.0,7400.0,0,0.0,0.0
2024-07-01 10:20:00+09:00,7400.0,7400.0,7400.0,7400.0,0,0.0,0.0
2024-07-01 10:21:00+09:00,7390.0,7400.0,7390.0,7400.0,3,0.0,0.0
2024-07-01 10:22:00+09:00,7390.0,7400.0,7390.0,7400.0,4,0.0,0.0
2024-07-01 10:23:00+09:00,7390.0,7400.0,7390.0,7400.0,39,0.0,0.0
2024-07-01 10:24:00+09:00,7410.0,7680.0,7410.0,7610.0,2053,0.0,0.0
2024-07-01 10:25:00+09:00,7540.0,7540.0,7480.0,7490.0,1921,0.0,0.0
2024-07-01 10:26:00+09:00,7520.0,7530.0,7470.0,7490.0,136,0.0,0.0
2024-07-01 10:27:00+09:00,7470.0,7710.0,7470.0,7640.0,8841,0.0,0.0
2024-07-01 10:28:00+09:00,7640.0,7730.0,7590.0,7650.0,9243,0.0,0.0
2024-07-01 10:29:00+09:00,7650.0,7740.0,7610.0,7730.0,6188,0.0,0.0
2024-07-01 10:30:00+09:00,7730.0,7820.0,7690.0,7780.0,11112,0.0,0.0
2024-07-01 10:31:00+09:00,7780.0,7780.0,7680.0,7720.0,7225,0.0,0.0
2024-07-01 10:32:00+09:00,7690.0,7910.0,7690.0,7890.0,17285,0.0,0.0
2024-07-01 10:33:00+09:00,7890.0,7900.0,7790.0,7860.0,6287,0.0,0.0
2024-07-01 10:34:00+09:00,7880.0,7890.0,7760.0,7760.0,9131,0.0,0.0
2024-07-01 10:35:00+09:00,7760.0,7860.0,7720.0,7790.0,3402,0.0,0.0
2024-07-01 10:36:00+09:00,7830.0,7840.0,7780.0,7820.0,2000,0.0,0.0
2024-07-01 10:37:00+09:00,7790.0,7820.0,7760.0,7800.0,2737,0.0,0.0
2024-07-01 10:38:00+09:00,7800.0,7810.0,7760.0,7800.0,3488,0.0,0.0
2024-07-01 10:39:00+09:00,7800.0,7890.0,7750.0,7890.0,10042,0.0,0.0
2024-07-01 10:40:00+09:00,7890.0,7890.0,7810.0,7850.0,1579,0.0,0.0
2024-07-01 10:41:00+09:00,7850.0,7850.0,7810.0,7810.0,467,0.0,0.0
2024-07-01 10:42:00+09:00,7810.0,7850.0,7810.0,7840.0,48,0.0,0.0
2024-07-01 10:43:00+09:00,7830.0,7840.0,7780.0,7780.0,5359,0.0,0.0
2024-07-01 10:44:00+09:00,7790.0,7890.0,7780.0,7890.0,3266,0.0,0.0
2024-07-01 10:45:00+09:00,7900.0,7910.0,7810.0,7890.0,4602,0.0,0.0
2024-07-01 10:46:00+09:00,7890.0,7920.0,7850.0,7920.0,5681,0.0,0.0
2024-07-01 10:47:00+09:00,7920.0,8020.0,7620.0,7720.0,63230,0.0,0.0
2024-07-01 10:48:00+09:00,7720.0,7720.0,7580.0,7610.0,21988,0.0,0.0
2024-07-01 10:49:00+09:00,7580.0,7640.0,7540.0,7580.0,13212,0.0,0.0
2024-07-01 10:50:00+09:00,7590.0,7600.0,7500.0,7510.0,5408,0.0,0.0
2024-07-01 10:51:00+09:00,7510.0,7510.0,7410.0,7480.0,8208,0.0,0.0
2024-07-01 10:52:00+09:00,7480.0,7520.0,7460.0,7520.0,3217,0.0,0.0
2024-07-01 10:53:00+09:00,7510.0,7620.0,7510.0,7610.0,7108,0.0,0.0
2024-07-01 10:54:00+09:00,7610.0,7610.0,7560.0,7610.0,664,0.0,0.0
2024-07-01 10:55:00+09:00,7610.0,7610.0,7600.0,7610.0,37,0.0,0.0
2024-07-01 10:56:00+09:00,7600.0,7610.0,7580.0,7580.0,279,0.0,0.0
2024-07-01 10:57:00+09:00,7570.0,7570.0,7500.0,7520.0,15691,0.0,0.0
2024-07-01 10:58:00+09:00,7560.0,7630.0,7510.0,7590.0,3998,0.0,0.0
2024-07-01 10:59:00+09:00,7630.0,7630.0,7540.0,7590.0,2035,0.0,0.0
2024-07-01 11:00:00+09:00,7620.0,7620.0,7530.0,7530.0,1273,0.0,0.0
2024-07-01 11:01:00+09:00,7530.0,7580.0,7530.0,7570.0,1414,0.0,0.0
2024-07-01 11:02:00+09:00,7580.0,7620.0,7560.0,7620.0,2445,0.0,0.0
2024-07-01 11:03:00+09:00,7600.0,7640.0,7600.0,7640.0,465,0.0,0.0
2024-07-01 11:04:00+09:00,7650.0,7740.0,7600.0,7680.0,7374,0.0,0.0
2024-07-01 11:05:00+09:00,7710.0,7800.0,7700.0,7750.0,5575,0.0,0.0
2024-07-01 11:06:00+09:00,7780.0,7830.0,7750.0,7790.0,2899,0.0,0.0
2024-07-01 11:07:00+09:00,7790.0,7800.0,7710.0,7710.0,2405,0.0,0.0
2024-07-01 11:08:00+09:00,7710.0,7740.0,7700.0,7730.0,847,0.0,0.0
2024-07-01 11:09:00+09:00,7710.0,7750.0,7680.0,7720.0,1257,0.0,0.0
2024-07-01 11:10:00+09:00,7730.0,7740.0,7680.0,7740.0,724,0.0,0.0
2024-07-01 11:11:00+09:00,7740.0,7750.0,7740.0,7750.0,340,0.0,0.0
2024-07-01 11:12:00+09:00,7740.0,7750.0,7730.0,7730.0,160,0.0,0.0
2024-07-01 11:13:00+09:00,7740.0,7750.0,7730.0,7740.0,283,0.0,0.0
2024-07-01 11:14:00+09:00,7730.0,7740.0,7680.0,7690.0,407,0.0,0.0
2024-07-01 11:15:00+09:00,7690.0,7730.0,7680.0,7730.0,586,0.0,0.0
2024-07-01 11:16:00+09:00,7690.0,7710.0,7670.0,7670.0,829,0.0,0.0
2024-07-01 11:17:00+09:00,7670.0,7670.0,7650.0,7650.0,1323,0.0,0.0
2024-07-01 11:18:00+09:00,7650.0,7670.0,7630.0,7630.0,191,0.0,0.0
2024-07-01 11:19:00+09:00,7660.0,7670.0,7660.0,7670.0,649,0.0,0.0
2024-07-01 11:20:00+09:00,7670.0,7840.0,7670.0,7800.0,2149,0.0,0.0
2024-07-01 11:21:00+09:00,7800.0,7800.0,7780.0,7800.0,466,0.0,0.0
2024-07-01 11:22:00+09:00,7800.0,7800.0,7800.0,7800.0,36,0.0,0.0
2024-07-01 11:23:00+09:00,7790.0,7790.0,7730.0,7730.0,55,0.0,0.0
2024-07-01 11:24:00+09:00,7720.0,7720.0,7700.0,7700.0,633,0.0,0.0
2024-07-01 11:25:00+09:00,7700.0,7730.0,7700.0,7730.0,0,0.0,0.0
2024-07-01 11:26:00+09:00,7720.0,7730.0,7720.0,7730.0,80,0.0,0.0
2024-07-01 11:28:00+09:00,7730.0,7730.0,7700.0,7700.0,693,0.0,0.0
2024-07-01 11:29:00+09:00,7700.0,7720.0,7690.0,7690.0,226,0.0,0.0
2024-07-01 11:30:00+09:00,7690.0,7740.0,7690.0,7740.0,510,0.0,0.0
2024-07-01 11:31:00+09:00,7740.0,7740.0,7740.0,7740.0,121,0.0,0.0
2024-07-01 11:32:00+09:00,7750.0,7750.0,7750.0,7750.0,1,0.0,0.0
2024-07-01 11:33:00+09:00,7710.0,7710.0,7700.0,7700.0,736,0.0,0.0
2024-07-01 11:34:00+09:00,7710.0,7720.0,7700.0,7710.0,785,0.0,0.0
2024-07-01 11:35:00+09:00,7720.0,7720.0,7720.0,7720.0,2,0.0,0.0
2024-07-01 11:36:00+09:00,7720.0,7740.0,7710.0,7740.0,1282,0.0,0.0
2024-07-01 11:37:00+09:00,7750.0,7750.0,7740.0,7740.0,155,0.0,0.0
2024-07-01 11:38:00+09:00,7740.0,7750.0,7740.0,7750.0,306,0.0,0.0
2024-07-01 11:39:00+09:00,7750.0,7750.0,7750.0,7750.0,159,0.0,0.0
2024-07-01 11:40:00+09:00,7750.0,7780.0,7740.0,7780.0,509,0.0,0.0
2024-07-01 11:41:00+09:00,7770.0,7790.0,7770.0,7790.0,383,0.0,0.0
2024-07-01 11:42:00+09:00,7780.0,7800.0,7780.0,7800.0,2234,0.0,0.0
2024-07-01 11:43:00+09:00,7800.0,7800.0,7770.0,7770.0,312,0.0,0.0
2024-07-01 11:44:00+09:00,7770.0,7770.0,7770.0,7770.0,567,0.0,0.0
2024-07-01 11:45:00+09:00,7760.0,7760.0,7760.0,7760.0,0,0.0,0.0
2024-07-01 11:46:00+09:00,7760.0,7760.0,7710.0,7710.0,216,0.0,0.0
2024-07-01 11:47:00+09:00,7750.0,7800.0,7750.0,7800.0,276,0.0,0.0
2024-07-01 11:48:00+09:00,7800.0,7810.0,7790.0,7810.0,196,0.0,0.0
2024-07-01 11:49:00+09:00,7790.0,7790.0,7790.0,7790.0,421,0.0,0.0
2024-07-01 11:50:00+09:00,7780.0,7780.0,7770.0,7770.0,6,0.0,0.0
2024-07-01 11:51:00+09:00,7770.0,7790.0,7690.0,7700.0,726,0.0,0.0
2024-07-01 11:52:00+09:00,7700.0,7700.0,7700.0,7700.0,427,0.0,0.0
2024-07-01 11:53:00+09:00,7700.0,7700.0,7690.0,7690.0,484,0.0,0.0
2024-07-01 11:54:00+09:00,7690.0,7750.0,7670.0,7740.0,23,0.0,0.0
2024-07-01 11:56:00+09:00,7740.0,7740.0,7710.0,7710.0,14,0.0,0.0
2024-07-01 11:57:00+09:00,7700.0,7700.0,7700.0,7700.0,5,0.0,0.0
2024-07-01 11:58:00+09:00,7690.0,7690.0,7680.0,7690.0,94,0.0,0.0
2024-07-01 11:59:00+09:00,7670.0,7670.0,7630.0,7630.0,2067,0.0,0.0
2024-07-01 12:00:00+09:00,7640.0,7680.0,7640.0,7680.0,349,0.0,0.0
2024-07-01 12:01:00+09:00,7640.0,7670.0,7620.0,7670.0,1357,0.0,0.0
2024-07-01 12:02:00+09:00,7620.0,7620.0,7620.0,7620.0,244,0.0,0.0
2024-07-01 12:03:00+09:00,7620.0,7620.0,7600.0,7600.0,1200,0.0,0.0
2024-07-01 12:04:00+09:00,7600.0,7620.0,7600.0,7620.0,0,0.0,0.0
2024-07-01 12:05:00+09:00,7600.0,7620.0,7600.0,7620.0,204,0.0,0.0
2024-07-01 12:06:00+09:00,7620.0,7620.0,7600.0,7600.0,2,0.0,0.0
2024-07-01 12:07:00+09:00,7600.0,7600.0,7570.0,7570.0,588,0.0,0.0
2024-07-01 12:08:00+09:00,7610.0,7610.0,7610.0,7610.0,0,0.0,0.0
2024-07-01 12:09:00+09:00,7600.0,7630.0,7580.0,7600.0,316,0.0,0.0
2024-07-01 12:13:00+09:00,7630.0,7630.0,7630.0,7630.0,9,0.0,0.0
2024-07-01 12:14:00+09:00,7640.0,7640.0,7630.0,7630.0,0,0.0,0.0
2024-07-01 12:15:00+09:00,7640.0,7640.0,7630.0,7640.0,218,0.0,0.0
2024-07-01 12:16:00+09:00,7650.0,7650.0,7650.0,7650.0,461,0.0,0.0
2024-07-01 12:19:00+09:00,7660.0,7660.0,7630.0,7630.0,0,0.0,0.0
2024-07-01 12:20:00+09:00,7660.0,7660.0,7660.0,7660.0,157,0.0,0.0
2024-07-01 12:21:00+09:00,7660.0,7660.0,7650.0,7650.0,91,0.0,0.0
2024-07-01 12:22:00+09:00,7650.0,7650.0,7600.0,7650.0,406,0.0,0.0
2024-07-01 12:23:00+09:00,7650.0,7660.0,7610.0,7660.0,204,0.0,0.0
2024-07-01 12:24:00+09:00,7660.0,7660.0,7660.0,7660.0,4,0.0,0.0
2024-07-01 12:26:00+09:00,7660.0,7660.0,7660.0,7660.0,0,0.0,0.0
2024-07-01 12:27:00+09:00,7630.0,7630.0,7630.0,7630.0,63,0.0,0.0
2024-07-01 12:28:00+09:00,7630.0,7630.0,7620.0,7620.0,171,0.0,0.0
2024-07-01 12:29:00+09:00,7650.0,7660.0,7650.0,7660.0,100,0.0,0.0
2024-07-01 12:30:00+09:00,7660.0,7660.0,7640.0,7640.0,155,0.0,0.0
2024-07-01 12:31:00+09:00,7640.0,7670.0,7640.0,7670.0,13,0.0,0.0
2024-07-01 12:35:00+09:00,7660.0,7660.0,7660.0,7660.0,73,0.0,0.0
2024-07-01 12:37:00+09:00,7630.0,7660.0,7610.0,7660.0,298,0.0,0.0
2024-07-01 12:40:00+09:00,7640.0,7640.0,7640.0,7640.0,1,0.0,0.0
2024-07-01 12:41:00+09:00,7650.0,7660.0,7630.0,7630.0,543,0.0,0.0
2024-07-01 12:42:00+09:00,7630.0,7660.0,7620.0,7660.0,0,0.0,0.0
2024-07-01 12:43:00+09:00,7660.0,7660.0,7660.0,7660.0,9,0.0,0.0
2024-07-01 12:45:00+09:00,7650.0,7650.0,7650.0,7650.0,0,0.0,0.0
2024-07-01 12:47:00+09:00,7620.0,7650.0,7620.0,7650.0,471,0.0,0.0
2024-07-01 12:48:00+09:00,7660.0,7670.0,7630.0,7660.0,0,0.0,0.0
2024-07-01 12:49:00+09:00,7660.0,7690.0,7660.0,7690.0,296,0.0,0.0
2024-07-01 12:50:00+09:00,7670.0,7700.0,7670.0,7700.0,132,0.0,0.0
2024-07-01 12:51:00+09:00,7670.0,7700.0,7670.0,7670.0,29,0.0,0.0
2024-07-01 12:54:00+09:00,7690.0,7700.0,7650.0,7650.0,11,0.0,0.0
2024-07-01 12:55:00+09:00,7660.0,7660.0,7660.0,7660.0,156,0.0,0.0
2024-07-01 12:56:00+09:00,7660.0,7680.0,7650.0,7680.0,255,0.0,0.0
2024-07-01 12:57:00+09:00,7650.0,7740.0,7650.0,7740.0,554,0.0,0.0
2024-07-01 12:58:00+09:00,7740.0,7750.0,7740.0,7750.0,515,0.0,0.0
2024-07-01 12:59:00+09:00,7710.0,7710.0,7710.0,7710.0,39,0.0,0.0
2024-07-01 13:00:00+09:00,7710.0,7710.0,7700.0,7710.0,0,0.0,0.0
2024-07-01 13:01:00+09:00,7710.0,7710.0,7710.0,7710.0,9,0.0,0.0
2024-07-01 13:02:00+09:00,7690.0,7710.0,7660.0,7700.0,92,0.0,0.0
2024-07-01 13:03:00+09:00,7700.0,7700.0,7700.0,7700.0,9,0.0,0.0
2024-07-01 13:04:00+09:00,7700.0,7700.0,7700.0,7700.0,0,0.0,0.0
2024-07-01 13:05:00+09:00,7700.0,7700.0,7660.0,7660.0,158,0.0,0.0
2024-07-01 13:06:00+09:00,7670.0,7670.0,7660.0,7660.0,38,0.0,0.0
2024-07-01 13:07:00+09:00,7660.0,7660.0,7660.0,7660.0,133,0.0,0.0
2024-07-01 13:08:00+09:00,7700.0,7700.0,7700.0,7700.0,0,0.0,0.0
2024-07-01 13:10:00+09:00,7700.0,7700.0,7700.0,7700.0,1,0.0,0.0
2024-07-01 13:11:00+09:00,7670.0,7700.0,7670.0,7700.0,2,0.0,0.0
2024-07-01 13:13:00+09:00,7700.0,7700.0,7670.0,7700.0,102,0.0,0.0
2024-07-01 13:16:00+09:00,7700.0,7700.0,7670.0,7670.0,1072,0.0,0.0
2024-07-01 13:17:00+09:00,7670.0,7670.0,7660.0,7660.0,687,0.0,0.0
2024-07-01 13:18:00+09:00,7660.0,7680.0,7660.0,7680.0,0,0.0,0.0
2024-07-01 13:19:00+09:00,7680.0,7680.0,7680.0,7680.0,0,0.0,0.0
2024-07-01 13:21:00+09:00,7660.0,7660.0,7660.0,7660.0,140,0.0,0.0
2024-07-01 13:22:00+09:00,7660.0,7700.0,7660.0,7700.0,258,0.0,0.0
2024-07-01 13:25:00+09:00,7700.0,7700.0,7700.0,7700.0,1,0.0,0.0
2024-07-01 13:28:00+09:00,7700.0,7700.0,7700.0,7700.0,6,0.0,0.0
2024-07-01 13:29:00+09:00,7700.0,7700.0,7670.0,7700.0,13,0.0,0.0
2024-07-01 13:32:00+09:00,7700.0,7700.0,7660.0,7660.0,2484,0.0,0.0
2024-07-01 13:33:00+09:00,7700.0,7700.0,7690.0,7690.0,0,0.0,0.0
2024-07-01 13:34:00+09:00,7690.0,7700.0,7680.0,7680.0,49,0.0,0.0
2024-07-01 13:36:00+09:00,7680.0,7680.0,7670.0,7670.0,171,0.0,0.0
2024-07-01 13:37:00+09:00,7690.0,7710.0,7690.0,7710.0,269,0.0,0.0
2024-07-01 13:39:00+09:00,7710.0,7710.0,7710.0,7710.0,0,0.0,0.0
2024-07-01 13:40:00+09:00,7710.0,7710.0,7710.0,7710.0,770,0.0,0.0
2024-07-01 13:41:00+09:00,7720.0,7730.0,7720.0,7730.0,0,0.0,0.0
2024-07-01 13:42:00+09:00,7730.0,7730.0,7710.0,7730.0,74,0.0,0.0
2024-07-01 13:43:00+09:00,7710.0,7730.0,7710.0,7730.0,0,0.0,0.0
2024-07-01 13:44:00+09:00,7730.0,7730.0,7730.0,7730.0,1,0.0,0.0
2024-07-01 13:45:00+09:00,7730.0,7730.0,7710.0,7710.0,68,0.0,0.0
2024-07-01 13:46:00+09:00,7710.0,7710.0,7710.0,7710.0,0,0.0,0.0
2024-07-01 13:47:00+09:00,7710.0,7710.0,7670.0,7670.0,625,0.0,0.0
2024-07-01 13:48:00+09:00,7670.0,7670.0,7670.0,7670.0,0,0.0,0.0
2024-07-01 13:49:00+09:00,7670.0,7670.0,7660.0,7660.0,212,0.0,0.0
2024-07-01 13:50:00+09:00,7660.0,7660.0,7660.0,7660.0,346,0.0,0.0
2024-07-01 13:51:00+09:00,7660.0,7680.0,7630.0,7680.0,2371,0.0,0.0
2024-07-01 13:52:00+09:00,7680.0,7680.0,7680.0,7680.0,0,0.0,0.0
2024-07-01 13:53:00+09:00,7680.0,7680.0,7680.0,7680.0,2,0.0,0.0
2024-07-01 13:55:00+09:00,7680.0,7690.0,7660.0,7660.0,443,0.0,0.0
2024-07-01 13:56:00+09:00,7700.0,7710.0,7700.0,7710.0,0,0.0,0.0
2024-07-01 13:57:00+09:00,7710.0,7710.0,7710.0,7710.0,1,0.0,0.0
2024-07-01 13:58:00+09:00,7710.0,7720.0,7710.0,7720.0,4,0.0,0.0
2024-07-01 13:59:00+09:00,7720.0,7720.0,7720.0,7720.0,0,0.0,0.0
2024-07-01 14:00:00+09:00,7720.0,7720.0,7710.0,7710.0,300,0.0,0.0
2024-07-01 14:01:00+09:00,7710.0,7710.0,7710.0,7710.0,0,0.0,0.0
2024-07-01 14:02:00+09:00,7710.0,7710.0,7700.0,7700.0,139,0.0,0.0
2024-07-01 14:03:00+09:00,7700.0,7700.0,7690.0,7690.0,108,0.0,0.0
2024-07-01 14:04:00+09:00,7690.0,7690.0,7680.0,7680.0,607,0.0,0.0
2024-07-01 14:05:00+09:00,7690.0,7710.0,7690.0,7700.0,0,0.0,0.0
2024-07-01 14:06:00+09:00,7700.0,7710.0,7700.0,7710.0,511,0.0,0.0
2024-07-01 14:07:00+09:00,7720.0,7720.0,7720.0,7720.0,114,0.0,0.0
2024-07-01 14:08:00+09:00,7720.0,7740.0,7720.0,7740.0,1219,0.0,0.0
2024-07-01 14:09:00+09:00,7740.0,7740.0,7740.0,7740.0,23,0.0,0.0
2024-07-01 14:10:00+09:00,7740.0,7740.0,7740.0,7740.0,55,0.0,0.0
2024-07-01 14:11:00+09:00,7740.0,7740.0,7740.0,7740.0,13,0.0,0.0
2024-07-01 14:12:00+09:00,7740.0,7740.0,7710.0,7720.0,140,0.0,0.0
2024-07-01 14:13:00+09:00,7720.0,7730.0,7700.0,7710.0,841,0.0,0.0
2024-07-01 14:14:00+09:00,7710.0,7710.0,7710.0,7710.0,12,0.0,0.0
2024-07-01 14:15:00+09:00,7710.0,7720.0,7710.0,7720.0,147,0.0,0.0
2024-07-01 14:16:00+09:00,7720.0,7720.0,7690.0,7720.0,56,0.0,0.0
2024-07-01 14:17:00+09:00,7720.0,7720.0,7690.0,7690.0,93,0.0,0.0
2024-07-01 14:18:00+09:00,7690.0,7690.0,7680.0,7680.0,12,0.0,0.0
2024-07-01 14:19:00+09:00,7690.0,7690.0,7650.0,7680.0,1282,0.0,0.0
2024-07-01 14:20:00+09:00,7680.0,7680.0,7680.0,7680.0,69,0.0,0.0
2024-07-01 14:21:00+09:00,7680.0,7680.0,7660.0,7680.0,148,0.0,0.0
2024-07-01 14:22:00+09:00,7680.0,7680.0,7680.0,7680.0,0,0.0,0.0
2024-07-01 14:23:00+09:00,7680.0,7680.0,7680.0,7680.0,49,0.0,0.0
2024-07-01 14:24:00+09:00,7690.0,7710.0,7690.0,7710.0,104,0.0,0.0
2024-07-01 14:25:00+09:00,7710.0,7710.0,7710.0,7710.0,11,0.0,0.0
2024-07-01 14:26:00+09:00,7710.0,7720.0,7710.0,7720.0,16,0.0,0.0
2024-07-01 14:27:00+09:00,7720.0,7720.0,7680.0,7680.0,10,0.0,0.0
2024-07-01 14:28:00+09:00,7680.0,7710.0,7680.0,7710.0,30,0.0,0.0
2024-07-01 14:29:00+09:00,7710.0,7710.0,7680.0,7680.0,154,0.0,0.0
2024-07-01 14:30:00+09:00,7720.0,7720.0,7680.0,7680.0,11,0.0,0.0
2024-07-01 14:32:00+09:00,7720.0,7720.0,7720.0,7720.0,134,0.0,0.0
2024-07-01 14:34:00+09:00,7720.0,7720.0,7720.0,7720.0,100,0.0,0.0
2024-07-01 14:35:00+09:00,7680.0,7680.0,7680.0,7680.0,0,0.0,0.0
2024-07-01 14:38:00+09:00,7690.0,7700.0,7690.0,7700.0,260,0.0,0.0
2024-07-01 14:39:00+09:00,7690.0,7700.0,7690.0,7700.0,128,0.0,0.0
2024-07-01 14:42:00+09:00,7680.0,7700.0,7670.0,7700.0,28,0.0,0.0
2024-07-01 14:44:00+09:00,7690.0,7690.0,7690.0,7690.0,1,0.0,0.0
2024-07-01 14:45:00+09:00,7690.0,7690.0,7690.0,7690.0,1,0.0,0.0
2024-07-01 14:46:00+09:00,7690.0,7700.0,7690.0,7700.0,221,0.0,0.0
2024-07-01 14:50:00+09:00,7700.0,7700.0,7700.0,7700.0,17,0.0,0.0
2024-07-01 14:51:00+09:00,7700.0,7700.0,7700.0,7700.0,1,0.0,0.0
2024-07-01 14:53:00+09:00,7690.0,7690.0,7690.0,7690.0,9,0.0,0.0
2024-07-01 14:54:00+09:00,7700.0,7720.0,7700.0,7720.0,226,0.0,0.0
2024-07-01 14:55:00+09:00,7720.0,7730.0,7700.0,7700.0,220,0.0,0.0
2024-07-01 14:56:00+09:00,7680.0,7700.0,7680.0,7700.0,171,0.0,0.0
2024-07-01 14:57:00+09:00,7680.0,7680.0,7680.0,7680.0,0,0.0,0.0
2024-07-01 14:58:00+09:00,7680.0,7680.0,7670.0,7680.0,741,0.0,0.0
2024-07-01 14:59:00+09:00,7680.0,7700.0,7680.0,7700.0,9,0.0,0.0
2024-07-02 09:00:00+09:00,7730.0,7800.0,7730.0,7730.0,1866,0.0,0.0
2024-07-02 09:01:00+09:00,7750.0,7800.0,7730.0,7730.0,312,0.0,0.0
2024-07-02 09:02:00+09:00,7730.0,7800.0,7730.0,7800.0,246,0.0,0.0
2024-07-02 09:03:00+09:00,7730.0,7790.0,7700.0,7710.0,654,0.0,0.0
2024-07-02 09:04:00+09:00,7710.0,7780.0,7710.0,7710.0,625,0.0,0.0
2024-07-02 09:05:00+09:00,7730.0,7730.0,7720.0,7720.0,0,0.0,0.0
2024-07-02 09:06:00+09:00,7720.0,7720.0,7710.0,7710.0,975,0.0,0.0
2024-07-02 09:07:00+09:00,7710.0,7720.0,7680.0,7720.0,1815,0.0,0.0
2024-07-02 09:08:00+09:00,7720.0,7720.0,7720.0,7720.0,157,0.0,0.0
2024-07-02 09:09:00+09:00,7740.0,7740.0,7740.0,7740.0,0,0.0,0.0
2024-07-02 09:10:00+09:00,7740.0,7750.0,7740.0,7750.0,17,0.0,0.0
2024-07-02 09:11:00+09:00,7770.0,7770.0,7770.0,7770.0,7,0.0,0.0
2024-07-02 09:12:00+09:00,7770.0,7770.0,7750.0,7750.0,0,0.0,0.0
2024-07-02 09:13:00+09:00,7740.0,7750.0,7710.0,7750.0,95,0.0,0.0
2024-07-02 09:14:00+09:00,7720.0,7720.0,7690.0,7690.0,1036,0.0,0.0
2024-07-02 09:15:00+09:00,7690.0,7690.0,7590.0,7610.0,6818,0.0,0.0
2024-07-02 09:16:00+09:00,7620.0,7620.0,7620.0,7620.0,118,0.0,0.0
2024-07-02 09:17:00+09:00,7620.0,7620.0,7610.0,7610.0,642,0.0,0.0
2024-07-02 09:18:00+09:00,7610.0,7630.0,7570.0,7620.0,2839,0.0,0.0
2024-07-02 09:19:00+09:00,7620.0,7620.0,7610.0,7610.0,50,0.0,0.0
2024-07-02 09:20:00+09:00,7600.0,7600.0,7570.0,7580.0,1707,0.0,0.0
2024-07-02 09:21:00+09:00,7570.0,7630.0,7570.0,7630.0,287,0.0,0.0
2024-07-02 09:22:00+09:00,7640.0,7650.0,7600.0,7650.0,199,0.0,0.0
2024-07-02 09:23:00+09:00,7610.0,7650.0,7610.0,7650.0,234,0.0,0.0
2024-07-02 09:24:00+09:00,7620.0,7650.0,7620.0,7640.0,81,0.0,0.0
2024-07-02 09:25:00+09:00,7610.0,7610.0,7610.0,7610.0,1,0.0,0.0
2024-07-02 09:26:00+09:00,7640.0,7640.0,7640.0,7640.0,3,0.0,0.0
2024-07-02 09:27:00+09:00,7640.0,7660.0,7630.0,7630.0,885,0.0,0.0
2024-07-02 09:28:00+09:00,7620.0,7620.0,7620.0,7620.0,0,0.0,0.0
2024-07-02 09:29:00+09:00,7620.0,7620.0,7610.0,7610.0,1444,0.0,0.0
2024-07-02 09:30:00+09:00,7610.0,7610.0,7590.0,7600.0,768,0.0,0.0
2024-07-02 09:31:00+09:00,7610.0,7620.0,7610.0,7610.0,0,0.0,0.0
2024-07-02 09:32:00+09:00,7620.0,7620.0,7620.0,7620.0,1,0.0,0.0
2024-07-02 09:33:00+09:00,7620.0,7630.0,7610.0,7630.0,266,0.0,0.0
2024-07-02 09:35:00+09:00,7650.0,7650.0,7650.0,7650.0,124,0.0,0.0
2024-07-02 09:36:00+09:00,7660.0,7690.0,7650.0,7660.0,434,0.0,0.0
2024-07-02 09:37:00+09:00,7690.0,7690.0,7610.0,7610.0,1777,0.0,0.0
2024-07-02 09:38:00+09:00,7640.0,7650.0,7640.0,7640.0,0,0.0,0.0
2024-07-02 09:39:00+09:00,7650.0,7650.0,7650.0,7650.0,11,0.0,0.0
2024-07-02 09:40:00+09:00,7650.0,7650.0,7650.0,7650.0,18,0.0,0.0
2024-07-02 09:41:00+09:00,7650.0,7680.0,7640.0,7680.0,35,0.0,0.0
2024-07-02 09:43:00+09:00,7680.0,7680.0,7680.0,7680.0,59,0.0,0.0
2024-07-02 09:44:00+09:00,7650.0,7650.0,7650.0,7650.0,0,0.0,0.0
2024-07-02 09:45:00+09:00,7660.0,7660.0,7660.0,7660.0,193,0.0,0.0
2024-07-02 09:46:00+09:00,7650.0,7660.0,7650.0,7660.0,112,0.0,0.0
2024-07-02 09:47:00+09:00,7660.0,7660.0,7650.0,7650.0,110,0.0,0.0
2024-07-02 09:48:00+09:00,7660.0,7660.0,7660.0,7660.0,0,0.0,0.0
2024-07-02 09:50:00+09:00,7660.0,7660.0,7650.0,7650.0,21,0.0,0.0
2024-07-02 09:51:00+09:00,7670.0,7670.0,7670.0,7670.0,23,0.0,0.0
2024-07-02 09:52:00+09:00,7670.0,7680.0,7650.0,7650.0,1974,0.0,0.0
2024-07-02 09:54:00+09:00,7660.0,7660.0,7660.0,7660.0,0,0.0,0.0
2024-07-02 09:55:00+09:00,7660.0,7660.0,7660.0,7660.0,6,0.0,0.0
2024-07-02 09:56:00+09:00,7660.0,7660.0,7660.0,7660.0,6,0.0,0.0
2024-07-02 09:57:00+09:00,7670.0,7670.0,7670.0,7670.0,3,0.0,0.0
2024-07-02 09:59:00+09:00,7680.0,7680.0,7680.0,7680.0,180,0.0,0.0
2024-07-02 10:01:00+09:00,7690.0,7690.0,7690.0,7690.0,0,0.0,0.0
2024-07-02 10:03:00+09:00,7680.0,7680.0,7680.0,7680.0,3,0.0,0.0
2024-07-02 10:04:00+09:00,7660.0,7660.0,7660.0,7660.0,287,0.0,0.0
2024-07-02 10:05:00+09:00,7650.0,7650.0,7650.0,7650.0,48,0.0,0.0
2024-07-02 10:06:00+09:00,7650.0,7650.0,7650.0,7650.0,452,0.0,0.0
2024-07-02 10:07:00+09:00,7650.0,7650.0,7650.0,7650.0,19,0.0,0.0
2024-07-02 10:11:00+09:00,7640.0,7660.0,7640.0,7660.0,253,0.0,0.0
2024-07-02 10:12:00+09:00,7640.0,7660.0,7640.0,7660.0,2,0.0,0.0
2024-07-02 10:13:00+09:00,7650.0,7670.0,7640.0,7670.0,6,0.0,0.0
2024-07-02 10:14:00+09:00,7640.0,7670.0,7640.0,7670.0,8,0.0,0.0
2024-07-02 10:15:00+09:00,7650.0,7680.0,7650.0,7670.0,11,0.0,0.0
2024-07-02 10:16:00+09:00,7640.0,7670.0,7640.0,7660.0,6,0.0,0.0
2024-07-02 10:17:00+09:00,7640.0,7660.0,7640.0,7660.0,14,0.0,0.0
2024-07-02 10:18:00+09:00,7640.0,7650.0,7630.0,7650.0,138,0.0,0.0
2024-07-02 10:19:00+09:00,7640.0,7650.0,7640.0,7650.0,65,0.0,0.0
2024-07-02 10:20:00+09:00,7650.0,7650.0,7650.0,7650.0,34,0.0,0.0
2024-07-02 10:21:00+09:00,7650.0,7650.0,7650.0,7650.0,99,0.0,0.0
2024-07-02 10:22:00+09:00,7640.0,7640.0,7630.0,7630.0,91,0.0,0.0
2024-07-02 10:23:00+09:00,7620.0,7620.0,7610.0,7610.0,167,0.0,0.0
2024-07-02 10:25:00+09:00,7630.0,7630.0,7630.0,7630.0,655,0.0,0.0
2024-07-02 10:26:00+09:00,7630.0,7640.0,7610.0,7630.0,1461,0.0,0.0
2024-07-02 10:27:00+09:00,7610.0,7640.0,7610.0,7640.0,11,0.0,0.0
2024-07-02 10:28:00+09:00,7630.0,7640.0,7600.0,7600.0,861,0.0,0.0
2024-07-02 10:30:00+09:00,7630.0,7640.0,7630.0,7640.0,0,0.0,0.0
2024-07-02 10:31:00+09:00,7630.0,7640.0,7630.0,7640.0,10,0.0,0.0
2024-07-02 10:32:00+09:00,7640.0,7670.0,7640.0,7640.0,139,0.0,0.0
2024-07-02 10:33:00+09:00,7670.0,7670.0,7640.0,7670.0,9,0.0,0.0
2024-07-02 10:34:00+09:00,7640.0,7670.0,7640.0,7670.0,7,0.0,0.0
2024-07-02 10:35:00+09:00,7640.0,7640.0,7640.0,7640.0,2,0.0,0.0
2024-07-02 10:36:00+09:00,7650.0,7670.0,7650.0,7670.0,501,0.0,0.0
2024-07-02 10:37:00+09:00,7670.0,7670.0,7670.0,7670.0,3,0.0,0.0
2024-07-02 10:38:00+09:00,7660.0,7660.0,7660.0,7660.0,11,0.0,0.0
2024-07-02 10:39:00+09:00,7660.0,7660.0,7660.0,7660.0,5,0.0,0.0
2024-07-02 10:40:00+09:00,7660.0,7660.0,7660.0,7660.0,1840,0.0,0.0
2024-07-02 10:42:00+09:00,7670.0,7680.0,7670.0,7680.0,0,0.0,0.0
2024-07-02 10:43:00+09:00,7680.0,7680.0,7680.0,7680.0,110,0.0,0.0
2024-07-02 10:47:00+09:00,7680.0,7690.0,7650.0,7690.0,543,0.0,0.0
2024-07-02 10:48:00+09:00,7660.0,7690.0,7650.0,7690.0,101,0.0,0.0
2024-07-02 10:49:00+09:00,7650.0,7650.0,7650.0,7650.0,2272,0.0,0.0
2024-07-02 10:50:00+09:00,7660.0,7660.0,7660.0,7660.0,2,0.0,0.0
2024-07-02 10:51:00+09:00,7660.0,7700.0,7660.0,7700.0,22,0.0,0.0
2024-07-02 10:54:00+09:00,7660.0,7690.0,7660.0,7690.0,2,0.0,0.0
2024-07-02 10:56:00+09:00,7650.0,7650.0,7650.0,7650.0,29,0.0,0.0
2024-07-02 10:57:00+09:00,7660.0,7660.0,7660.0,7660.0,0,0.0,0.0
2024-07-02 10:58:00+09:00,7660.0,7660.0,7610.0,7610.0,660,0.0,0.0
2024-07-02 10:59:00+09:00,7690.0,7690.0,7690.0,7690.0,0,0.0,0.0
2024-07-02 11:04:00+09:00,7660.0,7660.0,7660.0,7660.0,109,0.0,0.0
2024-07-02 11:05:00+09:00,7660.0,7660.0,7660.0,7660.0,0,0.0,0.0
2024-07-02 11:06:00+09:00,7660.0,7680.0,7660.0,7680.0,175,0.0,0.0
2024-07-02 11:07:00+09:00,7690.0,7690.0,7670.0,7670.0,0,0.0,0.0
2024-07-02 11:09:00+09:00,7660.0,7660.0,7650.0,7650.0,760,0.0,0.0
2024-07-02 11:17:00+09:00,7650.0,7650.0,7650.0,7650.0,150,0.0,0.0
2024-07-02 11:18:00+09:00,7660.0,7660.0,7660.0,7660.0,69,0.0,0.0
2024-07-02 11:19:00+09:00,7670.0,7670.0,7670.0,7670.0,36,0.0,0.0
2024-07-02 11:28:00+09:00,7680.0,7720.0,7680.0,7720.0,957,0.0,0.0
2024-07-02 11:29:00+09:00,7700.0,7730.0,7700.0,7710.0,258,0.0,0.0
2024-07-02 11:30:00+09:00,7730.0,7740.0,7730.0,7740.0,934,0.0,0.0
2024-07-02 11:31:00+09:00,7750.0,7750.0,7750.0,7750.0,0,0.0,0.0
2024-07-02 11:36:00+09:00,7710.0,7740.0,7710.0,7740.0,0,0.0,0.0
2024-07-02 11:37:00+09:00,7710.0,7750.0,7710.0,7750.0,4,0.0,0.0
2024-07-02 11:38:00+09:00,7710.0,7710.0,7710.0,7710.0,1,0.0,0.0
2024-07-02 11:39:00+09:00,7710.0,7750.0,7710.0,7730.0,11,0.0,0.0
2024-07-02 11:40:00+09:00,7710.0,7710.0,7710.0,7710.0,1,0.0,0.0
2024-07-02 11:41:00+09:00,7710.0,7720.0,7690.0,7720.0,253,0.0,0.0
2024-07-02 11:44:00+09:00,7710.0,7750.0,7710.0,7750.0,46,0.0,0.0
2024-07-02 11:45:00+09:00,7710.0,7750.0,7710.0,7750.0,39,0.0,0.0
2024-07-02 11:46:00+09:00,7740.0,7750.0,7710.0,7710.0,12,0.0,0.0
2024-07-02 11:47:00+09:00,7730.0,7740.0,7710.0,7740.0,3,0.0,0.0
2024-07-02 11:48:00+09:00,7700.0,7730.0,7700.0,7730.0,33,0.0,0.0
2024-07-02 11:49:00+09:00,7700.0,7750.0,7700.0,7720.0,453,0.0,0.0
2024-07-02 11:50:00+09:00,7710.0,7740.0,7710.0,7720.0,4,0.0,0.0
2024-07-02 11:51:00+09:00,7700.0,7700.0,7700.0,7700.0,3,0.0,0.0
2024-07-02 11:53:00+09:00,7690.0,7690.0,7670.0,7670.0,350,0.0,0.0
2024-07-02 11:56:00+09:00,7670.0,7670.0,7670.0,7670.0,94,0.0,0.0
2024-07-02 11:57:00+09:00,7670.0,7670.0,7670.0,7670.0,0,0.0,0.0
2024-07-02 12:01:00+09:00,7690.0,7690.0,7690.0,7690.0,600,0.0,0.0
2024-07-02 12:02:00+09:00,7700.0,7700.0,7700.0,7700.0,149,0.0,0.0
2024-07-02 12:06:00+09:00,7700.0,7700.0,7700.0,7700.0,14,0.0,0.0
2024-07-02 12:07:00+09:00,7710.0,7750.0,7710.0,7740.0,17,0.0,0.0
2024-07-02 12:08:00+09:00,7710.0,7730.0,7710.0,7730.0,2,0.0,0.0
2024-07-02 12:09:00+09:00,7710.0,7740.0,7710.0,7740.0,2,0.0,0.0
2024-07-02 12:10:00+09:00,7710.0,7730.0,7710.0,7730.0,6,0.0,0.0
2024-07-02 12:11:00+09:00,7710.0,7740.0,7710.0,7740.0,2,0.0,0.0
2024-07-02 12:13:00+09:00,7700.0,7700.0,7700.0,7700.0,273,0.0,0.0
2024-07-02 12:17:00+09:00,7710.0,7710.0,7710.0,7710.0,4,0.0,0.0
2024-07-02 12:19:00+09:00,7720.0,7740.0,7720.0,7740.0,15,0.0,0.0
2024-07-02 12:20:00+09:00,7740.0,7740.0,7740.0,7740.0,31,0.0,0.0
2024-07-02 12:21:00+09:00,7730.0,7750.0,7730.0,7750.0,148,0.0,0.0
2024-07-02 12:23:00+09:00,7740.0,7750.0,7740.0,7750.0,2,0.0,0.0
2024-07-02 12:28:00+09:00,7740.0,7740.0,7740.0,7740.0,17,0.0,0.0
2024-07-02 12:29:00+09:00,7740.0,7810.0,7730.0,7730.0,3609,0.0,0.0
2024-07-02 12:30:00+09:00,7800.0,7810.0,7730.0,7800.0,211,0.0,0.0
2024-07-02 12:31:00+09:00,7800.0,7800.0,7740.0,7740.0,902,0.0,0.0
2024-07-02 12:35:00+09:00,7740.0,7770.0,7730.0,7760.0,40,0.0,0.0
2024-07-02 12:38:00+09:00,7760.0,7760.0,7760.0,7760.0,2,0.0,0.0
2024-07-02 12:39:00+09:00,7770.0,7790.0,7770.0,7790.0,216,0.0,0.0
2024-07-02 12:40:00+09:00,7790.0,7790.0,7790.0,7790.0,0,0.0,0.0
2024-07-02 12:43:00+09:00,7770.0,7770.0,7770.0,7770.0,63,0.0,0.0
2024-07-02 12:44:00+09:00,7770.0,7780.0,7770.0,7780.0,0,0.0,0.0
2024-07-02 12:47:00+09:00,7780.0,7780.0,7780.0,7780.0,9,0.0,0.0
2024-07-02 12:48:00+09:00,7770.0,7780.0,7760.0,7770.0,137,0.0,0.0
2024-07-02 12:49:00+09:00,7760.0,7780.0,7760.0,7780.0,14,0.0,0.0
2024-07-02 12:50:00+09:00,7760.0,7790.0,7760.0,7790.0,12,0.0,0.0
2024-07-02 12:51:00+09:00,7760.0,7790.0,7760.0,7760.0,9,0.0,0.0
2024-07-02 12:52:00+09:00,7770.0,7770.0,7770.0,7770.0,99,0.0,0.0
2024-07-02 12:55:00+09:00,7780.0,7780.0,7780.0,7780.0,0,0.0,0.0
2024-07-02 12:56:00+09:00,7790.0,7790.0,7790.0,7790.0,151,0.0,0.0
2024-07-02 12:57:00+09:00,7800.0,7830.0,7800.0,7830.0,410,0.0,0.0
2024-07-02 12:58:00+09:00,7830.0,7860.0,7830.0,7860.0,975,0.0,0.0
2024-07-02 12:59:00+09:00,7860.0,7870.0,7780.0,7860.0,1312,0.0,0.0
2024-07-02 13:00:00+09:00,7860.0,7860.0,7820.0,7820.0,17,0.0,0.0
2024-07-02 13:01:00+09:00,7830.0,7840.0,7800.0,7810.0,58,0.0,0.0
2024-07-02 13:02:00+09:00,7840.0,7840.0,7810.0,7840.0,5,0.0,0.0
2024-07-02 13:03:00+09:00,7840.0,7840.0,7830.0,7840.0,31,0.0,0.0
2024-07-02 13:04:00+09:00,7830.0,7850.0,7830.0,7850.0,42,0.0,0.0
2024-07-02 13:05:00+09:00,7830.0,7830.0,7810.0,7810.0,523,0.0,0.0
2024-07-02 13:06:00+09:00,7830.0,7840.0,7830.0,7830.0,477,0.0,0.0
2024-07-02 13:07:00+09:00,7830.0,7830.0,7820.0,7830.0,303,0.0,0.0
2024-07-02 13:08:00+09:00,7830.0,7830.0,7820.0,7820.0,146,0.0,0.0
2024-07-02 13:09:00+09:00,7820.0,7830.0,7820.0,7830.0,108,0.0,0.0
2024-07-02 13:11:00+09:00,7840.0,7850.0,7840.0,7840.0,56,0.0,0.0
2024-07-02 13:12:00+09:00,7840.0,7850.0,7840.0,7850.0,222,0.0,0.0
2024-07-02 13:13:00+09:00,7860.0,7890.0,7860.0,7890.0,343,0.0,0.0
2024-07-02 13:14:00+09:00,7880.0,7890.0,7870.0,7880.0,337,0.0,0.0
2024-07-02 13:15:00+09:00,7890.0,7890.0,7890.0,7890.0,56,0.0,0.0
2024-07-02 13:16:00+09:00,7890.0,7890.0,7850.0,7850.0,258,0.0,0.0
2024-07-02 13:17:00+09:00,7830.0,7870.0,7830.0,7850.0,0,0.0,0.0
2024-07-02 13:18:00+09:00,7830.0,7830.0,7830.0,7830.0,95,0.0,0.0
2024-07-02 13:19:00+09:00,7820.0,7820.0,7810.0,7810.0,117,0.0,0.0
2024-07-02 13:20:00+09:00,7810.0,7810.0,7800.0,7800.0,321,0.0,0.0
2024-07-02 13:21:00+09:00,7800.0,7800.0,7800.0,7800.0,136,0.0,0.0
2024-07-02 13:22:00+09:00,7800.0,7800.0,7800.0,7800.0,52,0.0,0.0
2024-07-02 13:24:00+09:00,7790.0,7790.0,7790.0,7790.0,20,0.0,0.0
2024-07-02 13:25:00+09:00,7790.0,7790.0,7790.0,7790.0,0,0.0,0.0
2024-07-02 13:26:00+09:00,7780.0,7780.0,7760.0,7760.0,812,0.0,0.0
2024-07-02 13:27:00+09:00,7770.0,7780.0,7770.0,7780.0,0,0.0,0.0
2024-07-02 13:28:00+09:00,7760.0,7780.0,7750.0,7750.0,222,0.0,0.0
2024-07-02 13:29:00+09:00,7760.0,7770.0,7760.0,7770.0,7,0.0,0.0
2024-07-02 13:30:00+09:00,7760.0,7770.0,7760.0,7770.0,2,0.0,0.0
2024-07-02 13:31:00+09:00,7760.0,7780.0,7750.0,7780.0,110,0.0,0.0
2024-07-02 13:32:00+09:00,7760.0,7860.0,7760.0,7800.0,349,0.0,0.0
2024-07-02 13:33:00+09:00,7830.0,7860.0,7800.0,7800.0,6,0.0,0.0
2024-07-02 13:34:00+09:00,7800.0,7810.0,7800.0,7810.0,19,0.0,0.0
2024-07-02 13:35:00+09:00,7780.0,7780.0,7780.0,7780.0,11,0.0,0.0
2024-07-02 13:36:00+09:00,7770.0,7770.0,7770.0,7770.0,2,0.0,0.0
2024-07-02 13:37:00+09:00,7770.0,7770.0,7770.0,7770.0,39,0.0,0.0
2024-07-02 13:38:00+09:00,7770.0,7770.0,7770.0,7770.0,178,0.0,0.0
2024-07-02 13:39:00+09:00,7760.0,7780.0,7760.0,7780.0,0,0.0,0.0
2024-07-02 13:44:00+09:00,7780.0,7810.0,7780.0,7810.0,0,0.0,0.0
2024-07-02 13:46:00+09:00,7810.0,7810.0,7780.0,7800.0,156,0.0,0.0
2024-07-02 13:47:00+09:00,7780.0,7780.0,7780.0,7780.0,19,0.0,0.0
2024-07-02 13:48:00+09:00,7780.0,7810.0,7780.0,7800.0,14,0.0,0.0
2024-07-02 13:49:00+09:00,7760.0,7760.0,7750.0,7750.0,27,0.0,0.0
2024-07-02 13:52:00+09:00,7770.0,7780.0,7770.0,7780.0,0,0.0,0.0
2024-07-02 13:55:00+09:00,7780.0,7780.0,7780.0,7780.0,13,0.0,0.0
2024-07-02 13:57:00+09:00,7750.0,7750.0,7730.0,7730.0,709,0.0,0.0
2024-07-02 13:58:00+09:00,7730.0,7730.0,7710.0,7710.0,1380,0.0,0.0
2024-07-02 13:59:00+09:00,7710.0,7710.0,7700.0,7700.0,144,0.0,0.0
2024-07-02 14:01:00+09:00,7730.0,7750.0,7730.0,7750.0,11,0.0,0.0
2024-07-02 14:02:00+09:00,7730.0,7730.0,7730.0,7730.0,0,0.0,0.0
2024-07-02 14:05:00+09:00,7740.0,7750.0,7740.0,7750.0,160,0.0,0.0
2024-07-02 14:06:00+09:00,7730.0,7730.0,7730.0,7730.0,0,0.0,0.0
2024-07-02 14:07:00+09:00,7740.0,7750.0,7740.0,7750.0,7,0.0,0.0
2024-07-02 14:08:00+09:00,7740.0,7740.0,7740.0,7740.0,1,0.0,0.0
2024-07-02 14:13:00+09:00,7720.0,7750.0,7710.0,7750.0,219,0.0,0.0
2024-07-02 14:16:00+09:00,7710.0,7710.0,7700.0,7700.0,854,0.0,0.0
2024-07-02 14:18:00+09:00,7700.0,7700.0,7700.0,7700.0,0,0.0,0.0
2024-07-02 14:23:00+09:00,7730.0,7730.0,7730.0,7730.0,45,0.0,0.0
2024-07-02 14:24:00+09:00,7740.0,7750.0,7740.0,7750.0,2,0.0,0.0
2024-07-02 14:25:00+09:00,7710.0,7710.0,7710.0,7710.0,297,0.0,0.0
2024-07-02 14:26:00+09:00,7740.0,7750.0,7740.0,7750.0,0,0.0,0.0
2024-07-02 14:29:00+09:00,7740.0,7740.0,7740.0,7740.0,1,0.0,0.0
2024-07-02 14:30:00+09:00,7740.0,7740.0,7740.0,7740.0,1,0.0,0.0
2024-07-02 14:32:00+09:00,7730.0,7730.0,7730.0,7730.0,11,0.0,0.0
2024-07-02 14:34:00+09:00,7740.0,7750.0,7740.0,7750.0,0,0.0,0.0
2024-07-02 14:35:00+09:00,7740.0,7750.0,7740.0,7750.0,29,0.0,0.0
2024-07-02 14:36:00+09:00,7710.0,7740.0,7710.0,7740.0,124,0.0,0.0
2024-07-02 14:37:00+09:00,7740.0,7740.0,7740.0,7740.0,0,0.0,0.0
2024-07-02 14:40:00+09:00,7720.0,7720.0,7720.0,7720.0,77,0.0,0.0
2024-07-02 14:44:00+09:00,7740.0,7740.0,7740.0,7740.0,1,0.0,0.0
2024-07-02 14:45:00+09:00,7740.0,7740.0,7740.0,7740.0,2,0.0,0.0
2024-07-02 14:49:00+09:00,7740.0,7740.0,7740.0,7740.0,1,0.0,0.0
2024-07-02 14:50:00+09:00,7740.0,7740.0,7740.0,7740.0,19,0.0,0.0
2024-07-02 14:57:00+09:00,7710.0,7710.0,7710.0,7710.0,3099,0.0,0.0
2024-07-02 14:58:00+09:00,7710.0,7710.0,7710.0,7710.0,0,0.0,0.0
2024-07-02 14:59:00+09:00,7710.0,7710.0,7690.0,7690.0,3111,0.0,0.0
2024-07-03 09:00:00+09:00,7700.0,7700.0,7700.0,7700.0,549,0.0,0.0
2024-07-03 09:01:00+09:00,7710.0,7720.0,7710.0,7720.0,95,0.0,0.0
2024-07-03 09:03:00+09:00,7730.0,7730.0,7730.0,7730.0,0,0.0,0.0
2024-07-03 09:05:00+09:00,7730.0,7730.0,7640.0,7650.0,721,0.0,0.0
2024-07-03 09:06:00+09:00,7710.0,7710.0,7660.0,7710.0,207,0.0,0.0
2024-07-03 09:07:00+09:00,7700.0,7720.0,7700.0,7720.0,485,0.0,0.0
2024-07-03 09:08:00+09:00,7730.0,7740.0,7730.0,7740.0,49,0.0,0.0
2024-07-03 09:09:00+09:00,7720.0,7720.0,7710.0,7720.0,9,0.0,0.0
2024-07-03 09:10:00+09:00,7720.0,7720.0,7710.0,7710.0,136,0.0,0.0
2024-07-03 09:11:00+09:00,7710.0,7710.0,7710.0,7710.0,0,0.0,0.0
2024-07-03 09:12:00+09:00,7710.0,7710.0,7670.0,7670.0,1430,0.0,0.0
2024-07-03 09:13:00+09:00,7670.0,7700.0,7660.0,7680.0,436,0.0,0.0
2024-07-03 09:14:00+09:00,7700.0,7730.0,7700.0,7730.0,369,0.0,0.0
2024-07-03 09:15:00+09:00,7720.0,7720.0,7680.0,7680.0,2,0.0,0.0
2024-07-03 09:16:00+09:00,7720.0,7730.0,7720.0,7730.0,3,0.0,0.0
2024-07-03 09:17:00+09:00,7720.0,7750.0,7720.0,7750.0,53,0.0,0.0
2024-07-03 09:18:00+09:00,7740.0,7740.0,7720.0,7720.0,58,0.0,0.0
2024-07-03 09:20:00+09:00,7700.0,7700.0,7700.0,7700.0,893,0.0,0.0
2024-07-03 09:23:00+09:00,7700.0,7700.0,7660.0,7660.0,1112,0.0,0.0
2024-07-03 09:24:00+09:00,7660.0,7660.0,7650.0,7650.0,1848,0.0,0.0
2024-07-03 09:27:00+09:00,7680.0,7700.0,7680.0,7700.0,0,0.0,0.0
2024-07-03 09:28:00+09:00,7670.0,7670.0,7650.0,7650.0,2499,0.0,0.0
2024-07-03 09:29:00+09:00,7650.0,7650.0,7630.0,7630.0,0,0.0,0.0
2024-07-03 09:30:00+09:00,7630.0,7660.0,7630.0,7660.0,312,0.0,0.0
2024-07-03 09:32:00+09:00,7660.0,7660.0,7650.0,7650.0,6,0.0,0.0
2024-07-03 09:33:00+09:00,7660.0,7660.0,7650.0,7650.0,2,0.0,0.0
2024-07-03 09:34:00+09:00,7650.0,7650.0,7650.0,7650.0,121,0.0,0.0
2024-07-03 09:35:00+09:00,7660.0,7660.0,7660.0,7660.0,0,0.0,0.0
2024-07-03 09:36:00+09:00,7650.0,7650.0,7650.0,7650.0,102,0.0,0.0
2024-07-03 09:37:00+09:00,7650.0,7650.0,7650.0,7650.0,10,0.0,0.0
2024-07-03 09:38:00+09:00,7650.0,7660.0,7650.0,7660.0,816,0.0,0.0
2024-07-03 09:39:00+09:00,7660.0,7660.0,7650.0,7650.0,2004,0.0,0.0
2024-07-03 09:43:00+09:00,7650.0,7680.0,7650.0,7680.0,0,0.0,0.0
2024-07-03 09:46:00+09:00,7680.0,7680.0,7680.0,7680.0,2,0.0,0.0
2024-07-03 09:47:00+09:00,7670.0,7670.0,7670.0,7670.0,598,0.0,0.0
2024-07-03 09:50:00+09:00,7660.0,7660.0,7660.0,7660.0,0,0.0,0.0
2024-07-03 09:52:00+09:00,7670.0,7670.0,7630.0,7660.0,1856,0.0,0.0
2024-07-03 09:53:00+09:00,7660.0,7660.0,7650.0,7650.0,28,0.0,0.0
2024-07-03 09:55:00+09:00,7660.0,7680.0,7660.0,7660.0,80,0.0,0.0
2024-07-03 09:57:00+09:00,7700.0,7700.0,7700.0,7700.0,0,0.0,0.0
2024-07-03 10:03:00+09:00,7700.0,7700.0,7700.0,7700.0,16151,0.0,0.0
2024-07-03 10:06:00+09:00,7700.0,7700.0,7670.0,7680.0,747,0.0,0.0
2024-07-03 10:07:00+09:00,7690.0,7740.0,7670.0,7670.0,424,0.0,0.0
2024-07-03 10:08:00+09:00,7740.0,7740.0,7740.0,7740.0,0,0.0,0.0
2024-07-03 10:11:00+09:00,7710.0,7740.0,7710.0,7740.0,178,0.0,0.0
2024-07-03 10:12:00+09:00,7740.0,7740.0,7740.0,7740.0,318,0.0,0.0
2024-07-03 10:13:00+09:00,7750.0,7750.0,7740.0,7740.0,481,0.0,0.0
2024-07-03 10:14:00+09:00,7750.0,7750.0,7750.0,7750.0,112,0.0,0.0
2024-07-03 10:17:00+09:00,7750.0,7750.0,7710.0,7710.0,0,0.0,0.0
2024-07-03 10:18:00+09:00,7750.0,7750.0,7710.0,7710.0,3,0.0,0.0
2024-07-03 10:20:00+09:00,7730.0,7730.0,7690.0,7690.0,102,0.0,0.0
2024-07-03 10:23:00+09:00,7690.0,7690.0,7690.0,7690.0,0,0.0,0.0
2024-07-03 10:24:00+09:00,7700.0,7730.0,7670.0,7700.0,979,0.0,0.0
2024-07-03 10:25:00+09:00,7660.0,7690.0,7660.0,7690.0,208,0.0,0.0
2024-07-03 10:28:00+09:00,7690.0,7690.0,7690.0,7690.0,19,0.0,0.0
2024-07-03 10:30:00+09:00,7660.0,7660.0,7660.0,7660.0,1190,0.0,0.0
2024-07-03 10:31:00+09:00,7660.0,7660.0,7640.0,7650.0,2222,0.0,0.0
2024-07-03 10:33:00+09:00,7650.0,7650.0,7650.0,7650.0,4,0.0,0.0
2024-07-03 10:36:00+09:00,7650.0,7650.0,7650.0,7650.0,16,0.0,0.0
2024-07-03 10:37:00+09:00,7650.0,7650.0,7650.0,7650.0,50,0.0,0.0
2024-07-03 10:38:00+09:00,7640.0,7640.0,7640.0,7640.0,813,0.0,0.0
2024-07-03 10:39:00+09:00,7630.0,7630.0,7630.0,7630.0,266,0.0,0.0
2024-07-03 10:40:00+09:00,7630.0,7630.0,7610.0,7610.0,202,0.0,0.0
2024-07-03 10:41:00+09:00,7610.0,7640.0,7600.0,7610.0,811,0.0,0.0
2024-07-03 10:42:00+09:00,7610.0,7620.0,7580.0,7590.0,1903,0.0,0.0
2024-07-03 10:43:00+09:00,7590.0,7620.0,7590.0,7620.0,175,0.0,0.0
2024-07-03 10:45:00+09:00,7610.0,7620.0,7610.0,7620.0,11,0.0,0.0
2024-07-03 10:47:00+09:00,7600.0,7610.0,7570.0,7610.0,938,0.0,0.0
2024-07-03 10:48:00+09:00,7620.0,7700.0,7580.0,7670.0,873,0.0,0.0
2024-07-03 10:49:00+09:00,7660.0,7660.0,7660.0,7660.0,0,0.0,0.0
2024-07-03 10:50:00+09:00,7610.0,7620.0,7590.0,7590.0,206,0.0,0.0
2024-07-03 10:51:00+09:00,7620.0,7620.0,7590.0,7590.0,24,0.0,0.0
2024-07-03 10:52:00+09:00,7620.0,7620.0,7590.0,7610.0,20,0.0,0.0
2024-07-03 10:53:00+09:00,7590.0,7610.0,7590.0,7610.0,6,0.0,0.0
2024-07-03 10:54:00+09:00,7590.0,7610.0,7590.0,7610.0,9,0.0,0.0
2024-07-03 10:55:00+09:00,7590.0,7600.0,7590.0,7600.0,2,0.0,0.0
2024-07-03 10:56:00+09:00,7600.0,7640.0,7600.0,7600.0,107,0.0,0.0
2024-07-03 10:58:00+09:00,7600.0,7610.0,7600.0,7610.0,10,0.0,0.0
2024-07-03 11:00:00+09:00,7600.0,7600.0,7600.0,7600.0,1,0.0,0.0
2024-07-03 11:01:00+09:00,7620.0,7630.0,7600.0,7630.0,3,0.0,0.0
2024-07-03 11:02:00+09:00,7600.0,7600.0,7600.0,7600.0,2,0.0,0.0
2024-07-03 11:04:00+09:00,7600.0,7630.0,7600.0,7630.0,9,0.0,0.0
2024-07-03 11:05:00+09:00,7600.0,7630.0,7600.0,7630.0,16,0.0,0.0
2024-07-03 11:06:00+09:00,7610.0,7630.0,7610.0,7630.0,1,0.0,0.0
2024-07-03 11:07:00+09:00,7610.0,7630.0,7610.0,7630.0,5,0.0,0.0
2024-07-03 11:08:00+09:00,7610.0,7630.0,7610.0,7630.0,6,0.0,0.0
2024-07-03 11:09:00+09:00,7610.0,7640.0,7610.0,7630.0,5,0.0,0.0
2024-07-03 11:10:00+09:00,7610.0,7640.0,7610.0,7620.0,6,0.0,0.0
2024-07-03 11:11:00+09:00,7610.0,7630.0,7610.0,7630.0,5,0.0,0.0
2024-07-03 11:13:00+09:00,7610.0,7640.0,7610.0,7630.0,121,0.0,0.0
2024-07-03 11:14:00+09:00,7610.0,7640.0,7610.0,7620.0,33,0.0,0.0
2024-07-03 11:15:00+09:00,7630.0,7640.0,7620.0,7620.0,0,0.0,0.0
2024-07-03 11:20:00+09:00,7620.0,7640.0,7620.0,7640.0,2,0.0,0.0
2024-07-03 11:22:00+09:00,7610.0,7620.0,7580.0,7620.0,633,0.0,0.0
2024-07-03 11:25:00+09:00,7600.0,7640.0,7600.0,7630.0,26,0.0,0.0
2024-07-03 11:26:00+09:00,7600.0,7630.0,7600.0,7630.0,32,0.0,0.0
2024-07-03 11:27:00+09:00,7600.0,7630.0,7600.0,7630.0,6,0.0,0.0
2024-07-03 11:28:00+09:00,7600.0,7630.0,7600.0,7620.0,6,0.0,0.0
2024-07-03 11:29:00+09:00,7600.0,7630.0,7600.0,7630.0,6,0.0,0.0
2024-07-03 11:30:00+09:00,7600.0,7630.0,7600.0,7630.0,8,0.0,0.0
2024-07-03 11:31:00+09:00,7600.0,7630.0,7600.0,7630.0,10,0.0,0.0
2024-07-03 11:32:00+09:00,7600.0,7630.0,7600.0,7630.0,6,0.0,0.0
2024-07-03 11:33:00+09:00,7600.0,7630.0,7600.0,7610.0,8,0.0,0.0
2024-07-03 11:34:00+09:00,7600.0,7610.0,7600.0,7610.0,8,0.0,0.0
2024-07-03 11:35:00+09:00,7590.0,7590.0,7590.0,7590.0,9,0.0,0.0
2024-07-03 11:38:00+09:00,7610.0,7610.0,7570.0,7570.0,712,0.0,0.0
2024-07-03 11:39:00+09:00,7570.0,7570.0,7560.0,7560.0,291,0.0,0.0
2024-07-03 11:41:00+09:00,7560.0,7560.0,7560.0,7560.0,1,0.0,0.0
2024-07-03 11:42:00+09:00,7560.0,7560.0,7560.0,7560.0,159,0.0,0.0
2024-07-03 11:43:00+09:00,7580.0,7580.0,7580.0,7580.0,0,0.0,0.0
2024-07-03 11:45:00+09:00,7580.0,7580.0,7580.0,7580.0,0,0.0,0.0
2024-07-03 11:46:00+09:00,7580.0,7600.0,7580.0,7600.0,37,0.0,0.0
2024-07-03 11:47:00+09:00,7600.0,7630.0,7600.0,7630.0,109,0.0,0.0
2024-07-03 11:50:00+09:00,7610.0,7630.0,7610.0,7630.0,466,0.0,0.0
2024-07-03 11:58:00+09:00,7600.0,7620.0,7590.0,7610.0,6,0.0,0.0
2024-07-03 12:05:00+09:00,7580.0,7580.0,7580.0,7580.0,14,0.0,0.0
2024-07-03 12:07:00+09:00,7580.0,7580.0,7580.0,7580.0,200,0.0,0.0
2024-07-03 12:08:00+09:00,7580.0,7580.0,7580.0,7580.0,237,0.0,0.0
2024-07-03 12:10:00+09:00,7570.0,7570.0,7570.0,7570.0,0,0.0,0.0
2024-07-03 12:11:00+09:00,7590.0,7600.0,7590.0,7600.0,0,0.0,0.0
2024-07-03 12:12:00+09:00,7590.0,7590.0,7590.0,7590.0,7,0.0,0.0
2024-07-03 12:23:00+09:00,7570.0,7570.0,7570.0,7570.0,175,0.0,0.0
2024-07-03 12:24:00+09:00,7590.0,7600.0,7590.0,7600.0,354,0.0,0.0
2024-07-03 12:26:00+09:00,7590.0,7610.0,7590.0,7610.0,14,0.0,0.0
2024-07-03 12:32:00+09:00,7610.0,7610.0,7610.0,7610.0,7,0.0,0.0
2024-07-03 12:35:00+09:00,7610.0,7620.0,7610.0,7620.0,398,0.0,0.0
2024-07-03 12:43:00+09:00,7590.0,7590.0,7590.0,7590.0,1,0.0,0.0
2024-07-03 12:44:00+09:00,7600.0,7600.0,7600.0,7600.0,1,0.0,0.0
2024-07-03 12:45:00+09:00,7600.0,7610.0,7600.0,7610.0,25,0.0,0.0
2024-07-03 12:46:00+09:00,7590.0,7590.0,7590.0,7590.0,0,0.0,0.0
2024-07-03 12:51:00+09:00,7590.0,7590.0,7590.0,7590.0,40,0.0,0.0
2024-07-03 12:56:00+09:00,7590.0,7590.0,7590.0,7590.0,2,0.0,0.0
2024-07-03 12:59:00+09:00,7590.0,7590.0,7590.0,7590.0,67,0.0,0.0
2024-07-03 13:04:00+09:00,7590.0,7590.0,7590.0,7590.0,436,0.0,0.0
2024-07-03 13:09:00+09:00,7600.0,7600.0,7590.0,7590.0,0,0.0,0.0
2024-07-03 13:12:00+09:00,7600.0,7600.0,7600.0,7600.0,9,0.0,0.0
2024-07-03 13:13:00+09:00,7600.0,7600.0,7600.0,7600.0,3,0.0,0.0
2024-07-03 13:16:00+09:00,7590.0,7590.0,7590.0,7590.0,2,0.0,0.0
2024-07-03 13:20:00+09:00,7590.0,7590.0,7590.0,7590.0,13,0.0,0.0
2024-07-03 13:26:00+09:00,7590.0,7590.0,7590.0,7590.0,3,0.0,0.0
2024-07-03 13:29:00+09:00,7590.0,7590.0,7590.0,7590.0,4,0.0,0.0
2024-07-03 13:30:00+09:00,7590.0,7590.0,7590.0,7590.0,0,0.0,0.0
2024-07-03 13:41:00+09:00,7600.0,7600.0,7600.0,7600.0,11,0.0,0.0
2024-07-03 13:42:00+09:00,7600.0,7600.0,7600.0,7600.0,0,0.0,0.0
2024-07-03 13:52:00+09:00,7600.0,7600.0,7600.0,7600.0,40,0.0,0.0
2024-07-03 14:01:00+09:00,7600.0,7600.0,7600.0,7600.0,0,0.0,0.0
2024-07-03 14:02:00+09:00,7600.0,7600.0,7600.0,7600.0,25,0.0,0.0
2024-07-03 14:03:00+09:00,7600.0,7610.0,7600.0,7610.0,12,0.0,0.0
2024-07-03 14:06:00+09:00,7590.0,7590.0,7590.0,7590.0,39,0.0,0.0
2024-07-03 14:09:00+09:00,7590.0,7630.0,7580.0,7580.0,262,0.0,0.0
2024-07-03 14:10:00+09:00,7590.0,7590.0,7580.0,7580.0,0,0.0,0.0
2024-07-03 14:11:00+09:00,7590.0,7590.0,7590.0,7590.0,70,0.0,0.0
2024-07-03 14:12:00+09:00,7590.0,7620.0,7590.0,7620.0,13,0.0,0.0
2024-07-03 14:16:00+09:00,7580.0,7580.0,7580.0,7580.0,15,0.0,0.0
2024-07-03 14:17:00+09:00,7590.0,7590.0,7590.0,7590.0,22,0.0,0.0
2024-07-03 14:18:00+09:00,7590.0,7600.0,7580.0,7580.0,500,0.0,0.0
2024-07-03 14:21:00+09:00,7570.0,7570.0,7560.0,7560.0,1404,0.0,0.0
2024-07-03 14:22:00+09:00,7590.0,7600.0,7570.0,7570.0,42,0.0,0.0
2024-07-03 14:23:00+09:00,7570.0,7570.0,7560.0,7560.0,200,0.0,0.0
2024-07-03 14:24:00+09:00,7560.0,7560.0,7560.0,7560.0,300,0.0,0.0
2024-07-03 14:25:00+09:00,7580.0,7580.0,7570.0,7570.0,0,0.0,0.0
2024-07-03 14:33:00+09:00,7570.0,7590.0,7570.0,7580.0,253,0.0,0.0
2024-07-03 14:35:00+09:00,7570.0,7570.0,7570.0,7570.0,423,0.0,0.0
2024-07-03 14:39:00+09:00,7580.0,7680.0,7580.0,7680.0,1152,0.0,0.0
2024-07-03 14:40:00+09:00,7670.0,7700.0,7600.0,7700.0,2285,0.0,0.0
2024-07-03 14:42:00+09:00,7680.0,7730.0,7680.0,7730.0,1195,0.0,0.0
2024-07-03 14:43:00+09:00,7720.0,7720.0,7720.0,7720.0,202,0.0,0.0
2024-07-03 14:44:00+09:00,7730.0,7730.0,7730.0,7730.0,0,0.0,0.0
2024-07-03 14:45:00+09:00,7720.0,7720.0,7710.0,7720.0,108,0.0,0.0
2024-07-03 14:46:00+09:00,7680.0,7680.0,7680.0,7680.0,59,0.0,0.0
2024-07-03 14:47:00+09:00,7680.0,7710.0,7680.0,7710.0,26,0.0,0.0
2024-07-03 14:48:00+09:00,7710.0,7720.0,7710.0,7720.0,48,0.0,0.0
2024-07-03 14:50:00+09:00,7690.0,7690.0,7690.0,7690.0,538,0.0,0.0
2024-07-03 14:51:00+09:00,7690.0,7700.0,7680.0,7700.0,7,0.0,0.0
2024-07-03 14:52:00+09:00,7700.0,7700.0,7700.0,7700.0,40,0.0,0.0
2024-07-03 14:53:00+09:00,7680.0,7680.0,7680.0,7680.0,551,0.0,0.0
2024-07-03 14:55:00+09:00,7690.0,7690.0,7690.0,7690.0,0,0.0,0.0
2024-07-03 14:59:00+09:00,7690.0,7710.0,7690.0,7710.0,408,0.0,0.0
2024-07-04 09:00:00+09:00,7650.0,7690.0,7650.0,7690.0,584,0.0,0.0
2024-07-04 09:01:00+09:00,7730.0,7770.0,7660.0,7770.0,39,0.0,0.0
2024-07-04 09:02:00+09:00,7680.0,7810.0,7680.0,7800.0,1157,0.0,0.0
2024-07-04 09:03:00+09:00,7790.0,7790.0,7790.0,7790.0,0,0.0,0.0
2024-07-04 09:04:00+09:00,7790.0,7790.0,7790.0,7790.0,15,0.0,0.0
2024-07-04 09:06:00+09:00,7720.0,7790.0,7710.0,7790.0,19,0.0,0.0
2024-07-04 09:08:00+09:00,7790.0,7790.0,7790.0,7790.0,100,0.0,0.0
2024-07-04 09:09:00+09:00,7720.0,7720.0,7710.0,7710.0,29,0.0,0.0
2024-07-04 09:10:00+09:00,7790.0,7790.0,7790.0,7790.0,0,0.0,0.0
2024-07-04 09:13:00+09:00,7790.0,7790.0,7790.0,7790.0,1,0.0,0.0
2024-07-04 09:15:00+09:00,7780.0,7780.0,7780.0,7780.0,5,0.0,0.0
2024-07-04 09:17:00+09:00,7710.0,7710.0,7710.0,7710.0,25,0.0,0.0
2024-07-04 09:19:00+09:00,7710.0,7750.0,7700.0,7750.0,129,0.0,0.0
2024-07-04 09:20:00+09:00,7740.0,7740.0,7730.0,7730.0,2,0.0,0.0
2024-07-04 09:21:00+09:00,7720.0,7720.0,7710.0,7710.0,1,0.0,0.0
2024-07-04 09:22:00+09:00,7730.0,7730.0,7730.0,7730.0,5,0.0,0.0
2024-07-04 09:23:00+09:00,7730.0,7750.0,7710.0,7730.0,47,0.0,0.0
2024-07-04 09:24:00+09:00,7720.0,7720.0,7630.0,7640.0,494,0.0,0.0
2024-07-04 09:25:00+09:00,7680.0,7680.0,7660.0,7660.0,7,0.0,0.0
2024-07-04 09:26:00+09:00,7680.0,7680.0,7680.0,7680.0,11,0.0,0.0
2024-07-04 09:27:00+09:00,7660.0,7690.0,7650.0,7660.0,64,0.0,0.0
2024-07-04 09:28:00+09:00,7690.0,7700.0,7660.0,7690.0,80,0.0,0.0
2024-07-04 09:30:00+09:00,7670.0,7670.0,7670.0,7670.0,151,0.0,0.0
2024-07-04 09:31:00+09:00,7680.0,7690.0,7670.0,7690.0,0,0.0,0.0
2024-07-04 09:32:00+09:00,7670.0,7670.0,7670.0,7670.0,119,0.0,0.0
2024-07-04 09:33:00+09:00,7680.0,7700.0,7680.0,7700.0,0,0.0,0.0
2024-07-04 09:34:00+09:00,7670.0,7670.0,7670.0,7670.0,219,0.0,0.0
2024-07-04 09:35:00+09:00,7670.0,7670.0,7670.0,7670.0,0,0.0,0.0
2024-07-04 09:36:00+09:00,7670.0,7670.0,7670.0,7670.0,153,0.0,0.0
2024-07-04 09:39:00+09:00,7670.0,7690.0,7640.0,7670.0,263,0.0,0.0
2024-07-04 09:40:00+09:00,7690.0,7690.0,7690.0,7690.0,1,0.0,0.0
2024-07-04 09:42:00+09:00,7650.0,7650.0,7650.0,7650.0,612,0.0,0.0
2024-07-04 09:44:00+09:00,7660.0,7690.0,7650.0,7650.0,0,0.0,0.0
2024-07-04 09:45:00+09:00,7670.0,7700.0,7660.0,7660.0,7,0.0,0.0
2024-07-04 09:46:00+09:00,7670.0,7700.0,7670.0,7700.0,2,0.0,0.0
2024-07-04 09:47:00+09:00,7680.0,7720.0,7680.0,7680.0,223,0.0,0.0
2024-07-04 09:51:00+09:00,7720.0,7720.0,7720.0,7720.0,0,0.0,0.0
2024-07-04 09:52:00+09:00,7720.0,7720.0,7680.0,7690.0,12,0.0,0.0
2024-07-04 09:54:00+09:00,7730.0,7730.0,7730.0,7730.0,82,0.0,0.0
2024-07-04 09:55:00+09:00,7680.0,7680.0,7680.0,7680.0,142,0.0,0.0
2024-07-04 09:56:00+09:00,7670.0,7670.0,7670.0,7670.0,266,0.0,0.0
2024-07-04 09:59:00+09:00,7680.0,7700.0,7680.0,7700.0,0,0.0,0.0
2024-07-04 10:03:00+09:00,7680.0,7690.0,7680.0,7690.0,45,0.0,0.0
2024-07-04 10:04:00+09:00,7680.0,7700.0,7680.0,7680.0,5,0.0,0.0
2024-07-04 10:05:00+09:00,7680.0,7700.0,7680.0,7700.0,63,0.0,0.0
2024-07-04 10:06:00+09:00,7690.0,7690.0,7690.0,7690.0,60,0.0,0.0
2024-07-04 10:08:00+09:00,7680.0,7680.0,7680.0,7680.0,0,0.0,0.0
2024-07-04 10:09:00+09:00,7660.0,7690.0,7660.0,7660.0,25,0.0,0.0
2024-07-04 10:10:00+09:00,7660.0,7660.0,7660.0,7660.0,0,0.0,0.0
2024-07-04 10:11:00+09:00,7660.0,7660.0,7660.0,7660.0,2,0.0,0.0
2024-07-04 10:12:00+09:00,7660.0,7660.0,7660.0,7660.0,1,0.0,0.0
2024-07-04 10:13:00+09:00,7660.0,7660.0,7660.0,7660.0,1,0.0,0.0
2024-07-04 10:14:00+09:00,7660.0,7660.0,7660.0,7660.0,12,0.0,0.0
2024-07-04 10:15:00+09:00,7670.0,7710.0,7660.0,7660.0,1,0.0,0.0
2024-07-04 10:16:00+09:00,7690.0,7690.0,7690.0,7690.0,1,0.0,0.0
2024-07-04 10:17:00+09:00,7660.0,7660.0,7660.0,7660.0,179,0.0,0.0
2024-07-04 10:18:00+09:00,7660.0,7660.0,7660.0,7660.0,0,0.0,0.0
2024-07-04 10:20:00+09:00,7660.0,7660.0,7660.0,7660.0,14,0.0,0.0
2024-07-04 10:21:00+09:00,7670.0,7690.0,7670.0,7690.0,12,0.0,0.0
2024-07-04 10:23:00+09:00,7680.0,7690.0,7680.0,7690.0,3,0.0,0.0
2024-07-04 10:24:00+09:00,7690.0,7710.0,7690.0,7690.0,90,0.0,0.0
2024-07-04 10:25:00+09:00,7690.0,7710.0,7690.0,7710.0,39,0.0,0.0
2024-07-04 10:26:00+09:00,7690.0,7700.0,7690.0,7700.0,58,0.0,0.0
2024-07-04 10:27:00+09:00,7710.0,7710.0,7710.0,7710.0,0,0.0,0.0
2024-07-04 10:28:00+09:00,7690.0,7710.0,7690.0,7710.0,6,0.0,0.0
2024-07-04 10:29:00+09:00,7690.0,7710.0,7690.0,7710.0,10,0.0,0.0
2024-07-04 10:32:00+09:00,7700.0,7700.0,7700.0,7700.0,15,0.0,0.0
2024-07-04 10:34:00+09:00,7700.0,7700.0,7700.0,7700.0,0,0.0,0.0
2024-07-04 10:36:00+09:00,7700.0,7700.0,7700.0,7700.0,20,0.0,0.0
2024-07-04 10:41:00+09:00,7690.0,7710.0,7670.0,7670.0,1070,0.0,0.0
2024-07-04 10:42:00+09:00,7680.0,7810.0,7660.0,7660.0,1142,0.0,0.0
2024-07-04 10:45:00+09:00,7800.0,7820.0,7780.0,7790.0,252,0.0,0.0
2024-07-04 10:46:00+09:00,7810.0,7810.0,7780.0,7780.0,21,0.0,0.0
2024-07-04 10:47:00+09:00,7770.0,7770.0,7700.0,7700.0,240,0.0,0.0
2024-07-04 10:48:00+09:00,7690.0,7690.0,7690.0,7690.0,0,0.0,0.0
2024-07-04 10:49:00+09:00,7690.0,7790.0,7680.0,7700.0,415,0.0,0.0
2024-07-04 10:50:00+09:00,7690.0,7690.0,7680.0,7680.0,314,0.0,0.0
2024-07-04 10:53:00+09:00,7700.0,7770.0,7680.0,7770.0,0,0.0,0.0
2024-07-04 10:54:00+09:00,7770.0,7770.0,7670.0,7670.0,4,0.0,0.0
2024-07-04 10:57:00+09:00,7700.0,7710.0,7700.0,7710.0,37,0.0,0.0
2024-07-04 11:01:00+09:00,7670.0,7670.0,7670.0,7670.0,238,0.0,0.0
2024-07-04 11:02:00+09:00,7660.0,7660.0,7660.0,7660.0,74,0.0,0.0
2024-07-04 11:09:00+09:00,7670.0,7680.0,7670.0,7680.0,0,0.0,0.0
2024-07-04 11:10:00+09:00,7680.0,7700.0,7680.0,7700.0,99,0.0,0.0
2024-07-04 11:11:00+09:00,7690.0,7730.0,7680.0,7730.0,166,0.0,0.0
2024-07-04 11:12:00+09:00,7730.0,7770.0,7680.0,7770.0,91,0.0,0.0
2024-07-04 11:13:00+09:00,7770.0,7770.0,7680.0,7680.0,7,0.0,0.0
2024-07-04 11:15:00+09:00,7700.0,7700.0,7700.0,7700.0,15,0.0,0.0
2024-07-04 11:16:00+09:00,7700.0,7700.0,7700.0,7700.0,56,0.0,0.0
2024-07-04 11:17:00+09:00,7720.0,7720.0,7680.0,7680.0,0,0.0,0.0
2024-07-04 11:18:00+09:00,7680.0,7700.0,7670.0,7700.0,401,0.0,0.0
2024-07-04 11:21:00+09:00,7690.0,7690.0,7690.0,7690.0,2,0.0,0.0
2024-07-04 11:22:00+09:00,7700.0,7700.0,7700.0,7700.0,0,0.0,0.0
2024-07-04 11:23:00+09:00,7690.0,7700.0,7670.0,7670.0,224,0.0,0.0
2024-07-04 11:24:00+09:00,7700.0,7770.0,7670.0,7670.0,179,0.0,0.0
2024-07-04 11:25:00+09:00,7670.0,7670.0,7670.0,7670.0,592,0.0,0.0
2024-07-04 11:29:00+09:00,7670.0,7680.0,7670.0,7680.0,0,0.0,0.0
2024-07-04 11:33:00+09:00,7680.0,7680.0,7680.0,7680.0,3,0.0,0.0
2024-07-04 11:38:00+09:00,7680.0,7680.0,7680.0,7680.0,0,0.0,0.0
2024-07-04 11:39:00+09:00,7670.0,7670.0,7670.0,7670.0,40,0.0,0.0
2024-07-04 11:43:00+09:00,7680.0,7680.0,7680.0,7680.0,0,0.0,0.0
2024-07-04 11:52:00+09:00,7680.0,7680.0,7680.0,7680.0,1,0.0,0.0
2024-07-04 12:05:00+09:00,7680.0,7680.0,7650.0,7650.0,1390,0.0,0.0
2024-07-04 12:07:00+09:00,7650.0,7660.0,7650.0,7660.0,237,0.0,0.0
2024-07-04 12:08:00+09:00,7670.0,7680.0,7670.0,7680.0,0,0.0,0.0
2024-07-04 12:09:00+09:00,7670.0,7680.0,7650.0,7650.0,380,0.0,0.0
2024-07-04 12:10:00+09:00,7650.0,7650.0,7620.0,7640.0,532,0.0,0.0
2024-07-04 12:11:00+09:00,7620.0,7620.0,7620.0,7620.0,194,0.0,0.0
2024-07-04 12:12:00+09:00,7620.0,7620.0,7620.0,7620.0,0,0.0,0.0
2024-07-04 12:13:00+09:00,7620.0,7620.0,7620.0,7620.0,2,0.0,0.0
2024-07-04 12:14:00+09:00,7620.0,7620.0,7600.0,7620.0,1270,0.0,0.0
2024-07-04 12:15:00+09:00,7610.0,7610.0,7610.0,7610.0,0,0.0,0.0
2024-07-04 12:16:00+09:00,7610.0,7620.0,7610.0,7620.0,227,0.0,0.0
2024-07-04 12:17:00+09:00,7620.0,7620.0,7620.0,7620.0,0,0.0,0.0
2024-07-04 12:24:00+09:00,7630.0,7640.0,7630.0,7640.0,103,0.0,0.0
2024-07-04 12:34:00+09:00,7610.0,7630.0,7600.0,7630.0,668,0.0,0.0
2024-07-04 12:40:00+09:00,7620.0,7640.0,7620.0,7640.0,513,0.0,0.0
2024-07-04 12:42:00+09:00,7620.0,7620.0,7620.0,7620.0,99,0.0,0.0
2024-07-04 12:43:00+09:00,7630.0,7630.0,7630.0,7630.0,260,0.0,0.0
2024-07-04 12:44:00+09:00,7640.0,7640.0,7620.0,7620.0,0,0.0,0.0
2024-07-04 12:45:00+09:00,7620.0,7620.0,7610.0,7610.0,277,0.0,0.0
2024-07-04 12:46:00+09:00,7620.0,7620.0,7610.0,7610.0,211,0.0,0.0
2024-07-04 12:48:00+09:00,7600.0,7600.0,7600.0,7600.0,0,0.0,0.0
2024-07-04 12:49:00+09:00,7610.0,7610.0,7610.0,7610.0,0,0.0,0.0
2024-07-04 12:52:00+09:00,7600.0,7600.0,7600.0,7600.0,286,0.0,0.0
2024-07-04 12:55:00+09:00,7590.0,7590.0,7590.0,7590.0,2,0.0,0.0
2024-07-04 13:02:00+09:00,7600.0,7600.0,7600.0,7600.0,0,0.0,0.0
2024-07-04 13:06:00+09:00,7600.0,7600.0,7600.0,7600.0,2,0.0,0.0
2024-07-04 13:07:00+09:00,7600.0,7600.0,7600.0,7600.0,0,0.0,0.0
2024-07-04 13:12:00+09:00,7600.0,7600.0,7580.0,7580.0,2512,0.0,0.0
2024-07-04 13:14:00+09:00,7580.0,7580.0,7580.0,7580.0,0,0.0,0.0
2024-07-04 13:15:00+09:00,7580.0,7580.0,7580.0,7580.0,0,0.0,0.0
2024-07-04 13:17:00+09:00,7580.0,7580.0,7580.0,7580.0,0,0.0,0.0
2024-07-04 13:18:00+09:00,7580.0,7580.0,7580.0,7580.0,2,0.0,0.0
2024-07-04 13:19:00+09:00,7580.0,7580.0,7580.0,7580.0,4,0.0,0.0
2024-07-04 13:20:00+09:00,7570.0,7570.0,7570.0,7570.0,21,0.0,0.0
2024-07-04 13:22:00+09:00,7570.0,7570.0,7570.0,7570.0,3,0.0,0.0
2024-07-04 13:26:00+09:00,7570.0,7570.0,7560.0,7560.0,300,0.0,0.0
2024-07-04 13:35:00+09:00,7580.0,7580.0,7580.0,7580.0,0,0.0,0.0
2024-07-04 13:36:00+09:00,7580.0,7580.0,7580.0,7580.0,4,0.0,0.0
2024-07-04 13:40:00+09:00,7580.0,7580.0,7580.0,7580.0,598,0.0,0.0
2024-07-04 13:41:00+09:00,7580.0,7580.0,7580.0,7580.0,0,0.0,0.0
2024-07-04 13:43:00+09:00,7580.0,7580.0,7570.0,7580.0,290,0.0,0.0
2024-07-04 13:44:00+09:00,7580.0,7580.0,7560.0,7560.0,1178,0.0,0.0
2024-07-04 13:47:00+09:00,7570.0,7580.0,7570.0,7580.0,20,0.0,0.0
2024-07-04 13:49:00+09:00,7580.0,7580.0,7580.0,7580.0,341,0.0,0.0
2024-07-04 13:50:00+09:00,7580.0,7580.0,7580.0,7580.0,0,0.0,0.0
2024-07-04 13:51:00+09:00,7580.0,7580.0,7580.0,7580.0,99,0.0,0.0
2024-07-04 13:53:00+09:00,7590.0,7650.0,7590.0,7620.0,107,0.0,0.0
2024-07-04 13:55:00+09:00,7600.0,7620.0,7600.0,7610.0,104,0.0,0.0
2024-07-04 13:56:00+09:00,7600.0,7600.0,7590.0,7590.0,199,0.0,0.0
2024-07-04 13:57:00+09:00,7600.0,7620.0,7600.0,7620.0,70,0.0,0.0
2024-07-04 14:00:00+09:00,7590.0,7590.0,7580.0,7580.0,282,0.0,0.0
2024-07-04 14:04:00+09:00,7580.0,7580.0,7580.0,7580.0,0,0.0,0.0
2024-07-04 14:05:00+09:00,7590.0,7600.0,7590.0,7600.0,0,0.0,0.0
2024-07-04 14:06:00+09:00,7580.0,7580.0,7580.0,7580.0,99,0.0,0.0
2024-07-04 14:07:00+09:00,7590.0,7620.0,7590.0,7620.0,0,0.0,0.0
2024-07-04 14:09:00+09:00,7610.0,7610.0,7610.0,7610.0,1,0.0,0.0
2024-07-04 14:16:00+09:00,7580.0,7580.0,7580.0,7580.0,1,0.0,0.0
2024-07-04 14:18:00+09:00,7580.0,7580.0,7580.0,7580.0,27,0.0,0.0
2024-07-04 14:19:00+09:00,7570.0,7570.0,7570.0,7570.0,162,0.0,0.0
2024-07-04 14:20:00+09:00,7570.0,7570.0,7570.0,7570.0,70,0.0,0.0
2024-07-04 14:21:00+09:00,7560.0,7560.0,7560.0,7560.0,246,0.0,0.0
2024-07-04 14:22:00+09:00,7560.0,7560.0,7560.0,7560.0,18,0.0,0.0
2024-07-04 14:23:00+09:00,7550.0,7550.0,7540.0,7540.0,1417,0.0,0.0
2024-07-04 14:24:00+09:00,7560.0,7570.0,7560.0,7570.0,0,0.0,0.0
2024-07-04 14:25:00+09:00,7560.0,7620.0,7530.0,7530.0,872,0.0,0.0
2024-07-04 14:29:00+09:00,7540.0,7570.0,7530.0,7570.0,0,0.0,0.0
2024-07-04 14:31:00+09:00,7530.0,7530.0,7530.0,7530.0,13,0.0,0.0
2024-07-04 14:32:00+09:00,7530.0,7610.0,7530.0,7610.0,1201,0.0,0.0
2024-07-04 14:33:00+09:00,7570.0,7570.0,7570.0,7570.0,0,0.0,0.0
2024-07-04 14:42:00+09:00,7550.0,7600.0,7540.0,7550.0,250,0.0,0.0
2024-07-04 14:44:00+09:00,7550.0,7550.0,7530.0,7530.0,1254,0.0,0.0
2024-07-04 14:45:00+09:00,7540.0,7570.0,7540.0,7540.0,0,0.0,0.0
2024-07-04 14:46:00+09:00,7540.0,7540.0,7540.0,7540.0,17,0.0,0.0
2024-07-04 14:49:00+09:00,7540.0,7540.0,7540.0,7540.0,0,0.0,0.0
2024-07-04 14:53:00+09:00,7550.0,7550.0,7550.0,7550.0,27,0.0,0.0
2024-07-04 14:54:00+09:00,7570.0,7570.0,7540.0,7540.0,81,0.0,0.0
2024-07-05 09:00:00+09:00,7700.0,7700.0,7700.0,7700.0,38,0.0,0.0
2024-07-05 09:02:00+09:00,7620.0,7620.0,7620.0,7620.0,145,0.0,0.0
2024-07-05 09:04:00+09:00,7620.0,7620.0,7620.0,7620.0,58,0.0,0.0
2024-07-05 09:05:00+09:00,7660.0,7660.0,7660.0,7660.0,0,0.0,0.0
2024-07-05 09:06:00+09:00,7660.0,7660.0,7660.0,7660.0,5,0.0,0.0
2024-07-05 09:09:00+09:00,7660.0,7710.0,7630.0,7630.0,223,0.0,0.0
2024-07-05 09:10:00+09:00,7710.0,7710.0,7710.0,7710.0,0,0.0,0.0
2024-07-05 09:12:00+09:00,7710.0,7710.0,7710.0,7710.0,20,0.0,0.0
2024-07-05 09:15:00+09:00,7640.0,7640.0,7640.0,7640.0,239,0.0,0.0
2024-07-05 09:16:00+09:00,7670.0,7670.0,7670.0,7670.0,0,0.0,0.0
2024-07-05 09:17:00+09:00,7670.0,7670.0,7670.0,7670.0,2,0.0,0.0
2024-07-05 09:18:00+09:00,7650.0,7650.0,7650.0,7650.0,0,0.0,0.0
2024-07-05 09:19:00+09:00,7650.0,7650.0,7650.0,7650.0,170,0.0,0.0
2024-07-05 09:20:00+09:00,7660.0,7660.0,7660.0,7660.0,0,0.0,0.0
2024-07-05 09:23:00+09:00,7660.0,7660.0,7660.0,7660.0,2,0.0,0.0
2024-07-05 09:28:00+09:00,7660.0,7660.0,7660.0,7660.0,204,0.0,0.0
2024-07-05 09:29:00+09:00,7660.0,7660.0,7660.0,7660.0,0,0.0,0.0
2024-07-05 09:32:00+09:00,7670.0,7670.0,7670.0,7670.0,27,0.0,0.0
2024-07-05 09:33:00+09:00,7670.0,7670.0,7670.0,7670.0,0,0.0,0.0
2024-07-05 09:36:00+09:00,7670.0,7680.0,7630.0,7640.0,519,0.0,0.0
2024-07-05 09:37:00+09:00,7660.0,7670.0,7640.0,7670.0,8,0.0,0.0
2024-07-05 09:38:00+09:00,7650.0,7650.0,7650.0,7650.0,8,0.0,0.0
2024-07-05 09:41:00+09:00,7640.0,7640.0,7640.0,7640.0,38,0.0,0.0
2024-07-05 09:43:00+09:00,7640.0,7650.0,7610.0,7650.0,401,0.0,0.0
2024-07-05 09:46:00+09:00,7610.0,7610.0,7590.0,7590.0,703,0.0,0.0
2024-07-05 09:47:00+09:00,7590.0,7590.0,7590.0,7590.0,0,0.0,0.0
2024-07-05 09:48:00+09:00,7590.0,7590.0,7590.0,7590.0,2,0.0,0.0
2024-07-05 09:49:00+09:00,7600.0,7630.0,7600.0,7630.0,190,0.0,0.0
2024-07-05 09:50:00+09:00,7610.0,7620.0,7610.0,7610.0,7,0.0,0.0
2024-07-05 09:51:00+09:00,7630.0,7630.0,7610.0,7630.0,5,0.0,0.0
2024-07-05 09:52:00+09:00,7610.0,7630.0,7610.0,7630.0,5,0.0,0.0
2024-07-05 09:53:00+09:00,7610.0,7630.0,7600.0,7600.0,13,0.0,0.0
2024-07-05 09:55:00+09:00,7610.0,7630.0,7610.0,7630.0,2,0.0,0.0
2024-07-05 09:56:00+09:00,7610.0,7630.0,7610.0,7630.0,6,0.0,0.0
2024-07-05 09:57:00+09:00,7610.0,7670.0,7610.0,7630.0,517,0.0,0.0
2024-07-05 09:58:00+09:00,7610.0,7630.0,7610.0,7620.0,3,0.0,0.0
2024-07-05 09:59:00+09:00,7610.0,7630.0,7610.0,7630.0,17,0.0,0.0
2024-07-05 10:00:00+09:00,7630.0,7630.0,7610.0,7630.0,0,0.0,0.0
2024-07-05 10:01:00+09:00,7620.0,7630.0,7620.0,7630.0,2,0.0,0.0
2024-07-05 10:02:00+09:00,7600.0,7600.0,7600.0,7600.0,402,0.0,0.0
2024-07-05 10:03:00+09:00,7600.0,7600.0,7600.0,7600.0,0,0.0,0.0
2024-07-05 10:04:00+09:00,7600.0,7630.0,7600.0,7630.0,425,0.0,0.0
2024-07-05 10:05:00+09:00,7630.0,7630.0,7590.0,7590.0,165,0.0,0.0
2024-07-05 10:07:00+09:00,7620.0,7630.0,7620.0,7630.0,907,0.0,0.0
2024-07-05 10:10:00+09:00,7620.0,7640.0,7620.0,7640.0,3,0.0,0.0
2024-07-05 10:18:00+09:00,7630.0,7670.0,7630.0,7650.0,10,0.0,0.0
2024-07-05 10:19:00+09:00,7620.0,7630.0,7620.0,7630.0,2,0.0,0.0
2024-07-05 10:20:00+09:00,7630.0,7670.0,7620.0,7630.0,5,0.0,0.0
2024-07-05 10:23:00+09:00,7650.0,7650.0,7630.0,7630.0,2,0.0,0.0
2024-07-05 10:28:00+09:00,7650.0,7650.0,7620.0,7630.0,11,0.0,0.0
2024-07-05 10:30:00+09:00,7620.0,7630.0,7620.0,7630.0,2,0.0,0.0
2024-07-05 10:33:00+09:00,7620.0,7640.0,7620.0,7640.0,20,0.0,0.0
2024-07-05 10:39:00+09:00,7610.0,7610.0,7610.0,7610.0,37,0.0,0.0
2024-07-05 10:42:00+09:00,7610.0,7610.0,7610.0,7610.0,0,0.0,0.0
2024-07-05 10:43:00+09:00,7610.0,7610.0,7610.0,7610.0,19,0.0,0.0
2024-07-05 10:51:00+09:00,7600.0,7600.0,7600.0,7600.0,994,0.0,0.0
2024-07-05 10:52:00+09:00,7600.0,7600.0,7600.0,7600.0,40,0.0,0.0
2024-07-05 10:53:00+09:00,7590.0,7590.0,7580.0,7580.0,779,0.0,0.0
2024-07-05 10:55:00+09:00,7580.0,7580.0,7560.0,7560.0,1082,0.0,0.0
2024-07-05 10:56:00+09:00,7570.0,7570.0,7550.0,7550.0,0,0.0,0.0
2024-07-05 10:57:00+09:00,7550.0,7550.0,7550.0,7550.0,141,0.0,0.0
2024-07-05 10:59:00+09:00,7590.0,7590.0,7590.0,7590.0,0,0.0,0.0
2024-07-05 11:01:00+09:00,7580.0,7590.0,7580.0,7590.0,6,0.0,0.0
2024-07-05 11:02:00+09:00,7570.0,7570.0,7550.0,7560.0,342,0.0,0.0
2024-07-05 11:04:00+09:00,7580.0,7590.0,7530.0,7530.0,1060,0.0,0.0
2024-07-05 11:05:00+09:00,7560.0,7570.0,7560.0,7570.0,0,0.0,0.0
2024-07-05 11:07:00+09:00,7570.0,7570.0,7570.0,7570.0,31,0.0,0.0
2024-07-05 11:12:00+09:00,7570.0,7570.0,7570.0,7570.0,400,0.0,0.0
2024-07-05 11:13:00+09:00,7570.0,7570.0,7540.0,7540.0,0,0.0,0.0
2024-07-05 11:17:00+09:00,7560.0,7570.0,7560.0,7570.0,2,0.0,0.0
2024-07-05 11:22:00+09:00,7540.0,7540.0,7540.0,7540.0,20,0.0,0.0
2024-07-05 11:23:00+09:00,7570.0,7570.0,7570.0,7570.0,20,0.0,0.0
2024-07-05 11:25:00+09:00,7550.0,7550.0,7550.0,7550.0,20,0.0,0.0
2024-07-05 11:27:00+09:00,7570.0,7570.0,7570.0,7570.0,0,0.0,0.0
2024-07-05 11:31:00+09:00,7570.0,7570.0,7550.0,7570.0,36,0.0,0.0
2024-07-05 11:33:00+09:00,7570.0,7570.0,7570.0,7570.0,49,0.0,0.0
2024-07-05 11:35:00+09:00,7580.0,7580.0,7580.0,7580.0,0,0.0,0.0
2024-07-05 11:41:00+09:00,7570.0,7570.0,7570.0,7570.0,9,0.0,0.0
2024-07-05 11:42:00+09:00,7580.0,7600.0,7580.0,7600.0,299,0.0,0.0
2024-07-05 11:48:00+09:00,7580.0,7580.0,7580.0,7580.0,1,0.0,0.0
2024-07-05 11:49:00+09:00,7590.0,7600.0,7590.0,7590.0,2,0.0,0.0
2024-07-05 11:52:00+09:00,7580.0,7580.0,7580.0,7580.0,40,0.0,0.0
2024-07-05 11:53:00+09:00,7580.0,7580.0,7580.0,7580.0,2,0.0,0.0
2024-07-05 11:55:00+09:00,7560.0,7560.0,7560.0,7560.0,154,0.0,0.0
2024-07-05 12:04:00+09:00,7570.0,7590.0,7570.0,7590.0,5,0.0,0.0
2024-07-05 12:05:00+09:00,7580.0,7590.0,7580.0,7590.0,7,0.0,0.0
2024-07-05 12:12:00+09:00,7560.0,7560.0,7560.0,7560.0,173,0.0,0.0
2024-07-05 12:14:00+09:00,7580.0,7580.0,7580.0,7580.0,0,0.0,0.0
2024-07-05 12:16:00+09:00,7570.0,7570.0,7570.0,7570.0,53,0.0,0.0
2024-07-05 12:17:00+09:00,7580.0,7600.0,7580.0,7600.0,0,0.0,0.0
2024-07-05 12:18:00+09:00,7580.0,7600.0,7560.0,7600.0,198,0.0,0.0
2024-07-05 12:20:00+09:00,7580.0,7580.0,7580.0,7580.0,26,0.0,0.0
2024-07-05 12:32:00+09:00,7570.0,7570.0,7550.0,7550.0,633,0.0,0.0
2024-07-05 12:35:00+09:00,7540.0,7560.0,7540.0,7560.0,0,0.0,0.0
2024-07-05 12:36:00+09:00,7560.0,7590.0,7560.0,7590.0,33,0.0,0.0
2024-07-05 12:37:00+09:00,7580.0,7580.0,7580.0,7580.0,2,0.0,0.0
2024-07-05 12:38:00+09:00,7560.0,7560.0,7530.0,7530.0,375,0.0,0.0
2024-07-05 12:39:00+09:00,7560.0,7560.0,7560.0,7560.0,0,0.0,0.0
2024-07-05 12:40:00+09:00,7560.0,7570.0,7560.0,7570.0,10,0.0,0.0
2024-07-05 12:41:00+09:00,7550.0,7560.0,7550.0,7560.0,101,0.0,0.0
2024-07-05 12:44:00+09:00,7540.0,7540.0,7540.0,7540.0,199,0.0,0.0
2024-07-05 12:46:00+09:00,7560.0,7560.0,7560.0,7560.0,0,0.0,0.0
2024-07-05 12:47:00+09:00,7560.0,7560.0,7560.0,7560.0,1,0.0,0.0
2024-07-05 12:49:00+09:00,7560.0,7570.0,7560.0,7570.0,21,0.0,0.0
2024-07-05 12:51:00+09:00,7550.0,7550.0,7530.0,7530.0,569,0.0,0.0
2024-07-05 12:52:00+09:00,7530.0,7530.0,7530.0,7530.0,1,0.0,0.0
2024-07-05 12:53:00+09:00,7540.0,7540.0,7530.0,7530.0,3,0.0,0.0
2024-07-05 12:55:00+09:00,7540.0,7550.0,7540.0,7550.0,9,0.0,0.0
2024-07-05 12:56:00+09:00,7540.0,7540.0,7540.0,7540.0,0,0.0,0.0
2024-07-05 12:58:00+09:00,7550.0,7560.0,7550.0,7560.0,23,0.0,0.0
2024-07-05 13:00:00+09:00,7550.0,7580.0,7540.0,7540.0,27,0.0,0.0
2024-07-05 13:02:00+09:00,7540.0,7540.0,7540.0,7540.0,13,0.0,0.0
2024-07-05 13:03:00+09:00,7550.0,7570.0,7550.0,7560.0,2,0.0,0.0
2024-07-05 13:06:00+09:00,7550.0,7570.0,7550.0,7570.0,1,0.0,0.0
2024-07-05 13:07:00+09:00,7550.0,7570.0,7550.0,7570.0,2,0.0,0.0
2024-07-05 13:15:00+09:00,7540.0,7540.0,7520.0,7520.0,1631,0.0,0.0
2024-07-05 13:16:00+09:00,7520.0,7530.0,7510.0,7530.0,567,0.0,0.0
2024-07-05 13:17:00+09:00,7520.0,7550.0,7510.0,7550.0,1043,0.0,0.0
2024-07-05 13:18:00+09:00,7520.0,7580.0,7520.0,7560.0,93,0.0,0.0
2024-07-05 13:20:00+09:00,7520.0,7520.0,7510.0,7510.0,239,0.0,0.0
2024-07-05 13:21:00+09:00,7540.0,7550.0,7540.0,7550.0,0,0.0,0.0
2024-07-05 13:24:00+09:00,7510.0,7510.0,7510.0,7510.0,908,0.0,0.0
2024-07-05 13:25:00+09:00,7530.0,7540.0,7500.0,7500.0,0,0.0,0.0
2024-07-05 13:26:00+09:00,7510.0,7540.0,7510.0,7540.0,102,0.0,0.0
2024-07-05 13:27:00+09:00,7530.0,7540.0,7530.0,7540.0,2,0.0,0.0
2024-07-05 13:29:00+09:00,7530.0,7530.0,7530.0,7530.0,8,0.0,0.0
2024-07-05 13:30:00+09:00,7510.0,7510.0,7510.0,7510.0,91,0.0,0.0
2024-07-05 13:34:00+09:00,7510.0,7510.0,7500.0,7500.0,62,0.0,0.0
2024-07-05 13:36:00+09:00,7530.0,7580.0,7530.0,7580.0,542,0.0,0.0
2024-07-05 13:37:00+09:00,7580.0,7580.0,7580.0,7580.0,49,0.0,0.0
2024-07-05 13:39:00+09:00,7580.0,7580.0,7580.0,7580.0,2,0.0,0.0
2024-07-05 13:44:00+09:00,7560.0,7560.0,7560.0,7560.0,6,0.0,0.0
2024-07-05 13:45:00+09:00,7560.0,7560.0,7550.0,7550.0,20,0.0,0.0
2024-07-05 13:48:00+09:00,7540.0,7540.0,7540.0,7540.0,0,0.0,0.0
2024-07-05 13:49:00+09:00,7550.0,7550.0,7550.0,7550.0,1,0.0,0.0
2024-07-05 13:54:00+09:00,7550.0,7550.0,7550.0,7550.0,1,0.0,0.0
2024-07-05 13:55:00+09:00,7560.0,7580.0,7560.0,7580.0,17,0.0,0.0
2024-07-05 13:57:00+09:00,7570.0,7570.0,7570.0,7570.0,1,0.0,0.0
2024-07-05 13:58:00+09:00,7560.0,7580.0,7560.0,7580.0,57,0.0,0.0
2024-07-05 13:59:00+09:00,7580.0,7580.0,7510.0,7580.0,440,0.0,0.0
2024-07-05 14:00:00+09:00,7580.0,7580.0,7510.0,7570.0,221,0.0,0.0
2024-07-05 14:04:00+09:00,7550.0,7550.0,7550.0,7550.0,1,0.0,0.0
2024-07-05 14:05:00+09:00,7540.0,7570.0,7530.0,7570.0,91,0.0,0.0
2024-07-05 14:06:00+09:00,7560.0,7560.0,7560.0,7560.0,1,0.0,0.0
2024-07-05 14:08:00+09:00,7540.0,7560.0,7540.0,7560.0,51,0.0,0.0
2024-07-05 14:22:00+09:00,7550.0,7550.0,7550.0,7550.0,4,0.0,0.0
2024-07-05 14:23:00+09:00,7550.0,7570.0,7550.0,7570.0,22,0.0,0.0
2024-07-05 14:24:00+09:00,7550.0,7570.0,7550.0,7570.0,2,0.0,0.0
2024-07-05 14:29:00+09:00,7530.0,7530.0,7530.0,7530.0,107,0.0,0.0
2024-07-05 14:31:00+09:00,7550.0,7560.0,7550.0,7560.0,240,0.0,0.0
2024-07-05 14:34:00+09:00,7520.0,7520.0,7520.0,7520.0,255,0.0,0.0
2024-07-05 14:35:00+09:00,7520.0,7540.0,7520.0,7520.0,0,0.0,0.0
2024-07-05 14:37:00+09:00,7550.0,7680.0,7550.0,7680.0,2019,0.0,0.0
2024-07-05 14:38:00+09:00,7660.0,7680.0,7640.0,7640.0,49,0.0,0.0
2024-07-05 14:39:00+09:00,7580.0,7650.0,7580.0,7580.0,192,0.0,0.0
2024-07-05 14:40:00+09:00,7580.0,7650.0,7580.0,7650.0,76,0.0,0.0
2024-07-05 14:41:00+09:00,7600.0,7700.0,7600.0,7700.0,1142,0.0,0.0
2024-07-05 14:42:00+09:00,7690.0,7690.0,7690.0,7690.0,3,0.0,0.0
2024-07-05 14:44:00+09:00,7670.0,7690.0,7670.0,7690.0,1184,0.0,0.0
2024-07-05 14:45:00+09:00,7690.0,7690.0,7690.0,7690.0,0,0.0,0.0
2024-07-05 14:47:00+09:00,7680.0,7680.0,7680.0,7680.0,0,0.0,0.0
2024-07-05 14:48:00+09:00,7680.0,7680.0,7680.0,7680.0,19,0.0,0.0
2024-07-05 14:49:00+09:00,7680.0,7680.0,7630.0,7630.0,159,0.0,0.0
2024-07-05 14:50:00+09:00,7630.0,7680.0,7630.0,7680.0,0,0.0,0.0
2024-07-05 14:51:00+09:00,7680.0,7680.0,7680.0,7680.0,1,0.0,0.0
2024-07-05 14:52:00+09:00,7640.0,7680.0,7630.0,7640.0,94,0.0,0.0
2024-07-05 14:53:00+09:00,7670.0,7670.0,7620.0,7620.0,197,0.0,0.0
2024-07-05 14:56:00+09:00,7640.0,7640.0,7640.0,7640.0,1,0.0,0.0
2024-07-05 14:57:00+09:00,7610.0,7610.0,7590.0,7590.0,243,0.0,0.0
