Datetime,Open,High,Low,Close,Volume,Dividends,Stock Splits
2023-05-23 09:30:00-04:00,0.30000001192092896,0.30000001192092896,0.28760001063346863,0.2964000105857849,285793,0.0,0.0
2023-05-23 10:30:00-04:00,0.2964000105857849,0.2974500060081482,0.29179999232292175,0.2974500060081482,247165,0.0,0.0
2023-05-23 11:30:00-04:00,0.2973000109195709,0.29840001463890076,0.2971000075340271,0.29760000109672546,38149,0.0,0.0
2023-05-23 12:30:00-04:00,0.29794999957084656,0.29840001463890076,0.29100099205970764,0.29660001397132874,31274,0.0,0.0
2023-05-23 13:30:00-04:00,0.29429998993873596,0.29655399918556213,0.2919999957084656,0.2921000123023987,18976,0.0,0.0
2023-05-23 14:30:00-04:00,0.29670000076293945,0.30000001192092896,0.29260000586509705,0.29989999532699585,103728,0.0,0.0
2023-05-23 15:30:00-04:00,0.2971999943256378,0.30000001192092896,0.2971999943256378,0.29739999771118164,0,0.0,0.0
2023-05-24 09:30:00-04:00,0.296999990940094,0.30660000443458557,0.2919999957084656,0.29249998927116394,184229,0.0,0.0
2023-05-24 10:30:00-04:00,0.299699991941452,0.299699991941452,0.28870001435279846,0.28999999165534973,205801,0.0,0.0
2023-05-24 11:30:00-04:00,0.28949999809265137,0.28999999165534973,0.2888000011444092,0.2893500030040741,35832,0.0,0.0
2023-05-24 12:30:00-04:00,0.2893500030040741,0.28949999809265137,0.2849999964237213,0.28519999980926514,165714,0.0,0.0
2023-05-24 13:30:00-04:00,0.28519999980926514,0.28519999980926514,0.2720000147819519,0.2768000066280365,221481,0.0,0.0
2023-05-24 14:30:00-04:00,0.2768000066280365,0.2791000008583069,0.27300000190734863,0.27900001406669617,120136,0.0,0.0
2023-05-24 15:30:00-04:00,0.27900001406669617,0.28600001335144043,0.27900001406669617,0.28600001335144043,43155,0.0,0.0
2023-05-25 09:30:00-04:00,0.28999999165534973,0.2948000133037567,0.28999999165534973,0.29010000824928284,118001,0.0,0.0
2023-05-25 10:30:00-04:00,0.29010000824928284,0.29100000858306885,0.28299999237060547,0.28299999237060547,194826,0.0,0.0
2023-05-25 11:30:00-04:00,0.28299999237060547,0.28299999237060547,0.2770000100135803,0.2770000100135803,130570,0.0,0.0
2023-05-25 12:30:00-04:00,0.27709999680519104,0.27709999680519104,0.27649998664855957,0.27649998664855957,59959,0.0,0.0
2023-05-25 13:30:00-04:00,0.2766000032424927,0.2781989872455597,0.2750000059604645,0.2761000096797943,111948,0.0,0.0
2023-05-25 14:30:00-04:00,0.2761000096797943,0.28060001134872437,0.2759999930858612,0.27619999647140503,63457,0.0,0.0
2023-05-25 15:30:00-04:00,0.28060001134872437,0.28060001134872437,0.2761000096797943,0.2770000100135803,29439,0.0,0.0
2023-05-26 09:30:00-04:00,0.2849999964237213,0.28999999165534973,0.2759999930858612,0.2800000011920929,239231,0.0,0.0
2023-05-26 10:30:00-04:00,0.2788499891757965,0.2800000011920929,0.2777000069618225,0.27889999747276306,54632,0.0,0.0
2023-05-26 11:30:00-04:00,0.2777999937534332,0.2799000144004822,0.2759999930858612,0.2768000066280365,59137,0.0,0.0
2023-05-26 12:30:00-04:00,0.2797990143299103,0.2800000011920929,0.2768000066280365,0.27950000762939453,31067,0.0,0.0
2023-05-26 13:30:00-04:00,0.27950000762939453,0.27959999442100525,0.27950000762939453,0.27959999442100525,58065,0.0,0.0
2023-05-26 14:30:00-04:00,0.27950000762939453,0.2799000144004822,0.279449999332428,0.2799000144004822,35315,0.0,0.0
2023-05-26 15:30:00-04:00,0.27970001101493835,0.2800000011920929,0.27799999713897705,0.27900001406669617,39635,0.0,0.0
2023-05-30 09:30:00-04:00,0.2800000011920929,0.2888000011444092,0.27810001373291016,0.2800000011920929,180255,0.0,0.0
2023-05-30 10:30:00-04:00,0.2800000011920929,0.2800999879837036,0.2750000059604645,0.2784999907016754,57088,0.0,0.0
2023-05-30 11:30:00-04:00,0.2775999903678894,0.2799000144004822,0.2770000100135803,0.2770000100135803,90110,0.0,0.0
2023-05-30 12:30:00-04:00,0.2799000144004822,0.2799000144004822,0.2750000059604645,0.2765499949455261,121889,0.0,0.0
2023-05-30 13:30:00-04:00,0.279899001121521,0.2800000011920929,0.2759999930858612,0.2800000011920929,111980,0.0,0.0
2023-05-30 14:30:00-04:00,0.2800000011920929,0.2849999964237213,0.27959999442100525,0.2849999964237213,109911,0.0,0.0
2023-05-30 15:30:00-04:00,0.2849999964237213,0.2849999964237213,0.2800000011920929,0.2849999964237213,0,0.0,0.0
2023-05-31 09:30:00-04:00,0.28029999136924744,0.28949999809265137,0.2800999879837036,0.2859500050544739,74986,0.0,0.0
2023-05-31 10:30:00-04:00,0.2859500050544739,0.2888000011444092,0.2791999876499176,0.28850001096725464,32113,0.0,0.0
2023-05-31 11:30:00-04:00,0.28610101342201233,0.2888000011444092,0.2849999964237213,0.2868500053882599,54721,0.0,0.0
2023-05-31 12:30:00-04:00,0.2849999964237213,0.28850001096725464,0.2849999964237213,0.2849999964237213,15180,0.0,0.0
2023-05-31 13:30:00-04:00,0.2883000075817108,0.3199999928474426,0.285398006439209,0.30000001192092896,277375,0.0,0.0
2023-05-31 14:30:00-04:00,0.31279999017715454,0.31279999017715454,0.2962999939918518,0.30979999899864197,144547,0.0,0.0
2023-05-31 15:30:00-04:00,0.3050999939441681,0.3085100054740906,0.2937999963760376,0.30000001192092896,84116,0.0,0.0
2023-06-01 09:30:00-04:00,0.3100000023841858,0.3100000023841858,0.28999999165534973,0.2989000082015991,144380,0.0,0.0
2023-06-01 10:30:00-04:00,0.2996000051498413,0.3100000023841858,0.29945001006126404,0.3100000023841858,147020,0.0,0.0
2023-06-01 11:30:00-04:00,0.3093999922275543,0.3400000035762787,0.30160000920295715,0.32910001277923584,528944,0.0,0.0
2023-06-01 12:30:00-04:00,0.32910001277923584,0.3294000029563904,0.3199999928474426,0.32510000467300415,58370,0.0,0.0
2023-06-01 13:30:00-04:00,0.3264999985694885,0.3294999897480011,0.3199999928474426,0.3199999928474426,217992,0.0,0.0
2023-06-01 14:30:00-04:00,0.3203999996185303,0.3249000012874603,0.3100000023841858,0.3154999911785126,92175,0.0,0.0
2023-06-01 15:30:00-04:00,0.3136500120162964,0.3154999911785126,0.3111000061035156,0.31380000710487366,39893,0.0,0.0
2023-06-02 09:30:00-04:00,0.3296999931335449,0.3296999931335449,0.3100999891757965,0.31060001254081726,128594,0.0,0.0
2023-06-02 10:30:00-04:00,0.31049999594688416,0.31060001254081726,0.3100000023841858,0.3100000023841858,23607,0.0,0.0
2023-06-02 11:30:00-04:00,0.3100000023841858,0.31060001254081726,0.30000001192092896,0.30379998683929443,72515,0.0,0.0
2023-06-02 12:30:00-04:00,0.30390000343322754,0.3199999928474426,0.30059999227523804,0.3149999976158142,160110,0.0,0.0
2023-06-02 13:30:00-04:00,0.3199999928474426,0.3199999928474426,0.3018999993801117,0.3057999908924103,68714,0.0,0.0
2023-06-02 14:30:00-04:00,0.3052999973297119,0.33000001311302185,0.30160000920295715,0.3059999942779541,219329,0.0,0.0
2023-06-02 15:30:00-04:00,0.31029999256134033,0.3195990025997162,0.3061000108718872,0.31029999256134033,38070,0.0,0.0
2023-06-05 09:30:00-04:00,0.3100000023841858,0.3400000035762787,0.3100000023841858,0.32510000467300415,215498,0.0,0.0
2023-06-05 10:30:00-04:00,0.32020100951194763,0.3249000012874603,0.3199999928474426,0.3249000012874603,39139,0.0,0.0
2023-06-05 11:30:00-04:00,0.3249000012874603,0.3249000012874603,0.3199999928474426,0.32019999623298645,42110,0.0,0.0
2023-06-05 12:30:00-04:00,0.3199999928474426,0.33980000019073486,0.3100000023841858,0.328000009059906,273707,0.0,0.0
2023-06-05 13:30:00-04:00,0.3240000009536743,0.32749998569488525,0.3199999928474426,0.3271999955177307,38973,0.0,0.0
2023-06-05 14:30:00-04:00,0.32749998569488525,0.32749998569488525,0.31200000643730164,0.3174999952316284,96044,0.0,0.0
2023-06-05 15:30:00-04:00,0.3174999952316284,0.3240000009536743,0.3174999952316284,0.3174999952316284,13267,0.0,0.0
2023-06-06 09:30:00-04:00,0.3174999952316284,0.32509899139404297,0.3100000023841858,0.3100000023841858,50288,0.0,0.0
2023-06-06 10:30:00-04:00,0.3100000023841858,0.3147999942302704,0.3100000023841858,0.3100000023841858,47428,0.0,0.0
2023-06-06 11:30:00-04:00,0.3100000023841858,0.3115989863872528,0.3010860085487366,0.3037000000476837,121479,0.0,0.0
2023-06-06 12:30:00-04:00,0.30399999022483826,0.30469998717308044,0.30399999022483826,0.30399999022483826,24880,0.0,0.0
2023-06-06 13:30:00-04:00,0.30399999022483826,0.30959999561309814,0.302700012922287,0.305400013923645,46506,0.0,0.0
2023-06-06 14:30:00-04:00,0.306659996509552,0.3100000023841858,0.30410000681877136,0.3052000105381012,103458,0.0,0.0
2023-06-06 15:30:00-04:00,0.3050999939441681,0.30970001220703125,0.3050000071525574,0.3050000071525574,0,0.0,0.0
2023-06-07 09:30:00-04:00,0.30000001192092896,0.3167000114917755,0.30000001192092896,0.3075999915599823,102755,0.0,0.0
2023-06-07 10:30:00-04:00,0.30630001425743103,0.3077000081539154,0.30309998989105225,0.3077000081539154,70332,0.0,0.0
2023-06-07 11:30:00-04:00,0.3077000081539154,0.3100000023841858,0.30309998989105225,0.3043999969959259,70409,0.0,0.0
2023-06-07 12:30:00-04:00,0.304500013589859,0.304500013589859,0.30059999227523804,0.3019999861717224,38634,0.0,0.0
2023-06-07 13:30:00-04:00,0.3019999861717224,0.3019999861717224,0.3018999993801117,0.3019999861717224,20614,0.0,0.0
2023-06-07 14:30:00-04:00,0.3018999993801117,0.3019999861717224,0.30000001192092896,0.30000001192092896,79620,0.0,0.0
2023-06-07 15:30:00-04:00,0.3001999855041504,0.30959999561309814,0.3001999855041504,0.30959999561309814,65049,0.0,0.0
2023-06-08 09:30:00-04:00,0.27000001072883606,0.27140000462532043,0.24819999933242798,0.2556000053882599,2238467,0.0,0.0
2023-06-08 10:30:00-04:00,0.2549999952316284,0.26969999074935913,0.25200000405311584,0.260699987411499,639154,0.0,0.0
2023-06-08 11:30:00-04:00,0.260699987411499,0.26269999146461487,0.25200000405311584,0.2522999942302704,311503,0.0,0.0
2023-06-08 12:30:00-04:00,0.2549999952316284,0.25920000672340393,0.25200000405311584,0.2531999945640564,457761,0.0,0.0
2023-06-08 13:30:00-04:00,0.25325000286102295,0.25699999928474426,0.25200000405311584,0.25209999084472656,331209,0.0,0.0
2023-06-08 14:30:00-04:00,0.25200000405311584,0.25209999084472656,0.25,0.25,319612,0.0,0.0
2023-06-08 15:30:00-04:00,0.25,0.2597000002861023,0.25,0.2572000026702881,709691,0.0,0.0
2023-06-09 09:30:00-04:00,5.039999961853027,5.123600006103516,4.099999904632568,4.119999885559082,141855,0.0,0.0
2023-06-09 10:30:00-04:00,4.117700099945068,4.540999889373779,4.099999904632568,4.256499767303467,94742,0.0,0.0
2023-06-09 11:30:00-04:00,4.25,4.349999904632568,4.110000133514404,4.241099834442139,91000,0.0,0.0
2023-06-09 12:30:00-04:00,4.28000020980835,4.340000152587891,4.170000076293945,4.272299766540527,14875,0.0,0.0
2023-06-09 13:30:00-04:00,4.21999979019165,4.260000228881836,4.110099792480469,4.150000095367432,51165,0.0,0.0
2023-06-09 14:30:00-04:00,4.183899879455566,4.190000057220459,4.050000190734863,4.070000171661377,45247,0.0,0.0
2023-06-09 15:30:00-04:00,4.043099880218506,4.16379976272583,4.0,4.025000095367432,59551,0.0,0.0
2023-06-12 09:30:00-04:00,4.170000076293945,4.380000114440918,4.130000114440918,4.169899940490723,88500,0.0,0.0
2023-06-12 10:30:00-04:00,4.213799953460693,4.230000019073486,4.120100021362305,4.199999809265137,28736,0.0,0.0
2023-06-12 11:30:00-04:00,4.199999809265137,4.199999809265137,4.090000152587891,4.100100040435791,11601,0.0,0.0
2023-06-12 12:30:00-04:00,4.070000171661377,4.070000171661377,4.010000228881836,4.014999866485596,20491,0.0,0.0
2023-06-12 13:30:00-04:00,4.019899845123291,4.019899845123291,3.8550000190734863,3.8550000190734863,101988,0.0,0.0
2023-06-12 14:30:00-04:00,3.8350000381469727,3.839900016784668,3.609999895095825,3.680000066757202,199441,0.0,0.0
2023-06-12 15:30:00-04:00,3.630000114440918,3.75,3.5801000595092773,3.6500000953674316,51695,0.0,0.0
2023-06-13 09:30:00-04:00,3.7799999713897705,3.9600000381469727,3.7300000190734863,3.869999885559082,85903,0.0,0.0
2023-06-13 10:30:00-04:00,3.869999885559082,4.15500020980835,3.8589999675750732,4.154200077056885,133545,0.0,0.0
2023-06-13 11:30:00-04:00,4.147299766540527,4.519999980926514,4.120299816131592,4.400000095367432,73336,0.0,0.0
2023-06-13 12:30:00-04:00,4.489999771118164,4.5,4.230000019073486,4.410099983215332,51695,0.0,0.0
2023-06-13 13:30:00-04:00,4.409999847412109,4.489999771118164,3.950000047683716,3.950000047683716,120026,0.0,0.0
2023-06-13 14:30:00-04:00,3.9993999004364014,4.064499855041504,3.759999990463257,3.815000057220459,79598,0.0,0.0
2023-06-13 15:30:00-04:00,3.81820011138916,3.819999933242798,3.5299999713897705,3.549999952316284,138582,0.0,0.0
2023-06-14 09:30:00-04:00,2.7100000381469727,2.740000009536743,2.200000047683716,2.2288999557495117,1359063,0.0,0.0
2023-06-14 10:30:00-04:00,2.2200000286102295,2.3499999046325684,2.200000047683716,2.259999990463257,397798,0.0,0.0
2023-06-14 11:30:00-04:00,2.259999990463257,2.4000000953674316,2.259999990463257,2.369999885559082,207944,0.0,0.0
2023-06-14 12:30:00-04:00,2.369800090789795,2.440000057220459,2.3299999237060547,2.365000009536743,133536,0.0,0.0
2023-06-14 13:30:00-04:00,2.365000009536743,2.4800000190734863,2.3519999980926514,2.4000000953674316,139501,0.0,0.0
2023-06-14 14:30:00-04:00,2.409600019454956,2.559999942779541,2.400099992752075,2.5,189815,0.0,0.0
2023-06-14 15:30:00-04:00,2.5,2.509999990463257,2.4200000762939453,2.4800000190734863,94060,0.0,0.0
2023-06-15 09:30:00-04:00,2.509999990463257,2.5899999141693115,2.4600000381469727,2.559999942779541,138321,0.0,0.0
2023-06-15 10:30:00-04:00,2.565000057220459,2.569999933242798,2.4800000190734863,2.5601000785827637,55563,0.0,0.0
2023-06-15 11:30:00-04:00,2.565000057220459,2.578000068664551,2.5399999618530273,2.559999942779541,39531,0.0,0.0
2023-06-15 12:30:00-04:00,2.565000057220459,2.569999933242798,2.3499999046325684,2.5199999809265137,69912,0.0,0.0
2023-06-15 13:30:00-04:00,2.5199999809265137,2.549999952316284,2.509999990463257,2.5350000858306885,22787,0.0,0.0
2023-06-15 14:30:00-04:00,2.5399999618530273,2.549999952316284,2.4600000381469727,2.5,29839,0.0,0.0
2023-06-15 15:30:00-04:00,2.494999885559082,2.5399999618530273,2.491499900817871,2.5250000953674316,25401,0.0,0.0
2023-06-16 09:30:00-04:00,2.509999990463257,2.509999990463257,2.4200000762939453,2.434999942779541,47844,0.0,0.0
2023-06-16 10:30:00-04:00,2.430000066757202,2.4600000381469727,2.4000000953674316,2.450000047683716,26643,0.0,0.0
2023-06-16 11:30:00-04:00,2.466200113296509,2.490000009536743,2.440000057220459,2.440000057220459,12022,0.0,0.0
2023-06-16 12:30:00-04:00,2.4749999046325684,2.4749999046325684,2.440000057220459,2.440000057220459,6321,0.0,0.0
2023-06-16 13:30:00-04:00,2.4484000205993652,2.4600000381469727,2.369999885559082,2.434999942779541,18952,0.0,0.0
2023-06-16 14:30:00-04:00,2.450000047683716,2.450000047683716,2.4000000953674316,2.4189000129699707,9275,0.0,0.0
2023-06-16 15:30:00-04:00,2.418299913406372,2.440000057220459,2.380000114440918,2.4000000953674316,41931,0.0,0.0
2023-06-20 09:30:00-04:00,2.380000114440918,2.398200035095215,2.1008999347686768,2.198699951171875,151276,0.0,0.0
2023-06-20 10:30:00-04:00,2.190000057220459,2.2399001121520996,2.1649999618530273,2.2200000286102295,39441,0.0,0.0
2023-06-20 11:30:00-04:00,2.2298998832702637,2.2298998832702637,2.200000047683716,2.2200000286102295,34635,0.0,0.0
2023-06-20 12:30:00-04:00,2.200000047683716,2.240000009536743,2.200000047683716,2.240000009536743,29886,0.0,0.0
2023-06-20 13:30:00-04:00,2.2300000190734863,2.240000009536743,2.200000047683716,2.201900005340576,45506,0.0,0.0
2023-06-20 14:30:00-04:00,2.2030999660491943,2.2160000801086426,2.1500000953674316,2.1700000762939453,15518,0.0,0.0
2023-06-20 15:30:00-04:00,2.1600000858306885,2.1691999435424805,2.130000114440918,2.134999990463257,9349,0.0,0.0
2023-06-21 09:30:00-04:00,2.2200000286102295,2.244999885559082,2.180000066757202,2.180000066757202,50510,0.0,0.0
2023-06-21 10:30:00-04:00,2.184999942779541,2.2899999618530273,2.180000066757202,2.2699999809265137,45911,0.0,0.0
2023-06-21 11:30:00-04:00,2.2799999713897705,2.2799999713897705,2.2200000286102295,2.2323999404907227,20512,0.0,0.0
2023-06-21 12:30:00-04:00,2.2520999908447266,2.2699999809265137,2.2520999908447266,2.259999990463257,18060,0.0,0.0
2023-06-21 13:30:00-04:00,2.2699999809265137,2.2899999618530273,2.259999990463257,2.2788000106811523,16645,0.0,0.0
2023-06-21 14:30:00-04:00,2.2699999809265137,2.2799999713897705,2.2699999809265137,2.2799999713897705,12349,0.0,0.0
2023-06-21 15:30:00-04:00,2.2699999809265137,2.2899999618530273,2.259999990463257,2.2899999618530273,23604,0.0,0.0
2023-06-22 09:30:00-04:00,2.3499999046325684,2.3499999046325684,2.25,2.309999942779541,47290,0.0,0.0
2023-06-22 10:30:00-04:00,2.319999933242798,2.339900016784668,2.25,2.315000057220459,21775,0.0,0.0
2023-06-22 11:30:00-04:00,2.305000066757202,2.3399999141693115,2.299999952316284,2.319999933242798,13668,0.0,0.0
2023-06-22 12:30:00-04:00,2.319999933242798,2.3299999237060547,2.259999990463257,2.2799999713897705,11063,0.0,0.0
2023-06-22 13:30:00-04:00,2.2799999713897705,2.3299999237060547,2.2750000953674316,2.299999952316284,6328,0.0,0.0
2023-06-22 14:30:00-04:00,2.305000066757202,2.3399999141693115,2.2699999809265137,2.2899999618530273,47045,0.0,0.0
2023-06-22 15:30:00-04:00,2.2899999618530273,2.309999942779541,2.2701001167297363,2.2899999618530273,17131,0.0,0.0
2023-06-23 09:30:00-04:00,2.309999942779541,2.3280999660491943,2.2699999809265137,2.2699999809265137,23305,0.0,0.0
2023-06-23 10:30:00-04:00,2.2699999809265137,2.2980000972747803,2.2100000381469727,2.2249999046325684,20518,0.0,0.0
2023-06-23 11:30:00-04:00,2.2300000190734863,2.2300000190734863,2.1631999015808105,2.1700000762939453,20658,0.0,0.0
2023-06-23 12:30:00-04:00,2.180000066757202,2.2100000381469727,2.180000066757202,2.200000047683716,21488,0.0,0.0
2023-06-23 13:30:00-04:00,2.190000057220459,2.200000047683716,2.119999885559082,2.1700000762939453,29919,0.0,0.0
2023-06-23 14:30:00-04:00,2.180000066757202,2.190000057220459,2.1500000953674316,2.1679999828338623,9475,0.0,0.0
2023-06-23 15:30:00-04:00,2.1700000762939453,2.1700000762939453,2.0999999046325684,2.0999999046325684,27015,0.0,0.0
2023-06-26 09:30:00-04:00,2.130000114440918,2.240000009536743,2.130000114440918,2.140000104904175,33650,0.0,0.0
2023-06-26 10:30:00-04:00,2.1500000953674316,2.200000047683716,2.0999999046325684,2.0999999046325684,24261,0.0,0.0
2023-06-26 11:30:00-04:00,2.109999895095825,2.130000114440918,2.0799999237060547,2.0996999740600586,20975,0.0,0.0
2023-06-26 12:30:00-04:00,2.0999999046325684,2.0999999046325684,2.059999942779541,2.0713999271392822,12030,0.0,0.0
2023-06-26 13:30:00-04:00,2.0799999237060547,2.0899999141693115,2.059999942779541,2.069999933242798,12805,0.0,0.0
2023-06-26 14:30:00-04:00,2.071000099182129,2.130000114440918,2.0199999809265137,2.109999895095825,49865,0.0,0.0
2023-06-26 15:30:00-04:00,2.109999895095825,2.130000114440918,2.0399999618530273,2.059999942779541,14584,0.0,0.0
2023-06-27 09:30:00-04:00,2.130000114440918,2.130000114440918,2.069999933242798,2.0899999141693115,29651,0.0,0.0
2023-06-27 10:30:00-04:00,2.0899999141693115,2.1098999977111816,2.053299903869629,2.0999999046325684,7272,0.0,0.0
2023-06-27 11:30:00-04:00,2.109999895095825,2.109999895095825,2.0299999713897705,2.059999942779541,8799,0.0,0.0
2023-06-27 12:30:00-04:00,2.059999942779541,2.119999885559082,2.059999942779541,2.106100082397461,8765,0.0,0.0
2023-06-27 13:30:00-04:00,2.12719988822937,2.129499912261963,2.109999895095825,2.119999885559082,8280,0.0,0.0
2023-06-27 14:30:00-04:00,2.130000114440918,2.1700000762939453,2.130000114440918,2.149899959564209,14643,0.0,0.0
2023-06-27 15:30:00-04:00,2.130000114440918,2.1600000858306885,2.130000114440918,2.1449999809265137,5651,0.0,0.0
2023-06-28 09:30:00-04:00,2.140000104904175,2.240000009536743,2.125,2.2209999561309814,41890,0.0,0.0
2023-06-28 10:30:00-04:00,2.2599000930786133,2.2799999713897705,2.1600000858306885,2.190000057220459,27628,0.0,0.0
2023-06-28 11:30:00-04:00,2.184999942779541,2.184999942779541,2.119999885559082,2.1600000858306885,22093,0.0,0.0
2023-06-28 12:30:00-04:00,2.1600000858306885,2.2149999141693115,2.140000104904175,2.2149999141693115,7481,0.0,0.0
2023-06-28 13:30:00-04:00,2.200000047683716,2.25,2.200000047683716,2.2200000286102295,22064,0.0,0.0
2023-06-28 14:30:00-04:00,2.2200000286102295,2.240000009536743,2.200000047683716,2.2100000381469727,30687,0.0,0.0
2023-06-28 15:30:00-04:00,2.2118000984191895,2.2799999713897705,2.200000047683716,2.2100000381469727,37749,0.0,0.0
2023-06-29 09:30:00-04:00,2.2699999809265137,2.3399999141693115,2.240000009536743,2.3399999141693115,40532,0.0,0.0
2023-06-29 10:30:00-04:00,2.309999942779541,2.309999942779541,2.200000047683716,2.2269999980926514,43756,0.0,0.0
2023-06-29 11:30:00-04:00,2.2295000553131104,2.25,2.2100000381469727,2.234999895095825,4713,0.0,0.0
2023-06-29 12:30:00-04:00,2.243299961090088,2.25,2.2300000190734863,2.25,9549,0.0,0.0
2023-06-29 13:30:00-04:00,2.244999885559082,2.2499001026153564,2.2100000381469727,2.2100000381469727,10704,0.0,0.0
2023-06-29 14:30:00-04:00,2.2385001182556152,2.2850000858306885,2.2200000286102295,2.2699999809265137,13357,0.0,0.0
2023-06-29 15:30:00-04:00,2.259999990463257,2.2699999809265137,2.2300000190734863,2.2699999809265137,29387,0.0,0.0
2023-06-30 09:30:00-04:00,2.009999990463257,2.069999933242798,1.8113000392913818,1.892300009727478,440169,0.0,0.0
2023-06-30 10:30:00-04:00,1.875,1.9299999475479126,1.875,1.9149999618530273,63883,0.0,0.0
2023-06-30 11:30:00-04:00,1.9140000343322754,1.9700000286102295,1.8899999856948853,1.9078999757766724,61732,0.0,0.0
2023-06-30 12:30:00-04:00,1.909999966621399,1.9500000476837158,1.899999976158142,1.9200999736785889,30295,0.0,0.0
2023-06-30 13:30:00-04:00,1.9199999570846558,1.9700000286102295,1.9110000133514404,1.9214999675750732,27064,0.0,0.0
2023-06-30 14:30:00-04:00,1.9200999736785889,1.9299999475479126,1.910099983215332,1.9199999570846558,32842,0.0,0.0
2023-06-30 15:30:00-04:00,1.9199999570846558,1.9220999479293823,1.899999976158142,1.9098999500274658,17545,0.0,0.0
2023-07-03 09:30:00-04:00,1.850000023841858,1.899999976158142,1.850000023841858,1.888800024986267,60687,0.0,0.0
2023-07-03 10:30:00-04:00,1.8832000494003296,1.899999976158142,1.850000023841858,1.875,56021,0.0,0.0
2023-07-03 11:30:00-04:00,1.8724000453948975,1.8903000354766846,1.8600000143051147,1.8605999946594238,16270,0.0,0.0
2023-07-05 09:30:00-04:00,1.8200000524520874,1.8300000429153442,1.7690000534057617,1.8014999628067017,47922,0.0,0.0
2023-07-05 10:30:00-04:00,1.7800999879837036,1.7899999618530273,1.6648000478744507,1.7282999753952026,151823,0.0,0.0
2023-07-05 11:30:00-04:00,1.7200000286102295,1.7300000190734863,1.6699999570846558,1.7200000286102295,54747,0.0,0.0
2023-07-05 12:30:00-04:00,1.7200000286102295,1.75,1.7100000381469727,1.7473000288009644,12257,0.0,0.0
2023-07-05 13:30:00-04:00,1.75,1.75,1.7300000190734863,1.75,13430,0.0,0.0
2023-07-05 14:30:00-04:00,1.7450000047683716,1.7899999618530273,1.7200000286102295,1.7400000095367432,50315,0.0,0.0
2023-07-05 15:30:00-04:00,1.7450000047683716,1.75,1.690000057220459,1.690000057220459,47137,0.0,0.0
2023-07-06 09:30:00-04:00,1.7100000381469727,1.7300000190734863,1.6699999570846558,1.6799999475479126,27455,0.0,0.0
2023-07-06 10:30:00-04:00,1.6749999523162842,1.7000000476837158,1.659999966621399,1.684999942779541,40336,0.0,0.0
2023-07-06 11:30:00-04:00,1.667799949645996,1.6950000524520874,1.6200000047683716,1.6370999813079834,33132,0.0,0.0
2023-07-06 12:30:00-04:00,1.6397000551223755,1.6699999570846558,1.600000023841858,1.6399999856948853,23609,0.0,0.0
2023-07-06 13:30:00-04:00,1.6397000551223755,1.6399999856948853,1.600000023841858,1.6200000047683716,31857,0.0,0.0
2023-07-06 14:30:00-04:00,1.617799997329712,1.6200000047683716,1.611199975013733,1.6200000047683716,10081,0.0,0.0
2023-07-06 15:30:00-04:00,1.6100000143051147,1.6200000047683716,1.600000023841858,1.6200000047683716,0,0.0,0.0
2023-07-07 09:30:00-04:00,1.6200000047683716,1.6399999856948853,1.600000023841858,1.6396000385284424,18072,0.0,0.0
2023-07-07 10:30:00-04:00,1.6399999856948853,1.6799999475479126,1.6216000318527222,1.649999976158142,17738,0.0,0.0
2023-07-07 11:30:00-04:00,1.649999976158142,1.6699999570846558,1.649999976158142,1.6699999570846558,17107,0.0,0.0
2023-07-07 12:30:00-04:00,1.6699999570846558,1.6699999570846558,1.600000023841858,1.600000023841858,56502,0.0,0.0
2023-07-07 13:30:00-04:00,1.611299991607666,1.649999976158142,1.611299991607666,1.649999976158142,12388,0.0,0.0
2023-07-07 14:30:00-04:00,1.659999966621399,1.659999966621399,1.600000023841858,1.6200000047683716,10322,0.0,0.0
2023-07-07 15:30:00-04:00,1.6200000047683716,1.6399999856948853,1.6200000047683716,1.6399999856948853,5543,0.0,0.0
2023-07-10 09:30:00-04:00,1.649999976158142,1.6698999404907227,1.600000023841858,1.6152000427246094,16977,0.0,0.0
2023-07-10 10:30:00-04:00,1.611799955368042,1.625,1.5299999713897705,1.565000057220459,38644,0.0,0.0
2023-07-10 11:30:00-04:00,1.5693999528884888,1.5700000524520874,1.5299999713897705,1.5399999618530273,27268,0.0,0.0
2023-07-10 12:30:00-04:00,1.5499999523162842,1.6229000091552734,1.5499999523162842,1.559999942779541,12689,0.0,0.0
2023-07-10 13:30:00-04:00,1.5800000429153442,1.6200000047683716,1.5499999523162842,1.5988999605178833,20121,0.0,0.0
2023-07-10 14:30:00-04:00,1.5700000524520874,1.590000033378601,1.5700000524520874,1.5850000381469727,1357,0.0,0.0
2023-07-10 15:30:00-04:00,1.5872999429702759,1.5872999429702759,1.5299999713897705,1.559999942779541,33473,0.0,0.0
2023-07-11 09:30:00-04:00,1.6200000047683716,1.649999976158142,1.590499997138977,1.600000023841858,55299,0.0,0.0
2023-07-11 10:30:00-04:00,1.5950000286102295,1.6201000213623047,1.5800000429153442,1.5800000429153442,12302,0.0,0.0
2023-07-11 11:30:00-04:00,1.5628000497817993,1.590000033378601,1.5499999523162842,1.5724999904632568,15771,0.0,0.0
2023-07-11 12:30:00-04:00,1.5750000476837158,1.6299999952316284,1.5700000524520874,1.6258000135421753,13252,0.0,0.0
2023-07-11 13:30:00-04:00,1.6100000143051147,1.6200000047683716,1.600000023841858,1.600000023841858,8690,0.0,0.0
2023-07-11 14:30:00-04:00,1.6200000047683716,1.6200000047683716,1.5800000429153442,1.5800000429153442,15724,0.0,0.0
2023-07-11 15:30:00-04:00,1.5800000429153442,1.6100000143051147,1.5700000524520874,1.5700000524520874,8316,0.0,0.0
2023-07-12 09:30:00-04:00,1.6299999952316284,1.649899959564209,1.600000023841858,1.6200000047683716,36334,0.0,0.0
2023-07-12 10:30:00-04:00,1.6299999952316284,1.6399999856948853,1.5800000429153442,1.6057000160217285,26504,0.0,0.0
2023-07-12 11:30:00-04:00,1.5901000499725342,1.6100000143051147,1.5800000429153442,1.590000033378601,12261,0.0,0.0
2023-07-12 12:30:00-04:00,1.600000023841858,1.6200000047683716,1.5499999523162842,1.559999942779541,31800,0.0,0.0
2023-07-12 13:30:00-04:00,1.590000033378601,1.600000023841858,1.5700000524520874,1.5800000429153442,20892,0.0,0.0
2023-07-12 14:30:00-04:00,1.585800051689148,1.590000033378601,1.5299999713897705,1.5505000352859497,26892,0.0,0.0
2023-07-12 15:30:00-04:00,1.5599000453948975,1.5779999494552612,1.5399999618530273,1.5681999921798706,13501,0.0,0.0
2023-07-13 09:30:00-04:00,1.559999942779541,1.5700000524520874,1.5199999809265137,1.567199945449829,26753,0.0,0.0
2023-07-13 10:30:00-04:00,1.559999942779541,1.5800000429153442,1.559999942779541,1.5800000429153442,15983,0.0,0.0
2023-07-13 11:30:00-04:00,1.590000033378601,1.5999000072479248,1.559999942779541,1.5800000429153442,18682,0.0,0.0
2023-07-13 12:30:00-04:00,1.5830999612808228,1.6200000047683716,1.559999942779541,1.5800000429153442,41767,0.0,0.0
2023-07-13 13:30:00-04:00,1.5700000524520874,1.590000033378601,1.5399999618530273,1.5700000524520874,13948,0.0,0.0
2023-07-13 14:30:00-04:00,1.567199945449829,1.5700000524520874,1.5199999809265137,1.5465999841690063,14253,0.0,0.0
2023-07-13 15:30:00-04:00,1.5499000549316406,1.5499999523162842,1.5199999809265137,1.5299999713897705,28084,0.0,0.0
2023-07-14 09:30:00-04:00,1.600000023841858,1.600000023841858,1.5499999523162842,1.5700000524520874,28846,0.0,0.0
2023-07-14 10:30:00-04:00,1.590000033378601,1.590000033378601,1.5099999904632568,1.520900011062622,22511,0.0,0.0
2023-07-14 11:30:00-04:00,1.5299999713897705,1.5599000453948975,1.524999976158142,1.5499999523162842,10153,0.0,0.0
2023-07-14 12:30:00-04:00,1.5399999618530273,1.5399999618530273,1.5299999713897705,1.5399999618530273,9297,0.0,0.0
2023-07-14 13:30:00-04:00,1.5390000343322754,1.5800000429153442,1.5200999975204468,1.5800000429153442,37374,0.0,0.0
2023-07-14 14:30:00-04:00,1.5800000429153442,1.600000023841858,1.5299999713897705,1.5750000476837158,48186,0.0,0.0
2023-07-14 15:30:00-04:00,1.590000033378601,1.6100000143051147,1.5729999542236328,1.5801000595092773,36304,0.0,0.0
2023-07-17 09:30:00-04:00,1.6100000143051147,1.6299999952316284,1.5822999477386475,1.6299999952316284,23896,0.0,0.0
2023-07-17 10:30:00-04:00,1.6200000047683716,1.7400000095367432,1.6200000047683716,1.649999976158142,62108,0.0,0.0
2023-07-17 11:30:00-04:00,1.659999966621399,1.7100000381469727,1.659999966621399,1.7100000381469727,31796,0.0,0.0
2023-07-17 12:30:00-04:00,1.7143000364303589,1.75,1.7094999551773071,1.72160005569458,24051,0.0,0.0
2023-07-17 13:30:00-04:00,1.7101000547409058,1.7400000095367432,1.659999966621399,1.7015999555587769,49675,0.0,0.0
2023-07-17 14:30:00-04:00,1.7100000381469727,1.7200000286102295,1.6816999912261963,1.7063000202178955,17308,0.0,0.0
2023-07-17 15:30:00-04:00,1.6883000135421753,1.690000057220459,1.649999976158142,1.6799999475479126,32216,0.0,0.0
2023-07-18 09:30:00-04:00,1.7000000476837158,1.710800051689148,1.6699999570846558,1.6799999475479126,14015,0.0,0.0
2023-07-18 10:30:00-04:00,1.6799999475479126,1.7000000476837158,1.6699999570846558,1.6990000009536743,17944,0.0,0.0
2023-07-18 11:30:00-04:00,1.6950000524520874,1.7000000476837158,1.6699999570846558,1.6699999570846558,13988,0.0,0.0
2023-07-18 12:30:00-04:00,1.6713000535964966,1.6799999475479126,1.649999976158142,1.659999966621399,2677,0.0,0.0
2023-07-18 13:30:00-04:00,1.6683000326156616,1.7000000476837158,1.6500999927520752,1.6950000524520874,8544,0.0,0.0
2023-07-18 14:30:00-04:00,1.6799999475479126,1.694599986076355,1.649999976158142,1.6899000406265259,6677,0.0,0.0
2023-07-18 15:30:00-04:00,1.6799999475479126,1.6799999475479126,1.655500054359436,1.659999966621399,9968,0.0,0.0
2023-07-19 09:30:00-04:00,1.7000000476837158,1.7000000476837158,1.649999976158142,1.6855000257492065,4929,0.0,0.0
2023-07-19 10:30:00-04:00,1.690000057220459,1.7696000337600708,1.659999966621399,1.7200000286102295,40264,0.0,0.0
2023-07-19 11:30:00-04:00,1.708799958229065,1.7100000381469727,1.690000057220459,1.690000057220459,3975,0.0,0.0
2023-07-19 12:30:00-04:00,1.7100000381469727,1.7100000381469727,1.690000057220459,1.7100000381469727,2678,0.0,0.0
2023-07-19 13:30:00-04:00,1.7050000429153442,1.7050000429153442,1.7000000476837158,1.7000000476837158,3972,0.0,0.0
2023-07-19 14:30:00-04:00,1.7009999752044678,1.7181999683380127,1.649999976158142,1.6699999570846558,13163,0.0,0.0
2023-07-19 15:30:00-04:00,1.695199966430664,1.7000000476837158,1.649999976158142,1.659999966621399,16080,0.0,0.0
2023-07-20 09:30:00-04:00,1.659999966621399,1.7400000095367432,1.649999976158142,1.659999966621399,39506,0.0,0.0
2023-07-20 10:30:00-04:00,1.660099983215332,1.6649999618530273,1.6399999856948853,1.6549999713897705,13514,0.0,0.0
2023-07-20 11:30:00-04:00,1.6572999954223633,1.659999966621399,1.6495000123977661,1.649999976158142,2795,0.0,0.0
2023-07-20 12:30:00-04:00,1.649399995803833,1.649999976158142,1.6399999856948853,1.649999976158142,8016,0.0,0.0
2023-07-20 13:30:00-04:00,1.642199993133545,1.6699999570846558,1.642199993133545,1.6686999797821045,2765,0.0,0.0
2023-07-20 14:30:00-04:00,1.659999966621399,1.6699999570846558,1.649999976158142,1.649999976158142,4382,0.0,0.0
2023-07-20 15:30:00-04:00,1.659500002861023,1.6698999404907227,1.6399999856948853,1.6698999404907227,18566,0.0,0.0
2023-07-21 09:30:00-04:00,1.7000000476837158,1.7000000476837158,1.649999976158142,1.6549999713897705,26608,0.0,0.0
2023-07-21 10:30:00-04:00,1.6589000225067139,1.6699999570846558,1.6500999927520752,1.659999966621399,2954,0.0,0.0
2023-07-21 11:30:00-04:00,1.6512000560760498,1.6699999570846558,1.6512000560760498,1.6593999862670898,5646,0.0,0.0
2023-07-21 12:30:00-04:00,1.659500002861023,1.659999966621399,1.649999976158142,1.649999976158142,3845,0.0,0.0
2023-07-21 13:30:00-04:00,1.649999976158142,1.6549999713897705,1.600000023841858,1.6200000047683716,28662,0.0,0.0
2023-07-21 14:30:00-04:00,1.6299999952316284,1.6299999952316284,1.559999942779541,1.590000033378601,21828,0.0,0.0
2023-07-21 15:30:00-04:00,1.5980000495910645,1.600000023841858,1.5499999523162842,1.600000023841858,23542,0.0,0.0
2023-07-24 09:30:00-04:00,1.6100000143051147,1.6699999570846558,1.5800000429153442,1.649999976158142,78979,0.0,0.0
2023-07-24 10:30:00-04:00,1.6399999856948853,1.649999976158142,1.5800000429153442,1.649999976158142,17479,0.0,0.0
2023-07-24 11:30:00-04:00,1.645799994468689,1.690000057220459,1.6200000047683716,1.659999966621399,29283,0.0,0.0
2023-07-24 12:30:00-04:00,1.659999966621399,1.6847000122070312,1.6200000047683716,1.649999976158142,17632,0.0,0.0
2023-07-24 13:30:00-04:00,1.649999976158142,1.6699999570846558,1.590000033378601,1.6449999809265137,50544,0.0,0.0
2023-07-24 14:30:00-04:00,1.6399999856948853,1.6699999570846558,1.600000023841858,1.6299999952316284,37956,0.0,0.0
2023-07-24 15:30:00-04:00,1.6449999809265137,1.6799999475479126,1.6449999809265137,1.6699999570846558,10950,0.0,0.0
2023-07-25 09:30:00-04:00,1.659999966621399,1.659999966621399,1.6100000143051147,1.6200000047683716,49279,0.0,0.0
2023-07-25 10:30:00-04:00,1.6455999612808228,1.649999976158142,1.6101000308990479,1.6399999856948853,4052,0.0,0.0
2023-07-25 11:30:00-04:00,1.649999976158142,1.649999976158142,1.6100000143051147,1.6399999856948853,6789,0.0,0.0
2023-07-25 12:30:00-04:00,1.6301000118255615,1.6399999856948853,1.590000033378601,1.6399999856948853,6720,0.0,0.0
2023-07-25 13:30:00-04:00,1.6100000143051147,1.6399999856948853,1.6100000143051147,1.6200000047683716,8987,0.0,0.0
2023-07-25 14:30:00-04:00,1.6399999856948853,1.6399999856948853,1.5700000524520874,1.590000033378601,33309,0.0,0.0
2023-07-25 15:30:00-04:00,1.590000033378601,1.6200000047683716,1.5700000524520874,1.5700000524520874,26965,0.0,0.0
2023-07-26 09:30:00-04:00,1.600000023841858,1.6399999856948853,1.5702999830245972,1.600000023841858,25049,0.0,0.0
2023-07-26 10:30:00-04:00,1.590000033378601,1.6176999807357788,1.5499999523162842,1.5997999906539917,28985,0.0,0.0
2023-07-26 11:30:00-04:00,1.5885000228881836,1.590000033378601,1.5608999729156494,1.5887000560760498,5435,0.0,0.0
2023-07-26 12:30:00-04:00,1.5950000286102295,1.5950000286102295,1.559999942779541,1.5750000476837158,9032,0.0,0.0
2023-07-26 13:30:00-04:00,1.5700000524520874,1.5700000524520874,1.4700000286102295,1.5299999713897705,34610,0.0,0.0
2023-07-26 14:30:00-04:00,1.5299999713897705,1.589900016784668,1.5299999713897705,1.5700000524520874,25369,0.0,0.0
2023-07-26 15:30:00-04:00,1.5499999523162842,1.5700000524520874,1.5,1.5549999475479126,29563,0.0,0.0
2023-07-27 09:30:00-04:00,1.5499999523162842,1.5870000123977661,1.5,1.5325000286102295,23183,0.0,0.0
2023-07-27 10:30:00-04:00,1.5499999523162842,1.5911999940872192,1.5499999523162842,1.5499999523162842,17108,0.0,0.0
2023-07-27 11:30:00-04:00,1.589900016784668,1.589900016784668,1.5499999523162842,1.5499999523162842,17336,0.0,0.0
2023-07-27 12:30:00-04:00,1.559999942779541,1.559999942779541,1.5299999713897705,1.5399999618530273,3015,0.0,0.0
2023-07-27 13:30:00-04:00,1.5399999618530273,1.5499999523162842,1.5299999713897705,1.5299999713897705,4900,0.0,0.0
2023-07-27 14:30:00-04:00,1.5299999713897705,1.5299999713897705,1.5099999904632568,1.5099999904632568,13437,0.0,0.0
2023-07-27 15:30:00-04:00,1.523800015449524,1.5299999713897705,1.5099999904632568,1.5299999713897705,7216,0.0,0.0
2023-07-28 09:30:00-04:00,1.5199999809265137,1.5794999599456787,1.5,1.5427000522613525,29832,0.0,0.0
2023-07-28 10:30:00-04:00,1.5499999523162842,1.559999942779541,1.5299999713897705,1.559999942779541,4185,0.0,0.0
2023-07-28 11:30:00-04:00,1.559999942779541,1.5700000524520874,1.5099999904632568,1.5449999570846558,20978,0.0,0.0
2023-07-28 12:30:00-04:00,1.559999942779541,1.5800000429153442,1.5,1.5755000114440918,17148,0.0,0.0
2023-07-28 13:30:00-04:00,1.5549999475479126,1.590000033378601,1.5354000329971313,1.5800000429153442,5225,0.0,0.0
2023-07-28 14:30:00-04:00,1.5800000429153442,1.590000033378601,1.5399999618530273,1.565000057220459,11345,0.0,0.0
2023-07-28 15:30:00-04:00,1.589900016784668,1.590000033378601,1.5499999523162842,1.5700000524520874,5647,0.0,0.0
2023-07-31 09:30:00-04:00,1.5700000524520874,1.600000023841858,1.5700000524520874,1.5800000429153442,4844,0.0,0.0
2023-07-31 10:30:00-04:00,1.600000023841858,1.6200000047683716,1.5831999778747559,1.6200000047683716,8110,0.0,0.0
2023-07-31 11:30:00-04:00,1.590000033378601,1.6200000047683716,1.5800000429153442,1.600000023841858,3297,0.0,0.0
2023-07-31 12:30:00-04:00,1.590000033378601,1.6200000047683716,1.590000033378601,1.600100040435791,7733,0.0,0.0
2023-07-31 13:30:00-04:00,1.6175999641418457,1.649999976158142,1.6100000143051147,1.6399999856948853,5229,0.0,0.0
2023-07-31 14:30:00-04:00,1.631100058555603,1.649999976158142,1.6200000047683716,1.6353000402450562,4468,0.0,0.0
2023-07-31 15:30:00-04:00,1.6399999856948853,1.649999976158142,1.6299999952316284,1.6399999856948853,4418,0.0,0.0
2023-08-01 09:30:00-04:00,1.600000023841858,1.6399999856948853,1.559999942779541,1.6399999856948853,10001,0.0,0.0
2023-08-01 10:30:00-04:00,1.6299999952316284,1.6398999691009521,1.6124999523162842,1.6398999691009521,5951,0.0,0.0
2023-08-01 11:30:00-04:00,1.6399999856948853,1.6649999618530273,1.621399998664856,1.6649999618530273,15411,0.0,0.0
2023-08-01 12:30:00-04:00,1.6649999618530273,1.7000000476837158,1.6399999856948853,1.659999966621399,19697,0.0,0.0
2023-08-01 13:30:00-04:00,1.6449999809265137,1.6578999757766724,1.6449999809265137,1.6549999713897705,4370,0.0,0.0
2023-08-01 14:30:00-04:00,1.6699999570846558,1.7100000381469727,1.6200000047683716,1.6200000047683716,34842,0.0,0.0
2023-08-01 15:30:00-04:00,1.6200000047683716,1.649999976158142,1.6100000143051147,1.6299999952316284,11114,0.0,0.0
2023-08-02 09:30:00-04:00,1.6799999475479126,1.6799999475479126,1.5800000429153442,1.600000023841858,28836,0.0,0.0
2023-08-02 10:30:00-04:00,1.601699948310852,1.6100000143051147,1.5914000272750854,1.5924999713897705,2996,0.0,0.0
2023-08-02 11:30:00-04:00,1.5901999473571777,1.600000023841858,1.5700000524520874,1.5880999565124512,10810,0.0,0.0
2023-08-02 12:30:00-04:00,1.5800000429153442,1.6292999982833862,1.5499999523162842,1.590000033378601,19350,0.0,0.0
2023-08-02 13:30:00-04:00,1.590000033378601,1.6399999856948853,1.590000033378601,1.600000023841858,18539,0.0,0.0
2023-08-02 14:30:00-04:00,1.6019999980926514,1.6299999952316284,1.5700000524520874,1.5800000429153442,15666,0.0,0.0
2023-08-02 15:30:00-04:00,1.5800000429153442,1.590000033378601,1.5499999523162842,1.559999942779541,19663,0.0,0.0
2023-08-03 09:30:00-04:00,1.590000033378601,1.6299999952316284,1.5499999523162842,1.6299999952316284,33818,0.0,0.0
2023-08-03 10:30:00-04:00,1.5800000429153442,1.600000023841858,1.5700000524520874,1.5700000524520874,4254,0.0,0.0
2023-08-03 11:30:00-04:00,1.5800000429153442,1.589900016784668,1.5499999523162842,1.5700000524520874,16706,0.0,0.0
2023-08-03 12:30:00-04:00,1.5700000524520874,1.600000023841858,1.5499999523162842,1.5800000429153442,12513,0.0,0.0
2023-08-03 13:30:00-04:00,1.5800000429153442,1.600000023841858,1.5800000429153442,1.5817999839782715,3695,0.0,0.0
2023-08-03 14:30:00-04:00,1.590000033378601,1.6299999952316284,1.562000036239624,1.572700023651123,47714,0.0,0.0
2023-08-03 15:30:00-04:00,1.5700000524520874,1.600000023841858,1.559999942779541,1.600000023841858,7735,0.0,0.0
2023-08-04 09:30:00-04:00,1.5800000429153442,1.5800000429153442,1.559999942779541,1.559999942779541,12535,0.0,0.0
2023-08-04 10:30:00-04:00,1.5851999521255493,1.600000023841858,1.5700000524520874,1.5708999633789062,9561,0.0,0.0
2023-08-04 11:30:00-04:00,1.5793999433517456,1.5800000429153442,1.5399999618530273,1.5569000244140625,17216,0.0,0.0
2023-08-04 12:30:00-04:00,1.5399999618530273,1.5499999523162842,1.4880000352859497,1.5299999713897705,41370,0.0,0.0
2023-08-04 13:30:00-04:00,1.5399999618530273,1.5449999570846558,1.5,1.5399999618530273,17348,0.0,0.0
2023-08-04 14:30:00-04:00,1.5299999713897705,1.5299999713897705,1.4900000095367432,1.4900000095367432,23524,0.0,0.0
2023-08-04 15:30:00-04:00,1.4900000095367432,1.5082000494003296,1.440000057220459,1.4700000286102295,20777,0.0,0.0
2023-08-07 09:30:00-04:00,1.4700000286102295,1.5199999809265137,1.4199999570846558,1.440000057220459,35924,0.0,0.0
2023-08-07 10:30:00-04:00,1.4299999475479126,1.4600000381469727,1.4000999927520752,1.4299999475479126,80049,0.0,0.0
2023-08-07 11:30:00-04:00,1.440000057220459,1.440000057220459,1.4299999475479126,1.4388999938964844,9809,0.0,0.0
2023-08-07 12:30:00-04:00,1.4299999475479126,1.4500000476837158,1.4199999570846558,1.440000057220459,24723,0.0,0.0
2023-08-07 13:30:00-04:00,1.4299999475479126,1.4345999956130981,1.3899999856948853,1.4149999618530273,16396,0.0,0.0
2023-08-07 14:30:00-04:00,1.409999966621399,1.409999966621399,1.3899999856948853,1.398800015449524,21057,0.0,0.0
2023-08-07 15:30:00-04:00,1.399899959564209,1.4098999500274658,1.3600000143051147,1.3899999856948853,14132,0.0,0.0
2023-08-08 09:30:00-04:00,1.3799999952316284,1.4299999475479126,1.3700000047683716,1.399999976158142,49130,0.0,0.0
2023-08-08 10:30:00-04:00,1.399999976158142,1.4600000381469727,1.3799999952316284,1.438599944114685,89907,0.0,0.0
2023-08-08 11:30:00-04:00,1.440000057220459,1.440000057220459,1.409999966621399,1.4299999475479126,1213,0.0,0.0
2023-08-08 12:30:00-04:00,1.423200011253357,1.4615999460220337,1.4199999570846558,1.4615999460220337,14247,0.0,0.0
2023-08-08 13:30:00-04:00,1.4386999607086182,1.464900016784668,1.409999966621399,1.409999966621399,7824,0.0,0.0
2023-08-08 14:30:00-04:00,1.4299999475479126,1.440000057220459,1.3899999856948853,1.4299999475479126,6968,0.0,0.0
2023-08-08 15:30:00-04:00,1.409999966621399,1.409999966621399,1.3799999952316284,1.3799999952316284,51452,0.0,0.0
2023-08-09 09:30:00-04:00,1.399999976158142,1.399999976158142,1.3600000143051147,1.3899999856948853,23765,0.0,0.0
2023-08-09 10:30:00-04:00,1.3899999856948853,1.3899999856948853,1.3600000143051147,1.3600000143051147,10350,0.0,0.0
2023-08-09 11:30:00-04:00,1.3799999952316284,1.3899999856948853,1.3600000143051147,1.3899999856948853,4456,0.0,0.0
2023-08-09 12:30:00-04:00,1.3705999851226807,1.3705999851226807,1.3609999418258667,1.3619999885559082,1906,0.0,0.0
2023-08-09 13:30:00-04:00,1.3700000047683716,1.3799999952316284,1.3200000524520874,1.3700000047683716,31598,0.0,0.0
2023-08-09 14:30:00-04:00,1.3550000190734863,1.3700000047683716,1.3550000190734863,1.3600000143051147,4799,0.0,0.0
2023-08-09 15:30:00-04:00,1.350000023841858,1.350000023841858,1.2699999809265137,1.2899999618530273,76679,0.0,0.0
2023-08-10 09:30:00-04:00,1.309999942779541,1.309999942779541,1.2588000297546387,1.2899999618530273,44487,0.0,0.0
2023-08-10 10:30:00-04:00,1.2926000356674194,1.309999942779541,1.2899999618530273,1.298799991607666,5315,0.0,0.0
2023-08-10 11:30:00-04:00,1.2949999570846558,1.2999999523162842,1.2400000095367432,1.2788000106811523,24288,0.0,0.0
2023-08-10 12:30:00-04:00,1.2798999547958374,1.2798999547958374,1.25,1.2699999809265137,4884,0.0,0.0
2023-08-10 13:30:00-04:00,1.2503000497817993,1.2599999904632568,1.2100000381469727,1.25,29044,0.0,0.0
2023-08-10 14:30:00-04:00,1.2400000095367432,1.2479000091552734,1.2300000190734863,1.2400000095367432,5842,0.0,0.0
2023-08-10 15:30:00-04:00,1.2400000095367432,1.2400000095367432,1.2000000476837158,1.2200000286102295,52599,0.0,0.0
2023-08-11 09:30:00-04:00,1.2000000476837158,1.2200000286102295,1.1799999475479126,1.2187000513076782,49693,0.0,0.0
2023-08-11 10:30:00-04:00,1.2180999517440796,1.2400000095367432,1.2000000476837158,1.225000023841858,12977,0.0,0.0
2023-08-11 11:30:00-04:00,1.225000023841858,1.2300000190734863,1.2115000486373901,1.2200000286102295,6891,0.0,0.0
2023-08-11 12:30:00-04:00,1.2200000286102295,1.2699999809265137,1.2200000286102295,1.2300000190734863,25406,0.0,0.0
2023-08-11 13:30:00-04:00,1.242400050163269,1.2799999713897705,1.242400050163269,1.2649999856948853,8413,0.0,0.0
2023-08-11 14:30:00-04:00,1.2799999713897705,1.2799999713897705,1.2400000095367432,1.2613999843597412,8999,0.0,0.0
2023-08-11 15:30:00-04:00,1.2788000106811523,1.2899999618530273,1.2599999904632568,1.2699999809265137,12493,0.0,0.0
2023-08-14 09:30:00-04:00,1.2999999523162842,1.2999999523162842,1.25,1.25,12388,0.0,0.0
2023-08-14 10:30:00-04:00,1.2999000549316406,1.2999000549316406,1.2200000286102295,1.2300000190734863,37367,0.0,0.0
2023-08-14 11:30:00-04:00,1.2127000093460083,1.3382999897003174,1.2127000093460083,1.3300000429153442,65192,0.0,0.0
2023-08-14 12:30:00-04:00,1.340000033378601,1.3450000286102295,1.2954000234603882,1.309999942779541,24143,0.0,0.0
2023-08-14 13:30:00-04:00,1.3000999689102173,1.3200000524520874,1.2599999904632568,1.2599999904632568,25322,0.0,0.0
2023-08-14 14:30:00-04:00,1.309999942779541,1.309999942779541,1.2899999618530273,1.2999999523162842,3940,0.0,0.0
2023-08-14 15:30:00-04:00,1.2999999523162842,1.3300000429153442,1.2899999618530273,1.309999942779541,31067,0.0,0.0
2023-08-15 09:30:00-04:00,1.2699999809265137,1.2699999809265137,1.0499999523162842,1.1059999465942383,248614,0.0,0.0
2023-08-15 10:30:00-04:00,1.1026999950408936,1.1399999856948853,1.0,1.100000023841858,108213,0.0,0.0
2023-08-15 11:30:00-04:00,1.1200000047683716,1.1200000047683716,1.0099999904632568,1.0980000495910645,35422,0.0,0.0
2023-08-15 12:30:00-04:00,1.090000033378601,1.1200000047683716,1.090000033378601,1.0950000286102295,12659,0.0,0.0
2023-08-15 13:30:00-04:00,1.090000033378601,1.1200000047683716,1.0499999523162842,1.1054999828338623,27524,0.0,0.0
2023-08-15 14:30:00-04:00,1.1100000143051147,1.159999966621399,1.1100000143051147,1.159999966621399,17654,0.0,0.0
2023-08-15 15:30:00-04:00,1.159999966621399,1.159999966621399,1.0299999713897705,1.100000023841858,72588,0.0,0.0
2023-08-16 09:30:00-04:00,1.1399999856948853,1.1399999856948853,1.059999942779541,1.0700000524520874,25157,0.0,0.0
2023-08-16 10:30:00-04:00,1.0693000555038452,1.090000033378601,1.059999942779541,1.0801000595092773,10121,0.0,0.0
2023-08-16 11:30:00-04:00,1.0801000595092773,1.090000033378601,0.9900000095367432,0.9900000095367432,71124,0.0,0.0
2023-08-16 12:30:00-04:00,0.9900000095367432,1.0399999618530273,0.9703999757766724,1.01010000705719,16532,0.0,0.0
2023-08-16 13:30:00-04:00,1.0299999713897705,1.059999942779541,1.0046000480651855,1.0449999570846558,19832,0.0,0.0
2023-08-16 14:30:00-04:00,1.0399999618530273,1.0699000358581543,1.0199999809265137,1.0299999713897705,14428,0.0,0.0
2023-08-16 15:30:00-04:00,1.0299999713897705,1.0389000177383423,0.9901000261306763,1.0389000177383423,24695,0.0,0.0
2023-08-17 09:30:00-04:00,1.0199999809265137,1.0499999523162842,1.0199999809265137,1.0299999713897705,21361,0.0,0.0
2023-08-17 10:30:00-04:00,1.0299999713897705,1.059999942779541,1.0199999809265137,1.059999942779541,29268,0.0,0.0
2023-08-17 11:30:00-04:00,1.059999942779541,1.0800000429153442,1.0399999618530273,1.0800000429153442,23689,0.0,0.0
2023-08-17 12:30:00-04:00,1.0800000429153442,1.1200000047683716,1.0700000524520874,1.1152000427246094,42940,0.0,0.0
2023-08-17 13:30:00-04:00,1.1100000143051147,1.1299999952316284,1.0852999687194824,1.1299999952316284,11990,0.0,0.0
2023-08-17 14:30:00-04:00,1.1299999952316284,1.159999966621399,1.111299991607666,1.149999976158142,34132,0.0,0.0
2023-08-17 15:30:00-04:00,1.149999976158142,1.2000000476837158,1.1399999856948853,1.2000000476837158,51622,0.0,0.0
2023-08-18 09:30:00-04:00,1.1799999475479126,1.2899999618530273,1.149999976158142,1.2400000095367432,72455,0.0,0.0
2023-08-18 10:30:00-04:00,1.2401000261306763,1.3300000429153442,1.2401000261306763,1.3250000476837158,36251,0.0,0.0
2023-08-18 11:30:00-04:00,1.3216999769210815,1.3700000047683716,1.25,1.2698999643325806,100414,0.0,0.0
2023-08-18 12:30:00-04:00,1.25,1.2599999904632568,1.2000000476837158,1.2300000190734863,18334,0.0,0.0
2023-08-18 13:30:00-04:00,1.2400000095367432,1.25,1.2285000085830688,1.25,8921,0.0,0.0
2023-08-18 14:30:00-04:00,1.25,1.2599999904632568,1.2300000190734863,1.2599999904632568,4606,0.0,0.0
2023-08-18 15:30:00-04:00,1.2599999904632568,1.2699999809265137,1.25,1.2599999904632568,12947,0.0,0.0
2023-08-21 09:30:00-04:00,1.2799999713897705,1.2899999618530273,1.2000000476837158,1.2100000381469727,16477,0.0,0.0
2023-08-21 10:30:00-04:00,1.2100000381469727,1.2122000455856323,1.2015000581741333,1.2021000385284424,1616,0.0,0.0
2023-08-21 11:30:00-04:00,1.21589994430542,1.21589994430542,1.190000057220459,1.190000057220459,4156,0.0,0.0
2023-08-21 12:30:00-04:00,1.2000000476837158,1.2100000381469727,1.149999976158142,1.149999976158142,10288,0.0,0.0
2023-08-21 13:30:00-04:00,1.190000057220459,1.190000057220459,1.149999976158142,1.1799999475479126,18068,0.0,0.0
2023-08-21 14:30:00-04:00,1.190000057220459,1.2200000286102295,1.1799999475479126,1.2200000286102295,22194,0.0,0.0
2023-08-21 15:30:00-04:00,1.215000033378601,1.25,1.2000000476837158,1.2300000190734863,19722,0.0,0.0
2023-08-22 09:30:00-04:00,1.2000000476837158,1.2071000337600708,1.1100000143051147,1.149899959564209,13554,0.0,0.0
2023-08-22 10:30:00-04:00,1.1200000047683716,1.1299999952316284,1.0800000429153442,1.1100000143051147,37153,0.0,0.0
2023-08-22 11:30:00-04:00,1.1100000143051147,1.1100000143051147,1.0801000595092773,1.1009999513626099,20572,0.0,0.0
2023-08-22 12:30:00-04:00,1.100000023841858,1.1153000593185425,1.100000023841858,1.1100000143051147,10268,0.0,0.0
2023-08-22 13:30:00-04:00,1.100000023841858,1.1299999952316284,1.073199987411499,1.073199987411499,14982,0.0,0.0
2023-08-22 14:30:00-04:00,1.0950000286102295,1.1092000007629395,1.0800000429153442,1.0800000429153442,3220,0.0,0.0
2023-08-22 15:30:00-04:00,1.0950000286102295,1.1100000143051147,1.0800000429153442,1.090000033378601,0,0.0,0.0
2023-08-23 09:30:00-04:00,1.0700000524520874,1.1301000118255615,1.0700000524520874,1.1100000143051147,20122,0.0,0.0
2023-08-23 10:30:00-04:00,1.0901000499725342,1.0901000499725342,1.0499999523162842,1.0800000429153442,7754,0.0,0.0
2023-08-23 11:30:00-04:00,1.0800000429153442,1.0861999988555908,1.070099949836731,1.0846999883651733,3083,0.0,0.0
2023-08-23 12:30:00-04:00,1.0898000001907349,1.1050000190734863,1.0888999700546265,1.090000033378601,10149,0.0,0.0
2023-08-23 13:30:00-04:00,1.0950000286102295,1.1098999977111816,1.070099949836731,1.0907000303268433,20434,0.0,0.0
2023-08-23 14:30:00-04:00,1.0901000499725342,1.100000023841858,1.0800000429153442,1.100000023841858,5779,0.0,0.0
2023-08-23 15:30:00-04:00,1.100000023841858,1.100000023841858,1.0700000524520874,1.0700000524520874,3400,0.0,0.0
2023-08-24 09:30:00-04:00,1.090000033378601,1.1929999589920044,1.090000033378601,1.190000057220459,56967,0.0,0.0
2023-08-24 10:30:00-04:00,1.1649999618530273,1.1649999618530273,1.1399999856948853,1.159999966621399,24601,0.0,0.0
2023-08-24 11:30:00-04:00,1.1440000534057617,1.1549999713897705,1.1440000534057617,1.1549999713897705,1361,0.0,0.0
2023-08-24 12:30:00-04:00,1.1492999792099,1.159999966621399,1.1234999895095825,1.159999966621399,15938,0.0,0.0
2023-08-24 13:30:00-04:00,1.160599946975708,1.2100000381469727,1.160599946975708,1.2100000381469727,19799,0.0,0.0
2023-08-24 14:30:00-04:00,1.2000000476837158,1.2163000106811523,1.190000057220459,1.2163000106811523,9454,0.0,0.0
2023-08-24 15:30:00-04:00,1.2100000381469727,1.2899999618530273,1.090000033378601,1.100000023841858,160269,0.0,0.0
2023-08-25 09:30:00-04:00,1.149999976158142,1.1649999618530273,1.1100000143051147,1.1299999952316284,18290,0.0,0.0
2023-08-25 10:30:00-04:00,1.125,1.1299999952316284,1.100000023841858,1.1150000095367432,7739,0.0,0.0
2023-08-25 11:30:00-04:00,1.1188000440597534,1.1200000047683716,1.1100000143051147,1.1200000047683716,6598,0.0,0.0
2023-08-25 12:30:00-04:00,1.125,1.1384999752044678,1.100000023841858,1.1384999752044678,11968,0.0,0.0
2023-08-25 13:30:00-04:00,1.1349999904632568,1.1349999904632568,1.1150000095367432,1.1282999515533447,4927,0.0,0.0
2023-08-25 14:30:00-04:00,1.1121000051498413,1.128999948501587,1.1121000051498413,1.128999948501587,1567,0.0,0.0
2023-08-25 15:30:00-04:00,1.1269999742507935,1.1269999742507935,0.9900000095367432,1.0,61368,0.0,0.0
2023-08-28 09:30:00-04:00,1.1299999952316284,1.1299999952316284,0.9667999744415283,1.0200999975204468,42023,0.0,0.0
2023-08-28 10:30:00-04:00,1.0200999975204468,1.0399999618530273,1.0099999904632568,1.01010000705719,13989,0.0,0.0
2023-08-28 11:30:00-04:00,1.0099999904632568,1.0399999618530273,1.0099999904632568,1.0399999618530273,11184,0.0,0.0
2023-08-28 12:30:00-04:00,1.038599967956543,1.0399999618530273,1.0199999809265137,1.0300999879837036,3677,0.0,0.0
2023-08-28 13:30:00-04:00,1.0300999879837036,1.0587999820709229,1.0300999879837036,1.0587999820709229,9939,0.0,0.0
2023-08-28 14:30:00-04:00,1.0400999784469604,1.059999942779541,1.0399999618530273,1.0400999784469604,1923,0.0,0.0
2023-08-28 15:30:00-04:00,1.0400999784469604,1.0499999523162842,1.0299999713897705,1.0499999523162842,0,0.0,0.0
2023-08-29 09:30:00-04:00,1.059999942779541,1.059999942779541,1.0499999523162842,1.059999942779541,3831,0.0,0.0
2023-08-29 10:30:00-04:00,1.0399999618530273,1.0499999523162842,1.0099999904632568,1.0499999523162842,11770,0.0,0.0
2023-08-29 11:30:00-04:00,1.061400055885315,1.1100000143051147,1.059999942779541,1.1100000143051147,15855,0.0,0.0
2023-08-29 12:30:00-04:00,1.0968999862670898,1.1100000143051147,1.090000033378601,1.100000023841858,6667,0.0,0.0
2023-08-29 13:30:00-04:00,1.100000023841858,1.159999966621399,1.100000023841858,1.149999976158142,13754,0.0,0.0
2023-08-29 14:30:00-04:00,1.149999976158142,1.159999966621399,1.1309000253677368,1.159999966621399,15553,0.0,0.0
2023-08-29 15:30:00-04:00,1.159999966621399,1.159999966621399,1.1102999448776245,1.1102999448776245,0,0.0,0.0
2023-08-30 09:30:00-04:00,1.149999976158142,1.149999976158142,1.0889999866485596,1.0889999866485596,14039,0.0,0.0
2023-08-30 10:30:00-04:00,1.090000033378601,1.0987000465393066,1.0800000429153442,1.0953999757766724,4596,0.0,0.0
2023-08-30 11:30:00-04:00,1.1217999458312988,1.1299999952316284,1.1100000143051147,1.1100000143051147,2275,0.0,0.0
2023-08-30 12:30:00-04:00,1.121399998664856,1.1435999870300293,1.1145000457763672,1.1435999870300293,666,0.0,0.0
2023-08-30 13:30:00-04:00,1.1299999952316284,1.149999976158142,1.1299999952316284,1.149999976158142,7369,0.0,0.0
2023-08-30 14:30:00-04:00,1.1390999555587769,1.1399999856948853,1.1390999555587769,1.1399999856948853,4622,0.0,0.0
2023-08-30 15:30:00-04:00,1.1399999856948853,1.149999976158142,1.1200000047683716,1.1399999856948853,0,0.0,0.0
2023-08-31 09:30:00-04:00,1.1100000143051147,1.149999976158142,1.1100000143051147,1.1476999521255493,5215,0.0,0.0
2023-08-31 10:30:00-04:00,1.1449999809265137,1.1575000286102295,1.1449999809265137,1.1500999927520752,1649,0.0,0.0
2023-08-31 11:30:00-04:00,1.159999966621399,1.1799999475479126,1.159999966621399,1.1749999523162842,4707,0.0,0.0
2023-08-31 12:30:00-04:00,1.1799999475479126,1.190000057220459,1.1200000047683716,1.1699999570846558,14454,0.0,0.0
2023-08-31 14:30:00-04:00,1.1509000062942505,1.1509000062942505,1.1399999856948853,1.1399999856948853,1925,0.0,0.0
2023-08-31 15:30:00-04:00,1.1699999570846558,1.1699999570846558,1.159999966621399,1.159999966621399,1721,0.0,0.0
2023-09-01 09:30:00-04:00,1.149999976158142,1.2200000286102295,1.149999976158142,1.2100000381469727,34749,0.0,0.0
2023-09-01 10:30:00-04:00,1.2099000215530396,1.2300000190734863,1.1699999570846558,1.2000000476837158,8399,0.0,0.0
2023-09-01 11:30:00-04:00,1.2200000286102295,1.2699999809265137,1.2200000286102295,1.25,21089,0.0,0.0
2023-09-01 12:30:00-04:00,1.2599999904632568,1.2999999523162842,1.25,1.2599999904632568,31361,0.0,0.0
2023-09-01 13:30:00-04:00,1.2799999713897705,1.3300000429153442,1.2799999713897705,1.3300000429153442,45885,0.0,0.0
2023-09-01 14:30:00-04:00,1.3200000524520874,1.399999976158142,1.3000999689102173,1.340000033378601,80034,0.0,0.0
2023-09-01 15:30:00-04:00,1.3300000429153442,1.3380999565124512,1.2400000095367432,1.309999942779541,51165,0.0,0.0
2023-09-05 09:30:00-04:00,1.309999942779541,1.350000023841858,1.2999999523162842,1.350000023841858,24720,0.0,0.0
2023-09-05 10:30:00-04:00,1.354699969291687,1.4299999475479126,1.3499000072479248,1.392899990081787,26680,0.0,0.0
2023-09-05 11:30:00-04:00,1.4199999570846558,1.4299999475479126,1.409000039100647,1.4199999570846558,12010,0.0,0.0
2023-09-05 12:30:00-04:00,1.409999966621399,1.440000057220459,1.409999966621399,1.4282000064849854,9064,0.0,0.0
2023-09-05 13:30:00-04:00,1.4199999570846558,1.440000057220459,1.410099983215332,1.440000057220459,4359,0.0,0.0
2023-09-05 14:30:00-04:00,1.434999942779541,1.440000057220459,1.399999976158142,1.4199999570846558,20385,0.0,0.0
2023-09-05 15:30:00-04:00,1.4119999408721924,1.4199999570846558,1.3899999856948853,1.409999966621399,0,0.0,0.0
2023-09-06 09:30:00-04:00,1.3899999856948853,1.440000057220459,1.3600000143051147,1.409999966621399,8639,0.0,0.0
2023-09-06 10:30:00-04:00,1.402400016784668,1.409999966621399,1.350000023841858,1.3700000047683716,13209,0.0,0.0
2023-09-06 11:30:00-04:00,1.3600000143051147,1.3700000047683716,1.340000033378601,1.340000033378601,4074,0.0,0.0
2023-09-06 12:30:00-04:00,1.3200000524520874,1.3300000429153442,1.2799999713897705,1.3300000429153442,22606,0.0,0.0
2023-09-06 13:30:00-04:00,1.340000033378601,1.3700000047683716,1.3396999835968018,1.3700000047683716,12376,0.0,0.0
2023-09-06 14:30:00-04:00,1.409999966621399,1.4112999439239502,1.3588000535964966,1.389299988746643,43695,0.0,0.0
2023-09-06 15:30:00-04:00,1.3799999952316284,1.399999976158142,1.3700000047683716,1.3899999856948853,0,0.0,0.0
2023-09-07 09:30:00-04:00,1.3600000143051147,1.440000057220459,1.344099998474121,1.350000023841858,59773,0.0,0.0
2023-09-07 10:30:00-04:00,1.340000033378601,1.340000033378601,1.309999942779541,1.3200000524520874,3416,0.0,0.0
2023-09-07 11:30:00-04:00,1.309999942779541,1.340000033378601,1.309999942779541,1.3114999532699585,1399,0.0,0.0
2023-09-07 12:30:00-04:00,1.3300000429153442,1.340000033378601,1.3250000476837158,1.3300000429153442,8103,0.0,0.0
2023-09-07 13:30:00-04:00,1.3482999801635742,1.3799999952316284,1.340000033378601,1.350000023841858,5019,0.0,0.0
2023-09-07 14:30:00-04:00,1.340000033378601,1.340000033378601,1.2899999618530273,1.2999000549316406,9774,0.0,0.0
2023-09-07 15:30:00-04:00,1.2999999523162842,1.2999999523162842,1.2699999809265137,1.2999999523162842,0,0.0,0.0
2023-09-08 09:30:00-04:00,1.309999942779541,1.350000023841858,1.2799999713897705,1.2899999618530273,7667,0.0,0.0
2023-09-08 10:30:00-04:00,1.2899999618530273,1.2899999618530273,1.2209999561309814,1.25,23914,0.0,0.0
2023-09-08 11:30:00-04:00,1.25,1.25,1.2304999828338623,1.2400000095367432,4220,0.0,0.0
2023-09-08 12:30:00-04:00,1.2400000095367432,1.25,1.1799999475479126,1.2094999551773071,20415,0.0,0.0
2023-09-08 13:30:00-04:00,1.215000033378601,1.2300000190734863,1.1719000339508057,1.2117999792099,14567,0.0,0.0
2023-09-08 14:30:00-04:00,1.2100000381469727,1.2100000381469727,1.1900999546051025,1.2000000476837158,3699,0.0,0.0
2023-09-08 15:30:00-04:00,1.1799999475479126,1.2000000476837158,1.1699999570846558,1.1699999570846558,4843,0.0,0.0
2023-09-11 09:30:00-04:00,1.2000000476837158,1.2000000476837158,1.1656999588012695,1.1799999475479126,10409,0.0,0.0
2023-09-11 10:30:00-04:00,1.263800024986267,1.2999999523162842,1.2209999561309814,1.2452000379562378,12341,0.0,0.0
2023-09-11 11:30:00-04:00,1.2599999904632568,1.2799999713897705,1.2426999807357788,1.2599999904632568,4589,0.0,0.0
2023-09-11 12:30:00-04:00,1.2599999904632568,1.2699999809265137,1.2599999904632568,1.2699999809265137,2094,0.0,0.0
2023-09-11 13:30:00-04:00,1.2710000276565552,1.2799999713897705,1.25,1.2799999713897705,5654,0.0,0.0
2023-09-11 14:30:00-04:00,1.25,1.2799999713897705,1.25,1.2649999856948853,5343,0.0,0.0
2023-09-11 15:30:00-04:00,1.2699999809265137,1.2799999713897705,1.25,1.2699999809265137,4968,0.0,0.0
2023-09-12 09:30:00-04:00,1.2699999809265137,1.2699999809265137,1.2519999742507935,1.2649999856948853,2916,0.0,0.0
2023-09-12 10:30:00-04:00,1.2599999904632568,1.309999942779541,1.2400000095367432,1.2999999523162842,20801,0.0,0.0
2023-09-12 11:30:00-04:00,1.2999999523162842,1.3200000524520874,1.2999999523162842,1.315999984741211,9776,0.0,0.0
2023-09-12 12:30:00-04:00,1.309999942779541,1.309999942779541,1.2599999904632568,1.2599999904632568,7371,0.0,0.0
2023-09-12 13:30:00-04:00,1.2899999618530273,1.2999999523162842,1.2599999904632568,1.2699999809265137,5493,0.0,0.0
2023-09-12 14:30:00-04:00,1.2599999904632568,1.2599999904632568,1.2599999904632568,1.2599999904632568,890,0.0,0.0
2023-09-12 15:30:00-04:00,1.2899999618530273,1.3200000524520874,1.2805999517440796,1.3200000524520874,4217,0.0,0.0
2023-09-13 09:30:00-04:00,1.2999999523162842,1.2999999523162842,1.2599999904632568,1.2920000553131104,469,0.0,0.0
2023-09-13 10:30:00-04:00,1.2899999618530273,1.291700005531311,1.2599999904632568,1.2599999904632568,962,0.0,0.0
2023-09-13 11:30:00-04:00,1.2799999713897705,1.2799999713897705,1.2549999952316284,1.2549999952316284,5281,0.0,0.0
2023-09-13 12:30:00-04:00,1.2400000095367432,1.2799999713897705,1.2300000190734863,1.2699999809265137,7846,0.0,0.0
2023-09-13 13:30:00-04:00,1.274999976158142,1.2899999618530273,1.274999976158142,1.2899999618530273,559,0.0,0.0
2023-09-13 14:30:00-04:00,1.2599999904632568,1.2699999809265137,1.2546000480651855,1.2546000480651855,2253,0.0,0.0
2023-09-13 15:30:00-04:00,1.2599999904632568,1.2699999809265137,1.25,1.2699999809265137,4182,0.0,0.0
2023-09-14 09:30:00-04:00,1.2899999618530273,1.2899999618530273,1.2599999904632568,1.2699999809265137,33294,0.0,0.0
2023-09-14 10:30:00-04:00,1.2826000452041626,1.2999999523162842,1.2826000452041626,1.2999999523162842,2379,0.0,0.0
2023-09-14 11:30:00-04:00,1.309999942779541,1.309999942779541,1.2900999784469604,1.2900999784469604,7542,0.0,0.0
2023-09-14 12:30:00-04:00,1.2960000038146973,1.309999942779541,1.2899999618530273,1.2899999618530273,2594,0.0,0.0
2023-09-14 13:30:00-04:00,1.2949999570846558,1.2999999523162842,1.2699999809265137,1.2899999618530273,7411,0.0,0.0
2023-09-14 14:30:00-04:00,1.25,1.25,1.25,1.25,557,0.0,0.0
2023-09-14 15:30:00-04:00,1.2319999933242798,1.2400000095367432,1.2300000190734863,1.2400000095367432,3888,0.0,0.0
2023-09-15 09:30:00-04:00,1.2200000286102295,1.2311999797821045,1.2037999629974365,1.2037999629974365,10039,0.0,0.0
2023-09-15 10:30:00-04:00,1.2200000286102295,1.2200000286102295,1.2100000381469727,1.2100000381469727,3117,0.0,0.0
2023-09-15 11:30:00-04:00,1.2000000476837158,1.25,1.2000000476837158,1.25,4870,0.0,0.0
2023-09-15 12:30:00-04:00,1.25,1.25,1.2400000095367432,1.25,1907,0.0,0.0
2023-09-15 13:30:00-04:00,1.2300000190734863,1.2400000095367432,1.2199000120162964,1.2200000286102295,6217,0.0,0.0
2023-09-15 14:30:00-04:00,1.225000023841858,1.225000023841858,1.2100000381469727,1.2163000106811523,1348,0.0,0.0
2023-09-15 15:30:00-04:00,1.2105000019073486,1.3200000524520874,1.2105000019073486,1.2999999523162842,19673,0.0,0.0
2023-09-18 09:30:00-04:00,1.340000033378601,1.340000033378601,1.2319999933242798,1.2698999643325806,40341,0.0,0.0
2023-09-18 10:30:00-04:00,1.2201000452041626,1.2699999809265137,1.2000000476837158,1.2350000143051147,10321,0.0,0.0
2023-09-18 11:30:00-04:00,1.2400000095367432,1.2400000095367432,1.2364000082015991,1.2364000082015991,807,0.0,0.0
2023-09-18 12:30:00-04:00,1.2699999809265137,1.2699999809265137,1.2000000476837158,1.2100000381469727,9227,0.0,0.0
2023-09-18 13:30:00-04:00,1.2350000143051147,1.2599999904632568,1.2200000286102295,1.2200000286102295,1376,0.0,0.0
2023-09-18 14:30:00-04:00,1.2350000143051147,1.2350000143051147,1.1799999475479126,1.2285000085830688,1959,0.0,0.0
2023-09-18 15:30:00-04:00,1.2050000429153442,1.2300000190734863,1.1799999475479126,1.1800999641418457,9231,0.0,0.0
2023-09-19 09:30:00-04:00,1.1799999475479126,1.2200000286102295,1.1799999475479126,1.2010999917984009,3849,0.0,0.0
2023-09-19 10:30:00-04:00,1.2200000286102295,1.2400000095367432,1.1699999570846558,1.2200000286102295,27988,0.0,0.0
2023-09-19 11:30:00-04:00,1.2200000286102295,1.2200000286102295,1.2000000476837158,1.2000000476837158,887,0.0,0.0
2023-09-19 12:30:00-04:00,1.2069000005722046,1.2200000286102295,1.2069000005722046,1.2200000286102295,4419,0.0,0.0
2023-09-19 13:30:00-04:00,1.2200000286102295,1.2200000286102295,1.2200000286102295,1.2200000286102295,322,0.0,0.0
2023-09-19 14:30:00-04:00,1.2200000286102295,1.2200000286102295,1.1900999546051025,1.2200000286102295,4128,0.0,0.0
2023-09-19 15:30:00-04:00,1.190000057220459,1.2200000286102295,1.1699999570846558,1.1799999475479126,5806,0.0,0.0
2023-09-20 09:30:00-04:00,1.159999966621399,1.2000000476837158,1.159999966621399,1.2000000476837158,6294,0.0,0.0
2023-09-20 10:30:00-04:00,1.1799999475479126,1.2000000476837158,1.1799999475479126,1.2000000476837158,1754,0.0,0.0
2023-09-20 12:30:00-04:00,1.2000000476837158,1.2000000476837158,1.145400047302246,1.1699999570846558,2793,0.0,0.0
2023-09-20 13:30:00-04:00,1.190000057220459,1.2000000476837158,1.1649999618530273,1.1699999570846558,5313,0.0,0.0
2023-09-20 14:30:00-04:00,1.1699999570846558,1.1699999570846558,1.1500999927520752,1.1500999927520752,1821,0.0,0.0
2023-09-20 15:30:00-04:00,1.149999976158142,1.1699999570846558,1.1399999856948853,1.1399999856948853,7187,0.0,0.0
2023-09-21 09:30:00-04:00,1.1399999856948853,1.1698999404907227,1.1299999952316284,1.1532000303268433,6443,0.0,0.0
2023-09-21 10:30:00-04:00,1.159999966621399,1.1698999404907227,1.1299999952316284,1.1476999521255493,3853,0.0,0.0
2023-09-21 11:30:00-04:00,1.155500054359436,1.159999966621399,1.1302000284194946,1.1365000009536743,1499,0.0,0.0
2023-09-21 12:30:00-04:00,1.151900053024292,1.159999966621399,1.1399999856948853,1.159999966621399,2765,0.0,0.0
2023-09-21 13:30:00-04:00,1.1598999500274658,1.1598999500274658,1.1301000118255615,1.1449999809265137,3470,0.0,0.0
2023-09-21 14:30:00-04:00,1.1299999952316284,1.149999976158142,1.1299999952316284,1.1399999856948853,3362,0.0,0.0
2023-09-21 15:30:00-04:00,1.1299999952316284,1.149999976158142,1.1200000047683716,1.1399999856948853,8260,0.0,0.0
2023-09-22 09:30:00-04:00,1.1399999856948853,1.1649999618530273,1.1399999856948853,1.1649999618530273,630,0.0,0.0
2023-09-22 10:30:00-04:00,1.169100046157837,1.1799999475479126,1.1649999618530273,1.1699999570846558,9023,0.0,0.0
2023-09-22 11:30:00-04:00,1.149999976158142,1.2000000476837158,1.149999976158142,1.1899000406265259,7756,0.0,0.0
2023-09-22 12:30:00-04:00,1.149999976158142,1.149999976158142,1.149999976158142,1.149999976158142,211,0.0,0.0
2023-09-22 13:30:00-04:00,1.159999966621399,1.1799999475479126,1.1200000047683716,1.149999976158142,18357,0.0,0.0
2023-09-22 14:30:00-04:00,1.1299999952316284,1.1399999856948853,1.1299999952316284,1.1399999856948853,1551,0.0,0.0
2023-09-22 15:30:00-04:00,1.1200000047683716,1.1416000127792358,1.1100000143051147,1.1100000143051147,7112,0.0,0.0
2023-09-25 09:30:00-04:00,1.1399999856948853,1.190000057220459,1.1399999856948853,1.149999976158142,8637,0.0,0.0
2023-09-25 10:30:00-04:00,1.1872999668121338,1.1872999668121338,1.1872999668121338,1.1872999668121338,440,0.0,0.0
2023-09-25 11:30:00-04:00,1.1401000022888184,1.1433000564575195,1.1401000022888184,1.1433000564575195,7446,0.0,0.0
2023-09-25 12:30:00-04:00,1.1399999856948853,1.166100025177002,1.1201000213623047,1.1575000286102295,2661,0.0,0.0
2023-09-25 13:30:00-04:00,1.1497000455856323,1.1497000455856323,1.1200000047683716,1.1299999952316284,1804,0.0,0.0
2023-09-25 14:30:00-04:00,1.125,1.149999976158142,1.1200000047683716,1.1200000047683716,8210,0.0,0.0
2023-09-25 15:30:00-04:00,1.149999976158142,1.149999976158142,1.1100000143051147,1.1399999856948853,3280,0.0,0.0
2023-09-26 09:30:00-04:00,1.1328999996185303,1.2000000476837158,1.1100000143051147,1.190000057220459,15373,0.0,0.0
2023-09-26 10:30:00-04:00,1.149999976158142,1.1899000406265259,1.1299999952316284,1.1299999952316284,5923,0.0,0.0
2023-09-26 11:30:00-04:00,1.1309000253677368,1.1309000253677368,1.1301000118255615,1.1301000118255615,861,0.0,0.0
2023-09-26 12:30:00-04:00,1.1349999904632568,1.1354000568389893,1.1200000047683716,1.1200000047683716,1814,0.0,0.0
2023-09-26 13:30:00-04:00,1.1200000047683716,1.1299999952316284,1.1100000143051147,1.1299999952316284,6222,0.0,0.0
2023-09-26 14:30:00-04:00,1.1100000143051147,1.1198999881744385,1.090000033378601,1.1180000305175781,8535,0.0,0.0
2023-09-26 15:30:00-04:00,1.100000023841858,1.100000023841858,1.0800000429153442,1.0800000429153442,0,0.0,0.0
2023-09-27 09:30:00-04:00,1.0700000524520874,1.1799999475479126,1.0700000524520874,1.1699999570846558,5016,0.0,0.0
2023-09-27 10:30:00-04:00,1.159999966621399,1.159999966621399,1.1200000047683716,1.1200000047683716,1629,0.0,0.0
2023-09-27 11:30:00-04:00,1.0801000595092773,1.1200000047683716,1.0801000595092773,1.1200000047683716,1769,0.0,0.0
2023-09-27 12:30:00-04:00,1.1200000047683716,1.1399999856948853,1.1101000308990479,1.1101000308990479,5975,0.0,0.0
2023-09-27 13:30:00-04:00,1.1378999948501587,1.138100028038025,1.1100000143051147,1.1200000047683716,14125,0.0,0.0
2023-09-27 14:30:00-04:00,1.1200000047683716,1.1365000009536743,1.1200000047683716,1.1365000009536743,1357,0.0,0.0
2023-09-27 15:30:00-04:00,1.114400029182434,1.114400029182434,1.100000023841858,1.100000023841858,2009,0.0,0.0
2023-09-28 09:30:00-04:00,1.1299999952316284,1.159999966621399,1.100000023841858,1.1017999649047852,4832,0.0,0.0
2023-09-28 10:30:00-04:00,1.100000023841858,1.100000023841858,1.0800000429153442,1.0827000141143799,5955,0.0,0.0
2023-09-28 11:30:00-04:00,1.090000033378601,1.100000023841858,1.0800000429153442,1.100000023841858,616,0.0,0.0
2023-09-28 12:30:00-04:00,1.0800000429153442,1.100000023841858,1.0800000429153442,1.100000023841858,4598,0.0,0.0
2023-09-28 13:30:00-04:00,1.0901000499725342,1.100000023841858,1.090000033378601,1.100000023841858,1252,0.0,0.0
2023-09-28 14:30:00-04:00,1.0800000429153442,1.0800000429153442,1.0800000429153442,1.0800000429153442,882,0.0,0.0
2023-09-28 15:30:00-04:00,1.090000033378601,1.090000033378601,1.090000033378601,1.090000033378601,203,0.0,0.0
2023-09-29 09:30:00-04:00,1.090000033378601,1.13510000705719,1.090000033378601,1.128100037574768,4219,0.0,0.0
2023-09-29 10:30:00-04:00,1.090000033378601,1.1154999732971191,1.090000033378601,1.1100000143051147,19566,0.0,0.0
2023-09-29 11:30:00-04:00,1.1100000143051147,1.1288000345230103,1.1100000143051147,1.1288000345230103,2509,0.0,0.0
2023-09-29 12:30:00-04:00,1.1116000413894653,1.12909996509552,1.1100000143051147,1.12909996509552,6384,0.0,0.0
2023-09-29 13:30:00-04:00,1.1101000308990479,1.149999976158142,1.1101000308990479,1.149999976158142,24153,0.0,0.0
2023-09-29 14:30:00-04:00,1.159999966621399,1.159999966621399,1.1399999856948853,1.1549999713897705,5583,0.0,0.0
2023-09-29 15:30:00-04:00,1.149999976158142,1.1699999570846558,1.149999976158142,1.1698999404907227,8992,0.0,0.0
2023-10-02 09:30:00-04:00,1.2000000476837158,1.2000000476837158,1.1200000047683716,1.1699999570846558,11781,0.0,0.0
2023-10-02 10:30:00-04:00,1.1613999605178833,1.190000057220459,1.149999976158142,1.1799999475479126,23432,0.0,0.0
2023-10-02 11:30:00-04:00,1.1399999856948853,1.1699999570846558,1.1399999856948853,1.1699999570846558,2485,0.0,0.0
2023-10-02 12:30:00-04:00,1.149999976158142,1.1699999570846558,1.149999976158142,1.1649999618530273,15798,0.0,0.0
2023-10-02 13:30:00-04:00,1.1649999618530273,1.1699999570846558,1.149999976158142,1.149999976158142,2371,0.0,0.0
2023-10-02 14:30:00-04:00,1.1549999713897705,1.159999966621399,1.152500033378601,1.152500033378601,1556,0.0,0.0
2023-10-02 15:30:00-04:00,1.1399999856948853,1.1449999809265137,1.1299999952316284,1.1299999952316284,2404,0.0,0.0
2023-10-03 09:30:00-04:00,1.1200000047683716,1.1699999570846558,1.1200000047683716,1.1201000213623047,8908,0.0,0.0
2023-10-03 10:30:00-04:00,1.1449999809265137,1.1449999809265137,1.1240999698638916,1.1240999698638916,1670,0.0,0.0
2023-10-03 11:30:00-04:00,1.1327999830245972,1.149999976158142,1.1200000047683716,1.1200000047683716,13980,0.0,0.0
2023-10-03 12:30:00-04:00,1.1299999952316284,1.1299999952316284,1.1299999952316284,1.1299999952316284,761,0.0,0.0
2023-10-03 13:30:00-04:00,1.1299999952316284,1.1456999778747559,1.1299999952316284,1.1299999952316284,970,0.0,0.0
2023-10-03 14:30:00-04:00,1.1299999952316284,1.1299999952316284,1.1299999952316284,1.1299999952316284,3900,0.0,0.0
2023-10-03 15:30:00-04:00,1.1299999952316284,1.1299999952316284,1.121000051498413,1.121000051498413,867,0.0,0.0
2023-10-04 09:30:00-04:00,1.1299999952316284,1.1699999570846558,1.1051000356674194,1.1448999643325806,12389,0.0,0.0
2023-10-04 10:30:00-04:00,1.1518000364303589,1.1699999570846558,1.1399999856948853,1.1649999618530273,22344,0.0,0.0
2023-10-04 11:30:00-04:00,1.1699999570846558,1.190000057220459,1.159999966621399,1.1749999523162842,4344,0.0,0.0
2023-10-04 12:30:00-04:00,1.187999963760376,1.2000000476837158,1.1699999570846558,1.1699999570846558,7370,0.0,0.0
2023-10-04 13:30:00-04:00,1.1950000524520874,1.2000000476837158,1.1799999475479126,1.1799999475479126,5103,0.0,0.0
2023-10-04 14:30:00-04:00,1.1799999475479126,1.190000057220459,1.162500023841858,1.162500023841858,13372,0.0,0.0
2023-10-04 15:30:00-04:00,1.1649999618530273,1.1699999570846558,1.159999966621399,1.1649999618530273,0,0.0,0.0
2023-10-05 09:30:00-04:00,1.2099000215530396,1.2099000215530396,1.1399999856948853,1.160099983215332,11355,0.0,0.0
2023-10-05 10:30:00-04:00,1.184000015258789,1.184000015258789,1.1699999570846558,1.1699999570846558,1180,0.0,0.0
2023-10-05 11:30:00-04:00,1.160099983215332,1.160099983215332,1.149999976158142,1.149999976158142,5040,0.0,0.0
2023-10-05 13:30:00-04:00,1.1309000253677368,1.1360000371932983,1.1299999952316284,1.1299999952316284,997,0.0,0.0
2023-10-05 14:30:00-04:00,1.1299999952316284,1.1686999797821045,1.1299999952316284,1.1686999797821045,1542,0.0,0.0
2023-10-05 15:30:00-04:00,1.149999976158142,1.149999976158142,1.149999976158142,1.149999976158142,710,0.0,0.0
2023-10-06 09:30:00-04:00,1.1200000047683716,1.1299999952316284,1.1200000047683716,1.1200000047683716,1771,0.0,0.0
2023-10-06 10:30:00-04:00,1.1299999952316284,1.166100025177002,1.1299999952316284,1.1401000022888184,866,0.0,0.0
2023-10-06 11:30:00-04:00,1.1549999713897705,1.1698999404907227,1.1401000022888184,1.163599967956543,1364,0.0,0.0
2023-10-06 12:30:00-04:00,1.1553000211715698,1.1576999425888062,1.1299999952316284,1.1575000286102295,2513,0.0,0.0
2023-10-06 13:30:00-04:00,1.1299999952316284,1.149999976158142,1.121500015258789,1.1299999952316284,2215,0.0,0.0
2023-10-06 14:30:00-04:00,1.1232999563217163,1.149999976158142,1.1200000047683716,1.1200000047683716,2005,0.0,0.0
2023-10-06 15:30:00-04:00,1.149899959564209,1.149899959564209,1.1200000047683716,1.1299999952316284,5026,0.0,0.0
2023-10-09 09:30:00-04:00,1.1299999952316284,1.159999966621399,1.1201000213623047,1.1299999952316284,15778,0.0,0.0
2023-10-09 10:30:00-04:00,1.1585999727249146,1.2000000476837158,1.1375999450683594,1.1375999450683594,25103,0.0,0.0
2023-10-09 11:30:00-04:00,1.1699999570846558,1.1699999570846558,1.1549999713897705,1.1549999713897705,239,0.0,0.0
2023-10-09 12:30:00-04:00,1.1799999475479126,1.1799999475479126,1.1582000255584717,1.1582000255584717,793,0.0,0.0
2023-10-09 14:30:00-04:00,1.1699999570846558,1.25,1.159999966621399,1.1799999475479126,21177,0.0,0.0
2023-10-09 15:30:00-04:00,1.2200000286102295,1.2200000286102295,1.2000000476837158,1.2200000286102295,0,0.0,0.0
2023-10-10 09:30:00-04:00,1.190000057220459,1.2300000190734863,1.190000057220459,1.2297999858856201,12077,0.0,0.0
2023-10-10 10:30:00-04:00,1.2201000452041626,1.2300000190734863,1.2200000286102295,1.2200000286102295,4143,0.0,0.0
2023-10-10 11:30:00-04:00,1.2300000190734863,1.2400000095367432,1.2300000190734863,1.2300000190734863,1781,0.0,0.0
2023-10-10 12:30:00-04:00,1.2200000286102295,1.2400000095367432,1.2100000381469727,1.2108999490737915,4379,0.0,0.0
2023-10-10 13:30:00-04:00,1.2130999565124512,1.225000023841858,1.2100000381469727,1.2100000381469727,3568,0.0,0.0
2023-10-10 14:30:00-04:00,1.2000000476837158,1.2200000286102295,1.2000000476837158,1.2187999486923218,2331,0.0,0.0
2023-10-10 15:30:00-04:00,1.2200000286102295,1.2200000286102295,1.2100000381469727,1.2200000286102295,1254,0.0,0.0
2023-10-11 09:30:00-04:00,1.2000000476837158,1.2100000381469727,1.190000057220459,1.2100000381469727,2522,0.0,0.0
2023-10-11 10:30:00-04:00,1.2000000476837158,1.201200008392334,1.2000000476837158,1.201200008392334,246,0.0,0.0
2023-10-11 11:30:00-04:00,1.2000000476837158,1.2200000286102295,1.190000057220459,1.2050000429153442,3612,0.0,0.0
2023-10-11 12:30:00-04:00,1.191100001335144,1.2000000476837158,1.190000057220459,1.190000057220459,1702,0.0,0.0
2023-10-11 14:30:00-04:00,1.1799999475479126,1.1950000524520874,1.1699999570846558,1.1699999570846558,2122,0.0,0.0
2023-10-11 15:30:00-04:00,1.1799999475479126,1.1799999475479126,1.1799999475479126,1.1799999475479126,244,0.0,0.0
2023-10-12 09:30:00-04:00,1.1699999570846558,1.2100000381469727,1.1699999570846558,1.190000057220459,6624,0.0,0.0
2023-10-12 10:30:00-04:00,1.2000999450683594,1.2000999450683594,1.2000999450683594,1.2000999450683594,152,0.0,0.0
2023-10-12 11:30:00-04:00,1.215999960899353,1.215999960899353,1.215999960899353,1.215999960899353,369,0.0,0.0
2023-10-12 12:30:00-04:00,1.2128000259399414,1.2200000286102295,1.2027000188827515,1.2100000381469727,1369,0.0,0.0
2023-10-12 13:30:00-04:00,1.2100000381469727,1.2100000381469727,1.1900999546051025,1.1900999546051025,11259,0.0,0.0
2023-10-12 14:30:00-04:00,1.2200000286102295,1.2200000286102295,1.1799999475479126,1.1835999488830566,1180,0.0,0.0
2023-10-12 15:30:00-04:00,1.180999994277954,1.2000000476837158,1.180999994277954,1.2000000476837158,0,0.0,0.0
2023-10-13 09:30:00-04:00,1.1799999475479126,1.1799999475479126,1.1629999876022339,1.1729999780654907,4250,0.0,0.0
2023-10-13 10:30:00-04:00,1.1799999475479126,1.1799999475479126,1.159999966621399,1.1614999771118164,4053,0.0,0.0
2023-10-13 11:30:00-04:00,1.159999966621399,1.1747000217437744,1.121999979019165,1.1729999780654907,7758,0.0,0.0
2023-10-13 12:30:00-04:00,1.179900050163269,1.184000015258789,1.1399999856948853,1.1779999732971191,4742,0.0,0.0
2023-10-13 13:30:00-04:00,1.159999966621399,1.167099952697754,1.159999966621399,1.167099952697754,1051,0.0,0.0
2023-10-13 15:30:00-04:00,1.1649999618530273,1.1649999618530273,1.1299999952316284,1.1301000118255615,1137,0.0,0.0
2023-10-16 09:30:00-04:00,1.1299999952316284,1.190000057220459,1.1299999952316284,1.1699999570846558,2084,0.0,0.0
2023-10-16 10:30:00-04:00,1.1799999475479126,1.2100000381469727,1.1699999570846558,1.2100000381469727,2553,0.0,0.0
2023-10-16 11:30:00-04:00,1.2000000476837158,1.2000000476837158,1.2000000476837158,1.2000000476837158,500,0.0,0.0
2023-10-16 12:30:00-04:00,1.2000000476837158,1.2000000476837158,1.159999966621399,1.1699999570846558,14277,0.0,0.0
2023-10-16 13:30:00-04:00,1.1923999786376953,1.1999000310897827,1.149999976158142,1.190000057220459,8678,0.0,0.0
2023-10-16 14:30:00-04:00,1.190000057220459,1.190000057220459,1.190000057220459,1.190000057220459,138,0.0,0.0
2023-10-16 15:30:00-04:00,1.190000057220459,1.190000057220459,1.149999976158142,1.159999966621399,3384,0.0,0.0
2023-10-17 09:30:00-04:00,1.1799999475479126,1.1799999475479126,1.149999976158142,1.159999966621399,5244,0.0,0.0
2023-10-17 10:30:00-04:00,1.1500999927520752,1.159999966621399,1.149999976158142,1.159999966621399,8150,0.0,0.0
2023-10-17 11:30:00-04:00,1.1519999504089355,1.159999966621399,1.149999976158142,1.159999966621399,662,0.0,0.0
2023-10-17 12:30:00-04:00,1.159999966621399,1.159999966621399,1.149999976158142,1.149999976158142,8320,0.0,0.0
2023-10-17 13:30:00-04:00,1.159999966621399,1.159999966621399,1.1100000143051147,1.1200000047683716,21182,0.0,0.0
2023-10-17 14:30:00-04:00,1.1100000143051147,1.1390000581741333,1.1008000373840332,1.125,8426,0.0,0.0
2023-10-17 15:30:00-04:00,1.1399999856948853,1.1399999856948853,1.1200000047683716,1.1200000047683716,588,0.0,0.0
2023-10-18 09:30:00-04:00,1.100000023841858,1.1699999570846558,1.100000023841858,1.1201000213623047,10508,0.0,0.0
2023-10-18 10:30:00-04:00,1.1200000047683716,1.1699999570846558,1.1200000047683716,1.1277999877929688,2269,0.0,0.0
2023-10-18 11:30:00-04:00,1.1253999471664429,1.1253999471664429,1.1200000047683716,1.1201000213623047,3069,0.0,0.0
2023-10-18 12:30:00-04:00,1.1640000343322754,1.1672999858856201,1.1399999856948853,1.1444000005722046,1639,0.0,0.0
2023-10-18 13:30:00-04:00,1.1299999952316284,1.1399999856948853,1.126099944114685,1.1399999856948853,867,0.0,0.0
2023-10-18 14:30:00-04:00,1.149999976158142,1.149999976158142,1.1200000047683716,1.1200000047683716,8335,0.0,0.0
2023-10-18 15:30:00-04:00,1.1200000047683716,1.1399999856948853,1.1100000143051147,1.1299999952316284,0,0.0,0.0
2023-10-19 09:30:00-04:00,1.1100000143051147,1.1399999856948853,1.1100000143051147,1.121500015258789,1625,0.0,0.0
2023-10-19 10:30:00-04:00,1.1399999856948853,1.1399999856948853,1.1398999691009521,1.1398999691009521,6426,0.0,0.0
2023-10-19 11:30:00-04:00,1.1449999809265137,1.1449999809265137,1.1200000047683716,1.1200000047683716,3757,0.0,0.0
2023-10-19 12:30:00-04:00,1.1449999809265137,1.1449999809265137,1.1318000555038452,1.132200002670288,1922,0.0,0.0
2023-10-19 14:30:00-04:00,1.1301000118255615,1.149999976158142,1.1191999912261963,1.1191999912261963,7302,0.0,0.0
2023-10-19 15:30:00-04:00,1.1100000143051147,1.149999976158142,1.100000023841858,1.1167999505996704,7199,0.0,0.0
2023-10-20 09:30:00-04:00,1.1100000143051147,1.1299999952316284,1.1050000190734863,1.1299999952316284,2977,0.0,0.0
2023-10-20 10:30:00-04:00,1.1398999691009521,1.1398999691009521,1.1398999691009521,1.1398999691009521,653,0.0,0.0
2023-10-20 11:30:00-04:00,1.1204999685287476,1.1204999685287476,1.100000023841858,1.100000023841858,7357,0.0,0.0
2023-10-20 12:30:00-04:00,1.1100000143051147,1.1100000143051147,1.1100000143051147,1.1100000143051147,395,0.0,0.0
2023-10-20 13:30:00-04:00,1.1200000047683716,1.1200000047683716,1.1100000143051147,1.1100000143051147,3281,0.0,0.0
2023-10-20 15:30:00-04:00,1.1100000143051147,1.1200000047683716,1.1100000143051147,1.1150000095367432,1109,0.0,0.0
2023-10-23 09:30:00-04:00,1.100000023841858,1.100000023841858,1.0800000429153442,1.090000033378601,19189,0.0,0.0
2023-10-23 10:30:00-04:00,1.0819000005722046,1.100000023841858,1.0819000005722046,1.0999000072479248,7609,0.0,0.0
2023-10-23 11:30:00-04:00,1.0992000102996826,1.0992000102996826,1.070099949836731,1.0800000429153442,20018,0.0,0.0
2023-10-23 12:30:00-04:00,1.0850000381469727,1.090000033378601,1.0850000381469727,1.090000033378601,1421,0.0,0.0
2023-10-23 13:30:00-04:00,1.0800000429153442,1.0997999906539917,1.0800000429153442,1.090000033378601,3881,0.0,0.0
2023-10-23 15:30:00-04:00,1.0850000381469727,1.090000033378601,1.080199956893921,1.090000033378601,0,0.0,0.0
2023-10-24 09:30:00-04:00,1.100000023841858,1.1100000143051147,1.100000023841858,1.1100000143051147,2393,0.0,0.0
2023-10-24 10:30:00-04:00,1.149899959564209,1.149899959564209,1.11899995803833,1.11899995803833,5611,0.0,0.0
2023-10-24 11:30:00-04:00,1.11899995803833,1.1200000047683716,1.11899995803833,1.1200000047683716,4343,0.0,0.0
2023-10-24 12:30:00-04:00,1.1100000143051147,1.1150000095367432,1.0800000429153442,1.0800000429153442,7332,0.0,0.0
2023-10-24 13:30:00-04:00,1.090000033378601,1.090000033378601,1.080299973487854,1.090000033378601,1639,0.0,0.0
2023-10-24 14:30:00-04:00,1.090000033378601,1.0993000268936157,1.090000033378601,1.09089994430542,2501,0.0,0.0
2023-10-24 15:30:00-04:00,1.090000033378601,1.100000023841858,1.090000033378601,1.090000033378601,0,0.0,0.0
2023-10-25 09:30:00-04:00,1.090000033378601,1.0922000408172607,1.090000033378601,1.0922000408172607,4958,0.0,0.0
2023-10-25 10:30:00-04:00,1.0700000524520874,1.090000033378601,1.0700000524520874,1.0750000476837158,2710,0.0,0.0
2023-10-25 11:30:00-04:00,1.0884000062942505,1.0884000062942505,1.059999942779541,1.059999942779541,3391,0.0,0.0
2023-10-25 12:30:00-04:00,1.0549999475479126,1.059999942779541,1.0499999523162842,1.0500999689102173,1491,0.0,0.0
2023-10-25 13:30:00-04:00,1.0506999492645264,1.0506999492645264,1.034999966621399,1.034999966621399,6206,0.0,0.0
2023-10-25 14:30:00-04:00,1.0551999807357788,1.0551999807357788,1.034999966621399,1.034999966621399,2464,0.0,0.0
2023-10-25 15:30:00-04:00,1.0399999618530273,1.0549999475479126,1.0398999452590942,1.0549999475479126,0,0.0,0.0
2023-10-26 09:30:00-04:00,1.0399999618530273,1.0800000429153442,1.0399999618530273,1.0585999488830566,8467,0.0,0.0
2023-10-26 10:30:00-04:00,1.0511000156402588,1.0599000453948975,1.0199999809265137,1.0449999570846558,7468,0.0,0.0
2023-10-26 11:30:00-04:00,1.0399999618530273,1.0499999523162842,1.0399999618530273,1.0499999523162842,5594,0.0,0.0
2023-10-26 12:30:00-04:00,1.0299999713897705,1.0449999570846558,1.0299999713897705,1.0449999570846558,478,0.0,0.0
2023-10-26 13:30:00-04:00,1.0399999618530273,1.0399999618530273,1.0199999809265137,1.0199999809265137,7211,0.0,0.0
2023-10-26 14:30:00-04:00,1.048200011253357,1.048200011253357,1.0,1.0191999673843384,13745,0.0,0.0
2023-10-26 15:30:00-04:00,1.0099999904632568,1.0199999809265137,1.0,1.0149999856948853,0,0.0,0.0
2023-10-27 09:30:00-04:00,1.0,1.0299999713897705,1.0,1.0199999809265137,8176,0.0,0.0
2023-10-27 10:30:00-04:00,1.0216000080108643,1.047700047492981,1.0216000080108643,1.047700047492981,2957,0.0,0.0
2023-10-27 11:30:00-04:00,1.0299999713897705,1.0299999713897705,1.0299999713897705,1.0299999713897705,3196,0.0,0.0
2023-10-27 12:30:00-04:00,1.0299999713897705,1.039199948310852,1.0299999713897705,1.039199948310852,840,0.0,0.0
2023-10-27 13:30:00-04:00,1.0299999713897705,1.0399999618530273,1.0214999914169312,1.0399999618530273,2514,0.0,0.0
2023-10-27 14:30:00-04:00,1.037600040435791,1.037600040435791,1.037600040435791,1.037600040435791,215,0.0,0.0
2023-10-27 15:30:00-04:00,1.0199999809265137,1.0199999809265137,1.0099999904632568,1.0199999809265137,6548,0.0,0.0
2023-10-30 09:30:00-04:00,1.0499999523162842,1.0499999523162842,1.0110000371932983,1.0240999460220337,1883,0.0,0.0
2023-10-30 10:30:00-04:00,1.0200999975204468,1.0499999523162842,1.0200999975204468,1.0200999975204468,10083,0.0,0.0
2023-10-30 12:30:00-04:00,1.0217000246047974,1.0299999713897705,1.0199999809265137,1.0299999713897705,1211,0.0,0.0
2023-10-30 13:30:00-04:00,1.0227999687194824,1.0227999687194824,1.0199999809265137,1.0206999778747559,2522,0.0,0.0
2023-10-30 14:30:00-04:00,1.0199999809265137,1.0200999975204468,1.0199999809265137,1.0200999975204468,790,0.0,0.0
2023-10-30 15:30:00-04:00,1.0099999904632568,1.0099999904632568,1.0099999904632568,1.0099999904632568,0,0.0,0.0
2023-10-31 09:30:00-04:00,1.0199999809265137,1.0399999618530273,1.0199999809265137,1.0399999618530273,6383,0.0,0.0
2023-10-31 10:30:00-04:00,1.0499000549316406,1.0499999523162842,1.0299999713897705,1.0499999523162842,17113,0.0,0.0
2023-10-31 11:30:00-04:00,1.0200999975204468,1.0200999975204468,1.0200999975204468,1.0200999975204468,5040,0.0,0.0
2023-10-31 12:30:00-04:00,1.0199999809265137,1.0399999618530273,1.0199999809265137,1.0399999618530273,3263,0.0,0.0
2023-10-31 13:30:00-04:00,1.0461000204086304,1.0499999523162842,1.0461000204086304,1.0499999523162842,3123,0.0,0.0
2023-10-31 15:30:00-04:00,1.0399999618530273,1.0399999618530273,1.0199999809265137,1.0289000272750854,0,0.0,0.0
2023-11-01 09:30:00-04:00,1.0299999713897705,1.0299999713897705,1.0219000577926636,1.0299999713897705,2704,0.0,0.0
2023-11-01 10:30:00-04:00,1.024999976158142,1.024999976158142,1.024999976158142,1.024999976158142,751,0.0,0.0
2023-11-01 11:30:00-04:00,1.0199999809265137,1.0291999578475952,1.0163999795913696,1.0291999578475952,1633,0.0,0.0
2023-11-01 12:30:00-04:00,1.0132999420166016,1.0132999420166016,1.0,1.0,8698,0.0,0.0
2023-11-01 13:30:00-04:00,1.0,1.0,1.0,1.0,497,0.0,0.0
2023-11-01 14:30:00-04:00,1.0298999547958374,1.0298999547958374,1.0,1.0,592,0.0,0.0
2023-11-01 15:30:00-04:00,1.0,1.0199999809265137,1.0,1.0099999904632568,0,0.0,0.0
2023-11-02 09:30:00-04:00,1.0099999904632568,1.0499999523162842,1.0099999904632568,1.0398999452590942,13800,0.0,0.0
2023-11-02 10:30:00-04:00,1.0399999618530273,1.0399999618530273,1.0399999618530273,1.0399999618530273,1462,0.0,0.0
2023-11-02 11:30:00-04:00,1.0399999618530273,1.059999942779541,1.0299999713897705,1.059999942779541,14714,0.0,0.0
2023-11-02 12:30:00-04:00,1.059999942779541,1.149999976158142,1.0499999523162842,1.1265000104904175,20540,0.0,0.0
2023-11-02 13:30:00-04:00,1.125,1.1399999856948853,1.0499999523162842,1.059999942779541,5094,0.0,0.0
2023-11-02 14:30:00-04:00,1.059999942779541,1.100000023841858,1.0499999523162842,1.090000033378601,8011,0.0,0.0
2023-11-02 15:30:00-04:00,1.090000033378601,1.1399999856948853,1.0850000381469727,1.1299999952316284,0,0.0,0.0
2023-11-03 09:30:00-04:00,1.1299999952316284,1.145300030708313,1.0800000429153442,1.100000023841858,9593,0.0,0.0
2023-11-03 10:30:00-04:00,1.100000023841858,1.100000023841858,1.0800000429153442,1.0800000429153442,5743,0.0,0.0
2023-11-03 11:30:00-04:00,1.0800000429153442,1.159999966621399,1.0800000429153442,1.159999966621399,18326,0.0,0.0
2023-11-03 12:30:00-04:00,1.1549999713897705,1.1549999713897705,1.1100000143051147,1.1100000143051147,14726,0.0,0.0
2023-11-03 13:30:00-04:00,1.125,1.1699999570846558,1.125,1.169800043106079,21074,0.0,0.0
2023-11-03 14:30:00-04:00,1.1399999856948853,1.1654000282287598,1.1399999856948853,1.1401000022888184,886,0.0,0.0
2023-11-03 15:30:00-04:00,1.1399999856948853,1.1699999570846558,1.1399999856948853,1.1399999856948853,1201,0.0,0.0
2023-11-06 09:30:00-05:00,1.1799999475479126,1.2000000476837158,1.149999976158142,1.1540000438690186,14074,0.0,0.0
2023-11-06 10:30:00-05:00,1.1669000387191772,1.1669000387191772,1.1399999856948853,1.1399999856948853,4750,0.0,0.0
2023-11-06 11:30:00-05:00,1.1200000047683716,1.1200000047683716,1.1200000047683716,1.1200000047683716,422,0.0,0.0
2023-11-06 12:30:00-05:00,1.125,1.125,1.125,1.125,595,0.0,0.0
2023-11-06 14:30:00-05:00,1.1299999952316284,1.159999966621399,1.1299999952316284,1.1597000360488892,9688,0.0,0.0
2023-11-06 15:30:00-05:00,1.1749999523162842,1.190000057220459,1.1749999523162842,1.1799999475479126,9888,0.0,0.0
2023-11-07 09:30:00-05:00,1.149999976158142,1.172700047492981,1.1208000183105469,1.149999976158142,17058,0.0,0.0
2023-11-07 10:30:00-05:00,1.1399999856948853,1.1399999856948853,1.1201000213623047,1.1399999856948853,2845,0.0,0.0
2023-11-07 11:30:00-05:00,1.159999966621399,1.1799999475479126,1.1399999856948853,1.1699999570846558,13101,0.0,0.0
2023-11-07 12:30:00-05:00,1.1866999864578247,1.1899000406265259,1.1299999952316284,1.1299999952316284,6700,0.0,0.0
2023-11-07 13:30:00-05:00,1.1200000047683716,1.1799999475479126,1.1200000047683716,1.149999976158142,17267,0.0,0.0
2023-11-07 14:30:00-05:00,1.1598999500274658,1.1598999500274658,1.1399999856948853,1.1399999856948853,2629,0.0,0.0
2023-11-07 15:30:00-05:00,1.159999966621399,1.1699999570846558,1.1399999856948853,1.149999976158142,17226,0.0,0.0
2023-11-08 09:30:00-05:00,1.1200000047683716,1.1549999713897705,1.1200000047683716,1.1549999713897705,721,0.0,0.0
2023-11-08 10:30:00-05:00,1.1552000045776367,1.1552000045776367,1.1549999713897705,1.1549999713897705,612,0.0,0.0
2023-11-08 11:30:00-05:00,1.1399999856948853,1.1799999475479126,1.1399999856948853,1.1799999475479126,19439,0.0,0.0
2023-11-08 12:30:00-05:00,1.1699999570846558,1.1699999570846558,1.1699999570846558,1.1699999570846558,305,0.0,0.0
2023-11-08 13:30:00-05:00,1.159999966621399,1.1799999475479126,1.149999976158142,1.1649999618530273,24167,0.0,0.0
2023-11-08 14:30:00-05:00,1.159999966621399,1.159999966621399,1.1418999433517456,1.1418999433517456,5405,0.0,0.0
2023-11-08 15:30:00-05:00,1.149999976158142,1.159999966621399,1.1399999856948853,1.159999966621399,0,0.0,0.0
2023-11-09 09:30:00-05:00,1.1399999856948853,1.1799999475479126,1.1200000047683716,1.1785999536514282,16334,0.0,0.0
2023-11-09 10:30:00-05:00,1.1799999475479126,1.190000057220459,1.1699999570846558,1.1708999872207642,2952,0.0,0.0
2023-11-09 11:30:00-05:00,1.1799999475479126,1.184999942779541,1.1799999475479126,1.184999942779541,2086,0.0,0.0
2023-11-09 12:30:00-05:00,1.1800999641418457,1.1800999641418457,1.149999976158142,1.149999976158142,7465,0.0,0.0
2023-11-09 13:30:00-05:00,1.1549999713897705,1.159999966621399,1.1201000213623047,1.149999976158142,5758,0.0,0.0
2023-11-09 14:30:00-05:00,1.1399999856948853,1.149999976158142,1.1373000144958496,1.1373000144958496,7247,0.0,0.0
2023-11-09 15:30:00-05:00,1.1399999856948853,1.149999976158142,1.1399999856948853,1.149999976158142,0,0.0,0.0
2023-11-10 09:30:00-05:00,1.1299999952316284,1.1615999937057495,1.1200000047683716,1.1344000101089478,6293,0.0,0.0
2023-11-10 10:30:00-05:00,1.1299999952316284,1.1729999780654907,1.1080000400543213,1.1399999856948853,14387,0.0,0.0
2023-11-10 11:30:00-05:00,1.1299999952316284,1.1375999450683594,1.1097999811172485,1.1097999811172485,2173,0.0,0.0
2023-11-10 12:30:00-05:00,1.1101000308990479,1.118399977684021,1.100000023841858,1.115399956703186,6804,0.0,0.0
2023-11-10 13:30:00-05:00,1.1018999814987183,1.1018999814987183,1.1013000011444092,1.1013000011444092,1155,0.0,0.0
2023-11-10 15:30:00-05:00,1.1200000047683716,1.1200000047683716,1.100000023841858,1.100000023841858,722,0.0,0.0
2023-11-13 09:30:00-05:00,1.090000033378601,1.1200000047683716,1.0880000591278076,1.1200000047683716,4918,0.0,0.0
2023-11-13 10:30:00-05:00,1.1115000247955322,1.1115000247955322,1.1115000247955322,1.1115000247955322,171,0.0,0.0
2023-11-13 11:30:00-05:00,1.1100000143051147,1.1100000143051147,1.1100000143051147,1.1100000143051147,1143,0.0,0.0
2023-11-13 12:30:00-05:00,1.1100000143051147,1.1101000308990479,1.100000023841858,1.100000023841858,3635,0.0,0.0
2023-11-13 13:30:00-05:00,1.1009999513626099,1.1050000190734863,1.1009999513626099,1.1050000190734863,725,0.0,0.0
2023-11-13 15:30:00-05:00,1.1050000190734863,1.1050000190734863,1.0923000574111938,1.0950000286102295,2461,0.0,0.0
2023-11-14 09:30:00-05:00,1.0700000524520874,1.1348999738693237,1.0700000524520874,1.100000023841858,5021,0.0,0.0
2023-11-14 10:30:00-05:00,1.0800000429153442,1.100000023841858,1.0800000429153442,1.090000033378601,1432,0.0,0.0
2023-11-14 11:30:00-05:00,1.100000023841858,1.1197999715805054,1.0950000286102295,1.1194000244140625,4993,0.0,0.0
2023-11-14 12:30:00-05:00,1.1198999881744385,1.1200000047683716,1.1100000143051147,1.1200000047683716,4606,0.0,0.0
2023-11-14 13:30:00-05:00,1.1035000085830688,1.1150000095367432,1.100000023841858,1.100000023841858,14501,0.0,0.0
2023-11-14 14:30:00-05:00,1.1100000143051147,1.1200000047683716,1.090000033378601,1.100000023841858,16085,0.0,0.0
2023-11-14 15:30:00-05:00,1.100000023841858,1.1100000143051147,1.090000033378601,1.090000033378601,10746,0.0,0.0
2023-11-15 09:30:00-05:00,1.1399999856948853,1.149899959564209,1.0801000595092773,1.1299999952316284,8277,0.0,0.0
2023-11-15 10:30:00-05:00,1.1495000123977661,1.190000057220459,1.1399999856948853,1.1399999856948853,45134,0.0,0.0
2023-11-15 11:30:00-05:00,1.1799999475479126,1.1799999475479126,1.1699999570846558,1.1699999570846558,3678,0.0,0.0
2023-11-15 12:30:00-05:00,1.1699999570846558,1.1749999523162842,1.159999966621399,1.159999966621399,5220,0.0,0.0
2023-11-15 13:30:00-05:00,1.159999966621399,1.159999966621399,1.149999976158142,1.149999976158142,4898,0.0,0.0
2023-11-15 14:30:00-05:00,1.149999976158142,1.1648000478744507,1.100000023841858,1.1200000047683716,6352,0.0,0.0
2023-11-15 15:30:00-05:00,1.1200000047683716,1.121500015258789,1.1100000143051147,1.1100000143051147,0,0.0,0.0
2023-11-16 09:30:00-05:00,1.159999966621399,1.159999966621399,1.1399999856948853,1.1399999856948853,3207,0.0,0.0
2023-11-16 10:30:00-05:00,1.1399999856948853,1.1399999856948853,1.100000023841858,1.1100000143051147,1935,0.0,0.0
2023-11-16 11:30:00-05:00,1.1050000190734863,1.1198999881744385,1.1050000190734863,1.1198999881744385,10463,0.0,0.0
2023-11-16 12:30:00-05:00,1.100000023841858,1.1200000047683716,1.100000023841858,1.1200000047683716,1582,0.0,0.0
2023-11-16 13:30:00-05:00,1.1299999952316284,1.1299999952316284,1.100000023841858,1.1030999422073364,3736,0.0,0.0
2023-11-16 14:30:00-05:00,1.100000023841858,1.1100000143051147,1.0800000429153442,1.0800000429153442,4301,0.0,0.0
2023-11-16 15:30:00-05:00,1.0800000429153442,1.100000023841858,1.0800000429153442,1.0989999771118164,2977,0.0,0.0
2023-11-17 09:30:00-05:00,1.0700000524520874,1.0950000286102295,1.0700000524520874,1.0950000286102295,4923,0.0,0.0
2023-11-17 10:30:00-05:00,1.090000033378601,1.090000033378601,1.0800000429153442,1.0850000381469727,2066,0.0,0.0
2023-11-17 11:30:00-05:00,1.0830999612808228,1.086300015449524,1.0830999612808228,1.0850000381469727,1471,0.0,0.0
2023-11-17 12:30:00-05:00,1.089900016784668,1.0978000164031982,1.0499999523162842,1.0978000164031982,19134,0.0,0.0
2023-11-17 13:30:00-05:00,1.059999942779541,1.096500039100647,1.059999942779541,1.090000033378601,1913,0.0,0.0
2023-11-17 14:30:00-05:00,1.0700000524520874,1.0800000429153442,1.0700000524520874,1.0700000524520874,1026,0.0,0.0
2023-11-17 15:30:00-05:00,1.059999942779541,1.0850000381469727,1.059999942779541,1.0800000429153442,3955,0.0,0.0
2023-11-20 09:30:00-05:00,1.059999942779541,1.075600028038025,1.059999942779541,1.075600028038025,6193,0.0,0.0
2023-11-20 10:30:00-05:00,1.0600999593734741,1.0800000429153442,1.0600999593734741,1.0800000429153442,808,0.0,0.0
2023-11-20 11:30:00-05:00,1.0700000524520874,1.0700000524520874,1.065000057220459,1.0700000524520874,1244,0.0,0.0
2023-11-20 12:30:00-05:00,1.059999942779541,1.100000023841858,1.059999942779541,1.059999942779541,5018,0.0,0.0
2023-11-20 13:30:00-05:00,1.0800000429153442,1.100000023841858,1.0800000429153442,1.100000023841858,2571,0.0,0.0
2023-11-20 14:30:00-05:00,1.100000023841858,1.100000023841858,1.100000023841858,1.100000023841858,216,0.0,0.0
2023-11-20 15:30:00-05:00,1.0700000524520874,1.0800000429153442,1.0600999593734741,1.0600999593734741,0,0.0,0.0
2023-11-21 09:30:00-05:00,1.0499999523162842,1.0836999416351318,1.0399999618530273,1.059999942779541,17526,0.0,0.0
2023-11-21 10:30:00-05:00,1.0741000175476074,1.0800000429153442,1.0614999532699585,1.0614999532699585,2741,0.0,0.0
2023-11-21 11:30:00-05:00,1.059999942779541,1.059999942779541,1.0499999523162842,1.0499999523162842,3187,0.0,0.0
2023-11-21 12:30:00-05:00,1.0800000429153442,1.0800000429153442,1.0499999523162842,1.0499999523162842,1770,0.0,0.0
2023-11-21 13:30:00-05:00,1.0700000524520874,1.0700000524520874,1.0499999523162842,1.0499999523162842,11034,0.0,0.0
2023-11-21 14:30:00-05:00,1.0500999689102173,1.0500999689102173,1.0199999809265137,1.029099941253662,6836,0.0,0.0
2023-11-21 15:30:00-05:00,1.0199999809265137,1.0299999713897705,1.0199999809265137,1.024999976158142,10658,0.0,0.0
2023-11-22 09:30:00-05:00,1.0299999713897705,1.090000033378601,1.0199999809265137,1.0549999475479126,14363,0.0,0.0
2023-11-22 10:30:00-05:00,1.0399999618530273,1.059999942779541,1.0299999713897705,1.0299999713897705,2273,0.0,0.0
2023-11-22 11:30:00-05:00,1.0299999713897705,1.059999942779541,1.0199999809265137,1.0199999809265137,11627,0.0,0.0
2023-11-22 12:30:00-05:00,1.0199999809265137,1.0555000305175781,1.0199999809265137,1.0199999809265137,3748,0.0,0.0
2023-11-22 13:30:00-05:00,1.0199999809265137,1.0399999618530273,1.0199999809265137,1.0199999809265137,10574,0.0,0.0
2023-11-22 14:30:00-05:00,1.0099999904632568,1.0499999523162842,1.0099999904632568,1.0099999904632568,10732,0.0,0.0
2023-11-22 15:30:00-05:00,1.0191999673843384,1.0198999643325806,1.0120999813079834,1.0149999856948853,6211,0.0,0.0
2023-11-24 09:30:00-05:00,1.0099999904632568,1.059999942779541,1.0099999904632568,1.059999942779541,2156,0.0,0.0
2023-11-24 10:30:00-05:00,1.0499999523162842,1.059999942779541,1.0200999975204468,1.059999942779541,4897,0.0,0.0
2023-11-27 09:30:00-05:00,1.0499999523162842,1.090000033378601,1.0499999523162842,1.0750000476837158,7417,0.0,0.0
2023-11-27 10:30:00-05:00,1.070099949836731,1.090000033378601,1.0501999855041504,1.0700000524520874,5917,0.0,0.0
2023-11-27 11:30:00-05:00,1.090000033378601,1.090000033378601,1.090000033378601,1.090000033378601,178,0.0,0.0
2023-11-27 12:30:00-05:00,1.0800000429153442,1.090000033378601,1.0499999523162842,1.0499999523162842,10470,0.0,0.0
2023-11-27 13:30:00-05:00,1.0499999523162842,1.059999942779541,1.0399999618530273,1.0499999523162842,4627,0.0,0.0
2023-11-27 14:30:00-05:00,1.0399999618530273,1.0449999570846558,1.0298999547958374,1.0299999713897705,7694,0.0,0.0
2023-11-27 15:30:00-05:00,1.0299999713897705,1.089900016784668,1.0299999713897705,1.034999966621399,8787,0.0,0.0
2023-11-28 09:30:00-05:00,1.086400032043457,1.086400032043457,1.0499999523162842,1.0700000524520874,2775,0.0,0.0
2023-11-28 10:30:00-05:00,1.0700000524520874,1.073099970817566,1.0299999713897705,1.059999942779541,3856,0.0,0.0
2023-11-28 11:30:00-05:00,1.0468000173568726,1.0509999990463257,1.033400058746338,1.0509999990463257,3659,0.0,0.0
2023-11-28 12:30:00-05:00,1.0700000524520874,1.0999000072479248,1.0700000524520874,1.0800000429153442,18169,0.0,0.0
2023-11-28 13:30:00-05:00,1.0750000476837158,1.100000023841858,1.0600999593734741,1.0700000524520874,25961,0.0,0.0
2023-11-28 14:30:00-05:00,1.0700000524520874,1.0850000381469727,1.065000057220459,1.0850000381469727,5584,0.0,0.0
2023-11-28 15:30:00-05:00,1.0850000381469727,1.100000023841858,1.0800000429153442,1.100000023841858,0,0.0,0.0
2023-11-29 09:30:00-05:00,1.1100000143051147,1.1200000047683716,1.0836999416351318,1.090000033378601,12665,0.0,0.0
2023-11-29 10:30:00-05:00,1.0942000150680542,1.1200000047683716,1.0942000150680542,1.1200000047683716,4858,0.0,0.0
2023-11-29 11:30:00-05:00,1.1100000143051147,1.1100000143051147,1.100000023841858,1.1100000143051147,9271,0.0,0.0
2023-11-29 12:30:00-05:00,1.1050000190734863,1.1100000143051147,1.0800000429153442,1.0800000429153442,4542,0.0,0.0
2023-11-29 13:30:00-05:00,1.090000033378601,1.1085000038146973,1.0800000429153442,1.1085000038146973,2839,0.0,0.0
2023-11-29 14:30:00-05:00,1.0901000499725342,1.1100000143051147,1.0700000524520874,1.090000033378601,11161,0.0,0.0
2023-11-29 15:30:00-05:00,1.0700000524520874,1.100000023841858,1.0700000524520874,1.0800000429153442,3020,0.0,0.0
2023-11-30 09:30:00-05:00,1.059999942779541,1.090000033378601,1.059999942779541,1.0800000429153442,16358,0.0,0.0
2023-11-30 10:30:00-05:00,1.0799000263214111,1.1198999881744385,1.0799000263214111,1.1050000190734863,15264,0.0,0.0
2023-11-30 11:30:00-05:00,1.0937000513076782,1.149999976158142,1.0937000513076782,1.1150000095367432,19265,0.0,0.0
2023-11-30 12:30:00-05:00,1.1200000047683716,1.25,1.1200000047683716,1.2400000095367432,105174,0.0,0.0
2023-11-30 13:30:00-05:00,1.2481000423431396,1.2661999464035034,1.1799999475479126,1.2000000476837158,44448,0.0,0.0
2023-11-30 14:30:00-05:00,1.187999963760376,1.2100000381469727,1.1699999570846558,1.1699999570846558,29965,0.0,0.0
2023-11-30 15:30:00-05:00,1.1699999570846558,1.2000000476837158,1.1699999570846558,1.1699999570846558,14286,0.0,0.0
2023-12-01 09:30:00-05:00,1.1699999570846558,1.190000057220459,1.1200000047683716,1.1699999570846558,16410,0.0,0.0
2023-12-01 10:30:00-05:00,1.159999966621399,1.1699999570846558,1.0800000429153442,1.1100000143051147,60590,0.0,0.0
2023-12-01 11:30:00-05:00,1.1100000143051147,1.1200000047683716,1.1013000011444092,1.1050000190734863,3987,0.0,0.0
2023-12-01 12:30:00-05:00,1.100000023841858,1.100000023841858,1.100000023841858,1.100000023841858,668,0.0,0.0
2023-12-01 13:30:00-05:00,1.1050000190734863,1.1399999856948853,1.1050000190734863,1.1399999856948853,8884,0.0,0.0
2023-12-01 14:30:00-05:00,1.1699999570846558,1.2000000476837158,1.1200000047683716,1.1200000047683716,32160,0.0,0.0
2023-12-01 15:30:00-05:00,1.1799999475479126,1.1799999475479126,1.1799999475479126,1.1799999475479126,1468,0.0,0.0
2023-12-04 09:30:00-05:00,1.149999976158142,1.149999976158142,1.101199984550476,1.149999976158142,3787,0.0,0.0
2023-12-04 10:30:00-05:00,1.1399999856948853,1.1799999475479126,1.1308000087738037,1.159999966621399,6506,0.0,0.0
2023-12-04 11:30:00-05:00,1.1699999570846558,1.1994999647140503,1.1519999504089355,1.1793999671936035,13291,0.0,0.0
2023-12-04 12:30:00-05:00,1.1799999475479126,1.2000000476837158,1.1699999570846558,1.2000000476837158,18459,0.0,0.0
2023-12-04 13:30:00-05:00,1.1799999475479126,1.2000000476837158,1.1799999475479126,1.2000000476837158,2619,0.0,0.0
2023-12-04 14:30:00-05:00,1.1900999546051025,1.2100000381469727,1.190000057220459,1.2100000381469727,46820,0.0,0.0
2023-12-04 15:30:00-05:00,1.2300000190734863,1.2400000095367432,1.2000000476837158,1.2100000381469727,4553,0.0,0.0
2023-12-05 09:30:00-05:00,1.1799999475479126,1.2100000381469727,1.1618000268936157,1.2000000476837158,3555,0.0,0.0
2023-12-05 10:30:00-05:00,1.2100000381469727,1.2300000190734863,1.2100000381469727,1.2100000381469727,6234,0.0,0.0
2023-12-05 11:30:00-05:00,1.2000000476837158,1.2300000190734863,1.2000000476837158,1.225000023841858,4400,0.0,0.0
2023-12-05 12:30:00-05:00,1.2000000476837158,1.2200000286102295,1.198699951171875,1.2200000286102295,6769,0.0,0.0
2023-12-05 13:30:00-05:00,1.2050000429153442,1.2200000286102295,1.1799999475479126,1.2000000476837158,8924,0.0,0.0
2023-12-05 14:30:00-05:00,1.2000000476837158,1.2000000476837158,1.2000000476837158,1.2000000476837158,633,0.0,0.0
2023-12-05 15:30:00-05:00,1.1950000524520874,1.2000000476837158,1.1799999475479126,1.2000000476837158,890,0.0,0.0
2023-12-06 09:30:00-05:00,1.190000057220459,1.2000000476837158,1.1711000204086304,1.1799999475479126,5253,0.0,0.0
2023-12-06 10:30:00-05:00,1.190000057220459,1.2300000190734863,1.1854000091552734,1.1854000091552734,3062,0.0,0.0
2023-12-06 11:30:00-05:00,1.2274999618530273,1.2300000190734863,1.1799999475479126,1.1799999475479126,19541,0.0,0.0
2023-12-06 12:30:00-05:00,1.1800999641418457,1.2100000381469727,1.1699999570846558,1.2100000381469727,4178,0.0,0.0
2023-12-06 13:30:00-05:00,1.18149995803833,1.2100000381469727,1.18149995803833,1.2000000476837158,3789,0.0,0.0
2023-12-06 14:30:00-05:00,1.2100000381469727,1.2300000190734863,1.2000000476837158,1.2300000190734863,2093,0.0,0.0
2023-12-06 15:30:00-05:00,1.2300000190734863,1.2300000190734863,1.1799999475479126,1.2200000286102295,0,0.0,0.0
2023-12-07 09:30:00-05:00,1.1699999570846558,1.2200000286102295,1.1699999570846558,1.191499948501587,6479,0.0,0.0
2023-12-07 10:30:00-05:00,1.190000057220459,1.190000057220459,1.1799999475479126,1.1799999475479126,1271,0.0,0.0
2023-12-07 11:30:00-05:00,1.190000057220459,1.19350004196167,1.190000057220459,1.19350004196167,10531,0.0,0.0
2023-12-07 13:30:00-05:00,1.1899000406265259,1.190000057220459,1.1892999410629272,1.190000057220459,879,0.0,0.0
2023-12-07 14:30:00-05:00,1.1899000406265259,1.190000057220459,1.170300006866455,1.190000057220459,6061,0.0,0.0
2023-12-07 15:30:00-05:00,1.1749999523162842,1.1749999523162842,1.1699999570846558,1.1699999570846558,2141,0.0,0.0
2023-12-08 09:30:00-05:00,1.1699999570846558,1.190500020980835,1.1699999570846558,1.190500020980835,16145,0.0,0.0
2023-12-08 10:30:00-05:00,1.1992000341415405,1.2000000476837158,1.1992000341415405,1.2000000476837158,831,0.0,0.0
2023-12-08 11:30:00-05:00,1.2000000476837158,1.2000000476837158,1.190000057220459,1.190000057220459,3032,0.0,0.0
2023-12-08 12:30:00-05:00,1.2000000476837158,1.2100000381469727,1.190000057220459,1.2000000476837158,2249,0.0,0.0
2023-12-08 13:30:00-05:00,1.2100000381469727,1.2300000190734863,1.2100000381469727,1.229699969291687,18439,0.0,0.0
2023-12-08 14:30:00-05:00,1.2200000286102295,1.2699999809265137,1.2120000123977661,1.2599999904632568,14005,0.0,0.0
2023-12-08 15:30:00-05:00,1.2599999904632568,1.2699999809265137,1.2200000286102295,1.2599999904632568,9344,0.0,0.0
2023-12-11 09:30:00-05:00,1.2400000095367432,1.2699999809265137,1.2110999822616577,1.2200000286102295,17732,0.0,0.0
2023-12-11 10:30:00-05:00,1.2100000381469727,1.2300000190734863,1.1811000108718872,1.2200000286102295,8962,0.0,0.0
2023-12-11 11:30:00-05:00,1.2000999450683594,1.2000999450683594,1.1799999475479126,1.1998000144958496,9474,0.0,0.0
2023-12-11 12:30:00-05:00,1.1820000410079956,1.2300000190734863,1.1799999475479126,1.2300000190734863,3803,0.0,0.0
2023-12-11 13:30:00-05:00,1.1928999423980713,1.2300000190734863,1.1928000450134277,1.2100000381469727,3918,0.0,0.0
2023-12-11 14:30:00-05:00,1.2000000476837158,1.2000000476837158,1.170300006866455,1.1799999475479126,11703,0.0,0.0
2023-12-11 15:30:00-05:00,1.1699999570846558,1.2000000476837158,1.1699999570846558,1.1991000175476074,1079,0.0,0.0
2023-12-12 09:30:00-05:00,1.2100000381469727,1.2100000381469727,1.2000000476837158,1.2000000476837158,6621,0.0,0.0
2023-12-12 10:30:00-05:00,1.1699999570846558,1.1700999736785889,1.1399999856948853,1.1401000022888184,13966,0.0,0.0
2023-12-12 11:30:00-05:00,1.1399999856948853,1.1399999856948853,1.1100000143051147,1.1210999488830566,7394,0.0,0.0
2023-12-12 12:30:00-05:00,1.121000051498413,1.1299999952316284,1.1200000047683716,1.1298999786376953,2511,0.0,0.0
2023-12-12 13:30:00-05:00,1.121399998664856,1.1299999952316284,1.1200000047683716,1.1200000047683716,5666,0.0,0.0
2023-12-12 14:30:00-05:00,1.1201000213623047,1.1201000213623047,1.0700000524520874,1.0994000434875488,25593,0.0,0.0
2023-12-12 15:30:00-05:00,1.090000033378601,1.1299999952316284,1.090000033378601,1.1100000143051147,4210,0.0,0.0
2023-12-13 09:30:00-05:00,1.100000023841858,1.1200000047683716,1.100000023841858,1.1200000047683716,1824,0.0,0.0
2023-12-13 10:30:00-05:00,1.1194000244140625,1.1200000047683716,1.110200047492981,1.1102999448776245,3033,0.0,0.0
2023-12-13 11:30:00-05:00,1.1299999952316284,1.1299999952316284,1.1200000047683716,1.1200000047683716,1059,0.0,0.0
2023-12-13 12:30:00-05:00,1.1102999448776245,1.1102999448776245,1.1102999448776245,1.1102999448776245,206,0.0,0.0
2023-12-13 13:30:00-05:00,1.1200000047683716,1.1200000047683716,1.110200047492981,1.110200047492981,911,0.0,0.0
2023-12-13 14:30:00-05:00,1.1299999952316284,1.1299999952316284,1.1200000047683716,1.1200000047683716,2210,0.0,0.0
2023-12-13 15:30:00-05:00,1.1200000047683716,1.1299999952316284,1.1100000143051147,1.1200000047683716,1528,0.0,0.0
2023-12-14 09:30:00-05:00,1.2000000476837158,1.216599941253662,1.1582000255584717,1.1582000255584717,8203,0.0,0.0
2023-12-14 10:30:00-05:00,1.149999976158142,1.1800999641418457,1.1399999856948853,1.1401000022888184,11154,0.0,0.0
2023-12-14 11:30:00-05:00,1.1699999570846558,1.1790000200271606,1.1302000284194946,1.1699999570846558,10654,0.0,0.0
2023-12-14 12:30:00-05:00,1.190000057220459,1.190000057220459,1.159999966621399,1.1799999475479126,8364,0.0,0.0
2023-12-14 13:30:00-05:00,1.159999966621399,1.1649999618530273,1.1399999856948853,1.1399999856948853,8199,0.0,0.0
2023-12-14 14:30:00-05:00,1.1399999856948853,1.1399999856948853,1.1100000143051147,1.1298999786376953,8555,0.0,0.0
2023-12-14 15:30:00-05:00,1.1100000143051147,1.1200000047683716,1.1100000143051147,1.1101000308990479,982,0.0,0.0
2023-12-15 09:30:00-05:00,1.1799999475479126,1.1799999475479126,1.1299999952316284,1.1399999856948853,7020,0.0,0.0
2023-12-15 10:30:00-05:00,1.1295000314712524,1.159999966621399,1.1295000314712524,1.149399995803833,8397,0.0,0.0
2023-12-15 11:30:00-05:00,1.1399999856948853,1.1402000188827515,1.1200000047683716,1.1349999904632568,8598,0.0,0.0
2023-12-15 12:30:00-05:00,1.149999976158142,1.149999976158142,1.100000023841858,1.1260000467300415,12037,0.0,0.0
2023-12-15 13:30:00-05:00,1.1299999952316284,1.1399999856948853,1.1200000047683716,1.1282999515533447,6067,0.0,0.0
2023-12-15 14:30:00-05:00,1.1200000047683716,1.1200000047683716,1.1017999649047852,1.1100000143051147,5381,0.0,0.0
2023-12-15 15:30:00-05:00,1.1200000047683716,1.1200000047683716,1.100000023841858,1.1100000143051147,3926,0.0,0.0
2023-12-18 09:30:00-05:00,1.1200000047683716,1.149999976158142,1.1028000116348267,1.1298999786376953,25035,0.0,0.0
2023-12-18 10:30:00-05:00,1.1299999952316284,1.1444000005722046,1.1126999855041504,1.1180000305175781,3079,0.0,0.0
2023-12-18 11:30:00-05:00,1.1368000507354736,1.1368000507354736,1.1109999418258667,1.118899941444397,1670,0.0,0.0
2023-12-18 12:30:00-05:00,1.1009999513626099,1.1200000047683716,1.0700000524520874,1.117400050163269,14316,0.0,0.0
2023-12-18 13:30:00-05:00,1.100000023841858,1.1098999977111816,1.0950000286102295,1.1002000570297241,1940,0.0,0.0
2023-12-18 14:30:00-05:00,1.100000023841858,1.1095000505447388,1.100000023841858,1.100000023841858,1671,0.0,0.0
2023-12-18 15:30:00-05:00,1.1100000143051147,1.1100000143051147,1.0800000429153442,1.0800000429153442,2823,0.0,0.0
2023-12-19 09:30:00-05:00,1.100000023841858,1.100000023841858,1.0813000202178955,1.0824999809265137,8117,0.0,0.0
2023-12-19 10:30:00-05:00,1.0987000465393066,1.100000023841858,1.0820000171661377,1.090000033378601,5600,0.0,0.0
2023-12-19 11:30:00-05:00,1.0989999771118164,1.0989999771118164,1.0920000076293945,1.0988999605178833,818,0.0,0.0
2023-12-19 12:30:00-05:00,1.100000023841858,1.100600004196167,1.090000033378601,1.096500039100647,5831,0.0,0.0
2023-12-19 13:30:00-05:00,1.0901999473571777,1.100000023841858,1.0901999473571777,1.100000023841858,1702,0.0,0.0
2023-12-19 14:30:00-05:00,1.0999000072479248,1.0999000072479248,1.0800000429153442,1.090000033378601,7807,0.0,0.0
2023-12-19 15:30:00-05:00,1.090000033378601,1.100000023841858,1.090000033378601,1.100000023841858,1743,0.0,0.0
2023-12-20 09:30:00-05:00,1.090000033378601,1.090000033378601,1.0800000429153442,1.090000033378601,18607,0.0,0.0
2023-12-20 10:30:00-05:00,1.080399990081787,1.1299999952316284,1.0700000524520874,1.0800000429153442,20899,0.0,0.0
2023-12-20 11:30:00-05:00,1.090000033378601,1.090000033378601,1.0800000429153442,1.0810999870300293,1128,0.0,0.0
2023-12-20 12:30:00-05:00,1.0810999870300293,1.100000023841858,1.0810999870300293,1.090000033378601,1106,0.0,0.0
2023-12-20 13:30:00-05:00,1.0959999561309814,1.0959999561309814,1.0800000429153442,1.0800000429153442,863,0.0,0.0
2023-12-20 14:30:00-05:00,1.0800000429153442,1.090000033378601,1.0499999523162842,1.0499999523162842,16915,0.0,0.0
2023-12-20 15:30:00-05:00,1.0537999868392944,1.059999942779541,1.0499999523162842,1.0499999523162842,2967,0.0,0.0
2023-12-21 09:30:00-05:00,1.0700000524520874,1.0800000429153442,1.0399999618530273,1.0399999618530273,18468,0.0,0.0
2023-12-21 10:30:00-05:00,1.0399999618530273,1.0499999523162842,1.0399999618530273,1.0406999588012695,19452,0.0,0.0
2023-12-21 11:30:00-05:00,1.0399999618530273,1.065000057220459,1.0399999618530273,1.065000057220459,11787,0.0,0.0
2023-12-21 12:30:00-05:00,1.0700000524520874,1.0700000524520874,1.059999942779541,1.059999942779541,1039,0.0,0.0
2023-12-21 13:30:00-05:00,1.059999942779541,1.100000023841858,1.059999942779541,1.0700000524520874,25269,0.0,0.0
2023-12-21 14:30:00-05:00,1.0738999843597412,1.1299999952316284,1.0738999843597412,1.1200000047683716,26194,0.0,0.0
2023-12-21 15:30:00-05:00,1.1003999710083008,1.1200000047683716,1.100000023841858,1.1100000143051147,1665,0.0,0.0
2023-12-22 09:30:00-05:00,1.100000023841858,1.1354999542236328,1.059999942779541,1.0794999599456787,7851,0.0,0.0
2023-12-22 10:30:00-05:00,1.090000033378601,1.1088000535964966,1.0700000524520874,1.0800000429153442,5656,0.0,0.0
2023-12-22 11:30:00-05:00,1.0800000429153442,1.100000023841858,1.0738999843597412,1.100000023841858,14637,0.0,0.0
2023-12-22 12:30:00-05:00,1.0951000452041626,1.100000023841858,1.0850000381469727,1.100000023841858,2257,0.0,0.0
2023-12-22 13:30:00-05:00,1.090000033378601,1.0980000495910645,1.0800000429153442,1.090000033378601,8735,0.0,0.0
2023-12-22 14:30:00-05:00,1.0981999635696411,1.100000023841858,1.090000033378601,1.0950000286102295,2904,0.0,0.0
2023-12-22 15:30:00-05:00,1.090000033378601,1.100000023841858,1.090000033378601,1.100000023841858,5989,0.0,0.0
2023-12-26 09:30:00-05:00,1.0800000429153442,1.1150000095367432,1.0800000429153442,1.1101000308990479,11334,0.0,0.0
2023-12-26 10:30:00-05:00,1.1101000308990479,1.149999976158142,1.1100000143051147,1.1150000095367432,3492,0.0,0.0
2023-12-26 11:30:00-05:00,1.1100000143051147,1.1198999881744385,1.1100000143051147,1.1186000108718872,6682,0.0,0.0
2023-12-26 12:30:00-05:00,1.1100000143051147,1.1200000047683716,1.100000023841858,1.1200000047683716,3410,0.0,0.0
2023-12-26 13:30:00-05:00,1.1100000143051147,1.1200000047683716,1.100000023841858,1.1200000047683716,9903,0.0,0.0
2023-12-26 14:30:00-05:00,1.1150000095367432,1.1299999952316284,1.1150000095367432,1.128000020980835,7063,0.0,0.0
2023-12-26 15:30:00-05:00,1.1121000051498413,1.1299999952316284,1.11080002784729,1.1299999952316284,0,0.0,0.0
2023-12-27 09:30:00-05:00,1.100000023841858,1.1799999475479126,1.100000023841858,1.1799999475479126,86080,0.0,0.0
2023-12-27 10:30:00-05:00,1.1763999462127686,1.190000057220459,1.1749999523162842,1.1800999641418457,12305,0.0,0.0
2023-12-27 11:30:00-05:00,1.1886999607086182,1.1886999607086182,1.1399999856948853,1.159999966621399,40149,0.0,0.0
2023-12-27 12:30:00-05:00,1.1500999927520752,1.190000057220459,1.1299999952316284,1.1799999475479126,48376,0.0,0.0
2023-12-27 13:30:00-05:00,1.1699999570846558,1.190000057220459,1.1699999570846558,1.184999942779541,6104,0.0,0.0
2023-12-27 14:30:00-05:00,1.1899000406265259,1.2000000476837158,1.184999942779541,1.190000057220459,27265,0.0,0.0
2023-12-27 15:30:00-05:00,1.1950000524520874,1.2200000286102295,1.190000057220459,1.2200000286102295,46411,0.0,0.0
2023-12-28 09:30:00-05:00,1.2200000286102295,1.2699999809265137,1.2200000286102295,1.249899983406067,13635,0.0,0.0
2023-12-28 10:30:00-05:00,1.249899983406067,1.399999976158142,1.2300000190734863,1.3899999856948853,124911,0.0,0.0
2023-12-28 11:30:00-05:00,1.3899999856948853,1.409999966621399,1.2899999618530273,1.350000023841858,51822,0.0,0.0
2023-12-28 12:30:00-05:00,1.340000033378601,1.3899999856948853,1.2999999523162842,1.3833999633789062,37527,0.0,0.0
2023-12-28 13:30:00-05:00,1.399999976158142,1.440000057220459,1.3899999856948853,1.3973000049591064,53985,0.0,0.0
2023-12-28 14:30:00-05:00,1.399999976158142,1.399999976158142,1.3601000308990479,1.3667000532150269,5217,0.0,0.0
2023-12-28 15:30:00-05:00,1.3799999952316284,1.440000057220459,1.3798999786376953,1.3899999856948853,34404,0.0,0.0
2023-12-29 09:30:00-05:00,1.3799999952316284,1.4900000095367432,1.3799999952316284,1.4199999570846558,58854,0.0,0.0
2023-12-29 10:30:00-05:00,1.3899999856948853,1.399999976158142,1.3700000047683716,1.399999976158142,6513,0.0,0.0
2023-12-29 11:30:00-05:00,1.3899999856948853,1.399999976158142,1.3801000118255615,1.3975000381469727,3426,0.0,0.0
2023-12-29 12:30:00-05:00,1.409999966621399,1.409999966621399,1.3601000308990479,1.3700000047683716,18540,0.0,0.0
2023-12-29 13:30:00-05:00,1.3624000549316406,1.3799999952316284,1.2773000001907349,1.340000033378601,30801,0.0,0.0
2023-12-29 14:30:00-05:00,1.340000033378601,1.3700000047683716,1.315999984741211,1.3700000047683716,6162,0.0,0.0
2023-12-29 15:30:00-05:00,1.3550000190734863,1.3700000047683716,1.350000023841858,1.350000023841858,22076,0.0,0.0
2024-01-02 09:30:00-05:00,1.309999942779541,1.3558000326156616,1.2799999713897705,1.2799999713897705,14030,0.0,0.0
2024-01-02 10:30:00-05:00,1.2899999618530273,1.2910000085830688,1.2599999904632568,1.2599999904632568,13490,0.0,0.0
2024-01-02 11:30:00-05:00,1.2999999523162842,1.2999999523162842,1.2999999523162842,1.2999999523162842,1046,0.0,0.0
2024-01-02 12:30:00-05:00,1.2996000051498413,1.2996000051498413,1.2799999713897705,1.2799999713897705,656,0.0,0.0
2024-01-02 13:30:00-05:00,1.2999999523162842,1.2999999523162842,1.2999999523162842,1.2999999523162842,1009,0.0,0.0
2024-01-02 14:30:00-05:00,1.2799999713897705,1.2799999713897705,1.2599999904632568,1.2599999904632568,4577,0.0,0.0
2024-01-02 15:30:00-05:00,1.2699999809265137,1.2790000438690186,1.2300000190734863,1.2300000190734863,40820,0.0,0.0
2024-01-03 09:30:00-05:00,1.2400000095367432,1.2699999809265137,1.2300000190734863,1.2649999856948853,14298,0.0,0.0
2024-01-03 10:30:00-05:00,1.2754000425338745,1.2754000425338745,1.2450000047683716,1.2450000047683716,3447,0.0,0.0
2024-01-03 11:30:00-05:00,1.2400000095367432,1.2400000095367432,1.2300000190734863,1.2300000190734863,1210,0.0,0.0
2024-01-03 12:30:00-05:00,1.2200000286102295,1.225000023841858,1.2200000286102295,1.2203999757766724,4918,0.0,0.0
2024-01-03 13:30:00-05:00,1.2211999893188477,1.2445000410079956,1.2211999893188477,1.2445000410079956,1104,0.0,0.0
2024-01-03 14:30:00-05:00,1.2400000095367432,1.2799999713897705,1.2200000286102295,1.2201000452041626,8566,0.0,0.0
2024-01-03 15:30:00-05:00,1.2400000095367432,1.2599999904632568,1.2400000095367432,1.2599999904632568,4042,0.0,0.0
2024-01-04 09:30:00-05:00,1.25,1.3032000064849854,1.2100000381469727,1.2259999513626099,10270,0.0,0.0
2024-01-04 10:30:00-05:00,1.2289999723434448,1.2599999904632568,1.2161999940872192,1.2400000095367432,11638,0.0,0.0
2024-01-04 11:30:00-05:00,1.229099988937378,1.229099988937378,1.229099988937378,1.229099988937378,435,0.0,0.0
2024-01-04 12:30:00-05:00,1.2599999904632568,1.2599999904632568,1.2599999904632568,1.2599999904632568,100,0.0,0.0
2024-01-04 13:30:00-05:00,1.2732000350952148,1.2732000350952148,1.2599999904632568,1.2599999904632568,1376,0.0,0.0
2024-01-04 14:30:00-05:00,1.2599999904632568,1.2599999904632568,1.2599999904632568,1.2599999904632568,266,0.0,0.0
2024-01-04 15:30:00-05:00,1.25,1.2599999904632568,1.2100000381469727,1.2400000095367432,14629,0.0,0.0
2024-01-05 09:30:00-05:00,1.2400000095367432,1.2699999809265137,1.2400000095367432,1.2699999809265137,22157,0.0,0.0
2024-01-05 10:30:00-05:00,1.2999999523162842,1.3300000429153442,1.274999976158142,1.3294999599456787,13168,0.0,0.0
2024-01-05 11:30:00-05:00,1.2999999523162842,1.3200000524520874,1.2999999523162842,1.309999942779541,4994,0.0,0.0
2024-01-05 12:30:00-05:00,1.3049999475479126,1.3049999475479126,1.3049999475479126,1.3049999475479126,158,0.0,0.0
2024-01-05 13:30:00-05:00,1.2899999618530273,1.309999942779541,1.2899999618530273,1.309999942779541,1714,0.0,0.0
2024-01-05 14:30:00-05:00,1.2899999618530273,1.2999999523162842,1.2899999618530273,1.2899999618530273,1765,0.0,0.0
2024-01-05 15:30:00-05:00,1.2900999784469604,1.2900999784469604,1.2899999618530273,1.2899999618530273,260,0.0,0.0
2024-01-08 09:30:00-05:00,1.2999999523162842,1.3600000143051147,1.2999999523162842,1.3499000072479248,7275,0.0,0.0
2024-01-08 10:30:00-05:00,1.3142000436782837,1.340000033378601,1.3142000436782837,1.3200000524520874,2674,0.0,0.0
2024-01-08 11:30:00-05:00,1.3200000524520874,1.3200000524520874,1.3200000524520874,1.3200000524520874,790,0.0,0.0
2024-01-08 12:30:00-05:00,1.3200000524520874,1.3200000524520874,1.2999999523162842,1.3003000020980835,5786,0.0,0.0
2024-01-08 13:30:00-05:00,1.2899999618530273,1.2899999618530273,1.2899999618530273,1.2899999618530273,612,0.0,0.0
2024-01-08 14:30:00-05:00,1.2877000570297241,1.2898999452590942,1.2877000570297241,1.2898999452590942,483,0.0,0.0
2024-01-08 15:30:00-05:00,1.2899999618530273,1.2899999618530273,1.2799999713897705,1.2899999618530273,973,0.0,0.0
2024-01-09 09:30:00-05:00,1.2799999713897705,1.2799999713897705,1.2611000537872314,1.2699999809265137,1795,0.0,0.0
2024-01-09 10:30:00-05:00,1.2699999809265137,1.2799999713897705,1.2698999643325806,1.2699999809265137,6907,0.0,0.0
2024-01-09 11:30:00-05:00,1.2898999452590942,1.2898999452590942,1.25,1.2699999809265137,7464,0.0,0.0
2024-01-09 12:30:00-05:00,1.2599999904632568,1.2699999809265137,1.2599999904632568,1.2699999809265137,514,0.0,0.0
2024-01-09 13:30:00-05:00,1.269700050354004,1.2899999618530273,1.269700050354004,1.2799999713897705,10753,0.0,0.0
2024-01-09 14:30:00-05:00,1.2899999618530273,1.2899999618530273,1.2890000343322754,1.2899999618530273,1077,0.0,0.0
2024-01-09 15:30:00-05:00,1.2899999618530273,1.2899999618530273,1.2599999904632568,1.2599999904632568,590,0.0,0.0
2024-01-10 09:30:00-05:00,1.2599999904632568,1.2999999523162842,1.2200000286102295,1.2999999523162842,22408,0.0,0.0
2024-01-10 10:30:00-05:00,1.3063000440597534,1.350000023841858,1.3063000440597534,1.3200000524520874,18679,0.0,0.0
2024-01-10 11:30:00-05:00,1.3199000358581543,1.3600000143051147,1.3199000358581543,1.350000023841858,23423,0.0,0.0
2024-01-10 12:30:00-05:00,1.350000023841858,1.402500033378601,1.350000023841858,1.3700000047683716,22864,0.0,0.0
2024-01-10 13:30:00-05:00,1.3794000148773193,1.4600000381469727,1.3794000148773193,1.4500000476837158,32065,0.0,0.0
2024-01-10 14:30:00-05:00,1.4500000476837158,1.4500000476837158,1.4199999570846558,1.4200999736785889,16633,0.0,0.0
2024-01-10 15:30:00-05:00,1.4270999431610107,1.4299999475479126,1.399999976158142,1.4299999475479126,12095,0.0,0.0
2024-01-11 09:30:00-05:00,1.4500000476837158,1.4782999753952026,1.3301000595092773,1.3301000595092773,19453,0.0,0.0
2024-01-11 10:30:00-05:00,1.350100040435791,1.3899999856948853,1.350100040435791,1.379699945449829,9172,0.0,0.0
2024-01-11 11:30:00-05:00,1.3799999952316284,1.3876999616622925,1.3774000406265259,1.3876999616622925,1783,0.0,0.0
2024-01-11 12:30:00-05:00,1.3949999809265137,1.4199999570846558,1.3899999856948853,1.4140000343322754,1486,0.0,0.0
2024-01-11 14:30:00-05:00,1.3899999856948853,1.3899999856948853,1.3899999856948853,1.3899999856948853,249,0.0,0.0
2024-01-11 15:30:00-05:00,1.3890000581741333,1.3890000581741333,1.3700000047683716,1.3700000047683716,0,0.0,0.0
2024-01-12 09:30:00-05:00,1.399999976158142,1.5,1.399999976158142,1.402500033378601,26710,0.0,0.0
2024-01-12 10:30:00-05:00,1.4127000570297241,1.4148000478744507,1.410099983215332,1.410099983215332,1611,0.0,0.0
2024-01-12 11:30:00-05:00,1.4484000205993652,1.4699000120162964,1.4484000205993652,1.4699000120162964,2433,0.0,0.0
2024-01-12 12:30:00-05:00,1.452299952507019,1.452299952507019,1.409999966621399,1.4500000476837158,9014,0.0,0.0
2024-01-12 13:30:00-05:00,1.4500000476837158,1.468999981880188,1.437000036239624,1.4400999546051025,5013,0.0,0.0
2024-01-12 14:30:00-05:00,1.440000057220459,1.4500000476837158,1.412600040435791,1.4467999935150146,7484,0.0,0.0
2024-01-12 15:30:00-05:00,1.440000057220459,1.4495999813079834,1.4199999570846558,1.4199999570846558,2530,0.0,0.0
2024-01-16 09:30:00-05:00,1.440000057220459,1.4500000476837158,1.3700000047683716,1.3700000047683716,4429,0.0,0.0
2024-01-16 10:30:00-05:00,1.3946000337600708,1.4199999570846558,1.3700000047683716,1.4199999570846558,8413,0.0,0.0
2024-01-16 11:30:00-05:00,1.4098999500274658,1.4098999500274658,1.3899999856948853,1.3899999856948853,2787,0.0,0.0
2024-01-16 12:30:00-05:00,1.4082000255584717,1.4082000255584717,1.4082000255584717,1.4082000255584717,578,0.0,0.0
2024-01-16 13:30:00-05:00,1.3899999856948853,1.3995000123977661,1.3899999856948853,1.3995000123977661,897,0.0,0.0
2024-01-16 14:30:00-05:00,1.3940999507904053,1.399999976158142,1.3849999904632568,1.399999976158142,4101,0.0,0.0
2024-01-16 15:30:00-05:00,1.3997000455856323,1.4299999475479126,1.3899999856948853,1.409999966621399,0,0.0,0.0
2024-01-17 09:30:00-05:00,1.3899999856948853,1.4017000198364258,1.3825000524520874,1.4010000228881836,6835,0.0,0.0
2024-01-17 11:30:00-05:00,1.3949999809265137,1.3949999809265137,1.3949999809265137,1.3949999809265137,175,0.0,0.0
2024-01-17 12:30:00-05:00,1.3802000284194946,1.3902000188827515,1.3799999952316284,1.3902000188827515,3081,0.0,0.0
2024-01-17 15:30:00-05:00,1.3899999856948853,1.409999966621399,1.3898999691009521,1.409999966621399,0,0.0,0.0
2024-01-18 09:30:00-05:00,1.3899999856948853,1.431399941444397,1.3899999856948853,1.431399941444397,723,0.0,0.0
2024-01-18 10:30:00-05:00,1.4149999618530273,1.4299999475479126,1.38919997215271,1.4299999475479126,1930,0.0,0.0
2024-01-18 11:30:00-05:00,1.4229999780654907,1.4299999475479126,1.409999966621399,1.409999966621399,2433,0.0,0.0
2024-01-18 12:30:00-05:00,1.4000999927520752,1.4199999570846558,1.399999976158142,1.4133000373840332,2614,0.0,0.0
2024-01-18 13:30:00-05:00,1.3899999856948853,1.3899999856948853,1.3899999856948853,1.3899999856948853,159,0.0,0.0
2024-01-18 14:30:00-05:00,1.363800048828125,1.4104000329971313,1.340000033378601,1.375,7014,0.0,0.0
2024-01-18 15:30:00-05:00,1.399999976158142,1.399999976158142,1.3600000143051147,1.3600000143051147,1927,0.0,0.0
2024-01-19 09:30:00-05:00,1.3700000047683716,1.3899999856948853,1.350000023841858,1.3600000143051147,9922,0.0,0.0
2024-01-19 10:30:00-05:00,1.3698999881744385,1.3700000047683716,1.3667999505996704,1.3700000047683716,834,0.0,0.0
2024-01-19 11:30:00-05:00,1.399999976158142,1.399999976158142,1.394700050354004,1.394700050354004,1362,0.0,0.0
2024-01-19 12:30:00-05:00,1.3901000022888184,1.3901000022888184,1.3901000022888184,1.3901000022888184,2704,0.0,0.0
2024-01-19 13:30:00-05:00,1.4199999570846558,1.4199999570846558,1.4199999570846558,1.4199999570846558,838,0.0,0.0
2024-01-19 15:30:00-05:00,1.399999976158142,1.4199999570846558,1.399999976158142,1.4199999570846558,5809,0.0,0.0
2024-01-22 09:30:00-05:00,1.3799999952316284,1.4600000381469727,1.3799999952316284,1.4600000381469727,6523,0.0,0.0
2024-01-22 10:30:00-05:00,1.4450000524520874,1.4464999437332153,1.4199999570846558,1.4321999549865723,2369,0.0,0.0
2024-01-22 11:30:00-05:00,1.4500000476837158,1.4900000095367432,1.4500000476837158,1.48989999294281,20764,0.0,0.0
2024-01-22 12:30:00-05:00,1.4800000190734863,1.4800000190734863,1.4500000476837158,1.4500000476837158,2307,0.0,0.0
2024-01-22 13:30:00-05:00,1.4500999450683594,1.4692000150680542,1.440000057220459,1.4692000150680542,2273,0.0,0.0
2024-01-22 14:30:00-05:00,1.4450000524520874,1.4450000524520874,1.440000057220459,1.44350004196167,1245,0.0,0.0
2024-01-22 15:30:00-05:00,1.4500000476837158,1.4600000381469727,1.409999966621399,1.4199999570846558,3885,0.0,0.0
2024-01-23 09:30:00-05:00,1.4199999570846558,1.5199999809265137,1.4199999570846558,1.5180000066757202,13128,0.0,0.0
2024-01-23 10:30:00-05:00,1.5099999904632568,1.5286999940872192,1.5099999904632568,1.5269999504089355,10794,0.0,0.0
2024-01-23 11:30:00-05:00,1.5282000303268433,1.600000023841858,1.5199999809265137,1.590000033378601,74337,0.0,0.0
2024-01-23 12:30:00-05:00,1.5950000286102295,1.649999976158142,1.5700000524520874,1.649999976158142,37317,0.0,0.0
2024-01-23 13:30:00-05:00,1.6115000247955322,1.7400000095367432,1.590000033378601,1.690000057220459,57491,0.0,0.0
2024-01-23 14:30:00-05:00,1.6820000410079956,1.6890000104904175,1.5700000524520874,1.6398999691009521,30044,0.0,0.0
2024-01-23 15:30:00-05:00,1.628999948501587,1.6399999856948853,1.6200000047683716,1.6200000047683716,6710,0.0,0.0
2024-01-24 09:30:00-05:00,1.649999976158142,1.7949999570846558,1.6019999980926514,1.7300000190734863,114823,0.0,0.0
2024-01-24 10:30:00-05:00,1.7252999544143677,1.8654999732971191,1.7252999544143677,1.8200000524520874,73679,0.0,0.0
2024-01-24 11:30:00-05:00,1.8420000076293945,1.9800000190734863,1.8300000429153442,1.8844000101089478,69612,0.0,0.0
2024-01-24 12:30:00-05:00,1.8898999691009521,1.8898999691009521,1.850000023841858,1.8698999881744385,21835,0.0,0.0
2024-01-24 13:30:00-05:00,1.8600000143051147,1.9299999475479126,1.850000023841858,1.850000023841858,21095,0.0,0.0
2024-01-24 14:30:00-05:00,1.8853000402450562,1.909999966621399,1.7999999523162842,1.850000023841858,39408,0.0,0.0
2024-01-24 15:30:00-05:00,1.84089994430542,1.8899999856948853,1.7999999523162842,1.840000033378601,15396,0.0,0.0
2024-01-25 09:30:00-05:00,1.8600000143051147,1.9199999570846558,1.8600000143051147,1.8939000368118286,56789,0.0,0.0
2024-01-25 10:30:00-05:00,1.899899959564209,1.9299999475479126,1.8899999856948853,1.9018000364303589,13493,0.0,0.0
2024-01-25 11:30:00-05:00,1.899999976158142,1.899999976158142,1.8724000453948975,1.8724000453948975,5260,0.0,0.0
2024-01-25 12:30:00-05:00,1.8700000047683716,1.899899959564209,1.8600000143051147,1.899899959564209,15666,0.0,0.0
2024-01-25 13:30:00-05:00,1.8700000047683716,1.875,1.8700000047683716,1.875,1091,0.0,0.0
2024-01-25 14:30:00-05:00,1.8700000047683716,1.9127000570297241,1.8700000047683716,1.9127000570297241,4298,0.0,0.0
2024-01-25 15:30:00-05:00,1.899999976158142,1.9000999927520752,1.899999976158142,1.9000999927520752,541,0.0,0.0
2024-01-26 09:30:00-05:00,1.9199999570846558,1.9199999570846558,1.809999942779541,1.8199000358581543,26157,0.0,0.0
2024-01-26 10:30:00-05:00,1.812000036239624,1.812000036239624,1.7300000190734863,1.7300000190734863,18087,0.0,0.0
2024-01-26 11:30:00-05:00,1.7798999547958374,1.7798999547958374,1.7300000190734863,1.75,2351,0.0,0.0
2024-01-26 12:30:00-05:00,1.75,1.7599999904632568,1.7200000286102295,1.75,13383,0.0,0.0
2024-01-26 13:30:00-05:00,1.7549999952316284,1.7596999406814575,1.7450000047683716,1.7450000047683716,2128,0.0,0.0
2024-01-26 14:30:00-05:00,1.7300000190734863,1.7489999532699585,1.7300000190734863,1.7483999729156494,772,0.0,0.0
2024-01-26 15:30:00-05:00,1.7000000476837158,1.7000000476837158,1.5099999904632568,1.659999966621399,67420,0.0,0.0
2024-01-29 09:30:00-05:00,1.7200000286102295,1.8242000341415405,1.7200000286102295,1.7899999618530273,44504,0.0,0.0
2024-01-29 10:30:00-05:00,1.7699999809265137,1.7699999809265137,1.75,1.75,1584,0.0,0.0
2024-01-29 11:30:00-05:00,1.7549999952316284,1.7549999952316284,1.7100000381469727,1.7350000143051147,13545,0.0,0.0
2024-01-29 12:30:00-05:00,1.7300000190734863,1.73989999294281,1.7100000381469727,1.73989999294281,2160,0.0,0.0
2024-01-29 13:30:00-05:00,1.725000023841858,1.725000023841858,1.7100000381469727,1.7100000381469727,16464,0.0,0.0
2024-01-29 14:30:00-05:00,1.7100000381469727,1.7200000286102295,1.700600028038025,1.7200000286102295,15972,0.0,0.0
2024-01-29 15:30:00-05:00,1.7300000190734863,1.7400000095367432,1.7100000381469727,1.7100000381469727,3206,0.0,0.0
2024-01-30 09:30:00-05:00,1.75,1.75,1.6200000047683716,1.7000999450683594,12850,0.0,0.0
2024-01-30 10:30:00-05:00,1.7308000326156616,1.7699999809265137,1.7308000326156616,1.7699999809265137,2685,0.0,0.0
2024-01-30 11:30:00-05:00,1.781000018119812,1.781000018119812,1.7401000261306763,1.7503000497817993,12648,0.0,0.0
2024-01-30 12:30:00-05:00,1.75,1.75,1.7300000190734863,1.7414000034332275,19616,0.0,0.0
2024-01-30 13:30:00-05:00,1.7005000114440918,1.746500015258789,1.7000000476837158,1.7300000190734863,4187,0.0,0.0
2024-01-30 15:30:00-05:00,1.7059999704360962,1.7698999643325806,1.7059999704360962,1.7450000047683716,10983,0.0,0.0
2024-01-31 09:30:00-05:00,1.7300000190734863,1.7300000190734863,1.657099962234497,1.7000000476837158,33556,0.0,0.0
2024-01-31 10:30:00-05:00,1.7100000381469727,1.725000023841858,1.660099983215332,1.6715999841690063,6967,0.0,0.0
2024-01-31 11:30:00-05:00,1.690000057220459,1.690000057220459,1.6712000370025635,1.6712000370025635,424,0.0,0.0
2024-01-31 12:30:00-05:00,1.756100058555603,1.756100058555603,1.7100000381469727,1.7100000381469727,1824,0.0,0.0
2024-01-31 13:30:00-05:00,1.7098000049591064,1.7100000381469727,1.7098000049591064,1.7100000381469727,1222,0.0,0.0
2024-01-31 14:30:00-05:00,1.7200000286102295,1.7200000286102295,1.7100000381469727,1.7100000381469727,1568,0.0,0.0
2024-01-31 15:30:00-05:00,1.7050000429153442,1.7050000429153442,1.7050000429153442,1.7050000429153442,134,0.0,0.0
2024-02-01 09:30:00-05:00,1.6799999475479126,1.7519999742507935,1.6799999475479126,1.725000023841858,3050,0.0,0.0
2024-02-01 10:30:00-05:00,1.7000000476837158,1.7015999555587769,1.6150000095367432,1.624400019645691,10485,0.0,0.0
2024-02-01 11:30:00-05:00,1.6100000143051147,1.6100000143051147,1.6100000143051147,1.6100000143051147,186,0.0,0.0
2024-02-01 12:30:00-05:00,1.6399999856948853,1.6679999828338623,1.6399999856948853,1.6679999828338623,495,0.0,0.0
2024-02-01 13:30:00-05:00,1.6699999570846558,1.6749999523162842,1.659999966621399,1.6749999523162842,3484,0.0,0.0
2024-02-01 14:30:00-05:00,1.659999966621399,1.660099983215332,1.659999966621399,1.660099983215332,657,0.0,0.0
2024-02-01 15:30:00-05:00,1.6699999570846558,1.6699999570846558,1.660099983215332,1.6699999570846558,3101,0.0,0.0
2024-02-02 09:30:00-05:00,1.6799999475479126,1.7081999778747559,1.6299999952316284,1.6687999963760376,11092,0.0,0.0
2024-02-02 10:30:00-05:00,1.6469999551773071,1.6699999570846558,1.6200000047683716,1.6200000047683716,7086,0.0,0.0
2024-02-02 11:30:00-05:00,1.590000033378601,1.600000023841858,1.5546000003814697,1.600000023841858,19716,0.0,0.0
2024-02-02 12:30:00-05:00,1.600000023841858,1.600000023841858,1.590000033378601,1.5999000072479248,1294,0.0,0.0
2024-02-02 13:30:00-05:00,1.590000033378601,1.590000033378601,1.5500999689102173,1.5800000429153442,1275,0.0,0.0
2024-02-02 14:30:00-05:00,1.5800000429153442,1.6299999952316284,1.5800000429153442,1.6299999952316284,14900,0.0,0.0
2024-02-02 15:30:00-05:00,1.6299999952316284,1.7200000286102295,1.6299999952316284,1.6399999856948853,21535,0.0,0.0
2024-02-05 09:30:00-05:00,1.7699999809265137,1.7699999809265137,1.660099983215332,1.6699999570846558,32235,0.0,0.0
2024-02-05 10:30:00-05:00,1.670199990272522,1.670199990272522,1.6200000047683716,1.6399999856948853,17981,0.0,0.0
2024-02-05 11:30:00-05:00,1.649999976158142,1.649999976158142,1.6002999544143677,1.6299999952316284,6987,0.0,0.0
2024-02-05 12:30:00-05:00,1.6019999980926514,1.6130000352859497,1.5499999523162842,1.5562000274658203,10418,0.0,0.0
2024-02-05 13:30:00-05:00,1.590000033378601,1.5996999740600586,1.5499999523162842,1.5750000476837158,10876,0.0,0.0
2024-02-05 14:30:00-05:00,1.5815999507904053,1.590000033378601,1.5499999523162842,1.566100001335144,25690,0.0,0.0
2024-02-05 15:30:00-05:00,1.5499999523162842,1.5700000524520874,1.5199999809265137,1.5199999809265137,0,0.0,0.0
2024-02-06 09:30:00-05:00,1.5,1.5700000524520874,1.5,1.5399999618530273,19066,0.0,0.0
2024-02-06 10:30:00-05:00,1.5099999904632568,1.5299999713897705,1.5099999904632568,1.5299999713897705,7061,0.0,0.0
2024-02-06 11:30:00-05:00,1.5199999809265137,1.5199999809265137,1.510200023651123,1.510699987411499,3661,0.0,0.0
2024-02-06 12:30:00-05:00,1.5199999809265137,1.5199999809265137,1.5199999809265137,1.5199999809265137,5202,0.0,0.0
2024-02-06 13:30:00-05:00,1.5200999975204468,1.5298000574111938,1.5099999904632568,1.5199999809265137,11168,0.0,0.0
2024-02-06 14:30:00-05:00,1.5099999904632568,1.5197999477386475,1.5,1.5049999952316284,23454,0.0,0.0
2024-02-06 15:30:00-05:00,1.5049999952316284,1.5099999904632568,1.5,1.5049999952316284,0,0.0,0.0
2024-02-07 09:30:00-05:00,1.5099999904632568,1.5499999523162842,1.5099999904632568,1.5399999618530273,2335,0.0,0.0
2024-02-07 10:30:00-05:00,1.524999976158142,1.524999976158142,1.4700000286102295,1.4700000286102295,7605,0.0,0.0
2024-02-07 11:30:00-05:00,1.4577000141143799,1.4800000190734863,1.4299999475479126,1.4299999475479126,9919,0.0,0.0
2024-02-07 12:30:00-05:00,1.4450000524520874,1.4900000095367432,1.440000057220459,1.4900000095367432,2516,0.0,0.0
2024-02-07 13:30:00-05:00,1.4800000190734863,1.4967000484466553,1.4700000286102295,1.4701000452041626,1655,0.0,0.0
2024-02-07 14:30:00-05:00,1.475000023841858,1.4900000095367432,1.4412000179290771,1.4500000476837158,12462,0.0,0.0
2024-02-07 15:30:00-05:00,1.4500000476837158,1.4579999446868896,1.4240000247955322,1.4299999475479126,16858,0.0,0.0
2024-02-08 09:30:00-05:00,1.440000057220459,1.4795000553131104,1.399999976158142,1.4299999475479126,14595,0.0,0.0
2024-02-08 10:30:00-05:00,1.4200999736785889,1.4450000524520874,1.4199999570846558,1.4199999570846558,2325,0.0,0.0
2024-02-08 11:30:00-05:00,1.440000057220459,1.4531999826431274,1.4299999475479126,1.4299999475479126,3854,0.0,0.0
2024-02-08 12:30:00-05:00,1.4450000524520874,1.4450000524520874,1.4299999475479126,1.4299999475479126,2650,0.0,0.0
2024-02-08 13:30:00-05:00,1.4321000576019287,1.4699000120162964,1.4321000576019287,1.4699000120162964,1612,0.0,0.0
2024-02-08 14:30:00-05:00,1.4692000150680542,1.4692000150680542,1.4500000476837158,1.4500000476837158,988,0.0,0.0
2024-02-08 15:30:00-05:00,1.440000057220459,1.4500000476837158,1.4299999475479126,1.440000057220459,3662,0.0,0.0
2024-02-09 09:30:00-05:00,1.440000057220459,1.4500000476837158,1.409999966621399,1.4345999956130981,1473,0.0,0.0
2024-02-09 10:30:00-05:00,1.4600000381469727,1.4700000286102295,1.4558000564575195,1.4700000286102295,1618,0.0,0.0
2024-02-09 11:30:00-05:00,1.4600000381469727,1.4900000095367432,1.4500999450683594,1.4900000095367432,6173,0.0,0.0
2024-02-09 12:30:00-05:00,1.500100016593933,1.5299999713897705,1.500100016593933,1.5299999713897705,5456,0.0,0.0
2024-02-09 13:30:00-05:00,1.4900000095367432,1.4901000261306763,1.4600000381469727,1.460800051689148,8411,0.0,0.0
2024-02-09 14:30:00-05:00,1.4854999780654907,1.48989999294281,1.4854999780654907,1.48989999294281,1056,0.0,0.0
2024-02-09 15:30:00-05:00,1.4700000286102295,1.4700000286102295,1.4500000476837158,1.4694000482559204,1811,0.0,0.0
2024-02-12 09:30:00-05:00,1.4700000286102295,1.5299999713897705,1.4700000286102295,1.5198999643325806,3303,0.0,0.0
2024-02-12 10:30:00-05:00,1.4918999671936035,1.5099999904632568,1.4800000190734863,1.4980000257492065,7297,0.0,0.0
2024-02-12 11:30:00-05:00,1.5049999952316284,1.5099999904632568,1.4800000190734863,1.4950000047683716,2523,0.0,0.0
2024-02-12 12:30:00-05:00,1.4950000047683716,1.5046000480651855,1.4700000286102295,1.4900000095367432,5897,0.0,0.0
2024-02-12 13:30:00-05:00,1.5099999904632568,1.5299999713897705,1.4901000261306763,1.5299999713897705,13532,0.0,0.0
2024-02-12 14:30:00-05:00,1.5299999713897705,1.5299999713897705,1.5299999713897705,1.5299999713897705,337,0.0,0.0
2024-02-12 15:30:00-05:00,1.5124000310897827,1.5399999618530273,1.5049999952316284,1.5149999856948853,1929,0.0,0.0
2024-02-13 09:30:00-05:00,1.5299999713897705,1.6200000047683716,1.5299999713897705,1.6200000047683716,13276,0.0,0.0
2024-02-13 10:30:00-05:00,1.6100000143051147,1.61899995803833,1.590000033378601,1.5994000434875488,6684,0.0,0.0
2024-02-13 11:30:00-05:00,1.5997999906539917,1.600000023841858,1.559999942779541,1.559999942779541,20724,0.0,0.0
2024-02-13 12:30:00-05:00,1.559999942779541,1.6068999767303467,1.559999942779541,1.590000033378601,5280,0.0,0.0
2024-02-13 13:30:00-05:00,1.600000023841858,1.6100000143051147,1.5800000429153442,1.590000033378601,9249,0.0,0.0
2024-02-13 14:30:00-05:00,1.6100000143051147,1.6100000143051147,1.5399999618530273,1.5700000524520874,9354,0.0,0.0
2024-02-13 15:30:00-05:00,1.5800000429153442,1.5800000429153442,1.5499999523162842,1.559999942779541,6260,0.0,0.0
2024-02-14 09:30:00-05:00,3.180000066757202,3.930000066757202,2.1600000858306885,2.410099983215332,22509615,0.0,0.0
2024-02-14 10:30:00-05:00,2.4100000858306885,2.7699999809265137,2.2799999713897705,2.4885001182556152,4698501,0.0,0.0
2024-02-14 11:30:00-05:00,2.4600000381469727,2.4600000381469727,2.109999895095825,2.2699999809265137,1745973,0.0,0.0
2024-02-14 12:30:00-05:00,2.2999000549316406,2.505000114440918,2.150099992752075,2.259999990463257,1372172,0.0,0.0
2024-02-14 13:30:00-05:00,2.2699999809265137,2.309999942779541,2.190000057220459,2.240000009536743,321383,0.0,0.0
2024-02-14 14:30:00-05:00,2.240000009536743,2.5399999618530273,2.200000047683716,2.437700033187866,1180653,0.0,0.0
2024-02-14 15:30:00-05:00,2.440000057220459,2.440000057220459,2.25,2.3259999752044678,537138,0.0,0.0
2024-02-15 09:30:00-05:00,1.7000000476837158,1.9399000406265259,1.6299999952316284,1.6514999866485596,968189,0.0,0.0
2024-02-15 10:30:00-05:00,1.6601999998092651,1.7100000381469727,1.600000023841858,1.659999966621399,156149,0.0,0.0
2024-02-15 11:30:00-05:00,1.690000057220459,1.7300000190734863,1.6299999952316284,1.7000000476837158,89524,0.0,0.0
2024-02-15 12:30:00-05:00,1.7089999914169312,1.75,1.7000000476837158,1.725000023841858,93380,0.0,0.0
2024-02-15 13:30:00-05:00,1.75,1.75,1.7000000476837158,1.7100000381469727,53884,0.0,0.0
2024-02-15 14:30:00-05:00,1.7100000381469727,1.7100000381469727,1.6150000095367432,1.6150000095367432,106739,0.0,0.0
2024-02-15 15:30:00-05:00,1.6119999885559082,1.649999976158142,1.5700000524520874,1.6399999856948853,157949,0.0,0.0
2024-02-16 09:30:00-05:00,1.649999976158142,1.649999976158142,1.4450000524520874,1.4700000286102295,235895,0.0,0.0
2024-02-16 10:30:00-05:00,1.4700000286102295,1.559999942779541,1.4600000381469727,1.559999942779541,84920,0.0,0.0
2024-02-16 11:30:00-05:00,1.559999942779541,1.559999942779541,1.5052000284194946,1.5299999713897705,31452,0.0,0.0
2024-02-16 12:30:00-05:00,1.5299999713897705,1.5399999618530273,1.5,1.5199999809265137,20820,0.0,0.0
2024-02-16 13:30:00-05:00,1.5199999809265137,1.5399999618530273,1.5,1.5399999618530273,40213,0.0,0.0
2024-02-16 14:30:00-05:00,1.5399999618530273,1.5700000524520874,1.5299999713897705,1.5399999618530273,34533,0.0,0.0
2024-02-16 15:30:00-05:00,1.5449999570846558,1.559999942779541,1.5299999713897705,1.534999966621399,41831,0.0,0.0
2024-02-20 09:30:00-05:00,1.440000057220459,1.4800000190734863,1.399999976158142,1.4098999500274658,92876,0.0,0.0
2024-02-20 10:30:00-05:00,1.4049999713897705,1.4199999570846558,1.350000023841858,1.409999966621399,134468,0.0,0.0
2024-02-20 11:30:00-05:00,1.409999966621399,1.434999942779541,1.3799999952316284,1.4300999641418457,18794,0.0,0.0
2024-02-20 12:30:00-05:00,1.438099980354309,1.4397000074386597,1.409999966621399,1.4199999570846558,13500,0.0,0.0
2024-02-20 13:30:00-05:00,1.4249999523162842,1.4700000286102295,1.4249999523162842,1.4600000381469727,16883,0.0,0.0
2024-02-20 14:30:00-05:00,1.4763000011444092,1.4763000011444092,1.440000057220459,1.4550000429153442,27946,0.0,0.0
2024-02-20 15:30:00-05:00,1.4550000429153442,1.4600000381469727,1.4500000476837158,1.4500000476837158,18105,0.0,0.0
2024-02-21 09:30:00-05:00,1.4299999475479126,1.440000057220459,1.3701000213623047,1.4337999820709229,117573,0.0,0.0
2024-02-21 10:30:00-05:00,1.4299999475479126,1.4299999475479126,1.409999966621399,1.409999966621399,4015,0.0,0.0
2024-02-21 11:30:00-05:00,1.4259999990463257,1.4259999990463257,1.399999976158142,1.4093999862670898,8252,0.0,0.0
2024-02-21 12:30:00-05:00,1.4002000093460083,1.4199999570846558,1.399999976158142,1.409999966621399,13054,0.0,0.0
2024-02-21 13:30:00-05:00,1.4186999797821045,1.4186999797821045,1.4049999713897705,1.4079999923706055,5349,0.0,0.0
2024-02-21 14:30:00-05:00,1.410099983215332,1.4199999570846558,1.399999976158142,1.399999976158142,14917,0.0,0.0
2024-02-21 15:30:00-05:00,1.4049999713897705,1.409999966621399,1.3899999856948853,1.3899999856948853,10960,0.0,0.0
2024-02-22 09:30:00-05:00,1.3799999952316284,1.399999976158142,1.3700000047683716,1.3799999952316284,32446,0.0,0.0
2024-02-22 10:30:00-05:00,1.399999976158142,1.4505000114440918,1.3700000047683716,1.4500000476837158,62130,0.0,0.0
2024-02-22 11:30:00-05:00,1.409999966621399,1.440000057220459,1.3700000047683716,1.399999976158142,12775,0.0,0.0
2024-02-22 12:30:00-05:00,1.4299999475479126,1.4299999475479126,1.399999976158142,1.4199999570846558,8453,0.0,0.0
2024-02-22 13:30:00-05:00,1.4299999475479126,1.440000057220459,1.399999976158142,1.440000057220459,16923,0.0,0.0
2024-02-22 14:30:00-05:00,1.4500000476837158,1.4500000476837158,1.399999976158142,1.42739999294281,6515,0.0,0.0
2024-02-22 15:30:00-05:00,1.4299999475479126,1.440000057220459,1.399999976158142,1.409999966621399,7787,0.0,0.0
2024-02-23 09:30:00-05:00,1.409999966621399,1.4702999591827393,1.3899999856948853,1.399999976158142,52030,0.0,0.0
2024-02-23 10:30:00-05:00,1.3899999856948853,1.4500000476837158,1.3799999952316284,1.4500000476837158,18727,0.0,0.0
2024-02-23 11:30:00-05:00,1.409999966621399,1.4500000476837158,1.399999976158142,1.409999966621399,12244,0.0,0.0
2024-02-23 12:30:00-05:00,1.4149999618530273,1.4199999570846558,1.399999976158142,1.4019999504089355,2527,0.0,0.0
2024-02-23 13:30:00-05:00,1.4199999570846558,1.440000057220459,1.399999976158142,1.4299999475479126,8071,0.0,0.0
2024-02-23 14:30:00-05:00,1.4299999475479126,1.4299999475479126,1.3899999856948853,1.3991999626159668,5476,0.0,0.0
2024-02-23 15:30:00-05:00,1.4049999713897705,1.409999966621399,1.3899999856948853,1.3899999856948853,4150,0.0,0.0
2024-02-26 09:30:00-05:00,1.3899999856948853,1.399999976158142,1.3300000429153442,1.3949999809265137,75264,0.0,0.0
2024-02-26 10:30:00-05:00,1.409999966621399,1.409999966621399,1.3700000047683716,1.3799999952316284,9017,0.0,0.0
2024-02-26 11:30:00-05:00,1.3899999856948853,1.399999976158142,1.3600000143051147,1.3899999856948853,4764,0.0,0.0
2024-02-26 12:30:00-05:00,1.3600000143051147,1.3698999881744385,1.350000023841858,1.3600000143051147,7854,0.0,0.0
2024-02-26 13:30:00-05:00,1.3700000047683716,1.3898999691009521,1.340000033378601,1.3481999635696411,25786,0.0,0.0
2024-02-26 14:30:00-05:00,1.3799999952316284,1.3899999856948853,1.350000023841858,1.3899999856948853,6794,0.0,0.0
2024-02-26 15:30:00-05:00,1.3899999856948853,1.3899999856948853,1.3600000143051147,1.3600000143051147,4738,0.0,0.0
2024-02-27 09:30:00-05:00,1.340000033378601,1.3799999952316284,1.3300000429153442,1.3799999952316284,14804,0.0,0.0
2024-02-27 10:30:00-05:00,1.350100040435791,1.3799999952316284,1.340000033378601,1.350600004196167,7409,0.0,0.0
2024-02-27 11:30:00-05:00,1.350000023841858,1.3668999671936035,1.309999942779541,1.309999942779541,21081,0.0,0.0
2024-02-27 12:30:00-05:00,1.309999942779541,1.3598999977111816,1.3000999689102173,1.3200000524520874,15565,0.0,0.0
2024-02-27 13:30:00-05:00,1.309999942779541,1.3200000524520874,1.2800999879837036,1.309999942779541,48665,0.0,0.0
2024-02-27 14:30:00-05:00,1.309999942779541,1.340000033378601,1.2999999523162842,1.309999942779541,20187,0.0,0.0
2024-02-27 15:30:00-05:00,1.3250000476837158,1.3395999670028687,1.2999999523162842,1.2999999523162842,18482,0.0,0.0
2024-02-28 09:30:00-05:00,1.2999999523162842,1.3325999975204468,1.2100000381469727,1.225000023841858,66662,0.0,0.0
2024-02-28 10:30:00-05:00,1.2300000190734863,1.2999999523162842,1.2300000190734863,1.2899999618530273,13306,0.0,0.0
2024-02-28 11:30:00-05:00,1.2799999713897705,1.2940000295639038,1.2599999904632568,1.2869000434875488,8500,0.0,0.0
2024-02-28 12:30:00-05:00,1.2868000268936157,1.3300000429153442,1.2699999809265137,1.2899999618530273,19835,0.0,0.0
2024-02-28 13:30:00-05:00,1.2702000141143799,1.2999999523162842,1.2699999809265137,1.2899999618530273,22866,0.0,0.0
2024-02-28 14:30:00-05:00,1.2799999713897705,1.3200000524520874,1.2799999713897705,1.2899999618530273,16712,0.0,0.0
2024-02-28 15:30:00-05:00,1.2799999713897705,1.309999942779541,1.2699999809265137,1.284999966621399,15018,0.0,0.0
2024-02-29 09:30:00-05:00,1.340000033378601,1.340000033378601,1.2800999879837036,1.2961000204086304,26638,0.0,0.0
2024-02-29 10:30:00-05:00,1.2899999618530273,1.309999942779541,1.2799999713897705,1.2799999713897705,22993,0.0,0.0
2024-02-29 11:30:00-05:00,1.2818000316619873,1.2899999618530273,1.2609000205993652,1.2700999975204468,18276,0.0,0.0
2024-02-29 12:30:00-05:00,1.2706999778747559,1.2999999523162842,1.2699999809265137,1.2799999713897705,27834,0.0,0.0
2024-02-29 13:30:00-05:00,1.2999999523162842,1.309999942779541,1.2899999618530273,1.2899999618530273,30191,0.0,0.0
2024-02-29 14:30:00-05:00,1.2949999570846558,1.3300000429153442,1.2949999570846558,1.3140000104904175,11951,0.0,0.0
2024-02-29 15:30:00-05:00,1.340000033378601,1.3550000190734863,1.309999942779541,1.350000023841858,28923,0.0,0.0
2024-03-01 09:30:00-05:00,1.3200000524520874,1.3459999561309814,1.2900999784469604,1.2913000583648682,10122,0.0,0.0
2024-03-01 10:30:00-05:00,1.2949999570846558,1.3200000524520874,1.2899999618530273,1.309999942779541,11137,0.0,0.0
2024-03-01 11:30:00-05:00,1.2999999523162842,1.3200000524520874,1.2999999523162842,1.3200000524520874,1031,0.0,0.0
2024-03-01 12:30:00-05:00,1.3109999895095825,1.3300000429153442,1.2899999618530273,1.309999942779541,8822,0.0,0.0
2024-03-01 13:30:00-05:00,1.3109999895095825,1.315000057220459,1.2899999618530273,1.2999999523162842,19492,0.0,0.0
2024-03-01 14:30:00-05:00,1.2913000583648682,1.2999999523162842,1.2899999618530273,1.2999999523162842,1915,0.0,0.0
2024-03-01 15:30:00-05:00,1.315000057220459,1.3200000524520874,1.2900999784469604,1.2999999523162842,7296,0.0,0.0
2024-03-04 09:30:00-05:00,1.2699999809265137,1.2999999523162842,1.2400000095367432,1.2699999809265137,34705,0.0,0.0
2024-03-04 10:30:00-05:00,1.2401000261306763,1.3300000429153442,1.2401000261306763,1.261299967765808,0,0.0,0.0
2024-03-04 11:30:00-05:00,1.2782000303268433,1.2782000303268433,1.2599999904632568,1.2692999839782715,3159,0.0,0.0
2024-03-04 12:30:00-05:00,1.2625000476837158,1.2728999853134155,1.2619999647140503,1.2699999809265137,3304,0.0,0.0
2024-03-04 13:30:00-05:00,1.2718000411987305,1.2799999713897705,1.2599999904632568,1.2799999713897705,1118,0.0,0.0
2024-03-04 14:30:00-05:00,1.2799999713897705,1.2891000509262085,1.2699999809265137,1.2699999809265137,994,0.0,0.0
2024-03-04 15:30:00-05:00,1.2599999904632568,1.309999942779541,1.25,1.2999999523162842,61006,0.0,0.0
2024-03-05 09:30:00-05:00,1.2899999618530273,1.340000033378601,1.2899999618530273,1.3300000429153442,24625,0.0,0.0
2024-03-05 10:30:00-05:00,1.309999942779541,1.309999942779541,1.2899999618530273,1.2899999618530273,23118,0.0,0.0
2024-03-05 11:30:00-05:00,1.2999999523162842,1.309999942779541,1.2899999618530273,1.309999942779541,0,0.0,0.0
2024-03-05 12:30:00-05:00,1.3300000429153442,1.3300000429153442,1.309999942779541,1.309999942779541,4137,0.0,0.0
2024-03-05 13:30:00-05:00,1.3200000524520874,1.3600000143051147,1.3200000524520874,1.340000033378601,11279,0.0,0.0
2024-03-05 14:30:00-05:00,1.350000023841858,1.350000023841858,1.25,1.2799999713897705,17021,0.0,0.0
2024-03-05 15:30:00-05:00,1.2799999713897705,1.2999999523162842,1.2599999904632568,1.2599999904632568,74310,0.0,0.0
2024-03-06 09:30:00-05:00,1.2699999809265137,1.350000023841858,1.2699999809265137,1.2899999618530273,37428,0.0,0.0
2024-03-06 10:30:00-05:00,1.2799999713897705,1.2999999523162842,1.2799999713897705,1.2999999523162842,0,0.0,0.0
2024-03-06 11:30:00-05:00,1.2999999523162842,1.2999999523162842,1.2879999876022339,1.2991000413894653,3578,0.0,0.0
2024-03-06 12:30:00-05:00,1.2999999523162842,1.3600000143051147,1.2799999713897705,1.3200000524520874,21596,0.0,0.0
2024-03-06 13:30:00-05:00,1.309999942779541,1.312000036239624,1.2699999809265137,1.309999942779541,28713,0.0,0.0
2024-03-06 14:30:00-05:00,1.2799999713897705,1.309999942779541,1.2700999975204468,1.309999942779541,4239,0.0,0.0
2024-03-06 15:30:00-05:00,1.2799999713897705,1.2999999523162842,1.2699999809265137,1.2699999809265137,49833,0.0,0.0
2024-03-07 09:30:00-05:00,1.2799999713897705,1.2999999523162842,1.2799999713897705,1.2799999713897705,12221,0.0,0.0
2024-03-07 10:30:00-05:00,1.2799999713897705,1.2899999618530273,1.2799999713897705,1.2799999713897705,5437,0.0,0.0
2024-03-07 11:30:00-05:00,1.2799999713897705,1.2949999570846558,1.2799999713897705,1.2949999570846558,6173,0.0,0.0
2024-03-07 12:30:00-05:00,1.2899999618530273,1.309999942779541,1.2899999618530273,1.3049999475479126,7105,0.0,0.0
2024-03-07 13:30:00-05:00,1.309999942779541,1.309999942779541,1.270400047302246,1.2999999523162842,27656,0.0,0.0
2024-03-07 14:30:00-05:00,1.2999999523162842,1.3300000429153442,1.2799999713897705,1.3300000429153442,33492,0.0,0.0
2024-03-07 15:30:00-05:00,1.3300000429153442,1.3700000047683716,1.309999942779541,1.3200000524520874,34615,0.0,0.0
2024-03-08 09:30:00-05:00,1.350000023841858,1.3601000308990479,1.309999942779541,1.340000033378601,5810,0.0,0.0
2024-03-08 10:30:00-05:00,1.340000033378601,1.3700000047683716,1.340000033378601,1.350000023841858,7771,0.0,0.0
2024-03-08 11:30:00-05:00,1.3595000505447388,1.3600000143051147,1.3200000524520874,1.3300000429153442,14720,0.0,0.0
2024-03-08 12:30:00-05:00,1.340000033378601,1.350000023841858,1.3200000524520874,1.340000033378601,7729,0.0,0.0
2024-03-08 13:30:00-05:00,1.350000023841858,1.350000023841858,1.3300000429153442,1.3300000429153442,6015,0.0,0.0
2024-03-08 14:30:00-05:00,1.350000023841858,1.3600000143051147,1.3300000429153442,1.350000023841858,9848,0.0,0.0
2024-03-08 15:30:00-05:00,1.350000023841858,1.350000023841858,1.3300000429153442,1.350000023841858,7950,0.0,0.0
2024-03-11 09:30:00-04:00,1.3000999689102173,1.3300000429153442,1.3000999689102173,1.309999942779541,7398,0.0,0.0
2024-03-11 10:30:00-04:00,1.3137999773025513,1.340000033378601,1.3137999773025513,1.3300000429153442,7244,0.0,0.0
2024-03-11 11:30:00-04:00,1.340000033378601,1.3597999811172485,1.320099949836731,1.340000033378601,17448,0.0,0.0
2024-03-11 12:30:00-04:00,1.3300000429153442,1.340000033378601,1.315000057220459,1.3330999612808228,5252,0.0,0.0
2024-03-11 13:30:00-04:00,1.3113000392913818,1.3200000524520874,1.3109999895095825,1.3109999895095825,1621,0.0,0.0
2024-03-11 14:30:00-04:00,1.3200000524520874,1.3291000127792358,1.3200000524520874,1.3200000524520874,4733,0.0,0.0
2024-03-11 15:30:00-04:00,1.2999999523162842,1.3200000524520874,1.2799999713897705,1.2899999618530273,9236,0.0,0.0
2024-03-12 09:30:00-04:00,1.2899999618530273,1.3200000524520874,1.2899999618530273,1.309999942779541,6991,0.0,0.0
2024-03-12 10:30:00-04:00,1.3200000524520874,1.340000033378601,1.3049999475479126,1.340000033378601,7757,0.0,0.0
2024-03-12 11:30:00-04:00,1.3200000524520874,1.340000033378601,1.309999942779541,1.3200000524520874,8959,0.0,0.0
2024-03-12 12:30:00-04:00,1.3200000524520874,1.3300000429153442,1.309999942779541,1.3200000524520874,7705,0.0,0.0
2024-03-12 13:30:00-04:00,1.3200000524520874,1.350000023841858,1.3200000524520874,1.3450000286102295,14994,0.0,0.0
2024-03-12 14:30:00-04:00,1.350000023841858,1.3596999645233154,1.350000023841858,1.3590999841690063,5622,0.0,0.0
2024-03-12 15:30:00-04:00,1.350000023841858,1.3502000570297241,1.3200000524520874,1.350000023841858,21294,0.0,0.0
2024-03-13 09:30:00-04:00,1.3200000524520874,1.3479000329971313,1.2999999523162842,1.3250000476837158,10272,0.0,0.0
2024-03-13 10:30:00-04:00,1.3200000524520874,1.3700000047683716,1.3200000524520874,1.350000023841858,30978,0.0,0.0
2024-03-13 11:30:00-04:00,1.340000033378601,1.3600000143051147,1.3300000429153442,1.3301000595092773,2705,0.0,0.0
2024-03-13 12:30:00-04:00,1.311400055885315,1.311400055885315,1.311400055885315,1.311400055885315,152,0.0,0.0
2024-03-13 13:30:00-04:00,1.3101999759674072,1.3106000423431396,1.2699999809265137,1.2699999809265137,10004,0.0,0.0
2024-03-13 14:30:00-04:00,1.2800999879837036,1.2899999618530273,1.2599999904632568,1.2799999713897705,20714,0.0,0.0
2024-03-13 15:30:00-04:00,1.2699999809265137,1.2898000478744507,1.2615000009536743,1.2799999713897705,4319,0.0,0.0
2024-03-14 09:30:00-04:00,1.2999999523162842,1.2999999523162842,1.2400000095367432,1.2450000047683716,13997,0.0,0.0
2024-03-14 10:30:00-04:00,1.249500036239624,1.2799999713897705,1.2401000261306763,1.2799999713897705,13073,0.0,0.0
2024-03-14 11:30:00-04:00,1.2799999713897705,1.2799999713897705,1.257200002670288,1.257200002670288,3655,0.0,0.0
2024-03-14 12:30:00-04:00,1.2799999713897705,1.2799999713897705,1.2681000232696533,1.2792999744415283,2210,0.0,0.0
2024-03-14 13:30:00-04:00,1.278499960899353,1.278499960899353,1.2589999437332153,1.2589999437332153,5852,0.0,0.0
2024-03-14 15:30:00-04:00,1.25,1.2599999904632568,1.2400000095367432,1.2599999904632568,10976,0.0,0.0
2024-03-15 09:30:00-04:00,1.25,1.2999999523162842,1.25,1.2899999618530273,4754,0.0,0.0
2024-03-15 10:30:00-04:00,1.2664999961853027,1.2664999961853027,1.2664999961853027,1.2664999961853027,122,0.0,0.0
2024-03-15 11:30:00-04:00,1.253100037574768,1.2799999713897705,1.25,1.2799999713897705,1921,0.0,0.0
2024-03-15 12:30:00-04:00,1.2898999452590942,1.2899999618530273,1.2898999452590942,1.2899999618530273,717,0.0,0.0
2024-03-15 13:30:00-04:00,1.2700999975204468,1.2899999618530273,1.2700999975204468,1.2869999408721924,2524,0.0,0.0
2024-03-15 14:30:00-04:00,1.26010000705719,1.2999999523162842,1.26010000705719,1.2704999446868896,2783,0.0,0.0
2024-03-15 15:30:00-04:00,1.2899999618530273,1.2899999618530273,1.2599999904632568,1.2599999904632568,1145,0.0,0.0
2024-03-18 09:30:00-04:00,1.25,1.2694000005722046,1.2401000261306763,1.2549999952316284,10635,0.0,0.0
2024-03-18 10:30:00-04:00,1.26010000705719,1.2999999523162842,1.2599999904632568,1.2999999523162842,3939,0.0,0.0
2024-03-18 11:30:00-04:00,1.260599970817566,1.260599970817566,1.260599970817566,1.260599970817566,1872,0.0,0.0
2024-03-18 12:30:00-04:00,1.284999966621399,1.2999999523162842,1.284999966621399,1.2999999523162842,996,0.0,0.0
2024-03-18 13:30:00-04:00,1.2999999523162842,1.2999999523162842,1.2699999809265137,1.2800999879837036,7147,0.0,0.0
2024-03-18 14:30:00-04:00,1.2899999618530273,1.2999999523162842,1.2825000286102295,1.2825000286102295,4420,0.0,0.0
2024-03-18 15:30:00-04:00,1.2799999713897705,1.2900999784469604,1.2599999904632568,1.2799999713897705,12913,0.0,0.0
2024-03-19 09:30:00-04:00,1.2599999904632568,1.2972999811172485,1.2599999904632568,1.2735999822616577,2508,0.0,0.0
2024-03-19 10:30:00-04:00,1.284999966621399,1.2899999618530273,1.2799999713897705,1.2800999879837036,3681,0.0,0.0
2024-03-19 11:30:00-04:00,1.271299958229065,1.271299958229065,1.271299958229065,1.271299958229065,634,0.0,0.0
2024-03-19 12:30:00-04:00,1.2828999757766724,1.2828999757766724,1.2828999757766724,1.2828999757766724,276,0.0,0.0
2024-03-19 13:30:00-04:00,1.281999945640564,1.2899999618530273,1.2699999809265137,1.2699999809265137,6808,0.0,0.0
2024-03-19 14:30:00-04:00,1.2898999452590942,1.2898999452590942,1.2699999809265137,1.2699999809265137,2099,0.0,0.0
2024-03-19 15:30:00-04:00,1.2649999856948853,1.2699999809265137,1.2599999904632568,1.2699999809265137,2832,0.0,0.0
2024-03-20 10:30:00-04:00,1.2799999713897705,1.2999999523162842,1.2699999809265137,1.2799999713897705,21600,0.0,0.0
2024-03-20 12:30:00-04:00,1.2799999713897705,1.2799999713897705,1.2699999809265137,1.2799999713897705,1987,0.0,0.0
2024-03-20 13:30:00-04:00,1.2800999879837036,1.2899999618530273,1.2731000185012817,1.281999945640564,13453,0.0,0.0
2024-03-20 14:30:00-04:00,1.2899999618530273,1.2899999618530273,1.2800999879837036,1.2802000045776367,5044,0.0,0.0
2024-03-20 15:30:00-04:00,1.2817000150680542,1.2999999523162842,1.2817000150680542,1.2999999523162842,1935,0.0,0.0
2024-03-21 09:30:00-04:00,1.2999999523162842,1.3200000524520874,1.2799999713897705,1.2900999784469604,29636,0.0,0.0
2024-03-21 10:30:00-04:00,1.2999999523162842,1.3300000429153442,1.2999000549316406,1.3200000524520874,34185,0.0,0.0
2024-03-21 11:30:00-04:00,1.3250000476837158,1.3250000476837158,1.309999942779541,1.3200000524520874,1874,0.0,0.0
2024-03-21 12:30:00-04:00,1.3220000267028809,1.3700000047683716,1.3220000267028809,1.3700000047683716,8078,0.0,0.0
2024-03-21 13:30:00-04:00,1.350000023841858,1.3899999856948853,1.350000023841858,1.379699945449829,15558,0.0,0.0
2024-03-21 14:30:00-04:00,1.3899999856948853,1.4249999523162842,1.3782999515533447,1.4047000408172607,32206,0.0,0.0
2024-03-21 15:30:00-04:00,1.4098999500274658,1.4199999570846558,1.4049999713897705,1.4199999570846558,6211,0.0,0.0
2024-03-22 09:30:00-04:00,1.399999976158142,1.4040000438690186,1.375,1.3899999856948853,3249,0.0,0.0
2024-03-22 10:30:00-04:00,1.3799999952316284,1.3799999952316284,1.350000023841858,1.3593000173568726,4532,0.0,0.0
2024-03-22 11:30:00-04:00,1.350000023841858,1.350000023841858,1.3270000219345093,1.340000033378601,4768,0.0,0.0
2024-03-22 12:30:00-04:00,1.3499000072479248,1.350000023841858,1.3200000524520874,1.350000023841858,17617,0.0,0.0
2024-03-22 13:30:00-04:00,1.3598999977111816,1.3798999786376953,1.350000023841858,1.350000023841858,6716,0.0,0.0
2024-03-22 14:30:00-04:00,1.3600000143051147,1.3600000143051147,1.350000023841858,1.350000023841858,4576,0.0,0.0
2024-03-22 15:30:00-04:00,1.340000033378601,1.350000023841858,1.3300000429153442,1.3300000429153442,3400,0.0,0.0
2024-03-25 09:30:00-04:00,1.3650000095367432,1.3700000047683716,1.340999960899353,1.3579000234603882,6959,0.0,0.0
2024-03-25 10:30:00-04:00,1.3600000143051147,1.3941999673843384,1.350000023841858,1.375,3841,0.0,0.0
2024-03-25 12:30:00-04:00,1.3799999952316284,1.409999966621399,1.3701000213623047,1.409999966621399,7148,0.0,0.0
2024-03-25 13:30:00-04:00,1.3616000413894653,1.3616000413894653,1.3616000413894653,1.3616000413894653,639,0.0,0.0
2024-03-25 14:30:00-04:00,1.395300030708313,1.395300030708313,1.3904999494552612,1.3904999494552612,1041,0.0,0.0
2024-03-25 15:30:00-04:00,1.3899999856948853,1.3904999494552612,1.3799999952316284,1.3799999952316284,1654,0.0,0.0
2024-03-26 09:30:00-04:00,1.4199999570846558,1.4600000381469727,1.3600000143051147,1.3600000143051147,9401,0.0,0.0
2024-03-26 10:30:00-04:00,1.3849999904632568,1.399999976158142,1.3600000143051147,1.3600000143051147,5371,0.0,0.0
2024-03-26 11:30:00-04:00,1.3601000308990479,1.3799999952316284,1.3601000308990479,1.3799999952316284,9014,0.0,0.0
2024-03-26 13:30:00-04:00,1.3700000047683716,1.3833999633789062,1.3700000047683716,1.3783999681472778,2898,0.0,0.0
2024-03-26 14:30:00-04:00,1.3700000047683716,1.3700000047683716,1.3600000143051147,1.3600000143051147,3987,0.0,0.0
2024-03-26 15:30:00-04:00,1.3550000190734863,1.3550000190734863,1.3300000429153442,1.3300000429153442,5977,0.0,0.0
2024-03-27 09:30:00-04:00,1.350000023841858,1.3650000095367432,1.340000033378601,1.350000023841858,6280,0.0,0.0
2024-03-27 10:30:00-04:00,1.3479000329971313,1.3700000047683716,1.3479000329971313,1.3601000308990479,6641,0.0,0.0
2024-03-27 11:30:00-04:00,1.3700000047683716,1.3774000406265259,1.3700000047683716,1.3700000047683716,1991,0.0,0.0
2024-03-27 12:30:00-04:00,1.3799999952316284,1.3799999952316284,1.3799999952316284,1.3799999952316284,827,0.0,0.0
2024-03-27 13:30:00-04:00,1.3609000444412231,1.3609000444412231,1.3609000444412231,1.3609000444412231,2107,0.0,0.0
2024-03-27 14:30:00-04:00,1.3700000047683716,1.3700000047683716,1.3700000047683716,1.3700000047683716,1241,0.0,0.0
2024-03-27 15:30:00-04:00,1.375,1.375,1.3600000143051147,1.3600000143051147,2600,0.0,0.0
2024-03-28 09:30:00-04:00,1.3799999952316284,1.3799999952316284,1.3700000047683716,1.3701000213623047,1887,0.0,0.0
2024-03-28 10:30:00-04:00,1.3799999952316284,1.399999976158142,1.3799999952316284,1.399999976158142,9035,0.0,0.0
2024-03-28 11:30:00-04:00,1.409999966621399,1.409999966621399,1.3899999856948853,1.3991999626159668,17694,0.0,0.0
2024-03-28 12:30:00-04:00,1.3898999691009521,1.4199999570846558,1.3898999691009521,1.4199999570846558,9009,0.0,0.0
2024-03-28 13:30:00-04:00,1.4299999475479126,1.4299999475479126,1.399999976158142,1.410099983215332,8537,0.0,0.0
2024-03-28 14:30:00-04:00,1.4000999927520752,1.408400058746338,1.3901000022888184,1.3901000022888184,4871,0.0,0.0
2024-03-28 15:30:00-04:00,1.389799952507019,1.399999976158142,1.3849999904632568,1.3899999856948853,3868,0.0,0.0
2024-04-01 09:30:00-04:00,1.4299999475479126,1.4299999475479126,1.3600000143051147,1.3799999952316284,14417,0.0,0.0
2024-04-01 10:30:00-04:00,1.3700000047683716,1.4199999570846558,1.3600000143051147,1.409999966621399,11659,0.0,0.0
2024-04-01 11:30:00-04:00,1.399999976158142,1.399999976158142,1.399999976158142,1.399999976158142,1139,0.0,0.0
2024-04-01 13:30:00-04:00,1.4049999713897705,1.409999966621399,1.398900032043457,1.409999966621399,1176,0.0,0.0
2024-04-01 14:30:00-04:00,1.4049999713897705,1.409999966621399,1.3899999856948853,1.3899999856948853,3314,0.0,0.0
2024-04-01 15:30:00-04:00,1.3980000019073486,1.440000057220459,1.3899999856948853,1.3899999856948853,14312,0.0,0.0
2024-04-02 09:30:00-04:00,1.399999976158142,1.4199999570846558,1.3700000047683716,1.4199999570846558,14644,0.0,0.0
2024-04-02 10:30:00-04:00,1.409999966621399,1.4199999570846558,1.409999966621399,1.4199999570846558,3171,0.0,0.0
2024-04-02 11:30:00-04:00,1.409999966621399,1.4199999570846558,1.409999966621399,1.409999966621399,5072,0.0,0.0
2024-04-02 12:30:00-04:00,1.4049999713897705,1.409999966621399,1.4019999504089355,1.409999966621399,2464,0.0,0.0
2024-04-02 13:30:00-04:00,1.4146000146865845,1.4146000146865845,1.399999976158142,1.399999976158142,4150,0.0,0.0
2024-04-02 14:30:00-04:00,1.399999976158142,1.409999966621399,1.399999976158142,1.409999966621399,3540,0.0,0.0
2024-04-02 15:30:00-04:00,1.399999976158142,1.4600000381469727,1.399999976158142,1.4600000381469727,15792,0.0,0.0
2024-04-03 09:30:00-04:00,1.4500000476837158,1.4900000095367432,1.399999976158142,1.399999976158142,13566,0.0,0.0
2024-04-03 10:30:00-04:00,1.409999966621399,1.4500000476837158,1.409999966621399,1.4500000476837158,4138,0.0,0.0
2024-04-03 11:30:00-04:00,1.4500000476837158,1.4500000476837158,1.399999976158142,1.399999976158142,2445,0.0,0.0
2024-04-03 12:30:00-04:00,1.396299958229065,1.4700000286102295,1.3919999599456787,1.409999966621399,2801,0.0,0.0
2024-04-03 13:30:00-04:00,1.4700000286102295,1.4800000190734863,1.4299999475479126,1.4299999475479126,3980,0.0,0.0
2024-04-03 14:30:00-04:00,1.4800000190734863,1.4800000190734863,1.4299999475479126,1.4335999488830566,1224,0.0,0.0
2024-04-03 15:30:00-04:00,1.4358999729156494,1.4800000190734863,1.4358999729156494,1.4800000190734863,529,0.0,0.0
2024-04-04 09:30:00-04:00,1.4299999475479126,1.4700000286102295,1.4299999475479126,1.457800030708313,5357,0.0,0.0
2024-04-04 10:30:00-04:00,1.4688999652862549,1.4900000095367432,1.4500000476837158,1.4700000286102295,5525,0.0,0.0
2024-04-04 12:30:00-04:00,1.4700000286102295,1.4900000095367432,1.4700000286102295,1.4900000095367432,1417,0.0,0.0
2024-04-04 13:30:00-04:00,1.4711999893188477,1.4800000190734863,1.4711999893188477,1.4800000190734863,3648,0.0,0.0
2024-04-04 14:30:00-04:00,1.4601000547409058,1.4900000095367432,1.4600000381469727,1.4700000286102295,2184,0.0,0.0
2024-04-04 15:30:00-04:00,1.4600000381469727,1.4800000190734863,1.4600000381469727,1.4800000190734863,1357,0.0,0.0
2024-04-05 09:30:00-04:00,1.4800000190734863,1.4800000190734863,1.4500000476837158,1.4500000476837158,3329,0.0,0.0
2024-04-05 10:30:00-04:00,1.4600000381469727,1.4700000286102295,1.4500000476837158,1.468000054359436,2129,0.0,0.0
2024-04-05 11:30:00-04:00,1.4500000476837158,1.4700000286102295,1.440000057220459,1.4700000286102295,4334,0.0,0.0
2024-04-05 12:30:00-04:00,1.4700000286102295,1.4700000286102295,1.440000057220459,1.440000057220459,1496,0.0,0.0
2024-04-05 13:30:00-04:00,1.4400999546051025,1.4600000381469727,1.4299999475479126,1.4600000381469727,2557,0.0,0.0
2024-04-05 14:30:00-04:00,1.4450000524520874,1.4450000524520874,1.399999976158142,1.4299999475479126,6441,0.0,0.0
2024-04-05 15:30:00-04:00,1.4285000562667847,1.4285000562667847,1.399999976158142,1.399999976158142,3892,0.0,0.0
2024-04-08 09:30:00-04:00,1.399999976158142,1.416100025177002,1.399999976158142,1.409999966621399,3170,0.0,0.0
2024-04-08 10:30:00-04:00,1.4550000429153442,1.5,1.409999966621399,1.412500023841858,53069,0.0,0.0
2024-04-08 11:30:00-04:00,1.410099983215332,1.4600000381469727,1.409999966621399,1.4600000381469727,4567,0.0,0.0
2024-04-08 12:30:00-04:00,1.399999976158142,1.4299999475479126,1.399999976158142,1.399999976158142,3691,0.0,0.0
2024-04-08 13:30:00-04:00,1.4474999904632568,1.4474999904632568,1.4474999904632568,1.4474999904632568,1670,0.0,0.0
2024-04-08 14:30:00-04:00,1.402500033378601,1.4299999475479126,1.402500033378601,1.4299999475479126,2130,0.0,0.0
2024-04-08 15:30:00-04:00,1.410099983215332,1.4299999475479126,1.409999966621399,1.4299999475479126,1430,0.0,0.0
2024-04-09 09:30:00-04:00,1.4499000310897827,1.4499000310897827,1.399999976158142,1.4134999513626099,8625,0.0,0.0
2024-04-09 10:30:00-04:00,1.4000999927520752,1.4297000169754028,1.4000999927520752,1.4297000169754028,3603,0.0,0.0
2024-04-09 11:30:00-04:00,1.419700026512146,1.419700026512146,1.419700026512146,1.419700026512146,480,0.0,0.0
2024-04-09 12:30:00-04:00,1.4010000228881836,1.4199999570846558,1.3899999856948853,1.419700026512146,1349,0.0,0.0
2024-04-09 13:30:00-04:00,1.3899999856948853,1.4199999570846558,1.3899999856948853,1.409999966621399,1876,0.0,0.0
2024-04-09 14:30:00-04:00,1.3799999952316284,1.40910005569458,1.3799999952316284,1.399899959564209,4363,0.0,0.0
2024-04-09 15:30:00-04:00,1.392799973487854,1.409999966621399,1.392799973487854,1.409999966621399,1047,0.0,0.0
2024-04-10 09:30:00-04:00,1.3899999856948853,1.3899999856948853,1.3700000047683716,1.3700000047683716,11595,0.0,0.0
2024-04-10 10:30:00-04:00,1.350000023841858,1.3799999952316284,1.2100000381469727,1.3770999908447266,37096,0.0,0.0
2024-04-10 11:30:00-04:00,1.3798999786376953,1.3798999786376953,1.3700000047683716,1.3700000047683716,3548,0.0,0.0
2024-04-10 12:30:00-04:00,1.399999976158142,1.399999976158142,1.399999976158142,1.399999976158142,125,0.0,0.0
2024-04-10 13:30:00-04:00,1.399899959564209,1.4247000217437744,1.3799999952316284,1.3899999856948853,51365,0.0,0.0
2024-04-10 14:30:00-04:00,1.3899999856948853,1.4199999570846558,1.3700000047683716,1.410099983215332,4597,0.0,0.0
2024-04-10 15:30:00-04:00,1.409999966621399,1.409999966621399,1.399999976158142,1.409999966621399,615,0.0,0.0
2024-04-11 09:30:00-04:00,1.399999976158142,1.4199999570846558,1.3825000524520874,1.3825000524520874,4811,0.0,0.0
2024-04-11 10:30:00-04:00,1.3799999952316284,1.440000057220459,1.3739999532699585,1.4021999835968018,4481,0.0,0.0
2024-04-11 11:30:00-04:00,1.410099983215332,1.410099983215332,1.3799999952316284,1.3899999856948853,6393,0.0,0.0
2024-04-11 13:30:00-04:00,1.3701000213623047,1.3949999809265137,1.3701000213623047,1.3949999809265137,3834,0.0,0.0
2024-04-11 14:30:00-04:00,1.409999966621399,1.409999966621399,1.409999966621399,1.409999966621399,1115,0.0,0.0
2024-04-11 15:30:00-04:00,1.399999976158142,1.402899980545044,1.350000023841858,1.350000023841858,7464,0.0,0.0
2024-04-12 09:30:00-04:00,1.3700000047683716,1.3799999952316284,1.3600000143051147,1.3601000308990479,5067,0.0,0.0
2024-04-12 10:30:00-04:00,1.3600000143051147,1.3733999729156494,1.3200000524520874,1.3300000429153442,32056,0.0,0.0
2024-04-12 11:30:00-04:00,1.3300000429153442,1.3899999856948853,1.3300000429153442,1.3401000499725342,6029,0.0,0.0
2024-04-12 12:30:00-04:00,1.3650000095367432,1.399999976158142,1.340000033378601,1.340000033378601,2060,0.0,0.0
2024-04-12 13:30:00-04:00,1.3401000499725342,1.409999966621399,1.3200000524520874,1.340000033378601,10284,0.0,0.0
2024-04-12 14:30:00-04:00,1.3301000595092773,1.3301000595092773,1.3300000429153442,1.3300000429153442,236,0.0,0.0
2024-04-12 15:30:00-04:00,1.3899999856948853,1.399999976158142,1.340000033378601,1.3700000047683716,13744,0.0,0.0
2024-04-15 09:30:00-04:00,1.309999942779541,1.309999942779541,1.2899999618530273,1.309999942779541,8411,0.0,0.0
2024-04-15 10:30:00-04:00,1.2799999713897705,1.2799999713897705,1.2699999809265137,1.2699999809265137,3783,0.0,0.0
2024-04-15 11:30:00-04:00,1.2699999809265137,1.2899999618530273,1.2699999809265137,1.2899999618530273,12178,0.0,0.0
2024-04-15 12:30:00-04:00,1.2899999618530273,1.2999999523162842,1.2899999618530273,1.2899999618530273,2533,0.0,0.0
2024-04-15 13:30:00-04:00,1.2799999713897705,1.2999999523162842,1.2799999713897705,1.2999999523162842,2615,0.0,0.0
2024-04-15 15:30:00-04:00,1.2699999809265137,1.2999999523162842,1.2300000190734863,1.2300000190734863,27377,0.0,0.0
2024-04-16 09:30:00-04:00,1.2300000190734863,1.2300000190734863,1.225000023841858,1.2300000190734863,4946,0.0,0.0
2024-04-16 10:30:00-04:00,1.246000051498413,1.2899999618530273,1.2350000143051147,1.2899999618530273,37274,0.0,0.0
2024-04-16 11:30:00-04:00,1.2799999713897705,1.2799999713897705,1.2699999809265137,1.2699999809265137,1476,0.0,0.0
2024-04-16 12:30:00-04:00,1.25,1.257699966430664,1.2404999732971191,1.2404999732971191,3972,0.0,0.0
2024-04-16 13:30:00-04:00,1.2539000511169434,1.2549999952316284,1.2400000095367432,1.2400000095367432,3218,0.0,0.0
2024-04-16 14:30:00-04:00,1.2400000095367432,1.2400000095367432,1.2400000095367432,1.2400000095367432,1299,0.0,0.0
2024-04-16 15:30:00-04:00,1.25,1.2599999904632568,1.25,1.2599999904632568,715,0.0,0.0
2024-04-17 09:30:00-04:00,1.2699999809265137,1.2799999713897705,1.2300000190734863,1.2300000190734863,6634,0.0,0.0
2024-04-17 10:30:00-04:00,1.2400000095367432,1.25,1.2400000095367432,1.2419999837875366,12233,0.0,0.0
2024-04-17 11:30:00-04:00,1.2400000095367432,1.2400000095367432,1.2301000356674194,1.2301000356674194,2777,0.0,0.0
2024-04-17 12:30:00-04:00,1.2300000190734863,1.2400000095367432,1.2300000190734863,1.2400000095367432,2186,0.0,0.0
2024-04-17 13:30:00-04:00,1.25,1.25,1.2400000095367432,1.2400000095367432,2797,0.0,0.0
2024-04-17 14:30:00-04:00,1.25,1.2599999904632568,1.2450000047683716,1.25,7733,0.0,0.0
2024-04-17 15:30:00-04:00,1.2400000095367432,1.2400000095367432,1.2350000143051147,1.2350000143051147,1908,0.0,0.0
2024-04-18 09:30:00-04:00,1.25,1.2649999856948853,1.190000057220459,1.2100000381469727,39846,0.0,0.0
2024-04-18 10:30:00-04:00,1.2100000381469727,1.215000033378601,1.1799999475479126,1.184999942779541,22387,0.0,0.0
2024-04-18 11:30:00-04:00,1.1943000555038452,1.2000000476837158,1.190999984741211,1.1950000524520874,5217,0.0,0.0
2024-04-18 12:30:00-04:00,1.2000000476837158,1.2000000476837158,1.1950000524520874,1.1950000524520874,1665,0.0,0.0
2024-04-18 13:30:00-04:00,1.1900999546051025,1.1950000524520874,1.190000057220459,1.190000057220459,15546,0.0,0.0
2024-04-18 14:30:00-04:00,1.1799999475479126,1.1799999475479126,1.1699999570846558,1.1705000400543213,19190,0.0,0.0
2024-04-18 15:30:00-04:00,1.1749999523162842,1.1799999475479126,1.1699999570846558,1.1699999570846558,2966,0.0,0.0
2024-04-19 09:30:00-04:00,1.1899000406265259,1.190000057220459,1.1699999570846558,1.1699999570846558,13787,0.0,0.0
2024-04-19 10:30:00-04:00,1.190000057220459,1.2100000381469727,1.1799999475479126,1.2100000381469727,10336,0.0,0.0
2024-04-19 11:30:00-04:00,1.2000000476837158,1.2300000190734863,1.1713999509811401,1.1713999509811401,21006,0.0,0.0
2024-04-19 12:30:00-04:00,1.1699999570846558,1.1699999570846558,1.1399999856948853,1.1399999856948853,15479,0.0,0.0
2024-04-19 13:30:00-04:00,1.156000018119812,1.156000018119812,1.1399999856948853,1.149899959564209,8881,0.0,0.0
2024-04-19 14:30:00-04:00,1.1401000022888184,1.149899959564209,1.100000023841858,1.1349999904632568,31692,0.0,0.0
2024-04-19 15:30:00-04:00,1.1145000457763672,1.149999976158142,1.1145000457763672,1.149999976158142,8614,0.0,0.0
2024-04-22 09:30:00-04:00,1.1299999952316284,1.149999976158142,1.0299999713897705,1.0300999879837036,115335,0.0,0.0
2024-04-22 10:30:00-04:00,1.0299999713897705,1.1399999856948853,0.9811000227928162,0.9811000227928162,156923,0.0,0.0
2024-04-22 11:30:00-04:00,0.9811000227928162,1.0499999523162842,0.9811000227928162,1.0049999952316284,61969,0.0,0.0
2024-04-22 12:30:00-04:00,1.0099999904632568,1.0099999904632568,0.9811000227928162,0.9900000095367432,22714,0.0,0.0
2024-04-22 13:30:00-04:00,0.9854999780654907,1.0299999713897705,0.9854999780654907,1.029099941253662,60484,0.0,0.0
2024-04-22 14:30:00-04:00,1.0198999643325806,1.0198999643325806,0.9800000190734863,0.9800999760627747,58747,0.0,0.0
2024-04-22 15:30:00-04:00,0.9800999760627747,0.9800999760627747,0.9399999976158142,0.949999988079071,101781,0.0,0.0
2024-04-23 09:30:00-04:00,0.9498999714851379,0.9900000095367432,0.9498999714851379,0.9550999999046326,35490,0.0,0.0
2024-04-23 10:30:00-04:00,0.9549999833106995,0.9549999833106995,0.9498999714851379,0.949999988079071,12838,0.0,0.0
2024-04-23 11:30:00-04:00,0.9498999714851379,0.9599999785423279,0.9449999928474426,0.9451000094413757,19014,0.0,0.0
2024-04-23 12:30:00-04:00,0.9451000094413757,0.9491999745368958,0.9451000094413757,0.9491999745368958,9187,0.0,0.0
2024-04-23 13:30:00-04:00,0.949400007724762,0.9599999785423279,0.9399999976158142,0.9452999830245972,23742,0.0,0.0
2024-04-23 14:30:00-04:00,0.9452000260353088,0.9599000215530396,0.9452000260353088,0.9526000022888184,4959,0.0,0.0
2024-04-23 15:30:00-04:00,0.9526000022888184,0.9526000022888184,0.9449999928474426,0.9449999928474426,4001,0.0,0.0
2024-04-24 09:30:00-04:00,0.9599999785423279,0.9700000286102295,0.8711000084877014,0.8774999976158142,72358,0.0,0.0
2024-04-24 10:30:00-04:00,0.8615999817848206,0.8615999817848206,0.8199999928474426,0.8238999843597412,111454,0.0,0.0
2024-04-24 11:30:00-04:00,0.8224999904632568,0.8414999842643738,0.800000011920929,0.8312000036239624,127399,0.0,0.0
2024-04-24 12:30:00-04:00,0.8224999904632568,0.8360000252723694,0.8050000071525574,0.8098000288009644,27146,0.0,0.0
2024-04-24 13:30:00-04:00,0.8098999857902527,0.8169999718666077,0.8098999857902527,0.8098999857902527,8402,0.0,0.0
2024-04-24 14:30:00-04:00,0.8098000288009644,0.8215000033378601,0.800000011920929,0.8001000285148621,46847,0.0,0.0
2024-04-24 15:30:00-04:00,0.8001000285148621,0.8098999857902527,0.7962999939918518,0.8026999831199646,34675,0.0,0.0
2024-04-25 09:30:00-04:00,0.7960000038146973,0.8199999928474426,0.7799999713897705,0.8183000087738037,31060,0.0,0.0
2024-04-25 10:30:00-04:00,0.8125,0.8149999976158142,0.8062000274658203,0.8149999976158142,9896,0.0,0.0
2024-04-25 11:30:00-04:00,0.8176000118255615,0.8395000100135803,0.8100000023841858,0.8271999955177307,11418,0.0,0.0
2024-04-25 12:30:00-04:00,0.8395000100135803,0.8399999737739563,0.8184000253677368,0.8184000253677368,15178,0.0,0.0
2024-04-25 13:30:00-04:00,0.8300999999046326,0.843999981880188,0.8299999833106995,0.8370000123977661,44355,0.0,0.0
2024-04-25 14:30:00-04:00,0.8439000248908997,0.8439000248908997,0.819599986076355,0.8210999965667725,46701,0.0,0.0
2024-04-25 15:30:00-04:00,0.8349999785423279,0.8349999785423279,0.8212000131607056,0.8309000134468079,5823,0.0,0.0
2024-04-26 09:30:00-04:00,0.8500000238418579,0.8740000128746033,0.8349999785423279,0.8352000117301941,28167,0.0,0.0
2024-04-26 10:30:00-04:00,0.8500000238418579,0.8500000238418579,0.8179000020027161,0.8179000020027161,34051,0.0,0.0
2024-04-26 11:30:00-04:00,0.843999981880188,0.843999981880188,0.8201000094413757,0.8201000094413757,1049,0.0,0.0
2024-04-26 12:30:00-04:00,0.8371000289916992,0.8500000238418579,0.8371000289916992,0.8500000238418579,5126,0.0,0.0
2024-04-26 13:30:00-04:00,0.8600000143051147,0.8600000143051147,0.8379999995231628,0.8450000286102295,3878,0.0,0.0
2024-04-26 14:30:00-04:00,0.8299999833106995,0.8500000238418579,0.8240000009536743,0.8500000238418579,20030,0.0,0.0
2024-04-26 15:30:00-04:00,0.8482000231742859,0.8499000072479248,0.8482000231742859,0.8499000072479248,1112,0.0,0.0
2024-04-29 09:30:00-04:00,0.8621000051498413,0.8621000051498413,0.8389999866485596,0.8399999737739563,20660,0.0,0.0
2024-04-29 10:30:00-04:00,0.8364999890327454,0.8399999737739563,0.8331000208854675,0.8399999737739563,7751,0.0,0.0
2024-04-29 11:30:00-04:00,0.8500000238418579,0.8500000238418579,0.8400999903678894,0.8400999903678894,3088,0.0,0.0
2024-04-29 12:30:00-04:00,0.8500000238418579,0.8500000238418579,0.8400999903678894,0.8400999903678894,2009,0.0,0.0
2024-04-29 13:30:00-04:00,0.8399999737739563,0.8500000238418579,0.8342000246047974,0.8406000137329102,28662,0.0,0.0
2024-04-29 14:30:00-04:00,0.8399999737739563,0.8399999737739563,0.8299999833106995,0.8398000001907349,8941,0.0,0.0
2024-04-29 15:30:00-04:00,0.8349000215530396,0.8349000215530396,0.8240000009536743,0.8241000175476074,5038,0.0,0.0
2024-04-30 09:30:00-04:00,0.8389999866485596,0.8598999977111816,0.8299999833106995,0.8299999833106995,2241,0.0,0.0
2024-04-30 10:30:00-04:00,0.8497999906539917,0.8497999906539917,0.8241000175476074,0.8356000185012817,14075,0.0,0.0
2024-04-30 11:30:00-04:00,0.8428000211715698,0.8499000072479248,0.8428000211715698,0.8499000072479248,1051,0.0,0.0
2024-04-30 12:30:00-04:00,0.8499000072479248,0.8499000072479248,0.8199999928474426,0.824999988079071,15538,0.0,0.0
2024-04-30 13:30:00-04:00,0.800000011920929,0.8080000281333923,0.784500002861023,0.8080000281333923,18305,0.0,0.0
2024-04-30 14:30:00-04:00,0.800000011920929,0.800000011920929,0.7900000214576721,0.7904999852180481,3541,0.0,0.0
2024-04-30 15:30:00-04:00,0.7921000123023987,0.7998999953269958,0.7900000214576721,0.7998999953269958,8094,0.0,0.0
2024-05-01 09:30:00-04:00,0.800000011920929,0.8220000267028809,0.800000011920929,0.8059999942779541,13301,0.0,0.0
2024-05-01 10:30:00-04:00,0.8156999945640564,0.8156999945640564,0.8040000200271606,0.8050000071525574,3157,0.0,0.0
2024-05-01 11:30:00-04:00,0.8073999881744385,0.8095999956130981,0.8001000285148621,0.8001000285148621,20744,0.0,0.0
2024-05-01 12:30:00-04:00,0.8001000285148621,0.8001999855041504,0.7904999852180481,0.800000011920929,13797,0.0,0.0
2024-05-01 13:30:00-04:00,0.795199990272522,0.7953000068664551,0.7804999947547913,0.7831000089645386,32751,0.0,0.0
2024-05-01 14:30:00-04:00,0.7853000164031982,0.8267999887466431,0.7850000262260437,0.7900000214576721,44812,0.0,0.0
2024-05-01 15:30:00-04:00,0.7900000214576721,0.7900000214576721,0.7850000262260437,0.7850000262260437,6185,0.0,0.0
2024-05-02 09:30:00-04:00,0.7860000133514404,0.8299000263214111,0.7860000133514404,0.8001000285148621,47982,0.0,0.0
2024-05-02 10:30:00-04:00,0.7929999828338623,0.8050000071525574,0.7860000133514404,0.8050000071525574,4855,0.0,0.0
2024-05-02 11:30:00-04:00,0.8087000250816345,0.8098999857902527,0.7946000099182129,0.7998999953269958,3349,0.0,0.0
2024-05-02 12:30:00-04:00,0.8001000285148621,0.8001000285148621,0.7860000133514404,0.800000011920929,51632,0.0,0.0
2024-05-02 13:30:00-04:00,0.8076000213623047,0.824999988079071,0.8076000213623047,0.824999988079071,5258,0.0,0.0
2024-05-02 14:30:00-04:00,0.8111000061035156,0.8190000057220459,0.7921000123023987,0.8030999898910522,22288,0.0,0.0
2024-05-02 15:30:00-04:00,0.8149999976158142,0.8149999976158142,0.800000011920929,0.8011000156402588,3938,0.0,0.0
2024-05-03 09:30:00-04:00,0.7929999828338623,0.8399999737739563,0.7900000214576721,0.824400007724762,15247,0.0,0.0
2024-05-03 10:30:00-04:00,0.8299000263214111,0.8299000263214111,0.8101000189781189,0.8101000189781189,5313,0.0,0.0
2024-05-03 11:30:00-04:00,0.8199999928474426,0.8199999928474426,0.8149999976158142,0.8149999976158142,4552,0.0,0.0
2024-05-03 12:30:00-04:00,0.8224999904632568,0.839900016784668,0.8224999904632568,0.839900016784668,3938,0.0,0.0
2024-05-03 13:30:00-04:00,0.8349000215530396,0.839900016784668,0.833299994468689,0.8343999981880188,10078,0.0,0.0
2024-05-03 14:30:00-04:00,0.8349999785423279,0.8349999785423279,0.8299000263214111,0.8299000263214111,6540,0.0,0.0
2024-05-03 15:30:00-04:00,0.8274999856948853,0.8349000215530396,0.8274999856948853,0.8349000215530396,7434,0.0,0.0
2024-05-06 09:30:00-04:00,0.8274000287055969,0.8282999992370605,0.7799999713897705,0.7950000166893005,68330,0.0,0.0
2024-05-06 10:30:00-04:00,0.7924000024795532,0.8251000046730042,0.7904999852180481,0.7925000190734863,26142,0.0,0.0
2024-05-06 11:30:00-04:00,0.7904999852180481,0.8149999976158142,0.7904999852180481,0.8149999976158142,60936,0.0,0.0
2024-05-06 12:30:00-04:00,0.8108999729156494,0.8169999718666077,0.8072999715805054,0.8149999976158142,5891,0.0,0.0
2024-05-06 13:30:00-04:00,0.8151999711990356,0.8151999711990356,0.8151999711990356,0.8151999711990356,577,0.0,0.0
2024-05-06 14:30:00-04:00,0.8190000057220459,0.8190000057220459,0.8145999908447266,0.8145999908447266,3478,0.0,0.0
2024-05-06 15:30:00-04:00,0.8145999908447266,0.8190000057220459,0.8144999742507935,0.8190000057220459,5269,0.0,0.0
2024-05-07 09:30:00-04:00,0.8100000023841858,0.8199999928474426,0.8100000023841858,0.8100000023841858,10101,0.0,0.0
2024-05-07 10:30:00-04:00,0.8199999928474426,0.8199999928474426,0.8151000142097473,0.8199999928474426,12365,0.0,0.0
2024-05-07 11:30:00-04:00,0.8102999925613403,0.8199999928474426,0.8102999925613403,0.8199999928474426,14076,0.0,0.0
2024-05-07 12:30:00-04:00,0.8500000238418579,0.8500000238418579,0.8300999999046326,0.8399999737739563,14263,0.0,0.0
2024-05-07 13:30:00-04:00,0.8500000238418579,0.8500000238418579,0.8399999737739563,0.8420000076293945,16148,0.0,0.0
2024-05-07 14:30:00-04:00,0.8463000059127808,0.8608999848365784,0.839900016784668,0.8500999808311462,56205,0.0,0.0
2024-05-07 15:30:00-04:00,0.8424999713897705,0.8499000072479248,0.8349999785423279,0.8349999785423279,1553,0.0,0.0
2024-05-08 09:30:00-04:00,0.8399999737739563,0.8399999737739563,0.8199999928474426,0.8255000114440918,21055,0.0,0.0
2024-05-08 10:30:00-04:00,0.8299999833106995,0.8299999833106995,0.8174999952316284,0.824999988079071,20426,0.0,0.0
2024-05-08 11:30:00-04:00,0.8299999833106995,0.8299999833106995,0.8198000192642212,0.8198000192642212,6796,0.0,0.0
2024-05-08 12:30:00-04:00,0.8299000263214111,0.8299999833106995,0.8269000053405762,0.8299000263214111,623,0.0,0.0
2024-05-08 13:30:00-04:00,0.8277000188827515,0.8299999833106995,0.8201000094413757,0.8274999856948853,10744,0.0,0.0
2024-05-08 14:30:00-04:00,0.824999988079071,0.8299000263214111,0.824999988079071,0.8299000263214111,1031,0.0,0.0
2024-05-08 15:30:00-04:00,0.8299000263214111,0.8299999833106995,0.8220999836921692,0.8299999833106995,2561,0.0,0.0
2024-05-09 09:30:00-04:00,0.8201000094413757,0.8299999833106995,0.8100000023841858,0.829800009727478,19645,0.0,0.0
2024-05-09 10:30:00-04:00,0.824999988079071,0.824999988079071,0.8199999928474426,0.8199999928474426,1085,0.0,0.0
2024-05-09 11:30:00-04:00,0.8199999928474426,0.8199999928474426,0.8108999729156494,0.8108999729156494,1851,0.0,0.0
2024-05-09 12:30:00-04:00,0.8198999762535095,0.8399999737739563,0.8152999877929688,0.8399999737739563,80909,0.0,0.0
2024-05-09 13:30:00-04:00,0.8399999737739563,0.8450000286102295,0.820900022983551,0.820900022983551,4971,0.0,0.0
2024-05-09 14:30:00-04:00,0.8300999999046326,0.8424999713897705,0.8300999999046326,0.8349999785423279,6171,0.0,0.0
2024-05-09 15:30:00-04:00,0.8450999855995178,0.8450999855995178,0.8399999737739563,0.8399999737739563,18381,0.0,0.0
2024-05-10 09:30:00-04:00,0.8690000176429749,0.8700000047683716,0.8263000249862671,0.8561999797821045,15308,0.0,0.0
2024-05-10 10:30:00-04:00,0.8698999881744385,0.8698999881744385,0.8510000109672546,0.8561999797821045,5108,0.0,0.0
2024-05-10 11:30:00-04:00,0.8600999712944031,0.8698999881744385,0.8600999712944031,0.864799976348877,4084,0.0,0.0
2024-05-10 12:30:00-04:00,0.864799976348877,0.864799976348877,0.8312000036239624,0.8549000024795532,7484,0.0,0.0
2024-05-10 13:30:00-04:00,0.8549000024795532,0.8549000024795532,0.8299999833106995,0.8299999833106995,3352,0.0,0.0
2024-05-10 14:30:00-04:00,0.8396999835968018,0.8398000001907349,0.835099995136261,0.835099995136261,4695,0.0,0.0
2024-05-10 15:30:00-04:00,0.8299999833106995,0.8349000215530396,0.8299999833106995,0.8349000215530396,23127,0.0,0.0
2024-05-13 09:30:00-04:00,0.8500000238418579,0.8723999857902527,0.8399999737739563,0.8723999857902527,71168,0.0,0.0
2024-05-13 10:30:00-04:00,0.8725000023841858,0.9641000032424927,0.8725000023841858,0.9516000151634216,48634,0.0,0.0
2024-05-13 11:30:00-04:00,0.9599000215530396,0.9800000190734863,0.9420999884605408,0.972000002861023,29220,0.0,0.0
2024-05-13 12:30:00-04:00,0.9700000286102295,0.9898999929428101,0.9200000166893005,0.9200000166893005,52368,0.0,0.0
2024-05-13 13:30:00-04:00,0.9390000104904175,0.9390000104904175,0.882099986076355,0.882099986076355,27174,0.0,0.0
2024-05-13 14:30:00-04:00,0.8927000164985657,0.8974999785423279,0.8913000226020813,0.8970000147819519,8412,0.0,0.0
2024-05-13 15:30:00-04:00,0.8974000215530396,0.9279999732971191,0.8974000215530396,0.921999990940094,32405,0.0,0.0
2024-05-14 09:30:00-04:00,0.9399999976158142,0.9700000286102295,0.8949999809265137,0.9100000262260437,96942,0.0,0.0
2024-05-14 10:30:00-04:00,0.9100000262260437,0.9325000047683716,0.9100000262260437,0.9300000071525574,7650,0.0,0.0
2024-05-14 11:30:00-04:00,0.9300000071525574,0.9323999881744385,0.9226999878883362,0.9251000285148621,6019,0.0,0.0
2024-05-14 12:30:00-04:00,0.9251000285148621,0.9325000047683716,0.9251000285148621,0.9325000047683716,17123,0.0,0.0
2024-05-14 13:30:00-04:00,0.9323999881744385,0.9325000047683716,0.9261999726295471,0.9300000071525574,14845,0.0,0.0
2024-05-14 14:30:00-04:00,0.9251000285148621,0.9312999844551086,0.9221000075340271,0.9221000075340271,28540,0.0,0.0
2024-05-14 15:30:00-04:00,0.9225000143051147,0.9225000143051147,0.9225000143051147,0.9225000143051147,501,0.0,0.0
2024-05-15 09:30:00-04:00,0.9196000099182129,0.9848999977111816,0.9196000099182129,0.9699000120162964,29545,0.0,0.0
2024-05-15 10:30:00-04:00,0.9700999855995178,0.9850000143051147,0.9700000286102295,0.9848999977111816,11607,0.0,0.0
2024-05-15 11:30:00-04:00,0.9840999841690063,1.0398999452590942,0.9840999841690063,1.0200999975204468,190684,0.0,0.0
2024-05-15 12:30:00-04:00,1.0199999809265137,1.0348000526428223,1.000100016593933,1.000100016593933,15479,0.0,0.0
2024-05-15 13:30:00-04:00,1.0199999809265137,1.0199999809265137,0.9488999843597412,0.9488999843597412,33129,0.0,0.0
2024-05-15 14:30:00-04:00,0.980400025844574,1.0098999738693237,0.9598000049591064,0.9598000049591064,21377,0.0,0.0
2024-05-15 15:30:00-04:00,0.9900000095367432,1.0,0.9700000286102295,1.0,3085,0.0,0.0
2024-05-16 09:30:00-04:00,0.9900000095367432,1.0399999618530273,0.9900000095367432,1.0199999809265137,37718,0.0,0.0
2024-05-16 10:30:00-04:00,1.0170999765396118,1.0299999713897705,1.0,1.0217000246047974,25436,0.0,0.0
2024-05-16 11:30:00-04:00,1.0264999866485596,1.0298999547958374,1.0099999904632568,1.0199999809265137,5613,0.0,0.0
2024-05-16 12:30:00-04:00,1.0099999904632568,1.0299999713897705,1.0099999904632568,1.0099999904632568,2851,0.0,0.0
2024-05-16 13:30:00-04:00,1.0226000547409058,1.0226000547409058,1.0199999809265137,1.0199999809265137,4337,0.0,0.0
2024-05-16 14:30:00-04:00,1.0200999975204468,1.0700000524520874,1.0199999809265137,1.0299999713897705,49036,0.0,0.0
2024-05-16 15:30:00-04:00,1.048699975013733,1.059999942779541,1.0324000120162964,1.059999942779541,14175,0.0,0.0
2024-05-17 09:30:00-04:00,1.059999942779541,1.059999942779541,1.0400999784469604,1.0410000085830688,11461,0.0,0.0
2024-05-17 10:30:00-04:00,1.0299999713897705,1.034999966621399,1.0099999904632568,1.0099999904632568,15905,0.0,0.0
2024-05-17 11:30:00-04:00,1.0198999643325806,1.0399999618530273,1.0198999643325806,1.0199999809265137,14144,0.0,0.0
2024-05-17 12:30:00-04:00,1.0099999904632568,1.0199999809265137,1.0099999904632568,1.0199999809265137,22079,0.0,0.0
2024-05-17 13:30:00-04:00,1.0199999809265137,1.0399999618530273,1.0099999904632568,1.027400016784668,21364,0.0,0.0
2024-05-17 14:30:00-04:00,1.0399999618530273,1.0399999618530273,1.0399999618530273,1.0399999618530273,1149,0.0,0.0
2024-05-17 15:30:00-04:00,1.0299999713897705,1.0399999618530273,1.0199999809265137,1.0299999713897705,6162,0.0,0.0
2024-05-20 09:30:00-04:00,1.0098999738693237,1.0536999702453613,1.0049999952316284,1.0099999904632568,15013,0.0,0.0
2024-05-20 10:30:00-04:00,1.034999966621399,1.0499999523162842,1.034999966621399,1.034999966621399,535,0.0,0.0
2024-05-20 11:30:00-04:00,1.0227999687194824,1.024999976158142,1.0200999975204468,1.024999976158142,15653,0.0,0.0
2024-05-20 12:30:00-04:00,1.024999976158142,1.024999976158142,1.0200999975204468,1.0200999975204468,6424,0.0,0.0
2024-05-20 13:30:00-04:00,1.0299999713897705,1.0299999713897705,1.028499960899353,1.028499960899353,1278,0.0,0.0
2024-05-20 14:30:00-04:00,1.024999976158142,1.024999976158142,1.023900032043457,1.023900032043457,1301,0.0,0.0
2024-05-20 15:30:00-04:00,1.023800015449524,1.0299999713897705,1.0099999904632568,1.0299999713897705,4137,0.0,0.0
2024-05-21 09:30:00-04:00,1.0299999713897705,1.0399999618530273,1.0200999975204468,1.0299999713897705,11330,0.0,0.0
2024-05-21 10:30:00-04:00,1.0199999809265137,1.0299999713897705,1.0099999904632568,1.024999976158142,2570,0.0,0.0
2024-05-21 11:30:00-04:00,1.0297000408172607,1.0297000408172607,1.0199999809265137,1.0200999975204468,510,0.0,0.0
2024-05-21 12:30:00-04:00,1.0199999809265137,1.0199999809265137,1.0099999904632568,1.01010000705719,1378,0.0,0.0
2024-05-21 13:30:00-04:00,1.0199999809265137,1.0199999809265137,1.0099999904632568,1.0199999809265137,3744,0.0,0.0
2024-05-22 09:30:00-04:00,1.0099999904632568,1.0399999618530273,1.0099999904632568,1.024999976158142,6502,0.0,0.0
2024-05-22 10:30:00-04:00,1.0298999547958374,1.0298999547958374,1.0149999856948853,1.024999976158142,9465,0.0,0.0
2024-05-22 11:30:00-04:00,1.0199999809265137,1.0199999809265137,1.0161000490188599,1.019700050354004,7299,0.0,0.0
2024-05-22 12:30:00-04:00,1.0199999809265137,1.0199999809265137,1.0099999904632568,1.0099999904632568,344,0.0,0.0
2024-05-22 13:30:00-04:00,1.0199999809265137,1.0199999809265137,1.0198999643325806,1.0199999809265137,5419,0.0,0.0
2024-05-22 14:30:00-04:00,1.0199999809265137,1.0299999713897705,1.0099999904632568,1.0299999713897705,12897,0.0,0.0
2024-05-22 15:30:00-04:00,1.0298999547958374,1.0299999713897705,1.024999976158142,1.024999976158142,2270,0.0,0.0
2024-05-23 09:30:00-04:00,1.024999976158142,1.024999976158142,1.024999976158142,1.024999976158142,2374,0.0,0.0
2024-05-23 10:30:00-04:00,1.027899980545044,1.0354000329971313,1.0,1.001099944114685,21351,0.0,0.0
2024-05-23 11:30:00-04:00,1.0010000467300415,1.0199999809265137,0.9502000212669373,0.9502000212669373,52798,0.0,0.0
2024-05-23 12:30:00-04:00,0.9819999933242798,0.9819999933242798,0.9309999942779541,0.9419000148773193,41076,0.0,0.0
2024-05-23 13:30:00-04:00,0.9501000046730042,0.9501000046730042,0.9501000046730042,0.9501000046730042,3690,0.0,0.0
2024-05-23 14:30:00-04:00,0.9501000046730042,0.9501000046730042,0.949999988079071,0.949999988079071,7220,0.0,0.0
2024-05-23 15:30:00-04:00,0.9696999788284302,0.9900000095367432,0.9509000182151794,0.9898999929428101,6656,0.0,0.0
2024-05-24 09:30:00-04:00,0.9603000283241272,0.9692000150680542,0.9401000142097473,0.9595999717712402,8580,0.0,0.0
2024-05-24 10:30:00-04:00,0.9690999984741211,0.9765999913215637,0.963699996471405,0.9690999984741211,6435,0.0,0.0
2024-05-24 12:30:00-04:00,0.9800000190734863,0.9800000190734863,0.9501000046730042,0.9599999785423279,9457,0.0,0.0
2024-05-24 13:30:00-04:00,0.989799976348877,0.989799976348877,0.9897000193595886,0.9897000193595886,10825,0.0,0.0
2024-05-24 14:30:00-04:00,0.9879999756813049,0.9990000128746033,0.9879999756813049,0.9990000128746033,12227,0.0,0.0
2024-05-24 15:30:00-04:00,0.9998999834060669,0.9998999834060669,0.9948999881744385,0.9998999834060669,1460,0.0,0.0
2024-05-28 09:30:00-04:00,1.0,1.037500023841858,1.0,1.0074000358581543,5539,0.0,0.0
2024-05-28 10:30:00-04:00,1.0039000511169434,1.0099999904632568,1.0039000511169434,1.0099999904632568,590,0.0,0.0
2024-05-28 11:30:00-04:00,1.0099999904632568,1.0099999904632568,1.0,1.000100016593933,1008,0.0,0.0
2024-05-28 12:30:00-04:00,1.0199999809265137,1.0199999809265137,1.0010000467300415,1.0099999904632568,7144,0.0,0.0
2024-05-28 13:30:00-04:00,1.0099999904632568,1.0099999904632568,1.0,1.0,1101,0.0,0.0
2024-05-28 14:30:00-04:00,0.9900000095367432,0.9900000095367432,0.9900000095367432,0.9900000095367432,1277,0.0,0.0
2024-05-28 15:30:00-04:00,0.9950000047683716,0.9950000047683716,0.9900000095367432,0.9900000095367432,1820,0.0,0.0
2024-05-29 09:30:00-04:00,1.0,1.0115000009536743,1.0,1.0,22111,0.0,0.0
2024-05-29 10:30:00-04:00,0.9984999895095825,0.9984999895095825,0.9889000058174133,0.9944999814033508,6608,0.0,0.0
2024-05-29 11:30:00-04:00,0.9890999794006348,0.9890999794006348,0.9401999711990356,0.9451000094413757,23789,0.0,0.0
2024-05-29 12:30:00-04:00,0.9498999714851379,0.960099995136261,0.9498999714851379,0.9595999717712402,7322,0.0,0.0
2024-05-29 13:30:00-04:00,1.0,1.0,1.0,1.0,2466,0.0,0.0
2024-05-29 14:30:00-04:00,0.9800000190734863,0.9800000190734863,0.9800000190734863,0.9800000190734863,716,0.0,0.0
2024-05-29 15:30:00-04:00,0.9650999903678894,0.9998999834060669,0.9650999903678894,0.9825000166893005,16041,0.0,0.0
2024-05-30 09:30:00-04:00,0.9700000286102295,0.9793000221252441,0.9200000166893005,0.9599999785423279,14963,0.0,0.0
2024-05-30 10:30:00-04:00,0.9571999907493591,0.9800000190734863,0.9501000046730042,0.9501000046730042,7515,0.0,0.0
2024-05-30 11:30:00-04:00,0.9789000153541565,0.9789000153541565,0.9789000153541565,0.9789000153541565,249,0.0,0.0
2024-05-30 12:30:00-04:00,0.9800000190734863,0.9800000190734863,0.9800000190734863,0.9800000190734863,704,0.0,0.0
2024-05-30 13:30:00-04:00,0.9799000024795532,0.9900000095367432,0.9799000024795532,0.9900000095367432,18764,0.0,0.0
2024-05-30 14:30:00-04:00,0.9896000027656555,0.9896000027656555,0.9765999913215637,0.9767000079154968,992,0.0,0.0
2024-05-30 15:30:00-04:00,0.9789999723434448,0.9789999723434448,0.9789999723434448,0.9789999723434448,503,0.0,0.0
2024-05-31 09:30:00-04:00,0.9700999855995178,0.9987999796867371,0.9449999928474426,0.9449999928474426,13234,0.0,0.0
2024-05-31 10:30:00-04:00,0.9498000144958496,0.9599000215530396,0.9495999813079834,0.9599000215530396,1374,0.0,0.0
2024-05-31 11:30:00-04:00,0.9599999785423279,0.9599999785423279,0.9477999806404114,0.9599999785423279,1046,0.0,0.0
2024-05-31 12:30:00-04:00,0.9571999907493591,0.9571999907493591,0.9571999907493591,0.9571999907493591,1342,0.0,0.0
2024-05-31 13:30:00-04:00,0.951200008392334,0.9538999795913696,0.951200008392334,0.9538999795913696,4607,0.0,0.0
2024-05-31 14:30:00-04:00,0.9649999737739563,0.9649999737739563,0.9501000046730042,0.9501000046730042,2251,0.0,0.0
2024-05-31 15:30:00-04:00,0.9599999785423279,0.9599999785423279,0.9599999785423279,0.9599999785423279,588,0.0,0.0
2024-06-03 09:30:00-04:00,0.9501000046730042,0.9686999917030334,0.949999988079071,0.9686999917030334,22823,0.0,0.0
2024-06-03 10:30:00-04:00,0.9549999833106995,0.9700000286102295,0.9501000046730042,0.9599999785423279,2671,0.0,0.0
2024-06-03 11:30:00-04:00,0.949999988079071,0.9550999999046326,0.9399999976158142,0.9451000094413757,9272,0.0,0.0
2024-06-03 12:30:00-04:00,0.9402999877929688,0.9959999918937683,0.9401999711990356,0.9599999785423279,5999,0.0,0.0
2024-06-03 13:30:00-04:00,1.0,1.0,0.949999988079071,0.954200029373169,1941,0.0,0.0
2024-06-03 14:30:00-04:00,0.9794999957084656,1.0,0.9617999792098999,0.9753000140190125,3377,0.0,0.0
2024-06-03 15:30:00-04:00,0.9753000140190125,0.9753000140190125,0.9613999724388123,0.9650999903678894,3121,0.0,0.0
2024-06-04 09:30:00-04:00,0.9700000286102295,0.9700000286102295,0.941100001335144,0.9501000046730042,7337,0.0,0.0
2024-06-04 10:30:00-04:00,0.9574999809265137,0.9649999737739563,0.9501000046730042,0.9501000046730042,5505,0.0,0.0
2024-06-04 12:30:00-04:00,0.9599999785423279,0.9599999785423279,0.9599999785423279,0.9599999785423279,963,0.0,0.0
2024-06-04 13:30:00-04:00,0.9599999785423279,0.9771000146865845,0.9585000276565552,0.9771000146865845,14511,0.0,0.0
2024-06-04 14:30:00-04:00,0.9799000024795532,0.9799000024795532,0.9708999991416931,0.9799000024795532,2150,0.0,0.0
2024-06-04 15:30:00-04:00,0.9739999771118164,0.9796000123023987,0.97079998254776,0.9796000123023987,4617,0.0,0.0
2024-06-05 09:30:00-04:00,0.9900000095367432,0.9900000095367432,0.9480000138282776,0.9480000138282776,43329,0.0,0.0
2024-06-05 10:30:00-04:00,0.9449999928474426,0.9588000178337097,0.9449999928474426,0.9588000178337097,3632,0.0,0.0
2024-06-05 11:30:00-04:00,0.9244999885559082,0.9585999846458435,0.8100000023841858,0.9286999702453613,89963,0.0,0.0
2024-06-05 12:30:00-04:00,0.9399999976158142,0.9399999976158142,0.9399999976158142,0.9399999976158142,756,0.0,0.0
2024-06-05 13:30:00-04:00,0.949999988079071,0.9549000263214111,0.9200000166893005,0.9200000166893005,6933,0.0,0.0
2024-06-05 14:30:00-04:00,0.949999988079071,0.949999988079071,0.9375,0.949999988079071,1516,0.0,0.0
2024-06-05 15:30:00-04:00,0.9325000047683716,0.9399999976158142,0.9300000071525574,0.9391999840736389,1801,0.0,0.0
2024-06-06 09:30:00-04:00,0.9164999723434448,0.953000009059906,0.8995000123977661,0.949999988079071,21558,0.0,0.0
2024-06-06 10:30:00-04:00,0.9049999713897705,0.9049999713897705,0.9049999713897705,0.9049999713897705,156,0.0,0.0
2024-06-06 11:30:00-04:00,0.9100000262260437,0.9171000123023987,0.9100000262260437,0.9171000123023987,6048,0.0,0.0
2024-06-06 12:30:00-04:00,0.9235000014305115,0.9235000014305115,0.9171000123023987,0.9171000123023987,1271,0.0,0.0
2024-06-06 13:30:00-04:00,0.9100000262260437,0.9169999957084656,0.8909000158309937,0.9169999957084656,11946,0.0,0.0
2024-06-06 14:30:00-04:00,0.9168999791145325,0.9168999791145325,0.890999972820282,0.8910999894142151,7995,0.0,0.0
2024-06-06 15:30:00-04:00,0.8913999795913696,0.9169999957084656,0.8851000070571899,0.9169999957084656,13335,0.0,0.0
2024-06-07 09:30:00-04:00,0.8899999856948853,0.9150000214576721,0.863099992275238,0.8700000047683716,12745,0.0,0.0
2024-06-07 10:30:00-04:00,0.8751999735832214,0.9199000000953674,0.8751999735832214,0.9049999713897705,10062,0.0,0.0
2024-06-07 11:30:00-04:00,0.9049999713897705,0.9100000262260437,0.8899999856948853,0.8899999856948853,7357,0.0,0.0
2024-06-07 13:30:00-04:00,0.9199000000953674,0.9199000000953674,0.9039000272750854,0.9039999842643738,6900,0.0,0.0
2024-06-07 14:30:00-04:00,0.8970000147819519,0.9039999842643738,0.8799999952316284,0.9039999842643738,11520,0.0,0.0
2024-06-07 15:30:00-04:00,0.8920000195503235,0.9039000272750854,0.8799999952316284,0.9039000272750854,5006,0.0,0.0
2024-06-10 09:30:00-04:00,0.8799999952316284,0.934499979019165,0.8799999952316284,0.8899999856948853,9491,0.0,0.0
2024-06-10 10:30:00-04:00,0.8999000191688538,0.8999000191688538,0.875,0.8798999786376953,22245,0.0,0.0
2024-06-10 11:30:00-04:00,0.875,0.8751000165939331,0.8514999747276306,0.862500011920929,8108,0.0,0.0
2024-06-10 12:30:00-04:00,0.862500011920929,0.8870000243186951,0.839900016784668,0.8870000243186951,24850,0.0,0.0
2024-06-10 13:30:00-04:00,0.8557000160217285,0.8679999709129333,0.8557000160217285,0.8679999709129333,4561,0.0,0.0
2024-06-10 14:30:00-04:00,0.8700000047683716,0.8730999827384949,0.8557000160217285,0.857699990272522,10644,0.0,0.0
2024-06-10 15:30:00-04:00,0.8500999808311462,0.8801000118255615,0.8500999808311462,0.8801000118255615,998,0.0,0.0
2024-06-11 09:30:00-04:00,0.8870000243186951,0.8870000243186951,0.8611000180244446,0.8611000180244446,22326,0.0,0.0
2024-06-11 10:30:00-04:00,0.8687999844551086,0.8687999844551086,0.8600000143051147,0.86080002784729,21120,0.0,0.0
2024-06-11 11:30:00-04:00,0.8504999876022339,0.8709999918937683,0.8400999903678894,0.8709999918937683,12453,0.0,0.0
2024-06-11 13:30:00-04:00,0.8500000238418579,0.8799999952316284,0.8500000238418579,0.8600000143051147,13836,0.0,0.0
2024-06-11 14:30:00-04:00,0.8600000143051147,0.8867999911308289,0.8600000143051147,0.8776000142097473,12375,0.0,0.0
2024-06-11 15:30:00-04:00,0.8820000290870667,0.8870000243186951,0.8700000047683716,0.8870000243186951,43665,0.0,0.0
2024-06-12 09:30:00-04:00,0.8899999856948853,0.9136000275611877,0.8899999856948853,0.9136000275611877,3702,0.0,0.0
2024-06-12 10:30:00-04:00,0.9394999742507935,0.9394999742507935,0.9394999742507935,0.9394999742507935,352,0.0,0.0
2024-06-12 11:30:00-04:00,0.8633000254631042,0.8633000254631042,0.8633000254631042,0.8633000254631042,1748,0.0,0.0
2024-06-12 12:30:00-04:00,0.899399995803833,0.899399995803833,0.899399995803833,0.899399995803833,666,0.0,0.0
2024-06-12 13:30:00-04:00,0.9017000198364258,0.9017000198364258,0.9017000198364258,0.9017000198364258,6773,0.0,0.0
2024-06-12 14:30:00-04:00,0.8999999761581421,0.9399999976158142,0.8999999761581421,0.9300000071525574,12722,0.0,0.0
2024-06-12 15:30:00-04:00,0.9043999910354614,0.9043999910354614,0.9042999744415283,0.9043999910354614,5301,0.0,0.0
2024-06-13 09:30:00-04:00,0.8999999761581421,0.8999999761581421,0.875,0.875,10929,0.0,0.0
2024-06-13 11:30:00-04:00,0.8880000114440918,0.8880000114440918,0.8664000034332275,0.8664000034332275,1268,0.0,0.0
2024-06-13 12:30:00-04:00,0.8999999761581421,0.8999999761581421,0.8999000191688538,0.8999999761581421,5890,0.0,0.0
2024-06-13 13:30:00-04:00,0.8942999839782715,0.9136000275611877,0.875,0.9136000275611877,5056,0.0,0.0
2024-06-13 14:30:00-04:00,0.8852999806404114,0.9200000166893005,0.8784999847412109,0.8995000123977661,8550,0.0,0.0
2024-06-13 15:30:00-04:00,0.899399995803833,0.9190000295639038,0.899399995803833,0.9190000295639038,852,0.0,0.0
2024-06-14 09:30:00-04:00,0.8939999938011169,0.8939999938011169,0.8593000173568726,0.8593000173568726,3402,0.0,0.0
2024-06-14 10:30:00-04:00,0.8705999851226807,0.8705999851226807,0.8705999851226807,0.8705999851226807,1752,0.0,0.0
2024-06-14 11:30:00-04:00,0.875,0.8790000081062317,0.8700000047683716,0.8790000081062317,1097,0.0,0.0
2024-06-14 12:30:00-04:00,0.8700000047683716,0.8780999779701233,0.8690000176429749,0.8780999779701233,6283,0.0,0.0
2024-06-14 13:30:00-04:00,0.8690000176429749,0.8849999904632568,0.8690000176429749,0.8849999904632568,2950,0.0,0.0
2024-06-14 14:30:00-04:00,0.8849999904632568,0.8867999911308289,0.8798999786376953,0.8798999786376953,2718,0.0,0.0
2024-06-17 09:30:00-04:00,0.8899999856948853,0.8899999856948853,0.875,0.8895999789237976,2925,0.0,0.0
2024-06-17 10:30:00-04:00,0.8799999952316284,0.8895999789237976,0.8659999966621399,0.8895000219345093,7250,0.0,0.0
2024-06-17 11:30:00-04:00,0.883899986743927,0.883899986743927,0.8776000142097473,0.8776000142097473,743,0.0,0.0
2024-06-17 12:30:00-04:00,0.8776000142097473,0.8895999789237976,0.8654999732971191,0.8691999912261963,1874,0.0,0.0
2024-06-17 13:30:00-04:00,0.8725000023841858,0.8725000023841858,0.8600000143051147,0.8600000143051147,408,0.0,0.0
2024-06-17 14:30:00-04:00,0.8600000143051147,0.8600000143051147,0.8600000143051147,0.8600000143051147,554,0.0,0.0
2024-06-17 15:30:00-04:00,0.8737999796867371,0.8776000142097473,0.8500000238418579,0.8600000143051147,10562,0.0,0.0
2024-06-18 09:30:00-04:00,0.8700000047683716,0.8700000047683716,0.8500000238418579,0.8500000238418579,5209,0.0,0.0
2024-06-18 10:30:00-04:00,0.8510000109672546,0.8700000047683716,0.8510000109672546,0.8700000047683716,1387,0.0,0.0
2024-06-18 11:30:00-04:00,0.8700000047683716,0.8700000047683716,0.8519999980926514,0.8571000099182129,14096,0.0,0.0
2024-06-18 12:30:00-04:00,0.8569999933242798,0.8569999933242798,0.8569999933242798,0.8569999933242798,0,0.0,0.0
2024-06-18 13:30:00-04:00,0.8848999738693237,0.8848999738693237,0.8600000143051147,0.8600000143051147,249,0.0,0.0
2024-06-18 14:30:00-04:00,0.8600000143051147,0.8600000143051147,0.8600000143051147,0.8600000143051147,976,0.0,0.0
2024-06-18 15:30:00-04:00,0.8600000143051147,0.8820000290870667,0.8399999737739563,0.8820000290870667,6197,0.0,0.0
2024-06-20 09:30:00-04:00,0.8500000238418579,0.8700000047683716,0.8403000235557556,0.8403000235557556,6938,0.0,0.0
2024-06-20 10:30:00-04:00,0.8264999985694885,0.8700000047683716,0.8264999985694885,0.8325999975204468,2779,0.0,0.0
2024-06-20 11:30:00-04:00,0.8698999881744385,0.8698999881744385,0.8698999881744385,0.8698999881744385,638,0.0,0.0
2024-06-20 12:30:00-04:00,0.8622999787330627,0.8622999787330627,0.8341000080108643,0.8341000080108643,398,0.0,0.0
2024-06-20 13:30:00-04:00,0.8510000109672546,0.8510000109672546,0.840399980545044,0.840399980545044,882,0.0,0.0
2024-06-20 14:30:00-04:00,0.8499000072479248,0.869700014591217,0.8402000069618225,0.8501999974250793,5577,0.0,0.0
2024-06-20 15:30:00-04:00,0.8438000082969666,0.8438000082969666,0.8424999713897705,0.8424999713897705,551,0.0,0.0
2024-06-21 09:30:00-04:00,0.8600000143051147,0.8600000143051147,0.8400999903678894,0.8420000076293945,2042,0.0,0.0
2024-06-21 10:30:00-04:00,0.8420000076293945,0.8697999715805054,0.8420000076293945,0.8500000238418579,10993,0.0,0.0
2024-06-21 11:30:00-04:00,0.8501999974250793,0.8501999974250793,0.8500000238418579,0.8500000238418579,836,0.0,0.0
2024-06-21 12:30:00-04:00,0.8500999808311462,0.8500999808311462,0.8450000286102295,0.8450000286102295,5743,0.0,0.0
2024-06-21 14:30:00-04:00,0.8452000021934509,0.8452000021934509,0.8452000021934509,0.8452000021934509,472,0.0,0.0
2024-06-21 15:30:00-04:00,0.8510000109672546,0.8510000109672546,0.843999981880188,0.8496999740600586,2983,0.0,0.0
2024-06-24 09:30:00-04:00,0.8299999833106995,0.8518999814987183,0.8199999928474426,0.8199999928474426,9065,0.0,0.0
2024-06-24 10:30:00-04:00,0.8360000252723694,0.8428999781608582,0.8100000023841858,0.8428999781608582,18343,0.0,0.0
2024-06-24 11:30:00-04:00,0.8309999704360962,0.8428999781608582,0.8126000165939331,0.8126000165939331,15062,0.0,0.0
2024-06-24 12:30:00-04:00,0.8126000165939331,0.8149999976158142,0.8126000165939331,0.8149999976158142,3099,0.0,0.0
2024-06-24 13:30:00-04:00,0.8149999976158142,0.8199999928474426,0.8126999735832214,0.8198999762535095,5634,0.0,0.0
2024-06-24 15:30:00-04:00,0.8140000104904175,0.8190000057220459,0.8109999895095825,0.8109999895095825,4588,0.0,0.0
2024-06-25 10:30:00-04:00,0.8109999895095825,0.8224999904632568,0.8029999732971191,0.8029999732971191,20624,0.0,0.0
2024-06-25 11:30:00-04:00,0.8100000023841858,0.8199999928474426,0.8100000023841858,0.8199999928474426,5857,0.0,0.0
2024-06-25 12:30:00-04:00,0.820900022983551,0.820900022983551,0.820900022983551,0.820900022983551,472,0.0,0.0
2024-06-25 13:30:00-04:00,0.8392000198364258,0.8500000238418579,0.8353000283241272,0.8500000238418579,9900,0.0,0.0
2024-06-25 14:30:00-04:00,0.8500000238418579,0.8500000238418579,0.8500000238418579,0.8500000238418579,1012,0.0,0.0
2024-06-25 15:30:00-04:00,0.8289999961853027,0.8289999961853027,0.8289999961853027,0.8289999961853027,409,0.0,0.0
2024-06-26 09:30:00-04:00,0.8360000252723694,0.840499997138977,0.8209999799728394,0.840499997138977,3905,0.0,0.0
2024-06-26 10:30:00-04:00,0.824999988079071,0.839900016784668,0.824999988079071,0.839900016784668,2535,0.0,0.0
2024-06-26 11:30:00-04:00,0.8309000134468079,0.8309999704360962,0.8309000134468079,0.8309999704360962,872,0.0,0.0
2024-06-26 12:30:00-04:00,0.8288000226020813,0.829200029373169,0.8252000212669373,0.8252000212669373,2627,0.0,0.0
2024-06-26 13:30:00-04:00,0.8324000239372253,0.839900016784668,0.8324000239372253,0.839900016784668,4410,0.0,0.0
2024-06-26 14:30:00-04:00,0.8300999999046326,0.8579000234603882,0.8300999999046326,0.8579000234603882,1504,0.0,0.0
2024-06-26 15:30:00-04:00,0.8579999804496765,0.8579999804496765,0.8414999842643738,0.8579999804496765,894,0.0,0.0
2024-06-27 09:30:00-04:00,0.8500000238418579,0.8600000143051147,0.8499000072479248,0.8500000238418579,4061,0.0,0.0
2024-06-27 10:30:00-04:00,0.8500000238418579,0.8700000047683716,0.8500000238418579,0.8600000143051147,19619,0.0,0.0
2024-06-27 11:30:00-04:00,0.8500999808311462,0.8500999808311462,0.8500000238418579,0.8500000238418579,2852,0.0,0.0
2024-06-27 12:30:00-04:00,0.8489000201225281,0.8489000201225281,0.8485999703407288,0.8485999703407288,327,0.0,0.0
2024-06-27 13:30:00-04:00,0.8399999737739563,0.8450000286102295,0.8399999737739563,0.8400999903678894,2773,0.0,0.0
2024-06-27 14:30:00-04:00,0.8399999737739563,0.8399999737739563,0.8399999737739563,0.8399999737739563,228,0.0,0.0
2024-06-27 15:30:00-04:00,0.8399999737739563,0.8399999737739563,0.8399999737739563,0.8399999737739563,792,0.0,0.0
2024-06-28 09:30:00-04:00,0.8410000205039978,0.9599999785423279,0.8112000226974487,0.8995000123977661,37459,0.0,0.0
2024-06-28 10:30:00-04:00,0.8450000286102295,0.8450000286102295,0.8100000023841858,0.839900016784668,6613,0.0,0.0
2024-06-28 11:30:00-04:00,0.8995000123977661,0.8995000123977661,0.8400999903678894,0.8684999942779541,35163,0.0,0.0
2024-06-28 12:30:00-04:00,0.8450000286102295,0.8450000286102295,0.8450000286102295,0.8450000286102295,1592,0.0,0.0
2024-06-28 13:30:00-04:00,0.8779000043869019,0.8779000043869019,0.8575000166893005,0.8575000166893005,1989,0.0,0.0
2024-06-28 14:30:00-04:00,0.8626000285148621,0.8626000285148621,0.8626000285148621,0.8626000285148621,849,0.0,0.0
2024-06-28 15:30:00-04:00,0.899399995803833,0.8999999761581421,0.8899999856948853,0.8999000191688538,22823,0.0,0.0
2024-07-01 09:30:00-04:00,0.949999988079071,0.949999988079071,0.8999999761581421,0.9390000104904175,48766,0.0,0.0
2024-07-01 10:30:00-04:00,0.9296000003814697,0.9380000233650208,0.9000999927520752,0.9000999927520752,4035,0.0,0.0
2024-07-01 11:30:00-04:00,0.8999999761581421,0.9300000071525574,0.8999999761581421,0.9000999927520752,3407,0.0,0.0
2024-07-01 12:30:00-04:00,0.9000999927520752,0.9279999732971191,0.8849999904632568,0.9210000038146973,45372,0.0,0.0
2024-07-01 13:30:00-04:00,0.8949999809265137,0.8949999809265137,0.8511000275611877,0.8673999905586243,19006,0.0,0.0
2024-07-01 14:30:00-04:00,0.870199978351593,0.9199000000953674,0.8700000047683716,0.9199000000953674,17195,0.0,0.0
2024-07-01 15:30:00-04:00,0.8799999952316284,0.9099000096321106,0.8799999952316284,0.8902999758720398,29384,0.0,0.0
2024-07-02 09:30:00-04:00,0.8730000257492065,0.8730000257492065,0.7915999889373779,0.7915999889373779,45380,0.0,0.0
2024-07-02 10:30:00-04:00,0.7915999889373779,0.8600000143051147,0.7915999889373779,0.843500018119812,59340,0.0,0.0
2024-07-02 11:30:00-04:00,0.819100022315979,0.8363000154495239,0.8190000057220459,0.8361999988555908,5674,0.0,0.0
2024-07-02 12:30:00-04:00,0.8251000046730042,0.8313999772071838,0.8100000023841858,0.8100000023841858,22953,0.0,0.0
2024-07-02 13:30:00-04:00,0.8361999988555908,0.8361999988555908,0.8100000023841858,0.8299999833106995,16826,0.0,0.0
2024-07-02 14:30:00-04:00,0.8299999833106995,0.8299999833106995,0.8026999831199646,0.8051000237464905,11828,0.0,0.0
2024-07-02 15:30:00-04:00,0.8174999952316284,0.8174999952316284,0.7921000123023987,0.7922000288963318,54134,0.0,0.0
2024-07-03 09:30:00-04:00,0.7950000166893005,0.8458999991416931,0.7950000166893005,0.8418999910354614,39120,0.0,0.0
2024-07-03 10:30:00-04:00,0.791100025177002,0.8199999928474426,0.791100025177002,0.8001000285148621,11877,0.0,0.0
2024-07-03 11:30:00-04:00,0.8001000285148621,0.8299999833106995,0.8001000285148621,0.8299999833106995,6653,0.0,0.0
2024-07-05 09:30:00-04:00,0.7922000288963318,0.8299000263214111,0.7213000059127808,0.8299000263214111,52344,0.0,0.0
2024-07-05 10:30:00-04:00,0.828000009059906,0.8497999906539917,0.8093000054359436,0.8497999906539917,14637,0.0,0.0
2024-07-05 11:30:00-04:00,0.8623999953269958,0.8820000290870667,0.8399999737739563,0.8406999707221985,12365,0.0,0.0
2024-07-05 12:30:00-04:00,0.8799999952316284,0.8799999952316284,0.8500000238418579,0.875,5125,0.0,0.0
2024-07-05 13:30:00-04:00,0.875,0.875,0.8748999834060669,0.875,11939,0.0,0.0
2024-07-05 14:30:00-04:00,0.8700000047683716,0.8700000047683716,0.800000011920929,0.8349999785423279,18631,0.0,0.0
2024-07-05 15:30:00-04:00,0.847000002861023,0.847000002861023,0.819100022315979,0.8210999965667725,2304,0.0,0.0
2024-07-08 09:30:00-04:00,0.8170999884605408,0.8299999833106995,0.8170999884605408,0.8170999884605408,43962,0.0,0.0
2024-07-08 10:30:00-04:00,0.8170999884605408,0.8172000050544739,0.8170999884605408,0.8170999884605408,3225,0.0,0.0
2024-07-08 11:30:00-04:00,0.8170999884605408,0.8170999884605408,0.8050000071525574,0.8050000071525574,11292,0.0,0.0
2024-07-08 12:30:00-04:00,0.8069999814033508,0.8087000250816345,0.8069999814033508,0.8087000250816345,6767,0.0,0.0
2024-07-08 13:30:00-04:00,0.8087000250816345,0.8087000250816345,0.7799999713897705,0.7967000007629395,37347,0.0,0.0
2024-07-08 14:30:00-04:00,0.8100000023841858,0.8346999883651733,0.8008999824523926,0.8008999824523926,3783,0.0,0.0
2024-07-08 15:30:00-04:00,0.8395000100135803,0.8395000100135803,0.8019999861717224,0.8019999861717224,1116,0.0,0.0
2024-07-09 09:30:00-04:00,0.814300000667572,0.8317000269889832,0.8044999837875366,0.8317000269889832,6099,0.0,0.0
2024-07-09 10:30:00-04:00,0.8201000094413757,0.8220000267028809,0.8201000094413757,0.8220000267028809,687,0.0,0.0
2024-07-09 12:30:00-04:00,0.8199999928474426,0.8299999833106995,0.8109999895095825,0.8299999833106995,1618,0.0,0.0
2024-07-09 13:30:00-04:00,0.8198999762535095,0.8299999833106995,0.8198999762535095,0.8299999833106995,1332,0.0,0.0
2024-07-09 14:30:00-04:00,0.8212000131607056,0.8238000273704529,0.8191999793052673,0.8238000273704529,4415,0.0,0.0
2024-07-09 15:30:00-04:00,0.8155999779701233,0.8216000199317932,0.8155999779701233,0.8216000199317932,559,0.0,0.0
2024-07-10 09:30:00-04:00,0.8199999928474426,0.8238000273704529,0.8129000067710876,0.8129000067710876,3391,0.0,0.0
2024-07-10 10:30:00-04:00,0.8199999928474426,0.8299999833106995,0.8133999705314636,0.8299999833106995,7615,0.0,0.0
2024-07-10 11:30:00-04:00,0.8224999904632568,0.8307999968528748,0.8199999928474426,0.8199999928474426,4091,0.0,0.0
2024-07-10 12:30:00-04:00,0.8230000138282776,0.8331999778747559,0.8199999928474426,0.8331999778747559,2604,0.0,0.0
2024-07-10 13:30:00-04:00,0.8331999778747559,0.8399999737739563,0.8199999928474426,0.8389999866485596,14311,0.0,0.0
2024-07-10 14:30:00-04:00,0.8600000143051147,0.8600000143051147,0.847000002861023,0.8600000143051147,12567,0.0,0.0
2024-07-10 15:30:00-04:00,0.8562999963760376,0.8562999963760376,0.8450999855995178,0.8550000190734863,1559,0.0,0.0
2024-07-11 09:30:00-04:00,0.8223999738693237,0.8289999961853027,0.817300021648407,0.817300021648407,8296,0.0,0.0
2024-07-11 10:30:00-04:00,0.8170999884605408,0.8413000106811523,0.7900999784469604,0.839900016784668,8195,0.0,0.0
2024-07-11 11:30:00-04:00,0.8349999785423279,0.8349999785423279,0.8349999785423279,0.8349999785423279,544,0.0,0.0
2024-07-11 12:30:00-04:00,0.8223000168800354,0.8345999717712402,0.8223000168800354,0.8345999717712402,880,0.0,0.0
2024-07-11 13:30:00-04:00,0.8299999833106995,0.8345999717712402,0.8299999833106995,0.8345999717712402,506,0.0,0.0
2024-07-11 14:30:00-04:00,0.8399999737739563,0.8399999737739563,0.839900016784668,0.839900016784668,1874,0.0,0.0
2024-07-11 15:30:00-04:00,0.8399999737739563,0.8413000106811523,0.824999988079071,0.8399999737739563,3991,0.0,0.0
2024-07-12 09:30:00-04:00,0.8378999829292297,0.8378999829292297,0.8036999702453613,0.8100000023841858,10482,0.0,0.0
2024-07-12 10:30:00-04:00,0.8300999999046326,0.8302000164985657,0.8180999755859375,0.8180999755859375,4227,0.0,0.0
2024-07-12 11:30:00-04:00,0.8379999995231628,0.8600000143051147,0.8299999833106995,0.8507000207901001,10230,0.0,0.0
2024-07-12 12:30:00-04:00,0.8399999737739563,0.8399999737739563,0.8109999895095825,0.8199999928474426,10825,0.0,0.0
2024-07-12 13:30:00-04:00,0.8550000190734863,0.871999979019165,0.8550000190734863,0.871999979019165,8534,0.0,0.0
2024-07-12 14:30:00-04:00,0.8561000227928162,0.8650000095367432,0.8500999808311462,0.8500999808311462,1813,0.0,0.0
2024-07-12 15:30:00-04:00,0.8639000058174133,0.8889999985694885,0.8569999933242798,0.8870000243186951,9453,0.0,0.0
2024-07-15 09:30:00-04:00,0.8949999809265137,0.8949999809265137,0.8949999809265137,0.8949999809265137,1469,0.0,0.0
2024-07-15 10:30:00-04:00,0.8709999918937683,0.8799999952316284,0.8600000143051147,0.8799999952316284,1016,0.0,0.0
2024-07-15 11:30:00-04:00,0.8600000143051147,0.8600000143051147,0.8600000143051147,0.8600000143051147,1337,0.0,0.0
2024-07-15 13:30:00-04:00,0.8507999777793884,0.8698999881744385,0.8507999777793884,0.8659999966621399,1414,0.0,0.0
2024-07-15 14:30:00-04:00,0.8510000109672546,0.8510000109672546,0.8510000109672546,0.8510000109672546,1281,0.0,0.0
2024-07-15 15:30:00-04:00,0.8500000238418579,0.8700000047683716,0.8500000238418579,0.8700000047683716,1920,0.0,0.0
2024-07-16 09:30:00-04:00,0.8934999704360962,0.9089000225067139,0.8700000047683716,0.8709999918937683,19689,0.0,0.0
2024-07-16 10:30:00-04:00,0.8744999766349792,0.8744999766349792,0.8744999766349792,0.8744999766349792,1432,0.0,0.0
2024-07-16 11:30:00-04:00,0.8799999952316284,0.8906999826431274,0.8709999918937683,0.8773000240325928,6241,0.0,0.0
2024-07-16 12:30:00-04:00,0.8826000094413757,0.8899999856948853,0.8802000284194946,0.8899999856948853,11738,0.0,0.0
2024-07-16 13:30:00-04:00,0.8851000070571899,0.8899999856948853,0.8500000238418579,0.8500000238418579,26473,0.0,0.0
2024-07-16 14:30:00-04:00,0.8889999985694885,0.8899999856948853,0.8500999808311462,0.8899999856948853,1903,0.0,0.0
2024-07-16 15:30:00-04:00,0.8899999856948853,0.8899999856948853,0.8802000284194946,0.8899999856948853,3378,0.0,0.0
2024-07-17 09:30:00-04:00,0.8898000121116638,0.8899000287055969,0.8701000213623047,0.8899000287055969,7566,0.0,0.0
2024-07-17 10:30:00-04:00,0.8899000287055969,0.8899000287055969,0.8540999889373779,0.8540999889373779,0,0.0,0.0
2024-07-17 11:30:00-04:00,0.8889999985694885,0.8899000287055969,0.8550000190734863,0.8725000023841858,24547,0.0,0.0
2024-07-17 12:30:00-04:00,0.8790000081062317,0.8790000081062317,0.8555999994277954,0.8555999994277954,773,0.0,0.0
2024-07-17 13:30:00-04:00,0.8550000190734863,0.8799999952316284,0.8550000190734863,0.8708999752998352,435,0.0,0.0
2024-07-17 14:30:00-04:00,0.8637999892234802,0.8725000023841858,0.8550000190734863,0.8550999760627747,13010,0.0,0.0
2024-07-17 15:30:00-04:00,0.8725000023841858,0.8725000023841858,0.8597000241279602,0.8725000023841858,2439,0.0,0.0
2024-07-18 09:30:00-04:00,0.8500000238418579,0.8500000238418579,0.8400999903678894,0.8400999903678894,10626,0.0,0.0
2024-07-18 10:30:00-04:00,0.8723000288009644,0.8725000023841858,0.8543000221252441,0.8543000221252441,6370,0.0,0.0
2024-07-18 11:30:00-04:00,0.878000020980835,0.878000020980835,0.8733999729156494,0.8733999729156494,717,0.0,0.0
2024-07-18 12:30:00-04:00,0.8733999729156494,0.8733999729156494,0.8733999729156494,0.8733999729156494,565,0.0,0.0
2024-07-18 13:30:00-04:00,0.8543000221252441,0.8799999952316284,0.8543000221252441,0.8788999915122986,5088,0.0,0.0
2024-07-18 14:30:00-04:00,0.869700014591217,0.869700014591217,0.8593000173568726,0.8593000173568726,2426,0.0,0.0
2024-07-18 15:30:00-04:00,0.8500000238418579,0.8500000238418579,0.8500000238418579,0.8500000238418579,6964,0.0,0.0
2024-07-19 09:30:00-04:00,0.8700000047683716,0.8700000047683716,0.8500999808311462,0.8546000123023987,1986,0.0,0.0
2024-07-19 10:30:00-04:00,0.8600000143051147,0.8695999979972839,0.8500000238418579,0.8500000238418579,3144,0.0,0.0
2024-07-19 11:30:00-04:00,0.8500000238418579,0.8500999808311462,0.845300018787384,0.8476999998092651,16469,0.0,0.0
2024-07-19 12:30:00-04:00,0.8485000133514404,0.8485000133514404,0.8402000069618225,0.8485000133514404,7352,0.0,0.0
2024-07-19 13:30:00-04:00,0.845300018787384,0.8485000133514404,0.845300018787384,0.8485000133514404,993,0.0,0.0
2024-07-19 14:30:00-04:00,0.8400999903678894,0.8485000133514404,0.8400999903678894,0.8485000133514404,8122,0.0,0.0
2024-07-22 09:30:00-04:00,0.8299999833106995,0.8690000176429749,0.8299999833106995,0.8399999737739563,21968,0.0,0.0
2024-07-22 10:30:00-04:00,0.8399999737739563,0.8399999737739563,0.8399999737739563,0.8399999737739563,718,0.0,0.0
2024-07-22 11:30:00-04:00,0.8500000238418579,0.8500000238418579,0.8500000238418579,0.8500000238418579,1231,0.0,0.0
2024-07-22 12:30:00-04:00,0.8554999828338623,0.867900013923645,0.8500000238418579,0.8500000238418579,3970,0.0,0.0
2024-07-22 13:30:00-04:00,0.8650000095367432,0.8650000095367432,0.8500000238418579,0.8650000095367432,2599,0.0,0.0
2024-07-22 14:30:00-04:00,0.8500000238418579,0.8650000095367432,0.8500000238418579,0.8650000095367432,243,0.0,0.0
2024-07-22 15:30:00-04:00,0.8500999808311462,0.8650000095367432,0.8500999808311462,0.8650000095367432,305,0.0,0.0
2024-07-23 09:30:00-04:00,0.8500000238418579,0.8629999756813049,0.8500000238418579,0.8600000143051147,3393,0.0,0.0
2024-07-23 10:30:00-04:00,0.8500999808311462,0.8500999808311462,0.8500999808311462,0.8500999808311462,913,0.0,0.0
2024-07-23 11:30:00-04:00,0.8700000047683716,0.8700000047683716,0.8500000238418579,0.8500000238418579,4414,0.0,0.0
2024-07-23 12:30:00-04:00,0.8500000238418579,0.8600000143051147,0.8500000238418579,0.8600000143051147,492,0.0,0.0
2024-07-23 13:30:00-04:00,0.8698999881744385,0.8698999881744385,0.8600000143051147,0.8600000143051147,3184,0.0,0.0
2024-07-23 14:30:00-04:00,0.8600000143051147,0.8600000143051147,0.8600000143051147,0.8600000143051147,1322,0.0,0.0
2024-07-23 15:30:00-04:00,0.8650000095367432,0.8650000095367432,0.8650000095367432,0.8650000095367432,113,0.0,0.0
2024-07-24 09:30:00-04:00,0.8550999760627747,0.8600000143051147,0.8389999866485596,0.8500000238418579,8105,0.0,0.0
2024-07-24 10:30:00-04:00,0.8500999808311462,0.859499990940094,0.8500000238418579,0.8500000238418579,4021,0.0,0.0
2024-07-24 11:30:00-04:00,0.8698999881744385,0.8698999881744385,0.8698999881744385,0.8698999881744385,1570,0.0,0.0
2024-07-24 13:30:00-04:00,0.8698999881744385,0.8698999881744385,0.8698999881744385,0.8698999881744385,793,0.0,0.0
2024-07-24 14:30:00-04:00,0.8698999881744385,0.8698999881744385,0.8399999737739563,0.869700014591217,4284,0.0,0.0
2024-07-24 15:30:00-04:00,0.83160001039505,0.8489999771118164,0.8199999928474426,0.8489999771118164,3190,0.0,0.0
2024-07-25 09:30:00-04:00,0.8669999837875366,0.8690000176429749,0.8400999903678894,0.8400999903678894,4791,0.0,0.0
2024-07-25 10:30:00-04:00,0.8544999957084656,0.8690000176429749,0.8510000109672546,0.8679999709129333,5468,0.0,0.0
2024-07-25 11:30:00-04:00,0.8690000176429749,0.8690000176429749,0.8410000205039978,0.8690000176429749,2373,0.0,0.0
2024-07-25 12:30:00-04:00,0.8690000176429749,0.8690000176429749,0.8410000205039978,0.8500000238418579,13173,0.0,0.0
2024-07-25 13:30:00-04:00,0.8424000144004822,0.8700000047683716,0.8199999928474426,0.8201000094413757,8232,0.0,0.0
2024-07-25 14:30:00-04:00,0.8241000175476074,0.8299999833106995,0.8199999928474426,0.8299999833106995,4045,0.0,0.0
2024-07-25 15:30:00-04:00,0.8224999904632568,0.8299999833106995,0.8209999799728394,0.8299999833106995,8051,0.0,0.0
2024-07-26 09:30:00-04:00,0.8476999998092651,0.8476999998092651,0.8476999998092651,0.8476999998092651,776,0.0,0.0
2024-07-26 10:30:00-04:00,0.8253999948501587,0.8500000238418579,0.8253999948501587,0.8500000238418579,3603,0.0,0.0
2024-07-26 11:30:00-04:00,0.8403000235557556,0.8450999855995178,0.8402000069618225,0.8402000069618225,5792,0.0,0.0
2024-07-26 12:30:00-04:00,0.8460000157356262,0.8460000157356262,0.8399999737739563,0.8424999713897705,2849,0.0,0.0
2024-07-26 13:30:00-04:00,0.8378000259399414,0.8500000238418579,0.8256000280380249,0.8378000259399414,3383,0.0,0.0
2024-07-26 14:30:00-04:00,0.8500000238418579,0.8500000238418579,0.8378000259399414,0.8378000259399414,1072,0.0,0.0
2024-07-26 15:30:00-04:00,0.8255000114440918,0.8255000114440918,0.75,0.7764999866485596,26271,0.0,0.0
2024-07-29 09:30:00-04:00,0.8100000023841858,0.8598999977111816,0.800000011920929,0.8019999861717224,8846,0.0,0.0
2024-07-29 10:30:00-04:00,0.8009999990463257,0.8009999990463257,0.8009999990463257,0.8009999990463257,1611,0.0,0.0
2024-07-29 11:30:00-04:00,0.8101000189781189,0.83160001039505,0.8055999875068665,0.8274999856948853,8661,0.0,0.0
2024-07-29 12:30:00-04:00,0.8299999833106995,0.8399999737739563,0.8100000023841858,0.8101000189781189,6814,0.0,0.0
2024-07-29 13:30:00-04:00,0.8101999759674072,0.8500000238418579,0.8101000189781189,0.8295000195503235,6493,0.0,0.0
2024-07-29 14:30:00-04:00,0.8180000185966492,0.8295999765396118,0.8180000185966492,0.8295999765396118,1189,0.0,0.0
2024-07-29 15:30:00-04:00,0.8199999928474426,0.8199999928474426,0.8044999837875366,0.8080000281333923,12243,0.0,0.0
2024-07-30 09:30:00-04:00,0.8009999990463257,0.8199999928474426,0.800000011920929,0.8199999928474426,13181,0.0,0.0
2024-07-30 10:30:00-04:00,0.800000011920929,0.8127999901771545,0.800000011920929,0.800000011920929,0,0.0,0.0
2024-07-30 11:30:00-04:00,0.800000011920929,0.8098999857902527,0.800000011920929,0.800000011920929,19868,0.0,0.0
2024-07-30 12:30:00-04:00,0.8050000071525574,0.8050000071525574,0.8025000095367432,0.8025000095367432,0,0.0,0.0
2024-07-30 13:30:00-04:00,0.8100000023841858,0.8100000023841858,0.8001000285148621,0.8050000071525574,0,0.0,0.0
2024-07-30 14:30:00-04:00,0.8098999857902527,0.8100000023841858,0.8098999857902527,0.8100000023841858,23992,0.0,0.0
2024-07-30 15:30:00-04:00,0.8051999807357788,0.8100000023841858,0.800000011920929,0.8050000071525574,0,0.0,0.0
2024-07-31 09:30:00-04:00,0.8100000023841858,0.8199999928474426,0.8100000023841858,0.8100000023841858,8112,0.0,0.0
2024-07-31 10:30:00-04:00,0.8050000071525574,0.8233000040054321,0.8050000071525574,0.8101000189781189,1378,0.0,0.0
2024-07-31 11:30:00-04:00,0.8202000260353088,0.8202000260353088,0.8187999725341797,0.8187999725341797,2549,0.0,0.0
2024-07-31 12:30:00-04:00,0.8299999833106995,0.8299999833106995,0.8100000023841858,0.8199999928474426,11152,0.0,0.0
2024-07-31 13:30:00-04:00,0.8199999928474426,0.8201000094413757,0.8199999928474426,0.8199999928474426,5728,0.0,0.0
2024-07-31 14:30:00-04:00,0.8299999833106995,0.8526999950408936,0.8201000094413757,0.8299999833106995,22228,0.0,0.0
2024-07-31 15:30:00-04:00,0.8299999833106995,0.8299999833106995,0.8100000023841858,0.8100000023841858,13705,0.0,0.0
2024-08-01 09:30:00-04:00,0.8100000023841858,0.8100000023841858,0.8100000023841858,0.8100000023841858,4554,0.0,0.0
2024-08-01 10:30:00-04:00,0.8299999833106995,0.8349999785423279,0.8191999793052673,0.8349999785423279,5221,0.0,0.0
2024-08-01 11:30:00-04:00,0.8199999928474426,0.8500000238418579,0.8100000023841858,0.8101000189781189,19628,0.0,0.0
2024-08-01 12:30:00-04:00,0.8199999928474426,0.8199999928474426,0.8199999928474426,0.8199999928474426,1131,0.0,0.0
2024-08-01 13:30:00-04:00,0.8489999771118164,0.8499000072479248,0.8201000094413757,0.8399999737739563,5217,0.0,0.0
2024-08-01 14:30:00-04:00,0.8500000238418579,0.8500000238418579,0.8118000030517578,0.8500000238418579,9506,0.0,0.0
2024-08-01 15:30:00-04:00,0.8349999785423279,0.8500000238418579,0.8349999785423279,0.8500000238418579,884,0.0,0.0
2024-08-02 09:30:00-04:00,0.8199999928474426,0.8489999771118164,0.8115000128746033,0.8199999928474426,4298,0.0,0.0
2024-08-02 10:30:00-04:00,0.8309999704360962,0.8450000286102295,0.8199999928474426,0.8199999928474426,8001,0.0,0.0
2024-08-02 11:30:00-04:00,0.8199999928474426,0.824999988079071,0.8199999928474426,0.824999988079071,718,0.0,0.0
2024-08-02 12:30:00-04:00,0.8399999737739563,0.8399999737739563,0.8199999928474426,0.8199999928474426,7377,0.0,0.0
2024-08-02 13:30:00-04:00,0.8245999813079834,0.8339999914169312,0.8199999928474426,0.8339999914169312,2213,0.0,0.0
2024-08-02 14:30:00-04:00,0.8199999928474426,0.8274999856948853,0.8199999928474426,0.8199999928474426,1774,0.0,0.0
2024-08-02 15:30:00-04:00,0.8199999928474426,0.8349999785423279,0.8199999928474426,0.8199999928474426,2919,0.0,0.0
2024-08-05 09:30:00-04:00,0.7739999890327454,0.8137000203132629,0.7739999890327454,0.7799999713897705,27891,0.0,0.0
2024-08-05 10:30:00-04:00,0.8198999762535095,0.8198999762535095,0.7800999879837036,0.7800999879837036,1846,0.0,0.0
2024-08-05 11:30:00-04:00,0.7802000045776367,0.7802000045776367,0.7802000045776367,0.7802000045776367,651,0.0,0.0
2024-08-05 12:30:00-04:00,0.7803000211715698,0.7900000214576721,0.7803000211715698,0.7900000214576721,554,0.0,0.0
2024-08-05 13:30:00-04:00,0.832099974155426,0.832099974155426,0.8111000061035156,0.8111000061035156,4974,0.0,0.0
2024-08-05 14:30:00-04:00,0.800000011920929,0.8321999907493591,0.800000011920929,0.8174999952316284,12603,0.0,0.0
2024-08-05 15:30:00-04:00,0.8320000171661377,0.8320000171661377,0.8320000171661377,0.8320000171661377,441,0.0,0.0
2024-08-06 09:30:00-04:00,0.8009999990463257,0.8009999990463257,0.8001000285148621,0.8001000285148621,2826,0.0,0.0
2024-08-06 10:30:00-04:00,0.8050000071525574,0.8299999833106995,0.800000011920929,0.800000011920929,0,0.0,0.0
2024-08-06 11:30:00-04:00,0.8299999833106995,0.8299999833106995,0.8130000233650208,0.8130000233650208,27136,0.0,0.0
2024-08-06 12:30:00-04:00,0.800000011920929,0.8289999961853027,0.800000011920929,0.8289999961853027,2467,0.0,0.0
2024-08-06 13:30:00-04:00,0.800000011920929,0.833899974822998,0.800000011920929,0.833899974822998,1390,0.0,0.0
2024-08-06 14:30:00-04:00,0.833899974822998,0.833899974822998,0.8001000285148621,0.833899974822998,1751,0.0,0.0
2024-08-06 15:30:00-04:00,0.8004999756813049,0.8004999756813049,0.8004999756813049,0.8004999756813049,583,0.0,0.0
2024-08-07 10:30:00-04:00,0.8274999856948853,0.8274999856948853,0.8199999928474426,0.8199999928474426,1843,0.0,0.0
2024-08-07 12:30:00-04:00,0.8199999928474426,0.8270999789237976,0.8199999928474426,0.8201000094413757,4471,0.0,0.0
2024-08-07 13:30:00-04:00,0.8199999928474426,0.8450000286102295,0.8199999928474426,0.8450000286102295,4769,0.0,0.0
2024-08-07 14:30:00-04:00,0.8349999785423279,0.8600000143051147,0.8199999928474426,0.8598999977111816,5659,0.0,0.0
2024-08-07 15:30:00-04:00,0.8500000238418579,0.8691999912261963,0.8206999897956848,0.8691999912261963,7412,0.0,0.0
2024-08-08 09:30:00-04:00,0.8389999866485596,0.8389999866485596,0.8389999866485596,0.8389999866485596,540,0.0,0.0
2024-08-08 10:30:00-04:00,0.8399999737739563,0.8399999737739563,0.8201000094413757,0.8201000094413757,0,0.0,0.0
2024-08-08 11:30:00-04:00,0.8700000047683716,0.8700000047683716,0.8299999833106995,0.8450000286102295,6458,0.0,0.0
2024-08-08 12:30:00-04:00,0.8299999833106995,0.8450000286102295,0.8199999928474426,0.8199999928474426,2327,0.0,0.0
2024-08-08 13:30:00-04:00,0.8399999737739563,0.8450000286102295,0.8299999833106995,0.8299999833106995,4015,0.0,0.0
2024-08-08 14:30:00-04:00,0.8299999833106995,0.859000027179718,0.8299999833106995,0.8399999737739563,8746,0.0,0.0
2024-08-08 15:30:00-04:00,0.8500999808311462,0.8700000047683716,0.8300999999046326,0.8300999999046326,10833,0.0,0.0
2024-08-09 09:30:00-04:00,0.824999988079071,0.862500011920929,0.824999988079071,0.862500011920929,3702,0.0,0.0
2024-08-09 10:30:00-04:00,0.8500000238418579,0.8600000143051147,0.8245999813079834,0.8245999813079834,16836,0.0,0.0
2024-08-09 12:30:00-04:00,0.8399999737739563,0.8600000143051147,0.8399999737739563,0.8500000238418579,17625,0.0,0.0
2024-08-09 13:30:00-04:00,0.8511000275611877,0.8511000275611877,0.8363999724388123,0.8363999724388123,2927,0.0,0.0
2024-08-09 14:30:00-04:00,0.8399999737739563,0.8399999737739563,0.8399999737739563,0.8399999737739563,2371,0.0,0.0
2024-08-09 15:30:00-04:00,0.8399999737739563,0.8539000153541565,0.8149999976158142,0.8539000153541565,3910,0.0,0.0
2024-08-12 09:30:00-04:00,0.8575000166893005,0.8575000166893005,0.8100000023841858,0.8199999928474426,14997,0.0,0.0
2024-08-12 10:30:00-04:00,0.8199999928474426,0.8299999833106995,0.8199999928474426,0.8199999928474426,16202,0.0,0.0
2024-08-12 11:30:00-04:00,0.8220000267028809,0.8220000267028809,0.8199999928474426,0.8199999928474426,3029,0.0,0.0
2024-08-12 12:30:00-04:00,0.8199999928474426,0.8299999833106995,0.8199999928474426,0.8199999928474426,5224,0.0,0.0
2024-08-12 13:30:00-04:00,0.8353999853134155,0.8353999853134155,0.8199999928474426,0.8199999928474426,22160,0.0,0.0
2024-08-12 14:30:00-04:00,0.824999988079071,0.8353999853134155,0.824999988079071,0.8353999853134155,1005,0.0,0.0
2024-08-12 15:30:00-04:00,0.8201000094413757,0.8299000263214111,0.8199999928474426,0.8199999928474426,3512,0.0,0.0
2024-08-13 09:30:00-04:00,0.8199999928474426,0.8264999985694885,0.8119999766349792,0.8119999766349792,4016,0.0,0.0
2024-08-13 10:30:00-04:00,0.839900016784668,0.839900016784668,0.800000011920929,0.8197000026702881,1591,0.0,0.0
2024-08-13 11:30:00-04:00,0.8393999934196472,0.8393999934196472,0.8393999934196472,0.8393999934196472,352,0.0,0.0
2024-08-13 12:30:00-04:00,0.8300999999046326,0.8300999999046326,0.800599992275238,0.8009999990463257,13720,0.0,0.0
2024-08-13 14:30:00-04:00,0.8162000179290771,0.8162000179290771,0.8162000179290771,0.8162000179290771,1057,0.0,0.0
2024-08-13 15:30:00-04:00,0.8162000179290771,0.8162000179290771,0.8009999990463257,0.803600013256073,8284,0.0,0.0
2024-08-14 09:30:00-04:00,0.800000011920929,0.8149999976158142,0.7921000123023987,0.7921000123023987,8501,0.0,0.0
2024-08-14 10:30:00-04:00,0.800000011920929,0.800000011920929,0.7900999784469604,0.7904000282287598,3648,0.0,0.0
2024-08-14 11:30:00-04:00,0.8299999833106995,0.8299999833106995,0.7710000276565552,0.7803999781608582,49134,0.0,0.0
2024-08-14 12:30:00-04:00,0.8100000023841858,0.8101000189781189,0.8083999752998352,0.8100000023841858,5347,0.0,0.0
2024-08-14 14:30:00-04:00,0.8190000057220459,0.8299999833106995,0.8190000057220459,0.8269000053405762,4071,0.0,0.0
2024-08-14 15:30:00-04:00,0.8299999833106995,0.84579998254776,0.8100000023841858,0.8100000023841858,26083,0.0,0.0
2024-08-15 09:30:00-04:00,0.800000011920929,0.8500000238418579,0.800000011920929,0.824999988079071,10604,0.0,0.0
2024-08-15 10:30:00-04:00,0.8324999809265137,0.8497999906539917,0.8080000281333923,0.8289999961853027,11735,0.0,0.0
2024-08-15 11:30:00-04:00,0.8199999928474426,0.8349999785423279,0.8199999928474426,0.8199999928474426,32924,0.0,0.0
2024-08-15 12:30:00-04:00,0.8299999833106995,0.8299999833106995,0.8080000281333923,0.8080000281333923,5575,0.0,0.0
2024-08-15 13:30:00-04:00,0.8190000057220459,0.8299999833106995,0.8126000165939331,0.8215000033378601,11387,0.0,0.0
2024-08-15 14:30:00-04:00,0.8217999935150146,0.8299999833106995,0.8217999935150146,0.8267999887466431,15191,0.0,0.0
2024-08-15 15:30:00-04:00,0.8215000033378601,0.8289999961853027,0.8080000281333923,0.8130000233650208,22907,0.0,0.0
2024-08-16 09:30:00-04:00,0.7860000133514404,0.8025000095367432,0.7799999713897705,0.7799999713897705,36300,0.0,0.0
2024-08-16 10:30:00-04:00,0.7799999713897705,0.8080999851226807,0.7799999713897705,0.7800999879837036,11400,0.0,0.0
2024-08-16 11:30:00-04:00,0.800000011920929,0.8190000057220459,0.7800999879837036,0.8050000071525574,11030,0.0,0.0
2024-08-16 12:30:00-04:00,0.7910000085830688,0.8151999711990356,0.7910000085830688,0.7950000166893005,6223,0.0,0.0
2024-08-16 13:30:00-04:00,0.7950000166893005,0.7990000247955322,0.7950000166893005,0.7990000247955322,1261,0.0,0.0
2024-08-16 14:30:00-04:00,0.7979999780654907,0.8199999928474426,0.7979999780654907,0.800000011920929,6712,0.0,0.0
2024-08-16 15:30:00-04:00,0.7979999780654907,0.8009999990463257,0.7979999780654907,0.8009999990463257,2112,0.0,0.0
