Datetime,Open,High,Low,Close,Volume,Dividends,Stock Splits,Capital Gains
2022-08-18 09:30:00-04:00,44.61000061035156,44.61000061035156,44.45000076293945,44.505001068115234,0,0.0,0.0,0.0
2022-08-18 10:30:00-04:00,44.5099983215332,44.630001068115234,44.48789978027344,44.619998931884766,33505,0.0,0.0,0.0
2022-08-18 11:30:00-04:00,44.61000061035156,44.630001068115234,44.470001220703125,44.470001220703125,16570,0.0,0.0,0.0
2022-08-18 12:30:00-04:00,44.470001220703125,44.474998474121094,44.36000061035156,44.400001525878906,33938,0.0,0.0,0.0
2022-08-18 13:30:00-04:00,44.400001525878906,44.439998626708984,44.38999938964844,44.439998626708984,15206,0.0,0.0,0.0
2022-08-18 14:30:00-04:00,44.439998626708984,44.540000915527344,44.41999816894531,44.529998779296875,12025,0.0,0.0,0.0
2022-08-18 15:30:00-04:00,44.529998779296875,44.540000915527344,44.439998626708984,44.5,26884,0.0,0.0,0.0
2022-08-19 09:30:00-04:00,44.130001068115234,44.18000030517578,43.974998474121094,44.029998779296875,62426,0.0,0.0,0.0
2022-08-19 10:30:00-04:00,44.04999923706055,44.04999923706055,43.84000015258789,43.88999938964844,35042,0.0,0.0,0.0
2022-08-19 11:30:00-04:00,43.89500045776367,44.0,43.88999938964844,43.90999984741211,50024,0.0,0.0,0.0
2022-08-19 12:30:00-04:00,43.90999984741211,44.02000045776367,43.90999984741211,43.97999954223633,63626,0.0,0.0,0.0
2022-08-19 13:30:00-04:00,43.959999084472656,43.9901008605957,43.90999984741211,43.95000076293945,18629,0.0,0.0,0.0
2022-08-19 14:30:00-04:00,43.95000076293945,43.959999084472656,43.84000015258789,43.900001525878906,12515,0.0,0.0,0.0
2022-08-19 15:30:00-04:00,43.90999984741211,43.939998626708984,43.880001068115234,43.93000030517578,37754,0.0,0.0,0.0
2022-08-22 09:30:00-04:00,43.279998779296875,43.310001373291016,43.099998474121094,43.11000061035156,0,0.0,0.0,0.0
2022-08-22 10:30:00-04:00,43.099998474121094,43.16999816894531,43.0099983215332,43.0099983215332,32060,0.0,0.0,0.0
2022-08-22 11:30:00-04:00,43.025001525878906,43.13999938964844,43.02000045776367,43.130001068115234,47411,0.0,0.0,0.0
2022-08-22 12:30:00-04:00,43.130001068115234,43.150001525878906,43.029998779296875,43.040000915527344,30206,0.0,0.0,0.0
2022-08-22 13:30:00-04:00,43.029998779296875,43.029998779296875,42.939998626708984,42.959999084472656,37461,0.0,0.0,0.0
2022-08-22 14:30:00-04:00,42.959999084472656,43.02000045776367,42.93000030517578,42.97999954223633,40941,0.0,0.0,0.0
2022-08-22 15:30:00-04:00,42.970001220703125,43.0099983215332,42.900001525878906,43.0,78998,0.0,0.0,0.0
2022-08-23 09:30:00-04:00,42.880001068115234,43.310001373291016,42.869998931884766,43.08000183105469,100692,0.0,0.0,0.0
2022-08-23 10:30:00-04:00,43.08000183105469,43.19499969482422,42.9900016784668,43.06999969482422,107551,0.0,0.0,0.0
2022-08-23 11:30:00-04:00,43.06999969482422,43.119998931884766,42.96500015258789,42.97999954223633,45705,0.0,0.0,0.0
2022-08-23 12:30:00-04:00,42.97999954223633,43.119998931884766,42.97999954223633,43.04999923706055,59142,0.0,0.0,0.0
2022-08-23 13:30:00-04:00,43.04999923706055,43.060001373291016,42.88999938964844,42.96500015258789,50475,0.0,0.0,0.0
2022-08-23 14:30:00-04:00,42.959999084472656,42.975799560546875,42.88999938964844,42.93000030517578,62506,0.0,0.0,0.0
2022-08-23 15:30:00-04:00,42.93000030517578,43.0099983215332,42.91999816894531,42.9900016784668,26524,0.0,0.0,0.0
2022-08-24 09:30:00-04:00,42.779998779296875,43.0,42.7400016784668,43.0,85247,0.0,0.0,0.0
2022-08-24 10:30:00-04:00,43.0099983215332,43.209999084472656,42.93000030517578,43.119998931884766,41362,0.0,0.0,0.0
2022-08-24 11:30:00-04:00,43.150001525878906,43.18000030517578,43.06999969482422,43.06999969482422,20392,0.0,0.0,0.0
2022-08-24 12:30:00-04:00,43.040000915527344,43.040000915527344,42.93000030517578,42.97999954223633,43657,0.0,0.0,0.0
2022-08-24 13:30:00-04:00,42.970001220703125,43.029998779296875,42.96009826660156,43.0099983215332,20826,0.0,0.0,0.0
2022-08-24 14:30:00-04:00,43.0099983215332,43.09000015258789,42.97999954223633,43.04999923706055,18905,0.0,0.0,0.0
2022-08-24 15:30:00-04:00,43.04999923706055,43.11000061035156,43.040000915527344,43.04999923706055,10699,0.0,0.0,0.0
2022-08-25 09:30:00-04:00,43.09000015258789,43.349998474121094,43.029998779296875,43.33000183105469,0,0.0,0.0,0.0
2022-08-25 10:30:00-04:00,43.36000061035156,43.43000030517578,43.16999816894531,43.209999084472656,33085,0.0,0.0,0.0
2022-08-25 11:30:00-04:00,43.2400016784668,43.244998931884766,43.13999938964844,43.20000076293945,26608,0.0,0.0,0.0
2022-08-25 12:30:00-04:00,43.189998626708984,43.29999923706055,43.150001525878906,43.290000915527344,28408,0.0,0.0,0.0
2022-08-25 13:30:00-04:00,43.310001373291016,43.34000015258789,43.2599983215332,43.314998626708984,22680,0.0,0.0,0.0
2022-08-25 14:30:00-04:00,43.33000183105469,43.380001068115234,43.279998779296875,43.369998931884766,14211,0.0,0.0,0.0
2022-08-25 15:30:00-04:00,43.349998474121094,43.5,43.349998474121094,43.5,71650,0.0,0.0,0.0
2022-08-26 09:30:00-04:00,43.4900016784668,43.54999923706055,43.02000045776367,43.060001373291016,0,0.0,0.0,0.0
2022-08-26 10:30:00-04:00,42.970001220703125,42.9900016784668,42.52000045776367,42.63999938964844,54724,0.0,0.0,0.0
2022-08-26 11:30:00-04:00,42.650001525878906,42.720001220703125,42.47999954223633,42.5099983215332,68736,0.0,0.0,0.0
2022-08-26 12:30:00-04:00,42.5099983215332,42.59000015258789,42.470001220703125,42.5099983215332,40080,0.0,0.0,0.0
2022-08-26 13:30:00-04:00,42.4900016784668,42.4900016784668,42.34000015258789,42.3849983215332,33089,0.0,0.0,0.0
2022-08-26 14:30:00-04:00,42.380001068115234,42.400001525878906,42.2599983215332,42.290000915527344,75906,0.0,0.0,0.0
2022-08-26 15:30:00-04:00,42.290000915527344,42.290000915527344,42.18000030517578,42.22999954223633,79237,0.0,0.0,0.0
2022-08-29 09:30:00-04:00,42.130001068115234,42.435001373291016,42.11000061035156,42.349998474121094,161868,0.0,0.0,0.0
2022-08-29 10:30:00-04:00,42.34000015258789,42.36000061035156,42.1150016784668,42.20000076293945,45645,0.0,0.0,0.0
2022-08-29 11:30:00-04:00,42.20000076293945,42.349998474121094,42.15999984741211,42.290000915527344,56950,0.0,0.0,0.0
2022-08-29 12:30:00-04:00,42.279998779296875,42.43000030517578,42.25,42.369998931884766,31569,0.0,0.0,0.0
2022-08-29 13:30:00-04:00,42.36249923706055,42.439998626708984,42.29999923706055,42.31999969482422,25959,0.0,0.0,0.0
2022-08-29 14:30:00-04:00,42.31999969482422,42.369998931884766,42.25,42.279998779296875,46713,0.0,0.0,0.0
2022-08-29 15:30:00-04:00,42.268001556396484,42.32160186767578,42.23500061035156,42.2400016784668,83171,0.0,0.0,0.0
2022-08-30 09:30:00-04:00,42.5099983215332,42.540000915527344,42.09000015258789,42.16999816894531,91700,0.0,0.0,0.0
2022-08-30 10:30:00-04:00,42.13999938964844,42.16999816894531,41.845001220703125,42.06999969482422,53132,0.0,0.0,0.0
2022-08-30 11:30:00-04:00,42.06999969482422,42.13999938964844,41.95000076293945,42.0,161412,0.0,0.0,0.0
2022-08-30 12:30:00-04:00,42.0099983215332,42.0099983215332,41.880001068115234,41.90999984741211,19204,0.0,0.0,0.0
2022-08-30 13:30:00-04:00,41.90999984741211,41.9900016784668,41.83919906616211,41.90999984741211,39571,0.0,0.0,0.0
2022-08-30 14:30:00-04:00,41.900001525878906,42.06999969482422,41.88999938964844,41.9900016784668,24388,0.0,0.0,0.0
2022-08-30 15:30:00-04:00,41.9900016784668,42.0,41.88999938964844,41.94499969482422,45189,0.0,0.0,0.0
2022-08-31 09:30:00-04:00,41.81999969482422,42.0,41.779998779296875,41.810001373291016,51594,0.0,0.0,0.0
2022-08-31 10:30:00-04:00,41.79999923706055,42.0,41.7599983215332,41.810001373291016,59893,0.0,0.0,0.0
2022-08-31 11:30:00-04:00,41.79999923706055,41.84000015258789,41.709999084472656,41.72999954223633,48058,0.0,0.0,0.0
2022-08-31 12:30:00-04:00,41.72999954223633,41.77000045776367,41.625,41.65999984741211,149493,0.0,0.0,0.0
2022-08-31 13:30:00-04:00,41.650001525878906,41.70000076293945,41.56999969482422,41.63999938964844,122225,0.0,0.0,0.0
2022-08-31 14:30:00-04:00,41.630001068115234,41.70000076293945,41.53499984741211,41.61000061035156,136289,0.0,0.0,0.0
2022-08-31 15:30:00-04:00,41.599998474121094,41.66999816894531,41.560001373291016,41.56999969482422,48357,0.0,0.0,0.0
2022-09-01 09:30:00-04:00,40.86000061035156,40.90999984741211,40.54999923706055,40.7599983215332,141004,0.0,0.0,0.0
2022-09-01 10:30:00-04:00,40.75,40.75,40.40999984741211,40.4900016784668,157196,0.0,0.0,0.0
2022-09-01 11:30:00-04:00,40.47999954223633,40.68000030517578,40.47999954223633,40.66999816894531,102666,0.0,0.0,0.0
2022-09-01 12:30:00-04:00,40.65999984741211,40.79999923706055,40.54499816894531,40.79999923706055,82615,0.0,0.0,0.0
2022-09-01 13:30:00-04:00,40.79999923706055,40.869998931884766,40.70000076293945,40.86000061035156,82866,0.0,0.0,0.0
2022-09-01 14:30:00-04:00,40.86000061035156,40.939998626708984,40.79999923706055,40.84000015258789,61897,0.0,0.0,0.0
2022-09-01 15:30:00-04:00,40.814998626708984,40.939998626708984,40.79499816894531,40.939998626708984,53636,0.0,0.0,0.0
2022-09-02 09:30:00-04:00,41.40999984741211,41.56999969482422,41.189998626708984,41.56999969482422,63015,0.0,0.0,0.0
2022-09-02 10:30:00-04:00,41.56999969482422,41.775001525878906,41.56999969482422,41.720001220703125,69267,0.0,0.0,0.0
2022-09-02 11:30:00-04:00,41.7400016784668,41.76499938964844,41.310001373291016,41.310001373291016,51480,0.0,0.0,0.0
2022-09-02 12:30:00-04:00,41.31999969482422,41.38999938964844,40.70000076293945,40.7400016784668,94744,0.0,0.0,0.0
2022-09-02 13:30:00-04:00,40.75,40.849998474121094,40.65999984741211,40.849998474121094,50239,0.0,0.0,0.0
2022-09-02 14:30:00-04:00,40.83000183105469,40.880001068115234,40.68000030517578,40.70000076293945,37242,0.0,0.0,0.0
2022-09-02 15:30:00-04:00,40.66999816894531,40.709999084472656,40.560001373291016,40.69499969482422,39904,0.0,0.0,0.0
2022-09-06 09:30:00-04:00,41.130001068115234,41.209999084472656,40.70000076293945,40.939998626708984,107304,0.0,0.0,0.0
2022-09-06 10:30:00-04:00,40.93000030517578,41.29999923706055,40.88999938964844,41.06999969482422,51862,0.0,0.0,0.0
2022-09-06 11:30:00-04:00,41.08000183105469,41.189998626708984,40.90999984741211,40.970001220703125,59845,0.0,0.0,0.0
2022-09-06 12:30:00-04:00,40.974998474121094,41.029998779296875,40.83000183105469,40.849998474121094,297638,0.0,0.0,0.0
2022-09-06 13:30:00-04:00,40.84000015258789,40.97999954223633,40.79999923706055,40.91999816894531,49404,0.0,0.0,0.0
2022-09-06 14:30:00-04:00,40.91999816894531,40.959999084472656,40.83000183105469,40.869998931884766,177807,0.0,0.0,0.0
2022-09-06 15:30:00-04:00,40.86000061035156,40.88999938964844,40.790000915527344,40.849998474121094,40499,0.0,0.0,0.0
2022-09-07 09:30:00-04:00,40.720001220703125,40.93000030517578,40.68000030517578,40.93000030517578,44364,0.0,0.0,0.0
2022-09-07 10:30:00-04:00,40.959999084472656,41.130001068115234,40.959999084472656,41.06999969482422,63179,0.0,0.0,0.0
2022-09-07 11:30:00-04:00,41.08000183105469,41.08000183105469,40.88999938964844,40.939998626708984,119809,0.0,0.0,0.0
2022-09-07 12:30:00-04:00,40.939998626708984,41.20000076293945,40.91999816894531,41.154998779296875,51111,0.0,0.0,0.0
2022-09-07 13:30:00-04:00,41.154998779296875,41.33000183105469,41.154998779296875,41.279998779296875,62783,0.0,0.0,0.0
2022-09-07 14:30:00-04:00,41.290000915527344,41.38859939575195,41.279998779296875,41.380001068115234,69181,0.0,0.0,0.0
2022-09-07 15:30:00-04:00,41.3849983215332,41.400001525878906,41.349998474121094,41.38999938964844,59653,0.0,0.0,0.0
2022-09-08 09:30:00-04:00,40.7599983215332,41.130001068115234,40.650001525878906,41.11000061035156,81233,0.0,0.0,0.0
2022-09-08 10:30:00-04:00,41.11000061035156,41.34000015258789,41.099998474121094,41.25,181564,0.0,0.0,0.0
2022-09-08 11:30:00-04:00,41.25,41.28499984741211,40.79999923706055,40.90999984741211,102994,0.0,0.0,0.0
2022-09-08 12:30:00-04:00,40.900001525878906,41.220001220703125,40.900001525878906,41.185001373291016,90019,0.0,0.0,0.0
2022-09-08 13:30:00-04:00,41.18000030517578,41.2400016784668,41.13999938964844,41.2400016784668,38276,0.0,0.0,0.0
2022-09-08 14:30:00-04:00,41.25,41.279998779296875,41.11000061035156,41.189998626708984,39675,0.0,0.0,0.0
2022-09-08 15:30:00-04:00,41.209999084472656,41.290000915527344,41.15999984741211,41.290000915527344,35464,0.0,0.0,0.0
2022-09-09 09:30:00-04:00,42.189998626708984,42.38999938964844,42.130001068115234,42.29999923706055,0,0.0,0.0,0.0
2022-09-09 10:30:00-04:00,42.29999923706055,42.369998931884766,42.20000076293945,42.22999954223633,27740,0.0,0.0,0.0
2022-09-09 11:30:00-04:00,42.22999954223633,42.290000915527344,42.189998626708984,42.2599983215332,33512,0.0,0.0,0.0
2022-09-09 12:30:00-04:00,42.25,42.349998474121094,42.2400016784668,42.31999969482422,35483,0.0,0.0,0.0
2022-09-09 13:30:00-04:00,42.324798583984375,42.35499954223633,42.290000915527344,42.35499954223633,29186,0.0,0.0,0.0
2022-09-09 14:30:00-04:00,42.36000061035156,42.41999816894531,42.31999969482422,42.400001525878906,42454,0.0,0.0,0.0
2022-09-09 15:30:00-04:00,42.400001525878906,42.43000030517578,42.380001068115234,42.38999938964844,99900,0.0,0.0,0.0
2022-09-12 09:30:00-04:00,43.11000061035156,43.400001525878906,43.09000015258789,43.400001525878906,0,0.0,0.0,0.0
2022-09-12 10:30:00-04:00,43.400001525878906,43.400001525878906,43.220001220703125,43.349998474121094,66510,0.0,0.0,0.0
2022-09-12 11:30:00-04:00,43.349998474121094,43.36000061035156,43.13999938964844,43.2599983215332,75695,0.0,0.0,0.0
2022-09-12 12:30:00-04:00,43.2599983215332,43.349998474121094,43.244998931884766,43.33000183105469,53464,0.0,0.0,0.0
2022-09-12 13:30:00-04:00,43.34000015258789,43.34000015258789,43.185001373291016,43.189998626708984,36622,0.0,0.0,0.0
2022-09-12 14:30:00-04:00,43.18000030517578,43.255001068115234,43.15999984741211,43.21889877319336,69560,0.0,0.0,0.0
2022-09-12 15:30:00-04:00,43.20500183105469,43.27000045776367,43.15999984741211,43.20000076293945,82529,0.0,0.0,0.0
2022-09-13 09:30:00-04:00,42.369998931884766,42.68000030517578,42.349998474121094,42.459999084472656,90949,0.0,0.0,0.0
2022-09-13 10:30:00-04:00,42.43000030517578,42.45000076293945,42.150001525878906,42.16999816894531,67092,0.0,0.0,0.0
2022-09-13 11:30:00-04:00,42.15999984741211,42.25,42.099998474121094,42.14950180053711,71773,0.0,0.0,0.0
2022-09-13 12:30:00-04:00,42.13999938964844,42.25,42.130001068115234,42.25,39149,0.0,0.0,0.0
2022-09-13 13:30:00-04:00,42.2400016784668,42.2599983215332,42.04999923706055,42.060001373291016,97881,0.0,0.0,0.0
2022-09-13 14:30:00-04:00,42.06999969482422,42.06999969482422,41.81999969482422,41.82979965209961,47739,0.0,0.0,0.0
2022-09-13 15:30:00-04:00,41.81999969482422,41.81999969482422,41.66999816894531,41.720001220703125,99851,0.0,0.0,0.0
2022-09-14 09:30:00-04:00,41.65999984741211,41.84000015258789,41.529998779296875,41.529998779296875,0,0.0,0.0,0.0
2022-09-14 10:30:00-04:00,41.52000045776367,41.88999938964844,41.52000045776367,41.7400016784668,101871,0.0,0.0,0.0
2022-09-14 11:30:00-04:00,41.75,41.86000061035156,41.7400016784668,41.79999923706055,51888,0.0,0.0,0.0
2022-09-14 12:30:00-04:00,41.79999923706055,41.900001525878906,41.79499816894531,41.84000015258789,28230,0.0,0.0,0.0
2022-09-14 13:30:00-04:00,41.84000015258789,41.84000015258789,41.619998931884766,41.66999816894531,81196,0.0,0.0,0.0
2022-09-14 14:30:00-04:00,41.66999816894531,41.720001220703125,41.52000045776367,41.540000915527344,88149,0.0,0.0,0.0
2022-09-14 15:30:00-04:00,41.540000915527344,41.77000045776367,41.484500885009766,41.77000045776367,39628,0.0,0.0,0.0
2022-09-15 09:30:00-04:00,41.400001525878906,41.779998779296875,41.400001525878906,41.58000183105469,109478,0.0,0.0,0.0
2022-09-15 10:30:00-04:00,41.56999969482422,41.65999984741211,41.43000030517578,41.52000045776367,105615,0.0,0.0,0.0
2022-09-15 11:30:00-04:00,41.525001525878906,41.54999923706055,41.349998474121094,41.41999816894531,91131,0.0,0.0,0.0
2022-09-15 12:30:00-04:00,41.41999816894531,41.70000076293945,41.41999816894531,41.66999816894531,34728,0.0,0.0,0.0
2022-09-15 13:30:00-04:00,41.66999816894531,41.66999816894531,41.40999984741211,41.4900016784668,68124,0.0,0.0,0.0
2022-09-15 14:30:00-04:00,41.4900016784668,41.5099983215332,41.290000915527344,41.29999923706055,87799,0.0,0.0,0.0
2022-09-15 15:30:00-04:00,41.290000915527344,41.41999816894531,41.290000915527344,41.369998931884766,119363,0.0,0.0,0.0
2022-09-16 09:30:00-04:00,40.880001068115234,41.09000015258789,40.779998779296875,41.02000045776367,83368,0.0,0.0,0.0
2022-09-16 10:30:00-04:00,41.02000045776367,41.16109848022461,40.900001525878906,40.900001525878906,48753,0.0,0.0,0.0
2022-09-16 11:30:00-04:00,40.900001525878906,40.970001220703125,40.72999954223633,40.75,76887,0.0,0.0,0.0
2022-09-16 12:30:00-04:00,40.75,40.86000061035156,40.7400016784668,40.810001373291016,53358,0.0,0.0,0.0
2022-09-16 13:30:00-04:00,40.79999923706055,40.90999984741211,40.7599983215332,40.900001525878906,63173,0.0,0.0,0.0
2022-09-16 14:30:00-04:00,40.880001068115234,41.0099983215332,40.86000061035156,40.91999816894531,83349,0.0,0.0,0.0
2022-09-16 15:30:00-04:00,40.90999984741211,41.060001373291016,40.869998931884766,41.0099983215332,69754,0.0,0.0,0.0
2022-09-19 09:30:00-04:00,40.459999084472656,40.82500076293945,40.45000076293945,40.810001373291016,58300,0.0,0.0,0.0
2022-09-19 10:30:00-04:00,40.810001373291016,41.060001373291016,40.79999923706055,40.90999984741211,30556,0.0,0.0,0.0
2022-09-19 11:30:00-04:00,40.900001525878906,40.91999816894531,40.810001373291016,40.86000061035156,26740,0.0,0.0,0.0
2022-09-19 12:30:00-04:00,40.900001525878906,40.970001220703125,40.880001068115234,40.970001220703125,57461,0.0,0.0,0.0
2022-09-19 13:30:00-04:00,40.959999084472656,40.959999084472656,40.86000061035156,40.904998779296875,17802,0.0,0.0,0.0
2022-09-19 14:30:00-04:00,40.90999984741211,41.130001068115234,40.90999984741211,41.08000183105469,186757,0.0,0.0,0.0
2022-09-19 15:30:00-04:00,41.119998931884766,41.119998931884766,41.08000183105469,41.099998474121094,64260,0.0,0.0,0.0
2022-09-20 09:30:00-04:00,40.43000030517578,40.439998626708984,40.28499984741211,40.369998931884766,38064,0.0,0.0,0.0
2022-09-20 10:30:00-04:00,40.369998931884766,40.459999084472656,40.268798828125,40.345001220703125,48221,0.0,0.0,0.0
2022-09-20 11:30:00-04:00,40.36000061035156,40.5,40.34000015258789,40.36000061035156,52293,0.0,0.0,0.0
2022-09-20 12:30:00-04:00,40.349998474121094,40.349998474121094,40.099998474121094,40.099998474121094,25441,0.0,0.0,0.0
2022-09-20 13:30:00-04:00,40.099998474121094,40.125,39.9900016784668,40.09000015258789,81876,0.0,0.0,0.0
2022-09-20 14:30:00-04:00,40.06999969482422,40.25,40.0,40.2400016784668,124452,0.0,0.0,0.0
2022-09-20 15:30:00-04:00,40.22999954223633,40.349998474121094,40.20000076293945,40.2599983215332,66785,0.0,0.0,0.0
2022-09-21 09:30:00-04:00,40.31999969482422,40.33000183105469,40.119998931884766,40.31999969482422,0,0.0,0.0,0.0
2022-09-21 10:30:00-04:00,40.310001373291016,40.310001373291016,40.20000076293945,40.2599983215332,20991,0.0,0.0,0.0
2022-09-21 11:30:00-04:00,40.27000045776367,40.36000061035156,40.27000045776367,40.32170104980469,22740,0.0,0.0,0.0
2022-09-21 12:30:00-04:00,40.31999969482422,40.33000183105469,40.220001220703125,40.22999954223633,21245,0.0,0.0,0.0
2022-09-21 13:30:00-04:00,40.2599983215332,40.34000015258789,39.79499816894531,39.959999084472656,104962,0.0,0.0,0.0
2022-09-21 14:30:00-04:00,39.90999984741211,40.61000061035156,39.869998931884766,39.9900016784668,142734,0.0,0.0,0.0
2022-09-21 15:30:00-04:00,39.970001220703125,40.04999923706055,39.73500061035156,39.7400016784668,71868,0.0,0.0,0.0
2022-09-22 09:30:00-04:00,39.810001373291016,39.869998931884766,39.45000076293945,39.61000061035156,0,0.0,0.0,0.0
2022-09-22 10:30:00-04:00,39.61000061035156,39.630001068115234,39.310001373291016,39.31999969482422,62296,0.0,0.0,0.0
2022-09-22 11:30:00-04:00,39.31999969482422,39.529998779296875,39.310001373291016,39.470001220703125,35882,0.0,0.0,0.0
2022-09-22 12:30:00-04:00,39.439998626708984,39.5099983215332,39.380001068115234,39.45000076293945,18376,0.0,0.0,0.0
2022-09-22 13:30:00-04:00,39.45000076293945,39.529998779296875,39.36000061035156,39.400001525878906,37189,0.0,0.0,0.0
2022-09-22 14:30:00-04:00,39.400001525878906,39.60810089111328,39.380001068115234,39.56999969482422,67301,0.0,0.0,0.0
2022-09-22 15:30:00-04:00,39.59000015258789,39.68000030517578,39.5,39.5099983215332,63293,0.0,0.0,0.0
2022-09-23 09:30:00-04:00,38.43000030517578,38.43000030517578,38.060001373291016,38.209999084472656,98349,0.0,0.0,0.0
2022-09-23 10:30:00-04:00,38.209999084472656,38.220001220703125,37.97999954223633,38.02000045776367,74224,0.0,0.0,0.0
2022-09-23 11:30:00-04:00,38.040000915527344,38.07500076293945,37.84000015258789,37.84000015258789,76679,0.0,0.0,0.0
2022-09-23 12:30:00-04:00,37.84000015258789,38.08000183105469,37.814998626708984,37.93000030517578,42444,0.0,0.0,0.0
2022-09-23 13:30:00-04:00,37.93000030517578,38.0,37.779998779296875,37.834999084472656,68104,0.0,0.0,0.0
2022-09-23 14:30:00-04:00,37.83000183105469,37.93000030517578,37.69990158081055,37.90999984741211,233510,0.0,0.0,0.0
2022-09-23 15:30:00-04:00,37.900001525878906,38.04999923706055,37.900001525878906,37.9900016784668,526874,0.0,0.0,0.0
2022-09-26 09:30:00-04:00,37.58000183105469,37.97999954223633,37.58000183105469,37.91999816894531,124658,0.0,0.0,0.0
2022-09-26 10:30:00-04:00,37.90999984741211,37.91999816894531,37.599998474121094,37.599998474121094,449189,0.0,0.0,0.0
2022-09-26 11:30:00-04:00,37.61000061035156,37.63999938964844,37.34000015258789,37.380001068115234,643924,0.0,0.0,0.0
2022-09-26 12:30:00-04:00,37.380001068115234,37.4900016784668,37.2599983215332,37.27000045776367,129777,0.0,0.0,0.0
2022-09-26 13:30:00-04:00,37.279998779296875,37.380001068115234,37.220001220703125,37.25,96120,0.0,0.0,0.0
2022-09-26 14:30:00-04:00,37.2599983215332,37.470001220703125,37.220001220703125,37.41999816894531,360527,0.0,0.0,0.0
2022-09-26 15:30:00-04:00,37.40999984741211,37.60499954223633,37.380001068115234,37.45000076293945,495652,0.0,0.0,0.0
2022-09-27 09:30:00-04:00,37.75,37.94499969482422,37.47999954223633,37.61000061035156,0,0.0,0.0,0.0
2022-09-27 10:30:00-04:00,37.619998931884766,37.88999938964844,37.41999816894531,37.470001220703125,58806,0.0,0.0,0.0
2022-09-27 11:30:00-04:00,37.470001220703125,37.54999923706055,37.040000915527344,37.130001068115234,83157,0.0,0.0,0.0
2022-09-27 12:30:00-04:00,37.130001068115234,37.20000076293945,37.029998779296875,37.099998474121094,105010,0.0,0.0,0.0
2022-09-27 13:30:00-04:00,37.09000015258789,37.17499923706055,37.029998779296875,37.125,47742,0.0,0.0,0.0
2022-09-27 14:30:00-04:00,37.119998931884766,37.31999969482422,37.099998474121094,37.2400016784668,58253,0.0,0.0,0.0
2022-09-27 15:30:00-04:00,37.22999954223633,37.310001373291016,37.13999938964844,37.29999923706055,165410,0.0,0.0,0.0
2022-09-28 09:30:00-04:00,37.220001220703125,37.564998626708984,37.095001220703125,37.560001373291016,117064,0.0,0.0,0.0
2022-09-28 10:30:00-04:00,37.540000915527344,37.78499984741211,37.5,37.72999954223633,45092,0.0,0.0,0.0
2022-09-28 11:30:00-04:00,37.68000030517578,38.130001068115234,37.68000030517578,37.959999084472656,62521,0.0,0.0,0.0
2022-09-28 12:30:00-04:00,37.95000076293945,38.27000045776367,37.939998626708984,38.189998626708984,40967,0.0,0.0,0.0
2022-09-28 13:30:00-04:00,38.18000030517578,38.26499938964844,38.119998931884766,38.150001525878906,49453,0.0,0.0,0.0
2022-09-28 14:30:00-04:00,38.15999984741211,38.31999969482422,38.150001525878906,38.28499984741211,41422,0.0,0.0,0.0
2022-09-28 15:30:00-04:00,38.279998779296875,38.369998931884766,38.27000045776367,38.27000045776367,63755,0.0,0.0,0.0
2022-09-29 09:30:00-04:00,37.599998474121094,37.599998474121094,37.18000030517578,37.369998931884766,50577,0.0,0.0,0.0
2022-09-29 10:30:00-04:00,37.34000015258789,37.779998779296875,37.189998626708984,37.59000015258789,57240,0.0,0.0,0.0
2022-09-29 11:30:00-04:00,37.58000183105469,37.81999969482422,37.58000183105469,37.689998626708984,59403,0.0,0.0,0.0
2022-09-29 12:30:00-04:00,37.689998626708984,37.779998779296875,37.599998474121094,37.65999984741211,73158,0.0,0.0,0.0
2022-09-29 13:30:00-04:00,37.630001068115234,37.709999084472656,37.5,37.599998474121094,45510,0.0,0.0,0.0
2022-09-29 14:30:00-04:00,37.59000015258789,37.71500015258789,37.54999923706055,37.699100494384766,33018,0.0,0.0,0.0
2022-09-29 15:30:00-04:00,37.66999816894531,37.84000015258789,37.66999816894531,37.810001373291016,32312,0.0,0.0,0.0
2022-09-30 09:30:00-04:00,37.70000076293945,38.029998779296875,37.68000030517578,37.939998626708984,47656,0.0,0.0,0.0
2022-09-30 10:30:00-04:00,37.959999084472656,38.31999969482422,37.939998626708984,38.20000076293945,65260,0.0,0.0,0.0
2022-09-30 11:30:00-04:00,38.20000076293945,38.209999084472656,37.84000015258789,37.90999984741211,39718,0.0,0.0,0.0
2022-09-30 12:30:00-04:00,37.900001525878906,38.0099983215332,37.900001525878906,37.97999954223633,33624,0.0,0.0,0.0
2022-09-30 13:30:00-04:00,37.970001220703125,37.9900016784668,37.849998474121094,37.869998931884766,67560,0.0,0.0,0.0
2022-09-30 14:30:00-04:00,37.88999938964844,37.93000030517578,37.7599983215332,37.84870147705078,56985,0.0,0.0,0.0
2022-09-30 15:30:00-04:00,37.849998474121094,37.869998931884766,37.7400016784668,37.790000915527344,89365,0.0,0.0,0.0
2022-10-03 09:30:00-04:00,38.18000030517578,38.599998474121094,38.04999923706055,38.540000915527344,50122,0.0,0.0,0.0
2022-10-03 10:30:00-04:00,38.540000915527344,38.650001525878906,38.46500015258789,38.59000015258789,86492,0.0,0.0,0.0
2022-10-03 11:30:00-04:00,38.59000015258789,38.619998931884766,38.41310119628906,38.43000030517578,48892,0.0,0.0,0.0
2022-10-03 12:30:00-04:00,38.43000030517578,38.5099983215332,38.39500045776367,38.470001220703125,28775,0.0,0.0,0.0
2022-10-03 13:30:00-04:00,38.470001220703125,38.65999984741211,38.45500183105469,38.65999984741211,28864,0.0,0.0,0.0
2022-10-03 14:30:00-04:00,38.65999984741211,38.7599983215332,38.630001068115234,38.685001373291016,81886,0.0,0.0,0.0
2022-10-03 15:30:00-04:00,38.68000030517578,38.720001220703125,38.58000183105469,38.595001220703125,53876,0.0,0.0,0.0
2022-10-04 09:30:00-04:00,39.77000045776367,40.155601501464844,39.77000045776367,40.029998779296875,38061,0.0,0.0,0.0
2022-10-04 10:30:00-04:00,40.06999969482422,40.369998931884766,40.060001373291016,40.36000061035156,30730,0.0,0.0,0.0
2022-10-04 11:30:00-04:00,40.36000061035156,40.400001525878906,40.25,40.380001068115234,55111,0.0,0.0,0.0
2022-10-04 12:30:00-04:00,40.369998931884766,40.43000030517578,40.04999923706055,40.150001525878906,47523,0.0,0.0,0.0
2022-10-04 13:30:00-04:00,40.15999984741211,40.25,40.11000061035156,40.150001525878906,27269,0.0,0.0,0.0
2022-10-04 14:30:00-04:00,40.18000030517578,40.33000183105469,40.15999984741211,40.2400016784668,46894,0.0,0.0,0.0
2022-10-04 15:30:00-04:00,40.22999954223633,40.369998931884766,40.220001220703125,40.369998931884766,32063,0.0,0.0,0.0
2022-10-05 09:30:00-04:00,39.540000915527344,39.72999954223633,39.34000015258789,39.36000061035156,32677,0.0,0.0,0.0
2022-10-05 10:30:00-04:00,39.380001068115234,39.5099983215332,39.29999923706055,39.5,18679,0.0,0.0,0.0
2022-10-05 11:30:00-04:00,39.5,39.790000915527344,39.4900016784668,39.65999984741211,36313,0.0,0.0,0.0
2022-10-05 12:30:00-04:00,39.66999816894531,39.90999984741211,39.65890121459961,39.849998474121094,22196,0.0,0.0,0.0
2022-10-05 13:30:00-04:00,39.84000015258789,39.880001068115234,39.7400016784668,39.869998931884766,25277,0.0,0.0,0.0
2022-10-05 14:30:00-04:00,39.869998931884766,40.040000915527344,39.814998626708984,39.970001220703125,37523,0.0,0.0,0.0
2022-10-05 15:30:00-04:00,39.97999954223633,39.97999954223633,39.779998779296875,39.790000915527344,28872,0.0,0.0,0.0
2022-10-06 09:30:00-04:00,39.209999084472656,39.40999984741211,39.040000915527344,39.099998474121094,0,0.0,0.0,0.0
2022-10-06 10:30:00-04:00,39.09000015258789,39.2400016784668,39.0,39.20000076293945,46358,0.0,0.0,0.0
2022-10-06 11:30:00-04:00,39.189998626708984,39.20000076293945,38.900001525878906,39.029998779296875,46761,0.0,0.0,0.0
2022-10-06 12:30:00-04:00,39.02000045776367,39.15999984741211,39.0,39.15999984741211,38954,0.0,0.0,0.0
2022-10-06 13:30:00-04:00,39.099998474121094,39.150001525878906,39.029998779296875,39.040000915527344,20769,0.0,0.0,0.0
2022-10-06 14:30:00-04:00,39.04999923706055,39.099998474121094,38.880001068115234,39.02000045776367,62564,0.0,0.0,0.0
2022-10-06 15:30:00-04:00,39.0099983215332,39.0099983215332,38.939998626708984,38.959999084472656,41557,0.0,0.0,0.0
2022-10-07 09:30:00-04:00,38.68000030517578,38.75,38.34000015258789,38.540000915527344,0,0.0,0.0,0.0
2022-10-07 10:30:00-04:00,38.5,38.65999984741211,38.45000076293945,38.52000045776367,34903,0.0,0.0,0.0
2022-10-07 11:30:00-04:00,38.540000915527344,38.54999923706055,38.3849983215332,38.38999938964844,29160,0.0,0.0,0.0
2022-10-07 12:30:00-04:00,38.38999938964844,38.400001525878906,38.29999923706055,38.38999938964844,27060,0.0,0.0,0.0
2022-10-07 13:30:00-04:00,38.36000061035156,38.40999984741211,38.255001068115234,38.255001068115234,26303,0.0,0.0,0.0
2022-10-07 14:30:00-04:00,38.2400016784668,38.27000045776367,38.099998474121094,38.119998931884766,31188,0.0,0.0,0.0
2022-10-07 15:30:00-04:00,38.099998474121094,38.2599983215332,38.06999969482422,38.2400016784668,52613,0.0,0.0,0.0
2022-10-10 09:30:00-04:00,38.33000183105469,38.33000183105469,38.099998474121094,38.220001220703125,0,0.0,0.0,0.0
2022-10-10 10:30:00-04:00,38.209999084472656,38.334999084472656,37.97999954223633,38.040000915527344,46395,0.0,0.0,0.0
2022-10-10 11:30:00-04:00,38.040000915527344,38.099998474121094,37.900001525878906,37.900001525878906,25057,0.0,0.0,0.0
2022-10-10 12:30:00-04:00,37.90999984741211,37.970001220703125,37.81999969482422,37.959999084472656,33617,0.0,0.0,0.0
2022-10-10 13:30:00-04:00,37.959999084472656,38.220001220703125,37.959999084472656,38.099998474121094,26647,0.0,0.0,0.0
2022-10-10 14:30:00-04:00,38.099998474121094,38.209999084472656,38.06999969482422,38.11000061035156,23323,0.0,0.0,0.0
2022-10-10 15:30:00-04:00,38.11000061035156,38.16999816894531,38.04999923706055,38.04999923706055,32263,0.0,0.0,0.0
2022-10-11 09:30:00-04:00,37.79999923706055,37.82419967651367,37.540000915527344,37.650001525878906,0,0.0,0.0,0.0
2022-10-11 10:30:00-04:00,37.61000061035156,37.92340087890625,37.61000061035156,37.88999938964844,58056,0.0,0.0,0.0
2022-10-11 11:30:00-04:00,37.91999816894531,38.16999816894531,37.91999816894531,38.14500045776367,15185,0.0,0.0,0.0
2022-10-11 12:30:00-04:00,38.13999938964844,38.279998779296875,38.09000015258789,38.09000015258789,19165,0.0,0.0,0.0
2022-10-11 13:30:00-04:00,38.119998931884766,38.189998626708984,38.040000915527344,38.09000015258789,15672,0.0,0.0,0.0
2022-10-11 14:30:00-04:00,38.09000015258789,38.119998931884766,37.474998474121094,37.58000183105469,72060,0.0,0.0,0.0
2022-10-11 15:30:00-04:00,37.540000915527344,37.65999984741211,37.5099983215332,37.619998931884766,36930,0.0,0.0,0.0
2022-10-12 09:30:00-04:00,37.52000045776367,37.70000076293945,37.499698638916016,37.61000061035156,0,0.0,0.0,0.0
2022-10-12 10:30:00-04:00,37.61000061035156,37.75,37.47999954223633,37.68000030517578,18825,0.0,0.0,0.0
2022-10-12 11:30:00-04:00,37.68000030517578,37.709999084472656,37.59000015258789,37.599998474121094,22755,0.0,0.0,0.0
2022-10-12 12:30:00-04:00,37.619998931884766,37.630001068115234,37.540000915527344,37.630001068115234,20968,0.0,0.0,0.0
2022-10-12 13:30:00-04:00,37.625,37.7599983215332,37.52000045776367,37.75,21591,0.0,0.0,0.0
2022-10-12 14:30:00-04:00,37.75,37.77000045776367,37.56999969482422,37.650001525878906,13823,0.0,0.0,0.0
2022-10-12 15:30:00-04:00,37.63290023803711,37.68000030517578,37.54999923706055,37.54999923706055,35052,0.0,0.0,0.0
2022-10-13 09:30:00-04:00,36.97999954223633,37.560001373291016,36.880001068115234,37.369998931884766,35366,0.0,0.0,0.0
2022-10-13 10:30:00-04:00,37.459999084472656,38.380001068115234,37.44499969482422,38.22999954223633,51966,0.0,0.0,0.0
2022-10-13 11:30:00-04:00,38.25,38.58000183105469,38.220001220703125,38.35499954223633,147486,0.0,0.0,0.0
2022-10-13 12:30:00-04:00,38.29999923706055,38.66999816894531,38.29999923706055,38.619998931884766,43620,0.0,0.0,0.0
2022-10-13 13:30:00-04:00,38.689998626708984,38.75,38.439998626708984,38.439998626708984,26891,0.0,0.0,0.0
2022-10-13 14:30:00-04:00,38.4900016784668,38.68000030517578,38.47999954223633,38.540000915527344,47715,0.0,0.0,0.0
2022-10-13 15:30:00-04:00,38.540000915527344,38.64849853515625,38.47999954223633,38.564998626708984,42051,0.0,0.0,0.0
2022-10-14 09:30:00-04:00,38.83000183105469,39.0,38.18000030517578,38.29999923706055,0,0.0,0.0,0.0
2022-10-14 10:30:00-04:00,38.310001373291016,38.529998779296875,38.209999084472656,38.369998931884766,40600,0.0,0.0,0.0
2022-10-14 11:30:00-04:00,38.36000061035156,38.36000061035156,38.029998779296875,38.15999984741211,23299,0.0,0.0,0.0
2022-10-14 12:30:00-04:00,38.15999984741211,38.22999954223633,38.04999923706055,38.11000061035156,18883,0.0,0.0,0.0
2022-10-14 13:30:00-04:00,38.11000061035156,38.189998626708984,38.029998779296875,38.06999969482422,28751,0.0,0.0,0.0
2022-10-14 14:30:00-04:00,38.06999969482422,38.11000061035156,37.97999954223633,38.099998474121094,35956,0.0,0.0,0.0
2022-10-14 15:30:00-04:00,38.08000183105469,38.130001068115234,37.97999954223633,37.9900016784668,50979,0.0,0.0,0.0
2022-10-17 09:30:00-04:00,39.119998931884766,39.34000015258789,39.119998931884766,39.290000915527344,34367,0.0,0.0,0.0
2022-10-17 10:30:00-04:00,39.290000915527344,39.38999938964844,39.15999984741211,39.279998779296875,22346,0.0,0.0,0.0
2022-10-17 11:30:00-04:00,39.27000045776367,39.400001525878906,39.22999954223633,39.33000183105469,22857,0.0,0.0,0.0
2022-10-17 12:30:00-04:00,39.31999969482422,39.369998931884766,39.22999954223633,39.310001373291016,15501,0.0,0.0,0.0
2022-10-17 13:30:00-04:00,39.310001373291016,39.349998474121094,39.209999084472656,39.2400016784668,86530,0.0,0.0,0.0
2022-10-17 14:30:00-04:00,39.2400016784668,39.29499816894531,39.189998626708984,39.220001220703125,42024,0.0,0.0,0.0
2022-10-17 15:30:00-04:00,39.2400016784668,39.279998779296875,39.189998626708984,39.189998626708984,53459,0.0,0.0,0.0
2022-10-18 09:30:00-04:00,39.88999938964844,39.9900016784668,39.65999984741211,39.65999984741211,0,0.0,0.0,0.0
2022-10-18 10:30:00-04:00,39.65999984741211,39.70500183105469,39.40999984741211,39.459999084472656,37579,0.0,0.0,0.0
2022-10-18 11:30:00-04:00,39.47999954223633,39.64899826049805,39.36000061035156,39.58000183105469,209636,0.0,0.0,0.0
2022-10-18 12:30:00-04:00,39.584999084472656,39.70000076293945,39.46500015258789,39.63999938964844,70829,0.0,0.0,0.0
2022-10-18 13:30:00-04:00,39.650001525878906,39.7400016784668,39.630001068115234,39.689998626708984,66019,0.0,0.0,0.0
2022-10-18 14:30:00-04:00,39.689998626708984,39.689998626708984,39.459999084472656,39.58000183105469,138307,0.0,0.0,0.0
2022-10-18 15:30:00-04:00,39.57500076293945,39.720001220703125,39.56999969482422,39.709999084472656,115551,0.0,0.0,0.0
2022-10-19 09:30:00-04:00,39.2400016784668,39.33000183105469,39.02000045776367,39.2599983215332,47824,0.0,0.0,0.0
2022-10-19 10:30:00-04:00,39.34000015258789,39.34000015258789,39.130001068115234,39.189998626708984,186446,0.0,0.0,0.0
2022-10-19 11:30:00-04:00,39.18000030517578,39.2400016784668,39.029998779296875,39.04999923706055,254028,0.0,0.0,0.0
2022-10-19 12:30:00-04:00,39.040000915527344,39.11000061035156,38.81999969482422,38.93000030517578,19053,0.0,0.0,0.0
2022-10-19 13:30:00-04:00,38.93000030517578,39.06999969482422,38.88999938964844,39.04999923706055,40194,0.0,0.0,0.0
2022-10-19 14:30:00-04:00,39.040000915527344,39.07500076293945,38.95000076293945,38.97999954223633,52392,0.0,0.0,0.0
2022-10-19 15:30:00-04:00,38.97999954223633,39.07500076293945,38.96200180053711,39.06999969482422,50812,0.0,0.0,0.0
2022-10-20 09:30:00-04:00,39.04999923706055,39.529998779296875,39.0,39.47999954223633,0,0.0,0.0,0.0
2022-10-20 10:30:00-04:00,39.5099983215332,39.5099983215332,39.33000183105469,39.380001068115234,60806,0.0,0.0,0.0
2022-10-20 11:30:00-04:00,39.3745002746582,39.459999084472656,39.119998931884766,39.150001525878906,33670,0.0,0.0,0.0
2022-10-20 12:30:00-04:00,39.13999938964844,39.18000030517578,38.9900016784668,39.06999969482422,23314,0.0,0.0,0.0
2022-10-20 13:30:00-04:00,39.029998779296875,39.06999969482422,38.880001068115234,38.88999938964844,47768,0.0,0.0,0.0
2022-10-20 14:30:00-04:00,38.880001068115234,39.06999969482422,38.880001068115234,38.91999816894531,106499,0.0,0.0,0.0
2022-10-20 15:30:00-04:00,38.900001525878906,39.040000915527344,38.880001068115234,38.97999954223633,50382,0.0,0.0,0.0
2022-10-21 09:30:00-04:00,38.63999938964844,39.2599983215332,38.52000045776367,38.86000061035156,118509,0.0,0.0,0.0
2022-10-21 10:30:00-04:00,38.880001068115234,39.189998626708984,38.810001373291016,39.13999938964844,183807,0.0,0.0,0.0
2022-10-21 11:30:00-04:00,39.13999938964844,39.52000045776367,39.04999923706055,39.27000045776367,107043,0.0,0.0,0.0
2022-10-21 12:30:00-04:00,39.27000045776367,39.47999954223633,39.2599983215332,39.42499923706055,192848,0.0,0.0,0.0
2022-10-21 13:30:00-04:00,39.41999816894531,39.5099983215332,39.38999938964844,39.43000030517578,83838,0.0,0.0,0.0
2022-10-21 14:30:00-04:00,39.43000030517578,39.66999816894531,39.43000030517578,39.66999816894531,50530,0.0,0.0,0.0
2022-10-21 15:30:00-04:00,39.650901794433594,39.70000076293945,39.63999938964844,39.689998626708984,38885,0.0,0.0,0.0
2022-10-24 09:30:00-04:00,39.79999923706055,40.150001525878906,39.63999938964844,39.75,29547,0.0,0.0,0.0
2022-10-24 10:30:00-04:00,39.7400016784668,39.97999954223633,39.7400016784668,39.939998626708984,48725,0.0,0.0,0.0
2022-10-24 11:30:00-04:00,39.91999816894531,40.060001373291016,39.869998931884766,39.9900016784668,32245,0.0,0.0,0.0
2022-10-24 12:30:00-04:00,39.97999954223633,40.0,39.880001068115234,39.91999816894531,26970,0.0,0.0,0.0
2022-10-24 13:30:00-04:00,39.90999984741211,39.97999954223633,39.88999938964844,39.959999084472656,19499,0.0,0.0,0.0
2022-10-24 14:30:00-04:00,39.959999084472656,40.100101470947266,39.940101623535156,40.08000183105469,29377,0.0,0.0,0.0
2022-10-24 15:30:00-04:00,40.04499816894531,40.05500030517578,39.94499969482422,39.959999084472656,32059,0.0,0.0,0.0
2022-10-25 09:30:00-04:00,40.25,40.70500183105469,40.25,40.70000076293945,0,0.0,0.0,0.0
2022-10-25 10:30:00-04:00,40.70000076293945,40.91999816894531,40.63999938964844,40.90999984741211,107774,0.0,0.0,0.0
2022-10-25 11:30:00-04:00,40.900001525878906,40.93000030517578,40.79999923706055,40.834999084472656,35358,0.0,0.0,0.0
2022-10-25 12:30:00-04:00,40.84000015258789,40.869998931884766,40.72999954223633,40.779998779296875,27504,0.0,0.0,0.0
2022-10-25 13:30:00-04:00,40.779998779296875,40.83000183105469,40.720001220703125,40.810001373291016,27870,0.0,0.0,0.0
2022-10-25 14:30:00-04:00,40.79999923706055,40.915000915527344,40.755001068115234,40.900001525878906,36984,0.0,0.0,0.0
2022-10-25 15:30:00-04:00,40.90999984741211,40.93000030517578,40.869998931884766,40.93000030517578,20015,0.0,0.0,0.0
2022-10-26 09:30:00-04:00,40.900001525878906,41.25,40.88999938964844,41.25,164265,0.0,0.0,0.0
2022-10-26 10:30:00-04:00,41.2599983215332,41.52629852294922,41.18000030517578,41.5,214481,0.0,0.0,0.0
2022-10-26 11:30:00-04:00,41.47999954223633,41.56999969482422,41.46500015258789,41.529998779296875,166307,0.0,0.0,0.0
2022-10-26 12:30:00-04:00,41.529998779296875,41.59000015258789,41.33000183105469,41.33000183105469,49839,0.0,0.0,0.0
2022-10-26 13:30:00-04:00,41.33000183105469,41.4900016784668,41.290000915527344,41.3849983215332,47261,0.0,0.0,0.0
2022-10-26 14:30:00-04:00,41.38999938964844,41.439998626708984,41.29999923706055,41.349998474121094,39204,0.0,0.0,0.0
2022-10-26 15:30:00-04:00,41.349998474121094,41.378501892089844,41.290000915527344,41.310001373291016,47885,0.0,0.0,0.0
2022-10-27 09:30:00-04:00,41.209999084472656,41.459999084472656,41.08000183105469,41.43389892578125,55835,0.0,0.0,0.0
2022-10-27 10:30:00-04:00,41.47999954223633,41.5099983215332,41.220001220703125,41.279998779296875,37781,0.0,0.0,0.0
2022-10-27 11:30:00-04:00,41.279998779296875,41.290000915527344,41.040000915527344,41.040000915527344,26789,0.0,0.0,0.0
2022-10-27 12:30:00-04:00,41.040000915527344,41.279998779296875,41.040000915527344,41.189998626708984,37001,0.0,0.0,0.0
2022-10-27 13:30:00-04:00,41.20000076293945,41.20000076293945,41.01129913330078,41.029998779296875,21830,0.0,0.0,0.0
2022-10-27 14:30:00-04:00,41.0,41.04999923706055,40.939998626708984,41.01499938964844,23882,0.0,0.0,0.0
2022-10-27 15:30:00-04:00,41.02000045776367,41.08000183105469,40.91999816894531,40.939998626708984,34160,0.0,0.0,0.0
2022-10-28 09:30:00-04:00,40.90999984741211,41.08000183105469,40.869998931884766,41.040000915527344,0,0.0,0.0,0.0
2022-10-28 10:30:00-04:00,41.060001373291016,41.099998474121094,40.95000076293945,41.029998779296875,18297,0.0,0.0,0.0
2022-10-28 11:30:00-04:00,41.029998779296875,41.13999938964844,40.9900016784668,41.119998931884766,22443,0.0,0.0,0.0
2022-10-28 12:30:00-04:00,41.119998931884766,41.22999954223633,41.09000015258789,41.19499969482422,16824,0.0,0.0,0.0
2022-10-28 13:30:00-04:00,41.20000076293945,41.25,41.18000030517578,41.220001220703125,23304,0.0,0.0,0.0
2022-10-28 14:30:00-04:00,41.220001220703125,41.33000183105469,41.220001220703125,41.33000183105469,14521,0.0,0.0,0.0
2022-10-28 15:30:00-04:00,41.31999969482422,41.40999984741211,41.31999969482422,41.400001525878906,34560,0.0,0.0,0.0
2022-10-31 09:30:00-04:00,40.86000061035156,41.040000915527344,40.84000015258789,40.939998626708984,48489,0.0,0.0,0.0
2022-10-31 10:30:00-04:00,40.95000076293945,41.04999923706055,40.88999938964844,41.029998779296875,24541,0.0,0.0,0.0
2022-10-31 11:30:00-04:00,41.0099983215332,41.029998779296875,40.880001068115234,40.95000076293945,27419,0.0,0.0,0.0
2022-10-31 12:30:00-04:00,40.95000076293945,40.95000076293945,40.84000015258789,40.939998626708984,15467,0.0,0.0,0.0
2022-10-31 13:30:00-04:00,40.939998626708984,41.0,40.880001068115234,40.97999954223633,10245,0.0,0.0,0.0
2022-10-31 14:30:00-04:00,40.970001220703125,41.0099983215332,40.81999969482422,40.849998474121094,23066,0.0,0.0,0.0
2022-10-31 15:30:00-04:00,40.86000061035156,40.939998626708984,40.849998474121094,40.939998626708984,25261,0.0,0.0,0.0
2022-11-01 09:30:00-04:00,41.709999084472656,41.709999084472656,41.279998779296875,41.380001068115234,87996,0.0,0.0,0.0
2022-11-01 10:30:00-04:00,41.380001068115234,41.43000030517578,41.0,41.099998474121094,0,0.0,0.0,0.0
2022-11-01 11:30:00-04:00,41.099998474121094,41.279998779296875,41.0,41.08000183105469,148028,0.0,0.0,0.0
2022-11-01 12:30:00-04:00,41.06999969482422,41.20000076293945,40.9900016784668,41.16999816894531,94743,0.0,0.0,0.0
2022-11-01 13:30:00-04:00,41.16999816894531,41.25,41.130001068115234,41.23500061035156,26384,0.0,0.0,0.0
2022-11-01 14:30:00-04:00,41.23500061035156,41.2599983215332,41.15999984741211,41.20000076293945,12322,0.0,0.0,0.0
2022-11-01 15:30:00-04:00,41.209999084472656,41.22999954223633,41.1619987487793,41.220001220703125,27214,0.0,0.0,0.0
2022-11-02 09:30:00-04:00,41.18000030517578,41.18000030517578,41.0,41.0,87044,0.0,0.0,0.0
2022-11-02 10:30:00-04:00,41.02000045776367,41.060001373291016,40.974998474121094,41.01100158691406,10755,0.0,0.0,0.0
2022-11-02 11:30:00-04:00,41.02000045776367,41.06999969482422,40.95000076293945,40.959999084472656,18418,0.0,0.0,0.0
2022-11-02 12:30:00-04:00,40.970001220703125,41.02000045776367,40.91999816894531,41.000099182128906,5300,0.0,0.0,0.0
2022-11-02 13:30:00-04:00,41.0,41.56990051269531,41.0,41.529998779296875,21364,0.0,0.0,0.0
2022-11-02 14:30:00-04:00,41.560001373291016,41.68000030517578,40.52000045776367,40.595001220703125,57803,0.0,0.0,0.0
2022-11-02 15:30:00-04:00,40.540000915527344,40.63999938964844,40.459999084472656,40.47999954223633,51351,0.0,0.0,0.0
2022-11-03 09:30:00-04:00,39.790000915527344,40.149898529052734,39.790000915527344,40.130001068115234,38887,0.0,0.0,0.0
2022-11-03 10:30:00-04:00,40.0099983215332,40.209999084472656,40.0099983215332,40.119998931884766,12806,0.0,0.0,0.0
2022-11-03 11:30:00-04:00,40.09000015258789,40.189998626708984,40.029998779296875,40.13999938964844,35162,0.0,0.0,0.0
2022-11-03 12:30:00-04:00,40.13999938964844,40.209999084472656,40.08000183105469,40.13999938964844,45027,0.0,0.0,0.0
2022-11-03 13:30:00-04:00,40.15999984741211,40.17499923706055,40.060001373291016,40.130001068115234,14785,0.0,0.0,0.0
2022-11-03 14:30:00-04:00,40.14099884033203,40.189998626708984,40.099998474121094,40.189998626708984,17066,0.0,0.0,0.0
2022-11-03 15:30:00-04:00,40.18989944458008,40.20000076293945,40.029998779296875,40.04999923706055,16918,0.0,0.0,0.0
2022-11-04 09:30:00-04:00,41.400001525878906,41.81999969482422,41.16999816894531,41.779998779296875,39647,0.0,0.0,0.0
2022-11-04 10:30:00-04:00,41.79999923706055,41.91999816894531,41.540000915527344,41.540000915527344,33526,0.0,0.0,0.0
2022-11-04 11:30:00-04:00,41.53499984741211,41.619998931884766,41.310001373291016,41.60499954223633,16053,0.0,0.0,0.0
2022-11-04 12:30:00-04:00,41.595001220703125,41.599998474121094,41.369998931884766,41.52000045776367,156258,0.0,0.0,0.0
2022-11-04 13:30:00-04:00,41.4900016784668,41.54999923706055,41.36000061035156,41.52000045776367,24670,0.0,0.0,0.0
2022-11-04 14:30:00-04:00,41.54999923706055,41.79499816894531,41.529998779296875,41.73500061035156,57847,0.0,0.0,0.0
2022-11-04 15:30:00-04:00,41.7400016784668,41.869998931884766,41.72999954223633,41.84000015258789,15851,0.0,0.0,0.0
2022-11-07 09:30:00-05:00,42.060001373291016,42.06999969482422,41.869998931884766,41.90999984741211,16915,0.0,0.0,0.0
2022-11-07 10:30:00-05:00,41.869998931884766,42.0099983215332,41.869998931884766,42.0099983215332,11453,0.0,0.0,0.0
2022-11-07 11:30:00-05:00,42.02000045776367,42.060001373291016,41.880001068115234,42.060001373291016,17482,0.0,0.0,0.0
2022-11-07 12:30:00-05:00,42.06999969482422,42.099998474121094,42.0099983215332,42.09000015258789,12836,0.0,0.0,0.0
2022-11-07 13:30:00-05:00,42.119998931884766,42.20000076293945,42.06999969482422,42.189998626708984,14452,0.0,0.0,0.0
2022-11-07 14:30:00-05:00,42.20500183105469,42.244998931884766,42.14630126953125,42.189998626708984,18351,0.0,0.0,0.0
2022-11-07 15:30:00-05:00,42.20000076293945,42.22999954223633,42.029998779296875,42.029998779296875,30958,0.0,0.0,0.0
2022-11-08 09:30:00-05:00,42.220001220703125,42.5,42.15999984741211,42.45000076293945,223597,0.0,0.0,0.0
2022-11-08 10:30:00-05:00,42.45500183105469,42.65999984741211,42.439998626708984,42.650001525878906,87743,0.0,0.0,0.0
2022-11-08 11:30:00-05:00,42.630001068115234,42.71799850463867,42.619998931884766,42.619998931884766,23279,0.0,0.0,0.0
2022-11-08 12:30:00-05:00,42.63999938964844,42.68000030517578,42.41999816894531,42.43000030517578,26684,0.0,0.0,0.0
2022-11-08 13:30:00-05:00,42.349998474121094,42.5099983215332,42.209999084472656,42.209999084472656,36516,0.0,0.0,0.0
2022-11-08 14:30:00-05:00,42.220001220703125,42.54999923706055,42.18000030517578,42.54999923706055,17251,0.0,0.0,0.0
2022-11-08 15:30:00-05:00,42.560001373291016,42.650001525878906,42.470001220703125,42.52000045776367,15095,0.0,0.0,0.0
2022-11-09 09:30:00-05:00,42.220001220703125,42.52000045776367,42.15999984741211,42.31999969482422,0,0.0,0.0,0.0
2022-11-09 10:30:00-05:00,42.349998474121094,42.439998626708984,42.130001068115234,42.41999816894531,34770,0.0,0.0,0.0
2022-11-09 11:30:00-05:00,42.400001525878906,42.459999084472656,42.27000045776367,42.29999923706055,17336,0.0,0.0,0.0
2022-11-09 12:30:00-05:00,42.310001373291016,42.34000015258789,42.189998626708984,42.189998626708984,28422,0.0,0.0,0.0
2022-11-09 13:30:00-05:00,42.13999938964844,42.13999938964844,42.040000915527344,42.099998474121094,21521,0.0,0.0,0.0
2022-11-09 14:30:00-05:00,42.06999969482422,42.08000183105469,41.935001373291016,42.029998779296875,52691,0.0,0.0,0.0
2022-11-09 15:30:00-05:00,42.029998779296875,42.029998779296875,41.93000030517578,41.93000030517578,45989,0.0,0.0,0.0
2022-11-10 09:30:00-05:00,43.650001525878906,44.099998474121094,43.43000030517578,44.09000015258789,57207,0.0,0.0,0.0
2022-11-10 10:30:00-05:00,44.09000015258789,44.09000015258789,43.88999938964844,44.040000915527344,21163,0.0,0.0,0.0
2022-11-10 11:30:00-05:00,44.04999923706055,44.119998931884766,43.93000030517578,43.93000030517578,11561,0.0,0.0,0.0
2022-11-10 12:30:00-05:00,43.86000061035156,43.95000076293945,43.75,43.900001525878906,18080,0.0,0.0,0.0
2022-11-10 13:30:00-05:00,43.91999816894531,44.03499984741211,43.880001068115234,44.03499984741211,11543,0.0,0.0,0.0
2022-11-10 14:30:00-05:00,44.02000045776367,44.130001068115234,44.0099983215332,44.119998931884766,10971,0.0,0.0,0.0
2022-11-10 15:30:00-05:00,44.150001525878906,44.279998779296875,44.13999938964844,44.279998779296875,94218,0.0,0.0,0.0
2022-11-11 09:30:00-05:00,44.56999969482422,44.790000915527344,44.40999984741211,44.7599983215332,43825,0.0,0.0,0.0
2022-11-11 10:30:00-05:00,44.7599983215332,44.81999969482422,44.650001525878906,44.7400016784668,18506,0.0,0.0,0.0
2022-11-11 11:30:00-05:00,44.720001220703125,44.91999816894531,44.68000030517578,44.89500045776367,17229,0.0,0.0,0.0
2022-11-11 12:30:00-05:00,44.90999984741211,45.040000915527344,44.86000061035156,45.040000915527344,17142,0.0,0.0,0.0
2022-11-11 13:30:00-05:00,45.040000915527344,45.119998931884766,45.02000045776367,45.119998931884766,14544,0.0,0.0,0.0
2022-11-11 14:30:00-05:00,45.130001068115234,45.20000076293945,45.029998779296875,45.125,93158,0.0,0.0,0.0
2022-11-11 15:30:00-05:00,45.130001068115234,45.18000030517578,45.095001220703125,45.130001068115234,63207,0.0,0.0,0.0
2022-11-14 09:30:00-05:00,44.880001068115234,45.130001068115234,44.75,44.93000030517578,135529,0.0,0.0,0.0
2022-11-14 10:30:00-05:00,44.90999984741211,44.939998626708984,44.720001220703125,44.810001373291016,33642,0.0,0.0,0.0
2022-11-14 11:30:00-05:00,44.79949951171875,44.91999816894531,44.75,44.84000015258789,74323,0.0,0.0,0.0
2022-11-14 12:30:00-05:00,44.84000015258789,44.9900016784668,44.79999923706055,44.9900016784668,63526,0.0,0.0,0.0
2022-11-14 13:30:00-05:00,44.9900016784668,45.005001068115234,44.93000030517578,44.939998626708984,63403,0.0,0.0,0.0
2022-11-14 14:30:00-05:00,44.95000076293945,44.970001220703125,44.80500030517578,44.849998474121094,100027,0.0,0.0,0.0
2022-11-14 15:30:00-05:00,44.84000015258789,44.869998931884766,44.560001373291016,44.560001373291016,167845,0.0,0.0,0.0
2022-11-15 09:30:00-05:00,45.38999938964844,45.38999938964844,45.05500030517578,45.18000030517578,126131,0.0,0.0,0.0
2022-11-15 10:30:00-05:00,45.150001525878906,45.209999084472656,44.959999084472656,45.04499816894531,30461,0.0,0.0,0.0
2022-11-15 11:30:00-05:00,45.04499816894531,45.189998626708984,45.0099983215332,45.099998474121094,51210,0.0,0.0,0.0
2022-11-15 12:30:00-05:00,45.099998474121094,45.154998779296875,44.529998779296875,44.58000183105469,67474,0.0,0.0,0.0
2022-11-15 13:30:00-05:00,44.59000015258789,44.85499954223633,44.290000915527344,44.7400016784668,155972,0.0,0.0,0.0
2022-11-15 14:30:00-05:00,44.7599983215332,45.0,44.665000915527344,44.93000030517578,52837,0.0,0.0,0.0
2022-11-15 15:30:00-05:00,44.88999938964844,44.93000030517578,44.720001220703125,44.779998779296875,41435,0.0,0.0,0.0
2022-11-16 09:30:00-05:00,44.939998626708984,45.0099983215332,44.68000030517578,44.790000915527344,104011,0.0,0.0,0.0
2022-11-16 10:30:00-05:00,44.77000045776367,44.869998931884766,44.75,44.869998931884766,33904,0.0,0.0,0.0
2022-11-16 11:30:00-05:00,44.85499954223633,44.868099212646484,44.709999084472656,44.7599983215332,26083,0.0,0.0,0.0
2022-11-16 12:30:00-05:00,44.75,44.88999938964844,44.709999084472656,44.720001220703125,13972,0.0,0.0,0.0
2022-11-16 13:30:00-05:00,44.709999084472656,44.7599983215332,44.619998931884766,44.7400016784668,27450,0.0,0.0,0.0
2022-11-16 14:30:00-05:00,44.709999084472656,44.81999969482422,44.70000076293945,44.79999923706055,21681,0.0,0.0,0.0
2022-11-16 15:30:00-05:00,44.810001373291016,44.849998474121094,44.7599983215332,44.779998779296875,19150,0.0,0.0,0.0
2022-11-17 09:30:00-05:00,44.20000076293945,44.45000076293945,44.20000076293945,44.45000076293945,64535,0.0,0.0,0.0
2022-11-17 10:30:00-05:00,44.45000076293945,44.45000076293945,44.2599983215332,44.31999969482422,26747,0.0,0.0,0.0
2022-11-17 11:30:00-05:00,44.34000015258789,44.619998931884766,44.29999923706055,44.540000915527344,25840,0.0,0.0,0.0
2022-11-17 12:30:00-05:00,44.529998779296875,44.72999954223633,44.51499938964844,44.66999816894531,54691,0.0,0.0,0.0
2022-11-17 13:30:00-05:00,44.67499923706055,44.72999954223633,44.60499954223633,44.65999984741211,31088,0.0,0.0,0.0
2022-11-17 14:30:00-05:00,44.650001525878906,44.689998626708984,44.564998626708984,44.599998474121094,39257,0.0,0.0,0.0
2022-11-17 15:30:00-05:00,44.630001068115234,44.77000045776367,44.630001068115234,44.75,25669,0.0,0.0,0.0
2022-11-18 09:30:00-05:00,44.9900016784668,44.9900016784668,44.7599983215332,44.88999938964844,42804,0.0,0.0,0.0
2022-11-18 10:30:00-05:00,44.900001525878906,44.99850082397461,44.869998931884766,44.97999954223633,9909,0.0,0.0,0.0
2022-11-18 11:30:00-05:00,44.9900016784668,45.0099983215332,44.75,44.79999923706055,19549,0.0,0.0,0.0
2022-11-18 12:30:00-05:00,44.81999969482422,44.869998931884766,44.75,44.869998931884766,11992,0.0,0.0,0.0
2022-11-18 13:30:00-05:00,44.869998931884766,44.869998931884766,44.779998779296875,44.84000015258789,8163,0.0,0.0,0.0
2022-11-18 14:30:00-05:00,44.849998474121094,44.95000076293945,44.79999923706055,44.95000076293945,19257,0.0,0.0,0.0
2022-11-18 15:30:00-05:00,44.95000076293945,44.970001220703125,44.869998931884766,44.880001068115234,16219,0.0,0.0,0.0
2022-11-21 09:30:00-05:00,44.540000915527344,44.65999984741211,44.41999816894531,44.45000076293945,26415,0.0,0.0,0.0
2022-11-21 10:30:00-05:00,44.470001220703125,44.5099983215332,44.400001525878906,44.470001220703125,26137,0.0,0.0,0.0
2022-11-21 11:30:00-05:00,44.47999954223633,44.5,44.38999938964844,44.459999084472656,35831,0.0,0.0,0.0
2022-11-21 12:30:00-05:00,44.47999954223633,44.65999984741211,44.47999954223633,44.61000061035156,22087,0.0,0.0,0.0
2022-11-21 13:30:00-05:00,44.61000061035156,44.650001525878906,44.56999969482422,44.62889862060547,16651,0.0,0.0,0.0
2022-11-21 14:30:00-05:00,44.630001068115234,44.63999938964844,44.56999969482422,44.58000183105469,71021,0.0,0.0,0.0
2022-11-21 15:30:00-05:00,44.61000061035156,44.650001525878906,44.57500076293945,44.59000015258789,72255,0.0,0.0,0.0
2022-11-22 09:30:00-05:00,44.79999923706055,45.029998779296875,44.7400016784668,45.029998779296875,140181,0.0,0.0,0.0
2022-11-22 10:30:00-05:00,45.040000915527344,45.08000183105469,44.959999084472656,44.9900016784668,73967,0.0,0.0,0.0
2022-11-22 11:30:00-05:00,44.97999954223633,45.0099983215332,44.939998626708984,44.9900016784668,82417,0.0,0.0,0.0
2022-11-22 12:30:00-05:00,45.0,45.13999938964844,45.0,45.13999938964844,60230,0.0,0.0,0.0
2022-11-22 13:30:00-05:00,45.154998779296875,45.20000076293945,45.130001068115234,45.18000030517578,54798,0.0,0.0,0.0
2022-11-22 14:30:00-05:00,45.18000030517578,45.23500061035156,45.13999938964844,45.20500183105469,132842,0.0,0.0,0.0
2022-11-22 15:30:00-05:00,45.209999084472656,45.27000045776367,45.209999084472656,45.27000045776367,116514,0.0,0.0,0.0
2022-11-23 09:30:00-05:00,45.31999969482422,45.619998931884766,45.31999969482422,45.52000045776367,32781,0.0,0.0,0.0
2022-11-23 10:30:00-05:00,45.540000915527344,45.70000076293945,45.540000915527344,45.689998626708984,27545,0.0,0.0,0.0
2022-11-23 11:30:00-05:00,45.68000030517578,45.68000030517578,45.4900016784668,45.54999923706055,21295,0.0,0.0,0.0
2022-11-23 12:30:00-05:00,45.560001373291016,45.58000183105469,45.459999084472656,45.54999923706055,19587,0.0,0.0,0.0
2022-11-23 13:30:00-05:00,45.560001373291016,45.83000183105469,45.540000915527344,45.77000045776367,42266,0.0,0.0,0.0
2022-11-23 14:30:00-05:00,45.7400016784668,45.810001373291016,45.65999984741211,45.779998779296875,417796,0.0,0.0,0.0
2022-11-23 15:30:00-05:00,45.77000045776367,45.790000915527344,45.72999954223633,45.790000915527344,96682,0.0,0.0,0.0
2022-11-25 09:30:00-05:00,45.81999969482422,45.959999084472656,45.810001373291016,45.88999938964844,125665,0.0,0.0,0.0
2022-11-25 10:30:00-05:00,45.88999938964844,46.06999969482422,45.88999938964844,46.02000045776367,110913,0.0,0.0,0.0
2022-11-25 11:30:00-05:00,46.029998779296875,46.13999938964844,46.0,46.10499954223633,106299,0.0,0.0,0.0
2022-11-28 09:30:00-05:00,45.779998779296875,45.9900016784668,45.779998779296875,45.88999938964844,53197,0.0,0.0,0.0
2022-11-28 10:30:00-05:00,45.900001525878906,45.93000030517578,45.69309997558594,45.69309997558594,66898,0.0,0.0,0.0
2022-11-28 11:30:00-05:00,45.709999084472656,45.779998779296875,45.630001068115234,45.70000076293945,30749,0.0,0.0,0.0
2022-11-28 12:30:00-05:00,45.70000076293945,45.75,45.58000183105469,45.58000183105469,27176,0.0,0.0,0.0
2022-11-28 13:30:00-05:00,45.58000183105469,45.61000061035156,45.45000076293945,45.470001220703125,30084,0.0,0.0,0.0
2022-11-28 14:30:00-05:00,45.47999954223633,45.47999954223633,45.349998474121094,45.36000061035156,33969,0.0,0.0,0.0
2022-11-28 15:30:00-05:00,45.36000061035156,45.429298400878906,45.349998474121094,45.41999816894531,22487,0.0,0.0,0.0
2022-11-29 09:30:00-05:00,45.45000076293945,45.779998779296875,45.45000076293945,45.77000045776367,61334,0.0,0.0,0.0
2022-11-29 10:30:00-05:00,45.790000915527344,45.79999923706055,45.400001525878906,45.45000076293945,24290,0.0,0.0,0.0
2022-11-29 11:30:00-05:00,45.47999954223633,45.619998931884766,45.459999084472656,45.529998779296875,25029,0.0,0.0,0.0
2022-11-29 12:30:00-05:00,45.540000915527344,45.619998931884766,45.52000045776367,45.52000045776367,24044,0.0,0.0,0.0
2022-11-29 13:30:00-05:00,45.52000045776367,45.65999984741211,45.52000045776367,45.54999923706055,73812,0.0,0.0,0.0
2022-11-29 14:30:00-05:00,45.529998779296875,45.540000915527344,45.47999954223633,45.5099983215332,128300,0.0,0.0,0.0
2022-11-29 15:30:00-05:00,45.560001373291016,45.564998626708984,45.5,45.5,39707,0.0,0.0,0.0
2022-11-30 09:30:00-05:00,45.93000030517578,46.060001373291016,45.65999984741211,45.67499923706055,93701,0.0,0.0,0.0
2022-11-30 10:30:00-05:00,45.68000030517578,45.7400016784668,45.54999923706055,45.68000030517578,64238,0.0,0.0,0.0
2022-11-30 11:30:00-05:00,45.70000076293945,45.72999954223633,45.540000915527344,45.619998931884766,32365,0.0,0.0,0.0
2022-11-30 12:30:00-05:00,45.619998931884766,45.630001068115234,45.5,45.529998779296875,447042,0.0,0.0,0.0
2022-11-30 13:30:00-05:00,45.4900016784668,46.33000183105469,45.4900016784668,46.27000045776367,73066,0.0,0.0,0.0
2022-11-30 14:30:00-05:00,46.2400016784668,46.4900016784668,46.20000076293945,46.459999084472656,66929,0.0,0.0,0.0
2022-11-30 15:30:00-05:00,46.459999084472656,46.51499938964844,46.36000061035156,46.38999938964844,135932,0.0,0.0,0.0
2022-12-01 09:30:00-05:00,46.880001068115234,47.11000061035156,46.68000030517578,46.689998626708984,88261,0.0,0.0,0.0
2022-12-01 10:30:00-05:00,46.68000030517578,46.81999969482422,46.630001068115234,46.7400016784668,70750,0.0,0.0,0.0
2022-12-01 11:30:00-05:00,46.7400016784668,46.88999938964844,46.630001068115234,46.79999923706055,77265,0.0,0.0,0.0
2022-12-01 12:30:00-05:00,46.810001373291016,46.93000030517578,46.79999923706055,46.810001373291016,64214,0.0,0.0,0.0
2022-12-01 13:30:00-05:00,46.810001373291016,46.880001068115234,46.779998779296875,46.849998474121094,71972,0.0,0.0,0.0
2022-12-01 14:30:00-05:00,46.849998474121094,46.91999816894531,46.81999969482422,46.869998931884766,85653,0.0,0.0,0.0
2022-12-01 15:30:00-05:00,46.86000061035156,46.939998626708984,46.86000061035156,46.86000061035156,46177,0.0,0.0,0.0
2022-12-02 09:30:00-05:00,46.52000045776367,46.720001220703125,46.52000045776367,46.56999969482422,77654,0.0,0.0,0.0
2022-12-02 10:30:00-05:00,46.56999969482422,46.7400016784668,46.54999923706055,46.7400016784668,28509,0.0,0.0,0.0
2022-12-02 11:30:00-05:00,46.75,46.959999084472656,46.7400016784668,46.90999984741211,38889,0.0,0.0,0.0
2022-12-02 12:30:00-05:00,46.900001525878906,46.90999984741211,46.81999969482422,46.849998474121094,29082,0.0,0.0,0.0
2022-12-02 13:30:00-05:00,46.86000061035156,46.880001068115234,46.7599983215332,46.83000183105469,16066,0.0,0.0,0.0
2022-12-02 14:30:00-05:00,46.79999923706055,47.02000045776367,46.79999923706055,46.959999084472656,11030,0.0,0.0,0.0
2022-12-02 15:30:00-05:00,46.970001220703125,46.989898681640625,46.88999938964844,46.900001525878906,33306,0.0,0.0,0.0
2022-12-05 09:30:00-05:00,46.849998474121094,46.970001220703125,46.56999969482422,46.70000076293945,33915,0.0,0.0,0.0
2022-12-05 10:30:00-05:00,46.709999084472656,46.810001373291016,46.630001068115234,46.65999984741211,25383,0.0,0.0,0.0
2022-12-05 11:30:00-05:00,46.665000915527344,46.66999816894531,46.459999084472656,46.58000183105469,56534,0.0,0.0,0.0
2022-12-05 12:30:00-05:00,46.58000183105469,46.58000183105469,46.46500015258789,46.5,74866,0.0,0.0,0.0
2022-12-05 13:30:00-05:00,46.5,46.540000915527344,46.369998931884766,46.38999938964844,25681,0.0,0.0,0.0
2022-12-05 14:30:00-05:00,46.380001068115234,46.439998626708984,46.31999969482422,46.36000061035156,30454,0.0,0.0,0.0
2022-12-05 15:30:00-05:00,46.375,46.5,46.36000061035156,46.45000076293945,65954,0.0,0.0,0.0
2022-12-06 09:30:00-05:00,46.459999084472656,46.529998779296875,46.20000076293945,46.2400016784668,38727,0.0,0.0,0.0
2022-12-06 10:30:00-05:00,46.2400016784668,46.470001220703125,46.130001068115234,46.38999938964844,44860,0.0,0.0,0.0
2022-12-06 11:30:00-05:00,46.400001525878906,46.43000030517578,46.150001525878906,46.20000076293945,83808,0.0,0.0,0.0
2022-12-06 12:30:00-05:00,46.20000076293945,46.220001220703125,45.97999954223633,46.0,35988,0.0,0.0,0.0
2022-12-06 13:30:00-05:00,46.0,46.119998931884766,45.9900016784668,46.06999969482422,28425,0.0,0.0,0.0
2022-12-06 14:30:00-05:00,46.08000183105469,46.13999938964844,46.0099983215332,46.08000183105469,58557,0.0,0.0,0.0
2022-12-06 15:30:00-05:00,46.095001220703125,46.189998626708984,46.09000015258789,46.189998626708984,60579,0.0,0.0,0.0
2022-12-07 09:30:00-05:00,46.18000030517578,46.36000061035156,46.0099983215332,46.31999969482422,32893,0.0,0.0,0.0
2022-12-07 10:30:00-05:00,46.380001068115234,46.3911018371582,46.040000915527344,46.040000915527344,127127,0.0,0.0,0.0
2022-12-07 11:30:00-05:00,46.02000045776367,46.15999984741211,45.95000076293945,46.119998931884766,25790,0.0,0.0,0.0
2022-12-07 12:30:00-05:00,46.119998931884766,46.27000045776367,46.09000015258789,46.22999954223633,17935,0.0,0.0,0.0
2022-12-07 13:30:00-05:00,46.20000076293945,46.220001220703125,46.060001373291016,46.15999984741211,41381,0.0,0.0,0.0
2022-12-07 14:30:00-05:00,46.150001525878906,46.20000076293945,46.060001373291016,46.1150016784668,26804,0.0,0.0,0.0
2022-12-07 15:30:00-05:00,46.125,46.18000030517578,46.11000061035156,46.11000061035156,46557,0.0,0.0,0.0
2022-12-08 09:30:00-05:00,45.97999954223633,46.20000076293945,45.869998931884766,46.189998626708984,62718,0.0,0.0,0.0
2022-12-08 10:30:00-05:00,46.18000030517578,46.209999084472656,46.060001373291016,46.150001525878906,36939,0.0,0.0,0.0
2022-12-08 11:30:00-05:00,46.154998779296875,46.220001220703125,46.11000061035156,46.130001068115234,29815,0.0,0.0,0.0
2022-12-08 12:30:00-05:00,46.130001068115234,46.2400016784668,46.119998931884766,46.2400016784668,27586,0.0,0.0,0.0
2022-12-08 13:30:00-05:00,46.25,46.31999969482422,46.130001068115234,46.189998626708984,24373,0.0,0.0,0.0
2022-12-08 14:30:00-05:00,46.20000076293945,46.2400016784668,46.150001525878906,46.23500061035156,15999,0.0,0.0,0.0
2022-12-08 15:30:00-05:00,46.25,46.25,46.15999984741211,46.22999954223633,27068,0.0,0.0,0.0
2022-12-09 09:30:00-05:00,46.279998779296875,46.474998474121094,46.26499938964844,46.31999969482422,51423,0.0,0.0,0.0
2022-12-09 10:30:00-05:00,46.349998474121094,46.47999954223633,46.310001373291016,46.47999954223633,55288,0.0,0.0,0.0
2022-12-09 11:30:00-05:00,46.470001220703125,46.56999969482422,46.439998626708984,46.439998626708984,40912,0.0,0.0,0.0
2022-12-09 12:30:00-05:00,46.45000076293945,46.47999954223633,46.38999938964844,46.40999984741211,23938,0.0,0.0,0.0
2022-12-09 13:30:00-05:00,46.40999984741211,46.45000076293945,46.380001068115234,46.45000076293945,62487,0.0,0.0,0.0
2022-12-09 14:30:00-05:00,46.43000030517578,46.459999084472656,46.369998931884766,46.369998931884766,11137,0.0,0.0,0.0
2022-12-09 15:30:00-05:00,46.369998931884766,46.369998931884766,46.209999084472656,46.25,24266,0.0,0.0,0.0
2022-12-12 09:30:00-05:00,46.20000076293945,46.29999923706055,46.18000030517578,46.2400016784668,15672,0.0,0.0,0.0
2022-12-12 10:30:00-05:00,46.220001220703125,46.2400016784668,46.130001068115234,46.20000076293945,34445,0.0,0.0,0.0
2022-12-12 11:30:00-05:00,46.189998626708984,46.2599983215332,46.18000030517578,46.20000076293945,14231,0.0,0.0,0.0
2022-12-12 12:30:00-05:00,46.189998626708984,46.2400016784668,46.1349983215332,46.150001525878906,23630,0.0,0.0,0.0
2022-12-12 13:30:00-05:00,46.150001525878906,46.20000076293945,46.130001068115234,46.18000030517578,17723,0.0,0.0,0.0
2022-12-12 14:30:00-05:00,46.16999816894531,46.3650016784668,46.150001525878906,46.34109878540039,32715,0.0,0.0,0.0
2022-12-12 15:30:00-05:00,46.36000061035156,46.38999938964844,46.334999084472656,46.380001068115234,53530,0.0,0.0,0.0
2022-12-13 09:30:00-05:00,47.439998626708984,47.56999969482422,47.18000030517578,47.22999954223633,50031,0.0,0.0,0.0
2022-12-13 10:30:00-05:00,47.220001220703125,47.279998779296875,46.939998626708984,47.060001373291016,38315,0.0,0.0,0.0
2022-12-13 11:30:00-05:00,47.09000015258789,47.13999938964844,46.77000045776367,46.79999923706055,46468,0.0,0.0,0.0
2022-12-13 12:30:00-05:00,46.790000915527344,46.900001525878906,46.650001525878906,46.869998931884766,49076,0.0,0.0,0.0
2022-12-13 13:30:00-05:00,46.880001068115234,46.90999984741211,46.77000045776367,46.869998931884766,31731,0.0,0.0,0.0
2022-12-13 14:30:00-05:00,46.869998931884766,47.00299835205078,46.77000045776367,46.91999816894531,32608,0.0,0.0,0.0
2022-12-13 15:30:00-05:00,46.93000030517578,46.97999954223633,46.84000015258789,46.84000015258789,35895,0.0,0.0,0.0
2022-12-14 09:30:00-05:00,46.90999984741211,47.04999923706055,46.90999984741211,47.040000915527344,18023,0.0,0.0,0.0
2022-12-14 10:30:00-05:00,47.022499084472656,47.130001068115234,47.0,47.119998931884766,19874,0.0,0.0,0.0
2022-12-14 11:30:00-05:00,47.11000061035156,47.15999984741211,47.040000915527344,47.09000015258789,26299,0.0,0.0,0.0
2022-12-14 12:30:00-05:00,47.09000015258789,47.15999984741211,47.06999969482422,47.15999984741211,10831,0.0,0.0,0.0
2022-12-14 13:30:00-05:00,47.15999984741211,47.279998779296875,46.7400016784668,46.939998626708984,41751,0.0,0.0,0.0
2022-12-14 14:30:00-05:00,46.900001525878906,47.25,46.63999938964844,46.88999938964844,109656,0.0,0.0,0.0
2022-12-14 15:30:00-05:00,46.880001068115234,47.040000915527344,46.83000183105469,46.88999938964844,58645,0.0,0.0,0.0
2022-12-15 09:30:00-05:00,46.290000915527344,46.310001373291016,45.81999969482422,45.8650016784668,38515,0.0,0.0,0.0
2022-12-15 10:30:00-05:00,45.83000183105469,45.959999084472656,45.66999816894531,45.709999084472656,26925,0.0,0.0,0.0
2022-12-15 11:30:00-05:00,45.720001220703125,45.75,45.61000061035156,45.650001525878906,23931,0.0,0.0,0.0
2022-12-15 12:30:00-05:00,45.66999816894531,45.709999084472656,45.47999954223633,45.58000183105469,21264,0.0,0.0,0.0
2022-12-15 13:30:00-05:00,45.56999969482422,45.63999938964844,45.54999923706055,45.619998931884766,81439,0.0,0.0,0.0
2022-12-15 14:30:00-05:00,45.630001068115234,45.7400016784668,45.619998931884766,45.67499923706055,32968,0.0,0.0,0.0
2022-12-15 15:30:00-05:00,45.689998626708984,45.70500183105469,45.619998931884766,45.619998931884766,23701,0.0,0.0,0.0
2022-12-16 09:30:00-05:00,45.11000061035156,45.349998474121094,44.974998474121094,44.974998474121094,46092,0.0,0.0,0.0
2022-12-16 10:30:00-05:00,44.970001220703125,45.13999938964844,44.90010070800781,45.0099983215332,108536,0.0,0.0,0.0
2022-12-16 11:30:00-05:00,45.0099983215332,45.06999969482422,44.959999084472656,45.029998779296875,151232,0.0,0.0,0.0
2022-12-16 12:30:00-05:00,45.040000915527344,45.11000061035156,44.97999954223633,44.9900016784668,45136,0.0,0.0,0.0
2022-12-16 13:30:00-05:00,44.9900016784668,45.06999969482422,44.97999954223633,45.029998779296875,12703,0.0,0.0,0.0
2022-12-16 14:30:00-05:00,45.0,45.15999984741211,44.98809814453125,45.149898529052734,14011,0.0,0.0,0.0
2022-12-16 15:30:00-05:00,45.16999816894531,45.21500015258789,45.099998474121094,45.11000061035156,54713,0.0,0.0,0.0
2022-12-19 09:30:00-05:00,45.2400016784668,45.349998474121094,45.20000076293945,45.33000183105469,36082,0.0,0.0,0.0
2022-12-19 10:30:00-05:00,45.310001373291016,45.31999969482422,45.04999923706055,45.189998626708984,31131,0.0,0.0,0.0
2022-12-19 11:30:00-05:00,45.209999084472656,45.2401008605957,45.119998931884766,45.209999084472656,18290,0.0,0.0,0.0
2022-12-19 12:30:00-05:00,45.209999084472656,45.25,45.189998626708984,45.189998626708984,12641,0.0,0.0,0.0
2022-12-19 13:30:00-05:00,45.189998626708984,45.189998626708984,44.97999954223633,44.97999954223633,19423,0.0,0.0,0.0
2022-12-19 14:30:00-05:00,44.97999954223633,45.029998779296875,44.93000030517578,44.970001220703125,33031,0.0,0.0,0.0
2022-12-19 15:30:00-05:00,44.97999954223633,45.060001373291016,44.970001220703125,45.040000915527344,16642,0.0,0.0,0.0
2022-12-20 09:30:00-05:00,45.0,45.27000045776367,44.98910140991211,45.25,39227,0.0,0.0,0.0
2022-12-20 10:30:00-05:00,45.27000045776367,45.310001373291016,45.0099983215332,45.029998779296875,20567,0.0,0.0,0.0
2022-12-20 11:30:00-05:00,45.04999923706055,45.189998626708984,45.04999923706055,45.13999938964844,21645,0.0,0.0,0.0
2022-12-20 12:30:00-05:00,45.130001068115234,45.16999816894531,45.08000183105469,45.149898529052734,29383,0.0,0.0,0.0
2022-12-20 13:30:00-05:00,45.15999984741211,45.209999084472656,45.130001068115234,45.17499923706055,22209,0.0,0.0,0.0
2022-12-20 14:30:00-05:00,45.16999816894531,45.18040084838867,45.11000061035156,45.16999816894531,31149,0.0,0.0,0.0
2022-12-20 15:30:00-05:00,45.15999984741211,45.220001220703125,45.119998931884766,45.130001068115234,45187,0.0,0.0,0.0
2022-12-21 09:30:00-05:00,45.439998626708984,45.689998626708984,45.439998626708984,45.689998626708984,30355,0.0,0.0,0.0
2022-12-21 10:30:00-05:00,45.689998626708984,45.81999969482422,45.689998626708984,45.75,30551,0.0,0.0,0.0
2022-12-21 11:30:00-05:00,45.75,45.779998779296875,45.630001068115234,45.66999816894531,33471,0.0,0.0,0.0
2022-12-21 12:30:00-05:00,45.66999816894531,45.77000045776367,45.66999816894531,45.70000076293945,27621,0.0,0.0,0.0
2022-12-21 13:30:00-05:00,45.709999084472656,45.87590026855469,45.709999084472656,45.810001373291016,17334,0.0,0.0,0.0
2022-12-21 14:30:00-05:00,45.81010055541992,45.84000015258789,45.75,45.7599983215332,17406,0.0,0.0,0.0
2022-12-21 15:30:00-05:00,45.7599983215332,45.790000915527344,45.72999954223633,45.72999954223633,50100,0.0,0.0,0.0
2022-12-22 09:30:00-05:00,45.529998779296875,45.560001373291016,45.22999954223633,45.27000045776367,67271,0.0,0.0,0.0
2022-12-22 10:30:00-05:00,45.2599983215332,45.290000915527344,45.209999084472656,45.22999954223633,57998,0.0,0.0,0.0
2022-12-22 11:30:00-05:00,45.22999954223633,45.255001068115234,45.04999923706055,45.04999923706055,47129,0.0,0.0,0.0
2022-12-22 12:30:00-05:00,45.060001373291016,45.064998626708984,44.95000076293945,44.95000076293945,46633,0.0,0.0,0.0
2022-12-22 13:30:00-05:00,44.95000076293945,45.04999923706055,44.915000915527344,45.040000915527344,49337,0.0,0.0,0.0
2022-12-22 14:30:00-05:00,45.040000915527344,45.310001373291016,45.029998779296875,45.29999923706055,47024,0.0,0.0,0.0
2022-12-22 15:30:00-05:00,45.29999923706055,45.33000183105469,45.20000076293945,45.31999969482422,82315,0.0,0.0,0.0
2022-12-23 09:30:00-05:00,45.16999816894531,45.41999816894531,45.119998931884766,45.38999938964844,34948,0.0,0.0,0.0
2022-12-23 10:30:00-05:00,45.41999816894531,45.529998779296875,45.31999969482422,45.36000061035156,29069,0.0,0.0,0.0
2022-12-23 11:30:00-05:00,45.36000061035156,45.43000030517578,45.349998474121094,45.41999816894531,30151,0.0,0.0,0.0
2022-12-23 12:30:00-05:00,45.40999984741211,45.45000076293945,45.33000183105469,45.349998474121094,10864,0.0,0.0,0.0
2022-12-23 13:30:00-05:00,45.36000061035156,45.36000061035156,45.27000045776367,45.33000183105469,20387,0.0,0.0,0.0
2022-12-23 14:30:00-05:00,45.34000015258789,45.43000030517578,45.31999969482422,45.369998931884766,43707,0.0,0.0,0.0
2022-12-23 15:30:00-05:00,45.36000061035156,45.470001220703125,45.34000015258789,45.470001220703125,43780,0.0,0.0,0.0
2022-12-27 09:30:00-05:00,45.560001373291016,45.70000076293945,45.470001220703125,45.66999816894531,23067,0.0,0.0,0.0
2022-12-27 10:30:00-05:00,45.66999816894531,45.711700439453125,45.599998474121094,45.630001068115234,21108,0.0,0.0,0.0
2022-12-27 11:30:00-05:00,45.630001068115234,45.678001403808594,45.599998474121094,45.61000061035156,20950,0.0,0.0,0.0
2022-12-27 12:30:00-05:00,45.599998474121094,45.619998931884766,45.54999923706055,45.61000061035156,27666,0.0,0.0,0.0
2022-12-27 13:30:00-05:00,45.599998474121094,45.650001525878906,45.54999923706055,45.54999923706055,13907,0.0,0.0,0.0
2022-12-27 14:30:00-05:00,45.54999923706055,45.6150016784668,45.5099983215332,45.61000061035156,28077,0.0,0.0,0.0
2022-12-27 15:30:00-05:00,45.6150016784668,45.63999938964844,45.54999923706055,45.58000183105469,26825,0.0,0.0,0.0
2022-12-28 09:30:00-05:00,45.70000076293945,45.849998474121094,45.5,45.5099983215332,34473,0.0,0.0,0.0
2022-12-28 10:30:00-05:00,45.5099983215332,45.529998779296875,45.31999969482422,45.36000061035156,43565,0.0,0.0,0.0
2022-12-28 11:30:00-05:00,45.369998931884766,45.380001068115234,45.2599983215332,45.31999969482422,33626,0.0,0.0,0.0
2022-12-28 12:30:00-05:00,45.33000183105469,45.5,45.314998626708984,45.41999816894531,9240,0.0,0.0,0.0
2022-12-28 13:30:00-05:00,45.43000030517578,45.43000030517578,45.29499816894531,45.31999969482422,14099,0.0,0.0,0.0
2022-12-28 14:30:00-05:00,45.310001373291016,45.36000061035156,45.18000030517578,45.20000076293945,26779,0.0,0.0,0.0
2022-12-28 15:30:00-05:00,45.20000076293945,45.209999084472656,45.150001525878906,45.150001525878906,33058,0.0,0.0,0.0
2022-12-29 09:30:00-05:00,45.650001525878906,45.790000915527344,45.6327018737793,45.72999954223633,27231,0.0,0.0,0.0
2022-12-29 10:30:00-05:00,45.72999954223633,45.869998931884766,45.72999954223633,45.83000183105469,74440,0.0,0.0,0.0
2022-12-29 11:30:00-05:00,45.84000015258789,45.959999084472656,45.84000015258789,45.88999938964844,26727,0.0,0.0,0.0
2022-12-29 12:30:00-05:00,45.88999938964844,45.970001220703125,45.8650016784668,45.90999984741211,54915,0.0,0.0,0.0
2022-12-29 13:30:00-05:00,45.900001525878906,45.94499969482422,45.900001525878906,45.900001525878906,18114,0.0,0.0,0.0
2022-12-29 14:30:00-05:00,45.900001525878906,45.93000030517578,45.83000183105469,45.8650016784668,29203,0.0,0.0,0.0
2022-12-29 15:30:00-05:00,45.849998474121094,45.869998931884766,45.814998626708984,45.81999969482422,37852,0.0,0.0,0.0
2022-12-30 09:30:00-05:00,45.560001373291016,45.70000076293945,45.459999084472656,45.47999954223633,18752,0.0,0.0,0.0
2022-12-30 10:30:00-05:00,45.459999084472656,45.529998779296875,45.290000915527344,45.290000915527344,36464,0.0,0.0,0.0
2022-12-30 11:30:00-05:00,45.290000915527344,45.404998779296875,45.290000915527344,45.400001525878906,31532,0.0,0.0,0.0
2022-12-30 12:30:00-05:00,45.400001525878906,45.459999084472656,45.279998779296875,45.310001373291016,25132,0.0,0.0,0.0
2022-12-30 13:30:00-05:00,45.31999969482422,45.36000061035156,45.25,45.279998779296875,22576,0.0,0.0,0.0
2022-12-30 14:30:00-05:00,45.279998779296875,45.38999938964844,45.27180099487305,45.36000061035156,18757,0.0,0.0,0.0
2022-12-30 15:30:00-05:00,45.36000061035156,45.47999954223633,45.310001373291016,45.310001373291016,37964,0.0,0.0,0.0
2023-01-03 09:30:00-05:00,46.02000045776367,46.2599983215332,45.810001373291016,45.84000015258789,278239,0.0,0.0,0.0
2023-01-03 10:30:00-05:00,45.84000015258789,46.040000915527344,45.790000915527344,45.849998474121094,39399,0.0,0.0,0.0
2023-01-03 11:30:00-05:00,45.86000061035156,45.86000061035156,45.689998626708984,45.755001068115234,77778,0.0,0.0,0.0
2023-01-03 12:30:00-05:00,45.75,45.86000061035156,45.65999984741211,45.86000061035156,36078,0.0,0.0,0.0
2023-01-03 13:30:00-05:00,45.86000061035156,45.8650016784668,45.779998779296875,45.790000915527344,30993,0.0,0.0,0.0
2023-01-03 14:30:00-05:00,45.79499816894531,45.95000076293945,45.72999954223633,45.875,57022,0.0,0.0,0.0
2023-01-03 15:30:00-05:00,45.880001068115234,45.93000030517578,45.869998931884766,45.93000030517578,68389,0.0,0.0,0.0
2023-01-04 09:30:00-05:00,46.75,46.86000061035156,46.45000076293945,46.64500045776367,75504,0.0,0.0,0.0
2023-01-04 10:30:00-05:00,46.65999984741211,46.779998779296875,46.58000183105469,46.779998779296875,38938,0.0,0.0,0.0
2023-01-04 11:30:00-05:00,46.790000915527344,46.91999816894531,46.790000915527344,46.880001068115234,39372,0.0,0.0,0.0
2023-01-04 12:30:00-05:00,46.88999938964844,46.95000076293945,46.810001373291016,46.849998474121094,35657,0.0,0.0,0.0
2023-01-04 13:30:00-05:00,46.849998474121094,46.880001068115234,46.625,46.63999938964844,48680,0.0,0.0,0.0
2023-01-04 14:30:00-05:00,46.63999938964844,46.86000061035156,46.63999938964844,46.810001373291016,97223,0.0,0.0,0.0
2023-01-04 15:30:00-05:00,46.80500030517578,46.849998474121094,46.689998626708984,46.849998474121094,84506,0.0,0.0,0.0
2023-01-05 09:30:00-05:00,46.41999816894531,46.599998474121094,46.400001525878906,46.45000076293945,0,0.0,0.0,0.0
2023-01-05 10:30:00-05:00,46.41999816894531,46.459999084472656,46.34000015258789,46.38999938964844,20389,0.0,0.0,0.0
2023-01-05 11:30:00-05:00,46.400001525878906,46.470001220703125,46.349998474121094,46.439998626708984,22358,0.0,0.0,0.0
2023-01-05 12:30:00-05:00,46.439998626708984,46.560001373291016,46.40999984741211,46.52000045776367,29007,0.0,0.0,0.0
2023-01-05 13:30:00-05:00,46.509300231933594,46.54999923706055,46.459999084472656,46.459999084472656,21949,0.0,0.0,0.0
2023-01-05 14:30:00-05:00,46.470001220703125,46.55500030517578,46.41999816894531,46.45000076293945,139295,0.0,0.0,0.0
2023-01-05 15:30:00-05:00,46.45000076293945,46.5,46.439998626708984,46.470001220703125,163889,0.0,0.0,0.0
2023-01-06 09:30:00-05:00,46.650001525878906,47.0099983215332,46.38999938964844,46.97999954223633,67245,0.0,0.0,0.0
2023-01-06 10:30:00-05:00,46.959999084472656,47.31999969482422,46.959999084472656,47.27000045776367,28643,0.0,0.0,0.0
2023-01-06 11:30:00-05:00,47.279998779296875,47.41999816894531,47.2599983215332,47.369998931884766,12916,0.0,0.0,0.0
2023-01-06 12:30:00-05:00,47.380001068115234,47.459999084472656,47.35499954223633,47.45000076293945,27555,0.0,0.0,0.0
2023-01-06 13:30:00-05:00,47.470001220703125,47.630001068115234,47.459999084472656,47.599998474121094,76869,0.0,0.0,0.0
2023-01-06 14:30:00-05:00,47.599998474121094,47.67499923706055,47.595001220703125,47.63999938964844,68025,0.0,0.0,0.0
2023-01-06 15:30:00-05:00,47.63999938964844,47.68000030517578,47.61000061035156,47.650001525878906,35911,0.0,0.0,0.0
2023-01-09 09:30:00-05:00,48.150001525878906,48.36000061035156,48.04999923706055,48.345001220703125,469937,0.0,0.0,0.0
2023-01-09 10:30:00-05:00,48.349998474121094,48.459999084472656,48.349998474121094,48.41999816894531,43009,0.0,0.0,0.0
2023-01-09 11:30:00-05:00,48.41999816894531,48.41999816894531,48.2599983215332,48.27000045776367,1465362,0.0,0.0,0.0
2023-01-09 12:30:00-05:00,48.27000045776367,48.290000915527344,48.220001220703125,48.2400016784668,30288,0.0,0.0,0.0
2023-01-09 13:30:00-05:00,48.2599983215332,48.27000045776367,48.099998474121094,48.21500015258789,56602,0.0,0.0,0.0
2023-01-09 14:30:00-05:00,48.209999084472656,48.22999954223633,48.04999923706055,48.06999969482422,87128,0.0,0.0,0.0
2023-01-09 15:30:00-05:00,48.06999969482422,48.06999969482422,47.9900016784668,48.0,78897,0.0,0.0,0.0
2023-01-10 09:30:00-05:00,47.91999816894531,48.119998931884766,47.91999816894531,48.025001525878906,141403,0.0,0.0,0.0
2023-01-10 10:30:00-05:00,48.025001525878906,48.09000015258789,47.90999984741211,48.02000045776367,54978,0.0,0.0,0.0
2023-01-10 11:30:00-05:00,48.029998779296875,48.099998474121094,47.97999954223633,48.08000183105469,2240128,0.0,0.0,0.0
2023-01-10 12:30:00-05:00,48.08000183105469,48.130001068115234,48.04999923706055,48.09000015258789,63369,0.0,0.0,0.0
2023-01-10 13:30:00-05:00,48.08000183105469,48.18000030517578,48.08000183105469,48.18000030517578,14750,0.0,0.0,0.0
2023-01-10 14:30:00-05:00,48.18000030517578,48.189998626708984,48.130001068115234,48.160099029541016,30939,0.0,0.0,0.0
2023-01-10 15:30:00-05:00,48.15999984741211,48.20500183105469,48.14500045776367,48.189998626708984,59416,0.0,0.0,0.0
2023-01-11 09:30:00-05:00,48.439998626708984,48.5,48.29999923706055,48.44499969482422,96454,0.0,0.0,0.0
2023-01-11 10:30:00-05:00,48.44499969482422,48.45000076293945,48.22999954223633,48.2599983215332,88257,0.0,0.0,0.0
2023-01-11 11:30:00-05:00,48.25,48.31999969482422,48.25,48.279998779296875,61302,0.0,0.0,0.0
2023-01-11 12:30:00-05:00,48.279998779296875,48.439998626708984,48.2599983215332,48.33000183105469,94885,0.0,0.0,0.0
2023-01-11 13:30:00-05:00,48.33000183105469,48.38999938964844,48.32500076293945,48.3650016784668,39875,0.0,0.0,0.0
2023-01-11 14:30:00-05:00,48.3650016784668,48.48910140991211,48.3650016784668,48.470001220703125,81533,0.0,0.0,0.0
2023-01-11 15:30:00-05:00,48.470001220703125,48.540000915527344,48.45000076293945,48.540000915527344,127081,0.0,0.0,0.0
2023-01-12 09:30:00-05:00,48.810001373291016,48.810001373291016,48.33000183105469,48.75,48645,0.0,0.0,0.0
2023-01-12 10:30:00-05:00,48.75,48.900001525878906,48.70000076293945,48.849998474121094,35572,0.0,0.0,0.0
2023-01-12 11:30:00-05:00,48.86000061035156,49.0,48.7599983215332,49.0,91567,0.0,0.0,0.0
2023-01-12 12:30:00-05:00,48.994998931884766,49.13999938964844,48.939998626708984,48.959999084472656,137519,0.0,0.0,0.0
2023-01-12 13:30:00-05:00,48.959999084472656,49.119998931884766,48.939998626708984,49.0,142642,0.0,0.0,0.0
2023-01-12 14:30:00-05:00,48.97999954223633,49.04999923706055,48.939998626708984,48.98099899291992,158206,0.0,0.0,0.0
2023-01-12 15:30:00-05:00,48.974998474121094,49.0099983215332,48.91999816894531,48.9900016784668,167563,0.0,0.0,0.0
2023-01-13 09:30:00-05:00,48.75,49.14500045776367,48.75,49.11000061035156,403606,0.0,0.0,0.0
2023-01-13 10:30:00-05:00,49.11000061035156,49.150001525878906,48.97999954223633,49.040000915527344,40121,0.0,0.0,0.0
2023-01-13 11:30:00-05:00,49.040000915527344,49.10129928588867,48.939998626708984,49.099998474121094,23472,0.0,0.0,0.0
2023-01-13 12:30:00-05:00,49.09000015258789,49.148399353027344,49.06999969482422,49.09000015258789,28551,0.0,0.0,0.0
2023-01-13 13:30:00-05:00,49.11000061035156,49.209999084472656,49.10660171508789,49.189998626708984,17940,0.0,0.0,0.0
2023-01-13 14:30:00-05:00,49.20000076293945,49.22999954223633,49.150001525878906,49.22999954223633,22103,0.0,0.0,0.0
2023-01-13 15:30:00-05:00,49.25,49.29999923706055,49.24100112915039,49.290000915527344,36032,0.0,0.0,0.0
2023-01-17 09:30:00-05:00,49.41999816894531,49.68000030517578,49.41999816894531,49.439998626708984,44737,0.0,0.0,0.0
2023-01-17 10:30:00-05:00,49.45000076293945,49.45000076293945,49.27000045776367,49.369998931884766,45852,0.0,0.0,0.0
2023-01-17 11:30:00-05:00,49.3650016784668,49.43000030517578,49.310001373291016,49.31999969482422,46345,0.0,0.0,0.0
2023-01-17 12:30:00-05:00,49.31999969482422,49.39500045776367,49.310001373291016,49.367698669433594,37648,0.0,0.0,0.0
2023-01-17 13:30:00-05:00,49.380001068115234,49.42499923706055,49.349998474121094,49.40999984741211,50155,0.0,0.0,0.0
2023-01-17 14:30:00-05:00,49.41999816894531,49.46500015258789,49.380001068115234,49.404998779296875,130808,0.0,0.0,0.0
2023-01-17 15:30:00-05:00,49.404998779296875,49.439998626708984,49.380001068115234,49.439998626708984,83301,0.0,0.0,0.0
2023-01-18 09:30:00-05:00,50.029998779296875,50.08000183105469,49.81999969482422,49.849998474121094,72403,0.0,0.0,0.0
2023-01-18 10:30:00-05:00,49.849998474121094,49.869998931884766,49.54999923706055,49.599998474121094,31230,0.0,0.0,0.0
2023-01-18 11:30:00-05:00,49.599998474121094,49.599998474121094,49.34000015258789,49.34000015258789,18122,0.0,0.0,0.0
2023-01-18 12:30:00-05:00,49.349998474121094,49.38999938964844,49.29999923706055,49.34000015258789,24239,0.0,0.0,0.0
2023-01-18 13:30:00-05:00,49.349998474121094,49.400001525878906,49.290000915527344,49.369998931884766,40993,0.0,0.0,0.0
2023-01-18 14:30:00-05:00,49.380001068115234,49.3849983215332,49.310001373291016,49.34000015258789,31678,0.0,0.0,0.0
2023-01-18 15:30:00-05:00,49.3484992980957,49.3484992980957,49.20500183105469,49.25,48551,0.0,0.0,0.0
2023-01-19 09:30:00-05:00,48.959999084472656,49.05500030517578,48.86000061035156,48.97999954223633,28142,0.0,0.0,0.0
2023-01-19 10:30:00-05:00,48.97249984741211,48.97249984741211,48.810001373291016,48.81999969482422,25791,0.0,0.0,0.0
2023-01-19 11:30:00-05:00,48.810001373291016,48.9900016784668,48.7599983215332,48.880001068115234,17152,0.0,0.0,0.0
2023-01-19 12:30:00-05:00,48.880001068115234,48.970001220703125,48.81999969482422,48.959999084472656,55514,0.0,0.0,0.0
2023-01-19 13:30:00-05:00,48.97999954223633,49.11000061035156,48.97999954223633,49.099998474121094,52446,0.0,0.0,0.0
2023-01-19 14:30:00-05:00,49.09000015258789,49.13999938964844,49.09000015258789,49.130001068115234,27873,0.0,0.0,0.0
2023-01-19 15:30:00-05:00,49.130001068115234,49.13999938964844,49.060001373291016,49.09000015258789,182302,0.0,0.0,0.0
2023-01-20 09:30:00-05:00,48.97999954223633,49.13999938964844,48.91999816894531,49.13999938964844,30400,0.0,0.0,0.0
2023-01-20 10:30:00-05:00,49.16999816894531,49.18000030517578,49.060001373291016,49.15999984741211,18279,0.0,0.0,0.0
2023-01-20 11:30:00-05:00,49.16999816894531,49.18000030517578,49.06999969482422,49.15999984741211,47121,0.0,0.0,0.0
2023-01-20 12:30:00-05:00,49.150001525878906,49.209999084472656,49.06999969482422,49.119998931884766,43934,0.0,0.0,0.0
2023-01-20 13:30:00-05:00,49.130001068115234,49.310001373291016,49.130001068115234,49.302101135253906,50549,0.0,0.0,0.0
2023-01-20 14:30:00-05:00,49.33000183105469,49.41999816894531,49.292999267578125,49.369998931884766,27982,0.0,0.0,0.0
2023-01-20 15:30:00-05:00,49.380001068115234,49.45000076293945,49.349998474121094,49.439998626708984,63994,0.0,0.0,0.0
2023-01-23 09:30:00-05:00,49.279998779296875,49.45000076293945,49.279998779296875,49.439998626708984,68596,0.0,0.0,0.0
2023-01-23 10:30:00-05:00,49.47999954223633,49.61220169067383,49.45000076293945,49.560001373291016,20373,0.0,0.0,0.0
2023-01-23 11:30:00-05:00,49.54999923706055,49.54999923706055,49.470001220703125,49.5099983215332,14878,0.0,0.0,0.0
2023-01-23 12:30:00-05:00,49.5,49.60210037231445,49.5,49.599998474121094,18818,0.0,0.0,0.0
2023-01-23 13:30:00-05:00,49.630001068115234,49.689998626708984,49.59000015258789,49.59000015258789,12544,0.0,0.0,0.0
2023-01-23 14:30:00-05:00,49.600101470947266,49.600101470947266,49.43000030517578,49.540000915527344,40334,0.0,0.0,0.0
2023-01-23 15:30:00-05:00,49.560001373291016,49.66999816894531,49.52000045776367,49.66999816894531,35631,0.0,0.0,0.0
2023-01-24 09:30:00-05:00,49.25,49.369998931884766,49.150001525878906,49.33000183105469,32527,0.0,0.0,0.0
2023-01-24 10:30:00-05:00,49.36000061035156,49.54999923706055,49.29999923706055,49.54999923706055,18729,0.0,0.0,0.0
2023-01-24 11:30:00-05:00,49.54999923706055,49.560001373291016,49.470001220703125,49.54999923706055,9367,0.0,0.0,0.0
2023-01-24 12:30:00-05:00,49.540000915527344,49.560001373291016,49.5,49.540000915527344,5603,0.0,0.0,0.0
2023-01-24 13:30:00-05:00,49.56999969482422,49.58399963378906,49.5,49.529998779296875,7717,0.0,0.0,0.0
2023-01-24 14:30:00-05:00,49.529998779296875,49.58000183105469,49.529998779296875,49.560001373291016,14828,0.0,0.0,0.0
2023-01-24 15:30:00-05:00,49.529998779296875,49.560001373291016,49.470001220703125,49.529998779296875,12806,0.0,0.0,0.0
2023-01-25 09:30:00-05:00,49.18000030517578,49.41999816894531,49.13999938964844,49.349998474121094,61964,0.0,0.0,0.0
2023-01-25 10:30:00-05:00,49.349998474121094,49.43000030517578,49.189998626708984,49.43000030517578,12900,0.0,0.0,0.0
2023-01-25 11:30:00-05:00,49.41999816894531,49.540000915527344,49.41999816894531,49.470001220703125,18619,0.0,0.0,0.0
2023-01-25 12:30:00-05:00,49.4900016784668,49.69419860839844,49.4900016784668,49.69419860839844,10029,0.0,0.0,0.0
2023-01-25 13:30:00-05:00,49.660099029541016,49.75,49.64910125732422,49.70000076293945,8937,0.0,0.0,0.0
2023-01-25 14:30:00-05:00,49.70000076293945,49.77000045776367,49.65999984741211,49.68000030517578,12855,0.0,0.0,0.0
2023-01-25 15:30:00-05:00,49.720001220703125,49.7400016784668,49.70000076293945,49.709999084472656,20753,0.0,0.0,0.0
2023-01-26 09:30:00-05:00,49.7599983215332,49.7599983215332,49.4900016784668,49.58000183105469,19287,0.0,0.0,0.0
2023-01-26 10:30:00-05:00,49.59000015258789,49.61000061035156,49.38999938964844,49.470001220703125,19391,0.0,0.0,0.0
2023-01-26 11:30:00-05:00,49.470001220703125,49.56999969482422,49.43000030517578,49.529998779296875,35150,0.0,0.0,0.0
2023-01-26 12:30:00-05:00,49.5,49.529998779296875,49.45000076293945,49.529998779296875,30709,0.0,0.0,0.0
2023-01-26 13:30:00-05:00,49.560001373291016,49.65999984741211,49.540000915527344,49.61000061035156,27028,0.0,0.0,0.0
2023-01-26 14:30:00-05:00,49.619998931884766,49.775001525878906,49.619998931884766,49.77000045776367,25530,0.0,0.0,0.0
2023-01-26 15:30:00-05:00,49.72999954223633,49.79999923706055,49.720001220703125,49.790000915527344,34743,0.0,0.0,0.0
2023-01-27 09:30:00-05:00,49.369998931884766,49.63999938964844,49.349998474121094,49.509300231933594,67484,0.0,0.0,0.0
2023-01-27 10:30:00-05:00,49.5,49.54999923706055,49.31999969482422,49.5099983215332,11456,0.0,0.0,0.0
2023-01-27 11:30:00-05:00,49.5099983215332,49.602699279785156,49.5099983215332,49.56990051269531,10614,0.0,0.0,0.0
2023-01-27 12:30:00-05:00,49.584999084472656,49.63999938964844,49.54999923706055,49.54999923706055,21267,0.0,0.0,0.0
2023-01-27 13:30:00-05:00,49.58380126953125,49.650001525878906,49.560001373291016,49.650001525878906,9516,0.0,0.0,0.0
2023-01-27 14:30:00-05:00,49.630001068115234,49.70000076293945,49.630001068115234,49.63999938964844,17583,0.0,0.0,0.0
2023-01-27 15:30:00-05:00,49.650001525878906,49.665000915527344,49.560001373291016,49.61000061035156,43284,0.0,0.0,0.0
2023-01-30 09:30:00-05:00,49.47999954223633,49.650001525878906,49.439998626708984,49.52000045776367,28394,0.0,0.0,0.0
2023-01-30 10:30:00-05:00,49.529998779296875,49.54999923706055,49.470001220703125,49.505001068115234,9648,0.0,0.0,0.0
2023-01-30 11:30:00-05:00,49.5,49.5,49.41999816894531,49.470001220703125,17227,0.0,0.0,0.0
2023-01-30 12:30:00-05:00,49.470001220703125,49.48500061035156,49.40010070800781,49.459999084472656,36858,0.0,0.0,0.0
2023-01-30 13:30:00-05:00,49.459999084472656,49.46500015258789,49.34000015258789,49.350799560546875,28474,0.0,0.0,0.0
2023-01-30 14:30:00-05:00,49.36000061035156,49.380001068115234,49.33000183105469,49.33000183105469,44833,0.0,0.0,0.0
2023-01-30 15:30:00-05:00,49.334999084472656,49.38999938964844,49.290000915527344,49.290000915527344,41276,0.0,0.0,0.0
2023-01-31 09:30:00-05:00,49.16999816894531,49.25,49.12990188598633,49.18000030517578,24401,0.0,0.0,0.0
2023-01-31 10:30:00-05:00,49.29499816894531,49.399898529052734,49.27000045776367,49.380001068115234,12411,0.0,0.0,0.0
2023-01-31 11:30:00-05:00,49.380001068115234,49.40999984741211,49.349998474121094,49.380001068115234,5427,0.0,0.0,0.0
2023-01-31 12:30:00-05:00,49.400001525878906,49.41999816894531,49.38999938964844,49.40999984741211,20691,0.0,0.0,0.0
2023-01-31 13:30:00-05:00,49.45000076293945,49.489898681640625,49.415000915527344,49.489898681640625,6487,0.0,0.0,0.0
2023-01-31 14:30:00-05:00,49.494998931884766,49.5099983215332,49.43000030517578,49.439998626708984,11150,0.0,0.0,0.0
2023-01-31 15:30:00-05:00,49.46500015258789,49.650001525878906,49.459999084472656,49.650001525878906,14923,0.0,0.0,0.0
2023-02-01 09:30:00-05:00,49.66999816894531,49.709999084472656,49.43000030517578,49.5,24126,0.0,0.0,0.0
2023-02-01 10:30:00-05:00,49.5099983215332,49.54999923706055,49.439998626708984,49.52000045776367,22902,0.0,0.0,0.0
2023-02-01 11:30:00-05:00,49.540000915527344,49.564998626708984,49.439998626708984,49.45000076293945,19931,0.0,0.0,0.0
2023-02-01 12:30:00-05:00,49.45000076293945,49.474998474121094,49.400001525878906,49.474998474121094,6017,0.0,0.0,0.0
2023-02-01 13:30:00-05:00,49.50400161743164,49.580101013183594,49.415000915527344,49.50400161743164,8996,0.0,0.0,0.0
2023-02-01 14:30:00-05:00,49.5,50.189998626708984,49.290000915527344,50.18280029296875,134172,0.0,0.0,0.0
2023-02-01 15:30:00-05:00,50.209999084472656,50.349998474121094,50.099998474121094,50.16999816894531,33967,0.0,0.0,0.0
2023-02-02 09:30:00-05:00,50.349998474121094,50.349998474121094,49.850101470947266,50.099998474121094,144867,0.0,0.0,0.0
2023-02-02 10:30:00-05:00,50.06999969482422,50.29999923706055,50.06990051269531,50.290000915527344,149716,0.0,0.0,0.0
2023-02-02 11:30:00-05:00,50.22999954223633,50.2400016784668,50.14979934692383,50.20009994506836,9647,0.0,0.0,0.0
2023-02-02 12:30:00-05:00,50.209999084472656,50.209999084472656,50.109901428222656,50.189998626708984,41930,0.0,0.0,0.0
2023-02-02 13:30:00-05:00,50.20000076293945,50.290000915527344,50.099998474121094,50.099998474121094,84793,0.0,0.0,0.0
2023-02-02 14:30:00-05:00,50.11000061035156,50.1150016784668,49.97999954223633,50.09000015258789,117090,0.0,0.0,0.0
2023-02-02 15:30:00-05:00,50.09000015258789,50.209999084472656,50.07500076293945,50.20500183105469,124441,0.0,0.0,0.0
2023-02-03 09:30:00-05:00,49.75,50.060001373291016,49.65999984741211,50.029998779296875,58103,0.0,0.0,0.0
2023-02-03 10:30:00-05:00,49.97999954223633,50.20000076293945,49.97999954223633,50.05500030517578,12316,0.0,0.0,0.0
2023-02-03 11:30:00-05:00,50.04499816894531,50.06800079345703,49.909000396728516,50.01499938964844,34163,0.0,0.0,0.0
2023-02-03 12:30:00-05:00,50.040000915527344,50.060001373291016,49.790000915527344,49.84000015258789,20720,0.0,0.0,0.0
2023-02-03 13:30:00-05:00,49.779998779296875,49.81999969482422,49.709999084472656,49.779998779296875,16623,0.0,0.0,0.0
2023-02-03 14:30:00-05:00,49.75,49.810001373291016,49.689998626708984,49.7599983215332,23991,0.0,0.0,0.0
2023-02-03 15:30:00-05:00,49.779998779296875,49.79999923706055,49.707298278808594,49.7599983215332,66580,0.0,0.0,0.0
2023-02-06 09:30:00-05:00,49.310001373291016,49.38410186767578,49.040000915527344,49.060001373291016,0,0.0,0.0,0.0
2023-02-06 10:30:00-05:00,49.029998779296875,49.19499969482422,49.025001525878906,49.189998626708984,28462,0.0,0.0,0.0
2023-02-06 11:30:00-05:00,49.19499969482422,49.20000076293945,49.09000015258789,49.099998474121094,13518,0.0,0.0,0.0
2023-02-06 12:30:00-05:00,49.10129928588867,49.15999984741211,49.08000183105469,49.1349983215332,10689,0.0,0.0,0.0
2023-02-06 13:30:00-05:00,49.13990020751953,49.290000915527344,49.13990020751953,49.2599983215332,14775,0.0,0.0,0.0
2023-02-06 14:30:00-05:00,49.2599983215332,49.2599983215332,49.18000030517578,49.18000030517578,15969,0.0,0.0,0.0
2023-02-06 15:30:00-05:00,49.16999816894531,49.27000045776367,49.13999938964844,49.27000045776367,26124,0.0,0.0,0.0
2023-02-07 09:30:00-05:00,49.0099983215332,49.029998779296875,48.88999938964844,48.90999984741211,0,0.0,0.0,0.0
2023-02-07 10:30:00-05:00,48.90760040283203,49.09000015258789,48.90760040283203,49.06999969482422,6806,0.0,0.0,0.0
2023-02-07 11:30:00-05:00,49.084999084472656,49.16999816894531,49.06999969482422,49.08000183105469,40441,0.0,0.0,0.0
2023-02-07 12:30:00-05:00,49.09000015258789,49.630001068115234,49.05059814453125,49.20000076293945,34121,0.0,0.0,0.0
2023-02-07 13:30:00-05:00,49.130001068115234,49.369998931884766,49.0098991394043,49.34000015258789,7562,0.0,0.0,0.0
2023-02-07 14:30:00-05:00,49.400001525878906,49.459999084472656,49.33000183105469,49.452598571777344,9564,0.0,0.0,0.0
2023-02-07 15:30:00-05:00,49.46500015258789,49.630001068115234,49.459999084472656,49.56999969482422,27694,0.0,0.0,0.0
2023-02-08 09:30:00-05:00,49.619998931884766,49.63999938964844,49.459999084472656,49.5,31493,0.0,0.0,0.0
2023-02-08 10:30:00-05:00,49.41999816894531,49.459999084472656,49.310001373291016,49.320098876953125,11599,0.0,0.0,0.0
2023-02-08 11:30:00-05:00,49.33000183105469,49.439998626708984,49.27000045776367,49.43000030517578,10953,0.0,0.0,0.0
2023-02-08 12:30:00-05:00,49.38999938964844,49.5,49.38999938964844,49.48500061035156,2004,0.0,0.0,0.0
2023-02-08 13:30:00-05:00,49.40010070800781,49.46039962768555,49.400001525878906,49.41999816894531,24592,0.0,0.0,0.0
2023-02-08 14:30:00-05:00,49.41999816894531,49.43000030517578,49.290000915527344,49.329898834228516,17098,0.0,0.0,0.0
2023-02-08 15:30:00-05:00,49.349998474121094,49.400001525878906,49.33000183105469,49.400001525878906,15721,0.0,0.0,0.0
2023-02-09 09:30:00-05:00,50.09000015258789,50.099998474121094,49.880001068115234,49.900001525878906,19252,0.0,0.0,0.0
2023-02-09 10:30:00-05:00,49.880001068115234,49.91999816894531,49.779998779296875,49.809898376464844,3457,0.0,0.0,0.0
2023-02-09 11:30:00-05:00,49.790000915527344,49.869998931884766,49.74530029296875,49.83000183105469,13875,0.0,0.0,0.0
2023-02-09 12:30:00-05:00,49.81999969482422,49.81999969482422,49.630001068115234,49.694000244140625,17395,0.0,0.0,0.0
2023-02-09 13:30:00-05:00,49.650901794433594,49.65999984741211,49.54999923706055,49.54999923706055,18559,0.0,0.0,0.0
2023-02-09 14:30:00-05:00,49.54999923706055,49.59000015258789,49.44499969482422,49.45000076293945,12169,0.0,0.0,0.0
2023-02-09 15:30:00-05:00,49.45000076293945,49.55289840698242,49.38999938964844,49.47999954223633,59213,0.0,0.0,0.0
2023-02-10 09:30:00-05:00,49.13999938964844,49.16999816894531,48.90999984741211,49.095001220703125,0,0.0,0.0,0.0
2023-02-10 10:30:00-05:00,49.07500076293945,49.10499954223633,48.8849983215332,48.974998474121094,11633,0.0,0.0,0.0
2023-02-10 11:30:00-05:00,48.97999954223633,49.0,48.875,48.915000915527344,4064,0.0,0.0,0.0
2023-02-10 12:30:00-05:00,48.93000030517578,49.07500076293945,48.93000030517578,49.04499816894531,2391,0.0,0.0,0.0
2023-02-10 13:30:00-05:00,49.04399871826172,49.060001373291016,48.970001220703125,48.9900016784668,11649,0.0,0.0,0.0
2023-02-10 14:30:00-05:00,49.0,49.060001373291016,49.0,49.060001373291016,4073,0.0,0.0,0.0
2023-02-10 15:30:00-05:00,49.06999969482422,49.119998931884766,49.060001373291016,49.09000015258789,78141,0.0,0.0,0.0
2023-02-13 09:30:00-05:00,49.33000183105469,49.54499816894531,49.29999923706055,49.53499984741211,0,0.0,0.0,0.0
2023-02-13 10:30:00-05:00,49.529998779296875,49.630001068115234,49.529998779296875,49.619998931884766,177728,0.0,0.0,0.0
2023-02-13 11:30:00-05:00,49.619998931884766,49.709999084472656,49.59000015258789,49.69200134277344,14428,0.0,0.0,0.0
2023-02-13 12:30:00-05:00,49.685001373291016,49.72999954223633,49.65999984741211,49.72999954223633,9998,0.0,0.0,0.0
2023-02-13 13:30:00-05:00,49.75,49.790000915527344,49.720001220703125,49.720001220703125,4441,0.0,0.0,0.0
2023-02-13 14:30:00-05:00,49.70000076293945,49.7400016784668,49.65999984741211,49.7400016784668,11369,0.0,0.0,0.0
2023-02-13 15:30:00-05:00,49.7400016784668,49.79499816894531,49.72890090942383,49.78860092163086,32657,0.0,0.0,0.0
2023-02-14 09:30:00-05:00,49.630001068115234,50.18000030517578,49.58000183105469,50.040000915527344,0,0.0,0.0,0.0
2023-02-14 10:30:00-05:00,50.06999969482422,50.06999969482422,49.63999938964844,49.70000076293945,7413,0.0,0.0,0.0
2023-02-14 11:30:00-05:00,49.70000076293945,49.77000045776367,49.54999923706055,49.77000045776367,19294,0.0,0.0,0.0
2023-02-14 12:30:00-05:00,49.77000045776367,49.9900016784668,49.75,49.93000030517578,12745,0.0,0.0,0.0
2023-02-14 13:30:00-05:00,49.939998626708984,49.95000076293945,49.84000015258789,49.90999984741211,8965,0.0,0.0,0.0
2023-02-14 14:30:00-05:00,49.95000076293945,50.0,49.93000030517578,49.980098724365234,33850,0.0,0.0,0.0
2023-02-14 15:30:00-05:00,50.0099983215332,50.06999969482422,49.970001220703125,50.0099983215332,25654,0.0,0.0,0.0
2023-02-15 09:30:00-05:00,49.599998474121094,49.69499969482422,49.529998779296875,49.63140106201172,15794,0.0,0.0,0.0
2023-02-15 10:30:00-05:00,49.6875,49.75,49.59989929199219,49.689998626708984,9373,0.0,0.0,0.0
2023-02-15 11:30:00-05:00,49.720001220703125,49.81999969482422,49.65999984741211,49.65999984741211,10488,0.0,0.0,0.0
2023-02-15 12:30:00-05:00,49.63999938964844,49.75,49.63999938964844,49.75,6258,0.0,0.0,0.0
2023-02-15 13:30:00-05:00,49.7599983215332,49.86000061035156,49.7599983215332,49.86000061035156,2426,0.0,0.0,0.0
2023-02-15 14:30:00-05:00,49.88990020751953,49.900001525878906,49.84000015258789,49.86000061035156,10887,0.0,0.0,0.0
2023-02-15 15:30:00-05:00,49.880001068115234,49.959999084472656,49.880001068115234,49.93000030517578,12862,0.0,0.0,0.0
2023-02-16 09:30:00-05:00,49.4900016784668,49.68000030517578,49.46500015258789,49.63999938964844,489779,0.0,0.0,0.0
2023-02-16 10:30:00-05:00,49.68000030517578,49.83000183105469,49.68000030517578,49.83000183105469,0,0.0,0.0,0.0
2023-02-16 11:30:00-05:00,49.84000015258789,49.88999938964844,49.77000045776367,49.88999938964844,504876,0.0,0.0,0.0
2023-02-16 12:30:00-05:00,49.900001525878906,49.95500183105469,49.849998474121094,49.849998474121094,12272,0.0,0.0,0.0
2023-02-16 13:30:00-05:00,49.86579895019531,49.970001220703125,49.86000061035156,49.95989990234375,14073,0.0,0.0,0.0
2023-02-16 14:30:00-05:00,49.939998626708984,49.959999084472656,49.689998626708984,49.689998626708984,46572,0.0,0.0,0.0
2023-02-16 15:30:00-05:00,49.68000030517578,49.689998626708984,49.56999969482422,49.58000183105469,411580,0.0,0.0,0.0
2023-02-17 09:30:00-05:00,49.45000076293945,49.790000915527344,49.400001525878906,49.650001525878906,59815,0.0,0.0,0.0
2023-02-17 10:30:00-05:00,49.66999816894531,49.810001373291016,49.59000015258789,49.591400146484375,133919,0.0,0.0,0.0
2023-02-17 11:30:00-05:00,49.595001220703125,49.810001373291016,49.55500030517578,49.79999923706055,49333,0.0,0.0,0.0
2023-02-17 12:30:00-05:00,49.779998779296875,49.779998779296875,49.68000030517578,49.7599983215332,4515,0.0,0.0,0.0
2023-02-17 13:30:00-05:00,49.75,49.88999938964844,49.7400016784668,49.88850021362305,24335,0.0,0.0,0.0
2023-02-17 14:30:00-05:00,49.880001068115234,49.95500183105469,49.849998474121094,49.88999938964844,11957,0.0,0.0,0.0
2023-02-17 15:30:00-05:00,49.92369842529297,49.95000076293945,49.880001068115234,49.88999938964844,31819,0.0,0.0,0.0
2023-02-21 09:30:00-05:00,49.560001373291016,49.650001525878906,49.41999816894531,49.529998779296875,39293,0.0,0.0,0.0
2023-02-21 10:30:00-05:00,49.59049987792969,49.75,49.541500091552734,49.541500091552734,18171,0.0,0.0,0.0
2023-02-21 11:30:00-05:00,49.54999923706055,49.56999969482422,49.5,49.5,8046,0.0,0.0,0.0
2023-02-21 12:30:00-05:00,49.5098991394043,49.56999969482422,49.442501068115234,49.442501068115234,5166,0.0,0.0,0.0
2023-02-21 13:30:00-05:00,49.41999816894531,49.41999816894531,49.314998626708984,49.31999969482422,6798,0.0,0.0,0.0
2023-02-21 14:30:00-05:00,49.349998474121094,49.43429946899414,49.349998474121094,49.400001525878906,58392,0.0,0.0,0.0
2023-02-21 15:30:00-05:00,49.40999984741211,49.439998626708984,49.34000015258789,49.34000015258789,18225,0.0,0.0,0.0
2023-02-22 09:30:00-05:00,49.22999954223633,49.349998474121094,49.06999969482422,49.22999954223633,0,0.0,0.0,0.0
2023-02-22 10:30:00-05:00,49.130001068115234,49.2599983215332,49.08000183105469,49.18000030517578,12350,0.0,0.0,0.0
2023-02-22 11:30:00-05:00,49.185001373291016,49.279998779296875,49.150001525878906,49.27000045776367,11150,0.0,0.0,0.0
2023-02-22 12:30:00-05:00,49.27000045776367,49.33000183105469,49.25,49.310001373291016,20021,0.0,0.0,0.0
2023-02-22 13:30:00-05:00,49.279998779296875,49.34000015258789,49.11000061035156,49.20000076293945,26578,0.0,0.0,0.0
2023-02-22 14:30:00-05:00,49.15999984741211,49.165000915527344,48.97999954223633,49.029998779296875,43610,0.0,0.0,0.0
2023-02-22 15:30:00-05:00,49.0099983215332,49.04999923706055,48.970001220703125,49.040000915527344,26632,0.0,0.0,0.0
2023-02-23 09:30:00-05:00,49.31999969482422,49.40999984741211,49.22999954223633,49.33000183105469,0,0.0,0.0,0.0
2023-02-23 10:30:00-05:00,49.22999954223633,49.269901275634766,49.06999969482422,49.06999969482422,9063,0.0,0.0,0.0
2023-02-23 11:30:00-05:00,49.07500076293945,49.09000015258789,48.899898529052734,48.959999084472656,13004,0.0,0.0,0.0
2023-02-23 12:30:00-05:00,48.939998626708984,49.029998779296875,48.93000030517578,49.0099983215332,13595,0.0,0.0,0.0
2023-02-23 13:30:00-05:00,48.9900016784668,49.20000076293945,48.9900016784668,49.20000076293945,6048,0.0,0.0,0.0
2023-02-23 14:30:00-05:00,49.209999084472656,49.334999084472656,49.209999084472656,49.334999084472656,7888,0.0,0.0,0.0
2023-02-23 15:30:00-05:00,49.33000183105469,49.35599899291992,49.29999923706055,49.34000015258789,13304,0.0,0.0,0.0
2023-02-24 09:30:00-05:00,48.47999954223633,48.56999969482422,48.310001373291016,48.380001068115234,24578,0.0,0.0,0.0
2023-02-24 10:30:00-05:00,48.359901428222656,48.47999954223633,48.29999923706055,48.459999084472656,20383,0.0,0.0,0.0
2023-02-24 11:30:00-05:00,48.45000076293945,48.45000076293945,48.27000045776367,48.36000061035156,27663,0.0,0.0,0.0
2023-02-24 12:30:00-05:00,48.380001068115234,48.400001525878906,48.2400016784668,48.369998931884766,15522,0.0,0.0,0.0
2023-02-24 13:30:00-05:00,48.349998474121094,48.41999816894531,48.310001373291016,48.400001525878906,28884,0.0,0.0,0.0
2023-02-24 14:30:00-05:00,48.400001525878906,48.47999954223633,48.345001220703125,48.470001220703125,20182,0.0,0.0,0.0
2023-02-24 15:30:00-05:00,48.439998626708984,48.470001220703125,48.380001068115234,48.439998626708984,24020,0.0,0.0,0.0
2023-02-27 09:30:00-05:00,49.099998474121094,49.25,49.0099983215332,49.2400016784668,22406,0.0,0.0,0.0
2023-02-27 10:30:00-05:00,49.20000076293945,49.20000076293945,49.02000045776367,49.040000915527344,9918,0.0,0.0,0.0
2023-02-27 11:30:00-05:00,49.02000045776367,49.084999084472656,48.95500183105469,49.06999969482422,32476,0.0,0.0,0.0
2023-02-27 12:30:00-05:00,49.11000061035156,49.18000030517578,49.11000061035156,49.154998779296875,13164,0.0,0.0,0.0
2023-02-27 13:30:00-05:00,49.154998779296875,49.22999954223633,49.1150016784668,49.18000030517578,51126,0.0,0.0,0.0
2023-02-27 14:30:00-05:00,49.17499923706055,49.189998626708984,49.08599853515625,49.11000061035156,43363,0.0,0.0,0.0
2023-02-27 15:30:00-05:00,49.119998931884766,49.13999938964844,49.060001373291016,49.130001068115234,44051,0.0,0.0,0.0
2023-02-28 09:30:00-05:00,49.029998779296875,49.11000061035156,48.900001525878906,49.029998779296875,0,0.0,0.0,0.0
2023-02-28 10:30:00-05:00,49.040000915527344,49.08000183105469,48.90999984741211,48.959999084472656,35020,0.0,0.0,0.0
2023-02-28 11:30:00-05:00,48.91999816894531,48.939998626708984,48.79999923706055,48.875,33755,0.0,0.0,0.0
2023-02-28 12:30:00-05:00,48.869998931884766,48.93000030517578,48.81560134887695,48.84000015258789,24087,0.0,0.0,0.0
2023-02-28 13:30:00-05:00,48.84000015258789,48.86000061035156,48.7400016784668,48.75,30450,0.0,0.0,0.0
2023-02-28 14:30:00-05:00,48.7400016784668,48.7599983215332,48.66999816894531,48.68000030517578,62458,0.0,0.0,0.0
2023-02-28 15:30:00-05:00,48.68000030517578,48.68000030517578,48.630001068115234,48.68000030517578,84052,0.0,0.0,0.0
2023-03-01 09:30:00-05:00,49.13999938964844,49.209999084472656,48.880001068115234,48.939998626708984,56186,0.0,0.0,0.0
2023-03-01 10:30:00-05:00,48.88999938964844,49.130001068115234,48.7599983215332,48.84000015258789,12781,0.0,0.0,0.0
2023-03-01 11:30:00-05:00,48.849998474121094,49.029998779296875,48.81999969482422,48.959999084472656,33493,0.0,0.0,0.0
2023-03-01 12:30:00-05:00,48.974998474121094,49.025001525878906,48.880001068115234,48.880001068115234,215279,0.0,0.0,0.0
2023-03-01 13:30:00-05:00,48.880001068115234,48.880001068115234,48.810001373291016,48.810001373291016,85868,0.0,0.0,0.0
2023-03-01 14:30:00-05:00,48.810001373291016,48.91999816894531,48.78499984741211,48.880001068115234,88461,0.0,0.0,0.0
2023-03-01 15:30:00-05:00,48.8849983215332,48.95000076293945,48.869998931884766,48.95000076293945,57224,0.0,0.0,0.0
2023-03-02 09:30:00-05:00,48.58000183105469,48.82500076293945,48.56999969482422,48.779998779296875,49926,0.0,0.0,0.0
2023-03-02 10:30:00-05:00,48.779998779296875,48.869998931884766,48.709999084472656,48.79999923706055,33580,0.0,0.0,0.0
2023-03-02 11:30:00-05:00,48.79999923706055,48.86000061035156,48.72999954223633,48.77000045776367,49277,0.0,0.0,0.0
2023-03-02 12:30:00-05:00,48.77000045776367,48.79999923706055,48.72999954223633,48.75,7289,0.0,0.0,0.0
2023-03-02 13:30:00-05:00,48.7400016784668,48.9900016784668,48.7400016784668,48.97999954223633,37190,0.0,0.0,0.0
2023-03-02 14:30:00-05:00,49.0,49.0099983215332,48.90999984741211,49.0,36612,0.0,0.0,0.0
2023-03-02 15:30:00-05:00,48.99760055541992,49.08000183105469,48.99760055541992,49.08000183105469,207458,0.0,0.0,0.0
2023-03-03 09:30:00-05:00,49.22999954223633,49.349998474121094,49.099998474121094,49.31999969482422,78780,0.0,0.0,0.0
2023-03-03 10:30:00-05:00,49.290000915527344,49.34000015258789,49.20000076293945,49.34000015258789,27661,0.0,0.0,0.0
2023-03-03 11:30:00-05:00,49.34000015258789,49.445899963378906,49.290000915527344,49.439998626708984,19369,0.0,0.0,0.0
2023-03-03 12:30:00-05:00,49.45000076293945,49.54999923706055,49.41999816894531,49.52000045776367,10220,0.0,0.0,0.0
2023-03-03 13:30:00-05:00,49.52000045776367,49.56999969482422,49.4900016784668,49.56999969482422,14064,0.0,0.0,0.0
2023-03-03 14:30:00-05:00,49.58000183105469,49.66999816894531,49.58000183105469,49.630001068115234,18496,0.0,0.0,0.0
2023-03-03 15:30:00-05:00,49.630001068115234,49.66999816894531,49.58000183105469,49.66999816894531,22095,0.0,0.0,0.0
2023-03-06 09:30:00-05:00,49.52000045776367,49.68000030517578,49.5,49.630001068115234,31432,0.0,0.0,0.0
2023-03-06 10:30:00-05:00,49.61000061035156,49.66999816894531,49.599998474121094,49.61000061035156,16260,0.0,0.0,0.0
2023-03-06 11:30:00-05:00,49.61000061035156,49.7400016784668,49.61000061035156,49.709999084472656,8280,0.0,0.0,0.0
2023-03-06 12:30:00-05:00,49.70000076293945,49.70000076293945,49.599998474121094,49.65119934082031,12960,0.0,0.0,0.0
2023-03-06 13:30:00-05:00,49.63999938964844,49.63999938964844,49.540000915527344,49.564998626708984,40108,0.0,0.0,0.0
2023-03-06 14:30:00-05:00,49.564998626708984,49.595001220703125,49.52000045776367,49.529998779296875,44501,0.0,0.0,0.0
2023-03-06 15:30:00-05:00,49.52000045776367,49.59000015258789,49.505001068115234,49.58000183105469,19777,0.0,0.0,0.0
2023-03-07 09:30:00-05:00,49.349998474121094,49.41999816894531,48.84000015258789,48.97999954223633,59875,0.0,0.0,0.0
2023-03-07 10:30:00-05:00,48.970001220703125,49.09000015258789,48.72999954223633,48.7400016784668,99076,0.0,0.0,0.0
2023-03-07 11:30:00-05:00,48.720001220703125,48.83000183105469,48.65999984741211,48.7599983215332,1185554,0.0,0.0,0.0
2023-03-07 12:30:00-05:00,48.7599983215332,48.775001525878906,48.58000183105469,48.584999084472656,573041,0.0,0.0,0.0
2023-03-07 13:30:00-05:00,48.59000015258789,48.619998931884766,48.49089813232422,48.505001068115234,658905,0.0,0.0,0.0
2023-03-07 14:30:00-05:00,48.505001068115234,48.55500030517578,48.43000030517578,48.505001068115234,494458,0.0,0.0,0.0
2023-03-07 15:30:00-05:00,48.505001068115234,48.58000183105469,48.5,48.52000045776367,373676,0.0,0.0,0.0
2023-03-08 09:30:00-05:00,48.5099983215332,48.70000076293945,48.43000030517578,48.63999938964844,0,0.0,0.0,0.0
2023-03-08 10:30:00-05:00,48.63999938964844,48.810001373291016,48.6150016784668,48.69499969482422,460352,0.0,0.0,0.0
2023-03-08 11:30:00-05:00,48.69499969482422,48.7400016784668,48.60499954223633,48.60499954223633,345789,0.0,0.0,0.0
2023-03-08 12:30:00-05:00,48.61000061035156,48.650001525878906,48.505001068115234,48.50600051879883,299159,0.0,0.0,0.0
2023-03-08 13:30:00-05:00,48.5,48.59000015258789,48.474998474121094,48.59000015258789,347716,0.0,0.0,0.0
2023-03-08 14:30:00-05:00,48.584999084472656,48.59000015258789,48.505001068115234,48.52000045776367,243458,0.0,0.0,0.0
2023-03-08 15:30:00-05:00,48.529998779296875,48.65999984741211,48.52000045776367,48.650001525878906,595438,0.0,0.0,0.0
2023-03-09 09:30:00-05:00,48.63999938964844,48.849998474121094,48.619998931884766,48.72999954223633,0,0.0,0.0,0.0
2023-03-09 10:30:00-05:00,48.7400016784668,48.81999969482422,48.66999816894531,48.72999954223633,43528,0.0,0.0,0.0
2023-03-09 11:30:00-05:00,48.72999954223633,48.7400016784668,48.630001068115234,48.70000076293945,14590,0.0,0.0,0.0
2023-03-09 12:30:00-05:00,48.709999084472656,48.709999084472656,48.540000915527344,48.560001373291016,30729,0.0,0.0,0.0
2023-03-09 13:30:00-05:00,48.540000915527344,48.56999969482422,48.459999084472656,48.5099983215332,45812,0.0,0.0,0.0
2023-03-09 14:30:00-05:00,48.459999084472656,48.470001220703125,48.20500183105469,48.224998474121094,68655,0.0,0.0,0.0
2023-03-09 15:30:00-05:00,48.20000076293945,48.275001525878906,48.189998626708984,48.2400016784668,53772,0.0,0.0,0.0
2023-03-10 09:30:00-05:00,48.40999984741211,48.5099983215332,48.15999984741211,48.36000061035156,153111,0.0,0.0,0.0
2023-03-10 10:30:00-05:00,48.380001068115234,48.47999954223633,48.290000915527344,48.380001068115234,45281,0.0,0.0,0.0
2023-03-10 11:30:00-05:00,48.38999938964844,48.5,48.15999984741211,48.209999084472656,69545,0.0,0.0,0.0
2023-03-10 12:30:00-05:00,48.220001220703125,48.290000915527344,47.95000076293945,47.970001220703125,53210,0.0,0.0,0.0
2023-03-10 13:30:00-05:00,47.97999954223633,48.005001068115234,47.81999969482422,47.88999938964844,74451,0.0,0.0,0.0
2023-03-10 14:30:00-05:00,47.91999816894531,48.06999969482422,47.91999816894531,47.959999084472656,75945,0.0,0.0,0.0
2023-03-10 15:30:00-05:00,47.959999084472656,47.97999954223633,47.84000015258789,47.869998931884766,45517,0.0,0.0,0.0
2023-03-13 09:30:00-04:00,47.25,47.779998779296875,47.20000076293945,47.41999816894531,242710,0.0,0.0,0.0
2023-03-13 10:30:00-04:00,47.41999816894531,47.880001068115234,47.40999984741211,47.880001068115234,247282,0.0,0.0,0.0
2023-03-13 11:30:00-04:00,47.880001068115234,47.900001525878906,47.54999923706055,47.65999984741211,164761,0.0,0.0,0.0
2023-03-13 12:30:00-04:00,47.650001525878906,47.7400016784668,47.439998626708984,47.63999938964844,132397,0.0,0.0,0.0
2023-03-13 13:30:00-04:00,47.625,47.77000045776367,47.54999923706055,47.7400016784668,139428,0.0,0.0,0.0
2023-03-13 14:30:00-04:00,47.7400016784668,47.79999923706055,47.54999923706055,47.58000183105469,177010,0.0,0.0,0.0
2023-03-13 15:30:00-04:00,47.58000183105469,47.709999084472656,47.5099983215332,47.52000045776367,248791,0.0,0.0,0.0
2023-03-14 09:30:00-04:00,48.290000915527344,48.33000183105469,48.119998931884766,48.31999969482422,0,0.0,0.0,0.0
2023-03-14 10:30:00-04:00,48.31999969482422,48.38999938964844,48.130001068115234,48.36000061035156,62870,0.0,0.0,0.0
2023-03-14 11:30:00-04:00,48.36000061035156,48.400001525878906,48.209999084472656,48.220001220703125,39260,0.0,0.0,0.0
2023-03-14 12:30:00-04:00,48.220001220703125,48.29999923706055,48.02000045776367,48.15999984741211,75520,0.0,0.0,0.0
2023-03-14 13:30:00-04:00,48.13999938964844,48.25,48.04999923706055,48.220001220703125,83130,0.0,0.0,0.0
2023-03-14 14:30:00-04:00,48.20000076293945,48.25,48.029998779296875,48.130001068115234,141152,0.0,0.0,0.0
2023-03-14 15:30:00-04:00,48.119998931884766,48.400001525878906,48.119998931884766,48.38999938964844,68032,0.0,0.0,0.0
2023-03-15 09:30:00-04:00,46.13999938964844,46.56999969482422,46.13999938964844,46.439998626708984,189561,0.0,0.0,0.0
2023-03-15 10:30:00-04:00,46.439998626708984,46.5,46.20000076293945,46.380001068115234,142814,0.0,0.0,0.0
2023-03-15 11:30:00-04:00,46.369998931884766,46.400001525878906,45.97999954223633,46.029998779296875,76722,0.0,0.0,0.0
2023-03-15 12:30:00-04:00,46.029998779296875,46.25,45.91999816894531,46.220001220703125,118083,0.0,0.0,0.0
2023-03-15 13:30:00-04:00,46.209999084472656,46.66999816894531,46.11000061035156,46.529998779296875,116140,0.0,0.0,0.0
2023-03-15 14:30:00-04:00,46.540000915527344,46.70000076293945,46.45000076293945,46.599998474121094,161884,0.0,0.0,0.0
2023-03-15 15:30:00-04:00,46.599998474121094,46.630001068115234,46.45000076293945,46.630001068115234,100219,0.0,0.0,0.0
2023-03-16 09:30:00-04:00,46.22999954223633,46.720001220703125,46.18000030517578,46.400001525878906,123814,0.0,0.0,0.0
2023-03-16 10:30:00-04:00,46.400001525878906,46.970001220703125,46.36000061035156,46.93000030517578,97087,0.0,0.0,0.0
2023-03-16 11:30:00-04:00,46.95109939575195,47.18000030517578,46.79999923706055,47.09000015258789,46359,0.0,0.0,0.0
2023-03-16 12:30:00-04:00,47.09000015258789,47.2599983215332,46.9900016784668,47.209999084472656,80192,0.0,0.0,0.0
2023-03-16 13:30:00-04:00,47.20000076293945,47.20000076293945,47.02000045776367,47.119998931884766,75062,0.0,0.0,0.0
2023-03-16 14:30:00-04:00,47.119998931884766,47.2599983215332,47.04999923706055,47.2599983215332,57652,0.0,0.0,0.0
2023-03-16 15:30:00-04:00,47.2599983215332,47.33000183105469,47.220001220703125,47.33000183105469,41705,0.0,0.0,0.0
2023-03-17 09:30:00-04:00,46.709999084472656,46.810001373291016,46.47999954223633,46.540000915527344,91099,0.0,0.0,0.0
2023-03-17 10:30:00-04:00,46.529998779296875,46.61000061035156,46.36000061035156,46.470001220703125,76861,0.0,0.0,0.0
2023-03-17 11:30:00-04:00,46.459999084472656,46.709999084472656,46.400001525878906,46.709999084472656,167642,0.0,0.0,0.0
2023-03-17 12:30:00-04:00,46.720001220703125,46.79999923706055,46.65999984741211,46.689998626708984,35436,0.0,0.0,0.0
2023-03-17 13:30:00-04:00,46.70000076293945,46.7599983215332,46.595298767089844,46.61000061035156,29192,0.0,0.0,0.0
2023-03-17 14:30:00-04:00,46.61000061035156,46.790000915527344,46.61000061035156,46.7599983215332,63975,0.0,0.0,0.0
2023-03-17 15:30:00-04:00,46.7599983215332,46.7599983215332,46.599998474121094,46.61000061035156,54411,0.0,0.0,0.0
2023-03-20 09:30:00-04:00,47.22999954223633,47.459999084472656,47.150001525878906,47.369998931884766,92981,0.0,0.0,0.0
2023-03-20 10:30:00-04:00,47.369998931884766,47.56999969482422,47.349998474121094,47.56999969482422,24835,0.0,0.0,0.0
2023-03-20 11:30:00-04:00,47.56999969482422,47.56999969482422,47.29999923706055,47.400001525878906,29928,0.0,0.0,0.0
2023-03-20 12:30:00-04:00,47.400001525878906,47.650001525878906,47.400001525878906,47.58000183105469,27726,0.0,0.0,0.0
2023-03-20 13:30:00-04:00,47.56999969482422,47.59000015258789,47.4900016784668,47.529998779296875,59478,0.0,0.0,0.0
2023-03-20 14:30:00-04:00,47.529998779296875,47.56999969482422,47.45000076293945,47.52000045776367,32138,0.0,0.0,0.0
2023-03-20 15:30:00-04:00,47.5099983215332,47.55500030517578,47.4900016784668,47.5099983215332,47955,0.0,0.0,0.0
2023-03-21 09:30:00-04:00,48.40999984741211,48.5,48.18000030517578,48.25,100094,0.0,0.0,0.0
2023-03-21 10:30:00-04:00,48.22999954223633,48.349998474121094,48.209999084472656,48.2400016784668,33866,0.0,0.0,0.0
2023-03-21 11:30:00-04:00,48.2400016784668,48.29999923706055,48.150001525878906,48.290000915527344,28361,0.0,0.0,0.0
2023-03-21 12:30:00-04:00,48.290000915527344,48.29999923706055,48.189998626708984,48.269901275634766,29557,0.0,0.0,0.0
2023-03-21 13:30:00-04:00,48.279998779296875,48.29999923706055,48.220001220703125,48.25,5375,0.0,0.0,0.0
2023-03-21 14:30:00-04:00,48.28499984741211,48.400001525878906,48.2599983215332,48.375,11446,0.0,0.0,0.0
2023-03-21 15:30:00-04:00,48.38999938964844,48.4900016784668,48.375,48.40999984741211,45986,0.0,0.0,0.0
2023-03-22 09:30:00-04:00,48.45000076293945,48.59000015258789,48.400001525878906,48.58000183105469,40667,0.0,0.0,0.0
2023-03-22 10:30:00-04:00,48.56999969482422,48.650001525878906,48.5,48.5099983215332,12736,0.0,0.0,0.0
2023-03-22 11:30:00-04:00,48.4900016784668,48.5099983215332,48.43000030517578,48.46500015258789,18351,0.0,0.0,0.0
2023-03-22 12:30:00-04:00,48.459999084472656,48.47999954223633,48.369998931884766,48.43000030517578,15249,0.0,0.0,0.0
2023-03-22 13:30:00-04:00,48.459999084472656,48.90999984741211,48.439998626708984,48.77000045776367,63468,0.0,0.0,0.0
2023-03-22 14:30:00-04:00,48.7599983215332,49.08000183105469,48.41999816894531,48.775001525878906,79430,0.0,0.0,0.0
2023-03-22 15:30:00-04:00,48.77000045776367,48.77000045776367,48.20000076293945,48.22999954223633,87644,0.0,0.0,0.0
2023-03-23 09:30:00-04:00,48.685001373291016,48.7599983215332,48.61000061035156,48.72999954223633,35145,0.0,0.0,0.0
2023-03-23 10:30:00-04:00,48.70000076293945,48.939998626708984,48.63999938964844,48.880001068115234,42971,0.0,0.0,0.0
2023-03-23 11:30:00-04:00,48.900001525878906,48.90999984741211,48.790000915527344,48.79999923706055,27681,0.0,0.0,0.0
2023-03-23 12:30:00-04:00,48.79999923706055,48.81999969482422,48.42499923706055,48.470001220703125,55323,0.0,0.0,0.0
2023-03-23 13:30:00-04:00,48.45000076293945,48.540000915527344,48.22999954223633,48.22999954223633,65459,0.0,0.0,0.0
2023-03-23 14:30:00-04:00,48.21500015258789,48.29999923706055,47.93000030517578,48.04499816894531,115931,0.0,0.0,0.0
2023-03-23 15:30:00-04:00,48.05500030517578,48.2599983215332,47.9900016784668,48.15999984741211,117680,0.0,0.0,0.0
2023-03-24 09:30:00-04:00,47.650001525878906,47.720001220703125,47.380001068115234,47.55500030517578,104542,0.0,0.0,0.0
2023-03-24 10:30:00-04:00,47.54999923706055,47.584999084472656,47.36000061035156,47.43000030517578,98467,0.0,0.0,0.0
2023-03-24 11:30:00-04:00,47.41999816894531,47.7400016784668,47.38999938964844,47.56999969482422,60145,0.0,0.0,0.0
2023-03-24 12:30:00-04:00,47.59000015258789,47.7599983215332,47.57500076293945,47.75,43298,0.0,0.0,0.0
2023-03-24 13:30:00-04:00,47.7599983215332,47.79999923706055,47.689998626708984,47.755001068115234,48655,0.0,0.0,0.0
2023-03-24 14:30:00-04:00,47.7599983215332,47.90999984741211,47.75,47.90999984741211,58560,0.0,0.0,0.0
2023-03-24 15:30:00-04:00,47.904998779296875,47.90999984741211,47.779998779296875,47.88999938964844,41856,0.0,0.0,0.0
2023-03-27 09:30:00-04:00,48.34000015258789,48.41999816894531,48.27000045776367,48.279998779296875,42102,0.0,0.0,0.0
2023-03-27 10:30:00-04:00,48.27000045776367,48.290000915527344,48.18000030517578,48.2599983215332,37853,0.0,0.0,0.0
2023-03-27 11:30:00-04:00,48.2599983215332,48.349998474121094,48.19499969482422,48.34000015258789,41250,0.0,0.0,0.0
2023-03-27 12:30:00-04:00,48.345001220703125,48.400001525878906,48.28499984741211,48.400001525878906,49029,0.0,0.0,0.0
2023-03-27 13:30:00-04:00,48.400001525878906,48.439998626708984,48.34000015258789,48.439998626708984,24265,0.0,0.0,0.0
2023-03-27 14:30:00-04:00,48.43000030517578,48.5,48.42499923706055,48.459999084472656,33943,0.0,0.0,0.0
2023-03-27 15:30:00-04:00,48.45500183105469,48.46500015258789,48.38999938964844,48.459999084472656,124651,0.0,0.0,0.0
2023-03-28 09:30:00-04:00,48.36000061035156,48.44499969482422,48.33000183105469,48.43000030517578,0,0.0,0.0,0.0
2023-03-28 10:30:00-04:00,48.439998626708984,48.5099983215332,48.33000183105469,48.5099983215332,25026,0.0,0.0,0.0
2023-03-28 11:30:00-04:00,48.5099983215332,48.54999923706055,48.459999084472656,48.459999084472656,26388,0.0,0.0,0.0
2023-03-28 12:30:00-04:00,48.45000076293945,48.4900016784668,48.43000030517578,48.439998626708984,10117,0.0,0.0,0.0
2023-03-28 13:30:00-04:00,48.439998626708984,48.439998626708984,48.30149841308594,48.34000015258789,13203,0.0,0.0,0.0
2023-03-28 14:30:00-04:00,48.33000183105469,48.400001525878906,48.310001373291016,48.375,16905,0.0,0.0,0.0
2023-03-28 15:30:00-04:00,48.369998931884766,48.459999084472656,48.36199951171875,48.43000030517578,51577,0.0,0.0,0.0
2023-03-29 09:30:00-04:00,49.060001373291016,49.138999938964844,48.97999954223633,49.08000183105469,0,0.0,0.0,0.0
2023-03-29 10:30:00-04:00,49.08000183105469,49.08000183105469,48.95000076293945,49.040000915527344,6971,0.0,0.0,0.0
2023-03-29 11:30:00-04:00,49.04999923706055,49.130001068115234,49.04999923706055,49.119998931884766,10671,0.0,0.0,0.0
2023-03-29 12:30:00-04:00,49.099998474121094,49.11000061035156,49.04999923706055,49.11000061035156,3765,0.0,0.0,0.0
2023-03-29 13:30:00-04:00,49.099998474121094,49.11000061035156,49.040000915527344,49.06999969482422,9844,0.0,0.0,0.0
2023-03-29 14:30:00-04:00,49.09000015258789,49.189998626708984,49.08000183105469,49.189998626708984,25538,0.0,0.0,0.0
2023-03-29 15:30:00-04:00,49.16999816894531,49.220001220703125,49.1349983215332,49.16999816894531,32066,0.0,0.0,0.0
2023-03-30 09:30:00-04:00,49.84000015258789,49.93000030517578,49.779998779296875,49.900001525878906,97475,0.0,0.0,0.0
2023-03-30 10:30:00-04:00,49.900001525878906,49.959999084472656,49.86000061035156,49.900001525878906,117501,0.0,0.0,0.0
2023-03-30 11:30:00-04:00,49.90999984741211,49.90999984741211,49.84000015258789,49.880001068115234,11294,0.0,0.0,0.0
2023-03-30 12:30:00-04:00,49.869998931884766,49.869998931884766,49.810001373291016,49.81999969482422,14889,0.0,0.0,0.0
2023-03-30 13:30:00-04:00,49.810001373291016,49.849998474121094,49.7599983215332,49.849998474121094,23053,0.0,0.0,0.0
2023-03-30 14:30:00-04:00,49.86000061035156,49.869998931884766,49.81660079956055,49.869998931884766,14413,0.0,0.0,0.0
2023-03-30 15:30:00-04:00,49.86830139160156,49.91999816894531,49.8650016784668,49.88999938964844,28908,0.0,0.0,0.0
2023-03-31 09:30:00-04:00,50.0099983215332,50.209999084472656,50.0099983215332,50.13999938964844,0,0.0,0.0,0.0
2023-03-31 10:30:00-04:00,50.15999984741211,50.20000076293945,50.09000015258789,50.099998474121094,44455,0.0,0.0,0.0
2023-03-31 11:30:00-04:00,50.099998474121094,50.11000061035156,50.040000915527344,50.099998474121094,20128,0.0,0.0,0.0
2023-03-31 12:30:00-04:00,50.06999969482422,50.09000015258789,50.02000045776367,50.02000045776367,27865,0.0,0.0,0.0
2023-03-31 13:30:00-04:00,50.01499938964844,50.040000915527344,49.96139907836914,50.0099983215332,17742,0.0,0.0,0.0
2023-03-31 14:30:00-04:00,50.0099983215332,50.07500076293945,50.0099983215332,50.06999969482422,72761,0.0,0.0,0.0
2023-03-31 15:30:00-04:00,50.09000015258789,50.09000015258789,49.97999954223633,50.04999923706055,46583,0.0,0.0,0.0
2023-04-03 09:30:00-04:00,50.130001068115234,50.33209991455078,50.099998474121094,50.33000183105469,24689,0.0,0.0,0.0
2023-04-03 10:30:00-04:00,50.29999923706055,50.32339859008789,50.060001373291016,50.099998474121094,81101,0.0,0.0,0.0
2023-04-03 11:30:00-04:00,50.099998474121094,50.244998931884766,50.09000015258789,50.22999954223633,25265,0.0,0.0,0.0
2023-04-03 12:30:00-04:00,50.220001220703125,50.220001220703125,50.150001525878906,50.189998626708984,24154,0.0,0.0,0.0
2023-04-03 13:30:00-04:00,50.18000030517578,50.27000045776367,50.16999816894531,50.26499938964844,57112,0.0,0.0,0.0
2023-04-03 14:30:00-04:00,50.26499938964844,50.34989929199219,50.26499938964844,50.34000015258789,43021,0.0,0.0,0.0
2023-04-03 15:30:00-04:00,50.33000183105469,50.41999816894531,50.31999969482422,50.400001525878906,64088,0.0,0.0,0.0
2023-04-04 09:30:00-04:00,50.5099983215332,50.619998931884766,50.439998626708984,50.54999923706055,72267,0.0,0.0,0.0
2023-04-04 10:30:00-04:00,50.57500076293945,50.61000061035156,50.435001373291016,50.459999084472656,53711,0.0,0.0,0.0
2023-04-04 11:30:00-04:00,50.45000076293945,50.459999084472656,50.31999969482422,50.380001068115234,57571,0.0,0.0,0.0
2023-04-04 12:30:00-04:00,50.38999938964844,50.45000076293945,50.34000015258789,50.439998626708984,85023,0.0,0.0,0.0
2023-04-04 13:30:00-04:00,50.45000076293945,50.459999084472656,50.38999938964844,50.38999938964844,85053,0.0,0.0,0.0
2023-04-04 14:30:00-04:00,50.389801025390625,50.41999816894531,50.35499954223633,50.36000061035156,69351,0.0,0.0,0.0
2023-04-04 15:30:00-04:00,50.3650016784668,50.45000076293945,50.34000015258789,50.45000076293945,89762,0.0,0.0,0.0
2023-04-05 09:30:00-04:00,50.349998474121094,50.41899871826172,50.220001220703125,50.2599983215332,48674,0.0,0.0,0.0
2023-04-05 10:30:00-04:00,50.259498596191406,50.279998779296875,50.06999969482422,50.189998626708984,55456,0.0,0.0,0.0
2023-04-05 11:30:00-04:00,50.18000030517578,50.29999923706055,50.16999816894531,50.18000030517578,60261,0.0,0.0,0.0
2023-04-05 12:30:00-04:00,50.18000030517578,50.20000076293945,50.099998474121094,50.19499969482422,35135,0.0,0.0,0.0
2023-04-05 13:30:00-04:00,50.19900131225586,50.22999954223633,50.130001068115234,50.209999084472656,27657,0.0,0.0,0.0
2023-04-05 14:30:00-04:00,50.21009826660156,50.279998779296875,50.206600189208984,50.22999954223633,43313,0.0,0.0,0.0
2023-04-05 15:30:00-04:00,50.2400016784668,50.279998779296875,50.2400016784668,50.25,44131,0.0,0.0,0.0
2023-04-06 09:30:00-04:00,50.38999938964844,50.54999923706055,50.33000183105469,50.5,0,0.0,0.0,0.0
2023-04-06 10:30:00-04:00,50.51499938964844,50.599998474121094,50.459999084472656,50.560001373291016,70811,0.0,0.0,0.0
2023-04-06 11:30:00-04:00,50.55500030517578,50.75,50.55500030517578,50.720001220703125,49088,0.0,0.0,0.0
2023-04-06 12:30:00-04:00,50.720001220703125,50.78499984741211,50.720001220703125,50.7400016784668,39956,0.0,0.0,0.0
2023-04-06 13:30:00-04:00,50.75,50.7599983215332,50.724998474121094,50.75,25974,0.0,0.0,0.0
2023-04-06 14:30:00-04:00,50.7588996887207,50.77000045776367,50.650001525878906,50.65999984741211,38061,0.0,0.0,0.0
2023-04-06 15:30:00-04:00,50.66999816894531,50.68000030517578,50.625,50.650001525878906,38947,0.0,0.0,0.0
2023-04-10 09:30:00-04:00,50.400001525878906,50.41999816894531,50.27000045776367,50.31999969482422,115927,0.0,0.0,0.0
2023-04-10 10:30:00-04:00,50.31999969482422,50.505001068115234,50.31999969482422,50.474998474121094,28417,0.0,0.0,0.0
2023-04-10 11:30:00-04:00,50.47999954223633,50.494998931884766,50.32500076293945,50.415000915527344,55924,0.0,0.0,0.0
2023-04-10 12:30:00-04:00,50.400001525878906,50.54999923706055,50.400001525878906,50.52000045776367,171505,0.0,0.0,0.0
2023-04-10 13:30:00-04:00,50.52000045776367,50.54999923706055,50.470001220703125,50.530799865722656,41779,0.0,0.0,0.0
2023-04-10 14:30:00-04:00,50.53990173339844,50.56999969482422,50.474998474121094,50.53499984741211,261749,0.0,0.0,0.0
2023-04-10 15:30:00-04:00,50.529998779296875,50.650001525878906,50.529998779296875,50.650001525878906,37350,0.0,0.0,0.0
2023-04-11 09:30:00-04:00,50.7599983215332,50.84000015258789,50.720001220703125,50.83000183105469,0,0.0,0.0,0.0
2023-04-11 10:30:00-04:00,50.79999923706055,50.79999923706055,50.720001220703125,50.769901275634766,10102,0.0,0.0,0.0
2023-04-11 11:30:00-04:00,50.77000045776367,50.78990173339844,50.73500061035156,50.75,9583,0.0,0.0,0.0
2023-04-11 12:30:00-04:00,50.779998779296875,50.790000915527344,50.72999954223633,50.790000915527344,12740,0.0,0.0,0.0
2023-04-11 13:30:00-04:00,50.78969955444336,50.880001068115234,50.78969955444336,50.8650016784668,9635,0.0,0.0,0.0
2023-04-11 14:30:00-04:00,50.869998931884766,50.88999938964844,50.84000015258789,50.880001068115234,13117,0.0,0.0,0.0
2023-04-11 15:30:00-04:00,50.88999938964844,50.88999938964844,50.779998779296875,50.810001373291016,17917,0.0,0.0,0.0
2023-04-12 09:30:00-04:00,51.279998779296875,51.36000061035156,51.1349983215332,51.28499984741211,38556,0.0,0.0,0.0
2023-04-12 10:30:00-04:00,51.329898834228516,51.33000183105469,51.04999923706055,51.16999816894531,57066,0.0,0.0,0.0
2023-04-12 11:30:00-04:00,51.16999816894531,51.400001525878906,51.119998931884766,51.369998931884766,56807,0.0,0.0,0.0
2023-04-12 12:30:00-04:00,51.380001068115234,51.40999984741211,51.31999969482422,51.404998779296875,18686,0.0,0.0,0.0
2023-04-12 13:30:00-04:00,51.40999984741211,51.459999084472656,51.310001373291016,51.310001373291016,24878,0.0,0.0,0.0
2023-04-12 14:30:00-04:00,51.31999969482422,51.34000015258789,51.18000030517578,51.18000030517578,255705,0.0,0.0,0.0
2023-04-12 15:30:00-04:00,51.209999084472656,51.22999954223633,51.16999816894531,51.20000076293945,39108,0.0,0.0,0.0
2023-04-13 09:30:00-04:00,51.70000076293945,51.709999084472656,51.59000015258789,51.689998626708984,56630,0.0,0.0,0.0
2023-04-13 10:30:00-04:00,51.68000030517578,51.75790023803711,51.6150016784668,51.75790023803711,28027,0.0,0.0,0.0
2023-04-13 11:30:00-04:00,51.75,51.810001373291016,51.75,51.779998779296875,15404,0.0,0.0,0.0
2023-04-13 12:30:00-04:00,51.790000915527344,51.849998474121094,51.75,51.810001373291016,16694,0.0,0.0,0.0
2023-04-13 13:30:00-04:00,51.79999923706055,51.890098571777344,51.79999923706055,51.880001068115234,22297,0.0,0.0,0.0
2023-04-13 14:30:00-04:00,51.869998931884766,51.904998779296875,51.86000061035156,51.900001525878906,23162,0.0,0.0,0.0
2023-04-13 15:30:00-04:00,51.900001525878906,51.91999816894531,51.86000061035156,51.90999984741211,312931,0.0,0.0,0.0
2023-04-14 09:30:00-04:00,51.970001220703125,52.04999923706055,51.790000915527344,51.79999923706055,72574,0.0,0.0,0.0
2023-04-14 10:30:00-04:00,51.77000045776367,51.83000183105469,51.70000076293945,51.70000076293945,30867,0.0,0.0,0.0
2023-04-14 11:30:00-04:00,51.720001220703125,51.75,51.63999938964844,51.68000030517578,43442,0.0,0.0,0.0
2023-04-14 12:30:00-04:00,51.654998779296875,51.709999084472656,51.58000183105469,51.66999816894531,18504,0.0,0.0,0.0
2023-04-14 13:30:00-04:00,51.650001525878906,51.75,51.619998931884766,51.75,14606,0.0,0.0,0.0
2023-04-14 14:30:00-04:00,51.7599983215332,51.779998779296875,51.68000030517578,51.7599983215332,15500,0.0,0.0,0.0
2023-04-14 15:30:00-04:00,51.7599983215332,51.81999969482422,51.7599983215332,51.790000915527344,71954,0.0,0.0,0.0
2023-04-17 09:30:00-04:00,51.59000015258789,51.61000061035156,51.45000076293945,51.470001220703125,40186,0.0,0.0,0.0
2023-04-17 10:30:00-04:00,51.38999938964844,51.429500579833984,51.349998474121094,51.38999938964844,19837,0.0,0.0,0.0
2023-04-17 11:30:00-04:00,51.38999938964844,51.415000915527344,51.31999969482422,51.400001525878906,45040,0.0,0.0,0.0
2023-04-17 12:30:00-04:00,51.40999984741211,51.459999084472656,51.380001068115234,51.44499969482422,122479,0.0,0.0,0.0
2023-04-17 13:30:00-04:00,51.44499969482422,51.46500015258789,51.38999938964844,51.40999984741211,20740,0.0,0.0,0.0
2023-04-17 14:30:00-04:00,51.41999816894531,51.54499816894531,51.41999816894531,51.540000915527344,50127,0.0,0.0,0.0
2023-04-17 15:30:00-04:00,51.540000915527344,51.599998474121094,51.5099983215332,51.599998474121094,39592,0.0,0.0,0.0
2023-04-18 09:30:00-04:00,51.810001373291016,51.88999938964844,51.7599983215332,51.790000915527344,51839,0.0,0.0,0.0
2023-04-18 10:30:00-04:00,51.790000915527344,51.83000183105469,51.755001068115234,51.810001373291016,24332,0.0,0.0,0.0
2023-04-18 11:30:00-04:00,51.79999923706055,51.83000183105469,51.7400016784668,51.83000183105469,36133,0.0,0.0,0.0
2023-04-18 12:30:00-04:00,51.84000015258789,51.86000061035156,51.810001373291016,51.83000183105469,31143,0.0,0.0,0.0
2023-04-18 13:30:00-04:00,51.82500076293945,51.8849983215332,51.81999969482422,51.880001068115234,51800,0.0,0.0,0.0
2023-04-18 14:30:00-04:00,51.880001068115234,51.900001525878906,51.80500030517578,51.869998931884766,32980,0.0,0.0,0.0
2023-04-18 15:30:00-04:00,51.875,51.91999816894531,51.86009979248047,51.88999938964844,45368,0.0,0.0,0.0
2023-04-19 09:30:00-04:00,51.65999984741211,51.81999969482422,51.650001525878906,51.790000915527344,65327,0.0,0.0,0.0
2023-04-19 10:30:00-04:00,51.790000915527344,51.84000015258789,51.7400016784668,51.744998931884766,39835,0.0,0.0,0.0
2023-04-19 11:30:00-04:00,51.7599983215332,51.77000045776367,51.73139953613281,51.76499938964844,14251,0.0,0.0,0.0
2023-04-19 12:30:00-04:00,51.77000045776367,51.84000015258789,51.77000045776367,51.79990005493164,17061,0.0,0.0,0.0
2023-04-19 13:30:00-04:00,51.79999923706055,51.84000015258789,51.775001525878906,51.810001373291016,19639,0.0,0.0,0.0
2023-04-19 14:30:00-04:00,51.810001373291016,51.81999969482422,51.779998779296875,51.79999923706055,31378,0.0,0.0,0.0
2023-04-19 15:30:00-04:00,51.79499816894531,51.81999969482422,51.775001525878906,51.81999969482422,93838,0.0,0.0,0.0
2023-04-20 09:30:00-04:00,51.650001525878906,51.81999969482422,51.650001525878906,51.79999923706055,0,0.0,0.0,0.0
2023-04-20 10:30:00-04:00,51.809898376464844,51.84000015258789,51.720001220703125,51.72999954223633,15829,0.0,0.0,0.0
2023-04-20 11:30:00-04:00,51.75,51.810001373291016,51.73500061035156,51.810001373291016,28459,0.0,0.0,0.0
2023-04-20 12:30:00-04:00,51.79999923706055,51.869998931884766,51.79990005493164,51.869998931884766,10097,0.0,0.0,0.0
2023-04-20 13:30:00-04:00,51.869998931884766,51.880001068115234,51.790000915527344,51.790000915527344,23161,0.0,0.0,0.0
2023-04-20 14:30:00-04:00,51.790000915527344,51.790000915527344,51.630001068115234,51.630001068115234,16074,0.0,0.0,0.0
2023-04-20 15:30:00-04:00,51.630001068115234,51.7599983215332,51.630001068115234,51.755001068115234,35539,0.0,0.0,0.0
2023-04-21 09:30:00-04:00,51.869998931884766,51.92499923706055,51.650001525878906,51.91999816894531,0,0.0,0.0,0.0
2023-04-21 10:30:00-04:00,51.91999816894531,51.93000030517578,51.7599983215332,51.90999984741211,19032,0.0,0.0,0.0
2023-04-21 11:30:00-04:00,51.939998626708984,52.04999923706055,51.939998626708984,52.0099983215332,21197,0.0,0.0,0.0
2023-04-21 12:30:00-04:00,52.0,52.06999969482422,52.0,52.0099983215332,14531,0.0,0.0,0.0
2023-04-21 13:30:00-04:00,52.029998779296875,52.130001068115234,52.029998779296875,52.099998474121094,17829,0.0,0.0,0.0
2023-04-21 14:30:00-04:00,52.09000015258789,52.09000015258789,52.0276985168457,52.09000015258789,27914,0.0,0.0,0.0
2023-04-21 15:30:00-04:00,52.099998474121094,52.12839889526367,52.08000183105469,52.119998931884766,21823,0.0,0.0,0.0
2023-04-24 09:30:00-04:00,52.27000045776367,52.31999969482422,52.20000076293945,52.290000915527344,0,0.0,0.0,0.0
2023-04-24 10:30:00-04:00,52.29999923706055,52.31999969482422,52.220001220703125,52.220001220703125,27280,0.0,0.0,0.0
2023-04-24 11:30:00-04:00,52.25,52.2599983215332,52.20000076293945,52.2495002746582,9957,0.0,0.0,0.0
2023-04-24 12:30:00-04:00,52.25,52.27000045776367,52.2400016784668,52.27000045776367,0,0.0,0.0,0.0
2023-04-24 13:30:00-04:00,52.29999923706055,52.34000015258789,52.29999923706055,52.310001373291016,188118,0.0,0.0,0.0
2023-04-24 14:30:00-04:00,52.29999923706055,52.32740020751953,52.279998779296875,52.30500030517578,23204,0.0,0.0,0.0
2023-04-24 15:30:00-04:00,52.310001373291016,52.34000015258789,52.29999923706055,52.31999969482422,25092,0.0,0.0,0.0
2023-04-25 09:30:00-04:00,52.06999969482422,52.0723991394043,51.77000045776367,51.79999923706055,0,0.0,0.0,0.0
2023-04-25 10:30:00-04:00,51.80009841918945,51.949100494384766,51.790000915527344,51.90999984741211,13326,0.0,0.0,0.0
2023-04-25 11:30:00-04:00,51.880001068115234,51.88999938964844,51.72999954223633,51.72999954223633,7281,0.0,0.0,0.0
2023-04-25 12:30:00-04:00,51.7400016784668,51.7599983215332,51.61000061035156,51.619998931884766,22797,0.0,0.0,0.0
2023-04-25 13:30:00-04:00,51.61000061035156,51.619998931884766,51.560001373291016,51.61000061035156,9157,0.0,0.0,0.0
2023-04-25 14:30:00-04:00,51.61000061035156,51.630001068115234,51.54999923706055,51.61000061035156,10277,0.0,0.0,0.0
2023-04-25 15:30:00-04:00,51.61000061035156,51.619998931884766,51.529998779296875,51.529998779296875,22895,0.0,0.0,0.0
2023-04-26 09:30:00-04:00,51.95000076293945,51.95000076293945,51.619998931884766,51.619998931884766,47307,0.0,0.0,0.0
2023-04-26 10:30:00-04:00,51.65999984741211,51.77000045776367,51.650001525878906,51.7400016784668,19351,0.0,0.0,0.0
2023-04-26 11:30:00-04:00,51.790000915527344,51.84000015258789,51.7400016784668,51.7400016784668,29143,0.0,0.0,0.0
2023-04-26 12:30:00-04:00,51.7400016784668,51.7599983215332,51.689998626708984,51.70000076293945,17198,0.0,0.0,0.0
2023-04-26 13:30:00-04:00,51.70109939575195,51.70109939575195,51.54999923706055,51.560001373291016,14143,0.0,0.0,0.0
2023-04-26 14:30:00-04:00,51.540000915527344,51.560001373291016,51.47200012207031,51.4900016784668,27689,0.0,0.0,0.0
2023-04-26 15:30:00-04:00,51.494998931884766,51.54999923706055,51.45000076293945,51.52000045776367,21753,0.0,0.0,0.0
2023-04-27 09:30:00-04:00,51.7599983215332,51.790000915527344,51.630001068115234,51.68000030517578,17190,0.0,0.0,0.0
2023-04-27 10:30:00-04:00,51.689998626708984,51.7400016784668,51.61989974975586,51.7400016784668,3263,0.0,0.0,0.0
2023-04-27 11:30:00-04:00,51.779998779296875,51.79999923706055,51.720001220703125,51.7599983215332,14790,0.0,0.0,0.0
2023-04-27 12:30:00-04:00,51.77000045776367,51.839900970458984,51.76499938964844,51.839900970458984,3831,0.0,0.0,0.0
2023-04-27 13:30:00-04:00,51.845001220703125,51.97930145263672,51.84000015258789,51.97930145263672,12424,0.0,0.0,0.0
2023-04-27 14:30:00-04:00,51.97999954223633,52.07500076293945,51.970001220703125,52.04499816894531,12159,0.0,0.0,0.0
2023-04-27 15:30:00-04:00,52.040000915527344,52.08000183105469,52.01499938964844,52.07500076293945,72132,0.0,0.0,0.0
2023-04-28 09:30:00-04:00,51.77000045776367,51.97999954223633,51.72999954223633,51.959999084472656,41504,0.0,0.0,0.0
2023-04-28 10:30:00-04:00,51.97999954223633,52.119998931884766,51.939998626708984,52.119998931884766,23376,0.0,0.0,0.0
2023-04-28 11:30:00-04:00,52.130001068115234,52.209999084472656,52.119998931884766,52.165000915527344,78676,0.0,0.0,0.0
2023-04-28 12:30:00-04:00,52.16999816894531,52.189998626708984,52.130001068115234,52.17499923706055,69786,0.0,0.0,0.0
2023-04-28 13:30:00-04:00,52.18000030517578,52.18000030517578,52.099998474121094,52.099998474121094,59680,0.0,0.0,0.0
2023-04-28 14:30:00-04:00,52.084999084472656,52.09000015258789,52.03499984741211,52.040000915527344,28511,0.0,0.0,0.0
2023-04-28 15:30:00-04:00,52.04999923706055,52.13999938964844,52.040000915527344,52.099998474121094,21552,0.0,0.0,0.0
2023-05-01 09:30:00-04:00,52.2400016784668,52.369998931884766,52.13999938964844,52.13999938964844,28148,0.0,0.0,0.0
2023-05-01 10:30:00-04:00,52.189998626708984,52.279998779296875,52.11000061035156,52.130001068115234,31916,0.0,0.0,0.0
2023-05-01 11:30:00-04:00,52.130001068115234,52.185001373291016,52.099998474121094,52.185001373291016,25873,0.0,0.0,0.0
2023-05-01 12:30:00-04:00,52.185001373291016,52.2599983215332,52.18000030517578,52.2400016784668,43417,0.0,0.0,0.0
2023-05-01 13:30:00-04:00,52.244998931884766,52.31999969482422,52.220001220703125,52.29999923706055,29654,0.0,0.0,0.0
2023-05-01 14:30:00-04:00,52.29499816894531,52.29499816894531,52.1349983215332,52.1349983215332,26896,0.0,0.0,0.0
2023-05-01 15:30:00-04:00,52.14500045776367,52.150001525878906,52.09000015258789,52.09000015258789,52868,0.0,0.0,0.0
2023-05-02 09:30:00-04:00,51.59000015258789,51.59000015258789,51.279998779296875,51.279998779296875,38971,0.0,0.0,0.0
2023-05-02 10:30:00-04:00,51.29999923706055,51.400001525878906,51.25,51.290000915527344,27173,0.0,0.0,0.0
2023-05-02 11:30:00-04:00,51.27000045776367,51.38999938964844,51.20000076293945,51.369998931884766,34632,0.0,0.0,0.0
2023-05-02 12:30:00-04:00,51.380001068115234,51.45000076293945,51.349998474121094,51.439998626708984,15582,0.0,0.0,0.0
2023-05-02 13:30:00-04:00,51.45000076293945,51.52000045776367,51.439998626708984,51.47999954223633,18735,0.0,0.0,0.0
2023-05-02 14:30:00-04:00,51.47999954223633,51.55500030517578,51.459999084472656,51.540000915527344,37709,0.0,0.0,0.0
2023-05-02 15:30:00-04:00,51.540000915527344,51.560001373291016,51.51499938964844,51.529998779296875,15742,0.0,0.0,0.0
2023-05-03 09:30:00-04:00,51.720001220703125,51.79999923706055,51.70000076293945,51.790000915527344,90490,0.0,0.0,0.0
2023-05-03 10:30:00-04:00,51.77000045776367,51.84000015258789,51.7400016784668,51.83000183105469,36232,0.0,0.0,0.0
2023-05-03 11:30:00-04:00,51.81999969482422,51.900001525878906,51.790000915527344,51.900001525878906,14611,0.0,0.0,0.0
2023-05-03 12:30:00-04:00,51.900001525878906,51.95500183105469,51.849998474121094,51.95000076293945,35372,0.0,0.0,0.0
2023-05-03 13:30:00-04:00,51.95500183105469,52.060001373291016,51.90010070800781,52.0099983215332,43949,0.0,0.0,0.0
2023-05-03 14:30:00-04:00,52.0099983215332,52.08000183105469,51.7400016784668,51.75,59985,0.0,0.0,0.0
2023-05-03 15:30:00-04:00,51.7400016784668,51.75,51.66999816894531,51.68000030517578,53020,0.0,0.0,0.0
2023-05-04 09:30:00-04:00,51.459999084472656,51.5099983215332,51.25,51.34000015258789,32588,0.0,0.0,0.0
2023-05-04 10:30:00-04:00,51.33000183105469,51.43000030517578,51.2599983215332,51.36000061035156,40548,0.0,0.0,0.0
2023-05-04 11:30:00-04:00,51.349998474121094,51.45000076293945,51.31999969482422,51.45000076293945,34912,0.0,0.0,0.0
2023-05-04 12:30:00-04:00,51.459999084472656,51.61000061035156,51.42169952392578,51.59000015258789,14144,0.0,0.0,0.0
2023-05-04 13:30:00-04:00,51.599998474121094,51.619998931884766,51.45000076293945,51.45000076293945,13859,0.0,0.0,0.0
2023-05-04 14:30:00-04:00,51.40999984741211,51.525001525878906,51.400001525878906,51.45000076293945,22144,0.0,0.0,0.0
2023-05-04 15:30:00-04:00,51.45000076293945,51.529998779296875,51.43000030517578,51.439998626708984,29832,0.0,0.0,0.0
2023-05-05 09:30:00-04:00,51.68000030517578,51.849998474121094,51.610599517822266,51.84519958496094,0,0.0,0.0,0.0
2023-05-05 10:30:00-04:00,51.849998474121094,52.01499938964844,51.83000183105469,52.01499938964844,15800,0.0,0.0,0.0
2023-05-05 11:30:00-04:00,52.029998779296875,52.06999969482422,52.0,52.04999923706055,16518,0.0,0.0,0.0
2023-05-05 12:30:00-04:00,52.060001373291016,52.130001068115234,52.060001373291016,52.099998474121094,2905,0.0,0.0,0.0
2023-05-05 13:30:00-04:00,52.09000015258789,52.13999938964844,52.06999969482422,52.13999938964844,7190,0.0,0.0,0.0
2023-05-05 14:30:00-04:00,52.154998779296875,52.25,52.150001525878906,52.189998626708984,24494,0.0,0.0,0.0
2023-05-05 15:30:00-04:00,52.209999084472656,52.220001220703125,52.13999938964844,52.150001525878906,27604,0.0,0.0,0.0
2023-05-08 09:30:00-04:00,52.310001373291016,52.334999084472656,52.220001220703125,52.220001220703125,22795,0.0,0.0,0.0
2023-05-08 10:30:00-04:00,52.220001220703125,52.27000045776367,52.209999084472656,52.255001068115234,75027,0.0,0.0,0.0
2023-05-08 11:30:00-04:00,52.25,52.310001373291016,52.25,52.310001373291016,6427,0.0,0.0,0.0
2023-05-08 12:30:00-04:00,52.29999923706055,52.310001373291016,52.27000045776367,52.27000045776367,18241,0.0,0.0,0.0
2023-05-08 13:30:00-04:00,52.279998779296875,52.29010009765625,52.13999938964844,52.2400016784668,17719,0.0,0.0,0.0
2023-05-08 14:30:00-04:00,52.2400016784668,52.255001068115234,52.189998626708984,52.189998626708984,23152,0.0,0.0,0.0
2023-05-08 15:30:00-04:00,52.19499969482422,52.22999954223633,52.16999816894531,52.220001220703125,143861,0.0,0.0,0.0
2023-05-09 09:30:00-04:00,51.560001373291016,51.720001220703125,51.540000915527344,51.70000076293945,17458,0.0,0.0,0.0
2023-05-09 10:30:00-04:00,51.689998626708984,51.79999923706055,51.68000030517578,51.744998931884766,7882,0.0,0.0,0.0
2023-05-09 11:30:00-04:00,51.7400016784668,51.779998779296875,51.724998474121094,51.7599983215332,22453,0.0,0.0,0.0
2023-05-09 12:30:00-04:00,51.77000045776367,51.78499984741211,51.72999954223633,51.78499984741211,8237,0.0,0.0,0.0
2023-05-09 13:30:00-04:00,51.79499816894531,51.87739944458008,51.790000915527344,51.87089920043945,6300,0.0,0.0,0.0
2023-05-09 14:30:00-04:00,51.880001068115234,51.880001068115234,51.83000183105469,51.869998931884766,5115,0.0,0.0,0.0
2023-05-09 15:30:00-04:00,51.869998931884766,51.875,51.810001373291016,51.81999969482422,10366,0.0,0.0,0.0
2023-05-10 09:30:00-04:00,51.869998931884766,51.93000030517578,51.54999923706055,51.70000076293945,0,0.0,0.0,0.0
2023-05-10 10:30:00-04:00,51.70000076293945,51.70000076293945,51.540000915527344,51.630401611328125,34327,0.0,0.0,0.0
2023-05-10 11:30:00-04:00,51.630001068115234,51.65999984741211,51.560001373291016,51.599998474121094,19840,0.0,0.0,0.0
2023-05-10 12:30:00-04:00,51.61000061035156,51.61000061035156,51.39500045776367,51.39500045776367,14043,0.0,0.0,0.0
2023-05-10 13:30:00-04:00,51.38999938964844,51.584999084472656,51.3849983215332,51.584999084472656,39766,0.0,0.0,0.0
2023-05-10 14:30:00-04:00,51.65999984741211,51.77000045776367,51.63999938964844,51.7599983215332,13589,0.0,0.0,0.0
2023-05-10 15:30:00-04:00,51.75,51.779998779296875,51.689998626708984,51.72999954223633,25521,0.0,0.0,0.0
2023-05-11 09:30:00-04:00,51.34000015258789,51.34000015258789,51.11000061035156,51.209999084472656,0,0.0,0.0,0.0
2023-05-11 10:30:00-04:00,51.20000076293945,51.45000076293945,51.20000076293945,51.435001373291016,58961,0.0,0.0,0.0
2023-05-11 11:30:00-04:00,51.439998626708984,51.5,51.38999938964844,51.4900016784668,36961,0.0,0.0,0.0
2023-05-11 12:30:00-04:00,51.4921989440918,51.5015983581543,51.459999084472656,51.470001220703125,34425,0.0,0.0,0.0
2023-05-11 13:30:00-04:00,51.45000076293945,51.47999954223633,51.36000061035156,51.439998626708984,50507,0.0,0.0,0.0
2023-05-11 14:30:00-04:00,51.439998626708984,51.5099983215332,51.439998626708984,51.494998931884766,28704,0.0,0.0,0.0
2023-05-11 15:30:00-04:00,51.5,51.52000045776367,51.468299865722656,51.5099983215332,32005,0.0,0.0,0.0
2023-05-12 09:30:00-04:00,51.54999923706055,51.59000015258789,51.474998474121094,51.529998779296875,0,0.0,0.0,0.0
2023-05-12 10:30:00-04:00,51.5099983215332,51.5099983215332,51.369998931884766,51.39500045776367,48046,0.0,0.0,0.0
2023-05-12 11:30:00-04:00,51.400001525878906,51.43000030517578,51.290000915527344,51.29999923706055,47615,0.0,0.0,0.0
2023-05-12 12:30:00-04:00,51.27000045776367,51.35499954223633,51.224998474121094,51.35499954223633,73044,0.0,0.0,0.0
2023-05-12 13:30:00-04:00,51.35499954223633,51.36000061035156,51.22999954223633,51.25,22512,0.0,0.0,0.0
2023-05-12 14:30:00-04:00,51.2400016784668,51.290000915527344,51.209999084472656,51.27000045776367,41851,0.0,0.0,0.0
2023-05-12 15:30:00-04:00,51.290000915527344,51.40999984741211,51.290000915527344,51.40999984741211,112134,0.0,0.0,0.0
2023-05-15 09:30:00-04:00,51.52000045776367,51.59000015258789,51.470001220703125,51.529998779296875,46797,0.0,0.0,0.0
2023-05-15 10:30:00-04:00,51.529998779296875,51.599998474121094,51.52000045776367,51.59000015258789,51822,0.0,0.0,0.0
2023-05-15 11:30:00-04:00,51.584999084472656,51.61000061035156,51.58000183105469,51.59000015258789,39753,0.0,0.0,0.0
2023-05-15 12:30:00-04:00,51.630001068115234,51.744998931884766,51.630001068115234,51.689998626708984,5090,0.0,0.0,0.0
2023-05-15 13:30:00-04:00,51.689998626708984,51.70000076293945,51.6150016784668,51.66999816894531,11884,0.0,0.0,0.0
2023-05-15 14:30:00-04:00,51.67900085449219,51.709999084472656,51.67900085449219,51.70000076293945,16472,0.0,0.0,0.0
2023-05-15 15:30:00-04:00,51.70000076293945,51.72999954223633,51.689998626708984,51.720001220703125,30121,0.0,0.0,0.0
2023-05-16 09:30:00-04:00,51.43000030517578,51.5099983215332,51.27000045776367,51.33000183105469,37732,0.0,0.0,0.0
2023-05-16 10:30:00-04:00,51.380001068115234,51.3849983215332,51.290000915527344,51.380001068115234,29790,0.0,0.0,0.0
2023-05-16 11:30:00-04:00,51.380001068115234,51.40999984741211,51.279998779296875,51.349998474121094,16049,0.0,0.0,0.0
2023-05-16 12:30:00-04:00,51.349998474121094,51.38999938964844,51.31999969482422,51.31999969482422,14059,0.0,0.0,0.0
2023-05-16 13:30:00-04:00,51.32500076293945,51.33000183105469,51.26499938964844,51.290000915527344,10668,0.0,0.0,0.0
2023-05-16 14:30:00-04:00,51.290000915527344,51.32500076293945,51.28499984741211,51.310001373291016,31657,0.0,0.0,0.0
2023-05-16 15:30:00-04:00,51.310001373291016,51.318599700927734,51.20500183105469,51.21500015258789,65279,0.0,0.0,0.0
2023-05-17 09:30:00-04:00,51.22999954223633,51.25270080566406,51.02000045776367,51.099998474121094,0,0.0,0.0,0.0
2023-05-17 10:30:00-04:00,51.15999984741211,51.15999984741211,51.04800033569336,51.119998931884766,41726,0.0,0.0,0.0
2023-05-17 11:30:00-04:00,51.13999938964844,51.209999084472656,51.1150016784668,51.20000076293945,38234,0.0,0.0,0.0
2023-05-17 12:30:00-04:00,51.279998779296875,51.43000030517578,51.279998779296875,51.41999816894531,15296,0.0,0.0,0.0
2023-05-17 13:30:00-04:00,51.439998626708984,51.47999954223633,51.43000030517578,51.43000030517578,5644,0.0,0.0,0.0
2023-05-17 14:30:00-04:00,51.41999816894531,51.435001373291016,51.369998931884766,51.380001068115234,32906,0.0,0.0,0.0
2023-05-17 15:30:00-04:00,51.400001525878906,51.45000076293945,51.39500045776367,51.43000030517578,48897,0.0,0.0,0.0
2023-05-18 09:30:00-04:00,51.31999969482422,51.31999969482422,51.12009811401367,51.221099853515625,36567,0.0,0.0,0.0
2023-05-18 10:30:00-04:00,51.25,51.2599983215332,51.18000030517578,51.22999954223633,4970,0.0,0.0,0.0
2023-05-18 11:30:00-04:00,51.220001220703125,51.290000915527344,51.119998931884766,51.119998931884766,110627,0.0,0.0,0.0
2023-05-18 12:30:00-04:00,51.119998931884766,51.16999816894531,51.099998474121094,51.130001068115234,26514,0.0,0.0,0.0
2023-05-18 13:30:00-04:00,51.130001068115234,51.150001525878906,51.070899963378906,51.150001525878906,3672,0.0,0.0,0.0
2023-05-18 14:30:00-04:00,51.17499923706055,51.25,51.16999816894531,51.2400016784668,10281,0.0,0.0,0.0
2023-05-18 15:30:00-04:00,51.25,51.375,51.25,51.3650016784668,24997,0.0,0.0,0.0
2023-05-19 09:30:00-04:00,51.689998626708984,51.779998779296875,51.5099983215332,51.75,61397,0.0,0.0,0.0
2023-05-19 10:30:00-04:00,51.7599983215332,51.880001068115234,51.68009948730469,51.77000045776367,17107,0.0,0.0,0.0
2023-05-19 11:30:00-04:00,51.65999984741211,51.75,51.650001525878906,51.66999816894531,28627,0.0,0.0,0.0
2023-05-19 12:30:00-04:00,51.619998931884766,51.775001525878906,51.619998931884766,51.7400016784668,8266,0.0,0.0,0.0
2023-05-19 13:30:00-04:00,51.7400016784668,51.77000045776367,51.67900085449219,51.709999084472656,10303,0.0,0.0,0.0
2023-05-19 14:30:00-04:00,51.68000030517578,51.709999084472656,51.665000915527344,51.665000915527344,17212,0.0,0.0,0.0
2023-05-19 15:30:00-04:00,51.65999984741211,51.75,51.6349983215332,51.72999954223633,18181,0.0,0.0,0.0
2023-05-22 09:30:00-04:00,51.59000015258789,51.7400016784668,51.59000015258789,51.630001068115234,37651,0.0,0.0,0.0
2023-05-22 10:30:00-04:00,51.65010070800781,51.65010070800781,51.58000183105469,51.619998931884766,5124,0.0,0.0,0.0
2023-05-22 11:30:00-04:00,51.630001068115234,51.70500183105469,51.619998931884766,51.68989944458008,5218,0.0,0.0,0.0
2023-05-22 12:30:00-04:00,51.689998626708984,51.689998626708984,51.63999938964844,51.665000915527344,9932,0.0,0.0,0.0
2023-05-22 13:30:00-04:00,51.70000076293945,51.73500061035156,51.689998626708984,51.72999954223633,11983,0.0,0.0,0.0
2023-05-22 14:30:00-04:00,51.7400016784668,51.750099182128906,51.660099029541016,51.67499923706055,18190,0.0,0.0,0.0
2023-05-22 15:30:00-04:00,51.68000030517578,51.68000030517578,51.630001068115234,51.66999816894531,27589,0.0,0.0,0.0
2023-05-23 09:30:00-04:00,51.279998779296875,51.345401763916016,51.22999954223633,51.29999923706055,34122,0.0,0.0,0.0
2023-05-23 10:30:00-04:00,51.290000915527344,51.290000915527344,51.16999816894531,51.16999816894531,0,0.0,0.0,0.0
2023-05-23 11:30:00-04:00,51.18000030517578,51.224998474121094,51.10499954223633,51.10499954223633,61501,0.0,0.0,0.0
2023-05-23 12:30:00-04:00,51.1150016784668,51.119998931884766,51.029998779296875,51.040000915527344,30508,0.0,0.0,0.0
2023-05-23 13:30:00-04:00,51.029998779296875,51.08000183105469,50.900001525878906,50.939998626708984,44442,0.0,0.0,0.0
2023-05-23 14:30:00-04:00,50.93000030517578,50.98500061035156,50.90999984741211,50.94499969482422,54065,0.0,0.0,0.0
2023-05-23 15:30:00-04:00,50.94499969482422,50.96500015258789,50.880001068115234,50.900001525878906,36279,0.0,0.0,0.0
2023-05-24 09:30:00-04:00,50.38999938964844,50.38999938964844,50.08000183105469,50.119998931884766,49418,0.0,0.0,0.0
2023-05-24 10:30:00-04:00,50.119998931884766,50.220001220703125,50.11000061035156,50.18000030517578,31856,0.0,0.0,0.0
2023-05-24 11:30:00-04:00,50.18000030517578,50.209999084472656,50.119998931884766,50.130001068115234,33074,0.0,0.0,0.0
2023-05-24 12:30:00-04:00,50.130001068115234,50.20000076293945,50.11000061035156,50.15999984741211,19755,0.0,0.0,0.0
2023-05-24 13:30:00-04:00,50.15999984741211,50.220001220703125,50.130001068115234,50.130001068115234,70283,0.0,0.0,0.0
2023-05-24 14:30:00-04:00,50.125,50.189998626708984,50.064998626708984,50.16999816894531,36035,0.0,0.0,0.0
2023-05-24 15:30:00-04:00,50.16999816894531,50.220001220703125,50.095001220703125,50.11000061035156,54288,0.0,0.0,0.0
2023-05-25 09:30:00-04:00,50.099998474121094,50.099998474121094,49.869998931884766,49.91999816894531,149084,0.0,0.0,0.0
2023-05-25 10:30:00-04:00,49.91999816894531,50.01499938964844,49.900001525878906,49.900001525878906,140002,0.0,0.0,0.0
2023-05-25 11:30:00-04:00,49.900001525878906,49.90999984741211,49.790000915527344,49.875,46536,0.0,0.0,0.0
2023-05-25 12:30:00-04:00,49.880001068115234,49.96500015258789,49.814998626708984,49.959999084472656,57348,0.0,0.0,0.0
2023-05-25 13:30:00-04:00,49.95500183105469,50.06999969482422,49.95500183105469,50.04499816894531,45157,0.0,0.0,0.0
2023-05-25 14:30:00-04:00,50.03499984741211,50.03499984741211,49.91999816894531,50.025001525878906,50495,0.0,0.0,0.0
2023-05-25 15:30:00-04:00,50.02000045776367,50.03499984741211,49.974998474121094,50.0099983215332,69880,0.0,0.0,0.0
2023-05-26 09:30:00-04:00,50.29999923706055,50.54999923706055,50.290000915527344,50.53499984741211,0,0.0,0.0,0.0
2023-05-26 10:30:00-04:00,50.53499984741211,50.540000915527344,50.43000030517578,50.45000076293945,88878,0.0,0.0,0.0
2023-05-26 11:30:00-04:00,50.439998626708984,50.5099983215332,50.404998779296875,50.5099983215332,54294,0.0,0.0,0.0
2023-05-26 12:30:00-04:00,50.51499938964844,50.540000915527344,50.5,50.5099983215332,22140,0.0,0.0,0.0
2023-05-26 13:30:00-04:00,50.505001068115234,50.56999969482422,50.494998931884766,50.560001373291016,30816,0.0,0.0,0.0
2023-05-26 14:30:00-04:00,50.564998626708984,50.619998931884766,50.560001373291016,50.58000183105469,44652,0.0,0.0,0.0
2023-05-26 15:30:00-04:00,50.56999969482422,50.584999084472656,50.52000045776367,50.54999923706055,48207,0.0,0.0,0.0
2023-05-30 09:30:00-04:00,50.45000076293945,50.45000076293945,50.150001525878906,50.150001525878906,0,0.0,0.0,0.0
2023-05-30 10:30:00-04:00,50.189998626708984,50.2400016784668,49.93000030517578,49.97999954223633,27173,0.0,0.0,0.0
2023-05-30 11:30:00-04:00,49.97999954223633,50.04999923706055,49.97999954223633,50.02000045776367,19045,0.0,0.0,0.0
2023-05-30 12:30:00-04:00,50.0099983215332,50.029998779296875,49.900001525878906,49.900001525878906,33266,0.0,0.0,0.0
2023-05-30 13:30:00-04:00,49.88999938964844,49.9900016784668,49.880001068115234,49.9900016784668,13192,0.0,0.0,0.0
2023-05-30 14:30:00-04:00,49.9900016784668,50.040000915527344,49.970001220703125,50.040000915527344,49670,0.0,0.0,0.0
2023-05-30 15:30:00-04:00,50.04999923706055,50.060001373291016,50.0,50.029998779296875,40768,0.0,0.0,0.0
2023-05-31 09:30:00-04:00,49.540000915527344,49.619998931884766,49.16999816894531,49.189998626708984,97700,0.0,0.0,0.0
2023-05-31 10:30:00-04:00,49.189998626708984,49.25,49.09000015258789,49.099998474121094,47493,0.0,0.0,0.0
2023-05-31 11:30:00-04:00,49.15999984741211,49.279998779296875,49.150001525878906,49.16999816894531,13683,0.0,0.0,0.0
2023-05-31 12:30:00-04:00,49.150001525878906,49.22999954223633,49.13999938964844,49.209999084472656,47492,0.0,0.0,0.0
2023-05-31 13:30:00-04:00,49.279998779296875,49.439998626708984,49.25,49.439998626708984,12487,0.0,0.0,0.0
2023-05-31 14:30:00-04:00,49.41999816894531,49.46500015258789,49.380001068115234,49.40999984741211,76057,0.0,0.0,0.0
2023-05-31 15:30:00-04:00,49.40999984741211,49.5099983215332,49.404998779296875,49.45000076293945,101495,0.0,0.0,0.0
2023-06-01 09:30:00-04:00,49.599998474121094,49.720001220703125,49.560001373291016,49.720001220703125,79620,0.0,0.0,0.0
2023-06-01 10:30:00-04:00,49.709999084472656,49.93000030517578,49.70000076293945,49.91999816894531,28299,0.0,0.0,0.0
2023-06-01 11:30:00-04:00,49.91999816894531,50.040000915527344,49.91999816894531,50.029998779296875,16021,0.0,0.0,0.0
2023-06-01 12:30:00-04:00,50.04999923706055,50.08000183105469,50.029998779296875,50.06999969482422,44078,0.0,0.0,0.0
2023-06-01 13:30:00-04:00,50.052799224853516,50.119998931884766,50.04999923706055,50.11000061035156,6848,0.0,0.0,0.0
2023-06-01 14:30:00-04:00,50.1150016784668,50.130001068115234,50.084999084472656,50.09000015258789,34175,0.0,0.0,0.0
2023-06-01 15:30:00-04:00,50.08000183105469,50.084999084472656,50.0099983215332,50.05500030517578,52706,0.0,0.0,0.0
2023-06-02 09:30:00-04:00,50.529998779296875,50.68000030517578,50.5,50.540000915527344,178005,0.0,0.0,0.0
2023-06-02 10:30:00-04:00,50.540000915527344,50.640098571777344,50.5,50.63999938964844,35570,0.0,0.0,0.0
2023-06-02 11:30:00-04:00,50.630001068115234,50.630001068115234,50.4900016784668,50.54499816894531,8822,0.0,0.0,0.0
2023-06-02 12:30:00-04:00,50.55590057373047,50.619998931884766,50.5458984375,50.61000061035156,24053,0.0,0.0,0.0
2023-06-02 13:30:00-04:00,50.61000061035156,50.61000061035156,50.54999923706055,50.56999969482422,11416,0.0,0.0,0.0
2023-06-02 14:30:00-04:00,50.61000061035156,50.659000396728516,50.599998474121094,50.619998931884766,30654,0.0,0.0,0.0
2023-06-02 15:30:00-04:00,50.61000061035156,50.6349983215332,50.59000015258789,50.61000061035156,85254,0.0,0.0,0.0
2023-06-05 09:30:00-04:00,50.41999816894531,50.470001220703125,50.2599983215332,50.31999969482422,85933,0.0,0.0,0.0
2023-06-05 10:30:00-04:00,50.27000045776367,50.38999938964844,50.27000045776367,50.314998626708984,22197,0.0,0.0,0.0
2023-06-05 11:30:00-04:00,50.310001373291016,50.38999938964844,50.2599983215332,50.369998931884766,4713,0.0,0.0,0.0
2023-06-05 12:30:00-04:00,50.380001068115234,50.38999938964844,50.310001373291016,50.310001373291016,8556,0.0,0.0,0.0
2023-06-05 13:30:00-04:00,50.28120040893555,50.32419967651367,50.279998779296875,50.312801361083984,21569,0.0,0.0,0.0
2023-06-05 14:30:00-04:00,50.31999969482422,50.31999969482422,50.20500183105469,50.25,51779,0.0,0.0,0.0
2023-06-05 15:30:00-04:00,50.27000045776367,50.290000915527344,50.23500061035156,50.2599983215332,35945,0.0,0.0,0.0
2023-06-06 09:30:00-04:00,50.20000076293945,50.34000015258789,50.189998626708984,50.290000915527344,0,0.0,0.0,0.0
2023-06-06 10:30:00-04:00,50.310001373291016,50.41999816894531,50.279998779296875,50.419898986816406,14013,0.0,0.0,0.0
2023-06-06 11:30:00-04:00,50.41999816894531,50.5,50.40999984741211,50.45000076293945,9070,0.0,0.0,0.0
2023-06-06 12:30:00-04:00,50.438899993896484,50.45000076293945,50.38999938964844,50.38999938964844,18786,0.0,0.0,0.0
2023-06-06 13:30:00-04:00,50.41999816894531,50.439998626708984,50.369998931884766,50.439998626708984,13254,0.0,0.0,0.0
2023-06-06 14:30:00-04:00,50.45500183105469,50.5,50.43000030517578,50.5,10539,0.0,0.0,0.0
2023-06-06 15:30:00-04:00,50.494998931884766,50.52000045776367,50.459999084472656,50.5,21230,0.0,0.0,0.0
2023-06-07 09:30:00-04:00,49.439998626708984,49.560001373291016,49.334999084472656,49.334999084472656,62974,0.0,0.0,0.0
2023-06-07 10:30:00-04:00,49.349998474121094,49.349998474121094,49.22999954223633,49.279998779296875,38348,0.0,0.0,0.0
2023-06-07 11:30:00-04:00,49.279998779296875,49.290000915527344,49.18000030517578,49.20000076293945,26648,0.0,0.0,0.0
2023-06-07 12:30:00-04:00,49.20009994506836,49.2400016784668,49.130001068115234,49.16999816894531,28691,0.0,0.0,0.0
2023-06-07 13:30:00-04:00,49.15999984741211,49.22999954223633,49.130001068115234,49.209999084472656,21463,0.0,0.0,0.0
2023-06-07 14:30:00-04:00,49.209999084472656,49.255001068115234,49.189998626708984,49.22999954223633,26465,0.0,0.0,0.0
2023-06-07 15:30:00-04:00,49.2400016784668,49.25,49.08000183105469,49.125,93906,0.0,0.0,0.0
2023-06-08 09:30:00-04:00,49.45000076293945,49.54999923706055,49.404998779296875,49.54999923706055,15748,0.0,0.0,0.0
2023-06-08 10:30:00-04:00,49.560001373291016,49.5900993347168,49.540000915527344,49.59000015258789,12461,0.0,0.0,0.0
2023-06-08 11:30:00-04:00,49.625,49.630001068115234,49.54999923706055,49.62810134887695,10861,0.0,0.0,0.0
2023-06-08 12:30:00-04:00,49.66999816894531,49.67900085449219,49.619998931884766,49.630001068115234,8553,0.0,0.0,0.0
2023-06-08 13:30:00-04:00,49.625,49.630001068115234,49.599998474121094,49.630001068115234,5693,0.0,0.0,0.0
2023-06-08 14:30:00-04:00,49.66999816894531,49.689998626708984,49.654998779296875,49.66999816894531,33320,0.0,0.0,0.0
2023-06-08 15:30:00-04:00,49.66999816894531,49.709999084472656,49.66999816894531,49.68000030517578,94991,0.0,0.0,0.0
2023-06-09 09:30:00-04:00,49.470001220703125,49.505001068115234,49.38999938964844,49.48500061035156,0,0.0,0.0,0.0
2023-06-09 10:30:00-04:00,49.494998931884766,49.494998931884766,49.36000061035156,49.36000061035156,31871,0.0,0.0,0.0
2023-06-09 11:30:00-04:00,49.36000061035156,49.415000915527344,49.33000183105469,49.3650016784668,10380,0.0,0.0,0.0
2023-06-09 12:30:00-04:00,49.369998931884766,49.400001525878906,49.33000183105469,49.38999938964844,9846,0.0,0.0,0.0
2023-06-09 13:30:00-04:00,49.400001525878906,49.44810104370117,49.400001525878906,49.41790008544922,0,0.0,0.0,0.0
2023-06-09 14:30:00-04:00,49.41999816894531,49.435001373291016,49.38999938964844,49.42789840698242,124579,0.0,0.0,0.0
2023-06-09 15:30:00-04:00,49.42499923706055,49.42499923706055,49.375,49.404998779296875,41793,0.0,0.0,0.0
2023-06-12 09:30:00-04:00,49.61000061035156,49.63999938964844,49.459999084472656,49.459999084472656,0,0.0,0.0,0.0
2023-06-12 10:30:00-04:00,49.47999954223633,49.5,49.41999816894531,49.43000030517578,36267,0.0,0.0,0.0
2023-06-12 11:30:00-04:00,49.43000030517578,49.45000076293945,49.400001525878906,49.43000030517578,5494,0.0,0.0,0.0
2023-06-12 12:30:00-04:00,49.43000030517578,49.470001220703125,49.43000030517578,49.439998626708984,49046,0.0,0.0,0.0
2023-06-12 13:30:00-04:00,49.42499923706055,49.4900016784668,49.42499923706055,49.459999084472656,34627,0.0,0.0,0.0
2023-06-12 14:30:00-04:00,49.459999084472656,49.59000015258789,49.45500183105469,49.57500076293945,40000,0.0,0.0,0.0
2023-06-12 15:30:00-04:00,49.58000183105469,49.61000061035156,49.56999969482422,49.599998474121094,27953,0.0,0.0,0.0
2023-06-13 09:30:00-04:00,49.90999984741211,49.9900016784668,49.84000015258789,49.95000076293945,140032,0.0,0.0,0.0
2023-06-13 10:30:00-04:00,49.959999084472656,50.040000915527344,49.93000030517578,50.0,142490,0.0,0.0,0.0
2023-06-13 11:30:00-04:00,49.959999084472656,49.97999954223633,49.904998779296875,49.97999954223633,41304,0.0,0.0,0.0
2023-06-13 12:30:00-04:00,49.9900016784668,50.029998779296875,49.989601135253906,50.0099983215332,5453,0.0,0.0,0.0
2023-06-13 13:30:00-04:00,49.9900016784668,49.9900016784668,49.880001068115234,49.8849983215332,9464,0.0,0.0,0.0
2023-06-13 14:30:00-04:00,49.88999938964844,49.96500015258789,49.869998931884766,49.95500183105469,19869,0.0,0.0,0.0
2023-06-13 15:30:00-04:00,49.95500183105469,49.98500061035156,49.939998626708984,49.97999954223633,46168,0.0,0.0,0.0
2023-06-14 09:30:00-04:00,50.36000061035156,50.41999816894531,50.34000015258789,50.38999938964844,91278,0.0,0.0,0.0
2023-06-14 10:30:00-04:00,50.380001068115234,50.44499969482422,50.369998931884766,50.43000030517578,22779,0.0,0.0,0.0
2023-06-14 11:30:00-04:00,50.43000030517578,50.435001373291016,50.33000183105469,50.400001525878906,281780,0.0,0.0,0.0
2023-06-14 12:30:00-04:00,50.38999938964844,50.39500045776367,50.310001373291016,50.310001373291016,146653,0.0,0.0,0.0
2023-06-14 13:30:00-04:00,50.29999923706055,50.349998474121094,49.959999084472656,49.97999954223633,32411,0.0,0.0,0.0
2023-06-14 14:30:00-04:00,49.97999954223633,50.29999923706055,49.939998626708984,50.189998626708984,54521,0.0,0.0,0.0
2023-06-14 15:30:00-04:00,50.13999938964844,50.209999084472656,50.08000183105469,50.189998626708984,47956,0.0,0.0,0.0
2023-06-15 09:30:00-04:00,50.33000183105469,50.599998474121094,50.25,50.599998474121094,33498,0.0,0.0,0.0
2023-06-15 10:30:00-04:00,50.56999969482422,50.70000076293945,50.529998779296875,50.70000076293945,19492,0.0,0.0,0.0
2023-06-15 11:30:00-04:00,50.70000076293945,50.77000045776367,50.65999984741211,50.7599983215332,26817,0.0,0.0,0.0
2023-06-15 12:30:00-04:00,50.739898681640625,50.75,50.689998626708984,50.720001220703125,12006,0.0,0.0,0.0
2023-06-15 13:30:00-04:00,50.73500061035156,50.79999923706055,50.73500061035156,50.779998779296875,8682,0.0,0.0,0.0
2023-06-15 14:30:00-04:00,50.79999923706055,50.89830017089844,50.79999923706055,50.849998474121094,31976,0.0,0.0,0.0
2023-06-15 15:30:00-04:00,50.869998931884766,50.869998931884766,50.79999923706055,50.84000015258789,39342,0.0,0.0,0.0
2023-06-16 09:30:00-04:00,51.189998626708984,51.189998626708984,51.0099983215332,51.029998779296875,57317,0.0,0.0,0.0
2023-06-16 10:30:00-04:00,51.06999969482422,51.099998474121094,50.959999084472656,50.9900016784668,71951,0.0,0.0,0.0
2023-06-16 11:30:00-04:00,50.9900016784668,51.0,50.88119888305664,50.95000076293945,16016,0.0,0.0,0.0
2023-06-16 12:30:00-04:00,50.970001220703125,51.040000915527344,50.96989822387695,51.01499938964844,230220,0.0,0.0,0.0
2023-06-16 13:30:00-04:00,51.0099983215332,51.02000045776367,50.974998474121094,51.005001068115234,37556,0.0,0.0,0.0
2023-06-16 14:30:00-04:00,51.005001068115234,51.005001068115234,50.88999938964844,50.904998779296875,49498,0.0,0.0,0.0
2023-06-16 15:30:00-04:00,50.904998779296875,50.91999816894531,50.84000015258789,50.849998474121094,47949,0.0,0.0,0.0
2023-06-20 09:30:00-04:00,50.2599983215332,50.31999969482422,50.060001373291016,50.06999969482422,124048,0.0,0.0,0.0
2023-06-20 10:30:00-04:00,50.04999923706055,50.125,50.029998779296875,50.060001373291016,36858,0.0,0.0,0.0
2023-06-20 11:30:00-04:00,50.060001373291016,50.15999984741211,50.040000915527344,50.15999984741211,13420,0.0,0.0,0.0
2023-06-20 12:30:00-04:00,50.15999984741211,50.244998931884766,50.13999938964844,50.21500015258789,35549,0.0,0.0,0.0
2023-06-20 13:30:00-04:00,50.2400016784668,50.2400016784668,50.18000030517578,50.224998474121094,19452,0.0,0.0,0.0
2023-06-20 14:30:00-04:00,50.224998474121094,50.22999954223633,50.18000030517578,50.20500183105469,26825,0.0,0.0,0.0
2023-06-20 15:30:00-04:00,50.20500183105469,50.224998474121094,50.13999938964844,50.13999938964844,127076,0.0,0.0,0.0
2023-06-21 09:30:00-04:00,49.869998931884766,50.040000915527344,49.84000015258789,50.040000915527344,82126,0.0,0.0,0.0
2023-06-21 10:30:00-04:00,50.08000183105469,50.130001068115234,49.959999084472656,50.02000045776367,32090,0.0,0.0,0.0
2023-06-21 11:30:00-04:00,50.060001373291016,50.12009811401367,50.03499984741211,50.12009811401367,51748,0.0,0.0,0.0
2023-06-21 12:30:00-04:00,50.13999938964844,50.150001525878906,50.08000183105469,50.08000183105469,3317,0.0,0.0,0.0
2023-06-21 13:30:00-04:00,50.130001068115234,50.244998931884766,50.119998931884766,50.244998931884766,5536,0.0,0.0,0.0
2023-06-21 14:30:00-04:00,50.26499938964844,50.27000045776367,50.189998626708984,50.20000076293945,32122,0.0,0.0,0.0
2023-06-21 15:30:00-04:00,50.185001373291016,50.185001373291016,50.08000183105469,50.08000183105469,44956,0.0,0.0,0.0
2023-06-22 09:30:00-04:00,49.77000045776367,49.91999816894531,49.7599983215332,49.869998931884766,17629,0.0,0.0,0.0
2023-06-22 10:30:00-04:00,49.8650016784668,49.8827018737793,49.790000915527344,49.790000915527344,24214,0.0,0.0,0.0
2023-06-22 11:30:00-04:00,49.779998779296875,49.90999984741211,49.77000045776367,49.84000015258789,13887,0.0,0.0,0.0
2023-06-22 12:30:00-04:00,49.869998931884766,49.875,49.810001373291016,49.8390007019043,12040,0.0,0.0,0.0
2023-06-22 13:30:00-04:00,49.84000015258789,49.90999984741211,49.81999969482422,49.875,38848,0.0,0.0,0.0
2023-06-22 14:30:00-04:00,49.880001068115234,49.915000915527344,49.85219955444336,49.85219955444336,62647,0.0,0.0,0.0
2023-06-22 15:30:00-04:00,49.84000015258789,49.904998779296875,49.83000183105469,49.900001525878906,21807,0.0,0.0,0.0
2023-06-23 09:30:00-04:00,49.27000045776367,49.439998626708984,49.220001220703125,49.439998626708984,44674,0.0,0.0,0.0
2023-06-23 10:30:00-04:00,49.435001373291016,49.47999954223633,49.279998779296875,49.29499816894531,14480,0.0,0.0,0.0
2023-06-23 11:30:00-04:00,49.314998626708984,49.40999984741211,49.314998626708984,49.400001525878906,22377,0.0,0.0,0.0
2023-06-23 12:30:00-04:00,49.400001525878906,49.45000076293945,49.38999938964844,49.45000076293945,49473,0.0,0.0,0.0
2023-06-23 13:30:00-04:00,49.45000076293945,49.470001220703125,49.400001525878906,49.40010070800781,20999,0.0,0.0,0.0
2023-06-23 14:30:00-04:00,49.380001068115234,49.380001068115234,49.29999923706055,49.32619857788086,23075,0.0,0.0,0.0
2023-06-23 15:30:00-04:00,49.32500076293945,49.369998931884766,49.290000915527344,49.349998474121094,34604,0.0,0.0,0.0
2023-06-26 09:30:00-04:00,49.400001525878906,49.540000915527344,49.400001525878906,49.439998626708984,102607,0.0,0.0,0.0
2023-06-26 10:30:00-04:00,49.43000030517578,49.46500015258789,49.369998931884766,49.40999984741211,26878,0.0,0.0,0.0
2023-06-26 11:30:00-04:00,49.404998779296875,49.470001220703125,49.39500045776367,49.42499923706055,41273,0.0,0.0,0.0
2023-06-26 12:30:00-04:00,49.41999816894531,49.474998474121094,49.3849983215332,49.474998474121094,28805,0.0,0.0,0.0
2023-06-26 13:30:00-04:00,49.470001220703125,49.470001220703125,49.43000030517578,49.44499969482422,22612,0.0,0.0,0.0
2023-06-26 14:30:00-04:00,49.45000076293945,49.4900016784668,49.44499969482422,49.45500183105469,45879,0.0,0.0,0.0
2023-06-26 15:30:00-04:00,49.45500183105469,49.470001220703125,49.38999938964844,49.400001525878906,41626,0.0,0.0,0.0
2023-06-27 09:30:00-04:00,49.56999969482422,49.59000015258789,49.45000076293945,49.59000015258789,120948,0.0,0.0,0.0
2023-06-27 10:30:00-04:00,49.619998931884766,49.67499923706055,49.58000183105469,49.67499923706055,9661,0.0,0.0,0.0
2023-06-27 11:30:00-04:00,49.685001373291016,49.75,49.68000030517578,49.72999954223633,9212,0.0,0.0,0.0
2023-06-27 12:30:00-04:00,49.7400016784668,49.84000015258789,49.7400016784668,49.834999084472656,32969,0.0,0.0,0.0
2023-06-27 13:30:00-04:00,49.84000015258789,49.880001068115234,49.84000015258789,49.875,3365,0.0,0.0,0.0
2023-06-27 14:30:00-04:00,49.875,49.970001220703125,49.8650016784668,49.959999084472656,35523,0.0,0.0,0.0
2023-06-27 15:30:00-04:00,49.95500183105469,49.959999084472656,49.90999984741211,49.939998626708984,45814,0.0,0.0,0.0
2023-06-28 09:30:00-04:00,49.83000183105469,49.880001068115234,49.77000045776367,49.810001373291016,0,0.0,0.0,0.0
2023-06-28 10:30:00-04:00,49.79999923706055,49.84000015258789,49.70000076293945,49.81999969482422,22849,0.0,0.0,0.0
2023-06-28 11:30:00-04:00,49.81999969482422,49.9099006652832,49.79999923706055,49.880001068115234,11886,0.0,0.0,0.0
2023-06-28 12:30:00-04:00,49.880001068115234,49.880001068115234,49.779998779296875,49.86000061035156,18715,0.0,0.0,0.0
2023-06-28 13:30:00-04:00,49.8650016784668,49.88999938964844,49.81999969482422,49.88999938964844,6189,0.0,0.0,0.0
2023-06-28 14:30:00-04:00,49.899898529052734,49.900001525878906,49.83000183105469,49.874698638916016,11513,0.0,0.0,0.0
2023-06-28 15:30:00-04:00,49.85110092163086,49.85110092163086,49.810001373291016,49.83000183105469,63191,0.0,0.0,0.0
2023-06-29 09:30:00-04:00,49.599998474121094,49.77000045776367,49.599998474121094,49.77000045776367,0,0.0,0.0,0.0
2023-06-29 10:30:00-04:00,49.726200103759766,49.7599983215332,49.709999084472656,49.73500061035156,12674,0.0,0.0,0.0
2023-06-29 11:30:00-04:00,49.7400016784668,49.779998779296875,49.720001220703125,49.779998779296875,2920,0.0,0.0,0.0
2023-06-29 12:30:00-04:00,49.779998779296875,49.790000915527344,49.709999084472656,49.75,12183,0.0,0.0,0.0
2023-06-29 13:30:00-04:00,49.75,49.75,49.689998626708984,49.7400016784668,38059,0.0,0.0,0.0
2023-06-29 14:30:00-04:00,49.7400016784668,49.7599983215332,49.71500015258789,49.7599983215332,19014,0.0,0.0,0.0
2023-06-29 15:30:00-04:00,49.755001068115234,49.775001525878906,49.720001220703125,49.77000045776367,15054,0.0,0.0,0.0
2023-06-30 09:30:00-04:00,50.41999816894531,50.59000015258789,50.369998931884766,50.57500076293945,28906,0.0,0.0,0.0
2023-06-30 10:30:00-04:00,50.560001373291016,50.560001373291016,50.43000030517578,50.43000030517578,17850,0.0,0.0,0.0
2023-06-30 11:30:00-04:00,50.44499969482422,50.5099983215332,50.38999938964844,50.5099983215332,12051,0.0,0.0,0.0
2023-06-30 12:30:00-04:00,50.52000045776367,50.560001373291016,50.5099983215332,50.529998779296875,10401,0.0,0.0,0.0
2023-06-30 13:30:00-04:00,50.53990173339844,50.540000915527344,50.505001068115234,50.540000915527344,3231,0.0,0.0,0.0
2023-06-30 14:30:00-04:00,50.54999923706055,50.54999923706055,50.52000045776367,50.540000915527344,13673,0.0,0.0,0.0
2023-06-30 15:30:00-04:00,50.52000045776367,50.56999969482422,50.48500061035156,50.56999969482422,67576,0.0,0.0,0.0
2023-07-03 09:30:00-04:00,50.43000030517578,50.43000030517578,50.31999969482422,50.35490036010742,96394,0.0,0.0,0.0
2023-07-03 10:30:00-04:00,50.36000061035156,50.380001068115234,50.30500030517578,50.314998626708984,88186,0.0,0.0,0.0
2023-07-03 11:30:00-04:00,50.314998626708984,50.40999984741211,50.275001525878906,50.400001525878906,118196,0.0,0.0,0.0
2023-07-05 09:30:00-04:00,49.97999954223633,49.97999954223633,49.79999923706055,49.810001373291016,0,0.0,0.0,0.0
2023-07-05 10:30:00-04:00,49.84000015258789,49.849998474121094,49.7400016784668,49.79050064086914,103842,0.0,0.0,0.0
2023-07-05 11:30:00-04:00,49.790000915527344,49.84000015258789,49.720699310302734,49.75,56074,0.0,0.0,0.0
2023-07-05 12:30:00-04:00,49.75,49.75,49.720001220703125,49.72999954223633,62981,0.0,0.0,0.0
2023-07-05 13:30:00-04:00,49.73099899291992,49.77000045776367,49.65999984741211,49.66999816894531,53228,0.0,0.0,0.0
2023-07-05 14:30:00-04:00,49.68000030517578,49.7400016784668,49.67100143432617,49.73500061035156,80233,0.0,0.0,0.0
2023-07-05 15:30:00-04:00,49.73500061035156,49.7400016784668,49.70000076293945,49.70500183105469,111427,0.0,0.0,0.0
2023-07-06 09:30:00-04:00,49.0,49.0,48.56999969482422,48.56999969482422,151781,0.0,0.0,0.0
2023-07-06 10:30:00-04:00,48.560001373291016,48.58000183105469,48.52000045776367,48.54999923706055,47741,0.0,0.0,0.0
2023-07-06 11:30:00-04:00,48.54999923706055,48.76499938964844,48.54999923706055,48.709999084472656,53387,0.0,0.0,0.0
2023-07-06 12:30:00-04:00,48.720001220703125,48.80970001220703,48.70500183105469,48.79499816894531,17985,0.0,0.0,0.0
2023-07-06 13:30:00-04:00,48.77000045776367,48.79990005493164,48.744998931884766,48.75,39932,0.0,0.0,0.0
2023-07-06 14:30:00-04:00,48.76499938964844,48.82939910888672,48.76070022583008,48.79999923706055,34479,0.0,0.0,0.0
2023-07-06 15:30:00-04:00,48.779998779296875,48.84000015258789,48.775001525878906,48.790000915527344,106381,0.0,0.0,0.0
2023-07-07 09:30:00-04:00,48.84000015258789,49.0099983215332,48.790000915527344,49.0,104360,0.0,0.0,0.0
2023-07-07 10:30:00-04:00,49.0099983215332,49.08000183105469,48.96500015258789,49.0,135554,0.0,0.0,0.0
2023-07-07 11:30:00-04:00,48.994998931884766,49.14630126953125,48.9900016784668,49.14630126953125,85221,0.0,0.0,0.0
2023-07-07 12:30:00-04:00,49.1349983215332,49.310001373291016,49.1349983215332,49.290000915527344,60515,0.0,0.0,0.0
2023-07-07 13:30:00-04:00,49.290000915527344,49.290000915527344,49.189998626708984,49.209999084472656,330599,0.0,0.0,0.0
2023-07-07 14:30:00-04:00,49.21500015258789,49.220001220703125,49.13999938964844,49.14500045776367,172999,0.0,0.0,0.0
2023-07-07 15:30:00-04:00,49.14500045776367,49.150001525878906,49.06999969482422,49.084999084472656,672731,0.0,0.0,0.0
2023-07-10 09:30:00-04:00,49.18000030517578,49.369998931884766,49.14099884033203,49.26150131225586,243760,0.0,0.0,0.0
2023-07-10 10:30:00-04:00,49.2599983215332,49.269901275634766,49.189998626708984,49.22999954223633,53243,0.0,0.0,0.0
2023-07-10 11:30:00-04:00,49.25,49.290000915527344,49.20000076293945,49.26139831542969,23252,0.0,0.0,0.0
2023-07-10 12:30:00-04:00,49.27000045776367,49.31999969482422,49.27000045776367,49.31999969482422,3637,0.0,0.0,0.0
2023-07-10 13:30:00-04:00,49.33000183105469,49.36000061035156,49.310001373291016,49.36000061035156,9210,0.0,0.0,0.0
2023-07-10 14:30:00-04:00,49.36000061035156,49.369998931884766,49.3306999206543,49.3650016784668,24990,0.0,0.0,0.0
2023-07-10 15:30:00-04:00,49.36000061035156,49.380001068115234,49.33000183105469,49.375,56848,0.0,0.0,0.0
2023-07-11 09:30:00-04:00,49.630001068115234,49.650001525878906,49.52000045776367,49.61000061035156,46964,0.0,0.0,0.0
2023-07-11 10:30:00-04:00,49.59000015258789,49.65999984741211,49.56999969482422,49.619998931884766,5332,0.0,0.0,0.0
2023-07-11 11:30:00-04:00,49.619998931884766,49.709999084472656,49.61000061035156,49.68000030517578,11325,0.0,0.0,0.0
2023-07-11 12:30:00-04:00,49.689998626708984,49.75040054321289,49.689998626708984,49.749900817871094,15056,0.0,0.0,0.0
2023-07-11 13:30:00-04:00,49.7599983215332,49.7599983215332,49.70000076293945,49.70000076293945,10096,0.0,0.0,0.0
2023-07-11 14:30:00-04:00,49.709999084472656,49.79499816894531,49.70500183105469,49.790000915527344,39947,0.0,0.0,0.0
2023-07-11 15:30:00-04:00,49.775001525878906,49.86000061035156,49.775001525878906,49.86000061035156,28196,0.0,0.0,0.0
2023-07-12 09:30:00-04:00,50.65999984741211,50.875,50.599998474121094,50.8650016784668,101944,0.0,0.0,0.0
2023-07-12 10:30:00-04:00,50.880001068115234,50.9900016784668,50.880001068115234,50.98500061035156,10272,0.0,0.0,0.0
2023-07-12 11:30:00-04:00,50.97999954223633,50.98500061035156,50.86000061035156,50.900001525878906,19531,0.0,0.0,0.0
2023-07-12 12:30:00-04:00,50.90999984741211,50.96989822387695,50.90999984741211,50.957801818847656,11449,0.0,0.0,0.0
2023-07-12 13:30:00-04:00,50.96080017089844,50.9900016784668,50.939998626708984,50.981201171875,6120,0.0,0.0,0.0
2023-07-12 14:30:00-04:00,50.994998931884766,51.01499938964844,50.900001525878906,50.93510055541992,12005,0.0,0.0,0.0
2023-07-12 15:30:00-04:00,50.93000030517578,50.974998474121094,50.93000030517578,50.970001220703125,15238,0.0,0.0,0.0
2023-07-13 09:30:00-04:00,51.56999969482422,51.779998779296875,51.56999969482422,51.630001068115234,50510,0.0,0.0,0.0
2023-07-13 10:30:00-04:00,51.64500045776367,51.709999084472656,51.630001068115234,51.64500045776367,22274,0.0,0.0,0.0
2023-07-13 11:30:00-04:00,51.599998474121094,51.709999084472656,51.599998474121094,51.70000076293945,8197,0.0,0.0,0.0
2023-07-13 12:30:00-04:00,51.720001220703125,51.72999954223633,51.68009948730469,51.720001220703125,11654,0.0,0.0,0.0
2023-07-13 13:30:00-04:00,51.724998474121094,51.7599983215332,51.71009826660156,51.7400016784668,6483,0.0,0.0,0.0
2023-07-13 14:30:00-04:00,51.72999954223633,51.814998626708984,51.72999954223633,51.79999923706055,16221,0.0,0.0,0.0
2023-07-13 15:30:00-04:00,51.810001373291016,51.84000015258789,51.775001525878906,51.779998779296875,18175,0.0,0.0,0.0
2023-07-14 09:30:00-04:00,51.93000030517578,51.93000030517578,51.779998779296875,51.810001373291016,39158,0.0,0.0,0.0
2023-07-14 10:30:00-04:00,51.83000183105469,51.83000183105469,51.7400016784668,51.810001373291016,12637,0.0,0.0,0.0
2023-07-14 11:30:00-04:00,51.810001373291016,51.82500076293945,51.68000030517578,51.68000030517578,11000,0.0,0.0,0.0
2023-07-14 12:30:00-04:00,51.665000915527344,51.689998626708984,51.630001068115234,51.6510009765625,4113,0.0,0.0,0.0
2023-07-14 13:30:00-04:00,51.66999816894531,51.689998626708984,51.65999984741211,51.66999816894531,6145,0.0,0.0,0.0
2023-07-14 14:30:00-04:00,51.66999816894531,51.689998626708984,51.61000061035156,51.619998931884766,0,0.0,0.0,0.0
2023-07-14 15:30:00-04:00,51.62220001220703,51.63999938964844,51.58000183105469,51.59000015258789,135102,0.0,0.0,0.0
2023-07-17 09:30:00-04:00,51.369998931884766,51.48889923095703,51.29999923706055,51.470001220703125,25489,0.0,0.0,0.0
2023-07-17 10:30:00-04:00,51.45000076293945,51.47710037231445,51.42499923706055,51.459999084472656,11694,0.0,0.0,0.0
2023-07-17 11:30:00-04:00,51.470001220703125,51.51470184326172,51.459999084472656,51.4900016784668,105635,0.0,0.0,0.0
2023-07-17 12:30:00-04:00,51.4900016784668,51.5099983215332,51.47999954223633,51.5,2885,0.0,0.0,0.0
2023-07-17 13:30:00-04:00,51.529998779296875,51.54010009765625,51.52000045776367,51.53499984741211,11288,0.0,0.0,0.0
2023-07-17 14:30:00-04:00,51.51499938964844,51.599998474121094,51.51499938964844,51.59000015258789,12985,0.0,0.0,0.0
2023-07-17 15:30:00-04:00,51.560001373291016,51.56999969482422,51.529998779296875,51.53499984741211,22151,0.0,0.0,0.0
2023-07-18 09:30:00-04:00,51.5099983215332,51.720001220703125,51.47999954223633,51.70899963378906,49205,0.0,0.0,0.0
2023-07-18 10:30:00-04:00,51.709999084472656,51.83000183105469,51.70000076293945,51.779998779296875,6560,0.0,0.0,0.0
2023-07-18 11:30:00-04:00,51.77000045776367,51.77000045776367,51.709999084472656,51.709999084472656,19539,0.0,0.0,0.0
2023-07-18 12:30:00-04:00,51.72999954223633,51.72999954223633,51.63999938964844,51.66999816894531,11050,0.0,0.0,0.0
2023-07-18 13:30:00-04:00,51.66999816894531,51.7400016784668,51.66999816894531,51.73500061035156,10782,0.0,0.0,0.0
2023-07-18 14:30:00-04:00,51.73500061035156,51.80500030517578,51.724998474121094,51.80500030517578,20197,0.0,0.0,0.0
2023-07-18 15:30:00-04:00,51.790000915527344,51.814998626708984,51.775001525878906,51.790000915527344,41734,0.0,0.0,0.0
2023-07-19 09:30:00-04:00,51.84000015258789,51.91999816894531,51.75,51.75,120734,0.0,0.0,0.0
2023-07-19 10:30:00-04:00,51.72999954223633,51.744998931884766,51.650001525878906,51.72999954223633,90210,0.0,0.0,0.0
2023-07-19 11:30:00-04:00,51.724998474121094,51.724998474121094,51.650001525878906,51.650001525878906,21722,0.0,0.0,0.0
2023-07-19 12:30:00-04:00,51.6349983215332,51.720001220703125,51.619998931884766,51.709999084472656,28704,0.0,0.0,0.0
2023-07-19 13:30:00-04:00,51.720001220703125,51.7400016784668,51.680999755859375,51.716400146484375,15774,0.0,0.0,0.0
2023-07-19 14:30:00-04:00,51.720001220703125,51.79999923706055,51.720001220703125,51.78860092163086,30971,0.0,0.0,0.0
2023-07-19 15:30:00-04:00,51.779998779296875,51.779998779296875,51.724998474121094,51.7599983215332,28428,0.0,0.0,0.0
2023-07-20 09:30:00-04:00,51.77000045776367,51.900001525878906,51.64500045776367,51.64500045776367,76709,0.0,0.0,0.0
2023-07-20 10:30:00-04:00,51.619998931884766,51.720001220703125,51.58000183105469,51.720001220703125,5584,0.0,0.0,0.0
2023-07-20 11:30:00-04:00,51.66999816894531,51.70000076293945,51.61000061035156,51.61000061035156,10505,0.0,0.0,0.0
2023-07-20 12:30:00-04:00,51.630001068115234,51.63999938964844,51.59000015258789,51.63999938964844,4855,0.0,0.0,0.0
2023-07-20 13:30:00-04:00,51.65999984741211,51.68000030517578,51.540000915527344,51.540000915527344,26289,0.0,0.0,0.0
2023-07-20 14:30:00-04:00,51.54750061035156,51.595001220703125,51.528499603271484,51.528499603271484,33098,0.0,0.0,0.0
2023-07-20 15:30:00-04:00,51.54999923706055,51.599998474121094,51.540000915527344,51.59000015258789,26513,0.0,0.0,0.0
2023-07-21 09:30:00-04:00,51.72999954223633,51.75,51.58000183105469,51.66999816894531,26907,0.0,0.0,0.0
2023-07-21 10:30:00-04:00,51.66999816894531,51.775001525878906,51.665000915527344,51.7599983215332,64689,0.0,0.0,0.0
2023-07-21 11:30:00-04:00,51.7599983215332,51.810001373291016,51.7400016784668,51.767601013183594,21044,0.0,0.0,0.0
2023-07-21 12:30:00-04:00,51.7599983215332,51.810001373291016,51.72999954223633,51.810001373291016,2820,0.0,0.0,0.0
2023-07-21 13:30:00-04:00,51.81999969482422,51.834999084472656,51.79999923706055,51.79999923706055,5969,0.0,0.0,0.0
2023-07-21 14:30:00-04:00,51.79999923706055,51.81999969482422,51.724998474121094,51.76499938964844,17782,0.0,0.0,0.0
2023-07-21 15:30:00-04:00,51.7400016784668,51.790000915527344,51.7400016784668,51.78499984741211,27574,0.0,0.0,0.0
2023-07-24 09:30:00-04:00,51.4900016784668,51.650001525878906,51.470001220703125,51.470001220703125,57833,0.0,0.0,0.0
2023-07-24 10:30:00-04:00,51.470001220703125,51.61000061035156,51.470001220703125,51.599998474121094,17499,0.0,0.0,0.0
2023-07-24 11:30:00-04:00,51.599998474121094,51.633399963378906,51.59000015258789,51.6088981628418,19885,0.0,0.0,0.0
2023-07-24 12:30:00-04:00,51.63999938964844,51.650001525878906,51.61159896850586,51.619998931884766,7398,0.0,0.0,0.0
2023-07-24 13:30:00-04:00,51.60499954223633,51.60499954223633,51.59109878540039,51.59109878540039,877,0.0,0.0,0.0
2023-07-24 14:30:00-04:00,51.58000183105469,51.58000183105469,51.505001068115234,51.51499938964844,4964,0.0,0.0,0.0
2023-07-24 15:30:00-04:00,51.505001068115234,51.540000915527344,51.505001068115234,51.540000915527344,8472,0.0,0.0,0.0
2023-07-25 09:30:00-04:00,51.45000076293945,51.63999938964844,51.434898376464844,51.630001068115234,26948,0.0,0.0,0.0
2023-07-25 10:30:00-04:00,51.61000061035156,51.689998626708984,51.58000183105469,51.66999816894531,17515,0.0,0.0,0.0
2023-07-25 11:30:00-04:00,51.721500396728516,51.7400016784668,51.64500045776367,51.66999816894531,15016,0.0,0.0,0.0
2023-07-25 12:30:00-04:00,51.650001525878906,51.65999984741211,51.619998931884766,51.630001068115234,6015,0.0,0.0,0.0
2023-07-25 13:30:00-04:00,51.630001068115234,51.63999938964844,51.625,51.63999938964844,12907,0.0,0.0,0.0
2023-07-25 14:30:00-04:00,51.650001525878906,51.68000030517578,51.63999938964844,51.665000915527344,6179,0.0,0.0,0.0
2023-07-25 15:30:00-04:00,51.650001525878906,51.65999984741211,51.619998931884766,51.619998931884766,21382,0.0,0.0,0.0
2023-07-26 09:30:00-04:00,51.20000076293945,51.37009811401367,51.18000030517578,51.36000061035156,69264,0.0,0.0,0.0
2023-07-26 10:30:00-04:00,51.38999938964844,51.5099983215332,51.36000061035156,51.5099983215332,5362,0.0,0.0,0.0
2023-07-26 11:30:00-04:00,51.505001068115234,51.59000015258789,51.5,51.59000015258789,11825,0.0,0.0,0.0
2023-07-26 12:30:00-04:00,51.54140090942383,51.54140090942383,51.494998931884766,51.5,16761,0.0,0.0,0.0
2023-07-26 13:30:00-04:00,51.4900016784668,51.56999969482422,51.47999954223633,51.4900016784668,17463,0.0,0.0,0.0
2023-07-26 14:30:00-04:00,51.52000045776367,51.810001373291016,51.5099983215332,51.599998474121094,56020,0.0,0.0,0.0
2023-07-26 15:30:00-04:00,51.597900390625,51.66999816894531,51.597900390625,51.66999816894531,19249,0.0,0.0,0.0
2023-07-27 09:30:00-04:00,52.029998779296875,52.040000915527344,51.849998474121094,51.849998474121094,33662,0.0,0.0,0.0
2023-07-27 10:30:00-04:00,51.86000061035156,51.900001525878906,51.84000015258789,51.88999938964844,4230,0.0,0.0,0.0
2023-07-27 11:30:00-04:00,51.904998779296875,51.95000076293945,51.900001525878906,51.95000076293945,75792,0.0,0.0,0.0
2023-07-27 12:30:00-04:00,51.95000076293945,51.97999954223633,51.849998474121094,51.849998474121094,29895,0.0,0.0,0.0
2023-07-27 13:30:00-04:00,51.84000015258789,51.849998474121094,51.63999938964844,51.63999938964844,23027,0.0,0.0,0.0
2023-07-27 14:30:00-04:00,51.61800003051758,51.61800003051758,51.45000076293945,51.459999084472656,12956,0.0,0.0,0.0
2023-07-27 15:30:00-04:00,51.470001220703125,51.474998474121094,51.375,51.459999084472656,36953,0.0,0.0,0.0
2023-07-28 09:30:00-04:00,51.790000915527344,52.0099983215332,51.72999954223633,51.93000030517578,45173,0.0,0.0,0.0
2023-07-28 10:30:00-04:00,51.94499969482422,52.0099983215332,51.880001068115234,52.0,10693,0.0,0.0,0.0
2023-07-28 11:30:00-04:00,51.970001220703125,51.970001220703125,51.93000030517578,51.94900131225586,5810,0.0,0.0,0.0
2023-07-28 12:30:00-04:00,51.95000076293945,51.95000076293945,51.8484992980957,51.8484992980957,5277,0.0,0.0,0.0
2023-07-28 13:30:00-04:00,51.79999923706055,51.83000183105469,51.7400016784668,51.83000183105469,0,0.0,0.0,0.0
2023-07-28 14:30:00-04:00,51.810001373291016,51.869998931884766,51.80500030517578,51.86000061035156,90012,0.0,0.0,0.0
2023-07-28 15:30:00-04:00,51.849998474121094,51.869998931884766,51.83000183105469,51.869998931884766,14850,0.0,0.0,0.0
2023-07-31 09:30:00-04:00,51.9900016784668,52.130001068115234,51.9900016784668,52.06999969482422,52728,0.0,0.0,0.0
2023-07-31 10:30:00-04:00,52.08000183105469,52.11000061035156,52.0099983215332,52.0099983215332,29764,0.0,0.0,0.0
2023-07-31 11:30:00-04:00,52.0099983215332,52.0099983215332,51.90999984741211,51.90999984741211,30040,0.0,0.0,0.0
2023-07-31 12:30:00-04:00,51.88999938964844,51.88999938964844,51.849998474121094,51.88999938964844,6046,0.0,0.0,0.0
2023-07-31 13:30:00-04:00,51.88010025024414,51.89500045776367,51.84080123901367,51.858299255371094,9435,0.0,0.0,0.0
2023-07-31 14:30:00-04:00,51.845001220703125,51.860801696777344,51.810001373291016,51.82500076293945,14446,0.0,0.0,0.0
2023-07-31 15:30:00-04:00,51.814998626708984,51.849998474121094,51.790000915527344,51.84000015258789,23496,0.0,0.0,0.0
2023-08-01 09:30:00-04:00,51.36000061035156,51.500301361083984,51.310001373291016,51.33100128173828,39570,0.0,0.0,0.0
2023-08-01 10:30:00-04:00,51.34000015258789,51.345001220703125,51.160099029541016,51.16640090942383,11420,0.0,0.0,0.0
2023-08-01 11:30:00-04:00,51.150001525878906,51.16999816894531,51.1072998046875,51.154998779296875,9467,0.0,0.0,0.0
2023-08-01 12:30:00-04:00,51.13199996948242,51.22999954223633,51.13199996948242,51.189998626708984,6546,0.0,0.0,0.0
2023-08-01 13:30:00-04:00,51.18000030517578,51.25849914550781,51.18000030517578,51.2400016784668,5113,0.0,0.0,0.0
2023-08-01 14:30:00-04:00,51.22999954223633,51.28990173339844,51.22999954223633,51.28990173339844,4596,0.0,0.0,0.0
2023-08-01 15:30:00-04:00,51.28010177612305,51.30799865722656,51.2599983215332,51.279998779296875,13788,0.0,0.0,0.0
2023-08-02 09:30:00-04:00,50.630001068115234,50.709999084472656,50.380001068115234,50.41999816894531,24372,0.0,0.0,0.0
2023-08-02 10:30:00-04:00,50.439998626708984,50.439998626708984,50.27190017700195,50.36000061035156,34421,0.0,0.0,0.0
2023-08-02 11:30:00-04:00,50.36000061035156,50.439998626708984,50.33000183105469,50.38999938964844,76630,0.0,0.0,0.0
2023-08-02 12:30:00-04:00,50.400001525878906,50.47999954223633,50.400001525878906,50.460601806640625,20874,0.0,0.0,0.0
2023-08-02 13:30:00-04:00,50.474998474121094,50.47999954223633,50.40999984741211,50.410099029541016,30524,0.0,0.0,0.0
2023-08-02 14:30:00-04:00,50.38999938964844,50.39419937133789,50.29499816894531,50.29499816894531,6684,0.0,0.0,0.0
2023-08-02 15:30:00-04:00,50.29499816894531,50.380001068115234,50.279998779296875,50.33000183105469,66392,0.0,0.0,0.0
2023-08-03 09:30:00-04:00,49.90999984741211,50.028900146484375,49.880001068115234,50.0,0,0.0,0.0,0.0
2023-08-03 10:30:00-04:00,49.97999954223633,50.150001525878906,49.970001220703125,50.141998291015625,12419,0.0,0.0,0.0
2023-08-03 11:30:00-04:00,50.14500045776367,50.220001220703125,50.14500045776367,50.220001220703125,27571,0.0,0.0,0.0
2023-08-03 12:30:00-04:00,50.23500061035156,50.33000183105469,50.23500061035156,50.290000915527344,16160,0.0,0.0,0.0
2023-08-03 13:30:00-04:00,50.2598991394043,50.2598991394043,50.18000030517578,50.220001220703125,7043,0.0,0.0,0.0
2023-08-03 14:30:00-04:00,50.22999954223633,50.22999954223633,50.119998931884766,50.14500045776367,19586,0.0,0.0,0.0
2023-08-03 15:30:00-04:00,50.165000915527344,50.20000076293945,50.14139938354492,50.189998626708984,15610,0.0,0.0,0.0
2023-08-04 09:30:00-04:00,50.34000015258789,50.560001373291016,50.310001373291016,50.560001373291016,0,0.0,0.0,0.0
2023-08-04 10:30:00-04:00,50.56999969482422,50.692100524902344,50.56999969482422,50.692100524902344,13799,0.0,0.0,0.0
2023-08-04 11:30:00-04:00,50.70000076293945,50.75,50.666900634765625,50.68000030517578,5774,0.0,0.0,0.0
2023-08-04 12:30:00-04:00,50.75,50.77000045776367,50.72999954223633,50.72999954223633,1871,0.0,0.0,0.0
2023-08-04 13:30:00-04:00,50.70000076293945,50.720001220703125,50.42110061645508,50.459999084472656,24118,0.0,0.0,0.0
2023-08-04 14:30:00-04:00,50.40999984741211,50.40999984741211,50.2599983215332,50.27000045776367,31852,0.0,0.0,0.0
2023-08-04 15:30:00-04:00,50.30009841918945,50.30009841918945,50.18939971923828,50.2599983215332,35063,0.0,0.0,0.0
2023-08-07 09:30:00-04:00,50.540000915527344,50.599998474121094,50.3400993347168,50.529998779296875,38852,0.0,0.0,0.0
2023-08-07 10:30:00-04:00,50.540000915527344,50.599998474121094,50.51100158691406,50.599998474121094,7538,0.0,0.0,0.0
2023-08-07 11:30:00-04:00,50.57500076293945,50.650001525878906,50.54499816894531,50.625,17353,0.0,0.0,0.0
2023-08-07 12:30:00-04:00,50.599998474121094,50.66999816894531,50.599998474121094,50.65999984741211,5181,0.0,0.0,0.0
2023-08-07 13:30:00-04:00,50.650001525878906,50.72990036010742,50.63999938964844,50.689998626708984,12666,0.0,0.0,0.0
2023-08-07 14:30:00-04:00,50.69499969482422,50.720001220703125,50.65999984741211,50.665000915527344,20311,0.0,0.0,0.0
2023-08-07 15:30:00-04:00,50.665000915527344,50.72999954223633,50.665000915527344,50.709999084472656,23688,0.0,0.0,0.0
2023-08-08 09:30:00-04:00,50.16999816894531,50.20000076293945,50.04999923706055,50.20000076293945,62906,0.0,0.0,0.0
2023-08-08 10:30:00-04:00,50.16999816894531,50.22999954223633,50.130001068115234,50.220001220703125,13386,0.0,0.0,0.0
2023-08-08 11:30:00-04:00,50.279998779296875,50.290000915527344,50.2400016784668,50.290000915527344,4025,0.0,0.0,0.0
2023-08-08 12:30:00-04:00,50.31999969482422,50.31999969482422,50.30699920654297,50.310001373291016,1839,0.0,0.0,0.0
2023-08-08 13:30:00-04:00,50.348899841308594,50.388301849365234,50.33000183105469,50.37009811401367,3245,0.0,0.0,0.0
2023-08-08 14:30:00-04:00,50.380001068115234,50.48500061035156,50.35499954223633,50.48500061035156,13575,0.0,0.0,0.0
2023-08-08 15:30:00-04:00,50.48500061035156,50.540000915527344,50.45500183105469,50.505001068115234,20934,0.0,0.0,0.0
2023-08-09 09:30:00-04:00,50.630001068115234,50.790000915527344,50.630001068115234,50.72999954223633,29258,0.0,0.0,0.0
2023-08-09 10:30:00-04:00,50.72999954223633,50.7400016784668,50.56999969482422,50.56999969482422,9638,0.0,0.0,0.0
2023-08-09 11:30:00-04:00,50.59000015258789,50.66999816894531,50.560001373291016,50.599998474121094,16855,0.0,0.0,0.0
2023-08-09 12:30:00-04:00,50.61000061035156,50.775001525878906,50.61000061035156,50.77000045776367,2399,0.0,0.0,0.0
2023-08-09 13:30:00-04:00,50.74570083618164,50.790000915527344,50.7317008972168,50.790000915527344,5946,0.0,0.0,0.0
2023-08-09 14:30:00-04:00,50.790000915527344,50.79999923706055,50.720001220703125,50.7599983215332,21732,0.0,0.0,0.0
2023-08-09 15:30:00-04:00,50.755001068115234,50.7599983215332,50.619998931884766,50.650001525878906,40957,0.0,0.0,0.0
2023-08-10 09:30:00-04:00,51.130001068115234,51.470001220703125,51.130001068115234,51.349998474121094,31262,0.0,0.0,0.0
2023-08-10 10:30:00-04:00,51.38999938964844,51.40999984741211,51.16999816894531,51.2400016784668,8396,0.0,0.0,0.0
2023-08-10 11:30:00-04:00,51.22999954223633,51.25,51.119998931884766,51.119998931884766,6641,0.0,0.0,0.0
2023-08-10 12:30:00-04:00,51.09989929199219,51.150001525878906,50.9900016784668,50.9900016784668,3874,0.0,0.0,0.0
2023-08-10 13:30:00-04:00,50.88999938964844,50.939998626708984,50.81999969482422,50.939998626708984,420244,0.0,0.0,0.0
2023-08-10 14:30:00-04:00,50.90850067138672,50.987998962402344,50.869998931884766,50.878501892089844,30044,0.0,0.0,0.0
2023-08-10 15:30:00-04:00,50.86000061035156,50.86000061035156,50.79999923706055,50.85499954223633,55781,0.0,0.0,0.0
2023-08-11 09:30:00-04:00,50.40999984741211,50.560001373291016,50.310001373291016,50.5,72975,0.0,0.0,0.0
2023-08-11 10:30:00-04:00,50.5099983215332,50.595001220703125,50.415000915527344,50.42499923706055,36546,0.0,0.0,0.0
2023-08-11 11:30:00-04:00,50.40999984741211,50.470001220703125,50.36000061035156,50.415000915527344,4232,0.0,0.0,0.0
2023-08-11 12:30:00-04:00,50.45000076293945,50.45000076293945,50.345001220703125,50.41999816894531,224486,0.0,0.0,0.0
2023-08-11 13:30:00-04:00,50.435001373291016,50.45000076293945,50.345001220703125,50.45000076293945,325317,0.0,0.0,0.0
2023-08-11 14:30:00-04:00,50.45000076293945,50.46820068359375,50.41939926147461,50.44499969482422,52958,0.0,0.0,0.0
2023-08-11 15:30:00-04:00,50.439998626708984,50.459999084472656,50.41999816894531,50.45000076293945,18855,0.0,0.0,0.0
2023-08-14 09:30:00-04:00,50.02000045776367,50.20000076293945,49.900001525878906,50.13999938964844,0,0.0,0.0,0.0
2023-08-14 10:30:00-04:00,50.15999984741211,50.30500030517578,50.15999984741211,50.30500030517578,16310,0.0,0.0,0.0
2023-08-14 11:30:00-04:00,50.33000183105469,50.40999984741211,50.320098876953125,50.349998474121094,6706,0.0,0.0,0.0
2023-08-14 12:30:00-04:00,50.350101470947266,50.400001525878906,50.350101470947266,50.380001068115234,1682,0.0,0.0,0.0
2023-08-14 13:30:00-04:00,50.35499954223633,50.375,50.31999969482422,50.33000183105469,4909,0.0,0.0,0.0
2023-08-14 14:30:00-04:00,50.29999923706055,50.34000015258789,50.279998779296875,50.31999969482422,17852,0.0,0.0,0.0
2023-08-14 15:30:00-04:00,50.314998626708984,50.3650016784668,50.314998626708984,50.35499954223633,28514,0.0,0.0,0.0
2023-08-15 09:30:00-04:00,50.099998474121094,50.099998474121094,49.790000915527344,49.790000915527344,28036,0.0,0.0,0.0
2023-08-15 10:30:00-04:00,49.810001373291016,49.88999938964844,49.77000045776367,49.84000015258789,6480,0.0,0.0,0.0
2023-08-15 11:30:00-04:00,49.86000061035156,49.869998931884766,49.790000915527344,49.800498962402344,5426,0.0,0.0,0.0
2023-08-15 12:30:00-04:00,49.79999923706055,49.83000183105469,49.744998931884766,49.82500076293945,72674,0.0,0.0,0.0
2023-08-15 13:30:00-04:00,49.81999969482422,49.82500076293945,49.779998779296875,49.79499816894531,93662,0.0,0.0,0.0
2023-08-15 14:30:00-04:00,49.80500030517578,49.849998474121094,49.689998626708984,49.689998626708984,150108,0.0,0.0,0.0
2023-08-15 15:30:00-04:00,49.68000030517578,49.7400016784668,49.665000915527344,49.7400016784668,46763,0.0,0.0,0.0
2023-08-16 09:30:00-04:00,49.650001525878906,49.8849983215332,49.650001525878906,49.83000183105469,227291,0.0,0.0,0.0
2023-08-16 10:30:00-04:00,49.81999969482422,49.86000061035156,49.720001220703125,49.779998779296875,22014,0.0,0.0,0.0
2023-08-16 11:30:00-04:00,49.77000045776367,49.78499984741211,49.65999984741211,49.65999984741211,97634,0.0,0.0,0.0
2023-08-16 12:30:00-04:00,49.663700103759766,49.709999084472656,49.56999969482422,49.58000183105469,142215,0.0,0.0,0.0
2023-08-16 13:30:00-04:00,49.58000183105469,49.7400016784668,49.560001373291016,49.709999084472656,200412,0.0,0.0,0.0
2023-08-16 14:30:00-04:00,49.724998474121094,49.744998931884766,49.459999084472656,49.474998474121094,57904,0.0,0.0,0.0
2023-08-16 15:30:00-04:00,49.470001220703125,49.525001525878906,49.400001525878906,49.40999984741211,329918,0.0,0.0,0.0
2023-08-17 09:30:00-04:00,49.52000045776367,49.584999084472656,49.349998474121094,49.380001068115234,0,0.0,0.0,0.0
2023-08-17 10:30:00-04:00,49.37070083618164,49.37070083618164,49.220001220703125,49.220001220703125,11159,0.0,0.0,0.0
2023-08-17 11:30:00-04:00,49.19499969482422,49.31999969482422,49.15999984741211,49.31999969482422,13991,0.0,0.0,0.0
2023-08-17 12:30:00-04:00,49.31999969482422,49.31999969482422,49.19499969482422,49.19499969482422,6561,0.0,0.0,0.0
2023-08-17 13:30:00-04:00,49.189998626708984,49.189998626708984,49.0900993347168,49.0900993347168,9370,0.0,0.0,0.0
2023-08-17 14:30:00-04:00,49.095699310302734,49.099998474121094,48.970001220703125,49.02000045776367,35384,0.0,0.0,0.0
2023-08-17 15:30:00-04:00,49.025001525878906,49.060001373291016,48.97999954223633,49.01499938964844,40038,0.0,0.0,0.0
2023-08-18 09:30:00-04:00,48.56999969482422,48.7400016784668,48.56999969482422,48.689998626708984,73778,0.0,0.0,0.0
2023-08-18 10:30:00-04:00,48.70000076293945,48.9900016784668,48.70000076293945,48.94499969482422,12529,0.0,0.0,0.0
2023-08-18 11:30:00-04:00,48.95000076293945,48.97999954223633,48.911598205566406,48.939998626708984,73245,0.0,0.0,0.0
2023-08-18 12:30:00-04:00,48.93000030517578,48.9900016784668,48.869998931884766,48.92499923706055,13403,0.0,0.0,0.0
2023-08-18 13:30:00-04:00,48.92499923706055,48.97999954223633,48.92499923706055,48.970001220703125,30050,0.0,0.0,0.0
2023-08-18 14:30:00-04:00,49.02000045776367,49.02000045776367,48.939998626708984,48.98500061035156,4189,0.0,0.0,0.0
2023-08-18 15:30:00-04:00,48.97999954223633,49.060001373291016,48.95000076293945,48.970001220703125,9083,0.0,0.0,0.0
2023-08-21 09:30:00-04:00,49.20000076293945,49.25,48.9900016784668,48.9900016784668,0,0.0,0.0,0.0
2023-08-21 10:30:00-04:00,48.9900016784668,49.08060073852539,48.970001220703125,49.025001525878906,16490,0.0,0.0,0.0
2023-08-21 11:30:00-04:00,49.025001525878906,49.11000061035156,48.970001220703125,49.11000061035156,24597,0.0,0.0,0.0
2023-08-21 12:30:00-04:00,49.099998474121094,49.190101623535156,49.099998474121094,49.190101623535156,7121,0.0,0.0,0.0
2023-08-21 13:30:00-04:00,49.189998626708984,49.224998474121094,49.1775016784668,49.220001220703125,12763,0.0,0.0,0.0
2023-08-21 14:30:00-04:00,49.209999084472656,49.29999923706055,49.209999084472656,49.275001525878906,23866,0.0,0.0,0.0
2023-08-21 15:30:00-04:00,49.27000045776367,49.30070114135742,49.25,49.27000045776367,285784,0.0,0.0,0.0
2023-08-22 09:30:00-04:00,49.380001068115234,49.400001525878906,49.18000030517578,49.209999084472656,178186,0.0,0.0,0.0
2023-08-22 10:30:00-04:00,49.20000076293945,49.26499938964844,49.15999984741211,49.210601806640625,95651,0.0,0.0,0.0
2023-08-22 11:30:00-04:00,49.209999084472656,49.22999954223633,49.099998474121094,49.14500045776367,42455,0.0,0.0,0.0
2023-08-22 12:30:00-04:00,49.154998779296875,49.19499969482422,49.099998474121094,49.154998779296875,106957,0.0,0.0,0.0
2023-08-22 13:30:00-04:00,49.150001525878906,49.150001525878906,49.099998474121094,49.150001525878906,20709,0.0,0.0,0.0
2023-08-22 14:30:00-04:00,49.165000915527344,49.20500183105469,49.13999938964844,49.14500045776367,75892,0.0,0.0,0.0
2023-08-22 15:30:00-04:00,49.13999938964844,49.13999938964844,49.07500076293945,49.119998931884766,73367,0.0,0.0,0.0
2023-08-23 09:30:00-04:00,49.18000030517578,49.380001068115234,49.18000030517578,49.36000061035156,0,0.0,0.0,0.0
2023-08-23 10:30:00-04:00,49.36000061035156,49.432098388671875,49.310001373291016,49.432098388671875,8488,0.0,0.0,0.0
2023-08-23 11:30:00-04:00,49.45500183105469,49.459999084472656,49.40999984741211,49.44049835205078,8826,0.0,0.0,0.0
2023-08-23 12:30:00-04:00,49.470001220703125,49.56999969482422,49.45000076293945,49.56999969482422,8055,0.0,0.0,0.0
2023-08-23 13:30:00-04:00,49.560001373291016,49.59000015258789,49.4900016784668,49.51499938964844,24356,0.0,0.0,0.0
2023-08-23 14:30:00-04:00,49.5,49.55149841308594,49.470001220703125,49.55149841308594,13374,0.0,0.0,0.0
2023-08-23 15:30:00-04:00,49.54999923706055,49.56999969482422,49.5,49.529998779296875,33062,0.0,0.0,0.0
2023-08-24 09:30:00-04:00,49.27000045776367,49.470001220703125,49.2400016784668,49.369998931884766,0,0.0,0.0,0.0
2023-08-24 10:30:00-04:00,49.20000076293945,49.209999084472656,49.119998931884766,49.119998931884766,9701,0.0,0.0,0.0
2023-08-24 11:30:00-04:00,49.130001068115234,49.130001068115234,49.029998779296875,49.10499954223633,9965,0.0,0.0,0.0
2023-08-24 12:30:00-04:00,49.08000183105469,49.14500045776367,49.041099548339844,49.041099548339844,8294,0.0,0.0,0.0
2023-08-24 13:30:00-04:00,49.03499984741211,49.04999923706055,48.9900016784668,48.994998931884766,43104,0.0,0.0,0.0
2023-08-24 14:30:00-04:00,49.0099983215332,49.0099983215332,48.94499969482422,48.970001220703125,45697,0.0,0.0,0.0
2023-08-24 15:30:00-04:00,48.93410110473633,48.93410110473633,48.84000015258789,48.849998474121094,24651,0.0,0.0,0.0
2023-08-25 09:30:00-04:00,49.15999984741211,49.36000061035156,48.96009826660156,48.9900016784668,78636,0.0,0.0,0.0
2023-08-25 10:30:00-04:00,48.93000030517578,48.970001220703125,48.75,48.939998626708984,80675,0.0,0.0,0.0
2023-08-25 11:30:00-04:00,48.93000030517578,49.040000915527344,48.86000061035156,49.040000915527344,17734,0.0,0.0,0.0
2023-08-25 12:30:00-04:00,49.040000915527344,49.08000183105469,48.97999954223633,48.9900016784668,6940,0.0,0.0,0.0
2023-08-25 13:30:00-04:00,48.97999954223633,49.189998626708984,48.970001220703125,49.18000030517578,15637,0.0,0.0,0.0
2023-08-25 14:30:00-04:00,49.19499969482422,49.2599983215332,49.18000030517578,49.2400016784668,27901,0.0,0.0,0.0
2023-08-25 15:30:00-04:00,49.22999954223633,49.244998931884766,49.150001525878906,49.16999816894531,17771,0.0,0.0,0.0
2023-08-28 09:30:00-04:00,49.52000045776367,49.65999984741211,49.5099983215332,49.61000061035156,0,0.0,0.0,0.0
2023-08-28 10:30:00-04:00,49.61000061035156,49.63999938964844,49.5099983215332,49.56999969482422,21685,0.0,0.0,0.0
2023-08-28 11:30:00-04:00,49.58000183105469,49.630001068115234,49.56999969482422,49.599998474121094,36266,0.0,0.0,0.0
2023-08-28 12:30:00-04:00,49.59000015258789,49.68000030517578,49.59000015258789,49.650001525878906,7461,0.0,0.0,0.0
2023-08-28 13:30:00-04:00,49.68000030517578,49.68000030517578,49.54999923706055,49.57500076293945,11117,0.0,0.0,0.0
2023-08-28 14:30:00-04:00,49.580101013183594,49.630001068115234,49.57500076293945,49.625,46354,0.0,0.0,0.0
2023-08-28 15:30:00-04:00,49.619998931884766,49.7400016784668,49.61000061035156,49.709999084472656,409034,0.0,0.0,0.0
2023-08-29 09:30:00-04:00,49.66999816894531,50.084999084472656,49.65999984741211,50.08000183105469,110413,0.0,0.0,0.0
2023-08-29 10:30:00-04:00,50.08000183105469,50.119998931884766,49.96500015258789,50.119998931884766,29315,0.0,0.0,0.0
2023-08-29 11:30:00-04:00,50.119998931884766,50.209999084472656,50.119998931884766,50.209999084472656,3586,0.0,0.0,0.0
2023-08-29 12:30:00-04:00,50.189998626708984,50.290000915527344,50.18000030517578,50.27000045776367,8274,0.0,0.0,0.0
2023-08-29 13:30:00-04:00,50.29499816894531,50.32500076293945,50.25,50.2599983215332,19995,0.0,0.0,0.0
2023-08-29 14:30:00-04:00,50.27000045776367,50.38999938964844,50.2599983215332,50.3849983215332,40222,0.0,0.0,0.0
2023-08-29 15:30:00-04:00,50.3849983215332,50.38999938964844,50.36000061035156,50.369998931884766,41848,0.0,0.0,0.0
2023-08-30 09:30:00-04:00,50.41999816894531,50.599998474121094,50.36000061035156,50.375,73583,0.0,0.0,0.0
2023-08-30 10:30:00-04:00,50.41999816894531,50.45090103149414,50.36000061035156,50.435001373291016,15869,0.0,0.0,0.0
2023-08-30 11:30:00-04:00,50.43000030517578,50.439998626708984,50.369998931884766,50.400001525878906,19714,0.0,0.0,0.0
2023-08-30 12:30:00-04:00,50.43000030517578,50.43000030517578,50.38999938964844,50.40999984741211,2986,0.0,0.0,0.0
2023-08-30 13:30:00-04:00,50.40999984741211,50.40999984741211,50.2781982421875,50.290000915527344,10503,0.0,0.0,0.0
2023-08-30 14:30:00-04:00,50.27000045776367,50.36000061035156,50.27000045776367,50.31999969482422,32355,0.0,0.0,0.0
2023-08-30 15:30:00-04:00,50.31999969482422,50.35499954223633,50.310001373291016,50.34000015258789,30464,0.0,0.0,0.0
2023-08-31 09:30:00-04:00,50.189998626708984,50.2400016784668,50.130001068115234,50.189998626708984,20462,0.0,0.0,0.0
2023-08-31 10:30:00-04:00,50.16999816894531,50.189998626708984,49.970001220703125,49.98500061035156,16870,0.0,0.0,0.0
2023-08-31 11:30:00-04:00,49.970001220703125,49.970001220703125,49.78499984741211,49.790000915527344,45624,0.0,0.0,0.0
2023-08-31 12:30:00-04:00,49.79999923706055,49.880001068115234,49.75,49.880001068115234,6821,0.0,0.0,0.0
2023-08-31 13:30:00-04:00,49.900001525878906,49.93000030517578,49.86000061035156,49.93000030517578,2298,0.0,0.0,0.0
2023-08-31 14:30:00-04:00,49.91999816894531,49.91999816894531,49.810001373291016,49.849998474121094,3233,0.0,0.0,0.0
2023-08-31 15:30:00-04:00,49.880001068115234,49.91999816894531,49.849998474121094,49.849998474121094,16856,0.0,0.0,0.0
2023-09-01 09:30:00-04:00,50.22999954223633,50.22999954223633,49.79999923706055,49.90999984741211,78925,0.0,0.0,0.0
2023-09-01 10:30:00-04:00,49.86000061035156,49.90999984741211,49.689998626708984,49.7400016784668,14688,0.0,0.0,0.0
2023-09-01 11:30:00-04:00,49.669898986816406,49.685001373291016,49.591400146484375,49.66999816894531,28477,0.0,0.0,0.0
2023-09-01 12:30:00-04:00,49.689998626708984,49.69499969482422,49.619998931884766,49.69499969482422,8775,0.0,0.0,0.0
2023-09-01 13:30:00-04:00,49.68000030517578,49.70000076293945,49.64500045776367,49.650001525878906,4117,0.0,0.0,0.0
2023-09-01 14:30:00-04:00,49.650001525878906,49.709999084472656,49.63999938964844,49.689998626708984,16056,0.0,0.0,0.0
2023-09-01 15:30:00-04:00,49.70000076293945,49.70000076293945,49.65999984741211,49.689998626708984,48438,0.0,0.0,0.0
2023-09-05 09:30:00-04:00,49.5,49.5,49.20000076293945,49.29999923706055,0,0.0,0.0,0.0
2023-09-05 10:30:00-04:00,49.27000045776367,49.27000045776367,49.18000030517578,49.18000030517578,5337,0.0,0.0,0.0
2023-09-05 11:30:00-04:00,49.18000030517578,49.29719924926758,49.18000030517578,49.25,8716,0.0,0.0,0.0
2023-09-05 12:30:00-04:00,49.2599983215332,49.2599983215332,49.18000030517578,49.20000076293945,7880,0.0,0.0,0.0
2023-09-05 13:30:00-04:00,49.189998626708984,49.220001220703125,49.16999816894531,49.220001220703125,4601,0.0,0.0,0.0
2023-09-05 14:30:00-04:00,49.224998474121094,49.224998474121094,49.14500045776367,49.15999984741211,10231,0.0,0.0,0.0
2023-09-05 15:30:00-04:00,49.16999816894531,49.20140075683594,49.130001068115234,49.130001068115234,20167,0.0,0.0,0.0
2023-09-06 09:30:00-04:00,49.0,49.125,48.86000061035156,48.86000061035156,78300,0.0,0.0,0.0
2023-09-06 10:30:00-04:00,48.849998474121094,48.93000030517578,48.83000183105469,48.88999938964844,71069,0.0,0.0,0.0
2023-09-06 11:30:00-04:00,48.8849983215332,48.904998779296875,48.83000183105469,48.83000183105469,55394,0.0,0.0,0.0
2023-09-06 12:30:00-04:00,48.81999969482422,48.85499954223633,48.7599983215332,48.849998474121094,108158,0.0,0.0,0.0
2023-09-06 13:30:00-04:00,48.849998474121094,48.904998779296875,48.845001220703125,48.904998779296875,52121,0.0,0.0,0.0
2023-09-06 14:30:00-04:00,48.90999984741211,48.939998626708984,48.880001068115234,48.915000915527344,51453,0.0,0.0,0.0
2023-09-06 15:30:00-04:00,48.90999984741211,48.939998626708984,48.88999938964844,48.91999816894531,89871,0.0,0.0,0.0
2023-09-07 09:30:00-04:00,48.77000045776367,48.880001068115234,48.65999984741211,48.689998626708984,0,0.0,0.0,0.0
2023-09-07 10:30:00-04:00,48.689998626708984,48.810001373291016,48.689998626708984,48.790000915527344,15170,0.0,0.0,0.0
2023-09-07 11:30:00-04:00,48.77000045776367,48.86000061035156,48.77000045776367,48.849998474121094,8757,0.0,0.0,0.0
2023-09-07 12:30:00-04:00,48.86000061035156,48.86000061035156,48.810001373291016,48.849998474121094,6467,0.0,0.0,0.0
2023-09-07 13:30:00-04:00,48.869998931884766,48.869998931884766,48.810001373291016,48.81999969482422,4109,0.0,0.0,0.0
2023-09-07 14:30:00-04:00,48.779998779296875,48.814998626708984,48.7599983215332,48.77920150756836,8985,0.0,0.0,0.0
2023-09-07 15:30:00-04:00,48.790000915527344,48.84000015258789,48.77000045776367,48.790000915527344,26066,0.0,0.0,0.0
2023-09-08 09:30:00-04:00,48.84000015258789,49.005001068115234,48.779998779296875,48.97999954223633,169277,0.0,0.0,0.0
2023-09-08 10:30:00-04:00,48.9900016784668,48.9900016784668,48.880001068115234,48.91999816894531,52260,0.0,0.0,0.0
2023-09-08 11:30:00-04:00,48.91999816894531,48.95000076293945,48.86000061035156,48.90999984741211,21617,0.0,0.0,0.0
2023-09-08 12:30:00-04:00,48.900001525878906,48.93000030517578,48.86000061035156,48.900001525878906,31367,0.0,0.0,0.0
2023-09-08 13:30:00-04:00,48.9015007019043,48.93000030517578,48.84000015258789,48.86000061035156,6880,0.0,0.0,0.0
2023-09-08 14:30:00-04:00,48.830101013183594,48.849998474121094,48.810001373291016,48.810001373291016,6466,0.0,0.0,0.0
2023-09-08 15:30:00-04:00,48.80160140991211,48.845001220703125,48.80160140991211,48.84000015258789,28617,0.0,0.0,0.0
2023-09-11 09:30:00-04:00,49.209999084472656,49.310001373291016,49.099998474121094,49.310001373291016,0,0.0,0.0,0.0
2023-09-11 10:30:00-04:00,49.29999923706055,49.349998474121094,49.189998626708984,49.2599983215332,9088,0.0,0.0,0.0
2023-09-11 11:30:00-04:00,49.2400016784668,49.380001068115234,49.2400016784668,49.375999450683594,9161,0.0,0.0,0.0
2023-09-11 12:30:00-04:00,49.380001068115234,49.380001068115234,49.33169937133789,49.36000061035156,5531,0.0,0.0,0.0
2023-09-11 13:30:00-04:00,49.369998931884766,49.3849983215332,49.33000183105469,49.36000061035156,7985,0.0,0.0,0.0
2023-09-11 14:30:00-04:00,49.349998474121094,49.36000061035156,49.310001373291016,49.34000015258789,6799,0.0,0.0,0.0
2023-09-11 15:30:00-04:00,49.345001220703125,49.345001220703125,49.310001373291016,49.34000015258789,17929,0.0,0.0,0.0
2023-09-12 09:30:00-04:00,48.97999954223633,49.15999984741211,48.970001220703125,49.0,233324,0.0,0.0,0.0
2023-09-12 10:30:00-04:00,48.97999954223633,49.099998474121094,48.97999954223633,49.09000015258789,7633,0.0,0.0,0.0
2023-09-12 11:30:00-04:00,49.099998474121094,49.19499969482422,49.08000183105469,49.160499572753906,4721,0.0,0.0,0.0
2023-09-12 12:30:00-04:00,49.150001525878906,49.23849868774414,49.130001068115234,49.23849868774414,10406,0.0,0.0,0.0
2023-09-12 13:30:00-04:00,49.2400016784668,49.2400016784668,49.119998931884766,49.150001525878906,11894,0.0,0.0,0.0
2023-09-12 14:30:00-04:00,49.15999984741211,49.16999816894531,49.05500030517578,49.064998626708984,16727,0.0,0.0,0.0
2023-09-12 15:30:00-04:00,49.06999969482422,49.08869934082031,49.04999923706055,49.04999923706055,13034,0.0,0.0,0.0
2023-09-13 09:30:00-04:00,48.93000030517578,49.060001373291016,48.869998931884766,48.900001525878906,0,0.0,0.0,0.0
2023-09-13 10:30:00-04:00,48.89500045776367,49.04999923706055,48.89500045776367,49.02009963989258,12177,0.0,0.0,0.0
2023-09-13 11:30:00-04:00,49.02000045776367,49.02000045776367,48.88999938964844,48.959999084472656,12513,0.0,0.0,0.0
2023-09-13 12:30:00-04:00,48.95000076293945,48.95000076293945,48.88999938964844,48.91999816894531,9180,0.0,0.0,0.0
2023-09-13 13:30:00-04:00,48.90999984741211,48.95000076293945,48.88999938964844,48.89500045776367,13728,0.0,0.0,0.0
2023-09-13 14:30:00-04:00,48.880001068115234,48.88999938964844,48.75,48.779998779296875,12567,0.0,0.0,0.0
2023-09-13 15:30:00-04:00,48.790000915527344,48.849998474121094,48.790000915527344,48.84000015258789,27064,0.0,0.0,0.0
2023-09-14 09:30:00-04:00,49.09000015258789,49.310001373291016,49.09000015258789,49.189998626708984,99210,0.0,0.0,0.0
2023-09-14 10:30:00-04:00,49.255001068115234,49.470001220703125,49.25,49.41999816894531,12946,0.0,0.0,0.0
2023-09-14 11:30:00-04:00,49.439998626708984,49.439998626708984,49.349998474121094,49.380001068115234,13111,0.0,0.0,0.0
2023-09-14 12:30:00-04:00,49.38999938964844,49.44499969482422,49.380001068115234,49.400001525878906,19969,0.0,0.0,0.0
2023-09-14 13:30:00-04:00,49.39500045776367,49.40999984741211,49.36149978637695,49.3849983215332,12138,0.0,0.0,0.0
2023-09-14 14:30:00-04:00,49.38999938964844,49.45500183105469,49.37329864501953,49.43000030517578,25682,0.0,0.0,0.0
2023-09-14 15:30:00-04:00,49.40999984741211,49.45500183105469,49.400001525878906,49.41999816894531,36388,0.0,0.0,0.0
2023-09-15 09:30:00-04:00,49.599998474121094,49.790000915527344,49.599998474121094,49.650001525878906,0,0.0,0.0,0.0
2023-09-15 10:30:00-04:00,49.630001068115234,49.630001068115234,49.459999084472656,49.540000915527344,15405,0.0,0.0,0.0
2023-09-15 11:30:00-04:00,49.56999969482422,49.56999969482422,49.5099983215332,49.540000915527344,128930,0.0,0.0,0.0
2023-09-15 12:30:00-04:00,49.529998779296875,49.54999923706055,49.41999816894531,49.41999816894531,186094,0.0,0.0,0.0
2023-09-15 13:30:00-04:00,49.41999816894531,49.4900016784668,49.400001525878906,49.43000030517578,119826,0.0,0.0,0.0
2023-09-15 14:30:00-04:00,49.41600036621094,49.439998626708984,49.400001525878906,49.400001525878906,19205,0.0,0.0,0.0
2023-09-15 15:30:00-04:00,49.43000030517578,49.43000030517578,49.36130142211914,49.38999938964844,18123,0.0,0.0,0.0
2023-09-18 09:30:00-04:00,49.04999923706055,49.060001373291016,48.900001525878906,48.95000076293945,26586,0.0,0.0,0.0
2023-09-18 10:30:00-04:00,48.95000076293945,49.029998779296875,48.93000030517578,49.029998779296875,20929,0.0,0.0,0.0
2023-09-18 11:30:00-04:00,49.040000915527344,49.16999816894531,49.040000915527344,49.11000061035156,17343,0.0,0.0,0.0
2023-09-18 12:30:00-04:00,49.130001068115234,49.13999938964844,49.10499954223633,49.10499954223633,30567,0.0,0.0,0.0
2023-09-18 13:30:00-04:00,49.119998931884766,49.119998931884766,49.029998779296875,49.029998779296875,68345,0.0,0.0,0.0
2023-09-18 14:30:00-04:00,49.040000915527344,49.04999923706055,48.9900016784668,49.01499938964844,26195,0.0,0.0,0.0
2023-09-18 15:30:00-04:00,49.01499938964844,49.04999923706055,48.9900016784668,49.04999923706055,11046,0.0,0.0,0.0
2023-09-19 09:30:00-04:00,49.04999923706055,49.15999984741211,48.9900016784668,49.0099983215332,0,0.0,0.0,0.0
2023-09-19 10:30:00-04:00,48.994998931884766,49.029998779296875,48.935001373291016,49.0,87458,0.0,0.0,0.0
2023-09-19 11:30:00-04:00,49.0,49.029998779296875,48.97999954223633,49.0,234988,0.0,0.0,0.0
2023-09-19 12:30:00-04:00,48.994998931884766,49.029998779296875,48.939998626708984,49.02000045776367,3937,0.0,0.0,0.0
2023-09-19 13:30:00-04:00,49.060001373291016,49.119998931884766,49.060001373291016,49.06999969482422,5611,0.0,0.0,0.0
2023-09-19 14:30:00-04:00,49.09000015258789,49.13999938964844,49.060001373291016,49.0900993347168,11871,0.0,0.0,0.0
2023-09-19 15:30:00-04:00,49.09000015258789,49.119998931884766,49.08000183105469,49.084999084472656,30088,0.0,0.0,0.0
2023-09-20 09:30:00-04:00,49.529998779296875,49.75,49.529998779296875,49.68040084838867,0,0.0,0.0,0.0
2023-09-20 10:30:00-04:00,49.68000030517578,49.689998626708984,49.619998931884766,49.650001525878906,6485,0.0,0.0,0.0
2023-09-20 11:30:00-04:00,49.63999938964844,49.72999954223633,49.63999938964844,49.72999954223633,15302,0.0,0.0,0.0
2023-09-20 12:30:00-04:00,49.7400016784668,49.77000045776367,49.720001220703125,49.720001220703125,15401,0.0,0.0,0.0
2023-09-20 13:30:00-04:00,49.704200744628906,49.709999084472656,49.459999084472656,49.56999969482422,20045,0.0,0.0,0.0
2023-09-20 14:30:00-04:00,49.540000915527344,49.65999984741211,49.29899978637695,49.349998474121094,43571,0.0,0.0,0.0
2023-09-20 15:30:00-04:00,49.36000061035156,49.36000061035156,49.15999984741211,49.17900085449219,29719,0.0,0.0,0.0
2023-09-21 09:30:00-04:00,48.84000015258789,48.900001525878906,48.72999954223633,48.8849983215332,0,0.0,0.0,0.0
2023-09-21 10:30:00-04:00,48.880001068115234,48.91999816894531,48.720001220703125,48.75,43612,0.0,0.0,0.0
2023-09-21 11:30:00-04:00,48.720001220703125,48.755001068115234,48.66999816894531,48.68000030517578,24715,0.0,0.0,0.0
2023-09-21 12:30:00-04:00,48.68000030517578,48.77000045776367,48.65999984741211,48.77000045776367,8735,0.0,0.0,0.0
2023-09-21 13:30:00-04:00,48.77000045776367,48.77980041503906,48.65999984741211,48.65999984741211,5774,0.0,0.0,0.0
2023-09-21 14:30:00-04:00,48.619998931884766,48.650001525878906,48.540000915527344,48.54999923706055,14907,0.0,0.0,0.0
2023-09-21 15:30:00-04:00,48.540000915527344,48.54999923706055,48.439998626708984,48.459999084472656,17571,0.0,0.0,0.0
2023-09-22 09:30:00-04:00,48.58000183105469,48.7400016784668,48.4900016784668,48.70000076293945,15988,0.0,0.0,0.0
2023-09-22 10:30:00-04:00,48.70000076293945,48.7599983215332,48.52000045776367,48.56999969482422,12551,0.0,0.0,0.0
2023-09-22 11:30:00-04:00,48.56999969482422,48.56999969482422,48.45000076293945,48.47999954223633,18520,0.0,0.0,0.0
2023-09-22 12:30:00-04:00,48.52000045776367,48.529998779296875,48.43000030517578,48.435001373291016,3284,0.0,0.0,0.0
2023-09-22 13:30:00-04:00,48.40999984741211,48.40999984741211,48.310001373291016,48.349998474121094,9265,0.0,0.0,0.0
2023-09-22 14:30:00-04:00,48.34000015258789,48.4900016784668,48.275001525878906,48.470001220703125,301530,0.0,0.0,0.0
2023-09-22 15:30:00-04:00,48.46500015258789,48.474998474121094,48.31999969482422,48.31999969482422,82259,0.0,0.0,0.0
2023-09-25 09:30:00-04:00,47.880001068115234,47.92499923706055,47.75,47.769901275634766,0,0.0,0.0,0.0
2023-09-25 10:30:00-04:00,47.7599983215332,47.968299865722656,47.720001220703125,47.968299865722656,27052,0.0,0.0,0.0
2023-09-25 11:30:00-04:00,47.939998626708984,48.040000915527344,47.939998626708984,48.040000915527344,16655,0.0,0.0,0.0
2023-09-25 12:30:00-04:00,48.040000915527344,48.04999923706055,47.970001220703125,48.0,40329,0.0,0.0,0.0
2023-09-25 13:30:00-04:00,47.97999954223633,48.05189895629883,47.959999084472656,48.0099983215332,63216,0.0,0.0,0.0
2023-09-25 14:30:00-04:00,48.0,48.02000045776367,47.93000030517578,47.959999084472656,41829,0.0,0.0,0.0
2023-09-25 15:30:00-04:00,47.970001220703125,48.040000915527344,47.970001220703125,48.040000915527344,16651,0.0,0.0,0.0
2023-09-26 09:30:00-04:00,47.689998626708984,47.83000183105469,47.540000915527344,47.6879997253418,44310,0.0,0.0,0.0
2023-09-26 10:30:00-04:00,47.68000030517578,47.790000915527344,47.61000061035156,47.630001068115234,18735,0.0,0.0,0.0
2023-09-26 11:30:00-04:00,47.59000015258789,47.630001068115234,47.540000915527344,47.59000015258789,15556,0.0,0.0,0.0
2023-09-26 12:30:00-04:00,47.59000015258789,47.619998931884766,47.560001373291016,47.58000183105469,17682,0.0,0.0,0.0
2023-09-26 13:30:00-04:00,47.559898376464844,47.559898376464844,47.45000076293945,47.45000076293945,6123,0.0,0.0,0.0
2023-09-26 14:30:00-04:00,47.459999084472656,47.47999954223633,47.40999984741211,47.429298400878906,25042,0.0,0.0,0.0
2023-09-26 15:30:00-04:00,47.43000030517578,47.470001220703125,47.41999816894531,47.45000076293945,42828,0.0,0.0,0.0
2023-09-27 09:30:00-04:00,47.5099983215332,47.5099983215332,47.2599983215332,47.310001373291016,0,0.0,0.0,0.0
2023-09-27 10:30:00-04:00,47.27000045776367,47.310001373291016,47.150001525878906,47.27000045776367,26382,0.0,0.0,0.0
2023-09-27 11:30:00-04:00,47.27000045776367,47.290000915527344,47.040000915527344,47.04999923706055,81779,0.0,0.0,0.0
2023-09-27 12:30:00-04:00,47.060001373291016,47.130001068115234,46.91999816894531,46.91999816894531,46871,0.0,0.0,0.0
2023-09-27 13:30:00-04:00,46.93000030517578,47.040000915527344,46.89500045776367,47.040000915527344,15921,0.0,0.0,0.0
2023-09-27 14:30:00-04:00,47.06999969482422,47.34000015258789,47.06999969482422,47.27000045776367,34827,0.0,0.0,0.0
2023-09-27 15:30:00-04:00,47.25,47.25,47.150001525878906,47.22999954223633,24403,0.0,0.0,0.0
2023-09-28 09:30:00-04:00,47.369998931884766,47.560001373291016,47.29999923706055,47.540000915527344,142443,0.0,0.0,0.0
2023-09-28 10:30:00-04:00,47.529998779296875,47.689998626708984,47.439998626708984,47.66999816894531,265792,0.0,0.0,0.0
2023-09-28 11:30:00-04:00,47.68000030517578,47.86000061035156,47.68000030517578,47.86000061035156,187631,0.0,0.0,0.0
2023-09-28 12:30:00-04:00,47.849998474121094,47.849998474121094,47.650001525878906,47.689998626708984,20584,0.0,0.0,0.0
2023-09-28 13:30:00-04:00,47.630001068115234,47.7036018371582,47.59000015258789,47.689998626708984,26741,0.0,0.0,0.0
2023-09-28 14:30:00-04:00,47.689998626708984,47.7400016784668,47.59000015258789,47.7400016784668,74364,0.0,0.0,0.0
2023-09-28 15:30:00-04:00,47.7400016784668,47.7400016784668,47.630001068115234,47.689998626708984,93800,0.0,0.0,0.0
2023-09-29 09:30:00-04:00,48.33000183105469,48.33000183105469,47.9900016784668,48.0,159729,0.0,0.0,0.0
2023-09-29 10:30:00-04:00,48.04999923706055,48.11000061035156,47.900001525878906,47.939998626708984,229136,0.0,0.0,0.0
2023-09-29 11:30:00-04:00,47.939998626708984,47.939998626708984,47.81999969482422,47.900001525878906,61609,0.0,0.0,0.0
2023-09-29 12:30:00-04:00,47.90370178222656,47.90999984741211,47.654998779296875,47.731201171875,13537,0.0,0.0,0.0
2023-09-29 13:30:00-04:00,47.7400016784668,47.7400016784668,47.630001068115234,47.63999938964844,15714,0.0,0.0,0.0
2023-09-29 14:30:00-04:00,47.63999938964844,47.81999969482422,47.61000061035156,47.7400016784668,528621,0.0,0.0,0.0
2023-09-29 15:30:00-04:00,47.724998474121094,47.79999923706055,47.68000030517578,47.720001220703125,62491,0.0,0.0,0.0
2023-10-02 09:30:00-04:00,47.43000030517578,47.43000030517578,46.97999954223633,47.0,64484,0.0,0.0,0.0
2023-10-02 10:30:00-04:00,46.95000076293945,47.1150016784668,46.869998931884766,47.099998474121094,67166,0.0,0.0,0.0
2023-10-02 11:30:00-04:00,47.11000061035156,47.130001068115234,46.849998474121094,46.880001068115234,34285,0.0,0.0,0.0
2023-10-02 12:30:00-04:00,46.869998931884766,46.91999816894531,46.810001373291016,46.900001525878906,22430,0.0,0.0,0.0
2023-10-02 13:30:00-04:00,46.90629959106445,46.959999084472656,46.83000183105469,46.83000183105469,40891,0.0,0.0,0.0
2023-10-02 14:30:00-04:00,46.81999969482422,46.91999816894531,46.779998779296875,46.89970016479492,77446,0.0,0.0,0.0
2023-10-02 15:30:00-04:00,46.88999938964844,46.939998626708984,46.880001068115234,46.91999816894531,95843,0.0,0.0,0.0
2023-10-03 09:30:00-04:00,46.61000061035156,46.755001068115234,46.369998931884766,46.470001220703125,252128,0.0,0.0,0.0
2023-10-03 10:30:00-04:00,46.459999084472656,46.560001373291016,46.349998474121094,46.400001525878906,137173,0.0,0.0,0.0
2023-10-03 11:30:00-04:00,46.400001525878906,46.52000045776367,46.33000183105469,46.5,75280,0.0,0.0,0.0
2023-10-03 12:30:00-04:00,46.5099983215332,46.529998779296875,46.43000030517578,46.47999954223633,122598,0.0,0.0,0.0
2023-10-03 13:30:00-04:00,46.4900016784668,46.5,46.310001373291016,46.34000015258789,62446,0.0,0.0,0.0
2023-10-03 14:30:00-04:00,46.369998931884766,46.459999084472656,46.369998931884766,46.40999984741211,52580,0.0,0.0,0.0
2023-10-03 15:30:00-04:00,46.400001525878906,46.459999084472656,46.375,46.43000030517578,54596,0.0,0.0,0.0
2023-10-04 09:30:00-04:00,46.810001373291016,46.83000183105469,46.29999923706055,46.29999923706055,0,0.0,0.0,0.0
2023-10-04 10:30:00-04:00,46.34000015258789,46.58000183105469,46.29499816894531,46.54999923706055,51420,0.0,0.0,0.0
2023-10-04 11:30:00-04:00,46.54999923706055,46.70500183105469,46.52000045776367,46.68000030517578,42409,0.0,0.0,0.0
2023-10-04 12:30:00-04:00,46.70000076293945,46.72119903564453,46.57500076293945,46.58000183105469,42678,0.0,0.0,0.0
2023-10-04 13:30:00-04:00,46.56999969482422,46.584999084472656,46.47999954223633,46.529998779296875,58748,0.0,0.0,0.0
2023-10-04 14:30:00-04:00,46.53499984741211,46.70000076293945,46.5,46.67499923706055,123241,0.0,0.0,0.0
2023-10-04 15:30:00-04:00,46.70000076293945,46.73419952392578,46.65999984741211,46.709999084472656,47766,0.0,0.0,0.0
2023-10-05 09:30:00-04:00,46.79999923706055,46.959999084472656,46.779998779296875,46.91999816894531,0,0.0,0.0,0.0
2023-10-05 10:30:00-04:00,46.90999984741211,46.935001373291016,46.65999984741211,46.77000045776367,154532,0.0,0.0,0.0
2023-10-05 11:30:00-04:00,46.790000915527344,46.880001068115234,46.73500061035156,46.880001068115234,83207,0.0,0.0,0.0
2023-10-05 12:30:00-04:00,46.880001068115234,46.880001068115234,46.7400016784668,46.81999969482422,25852,0.0,0.0,0.0
2023-10-05 13:30:00-04:00,46.81999969482422,46.959999084472656,46.79999923706055,46.91999816894531,58398,0.0,0.0,0.0
2023-10-05 14:30:00-04:00,46.95000076293945,47.0,46.91999816894531,46.95500183105469,40312,0.0,0.0,0.0
2023-10-05 15:30:00-04:00,46.970001220703125,46.9900016784668,46.95000076293945,46.95500183105469,63277,0.0,0.0,0.0
2023-10-06 09:30:00-04:00,46.86000061035156,46.95000076293945,46.58000183105469,46.81999969482422,106511,0.0,0.0,0.0
2023-10-06 10:30:00-04:00,46.84000015258789,47.400001525878906,46.84000015258789,47.400001525878906,99621,0.0,0.0,0.0
2023-10-06 11:30:00-04:00,47.40999984741211,47.6349983215332,47.400001525878906,47.5,95384,0.0,0.0,0.0
2023-10-06 12:30:00-04:00,47.5,47.599998474121094,47.45000076293945,47.59000015258789,50483,0.0,0.0,0.0
2023-10-06 13:30:00-04:00,47.58000183105469,47.63999938964844,47.52000045776367,47.63999938964844,34701,0.0,0.0,0.0
2023-10-06 14:30:00-04:00,47.650001525878906,47.689998626708984,47.61000061035156,47.650001525878906,33833,0.0,0.0,0.0
2023-10-06 15:30:00-04:00,47.650001525878906,47.654998779296875,47.56999969482422,47.56999969482422,82321,0.0,0.0,0.0
2023-10-09 09:30:00-04:00,47.11000061035156,47.290000915527344,47.09000015258789,47.099998474121094,91230,0.0,0.0,0.0
2023-10-09 10:30:00-04:00,47.099998474121094,47.119998931884766,47.02000045776367,47.09000015258789,41100,0.0,0.0,0.0
2023-10-09 11:30:00-04:00,47.119998931884766,47.150001525878906,47.060001373291016,47.099998474121094,23411,0.0,0.0,0.0
2023-10-09 12:30:00-04:00,47.11000061035156,47.15999984741211,47.04999923706055,47.15999984741211,137608,0.0,0.0,0.0
2023-10-09 13:30:00-04:00,47.16999816894531,47.439998626708984,47.16999816894531,47.43000030517578,32503,0.0,0.0,0.0
2023-10-09 14:30:00-04:00,47.45000076293945,47.470001220703125,47.400001525878906,47.45500183105469,78906,0.0,0.0,0.0
2023-10-09 15:30:00-04:00,47.439998626708984,47.459999084472656,47.415000915527344,47.45000076293945,49948,0.0,0.0,0.0
2023-10-10 09:30:00-04:00,48.060001373291016,48.25,47.9900016784668,48.2400016784668,0,0.0,0.0,0.0
2023-10-10 10:30:00-04:00,48.22999954223633,48.310001373291016,48.18000030517578,48.290000915527344,92052,0.0,0.0,0.0
2023-10-10 11:30:00-04:00,48.27000045776367,48.33140182495117,48.26890182495117,48.290000915527344,37428,0.0,0.0,0.0
2023-10-10 12:30:00-04:00,48.29090118408203,48.29999923706055,48.11000061035156,48.150001525878906,56799,0.0,0.0,0.0
2023-10-10 13:30:00-04:00,48.15999984741211,48.18000030517578,48.092498779296875,48.13999938964844,42990,0.0,0.0,0.0
2023-10-10 14:30:00-04:00,48.12419891357422,48.209999084472656,48.099998474121094,48.14500045776367,65603,0.0,0.0,0.0
2023-10-10 15:30:00-04:00,48.14250183105469,48.189998626708984,48.130001068115234,48.15999984741211,93174,0.0,0.0,0.0
2023-10-11 09:30:00-04:00,48.560001373291016,48.61000061035156,48.40999984741211,48.459999084472656,165267,0.0,0.0,0.0
2023-10-11 10:30:00-04:00,48.459999084472656,48.540000915527344,48.404998779296875,48.45000076293945,45816,0.0,0.0,0.0
2023-10-11 11:30:00-04:00,48.47999954223633,48.47999954223633,48.310001373291016,48.34270095825195,47849,0.0,0.0,0.0
2023-10-11 12:30:00-04:00,48.34000015258789,48.36000061035156,48.279998779296875,48.290000915527344,28838,0.0,0.0,0.0
2023-10-11 13:30:00-04:00,48.25,48.380001068115234,48.20500183105469,48.34000015258789,22781,0.0,0.0,0.0
2023-10-11 14:30:00-04:00,48.349998474121094,48.46500015258789,48.349998474121094,48.45500183105469,29089,0.0,0.0,0.0
2023-10-11 15:30:00-04:00,48.45009994506836,48.5099983215332,48.439998626708984,48.505001068115234,76037,0.0,0.0,0.0
2023-10-12 09:30:00-04:00,48.41999816894531,48.43000030517578,48.20000076293945,48.27000045776367,148222,0.0,0.0,0.0
2023-10-12 10:30:00-04:00,48.27000045776367,48.29999923706055,48.15999984741211,48.18989944458008,72367,0.0,0.0,0.0
2023-10-12 11:30:00-04:00,48.18000030517578,48.279998779296875,48.119998931884766,48.2599983215332,67779,0.0,0.0,0.0
2023-10-12 12:30:00-04:00,48.2599983215332,48.2599983215332,47.95000076293945,47.959999084472656,80759,0.0,0.0,0.0
2023-10-12 13:30:00-04:00,47.95000076293945,47.97999954223633,47.779998779296875,47.900001525878906,67694,0.0,0.0,0.0
2023-10-12 14:30:00-04:00,47.900001525878906,47.97999954223633,47.894798278808594,47.95000076293945,85397,0.0,0.0,0.0
2023-10-12 15:30:00-04:00,47.95000076293945,48.0,47.939998626708984,47.970001220703125,166101,0.0,0.0,0.0
2023-10-13 09:30:00-04:00,47.90999984741211,48.0,47.63999938964844,47.66999816894531,111204,0.0,0.0,0.0
2023-10-13 10:30:00-04:00,47.689998626708984,47.7599983215332,47.470001220703125,47.47999954223633,38788,0.0,0.0,0.0
2023-10-13 11:30:00-04:00,47.5099983215332,47.650001525878906,47.47999954223633,47.650001525878906,35932,0.0,0.0,0.0
2023-10-13 12:30:00-04:00,47.63999938964844,47.665000915527344,47.45000076293945,47.459999084472656,18683,0.0,0.0,0.0
2023-10-13 13:30:00-04:00,47.439998626708984,47.59000015258789,47.439998626708984,47.540000915527344,26604,0.0,0.0,0.0
2023-10-13 14:30:00-04:00,47.58000183105469,47.61000061035156,47.52000045776367,47.55500030517578,70456,0.0,0.0,0.0
2023-10-13 15:30:00-04:00,47.56999969482422,47.599998474121094,47.52000045776367,47.54999923706055,53647,0.0,0.0,0.0
2023-10-16 09:30:00-04:00,47.689998626708984,47.849998474121094,47.630001068115234,47.849998474121094,58202,0.0,0.0,0.0
2023-10-16 10:30:00-04:00,47.849998474121094,47.959999084472656,47.78499984741211,47.81999969482422,110333,0.0,0.0,0.0
2023-10-16 11:30:00-04:00,47.810001373291016,47.83000183105469,47.77000045776367,47.81999969482422,8992,0.0,0.0,0.0
2023-10-16 12:30:00-04:00,47.83000183105469,47.900001525878906,47.7400016784668,47.83000183105469,9873,0.0,0.0,0.0
2023-10-16 13:30:00-04:00,47.81999969482422,47.91999816894531,47.810001373291016,47.88999938964844,14701,0.0,0.0,0.0
2023-10-16 14:30:00-04:00,47.880001068115234,47.959999084472656,47.849998474121094,47.959999084472656,20416,0.0,0.0,0.0
2023-10-16 15:30:00-04:00,47.97010040283203,47.9900016784668,47.92499923706055,47.959999084472656,21307,0.0,0.0,0.0
2023-10-17 09:30:00-04:00,47.459999084472656,47.84000015258789,47.459999084472656,47.779998779296875,37674,0.0,0.0,0.0
2023-10-17 10:30:00-04:00,47.79999923706055,47.95000076293945,47.779998779296875,47.93000030517578,15425,0.0,0.0,0.0
2023-10-17 11:30:00-04:00,47.904998779296875,48.11000061035156,47.904998779296875,48.11000061035156,97169,0.0,0.0,0.0
2023-10-17 12:30:00-04:00,48.13869857788086,48.13869857788086,47.880001068115234,47.91999816894531,90802,0.0,0.0,0.0
2023-10-17 13:30:00-04:00,47.93000030517578,47.93000030517578,47.779998779296875,47.81999969482422,11631,0.0,0.0,0.0
2023-10-17 14:30:00-04:00,47.81999969482422,47.875,47.790000915527344,47.869998931884766,8924,0.0,0.0,0.0
2023-10-17 15:30:00-04:00,47.88999938964844,47.93000030517578,47.84000015258789,47.93000030517578,23850,0.0,0.0,0.0
2023-10-18 09:30:00-04:00,47.459999084472656,47.4900016784668,47.2599983215332,47.349998474121094,33650,0.0,0.0,0.0
2023-10-18 10:30:00-04:00,47.279998779296875,47.279998779296875,47.15999984741211,47.2400016784668,16736,0.0,0.0,0.0
2023-10-18 11:30:00-04:00,47.189998626708984,47.209999084472656,47.08000183105469,47.09000015258789,31020,0.0,0.0,0.0
2023-10-18 12:30:00-04:00,47.09000015258789,47.290000915527344,47.06999969482422,47.2400016784668,24674,0.0,0.0,0.0
2023-10-18 13:30:00-04:00,47.22999954223633,47.279998779296875,47.13999938964844,47.16999816894531,9417,0.0,0.0,0.0
2023-10-18 14:30:00-04:00,47.20000076293945,47.209999084472656,47.02000045776367,47.04999923706055,33642,0.0,0.0,0.0
2023-10-18 15:30:00-04:00,47.04999923706055,47.08000183105469,47.0,47.06999969482422,35177,0.0,0.0,0.0
2023-10-19 09:30:00-04:00,46.88999938964844,46.935001373291016,46.77000045776367,46.77000045776367,91366,0.0,0.0,0.0
2023-10-19 10:30:00-04:00,46.779998779296875,46.86000061035156,46.7400016784668,46.84000015258789,18495,0.0,0.0,0.0
2023-10-19 11:30:00-04:00,46.83000183105469,47.09000015258789,46.72999954223633,46.880001068115234,226739,0.0,0.0,0.0
2023-10-19 12:30:00-04:00,46.880001068115234,47.040000915527344,46.599998474121094,47.040000915527344,129817,0.0,0.0,0.0
2023-10-19 13:30:00-04:00,47.00120162963867,47.01499938964844,46.790000915527344,46.80500030517578,90184,0.0,0.0,0.0
2023-10-19 14:30:00-04:00,46.79499816894531,46.79499816894531,46.63999938964844,46.65999984741211,287980,0.0,0.0,0.0
2023-10-19 15:30:00-04:00,46.665000915527344,46.685001373291016,46.560001373291016,46.65999984741211,226284,0.0,0.0,0.0
2023-10-20 09:30:00-04:00,46.45000076293945,46.54999923706055,46.2400016784668,46.25,89124,0.0,0.0,0.0
2023-10-20 10:30:00-04:00,46.25,46.400001525878906,46.25,46.29999923706055,67736,0.0,0.0,0.0
2023-10-20 11:30:00-04:00,46.29999923706055,46.3650016784668,46.2328987121582,46.29999923706055,70478,0.0,0.0,0.0
2023-10-20 12:30:00-04:00,46.29999923706055,46.459999084472656,46.29999923706055,46.400001525878906,98240,0.0,0.0,0.0
2023-10-20 13:30:00-04:00,46.380001068115234,46.41999816894531,46.255001068115234,46.2599983215332,78808,0.0,0.0,0.0
2023-10-20 14:30:00-04:00,46.25,46.31999969482422,46.220001220703125,46.2599983215332,62701,0.0,0.0,0.0
2023-10-20 15:30:00-04:00,46.26499938964844,46.27000045776367,46.17499923706055,46.189998626708984,150083,0.0,0.0,0.0
2023-10-23 09:30:00-04:00,46.06999969482422,46.33000183105469,45.88999938964844,46.290000915527344,92615,0.0,0.0,0.0
2023-10-23 10:30:00-04:00,46.2599983215332,46.45000076293945,46.209999084472656,46.40999984741211,63475,0.0,0.0,0.0
2023-10-23 11:30:00-04:00,46.404998779296875,46.46500015258789,46.38999938964844,46.43000030517578,13453,0.0,0.0,0.0
2023-10-23 12:30:00-04:00,46.43000030517578,46.584999084472656,46.43000030517578,46.470001220703125,20635,0.0,0.0,0.0
2023-10-23 13:30:00-04:00,46.47999954223633,46.54999923706055,46.38999938964844,46.43000030517578,17256,0.0,0.0,0.0
2023-10-23 14:30:00-04:00,46.439998626708984,46.5,46.29499816894531,46.29499816894531,50538,0.0,0.0,0.0
2023-10-23 15:30:00-04:00,46.29999923706055,46.33000183105469,46.27000045776367,46.290000915527344,111739,0.0,0.0,0.0
2023-10-24 09:30:00-04:00,46.29999923706055,46.47999954223633,46.22999954223633,46.47999954223633,89417,0.0,0.0,0.0
2023-10-24 10:30:00-04:00,46.46860122680664,46.5099983215332,46.35499954223633,46.369998931884766,265430,0.0,0.0,0.0
2023-10-24 11:30:00-04:00,46.380001068115234,46.459999084472656,46.36000061035156,46.36000061035156,76332,0.0,0.0,0.0
2023-10-24 12:30:00-04:00,46.35749816894531,46.40999984741211,46.279998779296875,46.400001525878906,44561,0.0,0.0,0.0
2023-10-24 13:30:00-04:00,46.41999816894531,46.45000076293945,46.38999938964844,46.45000076293945,97809,0.0,0.0,0.0
2023-10-24 14:30:00-04:00,46.459999084472656,46.5,46.45500183105469,46.4900016784668,35308,0.0,0.0,0.0
2023-10-24 15:30:00-04:00,46.492698669433594,46.52000045776367,46.47990036010742,46.47999954223633,71617,0.0,0.0,0.0
2023-10-25 09:30:00-04:00,46.290000915527344,46.290000915527344,46.040000915527344,46.15999984741211,86086,0.0,0.0,0.0
2023-10-25 10:30:00-04:00,46.130001068115234,46.54999923706055,46.130001068115234,46.470001220703125,75570,0.0,0.0,0.0
2023-10-25 11:30:00-04:00,46.470001220703125,46.4900016784668,46.29999923706055,46.33000183105469,36885,0.0,0.0,0.0
2023-10-25 12:30:00-04:00,46.34000015258789,46.369998931884766,46.189998626708984,46.20000076293945,29246,0.0,0.0,0.0
2023-10-25 13:30:00-04:00,46.20000076293945,46.20500183105469,46.130001068115234,46.15999984741211,43872,0.0,0.0,0.0
2023-10-25 14:30:00-04:00,46.16999816894531,46.19020080566406,46.11790084838867,46.17499923706055,53753,0.0,0.0,0.0
2023-10-25 15:30:00-04:00,46.16999816894531,46.19499969482422,46.130001068115234,46.13999938964844,154418,0.0,0.0,0.0
2023-10-26 09:30:00-04:00,46.099998474121094,46.209999084472656,45.869998931884766,45.959999084472656,174097,0.0,0.0,0.0
2023-10-26 10:30:00-04:00,45.97999954223633,46.150001525878906,45.900001525878906,45.939998626708984,81251,0.0,0.0,0.0
2023-10-26 11:30:00-04:00,45.91999816894531,45.97999954223633,45.779998779296875,45.810001373291016,39796,0.0,0.0,0.0
2023-10-26 12:30:00-04:00,45.81999969482422,45.86000061035156,45.75,45.79999923706055,17470,0.0,0.0,0.0
2023-10-26 13:30:00-04:00,45.790000915527344,45.98500061035156,45.75,45.939998626708984,18693,0.0,0.0,0.0
2023-10-26 14:30:00-04:00,45.970001220703125,46.099998474121094,45.970001220703125,46.0,38334,0.0,0.0,0.0
2023-10-26 15:30:00-04:00,45.970001220703125,45.97010040283203,45.86000061035156,45.90999984741211,65656,0.0,0.0,0.0
2023-10-27 09:30:00-04:00,46.060001373291016,46.060001373291016,45.79999923706055,45.79999923706055,97174,0.0,0.0,0.0
2023-10-27 10:30:00-04:00,45.75,45.86000061035156,45.619998931884766,45.84000015258789,69781,0.0,0.0,0.0
2023-10-27 11:30:00-04:00,45.84000015258789,45.84000015258789,45.68000030517578,45.720001220703125,40456,0.0,0.0,0.0
2023-10-27 12:30:00-04:00,45.709999084472656,45.73500061035156,45.5099983215332,45.529998779296875,53915,0.0,0.0,0.0
2023-10-27 13:30:00-04:00,45.5099983215332,45.560001373291016,45.47999954223633,45.47999954223633,58216,0.0,0.0,0.0
2023-10-27 14:30:00-04:00,45.47999954223633,45.560001373291016,45.43000030517578,45.5,117812,0.0,0.0,0.0
2023-10-27 15:30:00-04:00,45.5,45.54999923706055,45.43000030517578,45.52000045776367,80131,0.0,0.0,0.0
2023-10-30 09:30:00-04:00,46.119998931884766,46.21030044555664,45.959999084472656,45.97999954223633,0,0.0,0.0,0.0
2023-10-30 10:30:00-04:00,45.9900016784668,46.165000915527344,45.95500183105469,46.09000015258789,58151,0.0,0.0,0.0
2023-10-30 11:30:00-04:00,46.09000015258789,46.1349983215332,46.01599884033203,46.01599884033203,26513,0.0,0.0,0.0
2023-10-30 12:30:00-04:00,46.029998779296875,46.130001068115234,45.959999084472656,46.119998931884766,46599,0.0,0.0,0.0
2023-10-30 13:30:00-04:00,46.13999938964844,46.18000030517578,46.11000061035156,46.150001525878906,33549,0.0,0.0,0.0
2023-10-30 14:30:00-04:00,46.150001525878906,46.22999954223633,46.150001525878906,46.209999084472656,39334,0.0,0.0,0.0
2023-10-30 15:30:00-04:00,46.2041015625,46.22999954223633,46.20000076293945,46.22999954223633,50482,0.0,0.0,0.0
2023-10-31 09:30:00-04:00,46.22999954223633,46.380001068115234,46.099998474121094,46.27000045776367,0,0.0,0.0,0.0
2023-10-31 10:30:00-04:00,46.290000915527344,46.290000915527344,46.13999938964844,46.15999984741211,33139,0.0,0.0,0.0
2023-10-31 11:30:00-04:00,46.15999984741211,46.20000076293945,46.029998779296875,46.04159927368164,62222,0.0,0.0,0.0
2023-10-31 12:30:00-04:00,46.064998626708984,46.209999084472656,46.020999908447266,46.15999984741211,37865,0.0,0.0,0.0
2023-10-31 13:30:00-04:00,46.18000030517578,46.2400016784668,46.15999984741211,46.15999984741211,16466,0.0,0.0,0.0
2023-10-31 14:30:00-04:00,46.15999984741211,46.30500030517578,46.15999984741211,46.273399353027344,37213,0.0,0.0,0.0
2023-10-31 15:30:00-04:00,46.27000045776367,46.279998779296875,46.2400016784668,46.279998779296875,61403,0.0,0.0,0.0
2023-11-01 09:30:00-04:00,46.310001373291016,46.47999954223633,46.279998779296875,46.459999084472656,0,0.0,0.0,0.0
2023-11-01 10:30:00-04:00,46.4900016784668,46.56999969482422,46.275001525878906,46.279998779296875,51717,0.0,0.0,0.0
2023-11-01 11:30:00-04:00,46.279998779296875,46.39500045776367,46.279998779296875,46.290000915527344,32044,0.0,0.0,0.0
2023-11-01 12:30:00-04:00,46.29999923706055,46.310001373291016,46.210899353027344,46.27000045776367,16200,0.0,0.0,0.0
2023-11-01 13:30:00-04:00,46.270301818847656,46.32709884643555,46.220001220703125,46.29999923706055,21181,0.0,0.0,0.0
2023-11-01 14:30:00-04:00,46.31999969482422,46.58000183105469,46.150001525878906,46.560001373291016,109059,0.0,0.0,0.0
2023-11-01 15:30:00-04:00,46.55500030517578,46.6150016784668,46.55500030517578,46.599998474121094,41291,0.0,0.0,0.0
2023-11-02 09:30:00-04:00,47.47999954223633,47.599998474121094,47.369998931884766,47.47999954223633,15011,0.0,0.0,0.0
2023-11-02 10:30:00-04:00,47.47010040283203,47.6150016784668,47.46950149536133,47.489898681640625,51333,0.0,0.0,0.0
2023-11-02 11:30:00-04:00,47.470001220703125,47.51499938964844,47.31999969482422,47.34000015258789,25801,0.0,0.0,0.0
2023-11-02 12:30:00-04:00,47.345001220703125,47.5099983215332,47.34000015258789,47.5099983215332,43636,0.0,0.0,0.0
2023-11-02 13:30:00-04:00,47.529998779296875,47.58000183105469,47.529998779296875,47.560001373291016,44237,0.0,0.0,0.0
2023-11-02 14:30:00-04:00,47.560001373291016,47.57500076293945,47.542701721191406,47.560001373291016,26090,0.0,0.0,0.0
2023-11-02 15:30:00-04:00,47.54999923706055,47.599998474121094,47.540000915527344,47.599998474121094,59889,0.0,0.0,0.0
2023-11-03 09:30:00-04:00,47.95000076293945,48.09000015258789,47.7599983215332,47.7599983215332,52008,0.0,0.0,0.0
2023-11-03 10:30:00-04:00,47.790000915527344,47.91999816894531,47.7599983215332,47.913700103759766,13930,0.0,0.0,0.0
2023-11-03 11:30:00-04:00,47.88999938964844,47.939998626708984,47.849998474121094,47.939998626708984,17299,0.0,0.0,0.0
2023-11-03 12:30:00-04:00,47.93000030517578,47.974998474121094,47.849998474121094,47.869998931884766,14361,0.0,0.0,0.0
2023-11-03 13:30:00-04:00,47.88999938964844,47.974998474121094,47.849998474121094,47.974998474121094,68435,0.0,0.0,0.0
2023-11-03 14:30:00-04:00,47.970001220703125,48.0099983215332,47.939998626708984,47.939998626708984,33574,0.0,0.0,0.0
2023-11-03 15:30:00-04:00,47.939998626708984,47.939998626708984,47.8650016784668,47.900001525878906,41977,0.0,0.0,0.0
2023-11-06 09:30:00-05:00,47.95000076293945,47.9900016784668,47.77000045776367,47.83000183105469,0,0.0,0.0,0.0
2023-11-06 10:30:00-05:00,47.84000015258789,47.970001220703125,47.83000183105469,47.89659881591797,20319,0.0,0.0,0.0
2023-11-06 11:30:00-05:00,47.93000030517578,47.93000030517578,47.84989929199219,47.84989929199219,11857,0.0,0.0,0.0
2023-11-06 12:30:00-05:00,47.868499755859375,47.868499755859375,47.7400016784668,47.755001068115234,10591,0.0,0.0,0.0
2023-11-06 13:30:00-05:00,47.7599983215332,47.790000915527344,47.71989822387695,47.7400016784668,22941,0.0,0.0,0.0
2023-11-06 14:30:00-05:00,47.7400016784668,47.790000915527344,47.7400016784668,47.78499984741211,14421,0.0,0.0,0.0
2023-11-06 15:30:00-05:00,47.779998779296875,47.80500030517578,47.7599983215332,47.79999923706055,40783,0.0,0.0,0.0
2023-11-07 09:30:00-05:00,47.5099983215332,47.61000061035156,47.47999954223633,47.599998474121094,58245,0.0,0.0,0.0
2023-11-07 10:30:00-05:00,47.628299713134766,47.70000076293945,47.56999969482422,47.56999969482422,32041,0.0,0.0,0.0
2023-11-07 11:30:00-05:00,47.57500076293945,47.619998931884766,47.5,47.5,19073,0.0,0.0,0.0
2023-11-07 12:30:00-05:00,47.470001220703125,47.59000015258789,47.459999084472656,47.58000183105469,10685,0.0,0.0,0.0
2023-11-07 13:30:00-05:00,47.56999969482422,47.64500045776367,47.56999969482422,47.64500045776367,14921,0.0,0.0,0.0
2023-11-07 14:30:00-05:00,47.650001525878906,47.65010070800781,47.57500076293945,47.619998931884766,64145,0.0,0.0,0.0
2023-11-07 15:30:00-05:00,47.61220169067383,47.650001525878906,47.564998626708984,47.58000183105469,62761,0.0,0.0,0.0
2023-11-08 09:30:00-05:00,47.77000045776367,47.959999084472656,47.77000045776367,47.83000183105469,0,0.0,0.0,0.0
2023-11-08 10:30:00-05:00,47.834999084472656,47.880001068115234,47.779998779296875,47.81999969482422,28242,0.0,0.0,0.0
2023-11-08 11:30:00-05:00,47.81999969482422,47.845001220703125,47.650001525878906,47.70500183105469,106797,0.0,0.0,0.0
2023-11-08 12:30:00-05:00,47.70000076293945,47.7599983215332,47.650001525878906,47.73500061035156,79508,0.0,0.0,0.0
2023-11-08 13:30:00-05:00,47.744998931884766,47.775001525878906,47.72999954223633,47.76499938964844,29439,0.0,0.0,0.0
2023-11-08 14:30:00-05:00,47.76499938964844,47.78499984741211,47.720001220703125,47.77000045776367,38400,0.0,0.0,0.0
2023-11-08 15:30:00-05:00,47.755001068115234,47.834999084472656,47.744998931884766,47.810001373291016,56369,0.0,0.0,0.0
2023-11-09 09:30:00-05:00,48.18000030517578,48.310001373291016,48.130001068115234,48.16999816894531,75835,0.0,0.0,0.0
2023-11-09 10:30:00-05:00,48.189998626708984,48.27000045776367,48.130001068115234,48.22999954223633,15719,0.0,0.0,0.0
2023-11-09 11:30:00-05:00,48.2400016784668,48.2599983215332,48.185001373291016,48.185001373291016,28142,0.0,0.0,0.0
2023-11-09 12:30:00-05:00,48.18769836425781,48.20000076293945,47.939998626708984,48.119998931884766,33588,0.0,0.0,0.0
2023-11-09 13:30:00-05:00,48.10499954223633,48.119998931884766,47.81999969482422,47.88999938964844,29947,0.0,0.0,0.0
2023-11-09 14:30:00-05:00,47.88999938964844,47.88999938964844,47.775001525878906,47.84000015258789,15425,0.0,0.0,0.0
2023-11-09 15:30:00-05:00,47.79999923706055,47.80500030517578,47.7599983215332,47.77000045776367,35207,0.0,0.0,0.0
2023-11-10 09:30:00-05:00,47.709999084472656,47.709999084472656,47.369998931884766,47.380001068115234,78988,0.0,0.0,0.0
2023-11-10 10:30:00-05:00,47.380001068115234,47.6150016784668,47.349998474121094,47.61000061035156,14156,0.0,0.0,0.0
2023-11-10 11:30:00-05:00,47.58000183105469,47.709999084472656,47.540000915527344,47.689998626708984,7573,0.0,0.0,0.0
2023-11-10 12:30:00-05:00,47.69499969482422,47.8849983215332,47.69499969482422,47.875,31846,0.0,0.0,0.0
2023-11-10 13:30:00-05:00,47.869998931884766,47.97999954223633,47.869998931884766,47.96500015258789,27187,0.0,0.0,0.0
2023-11-10 14:30:00-05:00,47.96500015258789,47.9900016784668,47.915000915527344,47.9900016784668,10986,0.0,0.0,0.0
2023-11-10 15:30:00-05:00,47.9900016784668,48.02000045776367,47.96500015258789,47.9900016784668,28525,0.0,0.0,0.0
2023-11-13 09:30:00-05:00,47.83000183105469,47.88999938964844,47.72999954223633,47.88999938964844,0,0.0,0.0,0.0
2023-11-13 10:30:00-05:00,47.88999938964844,48.08000183105469,47.880001068115234,48.08000183105469,67700,0.0,0.0,0.0
2023-11-13 11:30:00-05:00,48.09000015258789,48.16999816894531,48.06999969482422,48.16999816894531,35548,0.0,0.0,0.0
2023-11-13 12:30:00-05:00,48.13999938964844,48.15999984741211,48.09000015258789,48.13999938964844,18653,0.0,0.0,0.0
2023-11-13 13:30:00-05:00,48.099998474121094,48.189998626708984,48.09000015258789,48.16999816894531,13199,0.0,0.0,0.0
2023-11-13 14:30:00-05:00,48.16999816894531,48.21500015258789,48.154998779296875,48.185001373291016,47838,0.0,0.0,0.0
2023-11-13 15:30:00-05:00,48.18000030517578,48.18870162963867,48.13999938964844,48.13999938964844,35733,0.0,0.0,0.0
2023-11-14 09:30:00-05:00,49.04999923706055,49.36000061035156,49.04999923706055,49.36000061035156,38951,0.0,0.0,0.0
2023-11-14 10:30:00-05:00,49.349998474121094,49.38999938964844,49.189998626708984,49.34000015258789,114176,0.0,0.0,0.0
2023-11-14 11:30:00-05:00,49.369998931884766,49.3849983215332,49.27000045776367,49.27000045776367,147540,0.0,0.0,0.0
2023-11-14 12:30:00-05:00,49.27000045776367,49.369998931884766,49.27000045776367,49.36000061035156,170701,0.0,0.0,0.0
2023-11-14 13:30:00-05:00,49.369998931884766,49.380001068115234,49.310001373291016,49.34000015258789,22879,0.0,0.0,0.0
2023-11-14 14:30:00-05:00,49.3849983215332,49.47999954223633,49.369998931884766,49.470001220703125,19193,0.0,0.0,0.0
2023-11-14 15:30:00-05:00,49.4900016784668,49.5,49.400001525878906,49.43000030517578,36193,0.0,0.0,0.0
2023-11-15 09:30:00-05:00,49.54999923706055,49.619998931884766,49.41999816894531,49.56999969482422,35002,0.0,0.0,0.0
2023-11-15 10:30:00-05:00,49.52000045776367,49.654998779296875,49.5,49.59000015258789,57855,0.0,0.0,0.0
2023-11-15 11:30:00-05:00,49.58000183105469,49.58000183105469,49.470001220703125,49.5099983215332,44868,0.0,0.0,0.0
2023-11-15 12:30:00-05:00,49.52000045776367,49.540000915527344,49.43000030517578,49.470001220703125,7809,0.0,0.0,0.0
2023-11-15 13:30:00-05:00,49.470001220703125,49.5099983215332,49.45000076293945,49.5099983215332,10387,0.0,0.0,0.0
2023-11-15 14:30:00-05:00,49.5099983215332,49.52000045776367,49.45029830932617,49.459999084472656,9611,0.0,0.0,0.0
2023-11-15 15:30:00-05:00,49.47999954223633,49.4900016784668,49.41999816894531,49.439998626708984,19604,0.0,0.0,0.0
2023-11-16 09:30:00-05:00,49.369998931884766,49.560001373291016,49.3650016784668,49.52000045776367,29304,0.0,0.0,0.0
2023-11-16 10:30:00-05:00,49.52000045776367,49.56999969482422,49.275001525878906,49.275001525878906,55909,0.0,0.0,0.0
2023-11-16 11:30:00-05:00,49.2599983215332,49.34000015258789,49.22999954223633,49.31999969482422,31126,0.0,0.0,0.0
2023-11-16 12:30:00-05:00,49.34000015258789,49.375,49.290000915527344,49.32149887084961,8551,0.0,0.0,0.0
2023-11-16 13:30:00-05:00,49.334999084472656,49.34000015258789,49.290000915527344,49.29999923706055,4978,0.0,0.0,0.0
2023-11-16 14:30:00-05:00,49.349998474121094,49.35499954223633,49.31999969482422,49.334999084472656,7799,0.0,0.0,0.0
2023-11-16 15:30:00-05:00,49.33000183105469,49.380001068115234,49.33000183105469,49.369998931884766,292584,0.0,0.0,0.0
2023-11-17 09:30:00-05:00,49.81999969482422,49.869998931884766,49.72999954223633,49.849998474121094,114845,0.0,0.0,0.0
2023-11-17 10:30:00-05:00,49.869998931884766,49.93000030517578,49.849998474121094,49.852500915527344,57976,0.0,0.0,0.0
2023-11-17 11:30:00-05:00,49.849998474121094,49.959999084472656,49.849998474121094,49.90999984741211,21486,0.0,0.0,0.0
2023-11-17 12:30:00-05:00,49.939998626708984,49.994998931884766,49.939998626708984,49.9900016784668,16969,0.0,0.0,0.0
2023-11-17 13:30:00-05:00,49.9900016784668,50.040000915527344,49.9900016784668,50.000999450683594,20037,0.0,0.0,0.0
2023-11-17 14:30:00-05:00,50.005001068115234,50.060001373291016,49.994998931884766,50.04999923706055,52031,0.0,0.0,0.0
2023-11-17 15:30:00-05:00,50.04499816894531,50.060001373291016,49.98500061035156,50.04999923706055,67210,0.0,0.0,0.0
2023-11-20 09:30:00-05:00,50.04999923706055,50.18000030517578,50.029998779296875,50.15999984741211,0,0.0,0.0,0.0
2023-11-20 10:30:00-05:00,50.13999938964844,50.209999084472656,50.13999938964844,50.209999084472656,21636,0.0,0.0,0.0
2023-11-20 11:30:00-05:00,50.209999084472656,50.2599983215332,50.16999816894531,50.22999954223633,17567,0.0,0.0,0.0
2023-11-20 12:30:00-05:00,50.220001220703125,50.290000915527344,50.150001525878906,50.2599983215332,22378,0.0,0.0,0.0
2023-11-20 13:30:00-05:00,50.2599983215332,50.27000045776367,50.220001220703125,50.2400016784668,23551,0.0,0.0,0.0
2023-11-20 14:30:00-05:00,50.25,50.33169937133789,50.25,50.31999969482422,27721,0.0,0.0,0.0
2023-11-20 15:30:00-05:00,50.31520080566406,50.32500076293945,50.2400016784668,50.2599983215332,26969,0.0,0.0,0.0
2023-11-21 09:30:00-05:00,50.220001220703125,50.2677001953125,50.150001525878906,50.150001525878906,0,0.0,0.0,0.0
2023-11-21 10:30:00-05:00,50.16999816894531,50.189998626708984,50.11000061035156,50.130001068115234,23890,0.0,0.0,0.0
2023-11-21 11:30:00-05:00,50.119998931884766,50.16999816894531,50.119998931884766,50.13999938964844,9526,0.0,0.0,0.0
2023-11-21 12:30:00-05:00,50.150001525878906,50.16999816894531,50.03499984741211,50.040000915527344,13870,0.0,0.0,0.0
2023-11-21 13:30:00-05:00,50.04499816894531,50.119998931884766,50.040000915527344,50.099998474121094,13135,0.0,0.0,0.0
2023-11-21 14:30:00-05:00,50.11000061035156,50.13999938964844,50.08000183105469,50.119998931884766,10375,0.0,0.0,0.0
2023-11-21 15:30:00-05:00,50.119998931884766,50.130001068115234,50.099998474121094,50.099998474121094,25287,0.0,0.0,0.0
2023-11-22 09:30:00-05:00,50.099998474121094,50.15999984741211,49.900001525878906,49.959999084472656,0,0.0,0.0,0.0
2023-11-22 10:30:00-05:00,50.0099983215332,50.040000915527344,49.970001220703125,50.02000045776367,116298,0.0,0.0,0.0
2023-11-22 11:30:00-05:00,50.029998779296875,50.1150016784668,50.02000045776367,50.11000061035156,50868,0.0,0.0,0.0
2023-11-22 12:30:00-05:00,50.099998474121094,50.119998931884766,50.02000045776367,50.119998931884766,28861,0.0,0.0,0.0
2023-11-22 13:30:00-05:00,50.130001068115234,50.13999938964844,50.09000015258789,50.130001068115234,36511,0.0,0.0,0.0
2023-11-22 14:30:00-05:00,50.130001068115234,50.13999938964844,50.029998779296875,50.13999938964844,38438,0.0,0.0,0.0
2023-11-22 15:30:00-05:00,50.13999938964844,50.18000030517578,50.130001068115234,50.16999816894531,30971,0.0,0.0,0.0
2023-11-24 09:30:00-05:00,50.43000030517578,50.65999984741211,50.43000030517578,50.6150016784668,111900,0.0,0.0,0.0
2023-11-24 10:30:00-05:00,50.619998931884766,50.66999816894531,50.595001220703125,50.650001525878906,9936,0.0,0.0,0.0
2023-11-24 11:30:00-05:00,50.650001525878906,50.65909957885742,50.619998931884766,50.63999938964844,8218,0.0,0.0,0.0
2023-11-27 09:30:00-05:00,50.59000015258789,50.619998931884766,50.529998779296875,50.56999969482422,45794,0.0,0.0,0.0
2023-11-27 10:30:00-05:00,50.58000183105469,50.58000183105469,50.43000030517578,50.470001220703125,36697,0.0,0.0,0.0
2023-11-27 11:30:00-05:00,50.47999954223633,50.494998931884766,50.40999984741211,50.439998626708984,25099,0.0,0.0,0.0
2023-11-27 12:30:00-05:00,50.439998626708984,50.52000045776367,50.439998626708984,50.49129867553711,20404,0.0,0.0,0.0
2023-11-27 13:30:00-05:00,50.5099983215332,50.54499816894531,50.4900016784668,50.529998779296875,33039,0.0,0.0,0.0
2023-11-27 14:30:00-05:00,50.53499984741211,50.55500030517578,50.505001068115234,50.540000915527344,38533,0.0,0.0,0.0
2023-11-27 15:30:00-05:00,50.54499816894531,50.564998626708984,50.525001525878906,50.529998779296875,18439,0.0,0.0,0.0
2023-11-28 09:30:00-05:00,50.36000061035156,50.41999816894531,50.31999969482422,50.36000061035156,35684,0.0,0.0,0.0
2023-11-28 10:30:00-05:00,50.400001525878906,50.56999969482422,50.36000061035156,50.540000915527344,73550,0.0,0.0,0.0
2023-11-28 11:30:00-05:00,50.540000915527344,50.63999938964844,50.540000915527344,50.58000183105469,38448,0.0,0.0,0.0
2023-11-28 12:30:00-05:00,50.58000183105469,50.58000183105469,50.36000061035156,50.435001373291016,52441,0.0,0.0,0.0
2023-11-28 13:30:00-05:00,50.41999816894531,50.45000076293945,50.400001525878906,50.43000030517578,17617,0.0,0.0,0.0
2023-11-28 14:30:00-05:00,50.40999984741211,50.4900016784668,50.404998779296875,50.44990158081055,53698,0.0,0.0,0.0
2023-11-28 15:30:00-05:00,50.45000076293945,50.5,50.439998626708984,50.470001220703125,46778,0.0,0.0,0.0
2023-11-29 09:30:00-05:00,50.720001220703125,50.790000915527344,50.560001373291016,50.604698181152344,0,0.0,0.0,0.0
2023-11-29 10:30:00-05:00,50.59000015258789,50.7599983215332,50.59000015258789,50.630001068115234,25506,0.0,0.0,0.0
2023-11-29 11:30:00-05:00,50.63999938964844,50.77000045776367,50.63999938964844,50.7599983215332,8304,0.0,0.0,0.0
2023-11-29 12:30:00-05:00,50.77000045776367,50.81999969482422,50.77000045776367,50.79999923706055,18332,0.0,0.0,0.0
2023-11-29 13:30:00-05:00,50.79999923706055,50.90999984741211,50.779998779296875,50.84000015258789,21626,0.0,0.0,0.0
2023-11-29 14:30:00-05:00,50.810001373291016,50.810001373291016,50.689998626708984,50.69499969482422,10121,0.0,0.0,0.0
2023-11-29 15:30:00-05:00,50.69499969482422,50.709999084472656,50.67499923706055,50.70000076293945,29444,0.0,0.0,0.0
2023-11-30 09:30:00-05:00,50.68000030517578,50.70000076293945,50.470001220703125,50.630001068115234,34702,0.0,0.0,0.0
2023-11-30 10:30:00-05:00,50.63999938964844,50.77000045776367,50.61000061035156,50.66339874267578,31887,0.0,0.0,0.0
2023-11-30 11:30:00-05:00,50.66999816894531,50.68000030517578,50.584999084472656,50.61000061035156,76399,0.0,0.0,0.0
2023-11-30 12:30:00-05:00,50.630001068115234,50.650001525878906,50.599998474121094,50.619998931884766,24293,0.0,0.0,0.0
2023-11-30 13:30:00-05:00,50.59000015258789,50.63999938964844,50.540000915527344,50.630001068115234,18429,0.0,0.0,0.0
2023-11-30 14:30:00-05:00,50.61000061035156,50.67499923706055,50.52000045776367,50.540000915527344,73488,0.0,0.0,0.0
2023-11-30 15:30:00-05:00,50.540000915527344,50.65999984741211,50.540000915527344,50.630001068115234,51898,0.0,0.0,0.0
2023-12-01 09:30:00-05:00,50.630001068115234,50.86000061035156,50.630001068115234,50.79999923706055,66686,0.0,0.0,0.0
2023-12-01 10:30:00-05:00,50.779998779296875,50.95000076293945,50.720001220703125,50.95000076293945,39243,0.0,0.0,0.0
2023-12-01 11:30:00-05:00,50.9900016784668,51.11000061035156,50.939998626708984,51.084999084472656,79478,0.0,0.0,0.0
2023-12-01 12:30:00-05:00,51.099998474121094,51.18000030517578,51.09000015258789,51.15999984741211,32912,0.0,0.0,0.0
2023-12-01 13:30:00-05:00,51.14500045776367,51.16999816894531,51.119998931884766,51.150001525878906,19220,0.0,0.0,0.0
2023-12-01 14:30:00-05:00,51.13999938964844,51.14789962768555,51.08000183105469,51.119998931884766,22703,0.0,0.0,0.0
2023-12-01 15:30:00-05:00,51.125,51.130001068115234,51.09000015258789,51.10499954223633,19017,0.0,0.0,0.0
2023-12-04 09:30:00-05:00,50.68000030517578,50.93000030517578,50.68000030517578,50.748600006103516,42401,0.0,0.0,0.0
2023-12-04 10:30:00-05:00,50.720001220703125,50.74319839477539,50.650001525878906,50.73500061035156,14580,0.0,0.0,0.0
2023-12-04 11:30:00-05:00,50.7400016784668,50.849998474121094,50.7400016784668,50.84000015258789,25703,0.0,0.0,0.0
2023-12-04 12:30:00-05:00,50.83000183105469,50.869998931884766,50.790000915527344,50.790000915527344,21241,0.0,0.0,0.0
2023-12-04 13:30:00-05:00,50.77000045776367,50.79999923706055,50.77000045776367,50.79499816894531,4166,0.0,0.0,0.0
2023-12-04 14:30:00-05:00,50.80500030517578,50.86000061035156,50.80500030517578,50.84000015258789,7732,0.0,0.0,0.0
2023-12-04 15:30:00-05:00,50.84000015258789,50.900001525878906,50.83000183105469,50.8849983215332,15935,0.0,0.0,0.0
2023-12-05 09:30:00-05:00,50.779998779296875,50.9900016784668,50.689998626708984,50.84000015258789,108887,0.0,0.0,0.0
2023-12-05 10:30:00-05:00,50.86000061035156,50.93000030517578,50.755001068115234,50.79999923706055,27261,0.0,0.0,0.0
2023-12-05 11:30:00-05:00,50.79999923706055,50.810001373291016,50.709999084472656,50.79999923706055,15453,0.0,0.0,0.0
2023-12-05 12:30:00-05:00,50.810001373291016,50.810001373291016,50.7400016784668,50.779998779296875,34477,0.0,0.0,0.0
2023-12-05 13:30:00-05:00,50.779998779296875,50.78499984741211,50.7400016784668,50.77000045776367,26877,0.0,0.0,0.0
2023-12-05 14:30:00-05:00,50.77000045776367,50.80500030517578,50.7400016784668,50.790000915527344,29402,0.0,0.0,0.0
2023-12-05 15:30:00-05:00,50.79499816894531,50.79999923706055,50.775001525878906,50.779998779296875,36123,0.0,0.0,0.0
2023-12-06 09:30:00-05:00,51.13999938964844,51.20000076293945,51.02000045776367,51.130001068115234,143754,0.0,0.0,0.0
2023-12-06 10:30:00-05:00,51.13999938964844,51.209999084472656,51.060001373291016,51.060001373291016,88433,0.0,0.0,0.0
2023-12-06 11:30:00-05:00,51.05500030517578,51.060001373291016,50.970001220703125,50.970001220703125,24490,0.0,0.0,0.0
2023-12-06 12:30:00-05:00,50.970001220703125,51.0,50.90999984741211,50.939998626708984,34688,0.0,0.0,0.0
2023-12-06 13:30:00-05:00,50.95000076293945,50.97999954223633,50.91999816894531,50.91999816894531,25741,0.0,0.0,0.0
2023-12-06 14:30:00-05:00,50.92499923706055,50.939998626708984,50.78499984741211,50.78499984741211,42530,0.0,0.0,0.0
2023-12-06 15:30:00-05:00,50.78499984741211,50.80500030517578,50.75,50.75,51094,0.0,0.0,0.0
2023-12-07 09:30:00-05:00,50.84000015258789,50.849998474121094,50.66999816894531,50.83000183105469,0,0.0,0.0,0.0
2023-12-07 10:30:00-05:00,50.86000061035156,50.959999084472656,50.83000183105469,50.88999938964844,85621,0.0,0.0,0.0
2023-12-07 11:30:00-05:00,50.8849983215332,50.95000076293945,50.869998931884766,50.95000076293945,61667,0.0,0.0,0.0
2023-12-07 12:30:00-05:00,50.95600128173828,51.04999923706055,50.95600128173828,50.9900016784668,34919,0.0,0.0,0.0
2023-12-07 13:30:00-05:00,50.9900016784668,51.029998779296875,50.9900016784668,51.0099983215332,28122,0.0,0.0,0.0
2023-12-07 14:30:00-05:00,51.0,51.029998779296875,50.970001220703125,51.029998779296875,39866,0.0,0.0,0.0
2023-12-07 15:30:00-05:00,51.029998779296875,51.029998779296875,50.96500015258789,50.970001220703125,80660,0.0,0.0,0.0
2023-12-08 09:30:00-05:00,50.970001220703125,51.31999969482422,50.959999084472656,51.29999923706055,46274,0.0,0.0,0.0
2023-12-08 10:30:00-05:00,51.290000915527344,51.290000915527344,51.09000015258789,51.119998931884766,38797,0.0,0.0,0.0
2023-12-08 11:30:00-05:00,51.125,51.14500045776367,51.02000045776367,51.1150016784668,25024,0.0,0.0,0.0
2023-12-08 12:30:00-05:00,51.10499954223633,51.165000915527344,51.099998474121094,51.165000915527344,8441,0.0,0.0,0.0
2023-12-08 13:30:00-05:00,51.189998626708984,51.20500183105469,51.154998779296875,51.20500183105469,15852,0.0,0.0,0.0
2023-12-08 14:30:00-05:00,51.21500015258789,51.249900817871094,51.19499969482422,51.244998931884766,70634,0.0,0.0,0.0
2023-12-08 15:30:00-05:00,51.22999954223633,51.26499938964844,51.224998474121094,51.25,28667,0.0,0.0,0.0
2023-12-11 09:30:00-05:00,51.13999938964844,51.290000915527344,51.119998931884766,51.244998931884766,0,0.0,0.0,0.0
2023-12-11 10:30:00-05:00,51.220001220703125,51.27000045776367,51.220001220703125,51.22999954223633,13405,0.0,0.0,0.0
2023-12-11 11:30:00-05:00,51.22999954223633,51.25,51.16999816894531,51.2400016784668,14343,0.0,0.0,0.0
2023-12-11 12:30:00-05:00,51.2400016784668,51.30569839477539,51.189998626708984,51.29999923706055,29579,0.0,0.0,0.0
2023-12-11 13:30:00-05:00,51.29999923706055,51.35499954223633,51.29999923706055,51.349998474121094,33217,0.0,0.0,0.0
2023-12-11 14:30:00-05:00,51.349998474121094,51.36000061035156,51.29999923706055,51.33000183105469,38996,0.0,0.0,0.0
2023-12-11 15:30:00-05:00,51.33000183105469,51.349998474121094,51.31999969482422,51.33000183105469,21750,0.0,0.0,0.0
2023-12-12 09:30:00-05:00,51.310001373291016,51.34000015258789,51.15999984741211,51.34000015258789,0,0.0,0.0,0.0
2023-12-12 10:30:00-05:00,51.33000183105469,51.380001068115234,51.29499816894531,51.310001373291016,39050,0.0,0.0,0.0
2023-12-12 11:30:00-05:00,51.31999969482422,51.349998474121094,51.26499938964844,51.349998474121094,17573,0.0,0.0,0.0
2023-12-12 12:30:00-05:00,51.349998474121094,51.369998931884766,51.290000915527344,51.34000015258789,15341,0.0,0.0,0.0
2023-12-12 13:30:00-05:00,51.34000015258789,51.400001525878906,51.34000015258789,51.38999938964844,17954,0.0,0.0,0.0
2023-12-12 14:30:00-05:00,51.39500045776367,51.439998626708984,51.380001068115234,51.439998626708984,31606,0.0,0.0,0.0
2023-12-12 15:30:00-05:00,51.44499969482422,51.44499969482422,51.400001525878906,51.43000030517578,37819,0.0,0.0,0.0
2023-12-13 09:30:00-05:00,51.529998779296875,51.529998779296875,51.36000061035156,51.380001068115234,27932,0.0,0.0,0.0
2023-12-13 10:30:00-05:00,51.40999984741211,51.439998626708984,51.32500076293945,51.33000183105469,14796,0.0,0.0,0.0
2023-12-13 11:30:00-05:00,51.323699951171875,51.34000015258789,51.29999923706055,51.310001373291016,19774,0.0,0.0,0.0
2023-12-13 12:30:00-05:00,51.29999923706055,51.311100006103516,51.2400016784668,51.2400016784668,4192,0.0,0.0,0.0
2023-12-13 13:30:00-05:00,51.22999954223633,51.79999923706055,51.22999954223633,51.79499816894531,20225,0.0,0.0,0.0
2023-12-13 14:30:00-05:00,51.790000915527344,52.15999984741211,51.75090026855469,51.974998474121094,106766,0.0,0.0,0.0
2023-12-13 15:30:00-05:00,51.959999084472656,52.119998931884766,51.939998626708984,52.119998931884766,33544,0.0,0.0,0.0
2023-12-14 09:30:00-05:00,52.5,52.63999938964844,52.349998474121094,52.400001525878906,84864,0.0,0.0,0.0
2023-12-14 10:30:00-05:00,52.41999816894531,52.70000076293945,52.380001068115234,52.685001373291016,75857,0.0,0.0,0.0
2023-12-14 11:30:00-05:00,52.689998626708984,52.80500030517578,52.650001525878906,52.790000915527344,471433,0.0,0.0,0.0
2023-12-14 12:30:00-05:00,52.80500030517578,52.810001373291016,52.57870101928711,52.57870101928711,39522,0.0,0.0,0.0
2023-12-14 13:30:00-05:00,52.57500076293945,52.61000061035156,52.47999954223633,52.61000061035156,10167,0.0,0.0,0.0
2023-12-14 14:30:00-05:00,52.599998474121094,52.65999984741211,52.58000183105469,52.63999938964844,45486,0.0,0.0,0.0
2023-12-14 15:30:00-05:00,52.654998779296875,52.66999816894531,52.599998474121094,52.619998931884766,82600,0.0,0.0,0.0
2023-12-15 09:30:00-05:00,52.2599983215332,52.38999938964844,52.18000030517578,52.380001068115234,127218,0.0,0.0,0.0
2023-12-15 10:30:00-05:00,52.34000015258789,52.36000061035156,52.25,52.31999969482422,16436,0.0,0.0,0.0
2023-12-15 11:30:00-05:00,52.31999969482422,52.31999969482422,52.22999954223633,52.290000915527344,25516,0.0,0.0,0.0
2023-12-15 12:30:00-05:00,52.290000915527344,52.290000915527344,52.18000030517578,52.20000076293945,39222,0.0,0.0,0.0
2023-12-15 13:30:00-05:00,52.220001220703125,52.220001220703125,52.06999969482422,52.08000183105469,59597,0.0,0.0,0.0
2023-12-15 14:30:00-05:00,52.099998474121094,52.12710189819336,52.06999969482422,52.10499954223633,31816,0.0,0.0,0.0
2023-12-15 15:30:00-05:00,52.11000061035156,52.11000061035156,52.029998779296875,52.040000915527344,39793,0.0,0.0,0.0
2023-12-18 09:30:00-05:00,52.279998779296875,52.290000915527344,52.08000183105469,52.16999816894531,68756,0.0,0.0,0.0
2023-12-18 10:30:00-05:00,52.15999984741211,52.16999816894531,52.060001373291016,52.13999938964844,23120,0.0,0.0,0.0
2023-12-18 11:30:00-05:00,52.14500045776367,52.20500183105469,52.130001068115234,52.20000076293945,64458,0.0,0.0,0.0
2023-12-18 12:30:00-05:00,52.20000076293945,52.20000076293945,52.154998779296875,52.16999816894531,16649,0.0,0.0,0.0
2023-12-18 13:30:00-05:00,52.17499923706055,52.19499969482422,52.150001525878906,52.15999984741211,33288,0.0,0.0,0.0
2023-12-18 14:30:00-05:00,52.150001525878906,52.244998931884766,52.150001525878906,52.244998931884766,67347,0.0,0.0,0.0
2023-12-18 15:30:00-05:00,52.23500061035156,52.23500061035156,52.189998626708984,52.189998626708984,55919,0.0,0.0,0.0
2023-12-19 09:30:00-05:00,52.45000076293945,52.650001525878906,52.45000076293945,52.63999938964844,0,0.0,0.0,0.0
2023-12-19 10:30:00-05:00,52.63999938964844,52.66999816894531,52.618900299072266,52.66999816894531,28345,0.0,0.0,0.0
2023-12-19 11:30:00-05:00,52.65999984741211,52.66999816894531,52.61000061035156,52.63999938964844,41652,0.0,0.0,0.0
2023-12-19 12:30:00-05:00,52.65999984741211,52.65999984741211,52.619998931884766,52.630001068115234,14091,0.0,0.0,0.0
2023-12-19 13:30:00-05:00,52.63999938964844,52.68000030517578,52.63999938964844,52.68000030517578,8175,0.0,0.0,0.0
2023-12-19 14:30:00-05:00,52.690101623535156,52.690101623535156,52.65999984741211,52.68000030517578,24273,0.0,0.0,0.0
2023-12-19 15:30:00-05:00,52.698001861572266,52.72999954223633,52.689998626708984,52.709999084472656,16803,0.0,0.0,0.0
2023-12-20 09:30:00-05:00,52.189998626708984,52.33000183105469,52.15999984741211,52.22999954223633,44109,0.0,0.0,0.0
2023-12-20 10:30:00-05:00,52.29999923706055,52.375,52.255001068115234,52.369998931884766,57669,0.0,0.0,0.0
2023-12-20 11:30:00-05:00,52.3650016784668,52.3650016784668,52.310001373291016,52.34049987792969,24293,0.0,0.0,0.0
2023-12-20 12:30:00-05:00,52.36000061035156,52.39189910888672,52.34000015258789,52.349998474121094,8997,0.0,0.0,0.0
2023-12-20 13:30:00-05:00,52.369998931884766,52.375,52.29999923706055,52.31999969482422,13794,0.0,0.0,0.0
2023-12-20 14:30:00-05:00,52.279998779296875,52.279998779296875,51.84000015258789,51.900001525878906,93289,0.0,0.0,0.0
2023-12-20 15:30:00-05:00,51.900001525878906,51.94499969482422,51.709999084472656,51.709999084472656,30887,0.0,0.0,0.0
2023-12-21 09:30:00-05:00,52.310001373291016,52.36000061035156,52.119998931884766,52.209999084472656,97675,0.0,0.0,0.0
2023-12-21 10:30:00-05:00,52.209999084472656,52.31999969482422,52.209999084472656,52.31999969482422,23328,0.0,0.0,0.0
2023-12-21 11:30:00-05:00,52.31999969482422,52.31999969482422,52.150001525878906,52.150001525878906,17899,0.0,0.0,0.0
2023-12-21 12:30:00-05:00,52.220001220703125,52.22999954223633,52.11370086669922,52.18000030517578,9198,0.0,0.0,0.0
2023-12-21 13:30:00-05:00,52.220001220703125,52.279998779296875,52.189998626708984,52.27000045776367,20149,0.0,0.0,0.0
2023-12-21 14:30:00-05:00,52.2599983215332,52.40999984741211,52.2599983215332,52.40999984741211,47088,0.0,0.0,0.0
2023-12-21 15:30:00-05:00,52.41999816894531,52.494998931884766,52.400001525878906,52.48500061035156,31574,0.0,0.0,0.0
2023-12-22 09:30:00-05:00,52.560001373291016,52.70000076293945,52.560001373291016,52.619998931884766,74942,0.0,0.0,0.0
2023-12-22 10:30:00-05:00,52.630001068115234,52.630001068115234,52.4900016784668,52.54999923706055,45713,0.0,0.0,0.0
2023-12-22 11:30:00-05:00,52.599998474121094,52.599998474121094,52.5,52.540000915527344,8881,0.0,0.0,0.0
2023-12-22 12:30:00-05:00,52.525001525878906,52.619998931884766,52.525001525878906,52.619998931884766,10847,0.0,0.0,0.0
2023-12-22 13:30:00-05:00,52.61119842529297,52.619998931884766,52.40999984741211,52.40999984741211,9328,0.0,0.0,0.0
2023-12-22 14:30:00-05:00,52.380001068115234,52.560001373291016,52.369998931884766,52.529998779296875,27602,0.0,0.0,0.0
2023-12-22 15:30:00-05:00,52.540000915527344,52.54499816894531,52.470001220703125,52.525001525878906,45937,0.0,0.0,0.0
2023-12-26 09:30:00-05:00,52.63999938964844,52.790000915527344,52.63999938964844,52.779998779296875,44630,0.0,0.0,0.0
2023-12-26 10:30:00-05:00,52.7599983215332,52.790000915527344,52.71500015258789,52.72999954223633,18923,0.0,0.0,0.0
2023-12-26 11:30:00-05:00,52.75,52.779998779296875,52.72999954223633,52.77000045776367,5980,0.0,0.0,0.0
2023-12-26 12:30:00-05:00,52.7599983215332,52.790000915527344,52.72999954223633,52.790000915527344,13554,0.0,0.0,0.0
2023-12-26 13:30:00-05:00,52.77009963989258,52.849998474121094,52.77009963989258,52.849998474121094,26440,0.0,0.0,0.0
2023-12-26 14:30:00-05:00,52.849998474121094,52.91999816894531,52.845001220703125,52.90999984741211,33687,0.0,0.0,0.0
2023-12-26 15:30:00-05:00,52.90999984741211,52.93000030517578,52.81999969482422,52.849998474121094,20584,0.0,0.0,0.0
2023-12-27 09:30:00-05:00,52.83000183105469,52.9900016784668,52.83000183105469,52.98109817504883,47111,0.0,0.0,0.0
2023-12-27 10:30:00-05:00,52.97999954223633,53.11000061035156,52.939998626708984,53.11000061035156,9331,0.0,0.0,0.0
2023-12-27 11:30:00-05:00,53.11000061035156,53.13999938964844,53.08000183105469,53.109100341796875,15691,0.0,0.0,0.0
2023-12-27 12:30:00-05:00,53.119998931884766,53.150001525878906,53.06999969482422,53.13010025024414,24567,0.0,0.0,0.0
2023-12-27 13:30:00-05:00,53.13999938964844,53.13999938964844,53.02000045776367,53.099998474121094,41061,0.0,0.0,0.0
2023-12-27 14:30:00-05:00,53.099998474121094,53.119998931884766,53.029998779296875,53.06999969482422,62898,0.0,0.0,0.0
2023-12-27 15:30:00-05:00,53.06999969482422,53.11000061035156,53.040000915527344,53.11000061035156,40766,0.0,0.0,0.0
2023-12-28 09:30:00-05:00,52.9900016784668,53.09000015258789,52.95000076293945,53.07500076293945,128787,0.0,0.0,0.0
2023-12-28 10:30:00-05:00,53.07500076293945,53.07500076293945,52.84000015258789,52.84000015258789,68446,0.0,0.0,0.0
2023-12-28 11:30:00-05:00,52.869998931884766,52.880001068115234,52.849700927734375,52.86000061035156,23870,0.0,0.0,0.0
2023-12-28 12:30:00-05:00,52.86000061035156,52.89500045776367,52.779998779296875,52.810001373291016,40975,0.0,0.0,0.0
2023-12-28 13:30:00-05:00,52.814998626708984,52.834999084472656,52.79999923706055,52.810001373291016,61361,0.0,0.0,0.0
2023-12-28 14:30:00-05:00,52.810001373291016,52.83000183105469,52.779998779296875,52.814998626708984,70181,0.0,0.0,0.0
2023-12-28 15:30:00-05:00,52.81999969482422,52.85499954223633,52.7599983215332,52.779998779296875,30093,0.0,0.0,0.0
2023-12-29 09:30:00-05:00,52.83000183105469,53.029998779296875,52.83000183105469,53.02989959716797,28854,0.0,0.0,0.0
2023-12-29 10:30:00-05:00,53.029998779296875,53.029998779296875,52.709999084472656,52.720001220703125,47389,0.0,0.0,0.0
2023-12-29 11:30:00-05:00,52.7599983215332,52.84000015258789,52.75,52.810001373291016,27899,0.0,0.0,0.0
2023-12-29 12:30:00-05:00,52.84000015258789,52.90999984741211,52.83000183105469,52.849998474121094,20454,0.0,0.0,0.0
2023-12-29 13:30:00-05:00,52.849998474121094,52.91999816894531,52.83000183105469,52.845001220703125,17514,0.0,0.0,0.0
2023-12-29 14:30:00-05:00,52.81999969482422,52.915000915527344,52.81999969482422,52.90999984741211,13405,0.0,0.0,0.0
2023-12-29 15:30:00-05:00,52.900001525878906,52.900001525878906,52.810001373291016,52.849998474121094,31087,0.0,0.0,0.0
2024-01-02 09:30:00-05:00,52.27000045776367,52.38999938964844,52.189998626708984,52.310001373291016,100414,0.0,0.0,0.0
2024-01-02 10:30:00-05:00,52.310001373291016,52.40999984741211,52.27000045776367,52.34000015258789,47856,0.0,0.0,0.0
2024-01-02 11:30:00-05:00,52.34000015258789,52.43000030517578,52.310001373291016,52.404998779296875,48026,0.0,0.0,0.0
2024-01-02 12:30:00-05:00,52.40999984741211,52.45000076293945,52.36000061035156,52.380001068115234,90090,0.0,0.0,0.0
2024-01-02 13:30:00-05:00,52.393001556396484,52.40299987792969,52.2599983215332,52.29159927368164,58087,0.0,0.0,0.0
2024-01-02 14:30:00-05:00,52.29999923706055,52.310001373291016,52.185001373291016,52.20000076293945,28545,0.0,0.0,0.0
2024-01-02 15:30:00-05:00,52.20000076293945,52.220001220703125,52.165000915527344,52.220001220703125,50416,0.0,0.0,0.0
2024-01-03 09:30:00-05:00,51.619998931884766,51.810001373291016,51.560001373291016,51.66999816894531,77068,0.0,0.0,0.0
2024-01-03 10:30:00-05:00,51.650001525878906,51.720001220703125,51.54499816894531,51.689998626708984,138185,0.0,0.0,0.0
2024-01-03 11:30:00-05:00,51.70000076293945,51.7400016784668,51.68000030517578,51.72999954223633,27775,0.0,0.0,0.0
2024-01-03 12:30:00-05:00,51.75,51.86000061035156,51.7400016784668,51.85100173950195,30196,0.0,0.0,0.0
2024-01-03 13:30:00-05:00,51.81999969482422,51.939998626708984,51.720001220703125,51.915000915527344,21927,0.0,0.0,0.0
2024-01-03 14:30:00-05:00,51.939998626708984,51.95000076293945,51.779998779296875,51.791500091552734,25442,0.0,0.0,0.0
2024-01-03 15:30:00-05:00,51.810001373291016,51.849998474121094,51.779998779296875,51.79999923706055,36104,0.0,0.0,0.0
2024-01-04 09:30:00-05:00,51.91999816894531,52.25,51.91999816894531,52.2400016784668,0,0.0,0.0,0.0
2024-01-04 10:30:00-05:00,52.22999954223633,52.36000061035156,52.22999954223633,52.33000183105469,22318,0.0,0.0,0.0
2024-01-04 11:30:00-05:00,52.33000183105469,52.33000183105469,52.220001220703125,52.255001068115234,18736,0.0,0.0,0.0
2024-01-04 12:30:00-05:00,52.22999954223633,52.22999954223633,52.15999984741211,52.224998474121094,19120,0.0,0.0,0.0
2024-01-04 13:30:00-05:00,52.220001220703125,52.224998474121094,52.14500045776367,52.165000915527344,10858,0.0,0.0,0.0
2024-01-04 14:30:00-05:00,52.14500045776367,52.18000030517578,52.11000061035156,52.13999938964844,30908,0.0,0.0,0.0
2024-01-04 15:30:00-05:00,52.13999938964844,52.16999816894531,52.099998474121094,52.119998931884766,17368,0.0,0.0,0.0
2024-01-05 09:30:00-05:00,51.939998626708984,52.45000076293945,51.88999938964844,52.31999969482422,0,0.0,0.0,0.0
2024-01-05 10:30:00-05:00,52.31999969482422,52.43000030517578,52.20000076293945,52.20000076293945,63270,0.0,0.0,0.0
2024-01-05 11:30:00-05:00,52.209999084472656,52.22999954223633,52.029998779296875,52.029998779296875,16605,0.0,0.0,0.0
2024-01-05 12:30:00-05:00,52.04999923706055,52.06999969482422,51.959999084472656,52.029998779296875,19768,0.0,0.0,0.0
2024-01-05 13:30:00-05:00,52.099998474121094,52.189998626708984,52.08000183105469,52.125,13570,0.0,0.0,0.0
2024-01-05 14:30:00-05:00,52.130001068115234,52.138301849365234,51.97999954223633,51.97999954223633,14773,0.0,0.0,0.0
2024-01-05 15:30:00-05:00,51.98500061035156,52.060001373291016,51.97999954223633,52.040000915527344,24930,0.0,0.0,0.0
2024-01-08 09:30:00-05:00,52.18000030517578,52.349998474121094,52.18000030517578,52.349998474121094,86699,0.0,0.0,0.0
2024-01-08 10:30:00-05:00,52.369998931884766,52.41999816894531,52.310001373291016,52.400001525878906,27093,0.0,0.0,0.0
2024-01-08 11:30:00-05:00,52.41999816894531,52.4900016784668,52.40999984741211,52.43000030517578,31337,0.0,0.0,0.0
2024-01-08 12:30:00-05:00,52.435001373291016,52.47999954223633,52.400001525878906,52.400001525878906,28767,0.0,0.0,0.0
2024-01-08 13:30:00-05:00,52.400001525878906,52.5099983215332,52.38999938964844,52.5099983215332,10773,0.0,0.0,0.0
2024-01-08 14:30:00-05:00,52.52000045776367,52.560001373291016,52.494998931884766,52.5099983215332,32840,0.0,0.0,0.0
2024-01-08 15:30:00-05:00,52.52000045776367,52.59000015258789,52.5099983215332,52.564998626708984,50230,0.0,0.0,0.0
2024-01-09 09:30:00-05:00,52.09000015258789,52.209999084472656,52.029998779296875,52.150001525878906,74516,0.0,0.0,0.0
2024-01-09 10:30:00-05:00,52.13999938964844,52.15999984741211,52.029998779296875,52.13999938964844,42638,0.0,0.0,0.0
2024-01-09 11:30:00-05:00,52.119998931884766,52.150001525878906,52.08000183105469,52.13999938964844,35300,0.0,0.0,0.0
2024-01-09 12:30:00-05:00,52.150001525878906,52.18000030517578,52.08000183105469,52.08000183105469,8782,0.0,0.0,0.0
2024-01-09 13:30:00-05:00,52.040000915527344,52.099998474121094,51.9900016784668,52.02000045776367,37270,0.0,0.0,0.0
2024-01-09 14:30:00-05:00,52.029998779296875,52.10499954223633,52.01570129394531,52.06999969482422,144008,0.0,0.0,0.0
2024-01-09 15:30:00-05:00,52.064998626708984,52.06999969482422,52.0099983215332,52.060001373291016,57092,0.0,0.0,0.0
2024-01-10 09:30:00-05:00,52.099998474121094,52.150001525878906,52.040000915527344,52.09000015258789,0,0.0,0.0,0.0
2024-01-10 10:30:00-05:00,52.099998474121094,52.2400016784668,52.099998474121094,52.189998626708984,5169,0.0,0.0,0.0
2024-01-10 11:30:00-05:00,52.16999816894531,52.18000030517578,52.125,52.18000030517578,30286,0.0,0.0,0.0
2024-01-10 12:30:00-05:00,52.17499923706055,52.220001220703125,52.14500045776367,52.19499969482422,52139,0.0,0.0,0.0
2024-01-10 13:30:00-05:00,52.189998626708984,52.290000915527344,52.185001373291016,52.279998779296875,66041,0.0,0.0,0.0
2024-01-10 14:30:00-05:00,52.279998779296875,52.33000183105469,52.220001220703125,52.244998931884766,118880,0.0,0.0,0.0
2024-01-10 15:30:00-05:00,52.244998931884766,52.275001525878906,52.20000076293945,52.27000045776367,74264,0.0,0.0,0.0
2024-01-11 09:30:00-05:00,52.25,52.33000183105469,51.73500061035156,51.86000061035156,106321,0.0,0.0,0.0
2024-01-11 10:30:00-05:00,51.86000061035156,51.939998626708984,51.689998626708984,51.689998626708984,56231,0.0,0.0,0.0
2024-01-11 11:30:00-05:00,51.66999816894531,51.775001525878906,51.630001068115234,51.68000030517578,26430,0.0,0.0,0.0
2024-01-11 12:30:00-05:00,51.709999084472656,51.900001525878906,51.70000076293945,51.88999938964844,18332,0.0,0.0,0.0
2024-01-11 13:30:00-05:00,51.869998931884766,52.040000915527344,51.869998931884766,52.040000915527344,26234,0.0,0.0,0.0
2024-01-11 14:30:00-05:00,52.04499816894531,52.099998474121094,51.91999816894531,52.040000915527344,41383,0.0,0.0,0.0
2024-01-11 15:30:00-05:00,52.02000045776367,52.09000015258789,52.0099983215332,52.08000183105469,20235,0.0,0.0,0.0
2024-01-12 09:30:00-05:00,52.349998474121094,52.45000076293945,52.2400016784668,52.310001373291016,80774,0.0,0.0,0.0
2024-01-12 10:30:00-05:00,52.310001373291016,52.34000015258789,52.15999984741211,52.220001220703125,191978,0.0,0.0,0.0
2024-01-12 11:30:00-05:00,52.2400016784668,52.2400016784668,52.11000061035156,52.11000061035156,15607,0.0,0.0,0.0
2024-01-12 12:30:00-05:00,52.13999938964844,52.209999084472656,52.130001068115234,52.209999084472656,2476,0.0,0.0,0.0
2024-01-12 13:30:00-05:00,52.209999084472656,52.27000045776367,52.209999084472656,52.25,5578,0.0,0.0,0.0
2024-01-12 14:30:00-05:00,52.25,52.25,52.15999984741211,52.16999816894531,12347,0.0,0.0,0.0
2024-01-12 15:30:00-05:00,52.18000030517578,52.209999084472656,52.18000030517578,52.185001373291016,12104,0.0,0.0,0.0
2024-01-16 09:30:00-05:00,51.40999984741211,51.45000076293945,51.220001220703125,51.44499969482422,167435,0.0,0.0,0.0
2024-01-16 10:30:00-05:00,51.41999816894531,51.525001525878906,51.29999923706055,51.459999084472656,100713,0.0,0.0,0.0
2024-01-16 11:30:00-05:00,51.45000076293945,51.4900016784668,51.220001220703125,51.220001220703125,48178,0.0,0.0,0.0
2024-01-16 12:30:00-05:00,51.19499969482422,51.290000915527344,51.17499923706055,51.279998779296875,28780,0.0,0.0,0.0
2024-01-16 13:30:00-05:00,51.310001373291016,51.31999969482422,51.15999984741211,51.20000076293945,48949,0.0,0.0,0.0
2024-01-16 14:30:00-05:00,51.1974983215332,51.25,51.17499923706055,51.209999084472656,48550,0.0,0.0,0.0
2024-01-16 15:30:00-05:00,51.209999084472656,51.27000045776367,51.20000076293945,51.27000045776367,86868,0.0,0.0,0.0
2024-01-17 09:30:00-05:00,50.709999084472656,50.709999084472656,50.45000076293945,50.630001068115234,60835,0.0,0.0,0.0
2024-01-17 10:30:00-05:00,50.619998931884766,50.77989959716797,50.595001220703125,50.77000045776367,50396,0.0,0.0,0.0
2024-01-17 11:30:00-05:00,50.7400016784668,50.790000915527344,50.709999084472656,50.709999084472656,58676,0.0,0.0,0.0
2024-01-17 12:30:00-05:00,50.689998626708984,50.77000045776367,50.63999938964844,50.65599822998047,12528,0.0,0.0,0.0
2024-01-17 13:30:00-05:00,50.65999984741211,50.77000045776367,50.619998931884766,50.75,34869,0.0,0.0,0.0
2024-01-17 14:30:00-05:00,50.779998779296875,50.814998626708984,50.720001220703125,50.720001220703125,18567,0.0,0.0,0.0
2024-01-17 15:30:00-05:00,50.7400016784668,50.880001068115234,50.7400016784668,50.86000061035156,32656,0.0,0.0,0.0
2024-01-18 09:30:00-05:00,51.08000183105469,51.130001068115234,50.970001220703125,51.09000015258789,0,0.0,0.0,0.0
2024-01-18 10:30:00-05:00,51.099998474121094,51.16999816894531,51.02000045776367,51.15999984741211,44588,0.0,0.0,0.0
2024-01-18 11:30:00-05:00,51.150001525878906,51.165000915527344,51.0,51.060001373291016,24975,0.0,0.0,0.0
2024-01-18 12:30:00-05:00,51.04999923706055,51.060001373291016,51.0,51.029998779296875,19714,0.0,0.0,0.0
2024-01-18 13:30:00-05:00,51.040000915527344,51.23500061035156,51.040000915527344,51.22999954223633,8174,0.0,0.0,0.0
2024-01-18 14:30:00-05:00,51.25310134887695,51.310001373291016,51.18000030517578,51.310001373291016,27443,0.0,0.0,0.0
2024-01-18 15:30:00-05:00,51.31999969482422,51.34000015258789,51.279998779296875,51.33000183105469,32419,0.0,0.0,0.0
2024-01-19 09:30:00-05:00,51.11000061035156,51.18000030517578,50.9900016784668,51.0,0,0.0,0.0,0.0
2024-01-19 10:30:00-05:00,50.970001220703125,51.150001525878906,50.939998626708984,51.10499954223633,21378,0.0,0.0,0.0
2024-01-19 11:30:00-05:00,51.09000015258789,51.16999816894531,51.03110122680664,51.16999816894531,23152,0.0,0.0,0.0
2024-01-19 12:30:00-05:00,51.189998626708984,51.27000045776367,51.18000030517578,51.2599983215332,16748,0.0,0.0,0.0
2024-01-19 13:30:00-05:00,51.279998779296875,51.380001068115234,51.275001525878906,51.36000061035156,28175,0.0,0.0,0.0
2024-01-19 14:30:00-05:00,51.34000015258789,51.3849983215332,51.31999969482422,51.369998931884766,38193,0.0,0.0,0.0
2024-01-19 15:30:00-05:00,51.369998931884766,51.39500045776367,51.369998931884766,51.38999938964844,43391,0.0,0.0,0.0
2024-01-22 09:30:00-05:00,51.45000076293945,51.595001220703125,51.45000076293945,51.560001373291016,36641,0.0,0.0,0.0
2024-01-22 10:30:00-05:00,51.54999923706055,51.58000183105469,51.459999084472656,51.540000915527344,64532,0.0,0.0,0.0
2024-01-22 11:30:00-05:00,51.540000915527344,51.540000915527344,51.47999954223633,51.529998779296875,25696,0.0,0.0,0.0
2024-01-22 12:30:00-05:00,51.505001068115234,51.53499984741211,51.459999084472656,51.459999084472656,18607,0.0,0.0,0.0
2024-01-22 13:30:00-05:00,51.41999816894531,51.494998931884766,51.380001068115234,51.41529846191406,12961,0.0,0.0,0.0
2024-01-22 14:30:00-05:00,51.43000030517578,51.470001220703125,51.40999984741211,51.470001220703125,13161,0.0,0.0,0.0
2024-01-22 15:30:00-05:00,51.4900016784668,51.494998931884766,51.44499969482422,51.45000076293945,15384,0.0,0.0,0.0
2024-01-23 09:30:00-05:00,51.209999084472656,51.27000045776367,51.16999816894531,51.23500061035156,61566,0.0,0.0,0.0
2024-01-23 10:30:00-05:00,51.220001220703125,51.220001220703125,51.09000015258789,51.13999938964844,63620,0.0,0.0,0.0
2024-01-23 11:30:00-05:00,51.13999938964844,51.14500045776367,51.064998626708984,51.14500045776367,28088,0.0,0.0,0.0
2024-01-23 12:30:00-05:00,51.150001525878906,51.20109939575195,51.119998931884766,51.20109939575195,3820,0.0,0.0,0.0
2024-01-23 13:30:00-05:00,51.18000030517578,51.224998474121094,51.17499923706055,51.209999084472656,48859,0.0,0.0,0.0
2024-01-23 14:30:00-05:00,51.2400016784668,51.32500076293945,51.2400016784668,51.29499816894531,39997,0.0,0.0,0.0
2024-01-23 15:30:00-05:00,51.290000915527344,51.31999969482422,51.25859832763672,51.31999969482422,48421,0.0,0.0,0.0
2024-01-24 09:30:00-05:00,52.119998931884766,52.189998626708984,51.94499969482422,52.040000915527344,0,0.0,0.0,0.0
2024-01-24 10:30:00-05:00,52.04999923706055,52.04999923706055,51.93000030517578,52.02000045776367,44344,0.0,0.0,0.0
2024-01-24 11:30:00-05:00,52.029998779296875,52.09000015258789,52.01499938964844,52.09000015258789,23113,0.0,0.0,0.0
2024-01-24 12:30:00-05:00,52.09000015258789,52.119998931884766,51.95500183105469,52.0099983215332,25307,0.0,0.0,0.0
2024-01-24 13:30:00-05:00,51.9900016784668,51.9900016784668,51.849998474121094,51.88999938964844,17848,0.0,0.0,0.0
2024-01-24 14:30:00-05:00,51.88999938964844,51.96500015258789,51.84000015258789,51.840999603271484,53257,0.0,0.0,0.0
2024-01-24 15:30:00-05:00,51.834999084472656,51.904998779296875,51.80500030517578,51.83000183105469,63114,0.0,0.0,0.0
2024-01-25 09:30:00-05:00,51.939998626708984,51.970001220703125,51.790000915527344,51.88999938964844,0,0.0,0.0,0.0
2024-01-25 10:30:00-05:00,51.8849983215332,51.88999938964844,51.7400016784668,51.86000061035156,58059,0.0,0.0,0.0
2024-01-25 11:30:00-05:00,51.85499954223633,51.95000076293945,51.83000183105469,51.935001373291016,118934,0.0,0.0,0.0
2024-01-25 12:30:00-05:00,51.93000030517578,51.9900016784668,51.869998931884766,51.95000076293945,53165,0.0,0.0,0.0
2024-01-25 13:30:00-05:00,51.939998626708984,51.9900016784668,51.86000061035156,51.95000076293945,36167,0.0,0.0,0.0
2024-01-25 14:30:00-05:00,51.95500183105469,52.010101318359375,51.94499969482422,51.9989013671875,62346,0.0,0.0,0.0
2024-01-25 15:30:00-05:00,51.994998931884766,52.09000015258789,51.9900016784668,52.09000015258789,73200,0.0,0.0,0.0
2024-01-26 09:30:00-05:00,52.56999969482422,52.6702995300293,52.529998779296875,52.529998779296875,42041,0.0,0.0,0.0
2024-01-26 10:30:00-05:00,52.529998779296875,52.619998931884766,52.529998779296875,52.61000061035156,16903,0.0,0.0,0.0
2024-01-26 11:30:00-05:00,52.630001068115234,52.65999984741211,52.58000183105469,52.65999984741211,58063,0.0,0.0,0.0
2024-01-26 12:30:00-05:00,52.61000061035156,52.61000061035156,52.529998779296875,52.599998474121094,20807,0.0,0.0,0.0
2024-01-26 13:30:00-05:00,52.599998474121094,52.60499954223633,52.52000045776367,52.59000015258789,23034,0.0,0.0,0.0
2024-01-26 14:30:00-05:00,52.56999969482422,52.63999938964844,52.56999969482422,52.60499954223633,72423,0.0,0.0,0.0
2024-01-26 15:30:00-05:00,52.59000015258789,52.59000015258789,52.56999969482422,52.58000183105469,23096,0.0,0.0,0.0
2024-01-29 09:30:00-05:00,52.369998931884766,52.40999984741211,52.33000183105469,52.36000061035156,77941,0.0,0.0,0.0
2024-01-29 10:30:00-05:00,52.380001068115234,52.40999984741211,52.34000015258789,52.400001525878906,81229,0.0,0.0,0.0
2024-01-29 11:30:00-05:00,52.40999984741211,52.459999084472656,52.39500045776367,52.44499969482422,52077,0.0,0.0,0.0
2024-01-29 12:30:00-05:00,52.44499969482422,52.459999084472656,52.404998779296875,52.439998626708984,31391,0.0,0.0,0.0
2024-01-29 13:30:00-05:00,52.45000076293945,52.4900016784668,52.40999984741211,52.48500061035156,33666,0.0,0.0,0.0
2024-01-29 14:30:00-05:00,52.4900016784668,52.790000915527344,52.4900016784668,52.7599983215332,65596,0.0,0.0,0.0
2024-01-29 15:30:00-05:00,52.7599983215332,52.76499938964844,52.70800018310547,52.75,59843,0.0,0.0,0.0
2024-01-30 09:30:00-05:00,52.7599983215332,52.77009963989258,52.564998626708984,52.619998931884766,0,0.0,0.0,0.0
2024-01-30 10:30:00-05:00,52.619998931884766,52.689998626708984,52.599998474121094,52.689998626708984,24967,0.0,0.0,0.0
2024-01-30 11:30:00-05:00,52.70000076293945,52.755001068115234,52.70000076293945,52.720001220703125,14230,0.0,0.0,0.0
2024-01-30 12:30:00-05:00,52.70000076293945,52.709999084472656,52.65999984741211,52.709999084472656,5848,0.0,0.0,0.0
2024-01-30 13:30:00-05:00,52.720001220703125,52.755001068115234,52.709999084472656,52.7400016784668,4474,0.0,0.0,0.0
2024-01-30 14:30:00-05:00,52.779998779296875,52.81999969482422,52.779998779296875,52.81999969482422,8819,0.0,0.0,0.0
2024-01-30 15:30:00-05:00,52.79999923706055,52.80630111694336,52.77000045776367,52.79999923706055,21210,0.0,0.0,0.0
2024-01-31 09:30:00-05:00,52.959999084472656,53.060001373291016,52.880001068115234,52.880001068115234,97442,0.0,0.0,0.0
2024-01-31 10:30:00-05:00,52.880001068115234,52.900001525878906,52.720001220703125,52.7400016784668,22019,0.0,0.0,0.0
2024-01-31 11:30:00-05:00,52.72999954223633,52.775001525878906,52.689998626708984,52.7400016784668,15528,0.0,0.0,0.0
2024-01-31 12:30:00-05:00,52.7400016784668,52.779998779296875,52.650001525878906,52.72990036010742,27346,0.0,0.0,0.0
2024-01-31 13:30:00-05:00,52.744998931884766,52.779998779296875,52.564998626708984,52.650001525878906,58919,0.0,0.0,0.0
2024-01-31 14:30:00-05:00,52.63999938964844,52.95000076293945,52.29999923706055,52.41999816894531,118530,0.0,0.0,0.0
2024-01-31 15:30:00-05:00,52.40999984741211,52.41999816894531,52.31999969482422,52.380001068115234,48743,0.0,0.0,0.0
2024-02-01 09:30:00-05:00,52.5099983215332,52.595001220703125,52.43000030517578,52.54999923706055,144132,0.0,0.0,0.0
2024-02-01 10:30:00-05:00,52.52000045776367,52.525001525878906,52.36000061035156,52.47999954223633,119056,0.0,0.0,0.0
2024-02-01 11:30:00-05:00,52.54999923706055,52.810001373291016,52.540000915527344,52.720001220703125,37269,0.0,0.0,0.0
2024-02-01 12:30:00-05:00,52.75,52.81999969482422,52.70000076293945,52.72999954223633,46485,0.0,0.0,0.0
2024-02-01 13:30:00-05:00,52.75,52.845001220703125,52.7400016784668,52.80500030517578,39682,0.0,0.0,0.0
2024-02-01 14:30:00-05:00,52.810001373291016,52.89500045776367,52.7599983215332,52.869998931884766,52543,0.0,0.0,0.0
2024-02-01 15:30:00-05:00,52.880001068115234,52.900001525878906,52.849998474121094,52.900001525878906,66718,0.0,0.0,0.0
2024-02-02 09:30:00-05:00,52.4900016784668,52.5099983215332,52.290000915527344,52.33000183105469,128066,0.0,0.0,0.0
2024-02-02 10:30:00-05:00,52.33000183105469,52.43000030517578,52.224998474121094,52.2599983215332,66517,0.0,0.0,0.0
2024-02-02 11:30:00-05:00,52.27000045776367,52.290000915527344,52.22999954223633,52.290000915527344,47064,0.0,0.0,0.0
2024-02-02 12:30:00-05:00,52.31999969482422,52.33000183105469,52.18000030517578,52.290000915527344,53007,0.0,0.0,0.0
2024-02-02 13:30:00-05:00,52.279998779296875,52.380001068115234,52.279998779296875,52.34000015258789,28438,0.0,0.0,0.0
2024-02-02 14:30:00-05:00,52.349998474121094,52.439998626708984,52.349998474121094,52.439998626708984,33446,0.0,0.0,0.0
2024-02-02 15:30:00-05:00,52.439998626708984,52.439998626708984,52.375,52.39500045776367,95902,0.0,0.0,0.0
2024-02-05 09:30:00-05:00,52.04999923706055,52.099998474121094,51.83000183105469,51.93000030517578,0,0.0,0.0,0.0
2024-02-05 10:30:00-05:00,51.91999816894531,51.96500015258789,51.84000015258789,51.88999938964844,65466,0.0,0.0,0.0
2024-02-05 11:30:00-05:00,51.900001525878906,52.079898834228516,51.900001525878906,52.079898834228516,46488,0.0,0.0,0.0
2024-02-05 12:30:00-05:00,52.07500076293945,52.13999938964844,52.07500076293945,52.11000061035156,71273,0.0,0.0,0.0
2024-02-05 13:30:00-05:00,52.11000061035156,52.19499969482422,52.11000061035156,52.19499969482422,28653,0.0,0.0,0.0
2024-02-05 14:30:00-05:00,52.20000076293945,52.22999954223633,52.099998474121094,52.185001373291016,50957,0.0,0.0,0.0
2024-02-05 15:30:00-05:00,52.18000030517578,52.20000076293945,52.130001068115234,52.130001068115234,86529,0.0,0.0,0.0
2024-02-06 09:30:00-05:00,52.150001525878906,52.310001373291016,52.130001068115234,52.279998779296875,150438,0.0,0.0,0.0
2024-02-06 10:30:00-05:00,52.279998779296875,52.40999984741211,52.27000045776367,52.380001068115234,99125,0.0,0.0,0.0
2024-02-06 11:30:00-05:00,52.3849983215332,52.400001525878906,52.310001373291016,52.400001525878906,115803,0.0,0.0,0.0
2024-02-06 12:30:00-05:00,52.38999938964844,52.40999984741211,52.32500076293945,52.369998931884766,103450,0.0,0.0,0.0
2024-02-06 13:30:00-05:00,52.369998931884766,52.439998626708984,52.34000015258789,52.380001068115234,73909,0.0,0.0,0.0
2024-02-06 14:30:00-05:00,52.380001068115234,52.470001220703125,52.36000061035156,52.435001373291016,97907,0.0,0.0,0.0
2024-02-06 15:30:00-05:00,52.435001373291016,52.529998779296875,52.415000915527344,52.52000045776367,76628,0.0,0.0,0.0
2024-02-07 09:30:00-05:00,52.38999938964844,52.459999084472656,52.33000183105469,52.45000076293945,29815,0.0,0.0,0.0
2024-02-07 10:30:00-05:00,52.439998626708984,52.439998626708984,52.2400016784668,52.279998779296875,28314,0.0,0.0,0.0
2024-02-07 11:30:00-05:00,52.30500030517578,52.36000061035156,52.275001525878906,52.29970169067383,18505,0.0,0.0,0.0
2024-02-07 12:30:00-05:00,52.310001373291016,52.40999984741211,52.29999923706055,52.38999938964844,13192,0.0,0.0,0.0
2024-02-07 13:30:00-05:00,52.40999984741211,52.40999984741211,52.34000015258789,52.369998931884766,17680,0.0,0.0,0.0
2024-02-07 14:30:00-05:00,52.369998931884766,52.41999816894531,52.349998474121094,52.38999938964844,77517,0.0,0.0,0.0
2024-02-07 15:30:00-05:00,52.380001068115234,52.398399353027344,52.35499954223633,52.36000061035156,22224,0.0,0.0,0.0
2024-02-08 09:30:00-05:00,52.38999938964844,52.40999984741211,52.29499816894531,52.345001220703125,91591,0.0,0.0,0.0
2024-02-08 10:30:00-05:00,52.31060028076172,52.3650016784668,52.25,52.25,36295,0.0,0.0,0.0
2024-02-08 11:30:00-05:00,52.25,52.375,52.25,52.30500030517578,41909,0.0,0.0,0.0
2024-02-08 12:30:00-05:00,52.29999923706055,52.369998931884766,52.279998779296875,52.34000015258789,16292,0.0,0.0,0.0
2024-02-08 13:30:00-05:00,52.34000015258789,52.369998931884766,52.32099914550781,52.33000183105469,8790,0.0,0.0,0.0
2024-02-08 14:30:00-05:00,52.33000183105469,52.3650016784668,52.29999923706055,52.36009979248047,7707,0.0,0.0,0.0
2024-02-08 15:30:00-05:00,52.369998931884766,52.38999938964844,52.310001373291016,52.31999969482422,61485,0.0,0.0,0.0
2024-02-09 09:30:00-05:00,52.31999969482422,52.380001068115234,52.185001373291016,52.220001220703125,0,0.0,0.0,0.0
2024-02-09 10:30:00-05:00,52.209999084472656,52.36000061035156,52.209999084472656,52.34000015258789,15329,0.0,0.0,0.0
2024-02-09 11:30:00-05:00,52.33290100097656,52.34000015258789,52.29999923706055,52.34000015258789,6215,0.0,0.0,0.0
2024-02-09 12:30:00-05:00,52.36000061035156,52.4900016784668,52.349998474121094,52.4900016784668,15692,0.0,0.0,0.0
2024-02-09 13:30:00-05:00,52.5099983215332,52.54999923706055,52.4900016784668,52.540000915527344,32331,0.0,0.0,0.0
2024-02-09 14:30:00-05:00,52.540000915527344,52.54499816894531,52.46500015258789,52.505001068115234,25113,0.0,0.0,0.0
2024-02-09 15:30:00-05:00,52.50859832763672,52.529998779296875,52.4900016784668,52.52000045776367,14381,0.0,0.0,0.0
2024-02-12 09:30:00-05:00,52.400001525878906,52.5,52.400001525878906,52.439998626708984,0,0.0,0.0,0.0
2024-02-12 10:30:00-05:00,52.459999084472656,52.540000915527344,52.459999084472656,52.540000915527344,53943,0.0,0.0,0.0
2024-02-12 11:30:00-05:00,52.560001373291016,52.59000015258789,52.54999923706055,52.56999969482422,17235,0.0,0.0,0.0
2024-02-12 12:30:00-05:00,52.56999969482422,52.650001525878906,52.56999969482422,52.59000015258789,8421,0.0,0.0,0.0
2024-02-12 13:30:00-05:00,52.59000015258789,52.595001220703125,52.47999954223633,52.47999954223633,25276,0.0,0.0,0.0
2024-02-12 14:30:00-05:00,52.4900016784668,52.505001068115234,52.45000076293945,52.505001068115234,5297,0.0,0.0,0.0
2024-02-12 15:30:00-05:00,52.5,52.529998779296875,52.5,52.52000045776367,20295,0.0,0.0,0.0
2024-02-13 09:30:00-05:00,51.77000045776367,51.834999084472656,51.59000015258789,51.744998931884766,66030,0.0,0.0,0.0
2024-02-13 10:30:00-05:00,51.755001068115234,51.83000183105469,51.68000030517578,51.77000045776367,108751,0.0,0.0,0.0
2024-02-13 11:30:00-05:00,51.779998779296875,51.81999969482422,51.709999084472656,51.709999084472656,38873,0.0,0.0,0.0
2024-02-13 12:30:00-05:00,51.70000076293945,51.7599983215332,51.625,51.63999938964844,13865,0.0,0.0,0.0
2024-02-13 13:30:00-05:00,51.63999938964844,51.63999938964844,51.470001220703125,51.505001068115234,51232,0.0,0.0,0.0
2024-02-13 14:30:00-05:00,51.5099983215332,51.53499984741211,51.39500045776367,51.435001373291016,64843,0.0,0.0,0.0
2024-02-13 15:30:00-05:00,51.44499969482422,51.59000015258789,51.44499969482422,51.59000015258789,82406,0.0,0.0,0.0
2024-02-14 09:30:00-05:00,51.959999084472656,52.08000183105469,51.939998626708984,52.04999923706055,77880,0.0,0.0,0.0
2024-02-14 10:30:00-05:00,52.04999923706055,52.09000015258789,52.0099983215332,52.08000183105469,34828,0.0,0.0,0.0
2024-02-14 11:30:00-05:00,52.060001373291016,52.11000061035156,51.970001220703125,52.060001373291016,34799,0.0,0.0,0.0
2024-02-14 12:30:00-05:00,52.08000183105469,52.130001068115234,52.060001373291016,52.06999969482422,44307,0.0,0.0,0.0
2024-02-14 13:30:00-05:00,52.08000183105469,52.16999816894531,52.029998779296875,52.130001068115234,18593,0.0,0.0,0.0
2024-02-14 14:30:00-05:00,52.13999938964844,52.220001220703125,52.130001068115234,52.220001220703125,23228,0.0,0.0,0.0
2024-02-14 15:30:00-05:00,52.209999084472656,52.2599983215332,52.189998626708984,52.255001068115234,59693,0.0,0.0,0.0
2024-02-15 09:30:00-05:00,52.52000045776367,52.71500015258789,52.52000045776367,52.689998626708984,56693,0.0,0.0,0.0
2024-02-15 10:30:00-05:00,52.689998626708984,52.689998626708984,52.540000915527344,52.540000915527344,19073,0.0,0.0,0.0
2024-02-15 11:30:00-05:00,52.560001373291016,52.65890121459961,52.560001373291016,52.648799896240234,6055,0.0,0.0,0.0
2024-02-15 12:30:00-05:00,52.65999984741211,52.7400016784668,52.630001068115234,52.7400016784668,40051,0.0,0.0,0.0
2024-02-15 13:30:00-05:00,52.75,52.79999923706055,52.720001220703125,52.790000915527344,11446,0.0,0.0,0.0
2024-02-15 14:30:00-05:00,52.814998626708984,52.81999969482422,52.779998779296875,52.810001373291016,7282,0.0,0.0,0.0
2024-02-15 15:30:00-05:00,52.81999969482422,52.834999084472656,52.79999923706055,52.82500076293945,22693,0.0,0.0,0.0
2024-02-16 09:30:00-05:00,52.88999938964844,52.95000076293945,52.744998931884766,52.92499923706055,124743,0.0,0.0,0.0
2024-02-16 10:30:00-05:00,52.90999984741211,53.029998779296875,52.900001525878906,53.029998779296875,19771,0.0,0.0,0.0
2024-02-16 11:30:00-05:00,53.029998779296875,53.06999969482422,53.02000045776367,53.040000915527344,21889,0.0,0.0,0.0
2024-02-16 12:30:00-05:00,53.040000915527344,53.08000183105469,53.000099182128906,53.060001373291016,35342,0.0,0.0,0.0
2024-02-16 13:30:00-05:00,53.064998626708984,53.13999938964844,53.060001373291016,53.130001068115234,12740,0.0,0.0,0.0
2024-02-16 14:30:00-05:00,53.119998931884766,53.119998931884766,52.939998626708984,52.974998474121094,46032,0.0,0.0,0.0
2024-02-16 15:30:00-05:00,52.97809982299805,52.97809982299805,52.900001525878906,52.93000030517578,47618,0.0,0.0,0.0
2024-02-20 09:30:00-05:00,53.279998779296875,53.33000183105469,53.21989822387695,53.31999969482422,46839,0.0,0.0,0.0
2024-02-20 10:30:00-05:00,53.290000915527344,53.33000183105469,53.209999084472656,53.279998779296875,36028,0.0,0.0,0.0
2024-02-20 11:30:00-05:00,53.290000915527344,53.290000915527344,53.1150016784668,53.130001068115234,21627,0.0,0.0,0.0
2024-02-20 12:30:00-05:00,53.1150016784668,53.15999984741211,53.08000183105469,53.11000061035156,28010,0.0,0.0,0.0
2024-02-20 13:30:00-05:00,53.11000061035156,53.16999816894531,53.11000061035156,53.15999984741211,22086,0.0,0.0,0.0
2024-02-20 14:30:00-05:00,53.150001525878906,53.209999084472656,53.150001525878906,53.209999084472656,24117,0.0,0.0,0.0
2024-02-20 15:30:00-05:00,53.209999084472656,53.220001220703125,53.130001068115234,53.21500015258789,79893,0.0,0.0,0.0
2024-02-21 09:30:00-05:00,53.04999923706055,53.185001373291016,53.040000915527344,53.09629821777344,41008,0.0,0.0,0.0
2024-02-21 10:30:00-05:00,53.08000183105469,53.154998779296875,53.05289840698242,53.13999938964844,48508,0.0,0.0,0.0
2024-02-21 11:30:00-05:00,53.130001068115234,53.150001525878906,53.08000183105469,53.095001220703125,31555,0.0,0.0,0.0
2024-02-21 12:30:00-05:00,53.099998474121094,53.130001068115234,53.040000915527344,53.10499954223633,16991,0.0,0.0,0.0
2024-02-21 13:30:00-05:00,53.119998931884766,53.18000030517578,53.06999969482422,53.130001068115234,30788,0.0,0.0,0.0
2024-02-21 14:30:00-05:00,53.125,53.130001068115234,53.040000915527344,53.099998474121094,52323,0.0,0.0,0.0
2024-02-21 15:30:00-05:00,53.11000061035156,53.310001373291016,53.11000061035156,53.310001373291016,36333,0.0,0.0,0.0
2024-02-22 09:30:00-05:00,53.63999938964844,53.7400016784668,53.54999923706055,53.650001525878906,0,0.0,0.0,0.0
2024-02-22 10:30:00-05:00,53.6349983215332,53.68000030517578,53.57500076293945,53.650001525878906,33817,0.0,0.0,0.0
2024-02-22 11:30:00-05:00,53.65999984741211,53.69820022583008,53.59000015258789,53.69820022583008,14293,0.0,0.0,0.0
2024-02-22 12:30:00-05:00,53.7150993347168,53.73500061035156,53.65999984741211,53.72999954223633,12026,0.0,0.0,0.0
2024-02-22 13:30:00-05:00,53.7400016784668,53.845001220703125,53.7400016784668,53.845001220703125,13770,0.0,0.0,0.0
2024-02-22 14:30:00-05:00,53.845001220703125,53.845001220703125,53.7599983215332,53.810001373291016,25736,0.0,0.0,0.0
2024-02-22 15:30:00-05:00,53.79899978637695,53.84000015258789,53.790000915527344,53.81999969482422,32179,0.0,0.0,0.0
2024-02-23 09:30:00-05:00,53.90999984741211,53.94499969482422,53.880001068115234,53.89500045776367,78106,0.0,0.0,0.0
2024-02-23 10:30:00-05:00,53.89500045776367,53.91999816894531,53.80500030517578,53.88999938964844,98248,0.0,0.0,0.0
2024-02-23 11:30:00-05:00,53.900001525878906,53.959999084472656,53.869998931884766,53.91999816894531,76899,0.0,0.0,0.0
2024-02-23 12:30:00-05:00,53.90999984741211,53.939998626708984,53.900001525878906,53.93000030517578,31442,0.0,0.0,0.0
2024-02-23 13:30:00-05:00,53.95000076293945,53.95000076293945,53.849998474121094,53.849998474121094,28241,0.0,0.0,0.0
2024-02-23 14:30:00-05:00,53.849998474121094,53.91510009765625,53.849998474121094,53.880001068115234,50906,0.0,0.0,0.0
2024-02-23 15:30:00-05:00,53.869998931884766,53.91999816894531,53.869998931884766,53.900001525878906,13127,0.0,0.0,0.0
2024-02-26 09:30:00-05:00,53.90999984741211,53.922298431396484,53.86000061035156,53.869998931884766,0,0.0,0.0,0.0
2024-02-26 10:30:00-05:00,53.869998931884766,53.880001068115234,53.810001373291016,53.84000015258789,11965,0.0,0.0,0.0
2024-02-26 11:30:00-05:00,53.834999084472656,53.869998931884766,53.83000183105469,53.849998474121094,16866,0.0,0.0,0.0
2024-02-26 12:30:00-05:00,53.86000061035156,53.86000061035156,53.75,53.75,30440,0.0,0.0,0.0
2024-02-26 13:30:00-05:00,53.75,53.83000183105469,53.720001220703125,53.83000183105469,21201,0.0,0.0,0.0
2024-02-26 14:30:00-05:00,53.849998474121094,53.8849983215332,53.81999969482422,53.8849983215332,19559,0.0,0.0,0.0
2024-02-26 15:30:00-05:00,53.8849983215332,53.88999938964844,53.84000015258789,53.845001220703125,40252,0.0,0.0,0.0
2024-02-27 09:30:00-05:00,53.790000915527344,53.92499923706055,53.790000915527344,53.880001068115234,136223,0.0,0.0,0.0
2024-02-27 10:30:00-05:00,53.869998931884766,53.98500061035156,53.86000061035156,53.959999084472656,64725,0.0,0.0,0.0
2024-02-27 11:30:00-05:00,53.95000076293945,53.959999084472656,53.869998931884766,53.900001525878906,45918,0.0,0.0,0.0
2024-02-27 12:30:00-05:00,53.89500045776367,53.94499969482422,53.849998474121094,53.90999984741211,24253,0.0,0.0,0.0
2024-02-27 13:30:00-05:00,53.904998779296875,53.935001373291016,53.891300201416016,53.904998779296875,17486,0.0,0.0,0.0
2024-02-27 14:30:00-05:00,53.90999984741211,53.91999816894531,53.8650016784668,53.91999816894531,42369,0.0,0.0,0.0
2024-02-27 15:30:00-05:00,53.91999816894531,53.939998626708984,53.900001525878906,53.935001373291016,19602,0.0,0.0,0.0
2024-02-28 09:30:00-05:00,53.68000030517578,53.68000030517578,53.61000061035156,53.68000030517578,0,0.0,0.0,0.0
2024-02-28 10:30:00-05:00,53.64500045776367,53.70500183105469,53.630001068115234,53.665000915527344,28359,0.0,0.0,0.0
2024-02-28 11:30:00-05:00,53.66999816894531,53.755001068115234,53.63999938964844,53.71500015258789,14059,0.0,0.0,0.0
2024-02-28 12:30:00-05:00,53.70000076293945,53.709999084472656,53.650001525878906,53.709999084472656,4340,0.0,0.0,0.0
2024-02-28 13:30:00-05:00,53.709999084472656,53.709999084472656,53.630001068115234,53.66999816894531,7336,0.0,0.0,0.0
2024-02-28 14:30:00-05:00,53.650001525878906,53.69499969482422,53.60499954223633,53.69499969482422,13220,0.0,0.0,0.0
2024-02-28 15:30:00-05:00,53.70000076293945,53.70000076293945,53.665000915527344,53.68000030517578,32534,0.0,0.0,0.0
2024-02-29 09:30:00-05:00,53.88999938964844,53.935001373291016,53.79999923706055,53.810001373291016,53918,0.0,0.0,0.0
2024-02-29 10:30:00-05:00,53.79499816894531,53.80500030517578,53.595001220703125,53.595001220703125,50590,0.0,0.0,0.0
2024-02-29 11:30:00-05:00,53.59000015258789,53.595001220703125,53.43000030517578,53.48500061035156,56177,0.0,0.0,0.0
2024-02-29 12:30:00-05:00,53.459999084472656,53.61009979248047,53.459999084472656,53.61009979248047,17246,0.0,0.0,0.0
2024-02-29 13:30:00-05:00,53.61899948120117,53.68000030517578,53.599998474121094,53.630001068115234,25931,0.0,0.0,0.0
2024-02-29 14:30:00-05:00,53.63999938964844,53.64500045776367,53.56999969482422,53.630001068115234,36848,0.0,0.0,0.0
2024-02-29 15:30:00-05:00,53.63999938964844,53.71500015258789,53.630001068115234,53.650001525878906,51256,0.0,0.0,0.0
2024-03-01 09:30:00-05:00,53.849998474121094,53.87990188598633,53.540000915527344,53.87990188598633,94847,0.0,0.0,0.0
2024-03-01 10:30:00-05:00,53.939998626708984,54.025001525878906,53.90999984741211,53.93000030517578,57876,0.0,0.0,0.0
2024-03-01 11:30:00-05:00,53.935001373291016,54.040000915527344,53.92499923706055,54.029998779296875,14292,0.0,0.0,0.0
2024-03-01 12:30:00-05:00,54.025001525878906,54.04999923706055,53.97999954223633,54.04999923706055,40167,0.0,0.0,0.0
2024-03-01 13:30:00-05:00,54.04999923706055,54.09000015258789,54.040000915527344,54.09000015258789,66138,0.0,0.0,0.0
2024-03-01 14:30:00-05:00,54.09000015258789,54.099998474121094,54.040000915527344,54.05500030517578,72105,0.0,0.0,0.0
2024-03-01 15:30:00-05:00,54.060001373291016,54.099998474121094,54.040000915527344,54.084999084472656,85025,0.0,0.0,0.0
2024-03-04 09:30:00-05:00,53.959999084472656,54.0099983215332,53.91999816894531,53.95500183105469,63125,0.0,0.0,0.0
2024-03-04 10:30:00-05:00,53.959999084472656,54.084999084472656,53.959999084472656,54.08000183105469,43808,0.0,0.0,0.0
2024-03-04 11:30:00-05:00,54.07500076293945,54.13999938964844,54.07500076293945,54.130001068115234,34822,0.0,0.0,0.0
2024-03-04 12:30:00-05:00,54.13999938964844,54.13999938964844,54.060001373291016,54.060001373291016,17338,0.0,0.0,0.0
2024-03-04 13:30:00-05:00,54.06999969482422,54.09000015258789,54.060001373291016,54.06999969482422,10583,0.0,0.0,0.0
2024-03-04 14:30:00-05:00,54.08000183105469,54.15999984741211,54.08000183105469,54.1150016784668,24019,0.0,0.0,0.0
2024-03-04 15:30:00-05:00,54.119998931884766,54.130001068115234,54.04999923706055,54.060001373291016,27136,0.0,0.0,0.0
2024-03-05 09:30:00-05:00,53.970001220703125,54.16999816894531,53.93000030517578,54.02000045776367,0,0.0,0.0,0.0
2024-03-05 10:30:00-05:00,54.01499938964844,54.029998779296875,53.95000076293945,53.98500061035156,40818,0.0,0.0,0.0
2024-03-05 11:30:00-05:00,53.98500061035156,54.0,53.90999984741211,54.0,29890,0.0,0.0,0.0
2024-03-05 12:30:00-05:00,54.0,54.0,53.90999984741211,53.92499923706055,23690,0.0,0.0,0.0
2024-03-05 13:30:00-05:00,53.91999816894531,53.959999084472656,53.83000183105469,53.900001525878906,32379,0.0,0.0,0.0
2024-03-05 14:30:00-05:00,53.88999938964844,53.88999938964844,53.70000076293945,53.720001220703125,52239,0.0,0.0,0.0
2024-03-05 15:30:00-05:00,53.724998474121094,53.88999938964844,53.720001220703125,53.869998931884766,134011,0.0,0.0,0.0
2024-03-06 09:30:00-05:00,54.31999969482422,54.38999938964844,54.25,54.2599983215332,215188,0.0,0.0,0.0
2024-03-06 10:30:00-05:00,54.25,54.41999816894531,54.22999954223633,54.41999816894531,55976,0.0,0.0,0.0
2024-03-06 11:30:00-05:00,54.41999816894531,54.52000045776367,54.38999938964844,54.52000045776367,50804,0.0,0.0,0.0
2024-03-06 12:30:00-05:00,54.5099983215332,54.53499984741211,54.43000030517578,54.529998779296875,30084,0.0,0.0,0.0
2024-03-06 13:30:00-05:00,54.529998779296875,54.529998779296875,54.31999969482422,54.40999984741211,100208,0.0,0.0,0.0
2024-03-06 14:30:00-05:00,54.41999816894531,54.41999816894531,54.32500076293945,54.369998931884766,38816,0.0,0.0,0.0
2024-03-06 15:30:00-05:00,54.369998931884766,54.40999984741211,54.33000183105469,54.400001525878906,39830,0.0,0.0,0.0
2024-03-07 09:30:00-05:00,54.939998626708984,55.16999816894531,54.939998626708984,55.09000015258789,112367,0.0,0.0,0.0
2024-03-07 10:30:00-05:00,55.099998474121094,55.27000045776367,55.08000183105469,55.2599983215332,31887,0.0,0.0,0.0
2024-03-07 11:30:00-05:00,55.255001068115234,55.31999969482422,55.20000076293945,55.279998779296875,51368,0.0,0.0,0.0
2024-03-07 12:30:00-05:00,55.27000045776367,55.31999969482422,55.20000076293945,55.311100006103516,14978,0.0,0.0,0.0
2024-03-07 13:30:00-05:00,55.31999969482422,55.375,55.30500030517578,55.31999969482422,31471,0.0,0.0,0.0
2024-03-07 14:30:00-05:00,55.31999969482422,55.349998474121094,55.26499938964844,55.28499984741211,42556,0.0,0.0,0.0
2024-03-07 15:30:00-05:00,55.279998779296875,55.33000183105469,55.27000045776367,55.310001373291016,57698,0.0,0.0,0.0
2024-03-08 09:30:00-05:00,55.380001068115234,55.439998626708984,55.27000045776367,55.31999969482422,141840,0.0,0.0,0.0
2024-03-08 10:30:00-05:00,55.314998626708984,55.43000030517578,55.20500183105469,55.20500183105469,42300,0.0,0.0,0.0
2024-03-08 11:30:00-05:00,55.20000076293945,55.22999954223633,55.15999984741211,55.209999084472656,62959,0.0,0.0,0.0
2024-03-08 12:30:00-05:00,55.220001220703125,55.224998474121094,55.029998779296875,55.04499816894531,54602,0.0,0.0,0.0
2024-03-08 13:30:00-05:00,55.040000915527344,55.119998931884766,54.95000076293945,55.099998474121094,26787,0.0,0.0,0.0
2024-03-08 14:30:00-05:00,55.119998931884766,55.15999984741211,55.029998779296875,55.029998779296875,11886,0.0,0.0,0.0
2024-03-08 15:30:00-05:00,55.02000045776367,55.08000183105469,55.02000045776367,55.03499984741211,35210,0.0,0.0,0.0
2024-03-11 09:30:00-04:00,54.93000030517578,54.97999954223633,54.7599983215332,54.77000045776367,48552,0.0,0.0,0.0
2024-03-11 10:30:00-04:00,54.779998779296875,54.810001373291016,54.709999084472656,54.77000045776367,37338,0.0,0.0,0.0
2024-03-11 11:30:00-04:00,54.7599983215332,54.939998626708984,54.75,54.939998626708984,22762,0.0,0.0,0.0
2024-03-11 12:30:00-04:00,54.95000076293945,55.029998779296875,54.93000030517578,55.02000045776367,24721,0.0,0.0,0.0
2024-03-11 13:30:00-04:00,55.029998779296875,55.040000915527344,54.97999954223633,55.02000045776367,27841,0.0,0.0,0.0
2024-03-11 14:30:00-04:00,55.02000045776367,55.05500030517578,54.9900016784668,55.025001525878906,25022,0.0,0.0,0.0
2024-03-11 15:30:00-04:00,55.01499938964844,55.060001373291016,54.994998931884766,55.05500030517578,52945,0.0,0.0,0.0
2024-03-12 09:30:00-04:00,55.18000030517578,55.224998474121094,54.974998474121094,55.224998474121094,71310,0.0,0.0,0.0
2024-03-12 10:30:00-04:00,55.220001220703125,55.369998931884766,55.19499969482422,55.36000061035156,24904,0.0,0.0,0.0
2024-03-12 11:30:00-04:00,55.36000061035156,55.48500061035156,55.36000061035156,55.44499969482422,50091,0.0,0.0,0.0
2024-03-12 12:30:00-04:00,55.435001373291016,55.46500015258789,55.349998474121094,55.43000030517578,56303,0.0,0.0,0.0
2024-03-12 13:30:00-04:00,55.439998626708984,55.529998779296875,55.439998626708984,55.529998779296875,17618,0.0,0.0,0.0
2024-03-12 14:30:00-04:00,55.53929901123047,55.564998626708984,55.5,55.5625,28836,0.0,0.0,0.0
2024-03-12 15:30:00-04:00,55.55500030517578,55.59000015258789,55.540000915527344,55.56999969482422,89321,0.0,0.0,0.0
2024-03-13 09:30:00-04:00,55.689998626708984,55.7599983215332,55.665000915527344,55.72999954223633,0,0.0,0.0,0.0
2024-03-13 10:30:00-04:00,55.720001220703125,55.72999954223633,55.66999816894531,55.71500015258789,45545,0.0,0.0,0.0
2024-03-13 11:30:00-04:00,55.709999084472656,55.720001220703125,55.66999816894531,55.67499923706055,16758,0.0,0.0,0.0
2024-03-13 12:30:00-04:00,55.67499923706055,55.81999969482422,55.65999984741211,55.801300048828125,44870,0.0,0.0,0.0
2024-03-13 13:30:00-04:00,55.80500030517578,55.80500030517578,55.775001525878906,55.775001525878906,16282,0.0,0.0,0.0
2024-03-13 14:30:00-04:00,55.790000915527344,55.790000915527344,55.619998931884766,55.63999938964844,33158,0.0,0.0,0.0
2024-03-13 15:30:00-04:00,55.650001525878906,55.70500183105469,55.650001525878906,55.70000076293945,25386,0.0,0.0,0.0
2024-03-14 09:30:00-04:00,55.650001525878906,55.665000915527344,55.36000061035156,55.36000061035156,69844,0.0,0.0,0.0
2024-03-14 10:30:00-04:00,55.380001068115234,55.43000030517578,55.20000076293945,55.22999954223633,61823,0.0,0.0,0.0
2024-03-14 11:30:00-04:00,55.22999954223633,55.35499954223633,55.220001220703125,55.345001220703125,50518,0.0,0.0,0.0
2024-03-14 12:30:00-04:00,55.345001220703125,55.369998931884766,55.20000076293945,55.209999084472656,25966,0.0,0.0,0.0
2024-03-14 13:30:00-04:00,55.15999984741211,55.310001373291016,55.150001525878906,55.2599983215332,37990,0.0,0.0,0.0
2024-03-14 14:30:00-04:00,55.25,55.28499984741211,55.10499954223633,55.1349983215332,45769,0.0,0.0,0.0
2024-03-14 15:30:00-04:00,55.130001068115234,55.29999923706055,55.06999969482422,55.290000915527344,25853,0.0,0.0,0.0
2024-03-15 09:30:00-04:00,55.34000015258789,55.415000915527344,55.279998779296875,55.349998474121094,65238,0.0,0.0,0.0
2024-03-15 10:30:00-04:00,55.34000015258789,55.368499755859375,55.29999923706055,55.34000015258789,66961,0.0,0.0,0.0
2024-03-15 11:30:00-04:00,55.349998474121094,55.349998474121094,55.209999084472656,55.209999084472656,76603,0.0,0.0,0.0
2024-03-15 12:30:00-04:00,55.209999084472656,55.220001220703125,55.08000183105469,55.150001525878906,28040,0.0,0.0,0.0
2024-03-15 13:30:00-04:00,55.13999938964844,55.189998626708984,55.130001068115234,55.15999984741211,54154,0.0,0.0,0.0
2024-03-15 14:30:00-04:00,55.16999816894531,55.22999954223633,55.16999816894531,55.220001220703125,28854,0.0,0.0,0.0
2024-03-15 15:30:00-04:00,55.224998474121094,55.2400016784668,55.188899993896484,55.23500061035156,61965,0.0,0.0,0.0
2024-03-18 09:30:00-04:00,55.189998626708984,55.189998626708984,55.02000045776367,55.08000183105469,52111,0.0,0.0,0.0
2024-03-18 10:30:00-04:00,55.06999969482422,55.06999969482422,54.9900016784668,55.040000915527344,31800,0.0,0.0,0.0
2024-03-18 11:30:00-04:00,55.029998779296875,55.040000915527344,54.9900016784668,55.01499938964844,38302,0.0,0.0,0.0
2024-03-18 12:30:00-04:00,54.9900016784668,54.994998931884766,54.935001373291016,54.970001220703125,31183,0.0,0.0,0.0
2024-03-18 13:30:00-04:00,54.970001220703125,54.970001220703125,54.900001525878906,54.95000076293945,9465,0.0,0.0,0.0
2024-03-18 14:30:00-04:00,54.97999954223633,54.9900016784668,54.939998626708984,54.970001220703125,28590,0.0,0.0,0.0
2024-03-18 15:30:00-04:00,54.96009826660156,54.97880172729492,54.89500045776367,54.91999816894531,36313,0.0,0.0,0.0
2024-03-19 09:30:00-04:00,54.900001525878906,54.92279815673828,54.834999084472656,54.88999938964844,51520,0.0,0.0,0.0
2024-03-19 10:30:00-04:00,54.89500045776367,54.959999084472656,54.86000061035156,54.959999084472656,24287,0.0,0.0,0.0
2024-03-19 11:30:00-04:00,54.959999084472656,55.060001373291016,54.959999084472656,55.060001373291016,48883,0.0,0.0,0.0
2024-03-19 12:30:00-04:00,55.05500030517578,55.150001525878906,54.994998931884766,55.040000915527344,27211,0.0,0.0,0.0
2024-03-19 13:30:00-04:00,55.040000915527344,55.060001373291016,54.97999954223633,54.9900016784668,6988,0.0,0.0,0.0
2024-03-19 14:30:00-04:00,55.005001068115234,55.02000045776367,54.94499969482422,54.96989822387695,15772,0.0,0.0,0.0
2024-03-19 15:30:00-04:00,54.96500015258789,55.0,54.959999084472656,54.98500061035156,27229,0.0,0.0,0.0
2024-03-20 09:30:00-04:00,54.91999816894531,55.04999923706055,54.91999816894531,55.02000045776367,41278,0.0,0.0,0.0
2024-03-20 10:30:00-04:00,55.0099983215332,55.064998626708984,54.97999954223633,55.03499984741211,20764,0.0,0.0,0.0
2024-03-20 11:30:00-04:00,55.02000045776367,55.04999923706055,54.97999954223633,55.03499984741211,23468,0.0,0.0,0.0
2024-03-20 12:30:00-04:00,55.029998779296875,55.06999969482422,55.02000045776367,55.04999923706055,28789,0.0,0.0,0.0
2024-03-20 13:30:00-04:00,55.04499816894531,55.349998474121094,55.005001068115234,55.27000045776367,129108,0.0,0.0,0.0
2024-03-20 14:30:00-04:00,55.279998779296875,55.63999938964844,55.08000183105469,55.63999938964844,158660,0.0,0.0,0.0
2024-03-20 15:30:00-04:00,55.63999938964844,55.66999816894531,55.58000183105469,55.64500045776367,28412,0.0,0.0,0.0
2024-03-21 09:30:00-04:00,55.59000015258789,55.66999816894531,55.52000045776367,55.540000915527344,73557,0.0,0.0,0.0
2024-03-21 10:30:00-04:00,55.51499938964844,55.650001525878906,55.51499938964844,55.56999969482422,20485,0.0,0.0,0.0
2024-03-21 11:30:00-04:00,55.56999969482422,55.619998931884766,55.54169845581055,55.58000183105469,10868,0.0,0.0,0.0
2024-03-21 12:30:00-04:00,55.5713005065918,55.619998931884766,55.529998779296875,55.564998626708984,25608,0.0,0.0,0.0
2024-03-21 13:30:00-04:00,55.560001373291016,55.560001373291016,55.5099983215332,55.55500030517578,14364,0.0,0.0,0.0
2024-03-21 14:30:00-04:00,55.529998779296875,55.529998779296875,55.5,55.5,5095,0.0,0.0,0.0
2024-03-21 15:30:00-04:00,55.529998779296875,55.529998779296875,55.47999954223633,55.48500061035156,17371,0.0,0.0,0.0
2024-03-22 09:30:00-04:00,55.459999084472656,55.47999954223633,55.31999969482422,55.34000015258789,28120,0.0,0.0,0.0
2024-03-22 10:30:00-04:00,55.349998474121094,55.41999816894531,55.34120178222656,55.41999816894531,12478,0.0,0.0,0.0
2024-03-22 11:30:00-04:00,55.415000915527344,55.41999816894531,55.349998474121094,55.349998474121094,19379,0.0,0.0,0.0
2024-03-22 12:30:00-04:00,55.36000061035156,55.415000915527344,55.33000183105469,55.400001525878906,11139,0.0,0.0,0.0
2024-03-22 13:30:00-04:00,55.40999984741211,55.43000030517578,55.38999938964844,55.43000030517578,29363,0.0,0.0,0.0
2024-03-22 14:30:00-04:00,55.40999984741211,55.40999984741211,55.33000183105469,55.345001220703125,11328,0.0,0.0,0.0
2024-03-22 15:30:00-04:00,55.349998474121094,55.38999938964844,55.34000015258789,55.349998474121094,37270,0.0,0.0,0.0
2024-03-25 09:30:00-04:00,55.33000183105469,55.61000061035156,55.33000183105469,55.599998474121094,50095,0.0,0.0,0.0
2024-03-25 10:30:00-04:00,55.58000183105469,55.58000183105469,55.51190185546875,55.54999923706055,10540,0.0,0.0,0.0
2024-03-25 11:30:00-04:00,55.5349006652832,55.54999923706055,55.47999954223633,55.51499938964844,18780,0.0,0.0,0.0
2024-03-25 12:30:00-04:00,55.51499938964844,55.529998779296875,55.47999954223633,55.51499938964844,10099,0.0,0.0,0.0
2024-03-25 13:30:00-04:00,55.5099983215332,55.52000045776367,55.5,55.51129913330078,2466,0.0,0.0,0.0
2024-03-25 14:30:00-04:00,55.51499938964844,55.52790069580078,55.44499969482422,55.459999084472656,13476,0.0,0.0,0.0
2024-03-25 15:30:00-04:00,55.459999084472656,55.48500061035156,55.404998779296875,55.415000915527344,24922,0.0,0.0,0.0
2024-03-26 09:30:00-04:00,55.63999938964844,55.68000030517578,55.59000015258789,55.59000015258789,0,0.0,0.0,0.0
2024-03-26 10:30:00-04:00,55.59000015258789,55.63999938964844,55.540000915527344,55.579898834228516,19891,0.0,0.0,0.0
2024-03-26 11:30:00-04:00,55.56999969482422,55.619998931884766,55.529998779296875,55.619998931884766,44165,0.0,0.0,0.0
2024-03-26 12:30:00-04:00,55.61000061035156,55.625,55.564998626708984,55.57500076293945,23196,0.0,0.0,0.0
2024-03-26 13:30:00-04:00,55.584999084472656,55.595001220703125,55.54999923706055,55.595001220703125,15535,0.0,0.0,0.0
2024-03-26 14:30:00-04:00,55.599998474121094,55.60499954223633,55.560001373291016,55.560001373291016,12461,0.0,0.0,0.0
2024-03-26 15:30:00-04:00,55.540000915527344,55.540000915527344,55.439998626708984,55.45000076293945,48456,0.0,0.0,0.0
2024-03-27 09:30:00-04:00,55.560001373291016,55.619998931884766,55.5,55.599998474121094,108103,0.0,0.0,0.0
2024-03-27 10:30:00-04:00,55.61000061035156,55.650001525878906,55.59000015258789,55.630001068115234,17357,0.0,0.0,0.0
2024-03-27 11:30:00-04:00,55.619998931884766,55.63999938964844,55.540000915527344,55.584999084472656,14267,0.0,0.0,0.0
2024-03-27 12:30:00-04:00,55.59000015258789,55.65999984741211,55.59000015258789,55.654998779296875,24056,0.0,0.0,0.0
2024-03-27 13:30:00-04:00,55.65999984741211,55.685001373291016,55.61000061035156,55.685001373291016,21071,0.0,0.0,0.0
2024-03-27 14:30:00-04:00,55.68000030517578,55.685001373291016,55.619998931884766,55.65999984741211,44194,0.0,0.0,0.0
2024-03-27 15:30:00-04:00,55.65999984741211,55.779998779296875,55.65999984741211,55.775001525878906,22470,0.0,0.0,0.0
2024-03-28 09:30:00-04:00,55.63999938964844,55.72999954223633,55.63999938964844,55.650001525878906,40116,0.0,0.0,0.0
2024-03-28 10:30:00-04:00,55.66999816894531,55.72999954223633,55.66999816894531,55.72999954223633,20921,0.0,0.0,0.0
2024-03-28 11:30:00-04:00,55.720001220703125,55.720001220703125,55.64500045776367,55.70500183105469,14336,0.0,0.0,0.0
2024-03-28 12:30:00-04:00,55.70500183105469,55.73500061035156,55.65999984741211,55.665000915527344,9070,0.0,0.0,0.0
2024-03-28 13:30:00-04:00,55.665000915527344,55.68000030517578,55.63999938964844,55.64500045776367,6396,0.0,0.0,0.0
2024-03-28 14:30:00-04:00,55.64500045776367,55.689998626708984,55.630001068115234,55.68000030517578,7745,0.0,0.0,0.0
2024-03-28 15:30:00-04:00,55.689998626708984,55.689998626708984,55.650001525878906,55.66899871826172,18572,0.0,0.0,0.0
2024-04-01 09:30:00-04:00,55.75,55.900001525878906,55.720001220703125,55.75,45658,0.0,0.0,0.0
2024-04-01 10:30:00-04:00,55.7400016784668,55.744998931884766,55.56999969482422,55.59000015258789,73973,0.0,0.0,0.0
2024-04-01 11:30:00-04:00,55.584999084472656,55.61000061035156,55.5,55.61000061035156,78321,0.0,0.0,0.0
2024-04-01 12:30:00-04:00,55.61000061035156,55.67879867553711,55.61000061035156,55.630001068115234,14032,0.0,0.0,0.0
2024-04-01 13:30:00-04:00,55.630001068115234,55.67499923706055,55.630001068115234,55.66999816894531,26942,0.0,0.0,0.0
2024-04-01 14:30:00-04:00,55.65999984741211,55.65999984741211,55.60499954223633,55.6150016784668,53220,0.0,0.0,0.0
2024-04-01 15:30:00-04:00,55.6150016784668,55.63999938964844,55.59000015258789,55.599998474121094,72760,0.0,0.0,0.0
2024-04-02 09:30:00-04:00,55.06999969482422,55.130001068115234,54.970001220703125,55.099998474121094,186262,0.0,0.0,0.0
2024-04-02 10:30:00-04:00,55.099998474121094,55.119998931884766,54.9900016784668,55.04999923706055,95314,0.0,0.0,0.0
2024-04-02 11:30:00-04:00,55.040000915527344,55.040000915527344,54.970001220703125,55.02000045776367,14558,0.0,0.0,0.0
2024-04-02 12:30:00-04:00,55.02000045776367,55.06890106201172,55.005001068115234,55.005001068115234,27136,0.0,0.0,0.0
2024-04-02 13:30:00-04:00,55.01499938964844,55.04999923706055,54.97999954223633,55.04999923706055,14851,0.0,0.0,0.0
2024-04-02 14:30:00-04:00,55.04499816894531,55.064998626708984,55.02000045776367,55.04999923706055,31376,0.0,0.0,0.0
2024-04-02 15:30:00-04:00,55.04999923706055,55.1349983215332,55.04499816894531,55.119998931884766,33866,0.0,0.0,0.0
2024-04-03 09:30:00-04:00,55.11000061035156,55.41999816894531,55.09000015258789,55.34000015258789,0,0.0,0.0,0.0
2024-04-03 10:30:00-04:00,55.31999969482422,55.494998931884766,55.28499984741211,55.48500061035156,62026,0.0,0.0,0.0
2024-04-03 11:30:00-04:00,55.4900016784668,55.5099983215332,55.400001525878906,55.5099983215332,12269,0.0,0.0,0.0
2024-04-03 12:30:00-04:00,55.54999923706055,55.54999923706055,55.45000076293945,55.540000915527344,12513,0.0,0.0,0.0
2024-04-03 13:30:00-04:00,55.529998779296875,55.56999969482422,55.52000045776367,55.540000915527344,7853,0.0,0.0,0.0
2024-04-03 14:30:00-04:00,55.529998779296875,55.54499816894531,55.39500045776367,55.43000030517578,24618,0.0,0.0,0.0
2024-04-03 15:30:00-04:00,55.40999984741211,55.4900016784668,55.40999984741211,55.47999954223633,188014,0.0,0.0,0.0
2024-04-04 09:30:00-04:00,55.86000061035156,55.869998931884766,55.779998779296875,55.814998626708984,51600,0.0,0.0,0.0
2024-04-04 10:30:00-04:00,55.81999969482422,55.82500076293945,55.744998931884766,55.75,11636,0.0,0.0,0.0
2024-04-04 11:30:00-04:00,55.75,55.81999969482422,55.75,55.79499816894531,18728,0.0,0.0,0.0
2024-04-04 12:30:00-04:00,55.79499816894531,55.79499816894531,55.724998474121094,55.72999954223633,8981,0.0,0.0,0.0
2024-04-04 13:30:00-04:00,55.729400634765625,55.729400634765625,55.416099548339844,55.416099548339844,37181,0.0,0.0,0.0
2024-04-04 14:30:00-04:00,55.369998931884766,55.369998931884766,55.0099983215332,55.0099983215332,48523,0.0,0.0,0.0
2024-04-04 15:30:00-04:00,55.0099983215332,55.08000183105469,54.935001373291016,55.0,50238,0.0,0.0,0.0
2024-04-05 09:30:00-04:00,54.90999984741211,54.97999954223633,54.77000045776367,54.93000030517578,283151,0.0,0.0,0.0
2024-04-05 10:30:00-04:00,54.91999816894531,55.09000015258789,54.90999984741211,55.07500076293945,31970,0.0,0.0,0.0
2024-04-05 11:30:00-04:00,55.08000183105469,55.220001220703125,55.060001373291016,55.220001220703125,35817,0.0,0.0,0.0
2024-04-05 12:30:00-04:00,55.189998626708984,55.25,55.15999984741211,55.18000030517578,20072,0.0,0.0,0.0
2024-04-05 13:30:00-04:00,55.189998626708984,55.209999084472656,55.029998779296875,55.11000061035156,21063,0.0,0.0,0.0
2024-04-05 14:30:00-04:00,55.130001068115234,55.15999984741211,55.08000183105469,55.119998931884766,13195,0.0,0.0,0.0
2024-04-05 15:30:00-04:00,55.130001068115234,55.15999984741211,55.099998474121094,55.15999984741211,13503,0.0,0.0,0.0
2024-04-08 09:30:00-04:00,55.4900016784668,55.529998779296875,55.33000183105469,55.400001525878906,30806,0.0,0.0,0.0
2024-04-08 10:30:00-04:00,55.41999816894531,55.5,55.404998779296875,55.47999954223633,8835,0.0,0.0,0.0
2024-04-08 11:30:00-04:00,55.48500061035156,55.48500061035156,55.38999938964844,55.415000915527344,7813,0.0,0.0,0.0
2024-04-08 12:30:00-04:00,55.43000030517578,55.5,55.43000030517578,55.5,2853,0.0,0.0,0.0
2024-04-08 13:30:00-04:00,55.51499938964844,55.529998779296875,55.494998931884766,55.5099983215332,3431,0.0,0.0,0.0
2024-04-08 14:30:00-04:00,55.505001068115234,55.505001068115234,55.45000076293945,55.47999954223633,19221,0.0,0.0,0.0
2024-04-08 15:30:00-04:00,55.494998931884766,55.5,55.40999984741211,55.40999984741211,22909,0.0,0.0,0.0
2024-04-09 09:30:00-04:00,55.54999923706055,55.65999984741211,55.334999084472656,55.349998474121094,0,0.0,0.0,0.0
2024-04-09 10:30:00-04:00,55.31999969482422,55.33000183105469,55.060001373291016,55.11000061035156,47563,0.0,0.0,0.0
2024-04-09 11:30:00-04:00,55.130001068115234,55.23500061035156,55.119998931884766,55.220001220703125,50839,0.0,0.0,0.0
2024-04-09 12:30:00-04:00,55.220001220703125,55.23500061035156,55.16999816894531,55.185001373291016,19161,0.0,0.0,0.0
2024-04-09 13:30:00-04:00,55.189998626708984,55.19499969482422,55.11000061035156,55.154998779296875,26222,0.0,0.0,0.0
2024-04-09 14:30:00-04:00,55.1349983215332,55.275001525878906,55.095001220703125,55.275001525878906,36205,0.0,0.0,0.0
2024-04-09 15:30:00-04:00,55.28499984741211,55.31999969482422,55.220001220703125,55.31999969482422,33175,0.0,0.0,0.0
2024-04-10 09:30:00-04:00,54.529998779296875,54.79999923706055,54.38999938964844,54.7400016784668,126382,0.0,0.0,0.0
2024-04-10 10:30:00-04:00,54.75,54.880001068115234,54.650001525878906,54.66999816894531,137048,0.0,0.0,0.0
2024-04-10 11:30:00-04:00,54.68000030517578,54.68000030517578,54.560001373291016,54.59000015258789,16058,0.0,0.0,0.0
2024-04-10 12:30:00-04:00,54.56999969482422,54.720001220703125,54.474998474121094,54.64500045776367,19218,0.0,0.0,0.0
2024-04-10 13:30:00-04:00,54.619998931884766,54.70000076293945,54.5099983215332,54.54999923706055,36587,0.0,0.0,0.0
2024-04-10 14:30:00-04:00,54.54999923706055,54.66999816894531,54.47999954223633,54.63999938964844,19623,0.0,0.0,0.0
2024-04-10 15:30:00-04:00,54.630001068115234,54.70000076293945,54.59000015258789,54.65999984741211,28688,0.0,0.0,0.0
2024-04-11 09:30:00-04:00,54.779998779296875,54.790000915527344,54.060001373291016,54.07500076293945,0,0.0,0.0,0.0
2024-04-11 10:30:00-04:00,54.06999969482422,54.345001220703125,54.060001373291016,54.290000915527344,65024,0.0,0.0,0.0
2024-04-11 11:30:00-04:00,54.290000915527344,54.474998474121094,54.290000915527344,54.43000030517578,97909,0.0,0.0,0.0
2024-04-11 12:30:00-04:00,54.43000030517578,54.63999938964844,54.41999816894531,54.625,78843,0.0,0.0,0.0
2024-04-11 13:30:00-04:00,54.630001068115234,54.7599983215332,54.599998474121094,54.724998474121094,36237,0.0,0.0,0.0
2024-04-11 14:30:00-04:00,54.72999954223633,54.755001068115234,54.685001373291016,54.72999954223633,30469,0.0,0.0,0.0
2024-04-11 15:30:00-04:00,54.724998474121094,54.75,54.685001373291016,54.689998626708984,44907,0.0,0.0,0.0
2024-04-12 09:30:00-04:00,54.20000076293945,54.439998626708984,54.08000183105469,54.16999816894531,63402,0.0,0.0,0.0
2024-04-12 10:30:00-04:00,54.130001068115234,54.15999984741211,53.959999084472656,54.029998779296875,32692,0.0,0.0,0.0
2024-04-12 11:30:00-04:00,54.099998474121094,54.18000030517578,54.0099983215332,54.0099983215332,21149,0.0,0.0,0.0
2024-04-12 12:30:00-04:00,54.0,54.0,53.85499954223633,53.85499954223633,244331,0.0,0.0,0.0
2024-04-12 13:30:00-04:00,53.849998474121094,53.959999084472656,53.81999969482422,53.86000061035156,37064,0.0,0.0,0.0
2024-04-12 14:30:00-04:00,53.82500076293945,53.834999084472656,53.73500061035156,53.7599983215332,23838,0.0,0.0,0.0
2024-04-12 15:30:00-04:00,53.755001068115234,53.849998474121094,53.755001068115234,53.79499816894531,27595,0.0,0.0,0.0
2024-04-15 09:30:00-04:00,54.52000045776367,54.595001220703125,54.22999954223633,54.2400016784668,56094,0.0,0.0,0.0
2024-04-15 10:30:00-04:00,54.2400016784668,54.30500030517578,54.04499816894531,54.06999969482422,30407,0.0,0.0,0.0
2024-04-15 11:30:00-04:00,54.130001068115234,54.255001068115234,54.099998474121094,54.099998474121094,18708,0.0,0.0,0.0
2024-04-15 12:30:00-04:00,54.08000183105469,54.08000183105469,53.84000015258789,53.84000015258789,9720,0.0,0.0,0.0
2024-04-15 13:30:00-04:00,53.83000183105469,53.849998474121094,53.72999954223633,53.744998931884766,32741,0.0,0.0,0.0
2024-04-15 14:30:00-04:00,53.72999954223633,53.81999969482422,53.650001525878906,53.66999816894531,61531,0.0,0.0,0.0
2024-04-15 15:30:00-04:00,53.709999084472656,53.755001068115234,53.689998626708984,53.73500061035156,48209,0.0,0.0,0.0
2024-04-16 09:30:00-04:00,53.40999984741211,53.41999816894531,53.15999984741211,53.25,128542,0.0,0.0,0.0
2024-04-16 10:30:00-04:00,53.2400016784668,53.345001220703125,53.220001220703125,53.279998779296875,29154,0.0,0.0,0.0
2024-04-16 11:30:00-04:00,53.275001525878906,53.40999984741211,53.2599983215332,53.369998931884766,33081,0.0,0.0,0.0
2024-04-16 12:30:00-04:00,53.36000061035156,53.415000915527344,53.33000183105469,53.38999938964844,8518,0.0,0.0,0.0
2024-04-16 13:30:00-04:00,53.290000915527344,53.58000183105469,53.150001525878906,53.30500030517578,59271,0.0,0.0,0.0
2024-04-16 14:30:00-04:00,53.33000183105469,53.51499938964844,53.314998626708984,53.48500061035156,52568,0.0,0.0,0.0
2024-04-16 15:30:00-04:00,53.47999954223633,53.47999954223633,53.33000183105469,53.349998474121094,25986,0.0,0.0,0.0
2024-04-17 09:30:00-04:00,53.849998474121094,53.849998474121094,53.5099983215332,53.560001373291016,93790,0.0,0.0,0.0
2024-04-17 10:30:00-04:00,53.54999923706055,53.54999923706055,53.38999938964844,53.459999084472656,14216,0.0,0.0,0.0
2024-04-17 11:30:00-04:00,53.404998779296875,53.470001220703125,53.310001373291016,53.369998931884766,22206,0.0,0.0,0.0
2024-04-17 12:30:00-04:00,53.36000061035156,53.5,53.29999923706055,53.5,36542,0.0,0.0,0.0
2024-04-17 13:30:00-04:00,53.5099983215332,53.64500045776367,53.4900016784668,53.59000015258789,25621,0.0,0.0,0.0
2024-04-17 14:30:00-04:00,53.58000183105469,53.72999954223633,53.45500183105469,53.470001220703125,24416,0.0,0.0,0.0
2024-04-17 15:30:00-04:00,53.4900016784668,53.560001373291016,53.459999084472656,53.525001525878906,22577,0.0,0.0,0.0
2024-04-18 09:30:00-04:00,53.470001220703125,53.58000183105469,53.33000183105469,53.540000915527344,58539,0.0,0.0,0.0
2024-04-18 10:30:00-04:00,53.599998474121094,53.70500183105469,53.54999923706055,53.65999984741211,23276,0.0,0.0,0.0
2024-04-18 11:30:00-04:00,53.650001525878906,53.72999954223633,53.560001373291016,53.61000061035156,14637,0.0,0.0,0.0
2024-04-18 12:30:00-04:00,53.63999938964844,53.63999938964844,53.31999969482422,53.41999816894531,33376,0.0,0.0,0.0
2024-04-18 13:30:00-04:00,53.40999984741211,53.42499923706055,53.31999969482422,53.36000061035156,44735,0.0,0.0,0.0
2024-04-18 14:30:00-04:00,53.369998931884766,53.43000030517578,53.29999923706055,53.38999938964844,30046,0.0,0.0,0.0
2024-04-18 15:30:00-04:00,53.39500045776367,53.45000076293945,53.369998931884766,53.400001525878906,28172,0.0,0.0,0.0
2024-04-19 09:30:00-04:00,53.470001220703125,53.68000030517578,53.470001220703125,53.65999984741211,81354,0.0,0.0,0.0
2024-04-19 10:30:00-04:00,53.66999816894531,53.709999084472656,53.56999969482422,53.599998474121094,81522,0.0,0.0,0.0
2024-04-19 11:30:00-04:00,53.61000061035156,53.63999938964844,53.41999816894531,53.41999816894531,26156,0.0,0.0,0.0
2024-04-19 12:30:00-04:00,53.404998779296875,53.60499954223633,53.39500045776367,53.53499984741211,23049,0.0,0.0,0.0
2024-04-19 13:30:00-04:00,53.560001373291016,53.64500045776367,53.439998626708984,53.439998626708984,32795,0.0,0.0,0.0
2024-04-19 14:30:00-04:00,53.45500183105469,53.494998931884766,53.36000061035156,53.474998474121094,33408,0.0,0.0,0.0
2024-04-19 15:30:00-04:00,53.459999084472656,53.525001525878906,53.41999816894531,53.51499938964844,37957,0.0,0.0,0.0
2024-04-22 09:30:00-04:00,53.83000183105469,53.90999984741211,53.68000030517578,53.900001525878906,116317,0.0,0.0,0.0
2024-04-22 10:30:00-04:00,53.92499923706055,54.005001068115234,53.85499954223633,53.915000915527344,51390,0.0,0.0,0.0
2024-04-22 11:30:00-04:00,53.91999816894531,54.095001220703125,53.90999984741211,54.04499816894531,22254,0.0,0.0,0.0
2024-04-22 12:30:00-04:00,54.0099983215332,54.18000030517578,54.0099983215332,54.18000030517578,20551,0.0,0.0,0.0
2024-04-22 13:30:00-04:00,54.18000030517578,54.31999969482422,54.16999816894531,54.31999969482422,12761,0.0,0.0,0.0
2024-04-22 14:30:00-04:00,54.31999969482422,54.33399963378906,54.16999816894531,54.20000076293945,19457,0.0,0.0,0.0
2024-04-22 15:30:00-04:00,54.189998626708984,54.189998626708984,54.099998474121094,54.14500045776367,21116,0.0,0.0,0.0
2024-04-23 09:30:00-04:00,54.470001220703125,54.72999954223633,54.439998626708984,54.689998626708984,44117,0.0,0.0,0.0
2024-04-23 10:30:00-04:00,54.709999084472656,54.81999969482422,54.709999084472656,54.814998626708984,25546,0.0,0.0,0.0
2024-04-23 11:30:00-04:00,54.81999969482422,54.849998474121094,54.72999954223633,54.84000015258789,11699,0.0,0.0,0.0
2024-04-23 12:30:00-04:00,54.8650016784668,54.91999816894531,54.849998474121094,54.90999984741211,20378,0.0,0.0,0.0
2024-04-23 13:30:00-04:00,54.95000076293945,54.96979904174805,54.91999816894531,54.959999084472656,3901,0.0,0.0,0.0
2024-04-23 14:30:00-04:00,54.94499969482422,54.970001220703125,54.91999816894531,54.948699951171875,9668,0.0,0.0,0.0
2024-04-23 15:30:00-04:00,54.9379997253418,54.970001220703125,54.8849983215332,54.91999816894531,64694,0.0,0.0,0.0
2024-04-24 09:30:00-04:00,54.90999984741211,54.95000076293945,54.650001525878906,54.685001373291016,52272,0.0,0.0,0.0
2024-04-24 10:30:00-04:00,54.66999816894531,54.66999816894531,54.474998474121094,54.4900016784668,18045,0.0,0.0,0.0
2024-04-24 11:30:00-04:00,54.55500030517578,54.55500030517578,54.459999084472656,54.4900016784668,9419,0.0,0.0,0.0
2024-04-24 12:30:00-04:00,54.45000076293945,54.61000061035156,54.45000076293945,54.60499954223633,5399,0.0,0.0,0.0
2024-04-24 13:30:00-04:00,54.61000061035156,54.68000030517578,54.59000015258789,54.61000061035156,5457,0.0,0.0,0.0
2024-04-24 14:30:00-04:00,54.57500076293945,54.69499969482422,54.55500030517578,54.68989944458008,40325,0.0,0.0,0.0
2024-04-24 15:30:00-04:00,54.689998626708984,54.689998626708984,54.65999984741211,54.66999816894531,41855,0.0,0.0,0.0
2024-04-25 09:30:00-04:00,54.029998779296875,54.30690002441406,53.93000030517578,54.29499816894531,69903,0.0,0.0,0.0
2024-04-25 10:30:00-04:00,54.31999969482422,54.38999938964844,54.20000076293945,54.380001068115234,17066,0.0,0.0,0.0
2024-04-25 11:30:00-04:00,54.380001068115234,54.40999984741211,54.33000183105469,54.400001525878906,24305,0.0,0.0,0.0
2024-04-25 12:30:00-04:00,54.38999938964844,54.52000045776367,54.38999938964844,54.47999954223633,24112,0.0,0.0,0.0
2024-04-25 13:30:00-04:00,54.47999954223633,54.625,54.47999954223633,54.540000915527344,189611,0.0,0.0,0.0
2024-04-25 14:30:00-04:00,54.5099983215332,54.66999816894531,54.5099983215332,54.654998779296875,13314,0.0,0.0,0.0
2024-04-25 15:30:00-04:00,54.630001068115234,54.630001068115234,54.560001373291016,54.58000183105469,70457,0.0,0.0,0.0
2024-04-26 09:30:00-04:00,54.810001373291016,55.040000915527344,54.77000045776367,55.005001068115234,24780,0.0,0.0,0.0
2024-04-26 10:30:00-04:00,55.0,55.0099983215332,54.81999969482422,54.849998474121094,26100,0.0,0.0,0.0
2024-04-26 11:30:00-04:00,54.85499954223633,55.0,54.84000015258789,54.9900016784668,21251,0.0,0.0,0.0
2024-04-26 12:30:00-04:00,54.9900016784668,55.060001373291016,54.98500061035156,55.060001373291016,13876,0.0,0.0,0.0
2024-04-26 13:30:00-04:00,55.040000915527344,55.09000015258789,55.040000915527344,55.04999923706055,19994,0.0,0.0,0.0
2024-04-26 14:30:00-04:00,55.05500030517578,55.119998931884766,55.040000915527344,55.07500076293945,20675,0.0,0.0,0.0
2024-04-26 15:30:00-04:00,55.06999969482422,55.06999969482422,55.005001068115234,55.040000915527344,40430,0.0,0.0,0.0
2024-04-29 09:30:00-04:00,55.06999969482422,55.11000061035156,54.98500061035156,55.08000183105469,0,0.0,0.0,0.0
2024-04-29 10:30:00-04:00,55.099998474121094,55.13999938964844,55.060001373291016,55.1150016784668,23829,0.0,0.0,0.0
2024-04-29 11:30:00-04:00,55.09000015258789,55.15999984741211,55.04999923706055,55.150001525878906,17351,0.0,0.0,0.0
2024-04-29 12:30:00-04:00,55.15999984741211,55.18000030517578,55.130001068115234,55.1609992980957,11994,0.0,0.0,0.0
2024-04-29 13:30:00-04:00,55.16999816894531,55.17499923706055,55.099998474121094,55.099998474121094,7433,0.0,0.0,0.0
2024-04-29 14:30:00-04:00,55.084999084472656,55.119998931884766,54.959999084472656,55.03459930419922,26780,0.0,0.0,0.0
2024-04-29 15:30:00-04:00,55.04999923706055,55.119998931884766,55.029998779296875,55.119998931884766,33565,0.0,0.0,0.0
2024-04-30 09:30:00-04:00,54.77000045776367,55.0,54.75,54.939998626708984,46716,0.0,0.0,0.0
2024-04-30 10:30:00-04:00,54.92499923706055,54.939998626708984,54.529998779296875,54.57500076293945,24806,0.0,0.0,0.0
2024-04-30 11:30:00-04:00,54.54999923706055,54.58000183105469,54.4900016784668,54.529998779296875,13906,0.0,0.0,0.0
2024-04-30 12:30:00-04:00,54.474998474121094,54.505001068115234,54.400001525878906,54.47999954223633,12877,0.0,0.0,0.0
2024-04-30 13:30:00-04:00,54.474998474121094,54.55500030517578,54.470001220703125,54.49810028076172,8473,0.0,0.0,0.0
2024-04-30 14:30:00-04:00,54.494998931884766,54.515499114990234,54.404998779296875,54.43000030517578,23389,0.0,0.0,0.0
2024-04-30 15:30:00-04:00,54.43000030517578,54.44499969482422,54.290000915527344,54.290000915527344,30300,0.0,0.0,0.0
2024-05-01 09:30:00-04:00,54.27000045776367,54.31480026245117,54.11000061035156,54.16999816894531,19366,0.0,0.0,0.0
2024-05-01 10:30:00-04:00,54.13999938964844,54.209999084472656,54.11000061035156,54.13999938964844,25491,0.0,0.0,0.0
2024-05-01 11:30:00-04:00,54.165000915527344,54.16999816894531,54.08000183105469,54.150001525878906,6705,0.0,0.0,0.0
2024-05-01 12:30:00-04:00,54.15999984741211,54.165000915527344,54.07500076293945,54.130001068115234,9374,0.0,0.0,0.0
2024-05-01 13:30:00-04:00,54.1349983215332,54.34000015258789,54.130001068115234,54.34000015258789,19895,0.0,0.0,0.0
2024-05-01 14:30:00-04:00,54.380001068115234,54.81999969482422,54.15999984741211,54.63999938964844,43248,0.0,0.0,0.0
2024-05-01 15:30:00-04:00,54.61000061035156,54.61000061035156,54.16999816894531,54.16999816894531,27146,0.0,0.0,0.0
2024-05-02 09:30:00-04:00,54.61000061035156,54.65999984741211,54.310001373291016,54.510101318359375,71727,0.0,0.0,0.0
2024-05-02 10:30:00-04:00,54.52000045776367,54.560001373291016,54.404998779296875,54.505001068115234,52501,0.0,0.0,0.0
2024-05-02 11:30:00-04:00,54.48500061035156,54.56999969482422,54.435001373291016,54.53099822998047,18475,0.0,0.0,0.0
2024-05-02 12:30:00-04:00,54.525001525878906,54.67499923706055,54.5,54.67499923706055,9517,0.0,0.0,0.0
2024-05-02 13:30:00-04:00,54.685001373291016,54.72999954223633,54.63999938964844,54.709999084472656,11350,0.0,0.0,0.0
2024-05-02 14:30:00-04:00,54.744998931884766,54.80939865112305,54.72999954223633,54.775001525878906,51771,0.0,0.0,0.0
2024-05-02 15:30:00-04:00,54.775001525878906,54.775001525878906,54.66999816894531,54.72999954223633,42527,0.0,0.0,0.0
2024-05-03 09:30:00-04:00,55.290000915527344,55.439998626708984,54.90999984741211,55.040000915527344,0,0.0,0.0,0.0
2024-05-03 10:30:00-04:00,55.09000015258789,55.119998931884766,54.970001220703125,55.09000015258789,20446,0.0,0.0,0.0
2024-05-03 11:30:00-04:00,55.099998474121094,55.20500183105469,55.099998474121094,55.20500183105469,13437,0.0,0.0,0.0
2024-05-03 12:30:00-04:00,55.189998626708984,55.20500183105469,55.130001068115234,55.150001525878906,18353,0.0,0.0,0.0
2024-05-03 13:30:00-04:00,55.15019989013672,55.220001220703125,55.130001068115234,55.20500183105469,21078,0.0,0.0,0.0
2024-05-03 14:30:00-04:00,55.209999084472656,55.220001220703125,55.16999816894531,55.209999084472656,9501,0.0,0.0,0.0
2024-05-03 15:30:00-04:00,55.20500183105469,55.209999084472656,55.18090057373047,55.20000076293945,31747,0.0,0.0,0.0
2024-05-06 09:30:00-04:00,55.529998779296875,55.564998626708984,55.43000030517578,55.54999923706055,11642,0.0,0.0,0.0
2024-05-06 10:30:00-04:00,55.540000915527344,55.560001373291016,55.47999954223633,55.4900016784668,11979,0.0,0.0,0.0
2024-05-06 11:30:00-04:00,55.4900016784668,55.54999923706055,55.470001220703125,55.5,19173,0.0,0.0,0.0
2024-05-06 12:30:00-04:00,55.5099983215332,55.58000183105469,55.5099983215332,55.564998626708984,7234,0.0,0.0,0.0
2024-05-06 13:30:00-04:00,55.56999969482422,55.65999984741211,55.56999969482422,55.650001525878906,9991,0.0,0.0,0.0
2024-05-06 14:30:00-04:00,55.650001525878906,55.654998779296875,55.56999969482422,55.57500076293945,8936,0.0,0.0,0.0
2024-05-06 15:30:00-04:00,55.56999969482422,55.63999938964844,55.560001373291016,55.63999938964844,22637,0.0,0.0,0.0
2024-05-07 09:30:00-04:00,56.029998779296875,56.095001220703125,55.959999084472656,55.98500061035156,19056,0.0,0.0,0.0
2024-05-07 10:30:00-04:00,55.98500061035156,56.13999938964844,55.98500061035156,56.09000015258789,27497,0.0,0.0,0.0
2024-05-07 11:30:00-04:00,56.07500076293945,56.11000061035156,56.06999969482422,56.099998474121094,7161,0.0,0.0,0.0
2024-05-07 12:30:00-04:00,56.084999084472656,56.09000015258789,56.029998779296875,56.064998626708984,12159,0.0,0.0,0.0
2024-05-07 13:30:00-04:00,56.064998626708984,56.08000183105469,55.93000030517578,55.932899475097656,33897,0.0,0.0,0.0
2024-05-07 14:30:00-04:00,55.939998626708984,55.9900016784668,55.90999984741211,55.98500061035156,14688,0.0,0.0,0.0
2024-05-07 15:30:00-04:00,55.9900016784668,56.02989959716797,55.97999954223633,56.0,24562,0.0,0.0,0.0
2024-05-08 09:30:00-04:00,56.04999923706055,56.255001068115234,56.0099983215332,56.255001068115234,19478,0.0,0.0,0.0
2024-05-08 10:30:00-04:00,56.25,56.255001068115234,56.11000061035156,56.150001525878906,17078,0.0,0.0,0.0
2024-05-08 11:30:00-04:00,56.150001525878906,56.20000076293945,56.150001525878906,56.16999816894531,9385,0.0,0.0,0.0
2024-05-08 12:30:00-04:00,56.15999984741211,56.18000030517578,56.130001068115234,56.150001525878906,8656,0.0,0.0,0.0
2024-05-08 13:30:00-04:00,56.150001525878906,56.20000076293945,56.13999938964844,56.18000030517578,15854,0.0,0.0,0.0
2024-05-08 14:30:00-04:00,56.189998626708984,56.189998626708984,56.13999938964844,56.18000030517578,5731,0.0,0.0,0.0
2024-05-08 15:30:00-04:00,56.170101165771484,56.209999084472656,56.170101165771484,56.20500183105469,18516,0.0,0.0,0.0
2024-05-09 09:30:00-04:00,56.34000015258789,56.53499984741211,56.32059860229492,56.52000045776367,23487,0.0,0.0,0.0
2024-05-09 10:30:00-04:00,56.53499984741211,56.630001068115234,56.529998779296875,56.56999969482422,342378,0.0,0.0,0.0
2024-05-09 11:30:00-04:00,56.5797004699707,56.599998474121094,56.52000045776367,56.595001220703125,61419,0.0,0.0,0.0
2024-05-09 12:30:00-04:00,56.59000015258789,56.650001525878906,56.56999969482422,56.650001525878906,26252,0.0,0.0,0.0
2024-05-09 13:30:00-04:00,56.66999816894531,56.744998931884766,56.654998779296875,56.70000076293945,243635,0.0,0.0,0.0
2024-05-09 14:30:00-04:00,56.724998474121094,56.76499938964844,56.709999084472656,56.744998931884766,14480,0.0,0.0,0.0
2024-05-09 15:30:00-04:00,56.75,56.81999969482422,56.7400016784668,56.810001373291016,248922,0.0,0.0,0.0
2024-05-10 09:30:00-04:00,57.060001373291016,57.1083984375,56.939998626708984,56.939998626708984,125176,0.0,0.0,0.0
2024-05-10 10:30:00-04:00,56.959999084472656,57.025001525878906,56.93000030517578,57.0,91232,0.0,0.0,0.0
2024-05-10 11:30:00-04:00,57.0,57.040000915527344,56.977500915527344,57.02000045776367,30043,0.0,0.0,0.0
2024-05-10 12:30:00-04:00,57.02000045776367,57.05799865722656,57.0,57.005001068115234,21865,0.0,0.0,0.0
2024-05-10 13:30:00-04:00,57.0099983215332,57.029998779296875,57.0,57.0099983215332,22086,0.0,0.0,0.0
2024-05-10 14:30:00-04:00,57.0099983215332,57.060001373291016,56.994998931884766,57.060001373291016,51996,0.0,0.0,0.0
2024-05-10 15:30:00-04:00,57.060001373291016,57.064998626708984,57.02000045776367,57.040000915527344,36778,0.0,0.0,0.0
2024-05-13 09:30:00-04:00,57.06999969482422,57.21500015258789,57.06999969482422,57.16999816894531,0,0.0,0.0,0.0
2024-05-13 10:30:00-04:00,57.15999984741211,57.22999954223633,57.09000015258789,57.119998931884766,22307,0.0,0.0,0.0
2024-05-13 11:30:00-04:00,57.09000015258789,57.13999938964844,57.08000183105469,57.130001068115234,13452,0.0,0.0,0.0
2024-05-13 12:30:00-04:00,57.129398345947266,57.130001068115234,57.029998779296875,57.08000183105469,6752,0.0,0.0,0.0
2024-05-13 13:30:00-04:00,57.08000183105469,57.08000183105469,57.04999923706055,57.05500030517578,5569,0.0,0.0,0.0
2024-05-13 14:30:00-04:00,57.05500030517578,57.07500076293945,57.02000045776367,57.029998779296875,67682,0.0,0.0,0.0
2024-05-13 15:30:00-04:00,57.040000915527344,57.06999969482422,57.02000045776367,57.06999969482422,29049,0.0,0.0,0.0
2024-05-14 09:30:00-04:00,57.29999923706055,57.3650016784668,57.22999954223633,57.29999923706055,14831,0.0,0.0,0.0
2024-05-14 10:30:00-04:00,57.29999923706055,57.44499969482422,57.224998474121094,57.36000061035156,295368,0.0,0.0,0.0
2024-05-14 11:30:00-04:00,57.3650016784668,57.380001068115234,57.31999969482422,57.33000183105469,19036,0.0,0.0,0.0
2024-05-14 12:30:00-04:00,57.34000015258789,57.35499954223633,57.31010055541992,57.334999084472656,17948,0.0,0.0,0.0
2024-05-14 13:30:00-04:00,57.334999084472656,57.439998626708984,57.334999084472656,57.43000030517578,21181,0.0,0.0,0.0
2024-05-14 14:30:00-04:00,57.43000030517578,57.5,57.41999816894531,57.4900016784668,42139,0.0,0.0,0.0
2024-05-14 15:30:00-04:00,57.4900016784668,57.52000045776367,57.474998474121094,57.5099983215332,33981,0.0,0.0,0.0
2024-05-15 09:30:00-04:00,57.779998779296875,57.8650016784668,57.67499923706055,57.709999084472656,90663,0.0,0.0,0.0
2024-05-15 10:30:00-04:00,57.70000076293945,57.95000076293945,57.70000076293945,57.95000076293945,30214,0.0,0.0,0.0
2024-05-15 11:30:00-04:00,57.970001220703125,57.970001220703125,57.880001068115234,57.95000076293945,16456,0.0,0.0,0.0
2024-05-15 12:30:00-04:00,58.0,58.04999923706055,57.974998474121094,58.0099983215332,6923,0.0,0.0,0.0
2024-05-15 13:30:00-04:00,58.029998779296875,58.04999923706055,57.9900016784668,58.005001068115234,63084,0.0,0.0,0.0
2024-05-15 14:30:00-04:00,58.0099983215332,58.04999923706055,57.97999954223633,58.040000915527344,6602,0.0,0.0,0.0
2024-05-15 15:30:00-04:00,58.040000915527344,58.09000015258789,58.029998779296875,58.06999969482422,10132,0.0,0.0,0.0
2024-05-16 09:30:00-04:00,57.959999084472656,57.959999084472656,57.79999923706055,57.91999816894531,26000,0.0,0.0,0.0
2024-05-16 10:30:00-04:00,57.91999816894531,57.939998626708984,57.83110046386719,57.86000061035156,13951,0.0,0.0,0.0
2024-05-16 11:30:00-04:00,57.869998931884766,57.959999084472656,57.869998931884766,57.900001525878906,34300,0.0,0.0,0.0
2024-05-16 12:30:00-04:00,57.89500045776367,57.90999984741211,57.790000915527344,57.83000183105469,17668,0.0,0.0,0.0
2024-05-16 13:30:00-04:00,57.81999969482422,57.83000183105469,57.73500061035156,57.77000045776367,24627,0.0,0.0,0.0
2024-05-16 14:30:00-04:00,57.77000045776367,57.84000015258789,57.77000045776367,57.814998626708984,14642,0.0,0.0,0.0
2024-05-16 15:30:00-04:00,57.810001373291016,57.81809997558594,57.72999954223633,57.77000045776367,88185,0.0,0.0,0.0
2024-05-17 09:30:00-04:00,57.689998626708984,57.790000915527344,57.59000015258789,57.790000915527344,79344,0.0,0.0,0.0
2024-05-17 10:30:00-04:00,57.79999923706055,57.880001068115234,57.779998779296875,57.81999969482422,23826,0.0,0.0,0.0
2024-05-17 11:30:00-04:00,57.81999969482422,57.88999938964844,57.779998779296875,57.849998474121094,197405,0.0,0.0,0.0
2024-05-17 12:30:00-04:00,57.849998474121094,57.91999816894531,57.83000183105469,57.904998779296875,17006,0.0,0.0,0.0
2024-05-17 13:30:00-04:00,57.90999984741211,57.92499923706055,57.79499816894531,57.83000183105469,20279,0.0,0.0,0.0
2024-05-17 14:30:00-04:00,57.84000015258789,57.92499923706055,57.84000015258789,57.92499923706055,24008,0.0,0.0,0.0
2024-05-17 15:30:00-04:00,57.92499923706055,57.92499923706055,57.8849983215332,57.904998779296875,32779,0.0,0.0,0.0
2024-05-20 09:30:00-04:00,57.93000030517578,58.0099983215332,57.88999938964844,57.970001220703125,0,0.0,0.0,0.0
2024-05-20 10:30:00-04:00,57.970001220703125,57.99700164794922,57.970001220703125,57.994998931884766,4962,0.0,0.0,0.0
2024-05-20 11:30:00-04:00,57.994998931884766,57.994998931884766,57.93000030517578,57.939998626708984,3678,0.0,0.0,0.0
2024-05-20 12:30:00-04:00,57.974998474121094,57.994998931884766,57.939998626708984,57.939998626708984,13657,0.0,0.0,0.0
2024-05-20 13:30:00-04:00,57.935001373291016,57.935001373291016,57.84000015258789,57.89500045776367,11019,0.0,0.0,0.0
2024-05-20 14:30:00-04:00,57.900001525878906,57.915000915527344,57.8650016784668,57.869998931884766,6762,0.0,0.0,0.0
2024-05-20 15:30:00-04:00,57.86000061035156,57.86000061035156,57.83000183105469,57.84000015258789,6052,0.0,0.0,0.0
2024-05-21 09:30:00-04:00,57.65999984741211,57.78779983520508,57.65999984741211,57.78779983520508,0,0.0,0.0,0.0
2024-05-21 10:30:00-04:00,57.787899017333984,57.849998474121094,57.787899017333984,57.810001373291016,12865,0.0,0.0,0.0
2024-05-21 11:30:00-04:00,57.80500030517578,57.82500076293945,57.779998779296875,57.79999923706055,55783,0.0,0.0,0.0
2024-05-21 12:30:00-04:00,57.814998626708984,57.82500076293945,57.744998931884766,57.75,4174,0.0,0.0,0.0
2024-05-21 13:30:00-04:00,57.79999923706055,57.829898834228516,57.79499816894531,57.810001373291016,7975,0.0,0.0,0.0
2024-05-21 14:30:00-04:00,57.790000915527344,57.86000061035156,57.78499984741211,57.81999969482422,8379,0.0,0.0,0.0
2024-05-21 15:30:00-04:00,57.84600067138672,57.875,57.84000015258789,57.85499954223633,17797,0.0,0.0,0.0
2024-05-22 09:30:00-04:00,57.4900016784668,57.5900993347168,57.435001373291016,57.435001373291016,31193,0.0,0.0,0.0
2024-05-22 10:30:00-04:00,57.41999816894531,57.53499984741211,57.415000915527344,57.5099983215332,31069,0.0,0.0,0.0
2024-05-22 11:30:00-04:00,57.525001525878906,57.54999923706055,57.5,57.53030014038086,15712,0.0,0.0,0.0
2024-05-22 12:30:00-04:00,57.530399322509766,57.564998626708984,57.5099983215332,57.52000045776367,8273,0.0,0.0,0.0
2024-05-22 13:30:00-04:00,57.490299224853516,57.490299224853516,57.2400016784668,57.2400016784668,12647,0.0,0.0,0.0
2024-05-22 14:30:00-04:00,57.244998931884766,57.314998626708984,57.220001220703125,57.29999923706055,14450,0.0,0.0,0.0
2024-05-22 15:30:00-04:00,57.31999969482422,57.404998779296875,57.31999969482422,57.38999938964844,20612,0.0,0.0,0.0
2024-05-23 09:30:00-04:00,57.83000183105469,57.849998474121094,57.47999954223633,57.584999084472656,36662,0.0,0.0,0.0
2024-05-23 10:30:00-04:00,57.54999923706055,57.58000183105469,57.4203987121582,57.560001373291016,6593,0.0,0.0,0.0
2024-05-23 11:30:00-04:00,57.540000915527344,57.599998474121094,57.500099182128906,57.56999969482422,2941,0.0,0.0,0.0
2024-05-23 12:30:00-04:00,57.56999969482422,57.56999969482422,57.37990188598633,57.38999938964844,2436,0.0,0.0,0.0
2024-05-23 13:30:00-04:00,57.3849983215332,57.3849983215332,57.040000915527344,57.06999969482422,51428,0.0,0.0,0.0
2024-05-23 14:30:00-04:00,57.060001373291016,57.095001220703125,57.0,57.060001373291016,15413,0.0,0.0,0.0
2024-05-23 15:30:00-04:00,57.099998474121094,57.15999984741211,57.09000015258789,57.15999984741211,59717,0.0,0.0,0.0
2024-05-24 09:30:00-04:00,57.290000915527344,57.470001220703125,57.209999084472656,57.470001220703125,0,0.0,0.0,0.0
2024-05-24 10:30:00-04:00,57.470001220703125,57.595001220703125,57.459999084472656,57.540000915527344,3768,0.0,0.0,0.0
2024-05-24 11:30:00-04:00,57.54999923706055,57.584999084472656,57.46500015258789,57.584999084472656,13880,0.0,0.0,0.0
2024-05-24 12:30:00-04:00,57.584999084472656,57.584999084472656,57.505001068115234,57.58000183105469,12516,0.0,0.0,0.0
2024-05-24 13:30:00-04:00,57.54499816894531,57.60499954223633,57.52000045776367,57.540000915527344,68913,0.0,0.0,0.0
2024-05-24 14:30:00-04:00,57.529998779296875,57.560001373291016,57.459999084472656,57.52000045776367,25653,0.0,0.0,0.0
2024-05-24 15:30:00-04:00,57.52000045776367,57.54999923706055,57.5099983215332,57.54999923706055,53587,0.0,0.0,0.0
2024-05-28 09:30:00-04:00,57.68000030517578,57.709999084472656,57.36000061035156,57.404998779296875,83131,0.0,0.0,0.0
2024-05-28 10:30:00-04:00,57.400001525878906,57.54999923706055,57.3401985168457,57.540000915527344,115406,0.0,0.0,0.0
2024-05-28 11:30:00-04:00,57.54999923706055,57.56999969482422,57.5099983215332,57.52000045776367,13301,0.0,0.0,0.0
2024-05-28 12:30:00-04:00,57.529998779296875,57.56999969482422,57.470001220703125,57.51499938964844,16603,0.0,0.0,0.0
2024-05-28 13:30:00-04:00,57.494998931884766,57.51499938964844,57.34000015258789,57.34000015258789,86070,0.0,0.0,0.0
2024-05-28 14:30:00-04:00,57.334999084472656,57.40999984741211,57.255001068115234,57.380001068115234,15945,0.0,0.0,0.0
2024-05-28 15:30:00-04:00,57.404998779296875,57.5,57.400001525878906,57.5,36567,0.0,0.0,0.0
2024-05-29 09:30:00-04:00,56.77000045776367,56.86989974975586,56.650001525878906,56.759700775146484,14855,0.0,0.0,0.0
2024-05-29 10:30:00-04:00,56.790000915527344,56.790000915527344,56.61000061035156,56.625,6101,0.0,0.0,0.0
2024-05-29 11:30:00-04:00,56.630001068115234,56.68000030517578,56.56999969482422,56.65999984741211,250761,0.0,0.0,0.0
2024-05-29 12:30:00-04:00,56.630001068115234,56.70500183105469,56.59629821777344,56.61880111694336,30009,0.0,0.0,0.0
2024-05-29 13:30:00-04:00,56.650001525878906,56.68000030517578,56.61000061035156,56.650001525878906,7822,0.0,0.0,0.0
2024-05-29 14:30:00-04:00,56.599998474121094,56.66999816894531,56.58000183105469,56.650001525878906,15022,0.0,0.0,0.0
2024-05-29 15:30:00-04:00,56.619998931884766,56.63999938964844,56.54999923706055,56.564998626708984,42319,0.0,0.0,0.0
2024-05-30 09:30:00-04:00,56.93000030517578,57.060001373291016,56.88999938964844,57.040000915527344,36067,0.0,0.0,0.0
2024-05-30 10:30:00-04:00,56.9900016784668,57.09000015258789,56.96500015258789,57.06999969482422,12467,0.0,0.0,0.0
2024-05-30 11:30:00-04:00,57.06999969482422,57.13999938964844,57.040000915527344,57.11000061035156,7442,0.0,0.0,0.0
2024-05-30 12:30:00-04:00,57.14500045776367,57.189998626708984,57.14500045776367,57.189998626708984,9652,0.0,0.0,0.0
2024-05-30 13:30:00-04:00,57.19990158081055,57.19990158081055,57.08000183105469,57.095001220703125,13553,0.0,0.0,0.0
2024-05-30 14:30:00-04:00,57.1349983215332,57.14500045776367,57.04999923706055,57.11000061035156,51511,0.0,0.0,0.0
2024-05-30 15:30:00-04:00,57.07500076293945,57.11000061035156,56.939998626708984,57.06999969482422,30295,0.0,0.0,0.0
2024-05-31 09:30:00-04:00,57.349998474121094,57.4900016784668,57.2599983215332,57.2599983215332,43864,0.0,0.0,0.0
2024-05-31 10:30:00-04:00,57.22999954223633,57.290000915527344,57.18000030517578,57.21500015258789,15996,0.0,0.0,0.0
2024-05-31 11:30:00-04:00,57.22999954223633,57.290000915527344,57.150001525878906,57.150001525878906,19394,0.0,0.0,0.0
2024-05-31 12:30:00-04:00,57.189998626708984,57.29999923706055,57.16999816894531,57.29999923706055,11672,0.0,0.0,0.0
2024-05-31 13:30:00-04:00,57.29909896850586,57.29909896850586,57.2599983215332,57.290000915527344,3794,0.0,0.0,0.0
2024-05-31 14:30:00-04:00,57.29999923706055,57.369998931884766,57.29999923706055,57.349998474121094,14707,0.0,0.0,0.0
2024-05-31 15:30:00-04:00,57.33000183105469,57.58000183105469,57.31999969482422,57.58000183105469,36234,0.0,0.0,0.0
2024-06-03 09:30:00-04:00,57.65999984741211,57.84000015258789,57.52000045776367,57.66999816894531,32613,0.0,0.0,0.0
2024-06-03 10:30:00-04:00,57.65999984741211,57.71500015258789,57.540000915527344,57.70000076293945,73125,0.0,0.0,0.0
2024-06-03 11:30:00-04:00,57.709999084472656,57.72999954223633,57.439998626708984,57.5099983215332,34420,0.0,0.0,0.0
2024-06-03 12:30:00-04:00,57.5099983215332,57.529998779296875,57.38999938964844,57.52000045776367,52601,0.0,0.0,0.0
2024-06-03 13:30:00-04:00,57.54999923706055,57.58000183105469,57.4900016784668,57.54999923706055,53201,0.0,0.0,0.0
2024-06-03 14:30:00-04:00,57.56999969482422,57.65999984741211,57.54999923706055,57.6349983215332,50366,0.0,0.0,0.0
2024-06-03 15:30:00-04:00,57.630001068115234,57.66999816894531,57.59000015258789,57.650001525878906,43308,0.0,0.0,0.0
2024-06-04 09:30:00-04:00,57.47999954223633,57.56999969482422,57.380001068115234,57.415000915527344,0,0.0,0.0,0.0
2024-06-04 10:30:00-04:00,57.43000030517578,57.439998626708984,57.310001373291016,57.349998474121094,13202,0.0,0.0,0.0
2024-06-04 11:30:00-04:00,57.34000015258789,57.36000061035156,57.2599983215332,57.34000015258789,41141,0.0,0.0,0.0
2024-06-04 12:30:00-04:00,57.34000015258789,57.435001373291016,57.33000183105469,57.435001373291016,32659,0.0,0.0,0.0
2024-06-04 13:30:00-04:00,57.45000076293945,57.56999969482422,57.400001525878906,57.525001525878906,17947,0.0,0.0,0.0
2024-06-04 14:30:00-04:00,57.54999923706055,57.560001373291016,57.400001525878906,57.47999954223633,20032,0.0,0.0,0.0
2024-06-04 15:30:00-04:00,57.459999084472656,57.54999923706055,57.45000076293945,57.52000045776367,31252,0.0,0.0,0.0
2024-06-05 09:30:00-04:00,58.0099983215332,58.060001373291016,57.70000076293945,57.83810043334961,48087,0.0,0.0,0.0
2024-06-05 10:30:00-04:00,57.779998779296875,57.880001068115234,57.7599983215332,57.849998474121094,9897,0.0,0.0,0.0
2024-06-05 11:30:00-04:00,57.85499954223633,57.90999984741211,57.849998474121094,57.88999938964844,9572,0.0,0.0,0.0
2024-06-05 12:30:00-04:00,57.90999984741211,57.94499969482422,57.869998931884766,57.904998779296875,5609,0.0,0.0,0.0
2024-06-05 13:30:00-04:00,57.900001525878906,57.959999084472656,57.88999938964844,57.95500183105469,6614,0.0,0.0,0.0
2024-06-05 14:30:00-04:00,58.0099983215332,58.060001373291016,58.0099983215332,58.0099983215332,15367,0.0,0.0,0.0
2024-06-05 15:30:00-04:00,58.01499938964844,58.09000015258789,58.005001068115234,58.09000015258789,17663,0.0,0.0,0.0
2024-06-06 09:30:00-04:00,58.18000030517578,58.2489013671875,58.099998474121094,58.18000030517578,42434,0.0,0.0,0.0
2024-06-06 10:30:00-04:00,58.220001220703125,58.279998779296875,58.15999984741211,58.27000045776367,36506,0.0,0.0,0.0
2024-06-06 11:30:00-04:00,58.290000915527344,58.290000915527344,58.21500015258789,58.22999954223633,33073,0.0,0.0,0.0
2024-06-06 12:30:00-04:00,58.22999954223633,58.31999969482422,58.16999816894531,58.31999969482422,15798,0.0,0.0,0.0
2024-06-06 13:30:00-04:00,58.33000183105469,58.34000015258789,58.220001220703125,58.27000045776367,10108,0.0,0.0,0.0
2024-06-06 14:30:00-04:00,58.2599983215332,58.37900161743164,58.2599983215332,58.349998474121094,18394,0.0,0.0,0.0
2024-06-06 15:30:00-04:00,58.329898834228516,58.36000061035156,58.31999969482422,58.349998474121094,23513,0.0,0.0,0.0
2024-06-07 09:30:00-04:00,57.84000015258789,57.90999984741211,57.70000076293945,57.90999984741211,11404,0.0,0.0,0.0
2024-06-07 10:30:00-04:00,57.869998931884766,57.970001220703125,57.77000045776367,57.779998779296875,9406,0.0,0.0,0.0
2024-06-07 11:30:00-04:00,57.790000915527344,57.790000915527344,57.747398376464844,57.78499984741211,4370,0.0,0.0,0.0
2024-06-07 12:30:00-04:00,57.84000015258789,57.84000015258789,57.75,57.801300048828125,2628,0.0,0.0,0.0
2024-06-07 13:30:00-04:00,57.77790069580078,57.77790069580078,57.630001068115234,57.69499969482422,2391,0.0,0.0,0.0
2024-06-07 14:30:00-04:00,57.70000076293945,57.709999084472656,57.619998931884766,57.65999984741211,3448,0.0,0.0,0.0
2024-06-07 15:30:00-04:00,57.6599006652832,57.67499923706055,57.595001220703125,57.63999938964844,13382,0.0,0.0,0.0
2024-06-10 09:30:00-04:00,57.04999923706055,57.11000061035156,56.95000076293945,57.11000061035156,18703,0.0,0.0,0.0
2024-06-10 10:30:00-04:00,57.09000015258789,57.275001525878906,57.07500076293945,57.26499938964844,17336,0.0,0.0,0.0
2024-06-10 11:30:00-04:00,57.26499938964844,57.40999984741211,57.26499938964844,57.34000015258789,36648,0.0,0.0,0.0
2024-06-10 12:30:00-04:00,57.349998474121094,57.349998474121094,57.31999969482422,57.345001220703125,6666,0.0,0.0,0.0
2024-06-10 13:30:00-04:00,57.349998474121094,57.439998626708984,57.349998474121094,57.3849983215332,7224,0.0,0.0,0.0
2024-06-10 14:30:00-04:00,57.38999938964844,57.470001220703125,57.380001068115234,57.459999084472656,11083,0.0,0.0,0.0
2024-06-10 15:30:00-04:00,57.45000076293945,57.459999084472656,57.380001068115234,57.439998626708984,41562,0.0,0.0,0.0
2024-06-11 09:30:00-04:00,55.52000045776367,55.52000045776367,54.935001373291016,55.30500030517578,748135,0.0,0.0,0.0
2024-06-11 10:30:00-04:00,55.310001373291016,55.525001525878906,55.290000915527344,55.40999984741211,246578,0.0,0.0,0.0
2024-06-11 11:30:00-04:00,55.439998626708984,55.439998626708984,55.35499954223633,55.3650016784668,19246,0.0,0.0,0.0
2024-06-11 12:30:00-04:00,55.36000061035156,55.4900016784668,55.36000061035156,55.435001373291016,11859,0.0,0.0,0.0
2024-06-11 13:30:00-04:00,55.45000076293945,55.6150016784668,55.45000076293945,55.6150016784668,11421,0.0,0.0,0.0
2024-06-11 14:30:00-04:00,55.62919998168945,55.650001525878906,55.58000183105469,55.58000183105469,5865,0.0,0.0,0.0
2024-06-11 15:30:00-04:00,55.551300048828125,55.560001373291016,55.45000076293945,55.52000045776367,29694,0.0,0.0,0.0
2024-06-12 09:30:00-04:00,56.560001373291016,56.63800048828125,56.41999816894531,56.63800048828125,104334,0.0,0.0,0.0
2024-06-12 10:30:00-04:00,56.630001068115234,56.65999984741211,56.564998626708984,56.58000183105469,15125,0.0,0.0,0.0
2024-06-12 11:30:00-04:00,56.54999923706055,56.59000015258789,56.4900016784668,56.54999923706055,4344,0.0,0.0,0.0
2024-06-12 12:30:00-04:00,56.59000015258789,56.59000015258789,56.56999969482422,56.59000015258789,9192,0.0,0.0,0.0
2024-06-12 13:30:00-04:00,56.560001373291016,56.56999969482422,56.369998931884766,56.5099983215332,60139,0.0,0.0,0.0
2024-06-12 14:30:00-04:00,56.52000045776367,56.540000915527344,56.2400016784668,56.2400016784668,43057,0.0,0.0,0.0
2024-06-12 15:30:00-04:00,56.26499938964844,56.380001068115234,56.2400016784668,56.31999969482422,22764,0.0,0.0,0.0
2024-06-13 09:30:00-04:00,55.939998626708984,55.939998626708984,55.459999084472656,55.459999084472656,27395,0.0,0.0,0.0
2024-06-13 10:30:00-04:00,55.5099983215332,55.53499984741211,55.369998931884766,55.3849983215332,23973,0.0,0.0,0.0
2024-06-13 11:30:00-04:00,55.38999938964844,55.45000076293945,55.34479904174805,55.34479904174805,8399,0.0,0.0,0.0
2024-06-13 12:30:00-04:00,55.349998474121094,55.38999938964844,55.349998474121094,55.38999938964844,1388,0.0,0.0,0.0
2024-06-13 13:30:00-04:00,55.36909866333008,55.459999084472656,55.36909866333008,55.435001373291016,5182,0.0,0.0,0.0
2024-06-13 14:30:00-04:00,55.459999084472656,55.52000045776367,55.45000076293945,55.5,10582,0.0,0.0,0.0
2024-06-13 15:30:00-04:00,55.5,55.540000915527344,55.4900016784668,55.4900016784668,12792,0.0,0.0,0.0
2024-06-14 09:30:00-04:00,54.59000015258789,54.7400016784668,54.349998474121094,54.45000076293945,32456,0.0,0.0,0.0
2024-06-14 10:30:00-04:00,54.45000076293945,54.619998931884766,54.314998626708984,54.61000061035156,32265,0.0,0.0,0.0
2024-06-14 11:30:00-04:00,54.619998931884766,54.625,54.52000045776367,54.58000183105469,19803,0.0,0.0,0.0
2024-06-14 12:30:00-04:00,54.58000183105469,54.709999084472656,54.56999969482422,54.66999816894531,14982,0.0,0.0,0.0
2024-06-14 13:30:00-04:00,54.65010070800781,54.685001373291016,54.525001525878906,54.58980178833008,138479,0.0,0.0,0.0
2024-06-14 14:30:00-04:00,54.57500076293945,54.630001068115234,54.560001373291016,54.625,40198,0.0,0.0,0.0
2024-06-14 15:30:00-04:00,54.61989974975586,54.689998626708984,54.59000015258789,54.689998626708984,52992,0.0,0.0,0.0
2024-06-17 09:30:00-04:00,54.75,54.75,54.525001525878906,54.606998443603516,75572,0.0,0.0,0.0
2024-06-17 10:30:00-04:00,54.584999084472656,54.78820037841797,54.584999084472656,54.77000045776367,38299,0.0,0.0,0.0
2024-06-17 11:30:00-04:00,54.779998779296875,54.84000015258789,54.71500015258789,54.84000015258789,27736,0.0,0.0,0.0
2024-06-17 12:30:00-04:00,54.849998474121094,54.90999984741211,54.814998626708984,54.89500045776367,21290,0.0,0.0,0.0
2024-06-17 13:30:00-04:00,54.91999816894531,55.040000915527344,54.91999816894531,55.0,25999,0.0,0.0,0.0
2024-06-17 14:30:00-04:00,55.005001068115234,55.04999923706055,55.0,55.040000915527344,38156,0.0,0.0,0.0
2024-06-17 15:30:00-04:00,55.03499984741211,55.060001373291016,55.005001068115234,55.04499816894531,18964,0.0,0.0,0.0
2024-06-18 09:30:00-04:00,55.06999969482422,55.27000045776367,55.06999969482422,55.2400016784668,180428,0.0,0.0,0.0
2024-06-18 10:30:00-04:00,55.2599983215332,55.29999923706055,55.150001525878906,55.209999084472656,11128,0.0,0.0,0.0
2024-06-18 11:30:00-04:00,55.26499938964844,55.334999084472656,55.2599983215332,55.27000045776367,13855,0.0,0.0,0.0
2024-06-18 12:30:00-04:00,55.27000045776367,55.33660125732422,55.269901275634766,55.32500076293945,44091,0.0,0.0,0.0
2024-06-18 13:30:00-04:00,55.32500076293945,55.345001220703125,55.24449920654297,55.24580001831055,13905,0.0,0.0,0.0
2024-06-18 14:30:00-04:00,55.2400016784668,55.279998779296875,55.22999954223633,55.255001068115234,27068,0.0,0.0,0.0
2024-06-18 15:30:00-04:00,55.25,55.31999969482422,55.25,55.310001373291016,15657,0.0,0.0,0.0
2024-06-20 09:30:00-04:00,55.290000915527344,55.439998626708984,55.15999984741211,55.439998626708984,0,0.0,0.0,0.0
2024-06-20 10:30:00-04:00,55.41999816894531,55.52000045776367,55.41999816894531,55.497501373291016,190411,0.0,0.0,0.0
2024-06-20 11:30:00-04:00,55.50699996948242,55.52000045776367,55.39500045776367,55.400001525878906,126669,0.0,0.0,0.0
2024-06-20 12:30:00-04:00,55.380001068115234,55.42499923706055,55.34000015258789,55.34000015258789,9877,0.0,0.0,0.0
2024-06-20 13:30:00-04:00,55.31999969482422,55.45600128173828,55.314998626708984,55.44499969482422,7057,0.0,0.0,0.0
2024-06-20 14:30:00-04:00,55.53739929199219,55.53739929199219,55.36029815673828,55.40999984741211,21875,0.0,0.0,0.0
2024-06-20 15:30:00-04:00,55.40999984741211,55.470001220703125,55.38999938964844,55.439998626708984,27597,0.0,0.0,0.0
2024-06-21 09:30:00-04:00,54.95000076293945,55.05500030517578,54.77000045776367,55.040000915527344,30642,0.0,0.0,0.0
2024-06-21 10:30:00-04:00,55.04999923706055,55.099998474121094,54.915000915527344,54.91999816894531,60923,0.0,0.0,0.0
2024-06-21 11:30:00-04:00,54.91999816894531,55.0099983215332,54.84000015258789,55.0099983215332,9873,0.0,0.0,0.0
2024-06-21 12:30:00-04:00,54.959999084472656,55.040000915527344,54.959999084472656,54.970001220703125,9032,0.0,0.0,0.0
2024-06-21 13:30:00-04:00,54.98099899291992,55.04999923706055,54.959999084472656,55.04999923706055,4392,0.0,0.0,0.0
2024-06-21 14:30:00-04:00,55.04990005493164,55.04999923706055,55.0099983215332,55.0099983215332,21952,0.0,0.0,0.0
2024-06-21 15:30:00-04:00,55.007301330566406,55.02000045776367,54.959999084472656,54.9900016784668,14666,0.0,0.0,0.0
2024-06-24 09:30:00-04:00,55.4900016784668,55.72999954223633,55.45000076293945,55.70000076293945,10178,0.0,0.0,0.0
2024-06-24 10:30:00-04:00,55.68000030517578,55.68000030517578,55.560001373291016,55.630001068115234,10702,0.0,0.0,0.0
2024-06-24 11:30:00-04:00,55.619998931884766,55.619998931884766,55.5099983215332,55.54999923706055,46763,0.0,0.0,0.0
2024-06-24 12:30:00-04:00,55.54719924926758,55.560001373291016,55.3849983215332,55.45000076293945,15980,0.0,0.0,0.0
2024-06-24 13:30:00-04:00,55.439998626708984,55.47999954223633,55.41999816894531,55.439998626708984,3329,0.0,0.0,0.0
2024-06-24 14:30:00-04:00,55.470001220703125,55.564998626708984,55.470001220703125,55.525001525878906,3542,0.0,0.0,0.0
2024-06-24 15:30:00-04:00,55.52000045776367,55.540000915527344,55.470001220703125,55.47999954223633,9406,0.0,0.0,0.0
2024-06-25 09:30:00-04:00,55.209999084472656,55.2599983215332,55.119998931884766,55.22999954223633,0,0.0,0.0,0.0
2024-06-25 10:30:00-04:00,55.2406005859375,55.310001373291016,55.209999084472656,55.29499816894531,53962,0.0,0.0,0.0
2024-06-25 11:30:00-04:00,55.29499816894531,55.34000015258789,55.25,55.27000045776367,13626,0.0,0.0,0.0
2024-06-25 12:30:00-04:00,55.2599983215332,55.3650016784668,55.209999084472656,55.3650016784668,39002,0.0,0.0,0.0
2024-06-25 13:30:00-04:00,55.369998931884766,55.43000030517578,55.369998931884766,55.43000030517578,3299,0.0,0.0,0.0
2024-06-25 14:30:00-04:00,55.41999816894531,55.470001220703125,55.400001525878906,55.470001220703125,6222,0.0,0.0,0.0
2024-06-25 15:30:00-04:00,55.459999084472656,55.470001220703125,55.41999816894531,55.43000030517578,13719,0.0,0.0,0.0
2024-06-26 09:30:00-04:00,54.81999969482422,54.959999084472656,54.790000915527344,54.939998626708984,201650,0.0,0.0,0.0
2024-06-26 10:30:00-04:00,54.900001525878906,54.97999954223633,54.84000015258789,54.91999816894531,29817,0.0,0.0,0.0
2024-06-26 11:30:00-04:00,54.91999816894531,55.0099983215332,54.880001068115234,55.0099983215332,8051,0.0,0.0,0.0
2024-06-26 12:30:00-04:00,54.97999954223633,54.9900016784668,54.91999816894531,54.939998626708984,15203,0.0,0.0,0.0
2024-06-26 13:30:00-04:00,54.95000076293945,54.95000076293945,54.90999984741211,54.91999816894531,4192,0.0,0.0,0.0
2024-06-26 14:30:00-04:00,54.93000030517578,54.95000076293945,54.86000061035156,54.880001068115234,24368,0.0,0.0,0.0
2024-06-26 15:30:00-04:00,54.869998931884766,54.970001220703125,54.8650016784668,54.91999816894531,33204,0.0,0.0,0.0
2024-06-27 09:30:00-04:00,54.97999954223633,55.07500076293945,54.83000183105469,55.0,0,0.0,0.0,0.0
2024-06-27 10:30:00-04:00,55.0,55.040000915527344,54.7400016784668,54.744998931884766,29944,0.0,0.0,0.0
2024-06-27 11:30:00-04:00,54.75,54.86000061035156,54.73500061035156,54.85499954223633,21348,0.0,0.0,0.0
2024-06-27 12:30:00-04:00,54.86000061035156,54.875,54.82500076293945,54.869998931884766,14966,0.0,0.0,0.0
2024-06-27 13:30:00-04:00,54.869998931884766,54.875,54.724998474121094,54.73500061035156,16364,0.0,0.0,0.0
2024-06-27 14:30:00-04:00,54.720001220703125,54.81999969482422,54.71500015258789,54.81999969482422,12214,0.0,0.0,0.0
2024-06-27 15:30:00-04:00,54.810001373291016,54.849998474121094,54.790000915527344,54.849998474121094,22003,0.0,0.0,0.0
2024-06-28 09:30:00-04:00,54.70000076293945,54.869998931884766,54.650001525878906,54.849998474121094,0,0.0,0.0,0.0
2024-06-28 10:30:00-04:00,54.83000183105469,54.849998474121094,54.619998931884766,54.720001220703125,62964,0.0,0.0,0.0
2024-06-28 11:30:00-04:00,54.720001220703125,54.83000183105469,54.709999084472656,54.79499816894531,57565,0.0,0.0,0.0
2024-06-28 12:30:00-04:00,54.790000915527344,54.80500030517578,54.68000030517578,54.7599983215332,49579,0.0,0.0,0.0
2024-06-28 13:30:00-04:00,54.72999954223633,54.790000915527344,54.68000030517578,54.69499969482422,36927,0.0,0.0,0.0
2024-06-28 14:30:00-04:00,54.689998626708984,54.70000076293945,54.6150016784668,54.619998931884766,62560,0.0,0.0,0.0
2024-06-28 15:30:00-04:00,54.630001068115234,54.810001373291016,54.529998779296875,54.810001373291016,130149,0.0,0.0,0.0
2024-07-01 09:30:00-04:00,55.2400016784668,55.40999984741211,55.09000015258789,55.130001068115234,87132,0.0,0.0,0.0
2024-07-01 10:30:00-04:00,55.14500045776367,55.14500045776367,54.915000915527344,54.98500061035156,229564,0.0,0.0,0.0
2024-07-01 11:30:00-04:00,54.98500061035156,55.029998779296875,54.869998931884766,55.029998779296875,40029,0.0,0.0,0.0
2024-07-01 12:30:00-04:00,55.029998779296875,55.05500030517578,55.0099983215332,55.040000915527344,14879,0.0,0.0,0.0
2024-07-01 13:30:00-04:00,55.029998779296875,55.04999923706055,54.96500015258789,54.96500015258789,15732,0.0,0.0,0.0
2024-07-01 14:30:00-04:00,54.959999084472656,55.01100158691406,54.95500183105469,54.970001220703125,36706,0.0,0.0,0.0
2024-07-01 15:30:00-04:00,54.97999954223633,55.08000183105469,54.97999954223633,55.08000183105469,95909,0.0,0.0,0.0
2024-07-02 09:30:00-04:00,54.61000061035156,54.720001220703125,54.560001373291016,54.66999816894531,77541,0.0,0.0,0.0
2024-07-02 10:30:00-04:00,54.689998626708984,54.790000915527344,54.619998931884766,54.7400016784668,41038,0.0,0.0,0.0
2024-07-02 11:30:00-04:00,54.75,54.77000045776367,54.654998779296875,54.72999954223633,22341,0.0,0.0,0.0
2024-07-02 12:30:00-04:00,54.72999954223633,54.77000045776367,54.68629837036133,54.77000045776367,4661,0.0,0.0,0.0
2024-07-02 13:30:00-04:00,54.7599983215332,54.86000061035156,54.7400016784668,54.86000061035156,13608,0.0,0.0,0.0
2024-07-02 14:30:00-04:00,54.849998474121094,54.93000030517578,54.84320068359375,54.93000030517578,22311,0.0,0.0,0.0
2024-07-02 15:30:00-04:00,54.93000030517578,54.939998626708984,54.90999984741211,54.93000030517578,13330,0.0,0.0,0.0
2024-07-03 09:30:00-04:00,55.400001525878906,55.56999969482422,55.38999938964844,55.459999084472656,0,0.0,0.0,0.0
2024-07-03 10:30:00-04:00,55.459999084472656,55.564998626708984,55.435001373291016,55.4900016784668,77744,0.0,0.0,0.0
2024-07-03 11:30:00-04:00,55.474998474121094,55.53499984741211,55.45000076293945,55.5099983215332,25731,0.0,0.0,0.0
2024-07-05 09:30:00-04:00,56.060001373291016,56.08000183105469,55.58000183105469,55.66960144042969,20339,0.0,0.0,0.0
2024-07-05 10:30:00-04:00,55.59000015258789,55.810001373291016,55.59000015258789,55.7599983215332,58266,0.0,0.0,0.0
2024-07-05 11:30:00-04:00,55.79999923706055,55.84000015258789,55.790000915527344,55.810001373291016,27825,0.0,0.0,0.0
2024-07-05 12:30:00-04:00,55.814998626708984,55.81999969482422,55.775001525878906,55.81999969482422,13193,0.0,0.0,0.0
2024-07-05 13:30:00-04:00,55.820098876953125,55.900001525878906,55.820098876953125,55.900001525878906,9835,0.0,0.0,0.0
2024-07-05 14:30:00-04:00,55.8849983215332,55.959999084472656,55.8849983215332,55.935001373291016,18199,0.0,0.0,0.0
2024-07-05 15:30:00-04:00,55.935001373291016,55.994998931884766,55.92499923706055,55.96500015258789,24462,0.0,0.0,0.0
2024-07-08 09:30:00-04:00,56.119998931884766,56.150001525878906,55.95500183105469,55.95500183105469,66888,0.0,0.0,0.0
2024-07-08 10:30:00-04:00,55.90999984741211,55.95500183105469,55.810001373291016,55.85499954223633,63869,0.0,0.0,0.0
2024-07-08 11:30:00-04:00,55.845001220703125,55.849998474121094,55.72999954223633,55.75,18651,0.0,0.0,0.0
2024-07-08 12:30:00-04:00,55.7599983215332,55.790000915527344,55.75,55.7599983215332,4312,0.0,0.0,0.0
2024-07-08 13:30:00-04:00,55.7599983215332,55.790000915527344,55.7599983215332,55.779998779296875,6091,0.0,0.0,0.0
2024-07-08 14:30:00-04:00,55.77000045776367,55.77000045776367,55.689998626708984,55.7400016784668,15569,0.0,0.0,0.0
2024-07-08 15:30:00-04:00,55.7400016784668,55.779998779296875,55.720001220703125,55.724998474121094,12843,0.0,0.0,0.0
2024-07-09 09:30:00-04:00,55.459999084472656,55.459999084472656,55.25,55.25,38123,0.0,0.0,0.0
2024-07-09 10:30:00-04:00,55.22999954223633,55.349998474121094,55.11000061035156,55.130001068115234,19929,0.0,0.0,0.0
2024-07-09 11:30:00-04:00,55.13999938964844,55.290000915527344,55.130001068115234,55.290000915527344,12876,0.0,0.0,0.0
2024-07-09 12:30:00-04:00,55.279998779296875,55.38999938964844,55.27000045776367,55.290000915527344,10203,0.0,0.0,0.0
2024-07-09 13:30:00-04:00,55.30500030517578,55.334999084472656,55.2598991394043,55.2598991394043,7321,0.0,0.0,0.0
2024-07-09 14:30:00-04:00,55.290000915527344,55.29499816894531,55.2400016784668,55.2599983215332,11889,0.0,0.0,0.0
2024-07-09 15:30:00-04:00,55.2599983215332,55.27000045776367,55.2400016784668,55.25,12737,0.0,0.0,0.0
2024-07-10 09:30:00-04:00,55.56999969482422,55.68000030517578,55.540000915527344,55.68000030517578,33077,0.0,0.0,0.0
2024-07-10 10:30:00-04:00,55.689998626708984,55.79999923706055,55.650001525878906,55.78499984741211,15740,0.0,0.0,0.0
2024-07-10 11:30:00-04:00,55.79999923706055,55.880001068115234,55.79999923706055,55.869998931884766,12467,0.0,0.0,0.0
2024-07-10 12:30:00-04:00,55.849998474121094,55.90800094604492,55.83000183105469,55.83000183105469,8778,0.0,0.0,0.0
2024-07-10 13:30:00-04:00,55.84000015258789,55.85499954223633,55.8135986328125,55.83000183105469,14971,0.0,0.0,0.0
2024-07-10 14:30:00-04:00,55.86000061035156,55.900001525878906,55.85110092163086,55.880001068115234,15138,0.0,0.0,0.0
2024-07-10 15:30:00-04:00,55.904998779296875,55.99810028076172,55.904998779296875,55.970001220703125,19589,0.0,0.0,0.0
2024-07-11 09:30:00-04:00,56.400001525878906,56.5,56.33000183105469,56.349998474121094,45470,0.0,0.0,0.0
2024-07-11 10:30:00-04:00,56.380001068115234,56.439998626708984,56.29999923706055,56.34000015258789,28402,0.0,0.0,0.0
2024-07-11 11:30:00-04:00,56.33000183105469,56.33000183105469,56.209999084472656,56.25,24099,0.0,0.0,0.0
2024-07-11 12:30:00-04:00,56.26499938964844,56.290000915527344,56.20000076293945,56.2599983215332,20166,0.0,0.0,0.0
2024-07-11 13:30:00-04:00,56.25,56.25,56.16999816894531,56.189998626708984,14566,0.0,0.0,0.0
2024-07-11 14:30:00-04:00,56.189998626708984,56.2599983215332,56.189998626708984,56.2400016784668,18091,0.0,0.0,0.0
2024-07-11 15:30:00-04:00,56.224998474121094,56.260101318359375,56.18000030517578,56.18000030517578,30674,0.0,0.0,0.0
2024-07-12 09:30:00-04:00,56.650001525878906,56.9900016784668,56.650001525878906,56.9900016784668,31709,0.0,0.0,0.0
2024-07-12 10:30:00-04:00,57.0,57.08000183105469,56.970001220703125,57.04999923706055,23675,0.0,0.0,0.0
2024-07-12 11:30:00-04:00,57.040000915527344,57.040000915527344,56.90999984741211,56.91999816894531,10053,0.0,0.0,0.0
2024-07-12 12:30:00-04:00,56.90999984741211,57.0,56.90999984741211,56.959999084472656,12480,0.0,0.0,0.0
2024-07-12 13:30:00-04:00,56.970001220703125,57.04999923706055,56.970001220703125,56.9900016784668,66639,0.0,0.0,0.0
2024-07-12 14:30:00-04:00,56.994998931884766,57.01499938964844,56.96500015258789,57.0099983215332,13102,0.0,0.0,0.0
2024-07-12 15:30:00-04:00,56.97999954223633,56.97999954223633,56.84000015258789,56.849998474121094,23583,0.0,0.0,0.0
2024-07-15 09:30:00-04:00,56.65999984741211,56.65999984741211,56.4900016784668,56.5099983215332,20659,0.0,0.0,0.0
2024-07-15 10:30:00-04:00,56.500099182128906,56.54499816894531,56.439998626708984,56.45000076293945,20449,0.0,0.0,0.0
2024-07-15 11:30:00-04:00,56.41999816894531,56.48500061035156,56.349998474121094,56.38999938964844,26248,0.0,0.0,0.0
2024-07-15 12:30:00-04:00,56.369998931884766,56.439998626708984,56.2400016784668,56.255001068115234,9821,0.0,0.0,0.0
2024-07-15 13:30:00-04:00,56.189998626708984,56.28499984741211,56.17499923706055,56.279998779296875,8721,0.0,0.0,0.0
2024-07-15 14:30:00-04:00,56.310001373291016,56.369998931884766,56.290000915527344,56.34000015258789,13909,0.0,0.0,0.0
2024-07-15 15:30:00-04:00,56.34000015258789,56.34000015258789,56.22999954223633,56.23500061035156,10734,0.0,0.0,0.0
2024-07-16 09:30:00-04:00,56.0099983215332,56.11000061035156,55.93000030517578,56.095001220703125,22413,0.0,0.0,0.0
2024-07-16 10:30:00-04:00,56.08000183105469,56.17499923706055,56.06999969482422,56.165000915527344,25024,0.0,0.0,0.0
2024-07-16 11:30:00-04:00,56.150001525878906,56.189998626708984,56.11000061035156,56.15999984741211,16214,0.0,0.0,0.0
2024-07-16 12:30:00-04:00,56.150001525878906,56.2400016784668,56.150001525878906,56.20000076293945,69463,0.0,0.0,0.0
2024-07-16 13:30:00-04:00,56.189998626708984,56.27000045776367,56.18000030517578,56.2599983215332,9757,0.0,0.0,0.0
2024-07-16 14:30:00-04:00,56.25,56.33000183105469,56.25,56.33000183105469,24238,0.0,0.0,0.0
2024-07-16 15:30:00-04:00,56.33000183105469,56.400001525878906,56.33000183105469,56.3849983215332,12058,0.0,0.0,0.0
2024-07-17 09:30:00-04:00,56.119998931884766,56.334999084472656,56.09000015258789,56.27000045776367,38701,0.0,0.0,0.0
2024-07-17 10:30:00-04:00,56.279998779296875,56.29999923706055,56.08000183105469,56.130001068115234,31940,0.0,0.0,0.0
2024-07-17 11:30:00-04:00,56.13999938964844,56.15999984741211,56.040000915527344,56.060001373291016,16964,0.0,0.0,0.0
2024-07-17 12:30:00-04:00,56.08000183105469,56.11000061035156,56.029998779296875,56.06999969482422,18475,0.0,0.0,0.0
2024-07-17 13:30:00-04:00,56.099998474121094,56.13999938964844,56.03499984741211,56.13999938964844,9529,0.0,0.0,0.0
2024-07-17 14:30:00-04:00,56.13999938964844,56.15999984741211,56.095001220703125,56.150001525878906,18267,0.0,0.0,0.0
2024-07-17 15:30:00-04:00,56.15999984741211,56.15999984741211,56.09000015258789,56.125,19198,0.0,0.0,0.0
2024-07-18 09:30:00-04:00,56.36000061035156,56.36000061035156,56.150001525878906,56.18000030517578,55718,0.0,0.0,0.0
2024-07-18 10:30:00-04:00,56.16999816894531,56.16999816894531,55.84000015258789,55.84000015258789,31661,0.0,0.0,0.0
2024-07-18 11:30:00-04:00,55.84000015258789,55.91999816894531,55.75,55.78020095825195,73105,0.0,0.0,0.0
2024-07-18 12:30:00-04:00,55.790000915527344,55.92499923706055,55.779998779296875,55.875,27222,0.0,0.0,0.0
2024-07-18 13:30:00-04:00,55.880001068115234,55.88999938964844,55.650001525878906,55.650001525878906,29199,0.0,0.0,0.0
2024-07-18 14:30:00-04:00,55.63999938964844,55.665000915527344,55.52000045776367,55.58000183105469,32508,0.0,0.0,0.0
2024-07-18 15:30:00-04:00,55.56999969482422,55.70000076293945,55.56999969482422,55.6150016784668,74179,0.0,0.0,0.0
2024-07-19 09:30:00-04:00,55.43000030517578,55.45000076293945,55.34000015258789,55.36000061035156,22096,0.0,0.0,0.0
2024-07-19 10:30:00-04:00,55.349998474121094,55.40999984741211,55.2599983215332,55.27000045776367,34615,0.0,0.0,0.0
2024-07-19 11:30:00-04:00,55.25,55.4900016784668,55.22999954223633,55.40999984741211,11492,0.0,0.0,0.0
2024-07-19 12:30:00-04:00,55.400001525878906,55.40999984741211,55.2599983215332,55.29999923706055,7712,0.0,0.0,0.0
2024-07-19 13:30:00-04:00,55.279998779296875,55.349998474121094,55.279998779296875,55.29999923706055,8022,0.0,0.0,0.0
2024-07-19 14:30:00-04:00,55.279998779296875,55.38779830932617,55.23500061035156,55.38779830932617,37832,0.0,0.0,0.0
2024-07-19 15:30:00-04:00,55.36000061035156,55.3650016784668,55.275001525878906,55.310001373291016,7365,0.0,0.0,0.0
2024-07-22 09:30:00-04:00,55.95000076293945,56.060001373291016,55.77009963989258,55.81999969482422,26139,0.0,0.0,0.0
2024-07-22 10:30:00-04:00,55.84000015258789,55.970001220703125,55.830101013183594,55.869998931884766,14247,0.0,0.0,0.0
2024-07-22 11:30:00-04:00,55.83000183105469,55.90999984741211,55.79999923706055,55.900001525878906,13088,0.0,0.0,0.0
2024-07-22 12:30:00-04:00,55.880001068115234,56.029998779296875,55.869998931884766,56.01100158691406,82146,0.0,0.0,0.0
2024-07-22 13:30:00-04:00,56.02000045776367,56.04999923706055,56.0,56.02000045776367,13274,0.0,0.0,0.0
2024-07-22 14:30:00-04:00,56.0536994934082,56.06999969482422,56.0,56.02000045776367,4226,0.0,0.0,0.0
2024-07-22 15:30:00-04:00,56.025001525878906,56.064998626708984,56.02000045776367,56.060001373291016,25851,0.0,0.0,0.0
2024-07-23 09:30:00-04:00,55.72999954223633,55.72999954223633,55.599998474121094,55.63999938964844,0,0.0,0.0,0.0
2024-07-23 10:30:00-04:00,55.650001525878906,55.7599983215332,55.650001525878906,55.755001068115234,62793,0.0,0.0,0.0
2024-07-23 11:30:00-04:00,55.7599983215332,55.790000915527344,55.595001220703125,55.630001068115234,33809,0.0,0.0,0.0
2024-07-23 12:30:00-04:00,55.6150016784668,55.670101165771484,55.60499954223633,55.63999938964844,16662,0.0,0.0,0.0
2024-07-23 13:30:00-04:00,55.61000061035156,55.72999954223633,55.61000061035156,55.68000030517578,11558,0.0,0.0,0.0
2024-07-23 14:30:00-04:00,55.685001373291016,55.709999084472656,55.66999816894531,55.70500183105469,5013,0.0,0.0,0.0
2024-07-23 15:30:00-04:00,55.689998626708984,55.689998626708984,55.6150016784668,55.630001068115234,17277,0.0,0.0,0.0
2024-07-24 09:30:00-04:00,55.4900016784668,55.619998931884766,55.43000030517578,55.584999084472656,42032,0.0,0.0,0.0
2024-07-24 10:30:00-04:00,55.58000183105469,55.59000015258789,55.380001068115234,55.400001525878906,8501,0.0,0.0,0.0
2024-07-24 11:30:00-04:00,55.42499923706055,55.459999084472656,55.34000015258789,55.380001068115234,17004,0.0,0.0,0.0
2024-07-24 12:30:00-04:00,55.380001068115234,55.41999816894531,55.310001373291016,55.369998931884766,52851,0.0,0.0,0.0
2024-07-24 13:30:00-04:00,55.34000015258789,55.38999938964844,55.220001220703125,55.22999954223633,9136,0.0,0.0,0.0
2024-07-24 14:30:00-04:00,55.22999954223633,55.2400016784668,55.11000061035156,55.1150016784668,18358,0.0,0.0,0.0
2024-07-24 15:30:00-04:00,55.11439895629883,55.20000076293945,55.060001373291016,55.09000015258789,43257,0.0,0.0,0.0
2024-07-25 09:30:00-04:00,54.810001373291016,54.900001525878906,54.63999938964844,54.875,24872,0.0,0.0,0.0
2024-07-25 10:30:00-04:00,54.91999816894531,55.130001068115234,54.869998931884766,55.04999923706055,19942,0.0,0.0,0.0
2024-07-25 11:30:00-04:00,55.029998779296875,55.27000045776367,55.029998779296875,55.2400016784668,17163,0.0,0.0,0.0
2024-07-25 12:30:00-04:00,55.22999954223633,55.36000061035156,55.20000076293945,55.20000076293945,8213,0.0,0.0,0.0
2024-07-25 13:30:00-04:00,55.20000076293945,55.22999954223633,55.130001068115234,55.13999938964844,26190,0.0,0.0,0.0
2024-07-25 14:30:00-04:00,55.16999816894531,55.185001373291016,55.010101318359375,55.16999816894531,15120,0.0,0.0,0.0
2024-07-25 15:30:00-04:00,55.150001525878906,55.15999984741211,54.93000030517578,54.93000030517578,19717,0.0,0.0,0.0
2024-07-26 09:30:00-04:00,55.34000015258789,55.529998779296875,55.310001373291016,55.52000045776367,15603,0.0,0.0,0.0
2024-07-26 10:30:00-04:00,55.47999954223633,55.560001373291016,55.40999984741211,55.52000045776367,9007,0.0,0.0,0.0
2024-07-26 11:30:00-04:00,55.52000045776367,55.70000076293945,55.52000045776367,55.70000076293945,8115,0.0,0.0,0.0
2024-07-26 12:30:00-04:00,55.70500183105469,55.75,55.689998626708984,55.72999954223633,220988,0.0,0.0,0.0
2024-07-26 13:30:00-04:00,55.7400016784668,55.7400016784668,55.59000015258789,55.665000915527344,5664,0.0,0.0,0.0
2024-07-26 14:30:00-04:00,55.6349983215332,55.65999984741211,55.56999969482422,55.650001525878906,11563,0.0,0.0,0.0
2024-07-26 15:30:00-04:00,55.63999938964844,55.66999816894531,55.56999969482422,55.650001525878906,23293,0.0,0.0,0.0
2024-07-29 09:30:00-04:00,55.400001525878906,55.41999816894531,55.189998626708984,55.189998626708984,0,0.0,0.0,0.0
2024-07-29 10:30:00-04:00,55.20000076293945,55.22999954223633,55.09000015258789,55.220001220703125,8389,0.0,0.0,0.0
2024-07-29 11:30:00-04:00,55.20000076293945,55.334999084472656,55.16999816894531,55.279998779296875,9824,0.0,0.0,0.0
2024-07-29 12:30:00-04:00,55.290000915527344,55.349998474121094,55.27000045776367,55.27000045776367,7907,0.0,0.0,0.0
2024-07-29 13:30:00-04:00,55.25,55.29999923706055,55.2401008605957,55.279998779296875,6382,0.0,0.0,0.0
2024-07-29 14:30:00-04:00,55.26499938964844,55.29999923706055,55.209999084472656,55.29999923706055,10331,0.0,0.0,0.0
2024-07-29 15:30:00-04:00,55.310001373291016,55.349998474121094,55.25199890136719,55.27000045776367,21995,0.0,0.0,0.0
2024-07-30 09:30:00-04:00,55.4900016784668,55.560001373291016,55.43000030517578,55.46500015258789,10811,0.0,0.0,0.0
2024-07-30 10:30:00-04:00,55.470001220703125,55.4723014831543,55.310001373291016,55.39500045776367,5774,0.0,0.0,0.0
2024-07-30 11:30:00-04:00,55.380001068115234,55.380001068115234,55.290000915527344,55.349998474121094,51237,0.0,0.0,0.0
2024-07-30 12:30:00-04:00,55.349998474121094,55.38999938964844,55.220001220703125,55.33000183105469,13812,0.0,0.0,0.0
2024-07-30 13:30:00-04:00,55.33000183105469,55.45000076293945,55.31999969482422,55.38999938964844,9009,0.0,0.0,0.0
2024-07-30 14:30:00-04:00,55.404998779296875,55.415000915527344,55.349998474121094,55.40999984741211,11577,0.0,0.0,0.0
2024-07-30 15:30:00-04:00,55.404998779296875,55.4900016784668,55.369998931884766,55.43000030517578,17146,0.0,0.0,0.0
2024-07-31 09:30:00-04:00,56.0,56.02000045776367,55.84000015258789,55.970001220703125,22630,0.0,0.0,0.0
2024-07-31 10:30:00-04:00,56.029998779296875,56.029998779296875,55.84000015258789,55.90999984741211,6759,0.0,0.0,0.0
2024-07-31 11:30:00-04:00,55.90999984741211,55.959999084472656,55.88999938964844,55.91999816894531,4039,0.0,0.0,0.0
2024-07-31 12:30:00-04:00,55.93000030517578,55.959999084472656,55.904998779296875,55.91999816894531,6362,0.0,0.0,0.0
2024-07-31 13:30:00-04:00,55.900001525878906,55.970001220703125,55.86000061035156,55.970001220703125,7628,0.0,0.0,0.0
2024-07-31 14:30:00-04:00,55.9900016784668,56.27000045776367,55.90999984741211,55.939998626708984,10497,0.0,0.0,0.0
2024-07-31 15:30:00-04:00,55.90999984741211,56.060001373291016,55.90999984741211,55.91999816894531,18037,0.0,0.0,0.0
2024-08-01 09:30:00-04:00,55.540000915527344,55.689998626708984,55.20000076293945,55.209999084472656,146556,0.0,0.0,0.0
2024-08-01 10:30:00-04:00,55.099998474121094,55.099998474121094,54.81999969482422,54.869998931884766,20163,0.0,0.0,0.0
2024-08-01 11:30:00-04:00,54.84000015258789,54.946800231933594,54.79999923706055,54.81999969482422,18756,0.0,0.0,0.0
2024-08-01 12:30:00-04:00,54.79999923706055,54.810001373291016,54.66999816894531,54.720001220703125,7086,0.0,0.0,0.0
2024-08-01 13:30:00-04:00,54.68000030517578,54.7599983215332,54.599998474121094,54.599998474121094,24260,0.0,0.0,0.0
2024-08-01 14:30:00-04:00,54.619998931884766,54.779998779296875,54.595001220703125,54.7599983215332,50191,0.0,0.0,0.0
2024-08-01 15:30:00-04:00,54.779998779296875,54.849998474121094,54.7599983215332,54.84000015258789,18733,0.0,0.0,0.0
2024-08-02 09:30:00-04:00,54.43000030517578,54.54999923706055,54.209999084472656,54.310001373291016,85587,0.0,0.0,0.0
2024-08-02 10:30:00-04:00,54.279998779296875,54.36000061035156,54.06999969482422,54.150001525878906,73622,0.0,0.0,0.0
2024-08-02 11:30:00-04:00,54.15999984741211,54.34000015258789,54.15999984741211,54.310001373291016,32989,0.0,0.0,0.0
2024-08-02 12:30:00-04:00,54.279998779296875,54.33000183105469,54.220001220703125,54.25,26515,0.0,0.0,0.0
2024-08-02 13:30:00-04:00,54.25,54.36000061035156,54.15999984741211,54.36000061035156,22522,0.0,0.0,0.0
2024-08-02 14:30:00-04:00,54.349998474121094,54.38999938964844,54.255001068115234,54.369998931884766,43240,0.0,0.0,0.0
2024-08-02 15:30:00-04:00,54.380001068115234,54.439998626708984,54.279998779296875,54.40999984741211,30520,0.0,0.0,0.0
2024-08-05 09:30:00-04:00,52.90999984741211,53.310001373291016,52.75,53.029998779296875,302054,0.0,0.0,0.0
2024-08-05 10:30:00-04:00,53.029998779296875,53.435001373291016,53.029998779296875,53.2599983215332,199032,0.0,0.0,0.0
2024-08-05 11:30:00-04:00,53.2400016784668,53.56999969482422,53.18000030517578,53.56999969482422,112513,0.0,0.0,0.0
2024-08-05 12:30:00-04:00,53.56999969482422,53.56999969482422,53.189998626708984,53.310001373291016,110021,0.0,0.0,0.0
2024-08-05 13:30:00-04:00,53.29999923706055,53.41999816894531,53.2400016784668,53.41999816894531,164752,0.0,0.0,0.0
2024-08-05 14:30:00-04:00,53.40999984741211,53.439998626708984,53.185001373291016,53.255001068115234,89226,0.0,0.0,0.0
2024-08-05 15:30:00-04:00,53.2599983215332,53.33000183105469,53.18000030517578,53.33000183105469,135999,0.0,0.0,0.0
2024-08-06 09:30:00-04:00,52.880001068115234,53.310001373291016,52.810001373291016,53.18000030517578,174732,0.0,0.0,0.0
2024-08-06 10:30:00-04:00,53.150001525878906,53.459999084472656,53.130001068115234,53.165000915527344,94863,0.0,0.0,0.0
2024-08-06 11:30:00-04:00,53.16999816894531,53.375,53.13999938964844,53.31999969482422,86004,0.0,0.0,0.0
2024-08-06 12:30:00-04:00,53.31999969482422,53.466800689697266,53.29499816894531,53.439998626708984,73339,0.0,0.0,0.0
2024-08-06 13:30:00-04:00,53.44499969482422,53.584999084472656,53.43000030517578,53.58000183105469,58885,0.0,0.0,0.0
2024-08-06 14:30:00-04:00,53.58000183105469,53.654998779296875,53.380001068115234,53.52000045776367,67740,0.0,0.0,0.0
2024-08-06 15:30:00-04:00,53.5099983215332,53.540000915527344,53.349998474121094,53.38999938964844,41855,0.0,0.0,0.0
2024-08-07 09:30:00-04:00,54.029998779296875,54.150001525878906,53.97999954223633,54.0099983215332,45187,0.0,0.0,0.0
2024-08-07 10:30:00-04:00,54.0,54.20000076293945,53.97999954223633,54.04999923706055,41050,0.0,0.0,0.0
2024-08-07 11:30:00-04:00,54.04499816894531,54.06999969482422,53.86000061035156,53.959999084472656,36270,0.0,0.0,0.0
2024-08-07 12:30:00-04:00,53.939998626708984,53.959999084472656,53.599998474121094,53.70000076293945,46960,0.0,0.0,0.0
2024-08-07 13:30:00-04:00,53.70000076293945,53.790000915527344,53.43000030517578,53.529998779296875,41584,0.0,0.0,0.0
2024-08-07 14:30:00-04:00,53.52000045776367,53.599998474121094,53.400001525878906,53.560001373291016,71143,0.0,0.0,0.0
2024-08-07 15:30:00-04:00,53.560001373291016,53.599998474121094,53.439998626708984,53.470001220703125,47160,0.0,0.0,0.0
2024-08-08 09:30:00-04:00,53.83000183105469,53.939998626708984,53.65999984741211,53.93000030517578,44008,0.0,0.0,0.0
2024-08-08 10:30:00-04:00,53.95000076293945,54.095001220703125,53.935001373291016,53.97999954223633,27534,0.0,0.0,0.0
2024-08-08 11:30:00-04:00,53.97999954223633,54.08000183105469,53.974998474121094,54.040000915527344,45897,0.0,0.0,0.0
2024-08-08 12:30:00-04:00,54.029998779296875,54.1150016784668,53.939998626708984,54.1150016784668,15937,0.0,0.0,0.0
2024-08-08 13:30:00-04:00,54.125,54.25,54.125,54.220001220703125,145659,0.0,0.0,0.0
2024-08-08 14:30:00-04:00,54.220001220703125,54.27000045776367,54.185001373291016,54.23500061035156,33704,0.0,0.0,0.0
2024-08-08 15:30:00-04:00,54.220001220703125,54.27000045776367,54.16999816894531,54.25,37853,0.0,0.0,0.0
2024-08-09 09:30:00-04:00,54.189998626708984,54.38999938964844,54.084999084472656,54.35110092163086,31701,0.0,0.0,0.0
2024-08-09 10:30:00-04:00,54.34000015258789,54.45500183105469,54.2599983215332,54.3849983215332,92651,0.0,0.0,0.0
2024-08-09 11:30:00-04:00,54.38999938964844,54.439998626708984,54.27000045776367,54.29999923706055,150531,0.0,0.0,0.0
2024-08-09 12:30:00-04:00,54.29999923706055,54.54999923706055,54.29999923706055,54.54499816894531,82593,0.0,0.0,0.0
2024-08-09 13:30:00-04:00,54.55500030517578,54.58000183105469,54.43000030517578,54.45000076293945,219666,0.0,0.0,0.0
2024-08-09 14:30:00-04:00,54.45500183105469,54.529998779296875,54.40999984741211,54.4900016784668,369182,0.0,0.0,0.0
2024-08-09 15:30:00-04:00,54.5099983215332,54.58000183105469,54.505001068115234,54.560001373291016,44622,0.0,0.0,0.0
2024-08-12 09:30:00-04:00,54.470001220703125,54.52000045776367,54.290000915527344,54.36000061035156,34902,0.0,0.0,0.0
2024-08-12 10:30:00-04:00,54.369998931884766,54.54999923706055,54.36000061035156,54.415000915527344,15549,0.0,0.0,0.0
2024-08-12 11:30:00-04:00,54.41999816894531,54.51020050048828,54.38999938964844,54.459999084472656,15341,0.0,0.0,0.0
2024-08-12 12:30:00-04:00,54.45500183105469,54.459999084472656,54.334999084472656,54.45000076293945,14267,0.0,0.0,0.0
2024-08-12 13:30:00-04:00,54.470001220703125,54.47999954223633,54.369998931884766,54.40999984741211,10265,0.0,0.0,0.0
2024-08-12 14:30:00-04:00,54.378501892089844,54.435001373291016,54.378501892089844,54.43000030517578,31094,0.0,0.0,0.0
2024-08-12 15:30:00-04:00,54.41999816894531,54.439998626708984,54.36000061035156,54.41999816894531,34112,0.0,0.0,0.0
2024-08-13 09:30:00-04:00,54.599998474121094,54.720001220703125,54.599998474121094,54.64500045776367,26381,0.0,0.0,0.0
2024-08-13 10:30:00-04:00,54.66999816894531,54.83000183105469,54.630001068115234,54.80500030517578,17618,0.0,0.0,0.0
2024-08-13 11:30:00-04:00,54.80500030517578,54.87990188598633,54.75,54.849998474121094,11506,0.0,0.0,0.0
2024-08-13 12:30:00-04:00,54.85499954223633,54.97999954223633,54.84000015258789,54.97999954223633,4251,0.0,0.0,0.0
2024-08-13 13:30:00-04:00,54.97999954223633,55.05500030517578,54.90999984741211,55.05500030517578,10574,0.0,0.0,0.0
2024-08-13 14:30:00-04:00,55.064998626708984,55.13999938964844,55.064998626708984,55.119998931884766,61310,0.0,0.0,0.0
2024-08-13 15:30:00-04:00,55.1150016784668,55.165000915527344,55.099998474121094,55.119998931884766,46810,0.0,0.0,0.0
2024-08-14 09:30:00-04:00,55.33000183105469,55.40999984741211,55.29999923706055,55.40999984741211,0,0.0,0.0,0.0
2024-08-14 10:30:00-04:00,55.400001525878906,55.43000030517578,55.31999969482422,55.404998779296875,13697,0.0,0.0,0.0
2024-08-14 11:30:00-04:00,55.404998779296875,55.5099983215332,55.349998474121094,55.36000061035156,19039,0.0,0.0,0.0
2024-08-14 12:30:00-04:00,55.3650016784668,55.415000915527344,55.349998474121094,55.36000061035156,10496,0.0,0.0,0.0
2024-08-14 13:30:00-04:00,55.36000061035156,55.40610122680664,55.34000015258789,55.369998931884766,16272,0.0,0.0,0.0
2024-08-14 14:30:00-04:00,55.36000061035156,55.470001220703125,55.36000061035156,55.400001525878906,12083,0.0,0.0,0.0
2024-08-14 15:30:00-04:00,55.404998779296875,55.470001220703125,55.38999938964844,55.45000076293945,13394,0.0,0.0,0.0
2024-08-15 09:30:00-04:00,55.84000015258789,55.935001373291016,55.79999923706055,55.90999984741211,0,0.0,0.0,0.0
2024-08-15 10:30:00-04:00,55.93000030517578,56.02000045776367,55.93000030517578,55.970001220703125,19678,0.0,0.0,0.0
2024-08-15 11:30:00-04:00,56.005001068115234,56.11000061035156,56.005001068115234,56.099998474121094,6152,0.0,0.0,0.0
2024-08-15 12:30:00-04:00,56.099998474121094,56.099998474121094,55.9900016784668,56.029998779296875,5758,0.0,0.0,0.0
2024-08-15 13:30:00-04:00,56.040000915527344,56.064998626708984,56.013999938964844,56.05500030517578,8799,0.0,0.0,0.0
2024-08-15 14:30:00-04:00,56.04499816894531,56.064998626708984,56.029998779296875,56.064998626708984,5513,0.0,0.0,0.0
2024-08-15 15:30:00-04:00,56.05500030517578,56.06999969482422,55.97999954223633,56.0,28402,0.0,0.0,0.0
2024-08-16 09:30:00-04:00,56.04999923706055,56.165000915527344,56.03499984741211,56.11000061035156,31290,0.0,0.0,0.0
2024-08-16 10:30:00-04:00,56.10499954223633,56.150001525878906,56.040000915527344,56.150001525878906,10851,0.0,0.0,0.0
2024-08-16 11:30:00-04:00,56.154998779296875,56.20500183105469,56.154998779296875,56.20500183105469,12991,0.0,0.0,0.0
2024-08-16 12:30:00-04:00,56.209999084472656,56.290000915527344,56.20500183105469,56.290000915527344,5947,0.0,0.0,0.0
2024-08-16 13:30:00-04:00,56.290000915527344,56.29499816894531,56.244998931884766,56.279998779296875,27913,0.0,0.0,0.0
2024-08-16 14:30:00-04:00,56.279998779296875,56.349998474121094,56.279998779296875,56.29499816894531,32724,0.0,0.0,0.0
2024-08-16 15:30:00-04:00,56.29999923706055,56.34000015258789,56.27000045776367,56.33000183105469,11826,0.0,0.0,0.0
