Datetime,Open,High,Low,Close,Volume,Dividends,Stock Splits
2024-07-16 09:00:00+09:00,9750.0,9779.0,9730.0,9730.0,0,0.0,0.0
2024-07-16 09:01:00+09:00,9727.0,9734.0,9704.0,9725.0,2800,0.0,0.0
2024-07-16 09:02:00+09:00,9718.0,9740.0,9718.0,9740.0,800,0.0,0.0
2024-07-16 09:03:00+09:00,9747.0,9773.0,9747.0,9763.0,1400,0.0,0.0
2024-07-16 09:04:00+09:00,9763.0,9763.0,9763.0,9763.0,100,0.0,0.0
2024-07-16 09:05:00+09:00,9767.0,9767.0,9745.0,9756.0,3200,0.0,0.0
2024-07-16 09:06:00+09:00,9751.0,9751.0,9740.0,9740.0,800,0.0,0.0
2024-07-16 09:07:00+09:00,9740.0,9740.0,9740.0,9740.0,100,0.0,0.0
2024-07-16 09:08:00+09:00,9747.0,9764.0,9747.0,9764.0,600,0.0,0.0
2024-07-16 09:09:00+09:00,9764.0,9771.0,9764.0,9771.0,200,0.0,0.0
2024-07-16 09:10:00+09:00,9772.0,9795.0,9772.0,9795.0,1200,0.0,0.0
2024-07-16 09:11:00+09:00,9805.0,9824.0,9793.0,9824.0,2900,0.0,0.0
2024-07-16 09:12:00+09:00,9824.0,9826.0,9816.0,9822.0,1900,0.0,0.0
2024-07-16 09:13:00+09:00,9825.0,9837.0,9825.0,9831.0,3300,0.0,0.0
2024-07-16 09:14:00+09:00,9837.0,9838.0,9831.0,9831.0,800,0.0,0.0
2024-07-16 09:15:00+09:00,9837.0,9839.0,9837.0,9839.0,200,0.0,0.0
2024-07-16 09:16:00+09:00,9832.0,9832.0,9831.0,9831.0,1100,0.0,0.0
2024-07-16 09:17:00+09:00,9836.0,9840.0,9834.0,9834.0,1200,0.0,0.0
2024-07-16 09:18:00+09:00,9836.0,9836.0,9818.0,9818.0,900,0.0,0.0
2024-07-16 09:19:00+09:00,9823.0,9823.0,9807.0,9807.0,800,0.0,0.0
2024-07-16 09:20:00+09:00,9805.0,9805.0,9791.0,9791.0,1000,0.0,0.0
2024-07-16 09:21:00+09:00,9797.0,9807.0,9797.0,9807.0,800,0.0,0.0
2024-07-16 09:22:00+09:00,9807.0,9809.0,9807.0,9809.0,200,0.0,0.0
2024-07-16 09:23:00+09:00,9810.0,9818.0,9810.0,9818.0,400,0.0,0.0
2024-07-16 09:24:00+09:00,9826.0,9826.0,9825.0,9825.0,500,0.0,0.0
2024-07-16 09:25:00+09:00,9826.0,9832.0,9826.0,9832.0,200,0.0,0.0
2024-07-16 09:26:00+09:00,9832.0,9836.0,9832.0,9836.0,600,0.0,0.0
2024-07-16 09:27:00+09:00,9837.0,9850.0,9837.0,9850.0,4000,0.0,0.0
2024-07-16 09:28:00+09:00,9855.0,9855.0,9848.0,9854.0,800,0.0,0.0
2024-07-16 09:29:00+09:00,9851.0,9851.0,9833.0,9833.0,2500,0.0,0.0
2024-07-16 09:30:00+09:00,9841.0,9852.0,9841.0,9852.0,900,0.0,0.0
2024-07-16 09:31:00+09:00,9846.0,9854.0,9846.0,9854.0,400,0.0,0.0
2024-07-16 09:32:00+09:00,9860.0,9866.0,9860.0,9866.0,500,0.0,0.0
2024-07-16 09:33:00+09:00,9860.0,9860.0,9852.0,9852.0,1400,0.0,0.0
2024-07-16 09:34:00+09:00,9852.0,9852.0,9837.0,9837.0,1200,0.0,0.0
2024-07-16 09:35:00+09:00,9837.0,9837.0,9837.0,9837.0,100,0.0,0.0
2024-07-16 09:36:00+09:00,9834.0,9834.0,9834.0,9834.0,100,0.0,0.0
2024-07-16 09:37:00+09:00,9834.0,9834.0,9831.0,9831.0,200,0.0,0.0
2024-07-16 09:38:00+09:00,9832.0,9840.0,9830.0,9830.0,2000,0.0,0.0
2024-07-16 09:39:00+09:00,9826.0,9828.0,9826.0,9828.0,400,0.0,0.0
2024-07-16 09:40:00+09:00,9824.0,9824.0,9811.0,9819.0,800,0.0,0.0
2024-07-16 09:41:00+09:00,9819.0,9819.0,9808.0,9808.0,500,0.0,0.0
2024-07-16 09:43:00+09:00,9812.0,9816.0,9812.0,9816.0,800,0.0,0.0
2024-07-16 09:44:00+09:00,9822.0,9822.0,9822.0,9822.0,100,0.0,0.0
2024-07-16 09:45:00+09:00,9824.0,9824.0,9820.0,9820.0,400,0.0,0.0
2024-07-16 09:46:00+09:00,9819.0,9819.0,9808.0,9808.0,1200,0.0,0.0
2024-07-16 09:48:00+09:00,9811.0,9813.0,9811.0,9813.0,200,0.0,0.0
2024-07-16 09:49:00+09:00,9809.0,9813.0,9809.0,9813.0,600,0.0,0.0
2024-07-16 09:50:00+09:00,9814.0,9814.0,9814.0,9814.0,100,0.0,0.0
2024-07-16 09:51:00+09:00,9815.0,9819.0,9815.0,9819.0,400,0.0,0.0
2024-07-16 09:52:00+09:00,9824.0,9827.0,9819.0,9822.0,1100,0.0,0.0
2024-07-16 09:53:00+09:00,9828.0,9828.0,9828.0,9828.0,100,0.0,0.0
2024-07-16 09:54:00+09:00,9830.0,9830.0,9827.0,9827.0,300,0.0,0.0
2024-07-16 09:55:00+09:00,9824.0,9833.0,9824.0,9833.0,400,0.0,0.0
2024-07-16 09:56:00+09:00,9838.0,9841.0,9838.0,9841.0,300,0.0,0.0
2024-07-16 09:57:00+09:00,9834.0,9843.0,9834.0,9843.0,300,0.0,0.0
2024-07-16 09:58:00+09:00,9841.0,9841.0,9832.0,9832.0,3200,0.0,0.0
2024-07-16 09:59:00+09:00,9836.0,9850.0,9836.0,9850.0,1500,0.0,0.0
2024-07-16 10:00:00+09:00,9855.0,9856.0,9851.0,9853.0,1600,0.0,0.0
2024-07-16 10:01:00+09:00,9850.0,9851.0,9843.0,9843.0,1000,0.0,0.0
2024-07-16 10:02:00+09:00,9839.0,9841.0,9838.0,9841.0,300,0.0,0.0
2024-07-16 10:03:00+09:00,9836.0,9836.0,9836.0,9836.0,200,0.0,0.0
2024-07-16 10:04:00+09:00,9830.0,9830.0,9823.0,9823.0,500,0.0,0.0
2024-07-16 10:05:00+09:00,9819.0,9819.0,9814.0,9814.0,300,0.0,0.0
2024-07-16 10:06:00+09:00,9819.0,9823.0,9815.0,9823.0,400,0.0,0.0
2024-07-16 10:07:00+09:00,9822.0,9822.0,9810.0,9810.0,1800,0.0,0.0
2024-07-16 10:08:00+09:00,9807.0,9807.0,9792.0,9792.0,800,0.0,0.0
2024-07-16 10:09:00+09:00,9803.0,9803.0,9803.0,9803.0,0,0.0,0.0
2024-07-16 10:11:00+09:00,9803.0,9803.0,9770.0,9774.0,91000,0.0,0.0
2024-07-16 10:12:00+09:00,9768.0,9782.0,9768.0,9782.0,1200,0.0,0.0
2024-07-16 10:13:00+09:00,9777.0,9780.0,9776.0,9780.0,300,0.0,0.0
2024-07-16 10:14:00+09:00,9782.0,9784.0,9782.0,9784.0,300,0.0,0.0
2024-07-16 10:15:00+09:00,9791.0,9791.0,9791.0,9791.0,100,0.0,0.0
2024-07-16 10:16:00+09:00,9791.0,9791.0,9783.0,9783.0,1600,0.0,0.0
2024-07-16 10:17:00+09:00,9780.0,9782.0,9775.0,9775.0,700,0.0,0.0
2024-07-16 10:18:00+09:00,9781.0,9785.0,9781.0,9785.0,700,0.0,0.0
2024-07-16 10:19:00+09:00,9795.0,9796.0,9795.0,9796.0,200,0.0,0.0
2024-07-16 10:20:00+09:00,9791.0,9799.0,9791.0,9794.0,400,0.0,0.0
2024-07-16 10:21:00+09:00,9798.0,9801.0,9797.0,9801.0,400,0.0,0.0
2024-07-16 10:22:00+09:00,9794.0,9800.0,9793.0,9800.0,2000,0.0,0.0
2024-07-16 10:23:00+09:00,9802.0,9803.0,9800.0,9802.0,500,0.0,0.0
2024-07-16 10:24:00+09:00,9804.0,9805.0,9804.0,9805.0,200,0.0,0.0
2024-07-16 10:25:00+09:00,9806.0,9806.0,9806.0,9806.0,100,0.0,0.0
2024-07-16 10:27:00+09:00,9803.0,9803.0,9803.0,9803.0,200,0.0,0.0
2024-07-16 10:30:00+09:00,9805.0,9815.0,9800.0,9815.0,3500,0.0,0.0
2024-07-16 10:32:00+09:00,9813.0,9813.0,9813.0,9813.0,100,0.0,0.0
2024-07-16 10:34:00+09:00,9814.0,9820.0,9814.0,9820.0,400,0.0,0.0
2024-07-16 10:35:00+09:00,9818.0,9820.0,9818.0,9819.0,400,0.0,0.0
2024-07-16 10:36:00+09:00,9812.0,9812.0,9812.0,9812.0,100,0.0,0.0
2024-07-16 10:39:00+09:00,9822.0,9822.0,9822.0,9822.0,100,0.0,0.0
2024-07-16 10:40:00+09:00,9823.0,9823.0,9823.0,9823.0,100,0.0,0.0
2024-07-16 10:41:00+09:00,9826.0,9826.0,9826.0,9826.0,100,0.0,0.0
2024-07-16 10:42:00+09:00,9830.0,9830.0,9820.0,9822.0,3100,0.0,0.0
2024-07-16 10:43:00+09:00,9823.0,9823.0,9823.0,9823.0,100,0.0,0.0
2024-07-16 10:45:00+09:00,9818.0,9818.0,9816.0,9816.0,1000,0.0,0.0
2024-07-16 10:46:00+09:00,9814.0,9814.0,9810.0,9810.0,500,0.0,0.0
2024-07-16 10:47:00+09:00,9810.0,9819.0,9810.0,9819.0,1100,0.0,0.0
2024-07-16 10:54:00+09:00,9815.0,9815.0,9810.0,9810.0,1300,0.0,0.0
2024-07-16 10:55:00+09:00,9812.0,9812.0,9800.0,9800.0,900,0.0,0.0
2024-07-16 10:56:00+09:00,9800.0,9800.0,9798.0,9800.0,1000,0.0,0.0
2024-07-16 10:58:00+09:00,9803.0,9803.0,9803.0,9803.0,100,0.0,0.0
2024-07-16 11:03:00+09:00,9805.0,9811.0,9804.0,9811.0,1200,0.0,0.0
2024-07-16 11:06:00+09:00,9815.0,9815.0,9815.0,9815.0,100,0.0,0.0
2024-07-16 11:07:00+09:00,9819.0,9823.0,9819.0,9823.0,300,0.0,0.0
2024-07-16 11:08:00+09:00,9829.0,9829.0,9829.0,9829.0,200,0.0,0.0
2024-07-16 11:09:00+09:00,9823.0,9827.0,9820.0,9827.0,2200,0.0,0.0
2024-07-16 11:11:00+09:00,9824.0,9830.0,9821.0,9827.0,1300,0.0,0.0
2024-07-16 11:12:00+09:00,9826.0,9829.0,9826.0,9829.0,600,0.0,0.0
2024-07-16 11:16:00+09:00,9824.0,9824.0,9823.0,9823.0,900,0.0,0.0
2024-07-16 11:17:00+09:00,9825.0,9826.0,9823.0,9826.0,1100,0.0,0.0
2024-07-16 11:18:00+09:00,9829.0,9832.0,9829.0,9829.0,1600,0.0,0.0
2024-07-16 11:19:00+09:00,9828.0,9828.0,9819.0,9822.0,1900,0.0,0.0
2024-07-16 11:22:00+09:00,9825.0,9825.0,9825.0,9825.0,100,0.0,0.0
2024-07-16 11:25:00+09:00,9825.0,9826.0,9825.0,9826.0,300,0.0,0.0
2024-07-16 11:29:00+09:00,9835.0,9835.0,9831.0,9831.0,600,0.0,0.0
2024-07-16 11:30:00+09:00,9831.0,9831.0,9831.0,9831.0,500,0.0,0.0
2024-07-16 11:35:00+09:00,9831.0,9831.0,9831.0,9831.0,0,0.0,0.0
2024-07-16 12:30:00+09:00,9826.0,9826.0,9800.0,9811.0,133400,0.0,0.0
2024-07-16 12:31:00+09:00,9809.0,9809.0,9793.0,9793.0,1000,0.0,0.0
2024-07-16 12:32:00+09:00,9791.0,9791.0,9780.0,9780.0,1200,0.0,0.0
2024-07-16 12:33:00+09:00,9784.0,9784.0,9784.0,9784.0,0,0.0,0.0
2024-07-16 12:34:00+09:00,9784.0,9789.0,9784.0,9789.0,137600,0.0,0.0
2024-07-16 12:36:00+09:00,9807.0,9807.0,9807.0,9807.0,900,0.0,0.0
2024-07-16 12:37:00+09:00,9801.0,9805.0,9798.0,9805.0,2600,0.0,0.0
2024-07-16 12:38:00+09:00,9808.0,9809.0,9808.0,9809.0,300,0.0,0.0
2024-07-16 12:39:00+09:00,9810.0,9810.0,9810.0,9810.0,100,0.0,0.0
2024-07-16 12:40:00+09:00,9810.0,9810.0,9810.0,9810.0,700,0.0,0.0
2024-07-16 12:41:00+09:00,9808.0,9808.0,9799.0,9799.0,1200,0.0,0.0
2024-07-16 12:43:00+09:00,9802.0,9805.0,9798.0,9798.0,800,0.0,0.0
2024-07-16 12:44:00+09:00,9800.0,9800.0,9797.0,9797.0,200,0.0,0.0
2024-07-16 12:45:00+09:00,9799.0,9803.0,9799.0,9803.0,700,0.0,0.0
2024-07-16 12:46:00+09:00,9803.0,9804.0,9803.0,9804.0,400,0.0,0.0
2024-07-16 12:50:00+09:00,9807.0,9808.0,9807.0,9808.0,400,0.0,0.0
2024-07-16 12:51:00+09:00,9805.0,9810.0,9800.0,9810.0,2300,0.0,0.0
2024-07-16 12:52:00+09:00,9809.0,9809.0,9809.0,9809.0,200,0.0,0.0
2024-07-16 12:55:00+09:00,9809.0,9809.0,9804.0,9804.0,1500,0.0,0.0
2024-07-16 12:56:00+09:00,9805.0,9806.0,9802.0,9802.0,800,0.0,0.0
2024-07-16 12:57:00+09:00,9801.0,9801.0,9800.0,9800.0,400,0.0,0.0
2024-07-16 12:58:00+09:00,9799.0,9799.0,9798.0,9798.0,300,0.0,0.0
2024-07-16 12:59:00+09:00,9797.0,9797.0,9797.0,9797.0,100,0.0,0.0
2024-07-16 13:00:00+09:00,9798.0,9799.0,9786.0,9786.0,1800,0.0,0.0
2024-07-16 13:03:00+09:00,9785.0,9785.0,9785.0,9785.0,100,0.0,0.0
2024-07-16 13:04:00+09:00,9785.0,9790.0,9785.0,9789.0,900,0.0,0.0
2024-07-16 13:06:00+09:00,9785.0,9785.0,9785.0,9785.0,100,0.0,0.0
2024-07-16 13:07:00+09:00,9785.0,9787.0,9782.0,9785.0,1900,0.0,0.0
2024-07-16 13:08:00+09:00,9781.0,9781.0,9781.0,9781.0,100,0.0,0.0
2024-07-16 13:09:00+09:00,9781.0,9781.0,9781.0,9781.0,200,0.0,0.0
2024-07-16 13:10:00+09:00,9781.0,9781.0,9781.0,9781.0,100,0.0,0.0
2024-07-16 13:12:00+09:00,9781.0,9781.0,9770.0,9778.0,3400,0.0,0.0
2024-07-16 13:13:00+09:00,9780.0,9781.0,9780.0,9781.0,600,0.0,0.0
2024-07-16 13:15:00+09:00,9778.0,9783.0,9778.0,9783.0,300,0.0,0.0
2024-07-16 13:16:00+09:00,9780.0,9780.0,9780.0,9780.0,400,0.0,0.0
2024-07-16 13:17:00+09:00,9778.0,9778.0,9777.0,9777.0,400,0.0,0.0
2024-07-16 13:18:00+09:00,9776.0,9779.0,9776.0,9776.0,700,0.0,0.0
2024-07-16 13:19:00+09:00,9777.0,9779.0,9777.0,9779.0,300,0.0,0.0
2024-07-16 13:20:00+09:00,9778.0,9787.0,9778.0,9786.0,1300,0.0,0.0
2024-07-16 13:21:00+09:00,9786.0,9789.0,9786.0,9789.0,1800,0.0,0.0
2024-07-16 13:22:00+09:00,9785.0,9787.0,9784.0,9787.0,1300,0.0,0.0
2024-07-16 13:23:00+09:00,9782.0,9782.0,9782.0,9782.0,200,0.0,0.0
2024-07-16 13:24:00+09:00,9784.0,9787.0,9784.0,9787.0,200,0.0,0.0
2024-07-16 13:25:00+09:00,9787.0,9788.0,9787.0,9788.0,900,0.0,0.0
2024-07-16 13:26:00+09:00,9785.0,9785.0,9782.0,9782.0,800,0.0,0.0
2024-07-16 13:27:00+09:00,9781.0,9781.0,9781.0,9781.0,300,0.0,0.0
2024-07-16 13:28:00+09:00,9783.0,9784.0,9779.0,9781.0,1600,0.0,0.0
2024-07-16 13:29:00+09:00,9778.0,9778.0,9778.0,9778.0,100,0.0,0.0
2024-07-16 13:30:00+09:00,9782.0,9782.0,9773.0,9773.0,1800,0.0,0.0
2024-07-16 13:31:00+09:00,9774.0,9774.0,9774.0,9774.0,200,0.0,0.0
2024-07-16 13:32:00+09:00,9772.0,9772.0,9772.0,9772.0,100,0.0,0.0
2024-07-16 13:33:00+09:00,9772.0,9772.0,9764.0,9764.0,2200,0.0,0.0
2024-07-16 13:34:00+09:00,9764.0,9765.0,9761.0,9761.0,1100,0.0,0.0
2024-07-16 13:35:00+09:00,9760.0,9762.0,9759.0,9762.0,2200,0.0,0.0
2024-07-16 13:36:00+09:00,9763.0,9766.0,9763.0,9764.0,800,0.0,0.0
2024-07-16 13:38:00+09:00,9762.0,9770.0,9762.0,9770.0,2200,0.0,0.0
2024-07-16 13:39:00+09:00,9766.0,9766.0,9759.0,9759.0,2600,0.0,0.0
2024-07-16 13:40:00+09:00,9761.0,9769.0,9761.0,9769.0,1400,0.0,0.0
2024-07-16 13:41:00+09:00,9774.0,9775.0,9774.0,9774.0,600,0.0,0.0
2024-07-16 13:42:00+09:00,9772.0,9774.0,9772.0,9772.0,1000,0.0,0.0
2024-07-16 13:44:00+09:00,9771.0,9775.0,9770.0,9770.0,1500,0.0,0.0
2024-07-16 13:45:00+09:00,9772.0,9772.0,9770.0,9770.0,400,0.0,0.0
2024-07-16 13:46:00+09:00,9771.0,9773.0,9771.0,9773.0,1300,0.0,0.0
2024-07-16 13:48:00+09:00,9770.0,9770.0,9770.0,9770.0,200,0.0,0.0
2024-07-16 13:50:00+09:00,9773.0,9774.0,9773.0,9774.0,700,0.0,0.0
2024-07-16 13:51:00+09:00,9772.0,9780.0,9766.0,9780.0,2900,0.0,0.0
2024-07-16 13:53:00+09:00,9777.0,9781.0,9777.0,9781.0,500,0.0,0.0
2024-07-16 13:54:00+09:00,9778.0,9778.0,9778.0,9778.0,100,0.0,0.0
2024-07-16 13:55:00+09:00,9778.0,9780.0,9774.0,9774.0,1300,0.0,0.0
2024-07-16 13:56:00+09:00,9775.0,9775.0,9775.0,9775.0,0,0.0,0.0
2024-07-16 13:58:00+09:00,9774.0,9774.0,9774.0,9774.0,198700,0.0,0.0
2024-07-16 13:59:00+09:00,9772.0,9772.0,9770.0,9770.0,300,0.0,0.0
2024-07-16 14:00:00+09:00,9770.0,9770.0,9765.0,9768.0,1600,0.0,0.0
2024-07-16 14:01:00+09:00,9765.0,9768.0,9760.0,9760.0,1200,0.0,0.0
2024-07-16 14:02:00+09:00,9761.0,9761.0,9760.0,9760.0,200,0.0,0.0
2024-07-16 14:03:00+09:00,9760.0,9762.0,9757.0,9757.0,2700,0.0,0.0
2024-07-16 14:04:00+09:00,9760.0,9760.0,9757.0,9757.0,500,0.0,0.0
2024-07-16 14:05:00+09:00,9757.0,9762.0,9756.0,9756.0,2300,0.0,0.0
2024-07-16 14:06:00+09:00,9756.0,9756.0,9753.0,9753.0,1200,0.0,0.0
2024-07-16 14:07:00+09:00,9757.0,9764.0,9755.0,9764.0,2700,0.0,0.0
2024-07-16 14:08:00+09:00,9764.0,9768.0,9764.0,9768.0,1400,0.0,0.0
2024-07-16 14:09:00+09:00,9767.0,9768.0,9765.0,9765.0,500,0.0,0.0
2024-07-16 14:10:00+09:00,9765.0,9771.0,9765.0,9767.0,1600,0.0,0.0
2024-07-16 14:11:00+09:00,9767.0,9770.0,9766.0,9770.0,900,0.0,0.0
2024-07-16 14:13:00+09:00,9765.0,9768.0,9761.0,9761.0,2000,0.0,0.0
2024-07-16 14:14:00+09:00,9762.0,9764.0,9761.0,9763.0,1200,0.0,0.0
2024-07-16 14:15:00+09:00,9764.0,9764.0,9761.0,9762.0,800,0.0,0.0
2024-07-16 14:16:00+09:00,9761.0,9761.0,9758.0,9758.0,600,0.0,0.0
2024-07-16 14:17:00+09:00,9757.0,9759.0,9757.0,9759.0,1600,0.0,0.0
2024-07-16 14:18:00+09:00,9759.0,9760.0,9757.0,9759.0,800,0.0,0.0
2024-07-16 14:19:00+09:00,9757.0,9760.0,9757.0,9757.0,1000,0.0,0.0
2024-07-16 14:20:00+09:00,9759.0,9760.0,9757.0,9757.0,600,0.0,0.0
2024-07-16 14:21:00+09:00,9756.0,9759.0,9755.0,9759.0,2200,0.0,0.0
2024-07-16 14:22:00+09:00,9758.0,9760.0,9755.0,9760.0,1900,0.0,0.0
2024-07-16 14:23:00+09:00,9759.0,9759.0,9757.0,9757.0,300,0.0,0.0
2024-07-16 14:24:00+09:00,9758.0,9761.0,9758.0,9761.0,1600,0.0,0.0
2024-07-16 14:25:00+09:00,9763.0,9767.0,9763.0,9763.0,1400,0.0,0.0
2024-07-16 14:26:00+09:00,9765.0,9766.0,9762.0,9762.0,1300,0.0,0.0
2024-07-16 14:27:00+09:00,9761.0,9763.0,9761.0,9761.0,900,0.0,0.0
2024-07-16 14:28:00+09:00,9762.0,9763.0,9760.0,9760.0,1900,0.0,0.0
2024-07-16 14:29:00+09:00,9759.0,9763.0,9759.0,9761.0,1200,0.0,0.0
2024-07-16 14:30:00+09:00,9763.0,9766.0,9763.0,9766.0,800,0.0,0.0
2024-07-16 14:31:00+09:00,9763.0,9765.0,9763.0,9765.0,600,0.0,0.0
2024-07-16 14:32:00+09:00,9765.0,9777.0,9765.0,9772.0,3500,0.0,0.0
2024-07-16 14:33:00+09:00,9774.0,9776.0,9772.0,9773.0,1300,0.0,0.0
2024-07-16 14:34:00+09:00,9772.0,9774.0,9769.0,9769.0,1800,0.0,0.0
2024-07-16 14:35:00+09:00,9769.0,9771.0,9768.0,9768.0,2000,0.0,0.0
2024-07-16 14:36:00+09:00,9768.0,9771.0,9767.0,9767.0,1600,0.0,0.0
2024-07-16 14:37:00+09:00,9767.0,9768.0,9765.0,9766.0,1000,0.0,0.0
2024-07-16 14:38:00+09:00,9764.0,9764.0,9761.0,9764.0,1300,0.0,0.0
2024-07-16 14:39:00+09:00,9766.0,9767.0,9766.0,9767.0,500,0.0,0.0
2024-07-16 14:40:00+09:00,9766.0,9769.0,9765.0,9765.0,2200,0.0,0.0
2024-07-16 14:41:00+09:00,9764.0,9765.0,9761.0,9761.0,1500,0.0,0.0
2024-07-16 14:42:00+09:00,9764.0,9765.0,9763.0,9764.0,600,0.0,0.0
2024-07-16 14:43:00+09:00,9765.0,9766.0,9763.0,9766.0,1700,0.0,0.0
2024-07-16 14:44:00+09:00,9767.0,9767.0,9759.0,9761.0,3000,0.0,0.0
2024-07-16 14:45:00+09:00,9761.0,9763.0,9758.0,9760.0,3200,0.0,0.0
2024-07-16 14:46:00+09:00,9761.0,9771.0,9761.0,9765.0,4700,0.0,0.0
2024-07-16 14:47:00+09:00,9767.0,9771.0,9765.0,9768.0,3000,0.0,0.0
2024-07-16 14:48:00+09:00,9768.0,9770.0,9767.0,9770.0,1400,0.0,0.0
2024-07-16 14:49:00+09:00,9768.0,9770.0,9767.0,9767.0,1900,0.0,0.0
2024-07-16 14:50:00+09:00,9767.0,9770.0,9766.0,9769.0,2600,0.0,0.0
2024-07-16 14:51:00+09:00,9767.0,9770.0,9766.0,9769.0,4500,0.0,0.0
2024-07-16 14:52:00+09:00,9770.0,9772.0,9767.0,9768.0,3800,0.0,0.0
2024-07-16 14:53:00+09:00,9768.0,9772.0,9768.0,9771.0,3700,0.0,0.0
2024-07-16 14:54:00+09:00,9771.0,9773.0,9768.0,9773.0,2200,0.0,0.0
2024-07-16 14:55:00+09:00,9773.0,9774.0,9768.0,9768.0,3200,0.0,0.0
2024-07-16 14:56:00+09:00,9771.0,9773.0,9768.0,9770.0,3300,0.0,0.0
2024-07-16 14:57:00+09:00,9770.0,9773.0,9769.0,9772.0,3600,0.0,0.0
2024-07-16 14:58:00+09:00,9773.0,9773.0,9771.0,9773.0,1700,0.0,0.0
2024-07-16 14:59:00+09:00,9757.0,9757.0,9730.0,9730.0,26500,0.0,0.0
2024-07-17 09:00:00+09:00,9718.0,9718.0,9679.0,9700.0,20100,0.0,0.0
2024-07-17 09:01:00+09:00,9684.0,9684.0,9677.0,9677.0,700,0.0,0.0
2024-07-17 09:02:00+09:00,9677.0,9702.0,9674.0,9692.0,2600,0.0,0.0
2024-07-17 09:03:00+09:00,9692.0,9692.0,9690.0,9690.0,400,0.0,0.0
2024-07-17 09:04:00+09:00,9698.0,9704.0,9698.0,9698.0,900,0.0,0.0
2024-07-17 09:05:00+09:00,9700.0,9704.0,9695.0,9701.0,1400,0.0,0.0
2024-07-17 09:06:00+09:00,9700.0,9704.0,9695.0,9704.0,1800,0.0,0.0
2024-07-17 09:07:00+09:00,9703.0,9705.0,9703.0,9705.0,700,0.0,0.0
2024-07-17 09:08:00+09:00,9698.0,9698.0,9688.0,9688.0,2100,0.0,0.0
2024-07-17 09:09:00+09:00,9695.0,9702.0,9684.0,9702.0,800,0.0,0.0
2024-07-17 09:10:00+09:00,9706.0,9715.0,9696.0,9696.0,1800,0.0,0.0
2024-07-17 09:11:00+09:00,9703.0,9703.0,9696.0,9696.0,400,0.0,0.0
2024-07-17 09:12:00+09:00,9701.0,9701.0,9699.0,9699.0,600,0.0,0.0
2024-07-17 09:13:00+09:00,9699.0,9717.0,9699.0,9706.0,1900,0.0,0.0
2024-07-17 09:14:00+09:00,9706.0,9710.0,9693.0,9710.0,2600,0.0,0.0
2024-07-17 09:15:00+09:00,9701.0,9701.0,9693.0,9693.0,700,0.0,0.0
2024-07-17 09:16:00+09:00,9695.0,9695.0,9694.0,9694.0,600,0.0,0.0
2024-07-17 09:17:00+09:00,9691.0,9691.0,9685.0,9685.0,600,0.0,0.0
2024-07-17 09:18:00+09:00,9690.0,9690.0,9688.0,9688.0,500,0.0,0.0
2024-07-17 09:19:00+09:00,9686.0,9688.0,9684.0,9685.0,1500,0.0,0.0
2024-07-17 09:20:00+09:00,9691.0,9695.0,9691.0,9695.0,300,0.0,0.0
2024-07-17 09:21:00+09:00,9690.0,9690.0,9690.0,9690.0,100,0.0,0.0
2024-07-17 09:22:00+09:00,9694.0,9703.0,9694.0,9703.0,700,0.0,0.0
2024-07-17 09:23:00+09:00,9703.0,9703.0,9699.0,9699.0,700,0.0,0.0
2024-07-17 09:24:00+09:00,9698.0,9700.0,9690.0,9690.0,1800,0.0,0.0
2024-07-17 09:25:00+09:00,9686.0,9687.0,9673.0,9673.0,2800,0.0,0.0
2024-07-17 09:26:00+09:00,9672.0,9672.0,9668.0,9668.0,1100,0.0,0.0
2024-07-17 09:27:00+09:00,9667.0,9674.0,9667.0,9667.0,1600,0.0,0.0
2024-07-17 09:28:00+09:00,9668.0,9668.0,9664.0,9664.0,2300,0.0,0.0
2024-07-17 09:29:00+09:00,9668.0,9673.0,9665.0,9673.0,1500,0.0,0.0
2024-07-17 09:30:00+09:00,9667.0,9667.0,9657.0,9657.0,1300,0.0,0.0
2024-07-17 09:31:00+09:00,9660.0,9660.0,9645.0,9645.0,3500,0.0,0.0
2024-07-17 09:32:00+09:00,9650.0,9656.0,9649.0,9655.0,1400,0.0,0.0
2024-07-17 09:33:00+09:00,9657.0,9657.0,9657.0,9657.0,200,0.0,0.0
2024-07-17 09:34:00+09:00,9657.0,9657.0,9657.0,9657.0,100,0.0,0.0
2024-07-17 09:35:00+09:00,9653.0,9662.0,9653.0,9654.0,2200,0.0,0.0
2024-07-17 09:36:00+09:00,9653.0,9653.0,9650.0,9650.0,300,0.0,0.0
2024-07-17 09:37:00+09:00,9648.0,9652.0,9636.0,9636.0,2700,0.0,0.0
2024-07-17 09:38:00+09:00,9634.0,9637.0,9629.0,9629.0,1400,0.0,0.0
2024-07-17 09:39:00+09:00,9636.0,9636.0,9632.0,9632.0,900,0.0,0.0
2024-07-17 09:40:00+09:00,9628.0,9632.0,9627.0,9627.0,800,0.0,0.0
2024-07-17 09:41:00+09:00,9630.0,9630.0,9625.0,9625.0,600,0.0,0.0
2024-07-17 09:42:00+09:00,9629.0,9637.0,9629.0,9637.0,600,0.0,0.0
2024-07-17 09:43:00+09:00,9631.0,9631.0,9630.0,9630.0,500,0.0,0.0
2024-07-17 09:44:00+09:00,9634.0,9640.0,9632.0,9640.0,1100,0.0,0.0
2024-07-17 09:45:00+09:00,9638.0,9638.0,9638.0,9638.0,200,0.0,0.0
2024-07-17 09:46:00+09:00,9639.0,9644.0,9639.0,9644.0,600,0.0,0.0
2024-07-17 09:47:00+09:00,9643.0,9645.0,9642.0,9645.0,700,0.0,0.0
2024-07-17 09:48:00+09:00,9647.0,9649.0,9647.0,9649.0,600,0.0,0.0
2024-07-17 09:49:00+09:00,9646.0,9646.0,9645.0,9645.0,300,0.0,0.0
2024-07-17 09:50:00+09:00,9648.0,9651.0,9648.0,9651.0,600,0.0,0.0
2024-07-17 09:51:00+09:00,9650.0,9651.0,9650.0,9651.0,300,0.0,0.0
2024-07-17 09:52:00+09:00,9646.0,9646.0,9630.0,9630.0,2700,0.0,0.0
2024-07-17 09:53:00+09:00,9633.0,9633.0,9625.0,9625.0,1600,0.0,0.0
2024-07-17 09:54:00+09:00,9624.0,9624.0,9621.0,9621.0,400,0.0,0.0
2024-07-17 09:55:00+09:00,9621.0,9621.0,9618.0,9621.0,3400,0.0,0.0
2024-07-17 09:56:00+09:00,9620.0,9629.0,9620.0,9629.0,1100,0.0,0.0
2024-07-17 09:57:00+09:00,9629.0,9630.0,9629.0,9630.0,200,0.0,0.0
2024-07-17 09:58:00+09:00,9633.0,9636.0,9633.0,9636.0,400,0.0,0.0
2024-07-17 09:59:00+09:00,9636.0,9643.0,9636.0,9643.0,800,0.0,0.0
2024-07-17 10:01:00+09:00,9637.0,9645.0,9637.0,9645.0,700,0.0,0.0
2024-07-17 10:03:00+09:00,9635.0,9635.0,9635.0,9635.0,2300,0.0,0.0
2024-07-17 10:04:00+09:00,9636.0,9636.0,9632.0,9632.0,200,0.0,0.0
2024-07-17 10:05:00+09:00,9634.0,9634.0,9632.0,9632.0,900,0.0,0.0
2024-07-17 10:06:00+09:00,9628.0,9628.0,9628.0,9628.0,200,0.0,0.0
2024-07-17 10:07:00+09:00,9628.0,9628.0,9628.0,9628.0,200,0.0,0.0
2024-07-17 10:08:00+09:00,9629.0,9629.0,9629.0,9629.0,0,0.0,0.0
2024-07-17 10:09:00+09:00,9632.0,9634.0,9632.0,9634.0,92700,0.0,0.0
2024-07-17 10:10:00+09:00,9639.0,9639.0,9639.0,9639.0,400,0.0,0.0
2024-07-17 10:11:00+09:00,9639.0,9647.0,9635.0,9644.0,1300,0.0,0.0
2024-07-17 10:13:00+09:00,9648.0,9667.0,9648.0,9667.0,2100,0.0,0.0
2024-07-17 10:14:00+09:00,9667.0,9672.0,9667.0,9672.0,1900,0.0,0.0
2024-07-17 10:15:00+09:00,9672.0,9672.0,9672.0,9672.0,100,0.0,0.0
2024-07-17 10:16:00+09:00,9677.0,9677.0,9672.0,9672.0,600,0.0,0.0
2024-07-17 10:17:00+09:00,9672.0,9672.0,9668.0,9668.0,2400,0.0,0.0
2024-07-17 10:18:00+09:00,9663.0,9680.0,9663.0,9671.0,800,0.0,0.0
2024-07-17 10:19:00+09:00,9676.0,9679.0,9676.0,9679.0,300,0.0,0.0
2024-07-17 10:20:00+09:00,9673.0,9673.0,9673.0,9673.0,100,0.0,0.0
2024-07-17 10:21:00+09:00,9673.0,9673.0,9670.0,9671.0,1600,0.0,0.0
2024-07-17 10:22:00+09:00,9672.0,9672.0,9669.0,9669.0,1100,0.0,0.0
2024-07-17 10:23:00+09:00,9667.0,9667.0,9665.0,9665.0,200,0.0,0.0
2024-07-17 10:24:00+09:00,9666.0,9667.0,9660.0,9660.0,1500,0.0,0.0
2024-07-17 10:25:00+09:00,9659.0,9659.0,9659.0,9659.0,100,0.0,0.0
2024-07-17 10:26:00+09:00,9653.0,9653.0,9653.0,9653.0,100,0.0,0.0
2024-07-17 10:27:00+09:00,9650.0,9650.0,9650.0,9650.0,200,0.0,0.0
2024-07-17 10:28:00+09:00,9649.0,9649.0,9644.0,9644.0,500,0.0,0.0
2024-07-17 10:30:00+09:00,9646.0,9650.0,9628.0,9630.0,3800,0.0,0.0
2024-07-17 10:32:00+09:00,9627.0,9627.0,9626.0,9626.0,300,0.0,0.0
2024-07-17 10:34:00+09:00,9626.0,9628.0,9626.0,9628.0,900,0.0,0.0
2024-07-17 10:35:00+09:00,9628.0,9628.0,9628.0,9628.0,100,0.0,0.0
2024-07-17 10:36:00+09:00,9630.0,9631.0,9630.0,9631.0,500,0.0,0.0
2024-07-17 10:37:00+09:00,9633.0,9634.0,9633.0,9634.0,300,0.0,0.0
2024-07-17 10:38:00+09:00,9637.0,9637.0,9637.0,9637.0,300,0.0,0.0
2024-07-17 10:39:00+09:00,9633.0,9635.0,9633.0,9635.0,300,0.0,0.0
2024-07-17 10:40:00+09:00,9636.0,9638.0,9636.0,9638.0,600,0.0,0.0
2024-07-17 10:41:00+09:00,9633.0,9633.0,9632.0,9632.0,1000,0.0,0.0
2024-07-17 10:42:00+09:00,9632.0,9634.0,9632.0,9634.0,800,0.0,0.0
2024-07-17 10:43:00+09:00,9636.0,9641.0,9636.0,9641.0,1000,0.0,0.0
2024-07-17 10:44:00+09:00,9642.0,9644.0,9642.0,9644.0,200,0.0,0.0
2024-07-17 10:45:00+09:00,9645.0,9650.0,9645.0,9648.0,1100,0.0,0.0
2024-07-17 10:46:00+09:00,9649.0,9649.0,9648.0,9649.0,1500,0.0,0.0
2024-07-17 10:47:00+09:00,9652.0,9655.0,9652.0,9655.0,700,0.0,0.0
2024-07-17 10:49:00+09:00,9648.0,9648.0,9646.0,9646.0,1100,0.0,0.0
2024-07-17 10:50:00+09:00,9645.0,9652.0,9645.0,9652.0,600,0.0,0.0
2024-07-17 10:51:00+09:00,9648.0,9648.0,9648.0,9648.0,0,0.0,0.0
2024-07-17 10:52:00+09:00,9648.0,9650.0,9648.0,9650.0,125200,0.0,0.0
2024-07-17 10:53:00+09:00,9646.0,9646.0,9646.0,9646.0,600,0.0,0.0
2024-07-17 10:54:00+09:00,9646.0,9653.0,9644.0,9653.0,2400,0.0,0.0
2024-07-17 10:55:00+09:00,9649.0,9649.0,9649.0,9649.0,100,0.0,0.0
2024-07-17 10:56:00+09:00,9645.0,9645.0,9645.0,9645.0,100,0.0,0.0
2024-07-17 10:57:00+09:00,9646.0,9648.0,9646.0,9646.0,500,0.0,0.0
2024-07-17 10:58:00+09:00,9648.0,9654.0,9647.0,9654.0,1500,0.0,0.0
2024-07-17 10:59:00+09:00,9655.0,9655.0,9655.0,9655.0,100,0.0,0.0
2024-07-17 11:02:00+09:00,9655.0,9658.0,9655.0,9658.0,1500,0.0,0.0
2024-07-17 11:03:00+09:00,9657.0,9665.0,9655.0,9655.0,5200,0.0,0.0
2024-07-17 11:04:00+09:00,9662.0,9664.0,9662.0,9664.0,500,0.0,0.0
2024-07-17 11:05:00+09:00,9665.0,9670.0,9664.0,9665.0,3400,0.0,0.0
2024-07-17 11:06:00+09:00,9665.0,9672.0,9665.0,9665.0,3900,0.0,0.0
2024-07-17 11:07:00+09:00,9665.0,9665.0,9651.0,9651.0,5100,0.0,0.0
2024-07-17 11:08:00+09:00,9657.0,9657.0,9657.0,9657.0,200,0.0,0.0
2024-07-17 11:09:00+09:00,9656.0,9660.0,9656.0,9660.0,800,0.0,0.0
2024-07-17 11:10:00+09:00,9655.0,9655.0,9651.0,9653.0,1200,0.0,0.0
2024-07-17 11:11:00+09:00,9651.0,9651.0,9646.0,9646.0,2200,0.0,0.0
2024-07-17 11:12:00+09:00,9646.0,9646.0,9646.0,9646.0,700,0.0,0.0
2024-07-17 11:13:00+09:00,9645.0,9645.0,9645.0,9645.0,100,0.0,0.0
2024-07-17 11:14:00+09:00,9644.0,9644.0,9642.0,9642.0,300,0.0,0.0
2024-07-17 11:15:00+09:00,9643.0,9648.0,9642.0,9647.0,1800,0.0,0.0
2024-07-17 11:16:00+09:00,9650.0,9650.0,9650.0,9650.0,100,0.0,0.0
2024-07-17 11:18:00+09:00,9645.0,9645.0,9645.0,9645.0,300,0.0,0.0
2024-07-17 11:19:00+09:00,9645.0,9673.0,9643.0,9665.0,5900,0.0,0.0
2024-07-17 11:20:00+09:00,9665.0,9670.0,9662.0,9665.0,2900,0.0,0.0
2024-07-17 11:21:00+09:00,9664.0,9664.0,9663.0,9663.0,300,0.0,0.0
2024-07-17 11:22:00+09:00,9662.0,9665.0,9662.0,9665.0,1800,0.0,0.0
2024-07-17 11:23:00+09:00,9661.0,9667.0,9661.0,9667.0,1500,0.0,0.0
2024-07-17 11:24:00+09:00,9663.0,9665.0,9663.0,9665.0,800,0.0,0.0
2024-07-17 11:25:00+09:00,9663.0,9667.0,9661.0,9667.0,2900,0.0,0.0
2024-07-17 11:26:00+09:00,9662.0,9662.0,9662.0,9662.0,100,0.0,0.0
2024-07-17 11:27:00+09:00,9662.0,9669.0,9662.0,9669.0,600,0.0,0.0
2024-07-17 11:28:00+09:00,9662.0,9667.0,9662.0,9662.0,500,0.0,0.0
2024-07-17 11:29:00+09:00,9661.0,9661.0,9661.0,9661.0,400,0.0,0.0
2024-07-17 11:30:00+09:00,9660.0,9660.0,9660.0,9660.0,800,0.0,0.0
2024-07-17 11:35:00+09:00,9660.0,9660.0,9660.0,9660.0,0,0.0,0.0
2024-07-17 12:30:00+09:00,9660.0,9664.0,9646.0,9653.0,193500,0.0,0.0
2024-07-17 12:31:00+09:00,9650.0,9650.0,9642.0,9642.0,1900,0.0,0.0
2024-07-17 12:32:00+09:00,9642.0,9642.0,9630.0,9630.0,3200,0.0,0.0
2024-07-17 12:33:00+09:00,9630.0,9638.0,9630.0,9638.0,3100,0.0,0.0
2024-07-17 12:34:00+09:00,9637.0,9637.0,9637.0,9637.0,100,0.0,0.0
2024-07-17 12:35:00+09:00,9634.0,9639.0,9634.0,9636.0,2300,0.0,0.0
2024-07-17 12:36:00+09:00,9637.0,9643.0,9637.0,9639.0,2000,0.0,0.0
2024-07-17 12:37:00+09:00,9643.0,9643.0,9643.0,9643.0,200,0.0,0.0
2024-07-17 12:38:00+09:00,9639.0,9639.0,9636.0,9638.0,1600,0.0,0.0
2024-07-17 12:39:00+09:00,9636.0,9639.0,9626.0,9626.0,5700,0.0,0.0
2024-07-17 12:40:00+09:00,9626.0,9635.0,9622.0,9635.0,3100,0.0,0.0
2024-07-17 12:41:00+09:00,9635.0,9635.0,9635.0,9635.0,200,0.0,0.0
2024-07-17 12:42:00+09:00,9633.0,9637.0,9633.0,9637.0,1300,0.0,0.0
2024-07-17 12:43:00+09:00,9638.0,9638.0,9633.0,9635.0,1300,0.0,0.0
2024-07-17 12:44:00+09:00,9631.0,9631.0,9627.0,9630.0,2000,0.0,0.0
2024-07-17 12:45:00+09:00,9629.0,9635.0,9626.0,9635.0,1700,0.0,0.0
2024-07-17 12:47:00+09:00,9634.0,9634.0,9628.0,9628.0,900,0.0,0.0
2024-07-17 12:48:00+09:00,9627.0,9628.0,9626.0,9627.0,1200,0.0,0.0
2024-07-17 12:49:00+09:00,9629.0,9630.0,9627.0,9630.0,900,0.0,0.0
2024-07-17 12:50:00+09:00,9630.0,9633.0,9630.0,9633.0,1500,0.0,0.0
2024-07-17 12:51:00+09:00,9632.0,9632.0,9630.0,9630.0,500,0.0,0.0
2024-07-17 12:52:00+09:00,9632.0,9632.0,9630.0,9630.0,400,0.0,0.0
2024-07-17 12:53:00+09:00,9630.0,9633.0,9629.0,9629.0,900,0.0,0.0
2024-07-17 12:54:00+09:00,9630.0,9631.0,9603.0,9603.0,17400,0.0,0.0
2024-07-17 12:55:00+09:00,9603.0,9612.0,9603.0,9612.0,2200,0.0,0.0
2024-07-17 12:56:00+09:00,9611.0,9617.0,9608.0,9617.0,1300,0.0,0.0
2024-07-17 12:57:00+09:00,9617.0,9617.0,9617.0,9617.0,100,0.0,0.0
2024-07-17 12:58:00+09:00,9613.0,9613.0,9613.0,9613.0,100,0.0,0.0
2024-07-17 12:59:00+09:00,9618.0,9628.0,9618.0,9628.0,2000,0.0,0.0
2024-07-17 13:00:00+09:00,9626.0,9628.0,9626.0,9628.0,700,0.0,0.0
2024-07-17 13:01:00+09:00,9630.0,9631.0,9630.0,9631.0,200,0.0,0.0
2024-07-17 13:02:00+09:00,9625.0,9631.0,9625.0,9631.0,700,0.0,0.0
2024-07-17 13:03:00+09:00,9632.0,9632.0,9632.0,9632.0,100,0.0,0.0
2024-07-17 13:04:00+09:00,9632.0,9640.0,9632.0,9640.0,900,0.0,0.0
2024-07-17 13:05:00+09:00,9640.0,9640.0,9636.0,9636.0,200,0.0,0.0
2024-07-17 13:06:00+09:00,9634.0,9634.0,9632.0,9632.0,1800,0.0,0.0
2024-07-17 13:07:00+09:00,9637.0,9639.0,9636.0,9639.0,1100,0.0,0.0
2024-07-17 13:09:00+09:00,9638.0,9644.0,9638.0,9644.0,1800,0.0,0.0
2024-07-17 13:11:00+09:00,9646.0,9647.0,9646.0,9646.0,1100,0.0,0.0
2024-07-17 13:12:00+09:00,9646.0,9646.0,9645.0,9645.0,900,0.0,0.0
2024-07-17 13:13:00+09:00,9647.0,9650.0,9647.0,9647.0,2000,0.0,0.0
2024-07-17 13:14:00+09:00,9647.0,9648.0,9646.0,9646.0,500,0.0,0.0
2024-07-17 13:15:00+09:00,9646.0,9646.0,9646.0,9646.0,100,0.0,0.0
2024-07-17 13:16:00+09:00,9646.0,9651.0,9645.0,9651.0,3700,0.0,0.0
2024-07-17 13:17:00+09:00,9651.0,9656.0,9651.0,9656.0,900,0.0,0.0
2024-07-17 13:18:00+09:00,9659.0,9664.0,9659.0,9664.0,900,0.0,0.0
2024-07-17 13:19:00+09:00,9665.0,9666.0,9665.0,9666.0,700,0.0,0.0
2024-07-17 13:20:00+09:00,9665.0,9665.0,9657.0,9665.0,4600,0.0,0.0
2024-07-17 13:21:00+09:00,9665.0,9665.0,9664.0,9665.0,3400,0.0,0.0
2024-07-17 13:22:00+09:00,9665.0,9665.0,9663.0,9665.0,2300,0.0,0.0
2024-07-17 13:23:00+09:00,9665.0,9665.0,9665.0,9665.0,500,0.0,0.0
2024-07-17 13:24:00+09:00,9665.0,9671.0,9665.0,9670.0,3600,0.0,0.0
2024-07-17 13:25:00+09:00,9671.0,9671.0,9665.0,9665.0,2600,0.0,0.0
2024-07-17 13:27:00+09:00,9665.0,9667.0,9656.0,9661.0,2600,0.0,0.0
2024-07-17 13:28:00+09:00,9662.0,9663.0,9661.0,9661.0,400,0.0,0.0
2024-07-17 13:29:00+09:00,9662.0,9665.0,9662.0,9664.0,1400,0.0,0.0
2024-07-17 13:30:00+09:00,9662.0,9664.0,9662.0,9664.0,400,0.0,0.0
2024-07-17 13:31:00+09:00,9664.0,9664.0,9664.0,9664.0,200,0.0,0.0
2024-07-17 13:32:00+09:00,9664.0,9665.0,9661.0,9663.0,1100,0.0,0.0
2024-07-17 13:33:00+09:00,9663.0,9664.0,9662.0,9662.0,500,0.0,0.0
2024-07-17 13:34:00+09:00,9663.0,9665.0,9660.0,9664.0,3400,0.0,0.0
2024-07-17 13:35:00+09:00,9665.0,9670.0,9662.0,9662.0,3400,0.0,0.0
2024-07-17 13:36:00+09:00,9660.0,9660.0,9658.0,9658.0,300,0.0,0.0
2024-07-17 13:37:00+09:00,9659.0,9661.0,9659.0,9661.0,700,0.0,0.0
2024-07-17 13:38:00+09:00,9658.0,9658.0,9646.0,9647.0,2800,0.0,0.0
2024-07-17 13:39:00+09:00,9647.0,9647.0,9643.0,9643.0,1100,0.0,0.0
2024-07-17 13:40:00+09:00,9643.0,9643.0,9639.0,9640.0,2200,0.0,0.0
2024-07-17 13:41:00+09:00,9641.0,9641.0,9641.0,9641.0,100,0.0,0.0
2024-07-17 13:42:00+09:00,9639.0,9639.0,9636.0,9637.0,700,0.0,0.0
2024-07-17 13:43:00+09:00,9636.0,9641.0,9636.0,9641.0,2200,0.0,0.0
2024-07-17 13:44:00+09:00,9639.0,9639.0,9631.0,9631.0,1200,0.0,0.0
2024-07-17 13:45:00+09:00,9631.0,9631.0,9628.0,9631.0,1700,0.0,0.0
2024-07-17 13:46:00+09:00,9629.0,9629.0,9626.0,9626.0,600,0.0,0.0
2024-07-17 13:47:00+09:00,9627.0,9632.0,9624.0,9632.0,3300,0.0,0.0
2024-07-17 13:48:00+09:00,9634.0,9636.0,9634.0,9636.0,800,0.0,0.0
2024-07-17 13:49:00+09:00,9634.0,9634.0,9632.0,9632.0,800,0.0,0.0
2024-07-17 13:50:00+09:00,9634.0,9634.0,9626.0,9626.0,1500,0.0,0.0
2024-07-17 13:51:00+09:00,9626.0,9629.0,9624.0,9624.0,1100,0.0,0.0
2024-07-17 13:52:00+09:00,9624.0,9630.0,9624.0,9630.0,1400,0.0,0.0
2024-07-17 13:53:00+09:00,9627.0,9627.0,9626.0,9626.0,400,0.0,0.0
2024-07-17 13:54:00+09:00,9625.0,9628.0,9625.0,9628.0,700,0.0,0.0
2024-07-17 13:55:00+09:00,9629.0,9629.0,9626.0,9626.0,900,0.0,0.0
2024-07-17 13:56:00+09:00,9625.0,9625.0,9620.0,9620.0,1500,0.0,0.0
2024-07-17 13:57:00+09:00,9618.0,9623.0,9616.0,9623.0,2900,0.0,0.0
2024-07-17 13:58:00+09:00,9622.0,9622.0,9622.0,9622.0,500,0.0,0.0
2024-07-17 13:59:00+09:00,9621.0,9623.0,9621.0,9623.0,1100,0.0,0.0
2024-07-17 14:00:00+09:00,9622.0,9623.0,9620.0,9620.0,1600,0.0,0.0
2024-07-17 14:01:00+09:00,9622.0,9630.0,9622.0,9630.0,1600,0.0,0.0
2024-07-17 14:02:00+09:00,9629.0,9640.0,9629.0,9640.0,1400,0.0,0.0
2024-07-17 14:04:00+09:00,9638.0,9644.0,9638.0,9643.0,2900,0.0,0.0
2024-07-17 14:05:00+09:00,9644.0,9654.0,9643.0,9654.0,1200,0.0,0.0
2024-07-17 14:06:00+09:00,9652.0,9652.0,9652.0,9652.0,200,0.0,0.0
2024-07-17 14:07:00+09:00,9649.0,9650.0,9648.0,9648.0,600,0.0,0.0
2024-07-17 14:08:00+09:00,9650.0,9650.0,9645.0,9649.0,1600,0.0,0.0
2024-07-17 14:09:00+09:00,9645.0,9645.0,9645.0,9645.0,200,0.0,0.0
2024-07-17 14:10:00+09:00,9644.0,9645.0,9644.0,9645.0,200,0.0,0.0
2024-07-17 14:11:00+09:00,9644.0,9644.0,9642.0,9642.0,2200,0.0,0.0
2024-07-17 14:12:00+09:00,9640.0,9646.0,9637.0,9644.0,2700,0.0,0.0
2024-07-17 14:13:00+09:00,9643.0,9643.0,9640.0,9640.0,1200,0.0,0.0
2024-07-17 14:14:00+09:00,9637.0,9639.0,9635.0,9639.0,1700,0.0,0.0
2024-07-17 14:15:00+09:00,9640.0,9642.0,9640.0,9642.0,800,0.0,0.0
2024-07-17 14:16:00+09:00,9644.0,9646.0,9643.0,9643.0,1500,0.0,0.0
2024-07-17 14:17:00+09:00,9645.0,9645.0,9642.0,9645.0,900,0.0,0.0
2024-07-17 14:18:00+09:00,9640.0,9643.0,9640.0,9641.0,1500,0.0,0.0
2024-07-17 14:19:00+09:00,9640.0,9642.0,9639.0,9640.0,1500,0.0,0.0
2024-07-17 14:20:00+09:00,9640.0,9640.0,9633.0,9633.0,800,0.0,0.0
2024-07-17 14:21:00+09:00,9632.0,9634.0,9631.0,9634.0,1200,0.0,0.0
2024-07-17 14:22:00+09:00,9633.0,9633.0,9632.0,9633.0,400,0.0,0.0
2024-07-17 14:23:00+09:00,9631.0,9634.0,9630.0,9630.0,1400,0.0,0.0
2024-07-17 14:24:00+09:00,9630.0,9631.0,9628.0,9628.0,1600,0.0,0.0
2024-07-17 14:25:00+09:00,9627.0,9628.0,9623.0,9623.0,1500,0.0,0.0
2024-07-17 14:26:00+09:00,9620.0,9620.0,9619.0,9619.0,800,0.0,0.0
2024-07-17 14:27:00+09:00,9619.0,9624.0,9619.0,9624.0,3700,0.0,0.0
2024-07-17 14:28:00+09:00,9621.0,9626.0,9621.0,9626.0,1500,0.0,0.0
2024-07-17 14:29:00+09:00,9627.0,9637.0,9626.0,9634.0,3800,0.0,0.0
2024-07-17 14:30:00+09:00,9635.0,9635.0,9630.0,9633.0,900,0.0,0.0
2024-07-17 14:31:00+09:00,9630.0,9630.0,9630.0,9630.0,400,0.0,0.0
2024-07-17 14:32:00+09:00,9630.0,9630.0,9630.0,9630.0,500,0.0,0.0
2024-07-17 14:33:00+09:00,9630.0,9630.0,9625.0,9630.0,1100,0.0,0.0
2024-07-17 14:34:00+09:00,9626.0,9626.0,9626.0,9626.0,400,0.0,0.0
2024-07-17 14:35:00+09:00,9625.0,9629.0,9625.0,9629.0,3300,0.0,0.0
2024-07-17 14:36:00+09:00,9630.0,9630.0,9626.0,9627.0,2400,0.0,0.0
2024-07-17 14:37:00+09:00,9627.0,9628.0,9627.0,9628.0,600,0.0,0.0
2024-07-17 14:38:00+09:00,9626.0,9627.0,9624.0,9624.0,1500,0.0,0.0
2024-07-17 14:39:00+09:00,9625.0,9633.0,9624.0,9632.0,4300,0.0,0.0
2024-07-17 14:40:00+09:00,9635.0,9639.0,9635.0,9639.0,1300,0.0,0.0
2024-07-17 14:41:00+09:00,9641.0,9655.0,9641.0,9655.0,1100,0.0,0.0
2024-07-17 14:42:00+09:00,9655.0,9660.0,9655.0,9656.0,700,0.0,0.0
2024-07-17 14:43:00+09:00,9657.0,9657.0,9657.0,9657.0,1100,0.0,0.0
2024-07-17 14:44:00+09:00,9658.0,9661.0,9658.0,9661.0,3100,0.0,0.0
2024-07-17 14:45:00+09:00,9658.0,9663.0,9658.0,9658.0,3700,0.0,0.0
2024-07-17 14:46:00+09:00,9661.0,9662.0,9658.0,9658.0,2900,0.0,0.0
2024-07-17 14:47:00+09:00,9657.0,9658.0,9654.0,9654.0,1700,0.0,0.0
2024-07-17 14:48:00+09:00,9655.0,9658.0,9653.0,9656.0,5800,0.0,0.0
2024-07-17 14:49:00+09:00,9656.0,9656.0,9648.0,9650.0,3300,0.0,0.0
2024-07-17 14:50:00+09:00,9650.0,9651.0,9646.0,9648.0,3000,0.0,0.0
2024-07-17 14:51:00+09:00,9646.0,9647.0,9643.0,9643.0,3500,0.0,0.0
2024-07-17 14:52:00+09:00,9642.0,9649.0,9642.0,9649.0,3900,0.0,0.0
2024-07-17 14:53:00+09:00,9645.0,9649.0,9643.0,9649.0,3200,0.0,0.0
2024-07-17 14:54:00+09:00,9649.0,9654.0,9648.0,9654.0,2400,0.0,0.0
2024-07-17 14:55:00+09:00,9655.0,9658.0,9653.0,9654.0,5800,0.0,0.0
2024-07-17 14:56:00+09:00,9655.0,9655.0,9651.0,9651.0,3800,0.0,0.0
2024-07-17 14:57:00+09:00,9653.0,9656.0,9650.0,9656.0,6000,0.0,0.0
2024-07-17 14:58:00+09:00,9656.0,9657.0,9654.0,9654.0,3500,0.0,0.0
2024-07-17 14:59:00+09:00,9654.0,9659.0,9640.0,9641.0,10300,0.0,0.0
2024-07-18 09:00:00+09:00,9531.0,9631.0,9531.0,9576.0,18000,0.0,0.0
2024-07-18 09:01:00+09:00,9580.0,9640.0,9580.0,9640.0,5700,0.0,0.0
2024-07-18 09:02:00+09:00,9641.0,9644.0,9622.0,9631.0,1200,0.0,0.0
2024-07-18 09:03:00+09:00,9636.0,9674.0,9636.0,9653.0,6200,0.0,0.0
2024-07-18 09:04:00+09:00,9678.0,9724.0,9677.0,9719.0,6900,0.0,0.0
2024-07-18 09:05:00+09:00,9714.0,9729.0,9714.0,9729.0,800,0.0,0.0
2024-07-18 09:06:00+09:00,9735.0,9747.0,9723.0,9747.0,6700,0.0,0.0
2024-07-18 09:07:00+09:00,9736.0,9736.0,9720.0,9720.0,3700,0.0,0.0
2024-07-18 09:08:00+09:00,9718.0,9722.0,9699.0,9700.0,5900,0.0,0.0
2024-07-18 09:09:00+09:00,9700.0,9715.0,9695.0,9695.0,3600,0.0,0.0
2024-07-18 09:10:00+09:00,9699.0,9700.0,9683.0,9691.0,2200,0.0,0.0
2024-07-18 09:12:00+09:00,9700.0,9701.0,9696.0,9700.0,6900,0.0,0.0
2024-07-18 09:13:00+09:00,9700.0,9716.0,9695.0,9701.0,4700,0.0,0.0
2024-07-18 09:14:00+09:00,9700.0,9718.0,9698.0,9700.0,7300,0.0,0.0
2024-07-18 09:15:00+09:00,9700.0,9700.0,9696.0,9700.0,2100,0.0,0.0
2024-07-18 09:16:00+09:00,9700.0,9707.0,9700.0,9700.0,1700,0.0,0.0
2024-07-18 09:17:00+09:00,9700.0,9712.0,9693.0,9697.0,9500,0.0,0.0
2024-07-18 09:18:00+09:00,9699.0,9710.0,9698.0,9700.0,3300,0.0,0.0
2024-07-18 09:19:00+09:00,9698.0,9701.0,9694.0,9700.0,1400,0.0,0.0
2024-07-18 09:20:00+09:00,9696.0,9716.0,9692.0,9700.0,11600,0.0,0.0
2024-07-18 09:21:00+09:00,9700.0,9700.0,9697.0,9700.0,2300,0.0,0.0
2024-07-18 09:22:00+09:00,9700.0,9713.0,9698.0,9700.0,4400,0.0,0.0
2024-07-18 09:23:00+09:00,9697.0,9701.0,9692.0,9700.0,5100,0.0,0.0
2024-07-18 09:24:00+09:00,9700.0,9705.0,9698.0,9700.0,4700,0.0,0.0
2024-07-18 09:25:00+09:00,9700.0,9700.0,9688.0,9688.0,2000,0.0,0.0
2024-07-18 09:26:00+09:00,9682.0,9687.0,9674.0,9687.0,1300,0.0,0.0
2024-07-18 09:27:00+09:00,9695.0,9700.0,9693.0,9693.0,1700,0.0,0.0
2024-07-18 09:28:00+09:00,9700.0,9703.0,9699.0,9699.0,1100,0.0,0.0
2024-07-18 09:29:00+09:00,9700.0,9700.0,9693.0,9693.0,900,0.0,0.0
2024-07-18 09:30:00+09:00,9692.0,9700.0,9688.0,9700.0,2200,0.0,0.0
2024-07-18 09:31:00+09:00,9700.0,9700.0,9700.0,9700.0,700,0.0,0.0
2024-07-18 09:32:00+09:00,9700.0,9712.0,9697.0,9697.0,4900,0.0,0.0
2024-07-18 09:33:00+09:00,9697.0,9700.0,9697.0,9700.0,400,0.0,0.0
2024-07-18 09:34:00+09:00,9700.0,9712.0,9699.0,9707.0,5200,0.0,0.0
2024-07-18 09:35:00+09:00,9708.0,9739.0,9701.0,9739.0,6700,0.0,0.0
2024-07-18 09:36:00+09:00,9736.0,9751.0,9735.0,9751.0,1800,0.0,0.0
2024-07-18 09:37:00+09:00,9750.0,9751.0,9745.0,9745.0,300,0.0,0.0
2024-07-18 09:38:00+09:00,9743.0,9745.0,9742.0,9742.0,900,0.0,0.0
2024-07-18 09:39:00+09:00,9743.0,9745.0,9736.0,9736.0,3400,0.0,0.0
2024-07-18 09:41:00+09:00,9745.0,9745.0,9745.0,9745.0,100,0.0,0.0
2024-07-18 09:42:00+09:00,9744.0,9756.0,9744.0,9752.0,2400,0.0,0.0
2024-07-18 09:43:00+09:00,9751.0,9751.0,9744.0,9746.0,1100,0.0,0.0
2024-07-18 09:44:00+09:00,9749.0,9749.0,9749.0,9749.0,100,0.0,0.0
2024-07-18 09:45:00+09:00,9748.0,9748.0,9727.0,9738.0,9500,0.0,0.0
2024-07-18 09:46:00+09:00,9740.0,9750.0,9740.0,9750.0,900,0.0,0.0
2024-07-18 09:47:00+09:00,9749.0,9749.0,9749.0,9749.0,1100,0.0,0.0
2024-07-18 09:48:00+09:00,9752.0,9752.0,9737.0,9737.0,2100,0.0,0.0
2024-07-18 09:49:00+09:00,9750.0,9752.0,9750.0,9752.0,300,0.0,0.0
2024-07-18 09:50:00+09:00,9745.0,9760.0,9744.0,9760.0,2100,0.0,0.0
2024-07-18 09:51:00+09:00,9758.0,9764.0,9756.0,9764.0,1500,0.0,0.0
2024-07-18 09:52:00+09:00,9765.0,9769.0,9762.0,9763.0,700,0.0,0.0
2024-07-18 09:53:00+09:00,9762.0,9768.0,9762.0,9768.0,300,0.0,0.0
2024-07-18 09:54:00+09:00,9769.0,9773.0,9768.0,9768.0,2000,0.0,0.0
2024-07-18 09:55:00+09:00,9777.0,9790.0,9777.0,9790.0,1900,0.0,0.0
2024-07-18 09:56:00+09:00,9794.0,9795.0,9794.0,9795.0,500,0.0,0.0
2024-07-18 09:57:00+09:00,9794.0,9794.0,9794.0,9794.0,800,0.0,0.0
2024-07-18 09:58:00+09:00,9800.0,9800.0,9800.0,9800.0,6900,0.0,0.0
2024-07-18 09:59:00+09:00,9799.0,9799.0,9795.0,9796.0,1100,0.0,0.0
2024-07-18 10:00:00+09:00,9800.0,9826.0,9800.0,9825.0,6700,0.0,0.0
2024-07-18 10:01:00+09:00,9825.0,9825.0,9817.0,9817.0,300,0.0,0.0
2024-07-18 10:02:00+09:00,9821.0,9825.0,9818.0,9825.0,900,0.0,0.0
2024-07-18 10:03:00+09:00,9827.0,9834.0,9827.0,9834.0,600,0.0,0.0
2024-07-18 10:04:00+09:00,9835.0,9847.0,9835.0,9847.0,2000,0.0,0.0
2024-07-18 10:05:00+09:00,9847.0,9849.0,9838.0,9843.0,3600,0.0,0.0
2024-07-18 10:06:00+09:00,9840.0,9840.0,9839.0,9839.0,600,0.0,0.0
2024-07-18 10:07:00+09:00,9838.0,9842.0,9833.0,9833.0,2000,0.0,0.0
2024-07-18 10:08:00+09:00,9833.0,9835.0,9833.0,9835.0,500,0.0,0.0
2024-07-18 10:09:00+09:00,9836.0,9836.0,9833.0,9833.0,500,0.0,0.0
2024-07-18 10:10:00+09:00,9836.0,9840.0,9830.0,9830.0,2800,0.0,0.0
2024-07-18 10:11:00+09:00,9830.0,9837.0,9826.0,9831.0,900,0.0,0.0
2024-07-18 10:12:00+09:00,9826.0,9826.0,9822.0,9825.0,900,0.0,0.0
2024-07-18 10:13:00+09:00,9825.0,9825.0,9821.0,9821.0,1000,0.0,0.0
2024-07-18 10:14:00+09:00,9812.0,9812.0,9806.0,9807.0,1900,0.0,0.0
2024-07-18 10:15:00+09:00,9806.0,9806.0,9802.0,9802.0,600,0.0,0.0
2024-07-18 10:16:00+09:00,9801.0,9803.0,9800.0,9801.0,2100,0.0,0.0
2024-07-18 10:18:00+09:00,9798.0,9808.0,9797.0,9808.0,2500,0.0,0.0
2024-07-18 10:19:00+09:00,9815.0,9815.0,9812.0,9812.0,500,0.0,0.0
2024-07-18 10:20:00+09:00,9816.0,9831.0,9816.0,9831.0,800,0.0,0.0
2024-07-18 10:21:00+09:00,9831.0,9831.0,9823.0,9828.0,1800,0.0,0.0
2024-07-18 10:23:00+09:00,9830.0,9834.0,9830.0,9834.0,500,0.0,0.0
2024-07-18 10:24:00+09:00,9835.0,9837.0,9835.0,9837.0,600,0.0,0.0
2024-07-18 10:25:00+09:00,9840.0,9841.0,9837.0,9841.0,900,0.0,0.0
2024-07-18 10:26:00+09:00,9845.0,9845.0,9838.0,9838.0,1600,0.0,0.0
2024-07-18 10:27:00+09:00,9839.0,9843.0,9837.0,9843.0,1100,0.0,0.0
2024-07-18 10:28:00+09:00,9847.0,9852.0,9847.0,9852.0,1300,0.0,0.0
2024-07-18 10:29:00+09:00,9853.0,9855.0,9846.0,9855.0,3200,0.0,0.0
2024-07-18 10:30:00+09:00,9855.0,9855.0,9848.0,9854.0,2000,0.0,0.0
2024-07-18 10:31:00+09:00,9853.0,9860.0,9853.0,9860.0,2400,0.0,0.0
2024-07-18 10:32:00+09:00,9865.0,9873.0,9865.0,9870.0,1900,0.0,0.0
2024-07-18 10:33:00+09:00,9871.0,9874.0,9870.0,9874.0,700,0.0,0.0
2024-07-18 10:34:00+09:00,9872.0,9877.0,9872.0,9877.0,700,0.0,0.0
2024-07-18 10:35:00+09:00,9877.0,9883.0,9874.0,9874.0,2900,0.0,0.0
2024-07-18 10:36:00+09:00,9874.0,9890.0,9874.0,9890.0,2500,0.0,0.0
2024-07-18 10:37:00+09:00,9892.0,9914.0,9892.0,9913.0,2200,0.0,0.0
2024-07-18 10:38:00+09:00,9916.0,9925.0,9916.0,9925.0,900,0.0,0.0
2024-07-18 10:39:00+09:00,9926.0,9931.0,9919.0,9919.0,5400,0.0,0.0
2024-07-18 10:40:00+09:00,9912.0,9913.0,9912.0,9913.0,200,0.0,0.0
2024-07-18 10:41:00+09:00,9915.0,9915.0,9905.0,9905.0,1300,0.0,0.0
2024-07-18 10:42:00+09:00,9901.0,9911.0,9898.0,9911.0,4100,0.0,0.0
2024-07-18 10:43:00+09:00,9915.0,9915.0,9906.0,9906.0,1100,0.0,0.0
2024-07-18 10:44:00+09:00,9903.0,9903.0,9900.0,9900.0,300,0.0,0.0
2024-07-18 10:45:00+09:00,9902.0,9903.0,9901.0,9901.0,600,0.0,0.0
2024-07-18 10:46:00+09:00,9905.0,9912.0,9905.0,9912.0,2000,0.0,0.0
2024-07-18 10:47:00+09:00,9914.0,9916.0,9911.0,9913.0,900,0.0,0.0
2024-07-18 10:48:00+09:00,9913.0,9917.0,9913.0,9917.0,400,0.0,0.0
2024-07-18 10:49:00+09:00,9911.0,9911.0,9905.0,9905.0,700,0.0,0.0
2024-07-18 10:50:00+09:00,9909.0,9914.0,9909.0,9914.0,600,0.0,0.0
2024-07-18 10:51:00+09:00,9914.0,9914.0,9912.0,9914.0,1000,0.0,0.0
2024-07-18 10:52:00+09:00,9918.0,9918.0,9905.0,9905.0,2400,0.0,0.0
2024-07-18 10:53:00+09:00,9909.0,9909.0,9909.0,9909.0,200,0.0,0.0
2024-07-18 10:54:00+09:00,9911.0,9915.0,9909.0,9915.0,900,0.0,0.0
2024-07-18 10:55:00+09:00,9921.0,9921.0,9918.0,9918.0,1300,0.0,0.0
2024-07-18 10:56:00+09:00,9920.0,9922.0,9915.0,9915.0,1800,0.0,0.0
2024-07-18 10:57:00+09:00,9918.0,9918.0,9911.0,9913.0,1400,0.0,0.0
2024-07-18 10:58:00+09:00,9912.0,9916.0,9912.0,9913.0,400,0.0,0.0
2024-07-18 10:59:00+09:00,9912.0,9913.0,9908.0,9908.0,2000,0.0,0.0
2024-07-18 11:00:00+09:00,9909.0,9912.0,9909.0,9912.0,700,0.0,0.0
2024-07-18 11:01:00+09:00,9914.0,9915.0,9911.0,9915.0,1100,0.0,0.0
2024-07-18 11:02:00+09:00,9917.0,9918.0,9915.0,9915.0,1300,0.0,0.0
2024-07-18 11:03:00+09:00,9914.0,9914.0,9907.0,9907.0,1200,0.0,0.0
2024-07-18 11:04:00+09:00,9909.0,9912.0,9907.0,9910.0,3000,0.0,0.0
2024-07-18 11:05:00+09:00,9908.0,9908.0,9907.0,9907.0,200,0.0,0.0
2024-07-18 11:06:00+09:00,9910.0,9911.0,9910.0,9911.0,500,0.0,0.0
2024-07-18 11:07:00+09:00,9912.0,9912.0,9909.0,9909.0,800,0.0,0.0
2024-07-18 11:08:00+09:00,9910.0,9910.0,9910.0,9910.0,800,0.0,0.0
2024-07-18 11:09:00+09:00,9914.0,9914.0,9914.0,9914.0,100,0.0,0.0
2024-07-18 11:10:00+09:00,9914.0,9917.0,9914.0,9917.0,500,0.0,0.0
2024-07-18 11:11:00+09:00,9909.0,9923.0,9908.0,9923.0,2800,0.0,0.0
2024-07-18 11:12:00+09:00,9924.0,9928.0,9924.0,9928.0,1100,0.0,0.0
2024-07-18 11:13:00+09:00,9927.0,9934.0,9927.0,9934.0,1800,0.0,0.0
2024-07-18 11:14:00+09:00,9931.0,9931.0,9928.0,9928.0,700,0.0,0.0
2024-07-18 11:15:00+09:00,9928.0,9931.0,9927.0,9931.0,1100,0.0,0.0
2024-07-18 11:16:00+09:00,9925.0,9931.0,9922.0,9931.0,1200,0.0,0.0
2024-07-18 11:17:00+09:00,9934.0,9935.0,9934.0,9935.0,400,0.0,0.0
2024-07-18 11:18:00+09:00,9936.0,9936.0,9926.0,9926.0,1400,0.0,0.0
2024-07-18 11:19:00+09:00,9923.0,9923.0,9915.0,9915.0,600,0.0,0.0
2024-07-18 11:20:00+09:00,9910.0,9912.0,9910.0,9912.0,200,0.0,0.0
2024-07-18 11:21:00+09:00,9910.0,9913.0,9908.0,9911.0,1000,0.0,0.0
2024-07-18 11:22:00+09:00,9909.0,9912.0,9907.0,9912.0,1700,0.0,0.0
2024-07-18 11:23:00+09:00,9910.0,9915.0,9910.0,9915.0,900,0.0,0.0
2024-07-18 11:24:00+09:00,9914.0,9914.0,9914.0,9914.0,100,0.0,0.0
2024-07-18 11:25:00+09:00,9916.0,9919.0,9915.0,9915.0,1400,0.0,0.0
2024-07-18 11:26:00+09:00,9917.0,9922.0,9917.0,9922.0,500,0.0,0.0
2024-07-18 11:27:00+09:00,9922.0,9924.0,9920.0,9924.0,600,0.0,0.0
2024-07-18 11:28:00+09:00,9929.0,9929.0,9923.0,9927.0,500,0.0,0.0
2024-07-18 11:29:00+09:00,9927.0,9929.0,9922.0,9929.0,500,0.0,0.0
2024-07-18 11:30:00+09:00,9922.0,9922.0,9922.0,9922.0,400,0.0,0.0
2024-07-18 11:35:00+09:00,9922.0,9922.0,9922.0,9922.0,0,0.0,0.0
2024-07-18 12:30:00+09:00,9950.0,9966.0,9937.0,9963.0,327400,0.0,0.0
2024-07-18 12:31:00+09:00,9955.0,9963.0,9954.0,9963.0,2000,0.0,0.0
2024-07-18 12:32:00+09:00,9959.0,9959.0,9941.0,9941.0,4300,0.0,0.0
2024-07-18 12:33:00+09:00,9946.0,9956.0,9946.0,9956.0,1100,0.0,0.0
2024-07-18 12:34:00+09:00,9958.0,9964.0,9957.0,9957.0,3100,0.0,0.0
2024-07-18 12:35:00+09:00,9956.0,9973.0,9956.0,9973.0,600,0.0,0.0
2024-07-18 12:36:00+09:00,9977.0,9985.0,9975.0,9975.0,7200,0.0,0.0
2024-07-18 12:37:00+09:00,9976.0,9983.0,9967.0,9976.0,3800,0.0,0.0
2024-07-18 12:38:00+09:00,9980.0,9980.0,9969.0,9969.0,900,0.0,0.0
2024-07-18 12:39:00+09:00,9965.0,9965.0,9954.0,9954.0,1500,0.0,0.0
2024-07-18 12:40:00+09:00,9954.0,9954.0,9950.0,9950.0,1100,0.0,0.0
2024-07-18 12:41:00+09:00,9946.0,9949.0,9945.0,9948.0,1300,0.0,0.0
2024-07-18 12:42:00+09:00,9943.0,9943.0,9932.0,9932.0,600,0.0,0.0
2024-07-18 12:43:00+09:00,9924.0,9946.0,9924.0,9946.0,2200,0.0,0.0
2024-07-18 12:44:00+09:00,9948.0,9949.0,9948.0,9949.0,600,0.0,0.0
2024-07-18 12:45:00+09:00,9949.0,9955.0,9947.0,9955.0,1100,0.0,0.0
2024-07-18 12:46:00+09:00,9954.0,9954.0,9947.0,9951.0,2100,0.0,0.0
2024-07-18 12:47:00+09:00,9952.0,9955.0,9952.0,9955.0,500,0.0,0.0
2024-07-18 12:49:00+09:00,9953.0,9953.0,9953.0,9953.0,200,0.0,0.0
2024-07-18 12:50:00+09:00,9953.0,9970.0,9953.0,9970.0,3300,0.0,0.0
2024-07-18 12:51:00+09:00,9973.0,9976.0,9966.0,9966.0,3600,0.0,0.0
2024-07-18 12:52:00+09:00,9970.0,9970.0,9970.0,9970.0,100,0.0,0.0
2024-07-18 12:53:00+09:00,9976.0,9977.0,9975.0,9977.0,600,0.0,0.0
2024-07-18 12:54:00+09:00,9979.0,9980.0,9966.0,9966.0,4600,0.0,0.0
2024-07-18 12:55:00+09:00,9971.0,9972.0,9951.0,9951.0,2000,0.0,0.0
2024-07-18 12:56:00+09:00,9951.0,9951.0,9947.0,9947.0,800,0.0,0.0
2024-07-18 12:57:00+09:00,9945.0,9952.0,9945.0,9952.0,1800,0.0,0.0
2024-07-18 12:58:00+09:00,9953.0,9955.0,9953.0,9955.0,1100,0.0,0.0
2024-07-18 12:59:00+09:00,9959.0,9959.0,9954.0,9959.0,2200,0.0,0.0
2024-07-18 13:00:00+09:00,9960.0,9961.0,9954.0,9954.0,1100,0.0,0.0
2024-07-18 13:01:00+09:00,9953.0,9954.0,9953.0,9954.0,500,0.0,0.0
2024-07-18 13:02:00+09:00,9949.0,9950.0,9947.0,9947.0,1800,0.0,0.0
2024-07-18 13:03:00+09:00,9949.0,9959.0,9949.0,9958.0,1400,0.0,0.0
2024-07-18 13:04:00+09:00,9956.0,9959.0,9953.0,9953.0,700,0.0,0.0
2024-07-18 13:05:00+09:00,9953.0,9953.0,9945.0,9945.0,700,0.0,0.0
2024-07-18 13:06:00+09:00,9943.0,9946.0,9943.0,9944.0,800,0.0,0.0
2024-07-18 13:07:00+09:00,9944.0,9948.0,9944.0,9948.0,1000,0.0,0.0
2024-07-18 13:08:00+09:00,9948.0,9955.0,9945.0,9955.0,4000,0.0,0.0
2024-07-18 13:09:00+09:00,9955.0,9957.0,9953.0,9955.0,800,0.0,0.0
2024-07-18 13:10:00+09:00,9955.0,9955.0,9954.0,9954.0,400,0.0,0.0
2024-07-18 13:11:00+09:00,9953.0,9957.0,9953.0,9957.0,1300,0.0,0.0
2024-07-18 13:12:00+09:00,9958.0,9958.0,9957.0,9957.0,800,0.0,0.0
2024-07-18 13:13:00+09:00,9955.0,9968.0,9953.0,9968.0,2500,0.0,0.0
2024-07-18 13:14:00+09:00,9965.0,9965.0,9965.0,9965.0,300,0.0,0.0
2024-07-18 13:15:00+09:00,9964.0,9966.0,9959.0,9959.0,1900,0.0,0.0
2024-07-18 13:16:00+09:00,9962.0,9965.0,9960.0,9965.0,2600,0.0,0.0
2024-07-18 13:17:00+09:00,9960.0,9960.0,9956.0,9956.0,600,0.0,0.0
2024-07-18 13:18:00+09:00,9956.0,9956.0,9945.0,9952.0,1600,0.0,0.0
2024-07-18 13:19:00+09:00,9952.0,9955.0,9940.0,9940.0,4000,0.0,0.0
2024-07-18 13:20:00+09:00,9938.0,9938.0,9934.0,9936.0,800,0.0,0.0
2024-07-18 13:21:00+09:00,9936.0,9936.0,9925.0,9925.0,900,0.0,0.0
2024-07-18 13:22:00+09:00,9924.0,9924.0,9919.0,9919.0,3700,0.0,0.0
2024-07-18 13:23:00+09:00,9921.0,9934.0,9921.0,9934.0,3200,0.0,0.0
2024-07-18 13:24:00+09:00,9934.0,9937.0,9934.0,9937.0,300,0.0,0.0
2024-07-18 13:25:00+09:00,9940.0,9947.0,9940.0,9944.0,1900,0.0,0.0
2024-07-18 13:26:00+09:00,9944.0,9950.0,9942.0,9950.0,3100,0.0,0.0
2024-07-18 13:27:00+09:00,9951.0,9951.0,9951.0,9951.0,300,0.0,0.0
2024-07-18 13:28:00+09:00,9955.0,9955.0,9950.0,9952.0,900,0.0,0.0
2024-07-18 13:29:00+09:00,9950.0,9950.0,9943.0,9945.0,2800,0.0,0.0
2024-07-18 13:30:00+09:00,9941.0,9941.0,9940.0,9940.0,1100,0.0,0.0
2024-07-18 13:31:00+09:00,9936.0,9942.0,9936.0,9942.0,2100,0.0,0.0
2024-07-18 13:32:00+09:00,9941.0,9950.0,9941.0,9950.0,2800,0.0,0.0
2024-07-18 13:33:00+09:00,9950.0,9950.0,9950.0,9950.0,200,0.0,0.0
2024-07-18 13:34:00+09:00,9950.0,9954.0,9950.0,9953.0,800,0.0,0.0
2024-07-18 13:35:00+09:00,9953.0,9956.0,9950.0,9950.0,3800,0.0,0.0
2024-07-18 13:36:00+09:00,9952.0,9952.0,9951.0,9951.0,500,0.0,0.0
2024-07-18 13:37:00+09:00,9953.0,9956.0,9951.0,9951.0,2800,0.0,0.0
2024-07-18 13:38:00+09:00,9950.0,9958.0,9949.0,9954.0,1400,0.0,0.0
2024-07-18 13:39:00+09:00,9952.0,9953.0,9949.0,9953.0,1800,0.0,0.0
2024-07-18 13:40:00+09:00,9950.0,9950.0,9949.0,9950.0,500,0.0,0.0
2024-07-18 13:41:00+09:00,9951.0,9951.0,9951.0,9951.0,100,0.0,0.0
2024-07-18 13:42:00+09:00,9951.0,9952.0,9951.0,9952.0,900,0.0,0.0
2024-07-18 13:43:00+09:00,9951.0,9952.0,9945.0,9945.0,2700,0.0,0.0
2024-07-18 13:44:00+09:00,9943.0,9955.0,9943.0,9955.0,1700,0.0,0.0
2024-07-18 13:45:00+09:00,9954.0,9954.0,9945.0,9945.0,1800,0.0,0.0
2024-07-18 13:46:00+09:00,9947.0,9947.0,9944.0,9944.0,900,0.0,0.0
2024-07-18 13:47:00+09:00,9941.0,9944.0,9940.0,9944.0,1300,0.0,0.0
2024-07-18 13:48:00+09:00,9943.0,9946.0,9943.0,9945.0,800,0.0,0.0
2024-07-18 13:49:00+09:00,9948.0,9948.0,9946.0,9948.0,300,0.0,0.0
2024-07-18 13:50:00+09:00,9947.0,9957.0,9947.0,9957.0,1600,0.0,0.0
2024-07-18 13:51:00+09:00,9956.0,9959.0,9953.0,9954.0,3500,0.0,0.0
2024-07-18 13:52:00+09:00,9955.0,9958.0,9948.0,9951.0,1900,0.0,0.0
2024-07-18 13:53:00+09:00,9952.0,9952.0,9945.0,9945.0,600,0.0,0.0
2024-07-18 13:54:00+09:00,9943.0,9943.0,9935.0,9935.0,1100,0.0,0.0
2024-07-18 13:55:00+09:00,9934.0,9946.0,9933.0,9946.0,2900,0.0,0.0
2024-07-18 13:56:00+09:00,9939.0,9944.0,9939.0,9944.0,400,0.0,0.0
2024-07-18 13:57:00+09:00,9943.0,9943.0,9943.0,9943.0,1500,0.0,0.0
2024-07-18 13:58:00+09:00,9945.0,9952.0,9945.0,9951.0,1400,0.0,0.0
2024-07-18 13:59:00+09:00,9951.0,9951.0,9949.0,9951.0,1500,0.0,0.0
2024-07-18 14:00:00+09:00,9950.0,9954.0,9950.0,9950.0,800,0.0,0.0
2024-07-18 14:02:00+09:00,9953.0,9956.0,9952.0,9956.0,900,0.0,0.0
2024-07-18 14:03:00+09:00,9956.0,9956.0,9951.0,9952.0,2200,0.0,0.0
2024-07-18 14:04:00+09:00,9951.0,9951.0,9949.0,9949.0,700,0.0,0.0
2024-07-18 14:05:00+09:00,9950.0,9950.0,9948.0,9949.0,1300,0.0,0.0
2024-07-18 14:06:00+09:00,9949.0,9949.0,9944.0,9944.0,800,0.0,0.0
2024-07-18 14:07:00+09:00,9946.0,9947.0,9943.0,9947.0,2000,0.0,0.0
2024-07-18 14:08:00+09:00,9947.0,9947.0,9945.0,9945.0,600,0.0,0.0
2024-07-18 14:09:00+09:00,9946.0,9946.0,9946.0,9946.0,200,0.0,0.0
2024-07-18 14:11:00+09:00,9944.0,9944.0,9943.0,9943.0,600,0.0,0.0
2024-07-18 14:12:00+09:00,9943.0,9950.0,9943.0,9950.0,3400,0.0,0.0
2024-07-18 14:14:00+09:00,9948.0,9949.0,9945.0,9945.0,1500,0.0,0.0
2024-07-18 14:16:00+09:00,9944.0,9944.0,9944.0,9944.0,900,0.0,0.0
2024-07-18 14:17:00+09:00,9943.0,9943.0,9942.0,9942.0,500,0.0,0.0
2024-07-18 14:18:00+09:00,9940.0,9943.0,9937.0,9943.0,3700,0.0,0.0
2024-07-18 14:19:00+09:00,9947.0,9950.0,9944.0,9950.0,2200,0.0,0.0
2024-07-18 14:20:00+09:00,9949.0,9950.0,9949.0,9950.0,500,0.0,0.0
2024-07-18 14:21:00+09:00,9951.0,9952.0,9950.0,9950.0,700,0.0,0.0
2024-07-18 14:22:00+09:00,9952.0,9955.0,9952.0,9955.0,800,0.0,0.0
2024-07-18 14:23:00+09:00,9954.0,9954.0,9951.0,9952.0,2500,0.0,0.0
2024-07-18 14:24:00+09:00,9953.0,9956.0,9953.0,9956.0,700,0.0,0.0
2024-07-18 14:25:00+09:00,9953.0,9954.0,9953.0,9954.0,400,0.0,0.0
2024-07-18 14:26:00+09:00,9950.0,9950.0,9947.0,9947.0,2200,0.0,0.0
2024-07-18 14:27:00+09:00,9947.0,9947.0,9947.0,9947.0,200,0.0,0.0
2024-07-18 14:28:00+09:00,9949.0,9949.0,9945.0,9947.0,1900,0.0,0.0
2024-07-18 14:29:00+09:00,9947.0,9947.0,9946.0,9946.0,300,0.0,0.0
2024-07-18 14:30:00+09:00,9947.0,9951.0,9947.0,9951.0,2000,0.0,0.0
2024-07-18 14:31:00+09:00,9952.0,9952.0,9952.0,9952.0,400,0.0,0.0
2024-07-18 14:32:00+09:00,9952.0,9958.0,9952.0,9958.0,1300,0.0,0.0
2024-07-18 14:33:00+09:00,9958.0,9958.0,9957.0,9958.0,400,0.0,0.0
2024-07-18 14:34:00+09:00,9958.0,9958.0,9950.0,9951.0,3200,0.0,0.0
2024-07-18 14:35:00+09:00,9950.0,9950.0,9949.0,9949.0,500,0.0,0.0
2024-07-18 14:36:00+09:00,9949.0,9949.0,9934.0,9934.0,1400,0.0,0.0
2024-07-18 14:37:00+09:00,9930.0,9930.0,9926.0,9928.0,1100,0.0,0.0
2024-07-18 14:38:00+09:00,9930.0,9943.0,9930.0,9941.0,4200,0.0,0.0
2024-07-18 14:39:00+09:00,9941.0,9941.0,9937.0,9937.0,1000,0.0,0.0
2024-07-18 14:40:00+09:00,9936.0,9936.0,9931.0,9931.0,600,0.0,0.0
2024-07-18 14:41:00+09:00,9930.0,9934.0,9927.0,9932.0,2400,0.0,0.0
2024-07-18 14:42:00+09:00,9934.0,9934.0,9930.0,9933.0,1500,0.0,0.0
2024-07-18 14:43:00+09:00,9932.0,9933.0,9930.0,9930.0,1300,0.0,0.0
2024-07-18 14:44:00+09:00,9928.0,9928.0,9924.0,9924.0,1300,0.0,0.0
2024-07-18 14:45:00+09:00,9924.0,9924.0,9923.0,9923.0,600,0.0,0.0
2024-07-18 14:46:00+09:00,9921.0,9923.0,9916.0,9923.0,4500,0.0,0.0
2024-07-18 14:47:00+09:00,9921.0,9921.0,9911.0,9911.0,900,0.0,0.0
2024-07-18 14:48:00+09:00,9908.0,9910.0,9906.0,9906.0,3700,0.0,0.0
2024-07-18 14:49:00+09:00,9907.0,9907.0,9902.0,9902.0,1600,0.0,0.0
2024-07-18 14:50:00+09:00,9902.0,9918.0,9902.0,9918.0,4900,0.0,0.0
2024-07-18 14:51:00+09:00,9920.0,9921.0,9917.0,9921.0,2800,0.0,0.0
2024-07-18 14:52:00+09:00,9925.0,9935.0,9925.0,9935.0,6600,0.0,0.0
2024-07-18 14:53:00+09:00,9940.0,9943.0,9930.0,9933.0,5300,0.0,0.0
2024-07-18 14:54:00+09:00,9933.0,9941.0,9931.0,9931.0,5800,0.0,0.0
2024-07-18 14:55:00+09:00,9930.0,9933.0,9928.0,9933.0,2100,0.0,0.0
2024-07-18 14:56:00+09:00,9931.0,9931.0,9922.0,9922.0,2300,0.0,0.0
2024-07-18 14:57:00+09:00,9922.0,9924.0,9915.0,9924.0,4500,0.0,0.0
2024-07-18 14:58:00+09:00,9920.0,9929.0,9920.0,9927.0,3800,0.0,0.0
2024-07-18 14:59:00+09:00,9928.0,9930.0,9880.0,9880.0,13200,0.0,0.0
2024-07-19 09:00:00+09:00,9907.0,9953.0,9900.0,9943.0,10800,0.0,0.0
2024-07-19 09:01:00+09:00,9954.0,9963.0,9954.0,9961.0,500,0.0,0.0
2024-07-19 09:02:00+09:00,9955.0,9983.0,9946.0,9983.0,4600,0.0,0.0
2024-07-19 09:03:00+09:00,9984.0,9990.0,9974.0,9982.0,3500,0.0,0.0
2024-07-19 09:04:00+09:00,9994.0,10000.0,9978.0,9990.0,4500,0.0,0.0
2024-07-19 09:05:00+09:00,9985.0,9989.0,9964.0,9966.0,5500,0.0,0.0
2024-07-19 09:06:00+09:00,9958.0,9962.0,9945.0,9945.0,3000,0.0,0.0
2024-07-19 09:07:00+09:00,9940.0,9954.0,9940.0,9949.0,1900,0.0,0.0
2024-07-19 09:08:00+09:00,9949.0,9970.0,9943.0,9958.0,2300,0.0,0.0
2024-07-19 09:09:00+09:00,9958.0,9964.0,9954.0,9957.0,1800,0.0,0.0
2024-07-19 09:10:00+09:00,9951.0,9951.0,9923.0,9936.0,2200,0.0,0.0
2024-07-19 09:11:00+09:00,9930.0,9930.0,9926.0,9930.0,300,0.0,0.0
2024-07-19 09:12:00+09:00,9936.0,9939.0,9936.0,9939.0,400,0.0,0.0
2024-07-19 09:13:00+09:00,9941.0,9945.0,9937.0,9938.0,1900,0.0,0.0
2024-07-19 09:14:00+09:00,9943.0,9950.0,9940.0,9950.0,800,0.0,0.0
2024-07-19 09:15:00+09:00,9945.0,9950.0,9945.0,9945.0,700,0.0,0.0
2024-07-19 09:16:00+09:00,9942.0,9945.0,9938.0,9945.0,1100,0.0,0.0
2024-07-19 09:17:00+09:00,9944.0,9962.0,9944.0,9962.0,1800,0.0,0.0
2024-07-19 09:18:00+09:00,9954.0,9954.0,9935.0,9939.0,1400,0.0,0.0
2024-07-19 09:19:00+09:00,9945.0,9947.0,9945.0,9947.0,600,0.0,0.0
2024-07-19 09:20:00+09:00,9952.0,9955.0,9951.0,9954.0,1700,0.0,0.0
2024-07-19 09:21:00+09:00,9957.0,9958.0,9955.0,9955.0,300,0.0,0.0
2024-07-19 09:22:00+09:00,9955.0,9964.0,9955.0,9964.0,700,0.0,0.0
2024-07-19 09:23:00+09:00,9965.0,9965.0,9959.0,9963.0,1600,0.0,0.0
2024-07-19 09:24:00+09:00,9957.0,9958.0,9953.0,9953.0,500,0.0,0.0
2024-07-19 09:25:00+09:00,9957.0,9958.0,9955.0,9955.0,800,0.0,0.0
2024-07-19 09:26:00+09:00,9949.0,9969.0,9949.0,9963.0,1900,0.0,0.0
2024-07-19 09:27:00+09:00,9965.0,9972.0,9959.0,9959.0,2300,0.0,0.0
2024-07-19 09:28:00+09:00,9959.0,9959.0,9959.0,9959.0,400,0.0,0.0
2024-07-19 09:29:00+09:00,9962.0,9962.0,9960.0,9960.0,700,0.0,0.0
2024-07-19 09:30:00+09:00,9962.0,9967.0,9959.0,9967.0,1000,0.0,0.0
2024-07-19 09:31:00+09:00,9967.0,9967.0,9961.0,9966.0,1800,0.0,0.0
2024-07-19 09:32:00+09:00,9966.0,9966.0,9948.0,9948.0,1600,0.0,0.0
2024-07-19 09:33:00+09:00,9949.0,9949.0,9942.0,9942.0,900,0.0,0.0
2024-07-19 09:34:00+09:00,9940.0,9942.0,9940.0,9942.0,200,0.0,0.0
2024-07-19 09:35:00+09:00,9945.0,9952.0,9945.0,9952.0,700,0.0,0.0
2024-07-19 09:36:00+09:00,9949.0,9954.0,9949.0,9954.0,200,0.0,0.0
2024-07-19 09:37:00+09:00,9959.0,9961.0,9952.0,9952.0,1100,0.0,0.0
2024-07-19 09:38:00+09:00,9950.0,9959.0,9950.0,9959.0,600,0.0,0.0
2024-07-19 09:39:00+09:00,9954.0,9954.0,9943.0,9943.0,900,0.0,0.0
2024-07-19 09:40:00+09:00,9947.0,9951.0,9940.0,9940.0,1200,0.0,0.0
2024-07-19 09:41:00+09:00,9941.0,9942.0,9939.0,9942.0,300,0.0,0.0
2024-07-19 09:42:00+09:00,9940.0,9943.0,9939.0,9939.0,800,0.0,0.0
2024-07-19 09:44:00+09:00,9943.0,9945.0,9943.0,9943.0,1400,0.0,0.0
2024-07-19 09:45:00+09:00,9940.0,9940.0,9935.0,9936.0,900,0.0,0.0
2024-07-19 09:46:00+09:00,9933.0,9936.0,9933.0,9936.0,700,0.0,0.0
2024-07-19 09:48:00+09:00,9941.0,9941.0,9910.0,9911.0,3500,0.0,0.0
2024-07-19 09:49:00+09:00,9911.0,9911.0,9911.0,9911.0,200,0.0,0.0
2024-07-19 09:50:00+09:00,9912.0,9920.0,9905.0,9915.0,1400,0.0,0.0
2024-07-19 09:51:00+09:00,9913.0,9918.0,9913.0,9913.0,1500,0.0,0.0
2024-07-19 09:52:00+09:00,9912.0,9912.0,9910.0,9910.0,500,0.0,0.0
2024-07-19 09:53:00+09:00,9909.0,9910.0,9909.0,9910.0,300,0.0,0.0
2024-07-19 09:54:00+09:00,9922.0,9926.0,9922.0,9926.0,700,0.0,0.0
2024-07-19 09:55:00+09:00,9923.0,9926.0,9922.0,9923.0,1000,0.0,0.0
2024-07-19 09:56:00+09:00,9923.0,9923.0,9918.0,9921.0,600,0.0,0.0
2024-07-19 09:57:00+09:00,9925.0,9925.0,9925.0,9925.0,200,0.0,0.0
2024-07-19 09:58:00+09:00,9933.0,9935.0,9933.0,9935.0,300,0.0,0.0
2024-07-19 09:59:00+09:00,9932.0,9932.0,9929.0,9929.0,600,0.0,0.0
2024-07-19 10:00:00+09:00,9929.0,9932.0,9929.0,9932.0,300,0.0,0.0
2024-07-19 10:01:00+09:00,9930.0,9932.0,9930.0,9932.0,900,0.0,0.0
2024-07-19 10:02:00+09:00,9929.0,9929.0,9922.0,9922.0,1000,0.0,0.0
2024-07-19 10:03:00+09:00,9922.0,9922.0,9905.0,9905.0,2100,0.0,0.0
2024-07-19 10:04:00+09:00,9904.0,9917.0,9904.0,9917.0,1200,0.0,0.0
2024-07-19 10:05:00+09:00,9915.0,9915.0,9915.0,9915.0,100,0.0,0.0
2024-07-19 10:06:00+09:00,9919.0,9919.0,9919.0,9919.0,100,0.0,0.0
2024-07-19 10:08:00+09:00,9923.0,9925.0,9917.0,9925.0,1500,0.0,0.0
2024-07-19 10:09:00+09:00,9925.0,9925.0,9922.0,9922.0,500,0.0,0.0
2024-07-19 10:10:00+09:00,9924.0,9924.0,9924.0,9924.0,200,0.0,0.0
2024-07-19 10:11:00+09:00,9918.0,9918.0,9918.0,9918.0,100,0.0,0.0
2024-07-19 10:13:00+09:00,9923.0,9923.0,9917.0,9917.0,1000,0.0,0.0
2024-07-19 10:14:00+09:00,9918.0,9918.0,9915.0,9915.0,1200,0.0,0.0
2024-07-19 10:15:00+09:00,9913.0,9913.0,9911.0,9911.0,600,0.0,0.0
2024-07-19 10:16:00+09:00,9910.0,9910.0,9903.0,9905.0,2000,0.0,0.0
2024-07-19 10:17:00+09:00,9907.0,9908.0,9891.0,9894.0,2400,0.0,0.0
2024-07-19 10:18:00+09:00,9891.0,9891.0,9887.0,9889.0,900,0.0,0.0
2024-07-19 10:19:00+09:00,9889.0,9892.0,9889.0,9892.0,400,0.0,0.0
2024-07-19 10:20:00+09:00,9895.0,9895.0,9895.0,9895.0,400,0.0,0.0
2024-07-19 10:21:00+09:00,9896.0,9896.0,9893.0,9893.0,1100,0.0,0.0
2024-07-19 10:22:00+09:00,9889.0,9889.0,9889.0,9889.0,100,0.0,0.0
2024-07-19 10:23:00+09:00,9892.0,9895.0,9892.0,9895.0,400,0.0,0.0
2024-07-19 10:24:00+09:00,9897.0,9897.0,9895.0,9895.0,900,0.0,0.0
2024-07-19 10:25:00+09:00,9892.0,9892.0,9880.0,9886.0,1500,0.0,0.0
2024-07-19 10:26:00+09:00,9890.0,9890.0,9890.0,9890.0,200,0.0,0.0
2024-07-19 10:27:00+09:00,9887.0,9887.0,9880.0,9884.0,1000,0.0,0.0
2024-07-19 10:28:00+09:00,9882.0,9882.0,9882.0,9882.0,200,0.0,0.0
2024-07-19 10:29:00+09:00,9884.0,9891.0,9884.0,9891.0,600,0.0,0.0
2024-07-19 10:31:00+09:00,9897.0,9897.0,9895.0,9895.0,200,0.0,0.0
2024-07-19 10:32:00+09:00,9895.0,9898.0,9895.0,9898.0,500,0.0,0.0
2024-07-19 10:33:00+09:00,9900.0,9903.0,9889.0,9889.0,2100,0.0,0.0
2024-07-19 10:34:00+09:00,9887.0,9887.0,9886.0,9886.0,900,0.0,0.0
2024-07-19 10:35:00+09:00,9885.0,9885.0,9882.0,9882.0,900,0.0,0.0
2024-07-19 10:36:00+09:00,9882.0,9882.0,9882.0,9882.0,200,0.0,0.0
2024-07-19 10:37:00+09:00,9880.0,9885.0,9880.0,9885.0,900,0.0,0.0
2024-07-19 10:38:00+09:00,9885.0,9885.0,9876.0,9876.0,800,0.0,0.0
2024-07-19 10:39:00+09:00,9870.0,9870.0,9863.0,9863.0,1200,0.0,0.0
2024-07-19 10:40:00+09:00,9864.0,9867.0,9864.0,9867.0,700,0.0,0.0
2024-07-19 10:41:00+09:00,9868.0,9869.0,9868.0,9869.0,300,0.0,0.0
2024-07-19 10:42:00+09:00,9868.0,9869.0,9861.0,9861.0,2100,0.0,0.0
2024-07-19 10:43:00+09:00,9860.0,9860.0,9846.0,9849.0,2800,0.0,0.0
2024-07-19 10:44:00+09:00,9850.0,9850.0,9848.0,9848.0,500,0.0,0.0
2024-07-19 10:45:00+09:00,9848.0,9848.0,9840.0,9840.0,900,0.0,0.0
2024-07-19 10:46:00+09:00,9841.0,9846.0,9840.0,9846.0,1200,0.0,0.0
2024-07-19 10:47:00+09:00,9848.0,9848.0,9848.0,9848.0,800,0.0,0.0
2024-07-19 10:48:00+09:00,9852.0,9852.0,9840.0,9840.0,1800,0.0,0.0
2024-07-19 10:49:00+09:00,9839.0,9839.0,9831.0,9831.0,1400,0.0,0.0
2024-07-19 10:50:00+09:00,9836.0,9836.0,9835.0,9835.0,300,0.0,0.0
2024-07-19 10:51:00+09:00,9834.0,9837.0,9834.0,9835.0,1300,0.0,0.0
2024-07-19 10:52:00+09:00,9832.0,9832.0,9830.0,9830.0,600,0.0,0.0
2024-07-19 10:53:00+09:00,9830.0,9832.0,9830.0,9831.0,700,0.0,0.0
2024-07-19 10:54:00+09:00,9832.0,9832.0,9832.0,9832.0,100,0.0,0.0
2024-07-19 10:55:00+09:00,9834.0,9836.0,9834.0,9836.0,700,0.0,0.0
2024-07-19 10:56:00+09:00,9838.0,9838.0,9825.0,9825.0,2100,0.0,0.0
2024-07-19 10:57:00+09:00,9824.0,9825.0,9813.0,9813.0,1400,0.0,0.0
2024-07-19 10:58:00+09:00,9816.0,9817.0,9816.0,9817.0,400,0.0,0.0
2024-07-19 10:59:00+09:00,9817.0,9818.0,9816.0,9816.0,800,0.0,0.0
2024-07-19 11:00:00+09:00,9813.0,9814.0,9813.0,9814.0,400,0.0,0.0
2024-07-19 11:01:00+09:00,9811.0,9826.0,9811.0,9825.0,2700,0.0,0.0
2024-07-19 11:02:00+09:00,9824.0,9824.0,9823.0,9823.0,700,0.0,0.0
2024-07-19 11:03:00+09:00,9823.0,9828.0,9822.0,9828.0,700,0.0,0.0
2024-07-19 11:04:00+09:00,9831.0,9831.0,9827.0,9827.0,200,0.0,0.0
2024-07-19 11:05:00+09:00,9828.0,9832.0,9825.0,9825.0,1500,0.0,0.0
2024-07-19 11:06:00+09:00,9825.0,9829.0,9825.0,9829.0,700,0.0,0.0
2024-07-19 11:07:00+09:00,9833.0,9834.0,9833.0,9834.0,500,0.0,0.0
2024-07-19 11:08:00+09:00,9839.0,9841.0,9832.0,9832.0,1400,0.0,0.0
2024-07-19 11:09:00+09:00,9830.0,9832.0,9830.0,9832.0,400,0.0,0.0
2024-07-19 11:10:00+09:00,9835.0,9838.0,9835.0,9838.0,300,0.0,0.0
2024-07-19 11:11:00+09:00,9839.0,9846.0,9839.0,9846.0,400,0.0,0.0
2024-07-19 11:12:00+09:00,9852.0,9860.0,9852.0,9860.0,1300,0.0,0.0
2024-07-19 11:13:00+09:00,9861.0,9874.0,9861.0,9874.0,1300,0.0,0.0
2024-07-19 11:14:00+09:00,9877.0,9880.0,9877.0,9880.0,300,0.0,0.0
2024-07-19 11:15:00+09:00,9882.0,9882.0,9878.0,9878.0,800,0.0,0.0
2024-07-19 11:16:00+09:00,9882.0,9882.0,9876.0,9879.0,3100,0.0,0.0
2024-07-19 11:17:00+09:00,9879.0,9879.0,9879.0,9879.0,300,0.0,0.0
2024-07-19 11:18:00+09:00,9876.0,9876.0,9870.0,9870.0,1000,0.0,0.0
2024-07-19 11:19:00+09:00,9872.0,9875.0,9872.0,9875.0,200,0.0,0.0
2024-07-19 11:20:00+09:00,9871.0,9875.0,9871.0,9872.0,1200,0.0,0.0
2024-07-19 11:21:00+09:00,9872.0,9872.0,9872.0,9872.0,200,0.0,0.0
2024-07-19 11:22:00+09:00,9874.0,9876.0,9873.0,9873.0,500,0.0,0.0
2024-07-19 11:23:00+09:00,9873.0,9873.0,9873.0,9873.0,100,0.0,0.0
2024-07-19 11:24:00+09:00,9874.0,9874.0,9868.0,9871.0,1800,0.0,0.0
2024-07-19 11:25:00+09:00,9874.0,9879.0,9874.0,9879.0,800,0.0,0.0
2024-07-19 11:26:00+09:00,9881.0,9886.0,9881.0,9886.0,200,0.0,0.0
2024-07-19 11:27:00+09:00,9885.0,9887.0,9881.0,9887.0,1400,0.0,0.0
2024-07-19 11:28:00+09:00,9878.0,9878.0,9877.0,9877.0,500,0.0,0.0
2024-07-19 11:29:00+09:00,9874.0,9879.0,9871.0,9876.0,800,0.0,0.0
2024-07-19 11:30:00+09:00,9869.0,9869.0,9869.0,9869.0,300,0.0,0.0
2024-07-19 11:35:00+09:00,9869.0,9869.0,9869.0,9869.0,0,0.0,0.0
2024-07-19 12:30:00+09:00,9848.0,9848.0,9821.0,9844.0,171000,0.0,0.0
2024-07-19 12:31:00+09:00,9844.0,9844.0,9836.0,9836.0,700,0.0,0.0
2024-07-19 12:32:00+09:00,9834.0,9838.0,9834.0,9835.0,1000,0.0,0.0
2024-07-19 12:33:00+09:00,9834.0,9834.0,9831.0,9831.0,400,0.0,0.0
2024-07-19 12:34:00+09:00,9829.0,9841.0,9829.0,9841.0,1400,0.0,0.0
2024-07-19 12:35:00+09:00,9846.0,9852.0,9846.0,9852.0,400,0.0,0.0
2024-07-19 12:36:00+09:00,9852.0,9852.0,9822.0,9827.0,11800,0.0,0.0
2024-07-19 12:37:00+09:00,9831.0,9835.0,9830.0,9835.0,1200,0.0,0.0
2024-07-19 12:38:00+09:00,9837.0,9839.0,9834.0,9838.0,1300,0.0,0.0
2024-07-19 12:39:00+09:00,9834.0,9839.0,9833.0,9838.0,1200,0.0,0.0
2024-07-19 12:40:00+09:00,9838.0,9839.0,9838.0,9839.0,300,0.0,0.0
2024-07-19 12:41:00+09:00,9836.0,9844.0,9836.0,9844.0,500,0.0,0.0
2024-07-19 12:42:00+09:00,9848.0,9860.0,9848.0,9860.0,600,0.0,0.0
2024-07-19 12:43:00+09:00,9855.0,9855.0,9846.0,9848.0,3000,0.0,0.0
2024-07-19 12:44:00+09:00,9851.0,9851.0,9849.0,9849.0,200,0.0,0.0
2024-07-19 12:45:00+09:00,9847.0,9851.0,9847.0,9848.0,1500,0.0,0.0
2024-07-19 12:46:00+09:00,9849.0,9850.0,9849.0,9850.0,500,0.0,0.0
2024-07-19 12:47:00+09:00,9851.0,9854.0,9850.0,9850.0,300,0.0,0.0
2024-07-19 12:48:00+09:00,9851.0,9861.0,9851.0,9861.0,700,0.0,0.0
2024-07-19 12:49:00+09:00,9857.0,9857.0,9850.0,9851.0,3000,0.0,0.0
2024-07-19 12:50:00+09:00,9855.0,9855.0,9855.0,9855.0,100,0.0,0.0
2024-07-19 12:51:00+09:00,9852.0,9862.0,9852.0,9862.0,700,0.0,0.0
2024-07-19 12:52:00+09:00,9864.0,9864.0,9855.0,9855.0,1600,0.0,0.0
2024-07-19 12:53:00+09:00,9860.0,9860.0,9860.0,9860.0,100,0.0,0.0
2024-07-19 12:54:00+09:00,9861.0,9864.0,9861.0,9864.0,500,0.0,0.0
2024-07-19 12:55:00+09:00,9866.0,9866.0,9861.0,9865.0,300,0.0,0.0
2024-07-19 12:56:00+09:00,9865.0,9868.0,9859.0,9860.0,1900,0.0,0.0
2024-07-19 12:57:00+09:00,9858.0,9858.0,9856.0,9856.0,900,0.0,0.0
2024-07-19 12:58:00+09:00,9858.0,9861.0,9856.0,9856.0,900,0.0,0.0
2024-07-19 12:59:00+09:00,9856.0,9860.0,9856.0,9860.0,300,0.0,0.0
2024-07-19 13:00:00+09:00,9860.0,9860.0,9860.0,9860.0,100,0.0,0.0
2024-07-19 13:01:00+09:00,9860.0,9860.0,9860.0,9860.0,100,0.0,0.0
2024-07-19 13:02:00+09:00,9859.0,9859.0,9859.0,9859.0,100,0.0,0.0
2024-07-19 13:03:00+09:00,9858.0,9865.0,9858.0,9860.0,400,0.0,0.0
2024-07-19 13:04:00+09:00,9858.0,9858.0,9855.0,9855.0,1000,0.0,0.0
2024-07-19 13:05:00+09:00,9855.0,9855.0,9852.0,9852.0,600,0.0,0.0
2024-07-19 13:07:00+09:00,9851.0,9851.0,9851.0,9851.0,400,0.0,0.0
2024-07-19 13:09:00+09:00,9852.0,9852.0,9851.0,9852.0,700,0.0,0.0
2024-07-19 13:10:00+09:00,9851.0,9853.0,9850.0,9853.0,600,0.0,0.0
2024-07-19 13:11:00+09:00,9855.0,9855.0,9855.0,9855.0,300,0.0,0.0
2024-07-19 13:12:00+09:00,9857.0,9857.0,9857.0,9857.0,100,0.0,0.0
2024-07-19 13:13:00+09:00,9857.0,9857.0,9850.0,9850.0,1300,0.0,0.0
2024-07-19 13:15:00+09:00,9852.0,9853.0,9851.0,9851.0,900,0.0,0.0
2024-07-19 13:16:00+09:00,9850.0,9855.0,9850.0,9855.0,1100,0.0,0.0
2024-07-19 13:17:00+09:00,9857.0,9858.0,9857.0,9858.0,600,0.0,0.0
2024-07-19 13:18:00+09:00,9857.0,9857.0,9855.0,9855.0,800,0.0,0.0
2024-07-19 13:19:00+09:00,9852.0,9853.0,9852.0,9853.0,200,0.0,0.0
2024-07-19 13:20:00+09:00,9854.0,9855.0,9849.0,9849.0,1400,0.0,0.0
2024-07-19 13:21:00+09:00,9848.0,9850.0,9846.0,9850.0,400,0.0,0.0
2024-07-19 13:22:00+09:00,9849.0,9849.0,9849.0,9849.0,200,0.0,0.0
2024-07-19 13:23:00+09:00,9851.0,9851.0,9851.0,9851.0,200,0.0,0.0
2024-07-19 13:24:00+09:00,9850.0,9851.0,9850.0,9851.0,200,0.0,0.0
2024-07-19 13:25:00+09:00,9851.0,9851.0,9851.0,9851.0,200,0.0,0.0
2024-07-19 13:26:00+09:00,9849.0,9849.0,9845.0,9845.0,1000,0.0,0.0
2024-07-19 13:27:00+09:00,9852.0,9852.0,9852.0,9852.0,300,0.0,0.0
2024-07-19 13:28:00+09:00,9849.0,9852.0,9844.0,9852.0,800,0.0,0.0
2024-07-19 13:29:00+09:00,9850.0,9850.0,9850.0,9850.0,300,0.0,0.0
2024-07-19 13:31:00+09:00,9851.0,9852.0,9851.0,9852.0,400,0.0,0.0
2024-07-19 13:32:00+09:00,9853.0,9860.0,9853.0,9860.0,1200,0.0,0.0
2024-07-19 13:33:00+09:00,9859.0,9866.0,9858.0,9866.0,1200,0.0,0.0
2024-07-19 13:34:00+09:00,9867.0,9873.0,9867.0,9873.0,500,0.0,0.0
2024-07-19 13:35:00+09:00,9873.0,9875.0,9871.0,9871.0,1200,0.0,0.0
2024-07-19 13:36:00+09:00,9869.0,9869.0,9869.0,9869.0,100,0.0,0.0
2024-07-19 13:37:00+09:00,9869.0,9870.0,9866.0,9866.0,1200,0.0,0.0
2024-07-19 13:38:00+09:00,9866.0,9872.0,9866.0,9872.0,900,0.0,0.0
2024-07-19 13:39:00+09:00,9873.0,9873.0,9873.0,9873.0,300,0.0,0.0
2024-07-19 13:41:00+09:00,9873.0,9873.0,9869.0,9869.0,1200,0.0,0.0
2024-07-19 13:42:00+09:00,9870.0,9870.0,9870.0,9870.0,200,0.0,0.0
2024-07-19 13:43:00+09:00,9873.0,9873.0,9873.0,9873.0,200,0.0,0.0
2024-07-19 13:44:00+09:00,9873.0,9873.0,9872.0,9872.0,400,0.0,0.0
2024-07-19 13:45:00+09:00,9873.0,9873.0,9871.0,9873.0,1700,0.0,0.0
2024-07-19 13:46:00+09:00,9873.0,9876.0,9873.0,9876.0,700,0.0,0.0
2024-07-19 13:47:00+09:00,9877.0,9878.0,9877.0,9878.0,300,0.0,0.0
2024-07-19 13:48:00+09:00,9879.0,9879.0,9879.0,9879.0,100,0.0,0.0
2024-07-19 13:49:00+09:00,9880.0,9880.0,9880.0,9880.0,100,0.0,0.0
2024-07-19 13:50:00+09:00,9879.0,9886.0,9879.0,9886.0,1400,0.0,0.0
2024-07-19 13:51:00+09:00,9888.0,9888.0,9888.0,9888.0,100,0.0,0.0
2024-07-19 13:52:00+09:00,9891.0,9891.0,9891.0,9891.0,0,0.0,0.0
2024-07-19 13:53:00+09:00,9897.0,9898.0,9895.0,9895.0,237300,0.0,0.0
2024-07-19 13:55:00+09:00,9895.0,9897.0,9895.0,9895.0,500,0.0,0.0
2024-07-19 13:56:00+09:00,9895.0,9898.0,9888.0,9890.0,3900,0.0,0.0
2024-07-19 13:57:00+09:00,9894.0,9898.0,9894.0,9898.0,700,0.0,0.0
2024-07-19 13:58:00+09:00,9897.0,9897.0,9896.0,9897.0,400,0.0,0.0
2024-07-19 13:59:00+09:00,9894.0,9895.0,9893.0,9895.0,500,0.0,0.0
2024-07-19 14:00:00+09:00,9894.0,9899.0,9893.0,9899.0,1000,0.0,0.0
2024-07-19 14:01:00+09:00,9897.0,9897.0,9897.0,9897.0,200,0.0,0.0
2024-07-19 14:02:00+09:00,9896.0,9896.0,9895.0,9895.0,300,0.0,0.0
2024-07-19 14:03:00+09:00,9896.0,9896.0,9895.0,9895.0,400,0.0,0.0
2024-07-19 14:04:00+09:00,9895.0,9899.0,9894.0,9899.0,2100,0.0,0.0
2024-07-19 14:05:00+09:00,9900.0,9910.0,9894.0,9894.0,3500,0.0,0.0
2024-07-19 14:06:00+09:00,9897.0,9900.0,9894.0,9900.0,1300,0.0,0.0
2024-07-19 14:07:00+09:00,9901.0,9904.0,9901.0,9904.0,300,0.0,0.0
2024-07-19 14:09:00+09:00,9904.0,9904.0,9901.0,9901.0,700,0.0,0.0
2024-07-19 14:10:00+09:00,9900.0,9901.0,9900.0,9901.0,1000,0.0,0.0
2024-07-19 14:11:00+09:00,9901.0,9901.0,9899.0,9899.0,400,0.0,0.0
2024-07-19 14:12:00+09:00,9897.0,9897.0,9897.0,9897.0,200,0.0,0.0
2024-07-19 14:13:00+09:00,9898.0,9901.0,9898.0,9899.0,1300,0.0,0.0
2024-07-19 14:14:00+09:00,9897.0,9901.0,9895.0,9901.0,500,0.0,0.0
2024-07-19 14:16:00+09:00,9902.0,9903.0,9894.0,9894.0,1100,0.0,0.0
2024-07-19 14:18:00+09:00,9896.0,9896.0,9893.0,9893.0,700,0.0,0.0
2024-07-19 14:19:00+09:00,9894.0,9894.0,9894.0,9894.0,300,0.0,0.0
2024-07-19 14:20:00+09:00,9893.0,9894.0,9892.0,9894.0,1200,0.0,0.0
2024-07-19 14:21:00+09:00,9892.0,9892.0,9892.0,9892.0,100,0.0,0.0
2024-07-19 14:22:00+09:00,9892.0,9892.0,9882.0,9884.0,4900,0.0,0.0
2024-07-19 14:23:00+09:00,9887.0,9891.0,9886.0,9889.0,2400,0.0,0.0
2024-07-19 14:24:00+09:00,9891.0,9892.0,9890.0,9890.0,300,0.0,0.0
2024-07-19 14:25:00+09:00,9889.0,9889.0,9889.0,9889.0,100,0.0,0.0
2024-07-19 14:26:00+09:00,9889.0,9889.0,9886.0,9889.0,1900,0.0,0.0
2024-07-19 14:27:00+09:00,9890.0,9893.0,9890.0,9893.0,1000,0.0,0.0
2024-07-19 14:28:00+09:00,9894.0,9894.0,9894.0,9894.0,200,0.0,0.0
2024-07-19 14:29:00+09:00,9892.0,9893.0,9891.0,9891.0,1100,0.0,0.0
2024-07-19 14:30:00+09:00,9890.0,9892.0,9890.0,9892.0,1700,0.0,0.0
2024-07-19 14:31:00+09:00,9892.0,9897.0,9892.0,9897.0,1200,0.0,0.0
2024-07-19 14:32:00+09:00,9895.0,9895.0,9893.0,9895.0,900,0.0,0.0
2024-07-19 14:35:00+09:00,9894.0,9894.0,9894.0,9894.0,300,0.0,0.0
2024-07-19 14:36:00+09:00,9892.0,9892.0,9889.0,9890.0,1800,0.0,0.0
2024-07-19 14:37:00+09:00,9893.0,9894.0,9893.0,9894.0,600,0.0,0.0
2024-07-19 14:38:00+09:00,9895.0,9895.0,9895.0,9895.0,300,0.0,0.0
2024-07-19 14:40:00+09:00,9896.0,9897.0,9896.0,9897.0,1700,0.0,0.0
2024-07-19 14:41:00+09:00,9898.0,9905.0,9898.0,9904.0,2400,0.0,0.0
2024-07-19 14:42:00+09:00,9904.0,9915.0,9904.0,9915.0,2500,0.0,0.0
2024-07-19 14:43:00+09:00,9916.0,9919.0,9916.0,9919.0,500,0.0,0.0
2024-07-19 14:44:00+09:00,9916.0,9917.0,9913.0,9917.0,1900,0.0,0.0
2024-07-19 14:45:00+09:00,9916.0,9916.0,9913.0,9913.0,1400,0.0,0.0
2024-07-19 14:46:00+09:00,9910.0,9910.0,9908.0,9908.0,900,0.0,0.0
2024-07-19 14:47:00+09:00,9908.0,9910.0,9903.0,9903.0,1700,0.0,0.0
2024-07-19 14:48:00+09:00,9904.0,9910.0,9904.0,9910.0,800,0.0,0.0
2024-07-19 14:49:00+09:00,9910.0,9910.0,9904.0,9904.0,1500,0.0,0.0
2024-07-19 14:50:00+09:00,9901.0,9901.0,9897.0,9897.0,2200,0.0,0.0
2024-07-19 14:51:00+09:00,9897.0,9898.0,9897.0,9898.0,1400,0.0,0.0
2024-07-19 14:52:00+09:00,9898.0,9900.0,9898.0,9900.0,1700,0.0,0.0
2024-07-19 14:53:00+09:00,9898.0,9898.0,9893.0,9897.0,1800,0.0,0.0
2024-07-19 14:54:00+09:00,9898.0,9898.0,9896.0,9896.0,1900,0.0,0.0
2024-07-19 14:55:00+09:00,9897.0,9900.0,9894.0,9896.0,3400,0.0,0.0
2024-07-19 14:56:00+09:00,9894.0,9895.0,9893.0,9893.0,1200,0.0,0.0
2024-07-19 14:57:00+09:00,9895.0,9905.0,9895.0,9905.0,6100,0.0,0.0
2024-07-19 14:58:00+09:00,9904.0,9908.0,9892.0,9896.0,6900,0.0,0.0
2024-07-19 14:59:00+09:00,9897.0,9925.0,9895.0,9925.0,6600,0.0,0.0
