Datetime,Open,High,Low,Close,Volume,Dividends,Stock Splits
2024-10-10 09:00:00+09:00,14190.0,14270.0,14040.0,14070.0,0,0.0,0.0
2024-10-10 09:05:00+09:00,14060.0,14310.0,14060.0,14280.0,4779,0.0,0.0
2024-10-10 09:10:00+09:00,14280.0,14400.0,14280.0,14300.0,7932,0.0,0.0
2024-10-10 09:15:00+09:00,14300.0,14310.0,14170.0,14170.0,6951,0.0,0.0
2024-10-10 09:20:00+09:00,14170.0,14170.0,14080.0,14090.0,3821,0.0,0.0
2024-10-10 09:25:00+09:00,14090.0,14150.0,14060.0,14070.0,3773,0.0,0.0
2024-10-10 09:30:00+09:00,14070.0,14100.0,14060.0,14060.0,2946,0.0,0.0
2024-10-10 09:35:00+09:00,14060.0,14060.0,13960.0,13990.0,9357,0.0,0.0
2024-10-10 09:40:00+09:00,13990.0,14080.0,13980.0,14080.0,1580,0.0,0.0
2024-10-10 09:45:00+09:00,14080.0,14150.0,14080.0,14130.0,1870,0.0,0.0
2024-10-10 09:50:00+09:00,14100.0,14150.0,14070.0,14080.0,750,0.0,0.0
2024-10-10 09:55:00+09:00,14080.0,14080.0,13940.0,13980.0,5582,0.0,0.0
2024-10-10 10:00:00+09:00,13980.0,14000.0,13860.0,13890.0,11552,0.0,0.0
2024-10-10 10:05:00+09:00,13890.0,13950.0,13830.0,13950.0,8275,0.0,0.0
2024-10-10 10:10:00+09:00,13940.0,14190.0,13940.0,13990.0,7045,0.0,0.0
2024-10-10 10:15:00+09:00,13980.0,13990.0,13850.0,13860.0,7098,0.0,0.0
2024-10-10 10:20:00+09:00,13850.0,13860.0,13800.0,13810.0,16829,0.0,0.0
2024-10-10 10:25:00+09:00,13810.0,13900.0,13800.0,13900.0,5440,0.0,0.0
2024-10-10 10:30:00+09:00,13900.0,13970.0,13880.0,13890.0,982,0.0,0.0
2024-10-10 10:35:00+09:00,13890.0,13890.0,13820.0,13820.0,1880,0.0,0.0
2024-10-10 10:40:00+09:00,13830.0,13930.0,13810.0,13920.0,1383,0.0,0.0
2024-10-10 10:45:00+09:00,13920.0,13980.0,13910.0,13980.0,1054,0.0,0.0
2024-10-10 10:50:00+09:00,13960.0,13960.0,13890.0,13920.0,1165,0.0,0.0
2024-10-10 10:55:00+09:00,13920.0,13980.0,13870.0,13900.0,5161,0.0,0.0
2024-10-10 11:00:00+09:00,13880.0,13880.0,13800.0,13860.0,3451,0.0,0.0
2024-10-10 11:05:00+09:00,13860.0,13920.0,13860.0,13910.0,1020,0.0,0.0
2024-10-10 11:10:00+09:00,13910.0,13960.0,13830.0,13830.0,1343,0.0,0.0
2024-10-10 11:15:00+09:00,13840.0,13970.0,13840.0,13970.0,1621,0.0,0.0
2024-10-10 11:20:00+09:00,13970.0,13980.0,13930.0,13940.0,2493,0.0,0.0
2024-10-10 11:25:00+09:00,13960.0,13970.0,13950.0,13960.0,1336,0.0,0.0
2024-10-10 11:30:00+09:00,13960.0,14040.0,13960.0,14030.0,2910,0.0,0.0
2024-10-10 11:35:00+09:00,14030.0,14040.0,14000.0,14010.0,559,0.0,0.0
2024-10-10 11:40:00+09:00,14010.0,14030.0,13950.0,13950.0,802,0.0,0.0
2024-10-10 11:45:00+09:00,13950.0,14010.0,13940.0,13970.0,928,0.0,0.0
2024-10-10 11:50:00+09:00,14000.0,14000.0,13990.0,13990.0,0,0.0,0.0
2024-10-10 11:55:00+09:00,13990.0,13990.0,13970.0,13990.0,631,0.0,0.0
2024-10-10 12:00:00+09:00,13980.0,13990.0,13940.0,13950.0,505,0.0,0.0
2024-10-10 12:05:00+09:00,13970.0,13990.0,13940.0,13980.0,2251,0.0,0.0
2024-10-10 12:10:00+09:00,14000.0,14010.0,13990.0,14000.0,391,0.0,0.0
2024-10-10 12:15:00+09:00,14000.0,14100.0,14000.0,14070.0,3218,0.0,0.0
2024-10-10 12:20:00+09:00,14090.0,14090.0,14040.0,14070.0,363,0.0,0.0
2024-10-10 12:25:00+09:00,14050.0,14050.0,13990.0,13990.0,2262,0.0,0.0
2024-10-10 12:30:00+09:00,13990.0,14030.0,13990.0,14010.0,291,0.0,0.0
2024-10-10 12:35:00+09:00,14010.0,14030.0,13940.0,13950.0,1001,0.0,0.0
2024-10-10 12:40:00+09:00,13950.0,13990.0,13920.0,13980.0,1933,0.0,0.0
2024-10-10 12:45:00+09:00,13990.0,13990.0,13950.0,13950.0,602,0.0,0.0
2024-10-10 12:50:00+09:00,13960.0,13970.0,13940.0,13940.0,1006,0.0,0.0
2024-10-10 12:55:00+09:00,13940.0,14010.0,13920.0,13940.0,897,0.0,0.0
2024-10-10 13:00:00+09:00,13930.0,13990.0,13900.0,13990.0,1823,0.0,0.0
2024-10-10 13:05:00+09:00,13980.0,14070.0,13960.0,14070.0,1522,0.0,0.0
2024-10-10 13:10:00+09:00,14060.0,14100.0,14050.0,14080.0,1478,0.0,0.0
2024-10-10 13:15:00+09:00,14080.0,14140.0,14070.0,14140.0,1152,0.0,0.0
2024-10-10 13:20:00+09:00,14140.0,14140.0,14070.0,14070.0,455,0.0,0.0
2024-10-10 13:25:00+09:00,14100.0,14110.0,14070.0,14070.0,2068,0.0,0.0
2024-10-10 13:30:00+09:00,14070.0,14160.0,14070.0,14130.0,2225,0.0,0.0
2024-10-10 13:35:00+09:00,14150.0,14150.0,14070.0,14070.0,1179,0.0,0.0
2024-10-10 13:40:00+09:00,14070.0,14070.0,14010.0,14030.0,2524,0.0,0.0
2024-10-10 13:45:00+09:00,14040.0,14100.0,14040.0,14100.0,587,0.0,0.0
2024-10-10 13:50:00+09:00,14110.0,14170.0,14100.0,14170.0,1846,0.0,0.0
2024-10-10 13:55:00+09:00,14170.0,14170.0,14100.0,14130.0,439,0.0,0.0
2024-10-10 14:00:00+09:00,14130.0,14150.0,14020.0,14020.0,2293,0.0,0.0
2024-10-10 14:05:00+09:00,14020.0,14100.0,13990.0,14080.0,3733,0.0,0.0
2024-10-10 14:10:00+09:00,14080.0,14110.0,14080.0,14110.0,1701,0.0,0.0
2024-10-10 14:15:00+09:00,14110.0,14110.0,14080.0,14100.0,299,0.0,0.0
2024-10-10 14:20:00+09:00,14110.0,14140.0,14100.0,14130.0,1485,0.0,0.0
2024-10-10 14:25:00+09:00,14120.0,14120.0,14090.0,14090.0,732,0.0,0.0
2024-10-10 14:30:00+09:00,14090.0,14140.0,14090.0,14130.0,1415,0.0,0.0
2024-10-10 14:35:00+09:00,14100.0,14160.0,14100.0,14130.0,1612,0.0,0.0
2024-10-10 14:40:00+09:00,14130.0,14130.0,14070.0,14100.0,2505,0.0,0.0
2024-10-10 14:45:00+09:00,14100.0,14150.0,14070.0,14100.0,1851,0.0,0.0
2024-10-10 14:50:00+09:00,14120.0,14280.0,14110.0,14190.0,5355,0.0,0.0
2024-10-10 14:55:00+09:00,14190.0,14370.0,14180.0,14360.0,4719,0.0,0.0
2024-10-11 09:00:00+09:00,14350.0,14420.0,14100.0,14160.0,16164,0.0,0.0
2024-10-11 09:05:00+09:00,14200.0,14770.0,14130.0,14660.0,33384,0.0,0.0
2024-10-11 09:10:00+09:00,14660.0,14900.0,14580.0,14650.0,20884,0.0,0.0
2024-10-11 09:15:00+09:00,14620.0,14890.0,14600.0,14800.0,13931,0.0,0.0
2024-10-11 09:20:00+09:00,14800.0,14840.0,14670.0,14810.0,6891,0.0,0.0
2024-10-11 09:25:00+09:00,14810.0,14890.0,14670.0,14780.0,10822,0.0,0.0
2024-10-11 09:30:00+09:00,14730.0,14790.0,14690.0,14740.0,3578,0.0,0.0
2024-10-11 09:35:00+09:00,14720.0,14740.0,14630.0,14640.0,3980,0.0,0.0
2024-10-11 09:40:00+09:00,14640.0,14660.0,14510.0,14530.0,10022,0.0,0.0
2024-10-11 09:45:00+09:00,14560.0,14630.0,14510.0,14580.0,2739,0.0,0.0
2024-10-11 09:50:00+09:00,14580.0,14780.0,14540.0,14750.0,5725,0.0,0.0
2024-10-11 09:55:00+09:00,14770.0,14790.0,14690.0,14790.0,6543,0.0,0.0
2024-10-11 10:00:00+09:00,14790.0,14880.0,14700.0,14710.0,11151,0.0,0.0
2024-10-11 10:05:00+09:00,14710.0,14710.0,14590.0,14650.0,1627,0.0,0.0
2024-10-11 10:10:00+09:00,14610.0,14650.0,14540.0,14650.0,929,0.0,0.0
2024-10-11 10:15:00+09:00,14650.0,14690.0,14570.0,14610.0,995,0.0,0.0
2024-10-11 10:20:00+09:00,14600.0,14600.0,14400.0,14430.0,14248,0.0,0.0
2024-10-11 10:25:00+09:00,14430.0,14450.0,14270.0,14280.0,11818,0.0,0.0
2024-10-11 10:30:00+09:00,14280.0,14330.0,14220.0,14330.0,4737,0.0,0.0
2024-10-11 10:35:00+09:00,14330.0,14510.0,14270.0,14320.0,4059,0.0,0.0
2024-10-11 10:40:00+09:00,14330.0,14330.0,14260.0,14260.0,4059,0.0,0.0
2024-10-11 10:45:00+09:00,14260.0,14340.0,14260.0,14260.0,2836,0.0,0.0
2024-10-11 10:50:00+09:00,14270.0,14270.0,14150.0,14150.0,8597,0.0,0.0
2024-10-11 10:55:00+09:00,14170.0,14230.0,14150.0,14180.0,2517,0.0,0.0
2024-10-11 11:00:00+09:00,14220.0,14360.0,14200.0,14260.0,1396,0.0,0.0
2024-10-11 11:05:00+09:00,14260.0,14260.0,14230.0,14260.0,2473,0.0,0.0
2024-10-11 11:10:00+09:00,14260.0,14270.0,14180.0,14180.0,2231,0.0,0.0
2024-10-11 11:15:00+09:00,14180.0,14260.0,14170.0,14200.0,503,0.0,0.0
2024-10-11 11:20:00+09:00,14240.0,14240.0,14160.0,14160.0,1401,0.0,0.0
2024-10-11 11:25:00+09:00,14160.0,14160.0,14060.0,14070.0,9615,0.0,0.0
2024-10-11 11:30:00+09:00,14100.0,14100.0,14050.0,14090.0,1631,0.0,0.0
2024-10-11 11:35:00+09:00,14100.0,14150.0,14090.0,14130.0,323,0.0,0.0
2024-10-11 11:40:00+09:00,14110.0,14110.0,14010.0,14050.0,2687,0.0,0.0
2024-10-11 11:45:00+09:00,14050.0,14070.0,13970.0,14070.0,10720,0.0,0.0
2024-10-11 11:50:00+09:00,14040.0,14080.0,14020.0,14060.0,1841,0.0,0.0
2024-10-11 11:55:00+09:00,14070.0,14100.0,14050.0,14080.0,2526,0.0,0.0
2024-10-11 12:00:00+09:00,14050.0,14050.0,13980.0,14010.0,3050,0.0,0.0
2024-10-11 12:05:00+09:00,14000.0,14010.0,13900.0,13930.0,4619,0.0,0.0
2024-10-11 12:10:00+09:00,13940.0,14000.0,13940.0,14000.0,501,0.0,0.0
2024-10-11 12:15:00+09:00,14000.0,14000.0,13930.0,13940.0,1896,0.0,0.0
2024-10-11 12:20:00+09:00,13960.0,14030.0,13920.0,14030.0,2581,0.0,0.0
2024-10-11 12:25:00+09:00,14030.0,14050.0,13970.0,13990.0,1474,0.0,0.0
2024-10-11 12:30:00+09:00,13990.0,14090.0,13970.0,14000.0,1741,0.0,0.0
2024-10-11 12:35:00+09:00,14000.0,14100.0,14000.0,14000.0,1742,0.0,0.0
2024-10-11 12:40:00+09:00,14040.0,14090.0,14020.0,14030.0,2562,0.0,0.0
2024-10-11 12:45:00+09:00,14040.0,14080.0,14020.0,14020.0,464,0.0,0.0
2024-10-11 12:50:00+09:00,14060.0,14060.0,13880.0,13880.0,5192,0.0,0.0
2024-10-11 12:55:00+09:00,13890.0,13960.0,13870.0,13950.0,1899,0.0,0.0
2024-10-11 13:00:00+09:00,13930.0,13980.0,13920.0,13980.0,1137,0.0,0.0
2024-10-11 13:05:00+09:00,13980.0,13980.0,13950.0,13950.0,1006,0.0,0.0
2024-10-11 13:10:00+09:00,13940.0,13940.0,13910.0,13920.0,1417,0.0,0.0
2024-10-11 13:15:00+09:00,13910.0,13940.0,13880.0,13910.0,1296,0.0,0.0
2024-10-11 13:20:00+09:00,13910.0,13910.0,13880.0,13880.0,2396,0.0,0.0
2024-10-11 13:25:00+09:00,13880.0,13900.0,13820.0,13830.0,6277,0.0,0.0
2024-10-11 13:30:00+09:00,13820.0,13820.0,13700.0,13750.0,15623,0.0,0.0
2024-10-11 13:35:00+09:00,13790.0,13790.0,13700.0,13750.0,5188,0.0,0.0
2024-10-11 13:40:00+09:00,13720.0,13740.0,13650.0,13740.0,4773,0.0,0.0
2024-10-11 13:45:00+09:00,13720.0,13760.0,13680.0,13760.0,4173,0.0,0.0
2024-10-11 13:50:00+09:00,13720.0,13750.0,13700.0,13700.0,4141,0.0,0.0
2024-10-11 13:55:00+09:00,13700.0,13790.0,13700.0,13790.0,1936,0.0,0.0
2024-10-11 14:00:00+09:00,13790.0,13900.0,13760.0,13820.0,3319,0.0,0.0
2024-10-11 14:05:00+09:00,13770.0,13830.0,13770.0,13830.0,904,0.0,0.0
2024-10-11 14:10:00+09:00,13830.0,13900.0,13820.0,13840.0,1103,0.0,0.0
2024-10-11 14:15:00+09:00,13840.0,13890.0,13840.0,13880.0,595,0.0,0.0
2024-10-11 14:20:00+09:00,13880.0,13980.0,13880.0,13970.0,4014,0.0,0.0
2024-10-11 14:25:00+09:00,13970.0,14060.0,13950.0,14000.0,4917,0.0,0.0
2024-10-11 14:30:00+09:00,14000.0,14010.0,13940.0,13950.0,1343,0.0,0.0
2024-10-11 14:35:00+09:00,13950.0,13950.0,13850.0,13940.0,2660,0.0,0.0
2024-10-11 14:40:00+09:00,13890.0,13940.0,13880.0,13880.0,1261,0.0,0.0
2024-10-11 14:45:00+09:00,13880.0,13880.0,13780.0,13790.0,2817,0.0,0.0
2024-10-11 14:50:00+09:00,13850.0,13870.0,13760.0,13820.0,3044,0.0,0.0
2024-10-11 14:55:00+09:00,13820.0,13830.0,13760.0,13770.0,766,0.0,0.0
2024-10-14 09:00:00+09:00,13730.0,13860.0,13640.0,13680.0,0,0.0,0.0
2024-10-14 09:05:00+09:00,13690.0,13760.0,13520.0,13520.0,7862,0.0,0.0
2024-10-14 09:10:00+09:00,13650.0,13800.0,13300.0,13730.0,28789,0.0,0.0
2024-10-14 09:15:00+09:00,13730.0,13820.0,13670.0,13750.0,6974,0.0,0.0
2024-10-14 09:20:00+09:00,13730.0,13750.0,13680.0,13730.0,3300,0.0,0.0
2024-10-14 09:25:00+09:00,13730.0,13900.0,13720.0,13900.0,13284,0.0,0.0
2024-10-14 09:30:00+09:00,13870.0,13910.0,13800.0,13910.0,802,0.0,0.0
2024-10-14 09:35:00+09:00,13910.0,13910.0,13740.0,13740.0,11271,0.0,0.0
2024-10-14 09:40:00+09:00,13740.0,13820.0,13730.0,13750.0,1967,0.0,0.0
2024-10-14 09:45:00+09:00,13820.0,13880.0,13740.0,13760.0,163,0.0,0.0
2024-10-14 09:50:00+09:00,13760.0,13760.0,13670.0,13670.0,1378,0.0,0.0
2024-10-14 09:55:00+09:00,13670.0,13700.0,13650.0,13660.0,2872,0.0,0.0
2024-10-14 10:00:00+09:00,13690.0,13780.0,13670.0,13700.0,1731,0.0,0.0
2024-10-14 10:05:00+09:00,13700.0,13720.0,13680.0,13710.0,336,0.0,0.0
2024-10-14 10:10:00+09:00,13650.0,13660.0,13610.0,13640.0,1886,0.0,0.0
2024-10-14 10:15:00+09:00,13640.0,13670.0,13610.0,13650.0,1713,0.0,0.0
2024-10-14 10:20:00+09:00,13660.0,13800.0,13630.0,13760.0,2084,0.0,0.0
2024-10-14 10:25:00+09:00,13760.0,13760.0,13680.0,13710.0,687,0.0,0.0
2024-10-14 10:30:00+09:00,13740.0,13740.0,13680.0,13710.0,965,0.0,0.0
2024-10-14 10:35:00+09:00,13690.0,13690.0,13650.0,13650.0,2991,0.0,0.0
2024-10-14 10:40:00+09:00,13660.0,13710.0,13640.0,13710.0,1093,0.0,0.0
2024-10-14 10:45:00+09:00,13710.0,13730.0,13690.0,13690.0,1030,0.0,0.0
2024-10-14 10:50:00+09:00,13680.0,13690.0,13640.0,13690.0,894,0.0,0.0
2024-10-14 10:55:00+09:00,13670.0,13810.0,13640.0,13800.0,4714,0.0,0.0
2024-10-14 11:00:00+09:00,13790.0,13810.0,13720.0,13740.0,3818,0.0,0.0
2024-10-14 11:05:00+09:00,13760.0,13760.0,13720.0,13740.0,856,0.0,0.0
2024-10-14 11:10:00+09:00,13740.0,13830.0,13740.0,13830.0,1511,0.0,0.0
2024-10-14 11:15:00+09:00,13840.0,13970.0,13810.0,13910.0,8955,0.0,0.0
2024-10-14 11:20:00+09:00,13880.0,13920.0,13750.0,13840.0,3978,0.0,0.0
2024-10-14 11:25:00+09:00,13810.0,13840.0,13800.0,13830.0,296,0.0,0.0
2024-10-14 11:30:00+09:00,13800.0,13800.0,13760.0,13760.0,794,0.0,0.0
2024-10-14 11:35:00+09:00,13760.0,13790.0,13650.0,13680.0,5933,0.0,0.0
2024-10-14 11:40:00+09:00,13680.0,13710.0,13670.0,13710.0,567,0.0,0.0
2024-10-14 11:45:00+09:00,13710.0,13750.0,13710.0,13750.0,557,0.0,0.0
2024-10-14 11:50:00+09:00,13740.0,13760.0,13730.0,13740.0,705,0.0,0.0
2024-10-14 11:55:00+09:00,13740.0,13760.0,13740.0,13740.0,561,0.0,0.0
2024-10-14 12:00:00+09:00,13730.0,13760.0,13710.0,13760.0,734,0.0,0.0
2024-10-14 12:05:00+09:00,13750.0,13790.0,13750.0,13790.0,120,0.0,0.0
2024-10-14 12:10:00+09:00,13760.0,13780.0,13710.0,13710.0,581,0.0,0.0
2024-10-14 12:15:00+09:00,13740.0,13740.0,13710.0,13710.0,137,0.0,0.0
2024-10-14 12:20:00+09:00,13710.0,13740.0,13630.0,13670.0,2783,0.0,0.0
2024-10-14 12:25:00+09:00,13670.0,13730.0,13640.0,13730.0,909,0.0,0.0
2024-10-14 12:30:00+09:00,13730.0,13730.0,13730.0,13730.0,17,0.0,0.0
2024-10-14 12:35:00+09:00,13690.0,13750.0,13690.0,13750.0,2385,0.0,0.0
2024-10-14 12:40:00+09:00,13750.0,13750.0,13690.0,13750.0,1254,0.0,0.0
2024-10-14 12:45:00+09:00,13730.0,13730.0,13730.0,13730.0,0,0.0,0.0
2024-10-14 12:50:00+09:00,13720.0,13720.0,13720.0,13720.0,152,0.0,0.0
2024-10-14 12:55:00+09:00,13720.0,13730.0,13720.0,13730.0,74,0.0,0.0
2024-10-14 13:00:00+09:00,13730.0,13730.0,13660.0,13700.0,1548,0.0,0.0
2024-10-14 13:05:00+09:00,13680.0,13690.0,13680.0,13680.0,364,0.0,0.0
2024-10-14 13:10:00+09:00,13670.0,13720.0,13660.0,13720.0,437,0.0,0.0
2024-10-14 13:15:00+09:00,13710.0,13840.0,13710.0,13720.0,3087,0.0,0.0
2024-10-14 13:20:00+09:00,13720.0,13720.0,13650.0,13690.0,2236,0.0,0.0
2024-10-14 13:25:00+09:00,13690.0,13690.0,13650.0,13660.0,1233,0.0,0.0
2024-10-14 13:30:00+09:00,13680.0,13720.0,13670.0,13720.0,0,0.0,0.0
2024-10-14 13:35:00+09:00,13720.0,13750.0,13700.0,13730.0,1517,0.0,0.0
2024-10-14 13:40:00+09:00,13750.0,13750.0,13640.0,13660.0,2502,0.0,0.0
2024-10-14 13:45:00+09:00,13670.0,13690.0,13660.0,13690.0,2796,0.0,0.0
2024-10-14 13:50:00+09:00,13690.0,13800.0,13660.0,13750.0,18494,0.0,0.0
2024-10-14 13:55:00+09:00,13800.0,13810.0,13680.0,13690.0,6529,0.0,0.0
2024-10-14 14:00:00+09:00,13730.0,13730.0,13680.0,13700.0,2492,0.0,0.0
2024-10-14 14:05:00+09:00,13730.0,13730.0,13680.0,13730.0,2086,0.0,0.0
2024-10-14 14:10:00+09:00,13700.0,13730.0,13680.0,13690.0,754,0.0,0.0
2024-10-14 14:15:00+09:00,13690.0,13710.0,13690.0,13700.0,254,0.0,0.0
2024-10-14 14:20:00+09:00,13690.0,13700.0,13680.0,13700.0,713,0.0,0.0
2024-10-14 14:25:00+09:00,13700.0,13700.0,13640.0,13650.0,3576,0.0,0.0
2024-10-14 14:30:00+09:00,13660.0,13680.0,13640.0,13680.0,1282,0.0,0.0
2024-10-14 14:35:00+09:00,13670.0,13680.0,13500.0,13500.0,11275,0.0,0.0
2024-10-14 14:40:00+09:00,13500.0,13530.0,13440.0,13490.0,4769,0.0,0.0
2024-10-14 14:45:00+09:00,13480.0,13490.0,13300.0,13390.0,10140,0.0,0.0
2024-10-14 14:50:00+09:00,13390.0,13390.0,13310.0,13310.0,5184,0.0,0.0
2024-10-14 14:55:00+09:00,13340.0,13420.0,13310.0,13420.0,4628,0.0,0.0
2024-10-15 09:00:00+09:00,13210.0,13420.0,13210.0,13410.0,15851,0.0,0.0
2024-10-15 09:05:00+09:00,13410.0,13470.0,13350.0,13350.0,5791,0.0,0.0
2024-10-15 09:10:00+09:00,13340.0,13470.0,13340.0,13340.0,4682,0.0,0.0
2024-10-15 09:15:00+09:00,13400.0,13410.0,13320.0,13400.0,3029,0.0,0.0
2024-10-15 09:20:00+09:00,13400.0,13400.0,13180.0,13300.0,9938,0.0,0.0
2024-10-15 09:25:00+09:00,13260.0,13260.0,13100.0,13260.0,11462,0.0,0.0
2024-10-15 09:30:00+09:00,13260.0,13270.0,13230.0,13230.0,1530,0.0,0.0
2024-10-15 09:35:00+09:00,13230.0,13290.0,13200.0,13220.0,3528,0.0,0.0
2024-10-15 09:40:00+09:00,13200.0,13290.0,13170.0,13180.0,2362,0.0,0.0
2024-10-15 09:45:00+09:00,13180.0,13220.0,13100.0,13120.0,7335,0.0,0.0
2024-10-15 09:50:00+09:00,13120.0,13200.0,13120.0,13140.0,2304,0.0,0.0
2024-10-15 09:55:00+09:00,13150.0,13150.0,13080.0,13100.0,6258,0.0,0.0
2024-10-15 10:00:00+09:00,13110.0,13180.0,13070.0,13120.0,4255,0.0,0.0
2024-10-15 10:05:00+09:00,13140.0,13160.0,13080.0,13080.0,2131,0.0,0.0
2024-10-15 10:10:00+09:00,13110.0,13150.0,13090.0,13130.0,4264,0.0,0.0
2024-10-15 10:15:00+09:00,13130.0,13130.0,13050.0,13050.0,6978,0.0,0.0
2024-10-15 10:20:00+09:00,13060.0,13110.0,13040.0,13110.0,2261,0.0,0.0
2024-10-15 10:25:00+09:00,13080.0,13080.0,13040.0,13040.0,2448,0.0,0.0
2024-10-15 10:30:00+09:00,13040.0,13070.0,13040.0,13050.0,1280,0.0,0.0
2024-10-15 10:35:00+09:00,13070.0,13130.0,13070.0,13110.0,2025,0.0,0.0
2024-10-15 10:40:00+09:00,13080.0,13110.0,13070.0,13080.0,1034,0.0,0.0
2024-10-15 10:45:00+09:00,13080.0,13100.0,13050.0,13050.0,1644,0.0,0.0
2024-10-15 10:50:00+09:00,13050.0,13080.0,13000.0,13080.0,6364,0.0,0.0
2024-10-15 10:55:00+09:00,13080.0,13110.0,13050.0,13110.0,1857,0.0,0.0
2024-10-15 11:00:00+09:00,13110.0,13160.0,13110.0,13130.0,1243,0.0,0.0
2024-10-15 11:05:00+09:00,13130.0,13160.0,13130.0,13130.0,336,0.0,0.0
2024-10-15 11:10:00+09:00,13120.0,13120.0,13070.0,13070.0,1563,0.0,0.0
2024-10-15 11:15:00+09:00,13060.0,13110.0,13050.0,13070.0,1728,0.0,0.0
2024-10-15 11:20:00+09:00,13080.0,13110.0,13050.0,13070.0,2801,0.0,0.0
2024-10-15 11:25:00+09:00,13060.0,13060.0,13040.0,13050.0,1348,0.0,0.0
2024-10-15 11:30:00+09:00,13060.0,13070.0,13020.0,13070.0,2460,0.0,0.0
2024-10-15 11:35:00+09:00,13040.0,13040.0,13000.0,13020.0,4752,0.0,0.0
2024-10-15 11:40:00+09:00,13010.0,13040.0,13000.0,13030.0,1270,0.0,0.0
2024-10-15 11:45:00+09:00,13020.0,13020.0,13000.0,13000.0,2874,0.0,0.0
2024-10-15 11:50:00+09:00,13000.0,13000.0,12960.0,12960.0,7524,0.0,0.0
2024-10-15 11:55:00+09:00,12990.0,13020.0,12980.0,12990.0,2236,0.0,0.0
2024-10-15 12:00:00+09:00,13010.0,13010.0,12950.0,12990.0,1050,0.0,0.0
2024-10-15 12:05:00+09:00,12990.0,12990.0,12950.0,12990.0,3590,0.0,0.0
2024-10-15 12:10:00+09:00,12970.0,12990.0,12950.0,12950.0,1700,0.0,0.0
2024-10-15 12:15:00+09:00,12950.0,12970.0,12940.0,12940.0,2259,0.0,0.0
2024-10-15 12:20:00+09:00,12940.0,12940.0,12930.0,12940.0,1262,0.0,0.0
2024-10-15 12:25:00+09:00,12950.0,12970.0,12930.0,12930.0,1500,0.0,0.0
2024-10-15 12:30:00+09:00,12940.0,12980.0,12940.0,12940.0,2360,0.0,0.0
2024-10-15 12:35:00+09:00,12940.0,12970.0,12920.0,12960.0,1466,0.0,0.0
2024-10-15 12:40:00+09:00,12960.0,12970.0,12940.0,12960.0,732,0.0,0.0
2024-10-15 12:45:00+09:00,12960.0,12970.0,12940.0,12970.0,881,0.0,0.0
2024-10-15 12:50:00+09:00,12980.0,13070.0,12980.0,13060.0,1598,0.0,0.0
2024-10-15 12:55:00+09:00,13060.0,13100.0,13040.0,13060.0,2584,0.0,0.0
2024-10-15 13:00:00+09:00,13070.0,13070.0,13020.0,13060.0,1658,0.0,0.0
2024-10-15 13:05:00+09:00,13050.0,13060.0,13010.0,13020.0,1813,0.0,0.0
2024-10-15 13:10:00+09:00,13020.0,13070.0,13010.0,13070.0,1358,0.0,0.0
2024-10-15 13:15:00+09:00,13070.0,13110.0,13010.0,13040.0,3250,0.0,0.0
2024-10-15 13:20:00+09:00,13040.0,13110.0,13040.0,13040.0,167,0.0,0.0
2024-10-15 13:25:00+09:00,13040.0,13060.0,13020.0,13040.0,1484,0.0,0.0
2024-10-15 13:30:00+09:00,13060.0,13070.0,13010.0,13050.0,819,0.0,0.0
2024-10-15 13:35:00+09:00,13020.0,13090.0,13020.0,13090.0,2034,0.0,0.0
2024-10-15 13:40:00+09:00,13090.0,13110.0,13070.0,13070.0,1912,0.0,0.0
2024-10-15 13:45:00+09:00,13070.0,13080.0,13040.0,13080.0,428,0.0,0.0
2024-10-15 13:50:00+09:00,13070.0,13080.0,13050.0,13050.0,389,0.0,0.0
2024-10-15 13:55:00+09:00,13040.0,13090.0,13010.0,13050.0,5262,0.0,0.0
2024-10-15 14:00:00+09:00,13050.0,13080.0,13030.0,13030.0,976,0.0,0.0
2024-10-15 14:05:00+09:00,13030.0,13040.0,13030.0,13040.0,158,0.0,0.0
2024-10-15 14:10:00+09:00,13040.0,13090.0,13040.0,13090.0,2176,0.0,0.0
2024-10-15 14:15:00+09:00,13080.0,13080.0,13050.0,13050.0,250,0.0,0.0
2024-10-15 14:20:00+09:00,13060.0,13070.0,13050.0,13070.0,582,0.0,0.0
2024-10-15 14:25:00+09:00,13060.0,13070.0,13010.0,13010.0,772,0.0,0.0
2024-10-15 14:30:00+09:00,13040.0,13040.0,12970.0,12970.0,3273,0.0,0.0
2024-10-15 14:35:00+09:00,12980.0,13000.0,12930.0,12950.0,5177,0.0,0.0
2024-10-15 14:40:00+09:00,12950.0,12990.0,12920.0,12920.0,4007,0.0,0.0
2024-10-15 14:45:00+09:00,12920.0,12970.0,12910.0,12960.0,2130,0.0,0.0
2024-10-15 14:50:00+09:00,12930.0,13060.0,12930.0,13040.0,2625,0.0,0.0
2024-10-15 14:55:00+09:00,13040.0,13040.0,12990.0,12990.0,2696,0.0,0.0
2024-10-16 09:00:00+09:00,13000.0,13280.0,12990.0,13250.0,10164,0.0,0.0
2024-10-16 09:05:00+09:00,13250.0,13270.0,13110.0,13200.0,6088,0.0,0.0
2024-10-16 09:10:00+09:00,13180.0,13200.0,13060.0,13060.0,1701,0.0,0.0
2024-10-16 09:15:00+09:00,13050.0,13050.0,12900.0,12930.0,6855,0.0,0.0
2024-10-16 09:20:00+09:00,12930.0,13000.0,12900.0,12970.0,2535,0.0,0.0
2024-10-16 09:25:00+09:00,12970.0,12970.0,12790.0,12910.0,8195,0.0,0.0
2024-10-16 09:30:00+09:00,12870.0,12930.0,12820.0,12820.0,1946,0.0,0.0
2024-10-16 09:35:00+09:00,12850.0,12900.0,12800.0,12820.0,1611,0.0,0.0
2024-10-16 09:40:00+09:00,12810.0,12900.0,12810.0,12880.0,1478,0.0,0.0
2024-10-16 09:45:00+09:00,12880.0,12910.0,12830.0,12850.0,1826,0.0,0.0
2024-10-16 09:50:00+09:00,12840.0,12880.0,12810.0,12830.0,1729,0.0,0.0
2024-10-16 09:55:00+09:00,12840.0,12840.0,12810.0,12840.0,758,0.0,0.0
2024-10-16 10:00:00+09:00,12860.0,12880.0,12830.0,12830.0,1085,0.0,0.0
2024-10-16 10:05:00+09:00,12880.0,12880.0,12840.0,12870.0,399,0.0,0.0
2024-10-16 10:10:00+09:00,12840.0,12860.0,12830.0,12850.0,185,0.0,0.0
2024-10-16 10:15:00+09:00,12860.0,12980.0,12860.0,12960.0,2031,0.0,0.0
2024-10-16 10:20:00+09:00,12930.0,12960.0,12890.0,12890.0,1981,0.0,0.0
2024-10-16 10:25:00+09:00,12890.0,12960.0,12870.0,12950.0,1359,0.0,0.0
2024-10-16 10:30:00+09:00,12950.0,13000.0,12930.0,12950.0,3646,0.0,0.0
2024-10-16 10:35:00+09:00,12950.0,13030.0,12950.0,13030.0,4468,0.0,0.0
2024-10-16 10:40:00+09:00,13050.0,13160.0,13050.0,13160.0,3914,0.0,0.0
2024-10-16 10:45:00+09:00,13150.0,13240.0,13130.0,13240.0,6672,0.0,0.0
2024-10-16 10:50:00+09:00,13250.0,13250.0,13080.0,13130.0,1885,0.0,0.0
2024-10-16 10:55:00+09:00,13090.0,13130.0,13090.0,13090.0,591,0.0,0.0
2024-10-16 11:00:00+09:00,13090.0,13090.0,13030.0,13050.0,2361,0.0,0.0
2024-10-16 11:05:00+09:00,13050.0,13050.0,12960.0,12960.0,2777,0.0,0.0
2024-10-16 11:10:00+09:00,12990.0,13100.0,12990.0,13100.0,343,0.0,0.0
2024-10-16 11:15:00+09:00,13050.0,13100.0,13020.0,13100.0,193,0.0,0.0
2024-10-16 11:20:00+09:00,13090.0,13160.0,13080.0,13100.0,462,0.0,0.0
2024-10-16 11:25:00+09:00,13110.0,13150.0,13070.0,13110.0,755,0.0,0.0
2024-10-16 11:30:00+09:00,13120.0,13150.0,13120.0,13130.0,1208,0.0,0.0
2024-10-16 11:35:00+09:00,13120.0,13130.0,13110.0,13130.0,196,0.0,0.0
2024-10-16 11:40:00+09:00,13130.0,13130.0,13070.0,13070.0,866,0.0,0.0
2024-10-16 11:45:00+09:00,13110.0,13140.0,13110.0,13110.0,257,0.0,0.0
2024-10-16 11:50:00+09:00,13110.0,13180.0,13110.0,13150.0,1487,0.0,0.0
2024-10-16 11:55:00+09:00,13150.0,13190.0,13150.0,13170.0,1096,0.0,0.0
2024-10-16 12:00:00+09:00,13160.0,13170.0,13110.0,13150.0,771,0.0,0.0
2024-10-16 12:05:00+09:00,13150.0,13180.0,13120.0,13180.0,1142,0.0,0.0
2024-10-16 12:10:00+09:00,13140.0,13170.0,13140.0,13170.0,220,0.0,0.0
2024-10-16 12:15:00+09:00,13150.0,13170.0,13140.0,13170.0,1004,0.0,0.0
2024-10-16 12:20:00+09:00,13170.0,13260.0,13170.0,13260.0,4534,0.0,0.0
2024-10-16 12:25:00+09:00,13250.0,13250.0,13150.0,13150.0,2859,0.0,0.0
2024-10-16 12:30:00+09:00,13150.0,13220.0,13140.0,13170.0,1789,0.0,0.0
2024-10-16 12:35:00+09:00,13170.0,13190.0,13160.0,13190.0,467,0.0,0.0
2024-10-16 12:40:00+09:00,13190.0,13200.0,13150.0,13150.0,287,0.0,0.0
2024-10-16 12:45:00+09:00,13190.0,13200.0,13160.0,13200.0,862,0.0,0.0
2024-10-16 12:50:00+09:00,13180.0,13180.0,13180.0,13180.0,6,0.0,0.0
2024-10-16 12:55:00+09:00,13170.0,13180.0,13160.0,13180.0,296,0.0,0.0
2024-10-16 13:00:00+09:00,13180.0,13200.0,13160.0,13190.0,2254,0.0,0.0
2024-10-16 13:05:00+09:00,13160.0,13250.0,13160.0,13250.0,2308,0.0,0.0
2024-10-16 13:10:00+09:00,13230.0,13260.0,13180.0,13210.0,2985,0.0,0.0
2024-10-16 13:15:00+09:00,13210.0,13250.0,13170.0,13210.0,613,0.0,0.0
2024-10-16 13:20:00+09:00,13210.0,13250.0,13210.0,13220.0,1536,0.0,0.0
2024-10-16 13:25:00+09:00,13220.0,13260.0,13220.0,13250.0,1035,0.0,0.0
2024-10-16 13:30:00+09:00,13250.0,13270.0,13240.0,13270.0,2840,0.0,0.0
2024-10-16 13:35:00+09:00,13260.0,13290.0,13230.0,13250.0,1718,0.0,0.0
2024-10-16 13:40:00+09:00,13260.0,13260.0,13230.0,13230.0,604,0.0,0.0
2024-10-16 13:45:00+09:00,13230.0,13230.0,13150.0,13220.0,3425,0.0,0.0
2024-10-16 13:50:00+09:00,13170.0,13170.0,13150.0,13160.0,1290,0.0,0.0
2024-10-16 13:55:00+09:00,13150.0,13190.0,13150.0,13190.0,237,0.0,0.0
2024-10-16 14:00:00+09:00,13180.0,13180.0,13150.0,13150.0,211,0.0,0.0
2024-10-16 14:05:00+09:00,13150.0,13180.0,13140.0,13140.0,752,0.0,0.0
2024-10-16 14:10:00+09:00,13130.0,13140.0,13120.0,13130.0,932,0.0,0.0
2024-10-16 14:15:00+09:00,13120.0,13120.0,12950.0,12950.0,8382,0.0,0.0
2024-10-16 14:20:00+09:00,12950.0,12980.0,12940.0,12940.0,1361,0.0,0.0
2024-10-16 14:25:00+09:00,12950.0,12950.0,12870.0,12930.0,2987,0.0,0.0
2024-10-16 14:30:00+09:00,12900.0,13000.0,12890.0,12950.0,2785,0.0,0.0
2024-10-16 14:35:00+09:00,12950.0,13010.0,12950.0,12970.0,1760,0.0,0.0
2024-10-16 14:40:00+09:00,12970.0,13060.0,12950.0,12960.0,1600,0.0,0.0
2024-10-16 14:45:00+09:00,12960.0,13030.0,12960.0,12960.0,683,0.0,0.0
2024-10-16 14:50:00+09:00,12960.0,13000.0,12960.0,12990.0,185,0.0,0.0
2024-10-16 14:55:00+09:00,13020.0,13020.0,12990.0,12990.0,351,0.0,0.0
2024-10-17 09:00:00+09:00,12900.0,12940.0,12840.0,12900.0,5190,0.0,0.0
2024-10-17 09:05:00+09:00,12900.0,13000.0,12860.0,12980.0,3743,0.0,0.0
2024-10-17 09:10:00+09:00,12880.0,12980.0,12860.0,12940.0,1111,0.0,0.0
2024-10-17 09:15:00+09:00,12940.0,13000.0,12910.0,12930.0,3307,0.0,0.0
2024-10-17 09:20:00+09:00,12940.0,12940.0,12870.0,12880.0,2254,0.0,0.0
2024-10-17 09:25:00+09:00,12880.0,12910.0,12820.0,12820.0,7060,0.0,0.0
2024-10-17 09:30:00+09:00,12830.0,12900.0,12750.0,12830.0,6376,0.0,0.0
2024-10-17 09:35:00+09:00,12830.0,12830.0,12710.0,12730.0,8569,0.0,0.0
2024-10-17 09:40:00+09:00,12740.0,12750.0,12710.0,12740.0,3182,0.0,0.0
2024-10-17 09:45:00+09:00,12720.0,12720.0,12710.0,12710.0,1693,0.0,0.0
2024-10-17 09:50:00+09:00,12710.0,12760.0,12710.0,12710.0,3054,0.0,0.0
2024-10-17 09:55:00+09:00,12720.0,12720.0,12640.0,12690.0,4349,0.0,0.0
2024-10-17 10:00:00+09:00,12690.0,12710.0,12690.0,12700.0,1524,0.0,0.0
2024-10-17 10:05:00+09:00,12700.0,12720.0,12690.0,12720.0,2088,0.0,0.0
2024-10-17 10:10:00+09:00,12710.0,12770.0,12710.0,12770.0,1907,0.0,0.0
2024-10-17 10:15:00+09:00,12770.0,12860.0,12770.0,12840.0,2655,0.0,0.0
2024-10-17 10:20:00+09:00,12820.0,12850.0,12730.0,12760.0,2430,0.0,0.0
2024-10-17 10:25:00+09:00,12740.0,12800.0,12720.0,12740.0,725,0.0,0.0
2024-10-17 10:30:00+09:00,12740.0,12740.0,12720.0,12730.0,418,0.0,0.0
2024-10-17 10:35:00+09:00,12750.0,12790.0,12730.0,12790.0,932,0.0,0.0
2024-10-17 10:40:00+09:00,12770.0,12820.0,12730.0,12820.0,690,0.0,0.0
2024-10-17 10:45:00+09:00,12790.0,12830.0,12730.0,12760.0,944,0.0,0.0
2024-10-17 10:50:00+09:00,12780.0,12840.0,12740.0,12840.0,360,0.0,0.0
2024-10-17 10:55:00+09:00,12830.0,12830.0,12790.0,12820.0,179,0.0,0.0
2024-10-17 11:00:00+09:00,12800.0,12820.0,12780.0,12780.0,148,0.0,0.0
2024-10-17 11:05:00+09:00,12780.0,12800.0,12750.0,12750.0,1076,0.0,0.0
2024-10-17 11:10:00+09:00,12760.0,12760.0,12680.0,12710.0,5224,0.0,0.0
2024-10-17 11:15:00+09:00,12710.0,12710.0,12660.0,12690.0,888,0.0,0.0
2024-10-17 11:20:00+09:00,12690.0,12700.0,12660.0,12670.0,1968,0.0,0.0
2024-10-17 11:25:00+09:00,12670.0,12690.0,12670.0,12690.0,8,0.0,0.0
2024-10-17 11:30:00+09:00,12670.0,12680.0,12660.0,12680.0,938,0.0,0.0
2024-10-17 11:35:00+09:00,12680.0,12710.0,12680.0,12710.0,510,0.0,0.0
2024-10-17 11:40:00+09:00,12700.0,12710.0,12660.0,12690.0,227,0.0,0.0
2024-10-17 11:45:00+09:00,12690.0,12690.0,12660.0,12690.0,226,0.0,0.0
2024-10-17 11:50:00+09:00,12670.0,12690.0,12610.0,12610.0,4656,0.0,0.0
2024-10-17 11:55:00+09:00,12640.0,12640.0,12600.0,12610.0,2450,0.0,0.0
2024-10-17 12:00:00+09:00,12640.0,12670.0,12610.0,12660.0,1380,0.0,0.0
2024-10-17 12:05:00+09:00,12650.0,12660.0,12630.0,12640.0,138,0.0,0.0
2024-10-17 12:10:00+09:00,12640.0,12680.0,12640.0,12670.0,607,0.0,0.0
2024-10-17 12:15:00+09:00,12650.0,12730.0,12650.0,12710.0,1930,0.0,0.0
2024-10-17 12:20:00+09:00,12720.0,12720.0,12700.0,12710.0,941,0.0,0.0
2024-10-17 12:25:00+09:00,12710.0,12710.0,12680.0,12680.0,2526,0.0,0.0
2024-10-17 12:30:00+09:00,12720.0,12720.0,12690.0,12720.0,0,0.0,0.0
2024-10-17 12:35:00+09:00,12730.0,12770.0,12730.0,12770.0,1805,0.0,0.0
2024-10-17 12:40:00+09:00,12770.0,12790.0,12770.0,12780.0,766,0.0,0.0
2024-10-17 12:45:00+09:00,12780.0,12780.0,12750.0,12750.0,1018,0.0,0.0
2024-10-17 12:50:00+09:00,12750.0,12750.0,12740.0,12740.0,753,0.0,0.0
2024-10-17 12:55:00+09:00,12740.0,12740.0,12740.0,12740.0,51,0.0,0.0
2024-10-17 13:00:00+09:00,12740.0,12830.0,12740.0,12830.0,751,0.0,0.0
2024-10-17 13:05:00+09:00,12830.0,12900.0,12820.0,12880.0,3159,0.0,0.0
2024-10-17 13:10:00+09:00,12880.0,12930.0,12850.0,12870.0,2172,0.0,0.0
2024-10-17 13:15:00+09:00,12870.0,12950.0,12820.0,12950.0,3187,0.0,0.0
2024-10-17 13:20:00+09:00,12950.0,13070.0,12910.0,13060.0,7506,0.0,0.0
2024-10-17 13:25:00+09:00,13030.0,13070.0,12900.0,13000.0,5537,0.0,0.0
2024-10-17 13:30:00+09:00,12980.0,13000.0,12890.0,12930.0,1963,0.0,0.0
2024-10-17 13:35:00+09:00,12910.0,12930.0,12880.0,12920.0,307,0.0,0.0
2024-10-17 13:40:00+09:00,12930.0,12950.0,12870.0,12900.0,2545,0.0,0.0
2024-10-17 13:45:00+09:00,12900.0,12910.0,12860.0,12900.0,947,0.0,0.0
2024-10-17 13:50:00+09:00,12860.0,12900.0,12850.0,12850.0,935,0.0,0.0
2024-10-17 13:55:00+09:00,12880.0,12900.0,12870.0,12900.0,369,0.0,0.0
2024-10-17 14:00:00+09:00,12910.0,12910.0,12870.0,12910.0,1696,0.0,0.0
2024-10-17 14:05:00+09:00,12890.0,12910.0,12850.0,12910.0,797,0.0,0.0
2024-10-17 14:10:00+09:00,12890.0,12890.0,12860.0,12860.0,923,0.0,0.0
2024-10-17 14:15:00+09:00,12860.0,12860.0,12850.0,12850.0,511,0.0,0.0
2024-10-17 14:20:00+09:00,12850.0,12850.0,12770.0,12770.0,3938,0.0,0.0
2024-10-17 14:25:00+09:00,12810.0,12850.0,12730.0,12760.0,2448,0.0,0.0
2024-10-17 14:30:00+09:00,12760.0,12850.0,12740.0,12750.0,232,0.0,0.0
2024-10-17 14:35:00+09:00,12750.0,12770.0,12730.0,12740.0,979,0.0,0.0
2024-10-17 14:40:00+09:00,12770.0,12770.0,12770.0,12770.0,136,0.0,0.0
2024-10-17 14:45:00+09:00,12770.0,12820.0,12760.0,12760.0,83,0.0,0.0
2024-10-17 14:50:00+09:00,12790.0,12810.0,12790.0,12790.0,2176,0.0,0.0
2024-10-17 14:55:00+09:00,12790.0,12790.0,12730.0,12730.0,2593,0.0,0.0
2024-10-18 09:00:00+09:00,12500.0,12600.0,12460.0,12560.0,11798,0.0,0.0
2024-10-18 09:05:00+09:00,12500.0,12580.0,12500.0,12530.0,2429,0.0,0.0
2024-10-18 09:10:00+09:00,12530.0,12570.0,12500.0,12520.0,3099,0.0,0.0
2024-10-18 09:15:00+09:00,12520.0,12520.0,12470.0,12470.0,2338,0.0,0.0
2024-10-18 09:20:00+09:00,12480.0,12490.0,12410.0,12460.0,6852,0.0,0.0
2024-10-18 09:25:00+09:00,12490.0,12490.0,12430.0,12450.0,1016,0.0,0.0
2024-10-18 09:30:00+09:00,12450.0,12520.0,12430.0,12500.0,2703,0.0,0.0
2024-10-18 09:35:00+09:00,12490.0,12520.0,12460.0,12460.0,1617,0.0,0.0
2024-10-18 09:40:00+09:00,12460.0,12490.0,12400.0,12410.0,9065,0.0,0.0
2024-10-18 09:45:00+09:00,12400.0,12410.0,12320.0,12330.0,7508,0.0,0.0
2024-10-18 09:50:00+09:00,12350.0,12370.0,12320.0,12330.0,4924,0.0,0.0
2024-10-18 09:55:00+09:00,12330.0,12430.0,12330.0,12430.0,3217,0.0,0.0
2024-10-18 10:00:00+09:00,12430.0,12460.0,12400.0,12410.0,1031,0.0,0.0
2024-10-18 10:05:00+09:00,12430.0,12450.0,12410.0,12410.0,289,0.0,0.0
2024-10-18 10:10:00+09:00,12410.0,12430.0,12400.0,12400.0,569,0.0,0.0
2024-10-18 10:15:00+09:00,12400.0,12400.0,12360.0,12360.0,1066,0.0,0.0
2024-10-18 10:20:00+09:00,12360.0,12380.0,12360.0,12360.0,926,0.0,0.0
2024-10-18 10:25:00+09:00,12360.0,12400.0,12330.0,12400.0,1722,0.0,0.0
2024-10-18 10:30:00+09:00,12370.0,12430.0,12300.0,12310.0,5595,0.0,0.0
2024-10-18 10:35:00+09:00,12320.0,12380.0,12300.0,12360.0,2874,0.0,0.0
2024-10-18 10:40:00+09:00,12320.0,12320.0,12220.0,12270.0,2693,0.0,0.0
2024-10-18 10:45:00+09:00,12280.0,12290.0,12230.0,12290.0,2677,0.0,0.0
2024-10-18 10:50:00+09:00,12250.0,12290.0,12240.0,12260.0,788,0.0,0.0
2024-10-18 10:55:00+09:00,12280.0,12280.0,12200.0,12220.0,3597,0.0,0.0
2024-10-18 11:00:00+09:00,12250.0,12270.0,12200.0,12230.0,649,0.0,0.0
2024-10-18 11:05:00+09:00,12220.0,12230.0,12060.0,12080.0,15083,0.0,0.0
2024-10-18 11:10:00+09:00,12080.0,12200.0,12070.0,12200.0,2106,0.0,0.0
2024-10-18 11:15:00+09:00,12190.0,12190.0,12090.0,12120.0,2402,0.0,0.0
2024-10-18 11:20:00+09:00,12130.0,12200.0,12120.0,12160.0,1707,0.0,0.0
2024-10-18 11:25:00+09:00,12180.0,12230.0,12020.0,12150.0,9856,0.0,0.0
2024-10-18 11:30:00+09:00,12150.0,12200.0,12100.0,12180.0,877,0.0,0.0
2024-10-18 11:35:00+09:00,12180.0,12200.0,12130.0,12160.0,3314,0.0,0.0
2024-10-18 11:40:00+09:00,12160.0,12220.0,12160.0,12190.0,1868,0.0,0.0
2024-10-18 11:45:00+09:00,12190.0,12190.0,12150.0,12150.0,0,0.0,0.0
2024-10-18 11:50:00+09:00,12160.0,12200.0,12120.0,12120.0,475,0.0,0.0
2024-10-18 11:55:00+09:00,12130.0,12180.0,12130.0,12180.0,174,0.0,0.0
2024-10-18 12:00:00+09:00,12180.0,12180.0,12100.0,12110.0,1857,0.0,0.0
2024-10-18 12:05:00+09:00,12140.0,12200.0,12110.0,12160.0,1547,0.0,0.0
2024-10-18 12:10:00+09:00,12130.0,12160.0,12130.0,12130.0,282,0.0,0.0
2024-10-18 12:15:00+09:00,12130.0,12130.0,12110.0,12120.0,1255,0.0,0.0
2024-10-18 12:20:00+09:00,12120.0,12160.0,12110.0,12150.0,544,0.0,0.0
2024-10-18 12:25:00+09:00,12150.0,12180.0,12150.0,12180.0,274,0.0,0.0
2024-10-18 12:30:00+09:00,12180.0,12300.0,12170.0,12260.0,4027,0.0,0.0
2024-10-18 12:35:00+09:00,12260.0,12270.0,12240.0,12240.0,635,0.0,0.0
2024-10-18 12:40:00+09:00,12240.0,12270.0,12200.0,12240.0,465,0.0,0.0
2024-10-18 12:45:00+09:00,12240.0,12270.0,12170.0,12180.0,921,0.0,0.0
2024-10-18 12:50:00+09:00,12180.0,12180.0,12060.0,12100.0,2339,0.0,0.0
2024-10-18 12:55:00+09:00,12100.0,12130.0,12090.0,12100.0,300,0.0,0.0
2024-10-18 13:00:00+09:00,12100.0,12170.0,12080.0,12080.0,1974,0.0,0.0
2024-10-18 13:05:00+09:00,12110.0,12160.0,12110.0,12140.0,32,0.0,0.0
2024-10-18 13:10:00+09:00,12120.0,12160.0,12120.0,12160.0,1110,0.0,0.0
2024-10-18 13:15:00+09:00,12150.0,12150.0,12120.0,12120.0,655,0.0,0.0
2024-10-18 13:20:00+09:00,12120.0,12170.0,12120.0,12170.0,713,0.0,0.0
2024-10-18 13:25:00+09:00,12170.0,12180.0,12140.0,12180.0,1278,0.0,0.0
2024-10-18 13:30:00+09:00,12180.0,12230.0,12160.0,12220.0,378,0.0,0.0
2024-10-18 13:35:00+09:00,12220.0,12230.0,12150.0,12230.0,446,0.0,0.0
2024-10-18 13:40:00+09:00,12160.0,12180.0,12120.0,12120.0,627,0.0,0.0
2024-10-18 13:45:00+09:00,12130.0,12200.0,12130.0,12200.0,0,0.0,0.0
2024-10-18 13:50:00+09:00,12170.0,12200.0,12130.0,12200.0,1529,0.0,0.0
2024-10-18 13:55:00+09:00,12190.0,12250.0,12190.0,12230.0,457,0.0,0.0
2024-10-18 14:00:00+09:00,12230.0,12240.0,12180.0,12180.0,1370,0.0,0.0
2024-10-18 14:05:00+09:00,12170.0,12180.0,12160.0,12160.0,415,0.0,0.0
2024-10-18 14:10:00+09:00,12180.0,12220.0,12180.0,12220.0,346,0.0,0.0
2024-10-18 14:15:00+09:00,12220.0,12220.0,12220.0,12220.0,362,0.0,0.0
2024-10-18 14:20:00+09:00,12220.0,12230.0,12200.0,12200.0,212,0.0,0.0
2024-10-18 14:25:00+09:00,12200.0,12200.0,12000.0,12050.0,12263,0.0,0.0
2024-10-18 14:30:00+09:00,12070.0,12160.0,12070.0,12110.0,1757,0.0,0.0
2024-10-18 14:35:00+09:00,12110.0,12160.0,12100.0,12100.0,2146,0.0,0.0
2024-10-18 14:40:00+09:00,12100.0,12130.0,12090.0,12130.0,488,0.0,0.0
2024-10-18 14:45:00+09:00,12130.0,12130.0,12080.0,12110.0,429,0.0,0.0
2024-10-18 14:50:00+09:00,12090.0,12110.0,12000.0,12020.0,4270,0.0,0.0
2024-10-18 14:55:00+09:00,12050.0,12070.0,12000.0,12050.0,3431,0.0,0.0
2024-10-21 09:00:00+09:00,11880.0,11940.0,11640.0,11670.0,0,0.0,0.0
2024-10-21 09:05:00+09:00,11680.0,11840.0,11660.0,11670.0,4686,0.0,0.0
2024-10-21 09:10:00+09:00,11660.0,11680.0,11570.0,11600.0,13266,0.0,0.0
2024-10-21 09:15:00+09:00,11600.0,11690.0,11600.0,11610.0,5483,0.0,0.0
2024-10-21 09:20:00+09:00,11610.0,11650.0,11580.0,11580.0,2053,0.0,0.0
2024-10-21 09:25:00+09:00,11580.0,11620.0,11510.0,11550.0,18912,0.0,0.0
2024-10-21 09:30:00+09:00,11520.0,11550.0,11280.0,11390.0,14219,0.0,0.0
2024-10-21 09:35:00+09:00,11390.0,11420.0,11360.0,11370.0,3604,0.0,0.0
2024-10-21 09:40:00+09:00,11370.0,11410.0,11300.0,11320.0,3437,0.0,0.0
2024-10-21 09:45:00+09:00,11320.0,11380.0,11200.0,11320.0,8807,0.0,0.0
2024-10-21 09:50:00+09:00,11330.0,11460.0,11310.0,11410.0,3897,0.0,0.0
2024-10-21 09:55:00+09:00,11410.0,11470.0,11320.0,11440.0,3146,0.0,0.0
2024-10-21 10:00:00+09:00,11440.0,11450.0,11360.0,11390.0,2395,0.0,0.0
2024-10-21 10:05:00+09:00,11390.0,11430.0,11340.0,11430.0,2576,0.0,0.0
2024-10-21 10:10:00+09:00,11450.0,11460.0,11300.0,11350.0,5313,0.0,0.0
2024-10-21 10:15:00+09:00,11350.0,11390.0,11290.0,11300.0,3354,0.0,0.0
2024-10-21 10:20:00+09:00,11290.0,11340.0,11270.0,11320.0,1188,0.0,0.0
2024-10-21 10:25:00+09:00,11300.0,11360.0,11290.0,11350.0,2509,0.0,0.0
2024-10-21 10:30:00+09:00,11350.0,11450.0,11280.0,11370.0,1930,0.0,0.0
2024-10-21 10:35:00+09:00,11350.0,11400.0,11340.0,11340.0,439,0.0,0.0
2024-10-21 10:40:00+09:00,11370.0,11400.0,11340.0,11400.0,669,0.0,0.0
2024-10-21 10:45:00+09:00,11380.0,11420.0,11350.0,11410.0,2109,0.0,0.0
2024-10-21 10:50:00+09:00,11410.0,11450.0,11360.0,11360.0,1090,0.0,0.0
2024-10-21 10:55:00+09:00,11350.0,11430.0,11340.0,11420.0,1789,0.0,0.0
2024-10-21 11:00:00+09:00,11420.0,11480.0,11390.0,11470.0,953,0.0,0.0
2024-10-21 11:05:00+09:00,11470.0,11510.0,11400.0,11480.0,3231,0.0,0.0
2024-10-21 11:10:00+09:00,11460.0,11510.0,11460.0,11490.0,559,0.0,0.0
2024-10-21 11:15:00+09:00,11490.0,11520.0,11430.0,11470.0,1336,0.0,0.0
2024-10-21 11:20:00+09:00,11470.0,11500.0,11450.0,11500.0,286,0.0,0.0
2024-10-21 11:25:00+09:00,11490.0,11510.0,11470.0,11510.0,822,0.0,0.0
2024-10-21 11:30:00+09:00,11510.0,11560.0,11510.0,11520.0,2362,0.0,0.0
2024-10-21 11:35:00+09:00,11520.0,11520.0,11520.0,11520.0,28,0.0,0.0
2024-10-21 11:40:00+09:00,11490.0,11550.0,11490.0,11500.0,1447,0.0,0.0
2024-10-21 11:45:00+09:00,11520.0,11580.0,11510.0,11580.0,528,0.0,0.0
2024-10-21 11:50:00+09:00,11580.0,11600.0,11530.0,11550.0,1267,0.0,0.0
2024-10-21 11:55:00+09:00,11580.0,11590.0,11490.0,11490.0,4661,0.0,0.0
2024-10-21 12:00:00+09:00,11530.0,11530.0,11490.0,11490.0,0,0.0,0.0
2024-10-21 12:05:00+09:00,11490.0,11490.0,11480.0,11480.0,950,0.0,0.0
2024-10-21 12:10:00+09:00,11480.0,11530.0,11480.0,11500.0,1506,0.0,0.0
2024-10-21 12:15:00+09:00,11500.0,11530.0,11500.0,11530.0,417,0.0,0.0
2024-10-21 12:20:00+09:00,11530.0,11540.0,11500.0,11540.0,0,0.0,0.0
2024-10-21 12:25:00+09:00,11540.0,11650.0,11540.0,11620.0,156337,0.0,0.0
2024-10-21 12:30:00+09:00,11610.0,11620.0,11550.0,11600.0,1259,0.0,0.0
2024-10-21 12:35:00+09:00,11560.0,11580.0,11560.0,11580.0,1294,0.0,0.0
2024-10-21 12:40:00+09:00,11580.0,11600.0,11550.0,11570.0,794,0.0,0.0
2024-10-21 12:45:00+09:00,11570.0,11610.0,11550.0,11610.0,491,0.0,0.0
2024-10-21 12:50:00+09:00,11610.0,11610.0,11490.0,11490.0,2024,0.0,0.0
2024-10-21 12:55:00+09:00,11490.0,11500.0,11470.0,11500.0,621,0.0,0.0
2024-10-21 13:00:00+09:00,11500.0,11500.0,11450.0,11450.0,258,0.0,0.0
2024-10-21 13:05:00+09:00,11490.0,11580.0,11490.0,11530.0,1421,0.0,0.0
2024-10-21 13:10:00+09:00,11510.0,11530.0,11500.0,11520.0,394,0.0,0.0
2024-10-21 13:15:00+09:00,11530.0,11590.0,11470.0,11470.0,1460,0.0,0.0
2024-10-21 13:20:00+09:00,11470.0,11540.0,11440.0,11450.0,763,0.0,0.0
2024-10-21 13:25:00+09:00,11450.0,11450.0,11450.0,11450.0,23,0.0,0.0
2024-10-21 13:30:00+09:00,11490.0,11520.0,11490.0,11490.0,291,0.0,0.0
2024-10-21 13:35:00+09:00,11500.0,11560.0,11490.0,11540.0,547,0.0,0.0
2024-10-21 13:40:00+09:00,11540.0,11540.0,11500.0,11500.0,664,0.0,0.0
2024-10-21 13:45:00+09:00,11490.0,11510.0,11460.0,11490.0,711,0.0,0.0
2024-10-21 13:50:00+09:00,11480.0,11490.0,11480.0,11490.0,235,0.0,0.0
2024-10-21 13:55:00+09:00,11490.0,11530.0,11470.0,11520.0,1231,0.0,0.0
2024-10-21 14:00:00+09:00,11520.0,11530.0,11500.0,11530.0,1273,0.0,0.0
2024-10-21 14:05:00+09:00,11520.0,11530.0,11490.0,11490.0,27,0.0,0.0
2024-10-21 14:10:00+09:00,11490.0,11550.0,11490.0,11500.0,1257,0.0,0.0
2024-10-21 14:15:00+09:00,11500.0,11500.0,11480.0,11500.0,767,0.0,0.0
2024-10-21 14:20:00+09:00,11530.0,11580.0,11530.0,11550.0,1551,0.0,0.0
2024-10-21 14:25:00+09:00,11550.0,11590.0,11550.0,11580.0,730,0.0,0.0
2024-10-21 14:30:00+09:00,11580.0,11600.0,11580.0,11600.0,97,0.0,0.0
2024-10-21 14:35:00+09:00,11590.0,11610.0,11540.0,11540.0,2296,0.0,0.0
2024-10-21 14:40:00+09:00,11560.0,11560.0,11510.0,11550.0,1795,0.0,0.0
2024-10-21 14:45:00+09:00,11540.0,11580.0,11520.0,11530.0,3358,0.0,0.0
2024-10-21 14:50:00+09:00,11530.0,11580.0,11530.0,11580.0,268,0.0,0.0
2024-10-21 14:55:00+09:00,11580.0,11600.0,11580.0,11590.0,916,0.0,0.0
2024-10-22 09:00:00+09:00,11540.0,11540.0,11410.0,11480.0,5508,0.0,0.0
2024-10-22 09:05:00+09:00,11440.0,11470.0,11380.0,11400.0,3294,0.0,0.0
2024-10-22 09:10:00+09:00,11400.0,11440.0,11360.0,11400.0,4501,0.0,0.0
2024-10-22 09:15:00+09:00,11400.0,11400.0,11170.0,11220.0,11124,0.0,0.0
2024-10-22 09:20:00+09:00,11230.0,11340.0,11230.0,11290.0,857,0.0,0.0
2024-10-22 09:25:00+09:00,11290.0,11320.0,11270.0,11280.0,721,0.0,0.0
2024-10-22 09:30:00+09:00,11280.0,11320.0,11260.0,11290.0,981,0.0,0.0
2024-10-22 09:35:00+09:00,11310.0,11320.0,11260.0,11290.0,2198,0.0,0.0
2024-10-22 09:40:00+09:00,11290.0,11330.0,11260.0,11270.0,1015,0.0,0.0
2024-10-22 09:45:00+09:00,11270.0,11310.0,11210.0,11210.0,2522,0.0,0.0
2024-10-22 09:50:00+09:00,11210.0,11220.0,11180.0,11180.0,1214,0.0,0.0
2024-10-22 09:55:00+09:00,11180.0,11270.0,11110.0,11260.0,9851,0.0,0.0
2024-10-22 10:00:00+09:00,11250.0,11280.0,11200.0,11250.0,543,0.0,0.0
2024-10-22 10:05:00+09:00,11240.0,11280.0,11240.0,11280.0,525,0.0,0.0
2024-10-22 10:10:00+09:00,11260.0,11270.0,11170.0,11270.0,1562,0.0,0.0
2024-10-22 10:15:00+09:00,11220.0,11220.0,11140.0,11150.0,3253,0.0,0.0
2024-10-22 10:20:00+09:00,11150.0,11200.0,11150.0,11180.0,2563,0.0,0.0
2024-10-22 10:25:00+09:00,11250.0,11270.0,11190.0,11230.0,570,0.0,0.0
2024-10-22 10:30:00+09:00,11230.0,11230.0,11220.0,11230.0,476,0.0,0.0
2024-10-22 10:35:00+09:00,11230.0,11240.0,11160.0,11240.0,902,0.0,0.0
2024-10-22 10:40:00+09:00,11190.0,11250.0,11190.0,11220.0,498,0.0,0.0
2024-10-22 10:45:00+09:00,11220.0,11250.0,11200.0,11200.0,367,0.0,0.0
2024-10-22 10:50:00+09:00,11250.0,11250.0,11200.0,11240.0,1538,0.0,0.0
2024-10-22 10:55:00+09:00,11200.0,11250.0,11190.0,11220.0,283,0.0,0.0
2024-10-22 11:00:00+09:00,11190.0,11200.0,11140.0,11170.0,1915,0.0,0.0
2024-10-22 11:05:00+09:00,11200.0,11200.0,11170.0,11170.0,422,0.0,0.0
2024-10-22 11:10:00+09:00,11160.0,11200.0,11160.0,11200.0,856,0.0,0.0
2024-10-22 11:15:00+09:00,11200.0,11230.0,11200.0,11230.0,429,0.0,0.0
2024-10-22 11:20:00+09:00,11230.0,11230.0,11160.0,11160.0,1025,0.0,0.0
2024-10-22 11:25:00+09:00,11230.0,11320.0,11230.0,11320.0,3865,0.0,0.0
2024-10-22 11:30:00+09:00,11340.0,11390.0,11320.0,11390.0,1042,0.0,0.0
2024-10-22 11:35:00+09:00,11340.0,11490.0,11320.0,11420.0,4105,0.0,0.0
2024-10-22 11:40:00+09:00,11370.0,11430.0,11310.0,11370.0,456,0.0,0.0
2024-10-22 11:45:00+09:00,11310.0,11370.0,11310.0,11310.0,289,0.0,0.0
2024-10-22 11:50:00+09:00,11310.0,11330.0,11300.0,11320.0,679,0.0,0.0
2024-10-22 11:55:00+09:00,11320.0,11360.0,11310.0,11360.0,1305,0.0,0.0
2024-10-22 12:00:00+09:00,11310.0,11360.0,11310.0,11310.0,443,0.0,0.0
2024-10-22 12:05:00+09:00,11310.0,11350.0,11310.0,11310.0,514,0.0,0.0
2024-10-22 12:10:00+09:00,11340.0,11340.0,11340.0,11340.0,30,0.0,0.0
2024-10-22 12:15:00+09:00,11350.0,11350.0,11290.0,11300.0,929,0.0,0.0
2024-10-22 12:20:00+09:00,11300.0,11350.0,11300.0,11350.0,69,0.0,0.0
2024-10-22 12:25:00+09:00,11350.0,11350.0,11260.0,11290.0,1859,0.0,0.0
2024-10-22 12:30:00+09:00,11280.0,11350.0,11250.0,11260.0,1231,0.0,0.0
2024-10-22 12:35:00+09:00,11260.0,11280.0,11220.0,11280.0,869,0.0,0.0
2024-10-22 12:40:00+09:00,11270.0,11280.0,11220.0,11240.0,1878,0.0,0.0
2024-10-22 12:45:00+09:00,11220.0,11250.0,11220.0,11230.0,622,0.0,0.0
2024-10-22 12:50:00+09:00,11230.0,11230.0,11120.0,11120.0,2616,0.0,0.0
2024-10-22 12:55:00+09:00,11180.0,11250.0,11090.0,11250.0,3810,0.0,0.0
2024-10-22 13:00:00+09:00,11250.0,11270.0,11230.0,11250.0,928,0.0,0.0
2024-10-22 13:05:00+09:00,11250.0,11280.0,11230.0,11240.0,1204,0.0,0.0
2024-10-22 13:10:00+09:00,11240.0,11330.0,11240.0,11280.0,797,0.0,0.0
2024-10-22 13:15:00+09:00,11220.0,11220.0,11220.0,11220.0,30,0.0,0.0
2024-10-22 13:20:00+09:00,11220.0,11290.0,11220.0,11290.0,1078,0.0,0.0
2024-10-22 13:25:00+09:00,11290.0,11290.0,11230.0,11230.0,11,0.0,0.0
2024-10-22 13:30:00+09:00,11230.0,11290.0,11230.0,11280.0,1602,0.0,0.0
2024-10-22 13:35:00+09:00,11280.0,11280.0,11280.0,11280.0,0,0.0,0.0
2024-10-22 13:40:00+09:00,11270.0,11390.0,11270.0,11340.0,2356,0.0,0.0
2024-10-22 13:45:00+09:00,11340.0,11340.0,11340.0,11340.0,0,0.0,0.0
2024-10-22 13:50:00+09:00,11340.0,11340.0,11310.0,11310.0,108,0.0,0.0
2024-10-22 13:55:00+09:00,11360.0,11360.0,11310.0,11310.0,273,0.0,0.0
2024-10-22 14:00:00+09:00,11350.0,11360.0,11320.0,11320.0,14,0.0,0.0
2024-10-22 14:05:00+09:00,11360.0,11380.0,11330.0,11360.0,767,0.0,0.0
2024-10-22 14:10:00+09:00,11330.0,11330.0,11300.0,11320.0,579,0.0,0.0
2024-10-22 14:15:00+09:00,11300.0,11340.0,11250.0,11340.0,482,0.0,0.0
2024-10-22 14:20:00+09:00,11270.0,11300.0,11240.0,11270.0,1138,0.0,0.0
2024-10-22 14:25:00+09:00,11330.0,11340.0,11300.0,11320.0,844,0.0,0.0
2024-10-22 14:30:00+09:00,11280.0,11300.0,11190.0,11230.0,1875,0.0,0.0
2024-10-22 14:35:00+09:00,11180.0,11240.0,11150.0,11170.0,4609,0.0,0.0
2024-10-22 14:40:00+09:00,11170.0,11240.0,11130.0,11170.0,2213,0.0,0.0
2024-10-22 14:45:00+09:00,11170.0,11220.0,11150.0,11220.0,798,0.0,0.0
2024-10-22 14:50:00+09:00,11200.0,11300.0,11200.0,11260.0,621,0.0,0.0
2024-10-22 14:55:00+09:00,11240.0,11280.0,11240.0,11280.0,947,0.0,0.0
2024-10-23 09:00:00+09:00,11430.0,11430.0,11280.0,11410.0,4477,0.0,0.0
2024-10-23 09:05:00+09:00,11410.0,11420.0,11340.0,11410.0,632,0.0,0.0
2024-10-23 09:10:00+09:00,11410.0,11410.0,11240.0,11300.0,1775,0.0,0.0
2024-10-23 09:15:00+09:00,11240.0,11300.0,11160.0,11170.0,1382,0.0,0.0
2024-10-23 09:20:00+09:00,11160.0,11160.0,10930.0,11070.0,14142,0.0,0.0
2024-10-23 09:25:00+09:00,11130.0,11130.0,11080.0,11090.0,1613,0.0,0.0
2024-10-23 09:30:00+09:00,11080.0,11210.0,11060.0,11180.0,4404,0.0,0.0
2024-10-23 09:35:00+09:00,11170.0,11260.0,11160.0,11190.0,739,0.0,0.0
2024-10-23 09:40:00+09:00,11180.0,11210.0,11140.0,11210.0,1372,0.0,0.0
2024-10-23 09:45:00+09:00,11150.0,11230.0,11100.0,11160.0,1340,0.0,0.0
2024-10-23 09:50:00+09:00,11210.0,11250.0,11190.0,11240.0,361,0.0,0.0
2024-10-23 09:55:00+09:00,11180.0,11200.0,11100.0,11140.0,902,0.0,0.0
2024-10-23 10:00:00+09:00,11130.0,11140.0,11110.0,11140.0,325,0.0,0.0
2024-10-23 10:05:00+09:00,11140.0,11190.0,11080.0,11160.0,2572,0.0,0.0
2024-10-23 10:10:00+09:00,11100.0,11100.0,11050.0,11080.0,1085,0.0,0.0
2024-10-23 10:15:00+09:00,11080.0,11160.0,11080.0,11150.0,355,0.0,0.0
2024-10-23 10:20:00+09:00,11070.0,11070.0,10940.0,10950.0,6355,0.0,0.0
2024-10-23 10:25:00+09:00,10970.0,11030.0,10940.0,10940.0,1241,0.0,0.0
2024-10-23 10:30:00+09:00,10950.0,11000.0,10890.0,10940.0,5519,0.0,0.0
2024-10-23 10:35:00+09:00,10940.0,10960.0,10660.0,10840.0,11674,0.0,0.0
2024-10-23 10:40:00+09:00,10850.0,10990.0,10850.0,10920.0,3994,0.0,0.0
2024-10-23 10:45:00+09:00,10900.0,10910.0,10780.0,10870.0,5194,0.0,0.0
2024-10-23 10:50:00+09:00,10800.0,10900.0,10780.0,10790.0,5295,0.0,0.0
2024-10-23 10:55:00+09:00,10780.0,10870.0,10730.0,10740.0,3474,0.0,0.0
2024-10-23 11:00:00+09:00,10750.0,10780.0,10600.0,10690.0,16157,0.0,0.0
2024-10-23 11:05:00+09:00,10630.0,10710.0,10590.0,10630.0,6805,0.0,0.0
2024-10-23 11:10:00+09:00,10630.0,10730.0,10560.0,10570.0,9245,0.0,0.0
2024-10-23 11:15:00+09:00,10590.0,10640.0,10570.0,10590.0,2852,0.0,0.0
2024-10-23 11:20:00+09:00,10590.0,10650.0,10590.0,10640.0,1621,0.0,0.0
2024-10-23 11:25:00+09:00,10640.0,10670.0,10630.0,10670.0,1436,0.0,0.0
2024-10-23 11:30:00+09:00,10670.0,10730.0,10670.0,10720.0,3025,0.0,0.0
2024-10-23 11:35:00+09:00,10720.0,10720.0,10700.0,10720.0,650,0.0,0.0
2024-10-23 11:40:00+09:00,10700.0,10770.0,10700.0,10750.0,3453,0.0,0.0
2024-10-23 11:45:00+09:00,10750.0,10800.0,10750.0,10760.0,1201,0.0,0.0
2024-10-23 11:50:00+09:00,10780.0,10830.0,10780.0,10830.0,1161,0.0,0.0
2024-10-23 11:55:00+09:00,10840.0,10870.0,10810.0,10860.0,1453,0.0,0.0
2024-10-23 12:00:00+09:00,10820.0,10820.0,10770.0,10810.0,428,0.0,0.0
2024-10-23 12:05:00+09:00,10810.0,10810.0,10790.0,10790.0,288,0.0,0.0
2024-10-23 12:10:00+09:00,10790.0,10810.0,10760.0,10780.0,1149,0.0,0.0
2024-10-23 12:15:00+09:00,10770.0,10850.0,10770.0,10850.0,797,0.0,0.0
2024-10-23 12:20:00+09:00,10770.0,10810.0,10740.0,10760.0,1384,0.0,0.0
2024-10-23 12:25:00+09:00,10760.0,10810.0,10710.0,10730.0,1532,0.0,0.0
2024-10-23 12:30:00+09:00,10740.0,10800.0,10730.0,10800.0,434,0.0,0.0
2024-10-23 12:35:00+09:00,10750.0,10800.0,10700.0,10720.0,1515,0.0,0.0
2024-10-23 12:40:00+09:00,10750.0,10780.0,10720.0,10780.0,61,0.0,0.0
2024-10-23 12:45:00+09:00,10720.0,10750.0,10700.0,10700.0,2075,0.0,0.0
2024-10-23 12:50:00+09:00,10730.0,10740.0,10680.0,10720.0,2623,0.0,0.0
2024-10-23 12:55:00+09:00,10720.0,10790.0,10720.0,10790.0,1200,0.0,0.0
2024-10-23 13:00:00+09:00,10770.0,10770.0,10710.0,10770.0,1897,0.0,0.0
2024-10-23 13:10:00+09:00,10760.0,10840.0,10760.0,10780.0,1548,0.0,0.0
2024-10-23 13:15:00+09:00,10780.0,10840.0,10780.0,10840.0,87,0.0,0.0
2024-10-23 13:20:00+09:00,10800.0,10830.0,10800.0,10830.0,390,0.0,0.0
2024-10-23 13:25:00+09:00,10830.0,10830.0,10740.0,10820.0,945,0.0,0.0
2024-10-23 13:30:00+09:00,10760.0,10800.0,10760.0,10800.0,939,0.0,0.0
2024-10-23 13:35:00+09:00,10800.0,10810.0,10800.0,10810.0,220,0.0,0.0
2024-10-23 13:40:00+09:00,10800.0,10810.0,10770.0,10800.0,1064,0.0,0.0
2024-10-23 13:45:00+09:00,10800.0,10810.0,10790.0,10790.0,9,0.0,0.0
2024-10-23 13:50:00+09:00,10790.0,10800.0,10780.0,10800.0,1308,0.0,0.0
2024-10-23 13:55:00+09:00,10800.0,10800.0,10790.0,10790.0,29,0.0,0.0
2024-10-23 14:00:00+09:00,10800.0,10850.0,10780.0,10850.0,1901,0.0,0.0
2024-10-23 14:05:00+09:00,10860.0,10870.0,10800.0,10870.0,1269,0.0,0.0
2024-10-23 14:10:00+09:00,10860.0,10870.0,10830.0,10830.0,389,0.0,0.0
2024-10-23 14:15:00+09:00,10870.0,10870.0,10830.0,10870.0,508,0.0,0.0
2024-10-23 14:20:00+09:00,10860.0,10920.0,10860.0,10920.0,2255,0.0,0.0
2024-10-23 14:25:00+09:00,10910.0,10930.0,10870.0,10910.0,1270,0.0,0.0
2024-10-23 14:30:00+09:00,10910.0,10910.0,10880.0,10880.0,1216,0.0,0.0
2024-10-23 14:35:00+09:00,10890.0,10890.0,10860.0,10890.0,327,0.0,0.0
2024-10-23 14:40:00+09:00,10880.0,10910.0,10880.0,10910.0,423,0.0,0.0
2024-10-23 14:45:00+09:00,10900.0,10900.0,10870.0,10880.0,398,0.0,0.0
2024-10-23 14:50:00+09:00,10870.0,10890.0,10860.0,10890.0,173,0.0,0.0
2024-10-23 14:55:00+09:00,10880.0,10900.0,10860.0,10860.0,1407,0.0,0.0
2024-10-24 09:00:00+09:00,10710.0,10830.0,10650.0,10670.0,5352,0.0,0.0
2024-10-24 09:05:00+09:00,10790.0,10800.0,10710.0,10740.0,4932,0.0,0.0
2024-10-24 09:10:00+09:00,10750.0,10880.0,10720.0,10830.0,2136,0.0,0.0
2024-10-24 09:15:00+09:00,10810.0,10810.0,10660.0,10690.0,3369,0.0,0.0
2024-10-24 09:20:00+09:00,10690.0,10710.0,10630.0,10630.0,1756,0.0,0.0
2024-10-24 09:25:00+09:00,10630.0,10700.0,10400.0,10560.0,14010,0.0,0.0
2024-10-24 09:30:00+09:00,10550.0,10560.0,10400.0,10450.0,5762,0.0,0.0
2024-10-24 09:35:00+09:00,10450.0,10470.0,10400.0,10450.0,2998,0.0,0.0
2024-10-24 09:40:00+09:00,10430.0,10490.0,10410.0,10460.0,3843,0.0,0.0
2024-10-24 09:45:00+09:00,10470.0,10470.0,10460.0,10470.0,599,0.0,0.0
2024-10-24 09:50:00+09:00,10470.0,10560.0,10470.0,10500.0,2388,0.0,0.0
2024-10-24 09:55:00+09:00,10500.0,10540.0,10380.0,10380.0,4840,0.0,0.0
2024-10-24 10:00:00+09:00,10440.0,10500.0,10370.0,10500.0,943,0.0,0.0
2024-10-24 10:05:00+09:00,10460.0,10460.0,10300.0,10380.0,4040,0.0,0.0
2024-10-24 10:10:00+09:00,10380.0,10400.0,10330.0,10330.0,249,0.0,0.0
2024-10-24 10:15:00+09:00,10330.0,10360.0,10250.0,10260.0,6344,0.0,0.0
2024-10-24 10:20:00+09:00,10260.0,10410.0,10210.0,10410.0,6914,0.0,0.0
2024-10-24 10:25:00+09:00,10410.0,10430.0,10350.0,10370.0,1213,0.0,0.0
2024-10-24 10:30:00+09:00,10340.0,10340.0,10300.0,10330.0,1261,0.0,0.0
2024-10-24 10:35:00+09:00,10310.0,10370.0,10290.0,10320.0,4984,0.0,0.0
2024-10-24 10:40:00+09:00,10290.0,10310.0,10170.0,10210.0,10721,0.0,0.0
2024-10-24 10:45:00+09:00,10210.0,10300.0,10100.0,10250.0,10878,0.0,0.0
2024-10-24 10:50:00+09:00,10220.0,10300.0,10210.0,10240.0,2340,0.0,0.0
2024-10-24 10:55:00+09:00,10240.0,10360.0,10230.0,10340.0,1811,0.0,0.0
2024-10-24 11:00:00+09:00,10360.0,10370.0,10250.0,10250.0,1594,0.0,0.0
2024-10-24 11:05:00+09:00,10230.0,10300.0,10230.0,10300.0,1032,0.0,0.0
2024-10-24 11:10:00+09:00,10310.0,10310.0,10270.0,10310.0,886,0.0,0.0
2024-10-24 11:15:00+09:00,10310.0,10350.0,10290.0,10290.0,1554,0.0,0.0
2024-10-24 11:20:00+09:00,10320.0,10350.0,10320.0,10350.0,320,0.0,0.0
2024-10-24 11:25:00+09:00,10350.0,10580.0,10350.0,10550.0,3458,0.0,0.0
2024-10-24 11:30:00+09:00,10470.0,10470.0,10340.0,10410.0,873,0.0,0.0
2024-10-24 11:35:00+09:00,10390.0,10550.0,10390.0,10420.0,631,0.0,0.0
2024-10-24 11:40:00+09:00,10400.0,10410.0,10360.0,10410.0,512,0.0,0.0
2024-10-24 11:45:00+09:00,10410.0,10460.0,10390.0,10460.0,1774,0.0,0.0
2024-10-24 11:50:00+09:00,10450.0,10500.0,10430.0,10460.0,873,0.0,0.0
2024-10-24 11:55:00+09:00,10440.0,10520.0,10430.0,10510.0,970,0.0,0.0
2024-10-24 12:00:00+09:00,10490.0,10520.0,10440.0,10440.0,1834,0.0,0.0
2024-10-24 12:05:00+09:00,10440.0,10520.0,10430.0,10470.0,3159,0.0,0.0
2024-10-24 12:10:00+09:00,10470.0,10520.0,10460.0,10480.0,1575,0.0,0.0
2024-10-24 12:15:00+09:00,10480.0,10480.0,10480.0,10480.0,0,0.0,0.0
2024-10-24 12:20:00+09:00,10500.0,10520.0,10480.0,10480.0,1767,0.0,0.0
2024-10-24 12:25:00+09:00,10500.0,10520.0,10470.0,10500.0,11,0.0,0.0
2024-10-24 12:30:00+09:00,10500.0,10500.0,10480.0,10480.0,23,0.0,0.0
2024-10-24 12:35:00+09:00,10480.0,10480.0,10450.0,10480.0,1005,0.0,0.0
2024-10-24 12:40:00+09:00,10480.0,10480.0,10440.0,10450.0,488,0.0,0.0
2024-10-24 12:45:00+09:00,10450.0,10510.0,10450.0,10470.0,722,0.0,0.0
2024-10-24 12:50:00+09:00,10500.0,10520.0,10470.0,10480.0,467,0.0,0.0
2024-10-24 12:55:00+09:00,10450.0,10450.0,10450.0,10450.0,3,0.0,0.0
2024-10-24 13:00:00+09:00,10450.0,10460.0,10420.0,10460.0,590,0.0,0.0
2024-10-24 13:05:00+09:00,10460.0,10470.0,10460.0,10460.0,462,0.0,0.0
2024-10-24 13:10:00+09:00,10460.0,10520.0,10460.0,10500.0,1153,0.0,0.0
2024-10-24 13:15:00+09:00,10500.0,10510.0,10490.0,10500.0,755,0.0,0.0
2024-10-24 13:20:00+09:00,10500.0,10540.0,10500.0,10540.0,1074,0.0,0.0
2024-10-24 13:25:00+09:00,10550.0,10570.0,10540.0,10570.0,1123,0.0,0.0
2024-10-24 13:30:00+09:00,10540.0,10550.0,10530.0,10550.0,422,0.0,0.0
2024-10-24 13:35:00+09:00,10540.0,10550.0,10510.0,10510.0,374,0.0,0.0
2024-10-24 13:40:00+09:00,10510.0,10550.0,10510.0,10540.0,660,0.0,0.0
2024-10-24 13:45:00+09:00,10530.0,10530.0,10500.0,10500.0,1930,0.0,0.0
2024-10-24 13:50:00+09:00,10500.0,10500.0,10500.0,10500.0,0,0.0,0.0
2024-10-24 13:55:00+09:00,10530.0,10530.0,10500.0,10500.0,4,0.0,0.0
2024-10-24 14:00:00+09:00,10510.0,10590.0,10500.0,10590.0,1487,0.0,0.0
2024-10-24 14:05:00+09:00,10580.0,10790.0,10580.0,10740.0,5678,0.0,0.0
2024-10-24 14:10:00+09:00,10740.0,10830.0,10700.0,10720.0,4011,0.0,0.0
2024-10-24 14:15:00+09:00,10700.0,10700.0,10570.0,10600.0,1971,0.0,0.0
2024-10-24 14:20:00+09:00,10630.0,10700.0,10630.0,10700.0,993,0.0,0.0
2024-10-24 14:25:00+09:00,10710.0,10710.0,10600.0,10600.0,533,0.0,0.0
2024-10-24 14:30:00+09:00,10630.0,10630.0,10590.0,10630.0,390,0.0,0.0
2024-10-24 14:35:00+09:00,10630.0,10670.0,10600.0,10660.0,943,0.0,0.0
2024-10-24 14:40:00+09:00,10650.0,10810.0,10630.0,10690.0,1753,0.0,0.0
2024-10-24 14:45:00+09:00,10690.0,10770.0,10640.0,10670.0,1843,0.0,0.0
2024-10-24 14:50:00+09:00,10720.0,10800.0,10670.0,10750.0,2309,0.0,0.0
2024-10-24 14:55:00+09:00,10750.0,10760.0,10680.0,10760.0,416,0.0,0.0
2024-10-25 09:00:00+09:00,10520.0,10660.0,10470.0,10660.0,3093,0.0,0.0
2024-10-25 09:05:00+09:00,10620.0,10700.0,10570.0,10700.0,3173,0.0,0.0
2024-10-25 09:10:00+09:00,10720.0,10800.0,10620.0,10670.0,5520,0.0,0.0
2024-10-25 09:15:00+09:00,10590.0,10740.0,10580.0,10740.0,745,0.0,0.0
2024-10-25 09:20:00+09:00,10750.0,10760.0,10650.0,10760.0,1800,0.0,0.0
2024-10-25 09:25:00+09:00,10760.0,10760.0,10620.0,10630.0,2597,0.0,0.0
2024-10-25 09:30:00+09:00,10670.0,10670.0,10500.0,10600.0,5524,0.0,0.0
2024-10-25 09:35:00+09:00,10460.0,10510.0,10420.0,10460.0,1570,0.0,0.0
2024-10-25 09:40:00+09:00,10460.0,10510.0,10460.0,10510.0,158,0.0,0.0
2024-10-25 09:45:00+09:00,10520.0,10550.0,10500.0,10540.0,1139,0.0,0.0
2024-10-25 09:50:00+09:00,10620.0,10720.0,10540.0,10560.0,1873,0.0,0.0
2024-10-25 09:55:00+09:00,10600.0,10650.0,10590.0,10600.0,1122,0.0,0.0
2024-10-25 10:00:00+09:00,10590.0,10660.0,10590.0,10610.0,991,0.0,0.0
2024-10-25 10:05:00+09:00,10630.0,11120.0,10630.0,11050.0,26015,0.0,0.0
2024-10-25 10:10:00+09:00,11000.0,11000.0,10780.0,10830.0,10348,0.0,0.0
2024-10-25 10:15:00+09:00,10840.0,10930.0,10780.0,10850.0,7244,0.0,0.0
2024-10-25 10:20:00+09:00,10760.0,10760.0,10570.0,10570.0,12558,0.0,0.0
2024-10-25 10:25:00+09:00,10570.0,10570.0,10270.0,10350.0,22034,0.0,0.0
2024-10-25 10:30:00+09:00,10360.0,10430.0,10260.0,10420.0,11124,0.0,0.0
2024-10-25 10:35:00+09:00,10420.0,10450.0,10360.0,10450.0,5950,0.0,0.0
2024-10-25 10:40:00+09:00,10450.0,10450.0,10320.0,10370.0,2618,0.0,0.0
2024-10-25 10:45:00+09:00,10330.0,10360.0,10310.0,10350.0,1270,0.0,0.0
2024-10-25 10:50:00+09:00,10320.0,10350.0,10310.0,10340.0,322,0.0,0.0
2024-10-25 10:55:00+09:00,10360.0,10360.0,10290.0,10300.0,2552,0.0,0.0
2024-10-25 11:00:00+09:00,10300.0,10330.0,10300.0,10330.0,131,0.0,0.0
2024-10-25 11:05:00+09:00,10330.0,10330.0,10300.0,10330.0,417,0.0,0.0
2024-10-25 11:10:00+09:00,10300.0,10310.0,10250.0,10250.0,4456,0.0,0.0
2024-10-25 11:15:00+09:00,10240.0,10270.0,10240.0,10250.0,0,0.0,0.0
2024-10-25 11:20:00+09:00,10260.0,10260.0,10240.0,10260.0,574,0.0,0.0
2024-10-25 11:25:00+09:00,10260.0,10280.0,10250.0,10280.0,78,0.0,0.0
2024-10-25 11:30:00+09:00,10250.0,10300.0,10250.0,10300.0,814,0.0,0.0
2024-10-25 11:35:00+09:00,10290.0,10330.0,10290.0,10330.0,32,0.0,0.0
2024-10-25 11:40:00+09:00,10330.0,10330.0,10330.0,10330.0,56,0.0,0.0
2024-10-25 11:45:00+09:00,10320.0,10320.0,10250.0,10300.0,1009,0.0,0.0
2024-10-25 11:50:00+09:00,10300.0,10310.0,10230.0,10310.0,1361,0.0,0.0
2024-10-25 11:55:00+09:00,10310.0,10350.0,10300.0,10310.0,1203,0.0,0.0
2024-10-25 12:00:00+09:00,10310.0,10340.0,10280.0,10320.0,77,0.0,0.0
2024-10-25 12:05:00+09:00,10320.0,10350.0,10280.0,10310.0,879,0.0,0.0
2024-10-25 12:10:00+09:00,10310.0,10330.0,10310.0,10330.0,77,0.0,0.0
2024-10-25 12:15:00+09:00,10350.0,10370.0,10310.0,10370.0,553,0.0,0.0
2024-10-25 12:20:00+09:00,10370.0,10430.0,10370.0,10420.0,486,0.0,0.0
2024-10-25 12:25:00+09:00,10420.0,10430.0,10350.0,10420.0,593,0.0,0.0
2024-10-25 12:30:00+09:00,10410.0,10410.0,10340.0,10340.0,902,0.0,0.0
2024-10-25 12:35:00+09:00,10340.0,10360.0,10330.0,10360.0,273,0.0,0.0
2024-10-25 12:40:00+09:00,10360.0,10400.0,10360.0,10400.0,106,0.0,0.0
2024-10-25 12:45:00+09:00,10390.0,10390.0,10360.0,10360.0,17,0.0,0.0
2024-10-25 12:50:00+09:00,10350.0,10350.0,10290.0,10290.0,845,0.0,0.0
2024-10-25 12:55:00+09:00,10320.0,10320.0,10300.0,10300.0,200,0.0,0.0
2024-10-25 13:00:00+09:00,10300.0,10300.0,10300.0,10300.0,112,0.0,0.0
2024-10-25 13:05:00+09:00,10320.0,10360.0,10320.0,10360.0,0,0.0,0.0
2024-10-25 13:10:00+09:00,10360.0,10390.0,10350.0,10370.0,147650,0.0,0.0
2024-10-25 13:15:00+09:00,10360.0,10360.0,10320.0,10320.0,28,0.0,0.0
2024-10-25 13:20:00+09:00,10360.0,10360.0,10360.0,10360.0,2,0.0,0.0
2024-10-25 13:25:00+09:00,10330.0,10360.0,10330.0,10360.0,3,0.0,0.0
2024-10-25 13:30:00+09:00,10360.0,10360.0,10310.0,10360.0,406,0.0,0.0
2024-10-25 13:35:00+09:00,10360.0,10360.0,10290.0,10290.0,327,0.0,0.0
2024-10-25 13:40:00+09:00,10290.0,10360.0,10290.0,10330.0,274,0.0,0.0
2024-10-25 13:45:00+09:00,10350.0,10350.0,10350.0,10350.0,44,0.0,0.0
2024-10-25 13:50:00+09:00,10350.0,10380.0,10310.0,10360.0,918,0.0,0.0
2024-10-25 13:55:00+09:00,10360.0,10390.0,10300.0,10360.0,896,0.0,0.0
2024-10-25 14:00:00+09:00,10390.0,10390.0,10300.0,10360.0,346,0.0,0.0
2024-10-25 14:05:00+09:00,10330.0,10350.0,10290.0,10290.0,761,0.0,0.0
2024-10-25 14:10:00+09:00,10330.0,10340.0,10300.0,10300.0,91,0.0,0.0
2024-10-25 14:15:00+09:00,10300.0,10300.0,10240.0,10290.0,1915,0.0,0.0
2024-10-25 14:20:00+09:00,10260.0,10320.0,10240.0,10240.0,428,0.0,0.0
2024-10-25 14:25:00+09:00,10240.0,10320.0,10240.0,10320.0,176,0.0,0.0
2024-10-25 14:30:00+09:00,10320.0,10330.0,10270.0,10320.0,442,0.0,0.0
2024-10-25 14:35:00+09:00,10320.0,10320.0,10310.0,10320.0,767,0.0,0.0
2024-10-25 14:40:00+09:00,10320.0,10320.0,10320.0,10320.0,874,0.0,0.0
2024-10-25 14:45:00+09:00,10270.0,10310.0,10240.0,10240.0,1354,0.0,0.0
2024-10-25 14:50:00+09:00,10250.0,10310.0,10250.0,10310.0,384,0.0,0.0
2024-10-25 14:55:00+09:00,10260.0,10330.0,10260.0,10270.0,29,0.0,0.0
2024-10-28 09:00:00+09:00,10300.0,10400.0,10230.0,10400.0,0,0.0,0.0
2024-10-28 09:05:00+09:00,10400.0,10610.0,10320.0,10540.0,7722,0.0,0.0
2024-10-28 09:10:00+09:00,10560.0,10690.0,10540.0,10620.0,5669,0.0,0.0
2024-10-28 09:15:00+09:00,10620.0,10640.0,10570.0,10590.0,2629,0.0,0.0
2024-10-28 09:20:00+09:00,10590.0,10750.0,10570.0,10670.0,5820,0.0,0.0
2024-10-28 09:25:00+09:00,10700.0,10840.0,10700.0,10760.0,7133,0.0,0.0
2024-10-28 09:30:00+09:00,10760.0,10790.0,10680.0,10680.0,2245,0.0,0.0
2024-10-28 09:35:00+09:00,10680.0,10740.0,10680.0,10740.0,1078,0.0,0.0
2024-10-28 09:40:00+09:00,10740.0,10810.0,10740.0,10790.0,5582,0.0,0.0
2024-10-28 09:45:00+09:00,10760.0,10760.0,10540.0,10560.0,8108,0.0,0.0
2024-10-28 09:50:00+09:00,10580.0,10600.0,10470.0,10500.0,5195,0.0,0.0
2024-10-28 09:55:00+09:00,10510.0,10590.0,10460.0,10590.0,3992,0.0,0.0
2024-10-28 10:00:00+09:00,10600.0,10610.0,10550.0,10560.0,1070,0.0,0.0
2024-10-28 10:05:00+09:00,10570.0,10570.0,10540.0,10540.0,1238,0.0,0.0
2024-10-28 10:10:00+09:00,10520.0,10590.0,10500.0,10500.0,2965,0.0,0.0
2024-10-28 10:15:00+09:00,10500.0,10520.0,10390.0,10450.0,6831,0.0,0.0
2024-10-28 10:20:00+09:00,10450.0,10450.0,10310.0,10330.0,4844,0.0,0.0
2024-10-28 10:25:00+09:00,10330.0,10380.0,10330.0,10380.0,0,0.0,0.0
2024-10-28 10:30:00+09:00,10350.0,10370.0,10330.0,10360.0,659,0.0,0.0
2024-10-28 10:35:00+09:00,10360.0,10580.0,10330.0,10410.0,683,0.0,0.0
2024-10-28 10:40:00+09:00,10430.0,10580.0,10350.0,10390.0,927,0.0,0.0
2024-10-28 10:45:00+09:00,10410.0,10410.0,10260.0,10290.0,6498,0.0,0.0
2024-10-28 10:50:00+09:00,10260.0,10330.0,10260.0,10330.0,1216,0.0,0.0
2024-10-28 10:55:00+09:00,10330.0,10360.0,10300.0,10340.0,796,0.0,0.0
2024-10-28 11:00:00+09:00,10310.0,10340.0,10300.0,10330.0,870,0.0,0.0
2024-10-28 11:05:00+09:00,10310.0,10340.0,10290.0,10320.0,0,0.0,0.0
2024-10-28 11:10:00+09:00,10290.0,10340.0,10280.0,10280.0,1351,0.0,0.0
2024-10-28 11:15:00+09:00,10330.0,10360.0,10330.0,10360.0,252,0.0,0.0
2024-10-28 11:20:00+09:00,10380.0,10440.0,10360.0,10400.0,628,0.0,0.0
2024-10-28 11:25:00+09:00,10370.0,10380.0,10350.0,10380.0,592,0.0,0.0
2024-10-28 11:30:00+09:00,10370.0,10440.0,10370.0,10420.0,834,0.0,0.0
2024-10-28 11:35:00+09:00,10420.0,10440.0,10420.0,10440.0,367,0.0,0.0
2024-10-28 11:40:00+09:00,10440.0,10470.0,10440.0,10470.0,419,0.0,0.0
2024-10-28 11:45:00+09:00,10460.0,10520.0,10460.0,10510.0,4717,0.0,0.0
2024-10-28 11:50:00+09:00,10510.0,10530.0,10460.0,10490.0,416,0.0,0.0
2024-10-28 11:55:00+09:00,10490.0,10490.0,10460.0,10470.0,145,0.0,0.0
2024-10-28 12:00:00+09:00,10480.0,10600.0,10450.0,10570.0,415,0.0,0.0
2024-10-28 12:05:00+09:00,10560.0,10570.0,10510.0,10570.0,446,0.0,0.0
2024-10-28 12:10:00+09:00,10540.0,10560.0,10520.0,10540.0,738,0.0,0.0
2024-10-28 12:15:00+09:00,10560.0,10560.0,10520.0,10550.0,427,0.0,0.0
2024-10-28 12:20:00+09:00,10560.0,10640.0,10560.0,10640.0,536,0.0,0.0
2024-10-28 12:25:00+09:00,10600.0,10600.0,10530.0,10550.0,879,0.0,0.0
2024-10-28 12:30:00+09:00,10560.0,10570.0,10490.0,10490.0,1936,0.0,0.0
2024-10-28 12:35:00+09:00,10510.0,10510.0,10490.0,10510.0,0,0.0,0.0
2024-10-28 12:40:00+09:00,10530.0,10540.0,10470.0,10500.0,516,0.0,0.0
2024-10-28 12:45:00+09:00,10500.0,10540.0,10500.0,10520.0,362,0.0,0.0
2024-10-28 12:50:00+09:00,10520.0,10550.0,10400.0,10400.0,2494,0.0,0.0
2024-10-28 12:55:00+09:00,10400.0,10430.0,10400.0,10430.0,0,0.0,0.0
2024-10-28 13:00:00+09:00,10420.0,10460.0,10420.0,10460.0,282,0.0,0.0
2024-10-28 13:05:00+09:00,10420.0,10440.0,10390.0,10440.0,594,0.0,0.0
2024-10-28 13:10:00+09:00,10430.0,10460.0,10400.0,10400.0,14,0.0,0.0
2024-10-28 13:15:00+09:00,10400.0,10430.0,10360.0,10430.0,739,0.0,0.0
2024-10-28 13:20:00+09:00,10400.0,10470.0,10400.0,10420.0,228,0.0,0.0
2024-10-28 13:25:00+09:00,10420.0,10470.0,10410.0,10450.0,77,0.0,0.0
2024-10-28 13:30:00+09:00,10420.0,10420.0,10380.0,10410.0,501,0.0,0.0
2024-10-28 13:35:00+09:00,10410.0,10410.0,10410.0,10410.0,0,0.0,0.0
2024-10-28 13:40:00+09:00,10430.0,10460.0,10430.0,10440.0,137,0.0,0.0
2024-10-28 13:45:00+09:00,10470.0,10480.0,10470.0,10480.0,220,0.0,0.0
2024-10-28 13:50:00+09:00,10470.0,10490.0,10430.0,10480.0,101,0.0,0.0
2024-10-28 13:55:00+09:00,10490.0,10490.0,10460.0,10460.0,1273,0.0,0.0
2024-10-28 14:00:00+09:00,10470.0,10470.0,10470.0,10470.0,0,0.0,0.0
2024-10-28 14:05:00+09:00,10530.0,10550.0,10460.0,10460.0,915,0.0,0.0
2024-10-28 14:10:00+09:00,10500.0,10540.0,10450.0,10450.0,89,0.0,0.0
2024-10-28 14:15:00+09:00,10460.0,10500.0,10450.0,10500.0,105,0.0,0.0
2024-10-28 14:20:00+09:00,10510.0,10550.0,10480.0,10510.0,2781,0.0,0.0
2024-10-28 14:25:00+09:00,10510.0,10530.0,10460.0,10470.0,2,0.0,0.0
2024-10-28 14:30:00+09:00,10500.0,10500.0,10440.0,10450.0,1065,0.0,0.0
2024-10-28 14:35:00+09:00,10450.0,10480.0,10450.0,10470.0,0,0.0,0.0
2024-10-28 14:40:00+09:00,10450.0,10460.0,10450.0,10460.0,305,0.0,0.0
2024-10-28 14:45:00+09:00,10440.0,10490.0,10420.0,10420.0,806,0.0,0.0
2024-10-28 14:50:00+09:00,10450.0,10450.0,10430.0,10430.0,284,0.0,0.0
2024-10-28 14:55:00+09:00,10440.0,10440.0,10440.0,10440.0,420,0.0,0.0
2024-10-29 09:00:00+09:00,10580.0,10580.0,10390.0,10500.0,5625,0.0,0.0
2024-10-29 09:05:00+09:00,10450.0,10500.0,10350.0,10440.0,1392,0.0,0.0
2024-10-29 09:10:00+09:00,10370.0,10460.0,10370.0,10460.0,1724,0.0,0.0
2024-10-29 09:15:00+09:00,10460.0,10500.0,10440.0,10500.0,405,0.0,0.0
2024-10-29 09:20:00+09:00,10500.0,10570.0,10500.0,10560.0,690,0.0,0.0
2024-10-29 09:25:00+09:00,10540.0,10560.0,10440.0,10550.0,1399,0.0,0.0
2024-10-29 09:30:00+09:00,10490.0,10550.0,10440.0,10470.0,848,0.0,0.0
2024-10-29 09:35:00+09:00,10460.0,10460.0,10200.0,10300.0,9218,0.0,0.0
2024-10-29 09:40:00+09:00,10310.0,10400.0,10170.0,10270.0,7582,0.0,0.0
2024-10-29 09:45:00+09:00,10320.0,10320.0,10280.0,10320.0,1775,0.0,0.0
2024-10-29 09:50:00+09:00,10320.0,10340.0,10280.0,10280.0,513,0.0,0.0
2024-10-29 09:55:00+09:00,10340.0,10340.0,10270.0,10270.0,765,0.0,0.0
2024-10-29 10:00:00+09:00,10270.0,10330.0,10260.0,10300.0,463,0.0,0.0
2024-10-29 10:05:00+09:00,10300.0,10340.0,10300.0,10340.0,0,0.0,0.0
2024-10-29 10:10:00+09:00,10330.0,10340.0,10310.0,10340.0,32928,0.0,0.0
2024-10-29 10:15:00+09:00,10340.0,10350.0,10320.0,10330.0,1077,0.0,0.0
2024-10-29 10:20:00+09:00,10330.0,10350.0,10300.0,10340.0,506,0.0,0.0
2024-10-29 10:25:00+09:00,10340.0,10340.0,10280.0,10300.0,629,0.0,0.0
2024-10-29 10:30:00+09:00,10300.0,10320.0,10300.0,10320.0,0,0.0,0.0
2024-10-29 10:35:00+09:00,10300.0,10340.0,10290.0,10340.0,460,0.0,0.0
2024-10-29 10:40:00+09:00,10320.0,10340.0,10320.0,10330.0,103,0.0,0.0
2024-10-29 10:45:00+09:00,10330.0,10340.0,10330.0,10340.0,8,0.0,0.0
2024-10-29 10:50:00+09:00,10330.0,10330.0,10310.0,10310.0,88,0.0,0.0
2024-10-29 10:55:00+09:00,10340.0,10340.0,10300.0,10300.0,878,0.0,0.0
2024-10-29 11:00:00+09:00,10300.0,10340.0,10300.0,10330.0,44,0.0,0.0
2024-10-29 11:05:00+09:00,10330.0,10330.0,10290.0,10320.0,329,0.0,0.0
2024-10-29 11:10:00+09:00,10320.0,10330.0,10320.0,10330.0,47,0.0,0.0
2024-10-29 11:15:00+09:00,10330.0,10340.0,10290.0,10320.0,329,0.0,0.0
2024-10-29 11:20:00+09:00,10300.0,10300.0,10300.0,10300.0,8,0.0,0.0
2024-10-29 11:25:00+09:00,10300.0,10340.0,10290.0,10330.0,1375,0.0,0.0
2024-10-29 11:30:00+09:00,10330.0,10340.0,10330.0,10340.0,27,0.0,0.0
2024-10-29 11:35:00+09:00,10340.0,10380.0,10340.0,10380.0,1216,0.0,0.0
2024-10-29 11:40:00+09:00,10350.0,10350.0,10340.0,10340.0,477,0.0,0.0
2024-10-29 11:45:00+09:00,10330.0,10350.0,10330.0,10330.0,46,0.0,0.0
2024-10-29 11:50:00+09:00,10350.0,10350.0,10350.0,10350.0,184,0.0,0.0
2024-10-29 11:55:00+09:00,10360.0,10370.0,10350.0,10370.0,63,0.0,0.0
2024-10-29 12:00:00+09:00,10350.0,10370.0,10350.0,10360.0,110,0.0,0.0
2024-10-29 12:10:00+09:00,10360.0,10440.0,10360.0,10390.0,1609,0.0,0.0
2024-10-29 12:15:00+09:00,10390.0,10450.0,10350.0,10390.0,1235,0.0,0.0
2024-10-29 12:20:00+09:00,10360.0,10400.0,10340.0,10390.0,2518,0.0,0.0
2024-10-29 12:25:00+09:00,10390.0,10390.0,10360.0,10370.0,432,0.0,0.0
2024-10-29 12:30:00+09:00,10370.0,10390.0,10370.0,10370.0,54,0.0,0.0
2024-10-29 12:35:00+09:00,10400.0,10440.0,10400.0,10440.0,469,0.0,0.0
2024-10-29 12:40:00+09:00,10440.0,10450.0,10430.0,10440.0,120,0.0,0.0
2024-10-29 12:45:00+09:00,10440.0,10450.0,10430.0,10450.0,361,0.0,0.0
2024-10-29 12:50:00+09:00,10450.0,10450.0,10420.0,10420.0,976,0.0,0.0
2024-10-29 12:55:00+09:00,10420.0,10420.0,10290.0,10290.0,4290,0.0,0.0
2024-10-29 13:00:00+09:00,10300.0,10340.0,10240.0,10270.0,2027,0.0,0.0
2024-10-29 13:05:00+09:00,10270.0,10300.0,10240.0,10300.0,329,0.0,0.0
2024-10-29 13:10:00+09:00,10270.0,10300.0,10230.0,10300.0,573,0.0,0.0
2024-10-29 13:15:00+09:00,10230.0,10260.0,10230.0,10240.0,51,0.0,0.0
2024-10-29 13:20:00+09:00,10240.0,10250.0,10200.0,10240.0,2694,0.0,0.0
2024-10-29 13:25:00+09:00,10240.0,10320.0,10210.0,10320.0,318,0.0,0.0
2024-10-29 13:30:00+09:00,10260.0,10290.0,10210.0,10280.0,1070,0.0,0.0
2024-10-29 13:35:00+09:00,10260.0,10280.0,10220.0,10220.0,209,0.0,0.0
2024-10-29 13:40:00+09:00,10280.0,10280.0,10270.0,10270.0,308,0.0,0.0
2024-10-29 13:45:00+09:00,10250.0,10270.0,10220.0,10260.0,674,0.0,0.0
2024-10-29 13:50:00+09:00,10260.0,10280.0,10260.0,10280.0,312,0.0,0.0
2024-10-29 13:55:00+09:00,10260.0,10270.0,10260.0,10270.0,0,0.0,0.0
2024-10-29 14:00:00+09:00,10270.0,10280.0,10270.0,10270.0,234,0.0,0.0
2024-10-29 14:05:00+09:00,10280.0,10280.0,10250.0,10250.0,886,0.0,0.0
2024-10-29 14:10:00+09:00,10280.0,10280.0,10250.0,10250.0,179,0.0,0.0
2024-10-29 14:15:00+09:00,10250.0,10250.0,10240.0,10240.0,210,0.0,0.0
2024-10-29 14:20:00+09:00,10240.0,10270.0,10200.0,10270.0,2741,0.0,0.0
2024-10-29 14:25:00+09:00,10210.0,10260.0,10200.0,10230.0,301,0.0,0.0
2024-10-29 14:30:00+09:00,10260.0,10260.0,10230.0,10230.0,171,0.0,0.0
2024-10-29 14:35:00+09:00,10220.0,10270.0,10220.0,10220.0,127,0.0,0.0
2024-10-29 14:40:00+09:00,10210.0,10230.0,10200.0,10230.0,1333,0.0,0.0
2024-10-29 14:45:00+09:00,10260.0,10330.0,10260.0,10310.0,1031,0.0,0.0
2024-10-29 14:50:00+09:00,10320.0,10390.0,10310.0,10360.0,2131,0.0,0.0
2024-10-29 14:55:00+09:00,10350.0,10360.0,10340.0,10350.0,0,0.0,0.0
2024-10-30 09:00:00+09:00,10320.0,10390.0,10200.0,10390.0,7784,0.0,0.0
2024-10-30 09:05:00+09:00,10440.0,10540.0,10370.0,10540.0,4830,0.0,0.0
2024-10-30 09:10:00+09:00,10560.0,10590.0,10410.0,10550.0,3052,0.0,0.0
2024-10-30 09:15:00+09:00,10470.0,10550.0,10360.0,10430.0,954,0.0,0.0
2024-10-30 09:20:00+09:00,10410.0,10470.0,10300.0,10330.0,2132,0.0,0.0
2024-10-30 09:25:00+09:00,10320.0,10440.0,10260.0,10260.0,438,0.0,0.0
2024-10-30 09:30:00+09:00,10280.0,10400.0,10260.0,10330.0,551,0.0,0.0
2024-10-30 09:35:00+09:00,10330.0,10380.0,10280.0,10280.0,500,0.0,0.0
2024-10-30 09:40:00+09:00,10270.0,10280.0,10180.0,10200.0,4177,0.0,0.0
2024-10-30 09:45:00+09:00,10240.0,10240.0,10190.0,10200.0,2775,0.0,0.0
2024-10-30 09:50:00+09:00,10210.0,10210.0,10120.0,10130.0,5698,0.0,0.0
2024-10-30 09:55:00+09:00,10150.0,10150.0,10120.0,10120.0,1493,0.0,0.0
2024-10-30 10:00:00+09:00,10050.0,10100.0,10040.0,10100.0,13154,0.0,0.0
2024-10-30 10:05:00+09:00,10110.0,10140.0,10040.0,10080.0,1313,0.0,0.0
2024-10-30 10:10:00+09:00,10080.0,10110.0,10040.0,10060.0,2804,0.0,0.0
2024-10-30 10:15:00+09:00,10060.0,10100.0,10040.0,10080.0,1884,0.0,0.0
2024-10-30 10:20:00+09:00,10080.0,10130.0,10080.0,10130.0,349,0.0,0.0
2024-10-30 10:25:00+09:00,10120.0,10150.0,10100.0,10150.0,724,0.0,0.0
2024-10-30 10:30:00+09:00,10110.0,10140.0,10110.0,10130.0,30,0.0,0.0
2024-10-30 10:35:00+09:00,10130.0,10270.0,10130.0,10220.0,4032,0.0,0.0
2024-10-30 10:40:00+09:00,10150.0,10220.0,10150.0,10220.0,258,0.0,0.0
2024-10-30 10:45:00+09:00,10190.0,10240.0,10170.0,10210.0,825,0.0,0.0
2024-10-30 10:50:00+09:00,10200.0,10210.0,10180.0,10200.0,17,0.0,0.0
2024-10-30 10:55:00+09:00,10190.0,10200.0,10170.0,10190.0,53,0.0,0.0
2024-10-30 11:00:00+09:00,10180.0,10200.0,10150.0,10160.0,1212,0.0,0.0
2024-10-30 11:05:00+09:00,10160.0,10170.0,10130.0,10170.0,965,0.0,0.0
2024-10-30 11:10:00+09:00,10170.0,10210.0,10160.0,10160.0,526,0.0,0.0
2024-10-30 11:15:00+09:00,10160.0,10200.0,10160.0,10200.0,0,0.0,0.0
2024-10-30 11:20:00+09:00,10200.0,10200.0,10200.0,10200.0,19,0.0,0.0
2024-10-30 11:25:00+09:00,10170.0,10200.0,10140.0,10190.0,730,0.0,0.0
2024-10-30 11:30:00+09:00,10140.0,10180.0,10130.0,10180.0,209,0.0,0.0
2024-10-30 11:35:00+09:00,10130.0,10200.0,10130.0,10200.0,66,0.0,0.0
2024-10-30 11:40:00+09:00,10150.0,10190.0,10130.0,10170.0,178,0.0,0.0
2024-10-30 11:45:00+09:00,10170.0,10180.0,10100.0,10140.0,2143,0.0,0.0
2024-10-30 11:50:00+09:00,10110.0,10110.0,10110.0,10110.0,121,0.0,0.0
2024-10-30 11:55:00+09:00,10110.0,10130.0,10100.0,10110.0,132,0.0,0.0
2024-10-30 12:00:00+09:00,10130.0,10130.0,10090.0,10090.0,714,0.0,0.0
2024-10-30 12:05:00+09:00,10110.0,10110.0,10070.0,10070.0,479,0.0,0.0
2024-10-30 12:10:00+09:00,10070.0,10080.0,10050.0,10060.0,1832,0.0,0.0
2024-10-30 12:15:00+09:00,10080.0,10130.0,10080.0,10130.0,312,0.0,0.0
2024-10-30 12:20:00+09:00,10110.0,10200.0,10110.0,10190.0,1805,0.0,0.0
2024-10-30 12:25:00+09:00,10160.0,10240.0,10160.0,10230.0,982,0.0,0.0
2024-10-30 12:30:00+09:00,10210.0,10230.0,10160.0,10190.0,1038,0.0,0.0
2024-10-30 12:35:00+09:00,10180.0,10220.0,10160.0,10160.0,141,0.0,0.0
2024-10-30 12:40:00+09:00,10190.0,10210.0,10180.0,10180.0,514,0.0,0.0
2024-10-30 12:45:00+09:00,10200.0,10220.0,10200.0,10220.0,141,0.0,0.0
2024-10-30 12:50:00+09:00,10220.0,10230.0,10220.0,10230.0,338,0.0,0.0
2024-10-30 12:55:00+09:00,10220.0,10230.0,10210.0,10230.0,0,0.0,0.0
2024-10-30 13:00:00+09:00,10220.0,10220.0,10200.0,10200.0,405,0.0,0.0
2024-10-30 13:05:00+09:00,10200.0,10200.0,10200.0,10200.0,0,0.0,0.0
2024-10-30 13:10:00+09:00,10210.0,10210.0,10180.0,10180.0,24,0.0,0.0
2024-10-30 13:15:00+09:00,10160.0,10210.0,10160.0,10200.0,1063,0.0,0.0
2024-10-30 13:20:00+09:00,10200.0,10210.0,10200.0,10210.0,142,0.0,0.0
2024-10-30 13:25:00+09:00,10200.0,10210.0,10200.0,10210.0,97,0.0,0.0
2024-10-30 13:30:00+09:00,10180.0,10180.0,10180.0,10180.0,0,0.0,0.0
2024-10-30 13:35:00+09:00,10180.0,10240.0,10180.0,10190.0,1192,0.0,0.0
2024-10-30 13:40:00+09:00,10220.0,10240.0,10220.0,10240.0,236,0.0,0.0
2024-10-30 13:45:00+09:00,10240.0,10250.0,10220.0,10220.0,826,0.0,0.0
2024-10-30 13:50:00+09:00,10220.0,10220.0,10190.0,10220.0,723,0.0,0.0
2024-10-30 13:55:00+09:00,10220.0,10220.0,10190.0,10200.0,290,0.0,0.0
2024-10-30 14:00:00+09:00,10190.0,10190.0,10170.0,10170.0,863,0.0,0.0
2024-10-30 14:05:00+09:00,10180.0,10180.0,10180.0,10180.0,20,0.0,0.0
2024-10-30 14:10:00+09:00,10210.0,10210.0,10210.0,10210.0,0,0.0,0.0
2024-10-30 14:15:00+09:00,10180.0,10180.0,10180.0,10180.0,6,0.0,0.0
2024-10-30 14:20:00+09:00,10190.0,10190.0,10160.0,10160.0,1371,0.0,0.0
2024-10-30 14:25:00+09:00,10180.0,10200.0,10180.0,10180.0,488,0.0,0.0
2024-10-30 14:30:00+09:00,10200.0,10210.0,10190.0,10200.0,6,0.0,0.0
2024-10-30 14:35:00+09:00,10210.0,10210.0,10180.0,10180.0,1220,0.0,0.0
2024-10-30 14:40:00+09:00,10180.0,10210.0,10180.0,10200.0,514,0.0,0.0
2024-10-30 14:45:00+09:00,10170.0,10190.0,10150.0,10150.0,289,0.0,0.0
2024-10-30 14:50:00+09:00,10140.0,10140.0,10130.0,10140.0,319,0.0,0.0
2024-10-30 14:55:00+09:00,10140.0,10140.0,10070.0,10080.0,1832,0.0,0.0
2024-10-31 09:00:00+09:00,9940.0,10110.0,9900.0,10030.0,4888,0.0,0.0
2024-10-31 09:05:00+09:00,10010.0,10010.0,9720.0,9780.0,13104,0.0,0.0
2024-10-31 09:10:00+09:00,9780.0,9900.0,9700.0,9900.0,5634,0.0,0.0
2024-10-31 09:15:00+09:00,9890.0,9890.0,9840.0,9840.0,667,0.0,0.0
2024-10-31 09:20:00+09:00,9840.0,9900.0,9840.0,9860.0,402,0.0,0.0
2024-10-31 09:25:00+09:00,9860.0,9890.0,9830.0,9880.0,961,0.0,0.0
2024-10-31 09:30:00+09:00,9880.0,9890.0,9760.0,9810.0,738,0.0,0.0
2024-10-31 09:35:00+09:00,9820.0,9820.0,9750.0,9750.0,740,0.0,0.0
2024-10-31 09:40:00+09:00,9740.0,9880.0,9700.0,9800.0,4178,0.0,0.0
2024-10-31 09:45:00+09:00,9800.0,9800.0,9750.0,9800.0,334,0.0,0.0
2024-10-31 09:50:00+09:00,9770.0,9790.0,9700.0,9700.0,1131,0.0,0.0
2024-10-31 09:55:00+09:00,9750.0,9800.0,9730.0,9800.0,1463,0.0,0.0
2024-10-31 10:00:00+09:00,9760.0,9760.0,9720.0,9720.0,519,0.0,0.0
2024-10-31 10:05:00+09:00,9730.0,9800.0,9700.0,9800.0,807,0.0,0.0
2024-10-31 10:10:00+09:00,9730.0,9800.0,9730.0,9800.0,597,0.0,0.0
2024-10-31 10:15:00+09:00,9730.0,9810.0,9700.0,9810.0,4286,0.0,0.0
2024-10-31 10:20:00+09:00,9800.0,9800.0,9710.0,9770.0,647,0.0,0.0
2024-10-31 10:25:00+09:00,9770.0,9780.0,9740.0,9770.0,336,0.0,0.0
2024-10-31 10:30:00+09:00,9760.0,9830.0,9760.0,9830.0,721,0.0,0.0
2024-10-31 10:35:00+09:00,9790.0,9830.0,9750.0,9800.0,1243,0.0,0.0
2024-10-31 10:40:00+09:00,9820.0,9830.0,9780.0,9830.0,427,0.0,0.0
2024-10-31 10:45:00+09:00,9830.0,9830.0,9750.0,9820.0,130,0.0,0.0
2024-10-31 10:50:00+09:00,9760.0,9830.0,9750.0,9830.0,181,0.0,0.0
2024-10-31 10:55:00+09:00,9830.0,9830.0,9830.0,9830.0,70,0.0,0.0
2024-10-31 11:00:00+09:00,9830.0,9830.0,9720.0,9820.0,589,0.0,0.0
2024-10-31 11:05:00+09:00,9820.0,9820.0,9750.0,9820.0,277,0.0,0.0
2024-10-31 11:10:00+09:00,9780.0,9790.0,9700.0,9770.0,5811,0.0,0.0
2024-10-31 11:15:00+09:00,9770.0,9810.0,9750.0,9800.0,1509,0.0,0.0
2024-10-31 11:20:00+09:00,9800.0,9810.0,9790.0,9800.0,95,0.0,0.0
2024-10-31 11:25:00+09:00,9790.0,9800.0,9770.0,9790.0,588,0.0,0.0
2024-10-31 11:30:00+09:00,9770.0,9770.0,9750.0,9750.0,265,0.0,0.0
2024-10-31 11:35:00+09:00,9750.0,9810.0,9730.0,9730.0,597,0.0,0.0
2024-10-31 11:40:00+09:00,9800.0,9800.0,9800.0,9800.0,250,0.0,0.0
2024-10-31 11:45:00+09:00,9800.0,9810.0,9770.0,9770.0,161,0.0,0.0
2024-10-31 11:50:00+09:00,9770.0,9810.0,9770.0,9770.0,79,0.0,0.0
2024-10-31 11:55:00+09:00,9770.0,9810.0,9770.0,9780.0,126,0.0,0.0
2024-10-31 12:00:00+09:00,9790.0,9830.0,9790.0,9830.0,2090,0.0,0.0
2024-10-31 12:05:00+09:00,9830.0,9850.0,9830.0,9840.0,324,0.0,0.0
2024-10-31 12:10:00+09:00,9840.0,9860.0,9820.0,9850.0,212,0.0,0.0
2024-10-31 12:15:00+09:00,9830.0,9850.0,9830.0,9830.0,284,0.0,0.0
2024-10-31 12:20:00+09:00,9840.0,9850.0,9810.0,9850.0,23,0.0,0.0
2024-10-31 12:25:00+09:00,9830.0,9850.0,9810.0,9810.0,828,0.0,0.0
2024-10-31 12:30:00+09:00,9810.0,9840.0,9810.0,9840.0,0,0.0,0.0
2024-10-31 12:35:00+09:00,9810.0,9810.0,9810.0,9810.0,138,0.0,0.0
2024-10-31 12:40:00+09:00,9840.0,9840.0,9840.0,9840.0,8,0.0,0.0
2024-10-31 12:45:00+09:00,9820.0,9850.0,9820.0,9850.0,247,0.0,0.0
2024-10-31 12:50:00+09:00,9850.0,9850.0,9840.0,9840.0,129,0.0,0.0
2024-10-31 12:55:00+09:00,9830.0,9830.0,9830.0,9830.0,624,0.0,0.0
2024-10-31 13:00:00+09:00,9840.0,9840.0,9810.0,9830.0,203,0.0,0.0
2024-10-31 13:05:00+09:00,9840.0,9850.0,9800.0,9850.0,197,0.0,0.0
2024-10-31 13:10:00+09:00,9830.0,9850.0,9820.0,9850.0,67,0.0,0.0
2024-10-31 13:15:00+09:00,9850.0,9860.0,9830.0,9860.0,353,0.0,0.0
2024-10-31 13:20:00+09:00,9840.0,9860.0,9840.0,9860.0,231,0.0,0.0
2024-10-31 13:25:00+09:00,9870.0,9900.0,9860.0,9900.0,2637,0.0,0.0
2024-10-31 13:30:00+09:00,9910.0,9980.0,9870.0,9980.0,2785,0.0,0.0
2024-10-31 13:35:00+09:00,9980.0,9990.0,9920.0,9970.0,1606,0.0,0.0
2024-10-31 13:40:00+09:00,9970.0,9990.0,9970.0,9980.0,692,0.0,0.0
2024-10-31 13:45:00+09:00,9980.0,10100.0,9980.0,10060.0,2605,0.0,0.0
2024-10-31 13:50:00+09:00,10050.0,10050.0,9980.0,9980.0,703,0.0,0.0
2024-10-31 13:55:00+09:00,10050.0,10050.0,10050.0,10050.0,666,0.0,0.0
2024-10-31 14:00:00+09:00,10010.0,10040.0,9950.0,10000.0,182,0.0,0.0
2024-10-31 14:05:00+09:00,9960.0,9960.0,9940.0,9940.0,679,0.0,0.0
2024-10-31 14:10:00+09:00,9940.0,9940.0,9900.0,9900.0,1899,0.0,0.0
2024-10-31 14:15:00+09:00,9900.0,9920.0,9900.0,9900.0,0,0.0,0.0
2024-10-31 14:20:00+09:00,9900.0,9950.0,9900.0,9950.0,8,0.0,0.0
2024-10-31 14:25:00+09:00,9950.0,9950.0,9950.0,9950.0,38,0.0,0.0
2024-10-31 14:30:00+09:00,9910.0,9970.0,9900.0,9900.0,377,0.0,0.0
2024-10-31 14:35:00+09:00,9970.0,9990.0,9970.0,9990.0,161,0.0,0.0
2024-10-31 14:40:00+09:00,9910.0,9920.0,9910.0,9920.0,5,0.0,0.0
2024-10-31 14:45:00+09:00,9920.0,9930.0,9900.0,9900.0,858,0.0,0.0
2024-10-31 14:50:00+09:00,9910.0,10450.0,9910.0,10100.0,25675,0.0,0.0
2024-10-31 14:55:00+09:00,10000.0,10100.0,9880.0,9940.0,18082,0.0,0.0
2024-11-01 09:00:00+09:00,9450.0,9560.0,9280.0,9310.0,16235,0.0,0.0
2024-11-01 09:05:00+09:00,9310.0,9340.0,9290.0,9330.0,7335,0.0,0.0
2024-11-01 09:10:00+09:00,9300.0,9330.0,9190.0,9320.0,9543,0.0,0.0
2024-11-01 09:15:00+09:00,9280.0,9290.0,9200.0,9210.0,3406,0.0,0.0
2024-11-01 09:20:00+09:00,9210.0,9210.0,9180.0,9200.0,1320,0.0,0.0
2024-11-01 09:25:00+09:00,9200.0,9260.0,9190.0,9210.0,1218,0.0,0.0
2024-11-01 09:30:00+09:00,9240.0,9350.0,9210.0,9310.0,3593,0.0,0.0
2024-11-01 09:35:00+09:00,9310.0,9310.0,9120.0,9170.0,12375,0.0,0.0
2024-11-01 09:40:00+09:00,9170.0,9200.0,9100.0,9170.0,5367,0.0,0.0
2024-11-01 09:45:00+09:00,9170.0,9240.0,9160.0,9240.0,2438,0.0,0.0
2024-11-01 09:50:00+09:00,9240.0,9390.0,9240.0,9380.0,8315,0.0,0.0
2024-11-01 09:55:00+09:00,9370.0,9680.0,9370.0,9550.0,24386,0.0,0.0
2024-11-01 10:00:00+09:00,9550.0,9600.0,9470.0,9530.0,1885,0.0,0.0
2024-11-01 10:05:00+09:00,9520.0,9580.0,9470.0,9490.0,3343,0.0,0.0
2024-11-01 10:10:00+09:00,9500.0,9530.0,9490.0,9490.0,815,0.0,0.0
2024-11-01 10:15:00+09:00,9490.0,9640.0,9490.0,9540.0,5385,0.0,0.0
2024-11-01 10:20:00+09:00,9550.0,9650.0,9520.0,9580.0,1434,0.0,0.0
2024-11-01 10:25:00+09:00,9580.0,9720.0,9580.0,9700.0,4445,0.0,0.0
2024-11-01 10:30:00+09:00,9700.0,9700.0,9550.0,9610.0,2952,0.0,0.0
2024-11-01 10:35:00+09:00,9610.0,9610.0,9590.0,9610.0,272,0.0,0.0
2024-11-01 10:40:00+09:00,9610.0,9720.0,9610.0,9650.0,1910,0.0,0.0
2024-11-01 10:45:00+09:00,9640.0,9700.0,9610.0,9620.0,413,0.0,0.0
2024-11-01 10:50:00+09:00,9640.0,9660.0,9640.0,9660.0,1038,0.0,0.0
2024-11-01 10:55:00+09:00,9670.0,9740.0,9630.0,9690.0,2007,0.0,0.0
2024-11-01 11:00:00+09:00,9670.0,9670.0,9630.0,9650.0,1905,0.0,0.0
2024-11-01 11:05:00+09:00,9630.0,9750.0,9630.0,9660.0,766,0.0,0.0
2024-11-01 11:10:00+09:00,9630.0,9750.0,9610.0,9690.0,1857,0.0,0.0
2024-11-01 11:15:00+09:00,9670.0,9750.0,9600.0,9690.0,396,0.0,0.0
2024-11-01 11:20:00+09:00,9710.0,9710.0,9600.0,9650.0,310,0.0,0.0
2024-11-01 11:25:00+09:00,9650.0,9650.0,9640.0,9650.0,873,0.0,0.0
2024-11-01 11:30:00+09:00,9650.0,9680.0,9650.0,9680.0,0,0.0,0.0
2024-11-01 11:35:00+09:00,9650.0,9650.0,9650.0,9650.0,2,0.0,0.0
2024-11-01 11:40:00+09:00,9650.0,9650.0,9620.0,9650.0,65,0.0,0.0
2024-11-01 11:45:00+09:00,9650.0,9650.0,9620.0,9620.0,179,0.0,0.0
2024-11-01 11:50:00+09:00,9650.0,9650.0,9650.0,9650.0,34,0.0,0.0
2024-11-01 11:55:00+09:00,9650.0,9650.0,9580.0,9600.0,545,0.0,0.0
2024-11-01 12:00:00+09:00,9630.0,9630.0,9630.0,9630.0,0,0.0,0.0
2024-11-01 12:05:00+09:00,9600.0,9600.0,9600.0,9600.0,50,0.0,0.0
2024-11-01 12:10:00+09:00,9630.0,9630.0,9580.0,9600.0,1417,0.0,0.0
2024-11-01 12:15:00+09:00,9580.0,9600.0,9570.0,9600.0,363,0.0,0.0
2024-11-01 12:20:00+09:00,9590.0,9600.0,9590.0,9590.0,65,0.0,0.0
2024-11-01 12:25:00+09:00,9590.0,9600.0,9410.0,9440.0,3231,0.0,0.0
2024-11-01 12:30:00+09:00,9440.0,9580.0,9440.0,9480.0,1262,0.0,0.0
2024-11-01 12:35:00+09:00,9480.0,9490.0,9400.0,9440.0,1622,0.0,0.0
2024-11-01 12:40:00+09:00,9480.0,9500.0,9480.0,9490.0,224,0.0,0.0
2024-11-01 12:45:00+09:00,9490.0,9490.0,9430.0,9430.0,903,0.0,0.0
2024-11-01 12:50:00+09:00,9470.0,9500.0,9470.0,9500.0,561,0.0,0.0
2024-11-01 12:55:00+09:00,9510.0,9520.0,9510.0,9510.0,237,0.0,0.0
2024-11-01 13:00:00+09:00,9520.0,9580.0,9380.0,9410.0,3451,0.0,0.0
2024-11-01 13:05:00+09:00,9410.0,9430.0,9370.0,9410.0,1082,0.0,0.0
2024-11-01 13:10:00+09:00,9380.0,9380.0,9350.0,9350.0,1739,0.0,0.0
2024-11-01 13:15:00+09:00,9350.0,9360.0,9290.0,9340.0,1671,0.0,0.0
2024-11-01 13:20:00+09:00,9360.0,9360.0,9330.0,9350.0,19,0.0,0.0
2024-11-01 13:25:00+09:00,9320.0,9320.0,9200.0,9200.0,3350,0.0,0.0
2024-11-01 13:30:00+09:00,9230.0,9270.0,9210.0,9270.0,552,0.0,0.0
2024-11-01 13:35:00+09:00,9280.0,9280.0,9240.0,9240.0,675,0.0,0.0
2024-11-01 13:40:00+09:00,9240.0,9260.0,9240.0,9260.0,190,0.0,0.0
2024-11-01 13:45:00+09:00,9250.0,9300.0,9250.0,9300.0,2824,0.0,0.0
2024-11-01 13:50:00+09:00,9290.0,9320.0,9250.0,9260.0,632,0.0,0.0
2024-11-01 13:55:00+09:00,9260.0,9320.0,9240.0,9320.0,1445,0.0,0.0
2024-11-01 14:00:00+09:00,9310.0,9360.0,9310.0,9350.0,526,0.0,0.0
2024-11-01 14:05:00+09:00,9320.0,9320.0,9280.0,9280.0,460,0.0,0.0
2024-11-01 14:10:00+09:00,9280.0,9320.0,9270.0,9320.0,578,0.0,0.0
2024-11-01 14:15:00+09:00,9290.0,9380.0,9280.0,9320.0,754,0.0,0.0
2024-11-01 14:20:00+09:00,9310.0,9320.0,9310.0,9320.0,91,0.0,0.0
2024-11-01 14:25:00+09:00,9320.0,9320.0,9280.0,9290.0,159,0.0,0.0
2024-11-01 14:30:00+09:00,9300.0,9300.0,9300.0,9300.0,50,0.0,0.0
2024-11-01 14:35:00+09:00,9290.0,9370.0,9280.0,9310.0,349,0.0,0.0
2024-11-01 14:40:00+09:00,9320.0,9370.0,9320.0,9320.0,86,0.0,0.0
2024-11-01 14:45:00+09:00,9310.0,9310.0,9250.0,9250.0,617,0.0,0.0
2024-11-01 14:50:00+09:00,9250.0,9270.0,9200.0,9230.0,1550,0.0,0.0
2024-11-01 14:55:00+09:00,9250.0,9250.0,9190.0,9190.0,3971,0.0,0.0
2024-11-04 09:00:00+09:00,9120.0,9310.0,9120.0,9250.0,0,0.0,0.0
2024-11-04 09:05:00+09:00,9220.0,9490.0,9190.0,9400.0,8660,0.0,0.0
2024-11-04 09:10:00+09:00,9450.0,9560.0,9310.0,9320.0,3803,0.0,0.0
2024-11-04 09:15:00+09:00,9310.0,9320.0,9240.0,9280.0,3164,0.0,0.0
2024-11-04 09:20:00+09:00,9250.0,9270.0,9170.0,9170.0,3115,0.0,0.0
2024-11-04 09:25:00+09:00,9160.0,9230.0,9070.0,9080.0,3497,0.0,0.0
2024-11-04 09:30:00+09:00,9070.0,9170.0,9070.0,9140.0,1169,0.0,0.0
2024-11-04 09:35:00+09:00,9150.0,9150.0,9120.0,9150.0,671,0.0,0.0
2024-11-04 09:40:00+09:00,9120.0,9120.0,9030.0,9090.0,4957,0.0,0.0
2024-11-04 09:45:00+09:00,9060.0,9170.0,9060.0,9130.0,2069,0.0,0.0
2024-11-04 09:50:00+09:00,9160.0,9170.0,9140.0,9160.0,2212,0.0,0.0
2024-11-04 09:55:00+09:00,9150.0,9170.0,9110.0,9130.0,1653,0.0,0.0
2024-11-04 10:00:00+09:00,9110.0,9170.0,9110.0,9160.0,924,0.0,0.0
2024-11-04 10:05:00+09:00,9160.0,9160.0,9140.0,9150.0,823,0.0,0.0
2024-11-04 10:10:00+09:00,9150.0,9190.0,9140.0,9170.0,4706,0.0,0.0
2024-11-04 10:15:00+09:00,9170.0,9170.0,9070.0,9100.0,2586,0.0,0.0
2024-11-04 10:20:00+09:00,9120.0,9210.0,9120.0,9140.0,4592,0.0,0.0
2024-11-04 10:25:00+09:00,9160.0,9180.0,9160.0,9180.0,1208,0.0,0.0
2024-11-04 10:30:00+09:00,9190.0,9190.0,9140.0,9140.0,3751,0.0,0.0
2024-11-04 10:35:00+09:00,9160.0,9180.0,9140.0,9160.0,1027,0.0,0.0
2024-11-04 10:40:00+09:00,9160.0,9170.0,9140.0,9160.0,214,0.0,0.0
2024-11-04 10:45:00+09:00,9160.0,9180.0,9140.0,9140.0,2724,0.0,0.0
2024-11-04 10:50:00+09:00,9150.0,9170.0,9140.0,9160.0,1197,0.0,0.0
2024-11-04 10:55:00+09:00,9150.0,9160.0,9120.0,9130.0,1523,0.0,0.0
2024-11-04 11:00:00+09:00,9130.0,9200.0,9130.0,9190.0,3685,0.0,0.0
2024-11-04 11:05:00+09:00,9170.0,9170.0,9130.0,9140.0,367,0.0,0.0
2024-11-04 11:10:00+09:00,9160.0,9170.0,9160.0,9170.0,262,0.0,0.0
2024-11-04 11:15:00+09:00,9170.0,9270.0,9160.0,9270.0,7296,0.0,0.0
2024-11-04 11:20:00+09:00,9260.0,9280.0,9220.0,9280.0,1163,0.0,0.0
2024-11-04 11:25:00+09:00,9270.0,9280.0,9250.0,9250.0,1093,0.0,0.0
2024-11-04 11:30:00+09:00,9250.0,9260.0,9240.0,9260.0,313,0.0,0.0
2024-11-04 11:35:00+09:00,9260.0,9260.0,9210.0,9240.0,2794,0.0,0.0
2024-11-04 11:40:00+09:00,9230.0,9280.0,9230.0,9270.0,1447,0.0,0.0
2024-11-04 11:45:00+09:00,9270.0,9270.0,9240.0,9240.0,823,0.0,0.0
2024-11-04 11:50:00+09:00,9230.0,9230.0,9230.0,9230.0,332,0.0,0.0
2024-11-04 11:55:00+09:00,9210.0,9210.0,9180.0,9200.0,331,0.0,0.0
2024-11-04 12:00:00+09:00,9180.0,9180.0,9130.0,9130.0,1075,0.0,0.0
2024-11-04 12:05:00+09:00,9120.0,9120.0,9070.0,9120.0,3525,0.0,0.0
2024-11-04 12:10:00+09:00,9130.0,9150.0,9120.0,9150.0,1563,0.0,0.0
2024-11-04 12:15:00+09:00,9150.0,9150.0,9140.0,9150.0,695,0.0,0.0
2024-11-04 12:20:00+09:00,9150.0,9170.0,9150.0,9170.0,418,0.0,0.0
2024-11-04 12:25:00+09:00,9160.0,9160.0,9080.0,9100.0,4856,0.0,0.0
2024-11-04 12:30:00+09:00,9100.0,9110.0,9050.0,9060.0,5583,0.0,0.0
2024-11-04 12:35:00+09:00,9070.0,9080.0,9020.0,9020.0,10347,0.0,0.0
2024-11-04 12:40:00+09:00,9020.0,9050.0,9000.0,9050.0,4139,0.0,0.0
2024-11-04 12:45:00+09:00,9050.0,9050.0,9010.0,9050.0,2018,0.0,0.0
2024-11-04 12:50:00+09:00,9050.0,9050.0,9030.0,9030.0,879,0.0,0.0
2024-11-04 12:55:00+09:00,9040.0,9100.0,9040.0,9100.0,1698,0.0,0.0
2024-11-04 13:00:00+09:00,9100.0,9100.0,9070.0,9090.0,749,0.0,0.0
2024-11-04 13:05:00+09:00,9080.0,9090.0,9040.0,9050.0,917,0.0,0.0
2024-11-04 13:10:00+09:00,9080.0,9090.0,9080.0,9080.0,513,0.0,0.0
2024-11-04 13:15:00+09:00,9080.0,9090.0,8970.0,9010.0,12911,0.0,0.0
2024-11-04 13:20:00+09:00,9010.0,9020.0,8950.0,8960.0,3411,0.0,0.0
2024-11-04 13:25:00+09:00,8980.0,9030.0,8940.0,8970.0,3100,0.0,0.0
2024-11-04 13:30:00+09:00,8970.0,8970.0,8910.0,8950.0,6120,0.0,0.0
2024-11-04 13:35:00+09:00,8950.0,8950.0,8900.0,8940.0,1822,0.0,0.0
2024-11-04 13:40:00+09:00,8920.0,8940.0,8830.0,8880.0,5115,0.0,0.0
2024-11-04 13:45:00+09:00,8900.0,8930.0,8880.0,8900.0,394,0.0,0.0
2024-11-04 13:50:00+09:00,8900.0,8940.0,8860.0,8870.0,1021,0.0,0.0
2024-11-04 13:55:00+09:00,8870.0,8870.0,8810.0,8840.0,4496,0.0,0.0
2024-11-04 14:00:00+09:00,8890.0,8890.0,8870.0,8880.0,329,0.0,0.0
2024-11-04 14:05:00+09:00,8860.0,8900.0,8850.0,8870.0,2050,0.0,0.0
2024-11-04 14:10:00+09:00,8870.0,8870.0,8820.0,8850.0,3181,0.0,0.0
2024-11-04 14:15:00+09:00,8850.0,8940.0,8850.0,8940.0,3605,0.0,0.0
2024-11-04 14:20:00+09:00,8940.0,8960.0,8930.0,8960.0,940,0.0,0.0
2024-11-04 14:25:00+09:00,8960.0,8970.0,8910.0,8940.0,1057,0.0,0.0
2024-11-04 14:30:00+09:00,8940.0,8970.0,8940.0,8970.0,483,0.0,0.0
2024-11-04 14:35:00+09:00,8970.0,8990.0,8950.0,8950.0,200,0.0,0.0
2024-11-04 14:40:00+09:00,8970.0,8970.0,8920.0,8950.0,378,0.0,0.0
2024-11-04 14:45:00+09:00,8950.0,9000.0,8920.0,9000.0,963,0.0,0.0
2024-11-04 14:50:00+09:00,8980.0,9060.0,8980.0,9050.0,890,0.0,0.0
2024-11-04 14:55:00+09:00,9010.0,9060.0,9000.0,9010.0,625,0.0,0.0
2024-11-05 09:00:00+09:00,9110.0,9330.0,9000.0,9010.0,4354,0.0,0.0
2024-11-05 09:05:00+09:00,9010.0,9330.0,8990.0,9180.0,5082,0.0,0.0
2024-11-05 09:10:00+09:00,9180.0,9200.0,9100.0,9200.0,2701,0.0,0.0
2024-11-05 09:15:00+09:00,9170.0,9210.0,9100.0,9130.0,2031,0.0,0.0
2024-11-05 09:20:00+09:00,9120.0,9130.0,9020.0,9040.0,2342,0.0,0.0
2024-11-05 09:25:00+09:00,9040.0,9130.0,8980.0,9030.0,2416,0.0,0.0
2024-11-05 09:30:00+09:00,9050.0,9050.0,8980.0,9010.0,1595,0.0,0.0
2024-11-05 09:35:00+09:00,9020.0,9040.0,8980.0,8990.0,1703,0.0,0.0
2024-11-05 09:40:00+09:00,8990.0,9090.0,8970.0,9050.0,2179,0.0,0.0
2024-11-05 09:45:00+09:00,9060.0,9120.0,9050.0,9050.0,2711,0.0,0.0
2024-11-05 09:50:00+09:00,9060.0,9070.0,9030.0,9030.0,845,0.0,0.0
2024-11-05 09:55:00+09:00,9030.0,9030.0,8980.0,9000.0,2968,0.0,0.0
2024-11-05 10:00:00+09:00,9020.0,9080.0,9020.0,9080.0,190,0.0,0.0
2024-11-05 10:05:00+09:00,9080.0,9080.0,8990.0,8990.0,1920,0.0,0.0
2024-11-05 10:10:00+09:00,9000.0,9050.0,9000.0,9050.0,1152,0.0,0.0
2024-11-05 10:15:00+09:00,9050.0,9090.0,9050.0,9090.0,310,0.0,0.0
2024-11-05 10:20:00+09:00,9090.0,9100.0,9070.0,9080.0,1045,0.0,0.0
2024-11-05 10:25:00+09:00,9080.0,9100.0,9080.0,9090.0,809,0.0,0.0
2024-11-05 10:30:00+09:00,9070.0,9070.0,9060.0,9060.0,153,0.0,0.0
2024-11-05 10:35:00+09:00,9050.0,9050.0,9040.0,9050.0,255,0.0,0.0
2024-11-05 10:40:00+09:00,9050.0,9110.0,9050.0,9080.0,3909,0.0,0.0
2024-11-05 10:45:00+09:00,9080.0,9100.0,9070.0,9080.0,0,0.0,0.0
2024-11-05 10:50:00+09:00,9080.0,9100.0,9080.0,9080.0,625,0.0,0.0
2024-11-05 10:55:00+09:00,9070.0,9090.0,9030.0,9030.0,1707,0.0,0.0
2024-11-05 11:00:00+09:00,9030.0,9070.0,9020.0,9030.0,910,0.0,0.0
2024-11-05 11:05:00+09:00,9030.0,9040.0,9010.0,9010.0,734,0.0,0.0
2024-11-05 11:10:00+09:00,9000.0,9010.0,8960.0,9010.0,2632,0.0,0.0
2024-11-05 11:15:00+09:00,9010.0,9020.0,8990.0,9020.0,417,0.0,0.0
2024-11-05 11:20:00+09:00,9020.0,9030.0,8970.0,8970.0,773,0.0,0.0
2024-11-05 11:25:00+09:00,8980.0,8990.0,8970.0,8990.0,232,0.0,0.0
2024-11-05 11:30:00+09:00,8990.0,8990.0,8950.0,8960.0,1975,0.0,0.0
2024-11-05 11:35:00+09:00,8980.0,9010.0,8980.0,9000.0,291,0.0,0.0
2024-11-05 11:40:00+09:00,9000.0,9000.0,8970.0,9000.0,31,0.0,0.0
2024-11-05 11:45:00+09:00,8970.0,8970.0,8970.0,8970.0,22,0.0,0.0
2024-11-05 11:50:00+09:00,8980.0,9000.0,8980.0,8980.0,451,0.0,0.0
2024-11-05 11:55:00+09:00,9010.0,9100.0,9010.0,9100.0,3761,0.0,0.0
2024-11-05 12:00:00+09:00,9100.0,9130.0,9100.0,9100.0,1359,0.0,0.0
2024-11-05 12:05:00+09:00,9100.0,9110.0,9090.0,9090.0,450,0.0,0.0
2024-11-05 12:10:00+09:00,9110.0,9180.0,9090.0,9180.0,2210,0.0,0.0
2024-11-05 12:15:00+09:00,9170.0,9170.0,9150.0,9150.0,250,0.0,0.0
2024-11-05 12:20:00+09:00,9150.0,9190.0,9150.0,9180.0,497,0.0,0.0
2024-11-05 12:25:00+09:00,9180.0,9190.0,9180.0,9190.0,243,0.0,0.0
2024-11-05 12:30:00+09:00,9180.0,9190.0,9120.0,9120.0,395,0.0,0.0
2024-11-05 12:35:00+09:00,9120.0,9190.0,9120.0,9190.0,1235,0.0,0.0
2024-11-05 12:40:00+09:00,9180.0,9180.0,9180.0,9180.0,355,0.0,0.0
2024-11-05 12:45:00+09:00,9150.0,9180.0,9110.0,9170.0,171,0.0,0.0
2024-11-05 12:50:00+09:00,9180.0,9200.0,9130.0,9200.0,718,0.0,0.0
2024-11-05 12:55:00+09:00,9200.0,9210.0,9200.0,9200.0,432,0.0,0.0
2024-11-05 13:00:00+09:00,9180.0,9200.0,9120.0,9190.0,887,0.0,0.0
2024-11-05 13:05:00+09:00,9160.0,9200.0,9150.0,9150.0,384,0.0,0.0
2024-11-05 13:10:00+09:00,9150.0,9150.0,9100.0,9100.0,1711,0.0,0.0
2024-11-05 13:15:00+09:00,9100.0,9130.0,9100.0,9130.0,36,0.0,0.0
2024-11-05 13:20:00+09:00,9120.0,9130.0,9090.0,9090.0,888,0.0,0.0
2024-11-05 13:25:00+09:00,9090.0,9130.0,9090.0,9130.0,503,0.0,0.0
2024-11-05 13:30:00+09:00,9100.0,9130.0,9100.0,9130.0,113,0.0,0.0
2024-11-05 13:35:00+09:00,9120.0,9130.0,9090.0,9130.0,703,0.0,0.0
2024-11-05 13:40:00+09:00,9120.0,9130.0,9090.0,9120.0,582,0.0,0.0
2024-11-05 13:45:00+09:00,9120.0,9120.0,9090.0,9090.0,152,0.0,0.0
2024-11-05 13:50:00+09:00,9090.0,9090.0,9090.0,9090.0,7,0.0,0.0
2024-11-05 13:55:00+09:00,9110.0,9110.0,9070.0,9070.0,870,0.0,0.0
2024-11-05 14:00:00+09:00,9110.0,9120.0,9090.0,9090.0,191,0.0,0.0
2024-11-05 14:05:00+09:00,9090.0,9120.0,9090.0,9120.0,197,0.0,0.0
2024-11-05 14:10:00+09:00,9120.0,9120.0,9080.0,9090.0,870,0.0,0.0
2024-11-05 14:15:00+09:00,9090.0,9130.0,9070.0,9130.0,1386,0.0,0.0
2024-11-05 14:20:00+09:00,9150.0,9150.0,9110.0,9110.0,339,0.0,0.0
2024-11-05 14:25:00+09:00,9110.0,9110.0,9100.0,9100.0,881,0.0,0.0
2024-11-05 14:30:00+09:00,9100.0,9120.0,9100.0,9120.0,0,0.0,0.0
2024-11-05 14:35:00+09:00,9090.0,9110.0,9070.0,9100.0,504,0.0,0.0
2024-11-05 14:40:00+09:00,9100.0,9120.0,9100.0,9120.0,496,0.0,0.0
2024-11-05 14:45:00+09:00,9110.0,9120.0,9090.0,9120.0,136,0.0,0.0
2024-11-05 14:50:00+09:00,9100.0,9120.0,9070.0,9070.0,986,0.0,0.0
2024-11-05 14:55:00+09:00,9100.0,9100.0,9090.0,9090.0,155,0.0,0.0
2024-11-06 09:00:00+09:00,9290.0,9300.0,9190.0,9270.0,9238,0.0,0.0
2024-11-06 09:05:00+09:00,9240.0,9240.0,8930.0,9150.0,3999,0.0,0.0
2024-11-06 09:10:00+09:00,9150.0,9270.0,9080.0,9270.0,4933,0.0,0.0
2024-11-06 09:15:00+09:00,9270.0,9270.0,9170.0,9260.0,128,0.0,0.0
2024-11-06 09:20:00+09:00,9240.0,9260.0,9180.0,9250.0,376,0.0,0.0
2024-11-06 09:25:00+09:00,9230.0,9240.0,9230.0,9230.0,35,0.0,0.0
2024-11-06 09:30:00+09:00,9240.0,9290.0,9220.0,9250.0,1699,0.0,0.0
2024-11-06 09:35:00+09:00,9240.0,9240.0,9210.0,9210.0,686,0.0,0.0
2024-11-06 09:40:00+09:00,9230.0,9250.0,9190.0,9190.0,1570,0.0,0.0
2024-11-06 09:45:00+09:00,9180.0,9200.0,9130.0,9130.0,806,0.0,0.0
2024-11-06 09:50:00+09:00,9120.0,9160.0,9120.0,9160.0,615,0.0,0.0
2024-11-06 09:55:00+09:00,9160.0,9160.0,9130.0,9130.0,389,0.0,0.0
2024-11-06 10:00:00+09:00,9150.0,9160.0,9130.0,9130.0,48,0.0,0.0
2024-11-06 10:05:00+09:00,9160.0,9190.0,9130.0,9190.0,35,0.0,0.0
2024-11-06 10:10:00+09:00,9130.0,9190.0,9120.0,9190.0,287,0.0,0.0
2024-11-06 10:20:00+09:00,9140.0,9140.0,9120.0,9120.0,1132,0.0,0.0
2024-11-06 10:25:00+09:00,9120.0,9140.0,9120.0,9120.0,0,0.0,0.0
2024-11-06 10:30:00+09:00,9120.0,9120.0,9100.0,9110.0,889,0.0,0.0
2024-11-06 10:35:00+09:00,9110.0,9180.0,9110.0,9180.0,1666,0.0,0.0
2024-11-06 10:40:00+09:00,9180.0,9220.0,9160.0,9200.0,518,0.0,0.0
2024-11-06 10:45:00+09:00,9200.0,9230.0,9160.0,9230.0,467,0.0,0.0
2024-11-06 10:50:00+09:00,9210.0,9230.0,9150.0,9220.0,582,0.0,0.0
2024-11-06 10:55:00+09:00,9170.0,9170.0,9140.0,9140.0,1167,0.0,0.0
2024-11-06 11:00:00+09:00,9140.0,9140.0,9140.0,9140.0,0,0.0,0.0
2024-11-06 11:05:00+09:00,9160.0,9170.0,9160.0,9170.0,840,0.0,0.0
2024-11-06 11:10:00+09:00,9170.0,9170.0,9170.0,9170.0,176,0.0,0.0
2024-11-06 11:15:00+09:00,9170.0,9170.0,9140.0,9140.0,48,0.0,0.0
2024-11-06 11:20:00+09:00,9140.0,9140.0,9140.0,9140.0,0,0.0,0.0
2024-11-06 11:30:00+09:00,9140.0,9170.0,9120.0,9170.0,1005,0.0,0.0
2024-11-06 11:35:00+09:00,9120.0,9160.0,9090.0,9120.0,1223,0.0,0.0
2024-11-06 11:40:00+09:00,9120.0,9130.0,9120.0,9130.0,180,0.0,0.0
2024-11-06 11:45:00+09:00,9130.0,9130.0,9120.0,9120.0,242,0.0,0.0
2024-11-06 11:50:00+09:00,9120.0,9120.0,9110.0,9110.0,728,0.0,0.0
2024-11-06 11:55:00+09:00,9110.0,9110.0,9110.0,9110.0,631,0.0,0.0
2024-11-06 12:00:00+09:00,9100.0,9140.0,9090.0,9090.0,785,0.0,0.0
2024-11-06 12:05:00+09:00,9090.0,9090.0,9090.0,9090.0,20,0.0,0.0
2024-11-06 12:10:00+09:00,9120.0,9250.0,9120.0,9250.0,4150,0.0,0.0
2024-11-06 12:15:00+09:00,9250.0,9250.0,9180.0,9240.0,648,0.0,0.0
2024-11-06 12:20:00+09:00,9220.0,9320.0,9220.0,9300.0,4216,0.0,0.0
2024-11-06 12:25:00+09:00,9300.0,9400.0,9280.0,9300.0,4459,0.0,0.0
2024-11-06 12:30:00+09:00,9290.0,9400.0,9290.0,9300.0,2407,0.0,0.0
2024-11-06 12:35:00+09:00,9280.0,9280.0,9170.0,9240.0,1418,0.0,0.0
2024-11-06 12:40:00+09:00,9220.0,9240.0,9170.0,9230.0,571,0.0,0.0
2024-11-06 12:45:00+09:00,9230.0,9230.0,9170.0,9170.0,145,0.0,0.0
2024-11-06 12:50:00+09:00,9230.0,9410.0,9150.0,9230.0,3851,0.0,0.0
2024-11-06 12:55:00+09:00,9290.0,9430.0,9270.0,9410.0,2087,0.0,0.0
2024-11-06 13:00:00+09:00,9320.0,9390.0,9230.0,9300.0,1735,0.0,0.0
2024-11-06 13:05:00+09:00,9290.0,9360.0,9290.0,9310.0,924,0.0,0.0
2024-11-06 13:10:00+09:00,9300.0,9300.0,9230.0,9230.0,310,0.0,0.0
2024-11-06 13:15:00+09:00,9230.0,9230.0,9230.0,9230.0,409,0.0,0.0
2024-11-06 13:20:00+09:00,9250.0,9250.0,9220.0,9220.0,367,0.0,0.0
2024-11-06 13:25:00+09:00,9220.0,9270.0,9220.0,9270.0,2348,0.0,0.0
2024-11-06 13:30:00+09:00,9260.0,9260.0,9230.0,9240.0,65,0.0,0.0
2024-11-06 13:35:00+09:00,9250.0,9260.0,9250.0,9250.0,33,0.0,0.0
2024-11-06 13:40:00+09:00,9240.0,9260.0,9190.0,9260.0,373,0.0,0.0
2024-11-06 13:50:00+09:00,9200.0,9240.0,9200.0,9240.0,48,0.0,0.0
2024-11-06 13:55:00+09:00,9240.0,9240.0,9240.0,9240.0,14,0.0,0.0
2024-11-06 14:00:00+09:00,9190.0,9240.0,9190.0,9220.0,369,0.0,0.0
2024-11-06 14:05:00+09:00,9170.0,9260.0,9160.0,9250.0,2243,0.0,0.0
2024-11-06 14:10:00+09:00,9220.0,9250.0,9220.0,9250.0,3,0.0,0.0
2024-11-06 14:15:00+09:00,9240.0,9250.0,9230.0,9230.0,459,0.0,0.0
2024-11-06 14:20:00+09:00,9230.0,9250.0,9220.0,9250.0,204,0.0,0.0
2024-11-06 14:25:00+09:00,9250.0,9260.0,9230.0,9260.0,293,0.0,0.0
2024-11-06 14:30:00+09:00,9250.0,9250.0,9220.0,9250.0,1359,0.0,0.0
2024-11-06 14:35:00+09:00,9240.0,9240.0,9230.0,9230.0,1,0.0,0.0
2024-11-06 14:40:00+09:00,9250.0,9250.0,9200.0,9250.0,223,0.0,0.0
2024-11-06 14:45:00+09:00,9200.0,9200.0,9190.0,9190.0,141,0.0,0.0
2024-11-06 14:50:00+09:00,9190.0,9230.0,9140.0,9220.0,1266,0.0,0.0
2024-11-06 14:55:00+09:00,9160.0,9240.0,9160.0,9240.0,395,0.0,0.0
2024-11-07 09:00:00+09:00,9370.0,9370.0,9150.0,9150.0,2280,0.0,0.0
2024-11-07 09:05:00+09:00,9250.0,9260.0,9140.0,9140.0,1618,0.0,0.0
2024-11-07 09:10:00+09:00,9130.0,9130.0,9050.0,9120.0,3014,0.0,0.0
2024-11-07 09:15:00+09:00,9120.0,9170.0,9100.0,9170.0,779,0.0,0.0
2024-11-07 09:20:00+09:00,9170.0,9200.0,9170.0,9170.0,539,0.0,0.0
2024-11-07 09:25:00+09:00,9190.0,9190.0,9130.0,9130.0,402,0.0,0.0
2024-11-07 09:30:00+09:00,9180.0,9190.0,9060.0,9120.0,2725,0.0,0.0
2024-11-07 09:35:00+09:00,9140.0,9210.0,9140.0,9210.0,219,0.0,0.0
2024-11-07 09:40:00+09:00,9160.0,9160.0,9150.0,9150.0,244,0.0,0.0
2024-11-07 09:45:00+09:00,9150.0,9180.0,9100.0,9170.0,644,0.0,0.0
2024-11-07 09:50:00+09:00,9120.0,9180.0,9120.0,9180.0,434,0.0,0.0
2024-11-07 09:55:00+09:00,9180.0,9180.0,9090.0,9170.0,341,0.0,0.0
2024-11-07 10:00:00+09:00,9170.0,9210.0,9120.0,9210.0,496,0.0,0.0
2024-11-07 10:05:00+09:00,9130.0,9210.0,9130.0,9190.0,120,0.0,0.0
2024-11-07 10:10:00+09:00,9180.0,9190.0,9150.0,9170.0,253,0.0,0.0
2024-11-07 10:15:00+09:00,9140.0,9200.0,9140.0,9200.0,320,0.0,0.0
2024-11-07 10:20:00+09:00,9180.0,9190.0,9140.0,9180.0,212,0.0,0.0
2024-11-07 10:25:00+09:00,9140.0,9170.0,9080.0,9150.0,803,0.0,0.0
2024-11-07 10:30:00+09:00,9100.0,9130.0,9050.0,9130.0,1314,0.0,0.0
2024-11-07 10:35:00+09:00,9170.0,9180.0,9070.0,9070.0,1304,0.0,0.0
2024-11-07 10:40:00+09:00,9080.0,9140.0,9080.0,9140.0,106,0.0,0.0
2024-11-07 10:45:00+09:00,9140.0,9150.0,9080.0,9150.0,569,0.0,0.0
2024-11-07 10:50:00+09:00,9150.0,9180.0,9140.0,9180.0,206,0.0,0.0
2024-11-07 10:55:00+09:00,9180.0,9180.0,9110.0,9180.0,120,0.0,0.0
2024-11-07 11:00:00+09:00,9180.0,9190.0,9140.0,9190.0,95,0.0,0.0
2024-11-07 11:05:00+09:00,9190.0,9190.0,9190.0,9190.0,4,0.0,0.0
2024-11-07 11:10:00+09:00,9140.0,9190.0,9140.0,9180.0,63,0.0,0.0
2024-11-07 11:15:00+09:00,9190.0,9190.0,9170.0,9180.0,446,0.0,0.0
2024-11-07 11:20:00+09:00,9180.0,9180.0,9140.0,9160.0,193,0.0,0.0
2024-11-07 11:25:00+09:00,9180.0,9180.0,9150.0,9170.0,129,0.0,0.0
2024-11-07 11:30:00+09:00,9170.0,9180.0,9140.0,9180.0,648,0.0,0.0
2024-11-07 11:35:00+09:00,9180.0,9190.0,9140.0,9140.0,404,0.0,0.0
2024-11-07 11:40:00+09:00,9190.0,9190.0,9190.0,9190.0,0,0.0,0.0
2024-11-07 11:45:00+09:00,9190.0,9190.0,9170.0,9170.0,139,0.0,0.0
2024-11-07 11:50:00+09:00,9150.0,9180.0,9150.0,9150.0,270,0.0,0.0
2024-11-07 11:55:00+09:00,9150.0,9180.0,9150.0,9180.0,70,0.0,0.0
2024-11-07 12:00:00+09:00,9180.0,9180.0,9150.0,9160.0,236,0.0,0.0
2024-11-07 12:05:00+09:00,9180.0,9190.0,9180.0,9190.0,80,0.0,0.0
2024-11-07 12:10:00+09:00,9190.0,9200.0,9150.0,9200.0,566,0.0,0.0
2024-11-07 12:15:00+09:00,9200.0,9220.0,9160.0,9220.0,248,0.0,0.0
2024-11-07 12:25:00+09:00,9160.0,9190.0,9160.0,9190.0,345,0.0,0.0
2024-11-07 12:30:00+09:00,9190.0,9220.0,9170.0,9200.0,160,0.0,0.0
2024-11-07 12:35:00+09:00,9210.0,9220.0,9150.0,9210.0,103,0.0,0.0
2024-11-07 12:40:00+09:00,9150.0,9210.0,9150.0,9210.0,55,0.0,0.0
2024-11-07 12:45:00+09:00,9150.0,9210.0,9150.0,9200.0,22,0.0,0.0
2024-11-07 12:50:00+09:00,9150.0,9210.0,9130.0,9150.0,417,0.0,0.0
2024-11-07 12:55:00+09:00,9150.0,9150.0,9130.0,9140.0,675,0.0,0.0
2024-11-07 13:00:00+09:00,9150.0,9200.0,9150.0,9200.0,12,0.0,0.0
2024-11-07 13:05:00+09:00,9140.0,9190.0,9070.0,9190.0,2161,0.0,0.0
2024-11-07 13:10:00+09:00,9140.0,9190.0,9140.0,9190.0,112,0.0,0.0
2024-11-07 13:15:00+09:00,9140.0,9190.0,9140.0,9190.0,78,0.0,0.0
2024-11-07 13:20:00+09:00,9170.0,9220.0,9140.0,9200.0,116,0.0,0.0
2024-11-07 13:25:00+09:00,9140.0,9190.0,9110.0,9130.0,279,0.0,0.0
2024-11-07 13:30:00+09:00,9130.0,9190.0,9110.0,9190.0,76,0.0,0.0
2024-11-07 13:35:00+09:00,9190.0,9220.0,9160.0,9180.0,385,0.0,0.0
2024-11-07 13:40:00+09:00,9210.0,9220.0,9170.0,9180.0,84,0.0,0.0
2024-11-07 13:45:00+09:00,9170.0,9190.0,9170.0,9190.0,137,0.0,0.0
2024-11-07 13:50:00+09:00,9190.0,9220.0,9190.0,9220.0,405,0.0,0.0
2024-11-07 13:55:00+09:00,9200.0,9200.0,9200.0,9200.0,0,0.0,0.0
2024-11-07 14:00:00+09:00,9190.0,9190.0,9180.0,9180.0,31,0.0,0.0
2024-11-07 14:05:00+09:00,9200.0,9210.0,9180.0,9180.0,52,0.0,0.0
2024-11-07 14:10:00+09:00,9180.0,9190.0,9180.0,9180.0,163,0.0,0.0
2024-11-07 14:15:00+09:00,9170.0,9180.0,9130.0,9140.0,249,0.0,0.0
2024-11-07 14:20:00+09:00,9180.0,9180.0,9120.0,9120.0,173,0.0,0.0
2024-11-07 14:25:00+09:00,9190.0,9200.0,9190.0,9200.0,744,0.0,0.0
2024-11-07 14:30:00+09:00,9200.0,9200.0,9200.0,9200.0,36,0.0,0.0
2024-11-07 14:35:00+09:00,9150.0,9150.0,9150.0,9150.0,177,0.0,0.0
2024-11-07 14:40:00+09:00,9190.0,9190.0,9180.0,9180.0,49,0.0,0.0
2024-11-07 14:45:00+09:00,9190.0,9190.0,9150.0,9190.0,237,0.0,0.0
2024-11-07 14:50:00+09:00,9190.0,9190.0,9190.0,9190.0,278,0.0,0.0
2024-11-07 14:55:00+09:00,9150.0,9190.0,9130.0,9130.0,620,0.0,0.0
2024-11-08 09:00:00+09:00,9230.0,9290.0,9190.0,9280.0,484,0.0,0.0
2024-11-08 09:05:00+09:00,9280.0,9290.0,9190.0,9280.0,499,0.0,0.0
2024-11-08 09:10:00+09:00,9280.0,9400.0,9270.0,9390.0,2274,0.0,0.0
2024-11-08 09:15:00+09:00,9400.0,9400.0,9300.0,9350.0,1971,0.0,0.0
2024-11-08 09:20:00+09:00,9330.0,9490.0,9320.0,9430.0,3664,0.0,0.0
2024-11-08 09:25:00+09:00,9430.0,9460.0,9360.0,9390.0,1590,0.0,0.0
2024-11-08 09:30:00+09:00,9450.0,9450.0,9360.0,9420.0,385,0.0,0.0
2024-11-08 09:35:00+09:00,9410.0,9440.0,9410.0,9430.0,757,0.0,0.0
2024-11-08 09:40:00+09:00,9390.0,9420.0,9370.0,9400.0,616,0.0,0.0
2024-11-08 09:45:00+09:00,9370.0,9410.0,9340.0,9360.0,1085,0.0,0.0
2024-11-08 09:50:00+09:00,9360.0,9380.0,9310.0,9310.0,212,0.0,0.0
2024-11-08 09:55:00+09:00,9310.0,9350.0,9300.0,9350.0,605,0.0,0.0
2024-11-08 10:00:00+09:00,9310.0,9310.0,9290.0,9290.0,429,0.0,0.0
2024-11-08 10:05:00+09:00,9340.0,9340.0,9330.0,9340.0,59,0.0,0.0
2024-11-08 10:10:00+09:00,9290.0,9340.0,9280.0,9340.0,221,0.0,0.0
2024-11-08 10:15:00+09:00,9320.0,9330.0,9260.0,9260.0,477,0.0,0.0
2024-11-08 10:20:00+09:00,9330.0,9350.0,9330.0,9350.0,322,0.0,0.0
2024-11-08 10:25:00+09:00,9350.0,9350.0,9350.0,9350.0,323,0.0,0.0
2024-11-08 10:30:00+09:00,9360.0,9440.0,9360.0,9390.0,2269,0.0,0.0
2024-11-08 10:35:00+09:00,9400.0,9430.0,9360.0,9360.0,390,0.0,0.0
2024-11-08 10:40:00+09:00,9360.0,9370.0,9350.0,9370.0,161,0.0,0.0
2024-11-08 10:45:00+09:00,9360.0,9360.0,9360.0,9360.0,2,0.0,0.0
2024-11-08 10:50:00+09:00,9360.0,9360.0,9340.0,9350.0,959,0.0,0.0
2024-11-08 10:55:00+09:00,9310.0,9310.0,9300.0,9300.0,562,0.0,0.0
2024-11-08 11:00:00+09:00,9310.0,9350.0,9260.0,9340.0,597,0.0,0.0
2024-11-08 11:05:00+09:00,9330.0,9330.0,9280.0,9320.0,175,0.0,0.0
2024-11-08 11:10:00+09:00,9320.0,9320.0,9290.0,9320.0,198,0.0,0.0
2024-11-08 11:15:00+09:00,9300.0,9300.0,9300.0,9300.0,89,0.0,0.0
2024-11-08 11:20:00+09:00,9290.0,9300.0,9280.0,9300.0,719,0.0,0.0
2024-11-08 11:25:00+09:00,9280.0,9300.0,9270.0,9300.0,262,0.0,0.0
2024-11-08 11:30:00+09:00,9300.0,9320.0,9270.0,9320.0,18,0.0,0.0
2024-11-08 11:35:00+09:00,9290.0,9310.0,9280.0,9310.0,130,0.0,0.0
2024-11-08 11:45:00+09:00,9280.0,9300.0,9270.0,9300.0,428,0.0,0.0
2024-11-08 11:50:00+09:00,9270.0,9290.0,9240.0,9290.0,686,0.0,0.0
2024-11-08 11:55:00+09:00,9290.0,9290.0,9290.0,9290.0,55,0.0,0.0
2024-11-08 12:00:00+09:00,9290.0,9290.0,9290.0,9290.0,0,0.0,0.0
2024-11-08 12:05:00+09:00,9290.0,9290.0,9260.0,9260.0,23717,0.0,0.0
2024-11-08 12:10:00+09:00,9280.0,9290.0,9260.0,9260.0,389,0.0,0.0
2024-11-08 12:15:00+09:00,9290.0,9290.0,9190.0,9200.0,2761,0.0,0.0
2024-11-08 12:20:00+09:00,9240.0,9240.0,9240.0,9240.0,1070,0.0,0.0
2024-11-08 12:25:00+09:00,9200.0,9240.0,9190.0,9240.0,786,0.0,0.0
2024-11-08 12:30:00+09:00,9240.0,9290.0,9200.0,9290.0,262,0.0,0.0
2024-11-08 12:35:00+09:00,9270.0,9270.0,9270.0,9270.0,26,0.0,0.0
2024-11-08 12:40:00+09:00,9270.0,9270.0,9260.0,9260.0,441,0.0,0.0
2024-11-08 12:45:00+09:00,9250.0,9260.0,9240.0,9260.0,1998,0.0,0.0
2024-11-08 12:50:00+09:00,9280.0,9290.0,9280.0,9280.0,111,0.0,0.0
2024-11-08 12:55:00+09:00,9290.0,9300.0,9280.0,9280.0,360,0.0,0.0
2024-11-08 13:00:00+09:00,9250.0,9250.0,9250.0,9250.0,0,0.0,0.0
2024-11-08 13:05:00+09:00,9260.0,9280.0,9230.0,9280.0,1031,0.0,0.0
2024-11-08 13:10:00+09:00,9230.0,9230.0,9220.0,9220.0,671,0.0,0.0
2024-11-08 13:15:00+09:00,9270.0,9270.0,9200.0,9200.0,47,0.0,0.0
2024-11-08 13:20:00+09:00,9200.0,9230.0,9180.0,9220.0,943,0.0,0.0
2024-11-08 13:25:00+09:00,9170.0,9200.0,9160.0,9190.0,215,0.0,0.0
2024-11-08 13:30:00+09:00,9190.0,9190.0,9180.0,9180.0,2,0.0,0.0
2024-11-08 13:35:00+09:00,9170.0,9180.0,9110.0,9110.0,1887,0.0,0.0
2024-11-08 13:40:00+09:00,9100.0,9130.0,9090.0,9110.0,501,0.0,0.0
2024-11-08 13:45:00+09:00,9110.0,9240.0,9110.0,9210.0,329,0.0,0.0
2024-11-08 13:50:00+09:00,9190.0,9190.0,9120.0,9160.0,1306,0.0,0.0
2024-11-08 13:55:00+09:00,9120.0,9160.0,9120.0,9160.0,1018,0.0,0.0
2024-11-08 14:00:00+09:00,9160.0,9170.0,9110.0,9110.0,31,0.0,0.0
2024-11-08 14:05:00+09:00,9110.0,9190.0,9030.0,9090.0,1669,0.0,0.0
2024-11-08 14:10:00+09:00,9170.0,9180.0,9160.0,9170.0,84,0.0,0.0
2024-11-08 14:15:00+09:00,9160.0,9220.0,9120.0,9220.0,431,0.0,0.0
2024-11-08 14:20:00+09:00,9190.0,9200.0,9180.0,9200.0,46,0.0,0.0
2024-11-08 14:25:00+09:00,9200.0,9250.0,9200.0,9220.0,599,0.0,0.0
2024-11-08 14:30:00+09:00,9200.0,9230.0,9200.0,9230.0,21,0.0,0.0
2024-11-08 14:35:00+09:00,9230.0,9230.0,9190.0,9190.0,11,0.0,0.0
2024-11-08 14:40:00+09:00,9230.0,9230.0,9140.0,9200.0,115,0.0,0.0
2024-11-08 14:45:00+09:00,9190.0,9200.0,9190.0,9190.0,80,0.0,0.0
2024-11-08 14:50:00+09:00,9190.0,9190.0,9100.0,9190.0,469,0.0,0.0
2024-11-08 14:55:00+09:00,9180.0,9190.0,9150.0,9150.0,150,0.0,0.0
