Datetime,Open,High,Low,Close,Volume,Dividends,Stock Splits
2024-10-10 09:00:00+09:00,28200.0,29750.0,28150.0,29050.0,0,0.0,0.0
2024-10-10 09:05:00+09:00,29100.0,29250.0,28800.0,29050.0,9942,0.0,0.0
2024-10-10 09:10:00+09:00,29050.0,29100.0,28550.0,28550.0,6795,0.0,0.0
2024-10-10 09:15:00+09:00,28550.0,28800.0,28500.0,28550.0,2059,0.0,0.0
2024-10-10 09:20:00+09:00,28600.0,28750.0,28550.0,28750.0,1705,0.0,0.0
2024-10-10 09:25:00+09:00,28750.0,28800.0,28400.0,28400.0,3765,0.0,0.0
2024-10-10 09:30:00+09:00,28400.0,28450.0,28350.0,28350.0,1660,0.0,0.0
2024-10-10 09:35:00+09:00,28350.0,28400.0,28300.0,28300.0,1071,0.0,0.0
2024-10-10 09:40:00+09:00,28300.0,28400.0,28300.0,28350.0,1492,0.0,0.0
2024-10-10 09:45:00+09:00,28300.0,28350.0,28200.0,28200.0,2003,0.0,0.0
2024-10-10 09:50:00+09:00,28200.0,28350.0,28150.0,28350.0,686,0.0,0.0
2024-10-10 09:55:00+09:00,28350.0,28350.0,28200.0,28300.0,1347,0.0,0.0
2024-10-10 10:00:00+09:00,28300.0,28300.0,28150.0,28200.0,2111,0.0,0.0
2024-10-10 10:05:00+09:00,28300.0,28400.0,28250.0,28300.0,648,0.0,0.0
2024-10-10 10:10:00+09:00,28250.0,28250.0,28200.0,28250.0,487,0.0,0.0
2024-10-10 10:15:00+09:00,28250.0,28250.0,28200.0,28250.0,293,0.0,0.0
2024-10-10 10:20:00+09:00,28250.0,28300.0,28200.0,28250.0,433,0.0,0.0
2024-10-10 10:25:00+09:00,28250.0,28400.0,28200.0,28350.0,979,0.0,0.0
2024-10-10 10:30:00+09:00,28350.0,28400.0,28350.0,28400.0,1033,0.0,0.0
2024-10-10 10:35:00+09:00,28400.0,28400.0,28300.0,28350.0,2359,0.0,0.0
2024-10-10 10:40:00+09:00,28350.0,28450.0,28350.0,28400.0,430,0.0,0.0
2024-10-10 10:45:00+09:00,28400.0,28400.0,28200.0,28250.0,533,0.0,0.0
2024-10-10 10:50:00+09:00,28250.0,28300.0,28200.0,28200.0,266,0.0,0.0
2024-10-10 10:55:00+09:00,28200.0,28250.0,28150.0,28150.0,2269,0.0,0.0
2024-10-10 11:00:00+09:00,28150.0,28200.0,28100.0,28200.0,1076,0.0,0.0
2024-10-10 11:05:00+09:00,28100.0,28200.0,28100.0,28200.0,435,0.0,0.0
2024-10-10 11:10:00+09:00,28200.0,28300.0,28200.0,28300.0,723,0.0,0.0
2024-10-10 11:15:00+09:00,28200.0,28250.0,28150.0,28150.0,420,0.0,0.0
2024-10-10 11:20:00+09:00,28100.0,28200.0,28100.0,28200.0,342,0.0,0.0
2024-10-10 11:25:00+09:00,28250.0,28300.0,28200.0,28200.0,1485,0.0,0.0
2024-10-10 11:30:00+09:00,28200.0,28300.0,28200.0,28250.0,77,0.0,0.0
2024-10-10 11:35:00+09:00,28250.0,28350.0,28200.0,28250.0,2399,0.0,0.0
2024-10-10 11:40:00+09:00,28250.0,28250.0,28150.0,28150.0,332,0.0,0.0
2024-10-10 11:45:00+09:00,28150.0,28200.0,28050.0,28150.0,1920,0.0,0.0
2024-10-10 11:50:00+09:00,28200.0,28200.0,28050.0,28100.0,3253,0.0,0.0
2024-10-10 11:55:00+09:00,28150.0,28200.0,28150.0,28150.0,235,0.0,0.0
2024-10-10 12:00:00+09:00,28150.0,28200.0,28150.0,28150.0,263,0.0,0.0
2024-10-10 12:05:00+09:00,28150.0,28200.0,28150.0,28200.0,197,0.0,0.0
2024-10-10 12:10:00+09:00,28150.0,28150.0,28150.0,28150.0,59,0.0,0.0
2024-10-10 12:15:00+09:00,28150.0,28150.0,28050.0,28050.0,608,0.0,0.0
2024-10-10 12:20:00+09:00,28100.0,28100.0,28050.0,28050.0,748,0.0,0.0
2024-10-10 12:25:00+09:00,28050.0,28050.0,28000.0,28000.0,1003,0.0,0.0
2024-10-10 12:30:00+09:00,28000.0,28050.0,27900.0,27900.0,870,0.0,0.0
2024-10-10 12:35:00+09:00,27950.0,27950.0,27850.0,27900.0,605,0.0,0.0
2024-10-10 12:40:00+09:00,27900.0,27950.0,27850.0,27950.0,750,0.0,0.0
2024-10-10 12:45:00+09:00,27900.0,27950.0,27850.0,27850.0,207,0.0,0.0
2024-10-10 12:50:00+09:00,27850.0,27850.0,27850.0,27850.0,156,0.0,0.0
2024-10-10 12:55:00+09:00,27850.0,27850.0,27800.0,27800.0,691,0.0,0.0
2024-10-10 13:00:00+09:00,27850.0,27850.0,27800.0,27850.0,171,0.0,0.0
2024-10-10 13:05:00+09:00,27850.0,27850.0,27800.0,27850.0,273,0.0,0.0
2024-10-10 13:10:00+09:00,27850.0,27850.0,27800.0,27800.0,427,0.0,0.0
2024-10-10 13:15:00+09:00,27800.0,27850.0,27800.0,27800.0,500,0.0,0.0
2024-10-10 13:20:00+09:00,27800.0,27900.0,27800.0,27800.0,432,0.0,0.0
2024-10-10 13:25:00+09:00,27850.0,27850.0,27800.0,27800.0,139,0.0,0.0
2024-10-10 13:30:00+09:00,27800.0,27800.0,27800.0,27800.0,128,0.0,0.0
2024-10-10 13:35:00+09:00,27800.0,27850.0,27750.0,27850.0,231,0.0,0.0
2024-10-10 13:40:00+09:00,27800.0,27850.0,27750.0,27800.0,770,0.0,0.0
2024-10-10 13:45:00+09:00,27800.0,27800.0,27700.0,27700.0,182,0.0,0.0
2024-10-10 13:50:00+09:00,27750.0,27800.0,27700.0,27700.0,181,0.0,0.0
2024-10-10 13:55:00+09:00,27700.0,27750.0,27600.0,27650.0,2048,0.0,0.0
2024-10-10 14:00:00+09:00,27650.0,27650.0,27600.0,27600.0,684,0.0,0.0
2024-10-10 14:05:00+09:00,27650.0,27650.0,27500.0,27500.0,2731,0.0,0.0
2024-10-10 14:10:00+09:00,27500.0,27600.0,27500.0,27550.0,1132,0.0,0.0
2024-10-10 14:15:00+09:00,27550.0,27550.0,27450.0,27500.0,1360,0.0,0.0
2024-10-10 14:20:00+09:00,27500.0,27550.0,27400.0,27400.0,629,0.0,0.0
2024-10-10 14:25:00+09:00,27400.0,27450.0,27350.0,27400.0,1921,0.0,0.0
2024-10-10 14:30:00+09:00,27400.0,27400.0,27350.0,27350.0,603,0.0,0.0
2024-10-10 14:35:00+09:00,27350.0,27400.0,27350.0,27400.0,227,0.0,0.0
2024-10-10 14:40:00+09:00,27400.0,27450.0,27350.0,27400.0,541,0.0,0.0
2024-10-10 14:45:00+09:00,27400.0,27450.0,27350.0,27400.0,342,0.0,0.0
2024-10-10 14:50:00+09:00,27400.0,27400.0,27350.0,27400.0,306,0.0,0.0
2024-10-10 14:55:00+09:00,27400.0,27450.0,27350.0,27450.0,275,0.0,0.0
2024-10-11 09:00:00+09:00,28200.0,28200.0,27750.0,28100.0,2075,0.0,0.0
2024-10-11 09:05:00+09:00,28100.0,28150.0,27750.0,27750.0,3983,0.0,0.0
2024-10-11 09:10:00+09:00,27750.0,28000.0,27750.0,27850.0,143,0.0,0.0
2024-10-11 09:15:00+09:00,27900.0,28000.0,27850.0,27950.0,763,0.0,0.0
2024-10-11 09:20:00+09:00,28050.0,28050.0,27900.0,27900.0,186,0.0,0.0
2024-10-11 09:25:00+09:00,27900.0,27900.0,27850.0,27850.0,326,0.0,0.0
2024-10-11 09:30:00+09:00,27900.0,27950.0,27800.0,27850.0,828,0.0,0.0
2024-10-11 09:35:00+09:00,27800.0,27800.0,27550.0,27550.0,1454,0.0,0.0
2024-10-11 09:40:00+09:00,27550.0,27700.0,27550.0,27700.0,178,0.0,0.0
2024-10-11 09:45:00+09:00,27700.0,27700.0,27700.0,27700.0,104,0.0,0.0
2024-10-11 09:50:00+09:00,27650.0,27700.0,27650.0,27650.0,298,0.0,0.0
2024-10-11 09:55:00+09:00,27600.0,27600.0,27500.0,27500.0,1441,0.0,0.0
2024-10-11 10:00:00+09:00,27500.0,27600.0,27450.0,27500.0,756,0.0,0.0
2024-10-11 10:05:00+09:00,27500.0,27550.0,27500.0,27500.0,224,0.0,0.0
2024-10-11 10:10:00+09:00,27500.0,27600.0,27450.0,27600.0,702,0.0,0.0
2024-10-11 10:15:00+09:00,27650.0,27900.0,27650.0,27900.0,808,0.0,0.0
2024-10-11 10:20:00+09:00,27900.0,28050.0,27900.0,27900.0,2185,0.0,0.0
2024-10-11 10:25:00+09:00,27850.0,27950.0,27850.0,27950.0,1089,0.0,0.0
2024-10-11 10:30:00+09:00,28000.0,28100.0,27950.0,28000.0,332,0.0,0.0
2024-10-11 10:35:00+09:00,28000.0,28100.0,27950.0,28000.0,443,0.0,0.0
2024-10-11 10:40:00+09:00,28000.0,28000.0,27950.0,28000.0,85,0.0,0.0
2024-10-11 10:45:00+09:00,28000.0,28000.0,27950.0,28000.0,324,0.0,0.0
2024-10-11 10:50:00+09:00,28000.0,28000.0,27850.0,28000.0,1541,0.0,0.0
2024-10-11 10:55:00+09:00,27950.0,28000.0,27900.0,27900.0,1318,0.0,0.0
2024-10-11 11:00:00+09:00,27900.0,27950.0,27750.0,27750.0,334,0.0,0.0
2024-10-11 11:05:00+09:00,27750.0,27900.0,27750.0,27900.0,2,0.0,0.0
2024-10-11 11:10:00+09:00,27850.0,27950.0,27850.0,27950.0,80,0.0,0.0
2024-10-11 11:15:00+09:00,27900.0,28000.0,27900.0,28000.0,339,0.0,0.0
2024-10-11 11:20:00+09:00,28000.0,28050.0,28000.0,28050.0,138,0.0,0.0
2024-10-11 11:25:00+09:00,28050.0,28050.0,28000.0,28050.0,517,0.0,0.0
2024-10-11 11:30:00+09:00,28100.0,28150.0,28000.0,28000.0,285,0.0,0.0
2024-10-11 11:35:00+09:00,28050.0,28100.0,28000.0,28100.0,125,0.0,0.0
2024-10-11 11:40:00+09:00,28100.0,28200.0,28050.0,28200.0,708,0.0,0.0
2024-10-11 11:45:00+09:00,28200.0,28200.0,28100.0,28150.0,767,0.0,0.0
2024-10-11 11:50:00+09:00,28150.0,28200.0,28100.0,28150.0,0,0.0,0.0
2024-10-11 11:55:00+09:00,28150.0,28150.0,28100.0,28100.0,899,0.0,0.0
2024-10-11 12:00:00+09:00,28150.0,28150.0,28050.0,28050.0,557,0.0,0.0
2024-10-11 12:05:00+09:00,28050.0,28050.0,28000.0,28000.0,232,0.0,0.0
2024-10-11 12:10:00+09:00,28050.0,28050.0,28050.0,28050.0,35,0.0,0.0
2024-10-11 12:15:00+09:00,28050.0,28100.0,28000.0,28050.0,255,0.0,0.0
2024-10-11 12:20:00+09:00,28050.0,28050.0,28000.0,28000.0,241,0.0,0.0
2024-10-11 12:25:00+09:00,28000.0,28000.0,27950.0,27950.0,72,0.0,0.0
2024-10-11 12:30:00+09:00,27950.0,28000.0,27950.0,27950.0,118,0.0,0.0
2024-10-11 12:35:00+09:00,27950.0,27950.0,27900.0,27900.0,248,0.0,0.0
2024-10-11 12:40:00+09:00,27900.0,27950.0,27850.0,27850.0,412,0.0,0.0
2024-10-11 12:45:00+09:00,27850.0,27950.0,27850.0,27850.0,234,0.0,0.0
2024-10-11 12:50:00+09:00,27850.0,28000.0,27850.0,28000.0,105,0.0,0.0
2024-10-11 12:55:00+09:00,27900.0,28000.0,27900.0,27900.0,138,0.0,0.0
2024-10-11 13:00:00+09:00,27900.0,27900.0,27800.0,27800.0,63,0.0,0.0
2024-10-11 13:05:00+09:00,27800.0,27800.0,27700.0,27700.0,931,0.0,0.0
2024-10-11 13:10:00+09:00,27700.0,27800.0,27650.0,27800.0,99,0.0,0.0
2024-10-11 13:15:00+09:00,27800.0,27850.0,27700.0,27700.0,1412,0.0,0.0
2024-10-11 13:20:00+09:00,27650.0,27700.0,27600.0,27600.0,623,0.0,0.0
2024-10-11 13:25:00+09:00,27650.0,27750.0,27650.0,27750.0,233,0.0,0.0
2024-10-11 13:30:00+09:00,27700.0,27700.0,27700.0,27700.0,51,0.0,0.0
2024-10-11 13:35:00+09:00,27700.0,27700.0,27550.0,27550.0,2173,0.0,0.0
2024-10-11 13:40:00+09:00,27550.0,27550.0,27500.0,27500.0,15,0.0,0.0
2024-10-11 13:45:00+09:00,27500.0,27550.0,27500.0,27550.0,90,0.0,0.0
2024-10-11 13:50:00+09:00,27550.0,27550.0,27500.0,27550.0,137,0.0,0.0
2024-10-11 13:55:00+09:00,27500.0,27500.0,27450.0,27450.0,776,0.0,0.0
2024-10-11 14:00:00+09:00,27450.0,27450.0,27400.0,27400.0,181,0.0,0.0
2024-10-11 14:05:00+09:00,27450.0,27450.0,27300.0,27300.0,1157,0.0,0.0
2024-10-11 14:10:00+09:00,27300.0,27350.0,27300.0,27350.0,115,0.0,0.0
2024-10-11 14:15:00+09:00,27350.0,27400.0,27350.0,27350.0,144,0.0,0.0
2024-10-11 14:20:00+09:00,27350.0,27350.0,27350.0,27350.0,252,0.0,0.0
2024-10-11 14:25:00+09:00,27350.0,27350.0,27200.0,27250.0,1286,0.0,0.0
2024-10-11 14:30:00+09:00,27200.0,27250.0,27150.0,27250.0,776,0.0,0.0
2024-10-11 14:35:00+09:00,27250.0,27300.0,27250.0,27300.0,178,0.0,0.0
2024-10-11 14:40:00+09:00,27300.0,27300.0,27250.0,27250.0,686,0.0,0.0
2024-10-11 14:45:00+09:00,27250.0,27300.0,27250.0,27250.0,82,0.0,0.0
2024-10-11 14:50:00+09:00,27300.0,27400.0,27300.0,27400.0,1233,0.0,0.0
2024-10-11 14:55:00+09:00,27400.0,27400.0,27300.0,27400.0,101,0.0,0.0
2024-10-14 09:00:00+09:00,27900.0,27950.0,27600.0,27950.0,0,0.0,0.0
2024-10-14 09:05:00+09:00,27950.0,28300.0,27850.0,28200.0,1598,0.0,0.0
2024-10-14 09:10:00+09:00,28250.0,28300.0,28050.0,28050.0,1718,0.0,0.0
2024-10-14 09:15:00+09:00,28000.0,28000.0,27850.0,27950.0,1696,0.0,0.0
2024-10-14 09:20:00+09:00,28000.0,28300.0,27950.0,28200.0,1716,0.0,0.0
2024-10-14 09:25:00+09:00,28250.0,28500.0,28250.0,28450.0,2922,0.0,0.0
2024-10-14 09:30:00+09:00,28450.0,28550.0,28300.0,28500.0,4918,0.0,0.0
2024-10-14 09:35:00+09:00,28550.0,28750.0,28500.0,28700.0,5554,0.0,0.0
2024-10-14 09:40:00+09:00,28700.0,28750.0,28400.0,28500.0,3768,0.0,0.0
2024-10-14 09:45:00+09:00,28500.0,28650.0,28400.0,28400.0,883,0.0,0.0
2024-10-14 09:50:00+09:00,28400.0,28400.0,28150.0,28150.0,446,0.0,0.0
2024-10-14 09:55:00+09:00,28200.0,28300.0,28150.0,28150.0,1039,0.0,0.0
2024-10-14 10:00:00+09:00,28150.0,28200.0,28050.0,28050.0,1015,0.0,0.0
2024-10-14 10:05:00+09:00,28050.0,28150.0,28000.0,28000.0,735,0.0,0.0
2024-10-14 10:10:00+09:00,28100.0,28100.0,28000.0,28000.0,416,0.0,0.0
2024-10-14 10:15:00+09:00,28000.0,28100.0,27900.0,27900.0,1392,0.0,0.0
2024-10-14 10:20:00+09:00,27950.0,28000.0,27900.0,27950.0,656,0.0,0.0
2024-10-14 10:25:00+09:00,27950.0,28000.0,27850.0,27900.0,629,0.0,0.0
2024-10-14 10:30:00+09:00,27900.0,27900.0,27650.0,27700.0,2695,0.0,0.0
2024-10-14 10:35:00+09:00,27700.0,27700.0,27700.0,27700.0,2,0.0,0.0
2024-10-14 10:40:00+09:00,27700.0,27900.0,27650.0,27900.0,920,0.0,0.0
2024-10-14 10:45:00+09:00,27850.0,27900.0,27800.0,27800.0,55,0.0,0.0
2024-10-14 10:50:00+09:00,27850.0,27850.0,27700.0,27800.0,99,0.0,0.0
2024-10-14 10:55:00+09:00,27800.0,27800.0,27700.0,27700.0,69,0.0,0.0
2024-10-14 11:00:00+09:00,27700.0,27750.0,27700.0,27700.0,760,0.0,0.0
2024-10-14 11:05:00+09:00,27700.0,27700.0,27650.0,27650.0,88,0.0,0.0
2024-10-14 11:10:00+09:00,27700.0,27700.0,27700.0,27700.0,306,0.0,0.0
2024-10-14 11:15:00+09:00,27750.0,27750.0,27700.0,27750.0,60,0.0,0.0
2024-10-14 11:20:00+09:00,27750.0,27750.0,27700.0,27750.0,185,0.0,0.0
2024-10-14 11:25:00+09:00,27800.0,27850.0,27800.0,27850.0,47,0.0,0.0
2024-10-14 11:30:00+09:00,27850.0,27900.0,27850.0,27900.0,106,0.0,0.0
2024-10-14 11:35:00+09:00,27850.0,27900.0,27850.0,27900.0,60,0.0,0.0
2024-10-14 11:40:00+09:00,27900.0,27950.0,27750.0,27850.0,468,0.0,0.0
2024-10-14 11:45:00+09:00,27850.0,27850.0,27800.0,27800.0,11,0.0,0.0
2024-10-14 11:50:00+09:00,27850.0,27900.0,27800.0,27900.0,99,0.0,0.0
2024-10-14 11:55:00+09:00,27900.0,27900.0,27800.0,27900.0,20,0.0,0.0
2024-10-14 12:00:00+09:00,27900.0,27900.0,27900.0,27900.0,17,0.0,0.0
2024-10-14 12:05:00+09:00,27900.0,27900.0,27900.0,27900.0,35,0.0,0.0
2024-10-14 12:10:00+09:00,27850.0,27900.0,27850.0,27850.0,24,0.0,0.0
2024-10-14 12:15:00+09:00,27850.0,27900.0,27850.0,27850.0,99,0.0,0.0
2024-10-14 12:20:00+09:00,27850.0,28000.0,27800.0,28000.0,277,0.0,0.0
2024-10-14 12:25:00+09:00,27950.0,28000.0,27950.0,28000.0,55,0.0,0.0
2024-10-14 12:30:00+09:00,28000.0,28000.0,27950.0,27950.0,444,0.0,0.0
2024-10-14 12:35:00+09:00,27950.0,28000.0,27950.0,28000.0,8,0.0,0.0
2024-10-14 12:40:00+09:00,27950.0,27950.0,27950.0,27950.0,136,0.0,0.0
2024-10-14 12:45:00+09:00,27950.0,27950.0,27950.0,27950.0,8,0.0,0.0
2024-10-14 12:50:00+09:00,27950.0,28000.0,27950.0,28000.0,68,0.0,0.0
2024-10-14 12:55:00+09:00,28000.0,28000.0,27950.0,27950.0,725,0.0,0.0
2024-10-14 13:00:00+09:00,27950.0,28000.0,27950.0,28000.0,1150,0.0,0.0
2024-10-14 13:05:00+09:00,28050.0,28050.0,28000.0,28050.0,172,0.0,0.0
2024-10-14 13:10:00+09:00,28050.0,28050.0,28050.0,28050.0,179,0.0,0.0
2024-10-14 13:15:00+09:00,28100.0,28100.0,28000.0,28100.0,44,0.0,0.0
2024-10-14 13:20:00+09:00,28050.0,28100.0,28000.0,28050.0,242,0.0,0.0
2024-10-14 13:25:00+09:00,28000.0,28000.0,28000.0,28000.0,6,0.0,0.0
2024-10-14 13:30:00+09:00,28050.0,28100.0,28000.0,28100.0,1042,0.0,0.0
2024-10-14 13:35:00+09:00,28100.0,28100.0,28100.0,28100.0,34,0.0,0.0
2024-10-14 13:40:00+09:00,28100.0,28100.0,28050.0,28050.0,135,0.0,0.0
2024-10-14 13:45:00+09:00,28050.0,28050.0,28050.0,28050.0,162,0.0,0.0
2024-10-14 13:50:00+09:00,28050.0,28100.0,28000.0,28000.0,584,0.0,0.0
2024-10-14 13:55:00+09:00,28000.0,28100.0,28000.0,28000.0,613,0.0,0.0
2024-10-14 14:00:00+09:00,28000.0,28100.0,27950.0,28000.0,571,0.0,0.0
2024-10-14 14:05:00+09:00,28150.0,28150.0,28000.0,28000.0,573,0.0,0.0
2024-10-14 14:10:00+09:00,28100.0,28250.0,28100.0,28100.0,735,0.0,0.0
2024-10-14 14:15:00+09:00,28100.0,28150.0,28000.0,28000.0,397,0.0,0.0
2024-10-14 14:20:00+09:00,28000.0,28000.0,28000.0,28000.0,0,0.0,0.0
2024-10-14 14:25:00+09:00,28050.0,28100.0,28000.0,28000.0,63,0.0,0.0
2024-10-14 14:30:00+09:00,28000.0,28100.0,28000.0,28050.0,645,0.0,0.0
2024-10-14 14:35:00+09:00,28050.0,28050.0,28000.0,28050.0,23,0.0,0.0
2024-10-14 14:40:00+09:00,28000.0,28100.0,28000.0,28050.0,421,0.0,0.0
2024-10-14 14:45:00+09:00,28050.0,28200.0,28050.0,28100.0,1380,0.0,0.0
2024-10-14 14:50:00+09:00,28200.0,28200.0,28150.0,28200.0,0,0.0,0.0
2024-10-14 14:55:00+09:00,28150.0,28300.0,28150.0,28300.0,1309,0.0,0.0
2024-10-15 09:00:00+09:00,29200.0,29350.0,28950.0,29150.0,17722,0.0,0.0
2024-10-15 09:05:00+09:00,29100.0,29400.0,29100.0,29300.0,7217,0.0,0.0
2024-10-15 09:10:00+09:00,29300.0,29350.0,28950.0,29000.0,5331,0.0,0.0
2024-10-15 09:15:00+09:00,29000.0,29100.0,28800.0,29050.0,2319,0.0,0.0
2024-10-15 09:20:00+09:00,29000.0,29000.0,28800.0,28800.0,2397,0.0,0.0
2024-10-15 09:25:00+09:00,28800.0,28850.0,28750.0,28800.0,2528,0.0,0.0
2024-10-15 09:30:00+09:00,28850.0,28900.0,28750.0,28750.0,1407,0.0,0.0
2024-10-15 09:35:00+09:00,28750.0,28750.0,28600.0,28600.0,5028,0.0,0.0
2024-10-15 09:40:00+09:00,28650.0,28800.0,28600.0,28650.0,1942,0.0,0.0
2024-10-15 09:45:00+09:00,28600.0,28650.0,28450.0,28600.0,1412,0.0,0.0
2024-10-15 09:50:00+09:00,28600.0,28700.0,28600.0,28600.0,883,0.0,0.0
2024-10-15 09:55:00+09:00,28650.0,28650.0,28400.0,28550.0,6498,0.0,0.0
2024-10-15 10:00:00+09:00,28500.0,28600.0,28450.0,28600.0,1645,0.0,0.0
2024-10-15 10:05:00+09:00,28550.0,28550.0,28400.0,28400.0,2473,0.0,0.0
2024-10-15 10:10:00+09:00,28400.0,28450.0,28400.0,28450.0,2001,0.0,0.0
2024-10-15 10:15:00+09:00,28450.0,28450.0,28350.0,28450.0,1552,0.0,0.0
2024-10-15 10:20:00+09:00,28400.0,28700.0,28400.0,28450.0,4235,0.0,0.0
2024-10-15 10:25:00+09:00,28500.0,28500.0,28450.0,28500.0,377,0.0,0.0
2024-10-15 10:30:00+09:00,28450.0,28500.0,28450.0,28450.0,560,0.0,0.0
2024-10-15 10:35:00+09:00,28550.0,28800.0,28500.0,28800.0,1627,0.0,0.0
2024-10-15 10:40:00+09:00,28800.0,28800.0,28650.0,28700.0,769,0.0,0.0
2024-10-15 10:45:00+09:00,28700.0,28750.0,28650.0,28750.0,346,0.0,0.0
2024-10-15 10:50:00+09:00,28700.0,28750.0,28700.0,28750.0,232,0.0,0.0
2024-10-15 10:55:00+09:00,28700.0,28800.0,28700.0,28800.0,141,0.0,0.0
2024-10-15 11:00:00+09:00,28800.0,28850.0,28750.0,28850.0,791,0.0,0.0
2024-10-15 11:05:00+09:00,28800.0,28900.0,28650.0,28700.0,718,0.0,0.0
2024-10-15 11:10:00+09:00,28700.0,28750.0,28650.0,28650.0,685,0.0,0.0
2024-10-15 11:15:00+09:00,28650.0,28700.0,28650.0,28700.0,514,0.0,0.0
2024-10-15 11:20:00+09:00,28750.0,28850.0,28750.0,28850.0,455,0.0,0.0
2024-10-15 11:25:00+09:00,28850.0,28850.0,28800.0,28850.0,273,0.0,0.0
2024-10-15 11:30:00+09:00,28800.0,28950.0,28800.0,28850.0,1061,0.0,0.0
2024-10-15 11:35:00+09:00,28850.0,28900.0,28750.0,28900.0,858,0.0,0.0
2024-10-15 11:40:00+09:00,28800.0,28900.0,28750.0,28800.0,218,0.0,0.0
2024-10-15 11:45:00+09:00,28800.0,28800.0,28700.0,28700.0,244,0.0,0.0
2024-10-15 11:50:00+09:00,28750.0,28800.0,28700.0,28750.0,186,0.0,0.0
2024-10-15 11:55:00+09:00,28700.0,28750.0,28650.0,28750.0,473,0.0,0.0
2024-10-15 12:00:00+09:00,28750.0,28750.0,28600.0,28650.0,518,0.0,0.0
2024-10-15 12:05:00+09:00,28650.0,28800.0,28600.0,28800.0,495,0.0,0.0
2024-10-15 12:10:00+09:00,28800.0,28800.0,28600.0,28600.0,226,0.0,0.0
2024-10-15 12:15:00+09:00,28650.0,28650.0,28600.0,28650.0,326,0.0,0.0
2024-10-15 12:20:00+09:00,28650.0,28700.0,28600.0,28600.0,205,0.0,0.0
2024-10-15 12:25:00+09:00,28600.0,28800.0,28600.0,28750.0,583,0.0,0.0
2024-10-15 12:30:00+09:00,28750.0,28800.0,28700.0,28750.0,299,0.0,0.0
2024-10-15 12:35:00+09:00,28750.0,28750.0,28700.0,28700.0,95,0.0,0.0
2024-10-15 12:40:00+09:00,28700.0,28850.0,28700.0,28850.0,665,0.0,0.0
2024-10-15 12:45:00+09:00,28850.0,28950.0,28800.0,28850.0,2088,0.0,0.0
2024-10-15 12:50:00+09:00,28850.0,28900.0,28700.0,28800.0,195,0.0,0.0
2024-10-15 12:55:00+09:00,28800.0,28850.0,28700.0,28700.0,233,0.0,0.0
2024-10-15 13:00:00+09:00,28750.0,28800.0,28700.0,28800.0,146,0.0,0.0
2024-10-15 13:05:00+09:00,28750.0,28850.0,28700.0,28850.0,208,0.0,0.0
2024-10-15 13:10:00+09:00,28750.0,28800.0,28650.0,28700.0,291,0.0,0.0
2024-10-15 13:15:00+09:00,28700.0,28750.0,28550.0,28600.0,1490,0.0,0.0
2024-10-15 13:20:00+09:00,28650.0,28700.0,28550.0,28600.0,1502,0.0,0.0
2024-10-15 13:25:00+09:00,28600.0,28650.0,28550.0,28600.0,327,0.0,0.0
2024-10-15 13:30:00+09:00,28600.0,28650.0,28600.0,28650.0,244,0.0,0.0
2024-10-15 13:35:00+09:00,28600.0,28700.0,28550.0,28550.0,946,0.0,0.0
2024-10-15 13:40:00+09:00,28600.0,28700.0,28500.0,28600.0,1033,0.0,0.0
2024-10-15 13:45:00+09:00,28550.0,28550.0,28250.0,28300.0,7180,0.0,0.0
2024-10-15 13:50:00+09:00,28250.0,28300.0,28200.0,28200.0,924,0.0,0.0
2024-10-15 13:55:00+09:00,28250.0,28300.0,28250.0,28300.0,410,0.0,0.0
2024-10-15 14:00:00+09:00,28300.0,28350.0,28200.0,28300.0,1616,0.0,0.0
2024-10-15 14:05:00+09:00,28300.0,28300.0,28250.0,28250.0,556,0.0,0.0
2024-10-15 14:10:00+09:00,28250.0,28350.0,28250.0,28350.0,1069,0.0,0.0
2024-10-15 14:15:00+09:00,28350.0,28350.0,28250.0,28350.0,514,0.0,0.0
2024-10-15 14:20:00+09:00,28250.0,28300.0,28250.0,28250.0,584,0.0,0.0
2024-10-15 14:25:00+09:00,28250.0,28350.0,28200.0,28200.0,1833,0.0,0.0
2024-10-15 14:30:00+09:00,28250.0,28250.0,28200.0,28200.0,1270,0.0,0.0
2024-10-15 14:35:00+09:00,28250.0,28300.0,28200.0,28250.0,677,0.0,0.0
2024-10-15 14:40:00+09:00,28200.0,28250.0,28200.0,28200.0,746,0.0,0.0
2024-10-15 14:45:00+09:00,28250.0,28350.0,28250.0,28300.0,419,0.0,0.0
2024-10-15 14:50:00+09:00,28300.0,28350.0,28250.0,28350.0,556,0.0,0.0
2024-10-15 14:55:00+09:00,28300.0,28350.0,28250.0,28300.0,638,0.0,0.0
2024-10-16 09:00:00+09:00,28000.0,28000.0,27500.0,27950.0,7906,0.0,0.0
2024-10-16 09:05:00+09:00,27950.0,28000.0,27700.0,27750.0,2116,0.0,0.0
2024-10-16 09:10:00+09:00,27800.0,27800.0,27700.0,27750.0,1648,0.0,0.0
2024-10-16 09:15:00+09:00,27750.0,27750.0,27700.0,27750.0,1991,0.0,0.0
2024-10-16 09:20:00+09:00,27800.0,27950.0,27800.0,27850.0,621,0.0,0.0
2024-10-16 09:25:00+09:00,27850.0,28050.0,27800.0,28050.0,863,0.0,0.0
2024-10-16 09:30:00+09:00,28050.0,28100.0,27950.0,27950.0,2188,0.0,0.0
2024-10-16 09:35:00+09:00,28000.0,28000.0,27900.0,27950.0,531,0.0,0.0
2024-10-16 09:40:00+09:00,27950.0,28000.0,27950.0,27950.0,608,0.0,0.0
2024-10-16 09:45:00+09:00,28000.0,28100.0,28000.0,28100.0,362,0.0,0.0
2024-10-16 09:50:00+09:00,28050.0,28050.0,27850.0,27850.0,2906,0.0,0.0
2024-10-16 09:55:00+09:00,27900.0,27950.0,27800.0,27950.0,314,0.0,0.0
2024-10-16 10:00:00+09:00,27950.0,28000.0,27900.0,27950.0,320,0.0,0.0
2024-10-16 10:05:00+09:00,27950.0,28000.0,27950.0,28000.0,454,0.0,0.0
2024-10-16 10:10:00+09:00,27950.0,28000.0,27950.0,27950.0,735,0.0,0.0
2024-10-16 10:15:00+09:00,27950.0,28000.0,27950.0,28000.0,848,0.0,0.0
2024-10-16 10:20:00+09:00,28000.0,28000.0,27950.0,28000.0,312,0.0,0.0
2024-10-16 10:25:00+09:00,28000.0,28050.0,27950.0,27950.0,473,0.0,0.0
2024-10-16 10:30:00+09:00,27950.0,27950.0,27800.0,27850.0,1975,0.0,0.0
2024-10-16 10:35:00+09:00,27850.0,27900.0,27850.0,27850.0,221,0.0,0.0
2024-10-16 10:40:00+09:00,27850.0,27900.0,27850.0,27850.0,1066,0.0,0.0
2024-10-16 10:45:00+09:00,27850.0,27950.0,27850.0,27950.0,938,0.0,0.0
2024-10-16 10:50:00+09:00,27950.0,27950.0,27900.0,27950.0,251,0.0,0.0
2024-10-16 10:55:00+09:00,27900.0,27950.0,27850.0,27850.0,432,0.0,0.0
2024-10-16 11:00:00+09:00,27850.0,27850.0,27750.0,27800.0,1666,0.0,0.0
2024-10-16 11:05:00+09:00,27800.0,27850.0,27800.0,27800.0,157,0.0,0.0
2024-10-16 11:10:00+09:00,27800.0,28000.0,27800.0,27950.0,122,0.0,0.0
2024-10-16 11:15:00+09:00,27800.0,27850.0,27800.0,27850.0,276,0.0,0.0
2024-10-16 11:20:00+09:00,27850.0,27850.0,27800.0,27850.0,80,0.0,0.0
2024-10-16 11:25:00+09:00,27850.0,27850.0,27800.0,27850.0,168,0.0,0.0
2024-10-16 11:30:00+09:00,27850.0,27900.0,27850.0,27900.0,94,0.0,0.0
2024-10-16 11:35:00+09:00,27900.0,27900.0,27850.0,27850.0,115,0.0,0.0
2024-10-16 11:40:00+09:00,27850.0,27900.0,27850.0,27900.0,156,0.0,0.0
2024-10-16 11:45:00+09:00,27900.0,27900.0,27800.0,27800.0,739,0.0,0.0
2024-10-16 11:50:00+09:00,27850.0,27850.0,27800.0,27850.0,171,0.0,0.0
2024-10-16 11:55:00+09:00,27850.0,27900.0,27800.0,27900.0,447,0.0,0.0
2024-10-16 12:00:00+09:00,27850.0,27950.0,27850.0,27950.0,363,0.0,0.0
2024-10-16 12:05:00+09:00,27950.0,28000.0,27900.0,28000.0,134,0.0,0.0
2024-10-16 12:10:00+09:00,27950.0,28000.0,27900.0,28000.0,354,0.0,0.0
2024-10-16 12:15:00+09:00,28000.0,28000.0,27900.0,28000.0,40,0.0,0.0
2024-10-16 12:20:00+09:00,28000.0,28100.0,28000.0,28100.0,831,0.0,0.0
2024-10-16 12:25:00+09:00,28100.0,28100.0,28000.0,28000.0,324,0.0,0.0
2024-10-16 12:30:00+09:00,27950.0,28000.0,27900.0,27900.0,623,0.0,0.0
2024-10-16 12:35:00+09:00,27900.0,27900.0,27900.0,27900.0,168,0.0,0.0
2024-10-16 12:40:00+09:00,28000.0,28000.0,27900.0,28000.0,10,0.0,0.0
2024-10-16 12:45:00+09:00,28000.0,28000.0,28000.0,28000.0,7,0.0,0.0
2024-10-16 12:50:00+09:00,27950.0,28000.0,27950.0,28000.0,25,0.0,0.0
2024-10-16 12:55:00+09:00,27950.0,28000.0,27950.0,28000.0,152,0.0,0.0
2024-10-16 13:00:00+09:00,27950.0,27950.0,27900.0,27950.0,291,0.0,0.0
2024-10-16 13:05:00+09:00,27900.0,27900.0,27850.0,27850.0,266,0.0,0.0
2024-10-16 13:10:00+09:00,27850.0,28000.0,27850.0,28000.0,1611,0.0,0.0
2024-10-16 13:15:00+09:00,28000.0,28050.0,27900.0,27950.0,472,0.0,0.0
2024-10-16 13:20:00+09:00,27950.0,27950.0,27900.0,27900.0,557,0.0,0.0
2024-10-16 13:25:00+09:00,27900.0,28000.0,27900.0,27950.0,535,0.0,0.0
2024-10-16 13:30:00+09:00,27950.0,27950.0,27900.0,27900.0,31,0.0,0.0
2024-10-16 13:35:00+09:00,27900.0,27950.0,27900.0,27900.0,154,0.0,0.0
2024-10-16 13:40:00+09:00,27900.0,27950.0,27900.0,27900.0,444,0.0,0.0
2024-10-16 13:45:00+09:00,27900.0,27950.0,27900.0,27950.0,113,0.0,0.0
2024-10-16 13:50:00+09:00,27950.0,27950.0,27900.0,27950.0,134,0.0,0.0
2024-10-16 13:55:00+09:00,27950.0,28000.0,27900.0,27950.0,0,0.0,0.0
2024-10-16 14:00:00+09:00,27950.0,27950.0,27900.0,27900.0,707,0.0,0.0
2024-10-16 14:05:00+09:00,28000.0,28000.0,27900.0,27950.0,384,0.0,0.0
2024-10-16 14:10:00+09:00,27950.0,27950.0,27950.0,27950.0,20,0.0,0.0
2024-10-16 14:15:00+09:00,27950.0,28050.0,27950.0,28050.0,1214,0.0,0.0
2024-10-16 14:20:00+09:00,28050.0,28050.0,28050.0,28050.0,82,0.0,0.0
2024-10-16 14:25:00+09:00,28050.0,28050.0,27950.0,27950.0,355,0.0,0.0
2024-10-16 14:30:00+09:00,28000.0,28350.0,27950.0,28350.0,1938,0.0,0.0
2024-10-16 14:35:00+09:00,28300.0,28300.0,28100.0,28200.0,570,0.0,0.0
2024-10-16 14:40:00+09:00,28200.0,28300.0,28150.0,28250.0,544,0.0,0.0
2024-10-16 14:45:00+09:00,28250.0,28300.0,28200.0,28250.0,302,0.0,0.0
2024-10-16 14:50:00+09:00,28250.0,28350.0,28250.0,28350.0,893,0.0,0.0
2024-10-16 14:55:00+09:00,28350.0,28450.0,28300.0,28350.0,1799,0.0,0.0
2024-10-17 09:00:00+09:00,29150.0,29150.0,28750.0,28800.0,5106,0.0,0.0
2024-10-17 09:05:00+09:00,28750.0,28800.0,28650.0,28650.0,2302,0.0,0.0
2024-10-17 09:10:00+09:00,28650.0,28750.0,28600.0,28600.0,2368,0.0,0.0
2024-10-17 09:15:00+09:00,28550.0,28750.0,28500.0,28700.0,1089,0.0,0.0
2024-10-17 09:20:00+09:00,28750.0,28900.0,28750.0,28900.0,1585,0.0,0.0
2024-10-17 09:25:00+09:00,28850.0,28950.0,28850.0,28900.0,993,0.0,0.0
2024-10-17 09:30:00+09:00,28950.0,28950.0,28750.0,28800.0,707,0.0,0.0
2024-10-17 09:35:00+09:00,28800.0,28900.0,28750.0,28850.0,371,0.0,0.0
2024-10-17 09:40:00+09:00,28850.0,28850.0,28800.0,28850.0,189,0.0,0.0
2024-10-17 09:45:00+09:00,28850.0,28850.0,28750.0,28750.0,664,0.0,0.0
2024-10-17 09:50:00+09:00,28750.0,28750.0,28700.0,28700.0,566,0.0,0.0
2024-10-17 09:55:00+09:00,28700.0,28800.0,28700.0,28800.0,568,0.0,0.0
2024-10-17 10:00:00+09:00,28800.0,28800.0,28650.0,28800.0,1906,0.0,0.0
2024-10-17 10:05:00+09:00,28800.0,28900.0,28800.0,28900.0,421,0.0,0.0
2024-10-17 10:10:00+09:00,28850.0,28900.0,28850.0,28850.0,406,0.0,0.0
2024-10-17 10:15:00+09:00,28850.0,28900.0,28800.0,28850.0,398,0.0,0.0
2024-10-17 10:20:00+09:00,28850.0,28850.0,28650.0,28700.0,2111,0.0,0.0
2024-10-17 10:25:00+09:00,28700.0,28700.0,28650.0,28650.0,490,0.0,0.0
2024-10-17 10:30:00+09:00,28650.0,28650.0,28550.0,28550.0,1752,0.0,0.0
2024-10-17 10:35:00+09:00,28600.0,28650.0,28600.0,28600.0,101,0.0,0.0
2024-10-17 10:40:00+09:00,28550.0,28600.0,28550.0,28550.0,637,0.0,0.0
2024-10-17 10:45:00+09:00,28550.0,28550.0,28500.0,28500.0,1577,0.0,0.0
2024-10-17 10:50:00+09:00,28500.0,28500.0,28350.0,28400.0,2090,0.0,0.0
2024-10-17 10:55:00+09:00,28400.0,28500.0,28350.0,28500.0,1293,0.0,0.0
2024-10-17 11:00:00+09:00,28400.0,28500.0,28400.0,28400.0,22,0.0,0.0
2024-10-17 11:05:00+09:00,28500.0,28500.0,28400.0,28400.0,168,0.0,0.0
2024-10-17 11:10:00+09:00,28500.0,28500.0,28450.0,28500.0,529,0.0,0.0
2024-10-17 11:15:00+09:00,28500.0,28500.0,28500.0,28500.0,406,0.0,0.0
2024-10-17 11:20:00+09:00,28550.0,28650.0,28550.0,28650.0,139,0.0,0.0
2024-10-17 11:25:00+09:00,28700.0,28700.0,28700.0,28700.0,64,0.0,0.0
2024-10-17 11:30:00+09:00,28650.0,28850.0,28650.0,28850.0,1763,0.0,0.0
2024-10-17 11:35:00+09:00,28850.0,28850.0,28750.0,28800.0,929,0.0,0.0
2024-10-17 11:40:00+09:00,28800.0,29750.0,28800.0,29450.0,37582,0.0,0.0
2024-10-17 11:45:00+09:00,29500.0,30500.0,29450.0,30200.0,53946,0.0,0.0
2024-10-17 11:50:00+09:00,30200.0,30250.0,29800.0,29900.0,14520,0.0,0.0
2024-10-17 11:55:00+09:00,29950.0,30050.0,29850.0,29900.0,9500,0.0,0.0
2024-10-17 12:00:00+09:00,29900.0,29950.0,29800.0,29950.0,7060,0.0,0.0
2024-10-17 12:05:00+09:00,29950.0,30000.0,29700.0,29700.0,6087,0.0,0.0
2024-10-17 12:10:00+09:00,29700.0,29850.0,29700.0,29700.0,3728,0.0,0.0
2024-10-17 12:15:00+09:00,29750.0,29900.0,29700.0,29900.0,1725,0.0,0.0
2024-10-17 12:20:00+09:00,29900.0,30050.0,29900.0,29900.0,9758,0.0,0.0
2024-10-17 12:25:00+09:00,29900.0,30000.0,29900.0,29900.0,3953,0.0,0.0
2024-10-17 12:30:00+09:00,29900.0,29900.0,29700.0,29850.0,4968,0.0,0.0
2024-10-17 12:35:00+09:00,29900.0,29900.0,29650.0,29650.0,6438,0.0,0.0
2024-10-17 12:40:00+09:00,29650.0,29750.0,29650.0,29700.0,1621,0.0,0.0
2024-10-17 12:45:00+09:00,29700.0,29700.0,29650.0,29650.0,1549,0.0,0.0
2024-10-17 12:50:00+09:00,29650.0,29700.0,29650.0,29650.0,922,0.0,0.0
2024-10-17 12:55:00+09:00,29700.0,29700.0,29600.0,29600.0,2276,0.0,0.0
2024-10-17 13:00:00+09:00,29600.0,29650.0,29500.0,29550.0,5470,0.0,0.0
2024-10-17 13:05:00+09:00,29550.0,29650.0,29500.0,29650.0,872,0.0,0.0
2024-10-17 13:10:00+09:00,29650.0,29650.0,29600.0,29650.0,1139,0.0,0.0
2024-10-17 13:15:00+09:00,29650.0,29650.0,29550.0,29650.0,1838,0.0,0.0
2024-10-17 13:20:00+09:00,29550.0,29750.0,29550.0,29750.0,1871,0.0,0.0
2024-10-17 13:25:00+09:00,29700.0,29800.0,29650.0,29800.0,2105,0.0,0.0
2024-10-17 13:30:00+09:00,29800.0,29850.0,29750.0,29850.0,1673,0.0,0.0
2024-10-17 13:35:00+09:00,29800.0,29800.0,29700.0,29700.0,1829,0.0,0.0
2024-10-17 13:40:00+09:00,29700.0,29850.0,29550.0,29550.0,4556,0.0,0.0
2024-10-17 13:45:00+09:00,29550.0,29600.0,29300.0,29300.0,10232,0.0,0.0
2024-10-17 13:50:00+09:00,29300.0,29600.0,29300.0,29500.0,2745,0.0,0.0
2024-10-17 13:55:00+09:00,29500.0,29650.0,29500.0,29600.0,1291,0.0,0.0
2024-10-17 14:00:00+09:00,29600.0,29600.0,29500.0,29500.0,1447,0.0,0.0
2024-10-17 14:05:00+09:00,29500.0,29550.0,29450.0,29450.0,788,0.0,0.0
2024-10-17 14:10:00+09:00,29450.0,29500.0,29400.0,29400.0,1355,0.0,0.0
2024-10-17 14:15:00+09:00,29400.0,29500.0,29300.0,29400.0,1574,0.0,0.0
2024-10-17 14:20:00+09:00,29400.0,29550.0,29400.0,29500.0,1890,0.0,0.0
2024-10-17 14:25:00+09:00,29500.0,29800.0,29500.0,29800.0,3220,0.0,0.0
2024-10-17 14:30:00+09:00,29800.0,30700.0,29700.0,30350.0,65393,0.0,0.0
2024-10-17 14:35:00+09:00,30350.0,31150.0,30150.0,31150.0,60582,0.0,0.0
2024-10-17 14:40:00+09:00,31150.0,31600.0,30450.0,30600.0,121154,0.0,0.0
2024-10-17 14:45:00+09:00,30600.0,30850.0,30350.0,30700.0,26905,0.0,0.0
2024-10-17 14:50:00+09:00,30750.0,31150.0,30450.0,31050.0,33401,0.0,0.0
2024-10-17 14:55:00+09:00,31050.0,32050.0,31050.0,32050.0,134069,0.0,0.0
2024-10-18 09:00:00+09:00,35750.0,36350.0,35200.0,35300.0,257992,0.0,0.0
2024-10-18 09:05:00+09:00,35300.0,36550.0,35300.0,35950.0,132714,0.0,0.0
2024-10-18 09:10:00+09:00,35900.0,36150.0,35700.0,35950.0,37064,0.0,0.0
2024-10-18 09:15:00+09:00,36000.0,36000.0,35000.0,35250.0,71075,0.0,0.0
2024-10-18 09:20:00+09:00,35250.0,35400.0,34850.0,35150.0,52451,0.0,0.0
2024-10-18 09:25:00+09:00,35150.0,35600.0,35100.0,35300.0,33079,0.0,0.0
2024-10-18 09:30:00+09:00,35350.0,35400.0,35000.0,35200.0,13827,0.0,0.0
2024-10-18 09:35:00+09:00,35200.0,35200.0,34950.0,35000.0,13639,0.0,0.0
2024-10-18 09:40:00+09:00,35000.0,35150.0,34800.0,34850.0,21302,0.0,0.0
2024-10-18 09:45:00+09:00,34850.0,34950.0,34350.0,34350.0,41517,0.0,0.0
2024-10-18 09:50:00+09:00,34350.0,34600.0,34300.0,34500.0,19525,0.0,0.0
2024-10-18 09:55:00+09:00,34500.0,34850.0,34450.0,34850.0,15855,0.0,0.0
2024-10-18 10:00:00+09:00,34850.0,34850.0,34500.0,34550.0,16588,0.0,0.0
2024-10-18 10:05:00+09:00,34550.0,34550.0,34050.0,34150.0,28141,0.0,0.0
2024-10-18 10:10:00+09:00,34150.0,34250.0,34050.0,34100.0,15002,0.0,0.0
2024-10-18 10:15:00+09:00,34100.0,34450.0,34100.0,34300.0,10700,0.0,0.0
2024-10-18 10:20:00+09:00,34300.0,34300.0,33850.0,33950.0,24443,0.0,0.0
2024-10-18 10:25:00+09:00,33950.0,34000.0,33550.0,33600.0,31259,0.0,0.0
2024-10-18 10:30:00+09:00,33550.0,34050.0,33550.0,34050.0,20116,0.0,0.0
2024-10-18 10:35:00+09:00,34000.0,34350.0,33650.0,34350.0,29760,0.0,0.0
2024-10-18 10:40:00+09:00,34350.0,34350.0,33950.0,34000.0,17794,0.0,0.0
2024-10-18 10:45:00+09:00,34000.0,34200.0,33850.0,34150.0,7186,0.0,0.0
2024-10-18 10:50:00+09:00,34150.0,34200.0,34000.0,34100.0,5547,0.0,0.0
2024-10-18 10:55:00+09:00,34150.0,34400.0,34100.0,34250.0,13313,0.0,0.0
2024-10-18 11:00:00+09:00,34250.0,34700.0,34200.0,34600.0,34517,0.0,0.0
2024-10-18 11:05:00+09:00,34600.0,34600.0,34250.0,34450.0,13479,0.0,0.0
2024-10-18 11:10:00+09:00,34400.0,34450.0,33900.0,33950.0,14173,0.0,0.0
2024-10-18 11:15:00+09:00,34000.0,34000.0,33850.0,33950.0,7990,0.0,0.0
2024-10-18 11:20:00+09:00,33950.0,34000.0,33800.0,34000.0,7237,0.0,0.0
2024-10-18 11:25:00+09:00,34050.0,34300.0,33900.0,34200.0,5949,0.0,0.0
2024-10-18 11:30:00+09:00,34250.0,34250.0,33900.0,34100.0,5547,0.0,0.0
2024-10-18 11:35:00+09:00,34100.0,34150.0,33900.0,33900.0,4075,0.0,0.0
2024-10-18 11:40:00+09:00,33900.0,34000.0,33800.0,33950.0,5393,0.0,0.0
2024-10-18 11:45:00+09:00,33950.0,34150.0,33950.0,34000.0,5437,0.0,0.0
2024-10-18 11:50:00+09:00,34000.0,34000.0,33900.0,34000.0,1081,0.0,0.0
2024-10-18 11:55:00+09:00,34000.0,34000.0,33850.0,33900.0,2736,0.0,0.0
2024-10-18 12:00:00+09:00,33850.0,33900.0,33800.0,33800.0,3127,0.0,0.0
2024-10-18 12:05:00+09:00,33850.0,33900.0,33800.0,33850.0,2132,0.0,0.0
2024-10-18 12:10:00+09:00,33800.0,33850.0,33400.0,33550.0,21389,0.0,0.0
2024-10-18 12:15:00+09:00,33600.0,33850.0,33550.0,33800.0,8510,0.0,0.0
2024-10-18 12:20:00+09:00,33800.0,33850.0,33650.0,33750.0,3898,0.0,0.0
2024-10-18 12:25:00+09:00,33700.0,33950.0,33650.0,33700.0,5787,0.0,0.0
2024-10-18 12:30:00+09:00,33700.0,33700.0,33350.0,33400.0,9604,0.0,0.0
2024-10-18 12:35:00+09:00,33400.0,33750.0,33400.0,33450.0,9469,0.0,0.0
2024-10-18 12:40:00+09:00,33450.0,33600.0,33400.0,33600.0,3984,0.0,0.0
2024-10-18 12:45:00+09:00,33600.0,33750.0,33500.0,33750.0,3663,0.0,0.0
2024-10-18 12:50:00+09:00,33750.0,33950.0,33600.0,33800.0,8306,0.0,0.0
2024-10-18 12:55:00+09:00,33750.0,33800.0,33400.0,33550.0,7812,0.0,0.0
2024-10-18 13:00:00+09:00,33550.0,33650.0,33350.0,33450.0,6274,0.0,0.0
2024-10-18 13:05:00+09:00,33400.0,33450.0,33350.0,33400.0,6840,0.0,0.0
2024-10-18 13:10:00+09:00,33400.0,33450.0,33000.0,33200.0,27732,0.0,0.0
2024-10-18 13:15:00+09:00,33200.0,33300.0,33100.0,33300.0,15417,0.0,0.0
2024-10-18 13:20:00+09:00,33250.0,33300.0,33050.0,33050.0,5654,0.0,0.0
2024-10-18 13:25:00+09:00,33050.0,33200.0,33050.0,33150.0,7089,0.0,0.0
2024-10-18 13:30:00+09:00,33100.0,33150.0,32950.0,32950.0,14010,0.0,0.0
2024-10-18 13:35:00+09:00,32950.0,33000.0,32750.0,32850.0,14484,0.0,0.0
2024-10-18 13:40:00+09:00,32850.0,32900.0,32800.0,32800.0,6722,0.0,0.0
2024-10-18 13:45:00+09:00,32850.0,33000.0,32800.0,33000.0,4928,0.0,0.0
2024-10-18 13:50:00+09:00,33000.0,33000.0,32650.0,32750.0,19636,0.0,0.0
2024-10-18 13:55:00+09:00,32700.0,32850.0,32550.0,32650.0,11020,0.0,0.0
2024-10-18 14:00:00+09:00,32650.0,32900.0,32600.0,32900.0,9637,0.0,0.0
2024-10-18 14:05:00+09:00,32900.0,33000.0,32700.0,32800.0,6474,0.0,0.0
2024-10-18 14:10:00+09:00,32800.0,32950.0,32750.0,32900.0,2958,0.0,0.0
2024-10-18 14:15:00+09:00,32900.0,33100.0,32850.0,32950.0,8766,0.0,0.0
2024-10-18 14:20:00+09:00,32900.0,33000.0,32750.0,32750.0,4987,0.0,0.0
2024-10-18 14:25:00+09:00,32750.0,32950.0,32750.0,32850.0,3132,0.0,0.0
2024-10-18 14:30:00+09:00,32850.0,32850.0,32750.0,32800.0,5016,0.0,0.0
2024-10-18 14:35:00+09:00,32800.0,33000.0,32800.0,32950.0,5005,0.0,0.0
2024-10-18 14:40:00+09:00,32950.0,33000.0,32800.0,32850.0,3893,0.0,0.0
2024-10-18 14:45:00+09:00,32850.0,32900.0,32650.0,32650.0,11123,0.0,0.0
2024-10-18 14:50:00+09:00,32700.0,32700.0,32300.0,32550.0,29196,0.0,0.0
2024-10-18 14:55:00+09:00,32550.0,32600.0,32350.0,32500.0,8214,0.0,0.0
2024-10-21 09:00:00+09:00,31900.0,32300.0,31850.0,32200.0,0,0.0,0.0
2024-10-21 09:05:00+09:00,32250.0,32300.0,31950.0,31950.0,13744,0.0,0.0
2024-10-21 09:10:00+09:00,31950.0,32600.0,31900.0,32500.0,28283,0.0,0.0
2024-10-21 09:15:00+09:00,32450.0,32500.0,32250.0,32450.0,6550,0.0,0.0
2024-10-21 09:20:00+09:00,32500.0,32500.0,32150.0,32200.0,5603,0.0,0.0
2024-10-21 09:25:00+09:00,32200.0,32300.0,32050.0,32050.0,5088,0.0,0.0
2024-10-21 09:30:00+09:00,32050.0,32500.0,32050.0,32400.0,5821,0.0,0.0
2024-10-21 09:35:00+09:00,32400.0,32550.0,32300.0,32300.0,9467,0.0,0.0
2024-10-21 09:40:00+09:00,32350.0,32600.0,32350.0,32450.0,10809,0.0,0.0
2024-10-21 09:45:00+09:00,32450.0,32500.0,32250.0,32350.0,4840,0.0,0.0
2024-10-21 09:50:00+09:00,32400.0,32500.0,32350.0,32350.0,3600,0.0,0.0
2024-10-21 09:55:00+09:00,32350.0,32400.0,32300.0,32400.0,2435,0.0,0.0
2024-10-21 10:00:00+09:00,32400.0,32400.0,32300.0,32300.0,1841,0.0,0.0
2024-10-21 10:05:00+09:00,32350.0,32350.0,32200.0,32200.0,1914,0.0,0.0
2024-10-21 10:10:00+09:00,32200.0,32350.0,32200.0,32250.0,2190,0.0,0.0
2024-10-21 10:15:00+09:00,32250.0,32250.0,32000.0,32050.0,6685,0.0,0.0
2024-10-21 10:20:00+09:00,32100.0,32200.0,32050.0,32200.0,3008,0.0,0.0
2024-10-21 10:25:00+09:00,32200.0,32300.0,32100.0,32300.0,2217,0.0,0.0
2024-10-21 10:30:00+09:00,32250.0,32400.0,32200.0,32350.0,2435,0.0,0.0
2024-10-21 10:35:00+09:00,32400.0,32400.0,32300.0,32300.0,1600,0.0,0.0
2024-10-21 10:40:00+09:00,32350.0,32500.0,32300.0,32350.0,2596,0.0,0.0
2024-10-21 10:45:00+09:00,32350.0,32350.0,32250.0,32300.0,1028,0.0,0.0
2024-10-21 10:50:00+09:00,32350.0,32700.0,32350.0,32500.0,9896,0.0,0.0
2024-10-21 10:55:00+09:00,32500.0,32550.0,32250.0,32300.0,4376,0.0,0.0
2024-10-21 11:00:00+09:00,32300.0,32550.0,32300.0,32350.0,3170,0.0,0.0
2024-10-21 11:05:00+09:00,32350.0,32400.0,32300.0,32300.0,1892,0.0,0.0
2024-10-21 11:10:00+09:00,32300.0,32400.0,32250.0,32400.0,2525,0.0,0.0
2024-10-21 11:15:00+09:00,32400.0,32400.0,32350.0,32400.0,1353,0.0,0.0
2024-10-21 11:20:00+09:00,32400.0,32450.0,32350.0,32450.0,1260,0.0,0.0
2024-10-21 11:25:00+09:00,32400.0,32400.0,32250.0,32300.0,1648,0.0,0.0
2024-10-21 11:30:00+09:00,32400.0,32450.0,32300.0,32400.0,1260,0.0,0.0
2024-10-21 11:35:00+09:00,32400.0,32500.0,32400.0,32500.0,1626,0.0,0.0
2024-10-21 11:40:00+09:00,32500.0,32500.0,32350.0,32350.0,3224,0.0,0.0
2024-10-21 11:45:00+09:00,32350.0,32400.0,32250.0,32400.0,5018,0.0,0.0
2024-10-21 11:50:00+09:00,32400.0,32400.0,32350.0,32350.0,1075,0.0,0.0
2024-10-21 11:55:00+09:00,32350.0,32400.0,32300.0,32300.0,97,0.0,0.0
2024-10-21 12:00:00+09:00,32300.0,32500.0,32300.0,32500.0,505,0.0,0.0
2024-10-21 12:05:00+09:00,32500.0,32550.0,32350.0,32350.0,1362,0.0,0.0
2024-10-21 12:10:00+09:00,32350.0,32400.0,32300.0,32300.0,1621,0.0,0.0
2024-10-21 12:15:00+09:00,32300.0,32300.0,32250.0,32300.0,901,0.0,0.0
2024-10-21 12:20:00+09:00,32300.0,32400.0,32300.0,32350.0,683,0.0,0.0
2024-10-21 12:25:00+09:00,32350.0,32500.0,32300.0,32500.0,856,0.0,0.0
2024-10-21 12:30:00+09:00,32450.0,32500.0,32350.0,32500.0,1436,0.0,0.0
2024-10-21 12:35:00+09:00,32450.0,32500.0,32400.0,32450.0,927,0.0,0.0
2024-10-21 12:40:00+09:00,32400.0,32400.0,32200.0,32300.0,2440,0.0,0.0
2024-10-21 12:45:00+09:00,32300.0,32450.0,32300.0,32400.0,1086,0.0,0.0
2024-10-21 12:50:00+09:00,32450.0,32450.0,32250.0,32350.0,1658,0.0,0.0
2024-10-21 12:55:00+09:00,32300.0,32300.0,32200.0,32300.0,1657,0.0,0.0
2024-10-21 13:00:00+09:00,32300.0,32350.0,32250.0,32300.0,755,0.0,0.0
2024-10-21 13:05:00+09:00,32300.0,32300.0,32200.0,32250.0,658,0.0,0.0
2024-10-21 13:10:00+09:00,32300.0,32300.0,32050.0,32100.0,5665,0.0,0.0
2024-10-21 13:15:00+09:00,32100.0,32150.0,32050.0,32100.0,3059,0.0,0.0
2024-10-21 13:20:00+09:00,32150.0,32150.0,32000.0,32100.0,6013,0.0,0.0
2024-10-21 13:25:00+09:00,32100.0,32200.0,32050.0,32150.0,2505,0.0,0.0
2024-10-21 13:30:00+09:00,32150.0,32150.0,31900.0,32000.0,8835,0.0,0.0
2024-10-21 13:35:00+09:00,32000.0,32150.0,31900.0,32150.0,3439,0.0,0.0
2024-10-21 13:40:00+09:00,32150.0,32150.0,31950.0,32000.0,5919,0.0,0.0
2024-10-21 13:45:00+09:00,32000.0,32100.0,32000.0,32100.0,3449,0.0,0.0
2024-10-21 13:50:00+09:00,32150.0,32200.0,31950.0,32000.0,5104,0.0,0.0
2024-10-21 13:55:00+09:00,32000.0,32000.0,31900.0,31950.0,4983,0.0,0.0
2024-10-21 14:00:00+09:00,31950.0,32050.0,31950.0,32000.0,1844,0.0,0.0
2024-10-21 14:05:00+09:00,32000.0,32100.0,31950.0,32050.0,645,0.0,0.0
2024-10-21 14:10:00+09:00,32050.0,32050.0,31950.0,31950.0,2003,0.0,0.0
2024-10-21 14:15:00+09:00,31950.0,31950.0,31900.0,31900.0,1646,0.0,0.0
2024-10-21 14:20:00+09:00,31900.0,31950.0,31900.0,31950.0,548,0.0,0.0
2024-10-21 14:25:00+09:00,31950.0,32000.0,31900.0,32000.0,1354,0.0,0.0
2024-10-21 14:30:00+09:00,32000.0,32000.0,31900.0,31900.0,2483,0.0,0.0
2024-10-21 14:35:00+09:00,31950.0,31950.0,31400.0,31650.0,31677,0.0,0.0
2024-10-21 14:40:00+09:00,31600.0,31650.0,31400.0,31500.0,8096,0.0,0.0
2024-10-21 14:45:00+09:00,31450.0,31600.0,31250.0,31250.0,10817,0.0,0.0
2024-10-21 14:50:00+09:00,31300.0,31500.0,31250.0,31450.0,4198,0.0,0.0
2024-10-21 14:55:00+09:00,31450.0,31600.0,31350.0,31400.0,5263,0.0,0.0
2024-10-22 09:00:00+09:00,31800.0,31900.0,31450.0,31450.0,25856,0.0,0.0
2024-10-22 09:05:00+09:00,31450.0,31450.0,30700.0,31000.0,31839,0.0,0.0
2024-10-22 09:10:00+09:00,30950.0,31100.0,30850.0,31000.0,6660,0.0,0.0
2024-10-22 09:15:00+09:00,30950.0,30950.0,30650.0,30800.0,14227,0.0,0.0
2024-10-22 09:20:00+09:00,30800.0,31250.0,30800.0,31200.0,13002,0.0,0.0
2024-10-22 09:25:00+09:00,31200.0,31300.0,31050.0,31100.0,5551,0.0,0.0
2024-10-22 09:30:00+09:00,31150.0,31250.0,31050.0,31050.0,3409,0.0,0.0
2024-10-22 09:35:00+09:00,31050.0,31200.0,31000.0,31100.0,2519,0.0,0.0
2024-10-22 09:40:00+09:00,31050.0,31100.0,30850.0,30850.0,4585,0.0,0.0
2024-10-22 09:45:00+09:00,30850.0,30950.0,30650.0,30700.0,9113,0.0,0.0
2024-10-22 09:50:00+09:00,30750.0,30750.0,30500.0,30550.0,15203,0.0,0.0
2024-10-22 09:55:00+09:00,30550.0,30650.0,30500.0,30550.0,6967,0.0,0.0
2024-10-22 10:00:00+09:00,30550.0,30650.0,30450.0,30500.0,6484,0.0,0.0
2024-10-22 10:05:00+09:00,30500.0,30600.0,30350.0,30350.0,8855,0.0,0.0
2024-10-22 10:10:00+09:00,30350.0,30400.0,30050.0,30100.0,27835,0.0,0.0
2024-10-22 10:15:00+09:00,30100.0,30250.0,29900.0,30150.0,17317,0.0,0.0
2024-10-22 10:20:00+09:00,30150.0,30400.0,30150.0,30300.0,4859,0.0,0.0
2024-10-22 10:25:00+09:00,30300.0,30350.0,30200.0,30350.0,2113,0.0,0.0
2024-10-22 10:30:00+09:00,30400.0,30450.0,30350.0,30350.0,3966,0.0,0.0
2024-10-22 10:35:00+09:00,30400.0,30450.0,30300.0,30450.0,3235,0.0,0.0
2024-10-22 10:40:00+09:00,30450.0,30600.0,30400.0,30550.0,4147,0.0,0.0
2024-10-22 10:45:00+09:00,30600.0,30850.0,30550.0,30700.0,10871,0.0,0.0
2024-10-22 10:50:00+09:00,30700.0,30700.0,30550.0,30600.0,2193,0.0,0.0
2024-10-22 10:55:00+09:00,30550.0,30550.0,30450.0,30500.0,1698,0.0,0.0
2024-10-22 11:00:00+09:00,30500.0,30750.0,30450.0,30700.0,2421,0.0,0.0
2024-10-22 11:05:00+09:00,30700.0,30700.0,30450.0,30450.0,2903,0.0,0.0
2024-10-22 11:10:00+09:00,30500.0,30700.0,30450.0,30700.0,2727,0.0,0.0
2024-10-22 11:15:00+09:00,30750.0,30850.0,30700.0,30800.0,2295,0.0,0.0
2024-10-22 11:20:00+09:00,30750.0,30900.0,30700.0,30800.0,3683,0.0,0.0
2024-10-22 11:25:00+09:00,30800.0,30850.0,30750.0,30750.0,1150,0.0,0.0
2024-10-22 11:30:00+09:00,30800.0,30800.0,30650.0,30700.0,1581,0.0,0.0
2024-10-22 11:35:00+09:00,30700.0,30750.0,30650.0,30700.0,504,0.0,0.0
2024-10-22 11:40:00+09:00,30700.0,30750.0,30650.0,30700.0,603,0.0,0.0
2024-10-22 11:45:00+09:00,30700.0,30850.0,30650.0,30850.0,1123,0.0,0.0
2024-10-22 11:50:00+09:00,30850.0,30900.0,30750.0,30800.0,688,0.0,0.0
2024-10-22 11:55:00+09:00,30800.0,30850.0,30750.0,30800.0,603,0.0,0.0
2024-10-22 12:00:00+09:00,30800.0,30800.0,30700.0,30700.0,959,0.0,0.0
2024-10-22 12:05:00+09:00,30700.0,30750.0,30600.0,30600.0,630,0.0,0.0
2024-10-22 12:10:00+09:00,30600.0,30750.0,30550.0,30750.0,2328,0.0,0.0
2024-10-22 12:15:00+09:00,30750.0,30750.0,30700.0,30700.0,410,0.0,0.0
2024-10-22 12:20:00+09:00,30700.0,30750.0,30700.0,30750.0,1014,0.0,0.0
2024-10-22 12:25:00+09:00,30750.0,30750.0,30650.0,30650.0,783,0.0,0.0
2024-10-22 12:30:00+09:00,30650.0,30750.0,30650.0,30700.0,1963,0.0,0.0
2024-10-22 12:35:00+09:00,30750.0,30750.0,30650.0,30750.0,517,0.0,0.0
2024-10-22 12:40:00+09:00,30750.0,30750.0,30500.0,30500.0,2349,0.0,0.0
2024-10-22 12:45:00+09:00,30500.0,30600.0,30400.0,30550.0,2969,0.0,0.0
2024-10-22 12:50:00+09:00,30550.0,30600.0,30550.0,30550.0,1231,0.0,0.0
2024-10-22 12:55:00+09:00,30600.0,30600.0,30450.0,30600.0,1559,0.0,0.0
2024-10-22 13:00:00+09:00,30550.0,30650.0,30550.0,30600.0,836,0.0,0.0
2024-10-22 13:05:00+09:00,30600.0,30650.0,30500.0,30550.0,692,0.0,0.0
2024-10-22 13:10:00+09:00,30550.0,30600.0,30450.0,30600.0,1105,0.0,0.0
2024-10-22 13:15:00+09:00,30550.0,30600.0,30500.0,30550.0,767,0.0,0.0
2024-10-22 13:20:00+09:00,30550.0,30550.0,30450.0,30550.0,1082,0.0,0.0
2024-10-22 13:25:00+09:00,30500.0,30500.0,30450.0,30450.0,461,0.0,0.0
2024-10-22 13:30:00+09:00,30450.0,30550.0,30450.0,30500.0,772,0.0,0.0
2024-10-22 13:35:00+09:00,30500.0,30650.0,30500.0,30600.0,666,0.0,0.0
2024-10-22 13:40:00+09:00,30550.0,30600.0,30550.0,30600.0,600,0.0,0.0
2024-10-22 13:45:00+09:00,30550.0,30600.0,30450.0,30600.0,1308,0.0,0.0
2024-10-22 13:50:00+09:00,30500.0,30550.0,30450.0,30550.0,482,0.0,0.0
2024-10-22 13:55:00+09:00,30550.0,30550.0,30400.0,30400.0,1225,0.0,0.0
2024-10-22 14:00:00+09:00,30400.0,30550.0,30300.0,30350.0,2593,0.0,0.0
2024-10-22 14:05:00+09:00,30350.0,30500.0,30300.0,30400.0,1808,0.0,0.0
2024-10-22 14:10:00+09:00,30450.0,30450.0,30350.0,30350.0,667,0.0,0.0
2024-10-22 14:15:00+09:00,30350.0,30450.0,30350.0,30350.0,1119,0.0,0.0
2024-10-22 14:20:00+09:00,30350.0,30450.0,30350.0,30450.0,1096,0.0,0.0
2024-10-22 14:25:00+09:00,30400.0,30450.0,30350.0,30350.0,1191,0.0,0.0
2024-10-22 14:30:00+09:00,30450.0,30450.0,30350.0,30450.0,532,0.0,0.0
2024-10-22 14:35:00+09:00,30450.0,30450.0,30300.0,30300.0,1486,0.0,0.0
2024-10-22 14:40:00+09:00,30300.0,30350.0,30250.0,30300.0,3094,0.0,0.0
2024-10-22 14:45:00+09:00,30300.0,30350.0,30150.0,30150.0,6182,0.0,0.0
2024-10-22 14:50:00+09:00,30200.0,30300.0,30200.0,30200.0,2746,0.0,0.0
2024-10-22 14:55:00+09:00,30200.0,30300.0,30200.0,30300.0,2283,0.0,0.0
2024-10-23 09:00:00+09:00,30400.0,30700.0,30150.0,30350.0,9746,0.0,0.0
2024-10-23 09:05:00+09:00,30350.0,30500.0,30300.0,30350.0,6460,0.0,0.0
2024-10-23 09:10:00+09:00,30350.0,30350.0,29950.0,30050.0,13172,0.0,0.0
2024-10-23 09:15:00+09:00,30000.0,30050.0,29850.0,29900.0,9837,0.0,0.0
2024-10-23 09:20:00+09:00,29900.0,29950.0,29700.0,29900.0,10647,0.0,0.0
2024-10-23 09:25:00+09:00,29900.0,30100.0,29900.0,30100.0,3332,0.0,0.0
2024-10-23 09:30:00+09:00,30100.0,30100.0,29750.0,30100.0,7450,0.0,0.0
2024-10-23 09:35:00+09:00,30100.0,30550.0,30050.0,30500.0,8290,0.0,0.0
2024-10-23 09:40:00+09:00,30500.0,30600.0,30400.0,30500.0,5302,0.0,0.0
2024-10-23 09:45:00+09:00,30450.0,30450.0,30300.0,30450.0,1864,0.0,0.0
2024-10-23 09:50:00+09:00,30450.0,30450.0,30250.0,30300.0,3244,0.0,0.0
2024-10-23 09:55:00+09:00,30250.0,30300.0,30200.0,30250.0,1519,0.0,0.0
2024-10-23 10:00:00+09:00,30250.0,30300.0,30200.0,30250.0,1135,0.0,0.0
2024-10-23 10:05:00+09:00,30300.0,30450.0,30300.0,30450.0,1656,0.0,0.0
2024-10-23 10:10:00+09:00,30500.0,30500.0,30250.0,30250.0,2258,0.0,0.0
2024-10-23 10:15:00+09:00,30200.0,30200.0,30050.0,30100.0,2564,0.0,0.0
2024-10-23 10:20:00+09:00,30100.0,30250.0,29900.0,29950.0,3307,0.0,0.0
2024-10-23 10:25:00+09:00,29950.0,29950.0,29600.0,29700.0,11473,0.0,0.0
2024-10-23 10:30:00+09:00,29700.0,29750.0,29600.0,29650.0,5075,0.0,0.0
2024-10-23 10:35:00+09:00,29650.0,29700.0,29550.0,29650.0,7002,0.0,0.0
2024-10-23 10:40:00+09:00,29650.0,29800.0,29650.0,29800.0,1304,0.0,0.0
2024-10-23 10:45:00+09:00,29800.0,29900.0,29750.0,29850.0,2761,0.0,0.0
2024-10-23 10:50:00+09:00,29900.0,30000.0,29900.0,29950.0,3344,0.0,0.0
2024-10-23 10:55:00+09:00,29900.0,30000.0,29850.0,30000.0,1625,0.0,0.0
2024-10-23 11:00:00+09:00,30000.0,30000.0,29750.0,29900.0,2717,0.0,0.0
2024-10-23 11:05:00+09:00,29850.0,30000.0,29800.0,30000.0,864,0.0,0.0
2024-10-23 11:10:00+09:00,30000.0,30000.0,29900.0,30000.0,1022,0.0,0.0
2024-10-23 11:15:00+09:00,30000.0,30250.0,30000.0,30250.0,4139,0.0,0.0
2024-10-23 11:20:00+09:00,30250.0,30500.0,30200.0,30450.0,8324,0.0,0.0
2024-10-23 11:25:00+09:00,30450.0,30550.0,30350.0,30550.0,9480,0.0,0.0
2024-10-23 11:30:00+09:00,30550.0,30750.0,30450.0,30750.0,9897,0.0,0.0
2024-10-23 11:35:00+09:00,30750.0,30800.0,30700.0,30750.0,8857,0.0,0.0
2024-10-23 11:40:00+09:00,30750.0,30750.0,30500.0,30600.0,5122,0.0,0.0
2024-10-23 11:45:00+09:00,30550.0,30650.0,30450.0,30600.0,4284,0.0,0.0
2024-10-23 11:50:00+09:00,30650.0,30950.0,30600.0,30950.0,9598,0.0,0.0
2024-10-23 11:55:00+09:00,30900.0,30950.0,30650.0,30800.0,5465,0.0,0.0
2024-10-23 12:00:00+09:00,30750.0,31050.0,30750.0,31000.0,6982,0.0,0.0
2024-10-23 12:05:00+09:00,31000.0,31050.0,30800.0,30900.0,3921,0.0,0.0
2024-10-23 12:10:00+09:00,30850.0,31100.0,30850.0,31000.0,6282,0.0,0.0
2024-10-23 12:15:00+09:00,31000.0,31000.0,30750.0,30800.0,4239,0.0,0.0
2024-10-23 12:20:00+09:00,30750.0,30900.0,30750.0,30850.0,3092,0.0,0.0
2024-10-23 12:25:00+09:00,30800.0,30850.0,30800.0,30850.0,856,0.0,0.0
2024-10-23 12:30:00+09:00,30850.0,31000.0,30850.0,30900.0,2071,0.0,0.0
2024-10-23 12:35:00+09:00,30900.0,30900.0,30700.0,30700.0,2949,0.0,0.0
2024-10-23 12:40:00+09:00,30700.0,30850.0,30700.0,30800.0,1211,0.0,0.0
2024-10-23 12:45:00+09:00,30800.0,30850.0,30750.0,30750.0,1140,0.0,0.0
2024-10-23 12:50:00+09:00,30750.0,30900.0,30500.0,30900.0,5012,0.0,0.0
2024-10-23 12:55:00+09:00,30900.0,30900.0,30700.0,30700.0,1715,0.0,0.0
2024-10-23 13:00:00+09:00,30700.0,31050.0,30700.0,31000.0,4929,0.0,0.0
2024-10-23 13:05:00+09:00,31000.0,31000.0,30800.0,30800.0,2124,0.0,0.0
2024-10-23 13:10:00+09:00,30800.0,31300.0,30800.0,31250.0,11273,0.0,0.0
2024-10-23 13:15:00+09:00,31250.0,31300.0,31100.0,31250.0,7151,0.0,0.0
2024-10-23 13:20:00+09:00,31250.0,31350.0,30950.0,31000.0,7518,0.0,0.0
2024-10-23 13:25:00+09:00,31100.0,31200.0,31000.0,31150.0,3717,0.0,0.0
2024-10-23 13:30:00+09:00,31200.0,31250.0,31050.0,31200.0,3593,0.0,0.0
2024-10-23 13:35:00+09:00,31200.0,31250.0,31100.0,31150.0,4186,0.0,0.0
2024-10-23 13:40:00+09:00,31150.0,31500.0,31150.0,31450.0,16824,0.0,0.0
2024-10-23 13:45:00+09:00,31450.0,31500.0,31250.0,31300.0,5484,0.0,0.0
2024-10-23 13:50:00+09:00,31350.0,31400.0,31250.0,31400.0,3947,0.0,0.0
2024-10-23 13:55:00+09:00,31450.0,31450.0,31300.0,31300.0,5010,0.0,0.0
2024-10-23 14:00:00+09:00,31300.0,31350.0,31000.0,31050.0,5593,0.0,0.0
2024-10-23 14:05:00+09:00,31050.0,31400.0,31050.0,31350.0,4067,0.0,0.0
2024-10-23 14:10:00+09:00,31350.0,31400.0,31100.0,31100.0,5140,0.0,0.0
2024-10-23 14:15:00+09:00,31100.0,31200.0,31000.0,31150.0,5624,0.0,0.0
2024-10-23 14:20:00+09:00,31100.0,31350.0,31100.0,31300.0,2081,0.0,0.0
2024-10-23 14:25:00+09:00,31300.0,31450.0,31300.0,31300.0,3673,0.0,0.0
2024-10-23 14:30:00+09:00,31300.0,31300.0,31200.0,31200.0,1520,0.0,0.0
2024-10-23 14:35:00+09:00,31200.0,31250.0,31100.0,31150.0,2256,0.0,0.0
2024-10-23 14:40:00+09:00,31150.0,31250.0,31050.0,31150.0,2475,0.0,0.0
2024-10-23 14:45:00+09:00,31150.0,31150.0,30900.0,30900.0,5220,0.0,0.0
2024-10-23 14:50:00+09:00,30900.0,31000.0,30850.0,30950.0,5395,0.0,0.0
2024-10-23 14:55:00+09:00,30900.0,31000.0,30850.0,30950.0,2102,0.0,0.0
2024-10-24 09:00:00+09:00,30500.0,30500.0,30100.0,30450.0,25351,0.0,0.0
2024-10-24 09:05:00+09:00,30450.0,30900.0,30350.0,30700.0,6218,0.0,0.0
2024-10-24 09:10:00+09:00,30700.0,31050.0,30550.0,30550.0,8895,0.0,0.0
2024-10-24 09:15:00+09:00,30550.0,30600.0,30350.0,30550.0,6055,0.0,0.0
2024-10-24 09:20:00+09:00,30550.0,30800.0,30550.0,30550.0,2962,0.0,0.0
2024-10-24 09:25:00+09:00,30550.0,30850.0,30550.0,30850.0,2601,0.0,0.0
2024-10-24 09:30:00+09:00,30850.0,31050.0,30550.0,30950.0,9467,0.0,0.0
2024-10-24 09:35:00+09:00,31000.0,31350.0,30900.0,31300.0,15261,0.0,0.0
2024-10-24 09:40:00+09:00,31300.0,31750.0,31300.0,31600.0,28775,0.0,0.0
2024-10-24 09:45:00+09:00,31550.0,31650.0,31300.0,31450.0,8455,0.0,0.0
2024-10-24 09:50:00+09:00,31550.0,31550.0,31350.0,31500.0,3909,0.0,0.0
2024-10-24 09:55:00+09:00,31450.0,31600.0,31350.0,31450.0,5497,0.0,0.0
2024-10-24 10:00:00+09:00,31400.0,31450.0,31150.0,31250.0,5605,0.0,0.0
2024-10-24 10:05:00+09:00,31250.0,31300.0,31050.0,31100.0,6827,0.0,0.0
2024-10-24 10:10:00+09:00,31100.0,31150.0,30950.0,31050.0,2972,0.0,0.0
2024-10-24 10:15:00+09:00,31050.0,31100.0,30900.0,30900.0,2774,0.0,0.0
2024-10-24 10:20:00+09:00,30900.0,31000.0,30850.0,31000.0,3193,0.0,0.0
2024-10-24 10:25:00+09:00,31000.0,31100.0,30850.0,31000.0,2374,0.0,0.0
2024-10-24 10:30:00+09:00,31000.0,31100.0,31000.0,31100.0,959,0.0,0.0
2024-10-24 10:35:00+09:00,31050.0,31200.0,31050.0,31200.0,2774,0.0,0.0
2024-10-24 10:40:00+09:00,31200.0,31300.0,31050.0,31150.0,3747,0.0,0.0
2024-10-24 10:45:00+09:00,31150.0,32300.0,31050.0,32000.0,42454,0.0,0.0
2024-10-24 10:50:00+09:00,32050.0,32150.0,31700.0,31900.0,62994,0.0,0.0
2024-10-24 10:55:00+09:00,31850.0,31850.0,31550.0,31700.0,12605,0.0,0.0
2024-10-24 11:00:00+09:00,31700.0,31850.0,31650.0,31700.0,7524,0.0,0.0
2024-10-24 11:05:00+09:00,31700.0,31750.0,31550.0,31750.0,6395,0.0,0.0
2024-10-24 11:10:00+09:00,31750.0,32050.0,31650.0,31850.0,11594,0.0,0.0
2024-10-24 11:15:00+09:00,31850.0,32000.0,31750.0,31800.0,6816,0.0,0.0
2024-10-24 11:20:00+09:00,31800.0,31950.0,31750.0,31900.0,2808,0.0,0.0
2024-10-24 11:25:00+09:00,31850.0,31950.0,31800.0,31850.0,2249,0.0,0.0
2024-10-24 11:30:00+09:00,31850.0,31850.0,31650.0,31650.0,3984,0.0,0.0
2024-10-24 11:35:00+09:00,31650.0,31850.0,31600.0,31850.0,2614,0.0,0.0
2024-10-24 11:40:00+09:00,31800.0,31850.0,31500.0,31500.0,2266,0.0,0.0
2024-10-24 11:45:00+09:00,31500.0,31550.0,31400.0,31500.0,3315,0.0,0.0
2024-10-24 11:50:00+09:00,31550.0,31750.0,31550.0,31650.0,1240,0.0,0.0
2024-10-24 11:55:00+09:00,31650.0,31700.0,31550.0,31550.0,1125,0.0,0.0
2024-10-24 12:00:00+09:00,31550.0,31600.0,31450.0,31450.0,1051,0.0,0.0
2024-10-24 12:05:00+09:00,31450.0,31750.0,31450.0,31600.0,2006,0.0,0.0
2024-10-24 12:10:00+09:00,31600.0,31600.0,31450.0,31450.0,1823,0.0,0.0
2024-10-24 12:15:00+09:00,31400.0,31500.0,31350.0,31350.0,1887,0.0,0.0
2024-10-24 12:20:00+09:00,31400.0,31600.0,31350.0,31500.0,2883,0.0,0.0
2024-10-24 12:25:00+09:00,31550.0,31650.0,31500.0,31650.0,797,0.0,0.0
2024-10-24 12:30:00+09:00,31700.0,31750.0,31600.0,31600.0,2936,0.0,0.0
2024-10-24 12:35:00+09:00,31600.0,31700.0,31600.0,31600.0,1291,0.0,0.0
2024-10-24 12:40:00+09:00,31600.0,31650.0,31550.0,31600.0,1423,0.0,0.0
2024-10-24 12:45:00+09:00,31550.0,31600.0,31400.0,31400.0,3109,0.0,0.0
2024-10-24 12:50:00+09:00,31400.0,31450.0,31350.0,31400.0,1030,0.0,0.0
2024-10-24 12:55:00+09:00,31400.0,31450.0,31200.0,31250.0,6039,0.0,0.0
2024-10-24 13:00:00+09:00,31250.0,31450.0,31150.0,31450.0,2019,0.0,0.0
2024-10-24 13:05:00+09:00,31450.0,31500.0,31350.0,31500.0,949,0.0,0.0
2024-10-24 13:10:00+09:00,31500.0,31500.0,31450.0,31500.0,1130,0.0,0.0
2024-10-24 13:15:00+09:00,31500.0,31550.0,31500.0,31550.0,452,0.0,0.0
2024-10-24 13:20:00+09:00,31500.0,31800.0,31500.0,31800.0,11995,0.0,0.0
2024-10-24 13:25:00+09:00,31750.0,31850.0,31700.0,31700.0,4282,0.0,0.0
2024-10-24 13:30:00+09:00,31700.0,31700.0,31500.0,31550.0,3397,0.0,0.0
2024-10-24 13:35:00+09:00,31500.0,31600.0,31500.0,31500.0,3412,0.0,0.0
2024-10-24 13:40:00+09:00,31500.0,31650.0,31500.0,31600.0,1675,0.0,0.0
2024-10-24 13:45:00+09:00,31600.0,31600.0,31350.0,31500.0,4492,0.0,0.0
2024-10-24 13:50:00+09:00,31450.0,31500.0,31350.0,31450.0,1999,0.0,0.0
2024-10-24 13:55:00+09:00,31450.0,31600.0,31400.0,31500.0,1544,0.0,0.0
2024-10-24 14:00:00+09:00,31550.0,31550.0,31450.0,31450.0,1638,0.0,0.0
2024-10-24 14:05:00+09:00,31450.0,31550.0,31350.0,31450.0,1692,0.0,0.0
2024-10-24 14:10:00+09:00,31450.0,31500.0,31450.0,31450.0,370,0.0,0.0
2024-10-24 14:15:00+09:00,31450.0,31450.0,31300.0,31300.0,4033,0.0,0.0
2024-10-24 14:20:00+09:00,31300.0,31450.0,31300.0,31450.0,1932,0.0,0.0
2024-10-24 14:25:00+09:00,31450.0,31500.0,31300.0,31300.0,1512,0.0,0.0
2024-10-24 14:30:00+09:00,31300.0,31300.0,30950.0,31050.0,12003,0.0,0.0
2024-10-24 14:35:00+09:00,31100.0,31150.0,31000.0,31000.0,3864,0.0,0.0
2024-10-24 14:40:00+09:00,31000.0,31050.0,30850.0,31000.0,3492,0.0,0.0
2024-10-24 14:45:00+09:00,31000.0,31000.0,30900.0,30950.0,1797,0.0,0.0
2024-10-24 14:50:00+09:00,30900.0,30950.0,30800.0,30800.0,4286,0.0,0.0
2024-10-24 14:55:00+09:00,30800.0,31000.0,30800.0,31000.0,2544,0.0,0.0
2024-10-25 09:00:00+09:00,31150.0,32550.0,31150.0,31950.0,101076,0.0,0.0
2024-10-25 09:05:00+09:00,31950.0,32250.0,31750.0,31950.0,27542,0.0,0.0
2024-10-25 09:10:00+09:00,32100.0,32900.0,32050.0,32650.0,124370,0.0,0.0
2024-10-25 09:15:00+09:00,32700.0,32850.0,32550.0,32650.0,41031,0.0,0.0
2024-10-25 09:20:00+09:00,32600.0,32650.0,32150.0,32150.0,36845,0.0,0.0
2024-10-25 09:25:00+09:00,32150.0,32400.0,32000.0,32400.0,19743,0.0,0.0
2024-10-25 09:30:00+09:00,32350.0,32650.0,32350.0,32500.0,20644,0.0,0.0
2024-10-25 09:35:00+09:00,32450.0,34250.0,32450.0,34250.0,238356,0.0,0.0
2024-10-25 09:40:00+09:00,34050.0,34550.0,33700.0,33850.0,283871,0.0,0.0
2024-10-25 09:45:00+09:00,33850.0,34400.0,33350.0,33600.0,136986,0.0,0.0
2024-10-25 09:50:00+09:00,33400.0,33900.0,33400.0,33650.0,55872,0.0,0.0
2024-10-25 09:55:00+09:00,34100.0,34700.0,33550.0,33600.0,160555,0.0,0.0
2024-10-25 10:00:00+09:00,33600.0,33800.0,33100.0,33150.0,56483,0.0,0.0
2024-10-25 10:05:00+09:00,33150.0,33400.0,33100.0,33250.0,33379,0.0,0.0
2024-10-25 10:10:00+09:00,33250.0,33800.0,33250.0,33700.0,28922,0.0,0.0
2024-10-25 10:15:00+09:00,33650.0,33800.0,33400.0,33500.0,18479,0.0,0.0
2024-10-25 10:20:00+09:00,33350.0,34100.0,33350.0,33900.0,42385,0.0,0.0
2024-10-25 10:25:00+09:00,33950.0,34250.0,33750.0,33950.0,71294,0.0,0.0
2024-10-25 10:30:00+09:00,34000.0,34250.0,33850.0,34050.0,38624,0.0,0.0
2024-10-25 10:35:00+09:00,34100.0,35150.0,34100.0,34900.0,215265,0.0,0.0
2024-10-25 10:40:00+09:00,34900.0,35700.0,34600.0,35650.0,179978,0.0,0.0
2024-10-25 10:45:00+09:00,35700.0,36050.0,35400.0,35850.0,172474,0.0,0.0
2024-10-25 10:50:00+09:00,35900.0,37500.0,35500.0,37450.0,270682,0.0,0.0
2024-10-25 10:55:00+09:00,37500.0,37500.0,36950.0,37450.0,185183,0.0,0.0
2024-10-25 11:00:00+09:00,37450.0,37600.0,37200.0,37300.0,110439,0.0,0.0
2024-10-25 11:05:00+09:00,37250.0,37500.0,36200.0,37050.0,185098,0.0,0.0
2024-10-25 11:10:00+09:00,37050.0,37200.0,36400.0,36500.0,87488,0.0,0.0
2024-10-25 11:15:00+09:00,36550.0,36850.0,36050.0,36550.0,96962,0.0,0.0
2024-10-25 11:20:00+09:00,36550.0,38000.0,36400.0,37950.0,145664,0.0,0.0
2024-10-25 11:25:00+09:00,37950.0,38250.0,37750.0,37850.0,174210,0.0,0.0
2024-10-25 11:30:00+09:00,37850.0,38350.0,37650.0,37950.0,106262,0.0,0.0
2024-10-25 11:35:00+09:00,37950.0,38200.0,37750.0,38150.0,49390,0.0,0.0
2024-10-25 11:40:00+09:00,38150.0,38150.0,37750.0,37800.0,49753,0.0,0.0
2024-10-25 11:45:00+09:00,37750.0,38000.0,37750.0,37850.0,24537,0.0,0.0
2024-10-25 11:50:00+09:00,37800.0,37850.0,37500.0,37750.0,47779,0.0,0.0
2024-10-25 11:55:00+09:00,37700.0,37800.0,37500.0,37550.0,20051,0.0,0.0
2024-10-25 12:00:00+09:00,37550.0,37650.0,37000.0,37150.0,59094,0.0,0.0
2024-10-25 12:05:00+09:00,37100.0,37600.0,37100.0,37550.0,34525,0.0,0.0
2024-10-25 12:10:00+09:00,37550.0,37600.0,37300.0,37500.0,14960,0.0,0.0
2024-10-25 12:15:00+09:00,37500.0,37550.0,37250.0,37450.0,14324,0.0,0.0
2024-10-25 12:20:00+09:00,37450.0,37600.0,36900.0,37150.0,43892,0.0,0.0
2024-10-25 12:25:00+09:00,37150.0,37250.0,36800.0,37150.0,38311,0.0,0.0
2024-10-25 12:30:00+09:00,37150.0,37450.0,37150.0,37300.0,22959,0.0,0.0
2024-10-25 12:35:00+09:00,37300.0,37450.0,37150.0,37450.0,18236,0.0,0.0
2024-10-25 12:40:00+09:00,37500.0,37500.0,37050.0,37200.0,16782,0.0,0.0
2024-10-25 12:45:00+09:00,37100.0,37250.0,36900.0,37100.0,18297,0.0,0.0
2024-10-25 12:50:00+09:00,37100.0,37200.0,36950.0,37150.0,13040,0.0,0.0
2024-10-25 12:55:00+09:00,37150.0,37300.0,36950.0,37200.0,21781,0.0,0.0
2024-10-25 13:00:00+09:00,37250.0,37650.0,37200.0,37400.0,52087,0.0,0.0
2024-10-25 13:05:00+09:00,37300.0,37400.0,36850.0,36950.0,49988,0.0,0.0
2024-10-25 13:10:00+09:00,37000.0,37300.0,36500.0,37200.0,95618,0.0,0.0
2024-10-25 13:15:00+09:00,37150.0,37450.0,37000.0,37300.0,35721,0.0,0.0
2024-10-25 13:20:00+09:00,37250.0,37500.0,37200.0,37350.0,36222,0.0,0.0
2024-10-25 13:25:00+09:00,37350.0,37400.0,37000.0,37100.0,20819,0.0,0.0
2024-10-25 13:30:00+09:00,37150.0,37150.0,36950.0,36950.0,21904,0.0,0.0
2024-10-25 13:35:00+09:00,37000.0,37150.0,36900.0,37000.0,12440,0.0,0.0
2024-10-25 13:40:00+09:00,36950.0,37250.0,36800.0,37200.0,22622,0.0,0.0
2024-10-25 13:45:00+09:00,37200.0,37300.0,36850.0,37050.0,20973,0.0,0.0
2024-10-25 13:50:00+09:00,37050.0,37050.0,36800.0,36900.0,13642,0.0,0.0
2024-10-25 13:55:00+09:00,36900.0,37150.0,36550.0,36700.0,31258,0.0,0.0
2024-10-25 14:00:00+09:00,36700.0,36950.0,36600.0,36750.0,22177,0.0,0.0
2024-10-25 14:05:00+09:00,36750.0,37050.0,36700.0,37000.0,17601,0.0,0.0
2024-10-25 14:10:00+09:00,37000.0,37050.0,36600.0,36600.0,20474,0.0,0.0
2024-10-25 14:15:00+09:00,36600.0,36850.0,36500.0,36600.0,20767,0.0,0.0
2024-10-25 14:20:00+09:00,36550.0,36800.0,36500.0,36550.0,24043,0.0,0.0
2024-10-25 14:25:00+09:00,36550.0,36950.0,36150.0,36950.0,70194,0.0,0.0
2024-10-25 14:30:00+09:00,36900.0,37250.0,36650.0,36950.0,68623,0.0,0.0
2024-10-25 14:35:00+09:00,36950.0,38550.0,36900.0,38400.0,223643,0.0,0.0
2024-10-25 14:40:00+09:00,38400.0,39000.0,38150.0,38950.0,277439,0.0,0.0
2024-10-25 14:45:00+09:00,38950.0,39300.0,38650.0,38950.0,208425,0.0,0.0
2024-10-25 14:50:00+09:00,38950.0,39600.0,38650.0,39350.0,216353,0.0,0.0
2024-10-25 14:55:00+09:00,39350.0,39550.0,38000.0,38450.0,235966,0.0,0.0
2024-10-28 09:00:00+09:00,37900.0,38350.0,37600.0,38300.0,0,0.0,0.0
2024-10-28 09:05:00+09:00,38250.0,41450.0,38250.0,41400.0,751522,0.0,0.0
2024-10-28 09:10:00+09:00,41450.0,41800.0,41000.0,41400.0,271196,0.0,0.0
2024-10-28 09:15:00+09:00,41400.0,42650.0,41100.0,42450.0,476440,0.0,0.0
2024-10-28 09:20:00+09:00,42400.0,43050.0,42000.0,42050.0,325764,0.0,0.0
2024-10-28 09:25:00+09:00,42050.0,42150.0,41500.0,41550.0,170475,0.0,0.0
2024-10-28 09:30:00+09:00,41600.0,41950.0,41450.0,41850.0,99200,0.0,0.0
2024-10-28 09:35:00+09:00,41900.0,42450.0,41650.0,41800.0,198013,0.0,0.0
2024-10-28 09:40:00+09:00,41850.0,42250.0,41550.0,42200.0,75977,0.0,0.0
2024-10-28 09:45:00+09:00,41900.0,42050.0,41600.0,41650.0,58469,0.0,0.0
2024-10-28 09:50:00+09:00,41650.0,41700.0,41100.0,41300.0,78412,0.0,0.0
2024-10-28 09:55:00+09:00,41350.0,41950.0,41100.0,41650.0,66834,0.0,0.0
2024-10-28 10:00:00+09:00,41650.0,41900.0,41200.0,41400.0,45941,0.0,0.0
2024-10-28 10:05:00+09:00,41350.0,41550.0,41100.0,41450.0,35807,0.0,0.0
2024-10-28 10:10:00+09:00,41450.0,41650.0,41250.0,41300.0,18136,0.0,0.0
2024-10-28 10:15:00+09:00,41350.0,41500.0,41300.0,41300.0,12266,0.0,0.0
2024-10-28 10:20:00+09:00,41250.0,41550.0,41200.0,41400.0,20700,0.0,0.0
2024-10-28 10:25:00+09:00,41400.0,41400.0,41200.0,41250.0,14592,0.0,0.0
2024-10-28 10:30:00+09:00,41250.0,41300.0,40200.0,40350.0,105766,0.0,0.0
2024-10-28 10:35:00+09:00,40350.0,40450.0,40100.0,40200.0,76515,0.0,0.0
2024-10-28 10:40:00+09:00,40200.0,40200.0,39950.0,40050.0,53368,0.0,0.0
2024-10-28 10:45:00+09:00,40100.0,40250.0,40050.0,40200.0,15614,0.0,0.0
2024-10-28 10:50:00+09:00,40200.0,40300.0,40000.0,40200.0,24251,0.0,0.0
2024-10-28 10:55:00+09:00,40200.0,40350.0,39950.0,39950.0,23655,0.0,0.0
2024-10-28 11:00:00+09:00,39950.0,40250.0,39850.0,40200.0,16704,0.0,0.0
2024-10-28 11:05:00+09:00,40200.0,40250.0,40050.0,40100.0,8575,0.0,0.0
2024-10-28 11:10:00+09:00,40100.0,40200.0,40000.0,40100.0,7439,0.0,0.0
2024-10-28 11:15:00+09:00,40100.0,40150.0,40050.0,40050.0,5807,0.0,0.0
2024-10-28 11:20:00+09:00,40050.0,40150.0,39900.0,40000.0,14841,0.0,0.0
2024-10-28 11:25:00+09:00,40100.0,40150.0,39450.0,39500.0,63041,0.0,0.0
2024-10-28 11:30:00+09:00,39500.0,39650.0,39200.0,39450.0,65156,0.0,0.0
2024-10-28 11:35:00+09:00,39400.0,39450.0,39200.0,39350.0,17311,0.0,0.0
2024-10-28 11:40:00+09:00,39350.0,39450.0,39200.0,39400.0,13254,0.0,0.0
2024-10-28 11:45:00+09:00,39400.0,39750.0,39300.0,39700.0,27946,0.0,0.0
2024-10-28 11:50:00+09:00,39700.0,39750.0,39300.0,39500.0,22355,0.0,0.0
2024-10-28 11:55:00+09:00,39550.0,39700.0,39500.0,39650.0,6443,0.0,0.0
2024-10-28 12:00:00+09:00,39600.0,39700.0,39450.0,39550.0,10382,0.0,0.0
2024-10-28 12:05:00+09:00,39550.0,40050.0,39500.0,40000.0,31521,0.0,0.0
2024-10-28 12:10:00+09:00,40000.0,40250.0,39850.0,39850.0,58946,0.0,0.0
2024-10-28 12:15:00+09:00,39850.0,40200.0,39850.0,40050.0,12281,0.0,0.0
2024-10-28 12:20:00+09:00,40000.0,40050.0,39900.0,39950.0,3550,0.0,0.0
2024-10-28 12:25:00+09:00,39850.0,39950.0,39750.0,39950.0,12589,0.0,0.0
2024-10-28 12:30:00+09:00,39900.0,40000.0,39800.0,39900.0,4632,0.0,0.0
2024-10-28 12:35:00+09:00,39850.0,39900.0,39600.0,39850.0,12597,0.0,0.0
2024-10-28 12:40:00+09:00,39850.0,39950.0,39800.0,39850.0,6702,0.0,0.0
2024-10-28 12:45:00+09:00,39850.0,39850.0,39500.0,39500.0,11809,0.0,0.0
2024-10-28 12:50:00+09:00,39500.0,39650.0,39450.0,39550.0,15410,0.0,0.0
2024-10-28 12:55:00+09:00,39550.0,39800.0,39350.0,39700.0,14617,0.0,0.0
2024-10-28 13:00:00+09:00,39700.0,39900.0,39600.0,39650.0,10231,0.0,0.0
2024-10-28 13:05:00+09:00,39600.0,39850.0,39600.0,39800.0,4418,0.0,0.0
2024-10-28 13:10:00+09:00,39850.0,39850.0,39650.0,39650.0,4941,0.0,0.0
2024-10-28 13:15:00+09:00,39650.0,39700.0,39550.0,39600.0,4273,0.0,0.0
2024-10-28 13:20:00+09:00,39650.0,40000.0,39600.0,40000.0,11594,0.0,0.0
2024-10-28 13:25:00+09:00,40000.0,40100.0,39850.0,40000.0,29599,0.0,0.0
2024-10-28 13:30:00+09:00,40000.0,40500.0,40000.0,40350.0,68177,0.0,0.0
2024-10-28 13:35:00+09:00,40300.0,40500.0,39750.0,39750.0,31811,0.0,0.0
2024-10-28 13:40:00+09:00,39750.0,39900.0,39550.0,39650.0,19372,0.0,0.0
2024-10-28 13:45:00+09:00,39600.0,39650.0,39150.0,39400.0,37973,0.0,0.0
2024-10-28 13:50:00+09:00,39400.0,39700.0,39350.0,39700.0,16967,0.0,0.0
2024-10-28 13:55:00+09:00,39650.0,39700.0,39400.0,39400.0,5509,0.0,0.0
2024-10-28 14:00:00+09:00,39300.0,39500.0,39300.0,39500.0,10268,0.0,0.0
2024-10-28 14:05:00+09:00,39750.0,39800.0,39600.0,39700.0,16399,0.0,0.0
2024-10-28 14:10:00+09:00,39650.0,40000.0,39450.0,39950.0,19038,0.0,0.0
2024-10-28 14:15:00+09:00,40000.0,40050.0,39700.0,39700.0,17407,0.0,0.0
2024-10-28 14:20:00+09:00,39750.0,39850.0,39450.0,39750.0,11461,0.0,0.0
2024-10-28 14:25:00+09:00,39750.0,39900.0,39650.0,39700.0,7234,0.0,0.0
2024-10-28 14:30:00+09:00,39700.0,39900.0,39600.0,39700.0,6629,0.0,0.0
2024-10-28 14:35:00+09:00,39600.0,39750.0,39550.0,39750.0,6138,0.0,0.0
2024-10-28 14:40:00+09:00,39750.0,39750.0,39400.0,39550.0,8299,0.0,0.0
2024-10-28 14:45:00+09:00,39550.0,39650.0,39400.0,39650.0,12887,0.0,0.0
2024-10-28 14:50:00+09:00,39650.0,39700.0,39550.0,39550.0,5858,0.0,0.0
2024-10-28 14:55:00+09:00,39600.0,39650.0,39400.0,39400.0,12086,0.0,0.0
2024-10-29 09:00:00+09:00,38950.0,39500.0,38750.0,38900.0,79788,0.0,0.0
2024-10-29 09:05:00+09:00,38900.0,39450.0,38800.0,39200.0,33466,0.0,0.0
2024-10-29 09:10:00+09:00,39200.0,39250.0,38600.0,38650.0,35653,0.0,0.0
2024-10-29 09:15:00+09:00,38650.0,38900.0,38550.0,38700.0,21698,0.0,0.0
2024-10-29 09:20:00+09:00,38700.0,38850.0,38350.0,38550.0,54379,0.0,0.0
2024-10-29 09:25:00+09:00,38550.0,38750.0,38400.0,38700.0,12053,0.0,0.0
2024-10-29 09:30:00+09:00,38700.0,38800.0,38550.0,38600.0,8511,0.0,0.0
2024-10-29 09:35:00+09:00,38550.0,39000.0,38550.0,39000.0,18036,0.0,0.0
2024-10-29 09:40:00+09:00,39000.0,39100.0,38850.0,38950.0,13449,0.0,0.0
2024-10-29 09:45:00+09:00,38950.0,39000.0,38700.0,39000.0,8257,0.0,0.0
2024-10-29 09:50:00+09:00,39000.0,39200.0,38850.0,38850.0,9702,0.0,0.0
2024-10-29 09:55:00+09:00,38900.0,38950.0,38750.0,38850.0,5836,0.0,0.0
2024-10-29 10:00:00+09:00,38800.0,38900.0,38700.0,38750.0,5836,0.0,0.0
2024-10-29 10:05:00+09:00,38750.0,38750.0,38600.0,38700.0,4703,0.0,0.0
2024-10-29 10:10:00+09:00,38700.0,38850.0,38650.0,38850.0,5620,0.0,0.0
2024-10-29 10:15:00+09:00,38750.0,38900.0,38650.0,38650.0,4467,0.0,0.0
2024-10-29 10:20:00+09:00,38700.0,38700.0,38400.0,38500.0,14879,0.0,0.0
2024-10-29 10:25:00+09:00,38500.0,38650.0,38400.0,38500.0,8590,0.0,0.0
2024-10-29 10:30:00+09:00,38450.0,38600.0,38250.0,38300.0,18744,0.0,0.0
2024-10-29 10:35:00+09:00,38350.0,38500.0,38300.0,38300.0,6746,0.0,0.0
2024-10-29 10:40:00+09:00,38300.0,38350.0,38100.0,38300.0,19236,0.0,0.0
2024-10-29 10:45:00+09:00,38350.0,38350.0,38100.0,38100.0,5715,0.0,0.0
2024-10-29 10:50:00+09:00,38100.0,38150.0,37950.0,37950.0,13862,0.0,0.0
2024-10-29 10:55:00+09:00,37900.0,38150.0,37800.0,38050.0,15308,0.0,0.0
2024-10-29 11:00:00+09:00,38050.0,38100.0,37900.0,38050.0,6702,0.0,0.0
2024-10-29 11:05:00+09:00,38050.0,38200.0,38050.0,38200.0,3141,0.0,0.0
2024-10-29 11:10:00+09:00,38150.0,38250.0,38000.0,38050.0,6059,0.0,0.0
2024-10-29 11:15:00+09:00,38050.0,38150.0,38000.0,38050.0,2992,0.0,0.0
2024-10-29 11:20:00+09:00,38000.0,38100.0,37800.0,37800.0,12156,0.0,0.0
2024-10-29 11:25:00+09:00,37800.0,37850.0,37750.0,37800.0,6398,0.0,0.0
2024-10-29 11:30:00+09:00,37800.0,37800.0,37750.0,37750.0,5129,0.0,0.0
2024-10-29 11:35:00+09:00,37750.0,37750.0,37650.0,37750.0,9832,0.0,0.0
2024-10-29 11:40:00+09:00,37750.0,38000.0,37700.0,37950.0,5320,0.0,0.0
2024-10-29 11:45:00+09:00,37900.0,37950.0,37800.0,37800.0,3115,0.0,0.0
2024-10-29 11:50:00+09:00,37800.0,38000.0,37800.0,37950.0,3115,0.0,0.0
2024-10-29 11:55:00+09:00,37950.0,37950.0,37850.0,37900.0,1905,0.0,0.0
2024-10-29 12:00:00+09:00,37850.0,37850.0,37800.0,37850.0,1837,0.0,0.0
2024-10-29 12:05:00+09:00,37800.0,37850.0,37750.0,37750.0,3406,0.0,0.0
2024-10-29 12:10:00+09:00,37750.0,37800.0,37700.0,37750.0,1388,0.0,0.0
2024-10-29 12:15:00+09:00,37700.0,37750.0,37650.0,37700.0,2607,0.0,0.0
2024-10-29 12:20:00+09:00,37650.0,37700.0,37650.0,37650.0,3967,0.0,0.0
2024-10-29 12:25:00+09:00,37650.0,37700.0,37600.0,37700.0,3001,0.0,0.0
2024-10-29 12:30:00+09:00,37700.0,37700.0,37600.0,37650.0,3387,0.0,0.0
2024-10-29 12:35:00+09:00,37700.0,37700.0,37600.0,37650.0,2782,0.0,0.0
2024-10-29 12:40:00+09:00,37650.0,37850.0,37600.0,37850.0,2282,0.0,0.0
2024-10-29 12:45:00+09:00,37850.0,37900.0,37700.0,37700.0,2829,0.0,0.0
2024-10-29 12:50:00+09:00,37700.0,37800.0,37700.0,37750.0,1915,0.0,0.0
2024-10-29 12:55:00+09:00,37750.0,37850.0,37700.0,37750.0,1493,0.0,0.0
2024-10-29 13:00:00+09:00,37800.0,37800.0,37650.0,37700.0,7589,0.0,0.0
2024-10-29 13:05:00+09:00,37650.0,37700.0,37650.0,37650.0,2969,0.0,0.0
2024-10-29 13:10:00+09:00,37700.0,37850.0,37650.0,37700.0,4137,0.0,0.0
2024-10-29 13:15:00+09:00,37700.0,37800.0,37650.0,37800.0,1528,0.0,0.0
2024-10-29 13:20:00+09:00,37750.0,37800.0,37700.0,37700.0,3758,0.0,0.0
2024-10-29 13:25:00+09:00,37700.0,37850.0,37650.0,37850.0,2249,0.0,0.0
2024-10-29 13:30:00+09:00,37800.0,37850.0,37750.0,37750.0,2529,0.0,0.0
2024-10-29 13:35:00+09:00,37750.0,37800.0,37700.0,37800.0,1425,0.0,0.0
2024-10-29 13:40:00+09:00,37800.0,37800.0,37750.0,37750.0,907,0.0,0.0
2024-10-29 13:45:00+09:00,37750.0,37800.0,37650.0,37650.0,3823,0.0,0.0
2024-10-29 13:50:00+09:00,37650.0,37700.0,37500.0,37550.0,13475,0.0,0.0
2024-10-29 13:55:00+09:00,37500.0,37600.0,37400.0,37550.0,13059,0.0,0.0
2024-10-29 14:00:00+09:00,37600.0,37600.0,37500.0,37600.0,1815,0.0,0.0
2024-10-29 14:05:00+09:00,37600.0,37700.0,37550.0,37600.0,2497,0.0,0.0
2024-10-29 14:10:00+09:00,37600.0,37600.0,37500.0,37500.0,3234,0.0,0.0
2024-10-29 14:15:00+09:00,37450.0,37550.0,37400.0,37450.0,4774,0.0,0.0
2024-10-29 14:20:00+09:00,37450.0,37500.0,37400.0,37450.0,2856,0.0,0.0
2024-10-29 14:25:00+09:00,37450.0,37750.0,37400.0,37700.0,5730,0.0,0.0
2024-10-29 14:30:00+09:00,37700.0,37850.0,37550.0,37850.0,5866,0.0,0.0
2024-10-29 14:35:00+09:00,37850.0,37950.0,37800.0,37900.0,4068,0.0,0.0
2024-10-29 14:40:00+09:00,37900.0,37900.0,37700.0,37800.0,3921,0.0,0.0
2024-10-29 14:45:00+09:00,37850.0,37900.0,37700.0,37850.0,7382,0.0,0.0
2024-10-29 14:50:00+09:00,37850.0,37900.0,37600.0,37700.0,9162,0.0,0.0
2024-10-29 14:55:00+09:00,37700.0,37900.0,37650.0,37900.0,6653,0.0,0.0
2024-10-30 09:00:00+09:00,38450.0,38500.0,37750.0,37750.0,51321,0.0,0.0
2024-10-30 09:05:00+09:00,37750.0,39150.0,37700.0,39150.0,103477,0.0,0.0
2024-10-30 09:10:00+09:00,39150.0,39900.0,38900.0,39900.0,184360,0.0,0.0
2024-10-30 09:15:00+09:00,39900.0,40050.0,39400.0,39600.0,139020,0.0,0.0
2024-10-30 09:20:00+09:00,39600.0,39750.0,38800.0,38950.0,82474,0.0,0.0
2024-10-30 09:25:00+09:00,39000.0,39000.0,38500.0,38800.0,36414,0.0,0.0
2024-10-30 09:30:00+09:00,38800.0,38900.0,38500.0,38550.0,22976,0.0,0.0
2024-10-30 09:35:00+09:00,38500.0,39150.0,38500.0,39100.0,18722,0.0,0.0
2024-10-30 09:40:00+09:00,39050.0,39100.0,38550.0,38650.0,19441,0.0,0.0
2024-10-30 09:45:00+09:00,38750.0,39100.0,38650.0,39100.0,13037,0.0,0.0
2024-10-30 09:50:00+09:00,39100.0,39300.0,39050.0,39200.0,24474,0.0,0.0
2024-10-30 09:55:00+09:00,39200.0,39400.0,39150.0,39150.0,15479,0.0,0.0
2024-10-30 10:00:00+09:00,39050.0,39300.0,38950.0,39300.0,17349,0.0,0.0
2024-10-30 10:05:00+09:00,39300.0,39400.0,39250.0,39300.0,8635,0.0,0.0
2024-10-30 10:10:00+09:00,39350.0,39400.0,39050.0,39050.0,12951,0.0,0.0
2024-10-30 10:15:00+09:00,39050.0,39050.0,38800.0,38800.0,13731,0.0,0.0
2024-10-30 10:20:00+09:00,38800.0,39150.0,38700.0,38850.0,8484,0.0,0.0
2024-10-30 10:25:00+09:00,38850.0,38950.0,38800.0,38800.0,4518,0.0,0.0
2024-10-30 10:30:00+09:00,38800.0,38800.0,38600.0,38700.0,8066,0.0,0.0
2024-10-30 10:35:00+09:00,38700.0,38800.0,38650.0,38700.0,6130,0.0,0.0
2024-10-30 10:40:00+09:00,38650.0,38700.0,37950.0,38250.0,32058,0.0,0.0
2024-10-30 10:45:00+09:00,38250.0,38350.0,38100.0,38350.0,6709,0.0,0.0
2024-10-30 10:50:00+09:00,38350.0,38500.0,38050.0,38050.0,9966,0.0,0.0
2024-10-30 10:55:00+09:00,38050.0,38100.0,37750.0,38000.0,18090,0.0,0.0
2024-10-30 11:00:00+09:00,37950.0,38300.0,37950.0,38250.0,6250,0.0,0.0
2024-10-30 11:05:00+09:00,38250.0,38250.0,38150.0,38150.0,2297,0.0,0.0
2024-10-30 11:10:00+09:00,38200.0,38350.0,38150.0,38200.0,7428,0.0,0.0
2024-10-30 11:15:00+09:00,38150.0,38200.0,37650.0,37900.0,27286,0.0,0.0
2024-10-30 11:20:00+09:00,37900.0,38000.0,37800.0,37850.0,3818,0.0,0.0
2024-10-30 11:25:00+09:00,37800.0,37900.0,37550.0,37800.0,10154,0.0,0.0
2024-10-30 11:30:00+09:00,37800.0,37850.0,37700.0,37750.0,1800,0.0,0.0
2024-10-30 11:35:00+09:00,37750.0,38050.0,37750.0,38000.0,2838,0.0,0.0
2024-10-30 11:40:00+09:00,38000.0,38000.0,37850.0,37900.0,1340,0.0,0.0
2024-10-30 11:45:00+09:00,37850.0,38100.0,37850.0,37950.0,3281,0.0,0.0
2024-10-30 11:50:00+09:00,37950.0,37950.0,37850.0,37850.0,1189,0.0,0.0
2024-10-30 11:55:00+09:00,37850.0,37850.0,37650.0,37650.0,7091,0.0,0.0
2024-10-30 12:00:00+09:00,37600.0,37650.0,37200.0,37550.0,19992,0.0,0.0
2024-10-30 12:05:00+09:00,37500.0,37700.0,37450.0,37650.0,2593,0.0,0.0
2024-10-30 12:10:00+09:00,37700.0,37700.0,37600.0,37650.0,1669,0.0,0.0
2024-10-30 12:15:00+09:00,37650.0,37950.0,37600.0,37850.0,3503,0.0,0.0
2024-10-30 12:20:00+09:00,37900.0,37900.0,37750.0,37800.0,431,0.0,0.0
2024-10-30 12:25:00+09:00,37750.0,37800.0,37700.0,37700.0,477,0.0,0.0
2024-10-30 12:30:00+09:00,37700.0,37750.0,37500.0,37650.0,2555,0.0,0.0
2024-10-30 12:35:00+09:00,37650.0,37650.0,37550.0,37550.0,1670,0.0,0.0
2024-10-30 12:40:00+09:00,37550.0,37650.0,37500.0,37550.0,2107,0.0,0.0
2024-10-30 12:45:00+09:00,37600.0,37750.0,37500.0,37600.0,2301,0.0,0.0
2024-10-30 12:50:00+09:00,37600.0,37650.0,37550.0,37650.0,1228,0.0,0.0
2024-10-30 12:55:00+09:00,37600.0,37650.0,37550.0,37550.0,1663,0.0,0.0
2024-10-30 13:00:00+09:00,37550.0,37600.0,37350.0,37400.0,4751,0.0,0.0
2024-10-30 13:05:00+09:00,37400.0,37500.0,37350.0,37500.0,3637,0.0,0.0
2024-10-30 13:10:00+09:00,37450.0,37600.0,37350.0,37550.0,4115,0.0,0.0
2024-10-30 13:15:00+09:00,37550.0,37750.0,37500.0,37700.0,3791,0.0,0.0
2024-10-30 13:20:00+09:00,37700.0,37700.0,37350.0,37450.0,8326,0.0,0.0
2024-10-30 13:25:00+09:00,37450.0,37850.0,37450.0,37800.0,5293,0.0,0.0
2024-10-30 13:30:00+09:00,37800.0,38350.0,37750.0,38300.0,13975,0.0,0.0
2024-10-30 13:35:00+09:00,38350.0,38900.0,38300.0,38650.0,46792,0.0,0.0
2024-10-30 13:40:00+09:00,38700.0,38800.0,38550.0,38750.0,15696,0.0,0.0
2024-10-30 13:45:00+09:00,38800.0,38800.0,38350.0,38650.0,14284,0.0,0.0
2024-10-30 13:50:00+09:00,38600.0,38900.0,38500.0,38750.0,10781,0.0,0.0
2024-10-30 13:55:00+09:00,38850.0,38900.0,38450.0,38500.0,10983,0.0,0.0
2024-10-30 14:00:00+09:00,38450.0,38800.0,38450.0,38750.0,7848,0.0,0.0
2024-10-30 14:05:00+09:00,38700.0,39450.0,38700.0,39200.0,45570,0.0,0.0
2024-10-30 14:10:00+09:00,39200.0,39700.0,39000.0,39250.0,61286,0.0,0.0
2024-10-30 14:15:00+09:00,39250.0,39250.0,38700.0,38900.0,16423,0.0,0.0
2024-10-30 14:20:00+09:00,38900.0,39050.0,38500.0,38650.0,18979,0.0,0.0
2024-10-30 14:25:00+09:00,38650.0,38900.0,38450.0,38550.0,10909,0.0,0.0
2024-10-30 14:30:00+09:00,38550.0,38600.0,38250.0,38300.0,16719,0.0,0.0
2024-10-30 14:35:00+09:00,38350.0,38950.0,38300.0,38600.0,10853,0.0,0.0
2024-10-30 14:40:00+09:00,38600.0,38850.0,38550.0,38850.0,5743,0.0,0.0
2024-10-30 14:45:00+09:00,38800.0,38950.0,38800.0,38800.0,4923,0.0,0.0
2024-10-30 14:50:00+09:00,38650.0,38950.0,38600.0,38850.0,10966,0.0,0.0
2024-10-30 14:55:00+09:00,38850.0,39250.0,38850.0,39250.0,18278,0.0,0.0
2024-10-31 09:00:00+09:00,37700.0,39600.0,37550.0,39400.0,90491,0.0,0.0
2024-10-31 09:05:00+09:00,39600.0,41400.0,39400.0,41250.0,328602,0.0,0.0
2024-10-31 09:10:00+09:00,41250.0,41450.0,40000.0,40500.0,196912,0.0,0.0
2024-10-31 09:15:00+09:00,40450.0,42500.0,40200.0,42100.0,326440,0.0,0.0
2024-10-31 09:20:00+09:00,42150.0,42650.0,41500.0,41700.0,278248,0.0,0.0
2024-10-31 09:25:00+09:00,41800.0,42200.0,40800.0,41200.0,186326,0.0,0.0
2024-10-31 09:30:00+09:00,41200.0,42350.0,40650.0,42350.0,149972,0.0,0.0
2024-10-31 09:35:00+09:00,42350.0,43150.0,41900.0,42550.0,359293,0.0,0.0
2024-10-31 09:40:00+09:00,42550.0,44100.0,42200.0,43850.0,372674,0.0,0.0
2024-10-31 09:45:00+09:00,43800.0,45250.0,43800.0,45250.0,605517,0.0,0.0
2024-10-31 09:50:00+09:00,45200.0,45250.0,44200.0,44250.0,274719,0.0,0.0
2024-10-31 09:55:00+09:00,44250.0,44900.0,44200.0,44400.0,193428,0.0,0.0
2024-10-31 10:00:00+09:00,44350.0,45150.0,43800.0,43900.0,277476,0.0,0.0
2024-10-31 10:05:00+09:00,43900.0,44950.0,43850.0,44700.0,184438,0.0,0.0
2024-10-31 10:10:00+09:00,44700.0,45000.0,44350.0,44450.0,111238,0.0,0.0
2024-10-31 10:15:00+09:00,44450.0,45450.0,44100.0,45450.0,200151,0.0,0.0
2024-10-31 10:20:00+09:00,45400.0,45850.0,44950.0,45000.0,312175,0.0,0.0
2024-10-31 10:25:00+09:00,45000.0,45200.0,44350.0,44900.0,154341,0.0,0.0
2024-10-31 10:30:00+09:00,44900.0,44950.0,44400.0,44600.0,65217,0.0,0.0
2024-10-31 10:35:00+09:00,44600.0,44950.0,44250.0,44250.0,73624,0.0,0.0
2024-10-31 10:40:00+09:00,44250.0,44550.0,44200.0,44350.0,49806,0.0,0.0
2024-10-31 10:45:00+09:00,44350.0,44400.0,43850.0,44050.0,79628,0.0,0.0
2024-10-31 10:50:00+09:00,43950.0,44050.0,43400.0,43950.0,144749,0.0,0.0
2024-10-31 10:55:00+09:00,44000.0,44100.0,43650.0,43900.0,59448,0.0,0.0
2024-10-31 11:00:00+09:00,43950.0,44050.0,43650.0,43900.0,33110,0.0,0.0
2024-10-31 11:05:00+09:00,43850.0,44650.0,43700.0,44600.0,108660,0.0,0.0
2024-10-31 11:10:00+09:00,44550.0,44700.0,44200.0,44250.0,82384,0.0,0.0
2024-10-31 11:15:00+09:00,44300.0,44550.0,44050.0,44250.0,39185,0.0,0.0
2024-10-31 11:20:00+09:00,44300.0,44300.0,42750.0,43000.0,156586,0.0,0.0
2024-10-31 11:25:00+09:00,43000.0,43050.0,42650.0,42900.0,98070,0.0,0.0
2024-10-31 11:30:00+09:00,42850.0,43250.0,42750.0,43050.0,54133,0.0,0.0
2024-10-31 11:35:00+09:00,43050.0,43400.0,43050.0,43300.0,39007,0.0,0.0
2024-10-31 11:40:00+09:00,43350.0,43600.0,43200.0,43300.0,46904,0.0,0.0
2024-10-31 11:45:00+09:00,43350.0,43750.0,43200.0,43700.0,31405,0.0,0.0
2024-10-31 11:50:00+09:00,43650.0,44200.0,43450.0,44050.0,93655,0.0,0.0
2024-10-31 11:55:00+09:00,43950.0,44200.0,43800.0,44050.0,48150,0.0,0.0
2024-10-31 12:00:00+09:00,44050.0,44200.0,43750.0,43750.0,32192,0.0,0.0
2024-10-31 12:05:00+09:00,43750.0,43900.0,43350.0,43400.0,39026,0.0,0.0
2024-10-31 12:10:00+09:00,43450.0,43950.0,43400.0,43700.0,22733,0.0,0.0
2024-10-31 12:15:00+09:00,43800.0,43800.0,43300.0,43350.0,22407,0.0,0.0
2024-10-31 12:20:00+09:00,43350.0,43600.0,43050.0,43300.0,33959,0.0,0.0
2024-10-31 12:25:00+09:00,43300.0,43450.0,43250.0,43450.0,12098,0.0,0.0
2024-10-31 12:30:00+09:00,43450.0,43450.0,43050.0,43200.0,18803,0.0,0.0
2024-10-31 12:35:00+09:00,43200.0,43350.0,43050.0,43150.0,12685,0.0,0.0
2024-10-31 12:40:00+09:00,43200.0,43400.0,43150.0,43350.0,10304,0.0,0.0
2024-10-31 12:45:00+09:00,43350.0,44500.0,43350.0,44350.0,143998,0.0,0.0
2024-10-31 12:50:00+09:00,44400.0,44400.0,44000.0,44150.0,65091,0.0,0.0
2024-10-31 12:55:00+09:00,44150.0,44700.0,44000.0,44000.0,148209,0.0,0.0
2024-10-31 13:00:00+09:00,44100.0,44750.0,44050.0,44750.0,74622,0.0,0.0
2024-10-31 13:05:00+09:00,44750.0,44750.0,44350.0,44650.0,60730,0.0,0.0
2024-10-31 13:10:00+09:00,44700.0,44700.0,44100.0,44350.0,55342,0.0,0.0
2024-10-31 13:15:00+09:00,44300.0,45250.0,44300.0,45200.0,165102,0.0,0.0
2024-10-31 13:20:00+09:00,45200.0,45700.0,44950.0,45150.0,240473,0.0,0.0
2024-10-31 13:25:00+09:00,45150.0,46000.0,45000.0,45750.0,222566,0.0,0.0
2024-10-31 13:30:00+09:00,45750.0,46150.0,45600.0,45800.0,183609,0.0,0.0
2024-10-31 13:35:00+09:00,45800.0,45950.0,45050.0,45200.0,167491,0.0,0.0
2024-10-31 13:40:00+09:00,45200.0,45200.0,44450.0,44550.0,153545,0.0,0.0
2024-10-31 13:45:00+09:00,44550.0,44900.0,44500.0,44700.0,54386,0.0,0.0
2024-10-31 13:50:00+09:00,44700.0,44750.0,44150.0,44550.0,71472,0.0,0.0
2024-10-31 13:55:00+09:00,44600.0,44600.0,44300.0,44450.0,28188,0.0,0.0
2024-10-31 14:00:00+09:00,44400.0,44750.0,38700.0,38700.0,18952,0.0,0.0
2024-10-31 14:05:00+09:00,43800.0,44000.0,43700.0,44000.0,115595,0.0,0.0
2024-10-31 14:10:00+09:00,44000.0,44200.0,43800.0,43850.0,45297,0.0,0.0
2024-10-31 14:15:00+09:00,43850.0,43850.0,43200.0,43500.0,104576,0.0,0.0
2024-10-31 14:20:00+09:00,43550.0,43850.0,43450.0,43750.0,30805,0.0,0.0
2024-10-31 14:25:00+09:00,43700.0,43850.0,43400.0,43650.0,33887,0.0,0.0
2024-10-31 14:30:00+09:00,43600.0,43850.0,43050.0,43200.0,48912,0.0,0.0
2024-10-31 14:35:00+09:00,43200.0,43450.0,43100.0,43250.0,28033,0.0,0.0
2024-10-31 14:40:00+09:00,43250.0,43400.0,43050.0,43250.0,28081,0.0,0.0
2024-10-31 14:45:00+09:00,43300.0,43300.0,42850.0,43100.0,50999,0.0,0.0
2024-10-31 14:50:00+09:00,43100.0,43400.0,42850.0,43200.0,38761,0.0,0.0
2024-10-31 14:55:00+09:00,43200.0,43200.0,43100.0,43100.0,19430,0.0,0.0
2024-11-01 09:00:00+09:00,40400.0,40700.0,40200.0,40450.0,81355,0.0,0.0
2024-11-01 09:05:00+09:00,40850.0,41500.0,40650.0,41350.0,89647,0.0,0.0
2024-11-01 09:10:00+09:00,41350.0,41450.0,40900.0,40950.0,45069,0.0,0.0
2024-11-01 09:15:00+09:00,40950.0,40950.0,40350.0,40550.0,31410,0.0,0.0
2024-11-01 09:20:00+09:00,40500.0,40950.0,40450.0,40600.0,19325,0.0,0.0
2024-11-01 09:25:00+09:00,40600.0,41750.0,40600.0,41700.0,63434,0.0,0.0
2024-11-01 09:30:00+09:00,41700.0,41750.0,40750.0,40800.0,38489,0.0,0.0
2024-11-01 09:35:00+09:00,40900.0,41050.0,40650.0,40650.0,11953,0.0,0.0
2024-11-01 09:40:00+09:00,40650.0,40900.0,40500.0,40700.0,14505,0.0,0.0
2024-11-01 09:45:00+09:00,40700.0,41150.0,40550.0,41050.0,10792,0.0,0.0
2024-11-01 09:50:00+09:00,41050.0,41150.0,40550.0,40550.0,9012,0.0,0.0
2024-11-01 09:55:00+09:00,40550.0,40600.0,40300.0,40600.0,22275,0.0,0.0
2024-11-01 10:00:00+09:00,40600.0,40650.0,40400.0,40400.0,8630,0.0,0.0
2024-11-01 10:05:00+09:00,40400.0,40500.0,40250.0,40450.0,14173,0.0,0.0
2024-11-01 10:10:00+09:00,40450.0,40450.0,40000.0,40250.0,24393,0.0,0.0
2024-11-01 10:15:00+09:00,40250.0,40250.0,40000.0,40200.0,9615,0.0,0.0
2024-11-01 10:20:00+09:00,40250.0,40850.0,40100.0,40700.0,23545,0.0,0.0
2024-11-01 10:25:00+09:00,40700.0,40950.0,40550.0,40850.0,7252,0.0,0.0
2024-11-01 10:30:00+09:00,40850.0,41000.0,40450.0,40450.0,7886,0.0,0.0
2024-11-01 10:35:00+09:00,40500.0,40550.0,40100.0,40150.0,12017,0.0,0.0
2024-11-01 10:40:00+09:00,40150.0,40350.0,40100.0,40300.0,13295,0.0,0.0
2024-11-01 10:45:00+09:00,40300.0,40300.0,40000.0,40250.0,14578,0.0,0.0
2024-11-01 10:50:00+09:00,40250.0,40250.0,40000.0,40050.0,7307,0.0,0.0
2024-11-01 10:55:00+09:00,40000.0,40050.0,39700.0,39700.0,20090,0.0,0.0
2024-11-01 11:00:00+09:00,39700.0,39950.0,39600.0,39800.0,15979,0.0,0.0
2024-11-01 11:05:00+09:00,39800.0,39850.0,39650.0,39650.0,8685,0.0,0.0
2024-11-01 11:10:00+09:00,39650.0,39700.0,39550.0,39600.0,9700,0.0,0.0
2024-11-01 11:15:00+09:00,39600.0,39800.0,39550.0,39700.0,5953,0.0,0.0
2024-11-01 11:20:00+09:00,39700.0,39900.0,39700.0,39850.0,3616,0.0,0.0
2024-11-01 11:25:00+09:00,39850.0,39900.0,39750.0,39850.0,3394,0.0,0.0
2024-11-01 11:30:00+09:00,39850.0,40300.0,39800.0,40050.0,6172,0.0,0.0
2024-11-01 11:35:00+09:00,40100.0,40100.0,39850.0,40000.0,4825,0.0,0.0
2024-11-01 11:40:00+09:00,40000.0,40400.0,39950.0,40350.0,7528,0.0,0.0
2024-11-01 11:45:00+09:00,40350.0,40450.0,40150.0,40200.0,7762,0.0,0.0
2024-11-01 11:50:00+09:00,40200.0,40250.0,40050.0,40050.0,2898,0.0,0.0
2024-11-01 11:55:00+09:00,40050.0,40350.0,40000.0,40250.0,5677,0.0,0.0
2024-11-01 12:00:00+09:00,40250.0,40350.0,40200.0,40250.0,2342,0.0,0.0
2024-11-01 12:05:00+09:00,40250.0,40300.0,40200.0,40250.0,2444,0.0,0.0
2024-11-01 12:10:00+09:00,40250.0,40450.0,40250.0,40400.0,5458,0.0,0.0
2024-11-01 12:15:00+09:00,40400.0,40400.0,40250.0,40300.0,2480,0.0,0.0
2024-11-01 12:20:00+09:00,40300.0,40400.0,40250.0,40350.0,2304,0.0,0.0
2024-11-01 12:25:00+09:00,40350.0,40400.0,40250.0,40300.0,1776,0.0,0.0
2024-11-01 12:30:00+09:00,40250.0,40350.0,40200.0,40350.0,4344,0.0,0.0
2024-11-01 12:35:00+09:00,40350.0,40550.0,40250.0,40500.0,7785,0.0,0.0
2024-11-01 12:40:00+09:00,40450.0,40500.0,40350.0,40400.0,3510,0.0,0.0
2024-11-01 12:45:00+09:00,40350.0,40600.0,40350.0,40600.0,4527,0.0,0.0
2024-11-01 12:50:00+09:00,40600.0,40600.0,40500.0,40550.0,2966,0.0,0.0
2024-11-01 12:55:00+09:00,40600.0,40600.0,40500.0,40500.0,2797,0.0,0.0
2024-11-01 13:00:00+09:00,40500.0,40550.0,40250.0,40350.0,4423,0.0,0.0
2024-11-01 13:05:00+09:00,40350.0,40600.0,40350.0,40550.0,3272,0.0,0.0
2024-11-01 13:10:00+09:00,40550.0,40600.0,40300.0,40350.0,3433,0.0,0.0
2024-11-01 13:15:00+09:00,40350.0,40450.0,40200.0,40250.0,3624,0.0,0.0
2024-11-01 13:20:00+09:00,40250.0,40250.0,40000.0,40050.0,6085,0.0,0.0
2024-11-01 13:25:00+09:00,40050.0,40250.0,40000.0,40100.0,4132,0.0,0.0
2024-11-01 13:30:00+09:00,40150.0,40200.0,40100.0,40100.0,2231,0.0,0.0
2024-11-01 13:35:00+09:00,40100.0,40150.0,40000.0,40100.0,5067,0.0,0.0
2024-11-01 13:40:00+09:00,40150.0,40150.0,40000.0,40000.0,4014,0.0,0.0
2024-11-01 13:45:00+09:00,40000.0,40150.0,39900.0,40100.0,10257,0.0,0.0
2024-11-01 13:50:00+09:00,40150.0,40200.0,40000.0,40150.0,3093,0.0,0.0
2024-11-01 13:55:00+09:00,40150.0,40200.0,40100.0,40150.0,1515,0.0,0.0
2024-11-01 14:00:00+09:00,40100.0,40100.0,40000.0,40000.0,4240,0.0,0.0
2024-11-01 14:05:00+09:00,40050.0,40050.0,39950.0,39950.0,3508,0.0,0.0
2024-11-01 14:10:00+09:00,39950.0,40200.0,39850.0,39950.0,9446,0.0,0.0
2024-11-01 14:15:00+09:00,39900.0,40200.0,39850.0,40050.0,5050,0.0,0.0
2024-11-01 14:20:00+09:00,40050.0,40500.0,39700.0,39750.0,24437,0.0,0.0
2024-11-01 14:25:00+09:00,39700.0,40150.0,39650.0,39800.0,10714,0.0,0.0
2024-11-01 14:30:00+09:00,39800.0,39900.0,39750.0,39800.0,4052,0.0,0.0
2024-11-01 14:35:00+09:00,39800.0,39950.0,39700.0,39700.0,6158,0.0,0.0
2024-11-01 14:40:00+09:00,39650.0,39800.0,39650.0,39750.0,5848,0.0,0.0
2024-11-01 14:45:00+09:00,39750.0,39800.0,39250.0,39350.0,29838,0.0,0.0
2024-11-01 14:50:00+09:00,39400.0,39650.0,39250.0,39400.0,9807,0.0,0.0
2024-11-01 14:55:00+09:00,39400.0,39450.0,39250.0,39250.0,11124,0.0,0.0
2024-11-04 09:00:00+09:00,42000.0,42250.0,41350.0,41750.0,0,0.0,0.0
2024-11-04 09:05:00+09:00,41700.0,41750.0,40600.0,40700.0,69520,0.0,0.0
2024-11-04 09:10:00+09:00,40700.0,41550.0,40700.0,41400.0,33796,0.0,0.0
2024-11-04 09:15:00+09:00,41300.0,41400.0,40950.0,41400.0,14280,0.0,0.0
2024-11-04 09:20:00+09:00,41350.0,44050.0,41250.0,43300.0,369594,0.0,0.0
2024-11-04 09:25:00+09:00,43300.0,43600.0,42450.0,42950.0,165652,0.0,0.0
2024-11-04 09:30:00+09:00,43000.0,44650.0,42950.0,43850.0,433031,0.0,0.0
2024-11-04 09:35:00+09:00,43850.0,44450.0,43100.0,43350.0,227540,0.0,0.0
2024-11-04 09:40:00+09:00,43350.0,43950.0,43100.0,43650.0,98754,0.0,0.0
2024-11-04 09:45:00+09:00,43650.0,44300.0,43400.0,43550.0,104671,0.0,0.0
2024-11-04 09:50:00+09:00,43550.0,44000.0,43000.0,43050.0,74051,0.0,0.0
2024-11-04 09:55:00+09:00,43150.0,43350.0,42700.0,43150.0,68030,0.0,0.0
2024-11-04 10:00:00+09:00,43200.0,43500.0,43000.0,43150.0,28226,0.0,0.0
2024-11-04 10:05:00+09:00,43150.0,43350.0,42950.0,43100.0,20428,0.0,0.0
2024-11-04 10:10:00+09:00,43100.0,43150.0,42550.0,42550.0,41205,0.0,0.0
2024-11-04 10:15:00+09:00,42550.0,43050.0,42550.0,42850.0,20176,0.0,0.0
2024-11-04 10:20:00+09:00,42850.0,42900.0,42100.0,42150.0,38750,0.0,0.0
2024-11-04 10:25:00+09:00,42100.0,42450.0,42100.0,42250.0,27137,0.0,0.0
2024-11-04 10:30:00+09:00,42250.0,42800.0,42150.0,42750.0,22901,0.0,0.0
2024-11-04 10:35:00+09:00,42700.0,43300.0,42700.0,43150.0,51619,0.0,0.0
2024-11-04 10:40:00+09:00,43150.0,43150.0,42400.0,42750.0,25118,0.0,0.0
2024-11-04 10:45:00+09:00,42800.0,43050.0,42600.0,42800.0,14741,0.0,0.0
2024-11-04 10:50:00+09:00,42800.0,43000.0,42650.0,42650.0,9136,0.0,0.0
2024-11-04 10:55:00+09:00,42650.0,42800.0,42500.0,42600.0,11062,0.0,0.0
2024-11-04 11:00:00+09:00,42600.0,42650.0,42450.0,42550.0,6678,0.0,0.0
2024-11-04 11:05:00+09:00,42500.0,42800.0,42450.0,42650.0,7661,0.0,0.0
2024-11-04 11:10:00+09:00,42650.0,42700.0,42450.0,42500.0,9433,0.0,0.0
2024-11-04 11:15:00+09:00,42450.0,42550.0,42350.0,42500.0,9014,0.0,0.0
2024-11-04 11:20:00+09:00,42500.0,42850.0,42400.0,42700.0,7421,0.0,0.0
2024-11-04 11:25:00+09:00,42700.0,42850.0,42650.0,42850.0,11071,0.0,0.0
2024-11-04 11:30:00+09:00,42850.0,43050.0,42650.0,42650.0,14133,0.0,0.0
2024-11-04 11:35:00+09:00,42700.0,43000.0,42550.0,42850.0,7140,0.0,0.0
2024-11-04 11:40:00+09:00,42850.0,42950.0,42750.0,42850.0,7257,0.0,0.0
2024-11-04 11:45:00+09:00,42850.0,42900.0,42600.0,42650.0,6425,0.0,0.0
2024-11-04 11:50:00+09:00,42650.0,42800.0,42550.0,42650.0,5513,0.0,0.0
2024-11-04 11:55:00+09:00,42650.0,42750.0,42600.0,42700.0,2305,0.0,0.0
2024-11-04 12:00:00+09:00,42700.0,42900.0,42700.0,42900.0,5674,0.0,0.0
2024-11-04 12:05:00+09:00,42900.0,42900.0,42700.0,42800.0,7186,0.0,0.0
2024-11-04 12:10:00+09:00,42800.0,42950.0,42800.0,42850.0,7352,0.0,0.0
2024-11-04 12:15:00+09:00,42850.0,43000.0,42850.0,42900.0,10125,0.0,0.0
2024-11-04 12:20:00+09:00,42900.0,42900.0,42600.0,42650.0,9111,0.0,0.0
2024-11-04 12:25:00+09:00,42600.0,42650.0,42350.0,42500.0,16553,0.0,0.0
2024-11-04 12:30:00+09:00,42500.0,42500.0,42350.0,42350.0,7475,0.0,0.0
2024-11-04 12:35:00+09:00,42350.0,42500.0,42250.0,42300.0,8219,0.0,0.0
2024-11-04 12:40:00+09:00,42300.0,42500.0,42250.0,42450.0,7406,0.0,0.0
2024-11-04 12:45:00+09:00,42450.0,42500.0,42250.0,42250.0,5263,0.0,0.0
2024-11-04 12:50:00+09:00,42250.0,42400.0,42050.0,42100.0,18362,0.0,0.0
2024-11-04 12:55:00+09:00,42050.0,42300.0,42050.0,42100.0,7803,0.0,0.0
2024-11-04 13:00:00+09:00,42100.0,42350.0,42100.0,42250.0,6490,0.0,0.0
2024-11-04 13:05:00+09:00,42300.0,42600.0,42250.0,42450.0,10006,0.0,0.0
2024-11-04 13:10:00+09:00,42450.0,42700.0,42450.0,42500.0,7237,0.0,0.0
2024-11-04 13:15:00+09:00,42500.0,42500.0,42300.0,42300.0,5996,0.0,0.0
2024-11-04 13:20:00+09:00,42300.0,42350.0,41200.0,41450.0,57060,0.0,0.0
2024-11-04 13:25:00+09:00,41500.0,41800.0,41450.0,41800.0,21867,0.0,0.0
2024-11-04 13:30:00+09:00,41750.0,42050.0,41650.0,41700.0,17590,0.0,0.0
2024-11-04 13:35:00+09:00,41700.0,42000.0,41600.0,42000.0,11124,0.0,0.0
2024-11-04 13:40:00+09:00,41950.0,42000.0,41750.0,41800.0,3954,0.0,0.0
2024-11-04 13:45:00+09:00,41800.0,42100.0,41700.0,41750.0,9359,0.0,0.0
2024-11-04 13:50:00+09:00,41750.0,41750.0,41550.0,41650.0,9421,0.0,0.0
2024-11-04 13:55:00+09:00,41650.0,41850.0,41600.0,41650.0,6233,0.0,0.0
2024-11-04 14:00:00+09:00,41700.0,41750.0,41600.0,41600.0,2793,0.0,0.0
2024-11-04 14:05:00+09:00,41600.0,41700.0,41450.0,41700.0,13700,0.0,0.0
2024-11-04 14:10:00+09:00,41700.0,41900.0,41650.0,41750.0,6957,0.0,0.0
2024-11-04 14:15:00+09:00,41750.0,41750.0,41550.0,41550.0,2933,0.0,0.0
2024-11-04 14:20:00+09:00,41600.0,41700.0,41550.0,41650.0,2952,0.0,0.0
2024-11-04 14:25:00+09:00,41650.0,41750.0,41600.0,41750.0,4690,0.0,0.0
2024-11-04 14:30:00+09:00,41750.0,41900.0,41700.0,41900.0,5325,0.0,0.0
2024-11-04 14:35:00+09:00,41950.0,42050.0,41800.0,41900.0,9547,0.0,0.0
2024-11-04 14:40:00+09:00,41900.0,41900.0,41650.0,41650.0,6818,0.0,0.0
2024-11-04 14:45:00+09:00,41650.0,41700.0,41550.0,41600.0,6509,0.0,0.0
2024-11-04 14:50:00+09:00,41650.0,41750.0,41500.0,41500.0,14194,0.0,0.0
2024-11-04 14:55:00+09:00,41550.0,41650.0,41450.0,41550.0,8915,0.0,0.0
2024-11-05 09:00:00+09:00,40850.0,41350.0,40350.0,41350.0,53262,0.0,0.0
2024-11-05 09:05:00+09:00,41300.0,41600.0,40950.0,41450.0,32416,0.0,0.0
2024-11-05 09:10:00+09:00,41450.0,41500.0,40650.0,40650.0,28797,0.0,0.0
2024-11-05 09:15:00+09:00,40650.0,40700.0,40400.0,40500.0,24207,0.0,0.0
2024-11-05 09:20:00+09:00,40500.0,41000.0,40450.0,40750.0,11380,0.0,0.0
2024-11-05 09:25:00+09:00,40750.0,40800.0,40400.0,40450.0,9828,0.0,0.0
2024-11-05 09:30:00+09:00,40500.0,40950.0,40450.0,40900.0,9812,0.0,0.0
2024-11-05 09:35:00+09:00,40950.0,41100.0,40800.0,40850.0,9529,0.0,0.0
2024-11-05 09:40:00+09:00,40850.0,41150.0,40400.0,40950.0,18130,0.0,0.0
2024-11-05 09:45:00+09:00,40950.0,41100.0,40600.0,40600.0,5778,0.0,0.0
2024-11-05 09:50:00+09:00,40650.0,40700.0,40500.0,40600.0,10052,0.0,0.0
2024-11-05 09:55:00+09:00,40600.0,40600.0,40150.0,40250.0,22968,0.0,0.0
2024-11-05 10:00:00+09:00,40200.0,40250.0,40050.0,40250.0,21141,0.0,0.0
2024-11-05 10:05:00+09:00,40250.0,40500.0,40200.0,40350.0,5486,0.0,0.0
2024-11-05 10:10:00+09:00,40400.0,40650.0,40300.0,40400.0,6848,0.0,0.0
2024-11-05 10:15:00+09:00,40300.0,40500.0,40300.0,40400.0,2033,0.0,0.0
2024-11-05 10:20:00+09:00,40450.0,40650.0,40400.0,40450.0,3858,0.0,0.0
2024-11-05 10:25:00+09:00,40450.0,40500.0,40350.0,40400.0,2853,0.0,0.0
2024-11-05 10:30:00+09:00,40450.0,40600.0,40450.0,40550.0,2502,0.0,0.0
2024-11-05 10:35:00+09:00,40600.0,40750.0,40500.0,40750.0,3489,0.0,0.0
2024-11-05 10:40:00+09:00,40750.0,41050.0,40650.0,41050.0,8915,0.0,0.0
2024-11-05 10:45:00+09:00,41000.0,41000.0,40650.0,40700.0,4926,0.0,0.0
2024-11-05 10:50:00+09:00,40750.0,40750.0,40550.0,40650.0,2459,0.0,0.0
2024-11-05 10:55:00+09:00,40700.0,40700.0,40550.0,40600.0,3081,0.0,0.0
2024-11-05 11:00:00+09:00,40600.0,40650.0,40550.0,40550.0,3747,0.0,0.0
2024-11-05 11:05:00+09:00,40550.0,40800.0,40550.0,40650.0,2597,0.0,0.0
2024-11-05 11:10:00+09:00,40650.0,40650.0,40550.0,40600.0,1790,0.0,0.0
2024-11-05 11:15:00+09:00,40550.0,40750.0,40550.0,40750.0,976,0.0,0.0
2024-11-05 11:20:00+09:00,40700.0,40850.0,40650.0,40800.0,2568,0.0,0.0
2024-11-05 11:25:00+09:00,40800.0,41100.0,40800.0,40950.0,10877,0.0,0.0
2024-11-05 11:30:00+09:00,40950.0,40950.0,40800.0,40800.0,2680,0.0,0.0
2024-11-05 11:35:00+09:00,40850.0,40850.0,40700.0,40800.0,2040,0.0,0.0
2024-11-05 11:40:00+09:00,40850.0,40900.0,40800.0,40900.0,1075,0.0,0.0
2024-11-05 11:45:00+09:00,40900.0,41000.0,40800.0,40800.0,4052,0.0,0.0
2024-11-05 11:50:00+09:00,40850.0,40950.0,40850.0,40950.0,1300,0.0,0.0
2024-11-05 11:55:00+09:00,40950.0,40950.0,40850.0,40900.0,2319,0.0,0.0
2024-11-05 12:00:00+09:00,40900.0,40900.0,40850.0,40850.0,1455,0.0,0.0
2024-11-05 12:05:00+09:00,40850.0,40850.0,40650.0,40700.0,4788,0.0,0.0
2024-11-05 12:10:00+09:00,40700.0,40750.0,40650.0,40700.0,2493,0.0,0.0
2024-11-05 12:15:00+09:00,40750.0,40850.0,40700.0,40800.0,1574,0.0,0.0
2024-11-05 12:20:00+09:00,40850.0,40950.0,40800.0,40900.0,3329,0.0,0.0
2024-11-05 12:25:00+09:00,40900.0,41000.0,40850.0,40950.0,2018,0.0,0.0
2024-11-05 12:30:00+09:00,40950.0,41350.0,40850.0,41350.0,12026,0.0,0.0
2024-11-05 12:35:00+09:00,41350.0,41550.0,41100.0,41350.0,22675,0.0,0.0
2024-11-05 12:40:00+09:00,41350.0,41500.0,41300.0,41400.0,16934,0.0,0.0
2024-11-05 12:45:00+09:00,41400.0,41400.0,41100.0,41150.0,8883,0.0,0.0
2024-11-05 12:50:00+09:00,41150.0,41350.0,41100.0,41100.0,5126,0.0,0.0
2024-11-05 12:55:00+09:00,41100.0,41250.0,41050.0,41250.0,2430,0.0,0.0
2024-11-05 13:00:00+09:00,41250.0,41350.0,41150.0,41350.0,1850,0.0,0.0
2024-11-05 13:05:00+09:00,41350.0,41400.0,41250.0,41350.0,7120,0.0,0.0
2024-11-05 13:10:00+09:00,41350.0,41450.0,41250.0,41250.0,7116,0.0,0.0
2024-11-05 13:15:00+09:00,41250.0,41300.0,41200.0,41250.0,1258,0.0,0.0
2024-11-05 13:20:00+09:00,41250.0,41250.0,41100.0,41100.0,2011,0.0,0.0
2024-11-05 13:25:00+09:00,41100.0,41150.0,41050.0,41100.0,1901,0.0,0.0
2024-11-05 13:30:00+09:00,41050.0,41050.0,40850.0,40850.0,5267,0.0,0.0
2024-11-05 13:35:00+09:00,40850.0,40950.0,40800.0,40850.0,3451,0.0,0.0
2024-11-05 13:40:00+09:00,40850.0,41000.0,40750.0,40900.0,6127,0.0,0.0
2024-11-05 13:45:00+09:00,40900.0,41050.0,40900.0,40950.0,1263,0.0,0.0
2024-11-05 13:50:00+09:00,40950.0,41100.0,40900.0,41000.0,903,0.0,0.0
2024-11-05 13:55:00+09:00,41000.0,41000.0,40800.0,40900.0,4083,0.0,0.0
2024-11-05 14:00:00+09:00,40900.0,41050.0,40900.0,41000.0,1643,0.0,0.0
2024-11-05 14:05:00+09:00,41000.0,41400.0,40950.0,41350.0,10114,0.0,0.0
2024-11-05 14:10:00+09:00,41300.0,41600.0,41300.0,41400.0,16326,0.0,0.0
2024-11-05 14:15:00+09:00,41450.0,41550.0,41250.0,41250.0,7735,0.0,0.0
2024-11-05 14:20:00+09:00,41300.0,41500.0,41250.0,41450.0,3553,0.0,0.0
2024-11-05 14:25:00+09:00,41450.0,41450.0,41350.0,41400.0,3317,0.0,0.0
2024-11-05 14:30:00+09:00,41350.0,41400.0,41100.0,41100.0,5555,0.0,0.0
2024-11-05 14:35:00+09:00,41100.0,41250.0,41100.0,41100.0,4240,0.0,0.0
2024-11-05 14:40:00+09:00,41100.0,41250.0,41100.0,41250.0,2518,0.0,0.0
2024-11-05 14:45:00+09:00,41250.0,41250.0,41000.0,41000.0,4697,0.0,0.0
2024-11-05 14:50:00+09:00,41050.0,41200.0,40950.0,41100.0,1680,0.0,0.0
2024-11-05 14:55:00+09:00,41150.0,41200.0,41050.0,41150.0,2218,0.0,0.0
2024-11-06 09:00:00+09:00,42000.0,43450.0,41650.0,43050.0,186193,0.0,0.0
2024-11-06 09:05:00+09:00,43050.0,43950.0,43000.0,43500.0,209410,0.0,0.0
2024-11-06 09:10:00+09:00,43500.0,43700.0,43100.0,43200.0,80844,0.0,0.0
2024-11-06 09:15:00+09:00,43250.0,43550.0,42950.0,42950.0,59751,0.0,0.0
2024-11-06 09:20:00+09:00,42950.0,43900.0,42800.0,43300.0,148331,0.0,0.0
2024-11-06 09:25:00+09:00,43300.0,43350.0,42300.0,42500.0,92349,0.0,0.0
2024-11-06 09:30:00+09:00,42550.0,42850.0,42350.0,42750.0,26301,0.0,0.0
2024-11-06 09:35:00+09:00,42700.0,42900.0,42300.0,42300.0,26182,0.0,0.0
2024-11-06 09:40:00+09:00,42300.0,42600.0,42250.0,42550.0,17060,0.0,0.0
2024-11-06 09:45:00+09:00,42500.0,42500.0,41700.0,41800.0,60804,0.0,0.0
2024-11-06 09:50:00+09:00,41800.0,42150.0,41800.0,41900.0,17339,0.0,0.0
2024-11-06 09:55:00+09:00,41900.0,42050.0,41800.0,41850.0,13409,0.0,0.0
2024-11-06 10:00:00+09:00,41800.0,42000.0,41800.0,41850.0,6566,0.0,0.0
2024-11-06 10:05:00+09:00,41850.0,41950.0,41750.0,41850.0,7767,0.0,0.0
2024-11-06 10:10:00+09:00,41850.0,42100.0,41850.0,42050.0,9518,0.0,0.0
2024-11-06 10:15:00+09:00,42050.0,42150.0,42000.0,42000.0,8390,0.0,0.0
2024-11-06 10:20:00+09:00,42050.0,42250.0,42000.0,42250.0,8286,0.0,0.0
2024-11-06 10:25:00+09:00,42200.0,42250.0,42050.0,42150.0,5838,0.0,0.0
2024-11-06 10:30:00+09:00,42100.0,42150.0,41650.0,41700.0,15715,0.0,0.0
2024-11-06 10:35:00+09:00,41700.0,42000.0,41650.0,42000.0,4919,0.0,0.0
2024-11-06 10:40:00+09:00,41950.0,42000.0,41850.0,41850.0,1428,0.0,0.0
2024-11-06 10:45:00+09:00,41850.0,41900.0,41750.0,41850.0,3498,0.0,0.0
2024-11-06 10:50:00+09:00,41850.0,41850.0,41750.0,41750.0,3689,0.0,0.0
2024-11-06 10:55:00+09:00,41700.0,41750.0,41650.0,41700.0,7417,0.0,0.0
2024-11-06 11:00:00+09:00,41700.0,41750.0,41650.0,41700.0,3379,0.0,0.0
2024-11-06 11:05:00+09:00,41700.0,41800.0,41700.0,41750.0,2263,0.0,0.0
2024-11-06 11:10:00+09:00,41800.0,42000.0,41750.0,42000.0,8135,0.0,0.0
2024-11-06 11:15:00+09:00,42000.0,42100.0,41950.0,41950.0,4739,0.0,0.0
2024-11-06 11:20:00+09:00,41950.0,42100.0,41750.0,41750.0,5802,0.0,0.0
2024-11-06 11:25:00+09:00,41750.0,41800.0,41750.0,41750.0,1678,0.0,0.0
2024-11-06 11:30:00+09:00,41750.0,41750.0,41550.0,41550.0,9257,0.0,0.0
2024-11-06 11:35:00+09:00,41550.0,41600.0,41500.0,41550.0,6914,0.0,0.0
2024-11-06 11:40:00+09:00,41550.0,41600.0,41150.0,41400.0,19666,0.0,0.0
2024-11-06 11:45:00+09:00,41400.0,41450.0,41100.0,41150.0,7181,0.0,0.0
2024-11-06 11:50:00+09:00,41100.0,41400.0,41050.0,41400.0,7723,0.0,0.0
2024-11-06 11:55:00+09:00,41400.0,41400.0,41100.0,41100.0,3222,0.0,0.0
2024-11-06 12:00:00+09:00,41100.0,41100.0,40600.0,40600.0,18918,0.0,0.0
2024-11-06 12:05:00+09:00,40600.0,40700.0,40450.0,40550.0,14202,0.0,0.0
2024-11-06 12:10:00+09:00,40550.0,40550.0,40350.0,40550.0,9858,0.0,0.0
2024-11-06 12:15:00+09:00,40500.0,40550.0,40350.0,40350.0,6417,0.0,0.0
2024-11-06 12:20:00+09:00,40350.0,40400.0,39800.0,40150.0,32609,0.0,0.0
2024-11-06 12:25:00+09:00,40100.0,40250.0,39950.0,39950.0,9510,0.0,0.0
2024-11-06 12:30:00+09:00,39900.0,39950.0,39450.0,39550.0,28190,0.0,0.0
2024-11-06 12:35:00+09:00,39600.0,39900.0,39350.0,39900.0,12488,0.0,0.0
2024-11-06 12:40:00+09:00,39900.0,40300.0,39850.0,40150.0,10334,0.0,0.0
2024-11-06 12:45:00+09:00,40150.0,40150.0,39700.0,39750.0,7057,0.0,0.0
2024-11-06 12:50:00+09:00,39800.0,40000.0,39750.0,39800.0,3630,0.0,0.0
2024-11-06 12:55:00+09:00,39800.0,40100.0,39800.0,39900.0,3408,0.0,0.0
2024-11-06 13:00:00+09:00,39900.0,40200.0,39850.0,40150.0,4908,0.0,0.0
2024-11-06 13:05:00+09:00,40000.0,40350.0,39850.0,39850.0,5697,0.0,0.0
2024-11-06 13:10:00+09:00,39850.0,40000.0,39650.0,39950.0,7205,0.0,0.0
2024-11-06 13:15:00+09:00,39950.0,39950.0,39650.0,39650.0,4525,0.0,0.0
2024-11-06 13:20:00+09:00,39650.0,39700.0,39500.0,39550.0,6139,0.0,0.0
2024-11-06 13:25:00+09:00,39500.0,39650.0,39500.0,39550.0,4047,0.0,0.0
2024-11-06 13:30:00+09:00,39600.0,40050.0,39450.0,39850.0,10488,0.0,0.0
2024-11-06 13:35:00+09:00,39850.0,40300.0,39850.0,40050.0,9198,0.0,0.0
2024-11-06 13:40:00+09:00,40050.0,40400.0,39900.0,40350.0,8346,0.0,0.0
2024-11-06 13:45:00+09:00,40350.0,40400.0,40050.0,40250.0,4715,0.0,0.0
2024-11-06 13:50:00+09:00,40250.0,40550.0,40250.0,40250.0,11804,0.0,0.0
2024-11-06 13:55:00+09:00,40250.0,40500.0,40200.0,40200.0,5542,0.0,0.0
2024-11-06 14:00:00+09:00,40200.0,40200.0,39900.0,39900.0,7218,0.0,0.0
2024-11-06 14:05:00+09:00,39900.0,40250.0,39850.0,40200.0,3663,0.0,0.0
2024-11-06 14:10:00+09:00,40100.0,40100.0,39850.0,39950.0,3420,0.0,0.0
2024-11-06 14:15:00+09:00,39950.0,40050.0,39900.0,40050.0,2228,0.0,0.0
2024-11-06 14:20:00+09:00,40050.0,40050.0,39950.0,39950.0,2413,0.0,0.0
2024-11-06 14:25:00+09:00,40000.0,40000.0,39650.0,39700.0,6214,0.0,0.0
2024-11-06 14:30:00+09:00,39700.0,39700.0,39550.0,39650.0,5621,0.0,0.0
2024-11-06 14:35:00+09:00,39650.0,39700.0,39550.0,39600.0,5195,0.0,0.0
2024-11-06 14:40:00+09:00,39600.0,39600.0,39400.0,39400.0,16978,0.0,0.0
2024-11-06 14:45:00+09:00,39400.0,39400.0,38700.0,38800.0,29849,0.0,0.0
2024-11-06 14:50:00+09:00,38800.0,38900.0,38500.0,38600.0,18760,0.0,0.0
2024-11-06 14:55:00+09:00,38650.0,38900.0,38600.0,38900.0,6664,0.0,0.0
2024-11-07 09:00:00+09:00,38750.0,39150.0,37150.0,37200.0,67680,0.0,0.0
2024-11-07 09:05:00+09:00,37200.0,37250.0,36300.0,36800.0,58359,0.0,0.0
2024-11-07 09:10:00+09:00,36800.0,37500.0,36750.0,37200.0,25238,0.0,0.0
2024-11-07 09:15:00+09:00,37200.0,37300.0,36750.0,36850.0,15077,0.0,0.0
2024-11-07 09:20:00+09:00,36850.0,36900.0,36500.0,36500.0,14699,0.0,0.0
2024-11-07 09:25:00+09:00,36550.0,36650.0,36300.0,36300.0,12053,0.0,0.0
2024-11-07 09:30:00+09:00,36350.0,36650.0,36300.0,36350.0,12948,0.0,0.0
2024-11-07 09:35:00+09:00,36350.0,36500.0,36150.0,36150.0,9797,0.0,0.0
2024-11-07 09:40:00+09:00,36200.0,36350.0,36100.0,36100.0,7536,0.0,0.0
2024-11-07 09:45:00+09:00,36100.0,36150.0,35800.0,36100.0,25730,0.0,0.0
2024-11-07 09:50:00+09:00,36100.0,36100.0,35950.0,36050.0,4964,0.0,0.0
2024-11-07 09:55:00+09:00,36050.0,36050.0,35700.0,35850.0,14371,0.0,0.0
2024-11-07 10:00:00+09:00,35800.0,36300.0,35800.0,36200.0,6220,0.0,0.0
2024-11-07 10:05:00+09:00,36150.0,36150.0,35650.0,35700.0,26709,0.0,0.0
2024-11-07 10:10:00+09:00,35700.0,35900.0,35700.0,35850.0,4203,0.0,0.0
2024-11-07 10:15:00+09:00,35900.0,36000.0,35800.0,35800.0,4043,0.0,0.0
2024-11-07 10:20:00+09:00,35800.0,35850.0,35650.0,35650.0,7184,0.0,0.0
2024-11-07 10:25:00+09:00,35650.0,35750.0,35600.0,35700.0,6926,0.0,0.0
2024-11-07 10:30:00+09:00,35650.0,35900.0,35650.0,35750.0,3951,0.0,0.0
2024-11-07 10:35:00+09:00,35850.0,36100.0,35800.0,35950.0,8359,0.0,0.0
2024-11-07 10:40:00+09:00,35950.0,36000.0,35800.0,35900.0,4653,0.0,0.0
2024-11-07 10:45:00+09:00,35850.0,36000.0,35850.0,36000.0,4014,0.0,0.0
2024-11-07 10:50:00+09:00,36000.0,36150.0,35950.0,36050.0,6609,0.0,0.0
2024-11-07 10:55:00+09:00,36050.0,36100.0,35950.0,36000.0,2313,0.0,0.0
2024-11-07 11:00:00+09:00,36000.0,36300.0,35950.0,36300.0,5749,0.0,0.0
2024-11-07 11:05:00+09:00,36300.0,36450.0,36200.0,36450.0,11717,0.0,0.0
2024-11-07 11:10:00+09:00,36450.0,36500.0,36350.0,36450.0,3879,0.0,0.0
2024-11-07 11:15:00+09:00,36450.0,36500.0,36350.0,36500.0,4413,0.0,0.0
2024-11-07 11:20:00+09:00,36450.0,37000.0,36450.0,37000.0,27418,0.0,0.0
2024-11-07 11:25:00+09:00,37000.0,37050.0,36700.0,37050.0,16307,0.0,0.0
2024-11-07 11:30:00+09:00,37050.0,37450.0,37050.0,37450.0,18265,0.0,0.0
2024-11-07 11:35:00+09:00,37450.0,37850.0,37400.0,37750.0,22804,0.0,0.0
2024-11-07 11:40:00+09:00,37750.0,37850.0,37650.0,37850.0,10630,0.0,0.0
2024-11-07 11:45:00+09:00,37800.0,38050.0,37650.0,37900.0,10366,0.0,0.0
2024-11-07 11:50:00+09:00,37900.0,38100.0,37850.0,38050.0,5927,0.0,0.0
2024-11-07 11:55:00+09:00,38050.0,38200.0,37850.0,38150.0,6163,0.0,0.0
2024-11-07 12:00:00+09:00,38150.0,38200.0,37900.0,38100.0,7484,0.0,0.0
2024-11-07 12:05:00+09:00,38100.0,38300.0,37900.0,38300.0,7917,0.0,0.0
2024-11-07 12:10:00+09:00,38250.0,38350.0,38050.0,38150.0,5349,0.0,0.0
2024-11-07 12:15:00+09:00,38150.0,38200.0,38100.0,38150.0,1867,0.0,0.0
2024-11-07 12:20:00+09:00,38200.0,38250.0,38050.0,38100.0,3785,0.0,0.0
2024-11-07 12:25:00+09:00,38100.0,38150.0,38000.0,38100.0,5121,0.0,0.0
2024-11-07 12:30:00+09:00,38150.0,38150.0,37850.0,37850.0,5000,0.0,0.0
2024-11-07 12:35:00+09:00,37800.0,38000.0,37800.0,37950.0,2073,0.0,0.0
2024-11-07 12:40:00+09:00,37900.0,38050.0,37800.0,38050.0,2614,0.0,0.0
2024-11-07 12:45:00+09:00,38050.0,38050.0,37900.0,37950.0,1396,0.0,0.0
2024-11-07 12:50:00+09:00,37950.0,37950.0,37700.0,37800.0,5445,0.0,0.0
2024-11-07 12:55:00+09:00,37800.0,37900.0,37750.0,37750.0,2287,0.0,0.0
2024-11-07 13:00:00+09:00,37750.0,38000.0,37750.0,37950.0,2388,0.0,0.0
2024-11-07 13:05:00+09:00,37900.0,38000.0,37500.0,37650.0,6147,0.0,0.0
2024-11-07 13:10:00+09:00,37700.0,37850.0,37600.0,37850.0,1877,0.0,0.0
2024-11-07 13:15:00+09:00,37750.0,37800.0,37700.0,37700.0,1393,0.0,0.0
2024-11-07 13:20:00+09:00,37700.0,37750.0,37600.0,37750.0,1937,0.0,0.0
2024-11-07 13:25:00+09:00,37750.0,37750.0,37550.0,37600.0,2417,0.0,0.0
2024-11-07 13:30:00+09:00,37600.0,37800.0,37550.0,37750.0,1621,0.0,0.0
2024-11-07 13:35:00+09:00,37800.0,37850.0,37750.0,37800.0,1856,0.0,0.0
2024-11-07 13:40:00+09:00,37800.0,37850.0,37700.0,37700.0,1533,0.0,0.0
2024-11-07 13:45:00+09:00,37700.0,38050.0,37650.0,38000.0,4133,0.0,0.0
2024-11-07 13:50:00+09:00,38050.0,38100.0,37950.0,38050.0,3074,0.0,0.0
2024-11-07 13:55:00+09:00,38050.0,38100.0,37900.0,38050.0,3395,0.0,0.0
2024-11-07 14:00:00+09:00,38000.0,38050.0,37800.0,37800.0,1058,0.0,0.0
2024-11-07 14:05:00+09:00,37800.0,38400.0,37650.0,38400.0,9936,0.0,0.0
2024-11-07 14:10:00+09:00,38350.0,38550.0,38350.0,38550.0,7604,0.0,0.0
2024-11-07 14:15:00+09:00,38550.0,38550.0,37950.0,38300.0,8655,0.0,0.0
2024-11-07 14:20:00+09:00,38300.0,38550.0,38200.0,38450.0,5411,0.0,0.0
2024-11-07 14:25:00+09:00,38500.0,38900.0,38400.0,38600.0,18477,0.0,0.0
2024-11-07 14:30:00+09:00,38500.0,38650.0,38500.0,38600.0,4716,0.0,0.0
2024-11-07 14:35:00+09:00,38600.0,38650.0,38300.0,38450.0,4596,0.0,0.0
2024-11-07 14:40:00+09:00,38450.0,38950.0,38350.0,38900.0,13126,0.0,0.0
2024-11-07 14:45:00+09:00,38900.0,39200.0,38900.0,39150.0,22059,0.0,0.0
2024-11-07 14:50:00+09:00,39000.0,39400.0,39000.0,39350.0,26201,0.0,0.0
2024-11-07 14:55:00+09:00,39350.0,39500.0,39100.0,39200.0,15467,0.0,0.0
2024-11-08 09:00:00+09:00,39250.0,39500.0,38500.0,38800.0,40313,0.0,0.0
2024-11-08 09:05:00+09:00,38800.0,39250.0,38600.0,39100.0,18352,0.0,0.0
2024-11-08 09:10:00+09:00,39100.0,39250.0,38850.0,39250.0,12548,0.0,0.0
2024-11-08 09:15:00+09:00,39200.0,39250.0,38800.0,38950.0,6333,0.0,0.0
2024-11-08 09:20:00+09:00,38950.0,39000.0,38650.0,38850.0,7747,0.0,0.0
2024-11-08 09:25:00+09:00,38850.0,38850.0,38650.0,38650.0,5605,0.0,0.0
2024-11-08 09:30:00+09:00,38650.0,38800.0,38550.0,38800.0,12285,0.0,0.0
2024-11-08 09:35:00+09:00,38750.0,38850.0,38550.0,38650.0,5769,0.0,0.0
2024-11-08 09:40:00+09:00,38650.0,38700.0,38550.0,38550.0,6503,0.0,0.0
2024-11-08 09:45:00+09:00,38600.0,38650.0,38450.0,38500.0,6575,0.0,0.0
2024-11-08 09:50:00+09:00,38500.0,38700.0,38400.0,38700.0,6979,0.0,0.0
2024-11-08 09:55:00+09:00,38600.0,38900.0,38500.0,38750.0,3642,0.0,0.0
2024-11-08 10:00:00+09:00,38750.0,38800.0,38450.0,38550.0,3339,0.0,0.0
2024-11-08 10:05:00+09:00,38600.0,38750.0,38550.0,38700.0,1680,0.0,0.0
2024-11-08 10:10:00+09:00,38650.0,38700.0,38350.0,38350.0,5936,0.0,0.0
2024-11-08 10:15:00+09:00,38400.0,38800.0,38350.0,38800.0,3395,0.0,0.0
2024-11-08 10:20:00+09:00,38800.0,38850.0,38650.0,38650.0,3423,0.0,0.0
2024-11-08 10:25:00+09:00,38600.0,38800.0,38600.0,38650.0,2277,0.0,0.0
2024-11-08 10:30:00+09:00,38650.0,38650.0,38450.0,38500.0,4797,0.0,0.0
2024-11-08 10:35:00+09:00,38450.0,38550.0,38400.0,38400.0,4321,0.0,0.0
2024-11-08 10:40:00+09:00,38500.0,38800.0,38400.0,38800.0,3882,0.0,0.0
2024-11-08 10:45:00+09:00,38850.0,38850.0,38650.0,38650.0,2900,0.0,0.0
2024-11-08 10:50:00+09:00,38650.0,38650.0,38400.0,38400.0,2219,0.0,0.0
2024-11-08 10:55:00+09:00,38400.0,38450.0,38250.0,38300.0,6297,0.0,0.0
2024-11-08 11:00:00+09:00,38300.0,38350.0,37800.0,37900.0,11941,0.0,0.0
2024-11-08 11:05:00+09:00,37850.0,37950.0,37800.0,37800.0,5985,0.0,0.0
2024-11-08 11:10:00+09:00,37850.0,38150.0,37800.0,38150.0,1562,0.0,0.0
2024-11-08 11:15:00+09:00,38150.0,38200.0,38000.0,38000.0,2201,0.0,0.0
2024-11-08 11:20:00+09:00,38050.0,38050.0,37850.0,37900.0,2919,0.0,0.0
2024-11-08 11:25:00+09:00,37900.0,38000.0,37700.0,37800.0,5322,0.0,0.0
2024-11-08 11:30:00+09:00,37900.0,37950.0,37800.0,37850.0,1577,0.0,0.0
2024-11-08 11:35:00+09:00,37850.0,38050.0,37850.0,38000.0,2488,0.0,0.0
2024-11-08 11:40:00+09:00,38000.0,38050.0,37900.0,37950.0,763,0.0,0.0
2024-11-08 11:45:00+09:00,37950.0,37950.0,37750.0,37850.0,3814,0.0,0.0
2024-11-08 11:50:00+09:00,37850.0,37900.0,37850.0,37850.0,1111,0.0,0.0
2024-11-08 11:55:00+09:00,37850.0,38000.0,37850.0,37900.0,956,0.0,0.0
2024-11-08 12:00:00+09:00,37950.0,37950.0,37800.0,37800.0,2088,0.0,0.0
2024-11-08 12:05:00+09:00,37800.0,37800.0,37600.0,37750.0,7026,0.0,0.0
2024-11-08 12:10:00+09:00,37750.0,37800.0,37700.0,37700.0,1523,0.0,0.0
2024-11-08 12:15:00+09:00,37700.0,37700.0,37600.0,37650.0,2968,0.0,0.0
2024-11-08 12:20:00+09:00,37750.0,37750.0,37650.0,37650.0,2686,0.0,0.0
2024-11-08 12:25:00+09:00,37650.0,37700.0,37600.0,37650.0,1891,0.0,0.0
2024-11-08 12:30:00+09:00,37650.0,37700.0,37600.0,37650.0,1270,0.0,0.0
2024-11-08 12:35:00+09:00,37650.0,37650.0,37550.0,37600.0,4699,0.0,0.0
2024-11-08 12:40:00+09:00,37600.0,37600.0,37500.0,37500.0,5765,0.0,0.0
2024-11-08 12:45:00+09:00,37550.0,37650.0,37500.0,37650.0,1935,0.0,0.0
2024-11-08 12:50:00+09:00,37650.0,37850.0,37550.0,37550.0,2623,0.0,0.0
2024-11-08 12:55:00+09:00,37600.0,37750.0,37550.0,37700.0,5813,0.0,0.0
2024-11-08 13:00:00+09:00,37650.0,37750.0,37450.0,37450.0,6676,0.0,0.0
2024-11-08 13:05:00+09:00,37450.0,37450.0,37150.0,37200.0,9990,0.0,0.0
2024-11-08 13:10:00+09:00,37200.0,37400.0,37200.0,37350.0,2403,0.0,0.0
2024-11-08 13:15:00+09:00,37350.0,37400.0,37150.0,37150.0,3063,0.0,0.0
2024-11-08 13:20:00+09:00,37150.0,37550.0,37150.0,37400.0,4845,0.0,0.0
2024-11-08 13:25:00+09:00,37400.0,38050.0,37350.0,37950.0,13391,0.0,0.0
2024-11-08 13:30:00+09:00,37900.0,37950.0,37500.0,37600.0,2777,0.0,0.0
2024-11-08 13:35:00+09:00,37600.0,37650.0,37300.0,37450.0,3500,0.0,0.0
2024-11-08 13:40:00+09:00,37450.0,37500.0,37300.0,37350.0,1974,0.0,0.0
2024-11-08 13:45:00+09:00,37400.0,37500.0,37200.0,37250.0,5196,0.0,0.0
2024-11-08 13:50:00+09:00,37250.0,37300.0,37000.0,37050.0,9422,0.0,0.0
2024-11-08 13:55:00+09:00,37050.0,37300.0,37050.0,37300.0,3294,0.0,0.0
2024-11-08 14:00:00+09:00,37300.0,37350.0,37200.0,37250.0,2048,0.0,0.0
2024-11-08 14:05:00+09:00,37250.0,37300.0,37200.0,37200.0,1999,0.0,0.0
2024-11-08 14:10:00+09:00,37250.0,37300.0,37150.0,37300.0,1868,0.0,0.0
2024-11-08 14:15:00+09:00,37300.0,37650.0,37200.0,37650.0,7503,0.0,0.0
2024-11-08 14:20:00+09:00,37650.0,37700.0,37450.0,37500.0,5047,0.0,0.0
2024-11-08 14:25:00+09:00,37600.0,37700.0,37550.0,37550.0,2101,0.0,0.0
2024-11-08 14:30:00+09:00,37550.0,37850.0,37550.0,37650.0,8059,0.0,0.0
2024-11-08 14:35:00+09:00,37650.0,39100.0,37650.0,39050.0,48996,0.0,0.0
2024-11-08 14:40:00+09:00,39050.0,41250.0,39000.0,39750.0,209542,0.0,0.0
2024-11-08 14:45:00+09:00,39750.0,40350.0,39050.0,39150.0,70394,0.0,0.0
2024-11-08 14:50:00+09:00,39150.0,39700.0,38850.0,39600.0,34060,0.0,0.0
2024-11-08 14:55:00+09:00,39650.0,40150.0,39100.0,39250.0,103590,0.0,0.0
