Datetime,Open,High,Low,Close,Volume,Dividends,Stock Splits
2024-07-18 09:00:00+09:00,1577.0,1577.0,1553.0,1576.0,0,0.0,0.0
2024-07-18 09:05:00+09:00,1575.0,1575.0,1554.0,1554.0,1278,0.0,0.0
2024-07-18 09:10:00+09:00,1554.0,1554.0,1554.0,1554.0,5934,0.0,0.0
2024-07-18 09:15:00+09:00,1556.0,1563.0,1556.0,1563.0,0,0.0,0.0
2024-07-18 09:20:00+09:00,1563.0,1563.0,1555.0,1555.0,864,0.0,0.0
2024-07-18 09:25:00+09:00,1555.0,1564.0,1555.0,1564.0,26,0.0,0.0
2024-07-18 09:30:00+09:00,1564.0,1565.0,1564.0,1565.0,311,0.0,0.0
2024-07-18 09:40:00+09:00,1565.0,1565.0,1565.0,1565.0,218,0.0,0.0
2024-07-18 09:50:00+09:00,1565.0,1565.0,1559.0,1559.0,363,0.0,0.0
2024-07-18 09:55:00+09:00,1572.0,1572.0,1572.0,1572.0,0,0.0,0.0
2024-07-18 10:05:00+09:00,1571.0,1572.0,1571.0,1572.0,175,0.0,0.0
2024-07-18 10:30:00+09:00,1562.0,1562.0,1561.0,1561.0,0,0.0,0.0
2024-07-18 10:35:00+09:00,1561.0,1561.0,1561.0,1561.0,179,0.0,0.0
2024-07-18 10:40:00+09:00,1570.0,1570.0,1570.0,1570.0,6,0.0,0.0
2024-07-18 10:45:00+09:00,1570.0,1570.0,1570.0,1570.0,47,0.0,0.0
2024-07-18 10:50:00+09:00,1570.0,1570.0,1567.0,1567.0,131,0.0,0.0
2024-07-18 10:55:00+09:00,1567.0,1567.0,1567.0,1567.0,214,0.0,0.0
2024-07-18 11:00:00+09:00,1562.0,1562.0,1562.0,1562.0,0,0.0,0.0
2024-07-18 11:10:00+09:00,1562.0,1562.0,1562.0,1562.0,1141,0.0,0.0
2024-07-18 11:15:00+09:00,1562.0,1570.0,1562.0,1570.0,0,0.0,0.0
2024-07-18 11:25:00+09:00,1570.0,1570.0,1570.0,1570.0,809,0.0,0.0
2024-07-18 11:30:00+09:00,1570.0,1570.0,1570.0,1570.0,0,0.0,0.0
2024-07-18 11:35:00+09:00,1562.0,1562.0,1562.0,1562.0,575,0.0,0.0
2024-07-18 11:40:00+09:00,1571.0,1571.0,1571.0,1571.0,0,0.0,0.0
2024-07-18 11:45:00+09:00,1572.0,1573.0,1572.0,1573.0,50,0.0,0.0
2024-07-18 12:05:00+09:00,1573.0,1573.0,1573.0,1573.0,1,0.0,0.0
2024-07-18 12:35:00+09:00,1567.0,1567.0,1563.0,1563.0,609,0.0,0.0
2024-07-18 12:50:00+09:00,1572.0,1572.0,1572.0,1572.0,0,0.0,0.0
2024-07-18 13:05:00+09:00,1563.0,1563.0,1563.0,1563.0,0,0.0,0.0
2024-07-18 13:15:00+09:00,1564.0,1572.0,1564.0,1572.0,106,0.0,0.0
2024-07-18 13:20:00+09:00,1564.0,1564.0,1562.0,1562.0,900,0.0,0.0
2024-07-18 13:30:00+09:00,1572.0,1572.0,1572.0,1572.0,1,0.0,0.0
2024-07-18 13:35:00+09:00,1572.0,1572.0,1562.0,1562.0,1674,0.0,0.0
2024-07-18 13:40:00+09:00,1562.0,1562.0,1562.0,1562.0,28,0.0,0.0
2024-07-18 13:45:00+09:00,1563.0,1563.0,1563.0,1563.0,186,0.0,0.0
2024-07-18 13:50:00+09:00,1563.0,1563.0,1563.0,1563.0,266,0.0,0.0
2024-07-18 14:05:00+09:00,1563.0,1563.0,1563.0,1563.0,105,0.0,0.0
2024-07-18 14:15:00+09:00,1563.0,1563.0,1563.0,1563.0,20,0.0,0.0
2024-07-18 14:25:00+09:00,1563.0,1563.0,1563.0,1563.0,1106,0.0,0.0
2024-07-18 14:30:00+09:00,1562.0,1562.0,1561.0,1561.0,506,0.0,0.0
2024-07-18 14:45:00+09:00,1561.0,1568.0,1561.0,1568.0,702,0.0,0.0
2024-07-19 09:00:00+09:00,1561.0,1561.0,1547.0,1547.0,3443,0.0,0.0
2024-07-19 09:05:00+09:00,1545.0,1545.0,1539.0,1545.0,3300,0.0,0.0
2024-07-19 09:10:00+09:00,1539.0,1540.0,1539.0,1540.0,702,0.0,0.0
2024-07-19 09:15:00+09:00,1540.0,1540.0,1539.0,1540.0,205,0.0,0.0
2024-07-19 09:20:00+09:00,1539.0,1545.0,1539.0,1545.0,1932,0.0,0.0
2024-07-19 09:25:00+09:00,1545.0,1550.0,1540.0,1540.0,15794,0.0,0.0
2024-07-19 09:30:00+09:00,1542.0,1542.0,1542.0,1542.0,0,0.0,0.0
2024-07-19 09:35:00+09:00,1547.0,1547.0,1547.0,1547.0,743,0.0,0.0
2024-07-19 09:40:00+09:00,1542.0,1542.0,1542.0,1542.0,4000,0.0,0.0
2024-07-19 09:45:00+09:00,1549.0,1549.0,1549.0,1549.0,34,0.0,0.0
2024-07-19 09:50:00+09:00,1551.0,1551.0,1551.0,1551.0,0,0.0,0.0
2024-07-19 09:55:00+09:00,1561.0,1561.0,1561.0,1561.0,1,0.0,0.0
2024-07-19 10:15:00+09:00,1561.0,1561.0,1561.0,1561.0,9,0.0,0.0
2024-07-19 10:20:00+09:00,1554.0,1554.0,1554.0,1554.0,581,0.0,0.0
2024-07-19 10:30:00+09:00,1561.0,1561.0,1561.0,1561.0,0,0.0,0.0
2024-07-19 10:45:00+09:00,1561.0,1561.0,1561.0,1561.0,210,0.0,0.0
2024-07-19 10:50:00+09:00,1561.0,1561.0,1555.0,1555.0,78,0.0,0.0
2024-07-19 10:55:00+09:00,1555.0,1555.0,1555.0,1555.0,1071,0.0,0.0
2024-07-19 11:05:00+09:00,1554.0,1554.0,1552.0,1552.0,5512,0.0,0.0
2024-07-19 11:10:00+09:00,1549.0,1549.0,1549.0,1549.0,0,0.0,0.0
2024-07-19 11:15:00+09:00,1549.0,1549.0,1549.0,1549.0,49,0.0,0.0
2024-07-19 11:30:00+09:00,1551.0,1552.0,1551.0,1552.0,16333,0.0,0.0
2024-07-19 11:35:00+09:00,1552.0,1552.0,1552.0,1552.0,0,0.0,0.0
2024-07-19 11:40:00+09:00,1552.0,1552.0,1552.0,1552.0,0,0.0,0.0
2024-07-19 11:45:00+09:00,1549.0,1549.0,1543.0,1543.0,87,0.0,0.0
2024-07-19 11:55:00+09:00,1543.0,1545.0,1543.0,1545.0,0,0.0,0.0
2024-07-19 12:00:00+09:00,1545.0,1545.0,1545.0,1545.0,37366,0.0,0.0
2024-07-19 12:05:00+09:00,1542.0,1542.0,1542.0,1542.0,0,0.0,0.0
2024-07-19 12:15:00+09:00,1542.0,1542.0,1540.0,1540.0,20143,0.0,0.0
2024-07-19 12:25:00+09:00,1543.0,1543.0,1543.0,1543.0,0,0.0,0.0
2024-07-19 12:35:00+09:00,1541.0,1542.0,1541.0,1542.0,386,0.0,0.0
2024-07-19 12:40:00+09:00,1544.0,1552.0,1544.0,1552.0,0,0.0,0.0
2024-07-19 12:55:00+09:00,1552.0,1552.0,1552.0,1552.0,101,0.0,0.0
2024-07-19 13:00:00+09:00,1552.0,1552.0,1552.0,1552.0,4,0.0,0.0
2024-07-19 13:15:00+09:00,1552.0,1561.0,1552.0,1561.0,122,0.0,0.0
2024-07-19 13:20:00+09:00,1558.0,1560.0,1558.0,1558.0,14,0.0,0.0
2024-07-19 13:45:00+09:00,1558.0,1558.0,1558.0,1558.0,2,0.0,0.0
2024-07-19 13:50:00+09:00,1554.0,1554.0,1553.0,1553.0,99,0.0,0.0
2024-07-19 13:55:00+09:00,1558.0,1558.0,1558.0,1558.0,64,0.0,0.0
2024-07-19 14:05:00+09:00,1554.0,1554.0,1554.0,1554.0,0,0.0,0.0
2024-07-19 14:10:00+09:00,1553.0,1553.0,1551.0,1551.0,1254,0.0,0.0
2024-07-19 14:25:00+09:00,1551.0,1552.0,1551.0,1552.0,115,0.0,0.0
2024-07-19 14:40:00+09:00,1557.0,1557.0,1557.0,1557.0,0,0.0,0.0
2024-07-19 14:50:00+09:00,1557.0,1557.0,1557.0,1557.0,101,0.0,0.0
2024-07-19 14:55:00+09:00,1551.0,1557.0,1551.0,1557.0,75,0.0,0.0
2024-07-22 09:00:00+09:00,1553.0,1558.0,1551.0,1558.0,0,0.0,0.0
2024-07-22 09:05:00+09:00,1558.0,1558.0,1558.0,1558.0,1593,0.0,0.0
2024-07-22 09:10:00+09:00,1560.0,1560.0,1557.0,1560.0,0,0.0,0.0
2024-07-22 09:15:00+09:00,1560.0,1566.0,1560.0,1566.0,3129,0.0,0.0
2024-07-22 09:20:00+09:00,1565.0,1565.0,1565.0,1565.0,26,0.0,0.0
2024-07-22 09:25:00+09:00,1570.0,1575.0,1570.0,1575.0,879,0.0,0.0
2024-07-22 09:30:00+09:00,1575.0,1575.0,1575.0,1575.0,0,0.0,0.0
2024-07-22 09:35:00+09:00,1575.0,1590.0,1571.0,1578.0,1849,0.0,0.0
2024-07-22 09:40:00+09:00,1578.0,1578.0,1577.0,1577.0,1067,0.0,0.0
2024-07-22 09:45:00+09:00,1577.0,1589.0,1565.0,1589.0,1512,0.0,0.0
2024-07-22 09:50:00+09:00,1567.0,1567.0,1559.0,1559.0,634,0.0,0.0
2024-07-22 09:55:00+09:00,1562.0,1568.0,1560.0,1566.0,3598,0.0,0.0
2024-07-22 10:00:00+09:00,1566.0,1574.0,1562.0,1574.0,392,0.0,0.0
2024-07-22 10:05:00+09:00,1573.0,1579.0,1573.0,1577.0,500,0.0,0.0
2024-07-22 10:10:00+09:00,1580.0,1586.0,1580.0,1586.0,0,0.0,0.0
2024-07-22 10:20:00+09:00,1584.0,1584.0,1569.0,1569.0,96,0.0,0.0
2024-07-22 10:30:00+09:00,1570.0,1583.0,1570.0,1583.0,422,0.0,0.0
2024-07-22 10:35:00+09:00,1583.0,1583.0,1583.0,1583.0,35,0.0,0.0
2024-07-22 10:40:00+09:00,1583.0,1587.0,1583.0,1587.0,3062,0.0,0.0
2024-07-22 10:45:00+09:00,1588.0,1589.0,1587.0,1587.0,0,0.0,0.0
2024-07-22 11:00:00+09:00,1587.0,1588.0,1576.0,1588.0,320,0.0,0.0
2024-07-22 11:15:00+09:00,1588.0,1588.0,1588.0,1588.0,68,0.0,0.0
2024-07-22 11:25:00+09:00,1587.0,1587.0,1587.0,1587.0,34,0.0,0.0
2024-07-22 11:40:00+09:00,1586.0,1587.0,1586.0,1587.0,23,0.0,0.0
2024-07-22 11:50:00+09:00,1587.0,1587.0,1587.0,1587.0,11,0.0,0.0
2024-07-22 12:05:00+09:00,1577.0,1585.0,1577.0,1585.0,270,0.0,0.0
2024-07-22 12:10:00+09:00,1585.0,1585.0,1585.0,1585.0,659,0.0,0.0
2024-07-22 12:15:00+09:00,1585.0,1585.0,1585.0,1585.0,81,0.0,0.0
2024-07-22 12:20:00+09:00,1585.0,1585.0,1585.0,1585.0,0,0.0,0.0
2024-07-22 12:25:00+09:00,1585.0,1585.0,1578.0,1578.0,203,0.0,0.0
2024-07-22 12:30:00+09:00,1577.0,1585.0,1577.0,1578.0,954,0.0,0.0
2024-07-22 12:40:00+09:00,1578.0,1578.0,1577.0,1577.0,76,0.0,0.0
2024-07-22 12:45:00+09:00,1577.0,1577.0,1576.0,1576.0,98,0.0,0.0
2024-07-22 12:50:00+09:00,1576.0,1576.0,1576.0,1576.0,111,0.0,0.0
2024-07-22 12:55:00+09:00,1573.0,1626.0,1573.0,1626.0,4776,0.0,0.0
2024-07-22 13:00:00+09:00,1622.0,1653.0,1605.0,1605.0,21952,0.0,0.0
2024-07-22 13:05:00+09:00,1611.0,1697.0,1605.0,1608.0,65955,0.0,0.0
2024-07-22 13:10:00+09:00,1608.0,1627.0,1598.0,1606.0,20500,0.0,0.0
2024-07-22 13:15:00+09:00,1606.0,1656.0,1606.0,1639.0,14317,0.0,0.0
2024-07-22 13:20:00+09:00,1638.0,1638.0,1612.0,1633.0,10072,0.0,0.0
2024-07-22 13:25:00+09:00,1628.0,1628.0,1590.0,1590.0,13120,0.0,0.0
2024-07-22 13:30:00+09:00,1592.0,1603.0,1588.0,1588.0,2405,0.0,0.0
2024-07-22 13:35:00+09:00,1588.0,1596.0,1588.0,1596.0,289,0.0,0.0
2024-07-22 13:40:00+09:00,1596.0,1601.0,1596.0,1601.0,47,0.0,0.0
2024-07-22 13:45:00+09:00,1589.0,1601.0,1589.0,1601.0,54,0.0,0.0
2024-07-22 13:50:00+09:00,1596.0,1601.0,1586.0,1586.0,784,0.0,0.0
2024-07-22 13:55:00+09:00,1596.0,1600.0,1587.0,1589.0,383,0.0,0.0
2024-07-22 14:00:00+09:00,1599.0,1599.0,1584.0,1584.0,2321,0.0,0.0
2024-07-22 14:05:00+09:00,1584.0,1598.0,1581.0,1581.0,3036,0.0,0.0
2024-07-22 14:10:00+09:00,1597.0,1598.0,1581.0,1581.0,553,0.0,0.0
2024-07-22 14:15:00+09:00,1582.0,1597.0,1576.0,1576.0,2878,0.0,0.0
2024-07-22 14:20:00+09:00,1580.0,1580.0,1574.0,1576.0,981,0.0,0.0
2024-07-22 14:25:00+09:00,1590.0,1593.0,1590.0,1593.0,39,0.0,0.0
2024-07-22 14:30:00+09:00,1593.0,1597.0,1593.0,1596.0,45,0.0,0.0
2024-07-22 14:35:00+09:00,1596.0,1596.0,1596.0,1596.0,50,0.0,0.0
2024-07-22 14:40:00+09:00,1596.0,1596.0,1595.0,1595.0,110,0.0,0.0
2024-07-22 14:45:00+09:00,1595.0,1595.0,1595.0,1595.0,50,0.0,0.0
2024-07-22 14:55:00+09:00,1594.0,1594.0,1594.0,1594.0,156,0.0,0.0
2024-07-23 09:00:00+09:00,1587.0,1590.0,1579.0,1579.0,5255,0.0,0.0
2024-07-23 09:05:00+09:00,1580.0,1581.0,1580.0,1581.0,938,0.0,0.0
2024-07-23 09:10:00+09:00,1580.0,1581.0,1580.0,1581.0,1861,0.0,0.0
2024-07-23 09:15:00+09:00,1582.0,1582.0,1582.0,1582.0,0,0.0,0.0
2024-07-23 09:20:00+09:00,1582.0,1583.0,1582.0,1583.0,6,0.0,0.0
2024-07-23 09:25:00+09:00,1582.0,1582.0,1581.0,1581.0,141,0.0,0.0
2024-07-23 09:30:00+09:00,1581.0,1581.0,1581.0,1581.0,33,0.0,0.0
2024-07-23 09:35:00+09:00,1580.0,1580.0,1580.0,1580.0,163,0.0,0.0
2024-07-23 09:40:00+09:00,1580.0,1580.0,1580.0,1580.0,0,0.0,0.0
2024-07-23 09:55:00+09:00,1580.0,1580.0,1579.0,1580.0,371,0.0,0.0
2024-07-23 10:00:00+09:00,1578.0,1578.0,1577.0,1577.0,89,0.0,0.0
2024-07-23 10:05:00+09:00,1580.0,1580.0,1576.0,1576.0,185,0.0,0.0
2024-07-23 10:10:00+09:00,1576.0,1576.0,1576.0,1576.0,490,0.0,0.0
2024-07-23 10:25:00+09:00,1577.0,1577.0,1576.0,1576.0,0,0.0,0.0
2024-07-23 10:35:00+09:00,1576.0,1576.0,1574.0,1574.0,260,0.0,0.0
2024-07-23 10:40:00+09:00,1573.0,1573.0,1571.0,1572.0,326,0.0,0.0
2024-07-23 10:50:00+09:00,1572.0,1572.0,1570.0,1570.0,390,0.0,0.0
2024-07-23 10:55:00+09:00,1570.0,1572.0,1570.0,1572.0,200,0.0,0.0
2024-07-23 11:05:00+09:00,1570.0,1570.0,1570.0,1570.0,506,0.0,0.0
2024-07-23 11:15:00+09:00,1570.0,1570.0,1564.0,1564.0,1079,0.0,0.0
2024-07-23 11:20:00+09:00,1564.0,1564.0,1551.0,1561.0,263,0.0,0.0
2024-07-23 11:25:00+09:00,1560.0,1560.0,1560.0,1560.0,56,0.0,0.0
2024-07-23 11:30:00+09:00,1555.0,1555.0,1555.0,1555.0,0,0.0,0.0
2024-07-23 11:40:00+09:00,1555.0,1555.0,1555.0,1555.0,46,0.0,0.0
2024-07-23 11:45:00+09:00,1556.0,1556.0,1556.0,1556.0,29,0.0,0.0
2024-07-23 12:00:00+09:00,1564.0,1564.0,1562.0,1562.0,56,0.0,0.0
2024-07-23 12:05:00+09:00,1562.0,1563.0,1562.0,1563.0,55,0.0,0.0
2024-07-23 12:10:00+09:00,1563.0,1563.0,1559.0,1559.0,146,0.0,0.0
2024-07-23 12:20:00+09:00,1563.0,1563.0,1555.0,1562.0,344,0.0,0.0
2024-07-23 12:25:00+09:00,1562.0,1562.0,1562.0,1562.0,241,0.0,0.0
2024-07-23 12:30:00+09:00,1562.0,1562.0,1562.0,1562.0,151,0.0,0.0
2024-07-23 12:45:00+09:00,1555.0,1568.0,1555.0,1566.0,70,0.0,0.0
2024-07-23 13:15:00+09:00,1566.0,1566.0,1566.0,1566.0,17,0.0,0.0
2024-07-23 13:40:00+09:00,1566.0,1566.0,1566.0,1566.0,408,0.0,0.0
2024-07-23 13:45:00+09:00,1557.0,1557.0,1557.0,1557.0,302,0.0,0.0
2024-07-23 14:10:00+09:00,1557.0,1557.0,1557.0,1557.0,0,0.0,0.0
2024-07-23 14:15:00+09:00,1557.0,1566.0,1557.0,1566.0,11,0.0,0.0
2024-07-23 14:25:00+09:00,1557.0,1557.0,1557.0,1557.0,6,0.0,0.0
2024-07-23 14:30:00+09:00,1566.0,1567.0,1566.0,1567.0,672,0.0,0.0
2024-07-23 14:40:00+09:00,1567.0,1568.0,1565.0,1565.0,0,0.0,0.0
2024-07-23 14:45:00+09:00,1570.0,1570.0,1570.0,1570.0,560,0.0,0.0
2024-07-23 14:50:00+09:00,1565.0,1565.0,1565.0,1565.0,0,0.0,0.0
2024-07-23 14:55:00+09:00,1565.0,1566.0,1560.0,1560.0,3181,0.0,0.0
2024-07-24 09:00:00+09:00,1544.0,1549.0,1543.0,1545.0,1050,0.0,0.0
2024-07-24 09:05:00+09:00,1544.0,1553.0,1542.0,1553.0,5196,0.0,0.0
2024-07-24 09:10:00+09:00,1544.0,1544.0,1544.0,1544.0,0,0.0,0.0
2024-07-24 09:15:00+09:00,1544.0,1556.0,1544.0,1556.0,65,0.0,0.0
2024-07-24 09:20:00+09:00,1546.0,1546.0,1545.0,1545.0,210,0.0,0.0
2024-07-24 09:25:00+09:00,1546.0,1552.0,1544.0,1544.0,3994,0.0,0.0
2024-07-24 09:30:00+09:00,1553.0,1553.0,1544.0,1553.0,0,0.0,0.0
2024-07-24 09:35:00+09:00,1544.0,1544.0,1544.0,1544.0,1,0.0,0.0
2024-07-24 09:45:00+09:00,1544.0,1544.0,1544.0,1544.0,69,0.0,0.0
2024-07-24 09:50:00+09:00,1544.0,1544.0,1544.0,1544.0,50,0.0,0.0
2024-07-24 09:55:00+09:00,1551.0,1551.0,1551.0,1551.0,2,0.0,0.0
2024-07-24 10:00:00+09:00,1550.0,1550.0,1550.0,1550.0,0,0.0,0.0
2024-07-24 10:05:00+09:00,1550.0,1550.0,1550.0,1550.0,138,0.0,0.0
2024-07-24 10:10:00+09:00,1545.0,1545.0,1544.0,1544.0,6047,0.0,0.0
2024-07-24 10:20:00+09:00,1545.0,1545.0,1544.0,1544.0,0,0.0,0.0
2024-07-24 10:25:00+09:00,1544.0,1545.0,1544.0,1545.0,0,0.0,0.0
2024-07-24 10:35:00+09:00,1545.0,1545.0,1545.0,1545.0,390,0.0,0.0
2024-07-24 10:40:00+09:00,1545.0,1545.0,1545.0,1545.0,518,0.0,0.0
2024-07-24 10:45:00+09:00,1545.0,1545.0,1545.0,1545.0,675,0.0,0.0
2024-07-24 10:55:00+09:00,1545.0,1545.0,1545.0,1545.0,0,0.0,0.0
2024-07-24 11:05:00+09:00,1545.0,1545.0,1545.0,1545.0,13,0.0,0.0
2024-07-24 11:10:00+09:00,1544.0,1544.0,1543.0,1543.0,1112,0.0,0.0
2024-07-24 11:40:00+09:00,1544.0,1544.0,1543.0,1543.0,1960,0.0,0.0
2024-07-24 12:05:00+09:00,1544.0,1545.0,1543.0,1545.0,63,0.0,0.0
2024-07-24 12:15:00+09:00,1550.0,1550.0,1550.0,1550.0,70,0.0,0.0
2024-07-24 12:25:00+09:00,1553.0,1553.0,1553.0,1553.0,254,0.0,0.0
2024-07-24 12:30:00+09:00,1556.0,1556.0,1556.0,1556.0,999,0.0,0.0
2024-07-24 12:40:00+09:00,1555.0,1565.0,1554.0,1554.0,55,0.0,0.0
2024-07-24 12:50:00+09:00,1563.0,1563.0,1563.0,1563.0,10,0.0,0.0
2024-07-24 13:00:00+09:00,1562.0,1563.0,1562.0,1563.0,1216,0.0,0.0
2024-07-24 13:15:00+09:00,1563.0,1563.0,1563.0,1563.0,0,0.0,0.0
2024-07-24 13:20:00+09:00,1563.0,1563.0,1563.0,1563.0,27,0.0,0.0
2024-07-24 13:25:00+09:00,1563.0,1563.0,1563.0,1563.0,1,0.0,0.0
2024-07-24 13:35:00+09:00,1554.0,1554.0,1551.0,1551.0,911,0.0,0.0
2024-07-24 13:40:00+09:00,1551.0,1553.0,1550.0,1553.0,82,0.0,0.0
2024-07-24 14:05:00+09:00,1553.0,1553.0,1553.0,1553.0,22,0.0,0.0
2024-07-24 14:10:00+09:00,1550.0,1550.0,1550.0,1550.0,1814,0.0,0.0
2024-07-24 14:15:00+09:00,1553.0,1562.0,1553.0,1562.0,0,0.0,0.0
2024-07-24 14:20:00+09:00,1551.0,1564.0,1547.0,1564.0,2408,0.0,0.0
2024-07-24 14:25:00+09:00,1551.0,1551.0,1550.0,1550.0,0,0.0,0.0
2024-07-24 14:55:00+09:00,1550.0,1557.0,1550.0,1557.0,169,0.0,0.0
2024-07-25 09:00:00+09:00,1645.0,1679.0,1586.0,1643.0,33220,0.0,0.0
2024-07-25 09:05:00+09:00,1642.0,1809.0,1625.0,1809.0,495125,0.0,0.0
2024-07-25 09:10:00+09:00,1740.0,1741.0,1650.0,1673.0,252898,0.0,0.0
2024-07-25 09:15:00+09:00,1680.0,1738.0,1677.0,1698.0,63348,0.0,0.0
2024-07-25 09:20:00+09:00,1698.0,1706.0,1651.0,1655.0,76195,0.0,0.0
2024-07-25 09:25:00+09:00,1659.0,1670.0,1625.0,1656.0,39744,0.0,0.0
2024-07-25 09:30:00+09:00,1655.0,1676.0,1649.0,1670.0,16668,0.0,0.0
2024-07-25 09:35:00+09:00,1660.0,1698.0,1659.0,1686.0,14645,0.0,0.0
2024-07-25 09:40:00+09:00,1687.0,1687.0,1663.0,1677.0,13533,0.0,0.0
2024-07-25 09:45:00+09:00,1665.0,1700.0,1653.0,1694.0,25202,0.0,0.0
2024-07-25 09:50:00+09:00,1694.0,1734.0,1679.0,1681.0,32087,0.0,0.0
2024-07-25 09:55:00+09:00,1694.0,1733.0,1694.0,1701.0,32615,0.0,0.0
2024-07-25 10:00:00+09:00,1702.0,1733.0,1692.0,1692.0,22118,0.0,0.0
2024-07-25 10:05:00+09:00,1692.0,1710.0,1692.0,1709.0,6008,0.0,0.0
2024-07-25 10:10:00+09:00,1707.0,1707.0,1690.0,1693.0,8892,0.0,0.0
2024-07-25 10:15:00+09:00,1693.0,1726.0,1693.0,1715.0,10643,0.0,0.0
2024-07-25 10:20:00+09:00,1716.0,1727.0,1715.0,1720.0,38365,0.0,0.0
2024-07-25 10:25:00+09:00,1718.0,1720.0,1705.0,1705.0,26317,0.0,0.0
2024-07-25 10:30:00+09:00,1705.0,1750.0,1705.0,1744.0,44857,0.0,0.0
2024-07-25 10:35:00+09:00,1744.0,1750.0,1692.0,1692.0,41617,0.0,0.0
2024-07-25 10:40:00+09:00,1693.0,1695.0,1662.0,1683.0,26879,0.0,0.0
2024-07-25 10:45:00+09:00,1683.0,1701.0,1675.0,1691.0,13687,0.0,0.0
2024-07-25 10:50:00+09:00,1691.0,1691.0,1669.0,1669.0,9073,0.0,0.0
2024-07-25 10:55:00+09:00,1668.0,1690.0,1665.0,1684.0,3928,0.0,0.0
2024-07-25 11:00:00+09:00,1686.0,1693.0,1677.0,1693.0,4443,0.0,0.0
2024-07-25 11:05:00+09:00,1690.0,1750.0,1690.0,1725.0,21049,0.0,0.0
2024-07-25 11:10:00+09:00,1725.0,1735.0,1704.0,1715.0,18285,0.0,0.0
2024-07-25 11:15:00+09:00,1716.0,1730.0,1708.0,1709.0,12254,0.0,0.0
2024-07-25 11:20:00+09:00,1709.0,1719.0,1703.0,1706.0,3749,0.0,0.0
2024-07-25 11:25:00+09:00,1704.0,1704.0,1663.0,1663.0,14056,0.0,0.0
2024-07-25 11:30:00+09:00,1663.0,1663.0,1600.0,1611.0,46667,0.0,0.0
2024-07-25 11:35:00+09:00,1632.0,1640.0,1613.0,1625.0,8488,0.0,0.0
2024-07-25 11:40:00+09:00,1625.0,1636.0,1620.0,1634.0,4179,0.0,0.0
2024-07-25 11:45:00+09:00,1634.0,1636.0,1623.0,1636.0,2653,0.0,0.0
2024-07-25 11:50:00+09:00,1636.0,1646.0,1623.0,1645.0,936,0.0,0.0
2024-07-25 11:55:00+09:00,1644.0,1645.0,1630.0,1645.0,1229,0.0,0.0
2024-07-25 12:00:00+09:00,1630.0,1645.0,1628.0,1644.0,1975,0.0,0.0
2024-07-25 12:05:00+09:00,1644.0,1644.0,1600.0,1609.0,33557,0.0,0.0
2024-07-25 12:10:00+09:00,1609.0,1618.0,1602.0,1618.0,8086,0.0,0.0
2024-07-25 12:15:00+09:00,1611.0,1618.0,1611.0,1611.0,3618,0.0,0.0
2024-07-25 12:20:00+09:00,1612.0,1612.0,1608.0,1609.0,3456,0.0,0.0
2024-07-25 12:25:00+09:00,1610.0,1642.0,1609.0,1641.0,9601,0.0,0.0
2024-07-25 12:30:00+09:00,1624.0,1630.0,1616.0,1630.0,2272,0.0,0.0
2024-07-25 12:35:00+09:00,1629.0,1641.0,1621.0,1631.0,5142,0.0,0.0
2024-07-25 12:40:00+09:00,1636.0,1666.0,1636.0,1665.0,20469,0.0,0.0
2024-07-25 12:45:00+09:00,1665.0,1665.0,1642.0,1643.0,6918,0.0,0.0
2024-07-25 12:50:00+09:00,1644.0,1656.0,1639.0,1639.0,2232,0.0,0.0
2024-07-25 12:55:00+09:00,1638.0,1638.0,1629.0,1629.0,339,0.0,0.0
2024-07-25 13:00:00+09:00,1629.0,1647.0,1627.0,1646.0,1274,0.0,0.0
2024-07-25 13:05:00+09:00,1645.0,1646.0,1645.0,1645.0,1094,0.0,0.0
2024-07-25 13:10:00+09:00,1643.0,1645.0,1626.0,1626.0,1194,0.0,0.0
2024-07-25 13:15:00+09:00,1630.0,1643.0,1628.0,1628.0,3146,0.0,0.0
2024-07-25 13:20:00+09:00,1629.0,1630.0,1624.0,1626.0,1755,0.0,0.0
2024-07-25 13:25:00+09:00,1626.0,1626.0,1624.0,1624.0,1937,0.0,0.0
2024-07-25 13:30:00+09:00,1624.0,1624.0,1621.0,1621.0,2197,0.0,0.0
2024-07-25 13:35:00+09:00,1625.0,1637.0,1625.0,1637.0,1267,0.0,0.0
2024-07-25 13:45:00+09:00,1628.0,1628.0,1625.0,1625.0,3503,0.0,0.0
2024-07-25 13:50:00+09:00,1624.0,1624.0,1620.0,1620.0,3860,0.0,0.0
2024-07-25 13:55:00+09:00,1621.0,1637.0,1621.0,1636.0,1580,0.0,0.0
2024-07-25 14:00:00+09:00,1633.0,1633.0,1633.0,1633.0,2,0.0,0.0
2024-07-25 14:05:00+09:00,1624.0,1624.0,1620.0,1622.0,1421,0.0,0.0
2024-07-25 14:10:00+09:00,1633.0,1633.0,1632.0,1632.0,150,0.0,0.0
2024-07-25 14:15:00+09:00,1630.0,1630.0,1621.0,1621.0,202,0.0,0.0
2024-07-25 14:20:00+09:00,1621.0,1630.0,1621.0,1630.0,275,0.0,0.0
2024-07-25 14:25:00+09:00,1626.0,1627.0,1626.0,1626.0,67,0.0,0.0
2024-07-25 14:30:00+09:00,1625.0,1625.0,1620.0,1620.0,3266,0.0,0.0
2024-07-25 14:35:00+09:00,1620.0,1626.0,1620.0,1626.0,1466,0.0,0.0
2024-07-25 14:40:00+09:00,1626.0,1626.0,1622.0,1622.0,985,0.0,0.0
2024-07-25 14:45:00+09:00,1621.0,1622.0,1620.0,1620.0,381,0.0,0.0
2024-07-25 14:50:00+09:00,1620.0,1620.0,1616.0,1616.0,1006,0.0,0.0
2024-07-25 14:55:00+09:00,1616.0,1616.0,1615.0,1615.0,3177,0.0,0.0
2024-07-26 09:00:00+09:00,1610.0,1665.0,1608.0,1665.0,9069,0.0,0.0
2024-07-26 09:05:00+09:00,1648.0,1687.0,1627.0,1670.0,16007,0.0,0.0
2024-07-26 09:10:00+09:00,1647.0,1664.0,1638.0,1638.0,3487,0.0,0.0
2024-07-26 09:15:00+09:00,1641.0,1653.0,1636.0,1638.0,3786,0.0,0.0
2024-07-26 09:20:00+09:00,1638.0,1638.0,1636.0,1637.0,3315,0.0,0.0
2024-07-26 09:25:00+09:00,1647.0,1647.0,1633.0,1633.0,902,0.0,0.0
2024-07-26 09:30:00+09:00,1633.0,1646.0,1630.0,1645.0,3300,0.0,0.0
2024-07-26 09:35:00+09:00,1645.0,1645.0,1624.0,1624.0,2238,0.0,0.0
2024-07-26 09:40:00+09:00,1624.0,1624.0,1610.0,1610.0,7598,0.0,0.0
2024-07-26 09:45:00+09:00,1611.0,1620.0,1610.0,1620.0,1320,0.0,0.0
2024-07-26 09:50:00+09:00,1612.0,1626.0,1610.0,1610.0,3211,0.0,0.0
2024-07-26 09:55:00+09:00,1610.0,1620.0,1610.0,1620.0,2265,0.0,0.0
2024-07-26 10:00:00+09:00,1617.0,1617.0,1611.0,1616.0,878,0.0,0.0
2024-07-26 10:05:00+09:00,1613.0,1633.0,1610.0,1633.0,5332,0.0,0.0
2024-07-26 10:10:00+09:00,1634.0,1645.0,1610.0,1635.0,11256,0.0,0.0
2024-07-26 10:15:00+09:00,1635.0,1635.0,1610.0,1625.0,7647,0.0,0.0
2024-07-26 10:20:00+09:00,1624.0,1624.0,1624.0,1624.0,462,0.0,0.0
2024-07-26 10:25:00+09:00,1624.0,1625.0,1624.0,1624.0,437,0.0,0.0
2024-07-26 10:30:00+09:00,1624.0,1624.0,1621.0,1621.0,1022,0.0,0.0
2024-07-26 10:35:00+09:00,1613.0,1619.0,1608.0,1619.0,7988,0.0,0.0
2024-07-26 10:40:00+09:00,1609.0,1618.0,1601.0,1601.0,6744,0.0,0.0
2024-07-26 10:45:00+09:00,1609.0,1609.0,1601.0,1609.0,221,0.0,0.0
2024-07-26 10:50:00+09:00,1605.0,1609.0,1602.0,1603.0,2648,0.0,0.0
2024-07-26 10:55:00+09:00,1602.0,1602.0,1602.0,1602.0,275,0.0,0.0
2024-07-26 11:00:00+09:00,1609.0,1609.0,1603.0,1609.0,38,0.0,0.0
2024-07-26 11:10:00+09:00,1603.0,1603.0,1603.0,1603.0,111,0.0,0.0
2024-07-26 11:15:00+09:00,1603.0,1609.0,1601.0,1609.0,8222,0.0,0.0
2024-07-26 11:30:00+09:00,1607.0,1607.0,1607.0,1607.0,0,0.0,0.0
2024-07-26 11:35:00+09:00,1601.0,1607.0,1600.0,1600.0,1965,0.0,0.0
2024-07-26 11:40:00+09:00,1600.0,1607.0,1600.0,1607.0,0,0.0,0.0
2024-07-26 11:45:00+09:00,1607.0,1609.0,1607.0,1609.0,606,0.0,0.0
2024-07-26 11:50:00+09:00,1609.0,1609.0,1608.0,1608.0,308,0.0,0.0
2024-07-26 11:55:00+09:00,1609.0,1614.0,1607.0,1607.0,8037,0.0,0.0
2024-07-26 12:00:00+09:00,1606.0,1606.0,1606.0,1606.0,0,0.0,0.0
2024-07-26 12:05:00+09:00,1606.0,1607.0,1606.0,1607.0,3820,0.0,0.0
2024-07-26 12:15:00+09:00,1607.0,1607.0,1607.0,1607.0,0,0.0,0.0
2024-07-26 12:25:00+09:00,1603.0,1603.0,1600.0,1600.0,3238,0.0,0.0
2024-07-26 12:30:00+09:00,1606.0,1606.0,1599.0,1599.0,0,0.0,0.0
2024-07-26 12:35:00+09:00,1600.0,1600.0,1593.0,1599.0,2473,0.0,0.0
2024-07-26 12:40:00+09:00,1596.0,1596.0,1596.0,1596.0,0,0.0,0.0
2024-07-26 12:45:00+09:00,1596.0,1599.0,1596.0,1599.0,199,0.0,0.0
2024-07-26 12:50:00+09:00,1600.0,1600.0,1600.0,1600.0,0,0.0,0.0
2024-07-26 13:00:00+09:00,1604.0,1604.0,1604.0,1604.0,312,0.0,0.0
2024-07-26 13:05:00+09:00,1600.0,1600.0,1600.0,1600.0,29,0.0,0.0
2024-07-26 13:10:00+09:00,1600.0,1605.0,1600.0,1605.0,96,0.0,0.0
2024-07-26 13:15:00+09:00,1600.0,1600.0,1600.0,1600.0,1530,0.0,0.0
2024-07-26 13:20:00+09:00,1598.0,1600.0,1593.0,1593.0,1288,0.0,0.0
2024-07-26 13:25:00+09:00,1600.0,1600.0,1600.0,1600.0,0,0.0,0.0
2024-07-26 13:30:00+09:00,1600.0,1600.0,1600.0,1600.0,35,0.0,0.0
2024-07-26 13:35:00+09:00,1595.0,1595.0,1595.0,1595.0,20,0.0,0.0
2024-07-26 13:40:00+09:00,1595.0,1595.0,1595.0,1595.0,0,0.0,0.0
2024-07-26 13:45:00+09:00,1600.0,1600.0,1595.0,1595.0,189,0.0,0.0
2024-07-26 13:50:00+09:00,1600.0,1600.0,1600.0,1600.0,41,0.0,0.0
2024-07-26 13:55:00+09:00,1599.0,1599.0,1594.0,1599.0,1179,0.0,0.0
2024-07-26 14:00:00+09:00,1599.0,1599.0,1593.0,1593.0,1572,0.0,0.0
2024-07-26 14:05:00+09:00,1593.0,1593.0,1593.0,1593.0,0,0.0,0.0
2024-07-26 14:15:00+09:00,1598.0,1598.0,1591.0,1591.0,1095,0.0,0.0
2024-07-26 14:20:00+09:00,1591.0,1592.0,1591.0,1592.0,85,0.0,0.0
2024-07-26 14:25:00+09:00,1591.0,1594.0,1591.0,1594.0,206,0.0,0.0
2024-07-26 14:30:00+09:00,1593.0,1593.0,1593.0,1593.0,400,0.0,0.0
2024-07-26 14:35:00+09:00,1591.0,1593.0,1590.0,1593.0,96,0.0,0.0
2024-07-26 14:40:00+09:00,1591.0,1591.0,1590.0,1590.0,7089,0.0,0.0
2024-07-26 14:45:00+09:00,1590.0,1590.0,1590.0,1590.0,754,0.0,0.0
2024-07-26 14:50:00+09:00,1590.0,1590.0,1585.0,1585.0,648,0.0,0.0
2024-07-26 14:55:00+09:00,1585.0,1588.0,1585.0,1587.0,2100,0.0,0.0
2024-07-29 09:00:00+09:00,1580.0,1605.0,1579.0,1580.0,0,0.0,0.0
2024-07-29 09:05:00+09:00,1579.0,1579.0,1556.0,1573.0,8290,0.0,0.0
2024-07-29 09:10:00+09:00,1558.0,1573.0,1550.0,1551.0,3900,0.0,0.0
2024-07-29 09:15:00+09:00,1553.0,1564.0,1551.0,1564.0,1811,0.0,0.0
2024-07-29 09:20:00+09:00,1564.0,1564.0,1564.0,1564.0,2796,0.0,0.0
2024-07-29 09:25:00+09:00,1565.0,1567.0,1565.0,1567.0,6,0.0,0.0
2024-07-29 09:30:00+09:00,1567.0,1567.0,1554.0,1554.0,9880,0.0,0.0
2024-07-29 09:35:00+09:00,1555.0,1556.0,1553.0,1554.0,0,0.0,0.0
2024-07-29 09:40:00+09:00,1566.0,1567.0,1565.0,1565.0,304,0.0,0.0
2024-07-29 09:45:00+09:00,1567.0,1567.0,1567.0,1567.0,32,0.0,0.0
2024-07-29 09:50:00+09:00,1567.0,1567.0,1566.0,1567.0,1380,0.0,0.0
2024-07-29 09:55:00+09:00,1568.0,1568.0,1566.0,1566.0,1067,0.0,0.0
2024-07-29 10:00:00+09:00,1567.0,1567.0,1567.0,1567.0,0,0.0,0.0
2024-07-29 10:05:00+09:00,1568.0,1568.0,1568.0,1568.0,12,0.0,0.0
2024-07-29 10:10:00+09:00,1568.0,1568.0,1562.0,1568.0,2951,0.0,0.0
2024-07-29 10:15:00+09:00,1563.0,1563.0,1563.0,1563.0,0,0.0,0.0
2024-07-29 10:20:00+09:00,1568.0,1568.0,1563.0,1563.0,54,0.0,0.0
2024-07-29 10:25:00+09:00,1563.0,1563.0,1552.0,1552.0,2201,0.0,0.0
2024-07-29 10:30:00+09:00,1552.0,1563.0,1552.0,1556.0,213,0.0,0.0
2024-07-29 10:35:00+09:00,1556.0,1556.0,1546.0,1547.0,8882,0.0,0.0
2024-07-29 10:40:00+09:00,1552.0,1553.0,1552.0,1553.0,229,0.0,0.0
2024-07-29 10:45:00+09:00,1553.0,1553.0,1553.0,1553.0,272,0.0,0.0
2024-07-29 10:55:00+09:00,1553.0,1553.0,1553.0,1553.0,3355,0.0,0.0
2024-07-29 11:00:00+09:00,1553.0,1553.0,1540.0,1553.0,2770,0.0,0.0
2024-07-29 11:10:00+09:00,1551.0,1552.0,1551.0,1551.0,502,0.0,0.0
2024-07-29 11:15:00+09:00,1547.0,1550.0,1547.0,1550.0,2,0.0,0.0
2024-07-29 11:20:00+09:00,1550.0,1550.0,1550.0,1550.0,9,0.0,0.0
2024-07-29 11:25:00+09:00,1550.0,1550.0,1540.0,1540.0,2800,0.0,0.0
2024-07-29 11:30:00+09:00,1545.0,1545.0,1545.0,1545.0,133,0.0,0.0
2024-07-29 11:40:00+09:00,1542.0,1542.0,1540.0,1540.0,1147,0.0,0.0
2024-07-29 11:45:00+09:00,1541.0,1545.0,1540.0,1545.0,867,0.0,0.0
2024-07-29 11:50:00+09:00,1541.0,1541.0,1541.0,1541.0,57,0.0,0.0
2024-07-29 12:00:00+09:00,1545.0,1550.0,1545.0,1550.0,51,0.0,0.0
2024-07-29 12:05:00+09:00,1550.0,1550.0,1550.0,1550.0,104,0.0,0.0
2024-07-29 12:10:00+09:00,1551.0,1551.0,1551.0,1551.0,0,0.0,0.0
2024-07-29 12:15:00+09:00,1552.0,1553.0,1552.0,1553.0,105,0.0,0.0
2024-07-29 12:20:00+09:00,1554.0,1560.0,1552.0,1552.0,0,0.0,0.0
2024-07-29 12:35:00+09:00,1561.0,1561.0,1561.0,1561.0,203,0.0,0.0
2024-07-29 12:40:00+09:00,1561.0,1561.0,1561.0,1561.0,0,0.0,0.0
2024-07-29 12:45:00+09:00,1560.0,1560.0,1560.0,1560.0,165,0.0,0.0
2024-07-29 12:50:00+09:00,1560.0,1560.0,1555.0,1555.0,730,0.0,0.0
2024-07-29 12:55:00+09:00,1554.0,1555.0,1553.0,1555.0,1802,0.0,0.0
2024-07-29 13:10:00+09:00,1554.0,1554.0,1554.0,1554.0,0,0.0,0.0
2024-07-29 13:20:00+09:00,1552.0,1552.0,1550.0,1550.0,942,0.0,0.0
2024-07-29 13:25:00+09:00,1550.0,1550.0,1550.0,1550.0,271,0.0,0.0
2024-07-29 13:30:00+09:00,1550.0,1550.0,1550.0,1550.0,215,0.0,0.0
2024-07-29 13:35:00+09:00,1545.0,1545.0,1545.0,1545.0,509,0.0,0.0
2024-07-29 13:40:00+09:00,1545.0,1545.0,1545.0,1545.0,1357,0.0,0.0
2024-07-29 13:45:00+09:00,1545.0,1554.0,1545.0,1553.0,1981,0.0,0.0
2024-07-29 13:50:00+09:00,1550.0,1550.0,1550.0,1550.0,197,0.0,0.0
2024-07-29 14:10:00+09:00,1552.0,1552.0,1552.0,1552.0,101,0.0,0.0
2024-07-29 14:15:00+09:00,1551.0,1551.0,1551.0,1551.0,70,0.0,0.0
2024-07-29 14:20:00+09:00,1552.0,1552.0,1552.0,1552.0,5464,0.0,0.0
2024-07-29 14:30:00+09:00,1552.0,1554.0,1552.0,1554.0,0,0.0,0.0
2024-07-29 14:35:00+09:00,1551.0,1551.0,1551.0,1551.0,0,0.0,0.0
2024-07-29 14:40:00+09:00,1554.0,1554.0,1554.0,1554.0,199,0.0,0.0
2024-07-29 14:50:00+09:00,1551.0,1551.0,1550.0,1550.0,142,0.0,0.0
2024-07-29 14:55:00+09:00,1551.0,1551.0,1551.0,1551.0,2,0.0,0.0
2024-07-30 09:00:00+09:00,1570.0,1572.0,1570.0,1572.0,635,0.0,0.0
2024-07-30 09:05:00+09:00,1571.0,1571.0,1570.0,1571.0,998,0.0,0.0
2024-07-30 09:10:00+09:00,1570.0,1570.0,1569.0,1569.0,1250,0.0,0.0
2024-07-30 09:15:00+09:00,1568.0,1570.0,1568.0,1570.0,367,0.0,0.0
2024-07-30 09:20:00+09:00,1570.0,1571.0,1570.0,1571.0,235,0.0,0.0
2024-07-30 09:25:00+09:00,1570.0,1570.0,1565.0,1565.0,98,0.0,0.0
2024-07-30 09:30:00+09:00,1569.0,1569.0,1569.0,1569.0,0,0.0,0.0
2024-07-30 09:35:00+09:00,1566.0,1566.0,1563.0,1563.0,322,0.0,0.0
2024-07-30 09:45:00+09:00,1562.0,1566.0,1560.0,1566.0,274,0.0,0.0
2024-07-30 09:50:00+09:00,1568.0,1573.0,1568.0,1573.0,2674,0.0,0.0
2024-07-30 09:55:00+09:00,1573.0,1573.0,1564.0,1565.0,123,0.0,0.0
2024-07-30 10:00:00+09:00,1573.0,1573.0,1560.0,1560.0,1331,0.0,0.0
2024-07-30 10:05:00+09:00,1570.0,1570.0,1570.0,1570.0,10,0.0,0.0
2024-07-30 10:10:00+09:00,1570.0,1571.0,1570.0,1571.0,112,0.0,0.0
2024-07-30 10:15:00+09:00,1571.0,1571.0,1571.0,1571.0,2,0.0,0.0
2024-07-30 10:20:00+09:00,1570.0,1570.0,1567.0,1567.0,127,0.0,0.0
2024-07-30 10:25:00+09:00,1570.0,1570.0,1570.0,1570.0,0,0.0,0.0
2024-07-30 10:30:00+09:00,1569.0,1570.0,1569.0,1570.0,124,0.0,0.0
2024-07-30 10:35:00+09:00,1570.0,1570.0,1570.0,1570.0,1,0.0,0.0
2024-07-30 10:45:00+09:00,1568.0,1568.0,1562.0,1562.0,248,0.0,0.0
2024-07-30 10:50:00+09:00,1570.0,1570.0,1570.0,1570.0,1,0.0,0.0
2024-07-30 10:55:00+09:00,1570.0,1570.0,1570.0,1570.0,2,0.0,0.0
2024-07-30 11:00:00+09:00,1570.0,1572.0,1570.0,1572.0,1509,0.0,0.0
2024-07-30 11:05:00+09:00,1572.0,1572.0,1572.0,1572.0,2,0.0,0.0
2024-07-30 11:10:00+09:00,1572.0,1572.0,1572.0,1572.0,4,0.0,0.0
2024-07-30 11:15:00+09:00,1572.0,1572.0,1572.0,1572.0,0,0.0,0.0
2024-07-30 11:20:00+09:00,1572.0,1573.0,1572.0,1572.0,703,0.0,0.0
2024-07-30 11:25:00+09:00,1573.0,1573.0,1573.0,1573.0,0,0.0,0.0
2024-07-30 11:30:00+09:00,1573.0,1587.0,1573.0,1587.0,1525,0.0,0.0
2024-07-30 11:35:00+09:00,1587.0,1587.0,1570.0,1570.0,269,0.0,0.0
2024-07-30 11:40:00+09:00,1584.0,1584.0,1583.0,1583.0,4,0.0,0.0
2024-07-30 11:45:00+09:00,1582.0,1584.0,1582.0,1584.0,4,0.0,0.0
2024-07-30 11:50:00+09:00,1582.0,1582.0,1581.0,1581.0,14,0.0,0.0
2024-07-30 12:00:00+09:00,1581.0,1581.0,1581.0,1581.0,0,0.0,0.0
2024-07-30 12:05:00+09:00,1577.0,1581.0,1577.0,1581.0,36,0.0,0.0
2024-07-30 12:10:00+09:00,1581.0,1581.0,1581.0,1581.0,4,0.0,0.0
2024-07-30 12:15:00+09:00,1581.0,1581.0,1581.0,1581.0,80,0.0,0.0
2024-07-30 12:20:00+09:00,1580.0,1580.0,1577.0,1579.0,10,0.0,0.0
2024-07-30 12:25:00+09:00,1579.0,1579.0,1579.0,1579.0,85,0.0,0.0
2024-07-30 12:30:00+09:00,1579.0,1579.0,1576.0,1578.0,1326,0.0,0.0
2024-07-30 12:35:00+09:00,1577.0,1578.0,1576.0,1578.0,0,0.0,0.0
2024-07-30 12:40:00+09:00,1578.0,1578.0,1578.0,1578.0,11,0.0,0.0
2024-07-30 12:45:00+09:00,1578.0,1579.0,1575.0,1575.0,314,0.0,0.0
2024-07-30 12:50:00+09:00,1575.0,1575.0,1571.0,1571.0,214,0.0,0.0
2024-07-30 12:55:00+09:00,1571.0,1574.0,1569.0,1574.0,177,0.0,0.0
2024-07-30 13:00:00+09:00,1574.0,1574.0,1571.0,1574.0,162,0.0,0.0
2024-07-30 13:05:00+09:00,1574.0,1574.0,1570.0,1570.0,461,0.0,0.0
2024-07-30 13:10:00+09:00,1574.0,1574.0,1574.0,1574.0,902,0.0,0.0
2024-07-30 13:15:00+09:00,1575.0,1575.0,1575.0,1575.0,0,0.0,0.0
2024-07-30 13:20:00+09:00,1575.0,1575.0,1570.0,1575.0,5920,0.0,0.0
2024-07-30 13:25:00+09:00,1575.0,1575.0,1575.0,1575.0,174,0.0,0.0
2024-07-30 13:30:00+09:00,1575.0,1575.0,1575.0,1575.0,0,0.0,0.0
2024-07-30 13:35:00+09:00,1579.0,1579.0,1578.0,1579.0,5,0.0,0.0
2024-07-30 13:40:00+09:00,1578.0,1578.0,1578.0,1578.0,5,0.0,0.0
2024-07-30 13:45:00+09:00,1578.0,1578.0,1578.0,1578.0,2,0.0,0.0
2024-07-30 13:50:00+09:00,1578.0,1578.0,1577.0,1578.0,287,0.0,0.0
2024-07-30 13:55:00+09:00,1571.0,1571.0,1568.0,1568.0,1085,0.0,0.0
2024-07-30 14:00:00+09:00,1577.0,1577.0,1567.0,1567.0,227,0.0,0.0
2024-07-30 14:05:00+09:00,1576.0,1576.0,1570.0,1570.0,36,0.0,0.0
2024-07-30 14:10:00+09:00,1575.0,1575.0,1571.0,1571.0,330,0.0,0.0
2024-07-30 14:20:00+09:00,1575.0,1575.0,1574.0,1574.0,59,0.0,0.0
2024-07-30 14:25:00+09:00,1575.0,1575.0,1575.0,1575.0,363,0.0,0.0
2024-07-30 14:30:00+09:00,1570.0,1570.0,1570.0,1570.0,0,0.0,0.0
2024-07-30 14:35:00+09:00,1570.0,1572.0,1570.0,1572.0,2120,0.0,0.0
2024-07-30 14:45:00+09:00,1572.0,1572.0,1572.0,1572.0,200,0.0,0.0
2024-07-30 14:55:00+09:00,1572.0,1572.0,1572.0,1572.0,477,0.0,0.0
2024-07-31 09:00:00+09:00,1561.0,1568.0,1561.0,1568.0,14,0.0,0.0
2024-07-31 09:05:00+09:00,1568.0,1568.0,1561.0,1561.0,27,0.0,0.0
2024-07-31 09:10:00+09:00,1561.0,1561.0,1560.0,1560.0,804,0.0,0.0
2024-07-31 09:15:00+09:00,1567.0,1567.0,1567.0,1567.0,78,0.0,0.0
2024-07-31 09:20:00+09:00,1567.0,1567.0,1560.0,1560.0,2,0.0,0.0
2024-07-31 09:25:00+09:00,1561.0,1561.0,1560.0,1560.0,36,0.0,0.0
2024-07-31 09:30:00+09:00,1567.0,1567.0,1561.0,1561.0,6,0.0,0.0
2024-07-31 09:35:00+09:00,1567.0,1567.0,1561.0,1561.0,3,0.0,0.0
2024-07-31 09:40:00+09:00,1561.0,1561.0,1561.0,1561.0,33,0.0,0.0
2024-07-31 09:45:00+09:00,1561.0,1567.0,1560.0,1560.0,74,0.0,0.0
2024-07-31 09:50:00+09:00,1567.0,1567.0,1567.0,1567.0,119,0.0,0.0
2024-07-31 09:55:00+09:00,1560.0,1567.0,1560.0,1560.0,5301,0.0,0.0
2024-07-31 10:00:00+09:00,1560.0,1560.0,1560.0,1560.0,31,0.0,0.0
2024-07-31 10:05:00+09:00,1560.0,1567.0,1560.0,1567.0,0,0.0,0.0
2024-07-31 10:15:00+09:00,1567.0,1567.0,1567.0,1567.0,228,0.0,0.0
2024-07-31 10:30:00+09:00,1566.0,1566.0,1566.0,1566.0,0,0.0,0.0
2024-07-31 10:40:00+09:00,1565.0,1565.0,1565.0,1565.0,0,0.0,0.0
2024-07-31 10:50:00+09:00,1564.0,1567.0,1561.0,1565.0,650,0.0,0.0
2024-07-31 11:00:00+09:00,1565.0,1568.0,1565.0,1565.0,173,0.0,0.0
2024-07-31 11:05:00+09:00,1565.0,1568.0,1565.0,1568.0,14,0.0,0.0
2024-07-31 11:10:00+09:00,1568.0,1568.0,1568.0,1568.0,3,0.0,0.0
2024-07-31 11:15:00+09:00,1568.0,1568.0,1568.0,1568.0,2,0.0,0.0
2024-07-31 11:20:00+09:00,1568.0,1568.0,1568.0,1568.0,2,0.0,0.0
2024-07-31 11:25:00+09:00,1562.0,1563.0,1562.0,1563.0,126,0.0,0.0
2024-07-31 11:30:00+09:00,1567.0,1567.0,1563.0,1563.0,233,0.0,0.0
2024-07-31 11:35:00+09:00,1563.0,1567.0,1562.0,1567.0,541,0.0,0.0
2024-07-31 11:40:00+09:00,1562.0,1566.0,1562.0,1566.0,5,0.0,0.0
2024-07-31 11:45:00+09:00,1566.0,1566.0,1566.0,1566.0,2,0.0,0.0
2024-07-31 11:50:00+09:00,1566.0,1566.0,1566.0,1566.0,2,0.0,0.0
2024-07-31 12:00:00+09:00,1566.0,1566.0,1566.0,1566.0,0,0.0,0.0
2024-07-31 12:05:00+09:00,1566.0,1566.0,1566.0,1566.0,2,0.0,0.0
2024-07-31 12:10:00+09:00,1566.0,1566.0,1566.0,1566.0,4,0.0,0.0
2024-07-31 12:15:00+09:00,1566.0,1566.0,1566.0,1566.0,100,0.0,0.0
2024-07-31 12:20:00+09:00,1564.0,1565.0,1563.0,1565.0,22,0.0,0.0
2024-07-31 12:25:00+09:00,1563.0,1563.0,1563.0,1563.0,44,0.0,0.0
2024-07-31 12:30:00+09:00,1565.0,1565.0,1563.0,1563.0,0,0.0,0.0
2024-07-31 12:35:00+09:00,1565.0,1565.0,1565.0,1565.0,1,0.0,0.0
2024-07-31 12:40:00+09:00,1565.0,1565.0,1565.0,1565.0,4,0.0,0.0
2024-07-31 12:45:00+09:00,1565.0,1565.0,1563.0,1563.0,748,0.0,0.0
2024-07-31 12:50:00+09:00,1562.0,1563.0,1561.0,1563.0,0,0.0,0.0
2024-07-31 13:00:00+09:00,1563.0,1563.0,1563.0,1563.0,702,0.0,0.0
2024-07-31 13:05:00+09:00,1563.0,1563.0,1563.0,1563.0,2,0.0,0.0
2024-07-31 13:10:00+09:00,1563.0,1563.0,1563.0,1563.0,6,0.0,0.0
2024-07-31 13:15:00+09:00,1563.0,1563.0,1563.0,1563.0,4,0.0,0.0
2024-07-31 13:20:00+09:00,1561.0,1563.0,1560.0,1560.0,531,0.0,0.0
2024-07-31 13:30:00+09:00,1563.0,1563.0,1563.0,1563.0,2,0.0,0.0
2024-07-31 13:35:00+09:00,1563.0,1563.0,1563.0,1563.0,2003,0.0,0.0
2024-07-31 13:40:00+09:00,1563.0,1563.0,1560.0,1560.0,203,0.0,0.0
2024-07-31 13:45:00+09:00,1560.0,1563.0,1560.0,1563.0,0,0.0,0.0
2024-07-31 13:50:00+09:00,1563.0,1563.0,1563.0,1563.0,3,0.0,0.0
2024-07-31 13:55:00+09:00,1561.0,1561.0,1561.0,1561.0,201,0.0,0.0
2024-07-31 14:00:00+09:00,1561.0,1568.0,1561.0,1568.0,879,0.0,0.0
2024-07-31 14:05:00+09:00,1561.0,1561.0,1561.0,1561.0,0,0.0,0.0
2024-07-31 14:10:00+09:00,1561.0,1562.0,1561.0,1561.0,578,0.0,0.0
2024-07-31 14:15:00+09:00,1561.0,1561.0,1561.0,1561.0,2,0.0,0.0
2024-07-31 14:20:00+09:00,1562.0,1562.0,1562.0,1562.0,199,0.0,0.0
2024-07-31 14:25:00+09:00,1561.0,1561.0,1561.0,1561.0,540,0.0,0.0
2024-07-31 14:30:00+09:00,1562.0,1562.0,1562.0,1562.0,0,0.0,0.0
2024-07-31 14:50:00+09:00,1568.0,1568.0,1568.0,1568.0,0,0.0,0.0
2024-07-31 14:55:00+09:00,1568.0,1568.0,1568.0,1568.0,107,0.0,0.0
2024-08-01 09:00:00+09:00,1570.0,1584.0,1570.0,1581.0,901,0.0,0.0
2024-08-01 09:05:00+09:00,1581.0,1581.0,1581.0,1581.0,271,0.0,0.0
2024-08-01 09:10:00+09:00,1572.0,1580.0,1562.0,1580.0,1897,0.0,0.0
2024-08-01 09:15:00+09:00,1565.0,1580.0,1565.0,1580.0,132,0.0,0.0
2024-08-01 09:20:00+09:00,1579.0,1579.0,1561.0,1561.0,1785,0.0,0.0
2024-08-01 09:25:00+09:00,1562.0,1562.0,1556.0,1556.0,2216,0.0,0.0
2024-08-01 09:30:00+09:00,1556.0,1556.0,1556.0,1556.0,2,0.0,0.0
2024-08-01 09:35:00+09:00,1556.0,1575.0,1555.0,1556.0,646,0.0,0.0
2024-08-01 09:40:00+09:00,1574.0,1574.0,1574.0,1574.0,18,0.0,0.0
2024-08-01 09:45:00+09:00,1574.0,1574.0,1550.0,1573.0,2431,0.0,0.0
2024-08-01 09:50:00+09:00,1573.0,1574.0,1573.0,1574.0,40,0.0,0.0
2024-08-01 09:55:00+09:00,1574.0,1574.0,1574.0,1574.0,9,0.0,0.0
2024-08-01 10:00:00+09:00,1574.0,1574.0,1574.0,1574.0,56,0.0,0.0
2024-08-01 10:05:00+09:00,1574.0,1574.0,1565.0,1565.0,30,0.0,0.0
2024-08-01 10:10:00+09:00,1564.0,1564.0,1564.0,1564.0,12,0.0,0.0
2024-08-01 10:15:00+09:00,1564.0,1565.0,1564.0,1565.0,418,0.0,0.0
2024-08-01 10:20:00+09:00,1565.0,1575.0,1565.0,1575.0,8063,0.0,0.0
2024-08-01 10:25:00+09:00,1574.0,1574.0,1560.0,1560.0,1984,0.0,0.0
2024-08-01 10:30:00+09:00,1572.0,1572.0,1560.0,1560.0,200,0.0,0.0
2024-08-01 10:35:00+09:00,1560.0,1573.0,1560.0,1572.0,408,0.0,0.0
2024-08-01 10:40:00+09:00,1571.0,1571.0,1571.0,1571.0,18,0.0,0.0
2024-08-01 10:45:00+09:00,1571.0,1571.0,1571.0,1571.0,12,0.0,0.0
2024-08-01 10:50:00+09:00,1571.0,1571.0,1571.0,1571.0,1440,0.0,0.0
2024-08-01 10:55:00+09:00,1571.0,1571.0,1571.0,1571.0,0,0.0,0.0
2024-08-01 11:00:00+09:00,1570.0,1570.0,1570.0,1570.0,6,0.0,0.0
2024-08-01 11:05:00+09:00,1570.0,1571.0,1570.0,1571.0,6317,0.0,0.0
2024-08-01 11:10:00+09:00,1571.0,1571.0,1571.0,1571.0,18,0.0,0.0
2024-08-01 11:15:00+09:00,1571.0,1571.0,1571.0,1571.0,6,0.0,0.0
2024-08-01 11:20:00+09:00,1571.0,1572.0,1571.0,1572.0,184,0.0,0.0
2024-08-01 11:25:00+09:00,1574.0,1575.0,1574.0,1575.0,0,0.0,0.0
2024-08-01 11:30:00+09:00,1575.0,1576.0,1575.0,1576.0,6,0.0,0.0
2024-08-01 11:35:00+09:00,1576.0,1576.0,1576.0,1576.0,18,0.0,0.0
2024-08-01 11:40:00+09:00,1576.0,1577.0,1576.0,1577.0,18,0.0,0.0
2024-08-01 11:45:00+09:00,1577.0,1577.0,1577.0,1577.0,6,0.0,0.0
2024-08-01 11:50:00+09:00,1567.0,1577.0,1567.0,1577.0,208,0.0,0.0
2024-08-01 11:55:00+09:00,1577.0,1577.0,1577.0,1577.0,12,0.0,0.0
2024-08-01 12:00:00+09:00,1577.0,1577.0,1570.0,1570.0,16,0.0,0.0
2024-08-01 12:05:00+09:00,1577.0,1577.0,1576.0,1576.0,24,0.0,0.0
2024-08-01 12:10:00+09:00,1576.0,1577.0,1576.0,1577.0,108,0.0,0.0
2024-08-01 12:15:00+09:00,1576.0,1577.0,1576.0,1577.0,94,0.0,0.0
2024-08-01 12:20:00+09:00,1577.0,1577.0,1577.0,1577.0,224,0.0,0.0
2024-08-01 12:25:00+09:00,1577.0,1577.0,1577.0,1577.0,0,0.0,0.0
2024-08-01 12:30:00+09:00,1577.0,1577.0,1577.0,1577.0,112,0.0,0.0
2024-08-01 12:35:00+09:00,1577.0,1577.0,1572.0,1577.0,252,0.0,0.0
2024-08-01 12:40:00+09:00,1577.0,1577.0,1577.0,1577.0,0,0.0,0.0
2024-08-01 12:45:00+09:00,1577.0,1577.0,1574.0,1574.0,312,0.0,0.0
2024-08-01 12:50:00+09:00,1577.0,1577.0,1573.0,1573.0,0,0.0,0.0
2024-08-01 12:55:00+09:00,1577.0,1577.0,1573.0,1573.0,704,0.0,0.0
2024-08-01 13:00:00+09:00,1577.0,1577.0,1573.0,1576.0,507,0.0,0.0
2024-08-01 13:05:00+09:00,1577.0,1577.0,1577.0,1577.0,19,0.0,0.0
2024-08-01 13:10:00+09:00,1577.0,1577.0,1577.0,1577.0,118,0.0,0.0
2024-08-01 13:15:00+09:00,1577.0,1577.0,1577.0,1577.0,218,0.0,0.0
2024-08-01 13:20:00+09:00,1576.0,1577.0,1573.0,1577.0,757,0.0,0.0
2024-08-01 13:25:00+09:00,1578.0,1578.0,1578.0,1578.0,0,0.0,0.0
2024-08-01 13:30:00+09:00,1578.0,1578.0,1578.0,1578.0,18,0.0,0.0
2024-08-01 13:35:00+09:00,1578.0,1578.0,1578.0,1578.0,117,0.0,0.0
2024-08-01 13:40:00+09:00,1578.0,1578.0,1574.0,1578.0,127,0.0,0.0
2024-08-01 13:45:00+09:00,1574.0,1579.0,1573.0,1579.0,1196,0.0,0.0
2024-08-01 13:50:00+09:00,1579.0,1579.0,1579.0,1579.0,123,0.0,0.0
2024-08-01 13:55:00+09:00,1580.0,1580.0,1579.0,1580.0,123,0.0,0.0
2024-08-01 14:00:00+09:00,1575.0,1580.0,1575.0,1580.0,242,0.0,0.0
2024-08-01 14:05:00+09:00,1580.0,1580.0,1580.0,1580.0,119,0.0,0.0
2024-08-01 14:10:00+09:00,1580.0,1580.0,1580.0,1580.0,12,0.0,0.0
2024-08-01 14:15:00+09:00,1580.0,1581.0,1580.0,1580.0,111,0.0,0.0
2024-08-01 14:20:00+09:00,1581.0,1581.0,1581.0,1581.0,222,0.0,0.0
2024-08-01 14:25:00+09:00,1581.0,1581.0,1581.0,1581.0,0,0.0,0.0
2024-08-01 14:30:00+09:00,1582.0,1582.0,1582.0,1582.0,114,0.0,0.0
2024-08-01 14:35:00+09:00,1582.0,1587.0,1582.0,1587.0,193,0.0,0.0
2024-08-01 14:40:00+09:00,1587.0,1587.0,1587.0,1587.0,0,0.0,0.0
2024-08-01 14:45:00+09:00,1587.0,1587.0,1587.0,1587.0,117,0.0,0.0
2024-08-01 14:50:00+09:00,1587.0,1587.0,1587.0,1587.0,21,0.0,0.0
2024-08-01 14:55:00+09:00,1587.0,1587.0,1586.0,1586.0,112,0.0,0.0
2024-08-02 09:00:00+09:00,1560.0,1560.0,1560.0,1560.0,1308,0.0,0.0
2024-08-02 09:10:00+09:00,1559.0,1559.0,1543.0,1549.0,13730,0.0,0.0
2024-08-02 09:15:00+09:00,1544.0,1544.0,1535.0,1535.0,4345,0.0,0.0
2024-08-02 09:20:00+09:00,1535.0,1535.0,1518.0,1524.0,3645,0.0,0.0
2024-08-02 09:25:00+09:00,1540.0,1542.0,1523.0,1530.0,0,0.0,0.0
2024-08-02 09:30:00+09:00,1530.0,1541.0,1525.0,1525.0,227,0.0,0.0
2024-08-02 09:35:00+09:00,1530.0,1541.0,1520.0,1520.0,1427,0.0,0.0
2024-08-02 09:40:00+09:00,1520.0,1541.0,1517.0,1529.0,8268,0.0,0.0
2024-08-02 09:45:00+09:00,1529.0,1529.0,1528.0,1528.0,13,0.0,0.0
2024-08-02 09:50:00+09:00,1519.0,1527.0,1509.0,1509.0,2231,0.0,0.0
2024-08-02 09:55:00+09:00,1509.0,1525.0,1508.0,1523.0,864,0.0,0.0
2024-08-02 10:00:00+09:00,1523.0,1524.0,1508.0,1510.0,8514,0.0,0.0
2024-08-02 10:05:00+09:00,1523.0,1524.0,1523.0,1524.0,58,0.0,0.0
2024-08-02 10:10:00+09:00,1517.0,1524.0,1513.0,1524.0,541,0.0,0.0
2024-08-02 10:15:00+09:00,1524.0,1524.0,1509.0,1509.0,474,0.0,0.0
2024-08-02 10:20:00+09:00,1523.0,1523.0,1523.0,1523.0,2,0.0,0.0
2024-08-02 10:25:00+09:00,1512.0,1512.0,1511.0,1511.0,156,0.0,0.0
2024-08-02 10:30:00+09:00,1510.0,1523.0,1508.0,1508.0,483,0.0,0.0
2024-08-02 10:35:00+09:00,1508.0,1520.0,1508.0,1520.0,0,0.0,0.0
2024-08-02 10:40:00+09:00,1509.0,1509.0,1489.0,1500.0,16373,0.0,0.0
2024-08-02 10:45:00+09:00,1513.0,1513.0,1501.0,1501.0,898,0.0,0.0
2024-08-02 10:55:00+09:00,1512.0,1512.0,1512.0,1512.0,0,0.0,0.0
2024-08-02 11:10:00+09:00,1512.0,1518.0,1512.0,1518.0,460,0.0,0.0
2024-08-02 11:15:00+09:00,1518.0,1518.0,1518.0,1518.0,0,0.0,0.0
2024-08-02 11:20:00+09:00,1517.0,1518.0,1517.0,1518.0,20,0.0,0.0
2024-08-02 11:25:00+09:00,1517.0,1517.0,1517.0,1517.0,3,0.0,0.0
2024-08-02 11:50:00+09:00,1517.0,1517.0,1517.0,1517.0,108,0.0,0.0
2024-08-02 11:55:00+09:00,1517.0,1517.0,1517.0,1517.0,0,0.0,0.0
2024-08-02 12:00:00+09:00,1516.0,1516.0,1511.0,1511.0,656,0.0,0.0
2024-08-02 12:05:00+09:00,1518.0,1520.0,1516.0,1516.0,6763,0.0,0.0
2024-08-02 12:10:00+09:00,1521.0,1521.0,1521.0,1521.0,0,0.0,0.0
2024-08-02 12:20:00+09:00,1521.0,1521.0,1521.0,1521.0,1,0.0,0.0
2024-08-02 12:25:00+09:00,1521.0,1521.0,1521.0,1521.0,6,0.0,0.0
2024-08-02 12:35:00+09:00,1516.0,1516.0,1515.0,1515.0,648,0.0,0.0
2024-08-02 12:50:00+09:00,1521.0,1521.0,1521.0,1521.0,0,0.0,0.0
2024-08-02 13:00:00+09:00,1521.0,1521.0,1521.0,1521.0,0,0.0,0.0
2024-08-02 13:05:00+09:00,1521.0,1525.0,1521.0,1525.0,2630,0.0,0.0
2024-08-02 13:10:00+09:00,1520.0,1528.0,1520.0,1528.0,2285,0.0,0.0
2024-08-02 13:20:00+09:00,1525.0,1528.0,1525.0,1528.0,464,0.0,0.0
2024-08-02 13:25:00+09:00,1528.0,1528.0,1528.0,1528.0,132,0.0,0.0
2024-08-02 13:30:00+09:00,1528.0,1528.0,1528.0,1528.0,0,0.0,0.0
2024-08-02 13:35:00+09:00,1528.0,1528.0,1528.0,1528.0,63,0.0,0.0
2024-08-02 13:40:00+09:00,1528.0,1528.0,1525.0,1525.0,1990,0.0,0.0
2024-08-02 13:45:00+09:00,1528.0,1528.0,1528.0,1528.0,0,0.0,0.0
2024-08-02 13:50:00+09:00,1528.0,1528.0,1528.0,1528.0,0,0.0,0.0
2024-08-02 13:55:00+09:00,1528.0,1528.0,1528.0,1528.0,65,0.0,0.0
2024-08-02 14:00:00+09:00,1528.0,1528.0,1528.0,1528.0,165,0.0,0.0
2024-08-02 14:10:00+09:00,1528.0,1528.0,1528.0,1528.0,66,0.0,0.0
2024-08-02 14:15:00+09:00,1528.0,1528.0,1525.0,1528.0,64,0.0,0.0
2024-08-02 14:20:00+09:00,1528.0,1528.0,1528.0,1528.0,129,0.0,0.0
2024-08-02 14:30:00+09:00,1527.0,1527.0,1526.0,1527.0,1641,0.0,0.0
2024-08-02 14:35:00+09:00,1525.0,1527.0,1525.0,1526.0,585,0.0,0.0
2024-08-02 14:40:00+09:00,1525.0,1525.0,1525.0,1525.0,5256,0.0,0.0
2024-08-02 14:45:00+09:00,1526.0,1526.0,1521.0,1521.0,92,0.0,0.0
2024-08-02 14:50:00+09:00,1526.0,1526.0,1520.0,1520.0,610,0.0,0.0
2024-08-02 14:55:00+09:00,1526.0,1528.0,1526.0,1528.0,0,0.0,0.0
2024-08-05 09:00:00+09:00,1501.0,1513.0,1478.0,1478.0,0,0.0,0.0
2024-08-05 09:05:00+09:00,1504.0,1504.0,1431.0,1449.0,2638,0.0,0.0
2024-08-05 09:10:00+09:00,1431.0,1450.0,1405.0,1413.0,3802,0.0,0.0
2024-08-05 09:15:00+09:00,1415.0,1436.0,1415.0,1436.0,800,0.0,0.0
2024-08-05 09:20:00+09:00,1436.0,1436.0,1405.0,1405.0,5239,0.0,0.0
2024-08-05 09:25:00+09:00,1413.0,1418.0,1413.0,1418.0,7888,0.0,0.0
2024-08-05 09:30:00+09:00,1424.0,1434.0,1420.0,1420.0,1144,0.0,0.0
2024-08-05 09:35:00+09:00,1419.0,1419.0,1405.0,1412.0,5727,0.0,0.0
2024-08-05 09:40:00+09:00,1412.0,1422.0,1406.0,1414.0,994,0.0,0.0
2024-08-05 09:45:00+09:00,1413.0,1414.0,1412.0,1414.0,508,0.0,0.0
2024-08-05 09:50:00+09:00,1414.0,1414.0,1412.0,1412.0,1619,0.0,0.0
2024-08-05 09:55:00+09:00,1412.0,1412.0,1411.0,1411.0,0,0.0,0.0
2024-08-05 10:00:00+09:00,1411.0,1414.0,1410.0,1410.0,3884,0.0,0.0
2024-08-05 10:05:00+09:00,1414.0,1423.0,1411.0,1423.0,0,0.0,0.0
2024-08-05 10:10:00+09:00,1423.0,1423.0,1414.0,1414.0,165,0.0,0.0
2024-08-05 10:15:00+09:00,1413.0,1413.0,1412.0,1412.0,749,0.0,0.0
2024-08-05 10:20:00+09:00,1412.0,1412.0,1412.0,1412.0,150,0.0,0.0
2024-08-05 10:25:00+09:00,1413.0,1414.0,1411.0,1412.0,2498,0.0,0.0
2024-08-05 10:30:00+09:00,1413.0,1413.0,1413.0,1413.0,220,0.0,0.0
2024-08-05 10:35:00+09:00,1414.0,1416.0,1413.0,1416.0,1047,0.0,0.0
2024-08-05 10:40:00+09:00,1417.0,1418.0,1412.0,1412.0,1003,0.0,0.0
2024-08-05 10:45:00+09:00,1412.0,1412.0,1412.0,1412.0,0,0.0,0.0
2024-08-05 10:55:00+09:00,1418.0,1418.0,1412.0,1412.0,108,0.0,0.0
2024-08-05 11:00:00+09:00,1412.0,1423.0,1412.0,1422.0,611,0.0,0.0
2024-08-05 11:05:00+09:00,1414.0,1414.0,1413.0,1413.0,801,0.0,0.0
2024-08-05 11:10:00+09:00,1413.0,1413.0,1406.0,1406.0,3365,0.0,0.0
2024-08-05 11:15:00+09:00,1406.0,1409.0,1406.0,1409.0,60,0.0,0.0
2024-08-05 11:20:00+09:00,1407.0,1410.0,1407.0,1410.0,1763,0.0,0.0
2024-08-05 11:25:00+09:00,1411.0,1411.0,1410.0,1410.0,16,0.0,0.0
2024-08-05 11:35:00+09:00,1412.0,1412.0,1409.0,1409.0,1232,0.0,0.0
2024-08-05 11:40:00+09:00,1410.0,1410.0,1409.0,1409.0,2277,0.0,0.0
2024-08-05 11:50:00+09:00,1409.0,1409.0,1406.0,1406.0,4928,0.0,0.0
2024-08-05 11:55:00+09:00,1406.0,1407.0,1405.0,1407.0,1024,0.0,0.0
2024-08-05 12:00:00+09:00,1405.0,1406.0,1405.0,1406.0,3030,0.0,0.0
2024-08-05 12:05:00+09:00,1405.0,1406.0,1405.0,1406.0,0,0.0,0.0
2024-08-05 12:10:00+09:00,1406.0,1406.0,1406.0,1406.0,49,0.0,0.0
2024-08-05 12:15:00+09:00,1405.0,1405.0,1405.0,1405.0,11193,0.0,0.0
2024-08-05 12:25:00+09:00,1405.0,1405.0,1405.0,1405.0,4000,0.0,0.0
2024-08-05 12:35:00+09:00,1405.0,1405.0,1405.0,1405.0,0,0.0,0.0
2024-08-05 12:40:00+09:00,1405.0,1405.0,1403.0,1403.0,2862,0.0,0.0
2024-08-05 12:45:00+09:00,1404.0,1404.0,1404.0,1404.0,0,0.0,0.0
2024-08-05 12:50:00+09:00,1404.0,1404.0,1403.0,1403.0,371,0.0,0.0
2024-08-05 12:55:00+09:00,1403.0,1403.0,1403.0,1403.0,257,0.0,0.0
2024-08-05 13:00:00+09:00,1403.0,1403.0,1403.0,1403.0,1960,0.0,0.0
2024-08-05 13:05:00+09:00,1403.0,1403.0,1403.0,1403.0,769,0.0,0.0
2024-08-05 13:10:00+09:00,1403.0,1403.0,1403.0,1403.0,0,0.0,0.0
2024-08-05 13:15:00+09:00,1403.0,1404.0,1402.0,1402.0,3800,0.0,0.0
2024-08-05 13:20:00+09:00,1401.0,1401.0,1398.0,1399.0,5833,0.0,0.0
2024-08-05 13:30:00+09:00,1399.0,1399.0,1399.0,1399.0,0,0.0,0.0
2024-08-05 13:35:00+09:00,1399.0,1399.0,1393.0,1393.0,4979,0.0,0.0
2024-08-05 13:40:00+09:00,1397.0,1397.0,1385.0,1385.0,1866,0.0,0.0
2024-08-05 13:45:00+09:00,1385.0,1385.0,1385.0,1385.0,95,0.0,0.0
2024-08-05 13:50:00+09:00,1384.0,1384.0,1375.0,1375.0,1119,0.0,0.0
2024-08-05 13:55:00+09:00,1385.0,1389.0,1385.0,1389.0,494,0.0,0.0
2024-08-05 14:25:00+09:00,1383.0,1383.0,1376.0,1376.0,768,0.0,0.0
2024-08-05 14:30:00+09:00,1376.0,1376.0,1376.0,1376.0,30,0.0,0.0
2024-08-05 14:35:00+09:00,1376.0,1376.0,1370.0,1370.0,9230,0.0,0.0
2024-08-05 14:40:00+09:00,1369.0,1375.0,1355.0,1375.0,2319,0.0,0.0
2024-08-05 14:45:00+09:00,1356.0,1356.0,1344.0,1344.0,1232,0.0,0.0
2024-08-05 14:50:00+09:00,1349.0,1349.0,1256.0,1270.0,11955,0.0,0.0
2024-08-05 14:55:00+09:00,1270.0,1305.0,1270.0,1304.0,6576,0.0,0.0
2024-08-06 09:00:00+09:00,1290.0,1350.0,1290.0,1350.0,6449,0.0,0.0
2024-08-06 09:05:00+09:00,1340.0,1353.0,1306.0,1353.0,5478,0.0,0.0
2024-08-06 09:10:00+09:00,1355.0,1412.0,1355.0,1412.0,642,0.0,0.0
2024-08-06 09:15:00+09:00,1430.0,1430.0,1369.0,1426.0,603,0.0,0.0
2024-08-06 09:20:00+09:00,1399.0,1426.0,1366.0,1377.0,268,0.0,0.0
2024-08-06 09:25:00+09:00,1415.0,1415.0,1391.0,1391.0,561,0.0,0.0
2024-08-06 09:30:00+09:00,1391.0,1391.0,1370.0,1370.0,9005,0.0,0.0
2024-08-06 09:35:00+09:00,1408.0,1408.0,1407.0,1407.0,0,0.0,0.0
2024-08-06 09:45:00+09:00,1392.0,1395.0,1392.0,1395.0,137,0.0,0.0
2024-08-06 09:50:00+09:00,1376.0,1376.0,1376.0,1376.0,0,0.0,0.0
2024-08-06 09:55:00+09:00,1394.0,1394.0,1379.0,1379.0,400,0.0,0.0
2024-08-06 10:00:00+09:00,1380.0,1380.0,1380.0,1380.0,0,0.0,0.0
2024-08-06 10:05:00+09:00,1391.0,1396.0,1391.0,1396.0,322,0.0,0.0
2024-08-06 10:10:00+09:00,1396.0,1396.0,1396.0,1396.0,1447,0.0,0.0
2024-08-06 10:15:00+09:00,1396.0,1396.0,1396.0,1396.0,0,0.0,0.0
2024-08-06 10:20:00+09:00,1382.0,1396.0,1382.0,1396.0,41,0.0,0.0
2024-08-06 10:25:00+09:00,1380.0,1389.0,1379.0,1379.0,2028,0.0,0.0
2024-08-06 10:30:00+09:00,1389.0,1389.0,1389.0,1389.0,0,0.0,0.0
2024-08-06 10:35:00+09:00,1379.0,1385.0,1373.0,1373.0,1572,0.0,0.0
2024-08-06 10:40:00+09:00,1372.0,1372.0,1362.0,1362.0,365,0.0,0.0
2024-08-06 10:45:00+09:00,1363.0,1372.0,1362.0,1372.0,1057,0.0,0.0
2024-08-06 11:05:00+09:00,1367.0,1367.0,1367.0,1367.0,0,0.0,0.0
2024-08-06 11:20:00+09:00,1368.0,1368.0,1368.0,1368.0,19,0.0,0.0
2024-08-06 11:25:00+09:00,1368.0,1368.0,1368.0,1368.0,0,0.0,0.0
2024-08-06 11:40:00+09:00,1367.0,1367.0,1367.0,1367.0,370,0.0,0.0
2024-08-06 11:55:00+09:00,1367.0,1367.0,1367.0,1367.0,0,0.0,0.0
2024-08-06 12:00:00+09:00,1370.0,1370.0,1367.0,1370.0,235,0.0,0.0
2024-08-06 12:05:00+09:00,1370.0,1370.0,1370.0,1370.0,100,0.0,0.0
2024-08-06 12:10:00+09:00,1371.0,1371.0,1371.0,1371.0,2,0.0,0.0
2024-08-06 12:15:00+09:00,1370.0,1370.0,1370.0,1370.0,1,0.0,0.0
2024-08-06 12:20:00+09:00,1370.0,1370.0,1370.0,1370.0,35,0.0,0.0
2024-08-06 12:25:00+09:00,1370.0,1372.0,1368.0,1372.0,559,0.0,0.0
2024-08-06 12:50:00+09:00,1372.0,1373.0,1372.0,1373.0,1330,0.0,0.0
2024-08-06 13:10:00+09:00,1372.0,1377.0,1372.0,1377.0,685,0.0,0.0
2024-08-06 13:15:00+09:00,1377.0,1377.0,1377.0,1377.0,143,0.0,0.0
2024-08-06 13:25:00+09:00,1374.0,1374.0,1374.0,1374.0,350,0.0,0.0
2024-08-06 14:20:00+09:00,1374.0,1374.0,1374.0,1374.0,115,0.0,0.0
2024-08-06 14:30:00+09:00,1377.0,1377.0,1377.0,1377.0,206,0.0,0.0
2024-08-06 14:40:00+09:00,1374.0,1374.0,1374.0,1374.0,563,0.0,0.0
2024-08-06 14:45:00+09:00,1374.0,1374.0,1374.0,1374.0,72,0.0,0.0
2024-08-06 14:50:00+09:00,1374.0,1374.0,1374.0,1374.0,828,0.0,0.0
2024-08-06 14:55:00+09:00,1374.0,1374.0,1374.0,1374.0,318,0.0,0.0
2024-08-07 09:00:00+09:00,1364.0,1372.0,1364.0,1372.0,3591,0.0,0.0
2024-08-07 09:10:00+09:00,1372.0,1373.0,1372.0,1373.0,160,0.0,0.0
2024-08-07 09:15:00+09:00,1373.0,1386.0,1373.0,1386.0,1060,0.0,0.0
2024-08-07 09:20:00+09:00,1386.0,1386.0,1386.0,1386.0,216,0.0,0.0
2024-08-07 09:25:00+09:00,1386.0,1389.0,1364.0,1389.0,311,0.0,0.0
2024-08-07 09:30:00+09:00,1388.0,1388.0,1388.0,1388.0,280,0.0,0.0
2024-08-07 09:35:00+09:00,1388.0,1388.0,1388.0,1388.0,180,0.0,0.0
2024-08-07 09:55:00+09:00,1388.0,1388.0,1385.0,1388.0,173,0.0,0.0
2024-08-07 10:00:00+09:00,1385.0,1387.0,1381.0,1387.0,123,0.0,0.0
2024-08-07 10:05:00+09:00,1387.0,1387.0,1380.0,1387.0,40,0.0,0.0
2024-08-07 10:10:00+09:00,1387.0,1388.0,1373.0,1388.0,429,0.0,0.0
2024-08-07 10:15:00+09:00,1376.0,1376.0,1376.0,1376.0,28,0.0,0.0
2024-08-07 10:20:00+09:00,1378.0,1387.0,1376.0,1376.0,274,0.0,0.0
2024-08-07 10:25:00+09:00,1377.0,1377.0,1373.0,1373.0,244,0.0,0.0
2024-08-07 10:30:00+09:00,1376.0,1376.0,1376.0,1376.0,0,0.0,0.0
2024-08-07 10:35:00+09:00,1376.0,1376.0,1374.0,1374.0,2473,0.0,0.0
2024-08-07 10:40:00+09:00,1385.0,1385.0,1385.0,1385.0,0,0.0,0.0
2024-08-07 10:45:00+09:00,1385.0,1385.0,1376.0,1385.0,63,0.0,0.0
2024-08-07 10:50:00+09:00,1386.0,1387.0,1386.0,1387.0,60,0.0,0.0
2024-08-07 10:55:00+09:00,1388.0,1388.0,1377.0,1377.0,31,0.0,0.0
2024-08-07 11:00:00+09:00,1387.0,1387.0,1387.0,1387.0,12,0.0,0.0
2024-08-07 11:05:00+09:00,1387.0,1387.0,1387.0,1387.0,190,0.0,0.0
2024-08-07 11:10:00+09:00,1387.0,1393.0,1385.0,1393.0,6342,0.0,0.0
2024-08-07 11:15:00+09:00,1394.0,1401.0,1394.0,1401.0,1735,0.0,0.0
2024-08-07 11:20:00+09:00,1401.0,1410.0,1401.0,1410.0,3043,0.0,0.0
2024-08-07 11:25:00+09:00,1405.0,1405.0,1405.0,1405.0,1087,0.0,0.0
2024-08-07 11:35:00+09:00,1410.0,1410.0,1405.0,1410.0,0,0.0,0.0
2024-08-07 11:40:00+09:00,1406.0,1406.0,1405.0,1405.0,1375,0.0,0.0
2024-08-07 11:45:00+09:00,1410.0,1410.0,1405.0,1405.0,1199,0.0,0.0
2024-08-07 11:50:00+09:00,1405.0,1405.0,1405.0,1405.0,0,0.0,0.0
2024-08-07 11:55:00+09:00,1404.0,1415.0,1401.0,1415.0,156,0.0,0.0
2024-08-07 12:00:00+09:00,1401.0,1401.0,1401.0,1401.0,81,0.0,0.0
2024-08-07 12:05:00+09:00,1400.0,1400.0,1400.0,1400.0,0,0.0,0.0
2024-08-07 12:10:00+09:00,1400.0,1410.0,1400.0,1400.0,1437,0.0,0.0
2024-08-07 12:15:00+09:00,1410.0,1410.0,1410.0,1410.0,0,0.0,0.0
2024-08-07 12:30:00+09:00,1411.0,1411.0,1411.0,1411.0,214,0.0,0.0
2024-08-07 12:45:00+09:00,1401.0,1409.0,1395.0,1409.0,1153,0.0,0.0
2024-08-07 12:55:00+09:00,1406.0,1406.0,1404.0,1404.0,0,0.0,0.0
2024-08-07 13:00:00+09:00,1404.0,1413.0,1404.0,1413.0,9,0.0,0.0
2024-08-07 13:35:00+09:00,1403.0,1403.0,1403.0,1403.0,33,0.0,0.0
2024-08-07 13:40:00+09:00,1412.0,1412.0,1412.0,1412.0,2,0.0,0.0
2024-08-07 13:45:00+09:00,1404.0,1412.0,1402.0,1412.0,568,0.0,0.0
2024-08-07 13:50:00+09:00,1413.0,1413.0,1413.0,1413.0,1,0.0,0.0
2024-08-07 14:15:00+09:00,1413.0,1413.0,1413.0,1413.0,50,0.0,0.0
2024-08-07 14:25:00+09:00,1412.0,1412.0,1412.0,1412.0,175,0.0,0.0
2024-08-07 14:30:00+09:00,1412.0,1412.0,1412.0,1412.0,83,0.0,0.0
2024-08-07 14:35:00+09:00,1413.0,1413.0,1412.0,1412.0,1227,0.0,0.0
2024-08-07 14:55:00+09:00,1411.0,1411.0,1411.0,1411.0,589,0.0,0.0
2024-08-08 09:00:00+09:00,1412.0,1418.0,1378.0,1418.0,3484,0.0,0.0
2024-08-08 09:05:00+09:00,1417.0,1417.0,1409.0,1409.0,0,0.0,0.0
2024-08-08 09:10:00+09:00,1408.0,1409.0,1408.0,1409.0,1424,0.0,0.0
2024-08-08 09:15:00+09:00,1409.0,1409.0,1409.0,1409.0,13,0.0,0.0
2024-08-08 09:25:00+09:00,1401.0,1422.0,1401.0,1421.0,374,0.0,0.0
2024-08-08 09:30:00+09:00,1403.0,1421.0,1403.0,1421.0,58,0.0,0.0
2024-08-08 09:35:00+09:00,1418.0,1424.0,1405.0,1421.0,699,0.0,0.0
2024-08-08 09:40:00+09:00,1410.0,1422.0,1400.0,1400.0,757,0.0,0.0
2024-08-08 09:50:00+09:00,1403.0,1403.0,1402.0,1402.0,3,0.0,0.0
2024-08-08 09:55:00+09:00,1399.0,1399.0,1399.0,1399.0,1,0.0,0.0
2024-08-08 10:05:00+09:00,1402.0,1411.0,1402.0,1411.0,15,0.0,0.0
2024-08-08 10:15:00+09:00,1410.0,1411.0,1410.0,1410.0,0,0.0,0.0
2024-08-08 10:25:00+09:00,1400.0,1400.0,1400.0,1400.0,14,0.0,0.0
2024-08-08 10:30:00+09:00,1400.0,1400.0,1400.0,1400.0,9,0.0,0.0
2024-08-08 10:50:00+09:00,1400.0,1400.0,1391.0,1391.0,627,0.0,0.0
2024-08-08 10:55:00+09:00,1399.0,1399.0,1399.0,1399.0,0,0.0,0.0
2024-08-08 11:00:00+09:00,1409.0,1409.0,1409.0,1409.0,0,0.0,0.0
2024-08-08 11:05:00+09:00,1408.0,1408.0,1408.0,1408.0,1,0.0,0.0
2024-08-08 11:10:00+09:00,1409.0,1409.0,1409.0,1409.0,2,0.0,0.0
2024-08-08 11:15:00+09:00,1409.0,1409.0,1409.0,1409.0,11,0.0,0.0
2024-08-08 11:20:00+09:00,1409.0,1410.0,1409.0,1410.0,224,0.0,0.0
2024-08-08 11:30:00+09:00,1410.0,1410.0,1410.0,1410.0,0,0.0,0.0
2024-08-08 11:35:00+09:00,1410.0,1410.0,1410.0,1410.0,1,0.0,0.0
2024-08-08 11:40:00+09:00,1410.0,1410.0,1410.0,1410.0,145,0.0,0.0
2024-08-08 11:45:00+09:00,1410.0,1410.0,1410.0,1410.0,155,0.0,0.0
2024-08-08 11:50:00+09:00,1410.0,1410.0,1410.0,1410.0,1,0.0,0.0
2024-08-08 11:55:00+09:00,1410.0,1410.0,1410.0,1410.0,715,0.0,0.0
2024-08-08 12:00:00+09:00,1410.0,1410.0,1410.0,1410.0,0,0.0,0.0
2024-08-08 12:05:00+09:00,1410.0,1410.0,1410.0,1410.0,1,0.0,0.0
2024-08-08 12:10:00+09:00,1410.0,1410.0,1410.0,1410.0,711,0.0,0.0
2024-08-08 12:15:00+09:00,1411.0,1411.0,1411.0,1411.0,0,0.0,0.0
2024-08-08 12:20:00+09:00,1411.0,1411.0,1411.0,1411.0,100,0.0,0.0
2024-08-08 12:30:00+09:00,1411.0,1411.0,1411.0,1411.0,0,0.0,0.0
2024-08-08 12:35:00+09:00,1411.0,1411.0,1411.0,1411.0,0,0.0,0.0
2024-08-08 12:40:00+09:00,1411.0,1411.0,1411.0,1411.0,4,0.0,0.0
2024-08-08 12:45:00+09:00,1411.0,1412.0,1411.0,1412.0,3,0.0,0.0
2024-08-08 12:50:00+09:00,1402.0,1411.0,1402.0,1411.0,5,0.0,0.0
2024-08-08 13:00:00+09:00,1411.0,1411.0,1411.0,1411.0,0,0.0,0.0
2024-08-08 13:05:00+09:00,1411.0,1411.0,1411.0,1411.0,2,0.0,0.0
2024-08-08 13:10:00+09:00,1411.0,1411.0,1411.0,1411.0,4,0.0,0.0
2024-08-08 13:15:00+09:00,1411.0,1411.0,1411.0,1411.0,2,0.0,0.0
2024-08-08 13:20:00+09:00,1411.0,1411.0,1411.0,1411.0,2,0.0,0.0
2024-08-08 13:25:00+09:00,1411.0,1412.0,1411.0,1412.0,1180,0.0,0.0
2024-08-08 13:30:00+09:00,1412.0,1412.0,1403.0,1403.0,0,0.0,0.0
2024-08-08 13:35:00+09:00,1412.0,1412.0,1412.0,1412.0,2,0.0,0.0
2024-08-08 13:40:00+09:00,1411.0,1411.0,1411.0,1411.0,4,0.0,0.0
2024-08-08 13:45:00+09:00,1410.0,1410.0,1410.0,1410.0,2,0.0,0.0
2024-08-08 13:50:00+09:00,1410.0,1410.0,1410.0,1410.0,4,0.0,0.0
2024-08-08 14:00:00+09:00,1410.0,1410.0,1410.0,1410.0,92,0.0,0.0
2024-08-08 14:05:00+09:00,1403.0,1403.0,1403.0,1403.0,381,0.0,0.0
2024-08-08 14:45:00+09:00,1411.0,1411.0,1411.0,1411.0,2104,0.0,0.0
2024-08-08 14:55:00+09:00,1403.0,1403.0,1402.0,1402.0,0,0.0,0.0
2024-08-09 09:00:00+09:00,1408.0,1420.0,1404.0,1404.0,5908,0.0,0.0
2024-08-09 09:05:00+09:00,1404.0,1415.0,1404.0,1415.0,443,0.0,0.0
2024-08-09 09:10:00+09:00,1421.0,1425.0,1421.0,1425.0,251,0.0,0.0
2024-08-09 09:20:00+09:00,1430.0,1499.0,1430.0,1473.0,2541,0.0,0.0
2024-08-09 09:25:00+09:00,1453.0,1479.0,1422.0,1450.0,1596,0.0,0.0
2024-08-09 09:30:00+09:00,1423.0,1423.0,1423.0,1423.0,0,0.0,0.0
2024-08-09 09:35:00+09:00,1442.0,1442.0,1442.0,1442.0,1,0.0,0.0
2024-08-09 09:40:00+09:00,1441.0,1442.0,1428.0,1428.0,968,0.0,0.0
2024-08-09 09:45:00+09:00,1428.0,1428.0,1427.0,1427.0,84,0.0,0.0
2024-08-09 09:50:00+09:00,1427.0,1427.0,1427.0,1427.0,82,0.0,0.0
2024-08-09 09:55:00+09:00,1439.0,1439.0,1425.0,1425.0,0,0.0,0.0
2024-08-09 10:05:00+09:00,1439.0,1439.0,1439.0,1439.0,10,0.0,0.0
2024-08-09 10:10:00+09:00,1425.0,1425.0,1421.0,1421.0,388,0.0,0.0
2024-08-09 10:15:00+09:00,1421.0,1435.0,1421.0,1435.0,1661,0.0,0.0
2024-08-09 10:20:00+09:00,1435.0,1435.0,1435.0,1435.0,315,0.0,0.0
2024-08-09 10:30:00+09:00,1418.0,1418.0,1417.0,1417.0,0,0.0,0.0
2024-08-09 10:40:00+09:00,1431.0,1436.0,1431.0,1436.0,23,0.0,0.0
2024-08-09 10:45:00+09:00,1431.0,1431.0,1431.0,1431.0,33,0.0,0.0
2024-08-09 10:50:00+09:00,1436.0,1436.0,1436.0,1436.0,1,0.0,0.0
2024-08-09 10:55:00+09:00,1432.0,1438.0,1432.0,1438.0,470,0.0,0.0
2024-08-09 11:00:00+09:00,1438.0,1439.0,1438.0,1438.0,13,0.0,0.0
2024-08-09 11:05:00+09:00,1439.0,1439.0,1439.0,1439.0,1,0.0,0.0
2024-08-09 11:10:00+09:00,1439.0,1439.0,1430.0,1430.0,830,0.0,0.0
2024-08-09 11:15:00+09:00,1432.0,1432.0,1430.0,1432.0,606,0.0,0.0
2024-08-09 11:20:00+09:00,1432.0,1432.0,1432.0,1432.0,0,0.0,0.0
2024-08-09 11:30:00+09:00,1432.0,1432.0,1429.0,1429.0,34,0.0,0.0
2024-08-09 11:35:00+09:00,1432.0,1432.0,1432.0,1432.0,2,0.0,0.0
2024-08-09 11:40:00+09:00,1432.0,1432.0,1432.0,1432.0,2,0.0,0.0
2024-08-09 11:45:00+09:00,1432.0,1432.0,1431.0,1431.0,1,0.0,0.0
2024-08-09 11:50:00+09:00,1429.0,1431.0,1429.0,1431.0,36,0.0,0.0
2024-08-09 12:00:00+09:00,1429.0,1432.0,1429.0,1432.0,998,0.0,0.0
2024-08-09 12:05:00+09:00,1429.0,1429.0,1429.0,1429.0,35,0.0,0.0
2024-08-09 12:10:00+09:00,1432.0,1432.0,1429.0,1429.0,140,0.0,0.0
2024-08-09 12:15:00+09:00,1432.0,1432.0,1432.0,1432.0,0,0.0,0.0
2024-08-09 12:20:00+09:00,1429.0,1432.0,1429.0,1432.0,38,0.0,0.0
2024-08-09 12:30:00+09:00,1431.0,1431.0,1431.0,1431.0,0,0.0,0.0
2024-08-09 12:35:00+09:00,1431.0,1431.0,1429.0,1429.0,70,0.0,0.0
2024-08-09 12:40:00+09:00,1429.0,1431.0,1429.0,1431.0,33,0.0,0.0
2024-08-09 12:45:00+09:00,1431.0,1431.0,1431.0,1431.0,2,0.0,0.0
2024-08-09 12:50:00+09:00,1431.0,1431.0,1429.0,1429.0,68,0.0,0.0
2024-08-09 12:55:00+09:00,1431.0,1431.0,1431.0,1431.0,0,0.0,0.0
2024-08-09 13:00:00+09:00,1430.0,1430.0,1430.0,1430.0,1,0.0,0.0
2024-08-09 13:05:00+09:00,1430.0,1430.0,1430.0,1430.0,2,0.0,0.0
2024-08-09 13:10:00+09:00,1429.0,1430.0,1429.0,1430.0,38,0.0,0.0
2024-08-09 13:15:00+09:00,1429.0,1430.0,1428.0,1430.0,75,0.0,0.0
2024-08-09 13:20:00+09:00,1430.0,1430.0,1430.0,1430.0,14,0.0,0.0
2024-08-09 13:25:00+09:00,1428.0,1428.0,1424.0,1424.0,77,0.0,0.0
2024-08-09 13:30:00+09:00,1423.0,1428.0,1421.0,1421.0,8,0.0,0.0
2024-08-09 13:35:00+09:00,1427.0,1427.0,1427.0,1427.0,3,0.0,0.0
2024-08-09 13:40:00+09:00,1427.0,1427.0,1418.0,1418.0,62,0.0,0.0
2024-08-09 13:45:00+09:00,1427.0,1427.0,1427.0,1427.0,0,0.0,0.0
2024-08-09 13:50:00+09:00,1427.0,1427.0,1427.0,1427.0,2,0.0,0.0
2024-08-09 13:55:00+09:00,1427.0,1429.0,1418.0,1418.0,859,0.0,0.0
2024-08-09 14:05:00+09:00,1427.0,1427.0,1427.0,1427.0,0,0.0,0.0
2024-08-09 14:10:00+09:00,1427.0,1427.0,1424.0,1424.0,265,0.0,0.0
2024-08-09 14:25:00+09:00,1429.0,1429.0,1429.0,1429.0,0,0.0,0.0
2024-08-09 14:30:00+09:00,1425.0,1425.0,1425.0,1425.0,65,0.0,0.0
2024-08-12 09:00:00+09:00,1416.0,1444.0,1416.0,1439.0,0,0.0,0.0
2024-08-12 09:05:00+09:00,1435.0,1437.0,1435.0,1437.0,845,0.0,0.0
2024-08-12 09:15:00+09:00,1437.0,1437.0,1437.0,1437.0,37,0.0,0.0
2024-08-12 09:20:00+09:00,1438.0,1438.0,1438.0,1438.0,1,0.0,0.0
2024-08-12 09:25:00+09:00,1437.0,1437.0,1437.0,1437.0,2,0.0,0.0
2024-08-12 09:40:00+09:00,1432.0,1432.0,1425.0,1425.0,461,0.0,0.0
2024-08-12 09:45:00+09:00,1426.0,1426.0,1422.0,1422.0,569,0.0,0.0
2024-08-12 09:50:00+09:00,1436.0,1436.0,1436.0,1436.0,0,0.0,0.0
2024-08-12 10:05:00+09:00,1429.0,1429.0,1429.0,1429.0,10,0.0,0.0
2024-08-12 10:10:00+09:00,1429.0,1429.0,1429.0,1429.0,106,0.0,0.0
2024-08-12 10:45:00+09:00,1424.0,1424.0,1422.0,1422.0,128,0.0,0.0
2024-08-12 11:00:00+09:00,1429.0,1429.0,1429.0,1429.0,0,0.0,0.0
2024-08-12 11:05:00+09:00,1429.0,1429.0,1429.0,1429.0,1,0.0,0.0
2024-08-12 11:10:00+09:00,1427.0,1427.0,1427.0,1427.0,2,0.0,0.0
2024-08-12 11:15:00+09:00,1429.0,1429.0,1429.0,1429.0,1,0.0,0.0
2024-08-12 11:20:00+09:00,1429.0,1429.0,1429.0,1429.0,1,0.0,0.0
2024-08-12 11:30:00+09:00,1429.0,1429.0,1429.0,1429.0,0,0.0,0.0
2024-08-12 11:35:00+09:00,1429.0,1429.0,1429.0,1429.0,1,0.0,0.0
2024-08-12 11:40:00+09:00,1429.0,1429.0,1429.0,1429.0,2,0.0,0.0
2024-08-12 11:45:00+09:00,1429.0,1429.0,1429.0,1429.0,0,0.0,0.0
2024-08-12 11:50:00+09:00,1429.0,1436.0,1429.0,1436.0,726,0.0,0.0
2024-08-12 12:00:00+09:00,1436.0,1436.0,1436.0,1436.0,1,0.0,0.0
2024-08-12 12:05:00+09:00,1436.0,1436.0,1429.0,1429.0,100,0.0,0.0
2024-08-12 12:10:00+09:00,1436.0,1436.0,1436.0,1436.0,13,0.0,0.0
2024-08-12 12:15:00+09:00,1436.0,1436.0,1436.0,1436.0,2,0.0,0.0
2024-08-12 12:20:00+09:00,1436.0,1436.0,1436.0,1436.0,2,0.0,0.0
2024-08-12 12:30:00+09:00,1436.0,1436.0,1436.0,1436.0,0,0.0,0.0
2024-08-12 12:35:00+09:00,1436.0,1436.0,1436.0,1436.0,2,0.0,0.0
2024-08-12 12:40:00+09:00,1437.0,1437.0,1437.0,1437.0,0,0.0,0.0
2024-08-12 12:45:00+09:00,1437.0,1437.0,1437.0,1437.0,4473,0.0,0.0
2024-08-12 12:50:00+09:00,1437.0,1437.0,1437.0,1437.0,405,0.0,0.0
2024-08-12 12:55:00+09:00,1437.0,1443.0,1437.0,1443.0,217,0.0,0.0
2024-08-12 13:00:00+09:00,1444.0,1444.0,1444.0,1444.0,0,0.0,0.0
2024-08-12 13:05:00+09:00,1444.0,1444.0,1444.0,1444.0,626,0.0,0.0
2024-08-12 13:10:00+09:00,1444.0,1444.0,1444.0,1444.0,122,0.0,0.0
2024-08-12 13:15:00+09:00,1444.0,1444.0,1444.0,1444.0,2,0.0,0.0
2024-08-12 13:20:00+09:00,1444.0,1444.0,1444.0,1444.0,2,0.0,0.0
2024-08-12 13:30:00+09:00,1444.0,1444.0,1444.0,1444.0,0,0.0,0.0
2024-08-12 13:35:00+09:00,1444.0,1445.0,1444.0,1445.0,766,0.0,0.0
2024-08-12 13:40:00+09:00,1445.0,1445.0,1443.0,1443.0,248,0.0,0.0
2024-08-12 13:45:00+09:00,1443.0,1445.0,1442.0,1445.0,258,0.0,0.0
2024-08-12 13:50:00+09:00,1445.0,1445.0,1445.0,1445.0,1002,0.0,0.0
2024-08-12 14:25:00+09:00,1445.0,1447.0,1445.0,1447.0,1528,0.0,0.0
2024-08-12 14:30:00+09:00,1444.0,1444.0,1444.0,1444.0,0,0.0,0.0
2024-08-12 14:35:00+09:00,1447.0,1447.0,1447.0,1447.0,1821,0.0,0.0
2024-08-12 14:45:00+09:00,1447.0,1447.0,1447.0,1447.0,0,0.0,0.0
2024-08-12 14:55:00+09:00,1446.0,1447.0,1446.0,1447.0,93,0.0,0.0
2024-08-13 09:00:00+09:00,1456.0,1457.0,1456.0,1457.0,276,0.0,0.0
2024-08-13 09:05:00+09:00,1456.0,1456.0,1456.0,1456.0,5443,0.0,0.0
2024-08-13 09:10:00+09:00,1455.0,1456.0,1452.0,1452.0,0,0.0,0.0
2024-08-13 09:15:00+09:00,1458.0,1458.0,1451.0,1451.0,156,0.0,0.0
2024-08-13 09:20:00+09:00,1450.0,1460.0,1450.0,1460.0,779,0.0,0.0
2024-08-13 09:25:00+09:00,1461.0,1484.0,1460.0,1479.0,683,0.0,0.0
2024-08-13 09:30:00+09:00,1464.0,1470.0,1459.0,1459.0,227,0.0,0.0
2024-08-13 09:35:00+09:00,1456.0,1466.0,1456.0,1466.0,274,0.0,0.0
2024-08-13 09:40:00+09:00,1456.0,1456.0,1456.0,1456.0,0,0.0,0.0
2024-08-13 09:45:00+09:00,1456.0,1456.0,1456.0,1456.0,261,0.0,0.0
2024-08-13 09:50:00+09:00,1455.0,1466.0,1453.0,1466.0,649,0.0,0.0
2024-08-13 09:55:00+09:00,1453.0,1465.0,1453.0,1465.0,217,0.0,0.0
2024-08-13 10:00:00+09:00,1453.0,1466.0,1453.0,1466.0,4,0.0,0.0
2024-08-13 10:05:00+09:00,1466.0,1471.0,1453.0,1471.0,153,0.0,0.0
2024-08-13 10:10:00+09:00,1471.0,1485.0,1453.0,1485.0,137,0.0,0.0
2024-08-13 10:15:00+09:00,1475.0,1475.0,1465.0,1465.0,4,0.0,0.0
2024-08-13 10:20:00+09:00,1465.0,1465.0,1465.0,1465.0,2,0.0,0.0
2024-08-13 10:25:00+09:00,1465.0,1465.0,1465.0,1465.0,0,0.0,0.0
2024-08-13 10:30:00+09:00,1465.0,1465.0,1465.0,1465.0,102,0.0,0.0
2024-08-13 10:35:00+09:00,1464.0,1464.0,1464.0,1464.0,0,0.0,0.0
2024-08-13 10:40:00+09:00,1463.0,1464.0,1463.0,1463.0,214,0.0,0.0
2024-08-13 10:45:00+09:00,1462.0,1462.0,1462.0,1462.0,0,0.0,0.0
2024-08-13 10:50:00+09:00,1462.0,1462.0,1458.0,1461.0,366,0.0,0.0
2024-08-13 10:55:00+09:00,1460.0,1460.0,1458.0,1458.0,0,0.0,0.0
2024-08-13 11:00:00+09:00,1458.0,1458.0,1450.0,1450.0,770,0.0,0.0
2024-08-13 11:05:00+09:00,1449.0,1449.0,1432.0,1432.0,4796,0.0,0.0
2024-08-13 11:10:00+09:00,1448.0,1448.0,1448.0,1448.0,1,0.0,0.0
2024-08-13 11:15:00+09:00,1434.0,1434.0,1434.0,1434.0,1,0.0,0.0
2024-08-13 11:20:00+09:00,1448.0,1448.0,1435.0,1448.0,4,0.0,0.0
2024-08-13 11:25:00+09:00,1434.0,1448.0,1434.0,1448.0,17,0.0,0.0
2024-08-13 11:30:00+09:00,1446.0,1446.0,1435.0,1435.0,46,0.0,0.0
2024-08-13 11:35:00+09:00,1445.0,1445.0,1435.0,1435.0,5,0.0,0.0
2024-08-13 11:40:00+09:00,1435.0,1435.0,1435.0,1435.0,2,0.0,0.0
2024-08-13 11:45:00+09:00,1445.0,1445.0,1435.0,1435.0,1,0.0,0.0
2024-08-13 11:55:00+09:00,1436.0,1436.0,1436.0,1436.0,2,0.0,0.0
2024-08-13 12:20:00+09:00,1445.0,1445.0,1445.0,1445.0,6,0.0,0.0
2024-08-13 12:35:00+09:00,1445.0,1445.0,1445.0,1445.0,2,0.0,0.0
2024-08-13 12:45:00+09:00,1441.0,1444.0,1441.0,1444.0,39,0.0,0.0
2024-08-13 13:00:00+09:00,1444.0,1444.0,1444.0,1444.0,106,0.0,0.0
2024-08-13 13:15:00+09:00,1444.0,1444.0,1444.0,1444.0,0,0.0,0.0
2024-08-13 13:20:00+09:00,1447.0,1447.0,1447.0,1447.0,0,0.0,0.0
2024-08-13 13:25:00+09:00,1447.0,1447.0,1447.0,1447.0,1,0.0,0.0
2024-08-13 13:30:00+09:00,1444.0,1444.0,1444.0,1444.0,776,0.0,0.0
2024-08-13 13:35:00+09:00,1447.0,1447.0,1447.0,1447.0,0,0.0,0.0
2024-08-13 13:40:00+09:00,1447.0,1447.0,1447.0,1447.0,25,0.0,0.0
2024-08-13 14:20:00+09:00,1446.0,1446.0,1446.0,1446.0,273,0.0,0.0
2024-08-14 09:00:00+09:00,1442.0,1460.0,1442.0,1460.0,1978,0.0,0.0
2024-08-14 09:05:00+09:00,1446.0,1452.0,1446.0,1452.0,8,0.0,0.0
2024-08-14 09:10:00+09:00,1452.0,1459.0,1452.0,1459.0,16,0.0,0.0
2024-08-14 09:15:00+09:00,1460.0,1469.0,1460.0,1469.0,373,0.0,0.0
2024-08-14 09:20:00+09:00,1469.0,1469.0,1469.0,1469.0,64,0.0,0.0
2024-08-14 09:25:00+09:00,1468.0,1475.0,1461.0,1475.0,213,0.0,0.0
2024-08-14 09:30:00+09:00,1473.0,1474.0,1461.0,1474.0,90,0.0,0.0
2024-08-14 09:35:00+09:00,1462.0,1480.0,1461.0,1480.0,1561,0.0,0.0
2024-08-14 09:40:00+09:00,1461.0,1461.0,1428.0,1428.0,57,0.0,0.0
2024-08-14 09:45:00+09:00,1478.0,1480.0,1447.0,1447.0,316,0.0,0.0
2024-08-14 09:50:00+09:00,1449.0,1476.0,1449.0,1476.0,0,0.0,0.0
2024-08-14 09:55:00+09:00,1449.0,1476.0,1449.0,1476.0,196,0.0,0.0
2024-08-14 10:00:00+09:00,1453.0,1453.0,1453.0,1453.0,0,0.0,0.0
2024-08-14 10:05:00+09:00,1473.0,1480.0,1458.0,1480.0,413,0.0,0.0
2024-08-14 10:10:00+09:00,1480.0,1480.0,1453.0,1471.0,123,0.0,0.0
2024-08-14 10:15:00+09:00,1453.0,1453.0,1446.0,1446.0,1061,0.0,0.0
2024-08-14 10:20:00+09:00,1462.0,1462.0,1446.0,1446.0,14,0.0,0.0
2024-08-14 10:25:00+09:00,1446.0,1446.0,1446.0,1446.0,0,0.0,0.0
2024-08-14 10:30:00+09:00,1446.0,1460.0,1446.0,1460.0,3,0.0,0.0
2024-08-14 10:35:00+09:00,1446.0,1460.0,1446.0,1460.0,35,0.0,0.0
2024-08-14 10:40:00+09:00,1445.0,1460.0,1444.0,1460.0,4,0.0,0.0
2024-08-14 10:45:00+09:00,1443.0,1460.0,1442.0,1460.0,11,0.0,0.0
2024-08-14 10:50:00+09:00,1442.0,1442.0,1442.0,1442.0,24,0.0,0.0
2024-08-14 10:55:00+09:00,1460.0,1460.0,1442.0,1460.0,0,0.0,0.0
2024-08-14 11:00:00+09:00,1460.0,1460.0,1442.0,1442.0,350,0.0,0.0
2024-08-14 11:05:00+09:00,1441.0,1460.0,1441.0,1441.0,6,0.0,0.0
2024-08-14 11:10:00+09:00,1441.0,1441.0,1441.0,1441.0,198,0.0,0.0
2024-08-14 11:15:00+09:00,1441.0,1441.0,1441.0,1441.0,0,0.0,0.0
2024-08-14 11:20:00+09:00,1441.0,1441.0,1441.0,1441.0,4,0.0,0.0
2024-08-14 11:25:00+09:00,1441.0,1441.0,1441.0,1441.0,3,0.0,0.0
2024-08-14 11:30:00+09:00,1442.0,1442.0,1441.0,1441.0,1,0.0,0.0
2024-08-14 11:35:00+09:00,1442.0,1442.0,1441.0,1441.0,532,0.0,0.0
2024-08-14 11:40:00+09:00,1442.0,1442.0,1442.0,1442.0,872,0.0,0.0
2024-08-14 11:45:00+09:00,1442.0,1442.0,1442.0,1442.0,4,0.0,0.0
2024-08-14 11:50:00+09:00,1442.0,1442.0,1442.0,1442.0,2,0.0,0.0
2024-08-14 11:55:00+09:00,1442.0,1450.0,1442.0,1443.0,1,0.0,0.0
2024-08-14 12:05:00+09:00,1450.0,1450.0,1450.0,1450.0,47,0.0,0.0
2024-08-14 12:10:00+09:00,1450.0,1457.0,1450.0,1457.0,12,0.0,0.0
2024-08-14 12:15:00+09:00,1459.0,1459.0,1459.0,1459.0,0,0.0,0.0
2024-08-14 12:55:00+09:00,1459.0,1460.0,1459.0,1460.0,2210,0.0,0.0
2024-08-14 13:10:00+09:00,1461.0,1461.0,1461.0,1461.0,0,0.0,0.0
2024-08-14 13:35:00+09:00,1453.0,1453.0,1443.0,1443.0,655,0.0,0.0
2024-08-14 13:40:00+09:00,1448.0,1460.0,1448.0,1460.0,11,0.0,0.0
2024-08-14 14:00:00+09:00,1460.0,1460.0,1460.0,1460.0,58,0.0,0.0
2024-08-14 14:15:00+09:00,1450.0,1460.0,1450.0,1460.0,14,0.0,0.0
2024-08-14 14:20:00+09:00,1444.0,1457.0,1442.0,1457.0,474,0.0,0.0
2024-08-14 14:45:00+09:00,1456.0,1456.0,1456.0,1456.0,2,0.0,0.0
2024-08-16 09:00:00+09:00,1480.0,1500.0,1480.0,1481.0,0,0.0,0.0
2024-08-16 09:05:00+09:00,1480.0,1490.0,1480.0,1480.0,169,0.0,0.0
2024-08-16 09:10:00+09:00,1480.0,1481.0,1480.0,1481.0,711,0.0,0.0
2024-08-16 09:15:00+09:00,1481.0,1490.0,1480.0,1480.0,9387,0.0,0.0
2024-08-16 09:20:00+09:00,1479.0,1480.0,1465.0,1479.0,870,0.0,0.0
2024-08-16 09:25:00+09:00,1479.0,1479.0,1471.0,1471.0,16,0.0,0.0
2024-08-16 09:30:00+09:00,1472.0,1472.0,1472.0,1472.0,3,0.0,0.0
2024-08-16 09:35:00+09:00,1474.0,1480.0,1474.0,1474.0,653,0.0,0.0
2024-08-16 09:40:00+09:00,1474.0,1474.0,1474.0,1474.0,151,0.0,0.0
2024-08-16 09:45:00+09:00,1481.0,1481.0,1481.0,1481.0,0,0.0,0.0
2024-08-16 09:50:00+09:00,1474.0,1474.0,1474.0,1474.0,1,0.0,0.0
2024-08-16 09:55:00+09:00,1475.0,1480.0,1475.0,1480.0,216,0.0,0.0
2024-08-16 10:00:00+09:00,1475.0,1475.0,1475.0,1475.0,0,0.0,0.0
2024-08-16 10:05:00+09:00,1481.0,1481.0,1475.0,1475.0,15,0.0,0.0
2024-08-16 10:10:00+09:00,1475.0,1475.0,1475.0,1475.0,2,0.0,0.0
2024-08-16 10:15:00+09:00,1481.0,1481.0,1475.0,1475.0,1,0.0,0.0
2024-08-16 10:20:00+09:00,1481.0,1481.0,1475.0,1475.0,5,0.0,0.0
2024-08-16 10:25:00+09:00,1475.0,1475.0,1475.0,1475.0,36,0.0,0.0
2024-08-16 10:30:00+09:00,1475.0,1475.0,1475.0,1475.0,0,0.0,0.0
2024-08-16 10:35:00+09:00,1475.0,1475.0,1475.0,1475.0,1,0.0,0.0
2024-08-16 10:40:00+09:00,1475.0,1475.0,1475.0,1475.0,4,0.0,0.0
2024-08-16 10:45:00+09:00,1475.0,1475.0,1475.0,1475.0,0,0.0,0.0
2024-08-16 10:50:00+09:00,1477.0,1477.0,1477.0,1477.0,4,0.0,0.0
2024-08-16 10:55:00+09:00,1477.0,1477.0,1477.0,1477.0,260,0.0,0.0
2024-08-16 11:00:00+09:00,1480.0,1480.0,1477.0,1479.0,873,0.0,0.0
2024-08-16 11:05:00+09:00,1480.0,1480.0,1477.0,1477.0,0,0.0,0.0
2024-08-16 11:10:00+09:00,1481.0,1481.0,1481.0,1481.0,98,0.0,0.0
2024-08-16 11:15:00+09:00,1478.0,1478.0,1475.0,1475.0,1837,0.0,0.0
2024-08-16 11:20:00+09:00,1476.0,1496.0,1476.0,1496.0,3093,0.0,0.0
2024-08-16 11:25:00+09:00,1484.0,1497.0,1484.0,1497.0,0,0.0,0.0
2024-08-16 11:30:00+09:00,1488.0,1488.0,1488.0,1488.0,0,0.0,0.0
2024-08-16 11:35:00+09:00,1489.0,1489.0,1475.0,1476.0,6126,0.0,0.0
2024-08-16 11:40:00+09:00,1477.0,1477.0,1477.0,1477.0,2,0.0,0.0
2024-08-16 11:45:00+09:00,1485.0,1485.0,1479.0,1479.0,12,0.0,0.0
2024-08-16 11:50:00+09:00,1485.0,1485.0,1479.0,1479.0,7,0.0,0.0
2024-08-16 11:55:00+09:00,1479.0,1479.0,1479.0,1479.0,982,0.0,0.0
2024-08-16 12:00:00+09:00,1484.0,1484.0,1484.0,1484.0,0,0.0,0.0
2024-08-16 12:05:00+09:00,1482.0,1487.0,1482.0,1487.0,21998,0.0,0.0
2024-08-16 12:10:00+09:00,1488.0,1488.0,1478.0,1478.0,131,0.0,0.0
2024-08-16 12:20:00+09:00,1489.0,1489.0,1489.0,1489.0,1294,0.0,0.0
2024-08-16 12:25:00+09:00,1490.0,1500.0,1486.0,1486.0,0,0.0,0.0
2024-08-16 12:30:00+09:00,1500.0,1500.0,1500.0,1500.0,8,0.0,0.0
2024-08-16 12:35:00+09:00,1500.0,1500.0,1500.0,1500.0,127,0.0,0.0
2024-08-16 12:40:00+09:00,1491.0,1491.0,1491.0,1491.0,98,0.0,0.0
2024-08-16 12:55:00+09:00,1498.0,1501.0,1498.0,1501.0,76,0.0,0.0
2024-08-16 13:00:00+09:00,1501.0,1502.0,1501.0,1502.0,1725,0.0,0.0
2024-08-16 13:05:00+09:00,1494.0,1502.0,1494.0,1502.0,14,0.0,0.0
2024-08-16 13:10:00+09:00,1502.0,1504.0,1502.0,1504.0,543,0.0,0.0
2024-08-16 13:15:00+09:00,1502.0,1502.0,1499.0,1499.0,681,0.0,0.0
2024-08-16 13:25:00+09:00,1501.0,1501.0,1501.0,1501.0,80,0.0,0.0
2024-08-16 13:30:00+09:00,1502.0,1503.0,1502.0,1503.0,0,0.0,0.0
2024-08-16 13:35:00+09:00,1502.0,1502.0,1501.0,1501.0,365,0.0,0.0
2024-08-16 13:40:00+09:00,1501.0,1501.0,1501.0,1501.0,1195,0.0,0.0
2024-08-16 13:45:00+09:00,1501.0,1501.0,1501.0,1501.0,215,0.0,0.0
2024-08-16 13:50:00+09:00,1501.0,1502.0,1501.0,1502.0,2313,0.0,0.0
2024-08-16 14:00:00+09:00,1498.0,1498.0,1497.0,1497.0,1987,0.0,0.0
2024-08-16 14:05:00+09:00,1498.0,1498.0,1497.0,1497.0,0,0.0,0.0
2024-08-16 14:10:00+09:00,1498.0,1501.0,1498.0,1501.0,12,0.0,0.0
2024-08-16 14:15:00+09:00,1500.0,1500.0,1497.0,1497.0,10073,0.0,0.0
2024-08-16 14:20:00+09:00,1501.0,1501.0,1501.0,1501.0,0,0.0,0.0
2024-08-16 14:25:00+09:00,1498.0,1498.0,1497.0,1497.0,501,0.0,0.0
2024-08-16 14:30:00+09:00,1498.0,1501.0,1497.0,1501.0,0,0.0,0.0
2024-08-16 14:35:00+09:00,1498.0,1498.0,1497.0,1498.0,704,0.0,0.0
2024-08-16 14:40:00+09:00,1497.0,1497.0,1497.0,1497.0,505,0.0,0.0
2024-08-16 14:45:00+09:00,1498.0,1498.0,1497.0,1497.0,3,0.0,0.0
