Datetime,Open,High,Low,Close,Volume,Dividends,Stock Splits
2022-06-23 09:30:00-04:00,109.3499984741211,110.52999877929688,109.3499984741211,109.97000122070312,0,0.0,0.0
2022-06-23 10:30:00-04:00,110.0,110.45999908447266,109.86000061035156,110.08000183105469,48508,0.0,0.0
2022-06-23 11:30:00-04:00,110.08999633789062,110.37999725341797,109.87000274658203,110.03500366210938,32953,0.0,0.0
2022-06-23 12:30:00-04:00,110.01000213623047,110.81999969482422,109.4800033569336,110.7020034790039,29798,0.0,0.0
2022-06-23 13:30:00-04:00,110.7699966430664,111.45999908447266,110.7300033569336,111.42500305175781,22514,0.0,0.0
2022-06-23 14:30:00-04:00,111.5,112.70999908447266,111.5,112.58499908447266,60879,0.0,0.0
2022-06-23 15:30:00-04:00,112.58999633789062,112.80000305175781,112.05999755859375,112.25,99223,0.0,0.0
2022-06-24 09:30:00-04:00,112.75,113.0,111.87999725341797,112.18000030517578,65501,0.0,0.0
2022-06-24 10:30:00-04:00,112.18000030517578,113.33999633789062,111.83999633789062,113.30000305175781,76597,0.0,0.0
2022-06-24 11:30:00-04:00,113.30500030517578,114.04000091552734,113.27999877929688,113.80999755859375,46943,0.0,0.0
2022-06-24 12:30:00-04:00,113.87000274658203,114.51000213623047,113.83999633789062,114.47000122070312,36794,0.0,0.0
2022-06-24 13:30:00-04:00,114.44499969482422,115.01000213623047,114.42500305175781,114.92500305175781,50176,0.0,0.0
2022-06-24 14:30:00-04:00,114.94000244140625,115.29000091552734,114.55999755859375,115.22000122070312,119335,0.0,0.0
2022-06-24 15:30:00-04:00,115.2249984741211,115.23999786376953,114.77999877929688,114.94499969482422,224425,0.0,0.0
2022-06-27 09:30:00-04:00,114.93000030517578,115.12000274658203,113.6500015258789,114.7699966430664,44544,0.0,0.0
2022-06-27 10:30:00-04:00,114.61000061035156,114.79000091552734,114.18000030517578,114.55000305175781,26153,0.0,0.0
2022-06-27 11:30:00-04:00,114.51499938964844,114.94000244140625,114.45999908447266,114.58499908447266,26982,0.0,0.0
2022-06-27 12:30:00-04:00,114.63999938964844,114.66999816894531,114.29000091552734,114.54810333251953,30058,0.0,0.0
2022-06-27 13:30:00-04:00,114.55999755859375,114.77999877929688,114.29910278320312,114.75,57309,0.0,0.0
2022-06-27 14:30:00-04:00,114.69000244140625,114.94000244140625,114.4800033569336,114.70999908447266,37458,0.0,0.0
2022-06-27 15:30:00-04:00,114.72760009765625,114.72760009765625,114.31999969482422,114.56999969482422,89370,0.0,0.0
2022-06-28 09:30:00-04:00,114.30999755859375,116.125,113.23999786376953,115.62000274658203,41526,0.0,0.0
2022-06-28 10:30:00-04:00,115.4800033569336,115.79000091552734,115.2300033569336,115.41000366210938,49197,0.0,0.0
2022-06-28 11:30:00-04:00,115.38500213623047,115.70999908447266,115.0999984741211,115.68000030517578,29697,0.0,0.0
2022-06-28 12:30:00-04:00,115.71499633789062,115.71499633789062,114.95999908447266,115.04499816894531,21159,0.0,0.0
2022-06-28 13:30:00-04:00,114.94999694824219,115.16000366210938,114.41000366210938,114.5999984741211,25602,0.0,0.0
2022-06-28 14:30:00-04:00,114.58999633789062,114.80000305175781,113.9000015258789,114.73999786376953,76632,0.0,0.0
2022-06-28 15:30:00-04:00,114.68000030517578,114.77999877929688,113.91000366210938,113.95999908447266,80324,0.0,0.0
2022-06-29 09:30:00-04:00,114.51000213623047,115.0999984741211,113.70999908447266,114.80999755859375,46375,0.0,0.0
2022-06-29 10:30:00-04:00,114.8499984741211,114.98999786376953,114.4749984741211,114.6500015258789,0,0.0,0.0
2022-06-29 11:30:00-04:00,114.58000183105469,115.01000213623047,114.06999969482422,114.1050033569336,127790,0.0,0.0
2022-06-29 12:30:00-04:00,114.1050033569336,114.4800033569336,113.25,113.31500244140625,59268,0.0,0.0
2022-06-29 13:30:00-04:00,113.57499694824219,113.66000366210938,112.7300033569336,112.81500244140625,93486,0.0,0.0
2022-06-29 14:30:00-04:00,112.77999877929688,114.16999816894531,112.63999938964844,114.16999816894531,66903,0.0,0.0
2022-06-29 15:30:00-04:00,114.12999725341797,114.1500015258789,113.30999755859375,113.97000122070312,97875,0.0,0.0
2022-06-30 09:30:00-04:00,112.30999755859375,113.68000030517578,111.83000183105469,112.9800033569336,51635,0.0,0.0
2022-06-30 10:30:00-04:00,112.91000366210938,113.58499908447266,112.875,113.22000122070312,44081,0.0,0.0
2022-06-30 11:30:00-04:00,113.19000244140625,113.86000061035156,113.12999725341797,113.86000061035156,73152,0.0,0.0
2022-06-30 12:30:00-04:00,113.83000183105469,114.25,113.4000015258789,113.54000091552734,38298,0.0,0.0
2022-06-30 13:30:00-04:00,113.55000305175781,114.11499786376953,113.40499877929688,113.78500366210938,41642,0.0,0.0
2022-06-30 14:30:00-04:00,113.87000274658203,113.93000030517578,113.1050033569336,113.93000030517578,65791,0.0,0.0
2022-06-30 15:30:00-04:00,113.9000015258789,114.30999755859375,113.2300033569336,113.58999633789062,254267,0.0,0.0
2022-07-01 09:30:00-04:00,113.95999908447266,113.95999908447266,112.01499938964844,112.04000091552734,40059,0.0,0.0
2022-07-01 10:30:00-04:00,112.13999938964844,112.7300033569336,111.87999725341797,112.51000213623047,43935,0.0,0.0
2022-07-01 11:30:00-04:00,112.52999877929688,112.69999694824219,112.11000061035156,112.37999725341797,25418,0.0,0.0
2022-07-01 12:30:00-04:00,112.25,112.75,112.13999938964844,112.66000366210938,31161,0.0,0.0
2022-07-01 13:30:00-04:00,112.6500015258789,113.13500213623047,112.62000274658203,113.08000183105469,22472,0.0,0.0
2022-07-01 14:30:00-04:00,113.0999984741211,113.61000061035156,112.95999908447266,113.51000213623047,47560,0.0,0.0
2022-07-01 15:30:00-04:00,113.5999984741211,114.70999908447266,113.5999984741211,114.70999908447266,136682,0.0,0.0
2022-07-05 09:30:00-04:00,114.19000244140625,114.27999877929688,113.11000061035156,114.23999786376953,58965,0.0,0.0
2022-07-05 10:30:00-04:00,114.2249984741211,115.44999694824219,113.93000030517578,115.33999633789062,88243,0.0,0.0
2022-07-05 11:30:00-04:00,115.2699966430664,116.05000305175781,115.08000183105469,115.77999877929688,37718,0.0,0.0
2022-07-05 12:30:00-04:00,115.70999908447266,115.98500061035156,115.5199966430664,115.9000015258789,0,0.0,0.0
2022-07-05 13:30:00-04:00,115.83000183105469,116.80500030517578,115.7699966430664,116.6500015258789,247403,0.0,0.0
2022-07-05 14:30:00-04:00,116.69999694824219,117.05000305175781,116.41000366210938,116.97000122070312,62801,0.0,0.0
2022-07-05 15:30:00-04:00,117.0,117.54000091552734,116.86000061035156,117.44999694824219,126437,0.0,0.0
2022-07-06 09:30:00-04:00,117.93000030517578,119.58499908447266,117.44000244140625,119.0,85964,0.0,0.0
2022-07-06 10:30:00-04:00,119.02999877929688,119.02999877929688,118.08000183105469,118.25,87930,0.0,0.0
2022-07-06 11:30:00-04:00,118.25,118.29000091552734,117.55999755859375,118.09500122070312,68453,0.0,0.0
2022-07-06 12:30:00-04:00,118.04000091552734,118.2300033569336,117.94000244140625,118.0,58337,0.0,0.0
2022-07-06 13:30:00-04:00,117.94999694824219,118.7300033569336,117.94000244140625,118.56999969482422,59103,0.0,0.0
2022-07-06 14:30:00-04:00,118.70999908447266,119.05500030517578,118.37000274658203,118.58999633789062,61019,0.0,0.0
2022-07-06 15:30:00-04:00,118.58999633789062,118.81999969482422,117.58000183105469,117.69000244140625,107054,0.0,0.0
2022-07-07 09:30:00-04:00,117.72000122070312,119.0,117.72000122070312,118.30000305175781,48666,0.0,0.0
2022-07-07 10:30:00-04:00,118.3499984741211,118.8499984741211,118.08000183105469,118.5999984741211,36755,0.0,0.0
2022-07-07 11:30:00-04:00,118.55000305175781,118.7699966430664,118.19999694824219,118.19999694824219,26137,0.0,0.0
2022-07-07 12:30:00-04:00,118.1500015258789,119.0199966430664,117.93000030517578,119.00499725341797,42564,0.0,0.0
2022-07-07 13:30:00-04:00,119.05500030517578,119.13500213623047,118.6500015258789,119.05999755859375,28495,0.0,0.0
2022-07-07 14:30:00-04:00,119.01000213623047,119.12999725341797,118.50499725341797,118.99250030517578,39653,0.0,0.0
2022-07-07 15:30:00-04:00,119.0199966430664,119.30999755859375,118.93000030517578,119.11000061035156,106329,0.0,0.0
2022-07-08 09:30:00-04:00,120.11000061035156,120.19000244140625,118.94999694824219,119.60189819335938,54622,0.0,0.0
2022-07-08 10:30:00-04:00,119.62999725341797,119.62999725341797,119.12000274658203,119.25,28110,0.0,0.0
2022-07-08 11:30:00-04:00,119.20999908447266,119.30000305175781,118.7300033569336,118.76000213623047,16340,0.0,0.0
2022-07-08 12:30:00-04:00,118.81169891357422,118.94000244140625,118.63999938964844,118.63999938964844,19174,0.0,0.0
2022-07-08 13:30:00-04:00,118.5999984741211,118.8499984741211,118.43000030517578,118.79000091552734,25069,0.0,0.0
2022-07-08 14:30:00-04:00,118.8499984741211,119.28500366210938,118.73999786376953,119.20999908447266,40506,0.0,0.0
2022-07-08 15:30:00-04:00,119.18000030517578,119.18000030517578,118.7300033569336,118.7300033569336,67138,0.0,0.0
2022-07-11 09:30:00-04:00,118.20999908447266,118.9489974975586,118.05999755859375,118.7699966430664,34532,0.0,0.0
2022-07-11 10:30:00-04:00,118.80999755859375,119.93499755859375,118.79000091552734,119.91000366210938,58321,0.0,0.0
2022-07-11 11:30:00-04:00,119.86000061035156,120.11000061035156,119.72000122070312,120.05999755859375,34339,0.0,0.0
2022-07-11 12:30:00-04:00,120.08999633789062,120.66000366210938,120.01000213623047,120.56999969482422,43668,0.0,0.0
2022-07-11 13:30:00-04:00,120.5999984741211,121.30999755859375,120.43000030517578,121.25,56052,0.0,0.0
2022-07-11 14:30:00-04:00,121.26000213623047,121.55000305175781,121.0,121.02999877929688,60343,0.0,0.0
2022-07-11 15:30:00-04:00,121.0,121.3499984741211,120.97000122070312,121.23999786376953,103031,0.0,0.0
2022-07-12 09:30:00-04:00,121.7699966430664,122.94999694824219,121.0,121.45999908447266,85718,0.0,0.0
2022-07-12 10:30:00-04:00,121.53500366210938,121.9800033569336,121.50499725341797,121.93000030517578,51256,0.0,0.0
2022-07-12 11:30:00-04:00,122.05000305175781,122.08499908447266,121.2406997680664,121.44999694824219,50154,0.0,0.0
2022-07-12 12:30:00-04:00,121.41999816894531,121.4800033569336,120.41000366210938,120.70999908447266,50369,0.0,0.0
2022-07-12 13:30:00-04:00,120.70999908447266,120.70999908447266,120.29000091552734,120.30500030517578,30007,0.0,0.0
2022-07-12 14:30:00-04:00,120.30999755859375,120.37999725341797,119.19000244140625,119.28500366210938,95012,0.0,0.0
2022-07-12 15:30:00-04:00,119.25499725341797,120.12000274658203,119.12999725341797,120.0,132538,0.0,0.0
2022-07-13 09:30:00-04:00,119.87999725341797,120.80000305175781,118.62000274658203,119.62999725341797,65098,0.0,0.0
2022-07-13 10:30:00-04:00,119.9000015258789,120.56999969482422,119.5,119.67160034179688,90094,0.0,0.0
2022-07-13 11:30:00-04:00,119.77999877929688,119.93499755859375,119.43499755859375,119.93499755859375,85189,0.0,0.0
2022-07-13 12:30:00-04:00,120.0,120.44000244140625,119.8499984741211,119.91500091552734,60978,0.0,0.0
2022-07-13 13:30:00-04:00,119.90499877929688,119.9800033569336,119.06999969482422,119.8917007446289,95164,0.0,0.0
2022-07-13 14:30:00-04:00,119.94000244140625,120.22000122070312,119.0999984741211,119.0999984741211,94690,0.0,0.0
2022-07-13 15:30:00-04:00,119.1500015258789,119.1500015258789,118.08000183105469,118.08000183105469,136519,0.0,0.0
2022-07-14 09:30:00-04:00,116.87999725341797,117.2699966430664,116.19999694824219,117.05899810791016,63608,0.0,0.0
2022-07-14 10:30:00-04:00,117.06999969482422,117.19999694824219,116.22000122070312,116.44000244140625,41593,0.0,0.0
2022-07-14 11:30:00-04:00,116.5199966430664,116.95999908447266,116.2750015258789,116.2750015258789,31789,0.0,0.0
2022-07-14 12:30:00-04:00,116.25,116.70999908447266,115.81999969482422,116.70999908447266,27368,0.0,0.0
2022-07-14 13:30:00-04:00,116.7699966430664,117.63500213623047,116.56999969482422,117.38999938964844,35431,0.0,0.0
2022-07-14 14:30:00-04:00,117.33999633789062,117.94000244140625,117.33999633789062,117.9000015258789,30351,0.0,0.0
2022-07-14 15:30:00-04:00,117.94999694824219,117.9800033569336,117.37999725341797,117.4800033569336,104460,0.0,0.0
2022-07-15 09:30:00-04:00,119.58000183105469,119.88999938964844,118.36100006103516,119.54000091552734,49385,0.0,0.0
2022-07-15 10:30:00-04:00,119.5801010131836,119.75,119.13999938964844,119.22000122070312,0,0.0,0.0
2022-07-15 11:30:00-04:00,119.16000366210938,119.20999908447266,118.94999694824219,118.98999786376953,0,0.0,0.0
2022-07-15 12:30:00-04:00,118.94000244140625,119.45999908447266,118.9000015258789,119.02999877929688,151475,0.0,0.0
2022-07-15 13:30:00-04:00,119.26000213623047,119.5,119.05999755859375,119.26000213623047,33475,0.0,0.0
2022-07-15 14:30:00-04:00,119.4000015258789,119.5094985961914,119.1500015258789,119.33000183105469,56877,0.0,0.0
2022-07-15 15:30:00-04:00,119.33499908447266,119.43000030517578,118.9800033569336,119.05999755859375,129433,0.0,0.0
2022-07-18 09:30:00-04:00,119.05000305175781,119.32499694824219,118.02999877929688,118.91500091552734,68686,0.0,0.0
2022-07-18 10:30:00-04:00,118.91000366210938,119.6500015258789,118.81999969482422,119.6500015258789,65850,0.0,0.0
2022-07-18 11:30:00-04:00,119.66000366210938,120.55000305175781,119.62999725341797,120.40499877929688,73756,0.0,0.0
2022-07-18 12:30:00-04:00,120.43000030517578,120.61000061035156,120.05000305175781,120.11000061035156,32326,0.0,0.0
2022-07-18 13:30:00-04:00,120.13999938964844,120.45999908447266,119.83000183105469,120.06999969482422,46938,0.0,0.0
2022-07-18 14:30:00-04:00,120.06500244140625,120.2699966430664,119.70999908447266,119.88999938964844,63783,0.0,0.0
2022-07-18 15:30:00-04:00,119.87999725341797,119.87999725341797,118.0999984741211,118.0999984741211,169113,0.0,0.0
2022-07-19 09:30:00-04:00,121.52999877929688,122.62999725341797,120.83000183105469,121.08999633789062,225143,0.0,0.0
2022-07-19 10:30:00-04:00,121.05999755859375,122.2699966430664,120.8949966430664,122.2300033569336,130398,0.0,0.0
2022-07-19 11:30:00-04:00,122.1449966430664,122.2699966430664,121.4800033569336,121.80999755859375,89814,0.0,0.0
2022-07-19 12:30:00-04:00,121.87000274658203,122.26000213623047,121.77999877929688,122.08000183105469,68178,0.0,0.0
2022-07-19 13:30:00-04:00,122.15499877929688,123.0,121.92500305175781,122.78500366210938,85634,0.0,0.0
2022-07-19 14:30:00-04:00,122.78589630126953,123.05999755859375,122.375,122.4800033569336,96608,0.0,0.0
2022-07-19 15:30:00-04:00,122.47000122070312,122.47000122070312,121.94000244140625,121.94999694824219,232676,0.0,0.0
2022-07-20 09:30:00-04:00,122.36000061035156,123.37999725341797,122.18000030517578,123.11000061035156,77416,0.0,0.0
2022-07-20 10:30:00-04:00,123.1500015258789,123.23500061035156,122.16000366210938,122.31999969482422,48008,0.0,0.0
2022-07-20 11:30:00-04:00,122.25,122.44000244140625,121.61000061035156,121.6500015258789,41985,0.0,0.0
2022-07-20 12:30:00-04:00,121.63999938964844,121.80000305175781,121.0199966430664,121.80000305175781,57805,0.0,0.0
2022-07-20 13:30:00-04:00,121.8499984741211,122.07360076904297,121.5199966430664,122.05000305175781,36602,0.0,0.0
2022-07-20 14:30:00-04:00,122.01000213623047,122.54000091552734,121.5,122.54000091552734,50531,0.0,0.0
2022-07-20 15:30:00-04:00,122.5,122.58999633789062,121.52999877929688,121.54100036621094,183746,0.0,0.0
2022-07-21 09:30:00-04:00,122.5,123.33999633789062,121.88500213623047,122.51000213623047,65393,0.0,0.0
2022-07-21 10:30:00-04:00,122.66000366210938,123.33999633789062,122.61000061035156,123.13999938964844,34063,0.0,0.0
2022-07-21 11:30:00-04:00,123.16000366210938,123.54000091552734,122.88999938964844,123.54000091552734,39265,0.0,0.0
2022-07-21 12:30:00-04:00,123.5199966430664,123.7699966430664,123.32499694824219,123.44999694824219,29307,0.0,0.0
2022-07-21 13:30:00-04:00,123.44999694824219,123.74500274658203,123.18000030517578,123.55000305175781,39304,0.0,0.0
2022-07-21 14:30:00-04:00,123.54000091552734,123.94000244140625,123.36499786376953,123.89250183105469,44208,0.0,0.0
2022-07-21 15:30:00-04:00,123.87000274658203,124.09500122070312,123.7699966430664,124.08999633789062,130807,0.0,0.0
2022-07-22 09:30:00-04:00,124.0,124.55000305175781,123.51000213623047,124.37999725341797,39783,0.0,0.0
2022-07-22 10:30:00-04:00,124.33999633789062,124.3550033569336,123.76000213623047,123.87000274658203,39024,0.0,0.0
2022-07-22 11:30:00-04:00,123.81500244140625,124.1509017944336,123.7300033569336,123.93000030517578,28817,0.0,0.0
2022-07-22 12:30:00-04:00,123.94000244140625,124.1500015258789,123.5999984741211,123.83999633789062,32139,0.0,0.0
2022-07-22 13:30:00-04:00,123.81999969482422,123.81999969482422,123.01000213623047,123.41000366210938,45928,0.0,0.0
2022-07-22 14:30:00-04:00,123.18000030517578,123.48999786376953,123.08999633789062,123.41999816894531,46801,0.0,0.0
2022-07-22 15:30:00-04:00,123.38999938964844,123.79000091552734,123.31009674072266,123.72000122070312,90072,0.0,0.0
2022-07-25 09:30:00-04:00,123.5,124.75,123.01000213623047,123.77999877929688,51588,0.0,0.0
2022-07-25 10:30:00-04:00,123.58999633789062,124.1500015258789,123.2300033569336,124.1500015258789,46534,0.0,0.0
2022-07-25 11:30:00-04:00,124.23999786376953,124.38500213623047,123.73999786376953,123.93499755859375,31608,0.0,0.0
2022-07-25 12:30:00-04:00,124.0,124.29000091552734,123.94000244140625,124.2750015258789,30627,0.0,0.0
2022-07-25 13:30:00-04:00,124.2699966430664,124.2699966430664,123.74500274658203,123.74500274658203,35636,0.0,0.0
2022-07-25 14:30:00-04:00,123.76499938964844,124.19000244140625,123.66500091552734,123.97000122070312,62309,0.0,0.0
2022-07-25 15:30:00-04:00,123.98999786376953,124.83999633789062,123.98500061035156,124.83000183105469,121240,0.0,0.0
2022-07-26 09:30:00-04:00,122.72000122070312,125.27999877929688,122.72000122070312,124.4800033569336,175818,0.0,0.0
2022-07-26 10:30:00-04:00,124.45999908447266,125.66000366210938,124.4000015258789,125.53500366210938,107269,0.0,0.0
2022-07-26 11:30:00-04:00,125.53500366210938,125.80000305175781,125.11000061035156,125.48999786376953,88894,0.0,0.0
2022-07-26 12:30:00-04:00,125.54000091552734,125.84500122070312,125.01000213623047,125.19499969482422,74643,0.0,0.0
2022-07-26 13:30:00-04:00,125.3499984741211,125.55000305175781,125.12999725341797,125.36000061035156,46357,0.0,0.0
2022-07-26 14:30:00-04:00,125.23880004882812,125.47000122070312,125.11000061035156,125.37000274658203,60558,0.0,0.0
2022-07-26 15:30:00-04:00,125.33000183105469,125.69000244140625,125.04000091552734,125.2300033569336,138675,0.0,0.0
2022-07-27 09:30:00-04:00,124.61000061035156,125.69000244140625,124.26000213623047,124.30000305175781,61002,0.0,0.0
2022-07-27 10:30:00-04:00,124.31500244140625,124.53500366210938,123.43000030517578,124.09100341796875,65435,0.0,0.0
2022-07-27 11:30:00-04:00,124.13899993896484,124.8949966430664,124.11000061035156,124.53489685058594,36723,0.0,0.0
2022-07-27 12:30:00-04:00,124.6500015258789,125.48999786376953,124.61499786376953,125.30000305175781,27960,0.0,0.0
2022-07-27 13:30:00-04:00,125.31999969482422,125.5999984741211,124.95999908447266,125.04000091552734,30363,0.0,0.0
2022-07-27 14:30:00-04:00,125.08999633789062,125.82499694824219,124.83999633789062,125.4010009765625,82244,0.0,0.0
2022-07-27 15:30:00-04:00,125.41999816894531,125.80999755859375,125.16999816894531,125.27999877929688,143808,0.0,0.0
2022-07-28 09:30:00-04:00,124.87999725341797,126.19999694824219,124.58999633789062,125.41000366210938,64944,0.0,0.0
2022-07-28 10:30:00-04:00,125.5199966430664,126.45999908447266,125.5199966430664,126.09500122070312,92177,0.0,0.0
2022-07-28 11:30:00-04:00,126.04000091552734,126.68000030517578,125.95999908447266,126.40499877929688,82517,0.0,0.0
2022-07-28 12:30:00-04:00,126.37999725341797,126.50499725341797,125.8499984741211,126.1500015258789,103237,0.0,0.0
2022-07-28 13:30:00-04:00,126.1500015258789,126.87000274658203,126.1500015258789,126.61000061035156,106518,0.0,0.0
2022-07-28 14:30:00-04:00,126.55500030517578,126.7300033569336,126.22000122070312,126.68000030517578,113311,0.0,0.0
2022-07-28 15:30:00-04:00,126.69000244140625,126.69000244140625,125.30999755859375,125.69999694824219,245081,0.0,0.0
2022-07-29 09:30:00-04:00,124.88999938964844,125.19999694824219,121.04499816894531,122.80999755859375,235056,0.0,0.0
2022-07-29 10:30:00-04:00,122.69000244140625,123.54000091552734,122.30999755859375,122.63999938964844,151416,0.0,0.0
2022-07-29 11:30:00-04:00,122.70999908447266,124.76000213623047,122.69000244140625,124.18000030517578,82631,0.0,0.0
2022-07-29 12:30:00-04:00,124.1500015258789,124.62999725341797,123.31999969482422,123.31999969482422,61270,0.0,0.0
2022-07-29 13:30:00-04:00,123.31500244140625,123.88999938964844,123.05999755859375,123.44999694824219,107961,0.0,0.0
2022-07-29 14:30:00-04:00,123.4800033569336,124.16999816894531,123.13999938964844,123.91500091552734,125694,0.0,0.0
2022-07-29 15:30:00-04:00,123.91000366210938,124.08000183105469,123.12999725341797,123.37999725341797,190844,0.0,0.0
2022-08-01 09:30:00-04:00,123.0199966430664,123.0199966430664,116.97000122070312,117.20999908447266,299808,0.0,0.0
2022-08-01 10:30:00-04:00,117.17500305175781,118.75,116.51000213623047,118.0999984741211,219616,0.0,0.0
2022-08-01 11:30:00-04:00,118.08000183105469,118.25499725341797,117.31500244140625,117.4000015258789,101974,0.0,0.0
2022-08-01 12:30:00-04:00,117.37000274658203,117.38200378417969,116.01000213623047,116.16000366210938,127837,0.0,0.0
2022-08-01 13:30:00-04:00,116.19000244140625,116.62000274658203,115.63999938964844,115.9800033569336,162253,0.0,0.0
2022-08-01 14:30:00-04:00,115.94000244140625,116.86000061035156,115.7300033569336,116.55999755859375,189347,0.0,0.0
2022-08-01 15:30:00-04:00,116.5199966430664,117.16999816894531,116.4800033569336,116.55999755859375,231350,0.0,0.0
2022-08-02 09:30:00-04:00,115.97000122070312,116.72000122070312,114.87000274658203,116.62999725341797,202947,0.0,0.0
2022-08-02 10:30:00-04:00,116.63999938964844,118.19000244140625,116.41999816894531,117.69999694824219,85039,0.0,0.0
2022-08-02 11:30:00-04:00,117.58000183105469,117.80370330810547,117.33999633789062,117.70999908447266,42297,0.0,0.0
2022-08-02 12:30:00-04:00,117.87000274658203,118.37999725341797,117.81999969482422,118.01000213623047,61282,0.0,0.0
2022-08-02 13:30:00-04:00,118.05500030517578,118.33000183105469,117.88999938964844,117.91000366210938,52545,0.0,0.0
2022-08-02 14:30:00-04:00,117.9800033569336,118.05000305175781,117.49500274658203,117.5999984741211,73430,0.0,0.0
2022-08-02 15:30:00-04:00,117.58999633789062,117.91000366210938,117.0199966430664,117.44000244140625,211851,0.0,0.0
2022-08-03 09:30:00-04:00,117.87999725341797,118.3499984741211,117.36000061035156,117.88999938964844,69025,0.0,0.0
2022-08-03 10:30:00-04:00,117.7699966430664,117.94499969482422,117.33499908447266,117.61000061035156,80602,0.0,0.0
2022-08-03 11:30:00-04:00,117.55999755859375,117.63999938964844,116.80000305175781,116.80000305175781,50934,0.0,0.0
2022-08-03 12:30:00-04:00,116.82499694824219,117.7249984741211,116.80999755859375,117.41999816894531,44765,0.0,0.0
2022-08-03 13:30:00-04:00,117.52999877929688,117.52999877929688,116.7699966430664,117.33999633789062,47620,0.0,0.0
2022-08-03 14:30:00-04:00,117.3905029296875,117.45999908447266,117.0,117.01000213623047,69687,0.0,0.0
2022-08-03 15:30:00-04:00,117.05000305175781,117.8499984741211,116.88999938964844,117.72000122070312,150018,0.0,0.0
2022-08-04 09:30:00-04:00,117.51000213623047,118.83000183105469,117.13999938964844,118.58000183105469,78017,0.0,0.0
2022-08-04 10:30:00-04:00,118.75,118.9000015258789,118.31999969482422,118.5999984741211,53240,0.0,0.0
2022-08-04 11:30:00-04:00,118.62000274658203,119.08999633789062,118.43000030517578,118.58499908447266,42125,0.0,0.0
2022-08-04 12:30:00-04:00,118.55000305175781,118.63999938964844,118.27999877929688,118.62000274658203,35532,0.0,0.0
2022-08-04 13:30:00-04:00,118.5999984741211,118.66999816894531,118.16000366210938,118.30500030517578,49288,0.0,0.0
2022-08-04 14:30:00-04:00,118.29000091552734,118.73999786376953,118.22000122070312,118.72000122070312,66194,0.0,0.0
2022-08-04 15:30:00-04:00,118.75800323486328,119.30999755859375,118.66500091552734,119.26000213623047,125160,0.0,0.0
2022-08-05 09:30:00-04:00,119.2249984741211,120.19000244140625,118.8550033569336,118.94999694824219,71865,0.0,0.0
2022-08-05 10:30:00-04:00,118.94000244140625,119.86000061035156,118.68000030517578,119.58000183105469,52628,0.0,0.0
2022-08-05 11:30:00-04:00,119.52999877929688,120.11000061035156,119.51000213623047,120.02999877929688,33659,0.0,0.0
2022-08-05 12:30:00-04:00,119.9625015258789,120.0199966430664,119.73999786376953,119.80000305175781,28087,0.0,0.0
2022-08-05 13:30:00-04:00,119.80500030517578,120.31999969482422,119.77999877929688,120.05999755859375,63201,0.0,0.0
2022-08-05 14:30:00-04:00,120.0199966430664,120.41999816894531,120.0199966430664,120.33499908447266,50538,0.0,0.0
2022-08-05 15:30:00-04:00,120.3499984741211,120.90499877929688,120.33999633789062,120.33999633789062,96797,0.0,0.0
2022-08-08 09:30:00-04:00,121.3499984741211,121.3499984741211,119.5199966430664,120.12999725341797,33390,0.0,0.0
2022-08-08 10:30:00-04:00,120.16999816894531,120.37999725341797,119.7699966430664,120.01000213623047,31066,0.0,0.0
2022-08-08 11:30:00-04:00,120.0199966430664,120.16999816894531,119.16999816894531,119.16999816894531,26237,0.0,0.0
2022-08-08 12:30:00-04:00,119.18000030517578,119.94999694824219,119.18000030517578,119.8499984741211,29356,0.0,0.0
2022-08-08 13:30:00-04:00,119.79000091552734,119.9800033569336,119.3499984741211,119.3499984741211,25401,0.0,0.0
2022-08-08 14:30:00-04:00,119.41000366210938,119.68499755859375,119.20999908447266,119.20999908447266,35075,0.0,0.0
2022-08-08 15:30:00-04:00,119.19999694824219,119.31999969482422,118.66000366210938,118.70999908447266,132448,0.0,0.0
2022-08-09 09:30:00-04:00,118.80000305175781,119.41000366210938,118.33000183105469,118.55500030517578,41428,0.0,0.0
2022-08-09 10:30:00-04:00,118.5199966430664,119.01000213623047,118.38500213623047,118.7853012084961,30486,0.0,0.0
2022-08-09 11:30:00-04:00,118.80000305175781,119.1050033569336,118.55000305175781,118.9000015258789,30418,0.0,0.0
2022-08-09 12:30:00-04:00,118.93000030517578,119.00499725341797,118.73999786376953,118.88999938964844,28458,0.0,0.0
2022-08-09 13:30:00-04:00,118.80999755859375,119.02999877929688,118.77999877929688,118.91500091552734,31206,0.0,0.0
2022-08-09 14:30:00-04:00,118.87999725341797,119.05999755859375,118.83999633789062,118.95999908447266,39651,0.0,0.0
2022-08-09 15:30:00-04:00,119.0,119.06990051269531,118.52999877929688,118.8499984741211,127403,0.0,0.0
2022-08-10 09:30:00-04:00,118.61000061035156,119.20999908447266,118.15499877929688,118.91000366210938,77307,0.0,0.0
2022-08-10 10:30:00-04:00,118.8949966430664,119.05000305175781,118.31500244140625,118.38999938964844,69193,0.0,0.0
2022-08-10 11:30:00-04:00,118.45999908447266,118.5999984741211,117.83999633789062,118.2750015258789,50786,0.0,0.0
2022-08-10 12:30:00-04:00,118.2699966430664,118.3499984741211,117.99500274658203,118.1449966430664,50792,0.0,0.0
2022-08-10 13:30:00-04:00,118.1500015258789,118.5999984741211,117.94999694824219,118.09500122070312,44164,0.0,0.0
2022-08-10 14:30:00-04:00,118.05999755859375,118.33999633789062,117.7699966430664,118.30000305175781,64910,0.0,0.0
2022-08-10 15:30:00-04:00,118.25499725341797,118.45999908447266,118.12000274658203,118.45999908447266,194124,0.0,0.0
2022-08-11 09:30:00-04:00,118.45999908447266,119.83499908447266,118.25,119.58999633789062,47647,0.0,0.0
2022-08-11 10:30:00-04:00,119.52999877929688,119.82499694824219,119.19000244140625,119.30999755859375,42291,0.0,0.0
2022-08-11 11:30:00-04:00,119.33999633789062,119.3499984741211,118.30999755859375,118.43000030517578,39498,0.0,0.0
2022-08-11 12:30:00-04:00,118.418701171875,118.43000030517578,118.1500015258789,118.2300033569336,30703,0.0,0.0
2022-08-11 13:30:00-04:00,118.20999908447266,118.25859832763672,117.83999633789062,117.94999694824219,49229,0.0,0.0
2022-08-11 14:30:00-04:00,117.94999694824219,118.02999877929688,117.43000030517578,117.68920135498047,62443,0.0,0.0
2022-08-11 15:30:00-04:00,117.69000244140625,117.83999633789062,117.37999725341797,117.48999786376953,93981,0.0,0.0
2022-08-12 09:30:00-04:00,118.0,118.0,116.93000030517578,117.48999786376953,132339,0.0,0.0
2022-08-12 10:30:00-04:00,117.49500274658203,118.33000183105469,117.49500274658203,118.25,56154,0.0,0.0
2022-08-12 11:30:00-04:00,118.16000366210938,118.58000183105469,118.08000183105469,118.58000183105469,35184,0.0,0.0
2022-08-12 12:30:00-04:00,118.59500122070312,119.30999755859375,118.59500122070312,119.0199966430664,40485,0.0,0.0
2022-08-12 13:30:00-04:00,118.97000122070312,119.44000244140625,118.95800018310547,119.33999633789062,51129,0.0,0.0
2022-08-12 14:30:00-04:00,119.3499984741211,119.73999786376953,119.33499908447266,119.73999786376953,52798,0.0,0.0
2022-08-12 15:30:00-04:00,119.73999786376953,119.75,119.37000274658203,119.5999984741211,113623,0.0,0.0
2022-08-15 09:30:00-04:00,118.06999969482422,120.82499694824219,118.06999969482422,120.45999908447266,82235,0.0,0.0
2022-08-15 10:30:00-04:00,120.45500183105469,120.9000015258789,119.25,119.5,48398,0.0,0.0
2022-08-15 11:30:00-04:00,119.55999755859375,120.29000091552734,119.5199966430664,119.94000244140625,59631,0.0,0.0
2022-08-15 12:30:00-04:00,119.88999938964844,120.0199966430664,119.58999633789062,119.75,43714,0.0,0.0
2022-08-15 13:30:00-04:00,119.7300033569336,119.7300033569336,119.31999969482422,119.66000366210938,26736,0.0,0.0
2022-08-15 14:30:00-04:00,119.68000030517578,119.91000366210938,119.5999984741211,119.80999755859375,36310,0.0,0.0
2022-08-15 15:30:00-04:00,119.77999877929688,119.79000091552734,119.36000061035156,119.44000244140625,80721,0.0,0.0
2022-08-16 09:30:00-04:00,118.80999755859375,119.9800033569336,118.80999755859375,119.7135009765625,60734,0.0,0.0
2022-08-16 10:30:00-04:00,119.55039978027344,119.83499908447266,119.33499908447266,119.71499633789062,51406,0.0,0.0
2022-08-16 11:30:00-04:00,119.7667007446289,119.80000305175781,119.2699966430664,119.63999938964844,34335,0.0,0.0
2022-08-16 12:30:00-04:00,119.69000244140625,119.8949966430664,119.48999786376953,119.72000122070312,37942,0.0,0.0
2022-08-16 13:30:00-04:00,119.68499755859375,119.9800033569336,119.63999938964844,119.75,49812,0.0,0.0
2022-08-16 14:30:00-04:00,119.68000030517578,119.82499694824219,119.25,119.55000305175781,49614,0.0,0.0
2022-08-16 15:30:00-04:00,119.54499816894531,120.08999633789062,119.16000366210938,119.94000244140625,119299,0.0,0.0
2022-08-17 09:30:00-04:00,119.625,120.76000213623047,119.62000274658203,120.63500213623047,111935,0.0,0.0
2022-08-17 10:30:00-04:00,120.6500015258789,122.04000091552734,120.44000244140625,121.81999969482422,59274,0.0,0.0
2022-08-17 11:30:00-04:00,121.81999969482422,122.81500244140625,121.81999969482422,122.62999725341797,83316,0.0,0.0
2022-08-17 12:30:00-04:00,122.69000244140625,123.08999633789062,122.62999725341797,122.86000061035156,44386,0.0,0.0
2022-08-17 13:30:00-04:00,122.76000213623047,123.38999938964844,122.76000213623047,122.88999938964844,35431,0.0,0.0
2022-08-17 14:30:00-04:00,122.91999816894531,123.20999908447266,122.72000122070312,123.13500213623047,51765,0.0,0.0
2022-08-17 15:30:00-04:00,123.16999816894531,123.56999969482422,123.16999816894531,123.54000091552734,138018,0.0,0.0
2022-08-18 09:30:00-04:00,124.05000305175781,124.80999755859375,123.98999786376953,124.38999938964844,0,0.0,0.0
2022-08-18 10:30:00-04:00,124.3499984741211,124.70500183105469,124.0199966430664,124.70500183105469,123629,0.0,0.0
2022-08-18 11:30:00-04:00,124.72000122070312,125.31999969482422,124.72000122070312,125.05999755859375,47944,0.0,0.0
2022-08-18 12:30:00-04:00,125.0,125.81500244140625,124.68000030517578,125.7699966430664,59740,0.0,0.0
2022-08-18 13:30:00-04:00,125.7300033569336,125.94000244140625,125.59960174560547,125.7300033569336,58075,0.0,0.0
2022-08-18 14:30:00-04:00,125.72000122070312,126.12999725341797,125.72000122070312,125.98999786376953,81018,0.0,0.0
2022-08-18 15:30:00-04:00,126.02999877929688,126.61000061035156,126.02999877929688,126.44999694824219,236659,0.0,0.0
2022-08-19 09:30:00-04:00,126.55999755859375,126.55999755859375,124.30999755859375,124.48999786376953,207064,0.0,0.0
2022-08-19 10:30:00-04:00,124.48999786376953,124.80999755859375,123.56999969482422,123.58999633789062,89570,0.0,0.0
2022-08-19 11:30:00-04:00,123.62999725341797,123.91999816894531,123.04000091552734,123.7249984741211,101449,0.0,0.0
2022-08-19 12:30:00-04:00,123.7300033569336,124.22000122070312,123.5999984741211,124.07499694824219,76957,0.0,0.0
2022-08-19 13:30:00-04:00,124.05000305175781,124.16000366210938,123.56999969482422,124.08000183105469,86959,0.0,0.0
2022-08-19 14:30:00-04:00,124.05000305175781,124.18000030517578,123.375,123.375,186002,0.0,0.0
2022-08-19 15:30:00-04:00,123.33999633789062,123.98999786376953,123.0199966430664,123.80999755859375,259716,0.0,0.0
2022-08-22 09:30:00-04:00,122.61000061035156,125.86000061035156,122.61000061035156,125.33999633789062,89080,0.0,0.0
2022-08-22 10:30:00-04:00,125.4000015258789,126.01000213623047,125.4000015258789,125.75,67175,0.0,0.0
2022-08-22 11:30:00-04:00,125.69999694824219,125.87999725341797,125.38500213623047,125.41500091552734,41253,0.0,0.0
2022-08-22 12:30:00-04:00,125.44999694824219,125.44999694824219,124.43000030517578,124.59010314941406,51457,0.0,0.0
2022-08-22 13:30:00-04:00,124.62000274658203,124.62000274658203,123.5999984741211,123.67500305175781,37499,0.0,0.0
2022-08-22 14:30:00-04:00,123.69000244140625,123.98480224609375,123.56999969482422,123.96499633789062,40031,0.0,0.0
2022-08-22 15:30:00-04:00,123.94000244140625,123.9800033569336,123.29000091552734,123.37999725341797,83187,0.0,0.0
2022-08-23 09:30:00-04:00,123.5,125.0,122.29000091552734,122.70999908447266,37456,0.0,0.0
2022-08-23 10:30:00-04:00,122.61000061035156,122.66000366210938,121.37000274658203,122.0199966430664,45770,0.0,0.0
2022-08-23 11:30:00-04:00,121.98999786376953,122.15499877929688,121.54000091552734,121.70999908447266,35789,0.0,0.0
2022-08-23 12:30:00-04:00,121.62999725341797,122.01000213623047,121.62999725341797,121.76000213623047,16523,0.0,0.0
2022-08-23 13:30:00-04:00,121.69999694824219,121.95999908447266,121.62999725341797,121.7699966430664,26464,0.0,0.0
2022-08-23 14:30:00-04:00,121.83000183105469,122.12999725341797,121.62000274658203,122.04000091552734,40397,0.0,0.0
2022-08-23 15:30:00-04:00,122.05999755859375,122.19000244140625,121.81999969482422,121.87000274658203,92332,0.0,0.0
2022-08-24 09:30:00-04:00,121.62999725341797,123.58999633789062,121.62999725341797,123.3499984741211,209705,0.0,0.0
2022-08-24 10:30:00-04:00,123.26000213623047,123.58999633789062,123.04000091552734,123.44000244140625,30229,0.0,0.0
2022-08-24 11:30:00-04:00,123.48999786376953,123.5999984741211,122.87999725341797,122.88200378417969,25245,0.0,0.0
2022-08-24 12:30:00-04:00,122.86000061035156,122.86000061035156,122.08999633789062,122.37000274658203,21260,0.0,0.0
2022-08-24 13:30:00-04:00,122.37999725341797,122.58999633789062,122.18000030517578,122.41999816894531,27402,0.0,0.0
2022-08-24 14:30:00-04:00,122.45999908447266,123.06999969482422,122.38999938964844,122.91000366210938,32458,0.0,0.0
2022-08-24 15:30:00-04:00,122.87999725341797,123.07499694824219,122.5999984741211,122.66999816894531,88938,0.0,0.0
2022-08-25 09:30:00-04:00,122.5,123.44999694824219,122.23999786376953,123.20999908447266,24844,0.0,0.0
2022-08-25 10:30:00-04:00,123.19999694824219,123.20999908447266,122.08999633789062,122.08999633789062,26217,0.0,0.0
2022-08-25 11:30:00-04:00,122.17500305175781,122.69000244140625,122.17500305175781,122.41000366210938,19130,0.0,0.0
2022-08-25 12:30:00-04:00,122.43000030517578,122.4800033569336,122.18499755859375,122.37999725341797,19059,0.0,0.0
2022-08-25 13:30:00-04:00,122.37999725341797,122.62999725341797,122.33999633789062,122.62999725341797,26087,0.0,0.0
2022-08-25 14:30:00-04:00,122.58999633789062,122.69000244140625,122.3499984741211,122.62999725341797,27456,0.0,0.0
2022-08-25 15:30:00-04:00,122.6500015258789,123.3499984741211,122.58000183105469,123.29000091552734,56225,0.0,0.0
2022-08-26 09:30:00-04:00,123.83999633789062,124.2300033569336,122.16999816894531,122.44999694824219,43740,0.0,0.0
2022-08-26 10:30:00-04:00,122.38999938964844,122.71499633789062,121.86000061035156,122.06999969482422,49759,0.0,0.0
2022-08-26 11:30:00-04:00,122.08999633789062,122.26499938964844,121.33000183105469,121.34500122070312,28481,0.0,0.0
2022-08-26 12:30:00-04:00,121.4000015258789,121.73999786376953,121.20999908447266,121.43000030517578,17599,0.0,0.0
2022-08-26 13:30:00-04:00,121.52999877929688,121.58999633789062,121.30999755859375,121.4000015258789,19039,0.0,0.0
2022-08-26 14:30:00-04:00,121.33000183105469,121.44000244140625,120.9800033569336,121.08999633789062,36995,0.0,0.0
2022-08-26 15:30:00-04:00,121.06500244140625,121.06500244140625,120.18000030517578,120.29000091552734,131122,0.0,0.0
2022-08-29 09:30:00-04:00,120.0199966430664,121.0199966430664,119.38999938964844,120.4800033569336,49660,0.0,0.0
2022-08-29 10:30:00-04:00,120.51000213623047,121.05000305175781,120.0,120.74500274658203,52190,0.0,0.0
2022-08-29 11:30:00-04:00,120.73999786376953,120.7750015258789,120.16000366210938,120.29000091552734,23444,0.0,0.0
2022-08-29 12:30:00-04:00,120.25,120.91999816894531,120.23500061035156,120.55000305175781,26187,0.0,0.0
2022-08-29 13:30:00-04:00,120.4749984741211,120.70999908447266,120.26000213623047,120.36000061035156,28149,0.0,0.0
2022-08-29 14:30:00-04:00,120.36000061035156,120.83999633789062,120.24500274658203,120.2699966430664,37435,0.0,0.0
2022-08-29 15:30:00-04:00,120.23999786376953,120.375,119.9800033569336,120.37000274658203,89586,0.0,0.0
2022-08-30 09:30:00-04:00,119.83000183105469,120.31999969482422,119.2300033569336,119.4000015258789,204705,0.0,0.0
2022-08-30 10:30:00-04:00,119.22000122070312,119.22000122070312,118.30500030517578,118.45999908447266,93701,0.0,0.0
2022-08-30 11:30:00-04:00,118.48999786376953,119.2957992553711,118.22000122070312,119.05500030517578,65394,0.0,0.0
2022-08-30 12:30:00-04:00,119.0999984741211,119.0999984741211,118.4800033569336,118.5999984741211,33915,0.0,0.0
2022-08-30 13:30:00-04:00,118.56999969482422,118.83499908447266,118.1718978881836,118.28500366210938,36561,0.0,0.0
2022-08-30 14:30:00-04:00,118.2699966430664,118.62999725341797,117.97000122070312,118.4000015258789,48471,0.0,0.0
2022-08-30 15:30:00-04:00,118.37000274658203,118.51000213623047,117.83999633789062,117.83999633789062,139021,0.0,0.0
2022-08-31 09:30:00-04:00,119.08999633789062,120.00499725341797,117.83999633789062,118.9800033569336,44487,0.0,0.0
2022-08-31 10:30:00-04:00,119.02999877929688,119.36499786376953,118.33999633789062,118.68000030517578,41889,0.0,0.0
2022-08-31 11:30:00-04:00,118.68000030517578,118.75,118.3499984741211,118.4000015258789,34654,0.0,0.0
2022-08-31 12:30:00-04:00,118.36000061035156,118.6449966430664,118.29000091552734,118.47000122070312,28042,0.0,0.0
2022-08-31 13:30:00-04:00,118.45999908447266,119.16000366210938,118.34500122070312,118.81999969482422,45756,0.0,0.0
2022-08-31 14:30:00-04:00,118.76000213623047,119.05999755859375,118.61000061035156,118.65499877929688,49817,0.0,0.0
2022-08-31 15:30:00-04:00,118.63999938964844,118.9800033569336,118.18000030517578,118.19000244140625,162046,0.0,0.0
2022-09-01 09:30:00-04:00,117.80000305175781,118.97000122070312,117.19999694824219,118.93000030517578,91942,0.0,0.0
2022-09-01 10:30:00-04:00,118.81999969482422,120.0199966430664,118.51000213623047,119.76000213623047,79218,0.0,0.0
2022-09-01 11:30:00-04:00,119.87999725341797,120.83000183105469,119.87999725341797,120.76000213623047,68709,0.0,0.0
2022-09-01 12:30:00-04:00,120.62000274658203,120.68499755859375,119.79000091552734,119.9800033569336,51244,0.0,0.0
2022-09-01 13:30:00-04:00,120.0,120.62999725341797,119.88999938964844,120.41999816894531,53787,0.0,0.0
2022-09-01 14:30:00-04:00,120.47000122070312,120.61000061035156,120.1500015258789,120.47000122070312,82558,0.0,0.0
2022-09-01 15:30:00-04:00,120.51000213623047,121.33000183105469,120.51000213623047,121.08999633789062,102927,0.0,0.0
2022-09-02 09:30:00-04:00,121.58000183105469,121.91999816894531,120.88999938964844,121.91999816894531,47408,0.0,0.0
2022-09-02 10:30:00-04:00,121.88999938964844,122.36000061035156,121.70999908447266,122.36000061035156,80758,0.0,0.0
2022-09-02 11:30:00-04:00,122.36000061035156,122.62999725341797,122.05999755859375,122.11000061035156,51349,0.0,0.0
2022-09-02 12:30:00-04:00,122.13500213623047,122.2300033569336,121.0,121.05999755859375,85496,0.0,0.0
2022-09-02 13:30:00-04:00,121.05999755859375,121.11000061035156,120.58000183105469,120.80999755859375,46154,0.0,0.0
2022-09-02 14:30:00-04:00,120.80999755859375,121.13999938964844,120.25499725341797,120.43000030517578,57897,0.0,0.0
2022-09-02 15:30:00-04:00,120.38999938964844,120.41000366210938,119.66999816894531,119.83000183105469,122366,0.0,0.0
2022-09-06 09:30:00-04:00,123.4000015258789,123.4000015258789,120.58999633789062,121.05000305175781,71574,0.0,0.0
2022-09-06 10:30:00-04:00,120.95999908447266,121.81999969482422,120.7699966430664,121.27999877929688,50183,0.0,0.0
2022-09-06 11:30:00-04:00,121.38999938964844,121.73500061035156,120.79000091552734,120.80000305175781,23388,0.0,0.0
2022-09-06 12:30:00-04:00,120.9800033569336,121.2699966430664,120.41000366210938,120.5999984741211,23441,0.0,0.0
2022-09-06 13:30:00-04:00,120.57499694824219,121.31999969482422,120.57499694824219,121.21749877929688,32075,0.0,0.0
2022-09-06 14:30:00-04:00,121.16999816894531,121.23500061035156,120.8499984741211,121.12000274658203,30815,0.0,0.0
2022-09-06 15:30:00-04:00,121.0999984741211,121.47000122070312,120.80000305175781,121.33000183105469,91800,0.0,0.0
2022-09-07 09:30:00-04:00,120.70999908447266,122.4000015258789,120.54000091552734,122.4000015258789,46817,0.0,0.0
2022-09-07 10:30:00-04:00,122.43000030517578,123.43000030517578,122.43000030517578,123.4000015258789,53924,0.0,0.0
2022-09-07 11:30:00-04:00,123.37999725341797,123.69000244140625,123.25,123.625,33477,0.0,0.0
2022-09-07 12:30:00-04:00,123.63999938964844,124.37999725341797,123.49500274658203,124.20500183105469,65698,0.0,0.0
2022-09-07 13:30:00-04:00,124.25,124.69999694824219,124.15499877929688,124.375,50559,0.0,0.0
2022-09-07 14:30:00-04:00,124.37000274658203,124.43000030517578,124.08000183105469,124.41999816894531,55783,0.0,0.0
2022-09-07 15:30:00-04:00,124.49500274658203,124.49500274658203,123.5199966430664,123.7699966430664,147792,0.0,0.0
2022-09-08 09:30:00-04:00,123.7699966430664,124.70999908447266,122.69999694824219,123.37999725341797,53498,0.0,0.0
2022-09-08 10:30:00-04:00,123.44499969482422,123.97000122070312,123.26000213623047,123.69999694824219,45776,0.0,0.0
2022-09-08 11:30:00-04:00,123.69999694824219,123.7699966430664,122.23999786376953,122.56999969482422,46814,0.0,0.0
2022-09-08 12:30:00-04:00,122.55999755859375,123.37000274658203,122.5199966430664,123.11000061035156,31018,0.0,0.0
2022-09-08 13:30:00-04:00,123.01000213623047,123.55000305175781,123.01000213623047,123.2300033569336,46334,0.0,0.0
2022-09-08 14:30:00-04:00,123.3499984741211,123.62999725341797,123.13500213623047,123.54000091552734,43039,0.0,0.0
2022-09-08 15:30:00-04:00,123.61000061035156,124.11000061035156,123.25,124.06500244140625,111640,0.0,0.0
2022-09-09 09:30:00-04:00,124.23999786376953,124.23999786376953,123.5999984741211,123.98999786376953,37541,0.0,0.0
2022-09-09 10:30:00-04:00,124.08000183105469,124.2699966430664,123.6449966430664,123.91999816894531,27962,0.0,0.0
2022-09-09 11:30:00-04:00,123.91500091552734,123.9800033569336,123.4800033569336,123.81999969482422,30252,0.0,0.0
2022-09-09 12:30:00-04:00,123.7699966430664,123.80000305175781,123.30000305175781,123.54000091552734,30592,0.0,0.0
2022-09-09 13:30:00-04:00,123.52999877929688,123.77999877929688,123.47000122070312,123.55999755859375,20603,0.0,0.0
2022-09-09 14:30:00-04:00,123.58000183105469,124.08999633789062,123.58000183105469,124.0250015258789,28787,0.0,0.0
2022-09-09 15:30:00-04:00,124.01000213623047,124.0199966430664,123.48999786376953,123.9800033569336,102850,0.0,0.0
2022-09-12 09:30:00-04:00,123.83999633789062,124.8949966430664,123.83999633789062,124.80999755859375,38411,0.0,0.0
2022-09-12 10:30:00-04:00,124.88999938964844,124.9000015258789,124.55000305175781,124.7300033569336,45712,0.0,0.0
2022-09-12 11:30:00-04:00,124.7699966430664,124.80000305175781,123.94999694824219,124.16500091552734,31338,0.0,0.0
2022-09-12 12:30:00-04:00,124.13999938964844,124.41999816894531,124.0999984741211,124.33999633789062,21012,0.0,0.0
2022-09-12 13:30:00-04:00,124.44999694824219,124.4800033569336,123.91999816894531,124.01499938964844,25358,0.0,0.0
2022-09-12 14:30:00-04:00,123.9800033569336,124.09500122070312,123.62010192871094,123.63500213623047,35563,0.0,0.0
2022-09-12 15:30:00-04:00,123.62999725341797,124.27999877929688,123.58000183105469,123.9000015258789,104338,0.0,0.0
2022-09-13 09:30:00-04:00,123.06500244140625,123.55000305175781,122.31999969482422,123.20500183105469,74567,0.0,0.0
2022-09-13 10:30:00-04:00,123.18000030517578,123.40249633789062,122.62999725341797,122.78500366210938,87527,0.0,0.0
2022-09-13 11:30:00-04:00,122.75,122.76000213623047,122.37999725341797,122.41000366210938,39818,0.0,0.0
2022-09-13 12:30:00-04:00,122.33999633789062,122.95999908447266,122.18000030517578,122.88999938964844,35835,0.0,0.0
2022-09-13 13:30:00-04:00,122.87999725341797,122.87999725341797,122.41999816894531,122.52999877929688,31623,0.0,0.0
2022-09-13 14:30:00-04:00,122.47000122070312,122.4800033569336,121.29000091552734,121.29000091552734,56351,0.0,0.0
2022-09-13 15:30:00-04:00,121.33000183105469,121.66999816894531,120.79000091552734,120.80999755859375,187733,0.0,0.0
2022-09-14 09:30:00-04:00,121.25,121.38999938964844,120.44999694824219,120.57499694824219,47502,0.0,0.0
2022-09-14 10:30:00-04:00,120.625,121.29000091552734,120.625,120.98999786376953,39471,0.0,0.0
2022-09-14 11:30:00-04:00,120.95999908447266,121.05500030517578,120.7300033569336,120.94999694824219,26630,0.0,0.0
2022-09-14 12:30:00-04:00,121.02999877929688,121.73999786376953,121.02999877929688,121.44999694824219,40235,0.0,0.0
2022-09-14 13:30:00-04:00,121.48500061035156,121.5199966430664,120.7699966430664,120.7699966430664,32308,0.0,0.0
2022-09-14 14:30:00-04:00,120.80000305175781,121.06999969482422,120.44999694824219,120.69750213623047,130465,0.0,0.0
2022-09-14 15:30:00-04:00,120.68000030517578,121.7300033569336,120.55999755859375,121.5999984741211,117956,0.0,0.0
2022-09-15 09:30:00-04:00,124.70999908447266,124.70999908447266,121.66999816894531,122.57499694824219,80892,0.0,0.0
2022-09-15 10:30:00-04:00,122.52999877929688,122.7300033569336,121.45030212402344,122.13999938964844,79177,0.0,0.0
2022-09-15 11:30:00-04:00,122.08999633789062,122.1500015258789,121.11000061035156,121.23999786376953,46857,0.0,0.0
2022-09-15 12:30:00-04:00,121.2300033569336,121.68499755859375,121.08999633789062,121.48999786376953,60380,0.0,0.0
2022-09-15 13:30:00-04:00,121.5199966430664,121.5199966430664,120.76499938964844,121.22000122070312,41761,0.0,0.0
2022-09-15 14:30:00-04:00,121.2300033569336,121.25749969482422,120.01000213623047,120.125,63656,0.0,0.0
2022-09-15 15:30:00-04:00,120.11000061035156,120.27999877929688,118.97000122070312,119.05999755859375,261730,0.0,0.0
2022-09-16 09:30:00-04:00,119.08000183105469,120.1449966430664,117.79000091552734,118.7699966430664,249277,0.0,0.0
2022-09-16 10:30:00-04:00,118.87999725341797,120.58000183105469,118.73999786376953,120.44000244140625,46229,0.0,0.0
2022-09-16 11:30:00-04:00,120.48999786376953,120.56999969482422,119.43000030517578,119.43000030517578,39289,0.0,0.0
2022-09-16 12:30:00-04:00,119.45999908447266,119.80000305175781,119.30000305175781,119.5250015258789,32320,0.0,0.0
2022-09-16 13:30:00-04:00,119.59500122070312,120.12999725341797,119.44000244140625,120.03700256347656,51100,0.0,0.0
2022-09-16 14:30:00-04:00,120.0199966430664,120.79000091552734,119.70999908447266,120.37999725341797,95663,0.0,0.0
2022-09-16 15:30:00-04:00,120.3635025024414,121.12999725341797,120.26499938964844,120.4800033569336,244943,0.0,0.0
2022-09-19 09:30:00-04:00,120.22000122070312,120.68000030517578,118.80000305175781,120.08999633789062,51040,0.0,0.0
2022-09-19 10:30:00-04:00,120.0199966430664,120.44000244140625,119.68000030517578,119.77999877929688,34501,0.0,0.0
2022-09-19 11:30:00-04:00,119.8499984741211,120.19999694824219,119.55999755859375,119.68000030517578,30213,0.0,0.0
2022-09-19 12:30:00-04:00,119.66999816894531,120.16999816894531,119.58499908447266,120.16999816894531,44053,0.0,0.0
2022-09-19 13:30:00-04:00,120.16999816894531,120.33999633789062,119.45999908447266,119.55999755859375,29869,0.0,0.0
2022-09-19 14:30:00-04:00,119.55500030517578,120.51000213623047,119.51499938964844,120.45500183105469,27922,0.0,0.0
2022-09-19 15:30:00-04:00,120.51000213623047,121.12999725341797,120.51000213623047,120.75,97939,0.0,0.0
2022-09-20 09:30:00-04:00,120.23999786376953,120.29000091552734,118.37000274658203,119.4800033569336,65768,0.0,0.0
2022-09-20 10:30:00-04:00,119.54000091552734,119.625,118.79000091552734,118.94000244140625,45790,0.0,0.0
2022-09-20 11:30:00-04:00,118.88999938964844,119.29499816894531,118.79000091552734,118.97000122070312,17915,0.0,0.0
2022-09-20 12:30:00-04:00,118.97000122070312,119.01499938964844,118.58000183105469,118.58499908447266,30151,0.0,0.0
2022-09-20 13:30:00-04:00,118.51000213623047,118.81999969482422,118.12999725341797,118.73999786376953,25158,0.0,0.0
2022-09-20 14:30:00-04:00,118.6500015258789,119.19000244140625,118.27999877929688,118.98999786376953,45041,0.0,0.0
2022-09-20 15:30:00-04:00,118.95999908447266,119.52999877929688,118.94000244140625,119.37999725341797,75635,0.0,0.0
2022-09-21 09:30:00-04:00,119.16000366210938,120.4000015258789,119.16000366210938,120.38999938964844,22377,0.0,0.0
2022-09-21 10:30:00-04:00,120.30000305175781,120.33999633789062,119.56999969482422,119.7300033569336,29244,0.0,0.0
2022-09-21 11:30:00-04:00,119.72000122070312,120.125,119.69760131835938,120.04000091552734,14883,0.0,0.0
2022-09-21 12:30:00-04:00,120.08999633789062,120.33499908447266,119.94999694824219,120.25,26403,0.0,0.0
2022-09-21 13:30:00-04:00,120.22000122070312,120.36000061035156,119.03500366210938,119.5999984741211,36107,0.0,0.0
2022-09-21 14:30:00-04:00,119.48500061035156,121.54499816894531,119.29000091552734,119.29000091552734,81731,0.0,0.0
2022-09-21 15:30:00-04:00,119.19000244140625,119.41000366210938,118.06999969482422,118.20999908447266,132892,0.0,0.0
2022-09-22 09:30:00-04:00,118.0,118.48999786376953,116.87999725341797,117.41000366210938,50157,0.0,0.0
2022-09-22 10:30:00-04:00,117.25,117.41000366210938,116.48999786376953,116.83999633789062,34897,0.0,0.0
2022-09-22 11:30:00-04:00,116.83999633789062,118.19499969482422,116.7699966430664,117.91999816894531,32573,0.0,0.0
2022-09-22 12:30:00-04:00,117.88500213623047,118.28500366210938,117.80999755859375,118.12999725341797,35816,0.0,0.0
2022-09-22 13:30:00-04:00,118.16999816894531,118.3499984741211,117.73500061035156,117.98999786376953,34321,0.0,0.0
2022-09-22 14:30:00-04:00,117.87000274658203,118.30000305175781,117.73999786376953,117.9000015258789,34158,0.0,0.0
2022-09-22 15:30:00-04:00,118.0199966430664,118.55999755859375,117.62000274658203,117.62000274658203,67883,0.0,0.0
2022-09-23 09:30:00-04:00,117.80999755859375,118.05000305175781,116.58499908447266,116.7300033569336,69691,0.0,0.0
2022-09-23 10:30:00-04:00,116.56500244140625,116.56999969482422,115.81500244140625,116.0199966430664,49584,0.0,0.0
2022-09-23 11:30:00-04:00,116.05000305175781,116.38500213623047,115.87000274658203,115.91500091552734,40830,0.0,0.0
2022-09-23 12:30:00-04:00,115.75,116.69999694824219,115.30000305175781,116.48999786376953,65377,0.0,0.0
2022-09-23 13:30:00-04:00,116.5,116.6500015258789,115.31999969482422,115.63500213623047,50406,0.0,0.0
2022-09-23 14:30:00-04:00,115.44999694824219,116.33000183105469,115.1500015258789,116.20500183105469,47188,0.0,0.0
2022-09-23 15:30:00-04:00,116.33000183105469,116.69999694824219,116.19000244140625,116.41999816894531,98641,0.0,0.0
2022-09-26 09:30:00-04:00,115.8499984741211,116.62000274658203,115.53009796142578,116.56999969482422,50386,0.0,0.0
2022-09-26 10:30:00-04:00,116.55000305175781,116.73999786376953,115.69000244140625,115.69000244140625,57148,0.0,0.0
2022-09-26 11:30:00-04:00,115.66000366210938,116.36000061035156,115.66000366210938,115.91999816894531,35131,0.0,0.0
2022-09-26 12:30:00-04:00,115.8949966430664,116.08000183105469,115.38999938964844,115.44000244140625,39654,0.0,0.0
2022-09-26 13:30:00-04:00,115.51000213623047,116.08999633789062,115.44000244140625,115.79000091552734,43327,0.0,0.0
2022-09-26 14:30:00-04:00,115.75,116.9000015258789,115.74500274658203,116.5,62179,0.0,0.0
2022-09-26 15:30:00-04:00,116.51000213623047,117.66000366210938,116.36000061035156,116.69000244140625,132500,0.0,0.0
2022-09-27 09:30:00-04:00,117.7699966430664,119.66799926757812,116.7699966430664,117.44499969482422,53642,0.0,0.0
2022-09-27 10:30:00-04:00,117.41500091552734,118.01000213623047,117.0199966430664,117.0199966430664,48972,0.0,0.0
2022-09-27 11:30:00-04:00,117.16000366210938,117.37999725341797,115.97000122070312,116.18000030517578,32963,0.0,0.0
2022-09-27 12:30:00-04:00,116.1500015258789,116.55500030517578,116.1072006225586,116.29000091552734,29531,0.0,0.0
2022-09-27 13:30:00-04:00,116.2300033569336,116.46499633789062,115.62000274658203,115.7300033569336,46194,0.0,0.0
2022-09-27 14:30:00-04:00,115.75,116.5199966430664,115.55500030517578,116.38999938964844,85126,0.0,0.0
2022-09-27 15:30:00-04:00,116.33999633789062,117.2300033569336,116.2300033569336,117.19999694824219,145752,0.0,0.0
2022-09-28 09:30:00-04:00,117.25,117.87000274658203,116.7699966430664,117.27999877929688,50001,0.0,0.0
2022-09-28 10:30:00-04:00,117.45999908447266,117.52999877929688,117.05000305175781,117.30000305175781,63645,0.0,0.0
2022-09-28 11:30:00-04:00,117.30999755859375,118.2699966430664,117.06999969482422,117.83999633789062,67013,0.0,0.0
2022-09-28 12:30:00-04:00,117.83000183105469,118.44000244140625,117.73999786376953,118.07499694824219,39321,0.0,0.0
2022-09-28 13:30:00-04:00,118.11000061035156,118.29000091552734,117.76000213623047,117.9000015258789,51152,0.0,0.0
2022-09-28 14:30:00-04:00,117.88999938964844,118.62000274658203,117.83000183105469,118.55000305175781,42535,0.0,0.0
2022-09-28 15:30:00-04:00,118.62999725341797,119.0,118.01000213623047,118.30000305175781,149038,0.0,0.0
2022-09-29 09:30:00-04:00,118.33999633789062,118.58999633789062,116.80999755859375,117.41130065917969,86121,0.0,0.0
2022-09-29 10:30:00-04:00,117.66999816894531,118.48999786376953,117.54000091552734,117.80999755859375,66596,0.0,0.0
2022-09-29 11:30:00-04:00,117.66999816894531,118.23069763183594,117.66000366210938,117.77999877929688,32558,0.0,0.0
2022-09-29 12:30:00-04:00,117.7699966430664,118.26000213623047,117.72000122070312,117.75,43720,0.0,0.0
2022-09-29 13:30:00-04:00,117.7699966430664,117.87999725341797,117.3949966430664,117.61000061035156,49764,0.0,0.0
2022-09-29 14:30:00-04:00,117.55999755859375,118.0199966430664,117.54000091552734,117.65499877929688,49164,0.0,0.0
2022-09-29 15:30:00-04:00,117.61000061035156,118.18000030517578,117.61000061035156,117.66000366210938,138084,0.0,0.0
2022-09-30 09:30:00-04:00,118.66000366210938,119.54129791259766,118.31999969482422,118.6500015258789,88462,0.0,0.0
2022-09-30 10:30:00-04:00,118.93499755859375,119.5199966430664,118.7699966430664,118.98999786376953,88082,0.0,0.0
2022-09-30 11:30:00-04:00,119.0,119.02999877929688,118.5,118.79000091552734,47941,0.0,0.0
2022-09-30 12:30:00-04:00,118.7699966430664,119.00499725341797,118.38999938964844,118.45999908447266,36562,0.0,0.0
2022-09-30 13:30:00-04:00,118.4000015258789,118.62000274658203,118.16999816894531,118.30500030517578,60183,0.0,0.0
2022-09-30 14:30:00-04:00,118.2750015258789,118.2750015258789,117.41500091552734,118.1449966430664,107185,0.0,0.0
2022-09-30 15:30:00-04:00,118.19999694824219,118.25,117.20999908447266,117.27999877929688,224255,0.0,0.0
2022-10-03 09:30:00-04:00,117.11000061035156,118.4000015258789,116.38999938964844,117.38500213623047,82927,0.0,0.0
2022-10-03 10:30:00-04:00,117.33000183105469,117.9000015258789,117.01000213623047,117.58000183105469,50896,0.0,0.0
2022-10-03 11:30:00-04:00,117.5999984741211,117.8499984741211,117.2699966430664,117.3550033569336,49281,0.0,0.0
2022-10-03 12:30:00-04:00,117.44000244140625,118.52999877929688,117.26499938964844,118.30500030517578,40775,0.0,0.0
2022-10-03 13:30:00-04:00,118.41210174560547,118.9800033569336,118.41210174560547,118.61000061035156,74683,0.0,0.0
2022-10-03 14:30:00-04:00,118.62000274658203,118.70999908447266,118.05999755859375,118.1500015258789,66356,0.0,0.0
2022-10-03 15:30:00-04:00,118.12000274658203,118.16999816894531,117.30000305175781,117.91999816894531,193186,0.0,0.0
2022-10-04 09:30:00-04:00,118.76000213623047,120.23999786376953,118.76000213623047,119.25,91477,0.0,0.0
2022-10-04 10:30:00-04:00,119.33499908447266,119.86000061035156,118.88500213623047,119.53500366210938,63518,0.0,0.0
2022-10-04 11:30:00-04:00,119.54000091552734,119.79740142822266,118.70500183105469,119.62000274658203,82053,0.0,0.0
2022-10-04 12:30:00-04:00,119.51000213623047,119.67620086669922,118.41000366210938,118.7699966430664,52788,0.0,0.0
2022-10-04 13:30:00-04:00,118.73999786376953,119.08000183105469,118.37000274658203,118.41000366210938,58194,0.0,0.0
2022-10-04 14:30:00-04:00,118.37000274658203,119.70999908447266,118.37000274658203,119.52999877929688,81798,0.0,0.0
2022-10-04 15:30:00-04:00,119.5250015258789,119.83000183105469,119.27999877929688,119.83000183105469,226444,0.0,0.0
2022-10-05 09:30:00-04:00,120.02999877929688,120.45999908447266,118.48999786376953,118.97000122070312,42914,0.0,0.0
2022-10-05 10:30:00-04:00,119.06999969482422,119.43000030517578,118.83000183105469,119.30000305175781,50654,0.0,0.0
2022-10-05 11:30:00-04:00,119.34500122070312,119.625,119.2699966430664,119.48999786376953,49693,0.0,0.0
2022-10-05 12:30:00-04:00,119.47000122070312,120.2300033569336,119.37000274658203,120.16999816894531,61013,0.0,0.0
2022-10-05 13:30:00-04:00,120.20999908447266,120.63999938964844,120.11000061035156,120.30999755859375,57176,0.0,0.0
2022-10-05 14:30:00-04:00,120.30500030517578,120.44000244140625,120.05999755859375,120.08999633789062,79010,0.0,0.0
2022-10-05 15:30:00-04:00,120.08000183105469,120.22840118408203,119.12999725341797,119.61000061035156,167647,0.0,0.0
2022-10-06 09:30:00-04:00,119.45999908447266,121.44999694824219,118.58000183105469,120.3949966430664,66310,0.0,0.0
2022-10-06 10:30:00-04:00,120.44000244140625,121.30999755859375,120.24500274658203,121.08999633789062,34855,0.0,0.0
2022-10-06 11:30:00-04:00,121.0,121.31500244140625,120.4800033569336,121.19000244140625,46623,0.0,0.0
2022-10-06 12:30:00-04:00,121.19499969482422,121.41999816894531,120.73999786376953,121.38999938964844,51084,0.0,0.0
2022-10-06 13:30:00-04:00,121.3499984741211,121.41000366210938,120.88999938964844,120.91999816894531,125790,0.0,0.0
2022-10-06 14:30:00-04:00,120.94999694824219,121.44499969482422,120.87999725341797,121.38999938964844,89588,0.0,0.0
2022-10-06 15:30:00-04:00,121.42500305175781,121.7699966430664,121.26000213623047,121.73999786376953,181390,0.0,0.0
2022-10-07 09:30:00-04:00,121.75,121.94000244140625,119.8499984741211,120.3550033569336,59481,0.0,0.0
2022-10-07 10:30:00-04:00,120.38999938964844,120.4000015258789,119.66000366210938,119.95999908447266,64733,0.0,0.0
2022-10-07 11:30:00-04:00,120.0,120.0,119.30000305175781,119.33999633789062,53993,0.0,0.0
2022-10-07 12:30:00-04:00,119.3499984741211,119.43000030517578,118.58999633789062,119.22000122070312,102139,0.0,0.0
2022-10-07 13:30:00-04:00,119.2249984741211,119.37000274658203,118.43000030517578,118.55999755859375,55404,0.0,0.0
2022-10-07 14:30:00-04:00,118.51000213623047,118.73999786376953,118.33000183105469,118.4000015258789,66953,0.0,0.0
2022-10-07 15:30:00-04:00,118.41999816894531,119.20999908447266,118.20999908447266,118.98999786376953,152789,0.0,0.0
2022-10-10 09:30:00-04:00,119.7699966430664,120.0999984741211,119.0199966430664,119.97000122070312,38319,0.0,0.0
2022-10-10 10:30:00-04:00,119.79000091552734,119.86000061035156,118.95500183105469,119.29000091552734,50952,0.0,0.0
2022-10-10 11:30:00-04:00,119.22000122070312,119.45999908447266,118.87999725341797,118.93000030517578,38166,0.0,0.0
2022-10-10 12:30:00-04:00,118.88999938964844,119.0999984741211,118.7300033569336,119.06500244140625,28488,0.0,0.0
2022-10-10 13:30:00-04:00,119.0,119.5999984741211,118.98999786376953,119.06500244140625,28790,0.0,0.0
2022-10-10 14:30:00-04:00,119.16999816894531,119.47000122070312,118.84159851074219,119.02999877929688,54101,0.0,0.0
2022-10-10 15:30:00-04:00,119.02999877929688,119.23999786376953,118.62999725341797,118.91000366210938,94667,0.0,0.0
2022-10-11 09:30:00-04:00,118.69999694824219,119.91000366210938,118.43000030517578,118.61000061035156,63231,0.0,0.0
2022-10-11 10:30:00-04:00,118.58499908447266,119.07499694824219,118.40499877929688,118.94999694824219,50557,0.0,0.0
2022-10-11 11:30:00-04:00,119.0999984741211,119.43000030517578,118.7300033569336,118.76499938964844,40869,0.0,0.0
2022-10-11 12:30:00-04:00,118.81999969482422,119.05000305175781,118.56999969482422,118.69000244140625,37564,0.0,0.0
2022-10-11 13:30:00-04:00,118.69999694824219,118.83999633789062,118.16999816894531,118.31999969482422,45304,0.0,0.0
2022-10-11 14:30:00-04:00,118.36000061035156,118.44999694824219,116.54000091552734,117.25,66209,0.0,0.0
2022-10-11 15:30:00-04:00,117.23999786376953,118.04000091552734,117.05999755859375,118.04000091552734,162308,0.0,0.0
2022-10-12 09:30:00-04:00,118.05999755859375,118.9800033569336,116.81999969482422,117.10199737548828,49416,0.0,0.0
2022-10-12 10:30:00-04:00,117.01000213623047,117.94999694824219,116.79000091552734,117.94999694824219,72626,0.0,0.0
2022-10-12 11:30:00-04:00,117.95999908447266,118.18000030517578,117.54499816894531,117.99500274658203,38717,0.0,0.0
2022-10-12 12:30:00-04:00,118.0,118.0,117.55000305175781,117.66500091552734,35957,0.0,0.0
2022-10-12 13:30:00-04:00,117.61000061035156,117.76499938964844,117.1050033569336,117.75,36947,0.0,0.0
2022-10-12 14:30:00-04:00,117.81999969482422,118.11000061035156,117.125,117.98999786376953,74759,0.0,0.0
2022-10-12 15:30:00-04:00,117.95999908447266,118.13999938964844,117.72000122070312,118.13999938964844,129962,0.0,0.0
2022-10-13 09:30:00-04:00,117.38999938964844,117.38999938964844,115.3635025024414,116.69000244140625,79750,0.0,0.0
2022-10-13 10:30:00-04:00,116.66000366210938,118.29000091552734,116.66000366210938,117.81500244140625,62614,0.0,0.0
2022-10-13 11:30:00-04:00,117.95500183105469,119.04499816894531,117.75,118.58499908447266,54514,0.0,0.0
2022-10-13 12:30:00-04:00,118.48999786376953,120.22000122070312,118.48999786376953,120.22000122070312,48700,0.0,0.0
2022-10-13 13:30:00-04:00,120.01000213623047,120.2300033569336,119.66999816894531,119.7300033569336,49957,0.0,0.0
2022-10-13 14:30:00-04:00,119.7750015258789,120.69819641113281,119.69999694824219,120.08000183105469,70228,0.0,0.0
2022-10-13 15:30:00-04:00,120.08000183105469,120.30999755859375,119.87999725341797,120.11000061035156,199612,0.0,0.0
2022-10-14 09:30:00-04:00,121.16000366210938,121.16000366210938,118.45999908447266,118.81999969482422,89407,0.0,0.0
2022-10-14 10:30:00-04:00,118.77999877929688,119.11640167236328,117.41999816894531,117.77999877929688,67498,0.0,0.0
2022-10-14 11:30:00-04:00,117.69000244140625,117.69999694824219,116.47000122070312,116.47699737548828,66514,0.0,0.0
2022-10-14 12:30:00-04:00,116.53500366210938,116.6500015258789,115.76000213623047,116.2249984741211,47772,0.0,0.0
2022-10-14 13:30:00-04:00,116.26000213623047,116.66999816894531,116.0,116.08499908447266,42221,0.0,0.0
2022-10-14 14:30:00-04:00,116.02999877929688,116.38999938964844,115.81999969482422,116.0999984741211,80800,0.0,0.0
2022-10-14 15:30:00-04:00,116.0199966430664,116.48500061035156,115.93000030517578,116.16000366210938,202131,0.0,0.0
2022-10-17 09:30:00-04:00,116.6500015258789,120.19000244140625,116.6500015258789,119.98999786376953,89142,0.0,0.0
2022-10-17 10:30:00-04:00,120.02999877929688,120.36499786376953,119.11720275878906,119.74500274658203,76849,0.0,0.0
2022-10-17 11:30:00-04:00,119.70999908447266,120.16000366210938,119.66999816894531,119.7699966430664,41973,0.0,0.0
2022-10-17 12:30:00-04:00,119.75,119.83999633789062,119.33000183105469,119.58999633789062,35595,0.0,0.0
2022-10-17 13:30:00-04:00,119.5199966430664,119.66999816894531,119.08000183105469,119.45500183105469,54222,0.0,0.0
2022-10-17 14:30:00-04:00,119.40499877929688,119.71499633789062,119.23999786376953,119.61000061035156,59414,0.0,0.0
2022-10-17 15:30:00-04:00,119.61250305175781,120.38999938964844,119.38999938964844,120.1500015258789,230403,0.0,0.0
2022-10-18 09:30:00-04:00,122.05000305175781,122.87000274658203,121.62999725341797,121.66000366210938,61620,0.0,0.0
2022-10-18 10:30:00-04:00,121.70999908447266,122.41000366210938,121.4749984741211,121.63999938964844,86052,0.0,0.0
2022-10-18 11:30:00-04:00,121.51000213623047,121.80999755859375,121.29000091552734,121.66000366210938,72609,0.0,0.0
2022-10-18 12:30:00-04:00,121.6500015258789,122.0,121.16000366210938,121.37999725341797,101532,0.0,0.0
2022-10-18 13:30:00-04:00,121.2699966430664,121.70500183105469,120.9800033569336,121.32160186767578,61296,0.0,0.0
2022-10-18 14:30:00-04:00,121.44000244140625,121.5,120.72000122070312,121.0199966430664,91774,0.0,0.0
2022-10-18 15:30:00-04:00,121.01000213623047,122.02999877929688,121.0,121.87000274658203,190519,0.0,0.0
2022-10-19 09:30:00-04:00,121.5,122.37000274658203,120.93000030517578,121.2699966430664,76854,0.0,0.0
2022-10-19 10:30:00-04:00,121.52999877929688,121.69499969482422,120.76000213623047,121.05000305175781,34876,0.0,0.0
2022-10-19 11:30:00-04:00,120.94000244140625,120.94000244140625,119.75,119.80000305175781,85410,0.0,0.0
2022-10-19 12:30:00-04:00,119.80000305175781,119.9000015258789,119.41000366210938,119.9000015258789,62972,0.0,0.0
2022-10-19 13:30:00-04:00,119.87000274658203,120.20999908447266,119.74500274658203,120.0,33347,0.0,0.0
2022-10-19 14:30:00-04:00,119.91999816894531,120.3499984741211,119.7750015258789,120.25,51034,0.0,0.0
2022-10-19 15:30:00-04:00,120.2699966430664,120.2699966430664,119.68000030517578,119.80999755859375,116742,0.0,0.0
2022-10-20 09:30:00-04:00,120.1500015258789,121.19999694824219,119.62000274658203,120.55999755859375,51709,0.0,0.0
2022-10-20 10:30:00-04:00,120.57499694824219,120.63999938964844,119.66000366210938,119.69000244140625,25565,0.0,0.0
2022-10-20 11:30:00-04:00,119.73999786376953,120.01000213623047,118.90499877929688,119.0,79857,0.0,0.0
2022-10-20 12:30:00-04:00,119.01000213623047,119.2300033569336,118.7699966430664,119.01000213623047,33589,0.0,0.0
2022-10-20 13:30:00-04:00,118.9800033569336,119.04000091552734,118.6500015258789,118.80500030517578,23641,0.0,0.0
2022-10-20 14:30:00-04:00,118.75,119.19000244140625,118.41999816894531,118.5250015258789,51362,0.0,0.0
2022-10-20 15:30:00-04:00,118.5696029663086,119.30999755859375,118.37999725341797,118.93000030517578,87937,0.0,0.0
2022-10-21 09:30:00-04:00,120.20999908447266,120.3499984741211,118.7699966430664,118.875,87072,0.0,0.0
2022-10-21 10:30:00-04:00,118.75700378417969,119.48999786376953,118.54000091552734,119.3499984741211,42752,0.0,0.0
2022-10-21 11:30:00-04:00,119.41999816894531,120.08499908447266,119.23999786376953,119.80500030517578,29332,0.0,0.0
2022-10-21 12:30:00-04:00,119.83499908447266,120.22000122070312,119.58999633789062,119.9000015258789,0,0.0,0.0
2022-10-21 13:30:00-04:00,119.8499984741211,120.19000244140625,119.70999908447266,119.91999816894531,232870,0.0,0.0
2022-10-21 14:30:00-04:00,119.95999908447266,120.16000366210938,119.76000213623047,120.05999755859375,55866,0.0,0.0
2022-10-21 15:30:00-04:00,120.08999633789062,120.25,119.66999816894531,119.93000030517578,119136,0.0,0.0
2022-10-24 09:30:00-04:00,120.13999938964844,121.80500030517578,120.13999938964844,120.80000305175781,74055,0.0,0.0
2022-10-24 10:30:00-04:00,120.79000091552734,122.18000030517578,120.79000091552734,121.41000366210938,57718,0.0,0.0
2022-10-24 11:30:00-04:00,121.30000305175781,122.07659912109375,121.30000305175781,121.94999694824219,35023,0.0,0.0
2022-10-24 12:30:00-04:00,121.9000015258789,121.91999816894531,121.51000213623047,121.54499816894531,36630,0.0,0.0
2022-10-24 13:30:00-04:00,121.55000305175781,121.75,121.37999725341797,121.66999816894531,27557,0.0,0.0
2022-10-24 14:30:00-04:00,121.62000274658203,122.36000061035156,121.56999969482422,121.87999725341797,57066,0.0,0.0
2022-10-24 15:30:00-04:00,121.91000366210938,122.16000366210938,121.44999694824219,122.16000366210938,126624,0.0,0.0
2022-10-25 09:30:00-04:00,122.2699966430664,122.94000244140625,121.69999694824219,122.37999725341797,56420,0.0,0.0
2022-10-25 10:30:00-04:00,122.44000244140625,122.93000030517578,122.3499984741211,122.80999755859375,38108,0.0,0.0
2022-10-25 11:30:00-04:00,122.79000091552734,123.375,122.77010345458984,123.06999969482422,43066,0.0,0.0
2022-10-25 12:30:00-04:00,123.11000061035156,123.19999694824219,122.58000183105469,122.70999908447266,57572,0.0,0.0
2022-10-25 13:30:00-04:00,122.70999908447266,123.16000366210938,122.66999816894531,123.125,60104,0.0,0.0
2022-10-25 14:30:00-04:00,123.12999725341797,123.6050033569336,122.86000061035156,123.4800033569336,122736,0.0,0.0
2022-10-25 15:30:00-04:00,123.45999908447266,124.44000244140625,123.43000030517578,124.2300033569336,233321,0.0,0.0
2022-10-26 09:30:00-04:00,125.11000061035156,125.51000213623047,123.15499877929688,123.98999786376953,87819,0.0,0.0
2022-10-26 10:30:00-04:00,123.91999816894531,124.45999908447266,123.59500122070312,123.95999908447266,86124,0.0,0.0
2022-10-26 11:30:00-04:00,123.95999908447266,124.86000061035156,123.91000366210938,124.3949966430664,62691,0.0,0.0
2022-10-26 12:30:00-04:00,124.40499877929688,124.69999694824219,123.93000030517578,123.93000030517578,52228,0.0,0.0
2022-10-26 13:30:00-04:00,123.93000030517578,124.38500213623047,123.56999969482422,124.05000305175781,68359,0.0,0.0
2022-10-26 14:30:00-04:00,124.0999984741211,124.37999725341797,123.94000244140625,124.01000213623047,89355,0.0,0.0
2022-10-26 15:30:00-04:00,124.04499816894531,124.26000213623047,123.83999633789062,123.94999694824219,128633,0.0,0.0
2022-10-27 09:30:00-04:00,125.30999755859375,125.30999755859375,124.16999816894531,125.05000305175781,90605,0.0,0.0
2022-10-27 10:30:00-04:00,125.05000305175781,125.37329864501953,124.74500274658203,124.95999908447266,45289,0.0,0.0
2022-10-27 11:30:00-04:00,124.93000030517578,125.19000244140625,124.38999938964844,124.48500061035156,32123,0.0,0.0
2022-10-27 12:30:00-04:00,124.41999816894531,124.88999938964844,124.37000274658203,124.37000274658203,47591,0.0,0.0
2022-10-27 13:30:00-04:00,124.44999694824219,124.68000030517578,124.22000122070312,124.31999969482422,43463,0.0,0.0
2022-10-27 14:30:00-04:00,124.30000305175781,124.52999877929688,124.12000274658203,124.16000366210938,114863,0.0,0.0
2022-10-27 15:30:00-04:00,124.17500305175781,124.44999694824219,123.76000213623047,123.95999908447266,119505,0.0,0.0
2022-10-28 09:30:00-04:00,123.7699966430664,125.04499816894531,123.6500015258789,124.33999633789062,48724,0.0,0.0
2022-10-28 10:30:00-04:00,124.4000015258789,124.54499816894531,123.94000244140625,124.0,53998,0.0,0.0
2022-10-28 11:30:00-04:00,124.01000213623047,124.41999816894531,123.71600341796875,124.26000213623047,42961,0.0,0.0
2022-10-28 12:30:00-04:00,124.2699966430664,124.51000213623047,124.12999725341797,124.3499984741211,52936,0.0,0.0
2022-10-28 13:30:00-04:00,124.37000274658203,124.81999969482422,124.25,124.5,82692,0.0,0.0
2022-10-28 14:30:00-04:00,124.5,125.41500091552734,124.5,125.4000015258789,82153,0.0,0.0
2022-10-28 15:30:00-04:00,125.41000366210938,125.67939758300781,125.30999755859375,125.41999816894531,206426,0.0,0.0
2022-10-31 09:30:00-04:00,125.4000015258789,125.88999938964844,124.73999786376953,125.30999755859375,64980,0.0,0.0
2022-10-31 10:30:00-04:00,125.30000305175781,125.83999633789062,124.68000030517578,125.55500030517578,254027,0.0,0.0
2022-10-31 11:30:00-04:00,125.55999755859375,125.83999633789062,125.06999969482422,125.12999725341797,110505,0.0,0.0
2022-10-31 12:30:00-04:00,125.03250122070312,125.2699966430664,124.8499984741211,125.22000122070312,106874,0.0,0.0
2022-10-31 13:30:00-04:00,125.2300033569336,125.43000030517578,125.0250015258789,125.21499633789062,54841,0.0,0.0
2022-10-31 14:30:00-04:00,125.29000091552734,125.51000213623047,124.72000122070312,125.06999969482422,94078,0.0,0.0
2022-10-31 15:30:00-04:00,125.08000183105469,125.25,124.29000091552734,124.73999786376953,191067,0.0,0.0
2022-11-01 09:30:00-04:00,124.5199966430664,126.52999877929688,124.5199966430664,126.23999786376953,0,0.0,0.0
2022-11-01 10:30:00-04:00,126.3499984741211,126.69999694824219,124.8499984741211,125.1500015258789,165802,0.0,0.0
2022-11-01 11:30:00-04:00,125.1500015258789,125.72000122070312,124.875,125.72000122070312,135141,0.0,0.0
2022-11-01 12:30:00-04:00,125.7699966430664,126.12999725341797,125.58999633789062,126.0,53731,0.0,0.0
2022-11-01 13:30:00-04:00,125.94999694824219,127.16999816894531,125.94999694824219,126.36000061035156,66333,0.0,0.0
2022-11-01 14:30:00-04:00,126.55999755859375,127.3949966430664,126.4800033569336,127.18000030517578,84256,0.0,0.0
2022-11-01 15:30:00-04:00,127.16000366210938,127.52999877929688,127.12999725341797,127.47000122070312,224469,0.0,0.0
2022-11-02 09:30:00-04:00,127.66000366210938,127.66000366210938,126.52999877929688,126.6500015258789,58399,0.0,0.0
2022-11-02 10:30:00-04:00,126.69999694824219,127.3499984741211,126.55000305175781,126.81500244140625,74612,0.0,0.0
2022-11-02 11:30:00-04:00,126.8499984741211,127.52999877929688,126.58000183105469,126.62000274658203,57937,0.0,0.0
2022-11-02 12:30:00-04:00,126.61000061035156,127.49500274658203,126.48500061035156,126.7699966430664,53481,0.0,0.0
2022-11-02 13:30:00-04:00,126.74500274658203,128.73500061035156,126.74500274658203,128.33999633789062,74496,0.0,0.0
2022-11-02 14:30:00-04:00,128.43499755859375,128.74000549316406,126.22000122070312,126.29000091552734,102715,0.0,0.0
2022-11-02 15:30:00-04:00,126.29000091552734,126.41999816894531,125.68000030517578,125.86000061035156,161628,0.0,0.0
2022-11-03 09:30:00-04:00,124.22000122070312,126.66999816894531,124.22000122070312,125.91999816894531,182002,0.0,0.0
2022-11-03 10:30:00-04:00,125.91500091552734,126.08000183105469,124.83999633789062,124.9979019165039,79714,0.0,0.0
2022-11-03 11:30:00-04:00,125.05999755859375,125.6500015258789,125.01000213623047,125.2300033569336,58537,0.0,0.0
2022-11-03 12:30:00-04:00,125.31999969482422,125.75,125.19000244140625,125.44999694824219,38376,0.0,0.0
2022-11-03 13:30:00-04:00,125.41999816894531,125.9000015258789,125.30500030517578,125.87999725341797,70518,0.0,0.0
2022-11-03 14:30:00-04:00,125.9000015258789,126.30599975585938,125.47000122070312,125.7300033569336,116106,0.0,0.0
2022-11-03 15:30:00-04:00,125.75,125.8550033569336,124.7699966430664,124.91999816894531,142724,0.0,0.0
2022-11-04 09:30:00-04:00,126.87000274658203,129.1676025390625,126.01000213623047,128.97500610351562,170350,0.0,0.0
2022-11-04 10:30:00-04:00,128.85000610351562,130.5399932861328,128.39999389648438,129.1300048828125,238457,0.0,0.0
2022-11-04 11:30:00-04:00,129.27499389648438,130.0800018310547,126.9800033569336,126.9800033569336,127025,0.0,0.0
2022-11-04 12:30:00-04:00,126.77999877929688,127.44999694824219,126.40499877929688,127.28500366210938,72216,0.0,0.0
2022-11-04 13:30:00-04:00,127.19000244140625,127.33000183105469,126.47000122070312,126.80000305175781,49684,0.0,0.0
2022-11-04 14:30:00-04:00,126.83999633789062,127.86000061035156,126.66999816894531,127.80999755859375,112280,0.0,0.0
2022-11-04 15:30:00-04:00,127.75,128.25,127.4530029296875,128.19000244140625,256464,0.0,0.0
2022-11-07 09:30:00-05:00,130.16000366210938,130.16000366210938,127.5999984741211,128.2530059814453,144553,0.0,0.0
2022-11-07 10:30:00-05:00,128.14500427246094,128.1475067138672,126.20500183105469,126.55500030517578,104912,0.0,0.0
2022-11-07 11:30:00-05:00,126.3949966430664,127.19000244140625,126.0,126.88999938964844,126006,0.0,0.0
2022-11-07 12:30:00-05:00,127.0,127.1500015258789,125.69000244140625,125.87000274658203,88509,0.0,0.0
2022-11-07 13:30:00-05:00,126.0,126.41999816894531,125.91000366210938,125.96499633789062,47978,0.0,0.0
2022-11-07 14:30:00-05:00,125.94999694824219,126.69000244140625,125.75,126.48999786376953,82854,0.0,0.0
2022-11-07 15:30:00-05:00,126.54499816894531,127.44999694824219,126.33999633789062,127.1500015258789,193661,0.0,0.0
2022-11-08 09:30:00-05:00,127.16999816894531,127.9000015258789,126.45999908447266,126.90499877929688,112145,0.0,0.0
2022-11-08 10:30:00-05:00,126.90499877929688,127.12000274658203,126.1500015258789,126.70999908447266,110578,0.0,0.0
2022-11-08 11:30:00-05:00,126.66999816894531,126.9000015258789,126.41999816894531,126.84500122070312,113239,0.0,0.0
2022-11-08 12:30:00-05:00,126.7699966430664,126.87999725341797,125.34500122070312,125.37999725341797,103506,0.0,0.0
2022-11-08 13:30:00-05:00,125.3499984741211,125.69999694824219,124.39800262451172,124.44499969482422,64301,0.0,0.0
2022-11-08 14:30:00-05:00,124.41999816894531,125.72000122070312,124.13999938964844,125.19999694824219,144823,0.0,0.0
2022-11-08 15:30:00-05:00,125.19999694824219,125.91000366210938,125.05000305175781,125.73999786376953,314659,0.0,0.0
2022-11-09 09:30:00-05:00,125.25,125.25,123.44000244140625,123.44000244140625,82405,0.0,0.0
2022-11-09 10:30:00-05:00,123.5,124.02999877929688,123.12000274658203,123.76000213623047,61723,0.0,0.0
2022-11-09 11:30:00-05:00,123.68000030517578,123.79499816894531,123.44000244140625,123.77999877929688,58889,0.0,0.0
2022-11-09 12:30:00-05:00,123.88500213623047,124.12000274658203,123.48999786376953,123.55999755859375,40930,0.0,0.0
2022-11-09 13:30:00-05:00,123.5250015258789,123.62999725341797,123.05000305175781,123.625,51815,0.0,0.0
2022-11-09 14:30:00-05:00,123.54000091552734,123.56999969482422,122.48999786376953,122.62000274658203,85242,0.0,0.0
2022-11-09 15:30:00-05:00,122.58000183105469,123.30000305175781,122.41999816894531,123.18000030517578,281712,0.0,0.0
2022-11-10 09:30:00-05:00,124.97000122070312,125.94999694824219,116.8301010131836,117.06999969482422,383492,0.0,0.0
2022-11-10 10:30:00-05:00,117.22000122070312,118.2750015258789,116.37000274658203,117.75499725341797,267200,0.0,0.0
2022-11-10 11:30:00-05:00,117.69000244140625,118.79000091552734,117.5999984741211,118.15499877929688,182646,0.0,0.0
2022-11-10 12:30:00-05:00,118.01000213623047,118.25,117.6500015258789,117.9000015258789,91735,0.0,0.0
2022-11-10 13:30:00-05:00,117.90499877929688,119.12999725341797,117.9000015258789,118.9000015258789,101828,0.0,0.0
2022-11-10 14:30:00-05:00,118.87000274658203,119.83999633789062,118.37999725341797,119.73999786376953,113722,0.0,0.0
2022-11-10 15:30:00-05:00,119.75,120.83999633789062,119.4000015258789,120.58999633789062,303293,0.0,0.0
2022-11-11 09:30:00-05:00,120.97000122070312,121.44999694824219,117.0999984741211,117.0999984741211,198779,0.0,0.0
2022-11-11 10:30:00-05:00,117.22000122070312,117.30000305175781,114.16999816894531,115.0199966430664,453835,0.0,0.0
2022-11-11 11:30:00-05:00,115.01000213623047,116.9800033569336,115.01000213623047,116.72000122070312,182301,0.0,0.0
2022-11-11 12:30:00-05:00,116.58999633789062,116.7300033569336,115.55999755859375,115.71499633789062,166188,0.0,0.0
2022-11-11 13:30:00-05:00,115.7300033569336,115.79000091552734,114.5199966430664,115.44000244140625,238022,0.0,0.0
2022-11-11 14:30:00-05:00,115.4800033569336,116.3499984741211,114.93000030517578,116.3499984741211,287220,0.0,0.0
2022-11-11 15:30:00-05:00,116.30000305175781,116.33000183105469,114.87000274658203,115.12000274658203,482837,0.0,0.0
2022-11-14 09:30:00-05:00,116.62000274658203,118.36000061035156,115.01000213623047,117.55000305175781,158823,0.0,0.0
2022-11-14 10:30:00-05:00,117.44000244140625,117.48999786376953,115.5199966430664,115.54000091552734,131387,0.0,0.0
2022-11-14 11:30:00-05:00,115.54000091552734,117.88999938964844,115.54000091552734,117.7300033569336,130830,0.0,0.0
2022-11-14 12:30:00-05:00,117.7300033569336,119.11000061035156,117.5,119.05000305175781,136111,0.0,0.0
2022-11-14 13:30:00-05:00,119.05500030517578,120.05000305175781,118.67500305175781,119.77999877929688,152267,0.0,0.0
2022-11-14 14:30:00-05:00,119.73999786376953,119.75,118.6500015258789,119.08000183105469,136219,0.0,0.0
2022-11-14 15:30:00-05:00,119.09500122070312,119.16390228271484,118.33000183105469,118.33000183105469,229953,0.0,0.0
2022-11-15 09:30:00-05:00,119.4800033569336,121.66999816894531,119.4800033569336,121.40619659423828,207270,0.0,0.0
2022-11-15 10:30:00-05:00,121.23500061035156,122.26000213623047,120.91999816894531,122.09500122070312,100943,0.0,0.0
2022-11-15 11:30:00-05:00,122.25,123.24500274658203,122.08499908447266,122.0999984741211,117512,0.0,0.0
2022-11-15 12:30:00-05:00,122.0999984741211,122.58999633789062,121.5,121.55999755859375,74318,0.0,0.0
2022-11-15 13:30:00-05:00,121.63999938964844,122.24500274658203,121.5,122.24500274658203,96422,0.0,0.0
2022-11-15 14:30:00-05:00,122.27999877929688,122.98999786376953,122.0999984741211,122.96499633789062,115864,0.0,0.0
2022-11-15 15:30:00-05:00,122.96499633789062,123.06999969482422,122.58999633789062,122.61000061035156,240679,0.0,0.0
2022-11-16 09:30:00-05:00,121.5,124.94999694824219,121.5,124.81999969482422,80004,0.0,0.0
2022-11-16 10:30:00-05:00,124.80999755859375,125.0999984741211,124.30999755859375,124.52999877929688,91142,0.0,0.0
2022-11-16 11:30:00-05:00,124.53500366210938,125.2300033569336,124.47000122070312,124.79000091552734,58186,0.0,0.0
2022-11-16 12:30:00-05:00,124.87000274658203,124.87000274658203,124.06999969482422,124.25,62401,0.0,0.0
2022-11-16 13:30:00-05:00,124.31999969482422,124.31999969482422,123.37000274658203,123.43000030517578,81293,0.0,0.0
2022-11-16 14:30:00-05:00,123.44999694824219,123.75,123.08999633789062,123.3949966430664,101146,0.0,0.0
2022-11-16 15:30:00-05:00,123.33999633789062,123.41500091552734,122.5199966430664,122.76000213623047,142727,0.0,0.0
2022-11-17 09:30:00-05:00,122.91999816894531,125.55999755859375,122.1332015991211,125.50499725341797,90964,0.0,0.0
2022-11-17 10:30:00-05:00,125.50499725341797,125.69999694824219,121.0,123.02999877929688,136391,0.0,0.0
2022-11-17 11:30:00-05:00,122.9800033569336,123.38500213623047,122.5250015258789,122.63999938964844,65996,0.0,0.0
2022-11-17 12:30:00-05:00,122.58999633789062,123.0199966430664,122.25,122.94999694824219,47130,0.0,0.0
2022-11-17 13:30:00-05:00,122.93000030517578,123.13990020751953,122.44999694824219,122.51000213623047,36919,0.0,0.0
2022-11-17 14:30:00-05:00,122.56999969482422,123.30999755859375,122.52999877929688,122.7699966430664,61440,0.0,0.0
2022-11-17 15:30:00-05:00,122.875,123.95999908447266,122.81999969482422,123.80000305175781,121398,0.0,0.0
2022-11-18 09:30:00-05:00,124.33999633789062,125.1500015258789,123.3499984741211,123.58000183105469,54540,0.0,0.0
2022-11-18 10:30:00-05:00,123.66999816894531,123.9800033569336,122.8499984741211,123.9000015258789,71864,0.0,0.0
2022-11-18 11:30:00-05:00,123.79000091552734,124.36000061035156,122.45999908447266,122.5999984741211,63666,0.0,0.0
2022-11-18 12:30:00-05:00,122.69000244140625,123.20999908447266,122.4749984741211,122.72000122070312,69976,0.0,0.0
2022-11-18 13:30:00-05:00,122.66999816894531,122.80999755859375,121.79000091552734,122.63999938964844,52594,0.0,0.0
2022-11-18 14:30:00-05:00,122.6449966430664,122.6500015258789,121.95999908447266,121.98999786376953,102778,0.0,0.0
2022-11-18 15:30:00-05:00,122.04000091552734,122.1449966430664,121.41999816894531,121.58999633789062,207948,0.0,0.0
2022-11-21 09:30:00-05:00,120.8499984741211,124.30000305175781,120.8499984741211,123.20999908447266,241650,0.0,0.0
2022-11-21 10:30:00-05:00,123.29000091552734,124.56999969482422,122.95999908447266,124.32499694824219,56460,0.0,0.0
2022-11-21 11:30:00-05:00,124.36000061035156,124.36000061035156,123.5,123.81999969482422,36518,0.0,0.0
2022-11-21 12:30:00-05:00,123.87999725341797,124.09500122070312,123.55999755859375,123.93000030517578,27978,0.0,0.0
2022-11-21 13:30:00-05:00,123.91500091552734,123.93000030517578,123.17500305175781,123.26000213623047,40656,0.0,0.0
2022-11-21 14:30:00-05:00,123.26000213623047,123.95999908447266,123.25499725341797,123.70999908447266,44048,0.0,0.0
2022-11-21 15:30:00-05:00,123.7300033569336,124.06999969482422,123.55000305175781,123.91999816894531,82471,0.0,0.0
2022-11-22 09:30:00-05:00,124.48999786376953,125.23999786376953,124.20999908447266,124.54499816894531,72381,0.0,0.0
2022-11-22 10:30:00-05:00,124.7699966430664,125.46499633789062,124.54000091552734,124.91000366210938,75843,0.0,0.0
2022-11-22 11:30:00-05:00,124.94999694824219,125.02999877929688,124.41000366210938,124.5199966430664,34223,0.0,0.0
2022-11-22 12:30:00-05:00,124.57499694824219,125.22000122070312,124.49500274658203,125.18000030517578,38997,0.0,0.0
2022-11-22 13:30:00-05:00,125.16000366210938,125.19760131835938,124.48999786376953,124.9000015258789,36434,0.0,0.0
2022-11-22 14:30:00-05:00,124.7300033569336,125.27999877929688,124.62999725341797,124.75,56867,0.0,0.0
2022-11-22 15:30:00-05:00,124.73680114746094,125.31999969482422,124.72000122070312,125.30000305175781,158072,0.0,0.0
2022-11-23 09:30:00-05:00,125.33000183105469,126.83999633789062,125.33000183105469,126.43000030517578,37006,0.0,0.0
2022-11-23 10:30:00-05:00,126.26000213623047,126.47000122070312,125.02999877929688,125.11000061035156,61411,0.0,0.0
2022-11-23 11:30:00-05:00,125.08000183105469,125.12000274658203,124.2249984741211,124.5,53294,0.0,0.0
2022-11-23 12:30:00-05:00,124.44000244140625,124.76000213623047,124.38999938964844,124.67500305175781,28251,0.0,0.0
2022-11-23 13:30:00-05:00,124.68499755859375,125.5199966430664,124.16000366210938,125.36000061035156,59653,0.0,0.0
2022-11-23 14:30:00-05:00,125.23500061035156,125.23999786376953,124.62000274658203,124.92500305175781,65339,0.0,0.0
2022-11-23 15:30:00-05:00,124.93000030517578,125.69999694824219,124.87999725341797,125.55989837646484,131590,0.0,0.0
2022-11-25 09:30:00-05:00,125.25,127.0,124.6875,126.55999755859375,49322,0.0,0.0
2022-11-25 10:30:00-05:00,126.45999908447266,126.5199966430664,125.9800033569336,126.06999969482422,37648,0.0,0.0
2022-11-25 11:30:00-05:00,126.11000061035156,126.38999938964844,125.91999816894531,126.20999908447266,40709,0.0,0.0
2022-11-28 09:30:00-05:00,127.0,127.0,124.86000061035156,124.95999908447266,79295,0.0,0.0
2022-11-28 10:30:00-05:00,124.95999908447266,125.5,124.79000091552734,125.45999908447266,40259,0.0,0.0
2022-11-28 11:30:00-05:00,125.40499877929688,126.0,125.0999984741211,125.94999694824219,41089,0.0,0.0
2022-11-28 12:30:00-05:00,125.9000015258789,125.99500274658203,125.19000244140625,125.51000213623047,23351,0.0,0.0
2022-11-28 13:30:00-05:00,125.5,125.52999877929688,124.56999969482422,124.58000183105469,26760,0.0,0.0
2022-11-28 14:30:00-05:00,124.56999969482422,124.79499816894531,124.38999938964844,124.4800033569336,45126,0.0,0.0
2022-11-28 15:30:00-05:00,124.48500061035156,124.9000015258789,124.48500061035156,124.69999694824219,119947,0.0,0.0
2022-11-29 09:30:00-05:00,124.44000244140625,124.80000305175781,123.5,123.66999816894531,50191,0.0,0.0
2022-11-29 10:30:00-05:00,123.7300033569336,124.05999755859375,122.86000061035156,123.48999786376953,98820,0.0,0.0
2022-11-29 11:30:00-05:00,123.7699966430664,123.95999908447266,123.33999633789062,123.44999694824219,46172,0.0,0.0
2022-11-29 12:30:00-05:00,123.51000213623047,123.68000030517578,123.37999725341797,123.66000366210938,31453,0.0,0.0
2022-11-29 13:30:00-05:00,123.58000183105469,123.87999725341797,123.41999816894531,123.45999908447266,45627,0.0,0.0
2022-11-29 14:30:00-05:00,123.47000122070312,123.75,123.20500183105469,123.45500183105469,56391,0.0,0.0
2022-11-29 15:30:00-05:00,123.4990005493164,123.74500274658203,123.1500015258789,123.25,150221,0.0,0.0
2022-11-30 09:30:00-05:00,124.76000213623047,125.80999755859375,123.27999877929688,124.55000305175781,230819,0.0,0.0
2022-11-30 10:30:00-05:00,124.55000305175781,126.0,124.4749984741211,126.0,53950,0.0,0.0
2022-11-30 11:30:00-05:00,126.0,126.0999984741211,125.51000213623047,125.65499877929688,0,0.0,0.0
2022-11-30 12:30:00-05:00,125.68000030517578,125.75,125.37000274658203,125.38999938964844,382615,0.0,0.0
2022-11-30 13:30:00-05:00,125.37000274658203,126.43939971923828,125.22000122070312,125.80000305175781,0,0.0,0.0
2022-11-30 14:30:00-05:00,125.80500030517578,126.70999908447266,125.51000213623047,126.31999969482422,657843,0.0,0.0
2022-11-30 15:30:00-05:00,126.30999755859375,127.0,126.05000305175781,126.81999969482422,314437,0.0,0.0
2022-12-01 09:30:00-05:00,127.29000091552734,128.14999389648438,126.16000366210938,126.20999908447266,62571,0.0,0.0
2022-12-01 10:30:00-05:00,126.13999938964844,126.18000030517578,125.26000213623047,125.3499984741211,45317,0.0,0.0
2022-12-01 11:30:00-05:00,125.41000366210938,126.4800033569336,125.41000366210938,126.31999969482422,31433,0.0,0.0
2022-12-01 12:30:00-05:00,126.31999969482422,126.44999694824219,125.57769775390625,125.58000183105469,38285,0.0,0.0
2022-12-01 13:30:00-05:00,125.56749725341797,125.8499984741211,125.30999755859375,125.8499984741211,37979,0.0,0.0
2022-12-01 14:30:00-05:00,125.86499786376953,126.53500366210938,125.76000213623047,126.07499694824219,51482,0.0,0.0
2022-12-01 15:30:00-05:00,126.08999633789062,126.94999694824219,126.08999633789062,126.62000274658203,116233,0.0,0.0
2022-12-02 09:30:00-05:00,127.08000183105469,127.2300033569336,126.22000122070312,127.05000305175781,34782,0.0,0.0
2022-12-02 10:30:00-05:00,127.1500015258789,127.51000213623047,127.0199966430664,127.36000061035156,34278,0.0,0.0
2022-12-02 11:30:00-05:00,127.41000366210938,128.57000732421875,127.30000305175781,128.27999877929688,24592,0.0,0.0
2022-12-02 12:30:00-05:00,128.22000122070312,128.27999877929688,127.83999633789062,128.24000549316406,25569,0.0,0.0
2022-12-02 13:30:00-05:00,128.25,128.82000732421875,128.16000366210938,128.66000366210938,47057,0.0,0.0
2022-12-02 14:30:00-05:00,128.66000366210938,128.9499969482422,128.35000610351562,128.69500732421875,69022,0.0,0.0
2022-12-02 15:30:00-05:00,128.6999969482422,128.82000732421875,128.30999755859375,128.39999389648438,192552,0.0,0.0
2022-12-05 09:30:00-05:00,128.36000061035156,128.5399932861328,125.95999908447266,127.46499633789062,58392,0.0,0.0
2022-12-05 10:30:00-05:00,127.58000183105469,128.0399932861328,127.3499984741211,127.625,58880,0.0,0.0
2022-12-05 11:30:00-05:00,127.4749984741211,127.4800033569336,126.80000305175781,127.0999984741211,48259,0.0,0.0
2022-12-05 12:30:00-05:00,127.05999755859375,128.18499755859375,126.80999755859375,127.57689666748047,54098,0.0,0.0
2022-12-05 13:30:00-05:00,127.62000274658203,127.80000305175781,126.88999938964844,127.0,46693,0.0,0.0
2022-12-05 14:30:00-05:00,126.91999816894531,127.47000122070312,126.74500274658203,127.08499908447266,65913,0.0,0.0
2022-12-05 15:30:00-05:00,127.11000061035156,127.69999694824219,126.94999694824219,127.36000061035156,114822,0.0,0.0
2022-12-06 09:30:00-05:00,127.62000274658203,129.36500549316406,127.62000274658203,128.75999450683594,96137,0.0,0.0
2022-12-06 10:30:00-05:00,128.77000427246094,129.5500030517578,128.57000732421875,129.0749969482422,69754,0.0,0.0
2022-12-06 11:30:00-05:00,129.03500366210938,129.7899932861328,128.85000610351562,129.27000427246094,74938,0.0,0.0
2022-12-06 12:30:00-05:00,129.25,129.38499450683594,128.99000549316406,129.0,44210,0.0,0.0
2022-12-06 13:30:00-05:00,129.0449981689453,129.8000030517578,128.9600067138672,128.9600067138672,75180,0.0,0.0
2022-12-06 14:30:00-05:00,128.93499755859375,129.3699951171875,128.60000610351562,128.72500610351562,79573,0.0,0.0
2022-12-06 15:30:00-05:00,128.72000122070312,129.0500030517578,128.36000061035156,128.3699951171875,167604,0.0,0.0
2022-12-07 09:30:00-05:00,129.0,130.52000427246094,128.5800018310547,128.73500061035156,87611,0.0,0.0
2022-12-07 10:30:00-05:00,128.77000427246094,128.82000732421875,127.58999633789062,127.6500015258789,91822,0.0,0.0
2022-12-07 11:30:00-05:00,127.69999694824219,128.0,127.0,127.70500183105469,54298,0.0,0.0
2022-12-07 12:30:00-05:00,127.80999755859375,127.93000030517578,127.18049621582031,127.83499908447266,37449,0.0,0.0
2022-12-07 13:30:00-05:00,127.87000274658203,127.87000274658203,126.9000015258789,127.20999908447266,0,0.0,0.0
2022-12-07 14:30:00-05:00,127.25,127.62000274658203,127.17500305175781,127.4749984741211,360178,0.0,0.0
2022-12-07 15:30:00-05:00,127.52999877929688,128.5800018310547,127.51000213623047,128.5800018310547,141902,0.0,0.0
2022-12-08 09:30:00-05:00,130.2899932861328,130.2899932861328,128.08999633789062,128.5399932861328,58474,0.0,0.0
2022-12-08 10:30:00-05:00,128.5399932861328,128.61000061035156,127.55000305175781,128.0399932861328,63809,0.0,0.0
2022-12-08 11:30:00-05:00,128.08999633789062,128.6199951171875,128.0,128.52000427246094,52197,0.0,0.0
2022-12-08 12:30:00-05:00,128.52499389648438,128.6199951171875,127.8499984741211,128.1699981689453,43905,0.0,0.0
2022-12-08 13:30:00-05:00,128.1649932861328,128.1999969482422,126.9000015258789,127.04000091552734,47130,0.0,0.0
2022-12-08 14:30:00-05:00,127.02999877929688,127.68000030517578,126.83000183105469,127.45999908447266,81364,0.0,0.0
2022-12-08 15:30:00-05:00,127.5,127.58499908447266,126.66000366210938,126.94000244140625,131381,0.0,0.0
2022-12-09 09:30:00-05:00,127.61000061035156,128.30999755859375,126.5999984741211,126.94000244140625,104759,0.0,0.0
2022-12-09 10:30:00-05:00,126.83499908447266,127.23999786376953,125.5999984741211,125.88999938964844,106717,0.0,0.0
2022-12-09 11:30:00-05:00,125.93000030517578,126.58999633789062,125.72000122070312,126.13999938964844,59948,0.0,0.0
2022-12-09 12:30:00-05:00,126.16000366210938,126.33499908447266,125.83000183105469,125.95999908447266,40261,0.0,0.0
2022-12-09 13:30:00-05:00,125.94999694824219,126.23680114746094,125.75,126.13500213623047,68856,0.0,0.0
2022-12-09 14:30:00-05:00,126.19999694824219,126.48999786376953,125.80999755859375,125.80999755859375,64875,0.0,0.0
2022-12-09 15:30:00-05:00,125.81500244140625,125.87999725341797,124.29000091552734,124.30999755859375,209079,0.0,0.0
2022-12-12 09:30:00-05:00,124.6500015258789,125.26499938964844,123.37000274658203,124.08499908447266,63804,0.0,0.0
2022-12-12 10:30:00-05:00,124.01000213623047,124.80000305175781,123.84750366210938,124.80000305175781,67450,0.0,0.0
2022-12-12 11:30:00-05:00,124.77999877929688,125.2750015258789,124.62000274658203,125.2750015258789,38565,0.0,0.0
2022-12-12 12:30:00-05:00,125.18000030517578,125.58999633789062,124.83999633789062,124.8499984741211,45844,0.0,0.0
2022-12-12 13:30:00-05:00,124.87999725341797,125.19000244140625,123.92009735107422,124.05999755859375,55588,0.0,0.0
2022-12-12 14:30:00-05:00,124.05000305175781,125.13999938964844,123.98999786376953,125.04000091552734,56383,0.0,0.0
2022-12-12 15:30:00-05:00,125.0999984741211,125.68000030517578,125.08000183105469,125.6500015258789,116362,0.0,0.0
2022-12-13 09:30:00-05:00,128.3699951171875,128.52999877929688,125.11000061035156,125.58999633789062,61479,0.0,0.0
2022-12-13 10:30:00-05:00,125.80500030517578,126.0999984741211,125.23999786376953,125.47000122070312,52568,0.0,0.0
2022-12-13 11:30:00-05:00,125.55000305175781,125.68000030517578,124.30999755859375,124.56999969482422,39910,0.0,0.0
2022-12-13 12:30:00-05:00,124.52999877929688,124.86000061035156,123.9000015258789,124.83999633789062,31418,0.0,0.0
2022-12-13 13:30:00-05:00,124.8499984741211,124.8499984741211,123.94999694824219,124.12999725341797,35935,0.0,0.0
2022-12-13 14:30:00-05:00,124.0,124.37999725341797,123.52999877929688,123.91999816894531,51564,0.0,0.0
2022-12-13 15:30:00-05:00,123.97000122070312,124.04000091552734,122.69999694824219,122.9800033569336,302174,0.0,0.0
2022-12-14 09:30:00-05:00,123.02999877929688,123.9000015258789,122.83499908447266,123.80999755859375,43599,0.0,0.0
2022-12-14 10:30:00-05:00,123.68000030517578,123.91999816894531,123.4000015258789,123.63999938964844,27708,0.0,0.0
2022-12-14 11:30:00-05:00,123.58999633789062,123.6050033569336,123.09500122070312,123.16000366210938,20915,0.0,0.0
2022-12-14 12:30:00-05:00,123.23500061035156,123.30000305175781,122.99500274658203,123.22000122070312,22391,0.0,0.0
2022-12-14 13:30:00-05:00,123.18000030517578,123.44000244140625,121.8499984741211,122.43499755859375,50216,0.0,0.0
2022-12-14 14:30:00-05:00,122.30999755859375,123.29000091552734,121.63999938964844,122.20999908447266,82017,0.0,0.0
2022-12-14 15:30:00-05:00,121.93499755859375,122.31999969482422,121.45999908447266,121.4800033569336,182790,0.0,0.0
2022-12-15 09:30:00-05:00,121.24500274658203,121.76000213623047,119.93009948730469,121.0199966430664,142068,0.0,0.0
2022-12-15 10:30:00-05:00,121.05000305175781,121.47000122070312,120.55999755859375,120.87000274658203,133235,0.0,0.0
2022-12-15 11:30:00-05:00,120.62999725341797,121.06999969482422,120.33999633789062,120.66999816894531,126336,0.0,0.0
2022-12-15 12:30:00-05:00,120.63999938964844,121.17500305175781,120.63999938964844,121.06999969482422,53206,0.0,0.0
2022-12-15 13:30:00-05:00,121.05999755859375,121.43000030517578,120.98999786376953,121.37000274658203,44951,0.0,0.0
2022-12-15 14:30:00-05:00,121.44499969482422,122.5999984741211,121.44499969482422,122.51000213623047,109472,0.0,0.0
2022-12-15 15:30:00-05:00,122.5,124.0199966430664,122.5,124.0199966430664,323746,0.0,0.0
2022-12-16 09:30:00-05:00,124.36000061035156,124.36000061035156,122.12000274658203,123.4800033569336,134258,0.0,0.0
2022-12-16 10:30:00-05:00,123.46499633789062,124.44000244140625,123.30000305175781,124.27999877929688,105244,0.0,0.0
2022-12-16 11:30:00-05:00,124.44999694824219,124.66000366210938,124.05999755859375,124.4749984741211,63757,0.0,0.0
2022-12-16 12:30:00-05:00,124.51000213623047,124.80000305175781,124.08000183105469,124.56999969482422,57822,0.0,0.0
2022-12-16 13:30:00-05:00,124.56999969482422,124.79000091552734,123.95999908447266,124.0,51774,0.0,0.0
2022-12-16 14:30:00-05:00,124.0,124.8499984741211,123.68000030517578,124.79000091552734,75195,0.0,0.0
2022-12-16 15:30:00-05:00,124.80000305175781,125.02999877929688,123.91000366210938,123.91000366210938,150642,0.0,0.0
2022-12-19 09:30:00-05:00,124.72000122070312,125.12999725341797,123.94000244140625,125.06999969482422,60889,0.0,0.0
2022-12-19 10:30:00-05:00,125.06500244140625,125.62999725341797,123.69149780273438,123.76499938964844,77934,0.0,0.0
2022-12-19 11:30:00-05:00,123.88999938964844,123.88999938964844,123.08000183105469,123.44499969482422,30685,0.0,0.0
2022-12-19 12:30:00-05:00,123.34400177001953,123.80999755859375,123.16999816894531,123.74500274658203,23647,0.0,0.0
2022-12-19 13:30:00-05:00,123.58999633789062,123.58999633789062,123.2300033569336,123.2300033569336,43038,0.0,0.0
2022-12-19 14:30:00-05:00,123.19999694824219,123.30000305175781,122.69999694824219,123.08499908447266,47879,0.0,0.0
2022-12-19 15:30:00-05:00,123.11499786376953,123.48999786376953,123.11499786376953,123.2699966430664,88293,0.0,0.0
2022-12-20 09:30:00-05:00,123.76000213623047,124.5,123.36000061035156,123.88999938964844,52763,0.0,0.0
2022-12-20 10:30:00-05:00,123.87000274658203,123.94999694824219,122.19999694824219,122.21499633789062,41342,0.0,0.0
2022-12-20 11:30:00-05:00,122.30000305175781,123.20999908447266,122.30000305175781,122.98500061035156,27086,0.0,0.0
2022-12-20 12:30:00-05:00,122.98500061035156,123.2300033569336,122.5,122.86000061035156,33914,0.0,0.0
2022-12-20 13:30:00-05:00,122.79000091552734,123.41000366210938,122.79000091552734,123.16999816894531,28736,0.0,0.0
2022-12-20 14:30:00-05:00,123.0999984741211,123.23999786376953,122.8499984741211,123.12999725341797,49693,0.0,0.0
2022-12-20 15:30:00-05:00,123.23999786376953,123.29000091552734,122.61000061035156,123.06999969482422,89914,0.0,0.0
2022-12-21 09:30:00-05:00,123.19000244140625,123.37999725341797,121.9800033569336,123.24500274658203,69374,0.0,0.0
2022-12-21 10:30:00-05:00,123.26000213623047,124.54000091552734,123.11000061035156,123.73999786376953,64246,0.0,0.0
2022-12-21 11:30:00-05:00,123.75,124.93000030517578,123.75,124.67500305175781,55468,0.0,0.0
2022-12-21 12:30:00-05:00,124.63999938964844,124.7699966430664,124.25,124.61000061035156,48459,0.0,0.0
2022-12-21 13:30:00-05:00,124.55999755859375,125.16480255126953,124.4000015258789,124.91000366210938,34644,0.0,0.0
2022-12-21 14:30:00-05:00,124.97000122070312,125.16500091552734,124.66000366210938,124.94499969482422,100784,0.0,0.0
2022-12-21 15:30:00-05:00,124.95999908447266,126.31999969482422,124.95999908447266,126.12999725341797,237404,0.0,0.0
2022-12-22 09:30:00-05:00,124.88999938964844,125.5,123.88999938964844,124.2750015258789,68703,0.0,0.0
2022-12-22 10:30:00-05:00,124.26000213623047,124.52999877929688,123.69999694824219,123.86499786376953,50428,0.0,0.0
2022-12-22 11:30:00-05:00,123.88999938964844,124.19000244140625,123.05000305175781,123.05000305175781,38012,0.0,0.0
2022-12-22 12:30:00-05:00,123.1250991821289,123.54299926757812,122.63999938964844,123.38999938964844,49526,0.0,0.0
2022-12-22 13:30:00-05:00,123.37000274658203,124.47000122070312,123.23999786376953,124.27999877929688,91991,0.0,0.0
2022-12-22 14:30:00-05:00,124.19000244140625,124.58999633789062,124.06999969482422,124.48999786376953,69210,0.0,0.0
2022-12-22 15:30:00-05:00,124.5199966430664,124.62000274658203,124.08000183105469,124.31999969482422,123836,0.0,0.0
2022-12-23 09:30:00-05:00,125.76000213623047,125.76000213623047,124.45999908447266,125.31999969482422,25904,0.0,0.0
2022-12-23 10:30:00-05:00,125.31999969482422,125.62000274658203,124.7300033569336,125.0,41457,0.0,0.0
2022-12-23 11:30:00-05:00,125.0,126.16999816894531,124.94999694824219,126.11499786376953,40768,0.0,0.0
2022-12-23 12:30:00-05:00,126.12999725341797,126.18000030517578,125.76000213623047,125.91000366210938,23113,0.0,0.0
2022-12-23 13:30:00-05:00,125.88999938964844,125.88999938964844,125.52010345458984,125.73500061035156,11821,0.0,0.0
2022-12-23 14:30:00-05:00,125.70999908447266,126.04000091552734,125.625,125.69000244140625,25087,0.0,0.0
2022-12-23 15:30:00-05:00,125.69000244140625,126.19999694824219,125.55999755859375,126.11000061035156,72850,0.0,0.0
2022-12-27 09:30:00-05:00,127.16999816894531,127.62999725341797,126.7300033569336,126.88999938964844,37887,0.0,0.0
2022-12-27 10:30:00-05:00,126.98999786376953,127.16000366210938,126.15599822998047,126.15599822998047,29159,0.0,0.0
2022-12-27 11:30:00-05:00,126.19000244140625,126.7699966430664,126.0999984741211,126.48999786376953,32071,0.0,0.0
2022-12-27 12:30:00-05:00,126.43499755859375,127.27999877929688,126.22000122070312,126.55500030517578,42959,0.0,0.0
2022-12-27 13:30:00-05:00,126.5199966430664,126.6050033569336,125.66999816894531,125.76840209960938,32685,0.0,0.0
2022-12-27 14:30:00-05:00,125.7699966430664,126.2699966430664,125.48999786376953,126.05999755859375,42147,0.0,0.0
2022-12-27 15:30:00-05:00,126.03500366210938,126.41999816894531,125.94000244140625,126.3499984741211,80021,0.0,0.0
2022-12-28 09:30:00-05:00,124.86000061035156,127.0199966430664,124.86000061035156,126.16999816894531,39922,0.0,0.0
2022-12-28 10:30:00-05:00,126.3499984741211,126.59500122070312,125.80000305175781,125.91999816894531,52257,0.0,0.0
2022-12-28 11:30:00-05:00,125.93499755859375,126.44999694824219,125.9000015258789,126.44999694824219,37906,0.0,0.0
2022-12-28 12:30:00-05:00,126.48999786376953,127.22000122070312,126.48999786376953,127.0999984741211,31557,0.0,0.0
2022-12-28 13:30:00-05:00,127.13999938964844,127.13999938964844,126.43000030517578,126.5250015258789,33442,0.0,0.0
2022-12-28 14:30:00-05:00,126.54000091552734,126.82489776611328,125.86000061035156,125.88999938964844,42182,0.0,0.0
2022-12-28 15:30:00-05:00,125.86000061035156,126.27999877929688,125.75,126.08000183105469,104140,0.0,0.0
2022-12-29 09:30:00-05:00,127.58999633789062,127.58999633789062,126.20999908447266,127.30999755859375,42365,0.0,0.0
2022-12-29 10:30:00-05:00,127.2699966430664,127.44000244140625,126.58000183105469,126.58000183105469,49235,0.0,0.0
2022-12-29 11:30:00-05:00,126.76000213623047,127.58999633789062,126.76000213623047,127.45500183105469,49285,0.0,0.0
2022-12-29 12:30:00-05:00,127.5,127.51000213623047,126.98999786376953,127.13999938964844,38957,0.0,0.0
2022-12-29 13:30:00-05:00,127.05000305175781,127.07499694824219,126.02999877929688,126.08000183105469,59102,0.0,0.0
2022-12-29 14:30:00-05:00,126.05000305175781,126.38999938964844,125.44000244140625,125.45999908447266,164151,0.0,0.0
2022-12-29 15:30:00-05:00,125.43000030517578,126.94999694824219,125.4000015258789,126.94999694824219,239664,0.0,0.0
2022-12-30 09:30:00-05:00,127.19000244140625,127.72000122070312,125.98999786376953,126.01000213623047,43068,0.0,0.0
2022-12-30 10:30:00-05:00,125.9489974975586,126.23999786376953,124.88999938964844,124.94999694824219,25008,0.0,0.0
2022-12-30 11:30:00-05:00,124.76000213623047,125.87000274658203,124.76000213623047,125.86499786376953,42475,0.0,0.0
2022-12-30 12:30:00-05:00,125.81999969482422,125.86499786376953,124.87999725341797,124.93000030517578,21883,0.0,0.0
2022-12-30 13:30:00-05:00,125.12999725341797,125.31500244140625,124.84500122070312,124.95500183105469,23399,0.0,0.0
2022-12-30 14:30:00-05:00,124.94930267333984,125.55500030517578,124.79010009765625,125.37999725341797,30906,0.0,0.0
2022-12-30 15:30:00-05:00,125.4000015258789,125.93000030517578,125.4000015258789,125.55000305175781,87842,0.0,0.0
2023-01-03 09:30:00-05:00,126.43000030517578,126.43000030517578,125.0199966430664,125.80999755859375,65126,0.0,0.0
2023-01-03 10:30:00-05:00,125.77999877929688,126.37000274658203,125.25,125.73999786376953,34159,0.0,0.0
2023-01-03 11:30:00-05:00,125.66999816894531,125.9800033569336,125.4000015258789,125.63999938964844,34573,0.0,0.0
2023-01-03 12:30:00-05:00,125.66999816894531,126.2249984741211,125.45999908447266,126.05999755859375,38420,0.0,0.0
2023-01-03 13:30:00-05:00,126.0,126.375,125.80999755859375,126.12000274658203,47680,0.0,0.0
2023-01-03 14:30:00-05:00,126.08999633789062,126.65499877929688,125.91000366210938,126.4800033569336,44892,0.0,0.0
2023-01-03 15:30:00-05:00,126.5,126.87000274658203,126.29000091552734,126.41999816894531,106999,0.0,0.0
2023-01-04 09:30:00-05:00,127.79000091552734,127.79000091552734,125.75,126.55500030517578,95212,0.0,0.0
2023-01-04 10:30:00-05:00,126.36000061035156,126.80000305175781,125.8499984741211,125.86499786376953,45806,0.0,0.0
2023-01-04 11:30:00-05:00,125.8499984741211,126.05999755859375,124.19999694824219,124.26499938964844,105551,0.0,0.0
2023-01-04 12:30:00-05:00,124.26499938964844,125.66000366210938,124.0,125.25,75790,0.0,0.0
2023-01-04 13:30:00-05:00,125.18000030517578,125.48999786376953,124.55999755859375,124.55999755859375,52742,0.0,0.0
2023-01-04 14:30:00-05:00,124.52999877929688,124.7750015258789,124.25,124.27999877929688,65896,0.0,0.0
2023-01-04 15:30:00-05:00,124.2699966430664,124.51000213623047,123.5199966430664,124.44999694824219,134208,0.0,0.0
2023-01-05 09:30:00-05:00,123.68000030517578,125.54000091552734,123.0999984741211,125.16000366210938,50751,0.0,0.0
2023-01-05 10:30:00-05:00,125.19499969482422,125.81999969482422,124.4800033569336,124.5999984741211,80131,0.0,0.0
2023-01-05 11:30:00-05:00,124.61000061035156,125.2699966430664,124.52999877929688,124.7925033569336,34366,0.0,0.0
2023-01-05 12:30:00-05:00,124.76000213623047,124.87000274658203,123.81999969482422,124.05000305175781,29654,0.0,0.0
2023-01-05 13:30:00-05:00,123.91999816894531,124.25,123.80000305175781,124.02999877929688,42101,0.0,0.0
2023-01-05 14:30:00-05:00,124.13999938964844,124.76499938964844,123.9800033569336,124.16000366210938,54017,0.0,0.0
2023-01-05 15:30:00-05:00,124.12999725341797,124.44000244140625,123.69999694824219,124.0,123295,0.0,0.0
2023-01-06 09:30:00-05:00,124.13999938964844,125.52999877929688,122.87999725341797,123.36000061035156,41982,0.0,0.0
2023-01-06 10:30:00-05:00,123.41999816894531,123.72000122070312,123.04000091552734,123.04000091552734,55696,0.0,0.0
2023-01-06 11:30:00-05:00,123.05500030517578,123.22000122070312,121.93000030517578,122.02999877929688,50779,0.0,0.0
2023-01-06 12:30:00-05:00,122.02999877929688,122.88999938964844,122.01000213623047,122.88999938964844,36290,0.0,0.0
2023-01-06 13:30:00-05:00,122.83999633789062,123.83999633789062,122.83499908447266,123.54000091552734,46495,0.0,0.0
2023-01-06 14:30:00-05:00,123.55000305175781,123.66000366210938,122.98999786376953,123.43000030517578,67752,0.0,0.0
2023-01-06 15:30:00-05:00,123.62000274658203,123.70999908447266,123.13999938964844,123.4800033569336,82733,0.0,0.0
2023-01-09 09:30:00-05:00,123.30000305175781,124.48999786376953,123.30000305175781,124.28500366210938,54442,0.0,0.0
2023-01-09 10:30:00-05:00,124.33499908447266,125.62750244140625,124.31999969482422,125.05000305175781,74493,0.0,0.0
2023-01-09 11:30:00-05:00,125.09500122070312,125.09500122070312,124.1500015258789,124.32099914550781,72095,0.0,0.0
2023-01-09 12:30:00-05:00,124.26000213623047,124.58499908447266,123.58499908447266,123.83999633789062,37089,0.0,0.0
2023-01-09 13:30:00-05:00,123.69000244140625,123.80999755859375,123.08999633789062,123.36000061035156,65225,0.0,0.0
2023-01-09 14:30:00-05:00,123.37000274658203,123.37000274658203,122.44000244140625,122.44000244140625,74280,0.0,0.0
2023-01-09 15:30:00-05:00,122.44999694824219,122.68000030517578,122.12999725341797,122.58000183105469,192641,0.0,0.0
2023-01-10 09:30:00-05:00,122.41000366210938,123.01000213623047,121.69000244140625,122.08999633789062,66433,0.0,0.0
2023-01-10 10:30:00-05:00,121.8499984741211,122.55999755859375,121.6500015258789,122.18000030517578,67913,0.0,0.0
2023-01-10 11:30:00-05:00,122.2300033569336,122.44999694824219,121.20999908447266,122.0199966430664,53879,0.0,0.0
2023-01-10 12:30:00-05:00,122.13999938964844,122.63999938964844,122.12999725341797,122.55000305175781,44415,0.0,0.0
2023-01-10 13:30:00-05:00,122.5999984741211,123.09500122070312,122.58999633789062,122.88999938964844,42823,0.0,0.0
2023-01-10 14:30:00-05:00,122.88999938964844,123.04000091552734,122.44000244140625,122.75,97979,0.0,0.0
2023-01-10 15:30:00-05:00,122.76000213623047,123.01000213623047,122.12000274658203,122.54000091552734,189025,0.0,0.0
2023-01-11 09:30:00-05:00,122.86000061035156,123.55999755859375,122.51000213623047,123.48999786376953,0,0.0,0.0
2023-01-11 10:30:00-05:00,123.5,124.18000030517578,123.38500213623047,123.83000183105469,121806,0.0,0.0
2023-01-11 11:30:00-05:00,123.79000091552734,123.90499877929688,122.83999633789062,122.87999725341797,75095,0.0,0.0
2023-01-11 12:30:00-05:00,122.84500122070312,123.06999969482422,122.54499816894531,123.06999969482422,38195,0.0,0.0
2023-01-11 13:30:00-05:00,123.125,123.5,123.0999984741211,123.33000183105469,53481,0.0,0.0
2023-01-11 14:30:00-05:00,123.37999725341797,123.47899627685547,122.9800033569336,123.2699966430664,65394,0.0,0.0
2023-01-11 15:30:00-05:00,123.2699966430664,123.48500061035156,123.04000091552734,123.3499984741211,107616,0.0,0.0
2023-01-12 09:30:00-05:00,122.5999984741211,124.37999725341797,122.26000213623047,122.75,107376,0.0,0.0
2023-01-12 10:30:00-05:00,122.77999877929688,123.55999755859375,122.69999694824219,122.93000030517578,164820,0.0,0.0
2023-01-12 11:30:00-05:00,122.94000244140625,123.94999694824219,122.94000244140625,123.94999694824219,82334,0.0,0.0
2023-01-12 12:30:00-05:00,123.95999908447266,124.11499786376953,123.12000274658203,123.12000274658203,59516,0.0,0.0
2023-01-12 13:30:00-05:00,123.19000244140625,123.62999725341797,123.12000274658203,123.62999725341797,68339,0.0,0.0
2023-01-12 14:30:00-05:00,123.62999725341797,123.95999908447266,123.18000030517578,123.3499984741211,112217,0.0,0.0
2023-01-12 15:30:00-05:00,123.3499984741211,123.7699966430664,123.0999984741211,123.73999786376953,138463,0.0,0.0
2023-01-13 09:30:00-05:00,124.01000213623047,124.12999725341797,122.86000061035156,123.3499984741211,81737,0.0,0.0
2023-01-13 10:30:00-05:00,123.34500122070312,123.45999908447266,122.45999908447266,122.95999908447266,46922,0.0,0.0
2023-01-13 11:30:00-05:00,122.99500274658203,123.04000091552734,122.58999633789062,122.6500015258789,0,0.0,0.0
2023-01-13 12:30:00-05:00,122.69000244140625,123.07499694824219,122.62000274658203,122.86000061035156,228527,0.0,0.0
2023-01-13 13:30:00-05:00,122.9000015258789,123.4800033569336,122.9000015258789,123.12999725341797,51090,0.0,0.0
2023-01-13 14:30:00-05:00,123.15499877929688,123.66000366210938,123.15499877929688,123.51000213623047,65157,0.0,0.0
2023-01-13 15:30:00-05:00,123.52999877929688,124.62999725341797,123.52999877929688,124.33000183105469,189642,0.0,0.0
2023-01-17 09:30:00-05:00,124.70999908447266,126.30999755859375,124.5,125.21499633789062,80155,0.0,0.0
2023-01-17 10:30:00-05:00,125.30000305175781,125.41999816894531,124.83999633789062,125.29859924316406,0,0.0,0.0
2023-01-17 11:30:00-05:00,125.33000183105469,125.36000061035156,124.68000030517578,124.68000030517578,163440,0.0,0.0
2023-01-17 12:30:00-05:00,124.70999908447266,124.7699966430664,124.0,124.03009796142578,71577,0.0,0.0
2023-01-17 13:30:00-05:00,124.0999984741211,124.50499725341797,124.0469970703125,124.30999755859375,55025,0.0,0.0
2023-01-17 14:30:00-05:00,124.36540222167969,124.4000015258789,123.87000274658203,123.91999816894531,45832,0.0,0.0
2023-01-17 15:30:00-05:00,123.94999694824219,124.31999969482422,123.55000305175781,123.55000305175781,97733,0.0,0.0
2023-01-18 09:30:00-05:00,125.02999877929688,125.23999786376953,123.92500305175781,123.92500305175781,0,0.0,0.0
2023-01-18 10:30:00-05:00,123.93000030517578,124.22200012207031,123.0,123.69000244140625,222636,0.0,0.0
2023-01-18 11:30:00-05:00,123.7699966430664,124.26000213623047,123.06999969482422,123.08000183105469,68818,0.0,0.0
2023-01-18 12:30:00-05:00,123.1449966430664,123.58000183105469,122.93499755859375,123.44000244140625,49213,0.0,0.0
2023-01-18 13:30:00-05:00,123.48999786376953,124.0,123.2249984741211,123.2300033569336,51080,0.0,0.0
2023-01-18 14:30:00-05:00,123.2300033569336,123.4800033569336,122.83999633789062,122.83999633789062,54019,0.0,0.0
2023-01-18 15:30:00-05:00,122.9000015258789,122.9800033569336,122.2699966430664,122.58000183105469,153771,0.0,0.0
2023-01-19 09:30:00-05:00,122.88999938964844,122.88999938964844,121.6500015258789,122.69000244140625,115187,0.0,0.0
2023-01-19 10:30:00-05:00,122.75,123.8499984741211,122.69000244140625,123.1050033569336,105099,0.0,0.0
2023-01-19 11:30:00-05:00,123.11000061035156,123.33999633789062,122.44000244140625,122.95999908447266,61826,0.0,0.0
2023-01-19 12:30:00-05:00,122.91999816894531,123.31999969482422,122.83000183105469,123.05500030517578,35563,0.0,0.0
2023-01-19 13:30:00-05:00,123.0999984741211,123.23500061035156,122.81500244140625,123.08000183105469,55880,0.0,0.0
2023-01-19 14:30:00-05:00,123.04499816894531,123.24500274658203,122.36000061035156,122.625,108127,0.0,0.0
2023-01-19 15:30:00-05:00,122.68000030517578,122.8550033569336,122.26000213623047,122.26000213623047,98538,0.0,0.0
2023-01-20 09:30:00-05:00,123.20999908447266,123.20999908447266,121.96009826660156,123.04000091552734,104925,0.0,0.0
2023-01-20 10:30:00-05:00,122.98999786376953,123.63999938964844,122.56999969482422,123.41000366210938,59642,0.0,0.0
2023-01-20 11:30:00-05:00,123.36000061035156,123.45999908447266,122.69499969482422,122.81999969482422,30406,0.0,0.0
2023-01-20 12:30:00-05:00,122.80500030517578,123.04000091552734,122.61000061035156,122.98500061035156,40149,0.0,0.0
2023-01-20 13:30:00-05:00,123.04000091552734,123.11499786376953,122.66999816894531,122.8949966430664,99068,0.0,0.0
2023-01-20 14:30:00-05:00,122.8499984741211,123.08999633789062,122.55000305175781,122.69000244140625,83069,0.0,0.0
2023-01-20 15:30:00-05:00,122.72000122070312,122.76000213623047,122.13999938964844,122.38999938964844,158554,0.0,0.0
2023-01-23 09:30:00-05:00,121.81999969482422,122.80999755859375,121.55999755859375,122.5,62006,0.0,0.0
2023-01-23 10:30:00-05:00,122.51000213623047,122.80999755859375,122.31999969482422,122.55500030517578,54387,0.0,0.0
2023-01-23 11:30:00-05:00,122.5,123.04620361328125,122.2699966430664,122.52999877929688,42613,0.0,0.0
2023-01-23 12:30:00-05:00,122.5,122.69249725341797,122.37999725341797,122.41600036621094,31899,0.0,0.0
2023-01-23 13:30:00-05:00,122.51000213623047,122.66000366210938,122.05999755859375,122.05999755859375,27470,0.0,0.0
2023-01-23 14:30:00-05:00,122.05999755859375,122.5999984741211,122.05000305175781,122.58000183105469,64394,0.0,0.0
2023-01-23 15:30:00-05:00,122.55500030517578,122.94000244140625,122.4800033569336,122.94000244140625,117910,0.0,0.0
2023-01-24 09:30:00-05:00,123.97000122070312,124.5,121.13500213623047,122.0,108477,0.0,0.0
2023-01-24 10:30:00-05:00,121.9800033569336,122.52999877929688,121.94000244140625,122.31999969482422,73391,0.0,0.0
2023-01-24 11:30:00-05:00,122.29000091552734,122.58000183105469,122.0199966430664,122.5199966430664,46337,0.0,0.0
2023-01-24 12:30:00-05:00,122.5,122.51000213623047,121.98999786376953,122.15499877929688,42203,0.0,0.0
2023-01-24 13:30:00-05:00,122.1500015258789,122.31999969482422,121.56999969482422,122.11000061035156,56478,0.0,0.0
2023-01-24 14:30:00-05:00,122.16000366210938,122.6500015258789,122.15499877929688,122.44999694824219,101434,0.0,0.0
2023-01-24 15:30:00-05:00,122.47000122070312,122.5,121.5,121.58000183105469,137495,0.0,0.0
2023-01-25 09:30:00-05:00,122.0999984741211,122.0999984741211,120.875,121.5,147712,0.0,0.0
2023-01-25 10:30:00-05:00,121.56999969482422,122.0999984741211,121.2300033569336,121.73999786376953,104406,0.0,0.0
2023-01-25 11:30:00-05:00,121.73999786376953,122.29000091552734,121.5999984741211,121.86000061035156,72007,0.0,0.0
2023-01-25 12:30:00-05:00,121.87000274658203,122.91999816894531,121.6050033569336,122.5,85654,0.0,0.0
2023-01-25 13:30:00-05:00,122.58999633789062,122.73999786376953,122.22000122070312,122.2699966430664,44897,0.0,0.0
2023-01-25 14:30:00-05:00,122.25499725341797,122.27999877929688,121.43099975585938,121.74500274658203,78725,0.0,0.0
2023-01-25 15:30:00-05:00,121.63999938964844,122.47000122070312,121.41000366210938,122.47000122070312,240494,0.0,0.0
2023-01-26 09:30:00-05:00,122.47000122070312,123.9000015258789,122.0,123.9000015258789,74657,0.0,0.0
2023-01-26 10:30:00-05:00,123.83000183105469,123.87999725341797,123.19000244140625,123.43000030517578,45276,0.0,0.0
2023-01-26 11:30:00-05:00,123.33999633789062,123.72000122070312,123.04000091552734,123.44999694824219,31432,0.0,0.0
2023-01-26 12:30:00-05:00,123.5250015258789,123.69999694824219,123.26000213623047,123.29499816894531,29485,0.0,0.0
2023-01-26 13:30:00-05:00,123.27999877929688,123.36000061035156,122.83999633789062,122.94000244140625,50603,0.0,0.0
2023-01-26 14:30:00-05:00,122.96499633789062,124.04000091552734,122.91999816894531,123.9800033569336,84249,0.0,0.0
2023-01-26 15:30:00-05:00,123.93000030517578,124.03500366210938,123.23999786376953,123.3499984741211,148541,0.0,0.0
2023-01-27 09:30:00-05:00,122.69999694824219,122.97119903564453,122.09500122070312,122.73999786376953,46256,0.0,0.0
2023-01-27 10:30:00-05:00,122.77999877929688,122.77999877929688,121.63999938964844,122.25,32196,0.0,0.0
2023-01-27 11:30:00-05:00,122.25,122.5,122.06500244140625,122.375,25695,0.0,0.0
2023-01-27 12:30:00-05:00,122.33999633789062,122.43000030517578,121.9800033569336,122.43000030517578,27033,0.0,0.0
2023-01-27 13:30:00-05:00,122.44499969482422,122.5,122.16000366210938,122.19000244140625,23564,0.0,0.0
2023-01-27 14:30:00-05:00,122.26499938964844,122.36000061035156,122.02999877929688,122.16999816894531,40353,0.0,0.0
2023-01-27 15:30:00-05:00,122.16999816894531,122.4000015258789,121.9000015258789,122.05000305175781,72159,0.0,0.0
2023-01-30 09:30:00-05:00,122.5999984741211,123.28500366210938,121.5999984741211,122.62999725341797,88248,0.0,0.0
2023-01-30 10:30:00-05:00,122.62999725341797,123.25,122.36000061035156,122.7699966430664,65429,0.0,0.0
2023-01-30 11:30:00-05:00,122.80999755859375,122.80999755859375,122.41000366210938,122.61000061035156,37571,0.0,0.0
2023-01-30 12:30:00-05:00,122.6500015258789,123.09500122070312,122.52999877929688,123.02999877929688,46485,0.0,0.0
2023-01-30 13:30:00-05:00,123.0,123.0,122.63999938964844,122.66999816894531,37321,0.0,0.0
2023-01-30 14:30:00-05:00,122.67500305175781,122.79000091552734,122.37000274658203,122.55000305175781,63454,0.0,0.0
2023-01-30 15:30:00-05:00,122.54499816894531,122.95999908447266,122.51000213623047,122.66999816894531,129959,0.0,0.0
2023-01-31 09:30:00-05:00,123.44000244140625,123.44000244140625,122.30999755859375,122.4000015258789,37759,0.0,0.0
2023-01-31 10:30:00-05:00,122.44000244140625,122.69999694824219,122.31999969482422,122.66999816894531,60114,0.0,0.0
2023-01-31 11:30:00-05:00,122.7300033569336,122.96499633789062,122.51000213623047,122.6240005493164,41182,0.0,0.0
2023-01-31 12:30:00-05:00,122.63999938964844,122.77999877929688,122.37999725341797,122.45999908447266,48631,0.0,0.0
2023-01-31 13:30:00-05:00,122.45999908447266,122.77899932861328,122.43000030517578,122.62999725341797,69421,0.0,0.0
2023-01-31 14:30:00-05:00,122.65499877929688,122.69999694824219,122.0,122.2699966430664,65774,0.0,0.0
2023-01-31 15:30:00-05:00,122.2699966430664,123.0,122.25,122.81999969482422,130288,0.0,0.0
2023-02-01 09:30:00-05:00,121.95999908447266,123.93000030517578,121.95999908447266,123.01499938964844,74954,0.0,0.0
2023-02-01 10:30:00-05:00,122.83000183105469,123.20999908447266,122.79419708251953,123.16999816894531,33818,0.0,0.0
2023-02-01 11:30:00-05:00,123.125,123.9749984741211,123.125,123.77999877929688,48601,0.0,0.0
2023-02-01 12:30:00-05:00,123.7699966430664,123.81999969482422,123.01000213623047,123.03500366210938,28589,0.0,0.0
2023-02-01 13:30:00-05:00,123.2249984741211,123.44999694824219,123.05000305175781,123.29000091552734,33553,0.0,0.0
2023-02-01 14:30:00-05:00,123.30999755859375,124.06999969482422,123.16000366210938,123.78500366210938,94367,0.0,0.0
2023-02-01 15:30:00-05:00,123.81500244140625,124.02999877929688,122.94999694824219,123.08000183105469,146203,0.0,0.0
2023-02-02 09:30:00-05:00,123.5,123.5,122.01000213623047,122.36499786376953,75618,0.0,0.0
2023-02-02 10:30:00-05:00,122.36499786376953,122.73500061035156,121.58000183105469,121.72000122070312,80075,0.0,0.0
2023-02-02 11:30:00-05:00,121.62999725341797,122.16999816894531,121.4000015258789,122.1500015258789,83434,0.0,0.0
2023-02-02 12:30:00-05:00,122.23999786376953,122.46499633789062,121.58999633789062,121.69999694824219,106880,0.0,0.0
2023-02-02 13:30:00-05:00,121.66999816894531,121.8949966430664,121.45999908447266,121.66000366210938,78927,0.0,0.0
2023-02-02 14:30:00-05:00,121.6500015258789,121.70989990234375,120.9749984741211,121.54000091552734,123432,0.0,0.0
2023-02-02 15:30:00-05:00,121.55999755859375,121.94999694824219,120.51000213623047,120.56999969482422,242583,0.0,0.0
2023-02-03 09:30:00-05:00,116.11000061035156,122.87000274658203,116.11000061035156,121.32499694824219,266999,0.0,0.0
2023-02-03 10:30:00-05:00,121.33000183105469,124.95999908447266,121.33000183105469,124.77999877929688,206614,0.0,0.0
2023-02-03 11:30:00-05:00,124.77999877929688,124.95999908447266,123.19999694824219,124.0199966430664,171298,0.0,0.0
2023-02-03 12:30:00-05:00,124.0,124.61000061035156,122.77449798583984,123.26000213623047,155960,0.0,0.0
2023-02-03 13:30:00-05:00,123.05000305175781,124.45999908447266,123.05000305175781,123.94499969482422,108268,0.0,0.0
2023-02-03 14:30:00-05:00,123.97000122070312,124.38500213623047,123.60870361328125,124.3550033569336,116242,0.0,0.0
2023-02-03 15:30:00-05:00,124.37000274658203,124.6500015258789,123.98999786376953,124.0,214574,0.0,0.0
2023-02-06 09:30:00-05:00,123.9800033569336,127.19499969482422,123.45999908447266,127.16500091552734,203409,0.0,0.0
2023-02-06 10:30:00-05:00,127.19999694824219,129.2899932861328,126.9800033569336,128.0399932861328,185344,0.0,0.0
2023-02-06 11:30:00-05:00,128.0399932861328,128.08999633789062,126.87000274658203,126.87000274658203,71747,0.0,0.0
2023-02-06 12:30:00-05:00,126.86000061035156,127.44000244140625,126.37000274658203,126.66000366210938,64476,0.0,0.0
2023-02-06 13:30:00-05:00,126.75,126.76499938964844,126.25,126.27999877929688,52301,0.0,0.0
2023-02-06 14:30:00-05:00,126.37000274658203,126.87999725341797,126.0199966430664,126.53500366210938,71696,0.0,0.0
2023-02-06 15:30:00-05:00,126.48999786376953,126.94960021972656,126.08999633789062,126.31999969482422,199742,0.0,0.0
2023-02-07 09:30:00-05:00,125.66000366210938,126.93000030517578,125.66000366210938,126.93000030517578,63736,0.0,0.0
2023-02-07 10:30:00-05:00,126.88999938964844,126.91500091552734,126.20999908447266,126.4000015258789,71086,0.0,0.0
2023-02-07 11:30:00-05:00,126.41000366210938,127.12000274658203,126.33000183105469,126.5,53179,0.0,0.0
2023-02-07 12:30:00-05:00,126.5199966430664,126.9800033569336,125.80000305175781,125.80000305175781,74293,0.0,0.0
2023-02-07 13:30:00-05:00,125.86000061035156,126.88999938964844,125.45500183105469,126.66000366210938,56559,0.0,0.0
2023-02-07 14:30:00-05:00,126.66999816894531,127.16000366210938,126.4749984741211,127.0199966430664,76291,0.0,0.0
2023-02-07 15:30:00-05:00,127.04499816894531,127.33000183105469,126.80000305175781,126.94999694824219,135169,0.0,0.0
2023-02-08 09:30:00-05:00,126.2300033569336,127.80000305175781,126.2300033569336,127.52999877929688,27033,0.0,0.0
2023-02-08 10:30:00-05:00,127.52999877929688,128.08999633789062,127.04000091552734,127.19999694824219,50778,0.0,0.0
2023-02-08 11:30:00-05:00,127.17500305175781,127.45999908447266,126.91999816894531,127.3499984741211,32327,0.0,0.0
2023-02-08 12:30:00-05:00,127.36499786376953,127.93000030517578,127.16000366210938,127.57499694824219,21456,0.0,0.0
2023-02-08 13:30:00-05:00,127.55999755859375,127.81999969482422,127.51499938964844,127.51499938964844,24387,0.0,0.0
2023-02-08 14:30:00-05:00,127.55000305175781,127.91000366210938,127.33999633789062,127.47000122070312,63253,0.0,0.0
2023-02-08 15:30:00-05:00,127.45999908447266,127.63999938964844,126.88999938964844,126.91000366210938,108148,0.0,0.0
2023-02-09 09:30:00-05:00,128.1199951171875,128.36219787597656,126.58999633789062,126.6500015258789,31665,0.0,0.0
2023-02-09 10:30:00-05:00,126.69000244140625,127.18499755859375,126.52999877929688,126.8499984741211,40889,0.0,0.0
2023-02-09 11:30:00-05:00,126.91999816894531,127.0999984741211,126.52999877929688,126.52999877929688,22668,0.0,0.0
2023-02-09 12:30:00-05:00,126.43000030517578,126.76000213623047,126.26000213623047,126.75499725341797,19669,0.0,0.0
2023-02-09 13:30:00-05:00,126.72000122070312,126.94999694824219,126.5,126.5250015258789,36695,0.0,0.0
2023-02-09 14:30:00-05:00,126.58499908447266,126.71499633789062,125.90499877929688,125.98999786376953,71767,0.0,0.0
2023-02-09 15:30:00-05:00,125.94000244140625,126.08000183105469,125.44999694824219,125.4800033569336,128471,0.0,0.0
2023-02-10 09:30:00-05:00,125.54000091552734,126.9800033569336,125.05999755859375,126.38999938964844,40482,0.0,0.0
2023-02-10 10:30:00-05:00,126.44999694824219,126.6500015258789,126.18000030517578,126.25,36223,0.0,0.0
2023-02-10 11:30:00-05:00,126.25,126.41000366210938,126.02999877929688,126.18000030517578,20244,0.0,0.0
2023-02-10 12:30:00-05:00,126.19499969482422,126.25,125.95500183105469,126.05000305175781,16668,0.0,0.0
2023-02-10 13:30:00-05:00,125.94999694824219,126.0999984741211,125.6500015258789,125.66999816894531,17772,0.0,0.0
2023-02-10 14:30:00-05:00,125.66000366210938,125.77999877929688,125.44499969482422,125.5199966430664,36502,0.0,0.0
2023-02-10 15:30:00-05:00,125.52999877929688,126.13999938964844,125.52999877929688,126.11000061035156,64605,0.0,0.0
2023-02-13 09:30:00-05:00,126.51000213623047,127.52999877929688,126.47000122070312,127.03500366210938,33574,0.0,0.0
2023-02-13 10:30:00-05:00,127.0999984741211,127.29000091552734,126.66000366210938,126.68499755859375,38137,0.0,0.0
2023-02-13 11:30:00-05:00,126.69000244140625,127.4000015258789,126.43499755859375,127.08999633789062,54800,0.0,0.0
2023-02-13 12:30:00-05:00,127.0999984741211,127.70999908447266,126.9197006225586,127.27999877929688,29000,0.0,0.0
2023-02-13 13:30:00-05:00,127.31999969482422,127.91999816894531,127.11000061035156,127.19999694824219,44041,0.0,0.0
2023-02-13 14:30:00-05:00,127.26000213623047,127.7300033569336,127.06500244140625,127.70999908447266,0,0.0,0.0
2023-02-13 15:30:00-05:00,127.73999786376953,128.72000122070312,127.54000091552734,128.72000122070312,537147,0.0,0.0
2023-02-14 09:30:00-05:00,127.11000061035156,128.52999877929688,127.11000061035156,127.75,28148,0.0,0.0
2023-02-14 10:30:00-05:00,127.76499938964844,127.93000030517578,127.13999938964844,127.13999938964844,29346,0.0,0.0
2023-02-14 11:30:00-05:00,127.13999938964844,127.13999938964844,126.62999725341797,127.11000061035156,21757,0.0,0.0
2023-02-14 12:30:00-05:00,127.04000091552734,127.8499984741211,126.8499984741211,127.58999633789062,25768,0.0,0.0
2023-02-14 13:30:00-05:00,127.69000244140625,127.7300033569336,127.31999969482422,127.44999694824219,24984,0.0,0.0
2023-02-14 14:30:00-05:00,127.47000122070312,127.6449966430664,127.10079956054688,127.33999633789062,53544,0.0,0.0
2023-02-14 15:30:00-05:00,127.25,127.38500213623047,126.4000015258789,126.4800033569336,114920,0.0,0.0
2023-02-15 09:30:00-05:00,125.16999816894531,126.94300079345703,125.16999816894531,126.81500244140625,32493,0.0,0.0
2023-02-15 10:30:00-05:00,126.91000366210938,127.83999633789062,126.91000366210938,127.83999633789062,35292,0.0,0.0
2023-02-15 11:30:00-05:00,127.86000061035156,127.97750091552734,127.43000030517578,127.94000244140625,47634,0.0,0.0
2023-02-15 12:30:00-05:00,127.86000061035156,127.98999786376953,127.5,127.51000213623047,26877,0.0,0.0
2023-02-15 13:30:00-05:00,127.55999755859375,127.87999725341797,127.51000213623047,127.54499816894531,35633,0.0,0.0
2023-02-15 14:30:00-05:00,127.55000305175781,128.10000610351562,127.55000305175781,128.08999633789062,53467,0.0,0.0
2023-02-15 15:30:00-05:00,128.1199951171875,128.77000427246094,127.91999816894531,128.75999450683594,157310,0.0,0.0
2023-02-16 09:30:00-05:00,127.52999877929688,128.25999450683594,127.08000183105469,127.2699966430664,47197,0.0,0.0
2023-02-16 10:30:00-05:00,127.33000183105469,127.71499633789062,127.13999938964844,127.2699966430664,37193,0.0,0.0
2023-02-16 11:30:00-05:00,127.27999877929688,127.3499984741211,126.7699966430664,127.3499984741211,49261,0.0,0.0
2023-02-16 12:30:00-05:00,127.41000366210938,127.79000091552734,127.13999938964844,127.63999938964844,50089,0.0,0.0
2023-02-16 13:30:00-05:00,127.62999725341797,127.90499877929688,127.33000183105469,127.4749984741211,21753,0.0,0.0
2023-02-16 14:30:00-05:00,127.41999816894531,127.55999755859375,127.11000061035156,127.19999694824219,35955,0.0,0.0
2023-02-16 15:30:00-05:00,127.19999694824219,127.19999694824219,126.73999786376953,126.73999786376953,76850,0.0,0.0
2023-02-17 09:30:00-05:00,126.27999877929688,128.33999633789062,125.95999908447266,128.10499572753906,83393,0.0,0.0
2023-02-17 10:30:00-05:00,128.10000610351562,128.33999633789062,127.4800033569336,128.01499938964844,36670,0.0,0.0
2023-02-17 11:30:00-05:00,127.94499969482422,128.72999572753906,127.80999755859375,128.5850067138672,57952,0.0,0.0
2023-02-17 12:30:00-05:00,128.4600067138672,128.8000030517578,128.35000610351562,128.72999572753906,40219,0.0,0.0
2023-02-17 13:30:00-05:00,128.6999969482422,129.5399932861328,128.64999389648438,129.50999450683594,52461,0.0,0.0
2023-02-17 14:30:00-05:00,129.5399932861328,129.92999267578125,129.3300018310547,129.85000610351562,80642,0.0,0.0
2023-02-17 15:30:00-05:00,129.84500122070312,129.86000061035156,129.44000244140625,129.63999938964844,145456,0.0,0.0
2023-02-21 09:30:00-05:00,129.0,129.63999938964844,128.6699981689453,128.80999755859375,198330,0.0,0.0
2023-02-21 10:30:00-05:00,128.8249969482422,129.17999267578125,128.60000610351562,128.99000549316406,130762,0.0,0.0
2023-02-21 11:30:00-05:00,128.97000122070312,129.8699951171875,128.74000549316406,129.5500030517578,103510,0.0,0.0
2023-02-21 12:30:00-05:00,129.52999877929688,129.52999877929688,128.82000732421875,129.30999755859375,89936,0.0,0.0
2023-02-21 13:30:00-05:00,129.2449951171875,129.3350067138672,128.55999755859375,128.60000610351562,63605,0.0,0.0
2023-02-21 14:30:00-05:00,128.6300048828125,129.3800048828125,128.44000244140625,129.22000122070312,80833,0.0,0.0
2023-02-21 15:30:00-05:00,129.25999450683594,129.3000030517578,128.42999267578125,128.4600067138672,175896,0.0,0.0
2023-02-22 09:30:00-05:00,129.17999267578125,131.42300415039062,128.77000427246094,131.27000427246094,164551,0.0,0.0
2023-02-22 10:30:00-05:00,131.43499755859375,131.43499755859375,130.1999969482422,130.2100067138672,159446,0.0,0.0
2023-02-22 11:30:00-05:00,130.1699981689453,130.72000122070312,129.6199951171875,129.85000610351562,124921,0.0,0.0
2023-02-22 12:30:00-05:00,130.0500030517578,130.3699951171875,129.28500366210938,130.0449981689453,81331,0.0,0.0
2023-02-22 13:30:00-05:00,130.0449981689453,130.04750061035156,129.1999969482422,129.1999969482422,102223,0.0,0.0
2023-02-22 14:30:00-05:00,129.19000244140625,129.24000549316406,128.4199981689453,128.63999938964844,124733,0.0,0.0
2023-02-22 15:30:00-05:00,128.60000610351562,128.74510192871094,128.1699981689453,128.27999877929688,217042,0.0,0.0
2023-02-23 09:30:00-05:00,132.00999450683594,132.00999450683594,128.3000030517578,130.27000427246094,87129,0.0,0.0
2023-02-23 10:30:00-05:00,130.3300018310547,130.38999938964844,128.27000427246094,128.35000610351562,74692,0.0,0.0
2023-02-23 11:30:00-05:00,128.3300018310547,128.47999572753906,127.41999816894531,127.5,49283,0.0,0.0
2023-02-23 12:30:00-05:00,127.5,128.2449951171875,127.44000244140625,127.63500213623047,44791,0.0,0.0
2023-02-23 13:30:00-05:00,127.58000183105469,128.44000244140625,127.47000122070312,128.30499267578125,58553,0.0,0.0
2023-02-23 14:30:00-05:00,128.32000732421875,128.50999450683594,127.94999694824219,128.08999633789062,103180,0.0,0.0
2023-02-23 15:30:00-05:00,128.08999633789062,128.49000549316406,127.36000061035156,128.25,401387,0.0,0.0
2023-02-24 09:30:00-05:00,129.38999938964844,129.66000366210938,128.11680603027344,128.55999755859375,101620,0.0,0.0
2023-02-24 10:30:00-05:00,128.6300048828125,129.1699981689453,128.35000610351562,129.1699981689453,59530,0.0,0.0
2023-02-24 11:30:00-05:00,129.21499633789062,129.32000732421875,128.8350067138672,128.91000366210938,38336,0.0,0.0
2023-02-24 12:30:00-05:00,129.0500030517578,129.13999938964844,128.22999572753906,128.49000549316406,37963,0.0,0.0
2023-02-24 13:30:00-05:00,128.43499755859375,129.30499267578125,128.3800048828125,129.24000549316406,0,0.0,0.0
2023-02-24 14:30:00-05:00,129.27499389648438,129.7899932861328,129.1300048828125,129.5500030517578,393087,0.0,0.0
2023-02-24 15:30:00-05:00,129.5,129.66000366210938,129.1199951171875,129.58999633789062,127735,0.0,0.0
2023-02-27 09:30:00-05:00,129.68499755859375,129.96609497070312,129.1199951171875,129.1201934814453,50918,0.0,0.0
2023-02-27 10:30:00-05:00,129.1300048828125,129.1300048828125,127.69000244140625,127.69999694824219,103167,0.0,0.0
2023-02-27 11:30:00-05:00,127.77999877929688,128.1300048828125,127.70999908447266,127.98999786376953,38724,0.0,0.0
2023-02-27 12:30:00-05:00,128.0399932861328,128.33999633789062,128.0,128.02999877929688,21015,0.0,0.0
2023-02-27 13:30:00-05:00,128.02000427246094,128.05999755859375,127.58999633789062,127.74739837646484,39749,0.0,0.0
2023-02-27 14:30:00-05:00,127.78500366210938,128.01499938964844,126.8499984741211,126.97000122070312,65391,0.0,0.0
2023-02-27 15:30:00-05:00,127.01499938964844,127.80000305175781,126.95500183105469,127.41000366210938,160799,0.0,0.0
2023-02-28 09:30:00-05:00,127.02999877929688,127.02999877929688,125.61000061035156,126.30000305175781,67338,0.0,0.0
2023-02-28 10:30:00-05:00,126.29000091552734,127.29000091552734,126.18499755859375,126.69999694824219,80588,0.0,0.0
2023-02-28 11:30:00-05:00,126.86000061035156,126.91500091552734,126.54000091552734,126.84500122070312,39477,0.0,0.0
2023-02-28 12:30:00-05:00,126.83999633789062,126.9219970703125,126.56089782714844,126.86009979248047,34964,0.0,0.0
2023-02-28 13:30:00-05:00,126.87999725341797,126.91999816894531,126.37999725341797,126.5250015258789,33352,0.0,0.0
2023-02-28 14:30:00-05:00,126.55500030517578,126.75,126.38999938964844,126.66999816894531,49716,0.0,0.0
2023-02-28 15:30:00-05:00,126.62999725341797,126.72000122070312,126.19000244140625,126.20999908447266,143902,0.0,0.0
2023-03-01 09:30:00-05:00,126.4800033569336,127.26000213623047,125.5199966430664,126.55999755859375,106657,0.0,0.0
2023-03-01 10:30:00-05:00,126.54499816894531,127.06500244140625,126.32499694824219,126.56749725341797,54069,0.0,0.0
2023-03-01 11:30:00-05:00,126.59500122070312,126.74500274658203,125.87999725341797,125.95999908447266,46048,0.0,0.0
2023-03-01 12:30:00-05:00,125.95999908447266,126.375,125.95999908447266,126.19000244140625,70257,0.0,0.0
2023-03-01 13:30:00-05:00,126.20999908447266,126.80000305175781,126.11000061035156,126.56999969482422,36380,0.0,0.0
2023-03-01 14:30:00-05:00,126.62000274658203,126.94850158691406,126.4800033569336,126.7300033569336,48701,0.0,0.0
2023-03-01 15:30:00-05:00,126.75,127.19000244140625,126.69999694824219,126.8499984741211,107511,0.0,0.0
2023-03-02 09:30:00-05:00,126.76000213623047,126.87999725341797,125.62999725341797,126.49500274658203,57463,0.0,0.0
2023-03-02 10:30:00-05:00,126.49500274658203,126.5,125.91500091552734,126.13500213623047,75209,0.0,0.0
2023-03-02 11:30:00-05:00,126.23999786376953,126.36000061035156,126.0,126.05000305175781,24916,0.0,0.0
2023-03-02 12:30:00-05:00,126.0999984741211,126.13500213623047,125.58000183105469,126.01499938964844,35406,0.0,0.0
2023-03-02 13:30:00-05:00,126.0199966430664,126.54000091552734,125.75,126.19999694824219,50224,0.0,0.0
2023-03-02 14:30:00-05:00,126.26000213623047,126.55000305175781,126.1500015258789,126.53500366210938,40010,0.0,0.0
2023-03-02 15:30:00-05:00,126.5250015258789,126.5999984741211,126.16000366210938,126.36000061035156,90309,0.0,0.0
2023-03-03 09:30:00-05:00,126.16999816894531,127.61000061035156,126.16999816894531,126.83999633789062,44787,0.0,0.0
2023-03-03 10:30:00-05:00,126.87000274658203,127.08999633789062,126.25,126.51000213623047,42723,0.0,0.0
2023-03-03 11:30:00-05:00,126.45999908447266,126.4749984741211,125.98999786376953,126.12000274658203,34330,0.0,0.0
2023-03-03 12:30:00-05:00,126.05999755859375,126.23999786376953,125.90499877929688,126.16999816894531,23770,0.0,0.0
2023-03-03 13:30:00-05:00,126.18000030517578,126.41000366210938,125.96499633789062,126.15499877929688,33117,0.0,0.0
2023-03-03 14:30:00-05:00,126.16999816894531,126.45999908447266,125.83000183105469,126.3499984741211,54155,0.0,0.0
2023-03-03 15:30:00-05:00,126.3499984741211,126.44999694824219,126.12999725341797,126.37000274658203,98654,0.0,0.0
2023-03-06 09:30:00-05:00,127.08999633789062,127.3550033569336,125.97000122070312,125.97000122070312,73054,0.0,0.0
2023-03-06 10:30:00-05:00,125.97000122070312,126.26000213623047,125.56999969482422,126.06500244140625,79219,0.0,0.0
2023-03-06 11:30:00-05:00,126.0999984741211,126.16999816894531,125.2300033569336,125.62000274658203,77318,0.0,0.0
2023-03-06 12:30:00-05:00,125.58999633789062,125.91000366210938,125.43000030517578,125.69999694824219,47380,0.0,0.0
2023-03-06 13:30:00-05:00,125.68000030517578,126.06999969482422,125.5999984741211,125.9800033569336,43460,0.0,0.0
2023-03-06 14:30:00-05:00,125.98500061035156,126.02999877929688,125.31999969482422,125.43000030517578,80648,0.0,0.0
2023-03-06 15:30:00-05:00,125.44000244140625,125.9000015258789,125.1500015258789,125.5199966430664,160819,0.0,0.0
2023-03-07 09:30:00-05:00,124.97000122070312,125.5,124.41000366210938,125.20999908447266,103430,0.0,0.0
2023-03-07 10:30:00-05:00,125.13500213623047,125.19000244140625,123.80999755859375,123.91500091552734,78102,0.0,0.0
2023-03-07 11:30:00-05:00,123.91999816894531,124.75,123.80000305175781,124.45999908447266,47549,0.0,0.0
2023-03-07 12:30:00-05:00,124.38500213623047,124.48500061035156,123.37000274658203,123.40499877929688,38589,0.0,0.0
2023-03-07 13:30:00-05:00,123.37999725341797,123.86000061035156,123.2699966430664,123.62999725341797,49310,0.0,0.0
2023-03-07 14:30:00-05:00,123.69000244140625,123.79000091552734,123.31999969482422,123.6500015258789,129967,0.0,0.0
2023-03-07 15:30:00-05:00,123.61000061035156,124.0,123.54000091552734,123.56999969482422,126897,0.0,0.0
2023-03-08 09:30:00-05:00,122.91000366210938,123.69499969482422,122.84500122070312,123.43589782714844,44090,0.0,0.0
2023-03-08 10:30:00-05:00,123.41000366210938,123.7300033569336,123.23999786376953,123.4800033569336,49835,0.0,0.0
2023-03-08 11:30:00-05:00,123.54000091552734,123.80000305175781,123.38999938964844,123.44999694824219,35909,0.0,0.0
2023-03-08 12:30:00-05:00,123.43000030517578,123.5,123.11000061035156,123.37000274658203,41184,0.0,0.0
2023-03-08 13:30:00-05:00,123.37000274658203,123.37999725341797,122.77999877929688,123.0,32807,0.0,0.0
2023-03-08 14:30:00-05:00,123.01000213623047,123.41999816894531,122.86000061035156,123.41999816894531,40497,0.0,0.0
2023-03-08 15:30:00-05:00,123.43000030517578,123.55000305175781,123.08000183105469,123.19000244140625,90076,0.0,0.0
2023-03-09 09:30:00-05:00,124.2300033569336,124.2300033569336,123.33999633789062,123.7249984741211,82274,0.0,0.0
2023-03-09 10:30:00-05:00,123.76000213623047,124.04000091552734,123.41999816894531,123.55000305175781,35324,0.0,0.0
2023-03-09 11:30:00-05:00,123.62999725341797,123.62999725341797,122.91999816894531,123.18000030517578,41793,0.0,0.0
2023-03-09 12:30:00-05:00,123.19999694824219,123.26000213623047,122.52999877929688,122.54499816894531,38758,0.0,0.0
2023-03-09 13:30:00-05:00,122.5,122.7300033569336,122.25,122.375,66394,0.0,0.0
2023-03-09 14:30:00-05:00,122.22000122070312,122.44999694824219,121.25,121.56999969482422,89675,0.0,0.0
2023-03-09 15:30:00-05:00,121.52999877929688,121.8949966430664,121.08999633789062,121.20999908447266,176069,0.0,0.0
2023-03-10 09:30:00-05:00,122.5,122.5,118.24600219726562,119.95999908447266,143404,0.0,0.0
2023-03-10 10:30:00-05:00,120.02999877929688,120.61000061035156,119.74749755859375,120.5250015258789,54422,0.0,0.0
2023-03-10 11:30:00-05:00,120.56999969482422,120.62629699707031,119.38619995117188,119.56999969482422,38180,0.0,0.0
2023-03-10 12:30:00-05:00,119.62999725341797,119.93499755859375,119.0,119.05999755859375,71165,0.0,0.0
2023-03-10 13:30:00-05:00,119.14409637451172,119.33000183105469,118.42500305175781,118.44999694824219,56555,0.0,0.0
2023-03-10 14:30:00-05:00,118.43000030517578,120.11000061035156,118.41000366210938,119.4800033569336,112970,0.0,0.0
2023-03-10 15:30:00-05:00,119.41999816894531,119.41999816894531,118.26000213623047,118.69000244140625,155090,0.0,0.0
2023-03-13 09:30:00-04:00,118.16500091552734,120.15499877929688,117.30999755859375,119.1500015258789,162490,0.0,0.0
2023-03-13 10:30:00-04:00,119.33999633789062,120.91000366210938,119.30000305175781,120.83999633789062,111124,0.0,0.0
2023-03-13 11:30:00-04:00,120.87999725341797,121.86000061035156,120.20999908447266,121.8499984741211,124655,0.0,0.0
2023-03-13 12:30:00-04:00,121.88999938964844,122.3843994140625,121.30999755859375,122.3499984741211,133106,0.0,0.0
2023-03-13 13:30:00-04:00,122.3949966430664,123.2300033569336,122.3499984741211,123.18499755859375,195397,0.0,0.0
2023-03-13 14:30:00-04:00,123.18499755859375,123.73999786376953,122.83999633789062,123.0,159241,0.0,0.0
2023-03-13 15:30:00-04:00,123.05999755859375,123.43000030517578,122.02999877929688,122.06999969482422,198186,0.0,0.0
2023-03-14 09:30:00-04:00,124.66999816894531,124.66999816894531,122.12000274658203,123.32499694824219,172399,0.0,0.0
2023-03-14 10:30:00-04:00,123.41000366210938,124.0999984741211,123.06999969482422,123.29000091552734,162652,0.0,0.0
2023-03-14 11:30:00-04:00,123.3499984741211,124.47000122070312,123.22000122070312,123.4749984741211,119322,0.0,0.0
2023-03-14 12:30:00-04:00,123.55000305175781,123.7750015258789,122.94999694824219,123.37999725341797,123426,0.0,0.0
2023-03-14 13:30:00-04:00,123.30999755859375,124.29000091552734,123.1449966430664,124.10980224609375,107411,0.0,0.0
2023-03-14 14:30:00-04:00,124.08999633789062,124.26599884033203,123.38999938964844,124.0250015258789,128255,0.0,0.0
2023-03-14 15:30:00-04:00,124.0199966430664,124.68000030517578,123.86000061035156,124.66999816894531,148734,0.0,0.0
2023-03-15 09:30:00-04:00,122.58999633789062,125.0250015258789,122.58999633789062,123.54000091552734,74704,0.0,0.0
2023-03-15 10:30:00-04:00,123.5250015258789,123.5250015258789,122.70500183105469,122.8550033569336,73917,0.0,0.0
2023-03-15 11:30:00-04:00,122.80000305175781,123.16999816894531,122.03500366210938,122.37000274658203,57155,0.0,0.0
2023-03-15 12:30:00-04:00,122.22000122070312,122.25,121.30000305175781,122.19999694824219,59936,0.0,0.0
2023-03-15 13:30:00-04:00,122.0199966430664,122.98999786376953,121.86000061035156,122.86000061035156,88710,0.0,0.0
2023-03-15 14:30:00-04:00,122.77999877929688,122.77999877929688,122.22000122070312,122.38999938964844,96115,0.0,0.0
2023-03-15 15:30:00-04:00,122.47000122070312,122.63960266113281,121.83999633789062,122.37000274658203,188617,0.0,0.0
2023-03-16 09:30:00-04:00,120.27999877929688,124.5199966430664,120.27999877929688,124.5199966430664,95298,0.0,0.0
2023-03-16 10:30:00-04:00,124.51000213623047,125.54000091552734,123.94999694824219,125.18000030517578,92223,0.0,0.0
2023-03-16 11:30:00-04:00,125.25,125.3499984741211,124.38999938964844,124.7699966430664,98685,0.0,0.0
2023-03-16 12:30:00-04:00,124.7300033569336,125.25,124.16999816894531,124.83999633789062,47588,0.0,0.0
2023-03-16 13:30:00-04:00,124.86000061035156,124.91999816894531,123.63999938964844,123.77999877929688,93184,0.0,0.0
2023-03-16 14:30:00-04:00,123.72000122070312,124.30999755859375,123.54000091552734,124.08999633789062,66772,0.0,0.0
2023-03-16 15:30:00-04:00,124.11000061035156,124.51000213623047,123.75,124.02999877929688,170240,0.0,0.0
2023-03-17 09:30:00-04:00,123.98999786376953,126.70999908447266,123.66999816894531,125.16000366210938,243830,0.0,0.0
2023-03-17 10:30:00-04:00,125.30000305175781,125.30000305175781,124.42500305175781,124.62000274658203,102815,0.0,0.0
2023-03-17 11:30:00-04:00,124.62000274658203,125.79000091552734,124.62000274658203,125.79000091552734,99064,0.0,0.0
2023-03-17 12:30:00-04:00,125.79000091552734,125.81060028076172,125.05000305175781,125.30999755859375,0,0.0,0.0
2023-03-17 13:30:00-04:00,125.31999969482422,126.0,125.21499633789062,125.21499633789062,558342,0.0,0.0
2023-03-17 14:30:00-04:00,125.16000366210938,126.1050033569336,125.16000366210938,126.05999755859375,121696,0.0,0.0
2023-03-17 15:30:00-04:00,126.05999755859375,126.48999786376953,125.30999755859375,125.5199966430664,268170,0.0,0.0
2023-03-20 09:30:00-04:00,126.55000305175781,126.55000305175781,125.36000061035156,125.87000274658203,105151,0.0,0.0
2023-03-20 10:30:00-04:00,125.9800033569336,125.98999786376953,124.5999984741211,125.87999725341797,102656,0.0,0.0
2023-03-20 11:30:00-04:00,125.83999633789062,126.0,125.0,125.45500183105469,44416,0.0,0.0
2023-03-20 12:30:00-04:00,125.53500366210938,126.38500213623047,125.36930084228516,126.01000213623047,48122,0.0,0.0
2023-03-20 13:30:00-04:00,126.06999969482422,126.18499755859375,125.41000366210938,125.79000091552734,85138,0.0,0.0
2023-03-20 14:30:00-04:00,125.79000091552734,125.97000122070312,125.44000244140625,125.87999725341797,87959,0.0,0.0
2023-03-20 15:30:00-04:00,125.83999633789062,125.94999694824219,125.66500091552734,125.94999694824219,112939,0.0,0.0
2023-03-21 09:30:00-04:00,126.19999694824219,127.0,124.73500061035156,126.29000091552734,126356,0.0,0.0
2023-03-21 10:30:00-04:00,126.29000091552734,126.29000091552734,125.16000366210938,126.04000091552734,63434,0.0,0.0
2023-03-21 11:30:00-04:00,126.1050033569336,126.61000061035156,125.95999908447266,126.06999969482422,68599,0.0,0.0
2023-03-21 12:30:00-04:00,126.02999877929688,126.20999908447266,125.7300033569336,126.1510009765625,41797,0.0,0.0
2023-03-21 13:30:00-04:00,126.19499969482422,127.24500274658203,126.16000366210938,126.94999694824219,108805,0.0,0.0
2023-03-21 14:30:00-04:00,126.90910339355469,127.83999633789062,126.80000305175781,127.52999877929688,124719,0.0,0.0
2023-03-21 15:30:00-04:00,127.55000305175781,128.25999450683594,127.55000305175781,128.25999450683594,190018,0.0,0.0
2023-03-22 09:30:00-04:00,128.77999877929688,129.3300018310547,128.3300018310547,129.2100067138672,64309,0.0,0.0
2023-03-22 10:30:00-04:00,129.2050018310547,129.5500030517578,128.55999755859375,128.55999755859375,69745,0.0,0.0
2023-03-22 11:30:00-04:00,128.5500030517578,128.60000610351562,127.97000122070312,128.42999267578125,68287,0.0,0.0
2023-03-22 12:30:00-04:00,128.42999267578125,128.5399932861328,127.95999908447266,128.3800048828125,71310,0.0,0.0
2023-03-22 13:30:00-04:00,128.3249969482422,129.27749633789062,128.0,128.33999633789062,65037,0.0,0.0
2023-03-22 14:30:00-04:00,128.31500244140625,128.50999450683594,127.30999755859375,128.0399932861328,62153,0.0,0.0
2023-03-22 15:30:00-04:00,128.02999877929688,128.07000732421875,126.83000183105469,126.98999786376953,140445,0.0,0.0
2023-03-23 09:30:00-04:00,126.97000122070312,127.06999969482422,125.66000366210938,126.05999755859375,46986,0.0,0.0
2023-03-23 10:30:00-04:00,126.05999755859375,126.70999908447266,125.8499984741211,126.59500122070312,60102,0.0,0.0
2023-03-23 11:30:00-04:00,126.56999969482422,127.66000366210938,126.56999969482422,127.22000122070312,64940,0.0,0.0
2023-03-23 12:30:00-04:00,127.22000122070312,127.5199966430664,126.87999725341797,126.93000030517578,67819,0.0,0.0
2023-03-23 13:30:00-04:00,126.76000213623047,127.75,126.76000213623047,127.16999816894531,84762,0.0,0.0
2023-03-23 14:30:00-04:00,127.16999816894531,127.87000274658203,126.8949966430664,127.44999694824219,125998,0.0,0.0
2023-03-23 15:30:00-04:00,127.23999786376953,128.02000427246094,127.06999969482422,127.27999877929688,167080,0.0,0.0
2023-03-24 09:30:00-04:00,126.91000366210938,128.5500030517578,126.83999633789062,128.5500030517578,79882,0.0,0.0
2023-03-24 10:30:00-04:00,128.47999572753906,128.5500030517578,127.3499984741211,127.86000061035156,47232,0.0,0.0
2023-03-24 11:30:00-04:00,127.81500244140625,129.0,127.58999633789062,128.22000122070312,88031,0.0,0.0
2023-03-24 12:30:00-04:00,128.38999938964844,128.98500061035156,128.28500366210938,128.47000122070312,56023,0.0,0.0
2023-03-24 13:30:00-04:00,128.55999755859375,129.3699951171875,128.55999755859375,129.02499389648438,48925,0.0,0.0
2023-03-24 14:30:00-04:00,129.0,129.5,128.77000427246094,129.05499267578125,57542,0.0,0.0
2023-03-24 15:30:00-04:00,129.05999755859375,129.5,129.05999755859375,129.4199981689453,141287,0.0,0.0
2023-03-27 09:30:00-04:00,129.89999389648438,130.57000732421875,129.77000427246094,129.9600067138672,58667,0.0,0.0
2023-03-27 10:30:00-04:00,129.94000244140625,130.44000244140625,129.5050048828125,130.3625030517578,51138,0.0,0.0
2023-03-27 11:30:00-04:00,130.41000366210938,130.88999938964844,130.35000610351562,130.72999572753906,67679,0.0,0.0
2023-03-27 12:30:00-04:00,130.69000244140625,131.0800018310547,130.64999389648438,131.0,68252,0.0,0.0
2023-03-27 13:30:00-04:00,131.0449981689453,131.47000122070312,130.88999938964844,131.42999267578125,88961,0.0,0.0
2023-03-27 14:30:00-04:00,131.4499969482422,131.72000122070312,130.92999267578125,131.2949981689453,90347,0.0,0.0
2023-03-27 15:30:00-04:00,131.36000061035156,131.74000549316406,131.05999755859375,131.4499969482422,166301,0.0,0.0
2023-03-28 09:30:00-04:00,131.77000427246094,132.6999969482422,130.4600067138672,131.5749969482422,133943,0.0,0.0
2023-03-28 10:30:00-04:00,131.52999877929688,131.9499969482422,131.2100067138672,131.39999389648438,174027,0.0,0.0
2023-03-28 11:30:00-04:00,131.42999267578125,131.72999572753906,131.0,131.72000122070312,140520,0.0,0.0
2023-03-28 12:30:00-04:00,131.72999572753906,131.86000061035156,131.10499572753906,131.32000732421875,48156,0.0,0.0
2023-03-28 13:30:00-04:00,131.30999755859375,131.41000366210938,130.98500061035156,131.41000366210938,45674,0.0,0.0
2023-03-28 14:30:00-04:00,131.4199981689453,132.1699981689453,131.24000549316406,131.6999969482422,92563,0.0,0.0
2023-03-28 15:30:00-04:00,131.6999969482422,132.0500030517578,131.49000549316406,131.77999877929688,209207,0.0,0.0
2023-03-29 09:30:00-04:00,131.77999877929688,133.44000244140625,131.77999877929688,132.5399932861328,61659,0.0,0.0
2023-03-29 10:30:00-04:00,132.60000610351562,132.66000366210938,131.53500366210938,131.63999938964844,67714,0.0,0.0
2023-03-29 11:30:00-04:00,131.85000610351562,132.38999938964844,131.85000610351562,132.24000549316406,55018,0.0,0.0
2023-03-29 12:30:00-04:00,132.33999633789062,132.44000244140625,132.02000427246094,132.3300018310547,43138,0.0,0.0
2023-03-29 13:30:00-04:00,132.27999877929688,132.8000030517578,132.16000366210938,132.75999450683594,41167,0.0,0.0
2023-03-29 14:30:00-04:00,132.6999969482422,132.77000427246094,131.97999572753906,131.97999572753906,83951,0.0,0.0
2023-03-29 15:30:00-04:00,132.0399932861328,132.86000061035156,132.0399932861328,132.7899932861328,132673,0.0,0.0
2023-03-30 09:30:00-04:00,132.61000061035156,133.8000030517578,131.97500610351562,132.27000427246094,60172,0.0,0.0
2023-03-30 10:30:00-04:00,132.1320037841797,132.3800048828125,131.4499969482422,132.0,86360,0.0,0.0
2023-03-30 11:30:00-04:00,132.0399932861328,132.39999389648438,131.8000030517578,131.82000732421875,35158,0.0,0.0
2023-03-30 12:30:00-04:00,131.83999633789062,131.9199981689453,131.63499450683594,131.89999389648438,30143,0.0,0.0
2023-03-30 13:30:00-04:00,131.72000122070312,132.08999633789062,131.6875,132.08999633789062,43980,0.0,0.0
2023-03-30 14:30:00-04:00,132.08999633789062,132.47000122070312,132.08999633789062,132.4199981689453,36039,0.0,0.0
2023-03-30 15:30:00-04:00,132.3800048828125,132.3800048828125,131.83999633789062,132.3699951171875,121715,0.0,0.0
2023-03-31 09:30:00-04:00,131.58999633789062,133.63999938964844,131.58999633789062,133.51499938964844,38261,0.0,0.0
2023-03-31 10:30:00-04:00,133.36000061035156,133.72000122070312,133.19000244140625,133.44000244140625,35654,0.0,0.0
2023-03-31 11:30:00-04:00,133.4199981689453,133.64999389648438,133.35000610351562,133.47999572753906,29923,0.0,0.0
2023-03-31 12:30:00-04:00,133.4499969482422,133.5500030517578,133.22000122070312,133.22000122070312,21695,0.0,0.0
2023-03-31 13:30:00-04:00,133.2050018310547,133.38999938964844,132.97000122070312,133.03500366210938,25976,0.0,0.0
2023-03-31 14:30:00-04:00,133.05999755859375,133.97999572753906,132.74000549316406,133.8000030517578,84974,0.0,0.0
2023-03-31 15:30:00-04:00,133.80999755859375,134.22999572753906,133.64999389648438,134.19000244140625,154928,0.0,0.0
2023-04-03 09:30:00-04:00,133.35000610351562,134.08999633789062,133.19000244140625,133.85000610351562,35191,0.0,0.0
2023-04-03 10:30:00-04:00,133.91000366210938,134.11000061035156,133.72999572753906,133.86500549316406,0,0.0,0.0
2023-04-03 11:30:00-04:00,133.8699951171875,134.30999755859375,133.84500122070312,134.2100067138672,85604,0.0,0.0
2023-04-03 12:30:00-04:00,134.13999938964844,134.5,134.13999938964844,134.38999938964844,28055,0.0,0.0
2023-04-03 13:30:00-04:00,134.36000061035156,134.3769989013672,133.97000122070312,134.1199951171875,32579,0.0,0.0
2023-04-03 14:30:00-04:00,134.1300048828125,134.4199981689453,133.72000122070312,134.41000366210938,76834,0.0,0.0
2023-04-03 15:30:00-04:00,134.36000061035156,134.6699981689453,134.1699981689453,134.6699981689453,90953,0.0,0.0
2023-04-04 09:30:00-04:00,134.17999267578125,135.74000549316406,134.17999267578125,135.27000427246094,66640,0.0,0.0
2023-04-04 10:30:00-04:00,135.30999755859375,135.82000732421875,134.7100067138672,134.89999389648438,68195,0.0,0.0
2023-04-04 11:30:00-04:00,134.86000061035156,135.02999877929688,134.47000122070312,134.75999450683594,35843,0.0,0.0
2023-04-04 12:30:00-04:00,134.72999572753906,135.17999267578125,134.64999389648438,135.17999267578125,40162,0.0,0.0
2023-04-04 13:30:00-04:00,135.25,135.27000427246094,134.78500366210938,134.89999389648438,43265,0.0,0.0
2023-04-04 14:30:00-04:00,134.875,135.2100067138672,134.77000427246094,135.07000732421875,65548,0.0,0.0
2023-04-04 15:30:00-04:00,135.07000732421875,135.52999877929688,134.9600067138672,135.25999450683594,107624,0.0,0.0
2023-04-05 09:30:00-04:00,135.0,136.58999633789062,135.0,135.88999938964844,62769,0.0,0.0
2023-04-05 10:30:00-04:00,135.84860229492188,136.02999877929688,134.83590698242188,134.91000366210938,42031,0.0,0.0
2023-04-05 11:30:00-04:00,134.83999633789062,135.9949951171875,134.83999633789062,135.9949951171875,50640,0.0,0.0
2023-04-05 12:30:00-04:00,135.9499969482422,136.30999755859375,135.89999389648438,136.0050048828125,50253,0.0,0.0
2023-04-05 13:30:00-04:00,136.0050048828125,136.3350067138672,135.7899932861328,136.3000030517578,42387,0.0,0.0
2023-04-05 14:30:00-04:00,136.3800048828125,136.50999450683594,136.14999389648438,136.34500122070312,64248,0.0,0.0
2023-04-05 15:30:00-04:00,136.35000610351562,136.35000610351562,135.66000366210938,135.6999969482422,100459,0.0,0.0
2023-04-06 09:30:00-04:00,134.75,137.1999969482422,134.75,136.6199951171875,93367,0.0,0.0
2023-04-06 10:30:00-04:00,136.6199951171875,136.85000610351562,136.35000610351562,136.4600067138672,55594,0.0,0.0
2023-04-06 11:30:00-04:00,136.5,136.72999572753906,136.27000427246094,136.4250030517578,68832,0.0,0.0
2023-04-06 12:30:00-04:00,136.46499633789062,136.6199951171875,136.2899932861328,136.5,50747,0.0,0.0
2023-04-06 13:30:00-04:00,136.49000549316406,136.49000549316406,135.7899932861328,135.9149932861328,52026,0.0,0.0
2023-04-06 14:30:00-04:00,135.94000244140625,136.11000061035156,135.55999755859375,136.0399932861328,66532,0.0,0.0
2023-04-06 15:30:00-04:00,136.05999755859375,136.05999755859375,135.64999389648438,135.9550018310547,81697,0.0,0.0
2023-04-10 09:30:00-04:00,134.6699981689453,135.4434051513672,134.5399932861328,134.77000427246094,40384,0.0,0.0
2023-04-10 10:30:00-04:00,134.8000030517578,135.14999389648438,134.67999267578125,135.00999450683594,25417,0.0,0.0
2023-04-10 11:30:00-04:00,135.05299377441406,135.33270263671875,135.05299377441406,135.22500610351562,21839,0.0,0.0
2023-04-10 12:30:00-04:00,135.22999572753906,135.33999633789062,134.7899932861328,134.94000244140625,55227,0.0,0.0
2023-04-10 13:30:00-04:00,135.0583953857422,135.0800018310547,134.33999633789062,134.33999633789062,38083,0.0,0.0
2023-04-10 14:30:00-04:00,134.36000061035156,134.56500244140625,134.0050048828125,134.3300018310547,55367,0.0,0.0
2023-04-10 15:30:00-04:00,134.375,134.3800048828125,132.77999877929688,133.05999755859375,303897,0.0,0.0
2023-04-11 09:30:00-04:00,133.1999969482422,133.9698944091797,132.94500732421875,133.41000366210938,131925,0.0,0.0
2023-04-11 10:30:00-04:00,133.39500427246094,133.9600067138672,133.24000549316406,133.72999572753906,65048,0.0,0.0
2023-04-11 11:30:00-04:00,133.67999267578125,133.8800048828125,133.33999633789062,133.7928924560547,68018,0.0,0.0
2023-04-11 12:30:00-04:00,133.7899932861328,133.83999633789062,133.6300048828125,133.7449951171875,27089,0.0,0.0
2023-04-11 13:30:00-04:00,133.67999267578125,133.82000732421875,133.57000732421875,133.7449951171875,27694,0.0,0.0
2023-04-11 14:30:00-04:00,133.6999969482422,134.08999633789062,133.62100219726562,134.05499267578125,60510,0.0,0.0
2023-04-11 15:30:00-04:00,134.0500030517578,134.08999633789062,133.39999389648438,134.05999755859375,163287,0.0,0.0
2023-04-12 09:30:00-04:00,134.75999450683594,135.22999572753906,134.3300018310547,134.60000610351562,56912,0.0,0.0
2023-04-12 10:30:00-04:00,134.6199951171875,134.64500427246094,134.07000732421875,134.38999938964844,57516,0.0,0.0
2023-04-12 11:30:00-04:00,134.3300018310547,135.02999877929688,134.27499389648438,135.02000427246094,46069,0.0,0.0
2023-04-12 12:30:00-04:00,135.02000427246094,135.32000732421875,134.9600067138672,135.19000244140625,33081,0.0,0.0
2023-04-12 13:30:00-04:00,135.2100067138672,135.27999877929688,134.7050018310547,134.72000122070312,78120,0.0,0.0
2023-04-12 14:30:00-04:00,134.64999389648438,135.22999572753906,134.22000122070312,134.5500030517578,94223,0.0,0.0
2023-04-12 15:30:00-04:00,134.60000610351562,134.91000366210938,134.4600067138672,134.52000427246094,111236,0.0,0.0
2023-04-13 09:30:00-04:00,134.61000061035156,135.52000427246094,134.0500030517578,135.25,52986,0.0,0.0
2023-04-13 10:30:00-04:00,135.3000030517578,135.52000427246094,135.05999755859375,135.49000549316406,39196,0.0,0.0
2023-04-13 11:30:00-04:00,135.49000549316406,135.5850067138672,135.00999450683594,135.30999755859375,41505,0.0,0.0
2023-04-13 12:30:00-04:00,135.30999755859375,135.30999755859375,134.88999938964844,135.2050018310547,64020,0.0,0.0
2023-04-13 13:30:00-04:00,135.2050018310547,135.2100067138672,134.67999267578125,135.0,79211,0.0,0.0
2023-04-13 14:30:00-04:00,135.0,135.09500122070312,134.8708953857422,134.9949951171875,86143,0.0,0.0
2023-04-13 15:30:00-04:00,134.98500061035156,135.50999450683594,134.82290649414062,135.1999969482422,210742,0.0,0.0
2023-04-14 09:30:00-04:00,134.4949951171875,134.85000610351562,133.3249969482422,133.9149932861328,75823,0.0,0.0
2023-04-14 10:30:00-04:00,133.9250030517578,135.05999755859375,133.69500732421875,134.69700622558594,82412,0.0,0.0
2023-04-14 11:30:00-04:00,134.86000061035156,135.75,134.86000061035156,135.60499572753906,38236,0.0,0.0
2023-04-14 12:30:00-04:00,135.58999633789062,136.22500610351562,135.58999633789062,136.11000061035156,47612,0.0,0.0
2023-04-14 13:30:00-04:00,136.08999633789062,136.43499755859375,136.02999877929688,136.3800048828125,46122,0.0,0.0
2023-04-14 14:30:00-04:00,136.3699951171875,136.83999633789062,136.30999755859375,136.82000732421875,56953,0.0,0.0
2023-04-14 15:30:00-04:00,136.83999633789062,137.1300048828125,136.38999938964844,136.6300048828125,172152,0.0,0.0
2023-04-17 09:30:00-04:00,135.47999572753906,136.61000061035156,135.13999938964844,136.47500610351562,26691,0.0,0.0
2023-04-17 10:30:00-04:00,136.4600067138672,136.8300018310547,136.3000030517578,136.48179626464844,31081,0.0,0.0
2023-04-17 11:30:00-04:00,136.42999267578125,136.8300018310547,136.30999755859375,136.76499938964844,39061,0.0,0.0
2023-04-17 12:30:00-04:00,136.6999969482422,136.6999969482422,136.08999633789062,136.44000244140625,25899,0.0,0.0
2023-04-17 13:30:00-04:00,136.3800048828125,136.39999389648438,136.0,136.1300048828125,31923,0.0,0.0
2023-04-17 14:30:00-04:00,136.1199951171875,136.84500122070312,136.05999755859375,136.84500122070312,34760,0.0,0.0
2023-04-17 15:30:00-04:00,136.77999877929688,137.64999389648438,136.4499969482422,137.64999389648438,120706,0.0,0.0
2023-04-18 09:30:00-04:00,136.50999450683594,138.3800048828125,136.42889404296875,138.06500244140625,50028,0.0,0.0
2023-04-18 10:30:00-04:00,137.94500732421875,138.52499389648438,137.80999755859375,138.00999450683594,47817,0.0,0.0
2023-04-18 11:30:00-04:00,137.98500061035156,138.07000732421875,137.27999877929688,137.375,31794,0.0,0.0
2023-04-18 12:30:00-04:00,137.33999633789062,137.5,137.17999267578125,137.3249969482422,59333,0.0,0.0
2023-04-18 13:30:00-04:00,137.33999633789062,137.7100067138672,137.33999633789062,137.6699981689453,38862,0.0,0.0
2023-04-18 14:30:00-04:00,137.74000549316406,138.0399932861328,137.7100067138672,137.84500122070312,52519,0.0,0.0
2023-04-18 15:30:00-04:00,137.83999633789062,137.99000549316406,137.08999633789062,137.11000061035156,90610,0.0,0.0
2023-04-19 09:30:00-04:00,135.47000122070312,138.4199981689453,135.47000122070312,138.35000610351562,60209,0.0,0.0
2023-04-19 10:30:00-04:00,138.30999755859375,138.38999938964844,137.8699951171875,138.1699981689453,42933,0.0,0.0
2023-04-19 11:30:00-04:00,138.16000366210938,138.4499969482422,137.91000366210938,138.4149932861328,105953,0.0,0.0
2023-04-19 12:30:00-04:00,138.4550018310547,138.4550018310547,137.98500061035156,138.02999877929688,36137,0.0,0.0
2023-04-19 13:30:00-04:00,138.02999877929688,138.42999267578125,137.9600067138672,138.2449951171875,41299,0.0,0.0
2023-04-19 14:30:00-04:00,138.23500061035156,138.47000122070312,138.1999969482422,138.1999969482422,42699,0.0,0.0
2023-04-19 15:30:00-04:00,138.2050018310547,138.2050018310547,137.7550048828125,138.05499267578125,98937,0.0,0.0
2023-04-20 09:30:00-04:00,138.25,138.77000427246094,136.95010375976562,138.6699981689453,63078,0.0,0.0
2023-04-20 10:30:00-04:00,138.72000122070312,139.0800018310547,137.74000549316406,138.02000427246094,95171,0.0,0.0
2023-04-20 11:30:00-04:00,138.02000427246094,138.02000427246094,137.4250030517578,137.79249572753906,110533,0.0,0.0
2023-04-20 12:30:00-04:00,137.8000030517578,137.9250030517578,137.22500610351562,137.5,26789,0.0,0.0
2023-04-20 13:30:00-04:00,137.55499267578125,138.35000610351562,137.3800048828125,138.35000610351562,38965,0.0,0.0
2023-04-20 14:30:00-04:00,138.2899932861328,138.2899932861328,137.74000549316406,137.9250030517578,73156,0.0,0.0
2023-04-20 15:30:00-04:00,137.9600067138672,138.82000732421875,137.94000244140625,138.5800018310547,98440,0.0,0.0
2023-04-21 09:30:00-04:00,138.89999389648438,139.1300048828125,138.32000732421875,138.82000732421875,61215,0.0,0.0
2023-04-21 10:30:00-04:00,138.77999877929688,138.7899932861328,138.08999633789062,138.32000732421875,37053,0.0,0.0
2023-04-21 11:30:00-04:00,138.30999755859375,138.36000061035156,137.72000122070312,137.94000244140625,34329,0.0,0.0
2023-04-21 12:30:00-04:00,137.94000244140625,138.19000244140625,137.80999755859375,138.14999389648438,16545,0.0,0.0
2023-04-21 13:30:00-04:00,138.2899932861328,138.7899932861328,138.2899932861328,138.6300048828125,31375,0.0,0.0
2023-04-21 14:30:00-04:00,138.72000122070312,139.17999267578125,138.6699981689453,139.17999267578125,22269,0.0,0.0
2023-04-21 15:30:00-04:00,139.1999969482422,139.44000244140625,139.05999755859375,139.3699951171875,62780,0.0,0.0
2023-04-24 09:30:00-04:00,139.44000244140625,139.94500732421875,138.8699951171875,138.8699951171875,37227,0.0,0.0
2023-04-24 10:30:00-04:00,138.85499572753906,139.91000366210938,138.85499572753906,139.69000244140625,48253,0.0,0.0
2023-04-24 11:30:00-04:00,139.7050018310547,139.9499969482422,139.13999938964844,139.21499633789062,109510,0.0,0.0
2023-04-24 12:30:00-04:00,139.21499633789062,139.27999877929688,138.57000732421875,138.7949981689453,41890,0.0,0.0
2023-04-24 13:30:00-04:00,138.74000549316406,139.4199981689453,138.63999938964844,139.3699951171875,62146,0.0,0.0
2023-04-24 14:30:00-04:00,139.33999633789062,139.80999755859375,138.9154052734375,139.74000549316406,90349,0.0,0.0
2023-04-24 15:30:00-04:00,139.74000549316406,140.10000610351562,139.6999969482422,139.77999877929688,142211,0.0,0.0
2023-04-25 09:30:00-04:00,140.14999389648438,140.55999755859375,139.85000610351562,140.33999633789062,64942,0.0,0.0
2023-04-25 10:30:00-04:00,140.33999633789062,140.3800048828125,139.8000030517578,139.8000030517578,62637,0.0,0.0
2023-04-25 11:30:00-04:00,139.6999969482422,139.72500610351562,139.17999267578125,139.47999572753906,22824,0.0,0.0
2023-04-25 12:30:00-04:00,139.36000061035156,139.5500030517578,138.4550018310547,138.75999450683594,43105,0.0,0.0
2023-04-25 13:30:00-04:00,138.79820251464844,139.2050018310547,138.5399932861328,138.80499267578125,44620,0.0,0.0
2023-04-25 14:30:00-04:00,138.875,139.97999572753906,138.85000610351562,139.83999633789062,134801,0.0,0.0
2023-04-25 15:30:00-04:00,139.83999633789062,139.91000366210938,139.16000366210938,139.2100067138672,119501,0.0,0.0
2023-04-26 09:30:00-04:00,138.5500030517578,139.5800018310547,138.5500030517578,138.77999877929688,58008,0.0,0.0
2023-04-26 10:30:00-04:00,138.80999755859375,139.19000244140625,137.8000030517578,137.85000610351562,70100,0.0,0.0
2023-04-26 11:30:00-04:00,137.80999755859375,137.94000244140625,137.5,137.63999938964844,43303,0.0,0.0
2023-04-26 12:30:00-04:00,137.69000244140625,137.875,137.36000061035156,137.69000244140625,30083,0.0,0.0
2023-04-26 13:30:00-04:00,137.66000366210938,137.91000366210938,137.22999572753906,137.80999755859375,58185,0.0,0.0
2023-04-26 14:30:00-04:00,137.82000732421875,137.8350067138672,137.39010620117188,137.47000122070312,69370,0.0,0.0
2023-04-26 15:30:00-04:00,137.52000427246094,137.80999755859375,137.05999755859375,137.5800018310547,132198,0.0,0.0
2023-04-27 09:30:00-04:00,137.25999450683594,138.07000732421875,136.77999877929688,137.25,33909,0.0,0.0
2023-04-27 10:30:00-04:00,137.19000244140625,137.72000122070312,136.91749572753906,137.7100067138672,38040,0.0,0.0
2023-04-27 11:30:00-04:00,137.77000427246094,137.8800048828125,137.5500030517578,137.59500122070312,25397,0.0,0.0
2023-04-27 12:30:00-04:00,137.6199951171875,137.66000366210938,137.19000244140625,137.19000244140625,32169,0.0,0.0
2023-04-27 13:30:00-04:00,137.17999267578125,137.35499572753906,137.0800018310547,137.27000427246094,43694,0.0,0.0
2023-04-27 14:30:00-04:00,137.3300018310547,137.8000030517578,137.3300018310547,137.66000366210938,56323,0.0,0.0
2023-04-27 15:30:00-04:00,137.60000610351562,138.27000427246094,137.48500061035156,138.22000122070312,84462,0.0,0.0
2023-04-28 09:30:00-04:00,138.27000427246094,139.3699951171875,138.11500549316406,138.52000427246094,60065,0.0,0.0
2023-04-28 10:30:00-04:00,138.52000427246094,138.8800048828125,138.27999877929688,138.6199951171875,65260,0.0,0.0
2023-04-28 11:30:00-04:00,138.64999389648438,139.25,138.5399932861328,139.13999938964844,26218,0.0,0.0
2023-04-28 12:30:00-04:00,139.1699981689453,139.52000427246094,139.14999389648438,139.36000061035156,28809,0.0,0.0
2023-04-28 13:30:00-04:00,139.3800048828125,139.44500732421875,139.0800018310547,139.3699951171875,56150,0.0,0.0
2023-04-28 14:30:00-04:00,139.33999633789062,139.51499938964844,139.02000427246094,139.4499969482422,61081,0.0,0.0
2023-04-28 15:30:00-04:00,139.40499877929688,140.1199951171875,139.22000122070312,140.1199951171875,123945,0.0,0.0
2023-05-01 09:30:00-04:00,139.97999572753906,140.07000732421875,138.8000030517578,138.9499969482422,75497,0.0,0.0
2023-05-01 10:30:00-04:00,138.96499633789062,139.30499267578125,138.72999572753906,139.10499572753906,109505,0.0,0.0
2023-05-01 11:30:00-04:00,139.02499389648438,139.02499389648438,138.1999969482422,138.1999969482422,48985,0.0,0.0
2023-05-01 12:30:00-04:00,138.1699981689453,138.6649932861328,138.11000061035156,138.2899932861328,45396,0.0,0.0
2023-05-01 13:30:00-04:00,138.2899932861328,138.64999389648438,138.2834930419922,138.43499755859375,41229,0.0,0.0
2023-05-01 14:30:00-04:00,138.4499969482422,138.5050048828125,138.1999969482422,138.47979736328125,57891,0.0,0.0
2023-05-01 15:30:00-04:00,138.4875030517578,138.5,138.00999450683594,138.1999969482422,162071,0.0,0.0
2023-05-02 09:30:00-04:00,138.61000061035156,138.63499450683594,137.375,137.64999389648438,59761,0.0,0.0
2023-05-02 10:30:00-04:00,137.69000244140625,137.6999969482422,137.08999633789062,137.24000549316406,50333,0.0,0.0
2023-05-02 11:30:00-04:00,137.24749755859375,138.00999450683594,137.1300048828125,137.81500244140625,55035,0.0,0.0
2023-05-02 12:30:00-04:00,137.82249450683594,138.11000061035156,137.72000122070312,138.00999450683594,36213,0.0,0.0
2023-05-02 13:30:00-04:00,137.97000122070312,138.5500030517578,137.52000427246094,137.83999633789062,112203,0.0,0.0
2023-05-02 14:30:00-04:00,137.83999633789062,138.22000122070312,137.74000549316406,138.0749969482422,81117,0.0,0.0
2023-05-02 15:30:00-04:00,138.0749969482422,138.8699951171875,137.82000732421875,138.7899932861328,123617,0.0,0.0
2023-05-03 09:30:00-04:00,138.72999572753906,139.32989501953125,138.2899932861328,138.2899932861328,39009,0.0,0.0
2023-05-03 10:30:00-04:00,138.2899932861328,138.52000427246094,137.77000427246094,138.27999877929688,56166,0.0,0.0
2023-05-03 11:30:00-04:00,138.25999450683594,138.80499267578125,138.24000549316406,138.75,23375,0.0,0.0
2023-05-03 12:30:00-04:00,138.7050018310547,139.0800018310547,138.60000610351562,138.9199981689453,28646,0.0,0.0
2023-05-03 13:30:00-04:00,138.89999389648438,138.94000244140625,137.9949951171875,138.05999755859375,40376,0.0,0.0
2023-05-03 14:30:00-04:00,138.0399932861328,138.4499969482422,137.55999755859375,137.9949951171875,83524,0.0,0.0
2023-05-03 15:30:00-04:00,137.99000549316406,138.36000061035156,137.9499969482422,138.36000061035156,148943,0.0,0.0
2023-05-04 09:30:00-04:00,138.11000061035156,139.52999877929688,137.90480041503906,138.92999267578125,88862,0.0,0.0
2023-05-04 10:30:00-04:00,138.92999267578125,138.92999267578125,138.05999755859375,138.3800048828125,83865,0.0,0.0
2023-05-04 11:30:00-04:00,138.1300048828125,138.24000549316406,137.6999969482422,137.89999389648438,54002,0.0,0.0
2023-05-04 12:30:00-04:00,137.91000366210938,138.4250030517578,137.6999969482422,138.39500427246094,74411,0.0,0.0
2023-05-04 13:30:00-04:00,138.48500061035156,138.48500061035156,137.89999389648438,137.89999389648438,68744,0.0,0.0
2023-05-04 14:30:00-04:00,137.83999633789062,138.06500244140625,137.19000244140625,137.27499389648438,153438,0.0,0.0
2023-05-04 15:30:00-04:00,137.25,138.0749969482422,136.97999572753906,137.0800018310547,217307,0.0,0.0
2023-05-05 09:30:00-04:00,137.2899932861328,137.2899932861328,133.4001007080078,136.92999267578125,209399,0.0,0.0
2023-05-05 10:30:00-04:00,136.9600067138672,138.97000122070312,136.75999450683594,138.4149932861328,117944,0.0,0.0
2023-05-05 11:30:00-04:00,138.30999755859375,138.30999755859375,136.30499267578125,136.39999389648438,110532,0.0,0.0
2023-05-05 12:30:00-04:00,136.6999969482422,137.11000061035156,136.32000732421875,136.5800018310547,89216,0.0,0.0
2023-05-05 13:30:00-04:00,136.47999572753906,137.16000366210938,136.47999572753906,136.7100067138672,94638,0.0,0.0
2023-05-05 14:30:00-04:00,136.66000366210938,137.05999755859375,136.33999633789062,136.52000427246094,117975,0.0,0.0
2023-05-05 15:30:00-04:00,136.5050048828125,136.7100067138672,135.91000366210938,136.67999267578125,142250,0.0,0.0
2023-05-08 09:30:00-04:00,136.89999389648438,136.89999389648438,135.1999969482422,136.3249969482422,53254,0.0,0.0
2023-05-08 10:30:00-04:00,136.3249969482422,137.19000244140625,136.05999755859375,136.2100067138672,100322,0.0,0.0
2023-05-08 11:30:00-04:00,136.10000610351562,136.63499450683594,135.67999267578125,136.1999969482422,49348,0.0,0.0
2023-05-08 12:30:00-04:00,136.1699981689453,136.22000122070312,135.85000610351562,135.94500732421875,54807,0.0,0.0
2023-05-08 13:30:00-04:00,135.9199981689453,136.38999938964844,135.9199981689453,136.23500061035156,100765,0.0,0.0
2023-05-08 14:30:00-04:00,136.23500061035156,136.8000030517578,136.16000366210938,136.35000610351562,103886,0.0,0.0
2023-05-08 15:30:00-04:00,136.35000610351562,136.41000366210938,135.60000610351562,136.27999877929688,143835,0.0,0.0
2023-05-09 09:30:00-04:00,136.55999755859375,136.55999755859375,135.52999877929688,135.8699951171875,55106,0.0,0.0
2023-05-09 10:30:00-04:00,135.8699951171875,136.1300048828125,135.52000427246094,136.08999633789062,53320,0.0,0.0
2023-05-09 11:30:00-04:00,136.0675048828125,136.4199981689453,135.2050018310547,135.3800048828125,67105,0.0,0.0
2023-05-09 12:30:00-04:00,135.39999389648438,136.52000427246094,135.24000549316406,136.32000732421875,62845,0.0,0.0
2023-05-09 13:30:00-04:00,136.34500122070312,136.9250030517578,136.22999572753906,136.77999877929688,84250,0.0,0.0
2023-05-09 14:30:00-04:00,136.75999450683594,136.7899932861328,135.85000610351562,135.8800048828125,96651,0.0,0.0
2023-05-09 15:30:00-04:00,135.88499450683594,136.30999755859375,135.86000061035156,136.0800018310547,204820,0.0,0.0
2023-05-10 09:30:00-04:00,136.80999755859375,137.27999877929688,136.2899932861328,136.49989318847656,63161,0.0,0.0
2023-05-10 10:30:00-04:00,136.38999938964844,138.47999572753906,136.30999755859375,138.27999877929688,104583,0.0,0.0
2023-05-10 11:30:00-04:00,138.11000061035156,138.8300018310547,137.89999389648438,138.61000061035156,114140,0.0,0.0
2023-05-10 12:30:00-04:00,138.57000732421875,138.77999877929688,137.66000366210938,137.66000366210938,41077,0.0,0.0
2023-05-10 13:30:00-04:00,137.6999969482422,138.42999267578125,137.6699981689453,137.6699981689453,68844,0.0,0.0
2023-05-10 14:30:00-04:00,137.72000122070312,138.27999877929688,137.72000122070312,138.25,58038,0.0,0.0
2023-05-10 15:30:00-04:00,138.21499633789062,138.5800018310547,138.0399932861328,138.3000030517578,207467,0.0,0.0
2023-05-11 09:30:00-04:00,138.4499969482422,139.8699951171875,138.4499969482422,138.58999633789062,78765,0.0,0.0
2023-05-11 10:30:00-04:00,138.66000366210938,139.0699005126953,138.49000549316406,139.02999877929688,83184,0.0,0.0
2023-05-11 11:30:00-04:00,138.99000549316406,139.91000366210938,138.72999572753906,139.86500549316406,84873,0.0,0.0
2023-05-11 12:30:00-04:00,139.75999450683594,139.9499969482422,139.0500030517578,139.2899932861328,81046,0.0,0.0
2023-05-11 13:30:00-04:00,139.30499267578125,139.39999389648438,139.05999755859375,139.17999267578125,70995,0.0,0.0
2023-05-11 14:30:00-04:00,139.13999938964844,139.375,139.0399932861328,139.11000061035156,132101,0.0,0.0
2023-05-11 15:30:00-04:00,139.10000610351562,139.19000244140625,138.8800048828125,138.9600067138672,195200,0.0,0.0
2023-05-12 09:30:00-04:00,139.25,140.82000732421875,139.25,139.85000610351562,98822,0.0,0.0
2023-05-12 10:30:00-04:00,139.86000061035156,139.9499969482422,139.3300018310547,139.52499389648438,96639,0.0,0.0
2023-05-12 11:30:00-04:00,139.6300048828125,139.81500244140625,139.2899932861328,139.4199981689453,50283,0.0,0.0
2023-05-12 12:30:00-04:00,139.43499755859375,139.52999877929688,139.17999267578125,139.31500244140625,48549,0.0,0.0
2023-05-12 13:30:00-04:00,139.35000610351562,139.35000610351562,138.85000610351562,138.94000244140625,50542,0.0,0.0
2023-05-12 14:30:00-04:00,138.9199981689453,138.9600067138672,138.25999450683594,138.5,83088,0.0,0.0
2023-05-12 15:30:00-04:00,138.44000244140625,138.8699951171875,138.25999450683594,138.74000549316406,208421,0.0,0.0
2023-05-15 09:30:00-04:00,139.83999633789062,139.83999633789062,138.1750030517578,138.90499877929688,36869,0.0,0.0
2023-05-15 10:30:00-04:00,138.91000366210938,139.1699981689453,138.71499633789062,139.11500549316406,40446,0.0,0.0
2023-05-15 11:30:00-04:00,139.11500549316406,139.14999389648438,138.67999267578125,139.14999389648438,29551,0.0,0.0
2023-05-15 12:30:00-04:00,139.11000061035156,139.37989807128906,138.9499969482422,139.1300048828125,26387,0.0,0.0
2023-05-15 13:30:00-04:00,139.14999389648438,139.77000427246094,139.0500030517578,139.6999969482422,37296,0.0,0.0
2023-05-15 14:30:00-04:00,139.6999969482422,139.77999877929688,139.1199951171875,139.1300048828125,69787,0.0,0.0
2023-05-15 15:30:00-04:00,139.1199951171875,139.27999877929688,138.75999450683594,139.0500030517578,162053,0.0,0.0
2023-05-16 09:30:00-04:00,139.5399932861328,139.5399932861328,138.1300048828125,138.63999938964844,59678,0.0,0.0
2023-05-16 10:30:00-04:00,138.6999969482422,138.77000427246094,138.11000061035156,138.25,57259,0.0,0.0
2023-05-16 11:30:00-04:00,138.17999267578125,138.32000732421875,138.00999450683594,138.32000732421875,28206,0.0,0.0
2023-05-16 12:30:00-04:00,138.25,138.77000427246094,138.25,138.6300048828125,31214,0.0,0.0
2023-05-16 13:30:00-04:00,138.6300048828125,138.66000366210938,138.19000244140625,138.19000244140625,24773,0.0,0.0
2023-05-16 14:30:00-04:00,138.22500610351562,138.74000549316406,138.1999969482422,138.67999267578125,64274,0.0,0.0
2023-05-16 15:30:00-04:00,138.66000366210938,138.89999389648438,137.97999572753906,137.97999572753906,161133,0.0,0.0
2023-05-17 09:30:00-04:00,138.13999938964844,138.88999938964844,136.63499450683594,136.94000244140625,49098,0.0,0.0
2023-05-17 10:30:00-04:00,136.91000366210938,137.27999877929688,136.8699951171875,137.06500244140625,59467,0.0,0.0
2023-05-17 11:30:00-04:00,137.11500549316406,137.9199981689453,137.11500549316406,137.69000244140625,38790,0.0,0.0
2023-05-17 12:30:00-04:00,137.72999572753906,138.0850067138672,137.55999755859375,137.91000366210938,28132,0.0,0.0
2023-05-17 13:30:00-04:00,137.92999267578125,138.0500030517578,137.52999877929688,137.5850067138672,44017,0.0,0.0
2023-05-17 14:30:00-04:00,137.55999755859375,137.55999755859375,137.22000122070312,137.30499267578125,46326,0.0,0.0
2023-05-17 15:30:00-04:00,137.40750122070312,137.6649932861328,136.47000122070312,136.47000122070312,200325,0.0,0.0
2023-05-18 09:30:00-04:00,138.19000244140625,138.19000244140625,136.22000122070312,137.11000061035156,46567,0.0,0.0
2023-05-18 10:30:00-04:00,137.25,137.53500366210938,136.5449981689453,136.5449981689453,35437,0.0,0.0
2023-05-18 11:30:00-04:00,136.74000549316406,137.03500366210938,136.57000732421875,137.0,40837,0.0,0.0
2023-05-18 12:30:00-04:00,137.05999755859375,137.05999755859375,136.5,136.57000732421875,43637,0.0,0.0
2023-05-18 13:30:00-04:00,136.52000427246094,136.6999969482422,136.30999755859375,136.6999969482422,38144,0.0,0.0
2023-05-18 14:30:00-04:00,136.64999389648438,136.89999389648438,136.6199951171875,136.8249969482422,45157,0.0,0.0
2023-05-18 15:30:00-04:00,136.7949981689453,137.49000549316406,136.66000366210938,137.3000030517578,97934,0.0,0.0
2023-05-19 09:30:00-04:00,137.375,138.2899932861328,136.8699951171875,137.8874969482422,52809,0.0,0.0
2023-05-19 10:30:00-04:00,137.88499450683594,138.93499755859375,137.86000061035156,138.33999633789062,55741,0.0,0.0
2023-05-19 11:30:00-04:00,138.1999969482422,138.4499969482422,137.88499450683594,137.88999938964844,88366,0.0,0.0
2023-05-19 12:30:00-04:00,137.80999755859375,138.47000122070312,137.52499389648438,138.25,69458,0.0,0.0
2023-05-19 13:30:00-04:00,138.2711944580078,138.5500030517578,137.88999938964844,138.2100067138672,54577,0.0,0.0
2023-05-19 14:30:00-04:00,138.14999389648438,138.4250030517578,138.10499572753906,138.27000427246094,59729,0.0,0.0
2023-05-19 15:30:00-04:00,138.27000427246094,138.92999267578125,138.1300048828125,138.74000549316406,167834,0.0,0.0
2023-05-22 09:30:00-04:00,138.4199981689453,139.3000030517578,138.25999450683594,138.72999572753906,48536,0.0,0.0
2023-05-22 10:30:00-04:00,138.72000122070312,139.13499450683594,138.6300048828125,139.00999450683594,27929,0.0,0.0
2023-05-22 11:30:00-04:00,139.00999450683594,139.10000610351562,138.80999755859375,138.9949951171875,20577,0.0,0.0
2023-05-22 12:30:00-04:00,138.97999572753906,139.08999633789062,138.7899932861328,138.96820068359375,24431,0.0,0.0
2023-05-22 13:30:00-04:00,138.9600067138672,139.61000061035156,138.9600067138672,139.61000061035156,33662,0.0,0.0
2023-05-22 14:30:00-04:00,139.6199951171875,139.9084930419922,139.52999877929688,139.5500030517578,36787,0.0,0.0
2023-05-22 15:30:00-04:00,139.55999755859375,139.68499755859375,139.27999877929688,139.27999877929688,81800,0.0,0.0
2023-05-23 09:30:00-04:00,138.2899932861328,138.75999450683594,136.7100067138672,136.85000610351562,51589,0.0,0.0
2023-05-23 10:30:00-04:00,136.88499450683594,137.4600067138672,136.55999755859375,137.33999633789062,87130,0.0,0.0
2023-05-23 11:30:00-04:00,137.27000427246094,137.3800048828125,136.39999389648438,136.47000122070312,64078,0.0,0.0
2023-05-23 12:30:00-04:00,136.5399932861328,136.83999633789062,136.14999389648438,136.50999450683594,60410,0.0,0.0
2023-05-23 13:30:00-04:00,136.44000244140625,136.6699981689453,135.94000244140625,136.0850067138672,42365,0.0,0.0
2023-05-23 14:30:00-04:00,136.05999755859375,136.14999389648438,135.52499389648438,135.8800048828125,61089,0.0,0.0
2023-05-23 15:30:00-04:00,135.85000610351562,136.22500610351562,135.4499969482422,135.4600067138672,146583,0.0,0.0
2023-05-24 09:30:00-04:00,134.36000061035156,136.25999450683594,134.32000732421875,136.25999450683594,48444,0.0,0.0
2023-05-24 10:30:00-04:00,136.34500122070312,136.60000610351562,135.8018035888672,136.02999877929688,40018,0.0,0.0
2023-05-24 11:30:00-04:00,136.0,136.11000061035156,135.55999755859375,135.5800018310547,31443,0.0,0.0
2023-05-24 12:30:00-04:00,135.52000427246094,135.9499969482422,135.52000427246094,135.78500366210938,27873,0.0,0.0
2023-05-24 13:30:00-04:00,135.84500122070312,135.96499633789062,135.7100067138672,135.74000549316406,21568,0.0,0.0
2023-05-24 14:30:00-04:00,135.72000122070312,136.16000366210938,135.6999969482422,136.10499572753906,39084,0.0,0.0
2023-05-24 15:30:00-04:00,136.02999877929688,136.14999389648438,135.3800048828125,135.38999938964844,89297,0.0,0.0
2023-05-25 09:30:00-04:00,135.05999755859375,135.05999755859375,134.34500122070312,134.97000122070312,33206,0.0,0.0
2023-05-25 10:30:00-04:00,134.9199981689453,134.9199981689453,134.2100067138672,134.27000427246094,31412,0.0,0.0
2023-05-25 11:30:00-04:00,134.22999572753906,134.32000732421875,133.77999877929688,133.89999389648438,32177,0.0,0.0
2023-05-25 12:30:00-04:00,133.9499969482422,134.00999450683594,133.38999938964844,133.86000061035156,43504,0.0,0.0
2023-05-25 13:30:00-04:00,133.82000732421875,134.02000427246094,133.6699981689453,133.7550048828125,36042,0.0,0.0
2023-05-25 14:30:00-04:00,133.75,133.97999572753906,133.74000549316406,133.92999267578125,56474,0.0,0.0
2023-05-25 15:30:00-04:00,133.92999267578125,134.4949951171875,133.7899932861328,133.83999633789062,154077,0.0,0.0
2023-05-26 09:30:00-04:00,133.47000122070312,134.6300048828125,133.39999389648438,134.35000610351562,26894,0.0,0.0
2023-05-26 10:30:00-04:00,134.38009643554688,134.68499755859375,133.94000244140625,134.27000427246094,35707,0.0,0.0
2023-05-26 11:30:00-04:00,134.3000030517578,134.67999267578125,134.1999969482422,134.64999389648438,37761,0.0,0.0
2023-05-26 12:30:00-04:00,134.7100067138672,134.7550048828125,134.35980224609375,134.41000366210938,23772,0.0,0.0
2023-05-26 13:30:00-04:00,134.4199981689453,134.4199981689453,133.8699951171875,134.0749969482422,28362,0.0,0.0
2023-05-26 14:30:00-04:00,134.10000610351562,134.2899932861328,133.99000549316406,134.2100067138672,53016,0.0,0.0
2023-05-26 15:30:00-04:00,134.1750030517578,134.27999877929688,133.77000427246094,133.77000427246094,75880,0.0,0.0
2023-05-30 09:30:00-04:00,132.27000427246094,133.67999267578125,132.27000427246094,132.9600067138672,48748,0.0,0.0
2023-05-30 10:30:00-04:00,132.9600067138672,133.13999938964844,132.4600067138672,132.5,66570,0.0,0.0
2023-05-30 11:30:00-04:00,132.49090576171875,132.50999450683594,131.65499877929688,131.80999755859375,80981,0.0,0.0
2023-05-30 12:30:00-04:00,131.80999755859375,132.0,131.22500610351562,131.97000122070312,67597,0.0,0.0
2023-05-30 13:30:00-04:00,131.97000122070312,132.06500244140625,131.7100067138672,132.00999450683594,46258,0.0,0.0
2023-05-30 14:30:00-04:00,132.05999755859375,132.42990112304688,132.02499389648438,132.33999633789062,93615,0.0,0.0
2023-05-30 15:30:00-04:00,132.39999389648438,132.39999389648438,131.97000122070312,132.38999938964844,127531,0.0,0.0
2023-05-31 09:30:00-04:00,131.36000061035156,132.47999572753906,131.36000061035156,131.67999267578125,68570,0.0,0.0
2023-05-31 10:30:00-04:00,131.64999389648438,132.49000549316406,131.49000549316406,132.22999572753906,98802,0.0,0.0
2023-05-31 11:30:00-04:00,132.17999267578125,132.8000030517578,132.17999267578125,132.39999389648438,58637,0.0,0.0
2023-05-31 12:30:00-04:00,132.3699951171875,133.0050048828125,132.3699951171875,132.91000366210938,44778,0.0,0.0
2023-05-31 13:30:00-04:00,132.89999389648438,133.11000061035156,132.72999572753906,133.07000732421875,48390,0.0,0.0
2023-05-31 14:30:00-04:00,132.9499969482422,133.49000549316406,132.9499969482422,133.47000122070312,59752,0.0,0.0
2023-05-31 15:30:00-04:00,133.47500610351562,133.5,132.3000030517578,132.3000030517578,207992,0.0,0.0
2023-06-01 09:30:00-04:00,133.0,133.60000610351562,132.63999938964844,133.10000610351562,80897,0.0,0.0
2023-06-01 10:30:00-04:00,133.08999633789062,133.13999938964844,131.94000244140625,132.27999877929688,66471,0.0,0.0
2023-06-01 11:30:00-04:00,132.27999877929688,132.88999938964844,132.08999633789062,132.2899932861328,75324,0.0,0.0
2023-06-01 12:30:00-04:00,132.3699951171875,132.53199768066406,132.1199951171875,132.4199981689453,46130,0.0,0.0
2023-06-01 13:30:00-04:00,132.49000549316406,132.7899932861328,132.1199951171875,132.6999969482422,173247,0.0,0.0
2023-06-01 14:30:00-04:00,132.72500610351562,133.2100067138672,132.6199951171875,132.90499877929688,76197,0.0,0.0
2023-06-01 15:30:00-04:00,132.92999267578125,133.47999572753906,132.82000732421875,133.47000122070312,128794,0.0,0.0
2023-06-02 09:30:00-04:00,133.97999572753906,134.5850067138672,133.74000549316406,134.17999267578125,50867,0.0,0.0
2023-06-02 10:30:00-04:00,134.30999755859375,135.1999969482422,134.30999755859375,134.63499450683594,53973,0.0,0.0
2023-06-02 11:30:00-04:00,134.72999572753906,135.72000122070312,134.38999938964844,135.67999267578125,114825,0.0,0.0
2023-06-02 12:30:00-04:00,135.64999389648438,136.38999938964844,135.64999389648438,136.12249755859375,97434,0.0,0.0
2023-06-02 13:30:00-04:00,136.1699981689453,136.19500732421875,135.27000427246094,135.86500549316406,63838,0.0,0.0
2023-06-02 14:30:00-04:00,135.92999267578125,136.1300048828125,135.49000549316406,135.4949951171875,114791,0.0,0.0
2023-06-02 15:30:00-04:00,135.50999450683594,135.7100067138672,135.02999877929688,135.15780639648438,158548,0.0,0.0
2023-06-05 09:30:00-04:00,133.97999572753906,135.83999633789062,133.97999572753906,135.0800018310547,50210,0.0,0.0
2023-06-05 10:30:00-04:00,135.02000427246094,135.14999389648438,134.64390563964844,134.8699951171875,50215,0.0,0.0
2023-06-05 11:30:00-04:00,134.8699951171875,134.9600067138672,134.3800048828125,134.44590759277344,49299,0.0,0.0
2023-06-05 12:30:00-04:00,134.47000122070312,134.72500610351562,134.22500610351562,134.30999755859375,98761,0.0,0.0
2023-06-05 13:30:00-04:00,134.3699951171875,134.9250030517578,134.25999450683594,134.30999755859375,40516,0.0,0.0
2023-06-05 14:30:00-04:00,134.36500549316406,134.80499267578125,134.22000122070312,134.67999267578125,109034,0.0,0.0
2023-06-05 15:30:00-04:00,134.65499877929688,135.44000244140625,134.65499877929688,135.07000732421875,130596,0.0,0.0
2023-06-06 09:30:00-04:00,135.5,135.85000610351562,132.8699951171875,133.2899932861328,126778,0.0,0.0
2023-06-06 10:30:00-04:00,133.3000030517578,133.3000030517578,131.3300018310547,132.3000030517578,222682,0.0,0.0
2023-06-06 11:30:00-04:00,132.14999389648438,133.27000427246094,132.0749969482422,132.41000366210938,79879,0.0,0.0
2023-06-06 12:30:00-04:00,132.40139770507812,132.50999450683594,132.0,132.11000061035156,36049,0.0,0.0
2023-06-06 13:30:00-04:00,132.05999755859375,132.13999938964844,131.41000366210938,131.75999450683594,56259,0.0,0.0
2023-06-06 14:30:00-04:00,131.6699981689453,132.10499572753906,131.5,132.07000732421875,67229,0.0,0.0
2023-06-06 15:30:00-04:00,132.08999633789062,132.27999877929688,131.60000610351562,131.6199951171875,168964,0.0,0.0
2023-06-07 09:30:00-04:00,131.25,132.9199981689453,130.9149932861328,131.73500061035156,139636,0.0,0.0
2023-06-07 10:30:00-04:00,131.69500732421875,132.4199981689453,131.59500122070312,132.10000610351562,81793,0.0,0.0
2023-06-07 11:30:00-04:00,132.1199951171875,132.50999450683594,131.9199981689453,132.4499969482422,60129,0.0,0.0
2023-06-07 12:30:00-04:00,132.4499969482422,132.7100067138672,132.1300048828125,132.27000427246094,85389,0.0,0.0
2023-06-07 13:30:00-04:00,132.23500061035156,132.72999572753906,132.03799438476562,132.52000427246094,37885,0.0,0.0
2023-06-07 14:30:00-04:00,132.5449981689453,132.6230010986328,132.30999755859375,132.6230010986328,77925,0.0,0.0
2023-06-07 15:30:00-04:00,132.60000610351562,133.7899932861328,132.5500030517578,133.17999267578125,247163,0.0,0.0
2023-06-08 09:30:00-04:00,134.1999969482422,134.47999572753906,133.00999450683594,134.4149932861328,73294,0.0,0.0
2023-06-08 10:30:00-04:00,134.4149932861328,134.66000366210938,134.17999267578125,134.33999633789062,40805,0.0,0.0
2023-06-08 11:30:00-04:00,134.39999389648438,135.1699981689453,134.36500549316406,135.1699981689453,73216,0.0,0.0
2023-06-08 12:30:00-04:00,135.0800018310547,135.17999267578125,134.66000366210938,135.09500122070312,45208,0.0,0.0
2023-06-08 13:30:00-04:00,135.1199951171875,135.22999572753906,135.00999450683594,135.0800018310547,32619,0.0,0.0
2023-06-08 14:30:00-04:00,135.10000610351562,135.5800018310547,134.89500427246094,135.32000732421875,89302,0.0,0.0
2023-06-08 15:30:00-04:00,135.4550018310547,135.60000610351562,135.30999755859375,135.5399932861328,131969,0.0,0.0
2023-06-09 09:30:00-04:00,135.75999450683594,137.66000366210938,135.07000732421875,137.66000366210938,85180,0.0,0.0
2023-06-09 10:30:00-04:00,137.625,138.65499877929688,137.60000610351562,138.00999450683594,152854,0.0,0.0
2023-06-09 11:30:00-04:00,138.0,138.25999450683594,137.77000427246094,138.0800018310547,96621,0.0,0.0
2023-06-09 12:30:00-04:00,138.05999755859375,138.14999389648438,137.9199981689453,138.0800018310547,38474,0.0,0.0
2023-06-09 13:30:00-04:00,138.0800018310547,138.28500366210938,138.02000427246094,138.07000732421875,60586,0.0,0.0
2023-06-09 14:30:00-04:00,138.08999633789062,138.30999755859375,138.0,138.2899932861328,80354,0.0,0.0
2023-06-09 15:30:00-04:00,138.27499389648438,138.49000549316406,138.02000427246094,138.49000549316406,158809,0.0,0.0
2023-06-12 09:30:00-04:00,138.89999389648438,139.0,135.3800048828125,135.64500427246094,153266,0.0,0.0
2023-06-12 10:30:00-04:00,135.6300048828125,136.80499267578125,134.69000244140625,134.97000122070312,85528,0.0,0.0
2023-06-12 11:30:00-04:00,134.86000061035156,135.2899932861328,134.80999755859375,135.1999969482422,55367,0.0,0.0
2023-06-12 12:30:00-04:00,135.15499877929688,136.1300048828125,135.15499877929688,135.47500610351562,113396,0.0,0.0
2023-06-12 13:30:00-04:00,135.52499389648438,135.75999450683594,135.47999572753906,135.64500427246094,38428,0.0,0.0
2023-06-12 14:30:00-04:00,135.60499572753906,135.64999389648438,135.10000610351562,135.3300018310547,99791,0.0,0.0
2023-06-12 15:30:00-04:00,135.32000732421875,135.6999969482422,135.3000030517578,135.58999633789062,136441,0.0,0.0
2023-06-13 09:30:00-04:00,136.3800048828125,136.99000549316406,135.47999572753906,136.0850067138672,70745,0.0,0.0
2023-06-13 10:30:00-04:00,136.0850067138672,136.27999877929688,135.36500549316406,135.9969940185547,52746,0.0,0.0
2023-06-13 11:30:00-04:00,136.07000732421875,136.14999389648438,135.47999572753906,135.89999389648438,24373,0.0,0.0
2023-06-13 12:30:00-04:00,135.9199981689453,135.9199981689453,135.5399932861328,135.8699951171875,19980,0.0,0.0
2023-06-13 13:30:00-04:00,135.8520965576172,135.86000061035156,135.38999938964844,135.38999938964844,45032,0.0,0.0
2023-06-13 14:30:00-04:00,135.3800048828125,135.43499755859375,135.1602020263672,135.39999389648438,80131,0.0,0.0
2023-06-13 15:30:00-04:00,135.41000366210938,135.77000427246094,135.35000610351562,135.75999450683594,102050,0.0,0.0
2023-06-14 09:30:00-04:00,135.0500030517578,136.97999572753906,134.97999572753906,136.82000732421875,62439,0.0,0.0
2023-06-14 10:30:00-04:00,136.64999389648438,137.77000427246094,136.64999389648438,137.66000366210938,33043,0.0,0.0
2023-06-14 11:30:00-04:00,137.7100067138672,138.25,137.68499755859375,138.10000610351562,31070,0.0,0.0
2023-06-14 12:30:00-04:00,138.10499572753906,138.4199981689453,138.08999633789062,138.3300018310547,30705,0.0,0.0
2023-06-14 13:30:00-04:00,138.27999877929688,138.27999877929688,137.75999450683594,138.11500549316406,82666,0.0,0.0
2023-06-14 14:30:00-04:00,138.1199951171875,138.6699981689453,138.00999450683594,138.60000610351562,111282,0.0,0.0
2023-06-14 15:30:00-04:00,138.55999755859375,138.80999755859375,138.4199981689453,138.80999755859375,158274,0.0,0.0
2023-06-15 09:30:00-04:00,138.11000061035156,139.13999938964844,137.69000244140625,138.0500030517578,70698,0.0,0.0
2023-06-15 10:30:00-04:00,137.99000549316406,138.0,137.5399932861328,137.63999938964844,51608,0.0,0.0
2023-06-15 11:30:00-04:00,137.67999267578125,137.89999389648438,137.30999755859375,137.88999938964844,62319,0.0,0.0
2023-06-15 12:30:00-04:00,137.97000122070312,138.3350067138672,137.9199981689453,138.24000549316406,32967,0.0,0.0
2023-06-15 13:30:00-04:00,138.24000549316406,138.2949981689453,137.66000366210938,137.66000366210938,67712,0.0,0.0
2023-06-15 14:30:00-04:00,137.68499755859375,138.92999267578125,137.68499755859375,138.7050018310547,98289,0.0,0.0
2023-06-15 15:30:00-04:00,138.7100067138672,138.75999450683594,137.9600067138672,138.22999572753906,120648,0.0,0.0
2023-06-16 09:30:00-04:00,138.375,138.7899932861328,137.67999267578125,137.9499969482422,178151,0.0,0.0
2023-06-16 10:30:00-04:00,137.97000122070312,137.97000122070312,136.5399932861328,136.54910278320312,59163,0.0,0.0
2023-06-16 11:30:00-04:00,136.5399932861328,136.75,136.1199951171875,136.42999267578125,78096,0.0,0.0
2023-06-16 12:30:00-04:00,136.44000244140625,136.55999755859375,136.0,136.06500244140625,59228,0.0,0.0
2023-06-16 13:30:00-04:00,136.06320190429688,136.55999755859375,136.02000427246094,136.55999755859375,63234,0.0,0.0
2023-06-16 14:30:00-04:00,136.5500030517578,136.56500244140625,136.00999450683594,136.36000061035156,73510,0.0,0.0
2023-06-16 15:30:00-04:00,136.36500549316406,137.47999572753906,136.36500549316406,137.4600067138672,193566,0.0,0.0
2023-06-20 09:30:00-04:00,137.39999389648438,138.07000732421875,135.82000732421875,136.1199951171875,41977,0.0,0.0
2023-06-20 10:30:00-04:00,136.0749969482422,137.4600067138672,136.07000732421875,136.9250030517578,91172,0.0,0.0
2023-06-20 11:30:00-04:00,136.9199981689453,137.07000732421875,136.36000061035156,137.0500030517578,95874,0.0,0.0
2023-06-20 12:30:00-04:00,137.0050048828125,137.36000061035156,136.9600067138672,137.25,18591,0.0,0.0
2023-06-20 13:30:00-04:00,137.2899932861328,137.2899932861328,136.8800048828125,136.8800048828125,21766,0.0,0.0
2023-06-20 14:30:00-04:00,136.88999938964844,136.94000244140625,136.61000061035156,136.7100067138672,30403,0.0,0.0
2023-06-20 15:30:00-04:00,136.75,137.1199951171875,136.75,136.97000122070312,87332,0.0,0.0
2023-06-21 09:30:00-04:00,137.69000244140625,137.69000244140625,136.27000427246094,136.60000610351562,43795,0.0,0.0
2023-06-21 10:30:00-04:00,136.63999938964844,137.10000610351562,136.375,136.6199951171875,59996,0.0,0.0
2023-06-21 11:30:00-04:00,136.57000732421875,137.52999877929688,136.49000549316406,137.5,48489,0.0,0.0
2023-06-21 12:30:00-04:00,137.52000427246094,137.5500030517578,136.50999450683594,136.50999450683594,32468,0.0,0.0
2023-06-21 13:30:00-04:00,136.51499938964844,136.77999877929688,136.39999389648438,136.66000366210938,34967,0.0,0.0
2023-06-21 14:30:00-04:00,136.72000122070312,136.92999267578125,136.5500030517578,136.69500732421875,45395,0.0,0.0
2023-06-21 15:30:00-04:00,136.6699981689453,136.77999877929688,136.42999267578125,136.63999938964844,102846,0.0,0.0
2023-06-22 09:30:00-04:00,137.42999267578125,137.42999267578125,135.86500549316406,136.71499633789062,32528,0.0,0.0
2023-06-22 10:30:00-04:00,136.6750030517578,137.0,136.1999969482422,136.2100067138672,25717,0.0,0.0
2023-06-22 11:30:00-04:00,136.17999267578125,136.84500122070312,136.08999633789062,136.84500122070312,22680,0.0,0.0
2023-06-22 12:30:00-04:00,136.88999938964844,136.91000366210938,136.19000244140625,136.4199981689453,36884,0.0,0.0
2023-06-22 13:30:00-04:00,136.44000244140625,136.8000030517578,136.44000244140625,136.75999450683594,39635,0.0,0.0
2023-06-22 14:30:00-04:00,136.72999572753906,136.86000061035156,136.22500610351562,136.63999938964844,62384,0.0,0.0
2023-06-22 15:30:00-04:00,136.64999389648438,137.00999450683594,136.6199951171875,136.9600067138672,71257,0.0,0.0
2023-06-23 09:30:00-04:00,136.1999969482422,137.42999267578125,135.5800018310547,137.0500030517578,34299,0.0,0.0
2023-06-23 10:30:00-04:00,137.0399932861328,137.4499969482422,136.9499969482422,137.16000366210938,26210,0.0,0.0
2023-06-23 11:30:00-04:00,137.1199951171875,137.2100067138672,136.35000610351562,136.42999267578125,36124,0.0,0.0
2023-06-23 12:30:00-04:00,136.5,136.52999877929688,135.9600067138672,135.9600067138672,39255,0.0,0.0
2023-06-23 13:30:00-04:00,135.92999267578125,136.0500030517578,135.6999969482422,135.6999969482422,71592,0.0,0.0
2023-06-23 14:30:00-04:00,135.72999572753906,135.97999572753906,135.17010498046875,135.52000427246094,110257,0.0,0.0
2023-06-23 15:30:00-04:00,135.48500061035156,135.8300018310547,135.27999877929688,135.27999877929688,149916,0.0,0.0
2023-06-26 09:30:00-04:00,135.14500427246094,135.5,133.61000061035156,133.85000610351562,49829,0.0,0.0
2023-06-26 10:30:00-04:00,133.83999633789062,133.83999633789062,133.36000061035156,133.57000732421875,56727,0.0,0.0
2023-06-26 11:30:00-04:00,133.6199951171875,133.83999633789062,133.46409606933594,133.63999938964844,20493,0.0,0.0
2023-06-26 12:30:00-04:00,133.5800018310547,134.0800018310547,133.47000122070312,133.8699951171875,33317,0.0,0.0
2023-06-26 13:30:00-04:00,133.83999633789062,134.39999389648438,133.83999633789062,134.05499267578125,24080,0.0,0.0
2023-06-26 14:30:00-04:00,134.05499267578125,134.27999877929688,133.77000427246094,133.77000427246094,31085,0.0,0.0
2023-06-26 15:30:00-04:00,133.76499938964844,134.2899932861328,133.72000122070312,133.86000061035156,110097,0.0,0.0
2023-06-27 09:30:00-04:00,133.02000427246094,134.65499877929688,133.02000427246094,133.72999572753906,25848,0.0,0.0
2023-06-27 10:30:00-04:00,133.7176055908203,134.08999633789062,133.49000549316406,134.08999633789062,26806,0.0,0.0
2023-06-27 11:30:00-04:00,134.07000732421875,134.36000061035156,133.77000427246094,134.36000061035156,19152,0.0,0.0
2023-06-27 12:30:00-04:00,134.30499267578125,134.34500122070312,133.97999572753906,134.0399932861328,19884,0.0,0.0
2023-06-27 13:30:00-04:00,134.0500030517578,134.19000244140625,133.94000244140625,134.11500549316406,35359,0.0,0.0
2023-06-27 14:30:00-04:00,134.11500549316406,134.24000549316406,133.5449981689453,133.63499450683594,45496,0.0,0.0
2023-06-27 15:30:00-04:00,133.61000061035156,134.47500610351562,133.35499572753906,134.16000366210938,144846,0.0,0.0
2023-06-28 09:30:00-04:00,133.14999389648438,134.55499267578125,133.13999938964844,134.3800048828125,38794,0.0,0.0
2023-06-28 10:30:00-04:00,134.5,134.88999938964844,134.36000061035156,134.64999389648438,35362,0.0,0.0
2023-06-28 11:30:00-04:00,134.6300048828125,135.1999969482422,134.4199981689453,134.6199951171875,57900,0.0,0.0
2023-06-28 12:30:00-04:00,134.63999938964844,134.69000244140625,134.27999877929688,134.55999755859375,28797,0.0,0.0
2023-06-28 13:30:00-04:00,134.52999877929688,134.61000061035156,134.375,134.50599670410156,25921,0.0,0.0
2023-06-28 14:30:00-04:00,134.5399932861328,134.85000610351562,134.4600067138672,134.8000030517578,36549,0.0,0.0
2023-06-28 15:30:00-04:00,134.80999755859375,134.89999389648438,134.4600067138672,134.64999389648438,95102,0.0,0.0
2023-06-29 09:30:00-04:00,135.35000610351562,135.36500549316406,134.41490173339844,135.17999267578125,41241,0.0,0.0
2023-06-29 10:30:00-04:00,135.30999755859375,135.67999267578125,135.0749969482422,135.67999267578125,31874,0.0,0.0
2023-06-29 11:30:00-04:00,135.75999450683594,136.1699981689453,135.66000366210938,136.1699981689453,38918,0.0,0.0
2023-06-29 12:30:00-04:00,136.08999633789062,136.25999450683594,135.82000732421875,135.8350067138672,23875,0.0,0.0
2023-06-29 13:30:00-04:00,135.7899932861328,135.9290008544922,135.44000244140625,135.51499938964844,27603,0.0,0.0
2023-06-29 14:30:00-04:00,135.5399932861328,135.9600067138672,135.48500061035156,135.8000030517578,35731,0.0,0.0
2023-06-29 15:30:00-04:00,135.80999755859375,135.86000061035156,135.4199981689453,135.86000061035156,65275,0.0,0.0
2023-06-30 09:30:00-04:00,137.13999938964844,138.4199981689453,137.0500030517578,137.49000549316406,75607,0.0,0.0
2023-06-30 10:30:00-04:00,137.6999969482422,137.80499267578125,136.82009887695312,137.4149932861328,36900,0.0,0.0
2023-06-30 11:30:00-04:00,137.4199981689453,137.47999572753906,137.0,137.24000549316406,44389,0.0,0.0
2023-06-30 12:30:00-04:00,137.27999877929688,137.5500030517578,137.1999969482422,137.47500610351562,25989,0.0,0.0
2023-06-30 13:30:00-04:00,137.5399932861328,137.60000610351562,137.21499633789062,137.28500366210938,27344,0.0,0.0
2023-06-30 14:30:00-04:00,137.27000427246094,137.8000030517578,137.1699981689453,137.77999877929688,33495,0.0,0.0
2023-06-30 15:30:00-04:00,137.8000030517578,138.16000366210938,137.64999389648438,137.97000122070312,128480,0.0,0.0
2023-07-03 09:30:00-04:00,138.6999969482422,138.6999969482422,137.1999969482422,137.80999755859375,45754,0.0,0.0
2023-07-03 10:30:00-04:00,137.77499389648438,137.80999755859375,137.375,137.44000244140625,35280,0.0,0.0
2023-07-03 11:30:00-04:00,137.44000244140625,137.85000610351562,137.38999938964844,137.85000610351562,31654,0.0,0.0
2023-07-05 09:30:00-04:00,138.27000427246094,138.27000427246094,136.11000061035156,137.02000427246094,58087,0.0,0.0
2023-07-05 10:30:00-04:00,137.07000732421875,137.4499969482422,136.89999389648438,137.4499969482422,30726,0.0,0.0
2023-07-05 11:30:00-04:00,137.4499969482422,137.4499969482422,137.02499389648438,137.1699981689453,33841,0.0,0.0
2023-07-05 12:30:00-04:00,137.14999389648438,137.30999755859375,137.0449981689453,137.2899932861328,26608,0.0,0.0
2023-07-05 13:30:00-04:00,137.29010009765625,137.3699951171875,137.11000061035156,137.27000427246094,29559,0.0,0.0
2023-07-05 14:30:00-04:00,137.22999572753906,137.97000122070312,137.22500610351562,137.97000122070312,51914,0.0,0.0
2023-07-05 15:30:00-04:00,137.9499969482422,138.24000549316406,137.8000030517578,138.00999450683594,160940,0.0,0.0
2023-07-06 09:30:00-04:00,138.27000427246094,138.99000549316406,136.9499969482422,137.02000427246094,62536,0.0,0.0
2023-07-06 10:30:00-04:00,137.05999755859375,137.6199951171875,136.97999572753906,137.6199951171875,46529,0.0,0.0
2023-07-06 11:30:00-04:00,137.6300048828125,137.6300048828125,137.08999633789062,137.1199951171875,27784,0.0,0.0
2023-07-06 12:30:00-04:00,137.125,137.39999389648438,136.55999755859375,137.25999450683594,52217,0.0,0.0
2023-07-06 13:30:00-04:00,137.25,137.25,136.75,136.75999450683594,30708,0.0,0.0
2023-07-06 14:30:00-04:00,136.7899932861328,137.25,136.3300018310547,137.11000061035156,46959,0.0,0.0
2023-07-06 15:30:00-04:00,137.11000061035156,137.14500427246094,136.86000061035156,136.91000366210938,63788,0.0,0.0
2023-07-07 09:30:00-04:00,136.14999389648438,137.94000244140625,136.14999389648438,137.3249969482422,40102,0.0,0.0
2023-07-07 10:30:00-04:00,137.25999450683594,137.25999450683594,136.49000549316406,136.58999633789062,23814,0.0,0.0
2023-07-07 11:30:00-04:00,136.47000122070312,136.85000610351562,136.28500366210938,136.72000122070312,27076,0.0,0.0
2023-07-07 12:30:00-04:00,136.72999572753906,137.0449981689453,136.7100067138672,136.99000549316406,19814,0.0,0.0
2023-07-07 13:30:00-04:00,137.02000427246094,137.02000427246094,136.42999267578125,136.67999267578125,32671,0.0,0.0
2023-07-07 14:30:00-04:00,136.67999267578125,136.67999267578125,136.07000732421875,136.16000366210938,43618,0.0,0.0
2023-07-07 15:30:00-04:00,136.1699981689453,136.3000030517578,135.77999877929688,135.83999633789062,73365,0.0,0.0
2023-07-10 09:30:00-04:00,135.02000427246094,136.8262939453125,135.02000427246094,136.19590759277344,58033,0.0,0.0
2023-07-10 10:30:00-04:00,136.09500122070312,136.09500122070312,135.5,135.72000122070312,19543,0.0,0.0
2023-07-10 11:30:00-04:00,135.6199951171875,135.92999267578125,135.50999450683594,135.88999938964844,24847,0.0,0.0
2023-07-10 12:30:00-04:00,135.89999389648438,135.89999389648438,135.66009521484375,135.77000427246094,18918,0.0,0.0
2023-07-10 13:30:00-04:00,135.7899932861328,135.82000732421875,135.40499877929688,135.50999450683594,20960,0.0,0.0
2023-07-10 14:30:00-04:00,135.5,136.0749969482422,135.44500732421875,136.0749969482422,40655,0.0,0.0
2023-07-10 15:30:00-04:00,136.02000427246094,136.10499572753906,135.84500122070312,136.10000610351562,56263,0.0,0.0
2023-07-11 09:30:00-04:00,136.6300048828125,137.17999267578125,135.8300018310547,137.1649932861328,102907,0.0,0.0
2023-07-11 10:30:00-04:00,137.18499755859375,137.82470703125,137.13999938964844,137.8000030517578,67793,0.0,0.0
2023-07-11 11:30:00-04:00,137.8000030517578,138.7100067138672,137.7425994873047,138.07000732421875,53768,0.0,0.0
2023-07-11 12:30:00-04:00,138.0,138.47999572753906,137.82000732421875,137.82000732421875,30626,0.0,0.0
2023-07-11 13:30:00-04:00,137.86000061035156,138.0800018310547,137.57000732421875,138.02999877929688,31452,0.0,0.0
2023-07-11 14:30:00-04:00,137.97000122070312,137.97000122070312,137.25999450683594,137.48500061035156,49513,0.0,0.0
2023-07-11 15:30:00-04:00,137.4499969482422,137.89999389648438,137.3699951171875,137.52000427246094,83550,0.0,0.0
2023-07-12 09:30:00-04:00,138.8000030517578,138.8000030517578,136.56500244140625,136.64999389648438,85042,0.0,0.0
2023-07-12 10:30:00-04:00,136.6199951171875,137.25,136.38999938964844,137.25,91104,0.0,0.0
2023-07-12 11:30:00-04:00,137.1300048828125,137.21499633789062,136.42999267578125,136.72000122070312,38623,0.0,0.0
2023-07-12 12:30:00-04:00,136.72000122070312,136.9600067138672,136.61500549316406,136.61500549316406,32269,0.0,0.0
2023-07-12 13:30:00-04:00,136.63999938964844,136.6699981689453,136.2899932861328,136.5449981689453,46431,0.0,0.0
2023-07-12 14:30:00-04:00,136.5399932861328,136.56500244140625,135.8800048828125,135.8800048828125,51687,0.0,0.0
2023-07-12 15:30:00-04:00,135.8300018310547,136.4600067138672,135.72000122070312,136.4499969482422,165541,0.0,0.0
2023-07-13 09:30:00-04:00,137.0,138.88999938964844,137.0,138.88999938964844,150758,0.0,0.0
2023-07-13 10:30:00-04:00,138.85000610351562,138.85000610351562,138.1999969482422,138.50999450683594,67543,0.0,0.0
2023-07-13 11:30:00-04:00,138.5399932861328,138.92999267578125,138.4250030517578,138.69000244140625,46918,0.0,0.0
2023-07-13 12:30:00-04:00,138.77000427246094,139.0800018310547,138.60940551757812,139.0,46643,0.0,0.0
2023-07-13 13:30:00-04:00,139.0,139.27499389648438,138.88499450683594,139.125,52976,0.0,0.0
2023-07-13 14:30:00-04:00,139.125,139.6300048828125,139.0500030517578,139.375,142899,0.0,0.0
2023-07-13 15:30:00-04:00,139.4199981689453,140.6199951171875,139.38999938964844,140.6199951171875,278332,0.0,0.0
2023-07-14 09:30:00-04:00,140.0749969482422,142.38999938964844,139.35000610351562,142.07000732421875,126932,0.0,0.0
2023-07-14 10:30:00-04:00,142.10000610351562,142.3300018310547,141.43299865722656,141.5500030517578,81322,0.0,0.0
2023-07-14 11:30:00-04:00,141.67999267578125,142.35000610351562,141.67999267578125,142.00999450683594,113040,0.0,0.0
2023-07-14 12:30:00-04:00,142.02999877929688,142.66000366210938,142.02999877929688,142.22999572753906,59537,0.0,0.0
2023-07-14 13:30:00-04:00,142.22999572753906,142.39999389648438,142.0399932861328,142.13999938964844,78615,0.0,0.0
2023-07-14 14:30:00-04:00,142.19000244140625,142.64999389648438,141.9029998779297,142.3000030517578,76807,0.0,0.0
2023-07-14 15:30:00-04:00,142.27499389648438,142.27499389648438,141.55999755859375,141.72999572753906,157415,0.0,0.0
2023-07-17 09:30:00-04:00,141.6300048828125,142.22999572753906,141.02999877929688,141.5800018310547,55448,0.0,0.0
2023-07-17 10:30:00-04:00,141.47500610351562,142.5,141.35000610351562,141.63999938964844,69534,0.0,0.0
2023-07-17 11:30:00-04:00,141.7899932861328,142.2100067138672,141.61000061035156,141.72999572753906,38493,0.0,0.0
2023-07-17 12:30:00-04:00,141.7449951171875,141.9636993408203,141.39999389648438,141.89999389648438,54073,0.0,0.0
2023-07-17 13:30:00-04:00,141.82000732421875,142.1300048828125,141.7899932861328,142.0800018310547,39363,0.0,0.0
2023-07-17 14:30:00-04:00,142.07000732421875,142.11000061035156,141.52999877929688,141.5749969482422,79657,0.0,0.0
2023-07-17 15:30:00-04:00,141.57000732421875,141.58999633789062,141.10000610351562,141.1300048828125,152690,0.0,0.0
2023-07-18 09:30:00-04:00,140.9949951171875,141.2899932861328,139.8800048828125,140.2100067138672,66481,0.0,0.0
2023-07-18 10:30:00-04:00,140.1300048828125,140.9499969482422,140.02999877929688,140.85000610351562,71702,0.0,0.0
2023-07-18 11:30:00-04:00,140.80999755859375,141.3800048828125,140.3800048828125,140.57000732421875,52711,0.0,0.0
2023-07-18 12:30:00-04:00,140.58999633789062,140.64999389648438,139.97999572753906,140.0399932861328,26244,0.0,0.0
2023-07-18 13:30:00-04:00,140.06500244140625,140.3300018310547,140.00999450683594,140.10000610351562,41889,0.0,0.0
2023-07-18 14:30:00-04:00,140.1199951171875,140.2899932861328,139.69000244140625,140.1999969482422,68329,0.0,0.0
2023-07-18 15:30:00-04:00,140.10000610351562,140.50999450683594,139.9499969482422,140.32000732421875,116456,0.0,0.0
2023-07-19 09:30:00-04:00,141.3800048828125,141.4499969482422,140.13499450683594,140.13499450683594,36722,0.0,0.0
2023-07-19 10:30:00-04:00,140.1300048828125,140.19000244140625,138.59860229492188,138.9949951171875,62320,0.0,0.0
2023-07-19 11:30:00-04:00,138.97999572753906,139.52999877929688,138.88499450683594,139.4499969482422,30162,0.0,0.0
2023-07-19 12:30:00-04:00,139.33999633789062,139.99220275878906,139.25999450683594,139.90499877929688,27234,0.0,0.0
2023-07-19 13:30:00-04:00,139.9600067138672,140.11000061035156,139.61000061035156,140.00999450683594,41084,0.0,0.0
2023-07-19 14:30:00-04:00,140.0050048828125,140.25999450683594,139.76499938964844,140.25999450683594,67345,0.0,0.0
2023-07-19 15:30:00-04:00,140.22999572753906,140.22999572753906,139.7899932861328,140.1300048828125,130530,0.0,0.0
2023-07-20 09:30:00-04:00,139.73500061035156,140.68499755859375,139.73500061035156,140.58999633789062,46175,0.0,0.0
2023-07-20 10:30:00-04:00,140.60000610351562,140.69000244140625,140.14999389648438,140.5800018310547,56557,0.0,0.0
2023-07-20 11:30:00-04:00,140.51499938964844,141.19000244140625,140.51499938964844,141.10000610351562,44128,0.0,0.0
2023-07-20 12:30:00-04:00,141.1199951171875,141.47000122070312,141.07000732421875,141.36000061035156,39050,0.0,0.0
2023-07-20 13:30:00-04:00,141.36000061035156,141.94000244140625,141.02000427246094,141.91000366210938,69754,0.0,0.0
2023-07-20 14:30:00-04:00,141.9250030517578,142.22999572753906,141.8800048828125,141.9550018310547,66513,0.0,0.0
2023-07-20 15:30:00-04:00,141.97000122070312,142.27999877929688,141.7899932861328,142.05999755859375,126574,0.0,0.0
2023-07-21 09:30:00-04:00,142.6300048828125,142.64999389648438,141.6199951171875,142.63499450683594,29798,0.0,0.0
2023-07-21 10:30:00-04:00,142.5800018310547,142.92999267578125,142.5800018310547,142.60000610351562,28622,0.0,0.0
2023-07-21 11:30:00-04:00,142.5749969482422,143.3300018310547,142.5749969482422,143.3300018310547,37093,0.0,0.0
2023-07-21 12:30:00-04:00,143.35000610351562,143.35000610351562,142.8300018310547,142.8800048828125,31052,0.0,0.0
2023-07-21 13:30:00-04:00,142.85000610351562,143.2100067138672,142.77499389648438,142.9600067138672,30703,0.0,0.0
2023-07-21 14:30:00-04:00,142.99000549316406,143.25999450683594,142.92999267578125,142.9600067138672,49477,0.0,0.0
2023-07-21 15:30:00-04:00,142.9499969482422,143.5399932861328,142.8800048828125,143.42999267578125,121254,0.0,0.0
2023-07-24 09:30:00-04:00,142.57000732421875,143.0749969482422,142.0500030517578,142.8000030517578,43435,0.0,0.0
2023-07-24 10:30:00-04:00,142.9199981689453,143.1300048828125,142.13999938964844,142.47000122070312,73179,0.0,0.0
2023-07-24 11:30:00-04:00,142.44000244140625,143.5,142.36500549316406,143.44000244140625,0,0.0,0.0
2023-07-24 12:30:00-04:00,143.5050048828125,143.5050048828125,142.32000732421875,142.52000427246094,225723,0.0,0.0
2023-07-24 13:30:00-04:00,142.52000427246094,142.74000549316406,142.24000549316406,142.7100067138672,44301,0.0,0.0
2023-07-24 14:30:00-04:00,142.7100067138672,142.88999938964844,142.50999450683594,142.80999755859375,57989,0.0,0.0
2023-07-24 15:30:00-04:00,142.9199981689453,143.0,142.25,142.3000030517578,106216,0.0,0.0
2023-07-25 09:30:00-04:00,141.47000122070312,142.64700317382812,141.47000122070312,142.0500030517578,38394,0.0,0.0
2023-07-25 10:30:00-04:00,141.97999572753906,142.3699951171875,141.74000549316406,141.91000366210938,34889,0.0,0.0
2023-07-25 11:30:00-04:00,141.89999389648438,142.30999755859375,141.88999938964844,142.0399932861328,32289,0.0,0.0
2023-07-25 12:30:00-04:00,142.00999450683594,142.4199981689453,142.0,142.3300018310547,36621,0.0,0.0
2023-07-25 13:30:00-04:00,142.30499267578125,142.57000732421875,142.13499450683594,142.4949951171875,45511,0.0,0.0
2023-07-25 14:30:00-04:00,142.55999755859375,142.74929809570312,142.47500610351562,142.69000244140625,40238,0.0,0.0
2023-07-25 15:30:00-04:00,142.72999572753906,143.02000427246094,142.4550018310547,143.00999450683594,75955,0.0,0.0
2023-07-26 09:30:00-04:00,141.9199981689453,143.7899932861328,141.9199981689453,143.42999267578125,39463,0.0,0.0
2023-07-26 10:30:00-04:00,143.42999267578125,143.7899932861328,143.09500122070312,143.2899932861328,52866,0.0,0.0
2023-07-26 11:30:00-04:00,143.2100067138672,143.53750610351562,142.9199981689453,143.47999572753906,24216,0.0,0.0
2023-07-26 12:30:00-04:00,143.4600067138672,143.8300018310547,143.27999877929688,143.35499572753906,34505,0.0,0.0
2023-07-26 13:30:00-04:00,143.2899932861328,143.3800048828125,143.17999267578125,143.2899932861328,22826,0.0,0.0
2023-07-26 14:30:00-04:00,143.36000061035156,143.65499877929688,142.8800048828125,143.32000732421875,56477,0.0,0.0
2023-07-26 15:30:00-04:00,143.3300018310547,143.72999572753906,143.1649932861328,143.72999572753906,81116,0.0,0.0
2023-07-27 09:30:00-04:00,143.5,143.6999969482422,141.8000030517578,142.10000610351562,46736,0.0,0.0
2023-07-27 10:30:00-04:00,142.14999389648438,142.63499450683594,142.02000427246094,142.42999267578125,45624,0.0,0.0
2023-07-27 11:30:00-04:00,142.5,142.58999633789062,141.77000427246094,141.8300018310547,34832,0.0,0.0
2023-07-27 12:30:00-04:00,141.8000030517578,142.05999755859375,141.4600067138672,141.94500732421875,39713,0.0,0.0
2023-07-27 13:30:00-04:00,141.92999267578125,142.08999633789062,141.0303955078125,141.38999938964844,47397,0.0,0.0
2023-07-27 14:30:00-04:00,141.25,142.0399932861328,141.25,141.8300018310547,59088,0.0,0.0
2023-07-27 15:30:00-04:00,141.89999389648438,142.05999755859375,141.52000427246094,141.52000427246094,176976,0.0,0.0
2023-07-28 09:30:00-04:00,142.75,142.75,141.6699981689453,142.36000061035156,41193,0.0,0.0
2023-07-28 10:30:00-04:00,142.19000244140625,142.50999450683594,141.30999755859375,141.53500366210938,76188,0.0,0.0
2023-07-28 11:30:00-04:00,141.55999755859375,141.61000061035156,141.33999633789062,141.4199981689453,33067,0.0,0.0
2023-07-28 12:30:00-04:00,141.47000122070312,141.6199951171875,141.19500732421875,141.22500610351562,24105,0.0,0.0
2023-07-28 13:30:00-04:00,141.1750030517578,141.19000244140625,140.6300048828125,140.9949951171875,33725,0.0,0.0
2023-07-28 14:30:00-04:00,140.96139526367188,141.11000061035156,140.63999938964844,140.84500122070312,58607,0.0,0.0
2023-07-28 15:30:00-04:00,140.83999633789062,140.9499969482422,140.35000610351562,140.44000244140625,143701,0.0,0.0
2023-07-31 09:30:00-04:00,139.8699951171875,141.0800018310547,139.8699951171875,140.6199951171875,61281,0.0,0.0
2023-07-31 10:30:00-04:00,140.6199951171875,140.72999572753906,140.07000732421875,140.17999267578125,70004,0.0,0.0
2023-07-31 11:30:00-04:00,140.1999969482422,140.6750030517578,140.19000244140625,140.33999633789062,61514,0.0,0.0
2023-07-31 12:30:00-04:00,140.3000030517578,140.3000030517578,139.83999633789062,140.0800018310547,59166,0.0,0.0
2023-07-31 13:30:00-04:00,140.0850067138672,140.25999450683594,139.875,139.9600067138672,51778,0.0,0.0
2023-07-31 14:30:00-04:00,140.02000427246094,140.47999572753906,139.88999938964844,140.25999450683594,76477,0.0,0.0
2023-07-31 15:30:00-04:00,140.35000610351562,140.38999938964844,139.60000610351562,139.6020050048828,183462,0.0,0.0
2023-08-01 09:30:00-04:00,140.15499877929688,140.86599731445312,139.8800048828125,140.74000549316406,46671,0.0,0.0
2023-08-01 10:30:00-04:00,140.82000732421875,140.82000732421875,140.4250030517578,140.77999877929688,34885,0.0,0.0
2023-08-01 11:30:00-04:00,140.77999877929688,140.85000610351562,140.05999755859375,140.05999755859375,95447,0.0,0.0
2023-08-01 12:30:00-04:00,140.08999633789062,140.6750030517578,140.07000732421875,140.60499572753906,84514,0.0,0.0
2023-08-01 13:30:00-04:00,140.60000610351562,141.1300048828125,140.56500244140625,141.0399932861328,52847,0.0,0.0
2023-08-01 14:30:00-04:00,141.0800018310547,141.44000244140625,140.17999267578125,140.32000732421875,118345,0.0,0.0
2023-08-01 15:30:00-04:00,140.3699951171875,140.80999755859375,139.7899932861328,139.9600067138672,168307,0.0,0.0
2023-08-02 09:30:00-04:00,139.5800018310547,141.47999572753906,138.83999633789062,139.5800018310547,82472,0.0,0.0
2023-08-02 10:30:00-04:00,139.61000061035156,140.0399932861328,139.41000366210938,139.97999572753906,67896,0.0,0.0
2023-08-02 11:30:00-04:00,140.0,140.6475067138672,139.83999633789062,140.63499450683594,35118,0.0,0.0
2023-08-02 12:30:00-04:00,140.6699981689453,140.76499938964844,140.47000122070312,140.6699981689453,31538,0.0,0.0
2023-08-02 13:30:00-04:00,140.7899932861328,140.82000732421875,140.47999572753906,140.48500061035156,34479,0.0,0.0
2023-08-02 14:30:00-04:00,140.5050048828125,140.6199951171875,139.92999267578125,140.00999450683594,74555,0.0,0.0
2023-08-02 15:30:00-04:00,140.0,140.22000122070312,139.52999877929688,139.66000366210938,146260,0.0,0.0
2023-08-03 09:30:00-04:00,139.32000732421875,140.30999755859375,137.0,139.5500030517578,103438,0.0,0.0
2023-08-03 10:30:00-04:00,139.4199981689453,140.2949981689453,139.0500030517578,139.96499633789062,48838,0.0,0.0
2023-08-03 11:30:00-04:00,140.0399932861328,140.0749969482422,139.3699951171875,139.6649932861328,59041,0.0,0.0
2023-08-03 12:30:00-04:00,139.6300048828125,140.47999572753906,139.61000061035156,140.2899932861328,44318,0.0,0.0
2023-08-03 13:30:00-04:00,140.3000030517578,140.67999267578125,139.94000244140625,140.5800018310547,103288,0.0,0.0
2023-08-03 14:30:00-04:00,140.5500030517578,140.80499267578125,140.27000427246094,140.4499969482422,0,0.0,0.0
2023-08-03 15:30:00-04:00,140.2550048828125,140.47999572753906,139.58999633789062,139.6300048828125,762262,0.0,0.0
2023-08-04 09:30:00-04:00,139.02000427246094,146.3798065185547,138.6999969482422,145.58999633789062,212096,0.0,0.0
2023-08-04 10:30:00-04:00,145.5399932861328,145.64999389648438,144.110107421875,144.97000122070312,166206,0.0,0.0
2023-08-04 11:30:00-04:00,144.97000122070312,146.42999267578125,144.4499969482422,146.42999267578125,168154,0.0,0.0
2023-08-04 12:30:00-04:00,146.44000244140625,147.3699951171875,145.0800018310547,145.10009765625,124562,0.0,0.0
2023-08-04 13:30:00-04:00,145.22999572753906,145.6699981689453,144.80819702148438,145.49000549316406,113542,0.0,0.0
2023-08-04 14:30:00-04:00,145.47999572753906,146.0399932861328,145.36000061035156,146.02000427246094,139361,0.0,0.0
2023-08-04 15:30:00-04:00,146.13099670410156,146.13099670410156,145.27699279785156,145.6300048828125,217001,0.0,0.0
2023-08-07 09:30:00-04:00,145.49000549316406,147.77000427246094,144.6999969482422,147.0449981689453,87498,0.0,0.0
2023-08-07 10:30:00-04:00,147.05999755859375,147.52999877929688,146.60000610351562,147.22000122070312,91786,0.0,0.0
2023-08-07 11:30:00-04:00,147.22000122070312,147.39999389648438,145.91000366210938,146.0800018310547,66887,0.0,0.0
2023-08-07 12:30:00-04:00,146.16000366210938,146.8300018310547,146.02999877929688,146.8300018310547,56942,0.0,0.0
2023-08-07 13:30:00-04:00,146.89999389648438,147.6699981689453,146.6999969482422,147.60000610351562,95424,0.0,0.0
2023-08-07 14:30:00-04:00,147.60499572753906,147.8000030517578,146.27000427246094,146.3365020751953,96141,0.0,0.0
2023-08-07 15:30:00-04:00,146.3800048828125,146.41000366210938,145.85000610351562,146.36000061035156,134841,0.0,0.0
2023-08-08 09:30:00-04:00,144.9499969482422,146.6699981689453,144.89999389648438,146.47999572753906,72355,0.0,0.0
2023-08-08 10:30:00-04:00,146.5135955810547,147.08999633789062,146.27499389648438,146.7476043701172,96865,0.0,0.0
2023-08-08 11:30:00-04:00,146.7899932861328,147.57000732421875,146.67999267578125,146.85000610351562,66544,0.0,0.0
2023-08-08 12:30:00-04:00,146.83999633789062,146.9199981689453,146.00999450683594,146.00999450683594,44851,0.0,0.0
2023-08-08 13:30:00-04:00,146.00999450683594,146.75,146.00999450683594,146.72500610351562,47081,0.0,0.0
2023-08-08 14:30:00-04:00,146.7100067138672,146.92999267578125,146.14500427246094,146.2100067138672,103298,0.0,0.0
2023-08-08 15:30:00-04:00,146.1999969482422,146.75,145.9600067138672,145.9600067138672,138091,0.0,0.0
2023-08-09 09:30:00-04:00,147.0,147.0,145.77499389648438,146.57000732421875,26548,0.0,0.0
2023-08-09 10:30:00-04:00,146.56500244140625,146.9149932861328,145.90499877929688,146.83999633789062,46184,0.0,0.0
2023-08-09 11:30:00-04:00,146.8800048828125,147.3300018310547,146.60000610351562,147.31500244140625,38826,0.0,0.0
2023-08-09 12:30:00-04:00,147.31500244140625,148.07000732421875,147.30499267578125,148.03990173339844,44430,0.0,0.0
2023-08-09 13:30:00-04:00,148.05999755859375,148.27499389648438,147.6999969482422,147.85000610351562,33955,0.0,0.0
2023-08-09 14:30:00-04:00,147.84500122070312,148.0749969482422,147.47999572753906,147.49000549316406,64125,0.0,0.0
2023-08-09 15:30:00-04:00,147.39999389648438,147.41000366210938,146.35000610351562,146.50999450683594,142871,0.0,0.0
2023-08-10 09:30:00-04:00,147.33999633789062,148.1300048828125,146.82000732421875,148.0,59096,0.0,0.0
2023-08-10 10:30:00-04:00,148.11000061035156,148.75999450683594,147.8800048828125,148.52000427246094,58897,0.0,0.0
2023-08-10 11:30:00-04:00,148.49000549316406,148.5500030517578,147.69729614257812,147.83999633789062,33147,0.0,0.0
2023-08-10 12:30:00-04:00,147.89999389648438,148.03500366210938,147.5399932861328,147.66000366210938,21826,0.0,0.0
2023-08-10 13:30:00-04:00,147.5800018310547,148.35000610351562,147.3300018310547,148.35000610351562,40273,0.0,0.0
2023-08-10 14:30:00-04:00,148.36000061035156,148.6699981689453,148.14999389648438,148.4499969482422,86177,0.0,0.0
2023-08-10 15:30:00-04:00,148.5,148.5,147.8300018310547,148.42999267578125,147777,0.0,0.0
2023-08-11 09:30:00-04:00,147.30999755859375,149.75999450683594,147.30999755859375,149.5449981689453,114190,0.0,0.0
2023-08-11 10:30:00-04:00,149.5050048828125,149.77499389648438,149.17999267578125,149.4250030517578,66692,0.0,0.0
2023-08-11 11:30:00-04:00,149.47000122070312,149.72999572753906,149.16000366210938,149.26499938964844,47701,0.0,0.0
2023-08-11 12:30:00-04:00,149.3000030517578,149.8800048828125,148.75999450683594,149.7899932861328,97724,0.0,0.0
2023-08-11 13:30:00-04:00,149.74000549316406,150.4149932861328,149.74000549316406,150.35000610351562,140083,0.0,0.0
2023-08-11 14:30:00-04:00,150.3800048828125,150.7899932861328,150.1824951171875,150.42999267578125,188135,0.0,0.0
2023-08-11 15:30:00-04:00,150.34500122070312,150.38999938964844,149.6300048828125,150.25999450683594,139646,0.0,0.0
2023-08-14 09:30:00-04:00,150.86000061035156,150.89999389648438,149.66000366210938,149.78500366210938,55855,0.0,0.0
2023-08-14 10:30:00-04:00,149.86000061035156,149.86000061035156,149.3000030517578,149.58999633789062,40310,0.0,0.0
2023-08-14 11:30:00-04:00,149.63999938964844,149.75,149.07000732421875,149.15499877929688,60261,0.0,0.0
2023-08-14 12:30:00-04:00,149.08999633789062,149.47999572753906,149.02000427246094,149.2550048828125,53360,0.0,0.0
2023-08-14 13:30:00-04:00,149.27000427246094,149.27999877929688,148.6300048828125,148.8800048828125,57000,0.0,0.0
2023-08-14 14:30:00-04:00,148.86000061035156,148.94000244140625,148.5399932861328,148.71400451660156,81505,0.0,0.0
2023-08-14 15:30:00-04:00,148.6300048828125,148.7899932861328,148.35499572753906,148.75,165567,0.0,0.0
2023-08-15 09:30:00-04:00,148.60000610351562,148.83999633789062,148.14999389648438,148.7550048828125,41901,0.0,0.0
2023-08-15 10:30:00-04:00,148.74000549316406,148.83999633789062,148.36000061035156,148.55999755859375,62706,0.0,0.0
2023-08-15 11:30:00-04:00,148.58999633789062,149.2899932861328,148.55999755859375,148.90499877929688,82426,0.0,0.0
2023-08-15 12:30:00-04:00,148.9499969482422,148.9499969482422,148.5800018310547,148.65499877929688,38117,0.0,0.0
2023-08-15 13:30:00-04:00,148.65499877929688,149.22999572753906,148.57000732421875,149.21499633789062,46294,0.0,0.0
2023-08-15 14:30:00-04:00,149.22999572753906,149.5399932861328,149.1300048828125,149.36500549316406,74927,0.0,0.0
2023-08-15 15:30:00-04:00,149.44000244140625,149.6999969482422,149.1999969482422,149.1999969482422,129126,0.0,0.0
2023-08-16 09:30:00-04:00,148.82000732421875,149.6999969482422,148.82000732421875,149.66000366210938,46808,0.0,0.0
2023-08-16 10:30:00-04:00,149.6199951171875,149.92999267578125,149.32000732421875,149.64500427246094,45488,0.0,0.0
2023-08-16 11:30:00-04:00,149.6300048828125,150.1199951171875,149.6300048828125,149.7100067138672,39820,0.0,0.0
2023-08-16 12:30:00-04:00,149.75999450683594,149.8699951171875,149.4499969482422,149.52999877929688,31307,0.0,0.0
2023-08-16 13:30:00-04:00,149.56500244140625,149.7899932861328,149.22000122070312,149.69000244140625,40782,0.0,0.0
2023-08-16 14:30:00-04:00,149.74000549316406,149.99000549316406,149.63999938964844,149.72000122070312,56472,0.0,0.0
2023-08-16 15:30:00-04:00,149.7100067138672,150.17999267578125,149.57000732421875,150.0800018310547,140270,0.0,0.0
2023-08-17 09:30:00-04:00,148.4199981689453,150.72999572753906,148.4199981689453,150.61500549316406,89892,0.0,0.0
2023-08-17 10:30:00-04:00,150.71499633789062,150.9149932861328,150.16000366210938,150.4949951171875,82914,0.0,0.0
2023-08-17 11:30:00-04:00,150.4949951171875,150.82000732421875,150.3524932861328,150.77000427246094,55384,0.0,0.0
2023-08-17 12:30:00-04:00,150.8000030517578,151.1381072998047,150.75,150.77499389648438,37957,0.0,0.0
2023-08-17 13:30:00-04:00,150.77000427246094,151.14999389648438,150.10499572753906,150.25,95798,0.0,0.0
2023-08-17 14:30:00-04:00,150.2550048828125,150.5800018310547,149.94500732421875,150.5675048828125,91814,0.0,0.0
2023-08-17 15:30:00-04:00,150.55499267578125,150.82000732421875,149.64999389648438,149.64999389648438,190872,0.0,0.0
2023-08-18 09:30:00-04:00,150.49000549316406,151.13999938964844,149.7899932861328,150.25,82590,0.0,0.0
2023-08-18 10:30:00-04:00,150.25,150.46499633789062,149.77999877929688,150.26499938964844,94356,0.0,0.0
2023-08-18 11:30:00-04:00,150.27000427246094,150.5749969482422,149.86000061035156,150.28500366210938,55565,0.0,0.0
2023-08-18 12:30:00-04:00,150.27000427246094,150.4550018310547,150.0,150.1300048828125,162894,0.0,0.0
2023-08-18 13:30:00-04:00,150.16000366210938,150.25999450683594,149.72000122070312,150.0850067138672,50597,0.0,0.0
2023-08-18 14:30:00-04:00,150.0399932861328,150.2100067138672,149.83999633789062,149.9199981689453,59900,0.0,0.0
2023-08-18 15:30:00-04:00,149.8800048828125,150.22000122070312,149.63999938964844,150.2100067138672,98989,0.0,0.0
2023-08-21 09:30:00-04:00,151.02000427246094,151.02000427246094,149.8699951171875,150.10000610351562,53924,0.0,0.0
2023-08-21 10:30:00-04:00,149.99000549316406,150.7899932861328,149.9550018310547,150.57000732421875,44769,0.0,0.0
2023-08-21 11:30:00-04:00,150.55999755859375,150.8000030517578,150.02000427246094,150.19000244140625,73689,0.0,0.0
2023-08-21 12:30:00-04:00,150.22000122070312,150.36000061035156,150.11000061035156,150.1699981689453,55569,0.0,0.0
2023-08-21 13:30:00-04:00,150.1699981689453,150.3000030517578,150.08999633789062,150.13999938964844,40877,0.0,0.0
2023-08-21 14:30:00-04:00,150.13999938964844,150.9199981689453,150.08999633789062,150.86000061035156,96144,0.0,0.0
2023-08-21 15:30:00-04:00,150.86000061035156,151.2050018310547,150.41000366210938,150.47999572753906,153806,0.0,0.0
2023-08-22 09:30:00-04:00,150.19000244140625,150.58999633789062,149.05059814453125,149.25,50798,0.0,0.0
2023-08-22 10:30:00-04:00,149.22500610351562,150.0800018310547,149.22500610351562,149.2899932861328,45050,0.0,0.0
2023-08-22 11:30:00-04:00,149.36000061035156,150.1300048828125,149.23500061035156,150.125,33211,0.0,0.0
2023-08-22 12:30:00-04:00,149.96499633789062,150.42999267578125,149.82000732421875,150.00999450683594,33062,0.0,0.0
2023-08-22 13:30:00-04:00,149.89999389648438,150.30999755859375,149.74000549316406,150.30999755859375,35359,0.0,0.0
2023-08-22 14:30:00-04:00,150.27999877929688,150.5594940185547,149.75,150.46749877929688,91434,0.0,0.0
2023-08-22 15:30:00-04:00,150.44000244140625,150.4600067138672,149.5800018310547,149.72000122070312,132682,0.0,0.0
2023-08-23 09:30:00-04:00,149.5399932861328,152.3699951171875,149.5399932861328,151.58999633789062,118007,0.0,0.0
2023-08-23 10:30:00-04:00,151.58999633789062,151.91000366210938,149.85000610351562,150.33999633789062,105490,0.0,0.0
2023-08-23 11:30:00-04:00,150.52499389648438,150.82000732421875,149.8800048828125,150.07000732421875,55285,0.0,0.0
2023-08-23 12:30:00-04:00,150.10000610351562,150.6199951171875,150.10000610351562,150.47999572753906,42515,0.0,0.0
2023-08-23 13:30:00-04:00,150.523193359375,150.58999633789062,150.22999572753906,150.46499633789062,44622,0.0,0.0
2023-08-23 14:30:00-04:00,150.44000244140625,150.5,150.22500610351562,150.39999389648438,0,0.0,0.0
2023-08-23 15:30:00-04:00,150.46279907226562,150.55999755859375,149.9600067138672,150.0800018310547,496726,0.0,0.0
2023-08-24 09:30:00-04:00,150.57000732421875,151.47999572753906,150.0449981689453,150.3000030517578,51010,0.0,0.0
2023-08-24 10:30:00-04:00,150.1999969482422,150.25999450683594,149.13999938964844,149.52000427246094,42603,0.0,0.0
2023-08-24 11:30:00-04:00,149.5,149.5399932861328,148.67999267578125,148.8000030517578,51002,0.0,0.0
2023-08-24 12:30:00-04:00,148.77999877929688,149.08999633789062,148.75999450683594,148.8699951171875,22921,0.0,0.0
2023-08-24 13:30:00-04:00,148.90499877929688,149.1999969482422,148.77000427246094,148.7899932861328,32998,0.0,0.0
2023-08-24 14:30:00-04:00,148.88999938964844,149.47999572753906,148.44000244140625,149.47999572753906,56763,0.0,0.0
2023-08-24 15:30:00-04:00,149.52000427246094,149.60000610351562,148.9499969482422,149.08999633789062,74427,0.0,0.0
2023-08-25 09:30:00-04:00,148.42999267578125,149.55999755859375,148.0,148.9311981201172,49322,0.0,0.0
2023-08-25 10:30:00-04:00,148.9149932861328,150.3350067138672,148.69000244140625,150.2550048828125,163526,0.0,0.0
2023-08-25 11:30:00-04:00,150.23500061035156,150.76499938964844,150.10000610351562,150.64500427246094,70571,0.0,0.0
2023-08-25 12:30:00-04:00,150.6300048828125,151.3800048828125,150.52000427246094,150.97999572753906,93320,0.0,0.0
2023-08-25 13:30:00-04:00,150.89500427246094,151.28500366210938,150.52999877929688,151.22000122070312,91736,0.0,0.0
2023-08-25 14:30:00-04:00,151.25999450683594,151.3800048828125,151.0800018310547,151.25,74174,0.0,0.0
2023-08-25 15:30:00-04:00,151.2449951171875,151.8000030517578,151.08999633789062,151.44000244140625,201480,0.0,0.0
2023-08-28 09:30:00-04:00,150.6199951171875,151.67999267578125,150.39999389648438,151.39999389648438,31409,0.0,0.0
2023-08-28 10:30:00-04:00,151.39999389648438,151.6699981689453,151.22000122070312,151.41000366210938,27814,0.0,0.0
2023-08-28 11:30:00-04:00,151.5,151.64500427246094,150.9199981689453,151.1300048828125,46329,0.0,0.0
2023-08-28 12:30:00-04:00,151.16000366210938,151.60000610351562,151.16000366210938,151.43499755859375,39721,0.0,0.0
2023-08-28 13:30:00-04:00,151.39999389648438,151.39999389648438,150.8699951171875,150.99000549316406,37125,0.0,0.0
2023-08-28 14:30:00-04:00,150.9600067138672,151.4199981689453,150.88999938964844,151.25999450683594,52619,0.0,0.0
2023-08-28 15:30:00-04:00,151.25,151.77999877929688,151.25,151.72999572753906,92885,0.0,0.0
2023-08-29 09:30:00-04:00,151.67999267578125,152.11000061035156,151.0,151.1300048828125,26341,0.0,0.0
2023-08-29 10:30:00-04:00,151.16000366210938,151.16000366210938,150.24000549316406,150.47999572753906,58734,0.0,0.0
2023-08-29 11:30:00-04:00,150.52000427246094,150.75,150.30999755859375,150.42999267578125,27253,0.0,0.0
2023-08-29 12:30:00-04:00,150.40499877929688,150.69500732421875,150.1199951171875,150.58999633789062,42796,0.0,0.0
2023-08-29 13:30:00-04:00,150.52999877929688,150.69000244140625,150.22000122070312,150.2550048828125,26539,0.0,0.0
2023-08-29 14:30:00-04:00,150.27499389648438,150.61000061035156,150.27499389648438,150.5,68915,0.0,0.0
2023-08-29 15:30:00-04:00,150.50999450683594,150.53500366210938,150.1300048828125,150.25999450683594,81928,0.0,0.0
2023-08-30 09:30:00-04:00,149.36000061035156,150.7899932861328,149.16000366210938,150.17999267578125,52425,0.0,0.0
2023-08-30 10:30:00-04:00,150.1649932861328,150.3300018310547,149.9499969482422,150.13999938964844,36532,0.0,0.0
2023-08-30 11:30:00-04:00,150.08999633789062,150.49000549316406,150.08999633789062,150.3000030517578,22216,0.0,0.0
2023-08-30 12:30:00-04:00,150.25999450683594,150.3350067138672,149.9499969482422,149.9499969482422,24756,0.0,0.0
2023-08-30 13:30:00-04:00,149.9499969482422,149.97999572753906,149.5399932861328,149.92999267578125,37527,0.0,0.0
2023-08-30 14:30:00-04:00,149.8300018310547,150.10499572753906,149.63999938964844,149.82000732421875,154282,0.0,0.0
2023-08-30 15:30:00-04:00,149.75,150.02999877929688,149.4949951171875,149.72999572753906,129421,0.0,0.0
2023-08-31 09:30:00-04:00,149.55999755859375,150.5395965576172,149.02999877929688,150.22000122070312,54233,0.0,0.0
2023-08-31 10:30:00-04:00,150.11000061035156,150.22000122070312,149.4250030517578,149.66000366210938,34895,0.0,0.0
2023-08-31 11:30:00-04:00,149.65499877929688,150.0,149.58999633789062,149.68499755859375,27044,0.0,0.0
2023-08-31 12:30:00-04:00,149.67999267578125,150.41000366210938,149.6300048828125,150.3699951171875,27816,0.0,0.0
2023-08-31 13:30:00-04:00,150.39999389648438,150.48500061035156,149.99000549316406,149.9949951171875,23408,0.0,0.0
2023-08-31 14:30:00-04:00,149.97000122070312,149.97000122070312,149.30999755859375,149.39999389648438,34499,0.0,0.0
2023-08-31 15:30:00-04:00,149.4499969482422,149.77000427246094,149.30999755859375,149.5500030517578,84475,0.0,0.0
2023-09-01 09:30:00-04:00,149.0800018310547,150.4499969482422,149.0800018310547,150.30499267578125,43117,0.0,0.0
2023-09-01 10:30:00-04:00,150.3800048828125,150.7550048828125,150.25,150.7050018310547,29212,0.0,0.0
2023-09-01 11:30:00-04:00,150.6999969482422,150.8300018310547,150.4600067138672,150.49000549316406,28750,0.0,0.0
2023-09-01 12:30:00-04:00,150.55999755859375,150.55999755859375,150.30999755859375,150.5500030517578,31443,0.0,0.0
2023-09-01 13:30:00-04:00,150.52999877929688,150.61000061035156,150.34219360351562,150.51499938964844,33449,0.0,0.0
2023-09-01 14:30:00-04:00,150.50999450683594,150.73500061035156,150.2899932861328,150.4499969482422,44871,0.0,0.0
2023-09-01 15:30:00-04:00,150.4499969482422,150.75999450683594,150.2100067138672,150.41000366210938,107824,0.0,0.0
2023-09-05 09:30:00-04:00,149.25999450683594,149.9499969482422,148.8800048828125,149.41000366210938,47903,0.0,0.0
2023-09-05 10:30:00-04:00,149.32000732421875,150.1999969482422,149.22999572753906,150.11000061035156,38708,0.0,0.0
2023-09-05 11:30:00-04:00,150.14999389648438,150.50999450683594,150.11000061035156,150.27999877929688,24768,0.0,0.0
2023-09-05 12:30:00-04:00,150.25999450683594,150.25999450683594,149.91000366210938,149.92999267578125,19201,0.0,0.0
2023-09-05 13:30:00-04:00,149.82000732421875,149.92999267578125,149.6699981689453,149.8699951171875,23450,0.0,0.0
2023-09-05 14:30:00-04:00,149.84109497070312,149.99960327148438,149.25999450683594,149.3249969482422,36911,0.0,0.0
2023-09-05 15:30:00-04:00,149.3300018310547,149.47000122070312,149.05999755859375,149.1300048828125,81817,0.0,0.0
2023-09-06 09:30:00-04:00,148.61000061035156,150.02000427246094,148.52999877929688,149.84500122070312,0,0.0,0.0
2023-09-06 10:30:00-04:00,149.86000061035156,150.27999877929688,149.5800018310547,150.17999267578125,70457,0.0,0.0
2023-09-06 11:30:00-04:00,150.08999633789062,150.36000061035156,149.99000549316406,150.30999755859375,27280,0.0,0.0
2023-09-06 12:30:00-04:00,150.36000061035156,150.42999267578125,149.77000427246094,150.1649932861328,48421,0.0,0.0
2023-09-06 13:30:00-04:00,150.16000366210938,150.94000244140625,150.16000366210938,150.85499572753906,52200,0.0,0.0
2023-09-06 14:30:00-04:00,150.9199981689453,151.16000366210938,150.64999389648438,150.66000366210938,72120,0.0,0.0
2023-09-06 15:30:00-04:00,150.6699981689453,150.6999969482422,149.8300018310547,149.8300018310547,171353,0.0,0.0
2023-09-07 09:30:00-04:00,150.89999389648438,152.91000366210938,150.44000244140625,152.27000427246094,85468,0.0,0.0
2023-09-07 10:30:00-04:00,152.39999389648438,153.4199981689453,152.39999389648438,153.15499877929688,86765,0.0,0.0
2023-09-07 11:30:00-04:00,153.1999969482422,153.7899932861328,152.86000061035156,153.5,85088,0.0,0.0
2023-09-07 12:30:00-04:00,153.5500030517578,153.5500030517578,152.82249450683594,152.86000061035156,85750,0.0,0.0
2023-09-07 13:30:00-04:00,152.75,153.24000549316406,152.7100067138672,152.9499969482422,48245,0.0,0.0
2023-09-07 14:30:00-04:00,152.9600067138672,153.3000030517578,152.91000366210938,153.00990295410156,68810,0.0,0.0
2023-09-07 15:30:00-04:00,153.02999877929688,153.8000030517578,152.75,153.5,186295,0.0,0.0
2023-09-08 09:30:00-04:00,154.36000061035156,154.88999938964844,153.5800018310547,153.7100067138672,49864,0.0,0.0
2023-09-08 10:30:00-04:00,153.75,153.86000061035156,153.1999969482422,153.72000122070312,45563,0.0,0.0
2023-09-08 11:30:00-04:00,153.7899932861328,154.34500122070312,153.7899932861328,154.00999450683594,32177,0.0,0.0
2023-09-08 12:30:00-04:00,153.9600067138672,154.27000427246094,153.9499969482422,154.02499389648438,37935,0.0,0.0
2023-09-08 13:30:00-04:00,154.02000427246094,154.19000244140625,153.86000061035156,154.15499877929688,34650,0.0,0.0
2023-09-08 14:30:00-04:00,154.13499450683594,154.33999633789062,153.75,153.75,57771,0.0,0.0
2023-09-08 15:30:00-04:00,153.7949981689453,153.7949981689453,153.0800018310547,153.22000122070312,99969,0.0,0.0
2023-09-11 09:30:00-04:00,152.83999633789062,153.9199981689453,152.59249877929688,153.22999572753906,33908,0.0,0.0
2023-09-11 10:30:00-04:00,153.0800018310547,153.17999267578125,152.52999877929688,152.80999755859375,29033,0.0,0.0
2023-09-11 11:30:00-04:00,152.85000610351562,153.21499633789062,152.80999755859375,153.1300048828125,22145,0.0,0.0
2023-09-11 12:30:00-04:00,153.14500427246094,153.6999969482422,153.05999755859375,153.6999969482422,39605,0.0,0.0
2023-09-11 13:30:00-04:00,153.7449951171875,153.91000366210938,153.64500427246094,153.83999633789062,36738,0.0,0.0
2023-09-11 14:30:00-04:00,153.77000427246094,154.17999267578125,153.66000366210938,154.17999267578125,31167,0.0,0.0
2023-09-11 15:30:00-04:00,154.1699981689453,154.44000244140625,154.05999755859375,154.44000244140625,104090,0.0,0.0
2023-09-12 09:30:00-04:00,154.58999633789062,154.80999755859375,153.75999450683594,154.47000122070312,35848,0.0,0.0
2023-09-12 10:30:00-04:00,154.48500061035156,154.7100067138672,153.96499633789062,154.4600067138672,51368,0.0,0.0
2023-09-12 11:30:00-04:00,154.3300018310547,154.3300018310547,153.55999755859375,153.64500427246094,22669,0.0,0.0
2023-09-12 12:30:00-04:00,153.63999938964844,153.6699981689453,153.19000244140625,153.5,26179,0.0,0.0
2023-09-12 13:30:00-04:00,153.47000122070312,153.85989379882812,153.3000030517578,153.77999877929688,33104,0.0,0.0
2023-09-12 14:30:00-04:00,153.7899932861328,153.85000610351562,153.0,153.05999755859375,86115,0.0,0.0
2023-09-12 15:30:00-04:00,152.97000122070312,153.1999969482422,152.8000030517578,152.9600067138672,98182,0.0,0.0
2023-09-13 09:30:00-04:00,152.33999633789062,153.08999633789062,151.0749969482422,151.1999969482422,95426,0.0,0.0
2023-09-13 10:30:00-04:00,151.25,152.16000366210938,151.16009521484375,151.9600067138672,74607,0.0,0.0
2023-09-13 11:30:00-04:00,151.9550018310547,152.27000427246094,151.7899932861328,151.8699951171875,32066,0.0,0.0
2023-09-13 12:30:00-04:00,151.83999633789062,151.92999267578125,151.36000061035156,151.7949981689453,52429,0.0,0.0
2023-09-13 13:30:00-04:00,151.80999755859375,152.05499267578125,151.55499267578125,151.55499267578125,48550,0.0,0.0
2023-09-13 14:30:00-04:00,151.55999755859375,151.61000061035156,150.8699951171875,151.42999267578125,105104,0.0,0.0
2023-09-13 15:30:00-04:00,151.42999267578125,151.75,151.02999877929688,151.32000732421875,177737,0.0,0.0
2023-09-14 09:30:00-04:00,150.9499969482422,151.61000061035156,149.25,150.4250030517578,118311,0.0,0.0
2023-09-14 10:30:00-04:00,150.52000427246094,150.8800048828125,150.01499938964844,150.67999267578125,85046,0.0,0.0
2023-09-14 11:30:00-04:00,150.77000427246094,150.9600067138672,150.11500549316406,150.38999938964844,69009,0.0,0.0
2023-09-14 12:30:00-04:00,150.39500427246094,150.67999267578125,149.9550018310547,149.96499633789062,39002,0.0,0.0
2023-09-14 13:30:00-04:00,150.0500030517578,150.1999969482422,149.82000732421875,149.9550018310547,71245,0.0,0.0
2023-09-14 14:30:00-04:00,149.99000549316406,150.5399932861328,149.86000061035156,150.3300018310547,83792,0.0,0.0
2023-09-14 15:30:00-04:00,150.38999938964844,150.5500030517578,150.1699981689453,150.5500030517578,113351,0.0,0.0
2023-09-15 09:30:00-04:00,149.75,150.83999633789062,148.13999938964844,149.77000427246094,223885,0.0,0.0
2023-09-15 10:30:00-04:00,149.96499633789062,150.39999389648438,149.83999633789062,149.9550018310547,64910,0.0,0.0
2023-09-15 11:30:00-04:00,150.00999450683594,150.66000366210938,150.00999450683594,150.6199951171875,44232,0.0,0.0
2023-09-15 12:30:00-04:00,150.60000610351562,150.72000122070312,150.10000610351562,150.32000732421875,54590,0.0,0.0
2023-09-15 13:30:00-04:00,150.3000030517578,151.05999755859375,150.25,150.43499755859375,98499,0.0,0.0
2023-09-15 14:30:00-04:00,150.3249969482422,150.4499969482422,150.0399932861328,150.10000610351562,91276,0.0,0.0
2023-09-15 15:30:00-04:00,150.125,150.125,149.22000122070312,149.22999572753906,228377,0.0,0.0
2023-09-18 09:30:00-04:00,150.8699951171875,151.77000427246094,150.33999633789062,151.74549865722656,50805,0.0,0.0
2023-09-18 10:30:00-04:00,151.66000366210938,151.97000122070312,151.44000244140625,151.69000244140625,35643,0.0,0.0
2023-09-18 11:30:00-04:00,151.7100067138672,151.77999877929688,151.61000061035156,151.72000122070312,28975,0.0,0.0
2023-09-18 12:30:00-04:00,151.72000122070312,151.88999938964844,151.33999633789062,151.46499633789062,69393,0.0,0.0
2023-09-18 13:30:00-04:00,151.47000122070312,151.5800018310547,151.39999389648438,151.49000549316406,43569,0.0,0.0
2023-09-18 14:30:00-04:00,151.48500061035156,151.8300018310547,151.4199981689453,151.7050018310547,86859,0.0,0.0
2023-09-18 15:30:00-04:00,151.72500610351562,151.9665069580078,151.66000366210938,151.6999969482422,96027,0.0,0.0
2023-09-19 09:30:00-04:00,151.6999969482422,157.23500061035156,151.6999969482422,157.23500061035156,440534,0.0,0.0
2023-09-19 10:30:00-04:00,157.3300018310547,157.3300018310547,155.8000030517578,156.47000122070312,161401,0.0,0.0
2023-09-19 11:30:00-04:00,156.52999877929688,157.75999450683594,156.22000122070312,157.6199951171875,159825,0.0,0.0
2023-09-19 12:30:00-04:00,157.60499572753906,157.86000061035156,156.8000030517578,157.55999755859375,145114,0.0,0.0
2023-09-19 13:30:00-04:00,157.56500244140625,158.7100067138672,157.56500244140625,158.59500122070312,133222,0.0,0.0
2023-09-19 14:30:00-04:00,158.64999389648438,158.69000244140625,157.02999877929688,157.1999969482422,182437,0.0,0.0
2023-09-19 15:30:00-04:00,157.17999267578125,157.17999267578125,155.4600067138672,155.88999938964844,276722,0.0,0.0
2023-09-20 09:30:00-04:00,155.89999389648438,156.64999389648438,155.49000549316406,156.39500427246094,75743,0.0,0.0
2023-09-20 10:30:00-04:00,156.47999572753906,157.3800048828125,156.42999267578125,156.9499969482422,44875,0.0,0.0
2023-09-20 11:30:00-04:00,157.0,157.05999755859375,156.4550018310547,156.6199951171875,53934,0.0,0.0
2023-09-20 12:30:00-04:00,156.61000061035156,156.86000061035156,156.50999450683594,156.67999267578125,31424,0.0,0.0
2023-09-20 13:30:00-04:00,156.7100067138672,156.72000122070312,155.88499450683594,156.13999938964844,45030,0.0,0.0
2023-09-20 14:30:00-04:00,156.0500030517578,156.5,155.93040466308594,156.25999450683594,70600,0.0,0.0
2023-09-20 15:30:00-04:00,156.17999267578125,156.24000549316406,155.1199951171875,155.25,189889,0.0,0.0
2023-09-21 09:30:00-04:00,154.96499633789062,155.67999267578125,154.6699981689453,154.97999572753906,65838,0.0,0.0
2023-09-21 10:30:00-04:00,155.0399932861328,155.60499572753906,154.82000732421875,155.28500366210938,64118,0.0,0.0
2023-09-21 11:30:00-04:00,155.1699981689453,155.27999877929688,154.82000732421875,154.83999633789062,53720,0.0,0.0
2023-09-21 12:30:00-04:00,154.82000732421875,155.0749969482422,154.3350067138672,154.99000549316406,53421,0.0,0.0
2023-09-21 13:30:00-04:00,155.0,155.36000061035156,154.88999938964844,155.3300018310547,43633,0.0,0.0
2023-09-21 14:30:00-04:00,155.3300018310547,155.33999633789062,154.9499969482422,155.14999389648438,76152,0.0,0.0
2023-09-21 15:30:00-04:00,155.1999969482422,155.27000427246094,154.74000549316406,155.08999633789062,170257,0.0,0.0
2023-09-22 09:30:00-04:00,155.38999938964844,156.11500549316406,155.19000244140625,156.06399536132812,47156,0.0,0.0
2023-09-22 10:30:00-04:00,156.0998992919922,157.35000610351562,155.71499633789062,157.33999633789062,47662,0.0,0.0
2023-09-22 11:30:00-04:00,157.27999877929688,157.4228057861328,156.8000946044922,157.1999969482422,69541,0.0,0.0
2023-09-22 12:30:00-04:00,157.22999572753906,157.39500427246094,156.91000366210938,156.99000549316406,59347,0.0,0.0
2023-09-22 13:30:00-04:00,156.97000122070312,157.06500244140625,156.44000244140625,156.5,47667,0.0,0.0
2023-09-22 14:30:00-04:00,156.47999572753906,157.24000549316406,156.41000366210938,157.24000549316406,63868,0.0,0.0
2023-09-22 15:30:00-04:00,157.2050018310547,157.25,156.61000061035156,156.77999877929688,147604,0.0,0.0
2023-09-25 09:30:00-04:00,156.2100067138672,157.35000610351562,155.75999450683594,155.91000366210938,60744,0.0,0.0
2023-09-25 10:30:00-04:00,155.92999267578125,156.55499267578125,155.75999450683594,156.47000122070312,64344,0.0,0.0
2023-09-25 11:30:00-04:00,156.42030334472656,156.86000061035156,156.24000549316406,156.6300048828125,37702,0.0,0.0
2023-09-25 12:30:00-04:00,156.63499450683594,156.83999633789062,156.0800018310547,156.15499877929688,76299,0.0,0.0
2023-09-25 13:30:00-04:00,156.15499877929688,156.27000427246094,155.0850067138672,155.09500122070312,76462,0.0,0.0
2023-09-25 14:30:00-04:00,155.0,155.58999633789062,154.97999572753906,155.14500427246094,85127,0.0,0.0
2023-09-25 15:30:00-04:00,155.14500427246094,155.6199951171875,155.1199951171875,155.27999877929688,144731,0.0,0.0
2023-09-26 09:30:00-04:00,155.08999633789062,155.80999755859375,154.7949981689453,155.80999755859375,46156,0.0,0.0
2023-09-26 10:30:00-04:00,155.7949981689453,156.375,155.5500030517578,155.56500244140625,59482,0.0,0.0
2023-09-26 11:30:00-04:00,155.625,156.3300018310547,155.5,156.21499633789062,57219,0.0,0.0
2023-09-26 12:30:00-04:00,156.17999267578125,156.8300018310547,156.02000427246094,156.38499450683594,58801,0.0,0.0
2023-09-26 13:30:00-04:00,156.3699951171875,156.4149932861328,156.02000427246094,156.11000061035156,58895,0.0,0.0
2023-09-26 14:30:00-04:00,156.08999633789062,156.74000549316406,156.0399932861328,156.5500030517578,107122,0.0,0.0
2023-09-26 15:30:00-04:00,156.52040100097656,156.8800048828125,155.75,155.75,240160,0.0,0.0
2023-09-27 09:30:00-04:00,155.63999938964844,155.89999389648438,154.74090576171875,155.1699981689453,45137,0.0,0.0
2023-09-27 10:30:00-04:00,155.36000061035156,155.9600067138672,155.13999938964844,155.5800018310547,46360,0.0,0.0
2023-09-27 11:30:00-04:00,155.60000610351562,155.8000030517578,155.1199951171875,155.47000122070312,49554,0.0,0.0
2023-09-27 12:30:00-04:00,155.5050048828125,155.64999389648438,154.64999389648438,154.72999572753906,0,0.0,0.0
2023-09-27 13:30:00-04:00,154.72999572753906,155.22999572753906,154.63999938964844,155.08999633789062,245668,0.0,0.0
2023-09-27 14:30:00-04:00,155.19400024414062,155.4149932861328,155.11000061035156,155.3300018310547,57306,0.0,0.0
2023-09-27 15:30:00-04:00,155.3000030517578,155.33999633789062,154.7100067138672,154.89999389648438,123592,0.0,0.0
2023-09-28 09:30:00-04:00,155.33999633789062,155.97999572753906,155.32000732421875,155.77999877929688,20883,0.0,0.0
2023-09-28 10:30:00-04:00,155.83999633789062,156.0,155.61000061035156,155.72999572753906,33100,0.0,0.0
2023-09-28 11:30:00-04:00,155.7050018310547,155.88999938964844,155.0531005859375,155.4499969482422,37707,0.0,0.0
2023-09-28 12:30:00-04:00,155.42999267578125,155.91000366210938,155.42999267578125,155.6699981689453,21620,0.0,0.0
2023-09-28 13:30:00-04:00,155.5,155.69500732421875,155.3800048828125,155.65499877929688,24618,0.0,0.0
2023-09-28 14:30:00-04:00,155.63999938964844,156.2100067138672,155.52000427246094,156.17999267578125,36644,0.0,0.0
2023-09-28 15:30:00-04:00,156.2100067138672,156.72999572753906,156.2100067138672,156.63999938964844,136807,0.0,0.0
2023-09-29 09:30:00-04:00,155.82000732421875,157.94000244140625,155.22999572753906,156.8300018310547,110446,0.0,0.0
2023-09-29 10:30:00-04:00,156.7899932861328,157.39999389648438,156.5749969482422,156.99000549316406,59157,0.0,0.0
2023-09-29 11:30:00-04:00,156.9499969482422,156.97999572753906,156.05999755859375,156.3072967529297,45689,0.0,0.0
2023-09-29 12:30:00-04:00,156.27499389648438,156.33999633789062,155.82000732421875,155.98500061035156,33858,0.0,0.0
2023-09-29 13:30:00-04:00,156.0399932861328,156.08999633789062,155.61500549316406,155.8699951171875,35837,0.0,0.0
2023-09-29 14:30:00-04:00,155.82000732421875,156.16000366210938,155.75,156.14999389648438,44017,0.0,0.0
2023-09-29 15:30:00-04:00,156.22000122070312,156.97999572753906,156.0,156.5,158286,0.0,0.0
2023-10-02 09:30:00-04:00,155.41000366210938,156.25999450683594,155.02499389648438,155.82000732421875,41912,0.0,0.0
2023-10-02 10:30:00-04:00,155.7100067138672,155.9199981689453,155.07000732421875,155.8800048828125,55438,0.0,0.0
2023-10-02 11:30:00-04:00,155.86000061035156,155.9199981689453,155.19009399414062,155.19009399414062,61304,0.0,0.0
2023-10-02 12:30:00-04:00,155.1999969482422,155.22999572753906,154.22000122070312,155.22999572753906,69717,0.0,0.0
2023-10-02 13:30:00-04:00,155.27000427246094,155.6699981689453,155.1699981689453,155.41000366210938,36510,0.0,0.0
2023-10-02 14:30:00-04:00,155.4499969482422,156.2100067138672,155.38999938964844,156.0800018310547,55147,0.0,0.0
2023-10-02 15:30:00-04:00,156.08999633789062,156.47000122070312,156.0749969482422,156.4600067138672,98232,0.0,0.0
2023-10-03 09:30:00-04:00,155.2100067138672,157.6898956298828,155.1699981689453,156.6999969482422,59159,0.0,0.0
2023-10-03 10:30:00-04:00,156.69500732421875,156.97889709472656,156.10000610351562,156.35000610351562,39921,0.0,0.0
2023-10-03 11:30:00-04:00,156.4199981689453,156.8300018310547,156.02999877929688,156.8300018310547,47247,0.0,0.0
2023-10-03 12:30:00-04:00,156.77999877929688,157.4600067138672,156.58999633789062,157.4600067138672,36478,0.0,0.0
2023-10-03 13:30:00-04:00,157.44000244140625,157.4600067138672,157.0,157.2050018310547,42089,0.0,0.0
2023-10-03 14:30:00-04:00,157.25999450683594,157.58999633789062,156.9149932861328,157.0,84577,0.0,0.0
2023-10-03 15:30:00-04:00,157.0,157.13999938964844,156.47000122070312,157.1199951171875,136804,0.0,0.0
2023-10-04 09:30:00-04:00,156.92999267578125,158.71499633789062,156.7550048828125,158.4199981689453,80811,0.0,0.0
2023-10-04 10:30:00-04:00,158.3699951171875,159.5500030517578,158.02999877929688,159.38999938964844,121285,0.0,0.0
2023-10-04 11:30:00-04:00,159.38999938964844,159.38999938964844,158.6199951171875,159.0800018310547,164615,0.0,0.0
2023-10-04 12:30:00-04:00,159.1199951171875,159.2899932861328,158.9600067138672,159.28500366210938,74123,0.0,0.0
2023-10-04 13:30:00-04:00,159.33999633789062,159.36000061035156,158.6699981689453,158.72500610351562,51811,0.0,0.0
2023-10-04 14:30:00-04:00,158.69000244140625,159.6699981689453,158.57000732421875,159.61000061035156,95776,0.0,0.0
2023-10-04 15:30:00-04:00,159.60000610351562,160.17999267578125,159.39999389648438,160.06500244140625,241574,0.0,0.0
2023-10-05 09:30:00-04:00,160.7899932861328,160.94000244140625,159.1300048828125,159.6649932861328,135660,0.0,0.0
2023-10-05 10:30:00-04:00,159.6199951171875,159.73500061035156,158.85499572753906,159.44500732421875,75359,0.0,0.0
2023-10-05 11:30:00-04:00,159.47000122070312,159.82989501953125,159.19000244140625,159.7899932861328,56691,0.0,0.0
2023-10-05 12:30:00-04:00,159.8000030517578,159.8300018310547,159.3000030517578,159.69000244140625,46637,0.0,0.0
2023-10-05 13:30:00-04:00,159.67999267578125,159.94000244140625,159.55499267578125,159.6699981689453,69968,0.0,0.0
2023-10-05 14:30:00-04:00,159.64999389648438,160.13999938964844,159.5,159.9499969482422,89545,0.0,0.0
2023-10-05 15:30:00-04:00,159.98500061035156,160.52999877929688,159.75999450683594,159.86000061035156,123480,0.0,0.0
2023-10-06 09:30:00-04:00,159.4499969482422,161.63999938964844,159.39999389648438,161.44000244140625,103690,0.0,0.0
2023-10-06 10:30:00-04:00,161.52999877929688,161.98989868164062,161.0500030517578,161.58999633789062,111772,0.0,0.0
2023-10-06 11:30:00-04:00,161.64500427246094,161.82000732421875,161.3000030517578,161.53500366210938,54549,0.0,0.0
2023-10-06 12:30:00-04:00,161.5749969482422,161.77999877929688,161.3699951171875,161.60499572753906,110844,0.0,0.0
2023-10-06 13:30:00-04:00,161.63999938964844,161.88999938964844,161.32000732421875,161.75,126008,0.0,0.0
2023-10-06 14:30:00-04:00,161.77499389648438,161.89999389648438,161.4199981689453,161.5399932861328,133732,0.0,0.0
2023-10-06 15:30:00-04:00,161.55999755859375,161.9600067138672,161.4499969482422,161.5800018310547,119711,0.0,0.0
2023-10-09 09:30:00-04:00,160.27000427246094,163.0399932861328,160.0,162.71499633789062,132076,0.0,0.0
2023-10-09 10:30:00-04:00,162.75,162.92999267578125,162.1186981201172,162.77999877929688,55252,0.0,0.0
2023-10-09 11:30:00-04:00,162.82000732421875,163.3000030517578,162.38999938964844,163.1699981689453,53064,0.0,0.0
2023-10-09 12:30:00-04:00,163.0500030517578,163.1300048828125,162.5800018310547,162.74749755859375,33980,0.0,0.0
2023-10-09 13:30:00-04:00,162.80999755859375,163.6750030517578,162.77999877929688,163.6699981689453,36341,0.0,0.0
2023-10-09 14:30:00-04:00,163.67999267578125,164.25,163.52000427246094,163.83999633789062,84355,0.0,0.0
2023-10-09 15:30:00-04:00,163.82000732421875,163.82000732421875,162.86000061035156,162.9199981689453,142128,0.0,0.0
2023-10-10 09:30:00-04:00,162.75,164.39999389648438,162.35000610351562,163.25999450683594,101433,0.0,0.0
2023-10-10 10:30:00-04:00,163.23500061035156,163.5800018310547,163.10000610351562,163.4949951171875,59004,0.0,0.0
2023-10-10 11:30:00-04:00,163.47000122070312,163.88999938964844,163.4499969482422,163.57000732421875,51910,0.0,0.0
2023-10-10 12:30:00-04:00,163.58999633789062,163.6199951171875,162.57000732421875,162.57000732421875,80846,0.0,0.0
2023-10-10 13:30:00-04:00,162.56500244140625,162.7100067138672,162.42999267578125,162.65499877929688,80518,0.0,0.0
2023-10-10 14:30:00-04:00,162.61000061035156,162.6199951171875,161.97999572753906,162.48500061035156,96373,0.0,0.0
2023-10-10 15:30:00-04:00,162.4669952392578,162.50999450683594,161.6199951171875,161.91000366210938,172593,0.0,0.0
2023-10-11 09:30:00-04:00,161.11000061035156,162.1699981689453,159.6699981689453,160.27999877929688,199294,0.0,0.0
2023-10-11 10:30:00-04:00,160.27999877929688,160.8699951171875,160.25,160.61500549316406,118506,0.0,0.0
2023-10-11 11:30:00-04:00,160.61500549316406,160.7100067138672,160.06500244140625,160.3000030517578,71255,0.0,0.0
2023-10-11 12:30:00-04:00,160.39999389648438,160.64999389648438,160.16000366210938,160.4499969482422,50783,0.0,0.0
2023-10-11 13:30:00-04:00,160.47000122070312,161.07000732421875,160.44000244140625,160.8800048828125,46291,0.0,0.0
2023-10-11 14:30:00-04:00,160.9149932861328,161.61000061035156,160.9149932861328,161.375,84543,0.0,0.0
2023-10-11 15:30:00-04:00,161.33999633789062,162.2100067138672,161.3300018310547,161.5800018310547,271504,0.0,0.0
2023-10-12 09:30:00-04:00,160.61000061035156,161.7949981689453,159.41090393066406,160.5800018310547,119453,0.0,0.0
2023-10-12 10:30:00-04:00,160.69000244140625,161.02999877929688,160.4149932861328,160.61000061035156,83507,0.0,0.0
2023-10-12 11:30:00-04:00,160.60000610351562,160.6300048828125,160.07000732421875,160.22500610351562,94677,0.0,0.0
2023-10-12 12:30:00-04:00,160.16000366210938,161.13999938964844,159.8000030517578,159.8800048828125,77098,0.0,0.0
2023-10-12 13:30:00-04:00,159.80499267578125,160.6699981689453,159.5500030517578,160.61500549316406,83072,0.0,0.0
2023-10-12 14:30:00-04:00,160.42999267578125,160.77999877929688,160.3699951171875,160.41000366210938,76465,0.0,0.0
2023-10-12 15:30:00-04:00,160.3699951171875,160.77999877929688,160.24000549316406,160.5800018310547,162564,0.0,0.0
2023-10-13 09:30:00-04:00,160.2100067138672,161.27999877929688,158.83999633789062,160.41000366210938,145452,0.0,0.0
2023-10-13 10:30:00-04:00,160.4600067138672,160.8000030517578,160.27999877929688,160.7050018310547,99287,0.0,0.0
2023-10-13 11:30:00-04:00,160.64999389648438,160.8699951171875,160.55999755859375,160.7949981689453,88474,0.0,0.0
2023-10-13 12:30:00-04:00,160.8000030517578,160.8249969482422,160.14999389648438,160.24000549316406,53123,0.0,0.0
2023-10-13 13:30:00-04:00,160.19000244140625,160.72999572753906,160.17999267578125,160.47000122070312,57561,0.0,0.0
2023-10-13 14:30:00-04:00,160.47000122070312,161.32000732421875,160.33999633789062,161.2949981689453,115504,0.0,0.0
2023-10-13 15:30:00-04:00,161.30999755859375,162.13999938964844,161.0800018310547,162.13999938964844,225643,0.0,0.0
2023-10-16 09:30:00-04:00,162.67999267578125,163.6699981689453,161.36000061035156,163.6699981689453,96791,0.0,0.0
2023-10-16 10:30:00-04:00,163.5,163.67999267578125,163.0449981689453,163.35000610351562,88684,0.0,0.0
2023-10-16 11:30:00-04:00,163.3699951171875,163.3699951171875,162.875,162.97500610351562,87862,0.0,0.0
2023-10-16 12:30:00-04:00,162.97500610351562,163.3000030517578,162.74000549316406,162.75,87068,0.0,0.0
2023-10-16 13:30:00-04:00,162.7449951171875,163.2550048828125,162.7449951171875,163.0850067138672,88502,0.0,0.0
2023-10-16 14:30:00-04:00,163.11000061035156,163.4199981689453,162.81500244140625,163.1750030517578,94276,0.0,0.0
2023-10-16 15:30:00-04:00,163.16000366210938,163.26499938964844,162.8300018310547,163.10000610351562,160102,0.0,0.0
2023-10-17 09:30:00-04:00,162.69000244140625,163.66000366210938,162.69000244140625,162.80999755859375,42833,0.0,0.0
2023-10-17 10:30:00-04:00,162.85499572753906,164.0500030517578,162.77000427246094,163.8800048828125,47174,0.0,0.0
2023-10-17 11:30:00-04:00,163.9600067138672,164.05999755859375,163.44000244140625,163.44500732421875,51206,0.0,0.0
2023-10-17 12:30:00-04:00,163.32000732421875,163.86000061035156,163.32000732421875,163.3800048828125,46023,0.0,0.0
2023-10-17 13:30:00-04:00,163.2899932861328,163.3300018310547,162.27999877929688,162.4268035888672,66064,0.0,0.0
2023-10-17 14:30:00-04:00,162.32000732421875,162.568603515625,162.22999572753906,162.42999267578125,82596,0.0,0.0
2023-10-17 15:30:00-04:00,162.4600067138672,163.5,162.38999938964844,163.5,163276,0.0,0.0
2023-10-18 09:30:00-04:00,164.17999267578125,165.87229919433594,163.4499969482422,164.80999755859375,148582,0.0,0.0
2023-10-18 10:30:00-04:00,164.78500366210938,165.6300048828125,164.6699981689453,164.77499389648438,69778,0.0,0.0
2023-10-18 11:30:00-04:00,164.77999877929688,165.52999877929688,164.5800018310547,164.77999877929688,68641,0.0,0.0
2023-10-18 12:30:00-04:00,164.72000122070312,164.80499267578125,164.27000427246094,164.49000549316406,51973,0.0,0.0
2023-10-18 13:30:00-04:00,164.47999572753906,164.7899932861328,163.88999938964844,164.41000366210938,102603,0.0,0.0
2023-10-18 14:30:00-04:00,164.47999572753906,164.6999969482422,163.67999267578125,164.11000061035156,54336,0.0,0.0
2023-10-18 15:30:00-04:00,164.10000610351562,164.16000366210938,163.02999877929688,163.6199951171875,145485,0.0,0.0
2023-10-19 09:30:00-04:00,164.86000061035156,164.86000061035156,162.58999633789062,162.81500244140625,77173,0.0,0.0
2023-10-19 10:30:00-04:00,162.73519897460938,162.83999633789062,162.3300018310547,162.6999969482422,60939,0.0,0.0
2023-10-19 11:30:00-04:00,162.64999389648438,163.25999450683594,162.31500244140625,162.72999572753906,48997,0.0,0.0
2023-10-19 12:30:00-04:00,162.7050018310547,163.02000427246094,162.27000427246094,163.0050048828125,93482,0.0,0.0
2023-10-19 13:30:00-04:00,162.9499969482422,163.08999633789062,162.3800048828125,162.75,60969,0.0,0.0
2023-10-19 14:30:00-04:00,162.67999267578125,162.67999267578125,162.22999572753906,162.33999633789062,70599,0.0,0.0
2023-10-19 15:30:00-04:00,162.36000061035156,162.74000549316406,162.16009521484375,162.4499969482422,121784,0.0,0.0
2023-10-20 09:30:00-04:00,162.60000610351562,163.99000549316406,161.25,161.39999389648438,136095,0.0,0.0
2023-10-20 10:30:00-04:00,161.5800018310547,162.94000244140625,160.92999267578125,162.63999938964844,101045,0.0,0.0
2023-10-20 11:30:00-04:00,162.61000061035156,162.61000061035156,161.82000732421875,161.83999633789062,29177,0.0,0.0
2023-10-20 12:30:00-04:00,161.85000610351562,162.55999755859375,161.85000610351562,162.33999633789062,34767,0.0,0.0
2023-10-20 13:30:00-04:00,162.3699951171875,162.7050018310547,162.16000366210938,162.1699981689453,33676,0.0,0.0
2023-10-20 14:30:00-04:00,162.1300048828125,162.52000427246094,161.9199981689453,162.50999450683594,76300,0.0,0.0
2023-10-20 15:30:00-04:00,162.42999267578125,162.4499969482422,161.74000549316406,161.85000610351562,168608,0.0,0.0
2023-10-23 09:30:00-04:00,161.3000030517578,161.7100067138672,160.47000122070312,161.3000030517578,102010,0.0,0.0
2023-10-23 10:30:00-04:00,161.27000427246094,161.61000061035156,160.99000549316406,161.47000122070312,110609,0.0,0.0
2023-10-23 11:30:00-04:00,161.5,161.60000610351562,161.14500427246094,161.51499938964844,47373,0.0,0.0
2023-10-23 12:30:00-04:00,161.51499938964844,161.8000030517578,161.25,161.27999877929688,38068,0.0,0.0
2023-10-23 13:30:00-04:00,161.36000061035156,161.4499969482422,161.1199951171875,161.30999755859375,45580,0.0,0.0
2023-10-23 14:30:00-04:00,161.32000732421875,161.56500244140625,160.86000061035156,160.91000366210938,80020,0.0,0.0
2023-10-23 15:30:00-04:00,160.91000366210938,161.22999572753906,160.5800018310547,160.94000244140625,178569,0.0,0.0
2023-10-24 09:30:00-04:00,161.25999450683594,163.17300415039062,161.25999450683594,162.03500366210938,76175,0.0,0.0
2023-10-24 10:30:00-04:00,161.9600067138672,162.63999938964844,161.83999633789062,162.58999633789062,67278,0.0,0.0
2023-10-24 11:30:00-04:00,162.49000549316406,162.75,161.88999938964844,161.94500732421875,27899,0.0,0.0
2023-10-24 12:30:00-04:00,161.9499969482422,162.41000366210938,161.71499633789062,162.3000030517578,30828,0.0,0.0
2023-10-24 13:30:00-04:00,162.3800048828125,162.48500061035156,161.92999267578125,162.48500061035156,50213,0.0,0.0
2023-10-24 14:30:00-04:00,162.5,162.94500732421875,162.4550018310547,162.80999755859375,120591,0.0,0.0
2023-10-24 15:30:00-04:00,162.8699951171875,163.06500244140625,162.4499969482422,162.5,213994,0.0,0.0
2023-10-25 09:30:00-04:00,161.89999389648438,163.0,161.16000366210938,162.50999450683594,133092,0.0,0.0
2023-10-25 10:30:00-04:00,162.5749969482422,163.77999877929688,162.47000122070312,163.25,74963,0.0,0.0
2023-10-25 11:30:00-04:00,163.24000549316406,163.24000549316406,162.58999633789062,162.8699951171875,55418,0.0,0.0
2023-10-25 12:30:00-04:00,162.84500122070312,163.11839294433594,162.4499969482422,162.49000549316406,50248,0.0,0.0
2023-10-25 13:30:00-04:00,162.51499938964844,162.7899932861328,162.3000030517578,162.5800018310547,87995,0.0,0.0
2023-10-25 14:30:00-04:00,162.6199951171875,162.7100067138672,161.97999572753906,162.10000610351562,75846,0.0,0.0
2023-10-25 15:30:00-04:00,162.1024932861328,162.83999633789062,162.05999755859375,162.42999267578125,164372,0.0,0.0
2023-10-26 09:30:00-04:00,162.22999572753906,165.3800048828125,162.22999572753906,164.90499877929688,102294,0.0,0.0
2023-10-26 10:30:00-04:00,164.92999267578125,164.97500610351562,163.72999572753906,164.04440307617188,65962,0.0,0.0
2023-10-26 11:30:00-04:00,164.25999450683594,164.4149932861328,163.91000366210938,164.14999389648438,49673,0.0,0.0
2023-10-26 12:30:00-04:00,164.2100067138672,164.3699951171875,163.99099731445312,164.24000549316406,42434,0.0,0.0
2023-10-26 13:30:00-04:00,164.1699981689453,164.6584930419922,164.1699981689453,164.39999389648438,53160,0.0,0.0
2023-10-26 14:30:00-04:00,164.39999389648438,164.77000427246094,163.86000061035156,163.8699951171875,64755,0.0,0.0
2023-10-26 15:30:00-04:00,163.86000061035156,163.9199981689453,163.47999572753906,163.80999755859375,168604,0.0,0.0
2023-10-27 09:30:00-04:00,164.8800048828125,164.8800048828125,162.92999267578125,163.5800018310547,96639,0.0,0.0
2023-10-27 10:30:00-04:00,163.55099487304688,164.33999633789062,163.33999633789062,163.53500366210938,63376,0.0,0.0
2023-10-27 11:30:00-04:00,163.5,163.6649932861328,163.0500030517578,163.24000549316406,72972,0.0,0.0
2023-10-27 12:30:00-04:00,163.2100067138672,163.3000030517578,162.46499633789062,162.53500366210938,33876,0.0,0.0
2023-10-27 13:30:00-04:00,162.49000549316406,162.5,161.9199981689453,162.06500244140625,64398,0.0,0.0
2023-10-27 14:30:00-04:00,161.99000549316406,162.4250030517578,161.39999389648438,161.875,88126,0.0,0.0
2023-10-27 15:30:00-04:00,161.83999633789062,162.0500030517578,161.27999877929688,161.33999633789062,237557,0.0,0.0
2023-10-30 09:30:00-04:00,162.05999755859375,163.08999633789062,162.01499938964844,163.02999877929688,80480,0.0,0.0
2023-10-30 10:30:00-04:00,162.94000244140625,163.1999969482422,162.6999969482422,163.00999450683594,52898,0.0,0.0
2023-10-30 11:30:00-04:00,162.92999267578125,163.33999633789062,162.8699951171875,163.17999267578125,107521,0.0,0.0
2023-10-30 12:30:00-04:00,163.2100067138672,163.33999633789062,162.91000366210938,163.3300018310547,71465,0.0,0.0
2023-10-30 13:30:00-04:00,163.36000061035156,163.39999389648438,162.72000122070312,162.88999938964844,72318,0.0,0.0
2023-10-30 14:30:00-04:00,162.88999938964844,163.5500030517578,162.52999877929688,163.39999389648438,126689,0.0,0.0
2023-10-30 15:30:00-04:00,163.35000610351562,163.75999450683594,163.19000244140625,163.44000244140625,120539,0.0,0.0
2023-10-31 09:30:00-04:00,163.9199981689453,165.02999877929688,163.23500061035156,163.77000427246094,69200,0.0,0.0
2023-10-31 10:30:00-04:00,163.84500122070312,163.96499633789062,163.11500549316406,163.25,43777,0.0,0.0
2023-10-31 11:30:00-04:00,163.22000122070312,163.36000061035156,162.9969940185547,163.35499572753906,45564,0.0,0.0
2023-10-31 12:30:00-04:00,163.42999267578125,163.6999969482422,163.34500122070312,163.5,29484,0.0,0.0
2023-10-31 13:30:00-04:00,163.5319061279297,164.0,163.52000427246094,163.96499633789062,43657,0.0,0.0
2023-10-31 14:30:00-04:00,163.97000122070312,164.0399932861328,163.3699951171875,163.72500610351562,89234,0.0,0.0
2023-10-31 15:30:00-04:00,163.71099853515625,163.99000549316406,163.5399932861328,163.72999572753906,182930,0.0,0.0
2023-11-01 09:30:00-04:00,164.5800018310547,166.57000732421875,164.5800018310547,166.47000122070312,135738,0.0,0.0
2023-11-01 10:30:00-04:00,166.42999267578125,166.76499938964844,166.02999877929688,166.2100067138672,55332,0.0,0.0
2023-11-01 11:30:00-04:00,166.42999267578125,166.52999877929688,165.5800018310547,165.6300048828125,76571,0.0,0.0
2023-11-01 12:30:00-04:00,165.52000427246094,166.02999877929688,165.52000427246094,165.8300018310547,55685,0.0,0.0
2023-11-01 13:30:00-04:00,165.8300018310547,166.1999969482422,165.74000549316406,165.8300018310547,58668,0.0,0.0
2023-11-01 14:30:00-04:00,165.9199981689453,166.4600067138672,165.68499755859375,165.75999450683594,69041,0.0,0.0
2023-11-01 15:30:00-04:00,165.6999969482422,165.8300018310547,165.38999938964844,165.67999267578125,175813,0.0,0.0
2023-11-02 09:30:00-04:00,165.86000061035156,167.2100067138672,164.1750030517578,164.44000244140625,197030,0.0,0.0
2023-11-02 10:30:00-04:00,164.48500061035156,165.03399658203125,163.80999755859375,163.80999755859375,144903,0.0,0.0
2023-11-02 11:30:00-04:00,163.83999633789062,164.36000061035156,163.6501007080078,163.94000244140625,77077,0.0,0.0
2023-11-02 12:30:00-04:00,163.97000122070312,164.0,163.25,163.77000427246094,111037,0.0,0.0
2023-11-02 13:30:00-04:00,163.6999969482422,164.47999572753906,163.63999938964844,163.86000061035156,108502,0.0,0.0
2023-11-02 14:30:00-04:00,163.75999450683594,164.38999938964844,163.0,163.06500244140625,160672,0.0,0.0
2023-11-02 15:30:00-04:00,163.0399932861328,163.5399932861328,162.6999969482422,162.92999267578125,310982,0.0,0.0
2023-11-03 09:30:00-04:00,163.10000610351562,168.14999389648438,162.3800048828125,167.41000366210938,320939,0.0,0.0
2023-11-03 10:30:00-04:00,167.5500030517578,169.49000549316406,167.5500030517578,169.41000366210938,198838,0.0,0.0
2023-11-03 11:30:00-04:00,169.5449981689453,170.1750030517578,168.39999389648438,168.39999389648438,174482,0.0,0.0
2023-11-03 12:30:00-04:00,168.5,168.7299041748047,167.5800018310547,167.97000122070312,101399,0.0,0.0
2023-11-03 13:30:00-04:00,168.20440673828125,169.02000427246094,167.32000732421875,169.00999450683594,117523,0.0,0.0
2023-11-03 14:30:00-04:00,168.92999267578125,170.0850067138672,168.2100067138672,168.23500061035156,183333,0.0,0.0
2023-11-03 15:30:00-04:00,168.19000244140625,169.6699981689453,167.97999572753906,169.63999938964844,216605,0.0,0.0
2023-11-06 09:30:00-05:00,171.05999755859375,172.97000122070312,170.05999755859375,172.8300018310547,137459,0.0,0.0
2023-11-06 10:30:00-05:00,172.75999450683594,174.10000610351562,172.41000366210938,174.02499389648438,180188,0.0,0.0
2023-11-06 11:30:00-05:00,173.9199981689453,174.7899932861328,173.64999389648438,174.75,111453,0.0,0.0
2023-11-06 12:30:00-05:00,174.75999450683594,174.99000549316406,173.97500610351562,174.91000366210938,129150,0.0,0.0
2023-11-06 13:30:00-05:00,174.8699951171875,174.97000122070312,174.05999755859375,174.1699981689453,118185,0.0,0.0
2023-11-06 14:30:00-05:00,174.19400024414062,174.47000122070312,173.61000061035156,174.02999877929688,106717,0.0,0.0
2023-11-06 15:30:00-05:00,174.02999877929688,174.28599548339844,173.75,173.9600067138672,308664,0.0,0.0
2023-11-07 09:30:00-05:00,174.08999633789062,176.17999267578125,173.45750427246094,176.11000061035156,106367,0.0,0.0
2023-11-07 10:30:00-05:00,176.0,176.1300048828125,174.49000549316406,174.86000061035156,118859,0.0,0.0
2023-11-07 11:30:00-05:00,175.02000427246094,175.06500244140625,174.1699981689453,174.3000030517578,117417,0.0,0.0
2023-11-07 12:30:00-05:00,174.25999450683594,174.2899932861328,173.27000427246094,173.3699951171875,89712,0.0,0.0
2023-11-07 13:30:00-05:00,173.39500427246094,173.64999389648438,172.89500427246094,172.97999572753906,62462,0.0,0.0
2023-11-07 14:30:00-05:00,173.03500366210938,173.5749969482422,172.9499969482422,173.53500366210938,92957,0.0,0.0
2023-11-07 15:30:00-05:00,173.47000122070312,173.90499877929688,172.88999938964844,173.02000427246094,189273,0.0,0.0
2023-11-08 09:30:00-05:00,175.30999755859375,175.39999389648438,172.94000244140625,174.0500030517578,67989,0.0,0.0
2023-11-08 10:30:00-05:00,174.0399932861328,174.27000427246094,173.82000732421875,173.82749938964844,46551,0.0,0.0
2023-11-08 11:30:00-05:00,173.84500122070312,173.8699951171875,173.22999572753906,173.5399932861328,27354,0.0,0.0
2023-11-08 12:30:00-05:00,173.5399932861328,173.66799926757812,172.33999633789062,172.39999389648438,46870,0.0,0.0
2023-11-08 13:30:00-05:00,172.4250030517578,172.48060607910156,171.91000366210938,172.24000549316406,29838,0.0,0.0
2023-11-08 14:30:00-05:00,172.19000244140625,172.78500366210938,172.17999267578125,172.7799072265625,50612,0.0,0.0
2023-11-08 15:30:00-05:00,172.64999389648438,173.9199981689453,172.64999389648438,173.89999389648438,157518,0.0,0.0
2023-11-09 09:30:00-05:00,174.5850067138672,175.1300048828125,173.91000366210938,174.0500030517578,72921,0.0,0.0
2023-11-09 10:30:00-05:00,174.0841064453125,174.86000061035156,173.7899932861328,174.77999877929688,33821,0.0,0.0
2023-11-09 11:30:00-05:00,174.82000732421875,175.1300048828125,174.69500732421875,174.9600067138672,33390,0.0,0.0
2023-11-09 12:30:00-05:00,175.00999450683594,175.6060028076172,174.32000732421875,174.80999755859375,44091,0.0,0.0
2023-11-09 13:30:00-05:00,174.85000610351562,175.02999877929688,174.58999633789062,174.94500732421875,50676,0.0,0.0
2023-11-09 14:30:00-05:00,174.9600067138672,175.8179931640625,174.8300018310547,175.47500610351562,76453,0.0,0.0
2023-11-09 15:30:00-05:00,175.5800018310547,176.2100067138672,175.28500366210938,176.2100067138672,173710,0.0,0.0
2023-11-10 09:30:00-05:00,176.05999755859375,177.2899932861328,176.05999755859375,176.89439392089844,46689,0.0,0.0
2023-11-10 10:30:00-05:00,176.83749389648438,177.3000030517578,176.61000061035156,176.64999389648438,41968,0.0,0.0
2023-11-10 11:30:00-05:00,176.55999755859375,176.7050018310547,175.63999938964844,175.64999389648438,50532,0.0,0.0
2023-11-10 12:30:00-05:00,175.59500122070312,175.71499633789062,175.17999267578125,175.50999450683594,57253,0.0,0.0
2023-11-10 13:30:00-05:00,175.46499633789062,176.0500030517578,175.4600067138672,176.0,52073,0.0,0.0
2023-11-10 14:30:00-05:00,175.97000122070312,175.97000122070312,174.9499969482422,175.13999938964844,137312,0.0,0.0
2023-11-10 15:30:00-05:00,175.13999938964844,175.57000732421875,174.97000122070312,175.27000427246094,176908,0.0,0.0
2023-11-13 09:30:00-05:00,175.7899932861328,176.8000030517578,175.2949981689453,176.67999267578125,72687,0.0,0.0
2023-11-13 10:30:00-05:00,176.64999389648438,176.8800048828125,176.22999572753906,176.76010131835938,44658,0.0,0.0
2023-11-13 11:30:00-05:00,176.83999633789062,176.92999267578125,176.02999877929688,176.6654052734375,45282,0.0,0.0
2023-11-13 12:30:00-05:00,176.69000244140625,176.69000244140625,176.10000610351562,176.17999267578125,52984,0.0,0.0
2023-11-13 13:30:00-05:00,176.14999389648438,177.33999633789062,176.1300048828125,177.19000244140625,146444,0.0,0.0
2023-11-13 14:30:00-05:00,177.1699981689453,177.75999450683594,176.8699951171875,177.63499450683594,87074,0.0,0.0
2023-11-13 15:30:00-05:00,177.6300048828125,178.14999389648438,177.02999877929688,178.0800018310547,187528,0.0,0.0
2023-11-14 09:30:00-05:00,178.9600067138672,178.9600067138672,176.1199951171875,177.13999938964844,328899,0.0,0.0
2023-11-14 10:30:00-05:00,177.10000610351562,177.9333038330078,176.73500061035156,177.41700744628906,165860,0.0,0.0
2023-11-14 11:30:00-05:00,177.52499389648438,177.75999450683594,176.7100067138672,176.73500061035156,149698,0.0,0.0
2023-11-14 12:30:00-05:00,176.73500061035156,176.9600067138672,176.50999450683594,176.57000732421875,140065,0.0,0.0
2023-11-14 13:30:00-05:00,176.375,176.97999572753906,175.83999633789062,176.97999572753906,136954,0.0,0.0
2023-11-14 14:30:00-05:00,177.02999877929688,177.5500030517578,176.6999969482422,177.21499633789062,193106,0.0,0.0
2023-11-14 15:30:00-05:00,177.22500610351562,177.61000061035156,176.8000030517578,177.49000549316406,267362,0.0,0.0
2023-11-15 09:30:00-05:00,177.38999938964844,178.24000549316406,176.66000366210938,176.75,156097,0.0,0.0
2023-11-15 10:30:00-05:00,176.75,177.0800018310547,176.61000061035156,176.82000732421875,116076,0.0,0.0
2023-11-15 11:30:00-05:00,176.86000061035156,177.05499267578125,176.57000732421875,176.92999267578125,85102,0.0,0.0
2023-11-15 12:30:00-05:00,176.90499877929688,177.47000122070312,176.72999572753906,177.1750030517578,49457,0.0,0.0
2023-11-15 13:30:00-05:00,177.0800018310547,177.27000427246094,176.86000061035156,177.1699981689453,81048,0.0,0.0
2023-11-15 14:30:00-05:00,177.1999969482422,177.1999969482422,176.85499572753906,176.9149932861328,97072,0.0,0.0
2023-11-15 15:30:00-05:00,176.9199981689453,177.52999877929688,176.86000061035156,177.4499969482422,296574,0.0,0.0
2023-11-16 09:30:00-05:00,176.5399932861328,177.5399932861328,176.27999877929688,177.1199951171875,141805,0.0,0.0
2023-11-16 10:30:00-05:00,177.25,177.55999755859375,176.77999877929688,176.8300018310547,47342,0.0,0.0
2023-11-16 11:30:00-05:00,176.80999755859375,177.18499755859375,176.72000122070312,176.94500732421875,89188,0.0,0.0
2023-11-16 12:30:00-05:00,176.83999633789062,177.1300048828125,176.66000366210938,177.1300048828125,80417,0.0,0.0
2023-11-16 13:30:00-05:00,177.1300048828125,177.28500366210938,176.8000030517578,177.27000427246094,38539,0.0,0.0
2023-11-16 14:30:00-05:00,177.3000030517578,177.67999267578125,176.98500061035156,177.0399932861328,110507,0.0,0.0
2023-11-16 15:30:00-05:00,177.0,177.77000427246094,176.97000122070312,177.57000732421875,166192,0.0,0.0
2023-11-17 09:30:00-05:00,177.2899932861328,177.7899932861328,176.50999450683594,176.55999755859375,233337,0.0,0.0
2023-11-17 10:30:00-05:00,176.4600067138672,177.13999938964844,176.3699951171875,176.80499267578125,106959,0.0,0.0
2023-11-17 11:30:00-05:00,176.80499267578125,176.90499877929688,176.52999877929688,176.60000610351562,85980,0.0,0.0
2023-11-17 12:30:00-05:00,176.59500122070312,176.6999969482422,176.32000732421875,176.44749450683594,78232,0.0,0.0
2023-11-17 13:30:00-05:00,176.4199981689453,177.1300048828125,176.34500122070312,177.1300048828125,58319,0.0,0.0
2023-11-17 14:30:00-05:00,177.11000061035156,177.11000061035156,176.44000244140625,176.77000427246094,148527,0.0,0.0
2023-11-17 15:30:00-05:00,176.75,176.75,176.3000030517578,176.55999755859375,132098,0.0,0.0
2023-11-20 09:30:00-05:00,176.16000366210938,177.39999389648438,176.0,176.6300048828125,128929,0.0,0.0
2023-11-20 10:30:00-05:00,176.60000610351562,177.0850067138672,176.5050048828125,177.03500366210938,48067,0.0,0.0
2023-11-20 11:30:00-05:00,177.07940673828125,177.25990295410156,176.72000122070312,177.03500366210938,48959,0.0,0.0
2023-11-20 12:30:00-05:00,176.92999267578125,177.00999450683594,176.50999450683594,176.52000427246094,46471,0.0,0.0
2023-11-20 13:30:00-05:00,176.63999938964844,176.6999969482422,175.94000244140625,175.97000122070312,71930,0.0,0.0
2023-11-20 14:30:00-05:00,175.9499969482422,176.44000244140625,175.92999267578125,176.11000061035156,93197,0.0,0.0
2023-11-20 15:30:00-05:00,176.13999938964844,176.9499969482422,175.9770050048828,176.7899932861328,149369,0.0,0.0
2023-11-21 09:30:00-05:00,177.3800048828125,179.44500732421875,177.08999633789062,178.19000244140625,117771,0.0,0.0
2023-11-21 10:30:00-05:00,178.18499755859375,178.47000122070312,177.6699981689453,178.0,38175,0.0,0.0
2023-11-21 11:30:00-05:00,178.0749969482422,178.99510192871094,178.05999755859375,178.93499755859375,27272,0.0,0.0
2023-11-21 12:30:00-05:00,179.05999755859375,179.5,179.0,179.26499938964844,34195,0.0,0.0
2023-11-21 13:30:00-05:00,179.30999755859375,179.60000610351562,179.1999969482422,179.52000427246094,34077,0.0,0.0
2023-11-21 14:30:00-05:00,179.44000244140625,179.8094024658203,179.11000061035156,179.57000732421875,59597,0.0,0.0
2023-11-21 15:30:00-05:00,179.5749969482422,179.9600067138672,179.27999877929688,179.27999877929688,189419,0.0,0.0
2023-11-22 09:30:00-05:00,179.27000427246094,180.22999572753906,177.19000244140625,179.33999633789062,87950,0.0,0.0
2023-11-22 10:30:00-05:00,179.1999969482422,179.6999969482422,178.88999938964844,179.11000061035156,65864,0.0,0.0
2023-11-22 11:30:00-05:00,179.14999389648438,179.52999877929688,178.9600067138672,179.14999389648438,57244,0.0,0.0
2023-11-22 12:30:00-05:00,179.17999267578125,179.44000244140625,178.9600067138672,179.1649932861328,47986,0.0,0.0
2023-11-22 13:30:00-05:00,179.1699981689453,180.13499450683594,179.0399932861328,180.0500030517578,90650,0.0,0.0
2023-11-22 14:30:00-05:00,179.8800048828125,179.9949951171875,179.61000061035156,179.90499877929688,66160,0.0,0.0
2023-11-22 15:30:00-05:00,179.88999938964844,180.1300048828125,179.75999450683594,180.08999633789062,95466,0.0,0.0
2023-11-24 09:30:00-05:00,179.69000244140625,180.4199981689453,179.47999572753906,179.89500427246094,34936,0.0,0.0
2023-11-24 10:30:00-05:00,179.8800048828125,179.8800048828125,179.3000030517578,179.5449981689453,30880,0.0,0.0
2023-11-24 11:30:00-05:00,179.5399932861328,180.25999450683594,179.5,179.92999267578125,48718,0.0,0.0
2023-11-27 09:30:00-05:00,180.3000030517578,180.8000030517578,179.72000122070312,180.30999755859375,78341,0.0,0.0
2023-11-27 10:30:00-05:00,180.30999755859375,180.72999572753906,180.08999633789062,180.39999389648438,78885,0.0,0.0
2023-11-27 11:30:00-05:00,180.4250030517578,180.76820373535156,180.22999572753906,180.36000061035156,38493,0.0,0.0
2023-11-27 12:30:00-05:00,180.24000549316406,180.6300048828125,180.07000732421875,180.3350067138672,43000,0.0,0.0
2023-11-27 13:30:00-05:00,180.33999633789062,180.38999938964844,180.07000732421875,180.25,46383,0.0,0.0
2023-11-27 14:30:00-05:00,180.2550048828125,180.4600067138672,180.07000732421875,180.38999938964844,86775,0.0,0.0
2023-11-27 15:30:00-05:00,180.47000122070312,180.8300018310547,180.35000610351562,180.44000244140625,155960,0.0,0.0
2023-11-28 09:30:00-05:00,181.1199951171875,182.3300018310547,180.5749969482422,181.44000244140625,69292,0.0,0.0
2023-11-28 10:30:00-05:00,181.53500366210938,181.76499938964844,180.64999389648438,180.7100067138672,133715,0.0,0.0
2023-11-28 11:30:00-05:00,180.64999389648438,180.96499633789062,180.13999938964844,180.14999389648438,93535,0.0,0.0
2023-11-28 12:30:00-05:00,180.2899932861328,180.4199981689453,179.57000732421875,180.11500549316406,229906,0.0,0.0
2023-11-28 13:30:00-05:00,180.16000366210938,180.60000610351562,179.92250061035156,180.1199951171875,53098,0.0,0.0
2023-11-28 14:30:00-05:00,180.1699981689453,180.87939453125,179.9550018310547,180.35499572753906,91164,0.0,0.0
2023-11-28 15:30:00-05:00,180.25999450683594,180.9499969482422,179.99000549316406,180.91000366210938,158611,0.0,0.0
2023-11-29 09:30:00-05:00,180.8800048828125,180.8800048828125,178.54449462890625,178.7899932861328,159317,0.0,0.0
2023-11-29 10:30:00-05:00,178.78500366210938,179.96499633789062,178.6300048828125,179.88999938964844,78017,0.0,0.0
2023-11-29 11:30:00-05:00,179.8300018310547,179.9499969482422,179.1649932861328,179.83999633789062,72729,0.0,0.0
2023-11-29 12:30:00-05:00,179.83999633789062,180.5,179.6999969482422,180.3800048828125,54605,0.0,0.0
2023-11-29 13:30:00-05:00,180.33999633789062,180.44000244140625,179.8300018310547,180.10000610351562,55751,0.0,0.0
2023-11-29 14:30:00-05:00,180.0,180.25799560546875,179.38499450683594,179.57000732421875,128106,0.0,0.0
2023-11-29 15:30:00-05:00,179.375,179.66000366210938,179.09750366210938,179.5,137259,0.0,0.0
2023-11-30 09:30:00-05:00,180.0,181.82000732421875,179.8350067138672,180.9199981689453,150543,0.0,0.0
2023-11-30 10:30:00-05:00,181.05999755859375,182.1300048828125,180.9199981689453,181.69000244140625,132400,0.0,0.0
2023-11-30 11:30:00-05:00,181.8000030517578,181.8000030517578,180.5,180.87750244140625,86405,0.0,0.0
2023-11-30 12:30:00-05:00,180.97000122070312,181.07000732421875,180.49000549316406,180.7100067138672,70859,0.0,0.0
2023-11-30 13:30:00-05:00,180.67999267578125,181.06500244140625,180.64999389648438,180.80999755859375,50036,0.0,0.0
2023-11-30 14:30:00-05:00,180.84500122070312,181.5399932861328,180.82000732421875,181.2169952392578,110928,0.0,0.0
2023-11-30 15:30:00-05:00,181.2449951171875,182.05999755859375,180.88999938964844,181.77000427246094,264811,0.0,0.0
2023-12-01 09:30:00-05:00,182.22999572753906,183.74000549316406,181.6699981689453,181.92999267578125,115945,0.0,0.0
2023-12-01 10:30:00-05:00,181.91000366210938,182.5998992919922,181.89999389648438,182.38999938964844,77845,0.0,0.0
2023-12-01 11:30:00-05:00,182.27499389648438,182.6999969482422,181.98500061035156,182.2550048828125,104950,0.0,0.0
2023-12-01 12:30:00-05:00,182.27000427246094,182.52999877929688,181.8000030517578,181.9199981689453,95262,0.0,0.0
2023-12-01 13:30:00-05:00,181.9149932861328,182.1699981689453,181.26499938964844,181.28500366210938,68456,0.0,0.0
2023-12-01 14:30:00-05:00,181.25,181.6300048828125,180.7100067138672,180.7100067138672,116436,0.0,0.0
2023-12-01 15:30:00-05:00,180.80999755859375,181.41000366210938,180.39999389648438,180.39999389648438,268987,0.0,0.0
2023-12-04 09:30:00-05:00,180.72000122070312,181.44000244140625,180.0,181.1699981689453,110589,0.0,0.0
2023-12-04 10:30:00-05:00,181.22000122070312,181.58999633789062,180.7100067138672,181.0399932861328,71627,0.0,0.0
2023-12-04 11:30:00-05:00,181.0998992919922,181.35499572753906,180.72999572753906,181.22000122070312,58357,0.0,0.0
2023-12-04 12:30:00-05:00,181.33999633789062,181.36199951171875,181.02499389648438,181.27000427246094,51487,0.0,0.0
2023-12-04 13:30:00-05:00,181.24000549316406,181.36000061035156,180.8000030517578,180.98500061035156,36878,0.0,0.0
2023-12-04 14:30:00-05:00,180.91000366210938,181.25,180.88499450683594,181.09500122070312,57486,0.0,0.0
2023-12-04 15:30:00-05:00,181.10000610351562,181.82000732421875,181.10000610351562,181.75999450683594,142065,0.0,0.0
2023-12-05 09:30:00-05:00,181.61000061035156,182.19000244140625,180.49000549316406,180.55999755859375,63448,0.0,0.0
2023-12-05 10:30:00-05:00,180.52000427246094,181.35000610351562,180.39999389648438,181.35000610351562,59141,0.0,0.0
2023-12-05 11:30:00-05:00,181.2100067138672,181.5,180.47000122070312,180.7899932861328,44202,0.0,0.0
2023-12-05 12:30:00-05:00,180.72999572753906,181.02499389648438,180.27000427246094,180.5800018310547,85706,0.0,0.0
2023-12-05 13:30:00-05:00,180.51499938964844,180.97000122070312,180.11000061035156,180.9600067138672,51329,0.0,0.0
2023-12-05 14:30:00-05:00,180.9199981689453,181.25,180.8000030517578,181.02999877929688,77002,0.0,0.0
2023-12-05 15:30:00-05:00,181.02499389648438,181.92999267578125,180.97999572753906,181.75999450683594,135651,0.0,0.0
2023-12-06 09:30:00-05:00,182.3300018310547,182.3300018310547,179.5800018310547,179.63999938964844,75333,0.0,0.0
2023-12-06 10:30:00-05:00,179.72000122070312,179.75,176.4499969482422,176.77000427246094,157886,0.0,0.0
2023-12-06 11:30:00-05:00,176.85000610351562,177.3699951171875,175.39999389648438,175.86000061035156,117153,0.0,0.0
2023-12-06 12:30:00-05:00,175.88209533691406,176.35000610351562,175.4600067138672,176.27499389648438,188646,0.0,0.0
2023-12-06 13:30:00-05:00,176.28500366210938,177.08999633789062,176.1300048828125,177.0800018310547,95569,0.0,0.0
2023-12-06 14:30:00-05:00,177.08999633789062,177.39500427246094,176.75999450683594,176.9499969482422,122180,0.0,0.0
2023-12-06 15:30:00-05:00,176.94000244140625,177.83999633789062,176.67999267578125,177.57000732421875,271592,0.0,0.0
2023-12-07 09:30:00-05:00,177.55999755859375,178.22500610351562,175.14500427246094,176.2899932861328,177418,0.0,0.0
2023-12-07 10:30:00-05:00,176.36000061035156,176.4550018310547,175.13999938964844,175.55999755859375,112842,0.0,0.0
2023-12-07 11:30:00-05:00,175.55999755859375,176.75999450683594,175.55999755859375,176.69000244140625,65802,0.0,0.0
2023-12-07 12:30:00-05:00,176.64010620117188,177.10000610351562,176.52999877929688,176.875,58331,0.0,0.0
2023-12-07 13:30:00-05:00,176.8800048828125,177.10000610351562,176.42999267578125,176.72000122070312,103378,0.0,0.0
2023-12-07 14:30:00-05:00,176.77999877929688,177.7899932861328,176.6199951171875,177.3249969482422,129242,0.0,0.0
2023-12-07 15:30:00-05:00,177.3249969482422,177.35000610351562,176.5449981689453,177.16000366210938,201807,0.0,0.0
2023-12-08 09:30:00-05:00,176.7899932861328,178.33999633789062,176.00999450683594,177.22999572753906,112357,0.0,0.0
2023-12-08 10:30:00-05:00,177.2169952392578,177.69000244140625,176.92999267578125,177.27000427246094,86552,0.0,0.0
2023-12-08 11:30:00-05:00,177.27499389648438,178.17999267578125,177.22000122070312,178.05999755859375,83462,0.0,0.0
2023-12-08 12:30:00-05:00,178.05499267578125,178.35000610351562,177.91000366210938,178.10499572753906,56028,0.0,0.0
2023-12-08 13:30:00-05:00,178.10499572753906,178.52000427246094,177.9499969482422,178.36000061035156,60240,0.0,0.0
2023-12-08 14:30:00-05:00,178.4149932861328,179.0800018310547,178.36000061035156,178.55499267578125,90288,0.0,0.0
2023-12-08 15:30:00-05:00,178.56500244140625,178.99000549316406,178.30999755859375,178.5500030517578,181517,0.0,0.0
2023-12-11 09:30:00-05:00,179.25999450683594,179.4499969482422,178.18499755859375,178.6999969482422,75486,0.0,0.0
2023-12-11 10:30:00-05:00,178.72000122070312,179.10499572753906,178.24000549316406,178.44000244140625,94691,0.0,0.0
2023-12-11 11:30:00-05:00,178.35000610351562,178.3800048828125,177.83999633789062,177.9600067138672,95607,0.0,0.0
2023-12-11 12:30:00-05:00,177.97999572753906,178.41000366210938,177.8249969482422,178.0800018310547,55995,0.0,0.0
2023-12-11 13:30:00-05:00,178.02000427246094,178.27999877929688,177.87010192871094,177.91000366210938,70894,0.0,0.0
2023-12-11 14:30:00-05:00,178.00990295410156,178.63999938964844,177.80999755859375,178.57000732421875,101660,0.0,0.0
2023-12-11 15:30:00-05:00,178.6199951171875,178.85000610351562,177.69000244140625,177.86000061035156,270134,0.0,0.0
2023-12-12 09:30:00-05:00,178.13999938964844,180.27499389648438,177.44000244140625,179.89999389648438,160842,0.0,0.0
2023-12-12 10:30:00-05:00,179.8699951171875,180.07000732421875,179.38499450683594,179.51499938964844,62858,0.0,0.0
2023-12-12 11:30:00-05:00,179.56500244140625,179.72000122070312,179.27999877929688,179.52659606933594,71526,0.0,0.0
2023-12-12 12:30:00-05:00,179.44000244140625,179.5500030517578,178.86000061035156,178.97999572753906,64151,0.0,0.0
2023-12-12 13:30:00-05:00,179.03500366210938,179.03500366210938,177.76499938964844,177.76499938964844,88698,0.0,0.0
2023-12-12 14:30:00-05:00,177.78500366210938,178.0,177.5500030517578,177.84500122070312,70000,0.0,0.0
2023-12-12 15:30:00-05:00,177.84500122070312,178.55999755859375,177.66000366210938,178.5500030517578,158680,0.0,0.0
2023-12-13 09:30:00-05:00,178.2100067138672,179.6699981689453,177.8000030517578,179.18499755859375,69222,0.0,0.0
2023-12-13 10:30:00-05:00,179.18499755859375,179.42999267578125,178.64999389648438,179.0500030517578,112628,0.0,0.0
2023-12-13 11:30:00-05:00,179.1199951171875,179.32000732421875,178.0800018310547,178.3300018310547,89809,0.0,0.0
2023-12-13 12:30:00-05:00,178.44000244140625,179.6699981689453,178.44000244140625,179.27499389648438,119906,0.0,0.0
2023-12-13 13:30:00-05:00,179.28500366210938,179.64500427246094,178.35499572753906,178.35499572753906,91398,0.0,0.0
2023-12-13 14:30:00-05:00,178.3300018310547,178.36000061035156,176.08999633789062,176.27000427246094,128943,0.0,0.0
2023-12-13 15:30:00-05:00,176.25439453125,177.77999877929688,175.75,177.75,264287,0.0,0.0
2023-12-14 09:30:00-05:00,178.9499969482422,178.9499969482422,168.3800048828125,171.5800018310547,441799,0.0,0.0
2023-12-14 10:30:00-05:00,171.69000244140625,172.14999389648438,170.22999572753906,170.38499450683594,218098,0.0,0.0
2023-12-14 11:30:00-05:00,170.38499450683594,171.4499969482422,170.34010314941406,170.99000549316406,243198,0.0,0.0
2023-12-14 12:30:00-05:00,171.02999877929688,172.10000610351562,170.67999267578125,171.5500030517578,168116,0.0,0.0
2023-12-14 13:30:00-05:00,171.6199951171875,173.07000732421875,171.17999267578125,172.80999755859375,114671,0.0,0.0
2023-12-14 14:30:00-05:00,172.58999633789062,173.41000366210938,172.3800048828125,173.35000610351562,146371,0.0,0.0
2023-12-14 15:30:00-05:00,173.31500244140625,173.33999633789062,171.97000122070312,172.5449981689453,294421,0.0,0.0
2023-12-15 09:30:00-05:00,172.05999755859375,173.8300018310547,171.4550018310547,172.77999877929688,218107,0.0,0.0
2023-12-15 10:30:00-05:00,172.83999633789062,173.02000427246094,171.57000732421875,171.80999755859375,100780,0.0,0.0
2023-12-15 11:30:00-05:00,171.88999938964844,172.49000549316406,171.3000030517578,172.1750030517578,56321,0.0,0.0
2023-12-15 12:30:00-05:00,172.24000549316406,172.71499633789062,172.1416015625,172.63999938964844,53289,0.0,0.0
2023-12-15 13:30:00-05:00,172.63999938964844,173.0800018310547,172.38499450683594,172.9803924560547,70539,0.0,0.0
2023-12-15 14:30:00-05:00,172.94000244140625,173.60000610351562,172.92999267578125,173.55499267578125,127030,0.0,0.0
2023-12-15 15:30:00-05:00,173.5,174.42999267578125,173.3699951171875,174.19000244140625,236042,0.0,0.0
2023-12-18 09:30:00-05:00,175.6999969482422,175.8000030517578,173.19000244140625,174.72999572753906,130833,0.0,0.0
2023-12-18 10:30:00-05:00,174.85000610351562,176.44500732421875,174.83799743652344,176.39999389648438,110627,0.0,0.0
2023-12-18 11:30:00-05:00,176.36000061035156,176.49000549316406,176.1199951171875,176.26499938964844,37773,0.0,0.0
2023-12-18 12:30:00-05:00,176.25,176.2899932861328,175.25999450683594,175.32000732421875,43259,0.0,0.0
2023-12-18 13:30:00-05:00,175.24000549316406,175.73500061035156,175.1199951171875,175.38499450683594,33288,0.0,0.0
2023-12-18 14:30:00-05:00,175.4600067138672,175.6999969482422,174.97500610351562,175.69000244140625,61860,0.0,0.0
2023-12-18 15:30:00-05:00,175.53500366210938,175.6199951171875,174.92999267578125,175.11000061035156,108772,0.0,0.0
2023-12-19 09:30:00-05:00,175.8800048828125,176.4550018310547,174.6750030517578,175.82000732421875,67899,0.0,0.0
2023-12-19 10:30:00-05:00,175.82000732421875,176.97000122070312,175.80999755859375,176.33999633789062,63876,0.0,0.0
2023-12-19 11:30:00-05:00,176.3000030517578,176.55999755859375,175.98500061035156,176.0500030517578,43888,0.0,0.0
2023-12-19 12:30:00-05:00,176.1199951171875,176.5399932861328,175.92999267578125,176.25999450683594,35614,0.0,0.0
2023-12-19 13:30:00-05:00,176.33999633789062,176.5800018310547,176.14999389648438,176.27999877929688,46718,0.0,0.0
2023-12-19 14:30:00-05:00,176.3300018310547,176.57000732421875,175.9499969482422,176.28500366210938,58451,0.0,0.0
2023-12-19 15:30:00-05:00,176.2899932861328,176.6300048828125,176.2100067138672,176.5,139319,0.0,0.0
2023-12-20 09:30:00-05:00,176.1300048828125,176.9499969482422,175.60499572753906,176.64999389648438,47033,0.0,0.0
2023-12-20 10:30:00-05:00,176.5399932861328,177.13999938964844,176.5399932861328,176.9199981689453,58509,0.0,0.0
2023-12-20 11:30:00-05:00,176.9199981689453,177.0050048828125,176.5399932861328,176.89999389648438,36479,0.0,0.0
2023-12-20 12:30:00-05:00,176.83999633789062,177.07989501953125,176.5,176.57000732421875,50933,0.0,0.0
2023-12-20 13:30:00-05:00,176.6199951171875,176.83999633789062,176.41000366210938,176.7899932861328,28187,0.0,0.0
2023-12-20 14:30:00-05:00,176.77000427246094,177.0500030517578,175.9149932861328,176.13499450683594,94132,0.0,0.0
2023-12-20 15:30:00-05:00,176.2100067138672,176.27999877929688,173.52000427246094,173.92999267578125,207473,0.0,0.0
2023-12-21 09:30:00-05:00,174.6300048828125,176.16000366210938,174.47000122070312,176.06500244140625,49228,0.0,0.0
2023-12-21 10:30:00-05:00,176.13499450683594,176.3000030517578,175.58999633789062,175.9199981689453,39568,0.0,0.0
2023-12-21 11:30:00-05:00,175.92999267578125,175.99000549316406,175.25,175.60000610351562,44134,0.0,0.0
2023-12-21 12:30:00-05:00,175.5800018310547,175.6999969482422,174.36000061035156,174.5,44551,0.0,0.0
2023-12-21 13:30:00-05:00,174.52999877929688,174.8300018310547,174.25439453125,174.3300018310547,46567,0.0,0.0
2023-12-21 14:30:00-05:00,174.32000732421875,175.8300018310547,174.2100067138672,175.6199951171875,121494,0.0,0.0
2023-12-21 15:30:00-05:00,175.68499755859375,176.22000122070312,175.02999877929688,176.14999389648438,165016,0.0,0.0
2023-12-22 09:30:00-05:00,175.85000610351562,176.0800018310547,174.78500366210938,175.60000610351562,57507,0.0,0.0
2023-12-22 10:30:00-05:00,175.80999755859375,176.3699951171875,175.58999633789062,176.16200256347656,39188,0.0,0.0
2023-12-22 11:30:00-05:00,176.17529296875,176.17529296875,175.52000427246094,175.6300048828125,33182,0.0,0.0
2023-12-22 12:30:00-05:00,175.5800018310547,175.8300018310547,175.31500244140625,175.60000610351562,25336,0.0,0.0
2023-12-22 13:30:00-05:00,175.4949951171875,175.6300048828125,174.88499450683594,175.12249755859375,50011,0.0,0.0
2023-12-22 14:30:00-05:00,175.125,176.02499389648438,175.125,176.02499389648438,47311,0.0,0.0
2023-12-22 15:30:00-05:00,175.99000549316406,176.1750030517578,175.47000122070312,175.47000122070312,85542,0.0,0.0
2023-12-26 09:30:00-05:00,175.86000061035156,175.86000061035156,174.8300018310547,175.22999572753906,36169,0.0,0.0
2023-12-26 10:30:00-05:00,175.27499389648438,175.60000610351562,174.7100067138672,174.7100067138672,31838,0.0,0.0
2023-12-26 11:30:00-05:00,174.64500427246094,174.93820190429688,174.63999938964844,174.89999389648438,22355,0.0,0.0
2023-12-26 12:30:00-05:00,174.69000244140625,174.92999267578125,174.47500610351562,174.6199951171875,26648,0.0,0.0
2023-12-26 13:30:00-05:00,174.625,174.65499877929688,174.00999450683594,174.2550048828125,45014,0.0,0.0
2023-12-26 14:30:00-05:00,174.2899932861328,174.42999267578125,173.92999267578125,174.3000030517578,78593,0.0,0.0
2023-12-26 15:30:00-05:00,174.30499267578125,174.33999633789062,173.5,173.5399932861328,137357,0.0,0.0
2023-12-27 09:30:00-05:00,174.11000061035156,174.63999938964844,173.63999938964844,174.57000732421875,68218,0.0,0.0
2023-12-27 10:30:00-05:00,174.60000610351562,174.60000610351562,174.2449951171875,174.5,31671,0.0,0.0
2023-12-27 11:30:00-05:00,174.42999267578125,174.85499572753906,174.4199981689453,174.6300048828125,38928,0.0,0.0
2023-12-27 12:30:00-05:00,174.6699981689453,174.92999267578125,174.38999938964844,174.82000732421875,60054,0.0,0.0
2023-12-27 13:30:00-05:00,174.76499938964844,175.10000610351562,174.3000030517578,174.39999389648438,31592,0.0,0.0
2023-12-27 14:30:00-05:00,174.38999938964844,175.13499450683594,174.36000061035156,174.89999389648438,40385,0.0,0.0
2023-12-27 15:30:00-05:00,174.97000122070312,175.6300048828125,174.80999755859375,175.60000610351562,142142,0.0,0.0
2023-12-28 09:30:00-05:00,176.0399932861328,178.52999877929688,176.0399932861328,178.2899932861328,189852,0.0,0.0
2023-12-28 10:30:00-05:00,178.32000732421875,178.5699005126953,177.5399932861328,178.38270568847656,121752,0.0,0.0
2023-12-28 11:30:00-05:00,178.39999389648438,178.6385955810547,178.1199951171875,178.27000427246094,52503,0.0,0.0
2023-12-28 12:30:00-05:00,178.27000427246094,178.55999755859375,177.9199981689453,177.99000549316406,58861,0.0,0.0
2023-12-28 13:30:00-05:00,177.98500061035156,178.0800018310547,177.6894073486328,178.02000427246094,28819,0.0,0.0
2023-12-28 14:30:00-05:00,178.0305938720703,178.5399932861328,178.0,178.1199951171875,44867,0.0,0.0
2023-12-28 15:30:00-05:00,178.1125030517578,178.22999572753906,177.4250030517578,177.9199981689453,131590,0.0,0.0
2023-12-29 09:30:00-05:00,177.85000610351562,179.08999633789062,177.83999633789062,178.16000366210938,45509,0.0,0.0
2023-12-29 10:30:00-05:00,178.22999572753906,178.69500732421875,177.875,177.875,41127,0.0,0.0
2023-12-29 11:30:00-05:00,177.8800048828125,178.02999877929688,177.44000244140625,177.61500549316406,26872,0.0,0.0
2023-12-29 12:30:00-05:00,177.60000610351562,178.05999755859375,177.55499267578125,177.61000061035156,20915,0.0,0.0
2023-12-29 13:30:00-05:00,177.6300048828125,178.26499938964844,177.53720092773438,178.0500030517578,28422,0.0,0.0
2023-12-29 14:30:00-05:00,178.05999755859375,178.50999450683594,178.05999755859375,178.27999877929688,33120,0.0,0.0
2023-12-29 15:30:00-05:00,178.22000122070312,178.69000244140625,178.0500030517578,178.5500030517578,120691,0.0,0.0
2024-01-02 09:30:00-05:00,178.36000061035156,179.86000061035156,176.0220947265625,176.32000732421875,93740,0.0,0.0
2024-01-02 10:30:00-05:00,176.22000122070312,176.80999755859375,175.55999755859375,176.3699951171875,84777,0.0,0.0
2024-01-02 11:30:00-05:00,176.75,176.8800048828125,175.8249969482422,176.27999877929688,47649,0.0,0.0
2024-01-02 12:30:00-05:00,176.32000732421875,176.83999633789062,176.02999877929688,176.2949981689453,49330,0.0,0.0
2024-01-02 13:30:00-05:00,176.4199981689453,176.4199981689453,175.72999572753906,176.27999877929688,48964,0.0,0.0
2024-01-02 14:30:00-05:00,176.28750610351562,177.11500549316406,176.02999877929688,177.05499267578125,70299,0.0,0.0
2024-01-02 15:30:00-05:00,176.99600219726562,177.88999938964844,176.88999938964844,177.88999938964844,137299,0.0,0.0
2024-01-03 09:30:00-05:00,178.49000549316406,179.0399932861328,176.0325927734375,176.63999938964844,74844,0.0,0.0
2024-01-03 10:30:00-05:00,176.46499633789062,177.6300048828125,176.1199951171875,177.0500030517578,67012,0.0,0.0
2024-01-03 11:30:00-05:00,177.02999877929688,177.25,175.83999633789062,175.9237060546875,74870,0.0,0.0
2024-01-03 12:30:00-05:00,176.00999450683594,176.67030334472656,174.3800048828125,174.41000366210938,57651,0.0,0.0
2024-01-03 13:30:00-05:00,174.44000244140625,174.57000732421875,173.00999450683594,173.97000122070312,122277,0.0,0.0
2024-01-03 14:30:00-05:00,174.07000732421875,175.11500549316406,173.80999755859375,174.88999938964844,72610,0.0,0.0
2024-01-03 15:30:00-05:00,174.9499969482422,175.11000061035156,174.50999450683594,174.8699951171875,130704,0.0,0.0
2024-01-04 09:30:00-05:00,175.11000061035156,176.05499267578125,173.88999938964844,174.75,110967,0.0,0.0
2024-01-04 10:30:00-05:00,174.75,175.57000732421875,174.58999633789062,175.5,88869,0.0,0.0
2024-01-04 11:30:00-05:00,175.44000244140625,175.47999572753906,174.8699951171875,175.25,67492,0.0,0.0
2024-01-04 12:30:00-05:00,175.30999755859375,175.8699951171875,175.2100067138672,175.5,41558,0.0,0.0
2024-01-04 13:30:00-05:00,175.44500732421875,175.5050048828125,174.6199951171875,174.86000061035156,58242,0.0,0.0
2024-01-04 14:30:00-05:00,174.77999877929688,174.77999877929688,173.8300018310547,173.91990661621094,93648,0.0,0.0
2024-01-04 15:30:00-05:00,173.8699951171875,173.9510040283203,173.28500366210938,173.49000549316406,177122,0.0,0.0
2024-01-05 09:30:00-05:00,174.36000061035156,175.72999572753906,172.30999755859375,172.80209350585938,69447,0.0,0.0
2024-01-05 10:30:00-05:00,172.69500732421875,173.00999450683594,172.4499969482422,172.81500244140625,43203,0.0,0.0
2024-01-05 11:30:00-05:00,172.90499877929688,173.34640502929688,172.75599670410156,173.14999389648438,47162,0.0,0.0
2024-01-05 12:30:00-05:00,173.08999633789062,173.24000549316406,172.72000122070312,172.84500122070312,42786,0.0,0.0
2024-01-05 13:30:00-05:00,172.84500122070312,173.0299072265625,172.6300048828125,172.88999938964844,76474,0.0,0.0
2024-01-05 14:30:00-05:00,173.05499267578125,174.57000732421875,173.05499267578125,173.78500366210938,143055,0.0,0.0
2024-01-05 15:30:00-05:00,173.83749389648438,174.0399932861328,173.1300048828125,173.1300048828125,144520,0.0,0.0
2024-01-08 09:30:00-05:00,174.1199951171875,175.9199981689453,172.72000122070312,173.1199951171875,69656,0.0,0.0
2024-01-08 10:30:00-05:00,173.12510681152344,173.47000122070312,172.69500732421875,172.8800048828125,56643,0.0,0.0
2024-01-08 11:30:00-05:00,172.8800048828125,174.42999267578125,172.86000061035156,174.35000610351562,95171,0.0,0.0
2024-01-08 12:30:00-05:00,174.35000610351562,174.86000061035156,174.35000610351562,174.6999969482422,58328,0.0,0.0
2024-01-08 13:30:00-05:00,174.72999572753906,175.24000549316406,174.52000427246094,174.9199981689453,91669,0.0,0.0
2024-01-08 14:30:00-05:00,174.84500122070312,175.50999450683594,174.75,175.39999389648438,80051,0.0,0.0
2024-01-08 15:30:00-05:00,175.4600067138672,176.17999267578125,175.22000122070312,176.17999267578125,139195,0.0,0.0
2024-01-09 09:30:00-05:00,176.3699951171875,176.3699951171875,175.01010131835938,175.92999267578125,58937,0.0,0.0
2024-01-09 10:30:00-05:00,175.86000061035156,176.5,175.86000061035156,175.94000244140625,59956,0.0,0.0
2024-01-09 11:30:00-05:00,175.72999572753906,176.41000366210938,175.72999572753906,176.1649932861328,52392,0.0,0.0
2024-01-09 12:30:00-05:00,176.13999938964844,176.30999755859375,175.97000122070312,176.0500030517578,66338,0.0,0.0
2024-01-09 13:30:00-05:00,175.9199981689453,176.60000610351562,175.89999389648438,176.0800018310547,137173,0.0,0.0
2024-01-09 14:30:00-05:00,176.05499267578125,176.07000732421875,175.1300048828125,175.1699981689453,72519,0.0,0.0
2024-01-09 15:30:00-05:00,175.22000122070312,175.47000122070312,174.8800048828125,175.39999389648438,131759,0.0,0.0
2024-01-10 09:30:00-05:00,174.97999572753906,176.17999267578125,174.0399932861328,175.03729248046875,52875,0.0,0.0
2024-01-10 10:30:00-05:00,174.92999267578125,175.32000732421875,174.5399932861328,174.625,22516,0.0,0.0
2024-01-10 11:30:00-05:00,174.625,175.07000732421875,174.6074981689453,174.7899932861328,31831,0.0,0.0
2024-01-10 12:30:00-05:00,174.75,175.27000427246094,174.72000122070312,175.22999572753906,32538,0.0,0.0
2024-01-10 13:30:00-05:00,175.17999267578125,175.69500732421875,174.8699951171875,174.88999938964844,53836,0.0,0.0
2024-01-10 14:30:00-05:00,174.93499755859375,175.30999755859375,174.42999267578125,174.9250030517578,129346,0.0,0.0
2024-01-10 15:30:00-05:00,174.94000244140625,175.57000732421875,174.8300018310547,175.5399932861328,115725,0.0,0.0
2024-01-11 09:30:00-05:00,175.8300018310547,176.85000610351562,175.8300018310547,176.6300048828125,112387,0.0,0.0
2024-01-11 10:30:00-05:00,176.68499755859375,177.13999938964844,176.4499969482422,177.13499450683594,121649,0.0,0.0
2024-01-11 11:30:00-05:00,177.1699981689453,177.33999633789062,176.4279022216797,176.80999755859375,96937,0.0,0.0
2024-01-11 12:30:00-05:00,176.8000030517578,177.0800018310547,176.40499877929688,176.77999877929688,55163,0.0,0.0
2024-01-11 13:30:00-05:00,176.83999633789062,177.85000610351562,176.7899932861328,177.63999938964844,52552,0.0,0.0
2024-01-11 14:30:00-05:00,177.72000122070312,178.25,177.6699981689453,178.0399932861328,61389,0.0,0.0
2024-01-11 15:30:00-05:00,178.0,178.1999969482422,177.8000030517578,177.8000030517578,94848,0.0,0.0
2024-01-12 09:30:00-05:00,177.85000610351562,178.64999389648438,177.14500427246094,177.64999389648438,82277,0.0,0.0
2024-01-12 10:30:00-05:00,177.58999633789062,178.6699981689453,177.50999450683594,178.22999572753906,86612,0.0,0.0
2024-01-12 11:30:00-05:00,178.32000732421875,179.24000549316406,178.22999572753906,179.22500610351562,53804,0.0,0.0
2024-01-12 12:30:00-05:00,179.13999938964844,179.60000610351562,179.0500030517578,179.4217987060547,38436,0.0,0.0
2024-01-12 13:30:00-05:00,179.25,179.68739318847656,179.1199951171875,179.64999389648438,37713,0.0,0.0
2024-01-12 14:30:00-05:00,179.64500427246094,180.32000732421875,179.56430053710938,179.67250061035156,85370,0.0,0.0
2024-01-12 15:30:00-05:00,179.67999267578125,180.8699951171875,179.57949829101562,180.6699981689453,170574,0.0,0.0
2024-01-16 09:30:00-05:00,181.05999755859375,184.11000061035156,181.0,183.77999877929688,220214,0.0,0.0
2024-01-16 10:30:00-05:00,183.80999755859375,184.47999572753906,183.28939819335938,184.08999633789062,191749,0.0,0.0
2024-01-16 11:30:00-05:00,184.1374969482422,184.1374969482422,183.1199951171875,183.77000427246094,92700,0.0,0.0
2024-01-16 12:30:00-05:00,183.76499938964844,183.875,183.11000061035156,183.4199981689453,72614,0.0,0.0
2024-01-16 13:30:00-05:00,183.42300415039062,183.7899932861328,183.33999633789062,183.6199951171875,90498,0.0,0.0
2024-01-16 14:30:00-05:00,183.57000732421875,183.60000610351562,182.1699981689453,182.49000549316406,98598,0.0,0.0
2024-01-16 15:30:00-05:00,182.5399932861328,183.69000244140625,182.38999938964844,183.58999633789062,199418,0.0,0.0
2024-01-17 09:30:00-05:00,184.0,186.22000122070312,183.5399932861328,185.69000244140625,153591,0.0,0.0
2024-01-17 10:30:00-05:00,185.69000244140625,186.18499755859375,185.4425048828125,185.94000244140625,104009,0.0,0.0
2024-01-17 11:30:00-05:00,186.0,186.36000061035156,185.73460388183594,185.73460388183594,105699,0.0,0.0
2024-01-17 12:30:00-05:00,185.67999267578125,185.74000549316406,184.9600067138672,185.26499938964844,67760,0.0,0.0
2024-01-17 13:30:00-05:00,185.22999572753906,185.375,184.66000366210938,185.375,81860,0.0,0.0
2024-01-17 14:30:00-05:00,185.3350067138672,185.68899536132812,184.75999450683594,184.99000549316406,126737,0.0,0.0
2024-01-17 15:30:00-05:00,185.02000427246094,188.35000610351562,184.99000549316406,187.1300048828125,285600,0.0,0.0
2024-01-18 09:30:00-05:00,187.39999389648438,187.60000610351562,184.67999267578125,186.44000244140625,164198,0.0,0.0
2024-01-18 10:30:00-05:00,186.3800048828125,186.52000427246094,185.5399932861328,186.06500244140625,72885,0.0,0.0
2024-01-18 11:30:00-05:00,186.00999450683594,186.17999267578125,184.85009765625,185.36500549316406,59304,0.0,0.0
2024-01-18 12:30:00-05:00,185.36000061035156,185.74000549316406,184.8300018310547,185.74000549316406,45597,0.0,0.0
2024-01-18 13:30:00-05:00,185.75,186.00999450683594,185.30999755859375,186.00999450683594,49137,0.0,0.0
2024-01-18 14:30:00-05:00,186.0399932861328,186.94000244140625,185.77999877929688,186.8300018310547,93496,0.0,0.0
2024-01-18 15:30:00-05:00,186.8300018310547,187.0500030517578,186.39999389648438,187.0,150625,0.0,0.0
2024-01-19 09:30:00-05:00,186.6699981689453,187.5500030517578,186.02000427246094,186.77999877929688,62727,0.0,0.0
2024-01-19 10:30:00-05:00,186.75,186.77000427246094,186.36000061035156,186.67999267578125,26344,0.0,0.0
2024-01-19 11:30:00-05:00,186.5800018310547,187.0,186.19000244140625,186.4600067138672,33647,0.0,0.0
2024-01-19 12:30:00-05:00,186.35000610351562,186.74000549316406,186.27000427246094,186.6649932861328,34009,0.0,0.0
2024-01-19 13:30:00-05:00,186.7899932861328,186.8699951171875,186.44000244140625,186.56500244140625,34881,0.0,0.0
2024-01-19 14:30:00-05:00,186.55999755859375,186.74000549316406,185.9600067138672,186.2100067138672,69566,0.0,0.0
2024-01-19 15:30:00-05:00,186.27200317382812,186.27200317382812,185.5399932861328,185.6300048828125,118040,0.0,0.0
2024-01-22 09:30:00-05:00,186.0,186.6199951171875,184.74200439453125,185.28500366210938,72945,0.0,0.0
2024-01-22 10:30:00-05:00,185.27000427246094,186.3699951171875,185.0500946044922,186.0,71351,0.0,0.0
2024-01-22 11:30:00-05:00,185.9550018310547,186.14500427246094,185.80999755859375,185.80999755859375,61296,0.0,0.0
2024-01-22 12:30:00-05:00,185.8249969482422,186.13999938964844,185.4600067138672,186.03500366210938,26756,0.0,0.0
2024-01-22 13:30:00-05:00,186.08999633789062,186.76499938964844,186.08999633789062,186.5,20371,0.0,0.0
2024-01-22 14:30:00-05:00,186.5,187.17080688476562,186.5,186.75999450683594,33901,0.0,0.0
2024-01-22 15:30:00-05:00,186.75,187.0,186.22999572753906,186.22999572753906,164913,0.0,0.0
2024-01-23 09:30:00-05:00,186.14999389648438,186.22000122070312,184.46499633789062,185.88009643554688,86648,0.0,0.0
2024-01-23 10:30:00-05:00,185.97000122070312,187.47000122070312,185.97000122070312,186.83200073242188,101471,0.0,0.0
2024-01-23 11:30:00-05:00,186.67999267578125,187.0800018310547,186.27000427246094,186.4600067138672,55311,0.0,0.0
2024-01-23 12:30:00-05:00,186.5500030517578,187.2100067138672,186.3000030517578,187.17999267578125,77139,0.0,0.0
2024-01-23 13:30:00-05:00,187.25999450683594,187.83990478515625,187.14999389648438,187.65499877929688,111770,0.0,0.0
2024-01-23 14:30:00-05:00,187.80999755859375,188.38470458984375,187.4600067138672,187.83999633789062,156918,0.0,0.0
2024-01-23 15:30:00-05:00,187.82000732421875,188.9499969482422,187.64999389648438,188.92999267578125,230623,0.0,0.0
2024-01-24 09:30:00-05:00,189.3000030517578,189.8800048828125,188.50999450683594,189.55999755859375,86502,0.0,0.0
2024-01-24 10:30:00-05:00,189.47500610351562,189.63999938964844,188.93930053710938,189.00999450683594,54465,0.0,0.0
2024-01-24 11:30:00-05:00,188.99000549316406,189.25,188.5800018310547,189.18499755859375,60687,0.0,0.0
2024-01-24 12:30:00-05:00,189.18499755859375,189.72500610351562,189.1699981689453,189.61000061035156,62680,0.0,0.0
2024-01-24 13:30:00-05:00,189.5749969482422,190.16000366210938,189.52000427246094,190.11000061035156,45979,0.0,0.0
2024-01-24 14:30:00-05:00,190.10000610351562,190.10000610351562,189.0,189.0,69022,0.0,0.0
2024-01-24 15:30:00-05:00,188.9748992919922,189.50999450683594,188.64999389648438,189.16000366210938,141488,0.0,0.0
2024-01-25 09:30:00-05:00,188.89999389648438,189.72000122070312,187.22000122070312,188.0500030517578,77275,0.0,0.0
2024-01-25 10:30:00-05:00,188.0500030517578,188.4199981689453,187.63999938964844,187.77999877929688,77852,0.0,0.0
2024-01-25 11:30:00-05:00,187.80999755859375,188.1699981689453,187.57000732421875,187.6199951171875,65242,0.0,0.0
2024-01-25 12:30:00-05:00,187.69000244140625,188.1999969482422,187.6199951171875,187.6544952392578,85348,0.0,0.0
2024-01-25 13:30:00-05:00,187.5500030517578,188.0399932861328,187.30999755859375,188.0399932861328,56201,0.0,0.0
2024-01-25 14:30:00-05:00,188.19000244140625,188.6300048828125,187.8300018310547,188.28500366210938,100219,0.0,0.0
2024-01-25 15:30:00-05:00,188.2899932861328,188.69189453125,188.1199951171875,188.5800018310547,98718,0.0,0.0
2024-01-26 09:30:00-05:00,188.11000061035156,188.8800048828125,187.24000549316406,187.25999450683594,39421,0.0,0.0
2024-01-26 10:30:00-05:00,187.24000549316406,187.68499755859375,186.38999938964844,187.0050048828125,74346,0.0,0.0
2024-01-26 11:30:00-05:00,186.92999267578125,187.8300018310547,186.87750244140625,187.25999450683594,64154,0.0,0.0
2024-01-26 12:30:00-05:00,187.2550048828125,187.2899932861328,186.6699981689453,186.6699981689453,25354,0.0,0.0
2024-01-26 13:30:00-05:00,186.57000732421875,187.02000427246094,186.3699951171875,186.55999755859375,67820,0.0,0.0
2024-01-26 14:30:00-05:00,186.55499267578125,187.4949951171875,186.50999450683594,187.23500061035156,60812,0.0,0.0
2024-01-26 15:30:00-05:00,187.2449951171875,187.2449951171875,186.3800048828125,186.3800048828125,108943,0.0,0.0
2024-01-29 09:30:00-05:00,185.50999450683594,186.23280334472656,184.24000549316406,184.9199981689453,153677,0.0,0.0
2024-01-29 10:30:00-05:00,184.9199981689453,185.14999389648438,183.69000244140625,184.0399932861328,90226,0.0,0.0
2024-01-29 11:30:00-05:00,183.99000549316406,184.0399932861328,183.17999267578125,183.27999877929688,77775,0.0,0.0
2024-01-29 12:30:00-05:00,183.36500549316406,183.4600067138672,182.57000732421875,182.80999755859375,93032,0.0,0.0
2024-01-29 13:30:00-05:00,182.8699951171875,183.9499969482422,182.8699951171875,183.55999755859375,95319,0.0,0.0
2024-01-29 14:30:00-05:00,183.55999755859375,184.2550048828125,183.4199981689453,184.05999755859375,100916,0.0,0.0
2024-01-29 15:30:00-05:00,184.08999633789062,184.13499450683594,183.4600067138672,183.4600067138672,196446,0.0,0.0
2024-01-30 09:30:00-05:00,184.41000366210938,185.3300018310547,182.7115020751953,183.08999633789062,95650,0.0,0.0
2024-01-30 10:30:00-05:00,183.05999755859375,183.88499450683594,182.91000366210938,183.5749969482422,73638,0.0,0.0
2024-01-30 11:30:00-05:00,183.5,183.53500366210938,182.67999267578125,182.75,62420,0.0,0.0
2024-01-30 12:30:00-05:00,182.60000610351562,182.9499969482422,182.52059936523438,182.6199951171875,52616,0.0,0.0
2024-01-30 13:30:00-05:00,182.66000366210938,183.42999267578125,182.32000732421875,183.3800048828125,110641,0.0,0.0
2024-01-30 14:30:00-05:00,183.4217987060547,183.59559631347656,183.22000122070312,183.52499389648438,92817,0.0,0.0
2024-01-30 15:30:00-05:00,183.50999450683594,183.66000366210938,182.6999969482422,182.76499938964844,168790,0.0,0.0
2024-01-31 09:30:00-05:00,183.77999877929688,185.97999572753906,183.77999877929688,185.3699951171875,156349,0.0,0.0
2024-01-31 10:30:00-05:00,185.41000366210938,185.50999450683594,184.3800048828125,185.2050018310547,121171,0.0,0.0
2024-01-31 11:30:00-05:00,185.1999969482422,185.27999877929688,184.2718963623047,184.88999938964844,82548,0.0,0.0
2024-01-31 12:30:00-05:00,184.86000061035156,185.25,184.5500030517578,184.86000061035156,70791,0.0,0.0
2024-01-31 13:30:00-05:00,184.8000030517578,185.08999633789062,184.17999267578125,184.33999633789062,43795,0.0,0.0
2024-01-31 14:30:00-05:00,184.44200134277344,184.83999633789062,183.6999969482422,183.75999450683594,116958,0.0,0.0
2024-01-31 15:30:00-05:00,184.00999450683594,184.11000061035156,183.50999450683594,183.50999450683594,189067,0.0,0.0
2024-02-01 09:30:00-05:00,183.85000610351562,184.25,181.05999755859375,183.38999938964844,107238,0.0,0.0
2024-02-01 10:30:00-05:00,183.55999755859375,184.39500427246094,183.2899932861328,184.1699981689453,106252,0.0,0.0
2024-02-01 11:30:00-05:00,184.42999267578125,184.88999938964844,183.89999389648438,184.88999938964844,94456,0.0,0.0
2024-02-01 12:30:00-05:00,184.72000122070312,185.0,184.5500030517578,184.75,65435,0.0,0.0
2024-02-01 13:30:00-05:00,184.75999450683594,185.0399932861328,184.4199981689453,184.77000427246094,57135,0.0,0.0
2024-02-01 14:30:00-05:00,184.85000610351562,185.1699981689453,183.91000366210938,184.36000061035156,146325,0.0,0.0
2024-02-01 15:30:00-05:00,184.36000061035156,184.7449951171875,183.72000122070312,184.4499969482422,199266,0.0,0.0
2024-02-02 09:30:00-05:00,180.97000122070312,187.01499938964844,180.82000732421875,183.08999633789062,299853,0.0,0.0
2024-02-02 10:30:00-05:00,182.92999267578125,183.38999938964844,181.1199951171875,182.0449981689453,146183,0.0,0.0
2024-02-02 11:30:00-05:00,182.13999938964844,182.67999267578125,180.8000030517578,181.47000122070312,100341,0.0,0.0
2024-02-02 12:30:00-05:00,181.4250030517578,182.16000366210938,181.30999755859375,181.9499969482422,69165,0.0,0.0
2024-02-02 13:30:00-05:00,182.02000427246094,182.55499267578125,181.53500366210938,181.5478057861328,74326,0.0,0.0
2024-02-02 14:30:00-05:00,181.43499755859375,182.69000244140625,181.28500366210938,182.24000549316406,135192,0.0,0.0
2024-02-02 15:30:00-05:00,182.24000549316406,182.99000549316406,181.8300018310547,182.72000122070312,250354,0.0,0.0
2024-02-05 09:30:00-05:00,180.32000732421875,182.8311004638672,180.0800018310547,180.99000549316406,116412,0.0,0.0
2024-02-05 10:30:00-05:00,181.22000122070312,182.1199951171875,180.7899932861328,181.44000244140625,78410,0.0,0.0
2024-02-05 11:30:00-05:00,181.45750427246094,181.47000122070312,180.72999572753906,181.27000427246094,73720,0.0,0.0
2024-02-05 12:30:00-05:00,181.28199768066406,181.35000610351562,180.89999389648438,181.0800018310547,39660,0.0,0.0
2024-02-05 13:30:00-05:00,181.0500030517578,181.52999877929688,180.7899932861328,181.25999450683594,68330,0.0,0.0
2024-02-05 14:30:00-05:00,181.2100067138672,181.8699951171875,180.97999572753906,181.86500549316406,90442,0.0,0.0
2024-02-05 15:30:00-05:00,181.86000061035156,182.49000549316406,181.38999938964844,181.91000366210938,155587,0.0,0.0
2024-02-06 09:30:00-05:00,182.97999572753906,182.97999572753906,178.52000427246094,179.88999938964844,109600,0.0,0.0
2024-02-06 10:30:00-05:00,179.8000030517578,180.74000549316406,179.24009704589844,180.36000061035156,42338,0.0,0.0
2024-02-06 11:30:00-05:00,180.40499877929688,180.40499877929688,179.7301025390625,179.8699951171875,38256,0.0,0.0
2024-02-06 12:30:00-05:00,179.99000549316406,180.75,179.86000061035156,180.75,36508,0.0,0.0
2024-02-06 13:30:00-05:00,180.6300048828125,181.33999633789062,180.16000366210938,180.22999572753906,36082,0.0,0.0
2024-02-06 14:30:00-05:00,180.33250427246094,180.42999267578125,179.91000366210938,180.3000030517578,40851,0.0,0.0
2024-02-06 15:30:00-05:00,180.35000610351562,180.77000427246094,179.97999572753906,180.3699951171875,125246,0.0,0.0
2024-02-07 09:30:00-05:00,183.99000549316406,185.83999633789062,182.2899932861328,184.25,118694,0.0,0.0
2024-02-07 10:30:00-05:00,184.1699981689453,184.55499267578125,182.22999572753906,182.3699951171875,87505,0.0,0.0
2024-02-07 11:30:00-05:00,182.25999450683594,183.4550018310547,182.09500122070312,182.91000366210938,46716,0.0,0.0
2024-02-07 12:30:00-05:00,182.91000366210938,184.22999572753906,182.80999755859375,184.22999572753906,42932,0.0,0.0
2024-02-07 13:30:00-05:00,184.25999450683594,185.39500427246094,184.07000732421875,185.0749969482422,62217,0.0,0.0
2024-02-07 14:30:00-05:00,185.0749969482422,185.14999389648438,183.8321990966797,184.13999938964844,75184,0.0,0.0
2024-02-07 15:30:00-05:00,184.13999938964844,184.92999267578125,183.83999633789062,184.82000732421875,160292,0.0,0.0
2024-02-08 09:30:00-05:00,186.17999267578125,186.27000427246094,183.5800018310547,184.9600067138672,86583,0.0,0.0
2024-02-08 10:30:00-05:00,184.78500366210938,185.4250030517578,184.44000244140625,185.11000061035156,36321,0.0,0.0
2024-02-08 11:30:00-05:00,185.33999633789062,185.63499450683594,184.99899291992188,185.55499267578125,21478,0.0,0.0
2024-02-08 12:30:00-05:00,185.5500030517578,185.69000244140625,185.2899932861328,185.46499633789062,26524,0.0,0.0
2024-02-08 13:30:00-05:00,185.47000122070312,186.0500030517578,185.47000122070312,186.02999877929688,28197,0.0,0.0
2024-02-08 14:30:00-05:00,186.0500030517578,186.27000427246094,184.8800048828125,184.8800048828125,48889,0.0,0.0
2024-02-08 15:30:00-05:00,184.97999572753906,185.1999969482422,184.1199951171875,184.2292938232422,144358,0.0,0.0
2024-02-09 09:30:00-05:00,183.8800048828125,185.9199981689453,182.82000732421875,184.6999969482422,63533,0.0,0.0
2024-02-09 10:30:00-05:00,184.6999969482422,184.73800659179688,183.97999572753906,184.3300018310547,49927,0.0,0.0
2024-02-09 11:30:00-05:00,184.25999450683594,184.97999572753906,184.17999267578125,184.92999267578125,34853,0.0,0.0
2024-02-09 12:30:00-05:00,184.94000244140625,184.94000244140625,184.1363983154297,184.1363983154297,32184,0.0,0.0
2024-02-09 13:30:00-05:00,184.19000244140625,184.35000610351562,184.02499389648438,184.125,31908,0.0,0.0
2024-02-09 14:30:00-05:00,184.16000366210938,184.34500122070312,183.44000244140625,183.85000610351562,79669,0.0,0.0
2024-02-09 15:30:00-05:00,183.75,183.77999877929688,182.72000122070312,183.50999450683594,188751,0.0,0.0
2024-02-12 09:30:00-05:00,184.19000244140625,184.2100067138672,183.10110473632812,183.48500061035156,46658,0.0,0.0
2024-02-12 10:30:00-05:00,183.44000244140625,183.44000244140625,182.1699981689453,183.1300048828125,72442,0.0,0.0
2024-02-12 11:30:00-05:00,183.16000366210938,183.5,183.1403045654297,183.33999633789062,25760,0.0,0.0
2024-02-12 12:30:00-05:00,183.35000610351562,184.39999389648438,183.17999267578125,184.39999389648438,27196,0.0,0.0
2024-02-12 13:30:00-05:00,184.27000427246094,184.6300048828125,183.64999389648438,183.64999389648438,61147,0.0,0.0
2024-02-12 14:30:00-05:00,183.60000610351562,184.14999389648438,183.50999450683594,184.14999389648438,36494,0.0,0.0
2024-02-12 15:30:00-05:00,184.14999389648438,184.4499969482422,183.91000366210938,184.05999755859375,118581,0.0,0.0
2024-02-13 09:30:00-05:00,185.11000061035156,185.89500427246094,184.1300048828125,184.75,77802,0.0,0.0
2024-02-13 10:30:00-05:00,184.4600067138672,185.14999389648438,183.52000427246094,185.14999389648438,67744,0.0,0.0
2024-02-13 11:30:00-05:00,185.31370544433594,186.3350067138672,185.11000061035156,186.1300048828125,48493,0.0,0.0
2024-02-13 12:30:00-05:00,186.1699981689453,186.47000122070312,185.32000732421875,185.8000030517578,38659,0.0,0.0
2024-02-13 13:30:00-05:00,185.88999938964844,187.0,185.27999877929688,185.6300048828125,90200,0.0,0.0
2024-02-13 14:30:00-05:00,185.5,185.72999572753906,184.90499877929688,185.22799682617188,57666,0.0,0.0
2024-02-13 15:30:00-05:00,185.2899932861328,186.16000366210938,185.0,186.00999450683594,99554,0.0,0.0
2024-02-14 09:30:00-05:00,186.74000549316406,187.0399932861328,185.54010009765625,186.1074981689453,68916,0.0,0.0
2024-02-14 10:30:00-05:00,186.19000244140625,186.5500030517578,185.6999969482422,185.8699951171875,41419,0.0,0.0
2024-02-14 11:30:00-05:00,185.82000732421875,185.88999938964844,184.97999572753906,184.99000549316406,36064,0.0,0.0
2024-02-14 12:30:00-05:00,184.9499969482422,185.24000549316406,184.52000427246094,184.97000122070312,71890,0.0,0.0
2024-02-14 13:30:00-05:00,184.94000244140625,185.3300018310547,183.67999267578125,184.25,58538,0.0,0.0
2024-02-14 14:30:00-05:00,184.17999267578125,184.5500030517578,183.75999450683594,184.47000122070312,71175,0.0,0.0
2024-02-14 15:30:00-05:00,184.50999450683594,184.75,184.32000732421875,184.64999389648438,99624,0.0,0.0
2024-02-15 09:30:00-05:00,185.44000244140625,186.01499938964844,184.75,185.44000244140625,42522,0.0,0.0
2024-02-15 10:30:00-05:00,185.38499450683594,185.44000244140625,184.64999389648438,184.7100067138672,41811,0.0,0.0
2024-02-15 11:30:00-05:00,184.80499267578125,184.80999755859375,184.28500366210938,184.5800018310547,25553,0.0,0.0
2024-02-15 12:30:00-05:00,184.74000549316406,185.4075927734375,184.5800018310547,184.8699951171875,21175,0.0,0.0
2024-02-15 13:30:00-05:00,184.89500427246094,185.22000122070312,184.61000061035156,185.1300048828125,26274,0.0,0.0
2024-02-15 14:30:00-05:00,185.14999389648438,185.40499877929688,184.7969970703125,185.33999633789062,50441,0.0,0.0
2024-02-15 15:30:00-05:00,185.28500366210938,185.97000122070312,185.15499877929688,185.77999877929688,91307,0.0,0.0
2024-02-16 09:30:00-05:00,186.92999267578125,187.66000366210938,186.3300018310547,186.85960388183594,63567,0.0,0.0
2024-02-16 10:30:00-05:00,187.07000732421875,187.68820190429688,186.8874969482422,187.47000122070312,46614,0.0,0.0
2024-02-16 11:30:00-05:00,187.5500030517578,187.97999572753906,187.30999755859375,187.8300018310547,32961,0.0,0.0
2024-02-16 12:30:00-05:00,187.80999755859375,187.86500549316406,186.99000549316406,186.99000549316406,34330,0.0,0.0
2024-02-16 13:30:00-05:00,186.9499969482422,187.2299041748047,186.86000061035156,186.93499755859375,36191,0.0,0.0
2024-02-16 14:30:00-05:00,187.06500244140625,187.06500244140625,186.22000122070312,186.86500549316406,49795,0.0,0.0
2024-02-16 15:30:00-05:00,186.86500549316406,187.02000427246094,186.27499389648438,186.52999877929688,80445,0.0,0.0
2024-02-20 09:30:00-05:00,186.9600067138672,190.6699981689453,186.74000549316406,189.6800994873047,222137,0.0,0.0
2024-02-20 10:30:00-05:00,189.8300018310547,191.3699951171875,189.25999450683594,191.0749969482422,90892,0.0,0.0
2024-02-20 11:30:00-05:00,191.05499267578125,191.36000061035156,189.61500549316406,190.14999389648438,116565,0.0,0.0
2024-02-20 12:30:00-05:00,190.10000610351562,190.13609313964844,188.3800048828125,189.19000244140625,94506,0.0,0.0
2024-02-20 13:30:00-05:00,189.15499877929688,189.7899932861328,188.9600067138672,189.78500366210938,61031,0.0,0.0
2024-02-20 14:30:00-05:00,189.78500366210938,190.7899932861328,189.6300048828125,190.72999572753906,129577,0.0,0.0
2024-02-20 15:30:00-05:00,190.77000427246094,192.16000366210938,189.6300048828125,191.94000244140625,317512,0.0,0.0
2024-02-21 09:30:00-05:00,193.0,195.67999267578125,191.77999877929688,191.97500610351562,294596,0.0,0.0
2024-02-21 10:30:00-05:00,192.0,192.0449981689453,190.3699951171875,191.3000030517578,86201,0.0,0.0
2024-02-21 11:30:00-05:00,191.39500427246094,191.77999877929688,191.1699981689453,191.6199951171875,41130,0.0,0.0
2024-02-21 12:30:00-05:00,191.64999389648438,191.64999389648438,190.35499572753906,190.92999267578125,58107,0.0,0.0
2024-02-21 13:30:00-05:00,191.0500030517578,192.2100067138672,190.9550018310547,191.83999633789062,51960,0.0,0.0
2024-02-21 14:30:00-05:00,191.86500549316406,191.86500549316406,189.40240478515625,190.0989990234375,134844,0.0,0.0
2024-02-21 15:30:00-05:00,190.0500030517578,190.76499938964844,189.91000366210938,190.07000732421875,140634,0.0,0.0
2024-02-22 09:30:00-05:00,195.66000366210938,195.66000366210938,191.51499938964844,194.32000732421875,547181,0.0,0.0
2024-02-22 10:30:00-05:00,194.2863006591797,194.6999969482422,193.7050018310547,194.13999938964844,135622,0.0,0.0
2024-02-22 11:30:00-05:00,194.25999450683594,194.8300018310547,194.03500366210938,194.47000122070312,97666,0.0,0.0
2024-02-22 12:30:00-05:00,194.4600067138672,195.7899932861328,194.0800018310547,195.61500549316406,172356,0.0,0.0
2024-02-22 13:30:00-05:00,195.63070678710938,196.5399932861328,195.24000549316406,196.27000427246094,203030,0.0,0.0
2024-02-22 14:30:00-05:00,195.9499969482422,196.49000549316406,195.47999572753906,196.3699951171875,156540,0.0,0.0
2024-02-22 15:30:00-05:00,196.3800048828125,196.8300018310547,195.11000061035156,195.11000061035156,157204,0.0,0.0
2024-02-23 09:30:00-05:00,196.8000030517578,197.8800048828125,196.3350067138672,197.25999450683594,195264,0.0,0.0
2024-02-23 10:30:00-05:00,197.17999267578125,197.52999877929688,196.63999938964844,197.0399932861328,165005,0.0,0.0
2024-02-23 11:30:00-05:00,197.09210205078125,197.1750030517578,196.42999267578125,196.9600067138672,77574,0.0,0.0
2024-02-23 12:30:00-05:00,197.00999450683594,197.39999389648438,196.81410217285156,197.28500366210938,53874,0.0,0.0
2024-02-23 13:30:00-05:00,197.30499267578125,197.72000122070312,197.1999969482422,197.2550048828125,43862,0.0,0.0
2024-02-23 14:30:00-05:00,197.18870544433594,197.6199951171875,197.07000732421875,197.38499450683594,91485,0.0,0.0
2024-02-23 15:30:00-05:00,197.41000366210938,197.66000366210938,197.24000549316406,197.3249969482422,178124,0.0,0.0
2024-02-26 09:30:00-05:00,197.97999572753906,199.0,197.14999389648438,197.47500610351562,91884,0.0,0.0
2024-02-26 10:30:00-05:00,197.5800018310547,198.2550048828125,196.75999450683594,196.75999450683594,173294,0.0,0.0
2024-02-26 11:30:00-05:00,196.69500732421875,197.39999389648438,196.69500732421875,197.22500610351562,37255,0.0,0.0
2024-02-26 12:30:00-05:00,197.2238006591797,197.2550048828125,196.8000030517578,197.11000061035156,24979,0.0,0.0
2024-02-26 13:30:00-05:00,197.11000061035156,197.47000122070312,196.92999267578125,197.39999389648438,55137,0.0,0.0
2024-02-26 14:30:00-05:00,197.32000732421875,197.61990356445312,196.8800048828125,197.27999877929688,70812,0.0,0.0
2024-02-26 15:30:00-05:00,197.3699951171875,197.5,196.42999267578125,196.42999267578125,107743,0.0,0.0
2024-02-27 09:30:00-05:00,197.5,197.65499877929688,194.2899932861328,194.5850067138672,94028,0.0,0.0
2024-02-27 10:30:00-05:00,194.5500030517578,195.38999938964844,193.22999572753906,195.0749969482422,77197,0.0,0.0
2024-02-27 11:30:00-05:00,195.52999877929688,196.0800018310547,195.07000732421875,195.88499450683594,92685,0.0,0.0
2024-02-27 12:30:00-05:00,195.80999755859375,196.73500061035156,195.30999755859375,196.3699951171875,66015,0.0,0.0
2024-02-27 13:30:00-05:00,196.77000427246094,196.77000427246094,194.5800018310547,194.67999267578125,103605,0.0,0.0
2024-02-27 14:30:00-05:00,194.64500427246094,195.58999633789062,194.4600067138672,195.1999969482422,71920,0.0,0.0
2024-02-27 15:30:00-05:00,195.24000549316406,196.00999450683594,194.8699951171875,195.1199951171875,132205,0.0,0.0
2024-02-28 09:30:00-05:00,195.50999450683594,195.7100067138672,194.15499877929688,194.47999572753906,113683,0.0,0.0
2024-02-28 10:30:00-05:00,194.77000427246094,194.80999755859375,193.94500732421875,194.3625030517578,55454,0.0,0.0
2024-02-28 11:30:00-05:00,194.39999389648438,195.66000366210938,194.39999389648438,194.5330047607422,45154,0.0,0.0
2024-02-28 12:30:00-05:00,194.5800018310547,194.98269653320312,194.3022003173828,194.73989868164062,40274,0.0,0.0
2024-02-28 13:30:00-05:00,194.9199981689453,195.3000030517578,194.74000549316406,195.2449951171875,29839,0.0,0.0
2024-02-28 14:30:00-05:00,195.125,195.86000061035156,195.06500244140625,195.5,55743,0.0,0.0
2024-02-28 15:30:00-05:00,195.49000549316406,195.9398956298828,195.47999572753906,195.67999267578125,83074,0.0,0.0
2024-02-29 09:30:00-05:00,194.39999389648438,194.6280059814453,190.4600067138672,191.72999572753906,267935,0.0,0.0
2024-02-29 10:30:00-05:00,191.72999572753906,193.1300048828125,191.3699951171875,192.75,106868,0.0,0.0
2024-02-29 11:30:00-05:00,192.86000061035156,194.24850463867188,192.60000610351562,193.5850067138672,83455,0.0,0.0
2024-02-29 12:30:00-05:00,193.77000427246094,194.57150268554688,193.1699981689453,193.5,64014,0.0,0.0
2024-02-29 13:30:00-05:00,193.4550018310547,193.69000244140625,192.30999755859375,193.58999633789062,55316,0.0,0.0
2024-02-29 14:30:00-05:00,193.52000427246094,193.5850067138672,192.10000610351562,192.8000030517578,79703,0.0,0.0
2024-02-29 15:30:00-05:00,192.88999938964844,193.64999389648438,192.47000122070312,192.47000122070312,205101,0.0,0.0
2024-03-01 09:30:00-05:00,192.3300018310547,192.6999969482422,189.5800018310547,190.2100067138672,125289,0.0,0.0
2024-03-01 10:30:00-05:00,189.97999572753906,190.49000549316406,189.13999938964844,189.625,77413,0.0,0.0
2024-03-01 11:30:00-05:00,189.63999938964844,189.8699951171875,188.39999389648438,189.42999267578125,120858,0.0,0.0
2024-03-01 12:30:00-05:00,189.36000061035156,189.72999572753906,188.89999389648438,189.47000122070312,49993,0.0,0.0
2024-03-01 13:30:00-05:00,189.47500610351562,189.60000610351562,188.77000427246094,188.9600067138672,143796,0.0,0.0
2024-03-01 14:30:00-05:00,189.0,189.0399932861328,188.07000732421875,188.69500732421875,131427,0.0,0.0
2024-03-01 15:30:00-05:00,188.63999938964844,188.86000061035156,186.89999389648438,187.1199951171875,231241,0.0,0.0
2024-03-04 09:30:00-05:00,187.35000610351562,187.8300018310547,186.27000427246094,187.1649932861328,161206,0.0,0.0
2024-03-04 10:30:00-05:00,187.1649932861328,189.6199951171875,187.02000427246094,189.49000549316406,214232,0.0,0.0
2024-03-04 11:30:00-05:00,189.52999877929688,191.05999755859375,189.35000610351562,190.52499389648438,209244,0.0,0.0
2024-03-04 12:30:00-05:00,190.47000122070312,190.9199981689453,190.17999267578125,190.61000061035156,78878,0.0,0.0
2024-03-04 13:30:00-05:00,190.6199951171875,191.33999633789062,190.25,190.27999877929688,93254,0.0,0.0
2024-03-04 14:30:00-05:00,190.27999877929688,190.72000122070312,188.8800048828125,188.8800048828125,144951,0.0,0.0
2024-03-04 15:30:00-05:00,188.77999877929688,189.4600067138672,188.0500030517578,189.1300048828125,235006,0.0,0.0
2024-03-05 09:30:00-05:00,189.13999938964844,190.5,186.6999969482422,186.6999969482422,127884,0.0,0.0
2024-03-05 10:30:00-05:00,186.8000030517578,186.81500244140625,185.22999572753906,186.4949951171875,98088,0.0,0.0
2024-03-05 11:30:00-05:00,186.4199981689453,186.63999938964844,185.63999938964844,186.36500549316406,113612,0.0,0.0
2024-03-05 12:30:00-05:00,186.49000549316406,186.49000549316406,185.6999969482422,185.8300018310547,58054,0.0,0.0
2024-03-05 13:30:00-05:00,185.88499450683594,187.72999572753906,185.88499450683594,187.5,69560,0.0,0.0
2024-03-05 14:30:00-05:00,187.61000061035156,188.99000549316406,187.58999633789062,188.94000244140625,123268,0.0,0.0
2024-03-05 15:30:00-05:00,188.85000610351562,190.2899932861328,188.72999572753906,189.97999572753906,175134,0.0,0.0
2024-03-06 09:30:00-05:00,189.8300018310547,190.82870483398438,188.11000061035156,188.27000427246094,66282,0.0,0.0
2024-03-06 10:30:00-05:00,188.17999267578125,188.39999389648438,186.8699951171875,186.9459991455078,57001,0.0,0.0
2024-03-06 11:30:00-05:00,187.0500030517578,188.6300048828125,187.0500030517578,187.6999969482422,54698,0.0,0.0
2024-03-06 12:30:00-05:00,187.67999267578125,188.0399932861328,187.27000427246094,187.9949951171875,24171,0.0,0.0
2024-03-06 13:30:00-05:00,188.0399932861328,188.83999633789062,187.77499389648438,188.6999969482422,40067,0.0,0.0
2024-03-06 14:30:00-05:00,188.77000427246094,189.27000427246094,188.1699981689453,188.28500366210938,54192,0.0,0.0
2024-03-06 15:30:00-05:00,188.22999572753906,188.86000061035156,187.13999938964844,187.7100067138672,176039,0.0,0.0
2024-03-07 09:30:00-05:00,188.50999450683594,189.4949951171875,187.26499938964844,188.5050048828125,120006,0.0,0.0
2024-03-07 10:30:00-05:00,188.5749969482422,188.60000610351562,186.4600067138672,186.67999267578125,67242,0.0,0.0
2024-03-07 11:30:00-05:00,186.67999267578125,186.92999267578125,185.89999389648438,186.10499572753906,116644,0.0,0.0
2024-03-07 12:30:00-05:00,186.11000061035156,186.35000610351562,185.33999633789062,185.33999633789062,56702,0.0,0.0
2024-03-07 13:30:00-05:00,185.5050048828125,185.64999389648438,184.5,184.86000061035156,192446,0.0,0.0
2024-03-07 14:30:00-05:00,184.91000366210938,185.00999450683594,182.6750030517578,183.6699981689453,325888,0.0,0.0
2024-03-07 15:30:00-05:00,183.74000549316406,184.72000122070312,182.3699951171875,184.07000732421875,322558,0.0,0.0
2024-03-08 09:30:00-05:00,183.6300048828125,186.38999938964844,182.25999450683594,186.3300018310547,98799,0.0,0.0
2024-03-08 10:30:00-05:00,186.1300048828125,186.25,185.0500030517578,186.0800018310547,70138,0.0,0.0
2024-03-08 11:30:00-05:00,186.03050231933594,186.57000732421875,185.42999267578125,186.47000122070312,64141,0.0,0.0
2024-03-08 12:30:00-05:00,186.47999572753906,186.67999267578125,186.16000366210938,186.6199951171875,34530,0.0,0.0
2024-03-08 13:30:00-05:00,186.60000610351562,186.69000244140625,185.2100067138672,185.64500427246094,54849,0.0,0.0
2024-03-08 14:30:00-05:00,185.64999389648438,186.0500030517578,185.52000427246094,185.52000427246094,76504,0.0,0.0
2024-03-08 15:30:00-05:00,185.52999877929688,186.97000122070312,185.2100067138672,186.39999389648438,241138,0.0,0.0
2024-03-11 09:30:00-04:00,185.82000732421875,187.47000122070312,184.74000549316406,184.74000549316406,71625,0.0,0.0
2024-03-11 10:30:00-04:00,184.82000732421875,185.0050048828125,184.10000610351562,184.26499938964844,77252,0.0,0.0
2024-03-11 11:30:00-04:00,184.3249969482422,185.0800018310547,184.22999572753906,184.47999572753906,45243,0.0,0.0
2024-03-11 12:30:00-04:00,184.3699951171875,184.77999877929688,183.6699981689453,184.22000122070312,67013,0.0,0.0
2024-03-11 13:30:00-04:00,184.22000122070312,185.24000549316406,183.34500122070312,185.24000549316406,112579,0.0,0.0
2024-03-11 14:30:00-04:00,185.24000549316406,185.3000030517578,184.4250030517578,184.5,59467,0.0,0.0
2024-03-11 15:30:00-04:00,184.5,184.75,183.50999450683594,183.89999389648438,177087,0.0,0.0
2024-03-12 09:30:00-04:00,184.64999389648438,184.74000549316406,183.10000610351562,183.9499969482422,78638,0.0,0.0
2024-03-12 10:30:00-04:00,184.0,184.1999969482422,183.60000610351562,183.65499877929688,55841,0.0,0.0
2024-03-12 11:30:00-04:00,183.6649932861328,184.2200927734375,183.3350067138672,183.39999389648438,73672,0.0,0.0
2024-03-12 12:30:00-04:00,183.41000366210938,183.5050048828125,182.93499755859375,182.93499755859375,68027,0.0,0.0
2024-03-12 13:30:00-04:00,183.0500030517578,183.5749969482422,182.9949951171875,183.3300018310547,108175,0.0,0.0
2024-03-12 14:30:00-04:00,183.32000732421875,183.7899932861328,183.0749969482422,183.24009704589844,129681,0.0,0.0
2024-03-12 15:30:00-04:00,183.27999877929688,183.38999938964844,181.50999450683594,181.5500030517578,287114,0.0,0.0
2024-03-13 09:30:00-04:00,182.94000244140625,185.1300048828125,182.0500030517578,185.1199951171875,0,0.0,0.0
2024-03-13 10:30:00-04:00,185.00999450683594,185.61000061035156,183.76499938964844,184.84500122070312,239990,0.0,0.0
2024-03-13 11:30:00-04:00,184.89500427246094,185.6199951171875,184.39999389648438,184.69000244140625,95157,0.0,0.0
2024-03-13 12:30:00-04:00,184.7100067138672,184.92999267578125,183.1300048828125,183.1300048828125,75734,0.0,0.0
2024-03-13 13:30:00-04:00,183.0,183.3800048828125,182.47999572753906,183.1999969482422,74028,0.0,0.0
2024-03-13 14:30:00-04:00,183.0399932861328,183.75,183.02000427246094,183.3249969482422,101321,0.0,0.0
2024-03-13 15:30:00-04:00,183.25999450683594,184.17999267578125,183.19000244140625,183.38999938964844,148864,0.0,0.0
2024-03-14 09:30:00-04:00,183.66000366210938,183.66000366210938,182.0500030517578,182.33999633789062,91849,0.0,0.0
2024-03-14 10:30:00-04:00,182.5251007080078,182.5695037841797,181.8000030517578,181.8000030517578,50415,0.0,0.0
2024-03-14 11:30:00-04:00,181.5749969482422,182.07000732421875,181.22000122070312,181.88009643554688,76331,0.0,0.0
2024-03-14 12:30:00-04:00,181.8800048828125,182.02499389648438,180.8800048828125,180.94500732421875,59730,0.0,0.0
2024-03-14 13:30:00-04:00,180.93499755859375,181.74000549316406,180.55499267578125,181.33999633789062,65033,0.0,0.0
2024-03-14 14:30:00-04:00,181.2899932861328,181.52999877929688,180.8000030517578,181.1300048828125,91811,0.0,0.0
2024-03-14 15:30:00-04:00,181.16000366210938,181.60000610351562,180.41000366210938,181.1699981689453,238756,0.0,0.0
2024-03-15 09:30:00-04:00,179.00999450683594,182.60000610351562,178.75,182.34500122070312,160546,0.0,0.0
2024-03-15 10:30:00-04:00,182.25,183.3699951171875,182.1199951171875,182.9199981689453,78880,0.0,0.0
2024-03-15 11:30:00-04:00,182.86000061035156,183.60000610351562,182.80999755859375,183.27999877929688,56916,0.0,0.0
2024-03-15 12:30:00-04:00,183.27000427246094,183.38470458984375,182.52999877929688,182.97999572753906,89095,0.0,0.0
2024-03-15 13:30:00-04:00,183.05499267578125,183.4199981689453,182.6699981689453,183.02000427246094,71337,0.0,0.0
2024-03-15 14:30:00-04:00,183.02499389648438,183.91000366210938,182.86000061035156,183.1699981689453,125796,0.0,0.0
2024-03-15 15:30:00-04:00,183.18499755859375,183.7100067138672,182.6699981689453,183.69000244140625,260801,0.0,0.0
2024-03-18 09:30:00-04:00,184.0,184.85000610351562,183.5904998779297,184.30499267578125,49005,0.0,0.0
2024-03-18 10:30:00-04:00,184.30499267578125,185.35000610351562,184.10000610351562,185.32000732421875,72845,0.0,0.0
2024-03-18 11:30:00-04:00,185.28500366210938,185.44000244140625,185.10000610351562,185.2899932861328,54096,0.0,0.0
2024-03-18 12:30:00-04:00,185.30999755859375,185.5924072265625,184.6300048828125,184.93499755859375,48389,0.0,0.0
2024-03-18 13:30:00-04:00,184.80999755859375,184.80999755859375,184.1999969482422,184.7100067138672,42357,0.0,0.0
2024-03-18 14:30:00-04:00,184.625,184.75,183.52000427246094,183.64999389648438,90604,0.0,0.0
2024-03-18 15:30:00-04:00,183.6199951171875,183.82000732421875,183.0399932861328,183.4499969482422,106514,0.0,0.0
2024-03-19 09:30:00-04:00,183.1199951171875,184.57000732421875,182.6699981689453,182.80999755859375,63339,0.0,0.0
2024-03-19 10:30:00-04:00,183.0,183.89999389648438,182.69000244140625,183.89999389648438,82662,0.0,0.0
2024-03-19 11:30:00-04:00,183.86000061035156,184.39999389648438,183.25999450683594,183.3699951171875,56197,0.0,0.0
2024-03-19 12:30:00-04:00,183.47000122070312,183.65989685058594,183.05999755859375,183.59249877929688,45652,0.0,0.0
2024-03-19 13:30:00-04:00,183.5749969482422,183.77000427246094,183.3800048828125,183.39999389648438,59930,0.0,0.0
2024-03-19 14:30:00-04:00,183.3699951171875,183.8000030517578,183.16000366210938,183.60000610351562,135783,0.0,0.0
2024-03-19 15:30:00-04:00,183.5399932861328,184.14329528808594,183.19000244140625,183.41000366210938,180944,0.0,0.0
2024-03-20 09:30:00-04:00,183.52000427246094,183.52999877929688,182.0,182.5,38113,0.0,0.0
2024-03-20 10:30:00-04:00,182.5449981689453,182.7808074951172,182.10000610351562,182.58999633789062,49929,0.0,0.0
2024-03-20 11:30:00-04:00,182.66000366210938,182.77999877929688,181.59620666503906,181.93499755859375,70672,0.0,0.0
2024-03-20 12:30:00-04:00,181.8699951171875,182.60000610351562,181.35000610351562,182.43499755859375,70376,0.0,0.0
2024-03-20 13:30:00-04:00,182.33999633789062,183.0800018310547,182.22999572753906,182.3975067138672,65560,0.0,0.0
2024-03-20 14:30:00-04:00,182.47500610351562,182.58999633789062,181.39999389648438,181.55999755859375,135454,0.0,0.0
2024-03-20 15:30:00-04:00,181.4499969482422,182.7899932861328,181.22999572753906,182.7050018310547,156952,0.0,0.0
2024-03-21 09:30:00-04:00,183.3000030517578,183.90499877929688,181.32000732421875,182.9156951904297,94545,0.0,0.0
2024-03-21 10:30:00-04:00,182.8000030517578,183.47000122070312,181.9149932861328,183.125,113344,0.0,0.0
2024-03-21 11:30:00-04:00,183.10000610351562,183.9250030517578,183.0,183.125,80544,0.0,0.0
2024-03-21 12:30:00-04:00,183.11000061035156,184.25,183.02000427246094,183.9149932861328,77133,0.0,0.0
2024-03-21 13:30:00-04:00,183.94000244140625,184.0500030517578,183.0,183.1699981689453,58707,0.0,0.0
2024-03-21 14:30:00-04:00,183.1699981689453,183.71499633789062,183.16000366210938,183.2100067138672,91199,0.0,0.0
2024-03-21 15:30:00-04:00,183.27499389648438,183.83999633789062,182.67999267578125,183.58999633789062,175617,0.0,0.0
2024-03-22 09:30:00-04:00,183.61000061035156,183.61000061035156,181.67999267578125,182.0050048828125,50987,0.0,0.0
2024-03-22 10:30:00-04:00,181.88499450683594,182.0800018310547,181.4199981689453,181.73500061035156,39279,0.0,0.0
2024-03-22 11:30:00-04:00,181.6999969482422,182.6300048828125,181.6699981689453,181.92999267578125,51171,0.0,0.0
2024-03-22 12:30:00-04:00,182.0399932861328,182.1699981689453,181.55999755859375,181.68499755859375,42591,0.0,0.0
2024-03-22 13:30:00-04:00,181.66000366210938,182.4949951171875,181.61500549316406,182.47000122070312,77822,0.0,0.0
2024-03-22 14:30:00-04:00,182.4149932861328,182.75,181.69000244140625,182.0,98421,0.0,0.0
2024-03-22 15:30:00-04:00,182.0,182.0449981689453,180.4499969482422,180.92999267578125,197696,0.0,0.0
2024-03-25 09:30:00-04:00,181.40499877929688,182.0,179.97999572753906,180.19000244140625,51176,0.0,0.0
2024-03-25 10:30:00-04:00,180.0050048828125,180.14999389648438,179.5,179.9199981689453,62304,0.0,0.0
2024-03-25 11:30:00-04:00,179.8800048828125,180.52999877929688,179.80999755859375,180.2100067138672,120313,0.0,0.0
2024-03-25 12:30:00-04:00,180.09500122070312,180.3300018310547,179.8000030517578,179.83999633789062,52895,0.0,0.0
2024-03-25 13:30:00-04:00,179.88999938964844,180.27999877929688,179.86000061035156,180.1199951171875,42778,0.0,0.0
2024-03-25 14:30:00-04:00,180.1300048828125,180.1699981689453,179.35000610351562,179.64500427246094,72135,0.0,0.0
2024-03-25 15:30:00-04:00,179.72000122070312,180.13999938964844,179.30999755859375,179.32000732421875,129871,0.0,0.0
2024-03-26 09:30:00-04:00,179.5,180.39999389648438,179.125,179.61439514160156,99252,0.0,0.0
2024-03-26 10:30:00-04:00,179.47999572753906,180.11000061035156,179.375,179.66000366210938,83088,0.0,0.0
2024-03-26 11:30:00-04:00,179.74000549316406,179.9149932861328,179.36000061035156,179.67999267578125,74036,0.0,0.0
2024-03-26 12:30:00-04:00,179.42999267578125,179.77549743652344,179.0399932861328,179.3800048828125,67605,0.0,0.0
2024-03-26 13:30:00-04:00,179.3800048828125,179.4499969482422,178.9499969482422,179.07000732421875,79806,0.0,0.0
2024-03-26 14:30:00-04:00,179.10499572753906,179.13999938964844,178.38999938964844,178.53500366210938,95093,0.0,0.0
2024-03-26 15:30:00-04:00,178.52999877929688,178.88999938964844,177.77999877929688,178.00999450683594,246752,0.0,0.0
2024-03-27 09:30:00-04:00,178.5,179.38999938964844,178.2100067138672,179.2550048828125,75647,0.0,0.0
2024-03-27 10:30:00-04:00,179.17999267578125,179.36000061035156,178.6999969482422,178.86500549316406,50082,0.0,0.0
2024-03-27 11:30:00-04:00,178.77000427246094,179.05999755859375,178.4550018310547,178.9499969482422,48751,0.0,0.0
2024-03-27 12:30:00-04:00,178.9550018310547,178.9949951171875,178.69000244140625,178.7100067138672,46437,0.0,0.0
2024-03-27 13:30:00-04:00,178.82000732421875,179.0500030517578,178.6999969482422,178.98500061035156,70140,0.0,0.0
2024-03-27 14:30:00-04:00,179.02499389648438,179.35499572753906,178.8699951171875,179.13999938964844,69383,0.0,0.0
2024-03-27 15:30:00-04:00,179.17999267578125,180.08999633789062,179.1300048828125,179.88999938964844,122277,0.0,0.0
2024-03-28 09:30:00-04:00,180.13999938964844,181.22500610351562,179.94000244140625,180.97500610351562,60774,0.0,0.0
2024-03-28 10:30:00-04:00,181.0800018310547,182.5749969482422,180.83999633789062,182.24000549316406,85621,0.0,0.0
2024-03-28 11:30:00-04:00,182.17999267578125,183.02000427246094,181.89010620117188,182.88999938964844,127378,0.0,0.0
2024-03-28 12:30:00-04:00,183.14999389648438,183.4499969482422,182.6699981689453,183.14999389648438,158593,0.0,0.0
2024-03-28 13:30:00-04:00,183.08999633789062,183.10000610351562,182.24000549316406,182.24000549316406,88762,0.0,0.0
2024-03-28 14:30:00-04:00,182.2899932861328,183.44000244140625,182.22000122070312,183.30999755859375,134017,0.0,0.0
2024-03-28 15:30:00-04:00,183.36500549316406,183.6699981689453,182.97999572753906,183.4499969482422,199513,0.0,0.0
2024-04-01 09:30:00-04:00,183.0500030517578,183.99000549316406,181.9199981689453,181.9199981689453,37627,0.0,0.0
2024-04-01 10:30:00-04:00,181.9199981689453,182.65499877929688,181.7100067138672,182.27999877929688,40865,0.0,0.0
2024-04-01 11:30:00-04:00,182.30999755859375,182.97999572753906,182.1999969482422,182.4499969482422,35780,0.0,0.0
2024-04-01 12:30:00-04:00,182.4499969482422,182.6300048828125,182.0399932861328,182.17999267578125,34761,0.0,0.0
2024-04-01 13:30:00-04:00,182.17999267578125,182.17999267578125,180.8800048828125,181.07000732421875,84597,0.0,0.0
2024-04-01 14:30:00-04:00,181.07000732421875,182.10000610351562,180.97999572753906,181.58999633789062,106967,0.0,0.0
2024-04-01 15:30:00-04:00,181.60499572753906,181.97000122070312,181.58999633789062,181.6199951171875,72724,0.0,0.0
2024-04-02 09:30:00-04:00,181.07000732421875,182.69000244140625,181.07000732421875,182.30999755859375,90411,0.0,0.0
2024-04-02 10:30:00-04:00,182.11000061035156,182.88499450683594,181.55999755859375,182.86000061035156,91140,0.0,0.0
2024-04-02 11:30:00-04:00,182.76499938964844,182.7899932861328,181.60000610351562,182.14500427246094,42672,0.0,0.0
2024-04-02 12:30:00-04:00,182.0399932861328,182.6699981689453,181.99000549316406,182.28500366210938,40149,0.0,0.0
2024-04-02 13:30:00-04:00,182.25999450683594,183.11000061035156,182.11000061035156,183.07000732421875,33364,0.0,0.0
2024-04-02 14:30:00-04:00,182.9199981689453,183.05999755859375,182.2100067138672,182.77999877929688,72489,0.0,0.0
2024-04-02 15:30:00-04:00,182.75,182.88999938964844,182.4199981689453,182.7100067138672,87134,0.0,0.0
2024-04-03 09:30:00-04:00,182.50999450683594,183.3000030517578,181.3300018310547,181.62559509277344,28460,0.0,0.0
2024-04-03 10:30:00-04:00,181.40499877929688,181.8699951171875,180.52999877929688,181.19000244140625,60421,0.0,0.0
2024-04-03 11:30:00-04:00,181.19500732421875,181.39999389648438,180.75,181.02499389648438,44171,0.0,0.0
2024-04-03 12:30:00-04:00,180.92999267578125,181.2550048828125,180.4600067138672,181.11000061035156,47965,0.0,0.0
2024-04-03 13:30:00-04:00,181.125,181.2899932861328,180.69500732421875,181.0,37441,0.0,0.0
2024-04-03 14:30:00-04:00,180.9949951171875,181.07000732421875,180.47000122070312,180.50999450683594,58431,0.0,0.0
2024-04-03 15:30:00-04:00,180.47999572753906,180.84500122070312,179.42999267578125,179.60000610351562,334923,0.0,0.0
2024-04-04 09:30:00-04:00,180.1999969482422,181.97999572753906,179.60000610351562,181.16000366210938,134807,0.0,0.0
2024-04-04 10:30:00-04:00,181.0500030517578,183.1199951171875,180.82000732421875,183.11000061035156,134109,0.0,0.0
2024-04-04 11:30:00-04:00,183.11000061035156,183.58999633789062,182.83999633789062,182.9199981689453,96160,0.0,0.0
2024-04-04 12:30:00-04:00,182.9199981689453,184.4250030517578,182.8699951171875,183.72000122070312,82440,0.0,0.0
2024-04-04 13:30:00-04:00,183.7100067138672,183.80999755859375,182.39999389648438,182.39999389648438,59899,0.0,0.0
2024-04-04 14:30:00-04:00,182.1300048828125,182.27999877929688,181.47000122070312,181.58999633789062,103763,0.0,0.0
2024-04-04 15:30:00-04:00,181.36000061035156,181.89999389648438,180.82000732421875,181.57000732421875,207902,0.0,0.0
2024-04-05 09:30:00-04:00,182.07000732421875,183.07000732421875,181.13999938964844,181.38999938964844,64094,0.0,0.0
2024-04-05 10:30:00-04:00,181.41000366210938,182.343505859375,181.22500610351562,182.00999450683594,54771,0.0,0.0
2024-04-05 11:30:00-04:00,181.9499969482422,182.10000610351562,180.5500030517578,180.57000732421875,74733,0.0,0.0
2024-04-05 12:30:00-04:00,180.6300048828125,180.9499969482422,179.9199981689453,180.11000061035156,69645,0.0,0.0
2024-04-05 13:30:00-04:00,180.1999969482422,180.4499969482422,179.84500122070312,180.35499572753906,69968,0.0,0.0
2024-04-05 14:30:00-04:00,180.35000610351562,180.86000061035156,180.15499877929688,180.5,91896,0.0,0.0
2024-04-05 15:30:00-04:00,180.47000122070312,180.5800018310547,179.59500122070312,180.55999755859375,164040,0.0,0.0
2024-04-08 09:30:00-04:00,180.99000549316406,181.99000549316406,180.86000061035156,181.88670349121094,56839,0.0,0.0
2024-04-08 10:30:00-04:00,182.02499389648438,183.05999755859375,181.6300048828125,182.83999633789062,85752,0.0,0.0
2024-04-08 11:30:00-04:00,182.8300018310547,182.8800048828125,182.16610717773438,182.60000610351562,64136,0.0,0.0
2024-04-08 12:30:00-04:00,182.5449981689453,182.6199951171875,182.15499877929688,182.51499938964844,48458,0.0,0.0
2024-04-08 13:30:00-04:00,182.51499938964844,183.11749267578125,182.10169982910156,182.85000610351562,68090,0.0,0.0
2024-04-08 14:30:00-04:00,182.77000427246094,183.52999877929688,182.36000061035156,182.49000549316406,123479,0.0,0.0
2024-04-08 15:30:00-04:00,182.48500061035156,182.6199951171875,181.86000061035156,182.2899932861328,111449,0.0,0.0
2024-04-09 09:30:00-04:00,182.47000122070312,182.47000122070312,177.10000610351562,177.94500732421875,219697,0.0,0.0
2024-04-09 10:30:00-04:00,178.0399932861328,179.97000122070312,177.4875030517578,179.6649932861328,164985,0.0,0.0
2024-04-09 11:30:00-04:00,179.5,179.89999389648438,178.9149932861328,178.99000549316406,79256,0.0,0.0
2024-04-09 12:30:00-04:00,179.25999450683594,179.8699951171875,179.09249877929688,179.52000427246094,58902,0.0,0.0
2024-04-09 13:30:00-04:00,179.5500030517578,179.7899932861328,178.34100341796875,178.47000122070312,56332,0.0,0.0
2024-04-09 14:30:00-04:00,178.5800018310547,178.75999450683594,177.99000549316406,178.52999877929688,90069,0.0,0.0
2024-04-09 15:30:00-04:00,178.60000610351562,179.32000732421875,178.23199462890625,179.32000732421875,145175,0.0,0.0
2024-04-10 09:30:00-04:00,179.4600067138672,181.25999450683594,179.0800018310547,181.02499389648438,150584,0.0,0.0
2024-04-10 10:30:00-04:00,181.00999450683594,181.302001953125,180.5500030517578,181.1199951171875,88634,0.0,0.0
2024-04-10 11:30:00-04:00,181.24000549316406,181.3000030517578,180.27999877929688,180.82000732421875,57339,0.0,0.0
2024-04-10 12:30:00-04:00,180.6999969482422,180.94000244140625,179.8699951171875,180.89500427246094,55834,0.0,0.0
2024-04-10 13:30:00-04:00,180.89500427246094,181.2949981689453,180.3699951171875,180.72999572753906,113508,0.0,0.0
2024-04-10 14:30:00-04:00,180.625,181.05999755859375,180.5050048828125,180.8300018310547,71731,0.0,0.0
2024-04-10 15:30:00-04:00,180.8300018310547,180.8800048828125,179.6300048828125,179.82000732421875,144543,0.0,0.0
2024-04-11 09:30:00-04:00,180.14999389648438,180.6699981689453,176.6999969482422,177.08999633789062,107755,0.0,0.0
2024-04-11 10:30:00-04:00,176.8800048828125,177.3699951171875,175.6300048828125,176.10000610351562,149605,0.0,0.0
2024-04-11 11:30:00-04:00,176.1999969482422,177.43499755859375,176.0634002685547,176.89999389648438,76711,0.0,0.0
2024-04-11 12:30:00-04:00,176.90499877929688,178.00999450683594,176.60000610351562,177.82000732421875,79509,0.0,0.0
2024-04-11 13:30:00-04:00,177.9199981689453,178.0449981689453,177.13999938964844,177.5,70454,0.0,0.0
2024-04-11 14:30:00-04:00,177.5198974609375,177.67999267578125,176.92750549316406,177.67999267578125,119550,0.0,0.0
2024-04-11 15:30:00-04:00,177.6199951171875,178.03250122070312,176.99000549316406,177.1199951171875,157681,0.0,0.0
2024-04-12 09:30:00-04:00,177.05999755859375,178.66000366210938,176.58999633789062,177.02000427246094,87207,0.0,0.0
2024-04-12 10:30:00-04:00,177.13999938964844,179.52999877929688,177.13250732421875,178.9199981689453,130851,0.0,0.0
2024-04-12 11:30:00-04:00,178.7899932861328,179.22000122070312,177.64999389648438,178.44000244140625,100477,0.0,0.0
2024-04-12 12:30:00-04:00,178.47000122070312,178.72000122070312,177.99000549316406,178.4250030517578,125495,0.0,0.0
2024-04-12 13:30:00-04:00,178.5,178.8240966796875,177.9499969482422,178.5,106386,0.0,0.0
2024-04-12 14:30:00-04:00,178.55999755859375,178.63999938964844,177.22000122070312,178.0,173039,0.0,0.0
2024-04-12 15:30:00-04:00,178.0749969482422,179.11000061035156,177.9600067138672,178.52999877929688,247319,0.0,0.0
2024-04-15 09:30:00-04:00,180.0399932861328,180.11000061035156,178.53500366210938,178.5399932861328,44701,0.0,0.0
2024-04-15 10:30:00-04:00,178.4499969482422,179.9550018310547,178.36000061035156,179.34750366210938,114349,0.0,0.0
2024-04-15 11:30:00-04:00,179.3350067138672,180.52000427246094,179.32000732421875,179.77000427246094,138978,0.0,0.0
2024-04-15 12:30:00-04:00,179.72000122070312,179.97999572753906,178.33999633789062,178.4149932861328,72837,0.0,0.0
2024-04-15 13:30:00-04:00,178.3300018310547,178.875,177.97999572753906,178.22000122070312,76369,0.0,0.0
2024-04-15 14:30:00-04:00,178.08619689941406,178.35000610351562,177.4199981689453,177.77499389648438,66972,0.0,0.0
2024-04-15 15:30:00-04:00,177.86000061035156,178.16000366210938,177.27000427246094,177.61000061035156,144409,0.0,0.0
2024-04-16 09:30:00-04:00,177.6300048828125,179.3699951171875,177.4199981689453,178.8800048828125,101082,0.0,0.0
2024-04-16 10:30:00-04:00,178.74000549316406,179.0800018310547,177.69000244140625,178.30999755859375,71514,0.0,0.0
2024-04-16 11:30:00-04:00,178.47999572753906,179.5500030517578,178.22999572753906,178.46249389648438,112278,0.0,0.0
2024-04-16 12:30:00-04:00,178.46499633789062,178.72250366210938,177.77000427246094,178.02499389648438,38687,0.0,0.0
2024-04-16 13:30:00-04:00,177.83180236816406,178.74000549316406,177.4600067138672,177.79249572753906,43161,0.0,0.0
2024-04-16 14:30:00-04:00,177.6199951171875,178.3800048828125,177.47999572753906,178.05999755859375,55741,0.0,0.0
2024-04-16 15:30:00-04:00,178.00999450683594,178.00999450683594,176.47000122070312,176.7899932861328,122217,0.0,0.0
2024-04-17 09:30:00-04:00,176.72999572753906,177.82000732421875,175.9600067138672,176.39349365234375,60667,0.0,0.0
2024-04-17 10:30:00-04:00,176.64999389648438,176.64999389648438,175.4600067138672,175.7899932861328,38224,0.0,0.0
2024-04-17 11:30:00-04:00,175.6649932861328,176.14999389648438,175.0,175.35000610351562,100405,0.0,0.0
2024-04-17 12:30:00-04:00,175.42999267578125,175.9250030517578,175.2100067138672,175.77000427246094,40366,0.0,0.0
2024-04-17 13:30:00-04:00,175.77000427246094,176.55999755859375,175.50999450683594,176.31500244140625,77929,0.0,0.0
2024-04-17 14:30:00-04:00,176.30999755859375,177.2100067138672,175.85000610351562,176.4499969482422,84516,0.0,0.0
2024-04-17 15:30:00-04:00,176.5800018310547,177.14999389648438,176.4199981689453,176.89999389648438,109116,0.0,0.0
2024-04-18 09:30:00-04:00,176.7100067138672,177.8800048828125,175.94000244140625,177.13999938964844,37155,0.0,0.0
2024-04-18 10:30:00-04:00,176.98500061035156,178.0500030517578,175.97999572753906,175.97999572753906,70106,0.0,0.0
2024-04-18 11:30:00-04:00,175.97000122070312,176.62989807128906,175.52999877929688,175.97000122070312,46050,0.0,0.0
2024-04-18 12:30:00-04:00,176.02999877929688,177.02999877929688,175.39999389648438,175.57000732421875,60755,0.0,0.0
2024-04-18 13:30:00-04:00,175.61000061035156,176.97000122070312,175.4199981689453,176.90750122070312,63134,0.0,0.0
2024-04-18 14:30:00-04:00,176.90499877929688,177.74000549316406,176.90499877929688,177.38999938964844,114254,0.0,0.0
2024-04-18 15:30:00-04:00,177.4600067138672,178.02000427246094,176.75,177.74000549316406,210483,0.0,0.0
2024-04-19 09:30:00-04:00,178.27000427246094,180.3800048828125,178.1199951171875,180.3800048828125,141440,0.0,0.0
2024-04-19 10:30:00-04:00,180.42999267578125,181.02000427246094,179.71499633789062,181.00999450683594,155360,0.0,0.0
2024-04-19 11:30:00-04:00,181.0,181.02499389648438,179.5500030517578,179.6300048828125,62909,0.0,0.0
2024-04-19 12:30:00-04:00,179.50999450683594,180.47000122070312,179.47999572753906,180.0,92287,0.0,0.0
2024-04-19 13:30:00-04:00,179.89999389648438,180.5500030517578,179.75,180.30499267578125,67484,0.0,0.0
2024-04-19 14:30:00-04:00,180.25,180.41000366210938,179.5399932861328,179.5399932861328,68517,0.0,0.0
2024-04-19 15:30:00-04:00,179.55999755859375,180.82000732421875,179.5399932861328,180.47000122070312,167513,0.0,0.0
2024-04-22 09:30:00-04:00,180.82000732421875,181.8350067138672,180.47129821777344,181.69500732421875,38764,0.0,0.0
2024-04-22 10:30:00-04:00,181.63999938964844,182.30999755859375,180.63999938964844,180.63999938964844,30736,0.0,0.0
2024-04-22 11:30:00-04:00,180.67999267578125,181.3800048828125,180.49000549316406,181.3800048828125,24363,0.0,0.0
2024-04-22 12:30:00-04:00,181.18499755859375,181.50999450683594,180.0399932861328,180.1699981689453,54162,0.0,0.0
2024-04-22 13:30:00-04:00,180.11000061035156,180.52999877929688,179.1699981689453,179.5500030517578,116312,0.0,0.0
2024-04-22 14:30:00-04:00,179.44000244140625,180.64999389648438,179.375,180.64999389648438,91317,0.0,0.0
2024-04-22 15:30:00-04:00,180.55499267578125,181.02999877929688,180.1699981689453,180.4600067138672,151291,0.0,0.0
2024-04-23 09:30:00-04:00,180.32000732421875,180.74000549316406,178.77000427246094,179.77000427246094,51530,0.0,0.0
2024-04-23 10:30:00-04:00,179.69500732421875,179.8350067138672,178.97999572753906,179.0749969482422,44498,0.0,0.0
2024-04-23 11:30:00-04:00,179.12750244140625,180.07000732421875,178.9600067138672,179.76499938964844,0,0.0,0.0
2024-04-23 12:30:00-04:00,179.8249969482422,180.0500030517578,178.89500427246094,178.99000549316406,188693,0.0,0.0
2024-04-23 13:30:00-04:00,179.0,179.17999267578125,178.0,178.33999633789062,58218,0.0,0.0
2024-04-23 14:30:00-04:00,178.4499969482422,178.58999633789062,177.82000732421875,178.02999877929688,72492,0.0,0.0
2024-04-23 15:30:00-04:00,178.0749969482422,178.97500610351562,178.0749969482422,178.72999572753906,153409,0.0,0.0
2024-04-24 09:30:00-04:00,178.39999389648438,179.63499450683594,177.50999450683594,177.5500030517578,48086,0.0,0.0
2024-04-24 10:30:00-04:00,177.60000610351562,177.89999389648438,177.10000610351562,177.5449981689453,59156,0.0,0.0
2024-04-24 11:30:00-04:00,177.52999877929688,178.22000122070312,177.4499969482422,178.22000122070312,41613,0.0,0.0
2024-04-24 12:30:00-04:00,178.1199951171875,179.2899932861328,177.69000244140625,179.2899932861328,34953,0.0,0.0
2024-04-24 13:30:00-04:00,179.35000610351562,180.1199951171875,179.16000366210938,179.86749267578125,68084,0.0,0.0
2024-04-24 14:30:00-04:00,179.88999938964844,180.10000610351562,179.44000244140625,180.0,66376,0.0,0.0
2024-04-24 15:30:00-04:00,180.02000427246094,180.3000030517578,179.3800048828125,179.52000427246094,152080,0.0,0.0
2024-04-25 09:30:00-04:00,179.8300018310547,182.14999389648438,178.60000610351562,181.1300048828125,91455,0.0,0.0
2024-04-25 10:30:00-04:00,181.2100067138672,182.30999755859375,181.2100067138672,181.2899932861328,78348,0.0,0.0
2024-04-25 11:30:00-04:00,181.27999877929688,181.81500244140625,181.0,181.38999938964844,48675,0.0,0.0
2024-04-25 12:30:00-04:00,181.64320373535156,182.03500366210938,181.35000610351562,181.3699951171875,31977,0.0,0.0
2024-04-25 13:30:00-04:00,181.3300018310547,182.02999877929688,181.22999572753906,182.02000427246094,42379,0.0,0.0
2024-04-25 14:30:00-04:00,182.10000610351562,182.39999389648438,181.53500366210938,181.55999755859375,110433,0.0,0.0
2024-04-25 15:30:00-04:00,181.52999877929688,181.8300018310547,181.3000030517578,181.72000122070312,128133,0.0,0.0
2024-04-26 09:30:00-04:00,181.39999389648438,181.55999755859375,180.3300018310547,181.0449981689453,43841,0.0,0.0
2024-04-26 10:30:00-04:00,180.97999572753906,181.0500030517578,180.2100067138672,180.59500122070312,32709,0.0,0.0
2024-04-26 11:30:00-04:00,180.69000244140625,180.72999572753906,179.77999877929688,180.63999938964844,36857,0.0,0.0
2024-04-26 12:30:00-04:00,180.49000549316406,181.27000427246094,180.1699981689453,181.1300048828125,32150,0.0,0.0
2024-04-26 13:30:00-04:00,181.0500030517578,181.1199951171875,180.66000366210938,180.66000366210938,32694,0.0,0.0
2024-04-26 14:30:00-04:00,180.75999450683594,180.83999633789062,180.25999450683594,180.8054962158203,40430,0.0,0.0
2024-04-26 15:30:00-04:00,180.74000549316406,180.74000549316406,179.07000732421875,179.27999877929688,166947,0.0,0.0
2024-04-29 09:30:00-04:00,179.89999389648438,181.77000427246094,178.4600067138672,181.22999572753906,114269,0.0,0.0
2024-04-29 10:30:00-04:00,181.2899932861328,181.3000030517578,180.42999267578125,180.82000732421875,0,0.0,0.0
2024-04-29 11:30:00-04:00,180.86000061035156,181.02000427246094,180.5800018310547,180.99000549316406,178349,0.0,0.0
2024-04-29 12:30:00-04:00,180.80999755859375,181.26499938964844,179.9499969482422,180.52499389648438,50642,0.0,0.0
2024-04-29 13:30:00-04:00,180.3699951171875,180.66000366210938,179.5,179.90499877929688,54156,0.0,0.0
2024-04-29 14:30:00-04:00,180.0399932861328,180.14999389648438,178.91000366210938,179.8800048828125,92350,0.0,0.0
2024-04-29 15:30:00-04:00,179.86000061035156,180.39999389648438,179.3699951171875,180.16000366210938,136994,0.0,0.0
2024-04-30 09:30:00-04:00,179.80999755859375,179.80999755859375,178.91000366210938,179.6199951171875,38460,0.0,0.0
2024-04-30 10:30:00-04:00,179.6999969482422,181.4199981689453,179.47999572753906,181.41000366210938,66621,0.0,0.0
2024-04-30 11:30:00-04:00,181.1300048828125,181.27999877929688,180.63499450683594,180.97000122070312,54835,0.0,0.0
2024-04-30 12:30:00-04:00,180.6999969482422,180.97000122070312,180.2100067138672,180.33999633789062,41710,0.0,0.0
2024-04-30 13:30:00-04:00,180.27499389648438,180.74000549316406,180.10000610351562,180.25999450683594,28998,0.0,0.0
2024-04-30 14:30:00-04:00,180.22000122070312,180.34500122070312,179.66000366210938,180.0500030517578,65213,0.0,0.0
2024-04-30 15:30:00-04:00,179.8699951171875,180.97000122070312,179.4199981689453,180.97000122070312,146666,0.0,0.0
2024-05-01 09:30:00-04:00,180.9600067138672,180.9600067138672,178.72000122070312,179.36500549316406,62530,0.0,0.0
2024-05-01 10:30:00-04:00,179.5399932861328,180.82000732421875,179.13999938964844,180.82000732421875,90997,0.0,0.0
2024-05-01 11:30:00-04:00,180.875,181.14999389648438,180.1999969482422,180.64990234375,38950,0.0,0.0
2024-05-01 12:30:00-04:00,180.55499267578125,180.8300018310547,180.02999877929688,180.3699951171875,33951,0.0,0.0
2024-05-01 13:30:00-04:00,180.3000030517578,181.16000366210938,180.00999450683594,180.8350067138672,42406,0.0,0.0
2024-05-01 14:30:00-04:00,180.8000030517578,181.39500427246094,180.5399932861328,180.7449951171875,84044,0.0,0.0
2024-05-01 15:30:00-04:00,180.75,180.88999938964844,179.6300048828125,179.92999267578125,96257,0.0,0.0
2024-05-02 09:30:00-04:00,181.44000244140625,181.44000244140625,178.33999633789062,179.74000549316406,57197,0.0,0.0
2024-05-02 10:30:00-04:00,179.93499755859375,180.1750030517578,178.9499969482422,179.09500122070312,70897,0.0,0.0
2024-05-02 11:30:00-04:00,178.8300018310547,179.27499389648438,177.94000244140625,177.94000244140625,97271,0.0,0.0
2024-05-02 12:30:00-04:00,178.3249969482422,178.5500030517578,177.23500061035156,178.09500122070312,129974,0.0,0.0
2024-05-02 13:30:00-04:00,178.0749969482422,178.1999969482422,176.6699981689453,177.2100067138672,108404,0.0,0.0
2024-05-02 14:30:00-04:00,177.32000732421875,178.14999389648438,176.74000549316406,177.6300048828125,170319,0.0,0.0
2024-05-02 15:30:00-04:00,177.6300048828125,178.6699981689453,175.0399932861328,175.22999572753906,324456,0.0,0.0
2024-05-03 09:30:00-04:00,176.50999450683594,179.7899932861328,175.00999450683594,177.5749969482422,195673,0.0,0.0
2024-05-03 10:30:00-04:00,177.3699951171875,178.27000427246094,176.2899932861328,177.14999389648438,114711,0.0,0.0
2024-05-03 11:30:00-04:00,177.11000061035156,179.71620178222656,176.99000549316406,179.5449981689453,62107,0.0,0.0
2024-05-03 12:30:00-04:00,179.6999969482422,180.0800018310547,178.6999969482422,178.6999969482422,78691,0.0,0.0
2024-05-03 13:30:00-04:00,178.98500061035156,179.68499755859375,178.17999267578125,178.4949951171875,77288,0.0,0.0
2024-05-03 14:30:00-04:00,178.36000061035156,179.00999450683594,177.5,178.8800048828125,89667,0.0,0.0
2024-05-03 15:30:00-04:00,178.75,178.99000549316406,178.1750030517578,178.99000549316406,171631,0.0,0.0
2024-05-06 09:30:00-04:00,180.2100067138672,181.74000549316406,180.2100067138672,181.49000549316406,91141,0.0,0.0
2024-05-06 10:30:00-04:00,181.4149932861328,182.4600067138672,181.2100067138672,181.65499877929688,76032,0.0,0.0
2024-05-06 11:30:00-04:00,181.5500030517578,183.0500030517578,181.4199981689453,182.17999267578125,109614,0.0,0.0
2024-05-06 12:30:00-04:00,182.25,183.19529724121094,182.1999969482422,182.9550018310547,66607,0.0,0.0
2024-05-06 13:30:00-04:00,183.0,183.67999267578125,182.60000610351562,182.94000244140625,65074,0.0,0.0
2024-05-06 14:30:00-04:00,182.92999267578125,182.97000122070312,180.9199981689453,181.86000061035156,110956,0.0,0.0
2024-05-06 15:30:00-04:00,181.94000244140625,182.83999633789062,181.72000122070312,182.5399932861328,245078,0.0,0.0
2024-05-07 09:30:00-04:00,182.77499389648438,184.6999969482422,181.75999450683594,184.14999389648438,80511,0.0,0.0
2024-05-07 10:30:00-04:00,183.9499969482422,184.80999755859375,183.8699951171875,184.49000549316406,221526,0.0,0.0
2024-05-07 11:30:00-04:00,184.49000549316406,185.0,183.9499969482422,184.33999633789062,38696,0.0,0.0
2024-05-07 12:30:00-04:00,184.3000030517578,184.5500030517578,184.13999938964844,184.5500030517578,23743,0.0,0.0
2024-05-07 13:30:00-04:00,184.40499877929688,184.6199951171875,183.77999877929688,184.22500610351562,63831,0.0,0.0
2024-05-07 14:30:00-04:00,184.2050018310547,184.8699951171875,183.94000244140625,184.86000061035156,80634,0.0,0.0
2024-05-07 15:30:00-04:00,184.83999633789062,185.22000122070312,184.05999755859375,184.05999755859375,149376,0.0,0.0
2024-05-08 09:30:00-04:00,184.25999450683594,184.77000427246094,183.2899932861328,184.47999572753906,64139,0.0,0.0
2024-05-08 10:30:00-04:00,184.55999755859375,185.38999938964844,184.2100067138672,185.25999450683594,49892,0.0,0.0
2024-05-08 11:30:00-04:00,185.30999755859375,186.1699981689453,185.30999755859375,185.9149932861328,89132,0.0,0.0
2024-05-08 12:30:00-04:00,185.9550018310547,186.1300048828125,185.38250732421875,185.6300048828125,37123,0.0,0.0
2024-05-08 13:30:00-04:00,185.6374969482422,186.1199951171875,185.39999389648438,185.39999389648438,41275,0.0,0.0
2024-05-08 14:30:00-04:00,185.47000122070312,185.92999267578125,184.85499572753906,185.47999572753906,139702,0.0,0.0
2024-05-08 15:30:00-04:00,185.5,185.7303009033203,185.17999267578125,185.57000732421875,135863,0.0,0.0
2024-05-09 09:30:00-04:00,185.05999755859375,185.75,183.4199981689453,183.6999969482422,85770,0.0,0.0
2024-05-09 10:30:00-04:00,183.59500122070312,183.8800048828125,182.86000061035156,183.02499389648438,61678,0.0,0.0
2024-05-09 11:30:00-04:00,182.8300018310547,183.0399932861328,182.25,182.3800048828125,48635,0.0,0.0
2024-05-09 12:30:00-04:00,182.32000732421875,183.1199951171875,182.30499267578125,182.66000366210938,45252,0.0,0.0
2024-05-09 13:30:00-04:00,182.75999450683594,182.85000610351562,181.7449951171875,182.06500244140625,64393,0.0,0.0
2024-05-09 14:30:00-04:00,182.2550048828125,183.0,182.10000610351562,182.3699951171875,91253,0.0,0.0
2024-05-09 15:30:00-04:00,182.33999633789062,183.05999755859375,182.1199951171875,182.8699951171875,129708,0.0,0.0
2024-05-10 09:30:00-04:00,183.9199981689453,184.02000427246094,181.3000030517578,181.77499389648438,49608,0.0,0.0
2024-05-10 10:30:00-04:00,181.5800018310547,183.27000427246094,181.53500366210938,182.39999389648438,76877,0.0,0.0
2024-05-10 11:30:00-04:00,182.3300018310547,182.60000610351562,181.72000122070312,181.9600067138672,23616,0.0,0.0
2024-05-10 12:30:00-04:00,182.04209899902344,182.10000610351562,180.3800048828125,180.9600067138672,53696,0.0,0.0
2024-05-10 13:30:00-04:00,181.11000061035156,181.16000366210938,179.97999572753906,180.71499633789062,35949,0.0,0.0
2024-05-10 14:30:00-04:00,180.5399932861328,181.56500244140625,180.27999877929688,180.88999938964844,87985,0.0,0.0
2024-05-10 15:30:00-04:00,180.88999938964844,181.47000122070312,180.57000732421875,181.3800048828125,124217,0.0,0.0
2024-05-13 09:30:00-04:00,181.50999450683594,183.36000061035156,180.4499969482422,183.32000732421875,43852,0.0,0.0
2024-05-13 10:30:00-04:00,183.0800018310547,183.5,182.27999877929688,182.7675018310547,51131,0.0,0.0
2024-05-13 11:30:00-04:00,182.60000610351562,182.60000610351562,181.4600067138672,181.8800048828125,41143,0.0,0.0
2024-05-13 12:30:00-04:00,181.75999450683594,182.1649932861328,181.5399932861328,181.6999969482422,25056,0.0,0.0
2024-05-13 13:30:00-04:00,181.7449951171875,182.49000549316406,181.63999938964844,182.4822998046875,34261,0.0,0.0
2024-05-13 14:30:00-04:00,182.5399932861328,182.5399932861328,181.33999633789062,182.3300018310547,140706,0.0,0.0
2024-05-13 15:30:00-04:00,182.3249969482422,182.5399932861328,181.58999633789062,182.22999572753906,193385,0.0,0.0
2024-05-14 09:30:00-04:00,182.22999572753906,183.75999450683594,180.4600067138672,182.0,133879,0.0,0.0
2024-05-14 10:30:00-04:00,182.0050048828125,182.0399932861328,179.17999267578125,179.64999389648438,58204,0.0,0.0
2024-05-14 11:30:00-04:00,179.52000427246094,179.8800048828125,179.16000366210938,179.82000732421875,38374,0.0,0.0
2024-05-14 12:30:00-04:00,179.6999969482422,180.30499267578125,179.63999938964844,180.1300048828125,34803,0.0,0.0
2024-05-14 13:30:00-04:00,180.05999755859375,180.80999755859375,179.47000122070312,180.80999755859375,41969,0.0,0.0
2024-05-14 14:30:00-04:00,180.61500549316406,180.9949951171875,180.25,180.47000122070312,79668,0.0,0.0
2024-05-14 15:30:00-04:00,180.44500732421875,181.0500030517578,180.00999450683594,180.74000549316406,204684,0.0,0.0
2024-05-15 09:30:00-04:00,180.7899932861328,180.96499633789062,178.50999450683594,178.65499877929688,55325,0.0,0.0
2024-05-15 10:30:00-04:00,178.27000427246094,180.22500610351562,178.07000732421875,180.22500610351562,57926,0.0,0.0
2024-05-15 11:30:00-04:00,180.42999267578125,180.67999267578125,179.79010009765625,180.09500122070312,24756,0.0,0.0
2024-05-15 12:30:00-04:00,179.92999267578125,179.92999267578125,179.27999877929688,179.5,28308,0.0,0.0
2024-05-15 13:30:00-04:00,179.49000549316406,179.69000244140625,178.18850708007812,178.8000030517578,92118,0.0,0.0
2024-05-15 14:30:00-04:00,178.8000030517578,178.83999633789062,177.8000030517578,178.3000030517578,93734,0.0,0.0
2024-05-15 15:30:00-04:00,178.27000427246094,178.61990356445312,177.57000732421875,177.60000610351562,210116,0.0,0.0
2024-05-16 09:30:00-04:00,178.25,179.75999450683594,177.56500244140625,179.5749969482422,73800,0.0,0.0
2024-05-16 10:30:00-04:00,179.49000549316406,180.27999877929688,179.0399932861328,180.0,61612,0.0,0.0
2024-05-16 11:30:00-04:00,180.08999633789062,180.2050018310547,179.50999450683594,179.7949981689453,80717,0.0,0.0
2024-05-16 12:30:00-04:00,179.7949981689453,180.0399932861328,179.69000244140625,179.8800048828125,32964,0.0,0.0
2024-05-16 13:30:00-04:00,179.72000122070312,180.30999755859375,179.6199951171875,180.27499389648438,52464,0.0,0.0
2024-05-16 14:30:00-04:00,180.33999633789062,181.00999450683594,180.22999572753906,180.61000061035156,72129,0.0,0.0
2024-05-16 15:30:00-04:00,180.64999389648438,182.3300018310547,180.5850067138672,182.0800018310547,235433,0.0,0.0
2024-05-17 09:30:00-04:00,183.1199951171875,183.1199951171875,181.4199981689453,181.88259887695312,31389,0.0,0.0
2024-05-17 10:30:00-04:00,181.9199981689453,182.21499633789062,181.25999450683594,181.6300048828125,25423,0.0,0.0
2024-05-17 11:30:00-04:00,181.44000244140625,181.8300018310547,180.8800048828125,181.77000427246094,37901,0.0,0.0
2024-05-17 12:30:00-04:00,181.85000610351562,182.22999572753906,181.85000610351562,181.97999572753906,25724,0.0,0.0
2024-05-17 13:30:00-04:00,181.9499969482422,182.1199951171875,180.97999572753906,181.27999877929688,34672,0.0,0.0
2024-05-17 14:30:00-04:00,181.25,181.80999755859375,181.17999267578125,181.69000244140625,68191,0.0,0.0
2024-05-17 15:30:00-04:00,181.68499755859375,183.50999450683594,181.57000732421875,183.50999450683594,180351,0.0,0.0
2024-05-20 09:30:00-04:00,182.52499389648438,182.60000610351562,180.42999267578125,182.0850067138672,56626,0.0,0.0
2024-05-20 10:30:00-04:00,182.13999938964844,182.9199981689453,182.13999938964844,182.47000122070312,46567,0.0,0.0
2024-05-20 11:30:00-04:00,182.4676055908203,183.33999633789062,182.38999938964844,182.52999877929688,41270,0.0,0.0
2024-05-20 12:30:00-04:00,182.52999877929688,183.16000366210938,182.36500549316406,182.39999389648438,22642,0.0,0.0
2024-05-20 13:30:00-04:00,182.39999389648438,182.82000732421875,182.0800018310547,182.82000732421875,30559,0.0,0.0
2024-05-20 14:30:00-04:00,182.75999450683594,182.92999267578125,182.3000030517578,182.7899932861328,59302,0.0,0.0
2024-05-20 15:30:00-04:00,182.83999633789062,183.35000610351562,182.35000610351562,183.10000610351562,121991,0.0,0.0
2024-05-21 09:30:00-04:00,185.3000030517578,185.3000030517578,183.36000061035156,183.36000061035156,49732,0.0,0.0
2024-05-21 10:30:00-04:00,183.52000427246094,183.77999877929688,183.1699981689453,183.3300018310547,28959,0.0,0.0
2024-05-21 11:30:00-04:00,183.30499267578125,183.36000061035156,182.95010375976562,183.33999633789062,28821,0.0,0.0
2024-05-21 12:30:00-04:00,183.33999633789062,183.6699981689453,183.25,183.34010314941406,23110,0.0,0.0
2024-05-21 13:30:00-04:00,183.5449981689453,183.99000549316406,183.08999633789062,183.2899932861328,23743,0.0,0.0
2024-05-21 14:30:00-04:00,183.47999572753906,183.57949829101562,183.1999969482422,183.3000030517578,55528,0.0,0.0
2024-05-21 15:30:00-04:00,183.3699951171875,184.16000366210938,183.11000061035156,184.0,143228,0.0,0.0
2024-05-22 09:30:00-04:00,183.67999267578125,185.02000427246094,183.0,184.3300018310547,36500,0.0,0.0
2024-05-22 10:30:00-04:00,184.2100067138672,184.9600067138672,184.14999389648438,184.14999389648438,22950,0.0,0.0
2024-05-22 11:30:00-04:00,184.19000244140625,184.3000030517578,183.6999969482422,183.9199981689453,31234,0.0,0.0
2024-05-22 12:30:00-04:00,183.8800048828125,183.92999267578125,183.4949951171875,183.60000610351562,24155,0.0,0.0
2024-05-22 13:30:00-04:00,183.60000610351562,183.91000366210938,183.5399932861328,183.6750030517578,23962,0.0,0.0
2024-05-22 14:30:00-04:00,183.75,184.50999450683594,183.67999267578125,184.26809692382812,64493,0.0,0.0
2024-05-22 15:30:00-04:00,184.25,184.4600067138672,183.86000061035156,183.97999572753906,92561,0.0,0.0
2024-05-23 09:30:00-04:00,183.5500030517578,184.01499938964844,182.59500122070312,183.375,42723,0.0,0.0
2024-05-23 10:30:00-04:00,183.0800018310547,183.14999389648438,182.44000244140625,182.9199981689453,35322,0.0,0.0
2024-05-23 11:30:00-04:00,183.00999450683594,183.39999389648438,182.6300048828125,183.14999389648438,35504,0.0,0.0
2024-05-23 12:30:00-04:00,183.27000427246094,183.3249969482422,182.8699951171875,183.1699981689453,16241,0.0,0.0
2024-05-23 13:30:00-04:00,183.11000061035156,183.1199951171875,180.59500122070312,180.6699981689453,116137,0.0,0.0
2024-05-23 14:30:00-04:00,180.66000366210938,181.71499633789062,180.30999755859375,181.32000732421875,98179,0.0,0.0
2024-05-23 15:30:00-04:00,181.32000732421875,181.52999877929688,180.22000122070312,180.47000122070312,123171,0.0,0.0
2024-05-24 09:30:00-04:00,180.6300048828125,182.5399932861328,180.41000366210938,182.2949981689453,32684,0.0,0.0
2024-05-24 10:30:00-04:00,182.25999450683594,182.6999969482422,182.11000061035156,182.6999969482422,34934,0.0,0.0
2024-05-24 11:30:00-04:00,182.74000549316406,182.99000549316406,182.0,182.16000366210938,40087,0.0,0.0
2024-05-24 12:30:00-04:00,182.0050048828125,182.38999938964844,181.8800048828125,182.3614959716797,30541,0.0,0.0
2024-05-24 13:30:00-04:00,182.10000610351562,182.7989959716797,182.10000610351562,182.77000427246094,20591,0.0,0.0
2024-05-24 14:30:00-04:00,182.8800048828125,182.89500427246094,182.4600067138672,182.7100067138672,33431,0.0,0.0
2024-05-24 15:30:00-04:00,182.69500732421875,182.7899932861328,181.92999267578125,182.44000244140625,77564,0.0,0.0
2024-05-28 09:30:00-04:00,182.6300048828125,183.22000122070312,179.8350067138672,180.30999755859375,64815,0.0,0.0
2024-05-28 10:30:00-04:00,180.2949981689453,180.52499389648438,179.77000427246094,180.05999755859375,33304,0.0,0.0
2024-05-28 11:30:00-04:00,179.97000122070312,180.46099853515625,179.9600067138672,180.2100067138672,23177,0.0,0.0
2024-05-28 12:30:00-04:00,180.02000427246094,180.13999938964844,179.50999450683594,180.00999450683594,68473,0.0,0.0
2024-05-28 13:30:00-04:00,179.89999389648438,179.97000122070312,179.4199981689453,179.4949951171875,30981,0.0,0.0
2024-05-28 14:30:00-04:00,179.4499969482422,179.4949951171875,179.0500030517578,179.44000244140625,66196,0.0,0.0
2024-05-28 15:30:00-04:00,179.4250030517578,179.5800018310547,178.5,178.72000122070312,135310,0.0,0.0
2024-05-29 09:30:00-04:00,176.27000427246094,178.2100067138672,175.72000122070312,177.43809509277344,119602,0.0,0.0
2024-05-29 10:30:00-04:00,177.22999572753906,177.27999877929688,176.24000549316406,176.89999389648438,46916,0.0,0.0
2024-05-29 11:30:00-04:00,176.877197265625,177.52000427246094,176.13999938964844,176.69000244140625,46968,0.0,0.0
2024-05-29 12:30:00-04:00,176.7449951171875,177.0,176.24000549316406,176.84500122070312,19320,0.0,0.0
2024-05-29 13:30:00-04:00,176.83999633789062,177.9499969482422,176.6999969482422,177.6761932373047,35028,0.0,0.0
2024-05-29 14:30:00-04:00,177.7449951171875,178.3800048828125,177.3800048828125,178.22500610351562,59461,0.0,0.0
2024-05-29 15:30:00-04:00,178.22000122070312,178.47500610351562,177.00999450683594,177.3300018310547,94325,0.0,0.0
2024-05-30 09:30:00-04:00,177.25999450683594,177.47999572753906,175.97999572753906,176.05499267578125,78716,0.0,0.0
2024-05-30 10:30:00-04:00,176.08999633789062,177.18499755859375,176.08999633789062,176.8800048828125,45363,0.0,0.0
2024-05-30 11:30:00-04:00,176.89039611816406,177.11500549316406,176.3699951171875,176.8800048828125,33036,0.0,0.0
2024-05-30 12:30:00-04:00,176.89059448242188,176.90499877929688,176.27999877929688,176.6300048828125,35255,0.0,0.0
2024-05-30 13:30:00-04:00,176.83999633789062,176.83999633789062,175.3300018310547,175.6999969482422,41822,0.0,0.0
2024-05-30 14:30:00-04:00,175.74000549316406,176.41990661621094,175.74000549316406,176.24000549316406,76071,0.0,0.0
2024-05-30 15:30:00-04:00,176.11000061035156,176.32000732421875,175.4199981689453,175.44000244140625,115810,0.0,0.0
2024-05-31 09:30:00-04:00,175.8800048828125,175.88999938964844,174.10499572753906,175.00999450683594,60958,0.0,0.0
2024-05-31 10:30:00-04:00,175.01499938964844,175.69000244140625,174.8000030517578,175.33999633789062,57291,0.0,0.0
2024-05-31 11:30:00-04:00,175.1999969482422,175.80099487304688,174.1999969482422,174.1999969482422,62682,0.0,0.0
2024-05-31 12:30:00-04:00,174.19000244140625,174.7449951171875,174.02000427246094,174.1699981689453,48837,0.0,0.0
2024-05-31 13:30:00-04:00,174.15499877929688,174.9499969482422,174.02999877929688,174.7899932861328,53150,0.0,0.0
2024-05-31 14:30:00-04:00,174.77000427246094,174.8699951171875,173.63999938964844,173.97000122070312,108103,0.0,0.0
2024-05-31 15:30:00-04:00,173.86500549316406,174.13999938964844,173.05999755859375,173.05999755859375,290644,0.0,0.0
2024-06-03 09:30:00-04:00,173.3249969482422,175.2899932861328,173.3249969482422,174.02999877929688,93660,0.0,0.0
2024-06-03 10:30:00-04:00,173.7899932861328,174.88999938964844,173.4199981689453,173.98500061035156,53467,0.0,0.0
2024-06-03 11:30:00-04:00,174.41000366210938,174.70809936523438,173.5,173.63499450683594,30898,0.0,0.0
2024-06-03 12:30:00-04:00,173.63499450683594,174.0500030517578,173.25,173.8350067138672,54387,0.0,0.0
2024-06-03 13:30:00-04:00,173.80999755859375,174.64999389648438,173.74000549316406,174.2100067138672,63225,0.0,0.0
2024-06-03 14:30:00-04:00,174.3249969482422,174.75,174.0399932861328,174.1999969482422,75749,0.0,0.0
2024-06-03 15:30:00-04:00,174.1999969482422,175.16000366210938,174.14999389648438,174.72999572753906,210709,0.0,0.0
2024-06-04 09:30:00-04:00,173.9600067138672,175.75999450683594,173.1894989013672,175.61500549316406,76109,0.0,0.0
2024-06-04 10:30:00-04:00,175.5749969482422,176.5500030517578,175.02499389648438,176.32000732421875,75396,0.0,0.0
2024-06-04 11:30:00-04:00,176.30999755859375,176.36000061035156,175.27000427246094,175.63999938964844,42903,0.0,0.0
2024-06-04 12:30:00-04:00,175.50999450683594,175.89999389648438,175.0399932861328,175.39999389648438,28929,0.0,0.0
2024-06-04 13:30:00-04:00,175.61000061035156,176.0399932861328,175.3000030517578,175.41000366210938,36962,0.0,0.0
2024-06-04 14:30:00-04:00,175.3699951171875,175.63999938964844,175.06500244140625,175.4499969482422,64617,0.0,0.0
2024-06-04 15:30:00-04:00,175.5500030517578,175.9199981689453,175.25,175.47999572753906,94349,0.0,0.0
2024-06-05 09:30:00-04:00,175.4600067138672,176.27000427246094,173.00999450683594,173.64999389648438,95359,0.0,0.0
2024-06-05 10:30:00-04:00,173.7899932861328,174.88999938964844,173.52000427246094,174.74000549316406,86497,0.0,0.0
2024-06-05 11:30:00-04:00,174.7449951171875,174.85000610351562,174.0399932861328,174.6300048828125,36263,0.0,0.0
2024-06-05 12:30:00-04:00,174.58999633789062,174.9499969482422,174.35000610351562,174.5449981689453,35927,0.0,0.0
2024-06-05 13:30:00-04:00,174.5399932861328,175.2899932861328,174.5399932861328,175.22000122070312,55296,0.0,0.0
2024-06-05 14:30:00-04:00,175.25999450683594,175.75999450683594,174.5399932861328,174.55999755859375,106294,0.0,0.0
2024-06-05 15:30:00-04:00,174.56500244140625,174.72000122070312,173.9499969482422,174.6999969482422,111928,0.0,0.0
2024-06-06 09:30:00-04:00,173.9499969482422,174.72000122070312,173.3249969482422,173.49000549316406,76645,0.0,0.0
2024-06-06 10:30:00-04:00,173.6199951171875,173.69000244140625,172.07000732421875,172.07000732421875,82257,0.0,0.0
2024-06-06 11:30:00-04:00,172.02000427246094,173.11000061035156,171.44000244140625,172.1999969482422,205155,0.0,0.0
2024-06-06 12:30:00-04:00,172.18499755859375,173.6649932861328,172.0399932861328,173.6649932861328,87292,0.0,0.0
2024-06-06 13:30:00-04:00,173.6649932861328,173.82000732421875,173.1999969482422,173.55499267578125,55570,0.0,0.0
2024-06-06 14:30:00-04:00,173.5,174.5500030517578,173.09500122070312,173.49000549316406,207159,0.0,0.0
2024-06-06 15:30:00-04:00,173.49000549316406,174.2100067138672,172.6699981689453,173.9199981689453,264431,0.0,0.0
2024-06-07 09:30:00-04:00,174.02999877929688,175.1300048828125,173.77499389648438,174.2100067138672,65132,0.0,0.0
2024-06-07 10:30:00-04:00,174.27000427246094,175.3800048828125,173.39999389648438,173.42999267578125,62459,0.0,0.0
2024-06-07 11:30:00-04:00,173.4199981689453,173.61000061035156,172.52000427246094,172.52000427246094,72679,0.0,0.0
2024-06-07 12:30:00-04:00,172.6999969482422,172.89999389648438,172.10000610351562,172.8699951171875,42239,0.0,0.0
2024-06-07 13:30:00-04:00,172.875,173.0399932861328,172.33749389648438,172.56500244140625,43907,0.0,0.0
2024-06-07 14:30:00-04:00,172.52499389648438,173.32000732421875,171.9550018310547,173.27000427246094,92783,0.0,0.0
2024-06-07 15:30:00-04:00,173.1999969482422,173.2100067138672,171.89999389648438,172.33999633789062,117949,0.0,0.0
2024-06-10 09:30:00-04:00,172.89999389648438,173.58999633789062,171.0,172.7550048828125,79335,0.0,0.0
2024-06-10 10:30:00-04:00,172.83749389648438,172.86000061035156,171.38999938964844,171.80999755859375,37380,0.0,0.0
2024-06-10 11:30:00-04:00,171.67999267578125,172.5800018310547,171.67999267578125,172.11000061035156,42771,0.0,0.0
2024-06-10 12:30:00-04:00,172.0,172.25999450683594,171.86000061035156,171.94000244140625,39457,0.0,0.0
2024-06-10 13:30:00-04:00,171.89500427246094,173.19000244140625,171.74000549316406,173.19000244140625,62902,0.0,0.0
2024-06-10 14:30:00-04:00,173.10000610351562,173.19000244140625,172.55999755859375,173.19000244140625,65076,0.0,0.0
2024-06-10 15:30:00-04:00,173.11000061035156,173.13040161132812,171.33999633789062,171.41000366210938,173002,0.0,0.0
2024-06-11 09:30:00-04:00,172.0,172.60000610351562,170.72000122070312,172.31500244140625,67631,0.0,0.0
2024-06-11 10:30:00-04:00,172.0500030517578,173.85000610351562,172.0399932861328,172.60499572753906,74614,0.0,0.0
2024-06-11 11:30:00-04:00,172.7050018310547,173.72999572753906,172.7050018310547,173.4250030517578,72385,0.0,0.0
2024-06-11 12:30:00-04:00,173.60000610351562,173.74000549316406,172.39999389648438,173.14999389648438,47774,0.0,0.0
2024-06-11 13:30:00-04:00,173.14999389648438,173.57000732421875,172.99000549316406,173.0800018310547,34497,0.0,0.0
2024-06-11 14:30:00-04:00,173.11000061035156,173.35000610351562,172.63999938964844,172.6999969482422,71929,0.0,0.0
2024-06-11 15:30:00-04:00,172.7050018310547,173.94000244140625,172.64999389648438,173.39999389648438,252720,0.0,0.0
2024-06-12 09:30:00-04:00,174.08999633789062,174.77999877929688,170.10000610351562,170.35499572753906,168493,0.0,0.0
2024-06-12 10:30:00-04:00,170.39999389648438,170.5449981689453,168.8350067138672,169.1999969482422,173384,0.0,0.0
2024-06-12 11:30:00-04:00,169.3800048828125,170.0,169.10000610351562,169.33999633789062,119300,0.0,0.0
2024-06-12 12:30:00-04:00,169.24000549316406,169.72500610351562,168.5800018310547,168.58180236816406,42903,0.0,0.0
2024-06-12 13:30:00-04:00,168.74769592285156,169.47000122070312,168.35000610351562,169.16250610351562,86221,0.0,0.0
2024-06-12 14:30:00-04:00,169.07000732421875,169.44000244140625,168.57000732421875,168.97000122070312,138953,0.0,0.0
2024-06-12 15:30:00-04:00,168.97000122070312,169.69000244140625,168.97000122070312,169.1199951171875,214247,0.0,0.0
2024-06-13 09:30:00-04:00,169.6199951171875,170.1699981689453,168.02000427246094,168.19000244140625,67722,0.0,0.0
2024-06-13 10:30:00-04:00,168.27000427246094,168.5850067138672,167.0800018310547,168.05999755859375,84407,0.0,0.0
2024-06-13 11:30:00-04:00,168.08999633789062,168.61500549316406,167.4600067138672,168.08999633789062,63443,0.0,0.0
2024-06-13 12:30:00-04:00,168.0800018310547,168.42999267578125,167.50999450683594,167.9499969482422,62351,0.0,0.0
2024-06-13 13:30:00-04:00,167.91000366210938,168.61000061035156,167.3000030517578,168.40499877929688,92821,0.0,0.0
2024-06-13 14:30:00-04:00,168.44500732421875,168.55999755859375,167.89999389648438,167.92999267578125,61040,0.0,0.0
2024-06-13 15:30:00-04:00,168.0,168.61000061035156,167.7899932861328,168.42999267578125,117999,0.0,0.0
2024-06-14 09:30:00-04:00,168.3300018310547,168.75,167.88999938964844,168.37249755859375,26492,0.0,0.0
2024-06-14 10:30:00-04:00,168.2899932861328,168.2899932861328,167.41000366210938,167.95249938964844,37048,0.0,0.0
2024-06-14 11:30:00-04:00,168.0399932861328,168.24000549316406,167.5500030517578,167.8800048828125,0,0.0,0.0
2024-06-14 12:30:00-04:00,167.89999389648438,168.5,167.85000610351562,168.47000122070312,124121,0.0,0.0
2024-06-14 13:30:00-04:00,168.360595703125,168.6199951171875,167.65310668945312,168.49000549316406,35390,0.0,0.0
2024-06-14 14:30:00-04:00,168.64500427246094,168.66000366210938,167.8000030517578,168.16000366210938,56580,0.0,0.0
2024-06-14 15:30:00-04:00,168.13999938964844,168.4199981689453,167.4499969482422,167.50999450683594,135077,0.0,0.0
2024-06-17 09:30:00-04:00,166.5,168.1999969482422,166.1300048828125,168.1999969482422,68887,0.0,0.0
2024-06-17 10:30:00-04:00,168.0449981689453,168.42999267578125,167.34500122070312,167.9199981689453,59308,0.0,0.0
2024-06-17 11:30:00-04:00,168.05999755859375,168.35000610351562,167.63009643554688,168.3000030517578,44382,0.0,0.0
2024-06-17 12:30:00-04:00,168.35000610351562,168.47740173339844,167.80999755859375,168.08999633789062,43742,0.0,0.0
2024-06-17 13:30:00-04:00,168.05999755859375,168.8300018310547,167.88009643554688,168.7100067138672,49716,0.0,0.0
2024-06-17 14:30:00-04:00,168.64999389648438,169.36000061035156,168.42999267578125,168.97000122070312,83581,0.0,0.0
2024-06-17 15:30:00-04:00,168.98500061035156,169.94000244140625,168.8800048828125,169.94000244140625,130736,0.0,0.0
2024-06-18 09:30:00-04:00,169.7899932861328,170.47999572753906,168.8800048828125,169.7375030517578,73193,0.0,0.0
2024-06-18 10:30:00-04:00,169.75,170.49000549316406,168.47000122070312,170.11500549316406,76863,0.0,0.0
2024-06-18 11:30:00-04:00,170.1300048828125,170.1300048828125,168.5500030517578,169.16000366210938,95669,0.0,0.0
2024-06-18 12:30:00-04:00,169.22999572753906,169.64999389648438,168.9199981689453,169.25999450683594,82672,0.0,0.0
2024-06-18 13:30:00-04:00,169.11000061035156,169.61000061035156,168.8699951171875,169.0850067138672,0,0.0,0.0
2024-06-18 14:30:00-04:00,169.24000549316406,169.63999938964844,168.8699951171875,169.4199981689453,502211,0.0,0.0
2024-06-18 15:30:00-04:00,169.52000427246094,169.6999969482422,168.3800048828125,169.4199981689453,319271,0.0,0.0
2024-06-20 09:30:00-04:00,169.4600067138672,171.13999938964844,169.268798828125,170.64999389648438,55124,0.0,0.0
2024-06-20 10:30:00-04:00,170.5,170.5800018310547,169.6699981689453,170.2899932861328,21903,0.0,0.0
2024-06-20 11:30:00-04:00,170.44000244140625,171.55999755859375,170.42999267578125,171.5500030517578,47945,0.0,0.0
2024-06-20 12:30:00-04:00,171.50999450683594,171.86000061035156,170.8300018310547,171.49000549316406,65527,0.0,0.0
2024-06-20 13:30:00-04:00,171.47000122070312,172.19000244140625,171.47000122070312,171.85000610351562,48485,0.0,0.0
2024-06-20 14:30:00-04:00,171.8800048828125,172.02999877929688,171.18499755859375,171.69000244140625,78375,0.0,0.0
2024-06-20 15:30:00-04:00,171.6300048828125,172.32000732421875,171.1999969482422,172.22999572753906,147342,0.0,0.0
2024-06-21 09:30:00-04:00,171.5800018310547,171.69000244140625,169.52999877929688,171.18629455566406,131911,0.0,0.0
2024-06-21 10:30:00-04:00,171.3800048828125,171.3800048828125,170.27999877929688,170.7100067138672,25450,0.0,0.0
2024-06-21 11:30:00-04:00,170.75999450683594,171.16000366210938,170.16000366210938,170.74000549316406,38297,0.0,0.0
2024-06-21 12:30:00-04:00,170.74000549316406,171.30999755859375,170.68499755859375,170.80999755859375,40039,0.0,0.0
2024-06-21 13:30:00-04:00,170.8813018798828,171.60000610351562,170.47500610351562,171.25999450683594,67049,0.0,0.0
2024-06-21 14:30:00-04:00,171.42999267578125,172.74000549316406,171.10000610351562,172.25999450683594,81301,0.0,0.0
2024-06-21 15:30:00-04:00,172.14999389648438,175.52000427246094,171.75,175.5,397953,0.0,0.0
