Datetime,Open,High,Low,Close,Volume,Dividends,Stock Splits
2022-06-23 09:30:00-04:00,35.95000076293945,36.13999938964844,35.459999084472656,35.529998779296875,0,0.0,0.0
2022-06-23 10:30:00-04:00,35.540000915527344,35.959999084472656,35.47999954223633,35.869998931884766,160256,0.0,0.0
2022-06-23 11:30:00-04:00,35.88999938964844,35.900001525878906,35.685001373291016,35.77000045776367,174609,0.0,0.0
2022-06-23 12:30:00-04:00,35.77000045776367,35.810001373291016,35.650001525878906,35.720001220703125,145335,0.0,0.0
2022-06-23 13:30:00-04:00,35.724998474121094,35.83000183105469,35.650001525878906,35.83000183105469,118475,0.0,0.0
2022-06-23 14:30:00-04:00,35.845001220703125,36.04999923706055,35.845001220703125,36.03499984741211,131899,0.0,0.0
2022-06-23 15:30:00-04:00,36.040000915527344,36.16999816894531,36.025001525878906,36.11000061035156,206153,0.0,0.0
2022-06-24 09:30:00-04:00,36.310001373291016,37.2400016784668,36.310001373291016,37.20000076293945,202031,0.0,0.0
2022-06-24 10:30:00-04:00,37.20000076293945,37.51499938964844,37.13999938964844,37.4900016784668,256484,0.0,0.0
2022-06-24 11:30:00-04:00,37.47999954223633,37.61000061035156,37.47999954223633,37.5,145211,0.0,0.0
2022-06-24 12:30:00-04:00,37.505001068115234,37.810001373291016,37.505001068115234,37.77000045776367,108511,0.0,0.0
2022-06-24 13:30:00-04:00,37.76499938964844,37.91999816894531,37.628700256347656,37.68000030517578,142905,0.0,0.0
2022-06-24 14:30:00-04:00,37.68000030517578,37.72999954223633,37.564998626708984,37.584999084472656,275009,0.0,0.0
2022-06-24 15:30:00-04:00,37.584999084472656,37.630001068115234,37.439998626708984,37.58000183105469,639540,0.0,0.0
2022-06-27 09:30:00-04:00,37.56999969482422,37.790000915527344,37.2599983215332,37.560001373291016,265176,0.0,0.0
2022-06-27 10:30:00-04:00,37.540000915527344,37.91999816894531,37.48500061035156,37.880001068115234,95023,0.0,0.0
2022-06-27 11:30:00-04:00,37.865501403808594,37.865501403808594,37.58000183105469,37.59000015258789,94403,0.0,0.0
2022-06-27 12:30:00-04:00,37.58000183105469,37.68000030517578,37.5099983215332,37.56999969482422,57797,0.0,0.0
2022-06-27 13:30:00-04:00,37.57749938964844,37.630001068115234,37.5,37.560001373291016,114662,0.0,0.0
2022-06-27 14:30:00-04:00,37.56999969482422,37.650001525878906,37.535701751708984,37.6150016784668,123508,0.0,0.0
2022-06-27 15:30:00-04:00,37.61000061035156,37.61000061035156,37.29999923706055,37.36000061035156,210175,0.0,0.0
2022-06-28 09:30:00-04:00,37.84000015258789,38.150001525878906,37.650001525878906,37.7599983215332,224744,0.0,0.0
2022-06-28 10:30:00-04:00,37.7599983215332,37.790000915527344,37.18000030517578,37.2400016784668,211966,0.0,0.0
2022-06-28 11:30:00-04:00,37.2400016784668,37.40999984741211,37.040000915527344,37.375,232013,0.0,0.0
2022-06-28 12:30:00-04:00,37.375,37.459999084472656,37.11000061035156,37.380001068115234,161712,0.0,0.0
2022-06-28 13:30:00-04:00,37.369998931884766,37.38999938964844,36.849998474121094,36.900001525878906,189117,0.0,0.0
2022-06-28 14:30:00-04:00,36.88999938964844,36.95000076293945,36.744998931884766,36.81999969482422,225781,0.0,0.0
2022-06-28 15:30:00-04:00,36.83000183105469,36.880001068115234,36.78499984741211,36.81999969482422,356159,0.0,0.0
2022-06-29 09:30:00-04:00,36.970001220703125,37.040000915527344,36.70000076293945,36.7400016784668,290376,0.0,0.0
2022-06-29 10:30:00-04:00,36.7599983215332,36.95000076293945,36.68000030517578,36.77000045776367,193357,0.0,0.0
2022-06-29 11:30:00-04:00,36.77080154418945,36.92499923706055,36.66999816894531,36.689998626708984,153286,0.0,0.0
2022-06-29 12:30:00-04:00,36.69499969482422,36.83000183105469,36.650001525878906,36.744998931884766,150941,0.0,0.0
2022-06-29 13:30:00-04:00,36.744998931884766,36.86000061035156,36.65999984741211,36.71620178222656,280735,0.0,0.0
2022-06-29 14:30:00-04:00,36.720001220703125,36.95000076293945,36.57500076293945,36.95000076293945,182343,0.0,0.0
2022-06-29 15:30:00-04:00,36.939998626708984,36.939998626708984,36.724998474121094,36.810001373291016,290952,0.0,0.0
2022-06-30 09:30:00-04:00,36.45000076293945,36.75,36.290000915527344,36.66999816894531,164141,0.0,0.0
2022-06-30 10:30:00-04:00,36.70000076293945,37.150001525878906,36.689998626708984,37.11000061035156,222866,0.0,0.0
2022-06-30 11:30:00-04:00,37.119998931884766,37.279998779296875,37.060001373291016,37.27000045776367,223272,0.0,0.0
2022-06-30 12:30:00-04:00,37.290000915527344,37.400001525878906,37.099998474121094,37.220001220703125,113548,0.0,0.0
2022-06-30 13:30:00-04:00,37.220001220703125,37.39500045776367,37.060001373291016,37.224998474121094,144202,0.0,0.0
2022-06-30 14:30:00-04:00,37.22999954223633,37.2599983215332,36.849998474121094,37.119998931884766,176399,0.0,0.0
2022-06-30 15:30:00-04:00,37.119998931884766,37.18000030517578,36.779998779296875,36.970001220703125,319100,0.0,0.0
2022-07-01 09:30:00-04:00,37.08000183105469,37.62379837036133,36.93000030517578,37.04999923706055,281423,0.0,0.0
2022-07-01 10:30:00-04:00,37.05500030517578,37.36000061035156,36.93000030517578,37.2599983215332,176999,0.0,0.0
2022-07-01 11:30:00-04:00,37.2599983215332,37.33000183105469,37.02000045776367,37.310001373291016,125392,0.0,0.0
2022-07-01 12:30:00-04:00,37.29999923706055,37.36000061035156,37.22999954223633,37.345001220703125,174566,0.0,0.0
2022-07-01 13:30:00-04:00,37.34000015258789,37.540000915527344,37.29999923706055,37.4900016784668,170257,0.0,0.0
2022-07-01 14:30:00-04:00,37.5099983215332,37.59000015258789,37.43000030517578,37.56100082397461,197436,0.0,0.0
2022-07-01 15:30:00-04:00,37.56999969482422,37.849998474121094,37.560001373291016,37.689998626708984,329317,0.0,0.0
2022-07-05 09:30:00-04:00,37.040000915527344,37.153900146484375,36.70000076293945,36.86000061035156,299290,0.0,0.0
2022-07-05 10:30:00-04:00,36.86000061035156,37.060001373291016,36.72999954223633,36.86000061035156,148837,0.0,0.0
2022-07-05 11:30:00-04:00,36.84000015258789,37.20000076293945,36.79499816894531,37.13999938964844,138368,0.0,0.0
2022-07-05 12:30:00-04:00,37.13999938964844,37.13999938964844,36.79999923706055,36.95000076293945,126538,0.0,0.0
2022-07-05 13:30:00-04:00,36.959999084472656,37.43000030517578,36.93000030517578,37.42499923706055,210918,0.0,0.0
2022-07-05 14:30:00-04:00,37.42499923706055,37.689998626708984,37.42499923706055,37.65999984741211,133219,0.0,0.0
2022-07-05 15:30:00-04:00,37.654998779296875,37.810001373291016,37.619998931884766,37.790000915527344,247029,0.0,0.0
2022-07-06 09:30:00-04:00,37.65999984741211,37.83000183105469,37.13999938964844,37.220001220703125,133156,0.0,0.0
2022-07-06 10:30:00-04:00,37.2400016784668,37.2400016784668,36.57500076293945,36.599998474121094,253927,0.0,0.0
2022-07-06 11:30:00-04:00,36.59000015258789,36.88999938964844,36.47999954223633,36.880001068115234,112558,0.0,0.0
2022-07-06 12:30:00-04:00,36.880001068115234,37.21200180053711,36.875,36.93000030517578,170897,0.0,0.0
2022-07-06 13:30:00-04:00,36.90999984741211,37.060001373291016,36.84000015258789,37.05500030517578,144709,0.0,0.0
2022-07-06 14:30:00-04:00,37.05500030517578,37.209999084472656,36.91999816894531,37.18519973754883,158435,0.0,0.0
2022-07-06 15:30:00-04:00,37.18000030517578,37.29999923706055,36.95000076293945,37.0,332498,0.0,0.0
2022-07-07 09:30:00-04:00,37.33000183105469,37.68000030517578,37.26499938964844,37.529998779296875,194952,0.0,0.0
2022-07-07 10:30:00-04:00,37.53499984741211,37.724998474121094,37.5,37.541500091552734,87897,0.0,0.0
2022-07-07 11:30:00-04:00,37.525001525878906,37.65999984741211,37.45000076293945,37.560001373291016,111879,0.0,0.0
2022-07-07 12:30:00-04:00,37.529998779296875,37.54999923706055,37.41999816894531,37.435001373291016,76342,0.0,0.0
2022-07-07 13:30:00-04:00,37.43000030517578,37.5,37.400001525878906,37.5,97100,0.0,0.0
2022-07-07 14:30:00-04:00,37.4900016784668,37.564998626708984,37.40999984741211,37.494998931884766,203903,0.0,0.0
2022-07-07 15:30:00-04:00,37.494998931884766,37.56999969482422,37.43000030517578,37.459999084472656,289846,0.0,0.0
2022-07-08 09:30:00-04:00,37.5099983215332,37.5099983215332,37.01639938354492,37.23500061035156,101358,0.0,0.0
2022-07-08 10:30:00-04:00,37.25,37.4900016784668,37.25,37.400001525878906,86686,0.0,0.0
2022-07-08 11:30:00-04:00,37.38999938964844,37.41999816894531,37.15999984741211,37.18000030517578,101244,0.0,0.0
2022-07-08 12:30:00-04:00,37.185001373291016,37.27000045776367,37.060001373291016,37.27000045776367,107846,0.0,0.0
2022-07-08 13:30:00-04:00,37.2599983215332,37.28900146484375,37.16999816894531,37.27000045776367,95308,0.0,0.0
2022-07-08 14:30:00-04:00,37.275001525878906,37.400001525878906,37.255001068115234,37.290000915527344,100760,0.0,0.0
2022-07-08 15:30:00-04:00,37.290000915527344,37.290000915527344,37.07500076293945,37.13999938964844,244603,0.0,0.0
2022-07-11 09:30:00-04:00,36.95000076293945,37.4900016784668,36.95000076293945,37.34000015258789,170894,0.0,0.0
2022-07-11 10:30:00-04:00,37.33000183105469,37.349998474121094,37.06999969482422,37.2599983215332,99749,0.0,0.0
2022-07-11 11:30:00-04:00,37.255001068115234,37.34000015258789,37.13999938964844,37.16999816894531,112166,0.0,0.0
2022-07-11 12:30:00-04:00,37.165000915527344,37.310001373291016,37.150001525878906,37.290000915527344,74272,0.0,0.0
2022-07-11 13:30:00-04:00,37.290000915527344,37.369998931884766,37.209999084472656,37.36000061035156,110308,0.0,0.0
2022-07-11 14:30:00-04:00,37.35499954223633,37.45000076293945,37.25,37.25,132422,0.0,0.0
2022-07-11 15:30:00-04:00,37.2400016784668,37.380001068115234,37.19499969482422,37.380001068115234,297788,0.0,0.0
2022-07-12 09:30:00-04:00,37.380001068115234,38.29999923706055,37.15999984741211,38.150001525878906,171205,0.0,0.0
2022-07-12 10:30:00-04:00,38.165000915527344,38.38999938964844,38.15999984741211,38.33000183105469,110025,0.0,0.0
2022-07-12 11:30:00-04:00,38.279998779296875,38.380001068115234,38.22209930419922,38.380001068115234,105631,0.0,0.0
2022-07-12 12:30:00-04:00,38.380001068115234,38.40999984741211,38.220001220703125,38.349998474121094,130736,0.0,0.0
2022-07-12 13:30:00-04:00,38.36000061035156,38.45000076293945,38.29999923706055,38.33000183105469,145306,0.0,0.0
2022-07-12 14:30:00-04:00,38.32500076293945,38.380001068115234,37.724998474121094,37.72999954223633,166112,0.0,0.0
2022-07-12 15:30:00-04:00,37.720001220703125,37.875,37.61000061035156,37.77000045776367,281771,0.0,0.0
2022-07-13 09:30:00-04:00,37.349998474121094,37.435001373291016,36.625,36.779998779296875,114919,0.0,0.0
2022-07-13 10:30:00-04:00,36.790000915527344,37.189998626708984,36.790000915527344,36.8849983215332,106208,0.0,0.0
2022-07-13 11:30:00-04:00,36.88999938964844,37.08000183105469,36.810001373291016,37.05500030517578,82717,0.0,0.0
2022-07-13 12:30:00-04:00,37.060001373291016,37.2599983215332,37.029998779296875,37.099998474121094,63197,0.0,0.0
2022-07-13 13:30:00-04:00,37.09000015258789,37.220001220703125,36.93000030517578,37.18000030517578,68608,0.0,0.0
2022-07-13 14:30:00-04:00,37.18000030517578,37.290000915527344,37.125,37.18000030517578,69648,0.0,0.0
2022-07-13 15:30:00-04:00,37.18000030517578,37.189998626708984,37.06999969482422,37.09000015258789,167071,0.0,0.0
2022-07-14 09:30:00-04:00,36.310001373291016,36.470001220703125,35.900001525878906,36.1713981628418,118953,0.0,0.0
2022-07-14 10:30:00-04:00,36.189998626708984,36.20500183105469,35.95000076293945,36.099998474121094,76749,0.0,0.0
2022-07-14 11:30:00-04:00,36.099998474121094,36.290000915527344,36.02000045776367,36.04999923706055,77369,0.0,0.0
2022-07-14 12:30:00-04:00,36.060001373291016,36.119998931884766,35.880001068115234,35.974998474121094,73057,0.0,0.0
2022-07-14 13:30:00-04:00,35.959999084472656,36.290000915527344,35.880001068115234,36.279998779296875,73370,0.0,0.0
2022-07-14 14:30:00-04:00,36.27000045776367,36.400001525878906,36.27000045776367,36.31999969482422,83330,0.0,0.0
2022-07-14 15:30:00-04:00,36.310001373291016,36.34000015258789,36.209999084472656,36.220001220703125,190220,0.0,0.0
2022-07-15 09:30:00-04:00,36.689998626708984,36.84000015258789,36.13999938964844,36.736698150634766,84015,0.0,0.0
2022-07-15 10:30:00-04:00,36.75,36.82500076293945,36.54999923706055,36.77000045776367,78290,0.0,0.0
2022-07-15 11:30:00-04:00,36.7599983215332,36.869998931884766,36.727500915527344,36.779998779296875,63542,0.0,0.0
2022-07-15 12:30:00-04:00,36.790000915527344,36.83000183105469,36.75,36.810001373291016,69742,0.0,0.0
2022-07-15 13:30:00-04:00,36.814998626708984,36.880001068115234,36.70000076293945,36.720001220703125,70689,0.0,0.0
2022-07-15 14:30:00-04:00,36.709999084472656,36.810001373291016,36.69260025024414,36.709999084472656,79335,0.0,0.0
2022-07-15 15:30:00-04:00,36.720001220703125,36.7400016784668,36.52000045776367,36.709999084472656,226684,0.0,0.0
2022-07-18 09:30:00-04:00,36.880001068115234,37.08000183105469,36.75,36.95000076293945,143642,0.0,0.0
2022-07-18 10:30:00-04:00,36.95000076293945,37.099998474121094,36.95000076293945,37.04999923706055,73526,0.0,0.0
2022-07-18 11:30:00-04:00,37.04999923706055,37.16999816894531,37.03499984741211,37.08000183105469,66814,0.0,0.0
2022-07-18 12:30:00-04:00,37.08000183105469,37.154998779296875,36.82789993286133,36.8849983215332,63216,0.0,0.0
2022-07-18 13:30:00-04:00,36.880001068115234,36.90999984741211,36.65999984741211,36.65999984741211,52244,0.0,0.0
2022-07-18 14:30:00-04:00,36.65999984741211,36.81999969482422,36.650001525878906,36.720001220703125,81383,0.0,0.0
2022-07-18 15:30:00-04:00,36.70500183105469,36.70500183105469,36.529998779296875,36.63999938964844,115982,0.0,0.0
2022-07-19 09:30:00-04:00,37.130001068115234,37.82899856567383,37.130001068115234,37.69499969482422,177143,0.0,0.0
2022-07-19 10:30:00-04:00,37.77000045776367,37.819000244140625,37.651798248291016,37.76850128173828,74707,0.0,0.0
2022-07-19 11:30:00-04:00,37.7599983215332,37.84000015258789,37.709999084472656,37.810001373291016,67607,0.0,0.0
2022-07-19 12:30:00-04:00,37.79999923706055,37.95000076293945,37.77000045776367,37.83000183105469,52875,0.0,0.0
2022-07-19 13:30:00-04:00,37.849998474121094,37.926700592041016,37.80120086669922,37.803001403808594,63595,0.0,0.0
2022-07-19 14:30:00-04:00,37.81999969482422,37.959999084472656,37.79999923706055,37.932899475097656,78280,0.0,0.0
2022-07-19 15:30:00-04:00,37.939998626708984,38.0099983215332,37.861000061035156,37.88999938964844,132954,0.0,0.0
2022-07-20 09:30:00-04:00,37.720001220703125,37.869998931884766,37.34000015258789,37.70000076293945,123119,0.0,0.0
2022-07-20 10:30:00-04:00,37.70000076293945,37.95000076293945,37.58000183105469,37.59000015258789,110838,0.0,0.0
2022-07-20 11:30:00-04:00,37.59000015258789,37.720001220703125,37.4900016784668,37.680999755859375,162553,0.0,0.0
2022-07-20 12:30:00-04:00,37.689998626708984,37.720001220703125,37.47999954223633,37.66999816894531,109694,0.0,0.0
2022-07-20 13:30:00-04:00,37.68000030517578,37.7400016784668,37.529998779296875,37.709999084472656,128746,0.0,0.0
2022-07-20 14:30:00-04:00,37.709999084472656,37.880001068115234,37.67499923706055,37.869998931884766,161078,0.0,0.0
2022-07-20 15:30:00-04:00,37.869998931884766,37.900001525878906,37.770999908447266,37.849998474121094,185447,0.0,0.0
2022-07-21 09:30:00-04:00,37.79999923706055,37.81999969482422,37.5099983215332,37.525001525878906,108655,0.0,0.0
2022-07-21 10:30:00-04:00,37.52000045776367,37.88999938964844,37.505001068115234,37.790000915527344,87993,0.0,0.0
2022-07-21 11:30:00-04:00,37.79999923706055,37.9900016784668,37.779998779296875,37.97999954223633,82504,0.0,0.0
2022-07-21 12:30:00-04:00,37.98500061035156,38.04999923706055,37.880001068115234,37.90999984741211,81527,0.0,0.0
2022-07-21 13:30:00-04:00,37.88999938964844,37.9900016784668,37.79999923706055,37.96500015258789,80386,0.0,0.0
2022-07-21 14:30:00-04:00,37.959999084472656,38.08000183105469,37.89500045776367,38.03300094604492,82683,0.0,0.0
2022-07-21 15:30:00-04:00,38.029998779296875,38.209999084472656,38.0,38.18000030517578,162360,0.0,0.0
2022-07-22 09:30:00-04:00,38.400001525878906,38.439998626708984,37.900001525878906,38.060001373291016,103493,0.0,0.0
2022-07-22 10:30:00-04:00,38.08000183105469,38.43000030517578,38.0,38.36000061035156,101669,0.0,0.0
2022-07-22 11:30:00-04:00,38.36000061035156,38.36000061035156,38.119998931884766,38.16999816894531,116189,0.0,0.0
2022-07-22 12:30:00-04:00,38.16999816894531,38.209999084472656,37.83000183105469,37.869998931884766,94093,0.0,0.0
2022-07-22 13:30:00-04:00,37.869998931884766,37.869998931884766,37.619998931884766,37.665000915527344,60272,0.0,0.0
2022-07-22 14:30:00-04:00,37.65999984741211,37.709999084472656,37.6150016784668,37.66999816894531,68934,0.0,0.0
2022-07-22 15:30:00-04:00,37.685001373291016,37.88999938964844,37.599998474121094,37.8849983215332,108522,0.0,0.0
2022-07-25 09:30:00-04:00,38.040000915527344,38.380001068115234,37.83000183105469,38.290000915527344,113582,0.0,0.0
2022-07-25 10:30:00-04:00,38.32500076293945,38.45000076293945,38.21900177001953,38.29999923706055,103280,0.0,0.0
2022-07-25 11:30:00-04:00,38.29840087890625,38.506500244140625,38.279998779296875,38.3474006652832,66884,0.0,0.0
2022-07-25 12:30:00-04:00,38.34000015258789,38.400001525878906,38.279998779296875,38.287899017333984,48845,0.0,0.0
2022-07-25 13:30:00-04:00,38.29999923706055,38.33000183105469,38.16999816894531,38.17499923706055,49902,0.0,0.0
2022-07-25 14:30:00-04:00,38.185001373291016,38.20000076293945,38.029998779296875,38.08000183105469,67548,0.0,0.0
2022-07-25 15:30:00-04:00,38.07500076293945,38.2599983215332,38.04499816894531,38.21500015258789,143960,0.0,0.0
2022-07-26 09:30:00-04:00,37.9900016784668,38.189998626708984,37.845001220703125,37.880001068115234,84028,0.0,0.0
2022-07-26 10:30:00-04:00,37.88999938964844,38.137001037597656,37.7400016784668,37.779998779296875,73624,0.0,0.0
2022-07-26 11:30:00-04:00,37.7599983215332,37.7599983215332,37.56999969482422,37.66999816894531,61485,0.0,0.0
2022-07-26 12:30:00-04:00,37.68000030517578,37.8849983215332,37.630001068115234,37.869998931884766,60291,0.0,0.0
2022-07-26 13:30:00-04:00,37.86000061035156,37.869998931884766,37.75,37.79999923706055,58777,0.0,0.0
2022-07-26 14:30:00-04:00,37.79499816894531,38.05099868774414,37.78499984741211,38.02000045776367,163611,0.0,0.0
2022-07-26 15:30:00-04:00,38.025001525878906,38.11000061035156,38.0,38.099998474121094,331881,0.0,0.0
2022-07-27 09:30:00-04:00,38.619998931884766,38.93000030517578,38.369998931884766,38.83000183105469,251685,0.0,0.0
2022-07-27 10:30:00-04:00,38.83000183105469,38.92499923706055,38.59000015258789,38.709999084472656,124339,0.0,0.0
2022-07-27 11:30:00-04:00,38.709999084472656,38.79499816894531,38.70000076293945,38.709999084472656,90699,0.0,0.0
2022-07-27 12:30:00-04:00,38.70000076293945,38.73500061035156,38.619998931884766,38.63999938964844,85371,0.0,0.0
2022-07-27 13:30:00-04:00,38.63999938964844,38.689998626708984,38.470001220703125,38.5099983215332,107289,0.0,0.0
2022-07-27 14:30:00-04:00,38.52000045776367,39.060001373291016,38.40719985961914,39.060001373291016,179529,0.0,0.0
2022-07-27 15:30:00-04:00,39.060001373291016,39.10499954223633,38.959999084472656,38.9900016784668,243732,0.0,0.0
2022-07-28 09:30:00-04:00,39.060001373291016,39.43000030517578,38.900001525878906,39.060001373291016,135026,0.0,0.0
2022-07-28 10:30:00-04:00,39.06999969482422,39.27000045776367,38.959999084472656,39.2400016784668,105290,0.0,0.0
2022-07-28 11:30:00-04:00,39.22999954223633,39.369998931884766,39.150001525878906,39.220001220703125,99758,0.0,0.0
2022-07-28 12:30:00-04:00,39.22999954223633,39.36000061035156,39.119998931884766,39.349998474121094,76035,0.0,0.0
2022-07-28 13:30:00-04:00,39.34000015258789,39.470001220703125,39.290000915527344,39.44499969482422,82282,0.0,0.0
2022-07-28 14:30:00-04:00,39.45000076293945,39.45500183105469,39.32929992675781,39.400001525878906,84447,0.0,0.0
2022-07-28 15:30:00-04:00,39.400001525878906,39.48500061035156,39.36000061035156,39.38999938964844,179205,0.0,0.0
2022-07-29 09:30:00-04:00,39.5,39.900001525878906,39.459999084472656,39.86000061035156,81854,0.0,0.0
2022-07-29 10:30:00-04:00,39.849998474121094,39.8650016784668,39.54999923706055,39.58000183105469,78859,0.0,0.0
2022-07-29 11:30:00-04:00,39.59000015258789,39.720001220703125,39.55500030517578,39.599998474121094,52384,0.0,0.0
2022-07-29 12:30:00-04:00,39.61000061035156,39.72999954223633,39.60499954223633,39.70500183105469,60503,0.0,0.0
2022-07-29 13:30:00-04:00,39.709999084472656,39.970001220703125,39.70000076293945,39.875,127130,0.0,0.0
2022-07-29 14:30:00-04:00,39.880001068115234,40.27000045776367,39.875,40.13999938964844,306495,0.0,0.0
2022-07-29 15:30:00-04:00,40.13999938964844,40.23500061035156,39.95000076293945,39.95500183105469,345015,0.0,0.0
2022-08-01 09:30:00-04:00,39.619998931884766,39.8109016418457,39.279998779296875,39.529998779296875,90448,0.0,0.0
2022-08-01 10:30:00-04:00,39.53499984741211,39.709999084472656,39.459999084472656,39.54999923706055,132230,0.0,0.0
2022-08-01 11:30:00-04:00,39.54999923706055,39.595001220703125,39.400001525878906,39.540000915527344,131085,0.0,0.0
2022-08-01 12:30:00-04:00,39.51499938964844,39.6349983215332,39.47999954223633,39.4900016784668,137303,0.0,0.0
2022-08-01 13:30:00-04:00,39.49800109863281,39.61000061035156,39.404998779296875,39.59000015258789,100562,0.0,0.0
2022-08-01 14:30:00-04:00,39.584999084472656,39.720001220703125,39.46070098876953,39.61000061035156,168239,0.0,0.0
2022-08-01 15:30:00-04:00,39.61000061035156,39.63999938964844,39.439998626708984,39.56999969482422,394635,0.0,0.0
2022-08-02 09:30:00-04:00,39.38999938964844,39.400001525878906,38.8927001953125,39.209999084472656,210664,0.0,0.0
2022-08-02 10:30:00-04:00,39.220001220703125,39.334999084472656,39.09000015258789,39.29999923706055,134686,0.0,0.0
2022-08-02 11:30:00-04:00,39.290000915527344,39.470001220703125,39.224998474121094,39.470001220703125,92778,0.0,0.0
2022-08-02 12:30:00-04:00,39.4900016784668,39.5,39.27000045776367,39.279998779296875,73445,0.0,0.0
2022-08-02 13:30:00-04:00,39.279998779296875,39.279998779296875,39.02000045776367,39.150001525878906,187548,0.0,0.0
2022-08-02 14:30:00-04:00,39.150001525878906,39.244998931884766,38.880001068115234,38.9900016784668,223351,0.0,0.0
2022-08-02 15:30:00-04:00,38.9900016784668,39.04999923706055,38.775001525878906,38.86000061035156,360003,0.0,0.0
2022-08-03 09:30:00-04:00,38.5,38.79990005493164,37.54999923706055,37.93000030517578,456483,0.0,0.0
2022-08-03 10:30:00-04:00,37.95000076293945,38.0,37.7400016784668,37.939998626708984,197985,0.0,0.0
2022-08-03 11:30:00-04:00,37.95000076293945,38.34000015258789,37.91999816894531,38.32500076293945,130698,0.0,0.0
2022-08-03 12:30:00-04:00,38.31999969482422,38.51499938964844,38.31999969482422,38.51499938964844,120289,0.0,0.0
2022-08-03 13:30:00-04:00,38.525001525878906,38.560001373291016,38.349998474121094,38.43899917602539,134008,0.0,0.0
2022-08-03 14:30:00-04:00,38.41999816894531,38.43000030517578,38.04999923706055,38.1150016784668,160953,0.0,0.0
2022-08-03 15:30:00-04:00,38.119998931884766,38.2400016784668,38.040000915527344,38.15999984741211,317265,0.0,0.0
2022-08-04 09:30:00-04:00,38.380001068115234,38.93000030517578,38.040000915527344,38.90999984741211,236480,0.0,0.0
2022-08-04 10:30:00-04:00,38.91999816894531,38.939998626708984,38.68000030517578,38.915000915527344,201894,0.0,0.0
2022-08-04 11:30:00-04:00,38.91999816894531,39.084999084472656,38.67499923706055,38.810001373291016,132814,0.0,0.0
2022-08-04 12:30:00-04:00,38.79499816894531,38.93000030517578,38.790000915527344,38.91999816894531,146744,0.0,0.0
2022-08-04 13:30:00-04:00,38.90999984741211,38.95000076293945,38.81999969482422,38.84000015258789,108189,0.0,0.0
2022-08-04 14:30:00-04:00,38.849998474121094,39.03499984741211,38.77000045776367,38.935001373291016,208431,0.0,0.0
2022-08-04 15:30:00-04:00,38.93000030517578,38.93000030517578,38.68000030517578,38.70000076293945,259472,0.0,0.0
2022-08-05 09:30:00-04:00,38.41999816894531,38.88999938964844,38.29119873046875,38.83000183105469,128197,0.0,0.0
2022-08-05 10:30:00-04:00,38.84000015258789,38.84000015258789,38.54999923706055,38.648799896240234,141277,0.0,0.0
2022-08-05 11:30:00-04:00,38.63999938964844,38.72999954223633,38.599998474121094,38.65999984741211,105263,0.0,0.0
2022-08-05 12:30:00-04:00,38.63999938964844,38.7599983215332,38.618099212646484,38.709999084472656,80617,0.0,0.0
2022-08-05 13:30:00-04:00,38.720001220703125,38.81999969482422,38.650001525878906,38.66999816894531,94977,0.0,0.0
2022-08-05 14:30:00-04:00,38.650001525878906,38.77000045776367,38.630001068115234,38.72999954223633,106574,0.0,0.0
2022-08-05 15:30:00-04:00,38.72999954223633,38.790000915527344,38.70000076293945,38.72999954223633,163453,0.0,0.0
2022-08-08 09:30:00-04:00,38.88999938964844,39.56370162963867,38.88999938964844,39.560001373291016,107985,0.0,0.0
2022-08-08 10:30:00-04:00,39.560001373291016,39.619998931884766,39.25,39.27000045776367,79355,0.0,0.0
2022-08-08 11:30:00-04:00,39.20000076293945,39.209999084472656,38.7400016784668,38.810001373291016,101623,0.0,0.0
2022-08-08 12:30:00-04:00,38.79999923706055,38.900001525878906,38.7599983215332,38.84000015258789,56112,0.0,0.0
2022-08-08 13:30:00-04:00,38.810001373291016,38.849998474121094,38.599998474121094,38.6150016784668,79858,0.0,0.0
2022-08-08 14:30:00-04:00,38.61000061035156,38.68000030517578,38.474998474121094,38.52000045776367,109777,0.0,0.0
2022-08-08 15:30:00-04:00,38.51499938964844,38.630001068115234,38.40999984741211,38.43000030517578,242083,0.0,0.0
2022-08-09 09:30:00-04:00,38.5,38.66999816894531,38.29999923706055,38.65999984741211,150538,0.0,0.0
2022-08-09 10:30:00-04:00,38.630001068115234,38.650001525878906,38.43000030517578,38.5099983215332,145195,0.0,0.0
2022-08-09 11:30:00-04:00,38.505001068115234,38.52000045776367,38.400001525878906,38.439998626708984,85663,0.0,0.0
2022-08-09 12:30:00-04:00,38.44990158081055,38.56999969482422,38.40999984741211,38.47999954223633,89088,0.0,0.0
2022-08-09 13:30:00-04:00,38.46500015258789,38.52000045776367,38.36000061035156,38.41999816894531,91977,0.0,0.0
2022-08-09 14:30:00-04:00,38.435001373291016,38.62879943847656,38.42499923706055,38.61000061035156,117952,0.0,0.0
2022-08-09 15:30:00-04:00,38.61000061035156,38.709999084472656,38.505001068115234,38.70500183105469,202167,0.0,0.0
2022-08-10 09:30:00-04:00,39.290000915527344,39.959999084472656,39.2599983215332,39.915000915527344,111220,0.0,0.0
2022-08-10 10:30:00-04:00,39.91999816894531,40.130001068115234,39.90999984741211,40.02000045776367,185918,0.0,0.0
2022-08-10 11:30:00-04:00,40.029998779296875,40.20000076293945,39.91999816894531,39.9900016784668,135069,0.0,0.0
2022-08-10 12:30:00-04:00,39.9900016784668,40.0,39.810001373291016,39.810001373291016,65204,0.0,0.0
2022-08-10 13:30:00-04:00,39.79999923706055,39.81999969482422,39.61140060424805,39.61140060424805,76526,0.0,0.0
2022-08-10 14:30:00-04:00,39.619998931884766,39.63999938964844,39.44499969482422,39.63999938964844,124855,0.0,0.0
2022-08-10 15:30:00-04:00,39.638999938964844,39.81999969482422,39.61000061035156,39.81999969482422,178909,0.0,0.0
2022-08-11 09:30:00-04:00,39.959999084472656,40.23500061035156,39.83000183105469,40.19499969482422,111592,0.0,0.0
2022-08-11 10:30:00-04:00,40.20000076293945,40.36000061035156,40.189998626708984,40.24530029296875,94757,0.0,0.0
2022-08-11 11:30:00-04:00,40.2400016784668,40.310001373291016,40.130001068115234,40.30500030517578,94510,0.0,0.0
2022-08-11 12:30:00-04:00,40.310001373291016,40.5099983215332,40.310001373291016,40.45000076293945,95666,0.0,0.0
2022-08-11 13:30:00-04:00,40.470001220703125,40.59000015258789,40.45500183105469,40.59000015258789,119235,0.0,0.0
2022-08-11 14:30:00-04:00,40.59000015258789,40.630001068115234,40.349998474121094,40.439998626708984,129192,0.0,0.0
2022-08-11 15:30:00-04:00,40.439998626708984,40.46500015258789,40.290000915527344,40.34000015258789,221282,0.0,0.0
2022-08-12 09:30:00-04:00,40.58000183105469,40.75,40.290000915527344,40.72999954223633,145585,0.0,0.0
2022-08-12 10:30:00-04:00,40.7599983215332,40.83000183105469,40.56999969482422,40.709999084472656,73401,0.0,0.0
2022-08-12 11:30:00-04:00,40.709999084472656,40.790000915527344,40.650001525878906,40.7400016784668,63337,0.0,0.0
2022-08-12 12:30:00-04:00,40.7400016784668,40.84000015258789,40.72999954223633,40.82500076293945,68008,0.0,0.0
2022-08-12 13:30:00-04:00,40.82500076293945,40.875,40.790000915527344,40.869998931884766,86782,0.0,0.0
2022-08-12 14:30:00-04:00,40.880001068115234,41.099998474121094,40.880001068115234,41.084999084472656,148425,0.0,0.0
2022-08-12 15:30:00-04:00,41.09000015258789,41.09000015258789,40.935001373291016,41.029998779296875,192135,0.0,0.0
2022-08-15 09:30:00-04:00,40.54999923706055,40.83000183105469,40.41630172729492,40.52239990234375,109650,0.0,0.0
2022-08-15 10:30:00-04:00,40.52000045776367,40.689998626708984,40.5,40.56890106201172,79177,0.0,0.0
2022-08-15 11:30:00-04:00,40.58000183105469,40.79999923706055,40.566001892089844,40.77000045776367,60156,0.0,0.0
2022-08-15 12:30:00-04:00,40.77000045776367,40.81999969482422,40.712398529052734,40.7400016784668,78106,0.0,0.0
2022-08-15 13:30:00-04:00,40.7400016784668,40.7599983215332,40.58000183105469,40.720001220703125,87789,0.0,0.0
2022-08-15 14:30:00-04:00,40.72999954223633,40.7599983215332,40.69499969482422,40.7400016784668,110674,0.0,0.0
2022-08-15 15:30:00-04:00,40.744998931884766,40.83000183105469,40.665000915527344,40.72999954223633,205589,0.0,0.0
2022-08-16 09:30:00-04:00,40.529998779296875,40.91999816894531,40.5,40.70500183105469,167713,0.0,0.0
2022-08-16 10:30:00-04:00,40.70500183105469,41.025001525878906,40.63999938964844,41.005001068115234,105229,0.0,0.0
2022-08-16 11:30:00-04:00,41.0099983215332,41.04999923706055,40.97999954223633,41.02000045776367,74293,0.0,0.0
2022-08-16 12:30:00-04:00,41.02000045776367,41.025001525878906,40.90999984741211,40.970001220703125,65974,0.0,0.0
2022-08-16 13:30:00-04:00,40.970001220703125,41.06999969482422,40.90999984741211,41.02000045776367,104537,0.0,0.0
2022-08-16 14:30:00-04:00,41.029998779296875,41.029998779296875,40.75,40.88999938964844,105294,0.0,0.0
2022-08-16 15:30:00-04:00,40.88999938964844,41.0,40.80500030517578,40.81999969482422,197053,0.0,0.0
2022-08-17 09:30:00-04:00,40.400001525878906,40.51210021972656,40.31999969482422,40.380001068115234,102990,0.0,0.0
2022-08-17 10:30:00-04:00,40.38999938964844,40.48500061035156,40.279998779296875,40.380001068115234,83785,0.0,0.0
2022-08-17 11:30:00-04:00,40.38999938964844,40.459999084472656,40.250999450683594,40.349998474121094,72536,0.0,0.0
2022-08-17 12:30:00-04:00,40.334999084472656,40.52539825439453,40.334999084472656,40.5,99200,0.0,0.0
2022-08-17 13:30:00-04:00,40.50299835205078,40.93000030517578,40.47999954223633,40.810001373291016,100541,0.0,0.0
2022-08-17 14:30:00-04:00,40.79999923706055,40.90999984741211,40.61000061035156,40.73500061035156,102069,0.0,0.0
2022-08-17 15:30:00-04:00,40.72999954223633,40.755001068115234,40.58000183105469,40.59000015258789,154284,0.0,0.0
2022-08-18 09:30:00-04:00,40.779998779296875,40.91999816894531,40.540000915527344,40.880001068115234,73452,0.0,0.0
2022-08-18 10:30:00-04:00,40.900001525878906,40.939998626708984,40.810001373291016,40.939998626708984,86772,0.0,0.0
2022-08-18 11:30:00-04:00,40.939998626708984,41.005001068115234,40.65999984741211,40.83000183105469,327728,0.0,0.0
2022-08-18 12:30:00-04:00,40.84000015258789,40.849998474121094,40.689998626708984,40.849998474121094,86337,0.0,0.0
2022-08-18 13:30:00-04:00,40.845001220703125,41.04499816894531,40.83000183105469,41.04499816894531,86888,0.0,0.0
2022-08-18 14:30:00-04:00,41.04999923706055,41.17720031738281,40.95000076293945,41.15299987792969,179017,0.0,0.0
2022-08-18 15:30:00-04:00,41.15999984741211,41.27000045776367,41.060001373291016,41.130001068115234,170547,0.0,0.0
2022-08-19 09:30:00-04:00,40.9900016784668,41.15999984741211,40.7599983215332,40.868499755859375,155582,0.0,0.0
2022-08-19 10:30:00-04:00,40.869998931884766,41.02000045776367,40.869998931884766,40.97129821777344,153696,0.0,0.0
2022-08-19 11:30:00-04:00,40.97999954223633,41.06999969482422,40.79999923706055,40.83000183105469,151498,0.0,0.0
2022-08-19 12:30:00-04:00,40.81999969482422,40.88999938964844,40.810001373291016,40.8849983215332,72001,0.0,0.0
2022-08-19 13:30:00-04:00,40.880001068115234,40.939998626708984,40.790000915527344,40.90999984741211,84866,0.0,0.0
2022-08-19 14:30:00-04:00,40.915000915527344,40.93000030517578,40.70000076293945,40.860801696777344,115329,0.0,0.0
2022-08-19 15:30:00-04:00,40.8650016784668,40.880001068115234,40.7599983215332,40.779998779296875,200512,0.0,0.0
2022-08-22 09:30:00-04:00,40.0,40.29999923706055,39.709999084472656,39.720001220703125,187922,0.0,0.0
2022-08-22 10:30:00-04:00,39.724998474121094,39.96500015258789,39.724998474121094,39.869998931884766,125620,0.0,0.0
2022-08-22 11:30:00-04:00,39.869998931884766,39.95500183105469,39.779998779296875,39.79999923706055,119628,0.0,0.0
2022-08-22 12:30:00-04:00,39.79999923706055,39.88999938964844,39.720001220703125,39.859500885009766,112017,0.0,0.0
2022-08-22 13:30:00-04:00,39.849998474121094,39.939998626708984,39.83000183105469,39.875,206906,0.0,0.0
2022-08-22 14:30:00-04:00,39.869998931884766,39.95000076293945,39.84000015258789,39.915000915527344,232012,0.0,0.0
2022-08-22 15:30:00-04:00,39.91999816894531,40.099998474121094,39.84000015258789,39.880001068115234,363983,0.0,0.0
2022-08-23 09:30:00-04:00,39.90999984741211,40.209999084472656,39.7599983215332,39.95000076293945,100492,0.0,0.0
2022-08-23 10:30:00-04:00,39.970001220703125,40.04999923706055,39.72999954223633,39.84000015258789,97427,0.0,0.0
2022-08-23 11:30:00-04:00,39.849998474121094,39.95000076293945,39.779998779296875,39.779998779296875,68331,0.0,0.0
2022-08-23 12:30:00-04:00,39.779998779296875,39.88999938964844,39.7599983215332,39.81999969482422,55595,0.0,0.0
2022-08-23 13:30:00-04:00,39.84000015258789,39.85850143432617,39.63999938964844,39.79119873046875,79016,0.0,0.0
2022-08-23 14:30:00-04:00,39.7599983215332,39.82500076293945,39.720001220703125,39.814998626708984,91680,0.0,0.0
2022-08-23 15:30:00-04:00,39.810001373291016,39.84000015258789,39.685001373291016,39.709999084472656,148023,0.0,0.0
2022-08-24 09:30:00-04:00,39.59000015258789,39.810001373291016,39.47999954223633,39.779998779296875,116871,0.0,0.0
2022-08-24 10:30:00-04:00,39.79999923706055,39.83000183105469,39.59000015258789,39.81999969482422,84860,0.0,0.0
2022-08-24 11:30:00-04:00,39.810001373291016,39.83000183105469,39.630001068115234,39.630001068115234,68199,0.0,0.0
2022-08-24 12:30:00-04:00,39.6349983215332,39.64500045776367,39.400001525878906,39.400001525878906,61798,0.0,0.0
2022-08-24 13:30:00-04:00,39.400001525878906,39.4109992980957,39.31999969482422,39.40999984741211,72505,0.0,0.0
2022-08-24 14:30:00-04:00,39.40999984741211,39.45000076293945,39.29999923706055,39.38999938964844,107203,0.0,0.0
2022-08-24 15:30:00-04:00,39.400001525878906,39.5,39.369998931884766,39.38999938964844,170500,0.0,0.0
2022-08-25 09:30:00-04:00,39.560001373291016,40.15999984741211,39.43000030517578,40.130001068115234,218259,0.0,0.0
2022-08-25 10:30:00-04:00,40.130001068115234,40.290000915527344,40.119998931884766,40.189998626708984,127069,0.0,0.0
2022-08-25 11:30:00-04:00,40.19499969482422,40.2599983215332,40.09000015258789,40.19499969482422,72794,0.0,0.0
2022-08-25 12:30:00-04:00,40.19499969482422,40.38999938964844,40.18000030517578,40.38999938964844,176190,0.0,0.0
2022-08-25 13:30:00-04:00,40.38999938964844,40.56999969482422,40.3650016784668,40.54999923706055,180886,0.0,0.0
2022-08-25 14:30:00-04:00,40.54499816894531,40.59000015258789,40.439998626708984,40.59000015258789,197655,0.0,0.0
2022-08-25 15:30:00-04:00,40.59000015258789,40.849998474121094,40.54999923706055,40.84000015258789,376304,0.0,0.0
2022-08-26 09:30:00-04:00,41.119998931884766,41.130001068115234,40.2400016784668,40.279998779296875,133687,0.0,0.0
2022-08-26 10:30:00-04:00,40.27000045776367,40.29999923706055,40.099998474121094,40.21500015258789,384798,0.0,0.0
2022-08-26 11:30:00-04:00,40.220001220703125,40.380001068115234,40.099998474121094,40.18000030517578,166441,0.0,0.0
2022-08-26 12:30:00-04:00,40.18000030517578,40.290000915527344,40.099998474121094,40.27000045776367,159693,0.0,0.0
2022-08-26 13:30:00-04:00,40.26499938964844,40.28499984741211,40.1150016784668,40.2400016784668,178495,0.0,0.0
2022-08-26 14:30:00-04:00,40.25,40.30550003051758,40.20000076293945,40.279998779296875,234562,0.0,0.0
2022-08-26 15:30:00-04:00,40.279998779296875,40.34000015258789,40.220001220703125,40.279998779296875,481997,0.0,0.0
2022-08-29 09:30:00-04:00,39.900001525878906,39.915000915527344,39.494998931884766,39.595001220703125,208584,0.0,0.0
2022-08-29 10:30:00-04:00,39.59000015258789,39.7599983215332,39.5,39.720001220703125,185743,0.0,0.0
2022-08-29 11:30:00-04:00,39.72999954223633,40.01499938964844,39.72999954223633,39.91999816894531,126400,0.0,0.0
2022-08-29 12:30:00-04:00,39.91999816894531,40.11000061035156,39.88999938964844,39.900001525878906,102346,0.0,0.0
2022-08-29 13:30:00-04:00,39.88999938964844,40.03499984741211,39.80500030517578,39.80500030517578,176375,0.0,0.0
2022-08-29 14:30:00-04:00,39.80500030517578,39.939998626708984,39.70000076293945,39.71500015258789,190699,0.0,0.0
2022-08-29 15:30:00-04:00,39.709999084472656,39.81999969482422,39.69499969482422,39.779998779296875,380150,0.0,0.0
2022-08-30 09:30:00-04:00,39.970001220703125,39.9900016784668,39.61000061035156,39.79999923706055,160274,0.0,0.0
2022-08-30 10:30:00-04:00,39.790000915527344,39.869998931884766,39.54499816894531,39.810001373291016,164501,0.0,0.0
2022-08-30 11:30:00-04:00,39.790000915527344,39.92499923706055,39.73500061035156,39.869998931884766,125135,0.0,0.0
2022-08-30 12:30:00-04:00,39.869998931884766,39.869998931884766,39.529998779296875,39.59000015258789,187746,0.0,0.0
2022-08-30 13:30:00-04:00,39.58000183105469,39.625,39.439998626708984,39.4900016784668,231829,0.0,0.0
2022-08-30 14:30:00-04:00,39.47999954223633,39.648101806640625,39.459999084472656,39.58000183105469,217544,0.0,0.0
2022-08-30 15:30:00-04:00,39.58000183105469,39.64500045776367,39.494998931884766,39.619998931884766,298662,0.0,0.0
2022-08-31 09:30:00-04:00,39.79999923706055,39.900001525878906,39.290000915527344,39.29999923706055,220935,0.0,0.0
2022-08-31 10:30:00-04:00,39.310001373291016,39.4900016784668,39.18000030517578,39.310001373291016,226633,0.0,0.0
2022-08-31 11:30:00-04:00,39.29999923706055,39.369998931884766,39.20330047607422,39.25,148792,0.0,0.0
2022-08-31 12:30:00-04:00,39.25,39.31999969482422,39.119998931884766,39.165000915527344,134291,0.0,0.0
2022-08-31 13:30:00-04:00,39.13100051879883,39.16999816894531,39.029998779296875,39.06999969482422,157213,0.0,0.0
2022-08-31 14:30:00-04:00,39.060001373291016,39.189998626708984,38.91999816894531,39.04999923706055,256840,0.0,0.0
2022-08-31 15:30:00-04:00,39.040000915527344,39.2400016784668,39.0,39.11000061035156,481840,0.0,0.0
2022-09-01 09:30:00-04:00,39.0,39.0099983215332,38.54999923706055,38.900001525878906,303888,0.0,0.0
2022-09-01 10:30:00-04:00,38.88999938964844,39.20000076293945,38.755001068115234,39.14500045776367,189818,0.0,0.0
2022-09-01 11:30:00-04:00,39.14500045776367,39.36000061035156,39.095001220703125,39.150001525878906,160561,0.0,0.0
2022-09-01 12:30:00-04:00,39.1349983215332,39.209999084472656,38.92499923706055,39.209999084472656,193157,0.0,0.0
2022-09-01 13:30:00-04:00,39.209999084472656,39.25,39.029998779296875,39.220001220703125,144559,0.0,0.0
2022-09-01 14:30:00-04:00,39.224998474121094,39.494998931884766,39.20000076293945,39.349998474121094,228794,0.0,0.0
2022-09-01 15:30:00-04:00,39.345001220703125,39.45000076293945,39.150001525878906,39.439998626708984,373086,0.0,0.0
2022-09-02 09:30:00-04:00,39.880001068115234,40.099998474121094,39.720001220703125,40.099998474121094,189368,0.0,0.0
2022-09-02 10:30:00-04:00,40.119998931884766,40.400001525878906,40.060001373291016,40.380001068115234,136423,0.0,0.0
2022-09-02 11:30:00-04:00,40.400001525878906,40.709999084472656,40.3921012878418,40.40999984741211,186790,0.0,0.0
2022-09-02 12:30:00-04:00,40.400001525878906,40.41999816894531,39.970001220703125,39.97999954223633,233338,0.0,0.0
2022-09-02 13:30:00-04:00,39.97999954223633,39.97999954223633,39.70000076293945,39.900001525878906,141258,0.0,0.0
2022-09-02 14:30:00-04:00,39.90999984741211,39.939998626708984,39.6150016784668,39.619998931884766,181292,0.0,0.0
2022-09-02 15:30:00-04:00,39.61000061035156,39.685001373291016,39.45000076293945,39.619998931884766,314728,0.0,0.0
2022-09-06 09:30:00-04:00,39.72999954223633,39.869998931884766,39.13999938964844,39.51530075073242,359051,0.0,0.0
2022-09-06 10:30:00-04:00,39.5099983215332,39.689998626708984,39.34000015258789,39.47999954223633,162044,0.0,0.0
2022-09-06 11:30:00-04:00,39.474998474121094,39.709999084472656,39.470001220703125,39.55759811401367,149036,0.0,0.0
2022-09-06 12:30:00-04:00,39.560001373291016,39.59000015258789,39.36000061035156,39.43000030517578,186072,0.0,0.0
2022-09-06 13:30:00-04:00,39.43000030517578,39.58000183105469,39.412498474121094,39.47999954223633,266773,0.0,0.0
2022-09-06 14:30:00-04:00,39.474998474121094,39.48500061035156,39.13999938964844,39.25,207847,0.0,0.0
2022-09-06 15:30:00-04:00,39.244998931884766,39.35499954223633,39.18000030517578,39.310001373291016,420785,0.0,0.0
2022-09-07 09:30:00-04:00,39.279998779296875,39.45000076293945,39.15999984741211,39.45000076293945,133307,0.0,0.0
2022-09-07 10:30:00-04:00,39.470001220703125,40.060001373291016,39.470001220703125,39.959999084472656,146725,0.0,0.0
2022-09-07 11:30:00-04:00,39.95000076293945,40.0,39.69499969482422,39.79499816894531,98593,0.0,0.0
2022-09-07 12:30:00-04:00,39.79079818725586,39.95500183105469,39.775001525878906,39.869998931884766,84606,0.0,0.0
2022-09-07 13:30:00-04:00,39.884498596191406,40.060001373291016,39.884498596191406,40.04499816894531,115547,0.0,0.0
2022-09-07 14:30:00-04:00,40.04999923706055,40.150001525878906,40.02000045776367,40.05500030517578,218654,0.0,0.0
2022-09-07 15:30:00-04:00,40.05500030517578,40.125,39.91999816894531,40.0,345894,0.0,0.0
2022-09-08 09:30:00-04:00,39.7599983215332,39.79999923706055,39.400001525878906,39.75,287806,0.0,0.0
2022-09-08 10:30:00-04:00,39.7400016784668,40.18000030517578,39.709999084472656,40.08000183105469,332199,0.0,0.0
2022-09-08 11:30:00-04:00,40.119998931884766,40.2599983215332,39.90999984741211,40.09000015258789,217651,0.0,0.0
2022-09-08 12:30:00-04:00,40.11000061035156,40.31999969482422,40.11000061035156,40.2400016784668,139985,0.0,0.0
2022-09-08 13:30:00-04:00,40.25,40.415000915527344,40.22999954223633,40.34000015258789,113489,0.0,0.0
2022-09-08 14:30:00-04:00,40.34000015258789,40.42499923706055,40.25,40.334999084472656,161260,0.0,0.0
2022-09-08 15:30:00-04:00,40.334999084472656,40.4900016784668,40.2599983215332,40.4900016784668,209033,0.0,0.0
2022-09-09 09:30:00-04:00,40.7599983215332,41.2599983215332,40.66299819946289,41.25,183642,0.0,0.0
2022-09-09 10:30:00-04:00,41.2400016784668,41.29999923706055,41.099998474121094,41.189998626708984,154366,0.0,0.0
2022-09-09 11:30:00-04:00,41.18000030517578,41.22999954223633,41.09000015258789,41.14500045776367,106331,0.0,0.0
2022-09-09 12:30:00-04:00,41.13999938964844,41.31999969482422,41.119998931884766,41.28499984741211,158265,0.0,0.0
2022-09-09 13:30:00-04:00,41.280799865722656,41.630001068115234,41.279998779296875,41.630001068115234,176137,0.0,0.0
2022-09-09 14:30:00-04:00,41.630001068115234,41.77000045776367,41.59000015258789,41.7599983215332,244469,0.0,0.0
2022-09-09 15:30:00-04:00,41.76499938964844,41.79999923706055,41.66999816894531,41.77000045776367,341105,0.0,0.0
2022-09-12 09:30:00-04:00,42.04999923706055,42.54999923706055,41.849998474121094,42.47999954223633,452007,0.0,0.0
2022-09-12 10:30:00-04:00,42.4900016784668,42.5099983215332,42.15999984741211,42.31999969482422,147642,0.0,0.0
2022-09-12 11:30:00-04:00,42.31999969482422,42.32500076293945,41.97999954223633,42.1150016784668,196056,0.0,0.0
2022-09-12 12:30:00-04:00,42.130001068115234,42.154998779296875,42.02000045776367,42.06999969482422,148340,0.0,0.0
2022-09-12 13:30:00-04:00,42.064998626708984,42.07500076293945,41.939998626708984,42.0,155348,0.0,0.0
2022-09-12 14:30:00-04:00,42.0099983215332,42.060001373291016,41.93000030517578,41.935001373291016,217276,0.0,0.0
2022-09-12 15:30:00-04:00,41.935001373291016,42.064998626708984,41.880001068115234,42.04999923706055,278778,0.0,0.0
2022-09-13 09:30:00-04:00,41.380001068115234,41.619998931884766,41.09000015258789,41.2599983215332,379640,0.0,0.0
2022-09-13 10:30:00-04:00,41.2599983215332,41.45000076293945,41.23749923706055,41.43170166015625,305346,0.0,0.0
2022-09-13 11:30:00-04:00,41.43000030517578,41.525001525878906,41.369998931884766,41.40999984741211,137340,0.0,0.0
2022-09-13 12:30:00-04:00,41.40999984741211,41.43000030517578,41.2599983215332,41.29499816894531,215253,0.0,0.0
2022-09-13 13:30:00-04:00,41.29499816894531,41.334999084472656,41.154998779296875,41.15999984741211,208880,0.0,0.0
2022-09-13 14:30:00-04:00,41.165000915527344,41.16999816894531,40.72999954223633,40.7400016784668,231827,0.0,0.0
2022-09-13 15:30:00-04:00,40.73500061035156,40.79999923706055,40.52000045776367,40.72999954223633,413478,0.0,0.0
2022-09-14 09:30:00-04:00,40.81999969482422,41.029998779296875,40.119998931884766,40.130001068115234,425063,0.0,0.0
2022-09-14 10:30:00-04:00,40.13999938964844,40.33000183105469,40.040000915527344,40.15999984741211,298830,0.0,0.0
2022-09-14 11:30:00-04:00,40.15999984741211,40.290000915527344,39.84000015258789,39.904998779296875,220387,0.0,0.0
2022-09-14 12:30:00-04:00,39.90999984741211,40.0,39.849998474121094,39.88999938964844,125412,0.0,0.0
2022-09-14 13:30:00-04:00,39.89500045776367,39.915000915527344,39.595001220703125,39.60499954223633,161258,0.0,0.0
2022-09-14 14:30:00-04:00,39.60499954223633,39.665000915527344,39.290000915527344,39.334999084472656,192425,0.0,0.0
2022-09-14 15:30:00-04:00,39.33000183105469,39.56999969482422,39.209999084472656,39.560001373291016,405456,0.0,0.0
2022-09-15 09:30:00-04:00,39.22999954223633,40.16999816894531,39.19499969482422,39.82500076293945,222630,0.0,0.0
2022-09-15 10:30:00-04:00,39.82500076293945,40.025001525878906,39.7599983215332,39.97999954223633,145030,0.0,0.0
2022-09-15 11:30:00-04:00,39.97999954223633,40.04999923706055,39.790000915527344,39.939998626708984,123073,0.0,0.0
2022-09-15 12:30:00-04:00,39.95000076293945,40.28799819946289,39.939998626708984,40.16999816894531,116175,0.0,0.0
2022-09-15 13:30:00-04:00,40.150001525878906,40.20000076293945,39.880001068115234,40.064998626708984,113961,0.0,0.0
2022-09-15 14:30:00-04:00,40.06999969482422,40.13999938964844,39.630001068115234,39.689998626708984,118634,0.0,0.0
2022-09-15 15:30:00-04:00,39.69499969482422,39.81999969482422,39.650001525878906,39.79499816894531,223534,0.0,0.0
2022-09-16 09:30:00-04:00,39.43000030517578,39.829498291015625,39.06999969482422,39.79999923706055,196569,0.0,0.0
2022-09-16 10:30:00-04:00,39.83000183105469,39.939998626708984,39.630001068115234,39.79999923706055,160393,0.0,0.0
2022-09-16 11:30:00-04:00,39.790000915527344,39.939998626708984,39.744998931884766,39.779998779296875,168430,0.0,0.0
2022-09-16 12:30:00-04:00,39.77000045776367,39.85499954223633,39.689998626708984,39.810001373291016,169542,0.0,0.0
2022-09-16 13:30:00-04:00,39.81999969482422,39.88999938964844,39.65999984741211,39.8849983215332,151627,0.0,0.0
2022-09-16 14:30:00-04:00,39.880001068115234,40.06999969482422,39.845001220703125,39.93000030517578,177835,0.0,0.0
2022-09-16 15:30:00-04:00,39.91999816894531,40.209999084472656,39.869998931884766,40.130001068115234,401324,0.0,0.0
2022-09-19 09:30:00-04:00,39.7599983215332,40.29999923706055,39.685001373291016,40.279998779296875,183798,0.0,0.0
2022-09-19 10:30:00-04:00,40.25,40.439998626708984,40.09000015258789,40.13999938964844,111014,0.0,0.0
2022-09-19 11:30:00-04:00,40.130001068115234,40.150001525878906,40.0,40.025001525878906,102272,0.0,0.0
2022-09-19 12:30:00-04:00,40.025001525878906,40.275001525878906,40.0099983215332,40.25,98878,0.0,0.0
2022-09-19 13:30:00-04:00,40.2599983215332,40.27000045776367,40.084999084472656,40.18000030517578,146498,0.0,0.0
2022-09-19 14:30:00-04:00,40.189998626708984,40.540000915527344,40.189998626708984,40.5099983215332,107846,0.0,0.0
2022-09-19 15:30:00-04:00,40.529998779296875,40.599998474121094,40.435001373291016,40.560001373291016,134546,0.0,0.0
2022-09-20 09:30:00-04:00,40.209999084472656,40.22999954223633,39.47999954223633,39.5,145650,0.0,0.0
2022-09-20 10:30:00-04:00,39.5,39.51919937133789,39.33000183105469,39.400001525878906,117956,0.0,0.0
2022-09-20 11:30:00-04:00,39.400001525878906,39.599998474121094,39.369998931884766,39.51499938964844,106202,0.0,0.0
2022-09-20 12:30:00-04:00,39.510501861572266,39.599998474121094,39.310001373291016,39.345001220703125,128924,0.0,0.0
2022-09-20 13:30:00-04:00,39.345001220703125,39.53390121459961,39.28499984741211,39.5099983215332,150611,0.0,0.0
2022-09-20 14:30:00-04:00,39.4900016784668,39.630001068115234,39.404998779296875,39.6150016784668,118849,0.0,0.0
2022-09-20 15:30:00-04:00,39.61000061035156,39.904998779296875,39.56999969482422,39.875,371199,0.0,0.0
2022-09-21 09:30:00-04:00,40.130001068115234,40.540000915527344,40.130001068115234,40.349998474121094,153351,0.0,0.0
2022-09-21 10:30:00-04:00,40.330101013183594,40.34000015258789,40.22999954223633,40.27000045776367,126098,0.0,0.0
2022-09-21 11:30:00-04:00,40.27000045776367,40.36000061035156,40.2400016784668,40.29999923706055,104757,0.0,0.0
2022-09-21 12:30:00-04:00,40.310001373291016,40.349998474121094,40.2400016784668,40.29999923706055,66969,0.0,0.0
2022-09-21 13:30:00-04:00,40.29999923706055,40.400001525878906,39.84640121459961,39.959999084472656,201631,0.0,0.0
2022-09-21 14:30:00-04:00,39.93000030517578,40.630001068115234,39.900001525878906,39.939998626708984,222416,0.0,0.0
2022-09-21 15:30:00-04:00,39.92499923706055,40.040000915527344,39.650001525878906,39.650001525878906,377570,0.0,0.0
2022-09-22 09:30:00-04:00,39.720001220703125,39.72999954223633,37.7599983215332,37.86000061035156,569670,0.0,0.0
2022-09-22 10:30:00-04:00,37.86000061035156,37.95000076293945,37.150001525878906,37.5099983215332,929994,0.0,0.0
2022-09-22 11:30:00-04:00,37.5,37.619998931884766,37.43360137939453,37.4900016784668,181838,0.0,0.0
2022-09-22 12:30:00-04:00,37.47999954223633,37.52000045776367,37.22999954223633,37.42499923706055,185602,0.0,0.0
2022-09-22 13:30:00-04:00,37.43000030517578,37.61000061035156,37.43000030517578,37.58000183105469,230060,0.0,0.0
2022-09-22 14:30:00-04:00,37.584999084472656,37.70000076293945,37.459999084472656,37.494998931884766,226295,0.0,0.0
2022-09-22 15:30:00-04:00,37.494998931884766,37.65999984741211,37.400001525878906,37.40999984741211,546211,0.0,0.0
2022-09-23 09:30:00-04:00,37.0,37.064998626708984,35.65999984741211,35.88999938964844,440750,0.0,0.0
2022-09-23 10:30:00-04:00,35.880001068115234,35.88999938964844,35.529998779296875,35.70500183105469,326847,0.0,0.0
2022-09-23 11:30:00-04:00,35.709999084472656,35.720001220703125,35.400001525878906,35.5099983215332,402996,0.0,0.0
2022-09-23 12:30:00-04:00,35.54999923706055,36.189998626708984,35.54100036621094,36.0,205610,0.0,0.0
2022-09-23 13:30:00-04:00,36.002601623535156,36.209999084472656,35.93000030517578,36.026798248291016,236057,0.0,0.0
2022-09-23 14:30:00-04:00,36.02000045776367,36.290000915527344,35.90999984741211,36.27000045776367,283659,0.0,0.0
2022-09-23 15:30:00-04:00,36.275001525878906,36.54499816894531,36.22999954223633,36.52000045776367,445558,0.0,0.0
2022-09-26 09:30:00-04:00,35.970001220703125,36.220001220703125,35.5,36.09000015258789,313863,0.0,0.0
2022-09-26 10:30:00-04:00,36.08000183105469,36.10499954223633,35.75,35.81999969482422,291182,0.0,0.0
2022-09-26 11:30:00-04:00,35.810001373291016,35.83000183105469,35.20000076293945,35.20000076293945,174437,0.0,0.0
2022-09-26 12:30:00-04:00,35.189998626708984,35.19499969482422,34.87099838256836,34.970001220703125,200758,0.0,0.0
2022-09-26 13:30:00-04:00,34.97999954223633,35.290000915527344,34.97999954223633,35.09000015258789,163100,0.0,0.0
2022-09-26 14:30:00-04:00,35.09000015258789,35.43000030517578,35.060001373291016,35.27000045776367,204119,0.0,0.0
2022-09-26 15:30:00-04:00,35.27000045776367,35.33000183105469,34.91999816894531,34.959999084472656,559106,0.0,0.0
2022-09-27 09:30:00-04:00,35.29999923706055,35.56999969482422,35.130001068115234,35.279998779296875,243874,0.0,0.0
2022-09-27 10:30:00-04:00,35.27000045776367,35.48500061035156,34.93000030517578,34.93000030517578,201200,0.0,0.0
2022-09-27 11:30:00-04:00,34.970001220703125,35.08000183105469,34.560001373291016,34.63999938964844,169019,0.0,0.0
2022-09-27 12:30:00-04:00,34.65999984741211,34.778099060058594,34.560001373291016,34.720001220703125,194231,0.0,0.0
2022-09-27 13:30:00-04:00,34.709999084472656,34.76499938964844,34.505001068115234,34.63999938964844,122374,0.0,0.0
2022-09-27 14:30:00-04:00,34.630001068115234,34.869998931884766,34.58000183105469,34.790000915527344,185367,0.0,0.0
2022-09-27 15:30:00-04:00,34.790000915527344,34.86000061035156,34.66999816894531,34.7599983215332,277612,0.0,0.0
2022-09-28 09:30:00-04:00,35.04999923706055,35.650001525878906,34.79999923706055,35.55350112915039,319092,0.0,0.0
2022-09-28 10:30:00-04:00,35.59000015258789,36.06999969482422,35.5,36.0,184821,0.0,0.0
2022-09-28 11:30:00-04:00,36.0,36.27000045776367,35.91999816894531,36.20000076293945,216549,0.0,0.0
2022-09-28 12:30:00-04:00,36.15999984741211,36.27980041503906,36.130001068115234,36.18000030517578,132151,0.0,0.0
2022-09-28 13:30:00-04:00,36.13999938964844,36.22999954223633,36.029998779296875,36.06999969482422,155384,0.0,0.0
2022-09-28 14:30:00-04:00,36.07500076293945,36.41999816894531,36.07500076293945,36.40999984741211,163835,0.0,0.0
2022-09-28 15:30:00-04:00,36.415000915527344,36.52080154418945,36.2400016784668,36.2400016784668,301782,0.0,0.0
2022-09-29 09:30:00-04:00,35.869998931884766,35.880001068115234,35.2400016784668,35.619998931884766,225899,0.0,0.0
2022-09-29 10:30:00-04:00,35.630001068115234,36.20000076293945,35.560001373291016,36.04999923706055,195915,0.0,0.0
2022-09-29 11:30:00-04:00,36.040000915527344,36.400001525878906,35.9900016784668,36.38999938964844,157349,0.0,0.0
2022-09-29 12:30:00-04:00,36.400001525878906,36.5,36.22999954223633,36.34000015258789,155140,0.0,0.0
2022-09-29 13:30:00-04:00,36.31999969482422,36.36000061035156,35.954498291015625,36.14500045776367,257814,0.0,0.0
2022-09-29 14:30:00-04:00,36.150001525878906,36.3849983215332,36.130001068115234,36.33000183105469,167204,0.0,0.0
2022-09-29 15:30:00-04:00,36.31999969482422,36.439998626708984,36.189998626708984,36.2400016784668,319577,0.0,0.0
2022-09-30 09:30:00-04:00,36.5099983215332,36.90999984741211,36.459999084472656,36.63999938964844,238686,0.0,0.0
2022-09-30 10:30:00-04:00,36.654998779296875,36.95000076293945,36.6349983215332,36.86000061035156,200419,0.0,0.0
2022-09-30 11:30:00-04:00,36.86000061035156,37.0,36.709999084472656,36.75,262449,0.0,0.0
2022-09-30 12:30:00-04:00,36.7599983215332,36.959999084472656,36.650001525878906,36.68000030517578,253884,0.0,0.0
2022-09-30 13:30:00-04:00,36.68000030517578,36.77000045776367,36.57500076293945,36.72999954223633,150137,0.0,0.0
2022-09-30 14:30:00-04:00,36.72999954223633,36.7599983215332,36.36000061035156,36.470001220703125,200028,0.0,0.0
2022-09-30 15:30:00-04:00,36.474998474121094,36.529998779296875,36.16999816894531,36.220001220703125,292932,0.0,0.0
2022-10-03 09:30:00-04:00,36.709999084472656,37.310001373291016,35.7599983215332,37.22999954223633,246725,0.0,0.0
2022-10-03 10:30:00-04:00,37.2599983215332,37.29999923706055,36.900001525878906,37.209999084472656,170882,0.0,0.0
2022-10-03 11:30:00-04:00,37.220001220703125,37.54999923706055,37.220001220703125,37.3650016784668,140162,0.0,0.0
2022-10-03 12:30:00-04:00,37.36000061035156,37.400001525878906,37.11000061035156,37.31999969482422,143848,0.0,0.0
2022-10-03 13:30:00-04:00,37.33000183105469,37.555198669433594,37.33000183105469,37.529998779296875,124436,0.0,0.0
2022-10-03 14:30:00-04:00,37.52000045776367,37.55500030517578,37.439998626708984,37.5099983215332,162649,0.0,0.0
2022-10-03 15:30:00-04:00,37.5099983215332,37.529998779296875,37.36000061035156,37.41999816894531,280733,0.0,0.0
2022-10-04 09:30:00-04:00,37.81999969482422,38.95000076293945,37.81999969482422,38.88999938964844,205865,0.0,0.0
2022-10-04 10:30:00-04:00,38.900001525878906,39.31999969482422,38.88999938964844,39.31999969482422,211300,0.0,0.0
2022-10-04 11:30:00-04:00,39.31010055541992,39.32680130004883,38.970001220703125,39.209999084472656,176144,0.0,0.0
2022-10-04 12:30:00-04:00,39.220001220703125,39.2599983215332,38.86000061035156,38.95000076293945,115362,0.0,0.0
2022-10-04 13:30:00-04:00,38.970001220703125,39.16999816894531,38.88999938964844,39.0,139903,0.0,0.0
2022-10-04 14:30:00-04:00,38.9900016784668,39.154998779296875,38.900001525878906,39.13999938964844,130758,0.0,0.0
2022-10-04 15:30:00-04:00,39.13999938964844,39.36000061035156,39.10499954223633,39.35499954223633,260751,0.0,0.0
2022-10-05 09:30:00-04:00,38.810001373291016,39.040000915527344,38.63999938964844,38.79999923706055,209465,0.0,0.0
2022-10-05 10:30:00-04:00,38.77000045776367,38.84000015258789,38.63999938964844,38.72999954223633,130334,0.0,0.0
2022-10-05 11:30:00-04:00,38.7400016784668,38.900001525878906,38.654998779296875,38.83000183105469,107005,0.0,0.0
2022-10-05 12:30:00-04:00,38.81999969482422,39.22999954223633,38.79679870605469,39.17499923706055,94254,0.0,0.0
2022-10-05 13:30:00-04:00,39.16999816894531,39.18000030517578,39.08000183105469,39.150001525878906,96409,0.0,0.0
2022-10-05 14:30:00-04:00,39.150001525878906,39.31999969482422,39.06999969482422,39.279998779296875,107914,0.0,0.0
2022-10-05 15:30:00-04:00,39.279998779296875,39.36000061035156,39.09000015258789,39.11000061035156,157839,0.0,0.0
2022-10-06 09:30:00-04:00,39.0,39.16999816894531,38.66999816894531,38.69380187988281,146929,0.0,0.0
2022-10-06 10:30:00-04:00,38.661598205566406,38.849998474121094,38.59000015258789,38.849998474121094,134652,0.0,0.0
2022-10-06 11:30:00-04:00,38.81999969482422,39.21500015258789,38.79999923706055,39.21500015258789,119615,0.0,0.0
2022-10-06 12:30:00-04:00,39.22999954223633,39.400001525878906,39.18000030517578,39.400001525878906,118863,0.0,0.0
2022-10-06 13:30:00-04:00,39.400001525878906,39.4900016784668,39.31999969482422,39.33000183105469,181409,0.0,0.0
2022-10-06 14:30:00-04:00,39.33000183105469,39.470001220703125,39.27000045776367,39.45000076293945,184036,0.0,0.0
2022-10-06 15:30:00-04:00,39.47999954223633,39.66999816894531,39.41999816894531,39.505001068115234,336533,0.0,0.0
2022-10-07 09:30:00-04:00,39.099998474121094,39.209999084472656,38.619998931884766,38.994998931884766,138522,0.0,0.0
2022-10-07 10:30:00-04:00,39.0,39.16999816894531,38.83000183105469,38.90129852294922,133776,0.0,0.0
2022-10-07 11:30:00-04:00,38.89500045776367,38.900001525878906,38.70000076293945,38.75,119931,0.0,0.0
2022-10-07 12:30:00-04:00,38.745201110839844,38.7599983215332,38.5099983215332,38.7400016784668,75336,0.0,0.0
2022-10-07 13:30:00-04:00,38.709999084472656,38.7599983215332,38.54999923706055,38.56999969482422,84916,0.0,0.0
2022-10-07 14:30:00-04:00,38.56999969482422,38.650001525878906,38.459999084472656,38.5,147050,0.0,0.0
2022-10-07 15:30:00-04:00,38.4900016784668,38.68000030517578,38.4900016784668,38.56999969482422,275403,0.0,0.0
2022-10-10 09:30:00-04:00,38.939998626708984,39.119998931884766,38.744998931884766,39.04999923706055,166351,0.0,0.0
2022-10-10 10:30:00-04:00,39.040000915527344,39.11000061035156,38.68000030517578,38.89500045776367,109912,0.0,0.0
2022-10-10 11:30:00-04:00,38.88999938964844,38.91999816894531,38.70899963378906,38.7400016784668,109287,0.0,0.0
2022-10-10 12:30:00-04:00,38.73500061035156,38.79999923706055,38.63999938964844,38.67499923706055,151025,0.0,0.0
2022-10-10 13:30:00-04:00,38.65999984741211,39.099998474121094,38.650001525878906,38.81999969482422,99304,0.0,0.0
2022-10-10 14:30:00-04:00,38.81999969482422,38.96500015258789,38.72999954223633,38.72999954223633,145921,0.0,0.0
2022-10-10 15:30:00-04:00,38.72999954223633,38.849998474121094,38.63999938964844,38.685001373291016,195194,0.0,0.0
2022-10-11 09:30:00-04:00,38.5099983215332,38.58000183105469,37.939998626708984,37.9900016784668,248084,0.0,0.0
2022-10-11 10:30:00-04:00,37.97999954223633,38.34000015258789,37.880001068115234,38.310001373291016,138474,0.0,0.0
2022-10-11 11:30:00-04:00,38.310001373291016,38.689998626708984,38.310001373291016,38.650001525878906,142534,0.0,0.0
2022-10-11 12:30:00-04:00,38.66999816894531,38.75,38.595001220703125,38.619998931884766,95426,0.0,0.0
2022-10-11 13:30:00-04:00,38.65999984741211,38.689998626708984,38.540000915527344,38.619998931884766,69460,0.0,0.0
2022-10-11 14:30:00-04:00,38.630001068115234,38.689998626708984,38.08000183105469,38.22999954223633,150741,0.0,0.0
2022-10-11 15:30:00-04:00,38.220001220703125,38.380001068115234,38.13999938964844,38.2400016784668,285296,0.0,0.0
2022-10-12 09:30:00-04:00,38.2400016784668,38.59000015258789,37.880001068115234,38.529998779296875,182433,0.0,0.0
2022-10-12 10:30:00-04:00,38.540000915527344,38.650001525878906,38.27000045776367,38.63999938964844,156204,0.0,0.0
2022-10-12 11:30:00-04:00,38.630001068115234,38.69499969482422,38.31999969482422,38.50910186767578,104502,0.0,0.0
2022-10-12 12:30:00-04:00,38.53499984741211,38.65999984741211,38.5,38.58000183105469,61785,0.0,0.0
2022-10-12 13:30:00-04:00,38.560001373291016,38.66999816894531,38.380001068115234,38.65999984741211,101853,0.0,0.0
2022-10-12 14:30:00-04:00,38.65999984741211,38.709999084472656,38.439998626708984,38.439998626708984,91431,0.0,0.0
2022-10-12 15:30:00-04:00,38.402000427246094,38.50899887084961,38.209999084472656,38.25,261643,0.0,0.0
2022-10-13 09:30:00-04:00,37.5,37.88999938964844,37.04999923706055,37.43000030517578,132135,0.0,0.0
2022-10-13 10:30:00-04:00,37.40999984741211,38.52000045776367,37.38999938964844,38.28499984741211,120378,0.0,0.0
2022-10-13 11:30:00-04:00,38.33000183105469,38.79999923706055,38.28499984741211,38.59000015258789,106761,0.0,0.0
2022-10-13 12:30:00-04:00,38.59000015258789,39.31999969482422,38.56999969482422,39.28499984741211,86034,0.0,0.0
2022-10-13 13:30:00-04:00,39.31999969482422,39.415000915527344,39.09000015258789,39.09000015258789,97122,0.0,0.0
2022-10-13 14:30:00-04:00,39.084999084472656,39.40999984741211,39.08000183105469,39.22999954223633,101276,0.0,0.0
2022-10-13 15:30:00-04:00,39.2400016784668,39.25,38.869998931884766,38.869998931884766,337624,0.0,0.0
2022-10-14 09:30:00-04:00,39.16999816894531,39.314998626708984,38.14659881591797,38.279998779296875,188103,0.0,0.0
2022-10-14 10:30:00-04:00,38.26499938964844,38.5,38.22999954223633,38.43000030517578,120350,0.0,0.0
2022-10-14 11:30:00-04:00,38.435001373291016,38.435001373291016,38.130001068115234,38.27000045776367,164847,0.0,0.0
2022-10-14 12:30:00-04:00,38.310001373291016,38.470001220703125,38.14500045776367,38.279998779296875,112702,0.0,0.0
2022-10-14 13:30:00-04:00,38.2599983215332,38.32500076293945,38.16999816894531,38.20000076293945,117068,0.0,0.0
2022-10-14 14:30:00-04:00,38.189998626708984,38.189998626708984,37.84000015258789,37.959999084472656,156809,0.0,0.0
2022-10-14 15:30:00-04:00,37.959999084472656,38.09000015258789,37.869998931884766,37.93000030517578,339026,0.0,0.0
2022-10-17 09:30:00-04:00,38.689998626708984,39.040000915527344,38.380001068115234,38.619998931884766,155574,0.0,0.0
2022-10-17 10:30:00-04:00,38.599998474121094,38.630001068115234,38.16999816894531,38.380001068115234,134884,0.0,0.0
2022-10-17 11:30:00-04:00,38.36000061035156,38.400001525878906,38.209999084472656,38.27000045776367,118079,0.0,0.0
2022-10-17 12:30:00-04:00,38.26499938964844,38.29999923706055,38.03770065307617,38.29999923706055,129048,0.0,0.0
2022-10-17 13:30:00-04:00,38.310001373291016,38.40999984741211,38.029998779296875,38.125,106820,0.0,0.0
2022-10-17 14:30:00-04:00,38.130001068115234,38.189998626708984,38.025001525878906,38.04499816894531,138980,0.0,0.0
2022-10-17 15:30:00-04:00,38.040000915527344,38.369998931884766,37.9900016784668,38.279998779296875,415604,0.0,0.0
2022-10-18 09:30:00-04:00,39.06999969482422,39.380001068115234,38.529998779296875,38.61000061035156,188968,0.0,0.0
2022-10-18 10:30:00-04:00,38.584999084472656,38.77000045776367,38.349998474121094,38.380001068115234,114880,0.0,0.0
2022-10-18 11:30:00-04:00,38.38999938964844,38.5099983215332,38.20500183105469,38.349998474121094,116437,0.0,0.0
2022-10-18 12:30:00-04:00,38.349998474121094,38.459999084472656,38.19499969482422,38.369998931884766,189358,0.0,0.0
2022-10-18 13:30:00-04:00,38.369998931884766,38.5,38.2400016784668,38.369998931884766,190761,0.0,0.0
2022-10-18 14:30:00-04:00,38.369998931884766,38.37070083618164,37.939998626708984,38.150001525878906,196097,0.0,0.0
2022-10-18 15:30:00-04:00,38.14500045776367,38.36000061035156,38.14500045776367,38.33000183105469,256167,0.0,0.0
2022-10-19 09:30:00-04:00,38.0,38.25,37.422698974609375,37.720001220703125,125920,0.0,0.0
2022-10-19 10:30:00-04:00,37.7400016784668,37.7400016784668,37.06999969482422,37.08000183105469,114108,0.0,0.0
2022-10-19 11:30:00-04:00,37.06999969482422,37.099998474121094,36.349998474121094,36.36800003051758,201529,0.0,0.0
2022-10-19 12:30:00-04:00,36.36000061035156,36.60049819946289,36.15999984741211,36.560001373291016,190258,0.0,0.0
2022-10-19 13:30:00-04:00,36.560001373291016,36.77000045776367,36.459999084472656,36.650001525878906,133610,0.0,0.0
2022-10-19 14:30:00-04:00,36.66999816894531,36.92499923706055,36.66999816894531,36.81999969482422,149611,0.0,0.0
2022-10-19 15:30:00-04:00,36.814998626708984,36.97999954223633,36.724998474121094,36.900001525878906,421689,0.0,0.0
2022-10-20 09:30:00-04:00,36.66999816894531,37.7400016784668,36.369998931884766,37.34000015258789,256550,0.0,0.0
2022-10-20 10:30:00-04:00,37.349998474121094,37.36000061035156,36.93000030517578,37.060001373291016,136119,0.0,0.0
2022-10-20 11:30:00-04:00,37.060001373291016,37.13999938964844,36.79499816894531,36.845001220703125,109362,0.0,0.0
2022-10-20 12:30:00-04:00,36.84000015258789,36.880001068115234,36.650001525878906,36.72999954223633,98180,0.0,0.0
2022-10-20 13:30:00-04:00,36.720001220703125,36.779998779296875,36.52000045776367,36.52000045776367,87609,0.0,0.0
2022-10-20 14:30:00-04:00,36.52000045776367,36.619998931884766,36.34000015258789,36.400001525878906,241649,0.0,0.0
2022-10-20 15:30:00-04:00,36.404998779296875,36.67770004272461,36.38999938964844,36.61000061035156,217156,0.0,0.0
2022-10-21 09:30:00-04:00,36.75,37.029998779296875,36.209999084472656,36.369998931884766,110234,0.0,0.0
2022-10-21 10:30:00-04:00,36.369998931884766,36.439998626708984,35.970001220703125,36.22999954223633,145840,0.0,0.0
2022-10-21 11:30:00-04:00,36.220001220703125,36.37699890136719,36.04999923706055,36.20000076293945,136263,0.0,0.0
2022-10-21 12:30:00-04:00,36.19499969482422,36.560001373291016,36.18000030517578,36.439998626708984,94111,0.0,0.0
2022-10-21 13:30:00-04:00,36.439998626708984,36.58000183105469,36.36000061035156,36.4900016784668,111538,0.0,0.0
2022-10-21 14:30:00-04:00,36.5,36.584999084472656,36.400001525878906,36.56999969482422,119343,0.0,0.0
2022-10-21 15:30:00-04:00,36.560001373291016,36.59000015258789,36.415000915527344,36.47999954223633,235930,0.0,0.0
2022-10-24 09:30:00-04:00,36.7400016784668,36.849998474121094,36.349998474121094,36.45000076293945,148386,0.0,0.0
2022-10-24 10:30:00-04:00,36.45000076293945,36.915000915527344,36.43000030517578,36.7599983215332,160701,0.0,0.0
2022-10-24 11:30:00-04:00,36.77000045776367,37.13999938964844,36.76499938964844,36.882598876953125,142505,0.0,0.0
2022-10-24 12:30:00-04:00,36.888999938964844,36.91529846191406,36.65999984741211,36.720001220703125,125117,0.0,0.0
2022-10-24 13:30:00-04:00,36.709999084472656,36.880001068115234,36.67499923706055,36.86000061035156,90176,0.0,0.0
2022-10-24 14:30:00-04:00,36.85499954223633,37.119998931884766,36.85499954223633,36.95000076293945,120700,0.0,0.0
2022-10-24 15:30:00-04:00,36.95000076293945,37.02000045776367,36.84000015258789,37.02000045776367,244156,0.0,0.0
2022-10-25 09:30:00-04:00,36.70000076293945,37.70000076293945,36.540000915527344,37.43000030517578,218784,0.0,0.0
2022-10-25 10:30:00-04:00,37.45000076293945,37.89500045776367,37.380001068115234,37.86000061035156,158662,0.0,0.0
2022-10-25 11:30:00-04:00,37.86000061035156,37.97999954223633,37.83000183105469,37.95000076293945,70088,0.0,0.0
2022-10-25 12:30:00-04:00,37.939998626708984,38.0,37.66999816894531,37.84000015258789,72942,0.0,0.0
2022-10-25 13:30:00-04:00,37.85499954223633,38.04999923706055,37.75,37.994998931884766,154512,0.0,0.0
2022-10-25 14:30:00-04:00,38.005001068115234,38.099998474121094,37.93000030517578,38.099998474121094,121307,0.0,0.0
2022-10-25 15:30:00-04:00,38.099998474121094,38.220001220703125,38.060001373291016,38.095001220703125,231534,0.0,0.0
2022-10-26 09:30:00-04:00,38.20000076293945,38.599998474121094,38.06019973754883,38.59000015258789,154285,0.0,0.0
2022-10-26 10:30:00-04:00,38.63999938964844,38.65999984741211,38.529998779296875,38.61000061035156,124570,0.0,0.0
2022-10-26 11:30:00-04:00,38.599998474121094,38.6708984375,38.560001373291016,38.58000183105469,78188,0.0,0.0
2022-10-26 12:30:00-04:00,38.599998474121094,38.61539840698242,38.44060134887695,38.4900016784668,171194,0.0,0.0
2022-10-26 13:30:00-04:00,38.4900016784668,38.669898986816406,38.474998474121094,38.61000061035156,284941,0.0,0.0
2022-10-26 14:30:00-04:00,38.625,38.720001220703125,38.529998779296875,38.54600143432617,234696,0.0,0.0
2022-10-26 15:30:00-04:00,38.54499816894531,38.579898834228516,38.34000015258789,38.349998474121094,240133,0.0,0.0
2022-10-27 09:30:00-04:00,38.560001373291016,38.790000915527344,38.119998931884766,38.7843017578125,130416,0.0,0.0
2022-10-27 10:30:00-04:00,38.797698974609375,38.9900016784668,38.564998626708984,38.9900016784668,87631,0.0,0.0
2022-10-27 11:30:00-04:00,38.970001220703125,39.41999816894531,38.959999084472656,39.275001525878906,133819,0.0,0.0
2022-10-27 12:30:00-04:00,39.27000045776367,39.54999923706055,39.2599983215332,39.30500030517578,162731,0.0,0.0
2022-10-27 13:30:00-04:00,39.30500030517578,39.33000183105469,39.119998931884766,39.18000030517578,115667,0.0,0.0
2022-10-27 14:30:00-04:00,39.17499923706055,39.20000076293945,38.95000076293945,39.0099983215332,141804,0.0,0.0
2022-10-27 15:30:00-04:00,39.0099983215332,39.1349983215332,38.959999084472656,39.02000045776367,264706,0.0,0.0
2022-10-28 09:30:00-04:00,39.0,39.599998474121094,38.84000015258789,39.09000015258789,224905,0.0,0.0
2022-10-28 10:30:00-04:00,39.13999938964844,39.470001220703125,39.0,39.470001220703125,116694,0.0,0.0
2022-10-28 11:30:00-04:00,39.4900016784668,39.77000045776367,39.45000076293945,39.70000076293945,120850,0.0,0.0
2022-10-28 12:30:00-04:00,39.685001373291016,39.7400016784668,39.59000015258789,39.61000061035156,153720,0.0,0.0
2022-10-28 13:30:00-04:00,39.619998931884766,39.65999984741211,39.43000030517578,39.439998626708984,390244,0.0,0.0
2022-10-28 14:30:00-04:00,39.439998626708984,39.849998474121094,39.310001373291016,39.810001373291016,303833,0.0,0.0
2022-10-28 15:30:00-04:00,39.810001373291016,39.93000030517578,39.709999084472656,39.83000183105469,433076,0.0,0.0
2022-10-31 09:30:00-04:00,39.58000183105469,39.73139953613281,39.2400016784668,39.560001373291016,98909,0.0,0.0
2022-10-31 10:30:00-04:00,39.58000183105469,39.810001373291016,39.52000045776367,39.68000030517578,73329,0.0,0.0
2022-10-31 11:30:00-04:00,39.685001373291016,39.79999923706055,39.619998931884766,39.650001525878906,127441,0.0,0.0
2022-10-31 12:30:00-04:00,39.650001525878906,39.875,39.63999938964844,39.869998931884766,111152,0.0,0.0
2022-10-31 13:30:00-04:00,39.869998931884766,39.878299713134766,39.74700164794922,39.7599983215332,73136,0.0,0.0
2022-10-31 14:30:00-04:00,39.7599983215332,39.78499984741211,39.59000015258789,39.689998626708984,128892,0.0,0.0
2022-10-31 15:30:00-04:00,39.689998626708984,39.720001220703125,39.38999938964844,39.40999984741211,269497,0.0,0.0
2022-11-01 09:30:00-04:00,39.689998626708984,39.9900016784668,39.459999084472656,39.95000076293945,284417,0.0,0.0
2022-11-01 10:30:00-04:00,39.94499969482422,40.099998474121094,39.88999938964844,40.01499938964844,321204,0.0,0.0
2022-11-01 11:30:00-04:00,40.0099983215332,40.04499816894531,39.72999954223633,39.95000076293945,325546,0.0,0.0
2022-11-01 12:30:00-04:00,39.970001220703125,40.060001373291016,39.88999938964844,40.005001068115234,110271,0.0,0.0
2022-11-01 13:30:00-04:00,40.005001068115234,40.11000061035156,39.97999954223633,40.047000885009766,194804,0.0,0.0
2022-11-01 14:30:00-04:00,40.04100036621094,40.20000076293945,39.93000030517578,40.060001373291016,217444,0.0,0.0
2022-11-01 15:30:00-04:00,40.06999969482422,40.189998626708984,40.060001373291016,40.130001068115234,247516,0.0,0.0
2022-11-02 09:30:00-04:00,39.900001525878906,39.900001525878906,39.709999084472656,39.790000915527344,92865,0.0,0.0
2022-11-02 10:30:00-04:00,39.790000915527344,39.900001525878906,39.63999938964844,39.7400016784668,125931,0.0,0.0
2022-11-02 11:30:00-04:00,39.72999954223633,39.81999969482422,39.349998474121094,39.45000076293945,77499,0.0,0.0
2022-11-02 12:30:00-04:00,39.470001220703125,39.55500030517578,39.41999816894531,39.505001068115234,75661,0.0,0.0
2022-11-02 13:30:00-04:00,39.5099983215332,40.179901123046875,39.470001220703125,40.16999816894531,149168,0.0,0.0
2022-11-02 14:30:00-04:00,40.20000076293945,40.279998779296875,38.849998474121094,38.974998474121094,272460,0.0,0.0
2022-11-02 15:30:00-04:00,38.959999084472656,39.08000183105469,38.810001373291016,38.97999954223633,244754,0.0,0.0
2022-11-03 09:30:00-04:00,38.349998474121094,38.459999084472656,37.880001068115234,38.349998474121094,126794,0.0,0.0
2022-11-03 10:30:00-04:00,38.35499954223633,38.65999984741211,38.209999084472656,38.540000915527344,110174,0.0,0.0
2022-11-03 11:30:00-04:00,38.57680130004883,38.72999954223633,38.47999954223633,38.70000076293945,64826,0.0,0.0
2022-11-03 12:30:00-04:00,38.70000076293945,38.7400016784668,38.61000061035156,38.619998931884766,56523,0.0,0.0
2022-11-03 13:30:00-04:00,38.62990188598633,38.650001525878906,38.50299835205078,38.63999938964844,67253,0.0,0.0
2022-11-03 14:30:00-04:00,38.63999938964844,38.65999984741211,38.52000045776367,38.6150016784668,67089,0.0,0.0
2022-11-03 15:30:00-04:00,38.6150016784668,38.665000915527344,38.41999816894531,38.43000030517578,142962,0.0,0.0
2022-11-04 09:30:00-04:00,39.189998626708984,39.83000183105469,38.810001373291016,39.81999969482422,232158,0.0,0.0
2022-11-04 10:30:00-04:00,39.83000183105469,39.939998626708984,39.5,39.514198303222656,139122,0.0,0.0
2022-11-04 11:30:00-04:00,39.52000045776367,39.63999938964844,38.900001525878906,39.14509963989258,71651,0.0,0.0
2022-11-04 12:30:00-04:00,39.130001068115234,39.439998626708984,38.939998626708984,39.03499984741211,253191,0.0,0.0
2022-11-04 13:30:00-04:00,39.029998779296875,39.165000915527344,38.81999969482422,39.13999938964844,127638,0.0,0.0
2022-11-04 14:30:00-04:00,39.14500045776367,39.380001068115234,39.13999938964844,39.369998931884766,166100,0.0,0.0
2022-11-04 15:30:00-04:00,39.36000061035156,39.529998779296875,39.18000030517578,39.5099983215332,297793,0.0,0.0
2022-11-07 09:30:00-05:00,39.77000045776367,39.86989974975586,39.06999969482422,39.310001373291016,94394,0.0,0.0
2022-11-07 10:30:00-05:00,39.314998626708984,39.439998626708984,39.22999954223633,39.36000061035156,107806,0.0,0.0
2022-11-07 11:30:00-05:00,39.36000061035156,39.40999984741211,39.119998931884766,39.400001525878906,105513,0.0,0.0
2022-11-07 12:30:00-05:00,39.40999984741211,39.44499969482422,39.25,39.43000030517578,90049,0.0,0.0
2022-11-07 13:30:00-05:00,39.439998626708984,39.65999984741211,39.40999984741211,39.650001525878906,126087,0.0,0.0
2022-11-07 14:30:00-05:00,39.650001525878906,39.685001373291016,39.560001373291016,39.61000061035156,117037,0.0,0.0
2022-11-07 15:30:00-05:00,39.599998474121094,39.650001525878906,39.5,39.63999938964844,220419,0.0,0.0
2022-11-08 09:30:00-05:00,39.45000076293945,39.599998474121094,38.709999084472656,39.599998474121094,164889,0.0,0.0
2022-11-08 10:30:00-05:00,39.61000061035156,39.97999954223633,39.5,39.91999816894531,167710,0.0,0.0
2022-11-08 11:30:00-05:00,39.904998779296875,39.90999984741211,39.599998474121094,39.619998931884766,162467,0.0,0.0
2022-11-08 12:30:00-05:00,39.625,39.86000061035156,39.53499984741211,39.58000183105469,138329,0.0,0.0
2022-11-08 13:30:00-05:00,39.56999969482422,39.65999984741211,39.220001220703125,39.220001220703125,138275,0.0,0.0
2022-11-08 14:30:00-05:00,39.22999954223633,39.685001373291016,39.189998626708984,39.685001373291016,216457,0.0,0.0
2022-11-08 15:30:00-05:00,39.66999816894531,39.77000045776367,39.52000045776367,39.619998931884766,415316,0.0,0.0
2022-11-09 09:30:00-05:00,39.209999084472656,39.41019821166992,38.43000030517578,39.255001068115234,159661,0.0,0.0
2022-11-09 10:30:00-05:00,39.27000045776367,39.399898529052734,38.95500183105469,39.349998474121094,91683,0.0,0.0
2022-11-09 11:30:00-05:00,39.31999969482422,39.66999816894531,39.15999984741211,39.380001068115234,88499,0.0,0.0
2022-11-09 12:30:00-05:00,39.369998931884766,39.380001068115234,39.0099983215332,39.255001068115234,90965,0.0,0.0
2022-11-09 13:30:00-05:00,39.2400016784668,39.29999923706055,39.100799560546875,39.10499954223633,74453,0.0,0.0
2022-11-09 14:30:00-05:00,39.08000183105469,39.150001525878906,38.720001220703125,38.77000045776367,162683,0.0,0.0
2022-11-09 15:30:00-05:00,38.779998779296875,38.81999969482422,38.56999969482422,38.70000076293945,262827,0.0,0.0
2022-11-10 09:30:00-05:00,39.939998626708984,41.2400016784668,39.560001373291016,41.081600189208984,343216,0.0,0.0
2022-11-10 10:30:00-05:00,41.06999969482422,41.279998779296875,40.81010055541992,40.98500061035156,319962,0.0,0.0
2022-11-10 11:30:00-05:00,41.0,41.27000045776367,40.900001525878906,41.021400451660156,121746,0.0,0.0
2022-11-10 12:30:00-05:00,41.02000045776367,41.1150016784668,40.83000183105469,40.97999954223633,151119,0.0,0.0
2022-11-10 13:30:00-05:00,40.97999954223633,41.130001068115234,40.79999923706055,40.90999984741211,132385,0.0,0.0
2022-11-10 14:30:00-05:00,40.900001525878906,40.91999816894531,40.625,40.86000061035156,169689,0.0,0.0
2022-11-10 15:30:00-05:00,40.85499954223633,40.970001220703125,40.79999923706055,40.84000015258789,232245,0.0,0.0
2022-11-11 09:30:00-05:00,41.220001220703125,41.5099983215332,40.810001373291016,41.375,158226,0.0,0.0
2022-11-11 10:30:00-05:00,41.3849983215332,41.709999084472656,41.25,41.56999969482422,91867,0.0,0.0
2022-11-11 11:30:00-05:00,41.55500030517578,41.7400016784668,41.474998474121094,41.68000030517578,98833,0.0,0.0
2022-11-11 12:30:00-05:00,41.685001373291016,42.16999816894531,41.619998931884766,42.13999938964844,143676,0.0,0.0
2022-11-11 13:30:00-05:00,42.130001068115234,42.380001068115234,41.959999084472656,42.375,144820,0.0,0.0
2022-11-11 14:30:00-05:00,42.375,42.47999954223633,42.224998474121094,42.42499923706055,309356,0.0,0.0
2022-11-11 15:30:00-05:00,42.42499923706055,42.58000183105469,42.334999084472656,42.56999969482422,415997,0.0,0.0
2022-11-14 09:30:00-05:00,42.040000915527344,42.2599983215332,41.0099983215332,41.03499984741211,222421,0.0,0.0
2022-11-14 10:30:00-05:00,41.03499984741211,41.654998779296875,41.03499984741211,41.560001373291016,318930,0.0,0.0
2022-11-14 11:30:00-05:00,41.53499984741211,41.779998779296875,41.52000045776367,41.654998779296875,199109,0.0,0.0
2022-11-14 12:30:00-05:00,41.654998779296875,41.68000030517578,41.310001373291016,41.439998626708984,235181,0.0,0.0
2022-11-14 13:30:00-05:00,41.439998626708984,41.5,40.82500076293945,40.90999984741211,271919,0.0,0.0
2022-11-14 14:30:00-05:00,40.90999984741211,40.90999984741211,40.34000015258789,40.48500061035156,290192,0.0,0.0
2022-11-14 15:30:00-05:00,40.48500061035156,40.5,40.279998779296875,40.34000015258789,323797,0.0,0.0
2022-11-15 09:30:00-05:00,40.790000915527344,41.38999938964844,40.56999969482422,41.29999923706055,143960,0.0,0.0
2022-11-15 10:30:00-05:00,41.30500030517578,41.38999938964844,40.83000183105469,40.869998931884766,135789,0.0,0.0
2022-11-15 11:30:00-05:00,40.90999984741211,40.97999954223633,40.63999938964844,40.65999984741211,95296,0.0,0.0
2022-11-15 12:30:00-05:00,40.66999816894531,40.869998931884766,40.20000076293945,40.22999954223633,125740,0.0,0.0
2022-11-15 13:30:00-05:00,40.21500015258789,40.42340087890625,39.939998626708984,40.36000061035156,208323,0.0,0.0
2022-11-15 14:30:00-05:00,40.36000061035156,40.540000915527344,40.31999969482422,40.349998474121094,179591,0.0,0.0
2022-11-15 15:30:00-05:00,40.349998474121094,40.45800018310547,40.2599983215332,40.38999938964844,172508,0.0,0.0
2022-11-16 09:30:00-05:00,40.22999954223633,40.40999984741211,39.79999923706055,40.29999923706055,93018,0.0,0.0
2022-11-16 10:30:00-05:00,40.29999923706055,40.43000030517578,39.91999816894531,40.13999938964844,106840,0.0,0.0
2022-11-16 11:30:00-05:00,40.13999938964844,40.220001220703125,39.880001068115234,39.91999816894531,114827,0.0,0.0
2022-11-16 12:30:00-05:00,39.90999984741211,39.98500061035156,39.72999954223633,39.77000045776367,83655,0.0,0.0
2022-11-16 13:30:00-05:00,39.77000045776367,39.79890060424805,39.61000061035156,39.76499938964844,82495,0.0,0.0
2022-11-16 14:30:00-05:00,39.76499938964844,39.9900016784668,39.69499969482422,39.869998931884766,108268,0.0,0.0
2022-11-16 15:30:00-05:00,39.869998931884766,39.994998931884766,39.83000183105469,39.869998931884766,212422,0.0,0.0
2022-11-17 09:30:00-05:00,39.119998931884766,39.310001373291016,38.58100128173828,39.000999450683594,98036,0.0,0.0
2022-11-17 10:30:00-05:00,39.0099983215332,39.08000183105469,38.79999923706055,39.08000183105469,90505,0.0,0.0
2022-11-17 11:30:00-05:00,39.07619857788086,39.619998931884766,39.025001525878906,39.38999938964844,96216,0.0,0.0
2022-11-17 12:30:00-05:00,39.38999938964844,39.63999938964844,39.32899856567383,39.560001373291016,74346,0.0,0.0
2022-11-17 13:30:00-05:00,39.54499816894531,39.61000061035156,39.36000061035156,39.415000915527344,75907,0.0,0.0
2022-11-17 14:30:00-05:00,39.415000915527344,39.540000915527344,39.209999084472656,39.220001220703125,124517,0.0,0.0
2022-11-17 15:30:00-05:00,39.220001220703125,39.4900016784668,39.20000076293945,39.43000030517578,169483,0.0,0.0
2022-11-18 09:30:00-05:00,39.95000076293945,40.099998474121094,39.709999084472656,39.97999954223633,84575,0.0,0.0
2022-11-18 10:30:00-05:00,39.97999954223633,40.02000045776367,39.7400016784668,39.7400016784668,58951,0.0,0.0
2022-11-18 11:30:00-05:00,39.75,39.779998779296875,39.33000183105469,39.5098991394043,126758,0.0,0.0
2022-11-18 12:30:00-05:00,39.5,39.54999923706055,39.33000183105469,39.439998626708984,77795,0.0,0.0
2022-11-18 13:30:00-05:00,39.459999084472656,39.61989974975586,39.380001068115234,39.61259841918945,78638,0.0,0.0
2022-11-18 14:30:00-05:00,39.61330032348633,39.68000030517578,39.470001220703125,39.665000915527344,91904,0.0,0.0
2022-11-18 15:30:00-05:00,39.66999816894531,39.77000045776367,39.560001373291016,39.72999954223633,263615,0.0,0.0
2022-11-21 09:30:00-05:00,39.4900016784668,39.720001220703125,39.119998931884766,39.119998931884766,107486,0.0,0.0
2022-11-21 10:30:00-05:00,39.09000015258789,39.13999938964844,38.79999923706055,38.89500045776367,213818,0.0,0.0
2022-11-21 11:30:00-05:00,38.89500045776367,38.959999084472656,38.75,38.93000030517578,173516,0.0,0.0
2022-11-21 12:30:00-05:00,38.935001373291016,39.22999954223633,38.935001373291016,39.11899948120117,109010,0.0,0.0
2022-11-21 13:30:00-05:00,39.1150016784668,39.209999084472656,39.040000915527344,39.05500030517578,133368,0.0,0.0
2022-11-21 14:30:00-05:00,39.04999923706055,39.18000030517578,38.959999084472656,39.0099983215332,172891,0.0,0.0
2022-11-21 15:30:00-05:00,39.02000045776367,39.130001068115234,38.974998474121094,39.06999969482422,233781,0.0,0.0
2022-11-22 09:30:00-05:00,39.310001373291016,39.689998626708984,39.18000030517578,39.63999938964844,201863,0.0,0.0
2022-11-22 10:30:00-05:00,39.63999938964844,39.720001220703125,39.279998779296875,39.38999938964844,141009,0.0,0.0
2022-11-22 11:30:00-05:00,39.39500045776367,39.400001525878906,39.150001525878906,39.25,136336,0.0,0.0
2022-11-22 12:30:00-05:00,39.2400016784668,39.619998931884766,39.2400016784668,39.5,152057,0.0,0.0
2022-11-22 13:30:00-05:00,39.5,39.70000076293945,39.45000076293945,39.689998626708984,156340,0.0,0.0
2022-11-22 14:30:00-05:00,39.70000076293945,40.02000045776367,39.689998626708984,40.005001068115234,298090,0.0,0.0
2022-11-22 15:30:00-05:00,40.005001068115234,40.11000061035156,39.959999084472656,40.040000915527344,593791,0.0,0.0
2022-11-23 09:30:00-05:00,40.04999923706055,40.060001373291016,39.709999084472656,40.040000915527344,96042,0.0,0.0
2022-11-23 10:30:00-05:00,40.040000915527344,40.209999084472656,40.019100189208984,40.06999969482422,117065,0.0,0.0
2022-11-23 11:30:00-05:00,40.06999969482422,40.11000061035156,39.935001373291016,40.010398864746094,59278,0.0,0.0
2022-11-23 12:30:00-05:00,40.02000045776367,40.060001373291016,39.900001525878906,40.0099983215332,71953,0.0,0.0
2022-11-23 13:30:00-05:00,40.0099983215332,40.154998779296875,39.93899917602539,40.099998474121094,120588,0.0,0.0
2022-11-23 14:30:00-05:00,40.09000015258789,40.11000061035156,39.974998474121094,40.064998626708984,106426,0.0,0.0
2022-11-23 15:30:00-05:00,40.064998626708984,40.06999969482422,39.95000076293945,39.970001220703125,234015,0.0,0.0
2022-11-25 09:30:00-05:00,40.0,40.400001525878906,40.0,40.2239990234375,135154,0.0,0.0
2022-11-25 10:30:00-05:00,40.21500015258789,40.470001220703125,40.19499969482422,40.43000030517578,121195,0.0,0.0
2022-11-25 11:30:00-05:00,40.470001220703125,40.56999969482422,40.33000183105469,40.56999969482422,84405,0.0,0.0
2022-11-28 09:30:00-05:00,40.310001373291016,40.34000015258789,39.63999938964844,39.959999084472656,108637,0.0,0.0
2022-11-28 10:30:00-05:00,39.974998474121094,40.01089859008789,39.61000061035156,39.6150016784668,91069,0.0,0.0
2022-11-28 11:30:00-05:00,39.62820053100586,39.75,39.554901123046875,39.650001525878906,96156,0.0,0.0
2022-11-28 12:30:00-05:00,39.650001525878906,39.7599983215332,39.58000183105469,39.68000030517578,84491,0.0,0.0
2022-11-28 13:30:00-05:00,39.68000030517578,39.68000030517578,39.5099983215332,39.60499954223633,111508,0.0,0.0
2022-11-28 14:30:00-05:00,39.599998474121094,39.650001525878906,39.5,39.56999969482422,146299,0.0,0.0
2022-11-28 15:30:00-05:00,39.56999969482422,39.56999969482422,39.42499923706055,39.459999084472656,227595,0.0,0.0
2022-11-29 09:30:00-05:00,39.279998779296875,39.63999938964844,39.150001525878906,39.57429885864258,221352,0.0,0.0
2022-11-29 10:30:00-05:00,39.58000183105469,39.70389938354492,39.39500045776367,39.47999954223633,108422,0.0,0.0
2022-11-29 11:30:00-05:00,39.459999084472656,39.630001068115234,39.459999084472656,39.4900016784668,83339,0.0,0.0
2022-11-29 12:30:00-05:00,39.4900016784668,39.65999984741211,39.4900016784668,39.560001373291016,63905,0.0,0.0
2022-11-29 13:30:00-05:00,39.55500030517578,39.709999084472656,39.529998779296875,39.54499816894531,100605,0.0,0.0
2022-11-29 14:30:00-05:00,39.540000915527344,39.66999816894531,39.5,39.59000015258789,148632,0.0,0.0
2022-11-29 15:30:00-05:00,39.59000015258789,39.689998626708984,39.56999969482422,39.58000183105469,156428,0.0,0.0
2022-11-30 09:30:00-05:00,39.13999938964844,39.18000030517578,38.17499923706055,38.48500061035156,290373,0.0,0.0
2022-11-30 10:30:00-05:00,38.5,38.8578987121582,38.314998626708984,38.84000015258789,129700,0.0,0.0
2022-11-30 11:30:00-05:00,38.849998474121094,38.93000030517578,38.59000015258789,38.6349983215332,114125,0.0,0.0
2022-11-30 12:30:00-05:00,38.64500045776367,38.81999969482422,38.57500076293945,38.790000915527344,77325,0.0,0.0
2022-11-30 13:30:00-05:00,38.779998779296875,39.85499954223633,38.7400016784668,39.78499984741211,147768,0.0,0.0
2022-11-30 14:30:00-05:00,39.79999923706055,40.005001068115234,39.650001525878906,40.0,127048,0.0,0.0
2022-11-30 15:30:00-05:00,39.9900016784668,40.369998931884766,39.97999954223633,40.33000183105469,382234,0.0,0.0
2022-12-01 09:30:00-05:00,39.200401306152344,39.279998779296875,38.39440155029297,38.65999984741211,227746,0.0,0.0
2022-12-01 10:30:00-05:00,38.65999984741211,38.959999084472656,38.599998474121094,38.73500061035156,132017,0.0,0.0
2022-12-01 11:30:00-05:00,38.72999954223633,38.85499954223633,38.599998474121094,38.84000015258789,125106,0.0,0.0
2022-12-01 12:30:00-05:00,38.81999969482422,38.900001525878906,38.400001525878906,38.400001525878906,122817,0.0,0.0
2022-12-01 13:30:00-05:00,38.40999984741211,38.4900016784668,38.22999954223633,38.435001373291016,171406,0.0,0.0
2022-12-01 14:30:00-05:00,38.43000030517578,38.525001525878906,38.345001220703125,38.439998626708984,207870,0.0,0.0
2022-12-01 15:30:00-05:00,38.45000076293945,38.72999954223633,38.41999816894531,38.54999923706055,259676,0.0,0.0
2022-12-02 09:30:00-05:00,38.040000915527344,38.5,37.95000076293945,38.025001525878906,267516,0.0,0.0
2022-12-02 10:30:00-05:00,38.0099983215332,38.09000015258789,37.68000030517578,37.72999954223633,334664,0.0,0.0
2022-12-02 11:30:00-05:00,37.720001220703125,37.9900016784668,37.59000015258789,37.83000183105469,235606,0.0,0.0
2022-12-02 12:30:00-05:00,37.84000015258789,37.88999938964844,37.61000061035156,37.696998596191406,333641,0.0,0.0
2022-12-02 13:30:00-05:00,37.69499969482422,37.72999954223633,37.530799865722656,37.63999938964844,219959,0.0,0.0
2022-12-02 14:30:00-05:00,37.63999938964844,37.810001373291016,37.52000045776367,37.71500015258789,222145,0.0,0.0
2022-12-02 15:30:00-05:00,37.70000076293945,37.709999084472656,37.369998931884766,37.380001068115234,564288,0.0,0.0
2022-12-05 09:30:00-05:00,37.06999969482422,37.429901123046875,36.959999084472656,37.27000045776367,165962,0.0,0.0
2022-12-05 10:30:00-05:00,37.290000915527344,37.45000076293945,37.157901763916016,37.25,183154,0.0,0.0
2022-12-05 11:30:00-05:00,37.2400016784668,37.540000915527344,37.15999984741211,37.314998626708984,251111,0.0,0.0
2022-12-05 12:30:00-05:00,37.31999969482422,37.349998474121094,37.20000076293945,37.28499984741211,138357,0.0,0.0
2022-12-05 13:30:00-05:00,37.279998779296875,37.400001525878906,37.1349983215332,37.400001525878906,119770,0.0,0.0
2022-12-05 14:30:00-05:00,37.3849983215332,37.47999954223633,37.27000045776367,37.314998626708984,171226,0.0,0.0
2022-12-05 15:30:00-05:00,37.314998626708984,37.47999954223633,37.27000045776367,37.45500183105469,252534,0.0,0.0
2022-12-06 09:30:00-05:00,37.459999084472656,37.54999923706055,36.665000915527344,36.66999816894531,145784,0.0,0.0
2022-12-06 10:30:00-05:00,36.68000030517578,36.709999084472656,36.38999938964844,36.63999938964844,169296,0.0,0.0
2022-12-06 11:30:00-05:00,36.58000183105469,36.65999984741211,36.459999084472656,36.65999984741211,95676,0.0,0.0
2022-12-06 12:30:00-05:00,36.66999816894531,36.68000030517578,36.375,36.57500076293945,171905,0.0,0.0
2022-12-06 13:30:00-05:00,36.57500076293945,36.66999816894531,36.494998931884766,36.630001068115234,149803,0.0,0.0
2022-12-06 14:30:00-05:00,36.630001068115234,36.75,36.494998931884766,36.529998779296875,340111,0.0,0.0
2022-12-06 15:30:00-05:00,36.540000915527344,36.79999923706055,36.5099983215332,36.779998779296875,358002,0.0,0.0
2022-12-07 09:30:00-05:00,36.66999816894531,37.3922004699707,36.4900016784668,37.33000183105469,189044,0.0,0.0
2022-12-07 10:30:00-05:00,37.34000015258789,37.83000183105469,37.290000915527344,37.290000915527344,167368,0.0,0.0
2022-12-07 11:30:00-05:00,37.29999923706055,37.46500015258789,37.189998626708984,37.25,107208,0.0,0.0
2022-12-07 12:30:00-05:00,37.27000045776367,37.540000915527344,37.2599983215332,37.540000915527344,94696,0.0,0.0
2022-12-07 13:30:00-05:00,37.540000915527344,37.540000915527344,37.415000915527344,37.474998474121094,121479,0.0,0.0
2022-12-07 14:30:00-05:00,37.474998474121094,37.560001373291016,37.31999969482422,37.3213996887207,123435,0.0,0.0
2022-12-07 15:30:00-05:00,37.33000183105469,37.39500045776367,37.11000061035156,37.38999938964844,274475,0.0,0.0
2022-12-08 09:30:00-05:00,37.54999923706055,37.689998626708984,37.119998931884766,37.2400016784668,196325,0.0,0.0
2022-12-08 10:30:00-05:00,37.2400016784668,37.33000183105469,37.060001373291016,37.099998474121094,159909,0.0,0.0
2022-12-08 11:30:00-05:00,37.130001068115234,37.2599983215332,36.9900016784668,37.02000045776367,108251,0.0,0.0
2022-12-08 12:30:00-05:00,37.029998779296875,37.2400016784668,36.86000061035156,37.2400016784668,97457,0.0,0.0
2022-12-08 13:30:00-05:00,37.2400016784668,37.439998626708984,37.189998626708984,37.220001220703125,98520,0.0,0.0
2022-12-08 14:30:00-05:00,37.220001220703125,37.27000045776367,36.94499969482422,37.11000061035156,203158,0.0,0.0
2022-12-08 15:30:00-05:00,37.11000061035156,37.2400016784668,36.97999954223633,37.220001220703125,215123,0.0,0.0
2022-12-09 09:30:00-05:00,37.06999969482422,37.5,36.88999938964844,37.28499984741211,122202,0.0,0.0
2022-12-09 10:30:00-05:00,37.29999923706055,37.536800384521484,37.18000030517578,37.5,99238,0.0,0.0
2022-12-09 11:30:00-05:00,37.5,37.70000076293945,37.369998931884766,37.400001525878906,106564,0.0,0.0
2022-12-09 12:30:00-05:00,37.41999816894531,37.4921989440918,37.349998474121094,37.41999816894531,97712,0.0,0.0
2022-12-09 13:30:00-05:00,37.41999816894531,37.439998626708984,37.2599983215332,37.35499954223633,141623,0.0,0.0
2022-12-09 14:30:00-05:00,37.369998931884766,37.42499923706055,37.290000915527344,37.29999923706055,159596,0.0,0.0
2022-12-09 15:30:00-05:00,37.29999923706055,37.380001068115234,37.19499969482422,37.33000183105469,341569,0.0,0.0
2022-12-12 09:30:00-05:00,37.20000076293945,37.38999938964844,37.11000061035156,37.30500030517578,132278,0.0,0.0
2022-12-12 10:30:00-05:00,37.29999923706055,37.52000045776367,37.290000915527344,37.5,144791,0.0,0.0
2022-12-12 11:30:00-05:00,37.480098724365234,37.52000045776367,37.39500045776367,37.44499969482422,87599,0.0,0.0
2022-12-12 12:30:00-05:00,37.439998626708984,37.75,37.43000030517578,37.630001068115234,108332,0.0,0.0
2022-12-12 13:30:00-05:00,37.63999938964844,37.83000183105469,37.61000061035156,37.81999969482422,145280,0.0,0.0
2022-12-12 14:30:00-05:00,37.81999969482422,38.09000015258789,37.810001373291016,38.02000045776367,156886,0.0,0.0
2022-12-12 15:30:00-05:00,38.029998779296875,38.099998474121094,37.974998474121094,38.09000015258789,211421,0.0,0.0
2022-12-13 09:30:00-05:00,39.06999969482422,39.400001525878906,38.57500076293945,38.654998779296875,249015,0.0,0.0
2022-12-13 10:30:00-05:00,38.650001525878906,38.7400016784668,38.540000915527344,38.63999938964844,204212,0.0,0.0
2022-12-13 11:30:00-05:00,38.63999938964844,38.68000030517578,38.349998474121094,38.39500045776367,205870,0.0,0.0
2022-12-13 12:30:00-05:00,38.39500045776367,38.59000015258789,38.32500076293945,38.56999969482422,148504,0.0,0.0
2022-12-13 13:30:00-05:00,38.564998626708984,38.564998626708984,38.34000015258789,38.43000030517578,165723,0.0,0.0
2022-12-13 14:30:00-05:00,38.41999816894531,38.599998474121094,38.22999954223633,38.400001525878906,185935,0.0,0.0
2022-12-13 15:30:00-05:00,38.400001525878906,38.45000076293945,38.2599983215332,38.31999969482422,345416,0.0,0.0
2022-12-14 09:30:00-05:00,38.41999816894531,38.650001525878906,38.400001525878906,38.4900016784668,184622,0.0,0.0
2022-12-14 10:30:00-05:00,38.4900016784668,38.869998931884766,38.459999084472656,38.869998931884766,125421,0.0,0.0
2022-12-14 11:30:00-05:00,38.849998474121094,38.86000061035156,38.65999984741211,38.75,171129,0.0,0.0
2022-12-14 12:30:00-05:00,38.75,38.88999938964844,38.66999816894531,38.835899353027344,108132,0.0,0.0
2022-12-14 13:30:00-05:00,38.84000015258789,38.88999938964844,38.400001525878906,38.45000076293945,267701,0.0,0.0
2022-12-14 14:30:00-05:00,38.38999938964844,38.54999923706055,38.0099983215332,38.060001373291016,261098,0.0,0.0
2022-12-14 15:30:00-05:00,38.02000045776367,38.064998626708984,37.88999938964844,38.0,286768,0.0,0.0
2022-12-15 09:30:00-05:00,36.93000030517578,37.130001068115234,36.59000015258789,36.720001220703125,344395,0.0,0.0
2022-12-15 10:30:00-05:00,36.72999954223633,36.83000183105469,36.619998931884766,36.70000076293945,245519,0.0,0.0
2022-12-15 11:30:00-05:00,36.70000076293945,36.72999954223633,36.56999969482422,36.63999938964844,181506,0.0,0.0
2022-12-15 12:30:00-05:00,36.63999938964844,36.68000030517578,36.459999084472656,36.52000045776367,198982,0.0,0.0
2022-12-15 13:30:00-05:00,36.51499938964844,36.56999969482422,36.369998931884766,36.5,267898,0.0,0.0
2022-12-15 14:30:00-05:00,36.5,36.779998779296875,36.409000396728516,36.7599983215332,243035,0.0,0.0
2022-12-15 15:30:00-05:00,36.77000045776367,36.84000015258789,36.659000396728516,36.84000015258789,306516,0.0,0.0
2022-12-16 09:30:00-05:00,36.349998474121094,36.849998474121094,36.209999084472656,36.40999984741211,405426,0.0,0.0
2022-12-16 10:30:00-05:00,36.45500183105469,36.90999984741211,36.400001525878906,36.790000915527344,173562,0.0,0.0
2022-12-16 11:30:00-05:00,36.78499984741211,36.86000061035156,36.56999969482422,36.630001068115234,175907,0.0,0.0
2022-12-16 12:30:00-05:00,36.630001068115234,36.77000045776367,36.540000915527344,36.584999084472656,184366,0.0,0.0
2022-12-16 13:30:00-05:00,36.57500076293945,36.709999084472656,36.404998779296875,36.470001220703125,247826,0.0,0.0
2022-12-16 14:30:00-05:00,36.470001220703125,36.650001525878906,36.290000915527344,36.63100051879883,195354,0.0,0.0
2022-12-16 15:30:00-05:00,36.6349983215332,36.959999084472656,36.60100173950195,36.86000061035156,290736,0.0,0.0
2022-12-19 09:30:00-05:00,36.84000015258789,37.16999816894531,36.709999084472656,36.810001373291016,214535,0.0,0.0
2022-12-19 10:30:00-05:00,36.81999969482422,36.81999969482422,36.2599983215332,36.45000076293945,239810,0.0,0.0
2022-12-19 11:30:00-05:00,36.43000030517578,36.5,36.39250183105469,36.43000030517578,115598,0.0,0.0
2022-12-19 12:30:00-05:00,36.45000076293945,36.58000183105469,36.439998626708984,36.45000076293945,120279,0.0,0.0
2022-12-19 13:30:00-05:00,36.459999084472656,36.459999084472656,36.23500061035156,36.29999923706055,111113,0.0,0.0
2022-12-19 14:30:00-05:00,36.29999923706055,36.36000061035156,36.21500015258789,36.34000015258789,176331,0.0,0.0
2022-12-19 15:30:00-05:00,36.34000015258789,36.47999954223633,36.27000045776367,36.40999984741211,318677,0.0,0.0
2022-12-20 09:30:00-05:00,36.54999923706055,36.70000076293945,36.22999954223633,36.560001373291016,187935,0.0,0.0
2022-12-20 10:30:00-05:00,36.58000183105469,36.709999084472656,36.43000030517578,36.470001220703125,106330,0.0,0.0
2022-12-20 11:30:00-05:00,36.4900016784668,36.599998474121094,36.470001220703125,36.56999969482422,66581,0.0,0.0
2022-12-20 12:30:00-05:00,36.540000915527344,36.6349983215332,36.4900016784668,36.5890007019043,80881,0.0,0.0
2022-12-20 13:30:00-05:00,36.589298248291016,36.65999984741211,36.45000076293945,36.459999084472656,83832,0.0,0.0
2022-12-20 14:30:00-05:00,36.459999084472656,36.459999084472656,36.34000015258789,36.40999984741211,187126,0.0,0.0
2022-12-20 15:30:00-05:00,36.400001525878906,36.560001373291016,36.369998931884766,36.45000076293945,198178,0.0,0.0
2022-12-21 09:30:00-05:00,36.880001068115234,37.439998626708984,36.70000076293945,37.439998626708984,98045,0.0,0.0
2022-12-21 10:30:00-05:00,37.439998626708984,37.65999984741211,37.404998779296875,37.650001525878906,104155,0.0,0.0
2022-12-21 11:30:00-05:00,37.650001525878906,37.65999984741211,37.480098724365234,37.52000045776367,74940,0.0,0.0
2022-12-21 12:30:00-05:00,37.51449966430664,37.650001525878906,37.47999954223633,37.52000045776367,101185,0.0,0.0
2022-12-21 13:30:00-05:00,37.525001525878906,37.7400016784668,37.5099983215332,37.5099983215332,105326,0.0,0.0
2022-12-21 14:30:00-05:00,37.5099983215332,37.54999923706055,37.38999938964844,37.38999938964844,112104,0.0,0.0
2022-12-21 15:30:00-05:00,37.400001525878906,37.630001068115234,37.400001525878906,37.630001068115234,194889,0.0,0.0
2022-12-22 09:30:00-05:00,37.33000183105469,37.380001068115234,36.93000030517578,36.97999954223633,109268,0.0,0.0
2022-12-22 10:30:00-05:00,36.97370147705078,37.029998779296875,36.880001068115234,36.95000076293945,84987,0.0,0.0
2022-12-22 11:30:00-05:00,36.970001220703125,37.06999969482422,36.779998779296875,36.790000915527344,66422,0.0,0.0
2022-12-22 12:30:00-05:00,36.79999923706055,36.83000183105469,36.560001373291016,36.65999984741211,88149,0.0,0.0
2022-12-22 13:30:00-05:00,36.68000030517578,36.900001525878906,36.599998474121094,36.89500045776367,108790,0.0,0.0
2022-12-22 14:30:00-05:00,36.880001068115234,37.189998626708984,36.83000183105469,37.189998626708984,131946,0.0,0.0
2022-12-22 15:30:00-05:00,37.189998626708984,37.36000061035156,37.029998779296875,37.290000915527344,220476,0.0,0.0
2022-12-23 09:30:00-05:00,37.29999923706055,37.37900161743164,37.0,37.31999969482422,122422,0.0,0.0
2022-12-23 10:30:00-05:00,37.349998474121094,37.378299713134766,37.150001525878906,37.16999816894531,50411,0.0,0.0
2022-12-23 11:30:00-05:00,37.189998626708984,37.52000045776367,37.189998626708984,37.47999954223633,60017,0.0,0.0
2022-12-23 12:30:00-05:00,37.4900016784668,37.59000015258789,37.459999084472656,37.57500076293945,57643,0.0,0.0
2022-12-23 13:30:00-05:00,37.59000015258789,37.61000061035156,37.45000076293945,37.560001373291016,53735,0.0,0.0
2022-12-23 14:30:00-05:00,37.59000015258789,37.75,37.56999969482422,37.7400016784668,110611,0.0,0.0
2022-12-23 15:30:00-05:00,37.72999954223633,37.790000915527344,37.650001525878906,37.77000045776367,125824,0.0,0.0
2022-12-27 09:30:00-05:00,37.68000030517578,37.744998931884766,37.43000030517578,37.70000076293945,113163,0.0,0.0
2022-12-27 10:30:00-05:00,37.709999084472656,37.779998779296875,37.619998931884766,37.7400016784668,86308,0.0,0.0
2022-12-27 11:30:00-05:00,37.73970031738281,37.779998779296875,37.592098236083984,37.72999954223633,52741,0.0,0.0
2022-12-27 12:30:00-05:00,37.72999954223633,37.790000915527344,37.68000030517578,37.72999954223633,35328,0.0,0.0
2022-12-27 13:30:00-05:00,37.72999954223633,37.7400016784668,37.630001068115234,37.63759994506836,55719,0.0,0.0
2022-12-27 14:30:00-05:00,37.630001068115234,37.78799819946289,37.56460189819336,37.775001525878906,96831,0.0,0.0
2022-12-27 15:30:00-05:00,37.779998779296875,37.84000015258789,37.70000076293945,37.72999954223633,121971,0.0,0.0
2022-12-28 09:30:00-05:00,37.84000015258789,37.90999984741211,37.470001220703125,37.5,73945,0.0,0.0
2022-12-28 10:30:00-05:00,37.4900016784668,37.5,37.08000183105469,37.22999954223633,172430,0.0,0.0
2022-12-28 11:30:00-05:00,37.23500061035156,37.2400016784668,36.900001525878906,36.93000030517578,73580,0.0,0.0
2022-12-28 12:30:00-05:00,36.935001373291016,37.150001525878906,36.915000915527344,37.11000061035156,55317,0.0,0.0
2022-12-28 13:30:00-05:00,37.119998931884766,37.130001068115234,37.04499816894531,37.08000183105469,71958,0.0,0.0
2022-12-28 14:30:00-05:00,37.06999969482422,37.18000030517578,36.84000015258789,36.880001068115234,79285,0.0,0.0
2022-12-28 15:30:00-05:00,36.880001068115234,36.93000030517578,36.7599983215332,36.779998779296875,138579,0.0,0.0
2022-12-29 09:30:00-05:00,37.0,37.61349868774414,37.0,37.459999084472656,71030,0.0,0.0
2022-12-29 10:30:00-05:00,37.439998626708984,37.560001373291016,37.369998931884766,37.41999816894531,54364,0.0,0.0
2022-12-29 11:30:00-05:00,37.41999816894531,37.790000915527344,37.41999816894531,37.7599983215332,60329,0.0,0.0
2022-12-29 12:30:00-05:00,37.790000915527344,37.880001068115234,37.7400016784668,37.849998474121094,50265,0.0,0.0
2022-12-29 13:30:00-05:00,37.849998474121094,37.90999984741211,37.79999923706055,37.87770080566406,50868,0.0,0.0
2022-12-29 14:30:00-05:00,37.880001068115234,37.959999084472656,37.75,37.86000061035156,71005,0.0,0.0
2022-12-29 15:30:00-05:00,37.875,38.060001373291016,37.875,37.97999954223633,139411,0.0,0.0
2022-12-30 09:30:00-05:00,37.58000183105469,37.88999938964844,37.56999969482422,37.72999954223633,83760,0.0,0.0
2022-12-30 10:30:00-05:00,37.7400016784668,37.7599983215332,37.4900016784668,37.5099983215332,60962,0.0,0.0
2022-12-30 11:30:00-05:00,37.5,37.65999984741211,37.5,37.60499954223633,47725,0.0,0.0
2022-12-30 12:30:00-05:00,37.599998474121094,37.61989974975586,37.369998931884766,37.400001525878906,67510,0.0,0.0
2022-12-30 13:30:00-05:00,37.415000915527344,37.47999954223633,37.209999084472656,37.2599983215332,73446,0.0,0.0
2022-12-30 14:30:00-05:00,37.25,37.36000061035156,37.11000061035156,37.2400016784668,99544,0.0,0.0
2022-12-30 15:30:00-05:00,37.22999954223633,37.70000076293945,37.21500015258789,37.630001068115234,204732,0.0,0.0
2023-01-03 09:30:00-05:00,37.7599983215332,38.40999984741211,37.61000061035156,37.80500030517578,171229,0.0,0.0
2023-01-03 10:30:00-05:00,37.81999969482422,38.209999084472656,37.810001373291016,37.970001220703125,102175,0.0,0.0
2023-01-03 11:30:00-05:00,37.939998626708984,37.939998626708984,37.54999923706055,37.65999984741211,106695,0.0,0.0
2023-01-03 12:30:00-05:00,37.69179916381836,37.84000015258789,37.560001373291016,37.84000015258789,63699,0.0,0.0
2023-01-03 13:30:00-05:00,37.83000183105469,37.88999938964844,37.650001525878906,37.650001525878906,74729,0.0,0.0
2023-01-03 14:30:00-05:00,37.63999938964844,37.790000915527344,37.54999923706055,37.720001220703125,119232,0.0,0.0
2023-01-03 15:30:00-05:00,37.72999954223633,37.86000061035156,37.68000030517578,37.790000915527344,190648,0.0,0.0
2023-01-04 09:30:00-05:00,38.310001373291016,38.59000015258789,38.099998474121094,38.275001525878906,145041,0.0,0.0
2023-01-04 10:30:00-05:00,38.29999923706055,38.38999938964844,38.18000030517578,38.31999969482422,130281,0.0,0.0
2023-01-04 11:30:00-05:00,38.33000183105469,38.79999923706055,38.33000183105469,38.744998931884766,187726,0.0,0.0
2023-01-04 12:30:00-05:00,38.75,38.810001373291016,38.57500076293945,38.61000061035156,92944,0.0,0.0
2023-01-04 13:30:00-05:00,38.599998474121094,38.70000076293945,38.3401985168457,38.380001068115234,125977,0.0,0.0
2023-01-04 14:30:00-05:00,38.36000061035156,38.54499816894531,38.349998474121094,38.459999084472656,137694,0.0,0.0
2023-01-04 15:30:00-05:00,38.46500015258789,38.54999923706055,38.275001525878906,38.54999923706055,218264,0.0,0.0
2023-01-05 09:30:00-05:00,38.43000030517578,38.43000030517578,37.72999954223633,37.83000183105469,138000,0.0,0.0
2023-01-05 10:30:00-05:00,37.84000015258789,38.017601013183594,37.709999084472656,37.720001220703125,100178,0.0,0.0
2023-01-05 11:30:00-05:00,37.709999084472656,37.849998474121094,37.65999984741211,37.810001373291016,93420,0.0,0.0
2023-01-05 12:30:00-05:00,37.79999923706055,38.029998779296875,37.75,38.0,80604,0.0,0.0
2023-01-05 13:30:00-05:00,38.0099983215332,38.064998626708984,37.869998931884766,37.970001220703125,82515,0.0,0.0
2023-01-05 14:30:00-05:00,37.959999084472656,38.20000076293945,37.959999084472656,38.029998779296875,135665,0.0,0.0
2023-01-05 15:30:00-05:00,38.029998779296875,38.20000076293945,37.97999954223633,38.150001525878906,244763,0.0,0.0
2023-01-06 09:30:00-05:00,38.849998474121094,39.459999084472656,38.83000183105469,39.435001373291016,152718,0.0,0.0
2023-01-06 10:30:00-05:00,39.459999084472656,39.619998931884766,39.21500015258789,39.28499984741211,183436,0.0,0.0
2023-01-06 11:30:00-05:00,39.28499984741211,39.459999084472656,39.20000076293945,39.40999984741211,301703,0.0,0.0
2023-01-06 12:30:00-05:00,39.41999816894531,39.75,39.39500045776367,39.75,136452,0.0,0.0
2023-01-06 13:30:00-05:00,39.75,39.939998626708984,39.70500183105469,39.810001373291016,244739,0.0,0.0
2023-01-06 14:30:00-05:00,39.814998626708984,39.87969970703125,39.71500015258789,39.790000915527344,264614,0.0,0.0
2023-01-06 15:30:00-05:00,39.790000915527344,40.04999923706055,39.7599983215332,39.900001525878906,336373,0.0,0.0
2023-01-09 09:30:00-05:00,39.810001373291016,40.20000076293945,39.66999816894531,39.82500076293945,116649,0.0,0.0
2023-01-09 10:30:00-05:00,39.810001373291016,39.900001525878906,39.7599983215332,39.790000915527344,124035,0.0,0.0
2023-01-09 11:30:00-05:00,39.790000915527344,39.935001373291016,39.709999084472656,39.88999938964844,110187,0.0,0.0
2023-01-09 12:30:00-05:00,39.880001068115234,39.88999938964844,39.4900016784668,39.720001220703125,107202,0.0,0.0
2023-01-09 13:30:00-05:00,39.709999084472656,39.790000915527344,39.619998931884766,39.709999084472656,107531,0.0,0.0
2023-01-09 14:30:00-05:00,39.70000076293945,39.709999084472656,39.46099853515625,39.4900016784668,122027,0.0,0.0
2023-01-09 15:30:00-05:00,39.47999954223633,39.59700012207031,39.45000076293945,39.459999084472656,260112,0.0,0.0
2023-01-10 09:30:00-05:00,39.52000045776367,39.810001373291016,39.5,39.66999816894531,197730,0.0,0.0
2023-01-10 10:30:00-05:00,39.689998626708984,39.880001068115234,39.627498626708984,39.84000015258789,157408,0.0,0.0
2023-01-10 11:30:00-05:00,39.84000015258789,40.029998779296875,39.79999923706055,39.810001373291016,132363,0.0,0.0
2023-01-10 12:30:00-05:00,39.79999923706055,39.91999816894531,39.77000045776367,39.869998931884766,65166,0.0,0.0
2023-01-10 13:30:00-05:00,39.880001068115234,40.08000183105469,39.880001068115234,39.970001220703125,118686,0.0,0.0
2023-01-10 14:30:00-05:00,39.970001220703125,40.0276985168457,39.89500045776367,39.90999984741211,132006,0.0,0.0
2023-01-10 15:30:00-05:00,39.90999984741211,40.08000183105469,39.89500045776367,40.040000915527344,258917,0.0,0.0
2023-01-11 09:30:00-05:00,40.2400016784668,40.68000030517578,40.2400016784668,40.65999984741211,117860,0.0,0.0
2023-01-11 10:30:00-05:00,40.66999816894531,41.06999969482422,40.58000183105469,40.95500183105469,321829,0.0,0.0
2023-01-11 11:30:00-05:00,40.939998626708984,41.040000915527344,40.88999938964844,41.0,115888,0.0,0.0
2023-01-11 12:30:00-05:00,41.0099983215332,41.05500030517578,40.83000183105469,40.880001068115234,126674,0.0,0.0
2023-01-11 13:30:00-05:00,40.869998931884766,40.88290023803711,40.720001220703125,40.85499954223633,110075,0.0,0.0
2023-01-11 14:30:00-05:00,40.85499954223633,40.9900016784668,40.83000183105469,40.875,131846,0.0,0.0
2023-01-11 15:30:00-05:00,40.869998931884766,40.939998626708984,40.76499938964844,40.84000015258789,249873,0.0,0.0
2023-01-12 09:30:00-05:00,41.189998626708984,41.189998626708984,40.625,40.72999954223633,263627,0.0,0.0
2023-01-12 10:30:00-05:00,40.72999954223633,41.09000015258789,40.70000076293945,41.09000015258789,192991,0.0,0.0
2023-01-12 11:30:00-05:00,41.09000015258789,41.470001220703125,41.06999969482422,41.435001373291016,188225,0.0,0.0
2023-01-12 12:30:00-05:00,41.435001373291016,41.47999954223633,41.15999984741211,41.16999816894531,107799,0.0,0.0
2023-01-12 13:30:00-05:00,41.16999816894531,41.36000061035156,41.11000061035156,41.130001068115234,126642,0.0,0.0
2023-01-12 14:30:00-05:00,41.130001068115234,41.45000076293945,41.10499954223633,41.415000915527344,215716,0.0,0.0
2023-01-12 15:30:00-05:00,41.415000915527344,41.4900016784668,41.18000030517578,41.189998626708984,404114,0.0,0.0
2023-01-13 09:30:00-05:00,40.84000015258789,41.20000076293945,40.84000015258789,40.970001220703125,106782,0.0,0.0
2023-01-13 10:30:00-05:00,40.97999954223633,41.380001068115234,40.814998626708984,41.32500076293945,138276,0.0,0.0
2023-01-13 11:30:00-05:00,41.31999969482422,41.369998931884766,41.20000076293945,41.349998474121094,89287,0.0,0.0
2023-01-13 12:30:00-05:00,41.349998474121094,41.439998626708984,41.15999984741211,41.19499969482422,109069,0.0,0.0
2023-01-13 13:30:00-05:00,41.19499969482422,41.43000030517578,41.1349983215332,41.220001220703125,106551,0.0,0.0
2023-01-13 14:30:00-05:00,41.22999954223633,41.34000015258789,41.22999954223633,41.29999923706055,94151,0.0,0.0
2023-01-13 15:30:00-05:00,41.310001373291016,41.42499923706055,41.22999954223633,41.290000915527344,183797,0.0,0.0
2023-01-17 09:30:00-05:00,41.29999923706055,41.47999954223633,40.709999084472656,40.90999984741211,177622,0.0,0.0
2023-01-17 10:30:00-05:00,40.939998626708984,41.04059982299805,40.869998931884766,40.959999084472656,166799,0.0,0.0
2023-01-17 11:30:00-05:00,40.95000076293945,41.029998779296875,40.869998931884766,40.900001525878906,111488,0.0,0.0
2023-01-17 12:30:00-05:00,40.89250183105469,40.974998474121094,40.709999084472656,40.779998779296875,123996,0.0,0.0
2023-01-17 13:30:00-05:00,40.779998779296875,40.959999084472656,40.7400016784668,40.75,125788,0.0,0.0
2023-01-17 14:30:00-05:00,40.7599983215332,41.03499984741211,40.7599983215332,40.959999084472656,134765,0.0,0.0
2023-01-17 15:30:00-05:00,40.959999084472656,40.987998962402344,40.77000045776367,40.91999816894531,237294,0.0,0.0
2023-01-18 09:30:00-05:00,40.810001373291016,41.75,40.765499114990234,41.75,186635,0.0,0.0
2023-01-18 10:30:00-05:00,41.720001220703125,41.77989959716797,41.41999816894531,41.47999954223633,116386,0.0,0.0
2023-01-18 11:30:00-05:00,41.47999954223633,41.4900016784668,41.220001220703125,41.34000015258789,140071,0.0,0.0
2023-01-18 12:30:00-05:00,41.32500076293945,41.3650016784668,41.150001525878906,41.3650016784668,147143,0.0,0.0
2023-01-18 13:30:00-05:00,41.380001068115234,41.41999816894531,41.26210021972656,41.36000061035156,99773,0.0,0.0
2023-01-18 14:30:00-05:00,41.36000061035156,41.400001525878906,41.29999923706055,41.349998474121094,134813,0.0,0.0
2023-01-18 15:30:00-05:00,41.345001220703125,41.375,41.099998474121094,41.11000061035156,346235,0.0,0.0
2023-01-19 09:30:00-05:00,40.70000076293945,40.775001525878906,40.5,40.619998931884766,101610,0.0,0.0
2023-01-19 10:30:00-05:00,40.625,40.75,40.5526008605957,40.689998626708984,108546,0.0,0.0
2023-01-19 11:30:00-05:00,40.70000076293945,40.83000183105469,40.56999969482422,40.779998779296875,136189,0.0,0.0
2023-01-19 12:30:00-05:00,40.810001373291016,41.040000915527344,40.810001373291016,40.939998626708984,92070,0.0,0.0
2023-01-19 13:30:00-05:00,40.95000076293945,41.129398345947266,40.93000030517578,41.07500076293945,81680,0.0,0.0
2023-01-19 14:30:00-05:00,41.060001373291016,41.310001373291016,41.0099983215332,41.119998931884766,202813,0.0,0.0
2023-01-19 15:30:00-05:00,41.1150016784668,41.38999938964844,41.04999923706055,41.22999954223633,400406,0.0,0.0
2023-01-20 09:30:00-05:00,41.209999084472656,41.310001373291016,40.95000076293945,41.15999984741211,133255,0.0,0.0
2023-01-20 10:30:00-05:00,41.16999816894531,41.380001068115234,41.130001068115234,41.31999969482422,103949,0.0,0.0
2023-01-20 11:30:00-05:00,41.33000183105469,41.349998474121094,41.130001068115234,41.25,190131,0.0,0.0
2023-01-20 12:30:00-05:00,41.2599983215332,41.310001373291016,41.1349983215332,41.29999923706055,76202,0.0,0.0
2023-01-20 13:30:00-05:00,41.310001373291016,41.939998626708984,41.310001373291016,41.869998931884766,203452,0.0,0.0
2023-01-20 14:30:00-05:00,41.86000061035156,42.04999923706055,41.86000061035156,42.0,147047,0.0,0.0
2023-01-20 15:30:00-05:00,41.9900016784668,42.060001373291016,41.90999984741211,42.0099983215332,316680,0.0,0.0
2023-01-23 09:30:00-05:00,42.02000045776367,42.20000076293945,41.88999938964844,41.974998474121094,167568,0.0,0.0
2023-01-23 10:30:00-05:00,41.974998474121094,42.400001525878906,41.974998474121094,42.34000015258789,134502,0.0,0.0
2023-01-23 11:30:00-05:00,42.32500076293945,42.540000915527344,42.29999923706055,42.46500015258789,122803,0.0,0.0
2023-01-23 12:30:00-05:00,42.459999084472656,42.529998779296875,42.36000061035156,42.380001068115234,85432,0.0,0.0
2023-01-23 13:30:00-05:00,42.369998931884766,42.56999969482422,42.34000015258789,42.3474006652832,77040,0.0,0.0
2023-01-23 14:30:00-05:00,42.36000061035156,42.41999816894531,42.27000045776367,42.34000015258789,171165,0.0,0.0
2023-01-23 15:30:00-05:00,42.369998931884766,42.630001068115234,42.369998931884766,42.56999969482422,140614,0.0,0.0
2023-01-24 09:30:00-05:00,42.20000076293945,43.13999938964844,42.0,42.939998626708984,175605,0.0,0.0
2023-01-24 10:30:00-05:00,42.91999816894531,43.060001373291016,42.898399353027344,43.0,176368,0.0,0.0
2023-01-24 11:30:00-05:00,42.9900016784668,42.9900016784668,42.7599983215332,42.95000076293945,93292,0.0,0.0
2023-01-24 12:30:00-05:00,42.939998626708984,42.97999954223633,42.880001068115234,42.92499923706055,82421,0.0,0.0
2023-01-24 13:30:00-05:00,42.91999816894531,43.0099983215332,42.72999954223633,42.8931999206543,432141,0.0,0.0
2023-01-24 14:30:00-05:00,42.88999938964844,43.0,42.84000015258789,42.939998626708984,187400,0.0,0.0
2023-01-24 15:30:00-05:00,42.92020034790039,43.0,42.849998474121094,42.86000061035156,217425,0.0,0.0
2023-01-25 09:30:00-05:00,42.7400016784668,42.90999984741211,42.61000061035156,42.77000045776367,158171,0.0,0.0
2023-01-25 10:30:00-05:00,42.7599983215332,42.83000183105469,42.52000045776367,42.630001068115234,151789,0.0,0.0
2023-01-25 11:30:00-05:00,42.630001068115234,42.900001525878906,42.55500030517578,42.720001220703125,119139,0.0,0.0
2023-01-25 12:30:00-05:00,42.73500061035156,42.9900016784668,42.73500061035156,42.9900016784668,129979,0.0,0.0
2023-01-25 13:30:00-05:00,42.9900016784668,43.029998779296875,42.83000183105469,42.97999954223633,97440,0.0,0.0
2023-01-25 14:30:00-05:00,42.974998474121094,43.04999923706055,42.93000030517578,43.04999923706055,109045,0.0,0.0
2023-01-25 15:30:00-05:00,43.04999923706055,43.27000045776367,43.0,43.25,257147,0.0,0.0
2023-01-26 09:30:00-05:00,43.54999923706055,43.84000015258789,43.471099853515625,43.709999084472656,147825,0.0,0.0
2023-01-26 10:30:00-05:00,43.70500183105469,43.880001068115234,43.58000183105469,43.66999816894531,151319,0.0,0.0
2023-01-26 11:30:00-05:00,43.650001525878906,43.88999938964844,43.59000015258789,43.7599983215332,105248,0.0,0.0
2023-01-26 12:30:00-05:00,43.75,43.75,43.52000045776367,43.525001525878906,56320,0.0,0.0
2023-01-26 13:30:00-05:00,43.52000045776367,43.70000076293945,43.52000045776367,43.66999816894531,93687,0.0,0.0
2023-01-26 14:30:00-05:00,43.672000885009766,43.779998779296875,43.66999816894531,43.72999954223633,102447,0.0,0.0
2023-01-26 15:30:00-05:00,43.72999954223633,43.790000915527344,43.69499969482422,43.709999084472656,245118,0.0,0.0
2023-01-27 09:30:00-05:00,43.619998931884766,43.779998779296875,43.45069885253906,43.45069885253906,86231,0.0,0.0
2023-01-27 10:30:00-05:00,43.41460037231445,43.685001373291016,43.40999984741211,43.650001525878906,104769,0.0,0.0
2023-01-27 11:30:00-05:00,43.64500045776367,43.77000045776367,43.57500076293945,43.7400016784668,68641,0.0,0.0
2023-01-27 12:30:00-05:00,43.709999084472656,43.81999969482422,43.709999084472656,43.75,54481,0.0,0.0
2023-01-27 13:30:00-05:00,43.7400016784668,43.829898834228516,43.540000915527344,43.619998931884766,83896,0.0,0.0
2023-01-27 14:30:00-05:00,43.599998474121094,43.678199768066406,43.529998779296875,43.63999938964844,107920,0.0,0.0
2023-01-27 15:30:00-05:00,43.63999938964844,43.650001525878906,43.47999954223633,43.5,176284,0.0,0.0
2023-01-30 09:30:00-05:00,43.15999984741211,43.68000030517578,43.04999923706055,43.470001220703125,95202,0.0,0.0
2023-01-30 10:30:00-05:00,43.470001220703125,43.470001220703125,43.2400016784668,43.400001525878906,76337,0.0,0.0
2023-01-30 11:30:00-05:00,43.40999984741211,43.41999816894531,43.19499969482422,43.220001220703125,57875,0.0,0.0
2023-01-30 12:30:00-05:00,43.23820114135742,43.29999923706055,43.130001068115234,43.22999954223633,82395,0.0,0.0
2023-01-30 13:30:00-05:00,43.220001220703125,43.34000015258789,43.130001068115234,43.23320007324219,106984,0.0,0.0
2023-01-30 14:30:00-05:00,43.22999954223633,43.27000045776367,43.0,43.0099983215332,71753,0.0,0.0
2023-01-30 15:30:00-05:00,43.0099983215332,43.099998474121094,42.900001525878906,42.900001525878906,219499,0.0,0.0
2023-01-31 09:30:00-05:00,42.900001525878906,43.54499816894531,42.849998474121094,43.54499816894531,113245,0.0,0.0
2023-01-31 10:30:00-05:00,43.560001373291016,43.75,43.44499969482422,43.75,110324,0.0,0.0
2023-01-31 11:30:00-05:00,43.75,43.86000061035156,43.66999816894531,43.810001373291016,122040,0.0,0.0
2023-01-31 12:30:00-05:00,43.79859924316406,43.810001373291016,43.68000030517578,43.755001068115234,102940,0.0,0.0
2023-01-31 13:30:00-05:00,43.7599983215332,43.830101013183594,43.70000076293945,43.75,87059,0.0,0.0
2023-01-31 14:30:00-05:00,43.75,43.7599983215332,43.599998474121094,43.599998474121094,94180,0.0,0.0
2023-01-31 15:30:00-05:00,43.58940124511719,44.029998779296875,43.58940124511719,44.029998779296875,273544,0.0,0.0
2023-02-01 09:30:00-05:00,43.70000076293945,43.779998779296875,43.36000061035156,43.400001525878906,92711,0.0,0.0
2023-02-01 10:30:00-05:00,43.38999938964844,43.459999084472656,43.17900085449219,43.34000015258789,114700,0.0,0.0
2023-02-01 11:30:00-05:00,43.36000061035156,43.38999938964844,43.25,43.34000015258789,89986,0.0,0.0
2023-02-01 12:30:00-05:00,43.36000061035156,43.40999984741211,43.15999984741211,43.241798400878906,85817,0.0,0.0
2023-02-01 13:30:00-05:00,43.2599983215332,43.41999816894531,43.18000030517578,43.209999084472656,112134,0.0,0.0
2023-02-01 14:30:00-05:00,43.22999954223633,43.91999816894531,43.0,43.90999984741211,139773,0.0,0.0
2023-02-01 15:30:00-05:00,43.91999816894531,44.150001525878906,43.744998931884766,43.779998779296875,386017,0.0,0.0
2023-02-02 09:30:00-05:00,44.09000015258789,44.90999984741211,44.0,44.790000915527344,165347,0.0,0.0
2023-02-02 10:30:00-05:00,44.79570007324219,45.44499969482422,44.79570007324219,45.43000030517578,222542,0.0,0.0
2023-02-02 11:30:00-05:00,45.43000030517578,45.5099983215332,45.150001525878906,45.31209945678711,142763,0.0,0.0
2023-02-02 12:30:00-05:00,45.29999923706055,45.36000061035156,45.16999816894531,45.279998779296875,131303,0.0,0.0
2023-02-02 13:30:00-05:00,45.257301330566406,45.290000915527344,44.900001525878906,44.915000915527344,149697,0.0,0.0
2023-02-02 14:30:00-05:00,44.93000030517578,44.95500183105469,44.61000061035156,44.75,121594,0.0,0.0
2023-02-02 15:30:00-05:00,44.75,44.79999923706055,44.665000915527344,44.75,193019,0.0,0.0
2023-02-03 09:30:00-05:00,44.22999954223633,44.630001068115234,44.22999954223633,44.61000061035156,106558,0.0,0.0
2023-02-03 10:30:00-05:00,44.630001068115234,44.869998931884766,44.59000015258789,44.7599983215332,76099,0.0,0.0
2023-02-03 11:30:00-05:00,44.75,45.02000045776367,44.720001220703125,45.0,127881,0.0,0.0
2023-02-03 12:30:00-05:00,45.02000045776367,45.16999816894531,44.77000045776367,44.79999923706055,124900,0.0,0.0
2023-02-03 13:30:00-05:00,44.779998779296875,44.83000183105469,44.63999938964844,44.7932014465332,100564,0.0,0.0
2023-02-03 14:30:00-05:00,44.80500030517578,44.81999969482422,44.599998474121094,44.619998931884766,103012,0.0,0.0
2023-02-03 15:30:00-05:00,44.630001068115234,44.65999984741211,44.380001068115234,44.43000030517578,155728,0.0,0.0
2023-02-06 09:30:00-05:00,44.11000061035156,44.31999969482422,43.74480056762695,43.83000183105469,86788,0.0,0.0
2023-02-06 10:30:00-05:00,43.779998779296875,44.125,43.7400016784668,44.060001373291016,75859,0.0,0.0
2023-02-06 11:30:00-05:00,44.06999969482422,44.11410140991211,43.959999084472656,43.970001220703125,90631,0.0,0.0
2023-02-06 12:30:00-05:00,43.9900016784668,44.06999969482422,43.93000030517578,44.02000045776367,63643,0.0,0.0
2023-02-06 13:30:00-05:00,43.9900016784668,44.14500045776367,43.970001220703125,44.1349983215332,85818,0.0,0.0
2023-02-06 14:30:00-05:00,44.1349983215332,44.13999938964844,43.939998626708984,43.95000076293945,86866,0.0,0.0
2023-02-06 15:30:00-05:00,43.93000030517578,43.994998931884766,43.880001068115234,43.959999084472656,176856,0.0,0.0
2023-02-07 09:30:00-05:00,43.619998931884766,43.7400016784668,43.369998931884766,43.40999984741211,76445,0.0,0.0
2023-02-07 10:30:00-05:00,43.40999984741211,43.529998779296875,43.209999084472656,43.494998931884766,100900,0.0,0.0
2023-02-07 11:30:00-05:00,43.5,43.689998626708984,43.48500061035156,43.56999969482422,80179,0.0,0.0
2023-02-07 12:30:00-05:00,43.56999969482422,44.029998779296875,43.55500030517578,43.65999984741211,121861,0.0,0.0
2023-02-07 13:30:00-05:00,43.63999938964844,43.900001525878906,43.45000076293945,43.87030029296875,74171,0.0,0.0
2023-02-07 14:30:00-05:00,43.880001068115234,44.040000915527344,43.880001068115234,43.97999954223633,67875,0.0,0.0
2023-02-07 15:30:00-05:00,43.970001220703125,44.185001373291016,43.89500045776367,44.040000915527344,160186,0.0,0.0
2023-02-08 09:30:00-05:00,43.709999084472656,44.130001068115234,43.709999084472656,43.946998596191406,100487,0.0,0.0
2023-02-08 10:30:00-05:00,43.959999084472656,44.13999938964844,43.869998931884766,44.0,73458,0.0,0.0
2023-02-08 11:30:00-05:00,43.97999954223633,44.119998931884766,43.91999816894531,44.08000183105469,59635,0.0,0.0
2023-02-08 12:30:00-05:00,44.09000015258789,44.20000076293945,44.060001373291016,44.13999938964844,55388,0.0,0.0
2023-02-08 13:30:00-05:00,44.119998931884766,44.1349983215332,43.86000061035156,43.86000061035156,62940,0.0,0.0
2023-02-08 14:30:00-05:00,43.86000061035156,43.869998931884766,43.61000061035156,43.76499938964844,174418,0.0,0.0
2023-02-08 15:30:00-05:00,43.76499938964844,43.849998474121094,43.63999938964844,43.72999954223633,164563,0.0,0.0
2023-02-09 09:30:00-05:00,44.0,44.15999984741211,42.7400016784668,42.779998779296875,212318,0.0,0.0
2023-02-09 10:30:00-05:00,42.77000045776367,43.11000061035156,42.58000183105469,42.72999954223633,192330,0.0,0.0
2023-02-09 11:30:00-05:00,42.744998931884766,42.744998931884766,42.310001373291016,42.34000015258789,94316,0.0,0.0
2023-02-09 12:30:00-05:00,42.345001220703125,42.40999984741211,42.11000061035156,42.22999954223633,107861,0.0,0.0
2023-02-09 13:30:00-05:00,42.18000030517578,42.3849983215332,42.11000061035156,42.18000030517578,91459,0.0,0.0
2023-02-09 14:30:00-05:00,42.20000076293945,42.25,41.972198486328125,42.20000076293945,161382,0.0,0.0
2023-02-09 15:30:00-05:00,42.20000076293945,42.41999816894531,42.15999984741211,42.33000183105469,277854,0.0,0.0
2023-02-10 09:30:00-05:00,42.290000915527344,43.06999969482422,42.13999938964844,42.97999954223633,91267,0.0,0.0
2023-02-10 10:30:00-05:00,42.97999954223633,43.07500076293945,42.75,42.779998779296875,103109,0.0,0.0
2023-02-10 11:30:00-05:00,42.78499984741211,42.97999954223633,42.709999084472656,42.75,97563,0.0,0.0
2023-02-10 12:30:00-05:00,42.7400016784668,43.09000015258789,42.7400016784668,43.029998779296875,88777,0.0,0.0
2023-02-10 13:30:00-05:00,43.02949905395508,43.040000915527344,42.814998626708984,42.83000183105469,78348,0.0,0.0
2023-02-10 14:30:00-05:00,42.81999969482422,43.09000015258789,42.810001373291016,43.060001373291016,88453,0.0,0.0
2023-02-10 15:30:00-05:00,43.06999969482422,43.07500076293945,42.939998626708984,43.04999923706055,195830,0.0,0.0
2023-02-13 09:30:00-05:00,42.97999954223633,43.560001373291016,42.97140121459961,43.46500015258789,146647,0.0,0.0
2023-02-13 10:30:00-05:00,43.47999954223633,43.70000076293945,43.400001525878906,43.689998626708984,70733,0.0,0.0
2023-02-13 11:30:00-05:00,43.689998626708984,43.689998626708984,43.40610122680664,43.560001373291016,125738,0.0,0.0
2023-02-13 12:30:00-05:00,43.54499816894531,43.619598388671875,43.5,43.525001525878906,49291,0.0,0.0
2023-02-13 13:30:00-05:00,43.540000915527344,43.75,43.5,43.63999938964844,49206,0.0,0.0
2023-02-13 14:30:00-05:00,43.630001068115234,43.66450119018555,43.52840042114258,43.65999984741211,44288,0.0,0.0
2023-02-13 15:30:00-05:00,43.68000030517578,43.86000061035156,43.66999816894531,43.7400016784668,176822,0.0,0.0
2023-02-14 09:30:00-05:00,43.599998474121094,43.855098724365234,43.29999923706055,43.650001525878906,81697,0.0,0.0
2023-02-14 10:30:00-05:00,43.619998931884766,43.649200439453125,43.310001373291016,43.43000030517578,56157,0.0,0.0
2023-02-14 11:30:00-05:00,43.369998931884766,43.52000045776367,43.25,43.459999084472656,55590,0.0,0.0
2023-02-14 12:30:00-05:00,43.45500183105469,43.709999084472656,43.41999816894531,43.619998931884766,40408,0.0,0.0
2023-02-14 13:30:00-05:00,43.630001068115234,43.65999984741211,43.4900016784668,43.560001373291016,40584,0.0,0.0
2023-02-14 14:30:00-05:00,43.560001373291016,43.72999954223633,43.560001373291016,43.66999816894531,57890,0.0,0.0
2023-02-14 15:30:00-05:00,43.65999984741211,43.720001220703125,43.58000183105469,43.61000061035156,111641,0.0,0.0
2023-02-15 09:30:00-05:00,43.52000045776367,43.52000045776367,43.150001525878906,43.40999984741211,79943,0.0,0.0
2023-02-15 10:30:00-05:00,43.400001525878906,43.47999954223633,43.290000915527344,43.41999816894531,91760,0.0,0.0
2023-02-15 11:30:00-05:00,43.40999984741211,43.5099983215332,43.310001373291016,43.349998474121094,55670,0.0,0.0
2023-02-15 12:30:00-05:00,43.34000015258789,43.48500061035156,43.34000015258789,43.43000030517578,45296,0.0,0.0
2023-02-15 13:30:00-05:00,43.41999816894531,43.584999084472656,43.40999984741211,43.56010055541992,48356,0.0,0.0
2023-02-15 14:30:00-05:00,43.56999969482422,43.58000183105469,43.47999954223633,43.4900016784668,60607,0.0,0.0
2023-02-15 15:30:00-05:00,43.47999954223633,43.709999084472656,43.470001220703125,43.689998626708984,152801,0.0,0.0
2023-02-16 09:30:00-05:00,43.099998474121094,43.279598236083984,42.93000030517578,43.189998626708984,133934,0.0,0.0
2023-02-16 10:30:00-05:00,43.19499969482422,43.275001525878906,43.13999938964844,43.189998626708984,60724,0.0,0.0
2023-02-16 11:30:00-05:00,43.18000030517578,43.45000076293945,43.130001068115234,43.439998626708984,64655,0.0,0.0
2023-02-16 12:30:00-05:00,43.439998626708984,43.52000045776367,43.310001373291016,43.33000183105469,81449,0.0,0.0
2023-02-16 13:30:00-05:00,43.339900970458984,43.439998626708984,43.33000183105469,43.40999984741211,52671,0.0,0.0
2023-02-16 14:30:00-05:00,43.40999984741211,43.40999984741211,43.064998626708984,43.08000183105469,65960,0.0,0.0
2023-02-16 15:30:00-05:00,43.06999969482422,43.08000183105469,42.900001525878906,42.93000030517578,138418,0.0,0.0
2023-02-17 09:30:00-05:00,42.90999984741211,42.90999984741211,42.220001220703125,42.630001068115234,94734,0.0,0.0
2023-02-17 10:30:00-05:00,42.625,42.790000915527344,42.43000030517578,42.650001525878906,91582,0.0,0.0
2023-02-17 11:30:00-05:00,42.650001525878906,42.85499954223633,42.5,42.79999923706055,93595,0.0,0.0
2023-02-17 12:30:00-05:00,42.79999923706055,42.91999816894531,42.75,42.83000183105469,74645,0.0,0.0
2023-02-17 13:30:00-05:00,42.83000183105469,43.018001556396484,42.78499984741211,42.93000030517578,117500,0.0,0.0
2023-02-17 14:30:00-05:00,42.939998626708984,43.02000045776367,42.869998931884766,42.89500045776367,120808,0.0,0.0
2023-02-17 15:30:00-05:00,42.880001068115234,43.029998779296875,42.880001068115234,42.959999084472656,155915,0.0,0.0
2023-02-21 09:30:00-05:00,42.5099983215332,42.849998474121094,42.17499923706055,42.40999984741211,100687,0.0,0.0
2023-02-21 10:30:00-05:00,42.400001525878906,42.47999954223633,41.84000015258789,41.84000015258789,238979,0.0,0.0
2023-02-21 11:30:00-05:00,41.849998474121094,41.88999938964844,41.64099884033203,41.810001373291016,110106,0.0,0.0
2023-02-21 12:30:00-05:00,41.79999923706055,41.97999954223633,41.74100112915039,41.81999969482422,98091,0.0,0.0
2023-02-21 13:30:00-05:00,41.81999969482422,41.82500076293945,41.56999969482422,41.63999938964844,91280,0.0,0.0
2023-02-21 14:30:00-05:00,41.6349983215332,41.849998474121094,41.630001068115234,41.849998474121094,100493,0.0,0.0
2023-02-21 15:30:00-05:00,41.849998474121094,42.130001068115234,41.849998474121094,41.97999954223633,240688,0.0,0.0
2023-02-22 09:30:00-05:00,42.119998931884766,42.380001068115234,42.02000045776367,42.2400016784668,64659,0.0,0.0
2023-02-22 10:30:00-05:00,42.189998626708984,42.189998626708984,41.790000915527344,41.95000076293945,136582,0.0,0.0
2023-02-22 11:30:00-05:00,41.939998626708984,42.18000030517578,41.939998626708984,42.130001068115234,99947,0.0,0.0
2023-02-22 12:30:00-05:00,42.130001068115234,42.23500061035156,42.095001220703125,42.22999954223633,64759,0.0,0.0
2023-02-22 13:30:00-05:00,42.2400016784668,42.25,42.02000045776367,42.119998931884766,86325,0.0,0.0
2023-02-22 14:30:00-05:00,42.099998474121094,42.109798431396484,41.84000015258789,41.92499923706055,129543,0.0,0.0
2023-02-22 15:30:00-05:00,41.915000915527344,42.029998779296875,41.83000183105469,41.959999084472656,224170,0.0,0.0
2023-02-23 09:30:00-05:00,41.5,41.70000076293945,38.720001220703125,38.79999923706055,512856,0.0,0.0
2023-02-23 10:30:00-05:00,38.84000015258789,39.45000076293945,38.56999969482422,39.209999084472656,518638,0.0,0.0
2023-02-23 11:30:00-05:00,39.150001525878906,39.5099983215332,38.150001525878906,38.779998779296875,337842,0.0,0.0
2023-02-23 12:30:00-05:00,38.724998474121094,39.02000045776367,38.63999938964844,38.95000076293945,291830,0.0,0.0
2023-02-23 13:30:00-05:00,38.95479965209961,39.494998931884766,38.70000076293945,39.4900016784668,205269,0.0,0.0
2023-02-23 14:30:00-05:00,39.529998779296875,39.630001068115234,39.345001220703125,39.61000061035156,198758,0.0,0.0
2023-02-23 15:30:00-05:00,39.599998474121094,39.689998626708984,39.38999938964844,39.560001373291016,499891,0.0,0.0
2023-02-24 09:30:00-05:00,39.099998474121094,39.33000183105469,38.72999954223633,38.97999954223633,147376,0.0,0.0
2023-02-24 10:30:00-05:00,38.970001220703125,39.345001220703125,38.970001220703125,39.33000183105469,136002,0.0,0.0
2023-02-24 11:30:00-05:00,39.32500076293945,39.43000030517578,39.22999954223633,39.36000061035156,127194,0.0,0.0
2023-02-24 12:30:00-05:00,39.369998931884766,39.40999984741211,39.2400016784668,39.349998474121094,125363,0.0,0.0
2023-02-24 13:30:00-05:00,39.34000015258789,39.59000015258789,39.279998779296875,39.4900016784668,108450,0.0,0.0
2023-02-24 14:30:00-05:00,39.5,39.63999938964844,39.45000076293945,39.500999450683594,139135,0.0,0.0
2023-02-24 15:30:00-05:00,39.505001068115234,39.529998779296875,39.279998779296875,39.47999954223633,336471,0.0,0.0
2023-02-27 09:30:00-05:00,39.75,40.26499938964844,39.5,39.94449996948242,169106,0.0,0.0
2023-02-27 10:30:00-05:00,39.970001220703125,40.025001525878906,39.849998474121094,39.849998474121094,199906,0.0,0.0
2023-02-27 11:30:00-05:00,39.849998474121094,39.93000030517578,39.75,39.77000045776367,126933,0.0,0.0
2023-02-27 12:30:00-05:00,39.77000045776367,39.91999816894531,39.75,39.88999938964844,126531,0.0,0.0
2023-02-27 13:30:00-05:00,39.8849983215332,39.970001220703125,39.77000045776367,39.82500076293945,162730,0.0,0.0
2023-02-27 14:30:00-05:00,39.82500076293945,39.88999938964844,39.75,39.79999923706055,202786,0.0,0.0
2023-02-27 15:30:00-05:00,39.79999923706055,39.81999969482422,39.650001525878906,39.65999984741211,377063,0.0,0.0
2023-02-28 09:30:00-05:00,39.779998779296875,40.06999969482422,39.77000045776367,39.87990188598633,174514,0.0,0.0
2023-02-28 10:30:00-05:00,39.880001068115234,39.900001525878906,39.7400016784668,39.83000183105469,214626,0.0,0.0
2023-02-28 11:30:00-05:00,39.84000015258789,40.0099983215332,39.83000183105469,39.845001220703125,112514,0.0,0.0
2023-02-28 12:30:00-05:00,39.845001220703125,39.91999816894531,39.73500061035156,39.88999938964844,110777,0.0,0.0
2023-02-28 13:30:00-05:00,39.880001068115234,39.900001525878906,39.80500030517578,39.84000015258789,115190,0.0,0.0
2023-02-28 14:30:00-05:00,39.84000015258789,39.9900016784668,39.82500076293945,39.88999938964844,173876,0.0,0.0
2023-02-28 15:30:00-05:00,39.89500045776367,39.904998779296875,39.72999954223633,39.849998474121094,388207,0.0,0.0
2023-03-01 09:30:00-05:00,39.93000030517578,39.93000030517578,39.02000045776367,39.21500015258789,328927,0.0,0.0
2023-03-01 10:30:00-05:00,39.22999954223633,39.35960006713867,38.83000183105469,38.88999938964844,313797,0.0,0.0
2023-03-01 11:30:00-05:00,38.869998931884766,39.099998474121094,38.77000045776367,38.95000076293945,169362,0.0,0.0
2023-03-01 12:30:00-05:00,38.95000076293945,39.060001373291016,38.880001068115234,38.900001525878906,159487,0.0,0.0
2023-03-01 13:30:00-05:00,38.880001068115234,38.95000076293945,38.560001373291016,38.61000061035156,220035,0.0,0.0
2023-03-01 14:30:00-05:00,38.599998474121094,38.75,38.459999084472656,38.51100158691406,345716,0.0,0.0
2023-03-01 15:30:00-05:00,38.529998779296875,38.935001373291016,38.4984016418457,38.790000915527344,534096,0.0,0.0
2023-03-02 09:30:00-05:00,38.36000061035156,38.58000183105469,38.154998779296875,38.345001220703125,143185,0.0,0.0
2023-03-02 10:30:00-05:00,38.36000061035156,38.43000030517578,38.099998474121094,38.18000030517578,102226,0.0,0.0
2023-03-02 11:30:00-05:00,38.189998626708984,38.189998626708984,37.91999816894531,37.98500061035156,117775,0.0,0.0
2023-03-02 12:30:00-05:00,37.959999084472656,38.0099983215332,37.79119873046875,37.82500076293945,123755,0.0,0.0
2023-03-02 13:30:00-05:00,37.83000183105469,38.290000915527344,37.81999969482422,38.250099182128906,123074,0.0,0.0
2023-03-02 14:30:00-05:00,38.2599983215332,38.290000915527344,38.099998474121094,38.16999816894531,107969,0.0,0.0
2023-03-02 15:30:00-05:00,38.18000030517578,38.31999969482422,38.125,38.16999816894531,235150,0.0,0.0
2023-03-03 09:30:00-05:00,38.15999984741211,38.290000915527344,37.959999084472656,38.125,202394,0.0,0.0
2023-03-03 10:30:00-05:00,38.125,38.18000030517578,37.98500061035156,38.040000915527344,202699,0.0,0.0
2023-03-03 11:30:00-05:00,38.04999923706055,38.15520095825195,37.9901008605957,38.060001373291016,181005,0.0,0.0
2023-03-03 12:30:00-05:00,38.06999969482422,38.20500183105469,38.04999923706055,38.04999923706055,140171,0.0,0.0
2023-03-03 13:30:00-05:00,38.04999923706055,38.220001220703125,38.04999923706055,38.18000030517578,132807,0.0,0.0
2023-03-03 14:30:00-05:00,38.18000030517578,38.209999084472656,38.08000183105469,38.15999984741211,259011,0.0,0.0
2023-03-03 15:30:00-05:00,38.150001525878906,38.165000915527344,38.060001373291016,38.119998931884766,421100,0.0,0.0
2023-03-06 09:30:00-05:00,38.20000076293945,38.369998931884766,38.060001373291016,38.31999969482422,269433,0.0,0.0
2023-03-06 10:30:00-05:00,38.31999969482422,38.34000015258789,38.1349983215332,38.22999954223633,206261,0.0,0.0
2023-03-06 11:30:00-05:00,38.2400016784668,38.25,38.18000030517578,38.209999084472656,142498,0.0,0.0
2023-03-06 12:30:00-05:00,38.20000076293945,38.220001220703125,37.95500183105469,38.02000045776367,195431,0.0,0.0
2023-03-06 13:30:00-05:00,38.0099983215332,38.029998779296875,37.72999954223633,37.78499984741211,177479,0.0,0.0
2023-03-06 14:30:00-05:00,37.790000915527344,37.869998931884766,37.619998931884766,37.6349983215332,240024,0.0,0.0
2023-03-06 15:30:00-05:00,37.63999938964844,37.880001068115234,37.59000015258789,37.599998474121094,519525,0.0,0.0
2023-03-07 09:30:00-05:00,37.4900016784668,37.56999969482422,37.2400016784668,37.279998779296875,248745,0.0,0.0
2023-03-07 10:30:00-05:00,37.279998779296875,37.45500183105469,37.04999923706055,37.310001373291016,335741,0.0,0.0
2023-03-07 11:30:00-05:00,37.31999969482422,37.41999816894531,37.18000030517578,37.33000183105469,146942,0.0,0.0
2023-03-07 12:30:00-05:00,37.33000183105469,37.525001525878906,37.150001525878906,37.150001525878906,167756,0.0,0.0
2023-03-07 13:30:00-05:00,37.13999938964844,37.189998626708984,36.970001220703125,37.029998779296875,150992,0.0,0.0
2023-03-07 14:30:00-05:00,37.029998779296875,37.060001373291016,36.93000030517578,36.96500015258789,242084,0.0,0.0
2023-03-07 15:30:00-05:00,36.96500015258789,37.10499954223633,36.80500030517578,36.959999084472656,750569,0.0,0.0
2023-03-08 09:30:00-05:00,36.970001220703125,37.349998474121094,36.86000061035156,37.23500061035156,186338,0.0,0.0
2023-03-08 10:30:00-05:00,37.209999084472656,37.38999938964844,37.18000030517578,37.36000061035156,121259,0.0,0.0
2023-03-08 11:30:00-05:00,37.36000061035156,37.5099983215332,37.27000045776367,37.310001373291016,120481,0.0,0.0
2023-03-08 12:30:00-05:00,37.310001373291016,37.41999816894531,37.25,37.34000015258789,147354,0.0,0.0
2023-03-08 13:30:00-05:00,37.33000183105469,37.34000015258789,36.98500061035156,37.064998626708984,140974,0.0,0.0
2023-03-08 14:30:00-05:00,37.06679916381836,37.06999969482422,36.92499923706055,37.01499938964844,155450,0.0,0.0
2023-03-08 15:30:00-05:00,37.0,37.2400016784668,36.98500061035156,37.11000061035156,280087,0.0,0.0
2023-03-09 09:30:00-05:00,37.13999938964844,37.189998626708984,36.81999969482422,36.90999984741211,97733,0.0,0.0
2023-03-09 10:30:00-05:00,36.91999816894531,37.02899932861328,36.779998779296875,36.83000183105469,123627,0.0,0.0
2023-03-09 11:30:00-05:00,36.83000183105469,36.88999938964844,36.63999938964844,36.79999923706055,115561,0.0,0.0
2023-03-09 12:30:00-05:00,36.78850173950195,36.79999923706055,36.63999938964844,36.65999984741211,135537,0.0,0.0
2023-03-09 13:30:00-05:00,36.65999984741211,36.779998779296875,36.4900016784668,36.72999954223633,144296,0.0,0.0
2023-03-09 14:30:00-05:00,36.72999954223633,36.779998779296875,36.415000915527344,36.5,222822,0.0,0.0
2023-03-09 15:30:00-05:00,36.5,36.6349983215332,36.400001525878906,36.43000030517578,320724,0.0,0.0
2023-03-10 09:30:00-05:00,36.119998931884766,36.36000061035156,35.84000015258789,36.185001373291016,201820,0.0,0.0
2023-03-10 10:30:00-05:00,36.189998626708984,36.400001525878906,35.83000183105469,36.36000061035156,165821,0.0,0.0
2023-03-10 11:30:00-05:00,36.369998931884766,36.439998626708984,35.7400016784668,35.7599983215332,116380,0.0,0.0
2023-03-10 12:30:00-05:00,35.77000045776367,35.869998931884766,35.209999084472656,35.220001220703125,178036,0.0,0.0
2023-03-10 13:30:00-05:00,35.220001220703125,35.380001068115234,35.029998779296875,35.29999923706055,176703,0.0,0.0
2023-03-10 14:30:00-05:00,35.29999923706055,35.529998779296875,35.209999084472656,35.29999923706055,269859,0.0,0.0
2023-03-10 15:30:00-05:00,35.290000915527344,35.38999938964844,35.130001068115234,35.279998779296875,422862,0.0,0.0
2023-03-13 09:30:00-04:00,34.27000045776367,34.369998931884766,33.25,33.36000061035156,553618,0.0,0.0
2023-03-13 10:30:00-04:00,33.369998931884766,34.43000030517578,33.349998474121094,34.380001068115234,437330,0.0,0.0
2023-03-13 11:30:00-04:00,34.380001068115234,34.380001068115234,33.6349983215332,33.88999938964844,314154,0.0,0.0
2023-03-13 12:30:00-04:00,33.86000061035156,34.06999969482422,33.63999938964844,33.849998474121094,282322,0.0,0.0
2023-03-13 13:30:00-04:00,33.849998474121094,34.41999816894531,33.7599983215332,34.2400016784668,196200,0.0,0.0
2023-03-13 14:30:00-04:00,34.25,34.38999938964844,33.81999969482422,33.84000015258789,309660,0.0,0.0
2023-03-13 15:30:00-04:00,33.849998474121094,33.939998626708984,33.709999084472656,33.790000915527344,466253,0.0,0.0
2023-03-14 09:30:00-04:00,35.0,35.0099983215332,34.0099983215332,34.189998626708984,249753,0.0,0.0
2023-03-14 10:30:00-04:00,34.18000030517578,34.490699768066406,34.16999816894531,34.380001068115234,257202,0.0,0.0
2023-03-14 11:30:00-04:00,34.380001068115234,34.43000030517578,34.130001068115234,34.130001068115234,201109,0.0,0.0
2023-03-14 12:30:00-04:00,34.1150016784668,34.21500015258789,33.529998779296875,33.66999816894531,349786,0.0,0.0
2023-03-14 13:30:00-04:00,33.66999816894531,33.96500015258789,33.599998474121094,33.96500015258789,379482,0.0,0.0
2023-03-14 14:30:00-04:00,33.970001220703125,34.040000915527344,33.75,33.79499816894531,274841,0.0,0.0
2023-03-14 15:30:00-04:00,33.79499816894531,34.0099983215332,33.79499816894531,33.959999084472656,438223,0.0,0.0
2023-03-15 09:30:00-04:00,33.29499816894531,33.59000015258789,32.7599983215332,33.41999816894531,368461,0.0,0.0
2023-03-15 10:30:00-04:00,33.41999816894531,33.95000076293945,33.40999984741211,33.810001373291016,314965,0.0,0.0
2023-03-15 11:30:00-04:00,33.79999923706055,33.869998931884766,33.310001373291016,33.400001525878906,291074,0.0,0.0
2023-03-15 12:30:00-04:00,33.400001525878906,33.564998626708984,33.2599983215332,33.564998626708984,359379,0.0,0.0
2023-03-15 13:30:00-04:00,33.56999969482422,33.720001220703125,33.31999969482422,33.64500045776367,360203,0.0,0.0
2023-03-15 14:30:00-04:00,33.65999984741211,34.0,33.650001525878906,33.869998931884766,414130,0.0,0.0
2023-03-15 15:30:00-04:00,33.869998931884766,33.90890121459961,33.41999816894531,33.52000045776367,948964,0.0,0.0
2023-03-16 09:30:00-04:00,32.790000915527344,32.880001068115234,32.22999954223633,32.560001373291016,412033,0.0,0.0
2023-03-16 10:30:00-04:00,32.564998626708984,33.310001373291016,32.439998626708984,33.29499816894531,312878,0.0,0.0
2023-03-16 11:30:00-04:00,33.310001373291016,33.41999816894531,33.1150016784668,33.209999084472656,252073,0.0,0.0
2023-03-16 12:30:00-04:00,33.209999084472656,33.60499954223633,33.02000045776367,33.45500183105469,327987,0.0,0.0
2023-03-16 13:30:00-04:00,33.45500183105469,33.45500183105469,33.005001068115234,33.060001373291016,273606,0.0,0.0
2023-03-16 14:30:00-04:00,33.060001373291016,33.220001220703125,32.935001373291016,33.189998626708984,316968,0.0,0.0
2023-03-16 15:30:00-04:00,33.19499969482422,33.23500061035156,32.900001525878906,33.0,666786,0.0,0.0
2023-03-17 09:30:00-04:00,32.84000015258789,32.939998626708984,32.0099983215332,32.16999816894531,429779,0.0,0.0
2023-03-17 10:30:00-04:00,32.18000030517578,32.38999938964844,32.08000183105469,32.27859878540039,280269,0.0,0.0
2023-03-17 11:30:00-04:00,32.27000045776367,32.41999816894531,32.20000076293945,32.40999984741211,275119,0.0,0.0
2023-03-17 12:30:00-04:00,32.40999984741211,32.5,32.170101165771484,32.189998626708984,229515,0.0,0.0
2023-03-17 13:30:00-04:00,32.184898376464844,32.2400016784668,32.025001525878906,32.029998779296875,278319,0.0,0.0
2023-03-17 14:30:00-04:00,32.029998779296875,32.11000061035156,31.940099716186523,32.08000183105469,409320,0.0,0.0
2023-03-17 15:30:00-04:00,32.084999084472656,32.119998931884766,31.84000015258789,32.119998931884766,912981,0.0,0.0
2023-03-20 09:30:00-04:00,32.54999923706055,33.35499954223633,32.54999923706055,33.33539962768555,164479,0.0,0.0
2023-03-20 10:30:00-04:00,33.334999084472656,33.439998626708984,33.165000915527344,33.28499984741211,161737,0.0,0.0
2023-03-20 11:30:00-04:00,33.29999923706055,33.45000076293945,33.040000915527344,33.189998626708984,146806,0.0,0.0
2023-03-20 12:30:00-04:00,33.20000076293945,33.58000183105469,33.150001525878906,33.459999084472656,205342,0.0,0.0
2023-03-20 13:30:00-04:00,33.470001220703125,33.5099983215332,33.36000061035156,33.459999084472656,98112,0.0,0.0
2023-03-20 14:30:00-04:00,33.45000076293945,33.51499938964844,33.34000015258789,33.5099983215332,176210,0.0,0.0
2023-03-20 15:30:00-04:00,33.505001068115234,33.66999816894531,33.48500061035156,33.650001525878906,402063,0.0,0.0
2023-03-21 09:30:00-04:00,34.220001220703125,34.4900016784668,34.04999923706055,34.43000030517578,164552,0.0,0.0
2023-03-21 10:30:00-04:00,34.439998626708984,34.540000915527344,34.26900100708008,34.540000915527344,151867,0.0,0.0
2023-03-21 11:30:00-04:00,34.55500030517578,34.58000183105469,34.36000061035156,34.434600830078125,129776,0.0,0.0
2023-03-21 12:30:00-04:00,34.41999816894531,34.44900131225586,34.279998779296875,34.43000030517578,111196,0.0,0.0
2023-03-21 13:30:00-04:00,34.44960021972656,34.459999084472656,34.2400016784668,34.35499954223633,119612,0.0,0.0
2023-03-21 14:30:00-04:00,34.369998931884766,34.54499816894531,34.349998474121094,34.540000915527344,266994,0.0,0.0
2023-03-21 15:30:00-04:00,34.540000915527344,34.59000015258789,34.4901008605957,34.540000915527344,381306,0.0,0.0
2023-03-22 09:30:00-04:00,34.52000045776367,34.83000183105469,34.5,34.744998931884766,153729,0.0,0.0
2023-03-22 10:30:00-04:00,34.7400016784668,34.75,34.31999969482422,34.349998474121094,172145,0.0,0.0
2023-03-22 11:30:00-04:00,34.349998474121094,34.369998931884766,34.1150016784668,34.20000076293945,259867,0.0,0.0
2023-03-22 12:30:00-04:00,34.20000076293945,34.380001068115234,34.189998626708984,34.29999923706055,191867,0.0,0.0
2023-03-22 13:30:00-04:00,34.310001373291016,34.70500183105469,34.2599983215332,34.459999084472656,202521,0.0,0.0
2023-03-22 14:30:00-04:00,34.459999084472656,34.650001525878906,34.06999969482422,34.15999984741211,412926,0.0,0.0
2023-03-22 15:30:00-04:00,34.15999984741211,34.25,33.959999084472656,33.97999954223633,507132,0.0,0.0
2023-03-23 09:30:00-04:00,33.9900016784668,34.084999084472656,33.83000183105469,34.029998779296875,170791,0.0,0.0
2023-03-23 10:30:00-04:00,34.029998779296875,34.08000183105469,33.88999938964844,33.94499969482422,265177,0.0,0.0
2023-03-23 11:30:00-04:00,33.95000076293945,33.994998931884766,33.619998931884766,33.689998626708984,235826,0.0,0.0
2023-03-23 12:30:00-04:00,33.709999084472656,33.72800064086914,33.369998931884766,33.439998626708984,279607,0.0,0.0
2023-03-23 13:30:00-04:00,33.43000030517578,33.52000045776367,33.22999954223633,33.22999954223633,189131,0.0,0.0
2023-03-23 14:30:00-04:00,33.2400016784668,33.4900016784668,33.04499816894531,33.11000061035156,257264,0.0,0.0
2023-03-23 15:30:00-04:00,33.09000015258789,33.290000915527344,33.02000045776367,33.02000045776367,406524,0.0,0.0
2023-03-24 09:30:00-04:00,32.70000076293945,32.71500015258789,32.31999969482422,32.689998626708984,128582,0.0,0.0
2023-03-24 10:30:00-04:00,32.68000030517578,32.834999084472656,32.599998474121094,32.72999954223633,156165,0.0,0.0
2023-03-24 11:30:00-04:00,32.72999954223633,33.095001220703125,32.709999084472656,33.02000045776367,152151,0.0,0.0
2023-03-24 12:30:00-04:00,33.040000915527344,33.150001525878906,32.970001220703125,33.08000183105469,87693,0.0,0.0
2023-03-24 13:30:00-04:00,33.07500076293945,33.255001068115234,33.0099983215332,33.189998626708984,99476,0.0,0.0
2023-03-24 14:30:00-04:00,33.20000076293945,33.380001068115234,33.11000061035156,33.369998931884766,163513,0.0,0.0
2023-03-24 15:30:00-04:00,33.369998931884766,33.45000076293945,33.27000045776367,33.33000183105469,281637,0.0,0.0
2023-03-27 09:30:00-04:00,33.900001525878906,34.0099983215332,33.54999923706055,33.66999816894531,234858,0.0,0.0
2023-03-27 10:30:00-04:00,33.63999938964844,33.91999816894531,33.63999938964844,33.88999938964844,129291,0.0,0.0
2023-03-27 11:30:00-04:00,33.90999984741211,34.04999923706055,33.869998931884766,34.017601013183594,94852,0.0,0.0
2023-03-27 12:30:00-04:00,34.02000045776367,34.16999816894531,34.02000045776367,34.130001068115234,123383,0.0,0.0
2023-03-27 13:30:00-04:00,34.150001525878906,34.18000030517578,33.97999954223633,34.04999923706055,168360,0.0,0.0
2023-03-27 14:30:00-04:00,34.04999923706055,34.15999984741211,34.040000915527344,34.1349983215332,168166,0.0,0.0
2023-03-27 15:30:00-04:00,34.1349983215332,34.150001525878906,33.93000030517578,33.93000030517578,505788,0.0,0.0
2023-03-28 09:30:00-04:00,33.97999954223633,34.04999923706055,33.77000045776367,33.939998626708984,121165,0.0,0.0
2023-03-28 10:30:00-04:00,33.939998626708984,34.040000915527344,33.880001068115234,33.97999954223633,99641,0.0,0.0
2023-03-28 11:30:00-04:00,33.96500015258789,34.029998779296875,33.91999816894531,33.97999954223633,69391,0.0,0.0
2023-03-28 12:30:00-04:00,33.97999954223633,34.0099983215332,33.80500030517578,33.83000183105469,71347,0.0,0.0
2023-03-28 13:30:00-04:00,33.83000183105469,33.8849983215332,33.720001220703125,33.8849983215332,127944,0.0,0.0
2023-03-28 14:30:00-04:00,33.8849983215332,34.0,33.849998474121094,33.977699279785156,82665,0.0,0.0
2023-03-28 15:30:00-04:00,33.974998474121094,34.1150016784668,33.939998626708984,34.06999969482422,243381,0.0,0.0
2023-03-29 09:30:00-04:00,34.5,34.650001525878906,34.16999816894531,34.185001373291016,146929,0.0,0.0
2023-03-29 10:30:00-04:00,34.189998626708984,34.209999084472656,34.0,34.13999938964844,132059,0.0,0.0
2023-03-29 11:30:00-04:00,34.139198303222656,34.18000030517578,34.08000183105469,34.08000183105469,137377,0.0,0.0
2023-03-29 12:30:00-04:00,34.084999084472656,34.12990188598633,34.0,34.119998931884766,138915,0.0,0.0
2023-03-29 13:30:00-04:00,34.099998474121094,34.1150016784668,33.994998931884766,34.060001373291016,116325,0.0,0.0
2023-03-29 14:30:00-04:00,34.064998626708984,34.17499923706055,34.0,34.15999984741211,129045,0.0,0.0
2023-03-29 15:30:00-04:00,34.150001525878906,34.185001373291016,34.060001373291016,34.060001373291016,276515,0.0,0.0
2023-03-30 09:30:00-04:00,34.369998931884766,34.540000915527344,34.13999938964844,34.43000030517578,85146,0.0,0.0
2023-03-30 10:30:00-04:00,34.439998626708984,34.46500015258789,34.20000076293945,34.33000183105469,143108,0.0,0.0
2023-03-30 11:30:00-04:00,34.31999969482422,34.31999969482422,34.20000076293945,34.22999954223633,72788,0.0,0.0
2023-03-30 12:30:00-04:00,34.22999954223633,34.2400016784668,34.06999969482422,34.08000183105469,71760,0.0,0.0
2023-03-30 13:30:00-04:00,34.08000183105469,34.22990036010742,34.060001373291016,34.220001220703125,67910,0.0,0.0
2023-03-30 14:30:00-04:00,34.224998474121094,34.22999954223633,34.14500045776367,34.17499923706055,90050,0.0,0.0
2023-03-30 15:30:00-04:00,34.16999816894531,34.36000061035156,34.16999816894531,34.36000061035156,175358,0.0,0.0
2023-03-31 09:30:00-04:00,34.529998779296875,34.630001068115234,34.43000030517578,34.54999923706055,76684,0.0,0.0
2023-03-31 10:30:00-04:00,34.55500030517578,34.619998931884766,34.439998626708984,34.57500076293945,68490,0.0,0.0
2023-03-31 11:30:00-04:00,34.56999969482422,34.70000076293945,34.45000076293945,34.630001068115234,155710,0.0,0.0
2023-03-31 12:30:00-04:00,34.630001068115234,34.7400016784668,34.58000183105469,34.640899658203125,72295,0.0,0.0
2023-03-31 13:30:00-04:00,34.64500045776367,34.70000076293945,34.540000915527344,34.65999984741211,80888,0.0,0.0
2023-03-31 14:30:00-04:00,34.650001525878906,34.86000061035156,34.630001068115234,34.86000061035156,100788,0.0,0.0
2023-03-31 15:30:00-04:00,34.86000061035156,34.959999084472656,34.75,34.95000076293945,251350,0.0,0.0
2023-04-03 09:30:00-04:00,34.900001525878906,35.20000076293945,34.79499816894531,35.08000183105469,274140,0.0,0.0
2023-04-03 10:30:00-04:00,35.08000183105469,35.099998474121094,34.58000183105469,34.59000015258789,99175,0.0,0.0
2023-04-03 11:30:00-04:00,34.584999084472656,34.86000061035156,34.584999084472656,34.86000061035156,77192,0.0,0.0
2023-04-03 12:30:00-04:00,34.849998474121094,34.880001068115234,34.77000045776367,34.779998779296875,50343,0.0,0.0
2023-04-03 13:30:00-04:00,34.7400016784668,34.75,34.617401123046875,34.70500183105469,75034,0.0,0.0
2023-04-03 14:30:00-04:00,34.709999084472656,34.81999969482422,34.70000076293945,34.779998779296875,97578,0.0,0.0
2023-04-03 15:30:00-04:00,34.790000915527344,34.83000183105469,34.630001068115234,34.70000076293945,177686,0.0,0.0
2023-04-04 09:30:00-04:00,34.970001220703125,35.0,34.61000061035156,34.63999938964844,127398,0.0,0.0
2023-04-04 10:30:00-04:00,34.650001525878906,34.66999816894531,34.189998626708984,34.222999572753906,132507,0.0,0.0
2023-04-04 11:30:00-04:00,34.22999954223633,34.27000045776367,34.02000045776367,34.06999969482422,88867,0.0,0.0
2023-04-04 12:30:00-04:00,34.09000015258789,34.119998931884766,34.0099983215332,34.08000183105469,73071,0.0,0.0
2023-04-04 13:30:00-04:00,34.09000015258789,34.150001525878906,33.880001068115234,33.96500015258789,132339,0.0,0.0
2023-04-04 14:30:00-04:00,33.95000076293945,34.130001068115234,33.90999984741211,33.97999954223633,145846,0.0,0.0
2023-04-04 15:30:00-04:00,33.98500061035156,34.189998626708984,33.970001220703125,34.13999938964844,248673,0.0,0.0
2023-04-05 09:30:00-04:00,33.77000045776367,34.380001068115234,33.7599983215332,34.2599983215332,143132,0.0,0.0
2023-04-05 10:30:00-04:00,34.2599983215332,34.540000915527344,34.25,34.40999984741211,144894,0.0,0.0
2023-04-05 11:30:00-04:00,34.40999984741211,34.45989990234375,34.32500076293945,34.369998931884766,117139,0.0,0.0
2023-04-05 12:30:00-04:00,34.36000061035156,34.630001068115234,34.31999969482422,34.61000061035156,125256,0.0,0.0
2023-04-05 13:30:00-04:00,34.599998474121094,34.61000061035156,34.439998626708984,34.4900016784668,95917,0.0,0.0
2023-04-05 14:30:00-04:00,34.47999954223633,34.86000061035156,34.41999816894531,34.560001373291016,346631,0.0,0.0
2023-04-05 15:30:00-04:00,34.560001373291016,34.650001525878906,34.5099983215332,34.63999938964844,290959,0.0,0.0
2023-04-06 09:30:00-04:00,34.70000076293945,34.75,34.529998779296875,34.53300094604492,110934,0.0,0.0
2023-04-06 10:30:00-04:00,34.529998779296875,34.63999938964844,34.404998779296875,34.40999984741211,128190,0.0,0.0
2023-04-06 11:30:00-04:00,34.40909957885742,34.56999969482422,34.380001068115234,34.5,80021,0.0,0.0
2023-04-06 12:30:00-04:00,34.5,34.56999969482422,34.43000030517578,34.51499938964844,122603,0.0,0.0
2023-04-06 13:30:00-04:00,34.52000045776367,34.54999923706055,34.31999969482422,34.46500015258789,117827,0.0,0.0
2023-04-06 14:30:00-04:00,34.46500015258789,34.5,34.40999984741211,34.459999084472656,159983,0.0,0.0
2023-04-06 15:30:00-04:00,34.46500015258789,34.630001068115234,34.45000076293945,34.630001068115234,292742,0.0,0.0
2023-04-10 09:30:00-04:00,34.61000061035156,35.08000183105469,34.61000061035156,34.970001220703125,117278,0.0,0.0
2023-04-10 10:30:00-04:00,34.97999954223633,35.029998779296875,34.7599983215332,34.79999923706055,77593,0.0,0.0
2023-04-10 11:30:00-04:00,34.79999923706055,34.79999923706055,34.54999923706055,34.54999923706055,67819,0.0,0.0
2023-04-10 12:30:00-04:00,34.54999923706055,34.790000915527344,34.54999923706055,34.775001525878906,51099,0.0,0.0
2023-04-10 13:30:00-04:00,34.77000045776367,34.779998779296875,34.63999938964844,34.73500061035156,76115,0.0,0.0
2023-04-10 14:30:00-04:00,34.7400016784668,34.755001068115234,34.65999984741211,34.65999984741211,71604,0.0,0.0
2023-04-10 15:30:00-04:00,34.65999984741211,34.83000183105469,34.650001525878906,34.83000183105469,103738,0.0,0.0
2023-04-11 09:30:00-04:00,35.005001068115234,35.369998931884766,34.900001525878906,35.345001220703125,90967,0.0,0.0
2023-04-11 10:30:00-04:00,35.36000061035156,35.375,35.13999938964844,35.27000045776367,81844,0.0,0.0
2023-04-11 11:30:00-04:00,35.279998779296875,35.494998931884766,35.2400016784668,35.494998931884766,57545,0.0,0.0
2023-04-11 12:30:00-04:00,35.4900016784668,35.52000045776367,35.397701263427734,35.397701263427734,66746,0.0,0.0
2023-04-11 13:30:00-04:00,35.400001525878906,35.69499969482422,35.400001525878906,35.66999816894531,73014,0.0,0.0
2023-04-11 14:30:00-04:00,35.66999816894531,35.709999084472656,35.60499954223633,35.68000030517578,86253,0.0,0.0
2023-04-11 15:30:00-04:00,35.685001373291016,35.70000076293945,35.349998474121094,35.369998931884766,171406,0.0,0.0
2023-04-12 09:30:00-04:00,35.81999969482422,35.869998931884766,35.404998779296875,35.470001220703125,52594,0.0,0.0
2023-04-12 10:30:00-04:00,35.459999084472656,35.459999084472656,35.2400016784668,35.39500045776367,94718,0.0,0.0
2023-04-12 11:30:00-04:00,35.400001525878906,35.58000183105469,35.36000061035156,35.56999969482422,76650,0.0,0.0
2023-04-12 12:30:00-04:00,35.599998474121094,35.810001373291016,35.52000045776367,35.80500030517578,84267,0.0,0.0
2023-04-12 13:30:00-04:00,35.810001373291016,35.849998474121094,35.66999816894531,35.66999816894531,94024,0.0,0.0
2023-04-12 14:30:00-04:00,35.685001373291016,35.709999084472656,35.54999923706055,35.58000183105469,100042,0.0,0.0
2023-04-12 15:30:00-04:00,35.58000183105469,35.709999084472656,35.4900016784668,35.494998931884766,276000,0.0,0.0
2023-04-13 09:30:00-04:00,35.380001068115234,35.5,35.11000061035156,35.2400016784668,105995,0.0,0.0
2023-04-13 10:30:00-04:00,35.244998931884766,35.290000915527344,35.13159942626953,35.290000915527344,127465,0.0,0.0
2023-04-13 11:30:00-04:00,35.27000045776367,35.52000045776367,35.25,35.5,65234,0.0,0.0
2023-04-13 12:30:00-04:00,35.5,35.68000030517578,35.494998931884766,35.619998931884766,124268,0.0,0.0
2023-04-13 13:30:00-04:00,35.619998931884766,35.81999969482422,35.599998474121094,35.73500061035156,120569,0.0,0.0
2023-04-13 14:30:00-04:00,35.7400016784668,35.790000915527344,35.650001525878906,35.7400016784668,163200,0.0,0.0
2023-04-13 15:30:00-04:00,35.7400016784668,35.79499816894531,35.650001525878906,35.689998626708984,327494,0.0,0.0
2023-04-14 09:30:00-04:00,35.849998474121094,36.084999084472656,35.7400016784668,35.849998474121094,93471,0.0,0.0
2023-04-14 10:30:00-04:00,35.845001220703125,35.880001068115234,35.43000030517578,35.58000183105469,87331,0.0,0.0
2023-04-14 11:30:00-04:00,35.58000183105469,35.689998626708984,35.52000045776367,35.52000045776367,64273,0.0,0.0
2023-04-14 12:30:00-04:00,35.5099983215332,35.5099983215332,35.36000061035156,35.36000061035156,73931,0.0,0.0
2023-04-14 13:30:00-04:00,35.36000061035156,35.435001373291016,35.29999923706055,35.369998931884766,72688,0.0,0.0
2023-04-14 14:30:00-04:00,35.375,35.41999816894531,35.2599983215332,35.40039825439453,84253,0.0,0.0
2023-04-14 15:30:00-04:00,35.404998779296875,35.4900016784668,35.369998931884766,35.41999816894531,206275,0.0,0.0
2023-04-17 09:30:00-04:00,35.34000015258789,35.869998931884766,35.27000045776367,35.43000030517578,111190,0.0,0.0
2023-04-17 10:30:00-04:00,35.45000076293945,35.630001068115234,35.43000030517578,35.599998474121094,108142,0.0,0.0
2023-04-17 11:30:00-04:00,35.59109878540039,35.869998931884766,35.47999954223633,35.849998474121094,77021,0.0,0.0
2023-04-17 12:30:00-04:00,35.849998474121094,35.880001068115234,35.59000015258789,35.685001373291016,61128,0.0,0.0
2023-04-17 13:30:00-04:00,35.685001373291016,35.709999084472656,35.560001373291016,35.709999084472656,42270,0.0,0.0
2023-04-17 14:30:00-04:00,35.709999084472656,35.959999084472656,35.68000030517578,35.939998626708984,77231,0.0,0.0
2023-04-17 15:30:00-04:00,35.93000030517578,35.939998626708984,35.810001373291016,35.904998779296875,141091,0.0,0.0
2023-04-18 09:30:00-04:00,36.02000045776367,36.04999923706055,35.619998931884766,35.6349983215332,87167,0.0,0.0
2023-04-18 10:30:00-04:00,35.630001068115234,35.810001373291016,35.560001373291016,35.65999984741211,81181,0.0,0.0
2023-04-18 11:30:00-04:00,35.67499923706055,35.731998443603516,35.600101470947266,35.720001220703125,64098,0.0,0.0
2023-04-18 12:30:00-04:00,35.720001220703125,35.720001220703125,35.56999969482422,35.58000183105469,46199,0.0,0.0
2023-04-18 13:30:00-04:00,35.58000183105469,35.66999816894531,35.560001373291016,35.64500045776367,60131,0.0,0.0
2023-04-18 14:30:00-04:00,35.64500045776367,35.709999084472656,35.529998779296875,35.6349983215332,84292,0.0,0.0
2023-04-18 15:30:00-04:00,35.630001068115234,35.689998626708984,35.61000061035156,35.63999938964844,162602,0.0,0.0
2023-04-19 09:30:00-04:00,35.720001220703125,35.72999954223633,35.5,35.56999969482422,88244,0.0,0.0
2023-04-19 10:30:00-04:00,35.560001373291016,35.65999984741211,35.5,35.59000015258789,67577,0.0,0.0
2023-04-19 11:30:00-04:00,35.592098236083984,35.66999816894531,35.540000915527344,35.630001068115234,54328,0.0,0.0
2023-04-19 12:30:00-04:00,35.625,35.786800384521484,35.625,35.7400016784668,53867,0.0,0.0
2023-04-19 13:30:00-04:00,35.7400016784668,35.81999969482422,35.685001373291016,35.81999969482422,51922,0.0,0.0
2023-04-19 14:30:00-04:00,35.81999969482422,35.97999954223633,35.80099868774414,35.97999954223633,114884,0.0,0.0
2023-04-19 15:30:00-04:00,35.974998474121094,35.974998474121094,35.80500030517578,35.88999938964844,164681,0.0,0.0
2023-04-20 09:30:00-04:00,35.7599983215332,35.84000015258789,35.59000015258789,35.77000045776367,76865,0.0,0.0
2023-04-20 10:30:00-04:00,35.779998779296875,35.79999923706055,35.470001220703125,35.4900016784668,96016,0.0,0.0
2023-04-20 11:30:00-04:00,35.47999954223633,35.52000045776367,35.400001525878906,35.5,51458,0.0,0.0
2023-04-20 12:30:00-04:00,35.47999954223633,35.599998474121094,35.470001220703125,35.59000015258789,94393,0.0,0.0
2023-04-20 13:30:00-04:00,35.599998474121094,35.83000183105469,35.56999969482422,35.810001373291016,121584,0.0,0.0
2023-04-20 14:30:00-04:00,35.79999923706055,35.84000015258789,35.564998626708984,35.599998474121094,121104,0.0,0.0
2023-04-20 15:30:00-04:00,35.599998474121094,35.68000030517578,35.43000030517578,35.4900016784668,288105,0.0,0.0
2023-04-21 09:30:00-04:00,35.599998474121094,35.625,35.16999816894531,35.33000183105469,73083,0.0,0.0
2023-04-21 10:30:00-04:00,35.33000183105469,35.34000015258789,34.95000076293945,35.29999923706055,156976,0.0,0.0
2023-04-21 11:30:00-04:00,35.310001373291016,35.369998931884766,35.16999816894531,35.33000183105469,88900,0.0,0.0
2023-04-21 12:30:00-04:00,35.33000183105469,35.41999816894531,35.310001373291016,35.36000061035156,34925,0.0,0.0
2023-04-21 13:30:00-04:00,35.369998931884766,35.650001525878906,35.369998931884766,35.54999923706055,69929,0.0,0.0
2023-04-21 14:30:00-04:00,35.53010177612305,35.55500030517578,35.46500015258789,35.474998474121094,63131,0.0,0.0
2023-04-21 15:30:00-04:00,35.470001220703125,35.5,35.43000030517578,35.5,142676,0.0,0.0
2023-04-24 09:30:00-04:00,35.5,35.52199935913086,35.290000915527344,35.41999816894531,68470,0.0,0.0
2023-04-24 10:30:00-04:00,35.439998626708984,35.459999084472656,35.15999984741211,35.18000030517578,74369,0.0,0.0
2023-04-24 11:30:00-04:00,35.18000030517578,35.2599983215332,35.1349983215332,35.244998931884766,45660,0.0,0.0
2023-04-24 12:30:00-04:00,35.2598991394043,35.279998779296875,35.150001525878906,35.2400016784668,40630,0.0,0.0
2023-04-24 13:30:00-04:00,35.2400016784668,35.31010055541992,35.130001068115234,35.130001068115234,76742,0.0,0.0
2023-04-24 14:30:00-04:00,35.130001068115234,35.220001220703125,35.119998931884766,35.189998626708984,89056,0.0,0.0
2023-04-24 15:30:00-04:00,35.19499969482422,35.2599983215332,35.154998779296875,35.21500015258789,146911,0.0,0.0
2023-04-25 09:30:00-04:00,34.90999984741211,35.04999923706055,34.790000915527344,34.89500045776367,95392,0.0,0.0
2023-04-25 10:30:00-04:00,34.88999938964844,34.939998626708984,34.79499816894531,34.85499954223633,104160,0.0,0.0
2023-04-25 11:30:00-04:00,34.845001220703125,34.86000061035156,34.65999984741211,34.720001220703125,92037,0.0,0.0
2023-04-25 12:30:00-04:00,34.70000076293945,34.7400016784668,34.380001068115234,34.4900016784668,55047,0.0,0.0
2023-04-25 13:30:00-04:00,34.4900016784668,34.505001068115234,34.349998474121094,34.505001068115234,159345,0.0,0.0
2023-04-25 14:30:00-04:00,34.4900016784668,34.5,34.32500076293945,34.345001220703125,133549,0.0,0.0
2023-04-25 15:30:00-04:00,34.349998474121094,34.38999938964844,34.310001373291016,34.36000061035156,271824,0.0,0.0
2023-04-26 09:30:00-04:00,34.25,34.65999984741211,34.21500015258789,34.279998779296875,73758,0.0,0.0
2023-04-26 10:30:00-04:00,34.290000915527344,34.529998779296875,34.27000045776367,34.47999954223633,49428,0.0,0.0
2023-04-26 11:30:00-04:00,34.46500015258789,34.540000915527344,34.2599983215332,34.27000045776367,59965,0.0,0.0
2023-04-26 12:30:00-04:00,34.2599983215332,34.470001220703125,34.2400016784668,34.33000183105469,65340,0.0,0.0
2023-04-26 13:30:00-04:00,34.33000183105469,34.36000061035156,34.02000045776367,34.084999084472656,83073,0.0,0.0
2023-04-26 14:30:00-04:00,34.09000015258789,34.10499954223633,33.869998931884766,34.01499938964844,152474,0.0,0.0
2023-04-26 15:30:00-04:00,34.0099983215332,34.220001220703125,33.974998474121094,34.130001068115234,299664,0.0,0.0
2023-04-27 09:30:00-04:00,34.209999084472656,34.209999084472656,33.20000076293945,33.4900016784668,462908,0.0,0.0
2023-04-27 10:30:00-04:00,33.5,33.65999984741211,33.20000076293945,33.45000076293945,221813,0.0,0.0
2023-04-27 11:30:00-04:00,33.45000076293945,34.22999954223633,33.45000076293945,34.22999954223633,277996,0.0,0.0
2023-04-27 12:30:00-04:00,34.22999954223633,34.349998474121094,34.185001373291016,34.33000183105469,117700,0.0,0.0
2023-04-27 13:30:00-04:00,34.32500076293945,34.65999984741211,34.30500030517578,34.63999938964844,105884,0.0,0.0
2023-04-27 14:30:00-04:00,34.63999938964844,34.7400016784668,34.540000915527344,34.58000183105469,173782,0.0,0.0
2023-04-27 15:30:00-04:00,34.56999969482422,34.650001525878906,34.53499984741211,34.54999923706055,252236,0.0,0.0
2023-04-28 09:30:00-04:00,34.599998474121094,35.2400016784668,34.52000045776367,35.209999084472656,85703,0.0,0.0
2023-04-28 10:30:00-04:00,35.22999954223633,35.599998474121094,35.119998931884766,35.56999969482422,113804,0.0,0.0
2023-04-28 11:30:00-04:00,35.595001220703125,35.64500045776367,35.40999984741211,35.45000076293945,84036,0.0,0.0
2023-04-28 12:30:00-04:00,35.470001220703125,35.540000915527344,35.41999816894531,35.5,81827,0.0,0.0
2023-04-28 13:30:00-04:00,35.5098991394043,35.599998474121094,35.439998626708984,35.52000045776367,74235,0.0,0.0
2023-04-28 14:30:00-04:00,35.52000045776367,35.630001068115234,35.47100067138672,35.58000183105469,86149,0.0,0.0
2023-04-28 15:30:00-04:00,35.584999084472656,35.63999938964844,35.439998626708984,35.47999954223633,267437,0.0,0.0
2023-05-01 09:30:00-04:00,35.33000183105469,35.619998931884766,35.21500015258789,35.56999969482422,83813,0.0,0.0
2023-05-01 10:30:00-04:00,35.59000015258789,35.900001525878906,35.459999084472656,35.459999084472656,93433,0.0,0.0
2023-05-01 11:30:00-04:00,35.45000076293945,35.599998474121094,35.400001525878906,35.599998474121094,136349,0.0,0.0
2023-05-01 12:30:00-04:00,35.58000183105469,35.65999984741211,35.380001068115234,35.3849983215332,117288,0.0,0.0
2023-05-01 13:30:00-04:00,35.380001068115234,35.52000045776367,35.31999969482422,35.33000183105469,153713,0.0,0.0
2023-05-01 14:30:00-04:00,35.33000183105469,35.380001068115234,35.275001525878906,35.369998931884766,127306,0.0,0.0
2023-05-01 15:30:00-04:00,35.369998931884766,35.41999816894531,35.279998779296875,35.34000015258789,225266,0.0,0.0
2023-05-02 09:30:00-04:00,35.22999954223633,35.380001068115234,34.65999984741211,34.69499969482422,214925,0.0,0.0
2023-05-02 10:30:00-04:00,34.689998626708984,34.689998626708984,34.34000015258789,34.43000030517578,148733,0.0,0.0
2023-05-02 11:30:00-04:00,34.439998626708984,34.474998474121094,34.16999816894531,34.31999969482422,89218,0.0,0.0
2023-05-02 12:30:00-04:00,34.33980178833008,34.4900016784668,34.2599983215332,34.459999084472656,71248,0.0,0.0
2023-05-02 13:30:00-04:00,34.470001220703125,34.599998474121094,34.40999984741211,34.505001068115234,80392,0.0,0.0
2023-05-02 14:30:00-04:00,34.52000045776367,34.73500061035156,34.5,34.72999954223633,86942,0.0,0.0
2023-05-02 15:30:00-04:00,34.73500061035156,34.8650016784668,34.68000030517578,34.720001220703125,209278,0.0,0.0
2023-05-03 09:30:00-04:00,35.029998779296875,35.5099983215332,34.81999969482422,35.43000030517578,108376,0.0,0.0
2023-05-03 10:30:00-04:00,35.459999084472656,35.47999954223633,35.06999969482422,35.150001525878906,122468,0.0,0.0
2023-05-03 11:30:00-04:00,35.150001525878906,35.369998931884766,35.11000061035156,35.36880111694336,112190,0.0,0.0
2023-05-03 12:30:00-04:00,35.369998931884766,35.7400016784668,35.20000076293945,35.7400016784668,140532,0.0,0.0
2023-05-03 13:30:00-04:00,35.7400016784668,35.775001525878906,35.31880187988281,35.6150016784668,154872,0.0,0.0
2023-05-03 14:30:00-04:00,35.619998931884766,35.779998779296875,35.04079818725586,35.150001525878906,234590,0.0,0.0
2023-05-03 15:30:00-04:00,35.119998931884766,35.18000030517578,34.900001525878906,34.93000030517578,367135,0.0,0.0
2023-05-04 09:30:00-04:00,32.810001373291016,33.900001525878906,32.06999969482422,32.2599983215332,681634,0.0,0.0
2023-05-04 10:30:00-04:00,32.2400016784668,32.900001525878906,32.02000045776367,32.79999923706055,391407,0.0,0.0
2023-05-04 11:30:00-04:00,32.79999923706055,33.54999923706055,32.75,33.52989959716797,259650,0.0,0.0
2023-05-04 12:30:00-04:00,33.560001373291016,33.68000030517578,33.15999984741211,33.209999084472656,183970,0.0,0.0
2023-05-04 13:30:00-04:00,33.224998474121094,33.47999954223633,33.224998474121094,33.38999938964844,111403,0.0,0.0
2023-05-04 14:30:00-04:00,33.369998931884766,33.54499816894531,33.2599983215332,33.310001373291016,137751,0.0,0.0
2023-05-04 15:30:00-04:00,33.314998626708984,33.36000061035156,33.189998626708984,33.310001373291016,439272,0.0,0.0
2023-05-05 09:30:00-04:00,33.959999084472656,34.130001068115234,33.599998474121094,33.90999984741211,187394,0.0,0.0
2023-05-05 10:30:00-04:00,33.93000030517578,34.23780059814453,33.849998474121094,34.02000045776367,132642,0.0,0.0
2023-05-05 11:30:00-04:00,34.029998779296875,34.244998931884766,33.98500061035156,34.20000076293945,172334,0.0,0.0
2023-05-05 12:30:00-04:00,34.21500015258789,34.31999969482422,34.040000915527344,34.275001525878906,91831,0.0,0.0
2023-05-05 13:30:00-04:00,34.290000915527344,34.36000061035156,34.09000015258789,34.209999084472656,101215,0.0,0.0
2023-05-05 14:30:00-04:00,34.209999084472656,34.29999923706055,34.11000061035156,34.15999984741211,126484,0.0,0.0
2023-05-05 15:30:00-04:00,34.15999984741211,34.15999984741211,34.029998779296875,34.150001525878906,291663,0.0,0.0
2023-05-08 09:30:00-04:00,34.06999969482422,34.209999084472656,33.96030044555664,34.125,141541,0.0,0.0
2023-05-08 10:30:00-04:00,34.13999938964844,34.2400016784668,34.040000915527344,34.11000061035156,93433,0.0,0.0
2023-05-08 11:30:00-04:00,34.09000015258789,34.20000076293945,34.040000915527344,34.11000061035156,95465,0.0,0.0
2023-05-08 12:30:00-04:00,34.11000061035156,34.15999984741211,33.97999954223633,34.150001525878906,89152,0.0,0.0
2023-05-08 13:30:00-04:00,34.15999984741211,34.57500076293945,34.15999984741211,34.564998626708984,164458,0.0,0.0
2023-05-08 14:30:00-04:00,34.564998626708984,34.61000061035156,34.41859817504883,34.435001373291016,116435,0.0,0.0
2023-05-08 15:30:00-04:00,34.43000030517578,34.56999969482422,34.279998779296875,34.279998779296875,299819,0.0,0.0
2023-05-09 09:30:00-04:00,34.040000915527344,34.42509841918945,33.959999084472656,34.375,135216,0.0,0.0
2023-05-09 10:30:00-04:00,34.375,34.48500061035156,34.18000030517578,34.3849983215332,112999,0.0,0.0
2023-05-09 11:30:00-04:00,34.380001068115234,34.60499954223633,34.369998931884766,34.40999984741211,92596,0.0,0.0
2023-05-09 12:30:00-04:00,34.41999816894531,34.540000915527344,34.400001525878906,34.51499938964844,55312,0.0,0.0
2023-05-09 13:30:00-04:00,34.5099983215332,34.64860153198242,34.4900016784668,34.540000915527344,63613,0.0,0.0
2023-05-09 14:30:00-04:00,34.540000915527344,34.58000183105469,34.349998474121094,34.474998474121094,205030,0.0,0.0
2023-05-09 15:30:00-04:00,34.474998474121094,34.474998474121094,34.18000030517578,34.2400016784668,342899,0.0,0.0
2023-05-10 09:30:00-04:00,34.650001525878906,34.650001525878906,33.75,33.869998931884766,120023,0.0,0.0
2023-05-10 10:30:00-04:00,33.88999938964844,34.13999938964844,33.790000915527344,34.03099822998047,88191,0.0,0.0
2023-05-10 11:30:00-04:00,34.029998779296875,34.11819839477539,33.849998474121094,34.03799819946289,105928,0.0,0.0
2023-05-10 12:30:00-04:00,34.04330062866211,34.04330062866211,33.69499969482422,33.77000045776367,83230,0.0,0.0
2023-05-10 13:30:00-04:00,33.790000915527344,34.1150016784668,33.77000045776367,34.099998474121094,110779,0.0,0.0
2023-05-10 14:30:00-04:00,34.11000061035156,34.244998931884766,33.95000076293945,34.185001373291016,122528,0.0,0.0
2023-05-10 15:30:00-04:00,34.16999816894531,34.27000045776367,34.130001068115234,34.15999984741211,245582,0.0,0.0
2023-05-11 09:30:00-04:00,33.779998779296875,34.119998931884766,33.7599983215332,34.09000015258789,134876,0.0,0.0
2023-05-11 10:30:00-04:00,34.08000183105469,34.16999816894531,33.95000076293945,33.97999954223633,256811,0.0,0.0
2023-05-11 11:30:00-04:00,33.97999954223633,34.2599983215332,33.97999954223633,34.18000030517578,82115,0.0,0.0
2023-05-11 12:30:00-04:00,34.18000030517578,34.25,34.130001068115234,34.224998474121094,100423,0.0,0.0
2023-05-11 13:30:00-04:00,34.22999954223633,34.3650016784668,34.20000076293945,34.35499954223633,112596,0.0,0.0
2023-05-11 14:30:00-04:00,34.35499954223633,34.38999938964844,34.279998779296875,34.36000061035156,115720,0.0,0.0
2023-05-11 15:30:00-04:00,34.36000061035156,34.5,34.314998626708984,34.45000076293945,293032,0.0,0.0
2023-05-12 09:30:00-04:00,34.689998626708984,34.7400016784668,34.27000045776367,34.560001373291016,106382,0.0,0.0
2023-05-12 10:30:00-04:00,34.54499816894531,34.6349983215332,34.400001525878906,34.459999084472656,151870,0.0,0.0
2023-05-12 11:30:00-04:00,34.45000076293945,34.5,34.25,34.250999450683594,88350,0.0,0.0
2023-05-12 12:30:00-04:00,34.255001068115234,34.29999923706055,34.130001068115234,34.27000045776367,111244,0.0,0.0
2023-05-12 13:30:00-04:00,34.27000045776367,34.34000015258789,33.96009826660156,34.08000183105469,129094,0.0,0.0
2023-05-12 14:30:00-04:00,34.09000015258789,34.17499923706055,33.959999084472656,34.1349983215332,99085,0.0,0.0
2023-05-12 15:30:00-04:00,34.1349983215332,34.38999938964844,34.1349983215332,34.36000061035156,227957,0.0,0.0
2023-05-15 09:30:00-04:00,34.47999954223633,34.54999923706055,34.2599983215332,34.540000915527344,109105,0.0,0.0
2023-05-15 10:30:00-04:00,34.560001373291016,34.61000061035156,34.459999084472656,34.470001220703125,97744,0.0,0.0
2023-05-15 11:30:00-04:00,34.459999084472656,34.494998931884766,34.36000061035156,34.435001373291016,86035,0.0,0.0
2023-05-15 12:30:00-04:00,34.435001373291016,34.59000015258789,34.41999816894531,34.45000076293945,69767,0.0,0.0
2023-05-15 13:30:00-04:00,34.439998626708984,34.470001220703125,34.380001068115234,34.4182014465332,78121,0.0,0.0
2023-05-15 14:30:00-04:00,34.41999816894531,34.53499984741211,34.38999938964844,34.505001068115234,131452,0.0,0.0
2023-05-15 15:30:00-04:00,34.505001068115234,34.52690124511719,34.400001525878906,34.40999984741211,182674,0.0,0.0
2023-05-16 09:30:00-04:00,34.33000183105469,34.33000183105469,33.7599983215332,33.880001068115234,151651,0.0,0.0
2023-05-16 10:30:00-04:00,33.939998626708984,34.029998779296875,33.83000183105469,34.02000045776367,76992,0.0,0.0
2023-05-16 11:30:00-04:00,34.029998779296875,34.04499816894531,33.93000030517578,33.970001220703125,60398,0.0,0.0
2023-05-16 12:30:00-04:00,33.970001220703125,34.05500030517578,33.935001373291016,33.95000076293945,48520,0.0,0.0
2023-05-16 13:30:00-04:00,33.95000076293945,34.04999923706055,33.849998474121094,34.0099983215332,107900,0.0,0.0
2023-05-16 14:30:00-04:00,34.0099983215332,34.25,33.959999084472656,34.15250015258789,103562,0.0,0.0
2023-05-16 15:30:00-04:00,34.154998779296875,34.209999084472656,34.029998779296875,34.029998779296875,172656,0.0,0.0
2023-05-17 09:30:00-04:00,34.26499938964844,34.38999938964844,34.09000015258789,34.34000015258789,69517,0.0,0.0
2023-05-17 10:30:00-04:00,34.33000183105469,34.5,34.2400016784668,34.5,61369,0.0,0.0
2023-05-17 11:30:00-04:00,34.47999954223633,34.560001373291016,34.459999084472656,34.540000915527344,55805,0.0,0.0
2023-05-17 12:30:00-04:00,34.52000045776367,34.667598724365234,34.52000045776367,34.599998474121094,45091,0.0,0.0
2023-05-17 13:30:00-04:00,34.599998474121094,34.68000030517578,34.46500015258789,34.48500061035156,74161,0.0,0.0
2023-05-17 14:30:00-04:00,34.5,34.54999923706055,34.441001892089844,34.459999084472656,67690,0.0,0.0
2023-05-17 15:30:00-04:00,34.470001220703125,34.59000015258789,34.470001220703125,34.54999923706055,131825,0.0,0.0
2023-05-18 09:30:00-04:00,34.529998779296875,34.79999923706055,34.40420150756836,34.650001525878906,99594,0.0,0.0
2023-05-18 10:30:00-04:00,34.66999816894531,34.849998474121094,34.65999984741211,34.80500030517578,56074,0.0,0.0
2023-05-18 11:30:00-04:00,34.810001373291016,34.900001525878906,34.62070083618164,34.68000030517578,47813,0.0,0.0
2023-05-18 12:30:00-04:00,34.680999755859375,34.93000030517578,34.680999755859375,34.849998474121094,59684,0.0,0.0
2023-05-18 13:30:00-04:00,34.84000015258789,34.994998931884766,34.77000045776367,34.974998474121094,56117,0.0,0.0
2023-05-18 14:30:00-04:00,34.970001220703125,35.13999938964844,34.970001220703125,35.05500030517578,77164,0.0,0.0
2023-05-18 15:30:00-04:00,35.06999969482422,35.23500061035156,35.06999969482422,35.15999984741211,162407,0.0,0.0
2023-05-19 09:30:00-04:00,35.43000030517578,35.5099983215332,35.040000915527344,35.31999969482422,75982,0.0,0.0
2023-05-19 10:30:00-04:00,35.33000183105469,35.369998931884766,35.0,35.02000045776367,80229,0.0,0.0
2023-05-19 11:30:00-04:00,34.9900016784668,35.029998779296875,34.75,35.0,76365,0.0,0.0
2023-05-19 12:30:00-04:00,35.0,35.06999969482422,34.91999816894531,35.02000045776367,66958,0.0,0.0
2023-05-19 13:30:00-04:00,35.02000045776367,35.06999969482422,34.84000015258789,34.84000015258789,66455,0.0,0.0
2023-05-19 14:30:00-04:00,34.83000183105469,34.90999984741211,34.790000915527344,34.79999923706055,98764,0.0,0.0
2023-05-19 15:30:00-04:00,34.79999923706055,34.849998474121094,34.72999954223633,34.7400016784668,234265,0.0,0.0
2023-05-22 09:30:00-04:00,34.7400016784668,34.779998779296875,34.310001373291016,34.599998474121094,178760,0.0,0.0
2023-05-22 10:30:00-04:00,34.599998474121094,34.64500045776367,34.41999816894531,34.599998474121094,113866,0.0,0.0
2023-05-22 11:30:00-04:00,34.599998474121094,34.81999969482422,34.59000015258789,34.779998779296875,62905,0.0,0.0
2023-05-22 12:30:00-04:00,34.775001525878906,34.847599029541016,34.63999938964844,34.75,66633,0.0,0.0
2023-05-22 13:30:00-04:00,34.7400016784668,34.83000183105469,34.70000076293945,34.779998779296875,74920,0.0,0.0
2023-05-22 14:30:00-04:00,34.78499984741211,34.869998931884766,34.75,34.779998779296875,89414,0.0,0.0
2023-05-22 15:30:00-04:00,34.779998779296875,34.83000183105469,34.69499969482422,34.810001373291016,240014,0.0,0.0
2023-05-23 09:30:00-04:00,34.81999969482422,35.06439971923828,34.619998931884766,35.06439971923828,208031,0.0,0.0
2023-05-23 10:30:00-04:00,35.060001373291016,35.22999954223633,35.0,35.154998779296875,119140,0.0,0.0
2023-05-23 11:30:00-04:00,35.154998779296875,35.28200149536133,35.0,35.040000915527344,85975,0.0,0.0
2023-05-23 12:30:00-04:00,35.040000915527344,35.15999984741211,34.8849983215332,34.9900016784668,78882,0.0,0.0
2023-05-23 13:30:00-04:00,34.98500061035156,35.119998931884766,34.79999923706055,34.849998474121094,70188,0.0,0.0
2023-05-23 14:30:00-04:00,34.849998474121094,35.02000045776367,34.84000015258789,34.939998626708984,121883,0.0,0.0
2023-05-23 15:30:00-04:00,34.94499969482422,34.94499969482422,34.73500061035156,34.77000045776367,194418,0.0,0.0
2023-05-24 09:30:00-04:00,34.4900016784668,34.630001068115234,33.869998931884766,33.95000076293945,106562,0.0,0.0
2023-05-24 10:30:00-04:00,33.93000030517578,34.18000030517578,33.93000030517578,34.08000183105469,55362,0.0,0.0
2023-05-24 11:30:00-04:00,34.07500076293945,34.119998931884766,33.9900016784668,34.099998474121094,68503,0.0,0.0
2023-05-24 12:30:00-04:00,34.099998474121094,34.2400016784668,34.09000015258789,34.18000030517578,44945,0.0,0.0
2023-05-24 13:30:00-04:00,34.19499969482422,34.380001068115234,34.09000015258789,34.310001373291016,87754,0.0,0.0
2023-05-24 14:30:00-04:00,34.310001373291016,34.560001373291016,34.279998779296875,34.47999954223633,82018,0.0,0.0
2023-05-24 15:30:00-04:00,34.47999954223633,34.560001373291016,34.40999984741211,34.45000076293945,164905,0.0,0.0
2023-05-25 09:30:00-04:00,34.40999984741211,34.40999984741211,34.130001068115234,34.2400016784668,107682,0.0,0.0
2023-05-25 10:30:00-04:00,34.2400016784668,34.310001373291016,34.09000015258789,34.11000061035156,163239,0.0,0.0
2023-05-25 11:30:00-04:00,34.11000061035156,34.18000030517578,33.91999816894531,34.11000061035156,101840,0.0,0.0
2023-05-25 12:30:00-04:00,34.119998931884766,34.33000183105469,34.1150016784668,34.279998779296875,98203,0.0,0.0
2023-05-25 13:30:00-04:00,34.290000915527344,34.439998626708984,34.2400016784668,34.290000915527344,105823,0.0,0.0
2023-05-25 14:30:00-04:00,34.27000045776367,34.36000061035156,34.13999938964844,34.314998626708984,104162,0.0,0.0
2023-05-25 15:30:00-04:00,34.33000183105469,34.4900016784668,34.31999969482422,34.470001220703125,187591,0.0,0.0
2023-05-26 09:30:00-04:00,34.599998474121094,34.599998474121094,34.0,34.439998626708984,108958,0.0,0.0
2023-05-26 10:30:00-04:00,34.43000030517578,34.47999954223633,34.1349983215332,34.15999984741211,152650,0.0,0.0
2023-05-26 11:30:00-04:00,34.165000915527344,34.65999984741211,34.150001525878906,34.619998931884766,153322,0.0,0.0
2023-05-26 12:30:00-04:00,34.619998931884766,34.744998931884766,34.540000915527344,34.56999969482422,138913,0.0,0.0
2023-05-26 13:30:00-04:00,34.58000183105469,34.790000915527344,34.58000183105469,34.779998779296875,95908,0.0,0.0
2023-05-26 14:30:00-04:00,34.779998779296875,34.88999938964844,34.755001068115234,34.79999923706055,116462,0.0,0.0
2023-05-26 15:30:00-04:00,34.808998107910156,34.86899948120117,34.685001373291016,34.720001220703125,290708,0.0,0.0
2023-05-30 09:30:00-04:00,34.75,34.84000015258789,34.25,34.56999969482422,158051,0.0,0.0
2023-05-30 10:30:00-04:00,34.54999923706055,34.70500183105469,34.459999084472656,34.47999954223633,163466,0.0,0.0
2023-05-30 11:30:00-04:00,34.48500061035156,34.77000045776367,34.459999084472656,34.77000045776367,92094,0.0,0.0
2023-05-30 12:30:00-04:00,34.77000045776367,34.79999923706055,34.619998931884766,34.68000030517578,126962,0.0,0.0
2023-05-30 13:30:00-04:00,34.67499923706055,34.75,34.599998474121094,34.64500045776367,159151,0.0,0.0
2023-05-30 14:30:00-04:00,34.64500045776367,34.779998779296875,34.60499954223633,34.7400016784668,186596,0.0,0.0
2023-05-30 15:30:00-04:00,34.75,34.79999923706055,34.66999816894531,34.73500061035156,400819,0.0,0.0
2023-05-31 09:30:00-04:00,34.45000076293945,34.630001068115234,34.165000915527344,34.16999816894531,144426,0.0,0.0
2023-05-31 10:30:00-04:00,34.18000030517578,34.220001220703125,33.959999084472656,34.08000183105469,214499,0.0,0.0
2023-05-31 11:30:00-04:00,34.08000183105469,34.244998931884766,33.97999954223633,34.22999954223633,115043,0.0,0.0
2023-05-31 12:30:00-04:00,34.224998474121094,34.369998931884766,34.1349983215332,34.34000015258789,109321,0.0,0.0
2023-05-31 13:30:00-04:00,34.34000015258789,34.43000030517578,34.189998626708984,34.209999084472656,119881,0.0,0.0
2023-05-31 14:30:00-04:00,34.209999084472656,34.26499938964844,34.17499923706055,34.224998474121094,137646,0.0,0.0
2023-05-31 15:30:00-04:00,34.220001220703125,34.279998779296875,34.040000915527344,34.13999938964844,572553,0.0,0.0
2023-06-01 09:30:00-04:00,34.099998474121094,34.22999954223633,33.90999984741211,34.11000061035156,145455,0.0,0.0
2023-06-01 10:30:00-04:00,34.099998474121094,34.18000030517578,34.040000915527344,34.12310028076172,153672,0.0,0.0
2023-06-01 11:30:00-04:00,34.130001068115234,34.18000030517578,34.099998474121094,34.15999984741211,95615,0.0,0.0
2023-06-01 12:30:00-04:00,34.16450119018555,34.20000076293945,34.10860061645508,34.130001068115234,115641,0.0,0.0
2023-06-01 13:30:00-04:00,34.130001068115234,34.43000030517578,34.1057014465332,34.29999923706055,147055,0.0,0.0
2023-06-01 14:30:00-04:00,34.310001373291016,34.505001068115234,34.29999923706055,34.474998474121094,208840,0.0,0.0
2023-06-01 15:30:00-04:00,34.4900016784668,34.584999084472656,34.45000076293945,34.4900016784668,289853,0.0,0.0
2023-06-02 09:30:00-04:00,34.849998474121094,35.14979934692383,34.7599983215332,35.06999969482422,146438,0.0,0.0
2023-06-02 10:30:00-04:00,35.08000183105469,35.43000030517578,35.040000915527344,35.2599983215332,194365,0.0,0.0
2023-06-02 11:30:00-04:00,35.27000045776367,35.27000045776367,35.13029861450195,35.13999938964844,101826,0.0,0.0
2023-06-02 12:30:00-04:00,35.150001525878906,35.2599983215332,35.130001068115234,35.20000076293945,94149,0.0,0.0
2023-06-02 13:30:00-04:00,35.209999084472656,35.2400016784668,35.125,35.16999816894531,73798,0.0,0.0
2023-06-02 14:30:00-04:00,35.150001525878906,35.290000915527344,35.14500045776367,35.2400016784668,83470,0.0,0.0
2023-06-02 15:30:00-04:00,35.2400016784668,35.255001068115234,35.09000015258789,35.13999938964844,258637,0.0,0.0
2023-06-05 09:30:00-04:00,35.11000061035156,35.11000061035156,34.290000915527344,34.349998474121094,134853,0.0,0.0
2023-06-05 10:30:00-04:00,34.349998474121094,35.0,34.349998474121094,34.9900016784668,82429,0.0,0.0
2023-06-05 11:30:00-04:00,34.97999954223633,34.9900016784668,34.84000015258789,34.880001068115234,81566,0.0,0.0
2023-06-05 12:30:00-04:00,34.880001068115234,34.9900016784668,34.79499816894531,34.94499969482422,137628,0.0,0.0
2023-06-05 13:30:00-04:00,34.94499969482422,35.02000045776367,34.879798889160156,34.915000915527344,76581,0.0,0.0
2023-06-05 14:30:00-04:00,34.915000915527344,34.92499923706055,34.81999969482422,34.893001556396484,109227,0.0,0.0
2023-06-05 15:30:00-04:00,34.89500045776367,35.01499938964844,34.85369873046875,34.88999938964844,232265,0.0,0.0
2023-06-06 09:30:00-04:00,34.95000076293945,35.32500076293945,34.92940139770508,35.31999969482422,144314,0.0,0.0
2023-06-06 10:30:00-04:00,35.32500076293945,35.52000045776367,35.25,35.439998626708984,261049,0.0,0.0
2023-06-06 11:30:00-04:00,35.459999084472656,35.54999923706055,35.380001068115234,35.47999954223633,198389,0.0,0.0
2023-06-06 12:30:00-04:00,35.48500061035156,35.560001373291016,35.349998474121094,35.39500045776367,113153,0.0,0.0
2023-06-06 13:30:00-04:00,35.38999938964844,35.439998626708984,35.31999969482422,35.415000915527344,135620,0.0,0.0
2023-06-06 14:30:00-04:00,35.404998779296875,35.489498138427734,35.369998931884766,35.45500183105469,175032,0.0,0.0
2023-06-06 15:30:00-04:00,35.45500183105469,35.52000045776367,35.3849983215332,35.4900016784668,397417,0.0,0.0
2023-06-07 09:30:00-04:00,35.68000030517578,35.77000045776367,35.439998626708984,35.7400016784668,144288,0.0,0.0
2023-06-07 10:30:00-04:00,35.76499938964844,36.099998474121094,35.750099182128906,36.09000015258789,130247,0.0,0.0
2023-06-07 11:30:00-04:00,36.09000015258789,36.13999938964844,35.91999816894531,36.03499984741211,125088,0.0,0.0
2023-06-07 12:30:00-04:00,36.02000045776367,36.060001373291016,35.93000030517578,35.93000030517578,125618,0.0,0.0
2023-06-07 13:30:00-04:00,35.915000915527344,35.959999084472656,35.84000015258789,35.904998779296875,124784,0.0,0.0
2023-06-07 14:30:00-04:00,35.904998779296875,36.0,35.849998474121094,35.9900016784668,185578,0.0,0.0
2023-06-07 15:30:00-04:00,36.0,36.040000915527344,35.755001068115234,35.81999969482422,459649,0.0,0.0
2023-06-08 09:30:00-04:00,35.83000183105469,35.965599060058594,35.27000045776367,35.369998931884766,96692,0.0,0.0
2023-06-08 10:30:00-04:00,35.380001068115234,35.41999816894531,35.11000061035156,35.29999923706055,77211,0.0,0.0
2023-06-08 11:30:00-04:00,35.29999923706055,35.47999954223633,35.290000915527344,35.435001373291016,136366,0.0,0.0
2023-06-08 12:30:00-04:00,35.44300079345703,35.56999969482422,35.400001525878906,35.540000915527344,89266,0.0,0.0
2023-06-08 13:30:00-04:00,35.53160095214844,35.58000183105469,35.39500045776367,35.400001525878906,89714,0.0,0.0
2023-06-08 14:30:00-04:00,35.40999984741211,35.505001068115234,35.345001220703125,35.36000061035156,138842,0.0,0.0
2023-06-08 15:30:00-04:00,35.36000061035156,35.45000076293945,35.279998779296875,35.369998931884766,292969,0.0,0.0
2023-06-09 09:30:00-04:00,35.189998626708984,35.290000915527344,34.98500061035156,35.19499969482422,126884,0.0,0.0
2023-06-09 10:30:00-04:00,35.20000076293945,35.400001525878906,35.189998626708984,35.314998626708984,94385,0.0,0.0
2023-06-09 11:30:00-04:00,35.29999923706055,35.400001525878906,35.2400016784668,35.400001525878906,73012,0.0,0.0
2023-06-09 12:30:00-04:00,35.380001068115234,35.43000030517578,35.2599983215332,35.31999969482422,92345,0.0,0.0
2023-06-09 13:30:00-04:00,35.32500076293945,35.470001220703125,35.30500030517578,35.45000076293945,90901,0.0,0.0
2023-06-09 14:30:00-04:00,35.45000076293945,35.5099983215332,35.400001525878906,35.470001220703125,116701,0.0,0.0
2023-06-09 15:30:00-04:00,35.45500183105469,35.5,35.3849983215332,35.400001525878906,242329,0.0,0.0
2023-06-12 09:30:00-04:00,35.400001525878906,35.54999923706055,35.15999984741211,35.369998931884766,91854,0.0,0.0
2023-06-12 10:30:00-04:00,35.349998474121094,35.439998626708984,35.185001373291016,35.27790069580078,84857,0.0,0.0
2023-06-12 11:30:00-04:00,35.27000045776367,35.290000915527344,35.15999984741211,35.23139953613281,151167,0.0,0.0
2023-06-12 12:30:00-04:00,35.25,35.33000183105469,35.209999084472656,35.25,55271,0.0,0.0
2023-06-12 13:30:00-04:00,35.2400016784668,35.279998779296875,35.16999816894531,35.230899810791016,83391,0.0,0.0
2023-06-12 14:30:00-04:00,35.22999954223633,35.36000061035156,35.189998626708984,35.279998779296875,162499,0.0,0.0
2023-06-12 15:30:00-04:00,35.279998779296875,35.33000183105469,35.209999084472656,35.33000183105469,157375,0.0,0.0
2023-06-13 09:30:00-04:00,35.33000183105469,35.869998931884766,35.220001220703125,35.869998931884766,183945,0.0,0.0
2023-06-13 10:30:00-04:00,35.79999923706055,35.88999938964844,35.53499984741211,35.64099884033203,170248,0.0,0.0
2023-06-13 11:30:00-04:00,35.650001525878906,35.689998626708984,35.439998626708984,35.68000030517578,109836,0.0,0.0
2023-06-13 12:30:00-04:00,35.68000030517578,35.70000076293945,35.59000015258789,35.63059997558594,76061,0.0,0.0
2023-06-13 13:30:00-04:00,35.63990020751953,35.709999084472656,35.62099838256836,35.68000030517578,135747,0.0,0.0
2023-06-13 14:30:00-04:00,35.68000030517578,35.70000076293945,35.53499984741211,35.540000915527344,125722,0.0,0.0
2023-06-13 15:30:00-04:00,35.540000915527344,35.619998931884766,35.470001220703125,35.5099983215332,234957,0.0,0.0
2023-06-14 09:30:00-04:00,35.5,35.810001373291016,35.290000915527344,35.33000183105469,113224,0.0,0.0
2023-06-14 10:30:00-04:00,35.34989929199219,35.40999984741211,35.18000030517578,35.369998931884766,94604,0.0,0.0
2023-06-14 11:30:00-04:00,35.36000061035156,35.45000076293945,35.279998779296875,35.279998779296875,73401,0.0,0.0
2023-06-14 12:30:00-04:00,35.290000915527344,35.31999969482422,35.209999084472656,35.2400016784668,59813,0.0,0.0
2023-06-14 13:30:00-04:00,35.2400016784668,35.25,34.63999938964844,34.74789810180664,134993,0.0,0.0
2023-06-14 14:30:00-04:00,34.72999954223633,34.91999816894531,34.70000076293945,34.790000915527344,161286,0.0,0.0
2023-06-14 15:30:00-04:00,34.790000915527344,34.83000183105469,34.540000915527344,34.66400146484375,258094,0.0,0.0
2023-06-15 09:30:00-04:00,34.08000183105469,34.36000061035156,34.08000183105469,34.130001068115234,126899,0.0,0.0
2023-06-15 10:30:00-04:00,34.119998931884766,34.31999969482422,34.0,34.30500030517578,172035,0.0,0.0
2023-06-15 11:30:00-04:00,34.29999923706055,34.38999938964844,34.119998931884766,34.375,208104,0.0,0.0
2023-06-15 12:30:00-04:00,34.380001068115234,34.5099983215332,34.349998474121094,34.41999816894531,110499,0.0,0.0
2023-06-15 13:30:00-04:00,34.416500091552734,34.54499816894531,34.38999938964844,34.5,130695,0.0,0.0
2023-06-15 14:30:00-04:00,34.4900016784668,34.79999923706055,34.4900016784668,34.79999923706055,140483,0.0,0.0
2023-06-15 15:30:00-04:00,34.810001373291016,34.959999084472656,34.775001525878906,34.939998626708984,368894,0.0,0.0
2023-06-16 09:30:00-04:00,34.915000915527344,35.11000061035156,34.790000915527344,35.06999969482422,173596,0.0,0.0
2023-06-16 10:30:00-04:00,35.060001373291016,35.08000183105469,34.77000045776367,34.83000183105469,71735,0.0,0.0
2023-06-16 11:30:00-04:00,34.87990188598633,34.95000076293945,34.77000045776367,34.95000076293945,79946,0.0,0.0
2023-06-16 12:30:00-04:00,34.94499969482422,35.04999923706055,34.88999938964844,34.88999938964844,48952,0.0,0.0
2023-06-16 13:30:00-04:00,34.869998931884766,34.88759994506836,34.77000045776367,34.790000915527344,55048,0.0,0.0
2023-06-16 14:30:00-04:00,34.790000915527344,34.817501068115234,34.689998626708984,34.79999923706055,94751,0.0,0.0
2023-06-16 15:30:00-04:00,34.79199981689453,34.83000183105469,34.72999954223633,34.7400016784668,263646,0.0,0.0
2023-06-20 09:30:00-04:00,34.56999969482422,34.56999969482422,34.06999969482422,34.150001525878906,129359,0.0,0.0
2023-06-20 10:30:00-04:00,34.15999984741211,34.459999084472656,34.15999984741211,34.41999816894531,166601,0.0,0.0
2023-06-20 11:30:00-04:00,34.41999816894531,34.599998474121094,34.400001525878906,34.52000045776367,73629,0.0,0.0
2023-06-20 12:30:00-04:00,34.505001068115234,34.5984992980957,34.45500183105469,34.45500183105469,64501,0.0,0.0
2023-06-20 13:30:00-04:00,34.45000076293945,34.46500015258789,34.369998931884766,34.43000030517578,87655,0.0,0.0
2023-06-20 14:30:00-04:00,34.43429946899414,34.529998779296875,34.404998779296875,34.50899887084961,68276,0.0,0.0
2023-06-20 15:30:00-04:00,34.5099983215332,34.529998779296875,34.415000915527344,34.45000076293945,163372,0.0,0.0
2023-06-21 09:30:00-04:00,34.4900016784668,34.81999969482422,34.279998779296875,34.689998626708984,115929,0.0,0.0
2023-06-21 10:30:00-04:00,34.7400016784668,34.77000045776367,34.56999969482422,34.689998626708984,76172,0.0,0.0
2023-06-21 11:30:00-04:00,34.689998626708984,34.7400016784668,34.56999969482422,34.720001220703125,70966,0.0,0.0
2023-06-21 12:30:00-04:00,34.720001220703125,34.72999954223633,34.6150016784668,34.709999084472656,98131,0.0,0.0
2023-06-21 13:30:00-04:00,34.720001220703125,34.84000015258789,34.720001220703125,34.83000183105469,92841,0.0,0.0
2023-06-21 14:30:00-04:00,34.84000015258789,34.86000061035156,34.741600036621094,34.75,97885,0.0,0.0
2023-06-21 15:30:00-04:00,34.75,34.81999969482422,34.720001220703125,34.790000915527344,230841,0.0,0.0
2023-06-22 09:30:00-04:00,34.7599983215332,34.7599983215332,34.474998474121094,34.625,74083,0.0,0.0
2023-06-22 10:30:00-04:00,34.625,34.650001525878906,34.5,34.53499984741211,115908,0.0,0.0
2023-06-22 11:30:00-04:00,34.540000915527344,34.560001373291016,34.47999954223633,34.529998779296875,109241,0.0,0.0
2023-06-22 12:30:00-04:00,34.54859924316406,34.61000061035156,34.51499938964844,34.54999923706055,49753,0.0,0.0
2023-06-22 13:30:00-04:00,34.54499816894531,34.65999984741211,34.52000045776367,34.65999984741211,56122,0.0,0.0
2023-06-22 14:30:00-04:00,34.66999816894531,34.69499969482422,34.589298248291016,34.595001220703125,78460,0.0,0.0
2023-06-22 15:30:00-04:00,34.595001220703125,34.654998779296875,34.43000030517578,34.5099983215332,534105,0.0,0.0
2023-06-23 09:30:00-04:00,34.349998474121094,34.45000076293945,34.209999084472656,34.25,86390,0.0,0.0
2023-06-23 10:30:00-04:00,34.2599983215332,34.349998474121094,34.22999954223633,34.279998779296875,70504,0.0,0.0
2023-06-23 11:30:00-04:00,34.279998779296875,34.310001373291016,34.029998779296875,34.11000061035156,97859,0.0,0.0
2023-06-23 12:30:00-04:00,34.1067008972168,34.130001068115234,33.904998779296875,33.959999084472656,130422,0.0,0.0
2023-06-23 13:30:00-04:00,33.97999954223633,34.029998779296875,33.7599983215332,33.779998779296875,231945,0.0,0.0
2023-06-23 14:30:00-04:00,33.77000045776367,33.779998779296875,33.61000061035156,33.75,155624,0.0,0.0
2023-06-23 15:30:00-04:00,33.7599983215332,33.80500030517578,33.68000030517578,33.720001220703125,405386,0.0,0.0
2023-06-26 09:30:00-04:00,33.810001373291016,34.497501373291016,33.810001373291016,34.382999420166016,112209,0.0,0.0
2023-06-26 10:30:00-04:00,34.38999938964844,34.404998779296875,34.209999084472656,34.33000183105469,73391,0.0,0.0
2023-06-26 11:30:00-04:00,34.34000015258789,34.65999984741211,34.33000183105469,34.619998931884766,170514,0.0,0.0
2023-06-26 12:30:00-04:00,34.61000061035156,34.61000061035156,34.529998779296875,34.61000061035156,77386,0.0,0.0
2023-06-26 13:30:00-04:00,34.619998931884766,34.619998931884766,34.43000030517578,34.525001525878906,105836,0.0,0.0
2023-06-26 14:30:00-04:00,34.51499938964844,34.54999923706055,34.470001220703125,34.5099983215332,96833,0.0,0.0
2023-06-26 15:30:00-04:00,34.5099983215332,34.53499984741211,34.310001373291016,34.369998931884766,194888,0.0,0.0
2023-06-27 09:30:00-04:00,34.650001525878906,34.970001220703125,34.16999816894531,34.959999084472656,242196,0.0,0.0
2023-06-27 10:30:00-04:00,34.959999084472656,35.33000183105469,34.959999084472656,35.310001373291016,137316,0.0,0.0
2023-06-27 11:30:00-04:00,35.310001373291016,35.3650016784668,35.220001220703125,35.31999969482422,108850,0.0,0.0
2023-06-27 12:30:00-04:00,35.31999969482422,35.41999816894531,35.29499816894531,35.36000061035156,80397,0.0,0.0
2023-06-27 13:30:00-04:00,35.369998931884766,35.44499969482422,35.33000183105469,35.43000030517578,112512,0.0,0.0
2023-06-27 14:30:00-04:00,35.41999816894531,35.439998626708984,35.34000015258789,35.3849983215332,120920,0.0,0.0
2023-06-27 15:30:00-04:00,35.38999938964844,35.5,35.34000015258789,35.43000030517578,248734,0.0,0.0
2023-06-28 09:30:00-04:00,35.29999923706055,35.40999984741211,35.130001068115234,35.34000015258789,168867,0.0,0.0
2023-06-28 10:30:00-04:00,35.34000015258789,35.59000015258789,35.29999923706055,35.59000015258789,125209,0.0,0.0
2023-06-28 11:30:00-04:00,35.584999084472656,35.72999954223633,35.58000183105469,35.65999984741211,147694,0.0,0.0
2023-06-28 12:30:00-04:00,35.65999984741211,35.65999984741211,35.41999816894531,35.459999084472656,166556,0.0,0.0
2023-06-28 13:30:00-04:00,35.470001220703125,35.529998779296875,35.40999984741211,35.507598876953125,91826,0.0,0.0
2023-06-28 14:30:00-04:00,35.5,35.529998779296875,35.41999816894531,35.48500061035156,186409,0.0,0.0
2023-06-28 15:30:00-04:00,35.4900016784668,35.599998474121094,35.459999084472656,35.560001373291016,259672,0.0,0.0
2023-06-29 09:30:00-04:00,35.689998626708984,36.005001068115234,35.6150016784668,35.939998626708984,90197,0.0,0.0
2023-06-29 10:30:00-04:00,35.95000076293945,36.0099983215332,35.84000015258789,35.91999816894531,103949,0.0,0.0
2023-06-29 11:30:00-04:00,35.93000030517578,36.130001068115234,35.92499923706055,36.119998931884766,125945,0.0,0.0
2023-06-29 12:30:00-04:00,36.099998474121094,36.150001525878906,36.04999923706055,36.119998931884766,36652,0.0,0.0
2023-06-29 13:30:00-04:00,36.1349983215332,36.13999938964844,35.9900016784668,36.0099983215332,65378,0.0,0.0
2023-06-29 14:30:00-04:00,36.0099983215332,36.099998474121094,35.994998931884766,36.084999084472656,91391,0.0,0.0
2023-06-29 15:30:00-04:00,36.08000183105469,36.119998931884766,35.9900016784668,36.04999923706055,228466,0.0,0.0
2023-06-30 09:30:00-04:00,36.27000045776367,36.30160140991211,35.88999938964844,36.209999084472656,143502,0.0,0.0
2023-06-30 10:30:00-04:00,36.209999084472656,36.220001220703125,35.95000076293945,36.15999984741211,163011,0.0,0.0
2023-06-30 11:30:00-04:00,36.130001068115234,36.150001525878906,36.040000915527344,36.13999938964844,38448,0.0,0.0
2023-06-30 12:30:00-04:00,36.1349983215332,36.13999938964844,36.060001373291016,36.119998931884766,30434,0.0,0.0
2023-06-30 13:30:00-04:00,36.130001068115234,36.17100143432617,36.099998474121094,36.15999984741211,43904,0.0,0.0
2023-06-30 14:30:00-04:00,36.16999816894531,36.20000076293945,36.060001373291016,36.08000183105469,72771,0.0,0.0
2023-06-30 15:30:00-04:00,36.06999969482422,36.06999969482422,35.94499969482422,36.0,200595,0.0,0.0
2023-07-03 09:30:00-04:00,35.869998931884766,36.099998474121094,35.81999969482422,35.91999816894531,107523,0.0,0.0
2023-07-03 10:30:00-04:00,35.93000030517578,36.059898376464844,35.83000183105469,36.02000045776367,76250,0.0,0.0
2023-07-03 11:30:00-04:00,36.0,36.0099983215332,35.78499984741211,35.790000915527344,59376,0.0,0.0
2023-07-05 09:30:00-04:00,35.41999816894531,35.581600189208984,35.279998779296875,35.581600189208984,185757,0.0,0.0
2023-07-05 10:30:00-04:00,35.56999969482422,35.630001068115234,35.435001373291016,35.630001068115234,79154,0.0,0.0
2023-07-05 11:30:00-04:00,35.63999938964844,35.720001220703125,35.595001220703125,35.619998931884766,77517,0.0,0.0
2023-07-05 12:30:00-04:00,35.619998931884766,35.63999938964844,35.5099983215332,35.61000061035156,82316,0.0,0.0
2023-07-05 13:30:00-04:00,35.61000061035156,35.650001525878906,35.55189895629883,35.59000015258789,64621,0.0,0.0
2023-07-05 14:30:00-04:00,35.59000015258789,35.70000076293945,35.540000915527344,35.70000076293945,62698,0.0,0.0
2023-07-05 15:30:00-04:00,35.69499969482422,35.724998474121094,35.650001525878906,35.709999084472656,173922,0.0,0.0
2023-07-06 09:30:00-04:00,35.310001373291016,35.43000030517578,35.150001525878906,35.150001525878906,140046,0.0,0.0
2023-07-06 10:30:00-04:00,35.150001525878906,35.2599983215332,34.959999084472656,35.029998779296875,153378,0.0,0.0
2023-07-06 11:30:00-04:00,35.025001525878906,35.150001525878906,34.9900016784668,35.0099983215332,88914,0.0,0.0
2023-07-06 12:30:00-04:00,35.0099983215332,35.220001220703125,35.0,35.220001220703125,72206,0.0,0.0
2023-07-06 13:30:00-04:00,35.21989822387695,35.310001373291016,35.19020080566406,35.20500183105469,75862,0.0,0.0
2023-07-06 14:30:00-04:00,35.20000076293945,35.380001068115234,35.13999938964844,35.349998474121094,133300,0.0,0.0
2023-07-06 15:30:00-04:00,35.349998474121094,35.5,35.345001220703125,35.43000030517578,347810,0.0,0.0
2023-07-07 09:30:00-04:00,35.5,35.790000915527344,35.369998931884766,35.760101318359375,183012,0.0,0.0
2023-07-07 10:30:00-04:00,35.7599983215332,35.91999816894531,35.70500183105469,35.91999816894531,203706,0.0,0.0
2023-07-07 11:30:00-04:00,35.91999816894531,35.98500061035156,35.82500076293945,35.90999984741211,163310,0.0,0.0
2023-07-07 12:30:00-04:00,35.90999984741211,36.26499938964844,35.900001525878906,36.16379928588867,131920,0.0,0.0
2023-07-07 13:30:00-04:00,36.15999984741211,36.16999816894531,36.0,36.060001373291016,117518,0.0,0.0
2023-07-07 14:30:00-04:00,36.060001373291016,36.18000030517578,35.93000030517578,35.994998931884766,281271,0.0,0.0
2023-07-07 15:30:00-04:00,35.994998931884766,36.04499816894531,35.68000030517578,35.77000045776367,326884,0.0,0.0
2023-07-10 09:30:00-04:00,35.939998626708984,36.474998474121094,35.84000015258789,36.275001525878906,180597,0.0,0.0
2023-07-10 10:30:00-04:00,36.279998779296875,36.29130172729492,36.11000061035156,36.18000030517578,137436,0.0,0.0
2023-07-10 11:30:00-04:00,36.16999816894531,36.310001373291016,36.08000183105469,36.2599983215332,136233,0.0,0.0
2023-07-10 12:30:00-04:00,36.2599983215332,36.310001373291016,36.099998474121094,36.099998474121094,91457,0.0,0.0
2023-07-10 13:30:00-04:00,36.119998931884766,36.119998931884766,36.0099983215332,36.06010055541992,75660,0.0,0.0
2023-07-10 14:30:00-04:00,36.060001373291016,36.17499923706055,36.029998779296875,36.10499954223633,115155,0.0,0.0
2023-07-10 15:30:00-04:00,36.099998474121094,36.11000061035156,36.029998779296875,36.06999969482422,168699,0.0,0.0
2023-07-11 09:30:00-04:00,36.25,36.72999954223633,36.244998931884766,36.520999908447266,304984,0.0,0.0
2023-07-11 10:30:00-04:00,36.52000045776367,36.61989974975586,36.41999816894531,36.4900016784668,213561,0.0,0.0
2023-07-11 11:30:00-04:00,36.4900016784668,36.5099983215332,36.29999923706055,36.400001525878906,297880,0.0,0.0
2023-07-11 12:30:00-04:00,36.380001068115234,36.439998626708984,36.349998474121094,36.380001068115234,88677,0.0,0.0
2023-07-11 13:30:00-04:00,36.375,36.41999816894531,36.34000015258789,36.400001525878906,87267,0.0,0.0
2023-07-11 14:30:00-04:00,36.400001525878906,36.45000076293945,36.349998474121094,36.3650016784668,109802,0.0,0.0
2023-07-11 15:30:00-04:00,36.349998474121094,36.41999816894531,36.345001220703125,36.400001525878906,193323,0.0,0.0
2023-07-12 09:30:00-04:00,36.880001068115234,36.90999984741211,36.599998474121094,36.689998626708984,128863,0.0,0.0
2023-07-12 10:30:00-04:00,36.70000076293945,36.72999954223633,36.54999923706055,36.599998474121094,90200,0.0,0.0
2023-07-12 11:30:00-04:00,36.59000015258789,36.810001373291016,36.59000015258789,36.75,88425,0.0,0.0
2023-07-12 12:30:00-04:00,36.744998931884766,36.88999938964844,36.7401008605957,36.845001220703125,63486,0.0,0.0
2023-07-12 13:30:00-04:00,36.849998474121094,37.02000045776367,36.849998474121094,37.02000045776367,83176,0.0,0.0
2023-07-12 14:30:00-04:00,37.0099983215332,37.13999938964844,37.0,37.06999969482422,155103,0.0,0.0
2023-07-12 15:30:00-04:00,37.06999969482422,37.28499984741211,37.029998779296875,37.130001068115234,285420,0.0,0.0
2023-07-13 09:30:00-04:00,37.11000061035156,37.57500076293945,37.11000061035156,37.57350158691406,109134,0.0,0.0
2023-07-13 10:30:00-04:00,37.56999969482422,37.643798828125,37.439998626708984,37.58000183105469,122405,0.0,0.0
2023-07-13 11:30:00-04:00,37.58000183105469,37.869998931884766,37.560001373291016,37.84000015258789,169289,0.0,0.0
2023-07-13 12:30:00-04:00,37.834999084472656,37.9900016784668,37.834999084472656,37.959999084472656,222709,0.0,0.0
2023-07-13 13:30:00-04:00,37.959999084472656,38.15999984741211,37.95000076293945,38.11000061035156,140420,0.0,0.0
2023-07-13 14:30:00-04:00,38.09000015258789,38.220001220703125,38.060001373291016,38.209999084472656,151263,0.0,0.0
2023-07-13 15:30:00-04:00,38.20000076293945,38.38999938964844,38.130001068115234,38.38999938964844,464967,0.0,0.0
2023-07-14 09:30:00-04:00,38.380001068115234,38.380001068115234,37.540000915527344,37.540000915527344,132002,0.0,0.0
2023-07-14 10:30:00-04:00,37.557498931884766,37.7599983215332,37.46500015258789,37.48500061035156,149498,0.0,0.0
2023-07-14 11:30:00-04:00,37.48500061035156,37.654998779296875,37.470001220703125,37.540000915527344,113409,0.0,0.0
2023-07-14 12:30:00-04:00,37.5099983215332,37.630001068115234,37.439998626708984,37.54999923706055,63408,0.0,0.0
2023-07-14 13:30:00-04:00,37.560001373291016,37.79499816894531,37.54499816894531,37.75,80689,0.0,0.0
2023-07-14 14:30:00-04:00,37.75,38.0099983215332,37.70000076293945,37.880001068115234,127218,0.0,0.0
2023-07-14 15:30:00-04:00,37.880001068115234,37.93000030517578,37.77000045776367,37.779998779296875,223712,0.0,0.0
2023-07-17 09:30:00-04:00,37.59000015258789,37.97999954223633,37.5099983215332,37.959999084472656,100778,0.0,0.0
2023-07-17 10:30:00-04:00,37.959999084472656,38.154998779296875,37.81999969482422,37.869998931884766,62533,0.0,0.0
2023-07-17 11:30:00-04:00,37.845001220703125,37.91999816894531,37.775001525878906,37.810001373291016,41112,0.0,0.0
2023-07-17 12:30:00-04:00,37.82400131225586,38.029998779296875,37.82400131225586,38.029998779296875,48631,0.0,0.0
2023-07-17 13:30:00-04:00,38.0276985168457,38.09000015258789,37.9900016784668,38.040000915527344,78351,0.0,0.0
2023-07-17 14:30:00-04:00,38.040000915527344,38.130001068115234,38.029998779296875,38.04999923706055,113172,0.0,0.0
2023-07-17 15:30:00-04:00,38.040000915527344,38.10499954223633,37.95000076293945,37.959999084472656,204756,0.0,0.0
2023-07-18 09:30:00-04:00,38.150001525878906,38.619998931884766,38.14500045776367,38.470001220703125,119476,0.0,0.0
2023-07-18 10:30:00-04:00,38.470001220703125,38.470001220703125,38.08000183105469,38.220001220703125,111422,0.0,0.0
2023-07-18 11:30:00-04:00,38.209999084472656,38.209999084472656,37.880001068115234,37.900001525878906,85940,0.0,0.0
2023-07-18 12:30:00-04:00,37.88999938964844,38.125701904296875,37.83000183105469,38.04999923706055,81271,0.0,0.0
2023-07-18 13:30:00-04:00,38.029998779296875,38.09000015258789,37.959999084472656,38.07500076293945,127364,0.0,0.0
2023-07-18 14:30:00-04:00,38.099998474121094,38.119998931884766,37.9900016784668,38.025001525878906,109931,0.0,0.0
2023-07-18 15:30:00-04:00,38.02000045776367,38.09000015258789,37.994998931884766,38.05500030517578,161499,0.0,0.0
2023-07-19 09:30:00-04:00,38.209999084472656,38.459999084472656,38.18000030517578,38.279998779296875,49561,0.0,0.0
2023-07-19 10:30:00-04:00,38.279998779296875,38.279998779296875,38.084999084472656,38.279998779296875,65736,0.0,0.0
2023-07-19 11:30:00-04:00,38.279998779296875,38.36000061035156,38.22999954223633,38.34000015258789,37603,0.0,0.0
2023-07-19 12:30:00-04:00,38.31999969482422,38.36000061035156,38.27000045776367,38.279998779296875,36753,0.0,0.0
2023-07-19 13:30:00-04:00,38.275001525878906,38.279998779296875,38.18000030517578,38.2400016784668,49201,0.0,0.0
2023-07-19 14:30:00-04:00,38.242000579833984,38.375,38.2400016784668,38.3650016784668,84873,0.0,0.0
2023-07-19 15:30:00-04:00,38.349998474121094,38.349998474121094,38.27000045776367,38.33000183105469,106233,0.0,0.0
2023-07-20 09:30:00-04:00,38.349998474121094,38.41999816894531,37.869998931884766,37.93550109863281,175538,0.0,0.0
2023-07-20 10:30:00-04:00,37.93000030517578,38.029998779296875,37.77000045776367,37.83000183105469,124034,0.0,0.0
2023-07-20 11:30:00-04:00,37.83000183105469,38.060001373291016,37.810001373291016,37.970001220703125,147011,0.0,0.0
2023-07-20 12:30:00-04:00,37.970001220703125,37.97999954223633,37.84000015258789,37.86000061035156,67161,0.0,0.0
2023-07-20 13:30:00-04:00,37.849998474121094,38.06999969482422,37.845001220703125,37.86000061035156,130395,0.0,0.0
2023-07-20 14:30:00-04:00,37.869998931884766,38.09000015258789,37.869998931884766,38.069000244140625,150169,0.0,0.0
2023-07-20 15:30:00-04:00,38.06999969482422,38.099998474121094,37.86000061035156,38.02000045776367,237923,0.0,0.0
2023-07-21 09:30:00-04:00,38.2599983215332,38.29999923706055,37.939998626708984,38.07500076293945,72036,0.0,0.0
2023-07-21 10:30:00-04:00,38.060001373291016,38.06829833984375,37.880001068115234,37.939998626708984,102671,0.0,0.0
2023-07-21 11:30:00-04:00,37.939998626708984,38.2400016784668,37.91999816894531,38.165000915527344,88426,0.0,0.0
2023-07-21 12:30:00-04:00,38.165000915527344,38.20000076293945,38.04999923706055,38.16999816894531,58813,0.0,0.0
2023-07-21 13:30:00-04:00,38.16999816894531,38.18000030517578,38.040000915527344,38.119998931884766,66235,0.0,0.0
2023-07-21 14:30:00-04:00,38.119998931884766,38.16999816894531,38.0,38.119998931884766,100115,0.0,0.0
2023-07-21 15:30:00-04:00,38.130001068115234,38.20000076293945,38.01499938964844,38.06999969482422,198830,0.0,0.0
2023-07-24 09:30:00-04:00,37.95000076293945,38.22999954223633,37.93000030517578,37.9900016784668,72038,0.0,0.0
2023-07-24 10:30:00-04:00,38.0099983215332,38.060001373291016,37.90999984741211,37.9900016784668,66182,0.0,0.0
2023-07-24 11:30:00-04:00,38.025001525878906,38.16999816894531,38.005001068115234,38.150001525878906,44486,0.0,0.0
2023-07-24 12:30:00-04:00,38.13999938964844,38.150001525878906,38.0,38.06999969482422,40226,0.0,0.0
2023-07-24 13:30:00-04:00,38.084999084472656,38.084999084472656,37.9900016784668,38.040000915527344,46439,0.0,0.0
2023-07-24 14:30:00-04:00,38.029998779296875,38.060001373291016,37.95000076293945,37.95500183105469,84722,0.0,0.0
2023-07-24 15:30:00-04:00,37.95500183105469,38.06999969482422,37.95000076293945,38.02000045776367,148331,0.0,0.0
2023-07-25 09:30:00-04:00,38.0,38.25,37.90999984741211,38.22999954223633,53976,0.0,0.0
2023-07-25 10:30:00-04:00,38.22999954223633,38.2400016784668,38.029998779296875,38.150001525878906,67821,0.0,0.0
2023-07-25 11:30:00-04:00,38.150001525878906,38.189998626708984,38.040000915527344,38.15999984741211,117958,0.0,0.0
2023-07-25 12:30:00-04:00,38.15999984741211,38.18000030517578,38.029998779296875,38.08000183105469,56902,0.0,0.0
2023-07-25 13:30:00-04:00,38.08000183105469,38.150001525878906,38.060001373291016,38.09000015258789,50815,0.0,0.0
2023-07-25 14:30:00-04:00,38.099998474121094,38.150001525878906,37.95000076293945,37.97999954223633,74980,0.0,0.0
2023-07-25 15:30:00-04:00,37.970001220703125,38.029998779296875,37.939998626708984,37.959999084472656,189911,0.0,0.0
2023-07-26 09:30:00-04:00,37.9900016784668,38.369998931884766,37.93000030517578,38.099998474121094,228876,0.0,0.0
2023-07-26 10:30:00-04:00,38.10499954223633,38.29999923706055,38.00199890136719,38.22999954223633,72531,0.0,0.0
2023-07-26 11:30:00-04:00,38.23979949951172,38.375,38.22999954223633,38.36000061035156,41748,0.0,0.0
2023-07-26 12:30:00-04:00,38.3583984375,38.439998626708984,38.290000915527344,38.380001068115234,87983,0.0,0.0
2023-07-26 13:30:00-04:00,38.36000061035156,38.400001525878906,38.130001068115234,38.18000030517578,95169,0.0,0.0
2023-07-26 14:30:00-04:00,38.220001220703125,38.40420150756836,38.209999084472656,38.35499954223633,62966,0.0,0.0
2023-07-26 15:30:00-04:00,38.34000015258789,38.34000015258789,38.165000915527344,38.279998779296875,162687,0.0,0.0
2023-07-27 09:30:00-04:00,38.869998931884766,39.90999984741211,38.720001220703125,39.88999938964844,312328,0.0,0.0
2023-07-27 10:30:00-04:00,39.900001525878906,39.9900016784668,39.38999938964844,39.41999816894531,225837,0.0,0.0
2023-07-27 11:30:00-04:00,39.40999984741211,39.45500183105469,39.237998962402344,39.2599983215332,110210,0.0,0.0
2023-07-27 12:30:00-04:00,39.244998931884766,39.28499984741211,39.040000915527344,39.04499816894531,119932,0.0,0.0
2023-07-27 13:30:00-04:00,39.0536003112793,39.10499954223633,38.91999816894531,38.959999084472656,148733,0.0,0.0
2023-07-27 14:30:00-04:00,38.939998626708984,38.959999084472656,38.63999938964844,38.66999816894531,111260,0.0,0.0
2023-07-27 15:30:00-04:00,38.66999816894531,38.869998931884766,38.60499954223633,38.7400016784668,229056,0.0,0.0
2023-07-28 09:30:00-04:00,39.220001220703125,39.40999984741211,39.02000045776367,39.16999816894531,87095,0.0,0.0
2023-07-28 10:30:00-04:00,39.16999816894531,39.209999084472656,39.0,39.18000030517578,94761,0.0,0.0
2023-07-28 11:30:00-04:00,39.18000030517578,39.2599983215332,39.07270050048828,39.185001373291016,72593,0.0,0.0
2023-07-28 12:30:00-04:00,39.189998626708984,39.2599983215332,39.02000045776367,39.029998779296875,52550,0.0,0.0
2023-07-28 13:30:00-04:00,39.02000045776367,39.119998931884766,39.0,39.11000061035156,96259,0.0,0.0
2023-07-28 14:30:00-04:00,39.10499954223633,39.130001068115234,38.97819900512695,38.97819900512695,128637,0.0,0.0
2023-07-28 15:30:00-04:00,38.96500015258789,39.04999923706055,38.935001373291016,39.04999923706055,185331,0.0,0.0
2023-07-31 09:30:00-04:00,39.33000183105469,39.436100006103516,39.16999816894531,39.369998931884766,166538,0.0,0.0
2023-07-31 10:30:00-04:00,39.380001068115234,39.599998474121094,39.334999084472656,39.380001068115234,82493,0.0,0.0
2023-07-31 11:30:00-04:00,39.380001068115234,39.40999984741211,39.209999084472656,39.209999084472656,149398,0.0,0.0
2023-07-31 12:30:00-04:00,39.22999954223633,39.2599983215332,39.150001525878906,39.22999954223633,68319,0.0,0.0
2023-07-31 13:30:00-04:00,39.220001220703125,39.275001525878906,39.09000015258789,39.130001068115234,124415,0.0,0.0
2023-07-31 14:30:00-04:00,39.130001068115234,39.1879997253418,39.03499984741211,39.060001373291016,141816,0.0,0.0
2023-07-31 15:30:00-04:00,39.08000183105469,39.20000076293945,39.0,39.15999984741211,321582,0.0,0.0
2023-08-01 09:30:00-04:00,39.08000183105469,39.23500061035156,39.0,39.11000061035156,92240,0.0,0.0
2023-08-01 10:30:00-04:00,39.099998474121094,39.189998626708984,39.0,39.08000183105469,103195,0.0,0.0
2023-08-01 11:30:00-04:00,39.099998474121094,39.20000076293945,39.060001373291016,39.18000030517578,80530,0.0,0.0
2023-08-01 12:30:00-04:00,39.189998626708984,39.41999816894531,39.18000030517578,39.41999816894531,60802,0.0,0.0
2023-08-01 13:30:00-04:00,39.40999984741211,39.43000030517578,39.36000061035156,39.3849983215332,70339,0.0,0.0
2023-08-01 14:30:00-04:00,39.380001068115234,39.470001220703125,39.33000183105469,39.444698333740234,87621,0.0,0.0
2023-08-01 15:30:00-04:00,39.44499969482422,39.45500183105469,39.310001373291016,39.33000183105469,227781,0.0,0.0
2023-08-02 09:30:00-04:00,39.099998474121094,39.189998626708984,38.84000015258789,39.04499816894531,60189,0.0,0.0
2023-08-02 10:30:00-04:00,39.01499938964844,39.06079864501953,38.790000915527344,39.0099983215332,67292,0.0,0.0
2023-08-02 11:30:00-04:00,39.02000045776367,39.09000015258789,38.93000030517578,39.02000045776367,53543,0.0,0.0
2023-08-02 12:30:00-04:00,39.02000045776367,39.119998931884766,38.9900016784668,39.119998931884766,36843,0.0,0.0
2023-08-02 13:30:00-04:00,39.11000061035156,39.13999938964844,39.005001068115234,39.040000915527344,37214,0.0,0.0
2023-08-02 14:30:00-04:00,39.03499984741211,39.07500076293945,38.959999084472656,38.9900016784668,59955,0.0,0.0
2023-08-02 15:30:00-04:00,38.98500061035156,39.18000030517578,38.98500061035156,39.029998779296875,132126,0.0,0.0
2023-08-03 09:30:00-04:00,38.93000030517578,39.029998779296875,38.70000076293945,38.755001068115234,88559,0.0,0.0
2023-08-03 10:30:00-04:00,38.7400016784668,38.7599983215332,38.58000183105469,38.72999954223633,61845,0.0,0.0
2023-08-03 11:30:00-04:00,38.72999954223633,38.900001525878906,38.689998626708984,38.832000732421875,43166,0.0,0.0
2023-08-03 12:30:00-04:00,38.834999084472656,38.900901794433594,38.790000915527344,38.89500045776367,64160,0.0,0.0
2023-08-03 13:30:00-04:00,38.88999938964844,38.88999938964844,38.790000915527344,38.810001373291016,58492,0.0,0.0
2023-08-03 14:30:00-04:00,38.81999969482422,38.849998474121094,38.74470138549805,38.810001373291016,68088,0.0,0.0
2023-08-03 15:30:00-04:00,38.81999969482422,38.88999938964844,38.75,38.83000183105469,120893,0.0,0.0
2023-08-04 09:30:00-04:00,38.959999084472656,39.54999923706055,38.79999923706055,39.459999084472656,127792,0.0,0.0
2023-08-04 10:30:00-04:00,39.494998931884766,39.540000915527344,39.380001068115234,39.4900016784668,124540,0.0,0.0
2023-08-04 11:30:00-04:00,39.529998779296875,39.720001220703125,39.439998626708984,39.709999084472656,70610,0.0,0.0
2023-08-04 12:30:00-04:00,39.709999084472656,39.88999938964844,39.67499923706055,39.68000030517578,71254,0.0,0.0
2023-08-04 13:30:00-04:00,39.689998626708984,39.709999084472656,39.43000030517578,39.470001220703125,70920,0.0,0.0
2023-08-04 14:30:00-04:00,39.470001220703125,39.53499984741211,39.3849983215332,39.4900016784668,108341,0.0,0.0
2023-08-04 15:30:00-04:00,39.470001220703125,39.5,39.38999938964844,39.47999954223633,193083,0.0,0.0
2023-08-07 09:30:00-04:00,39.52000045776367,39.869998931884766,39.43000030517578,39.79499816894531,116620,0.0,0.0
2023-08-07 10:30:00-04:00,39.790000915527344,40.099998474121094,39.790000915527344,40.0,108610,0.0,0.0
2023-08-07 11:30:00-04:00,40.0,40.02000045776367,39.79010009765625,39.849998474121094,68621,0.0,0.0
2023-08-07 12:30:00-04:00,39.81999969482422,39.915000915527344,39.810001373291016,39.86750030517578,60581,0.0,0.0
2023-08-07 13:30:00-04:00,39.86000061035156,39.970001220703125,39.70000076293945,39.84000015258789,94574,0.0,0.0
2023-08-07 14:30:00-04:00,39.849998474121094,39.93000030517578,39.779998779296875,39.86000061035156,105777,0.0,0.0
2023-08-07 15:30:00-04:00,39.86000061035156,39.91999816894531,39.64500045776367,39.869998931884766,305365,0.0,0.0
2023-08-08 09:30:00-04:00,39.40999984741211,39.46500015258789,39.0,39.2599983215332,170330,0.0,0.0
2023-08-08 10:30:00-04:00,39.2400016784668,39.25,39.029998779296875,39.220001220703125,134368,0.0,0.0
2023-08-08 11:30:00-04:00,39.220001220703125,39.314998626708984,39.18000030517578,39.310001373291016,56146,0.0,0.0
2023-08-08 12:30:00-04:00,39.310001373291016,39.560001373291016,39.310001373291016,39.529998779296875,66764,0.0,0.0
2023-08-08 13:30:00-04:00,39.529998779296875,39.650001525878906,39.5,39.630001068115234,74889,0.0,0.0
2023-08-08 14:30:00-04:00,39.63999938964844,39.689998626708984,39.4900016784668,39.542301177978516,182462,0.0,0.0
2023-08-08 15:30:00-04:00,39.54999923706055,39.68000030517578,39.52000045776367,39.650001525878906,230799,0.0,0.0
2023-08-09 09:30:00-04:00,40.0,41.13999938964844,39.82500076293945,40.96500015258789,276623,0.0,0.0
2023-08-09 10:30:00-04:00,40.9900016784668,41.08000183105469,40.650001525878906,40.650001525878906,147265,0.0,0.0
2023-08-09 11:30:00-04:00,40.66999816894531,41.0,40.529998779296875,40.63999938964844,152162,0.0,0.0
2023-08-09 12:30:00-04:00,40.63999938964844,40.818199157714844,40.630001068115234,40.75,77691,0.0,0.0
2023-08-09 13:30:00-04:00,40.7598991394043,40.86000061035156,40.599998474121094,40.81999969482422,89406,0.0,0.0
2023-08-09 14:30:00-04:00,40.83000183105469,40.90999984741211,40.790000915527344,40.904998779296875,144358,0.0,0.0
2023-08-09 15:30:00-04:00,40.904998779296875,40.96989822387695,40.720001220703125,40.79999923706055,324362,0.0,0.0
2023-08-10 09:30:00-04:00,41.45000076293945,42.15999984741211,41.1349983215332,41.939998626708984,197277,0.0,0.0
2023-08-10 10:30:00-04:00,41.939998626708984,42.15999984741211,41.790000915527344,42.14500045776367,122260,0.0,0.0
2023-08-10 11:30:00-04:00,42.14500045776367,42.262901306152344,41.709999084472656,41.810001373291016,106329,0.0,0.0
2023-08-10 12:30:00-04:00,41.80500030517578,41.80500030517578,41.39500045776367,41.529998779296875,178557,0.0,0.0
2023-08-10 13:30:00-04:00,41.540000915527344,41.68000030517578,41.470001220703125,41.630001068115234,136984,0.0,0.0
2023-08-10 14:30:00-04:00,41.630001068115234,41.91999816894531,41.62179946899414,41.82500076293945,158922,0.0,0.0
2023-08-10 15:30:00-04:00,41.81999969482422,41.91999816894531,41.75,41.84000015258789,317915,0.0,0.0
2023-08-11 09:30:00-04:00,41.63999938964844,41.86000061035156,41.59000015258789,41.86000061035156,109968,0.0,0.0
2023-08-11 10:30:00-04:00,41.875,42.11000061035156,41.86000061035156,41.95500183105469,94270,0.0,0.0
2023-08-11 11:30:00-04:00,41.95000076293945,42.15999984741211,41.849998474121094,42.13999938964844,99597,0.0,0.0
2023-08-11 12:30:00-04:00,42.154998779296875,42.189998626708984,42.029998779296875,42.06999969482422,71063,0.0,0.0
2023-08-11 13:30:00-04:00,42.060001373291016,42.06990051269531,41.95000076293945,41.97999954223633,65533,0.0,0.0
2023-08-11 14:30:00-04:00,41.9900016784668,42.16999816894531,41.959999084472656,42.130001068115234,99134,0.0,0.0
2023-08-11 15:30:00-04:00,42.1349983215332,42.16999816894531,42.0099983215332,42.11000061035156,239019,0.0,0.0
2023-08-14 09:30:00-04:00,42.04999923706055,42.04999923706055,41.6150016784668,41.72019958496094,83989,0.0,0.0
2023-08-14 10:30:00-04:00,41.69499969482422,41.849998474121094,41.619998931884766,41.84000015258789,94611,0.0,0.0
2023-08-14 11:30:00-04:00,41.849998474121094,41.90999984741211,41.79859924316406,41.880001068115234,65799,0.0,0.0
2023-08-14 12:30:00-04:00,41.88999938964844,42.0,41.880001068115234,41.93000030517578,74850,0.0,0.0
2023-08-14 13:30:00-04:00,41.91999816894531,41.959999084472656,41.82500076293945,41.91999816894531,73921,0.0,0.0
2023-08-14 14:30:00-04:00,41.91999816894531,41.94350051879883,41.599998474121094,41.68000030517578,162724,0.0,0.0
2023-08-14 15:30:00-04:00,41.68000030517578,42.119998931884766,41.68000030517578,42.040000915527344,373702,0.0,0.0
2023-08-15 09:30:00-04:00,41.66999816894531,41.66999816894531,41.2400016784668,41.349998474121094,151248,0.0,0.0
2023-08-15 10:30:00-04:00,41.349998474121094,41.529998779296875,41.29999923706055,41.310001373291016,129486,0.0,0.0
2023-08-15 11:30:00-04:00,41.31999969482422,41.37990188598633,41.150001525878906,41.25,93513,0.0,0.0
2023-08-15 12:30:00-04:00,41.2400016784668,41.25,41.09000015258789,41.20989990234375,55216,0.0,0.0
2023-08-15 13:30:00-04:00,41.20000076293945,41.20000076293945,41.029998779296875,41.040000915527344,90456,0.0,0.0
2023-08-15 14:30:00-04:00,41.04999923706055,41.220001220703125,41.040000915527344,41.119998931884766,130728,0.0,0.0
2023-08-15 15:30:00-04:00,41.11000061035156,41.13999938964844,41.0,41.029998779296875,258198,0.0,0.0
2023-08-16 09:30:00-04:00,41.0099983215332,41.40169906616211,40.92499923706055,41.310001373291016,75679,0.0,0.0
2023-08-16 10:30:00-04:00,41.33000183105469,41.334999084472656,41.11000061035156,41.130001068115234,170463,0.0,0.0
2023-08-16 11:30:00-04:00,41.119998931884766,41.13999938964844,40.96500015258789,41.005001068115234,79881,0.0,0.0
2023-08-16 12:30:00-04:00,41.0099983215332,41.11000061035156,40.93280029296875,40.93280029296875,63484,0.0,0.0
2023-08-16 13:30:00-04:00,40.95000076293945,41.19499969482422,40.88999938964844,41.189998626708984,86492,0.0,0.0
2023-08-16 14:30:00-04:00,41.20000076293945,41.220001220703125,40.970001220703125,41.04999923706055,160840,0.0,0.0
2023-08-16 15:30:00-04:00,41.04999923706055,41.150001525878906,41.0099983215332,41.040000915527344,367785,0.0,0.0
2023-08-17 09:30:00-04:00,41.209999084472656,41.400001525878906,41.150001525878906,41.39500045776367,107872,0.0,0.0
2023-08-17 10:30:00-04:00,41.400001525878906,41.41999816894531,41.25,41.2599983215332,89656,0.0,0.0
2023-08-17 11:30:00-04:00,41.27000045776367,41.31999969482422,41.18009948730469,41.310001373291016,74051,0.0,0.0
2023-08-17 12:30:00-04:00,41.279998779296875,41.279998779296875,41.150001525878906,41.15999984741211,58417,0.0,0.0
2023-08-17 13:30:00-04:00,41.15999984741211,41.18000030517578,40.935001373291016,40.959999084472656,74163,0.0,0.0
2023-08-17 14:30:00-04:00,40.939998626708984,40.959999084472656,40.720001220703125,40.84000015258789,81566,0.0,0.0
2023-08-17 15:30:00-04:00,40.849998474121094,40.907100677490234,40.80009841918945,40.84000015258789,137537,0.0,0.0
2023-08-18 09:30:00-04:00,40.63999938964844,40.810001373291016,40.45869827270508,40.61000061035156,98932,0.0,0.0
2023-08-18 10:30:00-04:00,40.630001068115234,41.0,40.560001373291016,40.849998474121094,146198,0.0,0.0
2023-08-18 11:30:00-04:00,40.849998474121094,40.849998474121094,40.720001220703125,40.744998931884766,113849,0.0,0.0
2023-08-18 12:30:00-04:00,40.72999954223633,40.82500076293945,40.58000183105469,40.63999938964844,79019,0.0,0.0
2023-08-18 13:30:00-04:00,40.63999938964844,40.72999954223633,40.599998474121094,40.63999938964844,74257,0.0,0.0
2023-08-18 14:30:00-04:00,40.63999938964844,40.76499938964844,40.619998931884766,40.7599983215332,92420,0.0,0.0
2023-08-18 15:30:00-04:00,40.7400016784668,40.81999969482422,40.54999923706055,40.59000015258789,276222,0.0,0.0
2023-08-21 09:30:00-04:00,40.65999984741211,40.65999984741211,40.08000183105469,40.11000061035156,92429,0.0,0.0
2023-08-21 10:30:00-04:00,40.095001220703125,40.237998962402344,39.91999816894531,39.939998626708984,62209,0.0,0.0
2023-08-21 11:30:00-04:00,39.939998626708984,39.961299896240234,39.7400016784668,39.81999969482422,54877,0.0,0.0
2023-08-21 12:30:00-04:00,39.81999969482422,39.874900817871094,39.65999984741211,39.86000061035156,93005,0.0,0.0
2023-08-21 13:30:00-04:00,39.86000061035156,39.90999984741211,39.81999969482422,39.85049819946289,67139,0.0,0.0
2023-08-21 14:30:00-04:00,39.847999572753906,40.0,39.847999572753906,39.959999084472656,66624,0.0,0.0
2023-08-21 15:30:00-04:00,39.970001220703125,40.0099983215332,39.88999938964844,39.93000030517578,204097,0.0,0.0
2023-08-22 09:30:00-04:00,39.869998931884766,39.939998626708984,39.56230163574219,39.6150016784668,87563,0.0,0.0
2023-08-22 10:30:00-04:00,39.61000061035156,39.63999938964844,39.494998931884766,39.56999969482422,98271,0.0,0.0
2023-08-22 11:30:00-04:00,39.54999923706055,39.75,39.54999923706055,39.720001220703125,54534,0.0,0.0
2023-08-22 12:30:00-04:00,39.75,39.880001068115234,39.68000030517578,39.70000076293945,77390,0.0,0.0
2023-08-22 13:30:00-04:00,39.70000076293945,39.720001220703125,39.56999969482422,39.59000015258789,55072,0.0,0.0
2023-08-22 14:30:00-04:00,39.599998474121094,39.650001525878906,39.54999923706055,39.619998931884766,76555,0.0,0.0
2023-08-22 15:30:00-04:00,39.61000061035156,39.630001068115234,39.529998779296875,39.619998931884766,141409,0.0,0.0
2023-08-23 09:30:00-04:00,39.56999969482422,39.9900016784668,39.41999816894531,39.900001525878906,45120,0.0,0.0
2023-08-23 10:30:00-04:00,39.91999816894531,39.91999816894531,39.689998626708984,39.84000015258789,68338,0.0,0.0
2023-08-23 11:30:00-04:00,39.86000061035156,39.9900016784668,39.790000915527344,39.95500183105469,49613,0.0,0.0
2023-08-23 12:30:00-04:00,39.97999954223633,40.02000045776367,39.91999816894531,40.0099983215332,36600,0.0,0.0
2023-08-23 13:30:00-04:00,40.02000045776367,40.02000045776367,39.89500045776367,39.95000076293945,38573,0.0,0.0
2023-08-23 14:30:00-04:00,39.94499969482422,39.97999954223633,39.900001525878906,39.94499969482422,51514,0.0,0.0
2023-08-23 15:30:00-04:00,39.94499969482422,40.04999923706055,39.935001373291016,39.959999084472656,103007,0.0,0.0
2023-08-24 09:30:00-04:00,39.810001373291016,40.470001220703125,39.779998779296875,40.459999084472656,54554,0.0,0.0
2023-08-24 10:30:00-04:00,40.470001220703125,40.470001220703125,40.02000045776367,40.09000015258789,59251,0.0,0.0
2023-08-24 11:30:00-04:00,40.09000015258789,40.150001525878906,39.970001220703125,40.119998931884766,46171,0.0,0.0
2023-08-24 12:30:00-04:00,40.11000061035156,40.18000030517578,40.02000045776367,40.13999938964844,77975,0.0,0.0
2023-08-24 13:30:00-04:00,40.130001068115234,40.22999954223633,40.099998474121094,40.220001220703125,79119,0.0,0.0
2023-08-24 14:30:00-04:00,40.22999954223633,40.400001525878906,40.16999816894531,40.400001525878906,107330,0.0,0.0
2023-08-24 15:30:00-04:00,40.38999938964844,40.41999816894531,40.13999938964844,40.150001525878906,141983,0.0,0.0
2023-08-25 09:30:00-04:00,40.2400016784668,40.32500076293945,39.75,39.75,51851,0.0,0.0
2023-08-25 10:30:00-04:00,39.7400016784668,39.79999923706055,39.529998779296875,39.79999923706055,135612,0.0,0.0
2023-08-25 11:30:00-04:00,39.81010055541992,39.9900016784668,39.779998779296875,39.970001220703125,40721,0.0,0.0
2023-08-25 12:30:00-04:00,39.959999084472656,40.0099983215332,39.80009841918945,39.84000015258789,43963,0.0,0.0
2023-08-25 13:30:00-04:00,39.86000061035156,40.08100128173828,39.82500076293945,40.08000183105469,60353,0.0,0.0
2023-08-25 14:30:00-04:00,40.08000183105469,40.13999938964844,40.01499938964844,40.08000183105469,53446,0.0,0.0
2023-08-25 15:30:00-04:00,40.08000183105469,40.119998931884766,39.939998626708984,40.0099983215332,119232,0.0,0.0
2023-08-28 09:30:00-04:00,40.119998931884766,40.470001220703125,39.900001525878906,40.33000183105469,62256,0.0,0.0
2023-08-28 10:30:00-04:00,40.34000015258789,40.45000076293945,40.24250030517578,40.24250030517578,48002,0.0,0.0
2023-08-28 11:30:00-04:00,40.2400016784668,40.2599983215332,40.15999984741211,40.189998626708984,38075,0.0,0.0
2023-08-28 12:30:00-04:00,40.20000076293945,40.349998474121094,40.18000030517578,40.2599983215332,44734,0.0,0.0
2023-08-28 13:30:00-04:00,40.26499938964844,40.26499938964844,40.06999969482422,40.08000183105469,38461,0.0,0.0
2023-08-28 14:30:00-04:00,40.060001373291016,40.25,40.060001373291016,40.22999954223633,61065,0.0,0.0
2023-08-28 15:30:00-04:00,40.21500015258789,40.349998474121094,40.189998626708984,40.2400016784668,93612,0.0,0.0
2023-08-29 09:30:00-04:00,40.29999923706055,40.400001525878906,40.09000015258789,40.3849983215332,60723,0.0,0.0
2023-08-29 10:30:00-04:00,40.38999938964844,40.44499969482422,40.18000030517578,40.349998474121094,103994,0.0,0.0
2023-08-29 11:30:00-04:00,40.36000061035156,40.470001220703125,40.31999969482422,40.459999084472656,66045,0.0,0.0
2023-08-29 12:30:00-04:00,40.45000076293945,40.494998931884766,40.38999938964844,40.45500183105469,47054,0.0,0.0
2023-08-29 13:30:00-04:00,40.45000076293945,40.5,40.40999984741211,40.43000030517578,42292,0.0,0.0
2023-08-29 14:30:00-04:00,40.439998626708984,40.814998626708984,40.439998626708984,40.810001373291016,172884,0.0,0.0
2023-08-29 15:30:00-04:00,40.81999969482422,41.0,40.782501220703125,40.86000061035156,436746,0.0,0.0
2023-08-30 09:30:00-04:00,40.779998779296875,41.13999938964844,40.66999816894531,40.81999969482422,53764,0.0,0.0
2023-08-30 10:30:00-04:00,40.83000183105469,41.04499816894531,40.79999923706055,41.040000915527344,95101,0.0,0.0
2023-08-30 11:30:00-04:00,41.040000915527344,41.20000076293945,41.0099983215332,41.189998626708984,88228,0.0,0.0
2023-08-30 12:30:00-04:00,41.189998626708984,41.20000076293945,41.06999969482422,41.150001525878906,105303,0.0,0.0
2023-08-30 13:30:00-04:00,41.13999938964844,41.17499923706055,41.04999923706055,41.09000015258789,108865,0.0,0.0
2023-08-30 14:30:00-04:00,41.082000732421875,41.189998626708984,41.029998779296875,41.16999816894531,95644,0.0,0.0
2023-08-30 15:30:00-04:00,41.16999816894531,41.2400016784668,41.1349983215332,41.2400016784668,246153,0.0,0.0
2023-08-31 09:30:00-04:00,41.08000183105469,41.25,40.95000076293945,41.150001525878906,105452,0.0,0.0
2023-08-31 10:30:00-04:00,41.15999984741211,41.17499923706055,41.0,41.17499923706055,123959,0.0,0.0
2023-08-31 11:30:00-04:00,41.18000030517578,41.209999084472656,41.04999923706055,41.130001068115234,55696,0.0,0.0
2023-08-31 12:30:00-04:00,41.11000061035156,41.25,41.06999969482422,41.23500061035156,62392,0.0,0.0
2023-08-31 13:30:00-04:00,41.23500061035156,41.400001525878906,41.22999954223633,41.29999923706055,132256,0.0,0.0
2023-08-31 14:30:00-04:00,41.29499816894531,41.45000076293945,41.18000030517578,41.404998779296875,169313,0.0,0.0
2023-08-31 15:30:00-04:00,41.404998779296875,41.459999084472656,41.31999969482422,41.38999938964844,258618,0.0,0.0
2023-09-01 09:30:00-04:00,41.79999923706055,42.2400016784668,41.529998779296875,42.2400016784668,284952,0.0,0.0
2023-09-01 10:30:00-04:00,42.2400016784668,42.25,41.95000076293945,41.959999084472656,147653,0.0,0.0
2023-09-01 11:30:00-04:00,41.970001220703125,41.97999954223633,41.86000061035156,41.95000076293945,86788,0.0,0.0
2023-09-01 12:30:00-04:00,41.93000030517578,41.9900016784668,41.88999938964844,41.959999084472656,70458,0.0,0.0
2023-09-01 13:30:00-04:00,41.959999084472656,41.9900016784668,41.869998931884766,41.90999984741211,82335,0.0,0.0
2023-09-01 14:30:00-04:00,41.90999984741211,41.959999084472656,41.86000061035156,41.880001068115234,114964,0.0,0.0
2023-09-01 15:30:00-04:00,41.87900161743164,41.97999954223633,41.849998474121094,41.93000030517578,235701,0.0,0.0
2023-09-05 09:30:00-04:00,43.209999084472656,43.83000183105469,42.72999954223633,42.84000015258789,1115314,0.0,0.0
2023-09-05 10:30:00-04:00,42.84000015258789,42.929901123046875,42.56999969482422,42.720001220703125,542314,0.0,0.0
2023-09-05 11:30:00-04:00,42.71049880981445,42.71049880981445,42.45000076293945,42.560001373291016,318863,0.0,0.0
2023-09-05 12:30:00-04:00,42.56999969482422,42.61000061035156,42.29999923706055,42.29999923706055,310428,0.0,0.0
2023-09-05 13:30:00-04:00,42.29999923706055,42.470001220703125,42.2400016784668,42.32500076293945,413980,0.0,0.0
2023-09-05 14:30:00-04:00,42.31999969482422,42.400001525878906,42.17499923706055,42.380001068115234,541316,0.0,0.0
2023-09-05 15:30:00-04:00,42.375,42.375,42.150001525878906,42.16999816894531,830367,0.0,0.0
2023-09-06 09:30:00-04:00,42.0,42.70000076293945,41.959999084472656,42.38999938964844,289576,0.0,0.0
2023-09-06 10:30:00-04:00,42.40999984741211,42.435001373291016,42.25,42.38999938964844,271806,0.0,0.0
2023-09-06 11:30:00-04:00,42.3849983215332,42.44499969482422,42.20000076293945,42.209999084472656,399135,0.0,0.0
2023-09-06 12:30:00-04:00,42.20000076293945,42.2599983215332,42.119998931884766,42.23500061035156,195866,0.0,0.0
2023-09-06 13:30:00-04:00,42.2400016784668,42.33000183105469,42.21500015258789,42.27909851074219,202480,0.0,0.0
2023-09-06 14:30:00-04:00,42.279998779296875,42.470001220703125,42.2599983215332,42.470001220703125,318235,0.0,0.0
2023-09-06 15:30:00-04:00,42.459999084472656,42.54499816894531,42.29999923706055,42.29999923706055,547527,0.0,0.0
2023-09-07 09:30:00-04:00,42.29999923706055,42.70000076293945,42.22999954223633,42.47999954223633,414338,0.0,0.0
2023-09-07 10:30:00-04:00,42.474998474121094,42.88999938964844,42.43000030517578,42.849998474121094,307641,0.0,0.0
2023-09-07 11:30:00-04:00,42.86000061035156,42.970001220703125,42.779998779296875,42.900001525878906,215492,0.0,0.0
2023-09-07 12:30:00-04:00,42.88999938964844,43.04999923706055,42.814998626708984,42.999000549316406,190005,0.0,0.0
2023-09-07 13:30:00-04:00,42.9900016784668,43.040000915527344,42.939998626708984,43.025001525878906,231847,0.0,0.0
2023-09-07 14:30:00-04:00,43.025001525878906,43.025001525878906,42.900001525878906,42.994998931884766,319035,0.0,0.0
2023-09-07 15:30:00-04:00,42.994998931884766,43.18000030517578,42.959999084472656,42.9900016784668,724514,0.0,0.0
2023-09-08 09:30:00-04:00,43.02000045776367,43.540000915527344,42.880001068115234,43.540000915527344,222460,0.0,0.0
2023-09-08 10:30:00-04:00,43.540000915527344,43.619998931884766,43.40999984741211,43.439998626708984,299405,0.0,0.0
2023-09-08 11:30:00-04:00,43.441898345947266,43.599998474121094,43.34000015258789,43.4900016784668,242244,0.0,0.0
2023-09-08 12:30:00-04:00,43.47999954223633,43.61000061035156,43.279998779296875,43.31999969482422,265761,0.0,0.0
2023-09-08 13:30:00-04:00,43.32500076293945,43.32500076293945,43.060001373291016,43.08000183105469,268903,0.0,0.0
2023-09-08 14:30:00-04:00,43.08000183105469,43.08000183105469,42.79999923706055,42.82500076293945,315536,0.0,0.0
2023-09-08 15:30:00-04:00,42.81999969482422,42.88999938964844,42.7400016784668,42.79999923706055,558966,0.0,0.0
2023-09-11 09:30:00-04:00,42.970001220703125,43.40999984741211,42.83000183105469,43.32500076293945,236784,0.0,0.0
2023-09-11 10:30:00-04:00,43.327999114990234,43.349998474121094,42.88019943237305,42.9900016784668,220479,0.0,0.0
2023-09-11 11:30:00-04:00,42.9900016784668,43.189998626708984,42.939998626708984,43.13999938964844,160935,0.0,0.0
2023-09-11 12:30:00-04:00,43.15999984741211,43.20500183105469,43.064998626708984,43.18000030517578,133669,0.0,0.0
2023-09-11 13:30:00-04:00,43.18000030517578,43.18000030517578,43.0099983215332,43.04499816894531,149675,0.0,0.0
2023-09-11 14:30:00-04:00,43.040000915527344,43.060001373291016,42.90999984741211,42.915000915527344,213019,0.0,0.0
2023-09-11 15:30:00-04:00,42.91999816894531,42.974998474121094,42.8125,42.88999938964844,401643,0.0,0.0
2023-09-12 09:30:00-04:00,43.189998626708984,43.369998931884766,42.93000030517578,43.349998474121094,186231,0.0,0.0
2023-09-12 10:30:00-04:00,43.34000015258789,43.65999984741211,43.2599983215332,43.32500076293945,282839,0.0,0.0
2023-09-12 11:30:00-04:00,43.32500076293945,43.400001525878906,43.2599983215332,43.290000915527344,158033,0.0,0.0
2023-09-12 12:30:00-04:00,43.279998779296875,43.310001373291016,43.17499923706055,43.20500183105469,185760,0.0,0.0
2023-09-12 13:30:00-04:00,43.20500183105469,43.29999923706055,42.900001525878906,42.904998779296875,187843,0.0,0.0
2023-09-12 14:30:00-04:00,42.900001525878906,42.96500015258789,42.68000030517578,42.71500015258789,321850,0.0,0.0
2023-09-12 15:30:00-04:00,42.71500015258789,42.79999923706055,42.59000015258789,42.630001068115234,648704,0.0,0.0
2023-09-13 09:30:00-04:00,42.7400016784668,42.79800033569336,41.83000183105469,41.86000061035156,517856,0.0,0.0
2023-09-13 10:30:00-04:00,41.86000061035156,42.130001068115234,41.85499954223633,41.959999084472656,407050,0.0,0.0
2023-09-13 11:30:00-04:00,41.95100021362305,42.09000015258789,41.91999816894531,42.09000015258789,268695,0.0,0.0
2023-09-13 12:30:00-04:00,42.095001220703125,42.37419891357422,42.0,42.28499984741211,247367,0.0,0.0
2023-09-13 13:30:00-04:00,42.290000915527344,42.439998626708984,42.2400016784668,42.349998474121094,236531,0.0,0.0
2023-09-13 14:30:00-04:00,42.345001220703125,42.41999816894531,42.17499923706055,42.3650016784668,331031,0.0,0.0
2023-09-13 15:30:00-04:00,42.3650016784668,42.709999084472656,42.3650016784668,42.630001068115234,537483,0.0,0.0
2023-09-14 09:30:00-04:00,42.529998779296875,42.810001373291016,42.43000030517578,42.709999084472656,261262,0.0,0.0
2023-09-14 10:30:00-04:00,42.720001220703125,42.720001220703125,42.31999969482422,42.43000030517578,293174,0.0,0.0
2023-09-14 11:30:00-04:00,42.439998626708984,42.54999923706055,42.34000015258789,42.35499954223633,195888,0.0,0.0
2023-09-14 12:30:00-04:00,42.35499954223633,42.595001220703125,42.334999084472656,42.595001220703125,208515,0.0,0.0
2023-09-14 13:30:00-04:00,42.59000015258789,42.630001068115234,42.39099884033203,42.505001068115234,220959,0.0,0.0
2023-09-14 14:30:00-04:00,42.5099983215332,42.619998931884766,42.380001068115234,42.380001068115234,325722,0.0,0.0
2023-09-14 15:30:00-04:00,42.380001068115234,42.41999816894531,42.27000045776367,42.290000915527344,731204,0.0,0.0
2023-09-15 09:30:00-04:00,42.47999954223633,42.779998779296875,42.16999816894531,42.75,436281,0.0,0.0
2023-09-15 10:30:00-04:00,42.7400016784668,42.81999969482422,42.619998931884766,42.79499816894531,577942,0.0,0.0
2023-09-15 11:30:00-04:00,42.79499816894531,42.95000076293945,42.77000045776367,42.84000015258789,422117,0.0,0.0
2023-09-15 12:30:00-04:00,42.834999084472656,42.84000015258789,42.28499984741211,42.30500030517578,517609,0.0,0.0
2023-09-15 13:30:00-04:00,42.310001373291016,42.540000915527344,42.20000076293945,42.45500183105469,488240,0.0,0.0
2023-09-15 14:30:00-04:00,42.45500183105469,42.720001220703125,42.439998626708984,42.650001525878906,720175,0.0,0.0
2023-09-15 15:30:00-04:00,42.64500045776367,42.95000076293945,42.56999969482422,42.81999969482422,2834381,0.0,0.0
2023-09-18 09:30:00-04:00,42.52000045776367,42.849998474121094,42.33000183105469,42.63999938964844,325375,0.0,0.0
2023-09-18 10:30:00-04:00,42.6349983215332,42.86000061035156,42.630001068115234,42.834999084472656,219365,0.0,0.0
2023-09-18 11:30:00-04:00,42.834999084472656,42.95000076293945,42.77000045776367,42.77000045776367,221690,0.0,0.0
2023-09-18 12:30:00-04:00,42.77000045776367,42.95000076293945,42.77000045776367,42.869998931884766,176629,0.0,0.0
2023-09-18 13:30:00-04:00,42.875,42.94499969482422,42.77000045776367,42.810001373291016,151793,0.0,0.0
2023-09-18 14:30:00-04:00,42.810001373291016,43.08000183105469,42.810001373291016,43.06999969482422,274885,0.0,0.0
2023-09-18 15:30:00-04:00,43.07500076293945,43.07500076293945,42.7599983215332,42.810001373291016,661761,0.0,0.0
2023-09-19 09:30:00-04:00,42.939998626708984,43.27000045776367,42.834999084472656,43.02000045776367,263086,0.0,0.0
2023-09-19 10:30:00-04:00,43.01499938964844,43.029998779296875,42.8307991027832,42.959999084472656,214166,0.0,0.0
2023-09-19 11:30:00-04:00,42.95000076293945,43.06999969482422,42.91899871826172,43.025001525878906,153671,0.0,0.0
2023-09-19 12:30:00-04:00,43.029998779296875,43.05799865722656,42.8650016784668,42.93000030517578,155757,0.0,0.0
2023-09-19 13:30:00-04:00,42.935001373291016,43.060001373291016,42.90999984741211,43.05500030517578,156844,0.0,0.0
2023-09-19 14:30:00-04:00,43.04999923706055,43.16999816894531,43.029998779296875,43.16999816894531,280905,0.0,0.0
2023-09-19 15:30:00-04:00,43.16999816894531,43.19499969482422,43.029998779296875,43.060001373291016,369671,0.0,0.0
2023-09-20 09:30:00-04:00,43.2400016784668,43.32500076293945,43.119998931884766,43.22999954223633,151393,0.0,0.0
2023-09-20 10:30:00-04:00,43.25,43.310001373291016,43.14500045776367,43.150001525878906,138029,0.0,0.0
2023-09-20 11:30:00-04:00,43.13999938964844,43.13999938964844,42.90999984741211,42.93000030517578,125831,0.0,0.0
2023-09-20 12:30:00-04:00,42.95000076293945,43.09000015258789,42.91999816894531,42.974998474121094,108876,0.0,0.0
2023-09-20 13:30:00-04:00,42.974998474121094,42.979000091552734,42.7400016784668,42.7400016784668,168764,0.0,0.0
2023-09-20 14:30:00-04:00,42.75,42.880001068115234,42.404998779296875,42.43000030517578,432973,0.0,0.0
2023-09-20 15:30:00-04:00,42.43000030517578,42.43000030517578,42.1150016784668,42.209999084472656,575983,0.0,0.0
2023-09-21 09:30:00-04:00,42.0,42.11000061035156,41.650001525878906,41.880001068115234,293099,0.0,0.0
2023-09-21 10:30:00-04:00,41.880001068115234,41.970001220703125,41.810001373291016,41.869998931884766,167546,0.0,0.0
2023-09-21 11:30:00-04:00,41.880001068115234,42.0,41.84000015258789,41.91999816894531,150486,0.0,0.0
2023-09-21 12:30:00-04:00,41.91999816894531,41.91999816894531,41.790000915527344,41.869998931884766,229285,0.0,0.0
2023-09-21 13:30:00-04:00,41.869998931884766,41.88999938964844,41.72999954223633,41.75,165927,0.0,0.0
2023-09-21 14:30:00-04:00,41.72999954223633,41.83000183105469,41.68960189819336,41.814998626708984,202843,0.0,0.0
2023-09-21 15:30:00-04:00,41.810001373291016,41.939998626708984,41.7400016784668,41.810001373291016,642337,0.0,0.0
2023-09-22 09:30:00-04:00,41.869998931884766,41.900001525878906,41.5,41.85499954223633,213240,0.0,0.0
2023-09-22 10:30:00-04:00,41.85499954223633,41.875,41.599998474121094,41.65999984741211,111046,0.0,0.0
2023-09-22 11:30:00-04:00,41.654998779296875,41.71500015258789,41.58000183105469,41.630001068115234,89617,0.0,0.0
2023-09-22 12:30:00-04:00,41.630001068115234,41.709999084472656,41.599998474121094,41.6150016784668,91809,0.0,0.0
2023-09-22 13:30:00-04:00,41.61000061035156,41.619998931884766,41.47999954223633,41.56999969482422,159149,0.0,0.0
2023-09-22 14:30:00-04:00,41.58000183105469,41.720001220703125,41.525001525878906,41.654998779296875,230044,0.0,0.0
2023-09-22 15:30:00-04:00,41.65999984741211,41.65999984741211,41.435001373291016,41.52000045776367,429896,0.0,0.0
2023-09-25 09:30:00-04:00,41.5,41.54999923706055,41.33000183105469,41.380001068115234,132181,0.0,0.0
2023-09-25 10:30:00-04:00,41.369998931884766,41.44499969482422,41.2599983215332,41.39500045776367,120810,0.0,0.0
2023-09-25 11:30:00-04:00,41.400001525878906,41.4900016784668,41.369998931884766,41.4900016784668,156006,0.0,0.0
2023-09-25 12:30:00-04:00,41.47999954223633,41.5,41.35499954223633,41.43000030517578,163658,0.0,0.0
2023-09-25 13:30:00-04:00,41.43000030517578,41.47999954223633,41.400001525878906,41.44499969482422,176011,0.0,0.0
2023-09-25 14:30:00-04:00,41.439998626708984,41.529998779296875,41.349998474121094,41.41999816894531,299673,0.0,0.0
2023-09-25 15:30:00-04:00,41.42900085449219,41.47999954223633,41.16999816894531,41.45000076293945,875101,0.0,0.0
2023-09-26 09:30:00-04:00,41.290000915527344,41.5,41.262298583984375,41.40999984741211,174433,0.0,0.0
2023-09-26 10:30:00-04:00,41.400001525878906,41.4900016784668,41.16999816894531,41.16999816894531,206061,0.0,0.0
2023-09-26 11:30:00-04:00,41.15999984741211,41.380001068115234,41.099998474121094,41.369998931884766,186237,0.0,0.0
2023-09-26 12:30:00-04:00,41.3650016784668,41.43000030517578,41.209999084472656,41.21500015258789,141393,0.0,0.0
2023-09-26 13:30:00-04:00,41.209999084472656,41.220001220703125,40.900001525878906,40.90999984741211,444085,0.0,0.0
2023-09-26 14:30:00-04:00,40.900001525878906,41.0,40.775001525878906,40.78499984741211,628184,0.0,0.0
2023-09-26 15:30:00-04:00,40.790000915527344,41.005001068115234,40.779998779296875,40.88999938964844,537891,0.0,0.0
2023-09-27 09:30:00-04:00,41.02000045776367,41.09000015258789,40.380001068115234,40.810001373291016,385933,0.0,0.0
2023-09-27 10:30:00-04:00,40.810001373291016,40.95000076293945,40.7400016784668,40.8473014831543,122113,0.0,0.0
2023-09-27 11:30:00-04:00,40.86000061035156,40.93000030517578,40.710899353027344,40.744998931884766,118332,0.0,0.0
2023-09-27 12:30:00-04:00,40.75,40.95000076293945,40.69499969482422,40.73500061035156,122664,0.0,0.0
2023-09-27 13:30:00-04:00,40.72999954223633,40.915000915527344,40.64500045776367,40.915000915527344,133750,0.0,0.0
2023-09-27 14:30:00-04:00,40.90999984741211,41.1349983215332,40.90999984741211,41.10499954223633,160009,0.0,0.0
2023-09-27 15:30:00-04:00,41.099998474121094,41.119998931884766,40.97999954223633,41.0099983215332,413718,0.0,0.0
2023-09-28 09:30:00-04:00,41.08000183105469,41.31999969482422,40.97999954223633,41.060001373291016,161567,0.0,0.0
2023-09-28 10:30:00-04:00,41.060001373291016,41.25,41.0,41.25,159803,0.0,0.0
2023-09-28 11:30:00-04:00,41.25,41.439998626708984,41.2400016784668,41.435001373291016,102830,0.0,0.0
2023-09-28 12:30:00-04:00,41.43000030517578,41.459999084472656,41.310001373291016,41.3849983215332,96912,0.0,0.0
2023-09-28 13:30:00-04:00,41.388999938964844,41.42499923706055,41.31999969482422,41.415000915527344,114147,0.0,0.0
2023-09-28 14:30:00-04:00,41.415000915527344,41.5099983215332,41.310001373291016,41.5,131968,0.0,0.0
2023-09-28 15:30:00-04:00,41.5099983215332,41.5099983215332,41.25,41.33000183105469,348097,0.0,0.0
2023-09-29 09:30:00-04:00,41.43000030517578,41.775001525878906,41.43000030517578,41.56999969482422,213963,0.0,0.0
2023-09-29 10:30:00-04:00,41.560001373291016,41.75,41.47999954223633,41.65999984741211,187221,0.0,0.0
2023-09-29 11:30:00-04:00,41.6526985168457,41.689998626708984,41.49039840698242,41.54999923706055,105412,0.0,0.0
2023-09-29 12:30:00-04:00,41.54999923706055,41.65999984741211,41.25,41.369998931884766,340470,0.0,0.0
2023-09-29 13:30:00-04:00,41.369998931884766,41.38999938964844,41.0099983215332,41.13999938964844,309743,0.0,0.0
2023-09-29 14:30:00-04:00,41.150001525878906,41.470001220703125,41.119998931884766,41.255001068115234,276287,0.0,0.0
2023-09-29 15:30:00-04:00,41.25,41.380001068115234,41.189998626708984,41.31999969482422,335153,0.0,0.0
2023-10-02 09:30:00-04:00,40.790000915527344,40.790000915527344,40.0099983215332,40.029998779296875,649487,0.0,0.0
2023-10-02 10:30:00-04:00,40.0099983215332,40.15999984741211,39.779998779296875,39.9900016784668,456113,0.0,0.0
2023-10-02 11:30:00-04:00,40.0,40.040000915527344,39.38999938964844,39.6510009765625,317848,0.0,0.0
2023-10-02 12:30:00-04:00,39.63999938964844,39.77000045776367,39.43000030517578,39.63999938964844,293911,0.0,0.0
2023-10-02 13:30:00-04:00,39.650001525878906,39.68000030517578,39.45000076293945,39.47999954223633,253555,0.0,0.0
2023-10-02 14:30:00-04:00,39.48500061035156,39.54999923706055,39.29999923706055,39.38999938964844,328798,0.0,0.0
2023-10-02 15:30:00-04:00,39.380001068115234,39.43000030517578,39.25,39.310001373291016,714866,0.0,0.0
2023-10-03 09:30:00-04:00,39.189998626708984,39.189998626708984,38.44499969482422,38.56999969482422,324185,0.0,0.0
2023-10-03 10:30:00-04:00,38.54999923706055,38.70000076293945,38.470001220703125,38.56999969482422,153550,0.0,0.0
2023-10-03 11:30:00-04:00,38.55500030517578,38.80979919433594,38.47999954223633,38.80979919433594,143845,0.0,0.0
2023-10-03 12:30:00-04:00,38.79499816894531,39.04999923706055,38.78499984741211,38.970001220703125,239080,0.0,0.0
2023-10-03 13:30:00-04:00,38.970001220703125,38.970001220703125,38.83000183105469,38.869998931884766,244450,0.0,0.0
2023-10-03 14:30:00-04:00,38.875,39.029998779296875,38.849998474121094,38.8849983215332,292969,0.0,0.0
2023-10-03 15:30:00-04:00,38.8849983215332,38.93000030517578,38.720001220703125,38.90999984741211,429579,0.0,0.0
2023-10-04 09:30:00-04:00,38.959999084472656,39.18000030517578,38.61009979248047,38.63999938964844,127140,0.0,0.0
2023-10-04 10:30:00-04:00,38.65999984741211,38.849998474121094,38.60499954223633,38.814998626708984,187469,0.0,0.0
2023-10-04 11:30:00-04:00,38.81999969482422,39.040000915527344,38.654998779296875,38.98500061035156,127177,0.0,0.0
2023-10-04 12:30:00-04:00,39.0,39.290000915527344,38.915000915527344,39.099998474121094,192114,0.0,0.0
2023-10-04 13:30:00-04:00,39.099998474121094,39.150001525878906,38.880001068115234,38.95899963378906,289058,0.0,0.0
2023-10-04 14:30:00-04:00,38.95000076293945,39.0099983215332,38.820098876953125,38.915000915527344,299832,0.0,0.0
2023-10-04 15:30:00-04:00,38.915000915527344,39.040000915527344,38.89099884033203,39.0,574691,0.0,0.0
2023-10-05 09:30:00-04:00,38.939998626708984,39.775001525878906,38.79999923706055,39.619998931884766,191266,0.0,0.0
2023-10-05 10:30:00-04:00,39.619998931884766,39.81999969482422,39.529998779296875,39.540000915527344,346033,0.0,0.0
2023-10-05 11:30:00-04:00,39.540000915527344,39.59000015258789,39.459999084472656,39.53499984741211,121039,0.0,0.0
2023-10-05 12:30:00-04:00,39.529998779296875,39.54999923706055,39.380001068115234,39.47999954223633,114792,0.0,0.0
2023-10-05 13:30:00-04:00,39.48500061035156,39.8380012512207,39.45000076293945,39.689998626708984,261159,0.0,0.0
2023-10-05 14:30:00-04:00,39.689998626708984,39.77000045776367,39.61000061035156,39.7400016784668,265009,0.0,0.0
2023-10-05 15:30:00-04:00,39.7599983215332,39.790000915527344,39.58000183105469,39.619998931884766,330034,0.0,0.0
2023-10-06 09:30:00-04:00,39.439998626708984,39.439998626708984,39.16999816894531,39.29999923706055,76241,0.0,0.0
2023-10-06 10:30:00-04:00,39.310001373291016,39.540000915527344,39.22999954223633,39.529998779296875,102348,0.0,0.0
2023-10-06 11:30:00-04:00,39.540000915527344,39.880001068115234,39.52000045776367,39.77000045776367,77088,0.0,0.0
2023-10-06 12:30:00-04:00,39.7599983215332,39.93000030517578,39.70000076293945,39.7599983215332,115652,0.0,0.0
2023-10-06 13:30:00-04:00,39.77000045776367,39.86000061035156,39.68000030517578,39.779998779296875,83355,0.0,0.0
2023-10-06 14:30:00-04:00,39.78499984741211,39.869998931884766,39.540000915527344,39.54499816894531,204592,0.0,0.0
2023-10-06 15:30:00-04:00,39.54499816894531,39.58000183105469,39.279998779296875,39.310001373291016,315744,0.0,0.0
2023-10-09 09:30:00-04:00,39.31999969482422,39.630001068115234,39.20000076293945,39.59619903564453,116437,0.0,0.0
2023-10-09 10:30:00-04:00,39.59000015258789,39.7400016784668,39.4900016784668,39.72999954223633,74844,0.0,0.0
2023-10-09 11:30:00-04:00,39.75,39.779998779296875,39.474998474121094,39.47999954223633,66031,0.0,0.0
2023-10-09 12:30:00-04:00,39.47999954223633,39.52000045776367,39.41999816894531,39.4900016784668,54905,0.0,0.0
2023-10-09 13:30:00-04:00,39.5099983215332,39.59000015258789,39.41999816894531,39.54499816894531,87143,0.0,0.0
2023-10-09 14:30:00-04:00,39.54999923706055,39.58000183105469,39.3650016784668,39.41999816894531,153171,0.0,0.0
2023-10-09 15:30:00-04:00,39.41999816894531,39.41999816894531,39.310001373291016,39.36000061035156,190174,0.0,0.0
2023-10-10 09:30:00-04:00,39.529998779296875,39.79999923706055,39.529998779296875,39.790000915527344,116075,0.0,0.0
2023-10-10 10:30:00-04:00,39.779998779296875,39.790000915527344,39.470001220703125,39.54999923706055,83834,0.0,0.0
2023-10-10 11:30:00-04:00,39.540000915527344,39.599998474121094,39.459999084472656,39.58000183105469,106614,0.0,0.0
2023-10-10 12:30:00-04:00,39.58000183105469,39.58000183105469,39.2599983215332,39.29999923706055,94836,0.0,0.0
2023-10-10 13:30:00-04:00,39.29999923706055,39.369998931884766,39.11000061035156,39.150001525878906,112160,0.0,0.0
2023-10-10 14:30:00-04:00,39.150001525878906,39.209999084472656,38.98500061035156,39.02000045776367,213509,0.0,0.0
2023-10-10 15:30:00-04:00,39.02000045776367,39.060001373291016,38.900001525878906,39.029998779296875,425797,0.0,0.0
2023-10-11 09:30:00-04:00,39.25,39.68000030517578,39.2400016784668,39.53499984741211,107416,0.0,0.0
2023-10-11 10:30:00-04:00,39.55500030517578,39.619998931884766,39.3484992980957,39.369998931884766,92265,0.0,0.0
2023-10-11 11:30:00-04:00,39.37810134887695,39.47999954223633,39.36000061035156,39.42499923706055,104501,0.0,0.0
2023-10-11 12:30:00-04:00,39.43000030517578,39.66999816894531,39.41999816894531,39.61000061035156,125491,0.0,0.0
2023-10-11 13:30:00-04:00,39.599998474121094,39.84000015258789,39.584999084472656,39.81999969482422,97787,0.0,0.0
2023-10-11 14:30:00-04:00,39.81999969482422,39.880001068115234,39.70000076293945,39.7599983215332,156857,0.0,0.0
2023-10-11 15:30:00-04:00,39.75,39.90999984741211,39.7400016784668,39.880001068115234,207171,0.0,0.0
2023-10-12 09:30:00-04:00,39.90999984741211,39.90999984741211,39.2400016784668,39.27000045776367,102951,0.0,0.0
2023-10-12 10:30:00-04:00,39.279998779296875,39.34000015258789,39.15999984741211,39.25,64121,0.0,0.0
2023-10-12 11:30:00-04:00,39.25,39.38999938964844,39.189998626708984,39.38999938964844,105027,0.0,0.0
2023-10-12 12:30:00-04:00,39.39500045776367,39.47999954223633,39.11000061035156,39.11000061035156,153639,0.0,0.0
2023-10-12 13:30:00-04:00,39.10499954223633,39.150001525878906,38.849998474121094,39.04999923706055,95900,0.0,0.0
2023-10-12 14:30:00-04:00,39.04999923706055,39.31999969482422,39.04999923706055,39.29999923706055,95033,0.0,0.0
2023-10-12 15:30:00-04:00,39.29999923706055,39.369998931884766,39.25,39.310001373291016,217581,0.0,0.0
2023-10-13 09:30:00-04:00,39.5099983215332,39.68000030517578,39.459999084472656,39.54499816894531,98001,0.0,0.0
2023-10-13 10:30:00-04:00,39.540000915527344,39.66999816894531,39.2400016784668,39.40999984741211,112087,0.0,0.0
2023-10-13 11:30:00-04:00,39.40999984741211,39.540000915527344,39.30099868774414,39.529998779296875,91597,0.0,0.0
2023-10-13 12:30:00-04:00,39.529998779296875,39.540000915527344,39.189998626708984,39.20000076293945,74965,0.0,0.0
2023-10-13 13:30:00-04:00,39.18000030517578,39.38999938964844,39.16999816894531,39.3650016784668,61568,0.0,0.0
2023-10-13 14:30:00-04:00,39.36000061035156,39.439998626708984,39.29999923706055,39.36000061035156,67207,0.0,0.0
2023-10-13 15:30:00-04:00,39.36000061035156,39.42499923706055,39.334999084472656,39.380001068115234,135897,0.0,0.0
2023-10-16 09:30:00-04:00,39.68000030517578,39.88999938964844,39.619998931884766,39.880001068115234,94539,0.0,0.0
2023-10-16 10:30:00-04:00,39.88999938964844,40.099998474121094,39.88999938964844,40.00199890136719,101614,0.0,0.0
2023-10-16 11:30:00-04:00,40.0,40.0099983215332,39.790000915527344,39.86000061035156,68956,0.0,0.0
2023-10-16 12:30:00-04:00,39.86000061035156,39.93000030517578,39.77000045776367,39.88999938964844,61758,0.0,0.0
2023-10-16 13:30:00-04:00,39.875,40.06999969482422,39.86000061035156,39.86000061035156,58003,0.0,0.0
2023-10-16 14:30:00-04:00,39.86000061035156,40.0,39.849998474121094,40.0,79957,0.0,0.0
2023-10-16 15:30:00-04:00,40.01499938964844,40.150001525878906,39.9900016784668,40.09000015258789,238137,0.0,0.0
2023-10-17 09:30:00-04:00,39.939998626708984,40.25,39.439998626708984,40.13999938964844,126831,0.0,0.0
2023-10-17 10:30:00-04:00,40.13999938964844,40.54999923706055,40.099998474121094,40.47999954223633,98546,0.0,0.0
2023-10-17 11:30:00-04:00,40.47999954223633,40.67499923706055,40.47999954223633,40.66999816894531,80927,0.0,0.0
2023-10-17 12:30:00-04:00,40.68000030517578,40.689998626708984,40.48500061035156,40.529998779296875,77975,0.0,0.0
2023-10-17 13:30:00-04:00,40.529998779296875,40.540000915527344,40.209999084472656,40.29999923706055,258774,0.0,0.0
2023-10-17 14:30:00-04:00,40.29999923706055,40.35499954223633,40.15999984741211,40.32500076293945,245927,0.0,0.0
2023-10-17 15:30:00-04:00,40.33000183105469,40.34000015258789,40.22999954223633,40.2599983215332,219531,0.0,0.0
2023-10-18 09:30:00-04:00,39.630001068115234,39.7400016784668,39.36000061035156,39.48500061035156,147006,0.0,0.0
2023-10-18 10:30:00-04:00,39.470001220703125,39.599998474121094,39.261199951171875,39.3473014831543,62504,0.0,0.0
2023-10-18 11:30:00-04:00,39.349998474121094,39.380001068115234,39.150001525878906,39.220001220703125,67844,0.0,0.0
2023-10-18 12:30:00-04:00,39.220001220703125,39.439998626708984,39.189998626708984,39.31999969482422,61092,0.0,0.0
2023-10-18 13:30:00-04:00,39.31999969482422,39.4989013671875,39.2599983215332,39.40999984741211,69061,0.0,0.0
2023-10-18 14:30:00-04:00,39.400001525878906,39.45000076293945,39.2400016784668,39.29999923706055,106490,0.0,0.0
2023-10-18 15:30:00-04:00,39.29999923706055,39.459999084472656,39.290000915527344,39.310001373291016,375046,0.0,0.0
2023-10-19 09:30:00-04:00,39.290000915527344,39.470001220703125,39.25,39.29999923706055,77329,0.0,0.0
2023-10-19 10:30:00-04:00,39.29999923706055,39.349998474121094,39.11000061035156,39.34000015258789,65168,0.0,0.0
2023-10-19 11:30:00-04:00,39.33000183105469,39.54999923706055,39.099998474121094,39.2599983215332,81235,0.0,0.0
2023-10-19 12:30:00-04:00,39.250099182128906,39.36000061035156,39.03969955444336,39.2400016784668,127148,0.0,0.0
2023-10-19 13:30:00-04:00,39.2599983215332,39.28499984741211,38.86000061035156,38.86000061035156,89317,0.0,0.0
2023-10-19 14:30:00-04:00,38.86000061035156,38.86000061035156,38.34000015258789,38.349998474121094,105511,0.0,0.0
2023-10-19 15:30:00-04:00,38.36000061035156,38.45000076293945,38.20500183105469,38.38999938964844,277550,0.0,0.0
2023-10-20 09:30:00-04:00,38.2599983215332,38.40999984741211,37.66999816894531,37.79999923706055,84084,0.0,0.0
2023-10-20 10:30:00-04:00,37.79209899902344,38.02000045776367,37.79209899902344,37.90999984741211,65320,0.0,0.0
2023-10-20 11:30:00-04:00,37.904998779296875,38.04999923706055,37.79499816894531,37.88999938964844,68797,0.0,0.0
2023-10-20 12:30:00-04:00,37.88999938964844,38.08000183105469,37.880001068115234,38.04999923706055,58351,0.0,0.0
2023-10-20 13:30:00-04:00,38.04999923706055,38.060001373291016,37.939998626708984,38.005001068115234,78842,0.0,0.0
2023-10-20 14:30:00-04:00,38.0,38.040401458740234,37.83000183105469,38.0099983215332,95163,0.0,0.0
2023-10-20 15:30:00-04:00,38.0099983215332,38.0099983215332,37.755001068115234,37.79999923706055,173993,0.0,0.0
2023-10-23 09:30:00-04:00,37.5099983215332,37.61000061035156,37.095001220703125,37.41999816894531,103929,0.0,0.0
2023-10-23 10:30:00-04:00,37.42499923706055,37.73500061035156,37.310001373291016,37.70000076293945,84637,0.0,0.0
2023-10-23 11:30:00-04:00,37.709999084472656,37.83000183105469,37.619998931884766,37.7400016784668,67161,0.0,0.0
2023-10-23 12:30:00-04:00,37.720001220703125,37.869998931884766,37.707298278808594,37.779998779296875,65705,0.0,0.0
2023-10-23 13:30:00-04:00,37.790000915527344,37.849998474121094,37.599998474121094,37.66999816894531,83181,0.0,0.0
2023-10-23 14:30:00-04:00,37.689998626708984,37.810001373291016,37.56999969482422,37.59000015258789,137609,0.0,0.0
2023-10-23 15:30:00-04:00,37.56999969482422,37.630001068115234,37.5099983215332,37.599998474121094,219735,0.0,0.0
2023-10-24 09:30:00-04:00,37.7599983215332,38.029998779296875,37.7599983215332,37.97999954223633,96618,0.0,0.0
2023-10-24 10:30:00-04:00,37.9900016784668,37.9900016784668,37.66999816894531,37.744998931884766,64157,0.0,0.0
2023-10-24 11:30:00-04:00,37.744998931884766,37.95000076293945,37.619998931884766,37.63999938964844,106978,0.0,0.0
2023-10-24 12:30:00-04:00,37.63999938964844,37.709999084472656,37.560001373291016,37.68009948730469,68292,0.0,0.0
2023-10-24 13:30:00-04:00,37.689998626708984,37.709999084472656,37.560001373291016,37.619998931884766,68175,0.0,0.0
2023-10-24 14:30:00-04:00,37.630001068115234,37.7400016784668,37.630001068115234,37.72999954223633,75851,0.0,0.0
2023-10-24 15:30:00-04:00,37.7400016784668,37.75,37.529998779296875,37.529998779296875,222955,0.0,0.0
2023-10-25 09:30:00-04:00,37.65999984741211,37.75,37.209999084472656,37.349998474121094,134466,0.0,0.0
2023-10-25 10:30:00-04:00,37.34000015258789,37.564998626708984,37.34000015258789,37.4900016784668,116077,0.0,0.0
2023-10-25 11:30:00-04:00,37.4900016784668,37.540000915527344,37.38999938964844,37.494998931884766,95163,0.0,0.0
2023-10-25 12:30:00-04:00,37.4900016784668,37.58000183105469,37.349998474121094,37.4900016784668,93195,0.0,0.0
2023-10-25 13:30:00-04:00,37.470001220703125,37.625,37.38999938964844,37.58000183105469,117417,0.0,0.0
2023-10-25 14:30:00-04:00,37.59000015258789,37.59000015258789,37.47999954223633,37.57500076293945,109377,0.0,0.0
2023-10-25 15:30:00-04:00,37.57500076293945,37.599998474121094,37.34000015258789,37.36000061035156,255536,0.0,0.0
2023-10-26 09:30:00-04:00,37.47999954223633,37.97999954223633,37.47999954223633,37.86000061035156,188270,0.0,0.0
2023-10-26 10:30:00-04:00,37.849998474121094,38.814998626708984,37.744998931884766,38.814998626708984,348130,0.0,0.0
2023-10-26 11:30:00-04:00,38.814998626708984,38.95000076293945,38.619998931884766,38.80500030517578,374626,0.0,0.0
2023-10-26 12:30:00-04:00,38.79999923706055,38.81999969482422,38.380001068115234,38.54999923706055,148232,0.0,0.0
2023-10-26 13:30:00-04:00,38.560001373291016,38.810001373291016,38.5,38.76499938964844,107701,0.0,0.0
2023-10-26 14:30:00-04:00,38.7599983215332,38.97999954223633,38.709999084472656,38.880001068115234,149541,0.0,0.0
2023-10-26 15:30:00-04:00,38.880001068115234,39.0099983215332,38.790000915527344,38.91999816894531,598958,0.0,0.0
2023-10-27 09:30:00-04:00,38.79999923706055,38.959999084472656,38.61000061035156,38.63999938964844,156681,0.0,0.0
2023-10-27 10:30:00-04:00,38.630001068115234,38.709999084472656,38.47999954223633,38.630001068115234,185502,0.0,0.0
2023-10-27 11:30:00-04:00,38.619998931884766,38.65999984741211,38.290000915527344,38.31999969482422,107808,0.0,0.0
2023-10-27 12:30:00-04:00,38.29999923706055,38.39500045776367,38.150001525878906,38.23500061035156,108668,0.0,0.0
2023-10-27 13:30:00-04:00,38.22999954223633,38.310001373291016,38.130001068115234,38.150001525878906,107049,0.0,0.0
2023-10-27 14:30:00-04:00,38.130001068115234,38.309898376464844,38.130001068115234,38.25,146397,0.0,0.0
2023-10-27 15:30:00-04:00,38.244998931884766,38.41999816894531,38.16999816894531,38.29999923706055,303414,0.0,0.0
2023-10-30 09:30:00-04:00,38.65999984741211,38.939998626708984,38.505001068115234,38.56999969482422,127081,0.0,0.0
2023-10-30 10:30:00-04:00,38.55500030517578,38.79999923706055,38.51499938964844,38.77000045776367,97150,0.0,0.0
2023-10-30 11:30:00-04:00,38.779998779296875,38.79499816894531,38.560001373291016,38.7400016784668,109714,0.0,0.0
2023-10-30 12:30:00-04:00,38.75,38.88999938964844,38.65999984741211,38.880001068115234,51007,0.0,0.0
2023-10-30 13:30:00-04:00,38.900001525878906,39.0099983215332,38.83000183105469,38.939998626708984,66699,0.0,0.0
2023-10-30 14:30:00-04:00,38.939998626708984,39.040000915527344,38.900001525878906,38.97999954223633,105664,0.0,0.0
2023-10-30 15:30:00-04:00,38.98500061035156,39.09000015258789,38.94850158691406,39.08000183105469,309172,0.0,0.0
2023-10-31 09:30:00-04:00,39.16999816894531,39.16999816894531,38.88090133666992,39.02000045776367,200642,0.0,0.0
2023-10-31 10:30:00-04:00,39.029998779296875,39.18000030517578,38.77000045776367,39.130001068115234,175561,0.0,0.0
2023-10-31 11:30:00-04:00,39.13999938964844,39.2400016784668,39.0099983215332,39.05500030517578,51179,0.0,0.0
2023-10-31 12:30:00-04:00,39.060001373291016,39.220001220703125,39.029998779296875,39.13999938964844,72790,0.0,0.0
2023-10-31 13:30:00-04:00,39.13999938964844,39.15999984741211,38.970001220703125,38.970001220703125,101014,0.0,0.0
2023-10-31 14:30:00-04:00,38.970001220703125,39.209999084472656,38.959999084472656,39.1349983215332,102809,0.0,0.0
2023-10-31 15:30:00-04:00,39.125,39.15999984741211,39.040000915527344,39.08000183105469,206661,0.0,0.0
2023-11-01 09:30:00-04:00,39.150001525878906,39.75,38.959999084472656,39.720001220703125,84088,0.0,0.0
2023-11-01 10:30:00-04:00,39.720001220703125,39.8650016784668,39.59000015258789,39.64500045776367,82457,0.0,0.0
2023-11-01 11:30:00-04:00,39.64500045776367,39.75,39.52009963989258,39.529998779296875,67290,0.0,0.0
2023-11-01 12:30:00-04:00,39.5099983215332,39.71500015258789,39.459999084472656,39.54999923706055,81192,0.0,0.0
2023-11-01 13:30:00-04:00,39.54999923706055,39.71500015258789,39.529998779296875,39.689998626708984,96491,0.0,0.0
2023-11-01 14:30:00-04:00,39.70000076293945,40.20000076293945,39.63999938964844,40.20000076293945,280694,0.0,0.0
2023-11-01 15:30:00-04:00,40.189998626708984,40.43000030517578,40.18009948730469,40.31999969482422,365671,0.0,0.0
2023-11-02 09:30:00-04:00,40.5,40.970001220703125,40.349998474121094,40.93000030517578,97296,0.0,0.0
2023-11-02 10:30:00-04:00,40.95000076293945,41.16999816894531,40.939998626708984,41.07500076293945,87648,0.0,0.0
2023-11-02 11:30:00-04:00,41.060001373291016,41.150001525878906,40.970001220703125,41.09000015258789,139836,0.0,0.0
2023-11-02 12:30:00-04:00,41.09000015258789,41.29999923706055,41.08000183105469,41.2599983215332,95114,0.0,0.0
2023-11-02 13:30:00-04:00,41.27000045776367,41.560001373291016,41.27000045776367,41.41999816894531,120095,0.0,0.0
2023-11-02 14:30:00-04:00,41.422000885009766,41.55500030517578,41.422000885009766,41.474998474121094,112145,0.0,0.0
2023-11-02 15:30:00-04:00,41.474998474121094,41.599998474121094,41.44499969482422,41.58000183105469,261682,0.0,0.0
2023-11-03 09:30:00-04:00,42.0,42.7400016784668,41.810001373291016,42.689998626708984,201901,0.0,0.0
2023-11-03 10:30:00-04:00,42.689998626708984,42.935001373291016,42.55500030517578,42.83000183105469,269657,0.0,0.0
2023-11-03 11:30:00-04:00,42.845001220703125,43.099998474121094,42.84000015258789,43.0099983215332,148975,0.0,0.0
2023-11-03 12:30:00-04:00,43.0,43.099998474121094,42.97999954223633,43.03499984741211,114651,0.0,0.0
2023-11-03 13:30:00-04:00,43.02000045776367,43.209999084472656,42.959999084472656,43.189998626708984,174194,0.0,0.0
2023-11-03 14:30:00-04:00,43.189998626708984,43.33000183105469,42.970001220703125,43.09000015258789,259724,0.0,0.0
2023-11-03 15:30:00-04:00,43.08000183105469,43.08000183105469,42.775001525878906,42.810001373291016,294084,0.0,0.0
2023-11-06 09:30:00-05:00,42.689998626708984,42.77000045776367,41.83000183105469,41.94029998779297,126294,0.0,0.0
2023-11-06 10:30:00-05:00,41.95000076293945,42.11000061035156,41.90999984741211,41.91999816894531,97335,0.0,0.0
2023-11-06 11:30:00-05:00,41.90999984741211,41.93000030517578,41.7599983215332,41.79999923706055,101568,0.0,0.0
2023-11-06 12:30:00-05:00,41.779998779296875,41.81999969482422,41.689998626708984,41.775001525878906,66334,0.0,0.0
2023-11-06 13:30:00-05:00,41.779998779296875,41.779998779296875,41.65999984741211,41.73400115966797,88274,0.0,0.0
2023-11-06 14:30:00-05:00,41.72999954223633,41.970001220703125,41.72999954223633,41.959999084472656,140093,0.0,0.0
2023-11-06 15:30:00-05:00,41.959999084472656,41.97999954223633,41.7400016784668,41.790000915527344,252283,0.0,0.0
2023-11-07 09:30:00-05:00,41.439998626708984,41.72999954223633,41.31129837036133,41.70500183105469,156510,0.0,0.0
2023-11-07 10:30:00-05:00,41.70500183105469,41.900001525878906,41.619998931884766,41.65999984741211,230556,0.0,0.0
2023-11-07 11:30:00-05:00,41.66999816894531,41.744998931884766,41.61000061035156,41.744998931884766,119869,0.0,0.0
2023-11-07 12:30:00-05:00,41.744998931884766,41.9900016784668,41.66999816894531,41.810001373291016,146119,0.0,0.0
2023-11-07 13:30:00-05:00,41.81999969482422,42.09000015258789,41.77000045776367,41.90999984741211,223484,0.0,0.0
2023-11-07 14:30:00-05:00,41.91999816894531,42.01499938964844,41.869998931884766,41.970001220703125,139885,0.0,0.0
2023-11-07 15:30:00-05:00,41.970001220703125,42.06999969482422,41.869998931884766,41.97999954223633,305102,0.0,0.0
2023-11-08 09:30:00-05:00,42.209999084472656,43.540000915527344,42.209999084472656,43.33000183105469,354715,0.0,0.0
2023-11-08 10:30:00-05:00,43.32500076293945,43.58000183105469,42.90999984741211,43.400001525878906,254924,0.0,0.0
2023-11-08 11:30:00-05:00,43.40999984741211,43.52000045776367,43.150001525878906,43.369998931884766,140464,0.0,0.0
2023-11-08 12:30:00-05:00,43.369998931884766,43.720001220703125,43.33000183105469,43.63999938964844,211047,0.0,0.0
2023-11-08 13:30:00-05:00,43.619998931884766,43.849998474121094,43.56999969482422,43.709999084472656,149210,0.0,0.0
2023-11-08 14:30:00-05:00,43.709999084472656,43.810001373291016,43.619998931884766,43.77000045776367,156751,0.0,0.0
2023-11-08 15:30:00-05:00,43.77000045776367,43.77000045776367,43.380001068115234,43.400001525878906,520817,0.0,0.0
2023-11-09 09:30:00-05:00,43.560001373291016,43.915000915527344,43.12799835205078,43.89350128173828,929099,0.0,0.0
2023-11-09 10:30:00-05:00,43.900001525878906,43.93000030517578,43.650001525878906,43.7599983215332,123757,0.0,0.0
2023-11-09 11:30:00-05:00,43.77000045776367,43.790000915527344,43.619998931884766,43.75,81686,0.0,0.0
2023-11-09 12:30:00-05:00,43.75,43.834999084472656,43.540000915527344,43.720001220703125,126085,0.0,0.0
2023-11-09 13:30:00-05:00,43.709999084472656,43.9900016784668,43.404998779296875,43.58000183105469,304080,0.0,0.0
2023-11-09 14:30:00-05:00,43.56999969482422,43.720001220703125,43.540000915527344,43.70000076293945,222754,0.0,0.0
2023-11-09 15:30:00-05:00,43.689998626708984,43.79999923706055,43.540000915527344,43.650001525878906,363299,0.0,0.0
2023-11-10 09:30:00-05:00,43.77000045776367,43.9900016784668,43.56999969482422,43.58000183105469,101085,0.0,0.0
2023-11-10 10:30:00-05:00,43.560001373291016,43.709999084472656,43.47999954223633,43.63999938964844,121055,0.0,0.0
2023-11-10 11:30:00-05:00,43.63999938964844,43.68000030517578,43.5099983215332,43.602298736572266,83075,0.0,0.0
2023-11-10 12:30:00-05:00,43.61000061035156,43.66999816894531,43.4900016784668,43.61000061035156,97278,0.0,0.0
2023-11-10 13:30:00-05:00,43.61000061035156,43.66999816894531,43.529998779296875,43.65729904174805,74153,0.0,0.0
2023-11-10 14:30:00-05:00,43.66999816894531,43.779998779296875,43.619998931884766,43.779998779296875,125668,0.0,0.0
2023-11-10 15:30:00-05:00,43.775001525878906,43.959999084472656,43.7400016784668,43.9385986328125,334347,0.0,0.0
2023-11-13 09:30:00-05:00,43.65999984741211,44.06999969482422,43.56100082397461,43.96500015258789,128799,0.0,0.0
2023-11-13 10:30:00-05:00,43.939998626708984,43.97999954223633,43.66999816894531,43.880001068115234,162560,0.0,0.0
2023-11-13 11:30:00-05:00,43.900001525878906,44.029998779296875,43.86009979248047,43.970001220703125,64451,0.0,0.0
2023-11-13 12:30:00-05:00,43.970001220703125,43.970001220703125,43.880001068115234,43.93000030517578,62852,0.0,0.0
2023-11-13 13:30:00-05:00,43.91999816894531,44.02000045776367,43.88079833984375,43.97999954223633,97288,0.0,0.0
2023-11-13 14:30:00-05:00,43.97999954223633,44.09000015258789,43.90999984741211,44.029998779296875,237847,0.0,0.0
2023-11-13 15:30:00-05:00,44.02000045776367,44.02000045776367,43.83000183105469,43.86000061035156,314113,0.0,0.0
2023-11-14 09:30:00-05:00,44.33000183105469,44.400001525878906,43.11000061035156,43.43000030517578,436017,0.0,0.0
2023-11-14 10:30:00-05:00,43.43000030517578,43.900001525878906,43.29999923706055,43.72999954223633,358998,0.0,0.0
2023-11-14 11:30:00-05:00,43.720001220703125,43.83000183105469,43.61000061035156,43.82500076293945,122150,0.0,0.0
2023-11-14 12:30:00-05:00,43.82500076293945,43.91999816894531,43.709999084472656,43.72999954223633,80717,0.0,0.0
2023-11-14 13:30:00-05:00,43.7400016784668,43.849998474121094,43.62009811401367,43.66080093383789,93945,0.0,0.0
2023-11-14 14:30:00-05:00,43.68000030517578,43.900001525878906,43.68000030517578,43.84000015258789,153161,0.0,0.0
2023-11-14 15:30:00-05:00,43.849998474121094,43.86000061035156,43.58000183105469,43.779998779296875,372848,0.0,0.0
2023-11-15 09:30:00-05:00,43.75,44.27000045776367,43.599998474121094,44.22999954223633,118925,0.0,0.0
2023-11-15 10:30:00-05:00,44.2400016784668,44.349998474121094,44.119998931884766,44.31999969482422,116293,0.0,0.0
2023-11-15 11:30:00-05:00,44.310001373291016,44.310001373291016,44.022499084472656,44.279998779296875,89512,0.0,0.0
2023-11-15 12:30:00-05:00,44.28799819946289,44.369998931884766,44.25,44.349998474121094,95979,0.0,0.0
2023-11-15 13:30:00-05:00,44.33000183105469,44.439998626708984,44.310001373291016,44.39500045776367,97078,0.0,0.0
2023-11-15 14:30:00-05:00,44.39799880981445,44.474998474121094,44.31999969482422,44.459999084472656,126641,0.0,0.0
2023-11-15 15:30:00-05:00,44.470001220703125,44.52000045776367,44.33000183105469,44.45000076293945,271897,0.0,0.0
2023-11-16 09:30:00-05:00,44.459999084472656,44.529998779296875,44.189998626708984,44.33000183105469,94385,0.0,0.0
2023-11-16 10:30:00-05:00,44.34000015258789,44.400001525878906,44.06999969482422,44.15999984741211,184286,0.0,0.0
2023-11-16 11:30:00-05:00,44.15999984741211,44.15999984741211,43.970001220703125,44.040000915527344,72954,0.0,0.0
2023-11-16 12:30:00-05:00,44.029998779296875,44.310001373291016,44.0099983215332,44.29999923706055,83333,0.0,0.0
2023-11-16 13:30:00-05:00,44.290000915527344,44.45000076293945,44.25,44.31999969482422,106117,0.0,0.0
2023-11-16 14:30:00-05:00,44.31999969482422,44.47999954223633,44.310001373291016,44.439998626708984,139302,0.0,0.0
2023-11-16 15:30:00-05:00,44.43000030517578,44.4900016784668,44.400001525878906,44.40999984741211,315872,0.0,0.0
2023-11-17 09:30:00-05:00,44.56999969482422,44.94499969482422,44.38669967651367,44.92499923706055,86061,0.0,0.0
2023-11-17 10:30:00-05:00,44.93000030517578,44.93000030517578,44.650001525878906,44.77000045776367,146048,0.0,0.0
2023-11-17 11:30:00-05:00,44.779998779296875,44.81999969482422,44.650001525878906,44.709999084472656,124545,0.0,0.0
2023-11-17 12:30:00-05:00,44.709999084472656,44.81999969482422,44.619998931884766,44.70000076293945,166886,0.0,0.0
2023-11-17 13:30:00-05:00,44.709999084472656,44.779998779296875,44.66999816894531,44.72999954223633,85507,0.0,0.0
2023-11-17 14:30:00-05:00,44.71500015258789,45.0,44.70050048828125,44.9900016784668,222527,0.0,0.0
2023-11-17 15:30:00-05:00,44.97999954223633,45.060001373291016,44.7599983215332,45.04999923706055,378682,0.0,0.0
2023-11-20 09:30:00-05:00,45.029998779296875,45.2400016784668,44.779998779296875,45.15999984741211,124719,0.0,0.0
2023-11-20 10:30:00-05:00,45.13999938964844,45.349998474121094,45.02000045776367,45.290000915527344,97259,0.0,0.0
2023-11-20 11:30:00-05:00,45.290000915527344,45.41999816894531,45.27000045776367,45.279998779296875,81744,0.0,0.0
2023-11-20 12:30:00-05:00,45.279998779296875,45.439998626708984,45.2400016784668,45.420501708984375,71473,0.0,0.0
2023-11-20 13:30:00-05:00,45.41999816894531,45.65999984741211,45.38999938964844,45.5,128320,0.0,0.0
2023-11-20 14:30:00-05:00,45.4900016784668,45.744998931884766,45.4900016784668,45.72999954223633,295374,0.0,0.0
2023-11-20 15:30:00-05:00,45.720001220703125,45.7400016784668,45.459999084472656,45.459999084472656,487995,0.0,0.0
2023-11-21 09:30:00-05:00,45.36000061035156,45.599998474121094,45.09000015258789,45.415000915527344,176958,0.0,0.0
2023-11-21 10:30:00-05:00,45.41999816894531,45.462799072265625,45.22999954223633,45.22999954223633,115553,0.0,0.0
2023-11-21 11:30:00-05:00,45.23500061035156,45.29999923706055,45.130001068115234,45.13999938964844,154485,0.0,0.0
2023-11-21 12:30:00-05:00,45.130001068115234,45.38999938964844,45.099998474121094,45.34000015258789,170724,0.0,0.0
2023-11-21 13:30:00-05:00,45.31999969482422,45.31999969482422,45.099998474121094,45.119998931884766,100674,0.0,0.0
2023-11-21 14:30:00-05:00,45.130001068115234,45.22999954223633,45.0,45.15999984741211,150771,0.0,0.0
2023-11-21 15:30:00-05:00,45.13999938964844,45.209999084472656,44.7599983215332,44.790000915527344,409254,0.0,0.0
2023-11-22 09:30:00-05:00,44.650001525878906,44.84000015258789,44.27000045776367,44.82500076293945,201388,0.0,0.0
2023-11-22 10:30:00-05:00,44.84960174560547,44.94499969482422,44.75,44.84000015258789,127537,0.0,0.0
2023-11-22 11:30:00-05:00,44.84989929199219,44.900001525878906,44.65999984741211,44.68000030517578,115153,0.0,0.0
2023-11-22 12:30:00-05:00,44.689998626708984,44.70000076293945,44.54999923706055,44.58000183105469,120639,0.0,0.0
2023-11-22 13:30:00-05:00,44.599998474121094,44.650001525878906,44.529998779296875,44.61000061035156,101292,0.0,0.0
2023-11-22 14:30:00-05:00,44.61000061035156,44.70000076293945,44.529998779296875,44.689998626708984,141153,0.0,0.0
2023-11-22 15:30:00-05:00,44.689998626708984,44.73500061035156,44.599998474121094,44.630001068115234,263664,0.0,0.0
2023-11-24 09:30:00-05:00,44.79999923706055,45.0,44.66999816894531,44.970001220703125,87769,0.0,0.0
2023-11-24 10:30:00-05:00,44.970001220703125,45.029998779296875,44.84000015258789,44.900001525878906,98165,0.0,0.0
2023-11-24 11:30:00-05:00,44.88999938964844,44.939998626708984,44.849998474121094,44.88999938964844,88723,0.0,0.0
2023-11-27 09:30:00-05:00,44.689998626708984,44.77000045776367,44.41999816894531,44.439998626708984,228093,0.0,0.0
2023-11-27 10:30:00-05:00,44.439998626708984,44.61000061035156,44.369998931884766,44.59000015258789,183797,0.0,0.0
2023-11-27 11:30:00-05:00,44.58000183105469,44.618099212646484,44.45000076293945,44.5,152424,0.0,0.0
2023-11-27 12:30:00-05:00,44.505001068115234,44.75,44.349998474121094,44.685001373291016,375991,0.0,0.0
2023-11-27 13:30:00-05:00,44.685001373291016,44.90999984741211,44.65999984741211,44.810001373291016,403047,0.0,0.0
2023-11-27 14:30:00-05:00,44.79999923706055,44.79999923706055,44.630001068115234,44.650001525878906,304760,0.0,0.0
2023-11-27 15:30:00-05:00,44.650001525878906,44.720001220703125,44.64500045776367,44.70000076293945,452443,0.0,0.0
2023-11-28 09:30:00-05:00,44.619998931884766,44.619998931884766,44.099998474121094,44.26499938964844,216714,0.0,0.0
2023-11-28 10:30:00-05:00,44.27000045776367,44.58000183105469,44.230899810791016,44.470001220703125,297131,0.0,0.0
2023-11-28 11:30:00-05:00,44.470001220703125,44.599998474121094,44.43000030517578,44.439998626708984,183248,0.0,0.0
2023-11-28 12:30:00-05:00,44.439998626708984,44.439998626708984,44.150001525878906,44.22999954223633,130172,0.0,0.0
2023-11-28 13:30:00-05:00,44.247501373291016,44.45000076293945,44.22999954223633,44.369998931884766,120677,0.0,0.0
2023-11-28 14:30:00-05:00,44.369998931884766,44.52000045776367,44.36000061035156,44.48500061035156,157010,0.0,0.0
2023-11-28 15:30:00-05:00,44.48500061035156,44.48500061035156,44.29499816894531,44.41999816894531,488673,0.0,0.0
2023-11-29 09:30:00-05:00,44.560001373291016,44.939998626708984,44.47999954223633,44.72999954223633,125623,0.0,0.0
2023-11-29 10:30:00-05:00,44.72999954223633,44.88999938964844,44.58000183105469,44.79999923706055,196353,0.0,0.0
2023-11-29 11:30:00-05:00,44.809898376464844,44.86000061035156,44.755001068115234,44.810001373291016,65475,0.0,0.0
2023-11-29 12:30:00-05:00,44.81999969482422,44.900001525878906,44.80099868774414,44.869998931884766,72458,0.0,0.0
2023-11-29 13:30:00-05:00,44.869998931884766,44.869998931884766,44.619998931884766,44.66999816894531,122015,0.0,0.0
2023-11-29 14:30:00-05:00,44.66999816894531,44.689998626708984,44.4900016784668,44.5099983215332,171375,0.0,0.0
2023-11-29 15:30:00-05:00,44.5099983215332,44.54999923706055,44.349998474121094,44.380001068115234,431339,0.0,0.0
2023-11-30 09:30:00-05:00,44.43000030517578,44.939998626708984,44.38999938964844,44.88999938964844,147540,0.0,0.0
2023-11-30 10:30:00-05:00,44.88999938964844,45.150001525878906,44.83000183105469,45.02000045776367,188379,0.0,0.0
2023-11-30 11:30:00-05:00,45.0,45.08000183105469,44.90999984741211,44.97999954223633,130504,0.0,0.0
2023-11-30 12:30:00-05:00,45.0,45.029998779296875,44.95000076293945,44.9900016784668,117745,0.0,0.0
2023-11-30 13:30:00-05:00,45.0,45.0099983215332,44.724998474121094,44.77000045776367,105013,0.0,0.0
2023-11-30 14:30:00-05:00,44.77000045776367,44.79999923706055,44.689998626708984,44.720001220703125,168164,0.0,0.0
2023-11-30 15:30:00-05:00,44.720001220703125,44.880001068115234,44.5099983215332,44.82500076293945,668355,0.0,0.0
2023-12-01 09:30:00-05:00,44.75,44.75,44.48500061035156,44.685001373291016,153303,0.0,0.0
2023-12-01 10:30:00-05:00,44.67499923706055,44.779998779296875,44.439998626708984,44.779998779296875,111213,0.0,0.0
2023-12-01 11:30:00-05:00,44.77000045776367,45.029998779296875,44.68000030517578,44.959999084472656,86836,0.0,0.0
2023-12-01 12:30:00-05:00,44.94499969482422,45.08000183105469,44.93000030517578,44.939998626708984,72619,0.0,0.0
2023-12-01 13:30:00-05:00,44.93000030517578,45.150001525878906,44.93000030517578,45.1150016784668,126617,0.0,0.0
2023-12-01 14:30:00-05:00,45.119998931884766,45.13999938964844,44.939998626708984,44.94499969482422,124707,0.0,0.0
2023-12-01 15:30:00-05:00,44.94499969482422,45.02000045776367,44.869998931884766,44.939998626708984,272685,0.0,0.0
2023-12-04 09:30:00-05:00,44.84000015258789,45.540000915527344,44.79999923706055,45.310001373291016,199128,0.0,0.0
2023-12-04 10:30:00-05:00,45.31999969482422,45.45000076293945,45.16999816894531,45.43000030517578,127296,0.0,0.0
2023-12-04 11:30:00-05:00,45.41999816894531,45.61000061035156,45.380001068115234,45.59000015258789,73096,0.0,0.0
2023-12-04 12:30:00-05:00,45.599998474121094,45.624698638916016,45.40999984741211,45.40999984741211,86625,0.0,0.0
2023-12-04 13:30:00-05:00,45.400001525878906,45.5099983215332,45.2599983215332,45.459999084472656,132542,0.0,0.0
2023-12-04 14:30:00-05:00,45.470001220703125,45.60499954223633,45.459999084472656,45.47999954223633,116227,0.0,0.0
2023-12-04 15:30:00-05:00,45.48500061035156,45.61000061035156,45.375,45.529998779296875,297018,0.0,0.0
2023-12-05 09:30:00-05:00,45.38999938964844,45.84400177001953,45.36000061035156,45.56129837036133,190298,0.0,0.0
2023-12-05 10:30:00-05:00,45.56999969482422,45.69499969482422,45.415000915527344,45.68000030517578,212203,0.0,0.0
2023-12-05 11:30:00-05:00,45.68000030517578,45.834999084472656,45.599998474121094,45.6150016784668,135181,0.0,0.0
2023-12-05 12:30:00-05:00,45.619998931884766,45.86000061035156,45.58000183105469,45.84000015258789,121438,0.0,0.0
2023-12-05 13:30:00-05:00,45.849998474121094,46.16999816894531,45.810001373291016,46.16999816894531,174079,0.0,0.0
2023-12-05 14:30:00-05:00,46.16999816894531,46.18000030517578,45.970001220703125,46.025001525878906,223908,0.0,0.0
2023-12-05 15:30:00-05:00,46.025001525878906,46.029998779296875,45.84000015258789,45.84000015258789,417942,0.0,0.0
2023-12-06 09:30:00-05:00,46.040000915527344,46.64500045776367,46.040000915527344,46.61000061035156,251981,0.0,0.0
2023-12-06 10:30:00-05:00,46.61000061035156,46.61000061035156,46.2599983215332,46.470001220703125,186092,0.0,0.0
2023-12-06 11:30:00-05:00,46.41999816894531,46.59000015258789,46.38999938964844,46.5099983215332,112965,0.0,0.0
2023-12-06 12:30:00-05:00,46.5,46.56999969482422,46.459999084472656,46.529998779296875,106879,0.0,0.0
2023-12-06 13:30:00-05:00,46.529998779296875,46.900001525878906,46.529998779296875,46.79059982299805,201677,0.0,0.0
2023-12-06 14:30:00-05:00,46.79999923706055,46.86000061035156,46.380001068115234,46.43000030517578,162387,0.0,0.0
2023-12-06 15:30:00-05:00,46.43000030517578,46.435001373291016,46.29999923706055,46.369998931884766,341401,0.0,0.0
2023-12-07 09:30:00-05:00,46.459999084472656,46.97999954223633,46.349998474121094,46.84000015258789,157657,0.0,0.0
2023-12-07 10:30:00-05:00,46.849998474121094,46.875,46.435001373291016,46.4900016784668,87989,0.0,0.0
2023-12-07 11:30:00-05:00,46.4900016784668,46.68000030517578,46.46009826660156,46.4900016784668,116580,0.0,0.0
2023-12-07 12:30:00-05:00,46.47999954223633,46.709999084472656,46.459999084472656,46.70000076293945,73855,0.0,0.0
2023-12-07 13:30:00-05:00,46.70000076293945,46.900001525878906,46.689998626708984,46.81999969482422,88281,0.0,0.0
2023-12-07 14:30:00-05:00,46.810001373291016,46.93000030517578,46.709999084472656,46.814998626708984,136655,0.0,0.0
2023-12-07 15:30:00-05:00,46.810001373291016,46.880001068115234,46.7599983215332,46.81999969482422,285545,0.0,0.0
2023-12-08 09:30:00-05:00,46.959999084472656,47.06999969482422,46.79999923706055,47.0099983215332,109574,0.0,0.0
2023-12-08 10:30:00-05:00,47.01499938964844,47.05500030517578,46.77000045776367,46.81999969482422,80618,0.0,0.0
2023-12-08 11:30:00-05:00,46.81999969482422,46.93000030517578,46.720001220703125,46.76850128173828,98810,0.0,0.0
2023-12-08 12:30:00-05:00,46.779998779296875,46.959999084472656,46.7400016784668,46.935001373291016,71511,0.0,0.0
2023-12-08 13:30:00-05:00,46.95000076293945,46.95000076293945,46.790000915527344,46.814998626708984,89908,0.0,0.0
2023-12-08 14:30:00-05:00,46.81999969482422,46.939998626708984,46.79999923706055,46.83100128173828,117282,0.0,0.0
2023-12-08 15:30:00-05:00,46.83000183105469,46.86349868774414,46.689998626708984,46.720001220703125,351371,0.0,0.0
2023-12-11 09:30:00-05:00,46.720001220703125,47.27000045776367,46.720001220703125,47.125,137915,0.0,0.0
2023-12-11 10:30:00-05:00,47.130001068115234,47.25,46.994998931884766,47.04999923706055,173815,0.0,0.0
2023-12-11 11:30:00-05:00,47.060001373291016,47.13999938964844,46.939998626708984,47.0099983215332,86807,0.0,0.0
2023-12-11 12:30:00-05:00,47.01499938964844,47.10499954223633,47.01499938964844,47.09000015258789,71427,0.0,0.0
2023-12-11 13:30:00-05:00,47.09000015258789,47.09000015258789,46.8650016784668,46.94499969482422,87302,0.0,0.0
2023-12-11 14:30:00-05:00,46.94499969482422,46.97589874267578,46.85499954223633,46.95000076293945,151282,0.0,0.0
2023-12-11 15:30:00-05:00,46.94499969482422,47.16999816894531,46.869998931884766,47.13999938964844,350890,0.0,0.0
2023-12-12 09:30:00-05:00,47.150001525878906,47.54999923706055,46.95000076293945,47.529998779296875,86826,0.0,0.0
2023-12-12 10:30:00-05:00,47.529998779296875,47.689998626708984,47.400001525878906,47.45000076293945,121794,0.0,0.0
2023-12-12 11:30:00-05:00,47.439998626708984,47.45000076293945,47.2400016784668,47.27000045776367,95729,0.0,0.0
2023-12-12 12:30:00-05:00,47.26499938964844,47.33000183105469,47.16999816894531,47.244998931884766,105785,0.0,0.0
2023-12-12 13:30:00-05:00,47.244998931884766,47.29999923706055,47.209999084472656,47.25,75977,0.0,0.0
2023-12-12 14:30:00-05:00,47.25,47.380001068115234,47.220001220703125,47.334999084472656,147553,0.0,0.0
2023-12-12 15:30:00-05:00,47.34000015258789,47.345001220703125,46.970001220703125,47.08000183105469,283949,0.0,0.0
2023-12-13 09:30:00-05:00,46.90999984741211,47.20000076293945,46.77000045776367,46.790000915527344,147534,0.0,0.0
2023-12-13 10:30:00-05:00,46.790000915527344,46.81999969482422,46.619998931884766,46.7599983215332,161692,0.0,0.0
2023-12-13 11:30:00-05:00,46.75,46.83000183105469,46.709999084472656,46.720001220703125,114228,0.0,0.0
2023-12-13 12:30:00-05:00,46.720001220703125,46.72999954223633,46.54999923706055,46.64440155029297,86672,0.0,0.0
2023-12-13 13:30:00-05:00,46.654998779296875,47.400001525878906,46.63999938964844,47.380001068115234,147523,0.0,0.0
2023-12-13 14:30:00-05:00,47.38999938964844,47.974998474121094,47.380001068115234,47.970001220703125,251921,0.0,0.0
2023-12-13 15:30:00-05:00,47.959999084472656,48.165000915527344,47.900001525878906,47.9900016784668,465255,0.0,0.0
2023-12-14 09:30:00-05:00,48.439998626708984,48.720001220703125,47.91999816894531,48.0,205522,0.0,0.0
2023-12-14 10:30:00-05:00,48.005001068115234,48.2400016784668,47.810001373291016,48.22999954223633,162856,0.0,0.0
2023-12-14 11:30:00-05:00,48.2400016784668,48.45000076293945,48.150001525878906,48.244998931884766,142597,0.0,0.0
2023-12-14 12:30:00-05:00,48.25,48.44499969482422,48.18000030517578,48.29999923706055,162642,0.0,0.0
2023-12-14 13:30:00-05:00,48.29999923706055,48.38999938964844,48.119998931884766,48.1348991394043,152207,0.0,0.0
2023-12-14 14:30:00-05:00,48.13999938964844,48.54999923706055,48.11000061035156,48.45500183105469,164558,0.0,0.0
2023-12-14 15:30:00-05:00,48.459999084472656,48.46500015258789,48.17499923706055,48.22999954223633,357825,0.0,0.0
2023-12-15 09:30:00-05:00,48.06999969482422,48.939998626708984,47.779998779296875,48.83000183105469,447444,0.0,0.0
2023-12-15 10:30:00-05:00,48.81999969482422,48.95000076293945,48.72999954223633,48.77000045776367,146027,0.0,0.0
2023-12-15 11:30:00-05:00,48.7599983215332,48.97999954223633,48.7599983215332,48.95500183105469,81942,0.0,0.0
2023-12-15 12:30:00-05:00,48.95500183105469,48.9900016784668,48.65999984741211,48.689998626708984,87630,0.0,0.0
2023-12-15 13:30:00-05:00,48.66999816894531,48.73500061035156,48.439998626708984,48.630001068115234,105645,0.0,0.0
2023-12-15 14:30:00-05:00,48.619998931884766,48.709999084472656,48.5099983215332,48.709999084472656,134254,0.0,0.0
2023-12-15 15:30:00-05:00,48.71500015258789,48.7400016784668,48.439998626708984,48.56999969482422,293013,0.0,0.0
2023-12-18 09:30:00-05:00,48.529998779296875,48.529998779296875,47.939998626708984,48.369998931884766,137078,0.0,0.0
2023-12-18 10:30:00-05:00,48.380001068115234,48.43000030517578,48.06999969482422,48.16999816894531,121588,0.0,0.0
2023-12-18 11:30:00-05:00,48.16999816894531,48.2599983215332,48.09000015258789,48.25,72704,0.0,0.0
2023-12-18 12:30:00-05:00,48.2599983215332,48.33000183105469,48.12200164794922,48.18000030517578,79710,0.0,0.0
2023-12-18 13:30:00-05:00,48.18000030517578,48.349998474121094,48.040000915527344,48.31949996948242,78855,0.0,0.0
2023-12-18 14:30:00-05:00,48.30500030517578,48.31999969482422,48.20000076293945,48.28499984741211,87932,0.0,0.0
2023-12-18 15:30:00-05:00,48.28499984741211,48.41999816894531,48.220001220703125,48.36000061035156,208062,0.0,0.0
2023-12-19 09:30:00-05:00,48.52000045776367,49.150001525878906,48.29999923706055,49.0,105597,0.0,0.0
2023-12-19 10:30:00-05:00,48.97999954223633,49.27000045776367,48.970001220703125,49.2400016784668,94365,0.0,0.0
2023-12-19 11:30:00-05:00,49.238800048828125,49.297000885009766,48.970001220703125,49.119998931884766,148162,0.0,0.0
2023-12-19 12:30:00-05:00,49.130001068115234,49.310001373291016,49.08000183105469,49.290000915527344,76185,0.0,0.0
2023-12-19 13:30:00-05:00,49.29999923706055,49.43000030517578,49.27009963989258,49.29999923706055,59090,0.0,0.0
2023-12-19 14:30:00-05:00,49.290000915527344,49.334999084472656,49.04999923706055,49.15250015258789,93193,0.0,0.0
2023-12-19 15:30:00-05:00,49.13999938964844,49.61000061035156,49.13999938964844,49.61000061035156,379914,0.0,0.0
2023-12-20 09:30:00-05:00,49.41999816894531,49.779998779296875,49.349998474121094,49.664798736572266,90325,0.0,0.0
2023-12-20 10:30:00-05:00,49.68000030517578,49.900001525878906,49.66999816894531,49.88999938964844,178434,0.0,0.0
2023-12-20 11:30:00-05:00,49.88999938964844,50.09000015258789,49.834999084472656,50.040000915527344,82899,0.0,0.0
2023-12-20 12:30:00-05:00,50.04999923706055,50.29499816894531,50.000999450683594,50.11000061035156,151762,0.0,0.0
2023-12-20 13:30:00-05:00,50.11000061035156,50.20000076293945,50.0099983215332,50.08000183105469,162228,0.0,0.0
2023-12-20 14:30:00-05:00,50.08000183105469,50.08000183105469,49.400001525878906,49.5,244440,0.0,0.0
2023-12-20 15:30:00-05:00,49.505001068115234,49.56999969482422,49.189998626708984,49.189998626708984,361291,0.0,0.0
2023-12-21 09:30:00-05:00,49.2599983215332,49.77000045776367,49.119998931884766,49.35499954223633,199439,0.0,0.0
2023-12-21 10:30:00-05:00,49.36000061035156,49.505001068115234,49.150001525878906,49.17499923706055,109394,0.0,0.0
2023-12-21 11:30:00-05:00,49.185001373291016,49.21500015258789,48.81999969482422,49.099998474121094,158842,0.0,0.0
2023-12-21 12:30:00-05:00,49.10499954223633,49.209999084472656,48.93000030517578,49.04999923706055,102226,0.0,0.0
2023-12-21 13:30:00-05:00,49.064998626708984,49.31999969482422,49.064998626708984,49.31999969482422,80036,0.0,0.0
2023-12-21 14:30:00-05:00,49.31999969482422,49.459999084472656,49.220001220703125,49.459999084472656,90870,0.0,0.0
2023-12-21 15:30:00-05:00,49.45000076293945,49.60499954223633,49.38999938964844,49.5,233869,0.0,0.0
2023-12-22 09:30:00-05:00,49.81999969482422,50.189998626708984,49.6697998046875,50.125,118498,0.0,0.0
2023-12-22 10:30:00-05:00,50.13999938964844,50.21500015258789,50.060001373291016,50.06999969482422,125455,0.0,0.0
2023-12-22 11:30:00-05:00,50.06999969482422,50.22999954223633,49.970001220703125,50.119998931884766,116138,0.0,0.0
2023-12-22 12:30:00-05:00,50.119998931884766,50.220001220703125,50.06999969482422,50.18000030517578,64732,0.0,0.0
2023-12-22 13:30:00-05:00,50.17919921875,50.18000030517578,50.01499938964844,50.02000045776367,70666,0.0,0.0
2023-12-22 14:30:00-05:00,50.02000045776367,50.2599983215332,49.92499923706055,50.13999938964844,95785,0.0,0.0
2023-12-22 15:30:00-05:00,50.13999938964844,50.25,50.08000183105469,50.209999084472656,202085,0.0,0.0
2023-12-26 09:30:00-05:00,50.22999954223633,50.32709884643555,50.029998779296875,50.29999923706055,63747,0.0,0.0
2023-12-26 10:30:00-05:00,50.310001373291016,50.40999984741211,50.27000045776367,50.31999969482422,48215,0.0,0.0
2023-12-26 11:30:00-05:00,50.314998626708984,50.5099983215332,50.314998626708984,50.46500015258789,47942,0.0,0.0
2023-12-26 12:30:00-05:00,50.46500015258789,50.61000061035156,50.44499969482422,50.54999923706055,44261,0.0,0.0
2023-12-26 13:30:00-05:00,50.55500030517578,50.59400177001953,50.529998779296875,50.56999969482422,41788,0.0,0.0
2023-12-26 14:30:00-05:00,50.56999969482422,50.630001068115234,50.54499816894531,50.58000183105469,54512,0.0,0.0
2023-12-26 15:30:00-05:00,50.57500076293945,50.65999984741211,50.529998779296875,50.63999938964844,173911,0.0,0.0
2023-12-27 09:30:00-05:00,50.59000015258789,50.84000015258789,50.41999816894531,50.80500030517578,85172,0.0,0.0
2023-12-27 10:30:00-05:00,50.81990051269531,50.93000030517578,50.630001068115234,50.91999816894531,148922,0.0,0.0
2023-12-27 11:30:00-05:00,50.904998779296875,51.0,50.81999969482422,50.900001525878906,82978,0.0,0.0
2023-12-27 12:30:00-05:00,50.900001525878906,51.08000183105469,50.84000015258789,51.05550003051758,57973,0.0,0.0
2023-12-27 13:30:00-05:00,51.060001373291016,51.084999084472656,50.84000015258789,50.970001220703125,88962,0.0,0.0
2023-12-27 14:30:00-05:00,50.970001220703125,51.099998474121094,50.959999084472656,51.01250076293945,124169,0.0,0.0
2023-12-27 15:30:00-05:00,51.01499938964844,51.04999923706055,50.83000183105469,51.0099983215332,260115,0.0,0.0
2023-12-28 09:30:00-05:00,51.029998779296875,51.31999969482422,50.939998626708984,51.2599983215332,90987,0.0,0.0
2023-12-28 10:30:00-05:00,51.27000045776367,51.400001525878906,51.13999938964844,51.35749816894531,436724,0.0,0.0
2023-12-28 11:30:00-05:00,51.342498779296875,51.41999816894531,51.25,51.40999984741211,91979,0.0,0.0
2023-12-28 12:30:00-05:00,51.40999984741211,51.47999954223633,51.25,51.36000061035156,66899,0.0,0.0
2023-12-28 13:30:00-05:00,51.3650016784668,51.400001525878906,51.31999969482422,51.36000061035156,76739,0.0,0.0
2023-12-28 14:30:00-05:00,51.369998931884766,51.439998626708984,51.29999923706055,51.32500076293945,195902,0.0,0.0
2023-12-28 15:30:00-05:00,51.3224983215332,51.470001220703125,51.2400016784668,51.36000061035156,356874,0.0,0.0
2023-12-29 09:30:00-05:00,51.25,51.33700180053711,50.90999984741211,50.95500183105469,140285,0.0,0.0
2023-12-29 10:30:00-05:00,50.959999084472656,51.0099983215332,50.689998626708984,50.75,91852,0.0,0.0
2023-12-29 11:30:00-05:00,50.7599983215332,50.89500045776367,50.75,50.83000183105469,76824,0.0,0.0
2023-12-29 12:30:00-05:00,50.82500076293945,50.98500061035156,50.810001373291016,50.93000030517578,105458,0.0,0.0
2023-12-29 13:30:00-05:00,50.93000030517578,51.04999923706055,50.90999984741211,51.01499938964844,86508,0.0,0.0
2023-12-29 14:30:00-05:00,51.01499938964844,51.17499923706055,51.01499938964844,51.165000915527344,89798,0.0,0.0
2023-12-29 15:30:00-05:00,51.150001525878906,51.45500183105469,50.9900016784668,51.02000045776367,569261,0.0,0.0
2024-01-02 09:30:00-05:00,50.54999923706055,50.77000045776367,49.57500076293945,49.685001373291016,284157,0.0,0.0
2024-01-02 10:30:00-05:00,49.68000030517578,49.810001373291016,49.4900016784668,49.77000045776367,119514,0.0,0.0
2024-01-02 11:30:00-05:00,49.75,50.099998474121094,49.73500061035156,50.08000183105469,109404,0.0,0.0
2024-01-02 12:30:00-05:00,50.099998474121094,50.18000030517578,49.849998474121094,49.869998931884766,91176,0.0,0.0
2024-01-02 13:30:00-05:00,49.86000061035156,49.91999816894531,49.70000076293945,49.709999084472656,127331,0.0,0.0
2024-01-02 14:30:00-05:00,49.70000076293945,49.709999084472656,49.38010025024414,49.4900016784668,173804,0.0,0.0
2024-01-02 15:30:00-05:00,49.4900016784668,49.619998931884766,49.41999816894531,49.56999969482422,305707,0.0,0.0
2024-01-03 09:30:00-05:00,48.91999816894531,49.13999938964844,48.37300109863281,48.630001068115234,247812,0.0,0.0
2024-01-03 10:30:00-05:00,48.619998931884766,48.619998931884766,48.27000045776367,48.5099983215332,155823,0.0,0.0
2024-01-03 11:30:00-05:00,48.5099983215332,48.540000915527344,48.3849983215332,48.47999954223633,178163,0.0,0.0
2024-01-03 12:30:00-05:00,48.4900016784668,48.59000015258789,48.41999816894531,48.56999969482422,80955,0.0,0.0
2024-01-03 13:30:00-05:00,48.56999969482422,48.630001068115234,48.400001525878906,48.58000183105469,113926,0.0,0.0
2024-01-03 14:30:00-05:00,48.599998474121094,48.619998931884766,48.13999938964844,48.209999084472656,112192,0.0,0.0
2024-01-03 15:30:00-05:00,48.21500015258789,48.2599983215332,48.0099983215332,48.02000045776367,269031,0.0,0.0
2024-01-04 09:30:00-05:00,48.130001068115234,48.869998931884766,48.029998779296875,48.65999984741211,138762,0.0,0.0
2024-01-04 10:30:00-05:00,48.647300720214844,48.70000076293945,48.29999923706055,48.435001373291016,139795,0.0,0.0
2024-01-04 11:30:00-05:00,48.439998626708984,48.4900016784668,48.30500030517578,48.369998931884766,79301,0.0,0.0
2024-01-04 12:30:00-05:00,48.36000061035156,48.36000061035156,48.150001525878906,48.18000030517578,114518,0.0,0.0
2024-01-04 13:30:00-05:00,48.209999084472656,48.220001220703125,47.97999954223633,48.025001525878906,94102,0.0,0.0
2024-01-04 14:30:00-05:00,48.02000045776367,48.15999984741211,47.90999984741211,48.138999938964844,147802,0.0,0.0
2024-01-04 15:30:00-05:00,48.13999938964844,48.2400016784668,48.040000915527344,48.04999923706055,300644,0.0,0.0
2024-01-05 09:30:00-05:00,48.0,48.91999816894531,47.579498291015625,48.7599983215332,107486,0.0,0.0
2024-01-05 10:30:00-05:00,48.7599983215332,48.939998626708984,48.720001220703125,48.81999969482422,89623,0.0,0.0
2024-01-05 11:30:00-05:00,48.834999084472656,48.86000061035156,48.68000030517578,48.77000045776367,90026,0.0,0.0
2024-01-05 12:30:00-05:00,48.78900146484375,48.97999954223633,48.709999084472656,48.970001220703125,91138,0.0,0.0
2024-01-05 13:30:00-05:00,48.98500061035156,49.09000015258789,48.939998626708984,49.05500030517578,120010,0.0,0.0
2024-01-05 14:30:00-05:00,49.040000915527344,49.04499816894531,48.779998779296875,48.810001373291016,132955,0.0,0.0
2024-01-05 15:30:00-05:00,48.76499938964844,48.86000061035156,48.689998626708984,48.84000015258789,262593,0.0,0.0
2024-01-08 09:30:00-05:00,49.029998779296875,49.09000015258789,48.599998474121094,49.005001068115234,115913,0.0,0.0
2024-01-08 10:30:00-05:00,49.005001068115234,49.08700180053711,48.915000915527344,48.974998474121094,70383,0.0,0.0
2024-01-08 11:30:00-05:00,48.974998474121094,49.02000045776367,48.93000030517578,48.95000076293945,62985,0.0,0.0
2024-01-08 12:30:00-05:00,48.959999084472656,49.0099983215332,48.935001373291016,48.97999954223633,59930,0.0,0.0
2024-01-08 13:30:00-05:00,48.97999954223633,49.09000015258789,48.950599670410156,49.08000183105469,78640,0.0,0.0
2024-01-08 14:30:00-05:00,49.084999084472656,49.20000076293945,49.060001373291016,49.06999969482422,121097,0.0,0.0
2024-01-08 15:30:00-05:00,49.07500076293945,49.334999084472656,49.060001373291016,49.20000076293945,298973,0.0,0.0
2024-01-09 09:30:00-05:00,48.7599983215332,48.9900016784668,48.589500427246094,48.96500015258789,158311,0.0,0.0
2024-01-09 10:30:00-05:00,48.9900016784668,49.03499984741211,48.880001068115234,49.0099983215332,88928,0.0,0.0
2024-01-09 11:30:00-05:00,49.0099983215332,49.040000915527344,48.95000076293945,48.9900016784668,56858,0.0,0.0
2024-01-09 12:30:00-05:00,48.9900016784668,49.08000183105469,48.970001220703125,49.0099983215332,81672,0.0,0.0
2024-01-09 13:30:00-05:00,49.0099983215332,49.16019821166992,48.939998626708984,49.029998779296875,101696,0.0,0.0
2024-01-09 14:30:00-05:00,49.040199279785156,49.04999923706055,48.86000061035156,48.90999984741211,105329,0.0,0.0
2024-01-09 15:30:00-05:00,48.900001525878906,48.91999816894531,48.7400016784668,48.779998779296875,255887,0.0,0.0
2024-01-10 09:30:00-05:00,49.18000030517578,49.5,48.94499969482422,49.150001525878906,209852,0.0,0.0
2024-01-10 10:30:00-05:00,49.18000030517578,49.21500015258789,48.86000061035156,48.86000061035156,95236,0.0,0.0
2024-01-10 11:30:00-05:00,48.85499954223633,49.06999969482422,48.75,49.040000915527344,122494,0.0,0.0
2024-01-10 12:30:00-05:00,49.040000915527344,49.20000076293945,48.939998626708984,49.20000076293945,91323,0.0,0.0
2024-01-10 13:30:00-05:00,49.18000030517578,49.459999084472656,49.150001525878906,49.439998626708984,113805,0.0,0.0
2024-01-10 14:30:00-05:00,49.439998626708984,49.599998474121094,49.33000183105469,49.36000061035156,195685,0.0,0.0
2024-01-10 15:30:00-05:00,49.380001068115234,49.61000061035156,49.27000045776367,49.56999969482422,421766,0.0,0.0
2024-01-11 09:30:00-05:00,49.58000183105469,49.58000183105469,48.814998626708984,48.994998931884766,130224,0.0,0.0
2024-01-11 10:30:00-05:00,49.02000045776367,49.084999084472656,48.65999984741211,48.779998779296875,174710,0.0,0.0
2024-01-11 11:30:00-05:00,48.779998779296875,48.900001525878906,48.7400016784668,48.79999923706055,78452,0.0,0.0
2024-01-11 12:30:00-05:00,48.79999923706055,49.209999084472656,48.779998779296875,49.19940185546875,91965,0.0,0.0
2024-01-11 13:30:00-05:00,49.20000076293945,49.41999816894531,49.144798278808594,49.40999984741211,96957,0.0,0.0
2024-01-11 14:30:00-05:00,49.415000915527344,49.52000045776367,49.33000183105469,49.46500015258789,97959,0.0,0.0
2024-01-11 15:30:00-05:00,49.470001220703125,49.66999816894531,49.470001220703125,49.630001068115234,195593,0.0,0.0
2024-01-12 09:30:00-05:00,49.72999954223633,49.849998474121094,49.290000915527344,49.40250015258789,107544,0.0,0.0
2024-01-12 10:30:00-05:00,49.40999984741211,49.63999938964844,49.290000915527344,49.630001068115234,130004,0.0,0.0
2024-01-12 11:30:00-05:00,49.66999816894531,49.810001373291016,49.52000045776367,49.77000045776367,119568,0.0,0.0
2024-01-12 12:30:00-05:00,49.779998779296875,49.849998474121094,49.712501525878906,49.849998474121094,57850,0.0,0.0
2024-01-12 13:30:00-05:00,49.849998474121094,49.970001220703125,49.849998474121094,49.935001373291016,51406,0.0,0.0
2024-01-12 14:30:00-05:00,49.939998626708984,49.939998626708984,49.73099899291992,49.79999923706055,78228,0.0,0.0
2024-01-12 15:30:00-05:00,49.790199279785156,49.904998779296875,49.7400016784668,49.86000061035156,168952,0.0,0.0
2024-01-16 09:30:00-05:00,49.349998474121094,49.399898529052734,48.8650016784668,48.9900016784668,98807,0.0,0.0
2024-01-16 10:30:00-05:00,49.0099983215332,49.04999923706055,48.66999816894531,48.81999969482422,163914,0.0,0.0
2024-01-16 11:30:00-05:00,48.849998474121094,49.0,48.849998474121094,48.90999984741211,96600,0.0,0.0
2024-01-16 12:30:00-05:00,48.900001525878906,48.900001525878906,48.65999984741211,48.84000015258789,60648,0.0,0.0
2024-01-16 13:30:00-05:00,48.86000061035156,48.869998931884766,48.5,48.560001373291016,114053,0.0,0.0
2024-01-16 14:30:00-05:00,48.55500030517578,48.7400016784668,48.52000045776367,48.59400177001953,179185,0.0,0.0
2024-01-16 15:30:00-05:00,48.599998474121094,48.939998626708984,48.57500076293945,48.91999816894531,266207,0.0,0.0
2024-01-17 09:30:00-05:00,48.189998626708984,48.81999969482422,48.189998626708984,48.54999923706055,84363,0.0,0.0
2024-01-17 10:30:00-05:00,48.54999923706055,48.7599983215332,48.470001220703125,48.56999969482422,84638,0.0,0.0
2024-01-17 11:30:00-05:00,48.54999923706055,48.560001373291016,48.31999969482422,48.31999969482422,83604,0.0,0.0
2024-01-17 12:30:00-05:00,48.32500076293945,48.34000015258789,48.02000045776367,48.04999923706055,277853,0.0,0.0
2024-01-17 13:30:00-05:00,48.040000915527344,48.27000045776367,47.97999954223633,48.220001220703125,97786,0.0,0.0
2024-01-17 14:30:00-05:00,48.2400016784668,48.2599983215332,48.053001403808594,48.20000076293945,96077,0.0,0.0
2024-01-17 15:30:00-05:00,48.189998626708984,48.45000076293945,48.150001525878906,48.439998626708984,206152,0.0,0.0
2024-01-18 09:30:00-05:00,48.4900016784668,48.52000045776367,48.220001220703125,48.369998931884766,87135,0.0,0.0
2024-01-18 10:30:00-05:00,48.380001068115234,48.474998474121094,48.15739822387695,48.18000030517578,79776,0.0,0.0
2024-01-18 11:30:00-05:00,48.16999816894531,48.220001220703125,47.95000076293945,48.02000045776367,84515,0.0,0.0
2024-01-18 12:30:00-05:00,48.0099983215332,48.06999969482422,47.810001373291016,47.880001068115234,72672,0.0,0.0
2024-01-18 13:30:00-05:00,47.869998931884766,48.02000045776367,47.86000061035156,48.0,78673,0.0,0.0
2024-01-18 14:30:00-05:00,48.0099983215332,48.349998474121094,47.97999954223633,48.34000015258789,127968,0.0,0.0
2024-01-18 15:30:00-05:00,48.349998474121094,48.380001068115234,48.16999816894531,48.18000030517578,248357,0.0,0.0
2024-01-19 09:30:00-05:00,48.33000183105469,48.33000183105469,47.720001220703125,47.94499969482422,307313,0.0,0.0
2024-01-19 10:30:00-05:00,47.939998626708984,48.310001373291016,47.88999938964844,48.189998626708984,99157,0.0,0.0
2024-01-19 11:30:00-05:00,48.189998626708984,48.220001220703125,48.04999923706055,48.220001220703125,66072,0.0,0.0
2024-01-19 12:30:00-05:00,48.220001220703125,48.540000915527344,48.220001220703125,48.540000915527344,82137,0.0,0.0
2024-01-19 13:30:00-05:00,48.560001373291016,48.970001220703125,48.560001373291016,48.91999816894531,92582,0.0,0.0
2024-01-19 14:30:00-05:00,48.915000915527344,48.92499923706055,48.70000076293945,48.720001220703125,147544,0.0,0.0
2024-01-19 15:30:00-05:00,48.720001220703125,48.880001068115234,48.720001220703125,48.880001068115234,350066,0.0,0.0
2024-01-22 09:30:00-05:00,49.13999938964844,49.95000076293945,49.13999938964844,49.90999984741211,203441,0.0,0.0
2024-01-22 10:30:00-05:00,49.939998626708984,49.939998626708984,49.38999938964844,49.654998779296875,108922,0.0,0.0
2024-01-22 11:30:00-05:00,49.650001525878906,49.65999984741211,49.470001220703125,49.52000045776367,70317,0.0,0.0
2024-01-22 12:30:00-05:00,49.52000045776367,49.58000183105469,49.290000915527344,49.290000915527344,89663,0.0,0.0
2024-01-22 13:30:00-05:00,49.279998779296875,49.404998779296875,49.2400016784668,49.400001525878906,82955,0.0,0.0
2024-01-22 14:30:00-05:00,49.38999938964844,49.52000045776367,49.36000061035156,49.4900016784668,144953,0.0,0.0
2024-01-22 15:30:00-05:00,49.4900016784668,49.849998474121094,49.470001220703125,49.84000015258789,349937,0.0,0.0
2024-01-23 09:30:00-05:00,49.66999816894531,49.869998931884766,48.998199462890625,49.02000045776367,158214,0.0,0.0
2024-01-23 10:30:00-05:00,49.02000045776367,49.125,48.880001068115234,49.04499816894531,145680,0.0,0.0
2024-01-23 11:30:00-05:00,49.060001373291016,49.16999816894531,49.029998779296875,49.11000061035156,124022,0.0,0.0
2024-01-23 12:30:00-05:00,49.119998931884766,49.13999938964844,48.93000030517578,48.959999084472656,70177,0.0,0.0
2024-01-23 13:30:00-05:00,48.970001220703125,49.029998779296875,48.88999938964844,48.95000076293945,77749,0.0,0.0
2024-01-23 14:30:00-05:00,48.95000076293945,49.27000045776367,48.95000076293945,49.15999984741211,160305,0.0,0.0
2024-01-23 15:30:00-05:00,49.159000396728516,49.209999084472656,49.04999923706055,49.04999923706055,226078,0.0,0.0
2024-01-24 09:30:00-05:00,49.56999969482422,49.619998931884766,49.20000076293945,49.43000030517578,102015,0.0,0.0
2024-01-24 10:30:00-05:00,49.45000076293945,49.63999938964844,49.380001068115234,49.63999938964844,80577,0.0,0.0
2024-01-24 11:30:00-05:00,49.63999938964844,49.72999954223633,49.6150016784668,49.69499969482422,114744,0.0,0.0
2024-01-24 12:30:00-05:00,49.69499969482422,49.755001068115234,49.67499923706055,49.717899322509766,135673,0.0,0.0
2024-01-24 13:30:00-05:00,49.70000076293945,49.709999084472656,49.29999923706055,49.29999923706055,136174,0.0,0.0
2024-01-24 14:30:00-05:00,49.29999923706055,49.5,49.290000915527344,49.459999084472656,149685,0.0,0.0
2024-01-24 15:30:00-05:00,49.46500015258789,49.66999816894531,49.41999816894531,49.529998779296875,395197,0.0,0.0
2024-01-25 09:30:00-05:00,49.90999984741211,49.915000915527344,49.380001068115234,49.53499984741211,88801,0.0,0.0
2024-01-25 10:30:00-05:00,49.53499984741211,49.55500030517578,49.21900177001953,49.26499938964844,130299,0.0,0.0
2024-01-25 11:30:00-05:00,49.26499938964844,49.26499938964844,49.02000045776367,49.154998779296875,119871,0.0,0.0
2024-01-25 12:30:00-05:00,49.15999984741211,49.18000030517578,48.939998626708984,49.119998931884766,73820,0.0,0.0
2024-01-25 13:30:00-05:00,49.119998931884766,49.369998931884766,49.119998931884766,49.36000061035156,82602,0.0,0.0
2024-01-25 14:30:00-05:00,49.35499954223633,49.58000183105469,49.32500076293945,49.564998626708984,200962,0.0,0.0
2024-01-25 15:30:00-05:00,49.56999969482422,49.790000915527344,49.54999923706055,49.779998779296875,221919,0.0,0.0
2024-01-26 09:30:00-05:00,50.0,50.150001525878906,49.790000915527344,50.0,71585,0.0,0.0
2024-01-26 10:30:00-05:00,49.9900016784668,50.21500015258789,49.91999816894531,50.16999816894531,100887,0.0,0.0
2024-01-26 11:30:00-05:00,50.189998626708984,50.20000076293945,50.10499954223633,50.10499954223633,44049,0.0,0.0
2024-01-26 12:30:00-05:00,50.10499954223633,50.10499954223633,49.904998779296875,49.970001220703125,52860,0.0,0.0
2024-01-26 13:30:00-05:00,49.974998474121094,49.994998931884766,49.880001068115234,49.97999954223633,93426,0.0,0.0
2024-01-26 14:30:00-05:00,50.0,50.029998779296875,49.83000183105469,49.849998474121094,110273,0.0,0.0
2024-01-26 15:30:00-05:00,49.85499954223633,50.0,49.81999969482422,50.0,207434,0.0,0.0
2024-01-29 09:30:00-05:00,49.83000183105469,50.10499954223633,49.65999984741211,50.09000015258789,54929,0.0,0.0
2024-01-29 10:30:00-05:00,50.09000015258789,50.380001068115234,49.9900016784668,50.290000915527344,127988,0.0,0.0
2024-01-29 11:30:00-05:00,50.290000915527344,50.349998474121094,50.189998626708984,50.29999923706055,51878,0.0,0.0
2024-01-29 12:30:00-05:00,50.310001373291016,50.38999938964844,50.27000045776367,50.380001068115234,52802,0.0,0.0
2024-01-29 13:30:00-05:00,50.38999938964844,50.48500061035156,50.33000183105469,50.47999954223633,59004,0.0,0.0
2024-01-29 14:30:00-05:00,50.4900016784668,50.720001220703125,50.45000076293945,50.62009811401367,112757,0.0,0.0
2024-01-29 15:30:00-05:00,50.621700286865234,50.70000076293945,50.54999923706055,50.599998474121094,248999,0.0,0.0
2024-01-30 09:30:00-05:00,50.40999984741211,50.619998931884766,50.34000015258789,50.459999084472656,122732,0.0,0.0
2024-01-30 10:30:00-05:00,50.45000076293945,50.75,50.43000030517578,50.7400016784668,112420,0.0,0.0
2024-01-30 11:30:00-05:00,50.7400016784668,50.869998931884766,50.70000076293945,50.810001373291016,53321,0.0,0.0
2024-01-30 12:30:00-05:00,50.810001373291016,50.83000183105469,50.72999954223633,50.790000915527344,44146,0.0,0.0
2024-01-30 13:30:00-05:00,50.79999923706055,50.959999084472656,50.79999923706055,50.938899993896484,52509,0.0,0.0
2024-01-30 14:30:00-05:00,50.93000030517578,50.939998626708984,50.81460189819336,50.852699279785156,80293,0.0,0.0
2024-01-30 15:30:00-05:00,50.85499954223633,51.0,50.834999084472656,50.95000076293945,167233,0.0,0.0
2024-01-31 09:30:00-05:00,50.95000076293945,50.95000076293945,50.4900016784668,50.619998931884766,118966,0.0,0.0
2024-01-31 10:30:00-05:00,50.630001068115234,50.68000030517578,50.349998474121094,50.529998779296875,105910,0.0,0.0
2024-01-31 11:30:00-05:00,50.529998779296875,50.560001373291016,50.20000076293945,50.560001373291016,88565,0.0,0.0
2024-01-31 12:30:00-05:00,50.540000915527344,50.61000061035156,50.38999938964844,50.540000915527344,67929,0.0,0.0
2024-01-31 13:30:00-05:00,50.54349899291992,50.689998626708984,50.390098571777344,50.5010986328125,86975,0.0,0.0
2024-01-31 14:30:00-05:00,50.52000045776367,50.91999816894531,50.15999984741211,50.2422981262207,139658,0.0,0.0
2024-01-31 15:30:00-05:00,50.25,50.26499938964844,49.970001220703125,50.0099983215332,263369,0.0,0.0
2024-02-01 09:30:00-05:00,49.97999954223633,50.16999816894531,49.57170104980469,49.709999084472656,78076,0.0,0.0
2024-02-01 10:30:00-05:00,49.709999084472656,49.7400016784668,49.057498931884766,49.380001068115234,97494,0.0,0.0
2024-02-01 11:30:00-05:00,49.40999984741211,49.93000030517578,49.38010025024414,49.900001525878906,86566,0.0,0.0
2024-02-01 12:30:00-05:00,49.91999816894531,50.275001525878906,49.900001525878906,50.130001068115234,84939,0.0,0.0
2024-02-01 13:30:00-05:00,50.130001068115234,50.400001525878906,50.130001068115234,50.36000061035156,124710,0.0,0.0
2024-02-01 14:30:00-05:00,50.369998931884766,50.599998474121094,50.29999923706055,50.47999954223633,96041,0.0,0.0
2024-02-01 15:30:00-05:00,50.47999954223633,50.68000030517578,50.43000030517578,50.650001525878906,227194,0.0,0.0
2024-02-02 09:30:00-05:00,50.459999084472656,50.76839828491211,50.130001068115234,50.70000076293945,164986,0.0,0.0
2024-02-02 10:30:00-05:00,50.709999084472656,50.83000183105469,50.474998474121094,50.66999816894531,134334,0.0,0.0
2024-02-02 11:30:00-05:00,50.70000076293945,50.90999984741211,50.68000030517578,50.880001068115234,90526,0.0,0.0
2024-02-02 12:30:00-05:00,50.91999816894531,51.0099983215332,50.68000030517578,50.91999816894531,96318,0.0,0.0
2024-02-02 13:30:00-05:00,50.93000030517578,51.09000015258789,50.810001373291016,50.9900016784668,99312,0.0,0.0
2024-02-02 14:30:00-05:00,51.0,51.08000183105469,50.779998779296875,50.900001525878906,199306,0.0,0.0
2024-02-02 15:30:00-05:00,50.91999816894531,50.939998626708984,50.685001373291016,50.689998626708984,162602,0.0,0.0
2024-02-05 09:30:00-05:00,50.290000915527344,50.35499954223633,49.33000183105469,49.41999816894531,111831,0.0,0.0
2024-02-05 10:30:00-05:00,49.40999984741211,49.70000076293945,49.334999084472656,49.59000015258789,95450,0.0,0.0
2024-02-05 11:30:00-05:00,49.599998474121094,49.83000183105469,49.529998779296875,49.83000183105469,62492,0.0,0.0
2024-02-05 12:30:00-05:00,49.81999969482422,49.880001068115234,49.709999084472656,49.72999954223633,62399,0.0,0.0
2024-02-05 13:30:00-05:00,49.709999084472656,49.900001525878906,49.689998626708984,49.880001068115234,64911,0.0,0.0
2024-02-05 14:30:00-05:00,49.900001525878906,49.94499969482422,49.68000030517578,49.84000015258789,98068,0.0,0.0
2024-02-05 15:30:00-05:00,49.849998474121094,49.849998474121094,49.56999969482422,49.70000076293945,246349,0.0,0.0
2024-02-06 09:30:00-05:00,49.64500045776367,50.20000076293945,49.59000015258789,49.689998626708984,71855,0.0,0.0
2024-02-06 10:30:00-05:00,49.709999084472656,49.970001220703125,49.69499969482422,49.939998626708984,128736,0.0,0.0
2024-02-06 11:30:00-05:00,49.939998626708984,49.939998626708984,49.70000076293945,49.7400016784668,121053,0.0,0.0
2024-02-06 12:30:00-05:00,49.7400016784668,49.84000015258789,49.70000076293945,49.790000915527344,82234,0.0,0.0
2024-02-06 13:30:00-05:00,49.790000915527344,49.84830093383789,49.650001525878906,49.650001525878906,98325,0.0,0.0
2024-02-06 14:30:00-05:00,49.63999938964844,49.81999969482422,49.599998474121094,49.790000915527344,92020,0.0,0.0
2024-02-06 15:30:00-05:00,49.79499816894531,50.095001220703125,49.725101470947266,50.09000015258789,161016,0.0,0.0
2024-02-07 09:30:00-05:00,50.20000076293945,50.255001068115234,49.810001373291016,50.150001525878906,57403,0.0,0.0
2024-02-07 10:30:00-05:00,50.15999984741211,50.18000030517578,49.91999816894531,50.099998474121094,95540,0.0,0.0
2024-02-07 11:30:00-05:00,50.119998931884766,50.29999923706055,50.119998931884766,50.15999984741211,77054,0.0,0.0
2024-02-07 12:30:00-05:00,50.150001525878906,50.43000030517578,50.11000061035156,50.43000030517578,418583,0.0,0.0
2024-02-07 13:30:00-05:00,50.439998626708984,50.65999984741211,50.36000061035156,50.5,94758,0.0,0.0
2024-02-07 14:30:00-05:00,50.5,50.58000183105469,50.45000076293945,50.57500076293945,119331,0.0,0.0
2024-02-07 15:30:00-05:00,50.57500076293945,50.57500076293945,50.31999969482422,50.31999969482422,278028,0.0,0.0
2024-02-08 09:30:00-05:00,50.33000183105469,50.439998626708984,49.880001068115234,50.310001373291016,90022,0.0,0.0
2024-02-08 10:30:00-05:00,50.33000183105469,50.45000076293945,50.189998626708984,50.22600173950195,109166,0.0,0.0
2024-02-08 11:30:00-05:00,50.220001220703125,50.40999984741211,50.209999084472656,50.33000183105469,73672,0.0,0.0
2024-02-08 12:30:00-05:00,50.29999923706055,50.630001068115234,50.290000915527344,50.619998931884766,106841,0.0,0.0
2024-02-08 13:30:00-05:00,50.619998931884766,50.880001068115234,50.599998474121094,50.82500076293945,153614,0.0,0.0
2024-02-08 14:30:00-05:00,50.834999084472656,50.97999954223633,50.78580093383789,50.970001220703125,127943,0.0,0.0
2024-02-08 15:30:00-05:00,50.96500015258789,51.04999923706055,50.86000061035156,50.86000061035156,290512,0.0,0.0
2024-02-09 09:30:00-05:00,50.849998474121094,50.869998931884766,50.47999954223633,50.61349868774414,148948,0.0,0.0
2024-02-09 10:30:00-05:00,50.619998931884766,50.79999923706055,50.41999816894531,50.619998931884766,135889,0.0,0.0
2024-02-09 11:30:00-05:00,50.630001068115234,50.83000183105469,50.560001373291016,50.814998626708984,85773,0.0,0.0
2024-02-09 12:30:00-05:00,50.81999969482422,50.970001220703125,50.790000915527344,50.95000076293945,55219,0.0,0.0
2024-02-09 13:30:00-05:00,50.959999084472656,51.09000015258789,50.880001068115234,51.09000015258789,65205,0.0,0.0
2024-02-09 14:30:00-05:00,51.06999969482422,51.20000076293945,50.959999084472656,51.11000061035156,109167,0.0,0.0
2024-02-09 15:30:00-05:00,51.119998931884766,51.2400016784668,51.029998779296875,51.2400016784668,161909,0.0,0.0
2024-02-12 09:30:00-05:00,51.38999938964844,52.16999816894531,51.25,52.16999816894531,332192,0.0,0.0
2024-02-12 10:30:00-05:00,52.165000915527344,52.27000045776367,51.75,51.810001373291016,172454,0.0,0.0
2024-02-12 11:30:00-05:00,51.814998626708984,52.18000030517578,51.81019973754883,52.150001525878906,251785,0.0,0.0
2024-02-12 12:30:00-05:00,52.13999938964844,52.15999984741211,51.84000015258789,51.900001525878906,168706,0.0,0.0
2024-02-12 13:30:00-05:00,51.880001068115234,52.060001373291016,51.7599983215332,51.79999923706055,106513,0.0,0.0
2024-02-12 14:30:00-05:00,51.810001373291016,51.95000076293945,51.790000915527344,51.93000030517578,108136,0.0,0.0
2024-02-12 15:30:00-05:00,51.93000030517578,52.09000015258789,51.91999816894531,51.970001220703125,294998,0.0,0.0
2024-02-13 09:30:00-05:00,51.30500030517578,51.30500030517578,50.7599983215332,51.084999084472656,187563,0.0,0.0
2024-02-13 10:30:00-05:00,51.06999969482422,51.349998474121094,50.89500045776367,51.33000183105469,188691,0.0,0.0
2024-02-13 11:30:00-05:00,51.36000061035156,51.47999954223633,51.06999969482422,51.099998474121094,76012,0.0,0.0
2024-02-13 12:30:00-05:00,51.099998474121094,51.19499969482422,50.86000061035156,50.88999938964844,73724,0.0,0.0
2024-02-13 13:30:00-05:00,50.880001068115234,51.0,50.61000061035156,50.650001525878906,115315,0.0,0.0
2024-02-13 14:30:00-05:00,50.63999938964844,50.775001525878906,50.3297004699707,50.470001220703125,221988,0.0,0.0
2024-02-13 15:30:00-05:00,50.470001220703125,51.08000183105469,50.442100524902344,51.064998626708984,338800,0.0,0.0
2024-02-14 09:30:00-05:00,51.52000045776367,51.81999969482422,51.45000076293945,51.650001525878906,67109,0.0,0.0
2024-02-14 10:30:00-05:00,51.650001525878906,51.665000915527344,51.33300018310547,51.5,91122,0.0,0.0
2024-02-14 11:30:00-05:00,51.5,51.54999923706055,51.189998626708984,51.380001068115234,74893,0.0,0.0
2024-02-14 12:30:00-05:00,51.38999938964844,51.459999084472656,51.33000183105469,51.43000030517578,65024,0.0,0.0
2024-02-14 13:30:00-05:00,51.43000030517578,51.64500045776367,51.41999816894531,51.619998931884766,77133,0.0,0.0
2024-02-14 14:30:00-05:00,51.630001068115234,51.849998474121094,51.56999969482422,51.84000015258789,110528,0.0,0.0
2024-02-14 15:30:00-05:00,51.849998474121094,52.08000183105469,51.7400016784668,52.0099983215332,365609,0.0,0.0
2024-02-15 09:30:00-05:00,52.220001220703125,52.93000030517578,52.20000076293945,52.7599983215332,96663,0.0,0.0
2024-02-15 10:30:00-05:00,52.75,52.81999969482422,52.40999984741211,52.5099983215332,93602,0.0,0.0
2024-02-15 11:30:00-05:00,52.5099983215332,52.7400016784668,52.494998931884766,52.689998626708984,77600,0.0,0.0
2024-02-15 12:30:00-05:00,52.70000076293945,52.83000183105469,52.68000030517578,52.7400016784668,111360,0.0,0.0
2024-02-15 13:30:00-05:00,52.7400016784668,52.834999084472656,52.65999984741211,52.82500076293945,185435,0.0,0.0
2024-02-15 14:30:00-05:00,52.83000183105469,52.83000183105469,52.64500045776367,52.68000030517578,118002,0.0,0.0
2024-02-15 15:30:00-05:00,52.65999984741211,52.70000076293945,52.48500061035156,52.599998474121094,313707,0.0,0.0
2024-02-16 09:30:00-05:00,52.130001068115234,52.619998931884766,52.130001068115234,52.470001220703125,127778,0.0,0.0
2024-02-16 10:30:00-05:00,52.470001220703125,52.630001068115234,52.400001525878906,52.625,98806,0.0,0.0
2024-02-16 11:30:00-05:00,52.63999938964844,52.685001373291016,52.529998779296875,52.58000183105469,68918,0.0,0.0
2024-02-16 12:30:00-05:00,52.58000183105469,52.6150016784668,52.40999984741211,52.54199981689453,60439,0.0,0.0
2024-02-16 13:30:00-05:00,52.54499816894531,52.619998931884766,52.51499938964844,52.53499984741211,79859,0.0,0.0
2024-02-16 14:30:00-05:00,52.540000915527344,52.540000915527344,52.16999816894531,52.459999084472656,110386,0.0,0.0
2024-02-16 15:30:00-05:00,52.470001220703125,52.47999954223633,52.22999954223633,52.380001068115234,268441,0.0,0.0
2024-02-20 09:30:00-05:00,52.0099983215332,52.52000045776367,51.849998474121094,52.279998779296875,172099,0.0,0.0
2024-02-20 10:30:00-05:00,52.285099029541016,52.41999816894531,52.21500015258789,52.34000015258789,107903,0.0,0.0
2024-02-20 11:30:00-05:00,52.34000015258789,52.349998474121094,52.13999938964844,52.18000030517578,102857,0.0,0.0
2024-02-20 12:30:00-05:00,52.189998626708984,52.25,52.029998779296875,52.089900970458984,68967,0.0,0.0
2024-02-20 13:30:00-05:00,52.08000183105469,52.25899887084961,52.0,52.220001220703125,88621,0.0,0.0
2024-02-20 14:30:00-05:00,52.209999084472656,52.290000915527344,52.130001068115234,52.26499938964844,120382,0.0,0.0
2024-02-20 15:30:00-05:00,52.26750183105469,52.290000915527344,52.06999969482422,52.15999984741211,364481,0.0,0.0
2024-02-21 09:30:00-05:00,52.06999969482422,52.529998779296875,51.970001220703125,52.48500061035156,126345,0.0,0.0
2024-02-21 10:30:00-05:00,52.48500061035156,52.63999938964844,52.310001373291016,52.5099983215332,144050,0.0,0.0
2024-02-21 11:30:00-05:00,52.5099983215332,52.59000015258789,52.38999938964844,52.5099983215332,80761,0.0,0.0
2024-02-21 12:30:00-05:00,52.51499938964844,52.720001220703125,52.459999084472656,52.4900016784668,180514,0.0,0.0
2024-02-21 13:30:00-05:00,52.494998931884766,52.65999984741211,52.47999954223633,52.56999969482422,192296,0.0,0.0
2024-02-21 14:30:00-05:00,52.560001373291016,52.650001525878906,52.43000030517578,52.540000915527344,181572,0.0,0.0
2024-02-21 15:30:00-05:00,52.540000915527344,52.939998626708984,52.52000045776367,52.810001373291016,325536,0.0,0.0
2024-02-22 09:30:00-05:00,51.880001068115234,52.10499954223633,50.220001220703125,50.619998931884766,395856,0.0,0.0
2024-02-22 10:30:00-05:00,50.595001220703125,50.595001220703125,49.79999923706055,49.959999084472656,325086,0.0,0.0
2024-02-22 11:30:00-05:00,49.96500015258789,50.41999816894531,49.93000030517578,50.380001068115234,248084,0.0,0.0
2024-02-22 12:30:00-05:00,50.369998931884766,50.5099983215332,50.21009826660156,50.369998931884766,244222,0.0,0.0
2024-02-22 13:30:00-05:00,50.369998931884766,50.630001068115234,50.06999969482422,50.459999084472656,309217,0.0,0.0
2024-02-22 14:30:00-05:00,50.470001220703125,50.4900016784668,50.209999084472656,50.2599983215332,246396,0.0,0.0
2024-02-22 15:30:00-05:00,50.2599983215332,50.290000915527344,49.93000030517578,49.93000030517578,517161,0.0,0.0
2024-02-23 09:30:00-05:00,49.9900016784668,50.34000015258789,49.720001220703125,50.27000045776367,160672,0.0,0.0
2024-02-23 10:30:00-05:00,50.290000915527344,50.525299072265625,49.994998931884766,50.099998474121094,153711,0.0,0.0
2024-02-23 11:30:00-05:00,50.11000061035156,50.400001525878906,50.005001068115234,50.22999954223633,122274,0.0,0.0
2024-02-23 12:30:00-05:00,50.244998931884766,50.34000015258789,50.20159912109375,50.279998779296875,93402,0.0,0.0
2024-02-23 13:30:00-05:00,50.27000045776367,50.30500030517578,49.93000030517578,49.95000076293945,95249,0.0,0.0
2024-02-23 14:30:00-05:00,49.959999084472656,50.189998626708984,49.900001525878906,50.119998931884766,166206,0.0,0.0
2024-02-23 15:30:00-05:00,50.119998931884766,50.209999084472656,50.03499984741211,50.060001373291016,301523,0.0,0.0
2024-02-26 09:30:00-05:00,49.689998626708984,49.97999954223633,49.32899856567383,49.38999938964844,125518,0.0,0.0
2024-02-26 10:30:00-05:00,49.380001068115234,49.4900016784668,49.31999969482422,49.45000076293945,81412,0.0,0.0
2024-02-26 11:30:00-05:00,49.46200180053711,49.560001373291016,49.38999938964844,49.470001220703125,103078,0.0,0.0
2024-02-26 12:30:00-05:00,49.474998474121094,49.47999954223633,49.18000030517578,49.18000030517578,141514,0.0,0.0
2024-02-26 13:30:00-05:00,49.18000030517578,49.28499984741211,49.119998931884766,49.28499984741211,82923,0.0,0.0
2024-02-26 14:30:00-05:00,49.28499984741211,49.71500015258789,49.244998931884766,49.67499923706055,144112,0.0,0.0
2024-02-26 15:30:00-05:00,49.66999816894531,49.66999816894531,49.43000030517578,49.47999954223633,273394,0.0,0.0
2024-02-27 09:30:00-05:00,49.439998626708984,49.880001068115234,49.38999938964844,49.84000015258789,126165,0.0,0.0
2024-02-27 10:30:00-05:00,49.84000015258789,49.97999954223633,49.790000915527344,49.88999938964844,82413,0.0,0.0
2024-02-27 11:30:00-05:00,49.90999984741211,49.95000076293945,49.7400016784668,49.79999923706055,67065,0.0,0.0
2024-02-27 12:30:00-05:00,49.80500030517578,49.86000061035156,49.689998626708984,49.689998626708984,68912,0.0,0.0
2024-02-27 13:30:00-05:00,49.689998626708984,49.72999954223633,49.595001220703125,49.63999938964844,72001,0.0,0.0
2024-02-27 14:30:00-05:00,49.63999938964844,49.7400016784668,49.56999969482422,49.73500061035156,97078,0.0,0.0
2024-02-27 15:30:00-05:00,49.73500061035156,50.11000061035156,49.72999954223633,50.09000015258789,306268,0.0,0.0
2024-02-28 09:30:00-05:00,50.040000915527344,50.040000915527344,49.57849884033203,49.790000915527344,97844,0.0,0.0
2024-02-28 10:30:00-05:00,49.779998779296875,49.97999954223633,49.7599983215332,49.85499954223633,84809,0.0,0.0
2024-02-28 11:30:00-05:00,49.85499954223633,49.935001373291016,49.779998779296875,49.834999084472656,81022,0.0,0.0
2024-02-28 12:30:00-05:00,49.83000183105469,49.8849983215332,49.77000045776367,49.8849983215332,84332,0.0,0.0
2024-02-28 13:30:00-05:00,49.88999938964844,49.90999984741211,49.7400016784668,49.790000915527344,73515,0.0,0.0
2024-02-28 14:30:00-05:00,49.790000915527344,49.79999923706055,49.625,49.689998626708984,82678,0.0,0.0
2024-02-28 15:30:00-05:00,49.69499969482422,49.7599983215332,49.56999969482422,49.70000076293945,185219,0.0,0.0
2024-02-29 09:30:00-05:00,50.13999938964844,50.40999984741211,50.040000915527344,50.209999084472656,106571,0.0,0.0
2024-02-29 10:30:00-05:00,50.25,50.25,49.970001220703125,49.97999954223633,64842,0.0,0.0
2024-02-29 11:30:00-05:00,49.95600128173828,50.02000045776367,49.84000015258789,49.849998474121094,53300,0.0,0.0
2024-02-29 12:30:00-05:00,49.869998931884766,50.09000015258789,49.84000015258789,50.09000015258789,52070,0.0,0.0
2024-02-29 13:30:00-05:00,50.099998474121094,50.314998626708984,50.08000183105469,50.185001373291016,58485,0.0,0.0
2024-02-29 14:30:00-05:00,50.189998626708984,50.47999954223633,50.18000030517578,50.47999954223633,125833,0.0,0.0
2024-02-29 15:30:00-05:00,50.474998474121094,50.689998626708984,50.45000076293945,50.560001373291016,252268,0.0,0.0
2024-03-01 09:30:00-05:00,50.5,50.97999954223633,50.41999816894531,50.97999954223633,62195,0.0,0.0
2024-03-01 10:30:00-05:00,50.9900016784668,50.9900016784668,50.7400016784668,50.810001373291016,67696,0.0,0.0
2024-03-01 11:30:00-05:00,50.810001373291016,50.810001373291016,50.630001068115234,50.68000030517578,81256,0.0,0.0
2024-03-01 12:30:00-05:00,50.70000076293945,50.709999084472656,50.369998931884766,50.459999084472656,83048,0.0,0.0
2024-03-01 13:30:00-05:00,50.439998626708984,50.64500045776367,50.32500076293945,50.529998779296875,89728,0.0,0.0
2024-03-01 14:30:00-05:00,50.53499984741211,50.540000915527344,50.400001525878906,50.470001220703125,85230,0.0,0.0
2024-03-01 15:30:00-05:00,50.46500015258789,50.56999969482422,50.400001525878906,50.5,185699,0.0,0.0
2024-03-04 09:30:00-05:00,50.650001525878906,51.98500061035156,50.41999816894531,51.96500015258789,322604,0.0,0.0
2024-03-04 10:30:00-05:00,51.959999084472656,52.01499938964844,51.69499969482422,51.84000015258789,233262,0.0,0.0
2024-03-04 11:30:00-05:00,51.83000183105469,52.04999923706055,51.76499938964844,51.88999938964844,159728,0.0,0.0
2024-03-04 12:30:00-05:00,51.880001068115234,51.912498474121094,51.5099983215332,51.56999969482422,172792,0.0,0.0
2024-03-04 13:30:00-05:00,51.56999969482422,51.584999084472656,51.06999969482422,51.20000076293945,187884,0.0,0.0
2024-03-04 14:30:00-05:00,51.20000076293945,51.290000915527344,51.040000915527344,51.08000183105469,183521,0.0,0.0
2024-03-04 15:30:00-05:00,51.08000183105469,51.20000076293945,51.04999923706055,51.08000183105469,337783,0.0,0.0
2024-03-05 09:30:00-05:00,50.880001068115234,51.54999923706055,50.880001068115234,51.150001525878906,102490,0.0,0.0
2024-03-05 10:30:00-05:00,51.17499923706055,51.34000015258789,51.02000045776367,51.18000030517578,138669,0.0,0.0
2024-03-05 11:30:00-05:00,51.220001220703125,51.529998779296875,51.119998931884766,51.47600173950195,108964,0.0,0.0
2024-03-05 12:30:00-05:00,51.45000076293945,51.79999923706055,51.45000076293945,51.779998779296875,138933,0.0,0.0
2024-03-05 13:30:00-05:00,51.7599983215332,51.880001068115234,51.59000015258789,51.61000061035156,91116,0.0,0.0
2024-03-05 14:30:00-05:00,51.61000061035156,51.61000061035156,51.29399871826172,51.38999938964844,121784,0.0,0.0
2024-03-05 15:30:00-05:00,51.38999938964844,51.52000045776367,51.36000061035156,51.400001525878906,261969,0.0,0.0
2024-03-06 09:30:00-05:00,51.709999084472656,51.7599983215332,51.06999969482422,51.650001525878906,194163,0.0,0.0
2024-03-06 10:30:00-05:00,51.61000061035156,51.79999923706055,51.43000030517578,51.779998779296875,158596,0.0,0.0
2024-03-06 11:30:00-05:00,51.79499816894531,51.900001525878906,51.630001068115234,51.849998474121094,83444,0.0,0.0
2024-03-06 12:30:00-05:00,51.81999969482422,51.97999954223633,51.81999969482422,51.97999954223633,65019,0.0,0.0
2024-03-06 13:30:00-05:00,51.974998474121094,52.060001373291016,51.67499923706055,52.060001373291016,110692,0.0,0.0
2024-03-06 14:30:00-05:00,52.08000183105469,52.08000183105469,51.77000045776367,51.959999084472656,116885,0.0,0.0
2024-03-06 15:30:00-05:00,51.95000076293945,52.11000061035156,51.861000061035156,52.02000045776367,271629,0.0,0.0
2024-03-07 09:30:00-05:00,52.34000015258789,52.7599983215332,52.189998626708984,52.369998931884766,92825,0.0,0.0
2024-03-07 10:30:00-05:00,52.38999938964844,52.439998626708984,52.09000015258789,52.20500183105469,76212,0.0,0.0
2024-03-07 11:30:00-05:00,52.20000076293945,52.380001068115234,52.06999969482422,52.08100128173828,108339,0.0,0.0
2024-03-07 12:30:00-05:00,52.08000183105469,52.20000076293945,51.90999984741211,52.11000061035156,341293,0.0,0.0
2024-03-07 13:30:00-05:00,52.099998474121094,52.119998931884766,51.790000915527344,51.91999816894531,173395,0.0,0.0
2024-03-07 14:30:00-05:00,51.90999984741211,52.11000061035156,51.27000045776367,51.290000915527344,480274,0.0,0.0
2024-03-07 15:30:00-05:00,51.290000915527344,51.5099983215332,51.18000030517578,51.43000030517578,461960,0.0,0.0
2024-03-08 09:30:00-05:00,50.93000030517578,51.095001220703125,50.22999954223633,50.9900016784668,286272,0.0,0.0
2024-03-08 10:30:00-05:00,50.974998474121094,51.310001373291016,50.93000030517578,51.060001373291016,145411,0.0,0.0
2024-03-08 11:30:00-05:00,51.029998779296875,51.130001068115234,50.775001525878906,50.959999084472656,140578,0.0,0.0
2024-03-08 12:30:00-05:00,50.959999084472656,51.00339889526367,50.70500183105469,50.793800354003906,137669,0.0,0.0
2024-03-08 13:30:00-05:00,50.79499816894531,50.810001373291016,50.34000015258789,50.54999923706055,219359,0.0,0.0
2024-03-08 14:30:00-05:00,50.52000045776367,50.66999816894531,50.41999816894531,50.43000030517578,264630,0.0,0.0
2024-03-08 15:30:00-05:00,50.40999984741211,50.529998779296875,50.349998474121094,50.380001068115234,330133,0.0,0.0
2024-03-11 09:30:00-04:00,50.290000915527344,50.66999816894531,50.13650131225586,50.20000076293945,136232,0.0,0.0
2024-03-11 10:30:00-04:00,50.209999084472656,50.68000030517578,50.15999984741211,50.59000015258789,111349,0.0,0.0
2024-03-11 11:30:00-04:00,50.58000183105469,50.70000076293945,50.52000045776367,50.630001068115234,222923,0.0,0.0
2024-03-11 12:30:00-04:00,50.619998931884766,50.8650016784668,50.59000015258789,50.84000015258789,100403,0.0,0.0
2024-03-11 13:30:00-04:00,50.84000015258789,51.060001373291016,50.81999969482422,50.89500045776367,128599,0.0,0.0
2024-03-11 14:30:00-04:00,50.88999938964844,51.02000045776367,50.869998931884766,50.91999816894531,181091,0.0,0.0
2024-03-11 15:30:00-04:00,50.92499923706055,51.13999938964844,50.85499954223633,51.029998779296875,358965,0.0,0.0
2024-03-12 09:30:00-04:00,51.08000183105469,51.20000076293945,50.59000015258789,50.709999084472656,83210,0.0,0.0
2024-03-12 10:30:00-04:00,50.70000076293945,50.72999954223633,50.5,50.5,85719,0.0,0.0
2024-03-12 11:30:00-04:00,50.47999954223633,50.63999938964844,50.185001373291016,50.54750061035156,104228,0.0,0.0
2024-03-12 12:30:00-04:00,50.529998779296875,50.53499984741211,50.279998779296875,50.400001525878906,69892,0.0,0.0
2024-03-12 13:30:00-04:00,50.400001525878906,50.529998779296875,50.36000061035156,50.529998779296875,51273,0.0,0.0
2024-03-12 14:30:00-04:00,50.540000915527344,50.68000030517578,50.45000076293945,50.654998779296875,92779,0.0,0.0
2024-03-12 15:30:00-04:00,50.650001525878906,50.72999954223633,50.595001220703125,50.720001220703125,190687,0.0,0.0
2024-03-13 09:30:00-04:00,50.720001220703125,51.150001525878906,50.720001220703125,51.09000015258789,88848,0.0,0.0
2024-03-13 10:30:00-04:00,51.08000183105469,51.095001220703125,50.84000015258789,50.84000015258789,85193,0.0,0.0
2024-03-13 11:30:00-04:00,50.85499954223633,51.28499984741211,50.840301513671875,51.18000030517578,121678,0.0,0.0
2024-03-13 12:30:00-04:00,51.15999984741211,51.38999938964844,51.04999923706055,51.36000061035156,217388,0.0,0.0
2024-03-13 13:30:00-04:00,51.349998474121094,51.369998931884766,51.18000030517578,51.29999923706055,97061,0.0,0.0
2024-03-13 14:30:00-04:00,51.290000915527344,51.29999923706055,51.060001373291016,51.095001220703125,141682,0.0,0.0
2024-03-13 15:30:00-04:00,51.1150016784668,51.369998931884766,51.099998474121094,51.31999969482422,295572,0.0,0.0
2024-03-14 09:30:00-04:00,50.83000183105469,50.869998931884766,50.20500183105469,50.369998931884766,109579,0.0,0.0
2024-03-14 10:30:00-04:00,50.369998931884766,50.529998779296875,50.2400016784668,50.27000045776367,84986,0.0,0.0
2024-03-14 11:30:00-04:00,50.28990173339844,50.43000030517578,50.20000076293945,50.36000061035156,112994,0.0,0.0
2024-03-14 12:30:00-04:00,50.350101470947266,50.40959930419922,50.13999938964844,50.13999938964844,91341,0.0,0.0
2024-03-14 13:30:00-04:00,50.119998931884766,50.220001220703125,50.029998779296875,50.029998779296875,93656,0.0,0.0
2024-03-14 14:30:00-04:00,50.0099983215332,50.06999969482422,49.349998474121094,49.470001220703125,225943,0.0,0.0
2024-03-14 15:30:00-04:00,49.47999954223633,49.65999984741211,49.279998779296875,49.650001525878906,421671,0.0,0.0
2024-03-15 09:30:00-04:00,49.54999923706055,49.95000076293945,49.45000076293945,49.88999938964844,255864,0.0,0.0
2024-03-15 10:30:00-04:00,49.900001525878906,50.040000915527344,49.83000183105469,49.939998626708984,160187,0.0,0.0
2024-03-15 11:30:00-04:00,49.948001861572266,49.956199645996094,49.68000030517578,49.724998474121094,77224,0.0,0.0
2024-03-15 12:30:00-04:00,49.720001220703125,49.720001220703125,49.474998474121094,49.61000061035156,115971,0.0,0.0
2024-03-15 13:30:00-04:00,49.619998931884766,49.619998931884766,49.36000061035156,49.400001525878906,89780,0.0,0.0
2024-03-15 14:30:00-04:00,49.380001068115234,49.43000030517578,49.27000045776367,49.27000045776367,132002,0.0,0.0
2024-03-15 15:30:00-04:00,49.26499938964844,49.31999969482422,49.029998779296875,49.31999969482422,414254,0.0,0.0
2024-03-18 09:30:00-04:00,49.400001525878906,49.474998474121094,49.08000183105469,49.09000015258789,106556,0.0,0.0
2024-03-18 10:30:00-04:00,49.09000015258789,49.38999938964844,49.0,49.317901611328125,137426,0.0,0.0
2024-03-18 11:30:00-04:00,49.310001373291016,49.47999954223633,49.209999084472656,49.25,119094,0.0,0.0
2024-03-18 12:30:00-04:00,49.2599983215332,49.290000915527344,48.970001220703125,49.21500015258789,108271,0.0,0.0
2024-03-18 13:30:00-04:00,49.220001220703125,49.220001220703125,49.02000045776367,49.10499954223633,113166,0.0,0.0
2024-03-18 14:30:00-04:00,49.099998474121094,49.27000045776367,49.08000183105469,49.229000091552734,139975,0.0,0.0
2024-03-18 15:30:00-04:00,49.209999084472656,49.22999954223633,48.790000915527344,48.93000030517578,492373,0.0,0.0
2024-03-19 09:30:00-04:00,48.77000045776367,49.279998779296875,48.77000045776367,49.099998474121094,64941,0.0,0.0
2024-03-19 10:30:00-04:00,49.119998931884766,49.18000030517578,48.91999816894531,49.115299224853516,61452,0.0,0.0
2024-03-19 11:30:00-04:00,49.11000061035156,49.38999938964844,49.099998474121094,49.33000183105469,62583,0.0,0.0
2024-03-19 12:30:00-04:00,49.349998474121094,49.40370178222656,49.27000045776367,49.30500030517578,60169,0.0,0.0
2024-03-19 13:30:00-04:00,49.310001373291016,49.33000183105469,49.15999984741211,49.22999954223633,73864,0.0,0.0
2024-03-19 14:30:00-04:00,49.22999954223633,49.279998779296875,49.20100021362305,49.220001220703125,115313,0.0,0.0
2024-03-19 15:30:00-04:00,49.220001220703125,49.560001373291016,49.209999084472656,49.54999923706055,209230,0.0,0.0
2024-03-20 09:30:00-04:00,49.380001068115234,49.619998931884766,49.349998474121094,49.619998931884766,59343,0.0,0.0
2024-03-20 10:30:00-04:00,49.630001068115234,49.93000030517578,49.61000061035156,49.91999816894531,77377,0.0,0.0
2024-03-20 11:30:00-04:00,49.91999816894531,49.93000030517578,49.790000915527344,49.810001373291016,55670,0.0,0.0
2024-03-20 12:30:00-04:00,49.810001373291016,49.959999084472656,49.79999923706055,49.959999084472656,44302,0.0,0.0
2024-03-20 13:30:00-04:00,49.939998626708984,50.415000915527344,49.88999938964844,50.415000915527344,149903,0.0,0.0
2024-03-20 14:30:00-04:00,50.439998626708984,50.87900161743164,50.2400016784668,50.869998931884766,218141,0.0,0.0
2024-03-20 15:30:00-04:00,50.86000061035156,51.16999816894531,50.85499954223633,51.02000045776367,301053,0.0,0.0
2024-03-21 09:30:00-04:00,51.29999923706055,52.380001068115234,51.29999923706055,52.349998474121094,137805,0.0,0.0
2024-03-21 10:30:00-04:00,52.369998931884766,52.57500076293945,52.099998474121094,52.20000076293945,132170,0.0,0.0
2024-03-21 11:30:00-04:00,52.18000030517578,52.224998474121094,52.060001373291016,52.21500015258789,75484,0.0,0.0
2024-03-21 12:30:00-04:00,52.209999084472656,52.33000183105469,52.14500045776367,52.33000183105469,58750,0.0,0.0
2024-03-21 13:30:00-04:00,52.31999969482422,52.40999984741211,52.2599983215332,52.40999984741211,59694,0.0,0.0
2024-03-21 14:30:00-04:00,52.39500045776367,52.564998626708984,52.2599983215332,52.55500030517578,82038,0.0,0.0
2024-03-21 15:30:00-04:00,52.560001373291016,52.59000015258789,52.27000045776367,52.290000915527344,203923,0.0,0.0
2024-03-22 09:30:00-04:00,52.5,52.63999938964844,51.790000915527344,51.84000015258789,76166,0.0,0.0
2024-03-22 10:30:00-04:00,51.81999969482422,51.83000183105469,51.61000061035156,51.77000045776367,70099,0.0,0.0
2024-03-22 11:30:00-04:00,51.79499816894531,51.79999923706055,51.54999923706055,51.63999938964844,71123,0.0,0.0
2024-03-22 12:30:00-04:00,51.63999938964844,51.720001220703125,51.55500030517578,51.709999084472656,57572,0.0,0.0
2024-03-22 13:30:00-04:00,51.69499969482422,51.810001373291016,51.65999984741211,51.7400016784668,65770,0.0,0.0
2024-03-22 14:30:00-04:00,51.75,51.81999969482422,51.53499984741211,51.75,109250,0.0,0.0
2024-03-22 15:30:00-04:00,51.77000045776367,51.790000915527344,51.619998931884766,51.64899826049805,213486,0.0,0.0
2024-03-25 09:30:00-04:00,51.779998779296875,52.150001525878906,51.119998931884766,51.29999923706055,84136,0.0,0.0
2024-03-25 10:30:00-04:00,51.310001373291016,51.310001373291016,50.95000076293945,51.23500061035156,90258,0.0,0.0
2024-03-25 11:30:00-04:00,51.2400016784668,51.375,50.9900016784668,51.02000045776367,66431,0.0,0.0
2024-03-25 12:30:00-04:00,51.0099983215332,51.1349983215332,50.86000061035156,51.1349983215332,66858,0.0,0.0
2024-03-25 13:30:00-04:00,51.1349983215332,51.40999984741211,51.1349983215332,51.400001525878906,102408,0.0,0.0
2024-03-25 14:30:00-04:00,51.404998779296875,51.43000030517578,51.224998474121094,51.43000030517578,136426,0.0,0.0
2024-03-25 15:30:00-04:00,51.439998626708984,51.60100173950195,51.369998931884766,51.380001068115234,323355,0.0,0.0
2024-03-26 09:30:00-04:00,51.279998779296875,51.70000076293945,51.189998626708984,51.22999954223633,137424,0.0,0.0
2024-03-26 10:30:00-04:00,51.209999084472656,51.5,51.15999984741211,51.494998931884766,57182,0.0,0.0
2024-03-26 11:30:00-04:00,51.4900016784668,51.4900016784668,51.27000045776367,51.33000183105469,37190,0.0,0.0
2024-03-26 12:30:00-04:00,51.33000183105469,51.35599899291992,51.2599983215332,51.2599983215332,32915,0.0,0.0
2024-03-26 13:30:00-04:00,51.25,51.279998779296875,51.1239013671875,51.22999954223633,39585,0.0,0.0
2024-03-26 14:30:00-04:00,51.224998474121094,51.33000183105469,51.165000915527344,51.25,54606,0.0,0.0
2024-03-26 15:30:00-04:00,51.2599983215332,51.2599983215332,50.88999938964844,50.959999084472656,237660,0.0,0.0
2024-03-27 09:30:00-04:00,51.189998626708984,51.66999816894531,51.189998626708984,51.42499923706055,67984,0.0,0.0
2024-03-27 10:30:00-04:00,51.459999084472656,51.599998474121094,51.29999923706055,51.54999923706055,80987,0.0,0.0
2024-03-27 11:30:00-04:00,51.540000915527344,51.81999969482422,51.52000045776367,51.779998779296875,65930,0.0,0.0
2024-03-27 12:30:00-04:00,51.779998779296875,51.84000015258789,51.70000076293945,51.709999084472656,53970,0.0,0.0
2024-03-27 13:30:00-04:00,51.709999084472656,51.709999084472656,51.58000183105469,51.689998626708984,85889,0.0,0.0
2024-03-27 14:30:00-04:00,51.689998626708984,51.73500061035156,51.59000015258789,51.650001525878906,95491,0.0,0.0
2024-03-27 15:30:00-04:00,51.63999938964844,51.97999954223633,51.619998931884766,51.97999954223633,164322,0.0,0.0
2024-03-28 09:30:00-04:00,52.040000915527344,52.56999969482422,52.0,52.43000030517578,136633,0.0,0.0
2024-03-28 10:30:00-04:00,52.45000076293945,52.619998931884766,52.400001525878906,52.47999954223633,118218,0.0,0.0
2024-03-28 11:30:00-04:00,52.47999954223633,52.720001220703125,52.47999954223633,52.59000015258789,110655,0.0,0.0
2024-03-28 12:30:00-04:00,52.59000015258789,52.59000015258789,52.400001525878906,52.435001373291016,84199,0.0,0.0
2024-03-28 13:30:00-04:00,52.435001373291016,52.834999084472656,52.349998474121094,52.77000045776367,173762,0.0,0.0
2024-03-28 14:30:00-04:00,52.75,53.349998474121094,52.71900177001953,53.25,416770,0.0,0.0
2024-03-28 15:30:00-04:00,53.2599983215332,53.2599983215332,52.93000030517578,53.11000061035156,507587,0.0,0.0
2024-04-01 09:30:00-04:00,53.0,53.060001373291016,52.599998474121094,52.869998931884766,215084,0.0,0.0
2024-04-01 10:30:00-04:00,52.849998474121094,53.09000015258789,52.7599983215332,52.900001525878906,128181,0.0,0.0
2024-04-01 11:30:00-04:00,52.915000915527344,52.915000915527344,52.63999938964844,52.900001525878906,283107,0.0,0.0
2024-04-01 12:30:00-04:00,52.88999938964844,52.88999938964844,52.70000076293945,52.84000015258789,111031,0.0,0.0
2024-04-01 13:30:00-04:00,52.849998474121094,52.959999084472656,52.84000015258789,52.91999816894531,191023,0.0,0.0
2024-04-01 14:30:00-04:00,52.9114990234375,52.97999954223633,52.790000915527344,52.81999969482422,857838,0.0,0.0
2024-04-01 15:30:00-04:00,52.81999969482422,52.93000030517578,52.689998626708984,52.93000030517578,293480,0.0,0.0
2024-04-02 09:30:00-04:00,52.650001525878906,52.689998626708984,52.040000915527344,52.17499923706055,169646,0.0,0.0
2024-04-02 10:30:00-04:00,52.17499923706055,52.22999954223633,51.73500061035156,51.900001525878906,127181,0.0,0.0
2024-04-02 11:30:00-04:00,51.90999984741211,52.040000915527344,51.75149917602539,51.959999084472656,83909,0.0,0.0
2024-04-02 12:30:00-04:00,51.95000076293945,52.08000183105469,51.90999984741211,52.040000915527344,60639,0.0,0.0
2024-04-02 13:30:00-04:00,52.029998779296875,52.060001373291016,51.900001525878906,52.05500030517578,62562,0.0,0.0
2024-04-02 14:30:00-04:00,52.060001373291016,52.16999816894531,51.970001220703125,52.01499938964844,86005,0.0,0.0
2024-04-02 15:30:00-04:00,52.002899169921875,52.08000183105469,51.849998474121094,52.0099983215332,200831,0.0,0.0
2024-04-03 09:30:00-04:00,51.849998474121094,52.20000076293945,51.70000076293945,51.869998931884766,120204,0.0,0.0
2024-04-03 10:30:00-04:00,51.869998931884766,52.11000061035156,51.869998931884766,52.01499938964844,91383,0.0,0.0
2024-04-03 11:30:00-04:00,52.040000915527344,52.17499923706055,52.040000915527344,52.17499923706055,85315,0.0,0.0
2024-04-03 12:30:00-04:00,52.185001373291016,52.619998931884766,52.13999938964844,52.5099983215332,74501,0.0,0.0
2024-04-03 13:30:00-04:00,52.5099983215332,52.90999984741211,52.47999954223633,52.90999984741211,96628,0.0,0.0
2024-04-03 14:30:00-04:00,52.915000915527344,52.91999816894531,52.529998779296875,52.619998931884766,124586,0.0,0.0
2024-04-03 15:30:00-04:00,52.625,52.83000183105469,52.58000183105469,52.599998474121094,274551,0.0,0.0
2024-04-04 09:30:00-04:00,53.04999923706055,53.96369934082031,52.77000045776367,53.82500076293945,453954,0.0,0.0
2024-04-04 10:30:00-04:00,53.810001373291016,53.88999938964844,53.59000015258789,53.64500045776367,143810,0.0,0.0
2024-04-04 11:30:00-04:00,53.6599006652832,53.83000183105469,53.540000915527344,53.7400016784668,94743,0.0,0.0
2024-04-04 12:30:00-04:00,53.7400016784668,53.7400016784668,53.54499816894531,53.54499816894531,67349,0.0,0.0
2024-04-04 13:30:00-04:00,53.54999923706055,53.58000183105469,52.939998626708984,52.939998626708984,197924,0.0,0.0
2024-04-04 14:30:00-04:00,52.84199905395508,52.900001525878906,52.209999084472656,52.209999084472656,128961,0.0,0.0
2024-04-04 15:30:00-04:00,52.220001220703125,52.3125,51.9900016784668,52.279998779296875,356841,0.0,0.0
2024-04-05 09:30:00-04:00,52.27000045776367,52.709999084472656,51.77000045776367,51.970001220703125,169845,0.0,0.0
2024-04-05 10:30:00-04:00,51.970001220703125,52.20000076293945,51.90999984741211,52.189998626708984,46397,0.0,0.0
2024-04-05 11:30:00-04:00,52.15999984741211,52.55500030517578,52.150001525878906,52.47999954223633,63025,0.0,0.0
2024-04-05 12:30:00-04:00,52.47309875488281,52.59000015258789,52.43000030517578,52.470001220703125,41292,0.0,0.0
2024-04-05 13:30:00-04:00,52.4900016784668,52.59000015258789,52.349998474121094,52.45000076293945,50551,0.0,0.0
2024-04-05 14:30:00-04:00,52.47999954223633,52.56999969482422,52.369998931884766,52.459999084472656,54774,0.0,0.0
2024-04-05 15:30:00-04:00,52.459999084472656,52.55500030517578,52.38999938964844,52.43000030517578,113410,0.0,0.0
2024-04-08 09:30:00-04:00,52.560001373291016,52.70989990234375,52.41999816894531,52.599998474121094,85481,0.0,0.0
2024-04-08 10:30:00-04:00,52.619998931884766,52.88999938964844,52.619998931884766,52.810001373291016,66178,0.0,0.0
2024-04-08 11:30:00-04:00,52.810001373291016,52.810001373291016,52.619998931884766,52.69499969482422,50239,0.0,0.0
2024-04-08 12:30:00-04:00,52.69499969482422,52.83000183105469,52.68000030517578,52.72999954223633,40807,0.0,0.0
2024-04-08 13:30:00-04:00,52.73500061035156,52.9900016784668,52.720001220703125,52.959999084472656,61459,0.0,0.0
2024-04-08 14:30:00-04:00,52.95000076293945,53.029998779296875,52.77000045776367,53.029998779296875,113366,0.0,0.0
2024-04-08 15:30:00-04:00,53.02000045776367,53.09000015258789,52.869998931884766,52.93000030517578,160118,0.0,0.0
2024-04-09 09:30:00-04:00,53.25,53.459999084472656,53.06999969482422,53.130001068115234,104241,0.0,0.0
2024-04-09 10:30:00-04:00,53.130001068115234,53.130001068115234,52.81999969482422,53.08000183105469,94054,0.0,0.0
2024-04-09 11:30:00-04:00,53.064998626708984,53.13999938964844,52.93000030517578,53.099998474121094,82265,0.0,0.0
2024-04-09 12:30:00-04:00,53.11000061035156,53.20500183105469,53.02000045776367,53.14500045776367,140380,0.0,0.0
2024-04-09 13:30:00-04:00,53.14500045776367,53.16999816894531,52.88999938964844,52.959999084472656,444421,0.0,0.0
2024-04-09 14:30:00-04:00,52.970001220703125,53.08000183105469,52.560001373291016,52.83000183105469,128307,0.0,0.0
2024-04-09 15:30:00-04:00,52.81999969482422,52.939998626708984,52.63999938964844,52.79999923706055,196473,0.0,0.0
2024-04-10 09:30:00-04:00,51.09000015258789,51.09000015258789,48.779998779296875,49.02000045776367,754589,0.0,0.0
2024-04-10 10:30:00-04:00,49.0099983215332,49.130001068115234,47.99440002441406,48.660099029541016,342895,0.0,0.0
2024-04-10 11:30:00-04:00,48.68000030517578,48.79999923706055,48.369998931884766,48.650001525878906,575892,0.0,0.0
2024-04-10 12:30:00-04:00,48.63999938964844,48.77000045776367,47.81999969482422,47.91999816894531,247929,0.0,0.0
2024-04-10 13:30:00-04:00,47.88999938964844,48.11000061035156,47.65999984741211,47.939998626708984,157283,0.0,0.0
2024-04-10 14:30:00-04:00,47.95000076293945,48.25,47.88999938964844,48.1349983215332,192411,0.0,0.0
2024-04-10 15:30:00-04:00,48.130001068115234,48.40999984741211,48.029998779296875,48.27000045776367,448532,0.0,0.0
2024-04-11 09:30:00-04:00,48.099998474121094,48.58000183105469,47.75,48.040000915527344,187146,0.0,0.0
2024-04-11 10:30:00-04:00,48.02000045776367,48.459999084472656,48.0099983215332,48.34000015258789,190383,0.0,0.0
2024-04-11 11:30:00-04:00,48.33000183105469,49.119998931884766,48.279998779296875,48.939998626708984,1365005,0.0,0.0
2024-04-11 12:30:00-04:00,48.90999984741211,49.2599983215332,48.66999816894531,49.06999969482422,187372,0.0,0.0
2024-04-11 13:30:00-04:00,49.06999969482422,49.08000183105469,48.619998931884766,48.689998626708984,144270,0.0,0.0
2024-04-11 14:30:00-04:00,48.689998626708984,48.75,48.5,48.63999938964844,168975,0.0,0.0
2024-04-11 15:30:00-04:00,48.630001068115234,48.689998626708984,48.5,48.5099983215332,363400,0.0,0.0
2024-04-12 09:30:00-04:00,48.36000061035156,48.96500015258789,48.26499938964844,48.75,108531,0.0,0.0
2024-04-12 10:30:00-04:00,48.7599983215332,48.790000915527344,48.505001068115234,48.650001525878906,95411,0.0,0.0
2024-04-12 11:30:00-04:00,48.65999984741211,48.70500183105469,48.540000915527344,48.584999084472656,67355,0.0,0.0
2024-04-12 12:30:00-04:00,48.56999969482422,48.75,48.5,48.650001525878906,96551,0.0,0.0
2024-04-12 13:30:00-04:00,48.650001525878906,48.77000045776367,48.439998626708984,48.6349983215332,201456,0.0,0.0
2024-04-12 14:30:00-04:00,48.619998931884766,48.619998931884766,48.380001068115234,48.459999084472656,136814,0.0,0.0
2024-04-12 15:30:00-04:00,48.459999084472656,48.61000061035156,48.380001068115234,48.61000061035156,242534,0.0,0.0
2024-04-15 09:30:00-04:00,49.029998779296875,49.17499923706055,48.30500030517578,48.33000183105469,56148,0.0,0.0
2024-04-15 10:30:00-04:00,48.29999923706055,48.68000030517578,48.29999923706055,48.58000183105469,68031,0.0,0.0
2024-04-15 11:30:00-04:00,48.599998474121094,48.72999954223633,48.5,48.52000045776367,45502,0.0,0.0
2024-04-15 12:30:00-04:00,48.5,48.55500030517578,48.08000183105469,48.08000183105469,55616,0.0,0.0
2024-04-15 13:30:00-04:00,48.029998779296875,48.15999984741211,47.95000076293945,48.040000915527344,40963,0.0,0.0
2024-04-15 14:30:00-04:00,48.0099983215332,48.13999938964844,47.790000915527344,48.0099983215332,66075,0.0,0.0
2024-04-15 15:30:00-04:00,48.01499938964844,48.220001220703125,47.869998931884766,48.18000030517578,295247,0.0,0.0
2024-04-16 09:30:00-04:00,47.959999084472656,47.959999084472656,47.38999938964844,47.5099983215332,52028,0.0,0.0
2024-04-16 10:30:00-04:00,47.49100112915039,47.70000076293945,47.44020080566406,47.689998626708984,65690,0.0,0.0
2024-04-16 11:30:00-04:00,47.65999984741211,47.970001220703125,47.630001068115234,47.95000076293945,37164,0.0,0.0
2024-04-16 12:30:00-04:00,47.93000030517578,47.93000030517578,47.56999969482422,47.56999969482422,68544,0.0,0.0
2024-04-16 13:30:00-04:00,47.540000915527344,47.56999969482422,47.19559860229492,47.220001220703125,63315,0.0,0.0
2024-04-16 14:30:00-04:00,47.22999954223633,47.599998474121094,47.209999084472656,47.59000015258789,104077,0.0,0.0
2024-04-16 15:30:00-04:00,47.56999969482422,47.59000015258789,47.08000183105469,47.099998474121094,400320,0.0,0.0
2024-04-17 09:30:00-04:00,47.150001525878906,47.53499984741211,47.02000045776367,47.400001525878906,92016,0.0,0.0
2024-04-17 10:30:00-04:00,47.400001525878906,47.404998779296875,46.9900016784668,46.9900016784668,85088,0.0,0.0
2024-04-17 11:30:00-04:00,46.9900016784668,47.08000183105469,46.90999984741211,47.0,64481,0.0,0.0
2024-04-17 12:30:00-04:00,47.0,47.08000183105469,46.849998474121094,47.08000183105469,60330,0.0,0.0
2024-04-17 13:30:00-04:00,47.09000015258789,47.25,47.02000045776367,47.15999984741211,74274,0.0,0.0
2024-04-17 14:30:00-04:00,47.13999938964844,47.3849983215332,47.02009963989258,47.08000183105469,122163,0.0,0.0
2024-04-17 15:30:00-04:00,47.09000015258789,47.130001068115234,46.935001373291016,47.02000045776367,271135,0.0,0.0
2024-04-18 09:30:00-04:00,47.279998779296875,47.494998931884766,47.20000076293945,47.34000015258789,72842,0.0,0.0
2024-04-18 10:30:00-04:00,47.35499954223633,47.619998931884766,47.35499954223633,47.5,64063,0.0,0.0
2024-04-18 11:30:00-04:00,47.494998931884766,47.66999816894531,47.38999938964844,47.540000915527344,150766,0.0,0.0
2024-04-18 12:30:00-04:00,47.52000045776367,47.560001373291016,47.31999969482422,47.439998626708984,61877,0.0,0.0
2024-04-18 13:30:00-04:00,47.43000030517578,47.5099983215332,47.35499954223633,47.36000061035156,50482,0.0,0.0
2024-04-18 14:30:00-04:00,47.3650016784668,47.55500030517578,47.31999969482422,47.54999923706055,83573,0.0,0.0
2024-04-18 15:30:00-04:00,47.54999923706055,47.63999938964844,47.529998779296875,47.599998474121094,136438,0.0,0.0
2024-04-19 09:30:00-04:00,47.630001068115234,48.29999923706055,47.529998779296875,48.20000076293945,48044,0.0,0.0
2024-04-19 10:30:00-04:00,48.209999084472656,48.345001220703125,48.040000915527344,48.25,57715,0.0,0.0
2024-04-19 11:30:00-04:00,48.25,48.369998931884766,48.189998626708984,48.27000045776367,38622,0.0,0.0
2024-04-19 12:30:00-04:00,48.2599983215332,48.57500076293945,48.2599983215332,48.47999954223633,46711,0.0,0.0
2024-04-19 13:30:00-04:00,48.46500015258789,48.560001373291016,48.279998779296875,48.279998779296875,52478,0.0,0.0
2024-04-19 14:30:00-04:00,48.2599983215332,48.499000549316406,48.220001220703125,48.474998474121094,116319,0.0,0.0
2024-04-19 15:30:00-04:00,48.459999084472656,48.86000061035156,48.369998931884766,48.7599983215332,225229,0.0,0.0
2024-04-22 09:30:00-04:00,49.02000045776367,49.189998626708984,48.529998779296875,49.13999938964844,53771,0.0,0.0
2024-04-22 10:30:00-04:00,49.13999938964844,49.36000061035156,49.0989990234375,49.209999084472656,77662,0.0,0.0
2024-04-22 11:30:00-04:00,49.220001220703125,49.400001525878906,49.099998474121094,49.31999969482422,49332,0.0,0.0
2024-04-22 12:30:00-04:00,49.30500030517578,49.5099983215332,49.290000915527344,49.5,31653,0.0,0.0
2024-04-22 13:30:00-04:00,49.5,49.66999816894531,49.470001220703125,49.6150016784668,58577,0.0,0.0
2024-04-22 14:30:00-04:00,49.619998931884766,49.619998931884766,49.31999969482422,49.540000915527344,95453,0.0,0.0
2024-04-22 15:30:00-04:00,49.540000915527344,49.59000015258789,49.380001068115234,49.459999084472656,141465,0.0,0.0
2024-04-23 09:30:00-04:00,49.38999938964844,50.209999084472656,49.314998626708984,50.189998626708984,157398,0.0,0.0
2024-04-23 10:30:00-04:00,50.185001373291016,50.540000915527344,50.13999938964844,50.45000076293945,133237,0.0,0.0
2024-04-23 11:30:00-04:00,50.45000076293945,50.540000915527344,50.3650016784668,50.540000915527344,34305,0.0,0.0
2024-04-23 12:30:00-04:00,50.54499816894531,50.64500045776367,50.440101623535156,50.630001068115234,44202,0.0,0.0
2024-04-23 13:30:00-04:00,50.61000061035156,50.77000045776367,50.56999969482422,50.689998626708984,42223,0.0,0.0
2024-04-23 14:30:00-04:00,50.70000076293945,50.77000045776367,50.59000015258789,50.599998474121094,67441,0.0,0.0
2024-04-23 15:30:00-04:00,50.56999969482422,50.849998474121094,50.560001373291016,50.849998474121094,182575,0.0,0.0
2024-04-24 09:30:00-04:00,50.4900016784668,50.79999923706055,50.349998474121094,50.47999954223633,86615,0.0,0.0
2024-04-24 10:30:00-04:00,50.4900016784668,50.56999969482422,50.310001373291016,50.369998931884766,40972,0.0,0.0
2024-04-24 11:30:00-04:00,50.31999969482422,50.404998779296875,50.189998626708984,50.34000015258789,38509,0.0,0.0
2024-04-24 12:30:00-04:00,50.31999969482422,50.419898986816406,50.27009963989258,50.380001068115234,34126,0.0,0.0
2024-04-24 13:30:00-04:00,50.349998474121094,50.459999084472656,50.33000183105469,50.439998626708984,46086,0.0,0.0
2024-04-24 14:30:00-04:00,50.45000076293945,50.560001373291016,50.31999969482422,50.35100173950195,91434,0.0,0.0
2024-04-24 15:30:00-04:00,50.349998474121094,50.7400016784668,50.33000183105469,50.66999816894531,254456,0.0,0.0
2024-04-25 09:30:00-04:00,50.18000030517578,50.2400016784668,48.790000915527344,48.93000030517578,105287,0.0,0.0
2024-04-25 10:30:00-04:00,48.915000915527344,49.25,48.81999969482422,49.119998931884766,77963,0.0,0.0
2024-04-25 11:30:00-04:00,49.11000061035156,49.290000915527344,48.970001220703125,49.279998779296875,72570,0.0,0.0
2024-04-25 12:30:00-04:00,49.2599983215332,49.59000015258789,49.209999084472656,49.310001373291016,72005,0.0,0.0
2024-04-25 13:30:00-04:00,49.27000045776367,49.70000076293945,49.27000045776367,49.540000915527344,70618,0.0,0.0
2024-04-25 14:30:00-04:00,49.529998779296875,49.939998626708984,49.5,49.869998931884766,78778,0.0,0.0
2024-04-25 15:30:00-04:00,49.86000061035156,50.0099983215332,49.72999954223633,49.88999938964844,222081,0.0,0.0
2024-04-26 09:30:00-04:00,50.060001373291016,50.6150016784668,49.970001220703125,50.56999969482422,47301,0.0,0.0
2024-04-26 10:30:00-04:00,50.57500076293945,50.689998626708984,50.41999816894531,50.439998626708984,74573,0.0,0.0
2024-04-26 11:30:00-04:00,50.43000030517578,50.560001373291016,50.400001525878906,50.505001068115234,79176,0.0,0.0
2024-04-26 12:30:00-04:00,50.5,50.560001373291016,50.35499954223633,50.470001220703125,65773,0.0,0.0
2024-04-26 13:30:00-04:00,50.45500183105469,50.68000030517578,50.45500183105469,50.650001525878906,54951,0.0,0.0
2024-04-26 14:30:00-04:00,50.654998779296875,50.689998626708984,50.400001525878906,50.470001220703125,101884,0.0,0.0
2024-04-26 15:30:00-04:00,50.459999084472656,50.54999923706055,50.29999923706055,50.380001068115234,170247,0.0,0.0
2024-04-29 09:30:00-04:00,50.900001525878906,51.310001373291016,50.7599983215332,50.790000915527344,74224,0.0,0.0
2024-04-29 10:30:00-04:00,50.76499938964844,50.95000076293945,50.709999084472656,50.72999954223633,52106,0.0,0.0
2024-04-29 11:30:00-04:00,50.702999114990234,50.720001220703125,50.599998474121094,50.709999084472656,42772,0.0,0.0
2024-04-29 12:30:00-04:00,50.709999084472656,50.779998779296875,50.59000015258789,50.779998779296875,35854,0.0,0.0
2024-04-29 13:30:00-04:00,50.7599983215332,50.849998474121094,50.630001068115234,50.68000030517578,58748,0.0,0.0
2024-04-29 14:30:00-04:00,50.650001525878906,50.810001373291016,50.58000183105469,50.59989929199219,57198,0.0,0.0
2024-04-29 15:30:00-04:00,50.58000183105469,50.65999984741211,50.52000045776367,50.560001373291016,109349,0.0,0.0
2024-04-30 09:30:00-04:00,50.16999816894531,50.34000015258789,49.959999084472656,50.06999969482422,63537,0.0,0.0
2024-04-30 10:30:00-04:00,50.0525016784668,50.13999938964844,49.849998474121094,49.92499923706055,44676,0.0,0.0
2024-04-30 11:30:00-04:00,49.970001220703125,49.970001220703125,49.84040069580078,49.939998626708984,33654,0.0,0.0
2024-04-30 12:30:00-04:00,49.939998626708984,49.959999084472656,49.81999969482422,49.904998779296875,33714,0.0,0.0
2024-04-30 13:30:00-04:00,49.91999816894531,49.9900016784668,49.790000915527344,49.81999969482422,36802,0.0,0.0
2024-04-30 14:30:00-04:00,49.81999969482422,49.86000061035156,49.6349983215332,49.63999938964844,48179,0.0,0.0
2024-04-30 15:30:00-04:00,49.63999938964844,49.7400016784668,49.470001220703125,49.5,110674,0.0,0.0
2024-05-01 09:30:00-04:00,49.7599983215332,50.18000030517578,49.68000030517578,49.97999954223633,38853,0.0,0.0
2024-05-01 10:30:00-04:00,49.939998626708984,50.04999923706055,49.85499954223633,49.98500061035156,61091,0.0,0.0
2024-05-01 11:30:00-04:00,49.970001220703125,50.08000183105469,49.91999816894531,50.05500030517578,39957,0.0,0.0
2024-05-01 12:30:00-04:00,50.040000915527344,50.055599212646484,49.91999816894531,50.0,27754,0.0,0.0
2024-05-01 13:30:00-04:00,49.9900016784668,50.220001220703125,49.900001525878906,50.202999114990234,35426,0.0,0.0
2024-05-01 14:30:00-04:00,50.220001220703125,50.869998931884766,50.029998779296875,50.529998779296875,71722,0.0,0.0
2024-05-01 15:30:00-04:00,50.529998779296875,50.529998779296875,50.099998474121094,50.130001068115234,113727,0.0,0.0
2024-05-02 09:30:00-04:00,50.63999938964844,50.63999938964844,49.95500183105469,50.369998931884766,55887,0.0,0.0
2024-05-02 10:30:00-04:00,50.375,50.52000045776367,50.099998474121094,50.4900016784668,39131,0.0,0.0
2024-05-02 11:30:00-04:00,50.5,50.560001373291016,50.380001068115234,50.540000915527344,48657,0.0,0.0
2024-05-02 12:30:00-04:00,50.470001220703125,50.72999954223633,50.45500183105469,50.72999954223633,47729,0.0,0.0
2024-05-02 13:30:00-04:00,50.72999954223633,50.86000061035156,50.689998626708984,50.779998779296875,58117,0.0,0.0
2024-05-02 14:30:00-04:00,50.779998779296875,51.029998779296875,50.7400016784668,51.0,95726,0.0,0.0
2024-05-02 15:30:00-04:00,50.959999084472656,51.029998779296875,50.79999923706055,51.029998779296875,150176,0.0,0.0
2024-05-03 09:30:00-04:00,51.88999938964844,52.189998626708984,51.63999938964844,51.939998626708984,68337,0.0,0.0
2024-05-03 10:30:00-04:00,51.939998626708984,51.959999084472656,51.632999420166016,51.67300033569336,42566,0.0,0.0
2024-05-03 11:30:00-04:00,51.66999816894531,51.75,51.5,51.689998626708984,58294,0.0,0.0
2024-05-03 12:30:00-04:00,51.70000076293945,52.0,51.65999984741211,51.84000015258789,57070,0.0,0.0
2024-05-03 13:30:00-04:00,51.83810043334961,51.869998931884766,51.630001068115234,51.63999938964844,69226,0.0,0.0
2024-05-03 14:30:00-04:00,51.650001525878906,51.70000076293945,51.560001373291016,51.61000061035156,81029,0.0,0.0
2024-05-03 15:30:00-04:00,51.619998931884766,51.70000076293945,51.51499938964844,51.540000915527344,116550,0.0,0.0
2024-05-06 09:30:00-04:00,52.040000915527344,52.25,51.79999923706055,52.025001525878906,118362,0.0,0.0
2024-05-06 10:30:00-04:00,52.040000915527344,52.11000061035156,51.880001068115234,51.880001068115234,97892,0.0,0.0
2024-05-06 11:30:00-04:00,51.88999938964844,51.9900016784668,51.779998779296875,51.875,103866,0.0,0.0
2024-05-06 12:30:00-04:00,51.8650016784668,52.0,51.7599983215332,51.959999084472656,82444,0.0,0.0
2024-05-06 13:30:00-04:00,51.97999954223633,52.08000183105469,51.97999954223633,52.040000915527344,73333,0.0,0.0
2024-05-06 14:30:00-04:00,52.040000915527344,52.060001373291016,51.720001220703125,51.720001220703125,119651,0.0,0.0
2024-05-06 15:30:00-04:00,51.709999084472656,51.97999954223633,51.709999084472656,51.970001220703125,229698,0.0,0.0
2024-05-07 09:30:00-04:00,52.060001373291016,52.970001220703125,52.0099983215332,52.94499969482422,81672,0.0,0.0
2024-05-07 10:30:00-04:00,52.91999816894531,53.13999938964844,52.880001068115234,53.040000915527344,77696,0.0,0.0
2024-05-07 11:30:00-04:00,53.040000915527344,53.040000915527344,52.80889892578125,52.93000030517578,61553,0.0,0.0
2024-05-07 12:30:00-04:00,52.900001525878906,52.97999954223633,52.77000045776367,52.939998626708984,52320,0.0,0.0
2024-05-07 13:30:00-04:00,52.959999084472656,52.994998931884766,52.459999084472656,52.459999084472656,81246,0.0,0.0
2024-05-07 14:30:00-04:00,52.459999084472656,52.5099983215332,52.310001373291016,52.38999938964844,148912,0.0,0.0
2024-05-07 15:30:00-04:00,52.38999938964844,52.47999954223633,52.150001525878906,52.18000030517578,330330,0.0,0.0
2024-05-08 09:30:00-04:00,52.0099983215332,52.11000061035156,51.54999923706055,51.970001220703125,82603,0.0,0.0
2024-05-08 10:30:00-04:00,51.939998626708984,52.09000015258789,51.790000915527344,52.060001373291016,125658,0.0,0.0
2024-05-08 11:30:00-04:00,52.040000915527344,52.11000061035156,51.869998931884766,51.869998931884766,107760,0.0,0.0
2024-05-08 12:30:00-04:00,51.880001068115234,52.16999816894531,51.7599983215332,52.130001068115234,87558,0.0,0.0
2024-05-08 13:30:00-04:00,52.119998931884766,52.380001068115234,52.11000061035156,52.33000183105469,108620,0.0,0.0
2024-05-08 14:30:00-04:00,52.34000015258789,52.40999984741211,52.209999084472656,52.29999923706055,108022,0.0,0.0
2024-05-08 15:30:00-04:00,52.290000915527344,52.45000076293945,52.119998931884766,52.130001068115234,241357,0.0,0.0
2024-05-09 09:30:00-04:00,50.720001220703125,52.279998779296875,50.494998931884766,52.18000030517578,130740,0.0,0.0
2024-05-09 10:30:00-04:00,52.130001068115234,52.20000076293945,51.459999084472656,51.505001068115234,177019,0.0,0.0
2024-05-09 11:30:00-04:00,51.505001068115234,51.83000183105469,51.400001525878906,51.65999984741211,154858,0.0,0.0
2024-05-09 12:30:00-04:00,51.68000030517578,52.279998779296875,51.58000183105469,52.02000045776367,110846,0.0,0.0
2024-05-09 13:30:00-04:00,52.01499938964844,52.45000076293945,51.959999084472656,52.435001373291016,106311,0.0,0.0
2024-05-09 14:30:00-04:00,52.41999816894531,52.849998474121094,52.310001373291016,52.849998474121094,160021,0.0,0.0
2024-05-09 15:30:00-04:00,52.845001220703125,52.869998931884766,52.59000015258789,52.619998931884766,344743,0.0,0.0
2024-05-10 09:30:00-04:00,52.68000030517578,52.73500061035156,51.84000015258789,51.84000015258789,161375,0.0,0.0
2024-05-10 10:30:00-04:00,51.869998931884766,52.255001068115234,51.7599983215332,51.77000045776367,79398,0.0,0.0
2024-05-10 11:30:00-04:00,51.790000915527344,51.939998626708984,51.599998474121094,51.70000076293945,89558,0.0,0.0
2024-05-10 12:30:00-04:00,51.76499938964844,51.95000076293945,51.73500061035156,51.93000030517578,55146,0.0,0.0
2024-05-10 13:30:00-04:00,51.95000076293945,52.01499938964844,51.83000183105469,51.89500045776367,96345,0.0,0.0
2024-05-10 14:30:00-04:00,51.93000030517578,52.0,51.709999084472656,51.709999084472656,161203,0.0,0.0
2024-05-10 15:30:00-04:00,51.709999084472656,51.7599983215332,51.45000076293945,51.540000915527344,278690,0.0,0.0
2024-05-13 09:30:00-04:00,51.81999969482422,51.81999969482422,51.2400016784668,51.279998779296875,162148,0.0,0.0
2024-05-13 10:30:00-04:00,51.25,51.55500030517578,51.209999084472656,51.23500061035156,95266,0.0,0.0
2024-05-13 11:30:00-04:00,51.22999954223633,51.47420120239258,51.16749954223633,51.28499984741211,99025,0.0,0.0
2024-05-13 12:30:00-04:00,51.27000045776367,51.560001373291016,51.18000030517578,51.470001220703125,74290,0.0,0.0
2024-05-13 13:30:00-04:00,51.503501892089844,51.650001525878906,51.44499969482422,51.54999923706055,61214,0.0,0.0
2024-05-13 14:30:00-04:00,51.56999969482422,51.61000061035156,51.5,51.540000915527344,70439,0.0,0.0
2024-05-13 15:30:00-04:00,51.53900146484375,51.53900146484375,51.2599983215332,51.41999816894531,177229,0.0,0.0
2024-05-14 09:30:00-04:00,51.7400016784668,52.09000015258789,51.45000076293945,52.005001068115234,151513,0.0,0.0
2024-05-14 10:30:00-04:00,52.0099983215332,52.1974983215332,52.0099983215332,52.119998931884766,101392,0.0,0.0
2024-05-14 11:30:00-04:00,52.119998931884766,52.290000915527344,52.11000061035156,52.27000045776367,93136,0.0,0.0
2024-05-14 12:30:00-04:00,52.275001525878906,52.28850173950195,51.880001068115234,51.88999938964844,110200,0.0,0.0
2024-05-14 13:30:00-04:00,51.900001525878906,51.92499923706055,51.779998779296875,51.88999938964844,73111,0.0,0.0
2024-05-14 14:30:00-04:00,51.880001068115234,51.994998931884766,51.849998474121094,51.93000030517578,82205,0.0,0.0
2024-05-14 15:30:00-04:00,51.93000030517578,51.98500061035156,51.86000061035156,51.959999084472656,224756,0.0,0.0
2024-05-15 09:30:00-04:00,52.5,52.5,52.290000915527344,52.39500045776367,89153,0.0,0.0
2024-05-15 10:30:00-04:00,52.400001525878906,52.470001220703125,52.31999969482422,52.470001220703125,57418,0.0,0.0
2024-05-15 11:30:00-04:00,52.47999954223633,52.54999923706055,52.0,52.22999954223633,70457,0.0,0.0
2024-05-15 12:30:00-04:00,52.22050094604492,52.255001068115234,52.099998474121094,52.119998931884766,61894,0.0,0.0
2024-05-15 13:30:00-04:00,52.119998931884766,52.25,52.11000061035156,52.2400016784668,39036,0.0,0.0
2024-05-15 14:30:00-04:00,52.22999954223633,52.2400016784668,52.040000915527344,52.119998931884766,54245,0.0,0.0
2024-05-15 15:30:00-04:00,52.119998931884766,52.146400451660156,52.0,52.040000915527344,166271,0.0,0.0
2024-05-16 09:30:00-04:00,52.029998779296875,52.119998931884766,51.540000915527344,51.8650016784668,120893,0.0,0.0
2024-05-16 10:30:00-04:00,51.84000015258789,52.02000045776367,51.810001373291016,51.869998931884766,92851,0.0,0.0
2024-05-16 11:30:00-04:00,51.849998474121094,52.0,51.779998779296875,51.939998626708984,71829,0.0,0.0
2024-05-16 12:30:00-04:00,51.93000030517578,52.20000076293945,51.8650016784668,52.13999938964844,453384,0.0,0.0
2024-05-16 13:30:00-04:00,52.13999938964844,52.27000045776367,51.9900016784668,52.1349983215332,95731,0.0,0.0
2024-05-16 14:30:00-04:00,52.130001068115234,52.18000030517578,52.040000915527344,52.14500045776367,150553,0.0,0.0
2024-05-16 15:30:00-04:00,52.149898529052734,52.16999816894531,51.869998931884766,51.93000030517578,236385,0.0,0.0
2024-05-17 09:30:00-04:00,52.0,52.244998931884766,51.84000015258789,52.040000915527344,107784,0.0,0.0
2024-05-17 10:30:00-04:00,52.029998779296875,52.20000076293945,51.97999954223633,52.130001068115234,92536,0.0,0.0
2024-05-17 11:30:00-04:00,52.130001068115234,52.17499923706055,52.02000045776367,52.125,107717,0.0,0.0
2024-05-17 12:30:00-04:00,52.1150016784668,52.470001220703125,52.08000183105469,52.43000030517578,92070,0.0,0.0
2024-05-17 13:30:00-04:00,52.41999816894531,52.459999084472656,52.34000015258789,52.41999816894531,111925,0.0,0.0
2024-05-17 14:30:00-04:00,52.41999816894531,52.47999954223633,52.34000015258789,52.400001525878906,142460,0.0,0.0
2024-05-17 15:30:00-04:00,52.400001525878906,52.400001525878906,52.18000030517578,52.27000045776367,262584,0.0,0.0
2024-05-20 09:30:00-04:00,52.29999923706055,52.61000061035156,51.95000076293945,52.155601501464844,242705,0.0,0.0
2024-05-20 10:30:00-04:00,52.155601501464844,52.56999969482422,52.12009811401367,52.56999969482422,135917,0.0,0.0
2024-05-20 11:30:00-04:00,52.55500030517578,52.584999084472656,52.36000061035156,52.564998626708984,77803,0.0,0.0
2024-05-20 12:30:00-04:00,52.54999923706055,52.61000061035156,52.34000015258789,52.56999969482422,65212,0.0,0.0
2024-05-20 13:30:00-04:00,52.57500076293945,52.7400016784668,52.54499816894531,52.724998474121094,71679,0.0,0.0
2024-05-20 14:30:00-04:00,52.724998474121094,52.7599983215332,52.52000045776367,52.66999816894531,83247,0.0,0.0
2024-05-20 15:30:00-04:00,52.67599868774414,52.83000183105469,52.63999938964844,52.72999954223633,170882,0.0,0.0
2024-05-21 09:30:00-04:00,52.709999084472656,52.95000076293945,52.625,52.70000076293945,68280,0.0,0.0
2024-05-21 10:30:00-04:00,52.70500183105469,52.72999954223633,52.41999816894531,52.529998779296875,59361,0.0,0.0
2024-05-21 11:30:00-04:00,52.52000045776367,52.619998931884766,52.47999954223633,52.58000183105469,34666,0.0,0.0
2024-05-21 12:30:00-04:00,52.58000183105469,52.685001373291016,52.529998779296875,52.57500076293945,30175,0.0,0.0
2024-05-21 13:30:00-04:00,52.57500076293945,52.599998474121094,52.4900016784668,52.560001373291016,33010,0.0,0.0
2024-05-21 14:30:00-04:00,52.54999923706055,52.68000030517578,52.5099983215332,52.654998779296875,35855,0.0,0.0
2024-05-21 15:30:00-04:00,52.66999816894531,52.86000061035156,52.57899856567383,52.84000015258789,132760,0.0,0.0
2024-05-22 09:30:00-04:00,52.619998931884766,52.86000061035156,52.619998931884766,52.685001373291016,42750,0.0,0.0
2024-05-22 10:30:00-04:00,52.709999084472656,52.709999084472656,52.210899353027344,52.210899353027344,45659,0.0,0.0
2024-05-22 11:30:00-04:00,52.220001220703125,52.310001373291016,52.130001068115234,52.1349983215332,41590,0.0,0.0
2024-05-22 12:30:00-04:00,52.150001525878906,52.2400016784668,51.900001525878906,52.0,149020,0.0,0.0
2024-05-22 13:30:00-04:00,52.0,52.0099983215332,51.5,51.5,44449,0.0,0.0
2024-05-22 14:30:00-04:00,51.48099899291992,51.4900016784668,51.21500015258789,51.279998779296875,75638,0.0,0.0
2024-05-22 15:30:00-04:00,51.2599983215332,51.349998474121094,51.130001068115234,51.15999984741211,161733,0.0,0.0
2024-05-23 09:30:00-04:00,51.15999984741211,51.15999984741211,50.4900016784668,50.82500076293945,63416,0.0,0.0
2024-05-23 10:30:00-04:00,50.810001373291016,50.810001373291016,50.54999923706055,50.6619987487793,50456,0.0,0.0
2024-05-23 11:30:00-04:00,50.68000030517578,50.82500076293945,50.630001068115234,50.65999984741211,32241,0.0,0.0
2024-05-23 12:30:00-04:00,50.650001525878906,50.689998626708984,50.25,50.290000915527344,39602,0.0,0.0
2024-05-23 13:30:00-04:00,50.29199981689453,50.29199981689453,49.875,49.90999984741211,67560,0.0,0.0
2024-05-23 14:30:00-04:00,49.900001525878906,50.040000915527344,49.900001525878906,49.970001220703125,59859,0.0,0.0
2024-05-23 15:30:00-04:00,49.970001220703125,50.02000045776367,49.869998931884766,49.90999984741211,137309,0.0,0.0
2024-05-24 09:30:00-04:00,50.29999923706055,50.56999969482422,50.04499816894531,50.400001525878906,58505,0.0,0.0
2024-05-24 10:30:00-04:00,50.3849983215332,50.75,50.33000183105469,50.75,35624,0.0,0.0
2024-05-24 11:30:00-04:00,50.73899841308594,50.84000015258789,50.59000015258789,50.81999969482422,36220,0.0,0.0
2024-05-24 12:30:00-04:00,50.84000015258789,50.84000015258789,50.63999938964844,50.709999084472656,34008,0.0,0.0
2024-05-24 13:30:00-04:00,50.720001220703125,50.77000045776367,50.650001525878906,50.65999984741211,36477,0.0,0.0
2024-05-24 14:30:00-04:00,50.66999816894531,50.72999954223633,50.599998474121094,50.63999938964844,44750,0.0,0.0
2024-05-24 15:30:00-04:00,50.619998931884766,50.79999923706055,50.619998931884766,50.77000045776367,93571,0.0,0.0
2024-05-28 09:30:00-04:00,50.75,50.88999938964844,50.279998779296875,50.595001220703125,67604,0.0,0.0
2024-05-28 10:30:00-04:00,50.54999923706055,50.65999984741211,50.390098571777344,50.48500061035156,41096,0.0,0.0
2024-05-28 11:30:00-04:00,50.439998626708984,50.439998626708984,50.22999954223633,50.2599983215332,23753,0.0,0.0
2024-05-28 12:30:00-04:00,50.25,50.43000030517578,50.119998931884766,50.18000030517578,24586,0.0,0.0
2024-05-28 13:30:00-04:00,50.189998626708984,50.189998626708984,49.900001525878906,49.90999984741211,37579,0.0,0.0
2024-05-28 14:30:00-04:00,49.900001525878906,49.97999954223633,49.810001373291016,49.95000076293945,65430,0.0,0.0
2024-05-28 15:30:00-04:00,49.95000076293945,50.369998931884766,49.93479919433594,50.290000915527344,230443,0.0,0.0
2024-05-29 09:30:00-04:00,49.720001220703125,49.849998474121094,49.47999954223633,49.5,58946,0.0,0.0
2024-05-29 10:30:00-04:00,49.51499938964844,49.779998779296875,49.5,49.689998626708984,46400,0.0,0.0
2024-05-29 11:30:00-04:00,49.689998626708984,49.810001373291016,49.599998474121094,49.810001373291016,44786,0.0,0.0
2024-05-29 12:30:00-04:00,49.849998474121094,49.849998474121094,49.69499969482422,49.78499984741211,38374,0.0,0.0
2024-05-29 13:30:00-04:00,49.79999923706055,49.83399963378906,49.72999954223633,49.7599983215332,35390,0.0,0.0
2024-05-29 14:30:00-04:00,49.7400016784668,49.880001068115234,49.709999084472656,49.86000061035156,52507,0.0,0.0
2024-05-29 15:30:00-04:00,49.834999084472656,49.95000076293945,49.79999923706055,49.88999938964844,147005,0.0,0.0
2024-05-30 09:30:00-04:00,50.06999969482422,50.36000061035156,49.70000076293945,50.099998474121094,156774,0.0,0.0
2024-05-30 10:30:00-04:00,50.040000915527344,50.665000915527344,50.029998779296875,50.650001525878906,61534,0.0,0.0
2024-05-30 11:30:00-04:00,50.61000061035156,50.630001068115234,50.349998474121094,50.41999816894531,38931,0.0,0.0
2024-05-30 12:30:00-04:00,50.40999984741211,50.43000030517578,50.279998779296875,50.380001068115234,56096,0.0,0.0
2024-05-30 13:30:00-04:00,50.39569854736328,50.45500183105469,50.33000183105469,50.36130142211914,37283,0.0,0.0
2024-05-30 14:30:00-04:00,50.36000061035156,50.3650016784668,50.189998626708984,50.25,74199,0.0,0.0
2024-05-30 15:30:00-04:00,50.25,50.29999923706055,50.13999938964844,50.27000045776367,197457,0.0,0.0
2024-05-31 09:30:00-04:00,50.439998626708984,50.63999938964844,50.20000076293945,50.34000015258789,46314,0.0,0.0
2024-05-31 10:30:00-04:00,50.310001373291016,50.380001068115234,50.16999816894531,50.220001220703125,40529,0.0,0.0
2024-05-31 11:30:00-04:00,50.224998474121094,50.244998931884766,49.90999984741211,49.935001373291016,32872,0.0,0.0
2024-05-31 12:30:00-04:00,49.94499969482422,50.04999923706055,49.900001525878906,50.040000915527344,32375,0.0,0.0
2024-05-31 13:30:00-04:00,50.04499816894531,50.18000030517578,50.040000915527344,50.11000061035156,42781,0.0,0.0
2024-05-31 14:30:00-04:00,50.10900115966797,50.23500061035156,50.03499984741211,50.04999923706055,65579,0.0,0.0
2024-05-31 15:30:00-04:00,50.040000915527344,50.380001068115234,50.0,50.380001068115234,246947,0.0,0.0
2024-06-03 09:30:00-04:00,50.689998626708984,50.75590133666992,50.15999984741211,50.380001068115234,62928,0.0,0.0
2024-06-03 10:30:00-04:00,50.380001068115234,50.41999816894531,50.18000030517578,50.32500076293945,64420,0.0,0.0
2024-06-03 11:30:00-04:00,50.31999969482422,50.51620101928711,50.130001068115234,50.1349983215332,45600,0.0,0.0
2024-06-03 12:30:00-04:00,50.150001525878906,50.369998931884766,49.959999084472656,50.29999923706055,63605,0.0,0.0
2024-06-03 13:30:00-04:00,50.33000183105469,50.5099983215332,50.29069900512695,50.439998626708984,112583,0.0,0.0
2024-06-03 14:30:00-04:00,50.45000076293945,50.61000061035156,50.439998626708984,50.560001373291016,77688,0.0,0.0
2024-06-03 15:30:00-04:00,50.54999923706055,50.709999084472656,50.45000076293945,50.650001525878906,176985,0.0,0.0
2024-06-04 09:30:00-04:00,50.310001373291016,51.33000183105469,50.14339828491211,51.17499923706055,79473,0.0,0.0
2024-06-04 10:30:00-04:00,51.20000076293945,51.36000061035156,50.81999969482422,50.93000030517578,152920,0.0,0.0
2024-06-04 11:30:00-04:00,50.929901123046875,50.970001220703125,50.70000076293945,50.834999084472656,148381,0.0,0.0
2024-06-04 12:30:00-04:00,50.81999969482422,50.81999969482422,50.45000076293945,50.5,46528,0.0,0.0
2024-06-04 13:30:00-04:00,50.5099983215332,50.84000015258789,50.369998931884766,50.84000015258789,65122,0.0,0.0
2024-06-04 14:30:00-04:00,50.81999969482422,51.06999969482422,50.790000915527344,50.9900016784668,151038,0.0,0.0
2024-06-04 15:30:00-04:00,51.0099983215332,51.06999969482422,50.7599983215332,51.040000915527344,469219,0.0,0.0
2024-06-05 09:30:00-04:00,51.22999954223633,51.31999969482422,50.40999984741211,50.63999938964844,36176,0.0,0.0
2024-06-05 10:30:00-04:00,50.70000076293945,50.82500076293945,50.529998779296875,50.82500076293945,34914,0.0,0.0
2024-06-05 11:30:00-04:00,50.810001373291016,50.95000076293945,50.7400016784668,50.7599983215332,34216,0.0,0.0
2024-06-05 12:30:00-04:00,50.76499938964844,50.84000015258789,50.33000183105469,50.3849983215332,47577,0.0,0.0
2024-06-05 13:30:00-04:00,50.400001525878906,50.540000915527344,50.375,50.4900016784668,38260,0.0,0.0
2024-06-05 14:30:00-04:00,50.4900016784668,50.55500030517578,50.27000045776367,50.349998474121094,84822,0.0,0.0
2024-06-05 15:30:00-04:00,50.34000015258789,50.349998474121094,49.97999954223633,50.119998931884766,236947,0.0,0.0
2024-06-06 09:30:00-04:00,50.0,50.20000076293945,49.900001525878906,50.14619827270508,31946,0.0,0.0
2024-06-06 10:30:00-04:00,50.16999816894531,50.16999816894531,49.91999816894531,49.970001220703125,34249,0.0,0.0
2024-06-06 11:30:00-04:00,50.0,50.04999923706055,49.88999938964844,49.90999984741211,39834,0.0,0.0
2024-06-06 12:30:00-04:00,49.90999984741211,49.95000076293945,49.779998779296875,49.90999984741211,49901,0.0,0.0
2024-06-06 13:30:00-04:00,49.88999938964844,49.88999938964844,49.45000076293945,49.6150016784668,66717,0.0,0.0
2024-06-06 14:30:00-04:00,49.619998931884766,49.77000045776367,49.619998931884766,49.709999084472656,67729,0.0,0.0
2024-06-06 15:30:00-04:00,49.71500015258789,49.75,49.595001220703125,49.72999954223633,157566,0.0,0.0
2024-06-07 09:30:00-04:00,49.310001373291016,49.685001373291016,49.119998931884766,49.52000045776367,52615,0.0,0.0
2024-06-07 10:30:00-04:00,49.52000045776367,49.60340118408203,49.25,49.27000045776367,58391,0.0,0.0
2024-06-07 11:30:00-04:00,49.26499938964844,49.54610061645508,49.25,49.44499969482422,40894,0.0,0.0
2024-06-07 12:30:00-04:00,49.470001220703125,49.5,49.29010009765625,49.4900016784668,53111,0.0,0.0
2024-06-07 13:30:00-04:00,49.4900016784668,49.560001373291016,49.310001373291016,49.525001525878906,61725,0.0,0.0
2024-06-07 14:30:00-04:00,49.52000045776367,49.584999084472656,49.380001068115234,49.470001220703125,62709,0.0,0.0
2024-06-07 15:30:00-04:00,49.459999084472656,49.5,49.18000030517578,49.220001220703125,152517,0.0,0.0
2024-06-10 09:30:00-04:00,48.900001525878906,48.90999984741211,48.209999084472656,48.650001525878906,78732,0.0,0.0
2024-06-10 10:30:00-04:00,48.689998626708984,48.880001068115234,48.689998626708984,48.75,42194,0.0,0.0
2024-06-10 11:30:00-04:00,48.72999954223633,49.040000915527344,48.685001373291016,48.970001220703125,45706,0.0,0.0
2024-06-10 12:30:00-04:00,48.91999816894531,49.02000045776367,48.880001068115234,49.0,41218,0.0,0.0
2024-06-10 13:30:00-04:00,48.97999954223633,49.209999084472656,48.97999954223633,49.16999816894531,42109,0.0,0.0
2024-06-10 14:30:00-04:00,49.17499923706055,49.20000076293945,49.0099983215332,49.06999969482422,51653,0.0,0.0
2024-06-10 15:30:00-04:00,49.07500076293945,49.18000030517578,48.939998626708984,48.95000076293945,144505,0.0,0.0
2024-06-11 09:30:00-04:00,48.83000183105469,48.83000183105469,48.099998474121094,48.5099983215332,61575,0.0,0.0
2024-06-11 10:30:00-04:00,48.4900016784668,48.81999969482422,48.369998931884766,48.7599983215332,53980,0.0,0.0
2024-06-11 11:30:00-04:00,48.779998779296875,48.83000183105469,48.619998931884766,48.654998779296875,40223,0.0,0.0
2024-06-11 12:30:00-04:00,48.63999938964844,48.720001220703125,48.540000915527344,48.56999969482422,34620,0.0,0.0
2024-06-11 13:30:00-04:00,48.58000183105469,48.7599983215332,48.5,48.720001220703125,90643,0.0,0.0
2024-06-11 14:30:00-04:00,48.72999954223633,48.790000915527344,48.66999816894531,48.689998626708984,58506,0.0,0.0
2024-06-11 15:30:00-04:00,48.689998626708984,48.77000045776367,48.58000183105469,48.630001068115234,172258,0.0,0.0
2024-06-12 09:30:00-04:00,49.689998626708984,50.08000183105469,49.47999954223633,50.04999923706055,74615,0.0,0.0
2024-06-12 10:30:00-04:00,50.0099983215332,50.25,49.720001220703125,49.720001220703125,48923,0.0,0.0
2024-06-12 11:30:00-04:00,49.7400016784668,50.0,49.7400016784668,50.0,66281,0.0,0.0
2024-06-12 12:30:00-04:00,50.0,50.13999938964844,49.939998626708984,49.95000076293945,40023,0.0,0.0
2024-06-12 13:30:00-04:00,49.91400146484375,49.93000030517578,49.459999084472656,49.77000045776367,34978,0.0,0.0
2024-06-12 14:30:00-04:00,49.7400016784668,49.81999969482422,48.96500015258789,48.970001220703125,71783,0.0,0.0
2024-06-12 15:30:00-04:00,48.95000076293945,49.27000045776367,48.95000076293945,49.2400016784668,117405,0.0,0.0
2024-06-13 09:30:00-04:00,49.18000030517578,49.18000030517578,48.4900016784668,48.5099983215332,48302,0.0,0.0
2024-06-13 10:30:00-04:00,48.540000915527344,48.66999816894531,48.5,48.619998931884766,62227,0.0,0.0
2024-06-13 11:30:00-04:00,48.61000061035156,48.86000061035156,48.61000061035156,48.75,42064,0.0,0.0
2024-06-13 12:30:00-04:00,48.790000915527344,49.02000045776367,48.779998779296875,48.93000030517578,33943,0.0,0.0
2024-06-13 13:30:00-04:00,48.915000915527344,48.970001220703125,48.81999969482422,48.83000183105469,58924,0.0,0.0
2024-06-13 14:30:00-04:00,48.80500030517578,48.9900016784668,48.77000045776367,48.959999084472656,54284,0.0,0.0
2024-06-13 15:30:00-04:00,48.95000076293945,49.04999923706055,48.91999816894531,49.0099983215332,108874,0.0,0.0
2024-06-14 09:30:00-04:00,48.060001373291016,48.505001068115234,48.060001373291016,48.22999954223633,38299,0.0,0.0
2024-06-14 10:30:00-04:00,48.244998931884766,48.439998626708984,48.09000015258789,48.369998931884766,152528,0.0,0.0
2024-06-14 11:30:00-04:00,48.415401458740234,48.5099983215332,48.189998626708984,48.19499969482422,186548,0.0,0.0
2024-06-14 12:30:00-04:00,48.16999816894531,48.380001068115234,48.119998931884766,48.27000045776367,27162,0.0,0.0
2024-06-14 13:30:00-04:00,48.2599983215332,48.279998779296875,48.09000015258789,48.20000076293945,29721,0.0,0.0
2024-06-14 14:30:00-04:00,48.16999816894531,48.2400016784668,48.13999938964844,48.220001220703125,45999,0.0,0.0
2024-06-14 15:30:00-04:00,48.209999084472656,48.36000061035156,48.16999816894531,48.27000045776367,117162,0.0,0.0
2024-06-17 09:30:00-04:00,48.16999816894531,48.595001220703125,48.0099983215332,48.34000015258789,59099,0.0,0.0
2024-06-17 10:30:00-04:00,48.36000061035156,48.459999084472656,48.18000030517578,48.435001373291016,46862,0.0,0.0
2024-06-17 11:30:00-04:00,48.43000030517578,48.619998931884766,48.369998931884766,48.6150016784668,42501,0.0,0.0
2024-06-17 12:30:00-04:00,48.63999938964844,48.685001373291016,48.529998779296875,48.529998779296875,37921,0.0,0.0
2024-06-17 13:30:00-04:00,48.52000045776367,48.720001220703125,48.52000045776367,48.66999816894531,87879,0.0,0.0
2024-06-17 14:30:00-04:00,48.68000030517578,48.72999954223633,48.56999969482422,48.660099029541016,58757,0.0,0.0
2024-06-17 15:30:00-04:00,48.68000030517578,48.93000030517578,48.65999984741211,48.90999984741211,113845,0.0,0.0
2024-06-18 09:30:00-04:00,48.91999816894531,49.41999816894531,48.80500030517578,48.934200286865234,45757,0.0,0.0
2024-06-18 10:30:00-04:00,48.880001068115234,49.005001068115234,48.7599983215332,48.880001068115234,61675,0.0,0.0
2024-06-18 11:30:00-04:00,48.869998931884766,49.13999938964844,48.81999969482422,49.084999084472656,66822,0.0,0.0
2024-06-18 12:30:00-04:00,49.06999969482422,49.18000030517578,48.90999984741211,49.07080078125,59463,0.0,0.0
2024-06-18 13:30:00-04:00,49.04999923706055,49.130001068115234,48.95000076293945,49.10499954223633,65162,0.0,0.0
2024-06-18 14:30:00-04:00,49.13999938964844,49.13999938964844,48.790000915527344,48.81679916381836,61592,0.0,0.0
2024-06-18 15:30:00-04:00,48.79999923706055,49.16999816894531,48.790000915527344,49.13999938964844,173854,0.0,0.0
2024-06-20 09:30:00-04:00,48.939998626708984,49.58000183105469,48.939998626708984,49.55500030517578,46929,0.0,0.0
2024-06-20 10:30:00-04:00,49.58000183105469,49.58000183105469,49.18000030517578,49.290000915527344,55614,0.0,0.0
2024-06-20 11:30:00-04:00,49.31999969482422,49.349998474121094,49.13869857788086,49.30500030517578,36901,0.0,0.0
2024-06-20 12:30:00-04:00,49.29999923706055,49.36000061035156,49.2599983215332,49.334999084472656,28324,0.0,0.0
2024-06-20 13:30:00-04:00,49.31999969482422,49.52000045776367,49.220001220703125,49.5,61723,0.0,0.0
2024-06-20 14:30:00-04:00,49.52429962158203,49.540000915527344,49.25,49.29499816894531,87886,0.0,0.0
2024-06-20 15:30:00-04:00,49.29999923706055,49.380001068115234,49.2400016784668,49.27000045776367,121379,0.0,0.0
2024-06-21 09:30:00-04:00,49.18000030517578,49.779998779296875,49.06999969482422,49.779998779296875,150578,0.0,0.0
2024-06-21 10:30:00-04:00,49.78499984741211,49.790000915527344,49.529998779296875,49.75,61063,0.0,0.0
2024-06-21 11:30:00-04:00,49.7400016784668,49.779998779296875,49.56999969482422,49.61000061035156,62544,0.0,0.0
2024-06-21 12:30:00-04:00,49.6150016784668,49.709999084472656,49.58000183105469,49.61000061035156,103864,0.0,0.0
2024-06-21 13:30:00-04:00,49.61000061035156,49.625,49.45000076293945,49.58000183105469,85470,0.0,0.0
2024-06-21 14:30:00-04:00,49.58000183105469,49.630001068115234,49.45000076293945,49.547000885009766,106615,0.0,0.0
2024-06-21 15:30:00-04:00,49.540000915527344,49.63999938964844,49.45000076293945,49.560001373291016,260879,0.0,0.0
