Datetime,Open,High,Low,Close,Volume,Dividends,Stock Splits,Capital Gains
2022-06-23 10:30:00-04:00,47.7400016784668,47.7400016784668,47.7400016784668,47.7400016784668,0,0.0,0.0,0.0
2022-06-23 12:30:00-04:00,47.362098693847656,47.362098693847656,47.31999969482422,47.31999969482422,653,0.0,0.0,0.0
2022-06-23 13:30:00-04:00,47.619998931884766,47.619998931884766,47.619998931884766,47.619998931884766,100,0.0,0.0,0.0
2022-06-23 14:30:00-04:00,47.70009994506836,47.70009994506836,47.70009994506836,47.70009994506836,300,0.0,0.0,0.0
2022-06-23 15:30:00-04:00,47.890098571777344,47.95249938964844,47.890098571777344,47.95249938964844,220,0.0,0.0,0.0
2022-06-24 12:30:00-04:00,48.900001525878906,48.90999984741211,48.900001525878906,48.90999984741211,0,0.0,0.0,0.0
2022-06-24 13:30:00-04:00,49.0,49.0,49.0,49.0,115,0.0,0.0,0.0
2022-06-24 14:30:00-04:00,49.06999969482422,49.36000061035156,49.06999969482422,49.36000061035156,176,0.0,0.0,0.0
2022-06-27 10:30:00-04:00,49.220001220703125,49.22999954223633,49.220001220703125,49.22999954223633,0,0.0,0.0,0.0
2022-06-27 15:30:00-04:00,49.040000915527344,49.189998626708984,49.040000915527344,49.189998626708984,202,0.0,0.0,0.0
2022-06-28 10:30:00-04:00,49.08000183105469,49.08000183105469,49.08000183105469,49.08000183105469,0,0.0,0.0,0.0
2022-06-28 11:30:00-04:00,48.61000061035156,48.61000061035156,48.61000061035156,48.61000061035156,200,0.0,0.0,0.0
2022-06-28 12:30:00-04:00,48.63999938964844,48.65999984741211,48.63999938964844,48.65999984741211,278,0.0,0.0,0.0
2022-06-29 09:30:00-04:00,48.33000183105469,48.33000183105469,48.33000183105469,48.33000183105469,1248,0.0,0.0,0.0
2022-06-29 10:30:00-04:00,48.316001892089844,48.40999984741211,48.220001220703125,48.220001220703125,2900,0.0,0.0,0.0
2022-06-29 11:30:00-04:00,48.220001220703125,48.220001220703125,48.220001220703125,48.220001220703125,247,0.0,0.0,0.0
2022-06-29 12:30:00-04:00,48.11000061035156,48.141998291015625,48.11000061035156,48.141998291015625,257,0.0,0.0,0.0
2022-06-29 13:30:00-04:00,48.435298919677734,48.435298919677734,48.435298919677734,48.435298919677734,110,0.0,0.0,0.0
2022-06-29 14:30:00-04:00,48.16999816894531,48.322898864746094,48.16999816894531,48.322898864746094,371,0.0,0.0,0.0
2022-06-30 11:30:00-04:00,47.83000183105469,48.040000915527344,47.380001068115234,48.040000915527344,27953,0.0,0.0,0.0
2022-06-30 12:30:00-04:00,48.099998474121094,48.099998474121094,47.9015007019043,47.9015007019043,1721,0.0,0.0,0.0
2022-06-30 13:30:00-04:00,48.18989944458008,48.18989944458008,48.06990051269531,48.06990051269531,1681,0.0,0.0,0.0
2022-06-30 14:30:00-04:00,48.060001373291016,48.060001373291016,47.647499084472656,47.7599983215332,487,0.0,0.0,0.0
2022-07-01 09:30:00-04:00,47.58000183105469,47.779998779296875,47.459999084472656,47.779998779296875,0,0.0,0.0,0.0
2022-07-01 11:30:00-04:00,47.31999969482422,47.33000183105469,47.279998779296875,47.279998779296875,1667,0.0,0.0,0.0
2022-07-01 13:30:00-04:00,47.63999938964844,47.63999938964844,47.5099983215332,47.61989974975586,1023,0.0,0.0,0.0
2022-07-05 09:30:00-04:00,47.13999938964844,47.13999938964844,47.13999938964844,47.13999938964844,0,0.0,0.0,0.0
2022-07-05 10:30:00-04:00,47.220001220703125,47.220001220703125,47.17210006713867,47.17210006713867,345,0.0,0.0,0.0
2022-07-05 11:30:00-04:00,47.13999938964844,47.13999938964844,47.13999938964844,47.13999938964844,204,0.0,0.0,0.0
2022-07-05 14:30:00-04:00,47.9900016784668,47.9900016784668,47.9900016784668,47.9900016784668,400,0.0,0.0,0.0
2022-07-05 15:30:00-04:00,47.9900016784668,48.13999938964844,47.9900016784668,48.13999938964844,402,0.0,0.0,0.0
2022-07-06 09:30:00-04:00,48.209999084472656,48.220001220703125,48.209999084472656,48.220001220703125,0,0.0,0.0,0.0
2022-07-06 10:30:00-04:00,48.27799987792969,48.27799987792969,48.27799987792969,48.27799987792969,345,0.0,0.0,0.0
2022-07-06 12:30:00-04:00,48.150001525878906,48.150001525878906,48.150001525878906,48.150001525878906,150,0.0,0.0,0.0
2022-07-06 13:30:00-04:00,48.25,48.290000915527344,48.25,48.28799819946289,1014,0.0,0.0,0.0
2022-07-06 14:30:00-04:00,48.56999969482422,48.70000076293945,48.522499084472656,48.689998626708984,1174,0.0,0.0,0.0
2022-07-06 15:30:00-04:00,48.51689910888672,48.51689910888672,48.439998626708984,48.439998626708984,0,0.0,0.0,0.0
2022-07-07 09:30:00-04:00,48.88999938964844,48.88999938964844,48.779998779296875,48.779998779296875,8548,0.0,0.0,0.0
2022-07-07 13:30:00-04:00,48.900001525878906,49.09000015258789,48.900001525878906,49.09000015258789,1237,0.0,0.0,0.0
2022-07-07 14:30:00-04:00,49.102500915527344,49.13999938964844,49.099998474121094,49.13999938964844,403,0.0,0.0,0.0
2022-07-08 09:30:00-04:00,48.91999816894531,48.91999816894531,48.91999816894531,48.91999816894531,0,0.0,0.0,0.0
2022-07-08 10:30:00-04:00,49.24800109863281,49.2599983215332,49.24800109863281,49.2599983215332,226,0.0,0.0,0.0
2022-07-08 13:30:00-04:00,49.029998779296875,49.130001068115234,49.029998779296875,49.130001068115234,225,0.0,0.0,0.0
2022-07-08 14:30:00-04:00,49.290000915527344,49.290000915527344,49.290000915527344,49.290000915527344,200,0.0,0.0,0.0
2022-07-08 15:30:00-04:00,49.30550003051758,49.30550003051758,49.2599983215332,49.2599983215332,216,0.0,0.0,0.0
2022-07-11 09:30:00-04:00,48.939998626708984,48.939998626708984,48.560001373291016,48.689998626708984,1984,0.0,0.0,0.0
2022-07-11 12:30:00-04:00,48.7400016784668,48.7400016784668,48.7400016784668,48.7400016784668,1499,0.0,0.0,0.0
2022-07-11 14:30:00-04:00,48.619998931884766,48.630001068115234,48.61000061035156,48.61000061035156,2982,0.0,0.0,0.0
2022-07-12 09:30:00-04:00,48.63999938964844,48.91999816894531,48.63999938964844,48.91999816894531,0,0.0,0.0,0.0
2022-07-12 10:30:00-04:00,48.61600112915039,48.61600112915039,48.61600112915039,48.61600112915039,226,0.0,0.0,0.0
2022-07-12 13:30:00-04:00,48.59989929199219,48.59989929199219,48.59989929199219,48.59989929199219,129,0.0,0.0,0.0
2022-07-12 14:30:00-04:00,48.4900016784668,48.4900016784668,48.15769958496094,48.18000030517578,561,0.0,0.0,0.0
2022-07-13 09:30:00-04:00,47.4109992980957,47.41999816894531,47.400001525878906,47.41999816894531,0,0.0,0.0,0.0
2022-07-13 10:30:00-04:00,47.970001220703125,47.970001220703125,47.7599983215332,47.81999969482422,32649,0.0,0.0,0.0
2022-07-13 12:30:00-04:00,48.13999938964844,48.13999938964844,47.7599983215332,47.7599983215332,0,0.0,0.0,0.0
2022-07-14 09:30:00-04:00,47.0099983215332,47.10929870605469,47.0099983215332,47.10929870605469,509,0.0,0.0,0.0
2022-07-14 10:30:00-04:00,46.86669921875,47.130001068115234,46.86669921875,47.130001068115234,1943,0.0,0.0,0.0
2022-07-14 14:30:00-04:00,47.63999938964844,47.63999938964844,47.63999938964844,47.63999938964844,106,0.0,0.0,0.0
2022-07-14 15:30:00-04:00,47.72890090942383,47.77000045776367,47.65999984741211,47.65999984741211,0,0.0,0.0,0.0
2022-07-15 12:30:00-04:00,48.5099983215332,48.5099983215332,48.5099983215332,48.5099983215332,693,0.0,0.0,0.0
2022-07-15 14:30:00-04:00,48.559898376464844,48.70000076293945,48.559898376464844,48.70000076293945,525,0.0,0.0,0.0
2022-07-18 10:30:00-04:00,48.87990188598633,48.87990188598633,48.06999969482422,48.73500061035156,366,0.0,0.0,0.0
2022-07-19 12:30:00-04:00,49.099998474121094,49.29999923706055,49.060001373291016,49.29999923706055,265,0.0,0.0,0.0
2022-07-20 11:30:00-04:00,49.709999084472656,49.709999084472656,49.709999084472656,49.709999084472656,33757,0.0,0.0,0.0
2022-07-20 12:30:00-04:00,49.619998931884766,49.619998931884766,49.619998931884766,49.619998931884766,100,0.0,0.0,0.0
2022-07-20 13:30:00-04:00,49.57500076293945,49.62799835205078,49.560001373291016,49.56999969482422,1067,0.0,0.0,0.0
2022-07-20 14:30:00-04:00,49.77799987792969,49.77799987792969,49.720001220703125,49.720001220703125,0,0.0,0.0,0.0
2022-07-21 09:30:00-04:00,49.81999969482422,49.81999969482422,49.79999923706055,49.81999969482422,825,0.0,0.0,0.0
2022-07-21 10:30:00-04:00,49.709999084472656,49.709999084472656,49.70000076293945,49.70000076293945,1001,0.0,0.0,0.0
2022-07-21 11:30:00-04:00,50.060001373291016,50.11009979248047,49.97999954223633,50.11000061035156,1745,0.0,0.0,0.0
2022-07-21 12:30:00-04:00,50.209999084472656,50.209999084472656,50.209999084472656,50.209999084472656,379,0.0,0.0,0.0
2022-07-21 14:30:00-04:00,50.20000076293945,50.380001068115234,50.20000076293945,50.380001068115234,300,0.0,0.0,0.0
2022-07-22 10:30:00-04:00,50.4099006652832,50.4099006652832,50.4099006652832,50.4099006652832,0,0.0,0.0,0.0
2022-07-22 14:30:00-04:00,49.63999938964844,49.880001068115234,49.63999938964844,49.880001068115234,332,0.0,0.0,0.0
2022-07-25 09:30:00-04:00,49.70669937133789,49.70669937133789,49.70669937133789,49.70669937133789,0,0.0,0.0,0.0
2022-07-25 13:30:00-04:00,49.75339889526367,49.75339889526367,49.619998931884766,49.71799850463867,1137,0.0,0.0,0.0
2022-07-25 14:30:00-04:00,49.65299987792969,49.669898986816406,49.649898529052734,49.669898986816406,548,0.0,0.0,0.0
2022-07-25 15:30:00-04:00,49.709999084472656,49.90999984741211,49.709999084472656,49.90999984741211,134,0.0,0.0,0.0
2022-07-26 10:30:00-04:00,49.5099983215332,49.52000045776367,49.5099983215332,49.52000045776367,0,0.0,0.0,0.0
2022-07-26 14:30:00-04:00,49.36029815673828,49.38669967651367,49.36029815673828,49.38669967651367,241,0.0,0.0,0.0
2022-07-27 11:30:00-04:00,50.1239013671875,50.1239013671875,50.1239013671875,50.1239013671875,0,0.0,0.0,0.0
2022-07-27 12:30:00-04:00,50.16999816894531,50.61000061035156,50.119998931884766,50.61000061035156,604,0.0,0.0,0.0
2022-07-28 10:30:00-04:00,50.66749954223633,50.66749954223633,50.66749954223633,50.66749954223633,0,0.0,0.0,0.0
2022-07-28 12:30:00-04:00,51.04999923706055,51.119998931884766,51.04999923706055,51.119998931884766,262,0.0,0.0,0.0
2022-07-28 13:30:00-04:00,51.27899932861328,51.30910110473633,51.27899932861328,51.30910110473633,1534,0.0,0.0,0.0
2022-07-28 14:30:00-04:00,51.34000015258789,51.358001708984375,51.18000030517578,51.18000030517578,825,0.0,0.0,0.0
2022-07-29 10:30:00-04:00,51.41999816894531,51.41999816894531,51.41999816894531,51.41999816894531,0,0.0,0.0,0.0
2022-07-29 13:30:00-04:00,51.500099182128906,51.790000915527344,51.47999954223633,51.790000915527344,74574,0.0,0.0,0.0
2022-08-01 13:30:00-04:00,51.59000015258789,51.59000015258789,51.56999969482422,51.56999969482422,294,0.0,0.0,0.0
2022-08-02 10:30:00-04:00,51.540000915527344,51.540000915527344,51.521400451660156,51.521400451660156,14924,0.0,0.0,0.0
2022-08-02 13:30:00-04:00,51.349998474121094,51.5099983215332,51.33000183105469,51.5099983215332,3136,0.0,0.0,0.0
2022-08-02 14:30:00-04:00,51.45009994506836,51.45009994506836,51.45000076293945,51.45000076293945,1055,0.0,0.0,0.0
2022-08-02 15:30:00-04:00,51.30160140991211,51.30160140991211,51.279998779296875,51.279998779296875,254,0.0,0.0,0.0
2022-08-03 09:30:00-04:00,51.73440170288086,51.73440170288086,51.73440170288086,51.73440170288086,0,0.0,0.0,0.0
2022-08-03 10:30:00-04:00,51.599998474121094,51.72999954223633,51.599998474121094,51.65999984741211,913,0.0,0.0,0.0
2022-08-03 13:30:00-04:00,52.040000915527344,52.040000915527344,52.03499984741211,52.03799819946289,1455,0.0,0.0,0.0
2022-08-03 15:30:00-04:00,52.2400016784668,52.2400016784668,52.029998779296875,52.029998779296875,101,0.0,0.0,0.0
2022-08-04 09:30:00-04:00,51.970001220703125,51.970001220703125,51.970001220703125,51.970001220703125,0,0.0,0.0,0.0
2022-08-04 10:30:00-04:00,51.814998626708984,51.814998626708984,51.814998626708984,51.814998626708984,191,0.0,0.0,0.0
2022-08-04 15:30:00-04:00,51.84049987792969,51.84049987792969,51.7400016784668,51.7400016784668,0,0.0,0.0,0.0
2022-08-05 13:30:00-04:00,51.599998474121094,51.65999984741211,51.599998474121094,51.65999984741211,146,0.0,0.0,0.0
2022-08-08 10:30:00-04:00,52.0,52.0,52.0,52.0,176,0.0,0.0,0.0
2022-08-08 13:30:00-04:00,51.63520050048828,51.63520050048828,51.54999923706055,51.6150016784668,1049,0.0,0.0,0.0
2022-08-08 14:30:00-04:00,51.5,51.68000030517578,51.5,51.68000030517578,1165,0.0,0.0,0.0
2022-08-09 09:30:00-04:00,51.2755012512207,51.2755012512207,51.099998474121094,51.099998474121094,0,0.0,0.0,0.0
2022-08-10 09:30:00-04:00,51.869998931884766,52.09000015258789,51.869998931884766,51.970001220703125,714,0.0,0.0,0.0
2022-08-10 10:30:00-04:00,52.2760009765625,52.309898376464844,52.20000076293945,52.20000076293945,10834,0.0,0.0,0.0
2022-08-10 14:30:00-04:00,52.22999954223633,52.290000915527344,52.22999954223633,52.290000915527344,417,0.0,0.0,0.0
2022-08-11 09:30:00-04:00,52.52000045776367,52.59579849243164,52.52000045776367,52.59579849243164,0,0.0,0.0,0.0
2022-08-11 10:30:00-04:00,52.88999938964844,52.88999938964844,52.20000076293945,52.20000076293945,0,0.0,0.0,0.0
2022-08-12 10:30:00-04:00,52.54999923706055,52.54999923706055,52.470001220703125,52.54999923706055,750,0.0,0.0,0.0
2022-08-12 13:30:00-04:00,52.888999938964844,53.16999816894531,52.861698150634766,53.16999816894531,324,0.0,0.0,0.0
2022-08-15 09:30:00-04:00,52.7400016784668,52.7400016784668,52.7400016784668,52.7400016784668,0,0.0,0.0,0.0
2022-08-15 13:30:00-04:00,53.279998779296875,53.279998779296875,53.22060012817383,53.22060012817383,2672,0.0,0.0,0.0
2022-08-15 15:30:00-04:00,53.27000045776367,53.27000045776367,53.27000045776367,53.27000045776367,0,0.0,0.0,0.0
2022-08-16 09:30:00-04:00,53.12990188598633,53.12990188598633,53.12990188598633,53.12990188598633,1481,0.0,0.0,0.0
2022-08-16 13:30:00-04:00,53.349998474121094,53.5,53.349998474121094,53.5,994,0.0,0.0,0.0
2022-08-16 14:30:00-04:00,53.25,53.25,53.25,53.25,3933,0.0,0.0,0.0
2022-08-16 15:30:00-04:00,53.369998931884766,53.37900161743164,53.36000061035156,53.37900161743164,587,0.0,0.0,0.0
2022-08-17 10:30:00-04:00,52.849998474121094,52.849998474121094,52.849998474121094,52.849998474121094,0,0.0,0.0,0.0
2022-08-17 11:30:00-04:00,52.9900016784668,53.0,52.9900016784668,53.0,1250,0.0,0.0,0.0
2022-08-17 12:30:00-04:00,53.04999923706055,53.060001373291016,53.0099983215332,53.0099983215332,736,0.0,0.0,0.0
2022-08-17 13:30:00-04:00,53.15999984741211,53.15999984741211,53.15999984741211,53.15999984741211,1433,0.0,0.0,0.0
2022-08-17 14:30:00-04:00,53.279998779296875,53.279998779296875,52.989200592041016,52.989200592041016,0,0.0,0.0,0.0
2022-08-18 10:30:00-04:00,52.93000030517578,52.93000030517578,52.79999923706055,52.79999923706055,14216,0.0,0.0,0.0
2022-08-18 11:30:00-04:00,52.939998626708984,52.939998626708984,52.939998626708984,52.939998626708984,100,0.0,0.0,0.0
2022-08-18 13:30:00-04:00,52.939998626708984,52.939998626708984,52.90999984741211,52.925899505615234,1040,0.0,0.0,0.0
2022-08-18 14:30:00-04:00,52.91999816894531,52.9900016784668,52.83000183105469,52.849998474121094,5053,0.0,0.0,0.0
2022-08-18 15:30:00-04:00,52.91999816894531,53.04999923706055,52.87879943847656,52.87879943847656,0,0.0,0.0,0.0
2022-08-19 10:30:00-04:00,52.46989822387695,52.46989822387695,52.46989822387695,52.46989822387695,1026,0.0,0.0,0.0
2022-08-19 14:30:00-04:00,52.38999938964844,52.40999984741211,52.38999938964844,52.40999984741211,218,0.0,0.0,0.0
2022-08-22 10:30:00-04:00,51.3567008972168,51.439998626708984,51.27000045776367,51.400001525878906,4194,0.0,0.0,0.0
2022-08-22 11:30:00-04:00,51.31999969482422,51.400001525878906,51.25,51.380001068115234,5081,0.0,0.0,0.0
2022-08-22 15:30:00-04:00,51.09000015258789,51.119998931884766,51.06999969482422,51.09000015258789,1013,0.0,0.0,0.0
2022-08-23 10:30:00-04:00,50.9900016784668,50.9900016784668,50.9900016784668,50.9900016784668,0,0.0,0.0,0.0
2022-08-23 11:30:00-04:00,50.86000061035156,50.86000061035156,50.86000061035156,50.86000061035156,991,0.0,0.0,0.0
2022-08-23 12:30:00-04:00,50.91999816894531,50.939998626708984,50.91999816894531,50.939998626708984,0,0.0,0.0,0.0
2022-08-24 09:30:00-04:00,50.810001373291016,50.83000183105469,50.810001373291016,50.83000183105469,43,0.0,0.0,0.0
2022-08-24 11:30:00-04:00,51.09000015258789,51.11000061035156,51.09000015258789,51.11000061035156,678,0.0,0.0,0.0
2022-08-24 13:30:00-04:00,50.81999969482422,50.81999969482422,50.81999969482422,50.81999969482422,216,0.0,0.0,0.0
2022-08-24 14:30:00-04:00,50.93000030517578,50.93000030517578,50.93000030517578,50.93000030517578,100,0.0,0.0,0.0
2022-08-24 15:30:00-04:00,51.02000045776367,51.02799987792969,50.81999969482422,51.02799987792969,792,0.0,0.0,0.0
2022-08-25 09:30:00-04:00,51.119998931884766,51.119998931884766,51.119998931884766,51.119998931884766,0,0.0,0.0,0.0
2022-08-25 11:30:00-04:00,51.2400016784668,51.2400016784668,51.237998962402344,51.2400016784668,500,0.0,0.0,0.0
2022-08-25 13:30:00-04:00,51.75,51.75,51.290000915527344,51.75,485,0.0,0.0,0.0
2022-08-26 10:30:00-04:00,50.900001525878906,50.900001525878906,50.900001525878906,50.900001525878906,0,0.0,0.0,0.0
2022-08-26 13:30:00-04:00,50.46989822387695,50.46989822387695,50.46989822387695,50.46989822387695,504,0.0,0.0,0.0
2022-08-26 14:30:00-04:00,50.09000015258789,50.09000015258789,49.914100646972656,49.914100646972656,233,0.0,0.0,0.0
2022-08-29 13:30:00-04:00,49.737998962402344,49.737998962402344,49.5099983215332,49.5099983215332,738,0.0,0.0,0.0
2022-08-29 14:30:00-04:00,49.720001220703125,49.720001220703125,49.369998931884766,49.369998931884766,0,0.0,0.0,0.0
2022-08-30 10:30:00-04:00,49.0,49.0,49.0,49.0,312,0.0,0.0,0.0
2022-08-30 12:30:00-04:00,48.91999816894531,48.91999816894531,48.90999984741211,48.91999816894531,815,0.0,0.0,0.0
2022-08-30 13:30:00-04:00,48.97999954223633,49.16999816894531,48.95000076293945,48.95000076293945,336,0.0,0.0,0.0
2022-08-31 12:30:00-04:00,49.02000045776367,49.02000045776367,48.939998626708984,48.939998626708984,100,0.0,0.0,0.0
2022-08-31 14:30:00-04:00,48.939998626708984,48.940101623535156,48.939998626708984,48.940101623535156,2117,0.0,0.0,0.0
2022-08-31 15:30:00-04:00,48.93000030517578,48.959999084472656,48.81060028076172,48.81060028076172,0,0.0,0.0,0.0
2022-09-01 09:30:00-04:00,48.58000183105469,48.58000183105469,48.58000183105469,48.58000183105469,738,0.0,0.0,0.0
2022-09-01 10:30:00-04:00,48.2599983215332,48.38999938964844,48.230899810791016,48.38800048828125,1289,0.0,0.0,0.0
2022-09-01 11:30:00-04:00,48.45000076293945,48.45000076293945,48.45000076293945,48.45000076293945,100,0.0,0.0,0.0
2022-09-01 12:30:00-04:00,48.400001525878906,48.459999084472656,48.400001525878906,48.459999084472656,1784,0.0,0.0,0.0
2022-09-01 14:30:00-04:00,48.83000183105469,48.970001220703125,48.83000183105469,48.970001220703125,110,0.0,0.0,0.0
2022-09-02 10:30:00-04:00,49.47999954223633,49.47999954223633,49.47999954223633,49.47999954223633,0,0.0,0.0,0.0
2022-09-02 13:30:00-04:00,48.65999984741211,48.680999755859375,48.65999984741211,48.680999755859375,488,0.0,0.0,0.0
2022-09-02 14:30:00-04:00,48.58000183105469,48.60499954223633,48.47800064086914,48.4900016784668,11940,0.0,0.0,0.0
2022-09-06 10:30:00-04:00,48.61009979248047,48.61009979248047,48.61009979248047,48.61009979248047,0,0.0,0.0,0.0
2022-09-06 13:30:00-04:00,48.39469909667969,48.39469909667969,48.39469909667969,48.39469909667969,154,0.0,0.0,0.0
2022-09-06 14:30:00-04:00,48.29999923706055,48.314998626708984,48.29999923706055,48.29999923706055,314,0.0,0.0,0.0
2022-09-07 12:30:00-04:00,48.917999267578125,48.917999267578125,48.917999267578125,48.917999267578125,346,0.0,0.0,0.0
2022-09-07 14:30:00-04:00,49.2400016784668,49.2400016784668,49.2400016784668,49.2400016784668,108,0.0,0.0,0.0
2022-09-07 15:30:00-04:00,49.20130157470703,49.20800018310547,49.20130157470703,49.20130157470703,200,0.0,0.0,0.0
2022-09-08 12:30:00-04:00,49.66999816894531,49.66999816894531,49.65999984741211,49.65999984741211,10735,0.0,0.0,0.0
2022-09-08 13:30:00-04:00,49.650001525878906,49.78129959106445,49.650001525878906,49.78129959106445,1424,0.0,0.0,0.0
2022-09-09 09:30:00-04:00,50.189998626708984,50.189998626708984,50.189998626708984,50.189998626708984,0,0.0,0.0,0.0
2022-09-09 10:30:00-04:00,50.48529815673828,50.48529815673828,50.47829818725586,50.47829818725586,487,0.0,0.0,0.0
2022-09-09 12:30:00-04:00,50.54010009765625,50.54010009765625,50.540000915527344,50.540000915527344,365,0.0,0.0,0.0
2022-09-09 14:30:00-04:00,50.65999984741211,50.65999984741211,50.65999984741211,50.65999984741211,0,0.0,0.0,0.0
2022-09-09 15:30:00-04:00,50.630001068115234,50.63010025024414,50.560001373291016,50.599998474121094,2601,0.0,0.0,0.0
2022-09-12 10:30:00-04:00,51.130001068115234,51.13570022583008,48.970001220703125,51.130001068115234,74,0.0,0.0,0.0
2022-09-14 14:30:00-04:00,48.79999923706055,48.79999923706055,48.79999923706055,48.79999923706055,3924,0.0,0.0,0.0
2022-09-14 15:30:00-04:00,49.0099983215332,49.0099983215332,48.69029998779297,48.69029998779297,391,0.0,0.0,0.0
2022-09-15 09:30:00-04:00,49.09000015258789,49.11989974975586,49.06999969482422,49.11989974975586,3221,0.0,0.0,0.0
2022-09-15 10:30:00-04:00,48.774898529052734,48.774898529052734,48.774898529052734,48.774898529052734,243,0.0,0.0,0.0
2022-09-15 12:30:00-04:00,48.779998779296875,49.08000183105469,48.779998779296875,49.08000183105469,0,0.0,0.0,0.0
2022-09-15 15:30:00-04:00,48.599998474121094,48.61000061035156,48.59000015258789,48.59000015258789,5317,0.0,0.0,0.0
2022-09-16 09:30:00-04:00,47.959999084472656,47.959999084472656,47.84000015258789,47.84000015258789,2044,0.0,0.0,0.0
2022-09-16 10:30:00-04:00,47.88999938964844,47.88999938964844,47.839500427246094,47.839500427246094,1679,0.0,0.0,0.0
2022-09-16 12:30:00-04:00,47.69060134887695,47.9900016784668,47.69060134887695,47.9900016784668,266,0.0,0.0,0.0
2022-09-19 09:30:00-04:00,47.88999938964844,47.88999938964844,47.84000015258789,47.84000015258789,0,0.0,0.0,0.0
2022-09-19 10:30:00-04:00,48.04499816894531,48.04499816894531,48.04499816894531,48.04499816894531,249,0.0,0.0,0.0
2022-09-19 13:30:00-04:00,47.900001525878906,47.900001525878906,47.900001525878906,47.900001525878906,138,0.0,0.0,0.0
2022-09-19 14:30:00-04:00,48.16999816894531,48.16999816894531,48.16999816894531,48.16999816894531,201,0.0,0.0,0.0
2022-09-19 15:30:00-04:00,48.209999084472656,48.279998779296875,48.209999084472656,48.279998779296875,0,0.0,0.0,0.0
2022-09-20 09:30:00-04:00,47.54999923706055,47.54999923706055,47.54999923706055,47.54999923706055,1641,0.0,0.0,0.0
2022-09-20 10:30:00-04:00,47.61349868774414,47.63999938964844,47.61349868774414,47.63999938964844,815,0.0,0.0,0.0
2022-09-20 11:30:00-04:00,47.779998779296875,47.779998779296875,47.779998779296875,47.779998779296875,518,0.0,0.0,0.0
2022-09-20 14:30:00-04:00,47.672298431396484,47.672298431396484,47.61800003051758,47.672298431396484,631,0.0,0.0,0.0
2022-09-21 09:30:00-04:00,47.83000183105469,48.119998931884766,47.83000183105469,48.119998931884766,0,0.0,0.0,0.0
2022-09-21 10:30:00-04:00,48.040000915527344,48.040000915527344,48.040000915527344,48.040000915527344,130,0.0,0.0,0.0
2022-09-21 13:30:00-04:00,47.630001068115234,47.630001068115234,47.62799835205078,47.62799835205078,738,0.0,0.0,0.0
2022-09-21 15:30:00-04:00,46.91999816894531,47.060001373291016,46.91999816894531,46.91999816894531,100,0.0,0.0,0.0
2022-09-22 10:30:00-04:00,46.5,46.5,46.5,46.5,717,0.0,0.0,0.0
2022-09-22 12:30:00-04:00,46.61000061035156,46.61000061035156,46.61000061035156,46.61000061035156,288,0.0,0.0,0.0
2022-09-22 14:30:00-04:00,46.56999969482422,46.619998931884766,46.5,46.5,418,0.0,0.0,0.0
2022-09-23 12:30:00-04:00,45.84000015258789,45.84000015258789,45.8380012512207,45.8380012512207,0,0.0,0.0,0.0
2022-09-23 13:30:00-04:00,45.650001525878906,46.09000015258789,45.650001525878906,46.09000015258789,232,0.0,0.0,0.0
2022-09-26 12:30:00-04:00,45.47999954223633,45.47999954223633,45.47999954223633,45.47999954223633,154,0.0,0.0,0.0
2022-09-26 13:30:00-04:00,45.5099983215332,45.5099983215332,45.5099983215332,45.5099983215332,0,0.0,0.0,0.0
2022-09-26 15:30:00-04:00,45.5099983215332,45.5099983215332,45.5,45.5,1846,0.0,0.0,0.0
2022-09-27 10:30:00-04:00,45.869998931884766,45.869998931884766,45.869998931884766,45.869998931884766,0,0.0,0.0,0.0
2022-09-27 12:30:00-04:00,45.190101623535156,45.279998779296875,45.190101623535156,45.25600051879883,1434,0.0,0.0,0.0
2022-09-27 13:30:00-04:00,45.25,45.25,45.24800109863281,45.24800109863281,287,0.0,0.0,0.0
2022-09-27 15:30:00-04:00,45.2599983215332,45.37630081176758,45.2599983215332,45.37630081176758,1575,0.0,0.0,0.0
2022-09-28 09:30:00-04:00,45.349998474121094,45.349998474121094,45.349998474121094,45.349998474121094,0,0.0,0.0,0.0
2022-09-28 14:30:00-04:00,46.31669998168945,46.31669998168945,46.2401008605957,46.2401008605957,0,0.0,0.0,0.0
2022-09-29 12:30:00-04:00,45.400001525878906,45.400001525878906,45.400001525878906,45.400001525878906,4633,0.0,0.0,0.0
2022-09-29 13:30:00-04:00,45.220001220703125,45.45000076293945,45.220001220703125,45.45000076293945,0,0.0,0.0,0.0
2022-09-30 09:30:00-04:00,45.33000183105469,45.33000183105469,45.33000183105469,45.33000183105469,4662,0.0,0.0,0.0
2022-09-30 13:30:00-04:00,45.20000076293945,45.20000076293945,45.20000076293945,45.20000076293945,530,0.0,0.0,0.0
2022-09-30 14:30:00-04:00,45.0,45.0,45.0,45.0,203,0.0,0.0,0.0
2022-09-30 15:30:00-04:00,45.0,45.0,44.76169967651367,44.76169967651367,1036,0.0,0.0,0.0
2022-10-03 09:30:00-04:00,45.150001525878906,45.150001525878906,45.150001525878906,45.150001525878906,203,0.0,0.0,0.0
2022-10-03 10:30:00-04:00,45.650001525878906,45.650001525878906,45.599998474121094,45.599998474121094,1486,0.0,0.0,0.0
2022-10-03 11:30:00-04:00,45.560001373291016,45.560001373291016,45.560001373291016,45.560001373291016,150,0.0,0.0,0.0
2022-10-03 12:30:00-04:00,45.459999084472656,45.47999954223633,45.45000076293945,45.45000076293945,772,0.0,0.0,0.0
2022-10-03 14:30:00-04:00,45.97330093383789,46.029998779296875,45.74300003051758,45.959999084472656,31103,0.0,0.0,0.0
2022-10-03 15:30:00-04:00,45.97999954223633,45.99789810180664,45.80039978027344,45.80039978027344,0,0.0,0.0,0.0
2022-10-04 09:30:00-04:00,46.81999969482422,47.029998779296875,46.81999969482422,47.029998779296875,1578,0.0,0.0,0.0
2022-10-04 13:30:00-04:00,47.029998779296875,47.029998779296875,47.029998779296875,47.029998779296875,0,0.0,0.0,0.0
2022-10-04 15:30:00-04:00,47.15999984741211,47.19160079956055,47.11000061035156,47.19160079956055,2555,0.0,0.0,0.0
2022-10-05 10:30:00-04:00,46.61000061035156,46.63999938964844,46.56999969482422,46.63999938964844,1160,0.0,0.0,0.0
2022-10-05 12:30:00-04:00,47.0,47.0,47.0,47.0,169,0.0,0.0,0.0
2022-10-05 15:30:00-04:00,47.27000045776367,47.290000915527344,47.27000045776367,47.27000045776367,136,0.0,0.0,0.0
2022-10-06 09:30:00-04:00,47.279998779296875,47.40999984741211,47.279998779296875,47.40999984741211,0,0.0,0.0,0.0
2022-10-06 10:30:00-04:00,46.9900016784668,47.099998474121094,46.9900016784668,47.099998474121094,408,0.0,0.0,0.0
2022-10-06 15:30:00-04:00,46.880001068115234,46.880001068115234,46.849998474121094,46.880001068115234,407,0.0,0.0,0.0
2022-10-07 09:30:00-04:00,45.900001525878906,45.900001525878906,45.900001525878906,45.900001525878906,0,0.0,0.0,0.0
2022-10-07 10:30:00-04:00,45.88999938964844,46.0099983215332,45.88999938964844,46.0099983215332,618,0.0,0.0,0.0
2022-10-07 11:30:00-04:00,45.869998931884766,45.869998931884766,45.869998931884766,45.869998931884766,202,0.0,0.0,0.0
2022-10-07 12:30:00-04:00,45.790000915527344,45.790000915527344,45.790000915527344,45.790000915527344,501,0.0,0.0,0.0
2022-10-07 13:30:00-04:00,45.72090148925781,45.72090148925781,45.60499954223633,45.720001220703125,753,0.0,0.0,0.0
2022-10-07 15:30:00-04:00,45.5,45.60499954223633,45.47999954223633,45.60499954223633,624,0.0,0.0,0.0
2022-10-10 09:30:00-04:00,45.33000183105469,45.33000183105469,45.33000183105469,45.33000183105469,0,0.0,0.0,0.0
2022-10-10 12:30:00-04:00,45.07619857788086,45.07619857788086,45.07619857788086,45.07619857788086,800,0.0,0.0,0.0
2022-10-10 13:30:00-04:00,45.130001068115234,45.130001068115234,45.130001068115234,45.130001068115234,165,0.0,0.0,0.0
2022-10-10 15:30:00-04:00,45.220001220703125,45.220001220703125,45.14419937133789,45.14419937133789,300,0.0,0.0,0.0
2022-10-11 09:30:00-04:00,44.58000183105469,44.59000015258789,44.58000183105469,44.59000015258789,0,0.0,0.0,0.0
2022-10-11 10:30:00-04:00,44.665000915527344,44.665000915527344,44.665000915527344,44.665000915527344,321,0.0,0.0,0.0
2022-10-11 15:30:00-04:00,44.689998626708984,44.74089813232422,44.689998626708984,44.74089813232422,400,0.0,0.0,0.0
2022-10-12 10:30:00-04:00,44.84429931640625,44.84429931640625,44.84429931640625,44.84429931640625,0,0.0,0.0,0.0
2022-10-12 12:30:00-04:00,44.882598876953125,44.882598876953125,44.77000045776367,44.77000045776367,1313,0.0,0.0,0.0
2022-10-12 15:30:00-04:00,44.7599983215332,44.7599983215332,44.68000030517578,44.709999084472656,1701,0.0,0.0,0.0
2022-10-13 09:30:00-04:00,43.68000030517578,43.68000030517578,43.619998931884766,43.619998931884766,0,0.0,0.0,0.0
2022-10-13 10:30:00-04:00,43.92499923706055,44.130001068115234,43.92499923706055,44.130001068115234,441,0.0,0.0,0.0
2022-10-13 13:30:00-04:00,45.90299987792969,45.92020034790039,45.689998626708984,45.689998626708984,3632,0.0,0.0,0.0
2022-10-13 14:30:00-04:00,45.739898681640625,45.75,45.739898681640625,45.75,605,0.0,0.0,0.0
2022-10-13 15:30:00-04:00,45.88999938964844,45.900001525878906,45.849998474121094,45.849998474121094,2324,0.0,0.0,0.0
2022-10-14 09:30:00-04:00,46.31999969482422,46.31999969482422,45.40999984741211,45.40999984741211,0,0.0,0.0,0.0
2022-10-14 10:30:00-04:00,45.404998779296875,45.404998779296875,45.404998779296875,45.404998779296875,386,0.0,0.0,0.0
2022-10-14 11:30:00-04:00,45.29999923706055,45.29999923706055,45.187599182128906,45.187599182128906,329,0.0,0.0,0.0
2022-10-14 15:30:00-04:00,45.11000061035156,45.11000061035156,45.08000183105469,45.08000183105469,2008,0.0,0.0,0.0
2022-10-17 10:30:00-04:00,45.93000030517578,45.93000030517578,45.93000030517578,45.93000030517578,0,0.0,0.0,0.0
2022-10-17 13:30:00-04:00,46.2400016784668,46.2400016784668,46.2400016784668,46.2400016784668,11132,0.0,0.0,0.0
2022-10-17 15:30:00-04:00,46.2400016784668,46.2400016784668,46.22999954223633,46.2400016784668,0,0.0,0.0,0.0
2022-10-18 09:30:00-04:00,47.099998474121094,47.099998474121094,47.099998474121094,47.099998474121094,263,0.0,0.0,0.0
2022-10-18 10:30:00-04:00,46.882301330566406,46.91999816894531,46.882301330566406,46.91999816894531,965,0.0,0.0,0.0
2022-10-18 11:30:00-04:00,46.5,46.5,46.5,46.5,2697,0.0,0.0,0.0
2022-10-18 14:30:00-04:00,46.5,46.64099884033203,46.5,46.64099884033203,1273,0.0,0.0,0.0
2022-10-19 13:30:00-04:00,45.93349838256836,46.08000183105469,45.93349838256836,46.08000183105469,384,0.0,0.0,0.0
2022-10-20 09:30:00-04:00,46.643699645996094,46.643699645996094,46.643699645996094,46.643699645996094,0,0.0,0.0,0.0
2022-10-20 14:30:00-04:00,45.83060073852539,45.869998931884766,45.83060073852539,45.869998931884766,667,0.0,0.0,0.0
2022-10-21 13:30:00-04:00,46.54999923706055,46.54999923706055,46.54999923706055,46.54999923706055,0,0.0,0.0,0.0
2022-10-21 14:30:00-04:00,46.66939926147461,46.824100494384766,46.66939926147461,46.824100494384766,290,0.0,0.0,0.0
2022-10-24 12:30:00-04:00,47.34000015258789,47.34000015258789,47.34000015258789,47.34000015258789,0,0.0,0.0,0.0
2022-10-24 14:30:00-04:00,47.459999084472656,47.46009826660156,47.459999084472656,47.46009826660156,301,0.0,0.0,0.0
2022-10-24 15:30:00-04:00,47.31999969482422,47.34000015258789,47.31999969482422,47.34000015258789,101,0.0,0.0,0.0
2022-10-25 10:30:00-04:00,48.130001068115234,48.170799255371094,48.130001068115234,48.170799255371094,312,0.0,0.0,0.0
2022-10-25 12:30:00-04:00,48.15999984741211,48.239898681640625,47.97999954223633,47.980098724365234,1135,0.0,0.0,0.0
2022-10-25 13:30:00-04:00,48.130001068115234,48.189998626708984,48.130001068115234,48.189998626708984,466,0.0,0.0,0.0
2022-10-25 14:30:00-04:00,48.279998779296875,48.310001373291016,48.279998779296875,48.310001373291016,424,0.0,0.0,0.0
2022-10-26 09:30:00-04:00,48.51499938964844,48.51499938964844,48.51499938964844,48.51499938964844,0,0.0,0.0,0.0
2022-10-26 10:30:00-04:00,48.56999969482422,48.779998779296875,48.22999954223633,48.779998779296875,2500,0.0,0.0,0.0
2022-10-26 12:30:00-04:00,48.630001068115234,48.630001068115234,48.119998931884766,48.119998931884766,813,0.0,0.0,0.0
2022-10-27 09:30:00-04:00,48.06999969482422,48.06999969482422,48.06999969482422,48.06999969482422,0,0.0,0.0,0.0
2022-10-27 10:30:00-04:00,48.56999969482422,48.56999969482422,48.56800079345703,48.56800079345703,464,0.0,0.0,0.0
2022-10-27 15:30:00-04:00,47.900001525878906,47.900001525878906,47.81999969482422,47.81999969482422,0,0.0,0.0,0.0
2022-10-28 10:30:00-04:00,48.81999969482422,48.81999969482422,48.81999969482422,48.81999969482422,407,0.0,0.0,0.0
2022-10-28 11:30:00-04:00,48.7599983215332,48.7599983215332,48.75,48.75,1435,0.0,0.0,0.0
2022-10-28 15:30:00-04:00,49.04999923706055,49.04999923706055,49.040000915527344,49.040000915527344,100,0.0,0.0,0.0
2022-10-31 09:30:00-04:00,48.59000015258789,48.59000015258789,48.59000015258789,48.59000015258789,0,0.0,0.0,0.0
2022-10-31 10:30:00-04:00,48.7400016784668,48.79499816894531,48.7400016784668,48.76390075683594,525,0.0,0.0,0.0
2022-10-31 14:30:00-04:00,48.849998474121094,48.849998474121094,48.84000015258789,48.84000015258789,327,0.0,0.0,0.0
2022-11-01 10:30:00-04:00,48.849998474121094,48.849998474121094,48.849998474121094,48.849998474121094,0,0.0,0.0,0.0
2022-11-01 11:30:00-04:00,48.64799880981445,48.83000183105469,48.23899841308594,48.803001403808594,15308,0.0,0.0,0.0
2022-11-01 12:30:00-04:00,48.88240051269531,48.904300689697266,48.88240051269531,48.904300689697266,395,0.0,0.0,0.0
2022-11-01 13:30:00-04:00,48.95000076293945,48.95000076293945,48.9193000793457,48.95000076293945,718,0.0,0.0,0.0
2022-11-01 14:30:00-04:00,49.0,49.0,48.94599914550781,48.94599914550781,406,0.0,0.0,0.0
2022-11-01 15:30:00-04:00,48.95000076293945,48.95000076293945,48.790000915527344,48.790000915527344,394,0.0,0.0,0.0
2022-11-02 10:30:00-04:00,48.66999816894531,48.66999816894531,48.66999816894531,48.66999816894531,0,0.0,0.0,0.0
2022-11-02 11:30:00-04:00,48.650001525878906,48.650001525878906,48.650001525878906,48.650001525878906,202,0.0,0.0,0.0
2022-11-02 14:30:00-04:00,48.84000015258789,48.84000015258789,48.84000015258789,48.84000015258789,1784,0.0,0.0,0.0
2022-11-02 15:30:00-04:00,47.83000183105469,47.83000183105469,47.630001068115234,47.6963005065918,814,0.0,0.0,0.0
2022-11-03 10:30:00-04:00,47.220001220703125,47.220001220703125,47.040000915527344,47.040000915527344,671,0.0,0.0,0.0
2022-11-03 15:30:00-04:00,47.16999816894531,47.16999816894531,46.9900016784668,46.9900016784668,485,0.0,0.0,0.0
2022-11-04 11:30:00-04:00,47.2599983215332,47.2599983215332,47.224998474121094,47.22999954223633,2833,0.0,0.0,0.0
2022-11-04 13:30:00-04:00,47.06999969482422,47.06999969482422,47.06999969482422,47.06999969482422,198,0.0,0.0,0.0
2022-11-04 15:30:00-04:00,47.68000030517578,47.869998931884766,47.619998931884766,47.869998931884766,300,0.0,0.0,0.0
2022-11-07 11:30:00-05:00,47.86000061035156,48.047000885009766,47.86000061035156,48.047000885009766,2516,0.0,0.0,0.0
2022-11-07 12:30:00-05:00,47.9900016784668,47.9900016784668,47.9900016784668,47.9900016784668,102,0.0,0.0,0.0
2022-11-07 14:30:00-05:00,48.5088996887207,48.5088996887207,48.4900016784668,48.4900016784668,1043,0.0,0.0,0.0
2022-11-08 10:30:00-05:00,49.16379928588867,49.16379928588867,49.16379928588867,49.16379928588867,0,0.0,0.0,0.0
2022-11-08 11:30:00-05:00,49.2400016784668,49.2400016784668,49.2400016784668,49.2400016784668,3743,0.0,0.0,0.0
2022-11-08 13:30:00-05:00,48.9900016784668,48.9900016784668,48.91999816894531,48.91999816894531,257,0.0,0.0,0.0
2022-11-09 09:30:00-05:00,48.91999816894531,48.91999816894531,48.91999816894531,48.91999816894531,951,0.0,0.0,0.0
2022-11-09 10:30:00-05:00,48.529998779296875,48.529998779296875,48.529998779296875,48.529998779296875,173,0.0,0.0,0.0
2022-11-09 12:30:00-05:00,48.30500030517578,48.30500030517578,48.119998931884766,48.119998931884766,238,0.0,0.0,0.0
2022-11-10 09:30:00-05:00,50.099998474121094,50.099998474121094,50.09000015258789,50.099998474121094,0,0.0,0.0,0.0
2022-11-10 10:30:00-05:00,50.04999923706055,50.04999923706055,50.04999923706055,50.04999923706055,0,0.0,0.0,0.0
2022-11-10 12:30:00-05:00,50.130001068115234,50.130001068115234,50.130001068115234,50.130001068115234,2575,0.0,0.0,0.0
2022-11-10 13:30:00-05:00,50.25,50.2599983215332,50.2400016784668,50.25,1580,0.0,0.0,0.0
2022-11-10 14:30:00-05:00,50.5,50.5,50.5,50.5,1446,0.0,0.0,0.0
2022-11-10 15:30:00-05:00,50.682899475097656,50.682899475097656,50.58000183105469,50.624000549316406,400,0.0,0.0,0.0
2022-11-11 10:30:00-05:00,50.9900016784668,50.9900016784668,50.9900016784668,50.9900016784668,0,0.0,0.0,0.0
2022-11-11 11:30:00-05:00,50.71989822387695,50.849998474121094,50.71989822387695,50.849998474121094,765,0.0,0.0,0.0
2022-11-11 12:30:00-05:00,50.71500015258789,50.77000045776367,50.71500015258789,50.77000045776367,305,0.0,0.0,0.0
2022-11-11 15:30:00-05:00,51.185001373291016,51.22999954223633,51.185001373291016,51.22999954223633,497,0.0,0.0,0.0
2022-11-14 10:30:00-05:00,51.150001525878906,51.150001525878906,51.150001525878906,51.150001525878906,0,0.0,0.0,0.0
2022-11-14 12:30:00-05:00,51.130001068115234,51.349998474121094,51.130001068115234,51.349998474121094,1618,0.0,0.0,0.0
2022-11-14 15:30:00-05:00,50.81999969482422,50.81999969482422,50.67499923706055,50.67499923706055,4760,0.0,0.0,0.0
2022-11-15 09:30:00-05:00,51.3650016784668,51.3650016784668,51.3650016784668,51.3650016784668,0,0.0,0.0,0.0
2022-11-15 10:30:00-05:00,51.380001068115234,51.380001068115234,51.380001068115234,51.380001068115234,263,0.0,0.0,0.0
2022-11-15 14:30:00-05:00,51.02000045776367,51.20930099487305,51.0099983215332,51.18000030517578,18397,0.0,0.0,0.0
2022-11-15 15:30:00-05:00,51.02000045776367,51.16999816894531,51.0099983215332,51.16999816894531,2830,0.0,0.0,0.0
2022-11-16 10:30:00-05:00,50.85369873046875,50.85369873046875,50.85369873046875,50.85369873046875,0,0.0,0.0,0.0
2022-11-16 11:30:00-05:00,50.665000915527344,50.665000915527344,50.665000915527344,50.665000915527344,101,0.0,0.0,0.0
2022-11-16 12:30:00-05:00,50.83000183105469,50.900001525878906,50.60499954223633,50.72999954223633,4094,0.0,0.0,0.0
2022-11-16 13:30:00-05:00,50.595001220703125,50.619998931884766,50.470001220703125,50.529998779296875,800,0.0,0.0,0.0
2022-11-16 14:30:00-05:00,50.560001373291016,50.66999816894531,50.38999938964844,50.38999938964844,28692,0.0,0.0,0.0
2022-11-16 15:30:00-05:00,50.45000076293945,50.58000183105469,50.40999984741211,50.554500579833984,538,0.0,0.0,0.0
2022-11-17 09:30:00-05:00,50.150001525878906,50.150001525878906,50.150001525878906,50.150001525878906,0,0.0,0.0,0.0
2022-11-17 10:30:00-05:00,50.150001525878906,50.150001525878906,50.04999923706055,50.04999923706055,468,0.0,0.0,0.0
2022-11-17 12:30:00-05:00,50.58000183105469,50.58000183105469,50.58000183105469,50.58000183105469,128,0.0,0.0,0.0
2022-11-17 13:30:00-05:00,50.41999816894531,50.439998626708984,50.41999816894531,50.439998626708984,200,0.0,0.0,0.0
2022-11-17 14:30:00-05:00,50.279998779296875,50.54999923706055,50.189998626708984,50.189998626708984,42754,0.0,0.0,0.0
2022-11-18 10:30:00-05:00,50.7400016784668,50.7400016784668,50.7400016784668,50.7400016784668,0,0.0,0.0,0.0
2022-11-18 13:30:00-05:00,50.65999984741211,50.65999984741211,50.564998626708984,50.564998626708984,844,0.0,0.0,0.0
2022-11-18 14:30:00-05:00,50.529998779296875,50.529998779296875,50.529998779296875,50.529998779296875,350,0.0,0.0,0.0
2022-11-18 15:30:00-05:00,50.66999816894531,50.744598388671875,50.66999816894531,50.744598388671875,100,0.0,0.0,0.0
2022-11-21 10:30:00-05:00,50.56999969482422,50.56999969482422,50.56999969482422,50.56999969482422,0,0.0,0.0,0.0
2022-11-21 15:30:00-05:00,50.654998779296875,50.65999984741211,50.654998779296875,50.65999984741211,0,0.0,0.0,0.0
2022-11-22 11:30:00-05:00,50.970001220703125,50.970001220703125,50.970001220703125,50.970001220703125,1005,0.0,0.0,0.0
2022-11-22 14:30:00-05:00,51.27690124511719,51.301300048828125,51.27690124511719,51.301300048828125,311,0.0,0.0,0.0
2022-11-23 10:30:00-05:00,51.5,51.5,51.5,51.5,0,0.0,0.0,0.0
2022-11-23 11:30:00-05:00,51.43000030517578,51.43000030517578,51.43000030517578,51.43000030517578,1079,0.0,0.0,0.0
2022-11-23 12:30:00-05:00,51.41999816894531,51.52000045776367,51.41999816894531,51.52000045776367,201,0.0,0.0,0.0
2022-11-25 09:30:00-05:00,51.310001373291016,51.32500076293945,51.310001373291016,51.32500076293945,0,0.0,0.0,0.0
2022-11-25 12:30:00-05:00,51.66999816894531,51.66999816894531,51.56999969482422,51.619998931884766,351,0.0,0.0,0.0
2022-11-28 10:30:00-05:00,51.2599983215332,51.314998626708984,51.2599983215332,51.314998626708984,0,0.0,0.0,0.0
2022-11-28 11:30:00-05:00,51.380001068115234,51.380001068115234,51.2400016784668,51.2400016784668,1622,0.0,0.0,0.0
2022-11-28 12:30:00-05:00,51.22999954223633,51.22999954223633,50.970001220703125,50.970001220703125,1016,0.0,0.0,0.0
2022-11-28 13:30:00-05:00,50.91999816894531,50.91999816894531,50.91999816894531,50.91999816894531,180,0.0,0.0,0.0
2022-11-28 14:30:00-05:00,50.91999816894531,50.91999816894531,50.91999816894531,50.91999816894531,100,0.0,0.0,0.0
2022-11-28 15:30:00-05:00,50.95000076293945,51.0,50.95000076293945,50.951698303222656,356,0.0,0.0,0.0
2022-11-29 10:30:00-05:00,50.9900016784668,50.9900016784668,50.9900016784668,50.9900016784668,0,0.0,0.0,0.0
2022-11-29 12:30:00-05:00,50.869998931884766,50.869998931884766,50.869998931884766,50.869998931884766,314,0.0,0.0,0.0
2022-11-29 15:30:00-05:00,50.70000076293945,50.7400016784668,50.70000076293945,50.7400016784668,100,0.0,0.0,0.0
2022-11-30 09:30:00-05:00,50.959999084472656,50.959999084472656,50.959999084472656,50.959999084472656,0,0.0,0.0,0.0
2022-11-30 10:30:00-05:00,50.56999969482422,50.56999969482422,50.56999969482422,50.56999969482422,421,0.0,0.0,0.0
2022-11-30 12:30:00-05:00,50.70989990234375,52.41999816894531,50.70989990234375,52.41999816894531,317,0.0,0.0,0.0
2022-12-01 10:30:00-05:00,52.279998779296875,52.279998779296875,52.279998779296875,52.279998779296875,0,0.0,0.0,0.0
2022-12-01 11:30:00-05:00,52.43000030517578,52.43000030517578,52.386199951171875,52.386199951171875,437,0.0,0.0,0.0
2022-12-01 14:30:00-05:00,52.7400016784668,52.7400016784668,52.61539840698242,52.7400016784668,101,0.0,0.0,0.0
2022-12-02 12:30:00-05:00,52.22549819946289,52.22549819946289,52.22549819946289,52.22549819946289,0,0.0,0.0,0.0
2022-12-02 14:30:00-05:00,52.220001220703125,52.4900016784668,52.220001220703125,52.4900016784668,3954,0.0,0.0,0.0
2022-12-02 15:30:00-05:00,52.427101135253906,52.427101135253906,52.369998931884766,52.369998931884766,740,0.0,0.0,0.0
2022-12-05 09:30:00-05:00,51.869998931884766,52.0099983215332,51.869998931884766,52.0099983215332,0,0.0,0.0,0.0
2022-12-05 13:30:00-05:00,51.63999938964844,51.650001525878906,51.61000061035156,51.61000061035156,1364,0.0,0.0,0.0
2022-12-05 15:30:00-05:00,51.45000076293945,51.5994987487793,51.45000076293945,51.540000915527344,900,0.0,0.0,0.0
2022-12-06 10:30:00-05:00,51.16999816894531,51.16999816894531,51.16999816894531,51.16999816894531,0,0.0,0.0,0.0
2022-12-06 15:30:00-05:00,50.88999938964844,50.88999938964844,50.88999938964844,50.88999938964844,0,0.0,0.0,0.0
2022-12-07 09:30:00-05:00,50.79999923706055,50.939998626708984,50.79999923706055,50.8849983215332,1174,0.0,0.0,0.0
2022-12-07 11:30:00-05:00,50.77000045776367,51.0099983215332,50.77000045776367,51.0099983215332,3115,0.0,0.0,0.0
2022-12-07 12:30:00-05:00,50.970001220703125,50.97999954223633,50.970001220703125,50.97999954223633,967,0.0,0.0,0.0
2022-12-07 14:30:00-05:00,50.904998779296875,50.904998779296875,50.904998779296875,50.904998779296875,146,0.0,0.0,0.0
2022-12-07 15:30:00-05:00,50.873199462890625,50.91999816894531,50.79600143432617,50.81999969482422,4359,0.0,0.0,0.0
2022-12-08 09:30:00-05:00,51.130001068115234,51.470001220703125,51.130001068115234,51.439998626708984,36284,0.0,0.0,0.0
2022-12-08 10:30:00-05:00,51.41999816894531,51.46799850463867,51.369998931884766,51.369998931884766,543,0.0,0.0,0.0
2022-12-08 14:30:00-05:00,51.2400016784668,51.380001068115234,50.869998931884766,51.310001373291016,7781,0.0,0.0,0.0
2022-12-08 15:30:00-05:00,51.2400016784668,51.36750030517578,51.2400016784668,51.36750030517578,1079,0.0,0.0,0.0
2022-12-09 09:30:00-05:00,51.40999984741211,51.40999984741211,51.40999984741211,51.40999984741211,0,0.0,0.0,0.0
2022-12-09 10:30:00-05:00,51.310001373291016,51.31999969482422,51.310001373291016,51.31999969482422,693,0.0,0.0,0.0
2022-12-09 11:30:00-05:00,51.38999938964844,51.38999938964844,51.38999938964844,51.38999938964844,100,0.0,0.0,0.0
2022-12-09 12:30:00-05:00,51.18000030517578,51.22999954223633,51.18000030517578,51.22999954223633,592,0.0,0.0,0.0
2022-12-09 14:30:00-05:00,51.150001525878906,51.220001220703125,51.150001525878906,51.20000076293945,675,0.0,0.0,0.0
2022-12-09 15:30:00-05:00,51.04999923706055,51.060001373291016,50.875,50.875,200,0.0,0.0,0.0
2022-12-12 09:30:00-05:00,50.875,51.130001068115234,50.875,51.130001068115234,0,0.0,0.0,0.0
2022-12-12 11:30:00-05:00,51.18000030517578,51.2400016784668,51.18000030517578,51.2400016784668,492,0.0,0.0,0.0
2022-12-12 14:30:00-05:00,51.380001068115234,51.380001068115234,51.380001068115234,51.380001068115234,200,0.0,0.0,0.0
2022-12-12 15:30:00-05:00,51.52000045776367,51.689998626708984,51.52000045776367,51.689998626708984,700,0.0,0.0,0.0
2022-12-13 09:30:00-05:00,52.91999816894531,52.91999816894531,52.86000061035156,52.86000061035156,2042,0.0,0.0,0.0
2022-12-13 10:30:00-05:00,52.369998931884766,52.45000076293945,52.369998931884766,52.45000076293945,299,0.0,0.0,0.0
2022-12-13 14:30:00-05:00,52.129600524902344,52.129600524902344,52.099998474121094,52.099998474121094,650,0.0,0.0,0.0
2022-12-13 15:30:00-05:00,52.20000076293945,52.209999084472656,52.04999923706055,52.04999923706055,2000,0.0,0.0,0.0
2022-12-14 10:30:00-05:00,52.439998626708984,52.461299896240234,52.439998626708984,52.461299896240234,399,0.0,0.0,0.0
2022-12-14 13:30:00-05:00,52.060001373291016,52.06010055541992,51.939998626708984,52.0099983215332,763,0.0,0.0,0.0
2022-12-14 14:30:00-05:00,51.832698822021484,51.832698822021484,51.79499816894531,51.79499816894531,449,0.0,0.0,0.0
2022-12-15 09:30:00-05:00,51.02000045776367,51.040000915527344,51.02000045776367,51.040000915527344,0,0.0,0.0,0.0
2022-12-15 10:30:00-05:00,50.72999954223633,50.72999954223633,50.72999954223633,50.72999954223633,283,0.0,0.0,0.0
2022-12-15 13:30:00-05:00,50.45000076293945,50.45000076293945,50.45000076293945,50.45000076293945,575,0.0,0.0,0.0
2022-12-15 14:30:00-05:00,50.4900016784668,50.4900016784668,50.38999938964844,50.38999938964844,1134,0.0,0.0,0.0
2022-12-16 09:30:00-05:00,50.11000061035156,50.27000045776367,49.83000183105469,49.83000183105469,10019,0.0,0.0,0.0
2022-12-16 10:30:00-05:00,49.90999984741211,49.90999984741211,49.90999984741211,49.90999984741211,423,0.0,0.0,0.0
2022-12-16 15:30:00-05:00,49.7599983215332,49.939998626708984,49.7599983215332,49.939998626708984,100,0.0,0.0,0.0
2022-12-19 09:30:00-05:00,49.83000183105469,49.83000183105469,49.72460174560547,49.72460174560547,0,0.0,0.0,0.0
2022-12-19 12:30:00-05:00,49.63140106201172,49.63140106201172,49.470001220703125,49.63140106201172,663,0.0,0.0,0.0
2022-12-20 10:30:00-05:00,49.625,49.625,49.625,49.625,0,0.0,0.0,0.0
2022-12-20 13:30:00-05:00,49.65999984741211,49.65999984741211,49.650001525878906,49.650001525878906,354,0.0,0.0,0.0
2022-12-20 14:30:00-05:00,49.540000915527344,49.540000915527344,49.540000915527344,49.540000915527344,2080,0.0,0.0,0.0
2022-12-20 15:30:00-05:00,49.59000015258789,49.62950134277344,49.56999969482422,49.56999969482422,243,0.0,0.0,0.0
2022-12-21 09:30:00-05:00,49.959999084472656,50.184600830078125,49.959999084472656,50.184600830078125,0,0.0,0.0,0.0
2022-12-21 10:30:00-05:00,50.40999984741211,50.40999984741211,50.400001525878906,50.40800094604492,853,0.0,0.0,0.0
2022-12-21 11:30:00-05:00,50.43000030517578,50.43000030517578,50.43000030517578,50.43000030517578,273,0.0,0.0,0.0
2022-12-21 14:30:00-05:00,50.29499816894531,50.29499816894531,50.29499816894531,50.29499816894531,193,0.0,0.0,0.0
2022-12-21 15:30:00-05:00,50.25979995727539,50.35499954223633,50.25979995727539,50.35499954223633,349,0.0,0.0,0.0
2022-12-22 10:30:00-05:00,49.55009841918945,49.55009841918945,49.45000076293945,49.497398376464844,526,0.0,0.0,0.0
2022-12-22 13:30:00-05:00,49.06999969482422,49.74140167236328,49.06999969482422,49.74140167236328,304,0.0,0.0,0.0
2022-12-23 09:30:00-05:00,49.52000045776367,49.72999954223633,49.5,49.72999954223633,3629,0.0,0.0,0.0
2022-12-23 10:30:00-05:00,49.72999954223633,49.86000061035156,49.625,49.75,1875,0.0,0.0,0.0
2022-12-23 11:30:00-05:00,49.810001373291016,49.86669921875,49.790000915527344,49.849998474121094,807,0.0,0.0,0.0
2022-12-23 12:30:00-05:00,49.93000030517578,49.93000030517578,49.91999816894531,49.91999816894531,331,0.0,0.0,0.0
2022-12-23 13:30:00-05:00,49.869998931884766,49.869998931884766,49.79399871826172,49.79399871826172,406,0.0,0.0,0.0
2022-12-23 14:30:00-05:00,49.900001525878906,49.93000030517578,49.900001525878906,49.902099609375,1842,0.0,0.0,0.0
2022-12-27 10:30:00-05:00,49.9900016784668,49.9900016784668,49.86000061035156,49.90039825439453,672,0.0,0.0,0.0
2022-12-27 13:30:00-05:00,49.869998931884766,49.869998931884766,49.869998931884766,49.869998931884766,444,0.0,0.0,0.0
2022-12-27 14:30:00-05:00,49.869998931884766,49.869998931884766,49.86000061035156,49.86800003051758,561,0.0,0.0,0.0
2022-12-27 15:30:00-05:00,49.91999816894531,49.91999816894531,49.77000045776367,49.799800872802734,347,0.0,0.0,0.0
2022-12-28 14:30:00-05:00,49.171199798583984,49.988800048828125,49.02000045776367,49.988800048828125,0,0.0,0.0,0.0
2022-12-30 09:30:00-05:00,49.64419937133789,49.64419937133789,49.53129959106445,49.560001373291016,762,0.0,0.0,0.0
2022-12-30 10:30:00-05:00,49.4900016784668,49.4900016784668,49.4900016784668,49.4900016784668,228,0.0,0.0,0.0
2022-12-30 12:30:00-05:00,49.5,49.5,49.5,49.5,310,0.0,0.0,0.0
2022-12-30 14:30:00-05:00,49.34130096435547,49.630001068115234,49.34130096435547,49.630001068115234,1896,0.0,0.0,0.0
2022-12-30 15:30:00-05:00,49.6870002746582,49.84000015258789,49.6870002746582,49.6870002746582,131,0.0,0.0,0.0
2023-01-03 09:30:00-05:00,50.18000030517578,50.380001068115234,49.790000915527344,49.790000915527344,0,0.0,0.0,0.0
2023-01-03 10:30:00-05:00,49.58000183105469,49.58000183105469,49.58000183105469,49.58000183105469,224,0.0,0.0,0.0
2023-01-03 13:30:00-05:00,49.5620002746582,49.5620002746582,49.5620002746582,49.5620002746582,4643,0.0,0.0,0.0
2023-01-03 15:30:00-05:00,49.75,49.779998779296875,49.75,49.779998779296875,200,0.0,0.0,0.0
2023-01-04 11:30:00-05:00,50.31999969482422,50.31999969482422,50.31999969482422,50.31999969482422,0,0.0,0.0,0.0
2023-01-04 14:30:00-05:00,49.88999938964844,49.88999938964844,49.88999938964844,49.88999938964844,482,0.0,0.0,0.0
2023-01-04 15:30:00-05:00,49.83000183105469,50.00920104980469,49.83000183105469,50.00920104980469,100,0.0,0.0,0.0
2023-01-05 09:30:00-05:00,49.66999816894531,49.66999816894531,49.66999816894531,49.66999816894531,0,0.0,0.0,0.0
2023-01-05 12:30:00-05:00,49.51599884033203,49.51599884033203,49.51599884033203,49.51599884033203,393,0.0,0.0,0.0
2023-01-05 14:30:00-05:00,49.70399856567383,49.70399856567383,49.61000061035156,49.61000061035156,395,0.0,0.0,0.0
2023-01-06 10:30:00-05:00,50.06999969482422,50.06999969482422,50.06999969482422,50.06999969482422,0,0.0,0.0,0.0
2023-01-06 12:30:00-05:00,50.16999816894531,50.16999816894531,50.16999816894531,50.16999816894531,113,0.0,0.0,0.0
2023-01-06 15:30:00-05:00,50.63999938964844,50.70000076293945,50.459999084472656,50.459999084472656,1536,0.0,0.0,0.0
2023-01-09 11:30:00-05:00,51.08409881591797,51.13999938964844,51.05419921875,51.05419921875,2260,0.0,0.0,0.0
2023-01-09 12:30:00-05:00,50.875,50.875,50.869998931884766,50.869998931884766,532,0.0,0.0,0.0
2023-01-09 14:30:00-05:00,50.5099983215332,50.5099983215332,50.404701232910156,50.404701232910156,5167,0.0,0.0,0.0
2023-01-10 10:30:00-05:00,50.619998931884766,50.959999084472656,50.61000061035156,50.959999084472656,771,0.0,0.0,0.0
2023-01-11 11:30:00-05:00,51.250301361083984,51.2599983215332,51.250301361083984,51.2599983215332,100,0.0,0.0,0.0
2023-01-11 12:30:00-05:00,51.27000045776367,51.27000045776367,51.27000045776367,51.27000045776367,114,0.0,0.0,0.0
2023-01-11 15:30:00-05:00,51.470001220703125,51.5,51.40999984741211,51.5,579,0.0,0.0,0.0
2023-01-12 09:30:00-05:00,51.7400016784668,51.7400016784668,51.400001525878906,51.400001525878906,0,0.0,0.0,0.0
2023-01-12 13:30:00-05:00,51.599998474121094,51.625,51.59000015258789,51.625,4951,0.0,0.0,0.0
2023-01-12 14:30:00-05:00,51.404998779296875,51.540000915527344,51.404998779296875,51.540000915527344,139,0.0,0.0,0.0
2023-01-13 09:30:00-05:00,51.09000015258789,51.09000015258789,51.09000015258789,51.09000015258789,0,0.0,0.0,0.0
2023-01-13 10:30:00-05:00,51.400001525878906,51.400001525878906,51.400001525878906,51.400001525878906,165,0.0,0.0,0.0
2023-01-13 14:30:00-05:00,51.459999084472656,51.459999084472656,51.459999084472656,51.459999084472656,192,0.0,0.0,0.0
2023-01-13 15:30:00-05:00,51.65999984741211,51.70000076293945,51.6599006652832,51.70000076293945,316,0.0,0.0,0.0
2023-01-17 10:30:00-05:00,51.599998474121094,51.599998474121094,51.599998474121094,51.599998474121094,0,0.0,0.0,0.0
2023-01-17 11:30:00-05:00,51.58000183105469,51.7140007019043,51.58000183105469,51.7140007019043,762,0.0,0.0,0.0
2023-01-17 12:30:00-05:00,51.59000015258789,51.59510040283203,51.59000015258789,51.59510040283203,352,0.0,0.0,0.0
2023-01-18 12:30:00-05:00,51.15999984741211,51.15999984741211,51.15999984741211,51.15999984741211,0,0.0,0.0,0.0
2023-01-18 14:30:00-05:00,51.15800094604492,51.15800094604492,50.90629959106445,50.90629959106445,350,0.0,0.0,0.0
2023-01-19 09:30:00-05:00,50.560001373291016,50.665000915527344,50.29999923706055,50.371700286865234,10954,0.0,0.0,0.0
2023-01-19 10:30:00-05:00,50.36000061035156,50.36000061035156,50.36000061035156,50.36000061035156,200,0.0,0.0,0.0
2023-01-19 11:30:00-05:00,50.29999923706055,50.310001373291016,50.29999923706055,50.310001373291016,557,0.0,0.0,0.0
2023-01-19 12:30:00-05:00,50.36000061035156,50.36000061035156,50.349998474121094,50.349998474121094,232,0.0,0.0,0.0
2023-01-20 09:30:00-05:00,50.720001220703125,50.720001220703125,50.720001220703125,50.720001220703125,0,0.0,0.0,0.0
2023-01-20 10:30:00-05:00,50.939998626708984,51.58000183105469,50.939998626708984,51.58000183105469,293,0.0,0.0,0.0
2023-01-23 09:30:00-05:00,51.63999938964844,51.63999938964844,51.63999938964844,51.63999938964844,0,0.0,0.0,0.0
2023-01-23 10:30:00-05:00,51.939998626708984,51.96500015258789,51.939998626708984,51.96500015258789,506,0.0,0.0,0.0
2023-01-23 11:30:00-05:00,52.16999816894531,52.16999816894531,52.16999816894531,52.16999816894531,439,0.0,0.0,0.0
2023-01-23 14:30:00-05:00,51.95500183105469,51.95500183105469,51.95500183105469,51.95500183105469,200,0.0,0.0,0.0
2023-01-23 15:30:00-05:00,51.99039840698242,52.060001373291016,51.99039840698242,52.060001373291016,504,0.0,0.0,0.0
2023-01-24 09:30:00-05:00,51.97999954223633,51.97999954223633,51.97999954223633,51.97999954223633,0,0.0,0.0,0.0
2023-01-24 10:30:00-05:00,51.83000183105469,51.83000183105469,51.83000183105469,51.83000183105469,313,0.0,0.0,0.0
2023-01-24 12:30:00-05:00,51.95000076293945,51.95000076293945,51.95000076293945,51.95000076293945,0,0.0,0.0,0.0
2023-01-25 09:30:00-05:00,51.34000015258789,51.34000015258789,51.34000015258789,51.34000015258789,653,0.0,0.0,0.0
2023-01-25 13:30:00-05:00,51.709999084472656,51.75809860229492,51.68000030517578,51.68000030517578,17415,0.0,0.0,0.0
2023-01-25 14:30:00-05:00,51.79029846191406,51.79029846191406,51.79029846191406,51.79029846191406,176,0.0,0.0,0.0
2023-01-25 15:30:00-05:00,51.70000076293945,51.802398681640625,51.70000076293945,51.802398681640625,200,0.0,0.0,0.0
2023-01-26 10:30:00-05:00,51.810001373291016,51.810001373291016,51.810001373291016,51.810001373291016,0,0.0,0.0,0.0
2023-01-26 11:30:00-05:00,51.83000183105469,51.83000183105469,51.83000183105469,51.83000183105469,160,0.0,0.0,0.0
2023-01-26 14:30:00-05:00,52.09000015258789,52.09000015258789,52.09000015258789,52.09000015258789,1274,0.0,0.0,0.0
2023-01-26 15:30:00-05:00,52.119998931884766,52.40999984741211,52.119998931884766,52.40999984741211,100,0.0,0.0,0.0
2023-01-27 10:30:00-05:00,52.149898529052734,52.149898529052734,52.149898529052734,52.149898529052734,0,0.0,0.0,0.0
2023-01-27 11:30:00-05:00,52.150001525878906,52.150001525878906,52.150001525878906,52.150001525878906,100,0.0,0.0,0.0
2023-01-27 12:30:00-05:00,52.21009826660156,52.21009826660156,52.21009826660156,52.21009826660156,124,0.0,0.0,0.0
2023-01-27 14:30:00-05:00,52.349998474121094,52.562599182128906,52.27000045776367,52.27000045776367,946,0.0,0.0,0.0
2023-01-30 10:30:00-05:00,51.95000076293945,51.9900016784668,51.349998474121094,51.939998626708984,4575,0.0,0.0,0.0
2023-01-30 11:30:00-05:00,51.849998474121094,51.849998474121094,51.790000915527344,51.790000915527344,1474,0.0,0.0,0.0
2023-01-30 12:30:00-05:00,51.7599983215332,51.80500030517578,51.7599983215332,51.80500030517578,1548,0.0,0.0,0.0
2023-01-30 13:30:00-05:00,51.75,51.75,51.55690002441406,51.55690002441406,388,0.0,0.0,0.0
2023-01-31 09:30:00-05:00,51.779998779296875,51.779998779296875,51.779998779296875,51.779998779296875,0,0.0,0.0,0.0
2023-01-31 12:30:00-05:00,52.149898529052734,52.149898529052734,51.904998779296875,51.904998779296875,466,0.0,0.0,0.0
2023-01-31 14:30:00-05:00,52.099998474121094,52.099998474121094,52.099998474121094,52.099998474121094,496,0.0,0.0,0.0
2023-01-31 15:30:00-05:00,52.07899856567383,52.52000045776367,52.07899856567383,52.52000045776367,447,0.0,0.0,0.0
2023-02-01 10:30:00-05:00,52.502498626708984,52.502498626708984,52.502498626708984,52.502498626708984,0,0.0,0.0,0.0
2023-02-01 12:30:00-05:00,52.290000915527344,52.290000915527344,52.290000915527344,52.290000915527344,181,0.0,0.0,0.0
2023-02-01 14:30:00-05:00,53.099998474121094,53.099998474121094,53.099998474121094,53.099998474121094,364,0.0,0.0,0.0
2023-02-01 15:30:00-05:00,53.22999954223633,53.22999954223633,53.06999969482422,53.06999969482422,300,0.0,0.0,0.0
2023-02-02 15:30:00-05:00,53.34000015258789,53.5099983215332,53.34000015258789,53.5099983215332,200,0.0,0.0,0.0
2023-02-03 14:30:00-05:00,53.130001068115234,53.130001068115234,53.130001068115234,53.130001068115234,0,0.0,0.0,0.0
2023-02-03 15:30:00-05:00,53.11000061035156,53.28990173339844,53.11000061035156,53.15999984741211,487,0.0,0.0,0.0
2023-02-06 10:30:00-05:00,52.84000015258789,53.0,52.790000915527344,53.0,334,0.0,0.0,0.0
2023-02-06 12:30:00-05:00,52.915000915527344,52.915000915527344,52.814701080322266,52.814701080322266,655,0.0,0.0,0.0
2023-02-07 09:30:00-05:00,52.79999923706055,52.79999923706055,52.79999923706055,52.79999923706055,0,0.0,0.0,0.0
2023-02-07 10:30:00-05:00,52.904701232910156,52.904701232910156,52.904701232910156,52.904701232910156,119,0.0,0.0,0.0
2023-02-07 13:30:00-05:00,52.91999816894531,52.91999816894531,52.91999816894531,52.91999816894531,284,0.0,0.0,0.0
2023-02-07 14:30:00-05:00,53.422000885009766,53.66999816894531,53.422000885009766,53.66999816894531,308,0.0,0.0,0.0
2023-02-08 09:30:00-05:00,53.45899963378906,53.45899963378906,53.45899963378906,53.45899963378906,0,0.0,0.0,0.0
2023-02-08 14:30:00-05:00,53.06999969482422,53.06999969482422,53.06999969482422,53.06999969482422,462,0.0,0.0,0.0
2023-02-08 15:30:00-05:00,53.040000915527344,53.069801330566406,53.02000045776367,53.069801330566406,2000,0.0,0.0,0.0
2023-02-09 10:30:00-05:00,53.428199768066406,53.428199768066406,53.428199768066406,53.428199768066406,0,0.0,0.0,0.0
2023-02-09 12:30:00-05:00,52.91999816894531,52.91999816894531,52.91999816894531,52.91999816894531,5830,0.0,0.0,0.0
2023-02-09 13:30:00-05:00,52.900001525878906,52.900001525878906,52.849998474121094,52.849998474121094,696,0.0,0.0,0.0
2023-02-09 14:30:00-05:00,52.773101806640625,52.773101806640625,52.560001373291016,52.560001373291016,100,0.0,0.0,0.0
2023-02-10 09:30:00-05:00,52.70750045776367,52.70750045776367,52.70750045776367,52.70750045776367,0,0.0,0.0,0.0
2023-02-10 13:30:00-05:00,52.630001068115234,52.630001068115234,52.630001068115234,52.630001068115234,375,0.0,0.0,0.0
2023-02-10 14:30:00-05:00,52.68000030517578,52.779998779296875,52.66999816894531,52.779998779296875,1502,0.0,0.0,0.0
2023-02-13 09:30:00-05:00,53.00830078125,53.411598205566406,53.00830078125,53.411598205566406,0,0.0,0.0,0.0
2023-02-14 13:30:00-05:00,53.435001373291016,53.435001373291016,53.400001525878906,53.400001525878906,475,0.0,0.0,0.0
2023-02-15 09:30:00-05:00,53.20000076293945,53.20000076293945,53.20000076293945,53.20000076293945,0,0.0,0.0,0.0
2023-02-15 10:30:00-05:00,53.099998474121094,53.209999084472656,53.09000015258789,53.209999084472656,830,0.0,0.0,0.0
2023-02-15 13:30:00-05:00,53.42720031738281,53.560001373291016,53.42499923706055,53.560001373291016,2520,0.0,0.0,0.0
2023-02-16 10:30:00-05:00,53.273399353027344,53.273399353027344,53.273399353027344,53.273399353027344,0,0.0,0.0,0.0
2023-02-16 13:30:00-05:00,53.279998779296875,53.279998779296875,53.279998779296875,53.279998779296875,115,0.0,0.0,0.0
2023-02-16 14:30:00-05:00,53.38999938964844,53.45000076293945,52.9385986328125,52.9385986328125,2720,0.0,0.0,0.0
2023-02-17 10:30:00-05:00,52.77000045776367,52.77000045776367,52.77000045776367,52.77000045776367,0,0.0,0.0,0.0
2023-02-17 13:30:00-05:00,52.68519973754883,52.810699462890625,52.68519973754883,52.810699462890625,168,0.0,0.0,0.0
2023-02-21 09:30:00-05:00,52.28519821166992,52.28519821166992,52.28519821166992,52.28519821166992,0,0.0,0.0,0.0
2023-02-21 11:30:00-05:00,52.0098991394043,52.0098991394043,52.0098991394043,52.0098991394043,308,0.0,0.0,0.0
2023-02-21 14:30:00-05:00,51.869998931884766,51.869998931884766,51.81999969482422,51.81999969482422,130,0.0,0.0,0.0
2023-02-22 10:30:00-05:00,51.720001220703125,51.720001220703125,51.720001220703125,51.720001220703125,0,0.0,0.0,0.0
2023-02-22 13:30:00-05:00,51.84809875488281,51.84809875488281,51.84000015258789,51.84000015258789,731,0.0,0.0,0.0
2023-02-22 15:30:00-05:00,51.56999969482422,51.56999969482422,51.507598876953125,51.507598876953125,0,0.0,0.0,0.0
2023-02-23 09:30:00-05:00,51.83000183105469,51.83000183105469,51.83000183105469,51.83000183105469,384,0.0,0.0,0.0
2023-02-23 10:30:00-05:00,51.666500091552734,51.666500091552734,51.5099983215332,51.5099983215332,921,0.0,0.0,0.0
2023-02-23 11:30:00-05:00,51.320098876953125,51.320098876953125,51.320098876953125,51.320098876953125,278,0.0,0.0,0.0
2023-02-23 12:30:00-05:00,51.459999084472656,51.459999084472656,51.40299987792969,51.40299987792969,7019,0.0,0.0,0.0
2023-02-23 14:30:00-05:00,51.869998931884766,51.869998931884766,51.75,51.75,226,0.0,0.0,0.0
2023-02-24 10:30:00-05:00,50.94380187988281,51.060001373291016,50.94380187988281,51.060001373291016,374,0.0,0.0,0.0
2023-02-24 14:30:00-05:00,51.00600051879883,51.18000030517578,51.00600051879883,51.18000030517578,138,0.0,0.0,0.0
2023-02-27 12:30:00-05:00,51.441200256347656,51.441200256347656,51.441200256347656,51.441200256347656,0,0.0,0.0,0.0
2023-02-27 14:30:00-05:00,51.29999923706055,51.29999923706055,51.20000076293945,51.20000076293945,1532,0.0,0.0,0.0
2023-02-28 10:30:00-05:00,51.349998474121094,51.349998474121094,51.303001403808594,51.303001403808594,0,0.0,0.0,0.0
2023-02-28 12:30:00-05:00,51.52000045776367,51.52000045776367,51.52000045776367,51.52000045776367,653,0.0,0.0,0.0
2023-02-28 14:30:00-05:00,51.31999969482422,51.31999969482422,51.31999969482422,51.31999969482422,125,0.0,0.0,0.0
2023-02-28 15:30:00-05:00,51.279998779296875,51.279998779296875,51.24020004272461,51.24020004272461,242,0.0,0.0,0.0
2023-03-01 10:30:00-05:00,51.08620071411133,51.08620071411133,51.08620071411133,51.08620071411133,0,0.0,0.0,0.0
2023-03-01 14:30:00-05:00,50.996299743652344,51.04999923706055,50.963199615478516,50.97999954223633,746,0.0,0.0,0.0
2023-03-02 10:30:00-05:00,50.830101013183594,50.90409851074219,50.830101013183594,50.90409851074219,259,0.0,0.0,0.0
2023-03-02 13:30:00-05:00,51.349998474121094,51.349998474121094,51.349998474121094,51.349998474121094,203,0.0,0.0,0.0
2023-03-02 14:30:00-05:00,51.2599983215332,51.47999954223633,51.2599983215332,51.47999954223633,196,0.0,0.0,0.0
2023-03-03 09:30:00-05:00,51.599998474121094,51.599998474121094,51.56999969482422,51.56999969482422,0,0.0,0.0,0.0
2023-03-03 10:30:00-05:00,51.744998931884766,51.79999923706055,51.720001220703125,51.720001220703125,474,0.0,0.0,0.0
2023-03-03 12:30:00-05:00,51.98500061035156,51.98500061035156,51.98500061035156,51.98500061035156,303,0.0,0.0,0.0
2023-03-03 13:30:00-05:00,51.9838981628418,51.9900016784668,51.97639846801758,51.9900016784668,551,0.0,0.0,0.0
2023-03-03 14:30:00-05:00,52.07929992675781,52.11000061035156,52.07929992675781,52.11000061035156,145,0.0,0.0,0.0
2023-03-06 12:30:00-05:00,52.40999984741211,52.40999984741211,52.379798889160156,52.379798889160156,0,0.0,0.0,0.0
2023-03-06 13:30:00-05:00,52.31999969482422,52.31999969482422,52.31999969482422,52.31999969482422,257,0.0,0.0,0.0
2023-03-06 14:30:00-05:00,52.154300689697266,52.17530059814453,52.11000061035156,52.11000061035156,1481,0.0,0.0,0.0
2023-03-07 10:30:00-05:00,51.88999938964844,51.88999938964844,51.88999938964844,51.88999938964844,0,0.0,0.0,0.0
2023-03-07 11:30:00-05:00,51.63999938964844,51.63999938964844,51.630001068115234,51.630001068115234,1127,0.0,0.0,0.0
2023-03-07 14:30:00-05:00,51.35329818725586,51.38999938964844,51.34000015258789,51.34000015258789,1483,0.0,0.0,0.0
2023-03-08 09:30:00-05:00,51.25,51.25,51.25,51.25,0,0.0,0.0,0.0
2023-03-08 10:30:00-05:00,51.345001220703125,51.345001220703125,51.345001220703125,51.345001220703125,107,0.0,0.0,0.0
2023-03-08 12:30:00-05:00,51.2599983215332,51.290000915527344,51.2599983215332,51.290000915527344,306,0.0,0.0,0.0
2023-03-09 10:30:00-05:00,51.5099983215332,51.61000061035156,51.5099983215332,51.55820083618164,2286,0.0,0.0,0.0
2023-03-09 13:30:00-05:00,51.040000915527344,51.040000915527344,50.88999938964844,50.88999938964844,851,0.0,0.0,0.0
2023-03-09 14:30:00-05:00,50.52000045776367,50.540000915527344,50.43000030517578,50.43000030517578,633,0.0,0.0,0.0
2023-03-10 10:30:00-05:00,50.0099983215332,50.0099983215332,50.0099983215332,50.0099983215332,0,0.0,0.0,0.0
2023-03-10 13:30:00-05:00,49.650001525878906,49.650001525878906,49.650001525878906,49.650001525878906,311,0.0,0.0,0.0
2023-03-10 15:30:00-05:00,49.5,49.58449935913086,49.5,49.58449935913086,100,0.0,0.0,0.0
2023-03-13 09:30:00-04:00,49.150001525878906,49.2400016784668,49.130001068115234,49.130001068115234,1070,0.0,0.0,0.0
2023-03-13 10:30:00-04:00,49.61000061035156,49.61000061035156,49.61000061035156,49.61000061035156,156,0.0,0.0,0.0
2023-03-13 13:30:00-04:00,49.842098236083984,49.876399993896484,49.842098236083984,49.876399993896484,877,0.0,0.0,0.0
2023-03-13 15:30:00-04:00,49.68000030517578,49.68000030517578,49.54010009765625,49.68000030517578,100,0.0,0.0,0.0
2023-03-14 09:30:00-04:00,50.31999969482422,50.31999969482422,50.31999969482422,50.31999969482422,0,0.0,0.0,0.0
2023-03-14 10:30:00-04:00,50.43000030517578,50.56999969482422,50.43000030517578,50.560001373291016,1358,0.0,0.0,0.0
2023-03-14 14:30:00-04:00,49.91999816894531,50.439998626708984,49.91999816894531,50.439998626708984,0,0.0,0.0,0.0
2023-03-15 10:30:00-04:00,49.409400939941406,49.66999816894531,49.409400939941406,49.66999816894531,1248,0.0,0.0,0.0
2023-03-15 14:30:00-04:00,49.86000061035156,49.869998931884766,49.85810089111328,49.85810089111328,730,0.0,0.0,0.0
2023-03-15 15:30:00-04:00,49.77000045776367,49.89030075073242,49.77000045776367,49.89030075073242,200,0.0,0.0,0.0
2023-03-16 10:30:00-04:00,50.15999984741211,50.36989974975586,50.15999984741211,50.36000061035156,388,0.0,0.0,0.0
2023-03-16 11:30:00-04:00,50.439998626708984,50.439998626708984,50.439998626708984,50.439998626708984,113,0.0,0.0,0.0
2023-03-16 13:30:00-04:00,50.709999084472656,50.709999084472656,50.709999084472656,50.709999084472656,164,0.0,0.0,0.0
2023-03-16 14:30:00-04:00,50.7599983215332,50.84000015258789,50.7599983215332,50.84000015258789,393,0.0,0.0,0.0
2023-03-17 14:30:00-04:00,50.220001220703125,50.220001220703125,50.18000030517578,50.18000030517578,557,0.0,0.0,0.0
2023-03-17 15:30:00-04:00,50.29209899902344,50.36000061035156,50.29209899902344,50.36000061035156,153,0.0,0.0,0.0
2023-03-20 10:30:00-04:00,50.59469985961914,50.59469985961914,50.59469985961914,50.59469985961914,0,0.0,0.0,0.0
2023-03-20 15:30:00-04:00,50.65999984741211,50.74810028076172,50.65999984741211,50.74810028076172,260,0.0,0.0,0.0
2023-03-21 09:30:00-04:00,51.209999084472656,51.209999084472656,51.209999084472656,51.209999084472656,0,0.0,0.0,0.0
2023-03-21 10:30:00-04:00,51.0,51.33769989013672,51.0,51.33769989013672,807,0.0,0.0,0.0
2023-03-22 14:30:00-04:00,50.5,50.5,50.5,50.5,34,0.0,0.0,0.0
2023-03-23 14:30:00-04:00,50.74100112915039,50.79999923706055,50.650001525878906,50.650001525878906,526,0.0,0.0,0.0
2023-03-24 10:30:00-04:00,50.31010055541992,50.31010055541992,50.31010055541992,50.31010055541992,0,0.0,0.0,0.0
2023-03-24 12:30:00-04:00,50.720001220703125,50.970001220703125,50.720001220703125,50.970001220703125,0,0.0,0.0,0.0
2023-03-27 10:30:00-04:00,51.1239013671875,51.1239013671875,51.1239013671875,51.1239013671875,463,0.0,0.0,0.0
2023-03-27 14:30:00-04:00,51.279998779296875,51.290000915527344,51.167999267578125,51.167999267578125,2906,0.0,0.0,0.0
2023-03-27 15:30:00-04:00,50.96110153198242,51.06999969482422,50.96110153198242,50.96110153198242,200,0.0,0.0,0.0
2023-03-28 14:30:00-04:00,50.77000045776367,50.77000045776367,50.77000045776367,50.77000045776367,0,0.0,0.0,0.0
2023-03-28 15:30:00-04:00,50.68000030517578,50.869998931884766,50.66999816894531,50.869998931884766,253,0.0,0.0,0.0
2023-03-29 10:30:00-04:00,51.224300384521484,51.224300384521484,51.209800720214844,51.209800720214844,0,0.0,0.0,0.0
2023-03-29 12:30:00-04:00,51.310001373291016,51.33000183105469,51.310001373291016,51.33000183105469,43395,0.0,0.0,0.0
2023-03-29 14:30:00-04:00,51.2400016784668,51.27000045776367,51.2400016784668,51.27000045776367,767,0.0,0.0,0.0
2023-03-29 15:30:00-04:00,51.420101165771484,51.47060012817383,51.420101165771484,51.47060012817383,1000,0.0,0.0,0.0
2023-03-30 09:30:00-04:00,51.730098724365234,51.730098724365234,51.730098724365234,51.730098724365234,0,0.0,0.0,0.0
2023-03-30 11:30:00-04:00,51.68009948730469,51.68009948730469,51.68009948730469,51.68009948730469,1292,0.0,0.0,0.0
2023-03-30 14:30:00-04:00,51.86000061035156,51.86000061035156,51.86000061035156,51.86000061035156,419,0.0,0.0,0.0
2023-03-30 15:30:00-04:00,51.84000015258789,51.84000015258789,51.77000045776367,51.77000045776367,200,0.0,0.0,0.0
2023-03-31 10:30:00-04:00,52.0900993347168,52.2400016784668,52.0900993347168,52.2400016784668,245,0.0,0.0,0.0
2023-03-31 11:30:00-04:00,52.22999954223633,52.279998779296875,52.22999954223633,52.27009963989258,2216,0.0,0.0,0.0
2023-03-31 12:30:00-04:00,52.31999969482422,52.31999969482422,52.31999969482422,52.31999969482422,448,0.0,0.0,0.0
2023-03-31 15:30:00-04:00,52.45000076293945,52.57720184326172,52.45000076293945,52.57720184326172,117,0.0,0.0,0.0
2023-04-03 09:30:00-04:00,52.5099983215332,52.54999923706055,52.459999084472656,52.54999923706055,0,0.0,0.0,0.0
2023-04-03 10:30:00-04:00,52.58000183105469,52.58000183105469,52.289798736572266,52.29999923706055,666,0.0,0.0,0.0
2023-04-03 11:30:00-04:00,52.31999969482422,52.380001068115234,52.31999969482422,52.380001068115234,350,0.0,0.0,0.0
2023-04-03 12:30:00-04:00,52.25,52.369998931884766,52.25,52.369998931884766,1785,0.0,0.0,0.0
2023-04-03 13:30:00-04:00,52.369998931884766,52.38999938964844,52.36000061035156,52.38999938964844,301,0.0,0.0,0.0
2023-04-03 14:30:00-04:00,52.47999954223633,52.5,52.47999954223633,52.5,210,0.0,0.0,0.0
2023-04-03 15:30:00-04:00,52.56999969482422,52.599998474121094,52.54610061645508,52.54610061645508,300,0.0,0.0,0.0
2023-04-04 10:30:00-04:00,52.470001220703125,52.470001220703125,52.470001220703125,52.470001220703125,0,0.0,0.0,0.0
2023-04-04 12:30:00-04:00,52.12009811401367,52.29999923706055,52.12009811401367,52.26250076293945,1085,0.0,0.0,0.0
2023-04-04 14:30:00-04:00,52.0265007019043,52.0265007019043,52.0265007019043,52.0265007019043,363,0.0,0.0,0.0
2023-04-04 15:30:00-04:00,52.08000183105469,52.099998474121094,52.07279968261719,52.07279968261719,200,0.0,0.0,0.0
2023-04-05 12:30:00-04:00,51.59199905395508,51.59199905395508,51.59199905395508,51.59199905395508,0,0.0,0.0,0.0
2023-04-05 14:30:00-04:00,51.69139862060547,51.74919891357422,51.66299819946289,51.66299819946289,1468,0.0,0.0,0.0
2023-04-05 15:30:00-04:00,51.7588005065918,51.7588005065918,51.74599838256836,51.7588005065918,589,0.0,0.0,0.0
2023-04-06 10:30:00-04:00,51.619998931884766,51.619998931884766,51.46860122680664,51.46860122680664,0,0.0,0.0,0.0
2023-04-06 13:30:00-04:00,51.849998474121094,51.849998474121094,51.849998474121094,51.849998474121094,1321,0.0,0.0,0.0
2023-04-06 14:30:00-04:00,51.849998474121094,51.849998474121094,51.76959991455078,51.849998474121094,178,0.0,0.0,0.0
2023-04-10 09:30:00-04:00,51.72999954223633,51.72999954223633,51.72999954223633,51.72999954223633,0,0.0,0.0,0.0
2023-04-10 12:30:00-04:00,51.69499969482422,51.959999084472656,51.69499969482422,51.736000061035156,440,0.0,0.0,0.0
2023-04-11 09:30:00-04:00,52.02000045776367,52.02000045776367,52.02000045776367,52.02000045776367,591,0.0,0.0,0.0
2023-04-11 10:30:00-04:00,51.97999954223633,51.97999954223633,51.97999954223633,51.97999954223633,261,0.0,0.0,0.0
2023-04-11 15:30:00-04:00,52.15999984741211,52.15999984741211,51.86000061035156,51.86000061035156,864,0.0,0.0,0.0
2023-04-12 09:30:00-04:00,52.279998779296875,52.279998779296875,52.279998779296875,52.279998779296875,0,0.0,0.0,0.0
2023-04-12 10:30:00-04:00,52.15999984741211,52.15999984741211,52.04999923706055,52.04999923706055,720,0.0,0.0,0.0
2023-04-12 11:30:00-04:00,52.040000915527344,52.13999938964844,52.040000915527344,52.13999938964844,200,0.0,0.0,0.0
2023-04-12 12:30:00-04:00,52.13999938964844,52.22999954223633,52.119998931884766,52.119998931884766,1688,0.0,0.0,0.0
2023-04-12 13:30:00-04:00,52.209999084472656,52.209999084472656,52.13999938964844,52.18000030517578,314,0.0,0.0,0.0
2023-04-12 14:30:00-04:00,51.90999984741211,51.90999984741211,51.74209976196289,51.849998474121094,577,0.0,0.0,0.0
2023-04-13 10:30:00-04:00,52.150001525878906,52.150001525878906,52.150001525878906,52.150001525878906,0,0.0,0.0,0.0
2023-04-13 13:30:00-04:00,52.29999923706055,52.29999923706055,52.29999923706055,52.29999923706055,648,0.0,0.0,0.0
2023-04-13 14:30:00-04:00,52.540000915527344,52.540000915527344,52.540000915527344,52.540000915527344,519,0.0,0.0,0.0
2023-04-14 09:30:00-04:00,52.2599983215332,52.2599983215332,52.2599983215332,52.2599983215332,0,0.0,0.0,0.0
2023-04-14 11:30:00-04:00,52.145999908447266,52.145999908447266,52.145999908447266,52.145999908447266,170,0.0,0.0,0.0
2023-04-14 14:30:00-04:00,52.22999954223633,52.22999954223633,52.18009948730469,52.18009948730469,1669,0.0,0.0,0.0
2023-04-14 15:30:00-04:00,52.150001525878906,52.25,52.119998931884766,52.25,915,0.0,0.0,0.0
2023-04-17 09:30:00-04:00,52.33000183105469,52.33000183105469,52.33000183105469,52.33000183105469,0,0.0,0.0,0.0
2023-04-17 10:30:00-04:00,52.2599983215332,52.290000915527344,52.20500183105469,52.290000915527344,770,0.0,0.0,0.0
2023-04-17 11:30:00-04:00,52.20000076293945,52.20000076293945,52.20000076293945,52.20000076293945,112,0.0,0.0,0.0
2023-04-17 12:30:00-04:00,52.220001220703125,52.220001220703125,52.20000076293945,52.20000076293945,317,0.0,0.0,0.0
2023-04-17 13:30:00-04:00,52.2599983215332,52.2599983215332,52.16999816894531,52.16999816894531,201,0.0,0.0,0.0
2023-04-17 14:30:00-04:00,52.22999954223633,52.22999954223633,52.22999954223633,52.22999954223633,334,0.0,0.0,0.0
2023-04-17 15:30:00-04:00,52.43000030517578,52.43000030517578,52.43000030517578,52.43000030517578,233,0.0,0.0,0.0
2023-04-18 09:30:00-04:00,52.570098876953125,52.570098876953125,52.570098876953125,52.570098876953125,0,0.0,0.0,0.0
2023-04-18 12:30:00-04:00,52.54990005493164,52.54990005493164,52.54990005493164,52.54990005493164,173,0.0,0.0,0.0
2023-04-18 15:30:00-04:00,52.540000915527344,52.61640167236328,52.540000915527344,52.58000183105469,0,0.0,0.0,0.0
2023-04-19 11:30:00-04:00,52.339900970458984,52.349998474121094,52.339900970458984,52.349998474121094,417,0.0,0.0,0.0
2023-04-19 13:30:00-04:00,52.471500396728516,52.471500396728516,52.471500396728516,52.471500396728516,857,0.0,0.0,0.0
2023-04-19 14:30:00-04:00,52.47999954223633,52.4900016784668,52.47999954223633,52.47999954223633,702,0.0,0.0,0.0
2023-04-19 15:30:00-04:00,52.40999984741211,52.40999984741211,52.29999923706055,52.36000061035156,563,0.0,0.0,0.0
2023-04-20 10:30:00-04:00,52.29999923706055,52.29999923706055,52.15999984741211,52.15999984741211,0,0.0,0.0,0.0
2023-04-21 09:30:00-04:00,52.2400016784668,52.2400016784668,52.2400016784668,52.2400016784668,3491,0.0,0.0,0.0
2023-04-21 10:30:00-04:00,52.16999816894531,52.16999816894531,52.16999816894531,52.16999816894531,117,0.0,0.0,0.0
2023-04-21 11:30:00-04:00,52.191001892089844,52.191001892089844,52.191001892089844,52.191001892089844,152,0.0,0.0,0.0
2023-04-21 12:30:00-04:00,52.119998931884766,52.119998931884766,52.119998931884766,52.119998931884766,269,0.0,0.0,0.0
2023-04-21 13:30:00-04:00,52.24679946899414,52.310001373291016,52.24679946899414,52.310001373291016,906,0.0,0.0,0.0
2023-04-24 10:30:00-04:00,52.310001373291016,52.310001373291016,52.310001373291016,52.310001373291016,0,0.0,0.0,0.0
2023-04-24 12:30:00-04:00,52.150001525878906,52.2599983215332,52.130001068115234,52.130001068115234,991,0.0,0.0,0.0
2023-04-24 13:30:00-04:00,52.150001525878906,52.240501403808594,52.150001525878906,52.240501403808594,2220,0.0,0.0,0.0
2023-04-24 14:30:00-04:00,52.2400016784668,52.38999938964844,52.2400016784668,52.2400016784668,509,0.0,0.0,0.0
2023-04-25 10:30:00-04:00,51.72999954223633,51.91999816894531,51.72999954223633,51.84450149536133,1515,0.0,0.0,0.0
2023-04-25 12:30:00-04:00,51.470001220703125,51.470001220703125,51.470001220703125,51.470001220703125,463,0.0,0.0,0.0
2023-04-25 14:30:00-04:00,51.40250015258789,51.40250015258789,51.40250015258789,51.40250015258789,385,0.0,0.0,0.0
2023-04-25 15:30:00-04:00,51.189998626708984,51.290000915527344,51.189998626708984,51.290000915527344,776,0.0,0.0,0.0
2023-04-26 09:30:00-04:00,51.43000030517578,51.43000030517578,51.20100021362305,51.20100021362305,0,0.0,0.0,0.0
2023-04-26 13:30:00-04:00,51.15999984741211,51.20000076293945,51.0099983215332,51.0099983215332,444,0.0,0.0,0.0
2023-04-27 10:30:00-04:00,51.04990005493164,51.04990005493164,51.04990005493164,51.04990005493164,0,0.0,0.0,0.0
2023-04-27 13:30:00-04:00,51.47999954223633,51.47999954223633,51.47999954223633,51.47999954223633,169,0.0,0.0,0.0
2023-04-27 14:30:00-04:00,51.5989990234375,51.61000061035156,51.5989990234375,51.5989990234375,101,0.0,0.0,0.0
2023-04-28 10:30:00-04:00,51.88999938964844,51.88999938964844,51.88800048828125,51.88800048828125,0,0.0,0.0,0.0
2023-04-28 14:30:00-04:00,52.02000045776367,52.02000045776367,52.02000045776367,52.02000045776367,1175,0.0,0.0,0.0
2023-04-28 15:30:00-04:00,52.18000030517578,52.29999923706055,52.18000030517578,52.29999923706055,1100,0.0,0.0,0.0
2023-05-01 11:30:00-04:00,52.56999969482422,52.56999969482422,52.56999969482422,52.56999969482422,0,0.0,0.0,0.0
2023-05-01 14:30:00-04:00,52.400001525878906,52.540000915527344,52.400001525878906,52.540000915527344,311,0.0,0.0,0.0
2023-05-02 12:30:00-04:00,51.9192008972168,51.9192008972168,51.9192008972168,51.9192008972168,0,0.0,0.0,0.0
2023-05-02 14:30:00-04:00,51.959999084472656,52.11000061035156,51.959999084472656,52.11000061035156,1236,0.0,0.0,0.0
2023-05-03 09:30:00-04:00,52.13999938964844,52.57899856567383,52.119998931884766,52.29999923706055,0,0.0,0.0,0.0
2023-05-03 10:30:00-04:00,52.08000183105469,52.11000061035156,52.08000183105469,52.08000183105469,6812,0.0,0.0,0.0
2023-05-03 11:30:00-04:00,52.099998474121094,52.15999984741211,52.099998474121094,52.150001525878906,300,0.0,0.0,0.0
2023-05-03 12:30:00-04:00,52.20000076293945,52.310001373291016,52.20000076293945,52.23429870605469,616,0.0,0.0,0.0
2023-05-03 13:30:00-04:00,52.404998779296875,52.404998779296875,51.7400016784668,51.7400016784668,324,0.0,0.0,0.0
2023-05-04 09:30:00-04:00,51.25,51.25,51.25,51.25,0,0.0,0.0,0.0
2023-05-04 10:30:00-04:00,51.36000061035156,51.45719909667969,51.22999954223633,51.45719909667969,1075,0.0,0.0,0.0
2023-05-04 12:30:00-04:00,51.349998474121094,51.349998474121094,51.349998474121094,51.349998474121094,423,0.0,0.0,0.0
2023-05-04 13:30:00-04:00,51.36000061035156,51.36000061035156,51.36000061035156,51.36000061035156,168,0.0,0.0,0.0
2023-05-04 15:30:00-04:00,51.349998474121094,51.349998474121094,51.335201263427734,51.335201263427734,122,0.0,0.0,0.0
2023-05-05 09:30:00-04:00,51.720001220703125,51.86000061035156,51.66999816894531,51.66999816894531,1020,0.0,0.0,0.0
2023-05-05 10:30:00-04:00,51.88999938964844,51.88999938964844,51.88990020751953,51.88990020751953,392,0.0,0.0,0.0
2023-05-05 14:30:00-04:00,52.11000061035156,52.20000076293945,52.029998779296875,52.029998779296875,666,0.0,0.0,0.0
2023-05-08 10:30:00-04:00,52.040000915527344,52.040000915527344,52.040000915527344,52.040000915527344,0,0.0,0.0,0.0
2023-05-08 12:30:00-04:00,52.029998779296875,52.040000915527344,52.029998779296875,52.040000915527344,646,0.0,0.0,0.0
2023-05-08 14:30:00-04:00,52.130001068115234,52.130001068115234,52.12099838256836,52.12099838256836,180,0.0,0.0,0.0
2023-05-09 10:30:00-04:00,51.81999969482422,51.829898834228516,51.77299880981445,51.829898834228516,378,0.0,0.0,0.0
2023-05-09 13:30:00-04:00,51.80400085449219,51.80400085449219,51.66999816894531,51.66999816894531,170,0.0,0.0,0.0
2023-05-10 12:30:00-04:00,51.72999954223633,51.72999954223633,51.72999954223633,51.72999954223633,0,0.0,0.0,0.0
2023-05-10 15:30:00-04:00,51.910099029541016,52.09000015258789,51.90999984741211,51.957298278808594,763,0.0,0.0,0.0
2023-05-11 09:30:00-04:00,51.650001525878906,51.650001525878906,51.650001525878906,51.650001525878906,0,0.0,0.0,0.0
2023-05-11 10:30:00-04:00,51.709999084472656,51.709999084472656,51.70500183105469,51.70500183105469,591,0.0,0.0,0.0
2023-05-11 14:30:00-04:00,51.85969924926758,51.89759826660156,51.85969924926758,51.89759826660156,955,0.0,0.0,0.0
2023-05-12 12:30:00-04:00,51.510101318359375,51.510101318359375,51.510101318359375,51.510101318359375,0,0.0,0.0,0.0
2023-05-12 14:30:00-04:00,51.56990051269531,51.88650131225586,51.56990051269531,51.88650131225586,438,0.0,0.0,0.0
2023-05-15 09:30:00-04:00,51.709999084472656,51.709999084472656,51.709999084472656,51.709999084472656,0,0.0,0.0,0.0
2023-05-15 10:30:00-04:00,51.86000061035156,51.965599060058594,51.86000061035156,51.965599060058594,329,0.0,0.0,0.0
2023-05-16 12:30:00-04:00,51.959999084472656,51.999900817871094,51.95000076293945,51.999900817871094,258,0.0,0.0,0.0
2023-05-16 13:30:00-04:00,51.9193000793457,51.93239974975586,51.9193000793457,51.93239974975586,2137,0.0,0.0,0.0
2023-05-16 14:30:00-04:00,51.959999084472656,51.959999084472656,51.93600082397461,51.93600082397461,1273,0.0,0.0,0.0
2023-05-16 15:30:00-04:00,52.0,52.0,51.790000915527344,51.790000915527344,3378,0.0,0.0,0.0
2023-05-17 12:30:00-04:00,52.20000076293945,52.20000076293945,52.20000076293945,52.20000076293945,0,0.0,0.0,0.0
2023-05-17 13:30:00-04:00,52.310001373291016,52.310001373291016,52.310001373291016,52.310001373291016,656,0.0,0.0,0.0
2023-05-17 14:30:00-04:00,52.34000015258789,52.34000015258789,52.31769943237305,52.31769943237305,640,0.0,0.0,0.0
2023-05-18 10:30:00-04:00,52.630001068115234,52.630001068115234,52.630001068115234,52.630001068115234,0,0.0,0.0,0.0
2023-05-18 12:30:00-04:00,52.4901008605957,52.4901008605957,52.4901008605957,52.4901008605957,771,0.0,0.0,0.0
2023-05-18 15:30:00-04:00,52.68000030517578,52.95500183105469,52.68000030517578,52.95500183105469,100,0.0,0.0,0.0
2023-05-19 10:30:00-04:00,52.970001220703125,52.970001220703125,52.970001220703125,52.970001220703125,0,0.0,0.0,0.0
2023-05-19 12:30:00-04:00,52.84130096435547,52.93989944458008,52.84000015258789,52.93989944458008,4509,0.0,0.0,0.0
2023-05-19 14:30:00-04:00,52.83000183105469,52.83000183105469,52.83000183105469,52.83000183105469,567,0.0,0.0,0.0
2023-05-19 15:30:00-04:00,52.90999984741211,52.91999816894531,52.779998779296875,52.779998779296875,1457,0.0,0.0,0.0
2023-05-22 09:30:00-04:00,52.900001525878906,53.0,52.900001525878906,52.939998626708984,0,0.0,0.0,0.0
2023-05-22 10:30:00-04:00,52.88990020751953,52.88990020751953,52.88990020751953,52.88990020751953,342,0.0,0.0,0.0
2023-05-22 12:30:00-04:00,52.900001525878906,52.900001525878906,52.877498626708984,52.877498626708984,1514,0.0,0.0,0.0
2023-05-22 13:30:00-04:00,52.810001373291016,52.83000183105469,52.810001373291016,52.83000183105469,607,0.0,0.0,0.0
2023-05-22 14:30:00-04:00,52.97999954223633,52.9900016784668,52.909000396728516,52.959999084472656,5176,0.0,0.0,0.0
2023-05-22 15:30:00-04:00,52.900001525878906,52.900001525878906,52.8223991394043,52.8223991394043,800,0.0,0.0,0.0
2023-05-23 09:30:00-04:00,52.5,52.5,52.5,52.5,0,0.0,0.0,0.0
2023-05-23 10:30:00-04:00,52.439998626708984,52.44499969482422,52.439998626708984,52.439998626708984,634,0.0,0.0,0.0
2023-05-23 12:30:00-04:00,52.209999084472656,52.209999084472656,52.209999084472656,52.209999084472656,452,0.0,0.0,0.0
2023-05-23 14:30:00-04:00,52.04249954223633,52.08000183105469,52.04249954223633,52.08000183105469,1591,0.0,0.0,0.0
2023-05-23 15:30:00-04:00,52.20000076293945,52.20000076293945,52.12289810180664,52.12289810180664,601,0.0,0.0,0.0
2023-05-24 09:30:00-04:00,51.7400016784668,51.7400016784668,51.7400016784668,51.7400016784668,0,0.0,0.0,0.0
2023-05-24 10:30:00-04:00,51.459999084472656,51.459999084472656,51.459999084472656,51.459999084472656,509,0.0,0.0,0.0
2023-05-24 12:30:00-04:00,51.54999923706055,51.54999923706055,51.54999923706055,51.54999923706055,112,0.0,0.0,0.0
2023-05-24 13:30:00-04:00,51.5099983215332,51.5099983215332,51.5099983215332,51.5099983215332,321,0.0,0.0,0.0
2023-05-24 14:30:00-04:00,51.380001068115234,51.619998931884766,51.380001068115234,51.619998931884766,2241,0.0,0.0,0.0
2023-05-24 15:30:00-04:00,51.529998779296875,51.529998779296875,51.400001525878906,51.400001525878906,0,0.0,0.0,0.0
2023-05-25 09:30:00-04:00,52.06999969482422,52.06999969482422,52.06999969482422,52.06999969482422,216,0.0,0.0,0.0
2023-05-25 10:30:00-04:00,52.09000015258789,52.09000015258789,52.09000015258789,52.09000015258789,882,0.0,0.0,0.0
2023-05-25 12:30:00-04:00,52.220001220703125,52.220001220703125,52.220001220703125,52.220001220703125,503,0.0,0.0,0.0
2023-05-25 14:30:00-04:00,52.29999923706055,52.34000015258789,52.24800109863281,52.34000015258789,1581,0.0,0.0,0.0
2023-05-25 15:30:00-04:00,52.380001068115234,52.380001068115234,52.22999954223633,52.260398864746094,900,0.0,0.0,0.0
2023-05-26 10:30:00-04:00,52.814998626708984,52.814998626708984,52.814998626708984,52.814998626708984,0,0.0,0.0,0.0
2023-05-26 11:30:00-04:00,52.79990005493164,52.79999923706055,52.79990005493164,52.79999923706055,778,0.0,0.0,0.0
2023-05-26 12:30:00-04:00,52.970001220703125,52.97999954223633,52.86000061035156,52.900001525878906,5063,0.0,0.0,0.0
2023-05-26 14:30:00-04:00,52.9900016784668,52.9900016784668,52.9556999206543,52.9900016784668,100,0.0,0.0,0.0
2023-05-30 09:30:00-04:00,53.04999923706055,53.20000076293945,53.04999923706055,53.20000076293945,0,0.0,0.0,0.0
2023-05-30 10:30:00-04:00,53.175498962402344,53.175498962402344,53.175498962402344,53.175498962402344,291,0.0,0.0,0.0
2023-05-30 12:30:00-04:00,52.95000076293945,52.95000076293945,52.95000076293945,52.95000076293945,251,0.0,0.0,0.0
2023-05-30 14:30:00-04:00,52.98640060424805,52.98640060424805,52.84000015258789,52.84000015258789,2111,0.0,0.0,0.0
2023-05-31 12:30:00-04:00,52.459999084472656,52.5,52.459999084472656,52.5,745,0.0,0.0,0.0
2023-05-31 14:30:00-04:00,52.650001525878906,52.650001525878906,52.650001525878906,52.650001525878906,2771,0.0,0.0,0.0
2023-05-31 15:30:00-04:00,52.66999816894531,52.66999816894531,52.47999954223633,52.47999954223633,352,0.0,0.0,0.0
2023-06-01 10:30:00-04:00,52.64289855957031,52.64289855957031,52.64289855957031,52.64289855957031,0,0.0,0.0,0.0
2023-06-01 12:30:00-04:00,52.93000030517578,52.93000030517578,52.93000030517578,52.93000030517578,450,0.0,0.0,0.0
2023-06-01 14:30:00-04:00,53.13990020751953,53.13990020751953,53.0,53.0,335,0.0,0.0,0.0
2023-06-01 15:30:00-04:00,53.02000045776367,53.02000045776367,52.97999954223633,52.97999954223633,252,0.0,0.0,0.0
2023-06-02 10:30:00-04:00,53.54010009765625,53.54010009765625,53.540000915527344,53.540000915527344,0,0.0,0.0,0.0
2023-06-02 13:30:00-04:00,53.779998779296875,53.790000915527344,53.779998779296875,53.78350067138672,436,0.0,0.0,0.0
2023-06-05 10:30:00-04:00,53.59809875488281,53.59809875488281,53.59809875488281,53.59809875488281,0,0.0,0.0,0.0
2023-06-05 12:30:00-04:00,53.71870040893555,53.71870040893555,53.71870040893555,53.71870040893555,208,0.0,0.0,0.0
2023-06-05 13:30:00-04:00,53.57609939575195,53.57609939575195,53.45000076293945,53.57609939575195,207,0.0,0.0,0.0
2023-06-06 09:30:00-04:00,53.52000045776367,53.52000045776367,53.52000045776367,53.52000045776367,0,0.0,0.0,0.0
2023-06-06 10:30:00-04:00,53.56999969482422,53.56999969482422,53.45000076293945,53.45000076293945,738,0.0,0.0,0.0
2023-06-06 13:30:00-04:00,53.35049819946289,53.35049819946289,53.35049819946289,53.35049819946289,118,0.0,0.0,0.0
2023-06-06 14:30:00-04:00,53.4900016784668,53.63999938964844,53.438201904296875,53.45000076293945,939,0.0,0.0,0.0
2023-06-07 10:30:00-04:00,53.540000915527344,53.540000915527344,53.540000915527344,53.540000915527344,0,0.0,0.0,0.0
2023-06-07 12:30:00-04:00,53.400001525878906,53.400001525878906,53.400001525878906,53.400001525878906,146,0.0,0.0,0.0
2023-06-07 13:30:00-04:00,53.30500030517578,53.30500030517578,53.30500030517578,53.30500030517578,101,0.0,0.0,0.0
2023-06-07 14:30:00-04:00,53.34429931640625,53.380001068115234,53.34429931640625,53.380001068115234,752,0.0,0.0,0.0
2023-06-07 15:30:00-04:00,53.3921012878418,53.3921012878418,53.31999969482422,53.31999969482422,0,0.0,0.0,0.0
2023-06-08 10:30:00-04:00,53.5,53.5,53.5,53.5,503,0.0,0.0,0.0
2023-06-08 11:30:00-04:00,53.539398193359375,53.539398193359375,53.539398193359375,53.539398193359375,128,0.0,0.0,0.0
2023-06-08 12:30:00-04:00,53.560001373291016,53.560001373291016,53.560001373291016,53.560001373291016,371,0.0,0.0,0.0
2023-06-08 14:30:00-04:00,53.560001373291016,53.564998626708984,53.560001373291016,53.564998626708984,1298,0.0,0.0,0.0
2023-06-09 09:30:00-04:00,53.9900016784668,54.0099983215332,53.9900016784668,54.0,0,0.0,0.0,0.0
2023-06-09 10:30:00-04:00,53.9900016784668,53.9900016784668,53.779998779296875,53.779998779296875,2805,0.0,0.0,0.0
2023-06-09 11:30:00-04:00,53.79999923706055,53.79999923706055,53.79999923706055,53.79999923706055,301,0.0,0.0,0.0
2023-06-09 14:30:00-04:00,53.779998779296875,53.779998779296875,53.779998779296875,53.779998779296875,1768,0.0,0.0,0.0
2023-06-12 11:30:00-04:00,54.0,54.43000030517578,54.0,54.43000030517578,302,0.0,0.0,0.0
2023-06-13 09:30:00-04:00,54.869998931884766,54.869998931884766,54.869998931884766,54.869998931884766,0,0.0,0.0,0.0
2023-06-13 10:30:00-04:00,54.95989990234375,54.95989990234375,54.95989990234375,54.95989990234375,528,0.0,0.0,0.0
2023-06-13 12:30:00-04:00,54.919898986816406,54.919898986816406,54.919898986816406,54.919898986816406,208,0.0,0.0,0.0
2023-06-13 14:30:00-04:00,54.70000076293945,55.0099983215332,54.70000076293945,55.0099983215332,128,0.0,0.0,0.0
2023-06-14 13:30:00-04:00,54.560001373291016,54.68989944458008,54.560001373291016,54.68989944458008,0,0.0,0.0,0.0
2023-06-14 14:30:00-04:00,54.869998931884766,54.869998931884766,54.869998931884766,54.869998931884766,0,0.0,0.0,0.0
2023-06-14 15:30:00-04:00,54.900001525878906,54.91999816894531,54.900001525878906,54.91999816894531,940,0.0,0.0,0.0
2023-06-15 09:30:00-04:00,55.08000183105469,55.08000183105469,55.08000183105469,55.08000183105469,0,0.0,0.0,0.0
2023-06-15 10:30:00-04:00,55.150001525878906,55.150001525878906,55.150001525878906,55.150001525878906,154,0.0,0.0,0.0
2023-06-15 11:30:00-04:00,55.364200592041016,55.364200592041016,55.364200592041016,55.364200592041016,652,0.0,0.0,0.0
2023-06-15 12:30:00-04:00,55.36000061035156,55.36000061035156,55.36000061035156,55.36000061035156,244,0.0,0.0,0.0
2023-06-15 13:30:00-04:00,55.4900016784668,55.558998107910156,55.4900016784668,55.558998107910156,381,0.0,0.0,0.0
2023-06-15 14:30:00-04:00,55.79999923706055,55.79999923706055,55.72999954223633,55.72999954223633,0,0.0,0.0,0.0
2023-06-16 10:30:00-04:00,55.900001525878906,55.900001525878906,55.900001525878906,55.900001525878906,246,0.0,0.0,0.0
2023-06-16 12:30:00-04:00,55.779998779296875,55.91999816894531,55.41999816894531,55.91999816894531,335,0.0,0.0,0.0
2023-06-20 09:30:00-04:00,55.20000076293945,55.20000076293945,55.20000076293945,55.20000076293945,0,0.0,0.0,0.0
2023-06-20 10:30:00-04:00,54.99020004272461,54.99020004272461,54.9900016784668,54.9900016784668,261,0.0,0.0,0.0
2023-06-20 14:30:00-04:00,55.30820083618164,55.30820083618164,55.209999084472656,55.209999084472656,729,0.0,0.0,0.0
2023-06-21 09:30:00-04:00,54.959999084472656,55.0,54.939998626708984,54.959999084472656,811,0.0,0.0,0.0
2023-06-21 10:30:00-04:00,55.0099983215332,55.0099983215332,54.959999084472656,54.959999084472656,1100,0.0,0.0,0.0
2023-06-21 12:30:00-04:00,55.119998931884766,55.119998931884766,55.060001373291016,55.060001373291016,253,0.0,0.0,0.0
2023-06-21 14:30:00-04:00,55.27000045776367,55.27000045776367,54.970001220703125,55.222999572753906,1160,0.0,0.0,0.0
2023-06-22 15:30:00-04:00,55.244998931884766,55.244998931884766,55.244998931884766,55.244998931884766,2,0.0,0.0,0.0
2023-06-23 09:30:00-04:00,54.84000015258789,54.84000015258789,54.84000015258789,54.84000015258789,1104,0.0,0.0,0.0
2023-06-23 10:30:00-04:00,54.9193000793457,54.9193000793457,54.9193000793457,54.9193000793457,283,0.0,0.0,0.0
2023-06-23 14:30:00-04:00,55.04990005493164,55.04990005493164,55.04990005493164,55.04990005493164,324,0.0,0.0,0.0
2023-06-23 15:30:00-04:00,55.040000915527344,55.040000915527344,54.81999969482422,54.81999969482422,0,0.0,0.0,0.0
2023-06-26 12:30:00-04:00,54.869998931884766,54.87009811401367,54.869998931884766,54.87009811401367,437,0.0,0.0,0.0
2023-06-26 13:30:00-04:00,54.939998626708984,54.939998626708984,54.81999969482422,54.81999969482422,644,0.0,0.0,0.0
2023-06-26 14:30:00-04:00,54.97999954223633,54.97999954223633,54.810001373291016,54.939998626708984,953,0.0,0.0,0.0
2023-06-27 10:30:00-04:00,54.92470169067383,54.92470169067383,54.92470169067383,54.92470169067383,0,0.0,0.0,0.0
2023-06-27 14:30:00-04:00,55.439998626708984,55.45500183105469,55.439998626708984,55.45500183105469,536,0.0,0.0,0.0
2023-06-28 10:30:00-04:00,55.45989990234375,55.45989990234375,55.45989990234375,55.45989990234375,0,0.0,0.0,0.0
2023-06-28 14:30:00-04:00,55.34000015258789,55.34000015258789,55.279998779296875,55.279998779296875,402,0.0,0.0,0.0
2023-06-29 09:30:00-04:00,55.410099029541016,55.529998779296875,55.410099029541016,55.529998779296875,0,0.0,0.0,0.0
2023-06-29 12:30:00-04:00,55.64500045776367,55.64500045776367,55.64500045776367,55.64500045776367,150,0.0,0.0,0.0
2023-06-29 13:30:00-04:00,55.584999084472656,55.584999084472656,55.584999084472656,55.584999084472656,231,0.0,0.0,0.0
2023-06-29 15:30:00-04:00,55.779998779296875,55.779998779296875,55.779998779296875,55.779998779296875,200,0.0,0.0,0.0
2023-06-30 10:30:00-04:00,56.4900016784668,56.4900016784668,56.36000061035156,56.36000061035156,0,0.0,0.0,0.0
2023-06-30 11:30:00-04:00,56.364601135253906,56.364601135253906,56.364601135253906,56.364601135253906,113,0.0,0.0,0.0
2023-06-30 13:30:00-04:00,56.470001220703125,56.5,56.40999984741211,56.40999984741211,1175,0.0,0.0,0.0
2023-07-03 09:30:00-04:00,56.220001220703125,56.25,56.220001220703125,56.25,0,0.0,0.0,0.0
2023-07-03 10:30:00-04:00,56.13999938964844,56.13999938964844,55.939998626708984,55.939998626708984,604,0.0,0.0,0.0
2023-07-03 11:30:00-04:00,56.0,56.0,56.0,56.0,644,0.0,0.0,0.0
2023-07-03 12:30:00-04:00,56.18000030517578,56.209999084472656,56.18000030517578,56.189998626708984,300,0.0,0.0,0.0
2023-07-05 12:30:00-04:00,55.939998626708984,55.939998626708984,55.939998626708984,55.939998626708984,0,0.0,0.0,0.0
2023-07-05 14:30:00-04:00,55.870201110839844,55.870201110839844,55.84000015258789,55.84000015258789,213,0.0,0.0,0.0
2023-07-06 10:30:00-04:00,55.279998779296875,55.279998779296875,55.279998779296875,55.279998779296875,0,0.0,0.0,0.0
2023-07-06 12:30:00-04:00,55.58000183105469,55.59000015258789,55.56999969482422,55.59000015258789,412,0.0,0.0,0.0
2023-07-06 13:30:00-04:00,55.529998779296875,55.529998779296875,55.5099983215332,55.52000045776367,539,0.0,0.0,0.0
2023-07-06 14:30:00-04:00,55.529998779296875,55.54999923706055,55.459999084472656,55.536399841308594,1786,0.0,0.0,0.0
2023-07-07 10:30:00-04:00,55.459999084472656,55.459999084472656,55.459999084472656,55.459999084472656,0,0.0,0.0,0.0
2023-07-07 12:30:00-04:00,55.81999969482422,55.81999969482422,55.79999923706055,55.810001373291016,463,0.0,0.0,0.0
2023-07-07 14:30:00-04:00,55.63869857788086,55.63869857788086,55.369998931884766,55.369998931884766,1681,0.0,0.0,0.0
2023-07-10 09:30:00-04:00,55.189998626708984,55.189998626708984,55.189998626708984,55.189998626708984,0,0.0,0.0,0.0
2023-07-10 13:30:00-04:00,55.71929931640625,55.7599983215332,55.71929931640625,55.7599983215332,283,0.0,0.0,0.0
2023-07-10 14:30:00-04:00,55.79010009765625,55.83000183105469,55.79010009765625,55.83000183105469,1887,0.0,0.0,0.0
2023-07-10 15:30:00-04:00,55.74580001831055,55.779998779296875,55.74580001831055,55.779998779296875,140,0.0,0.0,0.0
2023-07-11 12:30:00-04:00,55.849998474121094,55.849998474121094,55.849998474121094,55.849998474121094,0,0.0,0.0,0.0
2023-07-11 13:30:00-04:00,55.84000015258789,55.84000015258789,55.834999084472656,55.834999084472656,252,0.0,0.0,0.0
2023-07-11 14:30:00-04:00,55.86000061035156,55.86000061035156,55.86000061035156,55.86000061035156,751,0.0,0.0,0.0
2023-07-11 15:30:00-04:00,56.0,56.150001525878906,56.0,56.150001525878906,834,0.0,0.0,0.0
2023-07-12 09:30:00-04:00,56.5099983215332,56.5099983215332,56.5,56.5,0,0.0,0.0,0.0
2023-07-12 11:30:00-04:00,56.42300033569336,56.470001220703125,56.42300033569336,56.42300033569336,310,0.0,0.0,0.0
2023-07-13 09:30:00-04:00,56.849998474121094,56.849998474121094,56.849998474121094,56.849998474121094,0,0.0,0.0,0.0
2023-07-13 11:30:00-04:00,56.720001220703125,56.720001220703125,56.720001220703125,56.720001220703125,250,0.0,0.0,0.0
2023-07-13 12:30:00-04:00,56.939998626708984,56.939998626708984,56.939998626708984,56.939998626708984,188,0.0,0.0,0.0
2023-07-13 13:30:00-04:00,56.917598724365234,56.917598724365234,56.917598724365234,56.917598724365234,243,0.0,0.0,0.0
2023-07-13 14:30:00-04:00,56.880001068115234,57.060001373291016,56.880001068115234,57.060001373291016,0,0.0,0.0,0.0
2023-07-14 09:30:00-04:00,57.28990173339844,57.28990173339844,57.28990173339844,57.28990173339844,337,0.0,0.0,0.0
2023-07-14 14:30:00-04:00,57.119998931884766,57.119998931884766,56.959999084472656,56.959999084472656,1339,0.0,0.0,0.0
2023-07-17 09:30:00-04:00,57.06999969482422,57.189998626708984,57.06999969482422,57.189998626708984,0,0.0,0.0,0.0
2023-07-17 10:30:00-04:00,57.20000076293945,57.25,57.185001373291016,57.25,909,0.0,0.0,0.0
2023-07-17 11:30:00-04:00,57.33000183105469,57.33000183105469,57.209999084472656,57.2599983215332,808,0.0,0.0,0.0
2023-07-17 12:30:00-04:00,57.2400016784668,57.279998779296875,57.2400016784668,57.275001525878906,506,0.0,0.0,0.0
2023-07-17 13:30:00-04:00,57.34000015258789,57.34000015258789,57.334999084472656,57.34000015258789,412,0.0,0.0,0.0
2023-07-17 14:30:00-04:00,57.310001373291016,57.310001373291016,57.300201416015625,57.300201416015625,470,0.0,0.0,0.0
2023-07-17 15:30:00-04:00,57.34450149536133,57.34450149536133,57.33000183105469,57.33000183105469,0,0.0,0.0,0.0
2023-07-18 15:30:00-04:00,57.709999084472656,57.709999084472656,57.630699157714844,57.630699157714844,210,0.0,0.0,0.0
2023-07-19 09:30:00-04:00,57.779998779296875,57.779998779296875,57.779998779296875,57.779998779296875,205,0.0,0.0,0.0
2023-07-19 10:30:00-04:00,57.849998474121094,57.849998474121094,57.849998474121094,57.849998474121094,180,0.0,0.0,0.0
2023-07-19 12:30:00-04:00,57.599998474121094,57.650001525878906,57.599998474121094,57.650001525878906,238,0.0,0.0,0.0
2023-07-19 13:30:00-04:00,57.63949966430664,57.63949966430664,57.63949966430664,57.63949966430664,204,0.0,0.0,0.0
2023-07-19 14:30:00-04:00,57.650001525878906,57.650001525878906,57.650001525878906,57.650001525878906,553,0.0,0.0,0.0
2023-07-19 15:30:00-04:00,57.75,57.75,57.69499969482422,57.69499969482422,100,0.0,0.0,0.0
2023-07-20 09:30:00-04:00,57.61000061035156,57.61000061035156,57.61000061035156,57.61000061035156,0,0.0,0.0,0.0
2023-07-20 14:30:00-04:00,57.09000015258789,57.09000015258789,57.09000015258789,57.09000015258789,522,0.0,0.0,0.0
2023-07-20 15:30:00-04:00,57.13710021972656,57.13710021972656,57.060001373291016,57.060001373291016,112,0.0,0.0,0.0
2023-07-21 10:30:00-04:00,57.58000183105469,57.58000183105469,57.58000183105469,57.58000183105469,0,0.0,0.0,0.0
2023-07-21 15:30:00-04:00,57.448699951171875,57.448699951171875,57.448699951171875,57.448699951171875,0,0.0,0.0,0.0
2023-07-24 10:30:00-04:00,57.459999084472656,57.52170181274414,57.459999084472656,57.505001068115234,443,0.0,0.0,0.0
2023-07-24 12:30:00-04:00,57.47719955444336,57.47719955444336,57.47719955444336,57.47719955444336,292,0.0,0.0,0.0
2023-07-24 13:30:00-04:00,57.47999954223633,57.514801025390625,57.47999954223633,57.514801025390625,990,0.0,0.0,0.0
2023-07-24 15:30:00-04:00,57.470001220703125,57.470001220703125,57.470001220703125,57.470001220703125,319,0.0,0.0,0.0
2023-07-25 10:30:00-04:00,57.900001525878906,57.900001525878906,57.900001525878906,57.900001525878906,106,0.0,0.0,0.0
2023-07-25 14:30:00-04:00,57.999900817871094,58.08399963378906,57.999900817871094,58.0192985534668,982,0.0,0.0,0.0
2023-07-26 09:30:00-04:00,57.810001373291016,57.810001373291016,57.810001373291016,57.810001373291016,50,0.0,0.0,0.0
2023-07-26 10:30:00-04:00,57.68000030517578,57.73649978637695,57.68000030517578,57.73649978637695,394,0.0,0.0,0.0
2023-07-26 13:30:00-04:00,57.79999923706055,57.79999923706055,57.739200592041016,57.79999923706055,903,0.0,0.0,0.0
2023-07-26 15:30:00-04:00,57.97999954223633,58.0,57.88999938964844,58.0,1800,0.0,0.0,0.0
2023-07-27 12:30:00-04:00,58.15999984741211,58.15999984741211,58.15999984741211,58.15999984741211,0,0.0,0.0,0.0
2023-07-27 13:30:00-04:00,58.075801849365234,58.08000183105469,58.075801849365234,58.08000183105469,581,0.0,0.0,0.0
2023-07-27 15:30:00-04:00,57.45399856567383,57.544700622558594,57.45399856567383,57.544700622558594,197,0.0,0.0,0.0
2023-07-28 11:30:00-04:00,58.03990173339844,58.03990173339844,58.03990173339844,58.03990173339844,0,0.0,0.0,0.0
2023-07-28 14:30:00-04:00,58.08000183105469,58.08000183105469,58.020599365234375,58.020599365234375,226,0.0,0.0,0.0
2023-07-31 10:30:00-04:00,57.9900016784668,57.9900016784668,57.9900016784668,57.9900016784668,0,0.0,0.0,0.0
2023-07-31 14:30:00-04:00,57.849700927734375,57.849700927734375,57.849700927734375,57.849700927734375,102,0.0,0.0,0.0
2023-07-31 15:30:00-04:00,57.84000015258789,57.891300201416016,57.84000015258789,57.891300201416016,1091,0.0,0.0,0.0
2023-08-01 09:30:00-04:00,57.900001525878906,57.900001525878906,57.84000015258789,57.84000015258789,159,0.0,0.0,0.0
2023-08-01 10:30:00-04:00,57.84000015258789,57.94990158081055,57.84000015258789,57.900001525878906,1258,0.0,0.0,0.0
2023-08-01 11:30:00-04:00,57.790000915527344,57.79140090942383,57.790000915527344,57.79140090942383,2327,0.0,0.0,0.0
2023-08-01 13:30:00-04:00,57.93989944458008,57.93989944458008,57.93149948120117,57.93149948120117,1042,0.0,0.0,0.0
2023-08-01 15:30:00-04:00,57.9900016784668,58.0,57.86000061035156,58.0,409,0.0,0.0,0.0
2023-08-02 09:30:00-04:00,57.54999923706055,57.54999923706055,57.54999923706055,57.54999923706055,0,0.0,0.0,0.0
2023-08-02 10:30:00-04:00,57.609901428222656,57.609901428222656,57.609901428222656,57.609901428222656,223,0.0,0.0,0.0
2023-08-02 13:30:00-04:00,57.529998779296875,57.529998779296875,57.525001525878906,57.529998779296875,336,0.0,0.0,0.0
2023-08-02 15:30:00-04:00,57.26599884033203,57.38999938964844,57.2400016784668,57.2400016784668,5126,0.0,0.0,0.0
2023-08-03 09:30:00-04:00,56.959999084472656,56.959999084472656,56.959999084472656,56.959999084472656,0,0.0,0.0,0.0
2023-08-03 11:30:00-04:00,56.9900016784668,56.9900016784668,56.9900016784668,56.9900016784668,1273,0.0,0.0,0.0
2023-08-03 12:30:00-04:00,57.27790069580078,57.27790069580078,57.27790069580078,57.27790069580078,213,0.0,0.0,0.0
2023-08-03 13:30:00-04:00,57.14899826049805,57.14899826049805,57.14899826049805,57.14899826049805,229,0.0,0.0,0.0
2023-08-03 14:30:00-04:00,57.16999816894531,57.16999816894531,57.1349983215332,57.1349983215332,248,0.0,0.0,0.0
2023-08-03 15:30:00-04:00,57.099998474121094,57.099998474121094,56.959999084472656,57.099998474121094,100,0.0,0.0,0.0
2023-08-04 10:30:00-04:00,57.150001525878906,57.34000015258789,57.150001525878906,57.34000015258789,839,0.0,0.0,0.0
2023-08-04 12:30:00-04:00,57.576698303222656,57.576698303222656,57.576698303222656,57.576698303222656,399,0.0,0.0,0.0
2023-08-04 13:30:00-04:00,57.34000015258789,57.34000015258789,57.34000015258789,57.34000015258789,185,0.0,0.0,0.0
2023-08-04 14:30:00-04:00,56.93000030517578,56.93000030517578,56.827999114990234,56.827999114990234,562,0.0,0.0,0.0
2023-08-07 09:30:00-04:00,55.52000045776367,55.52000045776367,55.52000045776367,55.52000045776367,0,0.0,0.0,0.0
2023-08-07 10:30:00-04:00,57.209999084472656,57.209999084472656,57.172000885009766,57.172000885009766,397,0.0,0.0,0.0
2023-08-07 13:30:00-04:00,57.32170104980469,57.32170104980469,57.32170104980469,57.32170104980469,706,0.0,0.0,0.0
2023-08-07 14:30:00-04:00,57.38999938964844,57.38999938964844,57.38999938964844,57.38999938964844,142,0.0,0.0,0.0
2023-08-07 15:30:00-04:00,57.29999923706055,57.470001220703125,57.29999923706055,57.33000183105469,1387,0.0,0.0,0.0
2023-08-08 14:30:00-04:00,57.0890007019043,57.0890007019043,57.0890007019043,57.0890007019043,25,0.0,0.0,0.0
2023-08-09 10:30:00-04:00,56.900001525878906,56.900001525878906,56.7599983215332,56.7599983215332,310,0.0,0.0,0.0
2023-08-09 11:30:00-04:00,56.790000915527344,56.790000915527344,56.619998931884766,56.709999084472656,910,0.0,0.0,0.0
2023-08-09 14:30:00-04:00,57.103599548339844,57.103599548339844,57.060001373291016,57.06999969482422,668,0.0,0.0,0.0
2023-08-09 15:30:00-04:00,56.95000076293945,56.95000076293945,56.703399658203125,56.703399658203125,100,0.0,0.0,0.0
2023-08-10 14:30:00-04:00,56.75,56.81990051269531,56.75,56.81990051269531,130,0.0,0.0,0.0
2023-08-10 15:30:00-04:00,56.68989944458008,56.68989944458008,56.56999969482422,56.56999969482422,440,0.0,0.0,0.0
2023-08-11 14:30:00-04:00,56.46480178833008,56.5,56.38029861450195,56.38029861450195,111,0.0,0.0,0.0
2023-08-14 09:30:00-04:00,56.720001220703125,56.720001220703125,56.720001220703125,56.720001220703125,0,0.0,0.0,0.0
2023-08-14 12:30:00-04:00,56.900001525878906,56.97999954223633,56.900001525878906,56.97999954223633,871,0.0,0.0,0.0
2023-08-14 13:30:00-04:00,56.849998474121094,56.849998474121094,56.849998474121094,56.849998474121094,260,0.0,0.0,0.0
2023-08-14 14:30:00-04:00,56.95650100708008,56.95650100708008,56.95650100708008,56.95650100708008,0,0.0,0.0,0.0
2023-08-15 09:30:00-04:00,56.630001068115234,56.709999084472656,56.630001068115234,56.709999084472656,1224,0.0,0.0,0.0
2023-08-15 10:30:00-04:00,56.72999954223633,56.81999969482422,56.72999954223633,56.7400016784668,506,0.0,0.0,0.0
2023-08-15 11:30:00-04:00,56.81999969482422,56.81999969482422,56.81999969482422,56.81999969482422,326,0.0,0.0,0.0
2023-08-15 12:30:00-04:00,56.63970184326172,56.6609001159668,56.63970184326172,56.6609001159668,466,0.0,0.0,0.0
2023-08-15 14:30:00-04:00,56.592498779296875,56.592498779296875,56.540000915527344,56.54999923706055,1784,0.0,0.0,0.0
2023-08-15 15:30:00-04:00,56.38999938964844,56.38999938964844,56.38999938964844,56.38999938964844,0,0.0,0.0,0.0
2023-08-16 11:30:00-04:00,56.439998626708984,56.439998626708984,56.439998626708984,56.439998626708984,176,0.0,0.0,0.0
2023-08-16 14:30:00-04:00,56.33000183105469,56.33000183105469,56.33000183105469,56.33000183105469,120,0.0,0.0,0.0
2023-08-16 15:30:00-04:00,56.1234016418457,56.1234016418457,56.031898498535156,56.031898498535156,0,0.0,0.0,0.0
2023-08-17 09:30:00-04:00,56.060001373291016,56.060001373291016,56.060001373291016,56.060001373291016,173,0.0,0.0,0.0
2023-08-17 12:30:00-04:00,55.890098571777344,55.890098571777344,55.890098571777344,55.890098571777344,132,0.0,0.0,0.0
2023-08-17 14:30:00-04:00,55.70000076293945,55.70000076293945,55.43000030517578,55.43000030517578,0,0.0,0.0,0.0
2023-08-18 09:30:00-04:00,55.29999923706055,55.29999923706055,55.29999923706055,55.29999923706055,328,0.0,0.0,0.0
2023-08-18 12:30:00-04:00,55.400001525878906,55.400001525878906,55.400001525878906,55.400001525878906,263,0.0,0.0,0.0
2023-08-21 09:30:00-04:00,55.63999938964844,55.63999938964844,55.63999938964844,55.63999938964844,0,0.0,0.0,0.0
2023-08-21 14:30:00-04:00,56.0,56.0,56.0,56.0,119,0.0,0.0,0.0
2023-08-21 15:30:00-04:00,56.034400939941406,56.034400939941406,56.029998779296875,56.029998779296875,0,0.0,0.0,0.0
2023-08-22 09:30:00-04:00,56.439998626708984,56.439998626708984,55.95000076293945,56.0,2878,0.0,0.0,0.0
2023-08-22 10:30:00-04:00,55.974998474121094,56.02000045776367,55.93000030517578,55.93000030517578,762,0.0,0.0,0.0
2023-08-22 12:30:00-04:00,55.720001220703125,55.720001220703125,55.720001220703125,55.720001220703125,341,0.0,0.0,0.0
2023-08-22 14:30:00-04:00,55.859901428222656,55.859901428222656,55.83000183105469,55.83000183105469,0,0.0,0.0,0.0
2023-08-23 13:30:00-04:00,56.5,56.55950164794922,56.5,56.55950164794922,589,0.0,0.0,0.0
2023-08-23 14:30:00-04:00,56.47140121459961,56.47140121459961,56.439998626708984,56.439998626708984,0,0.0,0.0,0.0
2023-08-24 09:30:00-04:00,56.900001525878906,56.900001525878906,56.900001525878906,56.900001525878906,4973,0.0,0.0,0.0
2023-08-24 10:30:00-04:00,56.290000915527344,56.290000915527344,56.290000915527344,56.290000915527344,150,0.0,0.0,0.0
2023-08-24 12:30:00-04:00,56.099998474121094,56.20500183105469,56.099998474121094,56.20500183105469,543,0.0,0.0,0.0
2023-08-24 14:30:00-04:00,56.11840057373047,56.11840057373047,56.11840057373047,56.11840057373047,252,0.0,0.0,0.0
2023-08-24 15:30:00-04:00,55.90999984741211,55.96950149536133,55.83829879760742,55.83829879760742,0,0.0,0.0,0.0
2023-08-25 11:30:00-04:00,55.77009963989258,55.77009963989258,55.77009963989258,55.77009963989258,127,0.0,0.0,0.0
2023-08-25 14:30:00-04:00,56.209999084472656,56.27000045776367,56.11000061035156,56.11000061035156,1114,0.0,0.0,0.0
2023-08-28 10:30:00-04:00,56.52000045776367,56.52000045776367,56.52000045776367,56.52000045776367,0,0.0,0.0,0.0
2023-08-28 12:30:00-04:00,56.46670150756836,56.60449981689453,56.46670150756836,56.60449981689453,2642,0.0,0.0,0.0
2023-08-28 13:30:00-04:00,56.459999084472656,56.51100158691406,56.400001525878906,56.400001525878906,2443,0.0,0.0,0.0
2023-08-28 15:30:00-04:00,56.52000045776367,56.55220031738281,56.52000045776367,56.55220031738281,0,0.0,0.0,0.0
2023-08-29 12:30:00-04:00,57.27000045776367,57.400001525878906,57.27000045776367,57.400001525878906,319,0.0,0.0,0.0
2023-08-30 09:30:00-04:00,57.33000183105469,57.33000183105469,57.33000183105469,57.33000183105469,92,0.0,0.0,0.0
2023-08-30 10:30:00-04:00,57.65999984741211,57.65999984741211,57.65999984741211,57.65999984741211,180,0.0,0.0,0.0
2023-08-30 14:30:00-04:00,57.7599983215332,57.7599983215332,57.70000076293945,57.70000076293945,0,0.0,0.0,0.0
2023-08-31 14:30:00-04:00,57.792999267578125,57.792999267578125,57.72999954223633,57.72999954223633,101,0.0,0.0,0.0
2023-09-01 09:30:00-04:00,57.91999816894531,57.91999816894531,57.91999816894531,57.91999816894531,134,0.0,0.0,0.0
2023-09-01 10:30:00-04:00,57.93000030517578,57.93000030517578,57.7400016784668,57.7400016784668,417,0.0,0.0,0.0
2023-09-01 14:30:00-04:00,57.72999954223633,57.72999954223633,57.72999954223633,57.72999954223633,213,0.0,0.0,0.0
2023-09-01 15:30:00-04:00,57.72999954223633,57.7400016784668,57.72999954223633,57.7400016784668,245,0.0,0.0,0.0
2023-09-05 11:30:00-04:00,57.5,57.5,57.5,57.5,0,0.0,0.0,0.0
2023-09-05 13:30:00-04:00,57.4900016784668,57.4900016784668,57.27000045776367,57.27000045776367,0,0.0,0.0,0.0
2023-09-06 12:30:00-04:00,56.815101623535156,56.859100341796875,56.815101623535156,56.859100341796875,1409,0.0,0.0,0.0
2023-09-06 13:30:00-04:00,56.88890075683594,56.939998626708984,56.88890075683594,56.939998626708984,2411,0.0,0.0,0.0
2023-09-06 14:30:00-04:00,56.970001220703125,56.970001220703125,56.86000061035156,56.86009979248047,1277,0.0,0.0,0.0
2023-09-06 15:30:00-04:00,56.970001220703125,56.97999954223633,56.9275016784668,56.9275016784668,0,0.0,0.0,0.0
2023-09-07 09:30:00-04:00,55.959999084472656,56.439998626708984,55.959999084472656,56.439998626708984,393,0.0,0.0,0.0
2023-09-07 12:30:00-04:00,56.65999984741211,56.65999984741211,56.599998474121094,56.599998474121094,2689,0.0,0.0,0.0
2023-09-07 13:30:00-04:00,56.72999954223633,56.72999954223633,56.560001373291016,56.599998474121094,2839,0.0,0.0,0.0
2023-09-07 14:30:00-04:00,56.52000045776367,56.70000076293945,56.52000045776367,56.70000076293945,1722,0.0,0.0,0.0
2023-09-07 15:30:00-04:00,56.619998931884766,56.619998931884766,56.599998474121094,56.599998474121094,0,0.0,0.0,0.0
2023-09-08 10:30:00-04:00,56.68000030517578,56.68000030517578,56.68000030517578,56.68000030517578,204,0.0,0.0,0.0
2023-09-08 14:30:00-04:00,56.470001220703125,56.47999954223633,56.415199279785156,56.415199279785156,314,0.0,0.0,0.0
2023-09-11 10:30:00-04:00,56.61000061035156,56.61000061035156,56.61000061035156,56.61000061035156,0,0.0,0.0,0.0
2023-09-11 11:30:00-04:00,56.439998626708984,56.439998626708984,56.439998626708984,56.439998626708984,140,0.0,0.0,0.0
2023-09-11 12:30:00-04:00,56.527099609375,56.527099609375,56.527099609375,56.527099609375,377,0.0,0.0,0.0
2023-09-11 13:30:00-04:00,56.619998931884766,56.75,56.619998931884766,56.75,784,0.0,0.0,0.0
2023-09-11 15:30:00-04:00,56.59000015258789,56.59000015258789,56.59000015258789,56.59000015258789,0,0.0,0.0,0.0
2023-09-12 10:30:00-04:00,56.16999816894531,56.16999816894531,56.16999816894531,56.16999816894531,111,0.0,0.0,0.0
2023-09-12 11:30:00-04:00,56.400001525878906,56.400001525878906,56.39500045776367,56.39500045776367,399,0.0,0.0,0.0
2023-09-12 12:30:00-04:00,56.290000915527344,56.290000915527344,56.290000915527344,56.290000915527344,2810,0.0,0.0,0.0
2023-09-12 14:30:00-04:00,56.150001525878906,56.150001525878906,56.150001525878906,56.150001525878906,1269,0.0,0.0,0.0
2023-09-12 15:30:00-04:00,56.08000183105469,56.13479995727539,56.08000183105469,56.13479995727539,0,0.0,0.0,0.0
2023-09-13 09:30:00-04:00,56.09000015258789,56.13999938964844,56.029998779296875,56.13999938964844,501,0.0,0.0,0.0
2023-09-13 10:30:00-04:00,56.16999816894531,56.40999984741211,56.16999816894531,56.31999969482422,1481,0.0,0.0,0.0
2023-09-13 11:30:00-04:00,56.27000045776367,56.27000045776367,56.119998931884766,56.16999816894531,1177,0.0,0.0,0.0
2023-09-13 13:30:00-04:00,56.33000183105469,56.43000030517578,56.33000183105469,56.43000030517578,1134,0.0,0.0,0.0
2023-09-13 15:30:00-04:00,56.25,56.25,56.15999984741211,56.20000076293945,0,0.0,0.0,0.0
2023-09-14 13:30:00-04:00,56.619998931884766,56.65810012817383,56.619998931884766,56.65810012817383,283,0.0,0.0,0.0
2023-09-14 15:30:00-04:00,56.79999923706055,56.79999923706055,56.79999923706055,56.79999923706055,0,0.0,0.0,0.0
2023-09-15 14:30:00-04:00,55.939998626708984,55.97999954223633,55.939998626708984,55.97999954223633,1335,0.0,0.0,0.0
2023-09-15 15:30:00-04:00,56.0,56.040000915527344,55.91999816894531,55.91999816894531,961,0.0,0.0,0.0
2023-09-18 10:30:00-04:00,56.08340072631836,56.08340072631836,56.08340072631836,56.08340072631836,0,0.0,0.0,0.0
2023-09-18 13:30:00-04:00,56.21179962158203,56.21179962158203,56.21179962158203,56.21179962158203,180,0.0,0.0,0.0
2023-09-18 14:30:00-04:00,56.11009979248047,56.11009979248047,56.060001373291016,56.060001373291016,254,0.0,0.0,0.0
2023-09-19 09:30:00-04:00,56.099998474121094,56.099998474121094,55.869998931884766,55.869998931884766,500,0.0,0.0,0.0
2023-09-19 10:30:00-04:00,55.68000030517578,55.81999969482422,55.66999816894531,55.76499938964844,798,0.0,0.0,0.0
2023-09-19 12:30:00-04:00,55.66999816894531,55.66999816894531,55.66999816894531,55.66999816894531,357,0.0,0.0,0.0
2023-09-19 13:30:00-04:00,55.955299377441406,55.955299377441406,55.955299377441406,55.955299377441406,164,0.0,0.0,0.0
2023-09-19 14:30:00-04:00,56.0099983215332,56.0099983215332,56.0099983215332,56.0099983215332,207,0.0,0.0,0.0
2023-09-19 15:30:00-04:00,56.06999969482422,56.130001068115234,56.06999969482422,56.130001068115234,100,0.0,0.0,0.0
2023-09-20 09:30:00-04:00,56.279998779296875,56.279998779296875,56.279998779296875,56.279998779296875,0,0.0,0.0,0.0
2023-09-20 10:30:00-04:00,56.2041015625,56.2041015625,56.2041015625,56.2041015625,139,0.0,0.0,0.0
2023-09-20 13:30:00-04:00,56.13999938964844,56.13999938964844,56.13999938964844,56.13999938964844,534,0.0,0.0,0.0
2023-09-20 15:30:00-04:00,55.7599983215332,55.7599983215332,55.56999969482422,55.56999969482422,0,0.0,0.0,0.0
2023-09-21 10:30:00-04:00,54.98500061035156,54.98500061035156,54.94499969482422,54.95000076293945,737,0.0,0.0,0.0
2023-09-21 12:30:00-04:00,54.96770095825195,54.96770095825195,54.96770095825195,54.96770095825195,350,0.0,0.0,0.0
2023-09-21 13:30:00-04:00,54.81999969482422,54.81999969482422,54.67290115356445,54.67290115356445,0,0.0,0.0,0.0
2023-09-22 13:30:00-04:00,54.78710174560547,54.78710174560547,54.78710174560547,54.78710174560547,107,0.0,0.0,0.0
2023-09-22 14:30:00-04:00,54.86000061035156,54.86000061035156,54.86000061035156,54.86000061035156,943,0.0,0.0,0.0
2023-09-22 15:30:00-04:00,54.865501403808594,54.880001068115234,54.865501403808594,54.880001068115234,218,0.0,0.0,0.0
2023-09-25 14:30:00-04:00,54.8650016784668,54.869998931884766,54.849998474121094,54.859901428222656,939,0.0,0.0,0.0
2023-09-25 15:30:00-04:00,54.96009826660156,55.11000061035156,54.96009826660156,55.03919982910156,0,0.0,0.0,0.0
2023-09-26 10:30:00-04:00,54.38999938964844,54.38999938964844,54.38999938964844,54.38999938964844,160,0.0,0.0,0.0
2023-09-26 13:30:00-04:00,54.26919937133789,54.26919937133789,54.13999938964844,54.13999938964844,0,0.0,0.0,0.0
2023-09-27 10:30:00-04:00,54.22019958496094,54.22019958496094,54.15999984741211,54.15999984741211,295,0.0,0.0,0.0
2023-09-27 12:30:00-04:00,54.0099983215332,54.0099983215332,54.0099983215332,54.0099983215332,327,0.0,0.0,0.0
2023-09-27 13:30:00-04:00,53.93519973754883,53.9900016784668,53.93519973754883,53.9900016784668,1013,0.0,0.0,0.0
2023-09-27 14:30:00-04:00,54.160099029541016,54.160099029541016,54.15999984741211,54.15999984741211,276,0.0,0.0,0.0
2023-09-27 15:30:00-04:00,54.349998474121094,54.349998474121094,54.26110076904297,54.26110076904297,0,0.0,0.0,0.0
2023-09-28 10:30:00-04:00,54.642799377441406,54.642799377441406,54.642799377441406,54.642799377441406,199,0.0,0.0,0.0
2023-09-28 13:30:00-04:00,54.77000045776367,54.77000045776367,54.77000045776367,54.77000045776367,150,0.0,0.0,0.0
2023-09-28 14:30:00-04:00,54.654998779296875,54.65999984741211,54.654998779296875,54.65999984741211,0,0.0,0.0,0.0
2023-09-29 10:30:00-04:00,55.010101318359375,55.084598541259766,55.0099983215332,55.084598541259766,586,0.0,0.0,0.0
2023-09-29 11:30:00-04:00,54.72999954223633,54.72999954223633,54.72999954223633,54.72999954223633,242,0.0,0.0,0.0
2023-09-29 12:30:00-04:00,54.57550048828125,54.57550048828125,54.57279968261719,54.57279968261719,535,0.0,0.0,0.0
2023-10-02 09:30:00-04:00,54.56999969482422,54.56999969482422,54.56999969482422,54.56999969482422,0,0.0,0.0,0.0
2023-10-02 10:30:00-04:00,54.43000030517578,54.43000030517578,54.43000030517578,54.43000030517578,273,0.0,0.0,0.0
2023-10-02 11:30:00-04:00,54.36000061035156,54.36000061035156,54.29999923706055,54.29999923706055,86257,0.0,0.0,0.0
2023-10-02 14:30:00-04:00,54.16999816894531,54.50519943237305,54.16999816894531,54.50519943237305,0,0.0,0.0,0.0
2023-10-03 10:30:00-04:00,53.9900016784668,53.9900016784668,53.9900016784668,53.9900016784668,173,0.0,0.0,0.0
2023-10-03 13:30:00-04:00,53.736000061035156,54.380401611328125,53.736000061035156,54.380401611328125,0,0.0,0.0,0.0
2023-10-05 10:30:00-04:00,54.02000045776367,54.02000045776367,53.970001220703125,53.970001220703125,629,0.0,0.0,0.0
2023-10-05 13:30:00-04:00,54.310001373291016,54.310001373291016,54.22999954223633,54.22999954223633,0,0.0,0.0,0.0
2023-10-06 10:30:00-04:00,54.5,54.5,54.43870162963867,54.43870162963867,504,0.0,0.0,0.0
2023-10-06 12:30:00-04:00,54.935001373291016,54.935001373291016,54.935001373291016,54.935001373291016,264,0.0,0.0,0.0
2023-10-06 13:30:00-04:00,55.048301696777344,55.048301696777344,55.02000045776367,55.02009963989258,1063,0.0,0.0,0.0
2023-10-09 10:30:00-04:00,55.2958984375,55.2958984375,55.2958984375,55.2958984375,0,0.0,0.0,0.0
2023-10-10 12:30:00-04:00,55.81010055541992,55.81010055541992,55.810001373291016,55.810001373291016,899,0.0,0.0,0.0
2023-10-10 13:30:00-04:00,55.619998931884766,55.749900817871094,55.57490158081055,55.57490158081055,0,0.0,0.0,0.0
2023-10-11 12:30:00-04:00,55.560001373291016,55.560001373291016,55.560001373291016,55.560001373291016,316,0.0,0.0,0.0
2023-10-11 15:30:00-04:00,55.880001068115234,55.880001068115234,55.856300354003906,55.856300354003906,0,0.0,0.0,0.0
2023-10-12 09:30:00-04:00,55.72999954223633,55.72999954223633,55.72999954223633,55.72999954223633,345,0.0,0.0,0.0
2023-10-12 12:30:00-04:00,55.560001373291016,55.560001373291016,55.560001373291016,55.560001373291016,204,0.0,0.0,0.0
2023-10-12 14:30:00-04:00,55.45819854736328,55.45819854736328,55.45819854736328,55.45819854736328,440,0.0,0.0,0.0
2023-10-12 15:30:00-04:00,55.46220016479492,55.46220016479492,55.449100494384766,55.449100494384766,0,0.0,0.0,0.0
2023-10-13 10:30:00-04:00,55.380001068115234,55.380001068115234,55.380001068115234,55.380001068115234,309,0.0,0.0,0.0
2023-10-13 13:30:00-04:00,54.939998626708984,55.01499938964844,54.93000030517578,55.01499938964844,23549,0.0,0.0,0.0
2023-10-16 09:30:00-04:00,55.59000015258789,55.59000015258789,55.59000015258789,55.59000015258789,0,0.0,0.0,0.0
2023-10-16 10:30:00-04:00,55.66270065307617,55.66270065307617,55.66270065307617,55.66270065307617,166,0.0,0.0,0.0
2023-10-16 12:30:00-04:00,55.625,55.625,55.625,55.625,128,0.0,0.0,0.0
2023-10-16 13:30:00-04:00,55.70000076293945,55.709800720214844,55.676700592041016,55.676700592041016,0,0.0,0.0,0.0
2023-10-17 12:30:00-04:00,55.653499603271484,55.653499603271484,55.57699966430664,55.57699966430664,582,0.0,0.0,0.0
2023-10-17 13:30:00-04:00,55.489898681640625,55.489898681640625,55.43000030517578,55.43000030517578,243,0.0,0.0,0.0
2023-10-18 09:30:00-04:00,55.119998931884766,55.119998931884766,55.119998931884766,55.119998931884766,0,0.0,0.0,0.0
2023-10-18 13:30:00-04:00,55.099998474121094,55.099998474121094,54.529998779296875,54.529998779296875,0,0.0,0.0,0.0
2023-10-19 09:30:00-04:00,54.59000015258789,54.59000015258789,54.59000015258789,54.59000015258789,19958,0.0,0.0,0.0
2023-10-19 11:30:00-04:00,54.599998474121094,54.599998474121094,54.47999954223633,54.47999954223633,316,0.0,0.0,0.0
2023-10-19 13:30:00-04:00,54.599998474121094,54.599998474121094,54.595001220703125,54.595001220703125,493,0.0,0.0,0.0
2023-10-19 14:30:00-04:00,54.130001068115234,54.130001068115234,54.130001068115234,54.130001068115234,0,0.0,0.0,0.0
2023-10-20 10:30:00-04:00,53.56999969482422,53.56999969482422,53.560298919677734,53.560298919677734,484,0.0,0.0,0.0
2023-10-20 13:30:00-04:00,53.81919860839844,53.81919860839844,53.38999938964844,53.38999938964844,911,0.0,0.0,0.0
2023-10-23 09:30:00-04:00,53.33000183105469,53.33000183105469,53.33000183105469,53.33000183105469,0,0.0,0.0,0.0
2023-10-23 10:30:00-04:00,53.36009979248047,53.36009979248047,53.36009979248047,53.36009979248047,113,0.0,0.0,0.0
2023-10-23 11:30:00-04:00,53.58000183105469,53.58000183105469,53.58000183105469,53.58000183105469,274,0.0,0.0,0.0
2023-10-23 13:30:00-04:00,53.54999923706055,53.54999923706055,53.43000030517578,53.43000030517578,0,0.0,0.0,0.0
2023-10-24 13:30:00-04:00,53.380001068115234,53.43410110473633,53.380001068115234,53.43410110473633,436,0.0,0.0,0.0
2023-10-24 14:30:00-04:00,53.69900131225586,53.69900131225586,53.58000183105469,53.58000183105469,0,0.0,0.0,0.0
2023-10-25 10:30:00-04:00,53.017601013183594,53.017601013183594,53.017601013183594,53.017601013183594,807,0.0,0.0,0.0
2023-10-25 15:30:00-04:00,52.599998474121094,52.599998474121094,52.529998779296875,52.529998779296875,0,0.0,0.0,0.0
2023-10-26 10:30:00-04:00,52.275001525878906,52.275001525878906,52.275001525878906,52.275001525878906,445,0.0,0.0,0.0
2023-10-26 13:30:00-04:00,52.09000015258789,52.36000061035156,52.09000015258789,52.15999984741211,0,0.0,0.0,0.0
2023-10-27 09:30:00-04:00,52.110801696777344,52.110801696777344,52.110801696777344,52.110801696777344,1129,0.0,0.0,0.0
2023-10-27 12:30:00-04:00,51.81999969482422,51.820098876953125,51.81999969482422,51.820098876953125,2064,0.0,0.0,0.0
2023-10-27 15:30:00-04:00,51.810001373291016,51.81999969482422,51.810001373291016,51.81999969482422,196,0.0,0.0,0.0
2023-10-30 09:30:00-04:00,51.731201171875,51.731201171875,51.731201171875,51.731201171875,0,0.0,0.0,0.0
2023-10-30 10:30:00-04:00,51.66999816894531,52.04999923706055,51.66999816894531,52.04999923706055,458,0.0,0.0,0.0
2023-10-31 09:30:00-04:00,52.150001525878906,52.150001525878906,52.150001525878906,52.150001525878906,0,0.0,0.0,0.0
2023-10-31 10:30:00-04:00,52.491600036621094,53.00400161743164,52.491600036621094,53.00400161743164,54,0.0,0.0,0.0
2023-11-02 09:30:00-04:00,53.61000061035156,53.61000061035156,53.61000061035156,53.61000061035156,421,0.0,0.0,0.0
2023-11-02 13:30:00-04:00,54.150001525878906,54.16999816894531,54.149898529052734,54.16999816894531,0,0.0,0.0,0.0
2023-11-03 12:30:00-04:00,54.820098876953125,54.900001525878906,54.81999969482422,54.900001525878906,243,0.0,0.0,0.0
2023-11-06 10:30:00-05:00,54.95000076293945,54.95000076293945,54.95000076293945,54.95000076293945,0,0.0,0.0,0.0
2023-11-06 12:30:00-05:00,54.7317008972168,54.7317008972168,54.66999816894531,54.66999816894531,225,0.0,0.0,0.0
2023-11-06 14:30:00-05:00,54.959999084472656,54.9900016784668,54.86000061035156,54.9900016784668,0,0.0,0.0,0.0
2023-11-07 09:30:00-05:00,55.15999984741211,55.15999984741211,55.1599006652832,55.1599006652832,530,0.0,0.0,0.0
2023-11-07 10:30:00-05:00,55.29999923706055,55.29999923706055,55.29999923706055,55.29999923706055,308,0.0,0.0,0.0
2023-11-07 15:30:00-05:00,55.35879898071289,55.369998931884766,55.27000045776367,55.27000045776367,0,0.0,0.0,0.0
2023-11-08 10:30:00-05:00,55.4900016784668,55.4900016784668,55.4900016784668,55.4900016784668,309,0.0,0.0,0.0
2023-11-08 12:30:00-05:00,55.246498107910156,55.246498107910156,55.246498107910156,55.246498107910156,235,0.0,0.0,0.0
2023-11-08 14:30:00-05:00,55.5099983215332,55.529998779296875,55.47999954223633,55.5,11801,0.0,0.0,0.0
2023-11-08 15:30:00-05:00,55.619998931884766,55.619998931884766,55.523799896240234,55.523799896240234,1102,0.0,0.0,0.0
2023-11-09 09:30:00-05:00,55.52000045776367,55.52000045776367,55.52000045776367,55.52000045776367,0,0.0,0.0,0.0
2023-11-09 10:30:00-05:00,55.5265998840332,55.5265998840332,55.5265998840332,55.5265998840332,161,0.0,0.0,0.0
2023-11-09 12:30:00-05:00,55.55720138549805,55.65999984741211,55.55720138549805,55.560001373291016,1237,0.0,0.0,0.0
2023-11-09 14:30:00-05:00,55.36989974975586,55.36989974975586,55.36989974975586,55.36989974975586,269,0.0,0.0,0.0
2023-11-09 15:30:00-05:00,55.189998626708984,55.2599983215332,55.11000061035156,55.11000061035156,0,0.0,0.0,0.0
2023-11-10 09:30:00-05:00,55.21500015258789,55.21500015258789,55.21500015258789,55.21500015258789,707,0.0,0.0,0.0
2023-11-10 13:30:00-05:00,56.0,56.0,56.0,56.0,237,0.0,0.0,0.0
2023-11-10 14:30:00-05:00,56.06999969482422,56.06999969482422,56.06999969482422,56.06999969482422,100,0.0,0.0,0.0
2023-11-10 15:30:00-05:00,56.099998474121094,56.11000061035156,56.04999923706055,56.055599212646484,1960,0.0,0.0,0.0
2023-11-13 09:30:00-05:00,55.63999938964844,55.63999938964844,55.63999938964844,55.63999938964844,0,0.0,0.0,0.0
2023-11-13 11:30:00-05:00,55.970001220703125,55.970001220703125,55.970001220703125,55.970001220703125,420,0.0,0.0,0.0
2023-11-13 14:30:00-05:00,56.03990173339844,56.03990173339844,56.03990173339844,56.03990173339844,163,0.0,0.0,0.0
2023-11-13 15:30:00-05:00,55.94499969482422,55.94499969482422,55.869998931884766,55.869998931884766,0,0.0,0.0,0.0
2023-11-14 09:30:00-05:00,56.709999084472656,56.709999084472656,56.709999084472656,56.709999084472656,1039,0.0,0.0,0.0
2023-11-14 10:30:00-05:00,57.220001220703125,57.220001220703125,57.21500015258789,57.220001220703125,800,0.0,0.0,0.0
2023-11-14 13:30:00-05:00,57.08000183105469,57.08000183105469,57.08000183105469,57.08000183105469,313,0.0,0.0,0.0
2023-11-14 14:30:00-05:00,57.189998626708984,57.189998626708984,57.06999969482422,57.06999969482422,0,0.0,0.0,0.0
2023-11-15 10:30:00-05:00,57.52000045776367,57.52000045776367,57.52000045776367,57.52000045776367,449,0.0,0.0,0.0
2023-11-15 12:30:00-05:00,57.36130142211914,57.36130142211914,57.36130142211914,57.36130142211914,179,0.0,0.0,0.0
2023-11-15 13:30:00-05:00,57.2421989440918,57.2421989440918,57.2421989440918,57.2421989440918,0,0.0,0.0,0.0
2023-11-16 12:30:00-05:00,57.18000030517578,57.18000030517578,57.18000030517578,57.18000030517578,335,0.0,0.0,0.0
2023-11-16 14:30:00-05:00,57.233001708984375,57.32310104370117,57.233001708984375,57.32310104370117,0,0.0,0.0,0.0
2023-11-17 10:30:00-05:00,57.2047004699707,57.2047004699707,57.2047004699707,57.2047004699707,511,0.0,0.0,0.0
2023-11-17 12:30:00-05:00,57.160099029541016,57.160099029541016,57.160099029541016,57.160099029541016,265,0.0,0.0,0.0
2023-11-17 13:30:00-05:00,57.27299880981445,57.27299880981445,57.25,57.25,877,0.0,0.0,0.0
2023-11-20 11:30:00-05:00,57.5,57.5,57.459999084472656,57.459999084472656,184265,0.0,0.0,0.0
2023-11-20 12:30:00-05:00,57.47169876098633,57.72209930419922,57.47169876098633,57.72209930419922,0,0.0,0.0,0.0
2023-11-21 09:30:00-05:00,57.779998779296875,57.779998779296875,57.779998779296875,57.779998779296875,231,0.0,0.0,0.0
2023-11-21 10:30:00-05:00,57.599998474121094,57.64039993286133,57.599998474121094,57.64039993286133,607,0.0,0.0,0.0
2023-11-21 11:30:00-05:00,57.668399810791016,57.668399810791016,57.63999938964844,57.63999938964844,478,0.0,0.0,0.0
2023-11-21 13:30:00-05:00,57.72850036621094,57.75,57.689998626708984,57.70500183105469,3799,0.0,0.0,0.0
2023-11-21 15:30:00-05:00,57.72999954223633,57.7599983215332,57.720001220703125,57.73500061035156,0,0.0,0.0,0.0
2023-11-22 09:30:00-05:00,57.875,57.875,57.875,57.875,153,0.0,0.0,0.0
2023-11-22 10:30:00-05:00,57.970001220703125,58.040000915527344,57.90999984741211,57.910099029541016,4547,0.0,0.0,0.0
2023-11-22 11:30:00-05:00,58.04999923706055,58.04999923706055,58.04999923706055,58.04999923706055,395,0.0,0.0,0.0
2023-11-22 12:30:00-05:00,58.03089904785156,58.03089904785156,58.029998779296875,58.029998779296875,356,0.0,0.0,0.0
2023-11-22 13:30:00-05:00,58.061100006103516,58.061100006103516,58.02000045776367,58.040000915527344,155867,0.0,0.0,0.0
2023-11-22 14:30:00-05:00,58.0099983215332,58.0099983215332,57.939998626708984,58.0,4000,0.0,0.0,0.0
2023-11-22 15:30:00-05:00,57.9900016784668,58.0099983215332,57.9900016784668,57.99039840698242,3000,0.0,0.0,0.0
2023-11-24 09:30:00-05:00,58.0099983215332,58.0099983215332,57.97719955444336,57.97719955444336,0,0.0,0.0,0.0
2023-11-24 10:30:00-05:00,57.970001220703125,57.97999954223633,57.939998626708984,57.939998626708984,24165,0.0,0.0,0.0
2023-11-24 11:30:00-05:00,57.970001220703125,57.9900016784668,57.95000076293945,57.9900016784668,1900,0.0,0.0,0.0
2023-11-27 10:30:00-05:00,57.91999816894531,57.91999816894531,57.900001525878906,57.900001525878906,400,0.0,0.0,0.0
2023-11-27 13:30:00-05:00,57.930999755859375,57.93339920043945,57.930999755859375,57.93339920043945,734,0.0,0.0,0.0
2023-11-27 14:30:00-05:00,57.86000061035156,57.86000061035156,57.86000061035156,57.86000061035156,207,0.0,0.0,0.0
2023-11-27 15:30:00-05:00,57.849998474121094,57.849998474121094,57.779998779296875,57.779998779296875,0,0.0,0.0,0.0
2023-11-28 10:30:00-05:00,57.84450149536133,57.84450149536133,57.84450149536133,57.84450149536133,524,0.0,0.0,0.0
2023-11-28 13:30:00-05:00,57.61000061035156,57.619998931884766,57.61000061035156,57.619998931884766,398,0.0,0.0,0.0
2023-11-28 15:30:00-05:00,57.56999969482422,57.625,57.56999969482422,57.625,0,0.0,0.0,0.0
2023-11-29 10:30:00-05:00,57.970001220703125,57.970001220703125,57.970001220703125,57.970001220703125,457,0.0,0.0,0.0
2023-11-29 12:30:00-05:00,57.959999084472656,57.959999084472656,57.959999084472656,57.959999084472656,307,0.0,0.0,0.0
2023-11-29 13:30:00-05:00,57.88690185546875,57.88690185546875,57.72999954223633,57.72999954223633,0,0.0,0.0,0.0
2023-11-30 10:30:00-05:00,57.77349853515625,57.77349853515625,57.77349853515625,57.77349853515625,285,0.0,0.0,0.0
2023-11-30 12:30:00-05:00,57.70399856567383,57.70399856567383,57.70399856567383,57.70399856567383,374,0.0,0.0,0.0
2023-11-30 14:30:00-05:00,57.85200119018555,57.9900016784668,57.85200119018555,57.9900016784668,0,0.0,0.0,0.0
2023-12-01 10:30:00-05:00,58.47999954223633,58.47999954223633,58.1609001159668,58.1609001159668,663,0.0,0.0,0.0
2023-12-04 10:30:00-05:00,57.86000061035156,57.86000061035156,57.86000061035156,57.86000061035156,0,0.0,0.0,0.0
2023-12-04 12:30:00-05:00,58.1614990234375,58.1614990234375,58.1614990234375,58.1614990234375,463,0.0,0.0,0.0
2023-12-04 13:30:00-05:00,58.092098236083984,58.092098236083984,58.092098236083984,58.092098236083984,282,0.0,0.0,0.0
2023-12-04 15:30:00-05:00,58.050201416015625,58.15999984741211,58.050201416015625,58.15999984741211,0,0.0,0.0,0.0
2023-12-05 09:30:00-05:00,57.869998931884766,57.869998931884766,57.869998931884766,57.869998931884766,119,0.0,0.0,0.0
2023-12-05 10:30:00-05:00,57.97999954223633,57.97999954223633,57.970001220703125,57.970001220703125,346,0.0,0.0,0.0
2023-12-05 12:30:00-05:00,57.88999938964844,57.88999938964844,57.88999938964844,57.88999938964844,306,0.0,0.0,0.0
2023-12-05 13:30:00-05:00,57.900001525878906,57.900001525878906,57.900001525878906,57.900001525878906,287,0.0,0.0,0.0
2023-12-05 15:30:00-05:00,58.11000061035156,58.47999954223633,58.079898834228516,58.25,0,0.0,0.0,0.0
2023-12-06 10:30:00-05:00,58.47050094604492,58.53990173339844,58.40999984741211,58.53990173339844,9078,0.0,0.0,0.0
2023-12-06 11:30:00-05:00,58.22999954223633,58.470001220703125,58.22999954223633,58.3390007019043,6676,0.0,0.0,0.0
2023-12-06 12:30:00-05:00,58.36000061035156,58.38999938964844,58.270999908447266,58.349998474121094,71901,0.0,0.0,0.0
2023-12-06 13:30:00-05:00,58.43299865722656,58.43299865722656,58.43299865722656,58.43299865722656,542,0.0,0.0,0.0
2023-12-06 15:30:00-05:00,58.22999954223633,58.47999954223633,58.130001068115234,58.47999954223633,0,0.0,0.0,0.0
2023-12-08 10:30:00-05:00,58.71500015258789,58.71500015258789,58.71500015258789,58.71500015258789,145,0.0,0.0,0.0
2023-12-08 11:30:00-05:00,58.66999816894531,58.689998626708984,58.66999816894531,58.689998626708984,381,0.0,0.0,0.0
2023-12-08 14:30:00-05:00,58.689998626708984,58.689998626708984,58.689998626708984,58.689998626708984,248,0.0,0.0,0.0
2023-12-08 15:30:00-05:00,58.76020050048828,58.810001373291016,58.7400016784668,58.810001373291016,322,0.0,0.0,0.0
2023-12-11 10:30:00-05:00,59.04999923706055,59.04999923706055,59.04999923706055,59.04999923706055,213,0.0,0.0,0.0
2023-12-11 11:30:00-05:00,59.12009811401367,59.2318000793457,59.12009811401367,59.2318000793457,270,0.0,0.0,0.0
2023-12-11 12:30:00-05:00,59.22370147705078,59.22370147705078,59.22370147705078,59.22370147705078,707,0.0,0.0,0.0
2023-12-11 14:30:00-05:00,59.38999938964844,59.40999984741211,59.38999938964844,59.40999984741211,731,0.0,0.0,0.0
2023-12-11 15:30:00-05:00,59.380001068115234,59.380001068115234,59.380001068115234,59.380001068115234,0,0.0,0.0,0.0
2023-12-12 12:30:00-05:00,59.53099822998047,59.59000015258789,59.53099822998047,59.59000015258789,1137,0.0,0.0,0.0
2023-12-12 13:30:00-05:00,59.65370178222656,59.65370178222656,59.65370178222656,59.65370178222656,281,0.0,0.0,0.0
2023-12-12 15:30:00-05:00,59.79999923706055,59.79999923706055,59.779998779296875,59.779998779296875,101,0.0,0.0,0.0
2023-12-13 09:30:00-05:00,60.11000061035156,60.11000061035156,60.11000061035156,60.11000061035156,0,0.0,0.0,0.0
2023-12-13 10:30:00-05:00,59.956298828125,59.956298828125,59.956298828125,59.956298828125,543,0.0,0.0,0.0
2023-12-13 14:30:00-05:00,60.6150016784668,60.6150016784668,60.6150016784668,60.6150016784668,500,0.0,0.0,0.0
2023-12-13 15:30:00-05:00,60.5004997253418,60.7400016784668,60.5004997253418,60.7400016784668,172,0.0,0.0,0.0
2023-12-14 09:30:00-05:00,60.65999984741211,60.65999984741211,60.65999984741211,60.65999984741211,0,0.0,0.0,0.0
2023-12-14 13:30:00-05:00,60.77000045776367,60.77000045776367,60.77000045776367,60.77000045776367,0,0.0,0.0,0.0
2023-12-14 15:30:00-05:00,60.849998474121094,60.849998474121094,60.79999923706055,60.79999923706055,55,0.0,0.0,0.0
2023-12-15 10:30:00-05:00,60.86439895629883,60.89120101928711,60.86439895629883,60.89120101928711,381,0.0,0.0,0.0
2023-12-15 12:30:00-05:00,60.690101623535156,60.76599884033203,60.690101623535156,60.690101623535156,577,0.0,0.0,0.0
2023-12-15 14:30:00-05:00,60.739898681640625,60.739898681640625,60.739898681640625,60.739898681640625,256,0.0,0.0,0.0
2023-12-15 15:30:00-05:00,60.86600112915039,60.88600158691406,60.768798828125,60.768798828125,222,0.0,0.0,0.0
2023-12-18 10:30:00-05:00,60.650001525878906,60.672401428222656,60.62099838256836,60.672401428222656,1072,0.0,0.0,0.0
2023-12-18 14:30:00-05:00,60.99369812011719,60.99729919433594,60.88999938964844,60.88999938964844,0,0.0,0.0,0.0
2023-12-19 09:30:00-05:00,61.09000015258789,61.09000015258789,61.018699645996094,61.040000915527344,3515,0.0,0.0,0.0
2023-12-19 10:30:00-05:00,61.07099914550781,61.07099914550781,61.06999969482422,61.070098876953125,312,0.0,0.0,0.0
2023-12-19 12:30:00-05:00,61.130699157714844,61.130699157714844,61.130699157714844,61.130699157714844,207,0.0,0.0,0.0
2023-12-19 13:30:00-05:00,61.02349853515625,61.02349853515625,61.02349853515625,61.02349853515625,278,0.0,0.0,0.0
2023-12-19 14:30:00-05:00,61.13999938964844,61.189998626708984,61.13999938964844,61.189998626708984,0,0.0,0.0,0.0
2023-12-20 10:30:00-05:00,61.220001220703125,61.22010040283203,61.220001220703125,61.22010040283203,1200,0.0,0.0,0.0
2023-12-20 14:30:00-05:00,60.50279998779297,60.50279998779297,60.220001220703125,60.220001220703125,0,0.0,0.0,0.0
2023-12-21 09:30:00-05:00,60.7599983215332,60.7599983215332,60.7599983215332,60.7599983215332,537,0.0,0.0,0.0
2023-12-21 14:30:00-05:00,60.72370147705078,61.06999969482422,60.72370147705078,61.06999969482422,0,0.0,0.0,0.0
2023-12-22 09:30:00-05:00,60.91999816894531,61.209999084472656,60.91999816894531,61.209999084472656,2069,0.0,0.0,0.0
2023-12-22 10:30:00-05:00,61.16130065917969,61.20009994506836,61.16130065917969,61.20009994506836,768,0.0,0.0,0.0
2023-12-22 11:30:00-05:00,61.2400016784668,61.2400016784668,61.2400016784668,61.2400016784668,445,0.0,0.0,0.0
2023-12-22 14:30:00-05:00,61.11709976196289,61.11709976196289,61.0099983215332,61.0099983215332,6387,0.0,0.0,0.0
2023-12-26 13:30:00-05:00,61.150001525878906,61.209999084472656,61.150001525878906,61.209999084472656,0,0.0,0.0,0.0
2023-12-27 09:30:00-05:00,60.900001525878906,61.14609909057617,60.900001525878906,61.14609909057617,343,0.0,0.0,0.0
2023-12-27 10:30:00-05:00,61.15999984741211,61.15999984741211,61.11000061035156,61.11000061035156,733,0.0,0.0,0.0
2023-12-27 14:30:00-05:00,61.2400016784668,61.2400016784668,61.2400016784668,61.2400016784668,326,0.0,0.0,0.0
2023-12-27 15:30:00-05:00,61.209999084472656,61.22999954223633,61.209999084472656,61.22999954223633,0,0.0,0.0,0.0
2023-12-28 10:30:00-05:00,61.41999816894531,61.43000030517578,61.28099822998047,61.28099822998047,720,0.0,0.0,0.0
2023-12-28 12:30:00-05:00,61.278900146484375,61.278900146484375,61.278900146484375,61.278900146484375,411,0.0,0.0,0.0
2023-12-28 13:30:00-05:00,61.369998931884766,61.369998931884766,61.369998931884766,61.369998931884766,124,0.0,0.0,0.0
2023-12-29 09:30:00-05:00,61.4900016784668,61.4900016784668,61.4099006652832,61.4099006652832,0,0.0,0.0,0.0
2023-12-29 14:30:00-05:00,61.25,61.25,61.25,61.25,164,0.0,0.0,0.0
2024-01-02 09:30:00-05:00,60.939998626708984,60.939998626708984,60.939998626708984,60.939998626708984,0,0.0,0.0,0.0
2024-01-02 10:30:00-05:00,60.63999938964844,60.63999938964844,60.63990020751953,60.63990020751953,356,0.0,0.0,0.0
2024-01-02 12:30:00-05:00,60.619998931884766,60.619998931884766,60.540000915527344,60.540000915527344,0,0.0,0.0,0.0
2024-01-03 10:30:00-05:00,59.65250015258789,59.65250015258789,59.65250015258789,59.65250015258789,220,0.0,0.0,0.0
2024-01-03 12:30:00-05:00,59.88999938964844,59.88999938964844,59.88999938964844,59.88999938964844,269,0.0,0.0,0.0
2024-01-03 14:30:00-05:00,59.654998779296875,59.654998779296875,59.654998779296875,59.654998779296875,193,0.0,0.0,0.0
2024-01-03 15:30:00-05:00,59.7400016784668,59.7599983215332,59.61249923706055,59.61249923706055,1707,0.0,0.0,0.0
2024-01-04 10:30:00-05:00,59.810001373291016,59.810001373291016,59.810001373291016,59.810001373291016,159,0.0,0.0,0.0
2024-01-04 11:30:00-05:00,59.630001068115234,59.630001068115234,59.630001068115234,59.630001068115234,237,0.0,0.0,0.0
2024-01-04 13:30:00-05:00,59.769901275634766,59.769901275634766,59.769901275634766,59.769901275634766,481,0.0,0.0,0.0
2024-01-04 14:30:00-05:00,59.588401794433594,59.588401794433594,59.588401794433594,59.588401794433594,349,0.0,0.0,0.0
2024-01-04 15:30:00-05:00,59.54999923706055,59.54999923706055,59.40999984741211,59.40999984741211,0,0.0,0.0,0.0
2024-01-05 10:30:00-05:00,59.62670135498047,59.62670135498047,59.62670135498047,59.62670135498047,192,0.0,0.0,0.0
2024-01-05 11:30:00-05:00,59.3849983215332,59.3849983215332,59.3849983215332,59.3849983215332,480,0.0,0.0,0.0
2024-01-08 09:30:00-05:00,59.369998931884766,59.599998474121094,59.369998931884766,59.599998474121094,0,0.0,0.0,0.0
2024-01-08 10:30:00-05:00,59.849998474121094,59.91350173950195,59.84000015258789,59.84000015258789,1259,0.0,0.0,0.0
2024-01-08 11:30:00-05:00,59.900001525878906,60.09000015258789,59.900001525878906,60.09000015258789,406,0.0,0.0,0.0
2024-01-08 13:30:00-05:00,60.31999969482422,60.31999969482422,60.31999969482422,60.31999969482422,0,0.0,0.0,0.0
2024-01-08 14:30:00-05:00,60.29999923706055,60.29999923706055,60.29999923706055,60.29999923706055,1897,0.0,0.0,0.0
2024-01-08 15:30:00-05:00,60.3468017578125,60.439998626708984,60.3468017578125,60.439998626708984,0,0.0,0.0,0.0
2024-01-09 10:30:00-05:00,60.38349914550781,60.38349914550781,60.38349914550781,60.38349914550781,629,0.0,0.0,0.0
2024-01-09 13:30:00-05:00,60.51210021972656,60.51210021972656,60.51210021972656,60.51210021972656,1058,0.0,0.0,0.0
2024-01-09 14:30:00-05:00,60.42689895629883,60.42689895629883,60.38999938964844,60.38999938964844,727,0.0,0.0,0.0
2024-01-10 09:30:00-05:00,60.564998626708984,60.564998626708984,60.3400993347168,60.3400993347168,0,0.0,0.0,0.0
2024-01-10 10:30:00-05:00,60.63990020751953,60.63990020751953,60.63990020751953,60.63990020751953,327,0.0,0.0,0.0
2024-01-10 11:30:00-05:00,60.512001037597656,60.512001037597656,60.512001037597656,60.512001037597656,418,0.0,0.0,0.0
2024-01-10 12:30:00-05:00,60.84450149536133,60.84450149536133,60.84450149536133,60.84450149536133,0,0.0,0.0,0.0
2024-01-11 13:30:00-05:00,60.96659851074219,60.96659851074219,60.919898986816406,60.96659851074219,427,0.0,0.0,0.0
2024-01-12 09:30:00-05:00,61.060001373291016,61.060001373291016,61.02989959716797,61.02989959716797,170,0.0,0.0,0.0
2024-01-12 10:30:00-05:00,60.750099182128906,60.750099182128906,60.750099182128906,60.750099182128906,501,0.0,0.0,0.0
2024-01-12 13:30:00-05:00,61.060001373291016,61.060001373291016,60.93000030517578,60.93000030517578,706,0.0,0.0,0.0
2024-01-16 09:30:00-05:00,60.7400016784668,60.7400016784668,60.7400016784668,60.7400016784668,0,0.0,0.0,0.0
2024-01-16 11:30:00-05:00,60.818199157714844,60.818199157714844,60.818199157714844,60.818199157714844,714,0.0,0.0,0.0
2024-01-16 13:30:00-05:00,61.04999923706055,61.04999923706055,61.04999923706055,61.04999923706055,0,0.0,0.0,0.0
2024-01-17 09:30:00-05:00,60.5,60.5,60.5,60.5,324,0.0,0.0,0.0
2024-01-17 14:30:00-05:00,60.45610046386719,60.560001373291016,60.45610046386719,60.560001373291016,0,0.0,0.0,0.0
2024-01-18 10:30:00-05:00,61.08869934082031,61.08869934082031,61.08869934082031,61.08869934082031,480,0.0,0.0,0.0
2024-01-18 13:30:00-05:00,60.93349838256836,61.5,60.93349838256836,61.5,0,0.0,0.0,0.0
2024-01-19 11:30:00-05:00,61.810001373291016,61.83209991455078,61.810001373291016,61.83209991455078,942,0.0,0.0,0.0
2024-01-19 12:30:00-05:00,61.90010070800781,61.90010070800781,61.90010070800781,61.90010070800781,631,0.0,0.0,0.0
2024-01-19 13:30:00-05:00,62.255001068115234,62.255001068115234,62.255001068115234,62.255001068115234,100,0.0,0.0,0.0
2024-01-19 14:30:00-05:00,62.27000045776367,62.27000045776367,62.25,62.25,785,0.0,0.0,0.0
2024-01-22 09:30:00-05:00,62.849998474121094,62.849998474121094,62.75,62.75,0,0.0,0.0,0.0
2024-01-22 12:30:00-05:00,62.73609924316406,62.73609924316406,62.689998626708984,62.689998626708984,708,0.0,0.0,0.0
2024-01-22 14:30:00-05:00,62.76499938964844,62.76499938964844,62.76499938964844,62.76499938964844,588,0.0,0.0,0.0
2024-01-22 15:30:00-05:00,62.880001068115234,62.880001068115234,62.880001068115234,62.880001068115234,0,0.0,0.0,0.0
2024-01-23 09:30:00-05:00,62.689998626708984,62.689998626708984,62.689998626708984,62.689998626708984,182,0.0,0.0,0.0
2024-01-23 11:30:00-05:00,62.47710037231445,62.619998931884766,62.47710037231445,62.53889846801758,1001,0.0,0.0,0.0
2024-01-23 13:30:00-05:00,62.570098876953125,62.570098876953125,62.570098876953125,62.570098876953125,210,0.0,0.0,0.0
2024-01-23 14:30:00-05:00,62.779998779296875,62.797401428222656,62.70009994506836,62.797401428222656,0,0.0,0.0,0.0
2024-01-24 09:30:00-05:00,62.81999969482422,62.81999969482422,62.81999969482422,62.81999969482422,137,0.0,0.0,0.0
2024-01-24 10:30:00-05:00,62.941898345947266,62.941898345947266,62.941898345947266,62.941898345947266,672,0.0,0.0,0.0
2024-01-24 13:30:00-05:00,63.029998779296875,63.029998779296875,62.712100982666016,62.712100982666016,858,0.0,0.0,0.0
2024-01-24 14:30:00-05:00,62.47999954223633,62.47999954223633,62.47999954223633,62.47999954223633,0,0.0,0.0,0.0
2024-01-25 10:30:00-05:00,62.71500015258789,62.71500015258789,62.71500015258789,62.71500015258789,206,0.0,0.0,0.0
2024-01-25 11:30:00-05:00,62.65999984741211,62.65999984741211,62.65999984741211,62.65999984741211,418,0.0,0.0,0.0
2024-01-25 13:30:00-05:00,62.65999984741211,62.65999984741211,62.65999984741211,62.65999984741211,240,0.0,0.0,0.0
2024-01-25 14:30:00-05:00,62.47999954223633,62.47999954223633,62.47999954223633,62.47999954223633,105,0.0,0.0,0.0
2024-01-25 15:30:00-05:00,62.630001068115234,62.65999984741211,62.630001068115234,62.630001068115234,200,0.0,0.0,0.0
2024-01-26 09:30:00-05:00,62.560001373291016,62.560001373291016,62.560001373291016,62.560001373291016,0,0.0,0.0,0.0
2024-01-26 10:30:00-05:00,62.900001525878906,62.93000030517578,62.900001525878906,62.93000030517578,2594,0.0,0.0,0.0
2024-01-26 13:30:00-05:00,62.5099983215332,62.5099983215332,62.5099983215332,62.5099983215332,635,0.0,0.0,0.0
2024-01-26 14:30:00-05:00,62.650001525878906,62.650001525878906,62.630001068115234,62.630001068115234,1240,0.0,0.0,0.0
2024-01-29 09:30:00-05:00,62.54999923706055,62.54999923706055,62.54999923706055,62.54999923706055,0,0.0,0.0,0.0
2024-01-29 10:30:00-05:00,62.689998626708984,62.689998626708984,62.689998626708984,62.689998626708984,228,0.0,0.0,0.0
2024-01-29 11:30:00-05:00,62.790000915527344,62.790000915527344,62.790000915527344,62.790000915527344,100,0.0,0.0,0.0
2024-01-29 13:30:00-05:00,62.86000061035156,63.06999969482422,62.86000061035156,63.06999969482422,1595,0.0,0.0,0.0
2024-01-30 09:30:00-05:00,62.97999954223633,62.97999954223633,62.97999954223633,62.97999954223633,0,0.0,0.0,0.0
2024-01-30 10:30:00-05:00,63.2400016784668,63.279998779296875,63.2400016784668,63.279998779296875,1615,0.0,0.0,0.0
2024-01-30 11:30:00-05:00,63.22600173950195,63.22600173950195,63.22600173950195,63.22600173950195,106,0.0,0.0,0.0
2024-01-30 12:30:00-05:00,63.22999954223633,63.2599983215332,63.22999954223633,63.2598991394043,1576,0.0,0.0,0.0
2024-01-30 14:30:00-05:00,63.191001892089844,63.191001892089844,63.18360137939453,63.18360137939453,2110,0.0,0.0,0.0
2024-01-30 15:30:00-05:00,63.279998779296875,63.279998779296875,63.279998779296875,63.279998779296875,0,0.0,0.0,0.0
2024-01-31 10:30:00-05:00,62.540000915527344,62.75,62.540000915527344,62.75,1633,0.0,0.0,0.0
2024-01-31 11:30:00-05:00,62.70000076293945,62.70000076293945,62.70000076293945,62.70000076293945,248,0.0,0.0,0.0
2024-01-31 13:30:00-05:00,62.849998474121094,62.849998474121094,62.25360107421875,62.25360107421875,0,0.0,0.0,0.0
2024-02-01 09:30:00-05:00,62.59000015258789,62.59000015258789,62.589900970458984,62.589900970458984,873,0.0,0.0,0.0
2024-02-01 10:30:00-05:00,62.500099182128906,62.54999923706055,62.46989822387695,62.470001220703125,13278,0.0,0.0,0.0
2024-02-01 13:30:00-05:00,62.97990036010742,62.97990036010742,62.97990036010742,62.97990036010742,111,0.0,0.0,0.0
2024-02-01 14:30:00-05:00,63.02009963989258,63.22999954223633,63.02009963989258,63.22999954223633,0,0.0,0.0,0.0
2024-02-02 09:30:00-05:00,62.86000061035156,62.86000061035156,62.86000061035156,62.86000061035156,153,0.0,0.0,0.0
2024-02-02 10:30:00-05:00,63.16230010986328,63.346900939941406,63.16230010986328,63.34000015258789,6369,0.0,0.0,0.0
2024-02-02 13:30:00-05:00,63.68000030517578,63.68000030517578,63.68000030517578,63.68000030517578,103,0.0,0.0,0.0
2024-02-02 14:30:00-05:00,63.7400016784668,63.88999938964844,63.7400016784668,63.88990020751953,1485,0.0,0.0,0.0
2024-02-02 15:30:00-05:00,63.779998779296875,63.79999923706055,63.670101165771484,63.670101165771484,1596,0.0,0.0,0.0
2024-02-05 10:30:00-05:00,63.31999969482422,63.320098876953125,63.31999969482422,63.320098876953125,0,0.0,0.0,0.0
2024-02-05 12:30:00-05:00,63.64569854736328,63.64569854736328,63.64569854736328,63.64569854736328,167,0.0,0.0,0.0
2024-02-05 14:30:00-05:00,63.7599983215332,63.7599983215332,63.650001525878906,63.650001525878906,350,0.0,0.0,0.0
2024-02-05 15:30:00-05:00,63.70610046386719,63.70610046386719,63.630001068115234,63.630001068115234,0,0.0,0.0,0.0
2024-02-06 11:30:00-05:00,63.380001068115234,63.38100051879883,63.349998474121094,63.38100051879883,2474,0.0,0.0,0.0
2024-02-06 12:30:00-05:00,63.47090148925781,63.47090148925781,63.47090148925781,63.47090148925781,289,0.0,0.0,0.0
2024-02-06 13:30:00-05:00,63.55970001220703,63.55970001220703,63.484100341796875,63.484100341796875,248,0.0,0.0,0.0
2024-02-06 15:30:00-05:00,63.56999969482422,63.779998779296875,63.56999969482422,63.705501556396484,0,0.0,0.0,0.0
2024-02-07 09:30:00-05:00,64.04000091552734,64.04000091552734,64.04000091552734,64.04000091552734,507,0.0,0.0,0.0
2024-02-07 10:30:00-05:00,64.33999633789062,64.33999633789062,64.24839782714844,64.24839782714844,0,0.0,0.0,0.0
2024-02-07 11:30:00-05:00,64.23999786376953,64.23999786376953,64.23999786376953,64.23999786376953,1732,0.0,0.0,0.0
2024-02-07 14:30:00-05:00,64.2699966430664,64.2699966430664,64.2699966430664,64.2699966430664,765,0.0,0.0,0.0
2024-02-07 15:30:00-05:00,64.40750122070312,64.40750122070312,64.35260009765625,64.35260009765625,0,0.0,0.0,0.0
2024-02-08 10:30:00-05:00,64.3917007446289,64.3917007446289,64.3917007446289,64.3917007446289,243,0.0,0.0,0.0
2024-02-08 13:30:00-05:00,64.42559814453125,64.42559814453125,64.42559814453125,64.42559814453125,318,0.0,0.0,0.0
2024-02-08 14:30:00-05:00,64.55999755859375,64.58000183105469,64.55999755859375,64.56999969482422,1790,0.0,0.0,0.0
2024-02-08 15:30:00-05:00,64.56999969482422,64.56999969482422,64.44000244140625,64.44000244140625,0,0.0,0.0,0.0
2024-02-09 09:30:00-05:00,64.8499984741211,64.8499984741211,64.8499984741211,64.8499984741211,275,0.0,0.0,0.0
2024-02-09 13:30:00-05:00,64.9800033569336,64.9800033569336,64.94719696044922,64.94719696044922,493,0.0,0.0,0.0
2024-02-09 14:30:00-05:00,64.98999786376953,64.98999786376953,64.98999786376953,64.98999786376953,161,0.0,0.0,0.0
2024-02-09 15:30:00-05:00,64.97000122070312,65.06999969482422,64.97000122070312,65.06999969482422,100,0.0,0.0,0.0
2024-02-12 10:30:00-05:00,65.19000244140625,65.19000244140625,65.12870025634766,65.12870025634766,0,0.0,0.0,0.0
2024-02-12 12:30:00-05:00,65.15290069580078,65.15290069580078,65.15290069580078,65.15290069580078,226,0.0,0.0,0.0
2024-02-12 14:30:00-05:00,64.83000183105469,64.83000183105469,64.83000183105469,64.83000183105469,0,0.0,0.0,0.0
2024-02-13 10:30:00-05:00,64.18000030517578,64.30999755859375,64.18000030517578,64.30999755859375,665,0.0,0.0,0.0
2024-02-13 12:30:00-05:00,64.02999877929688,64.05000305175781,64.02999877929688,64.05000305175781,0,0.0,0.0,0.0
2024-02-14 10:30:00-05:00,64.38500213623047,64.38500213623047,64.38500213623047,64.38500213623047,218,0.0,0.0,0.0
2024-02-14 12:30:00-05:00,64.55000305175781,64.55000305175781,64.54000091552734,64.54000091552734,359,0.0,0.0,0.0
2024-02-14 15:30:00-05:00,64.87999725341797,64.87999725341797,64.87220001220703,64.87220001220703,0,0.0,0.0,0.0
2024-02-15 11:30:00-05:00,64.71499633789062,64.86000061035156,64.69210052490234,64.86000061035156,2211,0.0,0.0,0.0
2024-02-15 13:30:00-05:00,64.8499984741211,64.8499984741211,64.8499984741211,64.8499984741211,0,0.0,0.0,0.0
2024-02-16 10:30:00-05:00,64.98999786376953,64.98999786376953,64.98999786376953,64.98999786376953,272,0.0,0.0,0.0
2024-02-16 11:30:00-05:00,65.02999877929688,65.02999877929688,65.02999877929688,65.02999877929688,131,0.0,0.0,0.0
2024-02-16 13:30:00-05:00,64.95999908447266,65.25,64.95999908447266,65.25,788,0.0,0.0,0.0
2024-02-16 14:30:00-05:00,65.05999755859375,65.05999755859375,65.05999755859375,65.05999755859375,522,0.0,0.0,0.0
2024-02-16 15:30:00-05:00,64.69000244140625,64.69000244140625,64.66999816894531,64.66999816894531,276,0.0,0.0,0.0
2024-02-20 09:30:00-05:00,64.16999816894531,64.16999816894531,64.16999816894531,64.16999816894531,0,0.0,0.0,0.0
2024-02-20 10:30:00-05:00,64.01000213623047,64.0811996459961,63.970001220703125,63.970001220703125,735,0.0,0.0,0.0
2024-02-20 12:30:00-05:00,63.95500183105469,63.95500183105469,63.912601470947266,63.912601470947266,655,0.0,0.0,0.0
2024-02-20 13:30:00-05:00,64.08999633789062,64.08999633789062,64.08999633789062,64.08999633789062,120,0.0,0.0,0.0
2024-02-20 14:30:00-05:00,64.04679870605469,64.11129760742188,64.04679870605469,64.11129760742188,632,0.0,0.0,0.0
2024-02-20 15:30:00-05:00,64.01640319824219,64.08000183105469,64.01640319824219,64.08000183105469,0,0.0,0.0,0.0
2024-02-21 10:30:00-05:00,64.02999877929688,64.02999877929688,64.02999877929688,64.02999877929688,468,0.0,0.0,0.0
2024-02-21 13:30:00-05:00,63.81010055541992,64.2699966430664,63.81010055541992,64.2699966430664,0,0.0,0.0,0.0
2024-02-22 11:30:00-05:00,65.58450317382812,65.58450317382812,65.58450317382812,65.58450317382812,448,0.0,0.0,0.0
2024-02-22 13:30:00-05:00,65.79000091552734,65.79000091552734,65.79000091552734,65.79000091552734,158,0.0,0.0,0.0
2024-02-22 14:30:00-05:00,65.89209747314453,65.97000122070312,65.89209747314453,65.97000122070312,0,0.0,0.0,0.0
2024-02-23 09:30:00-05:00,66.13999938964844,66.23999786376953,66.13999938964844,66.23999786376953,447,0.0,0.0,0.0
2024-02-23 12:30:00-05:00,66.25,66.25,66.25,66.25,121,0.0,0.0,0.0
2024-02-23 13:30:00-05:00,66.19999694824219,66.19999694824219,66.07440185546875,66.07440185546875,540,0.0,0.0,0.0
2024-02-26 09:30:00-05:00,66.2300033569336,66.2300033569336,66.16400146484375,66.16400146484375,0,0.0,0.0,0.0
2024-02-26 10:30:00-05:00,66.10070037841797,66.10070037841797,66.05400085449219,66.05400085449219,627,0.0,0.0,0.0
2024-02-26 12:30:00-05:00,66.04280090332031,66.04280090332031,66.04280090332031,66.04280090332031,148,0.0,0.0,0.0
2024-02-26 13:30:00-05:00,65.9749984741211,65.99150085449219,65.9749984741211,65.99150085449219,255,0.0,0.0,0.0
2024-02-27 09:30:00-05:00,65.91000366210938,65.91000366210938,65.91000366210938,65.91000366210938,0,0.0,0.0,0.0
2024-02-27 10:30:00-05:00,65.87000274658203,65.87000274658203,65.87000274658203,65.87000274658203,372,0.0,0.0,0.0
2024-02-27 13:30:00-05:00,65.9800033569336,65.9800033569336,65.9800033569336,65.9800033569336,455,0.0,0.0,0.0
2024-02-27 15:30:00-05:00,65.9000015258789,65.93000030517578,65.9000015258789,65.93000030517578,0,0.0,0.0,0.0
2024-02-28 10:30:00-05:00,65.94999694824219,65.95999908447266,65.94999694824219,65.95989990234375,842,0.0,0.0,0.0
2024-02-28 11:30:00-05:00,65.77999877929688,65.77999877929688,65.77999877929688,65.77999877929688,174,0.0,0.0,0.0
2024-02-28 13:30:00-05:00,65.97000122070312,65.97000122070312,65.97000122070312,65.97000122070312,285,0.0,0.0,0.0
2024-02-28 14:30:00-05:00,65.77110290527344,65.77110290527344,65.75,65.75,0,0.0,0.0,0.0
2024-02-29 10:30:00-05:00,66.09989929199219,66.18000030517578,66.09989929199219,66.18000030517578,0,0.0,0.0,0.0
2024-03-01 09:30:00-05:00,66.22000122070312,66.22000122070312,66.22000122070312,66.22000122070312,309,0.0,0.0,0.0
2024-03-01 10:30:00-05:00,66.55999755859375,66.58209991455078,66.55999755859375,66.58209991455078,1167,0.0,0.0,0.0
2024-03-01 13:30:00-05:00,66.94000244140625,66.94000244140625,66.94000244140625,66.94000244140625,177,0.0,0.0,0.0
2024-03-04 10:30:00-05:00,67.08489990234375,67.11499786376953,67.08489990234375,67.11499786376953,300,0.0,0.0,0.0
2024-03-04 13:30:00-05:00,67.25,67.25,67.25,67.25,270,0.0,0.0,0.0
2024-03-04 14:30:00-05:00,67.12069702148438,67.23419952392578,67.06999969482422,67.06999969482422,0,0.0,0.0,0.0
2024-03-05 10:30:00-05:00,66.13999938964844,66.20999908447266,66.13999938964844,66.20999908447266,601,0.0,0.0,0.0
2024-03-05 14:30:00-05:00,66.01000213623047,66.08999633789062,65.87999725341797,66.08999633789062,0,0.0,0.0,0.0
2024-03-06 10:30:00-05:00,66.87999725341797,66.87999725341797,66.87999725341797,66.87999725341797,422,0.0,0.0,0.0
2024-03-06 13:30:00-05:00,66.91999816894531,66.91999816894531,66.91999816894531,66.91999816894531,228,0.0,0.0,0.0
2024-03-06 14:30:00-05:00,66.70989990234375,66.7699966430664,66.70989990234375,66.7699966430664,0,0.0,0.0,0.0
2024-03-07 09:30:00-05:00,67.05999755859375,67.36000061035156,67.05999755859375,67.36000061035156,1901,0.0,0.0,0.0
2024-03-07 13:30:00-05:00,67.58999633789062,67.7698974609375,67.58999633789062,67.7698974609375,373,0.0,0.0,0.0
2024-03-08 09:30:00-05:00,68.12000274658203,68.12000274658203,68.12000274658203,68.12000274658203,0,0.0,0.0,0.0
2024-03-08 12:30:00-05:00,67.11090087890625,67.11090087890625,67.05460357666016,67.05460357666016,524,0.0,0.0,0.0
2024-03-08 14:30:00-05:00,67.2229995727539,67.2229995727539,66.9800033569336,66.9800033569336,2443,0.0,0.0,0.0
2024-03-11 10:30:00-04:00,66.63999938964844,66.63999938964844,66.63999938964844,66.63999938964844,0,0.0,0.0,0.0
2024-03-11 12:30:00-04:00,66.72000122070312,66.72000122070312,66.72000122070312,66.72000122070312,347,0.0,0.0,0.0
2024-03-11 13:30:00-04:00,66.81999969482422,66.81999969482422,66.81999969482422,66.81999969482422,452,0.0,0.0,0.0
2024-03-11 14:30:00-04:00,66.76000213623047,66.83999633789062,66.73999786376953,66.83999633789062,572,0.0,0.0,0.0
2024-03-11 15:30:00-04:00,66.86000061035156,66.86000061035156,66.73999786376953,66.73999786376953,0,0.0,0.0,0.0
2024-03-12 10:30:00-04:00,67.61000061035156,67.61000061035156,67.61000061035156,67.61000061035156,485,0.0,0.0,0.0
2024-03-12 11:30:00-04:00,67.62000274658203,67.62000274658203,67.61000061035156,67.61000061035156,491,0.0,0.0,0.0
2024-03-12 12:30:00-04:00,67.22109985351562,67.79000091552734,67.22109985351562,67.79000091552734,258,0.0,0.0,0.0
2024-03-13 09:30:00-04:00,67.47000122070312,67.47000122070312,67.47000122070312,67.47000122070312,0,0.0,0.0,0.0
2024-03-13 10:30:00-04:00,67.41000366210938,67.41000366210938,67.41000366210938,67.41000366210938,222,0.0,0.0,0.0
2024-03-13 14:30:00-04:00,67.5199966430664,67.5199966430664,67.5199966430664,67.5199966430664,944,0.0,0.0,0.0
2024-03-13 15:30:00-04:00,67.3009033203125,67.3009033203125,67.30000305175781,67.30000305175781,202,0.0,0.0,0.0
2024-03-14 12:30:00-04:00,66.93800354003906,66.94999694824219,66.86710357666016,66.94999694824219,1359,0.0,0.0,0.0
2024-03-14 13:30:00-04:00,66.88999938964844,67.26000213623047,66.88999938964844,67.25990295410156,500,0.0,0.0,0.0
2024-03-14 14:30:00-04:00,66.99369812011719,66.99369812011719,66.88999938964844,66.88999938964844,515,0.0,0.0,0.0
2024-03-14 15:30:00-04:00,66.7229995727539,66.88999938964844,66.7229995727539,66.88999938964844,435,0.0,0.0,0.0
2024-03-15 13:30:00-04:00,66.41000366210938,66.41000366210938,66.40019989013672,66.40019989013672,302,0.0,0.0,0.0
2024-03-15 14:30:00-04:00,66.38999938964844,66.38999938964844,66.38999938964844,66.38999938964844,1874,0.0,0.0,0.0
2024-03-18 10:30:00-04:00,66.93370056152344,66.93370056152344,66.93370056152344,66.93370056152344,0,0.0,0.0,0.0
2024-03-18 11:30:00-04:00,66.77410125732422,66.82279968261719,66.77410125732422,66.80059814453125,1199,0.0,0.0,0.0
2024-03-18 13:30:00-04:00,66.75,66.75,66.75,66.75,328,0.0,0.0,0.0
2024-03-18 14:30:00-04:00,66.78900146484375,66.78900146484375,66.78900146484375,66.78900146484375,313,0.0,0.0,0.0
2024-03-19 11:30:00-04:00,66.51000213623047,66.51000213623047,66.51000213623047,66.51000213623047,146,0.0,0.0,0.0
2024-03-19 13:30:00-04:00,66.88999938964844,66.88999938964844,66.88999938964844,66.88999938964844,334,0.0,0.0,0.0
2024-03-19 14:30:00-04:00,66.9800033569336,66.9800033569336,66.9800033569336,66.9800033569336,176,0.0,0.0,0.0
2024-03-20 11:30:00-04:00,67.05000305175781,67.05000305175781,66.98500061035156,66.98500061035156,792,0.0,0.0,0.0
2024-03-20 12:30:00-04:00,67.0199966430664,67.0199966430664,67.0199966430664,67.0199966430664,662,0.0,0.0,0.0
2024-03-20 13:30:00-04:00,66.9280014038086,67.0999984741211,66.8499984741211,67.0999984741211,836,0.0,0.0,0.0
2024-03-21 09:30:00-04:00,67.91999816894531,68.05829620361328,67.91999816894531,68.05829620361328,551,0.0,0.0,0.0
2024-03-21 10:30:00-04:00,68.12000274658203,68.12000274658203,68.12000274658203,68.12000274658203,187,0.0,0.0,0.0
2024-03-21 13:30:00-04:00,68.05999755859375,68.10199737548828,68.05999755859375,68.10199737548828,980,0.0,0.0,0.0
2024-03-21 14:30:00-04:00,67.94999694824219,68.00499725341797,67.94999694824219,68.00499725341797,417,0.0,0.0,0.0
2024-03-22 10:30:00-04:00,67.83000183105469,67.95999908447266,67.83000183105469,67.87210083007812,1546,0.0,0.0,0.0
2024-03-22 13:30:00-04:00,67.9906997680664,67.9906997680664,67.9906997680664,67.9906997680664,5001,0.0,0.0,0.0
2024-03-22 14:30:00-04:00,67.80999755859375,67.80999755859375,67.80999755859375,67.80999755859375,228,0.0,0.0,0.0
2024-03-25 09:30:00-04:00,67.69000244140625,67.69000244140625,67.60130310058594,67.60130310058594,583,0.0,0.0,0.0
2024-03-25 10:30:00-04:00,67.58399963378906,67.58399963378906,67.58399963378906,67.58399963378906,389,0.0,0.0,0.0
2024-03-25 13:30:00-04:00,67.52999877929688,67.52999877929688,67.52999877929688,67.52999877929688,420,0.0,0.0,0.0
2024-03-26 10:30:00-04:00,67.55999755859375,67.55999755859375,67.55999755859375,67.55999755859375,171,0.0,0.0,0.0
2024-03-26 11:30:00-04:00,67.69619750976562,67.69619750976562,67.69619750976562,67.69619750976562,571,0.0,0.0,0.0
2024-03-26 12:30:00-04:00,67.56690216064453,67.56690216064453,67.56690216064453,67.56690216064453,525,0.0,0.0,0.0
2024-03-27 09:30:00-04:00,67.4800033569336,67.56500244140625,67.2428970336914,67.2428970336914,528,0.0,0.0,0.0
2024-03-27 10:30:00-04:00,67.36990356445312,67.36990356445312,67.36990356445312,67.36990356445312,597,0.0,0.0,0.0
2024-03-27 11:30:00-04:00,67.29499816894531,67.29499816894531,67.29499816894531,67.29499816894531,85,0.0,0.0,0.0
2024-03-27 12:30:00-04:00,67.19000244140625,67.19000244140625,67.19000244140625,67.19000244140625,270,0.0,0.0,0.0
2024-03-27 13:30:00-04:00,67.37000274658203,67.37000274658203,67.36990356445312,67.36990356445312,1065,0.0,0.0,0.0
2024-03-27 14:30:00-04:00,67.41000366210938,67.41000366210938,67.31420135498047,67.31420135498047,316,0.0,0.0,0.0
2024-03-27 15:30:00-04:00,67.66000366210938,67.66999816894531,67.5999984741211,67.66000366210938,1163,0.0,0.0,0.0
2024-03-28 09:30:00-04:00,67.79129791259766,67.79129791259766,67.79129791259766,67.79129791259766,662,0.0,0.0,0.0
2024-03-28 12:30:00-04:00,67.78990173339844,67.78990173339844,67.78990173339844,67.78990173339844,661,0.0,0.0,0.0
2024-03-28 15:30:00-04:00,67.87989807128906,67.87989807128906,67.87989807128906,67.87989807128906,300,0.0,0.0,0.0
2024-04-01 09:30:00-04:00,67.80999755859375,67.80999755859375,67.80999755859375,67.80999755859375,0,0.0,0.0,0.0
2024-04-01 10:30:00-04:00,67.58000183105469,67.58000183105469,67.58000183105469,67.58000183105469,242,0.0,0.0,0.0
2024-04-01 13:30:00-04:00,67.36000061035156,67.36000061035156,67.3499984741211,67.3499984741211,300,0.0,0.0,0.0
2024-04-02 10:30:00-04:00,66.64700317382812,66.64700317382812,66.64700317382812,66.64700317382812,322,0.0,0.0,0.0
2024-04-02 11:30:00-04:00,66.72000122070312,66.72000122070312,66.72000122070312,66.72000122070312,246,0.0,0.0,0.0
2024-04-02 12:30:00-04:00,66.7499008178711,66.7499008178711,66.7499008178711,66.7499008178711,215,0.0,0.0,0.0
2024-04-02 13:30:00-04:00,66.63999938964844,66.63999938964844,66.63999938964844,66.63999938964844,380,0.0,0.0,0.0
2024-04-02 14:30:00-04:00,66.7300033569336,66.7300033569336,66.7300033569336,66.7300033569336,521,0.0,0.0,0.0
2024-04-03 10:30:00-04:00,67.20999908447266,67.20999908447266,67.20999908447266,67.20999908447266,505,0.0,0.0,0.0
2024-04-03 13:30:00-04:00,67.22010040283203,67.22010040283203,67.22010040283203,67.22010040283203,414,0.0,0.0,0.0
2024-04-03 14:30:00-04:00,67.16999816894531,67.16999816894531,67.16999816894531,67.16999816894531,15883,0.0,0.0,0.0
2024-04-04 13:30:00-04:00,67.56520080566406,67.56520080566406,66.99970245361328,66.99970245361328,1854,0.0,0.0,0.0
2024-04-04 14:30:00-04:00,66.42350006103516,66.42350006103516,66.3499984741211,66.3499984741211,514,0.0,0.0,0.0
2024-04-04 15:30:00-04:00,66.3499984741211,66.3499984741211,66.3499984741211,66.3499984741211,355,0.0,0.0,0.0
2024-04-05 09:30:00-04:00,66.67990112304688,66.67990112304688,66.67990112304688,66.67990112304688,243,0.0,0.0,0.0
2024-04-05 10:30:00-04:00,66.65519714355469,66.65519714355469,66.65519714355469,66.65519714355469,331,0.0,0.0,0.0
2024-04-05 11:30:00-04:00,66.93620300292969,67.12999725341797,66.93620300292969,67.12999725341797,781,0.0,0.0,0.0
2024-04-05 13:30:00-04:00,67.06179809570312,67.0770034790039,67.06179809570312,67.0770034790039,772,0.0,0.0,0.0
2024-04-05 15:30:00-04:00,66.94999694824219,66.97000122070312,66.94999694824219,66.97000122070312,351,0.0,0.0,0.0
2024-04-08 10:30:00-04:00,67.23999786376953,67.23999786376953,67.23999786376953,67.23999786376953,305,0.0,0.0,0.0
2024-04-08 11:30:00-04:00,67.06999969482422,67.06999969482422,67.06999969482422,67.06999969482422,853,0.0,0.0,0.0
2024-04-09 12:30:00-04:00,66.86990356445312,66.86990356445312,66.86990356445312,66.86990356445312,466,0.0,0.0,0.0
2024-04-09 14:30:00-04:00,66.97000122070312,66.97000122070312,66.97000122070312,66.97000122070312,213,0.0,0.0,0.0
2024-04-10 09:30:00-04:00,66.12999725341797,66.12999725341797,66.12999725341797,66.12999725341797,448,0.0,0.0,0.0
2024-04-10 10:30:00-04:00,66.5199966430664,66.5199966430664,66.5199966430664,66.5199966430664,114,0.0,0.0,0.0
2024-04-10 11:30:00-04:00,66.37000274658203,66.37000274658203,66.37000274658203,66.37000274658203,211,0.0,0.0,0.0
2024-04-10 12:30:00-04:00,66.39179992675781,66.39179992675781,66.39179992675781,66.39179992675781,676,0.0,0.0,0.0
2024-04-10 13:30:00-04:00,66.2655029296875,66.2655029296875,66.2655029296875,66.2655029296875,172,0.0,0.0,0.0
2024-04-10 14:30:00-04:00,66.20999908447266,67.19999694824219,66.20999908447266,66.20999908447266,167,0.0,0.0,0.0
2024-04-10 15:30:00-04:00,66.41999816894531,66.41999816894531,66.40499877929688,66.40499877929688,351,0.0,0.0,0.0
2024-04-11 10:30:00-04:00,66.43000030517578,66.43000030517578,66.32929992675781,66.33270263671875,1202,0.0,0.0,0.0
2024-04-11 11:30:00-04:00,66.51419830322266,66.51419830322266,66.51419830322266,66.51419830322266,130,0.0,0.0,0.0
2024-04-11 13:30:00-04:00,66.87999725341797,66.87999725341797,66.87999725341797,66.87999725341797,395,0.0,0.0,0.0
2024-04-12 15:30:00-04:00,65.77999877929688,65.77999877929688,65.77999877929688,65.77999877929688,184,0.0,0.0,0.0
2024-04-15 10:30:00-04:00,65.87000274658203,65.87000274658203,65.87000274658203,65.87000274658203,371,0.0,0.0,0.0
2024-04-15 12:30:00-04:00,65.72640228271484,65.72640228271484,65.72640228271484,65.72640228271484,544,0.0,0.0,0.0
2024-04-15 13:30:00-04:00,65.16619873046875,65.16619873046875,65.16619873046875,65.16619873046875,772,0.0,0.0,0.0
2024-04-15 14:30:00-04:00,65.11000061035156,65.11000061035156,65.11000061035156,65.11000061035156,579,0.0,0.0,0.0
2024-04-16 09:30:00-04:00,64.94000244140625,64.94000244140625,64.94000244140625,64.94000244140625,381,0.0,0.0,0.0
2024-04-16 13:30:00-04:00,65.37999725341797,65.37999725341797,65.37999725341797,65.37999725341797,682,0.0,0.0,0.0
2024-04-16 15:30:00-04:00,65.11060333251953,65.11060333251953,65.11060333251953,65.11060333251953,954,0.0,0.0,0.0
2024-04-18 14:30:00-04:00,63.84000015258789,63.84000015258789,63.83000183105469,63.83000183105469,601,0.0,0.0,0.0
2024-04-18 15:30:00-04:00,63.84000015258789,63.84000015258789,63.76340103149414,63.76340103149414,661,0.0,0.0,0.0
2024-04-19 13:30:00-04:00,62.97010040283203,63.04999923706055,62.97010040283203,63.04999923706055,400,0.0,0.0,0.0
2024-04-19 14:30:00-04:00,62.65729904174805,62.65729904174805,62.650001525878906,62.650001525878906,971,0.0,0.0,0.0
2024-04-22 10:30:00-04:00,62.813201904296875,62.813201904296875,62.813201904296875,62.813201904296875,203,0.0,0.0,0.0
2024-04-22 11:30:00-04:00,62.939998626708984,62.939998626708984,62.939998626708984,62.939998626708984,180,0.0,0.0,0.0
2024-04-22 14:30:00-04:00,63.67490005493164,63.67490005493164,63.674400329589844,63.674400329589844,790,0.0,0.0,0.0
2024-04-23 12:30:00-04:00,64.23719787597656,64.23719787597656,64.18000030517578,64.18000030517578,4232,0.0,0.0,0.0
2024-04-23 13:30:00-04:00,64.40989685058594,64.40989685058594,64.40599822998047,64.40599822998047,262,0.0,0.0,0.0
2024-04-24 10:30:00-04:00,64.58999633789062,64.58999633789062,64.58989715576172,64.58989715576172,372,0.0,0.0,0.0
2024-04-24 13:30:00-04:00,64.52999877929688,64.52999877929688,64.51460266113281,64.51460266113281,780,0.0,0.0,0.0
2024-04-25 15:30:00-04:00,64.13999938964844,64.19999694824219,64.0999984741211,64.13999938964844,2364,0.0,0.0,0.0
2024-04-29 10:30:00-04:00,65.06079864501953,65.06079864501953,65.06079864501953,65.06079864501953,1341,0.0,0.0,0.0
2024-04-29 11:30:00-04:00,65.064697265625,65.064697265625,65.064697265625,65.064697265625,404,0.0,0.0,0.0
2024-04-29 13:30:00-04:00,65.14409637451172,65.14409637451172,65.01000213623047,65.01000213623047,1374,0.0,0.0,0.0
2024-04-29 14:30:00-04:00,64.98999786376953,64.98999786376953,64.98999786376953,64.98999786376953,1004,0.0,0.0,0.0
2024-04-29 15:30:00-04:00,64.87999725341797,64.87999725341797,64.87999725341797,64.87999725341797,568,0.0,0.0,0.0
2024-04-30 10:30:00-04:00,64.86009979248047,64.9124984741211,64.86000061035156,64.86000061035156,633,0.0,0.0,0.0
2024-04-30 14:30:00-04:00,64.31999969482422,64.31999969482422,64.29000091552734,64.29000091552734,1243,0.0,0.0,0.0
2024-04-30 15:30:00-04:00,64.29219818115234,64.29219818115234,63.9109992980957,63.92100143432617,633,0.0,0.0,0.0
2024-05-01 10:30:00-04:00,63.349998474121094,63.43000030517578,63.30500030517578,63.30500030517578,955,0.0,0.0,0.0
2024-05-01 11:30:00-04:00,63.310001373291016,63.310001373291016,63.310001373291016,63.310001373291016,156,0.0,0.0,0.0
2024-05-01 12:30:00-04:00,63.29999923706055,63.29999923706055,63.29999923706055,63.29999923706055,125,0.0,0.0,0.0
2024-05-01 13:30:00-04:00,63.525001525878906,63.525001525878906,63.525001525878906,63.525001525878906,156,0.0,0.0,0.0
2024-05-01 15:30:00-04:00,63.829898834228516,63.829898834228516,63.829898834228516,63.829898834228516,209,0.0,0.0,0.0
2024-05-02 09:30:00-04:00,63.619998931884766,63.619998931884766,63.619998931884766,63.619998931884766,407,0.0,0.0,0.0
2024-05-02 12:30:00-04:00,63.749298095703125,63.749298095703125,63.749298095703125,63.749298095703125,274,0.0,0.0,0.0
2024-05-02 14:30:00-04:00,64.06999969482422,64.06999969482422,64.06999969482422,64.06999969482422,2150,0.0,0.0,0.0
2024-05-02 15:30:00-04:00,63.970001220703125,63.970001220703125,63.970001220703125,63.970001220703125,0,0.0,0.0,0.0
2024-05-03 10:30:00-04:00,64.88999938964844,64.88999938964844,64.80999755859375,64.81500244140625,4993,0.0,0.0,0.0
2024-05-03 12:30:00-04:00,64.9800033569336,64.9800033569336,64.9800033569336,64.9800033569336,296,0.0,0.0,0.0
2024-05-03 14:30:00-04:00,65.01010131835938,65.01010131835938,65.01010131835938,65.01010131835938,1301,0.0,0.0,0.0
2024-05-06 10:30:00-04:00,65.47899627685547,65.47899627685547,65.47899627685547,65.47899627685547,0,0.0,0.0,0.0
2024-05-06 13:30:00-04:00,65.62000274658203,65.62000274658203,65.61499786376953,65.61499786376953,761,0.0,0.0,0.0
2024-05-07 09:30:00-04:00,65.86000061035156,65.86000061035156,65.86000061035156,65.86000061035156,263,0.0,0.0,0.0
2024-05-07 13:30:00-04:00,66.09500122070312,66.09500122070312,66.09500122070312,66.09500122070312,290,0.0,0.0,0.0
2024-05-08 09:30:00-04:00,65.70999908447266,65.70999908447266,65.70999908447266,65.70999908447266,553,0.0,0.0,0.0
2024-05-08 10:30:00-04:00,65.73249816894531,65.73249816894531,65.73249816894531,65.73249816894531,433,0.0,0.0,0.0
2024-05-08 14:30:00-04:00,65.79000091552734,65.79000091552734,65.79000091552734,65.79000091552734,176,0.0,0.0,0.0
2024-05-08 15:30:00-04:00,65.81999969482422,65.81999969482422,65.81999969482422,65.81999969482422,232,0.0,0.0,0.0
2024-05-09 09:30:00-04:00,65.7300033569336,65.7300033569336,65.70999908447266,65.72000122070312,1061,0.0,0.0,0.0
2024-05-09 10:30:00-04:00,65.83529663085938,65.83529663085938,65.83529663085938,65.83529663085938,736,0.0,0.0,0.0
2024-05-09 13:30:00-04:00,65.87000274658203,65.87000274658203,65.87000274658203,65.87000274658203,419,0.0,0.0,0.0
2024-05-10 10:30:00-04:00,66.26290130615234,66.26290130615234,66.26290130615234,66.26290130615234,574,0.0,0.0,0.0
2024-05-10 11:30:00-04:00,66.11589813232422,66.11589813232422,66.11589813232422,66.11589813232422,77,0.0,0.0,0.0
2024-05-10 12:30:00-04:00,66.13069915771484,66.13069915771484,66.13069915771484,66.13069915771484,750,0.0,0.0,0.0
2024-05-10 13:30:00-04:00,66.19499969482422,66.19499969482422,66.19000244140625,66.19000244140625,0,0.0,0.0,0.0
2024-05-13 09:30:00-04:00,66.37000274658203,66.37000274658203,66.37000274658203,66.37000274658203,265,0.0,0.0,0.0
2024-05-13 10:30:00-04:00,66.16000366210938,66.16000366210938,66.16000366210938,66.16000366210938,375,0.0,0.0,0.0
2024-05-13 13:30:00-04:00,66.12000274658203,66.12000274658203,66.12000274658203,66.12000274658203,195,0.0,0.0,0.0
2024-05-13 14:30:00-04:00,66.043701171875,66.043701171875,66.043701171875,66.043701171875,269,0.0,0.0,0.0
2024-05-14 10:30:00-04:00,66.0802993774414,66.23999786376953,66.0802001953125,66.23999786376953,2236,0.0,0.0,0.0
2024-05-14 11:30:00-04:00,66.08270263671875,66.08270263671875,66.08270263671875,66.08270263671875,866,0.0,0.0,0.0
2024-05-14 13:30:00-04:00,65.97000122070312,65.97000122070312,65.97000122070312,65.97000122070312,106,0.0,0.0,0.0
2024-05-14 14:30:00-04:00,66.36000061035156,66.36000061035156,66.3499984741211,66.3550033569336,314,0.0,0.0,0.0
2024-05-15 10:30:00-04:00,67.08000183105469,67.08000183105469,67.06999969482422,67.06999969482422,550,0.0,0.0,0.0
2024-05-15 13:30:00-04:00,67.12000274658203,67.2699966430664,67.12000274658203,67.26000213623047,556,0.0,0.0,0.0
2024-05-16 10:30:00-04:00,67.23500061035156,67.23500061035156,67.23500061035156,67.23500061035156,222,0.0,0.0,0.0
2024-05-16 13:30:00-04:00,67.11000061035156,67.11000061035156,67.11000061035156,67.11000061035156,599,0.0,0.0,0.0
2024-05-16 15:30:00-04:00,67.11990356445312,67.11990356445312,67.11990356445312,67.11990356445312,1306,0.0,0.0,0.0
2024-05-17 10:30:00-04:00,67.01679992675781,67.01679992675781,67.01679992675781,67.01679992675781,314,0.0,0.0,0.0
2024-05-17 11:30:00-04:00,66.75,66.75,66.75,66.75,482,0.0,0.0,0.0
2024-05-17 13:30:00-04:00,66.8302993774414,66.8302993774414,66.8302993774414,66.8302993774414,381,0.0,0.0,0.0
2024-05-20 09:30:00-04:00,66.75,66.75,66.75,66.75,252,0.0,0.0,0.0
2024-05-20 10:30:00-04:00,67.2699966430664,67.41000366210938,67.26000213623047,67.39990234375,1031,0.0,0.0,0.0
2024-05-20 12:30:00-04:00,67.44999694824219,67.44999694824219,67.44999694824219,67.44999694824219,4789,0.0,0.0,0.0
2024-05-21 10:30:00-04:00,67.16999816894531,67.18000030517578,67.16999816894531,67.16999816894531,348,0.0,0.0,0.0
2024-05-21 13:30:00-04:00,67.05010223388672,67.20999908447266,67.05010223388672,67.05999755859375,694,0.0,0.0,0.0
2024-05-21 14:30:00-04:00,67.13999938964844,67.13999938964844,66.99099731445312,67.13009643554688,1070,0.0,0.0,0.0
2024-05-22 10:30:00-04:00,67.27999877929688,67.28070068359375,67.27999877929688,67.28070068359375,923,0.0,0.0,0.0
2024-05-22 13:30:00-04:00,67.12000274658203,67.12000274658203,67.04920196533203,67.04920196533203,522,0.0,0.0,0.0
2024-05-22 15:30:00-04:00,67.05999755859375,67.06999969482422,67.05999755859375,67.06999969482422,1553,0.0,0.0,0.0
2024-05-23 13:30:00-04:00,66.8832015991211,66.8832015991211,66.65619659423828,66.65619659423828,644,0.0,0.0,0.0
2024-05-23 14:30:00-04:00,66.41200256347656,66.52999877929688,66.41200256347656,66.52999877929688,2064,0.0,0.0,0.0
2024-05-24 09:30:00-04:00,66.9000015258789,66.9000015258789,66.9000015258789,66.9000015258789,177,0.0,0.0,0.0
2024-05-24 10:30:00-04:00,66.92169952392578,66.92169952392578,66.92169952392578,66.92169952392578,222,0.0,0.0,0.0
2024-05-24 11:30:00-04:00,67.18000030517578,67.18000030517578,67.0999984741211,67.0999984741211,950,0.0,0.0,0.0
2024-05-24 12:30:00-04:00,67.11990356445312,67.11990356445312,67.11990356445312,67.11990356445312,176,0.0,0.0,0.0
2024-05-24 13:30:00-04:00,67.06999969482422,67.06999969482422,67.05999755859375,67.06999969482422,655,0.0,0.0,0.0
2024-05-24 14:30:00-04:00,67.05999755859375,67.05999755859375,66.99800109863281,66.99800109863281,3264,0.0,0.0,0.0
2024-05-24 15:30:00-04:00,67.03800201416016,67.03800201416016,67.02999877929688,67.02999877929688,889,0.0,0.0,0.0
2024-05-28 12:30:00-04:00,67.04789733886719,67.04789733886719,67.04789733886719,67.04789733886719,574,0.0,0.0,0.0
2024-05-28 14:30:00-04:00,66.73040008544922,66.73040008544922,66.73040008544922,66.73040008544922,122,0.0,0.0,0.0
2024-05-29 10:30:00-04:00,66.56990051269531,66.56990051269531,66.56990051269531,66.56990051269531,300,0.0,0.0,0.0
2024-05-29 12:30:00-04:00,66.45500183105469,66.4999008178711,66.45500183105469,66.4999008178711,387,0.0,0.0,0.0
2024-05-29 13:30:00-04:00,66.48699951171875,66.48699951171875,66.48699951171875,66.48699951171875,494,0.0,0.0,0.0
2024-05-29 14:30:00-04:00,66.2699966430664,66.5199966430664,66.2699966430664,66.48999786376953,1437,0.0,0.0,0.0
2024-05-29 15:30:00-04:00,66.47000122070312,66.4800033569336,66.47000122070312,66.4800033569336,323,0.0,0.0,0.0
2024-05-30 10:30:00-04:00,65.93009948730469,65.93009948730469,65.93009948730469,65.93009948730469,932,0.0,0.0,0.0
2024-05-30 11:30:00-04:00,65.94000244140625,65.94000244140625,65.94000244140625,65.94000244140625,0,0.0,0.0,0.0
2024-05-30 12:30:00-04:00,65.93009948730469,65.93009948730469,65.93009948730469,65.93009948730469,492,0.0,0.0,0.0
2024-05-30 15:30:00-04:00,65.79000091552734,65.79000091552734,65.77079772949219,65.77079772949219,1551,0.0,0.0,0.0
2024-05-31 09:30:00-04:00,65.80000305175781,65.80000305175781,65.52999877929688,65.52999877929688,381,0.0,0.0,0.0
2024-05-31 10:30:00-04:00,65.27980041503906,65.27980041503906,65.04000091552734,65.05000305175781,825,0.0,0.0,0.0
2024-05-31 13:30:00-04:00,65.08999633789062,65.08999633789062,65.02999877929688,65.02999877929688,486,0.0,0.0,0.0
2024-06-03 09:30:00-04:00,65.44000244140625,66.19999694824219,65.44000244140625,66.19999694824219,702,0.0,0.0,0.0
2024-06-03 10:30:00-04:00,65.5302963256836,65.5302963256836,65.5302963256836,65.5302963256836,480,0.0,0.0,0.0
2024-06-03 14:30:00-04:00,65.37000274658203,65.37000274658203,65.37000274658203,65.37000274658203,101,0.0,0.0,0.0
2024-06-03 15:30:00-04:00,65.55999755859375,65.55999755859375,65.55999755859375,65.55999755859375,155,0.0,0.0,0.0
2024-06-04 10:30:00-04:00,65.33999633789062,65.5,65.33999633789062,65.5,550,0.0,0.0,0.0
2024-06-04 13:30:00-04:00,65.41000366210938,65.52999877929688,65.41000366210938,65.52999877929688,200,0.0,0.0,0.0
2024-06-04 15:30:00-04:00,65.59989929199219,65.59989929199219,65.59989929199219,65.59989929199219,689,0.0,0.0,0.0
2024-06-05 10:30:00-04:00,66.19000244140625,66.19000244140625,66.19000244140625,66.19000244140625,0,0.0,0.0,0.0
2024-06-05 11:30:00-04:00,66.29000091552734,66.29010009765625,66.29000091552734,66.29010009765625,1055,0.0,0.0,0.0
2024-06-05 12:30:00-04:00,66.46440124511719,66.51000213623047,66.46440124511719,66.51000213623047,568,0.0,0.0,0.0
2024-06-06 12:30:00-04:00,66.4905014038086,66.62000274658203,66.4905014038086,66.62000274658203,763,0.0,0.0,0.0
2024-06-06 13:30:00-04:00,66.48999786376953,66.58000183105469,66.48999786376953,66.58000183105469,441,0.0,0.0,0.0
2024-06-06 15:30:00-04:00,66.61540222167969,66.61540222167969,66.57009887695312,66.57009887695312,1479,0.0,0.0,0.0
2024-06-07 10:30:00-04:00,66.69989776611328,66.69989776611328,66.69989776611328,66.69989776611328,161,0.0,0.0,0.0
2024-06-07 11:30:00-04:00,66.67990112304688,66.67990112304688,66.67990112304688,66.67990112304688,408,0.0,0.0,0.0
2024-06-07 14:30:00-04:00,66.62000274658203,66.62000274658203,66.62000274658203,66.62000274658203,551,0.0,0.0,0.0
2024-06-10 10:30:00-04:00,66.62999725341797,66.62999725341797,66.62999725341797,66.62999725341797,522,0.0,0.0,0.0
2024-06-10 14:30:00-04:00,66.71119689941406,66.79010009765625,66.71119689941406,66.79010009765625,667,0.0,0.0,0.0
2024-06-10 15:30:00-04:00,66.86000061035156,66.86000061035156,66.86000061035156,66.86000061035156,370,0.0,0.0,0.0
2024-06-11 09:30:00-04:00,66.44999694824219,66.44999694824219,66.44999694824219,66.44999694824219,478,0.0,0.0,0.0
2024-06-11 12:30:00-04:00,66.77960205078125,66.77960205078125,66.77960205078125,66.77960205078125,253,0.0,0.0,0.0
2024-06-11 14:30:00-04:00,66.88999938964844,66.88999938964844,66.88999938964844,66.88999938964844,539,0.0,0.0,0.0
2024-06-12 09:30:00-04:00,68.05500030517578,68.05500030517578,68.05500030517578,68.05500030517578,462,0.0,0.0,0.0
2024-06-12 11:30:00-04:00,68.12000274658203,68.1489028930664,68.12000274658203,68.1489028930664,1891,0.0,0.0,0.0
2024-06-12 14:30:00-04:00,68.24559783935547,68.24559783935547,68.24559783935547,68.24559783935547,1183,0.0,0.0,0.0
2024-06-12 15:30:00-04:00,67.93000030517578,67.93000030517578,67.93000030517578,67.93000030517578,762,0.0,0.0,0.0
2024-06-13 11:30:00-04:00,68.04399871826172,68.04399871826172,68.04399871826172,68.04399871826172,329,0.0,0.0,0.0
2024-06-13 13:30:00-04:00,68.154296875,68.154296875,68.154296875,68.154296875,319,0.0,0.0,0.0
2024-06-13 14:30:00-04:00,68.38999938964844,68.41000366210938,68.38999938964844,68.41000366210938,306,0.0,0.0,0.0
2024-06-13 15:30:00-04:00,68.12000274658203,68.22540283203125,68.12000274658203,68.22540283203125,363,0.0,0.0,0.0
2024-06-14 10:30:00-04:00,67.80770111083984,67.80770111083984,67.80770111083984,67.80770111083984,237,0.0,0.0,0.0
2024-06-14 11:30:00-04:00,67.81999969482422,67.81999969482422,67.81999969482422,67.81999969482422,483,0.0,0.0,0.0
2024-06-17 09:30:00-04:00,68.08000183105469,68.08000183105469,68.0199966430664,68.0199966430664,656,0.0,0.0,0.0
2024-06-17 12:30:00-04:00,68.55000305175781,68.5999984741211,68.55000305175781,68.5999984741211,878,0.0,0.0,0.0
2024-06-17 15:30:00-04:00,69.04000091552734,69.04000091552734,69.04000091552734,69.04000091552734,243,0.0,0.0,0.0
2024-06-18 13:30:00-04:00,69.20999908447266,69.20999908447266,68.9800033569336,68.9801025390625,801,0.0,0.0,0.0
2024-06-18 14:30:00-04:00,69.04989624023438,69.04989624023438,69.02980041503906,69.02999877929688,557,0.0,0.0,0.0
2024-06-18 15:30:00-04:00,69.18000030517578,69.18000030517578,69.18000030517578,69.18000030517578,3,0.0,0.0,0.0
2024-06-20 09:30:00-04:00,69.20999908447266,69.20999908447266,69.20999908447266,69.20999908447266,0,0.0,0.0,0.0
2024-06-20 10:30:00-04:00,69.07990264892578,69.07990264892578,69.07990264892578,69.07990264892578,0,0.0,0.0,0.0
2024-06-20 11:30:00-04:00,68.95950317382812,68.95950317382812,68.95950317382812,68.95950317382812,824,0.0,0.0,0.0
2024-06-20 13:30:00-04:00,68.80180358886719,68.80180358886719,68.80180358886719,68.80180358886719,661,0.0,0.0,0.0
2024-06-20 15:30:00-04:00,68.71949768066406,68.71949768066406,68.71949768066406,68.71949768066406,239,0.0,0.0,0.0
2024-06-21 10:30:00-04:00,68.6677017211914,68.6677017211914,68.6677017211914,68.6677017211914,116,0.0,0.0,0.0
2024-06-21 13:30:00-04:00,68.51950073242188,68.51950073242188,68.51950073242188,68.51950073242188,389,0.0,0.0,0.0
