Datetime,Open,High,Low,Close,Volume,Dividends,Stock Splits,Capital Gains
2022-06-23 09:30:00-04:00,35.040000915527344,35.05110168457031,34.900001525878906,35.05110168457031,7885,0.0,0.0,0.0
2022-06-23 10:30:00-04:00,35.04999923706055,35.16999816894531,35.040000915527344,35.16999816894531,2963,0.0,0.0,0.0
2022-06-23 11:30:00-04:00,35.060001373291016,35.060001373291016,34.855201721191406,34.855201721191406,9324,0.0,0.0,0.0
2022-06-23 12:30:00-04:00,34.82720184326172,34.849998474121094,34.779998779296875,34.849998474121094,1330,0.0,0.0,0.0
2022-06-23 13:30:00-04:00,34.849998474121094,34.95000076293945,34.849998474121094,34.95000076293945,3717,0.0,0.0,0.0
2022-06-23 14:30:00-04:00,35.029998779296875,35.05039978027344,35.029998779296875,35.05039978027344,500,0.0,0.0,0.0
2022-06-23 15:30:00-04:00,35.20000076293945,35.25,35.20000076293945,35.22999954223633,9138,0.0,0.0,0.0
2022-06-24 09:30:00-04:00,35.369998931884766,35.9640998840332,35.369998931884766,35.93960189819336,0,0.0,0.0,0.0
2022-06-24 10:30:00-04:00,35.90660095214844,35.939998626708984,35.86000061035156,35.900001525878906,10930,0.0,0.0,0.0
2022-06-24 11:30:00-04:00,35.91999816894531,35.9900016784668,35.91999816894531,35.94879913330078,5792,0.0,0.0,0.0
2022-06-24 12:30:00-04:00,36.0,36.0,36.0,36.0,120,0.0,0.0,0.0
2022-06-24 13:30:00-04:00,35.97999954223633,36.0,35.970001220703125,35.9900016784668,4911,0.0,0.0,0.0
2022-06-24 14:30:00-04:00,36.0099983215332,36.01499938964844,36.0099983215332,36.012901306152344,1801,0.0,0.0,0.0
2022-06-24 15:30:00-04:00,36.084999084472656,36.11000061035156,36.084999084472656,36.11000061035156,661,0.0,0.0,0.0
2022-06-27 09:30:00-04:00,36.34000015258789,36.34000015258789,36.0099983215332,36.027000427246094,134573,0.0,0.0,0.0
2022-06-27 10:30:00-04:00,36.13010025024414,36.25,36.13010025024414,36.25,103337,0.0,0.0,0.0
2022-06-27 11:30:00-04:00,36.209999084472656,36.22999954223633,36.064998626708984,36.08000183105469,7705,0.0,0.0,0.0
2022-06-27 12:30:00-04:00,36.040000915527344,36.119998931884766,36.029998779296875,36.08000183105469,11902,0.0,0.0,0.0
2022-06-27 13:30:00-04:00,36.06999969482422,36.08879852294922,35.9900016784668,36.040000915527344,9276,0.0,0.0,0.0
2022-06-27 14:30:00-04:00,36.04999923706055,36.09000015258789,36.0,36.06290054321289,36306,0.0,0.0,0.0
2022-06-27 15:30:00-04:00,35.98160171508789,35.98160171508789,35.97999954223633,35.97999954223633,365,0.0,0.0,0.0
2022-06-28 09:30:00-04:00,36.349998474121094,36.38999938964844,36.00410079956055,36.004398345947266,4091,0.0,0.0,0.0
2022-06-28 10:30:00-04:00,35.91999816894531,35.91999816894531,35.720001220703125,35.720001220703125,5841,0.0,0.0,0.0
2022-06-28 11:30:00-04:00,35.650001525878906,35.650001525878906,35.474998474121094,35.58000183105469,777,0.0,0.0,0.0
2022-06-28 12:30:00-04:00,35.548500061035156,35.548500061035156,35.3911018371582,35.3911018371582,1066,0.0,0.0,0.0
2022-06-28 13:30:00-04:00,35.429901123046875,35.429901123046875,35.290000915527344,35.290000915527344,2951,0.0,0.0,0.0
2022-06-28 14:30:00-04:00,35.20500183105469,35.209999084472656,35.20000076293945,35.20000076293945,10313,0.0,0.0,0.0
2022-06-28 15:30:00-04:00,35.25,35.26499938964844,35.150001525878906,35.16999816894531,37616,0.0,0.0,0.0
2022-06-29 09:30:00-04:00,35.16999816894531,35.209999084472656,35.16999816894531,35.209999084472656,0,0.0,0.0,0.0
2022-06-29 10:30:00-04:00,35.21500015258789,35.21500015258789,35.13999938964844,35.18000030517578,2384,0.0,0.0,0.0
2022-06-29 11:30:00-04:00,35.18000030517578,35.18000030517578,35.025001525878906,35.064998626708984,10394,0.0,0.0,0.0
2022-06-29 12:30:00-04:00,34.970001220703125,35.06399917602539,34.970001220703125,35.02000045776367,3807,0.0,0.0,0.0
2022-06-29 13:30:00-04:00,35.029998779296875,35.15999984741211,35.029998779296875,35.15999984741211,703,0.0,0.0,0.0
2022-06-29 14:30:00-04:00,35.16790008544922,35.16999816894531,35.099998474121094,35.16999816894531,3271,0.0,0.0,0.0
2022-06-29 15:30:00-04:00,35.11000061035156,35.16999816894531,35.11000061035156,35.150001525878906,0,0.0,0.0,0.0
2022-06-30 09:30:00-04:00,34.60499954223633,34.619998931884766,34.470001220703125,34.52000045776367,3009,0.0,0.0,0.0
2022-06-30 10:30:00-04:00,34.63999938964844,34.779998779296875,34.560001373291016,34.779998779296875,1957,0.0,0.0,0.0
2022-06-30 11:30:00-04:00,34.900001525878906,34.96500015258789,34.84000015258789,34.959999084472656,8241,0.0,0.0,0.0
2022-06-30 12:30:00-04:00,34.959999084472656,34.959999084472656,34.95000076293945,34.95000076293945,318,0.0,0.0,0.0
2022-06-30 13:30:00-04:00,35.029998779296875,35.099998474121094,35.019901275634766,35.019901275634766,574,0.0,0.0,0.0
2022-06-30 14:30:00-04:00,34.9900016784668,35.0,34.689998626708984,34.83000183105469,5836,0.0,0.0,0.0
2022-06-30 15:30:00-04:00,34.900001525878906,34.965999603271484,34.720001220703125,34.90999984741211,6316,0.0,0.0,0.0
2022-07-01 09:30:00-04:00,34.810001373291016,34.88880157470703,34.75,34.75,0,0.0,0.0,0.0
2022-07-01 10:30:00-04:00,34.5885009765625,34.849700927734375,34.54999923706055,34.84000015258789,85275,0.0,0.0,0.0
2022-07-01 11:30:00-04:00,34.70000076293945,34.70000076293945,34.67060089111328,34.68000030517578,1347,0.0,0.0,0.0
2022-07-01 12:30:00-04:00,34.779998779296875,34.779998779296875,34.68000030517578,34.7400016784668,95503,0.0,0.0,0.0
2022-07-01 13:30:00-04:00,34.790000915527344,34.88999938964844,34.790000915527344,34.88999938964844,3520,0.0,0.0,0.0
2022-07-01 14:30:00-04:00,35.0,35.099998474121094,34.974998474121094,35.060001373291016,9824,0.0,0.0,0.0
2022-07-01 15:30:00-04:00,35.18000030517578,35.180198669433594,35.18000030517578,35.180198669433594,406,0.0,0.0,0.0
2022-07-05 09:30:00-04:00,34.650001525878906,34.650001525878906,34.45399856567383,34.540000915527344,0,0.0,0.0,0.0
2022-07-05 10:30:00-04:00,34.58000183105469,34.58000183105469,34.540000915527344,34.540000915527344,357,0.0,0.0,0.0
2022-07-05 11:30:00-04:00,34.709999084472656,34.720001220703125,34.709999084472656,34.720001220703125,592,0.0,0.0,0.0
2022-07-05 12:30:00-04:00,34.79800033569336,34.880001068115234,34.720001220703125,34.880001068115234,1117,0.0,0.0,0.0
2022-07-05 13:30:00-04:00,34.959999084472656,35.040000915527344,34.93000030517578,35.040000915527344,3038,0.0,0.0,0.0
2022-07-05 14:30:00-04:00,35.13999938964844,35.21989822387695,35.130001068115234,35.20000076293945,6489,0.0,0.0,0.0
2022-07-05 15:30:00-04:00,35.290000915527344,35.290000915527344,35.290000915527344,35.290000915527344,871,0.0,0.0,0.0
2022-07-06 09:30:00-04:00,35.31999969482422,35.45000076293945,35.290000915527344,35.380001068115234,0,0.0,0.0,0.0
2022-07-06 10:30:00-04:00,35.349998474121094,35.38209915161133,35.29999923706055,35.310001373291016,3278,0.0,0.0,0.0
2022-07-06 11:30:00-04:00,35.189998626708984,35.2599983215332,35.189998626708984,35.25170135498047,4738,0.0,0.0,0.0
2022-07-06 12:30:00-04:00,35.25,35.31999969482422,35.22999954223633,35.31999969482422,14399,0.0,0.0,0.0
2022-07-06 13:30:00-04:00,35.31999969482422,35.43000030517578,35.279998779296875,35.40999984741211,7344,0.0,0.0,0.0
2022-07-06 14:30:00-04:00,35.459999084472656,35.65999984741211,35.459999084472656,35.65999984741211,7195,0.0,0.0,0.0
2022-07-06 15:30:00-04:00,35.61000061035156,35.61000061035156,35.439998626708984,35.439998626708984,969,0.0,0.0,0.0
2022-07-07 09:30:00-04:00,35.619998931884766,35.83000183105469,35.619998931884766,35.779998779296875,3483,0.0,0.0,0.0
2022-07-07 10:30:00-04:00,35.810001373291016,35.900001525878906,35.79999923706055,35.84000015258789,4710,0.0,0.0,0.0
2022-07-07 11:30:00-04:00,35.810001373291016,35.900001525878906,35.810001373291016,35.880001068115234,2109,0.0,0.0,0.0
2022-07-07 12:30:00-04:00,35.88999938964844,35.91999816894531,35.869998931884766,35.869998931884766,3361,0.0,0.0,0.0
2022-07-07 13:30:00-04:00,35.849998474121094,36.005001068115234,35.849998474121094,36.005001068115234,6087,0.0,0.0,0.0
2022-07-07 14:30:00-04:00,36.005001068115234,36.08000183105469,35.95000076293945,36.02000045776367,7375,0.0,0.0,0.0
2022-07-07 15:30:00-04:00,36.04999923706055,36.060001373291016,35.97999954223633,36.02000045776367,14722,0.0,0.0,0.0
2022-07-08 09:30:00-04:00,35.720001220703125,35.95000076293945,35.720001220703125,35.95000076293945,0,0.0,0.0,0.0
2022-07-08 10:30:00-04:00,36.0,36.08000183105469,35.9900016784668,36.08000183105469,7079,0.0,0.0,0.0
2022-07-08 11:30:00-04:00,36.11000061035156,36.119998931884766,35.91999816894531,35.91999816894531,1407,0.0,0.0,0.0
2022-07-08 12:30:00-04:00,35.88999938964844,35.88999938964844,35.79999923706055,35.85179901123047,3671,0.0,0.0,0.0
2022-07-08 14:30:00-04:00,36.040000915527344,36.06999969482422,36.040000915527344,36.04999923706055,887,0.0,0.0,0.0
2022-07-08 15:30:00-04:00,36.02000045776367,36.02000045776367,35.959999084472656,35.959999084472656,1463,0.0,0.0,0.0
2022-07-11 09:30:00-04:00,35.559898376464844,35.599998474121094,35.549198150634766,35.599998474121094,0,0.0,0.0,0.0
2022-07-11 10:30:00-04:00,35.619998931884766,35.66999816894531,35.619998931884766,35.65999984741211,582,0.0,0.0,0.0
2022-07-11 11:30:00-04:00,35.59000015258789,35.59239959716797,35.59000015258789,35.59239959716797,1188,0.0,0.0,0.0
2022-07-11 12:30:00-04:00,35.72999954223633,35.734100341796875,35.72999954223633,35.734100341796875,1431,0.0,0.0,0.0
2022-07-11 13:30:00-04:00,35.7599983215332,35.7599983215332,35.650001525878906,35.66999816894531,3902,0.0,0.0,0.0
2022-07-11 14:30:00-04:00,35.542198181152344,35.58000183105469,35.542198181152344,35.54999923706055,3535,0.0,0.0,0.0
2022-07-11 15:30:00-04:00,35.58000183105469,35.58000183105469,35.560001373291016,35.560001373291016,1818,0.0,0.0,0.0
2022-07-12 09:30:00-04:00,35.560001373291016,35.720001220703125,35.560001373291016,35.720001220703125,0,0.0,0.0,0.0
2022-07-12 10:30:00-04:00,35.380001068115234,35.40840148925781,35.380001068115234,35.40840148925781,1766,0.0,0.0,0.0
2022-07-12 11:30:00-04:00,35.40999984741211,35.459999084472656,35.40999984741211,35.459999084472656,2210,0.0,0.0,0.0
2022-07-12 12:30:00-04:00,35.5,35.52000045776367,35.3942985534668,35.3942985534668,3398,0.0,0.0,0.0
2022-07-12 13:30:00-04:00,35.43000030517578,35.439998626708984,35.369998931884766,35.369998931884766,1715,0.0,0.0,0.0
2022-07-12 14:30:00-04:00,35.119998931884766,35.150001525878906,35.119998931884766,35.150001525878906,1324,0.0,0.0,0.0
2022-07-12 15:30:00-04:00,35.02000045776367,35.119998931884766,34.95000076293945,35.10969924926758,5872,0.0,0.0,0.0
2022-07-13 09:30:00-04:00,34.63999938964844,34.689998626708984,34.59000015258789,34.59000015258789,0,0.0,0.0,0.0
2022-07-13 10:30:00-04:00,35.08000183105469,35.08000183105469,35.060001373291016,35.060001373291016,868,0.0,0.0,0.0
2022-07-13 11:30:00-04:00,34.91999816894531,34.91999816894531,34.91999816894531,34.91999816894531,100,0.0,0.0,0.0
2022-07-13 12:30:00-04:00,35.04999923706055,35.15999984741211,35.04999923706055,35.09000015258789,8549,0.0,0.0,0.0
2022-07-13 13:30:00-04:00,34.959999084472656,34.96500015258789,34.9099006652832,34.959999084472656,1855,0.0,0.0,0.0
2022-07-13 14:30:00-04:00,35.090999603271484,35.130001068115234,35.03730010986328,35.060001373291016,2178,0.0,0.0,0.0
2022-07-13 15:30:00-04:00,35.0442008972168,35.0442008972168,34.939998626708984,34.95000076293945,1892,0.0,0.0,0.0
2022-07-14 09:30:00-04:00,34.439998626708984,34.439998626708984,34.189998626708984,34.2400016784668,0,0.0,0.0,0.0
2022-07-14 10:30:00-04:00,34.220001220703125,34.34000015258789,34.220001220703125,34.34000015258789,1198,0.0,0.0,0.0
2022-07-14 12:30:00-04:00,34.40999984741211,34.4900016784668,34.40999984741211,34.4900016784668,1553,0.0,0.0,0.0
2022-07-14 13:30:00-04:00,34.599998474121094,34.790000915527344,34.599998474121094,34.790000915527344,18760,0.0,0.0,0.0
2022-07-14 14:30:00-04:00,34.86000061035156,34.86000061035156,34.7599983215332,34.7599983215332,1101,0.0,0.0,0.0
2022-07-14 15:30:00-04:00,34.810001373291016,34.834999084472656,34.77000045776367,34.80500030517578,1039,0.0,0.0,0.0
2022-07-15 09:30:00-04:00,35.15999984741211,35.34000015258789,35.15999984741211,35.299198150634766,1564,0.0,0.0,0.0
2022-07-15 10:30:00-04:00,35.38999938964844,35.400001525878906,35.310001373291016,35.400001525878906,841,0.0,0.0,0.0
2022-07-15 11:30:00-04:00,35.41999816894531,35.41999816894531,35.29999923706055,35.31999969482422,2306,0.0,0.0,0.0
2022-07-15 12:30:00-04:00,35.28499984741211,35.33000183105469,35.28499984741211,35.33000183105469,1257,0.0,0.0,0.0
2022-07-15 13:30:00-04:00,35.36000061035156,35.36000061035156,35.27109909057617,35.27109909057617,1022,0.0,0.0,0.0
2022-07-15 14:30:00-04:00,35.310001373291016,35.34000015258789,35.310001373291016,35.33000183105469,2272,0.0,0.0,0.0
2022-07-15 15:30:00-04:00,35.41999816894531,35.41999816894531,35.41999816894531,35.41999816894531,224,0.0,0.0,0.0
2022-07-18 09:30:00-04:00,35.689998626708984,35.70000076293945,35.625,35.650001525878906,0,0.0,0.0,0.0
2022-07-18 10:30:00-04:00,35.66999816894531,35.68000030517578,35.59000015258789,35.619998931884766,4423,0.0,0.0,0.0
2022-07-18 11:30:00-04:00,35.619998931884766,35.689998626708984,35.59859848022461,35.65999984741211,1693,0.0,0.0,0.0
2022-07-18 12:30:00-04:00,35.650001525878906,35.65999984741211,35.52000045776367,35.54130172729492,1386,0.0,0.0,0.0
2022-07-18 13:30:00-04:00,35.5,35.5,35.31999969482422,35.34000015258789,3658,0.0,0.0,0.0
2022-07-18 14:30:00-04:00,35.290000915527344,35.31999969482422,35.20000076293945,35.2400016784668,1786,0.0,0.0,0.0
2022-07-18 15:30:00-04:00,35.119998931884766,35.119998931884766,35.119998931884766,35.119998931884766,102,0.0,0.0,0.0
2022-07-19 09:30:00-04:00,35.470001220703125,35.529998779296875,35.439998626708984,35.5099983215332,0,0.0,0.0,0.0
2022-07-19 10:30:00-04:00,35.619998931884766,35.75,35.619998931884766,35.709999084472656,2279,0.0,0.0,0.0
2022-07-19 11:30:00-04:00,35.779998779296875,35.779998779296875,35.70000076293945,35.75,2948,0.0,0.0,0.0
2022-07-19 12:30:00-04:00,35.810001373291016,35.84000015258789,35.779998779296875,35.779998779296875,2690,0.0,0.0,0.0
2022-07-19 13:30:00-04:00,35.81999969482422,35.97999954223633,35.81999969482422,35.95000076293945,1514,0.0,0.0,0.0
2022-07-19 14:30:00-04:00,35.91999816894531,35.98899841308594,35.91999816894531,35.970001220703125,4470,0.0,0.0,0.0
2022-07-19 15:30:00-04:00,35.970001220703125,36.040000915527344,35.970001220703125,36.040000915527344,1232,0.0,0.0,0.0
2022-07-20 09:30:00-04:00,35.95000076293945,36.04999923706055,35.894100189208984,36.040000915527344,0,0.0,0.0,0.0
2022-07-20 11:30:00-04:00,36.269901275634766,36.29999923706055,36.2599983215332,36.29999923706055,7736,0.0,0.0,0.0
2022-07-20 12:30:00-04:00,36.274200439453125,36.274200439453125,35.9900016784668,36.0,4927,0.0,0.0,0.0
2022-07-20 13:30:00-04:00,36.06999969482422,36.150001525878906,36.040000915527344,36.150001525878906,1251,0.0,0.0,0.0
2022-07-20 14:30:00-04:00,36.12990188598633,36.2400016784668,36.119998931884766,36.2400016784668,2709,0.0,0.0,0.0
2022-07-20 15:30:00-04:00,36.22779846191406,36.22779846191406,36.130001068115234,36.130001068115234,1596,0.0,0.0,0.0
2022-07-21 09:30:00-04:00,36.130001068115234,36.130001068115234,36.04999923706055,36.11989974975586,0,0.0,0.0,0.0
2022-07-21 10:30:00-04:00,36.06999969482422,36.189998626708984,36.06999969482422,36.189998626708984,97456,0.0,0.0,0.0
2022-07-21 11:30:00-04:00,36.279998779296875,36.45000076293945,36.279998779296875,36.45000076293945,3673,0.0,0.0,0.0
2022-07-21 12:30:00-04:00,36.47999954223633,36.4900016784668,36.39899826049805,36.400001525878906,35131,0.0,0.0,0.0
2022-07-21 13:30:00-04:00,36.380001068115234,36.470001220703125,36.33000183105469,36.470001220703125,4788,0.0,0.0,0.0
2022-07-21 14:30:00-04:00,36.40999984741211,36.5,36.400001525878906,36.5,11082,0.0,0.0,0.0
2022-07-21 15:30:00-04:00,36.470001220703125,36.61000061035156,36.470001220703125,36.59000015258789,2398,0.0,0.0,0.0
2022-07-22 09:30:00-04:00,36.580101013183594,36.580101013183594,36.525001525878906,36.525001525878906,0,0.0,0.0,0.0
2022-07-22 10:30:00-04:00,36.560001373291016,36.560001373291016,36.36000061035156,36.36000061035156,965,0.0,0.0,0.0
2022-07-22 11:30:00-04:00,36.349998474121094,36.349998474121094,36.21229934692383,36.25389862060547,9210,0.0,0.0,0.0
2022-07-22 12:30:00-04:00,36.25389862060547,36.25389862060547,36.1349983215332,36.1349983215332,4403,0.0,0.0,0.0
2022-07-22 13:30:00-04:00,35.994998931884766,36.060001373291016,35.994998931884766,36.05500030517578,5268,0.0,0.0,0.0
2022-07-22 14:30:00-04:00,36.040000915527344,36.12770080566406,36.040000915527344,36.12770080566406,12225,0.0,0.0,0.0
2022-07-22 15:30:00-04:00,36.150001525878906,36.20000076293945,36.11000061035156,36.20000076293945,2939,0.0,0.0,0.0
2022-07-25 09:30:00-04:00,36.20000076293945,36.220001220703125,36.04999923706055,36.04999923706055,867,0.0,0.0,0.0
2022-07-25 10:30:00-04:00,36.099998474121094,36.209999084472656,36.099998474121094,36.150001525878906,16990,0.0,0.0,0.0
2022-07-25 11:30:00-04:00,36.22999954223633,36.2400016784668,36.13999938964844,36.13999938964844,6468,0.0,0.0,0.0
2022-07-25 12:30:00-04:00,36.189998626708984,36.2599983215332,36.189998626708984,36.209999084472656,3597,0.0,0.0,0.0
2022-07-25 13:30:00-04:00,36.150001525878906,36.1593017578125,36.08000183105469,36.08000183105469,824,0.0,0.0,0.0
2022-07-25 14:30:00-04:00,36.07899856567383,36.099998474121094,36.040000915527344,36.040000915527344,2346,0.0,0.0,0.0
2022-07-25 15:30:00-04:00,36.02000045776367,36.220001220703125,36.02000045776367,36.220001220703125,818,0.0,0.0,0.0
2022-07-26 09:30:00-04:00,35.97999954223633,36.0099983215332,35.88999938964844,35.915199279785156,561582,0.0,0.0,0.0
2022-07-26 10:30:00-04:00,35.900001525878906,35.91999816894531,35.869998931884766,35.88999938964844,3348,0.0,0.0,0.0
2022-07-26 12:30:00-04:00,35.78369903564453,35.849998474121094,35.78369903564453,35.83000183105469,716,0.0,0.0,0.0
2022-07-26 13:30:00-04:00,35.777801513671875,35.810001373291016,35.777801513671875,35.810001373291016,836,0.0,0.0,0.0
2022-07-26 14:30:00-04:00,35.680999755859375,35.74599838256836,35.680999755859375,35.72999954223633,1847,0.0,0.0,0.0
2022-07-26 15:30:00-04:00,35.779998779296875,35.790000915527344,35.779998779296875,35.790000915527344,440,0.0,0.0,0.0
2022-07-27 09:30:00-04:00,36.18920135498047,36.18920135498047,36.18920135498047,36.18920135498047,0,0.0,0.0,0.0
2022-07-27 10:30:00-04:00,36.246299743652344,36.310001373291016,36.22999954223633,36.310001373291016,3349,0.0,0.0,0.0
2022-07-27 11:30:00-04:00,36.36000061035156,36.36000061035156,36.36000061035156,36.36000061035156,3236,0.0,0.0,0.0
2022-07-27 12:30:00-04:00,36.29759979248047,36.29990005493164,36.29759979248047,36.29990005493164,3765,0.0,0.0,0.0
2022-07-27 13:30:00-04:00,36.308998107910156,36.369998931884766,36.289798736572266,36.369998931884766,1836,0.0,0.0,0.0
2022-07-27 14:30:00-04:00,36.4900016784668,36.779998779296875,36.4900016784668,36.779998779296875,5263,0.0,0.0,0.0
2022-07-27 15:30:00-04:00,36.849998474121094,36.869998931884766,36.755001068115234,36.755001068115234,0,0.0,0.0,0.0
2022-07-28 09:30:00-04:00,36.79999923706055,36.79999923706055,36.79999923706055,36.79999923706055,1036,0.0,0.0,0.0
2022-07-28 10:30:00-04:00,36.68000030517578,36.7400016784668,36.68000030517578,36.7400016784668,2158,0.0,0.0,0.0
2022-07-28 11:30:00-04:00,37.07460021972656,37.11000061035156,37.07460021972656,37.11000061035156,602,0.0,0.0,0.0
2022-07-28 12:30:00-04:00,37.15999984741211,37.2599983215332,37.13999938964844,37.2599983215332,5262,0.0,0.0,0.0
2022-07-28 13:30:00-04:00,37.262001037597656,37.29999923706055,37.262001037597656,37.29999923706055,9082,0.0,0.0,0.0
2022-07-28 14:30:00-04:00,37.3651008605957,37.400001525878906,37.36000061035156,37.36000061035156,1091,0.0,0.0,0.0
2022-07-28 15:30:00-04:00,37.355201721191406,37.36000061035156,37.34519958496094,37.36000061035156,3925,0.0,0.0,0.0
2022-07-29 09:30:00-04:00,37.2599983215332,37.54999923706055,37.2599983215332,37.54999923706055,539022,0.0,0.0,0.0
2022-07-29 10:30:00-04:00,37.5099983215332,37.5364990234375,37.5,37.5364990234375,4009,0.0,0.0,0.0
2022-07-29 11:30:00-04:00,37.369998931884766,37.459999084472656,37.369998931884766,37.459999084472656,2271,0.0,0.0,0.0
2022-07-29 12:30:00-04:00,37.494998931884766,37.54999923706055,37.4900016784668,37.540000915527344,6495,0.0,0.0,0.0
2022-07-29 13:30:00-04:00,37.60110092163086,37.62419891357422,37.58000183105469,37.62419891357422,791,0.0,0.0,0.0
2022-07-29 14:30:00-04:00,37.70000076293945,37.7484016418457,37.70000076293945,37.7484016418457,852,0.0,0.0,0.0
2022-07-29 15:30:00-04:00,37.7484016418457,37.779998779296875,37.72999954223633,37.7318000793457,2301,0.0,0.0,0.0
2022-08-01 09:30:00-04:00,37.52000045776367,37.810001373291016,37.52000045776367,37.779998779296875,0,0.0,0.0,0.0
2022-08-01 10:30:00-04:00,37.7400016784668,37.849998474121094,37.7400016784668,37.810001373291016,178084,0.0,0.0,0.0
2022-08-01 11:30:00-04:00,37.810001373291016,37.810001373291016,37.778099060058594,37.778099060058594,1350,0.0,0.0,0.0
2022-08-01 12:30:00-04:00,37.747398376464844,37.747398376464844,37.59000015258789,37.59000015258789,1837,0.0,0.0,0.0
2022-08-01 13:30:00-04:00,37.59000015258789,37.599998474121094,37.4900016784668,37.5099983215332,40892,0.0,0.0,0.0
2022-08-01 14:30:00-04:00,37.587799072265625,37.650001525878906,37.55500030517578,37.625,1976,0.0,0.0,0.0
2022-08-01 15:30:00-04:00,37.630001068115234,37.630001068115234,37.630001068115234,37.630001068115234,152,0.0,0.0,0.0
2022-08-02 09:30:00-04:00,37.45000076293945,37.45000076293945,37.31999969482422,37.31999969482422,0,0.0,0.0,0.0
2022-08-02 10:30:00-04:00,37.45000076293945,37.45000076293945,37.45000076293945,37.45000076293945,547,0.0,0.0,0.0
2022-08-02 11:30:00-04:00,37.560001373291016,37.63999938964844,37.54999923706055,37.63999938964844,872,0.0,0.0,0.0
2022-08-02 13:30:00-04:00,37.540000915527344,37.55830001831055,37.499900817871094,37.55830001831055,1041,0.0,0.0,0.0
2022-08-02 14:30:00-04:00,37.529998779296875,37.53179931640625,37.4900016784668,37.52000045776367,1105,0.0,0.0,0.0
2022-08-02 15:30:00-04:00,37.380001068115234,37.399898529052734,37.380001068115234,37.399898529052734,950,0.0,0.0,0.0
2022-08-03 09:30:00-04:00,37.58000183105469,37.67300033569336,37.58000183105469,37.65999984741211,0,0.0,0.0,0.0
2022-08-03 10:30:00-04:00,37.61000061035156,37.709999084472656,37.61000061035156,37.709999084472656,2067,0.0,0.0,0.0
2022-08-03 11:30:00-04:00,37.84000015258789,37.869998931884766,37.84000015258789,37.869998931884766,1589,0.0,0.0,0.0
2022-08-03 12:30:00-04:00,37.88999938964844,37.97999954223633,37.888999938964844,37.97999954223633,11822,0.0,0.0,0.0
2022-08-03 13:30:00-04:00,37.97999954223633,38.02000045776367,37.95000076293945,38.0,5094,0.0,0.0,0.0
2022-08-03 14:30:00-04:00,37.9900016784668,38.02000045776367,37.9900016784668,38.02000045776367,2009,0.0,0.0,0.0
2022-08-03 15:30:00-04:00,38.0,38.0,37.970001220703125,37.970001220703125,814,0.0,0.0,0.0
2022-08-04 09:30:00-04:00,37.95000076293945,37.97999954223633,37.90999984741211,37.90999984741211,0,0.0,0.0,0.0
2022-08-04 10:30:00-04:00,37.83000183105469,37.9650993347168,37.83000183105469,37.900001525878906,3865,0.0,0.0,0.0
2022-08-04 11:30:00-04:00,37.91999816894531,37.9900016784668,37.86000061035156,37.970001220703125,1861,0.0,0.0,0.0
2022-08-04 12:30:00-04:00,37.95000076293945,37.970001220703125,37.90999984741211,37.93000030517578,18817,0.0,0.0,0.0
2022-08-04 13:30:00-04:00,38.0,38.0,37.939998626708984,37.96839904785156,9904,0.0,0.0,0.0
2022-08-04 14:30:00-04:00,37.95000076293945,38.03390121459961,37.95000076293945,38.03390121459961,2015,0.0,0.0,0.0
2022-08-04 15:30:00-04:00,38.005001068115234,38.005001068115234,38.005001068115234,38.005001068115234,403,0.0,0.0,0.0
2022-08-05 09:30:00-04:00,37.59000015258789,37.919498443603516,37.59000015258789,37.86000061035156,0,0.0,0.0,0.0
2022-08-05 10:30:00-04:00,37.842098236083984,37.842098236083984,37.779998779296875,37.779998779296875,801,0.0,0.0,0.0
2022-08-05 11:30:00-04:00,37.599998474121094,37.70000076293945,37.599998474121094,37.68000030517578,1197,0.0,0.0,0.0
2022-08-05 12:30:00-04:00,37.7599983215332,37.829200744628906,37.7599983215332,37.81999969482422,1381,0.0,0.0,0.0
2022-08-05 13:30:00-04:00,37.779998779296875,37.779998779296875,37.77000045776367,37.779998779296875,1442,0.0,0.0,0.0
2022-08-05 15:30:00-04:00,37.86000061035156,37.880001068115234,37.86000061035156,37.875,3763,0.0,0.0,0.0
2022-08-08 09:30:00-04:00,37.959999084472656,38.169898986816406,37.95000076293945,38.13999938964844,0,0.0,0.0,0.0
2022-08-08 11:30:00-04:00,37.98249816894531,37.98249816894531,37.840301513671875,37.840301513671875,1201,0.0,0.0,0.0
2022-08-08 12:30:00-04:00,37.86009979248047,37.86009979248047,37.86009979248047,37.86009979248047,285,0.0,0.0,0.0
2022-08-08 13:30:00-04:00,37.844398498535156,37.844398498535156,37.7599983215332,37.7599983215332,1297,0.0,0.0,0.0
2022-08-08 14:30:00-04:00,37.720001220703125,37.77289962768555,37.709999084472656,37.77289962768555,2623,0.0,0.0,0.0
2022-08-08 15:30:00-04:00,37.79999923706055,37.814998626708984,37.79990005493164,37.814998626708984,842,0.0,0.0,0.0
2022-08-09 09:30:00-04:00,37.54999923706055,37.54999923706055,37.54999923706055,37.54999923706055,0,0.0,0.0,0.0
2022-08-09 10:30:00-04:00,37.619998931884766,37.63999938964844,37.609901428222656,37.61600112915039,1792,0.0,0.0,0.0
2022-08-09 12:30:00-04:00,37.51750183105469,37.529998779296875,37.51750183105469,37.529998779296875,824,0.0,0.0,0.0
2022-08-09 13:30:00-04:00,37.58000183105469,37.58000183105469,37.46820068359375,37.46820068359375,888,0.0,0.0,0.0
2022-08-09 15:30:00-04:00,37.597999572753906,37.597999572753906,37.555301666259766,37.555301666259766,3488,0.0,0.0,0.0
2022-08-10 09:30:00-04:00,38.249000549316406,38.249000549316406,38.150001525878906,38.209999084472656,0,0.0,0.0,0.0
2022-08-10 10:30:00-04:00,38.22999954223633,38.40999984741211,38.22999954223633,38.36000061035156,16560,0.0,0.0,0.0
2022-08-10 11:30:00-04:00,38.38999938964844,38.38999938964844,38.290000915527344,38.290000915527344,2780,0.0,0.0,0.0
2022-08-10 12:30:00-04:00,38.310001373291016,38.362098693847656,38.30039978027344,38.34000015258789,5732,0.0,0.0,0.0
2022-08-10 13:30:00-04:00,38.349998474121094,38.400001525878906,38.34000015258789,38.369998931884766,1867,0.0,0.0,0.0
2022-08-10 14:30:00-04:00,38.36000061035156,38.36000061035156,38.33000183105469,38.349998474121094,741,0.0,0.0,0.0
2022-08-10 15:30:00-04:00,38.35110092163086,38.41999816894531,38.35110092163086,38.40999984741211,15373,0.0,0.0,0.0
2022-08-11 09:30:00-04:00,38.65999984741211,38.83000183105469,38.65999984741211,38.81999969482422,0,0.0,0.0,0.0
2022-08-11 10:30:00-04:00,38.52130126953125,38.56999969482422,38.52130126953125,38.56999969482422,98930,0.0,0.0,0.0
2022-08-11 11:30:00-04:00,38.59000015258789,38.59000015258789,38.529998779296875,38.529998779296875,1103,0.0,0.0,0.0
2022-08-11 12:30:00-04:00,38.59379959106445,38.63999938964844,38.54999923706055,38.61989974975586,3648,0.0,0.0,0.0
2022-08-11 13:30:00-04:00,38.58000183105469,38.58000183105469,38.47999954223633,38.47999954223633,9738,0.0,0.0,0.0
2022-08-11 14:30:00-04:00,38.400001525878906,38.400001525878906,38.29499816894531,38.33000183105469,1415,0.0,0.0,0.0
2022-08-11 15:30:00-04:00,38.34000015258789,38.34000015258789,38.33000183105469,38.34000015258789,3989,0.0,0.0,0.0
2022-08-12 09:30:00-04:00,38.52989959716797,38.58000183105469,38.470001220703125,38.5718994140625,0,0.0,0.0,0.0
2022-08-12 10:30:00-04:00,38.59000015258789,38.59000015258789,38.59000015258789,38.59000015258789,808829,0.0,0.0,0.0
2022-08-12 11:30:00-04:00,38.6697998046875,38.6697998046875,38.6697998046875,38.6697998046875,597,0.0,0.0,0.0
2022-08-12 12:30:00-04:00,38.7400016784668,38.7400016784668,38.72999954223633,38.73500061035156,816,0.0,0.0,0.0
2022-08-12 13:30:00-04:00,38.77299880981445,38.810001373291016,38.77299880981445,38.810001373291016,1393,0.0,0.0,0.0
2022-08-12 14:30:00-04:00,38.880001068115234,38.95000076293945,38.880001068115234,38.95000076293945,597,0.0,0.0,0.0
2022-08-12 15:30:00-04:00,38.970001220703125,38.970001220703125,38.970001220703125,38.970001220703125,191,0.0,0.0,0.0
2022-08-15 09:30:00-04:00,38.849998474121094,39.060001373291016,38.849998474121094,38.95000076293945,0,0.0,0.0,0.0
2022-08-15 10:30:00-04:00,39.029998779296875,39.029998779296875,38.939998626708984,38.97999954223633,5817,0.0,0.0,0.0
2022-08-15 11:30:00-04:00,39.029998779296875,39.150001525878906,39.029998779296875,39.150001525878906,711,0.0,0.0,0.0
2022-08-15 12:30:00-04:00,39.196998596191406,39.249900817871094,39.18000030517578,39.220001220703125,56371,0.0,0.0,0.0
2022-08-15 13:30:00-04:00,39.16899871826172,39.2041015625,39.16899871826172,39.2041015625,398,0.0,0.0,0.0
2022-08-15 14:30:00-04:00,39.25,39.2599983215332,39.220001220703125,39.2599983215332,9136,0.0,0.0,0.0
2022-08-15 15:30:00-04:00,39.2599983215332,39.28499984741211,39.209999084472656,39.22999954223633,4392,0.0,0.0,0.0
2022-08-16 09:30:00-04:00,39.13999938964844,39.18000030517578,39.13949966430664,39.14500045776367,6040,0.0,0.0,0.0
2022-08-16 10:30:00-04:00,39.04999923706055,39.21950149536133,39.04669952392578,39.21950149536133,16468,0.0,0.0,0.0
2022-08-16 11:30:00-04:00,39.24570083618164,39.349998474121094,39.24570083618164,39.31999969482422,6219,0.0,0.0,0.0
2022-08-16 12:30:00-04:00,39.33000183105469,39.3650016784668,39.30500030517578,39.3650016784668,7291,0.0,0.0,0.0
2022-08-16 13:30:00-04:00,39.3650016784668,39.47999954223633,39.3650016784668,39.42499923706055,2842,0.0,0.0,0.0
2022-08-16 14:30:00-04:00,39.29999923706055,39.29999923706055,39.18000030517578,39.22999954223633,6876,0.0,0.0,0.0
2022-08-16 15:30:00-04:00,39.290000915527344,39.349998474121094,39.290000915527344,39.310001373291016,12051,0.0,0.0,0.0
2022-08-17 09:30:00-04:00,38.95000076293945,39.06999969482422,38.939998626708984,38.9900016784668,11396,0.0,0.0,0.0
2022-08-17 10:30:00-04:00,38.962501525878906,38.962501525878906,38.880001068115234,38.91999816894531,328657,0.0,0.0,0.0
2022-08-17 11:30:00-04:00,38.84000015258789,38.84000015258789,38.84000015258789,38.84000015258789,307,0.0,0.0,0.0
2022-08-17 12:30:00-04:00,39.0,39.0099983215332,38.959999084472656,38.97999954223633,1593,0.0,0.0,0.0
2022-08-17 13:30:00-04:00,39.029998779296875,39.189998626708984,39.029998779296875,39.13999938964844,2039,0.0,0.0,0.0
2022-08-17 14:30:00-04:00,39.16999816894531,39.16999816894531,39.00360107421875,39.029998779296875,2060,0.0,0.0,0.0
2022-08-17 15:30:00-04:00,39.0099983215332,39.040000915527344,38.9900016784668,39.0,2776,0.0,0.0,0.0
2022-08-18 09:30:00-04:00,39.01499938964844,39.01499938964844,38.90119934082031,38.90119934082031,0,0.0,0.0,0.0
2022-08-18 10:30:00-04:00,39.00899887084961,39.06999969482422,38.96979904174805,39.06999969482422,4157,0.0,0.0,0.0
2022-08-18 11:30:00-04:00,39.0989990234375,39.0989990234375,39.0,39.0,1345,0.0,0.0,0.0
2022-08-18 12:30:00-04:00,39.0,39.03499984741211,38.96500015258789,39.02429962158203,18863,0.0,0.0,0.0
2022-08-18 13:30:00-04:00,39.03499984741211,39.040000915527344,39.03499984741211,39.040000915527344,470,0.0,0.0,0.0
2022-08-18 14:30:00-04:00,39.05500030517578,39.15010070800781,39.04999923706055,39.15010070800781,3659,0.0,0.0,0.0
2022-08-18 15:30:00-04:00,39.09000015258789,39.09000015258789,39.08000183105469,39.08000183105469,2418,0.0,0.0,0.0
2022-08-19 09:30:00-04:00,38.63959884643555,38.63959884643555,38.63959884643555,38.63959884643555,0,0.0,0.0,0.0
2022-08-19 10:30:00-04:00,38.6599006652832,38.66600036621094,38.54899978637695,38.54899978637695,16281,0.0,0.0,0.0
2022-08-19 12:30:00-04:00,38.65999984741211,38.65999984741211,38.619998931884766,38.619998931884766,6962,0.0,0.0,0.0
2022-08-19 13:30:00-04:00,38.59000015258789,38.6150016784668,38.59000015258789,38.599998474121094,4182,0.0,0.0,0.0
2022-08-19 14:30:00-04:00,38.55970001220703,38.56999969482422,38.47999954223633,38.56999969482422,5782,0.0,0.0,0.0
2022-08-19 15:30:00-04:00,38.58000183105469,38.61000061035156,38.54999923706055,38.599998474121094,35220,0.0,0.0,0.0
2022-08-22 09:30:00-04:00,38.099998474121094,38.099998474121094,38.099998474121094,38.099998474121094,505,0.0,0.0,0.0
2022-08-22 10:30:00-04:00,37.959999084472656,37.959999084472656,37.89229965209961,37.89229965209961,15828,0.0,0.0,0.0
2022-08-22 12:30:00-04:00,37.91630172729492,37.9297981262207,37.91630172729492,37.9297981262207,950,0.0,0.0,0.0
2022-08-22 13:30:00-04:00,37.74720001220703,37.74720001220703,37.744998931884766,37.744998931884766,784,0.0,0.0,0.0
2022-08-22 15:30:00-04:00,37.709999084472656,37.77000045776367,37.709999084472656,37.7400016784668,1097,0.0,0.0,0.0
2022-08-23 09:30:00-04:00,37.7400016784668,37.84000015258789,37.650001525878906,37.810001373291016,83918,0.0,0.0,0.0
2022-08-23 10:30:00-04:00,37.81999969482422,37.81999969482422,37.68000030517578,37.68000030517578,16350,0.0,0.0,0.0
2022-08-23 11:30:00-04:00,37.70000076293945,37.72999954223633,37.599998474121094,37.599998474121094,18607,0.0,0.0,0.0
2022-08-23 12:30:00-04:00,37.63999938964844,37.689998626708984,37.63999938964844,37.650001525878906,12258,0.0,0.0,0.0
2022-08-23 13:30:00-04:00,37.70000076293945,37.70000076293945,37.619998931884766,37.70000076293945,22981,0.0,0.0,0.0
2022-08-23 14:30:00-04:00,37.66999816894531,37.709999084472656,37.650001525878906,37.68000030517578,27522,0.0,0.0,0.0
2022-08-23 15:30:00-04:00,37.689998626708984,37.70000076293945,37.6150016784668,37.63999938964844,17754,0.0,0.0,0.0
2022-08-24 09:30:00-04:00,37.61000061035156,37.720001220703125,37.599998474121094,37.720001220703125,0,0.0,0.0,0.0
2022-08-24 10:30:00-04:00,37.72999954223633,37.83000183105469,37.72999954223633,37.83000183105469,1693,0.0,0.0,0.0
2022-08-24 11:30:00-04:00,37.86000061035156,37.86000061035156,37.84000015258789,37.84000015258789,250,0.0,0.0,0.0
2022-08-24 12:30:00-04:00,37.749000549316406,37.749000549316406,37.66999816894531,37.70500183105469,2210,0.0,0.0,0.0
2022-08-24 13:30:00-04:00,37.645999908447266,37.65999984741211,37.645999908447266,37.65999984741211,1613,0.0,0.0,0.0
2022-08-24 15:30:00-04:00,37.709999084472656,37.709999084472656,37.709999084472656,37.709999084472656,1004,0.0,0.0,0.0
2022-08-25 09:30:00-04:00,37.72999954223633,37.880001068115234,37.72999954223633,37.880001068115234,0,0.0,0.0,0.0
2022-08-25 10:30:00-04:00,38.0099983215332,38.0099983215332,37.959999084472656,37.959999084472656,1358,0.0,0.0,0.0
2022-08-25 11:30:00-04:00,37.86000061035156,37.86000061035156,37.86000061035156,37.86000061035156,293,0.0,0.0,0.0
2022-08-25 13:30:00-04:00,37.88999938964844,37.93000030517578,37.88999938964844,37.93000030517578,850,0.0,0.0,0.0
2022-08-25 14:30:00-04:00,37.93000030517578,37.93000030517578,37.869998931884766,37.90999984741211,3137,0.0,0.0,0.0
2022-08-25 15:30:00-04:00,37.970001220703125,37.970001220703125,37.970001220703125,37.970001220703125,103,0.0,0.0,0.0
2022-08-26 09:30:00-04:00,38.150001525878906,38.150001525878906,38.089900970458984,38.09000015258789,839,0.0,0.0,0.0
2022-08-26 10:30:00-04:00,37.5,37.560001373291016,37.34000015258789,37.349998474121094,2749,0.0,0.0,0.0
2022-08-26 11:30:00-04:00,37.34000015258789,37.369998931884766,37.34000015258789,37.369998931884766,1428,0.0,0.0,0.0
2022-08-26 13:30:00-04:00,37.150001525878906,37.150001525878906,37.150001525878906,37.150001525878906,0,0.0,0.0,0.0
2022-08-26 14:30:00-04:00,37.029998779296875,37.04999923706055,37.029998779296875,37.04999923706055,12299,0.0,0.0,0.0
2022-08-26 15:30:00-04:00,36.859901428222656,36.859901428222656,36.79999923706055,36.79999923706055,503,0.0,0.0,0.0
2022-08-29 10:30:00-04:00,36.5,36.5,36.4900016784668,36.5,24427,0.0,0.0,0.0
2022-08-29 12:30:00-04:00,36.720001220703125,36.720001220703125,36.720001220703125,36.720001220703125,728,0.0,0.0,0.0
2022-08-29 13:30:00-04:00,36.73500061035156,36.73500061035156,36.61000061035156,36.61000061035156,450,0.0,0.0,0.0
2022-08-29 14:30:00-04:00,36.720001220703125,36.720001220703125,36.65010070800781,36.65010070800781,2393,0.0,0.0,0.0
2022-08-29 15:30:00-04:00,36.630001068115234,36.71989822387695,36.560001373291016,36.560001373291016,941,0.0,0.0,0.0
2022-08-30 09:30:00-04:00,36.599998474121094,36.599998474121094,36.28499984741211,36.28499984741211,0,0.0,0.0,0.0
2022-08-30 10:30:00-04:00,36.13999938964844,36.2400016784668,36.04999923706055,36.2400016784668,1349,0.0,0.0,0.0
2022-08-30 12:30:00-04:00,36.1427001953125,36.150001525878906,36.1411018371582,36.1411018371582,1186,0.0,0.0,0.0
2022-08-30 13:30:00-04:00,36.09989929199219,36.09989929199219,36.09989929199219,36.09989929199219,302,0.0,0.0,0.0
2022-08-30 14:30:00-04:00,36.209999084472656,36.209999084472656,36.209999084472656,36.209999084472656,1784,0.0,0.0,0.0
2022-08-30 15:30:00-04:00,36.130001068115234,36.13180160522461,36.130001068115234,36.13180160522461,0,0.0,0.0,0.0
2022-08-31 09:30:00-04:00,36.25,36.25,36.25,36.25,101145,0.0,0.0,0.0
2022-08-31 10:30:00-04:00,36.15999984741211,36.162601470947266,36.060001373291016,36.060001373291016,1937,0.0,0.0,0.0
2022-08-31 11:30:00-04:00,36.04999923706055,36.13999938964844,36.029998779296875,36.13999938964844,2852,0.0,0.0,0.0
2022-08-31 12:30:00-04:00,36.102901458740234,36.102901458740234,36.102901458740234,36.102901458740234,387,0.0,0.0,0.0
2022-08-31 13:30:00-04:00,35.95000076293945,36.002899169921875,35.939998626708984,36.002899169921875,657,0.0,0.0,0.0
2022-08-31 14:30:00-04:00,35.880001068115234,36.02000045776367,35.880001068115234,36.02000045776367,3563,0.0,0.0,0.0
2022-08-31 15:30:00-04:00,36.04999923706055,36.04999923706055,35.88999938964844,35.88999938964844,0,0.0,0.0,0.0
2022-09-01 09:30:00-04:00,35.619998931884766,35.619998931884766,35.615699768066406,35.615699768066406,4568,0.0,0.0,0.0
2022-09-01 10:30:00-04:00,35.45240020751953,35.52000045776367,35.439998626708984,35.470001220703125,4254,0.0,0.0,0.0
2022-09-01 11:30:00-04:00,35.459999084472656,35.459999084472656,35.459999084472656,35.459999084472656,377,0.0,0.0,0.0
2022-09-01 12:30:00-04:00,35.564998626708984,35.65879821777344,35.564998626708984,35.65879821777344,863,0.0,0.0,0.0
2022-09-01 13:30:00-04:00,35.54999923706055,35.58000183105469,35.545799255371094,35.58000183105469,838,0.0,0.0,0.0
2022-09-01 14:30:00-04:00,35.79999923706055,35.84400177001953,35.70500183105469,35.84400177001953,17804,0.0,0.0,0.0
2022-09-01 15:30:00-04:00,35.7400016784668,35.97999954223633,35.72999954223633,35.97999954223633,2165,0.0,0.0,0.0
2022-09-02 09:30:00-04:00,36.150001525878906,36.279998779296875,36.02000045776367,36.27000045776367,0,0.0,0.0,0.0
2022-09-02 10:30:00-04:00,36.349998474121094,36.380001068115234,36.279998779296875,36.33000183105469,2899,0.0,0.0,0.0
2022-09-02 11:30:00-04:00,36.34000015258789,36.36000061035156,36.310001373291016,36.33000183105469,2017,0.0,0.0,0.0
2022-09-02 12:30:00-04:00,36.060001373291016,36.08000183105469,35.66999816894531,35.66999816894531,1310,0.0,0.0,0.0
2022-09-02 13:30:00-04:00,35.68000030517578,35.689998626708984,35.56999969482422,35.630001068115234,570,0.0,0.0,0.0
2022-09-02 14:30:00-04:00,35.630001068115234,35.709999084472656,35.58000183105469,35.630001068115234,1155,0.0,0.0,0.0
2022-09-02 15:30:00-04:00,35.54999923706055,35.54999923706055,35.380001068115234,35.54999923706055,1499,0.0,0.0,0.0
2022-09-06 09:30:00-04:00,35.65999984741211,35.65999984741211,35.27000045776367,35.27000045776367,0,0.0,0.0,0.0
2022-09-06 10:30:00-04:00,35.650001525878906,35.650001525878906,35.56999969482422,35.56999969482422,4095,0.0,0.0,0.0
2022-09-06 11:30:00-04:00,35.61000061035156,35.61000061035156,35.494998931884766,35.494998931884766,357,0.0,0.0,0.0
2022-09-06 12:30:00-04:00,35.47999954223633,35.5359992980957,35.47999954223633,35.5359992980957,1660,0.0,0.0,0.0
2022-09-06 13:30:00-04:00,35.38999938964844,35.38999938964844,35.307498931884766,35.307498931884766,718,0.0,0.0,0.0
2022-09-06 14:30:00-04:00,35.43000030517578,35.52000045776367,35.38999938964844,35.46500015258789,5413,0.0,0.0,0.0
2022-09-06 15:30:00-04:00,35.459999084472656,35.459999084472656,35.45000076293945,35.45000076293945,1016,0.0,0.0,0.0
2022-09-07 09:30:00-04:00,35.56999969482422,35.619998931884766,35.4900016784668,35.619998931884766,166421,0.0,0.0,0.0
2022-09-07 10:30:00-04:00,35.66999816894531,35.77000045776367,35.650001525878906,35.77000045776367,4539,0.0,0.0,0.0
2022-09-07 11:30:00-04:00,35.79999923706055,35.810001373291016,35.769901275634766,35.79999923706055,576,0.0,0.0,0.0
2022-09-07 12:30:00-04:00,35.9099006652832,35.90999984741211,35.880001068115234,35.880001068115234,1595,0.0,0.0,0.0
2022-09-07 13:30:00-04:00,35.939998626708984,36.060001373291016,35.939998626708984,36.060001373291016,746,0.0,0.0,0.0
2022-09-07 14:30:00-04:00,36.13999938964844,36.150001525878906,36.13999938964844,36.150001525878906,879,0.0,0.0,0.0
2022-09-07 15:30:00-04:00,36.209999084472656,36.209999084472656,36.130001068115234,36.13119888305664,0,0.0,0.0,0.0
2022-09-08 09:30:00-04:00,35.869998931884766,36.16999816894531,35.849998474121094,36.13999938964844,1140,0.0,0.0,0.0
2022-09-08 10:30:00-04:00,36.194000244140625,36.38999938964844,36.194000244140625,36.38999938964844,2617,0.0,0.0,0.0
2022-09-08 11:30:00-04:00,36.290000915527344,36.290000915527344,35.95000076293945,36.0099983215332,14173,0.0,0.0,0.0
2022-09-08 12:30:00-04:00,36.04990005493164,36.279998779296875,36.04990005493164,36.25,114007,0.0,0.0,0.0
2022-09-08 13:30:00-04:00,36.18000030517578,36.2599983215332,36.18000030517578,36.2599983215332,249,0.0,0.0,0.0
2022-09-08 14:30:00-04:00,36.310001373291016,36.31999969482422,36.189998626708984,36.2400016784668,5777,0.0,0.0,0.0
2022-09-08 15:30:00-04:00,36.20000076293945,36.400001525878906,36.20000076293945,36.400001525878906,13894,0.0,0.0,0.0
2022-09-09 09:30:00-04:00,36.7327995300293,36.869998931884766,36.66999816894531,36.85499954223633,4475,0.0,0.0,0.0
2022-09-09 10:30:00-04:00,36.849998474121094,36.95000076293945,36.849998474121094,36.900001525878906,1624,0.0,0.0,0.0
2022-09-09 11:30:00-04:00,36.88999938964844,36.915000915527344,36.86000061035156,36.86000061035156,1241,0.0,0.0,0.0
2022-09-09 12:30:00-04:00,36.95000076293945,36.95000076293945,36.94499969482422,36.94499969482422,555,0.0,0.0,0.0
2022-09-09 13:30:00-04:00,36.970001220703125,36.970001220703125,36.939998626708984,36.939998626708984,390,0.0,0.0,0.0
2022-09-09 14:30:00-04:00,37.02000045776367,37.02000045776367,37.02000045776367,37.02000045776367,104,0.0,0.0,0.0
2022-09-09 15:30:00-04:00,36.98099899291992,37.040000915527344,36.96009826660156,36.96500015258789,10997,0.0,0.0,0.0
2022-09-12 09:30:00-04:00,37.320098876953125,37.35499954223633,37.320098876953125,37.34000015258789,73322,0.0,0.0,0.0
2022-09-12 10:30:00-04:00,37.326499938964844,37.326499938964844,37.20000076293945,37.20000076293945,0,0.0,0.0,0.0
2022-09-12 11:30:00-04:00,37.08000183105469,37.08000183105469,37.08000183105469,37.08000183105469,95217,0.0,0.0,0.0
2022-09-12 12:30:00-04:00,37.11000061035156,37.15999984741211,37.11000061035156,37.13999938964844,1791,0.0,0.0,0.0
2022-09-12 13:30:00-04:00,37.2400016784668,37.2400016784668,37.150001525878906,37.150001525878906,3683,0.0,0.0,0.0
2022-09-12 14:30:00-04:00,37.14659881591797,37.220001220703125,37.11000061035156,37.21500015258789,3573,0.0,0.0,0.0
2022-09-12 15:30:00-04:00,37.16379928588867,37.2400016784668,37.150001525878906,37.2400016784668,10450,0.0,0.0,0.0
2022-09-13 09:30:00-04:00,36.36000061035156,36.459999084472656,36.22999954223633,36.2400016784668,0,0.0,0.0,0.0
2022-09-13 10:30:00-04:00,36.19499969482422,36.19499969482422,36.099998474121094,36.099998474121094,1647,0.0,0.0,0.0
2022-09-13 11:30:00-04:00,36.15999984741211,36.15999984741211,36.15999984741211,36.15999984741211,612,0.0,0.0,0.0
2022-09-13 12:30:00-04:00,36.11000061035156,36.11000061035156,36.11000061035156,36.11000061035156,231,0.0,0.0,0.0
2022-09-13 13:30:00-04:00,36.11000061035156,36.11000061035156,36.11000061035156,36.11000061035156,100,0.0,0.0,0.0
2022-09-13 14:30:00-04:00,35.97999954223633,35.97999954223633,35.79999923706055,35.79999923706055,1347,0.0,0.0,0.0
2022-09-13 15:30:00-04:00,35.75,35.7599983215332,35.61000061035156,35.64500045776367,1576,0.0,0.0,0.0
2022-09-14 09:30:00-04:00,35.79999923706055,35.79999923706055,35.529998779296875,35.529998779296875,181567,0.0,0.0,0.0
2022-09-14 10:30:00-04:00,35.56999969482422,35.84339904785156,35.56999969482422,35.7400016784668,27409,0.0,0.0,0.0
2022-09-14 11:30:00-04:00,35.720001220703125,35.810001373291016,35.720001220703125,35.75,2773,0.0,0.0,0.0
2022-09-14 12:30:00-04:00,35.75,35.84000015258789,35.75,35.779998779296875,1884,0.0,0.0,0.0
2022-09-14 13:30:00-04:00,35.779998779296875,35.779998779296875,35.540000915527344,35.61159896850586,2219,0.0,0.0,0.0
2022-09-14 14:30:00-04:00,35.61000061035156,35.65999984741211,35.46879959106445,35.46879959106445,1807,0.0,0.0,0.0
2022-09-14 15:30:00-04:00,35.665000915527344,35.720001220703125,35.65919876098633,35.720001220703125,2609,0.0,0.0,0.0
2022-09-15 09:30:00-04:00,35.720001220703125,35.720001220703125,35.65999984741211,35.65999984741211,0,0.0,0.0,0.0
2022-09-15 10:30:00-04:00,35.5099983215332,35.56999969482422,35.400001525878906,35.400001525878906,1236,0.0,0.0,0.0
2022-09-15 11:30:00-04:00,35.45000076293945,35.45000076293945,35.27000045776367,35.32500076293945,4529,0.0,0.0,0.0
2022-09-15 12:30:00-04:00,35.40999984741211,35.56999969482422,35.40999984741211,35.560001373291016,717,0.0,0.0,0.0
2022-09-15 13:30:00-04:00,35.54999923706055,35.54999923706055,35.38999938964844,35.38999938964844,404,0.0,0.0,0.0
2022-09-15 14:30:00-04:00,35.439998626708984,35.439998626708984,35.22999954223633,35.22999954223633,0,0.0,0.0,0.0
2022-09-15 15:30:00-04:00,35.185001373291016,35.290000915527344,35.185001373291016,35.290000915527344,15063,0.0,0.0,0.0
2022-09-16 09:30:00-04:00,34.83000183105469,34.83000183105469,34.7400016784668,34.7400016784668,0,0.0,0.0,0.0
2022-09-16 10:30:00-04:00,34.875,34.875,34.72549819946289,34.72549819946289,4934,0.0,0.0,0.0
2022-09-16 11:30:00-04:00,34.74209976196289,34.74209976196289,34.74209976196289,34.74209976196289,347,0.0,0.0,0.0
2022-09-16 12:30:00-04:00,34.68949890136719,34.68949890136719,34.65999984741211,34.65999984741211,303,0.0,0.0,0.0
2022-09-16 14:30:00-04:00,34.779998779296875,34.939998626708984,34.779998779296875,34.849998474121094,881,0.0,0.0,0.0
2022-09-16 15:30:00-04:00,34.91999816894531,34.97999954223633,34.91999816894531,34.97999954223633,488,0.0,0.0,0.0
2022-09-19 09:30:00-04:00,34.619998931884766,34.900001525878906,34.619998931884766,34.81999969482422,0,0.0,0.0,0.0
2022-09-19 10:30:00-04:00,34.90999984741211,34.970001220703125,34.90999984741211,34.970001220703125,3063,0.0,0.0,0.0
2022-09-19 12:30:00-04:00,34.79999923706055,34.869998931884766,34.79999923706055,34.869998931884766,1309,0.0,0.0,0.0
2022-09-19 13:30:00-04:00,34.84000015258789,34.8400993347168,34.84000015258789,34.8400993347168,303,0.0,0.0,0.0
2022-09-19 14:30:00-04:00,34.87419891357422,35.09000015258789,34.87419891357422,35.09000015258789,8096,0.0,0.0,0.0
2022-09-19 15:30:00-04:00,35.125999450683594,35.13999938964844,35.119998931884766,35.119998931884766,1815,0.0,0.0,0.0
2022-09-20 09:30:00-04:00,34.880001068115234,34.880001068115234,34.880001068115234,34.880001068115234,0,0.0,0.0,0.0
2022-09-20 10:30:00-04:00,34.71500015258789,34.790000915527344,34.71500015258789,34.72999954223633,2559,0.0,0.0,0.0
2022-09-20 11:30:00-04:00,34.7599983215332,34.86000061035156,34.7400016784668,34.7400016784668,4178,0.0,0.0,0.0
2022-09-20 12:30:00-04:00,34.68349838256836,34.68349838256836,34.54999923706055,34.54999923706055,437,0.0,0.0,0.0
2022-09-20 13:30:00-04:00,34.5,34.54999923706055,34.459999084472656,34.54999923706055,2687,0.0,0.0,0.0
2022-09-20 14:30:00-04:00,34.540000915527344,34.650001525878906,34.540000915527344,34.650001525878906,1405,0.0,0.0,0.0
2022-09-20 15:30:00-04:00,34.630001068115234,34.75859832763672,34.630001068115234,34.65999984741211,3183,0.0,0.0,0.0
2022-09-21 09:30:00-04:00,34.849998474121094,34.91999816894531,34.849998474121094,34.91999816894531,10126,0.0,0.0,0.0
2022-09-21 10:30:00-04:00,34.849998474121094,34.849998474121094,34.849998474121094,34.849998474121094,1440,0.0,0.0,0.0
2022-09-21 11:30:00-04:00,34.87350082397461,34.880001068115234,34.869998931884766,34.880001068115234,1530,0.0,0.0,0.0
2022-09-21 13:30:00-04:00,34.880001068115234,34.95000076293945,34.470001220703125,34.529998779296875,7716,0.0,0.0,0.0
2022-09-21 14:30:00-04:00,34.790000915527344,35.060001373291016,34.619998931884766,34.619998931884766,6569,0.0,0.0,0.0
2022-09-21 15:30:00-04:00,34.310001373291016,34.310001373291016,34.150001525878906,34.150001525878906,1352,0.0,0.0,0.0
2022-09-22 09:30:00-04:00,34.0099983215332,34.09000015258789,33.9010009765625,33.91999816894531,0,0.0,0.0,0.0
2022-09-22 10:30:00-04:00,33.970001220703125,33.970001220703125,33.869998931884766,33.869998931884766,2120,0.0,0.0,0.0
2022-09-22 11:30:00-04:00,33.880001068115234,33.95000076293945,33.880001068115234,33.880001068115234,30979,0.0,0.0,0.0
2022-09-22 12:30:00-04:00,33.90999984741211,33.90999984741211,33.86000061035156,33.86000061035156,317,0.0,0.0,0.0
2022-09-22 13:30:00-04:00,33.93000030517578,33.970001220703125,33.79140090942383,33.81999969482422,2973,0.0,0.0,0.0
2022-09-22 14:30:00-04:00,33.939998626708984,34.06999969482422,33.939998626708984,33.97999954223633,10136,0.0,0.0,0.0
2022-09-22 15:30:00-04:00,34.0099983215332,34.099998474121094,33.84000015258789,33.84000015258789,13690,0.0,0.0,0.0
2022-09-23 09:30:00-04:00,33.560001373291016,33.560001373291016,33.34000015258789,33.36000061035156,16724,0.0,0.0,0.0
2022-09-23 10:30:00-04:00,33.36000061035156,33.36000061035156,33.36000061035156,33.36000061035156,1346,0.0,0.0,0.0
2022-09-23 11:30:00-04:00,33.3588981628418,33.3588981628418,33.22999954223633,33.22999954223633,964,0.0,0.0,0.0
2022-09-23 13:30:00-04:00,33.20000076293945,33.20000076293945,33.08000183105469,33.08000183105469,749,0.0,0.0,0.0
2022-09-23 14:30:00-04:00,33.0099983215332,33.21200180053711,33.0099983215332,33.21200180053711,3613,0.0,0.0,0.0
2022-09-23 15:30:00-04:00,33.2599983215332,33.3650016784668,33.2599983215332,33.3650016784668,2831,0.0,0.0,0.0
2022-09-26 09:30:00-04:00,33.209999084472656,33.40919876098633,33.209999084472656,33.31999969482422,5519,0.0,0.0,0.0
2022-09-26 10:30:00-04:00,33.43000030517578,33.43000030517578,33.2400016784668,33.2400016784668,2192,0.0,0.0,0.0
2022-09-26 11:30:00-04:00,33.18000030517578,33.209999084472656,33.08000183105469,33.08000183105469,5082,0.0,0.0,0.0
2022-09-26 12:30:00-04:00,33.02000045776367,33.119998931884766,32.95000076293945,32.95000076293945,52678,0.0,0.0,0.0
2022-09-26 13:30:00-04:00,33.0,33.06999969482422,32.977699279785156,33.060001373291016,6646,0.0,0.0,0.0
2022-09-26 14:30:00-04:00,33.02000045776367,33.18000030517578,33.0,33.06999969482422,4557,0.0,0.0,0.0
2022-09-26 15:30:00-04:00,33.136600494384766,33.136600494384766,33.10300064086914,33.10300064086914,1883,0.0,0.0,0.0
2022-09-27 09:30:00-04:00,33.310001373291016,33.529998779296875,33.220001220703125,33.33000183105469,38249,0.0,0.0,0.0
2022-09-27 10:30:00-04:00,33.34000015258789,33.43000030517578,33.25,33.25,3515,0.0,0.0,0.0
2022-09-27 11:30:00-04:00,33.15999984741211,33.15999984741211,32.83000183105469,32.83000183105469,29856,0.0,0.0,0.0
2022-09-27 12:30:00-04:00,32.83000183105469,32.83000183105469,32.81999969482422,32.81999969482422,9314,0.0,0.0,0.0
2022-09-27 13:30:00-04:00,32.810001373291016,32.86000061035156,32.75,32.75,90058,0.0,0.0,0.0
2022-09-27 14:30:00-04:00,32.934600830078125,32.97990036010742,32.91999816894531,32.939998626708984,15562,0.0,0.0,0.0
2022-09-27 15:30:00-04:00,32.90999984741211,32.93000030517578,32.90999984741211,32.93000030517578,679,0.0,0.0,0.0
2022-09-28 09:30:00-04:00,33.130001068115234,33.130001068115234,33.029998779296875,33.11000061035156,0,0.0,0.0,0.0
2022-09-28 10:30:00-04:00,33.310001373291016,33.43000030517578,33.279998779296875,33.38999938964844,37332,0.0,0.0,0.0
2022-09-28 11:30:00-04:00,33.49100112915039,33.49100112915039,33.49100112915039,33.49100112915039,277,0.0,0.0,0.0
2022-09-28 12:30:00-04:00,33.5,33.529998779296875,33.5,33.529998779296875,875,0.0,0.0,0.0
2022-09-28 13:30:00-04:00,33.5,33.528499603271484,33.5,33.528499603271484,25589,0.0,0.0,0.0
2022-09-28 14:30:00-04:00,33.53850173950195,33.70000076293945,33.53850173950195,33.70000076293945,1157,0.0,0.0,0.0
2022-09-28 15:30:00-04:00,33.691001892089844,33.810001373291016,33.650001525878906,33.65359878540039,8829,0.0,0.0,0.0
2022-09-29 09:30:00-04:00,33.380001068115234,33.380001068115234,32.86000061035156,32.86000061035156,0,0.0,0.0,0.0
2022-09-29 10:30:00-04:00,32.974998474121094,33.060001373291016,32.974998474121094,32.97999954223633,3320,0.0,0.0,0.0
2022-09-29 11:30:00-04:00,33.047000885009766,33.047000885009766,33.047000885009766,33.047000885009766,734,0.0,0.0,0.0
2022-09-29 13:30:00-04:00,32.87710189819336,32.90999984741211,32.7599983215332,32.83290100097656,1173,0.0,0.0,0.0
2022-09-29 14:30:00-04:00,32.84000015258789,32.89459991455078,32.812801361083984,32.885799407958984,3094,0.0,0.0,0.0
2022-09-29 15:30:00-04:00,32.959999084472656,33.02000045776367,32.959999084472656,33.02000045776367,1448,0.0,0.0,0.0
2022-09-30 09:30:00-04:00,32.970001220703125,33.01190185546875,32.970001220703125,33.01190185546875,0,0.0,0.0,0.0
2022-09-30 10:30:00-04:00,33.20000076293945,33.29999923706055,33.18429946899414,33.286399841308594,4174,0.0,0.0,0.0
2022-09-30 11:30:00-04:00,33.2400016784668,33.2400016784668,32.970001220703125,32.97999954223633,8993,0.0,0.0,0.0
2022-09-30 12:30:00-04:00,33.029998779296875,33.08000183105469,33.029998779296875,33.040000915527344,7077,0.0,0.0,0.0
2022-09-30 13:30:00-04:00,32.869998931884766,32.869998931884766,32.83000183105469,32.83000183105469,933,0.0,0.0,0.0
2022-09-30 14:30:00-04:00,32.85559844970703,32.85559844970703,32.70000076293945,32.70000076293945,2088,0.0,0.0,0.0
2022-09-30 15:30:00-04:00,32.72439956665039,32.72439956665039,32.54999923706055,32.54999923706055,3448,0.0,0.0,0.0
2022-10-03 09:30:00-04:00,32.974998474121094,33.0099983215332,32.974998474121094,32.9900016784668,5472,0.0,0.0,0.0
2022-10-03 10:30:00-04:00,33.11009979248047,33.121498107910156,33.06999969482422,33.121498107910156,13376,0.0,0.0,0.0
2022-10-03 11:30:00-04:00,33.105098724365234,33.105098724365234,33.02000045776367,33.02830123901367,2207,0.0,0.0,0.0
2022-10-03 12:30:00-04:00,33.099998474121094,33.16999816894531,33.099998474121094,33.16999816894531,401,0.0,0.0,0.0
2022-10-03 13:30:00-04:00,33.16210174560547,33.218299865722656,33.16210174560547,33.218299865722656,1794,0.0,0.0,0.0
2022-10-03 14:30:00-04:00,33.42499923706055,33.42499923706055,33.40999984741211,33.40999984741211,716,0.0,0.0,0.0
2022-10-03 15:30:00-04:00,33.40829849243164,33.40829849243164,33.2599983215332,33.2599983215332,1763,0.0,0.0,0.0
2022-10-04 09:30:00-04:00,33.79999923706055,34.22999954223633,33.79999923706055,34.22999954223633,5148,0.0,0.0,0.0
2022-10-04 10:30:00-04:00,34.189998626708984,34.2599983215332,34.18000030517578,34.2599983215332,22837,0.0,0.0,0.0
2022-10-04 11:30:00-04:00,34.257198333740234,34.279998779296875,34.20000076293945,34.209999084472656,3216,0.0,0.0,0.0
2022-10-04 12:30:00-04:00,34.040000915527344,34.04999923706055,34.040000915527344,34.04999923706055,1405,0.0,0.0,0.0
2022-10-04 14:30:00-04:00,34.11000061035156,34.224998474121094,34.11000061035156,34.119998931884766,5875,0.0,0.0,0.0
2022-10-04 15:30:00-04:00,34.13999938964844,34.26499938964844,34.13209915161133,34.26499938964844,6492,0.0,0.0,0.0
2022-10-05 09:30:00-04:00,33.88999938964844,33.90999984741211,33.88999938964844,33.90999984741211,0,0.0,0.0,0.0
2022-10-05 10:30:00-04:00,33.672298431396484,33.77000045776367,33.6619987487793,33.7599983215332,2149,0.0,0.0,0.0
2022-10-05 11:30:00-04:00,33.779998779296875,33.98889923095703,33.779998779296875,33.95180130004883,3859,0.0,0.0,0.0
2022-10-05 12:30:00-04:00,34.21120071411133,34.21120071411133,34.21120071411133,34.21120071411133,584,0.0,0.0,0.0
2022-10-05 13:30:00-04:00,34.09769821166992,34.09769821166992,34.09769821166992,34.09769821166992,259,0.0,0.0,0.0
2022-10-05 14:30:00-04:00,34.189998626708984,34.325199127197266,34.184200286865234,34.325199127197266,1813,0.0,0.0,0.0
2022-10-05 15:30:00-04:00,34.2599983215332,34.2599983215332,34.130001068115234,34.130001068115234,2046,0.0,0.0,0.0
2022-10-06 10:30:00-04:00,34.06999969482422,34.06999969482422,34.06999969482422,34.06999969482422,957,0.0,0.0,0.0
2022-10-06 11:30:00-04:00,34.0005989074707,34.0005989074707,33.970001220703125,33.970001220703125,664,0.0,0.0,0.0
2022-10-06 12:30:00-04:00,34.0,34.0,34.0,34.0,687,0.0,0.0,0.0
2022-10-06 14:30:00-04:00,33.86000061035156,33.900001525878906,33.790000915527344,33.86000061035156,27853,0.0,0.0,0.0
2022-10-06 15:30:00-04:00,33.81999969482422,33.81999969482422,33.81999969482422,33.81999969482422,251,0.0,0.0,0.0
2022-10-07 09:30:00-04:00,33.349998474121094,33.349998474121094,33.16999816894531,33.16999816894531,0,0.0,0.0,0.0
2022-10-07 10:30:00-04:00,33.099998474121094,33.15999984741211,33.099998474121094,33.15999984741211,1142,0.0,0.0,0.0
2022-10-07 12:30:00-04:00,32.939998626708984,32.939998626708984,32.89799880981445,32.90999984741211,832,0.0,0.0,0.0
2022-10-07 13:30:00-04:00,32.93000030517578,32.93000030517578,32.81999969482422,32.81999969482422,13662,0.0,0.0,0.0
2022-10-07 14:30:00-04:00,32.810001373291016,32.86650085449219,32.779998779296875,32.86650085449219,3446,0.0,0.0,0.0
2022-10-07 15:30:00-04:00,32.689998626708984,32.86000061035156,32.689998626708984,32.849998474121094,3183,0.0,0.0,0.0
2022-10-10 09:30:00-04:00,32.95000076293945,32.95000076293945,32.95000076293945,32.95000076293945,0,0.0,0.0,0.0
2022-10-10 10:30:00-04:00,32.790000915527344,32.790000915527344,32.4900016784668,32.4900016784668,1399,0.0,0.0,0.0
2022-10-10 12:30:00-04:00,32.39500045776367,32.39500045776367,32.39500045776367,32.39500045776367,183,0.0,0.0,0.0
2022-10-10 14:30:00-04:00,32.709999084472656,32.709999084472656,32.709999084472656,32.709999084472656,158,0.0,0.0,0.0
2022-10-10 15:30:00-04:00,32.63140106201172,32.63140106201172,32.59619903564453,32.59619903564453,179,0.0,0.0,0.0
2022-10-11 09:30:00-04:00,32.459999084472656,32.459999084472656,32.25,32.2599983215332,3004,0.0,0.0,0.0
2022-10-11 10:30:00-04:00,32.44499969482422,32.54090118408203,32.44499969482422,32.54090118408203,1083,0.0,0.0,0.0
2022-10-11 11:30:00-04:00,32.56999969482422,32.70000076293945,32.56999969482422,32.5880012512207,879,0.0,0.0,0.0
2022-10-11 12:30:00-04:00,32.720001220703125,32.720001220703125,32.720001220703125,32.720001220703125,100,0.0,0.0,0.0
2022-10-11 13:30:00-04:00,32.70000076293945,32.7400016784668,32.685001373291016,32.7400016784668,767,0.0,0.0,0.0
2022-10-11 14:30:00-04:00,32.689998626708984,32.709999084472656,32.29499816894531,32.3489990234375,2008,0.0,0.0,0.0
2022-10-11 15:30:00-04:00,32.31999969482422,32.380001068115234,32.31999969482422,32.380001068115234,2106,0.0,0.0,0.0
2022-10-12 10:30:00-04:00,32.3650016784668,32.3650016784668,32.3650016784668,32.3650016784668,0,0.0,0.0,0.0
2022-10-12 11:30:00-04:00,32.470001220703125,32.470001220703125,32.470001220703125,32.470001220703125,862,0.0,0.0,0.0
2022-10-12 14:30:00-04:00,32.41999816894531,32.41999816894531,32.34550094604492,32.34550094604492,0,0.0,0.0,0.0
2022-10-13 09:30:00-04:00,31.65999984741211,31.65999984741211,31.559999465942383,31.559999465942383,1666,0.0,0.0,0.0
2022-10-13 10:30:00-04:00,32.06990051269531,32.68000030517578,32.0,32.68000030517578,59017,0.0,0.0,0.0
2022-10-13 11:30:00-04:00,32.65999984741211,32.9995002746582,32.65999984741211,32.809600830078125,5419,0.0,0.0,0.0
2022-10-13 12:30:00-04:00,32.75,33.05500030517578,32.75,33.05500030517578,7096,0.0,0.0,0.0
2022-10-13 13:30:00-04:00,33.09000015258789,33.09000015258789,33.04999923706055,33.04999923706055,1934,0.0,0.0,0.0
2022-10-13 14:30:00-04:00,33.040000915527344,33.29999923706055,33.040000915527344,33.29999923706055,11895,0.0,0.0,0.0
2022-10-13 15:30:00-04:00,33.16999816894531,33.16999816894531,33.09090042114258,33.119998931884766,923,0.0,0.0,0.0
2022-10-14 09:30:00-04:00,33.31999969482422,33.459999084472656,32.63999938964844,32.68000030517578,0,0.0,0.0,0.0
2022-10-14 10:30:00-04:00,32.744998931884766,32.86000061035156,32.599998474121094,32.7400016784668,5753,0.0,0.0,0.0
2022-10-14 11:30:00-04:00,32.709999084472656,32.709999084472656,32.47249984741211,32.5099983215332,7310,0.0,0.0,0.0
2022-10-14 12:30:00-04:00,32.525001525878906,32.61000061035156,32.43000030517578,32.470001220703125,6089,0.0,0.0,0.0
2022-10-14 13:30:00-04:00,32.5099983215332,32.54999923706055,32.36000061035156,32.41999816894531,4299,0.0,0.0,0.0
2022-10-14 14:30:00-04:00,32.369998931884766,32.470001220703125,32.31999969482422,32.439998626708984,5843,0.0,0.0,0.0
2022-10-14 15:30:00-04:00,32.40999984741211,32.459999084472656,32.279998779296875,32.31999969482422,8002,0.0,0.0,0.0
2022-10-17 09:30:00-04:00,33.16999816894531,33.27000045776367,33.16999816894531,33.27000045776367,0,0.0,0.0,0.0
2022-10-17 10:30:00-04:00,33.15999984741211,33.20000076293945,33.04999923706055,33.15999984741211,3447,0.0,0.0,0.0
2022-10-17 11:30:00-04:00,33.22999954223633,33.22999954223633,33.189998626708984,33.189998626708984,937,0.0,0.0,0.0
2022-10-17 12:30:00-04:00,33.22999954223633,33.22999954223633,33.16999816894531,33.198001861572266,824,0.0,0.0,0.0
2022-10-17 13:30:00-04:00,33.22999954223633,33.22999954223633,33.222900390625,33.222900390625,444,0.0,0.0,0.0
2022-10-17 14:30:00-04:00,33.209999084472656,33.209999084472656,33.209999084472656,33.209999084472656,2000,0.0,0.0,0.0
2022-10-17 15:30:00-04:00,33.189998626708984,33.2400016784668,33.18000030517578,33.18000030517578,0,0.0,0.0,0.0
2022-10-18 09:30:00-04:00,33.747100830078125,33.747100830078125,33.660099029541016,33.660099029541016,1829,0.0,0.0,0.0
2022-10-18 10:30:00-04:00,33.6078987121582,33.6078987121582,33.33100128173828,33.33100128173828,1751,0.0,0.0,0.0
2022-10-18 12:30:00-04:00,33.43050003051758,33.43050003051758,33.43050003051758,33.43050003051758,902,0.0,0.0,0.0
2022-10-18 13:30:00-04:00,33.56990051269531,33.61000061035156,33.54999923706055,33.564998626708984,3892,0.0,0.0,0.0
2022-10-18 14:30:00-04:00,33.470001220703125,33.470001220703125,33.470001220703125,33.470001220703125,322,0.0,0.0,0.0
2022-10-18 15:30:00-04:00,33.47999954223633,33.47999954223633,33.46839904785156,33.46839904785156,206,0.0,0.0,0.0
2022-10-19 09:30:00-04:00,33.380001068115234,33.451499938964844,33.380001068115234,33.451499938964844,0,0.0,0.0,0.0
2022-10-19 10:30:00-04:00,33.33000183105469,33.43000030517578,33.33000183105469,33.43000030517578,1345,0.0,0.0,0.0
2022-10-19 11:30:00-04:00,33.36180114746094,33.400001525878906,33.33000183105469,33.400001525878906,889,0.0,0.0,0.0
2022-10-19 12:30:00-04:00,33.11520004272461,33.11520004272461,33.02050018310547,33.03950119018555,20731,0.0,0.0,0.0
2022-10-19 13:30:00-04:00,33.15909957885742,33.20000076293945,33.15909957885742,33.20000076293945,1027,0.0,0.0,0.0
2022-10-19 14:30:00-04:00,33.189998626708984,33.189998626708984,33.11000061035156,33.15999984741211,1673,0.0,0.0,0.0
2022-10-19 15:30:00-04:00,33.14500045776367,33.22999954223633,33.14500045776367,33.22999954223633,2107,0.0,0.0,0.0
2022-10-20 09:30:00-04:00,33.09000015258789,33.400001525878906,33.09000015258789,33.400001525878906,0,0.0,0.0,0.0
2022-10-20 10:30:00-04:00,33.42499923706055,33.5,33.31999969482422,33.33000183105469,2880,0.0,0.0,0.0
2022-10-20 11:30:00-04:00,33.400001525878906,33.400001525878906,33.18000030517578,33.20000076293945,10584,0.0,0.0,0.0
2022-10-20 12:30:00-04:00,33.05059814453125,33.05059814453125,33.05059814453125,33.05059814453125,273,0.0,0.0,0.0
2022-10-20 13:30:00-04:00,32.829898834228516,32.829898834228516,32.829898834228516,32.829898834228516,399,0.0,0.0,0.0
2022-10-20 14:30:00-04:00,32.88999938964844,32.91899871826172,32.84000015258789,32.91899871826172,16045,0.0,0.0,0.0
2022-10-21 09:30:00-04:00,32.810001373291016,32.839900970458984,32.810001373291016,32.839900970458984,0,0.0,0.0,0.0
2022-10-21 10:30:00-04:00,32.96500015258789,32.96500015258789,32.84000015258789,32.95500183105469,1595,0.0,0.0,0.0
2022-10-21 11:30:00-04:00,33.1349983215332,33.22999954223633,33.1349983215332,33.22999954223633,475,0.0,0.0,0.0
2022-10-21 13:30:00-04:00,33.39469909667969,33.529998779296875,33.3849983215332,33.435001373291016,1156,0.0,0.0,0.0
2022-10-21 14:30:00-04:00,33.46500015258789,33.512001037597656,33.4474983215332,33.512001037597656,1509,0.0,0.0,0.0
2022-10-21 15:30:00-04:00,33.619998931884766,33.619998931884766,33.619998931884766,33.619998931884766,174,0.0,0.0,0.0
2022-10-24 09:30:00-04:00,33.75,33.95000076293945,33.63199996948242,33.63199996948242,0,0.0,0.0,0.0
2022-10-24 10:30:00-04:00,33.63999938964844,33.7400016784668,33.63999938964844,33.69499969482422,1107,0.0,0.0,0.0
2022-10-24 11:30:00-04:00,33.970001220703125,33.970001220703125,33.970001220703125,33.970001220703125,877,0.0,0.0,0.0
2022-10-24 13:30:00-04:00,33.90999984741211,33.970001220703125,33.88999938964844,33.970001220703125,6297,0.0,0.0,0.0
2022-10-24 14:30:00-04:00,34.0099983215332,34.11000061035156,34.00979995727539,34.03120040893555,5299,0.0,0.0,0.0
2022-10-25 09:30:00-04:00,34.040000915527344,34.40999984741211,34.040000915527344,34.40999984741211,0,0.0,0.0,0.0
2022-10-25 10:30:00-04:00,34.45989990234375,34.52000045776367,34.41350173950195,34.52000045776367,3177,0.0,0.0,0.0
2022-10-25 11:30:00-04:00,34.560001373291016,34.560001373291016,34.540000915527344,34.540000915527344,2040,0.0,0.0,0.0
2022-10-25 12:30:00-04:00,34.529998779296875,34.529998779296875,34.5099983215332,34.5099983215332,1137,0.0,0.0,0.0
2022-10-25 13:30:00-04:00,34.540000915527344,34.58000183105469,34.49620056152344,34.58000183105469,1578,0.0,0.0,0.0
2022-10-25 14:30:00-04:00,34.58000183105469,34.66999816894531,34.58000183105469,34.66999816894531,4108,0.0,0.0,0.0
2022-10-25 15:30:00-04:00,34.68000030517578,34.70000076293945,34.67919921875,34.67919921875,379,0.0,0.0,0.0
2022-10-26 09:30:00-04:00,34.20000076293945,34.5099983215332,34.20000076293945,34.5099983215332,105994,0.0,0.0,0.0
2022-10-26 10:30:00-04:00,34.619998931884766,34.70000076293945,34.619998931884766,34.68899917602539,1030,0.0,0.0,0.0
2022-10-26 11:30:00-04:00,34.79999923706055,34.79999923706055,34.75,34.75,4157,0.0,0.0,0.0
2022-10-26 12:30:00-04:00,34.5,34.5,34.5,34.5,651,0.0,0.0,0.0
2022-10-26 13:30:00-04:00,34.4900016784668,34.5099983215332,34.439998626708984,34.439998626708984,816,0.0,0.0,0.0
2022-10-26 14:30:00-04:00,34.45000076293945,34.45000076293945,34.32500076293945,34.34000015258789,16295,0.0,0.0,0.0
2022-10-26 15:30:00-04:00,34.35499954223633,34.35499954223633,34.32809829711914,34.32809829711914,2086,0.0,0.0,0.0
2022-10-27 09:30:00-04:00,34.5099983215332,34.625,34.314998626708984,34.619998931884766,0,0.0,0.0,0.0
2022-10-27 10:30:00-04:00,34.665000915527344,34.665000915527344,34.42499923706055,34.46500015258789,2272,0.0,0.0,0.0
2022-10-27 11:30:00-04:00,34.470001220703125,34.470001220703125,34.33000183105469,34.345001220703125,2231,0.0,0.0,0.0
2022-10-27 12:30:00-04:00,34.33169937133789,34.46500015258789,34.33169937133789,34.41999816894531,2982,0.0,0.0,0.0
2022-10-27 13:30:00-04:00,34.404998779296875,34.40999984741211,34.310001373291016,34.345001220703125,2489,0.0,0.0,0.0
2022-10-27 14:30:00-04:00,34.34270095825195,34.346900939941406,34.2599983215332,34.334999084472656,5248,0.0,0.0,0.0
2022-10-27 15:30:00-04:00,34.38999938964844,34.38999938964844,34.25,34.2599983215332,1493,0.0,0.0,0.0
2022-10-28 09:30:00-04:00,34.57500076293945,34.57500076293945,34.57500076293945,34.57500076293945,0,0.0,0.0,0.0
2022-10-28 10:30:00-04:00,34.83000183105469,34.83000183105469,34.814998626708984,34.814998626708984,1672,0.0,0.0,0.0
2022-10-28 11:30:00-04:00,34.96009826660156,34.96009826660156,34.96009826660156,34.96009826660156,409,0.0,0.0,0.0
2022-10-28 12:30:00-04:00,34.98149871826172,34.9900016784668,34.98149871826172,34.9900016784668,1344,0.0,0.0,0.0
2022-10-28 13:30:00-04:00,35.0099983215332,35.0099983215332,34.98500061035156,34.98500061035156,4317,0.0,0.0,0.0
2022-10-28 14:30:00-04:00,35.040000915527344,35.150001525878906,35.040000915527344,35.150001525878906,854,0.0,0.0,0.0
2022-10-28 15:30:00-04:00,35.17770004272461,35.17770004272461,35.15999984741211,35.16939926147461,480,0.0,0.0,0.0
2022-10-31 09:30:00-04:00,34.93000030517578,34.93000030517578,34.869998931884766,34.872501373291016,0,0.0,0.0,0.0
2022-10-31 10:30:00-04:00,34.92399978637695,35.0099983215332,34.88999938964844,35.0099983215332,1897,0.0,0.0,0.0
2022-10-31 11:30:00-04:00,35.060001373291016,35.08000183105469,35.0,35.0099983215332,2288,0.0,0.0,0.0
2022-10-31 12:30:00-04:00,34.95000076293945,34.95000076293945,34.91999816894531,34.91999816894531,413,0.0,0.0,0.0
2022-10-31 14:30:00-04:00,34.91999816894531,34.91999816894531,34.86000061035156,34.86000061035156,358,0.0,0.0,0.0
2022-11-01 09:30:00-04:00,35.25,35.25,34.81999969482422,34.83000183105469,818514,0.0,0.0,0.0
2022-11-01 10:30:00-04:00,34.81999969482422,34.81999969482422,34.709999084472656,34.709999084472656,1233,0.0,0.0,0.0
2022-11-01 11:30:00-04:00,34.77000045776367,34.880001068115234,34.720001220703125,34.779998779296875,1006,0.0,0.0,0.0
2022-11-01 12:30:00-04:00,34.7598991394043,34.83000183105469,34.72999954223633,34.81999969482422,3550,0.0,0.0,0.0
2022-11-01 13:30:00-04:00,34.79999923706055,34.81999969482422,34.75,34.79999923706055,2081,0.0,0.0,0.0
2022-11-01 14:30:00-04:00,34.81999969482422,34.849998474121094,34.75,34.81999969482422,5608,0.0,0.0,0.0
2022-11-01 15:30:00-04:00,34.779998779296875,34.790000915527344,34.779998779296875,34.790000915527344,417,0.0,0.0,0.0
2022-11-02 09:30:00-04:00,34.6072998046875,34.6072998046875,34.56050109863281,34.56050109863281,0,0.0,0.0,0.0
2022-11-02 10:30:00-04:00,34.61000061035156,34.61000061035156,34.61000061035156,34.61000061035156,620,0.0,0.0,0.0
2022-11-02 11:30:00-04:00,34.560001373291016,34.560001373291016,34.560001373291016,34.560001373291016,405,0.0,0.0,0.0
2022-11-02 12:30:00-04:00,34.54999923706055,34.54999923706055,34.52220153808594,34.52220153808594,1073,0.0,0.0,0.0
2022-11-02 13:30:00-04:00,34.66999816894531,34.95000076293945,34.59000015258789,34.95000076293945,585,0.0,0.0,0.0
2022-11-02 14:30:00-04:00,35.0,35.0,33.900901794433594,33.900901794433594,3004,0.0,0.0,0.0
2022-11-03 09:30:00-04:00,33.380001068115234,33.380001068115234,33.380001068115234,33.380001068115234,0,0.0,0.0,0.0
2022-11-03 10:30:00-04:00,33.73500061035156,33.73500061035156,33.73500061035156,33.73500061035156,2187,0.0,0.0,0.0
2022-11-03 11:30:00-04:00,33.64500045776367,33.650001525878906,33.64500045776367,33.650001525878906,678,0.0,0.0,0.0
2022-11-03 13:30:00-04:00,33.650001525878906,33.650001525878906,33.644500732421875,33.644500732421875,4245,0.0,0.0,0.0
2022-11-03 14:30:00-04:00,33.709999084472656,33.709999084472656,33.709999084472656,33.709999084472656,408,0.0,0.0,0.0
2022-11-03 15:30:00-04:00,33.720001220703125,33.720001220703125,33.5099983215332,33.5099983215332,15683,0.0,0.0,0.0
2022-11-04 09:30:00-04:00,33.939998626708984,34.189998626708984,33.7400016784668,34.189998626708984,0,0.0,0.0,0.0
2022-11-04 10:30:00-04:00,34.209999084472656,34.209999084472656,34.08399963378906,34.08399963378906,1091,0.0,0.0,0.0
2022-11-04 11:30:00-04:00,33.91999816894531,33.91999816894531,33.630001068115234,33.7400016784668,4697,0.0,0.0,0.0
2022-11-04 13:30:00-04:00,33.59000015258789,33.650001525878906,33.59000015258789,33.59000015258789,3439,0.0,0.0,0.0
2022-11-04 14:30:00-04:00,33.91999816894531,33.91999816894531,33.86899948120117,33.86899948120117,1154,0.0,0.0,0.0
2022-11-04 15:30:00-04:00,33.98030090332031,34.008201599121094,33.98030090332031,34.008201599121094,819,0.0,0.0,0.0
2022-11-07 09:30:00-05:00,34.20000076293945,34.20989990234375,34.099998474121094,34.17829895019531,0,0.0,0.0,0.0
2022-11-07 10:30:00-05:00,34.1349983215332,34.220001220703125,34.1349983215332,34.209999084472656,2342,0.0,0.0,0.0
2022-11-07 11:30:00-05:00,34.11000061035156,34.15999984741211,34.097599029541016,34.15999984741211,703,0.0,0.0,0.0
2022-11-07 12:30:00-05:00,34.15999984741211,34.15999984741211,34.15169906616211,34.15169906616211,1051,0.0,0.0,0.0
2022-11-07 13:30:00-05:00,34.429901123046875,34.429901123046875,34.429901123046875,34.429901123046875,124,0.0,0.0,0.0
2022-11-07 14:30:00-05:00,34.43159866333008,34.43159866333008,34.427398681640625,34.427398681640625,724,0.0,0.0,0.0
2022-11-07 15:30:00-05:00,34.45000076293945,34.45000076293945,34.45000076293945,34.45000076293945,102,0.0,0.0,0.0
2022-11-08 09:30:00-05:00,34.4900016784668,34.689998626708984,34.45000076293945,34.65999984741211,207992,0.0,0.0,0.0
2022-11-08 10:30:00-05:00,34.65999984741211,34.81999969482422,34.65999984741211,34.81999969482422,1949,0.0,0.0,0.0
2022-11-08 11:30:00-05:00,34.90999984741211,34.90999984741211,34.849998474121094,34.86000061035156,1936,0.0,0.0,0.0
2022-11-08 12:30:00-05:00,34.849998474121094,34.900001525878906,34.709999084472656,34.709999084472656,2139,0.0,0.0,0.0
2022-11-08 13:30:00-05:00,34.685001373291016,34.685001373291016,34.52000045776367,34.52000045776367,920,0.0,0.0,0.0
2022-11-08 14:30:00-05:00,34.560001373291016,34.65999984741211,34.560001373291016,34.650001525878906,2174,0.0,0.0,0.0
2022-11-08 15:30:00-05:00,34.63999938964844,34.63999938964844,34.63999938964844,34.63999938964844,351,0.0,0.0,0.0
2022-11-09 09:30:00-05:00,34.47999954223633,34.540000915527344,34.43000030517578,34.43000030517578,0,0.0,0.0,0.0
2022-11-09 10:30:00-05:00,34.45000076293945,34.45000076293945,34.27000045776367,34.40999984741211,5338,0.0,0.0,0.0
2022-11-09 11:30:00-05:00,34.36000061035156,34.36000061035156,34.33000183105469,34.33000183105469,440,0.0,0.0,0.0
2022-11-09 12:30:00-05:00,34.31999969482422,34.36000061035156,34.2400016784668,34.2400016784668,2351,0.0,0.0,0.0
2022-11-09 13:30:00-05:00,34.099998474121094,34.15999984741211,34.099998474121094,34.150001525878906,5628,0.0,0.0,0.0
2022-11-09 14:30:00-05:00,34.099998474121094,34.119998931884766,34.0,34.08000183105469,1956,0.0,0.0,0.0
2022-11-09 15:30:00-05:00,34.0099983215332,34.0099983215332,33.93000030517578,33.939998626708984,3024,0.0,0.0,0.0
2022-11-10 09:30:00-05:00,35.209999084472656,35.279998779296875,35.209999084472656,35.279998779296875,0,0.0,0.0,0.0
2022-11-10 10:30:00-05:00,35.290000915527344,35.40999984741211,35.290000915527344,35.404998779296875,3817,0.0,0.0,0.0
2022-11-10 11:30:00-05:00,35.50360107421875,35.50360107421875,35.50360107421875,35.50360107421875,439,0.0,0.0,0.0
2022-11-10 12:30:00-05:00,35.38999938964844,35.38999938964844,35.38999938964844,35.38999938964844,839,0.0,0.0,0.0
2022-11-10 13:30:00-05:00,35.5099983215332,35.52000045776367,35.505001068115234,35.505001068115234,657,0.0,0.0,0.0
2022-11-10 14:30:00-05:00,35.58000183105469,35.75,35.58000183105469,35.75,11439,0.0,0.0,0.0
2022-11-10 15:30:00-05:00,35.7599983215332,35.849998474121094,35.7400016784668,35.849998474121094,640,0.0,0.0,0.0
2022-11-11 09:30:00-05:00,35.91999816894531,36.060001373291016,35.869998931884766,36.060001373291016,17138,0.0,0.0,0.0
2022-11-11 10:30:00-05:00,36.060001373291016,36.060001373291016,36.04499816894531,36.04999923706055,3839,0.0,0.0,0.0
2022-11-11 11:30:00-05:00,35.88999938964844,35.88999938964844,35.88999938964844,35.88999938964844,247,0.0,0.0,0.0
2022-11-11 12:30:00-05:00,35.95000076293945,36.02410125732422,35.90999984741211,36.02410125732422,1014,0.0,0.0,0.0
2022-11-11 13:30:00-05:00,36.089500427246094,36.089500427246094,36.089500427246094,36.089500427246094,921,0.0,0.0,0.0
2022-11-11 14:30:00-05:00,36.20100021362305,36.20100021362305,36.20100021362305,36.20100021362305,475,0.0,0.0,0.0
2022-11-11 15:30:00-05:00,36.2400016784668,36.2400016784668,36.15999984741211,36.16999816894531,1551,0.0,0.0,0.0
2022-11-14 09:30:00-05:00,36.119998931884766,36.15999984741211,36.11000061035156,36.11000061035156,79414,0.0,0.0,0.0
2022-11-14 10:30:00-05:00,36.11989974975586,36.11989974975586,36.060001373291016,36.060001373291016,5745,0.0,0.0,0.0
2022-11-14 11:30:00-05:00,35.95000076293945,36.01900100708008,35.95000076293945,36.01900100708008,654,0.0,0.0,0.0
2022-11-14 12:30:00-05:00,36.18000030517578,36.25,36.16999816894531,36.2400016784668,717,0.0,0.0,0.0
2022-11-14 13:30:00-05:00,36.279998779296875,36.279998779296875,36.2400016784668,36.2400016784668,783,0.0,0.0,0.0
2022-11-14 14:30:00-05:00,36.16999816894531,36.16999816894531,36.06999969482422,36.099998474121094,404,0.0,0.0,0.0
2022-11-14 15:30:00-05:00,36.06999969482422,36.06999969482422,36.06999969482422,36.06999969482422,402,0.0,0.0,0.0
2022-11-15 09:30:00-05:00,36.344398498535156,36.43000030517578,36.290000915527344,36.400001525878906,5478,0.0,0.0,0.0
2022-11-15 10:30:00-05:00,36.38999938964844,36.38999938964844,36.229000091552734,36.229000091552734,2669,0.0,0.0,0.0
2022-11-15 11:30:00-05:00,36.40999984741211,36.40999984741211,36.36000061035156,36.36000061035156,223,0.0,0.0,0.0
2022-11-15 12:30:00-05:00,36.33000183105469,36.33000183105469,36.20000076293945,36.20000076293945,3030,0.0,0.0,0.0
2022-11-15 14:30:00-05:00,36.07099914550781,36.227500915527344,36.06010055541992,36.209999084472656,33598,0.0,0.0,0.0
2022-11-15 15:30:00-05:00,36.13999938964844,36.16999816894531,36.099998474121094,36.16999816894531,1874,0.0,0.0,0.0
2022-11-16 09:30:00-05:00,35.9900016784668,36.040000915527344,35.95000076293945,35.97999954223633,0,0.0,0.0,0.0
2022-11-16 10:30:00-05:00,36.03010177612305,36.03010177612305,35.939998626708984,36.029998779296875,42111,0.0,0.0,0.0
2022-11-16 11:30:00-05:00,36.0,36.029998779296875,35.96149826049805,35.970001220703125,4266,0.0,0.0,0.0
2022-11-16 12:30:00-05:00,36.013999938964844,36.09000015258789,36.013999938964844,36.029998779296875,1830,0.0,0.0,0.0
2022-11-16 13:30:00-05:00,35.95000076293945,35.95000076293945,35.93000030517578,35.93000030517578,511,0.0,0.0,0.0
2022-11-16 14:30:00-05:00,35.900001525878906,35.970001220703125,35.880001068115234,35.880001068115234,1529,0.0,0.0,0.0
2022-11-16 15:30:00-05:00,35.959999084472656,35.959999084472656,35.900001525878906,35.900001525878906,1155,0.0,0.0,0.0
2022-11-17 09:30:00-05:00,35.560001373291016,35.560001373291016,35.54999923706055,35.54999923706055,0,0.0,0.0,0.0
2022-11-17 10:30:00-05:00,35.494998931884766,35.494998931884766,35.494998931884766,35.494998931884766,1281,0.0,0.0,0.0
2022-11-17 11:30:00-05:00,35.529998779296875,35.709999084472656,35.529998779296875,35.709999084472656,815,0.0,0.0,0.0
2022-11-17 12:30:00-05:00,35.709999084472656,35.779998779296875,35.66999816894531,35.7599983215332,881,0.0,0.0,0.0
2022-11-17 13:30:00-05:00,35.74480056762695,35.74480056762695,35.74480056762695,35.74480056762695,840,0.0,0.0,0.0
2022-11-17 14:30:00-05:00,35.68000030517578,35.689998626708984,35.66999816894531,35.689998626708984,1027,0.0,0.0,0.0
2022-11-17 15:30:00-05:00,35.599998474121094,35.7599983215332,35.599998474121094,35.7599983215332,1465,0.0,0.0,0.0
2022-11-18 09:30:00-05:00,35.97999954223633,35.97999954223633,35.97999954223633,35.97999954223633,0,0.0,0.0,0.0
2022-11-18 10:30:00-05:00,35.75,35.752498626708984,35.75,35.752498626708984,505,0.0,0.0,0.0
2022-11-18 11:30:00-05:00,35.790000915527344,35.790000915527344,35.790000915527344,35.790000915527344,584,0.0,0.0,0.0
2022-11-18 13:30:00-05:00,35.70000076293945,35.7400016784668,35.65999984741211,35.72999954223633,59527,0.0,0.0,0.0
2022-11-18 14:30:00-05:00,35.779998779296875,35.86000061035156,35.779998779296875,35.86000061035156,58692,0.0,0.0,0.0
2022-11-18 15:30:00-05:00,35.880001068115234,35.939998626708984,35.880001068115234,35.939998626708984,888,0.0,0.0,0.0
2022-11-21 09:30:00-05:00,35.86000061035156,35.93000030517578,35.81999969482422,35.83000183105469,0,0.0,0.0,0.0
2022-11-21 10:30:00-05:00,35.84000015258789,35.86000061035156,35.790000915527344,35.84000015258789,14491,0.0,0.0,0.0
2022-11-21 11:30:00-05:00,35.81999969482422,35.84000015258789,35.7400016784668,35.78369903564453,9677,0.0,0.0,0.0
2022-11-21 12:30:00-05:00,35.790000915527344,35.861900329589844,35.790000915527344,35.86009979248047,5428,0.0,0.0,0.0
2022-11-21 13:30:00-05:00,35.875,35.91999816894531,35.86000061035156,35.86000061035156,38514,0.0,0.0,0.0
2022-11-21 14:30:00-05:00,35.862701416015625,35.869998931884766,35.84000015258789,35.84000015258789,2126,0.0,0.0,0.0
2022-11-21 15:30:00-05:00,35.834999084472656,35.849998474121094,35.834999084472656,35.849998474121094,776,0.0,0.0,0.0
2022-11-22 09:30:00-05:00,36.0,36.04100036621094,35.95000076293945,36.04100036621094,0,0.0,0.0,0.0
2022-11-22 10:30:00-05:00,36.06999969482422,36.119998931884766,35.970001220703125,36.099998474121094,34124,0.0,0.0,0.0
2022-11-22 11:30:00-05:00,36.08000183105469,36.11000061035156,36.060001373291016,36.08000183105469,7981,0.0,0.0,0.0
2022-11-22 12:30:00-05:00,36.09000015258789,36.18000030517578,36.09000015258789,36.18000030517578,2139,0.0,0.0,0.0
2022-11-22 13:30:00-05:00,36.18000030517578,36.20000076293945,36.16999816894531,36.16999816894531,1805,0.0,0.0,0.0
2022-11-22 14:30:00-05:00,36.189998626708984,36.27000045776367,36.189998626708984,36.27000045776367,4029,0.0,0.0,0.0
2022-11-22 15:30:00-05:00,36.279998779296875,36.34000015258789,36.279998779296875,36.34000015258789,622,0.0,0.0,0.0
2022-11-23 09:30:00-05:00,36.380001068115234,36.52000045776367,36.349998474121094,36.52000045776367,0,0.0,0.0,0.0
2022-11-23 10:30:00-05:00,36.61000061035156,36.61000061035156,36.57500076293945,36.57500076293945,1011,0.0,0.0,0.0
2022-11-23 12:30:00-05:00,36.44839859008789,36.459999084472656,36.40999984741211,36.40999984741211,1066,0.0,0.0,0.0
2022-11-23 13:30:00-05:00,36.491600036621094,36.630001068115234,36.491600036621094,36.619998931884766,4210,0.0,0.0,0.0
2022-11-23 14:30:00-05:00,36.570098876953125,36.65999984741211,36.54999923706055,36.65999984741211,3594,0.0,0.0,0.0
2022-11-23 15:30:00-05:00,36.599998474121094,36.599998474121094,36.58259963989258,36.58259963989258,4074,0.0,0.0,0.0
2022-11-25 09:30:00-05:00,36.606300354003906,36.68000030517578,36.606300354003906,36.66669845581055,0,0.0,0.0,0.0
2022-11-28 09:30:00-05:00,36.40999984741211,36.499900817871094,36.3849983215332,36.40629959106445,3407,0.0,0.0,0.0
2022-11-28 10:30:00-05:00,36.349998474121094,36.35499954223633,36.34000015258789,36.35329818725586,3535,0.0,0.0,0.0
2022-11-28 12:30:00-05:00,36.220001220703125,36.220001220703125,36.220001220703125,36.220001220703125,117,0.0,0.0,0.0
2022-11-28 13:30:00-05:00,36.222999572753906,36.224998474121094,36.222999572753906,36.224998474121094,377,0.0,0.0,0.0
2022-11-28 14:30:00-05:00,36.099998474121094,36.130001068115234,36.040000915527344,36.040000915527344,3683,0.0,0.0,0.0
2022-11-28 15:30:00-05:00,36.03499984741211,36.119998931884766,36.03499984741211,36.119998931884766,614,0.0,0.0,0.0
2022-11-29 09:30:00-05:00,36.04999923706055,36.11000061035156,36.01499938964844,36.11000061035156,41605,0.0,0.0,0.0
2022-11-29 10:30:00-05:00,36.13999938964844,36.15999984741211,35.92499923706055,35.92499923706055,2643,0.0,0.0,0.0
2022-11-29 11:30:00-05:00,35.904998779296875,35.92499923706055,35.904998779296875,35.92499923706055,434,0.0,0.0,0.0
2022-11-29 12:30:00-05:00,36.02000045776367,36.02000045776367,36.02000045776367,36.02000045776367,264,0.0,0.0,0.0
2022-11-29 13:30:00-05:00,35.970001220703125,36.08000183105469,35.970001220703125,36.0099983215332,1448,0.0,0.0,0.0
2022-11-29 14:30:00-05:00,36.0,36.02000045776367,35.97999954223633,35.97999954223633,2803,0.0,0.0,0.0
2022-11-29 15:30:00-05:00,36.029998779296875,36.040000915527344,35.9900016784668,36.040000915527344,30611,0.0,0.0,0.0
2022-11-30 09:30:00-05:00,36.04999923706055,36.04999923706055,35.94499969482422,35.94499969482422,0,0.0,0.0,0.0
2022-11-30 10:30:00-05:00,36.0099983215332,36.0099983215332,35.95000076293945,36.0099983215332,3530,0.0,0.0,0.0
2022-11-30 11:30:00-05:00,36.064998626708984,36.064998626708984,36.064998626708984,36.064998626708984,600,0.0,0.0,0.0
2022-11-30 12:30:00-05:00,36.03499984741211,36.03499984741211,36.03499984741211,36.03499984741211,630,0.0,0.0,0.0
2022-11-30 13:30:00-05:00,36.0099983215332,36.25,36.0099983215332,36.15999984741211,1578,0.0,0.0,0.0
2022-11-30 14:30:00-05:00,36.755699157714844,36.970001220703125,36.755699157714844,36.970001220703125,1073,0.0,0.0,0.0
2022-11-30 15:30:00-05:00,37.08000183105469,37.2400016784668,37.02009963989258,37.2400016784668,3685,0.0,0.0,0.0
2022-12-01 09:30:00-05:00,37.36000061035156,37.36000061035156,37.04999923706055,37.04999923706055,0,0.0,0.0,0.0
2022-12-01 10:30:00-05:00,36.994998931884766,37.209999084472656,36.994998931884766,37.209999084472656,811,0.0,0.0,0.0
2022-12-01 11:30:00-05:00,37.20000076293945,37.20000076293945,37.13999938964844,37.13999938964844,2205,0.0,0.0,0.0
2022-12-01 12:30:00-05:00,37.3140983581543,37.3140983581543,37.3140983581543,37.3140983581543,340,0.0,0.0,0.0
2022-12-01 14:30:00-05:00,37.295501708984375,37.34000015258789,37.2599983215332,37.2599983215332,1650,0.0,0.0,0.0
2022-12-02 13:30:00-05:00,37.11709976196289,37.11709976196289,37.11709976196289,37.11709976196289,0,0.0,0.0,0.0
2022-12-05 10:30:00-05:00,36.81919860839844,36.88999938964844,36.81919860839844,36.88999938964844,511,0.0,0.0,0.0
2022-12-05 11:30:00-05:00,36.77980041503906,36.77980041503906,36.77980041503906,36.77980041503906,99978,0.0,0.0,0.0
2022-12-05 12:30:00-05:00,36.599998474121094,36.599998474121094,36.599998474121094,36.599998474121094,165,0.0,0.0,0.0
2022-12-05 13:30:00-05:00,36.584999084472656,36.584999084472656,36.5,36.5,1814,0.0,0.0,0.0
2022-12-05 14:30:00-05:00,36.45000076293945,36.4833984375,36.45000076293945,36.470001220703125,2905,0.0,0.0,0.0
2022-12-05 15:30:00-05:00,36.54999923706055,36.54999923706055,36.529998779296875,36.540000915527344,1700,0.0,0.0,0.0
2022-12-06 09:30:00-05:00,36.52560043334961,36.52560043334961,36.23500061035156,36.23500061035156,0,0.0,0.0,0.0
2022-12-06 10:30:00-05:00,36.25,36.25,36.119998931884766,36.119998931884766,724,0.0,0.0,0.0
2022-12-06 11:30:00-05:00,36.20000076293945,36.209999084472656,36.130001068115234,36.130001068115234,3151,0.0,0.0,0.0
2022-12-06 12:30:00-05:00,36.09000015258789,36.09000015258789,36.07500076293945,36.07500076293945,1218,0.0,0.0,0.0
2022-12-06 14:30:00-05:00,35.904998779296875,35.9900016784668,35.904998779296875,35.952999114990234,1653,0.0,0.0,0.0
2022-12-06 15:30:00-05:00,35.97999954223633,36.084999084472656,35.96500015258789,36.06999969482422,2183,0.0,0.0,0.0
2022-12-07 09:30:00-05:00,35.93000030517578,36.18000030517578,35.880001068115234,36.060001373291016,107104,0.0,0.0,0.0
2022-12-07 10:30:00-05:00,36.183998107910156,36.183998107910156,36.183998107910156,36.183998107910156,1462,0.0,0.0,0.0
2022-12-07 11:30:00-05:00,36.0099983215332,36.018001556396484,36.00270080566406,36.018001556396484,1580,0.0,0.0,0.0
2022-12-07 12:30:00-05:00,36.06999969482422,36.138999938964844,36.04999923706055,36.138999938964844,2407,0.0,0.0,0.0
2022-12-07 13:30:00-05:00,36.059898376464844,36.059898376464844,35.999000549316406,35.999000549316406,2691,0.0,0.0,0.0
2022-12-07 14:30:00-05:00,36.029998779296875,36.029998779296875,35.91999816894531,35.939998626708984,1203,0.0,0.0,0.0
2022-12-07 15:30:00-05:00,35.980098724365234,36.03499984741211,35.97999954223633,36.02000045776367,2439,0.0,0.0,0.0
2022-12-08 09:30:00-05:00,36.08000183105469,36.16999816894531,36.06999969482422,36.16999816894531,0,0.0,0.0,0.0
2022-12-08 10:30:00-05:00,36.30500030517578,36.30500030517578,36.30500030517578,36.30500030517578,1134,0.0,0.0,0.0
2022-12-08 11:30:00-05:00,36.2599983215332,36.2599983215332,36.209999084472656,36.249000549316406,29842,0.0,0.0,0.0
2022-12-08 12:30:00-05:00,36.22990036010742,36.22990036010742,36.22990036010742,36.22990036010742,270,0.0,0.0,0.0
2022-12-08 13:30:00-05:00,36.20000076293945,36.209999084472656,36.20000076293945,36.209999084472656,546,0.0,0.0,0.0
2022-12-08 14:30:00-05:00,36.20880126953125,36.25199890136719,36.20880126953125,36.25199890136719,3084,0.0,0.0,0.0
2022-12-08 15:30:00-05:00,36.209999084472656,36.27000045776367,36.20000076293945,36.2599983215332,730,0.0,0.0,0.0
2022-12-09 09:30:00-05:00,36.189998626708984,36.27000045776367,36.189998626708984,36.2400016784668,3412,0.0,0.0,0.0
2022-12-09 10:30:00-05:00,36.30160140991211,36.30160140991211,36.2599983215332,36.2599983215332,614,0.0,0.0,0.0
2022-12-09 11:30:00-05:00,36.29999923706055,36.310001373291016,36.27000045776367,36.27000045776367,1643,0.0,0.0,0.0
2022-12-09 12:30:00-05:00,36.29999923706055,36.29999923706055,36.29999923706055,36.29999923706055,210,0.0,0.0,0.0
2022-12-09 14:30:00-05:00,36.22999954223633,36.2400016784668,36.21099853515625,36.2400016784668,2351,0.0,0.0,0.0
2022-12-09 15:30:00-05:00,36.08000183105469,36.100101470947266,35.970001220703125,35.970001220703125,1486,0.0,0.0,0.0
2022-12-12 09:30:00-05:00,36.08000183105469,36.13999938964844,36.060001373291016,36.13999938964844,1388,0.0,0.0,0.0
2022-12-12 10:30:00-05:00,36.207401275634766,36.207401275634766,36.207401275634766,36.207401275634766,381,0.0,0.0,0.0
2022-12-12 12:30:00-05:00,36.2599983215332,36.2599983215332,36.2599983215332,36.2599983215332,156,0.0,0.0,0.0
2022-12-12 14:30:00-05:00,36.36000061035156,36.36000061035156,36.36000061035156,36.36000061035156,151,0.0,0.0,0.0
2022-12-13 09:30:00-05:00,37.43000030517578,37.47999954223633,37.11000061035156,37.11000061035156,3818,0.0,0.0,0.0
2022-12-13 10:30:00-05:00,37.13999938964844,37.15999984741211,36.93000030517578,37.0099983215332,4217,0.0,0.0,0.0
2022-12-13 11:30:00-05:00,37.04999923706055,37.04999923706055,37.04999923706055,37.04999923706055,332,0.0,0.0,0.0
2022-12-13 12:30:00-05:00,36.61000061035156,36.61000061035156,36.599998474121094,36.599998474121094,758,0.0,0.0,0.0
2022-12-13 14:30:00-05:00,36.81999969482422,36.81999969482422,36.619998931884766,36.689998626708984,841,0.0,0.0,0.0
2022-12-13 15:30:00-05:00,36.72999954223633,36.790000915527344,36.72999954223633,36.790000915527344,483,0.0,0.0,0.0
2022-12-14 10:30:00-05:00,37.01499938964844,37.01499938964844,36.98500061035156,36.98500061035156,644,0.0,0.0,0.0
2022-12-14 11:30:00-05:00,37.029998779296875,37.029998779296875,37.029998779296875,37.029998779296875,1613,0.0,0.0,0.0
2022-12-14 12:30:00-05:00,36.9900016784668,36.9900016784668,36.9900016784668,36.9900016784668,145,0.0,0.0,0.0
2022-12-14 13:30:00-05:00,37.060001373291016,37.060001373291016,36.5,36.61989974975586,19732,0.0,0.0,0.0
2022-12-14 14:30:00-05:00,36.45000076293945,36.709999084472656,36.45000076293945,36.709999084472656,703,0.0,0.0,0.0
2022-12-14 15:30:00-05:00,36.470001220703125,36.650001525878906,36.470001220703125,36.63999938964844,2902,0.0,0.0,0.0
2022-12-15 09:30:00-05:00,36.11000061035156,36.11000061035156,35.983699798583984,35.983699798583984,0,0.0,0.0,0.0
2022-12-15 10:30:00-05:00,35.75,35.849998474121094,35.70000076293945,35.70000076293945,4113,0.0,0.0,0.0
2022-12-15 11:30:00-05:00,35.65999984741211,35.65999984741211,35.65999984741211,35.65999984741211,768,0.0,0.0,0.0
2022-12-15 12:30:00-05:00,35.683998107910156,35.683998107910156,35.59989929199219,35.59989929199219,901,0.0,0.0,0.0
2022-12-15 13:30:00-05:00,35.56999969482422,35.56999969482422,35.54499816894531,35.56999969482422,809,0.0,0.0,0.0
2022-12-15 14:30:00-05:00,35.70000076293945,35.70000076293945,35.630001068115234,35.70000076293945,1108,0.0,0.0,0.0
2022-12-15 15:30:00-05:00,35.650001525878906,35.689998626708984,35.630001068115234,35.630001068115234,4219,0.0,0.0,0.0
2022-12-16 09:30:00-05:00,35.220001220703125,35.31999969482422,35.08000183105469,35.09000015258789,0,0.0,0.0,0.0
2022-12-16 10:30:00-05:00,35.04999923706055,35.099998474121094,34.996299743652344,34.996299743652344,2686,0.0,0.0,0.0
2022-12-16 11:30:00-05:00,35.040000915527344,35.040000915527344,34.92499923706055,34.959999084472656,3242,0.0,0.0,0.0
2022-12-16 12:30:00-05:00,35.029998779296875,35.029998779296875,34.880001068115234,34.900001525878906,1285,0.0,0.0,0.0
2022-12-16 13:30:00-05:00,34.90999984741211,35.0,34.88999938964844,34.95000076293945,1615,0.0,0.0,0.0
2022-12-16 14:30:00-05:00,34.900001525878906,35.060001373291016,34.900001525878906,35.060001373291016,4864,0.0,0.0,0.0
2022-12-16 15:30:00-05:00,35.08000183105469,35.08000183105469,35.08000183105469,35.08000183105469,555,0.0,0.0,0.0
2022-12-19 09:30:00-05:00,35.060001373291016,35.060001373291016,35.060001373291016,35.060001373291016,215,0.0,0.0,0.0
2022-12-19 10:30:00-05:00,34.9900016784668,34.9900016784668,34.929901123046875,34.93000030517578,1009,0.0,0.0,0.0
2022-12-19 13:30:00-05:00,34.83060073852539,34.83060073852539,34.709999084472656,34.709999084472656,1123,0.0,0.0,0.0
2022-12-19 14:30:00-05:00,34.650001525878906,34.650001525878906,34.650001525878906,34.650001525878906,1329,0.0,0.0,0.0
2022-12-19 15:30:00-05:00,34.67829895019531,34.760398864746094,34.66999816894531,34.760398864746094,1348,0.0,0.0,0.0
2022-12-20 09:30:00-05:00,34.650001525878906,34.75,34.560001373291016,34.75,0,0.0,0.0,0.0
2022-12-20 10:30:00-05:00,34.869998931884766,34.869998931884766,34.61000061035156,34.61000061035156,4605,0.0,0.0,0.0
2022-12-20 11:30:00-05:00,34.69329833984375,34.77000045776367,34.69329833984375,34.7599983215332,1099,0.0,0.0,0.0
2022-12-20 12:30:00-05:00,34.72999954223633,34.84000015258789,34.729698181152344,34.84000015258789,6043,0.0,0.0,0.0
2022-12-20 13:30:00-05:00,34.869998931884766,34.869998931884766,34.869998931884766,34.869998931884766,1122,0.0,0.0,0.0
2022-12-20 14:30:00-05:00,34.79999923706055,34.79999923706055,34.779998779296875,34.779998779296875,4236,0.0,0.0,0.0
2022-12-20 15:30:00-05:00,34.84000015258789,34.84000015258789,34.84000015258789,34.84000015258789,228,0.0,0.0,0.0
2022-12-21 09:30:00-05:00,35.0,35.060001373291016,34.970001220703125,35.060001373291016,35741,0.0,0.0,0.0
2022-12-21 10:30:00-05:00,35.18000030517578,35.27000045776367,35.18000030517578,35.220001220703125,1757,0.0,0.0,0.0
2022-12-21 11:30:00-05:00,35.22999954223633,35.22999954223633,35.205501556396484,35.209999084472656,1606,0.0,0.0,0.0
2022-12-21 12:30:00-05:00,35.220001220703125,35.29999923706055,35.220001220703125,35.29999923706055,4517,0.0,0.0,0.0
2022-12-21 13:30:00-05:00,35.22890090942383,35.31999969482422,35.22890090942383,35.31999969482422,642,0.0,0.0,0.0
2022-12-21 14:30:00-05:00,35.310001373291016,35.310001373291016,35.220001220703125,35.220001220703125,9043,0.0,0.0,0.0
2022-12-21 15:30:00-05:00,35.209999084472656,35.22999954223633,35.150001525878906,35.209999084472656,12878,0.0,0.0,0.0
2022-12-22 09:30:00-05:00,34.90999984741211,34.90999984741211,34.66999816894531,34.66999816894531,0,0.0,0.0,0.0
2022-12-22 10:30:00-05:00,34.59000015258789,34.599998474121094,34.589900970458984,34.599998474121094,2686,0.0,0.0,0.0
2022-12-22 12:30:00-05:00,34.38999938964844,34.38999938964844,34.29330062866211,34.29999923706055,2550,0.0,0.0,0.0
2022-12-22 13:30:00-05:00,34.22019958496094,34.290000915527344,34.22019958496094,34.28990173339844,7448,0.0,0.0,0.0
2022-12-22 14:30:00-05:00,34.41999816894531,34.59000015258789,34.384700775146484,34.59000015258789,3515,0.0,0.0,0.0
2022-12-22 15:30:00-05:00,34.709999084472656,34.72999954223633,34.630001068115234,34.72999954223633,1685,0.0,0.0,0.0
2022-12-23 09:30:00-05:00,34.70000076293945,34.790000915527344,34.47600173950195,34.75,0,0.0,0.0,0.0
2022-12-23 10:30:00-05:00,34.810001373291016,34.810001373291016,34.75,34.75,630,0.0,0.0,0.0
2022-12-23 11:30:00-05:00,34.79999923706055,34.82500076293945,34.79999923706055,34.82500076293945,468,0.0,0.0,0.0
2022-12-23 12:30:00-05:00,34.803001403808594,34.803001403808594,34.803001403808594,34.803001403808594,178,0.0,0.0,0.0
2022-12-23 13:30:00-05:00,34.78499984741211,34.81999969482422,34.78499984741211,34.814998626708984,11138,0.0,0.0,0.0
2022-12-23 14:30:00-05:00,34.834999084472656,34.900001525878906,34.83000183105469,34.89659881591797,3010,0.0,0.0,0.0
2022-12-27 09:30:00-05:00,34.7599983215332,34.7599983215332,34.63999938964844,34.720001220703125,7560,0.0,0.0,0.0
2022-12-27 10:30:00-05:00,34.849998474121094,34.900001525878906,34.81999969482422,34.81999969482422,3238,0.0,0.0,0.0
2022-12-27 12:30:00-05:00,34.829498291015625,34.829498291015625,34.829498291015625,34.829498291015625,717,0.0,0.0,0.0
2022-12-27 14:30:00-05:00,34.709999084472656,34.71009826660156,34.709999084472656,34.71009826660156,891,0.0,0.0,0.0
2022-12-27 15:30:00-05:00,34.790000915527344,34.790000915527344,34.720001220703125,34.720001220703125,1033,0.0,0.0,0.0
2022-12-28 09:30:00-05:00,34.709999084472656,34.90999984741211,34.709999084472656,34.83000183105469,2720,0.0,0.0,0.0
2022-12-28 10:30:00-05:00,34.58000183105469,34.58000183105469,34.56999969482422,34.56999969482422,275,0.0,0.0,0.0
2022-12-28 11:30:00-05:00,34.54999923706055,34.54999923706055,34.439998626708984,34.439998626708984,1348,0.0,0.0,0.0
2022-12-28 13:30:00-05:00,34.58000183105469,34.59000015258789,34.52000045776367,34.52000045776367,7990,0.0,0.0,0.0
2022-12-28 14:30:00-05:00,34.4901008605957,34.4901008605957,34.4900016784668,34.4900016784668,702,0.0,0.0,0.0
2022-12-29 09:30:00-05:00,34.790000915527344,34.925201416015625,34.790000915527344,34.925201416015625,0,0.0,0.0,0.0
2022-12-29 10:30:00-05:00,34.974998474121094,34.974998474121094,34.900001525878906,34.95000076293945,3170,0.0,0.0,0.0
2022-12-29 11:30:00-05:00,35.03010177612305,35.03010177612305,35.03010177612305,35.03010177612305,554,0.0,0.0,0.0
2022-12-29 12:30:00-05:00,35.0,35.02000045776367,34.99330139160156,35.000099182128906,4366,0.0,0.0,0.0
2022-12-29 13:30:00-05:00,35.029998779296875,35.029998779296875,35.02000045776367,35.029998779296875,4658,0.0,0.0,0.0
2022-12-29 14:30:00-05:00,34.9900016784668,35.029998779296875,34.9900016784668,35.024898529052734,0,0.0,0.0,0.0
2022-12-30 09:30:00-05:00,34.709999084472656,34.80110168457031,34.66999816894531,34.720001220703125,7138,0.0,0.0,0.0
2022-12-30 10:30:00-05:00,34.689998626708984,34.7400016784668,34.619998931884766,34.619998931884766,4640,0.0,0.0,0.0
2022-12-30 11:30:00-05:00,34.709999084472656,34.72999954223633,34.709999084472656,34.72999954223633,570,0.0,0.0,0.0
2022-12-30 12:30:00-05:00,34.694000244140625,34.694000244140625,34.54499816894531,34.54499816894531,1945,0.0,0.0,0.0
2022-12-30 13:30:00-05:00,34.619998931884766,34.619998931884766,34.599998474121094,34.599998474121094,571,0.0,0.0,0.0
2022-12-30 14:30:00-05:00,34.59000015258789,34.689998626708984,34.540000915527344,34.689998626708984,5883,0.0,0.0,0.0
2022-12-30 15:30:00-05:00,34.70500183105469,34.84550094604492,34.70500183105469,34.84550094604492,918,0.0,0.0,0.0
2023-01-03 09:30:00-05:00,35.119998931884766,35.119998931884766,34.75,34.75,4291,0.0,0.0,0.0
2023-01-03 10:30:00-05:00,34.7400016784668,34.869998931884766,34.7400016784668,34.869998931884766,7469,0.0,0.0,0.0
2023-01-03 13:30:00-05:00,34.61000061035156,34.65999984741211,34.61000061035156,34.65999984741211,1396,0.0,0.0,0.0
2023-01-03 14:30:00-05:00,34.529998779296875,34.7400016784668,34.529998779296875,34.70000076293945,9988,0.0,0.0,0.0
2023-01-03 15:30:00-05:00,34.7599983215332,34.810001373291016,34.7400016784668,34.790000915527344,6831,0.0,0.0,0.0
2023-01-04 09:30:00-05:00,34.95000076293945,35.099998474121094,34.689998626708984,34.689998626708984,24431,0.0,0.0,0.0
2023-01-04 10:30:00-05:00,34.72880172729492,34.88999938964844,34.720001220703125,34.88999938964844,1478,0.0,0.0,0.0
2023-01-04 11:30:00-05:00,35.060001373291016,35.119998931884766,35.060001373291016,35.119998931884766,495,0.0,0.0,0.0
2023-01-04 12:30:00-05:00,35.08000183105469,35.080101013183594,35.06999969482422,35.06999969482422,1001,0.0,0.0,0.0
2023-01-04 14:30:00-05:00,34.85940170288086,34.97999954223633,34.85940170288086,34.97269821166992,1099,0.0,0.0,0.0
2023-01-04 15:30:00-05:00,34.86000061035156,34.86000061035156,34.86000061035156,34.86000061035156,102,0.0,0.0,0.0
2023-01-05 09:30:00-05:00,34.720001220703125,34.72999954223633,34.58000183105469,34.65999984741211,0,0.0,0.0,0.0
2023-01-05 10:30:00-05:00,34.59000015258789,34.61000061035156,34.505001068115234,34.505001068115234,3547,0.0,0.0,0.0
2023-01-05 13:30:00-05:00,34.672698974609375,34.68000030517578,34.672698974609375,34.68000030517578,376,0.0,0.0,0.0
2023-01-05 14:30:00-05:00,34.69499969482422,34.709999084472656,34.69499969482422,34.709999084472656,852,0.0,0.0,0.0
2023-01-05 15:30:00-05:00,34.560001373291016,34.560001373291016,34.5099983215332,34.5099983215332,464,0.0,0.0,0.0
2023-01-06 09:30:00-05:00,34.75,34.8291015625,34.599998474121094,34.8291015625,5399,0.0,0.0,0.0
2023-01-06 10:30:00-05:00,34.82500076293945,35.060001373291016,34.82500076293945,35.040000915527344,3281,0.0,0.0,0.0
2023-01-06 11:30:00-05:00,35.0099983215332,35.13999938964844,35.0099983215332,35.04999923706055,2808,0.0,0.0,0.0
2023-01-06 12:30:00-05:00,35.04999923706055,35.119998931884766,35.01900100708008,35.119998931884766,1671,0.0,0.0,0.0
2023-01-06 13:30:00-05:00,35.119998931884766,35.29999923706055,35.119998931884766,35.29999923706055,1406,0.0,0.0,0.0
2023-01-06 14:30:00-05:00,35.290000915527344,35.37099838256836,35.27000045776367,35.37099838256836,3588,0.0,0.0,0.0
2023-01-06 15:30:00-05:00,35.33810043334961,35.33810043334961,35.279998779296875,35.279998779296875,774,0.0,0.0,0.0
2023-01-09 09:30:00-05:00,35.470001220703125,35.68199920654297,35.470001220703125,35.630001068115234,114647,0.0,0.0,0.0
2023-01-09 10:30:00-05:00,35.7400016784668,35.86000061035156,35.7400016784668,35.86000061035156,4483,0.0,0.0,0.0
2023-01-09 11:30:00-05:00,35.84000015258789,35.849998474121094,35.77000045776367,35.81999969482422,2568,0.0,0.0,0.0
2023-01-09 12:30:00-05:00,35.81999969482422,35.81999969482422,35.720001220703125,35.72999954223633,2372,0.0,0.0,0.0
2023-01-09 13:30:00-05:00,35.68000030517578,35.68000030517578,35.58000183105469,35.59000015258789,2048,0.0,0.0,0.0
2023-01-09 14:30:00-05:00,35.599998474121094,35.599998474121094,35.375999450683594,35.419898986816406,6048,0.0,0.0,0.0
2023-01-09 15:30:00-05:00,35.380001068115234,35.380001068115234,35.349998474121094,35.380001068115234,2303,0.0,0.0,0.0
2023-01-10 09:30:00-05:00,35.38999938964844,35.459999084472656,35.38999938964844,35.38999938964844,1163,0.0,0.0,0.0
2023-01-10 10:30:00-05:00,35.31999969482422,35.363800048828125,35.27000045776367,35.363800048828125,1376,0.0,0.0,0.0
2023-01-10 11:30:00-05:00,35.34109878540039,35.38990020751953,35.33000183105469,35.34000015258789,1672,0.0,0.0,0.0
2023-01-10 12:30:00-05:00,35.38560104370117,35.439998626708984,35.38560104370117,35.439998626708984,354,0.0,0.0,0.0
2023-01-10 13:30:00-05:00,35.450599670410156,35.5099983215332,35.439998626708984,35.5,4877,0.0,0.0,0.0
2023-01-10 14:30:00-05:00,35.52000045776367,35.52000045776367,35.437198638916016,35.47999954223633,3562,0.0,0.0,0.0
2023-01-10 15:30:00-05:00,35.52000045776367,35.58000183105469,35.52000045776367,35.58000183105469,411,0.0,0.0,0.0
2023-01-11 09:30:00-05:00,35.709999084472656,35.790000915527344,35.709999084472656,35.7599983215332,30356,0.0,0.0,0.0
2023-01-11 10:30:00-05:00,35.810001373291016,35.810001373291016,35.769901275634766,35.79010009765625,4006,0.0,0.0,0.0
2023-01-11 12:30:00-05:00,35.84000015258789,35.91999816894531,35.83000183105469,35.90999984741211,4617,0.0,0.0,0.0
2023-01-11 13:30:00-05:00,35.90190124511719,35.90190124511719,35.87590026855469,35.87590026855469,960,0.0,0.0,0.0
2023-01-11 14:30:00-05:00,35.95000076293945,35.97999954223633,35.935001373291016,35.95500183105469,2066,0.0,0.0,0.0
2023-01-11 15:30:00-05:00,35.939998626708984,36.06999969482422,35.91999816894531,36.06999969482422,3510,0.0,0.0,0.0
2023-01-12 09:30:00-05:00,36.13999938964844,36.220001220703125,35.810001373291016,36.099998474121094,109272,0.0,0.0,0.0
2023-01-12 10:30:00-05:00,36.17499923706055,36.17499923706055,36.029998779296875,36.029998779296875,2128,0.0,0.0,0.0
2023-01-12 11:30:00-05:00,36.08000183105469,36.20000076293945,36.06999969482422,36.20000076293945,1066,0.0,0.0,0.0
2023-01-12 12:30:00-05:00,36.18000030517578,36.18000030517578,36.18000030517578,36.18000030517578,100,0.0,0.0,0.0
2023-01-12 13:30:00-05:00,36.119998931884766,36.31999969482422,36.119998931884766,36.27000045776367,1512,0.0,0.0,0.0
2023-01-12 14:30:00-05:00,36.25,36.290000915527344,36.16999816894531,36.20000076293945,6614,0.0,0.0,0.0
2023-01-12 15:30:00-05:00,36.209999084472656,36.2400016784668,36.130001068115234,36.22999954223633,2998,0.0,0.0,0.0
2023-01-13 09:30:00-05:00,35.970001220703125,35.970001220703125,35.91999816894531,35.91999816894531,0,0.0,0.0,0.0
2023-01-13 10:30:00-05:00,36.099998474121094,36.099998474121094,36.08000183105469,36.08000183105469,1559,0.0,0.0,0.0
2023-01-13 11:30:00-05:00,36.060001373291016,36.06999969482422,36.060001373291016,36.06999969482422,1623,0.0,0.0,0.0
2023-01-13 12:30:00-05:00,36.150001525878906,36.150001525878906,36.11000061035156,36.11000061035156,3282,0.0,0.0,0.0
2023-01-13 13:30:00-05:00,36.13999938964844,36.22999954223633,36.13999938964844,36.220001220703125,2676,0.0,0.0,0.0
2023-01-13 14:30:00-05:00,36.25,36.29999923706055,36.25,36.29999923706055,5233,0.0,0.0,0.0
2023-01-13 15:30:00-05:00,36.310001373291016,36.380001068115234,36.310001373291016,36.352298736572266,4050,0.0,0.0,0.0
2023-01-17 09:30:00-05:00,36.380001068115234,36.52130126953125,36.31999969482422,36.52130126953125,0,0.0,0.0,0.0
2023-01-17 10:30:00-05:00,36.380001068115234,36.38999938964844,36.349998474121094,36.349998474121094,2672,0.0,0.0,0.0
2023-01-17 11:30:00-05:00,36.37030029296875,36.37030029296875,36.33000183105469,36.33000183105469,260,0.0,0.0,0.0
2023-01-17 12:30:00-05:00,36.349998474121094,36.369998931884766,36.349998474121094,36.349998474121094,1798,0.0,0.0,0.0
2023-01-17 13:30:00-05:00,36.419898986816406,36.41999816894531,36.349998474121094,36.349998474121094,2110,0.0,0.0,0.0
2023-01-17 14:30:00-05:00,36.369998931884766,36.400001525878906,36.369998931884766,36.388301849365234,1433,0.0,0.0,0.0
2023-01-17 15:30:00-05:00,36.34000015258789,36.36000061035156,36.330101013183594,36.36000061035156,578,0.0,0.0,0.0
2023-01-18 09:30:00-05:00,36.40999984741211,36.40999984741211,36.40999984741211,36.40999984741211,213,0.0,0.0,0.0
2023-01-18 10:30:00-05:00,36.27000045776367,36.27000045776367,36.25,36.25,1522,0.0,0.0,0.0
2023-01-18 11:30:00-05:00,35.9900016784668,36.040000915527344,35.959999084472656,35.959999084472656,7631,0.0,0.0,0.0
2023-01-18 12:30:00-05:00,35.959999084472656,36.0,35.869998931884766,35.87289810180664,2375,0.0,0.0,0.0
2023-01-18 13:30:00-05:00,35.91999816894531,35.91999816894531,35.91999816894531,35.91999816894531,313,0.0,0.0,0.0
2023-01-18 14:30:00-05:00,35.970001220703125,35.970001220703125,35.959999084472656,35.959999084472656,971,0.0,0.0,0.0
2023-01-18 15:30:00-05:00,35.790000915527344,35.790000915527344,35.75,35.75490188598633,850,0.0,0.0,0.0
2023-01-19 09:30:00-05:00,35.630001068115234,35.63999938964844,35.47999954223633,35.54999923706055,0,0.0,0.0,0.0
2023-01-19 10:30:00-05:00,35.45000076293945,35.45000076293945,35.38999938964844,35.41999816894531,3712,0.0,0.0,0.0
2023-01-19 11:30:00-05:00,35.43000030517578,35.43000030517578,35.43000030517578,35.43000030517578,287,0.0,0.0,0.0
2023-01-19 14:30:00-05:00,35.560001373291016,35.560001373291016,35.560001373291016,35.560001373291016,120,0.0,0.0,0.0
2023-01-19 15:30:00-05:00,35.47999954223633,35.47999954223633,35.45069885253906,35.45069885253906,211,0.0,0.0,0.0
2023-01-20 09:30:00-05:00,35.599998474121094,35.599998474121094,35.58000183105469,35.58000183105469,0,0.0,0.0,0.0
2023-01-20 10:30:00-05:00,35.70989990234375,35.755001068115234,35.67499923706055,35.7400016784668,1774,0.0,0.0,0.0
2023-01-20 11:30:00-05:00,35.86149978637695,35.86149978637695,35.83000183105469,35.83000183105469,810,0.0,0.0,0.0
2023-01-20 12:30:00-05:00,35.83000183105469,35.83000183105469,35.820098876953125,35.83000183105469,2127,0.0,0.0,0.0
2023-01-20 13:30:00-05:00,35.90999984741211,35.980098724365234,35.9099006652832,35.980098724365234,1687,0.0,0.0,0.0
2023-01-20 14:30:00-05:00,36.02000045776367,36.11000061035156,36.02000045776367,36.11000061035156,437,0.0,0.0,0.0
2023-01-20 15:30:00-05:00,36.099998474121094,36.18000030517578,36.099998474121094,36.15299987792969,1092,0.0,0.0,0.0
2023-01-23 09:30:00-05:00,36.2400016784668,36.33000183105469,36.20000076293945,36.33000183105469,0,0.0,0.0,0.0
2023-01-23 10:30:00-05:00,36.470001220703125,36.689998626708984,36.470001220703125,36.66999816894531,216052,0.0,0.0,0.0
2023-01-23 11:30:00-05:00,36.58000183105469,36.63999938964844,36.54999923706055,36.595001220703125,1918,0.0,0.0,0.0
2023-01-23 12:30:00-05:00,36.619998931884766,36.66999816894531,36.61000061035156,36.66999816894531,1560,0.0,0.0,0.0
2023-01-23 13:30:00-05:00,36.609901428222656,36.609901428222656,36.609901428222656,36.609901428222656,7043,0.0,0.0,0.0
2023-01-23 14:30:00-05:00,36.579898834228516,36.579898834228516,36.40999984741211,36.52000045776367,3984,0.0,0.0,0.0
2023-01-23 15:30:00-05:00,36.52000045776367,36.63999938964844,36.5,36.63600158691406,17625,0.0,0.0,0.0
2023-01-24 09:30:00-05:00,36.40999984741211,36.439998626708984,36.310001373291016,36.40999984741211,647013,0.0,0.0,0.0
2023-01-24 10:30:00-05:00,36.41999816894531,36.54999923706055,36.400001525878906,36.53559875488281,2990,0.0,0.0,0.0
2023-01-24 11:30:00-05:00,36.52989959716797,36.52989959716797,36.459999084472656,36.52000045776367,6942,0.0,0.0,0.0
2023-01-24 12:30:00-05:00,36.49800109863281,36.49800109863281,36.49800109863281,36.49800109863281,328,0.0,0.0,0.0
2023-01-24 13:30:00-05:00,36.5099983215332,36.560001373291016,36.5099983215332,36.560001373291016,665,0.0,0.0,0.0
2023-01-24 14:30:00-05:00,36.52000045776367,36.56999969482422,36.52000045776367,36.52000045776367,8779,0.0,0.0,0.0
2023-01-24 15:30:00-05:00,36.41740036010742,36.41999816894531,36.41740036010742,36.41999816894531,542,0.0,0.0,0.0
2023-01-25 10:30:00-05:00,35.91999816894531,36.0,35.91999816894531,36.0,1338,0.0,0.0,0.0
2023-01-25 12:30:00-05:00,36.209999084472656,36.2599983215332,36.209999084472656,36.2599983215332,1867,0.0,0.0,0.0
2023-01-25 13:30:00-05:00,36.36000061035156,36.43000030517578,36.36000061035156,36.43000030517578,812,0.0,0.0,0.0
2023-01-25 14:30:00-05:00,36.42900085449219,36.470001220703125,36.42900085449219,36.470001220703125,967,0.0,0.0,0.0
2023-01-25 15:30:00-05:00,36.47999954223633,36.47999954223633,36.41999816894531,36.464298248291016,5075,0.0,0.0,0.0
2023-01-26 09:30:00-05:00,36.7400016784668,36.790000915527344,36.56999969482422,36.67499923706055,5015,0.0,0.0,0.0
2023-01-26 10:30:00-05:00,36.599998474121094,36.61000061035156,36.5,36.5,847761,0.0,0.0,0.0
2023-01-26 11:30:00-05:00,36.57699966430664,36.6411018371582,36.540000915527344,36.6411018371582,74118,0.0,0.0,0.0
2023-01-26 12:30:00-05:00,36.68000030517578,36.68000030517578,36.66999816894531,36.66999816894531,727,0.0,0.0,0.0
2023-01-26 14:30:00-05:00,36.79999923706055,36.79999923706055,36.79999923706055,36.79999923706055,101,0.0,0.0,0.0
2023-01-26 15:30:00-05:00,36.83100128173828,36.91999816894531,36.81990051269531,36.91999816894531,0,0.0,0.0,0.0
2023-01-27 09:30:00-05:00,36.81999969482422,36.959999084472656,36.81999969482422,36.959999084472656,1567,0.0,0.0,0.0
2023-01-27 10:30:00-05:00,36.84000015258789,36.939998626708984,36.84000015258789,36.939998626708984,2270,0.0,0.0,0.0
2023-01-27 11:30:00-05:00,37.02000045776367,37.02000045776367,37.02000045776367,37.02000045776367,494,0.0,0.0,0.0
2023-01-27 12:30:00-05:00,37.099998474121094,37.099998474121094,37.089900970458984,37.089900970458984,1072,0.0,0.0,0.0
2023-01-27 13:30:00-05:00,37.060001373291016,37.150001525878906,37.060001373291016,37.150001525878906,2126,0.0,0.0,0.0
2023-01-27 15:30:00-05:00,37.09000015258789,37.09000015258789,37.04999923706055,37.05139923095703,453,0.0,0.0,0.0
2023-01-30 09:30:00-05:00,36.810001373291016,36.97999954223633,36.810001373291016,36.97999954223633,1165,0.0,0.0,0.0
2023-01-30 10:30:00-05:00,36.779998779296875,36.779998779296875,36.709999084472656,36.7400016784668,3916,0.0,0.0,0.0
2023-01-30 13:30:00-05:00,36.66999816894531,36.68000030517578,36.630001068115234,36.63010025024414,4510,0.0,0.0,0.0
2023-01-30 14:30:00-05:00,36.61000061035156,36.621498107910156,36.560001373291016,36.560001373291016,2563,0.0,0.0,0.0
2023-01-30 15:30:00-05:00,36.58000183105469,36.58000183105469,36.58000183105469,36.58000183105469,103,0.0,0.0,0.0
2023-01-31 09:30:00-05:00,36.54999923706055,36.73590087890625,36.54999923706055,36.73590087890625,0,0.0,0.0,0.0
2023-01-31 10:30:00-05:00,36.779998779296875,36.779998779296875,36.779998779296875,36.779998779296875,1209,0.0,0.0,0.0
2023-01-31 11:30:00-05:00,36.82849884033203,36.83000183105469,36.77000045776367,36.79999923706055,12504,0.0,0.0,0.0
2023-01-31 12:30:00-05:00,36.84000015258789,36.869998931884766,36.84000015258789,36.869998931884766,3940,0.0,0.0,0.0
2023-01-31 13:30:00-05:00,36.90999984741211,36.935001373291016,36.90010070800781,36.90010070800781,5970,0.0,0.0,0.0
2023-01-31 14:30:00-05:00,36.91999816894531,36.91999816894531,36.88999938964844,36.890098571777344,1322,0.0,0.0,0.0
2023-01-31 15:30:00-05:00,36.939998626708984,37.08000183105469,36.939998626708984,37.08000183105469,1210,0.0,0.0,0.0
2023-02-01 09:30:00-05:00,37.03499984741211,37.09000015258789,36.97999954223633,36.97999954223633,0,0.0,0.0,0.0
2023-02-01 10:30:00-05:00,37.040000915527344,37.04629898071289,36.900001525878906,36.97999954223633,4334,0.0,0.0,0.0
2023-02-01 12:30:00-05:00,36.95000076293945,36.95000076293945,36.91680145263672,36.95000076293945,906,0.0,0.0,0.0
2023-02-01 13:30:00-05:00,36.97999954223633,37.09000015258789,36.890098571777344,37.09000015258789,1552,0.0,0.0,0.0
2023-02-01 14:30:00-05:00,37.0099983215332,37.619998931884766,36.88999938964844,37.61000061035156,4597,0.0,0.0,0.0
2023-02-01 15:30:00-05:00,37.625,37.625,37.529998779296875,37.529998779296875,2765,0.0,0.0,0.0
2023-02-02 09:30:00-05:00,37.90999984741211,37.90999984741211,37.880001068115234,37.880001068115234,0,0.0,0.0,0.0
2023-02-02 10:30:00-05:00,38.04999923706055,38.099998474121094,38.04999923706055,38.099998474121094,3022,0.0,0.0,0.0
2023-02-02 11:30:00-05:00,38.06999969482422,38.06999969482422,38.04909896850586,38.06990051269531,2158,0.0,0.0,0.0
2023-02-02 12:30:00-05:00,38.08000183105469,38.11949920654297,38.08000183105469,38.09000015258789,655,0.0,0.0,0.0
2023-02-02 13:30:00-05:00,38.179901123046875,38.179901123046875,38.179901123046875,38.179901123046875,555,0.0,0.0,0.0
2023-02-02 14:30:00-05:00,37.930301666259766,38.029998779296875,37.900001525878906,38.0099983215332,14363,0.0,0.0,0.0
2023-02-02 15:30:00-05:00,38.09000015258789,38.16999816894531,38.09000015258789,38.16999816894531,2697,0.0,0.0,0.0
2023-02-03 09:30:00-05:00,37.7400016784668,37.849998474121094,37.7400016784668,37.849998474121094,0,0.0,0.0,0.0
2023-02-03 10:30:00-05:00,38.04629898071289,38.060001373291016,38.0,38.0010986328125,3698,0.0,0.0,0.0
2023-02-03 11:30:00-05:00,37.97999954223633,37.97999954223633,37.95500183105469,37.970001220703125,722,0.0,0.0,0.0
2023-02-03 12:30:00-05:00,37.97999954223633,37.97999954223633,37.97999954223633,37.97999954223633,336,0.0,0.0,0.0
2023-02-03 13:30:00-05:00,37.68000030517578,37.7411994934082,37.68000030517578,37.689998626708984,1006,0.0,0.0,0.0
2023-02-03 14:30:00-05:00,37.68159866333008,37.68159866333008,37.61000061035156,37.61040115356445,2006,0.0,0.0,0.0
2023-02-03 15:30:00-05:00,37.709999084472656,37.71080017089844,37.648399353027344,37.71080017089844,2353,0.0,0.0,0.0
2023-02-06 09:30:00-05:00,37.47999954223633,37.5099983215332,37.409400939941406,37.409400939941406,0,0.0,0.0,0.0
2023-02-06 10:30:00-05:00,37.529998779296875,37.58000183105469,37.5099983215332,37.58000183105469,1984,0.0,0.0,0.0
2023-02-06 12:30:00-05:00,37.47999954223633,37.480098724365234,37.47999954223633,37.480098724365234,375,0.0,0.0,0.0
2023-02-06 14:30:00-05:00,37.50590133666992,37.5099983215332,37.439998626708984,37.459999084472656,4369,0.0,0.0,0.0
2023-02-06 15:30:00-05:00,37.439998626708984,37.5,37.439998626708984,37.4900016784668,3459,0.0,0.0,0.0
2023-02-07 09:30:00-05:00,37.41999816894531,37.41999816894531,37.400001525878906,37.400001525878906,0,0.0,0.0,0.0
2023-02-07 10:30:00-05:00,37.439998626708984,37.52000045776367,37.43000030517578,37.52000045776367,1166,0.0,0.0,0.0
2023-02-07 11:30:00-05:00,37.54999923706055,37.54999923706055,37.54999923706055,37.54999923706055,145,0.0,0.0,0.0
2023-02-07 12:30:00-05:00,37.54999923706055,37.90999984741211,37.54999923706055,37.63999938964844,1266,0.0,0.0,0.0
2023-02-07 13:30:00-05:00,37.720001220703125,37.72999954223633,37.720001220703125,37.720001220703125,1254,0.0,0.0,0.0
2023-02-07 14:30:00-05:00,37.810001373291016,37.93000030517578,37.79999923706055,37.91999816894531,10871,0.0,0.0,0.0
2023-02-07 15:30:00-05:00,37.959999084472656,38.119998931884766,37.959999084472656,38.00559997558594,2857,0.0,0.0,0.0
2023-02-08 09:30:00-05:00,37.849998474121094,37.93000030517578,37.790000915527344,37.93000030517578,0,0.0,0.0,0.0
2023-02-08 10:30:00-05:00,37.834999084472656,37.849998474121094,37.68000030517578,37.68000030517578,6536,0.0,0.0,0.0
2023-02-08 12:30:00-05:00,37.779998779296875,37.779998779296875,37.779998779296875,37.779998779296875,356,0.0,0.0,0.0
2023-02-08 14:30:00-05:00,37.65230178833008,37.65230178833008,37.57229995727539,37.57229995727539,1408,0.0,0.0,0.0
2023-02-08 15:30:00-05:00,37.59989929199219,37.59989929199219,37.59989929199219,37.59989929199219,267,0.0,0.0,0.0
2023-02-09 09:30:00-05:00,37.821998596191406,37.849998474121094,37.821998596191406,37.849998474121094,450,0.0,0.0,0.0
2023-02-09 10:30:00-05:00,37.7599983215332,37.769901275634766,37.599998474121094,37.599998474121094,3377,0.0,0.0,0.0
2023-02-09 11:30:00-05:00,37.61000061035156,37.62009811401367,37.599998474121094,37.62009811401367,2065,0.0,0.0,0.0
2023-02-09 12:30:00-05:00,37.5099983215332,37.5099983215332,37.45000076293945,37.45000076293945,1308,0.0,0.0,0.0
2023-02-09 13:30:00-05:00,37.5099983215332,37.5099983215332,37.349998474121094,37.349998474121094,1090,0.0,0.0,0.0
2023-02-09 14:30:00-05:00,37.35499954223633,37.369998931884766,37.35499954223633,37.369998931884766,1703,0.0,0.0,0.0
2023-02-09 15:30:00-05:00,37.2400016784668,37.2400016784668,37.22999954223633,37.22999954223633,0,0.0,0.0,0.0
2023-02-10 10:30:00-05:00,37.04999923706055,37.04999923706055,37.04999923706055,37.04999923706055,371,0.0,0.0,0.0
2023-02-10 11:30:00-05:00,37.06999969482422,37.070098876953125,36.9833984375,36.9833984375,5350,0.0,0.0,0.0
2023-02-10 12:30:00-05:00,37.095001220703125,37.095001220703125,37.095001220703125,37.095001220703125,171,0.0,0.0,0.0
2023-02-10 13:30:00-05:00,37.12009811401367,37.150001525878906,37.099998474121094,37.099998474121094,1267,0.0,0.0,0.0
2023-02-10 14:30:00-05:00,37.119998931884766,37.140098571777344,37.07109832763672,37.07109832763672,7065,0.0,0.0,0.0
2023-02-10 15:30:00-05:00,37.119998931884766,37.119998931884766,37.119998931884766,37.119998931884766,445,0.0,0.0,0.0
2023-02-13 09:30:00-05:00,37.2599983215332,37.34000015258789,37.2599983215332,37.34000015258789,0,0.0,0.0,0.0
2023-02-13 10:30:00-05:00,37.49300003051758,37.560001373291016,37.49300003051758,37.560001373291016,1095,0.0,0.0,0.0
2023-02-13 11:30:00-05:00,37.529998779296875,37.599998474121094,37.529998779296875,37.599998474121094,2061,0.0,0.0,0.0
2023-02-13 12:30:00-05:00,37.54999923706055,37.560001373291016,37.54999923706055,37.54999923706055,1703,0.0,0.0,0.0
2023-02-13 13:30:00-05:00,37.625,37.625,37.61009979248047,37.61009979248047,3450,0.0,0.0,0.0
2023-02-13 14:30:00-05:00,37.519901275634766,37.57500076293945,37.519901275634766,37.57500076293945,1860,0.0,0.0,0.0
2023-02-13 15:30:00-05:00,37.599998474121094,37.619998931884766,37.599998474121094,37.619998931884766,1707,0.0,0.0,0.0
2023-02-14 09:30:00-05:00,37.54999923706055,37.810001373291016,37.54999923706055,37.810001373291016,0,0.0,0.0,0.0
2023-02-14 10:30:00-05:00,37.46500015258789,37.47999954223633,37.46500015258789,37.4734992980957,1541,0.0,0.0,0.0
2023-02-14 11:30:00-05:00,37.33000183105469,37.47999954223633,37.33000183105469,37.470001220703125,2199,0.0,0.0,0.0
2023-02-14 12:30:00-05:00,37.487300872802734,37.65999984741211,37.487300872802734,37.65999984741211,307,0.0,0.0,0.0
2023-02-14 13:30:00-05:00,37.689998626708984,37.689998626708984,37.689998626708984,37.689998626708984,611,0.0,0.0,0.0
2023-02-14 14:30:00-05:00,37.74129867553711,37.7599983215332,37.689998626708984,37.7599983215332,4061,0.0,0.0,0.0
2023-02-14 15:30:00-05:00,37.7599983215332,37.7599983215332,37.74089813232422,37.74089813232422,0,0.0,0.0,0.0
2023-02-15 10:30:00-05:00,37.499900817871094,37.56999969482422,37.49330139160156,37.56999969482422,3003,0.0,0.0,0.0
2023-02-15 11:30:00-05:00,37.599998474121094,37.65999984741211,37.599998474121094,37.65999984741211,834,0.0,0.0,0.0
2023-02-15 13:30:00-05:00,37.690101623535156,37.74340057373047,37.690101623535156,37.74340057373047,1067,0.0,0.0,0.0
2023-02-15 14:30:00-05:00,37.670101165771484,37.670101165771484,37.670101165771484,37.670101165771484,297,0.0,0.0,0.0
2023-02-15 15:30:00-05:00,37.689998626708984,37.7505989074707,37.689998626708984,37.7505989074707,448,0.0,0.0,0.0
2023-02-16 09:30:00-05:00,37.349998474121094,37.4900016784668,37.2599983215332,37.470001220703125,4075,0.0,0.0,0.0
2023-02-16 10:30:00-05:00,37.4900016784668,37.61000061035156,37.4900016784668,37.560001373291016,10516,0.0,0.0,0.0
2023-02-16 11:30:00-05:00,37.560001373291016,37.619998931884766,37.51470184326172,37.61000061035156,9695,0.0,0.0,0.0
2023-02-16 12:30:00-05:00,37.61000061035156,37.689998626708984,37.54999923706055,37.54999923706055,10625,0.0,0.0,0.0
2023-02-16 13:30:00-05:00,37.540000915527344,37.65999984741211,37.529998779296875,37.650001525878906,10301,0.0,0.0,0.0
2023-02-16 14:30:00-05:00,37.650001525878906,37.66999816894531,37.36000061035156,37.36000061035156,10603,0.0,0.0,0.0
2023-02-16 15:30:00-05:00,37.33000183105469,37.349998474121094,37.22999954223633,37.22999954223633,5929,0.0,0.0,0.0
2023-02-17 09:30:00-05:00,37.04999923706055,37.130001068115234,36.91999816894531,37.08000183105469,0,0.0,0.0,0.0
2023-02-17 10:30:00-05:00,37.09000015258789,37.130001068115234,36.88999938964844,36.88999938964844,2541,0.0,0.0,0.0
2023-02-17 11:30:00-05:00,36.88999938964844,37.02000045776367,36.88999938964844,36.9900016784668,2050,0.0,0.0,0.0
2023-02-17 12:30:00-05:00,36.9900016784668,36.9900016784668,36.880001068115234,36.939998626708984,4472,0.0,0.0,0.0
2023-02-17 13:30:00-05:00,36.93000030517578,37.09000015258789,36.91999816894531,37.06999969482422,4177,0.0,0.0,0.0
2023-02-17 14:30:00-05:00,37.08000183105469,37.15999984741211,37.060001373291016,37.13999938964844,2247,0.0,0.0,0.0
2023-02-17 15:30:00-05:00,37.119998931884766,37.16999816894531,37.099998474121094,37.150001525878906,1225,0.0,0.0,0.0
2023-02-21 09:30:00-05:00,36.79999923706055,36.79999923706055,36.63059997558594,36.63059997558594,7491,0.0,0.0,0.0
2023-02-21 10:30:00-05:00,36.630001068115234,36.630001068115234,36.630001068115234,36.630001068115234,845,0.0,0.0,0.0
2023-02-21 11:30:00-05:00,36.52000045776367,36.52000045776367,36.52000045776367,36.52000045776367,224,0.0,0.0,0.0
2023-02-21 12:30:00-05:00,36.5,36.5,36.5,36.5,290,0.0,0.0,0.0
2023-02-21 13:30:00-05:00,36.459999084472656,36.459999084472656,36.379798889160156,36.380001068115234,4221,0.0,0.0,0.0
2023-02-21 14:30:00-05:00,36.40999984741211,36.46500015258789,36.40999984741211,36.40999984741211,3857,0.0,0.0,0.0
2023-02-21 15:30:00-05:00,36.439998626708984,36.439998626708984,36.369998931884766,36.375301361083984,1019,0.0,0.0,0.0
2023-02-22 09:30:00-05:00,36.400001525878906,36.472198486328125,36.400001525878906,36.422000885009766,0,0.0,0.0,0.0
2023-02-22 10:30:00-05:00,36.26020050048828,36.29999923706055,36.26020050048828,36.29999923706055,1202,0.0,0.0,0.0
2023-02-22 11:30:00-05:00,36.380401611328125,36.380401611328125,36.380401611328125,36.380401611328125,190,0.0,0.0,0.0
2023-02-22 12:30:00-05:00,36.5,36.5,36.5,36.5,689,0.0,0.0,0.0
2023-02-22 13:30:00-05:00,36.5099983215332,36.529998779296875,36.349998474121094,36.43000030517578,4727,0.0,0.0,0.0
2023-02-22 14:30:00-05:00,36.349998474121094,36.349998474121094,36.220001220703125,36.25,7675,0.0,0.0,0.0
2023-02-22 15:30:00-05:00,36.220001220703125,36.281700134277344,36.220001220703125,36.281700134277344,1486,0.0,0.0,0.0
2023-02-23 09:30:00-05:00,36.650001525878906,36.70000076293945,36.650001525878906,36.689998626708984,0,0.0,0.0,0.0
2023-02-23 10:30:00-05:00,36.47010040283203,36.52000045776367,36.36000061035156,36.36000061035156,5981,0.0,0.0,0.0
2023-02-23 11:30:00-05:00,36.2599983215332,36.2599983215332,36.2599983215332,36.2599983215332,154,0.0,0.0,0.0
2023-02-23 12:30:00-05:00,36.33000183105469,36.33000183105469,36.2599983215332,36.29999923706055,3308,0.0,0.0,0.0
2023-02-23 13:30:00-05:00,36.3765983581543,36.494998931884766,36.369998931884766,36.494998931884766,1366,0.0,0.0,0.0
2023-02-23 14:30:00-05:00,36.58000183105469,36.650001525878906,36.55500030517578,36.650001525878906,1680,0.0,0.0,0.0
2023-02-23 15:30:00-05:00,36.65999984741211,36.65999984741211,36.61000061035156,36.61000061035156,1304,0.0,0.0,0.0
2023-02-24 09:30:00-05:00,36.189998626708984,36.189998626708984,36.189998626708984,36.189998626708984,439,0.0,0.0,0.0
2023-02-24 10:30:00-05:00,36.029998779296875,36.029998779296875,36.029998779296875,36.029998779296875,1870,0.0,0.0,0.0
2023-02-24 11:30:00-05:00,36.220001220703125,36.220001220703125,36.130001068115234,36.130001068115234,605,0.0,0.0,0.0
2023-02-24 12:30:00-05:00,36.0900993347168,36.0900993347168,36.025001525878906,36.08000183105469,2259,0.0,0.0,0.0
2023-02-24 13:30:00-05:00,36.15010070800781,36.15999984741211,36.130001068115234,36.149898529052734,6167,0.0,0.0,0.0
2023-02-24 14:30:00-05:00,36.1349983215332,36.1349983215332,36.119998931884766,36.119998931884766,2380,0.0,0.0,0.0
2023-02-24 15:30:00-05:00,36.209999084472656,36.209999084472656,36.130001068115234,36.189998626708984,594,0.0,0.0,0.0
2023-02-27 09:30:00-05:00,36.52000045776367,36.650001525878906,36.5,36.630001068115234,0,0.0,0.0,0.0
2023-02-27 10:30:00-05:00,36.47999954223633,36.4900016784668,36.40999984741211,36.40999984741211,2095,0.0,0.0,0.0
2023-02-27 11:30:00-05:00,36.349998474121094,36.35499954223633,36.34000015258789,36.34000015258789,995,0.0,0.0,0.0
2023-02-27 12:30:00-05:00,36.41999816894531,36.459999084472656,36.395999908447266,36.459999084472656,2188,0.0,0.0,0.0
2023-02-27 13:30:00-05:00,36.4900016784668,36.49409866333008,36.42179870605469,36.42179870605469,660,0.0,0.0,0.0
2023-02-27 14:30:00-05:00,36.439998626708984,36.439998626708984,36.31999969482422,36.31999969482422,1286,0.0,0.0,0.0
2023-02-27 15:30:00-05:00,36.29990005493164,36.36000061035156,36.29990005493164,36.36000061035156,5636,0.0,0.0,0.0
2023-02-28 10:30:00-05:00,36.33000183105469,36.33000183105469,36.290000915527344,36.290000915527344,1730,0.0,0.0,0.0
2023-02-28 11:30:00-05:00,36.375,36.375,36.375,36.375,327,0.0,0.0,0.0
2023-02-28 12:30:00-05:00,36.5,36.5,36.4900016784668,36.4900016784668,738,0.0,0.0,0.0
2023-02-28 13:30:00-05:00,36.494998931884766,36.494998931884766,36.43000030517578,36.439998626708984,0,0.0,0.0,0.0
2023-02-28 14:30:00-05:00,36.41999816894531,36.43000030517578,36.400001525878906,36.43000030517578,11963,0.0,0.0,0.0
2023-02-28 15:30:00-05:00,36.279998779296875,36.31999969482422,36.22999954223633,36.22999954223633,4310,0.0,0.0,0.0
2023-03-01 09:30:00-05:00,36.18000030517578,36.2400016784668,36.02000045776367,36.02009963989258,0,0.0,0.0,0.0
2023-03-01 10:30:00-05:00,36.15999984741211,36.15999984741211,36.13999938964844,36.13999938964844,3415,0.0,0.0,0.0
2023-03-01 13:30:00-05:00,36.09000015258789,36.099998474121094,36.05139923095703,36.05139923095703,3421,0.0,0.0,0.0
2023-03-01 14:30:00-05:00,36.00429916381836,36.09000015258789,36.00429916381836,36.09000015258789,12357,0.0,0.0,0.0
2023-03-01 15:30:00-05:00,36.09000015258789,36.09000015258789,36.09000015258789,36.09000015258789,0,0.0,0.0,0.0
2023-03-02 09:30:00-05:00,35.9900016784668,35.9900016784668,35.9900016784668,35.9900016784668,2263,0.0,0.0,0.0
2023-03-02 10:30:00-05:00,36.029998779296875,36.10309982299805,36.025001525878906,36.09550094604492,5054,0.0,0.0,0.0
2023-03-02 11:30:00-05:00,36.02000045776367,36.029998779296875,36.02000045776367,36.029998779296875,1573,0.0,0.0,0.0
2023-03-02 12:30:00-05:00,36.04999923706055,36.04999923706055,36.04999923706055,36.04999923706055,847,0.0,0.0,0.0
2023-03-02 13:30:00-05:00,36.08000183105469,36.08000183105469,36.08000183105469,36.08000183105469,576,0.0,0.0,0.0
2023-03-02 14:30:00-05:00,36.298500061035156,36.317901611328125,36.298500061035156,36.317901611328125,3092,0.0,0.0,0.0
2023-03-02 15:30:00-05:00,36.380001068115234,36.45000076293945,36.369998931884766,36.39070129394531,14291,0.0,0.0,0.0
2023-03-03 09:30:00-05:00,36.59000015258789,36.67499923706055,36.529998779296875,36.67499923706055,0,0.0,0.0,0.0
2023-03-03 10:30:00-05:00,36.650001525878906,36.670501708984375,36.63999938964844,36.63999938964844,4066,0.0,0.0,0.0
2023-03-03 11:30:00-05:00,36.70000076293945,36.7400016784668,36.70000076293945,36.7400016784668,1078,0.0,0.0,0.0
2023-03-03 12:30:00-05:00,36.72999954223633,36.83000183105469,36.72999954223633,36.83000183105469,599,0.0,0.0,0.0
2023-03-03 13:30:00-05:00,36.81010055541992,36.87990188598633,36.81010055541992,36.86000061035156,1208,0.0,0.0,0.0
2023-03-03 14:30:00-05:00,36.905799865722656,36.93000030517578,36.900001525878906,36.900001525878906,4800,0.0,0.0,0.0
2023-03-03 15:30:00-05:00,36.900001525878906,36.91999816894531,36.880001068115234,36.91999816894531,3126,0.0,0.0,0.0
2023-03-06 09:30:00-05:00,36.97999954223633,37.09000015258789,36.97999954223633,37.08000183105469,0,0.0,0.0,0.0
2023-03-06 10:30:00-05:00,37.13999938964844,37.150001525878906,37.08000183105469,37.08000183105469,5428,0.0,0.0,0.0
2023-03-06 11:30:00-05:00,37.09000015258789,37.09000015258789,37.09000015258789,37.09000015258789,346,0.0,0.0,0.0
2023-03-06 13:30:00-05:00,36.97999954223633,36.98059844970703,36.959999084472656,36.959999084472656,2022,0.0,0.0,0.0
2023-03-06 14:30:00-05:00,36.970001220703125,36.97999954223633,36.90999984741211,36.90999984741211,16484,0.0,0.0,0.0
2023-03-06 15:30:00-05:00,36.904998779296875,36.95000076293945,36.8849983215332,36.93000030517578,13677,0.0,0.0,0.0
2023-03-07 10:30:00-05:00,36.580101013183594,36.580101013183594,36.580101013183594,36.580101013183594,0,0.0,0.0,0.0
2023-03-07 11:30:00-05:00,36.54999923706055,36.54999923706055,36.5,36.5099983215332,1477,0.0,0.0,0.0
2023-03-07 12:30:00-05:00,36.620601654052734,36.620601654052734,36.620601654052734,36.620601654052734,640,0.0,0.0,0.0
2023-03-07 14:30:00-05:00,36.34000015258789,36.369998931884766,36.310001373291016,36.369998931884766,4928,0.0,0.0,0.0
2023-03-07 15:30:00-05:00,36.400001525878906,36.40999984741211,36.314998626708984,36.33000183105469,0,0.0,0.0,0.0
2023-03-08 10:30:00-05:00,36.420101165771484,36.420101165771484,36.31999969482422,36.31999969482422,3312,0.0,0.0,0.0
2023-03-08 11:30:00-05:00,36.369998931884766,36.44969940185547,36.369998931884766,36.3765983581543,2205,0.0,0.0,0.0
2023-03-08 12:30:00-05:00,36.23500061035156,36.23500061035156,36.23500061035156,36.23500061035156,297,0.0,0.0,0.0
2023-03-08 13:30:00-05:00,36.21870040893555,36.29069900512695,36.20989990234375,36.29069900512695,1181,0.0,0.0,0.0
2023-03-08 14:30:00-05:00,36.27370071411133,36.290000915527344,36.25,36.2599983215332,60236,0.0,0.0,0.0
2023-03-08 15:30:00-05:00,36.39860153198242,36.39860153198242,36.369998931884766,36.38999938964844,0,0.0,0.0,0.0
2023-03-09 09:30:00-05:00,36.4900016784668,36.56999969482422,36.4900016784668,36.560001373291016,1225,0.0,0.0,0.0
2023-03-09 10:30:00-05:00,36.56999969482422,36.58000183105469,36.560001373291016,36.560001373291016,3505,0.0,0.0,0.0
2023-03-09 12:30:00-05:00,36.369998931884766,36.369998931884766,36.20000076293945,36.20000076293945,613,0.0,0.0,0.0
2023-03-09 13:30:00-05:00,36.060001373291016,36.060001373291016,36.060001373291016,36.060001373291016,208,0.0,0.0,0.0
2023-03-09 14:30:00-05:00,35.970001220703125,36.040000915527344,35.88999938964844,35.88999938964844,2812,0.0,0.0,0.0
2023-03-09 15:30:00-05:00,35.77000045776367,35.810001373291016,35.77000045776367,35.79999923706055,2215,0.0,0.0,0.0
2023-03-10 09:30:00-05:00,35.540000915527344,35.540000915527344,35.540000915527344,35.540000915527344,0,0.0,0.0,0.0
2023-03-10 10:30:00-05:00,35.59000015258789,35.650001525878906,35.560001373291016,35.650001525878906,3423,0.0,0.0,0.0
2023-03-10 11:30:00-05:00,35.52000045776367,35.52009963989258,35.52000045776367,35.52009963989258,1059,0.0,0.0,0.0
2023-03-10 12:30:00-05:00,35.43000030517578,35.43000030517578,35.43000030517578,35.43000030517578,145,0.0,0.0,0.0
2023-03-10 13:30:00-05:00,35.029998779296875,35.22999954223633,35.029998779296875,35.150001525878906,1769,0.0,0.0,0.0
2023-03-10 14:30:00-05:00,35.279998779296875,35.279998779296875,35.099098205566406,35.099098205566406,623,0.0,0.0,0.0
2023-03-13 09:30:00-04:00,34.810001373291016,35.010101318359375,34.79999923706055,35.010101318359375,0,0.0,0.0,0.0
2023-03-13 10:30:00-04:00,34.959999084472656,35.361000061035156,34.959999084472656,35.31999969482422,3871,0.0,0.0,0.0
2023-03-13 11:30:00-04:00,35.27000045776367,35.33000183105469,35.2599983215332,35.33000183105469,3902,0.0,0.0,0.0
2023-03-13 12:30:00-04:00,35.18000030517578,35.180301666259766,35.130001068115234,35.130001068115234,627,0.0,0.0,0.0
2023-03-13 13:30:00-04:00,35.349998474121094,35.349998474121094,35.349998474121094,35.349998474121094,516,0.0,0.0,0.0
2023-03-13 14:30:00-04:00,35.279998779296875,35.36000061035156,35.099998474121094,35.099998474121094,7875,0.0,0.0,0.0
2023-03-13 15:30:00-04:00,35.150001525878906,35.16999816894531,35.04999923706055,35.04999923706055,1201,0.0,0.0,0.0
2023-03-14 09:30:00-04:00,35.58000183105469,35.689998626708984,35.58000183105469,35.689998626708984,0,0.0,0.0,0.0
2023-03-14 10:30:00-04:00,35.724998474121094,35.779998779296875,35.724998474121094,35.772300720214844,4068,0.0,0.0,0.0
2023-03-14 11:30:00-04:00,35.79999923706055,35.79999923706055,35.7599983215332,35.76649856567383,3813,0.0,0.0,0.0
2023-03-14 12:30:00-04:00,35.66999816894531,35.66999816894531,35.66999816894531,35.66999816894531,742,0.0,0.0,0.0
2023-03-14 14:30:00-04:00,35.47990036010742,35.519901275634766,35.47990036010742,35.519901275634766,594,0.0,0.0,0.0
2023-03-15 09:30:00-04:00,35.29999923706055,35.36000061035156,35.27000045776367,35.34000015258789,0,0.0,0.0,0.0
2023-03-15 10:30:00-04:00,35.220001220703125,35.310001373291016,35.15999984741211,35.29990005493164,4683,0.0,0.0,0.0
2023-03-15 12:30:00-04:00,35.109901428222656,35.109901428222656,35.109901428222656,35.109901428222656,316,0.0,0.0,0.0
2023-03-15 13:30:00-04:00,35.2400016784668,35.5099983215332,35.2400016784668,35.5099983215332,1014,0.0,0.0,0.0
2023-03-15 14:30:00-04:00,35.5,35.5,35.5,35.5,231,0.0,0.0,0.0
2023-03-15 15:30:00-04:00,35.560001373291016,35.58000183105469,35.560001373291016,35.58000183105469,1622,0.0,0.0,0.0
2023-03-16 09:30:00-04:00,35.400001525878906,35.400001525878906,35.400001525878906,35.400001525878906,0,0.0,0.0,0.0
2023-03-16 10:30:00-04:00,35.54499816894531,35.95000076293945,35.54499816894531,35.930301666259766,3294,0.0,0.0,0.0
2023-03-16 11:30:00-04:00,35.970001220703125,35.9900016784668,35.939998626708984,35.939998626708984,865,0.0,0.0,0.0
2023-03-16 12:30:00-04:00,36.0,36.21160125732422,36.0,36.18000030517578,2775,0.0,0.0,0.0
2023-03-16 14:30:00-04:00,36.07500076293945,36.23939895629883,36.07500076293945,36.23939895629883,2497,0.0,0.0,0.0
2023-03-16 15:30:00-04:00,36.2400016784668,36.332000732421875,36.22999954223633,36.332000732421875,29501,0.0,0.0,0.0
2023-03-17 09:30:00-04:00,36.099998474121094,36.150001525878906,35.97999954223633,35.97999954223633,0,0.0,0.0,0.0
2023-03-17 10:30:00-04:00,35.792301177978516,35.792301177978516,35.792301177978516,35.792301177978516,1309,0.0,0.0,0.0
2023-03-17 12:30:00-04:00,35.826499938964844,35.83000183105469,35.81999969482422,35.83000183105469,1651,0.0,0.0,0.0
2023-03-17 13:30:00-04:00,35.86000061035156,35.87739944458008,35.86000061035156,35.87120056152344,2599,0.0,0.0,0.0
2023-03-17 14:30:00-04:00,35.689998626708984,35.689998626708984,35.689998626708984,35.689998626708984,366,0.0,0.0,0.0
2023-03-17 15:30:00-04:00,35.81999969482422,35.81999969482422,35.81999969482422,35.81999969482422,390,0.0,0.0,0.0
2023-03-20 09:30:00-04:00,35.900001525878906,35.900001525878906,35.86000061035156,35.86000061035156,0,0.0,0.0,0.0
2023-03-20 10:30:00-04:00,35.95000076293945,36.11000061035156,35.95000076293945,36.09000015258789,3554,0.0,0.0,0.0
2023-03-20 11:30:00-04:00,36.01150131225586,36.01150131225586,36.01150131225586,36.01150131225586,3614,0.0,0.0,0.0
2023-03-20 12:30:00-04:00,36.0099983215332,36.01100158691406,36.0099983215332,36.0099983215332,22046,0.0,0.0,0.0
2023-03-20 13:30:00-04:00,36.040000915527344,36.04010009765625,35.989498138427734,35.989498138427734,765,0.0,0.0,0.0
2023-03-20 14:30:00-04:00,35.970001220703125,35.980098724365234,35.93000030517578,35.97999954223633,4427,0.0,0.0,0.0
2023-03-20 15:30:00-04:00,35.98500061035156,36.061100006103516,35.98500061035156,36.061100006103516,3243,0.0,0.0,0.0
2023-03-21 09:30:00-04:00,36.43000030517578,36.43000030517578,36.43000030517578,36.43000030517578,0,0.0,0.0,0.0
2023-03-21 10:30:00-04:00,36.29999923706055,36.380001068115234,36.279998779296875,36.380001068115234,1513,0.0,0.0,0.0
2023-03-21 11:30:00-04:00,36.27000045776367,36.27000045776367,36.2599983215332,36.2599983215332,2272,0.0,0.0,0.0
2023-03-21 12:30:00-04:00,36.358699798583984,36.358699798583984,36.358699798583984,36.358699798583984,1464,0.0,0.0,0.0
2023-03-21 13:30:00-04:00,36.31999969482422,36.31999969482422,36.310001373291016,36.310001373291016,432,0.0,0.0,0.0
2023-03-21 14:30:00-04:00,36.43000030517578,36.4900016784668,36.43000030517578,36.4900016784668,328,0.0,0.0,0.0
2023-03-21 15:30:00-04:00,36.5099983215332,36.599700927734375,36.5099983215332,36.599700927734375,417,0.0,0.0,0.0
2023-03-22 09:30:00-04:00,36.5099983215332,36.560001373291016,36.5099983215332,36.560001373291016,0,0.0,0.0,0.0
2023-03-22 10:30:00-04:00,36.66999816894531,36.66999816894531,36.58000183105469,36.599998474121094,22388,0.0,0.0,0.0
2023-03-22 11:30:00-04:00,36.619998931884766,36.630001068115234,36.58000183105469,36.630001068115234,6039,0.0,0.0,0.0
2023-03-22 12:30:00-04:00,36.5099983215332,36.5099983215332,36.440101623535156,36.440101623535156,369,0.0,0.0,0.0
2023-03-22 13:30:00-04:00,36.53820037841797,36.53820037841797,36.53820037841797,36.53820037841797,769,0.0,0.0,0.0
2023-03-22 14:30:00-04:00,36.63999938964844,36.63999938964844,36.391998291015625,36.6150016784668,91178,0.0,0.0,0.0
2023-03-22 15:30:00-04:00,36.47999954223633,36.47999954223633,36.06999969482422,36.06999969482422,1258,0.0,0.0,0.0
2023-03-23 09:30:00-04:00,36.22999954223633,36.400001525878906,36.224998474121094,36.400001525878906,2176,0.0,0.0,0.0
2023-03-23 10:30:00-04:00,36.380001068115234,36.55500030517578,36.380001068115234,36.55500030517578,2417,0.0,0.0,0.0
2023-03-23 11:30:00-04:00,36.54990005493164,36.54990005493164,36.47999954223633,36.47999954223633,2117,0.0,0.0,0.0
2023-03-23 12:30:00-04:00,36.439998626708984,36.439998626708984,36.439998626708984,36.439998626708984,195,0.0,0.0,0.0
2023-03-23 13:30:00-04:00,36.31990051269531,36.34000015258789,36.25,36.25,5467,0.0,0.0,0.0
2023-03-23 14:30:00-04:00,36.04999923706055,36.18000030517578,36.04999923706055,36.060001373291016,2241,0.0,0.0,0.0
2023-03-23 15:30:00-04:00,35.96039962768555,36.2400016784668,35.96039962768555,36.18000030517578,824,0.0,0.0,0.0
2023-03-24 09:30:00-04:00,36.02000045776367,36.02000045776367,35.810001373291016,35.869998931884766,0,0.0,0.0,0.0
2023-03-24 10:30:00-04:00,36.040000915527344,36.040000915527344,35.849998474121094,35.88399887084961,4605,0.0,0.0,0.0
2023-03-24 11:30:00-04:00,36.08000183105469,36.08000183105469,36.08000183105469,36.08000183105469,350,0.0,0.0,0.0
2023-03-24 12:30:00-04:00,36.025001525878906,36.130001068115234,36.025001525878906,36.130001068115234,540,0.0,0.0,0.0
2023-03-24 13:30:00-04:00,36.14500045776367,36.14500045776367,36.09989929199219,36.09989929199219,1265,0.0,0.0,0.0
2023-03-24 14:30:00-04:00,36.230098724365234,36.230098724365234,36.189998626708984,36.21969985961914,893,0.0,0.0,0.0
2023-03-24 15:30:00-04:00,36.33430099487305,36.33430099487305,36.22999954223633,36.2599983215332,5538,0.0,0.0,0.0
2023-03-27 09:30:00-04:00,36.52190017700195,36.529998779296875,36.470001220703125,36.470001220703125,0,0.0,0.0,0.0
2023-03-27 10:30:00-04:00,36.4010009765625,36.409000396728516,36.359901428222656,36.359901428222656,3411,0.0,0.0,0.0
2023-03-27 12:30:00-04:00,36.310001373291016,36.369998931884766,36.310001373291016,36.331600189208984,780,0.0,0.0,0.0
2023-03-27 13:30:00-04:00,36.40999984741211,36.40999984741211,36.36000061035156,36.36000061035156,950,0.0,0.0,0.0
2023-03-27 15:30:00-04:00,36.45989990234375,36.45989990234375,36.3400993347168,36.3400993347168,2246,0.0,0.0,0.0
2023-03-28 09:30:00-04:00,36.22999954223633,36.2599983215332,36.20000076293945,36.24620056152344,0,0.0,0.0,0.0
2023-03-28 10:30:00-04:00,36.18000030517578,36.220001220703125,36.154998779296875,36.220001220703125,5087,0.0,0.0,0.0
2023-03-28 13:30:00-04:00,36.13999938964844,36.13999938964844,36.125701904296875,36.13990020751953,1461,0.0,0.0,0.0
2023-03-28 14:30:00-04:00,36.150001525878906,36.150001525878906,36.150001525878906,36.150001525878906,236,0.0,0.0,0.0
2023-03-28 15:30:00-04:00,36.15999984741211,36.249900817871094,36.15999984741211,36.249900817871094,268,0.0,0.0,0.0
2023-03-29 09:30:00-04:00,36.630001068115234,36.630001068115234,36.619998931884766,36.619998931884766,0,0.0,0.0,0.0
2023-03-29 10:30:00-04:00,36.619998931884766,36.619998931884766,36.54999923706055,36.56999969482422,2948,0.0,0.0,0.0
2023-03-29 13:30:00-04:00,36.63999938964844,36.63999938964844,36.599998474121094,36.599998474121094,676,0.0,0.0,0.0
2023-03-29 14:30:00-04:00,36.70000076293945,36.7400016784668,36.689998626708984,36.7400016784668,1415,0.0,0.0,0.0
2023-03-29 15:30:00-04:00,36.779998779296875,36.779998779296875,36.77989959716797,36.779998779296875,407,0.0,0.0,0.0
2023-03-30 09:30:00-04:00,36.970001220703125,36.970001220703125,36.90999984741211,36.90999984741211,2348,0.0,0.0,0.0
2023-03-30 10:30:00-04:00,36.97999954223633,37.0,36.95000076293945,36.97999954223633,2630,0.0,0.0,0.0
2023-03-30 11:30:00-04:00,36.939998626708984,36.95000076293945,36.88999938964844,36.88999938964844,1893,0.0,0.0,0.0
2023-03-30 12:30:00-04:00,36.880001068115234,36.880001068115234,36.869998931884766,36.869998931884766,3250,0.0,0.0,0.0
2023-03-30 15:30:00-04:00,36.959999084472656,36.97999954223633,36.959999084472656,36.97999954223633,690,0.0,0.0,0.0
2023-03-31 10:30:00-04:00,37.22999954223633,37.290000915527344,37.189998626708984,37.290000915527344,5308,0.0,0.0,0.0
2023-03-31 11:30:00-04:00,37.28990173339844,37.36000061035156,37.28990173339844,37.36000061035156,10368,0.0,0.0,0.0
2023-03-31 12:30:00-04:00,37.380001068115234,37.380001068115234,37.37990188598633,37.37990188598633,1475,0.0,0.0,0.0
2023-03-31 15:30:00-04:00,37.536399841308594,37.58000183105469,37.536399841308594,37.577301025390625,515,0.0,0.0,0.0
2023-04-03 09:30:00-04:00,37.5,37.619998931884766,37.5,37.619998931884766,0,0.0,0.0,0.0
2023-04-03 10:30:00-04:00,37.43000030517578,37.439998626708984,37.40999984741211,37.40999984741211,2176,0.0,0.0,0.0
2023-04-03 11:30:00-04:00,37.47999954223633,37.47999954223633,37.47999954223633,37.47999954223633,435,0.0,0.0,0.0
2023-04-03 13:30:00-04:00,37.38999938964844,37.390098571777344,37.38999938964844,37.390098571777344,1582,0.0,0.0,0.0
2023-04-03 14:30:00-04:00,37.47990036010742,37.540000915527344,37.47990036010742,37.540000915527344,676,0.0,0.0,0.0
2023-04-03 15:30:00-04:00,37.570098876953125,37.570098876953125,37.56999969482422,37.56999969482422,460,0.0,0.0,0.0
2023-04-04 09:30:00-04:00,37.619998931884766,37.709999084472656,37.58000183105469,37.58000183105469,5136,0.0,0.0,0.0
2023-04-04 10:30:00-04:00,37.59000015258789,37.5900993347168,37.38999938964844,37.42070007324219,6128,0.0,0.0,0.0
2023-04-04 11:30:00-04:00,37.40999984741211,37.43000030517578,37.279998779296875,37.290000915527344,20609,0.0,0.0,0.0
2023-04-04 12:30:00-04:00,37.36000061035156,37.380001068115234,37.349998474121094,37.380001068115234,62550,0.0,0.0,0.0
2023-04-04 13:30:00-04:00,37.40999984741211,37.40999984741211,37.31999969482422,37.31999969482422,4218,0.0,0.0,0.0
2023-04-04 14:30:00-04:00,37.290000915527344,37.31999969482422,37.2599983215332,37.310001373291016,1798,0.0,0.0,0.0
2023-04-04 15:30:00-04:00,37.27000045776367,37.349998474121094,37.2400016784668,37.34000015258789,4583,0.0,0.0,0.0
2023-04-05 09:30:00-04:00,37.34000015258789,37.34000015258789,37.2400016784668,37.2400016784668,0,0.0,0.0,0.0
2023-04-05 10:30:00-04:00,37.2400016784668,37.2400016784668,37.130001068115234,37.15999984741211,3972,0.0,0.0,0.0
2023-04-05 11:30:00-04:00,37.20640182495117,37.20640182495117,37.099998474121094,37.099998474121094,962,0.0,0.0,0.0
2023-04-05 12:30:00-04:00,37.099998474121094,37.178001403808594,37.09000015258789,37.16999816894531,4063,0.0,0.0,0.0
2023-04-05 13:30:00-04:00,37.16999816894531,37.220001220703125,37.16999816894531,37.20000076293945,1254,0.0,0.0,0.0
2023-04-05 14:30:00-04:00,37.220001220703125,37.220001220703125,37.18000030517578,37.18000030517578,1231,0.0,0.0,0.0
2023-04-05 15:30:00-04:00,37.22999954223633,37.25,37.22999954223633,37.22999954223633,1117,0.0,0.0,0.0
2023-04-06 09:30:00-04:00,37.11000061035156,37.20000076293945,37.11000061035156,37.20000076293945,0,0.0,0.0,0.0
2023-04-06 10:30:00-04:00,37.1515998840332,37.20000076293945,37.1515998840332,37.20000076293945,1461,0.0,0.0,0.0
2023-04-06 11:30:00-04:00,37.27000045776367,37.3578987121582,37.27000045776367,37.3578987121582,473,0.0,0.0,0.0
2023-04-06 12:30:00-04:00,37.380001068115234,37.40999984741211,37.380001068115234,37.40999984741211,237,0.0,0.0,0.0
2023-04-06 13:30:00-04:00,37.40999984741211,37.40999984741211,37.38999938964844,37.400001525878906,12275,0.0,0.0,0.0
2023-04-06 14:30:00-04:00,37.45220184326172,37.45220184326172,37.401100158691406,37.40999984741211,2678,0.0,0.0,0.0
2023-04-06 15:30:00-04:00,37.43000030517578,37.459999084472656,37.43000030517578,37.459999084472656,1138,0.0,0.0,0.0
2023-04-10 09:30:00-04:00,37.279998779296875,37.279998779296875,37.279998779296875,37.279998779296875,543,0.0,0.0,0.0
2023-04-10 10:30:00-04:00,37.23609924316406,37.27000045776367,37.209999084472656,37.27000045776367,2083,0.0,0.0,0.0
2023-04-10 11:30:00-04:00,37.2599983215332,37.27000045776367,37.2599983215332,37.27000045776367,4659,0.0,0.0,0.0
2023-04-10 13:30:00-04:00,37.38010025024414,37.41999816894531,37.37269973754883,37.41999816894531,2430,0.0,0.0,0.0
2023-04-10 14:30:00-04:00,37.3760986328125,37.43220138549805,37.3760986328125,37.43000030517578,1011,0.0,0.0,0.0
2023-04-10 15:30:00-04:00,37.415000915527344,37.474998474121094,37.415000915527344,37.459999084472656,2926,0.0,0.0,0.0
2023-04-11 09:30:00-04:00,37.45000076293945,37.4900016784668,37.439998626708984,37.4900016784668,3866,0.0,0.0,0.0
2023-04-11 10:30:00-04:00,37.442100524902344,37.442100524902344,37.43000030517578,37.43000030517578,2203,0.0,0.0,0.0
2023-04-11 12:30:00-04:00,37.54999923706055,37.54999923706055,37.5099983215332,37.529998779296875,784,0.0,0.0,0.0
2023-04-11 13:30:00-04:00,37.53670120239258,37.58000183105469,37.53670120239258,37.54999923706055,5498,0.0,0.0,0.0
2023-04-11 14:30:00-04:00,37.59000015258789,37.61000061035156,37.56999969482422,37.599998474121094,15650,0.0,0.0,0.0
2023-04-11 15:30:00-04:00,37.61000061035156,37.61000061035156,37.456600189208984,37.4900016784668,3317,0.0,0.0,0.0
2023-04-12 09:30:00-04:00,37.72999954223633,37.72999954223633,37.63629913330078,37.63629913330078,0,0.0,0.0,0.0
2023-04-12 10:30:00-04:00,37.650001525878906,37.650001525878906,37.4099006652832,37.459999084472656,2198,0.0,0.0,0.0
2023-04-12 11:30:00-04:00,37.459999084472656,37.529998779296875,37.459999084472656,37.529998779296875,977,0.0,0.0,0.0
2023-04-12 12:30:00-04:00,37.540000915527344,37.619998931884766,37.540000915527344,37.619998931884766,1516,0.0,0.0,0.0
2023-04-12 13:30:00-04:00,37.650001525878906,37.650001525878906,37.56999969482422,37.599998474121094,4873,0.0,0.0,0.0
2023-04-12 14:30:00-04:00,37.41379928588867,37.41999816894531,37.279998779296875,37.279998779296875,7989,0.0,0.0,0.0
2023-04-12 15:30:00-04:00,37.279998779296875,37.349998474121094,37.244998931884766,37.31999969482422,46379,0.0,0.0,0.0
2023-04-13 09:30:00-04:00,37.38090133666992,37.43000030517578,37.36000061035156,37.43000030517578,0,0.0,0.0,0.0
2023-04-13 10:30:00-04:00,37.5,37.5,37.480201721191406,37.48500061035156,3122,0.0,0.0,0.0
2023-04-13 11:30:00-04:00,37.51499938964844,37.58000183105469,37.51499938964844,37.58000183105469,3100,0.0,0.0,0.0
2023-04-13 13:30:00-04:00,37.630001068115234,37.69499969482422,37.630001068115234,37.69499969482422,2744,0.0,0.0,0.0
2023-04-13 14:30:00-04:00,37.7400016784668,37.7400016784668,37.7400016784668,37.7400016784668,138,0.0,0.0,0.0
2023-04-13 15:30:00-04:00,37.75,37.77000045776367,37.72999954223633,37.77000045776367,3696,0.0,0.0,0.0
2023-04-14 09:30:00-04:00,37.619998931884766,37.84000015258789,37.619998931884766,37.68000030517578,20376,0.0,0.0,0.0
2023-04-14 10:30:00-04:00,37.59000015258789,37.650001525878906,37.56999969482422,37.599998474121094,1680,0.0,0.0,0.0
2023-04-14 11:30:00-04:00,37.57500076293945,37.57500076293945,37.5099983215332,37.5099983215332,5907,0.0,0.0,0.0
2023-04-14 13:30:00-04:00,37.459999084472656,37.56999969482422,37.459999084472656,37.56999969482422,13066,0.0,0.0,0.0
2023-04-14 14:30:00-04:00,37.599998474121094,37.599998474121094,37.599998474121094,37.599998474121094,784,0.0,0.0,0.0
2023-04-14 15:30:00-04:00,37.623199462890625,37.689998626708984,37.623199462890625,37.66999816894531,3629,0.0,0.0,0.0
2023-04-17 09:30:00-04:00,37.67499923706055,37.67499923706055,37.630001068115234,37.630001068115234,1737,0.0,0.0,0.0
2023-04-17 10:30:00-04:00,37.61000061035156,37.61000061035156,37.59000015258789,37.599998474121094,3815,0.0,0.0,0.0
2023-04-17 11:30:00-04:00,37.54999923706055,37.54999923706055,37.5099983215332,37.540000915527344,4258,0.0,0.0,0.0
2023-04-17 13:30:00-04:00,37.560001373291016,37.560001373291016,37.560001373291016,37.560001373291016,399,0.0,0.0,0.0
2023-04-17 14:30:00-04:00,37.560001373291016,37.71730041503906,37.560001373291016,37.71730041503906,1625,0.0,0.0,0.0
2023-04-17 15:30:00-04:00,37.70000076293945,37.7599983215332,37.70000076293945,37.7599983215332,37730,0.0,0.0,0.0
2023-04-18 09:30:00-04:00,37.76499938964844,37.77000045776367,37.72999954223633,37.7400016784668,0,0.0,0.0,0.0
2023-04-18 10:30:00-04:00,37.65999984741211,37.709999084472656,37.65999984741211,37.709999084472656,6148,0.0,0.0,0.0
2023-04-18 11:30:00-04:00,37.66999816894531,37.72999954223633,37.66999816894531,37.72999954223633,270,0.0,0.0,0.0
2023-04-18 12:30:00-04:00,37.7400016784668,37.7599983215332,37.720001220703125,37.720001220703125,1614,0.0,0.0,0.0
2023-04-18 13:30:00-04:00,37.7400016784668,37.760101318359375,37.72999954223633,37.7599983215332,10575,0.0,0.0,0.0
2023-04-18 14:30:00-04:00,37.77000045776367,37.77000045776367,37.70000076293945,37.7599983215332,5717,0.0,0.0,0.0
2023-04-18 15:30:00-04:00,37.72999954223633,37.790000915527344,37.720001220703125,37.77000045776367,8987,0.0,0.0,0.0
2023-04-19 09:30:00-04:00,37.58000183105469,37.599998474121094,37.47010040283203,37.599998474121094,0,0.0,0.0,0.0
2023-04-19 10:30:00-04:00,37.650001525878906,37.6697998046875,37.650001525878906,37.6697998046875,3414,0.0,0.0,0.0
2023-04-19 11:30:00-04:00,37.63999938964844,37.63999938964844,37.63999938964844,37.63999938964844,742,0.0,0.0,0.0
2023-04-19 12:30:00-04:00,37.709999084472656,37.709999084472656,37.709999084472656,37.709999084472656,434,0.0,0.0,0.0
2023-04-19 14:30:00-04:00,37.72010040283203,37.7599983215332,37.720001220703125,37.7599983215332,1819,0.0,0.0,0.0
2023-04-19 15:30:00-04:00,37.7400016784668,37.7400016784668,37.68000030517578,37.689998626708984,479,0.0,0.0,0.0
2023-04-20 09:30:00-04:00,37.369998931884766,37.52000045776367,37.369998931884766,37.52000045776367,0,0.0,0.0,0.0
2023-04-20 10:30:00-04:00,37.54999923706055,37.58000183105469,37.529998779296875,37.529998779296875,1420,0.0,0.0,0.0
2023-04-20 11:30:00-04:00,37.51789855957031,37.560001373291016,37.51789855957031,37.560001373291016,2183,0.0,0.0,0.0
2023-04-20 13:30:00-04:00,37.66999816894531,37.66999816894531,37.56999969482422,37.56999969482422,1538,0.0,0.0,0.0
2023-04-20 14:30:00-04:00,37.540000915527344,37.540000915527344,37.369998931884766,37.369998931884766,5608,0.0,0.0,0.0
2023-04-20 15:30:00-04:00,37.38999938964844,37.52000045776367,37.38999938964844,37.52000045776367,2309,0.0,0.0,0.0
2023-04-21 09:30:00-04:00,37.54999923706055,37.54999923706055,37.5,37.5,0,0.0,0.0,0.0
2023-04-21 10:30:00-04:00,37.40999984741211,37.4900016784668,37.400001525878906,37.4900016784668,1539,0.0,0.0,0.0
2023-04-21 11:30:00-04:00,37.5099983215332,37.52000045776367,37.5,37.52000045776367,1665,0.0,0.0,0.0
2023-04-21 12:30:00-04:00,37.4900016784668,37.5099983215332,37.4900016784668,37.5099983215332,302,0.0,0.0,0.0
2023-04-21 13:30:00-04:00,37.53010177612305,37.58000183105469,37.529998779296875,37.54999923706055,11770,0.0,0.0,0.0
2023-04-21 14:30:00-04:00,37.507999420166016,37.51250076293945,37.4900016784668,37.5,3146,0.0,0.0,0.0
2023-04-21 15:30:00-04:00,37.52000045776367,37.58000183105469,37.52000045776367,37.58000183105469,1238,0.0,0.0,0.0
2023-04-24 09:30:00-04:00,37.459999084472656,37.59000015258789,37.459999084472656,37.58000183105469,0,0.0,0.0,0.0
2023-04-24 10:30:00-04:00,37.487701416015625,37.4900016784668,37.439998626708984,37.45000076293945,2897,0.0,0.0,0.0
2023-04-24 11:30:00-04:00,37.45000076293945,37.45000076293945,37.380001068115234,37.380001068115234,1442,0.0,0.0,0.0
2023-04-24 12:30:00-04:00,37.43000030517578,37.43000030517578,37.43000030517578,37.43000030517578,197,0.0,0.0,0.0
2023-04-24 13:30:00-04:00,37.47999954223633,37.4900016784668,37.47990036010742,37.47999954223633,988,0.0,0.0,0.0
2023-04-24 14:30:00-04:00,37.45000076293945,37.4900016784668,37.45000076293945,37.4900016784668,1113,0.0,0.0,0.0
2023-04-24 15:30:00-04:00,37.47999954223633,37.47999954223633,37.47999954223633,37.47999954223633,260,0.0,0.0,0.0
2023-04-25 10:30:00-04:00,37.27000045776367,37.338401794433594,37.27000045776367,37.338401794433594,1744,0.0,0.0,0.0
2023-04-25 11:30:00-04:00,37.25,37.25,37.20000076293945,37.20000076293945,1563,0.0,0.0,0.0
2023-04-25 13:30:00-04:00,37.0098991394043,37.02000045776367,37.0098991394043,37.02000045776367,985,0.0,0.0,0.0
2023-04-25 14:30:00-04:00,37.0099983215332,37.02000045776367,36.981998443603516,37.02000045776367,1410,0.0,0.0,0.0
2023-04-25 15:30:00-04:00,36.96989822387695,36.970001220703125,36.90999984741211,36.91999816894531,5489,0.0,0.0,0.0
2023-04-26 09:30:00-04:00,37.09000015258789,37.099998474121094,37.09000015258789,37.099998474121094,0,0.0,0.0,0.0
2023-04-26 10:30:00-04:00,36.994998931884766,37.15999984741211,36.9900016784668,37.130001068115234,1584,0.0,0.0,0.0
2023-04-26 11:30:00-04:00,37.13999938964844,37.150001525878906,37.119998931884766,37.130001068115234,5376,0.0,0.0,0.0
2023-04-26 12:30:00-04:00,37.099998474121094,37.099998474121094,37.099998474121094,37.099998474121094,487,0.0,0.0,0.0
2023-04-26 13:30:00-04:00,36.912200927734375,36.959999084472656,36.912200927734375,36.959999084472656,1625,0.0,0.0,0.0
2023-04-26 14:30:00-04:00,36.89339828491211,36.91999816894531,36.869998931884766,36.869998931884766,3739,0.0,0.0,0.0
2023-04-26 15:30:00-04:00,36.869998931884766,36.88679885864258,36.869998931884766,36.88679885864258,326,0.0,0.0,0.0
2023-04-27 10:30:00-04:00,37.11989974975586,37.12009811401367,37.11989974975586,37.12009811401367,692,0.0,0.0,0.0
2023-04-27 12:30:00-04:00,37.310001373291016,37.310001373291016,37.310001373291016,37.310001373291016,638,0.0,0.0,0.0
2023-04-27 14:30:00-04:00,37.52000045776367,37.570098876953125,37.52000045776367,37.570098876953125,591,0.0,0.0,0.0
2023-04-27 15:30:00-04:00,37.58440017700195,37.58440017700195,37.58440017700195,37.58440017700195,0,0.0,0.0,0.0
2023-04-28 09:30:00-04:00,37.630001068115234,37.720001220703125,37.630001068115234,37.720001220703125,1722,0.0,0.0,0.0
2023-04-28 10:30:00-04:00,37.689998626708984,37.720001220703125,37.630001068115234,37.720001220703125,1791,0.0,0.0,0.0
2023-04-28 11:30:00-04:00,37.849998474121094,37.849998474121094,37.849998474121094,37.849998474121094,111,0.0,0.0,0.0
2023-04-28 12:30:00-04:00,37.88999938964844,37.91999816894531,37.88990020751953,37.91999816894531,4305,0.0,0.0,0.0
2023-04-28 13:30:00-04:00,37.880001068115234,37.880001068115234,37.880001068115234,37.880001068115234,203,0.0,0.0,0.0
2023-04-28 14:30:00-04:00,37.86470031738281,37.900001525878906,37.83000183105469,37.900001525878906,823,0.0,0.0,0.0
2023-04-28 15:30:00-04:00,37.900001525878906,38.0,37.900001525878906,37.970001220703125,619,0.0,0.0,0.0
2023-05-01 09:30:00-04:00,37.89659881591797,37.9900016784668,37.89659881591797,37.98970031738281,1817,0.0,0.0,0.0
2023-05-01 10:30:00-04:00,38.029998779296875,38.060001373291016,38.02000045776367,38.060001373291016,3016,0.0,0.0,0.0
2023-05-01 11:30:00-04:00,37.97999954223633,38.060001373291016,37.970001220703125,38.060001373291016,20736,0.0,0.0,0.0
2023-05-01 12:30:00-04:00,38.06999969482422,38.11000061035156,38.06999969482422,38.06999969482422,7685,0.0,0.0,0.0
2023-05-01 13:30:00-04:00,38.08000183105469,38.09469985961914,38.029998779296875,38.029998779296875,6008,0.0,0.0,0.0
2023-05-01 14:30:00-04:00,37.959999084472656,38.0,37.959999084472656,37.9900016784668,9599,0.0,0.0,0.0
2023-05-01 15:30:00-04:00,37.97999954223633,37.97999954223633,37.91999816894531,37.939998626708984,14806,0.0,0.0,0.0
2023-05-02 09:30:00-04:00,37.63999938964844,37.63999938964844,37.63999938964844,37.63999938964844,0,0.0,0.0,0.0
2023-05-02 10:30:00-04:00,37.41999816894531,37.41999816894531,37.33700180053711,37.33700180053711,3524,0.0,0.0,0.0
2023-05-02 11:30:00-04:00,37.310001373291016,37.369998931884766,37.310001373291016,37.369998931884766,1397,0.0,0.0,0.0
2023-05-02 12:30:00-04:00,37.40999984741211,37.470001220703125,37.40999984741211,37.470001220703125,1842,0.0,0.0,0.0
2023-05-02 13:30:00-04:00,37.54999923706055,37.54999923706055,37.470001220703125,37.470001220703125,1529,0.0,0.0,0.0
2023-05-02 14:30:00-04:00,37.540000915527344,37.560001373291016,37.540000915527344,37.560001373291016,1323,0.0,0.0,0.0
2023-05-02 15:30:00-04:00,37.582401275634766,37.59400177001953,37.5099983215332,37.5099983215332,5309,0.0,0.0,0.0
2023-05-03 09:30:00-04:00,37.5099983215332,37.625,37.5099983215332,37.625,0,0.0,0.0,0.0
2023-05-03 10:30:00-04:00,37.53499984741211,37.54990005493164,37.5,37.53310012817383,2281,0.0,0.0,0.0
2023-05-03 11:30:00-04:00,37.599998474121094,37.630001068115234,37.599998474121094,37.630001068115234,1846,0.0,0.0,0.0
2023-05-03 14:30:00-04:00,37.65999984741211,37.709800720214844,37.47999954223633,37.47999954223633,1679,0.0,0.0,0.0
2023-05-03 15:30:00-04:00,37.38999938964844,37.39099884033203,37.34000015258789,37.34000015258789,0,0.0,0.0,0.0
2023-05-04 09:30:00-04:00,37.16999816894531,37.16999816894531,37.0099983215332,37.0099983215332,11943,0.0,0.0,0.0
2023-05-04 10:30:00-04:00,37.060001373291016,37.18000030517578,37.02000045776367,37.18000030517578,3550,0.0,0.0,0.0
2023-05-04 11:30:00-04:00,37.09000015258789,37.099998474121094,37.0,37.0901985168457,2311,0.0,0.0,0.0
2023-05-04 12:30:00-04:00,37.180198669433594,37.180198669433594,37.180198669433594,37.180198669433594,431,0.0,0.0,0.0
2023-05-04 13:30:00-04:00,37.20000076293945,37.20000076293945,37.20000076293945,37.20000076293945,212,0.0,0.0,0.0
2023-05-04 14:30:00-04:00,37.06999969482422,37.06999969482422,37.06999969482422,37.06999969482422,334,0.0,0.0,0.0
2023-05-04 15:30:00-04:00,37.130001068115234,37.15999984741211,37.08000183105469,37.09000015258789,1070,0.0,0.0,0.0
2023-05-05 09:30:00-04:00,37.34000015258789,37.529998779296875,37.34000015258789,37.5099983215332,0,0.0,0.0,0.0
2023-05-05 10:30:00-04:00,37.540000915527344,37.599998474121094,37.540000915527344,37.560001373291016,2552,0.0,0.0,0.0
2023-05-05 11:30:00-04:00,37.59000015258789,37.59000015258789,37.54999923706055,37.54999923706055,526,0.0,0.0,0.0
2023-05-05 12:30:00-04:00,37.529998779296875,37.61000061035156,37.529998779296875,37.61000061035156,1245,0.0,0.0,0.0
2023-05-05 13:30:00-04:00,37.6150016784668,37.650001525878906,37.6150016784668,37.63999938964844,1308,0.0,0.0,0.0
2023-05-05 14:30:00-04:00,37.720001220703125,37.81999969482422,37.720001220703125,37.810001373291016,3885,0.0,0.0,0.0
2023-05-05 15:30:00-04:00,37.779998779296875,37.779998779296875,37.779998779296875,37.779998779296875,100,0.0,0.0,0.0
2023-05-08 09:30:00-04:00,37.71649932861328,37.71649932861328,37.63999938964844,37.63999938964844,845,0.0,0.0,0.0
2023-05-08 10:30:00-04:00,37.70000076293945,37.709999084472656,37.678001403808594,37.70000076293945,1505,0.0,0.0,0.0
2023-05-08 11:30:00-04:00,37.630001068115234,37.68000030517578,37.630001068115234,37.68000030517578,1173,0.0,0.0,0.0
2023-05-08 13:30:00-04:00,37.689998626708984,37.72999954223633,37.63999938964844,37.72999954223633,958,0.0,0.0,0.0
2023-05-08 14:30:00-04:00,37.72999954223633,37.75,37.72999954223633,37.75,1459,0.0,0.0,0.0
2023-05-08 15:30:00-04:00,37.709999084472656,37.74980163574219,37.709999084472656,37.74980163574219,881,0.0,0.0,0.0
2023-05-09 09:30:00-04:00,37.59000015258789,37.619998931884766,37.59000015258789,37.619998931884766,0,0.0,0.0,0.0
2023-05-09 10:30:00-04:00,37.65999984741211,37.65999984741211,37.619998931884766,37.619998931884766,4321,0.0,0.0,0.0
2023-05-09 11:30:00-04:00,37.63990020751953,37.63999938964844,37.63990020751953,37.63999938964844,241,0.0,0.0,0.0
2023-05-09 13:30:00-04:00,37.65999984741211,37.65999984741211,37.65999984741211,37.65999984741211,388,0.0,0.0,0.0
2023-05-09 14:30:00-04:00,37.62839889526367,37.62839889526367,37.619998931884766,37.619998931884766,225,0.0,0.0,0.0
2023-05-10 09:30:00-04:00,37.810001373291016,37.84000015258789,37.810001373291016,37.84000015258789,0,0.0,0.0,0.0
2023-05-10 10:30:00-04:00,37.637901306152344,37.637901306152344,37.630001068115234,37.630001068115234,643,0.0,0.0,0.0
2023-05-10 11:30:00-04:00,37.689998626708984,37.689998626708984,37.619998931884766,37.630001068115234,2199,0.0,0.0,0.0
2023-05-10 12:30:00-04:00,37.579898834228516,37.58000183105469,37.579898834228516,37.58000183105469,316,0.0,0.0,0.0
2023-05-10 13:30:00-04:00,37.5099983215332,37.679901123046875,37.5099983215332,37.679901123046875,488,0.0,0.0,0.0
2023-05-10 14:30:00-04:00,37.790000915527344,37.790000915527344,37.779998779296875,37.779998779296875,1162,0.0,0.0,0.0
2023-05-10 15:30:00-04:00,37.87009811401367,37.87009811401367,37.81999969482422,37.81999969482422,206,0.0,0.0,0.0
2023-05-11 09:30:00-04:00,37.630001068115234,37.630001068115234,37.56999969482422,37.58000183105469,0,0.0,0.0,0.0
2023-05-11 10:30:00-04:00,37.56990051269531,37.689998626708984,37.56990051269531,37.650001525878906,1106,0.0,0.0,0.0
2023-05-11 11:30:00-04:00,37.709999084472656,37.709999084472656,37.709999084472656,37.709999084472656,202,0.0,0.0,0.0
2023-05-11 12:30:00-04:00,37.709999084472656,37.72999954223633,37.688899993896484,37.688899993896484,1864,0.0,0.0,0.0
2023-05-11 14:30:00-04:00,37.65999984741211,37.7400016784668,37.65999984741211,37.709999084472656,2886,0.0,0.0,0.0
2023-05-12 09:30:00-04:00,37.88999938964844,37.88999938964844,37.84000015258789,37.84000015258789,0,0.0,0.0,0.0
2023-05-12 10:30:00-04:00,37.70109939575195,37.7400016784668,37.689998626708984,37.7400016784668,1166,0.0,0.0,0.0
2023-05-12 11:30:00-04:00,37.650001525878906,37.650001525878906,37.60649871826172,37.60649871826172,107656,0.0,0.0,0.0
2023-05-12 12:30:00-04:00,37.59170150756836,37.63999938964844,37.54999923706055,37.63999938964844,19041,0.0,0.0,0.0
2023-05-12 13:30:00-04:00,37.56999969482422,37.56999969482422,37.528499603271484,37.528499603271484,1917,0.0,0.0,0.0
2023-05-12 14:30:00-04:00,37.5359992980957,37.630001068115234,37.51499938964844,37.630001068115234,1323,0.0,0.0,0.0
2023-05-12 15:30:00-04:00,37.63999938964844,37.720699310302734,37.63999938964844,37.720699310302734,4979,0.0,0.0,0.0
2023-05-15 09:30:00-04:00,37.68000030517578,37.720001220703125,37.630001068115234,37.66999816894531,7852,0.0,0.0,0.0
2023-05-15 10:30:00-04:00,37.68000030517578,37.75,37.68000030517578,37.75,23575,0.0,0.0,0.0
2023-05-15 11:30:00-04:00,37.7400016784668,37.7400016784668,37.7400016784668,37.7400016784668,1257,0.0,0.0,0.0
2023-05-15 12:30:00-04:00,37.7599983215332,37.830101013183594,37.7599983215332,37.81999969482422,5902,0.0,0.0,0.0
2023-05-15 13:30:00-04:00,37.75,37.75,37.75,37.75,1189,0.0,0.0,0.0
2023-05-15 14:30:00-04:00,37.779998779296875,37.81999969482422,37.779998779296875,37.81990051269531,11382,0.0,0.0,0.0
2023-05-15 15:30:00-04:00,37.81999969482422,37.81999969482422,37.790000915527344,37.790000915527344,1335,0.0,0.0,0.0
2023-05-16 09:30:00-04:00,37.709999084472656,37.709999084472656,37.709999084472656,37.709999084472656,0,0.0,0.0,0.0
2023-05-16 10:30:00-04:00,37.720001220703125,37.72999954223633,37.720001220703125,37.72999954223633,963,0.0,0.0,0.0
2023-05-16 11:30:00-04:00,37.76020050048828,37.76020050048828,37.76020050048828,37.76020050048828,259,0.0,0.0,0.0
2023-05-16 12:30:00-04:00,37.77000045776367,37.810001373291016,37.77000045776367,37.810001373291016,468,0.0,0.0,0.0
2023-05-16 13:30:00-04:00,37.755001068115234,37.779998779296875,37.71500015258789,37.72999954223633,3230,0.0,0.0,0.0
2023-05-16 14:30:00-04:00,37.719398498535156,37.7599983215332,37.709999084472656,37.7599983215332,2030,0.0,0.0,0.0
2023-05-16 15:30:00-04:00,37.75,37.75,37.65530014038086,37.65530014038086,769,0.0,0.0,0.0
2023-05-17 10:30:00-04:00,37.779998779296875,37.85020065307617,37.779998779296875,37.81999969482422,2436,0.0,0.0,0.0
2023-05-17 11:30:00-04:00,37.84000015258789,37.849998474121094,37.83000183105469,37.849998474121094,2909,0.0,0.0,0.0
2023-05-17 13:30:00-04:00,38.099998474121094,38.130001068115234,38.08000183105469,38.112998962402344,607,0.0,0.0,0.0
2023-05-17 14:30:00-04:00,38.06999969482422,38.099998474121094,38.06999969482422,38.099998474121094,346,0.0,0.0,0.0
2023-05-17 15:30:00-04:00,38.04999923706055,38.11069869995117,38.04999923706055,38.11069869995117,4080,0.0,0.0,0.0
2023-05-18 09:30:00-04:00,38.099998474121094,38.2400016784668,38.0364990234375,38.2400016784668,0,0.0,0.0,0.0
2023-05-18 10:30:00-04:00,38.2599983215332,38.2599983215332,38.25,38.25,837,0.0,0.0,0.0
2023-05-18 11:30:00-04:00,38.380001068115234,38.380001068115234,38.2400016784668,38.2599983215332,6985,0.0,0.0,0.0
2023-05-18 12:30:00-04:00,38.27000045776367,38.27000045776367,38.2400016784668,38.2400016784668,333,0.0,0.0,0.0
2023-05-18 13:30:00-04:00,38.170101165771484,38.170101165771484,38.13999938964844,38.13999938964844,673,0.0,0.0,0.0
2023-05-18 14:30:00-04:00,38.255001068115234,38.34000015258789,38.255001068115234,38.34000015258789,340,0.0,0.0,0.0
2023-05-19 09:30:00-04:00,38.470001220703125,38.59000015258789,38.470001220703125,38.59000015258789,0,0.0,0.0,0.0
2023-05-19 10:30:00-04:00,38.58000183105469,38.58000183105469,38.4900016784668,38.4900016784668,2140,0.0,0.0,0.0
2023-05-19 11:30:00-04:00,38.380001068115234,38.43000030517578,38.34000015258789,38.380001068115234,2272,0.0,0.0,0.0
2023-05-19 12:30:00-04:00,38.3390007019043,38.439998626708984,38.3390007019043,38.41899871826172,545,0.0,0.0,0.0
2023-05-19 13:30:00-04:00,38.41899871826172,38.41899871826172,38.34000015258789,38.34000015258789,416,0.0,0.0,0.0
2023-05-19 14:30:00-04:00,38.36000061035156,38.43000030517578,38.345001220703125,38.40999984741211,1143,0.0,0.0,0.0
2023-05-19 15:30:00-04:00,38.41999816894531,38.470001220703125,38.41999816894531,38.470001220703125,210,0.0,0.0,0.0
2023-05-22 09:30:00-04:00,38.38999938964844,38.58000183105469,38.38999938964844,38.52000045776367,0,0.0,0.0,0.0
2023-05-22 10:30:00-04:00,38.47999954223633,38.48500061035156,38.47999954223633,38.48500061035156,994,0.0,0.0,0.0
2023-05-22 11:30:00-04:00,38.505001068115234,38.529998779296875,38.505001068115234,38.529998779296875,344,0.0,0.0,0.0
2023-05-22 12:30:00-04:00,38.502601623535156,38.52000045776367,38.5,38.5099983215332,505,0.0,0.0,0.0
2023-05-22 13:30:00-04:00,38.53499984741211,38.53499984741211,38.53499984741211,38.53499984741211,161,0.0,0.0,0.0
2023-05-22 14:30:00-04:00,38.584999084472656,38.584999084472656,38.51499938964844,38.51499938964844,1226,0.0,0.0,0.0
2023-05-23 09:30:00-04:00,38.33000183105469,38.349998474121094,38.3202018737793,38.3202018737793,1427,0.0,0.0,0.0
2023-05-23 10:30:00-04:00,38.354000091552734,38.369998931884766,38.29999923706055,38.29999923706055,2891,0.0,0.0,0.0
2023-05-23 11:30:00-04:00,38.3489990234375,38.3489990234375,38.3489990234375,38.3489990234375,271,0.0,0.0,0.0
2023-05-23 12:30:00-04:00,38.15999984741211,38.189998626708984,38.15999984741211,38.189998626708984,1688,0.0,0.0,0.0
2023-05-23 13:30:00-04:00,38.11000061035156,38.119998931884766,38.0,38.0,674,0.0,0.0,0.0
2023-05-23 14:30:00-04:00,38.005001068115234,38.040000915527344,37.9900016784668,38.02000045776367,2496,0.0,0.0,0.0
2023-05-23 15:30:00-04:00,38.06010055541992,38.06999969482422,38.004600524902344,38.004600524902344,1156,0.0,0.0,0.0
2023-05-24 09:30:00-04:00,37.65999984741211,37.65999984741211,37.558998107910156,37.558998107910156,0,0.0,0.0,0.0
2023-05-24 10:30:00-04:00,37.61000061035156,37.66999816894531,37.53900146484375,37.619998931884766,1413,0.0,0.0,0.0
2023-05-24 11:30:00-04:00,37.58000183105469,37.58000183105469,37.5099983215332,37.5099983215332,2762,0.0,0.0,0.0
2023-05-24 12:30:00-04:00,37.540000915527344,37.560001373291016,37.529998779296875,37.529998779296875,447,0.0,0.0,0.0
2023-05-24 13:30:00-04:00,37.560001373291016,37.630001068115234,37.560001373291016,37.56999969482422,1394,0.0,0.0,0.0
2023-05-24 14:30:00-04:00,37.540000915527344,37.59000015258789,37.540000915527344,37.54999923706055,1338,0.0,0.0,0.0
2023-05-24 15:30:00-04:00,37.72999954223633,37.72999954223633,37.62009811401367,37.62009811401367,0,0.0,0.0,0.0
2023-05-25 09:30:00-04:00,38.2599983215332,38.2599983215332,38.040000915527344,38.040000915527344,0,0.0,0.0,0.0
2023-05-25 10:30:00-04:00,38.07500076293945,38.170101165771484,38.07500076293945,38.15999984741211,3335,0.0,0.0,0.0
2023-05-25 11:30:00-04:00,38.09000015258789,38.119998931884766,38.09000015258789,38.119998931884766,350,0.0,0.0,0.0
2023-05-25 13:30:00-04:00,38.27000045776367,38.27000045776367,38.25,38.25,1602,0.0,0.0,0.0
2023-05-25 14:30:00-04:00,38.19499969482422,38.275001525878906,38.19499969482422,38.25,46272,0.0,0.0,0.0
2023-05-25 15:30:00-04:00,38.310001373291016,38.310001373291016,38.310001373291016,38.310001373291016,100,0.0,0.0,0.0
2023-05-26 09:30:00-04:00,38.29499816894531,38.459999084472656,38.29499816894531,38.459999084472656,0,0.0,0.0,0.0
2023-05-26 10:30:00-04:00,38.60029983520508,38.665000915527344,38.54999923706055,38.54999923706055,1745,0.0,0.0,0.0
2023-05-26 11:30:00-04:00,38.56990051269531,38.66999816894531,38.56549835205078,38.66999816894531,5540,0.0,0.0,0.0
2023-05-26 12:30:00-04:00,38.66999816894531,38.68000030517578,38.660099029541016,38.68000030517578,258,0.0,0.0,0.0
2023-05-26 14:30:00-04:00,38.65650177001953,38.72999954223633,38.650001525878906,38.70000076293945,2471,0.0,0.0,0.0
2023-05-26 15:30:00-04:00,38.70000076293945,38.709999084472656,38.69940185546875,38.69940185546875,383,0.0,0.0,0.0
2023-05-30 09:30:00-04:00,38.959999084472656,38.959999084472656,38.68000030517578,38.68000030517578,0,0.0,0.0,0.0
2023-05-30 10:30:00-04:00,38.7400016784668,38.75,38.650001525878906,38.650001525878906,1445,0.0,0.0,0.0
2023-05-30 11:30:00-04:00,38.70000076293945,38.72999954223633,38.66999816894531,38.66999816894531,835,0.0,0.0,0.0
2023-05-30 12:30:00-04:00,38.66999816894531,38.66999816894531,38.599998474121094,38.599998474121094,2394,0.0,0.0,0.0
2023-05-30 13:30:00-04:00,38.61000061035156,38.630001068115234,38.53010177612305,38.630001068115234,2116,0.0,0.0,0.0
2023-05-30 14:30:00-04:00,38.65999984741211,38.720001220703125,38.62200164794922,38.62200164794922,2274,0.0,0.0,0.0
2023-05-30 15:30:00-04:00,38.68000030517578,38.68000030517578,38.68000030517578,38.68000030517578,179,0.0,0.0,0.0
2023-05-31 09:30:00-04:00,38.380001068115234,38.5099983215332,38.30039978027344,38.30039978027344,0,0.0,0.0,0.0
2023-05-31 10:30:00-04:00,38.290000915527344,38.3489990234375,38.25,38.28990173339844,1678,0.0,0.0,0.0
2023-05-31 11:30:00-04:00,38.279998779296875,38.279998779296875,38.279998779296875,38.279998779296875,261,0.0,0.0,0.0
2023-05-31 12:30:00-04:00,38.22999954223633,38.25040054321289,38.22999954223633,38.25040054321289,1959,0.0,0.0,0.0
2023-05-31 13:30:00-04:00,38.369998931884766,38.459999084472656,38.369998931884766,38.45989990234375,3383,0.0,0.0,0.0
2023-05-31 14:30:00-04:00,38.43000030517578,38.43000030517578,38.36009979248047,38.36009979248047,736,0.0,0.0,0.0
2023-05-31 15:30:00-04:00,38.443599700927734,38.470001220703125,38.43000030517578,38.43000030517578,832,0.0,0.0,0.0
2023-06-01 09:30:00-04:00,38.33000183105469,38.43000030517578,38.33000183105469,38.41999816894531,0,0.0,0.0,0.0
2023-06-01 10:30:00-04:00,38.500099182128906,38.560001373291016,38.500099182128906,38.560001373291016,570,0.0,0.0,0.0
2023-06-01 11:30:00-04:00,38.59000015258789,38.70000076293945,38.59000015258789,38.65999984741211,1815,0.0,0.0,0.0
2023-06-01 12:30:00-04:00,38.68000030517578,38.68000030517578,38.66999816894531,38.68000030517578,36414,0.0,0.0,0.0
2023-06-01 13:30:00-04:00,38.70000076293945,38.779998779296875,38.70000076293945,38.779998779296875,2425,0.0,0.0,0.0
2023-06-01 14:30:00-04:00,38.77000045776367,38.790000915527344,38.7322998046875,38.7322998046875,3821,0.0,0.0,0.0
2023-06-02 09:30:00-04:00,39.0,39.11000061035156,39.0,39.11000061035156,0,0.0,0.0,0.0
2023-06-02 10:30:00-04:00,39.280399322509766,39.29999923706055,39.262001037597656,39.262001037597656,2297,0.0,0.0,0.0
2023-06-02 11:30:00-04:00,39.290000915527344,39.290000915527344,39.28499984741211,39.28499984741211,531,0.0,0.0,0.0
2023-06-02 12:30:00-04:00,39.37009811401367,39.37009811401367,39.37009811401367,39.37009811401367,293,0.0,0.0,0.0
2023-06-02 13:30:00-04:00,39.35219955444336,39.369998931884766,39.34000015258789,39.36000061035156,3083,0.0,0.0,0.0
2023-06-02 14:30:00-04:00,39.38999938964844,39.41999816894531,39.38999938964844,39.40999984741211,586,0.0,0.0,0.0
2023-06-02 15:30:00-04:00,39.38999938964844,39.43000030517578,39.369998931884766,39.371700286865234,3788,0.0,0.0,0.0
2023-06-05 09:30:00-04:00,39.369998931884766,39.369998931884766,39.36000061035156,39.36000061035156,0,0.0,0.0,0.0
2023-06-05 10:30:00-04:00,39.400001525878906,39.400001525878906,39.349998474121094,39.380001068115234,2664,0.0,0.0,0.0
2023-06-05 11:30:00-04:00,39.38949966430664,39.448299407958984,39.38949966430664,39.448299407958984,876,0.0,0.0,0.0
2023-06-05 12:30:00-04:00,39.45000076293945,39.4900016784668,39.45000076293945,39.4900016784668,1521,0.0,0.0,0.0
2023-06-05 13:30:00-04:00,39.358001708984375,39.369998931884766,39.357200622558594,39.357200622558594,2754,0.0,0.0,0.0
2023-06-05 14:30:00-04:00,39.27000045776367,39.27000045776367,39.27000045776367,39.27000045776367,463,0.0,0.0,0.0
2023-06-05 15:30:00-04:00,39.345001220703125,39.369998931884766,39.33470153808594,39.349998474121094,720,0.0,0.0,0.0
2023-06-06 10:30:00-04:00,39.4099006652832,39.4099006652832,39.3849983215332,39.3849983215332,0,0.0,0.0,0.0
2023-06-06 11:30:00-04:00,39.40999984741211,39.40999984741211,39.40999984741211,39.40999984741211,500,0.0,0.0,0.0
2023-06-06 12:30:00-04:00,39.33000183105469,39.33000183105469,39.279998779296875,39.279998779296875,428,0.0,0.0,0.0
2023-06-06 13:30:00-04:00,39.31999969482422,39.31999969482422,39.29999923706055,39.29999923706055,1569,0.0,0.0,0.0
2023-06-06 14:30:00-04:00,39.33000183105469,39.400001525878906,39.33000183105469,39.36000061035156,1776,0.0,0.0,0.0
2023-06-06 15:30:00-04:00,39.369998931884766,39.43000030517578,39.349998474121094,39.419700622558594,0,0.0,0.0,0.0
2023-06-07 09:30:00-04:00,39.439998626708984,39.51900100708008,38.810001373291016,39.310001373291016,85296,0.0,0.0,0.0
2023-06-07 10:30:00-04:00,39.34000015258789,39.349998474121094,39.220001220703125,39.2400016784668,15396,0.0,0.0,0.0
2023-06-07 11:30:00-04:00,39.290000915527344,39.290000915527344,39.209999084472656,39.209999084472656,1118,0.0,0.0,0.0
2023-06-07 12:30:00-04:00,39.16999816894531,39.209999084472656,39.099998474121094,39.099998474121094,1031,0.0,0.0,0.0
2023-06-07 13:30:00-04:00,39.15999984741211,39.165000915527344,39.150001525878906,39.165000915527344,701,0.0,0.0,0.0
2023-06-07 14:30:00-04:00,39.11000061035156,39.169498443603516,39.11000061035156,39.15999984741211,1195,0.0,0.0,0.0
2023-06-07 15:30:00-04:00,39.11000061035156,39.21799850463867,39.11000061035156,39.16999816894531,6036,0.0,0.0,0.0
2023-06-08 10:30:00-04:00,39.18000030517578,39.2599983215332,39.18000030517578,39.2599983215332,1379,0.0,0.0,0.0
2023-06-08 11:30:00-04:00,39.279998779296875,39.279998779296875,39.279998779296875,39.279998779296875,462,0.0,0.0,0.0
2023-06-08 12:30:00-04:00,39.36000061035156,39.36000061035156,39.290000915527344,39.290000915527344,3660,0.0,0.0,0.0
2023-06-08 13:30:00-04:00,39.25,39.310001373291016,39.25,39.310001373291016,2294,0.0,0.0,0.0
2023-06-08 14:30:00-04:00,39.34000015258789,39.369998931884766,39.33000183105469,39.349998474121094,4306,0.0,0.0,0.0
2023-06-08 15:30:00-04:00,39.34000015258789,39.38999938964844,39.34000015258789,39.380001068115234,990,0.0,0.0,0.0
2023-06-09 10:30:00-04:00,39.62540054321289,39.62540054321289,39.625,39.625,592,0.0,0.0,0.0
2023-06-09 11:30:00-04:00,39.45500183105469,39.45500183105469,39.38999938964844,39.38999938964844,846,0.0,0.0,0.0
2023-06-09 13:30:00-04:00,39.5099983215332,39.5099983215332,39.499900817871094,39.5,2890,0.0,0.0,0.0
2023-06-09 14:30:00-04:00,39.5,39.5,39.45000076293945,39.470001220703125,1684,0.0,0.0,0.0
2023-06-09 15:30:00-04:00,39.470001220703125,39.470001220703125,39.45000076293945,39.459999084472656,1716,0.0,0.0,0.0
2023-06-12 09:30:00-04:00,39.58000183105469,39.58000183105469,39.5,39.5,0,0.0,0.0,0.0
2023-06-12 10:30:00-04:00,39.47600173950195,39.47600173950195,39.459999084472656,39.46099853515625,1061,0.0,0.0,0.0
2023-06-12 11:30:00-04:00,39.52000045776367,39.52000045776367,39.52000045776367,39.52000045776367,162,0.0,0.0,0.0
2023-06-12 12:30:00-04:00,39.56999969482422,39.56999969482422,39.55419921875,39.55419921875,3796,0.0,0.0,0.0
2023-06-12 13:30:00-04:00,39.59000015258789,39.60900115966797,39.59000015258789,39.60900115966797,367,0.0,0.0,0.0
2023-06-12 14:30:00-04:00,39.61989974975586,39.7599983215332,39.61989974975586,39.75,1125,0.0,0.0,0.0
2023-06-12 15:30:00-04:00,39.7599983215332,39.810001373291016,39.7599983215332,39.810001373291016,2581,0.0,0.0,0.0
2023-06-13 09:30:00-04:00,40.0,40.029998779296875,39.970001220703125,40.0,2865,0.0,0.0,0.0
2023-06-13 10:30:00-04:00,40.0,40.12310028076172,40.0,40.12310028076172,470,0.0,0.0,0.0
2023-06-13 11:30:00-04:00,40.119998931884766,40.119998931884766,40.08000183105469,40.08000183105469,3980,0.0,0.0,0.0
2023-06-13 12:30:00-04:00,40.13999938964844,40.161800384521484,40.12099838256836,40.161800384521484,2130,0.0,0.0,0.0
2023-06-13 13:30:00-04:00,40.150001525878906,40.150001525878906,40.119998931884766,40.119998931884766,507,0.0,0.0,0.0
2023-06-13 14:30:00-04:00,40.030799865722656,40.119998931884766,40.030799865722656,40.11000061035156,477,0.0,0.0,0.0
2023-06-13 15:30:00-04:00,40.099998474121094,40.18000030517578,40.099998474121094,40.18000030517578,5919,0.0,0.0,0.0
2023-06-14 09:30:00-04:00,40.27000045776367,40.31999969482422,40.27000045776367,40.290000915527344,0,0.0,0.0,0.0
2023-06-14 10:30:00-04:00,40.310001373291016,40.31999969482422,40.308998107910156,40.310001373291016,2166,0.0,0.0,0.0
2023-06-14 11:30:00-04:00,40.380001068115234,40.38999938964844,40.31999969482422,40.38999938964844,78669,0.0,0.0,0.0
2023-06-14 12:30:00-04:00,40.310298919677734,40.310298919677734,40.310298919677734,40.310298919677734,200,0.0,0.0,0.0
2023-06-14 13:30:00-04:00,40.27000045776367,40.29999923706055,40.25,40.25,1656,0.0,0.0,0.0
2023-06-14 14:30:00-04:00,40.0099983215332,40.290000915527344,40.0099983215332,40.16999816894531,14361,0.0,0.0,0.0
2023-06-14 15:30:00-04:00,40.20000076293945,40.22999954223633,40.119998931884766,40.22930145263672,768,0.0,0.0,0.0
2023-06-15 09:30:00-04:00,40.255001068115234,40.400001525878906,40.255001068115234,40.400001525878906,0,0.0,0.0,0.0
2023-06-15 10:30:00-04:00,40.47999954223633,40.52000045776367,40.47999954223633,40.5098991394043,890,0.0,0.0,0.0
2023-06-15 11:30:00-04:00,40.638999938964844,40.66999816894531,40.59000015258789,40.66999816894531,1179,0.0,0.0,0.0
2023-06-15 12:30:00-04:00,40.650001525878906,40.650001525878906,40.63999938964844,40.63999938964844,404,0.0,0.0,0.0
2023-06-15 13:30:00-04:00,40.75,40.75,40.75,40.75,149,0.0,0.0,0.0
2023-06-15 14:30:00-04:00,40.84000015258789,40.93000030517578,40.82600021362305,40.93000030517578,886,0.0,0.0,0.0
2023-06-15 15:30:00-04:00,40.880001068115234,40.880001068115234,40.84000015258789,40.84000015258789,322,0.0,0.0,0.0
2023-06-16 09:30:00-04:00,41.02000045776367,41.02000045776367,40.900001525878906,40.900001525878906,0,0.0,0.0,0.0
2023-06-16 10:30:00-04:00,40.99100112915039,40.99100112915039,40.88999938964844,40.900001525878906,554,0.0,0.0,0.0
2023-06-16 11:30:00-04:00,40.880001068115234,40.90999984741211,40.87990188598633,40.90999984741211,650,0.0,0.0,0.0
2023-06-16 12:30:00-04:00,40.970001220703125,40.970001220703125,40.970001220703125,40.970001220703125,109,0.0,0.0,0.0
2023-06-16 13:30:00-04:00,40.88999938964844,40.88999938964844,40.849998474121094,40.85540008544922,1261,0.0,0.0,0.0
2023-06-16 14:30:00-04:00,40.83000183105469,40.849998474121094,40.75,40.75,1096,0.0,0.0,0.0
2023-06-16 15:30:00-04:00,40.7599983215332,40.77000045776367,40.66999816894531,40.66999816894531,1895,0.0,0.0,0.0
2023-06-20 09:30:00-04:00,40.439998626708984,40.579898834228516,40.290000915527344,40.290000915527344,13867,0.0,0.0,0.0
2023-06-20 10:30:00-04:00,40.30500030517578,40.34000015258789,40.30500030517578,40.34000015258789,450,0.0,0.0,0.0
2023-06-20 11:30:00-04:00,40.369998931884766,40.369998931884766,40.369998931884766,40.369998931884766,302,0.0,0.0,0.0
2023-06-20 12:30:00-04:00,40.54999923706055,40.56999969482422,40.54010009765625,40.560001373291016,950,0.0,0.0,0.0
2023-06-20 14:30:00-04:00,40.5260009765625,40.54999923706055,40.5260009765625,40.54999923706055,988,0.0,0.0,0.0
2023-06-20 15:30:00-04:00,40.5099983215332,40.59000015258789,40.5099983215332,40.540000915527344,10788,0.0,0.0,0.0
2023-06-21 09:30:00-04:00,40.380001068115234,40.380001068115234,40.380001068115234,40.380001068115234,431,0.0,0.0,0.0
2023-06-21 10:30:00-04:00,40.29690170288086,40.29690170288086,40.209999084472656,40.209999084472656,2547,0.0,0.0,0.0
2023-06-21 11:30:00-04:00,40.3297004699707,40.3297004699707,40.3297004699707,40.3297004699707,1349,0.0,0.0,0.0
2023-06-21 12:30:00-04:00,40.310001373291016,40.310001373291016,40.310001373291016,40.310001373291016,575,0.0,0.0,0.0
2023-06-21 13:30:00-04:00,40.22999954223633,40.27000045776367,40.209999084472656,40.27000045776367,1473,0.0,0.0,0.0
2023-06-21 14:30:00-04:00,40.35929870605469,40.380001068115234,40.31999969482422,40.31999969482422,6462,0.0,0.0,0.0
2023-06-21 15:30:00-04:00,40.279998779296875,40.279998779296875,40.20000076293945,40.20000076293945,4708,0.0,0.0,0.0
2023-06-22 09:30:00-04:00,40.029998779296875,40.2599983215332,40.029998779296875,40.224998474121094,0,0.0,0.0,0.0
2023-06-22 10:30:00-04:00,40.189998626708984,40.209999084472656,40.15999984741211,40.209999084472656,1372,0.0,0.0,0.0
2023-06-22 11:30:00-04:00,40.165000915527344,40.27949905395508,40.165000915527344,40.22999954223633,934,0.0,0.0,0.0
2023-06-22 12:30:00-04:00,40.2400016784668,40.2400016784668,40.239898681640625,40.239898681640625,268,0.0,0.0,0.0
2023-06-22 13:30:00-04:00,40.275001525878906,40.279998779296875,40.275001525878906,40.279998779296875,381,0.0,0.0,0.0
2023-06-22 14:30:00-04:00,40.2859992980957,40.33399963378906,40.2859992980957,40.33399963378906,1499,0.0,0.0,0.0
2023-06-22 15:30:00-04:00,40.279998779296875,40.349998474121094,40.279998779296875,40.33000183105469,533,0.0,0.0,0.0
2023-06-23 09:30:00-04:00,39.810001373291016,39.810001373291016,39.809898376464844,39.809898376464844,538,0.0,0.0,0.0
2023-06-23 10:30:00-04:00,39.86000061035156,39.86000061035156,39.83000183105469,39.83000183105469,1088,0.0,0.0,0.0
2023-06-23 11:30:00-04:00,39.800498962402344,39.810001373291016,39.800498962402344,39.810001373291016,1153,0.0,0.0,0.0
2023-06-23 12:30:00-04:00,39.93000030517578,39.93000030517578,39.93000030517578,39.93000030517578,464,0.0,0.0,0.0
2023-06-23 13:30:00-04:00,39.95500183105469,39.95500183105469,39.90999984741211,39.90999984741211,559,0.0,0.0,0.0
2023-06-23 14:30:00-04:00,39.88999938964844,39.88999938964844,39.7599983215332,39.84000015258789,2692,0.0,0.0,0.0
2023-06-23 15:30:00-04:00,39.83000183105469,39.86000061035156,39.83000183105469,39.83000183105469,2059,0.0,0.0,0.0
2023-06-26 09:30:00-04:00,39.81999969482422,39.89099884033203,39.81999969482422,39.89099884033203,0,0.0,0.0,0.0
2023-06-26 10:30:00-04:00,39.77000045776367,39.779998779296875,39.77000045776367,39.77000045776367,1237,0.0,0.0,0.0
2023-06-26 11:30:00-04:00,39.70000076293945,39.70000076293945,39.70000076293945,39.70000076293945,133,0.0,0.0,0.0
2023-06-26 12:30:00-04:00,39.59000015258789,39.619998931884766,39.59000015258789,39.619998931884766,454,0.0,0.0,0.0
2023-06-26 13:30:00-04:00,39.59000015258789,39.59000015258789,39.56999969482422,39.56999969482422,6446,0.0,0.0,0.0
2023-06-26 14:30:00-04:00,39.65999984741211,39.66999816894531,39.63999938964844,39.650001525878906,12935,0.0,0.0,0.0
2023-06-26 15:30:00-04:00,39.645599365234375,39.645599365234375,39.52000045776367,39.52000045776367,3484,0.0,0.0,0.0
2023-06-27 09:30:00-04:00,39.709999084472656,39.709999084472656,39.63999938964844,39.654998779296875,2550,0.0,0.0,0.0
2023-06-27 10:30:00-04:00,39.650001525878906,39.70000076293945,39.650001525878906,39.70000076293945,902,0.0,0.0,0.0
2023-06-27 11:30:00-04:00,39.834598541259766,39.834598541259766,39.810001373291016,39.810001373291016,556,0.0,0.0,0.0
2023-06-27 12:30:00-04:00,39.86000061035156,39.900001525878906,39.86000061035156,39.900001525878906,348,0.0,0.0,0.0
2023-06-27 13:30:00-04:00,39.97999954223633,40.029998779296875,39.97999954223633,40.029998779296875,1406,0.0,0.0,0.0
2023-06-27 14:30:00-04:00,40.02000045776367,40.040000915527344,40.02000045776367,40.040000915527344,744,0.0,0.0,0.0
2023-06-27 15:30:00-04:00,40.09000015258789,40.09000015258789,40.04999923706055,40.060001373291016,1202,0.0,0.0,0.0
2023-06-28 09:30:00-04:00,39.88999938964844,39.99399948120117,39.88999938964844,39.99399948120117,40649,0.0,0.0,0.0
2023-06-28 10:30:00-04:00,40.040000915527344,40.040000915527344,39.959999084472656,39.959999084472656,1091,0.0,0.0,0.0
2023-06-28 11:30:00-04:00,40.0099983215332,40.150001525878906,40.0099983215332,40.064998626708984,8847,0.0,0.0,0.0
2023-06-28 12:30:00-04:00,40.04999923706055,40.04999923706055,39.90999984741211,40.0,6604,0.0,0.0,0.0
2023-06-28 13:30:00-04:00,40.02000045776367,40.029998779296875,39.935001373291016,40.02000045776367,8407,0.0,0.0,0.0
2023-06-28 14:30:00-04:00,40.0099983215332,40.02000045776367,39.93000030517578,39.970001220703125,10022,0.0,0.0,0.0
2023-06-28 15:30:00-04:00,39.970001220703125,40.11000061035156,39.959999084472656,40.04999923706055,11365,0.0,0.0,0.0
2023-06-29 09:30:00-04:00,40.11000061035156,40.11000061035156,40.064998626708984,40.064998626708984,0,0.0,0.0,0.0
2023-06-29 11:30:00-04:00,40.189998626708984,40.189998626708984,40.189998626708984,40.189998626708984,1170,0.0,0.0,0.0
2023-06-29 13:30:00-04:00,40.119998931884766,40.119998931884766,40.11989974975586,40.11989974975586,2921,0.0,0.0,0.0
2023-06-29 14:30:00-04:00,40.130001068115234,40.130001068115234,40.130001068115234,40.130001068115234,993,0.0,0.0,0.0
2023-06-29 15:30:00-04:00,40.17900085449219,40.189998626708984,40.16999816894531,40.189998626708984,1704,0.0,0.0,0.0
2023-06-30 09:30:00-04:00,40.41999816894531,40.68000030517578,40.41999816894531,40.654998779296875,0,0.0,0.0,0.0
2023-06-30 10:30:00-04:00,40.689998626708984,40.689998626708984,40.59989929199219,40.630001068115234,3910,0.0,0.0,0.0
2023-06-30 11:30:00-04:00,40.599998474121094,40.599998474121094,40.560001373291016,40.59000015258789,1046,0.0,0.0,0.0
2023-06-30 12:30:00-04:00,40.63999938964844,40.689998626708984,40.63999938964844,40.68000030517578,1072,0.0,0.0,0.0
2023-06-30 13:30:00-04:00,40.709999084472656,40.720001220703125,40.70000076293945,40.720001220703125,1161,0.0,0.0,0.0
2023-06-30 14:30:00-04:00,40.720001220703125,40.720001220703125,40.70000076293945,40.71849822998047,1906,0.0,0.0,0.0
2023-06-30 15:30:00-04:00,40.72999954223633,40.72999954223633,40.599998474121094,40.650001525878906,3245,0.0,0.0,0.0
2023-07-03 09:30:00-04:00,40.66999816894531,40.709999084472656,40.66999816894531,40.70989990234375,0,0.0,0.0,0.0
2023-07-03 10:30:00-04:00,40.689701080322266,40.689701080322266,40.65999984741211,40.65999984741211,1207,0.0,0.0,0.0
2023-07-03 11:30:00-04:00,40.689998626708984,40.70009994506836,40.68000030517578,40.70009994506836,1584,0.0,0.0,0.0
2023-07-03 12:30:00-04:00,40.7411994934082,40.7411994934082,40.7411994934082,40.7411994934082,129,0.0,0.0,0.0
2023-07-05 09:30:00-04:00,40.540000915527344,40.74869918823242,40.540000915527344,40.72999954223633,0,0.0,0.0,0.0
2023-07-05 10:30:00-04:00,40.72999954223633,40.7400016784668,40.72200012207031,40.7400016784668,3430,0.0,0.0,0.0
2023-07-05 11:30:00-04:00,40.7599983215332,40.7599983215332,40.709999084472656,40.7400016784668,11101,0.0,0.0,0.0
2023-07-05 12:30:00-04:00,40.71200180053711,40.71200180053711,40.70000076293945,40.70000076293945,840,0.0,0.0,0.0
2023-07-05 13:30:00-04:00,40.70500183105469,40.74440002441406,40.630001068115234,40.630001068115234,4449,0.0,0.0,0.0
2023-07-05 14:30:00-04:00,40.717899322509766,40.741600036621094,40.709598541259766,40.709598541259766,1260,0.0,0.0,0.0
2023-07-06 09:30:00-04:00,40.15999984741211,40.17940139770508,40.15999984741211,40.17599868774414,0,0.0,0.0,0.0
2023-07-06 10:30:00-04:00,40.13999938964844,40.13999938964844,40.13999938964844,40.13999938964844,390,0.0,0.0,0.0
2023-07-06 12:30:00-04:00,40.310001373291016,40.310001373291016,40.310001373291016,40.310001373291016,728,0.0,0.0,0.0
2023-07-06 13:30:00-04:00,40.36000061035156,40.37820053100586,40.36000061035156,40.37820053100586,1489,0.0,0.0,0.0
2023-07-06 14:30:00-04:00,40.41999816894531,40.41999816894531,40.369998931884766,40.380001068115234,3447,0.0,0.0,0.0
2023-07-06 15:30:00-04:00,40.367801666259766,40.369998931884766,40.31999969482422,40.31999969482422,1366,0.0,0.0,0.0
2023-07-07 09:30:00-04:00,40.349998474121094,40.349998474121094,40.349998474121094,40.349998474121094,0,0.0,0.0,0.0
2023-07-07 10:30:00-04:00,40.379798889160156,40.40169906616211,40.369998931884766,40.400001525878906,21042,0.0,0.0,0.0
2023-07-07 11:30:00-04:00,40.400001525878906,40.47840118408203,40.400001525878906,40.47840118408203,5974,0.0,0.0,0.0
2023-07-07 12:30:00-04:00,40.56999969482422,40.56999969482422,40.56999969482422,40.56999969482422,1326,0.0,0.0,0.0
2023-07-07 13:30:00-04:00,40.54999923706055,40.54999923706055,40.54999923706055,40.54999923706055,399,0.0,0.0,0.0
2023-07-07 14:30:00-04:00,40.49169921875,40.49169921875,40.49169921875,40.49169921875,800,0.0,0.0,0.0
2023-07-07 15:30:00-04:00,40.22999954223633,40.22999954223633,40.22999954223633,40.22999954223633,882,0.0,0.0,0.0
2023-07-10 09:30:00-04:00,40.34000015258789,40.35499954223633,40.34000015258789,40.35499954223633,0,0.0,0.0,0.0
2023-07-10 10:30:00-04:00,40.279998779296875,40.279998779296875,40.25,40.25,1167,0.0,0.0,0.0
2023-07-10 11:30:00-04:00,40.220001220703125,40.220001220703125,40.16999816894531,40.21989822387695,2889,0.0,0.0,0.0
2023-07-10 12:30:00-04:00,40.21989822387695,40.279998779296875,40.21979904174805,40.27000045776367,27992,0.0,0.0,0.0
2023-07-10 13:30:00-04:00,40.310001373291016,40.310001373291016,40.25,40.25,3948,0.0,0.0,0.0
2023-07-10 14:30:00-04:00,40.279998779296875,40.279998779296875,40.279998779296875,40.279998779296875,106,0.0,0.0,0.0
2023-07-10 15:30:00-04:00,40.25,40.290000915527344,40.25,40.279998779296875,2861,0.0,0.0,0.0
2023-07-11 09:30:00-04:00,40.43000030517578,40.43000030517578,40.43000030517578,40.43000030517578,0,0.0,0.0,0.0
2023-07-11 10:30:00-04:00,40.397701263427734,40.43000030517578,40.397701263427734,40.429901123046875,3793,0.0,0.0,0.0
2023-07-11 11:30:00-04:00,40.47999954223633,40.47999954223633,40.47999954223633,40.47999954223633,181,0.0,0.0,0.0
2023-07-11 12:30:00-04:00,40.44499969482422,40.470001220703125,40.43239974975586,40.43239974975586,2327,0.0,0.0,0.0
2023-07-11 13:30:00-04:00,40.439998626708984,40.45940017700195,40.400001525878906,40.400001525878906,2937,0.0,0.0,0.0
2023-07-11 14:30:00-04:00,40.410301208496094,40.470001220703125,40.410301208496094,40.470001220703125,689,0.0,0.0,0.0
2023-07-11 15:30:00-04:00,40.47999954223633,40.56999969482422,40.47999954223633,40.56999969482422,6784,0.0,0.0,0.0
2023-07-12 09:30:00-04:00,40.91999816894531,41.06999969482422,40.91999816894531,41.04999923706055,0,0.0,0.0,0.0
2023-07-12 10:30:00-04:00,41.06999969482422,41.09000015258789,41.029998779296875,41.040000915527344,2155,0.0,0.0,0.0
2023-07-12 11:30:00-04:00,41.02090072631836,41.02090072631836,40.869998931884766,40.88999938964844,2263,0.0,0.0,0.0
2023-07-12 12:30:00-04:00,40.91999816894531,40.970001220703125,40.91999816894531,40.967498779296875,1484,0.0,0.0,0.0
2023-07-12 13:30:00-04:00,40.97999954223633,41.02000045776367,40.970001220703125,41.02000045776367,2698,0.0,0.0,0.0
2023-07-12 14:30:00-04:00,41.01499938964844,41.01499938964844,40.93000030517578,40.93000030517578,2767,0.0,0.0,0.0
2023-07-12 15:30:00-04:00,40.90999984741211,40.970001220703125,40.900001525878906,40.900001525878906,2540,0.0,0.0,0.0
2023-07-13 09:30:00-04:00,41.16999816894531,41.22999954223633,41.15999984741211,41.18450164794922,0,0.0,0.0,0.0
2023-07-13 10:30:00-04:00,41.205101013183594,41.25,41.20000076293945,41.220001220703125,12092,0.0,0.0,0.0
2023-07-13 11:30:00-04:00,41.22999954223633,41.27000045776367,41.220001220703125,41.27000045776367,3076,0.0,0.0,0.0
2023-07-13 12:30:00-04:00,41.29999923706055,41.29999923706055,41.220001220703125,41.27000045776367,6083,0.0,0.0,0.0
2023-07-13 13:30:00-04:00,41.290000915527344,41.33000183105469,41.27000045776367,41.29999923706055,2369,0.0,0.0,0.0
2023-07-13 14:30:00-04:00,41.31999969482422,41.380001068115234,41.310001373291016,41.380001068115234,9759,0.0,0.0,0.0
2023-07-13 15:30:00-04:00,41.400001525878906,41.459999084472656,41.400001525878906,41.40999984741211,1942,0.0,0.0,0.0
2023-07-14 09:30:00-04:00,41.459999084472656,41.619998931884766,41.459999084472656,41.619998931884766,4497,0.0,0.0,0.0
2023-07-14 10:30:00-04:00,41.51499938964844,41.52009963989258,41.51499938964844,41.52009963989258,1723,0.0,0.0,0.0
2023-07-14 11:30:00-04:00,41.58000183105469,41.58000183105469,41.58000183105469,41.58000183105469,188,0.0,0.0,0.0
2023-07-14 12:30:00-04:00,41.5099983215332,41.52000045776367,41.470001220703125,41.470001220703125,1707,0.0,0.0,0.0
2023-07-14 13:30:00-04:00,41.5,41.5099983215332,41.5,41.5099983215332,382,0.0,0.0,0.0
2023-07-14 14:30:00-04:00,41.45000076293945,41.459999084472656,41.400001525878906,41.42959976196289,913,0.0,0.0,0.0
2023-07-14 15:30:00-04:00,41.400001525878906,41.400001525878906,41.380001068115234,41.38999938964844,647,0.0,0.0,0.0
2023-07-17 09:30:00-04:00,41.45000076293945,41.45000076293945,41.45000076293945,41.45000076293945,0,0.0,0.0,0.0
2023-07-17 10:30:00-04:00,41.46989822387695,41.46989822387695,41.43870162963867,41.43870162963867,3326,0.0,0.0,0.0
2023-07-17 12:30:00-04:00,41.4900016784668,41.520999908447266,41.4900016784668,41.4900016784668,1560,0.0,0.0,0.0
2023-07-17 13:30:00-04:00,41.5,41.525001525878906,41.5,41.525001525878906,13670,0.0,0.0,0.0
2023-07-17 14:30:00-04:00,41.51499938964844,41.599998474121094,41.50090026855469,41.599998474121094,1003,0.0,0.0,0.0
2023-07-17 15:30:00-04:00,41.58000183105469,41.58000183105469,41.56999969482422,41.56999969482422,459,0.0,0.0,0.0
2023-07-18 09:30:00-04:00,41.54999923706055,41.59000015258789,41.54999923706055,41.58000183105469,0,0.0,0.0,0.0
2023-07-18 10:30:00-04:00,41.59000015258789,41.68000030517578,41.59000015258789,41.66999816894531,6931,0.0,0.0,0.0
2023-07-18 11:30:00-04:00,41.75,41.75,41.75,41.75,261,0.0,0.0,0.0
2023-07-18 12:30:00-04:00,41.900001525878906,41.90999984741211,41.86009979248047,41.86009979248047,1565,0.0,0.0,0.0
2023-07-18 13:30:00-04:00,41.939998626708984,42.0,41.939998626708984,41.999900817871094,2286,0.0,0.0,0.0
2023-07-18 14:30:00-04:00,42.0,42.04999923706055,41.959999084472656,42.031700134277344,9572,0.0,0.0,0.0
2023-07-18 15:30:00-04:00,42.0099983215332,42.0099983215332,41.9900016784668,41.9900016784668,308,0.0,0.0,0.0
2023-07-19 09:30:00-04:00,42.09000015258789,42.09000015258789,42.09000015258789,42.09000015258789,0,0.0,0.0,0.0
2023-07-19 10:30:00-04:00,42.09000015258789,42.130001068115234,42.08000183105469,42.08000183105469,2482,0.0,0.0,0.0
2023-07-19 11:30:00-04:00,42.119998931884766,42.119998931884766,42.040000915527344,42.040000915527344,4236,0.0,0.0,0.0
2023-07-19 12:30:00-04:00,41.970001220703125,41.9900016784668,41.970001220703125,41.9900016784668,1346,0.0,0.0,0.0
2023-07-19 14:30:00-04:00,41.98500061035156,42.034000396728516,41.98500061035156,42.034000396728516,1454,0.0,0.0,0.0
2023-07-19 15:30:00-04:00,41.984901428222656,42.029998779296875,41.97999954223633,41.9900016784668,8322,0.0,0.0,0.0
2023-07-20 09:30:00-04:00,41.88800048828125,41.88800048828125,41.7599983215332,41.760101318359375,893,0.0,0.0,0.0
2023-07-20 10:30:00-04:00,41.724998474121094,41.724998474121094,41.724998474121094,41.724998474121094,480,0.0,0.0,0.0
2023-07-20 11:30:00-04:00,41.77899932861328,41.790000915527344,41.7504997253418,41.790000915527344,927,0.0,0.0,0.0
2023-07-20 12:30:00-04:00,41.689998626708984,41.689998626708984,41.689998626708984,41.689998626708984,169,0.0,0.0,0.0
2023-07-20 13:30:00-04:00,41.68000030517578,41.689998626708984,41.599998474121094,41.599998474121094,12828,0.0,0.0,0.0
2023-07-20 14:30:00-04:00,41.53099822998047,41.54240036010742,41.52000045776367,41.54240036010742,2000,0.0,0.0,0.0
2023-07-21 09:30:00-04:00,41.66999816894531,41.70000076293945,41.56999969482422,41.58000183105469,0,0.0,0.0,0.0
2023-07-21 10:30:00-04:00,41.58000183105469,41.720001220703125,41.58000183105469,41.689998626708984,5203,0.0,0.0,0.0
2023-07-21 11:30:00-04:00,41.70000076293945,41.709999084472656,41.630001068115234,41.630001068115234,3610,0.0,0.0,0.0
2023-07-21 12:30:00-04:00,41.650001525878906,41.720001220703125,41.619998931884766,41.720001220703125,3526,0.0,0.0,0.0
2023-07-21 13:30:00-04:00,41.7400016784668,41.77000045776367,41.650001525878906,41.66999816894531,4279,0.0,0.0,0.0
2023-07-21 14:30:00-04:00,41.68000030517578,41.709999084472656,41.560001373291016,41.599998474121094,3926,0.0,0.0,0.0
2023-07-21 15:30:00-04:00,41.58000183105469,41.61000061035156,41.540000915527344,41.56999969482422,0,0.0,0.0,0.0
2023-07-24 09:30:00-04:00,41.619998931884766,41.720001220703125,41.619998931884766,41.71009826660156,3114,0.0,0.0,0.0
2023-07-24 11:30:00-04:00,41.72010040283203,41.72010040283203,41.709999084472656,41.709999084472656,706,0.0,0.0,0.0
2023-07-24 12:30:00-04:00,41.71009826660156,41.72010040283203,41.71009826660156,41.72010040283203,1557,0.0,0.0,0.0
2023-07-24 14:30:00-04:00,41.7599983215332,41.7599983215332,41.70100021362305,41.70100021362305,1232,0.0,0.0,0.0
2023-07-24 15:30:00-04:00,41.70000076293945,41.75,41.70000076293945,41.75,1630,0.0,0.0,0.0
2023-07-25 09:30:00-04:00,41.72999954223633,41.86000061035156,41.72999954223633,41.849998474121094,0,0.0,0.0,0.0
2023-07-25 10:30:00-04:00,41.83000183105469,41.849998474121094,41.83000183105469,41.849998474121094,1814,0.0,0.0,0.0
2023-07-25 11:30:00-04:00,41.91999816894531,41.91999816894531,41.91999816894531,41.91999816894531,125,0.0,0.0,0.0
2023-07-25 12:30:00-04:00,41.93000030517578,41.93000030517578,41.93000030517578,41.93000030517578,627,0.0,0.0,0.0
2023-07-25 13:30:00-04:00,42.00400161743164,42.00400161743164,41.970001220703125,41.97010040283203,1148,0.0,0.0,0.0
2023-07-25 14:30:00-04:00,42.03990173339844,42.040000915527344,41.959999084472656,41.959999084472656,5577,0.0,0.0,0.0
2023-07-25 15:30:00-04:00,41.95500183105469,41.959999084472656,41.90999984741211,41.90999984741211,999,0.0,0.0,0.0
2023-07-26 09:30:00-04:00,41.790000915527344,41.849998474121094,41.790000915527344,41.849998474121094,0,0.0,0.0,0.0
2023-07-26 10:30:00-04:00,41.80500030517578,41.80500030517578,41.7599983215332,41.79999923706055,1806,0.0,0.0,0.0
2023-07-26 11:30:00-04:00,41.806800842285156,41.86000061035156,41.806800842285156,41.86000061035156,2412,0.0,0.0,0.0
2023-07-26 13:30:00-04:00,41.8286018371582,41.8286018371582,41.8286018371582,41.8286018371582,367,0.0,0.0,0.0
2023-07-26 14:30:00-04:00,42.019901275634766,42.02000045776367,41.7400016784668,41.790000915527344,4146,0.0,0.0,0.0
2023-07-26 15:30:00-04:00,41.86000061035156,41.86000061035156,41.849998474121094,41.86000061035156,1118,0.0,0.0,0.0
2023-07-27 09:30:00-04:00,42.22999954223633,42.22999954223633,42.11399841308594,42.11399841308594,42919,0.0,0.0,0.0
2023-07-27 10:30:00-04:00,42.06999969482422,42.06999969482422,42.060001373291016,42.06999969482422,25469,0.0,0.0,0.0
2023-07-27 13:30:00-04:00,41.92499923706055,41.92499923706055,41.79999923706055,41.79999923706055,1529,0.0,0.0,0.0
2023-07-27 15:30:00-04:00,41.59389877319336,41.59389877319336,41.47999954223633,41.54999923706055,1257,0.0,0.0,0.0
2023-07-28 09:30:00-04:00,41.93000030517578,41.970001220703125,41.93000030517578,41.970001220703125,0,0.0,0.0,0.0
2023-07-28 10:30:00-04:00,42.0,42.08399963378906,41.959999084472656,42.08399963378906,3500,0.0,0.0,0.0
2023-07-28 12:30:00-04:00,42.094600677490234,42.094600677490234,42.040000915527344,42.040000915527344,980,0.0,0.0,0.0
2023-07-28 13:30:00-04:00,41.9900016784668,41.9900016784668,41.939998626708984,41.939998626708984,523,0.0,0.0,0.0
2023-07-28 14:30:00-04:00,41.970001220703125,42.060001373291016,41.970001220703125,42.029998779296875,2249,0.0,0.0,0.0
2023-07-28 15:30:00-04:00,42.02000045776367,42.060001373291016,42.02000045776367,42.060001373291016,728,0.0,0.0,0.0
2023-07-31 09:30:00-04:00,42.040000915527344,42.11840057373047,42.040000915527344,42.099998474121094,0,0.0,0.0,0.0
2023-07-31 10:30:00-04:00,42.02000045776367,42.040000915527344,42.02000045776367,42.034698486328125,2203,0.0,0.0,0.0
2023-07-31 11:30:00-04:00,41.9900016784668,42.0099983215332,41.97999954223633,41.97999954223633,756,0.0,0.0,0.0
2023-07-31 12:30:00-04:00,41.97999954223633,41.97999954223633,41.97999954223633,41.97999954223633,829,0.0,0.0,0.0
2023-07-31 14:30:00-04:00,41.970001220703125,42.01900100708008,41.959999084472656,41.959999084472656,1318,0.0,0.0,0.0
2023-08-01 09:30:00-04:00,41.85499954223633,41.869998931884766,41.85499954223633,41.869998931884766,1305,0.0,0.0,0.0
2023-08-01 10:30:00-04:00,41.900001525878906,41.900001525878906,41.900001525878906,41.900001525878906,912,0.0,0.0,0.0
2023-08-01 13:30:00-04:00,41.960899353027344,41.960899353027344,41.960899353027344,41.960899353027344,256,0.0,0.0,0.0
2023-08-01 14:30:00-04:00,41.97999954223633,42.0,41.974998474121094,41.974998474121094,3788,0.0,0.0,0.0
2023-08-01 15:30:00-04:00,41.957000732421875,41.959999084472656,41.953399658203125,41.953399658203125,670,0.0,0.0,0.0
2023-08-02 09:30:00-04:00,41.59000015258789,41.59000015258789,41.529998779296875,41.529998779296875,0,0.0,0.0,0.0
2023-08-02 10:30:00-04:00,41.5,41.5,41.45000076293945,41.45000076293945,527,0.0,0.0,0.0
2023-08-02 11:30:00-04:00,41.439998626708984,41.439998626708984,41.314998626708984,41.314998626708984,2656,0.0,0.0,0.0
2023-08-02 12:30:00-04:00,41.38999938964844,41.38999938964844,41.369998931884766,41.38999938964844,904,0.0,0.0,0.0
2023-08-02 13:30:00-04:00,41.3849983215332,41.3849983215332,41.349998474121094,41.375,707,0.0,0.0,0.0
2023-08-02 14:30:00-04:00,41.369998931884766,41.380001068115234,41.25,41.25,6015,0.0,0.0,0.0
2023-08-02 15:30:00-04:00,41.27000045776367,41.38999938964844,41.27000045776367,41.28099822998047,4435,0.0,0.0,0.0
2023-08-03 09:30:00-04:00,41.13999938964844,41.25,41.11000061035156,41.11000061035156,0,0.0,0.0,0.0
2023-08-03 10:30:00-04:00,41.18000030517578,41.29999923706055,41.150001525878906,41.29999923706055,3385,0.0,0.0,0.0
2023-08-03 11:30:00-04:00,41.27000045776367,41.310001373291016,41.27000045776367,41.29999923706055,1162,0.0,0.0,0.0
2023-08-03 12:30:00-04:00,41.34000015258789,41.40999984741211,41.34000015258789,41.400001525878906,1241,0.0,0.0,0.0
2023-08-03 13:30:00-04:00,41.36000061035156,41.36000061035156,41.279998779296875,41.31999969482422,1239,0.0,0.0,0.0
2023-08-03 14:30:00-04:00,41.31999969482422,41.34000015258789,41.279998779296875,41.279998779296875,1217,0.0,0.0,0.0
2023-08-03 15:30:00-04:00,41.290000915527344,41.29999923706055,41.27000045776367,41.27899932861328,1944,0.0,0.0,0.0
2023-08-04 09:30:00-04:00,41.45000076293945,41.45000076293945,41.34000015258789,41.34000015258789,0,0.0,0.0,0.0
2023-08-04 10:30:00-04:00,41.470001220703125,41.5,41.470001220703125,41.5,2389,0.0,0.0,0.0
2023-08-04 11:30:00-04:00,41.5099983215332,41.589900970458984,41.5099983215332,41.54999923706055,11903,0.0,0.0,0.0
2023-08-04 12:30:00-04:00,41.68000030517578,41.68000030517578,41.54999923706055,41.54999923706055,1881,0.0,0.0,0.0
2023-08-04 13:30:00-04:00,41.56999969482422,41.56999969482422,41.25,41.25,1576,0.0,0.0,0.0
2023-08-04 14:30:00-04:00,41.147300720214844,41.16999816894531,41.13999938964844,41.150001525878906,7936,0.0,0.0,0.0
2023-08-04 15:30:00-04:00,41.099998474121094,41.119998931884766,41.010101318359375,41.119998931884766,713,0.0,0.0,0.0
2023-08-07 09:30:00-04:00,41.2599983215332,41.2599983215332,41.2599983215332,41.2599983215332,0,0.0,0.0,0.0
2023-08-07 10:30:00-04:00,41.470001220703125,41.470001220703125,41.45000076293945,41.45009994506836,1040,0.0,0.0,0.0
2023-08-07 11:30:00-04:00,41.38999938964844,41.439998626708984,41.370601654052734,41.439998626708984,1671,0.0,0.0,0.0
2023-08-07 12:30:00-04:00,41.415000915527344,41.45000076293945,41.415000915527344,41.45000076293945,2833,0.0,0.0,0.0
2023-08-07 13:30:00-04:00,41.4900016784668,41.4900016784668,41.459999084472656,41.459999084472656,2395,0.0,0.0,0.0
2023-08-07 14:30:00-04:00,41.459999084472656,41.5099983215332,41.459999084472656,41.5,4616,0.0,0.0,0.0
2023-08-07 15:30:00-04:00,41.47999954223633,41.58000183105469,41.47999954223633,41.58000183105469,1418,0.0,0.0,0.0
2023-08-08 09:30:00-04:00,41.29999923706055,41.29999923706055,41.29999923706055,41.29999923706055,0,0.0,0.0,0.0
2023-08-08 10:30:00-04:00,41.165000915527344,41.220001220703125,41.130001068115234,41.220001220703125,2233,0.0,0.0,0.0
2023-08-08 11:30:00-04:00,41.13999938964844,41.150001525878906,41.13999938964844,41.150001525878906,412,0.0,0.0,0.0
2023-08-08 12:30:00-04:00,41.189998626708984,41.2599983215332,41.189998626708984,41.2599983215332,1149,0.0,0.0,0.0
2023-08-08 13:30:00-04:00,41.230098724365234,41.31999969482422,41.230098724365234,41.31999969482422,5087,0.0,0.0,0.0
2023-08-08 14:30:00-04:00,41.310001373291016,41.369998931884766,41.290000915527344,41.36000061035156,782,0.0,0.0,0.0
2023-08-08 15:30:00-04:00,41.380001068115234,41.4109992980957,41.36000061035156,41.400001525878906,855,0.0,0.0,0.0
2023-08-09 09:30:00-04:00,41.439998626708984,41.439998626708984,41.34000015258789,41.34000015258789,1709,0.0,0.0,0.0
2023-08-09 10:30:00-04:00,41.33000183105469,41.33000183105469,41.21200180053711,41.21200180053711,606,0.0,0.0,0.0
2023-08-09 11:30:00-04:00,41.130001068115234,41.130001068115234,41.099998474121094,41.099998474121094,467,0.0,0.0,0.0
2023-08-09 12:30:00-04:00,41.17599868774414,41.2599983215332,41.17599868774414,41.2599983215332,589,0.0,0.0,0.0
2023-08-09 13:30:00-04:00,41.27470016479492,41.354698181152344,41.27470016479492,41.354698181152344,623,0.0,0.0,0.0
2023-08-09 14:30:00-04:00,41.2599983215332,41.28499984741211,41.2599983215332,41.28499984741211,849,0.0,0.0,0.0
2023-08-09 15:30:00-04:00,41.18880081176758,41.18880081176758,41.08000183105469,41.08000183105469,2492,0.0,0.0,0.0
2023-08-10 09:30:00-04:00,41.349998474121094,41.58399963378906,41.349998474121094,41.58399963378906,2301,0.0,0.0,0.0
2023-08-10 10:30:00-04:00,41.59000015258789,41.59000015258789,41.5099983215332,41.5099983215332,1161,0.0,0.0,0.0
2023-08-10 11:30:00-04:00,41.40999984741211,41.40999984741211,41.2400016784668,41.24330139160156,3516,0.0,0.0,0.0
2023-08-10 12:30:00-04:00,41.13999938964844,41.13999938964844,41.13999938964844,41.13999938964844,100,0.0,0.0,0.0
2023-08-10 13:30:00-04:00,41.130001068115234,41.220001220703125,41.060001373291016,41.220001220703125,3287,0.0,0.0,0.0
2023-08-10 14:30:00-04:00,41.20000076293945,41.20000076293945,41.16999816894531,41.18000030517578,1131,0.0,0.0,0.0
2023-08-10 15:30:00-04:00,41.14979934692383,41.150001525878906,41.13999938964844,41.13999938964844,1450,0.0,0.0,0.0
2023-08-11 09:30:00-04:00,40.939998626708984,41.1598014831543,40.849998474121094,41.13999938964844,0,0.0,0.0,0.0
2023-08-11 10:30:00-04:00,41.11000061035156,41.11000061035156,40.959999084472656,40.959999084472656,1495,0.0,0.0,0.0
2023-08-11 11:30:00-04:00,40.974998474121094,41.06999969482422,40.939998626708984,41.040000915527344,1122,0.0,0.0,0.0
2023-08-11 12:30:00-04:00,41.005001068115234,41.005001068115234,40.95000076293945,40.9900016784668,1060,0.0,0.0,0.0
2023-08-11 13:30:00-04:00,41.040000915527344,41.040000915527344,41.0,41.02000045776367,1203,0.0,0.0,0.0
2023-08-11 14:30:00-04:00,41.06999969482422,41.11000061035156,41.04999923706055,41.09000015258789,12272,0.0,0.0,0.0
2023-08-11 15:30:00-04:00,41.099998474121094,41.099998474121094,40.97999954223633,40.97999954223633,1107,0.0,0.0,0.0
2023-08-14 09:30:00-04:00,40.900001525878906,41.130001068115234,40.900001525878906,41.119998931884766,0,0.0,0.0,0.0
2023-08-14 10:30:00-04:00,41.15399932861328,41.15399932861328,41.14899826049805,41.14899826049805,982,0.0,0.0,0.0
2023-08-14 11:30:00-04:00,41.20000076293945,41.20000076293945,41.20000076293945,41.20000076293945,185,0.0,0.0,0.0
2023-08-14 12:30:00-04:00,41.24769973754883,41.25,41.24769973754883,41.25,393,0.0,0.0,0.0
2023-08-14 13:30:00-04:00,41.209999084472656,41.209999084472656,41.209999084472656,41.209999084472656,452,0.0,0.0,0.0
2023-08-14 14:30:00-04:00,41.18000030517578,41.18000030517578,41.18000030517578,41.18000030517578,154,0.0,0.0,0.0
2023-08-14 15:30:00-04:00,41.209999084472656,41.29999923706055,41.209999084472656,41.290000915527344,784,0.0,0.0,0.0
2023-08-15 09:30:00-04:00,41.18000030517578,41.18000030517578,41.03350067138672,41.040000915527344,1936,0.0,0.0,0.0
2023-08-15 10:30:00-04:00,41.029998779296875,41.11000061035156,41.029998779296875,41.11000061035156,896,0.0,0.0,0.0
2023-08-15 11:30:00-04:00,41.099998474121094,41.150001525878906,41.09000015258789,41.150001525878906,3988,0.0,0.0,0.0
2023-08-15 13:30:00-04:00,41.060001373291016,41.0703010559082,41.037498474121094,41.04059982299805,932,0.0,0.0,0.0
2023-08-15 14:30:00-04:00,41.08000183105469,41.08000183105469,41.06990051269531,41.06990051269531,2182,0.0,0.0,0.0
2023-08-15 15:30:00-04:00,40.900001525878906,40.939998626708984,40.900001525878906,40.939998626708984,854,0.0,0.0,0.0
2023-08-16 09:30:00-04:00,40.90999984741211,41.07500076293945,40.90999984741211,41.07500076293945,3848,0.0,0.0,0.0
2023-08-16 10:30:00-04:00,41.0099983215332,41.06399917602539,41.0099983215332,41.040000915527344,3609,0.0,0.0,0.0
2023-08-16 12:30:00-04:00,40.86000061035156,40.86000061035156,40.86000061035156,40.86000061035156,453,0.0,0.0,0.0
2023-08-16 13:30:00-04:00,40.790000915527344,40.939998626708984,40.790000915527344,40.90999984741211,815,0.0,0.0,0.0
2023-08-16 14:30:00-04:00,40.66999816894531,40.66999816894531,40.66999816894531,40.66999816894531,100,0.0,0.0,0.0
2023-08-16 15:30:00-04:00,40.70000076293945,40.70000076293945,40.63999938964844,40.63999938964844,0,0.0,0.0,0.0
2023-08-17 09:30:00-04:00,40.709999084472656,40.72999954223633,40.709999084472656,40.72999954223633,1225,0.0,0.0,0.0
2023-08-17 10:30:00-04:00,40.75,40.76969909667969,40.660099029541016,40.660099029541016,3352,0.0,0.0,0.0
2023-08-17 11:30:00-04:00,40.650001525878906,40.666500091552734,40.650001525878906,40.666500091552734,619,0.0,0.0,0.0
2023-08-17 12:30:00-04:00,40.72999954223633,40.72999954223633,40.72999954223633,40.72999954223633,222,0.0,0.0,0.0
2023-08-17 13:30:00-04:00,40.5890007019043,40.5890007019043,40.540000915527344,40.540000915527344,906,0.0,0.0,0.0
2023-08-17 14:30:00-04:00,40.560001373291016,40.560001373291016,40.349998474121094,40.349998474121094,890,0.0,0.0,0.0
2023-08-17 15:30:00-04:00,40.380001068115234,40.41999816894531,40.349998474121094,40.380001068115234,0,0.0,0.0,0.0
2023-08-18 09:30:00-04:00,40.06999969482422,40.095001220703125,40.06999969482422,40.080101013183594,1215,0.0,0.0,0.0
2023-08-18 10:30:00-04:00,40.15999984741211,40.2400016784668,40.130001068115234,40.2400016784668,2009,0.0,0.0,0.0
2023-08-18 11:30:00-04:00,40.209999084472656,40.209999084472656,40.209999084472656,40.209999084472656,1637,0.0,0.0,0.0
2023-08-18 12:30:00-04:00,40.27000045776367,40.27000045776367,40.27000045776367,40.27000045776367,229,0.0,0.0,0.0
2023-08-18 14:30:00-04:00,40.34000015258789,40.34000015258789,40.2599983215332,40.2599983215332,1745,0.0,0.0,0.0
2023-08-18 15:30:00-04:00,40.29999923706055,40.310001373291016,40.279998779296875,40.310001373291016,832,0.0,0.0,0.0
2023-08-21 09:30:00-04:00,40.439998626708984,40.599998474121094,40.439998626708984,40.599998474121094,0,0.0,0.0,0.0
2023-08-21 10:30:00-04:00,40.40999984741211,40.439998626708984,40.325801849365234,40.325801849365234,1337,0.0,0.0,0.0
2023-08-21 11:30:00-04:00,40.369998931884766,40.369998931884766,40.369998931884766,40.369998931884766,137,0.0,0.0,0.0
2023-08-21 12:30:00-04:00,40.45000076293945,40.54209899902344,40.45000076293945,40.54209899902344,1200,0.0,0.0,0.0
2023-08-21 13:30:00-04:00,40.540000915527344,40.599998474121094,40.540000915527344,40.59989929199219,1328,0.0,0.0,0.0
2023-08-21 14:30:00-04:00,40.599998474121094,40.709999084472656,40.599998474121094,40.709999084472656,3545,0.0,0.0,0.0
2023-08-21 15:30:00-04:00,40.689998626708984,40.720001220703125,40.689998626708984,40.720001220703125,1102,0.0,0.0,0.0
2023-08-22 09:30:00-04:00,40.849998474121094,40.849998474121094,40.849998474121094,40.849998474121094,0,0.0,0.0,0.0
2023-08-22 10:30:00-04:00,40.66999816894531,40.7599983215332,40.66999816894531,40.709999084472656,2776,0.0,0.0,0.0
2023-08-22 11:30:00-04:00,40.689998626708984,40.689998626708984,40.689998626708984,40.689998626708984,494,0.0,0.0,0.0
2023-08-22 12:30:00-04:00,40.66999816894531,40.66999816894531,40.540000915527344,40.55609893798828,2111,0.0,0.0,0.0
2023-08-22 13:30:00-04:00,40.540000915527344,40.61000061035156,40.540000915527344,40.609901428222656,1243,0.0,0.0,0.0
2023-08-22 14:30:00-04:00,40.63999938964844,40.68000030517578,40.61000061035156,40.630001068115234,2676,0.0,0.0,0.0
2023-08-22 15:30:00-04:00,40.55070114135742,40.56999969482422,40.529998779296875,40.56999969482422,3351,0.0,0.0,0.0
2023-08-23 09:30:00-04:00,40.66999816894531,40.880001068115234,40.66999816894531,40.880001068115234,749,0.0,0.0,0.0
2023-08-23 10:30:00-04:00,40.880001068115234,40.9900016784668,40.880001068115234,40.9900016784668,1902,0.0,0.0,0.0
2023-08-23 11:30:00-04:00,40.959999084472656,40.97999954223633,40.959999084472656,40.97999954223633,348,0.0,0.0,0.0
2023-08-23 12:30:00-04:00,41.029998779296875,41.029998779296875,41.029998779296875,41.029998779296875,351,0.0,0.0,0.0
2023-08-23 13:30:00-04:00,41.11000061035156,41.11000061035156,41.06999969482422,41.10860061645508,2089,0.0,0.0,0.0
2023-08-23 14:30:00-04:00,41.089900970458984,41.10110092163086,41.02009963989258,41.07500076293945,6230,0.0,0.0,0.0
2023-08-23 15:30:00-04:00,41.09000015258789,41.119998931884766,40.994998931884766,41.040000915527344,7046,0.0,0.0,0.0
2023-08-24 09:30:00-04:00,41.33000183105469,41.33000183105469,41.189998626708984,41.189998626708984,836,0.0,0.0,0.0
2023-08-24 10:30:00-04:00,41.060001373291016,41.060001373291016,40.90999984741211,40.91999816894531,2554,0.0,0.0,0.0
2023-08-24 11:30:00-04:00,40.810001373291016,40.880001068115234,40.810001373291016,40.880001068115234,565,0.0,0.0,0.0
2023-08-24 12:30:00-04:00,40.86000061035156,40.86000061035156,40.86000061035156,40.86000061035156,246,0.0,0.0,0.0
2023-08-24 13:30:00-04:00,40.81999969482422,40.86000061035156,40.81999969482422,40.86000061035156,668,0.0,0.0,0.0
2023-08-24 14:30:00-04:00,40.81999969482422,40.81999969482422,40.7599983215332,40.7599983215332,3107,0.0,0.0,0.0
2023-08-24 15:30:00-04:00,40.7401008605957,40.750099182128906,40.599998474121094,40.599998474121094,0,0.0,0.0,0.0
2023-08-25 09:30:00-04:00,40.689998626708984,40.79010009765625,40.689998626708984,40.75,1093,0.0,0.0,0.0
2023-08-25 10:30:00-04:00,40.52989959716797,40.58000183105469,40.439998626708984,40.494998931884766,2230,0.0,0.0,0.0
2023-08-25 11:30:00-04:00,40.63999938964844,40.650001525878906,40.600101470947266,40.619998931884766,2014,0.0,0.0,0.0
2023-08-25 12:30:00-04:00,40.70000076293945,40.7400016784668,40.70000076293945,40.7400016784668,1602,0.0,0.0,0.0
2023-08-25 13:30:00-04:00,40.630001068115234,40.880001068115234,40.630001068115234,40.880001068115234,1686,0.0,0.0,0.0
2023-08-25 15:30:00-04:00,40.90800094604492,40.91999816894531,40.81999969482422,40.86000061035156,7858,0.0,0.0,0.0
2023-08-28 09:30:00-04:00,41.12950134277344,41.12950134277344,41.12950134277344,41.12950134277344,0,0.0,0.0,0.0
2023-08-28 11:30:00-04:00,40.959999084472656,40.973201751708984,40.95000076293945,40.973201751708984,17289,0.0,0.0,0.0
2023-08-28 12:30:00-04:00,40.97999954223633,40.97999954223633,40.97999954223633,40.97999954223633,189,0.0,0.0,0.0
2023-08-28 13:30:00-04:00,41.04499816894531,41.04499816894531,40.939998626708984,40.940101623535156,1971,0.0,0.0,0.0
2023-08-28 14:30:00-04:00,41.029998779296875,41.029998779296875,41.029998779296875,41.029998779296875,194,0.0,0.0,0.0
2023-08-28 15:30:00-04:00,41.029998779296875,41.08000183105469,41.029998779296875,41.08000183105469,856,0.0,0.0,0.0
2023-08-29 09:30:00-04:00,41.33000183105469,41.470001220703125,41.326499938964844,41.4656982421875,2009,0.0,0.0,0.0
2023-08-29 10:30:00-04:00,41.54999923706055,41.54999923706055,41.470001220703125,41.52000045776367,2278,0.0,0.0,0.0
2023-08-29 11:30:00-04:00,41.65999984741211,41.65999984741211,41.6599006652832,41.6599006652832,714,0.0,0.0,0.0
2023-08-29 12:30:00-04:00,41.68000030517578,41.68000030517578,41.68000030517578,41.68000030517578,407,0.0,0.0,0.0
2023-08-29 13:30:00-04:00,41.68000030517578,41.68000030517578,41.67570114135742,41.67570114135742,2506,0.0,0.0,0.0
2023-08-29 14:30:00-04:00,41.70000076293945,41.70000076293945,41.68000030517578,41.68000030517578,540,0.0,0.0,0.0
2023-08-29 15:30:00-04:00,41.72999954223633,41.733699798583984,41.72999954223633,41.733699798583984,0,0.0,0.0,0.0
2023-08-30 09:30:00-04:00,41.790000915527344,41.95000076293945,41.77000045776367,41.77000045776367,989,0.0,0.0,0.0
2023-08-30 10:30:00-04:00,41.880001068115234,41.88999938964844,41.869998931884766,41.875,2793,0.0,0.0,0.0
2023-08-30 11:30:00-04:00,41.90060043334961,41.939998626708984,41.90060043334961,41.939998626708984,766,0.0,0.0,0.0
2023-08-30 12:30:00-04:00,41.939998626708984,41.939998626708984,41.939998626708984,41.939998626708984,176,0.0,0.0,0.0
2023-08-30 14:30:00-04:00,41.859901428222656,41.93000030517578,41.859901428222656,41.91999816894531,2089,0.0,0.0,0.0
2023-08-30 15:30:00-04:00,41.91999816894531,41.91999816894531,41.915000915527344,41.91999816894531,739,0.0,0.0,0.0
2023-08-31 09:30:00-04:00,41.95000076293945,42.05699920654297,41.95000076293945,42.05699920654297,720,0.0,0.0,0.0
2023-08-31 10:30:00-04:00,42.066001892089844,42.066001892089844,42.01020050048828,42.01020050048828,1661,0.0,0.0,0.0
2023-08-31 12:30:00-04:00,41.880001068115234,41.880001068115234,41.880001068115234,41.880001068115234,295,0.0,0.0,0.0
2023-08-31 13:30:00-04:00,42.0,42.022499084472656,42.0,42.01689910888672,10272,0.0,0.0,0.0
2023-08-31 14:30:00-04:00,41.91999816894531,41.91999816894531,41.90999984741211,41.90999984741211,542,0.0,0.0,0.0
2023-08-31 15:30:00-04:00,41.93989944458008,41.93989944458008,41.88999938964844,41.88999938964844,743,0.0,0.0,0.0
2023-09-01 09:30:00-04:00,42.060001373291016,42.060001373291016,41.52000045776367,42.060001373291016,43789,0.0,0.0,0.0
2023-09-01 10:30:00-04:00,41.900001525878906,41.900001525878906,41.880001068115234,41.880001068115234,1623,0.0,0.0,0.0
2023-09-01 11:30:00-04:00,41.875,41.875,41.875,41.875,224,0.0,0.0,0.0
2023-09-01 12:30:00-04:00,41.79999923706055,41.849998474121094,41.79999923706055,41.849998474121094,637,0.0,0.0,0.0
2023-09-01 13:30:00-04:00,41.779998779296875,41.779998779296875,41.779998779296875,41.779998779296875,1354,0.0,0.0,0.0
2023-09-01 14:30:00-04:00,41.76839828491211,41.76839828491211,41.76839828491211,41.76839828491211,123,0.0,0.0,0.0
2023-09-01 15:30:00-04:00,41.880001068115234,41.880001068115234,41.880001068115234,41.880001068115234,13182,0.0,0.0,0.0
2023-09-05 09:30:00-04:00,41.83000183105469,41.83000183105469,41.810001373291016,41.810001373291016,0,0.0,0.0,0.0
2023-09-05 10:30:00-04:00,41.83000183105469,41.900001525878906,41.81999969482422,41.84000015258789,2907,0.0,0.0,0.0
2023-09-05 13:30:00-04:00,41.83000183105469,41.83000183105469,41.829898834228516,41.829898834228516,2212,0.0,0.0,0.0
2023-09-05 14:30:00-04:00,41.834999084472656,41.834999084472656,41.834999084472656,41.834999084472656,650,0.0,0.0,0.0
2023-09-05 15:30:00-04:00,41.75,41.75,41.720001220703125,41.720001220703125,1265,0.0,0.0,0.0
2023-09-06 09:30:00-04:00,41.650001525878906,41.650001525878906,41.47999954223633,41.47999954223633,0,0.0,0.0,0.0
2023-09-06 10:30:00-04:00,41.469600677490234,41.469600677490234,41.38359832763672,41.38359832763672,2027,0.0,0.0,0.0
2023-09-06 11:30:00-04:00,41.43989944458008,41.43989944458008,41.38999938964844,41.38999938964844,246,0.0,0.0,0.0
2023-09-06 12:30:00-04:00,41.34000015258789,41.36000061035156,41.33060073852539,41.36000061035156,654,0.0,0.0,0.0
2023-09-06 13:30:00-04:00,41.439998626708984,41.439998626708984,41.439998626708984,41.439998626708984,1245,0.0,0.0,0.0
2023-09-06 14:30:00-04:00,41.47999954223633,41.505001068115234,41.439998626708984,41.5,4161,0.0,0.0,0.0
2023-09-06 15:30:00-04:00,41.47999954223633,41.4900016784668,41.47999954223633,41.4900016784668,382,0.0,0.0,0.0
2023-09-07 09:30:00-04:00,41.25,41.369998931884766,41.25,41.36199951171875,0,0.0,0.0,0.0
2023-09-07 10:30:00-04:00,41.380001068115234,41.400001525878906,41.380001068115234,41.400001525878906,1206,0.0,0.0,0.0
2023-09-07 11:30:00-04:00,41.41999816894531,41.41999816894531,41.41999816894531,41.41999816894531,559,0.0,0.0,0.0
2023-09-07 13:30:00-04:00,41.5099983215332,41.5099983215332,41.50320053100586,41.50320053100586,556,0.0,0.0,0.0
2023-09-07 14:30:00-04:00,41.42599868774414,41.5099983215332,41.42599868774414,41.5,13412,0.0,0.0,0.0
2023-09-07 15:30:00-04:00,41.47999954223633,41.47999954223633,41.44499969482422,41.47999954223633,8041,0.0,0.0,0.0
2023-09-08 09:30:00-04:00,41.4900016784668,41.560001373291016,41.4900016784668,41.560001373291016,699,0.0,0.0,0.0
2023-09-08 10:30:00-04:00,41.61000061035156,41.61000061035156,41.58000183105469,41.58000183105469,1317,0.0,0.0,0.0
2023-09-08 11:30:00-04:00,41.61000061035156,41.6349983215332,41.58000183105469,41.619998931884766,1208,0.0,0.0,0.0
2023-09-08 12:30:00-04:00,41.58000183105469,41.58000183105469,41.540000915527344,41.540000915527344,752,0.0,0.0,0.0
2023-09-08 13:30:00-04:00,41.5,41.5,41.47999954223633,41.47999954223633,509,0.0,0.0,0.0
2023-09-08 14:30:00-04:00,41.470001220703125,41.470001220703125,41.45000076293945,41.45000076293945,375,0.0,0.0,0.0
2023-09-08 15:30:00-04:00,41.529998779296875,41.529998779296875,41.4900016784668,41.5,674,0.0,0.0,0.0
2023-09-11 09:30:00-04:00,41.779998779296875,41.779998779296875,41.7400016784668,41.7400016784668,0,0.0,0.0,0.0
2023-09-11 10:30:00-04:00,41.720001220703125,41.7400016784668,41.720001220703125,41.729000091552734,2108,0.0,0.0,0.0
2023-09-11 11:30:00-04:00,41.689998626708984,41.72999954223633,41.689998626708984,41.72999954223633,250,0.0,0.0,0.0
2023-09-11 12:30:00-04:00,41.779998779296875,41.779998779296875,41.779998779296875,41.779998779296875,18104,0.0,0.0,0.0
2023-09-11 13:30:00-04:00,41.845001220703125,41.849998474121094,41.81999969482422,41.83000183105469,3059,0.0,0.0,0.0
2023-09-11 14:30:00-04:00,41.85390090942383,41.85390090942383,41.81999969482422,41.81999969482422,2902,0.0,0.0,0.0
2023-09-11 15:30:00-04:00,41.810001373291016,41.810001373291016,41.810001373291016,41.810001373291016,383,0.0,0.0,0.0
2023-09-12 09:30:00-04:00,41.689998626708984,41.7599983215332,41.68000030517578,41.7599983215332,3503,0.0,0.0,0.0
2023-09-12 10:30:00-04:00,41.68790054321289,41.68790054321289,41.619998931884766,41.63999938964844,10663,0.0,0.0,0.0
2023-09-12 11:30:00-04:00,41.709999084472656,41.720001220703125,41.709999084472656,41.709999084472656,791,0.0,0.0,0.0
2023-09-12 12:30:00-04:00,41.70000076293945,41.72999954223633,41.68000030517578,41.68000030517578,2366,0.0,0.0,0.0
2023-09-12 13:30:00-04:00,41.65999984741211,41.665000915527344,41.650001525878906,41.665000915527344,1608,0.0,0.0,0.0
2023-09-12 14:30:00-04:00,41.6349983215332,41.6349983215332,41.52000045776367,41.52000045776367,1636,0.0,0.0,0.0
2023-09-12 15:30:00-04:00,41.529998779296875,41.529998779296875,41.529998779296875,41.529998779296875,382,0.0,0.0,0.0
2023-09-13 10:30:00-04:00,41.619998931884766,41.67829895019531,41.61000061035156,41.67829895019531,1408,0.0,0.0,0.0
2023-09-13 11:30:00-04:00,41.65999984741211,41.66999816894531,41.65999984741211,41.66999816894531,3577,0.0,0.0,0.0
2023-09-13 12:30:00-04:00,41.65999984741211,41.65999984741211,41.65999984741211,41.65999984741211,255,0.0,0.0,0.0
2023-09-13 13:30:00-04:00,41.709999084472656,41.709999084472656,41.669898986816406,41.669898986816406,695,0.0,0.0,0.0
2023-09-13 14:30:00-04:00,41.654998779296875,41.654998779296875,41.529998779296875,41.54999923706055,5338,0.0,0.0,0.0
2023-09-13 15:30:00-04:00,41.560001373291016,41.599998474121094,41.560001373291016,41.599998474121094,854,0.0,0.0,0.0
2023-09-14 09:30:00-04:00,41.83000183105469,41.83000183105469,41.75,41.75400161743164,2166,0.0,0.0,0.0
2023-09-14 10:30:00-04:00,41.82500076293945,41.900001525878906,41.81999969482422,41.900001525878906,2081,0.0,0.0,0.0
2023-09-14 11:30:00-04:00,41.85499954223633,41.900001525878906,41.85499954223633,41.900001525878906,1276,0.0,0.0,0.0
2023-09-14 12:30:00-04:00,41.90999984741211,41.959999084472656,41.90999984741211,41.93000030517578,2247,0.0,0.0,0.0
2023-09-14 13:30:00-04:00,41.939998626708984,41.939998626708984,41.900001525878906,41.90729904174805,1322,0.0,0.0,0.0
2023-09-14 14:30:00-04:00,41.94020080566406,41.994998931884766,41.94020080566406,41.95000076293945,2777,0.0,0.0,0.0
2023-09-14 15:30:00-04:00,41.95000076293945,41.9900016784668,41.93000030517578,41.9900016784668,2171,0.0,0.0,0.0
2023-09-15 09:30:00-04:00,41.70000076293945,41.70000076293945,41.459999084472656,41.459999084472656,0,0.0,0.0,0.0
2023-09-15 10:30:00-04:00,41.47999954223633,41.47999954223633,41.47999954223633,41.47999954223633,1387,0.0,0.0,0.0
2023-09-15 11:30:00-04:00,41.41999816894531,41.41999816894531,41.40999984741211,41.415000915527344,1321,0.0,0.0,0.0
2023-09-15 12:30:00-04:00,41.33000183105469,41.33000183105469,41.28499984741211,41.28499984741211,504,0.0,0.0,0.0
2023-09-15 13:30:00-04:00,41.26499938964844,41.26499938964844,41.2599983215332,41.2599983215332,527,0.0,0.0,0.0
2023-09-15 14:30:00-04:00,41.2599983215332,41.2599983215332,41.2599983215332,41.2599983215332,121,0.0,0.0,0.0
2023-09-15 15:30:00-04:00,41.2400016784668,41.25,41.220001220703125,41.220001220703125,2435,0.0,0.0,0.0
2023-09-18 09:30:00-04:00,41.16999816894531,41.18000030517578,41.099998474121094,41.18000030517578,0,0.0,0.0,0.0
2023-09-18 10:30:00-04:00,41.20989990234375,41.220001220703125,41.17499923706055,41.20000076293945,2949,0.0,0.0,0.0
2023-09-18 11:30:00-04:00,41.279998779296875,41.279998779296875,41.279998779296875,41.279998779296875,100,0.0,0.0,0.0
2023-09-18 12:30:00-04:00,41.27000045776367,41.27000045776367,41.27000045776367,41.27000045776367,806,0.0,0.0,0.0
2023-09-18 13:30:00-04:00,41.2599983215332,41.2599983215332,41.2598991394043,41.2599983215332,1121,0.0,0.0,0.0
2023-09-18 14:30:00-04:00,41.16999816894531,41.16999816894531,41.16999816894531,41.16999816894531,246,0.0,0.0,0.0
2023-09-18 15:30:00-04:00,41.150001525878906,41.15999984741211,41.148399353027344,41.15599822998047,0,0.0,0.0,0.0
2023-09-19 09:30:00-04:00,41.08000183105469,41.08000183105469,41.08000183105469,41.08000183105469,482,0.0,0.0,0.0
2023-09-19 10:30:00-04:00,40.900001525878906,40.900001525878906,40.8650016784668,40.8650016784668,2059,0.0,0.0,0.0
2023-09-19 11:30:00-04:00,40.89500045776367,40.89500045776367,40.87990188598633,40.87990188598633,555,0.0,0.0,0.0
2023-09-19 12:30:00-04:00,40.83000183105469,40.868099212646484,40.83000183105469,40.868099212646484,3336,0.0,0.0,0.0
2023-09-19 13:30:00-04:00,40.9900016784668,41.02000045776367,40.9900016784668,41.02000045776367,444,0.0,0.0,0.0
2023-09-19 14:30:00-04:00,41.08649826049805,41.08649826049805,41.0,41.029998779296875,1694,0.0,0.0,0.0
2023-09-19 15:30:00-04:00,41.040000915527344,41.040000915527344,41.040000915527344,41.040000915527344,1383,0.0,0.0,0.0
2023-09-20 09:30:00-04:00,41.189998626708984,41.189998626708984,41.189998626708984,41.189998626708984,22183,0.0,0.0,0.0
2023-09-20 10:30:00-04:00,41.16999816894531,41.16999816894531,41.15999984741211,41.15999984741211,3133,0.0,0.0,0.0
2023-09-20 11:30:00-04:00,41.13999938964844,41.13999938964844,41.13999938964844,41.13999938964844,256,0.0,0.0,0.0
2023-09-20 12:30:00-04:00,41.176998138427734,41.176998138427734,41.150001525878906,41.150001525878906,1241,0.0,0.0,0.0
2023-09-20 13:30:00-04:00,41.150001525878906,41.153099060058594,41.005001068115234,41.06919860839844,13632,0.0,0.0,0.0
2023-09-20 14:30:00-04:00,41.09000015258789,41.11009979248047,40.69710159301758,40.69710159301758,0,0.0,0.0,0.0
2023-09-21 09:30:00-04:00,40.369998931884766,40.369998931884766,40.310001373291016,40.310001373291016,1056,0.0,0.0,0.0
2023-09-21 10:30:00-04:00,40.34000015258789,40.34000015258789,40.18000030517578,40.18000030517578,3688,0.0,0.0,0.0
2023-09-21 11:30:00-04:00,40.209999084472656,40.209999084472656,40.16999816894531,40.16999816894531,866,0.0,0.0,0.0
2023-09-21 12:30:00-04:00,40.189998626708984,40.189998626708984,40.15999984741211,40.15999984741211,334,0.0,0.0,0.0
2023-09-21 13:30:00-04:00,40.21500015258789,40.21500015258789,40.21500015258789,40.21500015258789,1013,0.0,0.0,0.0
2023-09-21 14:30:00-04:00,40.11000061035156,40.11000061035156,40.11000061035156,40.11000061035156,239,0.0,0.0,0.0
2023-09-21 15:30:00-04:00,40.0,40.0,39.970001220703125,39.970001220703125,2801,0.0,0.0,0.0
2023-09-22 09:30:00-04:00,40.0,40.0,39.97999954223633,40.0,948,0.0,0.0,0.0
2023-09-22 10:30:00-04:00,40.09709930419922,40.13999938964844,40.09709930419922,40.13999938964844,3295,0.0,0.0,0.0
2023-09-22 11:30:00-04:00,40.06999969482422,40.08000183105469,40.06999969482422,40.06999969482422,741,0.0,0.0,0.0
2023-09-22 12:30:00-04:00,40.130001068115234,40.130001068115234,40.06999969482422,40.06999969482422,213,0.0,0.0,0.0
2023-09-22 13:30:00-04:00,39.93190002441406,39.93190002441406,39.93190002441406,39.93190002441406,490,0.0,0.0,0.0
2023-09-22 14:30:00-04:00,39.86000061035156,40.040000915527344,39.853599548339844,40.040000915527344,819,0.0,0.0,0.0
2023-09-22 15:30:00-04:00,39.999900817871094,39.999900817871094,39.77000045776367,39.779998779296875,1863,0.0,0.0,0.0
2023-09-25 09:30:00-04:00,39.720001220703125,39.81999969482422,39.720001220703125,39.81990051269531,3087,0.0,0.0,0.0
2023-09-25 10:30:00-04:00,39.779998779296875,39.86000061035156,39.775001525878906,39.86000061035156,1636,0.0,0.0,0.0
2023-09-25 12:30:00-04:00,39.88349914550781,39.88349914550781,39.88349914550781,39.88349914550781,165,0.0,0.0,0.0
2023-09-25 13:30:00-04:00,39.83000183105469,39.83000183105469,39.810001373291016,39.829898834228516,1259,0.0,0.0,0.0
2023-09-25 14:30:00-04:00,39.80630111694336,39.849998474121094,39.75,39.75,1191,0.0,0.0,0.0
2023-09-25 15:30:00-04:00,39.81999969482422,39.93000030517578,39.81999969482422,39.93000030517578,2043,0.0,0.0,0.0
2023-09-26 09:30:00-04:00,39.689998626708984,39.689998626708984,39.689998626708984,39.689998626708984,172,0.0,0.0,0.0
2023-09-26 10:30:00-04:00,39.560298919677734,39.56999969482422,39.5,39.5099983215332,2203,0.0,0.0,0.0
2023-09-26 11:30:00-04:00,39.5099983215332,39.5099983215332,39.461700439453125,39.461700439453125,683,0.0,0.0,0.0
2023-09-26 13:30:00-04:00,39.380001068115234,39.439998626708984,39.380001068115234,39.41999816894531,1534,0.0,0.0,0.0
2023-09-26 14:30:00-04:00,39.378700256347656,39.378700256347656,39.378700256347656,39.378700256347656,591,0.0,0.0,0.0
2023-09-26 15:30:00-04:00,39.33980178833008,39.380001068115234,39.33980178833008,39.380001068115234,1733,0.0,0.0,0.0
2023-09-27 09:30:00-04:00,39.4900016784668,39.4900016784668,39.459999084472656,39.4900016784668,941,0.0,0.0,0.0
2023-09-27 10:30:00-04:00,39.455299377441406,39.455299377441406,39.37009811401367,39.37990188598633,0,0.0,0.0,0.0
2023-09-27 11:30:00-04:00,39.220001220703125,39.22999954223633,39.20500183105469,39.22999954223633,5051,0.0,0.0,0.0
2023-09-27 12:30:00-04:00,39.25,39.25,39.165000915527344,39.165000915527344,1052,0.0,0.0,0.0
2023-09-27 13:30:00-04:00,39.150001525878906,39.16999816894531,39.11980056762695,39.16999816894531,1226,0.0,0.0,0.0
2023-09-27 14:30:00-04:00,39.36000061035156,39.49549865722656,39.355201721191406,39.49549865722656,2056,0.0,0.0,0.0
2023-09-27 15:30:00-04:00,39.45500183105469,39.45500183105469,39.345001220703125,39.45000076293945,3170,0.0,0.0,0.0
2023-09-28 09:30:00-04:00,39.34000015258789,39.34000015258789,39.34000015258789,39.34000015258789,946,0.0,0.0,0.0
2023-09-28 10:30:00-04:00,39.54999923706055,39.560001373291016,39.5099983215332,39.540000915527344,2297,0.0,0.0,0.0
2023-09-28 11:30:00-04:00,39.763999938964844,39.763999938964844,39.763999938964844,39.763999938964844,889,0.0,0.0,0.0
2023-09-28 12:30:00-04:00,39.7400016784668,39.7400016784668,39.71500015258789,39.729698181152344,1825,0.0,0.0,0.0
2023-09-28 13:30:00-04:00,39.63999938964844,39.63999938964844,39.63999938964844,39.63999938964844,451,0.0,0.0,0.0
2023-09-28 14:30:00-04:00,39.770301818847656,39.770301818847656,39.77000045776367,39.77000045776367,1754,0.0,0.0,0.0
2023-09-28 15:30:00-04:00,39.779998779296875,39.779998779296875,39.67729949951172,39.67729949951172,532,0.0,0.0,0.0
2023-09-29 09:30:00-04:00,40.040000915527344,40.040000915527344,40.0,40.0,0,0.0,0.0,0.0
2023-09-29 10:30:00-04:00,39.89799880981445,39.89799880981445,39.89799880981445,39.89799880981445,2508,0.0,0.0,0.0
2023-09-29 11:30:00-04:00,39.84000015258789,39.84000015258789,39.834999084472656,39.834999084472656,1255,0.0,0.0,0.0
2023-09-29 12:30:00-04:00,39.58000183105469,39.58000183105469,39.58000183105469,39.58000183105469,122,0.0,0.0,0.0
2023-09-29 13:30:00-04:00,39.619998931884766,39.619998931884766,39.54399871826172,39.54399871826172,1139,0.0,0.0,0.0
2023-09-29 14:30:00-04:00,39.689998626708984,39.689998626708984,39.66999816894531,39.66999816894531,2368,0.0,0.0,0.0
2023-09-29 15:30:00-04:00,39.62910079956055,39.75,39.62910079956055,39.630001068115234,2224,0.0,0.0,0.0
2023-10-02 09:30:00-04:00,39.56999969482422,39.630001068115234,39.540000915527344,39.59000015258789,0,0.0,0.0,0.0
2023-10-02 10:30:00-04:00,39.604000091552734,39.63999938964844,39.58000183105469,39.619998931884766,2152,0.0,0.0,0.0
2023-10-02 11:30:00-04:00,39.69990158081055,39.69990158081055,39.599998474121094,39.599998474121094,38355,0.0,0.0,0.0
2023-10-02 12:30:00-04:00,39.5,39.5,39.41600036621094,39.43000030517578,5968,0.0,0.0,0.0
2023-10-02 13:30:00-04:00,39.5,39.5,39.5,39.5,412,0.0,0.0,0.0
2023-10-02 14:30:00-04:00,39.45000076293945,39.45750045776367,39.45000076293945,39.45750045776367,773,0.0,0.0,0.0
2023-10-02 15:30:00-04:00,39.560001373291016,39.619998931884766,39.560001373291016,39.61000061035156,935,0.0,0.0,0.0
2023-10-03 09:30:00-04:00,39.540000915527344,39.540000915527344,39.29999923706055,39.29999923706055,0,0.0,0.0,0.0
2023-10-03 10:30:00-04:00,39.15999984741211,39.15999984741211,39.10049819946289,39.11000061035156,4593,0.0,0.0,0.0
2023-10-03 12:30:00-04:00,39.15999984741211,39.15999984741211,39.119998931884766,39.119998931884766,707,0.0,0.0,0.0
2023-10-03 13:30:00-04:00,39.02000045776367,39.02000045776367,39.02000045776367,39.02000045776367,984,0.0,0.0,0.0
2023-10-03 14:30:00-04:00,39.029998779296875,39.04999923706055,39.029998779296875,39.04999923706055,1229,0.0,0.0,0.0
2023-10-03 15:30:00-04:00,39.029998779296875,39.08000183105469,38.9900016784668,39.08000183105469,1458,0.0,0.0,0.0
2023-10-04 09:30:00-04:00,39.13999938964844,39.140098571777344,39.13999938964844,39.13999938964844,3834,0.0,0.0,0.0
2023-10-04 10:30:00-04:00,39.2400016784668,39.33000183105469,39.239898681640625,39.329898834228516,1524,0.0,0.0,0.0
2023-10-04 12:30:00-04:00,39.32500076293945,39.32500076293945,39.32500076293945,39.32500076293945,326,0.0,0.0,0.0
2023-10-04 13:30:00-04:00,39.275001525878906,39.279998779296875,39.27009963989258,39.275001525878906,1725,0.0,0.0,0.0
2023-10-04 14:30:00-04:00,39.29999923706055,39.494998931884766,39.279998779296875,39.48500061035156,1579,0.0,0.0,0.0
2023-10-04 15:30:00-04:00,39.5099983215332,39.560001373291016,39.4900016784668,39.54999923706055,8275,0.0,0.0,0.0
2023-10-05 09:30:00-04:00,39.47999954223633,39.47999954223633,39.37329864501953,39.37329864501953,0,0.0,0.0,0.0
2023-10-05 10:30:00-04:00,39.220001220703125,39.220001220703125,39.209999084472656,39.209999084472656,2154,0.0,0.0,0.0
2023-10-05 11:30:00-04:00,39.359901428222656,39.36000061035156,39.359901428222656,39.36000061035156,297,0.0,0.0,0.0
2023-10-05 12:30:00-04:00,39.299198150634766,39.299198150634766,39.299198150634766,39.299198150634766,4328,0.0,0.0,0.0
2023-10-05 13:30:00-04:00,39.404998779296875,39.404998779296875,39.400001525878906,39.400001525878906,2934,0.0,0.0,0.0
2023-10-05 14:30:00-04:00,39.5,39.505001068115234,39.5,39.5,3947,0.0,0.0,0.0
2023-10-05 15:30:00-04:00,39.470001220703125,39.470001220703125,39.459999084472656,39.459999084472656,473,0.0,0.0,0.0
2023-10-06 09:30:00-04:00,39.18000030517578,39.25,39.18000030517578,39.209999084472656,1862,0.0,0.0,0.0
2023-10-06 10:30:00-04:00,39.48189926147461,39.56999969482422,39.46500015258789,39.54999923706055,3410,0.0,0.0,0.0
2023-10-06 11:30:00-04:00,39.7400016784668,39.86000061035156,39.7400016784668,39.86000061035156,534,0.0,0.0,0.0
2023-10-06 12:30:00-04:00,39.85499954223633,39.92499923706055,39.83000183105469,39.92499923706055,5418,0.0,0.0,0.0
2023-10-06 13:30:00-04:00,39.97999954223633,39.97999954223633,39.952598571777344,39.970001220703125,2513,0.0,0.0,0.0
2023-10-06 14:30:00-04:00,40.06999969482422,40.099998474121094,40.064998626708984,40.08000183105469,2407,0.0,0.0,0.0
2023-10-09 09:30:00-04:00,39.77000045776367,39.79999923706055,39.7400016784668,39.79999923706055,0,0.0,0.0,0.0
2023-10-09 10:30:00-04:00,39.697898864746094,39.697898864746094,39.69599914550781,39.69599914550781,1405,0.0,0.0,0.0
2023-10-09 11:30:00-04:00,39.810001373291016,39.82600021362305,39.810001373291016,39.82600021362305,512,0.0,0.0,0.0
2023-10-09 12:30:00-04:00,39.869998931884766,39.95000076293945,39.86989974975586,39.94990158081055,3902,0.0,0.0,0.0
2023-10-09 13:30:00-04:00,40.099998474121094,40.15999984741211,40.099998474121094,40.15999984741211,1196,0.0,0.0,0.0
2023-10-09 14:30:00-04:00,40.11009979248047,40.18000030517578,40.11009979248047,40.18000030517578,313,0.0,0.0,0.0
2023-10-09 15:30:00-04:00,40.130001068115234,40.15999984741211,40.130001068115234,40.15999984741211,215,0.0,0.0,0.0
2023-10-10 09:30:00-04:00,40.279998779296875,40.41999816894531,40.22999954223633,40.41999816894531,1429,0.0,0.0,0.0
2023-10-10 10:30:00-04:00,40.50830078125,40.560001373291016,40.459999084472656,40.560001373291016,2650,0.0,0.0,0.0
2023-10-10 11:30:00-04:00,40.58000183105469,40.630001068115234,40.58000183105469,40.630001068115234,305,0.0,0.0,0.0
2023-10-10 12:30:00-04:00,40.61000061035156,40.61000061035156,40.47999954223633,40.47999954223633,387,0.0,0.0,0.0
2023-10-10 13:30:00-04:00,40.47999954223633,40.48500061035156,40.43000030517578,40.43000030517578,721,0.0,0.0,0.0
2023-10-10 14:30:00-04:00,40.43000030517578,40.43000030517578,40.40999984741211,40.42499923706055,1493,0.0,0.0,0.0
2023-10-10 15:30:00-04:00,40.42499923706055,40.42499923706055,40.42499923706055,40.42499923706055,189,0.0,0.0,0.0
2023-10-11 09:30:00-04:00,40.560001373291016,40.560001373291016,40.560001373291016,40.560001373291016,1683,0.0,0.0,0.0
2023-10-11 10:30:00-04:00,40.534000396728516,40.599998474121094,40.52199935913086,40.53499984741211,2553,0.0,0.0,0.0
2023-10-11 11:30:00-04:00,40.494998931884766,40.494998931884766,40.41999816894531,40.42499923706055,1507,0.0,0.0,0.0
2023-10-11 12:30:00-04:00,40.45000076293945,40.45000076293945,40.44990158081055,40.45000076293945,794,0.0,0.0,0.0
2023-10-11 13:30:00-04:00,40.45000076293945,40.52000045776367,40.45000076293945,40.52000045776367,1440,0.0,0.0,0.0
2023-10-11 14:30:00-04:00,40.52000045776367,40.59000015258789,40.52000045776367,40.59000015258789,3579,0.0,0.0,0.0
2023-10-11 15:30:00-04:00,40.65999984741211,40.65999984741211,40.65999984741211,40.65999984741211,496,0.0,0.0,0.0
2023-10-12 09:30:00-04:00,40.59000015258789,40.599998474121094,40.59000015258789,40.599998474121094,439,0.0,0.0,0.0
2023-10-12 10:30:00-04:00,40.529998779296875,40.619998931884766,40.529998779296875,40.619998931884766,4860,0.0,0.0,0.0
2023-10-12 11:30:00-04:00,40.56999969482422,40.56999969482422,40.56999969482422,40.56999969482422,200,0.0,0.0,0.0
2023-10-12 12:30:00-04:00,40.65999984741211,40.65999984741211,40.470001220703125,40.470001220703125,2203,0.0,0.0,0.0
2023-10-12 13:30:00-04:00,40.29999923706055,40.29999923706055,40.14500045776367,40.18000030517578,1037,0.0,0.0,0.0
2023-10-12 14:30:00-04:00,40.24399948120117,40.3588981628418,40.24399948120117,40.314998626708984,1387,0.0,0.0,0.0
2023-10-12 15:30:00-04:00,40.34000015258789,40.34000015258789,40.34000015258789,40.34000015258789,0,0.0,0.0,0.0
2023-10-13 09:30:00-04:00,40.470001220703125,40.47999954223633,40.470001220703125,40.47999954223633,425,0.0,0.0,0.0
2023-10-13 10:30:00-04:00,40.33489990234375,40.349998474121094,40.33000183105469,40.33000183105469,1080,0.0,0.0,0.0
2023-10-13 11:30:00-04:00,40.04999923706055,40.099998474121094,40.04999923706055,40.099998474121094,2837,0.0,0.0,0.0
2023-10-13 12:30:00-04:00,40.220001220703125,40.220001220703125,40.04999923706055,40.04999923706055,671,0.0,0.0,0.0
2023-10-13 13:30:00-04:00,40.069400787353516,40.069400787353516,40.049800872802734,40.049800872802734,601,0.0,0.0,0.0
2023-10-13 14:30:00-04:00,40.11000061035156,40.11000061035156,40.099998474121094,40.099998474121094,710,0.0,0.0,0.0
2023-10-13 15:30:00-04:00,40.040000915527344,40.06060028076172,40.040000915527344,40.06060028076172,235,0.0,0.0,0.0
2023-10-16 09:30:00-04:00,40.290000915527344,40.290000915527344,40.290000915527344,40.290000915527344,693,0.0,0.0,0.0
2023-10-16 10:30:00-04:00,40.665000915527344,40.67900085449219,40.665000915527344,40.67900085449219,823,0.0,0.0,0.0
2023-10-16 12:30:00-04:00,40.630001068115234,40.630001068115234,40.630001068115234,40.630001068115234,237,0.0,0.0,0.0
2023-10-16 14:30:00-04:00,40.57500076293945,40.6349983215332,40.57500076293945,40.6349983215332,2292,0.0,0.0,0.0
2023-10-16 15:30:00-04:00,40.599998474121094,40.599998474121094,40.59769821166992,40.59769821166992,324,0.0,0.0,0.0
2023-10-17 09:30:00-04:00,40.2400016784668,40.25,40.2400016784668,40.25,868,0.0,0.0,0.0
2023-10-17 10:30:00-04:00,40.43009948730469,40.52000045776367,40.43009948730469,40.519901275634766,1157,0.0,0.0,0.0
2023-10-17 11:30:00-04:00,40.599998474121094,40.72999954223633,40.599998474121094,40.72999954223633,385,0.0,0.0,0.0
2023-10-17 12:30:00-04:00,40.707801818847656,40.707801818847656,40.707801818847656,40.707801818847656,466,0.0,0.0,0.0
2023-10-17 13:30:00-04:00,40.459999084472656,40.459999084472656,40.42020034790039,40.430999755859375,2498,0.0,0.0,0.0
2023-10-17 14:30:00-04:00,40.500099182128906,40.5099983215332,40.500099182128906,40.5099983215332,273,0.0,0.0,0.0
2023-10-17 15:30:00-04:00,40.4900016784668,40.56999969482422,40.4900016784668,40.56999969482422,352,0.0,0.0,0.0
2023-10-18 09:30:00-04:00,40.34000015258789,40.34000015258789,40.34000015258789,40.34000015258789,0,0.0,0.0,0.0
2023-10-18 10:30:00-04:00,40.220001220703125,40.22159957885742,40.220001220703125,40.22159957885742,1560,0.0,0.0,0.0
2023-10-18 11:30:00-04:00,40.18000030517578,40.189998626708984,40.10100173950195,40.10100173950195,1305,0.0,0.0,0.0
2023-10-18 12:30:00-04:00,40.0,40.20000076293945,40.0,40.20000076293945,4593,0.0,0.0,0.0
2023-10-18 13:30:00-04:00,40.198699951171875,40.198699951171875,40.09000015258789,40.09000015258789,3184,0.0,0.0,0.0
2023-10-18 14:30:00-04:00,40.11000061035156,40.11000061035156,39.94990158081055,39.95000076293945,3868,0.0,0.0,0.0
2023-10-18 15:30:00-04:00,39.95000076293945,39.95000076293945,39.83000183105469,39.90999984741211,2173,0.0,0.0,0.0
2023-10-19 09:30:00-04:00,39.93000030517578,39.93000030517578,39.709999084472656,39.709999084472656,0,0.0,0.0,0.0
2023-10-19 10:30:00-04:00,39.70100021362305,39.72800064086914,39.70100021362305,39.72800064086914,1253,0.0,0.0,0.0
2023-10-19 11:30:00-04:00,39.74340057373047,39.91999816894531,39.720001220703125,39.81999969482422,3564,0.0,0.0,0.0
2023-10-19 12:30:00-04:00,39.61000061035156,39.970001220703125,39.61000061035156,39.93000030517578,1220,0.0,0.0,0.0
2023-10-19 13:30:00-04:00,39.7599983215332,39.7599983215332,39.72999954223633,39.72999954223633,243,0.0,0.0,0.0
2023-10-19 14:30:00-04:00,39.61000061035156,39.61000061035156,39.459999084472656,39.459999084472656,848,0.0,0.0,0.0
2023-10-19 15:30:00-04:00,39.529998779296875,39.529998779296875,39.39500045776367,39.5,987,0.0,0.0,0.0
2023-10-20 09:30:00-04:00,39.38999938964844,39.459999084472656,39.38999938964844,39.459999084472656,0,0.0,0.0,0.0
2023-10-20 10:30:00-04:00,39.125,39.13999938964844,39.11000061035156,39.11000061035156,2915,0.0,0.0,0.0
2023-10-20 11:30:00-04:00,39.10459899902344,39.10459899902344,39.10459899902344,39.10459899902344,343,0.0,0.0,0.0
2023-10-20 12:30:00-04:00,39.310001373291016,39.310001373291016,39.310001373291016,39.310001373291016,396,0.0,0.0,0.0
2023-10-20 14:30:00-04:00,39.15999984741211,39.15999984741211,39.15999984741211,39.15999984741211,129,0.0,0.0,0.0
2023-10-20 15:30:00-04:00,39.10089874267578,39.10089874267578,39.018001556396484,39.018001556396484,247,0.0,0.0,0.0
2023-10-23 09:30:00-04:00,38.75,39.04999923706055,38.75,39.04990005493164,0,0.0,0.0,0.0
2023-10-23 10:30:00-04:00,39.03839874267578,39.04999923706055,39.03200149536133,39.040000915527344,2033,0.0,0.0,0.0
2023-10-23 11:30:00-04:00,39.20000076293945,39.20000076293945,39.141998291015625,39.141998291015625,3123,0.0,0.0,0.0
2023-10-23 12:30:00-04:00,39.22999954223633,39.2400016784668,39.22999954223633,39.23270034790039,1242,0.0,0.0,0.0
2023-10-23 14:30:00-04:00,39.15399932861328,39.22999954223633,39.119998931884766,39.119998931884766,2235,0.0,0.0,0.0
2023-10-23 15:30:00-04:00,39.0099983215332,39.04999923706055,38.959999084472656,38.96770095825195,0,0.0,0.0,0.0
2023-10-24 09:30:00-04:00,39.290000915527344,39.35499954223633,39.220001220703125,39.35499954223633,3885,0.0,0.0,0.0
2023-10-24 10:30:00-04:00,39.380001068115234,39.39799880981445,39.244998931884766,39.244998931884766,6466,0.0,0.0,0.0
2023-10-24 11:30:00-04:00,39.23500061035156,39.279998779296875,39.10499954223633,39.10499954223633,4041,0.0,0.0,0.0
2023-10-24 12:30:00-04:00,39.095001220703125,39.125,39.03499984741211,39.125,3310,0.0,0.0,0.0
2023-10-24 13:30:00-04:00,39.185001373291016,39.21500015258789,39.165000915527344,39.21500015258789,4273,0.0,0.0,0.0
2023-10-24 14:30:00-04:00,39.255001068115234,39.345001220703125,39.255001068115234,39.31999969482422,4059,0.0,0.0,0.0
2023-10-24 15:30:00-04:00,39.345001220703125,39.349998474121094,39.29999923706055,39.31999969482422,0,0.0,0.0,0.0
2023-10-25 09:30:00-04:00,39.150001525878906,39.150001525878906,39.0900993347168,39.0900993347168,446,0.0,0.0,0.0
2023-10-25 10:30:00-04:00,38.939998626708984,39.02859878540039,38.939998626708984,39.010101318359375,5128,0.0,0.0,0.0
2023-10-25 11:30:00-04:00,38.9900016784668,38.9900016784668,38.84000015258789,38.84000015258789,1375,0.0,0.0,0.0
2023-10-25 12:30:00-04:00,38.79999923706055,38.79999923706055,38.779998779296875,38.78799819946289,683,0.0,0.0,0.0
2023-10-25 13:30:00-04:00,38.689998626708984,38.693599700927734,38.689998626708984,38.693599700927734,739,0.0,0.0,0.0
2023-10-25 14:30:00-04:00,38.71770095825195,38.71770095825195,38.69620132446289,38.69620132446289,608,0.0,0.0,0.0
2023-10-25 15:30:00-04:00,38.779998779296875,38.779998779296875,38.727500915527344,38.7400016784668,426,0.0,0.0,0.0
2023-10-26 09:30:00-04:00,38.650001525878906,38.650001525878906,38.42110061645508,38.459999084472656,9273,0.0,0.0,0.0
2023-10-26 10:30:00-04:00,38.55799865722656,38.619998931884766,38.43000030517578,38.43000030517578,2443,0.0,0.0,0.0
2023-10-26 11:30:00-04:00,38.369998931884766,38.369998931884766,38.19499969482422,38.19499969482422,3276,0.0,0.0,0.0
2023-10-26 12:30:00-04:00,38.16999816894531,38.2400016784668,38.16999816894531,38.2400016784668,1107,0.0,0.0,0.0
2023-10-26 13:30:00-04:00,38.130001068115234,38.31999969482422,38.130001068115234,38.31999969482422,2965,0.0,0.0,0.0
2023-10-26 14:30:00-04:00,38.400001525878906,38.40999984741211,38.359798431396484,38.359798431396484,1774,0.0,0.0,0.0
2023-10-26 15:30:00-04:00,38.150001525878906,38.150001525878906,38.150001525878906,38.150001525878906,809,0.0,0.0,0.0
2023-10-27 09:30:00-04:00,38.22999954223633,38.22999954223633,38.189998626708984,38.189998626708984,1012,0.0,0.0,0.0
2023-10-27 10:30:00-04:00,38.20000076293945,38.33399963378906,38.150001525878906,38.33399963378906,3573,0.0,0.0,0.0
2023-10-27 11:30:00-04:00,38.2400016784668,38.2599983215332,38.2400016784668,38.2599983215332,467,0.0,0.0,0.0
2023-10-27 12:30:00-04:00,37.970001220703125,37.970001220703125,37.970001220703125,37.970001220703125,645,0.0,0.0,0.0
2023-10-27 13:30:00-04:00,37.939998626708984,37.939998626708984,37.869998931884766,37.869998931884766,661,0.0,0.0,0.0
2023-10-27 14:30:00-04:00,37.95000076293945,37.970001220703125,37.869998931884766,37.90999984741211,6424,0.0,0.0,0.0
2023-10-27 15:30:00-04:00,37.84000015258789,37.959999084472656,37.84000015258789,37.959999084472656,799,0.0,0.0,0.0
2023-10-30 09:30:00-04:00,38.380001068115234,38.380001068115234,38.14500045776367,38.15999984741211,0,0.0,0.0,0.0
2023-10-30 10:30:00-04:00,38.130001068115234,38.2599983215332,38.130001068115234,38.2599983215332,1317,0.0,0.0,0.0
2023-10-30 11:30:00-04:00,38.27980041503906,38.27980041503906,38.27980041503906,38.27980041503906,692,0.0,0.0,0.0
2023-10-30 12:30:00-04:00,38.33000183105469,38.33000183105469,38.33000183105469,38.33000183105469,1007,0.0,0.0,0.0
2023-10-30 15:30:00-04:00,38.4900016784668,38.4900016784668,38.380001068115234,38.380001068115234,0,0.0,0.0,0.0
2023-10-31 09:30:00-04:00,38.369998931884766,38.439998626708984,38.369998931884766,38.435001373291016,662,0.0,0.0,0.0
2023-10-31 10:30:00-04:00,38.43000030517578,38.43000030517578,38.400001525878906,38.40999984741211,2499,0.0,0.0,0.0
2023-10-31 11:30:00-04:00,38.380001068115234,38.4369010925293,38.36410140991211,38.36410140991211,5335,0.0,0.0,0.0
2023-10-31 12:30:00-04:00,38.47999954223633,38.4900016784668,38.47999954223633,38.4900016784668,955,0.0,0.0,0.0
2023-10-31 13:30:00-04:00,38.57789993286133,38.595001220703125,38.56999969482422,38.56999969482422,1229,0.0,0.0,0.0
2023-10-31 14:30:00-04:00,38.540000915527344,38.630001068115234,38.540000915527344,38.630001068115234,712,0.0,0.0,0.0
2023-11-01 09:30:00-04:00,38.68000030517578,38.939998626708984,38.68000030517578,38.939998626708984,0,0.0,0.0,0.0
2023-11-01 11:30:00-04:00,38.86940002441406,38.86940002441406,38.84000015258789,38.84000015258789,1299,0.0,0.0,0.0
2023-11-01 12:30:00-04:00,38.78730010986328,38.78730010986328,38.72999954223633,38.72999954223633,1890,0.0,0.0,0.0
2023-11-01 13:30:00-04:00,38.79999923706055,38.79999923706055,38.79999923706055,38.79999923706055,492,0.0,0.0,0.0
2023-11-01 14:30:00-04:00,38.7400016784668,39.08000183105469,38.7400016784668,39.08000183105469,2274,0.0,0.0,0.0
2023-11-01 15:30:00-04:00,39.099998474121094,39.099998474121094,39.04999923706055,39.04999923706055,5659,0.0,0.0,0.0
2023-11-02 09:30:00-04:00,39.57600021362305,39.57600021362305,39.470001220703125,39.540000915527344,0,0.0,0.0,0.0
2023-11-02 10:30:00-04:00,39.65999984741211,39.65999984741211,39.65999984741211,39.65999984741211,360,0.0,0.0,0.0
2023-11-02 11:30:00-04:00,39.69960021972656,39.709999084472656,39.634300231933594,39.634300231933594,4044,0.0,0.0,0.0
2023-11-02 12:30:00-04:00,39.689998626708984,39.72999954223633,39.689998626708984,39.72999954223633,11191,0.0,0.0,0.0
2023-11-02 13:30:00-04:00,39.790000915527344,39.809898376464844,39.7599983215332,39.809898376464844,27766,0.0,0.0,0.0
2023-11-02 14:30:00-04:00,39.790000915527344,39.8130989074707,39.790000915527344,39.8130989074707,1194,0.0,0.0,0.0
2023-11-02 15:30:00-04:00,39.79999923706055,39.849998474121094,39.79999923706055,39.849998474121094,0,0.0,0.0,0.0
2023-11-03 09:30:00-04:00,40.16999816894531,40.16999816894531,40.125,40.13169860839844,2654,0.0,0.0,0.0
2023-11-03 10:30:00-04:00,40.20989990234375,40.22999954223633,40.20989990234375,40.22999954223633,1448,0.0,0.0,0.0
2023-11-03 11:30:00-04:00,40.279998779296875,40.38999938964844,40.279998779296875,40.38999938964844,1530,0.0,0.0,0.0
2023-11-03 13:30:00-04:00,40.342201232910156,40.380001068115234,40.31999969482422,40.380001068115234,3205,0.0,0.0,0.0
2023-11-03 14:30:00-04:00,40.400001525878906,40.400001525878906,40.369998931884766,40.369998931884766,354,0.0,0.0,0.0
2023-11-03 15:30:00-04:00,40.279998779296875,40.279998779296875,40.279998779296875,40.279998779296875,142,0.0,0.0,0.0
2023-11-06 09:30:00-05:00,40.400001525878906,40.400001525878906,40.34980010986328,40.34980010986328,0,0.0,0.0,0.0
2023-11-06 10:30:00-05:00,40.369998931884766,40.39979934692383,40.369998931884766,40.380001068115234,1538,0.0,0.0,0.0
2023-11-06 11:30:00-05:00,40.36000061035156,40.36000061035156,40.34000015258789,40.34000015258789,1469,0.0,0.0,0.0
2023-11-06 12:30:00-05:00,40.290000915527344,40.290000915527344,40.22999954223633,40.22999954223633,822,0.0,0.0,0.0
2023-11-06 13:30:00-05:00,40.22100067138672,40.25,40.209999084472656,40.209999084472656,2128,0.0,0.0,0.0
2023-11-06 14:30:00-05:00,40.329898834228516,40.34000015258789,40.31999969482422,40.33000183105469,3214,0.0,0.0,0.0
2023-11-06 15:30:00-05:00,40.33000183105469,40.40999984741211,40.33000183105469,40.40999984741211,1164,0.0,0.0,0.0
2023-11-07 09:30:00-05:00,40.33000183105469,40.33000183105469,40.33000183105469,40.33000183105469,521,0.0,0.0,0.0
2023-11-07 10:30:00-05:00,40.54999923706055,40.59000015258789,40.54999923706055,40.59000015258789,1330,0.0,0.0,0.0
2023-11-07 11:30:00-05:00,40.560001373291016,40.56999969482422,40.4900016784668,40.4900016784668,2890,0.0,0.0,0.0
2023-11-07 12:30:00-05:00,40.4900016784668,40.54999923706055,40.4900016784668,40.54999923706055,1214,0.0,0.0,0.0
2023-11-07 13:30:00-05:00,40.56999969482422,40.58000183105469,40.54999923706055,40.579898834228516,1231,0.0,0.0,0.0
2023-11-07 14:30:00-05:00,40.56999969482422,40.59000015258789,40.5099983215332,40.54100036621094,6992,0.0,0.0,0.0
2023-11-07 15:30:00-05:00,40.560001373291016,40.58000183105469,40.4900016784668,40.51100158691406,4265,0.0,0.0,0.0
2023-11-08 09:30:00-05:00,40.619998931884766,40.619998931884766,40.619998931884766,40.619998931884766,440,0.0,0.0,0.0
2023-11-08 10:30:00-05:00,40.54999923706055,40.54999923706055,40.53499984741211,40.540000915527344,4225,0.0,0.0,0.0
2023-11-08 11:30:00-05:00,40.56999969482422,40.56999969482422,40.45000076293945,40.45000076293945,1132,0.0,0.0,0.0
2023-11-08 12:30:00-05:00,40.47999954223633,40.540000915527344,40.47999954223633,40.540000915527344,608,0.0,0.0,0.0
2023-11-08 13:30:00-05:00,40.54999923706055,40.60110092163086,40.54999923706055,40.599998474121094,993,0.0,0.0,0.0
2023-11-08 14:30:00-05:00,40.61000061035156,40.61000061035156,40.58000183105469,40.599998474121094,889,0.0,0.0,0.0
2023-11-08 15:30:00-05:00,40.59000015258789,40.65999984741211,40.59000015258789,40.619998931884766,997,0.0,0.0,0.0
2023-11-09 09:30:00-05:00,40.7599983215332,40.7599983215332,40.7599983215332,40.7599983215332,0,0.0,0.0,0.0
2023-11-09 10:30:00-05:00,40.529701232910156,40.5359992980957,40.529701232910156,40.5359992980957,1449,0.0,0.0,0.0
2023-11-09 11:30:00-05:00,40.619998931884766,40.62009811401367,40.619998931884766,40.62009811401367,373,0.0,0.0,0.0
2023-11-09 12:30:00-05:00,40.61000061035156,40.61000061035156,40.5,40.5,698,0.0,0.0,0.0
2023-11-09 13:30:00-05:00,40.45000076293945,40.45000076293945,40.34000015258789,40.34000015258789,638,0.0,0.0,0.0
2023-11-09 14:30:00-05:00,40.314998626708984,40.314998626708984,40.279998779296875,40.279998779296875,626,0.0,0.0,0.0
2023-11-09 15:30:00-05:00,40.25,40.27000045776367,40.220001220703125,40.2400016784668,2915,0.0,0.0,0.0
2023-11-10 09:30:00-05:00,40.470001220703125,40.470001220703125,40.470001220703125,40.470001220703125,1582,0.0,0.0,0.0
2023-11-10 10:30:00-05:00,40.33000183105469,40.369998931884766,40.33000183105469,40.369998931884766,2737,0.0,0.0,0.0
2023-11-10 11:30:00-05:00,40.54029846191406,40.54029846191406,40.54029846191406,40.54029846191406,335,0.0,0.0,0.0
2023-11-10 13:30:00-05:00,40.775001525878906,40.814701080322266,40.775001525878906,40.814701080322266,692,0.0,0.0,0.0
2023-11-10 14:30:00-05:00,40.81999969482422,40.81999969482422,40.79999923706055,40.79999923706055,4320,0.0,0.0,0.0
2023-11-13 09:30:00-05:00,40.70000076293945,40.779998779296875,40.70000076293945,40.7598991394043,0,0.0,0.0,0.0
2023-11-13 10:30:00-05:00,40.779998779296875,40.880001068115234,40.779998779296875,40.880001068115234,3049,0.0,0.0,0.0
2023-11-13 11:30:00-05:00,40.89500045776367,40.90549850463867,40.89500045776367,40.90549850463867,1082,0.0,0.0,0.0
2023-11-13 12:30:00-05:00,40.93000030517578,40.93000030517578,40.929901123046875,40.929901123046875,478,0.0,0.0,0.0
2023-11-13 13:30:00-05:00,40.9370002746582,40.939998626708984,40.9370002746582,40.939998626708984,684,0.0,0.0,0.0
2023-11-13 14:30:00-05:00,40.95000076293945,40.95000076293945,40.920501708984375,40.94990158081055,3996,0.0,0.0,0.0
2023-11-13 15:30:00-05:00,40.91999816894531,40.939998626708984,40.91999816894531,40.923301696777344,2068,0.0,0.0,0.0
2023-11-14 09:30:00-05:00,41.56999969482422,41.56999969482422,41.56999969482422,41.56999969482422,1002,0.0,0.0,0.0
2023-11-14 10:30:00-05:00,41.779998779296875,41.790000915527344,41.75,41.7760009765625,2085,0.0,0.0,0.0
2023-11-14 11:30:00-05:00,41.779998779296875,41.779998779296875,41.65999984741211,41.66999816894531,49804,0.0,0.0,0.0
2023-11-14 12:30:00-05:00,41.70000076293945,41.724998474121094,41.70000076293945,41.724998474121094,1836,0.0,0.0,0.0
2023-11-14 13:30:00-05:00,41.70000076293945,41.70000076293945,41.70000076293945,41.70000076293945,1790,0.0,0.0,0.0
2023-11-14 14:30:00-05:00,41.7400016784668,41.82500076293945,41.7400016784668,41.81999969482422,4214,0.0,0.0,0.0
2023-11-14 15:30:00-05:00,41.81999969482422,41.82500076293945,41.70000076293945,41.712501525878906,6684,0.0,0.0,0.0
2023-11-15 09:30:00-05:00,41.810001373291016,41.810001373291016,41.810001373291016,41.810001373291016,464,0.0,0.0,0.0
2023-11-15 10:30:00-05:00,41.939998626708984,41.970001220703125,41.924598693847656,41.924598693847656,3144,0.0,0.0,0.0
2023-11-15 11:30:00-05:00,41.84870147705078,41.86000061035156,41.84870147705078,41.85329818725586,1565,0.0,0.0,0.0
2023-11-15 12:30:00-05:00,41.843101501464844,41.843101501464844,41.72999954223633,41.72999954223633,499,0.0,0.0,0.0
2023-11-15 13:30:00-05:00,41.88999938964844,41.88999938964844,41.88999938964844,41.88999938964844,546,0.0,0.0,0.0
2023-11-15 14:30:00-05:00,41.858001708984375,41.858001708984375,41.858001708984375,41.858001708984375,742,0.0,0.0,0.0
2023-11-15 15:30:00-05:00,41.869998931884766,41.869998931884766,41.800899505615234,41.84000015258789,7063,0.0,0.0,0.0
2023-11-16 09:30:00-05:00,41.779998779296875,41.97010040283203,41.779998779296875,41.97010040283203,0,0.0,0.0,0.0
2023-11-16 10:30:00-05:00,41.900001525878906,41.900001525878906,41.810001373291016,41.810001373291016,1889,0.0,0.0,0.0
2023-11-16 11:30:00-05:00,41.79999923706055,41.88010025024414,41.79629898071289,41.88010025024414,1581,0.0,0.0,0.0
2023-11-16 13:30:00-05:00,41.880001068115234,41.88999938964844,41.86000061035156,41.88999938964844,2537,0.0,0.0,0.0
2023-11-16 15:30:00-05:00,41.970001220703125,42.0099983215332,41.970001220703125,42.0099983215332,0,0.0,0.0,0.0
2023-11-17 09:30:00-05:00,42.02000045776367,42.02000045776367,42.02000045776367,42.02000045776367,3926,0.0,0.0,0.0
2023-11-17 10:30:00-05:00,41.880001068115234,41.88999938964844,41.845001220703125,41.85499954223633,3365,0.0,0.0,0.0
2023-11-17 11:30:00-05:00,41.869998931884766,41.869998931884766,41.869998931884766,41.869998931884766,287,0.0,0.0,0.0
2023-11-17 12:30:00-05:00,41.89899826049805,41.89899826049805,41.89899826049805,41.89899826049805,146,0.0,0.0,0.0
2023-11-17 13:30:00-05:00,41.94810104370117,41.96969985961914,41.93000030517578,41.96969985961914,1080,0.0,0.0,0.0
2023-11-17 14:30:00-05:00,41.959999084472656,41.959999084472656,41.930599212646484,41.95709991455078,1442,0.0,0.0,0.0
2023-11-17 15:30:00-05:00,41.880001068115234,41.91999816894531,41.869998931884766,41.91999816894531,1865,0.0,0.0,0.0
2023-11-20 09:30:00-05:00,41.97999954223633,42.049800872802734,41.97999954223633,41.9900016784668,27820,0.0,0.0,0.0
2023-11-20 10:30:00-05:00,42.04999923706055,42.130001068115234,42.01499938964844,42.09000015258789,471546,0.0,0.0,0.0
2023-11-20 11:30:00-05:00,42.11000061035156,42.150001525878906,42.099998474121094,42.13999938964844,558405,0.0,0.0,0.0
2023-11-20 12:30:00-05:00,42.11000061035156,42.22999954223633,42.11000061035156,42.22999954223633,2997,0.0,0.0,0.0
2023-11-20 13:30:00-05:00,42.25,42.27000045776367,42.249698638916016,42.27000045776367,162976,0.0,0.0,0.0
2023-11-20 14:30:00-05:00,42.269798278808594,42.36000061035156,42.269798278808594,42.34000015258789,18815,0.0,0.0,0.0
2023-11-20 15:30:00-05:00,42.356998443603516,42.36000061035156,42.27000045776367,42.29999923706055,0,0.0,0.0,0.0
2023-11-21 09:30:00-05:00,42.2400016784668,42.27000045776367,42.2400016784668,42.2400016784668,7119,0.0,0.0,0.0
2023-11-21 10:30:00-05:00,42.1349983215332,42.209999084472656,42.1349983215332,42.18000030517578,3620,0.0,0.0,0.0
2023-11-21 11:30:00-05:00,42.20000076293945,42.2400016784668,42.20000076293945,42.2400016784668,671,0.0,0.0,0.0
2023-11-21 12:30:00-05:00,42.25,42.279998779296875,42.189998626708984,42.209999084472656,6499,0.0,0.0,0.0
2023-11-21 13:30:00-05:00,42.21969985961914,42.279998779296875,42.209800720214844,42.2599983215332,3888,0.0,0.0,0.0
2023-11-21 14:30:00-05:00,42.21540069580078,42.27000045776367,42.21540069580078,42.236698150634766,4519,0.0,0.0,0.0
2023-11-21 15:30:00-05:00,42.220001220703125,42.25239944458008,42.220001220703125,42.25239944458008,686,0.0,0.0,0.0
2023-11-22 09:30:00-05:00,42.36000061035156,42.36000061035156,42.25,42.34000015258789,0,0.0,0.0,0.0
2023-11-22 10:30:00-05:00,42.38999938964844,42.400001525878906,42.36000061035156,42.36000061035156,1239,0.0,0.0,0.0
2023-11-22 11:30:00-05:00,42.380001068115234,42.389400482177734,42.36009979248047,42.36009979248047,1697,0.0,0.0,0.0
2023-11-22 12:30:00-05:00,42.38999938964844,42.38999938964844,42.36000061035156,42.369998931884766,1139,0.0,0.0,0.0
2023-11-22 13:30:00-05:00,42.41999816894531,42.43000030517578,42.41999816894531,42.43000030517578,1070,0.0,0.0,0.0
2023-11-22 14:30:00-05:00,42.28010177612305,42.38999938964844,42.27190017700195,42.38999938964844,4420,0.0,0.0,0.0
2023-11-22 15:30:00-05:00,42.3849983215332,42.41999816894531,42.369998931884766,42.369998931884766,4142,0.0,0.0,0.0
2023-11-24 09:30:00-05:00,42.380001068115234,42.39500045776367,42.380001068115234,42.39500045776367,1531,0.0,0.0,0.0
2023-11-24 12:30:00-05:00,42.369998931884766,42.369998931884766,42.369998931884766,42.369998931884766,0,0.0,0.0,0.0
2023-11-27 09:30:00-05:00,42.29999923706055,42.349998474121094,42.29999923706055,42.310001373291016,22671,0.0,0.0,0.0
2023-11-27 10:30:00-05:00,42.349998474121094,42.369998931884766,42.310001373291016,42.310001373291016,1570,0.0,0.0,0.0
2023-11-27 11:30:00-05:00,42.345001220703125,42.36009979248047,42.345001220703125,42.36009979248047,2440,0.0,0.0,0.0
2023-11-27 12:30:00-05:00,42.439998626708984,42.439998626708984,42.418399810791016,42.418399810791016,710,0.0,0.0,0.0
2023-11-27 13:30:00-05:00,42.41999816894531,42.41999816894531,42.38999938964844,42.38999938964844,20591,0.0,0.0,0.0
2023-11-27 14:30:00-05:00,42.38999938964844,42.38999938964844,42.38999938964844,42.38999938964844,571,0.0,0.0,0.0
2023-11-27 15:30:00-05:00,42.39500045776367,42.419898986816406,42.31999969482422,42.349998474121094,0,0.0,0.0,0.0
2023-11-28 09:30:00-05:00,42.2400016784668,42.27000045776367,42.2400016784668,42.27000045776367,1488,0.0,0.0,0.0
2023-11-28 10:30:00-05:00,42.310001373291016,42.459999084472656,42.310001373291016,42.459999084472656,10432,0.0,0.0,0.0
2023-11-28 11:30:00-05:00,42.5099983215332,42.5099983215332,42.499900817871094,42.5,1165,0.0,0.0,0.0
2023-11-28 12:30:00-05:00,42.44499969482422,42.44499969482422,42.34000015258789,42.34000015258789,1819,0.0,0.0,0.0
2023-11-28 13:30:00-05:00,42.38999938964844,42.38999938964844,42.34000015258789,42.34000015258789,3299,0.0,0.0,0.0
2023-11-28 14:30:00-05:00,42.34000015258789,42.400001525878906,42.34000015258789,42.38999938964844,2758,0.0,0.0,0.0
2023-11-28 15:30:00-05:00,42.359100341796875,42.459999084472656,42.359100341796875,42.459999084472656,17370,0.0,0.0,0.0
2023-11-29 09:30:00-05:00,42.70000076293945,42.75,42.61000061035156,42.61000061035156,0,0.0,0.0,0.0
2023-11-29 10:30:00-05:00,42.589900970458984,42.61000061035156,42.50619888305664,42.50619888305664,1132,0.0,0.0,0.0
2023-11-29 11:30:00-05:00,42.510101318359375,42.510101318359375,42.510101318359375,42.510101318359375,352,0.0,0.0,0.0
2023-11-29 12:30:00-05:00,42.56999969482422,42.56999969482422,42.56999969482422,42.56999969482422,383,0.0,0.0,0.0
2023-11-29 13:30:00-05:00,42.609901428222656,42.61000061035156,42.609901428222656,42.61000061035156,2653,0.0,0.0,0.0
2023-11-29 14:30:00-05:00,42.559898376464844,42.560001373291016,42.44499969482422,42.44499969482422,1709,0.0,0.0,0.0
2023-11-29 15:30:00-05:00,42.44499969482422,42.47999954223633,42.43009948730469,42.470001220703125,0,0.0,0.0,0.0
2023-11-30 09:30:00-05:00,42.4989013671875,42.4989013671875,42.45500183105469,42.45500183105469,2202,0.0,0.0,0.0
2023-11-30 10:30:00-05:00,42.47999954223633,42.47999954223633,42.380001068115234,42.45500183105469,2786,0.0,0.0,0.0
2023-11-30 11:30:00-05:00,42.40999984741211,42.40999984741211,42.33000183105469,42.38999938964844,6381,0.0,0.0,0.0
2023-11-30 12:30:00-05:00,42.33000183105469,42.34000015258789,42.33000183105469,42.34000015258789,307,0.0,0.0,0.0
2023-11-30 13:30:00-05:00,42.29999923706055,42.400001525878906,42.29999923706055,42.400001525878906,6526,0.0,0.0,0.0
2023-11-30 14:30:00-05:00,42.41999816894531,42.459999084472656,42.40999984741211,42.44990158081055,9845,0.0,0.0,0.0
2023-11-30 15:30:00-05:00,42.459999084472656,42.59000015258789,42.459999084472656,42.59000015258789,113,0.0,0.0,0.0
2023-12-01 09:30:00-05:00,42.45000076293945,42.529998779296875,42.45000076293945,42.52000045776367,0,0.0,0.0,0.0
2023-12-01 10:30:00-05:00,42.5099983215332,42.599998474121094,42.5099983215332,42.584999084472656,2073,0.0,0.0,0.0
2023-12-01 11:30:00-05:00,42.61000061035156,42.779998779296875,42.61000061035156,42.779998779296875,3444,0.0,0.0,0.0
2023-12-01 12:30:00-05:00,42.8400993347168,42.8400993347168,42.790000915527344,42.790000915527344,1763,0.0,0.0,0.0
2023-12-01 13:30:00-05:00,42.77000045776367,42.77000045776367,42.77000045776367,42.77000045776367,2268,0.0,0.0,0.0
2023-12-01 14:30:00-05:00,42.79249954223633,42.81999969482422,42.779998779296875,42.81999969482422,6962,0.0,0.0,0.0
2023-12-01 15:30:00-05:00,42.81999969482422,42.852500915527344,42.79999923706055,42.84000015258789,3998,0.0,0.0,0.0
2023-12-04 09:30:00-05:00,42.43000030517578,42.560001373291016,42.369998931884766,42.369998931884766,69997,0.0,0.0,0.0
2023-12-04 10:30:00-05:00,42.38999938964844,42.40999984741211,42.31999969482422,42.400001525878906,163633,0.0,0.0,0.0
2023-12-04 11:30:00-05:00,42.400001525878906,42.540000915527344,42.400001525878906,42.540000915527344,11011,0.0,0.0,0.0
2023-12-04 12:30:00-05:00,42.540000915527344,42.56999969482422,42.5,42.5,10825,0.0,0.0,0.0
2023-12-04 13:30:00-05:00,42.4900016784668,42.51100158691406,42.439998626708984,42.47999954223633,7520,0.0,0.0,0.0
2023-12-04 14:30:00-05:00,42.47999954223633,42.5,42.470001220703125,42.4900016784668,2564,0.0,0.0,0.0
2023-12-04 15:30:00-05:00,42.4900016784668,42.56449890136719,42.47999954223633,42.56449890136719,1933,0.0,0.0,0.0
2023-12-05 09:30:00-05:00,42.41999816894531,42.439998626708984,42.380001068115234,42.380001068115234,0,0.0,0.0,0.0
2023-12-05 10:30:00-05:00,42.518001556396484,42.619998931884766,42.4900016784668,42.4900016784668,6728,0.0,0.0,0.0
2023-12-05 11:30:00-05:00,42.52000045776367,42.52000045776367,42.52000045776367,42.52000045776367,781,0.0,0.0,0.0
2023-12-05 12:30:00-05:00,42.47650146484375,42.494998931884766,42.43000030517578,42.47999954223633,3578,0.0,0.0,0.0
2023-12-05 13:30:00-05:00,42.4900016784668,42.529998779296875,42.47999954223633,42.529998779296875,1969,0.0,0.0,0.0
2023-12-05 14:30:00-05:00,42.5,42.560001373291016,42.47999954223633,42.54999923706055,3994,0.0,0.0,0.0
2023-12-05 15:30:00-05:00,42.540000915527344,42.54999923706055,42.500301361083984,42.529300689697266,1454,0.0,0.0,0.0
2023-12-06 09:30:00-05:00,42.720001220703125,42.720001220703125,42.709999084472656,42.709999084472656,924,0.0,0.0,0.0
2023-12-06 10:30:00-05:00,42.65999984741211,42.65999984741211,42.58000183105469,42.59000015258789,3511,0.0,0.0,0.0
2023-12-06 11:30:00-05:00,42.54999923706055,42.59049987792969,42.54999923706055,42.59049987792969,448,0.0,0.0,0.0
2023-12-06 12:30:00-05:00,42.560001373291016,42.560001373291016,42.5,42.5,4163,0.0,0.0,0.0
2023-12-06 13:30:00-05:00,42.529998779296875,42.540000915527344,42.5099983215332,42.540000915527344,7021,0.0,0.0,0.0
2023-12-06 14:30:00-05:00,42.540000915527344,42.540000915527344,42.470001220703125,42.470001220703125,1565,0.0,0.0,0.0
2023-12-06 15:30:00-05:00,42.375,42.375,42.3484001159668,42.3484001159668,0,0.0,0.0,0.0
2023-12-07 09:30:00-05:00,42.65010070800781,42.65010070800781,42.65010070800781,42.65010070800781,751,0.0,0.0,0.0
2023-12-07 10:30:00-05:00,42.634498596191406,42.66999816894531,42.560001373291016,42.56999969482422,2539,0.0,0.0,0.0
2023-12-07 11:30:00-05:00,42.61000061035156,42.75,42.61000061035156,42.720001220703125,1617,0.0,0.0,0.0
2023-12-07 12:30:00-05:00,42.72999954223633,42.7599983215332,42.68000030517578,42.70000076293945,2763,0.0,0.0,0.0
2023-12-07 13:30:00-05:00,42.75149917602539,42.75149917602539,42.75,42.75,519,0.0,0.0,0.0
2023-12-07 14:30:00-05:00,42.75,42.75,42.72999954223633,42.73500061035156,2045,0.0,0.0,0.0
2023-12-07 15:30:00-05:00,42.72999954223633,42.7599983215332,42.72999954223633,42.72999954223633,0,0.0,0.0,0.0
2023-12-08 09:30:00-05:00,42.56999969482422,42.91999816894531,42.56999969482422,42.91999816894531,3537,0.0,0.0,0.0
2023-12-08 10:30:00-05:00,42.77000045776367,42.79999923706055,42.77000045776367,42.79999923706055,2081,0.0,0.0,0.0
2023-12-08 11:30:00-05:00,42.687198638916016,42.720001220703125,42.687198638916016,42.720001220703125,941,0.0,0.0,0.0
2023-12-08 12:30:00-05:00,42.77750015258789,42.79999923706055,42.77750015258789,42.79999923706055,1025,0.0,0.0,0.0
2023-12-08 13:30:00-05:00,42.7932014465332,42.845001220703125,42.790000915527344,42.84000015258789,2997,0.0,0.0,0.0
2023-12-08 14:30:00-05:00,42.86000061035156,42.88999938964844,42.845001220703125,42.845001220703125,4715,0.0,0.0,0.0
2023-12-08 15:30:00-05:00,42.869998931884766,42.869998931884766,42.869998931884766,42.869998931884766,111,0.0,0.0,0.0
2023-12-11 09:30:00-05:00,42.790000915527344,42.90999984741211,42.790000915527344,42.900001525878906,58242,0.0,0.0,0.0
2023-12-11 10:30:00-05:00,42.880001068115234,42.970001220703125,42.81999969482422,42.8650016784668,493128,0.0,0.0,0.0
2023-12-11 11:30:00-05:00,42.86000061035156,42.88999938964844,42.79999923706055,42.880001068115234,514426,0.0,0.0,0.0
2023-12-11 12:30:00-05:00,42.88999938964844,42.95000076293945,42.88100051879883,42.95000076293945,162887,0.0,0.0,0.0
2023-12-11 13:30:00-05:00,42.959999084472656,42.9900016784668,42.95000076293945,42.97999954223633,39766,0.0,0.0,0.0
2023-12-11 14:30:00-05:00,42.99100112915039,43.0,42.939998626708984,42.97999954223633,74194,0.0,0.0,0.0
2023-12-11 15:30:00-05:00,42.95000076293945,43.04999923706055,42.95000076293945,43.04999923706055,4624,0.0,0.0,0.0
2023-12-12 09:30:00-05:00,42.959999084472656,43.02000045776367,42.91999816894531,42.95589828491211,0,0.0,0.0,0.0
2023-12-12 10:30:00-05:00,43.054298400878906,43.095001220703125,43.03499984741211,43.095001220703125,1891,0.0,0.0,0.0
2023-12-12 11:30:00-05:00,43.07500076293945,43.09000015258789,43.07500076293945,43.09000015258789,1931,0.0,0.0,0.0
2023-12-12 12:30:00-05:00,43.060001373291016,43.060001373291016,43.060001373291016,43.060001373291016,408,0.0,0.0,0.0
2023-12-12 13:30:00-05:00,43.11429977416992,43.130001068115234,43.11000061035156,43.119998931884766,4799,0.0,0.0,0.0
2023-12-12 14:30:00-05:00,43.130001068115234,43.18000030517578,43.11399841308594,43.18000030517578,5074,0.0,0.0,0.0
2023-12-12 15:30:00-05:00,43.209999084472656,43.220001220703125,43.209999084472656,43.220001220703125,1151,0.0,0.0,0.0
2023-12-13 09:30:00-05:00,43.220001220703125,43.2333984375,43.209999084472656,43.209999084472656,2005,0.0,0.0,0.0
2023-12-13 10:30:00-05:00,43.27000045776367,43.279998779296875,43.224998474121094,43.22999954223633,38281,0.0,0.0,0.0
2023-12-13 11:30:00-05:00,43.216400146484375,43.216400146484375,43.179901123046875,43.18980026245117,1881,0.0,0.0,0.0
2023-12-13 12:30:00-05:00,43.15999984741211,43.15999984741211,43.15999984741211,43.15999984741211,297,0.0,0.0,0.0
2023-12-13 13:30:00-05:00,43.165000915527344,43.41999816894531,43.165000915527344,43.41999816894531,940,0.0,0.0,0.0
2023-12-13 14:30:00-05:00,43.45500183105469,43.65999984741211,43.45500183105469,43.54999923706055,2324,0.0,0.0,0.0
2023-12-13 15:30:00-05:00,43.709999084472656,43.720001220703125,43.709999084472656,43.720001220703125,0,0.0,0.0,0.0
2023-12-14 09:30:00-05:00,43.970001220703125,43.97999954223633,43.83000183105469,43.88999938964844,6333,0.0,0.0,0.0
2023-12-14 10:30:00-05:00,43.88999938964844,43.88999938964844,43.79999923706055,43.79999923706055,2321,0.0,0.0,0.0
2023-12-14 11:30:00-05:00,43.86000061035156,43.92499923706055,43.86000061035156,43.91999816894531,8783,0.0,0.0,0.0
2023-12-14 12:30:00-05:00,43.939998626708984,43.939998626708984,43.72999954223633,43.72999954223633,2728,0.0,0.0,0.0
2023-12-14 13:30:00-05:00,43.709999084472656,43.709999084472656,43.625,43.650001525878906,1644,0.0,0.0,0.0
2023-12-14 14:30:00-05:00,43.709999084472656,43.77000045776367,43.709999084472656,43.7599983215332,33942,0.0,0.0,0.0
2023-12-14 15:30:00-05:00,43.7599983215332,43.84000015258789,43.7599983215332,43.83000183105469,8239,0.0,0.0,0.0
2023-12-15 09:30:00-05:00,43.540000915527344,43.54999923706055,43.5,43.5099983215332,0,0.0,0.0,0.0
2023-12-15 10:30:00-05:00,43.636600494384766,43.63800048828125,43.636600494384766,43.63800048828125,1787,0.0,0.0,0.0
2023-12-15 11:30:00-05:00,43.619998931884766,43.619998931884766,43.59000015258789,43.599998474121094,562,0.0,0.0,0.0
2023-12-15 12:30:00-05:00,43.619998931884766,43.619998931884766,43.560001373291016,43.560001373291016,588,0.0,0.0,0.0
2023-12-15 13:30:00-05:00,43.58000183105469,43.58000183105469,43.45000076293945,43.459999084472656,1374,0.0,0.0,0.0
2023-12-15 14:30:00-05:00,43.4900016784668,43.5099983215332,43.470001220703125,43.5099983215332,2356,0.0,0.0,0.0
2023-12-15 15:30:00-05:00,43.61000061035156,43.61000061035156,43.61000061035156,43.61000061035156,202,0.0,0.0,0.0
2023-12-18 09:30:00-05:00,43.72999954223633,43.790000915527344,43.720001220703125,43.790000915527344,1941,0.0,0.0,0.0
2023-12-18 10:30:00-05:00,43.76969909667969,43.82979965209961,43.742000579833984,43.81999969482422,5112,0.0,0.0,0.0
2023-12-18 11:30:00-05:00,43.81999969482422,43.81999969482422,43.81999969482422,43.81999969482422,513,0.0,0.0,0.0
2023-12-18 12:30:00-05:00,43.839900970458984,43.84000015258789,43.839900970458984,43.84000015258789,903,0.0,0.0,0.0
2023-12-18 13:30:00-05:00,43.849998474121094,43.849998474121094,43.84000015258789,43.84000015258789,662,0.0,0.0,0.0
2023-12-18 14:30:00-05:00,43.84000015258789,43.869998931884766,43.84000015258789,43.869998931884766,3952,0.0,0.0,0.0
2023-12-18 15:30:00-05:00,43.849998474121094,43.849998474121094,43.810001373291016,43.810001373291016,3063,0.0,0.0,0.0
2023-12-19 09:30:00-05:00,43.83000183105469,43.96900177001953,43.810001373291016,43.959999084472656,4938,0.0,0.0,0.0
2023-12-19 10:30:00-05:00,43.959999084472656,44.0,43.939998626708984,44.0,5437,0.0,0.0,0.0
2023-12-19 11:30:00-05:00,43.9900016784668,43.9900016784668,43.93000030517578,43.933998107910156,6895,0.0,0.0,0.0
2023-12-19 12:30:00-05:00,43.959999084472656,43.959999084472656,43.939998626708984,43.939998626708984,468,0.0,0.0,0.0
2023-12-19 13:30:00-05:00,43.95989990234375,43.97999954223633,43.95000076293945,43.97999954223633,4093,0.0,0.0,0.0
2023-12-19 14:30:00-05:00,43.9900016784668,44.0,43.939998626708984,43.939998626708984,3003,0.0,0.0,0.0
2023-12-19 15:30:00-05:00,44.0,44.060001373291016,43.97999954223633,44.04999923706055,6747,0.0,0.0,0.0
2023-12-20 09:30:00-05:00,44.029998779296875,44.073299407958984,44.0,44.073299407958984,41866,0.0,0.0,0.0
2023-12-20 10:30:00-05:00,44.15999984741211,44.15999984741211,44.130001068115234,44.130001068115234,22767,0.0,0.0,0.0
2023-12-20 11:30:00-05:00,44.141998291015625,44.179901123046875,44.119998931884766,44.165000915527344,22335,0.0,0.0,0.0
2023-12-20 12:30:00-05:00,44.13999938964844,44.189998626708984,44.119998931884766,44.18000030517578,6414,0.0,0.0,0.0
2023-12-20 13:30:00-05:00,44.1599006652832,44.1599006652832,44.1599006652832,44.1599006652832,633,0.0,0.0,0.0
2023-12-20 14:30:00-05:00,43.959999084472656,43.959999084472656,43.5703010559082,43.70000076293945,13280,0.0,0.0,0.0
2023-12-20 15:30:00-05:00,43.54999923706055,43.609901428222656,43.5099983215332,43.5099983215332,3734,0.0,0.0,0.0
2023-12-21 09:30:00-05:00,43.709999084472656,43.81999969482422,43.709999084472656,43.79999923706055,0,0.0,0.0,0.0
2023-12-21 10:30:00-05:00,43.779998779296875,43.810001373291016,43.72999954223633,43.739898681640625,2993,0.0,0.0,0.0
2023-12-21 11:30:00-05:00,43.79999923706055,43.79999923706055,43.79999923706055,43.79999923706055,584,0.0,0.0,0.0
2023-12-21 12:30:00-05:00,43.63930130004883,43.66999816894531,43.63930130004883,43.66999816894531,788,0.0,0.0,0.0
2023-12-21 14:30:00-05:00,43.73699951171875,43.810001373291016,43.73699951171875,43.810001373291016,1435,0.0,0.0,0.0
2023-12-21 15:30:00-05:00,43.93000030517578,43.939998626708984,43.9275016784668,43.939998626708984,0,0.0,0.0,0.0
2023-12-22 09:30:00-05:00,44.02000045776367,44.130001068115234,44.02000045776367,44.119998931884766,2662,0.0,0.0,0.0
2023-12-22 10:30:00-05:00,44.1349983215332,44.1349983215332,44.1349983215332,44.1349983215332,331,0.0,0.0,0.0
2023-12-22 11:30:00-05:00,44.10599899291992,44.10599899291992,44.10599899291992,44.10599899291992,2352,0.0,0.0,0.0
2023-12-22 12:30:00-05:00,44.117698669433594,44.130001068115234,44.117698669433594,44.12990188598633,1364,0.0,0.0,0.0
2023-12-22 13:30:00-05:00,44.12329864501953,44.130001068115234,44.11000061035156,44.11000061035156,3073,0.0,0.0,0.0
2023-12-22 14:30:00-05:00,43.880001068115234,44.04999923706055,43.880001068115234,44.04999923706055,2686,0.0,0.0,0.0
2023-12-22 15:30:00-05:00,44.040000915527344,44.040000915527344,44.040000915527344,44.040000915527344,449,0.0,0.0,0.0
2023-12-26 09:30:00-05:00,44.08000183105469,44.18000030517578,44.06999969482422,44.16999816894531,0,0.0,0.0,0.0
2023-12-26 10:30:00-05:00,44.18299865722656,44.18299865722656,44.15129852294922,44.15129852294922,1560,0.0,0.0,0.0
2023-12-26 12:30:00-05:00,44.190101623535156,44.190101623535156,44.190101623535156,44.190101623535156,477,0.0,0.0,0.0
2023-12-26 13:30:00-05:00,44.18130111694336,44.18130111694336,44.18130111694336,44.18130111694336,337,0.0,0.0,0.0
2023-12-26 14:30:00-05:00,44.224998474121094,44.224998474121094,44.224998474121094,44.224998474121094,443,0.0,0.0,0.0
2023-12-26 15:30:00-05:00,44.279998779296875,44.279998779296875,44.22999954223633,44.22999954223633,3537,0.0,0.0,0.0
2023-12-27 09:30:00-05:00,44.2400016784668,44.2599983215332,44.209999084472656,44.2599983215332,0,0.0,0.0,0.0
2023-12-27 10:30:00-05:00,44.236000061035156,44.236000061035156,44.21900177001953,44.229801177978516,4645,0.0,0.0,0.0
2023-12-27 11:30:00-05:00,44.266998291015625,44.266998291015625,44.25,44.260101318359375,1963,0.0,0.0,0.0
2023-12-27 12:30:00-05:00,44.26900100708008,44.310001373291016,44.21310043334961,44.29999923706055,8403,0.0,0.0,0.0
2023-12-27 13:30:00-05:00,44.29999923706055,44.29999923706055,44.18000030517578,44.220001220703125,5966,0.0,0.0,0.0
2023-12-27 14:30:00-05:00,44.22999954223633,44.22999954223633,44.16999816894531,44.22999954223633,5546,0.0,0.0,0.0
2023-12-27 15:30:00-05:00,44.18000030517578,44.189998626708984,44.18000030517578,44.189998626708984,637,0.0,0.0,0.0
2023-12-28 09:30:00-05:00,44.2599983215332,44.36000061035156,44.2599983215332,44.36000061035156,0,0.0,0.0,0.0
2023-12-28 11:30:00-05:00,44.31999969482422,44.334999084472656,44.29999923706055,44.33000183105469,3638,0.0,0.0,0.0
2023-12-28 13:30:00-05:00,44.310001373291016,44.310001373291016,44.29999923706055,44.310001373291016,1732,0.0,0.0,0.0
2023-12-28 14:30:00-05:00,44.34000015258789,44.34000015258789,44.279998779296875,44.279998779296875,1110,0.0,0.0,0.0
2023-12-28 15:30:00-05:00,44.310001373291016,44.31999969482422,44.290000915527344,44.290000915527344,4448,0.0,0.0,0.0
2023-12-29 09:30:00-05:00,44.27000045776367,44.345001220703125,44.27000045776367,44.31679916381836,0,0.0,0.0,0.0
2023-12-29 10:30:00-05:00,44.20000076293945,44.20000076293945,44.099998474121094,44.099998474121094,2895,0.0,0.0,0.0
2023-12-29 11:30:00-05:00,44.097999572753906,44.099998474121094,44.029998779296875,44.040000915527344,4158,0.0,0.0,0.0
2023-12-29 12:30:00-05:00,44.15999984741211,44.15999984741211,44.14500045776367,44.14500045776367,1420,0.0,0.0,0.0
2023-12-29 13:30:00-05:00,44.160400390625,44.20000076293945,44.160400390625,44.20000076293945,3033,0.0,0.0,0.0
2023-12-29 14:30:00-05:00,44.22990036010742,44.22999954223633,44.22990036010742,44.22999954223633,481,0.0,0.0,0.0
2023-12-29 15:30:00-05:00,44.2400016784668,44.2400016784668,44.2400016784668,44.2400016784668,234,0.0,0.0,0.0
2024-01-02 09:30:00-05:00,43.859798431396484,43.93000030517578,43.859798431396484,43.888999938964844,0,0.0,0.0,0.0
2024-01-02 11:30:00-05:00,43.90999984741211,43.9900016784668,43.90079879760742,43.98970031738281,3152,0.0,0.0,0.0
2024-01-02 12:30:00-05:00,43.900001525878906,43.90010070800781,43.900001525878906,43.90010070800781,461,0.0,0.0,0.0
2024-01-02 13:30:00-05:00,43.900001525878906,43.900001525878906,43.900001525878906,43.900001525878906,386,0.0,0.0,0.0
2024-01-02 14:30:00-05:00,43.88970184326172,43.88970184326172,43.82929992675781,43.82929992675781,1185,0.0,0.0,0.0
2024-01-02 15:30:00-05:00,43.935001373291016,43.970001220703125,43.935001373291016,43.970001220703125,1383,0.0,0.0,0.0
2024-01-03 09:30:00-05:00,43.790000915527344,43.790000915527344,43.619998931884766,43.66999816894531,4636,0.0,0.0,0.0
2024-01-03 10:30:00-05:00,43.6598014831543,43.689701080322266,43.6598014831543,43.689701080322266,1576,0.0,0.0,0.0
2024-01-03 11:30:00-05:00,43.66999816894531,43.66999816894531,43.66999816894531,43.66999816894531,867,0.0,0.0,0.0
2024-01-03 13:30:00-05:00,43.724998474121094,43.724998474121094,43.66350173950195,43.66350173950195,1216,0.0,0.0,0.0
2024-01-03 14:30:00-05:00,43.790000915527344,43.790000915527344,43.619998931884766,43.619998931884766,1745,0.0,0.0,0.0
2024-01-03 15:30:00-05:00,43.630001068115234,43.650001525878906,43.529998779296875,43.529998779296875,4362,0.0,0.0,0.0
2024-01-04 09:30:00-05:00,43.599998474121094,43.74800109863281,43.599998474121094,43.72999954223633,0,0.0,0.0,0.0
2024-01-04 10:30:00-05:00,43.7864990234375,43.87969970703125,43.779998779296875,43.86000061035156,2779,0.0,0.0,0.0
2024-01-04 11:30:00-05:00,43.84000015258789,43.84000015258789,43.7598991394043,43.7598991394043,1130,0.0,0.0,0.0
2024-01-04 13:30:00-05:00,43.619998931884766,43.619998931884766,43.61989974975586,43.61989974975586,282,0.0,0.0,0.0
2024-01-04 14:30:00-05:00,43.599998474121094,43.63999938964844,43.56999969482422,43.589900970458984,1657,0.0,0.0,0.0
2024-01-04 15:30:00-05:00,43.619998931884766,43.619998931884766,43.470001220703125,43.470001220703125,6756,0.0,0.0,0.0
2024-01-05 09:30:00-05:00,43.58000183105469,43.7599983215332,43.529998779296875,43.7400016784668,0,0.0,0.0,0.0
2024-01-05 10:30:00-05:00,43.7400016784668,43.7400016784668,43.70000076293945,43.709999084472656,1156,0.0,0.0,0.0
2024-01-05 11:30:00-05:00,43.650001525878906,43.650001525878906,43.5,43.5,1274,0.0,0.0,0.0
2024-01-05 12:30:00-05:00,43.45000076293945,43.45000076293945,43.45000076293945,43.45000076293945,288,0.0,0.0,0.0
2024-01-05 13:30:00-05:00,43.60879898071289,43.60879898071289,43.58000183105469,43.58000183105469,1527,0.0,0.0,0.0
2024-01-05 14:30:00-05:00,43.55500030517578,43.55500030517578,43.43000030517578,43.45000076293945,2520,0.0,0.0,0.0
2024-01-05 15:30:00-05:00,43.5098991394043,43.54990005493164,43.48469924926758,43.540000915527344,7738,0.0,0.0,0.0
2024-01-08 09:30:00-05:00,43.630001068115234,43.7599983215332,43.630001068115234,43.7599983215332,0,0.0,0.0,0.0
2024-01-08 10:30:00-05:00,43.81209945678711,43.849998474121094,43.790000915527344,43.81999969482422,2459,0.0,0.0,0.0
2024-01-08 11:30:00-05:00,43.83000183105469,43.88999938964844,43.83000183105469,43.849998474121094,1121,0.0,0.0,0.0
2024-01-08 12:30:00-05:00,43.880001068115234,43.939998626708984,43.880001068115234,43.93000030517578,1106,0.0,0.0,0.0
2024-01-08 13:30:00-05:00,43.93000030517578,44.06439971923828,43.93000030517578,44.06439971923828,4190,0.0,0.0,0.0
2024-01-08 14:30:00-05:00,44.09000015258789,44.17369842529297,44.09000015258789,44.150001525878906,4792,0.0,0.0,0.0
2024-01-08 15:30:00-05:00,44.17599868774414,44.27000045776367,44.15999984741211,44.27000045776367,3143,0.0,0.0,0.0
2024-01-09 09:30:00-05:00,44.04999923706055,44.130001068115234,44.04999923706055,44.11000061035156,5112,0.0,0.0,0.0
2024-01-09 10:30:00-05:00,44.10860061645508,44.16999816894531,44.10860061645508,44.15999984741211,3643,0.0,0.0,0.0
2024-01-09 13:30:00-05:00,44.189998626708984,44.31999969482422,44.18989944458008,44.31990051269531,1207,0.0,0.0,0.0
2024-01-09 14:30:00-05:00,44.20000076293945,44.20000076293945,44.189998626708984,44.189998626708984,1002,0.0,0.0,0.0
2024-01-09 15:30:00-05:00,44.18519973754883,44.20000076293945,44.150001525878906,44.20000076293945,6905,0.0,0.0,0.0
2024-01-10 09:30:00-05:00,44.29999923706055,44.31999969482422,44.29999923706055,44.31990051269531,0,0.0,0.0,0.0
2024-01-10 10:30:00-05:00,44.37950134277344,44.40999984741211,44.35530090332031,44.35530090332031,3839,0.0,0.0,0.0
2024-01-10 12:30:00-05:00,44.41999816894531,44.41999816894531,44.41999816894531,44.41999816894531,338,0.0,0.0,0.0
2024-01-10 13:30:00-05:00,44.40999984741211,44.5088005065918,44.40999984741211,44.5088005065918,3052,0.0,0.0,0.0
2024-01-10 14:30:00-05:00,44.51499938964844,44.560001373291016,44.5,44.52000045776367,3933,0.0,0.0,0.0
2024-01-10 15:30:00-05:00,44.470001220703125,44.5,44.400001525878906,44.5,2070,0.0,0.0,0.0
2024-01-11 09:30:00-05:00,44.63999938964844,44.63999938964844,44.29999923706055,44.29999923706055,0,0.0,0.0,0.0
2024-01-11 10:30:00-05:00,44.279998779296875,44.279998779296875,44.15999984741211,44.15999984741211,2028,0.0,0.0,0.0
2024-01-11 11:30:00-05:00,44.16999816894531,44.20500183105469,44.16999816894531,44.20500183105469,425,0.0,0.0,0.0
2024-01-11 12:30:00-05:00,44.18000030517578,44.18000030517578,44.18000030517578,44.18000030517578,406,0.0,0.0,0.0
2024-01-11 13:30:00-05:00,44.43000030517578,44.43000030517578,44.43000030517578,44.43000030517578,203,0.0,0.0,0.0
2024-01-11 14:30:00-05:00,44.470001220703125,44.558998107910156,44.41999816894531,44.47999954223633,8983,0.0,0.0,0.0
2024-01-11 15:30:00-05:00,44.45000076293945,44.560001373291016,44.45000076293945,44.529998779296875,870,0.0,0.0,0.0
2024-01-12 09:30:00-05:00,44.58000183105469,44.68000030517578,44.47999954223633,44.47999954223633,1670,0.0,0.0,0.0
2024-01-12 10:30:00-05:00,44.5099983215332,44.5099983215332,44.439998626708984,44.439998626708984,1705,0.0,0.0,0.0
2024-01-12 11:30:00-05:00,44.47999954223633,44.47999954223633,44.47999954223633,44.47999954223633,1327,0.0,0.0,0.0
2024-01-12 12:30:00-05:00,44.5,44.5,44.499900817871094,44.499900817871094,543,0.0,0.0,0.0
2024-01-12 13:30:00-05:00,44.57500076293945,44.580101013183594,44.560001373291016,44.560001373291016,1582,0.0,0.0,0.0
2024-01-12 14:30:00-05:00,44.54999923706055,44.54999923706055,44.5099983215332,44.5099983215332,3735,0.0,0.0,0.0
2024-01-12 15:30:00-05:00,44.52000045776367,44.599998474121094,44.52000045776367,44.56999969482422,1549,0.0,0.0,0.0
2024-01-16 09:30:00-05:00,44.5099983215332,44.619998931884766,44.45000076293945,44.619998931884766,1942,0.0,0.0,0.0
2024-01-16 10:30:00-05:00,44.560001373291016,44.65999984741211,44.560001373291016,44.65999984741211,4393,0.0,0.0,0.0
2024-01-16 11:30:00-05:00,44.61000061035156,44.61000061035156,44.540000915527344,44.54999923706055,2745,0.0,0.0,0.0
2024-01-16 12:30:00-05:00,44.45009994506836,44.540000915527344,44.45009994506836,44.52000045776367,2363,0.0,0.0,0.0
2024-01-16 13:30:00-05:00,44.560001373291016,44.560001373291016,44.47999954223633,44.47999954223633,1593,0.0,0.0,0.0
2024-01-16 14:30:00-05:00,44.404598236083984,44.45000076293945,44.404598236083984,44.45000076293945,1742,0.0,0.0,0.0
2024-01-16 15:30:00-05:00,44.46929931640625,44.54999923706055,44.46929931640625,44.54999923706055,3049,0.0,0.0,0.0
2024-01-17 09:30:00-05:00,44.220001220703125,44.220001220703125,44.196800231933594,44.196800231933594,0,0.0,0.0,0.0
2024-01-17 10:30:00-05:00,44.244998931884766,44.2599983215332,44.233299255371094,44.2599983215332,1469,0.0,0.0,0.0
2024-01-17 11:30:00-05:00,44.28020095825195,44.284000396728516,44.28020095825195,44.284000396728516,658,0.0,0.0,0.0
2024-01-17 12:30:00-05:00,44.250301361083984,44.250301361083984,44.2400016784668,44.24330139160156,1200,0.0,0.0,0.0
2024-01-17 13:30:00-05:00,44.060001373291016,44.189998626708984,44.04999923706055,44.16999816894531,3785,0.0,0.0,0.0
2024-01-17 14:30:00-05:00,44.220001220703125,44.220001220703125,44.20000076293945,44.209999084472656,986,0.0,0.0,0.0
2024-01-17 15:30:00-05:00,44.22999954223633,44.31999969482422,44.22999954223633,44.290000915527344,2069,0.0,0.0,0.0
2024-01-18 09:30:00-05:00,44.40999984741211,44.40999984741211,44.369998931884766,44.369998931884766,0,0.0,0.0,0.0
2024-01-18 10:30:00-05:00,44.459999084472656,44.459999084472656,44.380001068115234,44.43000030517578,11395,0.0,0.0,0.0
2024-01-18 11:30:00-05:00,44.470001220703125,44.470001220703125,44.310001373291016,44.33000183105469,10470,0.0,0.0,0.0
2024-01-18 12:30:00-05:00,44.310001373291016,44.310001373291016,44.220001220703125,44.220001220703125,2557,0.0,0.0,0.0
2024-01-18 13:30:00-05:00,44.329898834228516,44.52000045776367,44.329898834228516,44.5,6032,0.0,0.0,0.0
2024-01-18 14:30:00-05:00,44.529998779296875,44.529998779296875,44.45600128173828,44.5,2435,0.0,0.0,0.0
2024-01-18 15:30:00-05:00,44.560001373291016,44.63999938964844,44.560001373291016,44.61000061035156,1081,0.0,0.0,0.0
2024-01-19 09:30:00-05:00,44.77000045776367,44.77000045776367,44.77000045776367,44.77000045776367,0,0.0,0.0,0.0
2024-01-19 10:30:00-05:00,44.779998779296875,44.869998931884766,44.77000045776367,44.869998931884766,3490,0.0,0.0,0.0
2024-01-19 11:30:00-05:00,44.81999969482422,44.87900161743164,44.810001373291016,44.87900161743164,6908,0.0,0.0,0.0
2024-01-19 12:30:00-05:00,44.90999984741211,45.029998779296875,44.88999938964844,45.02000045776367,2882,0.0,0.0,0.0
2024-01-19 13:30:00-05:00,45.060001373291016,45.188201904296875,45.060001373291016,45.13999938964844,6309,0.0,0.0,0.0
2024-01-19 14:30:00-05:00,45.11000061035156,45.18000030517578,45.099998474121094,45.15999984741211,4039,0.0,0.0,0.0
2024-01-19 15:30:00-05:00,45.16999816894531,45.189998626708984,45.16999816894531,45.189998626708984,765,0.0,0.0,0.0
2024-01-22 09:30:00-05:00,45.380001068115234,45.43000030517578,45.36000061035156,45.36989974975586,0,0.0,0.0,0.0
2024-01-22 10:30:00-05:00,45.310001373291016,45.33000183105469,45.2400016784668,45.33000183105469,4485,0.0,0.0,0.0
2024-01-22 11:30:00-05:00,45.33209991455078,45.33209991455078,45.310001373291016,45.310001373291016,1187,0.0,0.0,0.0
2024-01-22 12:30:00-05:00,45.29999923706055,45.29999923706055,45.28499984741211,45.28499984741211,1966,0.0,0.0,0.0
2024-01-22 13:30:00-05:00,45.279998779296875,45.279998779296875,45.27000045776367,45.27000045776367,1738,0.0,0.0,0.0
2024-01-22 14:30:00-05:00,45.29999923706055,45.349998474121094,45.26689910888672,45.349998474121094,4902,0.0,0.0,0.0
2024-01-22 15:30:00-05:00,45.34000015258789,45.34000015258789,45.290000915527344,45.290000915527344,2560,0.0,0.0,0.0
2024-01-23 09:30:00-05:00,45.349998474121094,45.349998474121094,45.2400016784668,45.25,0,0.0,0.0,0.0
2024-01-23 10:30:00-05:00,45.21200180053711,45.21200180053711,45.21200180053711,45.21200180053711,945,0.0,0.0,0.0
2024-01-23 11:30:00-05:00,45.18000030517578,45.2411994934082,45.18000030517578,45.2411994934082,4465,0.0,0.0,0.0
2024-01-23 13:30:00-05:00,45.2593994140625,45.2593994140625,45.2593994140625,45.2593994140625,568,0.0,0.0,0.0
2024-01-23 14:30:00-05:00,45.25,45.29100036621094,45.25,45.29010009765625,1249,0.0,0.0,0.0
2024-01-23 15:30:00-05:00,45.34000015258789,45.38999938964844,45.34000015258789,45.38999938964844,673,0.0,0.0,0.0
2024-01-24 09:30:00-05:00,45.650001525878906,45.650001525878906,45.59000015258789,45.633201599121094,0,0.0,0.0,0.0
2024-01-24 10:30:00-05:00,45.619998931884766,45.689998626708984,45.619998931884766,45.66999816894531,6992,0.0,0.0,0.0
2024-01-24 11:30:00-05:00,45.63999938964844,45.70399856567383,45.63999938964844,45.70399856567383,1147,0.0,0.0,0.0
2024-01-24 12:30:00-05:00,45.709999084472656,45.7400016784668,45.650001525878906,45.650001525878906,4308,0.0,0.0,0.0
2024-01-24 14:30:00-05:00,45.4900016784668,45.55030059814453,45.4900016784668,45.55030059814453,1386,0.0,0.0,0.0
2024-01-24 15:30:00-05:00,45.5,45.5,45.38999938964844,45.38999938964844,0,0.0,0.0,0.0
2024-01-25 09:30:00-05:00,45.61000061035156,45.64350128173828,45.599998474121094,45.64350128173828,11717,0.0,0.0,0.0
2024-01-25 10:30:00-05:00,45.65999984741211,45.65999984741211,45.625,45.630001068115234,3829,0.0,0.0,0.0
2024-01-25 11:30:00-05:00,45.61940002441406,45.65999984741211,45.51499938964844,45.51499938964844,7857,0.0,0.0,0.0
2024-01-25 13:30:00-05:00,45.529998779296875,45.529998779296875,45.46989822387695,45.46989822387695,8655,0.0,0.0,0.0
2024-01-25 15:30:00-05:00,45.54999923706055,45.619998931884766,45.54800033569336,45.619998931884766,3831,0.0,0.0,0.0
2024-01-26 09:30:00-05:00,45.529998779296875,45.529998779296875,45.529998779296875,45.529998779296875,0,0.0,0.0,0.0
2024-01-26 10:30:00-05:00,45.69499969482422,45.69499969482422,45.69499969482422,45.69499969482422,1012,0.0,0.0,0.0
2024-01-26 12:30:00-05:00,45.599998474121094,45.599998474121094,45.5099983215332,45.560001373291016,3256,0.0,0.0,0.0
2024-01-26 13:30:00-05:00,45.540000915527344,45.540000915527344,45.529998779296875,45.529998779296875,843,0.0,0.0,0.0
2024-01-26 14:30:00-05:00,45.60490036010742,45.60490036010742,45.60490036010742,45.60490036010742,509,0.0,0.0,0.0
2024-01-26 15:30:00-05:00,45.57500076293945,45.58000183105469,45.56999969482422,45.58000183105469,1728,0.0,0.0,0.0
2024-01-29 09:30:00-05:00,45.630001068115234,45.689998626708984,45.630001068115234,45.689998626708984,0,0.0,0.0,0.0
2024-01-29 10:30:00-05:00,45.65999984741211,45.665000915527344,45.630001068115234,45.65999984741211,4262,0.0,0.0,0.0
2024-01-29 11:30:00-05:00,45.689998626708984,45.71500015258789,45.68000030517578,45.71500015258789,9993,0.0,0.0,0.0
2024-01-29 12:30:00-05:00,45.724998474121094,45.724998474121094,45.689998626708984,45.70500183105469,1398,0.0,0.0,0.0
2024-01-29 13:30:00-05:00,45.70500183105469,45.70500183105469,45.70500183105469,45.70500183105469,626,0.0,0.0,0.0
2024-01-29 14:30:00-05:00,45.78260040283203,46.0,45.779998779296875,46.0,2136,0.0,0.0,0.0
2024-01-29 15:30:00-05:00,46.005001068115234,46.04999923706055,45.970001220703125,46.02000045776367,8377,0.0,0.0,0.0
2024-01-30 09:30:00-05:00,46.04999923706055,46.04999923706055,45.9900016784668,45.9900016784668,1899,0.0,0.0,0.0
2024-01-30 10:30:00-05:00,46.017601013183594,46.017601013183594,45.98899841308594,46.01390075683594,1948,0.0,0.0,0.0
2024-01-30 11:30:00-05:00,46.06999969482422,46.09989929199219,46.0099983215332,46.0099983215332,1377,0.0,0.0,0.0
2024-01-30 13:30:00-05:00,46.040000915527344,46.040000915527344,46.040000915527344,46.040000915527344,404,0.0,0.0,0.0
2024-01-30 14:30:00-05:00,46.09000015258789,46.09000015258789,46.060001373291016,46.079898834228516,3284,0.0,0.0,0.0
2024-01-30 15:30:00-05:00,46.099998474121094,46.099998474121094,46.029998779296875,46.040000915527344,1614,0.0,0.0,0.0
2024-01-31 09:30:00-05:00,45.72999954223633,45.72999954223633,45.630001068115234,45.630001068115234,1792,0.0,0.0,0.0
2024-01-31 10:30:00-05:00,45.52000045776367,45.56999969482422,45.51499938964844,45.56999969482422,1266,0.0,0.0,0.0
2024-01-31 11:30:00-05:00,45.55500030517578,45.560001373291016,45.54499816894531,45.560001373291016,1567,0.0,0.0,0.0
2024-01-31 12:30:00-05:00,45.53499984741211,45.53499984741211,45.5099983215332,45.5099983215332,1445,0.0,0.0,0.0
2024-01-31 13:30:00-05:00,45.540000915527344,45.540000915527344,45.439998626708984,45.4900016784668,3684,0.0,0.0,0.0
2024-01-31 14:30:00-05:00,45.650001525878906,45.72999954223633,45.29999923706055,45.31629943847656,1373,0.0,0.0,0.0
2024-01-31 15:30:00-05:00,45.220001220703125,45.22010040283203,45.16999816894531,45.16999816894531,0,0.0,0.0,0.0
2024-02-01 09:30:00-05:00,45.43000030517578,45.43000030517578,45.43000030517578,45.43000030517578,1062,0.0,0.0,0.0
2024-02-01 10:30:00-05:00,45.5,45.5,45.36000061035156,45.36000061035156,2513,0.0,0.0,0.0
2024-02-01 11:30:00-05:00,45.599998474121094,45.61000061035156,45.540000915527344,45.540000915527344,2248,0.0,0.0,0.0
2024-02-01 12:30:00-05:00,45.579898834228516,45.625,45.579898834228516,45.619998931884766,9284,0.0,0.0,0.0
2024-02-01 13:30:00-05:00,45.589599609375,45.599998474121094,45.589599609375,45.599998474121094,593,0.0,0.0,0.0
2024-02-01 14:30:00-05:00,45.67499923706055,45.78390121459961,45.67499923706055,45.77690124511719,4102,0.0,0.0,0.0
2024-02-01 15:30:00-05:00,45.790000915527344,45.81999969482422,45.790000915527344,45.81999969482422,868,0.0,0.0,0.0
2024-02-02 09:30:00-05:00,45.7400016784668,45.7400016784668,45.66619873046875,45.66619873046875,3056,0.0,0.0,0.0
2024-02-02 10:30:00-05:00,45.83700180053711,45.880001068115234,45.83000183105469,45.880001068115234,2165,0.0,0.0,0.0
2024-02-02 11:30:00-05:00,45.900001525878906,45.97999954223633,45.900001525878906,45.97999954223633,12053,0.0,0.0,0.0
2024-02-02 12:30:00-05:00,46.02000045776367,46.06700134277344,45.93000030517578,46.06700134277344,1898,0.0,0.0,0.0
2024-02-02 13:30:00-05:00,46.02000045776367,46.189998626708984,46.02000045776367,46.13999938964844,2136,0.0,0.0,0.0
2024-02-02 14:30:00-05:00,46.1697998046875,46.2151985168457,46.15999984741211,46.209999084472656,6665,0.0,0.0,0.0
2024-02-02 15:30:00-05:00,46.16999816894531,46.170101165771484,46.13999938964844,46.13999938964844,1889,0.0,0.0,0.0
2024-02-05 09:30:00-05:00,46.150001525878906,46.150001525878906,46.150001525878906,46.150001525878906,0,0.0,0.0,0.0
2024-02-05 10:30:00-05:00,45.90999984741211,45.91999816894531,45.84000015258789,45.86750030517578,2666,0.0,0.0,0.0
2024-02-05 11:30:00-05:00,45.93000030517578,45.999900817871094,45.91999816894531,45.999900817871094,1186,0.0,0.0,0.0
2024-02-05 12:30:00-05:00,46.064998626708984,46.064998626708984,46.0099983215332,46.0099983215332,947,0.0,0.0,0.0
2024-02-05 14:30:00-05:00,46.130001068115234,46.13999938964844,46.130001068115234,46.13999938964844,1082,0.0,0.0,0.0
2024-02-05 15:30:00-05:00,46.120201110839844,46.120201110839844,46.060001373291016,46.08000183105469,3599,0.0,0.0,0.0
2024-02-06 09:30:00-05:00,46.15999984741211,46.18000030517578,46.07680130004883,46.07680130004883,1285,0.0,0.0,0.0
2024-02-06 10:30:00-05:00,46.040000915527344,46.06999969482422,46.040000915527344,46.060001373291016,1650,0.0,0.0,0.0
2024-02-06 11:30:00-05:00,45.96500015258789,45.970001220703125,45.90999984741211,45.959999084472656,10968,0.0,0.0,0.0
2024-02-06 12:30:00-05:00,45.97999954223633,46.0,45.939998626708984,45.970001220703125,9593,0.0,0.0,0.0
2024-02-06 13:30:00-05:00,46.040000915527344,46.08000183105469,45.929901123046875,45.970001220703125,4001,0.0,0.0,0.0
2024-02-06 14:30:00-05:00,45.9900016784668,46.08000183105469,45.959999084472656,46.060001373291016,3805,0.0,0.0,0.0
2024-02-06 15:30:00-05:00,46.04999923706055,46.15999984741211,46.01219940185547,46.15999984741211,0,0.0,0.0,0.0
2024-02-07 09:30:00-05:00,46.380001068115234,46.5,46.31990051269531,46.5,6147,0.0,0.0,0.0
2024-02-07 10:30:00-05:00,46.52000045776367,46.52000045776367,46.5099983215332,46.5099983215332,2476,0.0,0.0,0.0
2024-02-07 11:30:00-05:00,46.459999084472656,46.505001068115234,46.459999084472656,46.49599838256836,696,0.0,0.0,0.0
2024-02-07 12:30:00-05:00,46.4900016784668,46.53010177612305,46.489898681640625,46.52000045776367,558,0.0,0.0,0.0
2024-02-07 13:30:00-05:00,46.59000015258789,46.59000015258789,46.560001373291016,46.58000183105469,4561,0.0,0.0,0.0
2024-02-07 14:30:00-05:00,46.560001373291016,46.560001373291016,46.560001373291016,46.560001373291016,257,0.0,0.0,0.0
2024-02-07 15:30:00-05:00,46.59000015258789,46.59000015258789,46.529998779296875,46.58000183105469,0,0.0,0.0,0.0
2024-02-08 09:30:00-05:00,46.58000183105469,46.59000015258789,46.58000183105469,46.59000015258789,889,0.0,0.0,0.0
2024-02-08 10:30:00-05:00,46.57400131225586,46.61000061035156,46.57400131225586,46.599998474121094,1988,0.0,0.0,0.0
2024-02-08 11:30:00-05:00,46.599998474121094,46.599998474121094,46.599998474121094,46.599998474121094,156,0.0,0.0,0.0
2024-02-08 12:30:00-05:00,46.627498626708984,46.65999984741211,46.627498626708984,46.637001037597656,5361,0.0,0.0,0.0
2024-02-08 14:30:00-05:00,46.598899841308594,46.66999816894531,46.598899841308594,46.66999816894531,1699,0.0,0.0,0.0
2024-02-08 15:30:00-05:00,46.665000915527344,46.665000915527344,46.657100677490234,46.657100677490234,0,0.0,0.0,0.0
2024-02-09 09:30:00-05:00,46.7599983215332,46.86000061035156,46.75,46.86000061035156,3091,0.0,0.0,0.0
2024-02-09 10:30:00-05:00,46.880001068115234,46.91999816894531,46.87990188598633,46.91550064086914,6416,0.0,0.0,0.0
2024-02-09 11:30:00-05:00,46.85499954223633,46.8921012878418,46.85499954223633,46.8921012878418,1765,0.0,0.0,0.0
2024-02-09 12:30:00-05:00,46.93000030517578,46.97999954223633,46.91999816894531,46.97999954223633,2647,0.0,0.0,0.0
2024-02-09 13:30:00-05:00,47.0,47.0,46.9900016784668,47.0,1318,0.0,0.0,0.0
2024-02-09 14:30:00-05:00,47.09000015258789,47.09000015258789,47.029998779296875,47.041500091552734,823,0.0,0.0,0.0
2024-02-09 15:30:00-05:00,47.019901275634766,47.06999969482422,47.019901275634766,47.06999969482422,6023,0.0,0.0,0.0
2024-02-12 09:30:00-05:00,47.099998474121094,47.099998474121094,47.04999923706055,47.04999923706055,3599,0.0,0.0,0.0
2024-02-12 10:30:00-05:00,47.08000183105469,47.153900146484375,47.077701568603516,47.14030075073242,2912,0.0,0.0,0.0
2024-02-12 11:30:00-05:00,47.20000076293945,47.20000076293945,47.19990158081055,47.19990158081055,445,0.0,0.0,0.0
2024-02-12 12:30:00-05:00,47.20000076293945,47.22999954223633,47.20000076293945,47.22999954223633,538,0.0,0.0,0.0
2024-02-12 13:30:00-05:00,47.09000015258789,47.099998474121094,47.060001373291016,47.060001373291016,1324,0.0,0.0,0.0
2024-02-12 14:30:00-05:00,47.02000045776367,47.0255012512207,46.959999084472656,47.0,5748,0.0,0.0,0.0
2024-02-12 15:30:00-05:00,47.02000045776367,47.029998779296875,46.959999084472656,46.970001220703125,1470,0.0,0.0,0.0
2024-02-13 09:30:00-05:00,46.27000045776367,46.290000915527344,46.25,46.250099182128906,2796,0.0,0.0,0.0
2024-02-13 10:30:00-05:00,46.43000030517578,46.46500015258789,46.43000030517578,46.459999084472656,1988,0.0,0.0,0.0
2024-02-13 11:30:00-05:00,46.47999954223633,46.5,46.43000030517578,46.43000030517578,1272,0.0,0.0,0.0
2024-02-13 12:30:00-05:00,46.41999816894531,46.43000030517578,46.345001220703125,46.349998474121094,2523,0.0,0.0,0.0
2024-02-13 13:30:00-05:00,46.310001373291016,46.310001373291016,46.15999984741211,46.15999984741211,549,0.0,0.0,0.0
2024-02-13 14:30:00-05:00,46.220001220703125,46.220001220703125,46.06999969482422,46.084999084472656,3513,0.0,0.0,0.0
2024-02-13 15:30:00-05:00,46.08000183105469,46.36000061035156,46.08000183105469,46.36000061035156,2968,0.0,0.0,0.0
2024-02-14 09:30:00-05:00,46.689998626708984,46.69499969482422,46.61000061035156,46.69499969482422,0,0.0,0.0,0.0
2024-02-14 10:30:00-05:00,46.66999816894531,46.68000030517578,46.470001220703125,46.560001373291016,4779,0.0,0.0,0.0
2024-02-14 11:30:00-05:00,46.55500030517578,46.55500030517578,46.43000030517578,46.480098724365234,1854,0.0,0.0,0.0
2024-02-14 12:30:00-05:00,46.54999923706055,46.599998474121094,46.52000045776367,46.52000045776367,7916,0.0,0.0,0.0
2024-02-14 13:30:00-05:00,46.63130187988281,46.63130187988281,46.54990005493164,46.599998474121094,1344,0.0,0.0,0.0
2024-02-14 14:30:00-05:00,46.641300201416016,46.70000076293945,46.62009811401367,46.70000076293945,1458,0.0,0.0,0.0
2024-02-14 15:30:00-05:00,46.720001220703125,46.86000061035156,46.720001220703125,46.849998474121094,4623,0.0,0.0,0.0
2024-02-15 09:30:00-05:00,46.869998931884766,46.91999816894531,46.814998626708984,46.91999816894531,5513,0.0,0.0,0.0
2024-02-15 10:30:00-05:00,46.86000061035156,46.880001068115234,46.790000915527344,46.80979919433594,3488,0.0,0.0,0.0
2024-02-15 11:30:00-05:00,46.810001373291016,46.869998931884766,46.810001373291016,46.869998931884766,559,0.0,0.0,0.0
2024-02-15 12:30:00-05:00,46.86000061035156,46.880001068115234,46.86000061035156,46.880001068115234,285,0.0,0.0,0.0
2024-02-15 13:30:00-05:00,46.93000030517578,46.970001220703125,46.93000030517578,46.963600158691406,1143,0.0,0.0,0.0
2024-02-15 14:30:00-05:00,46.97999954223633,46.9900016784668,46.94990158081055,46.94990158081055,2110,0.0,0.0,0.0
2024-02-15 15:30:00-05:00,46.97999954223633,47.0,46.97999954223633,47.0,0,0.0,0.0,0.0
2024-02-16 09:30:00-05:00,47.02000045776367,47.02000045776367,46.790000915527344,46.869998931884766,2558,0.0,0.0,0.0
2024-02-16 10:30:00-05:00,46.86000061035156,47.040000915527344,46.86000061035156,47.03499984741211,3733,0.0,0.0,0.0
2024-02-16 11:30:00-05:00,47.060001373291016,47.099998474121094,47.058998107910156,47.099998474121094,1644,0.0,0.0,0.0
2024-02-16 12:30:00-05:00,47.060001373291016,47.060001373291016,46.949501037597656,47.02000045776367,1163,0.0,0.0,0.0
2024-02-16 13:30:00-05:00,47.06999969482422,47.130001068115234,47.06999969482422,47.130001068115234,556,0.0,0.0,0.0
2024-02-16 14:30:00-05:00,47.10900115966797,47.10900115966797,46.849998474121094,46.904998779296875,3081,0.0,0.0,0.0
2024-02-16 15:30:00-05:00,46.900001525878906,46.900001525878906,46.792999267578125,46.792999267578125,3693,0.0,0.0,0.0
2024-02-20 09:30:00-05:00,46.630001068115234,46.630001068115234,46.630001068115234,46.630001068115234,0,0.0,0.0,0.0
2024-02-20 10:30:00-05:00,46.345001220703125,46.47999954223633,46.33000183105469,46.459999084472656,6212,0.0,0.0,0.0
2024-02-20 11:30:00-05:00,46.37200164794922,46.38999938964844,46.21179962158203,46.21179962158203,1325,0.0,0.0,0.0
2024-02-20 12:30:00-05:00,46.27000045776367,46.31010055541992,46.2599983215332,46.31010055541992,1716,0.0,0.0,0.0
2024-02-20 13:30:00-05:00,46.2400016784668,46.2401008605957,46.2400016784668,46.2401008605957,2639,0.0,0.0,0.0
2024-02-20 14:30:00-05:00,46.36000061035156,46.45000076293945,46.36000061035156,46.439998626708984,2107,0.0,0.0,0.0
2024-02-20 15:30:00-05:00,46.43000030517578,46.43000030517578,46.29999923706055,46.43000030517578,3807,0.0,0.0,0.0
2024-02-21 09:30:00-05:00,46.209999084472656,46.31999969482422,46.209999084472656,46.31999969482422,0,0.0,0.0,0.0
2024-02-21 10:30:00-05:00,46.22999954223633,46.33000183105469,46.22999954223633,46.33000183105469,2647,0.0,0.0,0.0
2024-02-21 11:30:00-05:00,46.29899978637695,46.29899978637695,46.20000076293945,46.220001220703125,924,0.0,0.0,0.0
2024-02-21 12:30:00-05:00,46.209999084472656,46.2599983215332,46.209999084472656,46.2599983215332,470,0.0,0.0,0.0
2024-02-21 13:30:00-05:00,46.220001220703125,46.29999923706055,46.15999984741211,46.15999984741211,1295,0.0,0.0,0.0
2024-02-21 14:30:00-05:00,46.15999984741211,46.16999816894531,46.11000061035156,46.11000061035156,4183,0.0,0.0,0.0
2024-02-21 15:30:00-05:00,46.20000076293945,46.470001220703125,46.20000076293945,46.470001220703125,0,0.0,0.0,0.0
2024-02-22 09:30:00-05:00,47.20000076293945,47.400001525878906,46.84000015258789,47.38999938964844,116524,0.0,0.0,0.0
2024-02-22 10:30:00-05:00,47.40999984741211,47.41999816894531,47.31999969482422,47.400001525878906,5116,0.0,0.0,0.0
2024-02-22 11:30:00-05:00,47.40999984741211,47.43000030517578,47.36000061035156,47.43000030517578,4295,0.0,0.0,0.0
2024-02-22 12:30:00-05:00,47.400001525878906,47.45000076293945,47.400001525878906,47.41999816894531,4525,0.0,0.0,0.0
2024-02-22 13:30:00-05:00,47.52000045776367,47.61000061035156,47.52000045776367,47.61000061035156,2365,0.0,0.0,0.0
2024-02-22 14:30:00-05:00,47.625,47.630001068115234,47.52000045776367,47.619998931884766,2141,0.0,0.0,0.0
2024-02-22 15:30:00-05:00,47.599998474121094,47.665000915527344,47.59000015258789,47.63999938964844,1305,0.0,0.0,0.0
2024-02-23 09:30:00-05:00,47.83000183105469,47.83000183105469,47.79999923706055,47.80500030517578,0,0.0,0.0,0.0
2024-02-23 10:30:00-05:00,47.810001373291016,47.810001373291016,47.55509948730469,47.55509948730469,31982,0.0,0.0,0.0
2024-02-23 11:30:00-05:00,47.66999816894531,47.70000076293945,47.66999816894531,47.70000076293945,1121,0.0,0.0,0.0
2024-02-23 12:30:00-05:00,47.72999954223633,47.7400016784668,47.72999954223633,47.7400016784668,760,0.0,0.0,0.0
2024-02-23 13:30:00-05:00,47.72999954223633,47.72999954223633,47.640098571777344,47.640098571777344,1935,0.0,0.0,0.0
2024-02-23 14:30:00-05:00,47.650001525878906,47.66999816894531,47.650001525878906,47.66999816894531,842,0.0,0.0,0.0
2024-02-23 15:30:00-05:00,47.67470169067383,47.709999084472656,47.670101165771484,47.670101165771484,945,0.0,0.0,0.0
2024-02-26 09:30:00-05:00,47.689998626708984,47.689998626708984,47.6150016784668,47.619998931884766,0,0.0,0.0,0.0
2024-02-26 10:30:00-05:00,47.650001525878906,47.65039825439453,47.599998474121094,47.599998474121094,4601,0.0,0.0,0.0
2024-02-26 11:30:00-05:00,47.619998931884766,47.619998931884766,47.61000061035156,47.619998931884766,558,0.0,0.0,0.0
2024-02-26 12:30:00-05:00,47.630001068115234,47.630001068115234,47.58000183105469,47.58000183105469,2108,0.0,0.0,0.0
2024-02-26 13:30:00-05:00,47.540000915527344,47.58000183105469,47.52000045776367,47.567298889160156,2629,0.0,0.0,0.0
2024-02-26 14:30:00-05:00,47.560001373291016,47.56999969482422,47.52000045776367,47.52000045776367,9091,0.0,0.0,0.0
2024-02-26 15:30:00-05:00,47.54010009765625,47.540199279785156,47.459999084472656,47.459999084472656,0,0.0,0.0,0.0
2024-02-27 09:30:00-05:00,47.40999984741211,47.47999954223633,47.40999984741211,47.439998626708984,2799,0.0,0.0,0.0
2024-02-27 10:30:00-05:00,47.439998626708984,47.45800018310547,47.380001068115234,47.380001068115234,3517,0.0,0.0,0.0
2024-02-27 11:30:00-05:00,47.369998931884766,47.404998779296875,47.369998931884766,47.38999938964844,4528,0.0,0.0,0.0
2024-02-27 12:30:00-05:00,47.380001068115234,47.380001068115234,47.290000915527344,47.36000061035156,986,0.0,0.0,0.0
2024-02-27 13:30:00-05:00,47.380001068115234,47.439998626708984,47.380001068115234,47.43000030517578,2421,0.0,0.0,0.0
2024-02-27 14:30:00-05:00,47.42499923706055,47.44499969482422,47.41999816894531,47.42499923706055,2394,0.0,0.0,0.0
2024-02-27 15:30:00-05:00,47.41999816894531,47.4900016784668,47.41999816894531,47.489898681640625,0,0.0,0.0,0.0
2024-02-28 09:30:00-05:00,47.290000915527344,47.34000015258789,47.290000915527344,47.34000015258789,665,0.0,0.0,0.0
2024-02-28 10:30:00-05:00,47.36289978027344,47.45000076293945,47.36289978027344,47.44770050048828,2401,0.0,0.0,0.0
2024-02-28 12:30:00-05:00,47.37839889526367,47.37839889526367,47.37839889526367,47.37839889526367,979,0.0,0.0,0.0
2024-02-28 13:30:00-05:00,47.459999084472656,47.459999084472656,47.429901123046875,47.429901123046875,567,0.0,0.0,0.0
2024-02-28 14:30:00-05:00,47.375,47.40919876098633,47.369998931884766,47.38999938964844,1358,0.0,0.0,0.0
2024-02-28 15:30:00-05:00,47.415000915527344,47.415000915527344,47.38999938964844,47.38999938964844,0,0.0,0.0,0.0
2024-02-29 09:30:00-05:00,47.65999984741211,47.68000030517578,47.540000915527344,47.540000915527344,3711,0.0,0.0,0.0
2024-02-29 10:30:00-05:00,47.56010055541992,47.584999084472656,47.505001068115234,47.54999923706055,7304,0.0,0.0,0.0
2024-02-29 11:30:00-05:00,47.5099983215332,47.52000045776367,47.36000061035156,47.5,3686,0.0,0.0,0.0
2024-02-29 12:30:00-05:00,47.52000045776367,47.59000015258789,47.52000045776367,47.58000183105469,5630,0.0,0.0,0.0
2024-02-29 13:30:00-05:00,47.57500076293945,47.630001068115234,47.57500076293945,47.599998474121094,8023,0.0,0.0,0.0
2024-02-29 14:30:00-05:00,47.58000183105469,47.58000183105469,47.57619857788086,47.57619857788086,330,0.0,0.0,0.0
2024-02-29 15:30:00-05:00,47.650001525878906,47.79999923706055,47.650001525878906,47.709999084472656,14366,0.0,0.0,0.0
2024-03-01 09:30:00-05:00,47.79999923706055,47.83000183105469,47.375,47.83000183105469,82292,0.0,0.0,0.0
2024-03-01 10:30:00-05:00,47.83000183105469,47.95000076293945,47.83000183105469,47.95000076293945,2074,0.0,0.0,0.0
2024-03-01 11:30:00-05:00,47.900001525878906,47.95500183105469,47.900001525878906,47.95500183105469,917,0.0,0.0,0.0
2024-03-01 13:30:00-05:00,48.06999969482422,48.125,48.06999969482422,48.125,5443,0.0,0.0,0.0
2024-03-01 14:30:00-05:00,48.099998474121094,48.099998474121094,48.09000015258789,48.09000015258789,630,0.0,0.0,0.0
2024-03-01 15:30:00-05:00,48.099998474121094,48.13999938964844,48.09000015258789,48.12009811401367,6654,0.0,0.0,0.0
2024-03-04 09:30:00-05:00,48.150001525878906,48.150001525878906,48.13570022583008,48.13570022583008,0,0.0,0.0,0.0
2024-03-04 10:30:00-05:00,48.143798828125,48.15700149536133,48.119998931884766,48.119998931884766,5245,0.0,0.0,0.0
2024-03-04 12:30:00-05:00,48.21500015258789,48.21500015258789,48.21500015258789,48.21500015258789,1857,0.0,0.0,0.0
2024-03-04 14:30:00-05:00,48.22010040283203,48.32500076293945,48.22010040283203,48.31999969482422,3008,0.0,0.0,0.0
2024-03-04 15:30:00-05:00,48.115299224853516,48.14179992675781,48.115299224853516,48.130001068115234,3009,0.0,0.0,0.0
2024-03-05 09:30:00-05:00,48.0,48.0,47.72999954223633,47.72999954223633,1353,0.0,0.0,0.0
2024-03-05 10:30:00-05:00,47.64780044555664,47.69499969482422,47.63999938964844,47.69499969482422,1966,0.0,0.0,0.0
2024-03-05 11:30:00-05:00,47.69990158081055,47.69990158081055,47.6150016784668,47.69820022583008,8740,0.0,0.0,0.0
2024-03-05 12:30:00-05:00,47.709999084472656,47.72589874267578,47.689998626708984,47.70859909057617,1735,0.0,0.0,0.0
2024-03-05 13:30:00-05:00,47.59120178222656,47.63930130004883,47.582000732421875,47.600101470947266,1763,0.0,0.0,0.0
2024-03-05 14:30:00-05:00,47.54999923706055,47.54999923706055,47.439998626708984,47.439998626708984,3220,0.0,0.0,0.0
2024-03-05 15:30:00-05:00,47.429901123046875,47.63999938964844,47.42660140991211,47.63999938964844,3971,0.0,0.0,0.0
2024-03-06 09:30:00-05:00,47.939998626708984,47.939998626708984,47.810001373291016,47.810001373291016,2193,0.0,0.0,0.0
2024-03-06 10:30:00-05:00,47.939998626708984,47.939998626708984,47.935001373291016,47.935001373291016,1908,0.0,0.0,0.0
2024-03-06 11:30:00-05:00,48.04999923706055,48.05500030517578,48.04999923706055,48.05500030517578,596,0.0,0.0,0.0
2024-03-06 12:30:00-05:00,48.03200149536133,48.037899017333984,48.03200149536133,48.037899017333984,1413,0.0,0.0,0.0
2024-03-06 13:30:00-05:00,47.93000030517578,47.93000030517578,47.91999816894531,47.91999816894531,303,0.0,0.0,0.0
2024-03-06 14:30:00-05:00,47.93000030517578,47.93000030517578,47.91999816894531,47.91999816894531,1408,0.0,0.0,0.0
2024-03-06 15:30:00-05:00,47.880001068115234,47.880001068115234,47.869998931884766,47.869998931884766,1008,0.0,0.0,0.0
2024-03-07 09:30:00-05:00,48.2400016784668,48.347599029541016,48.220001220703125,48.347599029541016,1920,0.0,0.0,0.0
2024-03-07 10:30:00-05:00,48.34000015258789,48.36000061035156,48.34000015258789,48.36000061035156,1465,0.0,0.0,0.0
2024-03-07 11:30:00-05:00,48.349998474121094,48.42290115356445,48.349998474121094,48.41999816894531,20895,0.0,0.0,0.0
2024-03-07 12:30:00-05:00,48.400001525878906,48.40999984741211,48.400001525878906,48.40999984741211,406,0.0,0.0,0.0
2024-03-07 13:30:00-05:00,48.47999954223633,48.5099983215332,48.47999954223633,48.4900016784668,2374,0.0,0.0,0.0
2024-03-07 14:30:00-05:00,48.470001220703125,48.47010040283203,48.470001220703125,48.47010040283203,837,0.0,0.0,0.0
2024-03-07 15:30:00-05:00,48.459999084472656,48.5099983215332,48.45989990234375,48.470001220703125,1802,0.0,0.0,0.0
2024-03-08 09:30:00-05:00,48.630001068115234,48.813899993896484,48.58000183105469,48.813899993896484,1905,0.0,0.0,0.0
2024-03-08 10:30:00-05:00,48.72999954223633,48.779998779296875,48.540000915527344,48.540000915527344,1346,0.0,0.0,0.0
2024-03-08 11:30:00-05:00,48.40999984741211,48.439998626708984,48.2400016784668,48.290000915527344,2177,0.0,0.0,0.0
2024-03-08 12:30:00-05:00,48.12009811401367,48.12009811401367,48.12009811401367,48.12009811401367,207,0.0,0.0,0.0
2024-03-08 13:30:00-05:00,48.06010055541992,48.06010055541992,47.994998931884766,48.029998779296875,1078,0.0,0.0,0.0
2024-03-08 14:30:00-05:00,48.27000045776367,48.310001373291016,48.25,48.310001373291016,988,0.0,0.0,0.0
2024-03-08 15:30:00-05:00,48.11000061035156,48.11249923706055,48.06999969482422,48.08000183105469,775,0.0,0.0,0.0
2024-03-11 09:30:00-04:00,47.939998626708984,48.0099983215332,47.619998931884766,47.83000183105469,83562,0.0,0.0,0.0
2024-03-11 10:30:00-04:00,47.900001525878906,47.9900016784668,47.88010025024414,47.89469909667969,0,0.0,0.0,0.0
2024-03-11 11:30:00-04:00,47.959999084472656,47.97999954223633,47.939998626708984,47.95000076293945,100370,0.0,0.0,0.0
2024-03-11 13:30:00-04:00,47.97990036010742,48.029998779296875,47.97990036010742,48.02000045776367,1812,0.0,0.0,0.0
2024-03-11 14:30:00-04:00,48.02000045776367,48.07400131225586,47.9900016784668,48.031898498535156,810,0.0,0.0,0.0
2024-03-11 15:30:00-04:00,48.029998779296875,48.029998779296875,47.959999084472656,48.02989959716797,2576,0.0,0.0,0.0
2024-03-12 09:30:00-04:00,48.279998779296875,48.279998779296875,48.125,48.18000030517578,1137,0.0,0.0,0.0
2024-03-12 10:30:00-04:00,48.560001373291016,48.560001373291016,48.53499984741211,48.546199798583984,1313,0.0,0.0,0.0
2024-03-12 12:30:00-04:00,48.52000045776367,48.52000045776367,48.38999938964844,48.38999938964844,6294,0.0,0.0,0.0
2024-03-12 13:30:00-04:00,48.63999938964844,48.63999938964844,48.63999938964844,48.63999938964844,681,0.0,0.0,0.0
2024-03-12 14:30:00-04:00,48.68000030517578,48.689998626708984,48.68000030517578,48.689998626708984,1034,0.0,0.0,0.0
2024-03-12 15:30:00-04:00,48.679500579833984,48.7400016784668,48.679500579833984,48.72999954223633,5002,0.0,0.0,0.0
2024-03-13 09:30:00-04:00,48.72999954223633,48.72999954223633,48.72999954223633,48.72999954223633,0,0.0,0.0,0.0
2024-03-13 10:30:00-04:00,48.64970016479492,48.65999984741211,48.64500045776367,48.65999984741211,2151,0.0,0.0,0.0
2024-03-13 11:30:00-04:00,48.601600646972656,48.63999938964844,48.59000015258789,48.630001068115234,1649,0.0,0.0,0.0
2024-03-13 12:30:00-04:00,48.65999984741211,48.65999984741211,48.654998779296875,48.654998779296875,2996,0.0,0.0,0.0
2024-03-13 13:30:00-04:00,48.690101623535156,48.690101623535156,48.690101623535156,48.690101623535156,274,0.0,0.0,0.0
2024-03-13 14:30:00-04:00,48.70000076293945,48.70000076293945,48.5,48.5099983215332,2480,0.0,0.0,0.0
2024-03-13 15:30:00-04:00,48.56999969482422,48.650001525878906,48.56999969482422,48.58000183105469,631,0.0,0.0,0.0
2024-03-14 09:30:00-04:00,48.650001525878906,48.650001525878906,48.33000183105469,48.51499938964844,0,0.0,0.0,0.0
2024-03-14 10:30:00-04:00,48.560001373291016,48.560001373291016,48.43000030517578,48.52000045776367,6439,0.0,0.0,0.0
2024-03-14 11:30:00-04:00,48.470001220703125,48.47999954223633,48.369998931884766,48.369998931884766,11971,0.0,0.0,0.0
2024-03-14 12:30:00-04:00,48.41999816894531,48.41999816894531,48.345001220703125,48.345001220703125,358,0.0,0.0,0.0
2024-03-14 13:30:00-04:00,48.310001373291016,48.4900016784668,48.310001373291016,48.4900016784668,921,0.0,0.0,0.0
2024-03-14 14:30:00-04:00,48.4900016784668,48.5,48.25,48.25,16156,0.0,0.0,0.0
2024-03-14 15:30:00-04:00,48.310001373291016,48.45000076293945,48.30500030517578,48.45000076293945,2016,0.0,0.0,0.0
2024-03-15 09:30:00-04:00,48.040000915527344,48.06999969482422,47.939998626708984,48.06999969482422,0,0.0,0.0,0.0
2024-03-15 10:30:00-04:00,48.16999816894531,48.220001220703125,48.11000061035156,48.119998931884766,2876,0.0,0.0,0.0
2024-03-15 11:30:00-04:00,48.119998931884766,48.119998931884766,47.970001220703125,47.970001220703125,29974,0.0,0.0,0.0
2024-03-15 12:30:00-04:00,47.9900016784668,48.0099983215332,47.900001525878906,48.0099983215332,1370,0.0,0.0,0.0
2024-03-15 14:30:00-04:00,48.0099983215332,48.07979965209961,48.0099983215332,48.060001373291016,14399,0.0,0.0,0.0
2024-03-15 15:30:00-04:00,47.959999084472656,47.9900016784668,47.959999084472656,47.9900016784668,2347,0.0,0.0,0.0
2024-03-18 09:30:00-04:00,48.45000076293945,48.64899826049805,48.45000076293945,48.639801025390625,6692,0.0,0.0,0.0
2024-03-18 10:30:00-04:00,48.61000061035156,48.61000061035156,48.54999923706055,48.54999923706055,2032,0.0,0.0,0.0
2024-03-18 11:30:00-04:00,48.52000045776367,48.54999923706055,48.499000549316406,48.5099983215332,6080,0.0,0.0,0.0
2024-03-18 12:30:00-04:00,48.50600051879883,48.5099983215332,48.42900085449219,48.48899841308594,3441,0.0,0.0,0.0
2024-03-18 13:30:00-04:00,48.41999816894531,48.470001220703125,48.41999816894531,48.470001220703125,802,0.0,0.0,0.0
2024-03-18 14:30:00-04:00,48.52000045776367,48.52000045776367,48.439998626708984,48.459999084472656,1510,0.0,0.0,0.0
2024-03-18 15:30:00-04:00,48.380001068115234,48.380001068115234,48.369998931884766,48.369998931884766,893,0.0,0.0,0.0
2024-03-19 09:30:00-04:00,48.27000045776367,48.27000045776367,48.185001373291016,48.25,2136,0.0,0.0,0.0
2024-03-19 10:30:00-04:00,48.189998626708984,48.314998626708984,48.18989944458008,48.290000915527344,5152,0.0,0.0,0.0
2024-03-19 11:30:00-04:00,48.36000061035156,48.400001525878906,48.35969924926758,48.375,1058,0.0,0.0,0.0
2024-03-19 12:30:00-04:00,48.5099983215332,48.600101470947266,48.5099983215332,48.54999923706055,3384,0.0,0.0,0.0
2024-03-19 13:30:00-04:00,48.58000183105469,48.59000015258789,48.54999923706055,48.59000015258789,1304,0.0,0.0,0.0
2024-03-19 14:30:00-04:00,48.619998931884766,48.619998931884766,48.52000045776367,48.52000045776367,2157,0.0,0.0,0.0
2024-03-19 15:30:00-04:00,48.630001068115234,48.650001525878906,48.630001068115234,48.650001525878906,2187,0.0,0.0,0.0
2024-03-20 09:30:00-04:00,48.72999954223633,48.72999954223633,48.619998931884766,48.67279815673828,1601,0.0,0.0,0.0
2024-03-20 10:30:00-04:00,48.71900177001953,48.71900177001953,48.630001068115234,48.69499969482422,18175,0.0,0.0,0.0
2024-03-20 11:30:00-04:00,48.689998626708984,48.689998626708984,48.63999938964844,48.654998779296875,1520,0.0,0.0,0.0
2024-03-20 12:30:00-04:00,48.63999938964844,48.689998626708984,48.61000061035156,48.630001068115234,1268,0.0,0.0,0.0
2024-03-20 13:30:00-04:00,48.61000061035156,48.845001220703125,48.61000061035156,48.845001220703125,4195,0.0,0.0,0.0
2024-03-20 14:30:00-04:00,48.84000015258789,49.04999923706055,48.84000015258789,49.03499984741211,8451,0.0,0.0,0.0
2024-03-20 15:30:00-04:00,49.06999969482422,49.06999969482422,49.02000045776367,49.04999923706055,867,0.0,0.0,0.0
2024-03-21 09:30:00-04:00,49.439998626708984,49.439998626708984,49.34000015258789,49.400001525878906,0,0.0,0.0,0.0
2024-03-21 10:30:00-04:00,49.3390007019043,49.440101623535156,49.3390007019043,49.419898986816406,3395,0.0,0.0,0.0
2024-03-21 11:30:00-04:00,49.41999816894531,49.47999954223633,49.41999816894531,49.47999954223633,882,0.0,0.0,0.0
2024-03-21 12:30:00-04:00,49.45000076293945,49.45000076293945,49.41999816894531,49.42770004272461,693,0.0,0.0,0.0
2024-03-21 13:30:00-04:00,49.38999938964844,49.41999816894531,49.38999938964844,49.415000915527344,1042,0.0,0.0,0.0
2024-03-21 14:30:00-04:00,49.34989929199219,49.388999938964844,49.33000183105469,49.36000061035156,4396,0.0,0.0,0.0
2024-03-21 15:30:00-04:00,49.43000030517578,49.43000030517578,49.34000015258789,49.34000015258789,0,0.0,0.0,0.0
2024-03-22 09:30:00-04:00,49.279998779296875,49.279998779296875,49.279998779296875,49.279998779296875,527,0.0,0.0,0.0
2024-03-22 10:30:00-04:00,49.31999969482422,49.31999969482422,49.2400016784668,49.29999923706055,3505,0.0,0.0,0.0
2024-03-22 11:30:00-04:00,49.310001373291016,49.31999969482422,49.290000915527344,49.290000915527344,977,0.0,0.0,0.0
2024-03-22 12:30:00-04:00,49.29990005493164,49.36000061035156,49.29990005493164,49.36000061035156,520,0.0,0.0,0.0
2024-03-22 13:30:00-04:00,49.369998931884766,49.40999984741211,49.36000061035156,49.36000061035156,3733,0.0,0.0,0.0
2024-03-22 14:30:00-04:00,49.387901306152344,49.387901306152344,49.279998779296875,49.279998779296875,946,0.0,0.0,0.0
2024-03-22 15:30:00-04:00,49.29999923706055,49.29999923706055,49.29999923706055,49.29999923706055,3826,0.0,0.0,0.0
2024-03-25 09:30:00-04:00,49.20000076293945,49.2400016784668,49.165000915527344,49.204898834228516,0,0.0,0.0,0.0
2024-03-25 10:30:00-04:00,49.185001373291016,49.20000076293945,49.185001373291016,49.20000076293945,1442,0.0,0.0,0.0
2024-03-25 11:30:00-04:00,49.185001373291016,49.185001373291016,49.185001373291016,49.185001373291016,224,0.0,0.0,0.0
2024-03-25 12:30:00-04:00,49.185001373291016,49.185001373291016,49.16999816894531,49.16999816894531,4303,0.0,0.0,0.0
2024-03-25 13:30:00-04:00,49.17499923706055,49.224998474121094,49.17499923706055,49.224998474121094,4526,0.0,0.0,0.0
2024-03-25 14:30:00-04:00,49.224998474121094,49.22999954223633,49.17499923706055,49.17499923706055,1189,0.0,0.0,0.0
2024-03-25 15:30:00-04:00,49.185001373291016,49.191200256347656,49.119998931884766,49.119998931884766,10239,0.0,0.0,0.0
2024-03-26 09:30:00-04:00,49.349998474121094,49.349998474121094,49.279998779296875,49.279998779296875,826,0.0,0.0,0.0
2024-03-26 10:30:00-04:00,49.279998779296875,49.279998779296875,49.2599983215332,49.279998779296875,5893,0.0,0.0,0.0
2024-03-26 11:30:00-04:00,49.27000045776367,49.27000045776367,49.2599983215332,49.2599983215332,356,0.0,0.0,0.0
2024-03-26 12:30:00-04:00,49.22999954223633,49.22999954223633,49.22999954223633,49.22999954223633,764,0.0,0.0,0.0
2024-03-26 13:30:00-04:00,49.22999954223633,49.26430130004883,49.220001220703125,49.2599983215332,2245,0.0,0.0,0.0
2024-03-26 14:30:00-04:00,49.2599983215332,49.2599983215332,49.189998626708984,49.19499969482422,4325,0.0,0.0,0.0
2024-03-26 15:30:00-04:00,49.15999984741211,49.15999984741211,49.0,49.0099983215332,12909,0.0,0.0,0.0
2024-03-27 09:30:00-04:00,49.34000015258789,49.34000015258789,49.040000915527344,49.040000915527344,2056,0.0,0.0,0.0
2024-03-27 10:30:00-04:00,49.08000183105469,49.08000183105469,49.0,49.0,2456,0.0,0.0,0.0
2024-03-27 11:30:00-04:00,48.9900016784668,49.0,48.9900016784668,49.0,3135,0.0,0.0,0.0
2024-03-27 13:30:00-04:00,49.040000915527344,49.040000915527344,49.040000915527344,49.040000915527344,627,0.0,0.0,0.0
2024-03-27 14:30:00-04:00,49.079898834228516,49.079898834228516,49.079898834228516,49.079898834228516,261,0.0,0.0,0.0
2024-03-27 15:30:00-04:00,49.27000045776367,49.279998779296875,49.27000045776367,49.279998779296875,0,0.0,0.0,0.0
2024-03-28 09:30:00-04:00,49.31999969482422,49.31999969482422,49.31999969482422,49.31999969482422,343,0.0,0.0,0.0
2024-03-28 10:30:00-04:00,49.3650016784668,49.39500045776367,49.3650016784668,49.3849983215332,1200,0.0,0.0,0.0
2024-03-28 11:30:00-04:00,49.40999984741211,49.40999984741211,49.369998931884766,49.369998931884766,706,0.0,0.0,0.0
2024-03-28 12:30:00-04:00,49.369998931884766,49.380001068115234,49.36009979248047,49.380001068115234,2853,0.0,0.0,0.0
2024-03-28 13:30:00-04:00,49.36000061035156,49.380001068115234,49.34989929199219,49.3650016784668,1874,0.0,0.0,0.0
2024-03-28 14:30:00-04:00,49.33000183105469,49.46500015258789,49.33000183105469,49.46500015258789,1330,0.0,0.0,0.0
2024-03-28 15:30:00-04:00,49.439998626708984,49.439998626708984,49.36000061035156,49.36000061035156,1880,0.0,0.0,0.0
2024-04-01 09:30:00-04:00,49.400001525878906,49.505001068115234,49.345001220703125,49.35499954223633,0,0.0,0.0,0.0
2024-04-01 10:30:00-04:00,49.36000061035156,49.3650016784668,49.20000076293945,49.224998474121094,11407,0.0,0.0,0.0
2024-04-01 11:30:00-04:00,49.2400016784668,49.2400016784668,49.14500045776367,49.21500015258789,9115,0.0,0.0,0.0
2024-04-01 12:30:00-04:00,49.23500061035156,49.244998931884766,49.154998779296875,49.17499923706055,9671,0.0,0.0,0.0
2024-04-01 13:30:00-04:00,49.17499923706055,49.224998474121094,49.165000915527344,49.224998474121094,8404,0.0,0.0,0.0
2024-04-01 14:30:00-04:00,49.21500015258789,49.255001068115234,49.189998626708984,49.189998626708984,10523,0.0,0.0,0.0
2024-04-01 15:30:00-04:00,49.20500183105469,49.290000915527344,49.185001373291016,49.27000045776367,8748,0.0,0.0,0.0
2024-04-02 09:30:00-04:00,48.810001373291016,48.810001373291016,48.71590042114258,48.71590042114258,0,0.0,0.0,0.0
2024-04-02 10:30:00-04:00,48.71500015258789,48.814998626708984,48.71500015258789,48.80500030517578,698,0.0,0.0,0.0
2024-04-02 11:30:00-04:00,48.814998626708984,48.81999969482422,48.76499938964844,48.790000915527344,2062,0.0,0.0,0.0
2024-04-02 12:30:00-04:00,48.81999969482422,48.81999969482422,48.814998626708984,48.814998626708984,622,0.0,0.0,0.0
2024-04-02 13:30:00-04:00,48.826499938964844,48.83000183105469,48.79999923706055,48.81990051269531,2034,0.0,0.0,0.0
2024-04-02 14:30:00-04:00,48.845001220703125,48.85900115966797,48.839900970458984,48.85900115966797,4140,0.0,0.0,0.0
2024-04-02 15:30:00-04:00,48.87009811401367,48.91999816894531,48.87009811401367,48.91999816894531,945,0.0,0.0,0.0
2024-04-03 09:30:00-04:00,48.7400016784668,49.0099983215332,48.7400016784668,49.0099983215332,6223,0.0,0.0,0.0
2024-04-03 10:30:00-04:00,49.03499984741211,49.040000915527344,49.02000045776367,49.03499984741211,2799,0.0,0.0,0.0
2024-04-03 11:30:00-04:00,49.040000915527344,49.040000915527344,48.939998626708984,48.984500885009766,903,0.0,0.0,0.0
2024-04-03 12:30:00-04:00,49.010501861572266,49.010501861572266,48.900001525878906,48.900001525878906,7687,0.0,0.0,0.0
2024-04-03 14:30:00-04:00,48.974998474121094,48.974998474121094,48.72999954223633,48.81999969482422,2328,0.0,0.0,0.0
2024-04-03 15:30:00-04:00,48.790000915527344,48.869998931884766,48.790000915527344,48.830101013183594,0,0.0,0.0,0.0
2024-04-04 09:30:00-04:00,49.21500015258789,49.21500015258789,49.084999084472656,49.119998931884766,4631,0.0,0.0,0.0
2024-04-04 10:30:00-04:00,49.125,49.130001068115234,49.095001220703125,49.095001220703125,5262,0.0,0.0,0.0
2024-04-04 11:30:00-04:00,49.1150016784668,49.220001220703125,49.1150016784668,49.20500183105469,10672,0.0,0.0,0.0
2024-04-04 12:30:00-04:00,49.20500183105469,49.20500183105469,49.17499923706055,49.188201904296875,3674,0.0,0.0,0.0
2024-04-04 13:30:00-04:00,49.165000915527344,49.165000915527344,48.79999923706055,48.79999923706055,3820,0.0,0.0,0.0
2024-04-04 14:30:00-04:00,48.599998474121094,48.599998474121094,48.27000045776367,48.27000045776367,3852,0.0,0.0,0.0
2024-04-04 15:30:00-04:00,48.27000045776367,48.290000915527344,48.15999984741211,48.16999816894531,18955,0.0,0.0,0.0
2024-04-05 09:30:00-04:00,48.279998779296875,48.4900016784668,48.279998779296875,48.34000015258789,0,0.0,0.0,0.0
2024-04-05 10:30:00-04:00,48.41999816894531,48.630001068115234,48.415000915527344,48.540000915527344,8988,0.0,0.0,0.0
2024-04-05 11:30:00-04:00,48.58000183105469,48.810001373291016,48.58000183105469,48.77000045776367,10058,0.0,0.0,0.0
2024-04-05 12:30:00-04:00,48.75,48.83000183105469,48.72999954223633,48.7400016784668,6779,0.0,0.0,0.0
2024-04-05 13:30:00-04:00,48.75,48.77000045776367,48.529998779296875,48.630001068115234,5762,0.0,0.0,0.0
2024-04-05 14:30:00-04:00,48.63999938964844,48.66999816894531,48.56999969482422,48.630001068115234,6128,0.0,0.0,0.0
2024-04-05 15:30:00-04:00,48.630001068115234,48.7400016784668,48.630001068115234,48.689998626708984,3620,0.0,0.0,0.0
2024-04-08 09:30:00-04:00,48.72999954223633,48.72999954223633,48.650001525878906,48.70970153808594,0,0.0,0.0,0.0
2024-04-08 10:30:00-04:00,48.839900970458984,48.84000015258789,48.839900970458984,48.84000015258789,754,0.0,0.0,0.0
2024-04-08 11:30:00-04:00,48.779998779296875,48.779998779296875,48.68000030517578,48.6879997253418,1585,0.0,0.0,0.0
2024-04-08 12:30:00-04:00,48.7400016784668,48.77000045776367,48.7400016784668,48.75,31286,0.0,0.0,0.0
2024-04-08 13:30:00-04:00,48.77000045776367,48.77000045776367,48.77000045776367,48.77000045776367,287,0.0,0.0,0.0
2024-04-08 14:30:00-04:00,48.7598991394043,48.7598991394043,48.749900817871094,48.749900817871094,1308,0.0,0.0,0.0
2024-04-08 15:30:00-04:00,48.775001525878906,48.775001525878906,48.72740173339844,48.72740173339844,0,0.0,0.0,0.0
2024-04-09 09:30:00-04:00,48.63629913330078,48.63629913330078,48.63629913330078,48.63629913330078,544,0.0,0.0,0.0
2024-04-09 10:30:00-04:00,48.40999984741211,48.45000076293945,48.31999969482422,48.45000076293945,2964,0.0,0.0,0.0
2024-04-09 11:30:00-04:00,48.470001220703125,48.47010040283203,48.470001220703125,48.47010040283203,526,0.0,0.0,0.0
2024-04-09 12:30:00-04:00,48.56999969482422,48.56999969482422,48.510501861572266,48.510501861572266,568,0.0,0.0,0.0
2024-04-09 14:30:00-04:00,48.459999084472656,48.589900970458984,48.459999084472656,48.589900970458984,706,0.0,0.0,0.0
2024-04-09 15:30:00-04:00,48.679901123046875,48.709999084472656,48.679901123046875,48.709999084472656,664,0.0,0.0,0.0
2024-04-10 09:30:00-04:00,48.189998626708984,48.189998626708984,48.165000915527344,48.165000915527344,0,0.0,0.0,0.0
2024-04-10 10:30:00-04:00,48.43000030517578,48.43000030517578,48.19029998779297,48.22999954223633,4065,0.0,0.0,0.0
2024-04-10 11:30:00-04:00,48.15999984741211,48.15999984741211,48.15999984741211,48.15999984741211,637,0.0,0.0,0.0
2024-04-10 12:30:00-04:00,48.18000030517578,48.18000030517578,48.119998931884766,48.119998931884766,2357,0.0,0.0,0.0
2024-04-10 13:30:00-04:00,48.220001220703125,48.2599983215332,48.099998474121094,48.224998474121094,4997,0.0,0.0,0.0
2024-04-10 14:30:00-04:00,48.150001525878906,48.29999923706055,48.099998474121094,48.28340148925781,3449,0.0,0.0,0.0
2024-04-10 15:30:00-04:00,48.27000045776367,48.279998779296875,48.27000045776367,48.279998779296875,584,0.0,0.0,0.0
2024-04-11 09:30:00-04:00,48.470001220703125,48.470001220703125,48.04999923706055,48.11000061035156,19611,0.0,0.0,0.0
2024-04-11 10:30:00-04:00,48.09000015258789,48.25,48.09000015258789,48.209999084472656,15787,0.0,0.0,0.0
2024-04-11 11:30:00-04:00,48.20000076293945,48.37860107421875,48.20000076293945,48.33000183105469,17880,0.0,0.0,0.0
2024-04-11 12:30:00-04:00,48.341800689697266,48.560001373291016,48.34000015258789,48.540000915527344,17672,0.0,0.0,0.0
2024-04-11 13:30:00-04:00,48.54999923706055,48.66999816894531,48.4900016784668,48.66999816894531,16027,0.0,0.0,0.0
2024-04-11 14:30:00-04:00,48.66999816894531,48.68000030517578,48.599998474121094,48.630001068115234,16272,0.0,0.0,0.0
2024-04-11 15:30:00-04:00,48.619998931884766,48.65999984741211,48.56999969482422,48.56999969482422,8538,0.0,0.0,0.0
2024-04-12 09:30:00-04:00,48.25,48.27000045776367,48.13999938964844,48.189998626708984,3031,0.0,0.0,0.0
2024-04-12 10:30:00-04:00,48.029998779296875,48.11000061035156,47.97999954223633,48.07500076293945,3252,0.0,0.0,0.0
2024-04-12 11:30:00-04:00,48.150001525878906,48.150001525878906,48.0099983215332,48.029998779296875,1456,0.0,0.0,0.0
2024-04-12 12:30:00-04:00,48.005001068115234,48.005001068115234,47.779998779296875,47.78010177612305,3021,0.0,0.0,0.0
2024-04-12 13:30:00-04:00,47.755001068115234,47.91749954223633,47.755001068115234,47.88999938964844,2516,0.0,0.0,0.0
2024-04-12 14:30:00-04:00,47.83000183105469,47.84000015258789,47.72999954223633,47.76750183105469,3112,0.0,0.0,0.0
2024-04-12 15:30:00-04:00,47.79999923706055,47.849998474121094,47.77000045776367,47.849998474121094,4529,0.0,0.0,0.0
2024-04-15 09:30:00-04:00,48.31999969482422,48.31999969482422,47.9900016784668,48.02000045776367,10585,0.0,0.0,0.0
2024-04-15 10:30:00-04:00,48.02000045776367,48.02000045776367,47.90999984741211,47.90999984741211,8530,0.0,0.0,0.0
2024-04-15 11:30:00-04:00,47.98500061035156,48.0,47.84000015258789,47.85070037841797,2225,0.0,0.0,0.0
2024-04-15 12:30:00-04:00,47.79499816894531,47.79499816894531,47.459999084472656,47.459999084472656,5419,0.0,0.0,0.0
2024-04-15 13:30:00-04:00,47.40999984741211,47.43000030517578,47.29999923706055,47.32609939575195,7952,0.0,0.0,0.0
2024-04-15 14:30:00-04:00,47.34000015258789,47.439998626708984,47.16999816894531,47.27000045776367,5524,0.0,0.0,0.0
2024-04-15 15:30:00-04:00,47.308998107910156,47.308998107910156,47.2400016784668,47.25,3368,0.0,0.0,0.0
2024-04-16 09:30:00-04:00,47.22999954223633,47.33000183105469,47.099998474121094,47.16999816894531,7588,0.0,0.0,0.0
2024-04-16 10:30:00-04:00,47.15999984741211,47.2599983215332,47.060001373291016,47.2599983215332,4168,0.0,0.0,0.0
2024-04-16 11:30:00-04:00,47.2599983215332,47.28499984741211,47.2599983215332,47.2599983215332,807,0.0,0.0,0.0
2024-04-16 12:30:00-04:00,47.25,47.279998779296875,47.239498138427734,47.279998779296875,1182,0.0,0.0,0.0
2024-04-16 13:30:00-04:00,47.25,47.400001525878906,47.13999938964844,47.18000030517578,1443,0.0,0.0,0.0
2024-04-16 14:30:00-04:00,47.185001373291016,47.38999938964844,47.185001373291016,47.34000015258789,3876,0.0,0.0,0.0
2024-04-16 15:30:00-04:00,47.349998474121094,47.349998474121094,47.209999084472656,47.22050094604492,4579,0.0,0.0,0.0
2024-04-17 09:30:00-04:00,47.40999984741211,47.40999984741211,47.19390106201172,47.19390106201172,0,0.0,0.0,0.0
2024-04-17 10:30:00-04:00,47.209999084472656,47.209999084472656,47.020198822021484,47.09000015258789,3574,0.0,0.0,0.0
2024-04-17 11:30:00-04:00,47.0,47.0,46.88970184326172,46.88970184326172,1531,0.0,0.0,0.0
2024-04-17 12:30:00-04:00,46.86000061035156,46.97999954223633,46.760101318359375,46.97999954223633,3920,0.0,0.0,0.0
2024-04-17 13:30:00-04:00,47.04999923706055,47.060001373291016,47.02000045776367,47.060001373291016,691,0.0,0.0,0.0
2024-04-17 14:30:00-04:00,46.992000579833984,47.13999938964844,46.89849853515625,46.930599212646484,79685,0.0,0.0,0.0
2024-04-18 09:30:00-04:00,47.02000045776367,47.02000045776367,46.810001373291016,46.939998626708984,95498,0.0,0.0,0.0
2024-04-18 10:30:00-04:00,46.96900177001953,47.099998474121094,46.96770095825195,47.04999923706055,3313,0.0,0.0,0.0
2024-04-18 11:30:00-04:00,47.040000915527344,47.04999923706055,46.9911994934082,47.0,2371,0.0,0.0,0.0
2024-04-18 12:30:00-04:00,46.970001220703125,46.970001220703125,46.779998779296875,46.79999923706055,13927,0.0,0.0,0.0
2024-04-18 13:30:00-04:00,46.779998779296875,46.779998779296875,46.689998626708984,46.689998626708984,384,0.0,0.0,0.0
2024-04-18 14:30:00-04:00,46.68899917602539,46.75,46.68000030517578,46.71889877319336,2964,0.0,0.0,0.0
2024-04-18 15:30:00-04:00,46.7599983215332,46.775001525878906,46.70439910888672,46.70560073852539,0,0.0,0.0,0.0
2024-04-19 09:30:00-04:00,46.709999084472656,46.709999084472656,46.540000915527344,46.540000915527344,525,0.0,0.0,0.0
2024-04-19 10:30:00-04:00,46.61000061035156,46.650001525878906,46.4900016784668,46.53010177612305,4293,0.0,0.0,0.0
2024-04-19 11:30:00-04:00,46.56999969482422,46.56999969482422,46.310001373291016,46.310001373291016,593,0.0,0.0,0.0
2024-04-19 12:30:00-04:00,46.400001525878906,46.45640182495117,46.400001525878906,46.45640182495117,1482,0.0,0.0,0.0
2024-04-19 13:30:00-04:00,46.47999954223633,46.47999954223633,46.34000015258789,46.34000015258789,1201,0.0,0.0,0.0
2024-04-19 14:30:00-04:00,46.260799407958984,46.27180099487305,46.130001068115234,46.207298278808594,6816,0.0,0.0,0.0
2024-04-19 15:30:00-04:00,46.14080047607422,46.220001220703125,46.14080047607422,46.220001220703125,600,0.0,0.0,0.0
2024-04-22 09:30:00-04:00,46.5,46.5,46.310001373291016,46.310001373291016,0,0.0,0.0,0.0
2024-04-22 10:30:00-04:00,46.31999969482422,46.3650016784668,46.22999954223633,46.2400016784668,3033,0.0,0.0,0.0
2024-04-22 11:30:00-04:00,46.29999923706055,46.45000076293945,46.29999923706055,46.45000076293945,1670,0.0,0.0,0.0
2024-04-22 12:30:00-04:00,46.40999984741211,46.619998931884766,46.40999984741211,46.619998931884766,2708,0.0,0.0,0.0
2024-04-22 13:30:00-04:00,46.66999816894531,46.84000015258789,46.65999984741211,46.84000015258789,2223,0.0,0.0,0.0
2024-04-22 14:30:00-04:00,46.84000015258789,46.86000061035156,46.68000030517578,46.68000030517578,3185,0.0,0.0,0.0
2024-04-22 15:30:00-04:00,46.617401123046875,46.650001525878906,46.56999969482422,46.61000061035156,3748,0.0,0.0,0.0
2024-04-23 09:30:00-04:00,46.91999816894531,47.04999923706055,46.88999938964844,47.04999923706055,8193,0.0,0.0,0.0
2024-04-23 10:30:00-04:00,47.18000030517578,47.209999084472656,47.125,47.209999084472656,1486,0.0,0.0,0.0
2024-04-23 11:30:00-04:00,47.189998626708984,47.22760009765625,47.17729949951172,47.20050048828125,1716,0.0,0.0,0.0
2024-04-23 12:30:00-04:00,47.220001220703125,47.24789810180664,47.167701721191406,47.167701721191406,1079,0.0,0.0,0.0
2024-04-23 13:30:00-04:00,47.23030090332031,47.23030090332031,47.23030090332031,47.23030090332031,512,0.0,0.0,0.0
2024-04-23 14:30:00-04:00,47.2599983215332,47.2599983215332,47.220001220703125,47.220001220703125,539,0.0,0.0,0.0
2024-04-23 15:30:00-04:00,47.22999954223633,47.22999954223633,47.189998626708984,47.191200256347656,0,0.0,0.0,0.0
2024-04-24 09:30:00-04:00,47.459999084472656,47.459999084472656,47.38850021362305,47.43000030517578,2407,0.0,0.0,0.0
2024-04-24 10:30:00-04:00,47.290000915527344,47.29800033569336,47.18000030517578,47.18000030517578,3069,0.0,0.0,0.0
2024-04-24 11:30:00-04:00,47.1150016784668,47.1150016784668,47.099998474121094,47.099998474121094,2436,0.0,0.0,0.0
2024-04-24 12:30:00-04:00,47.040000915527344,47.209999084472656,47.040000915527344,47.20989990234375,3498,0.0,0.0,0.0
2024-04-24 13:30:00-04:00,47.22999954223633,47.279998779296875,47.22999954223633,47.279998779296875,410,0.0,0.0,0.0
2024-04-24 14:30:00-04:00,47.161598205566406,47.25,47.161598205566406,47.25,368,0.0,0.0,0.0
2024-04-24 15:30:00-04:00,47.249900817871094,47.2599983215332,47.22610092163086,47.257198333740234,0,0.0,0.0,0.0
2024-04-25 09:30:00-04:00,46.540000915527344,46.70610046386719,46.540000915527344,46.70610046386719,5093,0.0,0.0,0.0
2024-04-25 10:30:00-04:00,46.689998626708984,46.70000076293945,46.56999969482422,46.70000076293945,1463,0.0,0.0,0.0
2024-04-25 11:30:00-04:00,46.70000076293945,46.70000076293945,46.70000076293945,46.70000076293945,458,0.0,0.0,0.0
2024-04-25 12:30:00-04:00,46.91130065917969,46.91130065917969,46.87009811401367,46.87009811401367,919,0.0,0.0,0.0
2024-04-25 13:30:00-04:00,47.027198791503906,47.070098876953125,47.02000045776367,47.02000045776367,881,0.0,0.0,0.0
2024-04-25 14:30:00-04:00,47.0,47.13999938964844,46.940101623535156,47.067100524902344,0,0.0,0.0,0.0
2024-04-26 09:30:00-04:00,47.619998931884766,47.880001068115234,47.619998931884766,47.87990188598633,1657,0.0,0.0,0.0
2024-04-26 10:30:00-04:00,47.81999969482422,47.95970153808594,47.81999969482422,47.81999969482422,0,0.0,0.0,0.0
2024-04-26 11:30:00-04:00,47.82849884033203,47.880001068115234,47.82849884033203,47.880001068115234,6434,0.0,0.0,0.0
2024-04-26 12:30:00-04:00,47.87009811401367,47.95500183105469,47.87009811401367,47.95500183105469,553,0.0,0.0,0.0
2024-04-26 13:30:00-04:00,47.89500045776367,47.89500045776367,47.82600021362305,47.82600021362305,826,0.0,0.0,0.0
2024-04-29 09:30:00-04:00,47.959999084472656,47.959999084472656,47.88999938964844,47.88999938964844,0,0.0,0.0,0.0
2024-04-29 10:30:00-04:00,47.88859939575195,47.88859939575195,47.810001373291016,47.81999969482422,2819,0.0,0.0,0.0
2024-04-29 11:30:00-04:00,47.779998779296875,47.86000061035156,47.77000045776367,47.86000061035156,1637,0.0,0.0,0.0
2024-04-29 12:30:00-04:00,47.86000061035156,47.87969970703125,47.86000061035156,47.87969970703125,1872,0.0,0.0,0.0
2024-04-29 13:30:00-04:00,47.869998931884766,47.869998931884766,47.869998931884766,47.869998931884766,520,0.0,0.0,0.0
2024-04-29 14:30:00-04:00,47.7400016784668,47.79899978637695,47.679901123046875,47.679901123046875,1243,0.0,0.0,0.0
2024-04-29 15:30:00-04:00,47.720001220703125,47.86000061035156,47.720001220703125,47.86000061035156,350,0.0,0.0,0.0
2024-04-30 09:30:00-04:00,47.77000045776367,47.77000045776367,47.77000045776367,47.77000045776367,984,0.0,0.0,0.0
2024-04-30 10:30:00-04:00,47.709999084472656,47.720298767089844,47.560001373291016,47.560001373291016,11389,0.0,0.0,0.0
2024-04-30 11:30:00-04:00,47.494998931884766,47.494998931884766,47.494998931884766,47.494998931884766,119,0.0,0.0,0.0
2024-04-30 12:30:00-04:00,47.3849983215332,47.3849983215332,47.334999084472656,47.34349822998047,1301,0.0,0.0,0.0
2024-04-30 13:30:00-04:00,47.470001220703125,47.470001220703125,47.39670181274414,47.415000915527344,1852,0.0,0.0,0.0
2024-04-30 14:30:00-04:00,47.380001068115234,47.400001525878906,47.16400146484375,47.16400146484375,0,0.0,0.0,0.0
2024-05-01 09:30:00-04:00,47.099998474121094,47.099998474121094,46.90999984741211,46.9650993347168,6950,0.0,0.0,0.0
2024-05-01 10:30:00-04:00,46.98500061035156,46.98970031738281,46.959999084472656,46.959999084472656,1523,0.0,0.0,0.0
2024-05-01 11:30:00-04:00,46.93000030517578,46.95000076293945,46.929901123046875,46.95000076293945,1327,0.0,0.0,0.0
2024-05-01 12:30:00-04:00,46.93000030517578,46.93000030517578,46.929901123046875,46.929901123046875,710,0.0,0.0,0.0
2024-05-01 13:30:00-04:00,47.0,47.0,46.970001220703125,46.97999954223633,3556,0.0,0.0,0.0
2024-05-01 14:30:00-04:00,47.57149887084961,47.57149887084961,47.57149887084961,47.57149887084961,355,0.0,0.0,0.0
2024-05-01 15:30:00-04:00,47.310001373291016,47.310001373291016,46.95000076293945,46.95000076293945,923,0.0,0.0,0.0
2024-05-02 09:30:00-04:00,47.34000015258789,47.34000015258789,47.05500030517578,47.05500030517578,0,0.0,0.0,0.0
2024-05-02 10:30:00-04:00,46.976200103759766,47.14500045776367,46.976200103759766,47.06999969482422,1284,0.0,0.0,0.0
2024-05-02 11:30:00-04:00,47.13999938964844,47.13999938964844,47.13999938964844,47.13999938964844,338,0.0,0.0,0.0
2024-05-02 12:30:00-04:00,47.01380157470703,47.05699920654297,47.01380157470703,47.05699920654297,1710,0.0,0.0,0.0
2024-05-02 13:30:00-04:00,47.20000076293945,47.279998779296875,47.20000076293945,47.22999954223633,713,0.0,0.0,0.0
2024-05-02 14:30:00-04:00,47.29069900512695,47.380001068115234,47.29069900512695,47.349998474121094,1830,0.0,0.0,0.0
2024-05-02 15:30:00-04:00,47.29999923706055,47.29999923706055,47.29999923706055,47.29999923706055,0,0.0,0.0,0.0
2024-05-03 09:30:00-04:00,47.7400016784668,47.790000915527344,47.58000183105469,47.58000183105469,2757,0.0,0.0,0.0
2024-05-03 10:30:00-04:00,47.650001525878906,47.650001525878906,47.59000015258789,47.59000015258789,1135,0.0,0.0,0.0
2024-05-03 11:30:00-04:00,47.720001220703125,47.720001220703125,47.689998626708984,47.689998626708984,4691,0.0,0.0,0.0
2024-05-03 12:30:00-04:00,47.78390121459961,47.83000183105469,47.744998931884766,47.823299407958984,2282,0.0,0.0,0.0
2024-05-03 13:30:00-04:00,47.79999923706055,47.880001068115234,47.79999923706055,47.880001068115234,9913,0.0,0.0,0.0
2024-05-03 15:30:00-04:00,47.86000061035156,47.86000061035156,47.86000061035156,47.86000061035156,167,0.0,0.0,0.0
2024-05-06 09:30:00-04:00,48.11000061035156,48.11000061035156,48.05500030517578,48.05500030517578,4044,0.0,0.0,0.0
2024-05-06 10:30:00-04:00,48.16999816894531,48.189998626708984,48.15999984741211,48.16210174560547,51583,0.0,0.0,0.0
2024-05-06 11:30:00-04:00,48.17020034790039,48.17020034790039,48.15999984741211,48.15999984741211,2176,0.0,0.0,0.0
2024-05-06 12:30:00-04:00,48.20000076293945,48.237300872802734,48.20000076293945,48.220001220703125,1064,0.0,0.0,0.0
2024-05-06 13:30:00-04:00,48.31999969482422,48.31999969482422,48.31330108642578,48.31330108642578,4709,0.0,0.0,0.0
2024-05-06 15:30:00-04:00,48.2599983215332,48.38589859008789,48.2599983215332,48.38589859008789,944,0.0,0.0,0.0
2024-05-07 09:30:00-04:00,48.43000030517578,48.43000030517578,48.380001068115234,48.380001068115234,0,0.0,0.0,0.0
2024-05-07 10:30:00-04:00,48.42399978637695,48.42399978637695,48.42399978637695,48.42399978637695,2569,0.0,0.0,0.0
2024-05-07 11:30:00-04:00,48.469398498535156,48.5,48.469398498535156,48.5,3030,0.0,0.0,0.0
2024-05-07 12:30:00-04:00,48.52000045776367,48.541500091552734,48.500099182128906,48.541500091552734,1264,0.0,0.0,0.0
2024-05-07 13:30:00-04:00,48.51499938964844,48.51499938964844,48.38999938964844,48.38999938964844,688,0.0,0.0,0.0
2024-05-07 14:30:00-04:00,48.349998474121094,48.399898529052734,48.349998474121094,48.39500045776367,1118,0.0,0.0,0.0
2024-05-07 15:30:00-04:00,48.45000076293945,48.45000076293945,48.45000076293945,48.45000076293945,328,0.0,0.0,0.0
2024-05-08 09:30:00-04:00,48.209999084472656,48.22999954223633,48.209999084472656,48.22999954223633,601,0.0,0.0,0.0
2024-05-08 10:30:00-04:00,48.345001220703125,48.36439895629883,48.34000015258789,48.34000015258789,1605,0.0,0.0,0.0
2024-05-08 11:30:00-04:00,48.313899993896484,48.334999084472656,48.313899993896484,48.334999084472656,377,0.0,0.0,0.0
2024-05-08 12:30:00-04:00,48.310001373291016,48.34000015258789,48.310001373291016,48.31999969482422,995,0.0,0.0,0.0
2024-05-08 13:30:00-04:00,48.36989974975586,48.369998931884766,48.349998474121094,48.349998474121094,499,0.0,0.0,0.0
2024-05-08 14:30:00-04:00,48.369998931884766,48.369998931884766,48.30500030517578,48.36000061035156,2715,0.0,0.0,0.0
2024-05-08 15:30:00-04:00,48.36000061035156,48.380001068115234,48.35499954223633,48.3760986328125,1617,0.0,0.0,0.0
2024-05-09 09:30:00-04:00,48.38999938964844,48.38999938964844,48.38999938964844,48.38999938964844,0,0.0,0.0,0.0
2024-05-09 10:30:00-04:00,48.47999954223633,48.4900016784668,48.470001220703125,48.489898681640625,1560,0.0,0.0,0.0
2024-05-09 11:30:00-04:00,48.47999954223633,48.47999954223633,48.40999984741211,48.43000030517578,4370,0.0,0.0,0.0
2024-05-09 12:30:00-04:00,48.45000076293945,48.459999084472656,48.45000076293945,48.45000076293945,713,0.0,0.0,0.0
2024-05-09 13:30:00-04:00,48.45000076293945,48.45000076293945,48.43000030517578,48.45000076293945,1069,0.0,0.0,0.0
2024-05-09 14:30:00-04:00,48.47079849243164,48.5099983215332,48.46500015258789,48.47999954223633,9686,0.0,0.0,0.0
2024-05-09 15:30:00-04:00,48.4900016784668,48.529998779296875,48.48789978027344,48.51139831542969,0,0.0,0.0,0.0
2024-05-10 09:30:00-04:00,48.78799819946289,48.78799819946289,48.65999984741211,48.66999816894531,4727,0.0,0.0,0.0
2024-05-10 10:30:00-04:00,48.599998474121094,48.66899871826172,48.599998474121094,48.61000061035156,2178,0.0,0.0,0.0
2024-05-10 11:30:00-04:00,48.619998931884766,48.619998931884766,48.619998931884766,48.619998931884766,501,0.0,0.0,0.0
2024-05-10 12:30:00-04:00,48.61000061035156,48.650001525878906,48.599998474121094,48.599998474121094,3152,0.0,0.0,0.0
2024-05-10 13:30:00-04:00,48.65999984741211,48.65999984741211,48.640098571777344,48.65999984741211,1063,0.0,0.0,0.0
2024-05-10 14:30:00-04:00,48.5900993347168,48.66999816894531,48.5900993347168,48.66999816894531,3275,0.0,0.0,0.0
2024-05-10 15:30:00-04:00,48.65999984741211,48.68899917602539,48.65999984741211,48.68899917602539,1080,0.0,0.0,0.0
2024-05-13 09:30:00-04:00,48.75,48.75,48.630001068115234,48.640098571777344,4485,0.0,0.0,0.0
2024-05-13 10:30:00-04:00,48.600101470947266,48.650001525878906,48.600101470947266,48.650001525878906,1214,0.0,0.0,0.0
2024-05-13 11:30:00-04:00,48.654998779296875,48.654998779296875,48.654998779296875,48.654998779296875,1550,0.0,0.0,0.0
2024-05-13 12:30:00-04:00,48.59000015258789,48.59000015258789,48.59000015258789,48.59000015258789,788,0.0,0.0,0.0
2024-05-13 13:30:00-04:00,48.6161003112793,48.6161003112793,48.6161003112793,48.6161003112793,156,0.0,0.0,0.0
2024-05-13 14:30:00-04:00,48.63990020751953,48.64500045776367,48.599998474121094,48.61000061035156,4912,0.0,0.0,0.0
2024-05-13 15:30:00-04:00,48.630001068115234,48.650001525878906,48.630001068115234,48.650001525878906,716,0.0,0.0,0.0
2024-05-14 09:30:00-04:00,48.70000076293945,48.810001373291016,48.650001525878906,48.79999923706055,101267,0.0,0.0,0.0
2024-05-14 10:30:00-04:00,48.79999923706055,48.79999923706055,48.650001525878906,48.7599983215332,68979,0.0,0.0,0.0
2024-05-14 11:30:00-04:00,48.7599983215332,48.7599983215332,48.61000061035156,48.619998931884766,67282,0.0,0.0,0.0
2024-05-14 12:30:00-04:00,48.61000061035156,48.65999984741211,48.599998474121094,48.65999984741211,74891,0.0,0.0,0.0
2024-05-14 13:30:00-04:00,48.65999984741211,48.779998779296875,48.65999984741211,48.779998779296875,66723,0.0,0.0,0.0
2024-05-14 14:30:00-04:00,48.775001525878906,48.91999816894531,48.7599983215332,48.88999938964844,67544,0.0,0.0,0.0
2024-05-14 15:30:00-04:00,48.88999938964844,48.93000030517578,48.86000061035156,48.880001068115234,34281,0.0,0.0,0.0
2024-05-15 09:30:00-04:00,49.209999084472656,49.27000045776367,49.13999938964844,49.2400016784668,9409,0.0,0.0,0.0
2024-05-15 10:30:00-04:00,49.27479934692383,49.38999938964844,49.27479934692383,49.380001068115234,19689,0.0,0.0,0.0
2024-05-15 11:30:00-04:00,49.404998779296875,49.404998779296875,49.345001220703125,49.39500045776367,10506,0.0,0.0,0.0
2024-05-15 12:30:00-04:00,49.404998779296875,49.474998474121094,49.39500045776367,49.459999084472656,4610,0.0,0.0,0.0
2024-05-15 13:30:00-04:00,49.435001373291016,49.52000045776367,49.435001373291016,49.505001068115234,16938,0.0,0.0,0.0
2024-05-15 14:30:00-04:00,49.494998931884766,49.5,49.470001220703125,49.494998931884766,30481,0.0,0.0,0.0
2024-05-15 15:30:00-04:00,49.4900016784668,49.551700592041016,49.4900016784668,49.551700592041016,0,0.0,0.0,0.0
2024-05-16 09:30:00-04:00,49.61000061035156,49.61000061035156,49.54999923706055,49.595001220703125,7046,0.0,0.0,0.0
2024-05-16 10:30:00-04:00,49.584999084472656,49.68000030517578,49.584999084472656,49.61000061035156,15509,0.0,0.0,0.0
2024-05-16 11:30:00-04:00,49.630001068115234,49.6349983215332,49.57500076293945,49.595001220703125,9859,0.0,0.0,0.0
2024-05-16 12:30:00-04:00,49.57619857788086,49.619998931884766,49.5,49.5,20909,0.0,0.0,0.0
2024-05-16 13:30:00-04:00,49.53499984741211,49.54999923706055,49.48500061035156,49.5,13125,0.0,0.0,0.0
2024-05-16 14:30:00-04:00,49.540000915527344,49.59000015258789,49.540000915527344,49.56999969482422,955,0.0,0.0,0.0
2024-05-16 15:30:00-04:00,49.5,49.5,49.47999954223633,49.47999954223633,537,0.0,0.0,0.0
2024-05-17 09:30:00-04:00,49.599998474121094,49.599998474121094,49.35850143432617,49.435001373291016,12298,0.0,0.0,0.0
2024-05-17 10:30:00-04:00,49.46500015258789,49.46500015258789,49.42499923706055,49.430999755859375,3707,0.0,0.0,0.0
2024-05-17 12:30:00-04:00,49.41999816894531,49.41999816894531,49.41999816894531,49.41999816894531,613,0.0,0.0,0.0
2024-05-17 13:30:00-04:00,49.415000915527344,49.415000915527344,49.400001525878906,49.400001525878906,1041,0.0,0.0,0.0
2024-05-17 14:30:00-04:00,49.31999969482422,49.42499923706055,49.31999969482422,49.41999816894531,7120,0.0,0.0,0.0
2024-05-17 15:30:00-04:00,49.43000030517578,49.430301666259766,49.42499923706055,49.430301666259766,1007,0.0,0.0,0.0
2024-05-20 09:30:00-04:00,49.4900016784668,49.699798583984375,49.4900016784668,49.66999816894531,4562,0.0,0.0,0.0
2024-05-20 10:30:00-04:00,49.680999755859375,49.709800720214844,49.65999984741211,49.68989944458008,3679,0.0,0.0,0.0
2024-05-20 11:30:00-04:00,49.650001525878906,49.65999984741211,49.650001525878906,49.65999984741211,529,0.0,0.0,0.0
2024-05-20 12:30:00-04:00,49.630001068115234,49.630001068115234,49.630001068115234,49.630001068115234,401,0.0,0.0,0.0
2024-05-20 13:30:00-04:00,49.630001068115234,49.630001068115234,49.599998474121094,49.599998474121094,419,0.0,0.0,0.0
2024-05-20 14:30:00-04:00,49.63959884643555,49.665000915527344,49.63959884643555,49.665000915527344,1712,0.0,0.0,0.0
2024-05-20 15:30:00-04:00,49.60499954223633,49.60499954223633,49.60499954223633,49.60499954223633,320,0.0,0.0,0.0
2024-05-21 09:30:00-04:00,49.560001373291016,49.59000015258789,49.560001373291016,49.59000015258789,577,0.0,0.0,0.0
2024-05-21 10:30:00-04:00,49.70000076293945,49.707000732421875,49.68000030517578,49.68000030517578,3088,0.0,0.0,0.0
2024-05-21 13:30:00-04:00,49.75,49.75,49.72999954223633,49.72999954223633,1673,0.0,0.0,0.0
2024-05-21 14:30:00-04:00,49.70009994506836,49.75,49.70009994506836,49.73500061035156,4869,0.0,0.0,0.0
2024-05-21 15:30:00-04:00,49.77040100097656,49.77040100097656,49.77040100097656,49.77040100097656,105,0.0,0.0,0.0
2024-05-22 09:30:00-04:00,49.689998626708984,49.689998626708984,49.689998626708984,49.689998626708984,0,0.0,0.0,0.0
2024-05-22 10:30:00-04:00,49.709999084472656,49.713401794433594,49.70000076293945,49.70000076293945,1345,0.0,0.0,0.0
2024-05-22 11:30:00-04:00,49.693199157714844,49.70249938964844,49.690101623535156,49.70249938964844,1358,0.0,0.0,0.0
2024-05-22 12:30:00-04:00,49.714500427246094,49.72999954223633,49.71080017089844,49.71080017089844,3085,0.0,0.0,0.0
2024-05-22 13:30:00-04:00,49.599998474121094,49.599998474121094,49.459999084472656,49.470001220703125,2858,0.0,0.0,0.0
2024-05-22 14:30:00-04:00,49.40999984741211,49.48910140991211,49.40999984741211,49.47999954223633,3780,0.0,0.0,0.0
2024-05-22 15:30:00-04:00,49.5,49.5713005065918,49.43080139160156,49.5713005065918,0,0.0,0.0,0.0
2024-05-23 09:30:00-04:00,50.04999923706055,50.05500030517578,49.91999816894531,49.91999816894531,1646,0.0,0.0,0.0
2024-05-23 10:30:00-04:00,49.93000030517578,49.95930099487305,49.93000030517578,49.93899917602539,2436,0.0,0.0,0.0
2024-05-23 11:30:00-04:00,49.970001220703125,50.0,49.970001220703125,50.0,523,0.0,0.0,0.0
2024-05-23 13:30:00-04:00,49.564998626708984,49.57120132446289,49.52000045776367,49.52000045776367,500,0.0,0.0,0.0
2024-05-23 14:30:00-04:00,49.48310089111328,49.54999923706055,49.41999816894531,49.41999816894531,2747,0.0,0.0,0.0
2024-05-23 15:30:00-04:00,49.5,49.529998779296875,49.5,49.529998779296875,757,0.0,0.0,0.0
2024-05-24 09:30:00-04:00,49.599998474121094,49.599998474121094,49.599998474121094,49.599998474121094,0,0.0,0.0,0.0
2024-05-24 10:30:00-04:00,49.59000015258789,49.7400016784668,49.564998626708984,49.7400016784668,890,0.0,0.0,0.0
2024-05-24 11:30:00-04:00,49.70000076293945,49.70000076293945,49.70000076293945,49.70000076293945,341,0.0,0.0,0.0
2024-05-24 12:30:00-04:00,49.69609832763672,49.709999084472656,49.69609832763672,49.709999084472656,392,0.0,0.0,0.0
2024-05-24 13:30:00-04:00,49.689998626708984,49.744998931884766,49.66999816894531,49.744998931884766,3678,0.0,0.0,0.0
2024-05-24 14:30:00-04:00,49.685001373291016,49.724098205566406,49.630001068115234,49.66999816894531,4192,0.0,0.0,0.0
2024-05-24 15:30:00-04:00,49.72999954223633,49.75,49.720001220703125,49.75,1952,0.0,0.0,0.0
2024-05-28 09:30:00-04:00,49.95000076293945,49.95000076293945,49.779998779296875,49.83000183105469,82745,0.0,0.0,0.0
2024-05-28 10:30:00-04:00,49.81999969482422,49.86000061035156,49.779998779296875,49.84000015258789,81462,0.0,0.0,0.0
2024-05-28 11:30:00-04:00,49.84000015258789,49.900001525878906,49.79999923706055,49.849998474121094,50056,0.0,0.0,0.0
2024-05-28 12:30:00-04:00,49.849998474121094,49.90999984741211,49.81999969482422,49.869998931884766,60256,0.0,0.0,0.0
2024-05-28 13:30:00-04:00,49.869998931884766,49.900001525878906,49.744998931884766,49.7599983215332,47313,0.0,0.0,0.0
2024-05-28 14:30:00-04:00,49.7400016784668,49.83000183105469,49.630001068115234,49.77000045776367,68636,0.0,0.0,0.0
2024-05-28 15:30:00-04:00,49.79999923706055,49.91999816894531,49.77000045776367,49.91999816894531,53541,0.0,0.0,0.0
2024-05-29 09:30:00-04:00,49.439998626708984,49.599998474121094,49.439998626708984,49.599998474121094,5027,0.0,0.0,0.0
2024-05-29 10:30:00-04:00,49.665000915527344,49.665000915527344,49.560001373291016,49.599998474121094,3867,0.0,0.0,0.0
2024-05-29 11:30:00-04:00,49.58000183105469,49.619998931884766,49.560001373291016,49.61000061035156,3917,0.0,0.0,0.0
2024-05-29 12:30:00-04:00,49.650001525878906,49.70000076293945,49.630001068115234,49.650001525878906,63451,0.0,0.0,0.0
2024-05-29 13:30:00-04:00,49.65999984741211,49.685001373291016,49.599998474121094,49.63999938964844,3458,0.0,0.0,0.0
2024-05-29 14:30:00-04:00,49.63999938964844,49.709999084472656,49.59000015258789,49.68000030517578,9315,0.0,0.0,0.0
2024-05-29 15:30:00-04:00,49.66999816894531,49.70500183105469,49.560001373291016,49.560001373291016,6039,0.0,0.0,0.0
2024-05-30 09:30:00-04:00,49.400001525878906,49.400001525878906,49.21500015258789,49.27000045776367,3087,0.0,0.0,0.0
2024-05-30 10:30:00-04:00,49.23500061035156,49.23500061035156,49.1349983215332,49.220001220703125,8274,0.0,0.0,0.0
2024-05-30 11:30:00-04:00,49.255001068115234,49.275001525878906,49.244998931884766,49.275001525878906,2922,0.0,0.0,0.0
2024-05-30 12:30:00-04:00,49.290000915527344,49.334999084472656,49.290000915527344,49.334999084472656,5808,0.0,0.0,0.0
2024-05-30 13:30:00-04:00,49.345001220703125,49.345001220703125,49.209999084472656,49.244998931884766,9879,0.0,0.0,0.0
2024-05-30 14:30:00-04:00,49.255001068115234,49.26530075073242,49.185001373291016,49.189998626708984,9377,0.0,0.0,0.0
2024-05-30 15:30:00-04:00,49.11000061035156,49.11000061035156,49.0,49.0099983215332,8285,0.0,0.0,0.0
2024-05-31 09:30:00-04:00,49.2400016784668,49.2400016784668,48.869998931884766,48.880001068115234,3467,0.0,0.0,0.0
2024-05-31 10:30:00-04:00,48.83000183105469,48.84000015258789,48.75,48.755001068115234,7376,0.0,0.0,0.0
2024-05-31 11:30:00-04:00,48.75,48.7599983215332,48.560001373291016,48.599998474121094,2662,0.0,0.0,0.0
2024-05-31 12:30:00-04:00,48.65999984741211,48.66999816894531,48.619998931884766,48.650001525878906,3603,0.0,0.0,0.0
2024-05-31 13:30:00-04:00,48.75,48.810001373291016,48.75,48.775001525878906,3598,0.0,0.0,0.0
2024-05-31 14:30:00-04:00,48.76499938964844,48.849998474121094,48.76499938964844,48.849998474121094,2294,0.0,0.0,0.0
2024-05-31 15:30:00-04:00,48.91999816894531,49.400001525878906,48.91999816894531,49.400001525878906,10635,0.0,0.0,0.0
2024-06-03 09:30:00-04:00,49.720001220703125,49.720001220703125,49.5099983215332,49.529998779296875,0,0.0,0.0,0.0
2024-06-03 10:30:00-04:00,49.48609924316406,49.48609924316406,49.279998779296875,49.279998779296875,1589,0.0,0.0,0.0
2024-06-03 11:30:00-04:00,49.150001525878906,49.150001525878906,49.150001525878906,49.150001525878906,1397,0.0,0.0,0.0
2024-06-03 12:30:00-04:00,49.125,49.125,49.119998931884766,49.119998931884766,1277,0.0,0.0,0.0
2024-06-03 13:30:00-04:00,49.249900817871094,49.27000045776367,49.22999954223633,49.27000045776367,2909,0.0,0.0,0.0
2024-06-03 14:30:00-04:00,49.269901275634766,49.334999084472656,49.269901275634766,49.334999084472656,1197,0.0,0.0,0.0
2024-06-03 15:30:00-04:00,49.349998474121094,49.45000076293945,49.31990051269531,49.45000076293945,2075,0.0,0.0,0.0
2024-06-04 09:30:00-04:00,49.43000030517578,49.47999954223633,49.35499954223633,49.42490005493164,4987,0.0,0.0,0.0
2024-06-04 10:30:00-04:00,49.439998626708984,49.439998626708984,49.349998474121094,49.38990020751953,2176,0.0,0.0,0.0
2024-06-04 11:30:00-04:00,49.290000915527344,49.29999923706055,49.23500061035156,49.290000915527344,5213,0.0,0.0,0.0
2024-06-04 12:30:00-04:00,49.349998474121094,49.349998474121094,49.349998474121094,49.349998474121094,319,0.0,0.0,0.0
2024-06-04 13:30:00-04:00,49.38999938964844,49.44499969482422,49.38999938964844,49.44499969482422,739,0.0,0.0,0.0
2024-06-04 14:30:00-04:00,49.61000061035156,49.61000061035156,49.42340087890625,49.5,1045,0.0,0.0,0.0
2024-06-04 15:30:00-04:00,49.46500015258789,49.59000015258789,49.46500015258789,49.57500076293945,7754,0.0,0.0,0.0
2024-06-05 09:30:00-04:00,49.900001525878906,49.900001525878906,49.72549819946289,49.72549819946289,3001,0.0,0.0,0.0
2024-06-05 10:30:00-04:00,49.88999938964844,50.0,49.85499954223633,49.970001220703125,3211,0.0,0.0,0.0
2024-06-05 11:30:00-04:00,49.970001220703125,49.970001220703125,49.959999084472656,49.959999084472656,1232,0.0,0.0,0.0
2024-06-05 12:30:00-04:00,50.040000915527344,50.07500076293945,50.040000915527344,50.07500076293945,384,0.0,0.0,0.0
2024-06-05 13:30:00-04:00,50.07500076293945,50.119998931884766,50.07500076293945,50.119998931884766,1035,0.0,0.0,0.0
2024-06-05 14:30:00-04:00,50.17020034790039,50.20500183105469,50.16999816894531,50.18000030517578,1904,0.0,0.0,0.0
2024-06-05 15:30:00-04:00,50.150001525878906,50.27000045776367,50.130001068115234,50.27000045776367,1947,0.0,0.0,0.0
2024-06-06 09:30:00-04:00,50.290000915527344,50.310001373291016,50.290000915527344,50.310001373291016,1563,0.0,0.0,0.0
2024-06-06 10:30:00-04:00,50.27399826049805,50.27399826049805,50.22959899902344,50.22959899902344,1416,0.0,0.0,0.0
2024-06-06 11:30:00-04:00,50.16999816894531,50.16999816894531,50.15999984741211,50.15999984741211,975,0.0,0.0,0.0
2024-06-06 13:30:00-04:00,50.169700622558594,50.18989944458008,50.1150016784668,50.1150016784668,1187,0.0,0.0,0.0
2024-06-06 14:30:00-04:00,50.154998779296875,50.17499923706055,50.154998779296875,50.17499923706055,1526,0.0,0.0,0.0
2024-06-06 15:30:00-04:00,50.20000076293945,50.25,50.20000076293945,50.25,987,0.0,0.0,0.0
2024-06-07 09:30:00-04:00,50.189998626708984,50.220001220703125,50.029998779296875,50.220001220703125,0,0.0,0.0,0.0
2024-06-07 10:30:00-04:00,50.220001220703125,50.33000183105469,50.15999984741211,50.21979904174805,5695,0.0,0.0,0.0
2024-06-07 11:30:00-04:00,50.26499938964844,50.33000183105469,50.209999084472656,50.33000183105469,2531,0.0,0.0,0.0
2024-06-07 12:30:00-04:00,50.369998931884766,50.439998626708984,50.29999923706055,50.38999938964844,3443,0.0,0.0,0.0
2024-06-07 13:30:00-04:00,50.38999938964844,50.400001525878906,50.11000061035156,50.22999954223633,4083,0.0,0.0,0.0
2024-06-07 14:30:00-04:00,50.209999084472656,50.290000915527344,50.18000030517578,50.189998626708984,3977,0.0,0.0,0.0
2024-06-07 15:30:00-04:00,50.2400016784668,50.2400016784668,50.150001525878906,50.15999984741211,6776,0.0,0.0,0.0
2024-06-10 09:30:00-04:00,50.0,50.05799865722656,50.0,50.05799865722656,0,0.0,0.0,0.0
2024-06-10 10:30:00-04:00,50.05009841918945,50.119998931884766,50.05009841918945,50.119998931884766,598,0.0,0.0,0.0
2024-06-10 11:30:00-04:00,50.16999816894531,50.2400016784668,50.16999816894531,50.2400016784668,803,0.0,0.0,0.0
2024-06-10 12:30:00-04:00,50.16999816894531,50.20000076293945,50.16999816894531,50.20000076293945,3628,0.0,0.0,0.0
2024-06-10 13:30:00-04:00,50.22999954223633,50.279998779296875,50.210201263427734,50.21030044555664,2277,0.0,0.0,0.0
2024-06-10 14:30:00-04:00,50.220001220703125,50.339900970458984,50.220001220703125,50.339900970458984,642,0.0,0.0,0.0
2024-06-10 15:30:00-04:00,50.347999572753906,50.347999572753906,50.27000045776367,50.31999969482422,0,0.0,0.0,0.0
2024-06-11 09:30:00-04:00,50.310001373291016,50.310001373291016,50.02579879760742,50.02579879760742,1690,0.0,0.0,0.0
2024-06-11 10:30:00-04:00,50.02190017700195,50.02190017700195,50.02190017700195,50.02190017700195,344,0.0,0.0,0.0
2024-06-11 11:30:00-04:00,50.0099983215332,50.0099983215332,49.959999084472656,49.97999954223633,1308,0.0,0.0,0.0
2024-06-11 12:30:00-04:00,50.010501861572266,50.010501861572266,50.010501861572266,50.010501861572266,170,0.0,0.0,0.0
2024-06-11 13:30:00-04:00,50.0713005065918,50.154998779296875,50.0713005065918,50.154998779296875,369,0.0,0.0,0.0
2024-06-11 14:30:00-04:00,50.226898193359375,50.23249816894531,50.20000076293945,50.20000076293945,2888,0.0,0.0,0.0
2024-06-11 15:30:00-04:00,50.194000244140625,50.279998779296875,50.15999984741211,50.279998779296875,2707,0.0,0.0,0.0
2024-06-12 09:30:00-04:00,50.790000915527344,50.91999816894531,50.790000915527344,50.91999816894531,0,0.0,0.0,0.0
2024-06-12 10:30:00-04:00,50.939998626708984,50.939998626708984,50.849998474121094,50.850101470947266,6351,0.0,0.0,0.0
2024-06-12 11:30:00-04:00,50.84000015258789,50.86000061035156,50.83000183105469,50.84510040283203,1360,0.0,0.0,0.0
2024-06-12 12:30:00-04:00,50.86000061035156,50.885101318359375,50.84830093383789,50.885101318359375,2102,0.0,0.0,0.0
2024-06-12 13:30:00-04:00,50.790000915527344,50.790000915527344,50.779998779296875,50.779998779296875,3372,0.0,0.0,0.0
2024-06-12 14:30:00-04:00,50.790000915527344,50.79999923706055,50.709999084472656,50.79999923706055,764,0.0,0.0,0.0
2024-06-12 15:30:00-04:00,50.630001068115234,50.810001373291016,50.630001068115234,50.75,2226,0.0,0.0,0.0
2024-06-13 09:30:00-04:00,50.93000030517578,50.93000030517578,50.790000915527344,50.790000915527344,0,0.0,0.0,0.0
2024-06-13 10:30:00-04:00,50.66999816894531,50.66999816894531,50.66999816894531,50.66999816894531,173,0.0,0.0,0.0
2024-06-13 11:30:00-04:00,50.756900787353516,50.77000045776367,50.650001525878906,50.650001525878906,2920,0.0,0.0,0.0
2024-06-13 12:30:00-04:00,50.66640090942383,50.79349899291992,50.66640090942383,50.79349899291992,952,0.0,0.0,0.0
2024-06-13 13:30:00-04:00,50.790000915527344,50.849998474121094,50.790000915527344,50.849998474121094,986,0.0,0.0,0.0
2024-06-13 14:30:00-04:00,50.84080123901367,50.86000061035156,50.84000015258789,50.849998474121094,1749,0.0,0.0,0.0
2024-06-13 15:30:00-04:00,50.85689926147461,50.900001525878906,50.849998474121094,50.86000061035156,3396,0.0,0.0,0.0
2024-06-14 09:30:00-04:00,50.779998779296875,50.779998779296875,50.72999954223633,50.77000045776367,0,0.0,0.0,0.0
2024-06-14 10:30:00-04:00,50.77949905395508,50.81999969482422,50.71780014038086,50.81999969482422,2378,0.0,0.0,0.0
2024-06-14 11:30:00-04:00,50.80619812011719,50.87409973144531,50.7400016784668,50.87409973144531,2220,0.0,0.0,0.0
2024-06-14 12:30:00-04:00,50.88999938964844,50.88999938964844,50.875701904296875,50.880001068115234,6871,0.0,0.0,0.0
2024-06-14 13:30:00-04:00,50.90999984741211,50.90999984741211,50.880001068115234,50.880001068115234,2434,0.0,0.0,0.0
2024-06-14 14:30:00-04:00,50.880001068115234,50.939998626708984,50.869998931884766,50.93000030517578,2699,0.0,0.0,0.0
2024-06-14 15:30:00-04:00,50.93000030517578,50.9900016784668,50.93000030517578,50.9900016784668,1606,0.0,0.0,0.0
2024-06-17 09:30:00-04:00,50.959999084472656,50.959999084472656,50.86000061035156,50.904998779296875,0,0.0,0.0,0.0
2024-06-17 10:30:00-04:00,50.86000061035156,51.0,50.86000061035156,51.0,1087,0.0,0.0,0.0
2024-06-17 11:30:00-04:00,51.0,51.040000915527344,50.967098236083984,51.03990173339844,1903,0.0,0.0,0.0
2024-06-17 12:30:00-04:00,51.20100021362305,51.20100021362305,51.20100021362305,51.20100021362305,445,0.0,0.0,0.0
2024-06-17 13:30:00-04:00,51.40999984741211,51.40999984741211,51.369998931884766,51.369998931884766,770,0.0,0.0,0.0
2024-06-17 14:30:00-04:00,51.34230041503906,51.382301330566406,51.34230041503906,51.382301330566406,474,0.0,0.0,0.0
2024-06-17 15:30:00-04:00,51.42499923706055,51.42499923706055,51.28099822998047,51.28099822998047,0,0.0,0.0,0.0
2024-06-18 09:30:00-04:00,51.36000061035156,51.40999984741211,51.36000061035156,51.40999984741211,1735,0.0,0.0,0.0
2024-06-18 10:30:00-04:00,51.39500045776367,51.39500045776367,51.34469985961914,51.34469985961914,2095,0.0,0.0,0.0
2024-06-18 11:30:00-04:00,51.395999908447266,51.4900016784668,51.395999908447266,51.45000076293945,1532,0.0,0.0,0.0
2024-06-18 12:30:00-04:00,51.4474983215332,51.5,51.4474983215332,51.496498107910156,1063,0.0,0.0,0.0
2024-06-18 13:30:00-04:00,51.579898834228516,51.579898834228516,51.579898834228516,51.579898834228516,374,0.0,0.0,0.0
2024-06-18 15:30:00-04:00,51.529998779296875,51.55849838256836,51.49209976196289,51.55849838256836,466,0.0,0.0,0.0
2024-06-20 09:30:00-04:00,51.81999969482422,51.81999969482422,51.65999984741211,51.7400016784668,3973,0.0,0.0,0.0
2024-06-20 10:30:00-04:00,51.7400016784668,51.78229904174805,51.7400016784668,51.78229904174805,1354,0.0,0.0,0.0
2024-06-20 11:30:00-04:00,51.70000076293945,51.70000076293945,51.70000076293945,51.70000076293945,1181,0.0,0.0,0.0
2024-06-20 12:30:00-04:00,51.400001525878906,51.459999084472656,51.3927001953125,51.43899917602539,5270,0.0,0.0,0.0
2024-06-20 13:30:00-04:00,51.332298278808594,51.380001068115234,51.22999954223633,51.380001068115234,2738,0.0,0.0,0.0
2024-06-20 14:30:00-04:00,51.48979949951172,51.4900016784668,51.36000061035156,51.36000061035156,3700,0.0,0.0,0.0
2024-06-20 15:30:00-04:00,51.47999954223633,51.47999954223633,51.380001068115234,51.380001068115234,0,0.0,0.0,0.0
2024-06-21 09:30:00-04:00,51.04999923706055,51.220001220703125,51.029998779296875,51.19900131225586,2383,0.0,0.0,0.0
2024-06-21 10:30:00-04:00,51.130001068115234,51.13999938964844,51.130001068115234,51.13999938964844,1283,0.0,0.0,0.0
2024-06-21 12:30:00-04:00,51.2599983215332,51.2599983215332,51.257198333740234,51.257198333740234,0,0.0,0.0,0.0
2024-06-21 13:30:00-04:00,51.13999938964844,51.189998626708984,51.13999938964844,51.16899871826172,12197,0.0,0.0,0.0
2024-06-21 14:30:00-04:00,51.189998626708984,51.20899963378906,51.18000030517578,51.20899963378906,532,0.0,0.0,0.0
2024-06-21 15:30:00-04:00,51.239898681640625,51.29999923706055,51.18000030517578,51.29999923706055,2503,0.0,0.0,0.0
