Datetime,Open,High,Low,Close,Volume,Dividends,Stock Splits
2022-10-13 09:00:00+09:00,7300.0,7440.0,7050.0,7130.0,0,0.0,0.0
2022-10-13 10:00:00+09:00,7120.0,7160.0,7090.0,7140.0,25389,0.0,0.0
2022-10-13 11:00:00+09:00,7140.0,7140.0,7030.0,7040.0,37962,0.0,0.0
2022-10-13 12:00:00+09:00,7040.0,7070.0,6950.0,7050.0,46179,0.0,0.0
2022-10-13 13:00:00+09:00,7050.0,7090.0,7030.0,7050.0,10910,0.0,0.0
2022-10-13 14:00:00+09:00,7050.0,7050.0,7000.0,7010.0,44690,0.0,0.0
2022-10-14 09:00:00+09:00,7020.0,7180.0,7020.0,7110.0,0,0.0,0.0
2022-10-14 10:00:00+09:00,7110.0,7290.0,7090.0,7240.0,40054,0.0,0.0
2022-10-14 11:00:00+09:00,7240.0,7700.0,7230.0,7440.0,383348,0.0,0.0
2022-10-14 12:00:00+09:00,7410.0,7600.0,7380.0,7580.0,60043,0.0,0.0
2022-10-14 13:00:00+09:00,7580.0,7650.0,7500.0,7530.0,65880,0.0,0.0
2022-10-14 14:00:00+09:00,7520.0,7570.0,7420.0,7450.0,33433,0.0,0.0
2022-10-17 09:00:00+09:00,7400.0,7630.0,7350.0,7550.0,0,0.0,0.0
2022-10-17 10:00:00+09:00,7580.0,7690.0,7560.0,7640.0,32207,0.0,0.0
2022-10-17 11:00:00+09:00,7640.0,7680.0,7600.0,7660.0,11735,0.0,0.0
2022-10-17 12:00:00+09:00,7640.0,7660.0,7570.0,7600.0,8424,0.0,0.0
2022-10-17 13:00:00+09:00,7600.0,7610.0,7520.0,7590.0,11065,0.0,0.0
2022-10-17 14:00:00+09:00,7580.0,7650.0,7580.0,7620.0,18076,0.0,0.0
2022-10-18 09:00:00+09:00,7650.0,7760.0,7600.0,7750.0,0,0.0,0.0
2022-10-18 10:00:00+09:00,7750.0,7800.0,7660.0,7750.0,39152,0.0,0.0
2022-10-18 11:00:00+09:00,7740.0,7740.0,7670.0,7700.0,9765,0.0,0.0
2022-10-18 12:00:00+09:00,7700.0,7750.0,7660.0,7750.0,15150,0.0,0.0
2022-10-18 13:00:00+09:00,7750.0,7750.0,7650.0,7690.0,19156,0.0,0.0
2022-10-18 14:00:00+09:00,7710.0,7710.0,7640.0,7680.0,15194,0.0,0.0
2022-10-19 09:00:00+09:00,7730.0,7770.0,7620.0,7680.0,0,0.0,0.0
2022-10-19 10:00:00+09:00,7690.0,7760.0,7660.0,7760.0,9098,0.0,0.0
2022-10-19 11:00:00+09:00,7760.0,7780.0,7670.0,7690.0,10333,0.0,0.0
2022-10-19 12:00:00+09:00,7690.0,7730.0,7670.0,7680.0,4130,0.0,0.0
2022-10-19 13:00:00+09:00,7680.0,7710.0,7590.0,7600.0,22234,0.0,0.0
2022-10-19 14:00:00+09:00,7600.0,7660.0,7400.0,7470.0,27920,0.0,0.0
2022-10-20 09:00:00+09:00,7590.0,7660.0,7500.0,7610.0,0,0.0,0.0
2022-10-20 10:00:00+09:00,7640.0,7640.0,7450.0,7580.0,12882,0.0,0.0
2022-10-20 11:00:00+09:00,7560.0,7700.0,7520.0,7690.0,16510,0.0,0.0
2022-10-20 12:00:00+09:00,7680.0,7710.0,7560.0,7610.0,11042,0.0,0.0
2022-10-20 13:00:00+09:00,7610.0,7660.0,7560.0,7650.0,4437,0.0,0.0
2022-10-20 14:00:00+09:00,7650.0,7670.0,7590.0,7670.0,15877,0.0,0.0
2022-10-21 09:00:00+09:00,7550.0,7680.0,7540.0,7680.0,0,0.0,0.0
2022-10-21 10:00:00+09:00,7680.0,7700.0,7550.0,7600.0,14876,0.0,0.0
2022-10-21 11:00:00+09:00,7610.0,7630.0,7550.0,7550.0,10848,0.0,0.0
2022-10-21 12:00:00+09:00,7580.0,7630.0,7540.0,7540.0,10885,0.0,0.0
2022-10-21 13:00:00+09:00,7570.0,7570.0,7420.0,7460.0,22650,0.0,0.0
2022-10-21 14:00:00+09:00,7460.0,7480.0,7430.0,7460.0,4885,0.0,0.0
2022-10-24 09:00:00+09:00,7500.0,7670.0,7500.0,7630.0,0,0.0,0.0
2022-10-24 10:00:00+09:00,7630.0,7660.0,7590.0,7650.0,8420,0.0,0.0
2022-10-24 11:00:00+09:00,7650.0,7660.0,7590.0,7600.0,7137,0.0,0.0
2022-10-24 12:00:00+09:00,7600.0,7610.0,7550.0,7560.0,9954,0.0,0.0
2022-10-24 13:00:00+09:00,7560.0,7590.0,7520.0,7580.0,3904,0.0,0.0
2022-10-24 14:00:00+09:00,7580.0,7600.0,7530.0,7530.0,2403,0.0,0.0
2022-10-25 09:00:00+09:00,7600.0,7660.0,7540.0,7630.0,0,0.0,0.0
2022-10-25 10:00:00+09:00,7630.0,7650.0,7580.0,7620.0,8064,0.0,0.0
2022-10-25 11:00:00+09:00,7620.0,7640.0,7560.0,7580.0,4937,0.0,0.0
2022-10-25 12:00:00+09:00,7590.0,7640.0,7580.0,7630.0,3595,0.0,0.0
2022-10-25 13:00:00+09:00,7620.0,7630.0,7550.0,7570.0,10040,0.0,0.0
2022-10-25 14:00:00+09:00,7570.0,7600.0,7570.0,7590.0,7538,0.0,0.0
2022-10-26 09:00:00+09:00,7600.0,7640.0,7520.0,7550.0,0,0.0,0.0
2022-10-26 10:00:00+09:00,7550.0,7570.0,7420.0,7530.0,15067,0.0,0.0
2022-10-26 11:00:00+09:00,7530.0,7560.0,7460.0,7520.0,4501,0.0,0.0
2022-10-26 12:00:00+09:00,7520.0,7520.0,7470.0,7470.0,4778,0.0,0.0
2022-10-26 13:00:00+09:00,7480.0,7550.0,7460.0,7500.0,12534,0.0,0.0
2022-10-26 14:00:00+09:00,7500.0,7500.0,7430.0,7480.0,9680,0.0,0.0
2022-10-27 09:00:00+09:00,7480.0,7560.0,7480.0,7510.0,0,0.0,0.0
2022-10-27 10:00:00+09:00,7510.0,7550.0,7510.0,7540.0,2036,0.0,0.0
2022-10-27 11:00:00+09:00,7540.0,7560.0,7490.0,7490.0,6268,0.0,0.0
2022-10-27 12:00:00+09:00,7490.0,7510.0,7460.0,7480.0,4181,0.0,0.0
2022-10-27 13:00:00+09:00,7490.0,7550.0,7460.0,7460.0,6699,0.0,0.0
2022-10-27 14:00:00+09:00,7500.0,7510.0,7460.0,7490.0,9224,0.0,0.0
2022-10-28 09:00:00+09:00,7530.0,7530.0,7400.0,7400.0,12168,0.0,0.0
2022-10-28 10:00:00+09:00,7410.0,7440.0,7390.0,7410.0,6532,0.0,0.0
2022-10-28 11:00:00+09:00,7410.0,7420.0,7380.0,7400.0,8014,0.0,0.0
2022-10-28 12:00:00+09:00,7390.0,7390.0,7300.0,7350.0,11065,0.0,0.0
2022-10-28 13:00:00+09:00,7350.0,7350.0,7270.0,7270.0,11216,0.0,0.0
2022-10-28 14:00:00+09:00,7280.0,7320.0,7250.0,7250.0,14349,0.0,0.0
2022-10-31 09:00:00+09:00,7290.0,7330.0,7280.0,7320.0,0,0.0,0.0
2022-10-31 10:00:00+09:00,7320.0,7380.0,7290.0,7350.0,6210,0.0,0.0
2022-10-31 11:00:00+09:00,7370.0,7380.0,7310.0,7340.0,4828,0.0,0.0
2022-10-31 12:00:00+09:00,7340.0,7380.0,7340.0,7370.0,1869,0.0,0.0
2022-10-31 13:00:00+09:00,7370.0,7370.0,7330.0,7330.0,2399,0.0,0.0
2022-10-31 14:00:00+09:00,7330.0,7350.0,7290.0,7300.0,5688,0.0,0.0
2022-11-01 09:00:00+09:00,7260.0,7350.0,7250.0,7320.0,0,0.0,0.0
2022-11-01 10:00:00+09:00,7340.0,7380.0,7310.0,7320.0,10036,0.0,0.0
2022-11-01 11:00:00+09:00,7350.0,7360.0,7310.0,7310.0,1573,0.0,0.0
2022-11-01 12:00:00+09:00,7310.0,7340.0,7300.0,7320.0,1514,0.0,0.0
2022-11-01 13:00:00+09:00,7320.0,7330.0,7280.0,7280.0,6723,0.0,0.0
2022-11-01 14:00:00+09:00,7270.0,7280.0,7240.0,7260.0,9513,0.0,0.0
2022-11-02 09:00:00+09:00,7190.0,7270.0,7180.0,7270.0,0,0.0,0.0
2022-11-02 10:00:00+09:00,7260.0,7290.0,7240.0,7250.0,3623,0.0,0.0
2022-11-02 11:00:00+09:00,7250.0,7290.0,7210.0,7290.0,5412,0.0,0.0
2022-11-02 12:00:00+09:00,7280.0,7290.0,7230.0,7240.0,4643,0.0,0.0
2022-11-02 13:00:00+09:00,7280.0,7290.0,7260.0,7270.0,1717,0.0,0.0
2022-11-02 14:00:00+09:00,7270.0,7290.0,7240.0,7280.0,1674,0.0,0.0
2022-11-03 09:00:00+09:00,7180.0,7240.0,7140.0,7160.0,0,0.0,0.0
2022-11-03 10:00:00+09:00,7180.0,7220.0,7180.0,7200.0,3172,0.0,0.0
2022-11-03 11:00:00+09:00,7200.0,7210.0,7160.0,7180.0,6371,0.0,0.0
2022-11-03 12:00:00+09:00,7180.0,7210.0,7160.0,7200.0,3928,0.0,0.0
2022-11-03 13:00:00+09:00,7180.0,7240.0,7180.0,7200.0,7381,0.0,0.0
2022-11-03 14:00:00+09:00,7230.0,7240.0,7200.0,7240.0,3642,0.0,0.0
2022-11-04 09:00:00+09:00,7230.0,7290.0,7190.0,7210.0,0,0.0,0.0
2022-11-04 10:00:00+09:00,7200.0,7200.0,7120.0,7180.0,9668,0.0,0.0
2022-11-04 11:00:00+09:00,7180.0,7180.0,7120.0,7130.0,6035,0.0,0.0
2022-11-04 12:00:00+09:00,7130.0,7150.0,7120.0,7150.0,3176,0.0,0.0
2022-11-04 13:00:00+09:00,7130.0,7150.0,7120.0,7150.0,1829,0.0,0.0
2022-11-04 14:00:00+09:00,7150.0,7190.0,7150.0,7170.0,1738,0.0,0.0
2022-11-07 09:00:00+09:00,7120.0,7210.0,7120.0,7150.0,0,0.0,0.0
2022-11-07 10:00:00+09:00,7150.0,7240.0,7150.0,7220.0,6880,0.0,0.0
2022-11-07 11:00:00+09:00,7220.0,7240.0,7190.0,7190.0,4469,0.0,0.0
2022-11-07 12:00:00+09:00,7200.0,7260.0,7200.0,7230.0,4597,0.0,0.0
2022-11-07 13:00:00+09:00,7230.0,7250.0,7200.0,7250.0,3136,0.0,0.0
2022-11-07 14:00:00+09:00,7250.0,7270.0,7240.0,7260.0,3221,0.0,0.0
2022-11-08 09:00:00+09:00,7260.0,7360.0,7260.0,7330.0,0,0.0,0.0
2022-11-08 10:00:00+09:00,7330.0,7410.0,7330.0,7400.0,12573,0.0,0.0
2022-11-08 11:00:00+09:00,7390.0,7410.0,7360.0,7360.0,6330,0.0,0.0
2022-11-08 12:00:00+09:00,7370.0,7410.0,7370.0,7400.0,2853,0.0,0.0
2022-11-08 13:00:00+09:00,7410.0,7450.0,7400.0,7450.0,8919,0.0,0.0
2022-11-08 14:00:00+09:00,7450.0,7480.0,7420.0,7440.0,6962,0.0,0.0
2022-11-09 09:00:00+09:00,7600.0,7600.0,7450.0,7520.0,0,0.0,0.0
2022-11-09 10:00:00+09:00,7510.0,7570.0,7440.0,7570.0,17865,0.0,0.0
2022-11-09 11:00:00+09:00,7550.0,7560.0,7480.0,7490.0,8785,0.0,0.0
2022-11-09 12:00:00+09:00,7490.0,7510.0,7450.0,7470.0,5677,0.0,0.0
2022-11-09 13:00:00+09:00,7450.0,7490.0,7410.0,7470.0,4174,0.0,0.0
2022-11-09 14:00:00+09:00,7420.0,7460.0,7410.0,7450.0,2905,0.0,0.0
2022-11-10 09:00:00+09:00,7370.0,7480.0,7300.0,7440.0,0,0.0,0.0
2022-11-10 10:00:00+09:00,7440.0,7480.0,7380.0,7380.0,9071,0.0,0.0
2022-11-10 11:00:00+09:00,7450.0,7770.0,7420.0,7600.0,71885,0.0,0.0
2022-11-10 12:00:00+09:00,7610.0,8000.0,7560.0,7980.0,271279,0.0,0.0
2022-11-10 13:00:00+09:00,7950.0,8540.0,7470.0,7580.0,1929103,0.0,0.0
2022-11-10 14:00:00+09:00,7590.0,7620.0,7410.0,7440.0,262884,0.0,0.0
2022-11-11 09:00:00+09:00,7490.0,7570.0,7450.0,7510.0,0,0.0,0.0
2022-11-11 10:00:00+09:00,7520.0,7600.0,7510.0,7560.0,36197,0.0,0.0
2022-11-11 11:00:00+09:00,7560.0,7590.0,7530.0,7540.0,17208,0.0,0.0
2022-11-11 12:00:00+09:00,7550.0,7590.0,7540.0,7590.0,13056,0.0,0.0
2022-11-11 13:00:00+09:00,7590.0,7610.0,7540.0,7560.0,22000,0.0,0.0
2022-11-11 14:00:00+09:00,7560.0,7590.0,7520.0,7550.0,24025,0.0,0.0
2022-11-14 09:00:00+09:00,7730.0,7730.0,7560.0,7710.0,0,0.0,0.0
2022-11-14 10:00:00+09:00,7700.0,7770.0,7680.0,7720.0,23194,0.0,0.0
2022-11-14 11:00:00+09:00,7730.0,7820.0,7700.0,7780.0,32386,0.0,0.0
2022-11-14 12:00:00+09:00,7780.0,7850.0,7780.0,7840.0,18042,0.0,0.0
2022-11-14 13:00:00+09:00,7840.0,7840.0,7770.0,7770.0,17297,0.0,0.0
2022-11-14 14:00:00+09:00,7770.0,7790.0,7730.0,7730.0,17650,0.0,0.0
2022-11-15 09:00:00+09:00,7800.0,8210.0,7750.0,8000.0,196168,0.0,0.0
2022-11-15 10:00:00+09:00,7990.0,8020.0,7900.0,7940.0,99352,0.0,0.0
2022-11-15 11:00:00+09:00,7960.0,7990.0,7920.0,7950.0,19307,0.0,0.0
2022-11-15 12:00:00+09:00,7950.0,7950.0,7870.0,7900.0,20515,0.0,0.0
2022-11-15 13:00:00+09:00,7900.0,7980.0,7870.0,7910.0,30725,0.0,0.0
2022-11-15 14:00:00+09:00,7910.0,8000.0,7880.0,7880.0,77789,0.0,0.0
2022-11-16 09:00:00+09:00,7810.0,7930.0,7810.0,7850.0,0,0.0,0.0
2022-11-16 10:00:00+09:00,7820.0,7880.0,7770.0,7770.0,22480,0.0,0.0
2022-11-16 11:00:00+09:00,7780.0,7830.0,7770.0,7790.0,5376,0.0,0.0
2022-11-16 12:00:00+09:00,7820.0,7850.0,7760.0,7830.0,13058,0.0,0.0
2022-11-16 13:00:00+09:00,7810.0,7830.0,7740.0,7790.0,13112,0.0,0.0
2022-11-16 14:00:00+09:00,7780.0,7800.0,7730.0,7790.0,19011,0.0,0.0
2022-11-17 10:00:00+09:00,7790.0,7900.0,7730.0,7900.0,24428,0.0,0.0
2022-11-17 11:00:00+09:00,7890.0,7950.0,7810.0,7900.0,17891,0.0,0.0
2022-11-17 12:00:00+09:00,7890.0,7910.0,7850.0,7870.0,8230,0.0,0.0
2022-11-17 13:00:00+09:00,7860.0,7890.0,7790.0,7810.0,11055,0.0,0.0
2022-11-17 14:00:00+09:00,7800.0,7840.0,7780.0,7790.0,9047,0.0,0.0
2022-11-18 09:00:00+09:00,7710.0,7770.0,7670.0,7720.0,0,0.0,0.0
2022-11-18 10:00:00+09:00,7720.0,7740.0,7670.0,7710.0,5657,0.0,0.0
2022-11-18 11:00:00+09:00,7710.0,7710.0,7580.0,7620.0,16058,0.0,0.0
2022-11-18 12:00:00+09:00,7620.0,7680.0,7600.0,7650.0,10942,0.0,0.0
2022-11-18 13:00:00+09:00,7650.0,7710.0,7630.0,7640.0,5318,0.0,0.0
2022-11-18 14:00:00+09:00,7630.0,7640.0,7610.0,7620.0,6605,0.0,0.0
2022-11-21 09:00:00+09:00,7590.0,7650.0,7450.0,7540.0,0,0.0,0.0
2022-11-21 10:00:00+09:00,7510.0,7550.0,7470.0,7470.0,7384,0.0,0.0
2022-11-21 11:00:00+09:00,7470.0,7500.0,7440.0,7480.0,6851,0.0,0.0
2022-11-21 12:00:00+09:00,7480.0,7510.0,7370.0,7440.0,17695,0.0,0.0
2022-11-21 13:00:00+09:00,7440.0,7500.0,7420.0,7440.0,5318,0.0,0.0
2022-11-21 14:00:00+09:00,7440.0,7560.0,7400.0,7520.0,13244,0.0,0.0
2022-11-22 09:00:00+09:00,7480.0,7590.0,7480.0,7560.0,0,0.0,0.0
2022-11-22 10:00:00+09:00,7550.0,7570.0,7530.0,7550.0,1336,0.0,0.0
2022-11-22 11:00:00+09:00,7550.0,7570.0,7530.0,7560.0,1953,0.0,0.0
2022-11-22 12:00:00+09:00,7550.0,7560.0,7520.0,7530.0,5306,0.0,0.0
2022-11-22 13:00:00+09:00,7530.0,7530.0,7480.0,7490.0,9426,0.0,0.0
2022-11-22 14:00:00+09:00,7490.0,7490.0,7410.0,7430.0,12912,0.0,0.0
2022-11-23 09:00:00+09:00,7520.0,7520.0,7410.0,7430.0,0,0.0,0.0
2022-11-23 10:00:00+09:00,7430.0,7490.0,7430.0,7490.0,4833,0.0,0.0
2022-11-23 11:00:00+09:00,7490.0,7490.0,7460.0,7490.0,1413,0.0,0.0
2022-11-23 12:00:00+09:00,7470.0,7500.0,7470.0,7500.0,1649,0.0,0.0
2022-11-23 13:00:00+09:00,7500.0,7510.0,7430.0,7450.0,6824,0.0,0.0
2022-11-23 14:00:00+09:00,7450.0,7620.0,7450.0,7530.0,12140,0.0,0.0
2022-11-24 09:00:00+09:00,7510.0,7600.0,7500.0,7560.0,0,0.0,0.0
2022-11-24 10:00:00+09:00,7570.0,7640.0,7560.0,7590.0,23424,0.0,0.0
2022-11-24 11:00:00+09:00,7600.0,7640.0,7570.0,7630.0,8355,0.0,0.0
2022-11-24 12:00:00+09:00,7620.0,7670.0,7620.0,7620.0,5383,0.0,0.0
2022-11-24 13:00:00+09:00,7620.0,7650.0,7600.0,7620.0,3590,0.0,0.0
2022-11-24 14:00:00+09:00,7610.0,7630.0,7570.0,7590.0,7287,0.0,0.0
2022-11-25 09:00:00+09:00,7580.0,7610.0,7470.0,7540.0,0,0.0,0.0
2022-11-25 10:00:00+09:00,7540.0,7540.0,7490.0,7500.0,2316,0.0,0.0
2022-11-25 11:00:00+09:00,7530.0,7550.0,7490.0,7550.0,4461,0.0,0.0
2022-11-25 12:00:00+09:00,7550.0,7550.0,7480.0,7490.0,2665,0.0,0.0
2022-11-25 13:00:00+09:00,7490.0,7520.0,7470.0,7500.0,3380,0.0,0.0
2022-11-25 14:00:00+09:00,7490.0,7500.0,7480.0,7490.0,5798,0.0,0.0
2022-11-28 09:00:00+09:00,7470.0,7530.0,7420.0,7460.0,0,0.0,0.0
2022-11-28 10:00:00+09:00,7460.0,7460.0,7390.0,7400.0,10220,0.0,0.0
2022-11-28 11:00:00+09:00,7420.0,7440.0,7410.0,7420.0,2204,0.0,0.0
2022-11-28 12:00:00+09:00,7420.0,7420.0,7400.0,7410.0,6565,0.0,0.0
2022-11-28 13:00:00+09:00,7410.0,7410.0,7330.0,7370.0,20612,0.0,0.0
2022-11-28 14:00:00+09:00,7370.0,7420.0,7350.0,7360.0,14707,0.0,0.0
2022-11-29 09:00:00+09:00,7350.0,7410.0,7260.0,7360.0,0,0.0,0.0
2022-11-29 10:00:00+09:00,7380.0,7400.0,7360.0,7380.0,2280,0.0,0.0
2022-11-29 11:00:00+09:00,7380.0,7410.0,7360.0,7400.0,4346,0.0,0.0
2022-11-29 12:00:00+09:00,7400.0,7460.0,7390.0,7440.0,3598,0.0,0.0
2022-11-29 13:00:00+09:00,7450.0,7480.0,7440.0,7480.0,7951,0.0,0.0
2022-11-29 14:00:00+09:00,7480.0,7480.0,7430.0,7460.0,3125,0.0,0.0
2022-11-30 09:00:00+09:00,7450.0,8080.0,7410.0,7770.0,225525,0.0,0.0
2022-11-30 10:00:00+09:00,7770.0,7920.0,7570.0,7590.0,215383,0.0,0.0
2022-11-30 11:00:00+09:00,7600.0,7670.0,7580.0,7650.0,19095,0.0,0.0
2022-11-30 12:00:00+09:00,7640.0,7670.0,7580.0,7640.0,8187,0.0,0.0
2022-11-30 13:00:00+09:00,7630.0,7660.0,7630.0,7640.0,11662,0.0,0.0
2022-11-30 14:00:00+09:00,7630.0,7640.0,7600.0,7630.0,15410,0.0,0.0
2022-12-01 09:00:00+09:00,7670.0,7750.0,7650.0,7660.0,0,0.0,0.0
2022-12-01 10:00:00+09:00,7670.0,7700.0,7620.0,7650.0,8332,0.0,0.0
2022-12-01 11:00:00+09:00,7650.0,7670.0,7620.0,7640.0,3542,0.0,0.0
2022-12-01 12:00:00+09:00,7650.0,7670.0,7610.0,7660.0,8819,0.0,0.0
2022-12-01 13:00:00+09:00,7650.0,7680.0,7650.0,7680.0,0,0.0,0.0
2022-12-01 14:00:00+09:00,7670.0,7680.0,7650.0,7660.0,52362,0.0,0.0
2022-12-02 09:00:00+09:00,7670.0,7690.0,7600.0,7680.0,0,0.0,0.0
2022-12-02 10:00:00+09:00,7650.0,7690.0,7640.0,7690.0,8020,0.0,0.0
2022-12-02 11:00:00+09:00,7680.0,7750.0,7670.0,7720.0,13972,0.0,0.0
2022-12-02 12:00:00+09:00,7720.0,7750.0,7700.0,7710.0,5702,0.0,0.0
2022-12-02 13:00:00+09:00,7730.0,7740.0,7650.0,7690.0,10374,0.0,0.0
2022-12-02 14:00:00+09:00,7680.0,7710.0,7640.0,7660.0,7108,0.0,0.0
2022-12-05 09:00:00+09:00,7690.0,7890.0,7690.0,7820.0,0,0.0,0.0
2022-12-05 10:00:00+09:00,7810.0,7840.0,7770.0,7800.0,9232,0.0,0.0
2022-12-05 11:00:00+09:00,7800.0,7800.0,7770.0,7800.0,5410,0.0,0.0
2022-12-05 12:00:00+09:00,7800.0,7870.0,7790.0,7830.0,21642,0.0,0.0
2022-12-05 13:00:00+09:00,7840.0,7850.0,7780.0,7820.0,9254,0.0,0.0
2022-12-05 14:00:00+09:00,7820.0,7830.0,7780.0,7830.0,9564,0.0,0.0
2022-12-06 09:00:00+09:00,7990.0,8640.0,7800.0,7970.0,1995352,0.0,0.0
2022-12-06 10:00:00+09:00,7970.0,8070.0,7900.0,7970.0,277614,0.0,0.0
2022-12-06 11:00:00+09:00,8010.0,8150.0,7970.0,8100.0,254761,0.0,0.0
2022-12-06 12:00:00+09:00,8090.0,8140.0,7770.0,7800.0,244516,0.0,0.0
2022-12-06 13:00:00+09:00,7800.0,7880.0,7740.0,7740.0,80073,0.0,0.0
2022-12-06 14:00:00+09:00,7740.0,7810.0,7710.0,7770.0,52620,0.0,0.0
2022-12-07 09:00:00+09:00,7690.0,7880.0,7640.0,7780.0,75463,0.0,0.0
2022-12-07 10:00:00+09:00,7780.0,8450.0,7760.0,8180.0,1552913,0.0,0.0
2022-12-07 11:00:00+09:00,8190.0,8270.0,7910.0,8000.0,503088,0.0,0.0
2022-12-07 12:00:00+09:00,8020.0,8050.0,7950.0,8020.0,56011,0.0,0.0
2022-12-07 13:00:00+09:00,8010.0,8190.0,7730.0,7910.0,419174,0.0,0.0
2022-12-07 14:00:00+09:00,7910.0,7920.0,7810.0,7880.0,96442,0.0,0.0
2022-12-08 09:00:00+09:00,7870.0,7950.0,7790.0,7920.0,0,0.0,0.0
2022-12-08 10:00:00+09:00,7920.0,7930.0,7870.0,7910.0,44671,0.0,0.0
2022-12-08 11:00:00+09:00,7910.0,7980.0,7880.0,7950.0,53093,0.0,0.0
2022-12-08 12:00:00+09:00,7940.0,7950.0,7880.0,7930.0,30840,0.0,0.0
2022-12-08 13:00:00+09:00,7930.0,7940.0,7870.0,7900.0,33877,0.0,0.0
2022-12-08 14:00:00+09:00,7890.0,8030.0,7890.0,8000.0,74515,0.0,0.0
2022-12-09 09:00:00+09:00,8010.0,8100.0,7960.0,8030.0,0,0.0,0.0
2022-12-09 10:00:00+09:00,8030.0,8030.0,7980.0,7990.0,38138,0.0,0.0
2022-12-09 11:00:00+09:00,7990.0,8110.0,7980.0,8070.0,48070,0.0,0.0
2022-12-09 12:00:00+09:00,8060.0,8070.0,8010.0,8010.0,28287,0.0,0.0
2022-12-09 13:00:00+09:00,8010.0,8070.0,8000.0,8010.0,18361,0.0,0.0
2022-12-09 14:00:00+09:00,8010.0,8060.0,7990.0,8040.0,29085,0.0,0.0
2022-12-12 09:00:00+09:00,8010.0,8150.0,7920.0,8010.0,0,0.0,0.0
2022-12-12 10:00:00+09:00,8010.0,8070.0,8000.0,8050.0,19803,0.0,0.0
2022-12-12 11:00:00+09:00,8030.0,8050.0,8010.0,8040.0,14569,0.0,0.0
2022-12-12 12:00:00+09:00,8030.0,8060.0,8020.0,8030.0,11984,0.0,0.0
2022-12-12 13:00:00+09:00,8030.0,8040.0,8010.0,8010.0,14802,0.0,0.0
2022-12-12 14:00:00+09:00,8010.0,8030.0,7960.0,7960.0,25709,0.0,0.0
2022-12-13 09:00:00+09:00,7890.0,8090.0,7870.0,8080.0,0,0.0,0.0
2022-12-13 10:00:00+09:00,8070.0,8200.0,8070.0,8110.0,126098,0.0,0.0
2022-12-13 11:00:00+09:00,8120.0,8200.0,8070.0,8150.0,42269,0.0,0.0
2022-12-13 12:00:00+09:00,8150.0,8170.0,8110.0,8150.0,22255,0.0,0.0
2022-12-13 13:00:00+09:00,8150.0,8170.0,8090.0,8130.0,25627,0.0,0.0
2022-12-13 14:00:00+09:00,8140.0,8150.0,8100.0,8120.0,27205,0.0,0.0
2022-12-14 09:00:00+09:00,8100.0,8260.0,8040.0,8130.0,0,0.0,0.0
2022-12-14 10:00:00+09:00,8120.0,8160.0,8070.0,8090.0,23165,0.0,0.0
2022-12-14 11:00:00+09:00,8100.0,8130.0,8090.0,8120.0,7342,0.0,0.0
2022-12-14 12:00:00+09:00,8120.0,8130.0,8090.0,8090.0,16332,0.0,0.0
2022-12-14 13:00:00+09:00,8090.0,8100.0,8060.0,8090.0,18562,0.0,0.0
2022-12-14 14:00:00+09:00,8080.0,8100.0,8060.0,8100.0,18931,0.0,0.0
2022-12-15 09:00:00+09:00,8150.0,8190.0,8050.0,8140.0,0,0.0,0.0
2022-12-15 10:00:00+09:00,8120.0,8250.0,8090.0,8160.0,57307,0.0,0.0
2022-12-15 11:00:00+09:00,8160.0,8230.0,8160.0,8190.0,21930,0.0,0.0
2022-12-15 12:00:00+09:00,8180.0,8190.0,8110.0,8160.0,14200,0.0,0.0
2022-12-15 13:00:00+09:00,8160.0,8170.0,8100.0,8130.0,16814,0.0,0.0
2022-12-15 14:00:00+09:00,8130.0,8170.0,8100.0,8140.0,21179,0.0,0.0
2022-12-16 09:00:00+09:00,8010.0,8100.0,7940.0,8040.0,0,0.0,0.0
2022-12-16 10:00:00+09:00,8040.0,8160.0,8020.0,8140.0,17800,0.0,0.0
2022-12-16 11:00:00+09:00,8140.0,8240.0,8140.0,8200.0,44383,0.0,0.0
2022-12-16 12:00:00+09:00,8200.0,8210.0,8130.0,8170.0,16498,0.0,0.0
2022-12-16 13:00:00+09:00,8160.0,8290.0,8150.0,8290.0,43918,0.0,0.0
2022-12-16 14:00:00+09:00,8290.0,8300.0,8160.0,8160.0,54502,0.0,0.0
2022-12-19 09:00:00+09:00,8220.0,8300.0,8100.0,8100.0,84703,0.0,0.0
2022-12-19 10:00:00+09:00,8100.0,8160.0,8050.0,8050.0,29974,0.0,0.0
2022-12-19 11:00:00+09:00,8050.0,8070.0,8010.0,8040.0,22303,0.0,0.0
2022-12-19 12:00:00+09:00,8030.0,8040.0,7960.0,7980.0,18394,0.0,0.0
2022-12-19 13:00:00+09:00,7980.0,7990.0,7920.0,7970.0,24364,0.0,0.0
2022-12-19 14:00:00+09:00,7960.0,7980.0,7900.0,7930.0,25087,0.0,0.0
2022-12-20 09:00:00+09:00,7870.0,8130.0,7800.0,8030.0,0,0.0,0.0
2022-12-20 10:00:00+09:00,8020.0,8200.0,7990.0,8160.0,38878,0.0,0.0
2022-12-20 11:00:00+09:00,8160.0,8220.0,8130.0,8190.0,68814,0.0,0.0
2022-12-20 12:00:00+09:00,8220.0,8230.0,8130.0,8140.0,43653,0.0,0.0
2022-12-20 13:00:00+09:00,8140.0,8140.0,8010.0,8120.0,34189,0.0,0.0
2022-12-20 14:00:00+09:00,8100.0,8140.0,8010.0,8040.0,31678,0.0,0.0
2022-12-21 09:00:00+09:00,8020.0,8240.0,8020.0,8190.0,0,0.0,0.0
2022-12-21 10:00:00+09:00,8200.0,8330.0,8190.0,8290.0,157172,0.0,0.0
2022-12-21 11:00:00+09:00,8290.0,8290.0,8210.0,8220.0,36307,0.0,0.0
2022-12-21 12:00:00+09:00,8220.0,8290.0,8200.0,8280.0,24105,0.0,0.0
2022-12-21 13:00:00+09:00,8290.0,8290.0,8220.0,8250.0,24894,0.0,0.0
2022-12-21 14:00:00+09:00,8260.0,8290.0,8230.0,8290.0,19729,0.0,0.0
2022-12-22 09:00:00+09:00,8330.0,8330.0,8150.0,8210.0,0,0.0,0.0
2022-12-22 10:00:00+09:00,8210.0,8230.0,8160.0,8170.0,23309,0.0,0.0
2022-12-22 11:00:00+09:00,8170.0,8180.0,8160.0,8170.0,15135,0.0,0.0
2022-12-22 12:00:00+09:00,8160.0,8170.0,8140.0,8150.0,18761,0.0,0.0
2022-12-22 13:00:00+09:00,8150.0,8180.0,8130.0,8150.0,13182,0.0,0.0
2022-12-22 14:00:00+09:00,8160.0,8200.0,8130.0,8160.0,19130,0.0,0.0
2022-12-23 09:00:00+09:00,8000.0,8100.0,7940.0,7950.0,0,0.0,0.0
2022-12-23 10:00:00+09:00,7940.0,7980.0,7930.0,7960.0,11807,0.0,0.0
2022-12-23 11:00:00+09:00,7950.0,7980.0,7940.0,7960.0,11703,0.0,0.0
2022-12-23 12:00:00+09:00,7970.0,8030.0,7960.0,8030.0,10732,0.0,0.0
2022-12-23 13:00:00+09:00,8020.0,8020.0,7970.0,8010.0,6537,0.0,0.0
2022-12-23 14:00:00+09:00,8010.0,8020.0,7970.0,8000.0,16434,0.0,0.0
2022-12-26 09:00:00+09:00,7910.0,8150.0,7910.0,8090.0,0,0.0,0.0
2022-12-26 10:00:00+09:00,8090.0,8130.0,8050.0,8120.0,12381,0.0,0.0
2022-12-26 11:00:00+09:00,8110.0,8130.0,8060.0,8110.0,12953,0.0,0.0
2022-12-26 12:00:00+09:00,8110.0,8110.0,8080.0,8080.0,3856,0.0,0.0
2022-12-26 13:00:00+09:00,8070.0,8090.0,8000.0,8000.0,21726,0.0,0.0
2022-12-26 14:00:00+09:00,8000.0,8050.0,7960.0,8050.0,19707,0.0,0.0
2022-12-27 09:00:00+09:00,8030.0,8110.0,7990.0,8070.0,0,0.0,0.0
2022-12-27 10:00:00+09:00,8070.0,8090.0,8030.0,8090.0,17351,0.0,0.0
2022-12-27 11:00:00+09:00,8080.0,8090.0,8040.0,8060.0,6739,0.0,0.0
2022-12-27 12:00:00+09:00,8060.0,8060.0,7990.0,8000.0,16457,0.0,0.0
2022-12-27 13:00:00+09:00,8010.0,8030.0,7960.0,7960.0,16561,0.0,0.0
2022-12-27 14:00:00+09:00,7960.0,8060.0,7960.0,8050.0,10677,0.0,0.0
2022-12-28 09:00:00+09:00,7990.0,8190.0,7990.0,8170.0,0,0.0,0.0
2022-12-28 10:00:00+09:00,8170.0,8230.0,8150.0,8220.0,38416,0.0,0.0
2022-12-28 11:00:00+09:00,8210.0,8220.0,8100.0,8160.0,21369,0.0,0.0
2022-12-28 12:00:00+09:00,8130.0,8190.0,8080.0,8170.0,19662,0.0,0.0
2022-12-28 13:00:00+09:00,8160.0,8170.0,8110.0,8120.0,6315,0.0,0.0
2022-12-28 14:00:00+09:00,8120.0,8240.0,8120.0,8190.0,45205,0.0,0.0
2022-12-29 09:00:00+09:00,8560.0,8560.0,8160.0,8200.0,0,0.0,0.0
2022-12-29 10:00:00+09:00,8190.0,8210.0,8100.0,8160.0,75188,0.0,0.0
2022-12-29 11:00:00+09:00,8140.0,8180.0,8130.0,8150.0,18020,0.0,0.0
2022-12-29 12:00:00+09:00,8140.0,8180.0,8120.0,8140.0,12551,0.0,0.0
2022-12-29 13:00:00+09:00,8140.0,8160.0,8120.0,8140.0,24443,0.0,0.0
2022-12-29 14:00:00+09:00,8150.0,8180.0,8130.0,8150.0,24780,0.0,0.0
2023-01-02 10:00:00+09:00,8150.0,8250.0,7900.0,7910.0,79383,0.0,0.0
2023-01-02 11:00:00+09:00,7910.0,7910.0,7810.0,7850.0,55349,0.0,0.0
2023-01-02 12:00:00+09:00,7850.0,7870.0,7770.0,7770.0,39464,0.0,0.0
2023-01-02 13:00:00+09:00,7770.0,7840.0,7770.0,7780.0,16837,0.0,0.0
2023-01-02 14:00:00+09:00,7780.0,7800.0,7720.0,7740.0,40321,0.0,0.0
2023-01-03 09:00:00+09:00,7710.0,7720.0,7390.0,7390.0,0,0.0,0.0
2023-01-03 10:00:00+09:00,7390.0,7440.0,7280.0,7380.0,59390,0.0,0.0
2023-01-03 11:00:00+09:00,7370.0,7450.0,7330.0,7420.0,26120,0.0,0.0
2023-01-03 12:00:00+09:00,7420.0,7500.0,7400.0,7470.0,7412,0.0,0.0
2023-01-03 13:00:00+09:00,7490.0,7550.0,7450.0,7460.0,28374,0.0,0.0
2023-01-03 14:00:00+09:00,7460.0,7550.0,7420.0,7540.0,14249,0.0,0.0
2023-01-04 09:00:00+09:00,7370.0,7710.0,7370.0,7510.0,0,0.0,0.0
2023-01-04 10:00:00+09:00,7520.0,7680.0,7500.0,7680.0,23083,0.0,0.0
2023-01-04 11:00:00+09:00,7680.0,7730.0,7650.0,7710.0,33205,0.0,0.0
2023-01-04 12:00:00+09:00,7700.0,7760.0,7670.0,7740.0,13672,0.0,0.0
2023-01-04 13:00:00+09:00,7740.0,7810.0,7730.0,7810.0,19435,0.0,0.0
2023-01-04 14:00:00+09:00,7790.0,7820.0,7760.0,7800.0,13622,0.0,0.0
2023-01-05 09:00:00+09:00,7890.0,7940.0,7790.0,7940.0,0,0.0,0.0
2023-01-05 10:00:00+09:00,7940.0,8110.0,7900.0,8010.0,59373,0.0,0.0
2023-01-05 11:00:00+09:00,8040.0,8100.0,7970.0,8020.0,18286,0.0,0.0
2023-01-05 12:00:00+09:00,8020.0,8050.0,7960.0,8030.0,18558,0.0,0.0
2023-01-05 13:00:00+09:00,8030.0,8070.0,7980.0,8010.0,15080,0.0,0.0
2023-01-05 14:00:00+09:00,8010.0,8050.0,7990.0,7990.0,10419,0.0,0.0
2023-01-06 09:00:00+09:00,8010.0,8070.0,7920.0,7960.0,0,0.0,0.0
2023-01-06 10:00:00+09:00,7960.0,8080.0,7930.0,8080.0,20577,0.0,0.0
2023-01-06 11:00:00+09:00,8070.0,8080.0,8030.0,8070.0,7246,0.0,0.0
2023-01-06 12:00:00+09:00,8070.0,8240.0,8040.0,8220.0,61222,0.0,0.0
2023-01-06 13:00:00+09:00,8220.0,8270.0,8120.0,8210.0,108572,0.0,0.0
2023-01-06 14:00:00+09:00,8210.0,8220.0,8070.0,8130.0,30789,0.0,0.0
2023-01-09 09:00:00+09:00,8120.0,8280.0,8120.0,8200.0,0,0.0,0.0
2023-01-09 10:00:00+09:00,8200.0,8220.0,8140.0,8170.0,21015,0.0,0.0
2023-01-09 11:00:00+09:00,8170.0,8170.0,8120.0,8150.0,16330,0.0,0.0
2023-01-09 12:00:00+09:00,8150.0,8160.0,8120.0,8140.0,7963,0.0,0.0
2023-01-09 13:00:00+09:00,8140.0,8150.0,8130.0,8140.0,4325,0.0,0.0
2023-01-09 14:00:00+09:00,8150.0,8150.0,8100.0,8110.0,10314,0.0,0.0
2023-01-10 09:00:00+09:00,8120.0,8170.0,8060.0,8120.0,0,0.0,0.0
2023-01-10 10:00:00+09:00,8110.0,8170.0,8090.0,8140.0,13413,0.0,0.0
2023-01-10 11:00:00+09:00,8140.0,8170.0,8130.0,8130.0,10535,0.0,0.0
2023-01-10 12:00:00+09:00,8130.0,8150.0,8110.0,8140.0,7425,0.0,0.0
2023-01-10 13:00:00+09:00,8130.0,8140.0,8080.0,8080.0,6097,0.0,0.0
2023-01-10 14:00:00+09:00,8080.0,8110.0,8070.0,8090.0,6426,0.0,0.0
2023-01-11 09:00:00+09:00,8210.0,8210.0,8110.0,8170.0,0,0.0,0.0
2023-01-11 10:00:00+09:00,8170.0,8200.0,8150.0,8190.0,9933,0.0,0.0
2023-01-11 11:00:00+09:00,8180.0,8210.0,8170.0,8200.0,10399,0.0,0.0
2023-01-11 12:00:00+09:00,8200.0,8200.0,8170.0,8170.0,4248,0.0,0.0
2023-01-11 13:00:00+09:00,8180.0,8210.0,8150.0,8170.0,13228,0.0,0.0
2023-01-11 14:00:00+09:00,8170.0,8180.0,8150.0,8180.0,6826,0.0,0.0
2023-01-12 09:00:00+09:00,8200.0,8200.0,8070.0,8090.0,0,0.0,0.0
2023-01-12 10:00:00+09:00,8090.0,8130.0,8090.0,8120.0,7527,0.0,0.0
2023-01-12 11:00:00+09:00,8100.0,8120.0,8100.0,8120.0,1888,0.0,0.0
2023-01-12 12:00:00+09:00,8100.0,8120.0,8070.0,8120.0,8610,0.0,0.0
2023-01-12 13:00:00+09:00,8110.0,8140.0,8030.0,8100.0,16896,0.0,0.0
2023-01-12 14:00:00+09:00,8090.0,8160.0,8090.0,8130.0,8586,0.0,0.0
2023-01-13 09:00:00+09:00,8110.0,8190.0,8080.0,8130.0,0,0.0,0.0
2023-01-13 10:00:00+09:00,8130.0,8160.0,8090.0,8140.0,7681,0.0,0.0
2023-01-13 11:00:00+09:00,8140.0,8140.0,8090.0,8100.0,2677,0.0,0.0
2023-01-13 12:00:00+09:00,8110.0,8120.0,8080.0,8090.0,4772,0.0,0.0
2023-01-13 13:00:00+09:00,8090.0,8100.0,8070.0,8090.0,3050,0.0,0.0
2023-01-13 14:00:00+09:00,8090.0,8100.0,8050.0,8070.0,9536,0.0,0.0
2023-01-16 09:00:00+09:00,8060.0,8060.0,7910.0,7980.0,0,0.0,0.0
2023-01-16 10:00:00+09:00,7960.0,7960.0,7920.0,7930.0,7217,0.0,0.0
2023-01-16 11:00:00+09:00,7930.0,7950.0,7920.0,7940.0,6417,0.0,0.0
2023-01-16 12:00:00+09:00,7940.0,7980.0,7930.0,7960.0,5699,0.0,0.0
2023-01-16 13:00:00+09:00,7950.0,7970.0,7900.0,7920.0,17685,0.0,0.0
2023-01-16 14:00:00+09:00,7920.0,7930.0,7870.0,7900.0,12576,0.0,0.0
2023-01-17 09:00:00+09:00,7910.0,7920.0,7770.0,7830.0,0,0.0,0.0
2023-01-17 10:00:00+09:00,7820.0,7830.0,7750.0,7800.0,25412,0.0,0.0
2023-01-17 11:00:00+09:00,7780.0,7820.0,7770.0,7820.0,10831,0.0,0.0
2023-01-17 12:00:00+09:00,7820.0,7860.0,7790.0,7830.0,5594,0.0,0.0
2023-01-17 13:00:00+09:00,7830.0,7870.0,7800.0,7860.0,4258,0.0,0.0
2023-01-17 14:00:00+09:00,7860.0,7870.0,7830.0,7830.0,6092,0.0,0.0
2023-01-18 09:00:00+09:00,7900.0,7900.0,7780.0,7790.0,0,0.0,0.0
2023-01-18 10:00:00+09:00,7790.0,7850.0,7760.0,7780.0,9270,0.0,0.0
2023-01-18 11:00:00+09:00,7810.0,8070.0,7760.0,7840.0,47114,0.0,0.0
2023-01-18 12:00:00+09:00,7840.0,7870.0,7760.0,7800.0,10207,0.0,0.0
2023-01-18 13:00:00+09:00,7800.0,7810.0,7760.0,7780.0,5673,0.0,0.0
2023-01-18 14:00:00+09:00,7780.0,7810.0,7760.0,7770.0,12621,0.0,0.0
2023-01-19 09:00:00+09:00,7770.0,7870.0,7700.0,7800.0,0,0.0,0.0
2023-01-19 10:00:00+09:00,7790.0,8030.0,7790.0,7970.0,49730,0.0,0.0
2023-01-19 11:00:00+09:00,7990.0,8000.0,7870.0,7890.0,20246,0.0,0.0
2023-01-19 12:00:00+09:00,7890.0,7930.0,7870.0,7900.0,7572,0.0,0.0
2023-01-19 13:00:00+09:00,7900.0,7900.0,7860.0,7880.0,2925,0.0,0.0
2023-01-19 14:00:00+09:00,7860.0,7900.0,7820.0,7860.0,11242,0.0,0.0
2023-01-20 09:00:00+09:00,7900.0,7960.0,7850.0,7900.0,0,0.0,0.0
2023-01-20 10:00:00+09:00,7890.0,7900.0,7850.0,7870.0,6703,0.0,0.0
2023-01-20 11:00:00+09:00,7890.0,7890.0,7850.0,7890.0,3730,0.0,0.0
2023-01-20 12:00:00+09:00,7890.0,7920.0,7860.0,7920.0,3698,0.0,0.0
2023-01-20 13:00:00+09:00,7890.0,7910.0,7860.0,7860.0,3840,0.0,0.0
2023-01-20 14:00:00+09:00,7860.0,7870.0,7840.0,7860.0,8701,0.0,0.0
2023-01-25 09:00:00+09:00,7810.0,7890.0,7810.0,7880.0,0,0.0,0.0
2023-01-25 10:00:00+09:00,7880.0,7900.0,7830.0,7870.0,9065,0.0,0.0
2023-01-25 11:00:00+09:00,7900.0,7910.0,7870.0,7910.0,7854,0.0,0.0
2023-01-25 12:00:00+09:00,7910.0,7910.0,7870.0,7890.0,4927,0.0,0.0
2023-01-25 13:00:00+09:00,7870.0,7900.0,7870.0,7900.0,3572,0.0,0.0
2023-01-25 14:00:00+09:00,7900.0,7900.0,7820.0,7870.0,10615,0.0,0.0
2023-01-26 09:00:00+09:00,7820.0,7960.0,7810.0,7920.0,18097,0.0,0.0
2023-01-26 10:00:00+09:00,7930.0,7960.0,7900.0,7960.0,12617,0.0,0.0
2023-01-26 11:00:00+09:00,7960.0,8010.0,7930.0,8000.0,19781,0.0,0.0
2023-01-26 12:00:00+09:00,8010.0,8050.0,7990.0,8040.0,14890,0.0,0.0
2023-01-26 13:00:00+09:00,8040.0,8070.0,7970.0,7970.0,19602,0.0,0.0
2023-01-26 14:00:00+09:00,7970.0,8040.0,7950.0,8010.0,10776,0.0,0.0
2023-01-27 09:00:00+09:00,8010.0,8080.0,7970.0,8000.0,14353,0.0,0.0
2023-01-27 10:00:00+09:00,7990.0,8010.0,7980.0,7990.0,4707,0.0,0.0
2023-01-27 11:00:00+09:00,7990.0,8010.0,7970.0,7990.0,4753,0.0,0.0
2023-01-27 12:00:00+09:00,7990.0,8010.0,7970.0,7970.0,5263,0.0,0.0
2023-01-27 13:00:00+09:00,8000.0,8010.0,7950.0,8010.0,12700,0.0,0.0
2023-01-27 14:00:00+09:00,8010.0,8020.0,7960.0,8000.0,17021,0.0,0.0
2023-01-30 09:00:00+09:00,8000.0,8070.0,7990.0,8020.0,0,0.0,0.0
2023-01-30 10:00:00+09:00,8020.0,8040.0,7980.0,8010.0,11488,0.0,0.0
2023-01-30 11:00:00+09:00,8000.0,8010.0,7970.0,7990.0,2996,0.0,0.0
2023-01-30 12:00:00+09:00,7970.0,7990.0,7950.0,7980.0,4779,0.0,0.0
2023-01-30 13:00:00+09:00,7980.0,7980.0,7930.0,7950.0,6623,0.0,0.0
2023-01-30 14:00:00+09:00,7950.0,7970.0,7920.0,7960.0,7072,0.0,0.0
2023-01-31 09:00:00+09:00,7920.0,7970.0,7870.0,7970.0,0,0.0,0.0
2023-01-31 10:00:00+09:00,7950.0,8110.0,7950.0,8050.0,41512,0.0,0.0
2023-01-31 11:00:00+09:00,8050.0,8100.0,8020.0,8050.0,7469,0.0,0.0
2023-01-31 12:00:00+09:00,8050.0,8050.0,8010.0,8010.0,6635,0.0,0.0
2023-01-31 13:00:00+09:00,8010.0,8040.0,7970.0,7980.0,8998,0.0,0.0
2023-01-31 14:00:00+09:00,7970.0,8010.0,7970.0,8000.0,7384,0.0,0.0
2023-02-01 09:00:00+09:00,7970.0,8060.0,7930.0,7950.0,14500,0.0,0.0
2023-02-01 10:00:00+09:00,7950.0,8030.0,7910.0,8000.0,19710,0.0,0.0
2023-02-01 11:00:00+09:00,8000.0,8160.0,8000.0,8140.0,44958,0.0,0.0
2023-02-01 12:00:00+09:00,8140.0,8140.0,8070.0,8110.0,12409,0.0,0.0
2023-02-01 13:00:00+09:00,8120.0,8170.0,8110.0,8140.0,31790,0.0,0.0
2023-02-01 14:00:00+09:00,8150.0,8230.0,8110.0,8200.0,90278,0.0,0.0
2023-02-02 09:00:00+09:00,8200.0,8250.0,8130.0,8200.0,0,0.0,0.0
2023-02-02 10:00:00+09:00,8190.0,8200.0,8150.0,8160.0,10895,0.0,0.0
2023-02-02 11:00:00+09:00,8160.0,8180.0,8140.0,8170.0,11353,0.0,0.0
2023-02-02 12:00:00+09:00,8170.0,8230.0,8160.0,8210.0,11768,0.0,0.0
2023-02-02 13:00:00+09:00,8210.0,8240.0,8180.0,8210.0,23184,0.0,0.0
2023-02-02 14:00:00+09:00,8210.0,8330.0,8200.0,8270.0,63990,0.0,0.0
2023-02-03 09:00:00+09:00,8250.0,8310.0,8240.0,8260.0,0,0.0,0.0
2023-02-03 10:00:00+09:00,8260.0,8260.0,8200.0,8220.0,13470,0.0,0.0
2023-02-03 11:00:00+09:00,8210.0,8240.0,8190.0,8240.0,9053,0.0,0.0
2023-02-03 12:00:00+09:00,8240.0,8260.0,8240.0,8240.0,6807,0.0,0.0
2023-02-03 13:00:00+09:00,8250.0,8260.0,8220.0,8250.0,3303,0.0,0.0
2023-02-03 14:00:00+09:00,8230.0,8240.0,8210.0,8210.0,6629,0.0,0.0
2023-02-06 09:00:00+09:00,8240.0,8240.0,8120.0,8150.0,0,0.0,0.0
2023-02-06 10:00:00+09:00,8140.0,8160.0,8100.0,8140.0,12099,0.0,0.0
2023-02-06 11:00:00+09:00,8140.0,8160.0,8110.0,8150.0,3862,0.0,0.0
2023-02-06 12:00:00+09:00,8110.0,8150.0,8100.0,8130.0,5300,0.0,0.0
2023-02-06 13:00:00+09:00,8130.0,8150.0,8130.0,8130.0,3711,0.0,0.0
2023-02-06 14:00:00+09:00,8140.0,8150.0,8070.0,8100.0,19510,0.0,0.0
2023-02-07 09:00:00+09:00,8130.0,8220.0,8100.0,8200.0,20755,0.0,0.0
2023-02-07 10:00:00+09:00,8210.0,8230.0,8160.0,8200.0,12257,0.0,0.0
2023-02-07 11:00:00+09:00,8200.0,8210.0,8190.0,8200.0,3361,0.0,0.0
2023-02-07 12:00:00+09:00,8190.0,8210.0,8160.0,8210.0,5840,0.0,0.0
2023-02-07 13:00:00+09:00,8210.0,8220.0,8150.0,8150.0,8146,0.0,0.0
2023-02-07 14:00:00+09:00,8150.0,8170.0,8090.0,8140.0,14091,0.0,0.0
2023-02-08 09:00:00+09:00,8190.0,8210.0,8100.0,8180.0,18379,0.0,0.0
2023-02-08 10:00:00+09:00,8180.0,8240.0,8180.0,8220.0,11294,0.0,0.0
2023-02-08 11:00:00+09:00,8220.0,8290.0,8210.0,8270.0,24016,0.0,0.0
2023-02-08 12:00:00+09:00,8270.0,8300.0,8260.0,8280.0,13578,0.0,0.0
2023-02-08 13:00:00+09:00,8280.0,8280.0,8240.0,8250.0,9026,0.0,0.0
2023-02-08 14:00:00+09:00,8250.0,8260.0,8220.0,8230.0,12490,0.0,0.0
2023-02-09 09:00:00+09:00,8230.0,8300.0,8150.0,8190.0,18958,0.0,0.0
2023-02-09 10:00:00+09:00,8180.0,8200.0,8130.0,8190.0,12333,0.0,0.0
2023-02-09 11:00:00+09:00,8190.0,8190.0,8130.0,8160.0,8072,0.0,0.0
2023-02-09 12:00:00+09:00,8150.0,8160.0,8120.0,8140.0,8617,0.0,0.0
2023-02-09 13:00:00+09:00,8150.0,8160.0,8120.0,8160.0,6260,0.0,0.0
2023-02-09 14:00:00+09:00,8130.0,8150.0,8100.0,8140.0,14748,0.0,0.0
2023-02-10 09:00:00+09:00,8080.0,8120.0,7950.0,7980.0,44146,0.0,0.0
2023-02-10 10:00:00+09:00,7970.0,8020.0,7940.0,7980.0,13275,0.0,0.0
2023-02-10 11:00:00+09:00,7990.0,7990.0,7960.0,7990.0,2201,0.0,0.0
2023-02-10 12:00:00+09:00,7990.0,8010.0,7900.0,7900.0,20495,0.0,0.0
2023-02-10 13:00:00+09:00,7940.0,8000.0,7900.0,8000.0,8472,0.0,0.0
2023-02-10 14:00:00+09:00,7990.0,7990.0,7930.0,7950.0,9447,0.0,0.0
2023-02-13 09:00:00+09:00,7950.0,8000.0,7890.0,7960.0,0,0.0,0.0
2023-02-13 10:00:00+09:00,7970.0,7970.0,7870.0,7880.0,25540,0.0,0.0
2023-02-13 11:00:00+09:00,7900.0,7950.0,7900.0,7940.0,4494,0.0,0.0
2023-02-13 12:00:00+09:00,7930.0,7940.0,7910.0,7920.0,2652,0.0,0.0
2023-02-13 13:00:00+09:00,7920.0,7940.0,7870.0,7940.0,8165,0.0,0.0
2023-02-13 14:00:00+09:00,7920.0,7920.0,7860.0,7890.0,7483,0.0,0.0
2023-02-14 09:00:00+09:00,7870.0,7980.0,7800.0,7820.0,0,0.0,0.0
2023-02-14 10:00:00+09:00,7800.0,7860.0,7720.0,7780.0,36102,0.0,0.0
2023-02-14 11:00:00+09:00,7780.0,8100.0,7760.0,8100.0,70539,0.0,0.0
2023-02-14 12:00:00+09:00,8090.0,8170.0,8050.0,8110.0,35921,0.0,0.0
2023-02-14 13:00:00+09:00,8120.0,8190.0,8100.0,8180.0,19300,0.0,0.0
2023-02-14 14:00:00+09:00,8170.0,8300.0,8160.0,8280.0,76623,0.0,0.0
2023-02-15 09:00:00+09:00,8250.0,8300.0,8130.0,8140.0,50452,0.0,0.0
2023-02-15 10:00:00+09:00,8140.0,8190.0,8140.0,8160.0,7833,0.0,0.0
2023-02-15 11:00:00+09:00,8160.0,8170.0,8100.0,8130.0,13386,0.0,0.0
2023-02-15 12:00:00+09:00,8130.0,8360.0,8120.0,8350.0,55751,0.0,0.0
2023-02-15 13:00:00+09:00,8350.0,8400.0,8280.0,8390.0,68068,0.0,0.0
2023-02-15 14:00:00+09:00,8390.0,8400.0,8110.0,8160.0,84191,0.0,0.0
2023-02-16 09:00:00+09:00,8240.0,8350.0,8240.0,8300.0,27302,0.0,0.0
2023-02-16 10:00:00+09:00,8300.0,8330.0,8220.0,8250.0,25295,0.0,0.0
2023-02-16 11:00:00+09:00,8240.0,8280.0,8240.0,8270.0,2603,0.0,0.0
2023-02-16 12:00:00+09:00,8260.0,8280.0,8250.0,8280.0,2012,0.0,0.0
2023-02-16 13:00:00+09:00,8270.0,8270.0,8240.0,8250.0,5450,0.0,0.0
2023-02-16 14:00:00+09:00,8250.0,8310.0,8240.0,8280.0,12501,0.0,0.0
2023-02-17 09:00:00+09:00,8220.0,8330.0,8210.0,8320.0,19800,0.0,0.0
2023-02-17 10:00:00+09:00,8320.0,8360.0,8280.0,8300.0,15692,0.0,0.0
2023-02-17 11:00:00+09:00,8300.0,8310.0,8280.0,8280.0,2058,0.0,0.0
2023-02-17 12:00:00+09:00,8290.0,8290.0,8260.0,8260.0,7706,0.0,0.0
2023-02-17 13:00:00+09:00,8270.0,8280.0,8240.0,8270.0,10914,0.0,0.0
2023-02-17 14:00:00+09:00,8270.0,8270.0,8210.0,8260.0,12573,0.0,0.0
2023-02-20 09:00:00+09:00,8320.0,8610.0,8260.0,8540.0,84225,0.0,0.0
2023-02-20 10:00:00+09:00,8540.0,8540.0,8450.0,8500.0,34943,0.0,0.0
2023-02-20 11:00:00+09:00,8500.0,8520.0,8470.0,8520.0,12423,0.0,0.0
2023-02-20 12:00:00+09:00,8520.0,8570.0,8500.0,8530.0,15847,0.0,0.0
2023-02-20 13:00:00+09:00,8530.0,8550.0,8460.0,8460.0,18285,0.0,0.0
2023-02-20 14:00:00+09:00,8460.0,8500.0,8440.0,8450.0,16268,0.0,0.0
2023-02-21 09:00:00+09:00,8550.0,8570.0,8300.0,8350.0,46462,0.0,0.0
2023-02-21 10:00:00+09:00,8320.0,8340.0,8210.0,8280.0,23399,0.0,0.0
2023-02-21 11:00:00+09:00,8280.0,8330.0,8200.0,8220.0,23006,0.0,0.0
2023-02-21 12:00:00+09:00,8220.0,8250.0,8170.0,8230.0,22523,0.0,0.0
2023-02-21 13:00:00+09:00,8240.0,8270.0,8190.0,8200.0,19270,0.0,0.0
2023-02-21 14:00:00+09:00,8200.0,8240.0,8200.0,8220.0,9816,0.0,0.0
2023-02-22 09:00:00+09:00,8240.0,8240.0,8160.0,8190.0,0,0.0,0.0
2023-02-22 10:00:00+09:00,8180.0,8230.0,8120.0,8130.0,35282,0.0,0.0
2023-02-22 11:00:00+09:00,8130.0,8150.0,8070.0,8070.0,25384,0.0,0.0
2023-02-22 12:00:00+09:00,8080.0,8150.0,8080.0,8130.0,8229,0.0,0.0
2023-02-22 13:00:00+09:00,8130.0,8150.0,8080.0,8090.0,13297,0.0,0.0
2023-02-22 14:00:00+09:00,8080.0,8170.0,8040.0,8160.0,26561,0.0,0.0
2023-02-23 09:00:00+09:00,8110.0,8190.0,8040.0,8060.0,0,0.0,0.0
2023-02-23 10:00:00+09:00,8080.0,8140.0,8050.0,8120.0,5745,0.0,0.0
2023-02-23 11:00:00+09:00,8090.0,8120.0,8070.0,8120.0,3006,0.0,0.0
2023-02-23 12:00:00+09:00,8100.0,8120.0,8070.0,8080.0,5792,0.0,0.0
2023-02-23 13:00:00+09:00,8080.0,8100.0,8060.0,8070.0,7163,0.0,0.0
2023-02-23 14:00:00+09:00,8100.0,8100.0,8050.0,8090.0,8397,0.0,0.0
2023-02-24 09:00:00+09:00,8080.0,8150.0,8060.0,8110.0,0,0.0,0.0
2023-02-24 10:00:00+09:00,8120.0,8350.0,8110.0,8330.0,59215,0.0,0.0
2023-02-24 11:00:00+09:00,8330.0,8400.0,8300.0,8330.0,40507,0.0,0.0
2023-02-24 12:00:00+09:00,8320.0,8420.0,8300.0,8370.0,24409,0.0,0.0
2023-02-24 13:00:00+09:00,8360.0,8380.0,8290.0,8310.0,21611,0.0,0.0
2023-02-24 14:00:00+09:00,8330.0,8420.0,8280.0,8400.0,22687,0.0,0.0
2023-02-27 09:00:00+09:00,8360.0,8410.0,8290.0,8320.0,0,0.0,0.0
2023-02-27 10:00:00+09:00,8310.0,8320.0,8260.0,8320.0,11939,0.0,0.0
2023-02-27 11:00:00+09:00,8300.0,8310.0,8280.0,8280.0,3988,0.0,0.0
2023-02-27 12:00:00+09:00,8290.0,8300.0,8280.0,8290.0,3722,0.0,0.0
2023-02-27 13:00:00+09:00,8290.0,8320.0,8240.0,8260.0,10969,0.0,0.0
2023-02-27 14:00:00+09:00,8250.0,8250.0,8150.0,8210.0,26253,0.0,0.0
2023-02-28 09:00:00+09:00,8170.0,8240.0,8150.0,8200.0,0,0.0,0.0
2023-02-28 10:00:00+09:00,8200.0,8250.0,8190.0,8250.0,9813,0.0,0.0
2023-02-28 11:00:00+09:00,8250.0,8260.0,8220.0,8220.0,5664,0.0,0.0
2023-02-28 12:00:00+09:00,8220.0,8300.0,8210.0,8290.0,5922,0.0,0.0
2023-02-28 13:00:00+09:00,8290.0,8340.0,8270.0,8290.0,8502,0.0,0.0
2023-02-28 14:00:00+09:00,8280.0,8290.0,8240.0,8290.0,5817,0.0,0.0
2023-03-02 09:00:00+09:00,8310.0,8370.0,8200.0,8200.0,0,0.0,0.0
2023-03-02 10:00:00+09:00,8200.0,8290.0,8160.0,8180.0,20990,0.0,0.0
2023-03-02 11:00:00+09:00,8180.0,8240.0,8160.0,8170.0,12660,0.0,0.0
2023-03-02 12:00:00+09:00,8160.0,8210.0,8160.0,8210.0,3640,0.0,0.0
2023-03-02 13:00:00+09:00,8200.0,8210.0,8160.0,8180.0,8424,0.0,0.0
2023-03-02 14:00:00+09:00,8180.0,8210.0,8180.0,8190.0,6513,0.0,0.0
2023-03-03 09:00:00+09:00,8200.0,8310.0,8180.0,8220.0,0,0.0,0.0
2023-03-03 10:00:00+09:00,8220.0,8250.0,8140.0,8140.0,19961,0.0,0.0
2023-03-03 11:00:00+09:00,8180.0,8220.0,8140.0,8180.0,7536,0.0,0.0
2023-03-03 12:00:00+09:00,8190.0,8540.0,8190.0,8500.0,84527,0.0,0.0
2023-03-03 13:00:00+09:00,8500.0,8870.0,8440.0,8490.0,427619,0.0,0.0
2023-03-03 14:00:00+09:00,8490.0,8620.0,8410.0,8580.0,118329,0.0,0.0
2023-03-06 09:00:00+09:00,8570.0,8580.0,8370.0,8390.0,0,0.0,0.0
2023-03-06 10:00:00+09:00,8390.0,8460.0,8370.0,8430.0,14466,0.0,0.0
2023-03-06 11:00:00+09:00,8420.0,8450.0,8410.0,8410.0,7031,0.0,0.0
2023-03-06 12:00:00+09:00,8420.0,8440.0,8380.0,8400.0,10035,0.0,0.0
2023-03-06 13:00:00+09:00,8400.0,8400.0,8360.0,8380.0,17665,0.0,0.0
2023-03-06 14:00:00+09:00,8370.0,8600.0,8340.0,8560.0,61924,0.0,0.0
2023-03-07 09:00:00+09:00,8620.0,8940.0,8520.0,8910.0,222950,0.0,0.0
2023-03-07 10:00:00+09:00,8900.0,9140.0,8900.0,9050.0,282473,0.0,0.0
2023-03-07 11:00:00+09:00,9070.0,9120.0,9010.0,9010.0,53801,0.0,0.0
2023-03-07 12:00:00+09:00,9010.0,9110.0,8980.0,9080.0,35616,0.0,0.0
2023-03-07 13:00:00+09:00,9080.0,9300.0,9030.0,9180.0,120878,0.0,0.0
2023-03-07 14:00:00+09:00,9150.0,9240.0,9060.0,9120.0,81496,0.0,0.0
2023-03-08 09:00:00+09:00,9150.0,9310.0,8960.0,8980.0,0,0.0,0.0
2023-03-08 10:00:00+09:00,9000.0,9050.0,8910.0,8970.0,41915,0.0,0.0
2023-03-08 11:00:00+09:00,8970.0,9100.0,8870.0,8930.0,25775,0.0,0.0
2023-03-08 12:00:00+09:00,8920.0,9000.0,8830.0,8900.0,21178,0.0,0.0
2023-03-08 13:00:00+09:00,8870.0,8950.0,8840.0,8890.0,18366,0.0,0.0
2023-03-08 14:00:00+09:00,8890.0,8930.0,8840.0,8890.0,24801,0.0,0.0
2023-03-09 09:00:00+09:00,9190.0,9320.0,8870.0,9060.0,0,0.0,0.0
2023-03-09 10:00:00+09:00,9070.0,9170.0,8960.0,8960.0,33699,0.0,0.0
2023-03-09 11:00:00+09:00,8970.0,9020.0,8950.0,8960.0,11862,0.0,0.0
2023-03-09 12:00:00+09:00,8960.0,8990.0,8930.0,8950.0,11153,0.0,0.0
2023-03-09 13:00:00+09:00,8940.0,9120.0,8930.0,9060.0,15049,0.0,0.0
2023-03-09 14:00:00+09:00,9060.0,9080.0,9000.0,9080.0,16463,0.0,0.0
2023-03-10 09:00:00+09:00,8970.0,9010.0,8660.0,8720.0,0,0.0,0.0
2023-03-10 10:00:00+09:00,8700.0,8730.0,8640.0,8720.0,40684,0.0,0.0
2023-03-10 11:00:00+09:00,8710.0,8730.0,8630.0,8660.0,15564,0.0,0.0
2023-03-10 12:00:00+09:00,8660.0,8660.0,8530.0,8540.0,22498,0.0,0.0
2023-03-10 13:00:00+09:00,8540.0,8580.0,8470.0,8480.0,23999,0.0,0.0
2023-03-10 14:00:00+09:00,8470.0,8530.0,8410.0,8470.0,32465,0.0,0.0
2023-03-13 09:00:00+09:00,8320.0,8420.0,8050.0,8240.0,0,0.0,0.0
2023-03-13 10:00:00+09:00,8250.0,8370.0,8190.0,8280.0,26786,0.0,0.0
2023-03-13 11:00:00+09:00,8280.0,8330.0,8260.0,8330.0,6842,0.0,0.0
2023-03-13 12:00:00+09:00,8320.0,8350.0,8200.0,8260.0,10797,0.0,0.0
2023-03-13 13:00:00+09:00,8260.0,8280.0,8150.0,8150.0,26208,0.0,0.0
2023-03-13 14:00:00+09:00,8180.0,8220.0,8170.0,8210.0,8578,0.0,0.0
2023-03-14 09:00:00+09:00,8160.0,8450.0,8020.0,8020.0,0,0.0,0.0
2023-03-14 10:00:00+09:00,8020.0,8130.0,7990.0,8080.0,27739,0.0,0.0
2023-03-14 11:00:00+09:00,8080.0,8120.0,8060.0,8080.0,6989,0.0,0.0
2023-03-14 12:00:00+09:00,8080.0,8080.0,7990.0,7990.0,18976,0.0,0.0
2023-03-14 13:00:00+09:00,8000.0,8040.0,7930.0,7930.0,15537,0.0,0.0
2023-03-14 14:00:00+09:00,7940.0,8010.0,7900.0,7930.0,15735,0.0,0.0
2023-03-15 09:00:00+09:00,8140.0,8290.0,8080.0,8270.0,0,0.0,0.0
2023-03-15 10:00:00+09:00,8280.0,8290.0,8200.0,8240.0,20869,0.0,0.0
2023-03-15 11:00:00+09:00,8230.0,8300.0,8190.0,8240.0,11231,0.0,0.0
2023-03-15 12:00:00+09:00,8230.0,8280.0,8180.0,8280.0,10065,0.0,0.0
2023-03-15 13:00:00+09:00,8280.0,8300.0,8260.0,8290.0,9467,0.0,0.0
2023-03-15 14:00:00+09:00,8280.0,8290.0,8140.0,8180.0,16726,0.0,0.0
2023-03-16 09:00:00+09:00,8220.0,8220.0,7870.0,8060.0,0,0.0,0.0
2023-03-16 10:00:00+09:00,8060.0,8140.0,7980.0,7980.0,24489,0.0,0.0
2023-03-16 11:00:00+09:00,7980.0,8020.0,7880.0,7910.0,47317,0.0,0.0
2023-03-16 12:00:00+09:00,7900.0,7940.0,7760.0,7800.0,68867,0.0,0.0
2023-03-16 13:00:00+09:00,7800.0,7860.0,7770.0,7780.0,27749,0.0,0.0
2023-03-16 14:00:00+09:00,7780.0,7820.0,7760.0,7820.0,22362,0.0,0.0
2023-03-17 09:00:00+09:00,7870.0,8000.0,7800.0,7990.0,0,0.0,0.0
2023-03-17 10:00:00+09:00,7990.0,8230.0,7940.0,8170.0,48003,0.0,0.0
2023-03-17 11:00:00+09:00,8180.0,8390.0,8170.0,8220.0,41668,0.0,0.0
2023-03-17 12:00:00+09:00,8280.0,8280.0,8170.0,8220.0,6519,0.0,0.0
2023-03-17 13:00:00+09:00,8230.0,8320.0,8190.0,8320.0,14295,0.0,0.0
2023-03-17 14:00:00+09:00,8320.0,8840.0,8300.0,8490.0,538560,0.0,0.0
2023-03-20 09:00:00+09:00,8340.0,8720.0,8320.0,8400.0,0,0.0,0.0
2023-03-20 10:00:00+09:00,8430.0,8580.0,8380.0,8450.0,16723,0.0,0.0
2023-03-20 11:00:00+09:00,8490.0,8510.0,8400.0,8430.0,11662,0.0,0.0
2023-03-20 12:00:00+09:00,8430.0,8470.0,8410.0,8450.0,7451,0.0,0.0
2023-03-20 13:00:00+09:00,8450.0,8450.0,8400.0,8430.0,4922,0.0,0.0
2023-03-20 14:00:00+09:00,8420.0,8480.0,8400.0,8470.0,6863,0.0,0.0
2023-03-21 09:00:00+09:00,8490.0,8590.0,8400.0,8420.0,18801,0.0,0.0
2023-03-21 10:00:00+09:00,8430.0,8450.0,8400.0,8440.0,7116,0.0,0.0
2023-03-21 11:00:00+09:00,8430.0,8440.0,8410.0,8420.0,2162,0.0,0.0
2023-03-21 12:00:00+09:00,8410.0,8440.0,8390.0,8400.0,11339,0.0,0.0
2023-03-21 13:00:00+09:00,8400.0,8440.0,8400.0,8440.0,768,0.0,0.0
2023-03-21 14:00:00+09:00,8440.0,8480.0,8420.0,8440.0,6186,0.0,0.0
2023-03-22 09:00:00+09:00,8430.0,8490.0,8220.0,8300.0,0,0.0,0.0
2023-03-22 10:00:00+09:00,8280.0,8330.0,8220.0,8260.0,18561,0.0,0.0
2023-03-22 11:00:00+09:00,8250.0,8320.0,8230.0,8290.0,8665,0.0,0.0
2023-03-22 12:00:00+09:00,8260.0,8270.0,8220.0,8220.0,11270,0.0,0.0
2023-03-22 13:00:00+09:00,8220.0,8260.0,8210.0,8220.0,6414,0.0,0.0
2023-03-22 14:00:00+09:00,8220.0,8300.0,8220.0,8230.0,9831,0.0,0.0
2023-03-23 09:00:00+09:00,8160.0,8250.0,8120.0,8120.0,29928,0.0,0.0
2023-03-23 10:00:00+09:00,8120.0,8140.0,8060.0,8120.0,23469,0.0,0.0
2023-03-23 11:00:00+09:00,8120.0,8130.0,8100.0,8120.0,2278,0.0,0.0
2023-03-23 12:00:00+09:00,8110.0,8130.0,8080.0,8100.0,14706,0.0,0.0
2023-03-23 13:00:00+09:00,8100.0,8120.0,8050.0,8120.0,20984,0.0,0.0
2023-03-23 14:00:00+09:00,8080.0,8090.0,8050.0,8050.0,8556,0.0,0.0
2023-03-24 09:00:00+09:00,8100.0,8190.0,8040.0,8100.0,16827,0.0,0.0
2023-03-24 10:00:00+09:00,8100.0,8170.0,8090.0,8150.0,8117,0.0,0.0
2023-03-24 11:00:00+09:00,8130.0,8180.0,8120.0,8140.0,10150,0.0,0.0
2023-03-24 12:00:00+09:00,8140.0,8210.0,8140.0,8180.0,6794,0.0,0.0
2023-03-24 13:00:00+09:00,8180.0,8230.0,8170.0,8180.0,6937,0.0,0.0
2023-03-24 14:00:00+09:00,8180.0,8210.0,8140.0,8150.0,7702,0.0,0.0
2023-03-27 09:00:00+09:00,8210.0,8250.0,8030.0,8050.0,0,0.0,0.0
2023-03-27 10:00:00+09:00,8040.0,8150.0,8010.0,8140.0,19252,0.0,0.0
2023-03-27 11:00:00+09:00,8140.0,8380.0,8140.0,8340.0,24999,0.0,0.0
2023-03-27 12:00:00+09:00,8340.0,8420.0,8330.0,8380.0,18381,0.0,0.0
2023-03-27 13:00:00+09:00,8380.0,8420.0,8310.0,8350.0,19409,0.0,0.0
2023-03-27 14:00:00+09:00,8330.0,8380.0,8300.0,8370.0,8770,0.0,0.0
2023-03-28 09:00:00+09:00,8490.0,8490.0,8370.0,8410.0,0,0.0,0.0
2023-03-28 10:00:00+09:00,8410.0,8420.0,8330.0,8340.0,10252,0.0,0.0
2023-03-28 11:00:00+09:00,8340.0,8350.0,8280.0,8350.0,12044,0.0,0.0
2023-03-28 12:00:00+09:00,8340.0,8370.0,8270.0,8320.0,15389,0.0,0.0
2023-03-28 13:00:00+09:00,8290.0,8340.0,8270.0,8300.0,8556,0.0,0.0
2023-03-28 14:00:00+09:00,8290.0,8290.0,8210.0,8220.0,17364,0.0,0.0
2023-03-29 09:00:00+09:00,8310.0,8530.0,8230.0,8500.0,77648,0.0,0.0
2023-03-29 10:00:00+09:00,8480.0,8500.0,8380.0,8410.0,15045,0.0,0.0
2023-03-29 11:00:00+09:00,8390.0,8400.0,8310.0,8340.0,17294,0.0,0.0
2023-03-29 12:00:00+09:00,8330.0,8400.0,8310.0,8390.0,8369,0.0,0.0
2023-03-29 13:00:00+09:00,8380.0,8450.0,8380.0,8390.0,9522,0.0,0.0
2023-03-29 14:00:00+09:00,8390.0,8420.0,8370.0,8380.0,8876,0.0,0.0
2023-03-30 09:00:00+09:00,8570.0,8570.0,8250.0,8440.0,24847,0.0,0.0
2023-03-30 10:00:00+09:00,8440.0,8540.0,8420.0,8520.0,33751,0.0,0.0
2023-03-30 11:00:00+09:00,8520.0,8550.0,8430.0,8530.0,18341,0.0,0.0
2023-03-30 12:00:00+09:00,8530.0,8530.0,8480.0,8480.0,8870,0.0,0.0
2023-03-30 13:00:00+09:00,8480.0,8520.0,8450.0,8480.0,7193,0.0,0.0
2023-03-30 14:00:00+09:00,8470.0,8490.0,8440.0,8460.0,4435,0.0,0.0
2023-03-31 09:00:00+09:00,8480.0,8640.0,8430.0,8500.0,45323,0.0,0.0
2023-03-31 10:00:00+09:00,8500.0,8580.0,8480.0,8520.0,14645,0.0,0.0
2023-03-31 11:00:00+09:00,8520.0,8570.0,8510.0,8510.0,9885,0.0,0.0
2023-03-31 12:00:00+09:00,8510.0,8740.0,8510.0,8700.0,50578,0.0,0.0
2023-03-31 13:00:00+09:00,8700.0,8710.0,8500.0,8610.0,29042,0.0,0.0
2023-03-31 14:00:00+09:00,8610.0,9660.0,8540.0,8850.0,2071392,0.0,0.0
2023-04-03 09:00:00+09:00,8800.0,8920.0,8250.0,8410.0,0,0.0,0.0
2023-04-03 10:00:00+09:00,8410.0,9110.0,8270.0,8350.0,853572,0.0,0.0
2023-04-03 11:00:00+09:00,8350.0,8380.0,8250.0,8340.0,168117,0.0,0.0
2023-04-03 12:00:00+09:00,8330.0,8400.0,8290.0,8370.0,80831,0.0,0.0
2023-04-03 13:00:00+09:00,8370.0,8380.0,8300.0,8320.0,86780,0.0,0.0
2023-04-03 14:00:00+09:00,8320.0,8350.0,8250.0,8250.0,88486,0.0,0.0
2023-04-04 09:00:00+09:00,8330.0,8470.0,8260.0,8290.0,135321,0.0,0.0
2023-04-04 10:00:00+09:00,8280.0,8530.0,8240.0,8470.0,181653,0.0,0.0
2023-04-04 11:00:00+09:00,8470.0,8570.0,8410.0,8530.0,132206,0.0,0.0
2023-04-04 12:00:00+09:00,8540.0,8640.0,8530.0,8620.0,106031,0.0,0.0
2023-04-04 13:00:00+09:00,8620.0,8700.0,8590.0,8650.0,111436,0.0,0.0
2023-04-04 14:00:00+09:00,8660.0,8740.0,8550.0,8640.0,125422,0.0,0.0
2023-04-05 09:00:00+09:00,8740.0,9230.0,8630.0,9200.0,0,0.0,0.0
2023-04-05 10:00:00+09:00,9200.0,9350.0,9040.0,9080.0,249227,0.0,0.0
2023-04-05 11:00:00+09:00,9080.0,9170.0,9070.0,9140.0,49482,0.0,0.0
2023-04-05 12:00:00+09:00,9140.0,9230.0,9050.0,9120.0,58109,0.0,0.0
2023-04-05 13:00:00+09:00,9100.0,9120.0,8990.0,9060.0,60398,0.0,0.0
2023-04-05 14:00:00+09:00,9060.0,9120.0,8990.0,9080.0,60448,0.0,0.0
2023-04-06 09:00:00+09:00,9520.0,9520.0,9100.0,9400.0,0,0.0,0.0
2023-04-06 10:00:00+09:00,9400.0,9420.0,9170.0,9260.0,108905,0.0,0.0
2023-04-06 11:00:00+09:00,9300.0,9360.0,9190.0,9230.0,38434,0.0,0.0
2023-04-06 12:00:00+09:00,9240.0,9290.0,9180.0,9290.0,26316,0.0,0.0
2023-04-06 13:00:00+09:00,9300.0,9350.0,9220.0,9270.0,44420,0.0,0.0
2023-04-06 14:00:00+09:00,9250.0,9270.0,9110.0,9240.0,62150,0.0,0.0
2023-04-07 09:00:00+09:00,9210.0,9250.0,8810.0,9040.0,127024,0.0,0.0
2023-04-07 10:00:00+09:00,9000.0,9140.0,8910.0,9100.0,66802,0.0,0.0
2023-04-07 11:00:00+09:00,9100.0,9180.0,9060.0,9100.0,14255,0.0,0.0
2023-04-07 12:00:00+09:00,9130.0,9170.0,9060.0,9150.0,18339,0.0,0.0
2023-04-07 13:00:00+09:00,9150.0,9260.0,9140.0,9240.0,34161,0.0,0.0
2023-04-07 14:00:00+09:00,9230.0,9240.0,9140.0,9220.0,32691,0.0,0.0
2023-04-10 09:00:00+09:00,9240.0,9350.0,8890.0,9330.0,0,0.0,0.0
2023-04-10 10:00:00+09:00,9330.0,9330.0,8980.0,9150.0,64725,0.0,0.0
2023-04-10 11:00:00+09:00,9160.0,9230.0,9090.0,9220.0,18339,0.0,0.0
2023-04-10 12:00:00+09:00,9230.0,9330.0,9220.0,9280.0,50318,0.0,0.0
2023-04-10 13:00:00+09:00,9270.0,9430.0,9250.0,9400.0,74730,0.0,0.0
2023-04-10 14:00:00+09:00,9400.0,9780.0,9380.0,9670.0,438252,0.0,0.0
2023-04-11 09:00:00+09:00,9480.0,9530.0,9160.0,9340.0,213076,0.0,0.0
2023-04-11 10:00:00+09:00,9370.0,9510.0,9280.0,9410.0,70795,0.0,0.0
2023-04-11 11:00:00+09:00,9410.0,9430.0,9290.0,9330.0,34677,0.0,0.0
2023-04-11 12:00:00+09:00,9330.0,9420.0,9310.0,9390.0,20013,0.0,0.0
2023-04-11 13:00:00+09:00,9390.0,9400.0,9290.0,9370.0,26423,0.0,0.0
2023-04-11 14:00:00+09:00,9360.0,9400.0,9290.0,9330.0,35178,0.0,0.0
2023-04-12 09:00:00+09:00,9380.0,9490.0,9200.0,9290.0,0,0.0,0.0
2023-04-12 10:00:00+09:00,9290.0,9650.0,9280.0,9520.0,168203,0.0,0.0
2023-04-12 11:00:00+09:00,9520.0,9620.0,9500.0,9570.0,47855,0.0,0.0
2023-04-12 12:00:00+09:00,9570.0,9570.0,9440.0,9500.0,41877,0.0,0.0
2023-04-12 13:00:00+09:00,9460.0,9700.0,9460.0,9700.0,69364,0.0,0.0
2023-04-12 14:00:00+09:00,9710.0,9830.0,9640.0,9660.0,152009,0.0,0.0
2023-04-13 09:00:00+09:00,9590.0,9950.0,9490.0,9710.0,0,0.0,0.0
2023-04-13 10:00:00+09:00,9700.0,9700.0,9500.0,9520.0,64424,0.0,0.0
2023-04-13 11:00:00+09:00,9520.0,9650.0,9510.0,9610.0,24084,0.0,0.0
2023-04-13 12:00:00+09:00,9620.0,9720.0,9580.0,9680.0,21588,0.0,0.0
2023-04-13 13:00:00+09:00,9680.0,9680.0,9580.0,9580.0,21304,0.0,0.0
2023-04-13 14:00:00+09:00,9630.0,9660.0,9550.0,9560.0,25847,0.0,0.0
2023-04-14 09:00:00+09:00,9600.0,9910.0,9350.0,9730.0,0,0.0,0.0
2023-04-14 10:00:00+09:00,9730.0,9890.0,9710.0,9840.0,65948,0.0,0.0
2023-04-14 11:00:00+09:00,9850.0,10000.0,9700.0,9850.0,275487,0.0,0.0
2023-04-14 12:00:00+09:00,9860.0,9910.0,9750.0,9790.0,43002,0.0,0.0
2023-04-14 13:00:00+09:00,9780.0,9970.0,9700.0,9800.0,116958,0.0,0.0
2023-04-14 14:00:00+09:00,9780.0,9810.0,9760.0,9770.0,32934,0.0,0.0
2023-04-17 09:00:00+09:00,9800.0,9970.0,9570.0,9940.0,0,0.0,0.0
2023-04-17 10:00:00+09:00,9930.0,10150.0,9730.0,9780.0,244161,0.0,0.0
2023-04-17 11:00:00+09:00,9780.0,9860.0,9740.0,9790.0,32087,0.0,0.0
2023-04-17 12:00:00+09:00,9790.0,9800.0,9730.0,9730.0,23747,0.0,0.0
2023-04-17 13:00:00+09:00,9730.0,9780.0,9670.0,9720.0,36737,0.0,0.0
2023-04-17 14:00:00+09:00,9720.0,9800.0,9700.0,9770.0,19133,0.0,0.0
2023-04-18 09:00:00+09:00,9750.0,10200.0,9750.0,10150.0,0,0.0,0.0
2023-04-18 10:00:00+09:00,10150.0,10300.0,9910.0,10110.0,302590,0.0,0.0
2023-04-18 11:00:00+09:00,10110.0,10210.0,10030.0,10180.0,88588,0.0,0.0
2023-04-18 12:00:00+09:00,10180.0,11470.0,10180.0,10860.0,2549872,0.0,0.0
2023-04-18 13:00:00+09:00,10860.0,11420.0,10860.0,10950.0,1222774,0.0,0.0
2023-04-18 14:00:00+09:00,10950.0,10990.0,10650.0,10790.0,306912,0.0,0.0
2023-04-19 09:00:00+09:00,10300.0,10500.0,10200.0,10250.0,0,0.0,0.0
2023-04-19 10:00:00+09:00,10220.0,10290.0,10130.0,10230.0,134362,0.0,0.0
2023-04-19 11:00:00+09:00,10230.0,10290.0,10200.0,10270.0,38165,0.0,0.0
2023-04-19 12:00:00+09:00,10270.0,10430.0,10250.0,10340.0,66347,0.0,0.0
2023-04-19 13:00:00+09:00,10340.0,10410.0,10270.0,10310.0,52194,0.0,0.0
2023-04-19 14:00:00+09:00,10310.0,10370.0,10250.0,10250.0,49688,0.0,0.0
2023-04-20 09:00:00+09:00,10340.0,10830.0,10200.0,10250.0,561488,0.0,0.0
2023-04-20 10:00:00+09:00,10250.0,10400.0,10040.0,10140.0,144537,0.0,0.0
2023-04-20 11:00:00+09:00,10140.0,10240.0,10100.0,10150.0,23797,0.0,0.0
2023-04-20 12:00:00+09:00,10140.0,10190.0,10090.0,10180.0,26065,0.0,0.0
2023-04-20 13:00:00+09:00,10170.0,10250.0,10050.0,10050.0,29851,0.0,0.0
2023-04-20 14:00:00+09:00,10060.0,10070.0,9800.0,9930.0,149854,0.0,0.0
2023-04-21 09:00:00+09:00,9850.0,10150.0,9640.0,9840.0,140384,0.0,0.0
2023-04-21 10:00:00+09:00,9850.0,9970.0,9790.0,9950.0,56167,0.0,0.0
2023-04-21 11:00:00+09:00,9940.0,9980.0,9770.0,9770.0,23695,0.0,0.0
2023-04-21 12:00:00+09:00,9790.0,9950.0,9650.0,9930.0,51789,0.0,0.0
2023-04-21 13:00:00+09:00,9920.0,9920.0,9730.0,9770.0,28193,0.0,0.0
2023-04-21 14:00:00+09:00,9770.0,9790.0,9600.0,9630.0,53078,0.0,0.0
2023-04-24 09:00:00+09:00,9700.0,9770.0,9350.0,9550.0,0,0.0,0.0
2023-04-24 10:00:00+09:00,9550.0,9560.0,9350.0,9390.0,54837,0.0,0.0
2023-04-24 11:00:00+09:00,9390.0,9450.0,9360.0,9410.0,22214,0.0,0.0
2023-04-24 12:00:00+09:00,9420.0,9440.0,9320.0,9400.0,36581,0.0,0.0
2023-04-24 13:00:00+09:00,9400.0,9480.0,9350.0,9430.0,20129,0.0,0.0
2023-04-24 14:00:00+09:00,9430.0,9450.0,9360.0,9420.0,23571,0.0,0.0
2023-04-25 09:00:00+09:00,9520.0,9580.0,9250.0,9390.0,0,0.0,0.0
2023-04-25 10:00:00+09:00,9400.0,9450.0,9100.0,9170.0,76839,0.0,0.0
2023-04-25 11:00:00+09:00,9170.0,9290.0,9100.0,9160.0,36246,0.0,0.0
2023-04-25 12:00:00+09:00,9170.0,9210.0,9090.0,9150.0,33367,0.0,0.0
2023-04-25 13:00:00+09:00,9120.0,9140.0,8890.0,9110.0,45443,0.0,0.0
2023-04-25 14:00:00+09:00,9120.0,9130.0,8980.0,9100.0,26599,0.0,0.0
2023-04-26 09:00:00+09:00,9060.0,9250.0,8730.0,9220.0,0,0.0,0.0
2023-04-26 10:00:00+09:00,9220.0,9340.0,9180.0,9210.0,24507,0.0,0.0
2023-04-26 11:00:00+09:00,9200.0,9200.0,9070.0,9110.0,12046,0.0,0.0
2023-04-26 12:00:00+09:00,9110.0,9110.0,8960.0,9000.0,16715,0.0,0.0
2023-04-26 13:00:00+09:00,9000.0,9110.0,8920.0,9040.0,17935,0.0,0.0
2023-04-26 14:00:00+09:00,9020.0,9050.0,8920.0,8980.0,16748,0.0,0.0
2023-04-27 09:00:00+09:00,8790.0,9000.0,8790.0,8890.0,68611,0.0,0.0
2023-04-27 10:00:00+09:00,8890.0,9030.0,8850.0,9030.0,24001,0.0,0.0
2023-04-27 11:00:00+09:00,9030.0,9030.0,8940.0,8980.0,15927,0.0,0.0
2023-04-27 12:00:00+09:00,9010.0,9010.0,8930.0,8960.0,12856,0.0,0.0
2023-04-27 13:00:00+09:00,8970.0,9100.0,8940.0,8970.0,20741,0.0,0.0
2023-04-27 14:00:00+09:00,9010.0,9060.0,8980.0,9040.0,24675,0.0,0.0
2023-04-28 09:00:00+09:00,9060.0,9220.0,8900.0,8900.0,50546,0.0,0.0
2023-04-28 10:00:00+09:00,8910.0,9050.0,8900.0,9000.0,19869,0.0,0.0
2023-04-28 11:00:00+09:00,9000.0,9020.0,8780.0,8820.0,38063,0.0,0.0
2023-04-28 12:00:00+09:00,8820.0,8890.0,8750.0,8770.0,30003,0.0,0.0
2023-04-28 13:00:00+09:00,8780.0,8820.0,8680.0,8690.0,37035,0.0,0.0
2023-04-28 14:00:00+09:00,8750.0,8750.0,8610.0,8750.0,41136,0.0,0.0
2023-05-02 09:00:00+09:00,8600.0,8840.0,8600.0,8750.0,0,0.0,0.0
2023-05-02 10:00:00+09:00,8750.0,8770.0,8700.0,8760.0,15762,0.0,0.0
2023-05-02 11:00:00+09:00,8770.0,8870.0,8750.0,8810.0,13902,0.0,0.0
2023-05-02 12:00:00+09:00,8810.0,8830.0,8770.0,8830.0,11857,0.0,0.0
2023-05-02 13:00:00+09:00,8830.0,8830.0,8760.0,8810.0,8543,0.0,0.0
2023-05-02 14:00:00+09:00,8810.0,8810.0,8700.0,8760.0,13938,0.0,0.0
2023-05-03 09:00:00+09:00,8560.0,8770.0,8550.0,8670.0,45690,0.0,0.0
2023-05-03 10:00:00+09:00,8670.0,8670.0,8530.0,8540.0,37929,0.0,0.0
2023-05-03 11:00:00+09:00,8540.0,8560.0,8520.0,8530.0,18303,0.0,0.0
2023-05-03 12:00:00+09:00,8520.0,8530.0,8410.0,8440.0,46733,0.0,0.0
2023-05-03 13:00:00+09:00,8440.0,8520.0,8410.0,8480.0,22414,0.0,0.0
2023-05-03 14:00:00+09:00,8470.0,8480.0,8410.0,8480.0,16531,0.0,0.0
2023-05-04 09:00:00+09:00,8380.0,8740.0,8380.0,8640.0,91433,0.0,0.0
2023-05-04 10:00:00+09:00,8630.0,8710.0,8550.0,8600.0,26238,0.0,0.0
2023-05-04 11:00:00+09:00,8600.0,8680.0,8600.0,8670.0,9511,0.0,0.0
2023-05-04 12:00:00+09:00,8670.0,8740.0,8660.0,8690.0,17549,0.0,0.0
2023-05-04 13:00:00+09:00,8670.0,8850.0,8650.0,8770.0,28272,0.0,0.0
2023-05-04 14:00:00+09:00,8770.0,8810.0,8750.0,8780.0,18321,0.0,0.0
2023-05-08 09:00:00+09:00,8880.0,9160.0,8820.0,8920.0,0,0.0,0.0
2023-05-08 10:00:00+09:00,8910.0,8960.0,8850.0,8870.0,20702,0.0,0.0
2023-05-08 11:00:00+09:00,8870.0,8880.0,8810.0,8850.0,17820,0.0,0.0
2023-05-08 12:00:00+09:00,8850.0,8880.0,8790.0,8830.0,5718,0.0,0.0
2023-05-08 13:00:00+09:00,8830.0,8840.0,8750.0,8800.0,10902,0.0,0.0
2023-05-08 14:00:00+09:00,8770.0,8790.0,8700.0,8730.0,13460,0.0,0.0
2023-05-09 09:00:00+09:00,8710.0,8960.0,8710.0,8800.0,39530,0.0,0.0
2023-05-09 10:00:00+09:00,8800.0,8880.0,8770.0,8860.0,18668,0.0,0.0
2023-05-09 11:00:00+09:00,8850.0,8870.0,8780.0,8790.0,9464,0.0,0.0
2023-05-09 12:00:00+09:00,8780.0,8810.0,8720.0,8780.0,11673,0.0,0.0
2023-05-09 13:00:00+09:00,8730.0,8770.0,8710.0,8760.0,11813,0.0,0.0
2023-05-09 14:00:00+09:00,8730.0,8760.0,8590.0,8600.0,33948,0.0,0.0
2023-05-10 09:00:00+09:00,8550.0,8680.0,8550.0,8630.0,18034,0.0,0.0
2023-05-10 10:00:00+09:00,8670.0,8670.0,8610.0,8640.0,10986,0.0,0.0
2023-05-10 11:00:00+09:00,8650.0,8650.0,8560.0,8560.0,12776,0.0,0.0
2023-05-10 12:00:00+09:00,8550.0,8570.0,8450.0,8450.0,25447,0.0,0.0
2023-05-10 13:00:00+09:00,8450.0,8510.0,8440.0,8490.0,6224,0.0,0.0
2023-05-10 14:00:00+09:00,8500.0,8510.0,8380.0,8410.0,28378,0.0,0.0
2023-05-11 09:00:00+09:00,8440.0,8560.0,8440.0,8550.0,22330,0.0,0.0
2023-05-11 10:00:00+09:00,8550.0,8580.0,8510.0,8540.0,8045,0.0,0.0
2023-05-11 11:00:00+09:00,8540.0,8540.0,8380.0,8430.0,18120,0.0,0.0
2023-05-11 12:00:00+09:00,8430.0,8480.0,8410.0,8420.0,7248,0.0,0.0
2023-05-11 13:00:00+09:00,8430.0,8480.0,8370.0,8420.0,29434,0.0,0.0
2023-05-11 14:00:00+09:00,8420.0,8470.0,8400.0,8430.0,12745,0.0,0.0
2023-05-12 09:00:00+09:00,8320.0,8420.0,8190.0,8280.0,60058,0.0,0.0
2023-05-12 10:00:00+09:00,8290.0,8330.0,8150.0,8190.0,40387,0.0,0.0
2023-05-12 11:00:00+09:00,8190.0,8200.0,8140.0,8170.0,20300,0.0,0.0
2023-05-12 12:00:00+09:00,8170.0,8230.0,8150.0,8180.0,8756,0.0,0.0
2023-05-12 13:00:00+09:00,8180.0,8220.0,8150.0,8150.0,15123,0.0,0.0
2023-05-12 14:00:00+09:00,8160.0,8180.0,8140.0,8140.0,24588,0.0,0.0
2023-05-15 09:00:00+09:00,8150.0,8250.0,8030.0,8100.0,0,0.0,0.0
2023-05-15 10:00:00+09:00,8110.0,8240.0,8110.0,8180.0,12489,0.0,0.0
2023-05-15 11:00:00+09:00,8170.0,8230.0,8160.0,8200.0,8465,0.0,0.0
2023-05-15 12:00:00+09:00,8190.0,8310.0,8180.0,8310.0,9072,0.0,0.0
2023-05-15 13:00:00+09:00,8270.0,8310.0,8220.0,8250.0,7604,0.0,0.0
2023-05-15 14:00:00+09:00,8250.0,8300.0,8230.0,8260.0,4509,0.0,0.0
2023-05-16 09:00:00+09:00,8150.0,8360.0,8150.0,8340.0,38781,0.0,0.0
2023-05-16 10:00:00+09:00,8340.0,8380.0,8240.0,8290.0,20086,0.0,0.0
2023-05-16 11:00:00+09:00,8290.0,8290.0,8220.0,8270.0,11007,0.0,0.0
2023-05-16 12:00:00+09:00,8270.0,8270.0,8150.0,8170.0,16153,0.0,0.0
2023-05-16 13:00:00+09:00,8170.0,8230.0,8110.0,8120.0,12835,0.0,0.0
2023-05-16 14:00:00+09:00,8120.0,8210.0,8110.0,8130.0,13629,0.0,0.0
2023-05-17 09:00:00+09:00,8130.0,8350.0,8080.0,8290.0,0,0.0,0.0
2023-05-17 10:00:00+09:00,8270.0,8350.0,8230.0,8310.0,14263,0.0,0.0
2023-05-17 11:00:00+09:00,8300.0,8320.0,8270.0,8270.0,8172,0.0,0.0
2023-05-17 12:00:00+09:00,8250.0,8260.0,8240.0,8260.0,3590,0.0,0.0
2023-05-17 13:00:00+09:00,8260.0,8300.0,8250.0,8290.0,8492,0.0,0.0
2023-05-17 14:00:00+09:00,8300.0,8350.0,8250.0,8320.0,24860,0.0,0.0
2023-05-18 09:00:00+09:00,8350.0,8470.0,8320.0,8440.0,30578,0.0,0.0
2023-05-18 10:00:00+09:00,8440.0,8450.0,8360.0,8420.0,11398,0.0,0.0
2023-05-18 11:00:00+09:00,8420.0,8440.0,8400.0,8430.0,4253,0.0,0.0
2023-05-18 12:00:00+09:00,8430.0,8460.0,8380.0,8390.0,11777,0.0,0.0
2023-05-18 13:00:00+09:00,8380.0,8390.0,8350.0,8370.0,6068,0.0,0.0
2023-05-18 14:00:00+09:00,8360.0,8390.0,8340.0,8340.0,6023,0.0,0.0
2023-05-19 09:00:00+09:00,8380.0,8480.0,8250.0,8330.0,45949,0.0,0.0
2023-05-19 10:00:00+09:00,8330.0,8550.0,8330.0,8410.0,38847,0.0,0.0
2023-05-19 11:00:00+09:00,8410.0,8530.0,8400.0,8460.0,18624,0.0,0.0
2023-05-19 12:00:00+09:00,8450.0,8490.0,8390.0,8430.0,12009,0.0,0.0
2023-05-19 13:00:00+09:00,8410.0,8440.0,8390.0,8390.0,8744,0.0,0.0
2023-05-19 14:00:00+09:00,8390.0,8450.0,8390.0,8430.0,12896,0.0,0.0
2023-05-22 09:00:00+09:00,8450.0,8630.0,8360.0,8500.0,0,0.0,0.0
2023-05-22 10:00:00+09:00,8500.0,8550.0,8460.0,8540.0,11547,0.0,0.0
2023-05-22 11:00:00+09:00,8530.0,8550.0,8480.0,8520.0,6430,0.0,0.0
2023-05-22 12:00:00+09:00,8520.0,8530.0,8470.0,8490.0,5312,0.0,0.0
2023-05-22 13:00:00+09:00,8490.0,8510.0,8490.0,8500.0,3335,0.0,0.0
2023-05-22 14:00:00+09:00,8500.0,8530.0,8500.0,8510.0,7346,0.0,0.0
2023-05-23 09:00:00+09:00,8520.0,8600.0,8500.0,8520.0,0,0.0,0.0
2023-05-23 10:00:00+09:00,8510.0,8630.0,8490.0,8500.0,25718,0.0,0.0
2023-05-23 11:00:00+09:00,8510.0,8520.0,8460.0,8480.0,9781,0.0,0.0
2023-05-23 12:00:00+09:00,8470.0,8520.0,8460.0,8510.0,7812,0.0,0.0
2023-05-23 13:00:00+09:00,8530.0,8580.0,8510.0,8560.0,6105,0.0,0.0
2023-05-23 14:00:00+09:00,8550.0,8630.0,8540.0,8560.0,14328,0.0,0.0
2023-05-24 09:00:00+09:00,8500.0,8580.0,8480.0,8480.0,18222,0.0,0.0
2023-05-24 10:00:00+09:00,8480.0,8490.0,8370.0,8440.0,13040,0.0,0.0
2023-05-24 11:00:00+09:00,8430.0,8440.0,8380.0,8400.0,7176,0.0,0.0
2023-05-24 12:00:00+09:00,8400.0,8450.0,8370.0,8450.0,7586,0.0,0.0
2023-05-24 13:00:00+09:00,8440.0,8440.0,8400.0,8410.0,1329,0.0,0.0
2023-05-24 14:00:00+09:00,8400.0,8430.0,8390.0,8390.0,6850,0.0,0.0
2023-05-25 09:00:00+09:00,8390.0,8440.0,8270.0,8290.0,0,0.0,0.0
2023-05-25 10:00:00+09:00,8290.0,8300.0,8200.0,8200.0,32518,0.0,0.0
2023-05-25 11:00:00+09:00,8200.0,8240.0,8200.0,8210.0,6250,0.0,0.0
2023-05-25 12:00:00+09:00,8210.0,8230.0,8200.0,8220.0,7902,0.0,0.0
2023-05-25 13:00:00+09:00,8200.0,8220.0,8130.0,8140.0,25159,0.0,0.0
2023-05-25 14:00:00+09:00,8150.0,8180.0,8100.0,8130.0,22366,0.0,0.0
2023-05-26 09:00:00+09:00,8160.0,8230.0,8140.0,8150.0,0,0.0,0.0
2023-05-26 10:00:00+09:00,8140.0,8160.0,8060.0,8070.0,20506,0.0,0.0
2023-05-26 11:00:00+09:00,8110.0,8120.0,8060.0,8090.0,3817,0.0,0.0
2023-05-26 12:00:00+09:00,8080.0,8120.0,8060.0,8100.0,11952,0.0,0.0
2023-05-26 13:00:00+09:00,8100.0,8100.0,8040.0,8050.0,18441,0.0,0.0
2023-05-26 14:00:00+09:00,8060.0,8120.0,8050.0,8090.0,8566,0.0,0.0
2023-05-30 09:00:00+09:00,8140.0,8160.0,8050.0,8130.0,0,0.0,0.0
2023-05-30 10:00:00+09:00,8130.0,8170.0,8100.0,8150.0,7015,0.0,0.0
2023-05-30 11:00:00+09:00,8160.0,8190.0,8140.0,8150.0,4430,0.0,0.0
2023-05-30 12:00:00+09:00,8170.0,8180.0,8150.0,8180.0,2127,0.0,0.0
2023-05-30 13:00:00+09:00,8160.0,8190.0,8160.0,8180.0,5099,0.0,0.0
2023-05-30 14:00:00+09:00,8180.0,8190.0,8160.0,8190.0,3466,0.0,0.0
2023-05-31 09:00:00+09:00,8210.0,8300.0,8190.0,8250.0,0,0.0,0.0
2023-05-31 10:00:00+09:00,8250.0,8290.0,8240.0,8260.0,7591,0.0,0.0
2023-05-31 11:00:00+09:00,8250.0,8290.0,8240.0,8280.0,3720,0.0,0.0
2023-05-31 12:00:00+09:00,8280.0,8280.0,8260.0,8260.0,1710,0.0,0.0
2023-05-31 13:00:00+09:00,8260.0,8260.0,8210.0,8210.0,6447,0.0,0.0
2023-05-31 14:00:00+09:00,8210.0,8240.0,8180.0,8190.0,7951,0.0,0.0
2023-06-01 09:00:00+09:00,8100.0,8210.0,8100.0,8170.0,12978,0.0,0.0
2023-06-01 10:00:00+09:00,8170.0,8230.0,8170.0,8220.0,13287,0.0,0.0
2023-06-01 11:00:00+09:00,8230.0,8270.0,8220.0,8250.0,11768,0.0,0.0
2023-06-01 12:00:00+09:00,8240.0,8240.0,8160.0,8180.0,9919,0.0,0.0
2023-06-01 13:00:00+09:00,8180.0,8200.0,8150.0,8180.0,9150,0.0,0.0
2023-06-01 14:00:00+09:00,8190.0,8190.0,8150.0,8170.0,10558,0.0,0.0
2023-06-02 09:00:00+09:00,8160.0,8300.0,8160.0,8210.0,0,0.0,0.0
2023-06-02 10:00:00+09:00,8210.0,8240.0,8200.0,8240.0,4536,0.0,0.0
2023-06-02 11:00:00+09:00,8240.0,8250.0,8180.0,8190.0,4753,0.0,0.0
2023-06-02 12:00:00+09:00,8190.0,8240.0,8190.0,8220.0,1723,0.0,0.0
2023-06-02 13:00:00+09:00,8220.0,8250.0,8210.0,8250.0,2592,0.0,0.0
2023-06-02 14:00:00+09:00,8230.0,8260.0,8220.0,8250.0,6236,0.0,0.0
2023-06-05 09:00:00+09:00,8230.0,8260.0,7880.0,8040.0,39198,0.0,0.0
2023-06-05 10:00:00+09:00,8030.0,8050.0,7970.0,7980.0,30587,0.0,0.0
2023-06-05 11:00:00+09:00,7980.0,8000.0,7980.0,8000.0,9503,0.0,0.0
2023-06-05 12:00:00+09:00,7990.0,8020.0,7990.0,8010.0,11751,0.0,0.0
2023-06-05 13:00:00+09:00,8010.0,8070.0,8010.0,8050.0,15008,0.0,0.0
2023-06-05 14:00:00+09:00,8050.0,8070.0,8030.0,8050.0,15569,0.0,0.0
2023-06-07 09:00:00+09:00,8020.0,8130.0,8010.0,8070.0,0,0.0,0.0
2023-06-07 10:00:00+09:00,8060.0,8070.0,8020.0,8050.0,7866,0.0,0.0
2023-06-07 11:00:00+09:00,8030.0,8030.0,8000.0,8010.0,13958,0.0,0.0
2023-06-07 12:00:00+09:00,8010.0,8050.0,7990.0,8050.0,11574,0.0,0.0
2023-06-07 13:00:00+09:00,8050.0,8050.0,8020.0,8030.0,3094,0.0,0.0
2023-06-07 14:00:00+09:00,8030.0,8040.0,8010.0,8010.0,7766,0.0,0.0
2023-06-08 09:00:00+09:00,7980.0,7990.0,7820.0,7830.0,0,0.0,0.0
2023-06-08 10:00:00+09:00,7820.0,7830.0,7780.0,7830.0,34030,0.0,0.0
2023-06-08 11:00:00+09:00,7830.0,7840.0,7800.0,7820.0,16088,0.0,0.0
2023-06-08 12:00:00+09:00,7800.0,7810.0,7760.0,7760.0,19334,0.0,0.0
2023-06-08 13:00:00+09:00,7770.0,7780.0,7720.0,7730.0,29788,0.0,0.0
2023-06-08 14:00:00+09:00,7730.0,7770.0,7700.0,7750.0,16688,0.0,0.0
2023-06-09 09:00:00+09:00,7790.0,7860.0,7770.0,7800.0,13044,0.0,0.0
2023-06-09 10:00:00+09:00,7800.0,7840.0,7790.0,7840.0,4879,0.0,0.0
2023-06-09 11:00:00+09:00,7840.0,7840.0,7800.0,7830.0,6852,0.0,0.0
2023-06-09 12:00:00+09:00,7840.0,7840.0,7770.0,7770.0,11836,0.0,0.0
2023-06-09 13:00:00+09:00,7790.0,7820.0,7760.0,7760.0,5894,0.0,0.0
2023-06-09 14:00:00+09:00,7770.0,7770.0,7710.0,7730.0,25398,0.0,0.0
2023-06-12 09:00:00+09:00,7730.0,7830.0,7640.0,7680.0,0,0.0,0.0
2023-06-12 10:00:00+09:00,7680.0,7680.0,7570.0,7630.0,38482,0.0,0.0
2023-06-12 11:00:00+09:00,7630.0,7650.0,7570.0,7630.0,31421,0.0,0.0
2023-06-12 12:00:00+09:00,7630.0,7690.0,7630.0,7650.0,7575,0.0,0.0
2023-06-12 13:00:00+09:00,7650.0,7660.0,7600.0,7630.0,11201,0.0,0.0
2023-06-12 14:00:00+09:00,7630.0,7630.0,7590.0,7600.0,8398,0.0,0.0
2023-06-13 09:00:00+09:00,7600.0,7800.0,7590.0,7780.0,0,0.0,0.0
2023-06-13 10:00:00+09:00,7780.0,7780.0,7650.0,7680.0,12346,0.0,0.0
2023-06-13 11:00:00+09:00,7680.0,7740.0,7650.0,7660.0,7345,0.0,0.0
2023-06-13 12:00:00+09:00,7700.0,7700.0,7620.0,7640.0,5148,0.0,0.0
2023-06-13 13:00:00+09:00,7630.0,7740.0,7620.0,7670.0,7837,0.0,0.0
2023-06-13 14:00:00+09:00,7670.0,7730.0,7650.0,7650.0,3914,0.0,0.0
2023-06-14 09:00:00+09:00,7700.0,7700.0,7500.0,7520.0,34560,0.0,0.0
2023-06-14 10:00:00+09:00,7510.0,7590.0,7500.0,7540.0,13927,0.0,0.0
2023-06-14 11:00:00+09:00,7540.0,7550.0,7480.0,7510.0,26920,0.0,0.0
2023-06-14 12:00:00+09:00,7480.0,7510.0,7470.0,7500.0,10990,0.0,0.0
2023-06-14 13:00:00+09:00,7480.0,7510.0,7440.0,7450.0,16982,0.0,0.0
2023-06-14 14:00:00+09:00,7450.0,7520.0,7370.0,7410.0,72053,0.0,0.0
2023-06-15 09:00:00+09:00,7550.0,7660.0,7420.0,7470.0,32084,0.0,0.0
2023-06-15 10:00:00+09:00,7490.0,7550.0,7420.0,7440.0,12855,0.0,0.0
2023-06-15 11:00:00+09:00,7440.0,7440.0,7390.0,7420.0,14182,0.0,0.0
2023-06-15 12:00:00+09:00,7420.0,7480.0,7410.0,7470.0,1860,0.0,0.0
2023-06-15 13:00:00+09:00,7440.0,7470.0,7410.0,7430.0,3298,0.0,0.0
2023-06-15 14:00:00+09:00,7430.0,7450.0,7400.0,7440.0,6316,0.0,0.0
2023-06-16 09:00:00+09:00,7450.0,7550.0,7450.0,7520.0,10399,0.0,0.0
2023-06-16 10:00:00+09:00,7500.0,7520.0,7450.0,7480.0,6366,0.0,0.0
2023-06-16 11:00:00+09:00,7480.0,7500.0,7450.0,7450.0,2356,0.0,0.0
2023-06-16 12:00:00+09:00,7470.0,7470.0,7440.0,7440.0,5933,0.0,0.0
2023-06-16 13:00:00+09:00,7450.0,7460.0,7430.0,7440.0,5643,0.0,0.0
2023-06-16 14:00:00+09:00,7430.0,7440.0,7420.0,7440.0,4175,0.0,0.0
2023-06-19 09:00:00+09:00,7490.0,7490.0,7320.0,7360.0,0,0.0,0.0
2023-06-19 10:00:00+09:00,7360.0,7420.0,7350.0,7370.0,8158,0.0,0.0
2023-06-19 11:00:00+09:00,7370.0,7370.0,7330.0,7330.0,10743,0.0,0.0
2023-06-19 12:00:00+09:00,7340.0,7350.0,7320.0,7320.0,8677,0.0,0.0
2023-06-19 13:00:00+09:00,7330.0,7330.0,7260.0,7280.0,16318,0.0,0.0
2023-06-19 14:00:00+09:00,7270.0,7310.0,7250.0,7270.0,14169,0.0,0.0
2023-06-20 09:00:00+09:00,7310.0,7340.0,7260.0,7310.0,0,0.0,0.0
2023-06-20 10:00:00+09:00,7310.0,7330.0,7210.0,7220.0,11737,0.0,0.0
2023-06-20 11:00:00+09:00,7210.0,7230.0,7170.0,7180.0,19108,0.0,0.0
2023-06-20 12:00:00+09:00,7170.0,7210.0,7170.0,7200.0,8356,0.0,0.0
2023-06-20 13:00:00+09:00,7180.0,7210.0,7170.0,7170.0,13827,0.0,0.0
2023-06-20 14:00:00+09:00,7170.0,7190.0,7170.0,7190.0,15912,0.0,0.0
2023-06-21 09:00:00+09:00,7190.0,7650.0,7190.0,7580.0,221270,0.0,0.0
2023-06-21 10:00:00+09:00,7570.0,8900.0,7430.0,7840.0,2403633,0.0,0.0
2023-06-21 11:00:00+09:00,7840.0,7980.0,7500.0,7530.0,448036,0.0,0.0
2023-06-21 12:00:00+09:00,7510.0,7560.0,7440.0,7470.0,85717,0.0,0.0
2023-06-21 13:00:00+09:00,7450.0,7520.0,7420.0,7440.0,83326,0.0,0.0
2023-06-21 14:00:00+09:00,7430.0,7480.0,7420.0,7440.0,39434,0.0,0.0
2023-06-22 09:00:00+09:00,7400.0,7420.0,7210.0,7250.0,0,0.0,0.0
2023-06-22 10:00:00+09:00,7240.0,7330.0,7230.0,7320.0,16561,0.0,0.0
2023-06-22 11:00:00+09:00,7330.0,7350.0,7290.0,7300.0,10914,0.0,0.0
2023-06-22 12:00:00+09:00,7310.0,7330.0,7280.0,7290.0,7831,0.0,0.0
2023-06-22 13:00:00+09:00,7280.0,7310.0,7270.0,7280.0,12332,0.0,0.0
2023-06-22 14:00:00+09:00,7280.0,7290.0,7260.0,7260.0,14663,0.0,0.0
2023-06-23 09:00:00+09:00,7230.0,7350.0,7200.0,7300.0,0,0.0,0.0
2023-06-23 10:00:00+09:00,7280.0,7370.0,7220.0,7260.0,29519,0.0,0.0
2023-06-23 11:00:00+09:00,7250.0,7270.0,7220.0,7270.0,3788,0.0,0.0
2023-06-23 12:00:00+09:00,7280.0,7310.0,7260.0,7270.0,5348,0.0,0.0
2023-06-23 13:00:00+09:00,7260.0,7290.0,7230.0,7240.0,10194,0.0,0.0
2023-06-23 14:00:00+09:00,7250.0,7290.0,7240.0,7280.0,4539,0.0,0.0
2023-06-26 09:00:00+09:00,7210.0,7250.0,7070.0,7170.0,0,0.0,0.0
2023-06-26 10:00:00+09:00,7170.0,7330.0,7150.0,7300.0,21735,0.0,0.0
2023-06-26 11:00:00+09:00,7260.0,7310.0,7260.0,7290.0,5191,0.0,0.0
2023-06-26 12:00:00+09:00,7250.0,7290.0,7180.0,7250.0,7534,0.0,0.0
2023-06-26 13:00:00+09:00,7240.0,7250.0,7210.0,7220.0,4026,0.0,0.0
2023-06-26 14:00:00+09:00,7220.0,7280.0,7200.0,7250.0,13283,0.0,0.0
2023-06-27 09:00:00+09:00,7260.0,7420.0,7250.0,7410.0,0,0.0,0.0
2023-06-27 10:00:00+09:00,7380.0,7470.0,7320.0,7410.0,17266,0.0,0.0
2023-06-27 11:00:00+09:00,7390.0,7420.0,7330.0,7330.0,8509,0.0,0.0
2023-06-27 12:00:00+09:00,7340.0,7380.0,7340.0,7360.0,4046,0.0,0.0
2023-06-27 13:00:00+09:00,7350.0,7410.0,7290.0,7300.0,12354,0.0,0.0
2023-06-27 14:00:00+09:00,7300.0,7300.0,7260.0,7300.0,10292,0.0,0.0
2023-06-28 09:00:00+09:00,7190.0,7370.0,7190.0,7330.0,26619,0.0,0.0
2023-06-28 10:00:00+09:00,7330.0,7370.0,7270.0,7280.0,10320,0.0,0.0
2023-06-28 11:00:00+09:00,7290.0,7300.0,7260.0,7260.0,8498,0.0,0.0
2023-06-28 12:00:00+09:00,7270.0,7320.0,7270.0,7300.0,4717,0.0,0.0
2023-06-28 13:00:00+09:00,7320.0,7320.0,7280.0,7280.0,5546,0.0,0.0
2023-06-28 14:00:00+09:00,7280.0,7310.0,7260.0,7260.0,7550,0.0,0.0
2023-06-29 09:00:00+09:00,7260.0,7260.0,7160.0,7190.0,0,0.0,0.0
2023-06-29 10:00:00+09:00,7190.0,7200.0,7090.0,7100.0,26246,0.0,0.0
2023-06-29 11:00:00+09:00,7100.0,7100.0,7010.0,7030.0,35537,0.0,0.0
2023-06-29 12:00:00+09:00,7030.0,7080.0,7030.0,7060.0,7257,0.0,0.0
2023-06-29 13:00:00+09:00,7060.0,7070.0,7030.0,7040.0,5918,0.0,0.0
2023-06-29 14:00:00+09:00,7040.0,7080.0,7020.0,7060.0,10932,0.0,0.0
2023-06-30 09:00:00+09:00,7030.0,7040.0,6960.0,6990.0,0,0.0,0.0
2023-06-30 10:00:00+09:00,7000.0,7070.0,7000.0,7060.0,3075,0.0,0.0
2023-06-30 11:00:00+09:00,7060.0,7070.0,6980.0,7010.0,9064,0.0,0.0
2023-06-30 12:00:00+09:00,7020.0,7030.0,6990.0,7010.0,12466,0.0,0.0
2023-06-30 13:00:00+09:00,7010.0,7020.0,6970.0,7010.0,9548,0.0,0.0
2023-06-30 14:00:00+09:00,7010.0,7070.0,7000.0,7050.0,9496,0.0,0.0
2023-07-03 09:00:00+09:00,7070.0,7200.0,7070.0,7120.0,0,0.0,0.0
2023-07-03 10:00:00+09:00,7130.0,7230.0,7110.0,7180.0,16471,0.0,0.0
2023-07-03 11:00:00+09:00,7190.0,7190.0,7140.0,7140.0,6423,0.0,0.0
2023-07-03 12:00:00+09:00,7150.0,7150.0,7010.0,7100.0,12854,0.0,0.0
2023-07-03 13:00:00+09:00,7110.0,7130.0,7050.0,7100.0,11431,0.0,0.0
2023-07-03 14:00:00+09:00,7100.0,7110.0,7050.0,7090.0,5265,0.0,0.0
2023-07-04 09:00:00+09:00,7000.0,7100.0,7000.0,7050.0,37075,0.0,0.0
2023-07-04 10:00:00+09:00,7040.0,7060.0,7020.0,7030.0,8987,0.0,0.0
2023-07-04 11:00:00+09:00,7030.0,7070.0,7020.0,7070.0,3631,0.0,0.0
2023-07-04 12:00:00+09:00,7070.0,7070.0,7020.0,7060.0,4809,0.0,0.0
2023-07-04 13:00:00+09:00,7060.0,7060.0,7020.0,7030.0,1980,0.0,0.0
2023-07-04 14:00:00+09:00,7030.0,7060.0,7020.0,7050.0,8628,0.0,0.0
2023-07-05 09:00:00+09:00,7090.0,7180.0,7050.0,7140.0,0,0.0,0.0
2023-07-05 10:00:00+09:00,7140.0,7220.0,7100.0,7160.0,13128,0.0,0.0
2023-07-05 11:00:00+09:00,7160.0,7170.0,7130.0,7150.0,8076,0.0,0.0
2023-07-05 12:00:00+09:00,7150.0,7160.0,7100.0,7110.0,9966,0.0,0.0
2023-07-05 13:00:00+09:00,7110.0,7130.0,7030.0,7050.0,12028,0.0,0.0
2023-07-05 14:00:00+09:00,7050.0,7080.0,7000.0,7010.0,17355,0.0,0.0
2023-07-06 09:00:00+09:00,7070.0,7070.0,6800.0,6890.0,5191,0.0,0.0
2023-07-06 10:00:00+09:00,6900.0,7010.0,6890.0,6980.0,13929,0.0,0.0
2023-07-06 11:00:00+09:00,6990.0,7000.0,6980.0,6980.0,10800,0.0,0.0
2023-07-06 12:00:00+09:00,6980.0,7000.0,6980.0,7000.0,10597,0.0,0.0
2023-07-06 13:00:00+09:00,6980.0,7010.0,6970.0,6990.0,23395,0.0,0.0
2023-07-06 14:00:00+09:00,7000.0,7040.0,6980.0,7000.0,12680,0.0,0.0
2023-07-07 09:00:00+09:00,6880.0,7040.0,6880.0,7000.0,12867,0.0,0.0
2023-07-07 10:00:00+09:00,6960.0,7000.0,6900.0,6920.0,6694,0.0,0.0
2023-07-07 11:00:00+09:00,6910.0,6980.0,6900.0,6910.0,14184,0.0,0.0
2023-07-07 12:00:00+09:00,6920.0,7030.0,6920.0,7010.0,5008,0.0,0.0
2023-07-07 13:00:00+09:00,7000.0,7010.0,6980.0,6980.0,5336,0.0,0.0
2023-07-07 14:00:00+09:00,6980.0,7000.0,6970.0,7000.0,8364,0.0,0.0
2023-07-10 09:00:00+09:00,6900.0,7050.0,6900.0,7040.0,0,0.0,0.0
2023-07-10 10:00:00+09:00,7030.0,7110.0,7000.0,7000.0,6211,0.0,0.0
2023-07-10 11:00:00+09:00,6990.0,7040.0,6990.0,7030.0,2924,0.0,0.0
2023-07-10 12:00:00+09:00,7020.0,7050.0,6990.0,7010.0,6025,0.0,0.0
2023-07-10 13:00:00+09:00,7010.0,7030.0,7010.0,7010.0,996,0.0,0.0
2023-07-10 14:00:00+09:00,7010.0,7030.0,6980.0,7000.0,3115,0.0,0.0
2023-07-11 09:00:00+09:00,6990.0,7100.0,6990.0,7070.0,0,0.0,0.0
2023-07-11 10:00:00+09:00,7070.0,7070.0,7000.0,7010.0,5155,0.0,0.0
2023-07-11 11:00:00+09:00,7050.0,7060.0,7020.0,7030.0,1551,0.0,0.0
2023-07-11 12:00:00+09:00,7020.0,7030.0,6970.0,6970.0,10776,0.0,0.0
2023-07-11 13:00:00+09:00,6980.0,7030.0,6980.0,7030.0,1336,0.0,0.0
2023-07-11 14:00:00+09:00,7000.0,7050.0,7000.0,7010.0,1109,0.0,0.0
2023-07-12 09:00:00+09:00,6970.0,7100.0,6970.0,7010.0,13076,0.0,0.0
2023-07-12 10:00:00+09:00,7010.0,7010.0,6990.0,7000.0,4083,0.0,0.0
2023-07-12 11:00:00+09:00,7000.0,7060.0,6990.0,7010.0,5845,0.0,0.0
2023-07-12 12:00:00+09:00,7010.0,7060.0,7010.0,7020.0,2893,0.0,0.0
2023-07-12 13:00:00+09:00,7020.0,7070.0,6990.0,7050.0,9927,0.0,0.0
2023-07-12 14:00:00+09:00,7050.0,7600.0,7040.0,7440.0,451192,0.0,0.0
2023-07-13 09:00:00+09:00,7390.0,7570.0,7270.0,7430.0,154277,0.0,0.0
2023-07-13 10:00:00+09:00,7430.0,7720.0,7430.0,7500.0,165769,0.0,0.0
2023-07-13 11:00:00+09:00,7500.0,7600.0,7300.0,7430.0,103345,0.0,0.0
2023-07-13 12:00:00+09:00,7430.0,7460.0,7350.0,7380.0,11864,0.0,0.0
2023-07-13 13:00:00+09:00,7370.0,7390.0,7330.0,7380.0,20921,0.0,0.0
2023-07-13 14:00:00+09:00,7380.0,7400.0,7290.0,7330.0,26108,0.0,0.0
2023-07-14 09:00:00+09:00,7280.0,7280.0,7200.0,7210.0,0,0.0,0.0
2023-07-14 10:00:00+09:00,7210.0,7300.0,7200.0,7240.0,13946,0.0,0.0
2023-07-14 11:00:00+09:00,7240.0,7360.0,7230.0,7260.0,8998,0.0,0.0
2023-07-14 12:00:00+09:00,7260.0,7320.0,7250.0,7310.0,6212,0.0,0.0
2023-07-14 13:00:00+09:00,7310.0,7310.0,7250.0,7250.0,13464,0.0,0.0
2023-07-14 14:00:00+09:00,7270.0,7310.0,7240.0,7290.0,16758,0.0,0.0
2023-07-17 09:00:00+09:00,7270.0,7280.0,7100.0,7160.0,0,0.0,0.0
2023-07-17 10:00:00+09:00,7170.0,7220.0,7130.0,7140.0,11738,0.0,0.0
2023-07-17 11:00:00+09:00,7140.0,7170.0,7130.0,7170.0,3993,0.0,0.0
2023-07-17 12:00:00+09:00,7160.0,7160.0,7140.0,7150.0,3790,0.0,0.0
2023-07-17 13:00:00+09:00,7150.0,7150.0,7130.0,7140.0,6064,0.0,0.0
2023-07-17 14:00:00+09:00,7140.0,7180.0,7130.0,7150.0,7589,0.0,0.0
2023-07-18 09:00:00+09:00,7120.0,7200.0,7070.0,7070.0,19620,0.0,0.0
2023-07-18 10:00:00+09:00,7070.0,7120.0,7020.0,7090.0,15428,0.0,0.0
2023-07-18 11:00:00+09:00,7080.0,7080.0,7020.0,7030.0,4699,0.0,0.0
2023-07-18 12:00:00+09:00,7030.0,7050.0,7000.0,7020.0,11335,0.0,0.0
2023-07-18 13:00:00+09:00,7030.0,7050.0,7000.0,7020.0,6069,0.0,0.0
2023-07-18 14:00:00+09:00,7020.0,7170.0,7000.0,7070.0,21177,0.0,0.0
2023-07-19 09:00:00+09:00,7030.0,7080.0,6990.0,7010.0,18695,0.0,0.0
2023-07-19 10:00:00+09:00,7020.0,7340.0,7000.0,7260.0,57827,0.0,0.0
2023-07-19 11:00:00+09:00,7270.0,7540.0,7260.0,7480.0,178778,0.0,0.0
2023-07-19 12:00:00+09:00,7470.0,8200.0,7390.0,8000.0,1936096,0.0,0.0
2023-07-19 13:00:00+09:00,7990.0,8090.0,7230.0,7500.0,1107450,0.0,0.0
2023-07-19 14:00:00+09:00,7500.0,7560.0,7070.0,7280.0,533833,0.0,0.0
2023-07-20 09:00:00+09:00,7320.0,7410.0,7260.0,7310.0,114028,0.0,0.0
2023-07-20 10:00:00+09:00,7290.0,7360.0,7260.0,7300.0,36761,0.0,0.0
2023-07-20 11:00:00+09:00,7300.0,7370.0,7280.0,7280.0,29778,0.0,0.0
2023-07-20 12:00:00+09:00,7280.0,7340.0,7280.0,7310.0,14455,0.0,0.0
2023-07-20 13:00:00+09:00,7310.0,7350.0,7280.0,7320.0,19617,0.0,0.0
2023-07-20 14:00:00+09:00,7300.0,7330.0,7290.0,7300.0,13044,0.0,0.0
2023-07-21 09:00:00+09:00,7290.0,7610.0,7260.0,7550.0,214814,0.0,0.0
2023-07-21 10:00:00+09:00,7550.0,7680.0,7500.0,7540.0,108541,0.0,0.0
2023-07-21 11:00:00+09:00,7550.0,7560.0,7470.0,7530.0,34291,0.0,0.0
2023-07-21 12:00:00+09:00,7520.0,7530.0,7390.0,7390.0,24824,0.0,0.0
2023-07-21 13:00:00+09:00,7400.0,7470.0,7370.0,7430.0,24588,0.0,0.0
2023-07-21 14:00:00+09:00,7420.0,7460.0,7380.0,7410.0,17274,0.0,0.0
2023-07-24 09:00:00+09:00,7400.0,7420.0,7300.0,7330.0,0,0.0,0.0
2023-07-24 10:00:00+09:00,7310.0,7310.0,7220.0,7260.0,38357,0.0,0.0
2023-07-24 11:00:00+09:00,7240.0,7260.0,7160.0,7180.0,45398,0.0,0.0
2023-07-24 12:00:00+09:00,7180.0,7230.0,7160.0,7180.0,28318,0.0,0.0
2023-07-24 13:00:00+09:00,7170.0,7240.0,7170.0,7240.0,16207,0.0,0.0
2023-07-24 14:00:00+09:00,7240.0,7250.0,7210.0,7240.0,12953,0.0,0.0
2023-07-25 09:00:00+09:00,7260.0,7410.0,7160.0,7180.0,179046,0.0,0.0
2023-07-25 10:00:00+09:00,7180.0,7200.0,7160.0,7170.0,13823,0.0,0.0
2023-07-25 11:00:00+09:00,7170.0,7170.0,7110.0,7150.0,30486,0.0,0.0
2023-07-25 12:00:00+09:00,7110.0,7160.0,7090.0,7100.0,17089,0.0,0.0
2023-07-25 13:00:00+09:00,7090.0,7120.0,7060.0,7090.0,17007,0.0,0.0
2023-07-25 14:00:00+09:00,7080.0,7090.0,7040.0,7040.0,28768,0.0,0.0
2023-07-26 09:00:00+09:00,7010.0,7140.0,6860.0,6960.0,116236,0.0,0.0
2023-07-26 10:00:00+09:00,6940.0,6960.0,6710.0,6860.0,134379,0.0,0.0
2023-07-26 11:00:00+09:00,6860.0,7030.0,6850.0,6880.0,40683,0.0,0.0
2023-07-26 12:00:00+09:00,6880.0,6880.0,6790.0,6790.0,35660,0.0,0.0
2023-07-26 13:00:00+09:00,6790.0,6980.0,6770.0,6820.0,42218,0.0,0.0
2023-07-26 14:00:00+09:00,6880.0,6880.0,6780.0,6880.0,18955,0.0,0.0
2023-07-27 09:00:00+09:00,6850.0,7070.0,6840.0,7040.0,31670,0.0,0.0
2023-07-27 10:00:00+09:00,7030.0,7130.0,7010.0,7130.0,32952,0.0,0.0
2023-07-27 11:00:00+09:00,7110.0,7130.0,7050.0,7070.0,5969,0.0,0.0
2023-07-27 12:00:00+09:00,7050.0,7170.0,7010.0,7120.0,13178,0.0,0.0
2023-07-27 13:00:00+09:00,7120.0,7140.0,7060.0,7070.0,6469,0.0,0.0
2023-07-27 14:00:00+09:00,7070.0,7100.0,7000.0,7030.0,16453,0.0,0.0
2023-07-28 09:00:00+09:00,6950.0,7110.0,6950.0,7010.0,23547,0.0,0.0
2023-07-28 10:00:00+09:00,7010.0,7120.0,7010.0,7090.0,13613,0.0,0.0
2023-07-28 11:00:00+09:00,7080.0,7090.0,7050.0,7070.0,2337,0.0,0.0
2023-07-28 12:00:00+09:00,7060.0,7080.0,7050.0,7070.0,4774,0.0,0.0
2023-07-28 13:00:00+09:00,7080.0,7080.0,7050.0,7050.0,4363,0.0,0.0
2023-07-28 14:00:00+09:00,7070.0,7070.0,7040.0,7040.0,6972,0.0,0.0
2023-07-31 09:00:00+09:00,7050.0,7400.0,7050.0,7330.0,78149,0.0,0.0
2023-07-31 10:00:00+09:00,7330.0,7370.0,7250.0,7320.0,37786,0.0,0.0
2023-07-31 11:00:00+09:00,7290.0,7320.0,7240.0,7250.0,22207,0.0,0.0
2023-07-31 12:00:00+09:00,7250.0,7260.0,7220.0,7260.0,10402,0.0,0.0
2023-07-31 13:00:00+09:00,7250.0,7280.0,7220.0,7250.0,11119,0.0,0.0
2023-07-31 14:00:00+09:00,7270.0,7320.0,7260.0,7310.0,12171,0.0,0.0
2023-08-01 09:00:00+09:00,7250.0,7390.0,7230.0,7330.0,41087,0.0,0.0
2023-08-01 10:00:00+09:00,7330.0,7400.0,7300.0,7350.0,20457,0.0,0.0
2023-08-01 11:00:00+09:00,7370.0,7380.0,7320.0,7350.0,7998,0.0,0.0
2023-08-01 12:00:00+09:00,7350.0,7360.0,7300.0,7330.0,10613,0.0,0.0
2023-08-01 13:00:00+09:00,7330.0,7340.0,7220.0,7230.0,12389,0.0,0.0
2023-08-01 14:00:00+09:00,7230.0,7300.0,7230.0,7270.0,9172,0.0,0.0
2023-08-02 09:00:00+09:00,7260.0,7320.0,7210.0,7220.0,14994,0.0,0.0
2023-08-02 10:00:00+09:00,7220.0,7280.0,7220.0,7220.0,7870,0.0,0.0
2023-08-02 11:00:00+09:00,7220.0,7230.0,6920.0,7060.0,71048,0.0,0.0
2023-08-02 12:00:00+09:00,7060.0,7130.0,7030.0,7110.0,6667,0.0,0.0
2023-08-02 13:00:00+09:00,7110.0,7110.0,7020.0,7100.0,14944,0.0,0.0
2023-08-02 14:00:00+09:00,7080.0,7110.0,7050.0,7090.0,7870,0.0,0.0
2023-08-03 09:00:00+09:00,7070.0,7320.0,7020.0,7270.0,39988,0.0,0.0
2023-08-03 10:00:00+09:00,7280.0,7430.0,7210.0,7310.0,89594,0.0,0.0
2023-08-03 11:00:00+09:00,7310.0,7470.0,7310.0,7380.0,50898,0.0,0.0
2023-08-03 12:00:00+09:00,7380.0,7450.0,7350.0,7440.0,31395,0.0,0.0
2023-08-03 13:00:00+09:00,7430.0,7450.0,7370.0,7380.0,13999,0.0,0.0
2023-08-03 14:00:00+09:00,7390.0,7400.0,7350.0,7370.0,17751,0.0,0.0
2023-08-04 09:00:00+09:00,7480.0,7480.0,7270.0,7370.0,55195,0.0,0.0
2023-08-04 10:00:00+09:00,7370.0,7400.0,7270.0,7310.0,11279,0.0,0.0
2023-08-04 11:00:00+09:00,7320.0,7330.0,7280.0,7310.0,8276,0.0,0.0
2023-08-04 12:00:00+09:00,7300.0,7310.0,7250.0,7290.0,6532,0.0,0.0
2023-08-04 13:00:00+09:00,7290.0,7310.0,7270.0,7290.0,2726,0.0,0.0
2023-08-04 14:00:00+09:00,7300.0,7340.0,7290.0,7330.0,8017,0.0,0.0
2023-08-07 09:00:00+09:00,7330.0,7420.0,7220.0,7340.0,0,0.0,0.0
2023-08-07 10:00:00+09:00,7350.0,7360.0,7250.0,7270.0,17855,0.0,0.0
2023-08-07 11:00:00+09:00,7270.0,7320.0,7260.0,7280.0,3002,0.0,0.0
2023-08-07 12:00:00+09:00,7280.0,7310.0,7250.0,7280.0,5754,0.0,0.0
2023-08-07 13:00:00+09:00,7280.0,7280.0,7230.0,7240.0,7553,0.0,0.0
2023-08-07 14:00:00+09:00,7240.0,7350.0,7230.0,7270.0,24930,0.0,0.0
2023-08-08 09:00:00+09:00,7220.0,7300.0,7150.0,7220.0,21763,0.0,0.0
2023-08-08 10:00:00+09:00,7240.0,7240.0,7180.0,7220.0,6396,0.0,0.0
2023-08-08 11:00:00+09:00,7220.0,7230.0,7190.0,7190.0,8637,0.0,0.0
2023-08-08 12:00:00+09:00,7190.0,7230.0,7150.0,7180.0,12247,0.0,0.0
2023-08-08 13:00:00+09:00,7180.0,7200.0,7160.0,7180.0,3633,0.0,0.0
2023-08-08 14:00:00+09:00,7180.0,7180.0,7130.0,7150.0,12327,0.0,0.0
2023-08-09 09:00:00+09:00,7210.0,7410.0,7140.0,7380.0,40333,0.0,0.0
2023-08-09 10:00:00+09:00,7390.0,7520.0,7370.0,7440.0,63100,0.0,0.0
2023-08-09 11:00:00+09:00,7420.0,7450.0,7350.0,7440.0,14990,0.0,0.0
2023-08-09 12:00:00+09:00,7440.0,7460.0,7400.0,7460.0,10675,0.0,0.0
2023-08-09 13:00:00+09:00,7460.0,7540.0,7440.0,7490.0,34106,0.0,0.0
2023-08-09 14:00:00+09:00,7490.0,7490.0,7450.0,7470.0,11339,0.0,0.0
2023-08-10 09:00:00+09:00,7410.0,7530.0,7370.0,7410.0,19672,0.0,0.0
2023-08-10 10:00:00+09:00,7430.0,7470.0,7410.0,7410.0,6346,0.0,0.0
2023-08-10 11:00:00+09:00,7410.0,7500.0,7410.0,7500.0,11944,0.0,0.0
2023-08-10 12:00:00+09:00,7500.0,7510.0,7470.0,7480.0,3459,0.0,0.0
2023-08-10 13:00:00+09:00,7470.0,7490.0,7460.0,7480.0,4907,0.0,0.0
2023-08-10 14:00:00+09:00,7470.0,7510.0,7470.0,7510.0,9096,0.0,0.0
2023-08-11 09:00:00+09:00,7500.0,7550.0,7410.0,7530.0,22160,0.0,0.0
2023-08-11 10:00:00+09:00,7530.0,7540.0,7430.0,7540.0,27466,0.0,0.0
2023-08-11 11:00:00+09:00,7520.0,7610.0,7490.0,7540.0,17683,0.0,0.0
2023-08-11 12:00:00+09:00,7560.0,7570.0,7540.0,7560.0,4749,0.0,0.0
2023-08-11 13:00:00+09:00,7560.0,7570.0,7530.0,7570.0,5869,0.0,0.0
2023-08-11 14:00:00+09:00,7570.0,7590.0,7540.0,7550.0,8575,0.0,0.0
2023-08-14 09:00:00+09:00,7510.0,7530.0,7250.0,7310.0,0,0.0,0.0
2023-08-14 10:00:00+09:00,7310.0,7410.0,7310.0,7410.0,7850,0.0,0.0
2023-08-14 11:00:00+09:00,7390.0,7400.0,7300.0,7310.0,4057,0.0,0.0
2023-08-14 12:00:00+09:00,7320.0,7360.0,7310.0,7320.0,2427,0.0,0.0
2023-08-14 13:00:00+09:00,7330.0,7340.0,7290.0,7290.0,7097,0.0,0.0
2023-08-14 14:00:00+09:00,7300.0,7350.0,7270.0,7330.0,9594,0.0,0.0
2023-08-16 09:00:00+09:00,7200.0,7310.0,7080.0,7110.0,0,0.0,0.0
2023-08-16 10:00:00+09:00,7110.0,7180.0,7100.0,7150.0,5995,0.0,0.0
2023-08-16 11:00:00+09:00,7150.0,7150.0,7090.0,7100.0,9231,0.0,0.0
2023-08-16 12:00:00+09:00,7100.0,7160.0,7090.0,7150.0,4289,0.0,0.0
2023-08-16 13:00:00+09:00,7140.0,7150.0,7090.0,7110.0,16105,0.0,0.0
2023-08-16 14:00:00+09:00,7090.0,7130.0,7080.0,7100.0,8528,0.0,0.0
2023-08-17 09:00:00+09:00,7000.0,7050.0,6930.0,6990.0,37127,0.0,0.0
2023-08-17 10:00:00+09:00,6990.0,7010.0,6950.0,7000.0,10898,0.0,0.0
2023-08-17 11:00:00+09:00,6990.0,7140.0,6990.0,7100.0,7950,0.0,0.0
2023-08-17 12:00:00+09:00,7120.0,7120.0,7060.0,7090.0,5796,0.0,0.0
2023-08-17 13:00:00+09:00,7080.0,7110.0,7050.0,7110.0,5529,0.0,0.0
2023-08-17 14:00:00+09:00,7090.0,7100.0,7050.0,7090.0,6367,0.0,0.0
2023-08-18 09:00:00+09:00,7410.0,7570.0,7060.0,7120.0,273685,0.0,0.0
2023-08-18 10:00:00+09:00,7110.0,7130.0,7040.0,7040.0,39539,0.0,0.0
2023-08-18 11:00:00+09:00,7070.0,7130.0,7030.0,7080.0,12924,0.0,0.0
2023-08-18 12:00:00+09:00,7070.0,7120.0,7070.0,7100.0,4184,0.0,0.0
2023-08-18 13:00:00+09:00,7100.0,7110.0,7070.0,7070.0,6810,0.0,0.0
2023-08-18 14:00:00+09:00,7070.0,7110.0,7050.0,7100.0,15971,0.0,0.0
2023-08-21 09:00:00+09:00,7020.0,7220.0,6990.0,7200.0,0,0.0,0.0
2023-08-21 10:00:00+09:00,7170.0,7240.0,7150.0,7170.0,11431,0.0,0.0
2023-08-21 11:00:00+09:00,7180.0,7220.0,7100.0,7150.0,11159,0.0,0.0
2023-08-21 12:00:00+09:00,7120.0,7130.0,7070.0,7120.0,5127,0.0,0.0
2023-08-21 13:00:00+09:00,7110.0,7130.0,7070.0,7120.0,3653,0.0,0.0
2023-08-21 14:00:00+09:00,7110.0,7130.0,7050.0,7110.0,7415,0.0,0.0
2023-08-22 09:00:00+09:00,7120.0,7180.0,7020.0,7150.0,15612,0.0,0.0
2023-08-22 10:00:00+09:00,7140.0,7190.0,7090.0,7100.0,12130,0.0,0.0
2023-08-22 11:00:00+09:00,7110.0,7150.0,7070.0,7080.0,9896,0.0,0.0
2023-08-22 12:00:00+09:00,7080.0,7100.0,7060.0,7080.0,2217,0.0,0.0
2023-08-22 13:00:00+09:00,7080.0,7090.0,7060.0,7060.0,4842,0.0,0.0
2023-08-22 14:00:00+09:00,7050.0,7090.0,7040.0,7060.0,6885,0.0,0.0
2023-08-23 09:00:00+09:00,7100.0,7140.0,7010.0,7050.0,0,0.0,0.0
2023-08-23 10:00:00+09:00,7080.0,7120.0,7050.0,7090.0,4725,0.0,0.0
2023-08-23 11:00:00+09:00,7110.0,7110.0,7070.0,7090.0,1910,0.0,0.0
2023-08-23 12:00:00+09:00,7090.0,7090.0,7020.0,7090.0,7918,0.0,0.0
2023-08-23 13:00:00+09:00,7060.0,7060.0,7030.0,7060.0,7051,0.0,0.0
2023-08-23 14:00:00+09:00,7050.0,7090.0,7030.0,7030.0,5458,0.0,0.0
2023-08-24 09:00:00+09:00,7070.0,7100.0,7030.0,7050.0,11599,0.0,0.0
2023-08-24 10:00:00+09:00,7060.0,7160.0,7030.0,7150.0,28989,0.0,0.0
2023-08-24 11:00:00+09:00,7150.0,7300.0,7140.0,7240.0,64792,0.0,0.0
2023-08-24 12:00:00+09:00,7240.0,7300.0,7220.0,7260.0,29553,0.0,0.0
2023-08-24 13:00:00+09:00,7260.0,7270.0,7190.0,7210.0,10241,0.0,0.0
2023-08-24 14:00:00+09:00,7220.0,7230.0,7190.0,7200.0,8687,0.0,0.0
2023-08-25 09:00:00+09:00,7230.0,7470.0,7150.0,7400.0,102155,0.0,0.0
2023-08-25 10:00:00+09:00,7360.0,7410.0,7240.0,7310.0,28416,0.0,0.0
2023-08-25 11:00:00+09:00,7310.0,7340.0,7240.0,7250.0,17040,0.0,0.0
2023-08-25 12:00:00+09:00,7210.0,7250.0,7190.0,7220.0,17217,0.0,0.0
2023-08-25 13:00:00+09:00,7220.0,7280.0,7220.0,7230.0,3962,0.0,0.0
2023-08-25 14:00:00+09:00,7240.0,7300.0,7210.0,7250.0,11079,0.0,0.0
2023-08-28 09:00:00+09:00,7180.0,7240.0,7120.0,7140.0,0,0.0,0.0
2023-08-28 10:00:00+09:00,7140.0,7180.0,7130.0,7160.0,3810,0.0,0.0
2023-08-28 11:00:00+09:00,7160.0,7200.0,7160.0,7170.0,2921,0.0,0.0
2023-08-28 12:00:00+09:00,7160.0,7260.0,7150.0,7250.0,17698,0.0,0.0
2023-08-28 13:00:00+09:00,7250.0,7250.0,7220.0,7220.0,2050,0.0,0.0
2023-08-28 14:00:00+09:00,7220.0,7220.0,7130.0,7170.0,20294,0.0,0.0
2023-08-29 09:00:00+09:00,7150.0,7470.0,7150.0,7360.0,89225,0.0,0.0
2023-08-29 10:00:00+09:00,7360.0,7500.0,7330.0,7440.0,139969,0.0,0.0
2023-08-29 11:00:00+09:00,7440.0,7590.0,7430.0,7520.0,107263,0.0,0.0
2023-08-29 12:00:00+09:00,7530.0,7530.0,7430.0,7440.0,45573,0.0,0.0
2023-08-29 13:00:00+09:00,7480.0,7480.0,7330.0,7370.0,42924,0.0,0.0
2023-08-29 14:00:00+09:00,7370.0,7420.0,7350.0,7400.0,10932,0.0,0.0
2023-08-30 09:00:00+09:00,7370.0,7480.0,7360.0,7370.0,44559,0.0,0.0
2023-08-30 10:00:00+09:00,7370.0,7430.0,7340.0,7370.0,36069,0.0,0.0
2023-08-30 11:00:00+09:00,7370.0,7460.0,7360.0,7420.0,13115,0.0,0.0
2023-08-30 12:00:00+09:00,7410.0,7450.0,7400.0,7430.0,3094,0.0,0.0
2023-08-30 13:00:00+09:00,7430.0,7430.0,7380.0,7420.0,7340,0.0,0.0
2023-08-30 14:00:00+09:00,7410.0,7420.0,7360.0,7410.0,8988,0.0,0.0
2023-08-31 09:00:00+09:00,7350.0,7500.0,7350.0,7400.0,26353,0.0,0.0
2023-08-31 10:00:00+09:00,7410.0,7460.0,7360.0,7380.0,17785,0.0,0.0
2023-08-31 11:00:00+09:00,7380.0,7390.0,7350.0,7360.0,5692,0.0,0.0
2023-08-31 12:00:00+09:00,7370.0,7390.0,7340.0,7350.0,7924,0.0,0.0
2023-08-31 13:00:00+09:00,7360.0,7360.0,7340.0,7340.0,9144,0.0,0.0
2023-08-31 14:00:00+09:00,7330.0,7370.0,7320.0,7350.0,11778,0.0,0.0
2023-09-01 09:00:00+09:00,7400.0,7400.0,7260.0,7260.0,25364,0.0,0.0
2023-09-01 10:00:00+09:00,7310.0,7310.0,7200.0,7230.0,39714,0.0,0.0
2023-09-01 11:00:00+09:00,7220.0,7280.0,7210.0,7240.0,5610,0.0,0.0
2023-09-01 12:00:00+09:00,7240.0,7290.0,7200.0,7280.0,10559,0.0,0.0
2023-09-01 13:00:00+09:00,7220.0,7220.0,7190.0,7220.0,11347,0.0,0.0
2023-09-01 14:00:00+09:00,7210.0,7230.0,7160.0,7170.0,26423,0.0,0.0
2023-09-04 09:00:00+09:00,7140.0,7220.0,7120.0,7200.0,0,0.0,0.0
2023-09-04 10:00:00+09:00,7180.0,7200.0,7160.0,7190.0,6818,0.0,0.0
2023-09-04 11:00:00+09:00,7190.0,7200.0,7170.0,7200.0,2990,0.0,0.0
2023-09-04 12:00:00+09:00,7170.0,7200.0,7150.0,7150.0,8277,0.0,0.0
2023-09-04 13:00:00+09:00,7150.0,7180.0,7150.0,7150.0,4040,0.0,0.0
2023-09-04 14:00:00+09:00,7150.0,7190.0,7150.0,7150.0,3302,0.0,0.0
2023-09-05 09:00:00+09:00,7200.0,7210.0,7150.0,7200.0,17414,0.0,0.0
2023-09-05 10:00:00+09:00,7200.0,7230.0,7190.0,7230.0,4945,0.0,0.0
2023-09-05 11:00:00+09:00,7220.0,7230.0,7200.0,7200.0,1559,0.0,0.0
2023-09-05 12:00:00+09:00,7200.0,7210.0,7190.0,7210.0,9173,0.0,0.0
2023-09-05 13:00:00+09:00,7210.0,7220.0,7200.0,7210.0,1943,0.0,0.0
2023-09-05 14:00:00+09:00,7200.0,7220.0,7200.0,7210.0,2681,0.0,0.0
2023-09-06 09:00:00+09:00,7220.0,7350.0,7180.0,7310.0,22330,0.0,0.0
2023-09-06 10:00:00+09:00,7300.0,7380.0,7280.0,7340.0,17257,0.0,0.0
2023-09-06 11:00:00+09:00,7350.0,7440.0,7320.0,7400.0,29924,0.0,0.0
2023-09-06 12:00:00+09:00,7400.0,7440.0,7370.0,7390.0,27298,0.0,0.0
2023-09-06 13:00:00+09:00,7380.0,7480.0,7350.0,7470.0,72331,0.0,0.0
2023-09-06 14:00:00+09:00,7470.0,7490.0,7380.0,7450.0,42584,0.0,0.0
2023-09-07 09:00:00+09:00,7510.0,7560.0,7380.0,7450.0,54518,0.0,0.0
2023-09-07 10:00:00+09:00,7430.0,7480.0,7330.0,7330.0,17274,0.0,0.0
2023-09-07 11:00:00+09:00,7350.0,7380.0,7340.0,7360.0,4948,0.0,0.0
2023-09-07 12:00:00+09:00,7380.0,7400.0,7320.0,7360.0,9004,0.0,0.0
2023-09-07 13:00:00+09:00,7320.0,7400.0,7290.0,7400.0,19529,0.0,0.0
2023-09-07 14:00:00+09:00,7360.0,7480.0,7320.0,7350.0,35229,0.0,0.0
2023-09-08 09:00:00+09:00,7320.0,7490.0,7290.0,7480.0,33856,0.0,0.0
2023-09-08 10:00:00+09:00,7490.0,7630.0,7460.0,7510.0,100217,0.0,0.0
2023-09-08 11:00:00+09:00,7510.0,7520.0,7470.0,7490.0,9276,0.0,0.0
2023-09-08 12:00:00+09:00,7500.0,7550.0,7490.0,7520.0,13293,0.0,0.0
2023-09-08 13:00:00+09:00,7510.0,7510.0,7470.0,7470.0,6025,0.0,0.0
2023-09-08 14:00:00+09:00,7470.0,7500.0,7470.0,7490.0,13185,0.0,0.0
2023-09-11 09:00:00+09:00,7500.0,7590.0,7420.0,7490.0,0,0.0,0.0
2023-09-11 10:00:00+09:00,7450.0,7500.0,7440.0,7500.0,11311,0.0,0.0
2023-09-11 11:00:00+09:00,7480.0,7600.0,7480.0,7510.0,33303,0.0,0.0
2023-09-11 12:00:00+09:00,7500.0,7540.0,7480.0,7500.0,7386,0.0,0.0
2023-09-11 13:00:00+09:00,7510.0,7530.0,7480.0,7510.0,12586,0.0,0.0
2023-09-11 14:00:00+09:00,7500.0,7520.0,7460.0,7480.0,15012,0.0,0.0
2023-09-12 09:00:00+09:00,7500.0,7560.0,7440.0,7440.0,16234,0.0,0.0
2023-09-12 10:00:00+09:00,7480.0,7540.0,7430.0,7530.0,29671,0.0,0.0
2023-09-12 11:00:00+09:00,7530.0,7540.0,7480.0,7500.0,13179,0.0,0.0
2023-09-12 12:00:00+09:00,7510.0,7510.0,7460.0,7510.0,9207,0.0,0.0
2023-09-12 13:00:00+09:00,7500.0,7510.0,7370.0,7380.0,27752,0.0,0.0
2023-09-12 14:00:00+09:00,7370.0,7400.0,7360.0,7380.0,6353,0.0,0.0
2023-09-13 09:00:00+09:00,7320.0,7380.0,7290.0,7350.0,17389,0.0,0.0
2023-09-13 10:00:00+09:00,7340.0,7370.0,7260.0,7260.0,20274,0.0,0.0
2023-09-13 11:00:00+09:00,7260.0,7310.0,7250.0,7280.0,7298,0.0,0.0
2023-09-13 12:00:00+09:00,7280.0,7300.0,7270.0,7270.0,3660,0.0,0.0
2023-09-13 13:00:00+09:00,7290.0,7450.0,7270.0,7320.0,11462,0.0,0.0
2023-09-13 14:00:00+09:00,7340.0,7370.0,7290.0,7290.0,4656,0.0,0.0
2023-09-14 09:00:00+09:00,7270.0,7350.0,7270.0,7320.0,11026,0.0,0.0
2023-09-14 10:00:00+09:00,7320.0,7320.0,7240.0,7260.0,14886,0.0,0.0
2023-09-14 11:00:00+09:00,7270.0,7310.0,7270.0,7310.0,2231,0.0,0.0
2023-09-14 12:00:00+09:00,7320.0,7340.0,7300.0,7340.0,3717,0.0,0.0
2023-09-14 13:00:00+09:00,7320.0,7340.0,7290.0,7340.0,3686,0.0,0.0
2023-09-14 14:00:00+09:00,7330.0,7330.0,7300.0,7300.0,2037,0.0,0.0
2023-09-15 09:00:00+09:00,7320.0,7390.0,7310.0,7360.0,8761,0.0,0.0
2023-09-15 10:00:00+09:00,7330.0,7360.0,7270.0,7310.0,12869,0.0,0.0
2023-09-15 11:00:00+09:00,7300.0,7310.0,7270.0,7290.0,4874,0.0,0.0
2023-09-15 12:00:00+09:00,7290.0,7380.0,7280.0,7310.0,11063,0.0,0.0
2023-09-15 13:00:00+09:00,7310.0,7380.0,7280.0,7320.0,7662,0.0,0.0
2023-09-15 14:00:00+09:00,7320.0,7360.0,7300.0,7300.0,7072,0.0,0.0
2023-09-18 09:00:00+09:00,7330.0,7360.0,7250.0,7290.0,0,0.0,0.0
2023-09-18 10:00:00+09:00,7290.0,7350.0,7290.0,7330.0,7244,0.0,0.0
2023-09-18 11:00:00+09:00,7320.0,7330.0,7270.0,7310.0,9055,0.0,0.0
2023-09-18 12:00:00+09:00,7310.0,7320.0,7280.0,7290.0,2060,0.0,0.0
2023-09-18 13:00:00+09:00,7280.0,7300.0,7250.0,7280.0,8783,0.0,0.0
2023-09-18 14:00:00+09:00,7270.0,7300.0,7260.0,7300.0,5748,0.0,0.0
2023-09-19 09:00:00+09:00,7240.0,7300.0,7170.0,7170.0,29754,0.0,0.0
2023-09-19 10:00:00+09:00,7170.0,7240.0,7170.0,7210.0,3986,0.0,0.0
2023-09-19 11:00:00+09:00,7190.0,7200.0,7150.0,7150.0,9789,0.0,0.0
2023-09-19 12:00:00+09:00,7190.0,7190.0,7150.0,7170.0,7345,0.0,0.0
2023-09-19 13:00:00+09:00,7170.0,7170.0,7140.0,7150.0,7520,0.0,0.0
2023-09-19 14:00:00+09:00,7150.0,7150.0,7130.0,7140.0,9741,0.0,0.0
2023-09-20 09:00:00+09:00,7140.0,7150.0,7120.0,7130.0,24299,0.0,0.0
2023-09-20 10:00:00+09:00,7130.0,7160.0,7130.0,7160.0,4590,0.0,0.0
2023-09-20 11:00:00+09:00,7160.0,7190.0,7140.0,7150.0,2877,0.0,0.0
2023-09-20 12:00:00+09:00,7150.0,7180.0,7130.0,7140.0,11697,0.0,0.0
2023-09-20 13:00:00+09:00,7130.0,7160.0,7130.0,7140.0,5053,0.0,0.0
2023-09-20 14:00:00+09:00,7140.0,7160.0,7130.0,7160.0,5321,0.0,0.0
2023-09-21 09:00:00+09:00,7110.0,7180.0,7100.0,7160.0,14224,0.0,0.0
2023-09-21 10:00:00+09:00,7150.0,7160.0,7110.0,7150.0,37102,0.0,0.0
2023-09-21 11:00:00+09:00,7150.0,7160.0,7130.0,7130.0,6798,0.0,0.0
2023-09-21 12:00:00+09:00,7140.0,7150.0,7130.0,7140.0,3983,0.0,0.0
2023-09-21 13:00:00+09:00,7130.0,7140.0,7110.0,7110.0,18639,0.0,0.0
2023-09-21 14:00:00+09:00,7110.0,7120.0,7050.0,7050.0,42295,0.0,0.0
2023-09-22 09:00:00+09:00,7050.0,7110.0,7020.0,7090.0,11222,0.0,0.0
2023-09-22 10:00:00+09:00,7080.0,7100.0,7030.0,7060.0,9400,0.0,0.0
2023-09-22 11:00:00+09:00,7060.0,7100.0,7040.0,7080.0,3964,0.0,0.0
2023-09-22 12:00:00+09:00,7080.0,7080.0,7020.0,7020.0,4995,0.0,0.0
2023-09-22 13:00:00+09:00,7020.0,7030.0,6990.0,7010.0,13078,0.0,0.0
2023-09-22 14:00:00+09:00,7010.0,7020.0,6910.0,6950.0,31998,0.0,0.0
2023-09-25 09:00:00+09:00,6890.0,6950.0,6880.0,6880.0,0,0.0,0.0
2023-09-25 10:00:00+09:00,6890.0,6900.0,6830.0,6840.0,16015,0.0,0.0
2023-09-25 11:00:00+09:00,6830.0,6840.0,6800.0,6830.0,12614,0.0,0.0
2023-09-25 12:00:00+09:00,6830.0,6840.0,6790.0,6800.0,7863,0.0,0.0
2023-09-25 13:00:00+09:00,6790.0,6790.0,6750.0,6780.0,19207,0.0,0.0
2023-09-25 14:00:00+09:00,6770.0,6810.0,6760.0,6790.0,11974,0.0,0.0
2023-09-26 09:00:00+09:00,6770.0,6850.0,6660.0,6690.0,22762,0.0,0.0
2023-09-26 10:00:00+09:00,6690.0,6750.0,6680.0,6700.0,7101,0.0,0.0
2023-09-26 11:00:00+09:00,6740.0,6740.0,6680.0,6690.0,8742,0.0,0.0
2023-09-26 12:00:00+09:00,6690.0,6690.0,6670.0,6680.0,4066,0.0,0.0
2023-09-26 13:00:00+09:00,6690.0,6690.0,6650.0,6650.0,10806,0.0,0.0
2023-09-26 14:00:00+09:00,6660.0,6680.0,6630.0,6640.0,11258,0.0,0.0
2023-09-27 09:00:00+09:00,6520.0,6770.0,6520.0,6750.0,23722,0.0,0.0
2023-09-27 10:00:00+09:00,6760.0,6810.0,6730.0,6800.0,7025,0.0,0.0
2023-09-27 11:00:00+09:00,6800.0,6800.0,6780.0,6790.0,2028,0.0,0.0
2023-09-27 12:00:00+09:00,6780.0,6820.0,6750.0,6820.0,25502,0.0,0.0
2023-09-27 13:00:00+09:00,6830.0,6880.0,6790.0,6840.0,1493,0.0,0.0
2023-09-27 14:00:00+09:00,6830.0,6880.0,6790.0,6880.0,2554,0.0,0.0
2023-10-04 09:00:00+09:00,6880.0,6880.0,6650.0,6670.0,0,0.0,0.0
2023-10-04 10:00:00+09:00,6660.0,6690.0,6580.0,6640.0,13525,0.0,0.0
2023-10-04 11:00:00+09:00,6640.0,6660.0,6590.0,6650.0,2747,0.0,0.0
2023-10-04 12:00:00+09:00,6640.0,6660.0,6620.0,6650.0,7788,0.0,0.0
2023-10-04 13:00:00+09:00,6670.0,6670.0,6640.0,6640.0,5532,0.0,0.0
2023-10-04 14:00:00+09:00,6670.0,6670.0,6610.0,6660.0,5280,0.0,0.0
2023-10-05 09:00:00+09:00,6630.0,6700.0,6580.0,6650.0,19394,0.0,0.0
2023-10-05 10:00:00+09:00,6650.0,6690.0,6640.0,6690.0,2660,0.0,0.0
2023-10-05 11:00:00+09:00,6690.0,6690.0,6640.0,6650.0,1045,0.0,0.0
2023-10-05 12:00:00+09:00,6650.0,6680.0,6650.0,6670.0,2012,0.0,0.0
2023-10-05 13:00:00+09:00,6680.0,6680.0,6580.0,6590.0,14594,0.0,0.0
2023-10-05 14:00:00+09:00,6590.0,6610.0,6430.0,6430.0,19676,0.0,0.0
2023-10-06 09:00:00+09:00,6330.0,6540.0,6330.0,6540.0,0,0.0,0.0
2023-10-06 10:00:00+09:00,6540.0,6640.0,6540.0,6600.0,25840,0.0,0.0
2023-10-06 11:00:00+09:00,6630.0,6650.0,6620.0,6640.0,1331,0.0,0.0
2023-10-06 12:00:00+09:00,6630.0,6640.0,6560.0,6640.0,2381,0.0,0.0
2023-10-06 13:00:00+09:00,6640.0,6690.0,6640.0,6670.0,4192,0.0,0.0
2023-10-06 14:00:00+09:00,6660.0,6660.0,6630.0,6660.0,4224,0.0,0.0
2023-10-10 09:00:00+09:00,6700.0,6780.0,6670.0,6740.0,0,0.0,0.0
2023-10-10 10:00:00+09:00,6730.0,6760.0,6710.0,6760.0,3080,0.0,0.0
2023-10-10 11:00:00+09:00,6760.0,6770.0,6720.0,6720.0,3496,0.0,0.0
2023-10-10 12:00:00+09:00,6710.0,6710.0,6610.0,6610.0,9519,0.0,0.0
2023-10-10 13:00:00+09:00,6610.0,6610.0,6480.0,6540.0,9071,0.0,0.0
2023-10-10 14:00:00+09:00,6500.0,6550.0,6490.0,6500.0,3560,0.0,0.0
2023-10-11 09:00:00+09:00,6500.0,6670.0,6500.0,6630.0,7748,0.0,0.0
2023-10-11 10:00:00+09:00,6610.0,6640.0,6590.0,6600.0,4421,0.0,0.0
2023-10-11 11:00:00+09:00,6640.0,6800.0,6640.0,6770.0,23128,0.0,0.0
2023-10-11 12:00:00+09:00,6790.0,6820.0,6770.0,6770.0,5383,0.0,0.0
2023-10-11 13:00:00+09:00,6780.0,6780.0,6690.0,6720.0,15119,0.0,0.0
2023-10-11 14:00:00+09:00,6720.0,7140.0,6710.0,6820.0,94768,0.0,0.0
2023-10-12 09:00:00+09:00,6800.0,6830.0,6750.0,6750.0,5813,0.0,0.0
2023-10-12 10:00:00+09:00,6760.0,6820.0,6760.0,6820.0,3955,0.0,0.0
2023-10-12 11:00:00+09:00,6820.0,6870.0,6820.0,6840.0,4174,0.0,0.0
2023-10-12 12:00:00+09:00,6850.0,6850.0,6800.0,6810.0,1451,0.0,0.0
2023-10-12 13:00:00+09:00,6810.0,6820.0,6780.0,6800.0,2874,0.0,0.0
2023-10-12 14:00:00+09:00,6780.0,6810.0,6750.0,6760.0,4554,0.0,0.0
2023-10-13 09:00:00+09:00,6860.0,6860.0,6610.0,6630.0,21034,0.0,0.0
2023-10-13 10:00:00+09:00,6630.0,6630.0,6600.0,6630.0,3244,0.0,0.0
2023-10-13 11:00:00+09:00,6630.0,6650.0,6610.0,6640.0,3528,0.0,0.0
2023-10-13 12:00:00+09:00,6630.0,6650.0,6600.0,6630.0,7342,0.0,0.0
2023-10-13 13:00:00+09:00,6650.0,6650.0,6600.0,6600.0,6351,0.0,0.0
2023-10-13 14:00:00+09:00,6600.0,6640.0,6580.0,6610.0,5165,0.0,0.0
2023-10-16 09:00:00+09:00,6610.0,6610.0,6350.0,6520.0,0,0.0,0.0
2023-10-16 10:00:00+09:00,6520.0,6520.0,6460.0,6460.0,1789,0.0,0.0
2023-10-16 11:00:00+09:00,6470.0,6490.0,6400.0,6420.0,8596,0.0,0.0
2023-10-16 12:00:00+09:00,6420.0,6510.0,6400.0,6440.0,6992,0.0,0.0
2023-10-16 13:00:00+09:00,6490.0,6490.0,6410.0,6410.0,1224,0.0,0.0
2023-10-16 14:00:00+09:00,6440.0,6480.0,6400.0,6410.0,4973,0.0,0.0
2023-10-17 09:00:00+09:00,6340.0,6520.0,6340.0,6470.0,21310,0.0,0.0
2023-10-17 10:00:00+09:00,6460.0,6490.0,6430.0,6460.0,6916,0.0,0.0
2023-10-17 11:00:00+09:00,6490.0,6490.0,6380.0,6440.0,2607,0.0,0.0
2023-10-17 12:00:00+09:00,6440.0,6460.0,6430.0,6450.0,2292,0.0,0.0
2023-10-17 13:00:00+09:00,6450.0,6470.0,6430.0,6450.0,7252,0.0,0.0
2023-10-17 14:00:00+09:00,6430.0,6460.0,6400.0,6450.0,6933,0.0,0.0
2023-10-18 09:00:00+09:00,6370.0,6440.0,6330.0,6340.0,11041,0.0,0.0
2023-10-18 10:00:00+09:00,6340.0,6360.0,6300.0,6330.0,7082,0.0,0.0
2023-10-18 11:00:00+09:00,6340.0,6350.0,6300.0,6330.0,5353,0.0,0.0
2023-10-18 12:00:00+09:00,6320.0,6350.0,6310.0,6310.0,3657,0.0,0.0
2023-10-18 13:00:00+09:00,6320.0,6330.0,6310.0,6310.0,8322,0.0,0.0
2023-10-18 14:00:00+09:00,6300.0,6310.0,6270.0,6300.0,7305,0.0,0.0
2023-10-19 09:00:00+09:00,6290.0,6290.0,6130.0,6210.0,15760,0.0,0.0
2023-10-19 10:00:00+09:00,6220.0,6220.0,6100.0,6100.0,14486,0.0,0.0
2023-10-19 11:00:00+09:00,6110.0,6120.0,6070.0,6070.0,9352,0.0,0.0
2023-10-19 12:00:00+09:00,6060.0,6070.0,6020.0,6050.0,9375,0.0,0.0
2023-10-19 13:00:00+09:00,6050.0,6090.0,6040.0,6090.0,3734,0.0,0.0
2023-10-19 14:00:00+09:00,6090.0,6100.0,6060.0,6090.0,13736,0.0,0.0
2023-10-20 09:00:00+09:00,5990.0,6100.0,5840.0,5850.0,26065,0.0,0.0
2023-10-20 10:00:00+09:00,5840.0,5860.0,5770.0,5860.0,14886,0.0,0.0
2023-10-20 11:00:00+09:00,5860.0,5880.0,5830.0,5880.0,5861,0.0,0.0
2023-10-20 12:00:00+09:00,5880.0,5900.0,5870.0,5900.0,3455,0.0,0.0
2023-10-20 13:00:00+09:00,5900.0,6000.0,5900.0,6000.0,6051,0.0,0.0
2023-10-20 14:00:00+09:00,5970.0,5990.0,5920.0,5920.0,4929,0.0,0.0
2023-10-23 09:00:00+09:00,5840.0,5940.0,5840.0,5940.0,0,0.0,0.0
2023-10-23 10:00:00+09:00,5940.0,6030.0,5900.0,6030.0,3290,0.0,0.0
2023-10-23 11:00:00+09:00,6030.0,6030.0,5970.0,5980.0,616,0.0,0.0
2023-10-23 12:00:00+09:00,5990.0,6000.0,5960.0,5960.0,938,0.0,0.0
2023-10-23 13:00:00+09:00,5990.0,5990.0,5840.0,5870.0,12733,0.0,0.0
2023-10-23 14:00:00+09:00,5860.0,5910.0,5810.0,5840.0,6659,0.0,0.0
2023-10-24 09:00:00+09:00,5830.0,5930.0,5810.0,5840.0,16088,0.0,0.0
2023-10-24 10:00:00+09:00,5830.0,5840.0,5740.0,5750.0,11727,0.0,0.0
2023-10-24 11:00:00+09:00,5750.0,5880.0,5750.0,5880.0,2851,0.0,0.0
2023-10-24 12:00:00+09:00,5880.0,5950.0,5870.0,5930.0,3057,0.0,0.0
2023-10-24 13:00:00+09:00,5920.0,6000.0,5890.0,6000.0,4097,0.0,0.0
2023-10-24 14:00:00+09:00,5990.0,6040.0,5970.0,6040.0,3945,0.0,0.0
2023-10-25 09:00:00+09:00,5990.0,6110.0,5970.0,6100.0,11634,0.0,0.0
2023-10-25 10:00:00+09:00,6100.0,6110.0,6020.0,6060.0,1923,0.0,0.0
2023-10-25 11:00:00+09:00,6060.0,6100.0,6000.0,6040.0,4472,0.0,0.0
2023-10-25 12:00:00+09:00,6030.0,6040.0,6000.0,6030.0,1556,0.0,0.0
2023-10-25 13:00:00+09:00,6030.0,6050.0,5980.0,6000.0,2109,0.0,0.0
2023-10-25 14:00:00+09:00,6000.0,6050.0,5980.0,6000.0,2809,0.0,0.0
2023-10-26 09:00:00+09:00,5990.0,6000.0,5870.0,5970.0,5209,0.0,0.0
2023-10-26 10:00:00+09:00,5940.0,5970.0,5890.0,5910.0,6249,0.0,0.0
2023-10-26 11:00:00+09:00,5910.0,5930.0,5850.0,5850.0,5240,0.0,0.0
2023-10-26 12:00:00+09:00,5850.0,5880.0,5840.0,5860.0,1700,0.0,0.0
2023-10-26 13:00:00+09:00,5850.0,5870.0,5800.0,5800.0,9715,0.0,0.0
2023-10-26 14:00:00+09:00,5800.0,5870.0,5710.0,5860.0,5989,0.0,0.0
2023-10-27 09:00:00+09:00,5860.0,5910.0,5810.0,5860.0,5638,0.0,0.0
2023-10-27 10:00:00+09:00,5860.0,5930.0,5830.0,5930.0,3044,0.0,0.0
2023-10-27 11:00:00+09:00,5930.0,5930.0,5860.0,5920.0,1792,0.0,0.0
2023-10-27 12:00:00+09:00,5910.0,5910.0,5870.0,5870.0,2971,0.0,0.0
2023-10-27 13:00:00+09:00,5870.0,5890.0,5800.0,5860.0,6843,0.0,0.0
2023-10-27 14:00:00+09:00,5880.0,5880.0,5840.0,5840.0,1263,0.0,0.0
2023-10-30 09:00:00+09:00,5890.0,5900.0,5810.0,5890.0,0,0.0,0.0
2023-10-30 10:00:00+09:00,5880.0,5980.0,5860.0,5970.0,2424,0.0,0.0
2023-10-30 11:00:00+09:00,5970.0,6000.0,5940.0,5940.0,1941,0.0,0.0
2023-10-30 12:00:00+09:00,5940.0,6000.0,5930.0,5950.0,1679,0.0,0.0
2023-10-30 13:00:00+09:00,5970.0,5990.0,5940.0,5970.0,1284,0.0,0.0
2023-10-30 14:00:00+09:00,5940.0,5960.0,5890.0,5960.0,8920,0.0,0.0
2023-10-31 09:00:00+09:00,5970.0,6010.0,5920.0,5940.0,5671,0.0,0.0
2023-10-31 10:00:00+09:00,5950.0,5960.0,5910.0,5940.0,6250,0.0,0.0
2023-10-31 11:00:00+09:00,5940.0,5950.0,5900.0,5900.0,4962,0.0,0.0
2023-10-31 12:00:00+09:00,5900.0,5910.0,5850.0,5880.0,1974,0.0,0.0
2023-10-31 13:00:00+09:00,5880.0,5880.0,5840.0,5840.0,3798,0.0,0.0
2023-10-31 14:00:00+09:00,5830.0,5830.0,5800.0,5800.0,4054,0.0,0.0
2023-11-01 09:00:00+09:00,5800.0,5890.0,5760.0,5890.0,6976,0.0,0.0
2023-11-01 10:00:00+09:00,5900.0,5920.0,5860.0,5860.0,1574,0.0,0.0
2023-11-01 11:00:00+09:00,5860.0,5890.0,5860.0,5890.0,234,0.0,0.0
2023-11-01 12:00:00+09:00,5860.0,5890.0,5860.0,5890.0,384,0.0,0.0
2023-11-01 13:00:00+09:00,5890.0,5900.0,5850.0,5890.0,1219,0.0,0.0
2023-11-01 14:00:00+09:00,5890.0,5890.0,5830.0,5830.0,4589,0.0,0.0
2023-11-02 09:00:00+09:00,5830.0,5940.0,5830.0,5930.0,8703,0.0,0.0
2023-11-02 10:00:00+09:00,5920.0,5990.0,5920.0,5990.0,4573,0.0,0.0
2023-11-02 11:00:00+09:00,5970.0,6000.0,5960.0,5960.0,1753,0.0,0.0
2023-11-02 12:00:00+09:00,5980.0,6000.0,5950.0,5990.0,1319,0.0,0.0
2023-11-02 13:00:00+09:00,5980.0,5990.0,5970.0,5990.0,958,0.0,0.0
2023-11-02 14:00:00+09:00,5990.0,6000.0,5950.0,6000.0,4358,0.0,0.0
2023-11-03 09:00:00+09:00,6150.0,6150.0,5990.0,6000.0,0,0.0,0.0
2023-11-03 10:00:00+09:00,6010.0,6270.0,6010.0,6210.0,34840,0.0,0.0
2023-11-03 11:00:00+09:00,6180.0,6240.0,6180.0,6190.0,7114,0.0,0.0
2023-11-03 12:00:00+09:00,6190.0,6190.0,6170.0,6170.0,3605,0.0,0.0
2023-11-03 13:00:00+09:00,6160.0,6180.0,6150.0,6160.0,1633,0.0,0.0
2023-11-03 14:00:00+09:00,6160.0,6200.0,6150.0,6200.0,2503,0.0,0.0
2023-11-06 09:00:00+09:00,6200.0,6290.0,6150.0,6250.0,0,0.0,0.0
2023-11-06 10:00:00+09:00,6260.0,6270.0,6200.0,6250.0,12924,0.0,0.0
2023-11-06 11:00:00+09:00,6250.0,6250.0,6180.0,6210.0,10134,0.0,0.0
2023-11-06 12:00:00+09:00,6210.0,6290.0,6210.0,6280.0,6040,0.0,0.0
2023-11-06 13:00:00+09:00,6270.0,6290.0,6260.0,6280.0,3497,0.0,0.0
2023-11-06 14:00:00+09:00,6270.0,6290.0,6250.0,6250.0,2963,0.0,0.0
2023-11-07 09:00:00+09:00,6240.0,6270.0,6160.0,6260.0,3663,0.0,0.0
2023-11-07 10:00:00+09:00,6200.0,6270.0,6200.0,6250.0,977,0.0,0.0
2023-11-07 11:00:00+09:00,6230.0,6230.0,6160.0,6190.0,5732,0.0,0.0
2023-11-07 12:00:00+09:00,6180.0,6180.0,6140.0,6170.0,11425,0.0,0.0
2023-11-07 13:00:00+09:00,6190.0,6190.0,6170.0,6170.0,722,0.0,0.0
2023-11-07 14:00:00+09:00,6170.0,6200.0,6160.0,6190.0,1686,0.0,0.0
2023-11-08 09:00:00+09:00,6210.0,6320.0,6200.0,6280.0,7310,0.0,0.0
2023-11-08 10:00:00+09:00,6280.0,6330.0,6240.0,6270.0,6619,0.0,0.0
2023-11-08 11:00:00+09:00,6290.0,6320.0,6280.0,6320.0,2631,0.0,0.0
2023-11-08 12:00:00+09:00,6300.0,6320.0,6260.0,6300.0,1335,0.0,0.0
2023-11-08 13:00:00+09:00,6300.0,6310.0,6290.0,6310.0,3619,0.0,0.0
2023-11-08 14:00:00+09:00,6290.0,6310.0,6270.0,6280.0,6610,0.0,0.0
2023-11-09 09:00:00+09:00,6290.0,6300.0,6210.0,6240.0,5656,0.0,0.0
2023-11-09 10:00:00+09:00,6200.0,6280.0,6150.0,6160.0,7253,0.0,0.0
2023-11-09 11:00:00+09:00,6200.0,6200.0,6130.0,6170.0,3857,0.0,0.0
2023-11-09 12:00:00+09:00,6160.0,6160.0,6100.0,6140.0,6051,0.0,0.0
2023-11-09 13:00:00+09:00,6110.0,6130.0,6090.0,6130.0,3289,0.0,0.0
2023-11-09 14:00:00+09:00,6130.0,6130.0,6100.0,6130.0,4785,0.0,0.0
2023-11-10 09:00:00+09:00,6110.0,6110.0,6020.0,6070.0,6374,0.0,0.0
2023-11-10 10:00:00+09:00,6060.0,6110.0,6050.0,6110.0,2670,0.0,0.0
2023-11-10 11:00:00+09:00,6110.0,6130.0,6080.0,6110.0,1330,0.0,0.0
2023-11-10 12:00:00+09:00,6080.0,6100.0,6060.0,6080.0,21440,0.0,0.0
2023-11-10 13:00:00+09:00,6080.0,6100.0,6080.0,6100.0,1661,0.0,0.0
2023-11-10 14:00:00+09:00,6110.0,6120.0,6090.0,6110.0,2240,0.0,0.0
2023-11-13 09:00:00+09:00,6090.0,6200.0,6080.0,6100.0,0,0.0,0.0
2023-11-13 10:00:00+09:00,6090.0,6120.0,6070.0,6100.0,2301,0.0,0.0
2023-11-13 11:00:00+09:00,6120.0,6140.0,6080.0,6080.0,24756,0.0,0.0
2023-11-13 12:00:00+09:00,6090.0,6090.0,6020.0,6060.0,4737,0.0,0.0
2023-11-13 13:00:00+09:00,6060.0,6080.0,6030.0,6040.0,1988,0.0,0.0
2023-11-13 14:00:00+09:00,6030.0,6050.0,6000.0,6000.0,3385,0.0,0.0
2023-11-14 09:00:00+09:00,6020.0,6070.0,6000.0,6060.0,2898,0.0,0.0
2023-11-14 10:00:00+09:00,6060.0,6060.0,6020.0,6050.0,3102,0.0,0.0
2023-11-14 11:00:00+09:00,6050.0,6060.0,6030.0,6040.0,1730,0.0,0.0
2023-11-14 12:00:00+09:00,6040.0,6050.0,6020.0,6050.0,975,0.0,0.0
2023-11-14 13:00:00+09:00,6030.0,6050.0,6000.0,6010.0,5096,0.0,0.0
2023-11-14 14:00:00+09:00,6010.0,6050.0,6000.0,6050.0,4963,0.0,0.0
2023-11-15 09:00:00+09:00,6080.0,6190.0,6070.0,6180.0,12808,0.0,0.0
2023-11-15 10:00:00+09:00,6180.0,6190.0,6150.0,6190.0,1952,0.0,0.0
2023-11-15 11:00:00+09:00,6170.0,6200.0,6170.0,6200.0,2633,0.0,0.0
2023-11-15 12:00:00+09:00,6200.0,6230.0,6180.0,6230.0,2903,0.0,0.0
2023-11-15 13:00:00+09:00,6210.0,6240.0,6180.0,6190.0,2537,0.0,0.0
2023-11-15 14:00:00+09:00,6200.0,6220.0,6190.0,6200.0,2092,0.0,0.0
2023-11-16 10:00:00+09:00,6260.0,6260.0,6180.0,6200.0,2910,0.0,0.0
2023-11-16 11:00:00+09:00,6200.0,6230.0,6200.0,6230.0,742,0.0,0.0
2023-11-16 12:00:00+09:00,6230.0,6230.0,6210.0,6230.0,1574,0.0,0.0
2023-11-16 13:00:00+09:00,6220.0,6220.0,6210.0,6220.0,898,0.0,0.0
2023-11-16 14:00:00+09:00,6220.0,6220.0,6200.0,6200.0,2175,0.0,0.0
2023-11-17 09:00:00+09:00,6170.0,6220.0,6060.0,6110.0,10139,0.0,0.0
2023-11-17 10:00:00+09:00,6110.0,6130.0,6080.0,6110.0,845,0.0,0.0
2023-11-17 11:00:00+09:00,6100.0,6130.0,6080.0,6130.0,966,0.0,0.0
2023-11-17 12:00:00+09:00,6100.0,6130.0,6100.0,6130.0,964,0.0,0.0
2023-11-17 13:00:00+09:00,6110.0,6130.0,6080.0,6090.0,942,0.0,0.0
2023-11-17 14:00:00+09:00,6120.0,6130.0,6080.0,6080.0,5389,0.0,0.0
2023-11-20 09:00:00+09:00,6180.0,6180.0,6070.0,6160.0,0,0.0,0.0
2023-11-20 10:00:00+09:00,6150.0,6240.0,6140.0,6240.0,6570,0.0,0.0
2023-11-20 11:00:00+09:00,6240.0,6250.0,6200.0,6200.0,1422,0.0,0.0
2023-11-20 12:00:00+09:00,6200.0,6300.0,6200.0,6290.0,10151,0.0,0.0
2023-11-20 13:00:00+09:00,6290.0,6300.0,6270.0,6280.0,3129,0.0,0.0
2023-11-20 14:00:00+09:00,6260.0,6270.0,6200.0,6250.0,5237,0.0,0.0
2023-11-21 09:00:00+09:00,6280.0,6330.0,6270.0,6310.0,2988,0.0,0.0
2023-11-21 10:00:00+09:00,6320.0,6320.0,6260.0,6290.0,3947,0.0,0.0
2023-11-21 11:00:00+09:00,6260.0,6290.0,6260.0,6280.0,989,0.0,0.0
2023-11-21 12:00:00+09:00,6280.0,6300.0,6280.0,6290.0,1434,0.0,0.0
2023-11-21 13:00:00+09:00,6290.0,6320.0,6290.0,6320.0,2312,0.0,0.0
2023-11-21 14:00:00+09:00,6320.0,6320.0,6300.0,6300.0,545,0.0,0.0
2023-11-22 09:00:00+09:00,6290.0,6290.0,6120.0,6210.0,5466,0.0,0.0
2023-11-22 10:00:00+09:00,6210.0,6220.0,6150.0,6160.0,697,0.0,0.0
2023-11-22 11:00:00+09:00,6210.0,6210.0,6160.0,6180.0,887,0.0,0.0
2023-11-22 12:00:00+09:00,6180.0,6190.0,6140.0,6170.0,3089,0.0,0.0
2023-11-22 13:00:00+09:00,6190.0,6190.0,6160.0,6170.0,1102,0.0,0.0
2023-11-22 14:00:00+09:00,6180.0,6240.0,6150.0,6160.0,6774,0.0,0.0
2023-11-23 09:00:00+09:00,6190.0,6210.0,6160.0,6190.0,2967,0.0,0.0
2023-11-23 10:00:00+09:00,6190.0,6200.0,6160.0,6200.0,3537,0.0,0.0
2023-11-23 11:00:00+09:00,6200.0,6230.0,6190.0,6230.0,1673,0.0,0.0
2023-11-23 12:00:00+09:00,6220.0,6230.0,6200.0,6200.0,3679,0.0,0.0
2023-11-23 13:00:00+09:00,6200.0,6210.0,6180.0,6210.0,1187,0.0,0.0
2023-11-23 14:00:00+09:00,6220.0,6230.0,6190.0,6190.0,4631,0.0,0.0
2023-11-24 09:00:00+09:00,6270.0,6270.0,6210.0,6250.0,1701,0.0,0.0
2023-11-24 10:00:00+09:00,6230.0,6240.0,6210.0,6210.0,1045,0.0,0.0
2023-11-24 11:00:00+09:00,6200.0,6210.0,6160.0,6210.0,3630,0.0,0.0
2023-11-24 12:00:00+09:00,6210.0,6230.0,6170.0,6170.0,2699,0.0,0.0
2023-11-24 13:00:00+09:00,6220.0,6230.0,6160.0,6180.0,2845,0.0,0.0
2023-11-24 14:00:00+09:00,6190.0,6190.0,6150.0,6180.0,2241,0.0,0.0
2023-11-27 09:00:00+09:00,6220.0,6230.0,6100.0,6100.0,0,0.0,0.0
2023-11-27 10:00:00+09:00,6100.0,6150.0,6100.0,6140.0,1269,0.0,0.0
2023-11-27 11:00:00+09:00,6140.0,6140.0,6100.0,6100.0,2811,0.0,0.0
2023-11-27 12:00:00+09:00,6100.0,6100.0,6010.0,6050.0,10463,0.0,0.0
2023-11-27 13:00:00+09:00,6070.0,6080.0,6050.0,6050.0,3212,0.0,0.0
2023-11-27 14:00:00+09:00,6050.0,6070.0,6030.0,6050.0,1544,0.0,0.0
2023-11-28 09:00:00+09:00,6000.0,6060.0,6000.0,6030.0,17936,0.0,0.0
2023-11-28 10:00:00+09:00,6030.0,6030.0,6000.0,6000.0,3664,0.0,0.0
2023-11-28 11:00:00+09:00,6020.0,6030.0,6000.0,6010.0,2257,0.0,0.0
2023-11-28 12:00:00+09:00,6020.0,6020.0,5980.0,5990.0,7154,0.0,0.0
2023-11-28 13:00:00+09:00,5990.0,6000.0,5960.0,5980.0,3699,0.0,0.0
2023-11-28 14:00:00+09:00,5980.0,5980.0,5960.0,5970.0,2456,0.0,0.0
2023-11-29 09:00:00+09:00,6000.0,6000.0,5920.0,5930.0,5249,0.0,0.0
2023-11-29 10:00:00+09:00,5940.0,6200.0,5930.0,6000.0,25170,0.0,0.0
2023-11-29 11:00:00+09:00,5990.0,5990.0,5940.0,5940.0,2325,0.0,0.0
2023-11-29 12:00:00+09:00,5950.0,6060.0,5950.0,6050.0,5342,0.0,0.0
2023-11-29 13:00:00+09:00,6040.0,6050.0,5980.0,6030.0,1284,0.0,0.0
2023-11-29 14:00:00+09:00,6020.0,6020.0,5940.0,5960.0,4127,0.0,0.0
2023-11-30 09:00:00+09:00,5980.0,6020.0,5940.0,6010.0,5128,0.0,0.0
2023-11-30 10:00:00+09:00,6020.0,6050.0,5970.0,6010.0,4671,0.0,0.0
2023-11-30 11:00:00+09:00,5980.0,6010.0,5960.0,6000.0,2773,0.0,0.0
2023-11-30 12:00:00+09:00,6000.0,6000.0,5930.0,5940.0,4687,0.0,0.0
2023-11-30 13:00:00+09:00,5980.0,5990.0,5940.0,5990.0,441,0.0,0.0
2023-11-30 14:00:00+09:00,5980.0,5980.0,5940.0,5970.0,2511,0.0,0.0
2023-12-01 09:00:00+09:00,5940.0,5980.0,5920.0,5960.0,3946,0.0,0.0
2023-12-01 10:00:00+09:00,5960.0,5990.0,5940.0,5980.0,2083,0.0,0.0
2023-12-01 11:00:00+09:00,5970.0,5980.0,5960.0,5970.0,668,0.0,0.0
2023-12-01 12:00:00+09:00,5970.0,5980.0,5920.0,5930.0,4060,0.0,0.0
2023-12-01 13:00:00+09:00,5930.0,5970.0,5920.0,5970.0,4915,0.0,0.0
2023-12-01 14:00:00+09:00,5970.0,5970.0,5930.0,5950.0,1588,0.0,0.0
2023-12-04 09:00:00+09:00,5950.0,5960.0,5860.0,5880.0,0,0.0,0.0
2023-12-04 10:00:00+09:00,5890.0,5920.0,5860.0,5890.0,13061,0.0,0.0
2023-12-04 11:00:00+09:00,5890.0,5900.0,5870.0,5900.0,4104,0.0,0.0
2023-12-04 12:00:00+09:00,5900.0,5910.0,5900.0,5910.0,1499,0.0,0.0
2023-12-04 13:00:00+09:00,5910.0,5920.0,5910.0,5910.0,710,0.0,0.0
2023-12-04 14:00:00+09:00,5910.0,5910.0,5860.0,5890.0,11858,0.0,0.0
2023-12-05 09:00:00+09:00,5810.0,5940.0,5810.0,5890.0,0,0.0,0.0
2023-12-05 10:00:00+09:00,5870.0,5950.0,5850.0,5890.0,6888,0.0,0.0
2023-12-05 11:00:00+09:00,5890.0,5890.0,5840.0,5840.0,2462,0.0,0.0
2023-12-05 12:00:00+09:00,5840.0,5880.0,5820.0,5840.0,9839,0.0,0.0
2023-12-05 13:00:00+09:00,5840.0,5910.0,5840.0,5900.0,1893,0.0,0.0
2023-12-05 14:00:00+09:00,5890.0,5890.0,5820.0,5840.0,4491,0.0,0.0
2023-12-06 09:00:00+09:00,5920.0,5930.0,5860.0,5920.0,7558,0.0,0.0
2023-12-06 10:00:00+09:00,5910.0,5980.0,5910.0,5960.0,3148,0.0,0.0
2023-12-06 11:00:00+09:00,5960.0,5960.0,5870.0,5930.0,7139,0.0,0.0
2023-12-06 12:00:00+09:00,5930.0,5970.0,5930.0,5960.0,5804,0.0,0.0
2023-12-06 13:00:00+09:00,5950.0,5980.0,5910.0,5910.0,5032,0.0,0.0
2023-12-06 14:00:00+09:00,5940.0,5940.0,5910.0,5920.0,524,0.0,0.0
2023-12-07 09:00:00+09:00,5900.0,5930.0,5870.0,5900.0,1050,0.0,0.0
2023-12-07 10:00:00+09:00,5910.0,5910.0,5880.0,5910.0,4058,0.0,0.0
2023-12-07 11:00:00+09:00,5910.0,5910.0,5880.0,5900.0,717,0.0,0.0
2023-12-07 12:00:00+09:00,5890.0,5950.0,5880.0,5940.0,1514,0.0,0.0
2023-12-07 13:00:00+09:00,5900.0,5930.0,5900.0,5910.0,4437,0.0,0.0
2023-12-07 14:00:00+09:00,5900.0,5900.0,5850.0,5850.0,6608,0.0,0.0
2023-12-08 09:00:00+09:00,6270.0,6600.0,5930.0,6010.0,214653,0.0,0.0
2023-12-08 10:00:00+09:00,6010.0,6040.0,5980.0,5990.0,12508,0.0,0.0
2023-12-08 11:00:00+09:00,5990.0,6030.0,5990.0,5990.0,5559,0.0,0.0
2023-12-08 12:00:00+09:00,6000.0,6000.0,5930.0,5940.0,12090,0.0,0.0
2023-12-08 13:00:00+09:00,5940.0,6000.0,5920.0,6000.0,3736,0.0,0.0
2023-12-08 14:00:00+09:00,6000.0,6030.0,5990.0,6010.0,9125,0.0,0.0
2023-12-11 09:00:00+09:00,6010.0,6080.0,5980.0,6020.0,0,0.0,0.0
2023-12-11 10:00:00+09:00,6020.0,6020.0,5980.0,6000.0,2921,0.0,0.0
2023-12-11 11:00:00+09:00,6000.0,6000.0,5980.0,5980.0,4393,0.0,0.0
2023-12-11 12:00:00+09:00,5990.0,5990.0,5960.0,5980.0,2850,0.0,0.0
2023-12-11 13:00:00+09:00,5980.0,5990.0,5960.0,5990.0,3213,0.0,0.0
2023-12-11 14:00:00+09:00,5970.0,5980.0,5960.0,5970.0,2270,0.0,0.0
2023-12-12 09:00:00+09:00,5990.0,6060.0,5960.0,6010.0,9551,0.0,0.0
2023-12-12 10:00:00+09:00,6010.0,6110.0,6010.0,6080.0,16247,0.0,0.0
2023-12-12 11:00:00+09:00,6070.0,6080.0,6030.0,6030.0,4032,0.0,0.0
2023-12-12 12:00:00+09:00,6070.0,6070.0,6010.0,6050.0,257,0.0,0.0
2023-12-12 13:00:00+09:00,6040.0,6070.0,6020.0,6050.0,4015,0.0,0.0
2023-12-12 14:00:00+09:00,6050.0,6060.0,6010.0,6030.0,2071,0.0,0.0
2023-12-13 09:00:00+09:00,6020.0,6090.0,5970.0,5980.0,6297,0.0,0.0
2023-12-13 10:00:00+09:00,5980.0,5980.0,5940.0,5960.0,4007,0.0,0.0
2023-12-13 11:00:00+09:00,5960.0,5960.0,5950.0,5950.0,2466,0.0,0.0
2023-12-13 12:00:00+09:00,5960.0,6030.0,5950.0,6010.0,4327,0.0,0.0
2023-12-13 13:00:00+09:00,6010.0,6040.0,6010.0,6020.0,3251,0.0,0.0
2023-12-13 14:00:00+09:00,6010.0,6020.0,5950.0,5950.0,11523,0.0,0.0
2023-12-14 09:00:00+09:00,6020.0,6070.0,5970.0,6010.0,7566,0.0,0.0
2023-12-14 10:00:00+09:00,6000.0,6020.0,5990.0,6020.0,2884,0.0,0.0
2023-12-14 11:00:00+09:00,6010.0,6010.0,5990.0,6010.0,2548,0.0,0.0
2023-12-14 12:00:00+09:00,6020.0,6020.0,5990.0,6010.0,2310,0.0,0.0
2023-12-14 13:00:00+09:00,6000.0,6020.0,5980.0,6000.0,3328,0.0,0.0
2023-12-14 14:00:00+09:00,5980.0,6010.0,5980.0,5990.0,2158,0.0,0.0
2023-12-15 09:00:00+09:00,6020.0,6030.0,5950.0,5990.0,5897,0.0,0.0
2023-12-15 10:00:00+09:00,5990.0,6100.0,5980.0,6040.0,5872,0.0,0.0
2023-12-15 11:00:00+09:00,6030.0,6100.0,6020.0,6040.0,3887,0.0,0.0
2023-12-15 12:00:00+09:00,6030.0,6040.0,5990.0,5990.0,2456,0.0,0.0
2023-12-15 13:00:00+09:00,5990.0,5990.0,5960.0,5990.0,4706,0.0,0.0
2023-12-15 14:00:00+09:00,5960.0,5990.0,5960.0,5990.0,1849,0.0,0.0
2023-12-18 09:00:00+09:00,5990.0,6020.0,5950.0,6020.0,0,0.0,0.0
2023-12-18 10:00:00+09:00,6010.0,6020.0,5990.0,5990.0,2112,0.0,0.0
2023-12-18 11:00:00+09:00,5990.0,6020.0,5970.0,5980.0,2301,0.0,0.0
2023-12-18 12:00:00+09:00,5980.0,5990.0,5980.0,5990.0,1227,0.0,0.0
2023-12-18 13:00:00+09:00,6010.0,6010.0,5990.0,5990.0,637,0.0,0.0
2023-12-18 14:00:00+09:00,5990.0,6020.0,5990.0,6010.0,956,0.0,0.0
2023-12-19 09:00:00+09:00,5940.0,6040.0,5940.0,6010.0,11762,0.0,0.0
2023-12-19 10:00:00+09:00,6010.0,6040.0,5980.0,6000.0,5495,0.0,0.0
2023-12-19 11:00:00+09:00,5990.0,6000.0,5970.0,5970.0,2950,0.0,0.0
2023-12-19 12:00:00+09:00,5970.0,5980.0,5960.0,5980.0,4342,0.0,0.0
2023-12-19 13:00:00+09:00,5970.0,5990.0,5950.0,5990.0,0,0.0,0.0
2023-12-19 14:00:00+09:00,5950.0,5980.0,5940.0,5960.0,35082,0.0,0.0
2023-12-20 09:00:00+09:00,5950.0,6000.0,5950.0,5970.0,5113,0.0,0.0
2023-12-20 10:00:00+09:00,5970.0,6000.0,5960.0,5990.0,6142,0.0,0.0
2023-12-20 11:00:00+09:00,5990.0,5990.0,5970.0,5990.0,2714,0.0,0.0
2023-12-20 12:00:00+09:00,5990.0,6020.0,5980.0,6010.0,6025,0.0,0.0
2023-12-20 13:00:00+09:00,6000.0,6010.0,5980.0,6000.0,3581,0.0,0.0
2023-12-20 14:00:00+09:00,6000.0,6000.0,5970.0,5980.0,5025,0.0,0.0
2023-12-21 09:00:00+09:00,6000.0,6080.0,5970.0,6040.0,7409,0.0,0.0
2023-12-21 10:00:00+09:00,6040.0,6050.0,5980.0,5980.0,11075,0.0,0.0
2023-12-21 11:00:00+09:00,5980.0,6030.0,5970.0,5980.0,1576,0.0,0.0
2023-12-21 12:00:00+09:00,5980.0,5990.0,5980.0,5980.0,929,0.0,0.0
2023-12-21 13:00:00+09:00,5980.0,6000.0,5970.0,5980.0,1527,0.0,0.0
2023-12-21 14:00:00+09:00,5980.0,5990.0,5970.0,5970.0,1677,0.0,0.0
2023-12-22 09:00:00+09:00,5960.0,5990.0,5940.0,5960.0,2687,0.0,0.0
2023-12-22 10:00:00+09:00,5950.0,5990.0,5950.0,5970.0,1094,0.0,0.0
2023-12-22 11:00:00+09:00,5970.0,5990.0,5960.0,5990.0,821,0.0,0.0
2023-12-22 12:00:00+09:00,5980.0,6000.0,5980.0,5990.0,5642,0.0,0.0
2023-12-22 13:00:00+09:00,5990.0,6000.0,5980.0,5980.0,3479,0.0,0.0
2023-12-22 14:00:00+09:00,6000.0,6020.0,5980.0,5990.0,2158,0.0,0.0
2023-12-26 09:00:00+09:00,5980.0,6040.0,5980.0,6010.0,0,0.0,0.0
2023-12-26 10:00:00+09:00,6010.0,6020.0,6000.0,6010.0,5117,0.0,0.0
2023-12-26 11:00:00+09:00,6010.0,6010.0,5990.0,6010.0,1456,0.0,0.0
2023-12-26 12:00:00+09:00,6010.0,6010.0,5980.0,5990.0,2843,0.0,0.0
2023-12-26 13:00:00+09:00,5990.0,6000.0,5980.0,5990.0,1187,0.0,0.0
2023-12-26 14:00:00+09:00,5980.0,6000.0,5980.0,6000.0,2779,0.0,0.0
2023-12-27 09:00:00+09:00,5970.0,6010.0,5960.0,6000.0,0,0.0,0.0
2023-12-27 10:00:00+09:00,5990.0,6060.0,5950.0,6040.0,18223,0.0,0.0
2023-12-27 11:00:00+09:00,6040.0,6100.0,6040.0,6070.0,6368,0.0,0.0
2023-12-27 12:00:00+09:00,6060.0,6070.0,6050.0,6060.0,2448,0.0,0.0
2023-12-27 13:00:00+09:00,6060.0,6080.0,6060.0,6070.0,1512,0.0,0.0
2023-12-27 14:00:00+09:00,6070.0,6080.0,6050.0,6050.0,3537,0.0,0.0
2023-12-28 09:00:00+09:00,6120.0,6120.0,6040.0,6070.0,4099,0.0,0.0
2023-12-28 10:00:00+09:00,6070.0,6100.0,6070.0,6070.0,3147,0.0,0.0
2023-12-28 11:00:00+09:00,6070.0,6120.0,6070.0,6120.0,4043,0.0,0.0
2023-12-28 12:00:00+09:00,6120.0,6130.0,6100.0,6120.0,1422,0.0,0.0
2023-12-28 13:00:00+09:00,6120.0,6260.0,6090.0,6180.0,26579,0.0,0.0
2023-12-28 14:00:00+09:00,6130.0,6190.0,6110.0,6170.0,13095,0.0,0.0
2024-01-02 10:00:00+09:00,6200.0,6810.0,6180.0,6430.0,233668,0.0,0.0
2024-01-02 11:00:00+09:00,6430.0,7150.0,6340.0,6570.0,592351,0.0,0.0
2024-01-02 12:00:00+09:00,6580.0,7200.0,6560.0,6830.0,1269729,0.0,0.0
2024-01-02 13:00:00+09:00,6820.0,7150.0,6710.0,6980.0,693305,0.0,0.0
2024-01-02 14:00:00+09:00,6960.0,6970.0,6710.0,6870.0,295230,0.0,0.0
2024-01-03 09:00:00+09:00,6870.0,6900.0,6750.0,6850.0,138657,0.0,0.0
2024-01-03 10:00:00+09:00,6860.0,7430.0,6790.0,6960.0,1198661,0.0,0.0
2024-01-03 11:00:00+09:00,6960.0,7060.0,6880.0,6960.0,137553,0.0,0.0
2024-01-03 12:00:00+09:00,6960.0,7290.0,6900.0,7070.0,440599,0.0,0.0
2024-01-03 13:00:00+09:00,7070.0,7120.0,6980.0,7020.0,117502,0.0,0.0
2024-01-03 14:00:00+09:00,7010.0,7050.0,6920.0,6980.0,50447,0.0,0.0
2024-01-04 09:00:00+09:00,6900.0,6900.0,6570.0,6650.0,132003,0.0,0.0
2024-01-04 10:00:00+09:00,6650.0,6690.0,6610.0,6620.0,22594,0.0,0.0
2024-01-04 11:00:00+09:00,6620.0,6640.0,6550.0,6620.0,34457,0.0,0.0
2024-01-04 12:00:00+09:00,6620.0,6680.0,6560.0,6670.0,13817,0.0,0.0
2024-01-04 13:00:00+09:00,6660.0,6660.0,6590.0,6620.0,12454,0.0,0.0
2024-01-04 14:00:00+09:00,6610.0,6640.0,6580.0,6610.0,36385,0.0,0.0
2024-01-05 09:00:00+09:00,6620.0,6790.0,6600.0,6720.0,41154,0.0,0.0
2024-01-05 10:00:00+09:00,6700.0,6720.0,6650.0,6700.0,18332,0.0,0.0
2024-01-05 11:00:00+09:00,6660.0,6700.0,6640.0,6690.0,15111,0.0,0.0
2024-01-05 12:00:00+09:00,6680.0,6700.0,6640.0,6660.0,8024,0.0,0.0
2024-01-05 13:00:00+09:00,6660.0,6680.0,6610.0,6630.0,17035,0.0,0.0
2024-01-05 14:00:00+09:00,6620.0,6750.0,6610.0,6640.0,27109,0.0,0.0
2024-01-08 09:00:00+09:00,6660.0,6700.0,6550.0,6580.0,0,0.0,0.0
2024-01-08 10:00:00+09:00,6580.0,6690.0,6570.0,6630.0,11332,0.0,0.0
2024-01-08 11:00:00+09:00,6650.0,6670.0,6610.0,6610.0,2385,0.0,0.0
2024-01-08 12:00:00+09:00,6650.0,6710.0,6580.0,6580.0,14561,0.0,0.0
2024-01-08 13:00:00+09:00,6580.0,6590.0,6550.0,6550.0,17715,0.0,0.0
2024-01-08 14:00:00+09:00,6550.0,6560.0,6470.0,6490.0,20235,0.0,0.0
2024-01-09 09:00:00+09:00,6470.0,6590.0,6460.0,6580.0,17858,0.0,0.0
2024-01-09 10:00:00+09:00,6530.0,6600.0,6530.0,6600.0,8403,0.0,0.0
2024-01-09 11:00:00+09:00,6600.0,6610.0,6570.0,6610.0,3885,0.0,0.0
2024-01-09 12:00:00+09:00,6600.0,6630.0,6500.0,6550.0,12621,0.0,0.0
2024-01-09 13:00:00+09:00,6550.0,6580.0,6490.0,6510.0,5064,0.0,0.0
2024-01-09 14:00:00+09:00,6510.0,6560.0,6510.0,6540.0,3337,0.0,0.0
2024-01-10 09:00:00+09:00,6540.0,6600.0,6450.0,6530.0,32831,0.0,0.0
2024-01-10 10:00:00+09:00,6540.0,6570.0,6470.0,6550.0,8013,0.0,0.0
2024-01-10 11:00:00+09:00,6550.0,6560.0,6480.0,6480.0,11146,0.0,0.0
2024-01-10 12:00:00+09:00,6490.0,6530.0,6480.0,6530.0,1719,0.0,0.0
2024-01-10 13:00:00+09:00,6530.0,6530.0,6470.0,6480.0,23645,0.0,0.0
2024-01-10 14:00:00+09:00,6510.0,6510.0,6460.0,6460.0,4642,0.0,0.0
2024-01-11 09:00:00+09:00,6460.0,6500.0,6340.0,6340.0,23003,0.0,0.0
2024-01-11 10:00:00+09:00,6400.0,6480.0,6350.0,6460.0,5491,0.0,0.0
2024-01-11 11:00:00+09:00,6460.0,6500.0,6440.0,6500.0,4205,0.0,0.0
2024-01-11 12:00:00+09:00,6480.0,6500.0,6470.0,6470.0,903,0.0,0.0
2024-01-11 13:00:00+09:00,6470.0,6560.0,6460.0,6490.0,11022,0.0,0.0
2024-01-11 14:00:00+09:00,6490.0,6530.0,6480.0,6520.0,5799,0.0,0.0
2024-01-12 09:00:00+09:00,6550.0,6550.0,6350.0,6350.0,26977,0.0,0.0
2024-01-12 10:00:00+09:00,6350.0,6380.0,6350.0,6380.0,3366,0.0,0.0
2024-01-12 11:00:00+09:00,6380.0,6380.0,6330.0,6370.0,8037,0.0,0.0
2024-01-12 12:00:00+09:00,6350.0,6370.0,6320.0,6350.0,2331,0.0,0.0
2024-01-12 13:00:00+09:00,6350.0,6350.0,6300.0,6310.0,11708,0.0,0.0
2024-01-12 14:00:00+09:00,6320.0,6350.0,6300.0,6300.0,8815,0.0,0.0
2024-01-15 09:00:00+09:00,6260.0,6350.0,6250.0,6350.0,0,0.0,0.0
2024-01-15 10:00:00+09:00,6350.0,6360.0,6250.0,6260.0,20087,0.0,0.0
2024-01-15 11:00:00+09:00,6260.0,6280.0,6200.0,6260.0,15364,0.0,0.0
2024-01-15 12:00:00+09:00,6280.0,6280.0,6240.0,6250.0,925,0.0,0.0
2024-01-15 13:00:00+09:00,6250.0,6260.0,6210.0,6240.0,6554,0.0,0.0
2024-01-15 14:00:00+09:00,6240.0,6240.0,6150.0,6180.0,10889,0.0,0.0
2024-01-16 09:00:00+09:00,6400.0,6600.0,6300.0,6300.0,76996,0.0,0.0
2024-01-16 10:00:00+09:00,6300.0,6320.0,6250.0,6310.0,7932,0.0,0.0
2024-01-16 11:00:00+09:00,6320.0,6320.0,6260.0,6290.0,3127,0.0,0.0
2024-01-16 12:00:00+09:00,6270.0,6330.0,6260.0,6260.0,8950,0.0,0.0
2024-01-16 13:00:00+09:00,6270.0,6310.0,6260.0,6300.0,1343,0.0,0.0
2024-01-16 14:00:00+09:00,6300.0,6310.0,6260.0,6290.0,5451,0.0,0.0
2024-01-17 09:00:00+09:00,6190.0,6250.0,6050.0,6100.0,18828,0.0,0.0
2024-01-17 10:00:00+09:00,6100.0,6120.0,6040.0,6070.0,7607,0.0,0.0
2024-01-17 11:00:00+09:00,6070.0,6080.0,6020.0,6040.0,11329,0.0,0.0
2024-01-17 12:00:00+09:00,6040.0,6060.0,6000.0,6020.0,10355,0.0,0.0
2024-01-17 13:00:00+09:00,6040.0,6050.0,6000.0,6050.0,5467,0.0,0.0
2024-01-17 14:00:00+09:00,6050.0,6050.0,6010.0,6030.0,4896,0.0,0.0
2024-01-18 09:00:00+09:00,6020.0,6300.0,5980.0,6230.0,12357,0.0,0.0
2024-01-18 10:00:00+09:00,6220.0,6220.0,6090.0,6090.0,8939,0.0,0.0
2024-01-18 11:00:00+09:00,6090.0,6150.0,6090.0,6140.0,434,0.0,0.0
2024-01-18 12:00:00+09:00,6100.0,6110.0,6090.0,6090.0,1075,0.0,0.0
2024-01-18 13:00:00+09:00,6090.0,6100.0,6000.0,6000.0,11496,0.0,0.0
2024-01-18 14:00:00+09:00,6020.0,6050.0,6010.0,6020.0,3752,0.0,0.0
2024-01-19 09:00:00+09:00,6210.0,6260.0,6050.0,6140.0,28686,0.0,0.0
2024-01-19 10:00:00+09:00,6140.0,6170.0,6110.0,6120.0,2720,0.0,0.0
2024-01-19 11:00:00+09:00,6110.0,6140.0,6100.0,6110.0,1219,0.0,0.0
2024-01-19 12:00:00+09:00,6110.0,6120.0,6080.0,6100.0,2954,0.0,0.0
2024-01-19 13:00:00+09:00,6100.0,6100.0,6080.0,6090.0,1529,0.0,0.0
2024-01-19 14:00:00+09:00,6090.0,6100.0,6040.0,6080.0,13178,0.0,0.0
2024-01-22 09:00:00+09:00,6070.0,6250.0,6070.0,6240.0,0,0.0,0.0
2024-01-22 10:00:00+09:00,6200.0,6240.0,6190.0,6200.0,10623,0.0,0.0
2024-01-22 11:00:00+09:00,6190.0,6230.0,6170.0,6190.0,5775,0.0,0.0
2024-01-22 12:00:00+09:00,6180.0,6210.0,6180.0,6210.0,2023,0.0,0.0
2024-01-22 13:00:00+09:00,6200.0,6200.0,6160.0,6180.0,1425,0.0,0.0
2024-01-22 14:00:00+09:00,6180.0,6210.0,6170.0,6190.0,4692,0.0,0.0
2024-01-23 09:00:00+09:00,6210.0,6330.0,6180.0,6280.0,16579,0.0,0.0
2024-01-23 10:00:00+09:00,6280.0,6280.0,6200.0,6240.0,2065,0.0,0.0
2024-01-23 11:00:00+09:00,6240.0,6250.0,6200.0,6250.0,452,0.0,0.0
2024-01-23 12:00:00+09:00,6250.0,6250.0,6180.0,6240.0,7472,0.0,0.0
2024-01-23 13:00:00+09:00,6230.0,6230.0,6140.0,6160.0,9500,0.0,0.0
2024-01-23 14:00:00+09:00,6190.0,6190.0,6160.0,6160.0,2048,0.0,0.0
2024-01-24 09:00:00+09:00,6200.0,6230.0,6100.0,6100.0,8233,0.0,0.0
2024-01-24 10:00:00+09:00,6110.0,6150.0,6100.0,6110.0,4832,0.0,0.0
2024-01-24 11:00:00+09:00,6110.0,6140.0,6100.0,6140.0,3411,0.0,0.0
2024-01-24 12:00:00+09:00,6140.0,6160.0,6110.0,6150.0,2389,0.0,0.0
2024-01-24 13:00:00+09:00,6140.0,6160.0,6140.0,6160.0,884,0.0,0.0
2024-01-24 14:00:00+09:00,6150.0,6160.0,6140.0,6160.0,3304,0.0,0.0
2024-01-25 09:00:00+09:00,6100.0,6160.0,6080.0,6130.0,3625,0.0,0.0
2024-01-25 10:00:00+09:00,6130.0,6190.0,6040.0,6170.0,5934,0.0,0.0
2024-01-25 11:00:00+09:00,6140.0,6140.0,6050.0,6060.0,1337,0.0,0.0
2024-01-25 12:00:00+09:00,6060.0,6100.0,6060.0,6080.0,1741,0.0,0.0
2024-01-25 13:00:00+09:00,6100.0,6130.0,6080.0,6080.0,540,0.0,0.0
2024-01-25 14:00:00+09:00,6080.0,6140.0,6080.0,6090.0,4245,0.0,0.0
2024-01-26 09:00:00+09:00,6100.0,6180.0,6020.0,6120.0,5991,0.0,0.0
2024-01-26 10:00:00+09:00,6120.0,6120.0,6100.0,6120.0,2777,0.0,0.0
2024-01-26 11:00:00+09:00,6120.0,6170.0,6050.0,6170.0,9915,0.0,0.0
2024-01-26 12:00:00+09:00,6150.0,6150.0,6120.0,6150.0,285,0.0,0.0
2024-01-26 13:00:00+09:00,6140.0,6150.0,6110.0,6110.0,1628,0.0,0.0
2024-01-26 14:00:00+09:00,6110.0,6130.0,6110.0,6120.0,2634,0.0,0.0
2024-01-29 09:00:00+09:00,6100.0,6270.0,6100.0,6240.0,0,0.0,0.0
2024-01-29 10:00:00+09:00,6240.0,6240.0,6200.0,6240.0,8017,0.0,0.0
2024-01-29 11:00:00+09:00,6240.0,6240.0,6210.0,6230.0,2896,0.0,0.0
2024-01-29 12:00:00+09:00,6230.0,6230.0,6200.0,6220.0,2291,0.0,0.0
2024-01-29 13:00:00+09:00,6220.0,6220.0,6180.0,6180.0,13302,0.0,0.0
2024-01-29 14:00:00+09:00,6180.0,6180.0,6120.0,6160.0,14582,0.0,0.0
2024-01-30 09:00:00+09:00,6180.0,6220.0,6080.0,6160.0,0,0.0,0.0
2024-01-30 10:00:00+09:00,6140.0,6150.0,6080.0,6110.0,11383,0.0,0.0
2024-01-30 11:00:00+09:00,6120.0,6130.0,6100.0,6100.0,1864,0.0,0.0
2024-01-30 12:00:00+09:00,6100.0,6110.0,6090.0,6090.0,3852,0.0,0.0
2024-01-30 13:00:00+09:00,6080.0,6110.0,6060.0,6060.0,4225,0.0,0.0
2024-01-30 14:00:00+09:00,6070.0,6100.0,6060.0,6100.0,1742,0.0,0.0
2024-01-31 09:00:00+09:00,6050.0,6050.0,5960.0,6000.0,13381,0.0,0.0
2024-01-31 10:00:00+09:00,6030.0,6030.0,5960.0,5960.0,7347,0.0,0.0
2024-01-31 11:00:00+09:00,5960.0,5980.0,5920.0,5930.0,13637,0.0,0.0
2024-01-31 12:00:00+09:00,5930.0,5940.0,5900.0,5920.0,5832,0.0,0.0
2024-01-31 13:00:00+09:00,5910.0,5920.0,5880.0,5890.0,12302,0.0,0.0
2024-01-31 14:00:00+09:00,5880.0,5910.0,5860.0,5900.0,8737,0.0,0.0
2024-02-01 09:00:00+09:00,5850.0,5860.0,5790.0,5800.0,11163,0.0,0.0
2024-02-01 10:00:00+09:00,5800.0,5820.0,5780.0,5820.0,4653,0.0,0.0
2024-02-01 11:00:00+09:00,5830.0,5970.0,5830.0,5970.0,3856,0.0,0.0
2024-02-01 12:00:00+09:00,5960.0,5970.0,5910.0,5950.0,2487,0.0,0.0
2024-02-01 13:00:00+09:00,5950.0,5960.0,5920.0,5930.0,6523,0.0,0.0
2024-02-01 14:00:00+09:00,5940.0,5940.0,5910.0,5940.0,896,0.0,0.0
2024-02-02 09:00:00+09:00,5890.0,6100.0,5890.0,6070.0,9682,0.0,0.0
2024-02-02 10:00:00+09:00,6070.0,6090.0,6050.0,6080.0,1596,0.0,0.0
2024-02-02 11:00:00+09:00,6080.0,6080.0,6010.0,6010.0,6334,0.0,0.0
2024-02-02 12:00:00+09:00,6010.0,6050.0,5990.0,6020.0,1176,0.0,0.0
2024-02-02 13:00:00+09:00,6030.0,6050.0,5980.0,6030.0,1958,0.0,0.0
2024-02-02 14:00:00+09:00,5980.0,6040.0,5970.0,6030.0,2365,0.0,0.0
2024-02-05 09:00:00+09:00,6080.0,6080.0,5940.0,5940.0,0,0.0,0.0
2024-02-05 10:00:00+09:00,5980.0,6030.0,5980.0,6000.0,2591,0.0,0.0
2024-02-05 11:00:00+09:00,6000.0,6010.0,5950.0,5990.0,2105,0.0,0.0
2024-02-05 12:00:00+09:00,5990.0,6010.0,5980.0,5980.0,983,0.0,0.0
2024-02-05 13:00:00+09:00,5980.0,6010.0,5980.0,5990.0,154,0.0,0.0
2024-02-05 14:00:00+09:00,5990.0,6000.0,5980.0,5980.0,2426,0.0,0.0
2024-02-06 09:00:00+09:00,5930.0,6000.0,5910.0,5910.0,7947,0.0,0.0
2024-02-06 10:00:00+09:00,5920.0,5980.0,5920.0,5950.0,3044,0.0,0.0
2024-02-06 11:00:00+09:00,5950.0,5980.0,5940.0,5960.0,2035,0.0,0.0
2024-02-06 12:00:00+09:00,5980.0,6010.0,5980.0,5990.0,2119,0.0,0.0
2024-02-06 13:00:00+09:00,5970.0,6000.0,5970.0,5980.0,2272,0.0,0.0
2024-02-06 14:00:00+09:00,5990.0,5990.0,5960.0,5970.0,1905,0.0,0.0
2024-02-07 09:00:00+09:00,5930.0,5970.0,5900.0,5920.0,8307,0.0,0.0
2024-02-07 10:00:00+09:00,5930.0,6010.0,5930.0,5980.0,1387,0.0,0.0
2024-02-07 11:00:00+09:00,5950.0,5980.0,5950.0,5980.0,483,0.0,0.0
2024-02-07 12:00:00+09:00,5980.0,5980.0,5950.0,5960.0,241,0.0,0.0
2024-02-07 13:00:00+09:00,5960.0,5970.0,5920.0,5930.0,2543,0.0,0.0
2024-02-07 14:00:00+09:00,5940.0,5940.0,5920.0,5940.0,908,0.0,0.0
2024-02-08 09:00:00+09:00,5960.0,5990.0,5930.0,5930.0,7642,0.0,0.0
2024-02-08 10:00:00+09:00,5970.0,6010.0,5950.0,6010.0,1374,0.0,0.0
2024-02-08 11:00:00+09:00,5990.0,6030.0,5980.0,6020.0,1217,0.0,0.0
2024-02-08 12:00:00+09:00,6000.0,6000.0,5980.0,5990.0,549,0.0,0.0
2024-02-08 13:00:00+09:00,5990.0,6000.0,5980.0,5990.0,3938,0.0,0.0
2024-02-08 14:00:00+09:00,5990.0,6000.0,5980.0,5980.0,1727,0.0,0.0
2024-02-13 09:00:00+09:00,5990.0,6050.0,5990.0,6020.0,0,0.0,0.0
2024-02-13 10:00:00+09:00,6030.0,6040.0,5990.0,6000.0,1411,0.0,0.0
2024-02-13 11:00:00+09:00,6000.0,6030.0,5990.0,6000.0,3724,0.0,0.0
2024-02-13 12:00:00+09:00,6020.0,6020.0,5990.0,5990.0,1137,0.0,0.0
2024-02-13 13:00:00+09:00,6010.0,6030.0,5990.0,6020.0,7882,0.0,0.0
2024-02-13 14:00:00+09:00,6000.0,6010.0,5990.0,6000.0,3254,0.0,0.0
2024-02-14 09:00:00+09:00,5930.0,5980.0,5920.0,5940.0,6466,0.0,0.0
2024-02-14 10:00:00+09:00,5940.0,5970.0,5940.0,5960.0,1140,0.0,0.0
2024-02-14 11:00:00+09:00,5960.0,5990.0,5960.0,5990.0,3510,0.0,0.0
2024-02-14 12:00:00+09:00,5990.0,6010.0,5990.0,6000.0,431,0.0,0.0
2024-02-14 13:00:00+09:00,6000.0,6010.0,5980.0,6000.0,657,0.0,0.0
2024-02-14 14:00:00+09:00,5990.0,6020.0,5990.0,6020.0,4176,0.0,0.0
2024-02-15 09:00:00+09:00,5990.0,6020.0,5950.0,6020.0,0,0.0,0.0
2024-02-15 10:00:00+09:00,6020.0,6030.0,5970.0,5980.0,9546,0.0,0.0
2024-02-15 11:00:00+09:00,5970.0,5990.0,5970.0,5990.0,2163,0.0,0.0
2024-02-15 12:00:00+09:00,5990.0,5990.0,5970.0,5970.0,1674,0.0,0.0
2024-02-15 13:00:00+09:00,5990.0,5990.0,5960.0,5970.0,995,0.0,0.0
2024-02-15 14:00:00+09:00,5970.0,5970.0,5950.0,5960.0,2701,0.0,0.0
2024-02-16 09:00:00+09:00,5970.0,5970.0,5900.0,5910.0,8545,0.0,0.0
2024-02-16 10:00:00+09:00,5920.0,5950.0,5920.0,5920.0,1783,0.0,0.0
2024-02-16 11:00:00+09:00,5920.0,5930.0,5910.0,5920.0,2073,0.0,0.0
2024-02-16 12:00:00+09:00,5920.0,5940.0,5910.0,5930.0,2327,0.0,0.0
2024-02-16 13:00:00+09:00,5930.0,5940.0,5930.0,5930.0,384,0.0,0.0
2024-02-16 14:00:00+09:00,5930.0,5930.0,5910.0,5920.0,5392,0.0,0.0
2024-02-19 09:00:00+09:00,5880.0,6060.0,5880.0,5940.0,0,0.0,0.0
2024-02-19 10:00:00+09:00,5940.0,5960.0,5910.0,5910.0,22163,0.0,0.0
2024-02-19 11:00:00+09:00,5910.0,5920.0,5900.0,5920.0,1740,0.0,0.0
2024-02-19 12:00:00+09:00,5920.0,5920.0,5910.0,5920.0,2222,0.0,0.0
2024-02-19 13:00:00+09:00,5910.0,5920.0,5900.0,5900.0,11027,0.0,0.0
2024-02-19 14:00:00+09:00,5900.0,5920.0,5890.0,5910.0,0,0.0,0.0
2024-02-20 09:00:00+09:00,5910.0,5940.0,5880.0,5880.0,6624,0.0,0.0
2024-02-20 10:00:00+09:00,5890.0,5900.0,5870.0,5900.0,4336,0.0,0.0
2024-02-20 11:00:00+09:00,5890.0,5900.0,5880.0,5900.0,1191,0.0,0.0
2024-02-20 12:00:00+09:00,5900.0,5910.0,5890.0,5910.0,4227,0.0,0.0
2024-02-20 13:00:00+09:00,5910.0,5910.0,5880.0,5880.0,1146,0.0,0.0
2024-02-20 14:00:00+09:00,5900.0,5900.0,5880.0,5890.0,4167,0.0,0.0
2024-02-21 09:00:00+09:00,5860.0,5940.0,5860.0,5920.0,6568,0.0,0.0
2024-02-21 10:00:00+09:00,5930.0,5930.0,5890.0,5910.0,664,0.0,0.0
2024-02-21 11:00:00+09:00,5900.0,5910.0,5880.0,5880.0,1371,0.0,0.0
2024-02-21 12:00:00+09:00,5880.0,5880.0,5860.0,5870.0,4674,0.0,0.0
2024-02-21 13:00:00+09:00,5880.0,5880.0,5850.0,5870.0,6405,0.0,0.0
2024-02-21 14:00:00+09:00,5870.0,5900.0,5860.0,5870.0,3932,0.0,0.0
2024-02-22 09:00:00+09:00,5850.0,5880.0,5840.0,5860.0,3322,0.0,0.0
2024-02-22 10:00:00+09:00,5850.0,5890.0,5840.0,5870.0,3784,0.0,0.0
2024-02-22 11:00:00+09:00,5870.0,5870.0,5850.0,5870.0,5871,0.0,0.0
2024-02-22 12:00:00+09:00,5870.0,5870.0,5840.0,5840.0,6062,0.0,0.0
2024-02-22 13:00:00+09:00,5840.0,5840.0,5830.0,5830.0,7739,0.0,0.0
2024-02-22 14:00:00+09:00,5830.0,5830.0,5800.0,5810.0,6011,0.0,0.0
2024-02-23 09:00:00+09:00,5800.0,6220.0,5800.0,5960.0,81178,0.0,0.0
2024-02-23 10:00:00+09:00,5960.0,6300.0,5900.0,5980.0,118873,0.0,0.0
2024-02-23 11:00:00+09:00,5980.0,6020.0,5940.0,5970.0,10995,0.0,0.0
2024-02-23 12:00:00+09:00,5970.0,5970.0,5910.0,5960.0,6970,0.0,0.0
2024-02-23 13:00:00+09:00,5960.0,5980.0,5920.0,5920.0,3990,0.0,0.0
2024-02-23 14:00:00+09:00,5920.0,5920.0,5870.0,5900.0,8288,0.0,0.0
2024-02-26 09:00:00+09:00,5850.0,6010.0,5850.0,6000.0,0,0.0,0.0
2024-02-26 10:00:00+09:00,6000.0,6000.0,5930.0,5930.0,6655,0.0,0.0
2024-02-26 11:00:00+09:00,5930.0,5940.0,5920.0,5920.0,2325,0.0,0.0
2024-02-26 12:00:00+09:00,5920.0,5920.0,5910.0,5920.0,892,0.0,0.0
2024-02-26 13:00:00+09:00,5910.0,5940.0,5900.0,5940.0,5059,0.0,0.0
2024-02-26 14:00:00+09:00,5940.0,5940.0,5890.0,5920.0,3975,0.0,0.0
2024-02-27 09:00:00+09:00,5930.0,6070.0,5880.0,5940.0,44942,0.0,0.0
2024-02-27 10:00:00+09:00,5930.0,5960.0,5900.0,5910.0,7455,0.0,0.0
2024-02-27 11:00:00+09:00,5910.0,5940.0,5890.0,5890.0,5635,0.0,0.0
2024-02-27 12:00:00+09:00,5890.0,5910.0,5880.0,5890.0,3814,0.0,0.0
2024-02-27 13:00:00+09:00,5920.0,5940.0,5890.0,5940.0,2999,0.0,0.0
2024-02-27 14:00:00+09:00,5940.0,5950.0,5900.0,5920.0,8255,0.0,0.0
2024-02-28 09:00:00+09:00,6000.0,6000.0,5910.0,5940.0,6119,0.0,0.0
2024-02-28 10:00:00+09:00,5940.0,5960.0,5900.0,5920.0,4608,0.0,0.0
2024-02-28 11:00:00+09:00,5910.0,5920.0,5900.0,5900.0,2245,0.0,0.0
2024-02-28 12:00:00+09:00,5900.0,5930.0,5900.0,5930.0,535,0.0,0.0
2024-02-28 13:00:00+09:00,5930.0,5930.0,5900.0,5910.0,2088,0.0,0.0
2024-02-28 14:00:00+09:00,5930.0,5930.0,5900.0,5900.0,3171,0.0,0.0
2024-02-29 09:00:00+09:00,5960.0,5980.0,5850.0,5900.0,6596,0.0,0.0
2024-02-29 10:00:00+09:00,5900.0,5910.0,5880.0,5900.0,1598,0.0,0.0
2024-02-29 11:00:00+09:00,5910.0,5910.0,5880.0,5880.0,549,0.0,0.0
2024-02-29 12:00:00+09:00,5890.0,5890.0,5870.0,5870.0,2667,0.0,0.0
2024-02-29 13:00:00+09:00,5880.0,5880.0,5850.0,5880.0,5044,0.0,0.0
2024-02-29 14:00:00+09:00,5880.0,5880.0,5850.0,5860.0,2940,0.0,0.0
2024-03-04 09:00:00+09:00,5880.0,5890.0,5850.0,5880.0,0,0.0,0.0
2024-03-04 10:00:00+09:00,5880.0,5880.0,5850.0,5850.0,3307,0.0,0.0
2024-03-04 11:00:00+09:00,5850.0,5860.0,5820.0,5830.0,8173,0.0,0.0
2024-03-04 12:00:00+09:00,5830.0,5830.0,5790.0,5800.0,21628,0.0,0.0
2024-03-04 13:00:00+09:00,5790.0,5810.0,5790.0,5790.0,3140,0.0,0.0
2024-03-04 14:00:00+09:00,5790.0,5810.0,5790.0,5800.0,4743,0.0,0.0
2024-03-05 09:00:00+09:00,5770.0,5790.0,5530.0,5610.0,37350,0.0,0.0
2024-03-05 10:00:00+09:00,5610.0,5630.0,5580.0,5600.0,7488,0.0,0.0
2024-03-05 11:00:00+09:00,5600.0,5610.0,5570.0,5580.0,6082,0.0,0.0
2024-03-05 12:00:00+09:00,5570.0,5610.0,5570.0,5590.0,5537,0.0,0.0
2024-03-05 13:00:00+09:00,5610.0,5630.0,5590.0,5600.0,4043,0.0,0.0
2024-03-05 14:00:00+09:00,5600.0,5610.0,5570.0,5570.0,6374,0.0,0.0
2024-03-06 09:00:00+09:00,5520.0,5660.0,5520.0,5620.0,6716,0.0,0.0
2024-03-06 10:00:00+09:00,5610.0,5620.0,5580.0,5590.0,6438,0.0,0.0
2024-03-06 11:00:00+09:00,5600.0,5600.0,5550.0,5550.0,3970,0.0,0.0
2024-03-06 12:00:00+09:00,5560.0,5590.0,5560.0,5580.0,914,0.0,0.0
2024-03-06 13:00:00+09:00,5580.0,5580.0,5550.0,5570.0,4211,0.0,0.0
2024-03-06 14:00:00+09:00,5570.0,5580.0,5540.0,5580.0,8924,0.0,0.0
2024-03-07 09:00:00+09:00,5550.0,5690.0,5550.0,5670.0,8378,0.0,0.0
2024-03-07 10:00:00+09:00,5670.0,6060.0,5650.0,5690.0,157896,0.0,0.0
2024-03-07 11:00:00+09:00,5710.0,5710.0,5650.0,5680.0,3605,0.0,0.0
2024-03-07 12:00:00+09:00,5680.0,5690.0,5650.0,5680.0,2878,0.0,0.0
2024-03-07 13:00:00+09:00,5660.0,5670.0,5620.0,5650.0,5167,0.0,0.0
2024-03-07 14:00:00+09:00,5650.0,5650.0,5580.0,5630.0,8113,0.0,0.0
2024-03-08 09:00:00+09:00,5710.0,5790.0,5690.0,5770.0,8856,0.0,0.0
2024-03-08 10:00:00+09:00,5750.0,6040.0,5730.0,6000.0,80386,0.0,0.0
2024-03-08 11:00:00+09:00,6000.0,6750.0,5850.0,5890.0,1295771,0.0,0.0
2024-03-08 12:00:00+09:00,5880.0,5900.0,5790.0,5810.0,58584,0.0,0.0
2024-03-08 13:00:00+09:00,5810.0,5900.0,5790.0,5820.0,37172,0.0,0.0
2024-03-08 14:00:00+09:00,5820.0,5880.0,5800.0,5880.0,32093,0.0,0.0
2024-03-11 09:00:00+09:00,5900.0,5970.0,5800.0,5830.0,0,0.0,0.0
2024-03-11 10:00:00+09:00,5820.0,5860.0,5770.0,5820.0,15558,0.0,0.0
2024-03-11 11:00:00+09:00,5820.0,5830.0,5790.0,5800.0,5142,0.0,0.0
2024-03-11 12:00:00+09:00,5800.0,5820.0,5790.0,5820.0,2085,0.0,0.0
2024-03-11 13:00:00+09:00,5820.0,5820.0,5780.0,5790.0,6779,0.0,0.0
2024-03-11 14:00:00+09:00,5790.0,5810.0,5770.0,5770.0,11922,0.0,0.0
2024-03-12 09:00:00+09:00,5760.0,5820.0,5700.0,5710.0,26373,0.0,0.0
2024-03-12 10:00:00+09:00,5710.0,5770.0,5710.0,5740.0,8759,0.0,0.0
2024-03-12 11:00:00+09:00,5740.0,5760.0,5710.0,5730.0,8331,0.0,0.0
2024-03-12 12:00:00+09:00,5750.0,5760.0,5700.0,5710.0,6627,0.0,0.0
2024-03-12 13:00:00+09:00,5710.0,5720.0,5680.0,5690.0,9800,0.0,0.0
2024-03-12 14:00:00+09:00,5690.0,5710.0,5660.0,5670.0,26819,0.0,0.0
2024-03-13 09:00:00+09:00,5740.0,5750.0,5700.0,5730.0,12188,0.0,0.0
2024-03-13 10:00:00+09:00,5730.0,5760.0,5700.0,5730.0,8173,0.0,0.0
2024-03-13 11:00:00+09:00,5730.0,5800.0,5730.0,5730.0,7236,0.0,0.0
2024-03-13 12:00:00+09:00,5730.0,5730.0,5680.0,5690.0,12301,0.0,0.0
2024-03-13 13:00:00+09:00,5700.0,5700.0,5660.0,5700.0,14445,0.0,0.0
2024-03-13 14:00:00+09:00,5700.0,5720.0,5690.0,5700.0,3302,0.0,0.0
2024-03-14 09:00:00+09:00,5650.0,6050.0,5650.0,5830.0,67096,0.0,0.0
2024-03-14 10:00:00+09:00,5820.0,5820.0,5770.0,5770.0,5890,0.0,0.0
2024-03-14 11:00:00+09:00,5770.0,5830.0,5770.0,5780.0,6348,0.0,0.0
2024-03-14 12:00:00+09:00,5780.0,5800.0,5770.0,5790.0,1788,0.0,0.0
2024-03-14 13:00:00+09:00,5790.0,5800.0,5780.0,5780.0,2535,0.0,0.0
2024-03-14 14:00:00+09:00,5780.0,5790.0,5770.0,5790.0,6927,0.0,0.0
2024-03-15 09:00:00+09:00,5740.0,5800.0,5710.0,5740.0,10390,0.0,0.0
2024-03-15 10:00:00+09:00,5740.0,5800.0,5740.0,5770.0,4377,0.0,0.0
2024-03-15 11:00:00+09:00,5770.0,5800.0,5750.0,5800.0,4059,0.0,0.0
2024-03-15 12:00:00+09:00,5780.0,5790.0,5750.0,5780.0,4782,0.0,0.0
2024-03-15 13:00:00+09:00,5780.0,5780.0,5720.0,5720.0,5341,0.0,0.0
2024-03-15 14:00:00+09:00,5720.0,5730.0,5710.0,5710.0,10977,0.0,0.0
2024-03-18 09:00:00+09:00,5690.0,5830.0,5690.0,5800.0,0,0.0,0.0
2024-03-18 10:00:00+09:00,5810.0,5810.0,5720.0,5780.0,3800,0.0,0.0
2024-03-18 11:00:00+09:00,5780.0,5820.0,5740.0,5810.0,12207,0.0,0.0
2024-03-18 12:00:00+09:00,5810.0,5810.0,5780.0,5780.0,1878,0.0,0.0
2024-03-18 13:00:00+09:00,5780.0,5810.0,5770.0,5800.0,3753,0.0,0.0
2024-03-18 14:00:00+09:00,5780.0,5800.0,5770.0,5790.0,7707,0.0,0.0
2024-03-19 09:00:00+09:00,5750.0,5820.0,5720.0,5790.0,9219,0.0,0.0
2024-03-19 10:00:00+09:00,5740.0,5770.0,5730.0,5750.0,3293,0.0,0.0
2024-03-19 11:00:00+09:00,5730.0,5760.0,5730.0,5730.0,1851,0.0,0.0
2024-03-19 12:00:00+09:00,5730.0,5770.0,5720.0,5720.0,5855,0.0,0.0
2024-03-19 13:00:00+09:00,5730.0,5760.0,5720.0,5760.0,1088,0.0,0.0
2024-03-19 14:00:00+09:00,5760.0,5760.0,5730.0,5750.0,518,0.0,0.0
2024-03-20 09:00:00+09:00,5730.0,5880.0,5730.0,5870.0,24963,0.0,0.0
2024-03-20 10:00:00+09:00,5850.0,5870.0,5760.0,5770.0,8928,0.0,0.0
2024-03-20 11:00:00+09:00,5820.0,5820.0,5770.0,5800.0,1922,0.0,0.0
2024-03-20 12:00:00+09:00,5800.0,5820.0,5760.0,5810.0,2293,0.0,0.0
2024-03-20 13:00:00+09:00,5810.0,5810.0,5750.0,5800.0,7265,0.0,0.0
2024-03-20 14:00:00+09:00,5800.0,5800.0,5740.0,5760.0,5813,0.0,0.0
2024-03-21 09:00:00+09:00,5800.0,5850.0,5770.0,5820.0,21616,0.0,0.0
2024-03-21 10:00:00+09:00,5810.0,5850.0,5810.0,5840.0,7875,0.0,0.0
2024-03-21 11:00:00+09:00,5840.0,5860.0,5820.0,5840.0,7123,0.0,0.0
2024-03-21 12:00:00+09:00,5840.0,5860.0,5830.0,5850.0,3462,0.0,0.0
2024-03-21 13:00:00+09:00,5840.0,5870.0,5840.0,5850.0,5398,0.0,0.0
2024-03-21 14:00:00+09:00,5860.0,5870.0,5840.0,5850.0,13293,0.0,0.0
2024-03-22 09:00:00+09:00,5880.0,6110.0,5840.0,6040.0,106146,0.0,0.0
2024-03-22 10:00:00+09:00,6040.0,6110.0,6000.0,6070.0,22968,0.0,0.0
2024-03-22 11:00:00+09:00,6070.0,6120.0,6020.0,6090.0,17713,0.0,0.0
2024-03-22 12:00:00+09:00,6050.0,6090.0,6050.0,6050.0,3598,0.0,0.0
2024-03-22 13:00:00+09:00,6050.0,6060.0,6010.0,6010.0,8312,0.0,0.0
2024-03-22 14:00:00+09:00,6040.0,6070.0,6020.0,6050.0,8169,0.0,0.0
2024-03-25 09:00:00+09:00,6150.0,6370.0,6070.0,6280.0,0,0.0,0.0
2024-03-25 10:00:00+09:00,6280.0,7290.0,6210.0,6830.0,3403893,0.0,0.0
2024-03-25 11:00:00+09:00,6840.0,7030.0,6560.0,6680.0,1143186,0.0,0.0
2024-03-25 12:00:00+09:00,6690.0,7390.0,6680.0,7130.0,2667270,0.0,0.0
2024-03-25 13:00:00+09:00,7130.0,7140.0,6930.0,7100.0,567037,0.0,0.0
2024-03-25 14:00:00+09:00,7100.0,7100.0,6880.0,6910.0,368125,0.0,0.0
2024-03-26 09:00:00+09:00,6700.0,6770.0,6610.0,6650.0,370159,0.0,0.0
2024-03-26 10:00:00+09:00,6640.0,6680.0,6590.0,6670.0,116584,0.0,0.0
2024-03-26 11:00:00+09:00,6650.0,6680.0,6620.0,6650.0,44295,0.0,0.0
2024-03-26 12:00:00+09:00,6650.0,6660.0,6540.0,6550.0,102559,0.0,0.0
2024-03-26 13:00:00+09:00,6560.0,6620.0,6530.0,6570.0,51297,0.0,0.0
2024-03-26 14:00:00+09:00,6580.0,6640.0,6540.0,6630.0,69988,0.0,0.0
2024-03-27 09:00:00+09:00,6980.0,7030.0,6450.0,6470.0,748848,0.0,0.0
2024-03-27 10:00:00+09:00,6460.0,6650.0,6410.0,6480.0,137391,0.0,0.0
2024-03-27 11:00:00+09:00,6480.0,6500.0,6390.0,6460.0,39574,0.0,0.0
2024-03-27 12:00:00+09:00,6470.0,6500.0,6410.0,6430.0,37281,0.0,0.0
2024-03-27 13:00:00+09:00,6430.0,6510.0,6420.0,6480.0,20520,0.0,0.0
2024-03-27 14:00:00+09:00,6450.0,6480.0,6410.0,6440.0,32181,0.0,0.0
2024-03-28 09:00:00+09:00,6350.0,6370.0,6230.0,6250.0,129529,0.0,0.0
2024-03-28 10:00:00+09:00,6240.0,6310.0,6220.0,6300.0,34965,0.0,0.0
2024-03-28 11:00:00+09:00,6300.0,6340.0,6270.0,6270.0,15804,0.0,0.0
2024-03-28 12:00:00+09:00,6280.0,6290.0,6190.0,6230.0,40908,0.0,0.0
2024-03-28 13:00:00+09:00,6230.0,6230.0,6170.0,6180.0,27686,0.0,0.0
2024-03-28 14:00:00+09:00,6180.0,6200.0,6150.0,6170.0,37729,0.0,0.0
2024-03-29 09:00:00+09:00,6180.0,6190.0,6090.0,6130.0,44435,0.0,0.0
2024-03-29 10:00:00+09:00,6130.0,6160.0,6090.0,6110.0,18458,0.0,0.0
2024-03-29 11:00:00+09:00,6090.0,6110.0,6010.0,6020.0,49972,0.0,0.0
2024-03-29 12:00:00+09:00,6040.0,6080.0,6020.0,6070.0,10131,0.0,0.0
2024-03-29 13:00:00+09:00,6070.0,6070.0,6030.0,6030.0,12574,0.0,0.0
2024-03-29 14:00:00+09:00,6030.0,6050.0,6000.0,6030.0,44270,0.0,0.0
2024-04-01 09:00:00+09:00,6110.0,6230.0,6060.0,6220.0,0,0.0,0.0
2024-04-01 10:00:00+09:00,6220.0,6250.0,6190.0,6200.0,23860,0.0,0.0
2024-04-01 11:00:00+09:00,6190.0,6250.0,6180.0,6190.0,12343,0.0,0.0
2024-04-01 12:00:00+09:00,6190.0,6270.0,6190.0,6240.0,16006,0.0,0.0
2024-04-01 13:00:00+09:00,6240.0,6240.0,6150.0,6230.0,23006,0.0,0.0
2024-04-01 14:00:00+09:00,6180.0,6230.0,6180.0,6200.0,5590,0.0,0.0
2024-04-02 09:00:00+09:00,6190.0,6190.0,6060.0,6080.0,50128,0.0,0.0
2024-04-02 10:00:00+09:00,6090.0,6110.0,6010.0,6020.0,28764,0.0,0.0
2024-04-02 11:00:00+09:00,6020.0,6060.0,6000.0,6000.0,17235,0.0,0.0
2024-04-02 12:00:00+09:00,6010.0,6060.0,6000.0,6020.0,8982,0.0,0.0
2024-04-02 13:00:00+09:00,6020.0,6090.0,6000.0,6030.0,19431,0.0,0.0
2024-04-02 14:00:00+09:00,6030.0,6030.0,5960.0,6020.0,36349,0.0,0.0
2024-04-03 09:00:00+09:00,6000.0,6000.0,5870.0,5930.0,45425,0.0,0.0
2024-04-03 10:00:00+09:00,5930.0,5950.0,5900.0,5910.0,7554,0.0,0.0
2024-04-03 11:00:00+09:00,5910.0,5950.0,5890.0,5950.0,10539,0.0,0.0
2024-04-03 12:00:00+09:00,5950.0,5990.0,5920.0,5990.0,4653,0.0,0.0
2024-04-03 13:00:00+09:00,5990.0,6010.0,5950.0,5950.0,4386,0.0,0.0
2024-04-03 14:00:00+09:00,5960.0,5980.0,5940.0,5940.0,9580,0.0,0.0
2024-04-04 09:00:00+09:00,5950.0,6020.0,5940.0,5980.0,29058,0.0,0.0
2024-04-04 10:00:00+09:00,5980.0,5980.0,5900.0,5930.0,14659,0.0,0.0
2024-04-04 11:00:00+09:00,5950.0,5970.0,5920.0,5930.0,9357,0.0,0.0
2024-04-04 12:00:00+09:00,5930.0,5950.0,5890.0,5900.0,12335,0.0,0.0
2024-04-04 13:00:00+09:00,5900.0,5910.0,5880.0,5900.0,7501,0.0,0.0
2024-04-04 14:00:00+09:00,5900.0,6000.0,5880.0,5880.0,29297,0.0,0.0
2024-04-05 09:00:00+09:00,5830.0,6040.0,5810.0,5890.0,58531,0.0,0.0
2024-04-05 10:00:00+09:00,5890.0,6000.0,5850.0,5860.0,21393,0.0,0.0
2024-04-05 11:00:00+09:00,5860.0,5910.0,5850.0,5850.0,10905,0.0,0.0
2024-04-05 12:00:00+09:00,5860.0,5870.0,5840.0,5840.0,7132,0.0,0.0
2024-04-05 13:00:00+09:00,5860.0,5880.0,5830.0,5850.0,14120,0.0,0.0
2024-04-05 14:00:00+09:00,5840.0,5850.0,5820.0,5830.0,12673,0.0,0.0
2024-04-08 09:00:00+09:00,5800.0,5830.0,5690.0,5700.0,0,0.0,0.0
2024-04-08 10:00:00+09:00,5710.0,5740.0,5690.0,5710.0,9934,0.0,0.0
2024-04-08 11:00:00+09:00,5710.0,5730.0,5700.0,5710.0,6386,0.0,0.0
2024-04-08 12:00:00+09:00,5710.0,5750.0,5710.0,5720.0,2831,0.0,0.0
2024-04-08 13:00:00+09:00,5730.0,5770.0,5730.0,5760.0,5717,0.0,0.0
2024-04-08 14:00:00+09:00,5750.0,5760.0,5710.0,5730.0,7310,0.0,0.0
2024-04-09 09:00:00+09:00,5700.0,5840.0,5700.0,5830.0,20016,0.0,0.0
2024-04-09 10:00:00+09:00,5820.0,5820.0,5790.0,5790.0,13363,0.0,0.0
2024-04-09 11:00:00+09:00,5790.0,5790.0,5740.0,5750.0,14891,0.0,0.0
2024-04-09 12:00:00+09:00,5760.0,5760.0,5700.0,5740.0,7802,0.0,0.0
2024-04-09 13:00:00+09:00,5740.0,5750.0,5700.0,5730.0,2904,0.0,0.0
2024-04-09 14:00:00+09:00,5720.0,5730.0,5700.0,5720.0,2872,0.0,0.0
2024-04-11 09:00:00+09:00,5720.0,5730.0,5610.0,5680.0,0,0.0,0.0
2024-04-11 10:00:00+09:00,5690.0,5720.0,5670.0,5720.0,1305,0.0,0.0
2024-04-11 11:00:00+09:00,5720.0,5720.0,5690.0,5720.0,1940,0.0,0.0
2024-04-11 12:00:00+09:00,5700.0,5720.0,5690.0,5700.0,478,0.0,0.0
2024-04-11 13:00:00+09:00,5700.0,5750.0,5700.0,5740.0,1631,0.0,0.0
2024-04-11 14:00:00+09:00,5740.0,5760.0,5710.0,5750.0,2920,0.0,0.0
2024-04-12 09:00:00+09:00,5700.0,5800.0,5700.0,5790.0,6488,0.0,0.0
2024-04-12 10:00:00+09:00,5790.0,5810.0,5780.0,5800.0,4102,0.0,0.0
2024-04-12 11:00:00+09:00,5800.0,5800.0,5760.0,5780.0,5664,0.0,0.0
2024-04-12 12:00:00+09:00,5780.0,5810.0,5730.0,5730.0,7739,0.0,0.0
2024-04-12 13:00:00+09:00,5730.0,5780.0,5690.0,5750.0,21610,0.0,0.0
2024-04-12 14:00:00+09:00,5740.0,5800.0,5740.0,5780.0,4813,0.0,0.0
2024-04-15 09:00:00+09:00,5790.0,5790.0,5630.0,5670.0,0,0.0,0.0
2024-04-15 10:00:00+09:00,5670.0,5670.0,5600.0,5630.0,27169,0.0,0.0
2024-04-15 11:00:00+09:00,5650.0,5650.0,5620.0,5640.0,3399,0.0,0.0
2024-04-15 12:00:00+09:00,5630.0,5650.0,5620.0,5650.0,1872,0.0,0.0
2024-04-15 13:00:00+09:00,5650.0,5690.0,5640.0,5690.0,0,0.0,0.0
2024-04-15 14:00:00+09:00,5680.0,5680.0,5620.0,5660.0,62311,0.0,0.0
2024-04-16 09:00:00+09:00,5570.0,5670.0,5550.0,5620.0,11546,0.0,0.0
2024-04-16 10:00:00+09:00,5620.0,5620.0,5520.0,5530.0,18253,0.0,0.0
2024-04-16 11:00:00+09:00,5530.0,5550.0,5470.0,5550.0,23177,0.0,0.0
2024-04-16 12:00:00+09:00,5500.0,5550.0,5490.0,5520.0,6672,0.0,0.0
2024-04-16 13:00:00+09:00,5520.0,5530.0,5480.0,5480.0,4572,0.0,0.0
2024-04-16 14:00:00+09:00,5500.0,5500.0,5420.0,5480.0,28516,0.0,0.0
2024-04-17 09:00:00+09:00,5440.0,5520.0,5440.0,5520.0,17646,0.0,0.0
2024-04-17 10:00:00+09:00,5520.0,5530.0,5430.0,5470.0,8003,0.0,0.0
2024-04-17 11:00:00+09:00,5460.0,5470.0,5440.0,5460.0,5159,0.0,0.0
2024-04-17 12:00:00+09:00,5440.0,5470.0,5430.0,5430.0,5807,0.0,0.0
2024-04-17 13:00:00+09:00,5430.0,5480.0,5420.0,5480.0,6268,0.0,0.0
2024-04-17 14:00:00+09:00,5470.0,5480.0,5430.0,5440.0,4821,0.0,0.0
2024-04-18 09:00:00+09:00,5350.0,5570.0,5350.0,5560.0,17243,0.0,0.0
2024-04-18 10:00:00+09:00,5530.0,5530.0,5460.0,5480.0,2418,0.0,0.0
2024-04-18 11:00:00+09:00,5480.0,5510.0,5450.0,5510.0,4840,0.0,0.0
2024-04-18 12:00:00+09:00,5510.0,5510.0,5450.0,5460.0,3557,0.0,0.0
2024-04-18 13:00:00+09:00,5460.0,5480.0,5450.0,5470.0,1092,0.0,0.0
2024-04-18 14:00:00+09:00,5480.0,5510.0,5460.0,5480.0,13059,0.0,0.0
2024-04-19 09:00:00+09:00,5500.0,5550.0,5440.0,5490.0,8002,0.0,0.0
2024-04-19 10:00:00+09:00,5480.0,5480.0,5360.0,5360.0,17600,0.0,0.0
2024-04-19 11:00:00+09:00,5390.0,5390.0,5190.0,5230.0,21546,0.0,0.0
2024-04-19 12:00:00+09:00,5260.0,5300.0,5250.0,5300.0,2223,0.0,0.0
2024-04-19 13:00:00+09:00,5300.0,5340.0,5290.0,5330.0,4236,0.0,0.0
2024-04-19 14:00:00+09:00,5330.0,5380.0,5310.0,5370.0,4318,0.0,0.0
2024-04-22 09:00:00+09:00,5380.0,5480.0,5370.0,5450.0,0,0.0,0.0
2024-04-22 10:00:00+09:00,5450.0,5460.0,5420.0,5420.0,2026,0.0,0.0
2024-04-22 11:00:00+09:00,5420.0,5440.0,5410.0,5420.0,5041,0.0,0.0
2024-04-22 12:00:00+09:00,5430.0,5450.0,5410.0,5410.0,4313,0.0,0.0
2024-04-22 13:00:00+09:00,5440.0,5440.0,5410.0,5420.0,1469,0.0,0.0
2024-04-22 14:00:00+09:00,5420.0,5430.0,5400.0,5410.0,1185,0.0,0.0
2024-04-23 09:00:00+09:00,5450.0,5550.0,5450.0,5500.0,6230,0.0,0.0
2024-04-23 10:00:00+09:00,5520.0,5520.0,5450.0,5450.0,3749,0.0,0.0
2024-04-23 11:00:00+09:00,5450.0,5450.0,5420.0,5430.0,2300,0.0,0.0
2024-04-23 12:00:00+09:00,5440.0,5440.0,5430.0,5430.0,951,0.0,0.0
2024-04-23 13:00:00+09:00,5430.0,5440.0,5420.0,5420.0,4724,0.0,0.0
2024-04-23 14:00:00+09:00,5420.0,5440.0,5420.0,5420.0,1500,0.0,0.0
2024-04-24 09:00:00+09:00,5430.0,5490.0,5430.0,5470.0,5030,0.0,0.0
2024-04-24 10:00:00+09:00,5470.0,5480.0,5450.0,5480.0,2266,0.0,0.0
2024-04-24 11:00:00+09:00,5470.0,5480.0,5460.0,5480.0,1245,0.0,0.0
2024-04-24 12:00:00+09:00,5480.0,5500.0,5470.0,5490.0,1595,0.0,0.0
2024-04-24 13:00:00+09:00,5490.0,5490.0,5450.0,5460.0,3390,0.0,0.0
2024-04-24 14:00:00+09:00,5490.0,5490.0,5460.0,5480.0,1064,0.0,0.0
2024-04-25 09:00:00+09:00,5490.0,5490.0,5410.0,5490.0,5630,0.0,0.0
2024-04-25 10:00:00+09:00,5490.0,5490.0,5430.0,5430.0,3661,0.0,0.0
2024-04-25 11:00:00+09:00,5430.0,5470.0,5430.0,5430.0,898,0.0,0.0
2024-04-25 12:00:00+09:00,5470.0,5500.0,5430.0,5490.0,945,0.0,0.0
2024-04-25 13:00:00+09:00,5490.0,5490.0,5460.0,5460.0,203,0.0,0.0
2024-04-25 14:00:00+09:00,5460.0,5480.0,5440.0,5440.0,1502,0.0,0.0
2024-04-26 09:00:00+09:00,5490.0,5500.0,5430.0,5470.0,6471,0.0,0.0
2024-04-26 10:00:00+09:00,5470.0,5470.0,5400.0,5420.0,4671,0.0,0.0
2024-04-26 11:00:00+09:00,5450.0,5450.0,5410.0,5430.0,1212,0.0,0.0
2024-04-26 12:00:00+09:00,5430.0,5450.0,5420.0,5440.0,569,0.0,0.0
2024-04-26 13:00:00+09:00,5450.0,5450.0,5430.0,5440.0,2109,0.0,0.0
2024-04-26 14:00:00+09:00,5430.0,5450.0,5430.0,5450.0,4304,0.0,0.0
2024-04-29 09:00:00+09:00,5510.0,5830.0,5480.0,5680.0,71710,0.0,0.0
2024-04-29 10:00:00+09:00,5690.0,5970.0,5680.0,5910.0,137500,0.0,0.0
2024-04-29 11:00:00+09:00,5910.0,5990.0,5610.0,5660.0,233064,0.0,0.0
2024-04-29 12:00:00+09:00,5690.0,5700.0,5620.0,5630.0,7388,0.0,0.0
2024-04-29 13:00:00+09:00,5630.0,5660.0,5600.0,5660.0,7498,0.0,0.0
2024-04-29 14:00:00+09:00,5660.0,5660.0,5610.0,5630.0,11956,0.0,0.0
2024-04-30 09:00:00+09:00,5590.0,5750.0,5570.0,5670.0,16499,0.0,0.0
2024-04-30 10:00:00+09:00,5660.0,5690.0,5610.0,5660.0,10295,0.0,0.0
2024-04-30 11:00:00+09:00,5650.0,5650.0,5630.0,5630.0,4063,0.0,0.0
2024-04-30 12:00:00+09:00,5640.0,5680.0,5630.0,5660.0,2796,0.0,0.0
2024-04-30 13:00:00+09:00,5650.0,5670.0,5630.0,5640.0,7191,0.0,0.0
2024-04-30 14:00:00+09:00,5650.0,5650.0,5580.0,5620.0,15808,0.0,0.0
2024-05-02 09:00:00+09:00,5580.0,5640.0,5550.0,5600.0,0,0.0,0.0
2024-05-02 10:00:00+09:00,5610.0,5640.0,5600.0,5610.0,8354,0.0,0.0
2024-05-02 11:00:00+09:00,5610.0,5640.0,5600.0,5630.0,7850,0.0,0.0
2024-05-02 12:00:00+09:00,5630.0,5670.0,5620.0,5630.0,5843,0.0,0.0
2024-05-02 13:00:00+09:00,5630.0,5640.0,5620.0,5640.0,3774,0.0,0.0
2024-05-02 14:00:00+09:00,5640.0,5650.0,5610.0,5630.0,10115,0.0,0.0
2024-05-03 09:00:00+09:00,5630.0,5670.0,5610.0,5660.0,6473,0.0,0.0
2024-05-03 10:00:00+09:00,5640.0,5650.0,5610.0,5640.0,6300,0.0,0.0
2024-05-03 11:00:00+09:00,5630.0,5640.0,5610.0,5640.0,1747,0.0,0.0
2024-05-03 12:00:00+09:00,5630.0,5640.0,5630.0,5630.0,337,0.0,0.0
2024-05-03 13:00:00+09:00,5630.0,5660.0,5630.0,5630.0,2065,0.0,0.0
2024-05-03 14:00:00+09:00,5640.0,5880.0,5630.0,5800.0,70352,0.0,0.0
2024-05-07 09:00:00+09:00,5800.0,5890.0,5750.0,5770.0,0,0.0,0.0
2024-05-07 10:00:00+09:00,5760.0,5770.0,5730.0,5730.0,7680,0.0,0.0
2024-05-07 11:00:00+09:00,5730.0,5750.0,5710.0,5710.0,5606,0.0,0.0
2024-05-07 12:00:00+09:00,5730.0,5740.0,5720.0,5730.0,3778,0.0,0.0
2024-05-07 13:00:00+09:00,5720.0,5750.0,5700.0,5710.0,9119,0.0,0.0
2024-05-07 14:00:00+09:00,5730.0,5800.0,5730.0,5790.0,17209,0.0,0.0
2024-05-08 09:00:00+09:00,5720.0,5810.0,5700.0,5760.0,9373,0.0,0.0
2024-05-08 10:00:00+09:00,5760.0,5770.0,5720.0,5750.0,5058,0.0,0.0
2024-05-08 11:00:00+09:00,5750.0,5800.0,5730.0,5730.0,4654,0.0,0.0
2024-05-08 12:00:00+09:00,5740.0,5750.0,5700.0,5730.0,7527,0.0,0.0
2024-05-08 13:00:00+09:00,5730.0,5750.0,5720.0,5720.0,854,0.0,0.0
2024-05-08 14:00:00+09:00,5720.0,5760.0,5710.0,5750.0,5248,0.0,0.0
2024-05-09 09:00:00+09:00,5740.0,5790.0,5740.0,5750.0,6382,0.0,0.0
2024-05-09 10:00:00+09:00,5760.0,5770.0,5680.0,5690.0,6591,0.0,0.0
2024-05-09 11:00:00+09:00,5690.0,5740.0,5690.0,5740.0,729,0.0,0.0
2024-05-09 12:00:00+09:00,5730.0,5730.0,5720.0,5730.0,370,0.0,0.0
2024-05-09 13:00:00+09:00,5710.0,5710.0,5690.0,5700.0,814,0.0,0.0
2024-05-09 14:00:00+09:00,5700.0,5710.0,5680.0,5680.0,4991,0.0,0.0
2024-05-10 09:00:00+09:00,5690.0,5690.0,5650.0,5670.0,5193,0.0,0.0
2024-05-10 10:00:00+09:00,5670.0,5670.0,5610.0,5610.0,3642,0.0,0.0
2024-05-10 11:00:00+09:00,5620.0,5640.0,5610.0,5640.0,12030,0.0,0.0
2024-05-10 12:00:00+09:00,5630.0,5640.0,5620.0,5620.0,2982,0.0,0.0
2024-05-10 13:00:00+09:00,5620.0,5640.0,5620.0,5630.0,1241,0.0,0.0
2024-05-10 14:00:00+09:00,5630.0,5640.0,5580.0,5600.0,6636,0.0,0.0
2024-05-13 09:00:00+09:00,5590.0,5620.0,5530.0,5540.0,0,0.0,0.0
2024-05-13 10:00:00+09:00,5540.0,5550.0,5520.0,5530.0,3361,0.0,0.0
2024-05-13 11:00:00+09:00,5520.0,5560.0,5520.0,5540.0,1815,0.0,0.0
2024-05-13 12:00:00+09:00,5540.0,5540.0,5520.0,5530.0,6799,0.0,0.0
2024-05-13 13:00:00+09:00,5510.0,5530.0,5510.0,5530.0,2462,0.0,0.0
2024-05-13 14:00:00+09:00,5540.0,5540.0,5510.0,5520.0,3972,0.0,0.0
2024-05-14 09:00:00+09:00,5510.0,5750.0,5460.0,5680.0,64621,0.0,0.0
2024-05-14 10:00:00+09:00,5670.0,5850.0,5620.0,5820.0,45913,0.0,0.0
2024-05-14 11:00:00+09:00,5820.0,6800.0,5720.0,6400.0,3561166,0.0,0.0
2024-05-14 12:00:00+09:00,6370.0,6630.0,6000.0,6010.0,1294024,0.0,0.0
2024-05-14 13:00:00+09:00,6040.0,6080.0,5820.0,5860.0,415084,0.0,0.0
2024-05-14 14:00:00+09:00,5880.0,5920.0,5810.0,5910.0,119079,0.0,0.0
2024-05-16 09:00:00+09:00,5750.0,5830.0,5710.0,5800.0,0,0.0,0.0
2024-05-16 10:00:00+09:00,5800.0,5840.0,5760.0,5760.0,39650,0.0,0.0
2024-05-16 11:00:00+09:00,5760.0,5800.0,5720.0,5740.0,38802,0.0,0.0
2024-05-16 12:00:00+09:00,5740.0,5750.0,5700.0,5750.0,31746,0.0,0.0
2024-05-16 13:00:00+09:00,5720.0,5730.0,5700.0,5710.0,17871,0.0,0.0
2024-05-16 14:00:00+09:00,5710.0,5730.0,5690.0,5720.0,22197,0.0,0.0
2024-05-17 09:00:00+09:00,5650.0,5730.0,5560.0,5710.0,78205,0.0,0.0
2024-05-17 10:00:00+09:00,5700.0,5870.0,5660.0,5760.0,94345,0.0,0.0
2024-05-17 11:00:00+09:00,5770.0,5800.0,5740.0,5780.0,20246,0.0,0.0
2024-05-17 12:00:00+09:00,5780.0,5790.0,5680.0,5710.0,31634,0.0,0.0
2024-05-17 13:00:00+09:00,5700.0,5750.0,5650.0,5700.0,23066,0.0,0.0
2024-05-17 14:00:00+09:00,5710.0,5830.0,5710.0,5740.0,48390,0.0,0.0
2024-05-20 09:00:00+09:00,5700.0,5750.0,5640.0,5660.0,0,0.0,0.0
2024-05-20 10:00:00+09:00,5650.0,5670.0,5570.0,5600.0,38612,0.0,0.0
2024-05-20 11:00:00+09:00,5600.0,5630.0,5580.0,5600.0,14327,0.0,0.0
2024-05-20 12:00:00+09:00,5610.0,5630.0,5580.0,5630.0,5803,0.0,0.0
2024-05-20 13:00:00+09:00,5620.0,5620.0,5540.0,5600.0,45694,0.0,0.0
2024-05-20 14:00:00+09:00,5590.0,5610.0,5560.0,5600.0,9855,0.0,0.0
2024-05-21 09:00:00+09:00,5570.0,5590.0,5550.0,5590.0,23135,0.0,0.0
2024-05-21 10:00:00+09:00,5590.0,5590.0,5520.0,5560.0,15445,0.0,0.0
2024-05-21 11:00:00+09:00,5550.0,5570.0,5530.0,5550.0,9355,0.0,0.0
2024-05-21 12:00:00+09:00,5530.0,5570.0,5530.0,5550.0,3246,0.0,0.0
2024-05-21 13:00:00+09:00,5550.0,5570.0,5540.0,5560.0,4173,0.0,0.0
2024-05-21 14:00:00+09:00,5550.0,5570.0,5540.0,5540.0,6761,0.0,0.0
2024-05-22 09:00:00+09:00,5580.0,5610.0,5550.0,5580.0,13417,0.0,0.0
2024-05-22 10:00:00+09:00,5570.0,5610.0,5560.0,5590.0,4054,0.0,0.0
2024-05-22 11:00:00+09:00,5580.0,5590.0,5540.0,5550.0,8498,0.0,0.0
2024-05-22 12:00:00+09:00,5560.0,5580.0,5530.0,5560.0,4793,0.0,0.0
2024-05-22 13:00:00+09:00,5560.0,5560.0,5530.0,5540.0,8064,0.0,0.0
2024-05-22 14:00:00+09:00,5540.0,5540.0,5510.0,5520.0,12092,0.0,0.0
2024-05-23 09:00:00+09:00,5560.0,5560.0,5400.0,5530.0,34494,0.0,0.0
2024-05-23 10:00:00+09:00,5530.0,5550.0,5510.0,5520.0,5357,0.0,0.0
2024-05-23 11:00:00+09:00,5530.0,5530.0,5480.0,5490.0,25615,0.0,0.0
2024-05-23 12:00:00+09:00,5490.0,5510.0,5480.0,5490.0,1443,0.0,0.0
2024-05-23 13:00:00+09:00,5490.0,5510.0,5440.0,5500.0,27787,0.0,0.0
2024-05-23 14:00:00+09:00,5500.0,5500.0,5450.0,5450.0,8606,0.0,0.0
2024-05-24 09:00:00+09:00,5400.0,5450.0,5390.0,5450.0,12067,0.0,0.0
2024-05-24 10:00:00+09:00,5440.0,5460.0,5420.0,5440.0,3944,0.0,0.0
2024-05-24 11:00:00+09:00,5420.0,5470.0,5420.0,5460.0,7409,0.0,0.0
2024-05-24 12:00:00+09:00,5470.0,5470.0,5450.0,5470.0,2260,0.0,0.0
2024-05-24 13:00:00+09:00,5470.0,5470.0,5450.0,5450.0,3102,0.0,0.0
2024-05-24 14:00:00+09:00,5450.0,5460.0,5440.0,5450.0,3066,0.0,0.0
2024-05-27 09:00:00+09:00,5570.0,5570.0,5420.0,5450.0,0,0.0,0.0
2024-05-27 10:00:00+09:00,5450.0,5480.0,5380.0,5410.0,55469,0.0,0.0
2024-05-27 11:00:00+09:00,5410.0,5410.0,5360.0,5360.0,11935,0.0,0.0
2024-05-27 12:00:00+09:00,5380.0,5390.0,5350.0,5370.0,7677,0.0,0.0
2024-05-27 13:00:00+09:00,5370.0,5410.0,5360.0,5400.0,3658,0.0,0.0
2024-05-27 14:00:00+09:00,5400.0,5430.0,5390.0,5430.0,4740,0.0,0.0
2024-05-28 09:00:00+09:00,5410.0,5540.0,5410.0,5520.0,15771,0.0,0.0
2024-05-28 10:00:00+09:00,5500.0,5520.0,5480.0,5490.0,2626,0.0,0.0
2024-05-28 11:00:00+09:00,5490.0,5510.0,5490.0,5490.0,4336,0.0,0.0
2024-05-28 12:00:00+09:00,5500.0,5570.0,5470.0,5480.0,12081,0.0,0.0
2024-05-28 13:00:00+09:00,5480.0,5520.0,5460.0,5470.0,1717,0.0,0.0
2024-05-28 14:00:00+09:00,5480.0,5490.0,5470.0,5480.0,4019,0.0,0.0
2024-05-29 09:00:00+09:00,5470.0,5500.0,5450.0,5470.0,8956,0.0,0.0
2024-05-29 10:00:00+09:00,5470.0,5490.0,5440.0,5460.0,8747,0.0,0.0
2024-05-29 11:00:00+09:00,5490.0,5510.0,5450.0,5500.0,2021,0.0,0.0
2024-05-29 12:00:00+09:00,5470.0,5500.0,5410.0,5440.0,13247,0.0,0.0
2024-05-29 13:00:00+09:00,5440.0,5470.0,5430.0,5440.0,3363,0.0,0.0
2024-05-29 14:00:00+09:00,5440.0,5450.0,5420.0,5420.0,5042,0.0,0.0
2024-05-30 09:00:00+09:00,5380.0,5430.0,5360.0,5390.0,11471,0.0,0.0
2024-05-30 10:00:00+09:00,5370.0,5420.0,5360.0,5420.0,7668,0.0,0.0
2024-05-30 11:00:00+09:00,5410.0,5440.0,5390.0,5440.0,1376,0.0,0.0
2024-05-30 12:00:00+09:00,5420.0,5440.0,5390.0,5390.0,3098,0.0,0.0
2024-05-30 13:00:00+09:00,5390.0,5410.0,5380.0,5380.0,11589,0.0,0.0
2024-05-30 14:00:00+09:00,5380.0,5400.0,5380.0,5380.0,4155,0.0,0.0
2024-05-31 09:00:00+09:00,5360.0,6020.0,5360.0,5540.0,1869378,0.0,0.0
2024-05-31 10:00:00+09:00,5550.0,5550.0,5450.0,5520.0,178961,0.0,0.0
2024-05-31 11:00:00+09:00,5500.0,5500.0,5430.0,5450.0,49303,0.0,0.0
2024-05-31 12:00:00+09:00,5460.0,5500.0,5440.0,5460.0,20672,0.0,0.0
2024-05-31 13:00:00+09:00,5470.0,5500.0,5460.0,5490.0,11909,0.0,0.0
2024-05-31 14:00:00+09:00,5500.0,5500.0,5440.0,5450.0,39842,0.0,0.0
2024-06-03 09:00:00+09:00,5420.0,5520.0,5380.0,5460.0,0,0.0,0.0
2024-06-03 10:00:00+09:00,5460.0,5460.0,5410.0,5460.0,21713,0.0,0.0
2024-06-03 11:00:00+09:00,5450.0,5460.0,5420.0,5430.0,8047,0.0,0.0
2024-06-03 12:00:00+09:00,5450.0,5470.0,5430.0,5460.0,6442,0.0,0.0
2024-06-03 13:00:00+09:00,5450.0,5460.0,5440.0,5450.0,3994,0.0,0.0
2024-06-03 14:00:00+09:00,5450.0,5460.0,5430.0,5440.0,11230,0.0,0.0
2024-06-04 09:00:00+09:00,5470.0,5520.0,5420.0,5500.0,52800,0.0,0.0
2024-06-04 10:00:00+09:00,5500.0,5510.0,5470.0,5470.0,5778,0.0,0.0
2024-06-04 11:00:00+09:00,5490.0,5510.0,5470.0,5500.0,21611,0.0,0.0
2024-06-04 12:00:00+09:00,5490.0,5500.0,5480.0,5490.0,897,0.0,0.0
2024-06-04 13:00:00+09:00,5490.0,5490.0,5470.0,5480.0,7085,0.0,0.0
2024-06-04 14:00:00+09:00,5470.0,5490.0,5450.0,5460.0,10553,0.0,0.0
2024-06-05 09:00:00+09:00,5440.0,5460.0,5400.0,5440.0,39239,0.0,0.0
2024-06-05 10:00:00+09:00,5440.0,5490.0,5410.0,5480.0,13783,0.0,0.0
2024-06-05 11:00:00+09:00,5480.0,5490.0,5450.0,5470.0,3998,0.0,0.0
2024-06-05 12:00:00+09:00,5460.0,5490.0,5460.0,5470.0,6461,0.0,0.0
2024-06-05 13:00:00+09:00,5470.0,5490.0,5450.0,5490.0,11421,0.0,0.0
2024-06-05 14:00:00+09:00,5490.0,5490.0,5460.0,5480.0,5957,0.0,0.0
2024-06-07 09:00:00+09:00,5460.0,5490.0,5420.0,5470.0,0,0.0,0.0
2024-06-07 10:00:00+09:00,5470.0,5470.0,5420.0,5460.0,16436,0.0,0.0
2024-06-07 11:00:00+09:00,5470.0,5480.0,5450.0,5480.0,9193,0.0,0.0
2024-06-07 12:00:00+09:00,5480.0,5490.0,5460.0,5480.0,1691,0.0,0.0
2024-06-07 13:00:00+09:00,5480.0,5490.0,5470.0,5480.0,6322,0.0,0.0
2024-06-07 14:00:00+09:00,5470.0,5480.0,5460.0,5480.0,5069,0.0,0.0
2024-06-10 09:00:00+09:00,5470.0,5470.0,5420.0,5430.0,0,0.0,0.0
2024-06-10 10:00:00+09:00,5430.0,5480.0,5420.0,5450.0,5510,0.0,0.0
2024-06-10 11:00:00+09:00,5430.0,5470.0,5430.0,5470.0,2663,0.0,0.0
2024-06-10 12:00:00+09:00,5450.0,5470.0,5440.0,5470.0,4629,0.0,0.0
2024-06-10 13:00:00+09:00,5460.0,5470.0,5440.0,5470.0,1892,0.0,0.0
2024-06-10 14:00:00+09:00,5450.0,5470.0,5440.0,5440.0,4789,0.0,0.0
2024-06-11 09:00:00+09:00,5420.0,5470.0,5420.0,5470.0,0,0.0,0.0
2024-06-11 10:00:00+09:00,5470.0,5470.0,5430.0,5440.0,18824,0.0,0.0
2024-06-11 11:00:00+09:00,5440.0,5450.0,5420.0,5440.0,8033,0.0,0.0
2024-06-11 12:00:00+09:00,5440.0,5450.0,5420.0,5430.0,6699,0.0,0.0
2024-06-11 13:00:00+09:00,5440.0,5440.0,5420.0,5440.0,2987,0.0,0.0
2024-06-11 14:00:00+09:00,5440.0,5440.0,5430.0,5440.0,6194,0.0,0.0
2024-06-12 09:00:00+09:00,5440.0,5470.0,5410.0,5440.0,5874,0.0,0.0
2024-06-12 10:00:00+09:00,5430.0,5450.0,5420.0,5440.0,4308,0.0,0.0
2024-06-12 11:00:00+09:00,5440.0,5470.0,5420.0,5460.0,13120,0.0,0.0
2024-06-12 12:00:00+09:00,5460.0,5460.0,5410.0,5440.0,6482,0.0,0.0
2024-06-12 13:00:00+09:00,5440.0,5440.0,5420.0,5420.0,1641,0.0,0.0
2024-06-12 14:00:00+09:00,5440.0,5440.0,5410.0,5420.0,7090,0.0,0.0
2024-06-13 09:00:00+09:00,5400.0,5440.0,5400.0,5430.0,14152,0.0,0.0
2024-06-13 10:00:00+09:00,5420.0,5430.0,5400.0,5430.0,3876,0.0,0.0
2024-06-13 11:00:00+09:00,5420.0,5430.0,5410.0,5410.0,1765,0.0,0.0
2024-06-13 12:00:00+09:00,5420.0,5420.0,5410.0,5420.0,719,0.0,0.0
2024-06-13 13:00:00+09:00,5410.0,5410.0,5360.0,5370.0,30483,0.0,0.0
2024-06-13 14:00:00+09:00,5370.0,5400.0,5370.0,5380.0,8440,0.0,0.0
2024-06-14 09:00:00+09:00,5380.0,5400.0,5370.0,5390.0,15659,0.0,0.0
2024-06-14 10:00:00+09:00,5390.0,5400.0,5370.0,5370.0,5066,0.0,0.0
2024-06-14 11:00:00+09:00,5370.0,5370.0,5350.0,5350.0,9596,0.0,0.0
2024-06-14 12:00:00+09:00,5350.0,5380.0,5350.0,5370.0,6373,0.0,0.0
2024-06-14 13:00:00+09:00,5370.0,5370.0,5350.0,5370.0,3747,0.0,0.0
2024-06-14 14:00:00+09:00,5370.0,5400.0,5350.0,5370.0,8635,0.0,0.0
2024-06-17 09:00:00+09:00,5350.0,5450.0,5340.0,5420.0,0,0.0,0.0
2024-06-17 10:00:00+09:00,5390.0,5420.0,5340.0,5370.0,37809,0.0,0.0
2024-06-17 11:00:00+09:00,5380.0,5390.0,5340.0,5370.0,5817,0.0,0.0
2024-06-17 12:00:00+09:00,5360.0,5370.0,5340.0,5340.0,1477,0.0,0.0
2024-06-17 13:00:00+09:00,5360.0,5370.0,5360.0,5370.0,1017,0.0,0.0
2024-06-17 14:00:00+09:00,5370.0,5370.0,5330.0,5330.0,8308,0.0,0.0
2024-06-18 09:00:00+09:00,5350.0,5370.0,5290.0,5320.0,35816,0.0,0.0
2024-06-18 10:00:00+09:00,5320.0,5320.0,5260.0,5280.0,22140,0.0,0.0
2024-06-18 11:00:00+09:00,5280.0,5280.0,5210.0,5240.0,22454,0.0,0.0
2024-06-18 12:00:00+09:00,5250.0,5250.0,5230.0,5230.0,3042,0.0,0.0
2024-06-18 13:00:00+09:00,5230.0,5240.0,5220.0,5230.0,9247,0.0,0.0
2024-06-18 14:00:00+09:00,5230.0,5230.0,5210.0,5220.0,14987,0.0,0.0
2024-06-19 09:00:00+09:00,5220.0,5290.0,5220.0,5270.0,11631,0.0,0.0
2024-06-19 10:00:00+09:00,5270.0,5280.0,5230.0,5280.0,2413,0.0,0.0
2024-06-19 11:00:00+09:00,5250.0,5280.0,5220.0,5230.0,4311,0.0,0.0
2024-06-19 12:00:00+09:00,5220.0,5250.0,5220.0,5240.0,1486,0.0,0.0
2024-06-19 13:00:00+09:00,5240.0,5240.0,5220.0,5240.0,8012,0.0,0.0
2024-06-19 14:00:00+09:00,5230.0,5240.0,5220.0,5240.0,3039,0.0,0.0
2024-06-20 09:00:00+09:00,5240.0,5300.0,5220.0,5300.0,9038,0.0,0.0
2024-06-20 10:00:00+09:00,5300.0,5320.0,5260.0,5260.0,2045,0.0,0.0
2024-06-20 11:00:00+09:00,5260.0,5260.0,5250.0,5250.0,1595,0.0,0.0
2024-06-20 12:00:00+09:00,5250.0,5260.0,5240.0,5260.0,2046,0.0,0.0
2024-06-20 13:00:00+09:00,5260.0,5280.0,5230.0,5280.0,7882,0.0,0.0
2024-06-20 14:00:00+09:00,5280.0,5280.0,5240.0,5270.0,1498,0.0,0.0
2024-06-21 09:00:00+09:00,5240.0,5280.0,5200.0,5230.0,14133,0.0,0.0
2024-06-21 10:00:00+09:00,5230.0,5260.0,5210.0,5240.0,2773,0.0,0.0
2024-06-21 11:00:00+09:00,5220.0,5240.0,5200.0,5220.0,972,0.0,0.0
2024-06-21 12:00:00+09:00,5220.0,5220.0,5190.0,5210.0,5844,0.0,0.0
2024-06-21 13:00:00+09:00,5220.0,5220.0,5190.0,5200.0,2268,0.0,0.0
2024-06-21 14:00:00+09:00,5200.0,5200.0,5110.0,5170.0,24557,0.0,0.0
2024-06-24 09:00:00+09:00,5110.0,5150.0,5070.0,5080.0,0,0.0,0.0
2024-06-24 10:00:00+09:00,5080.0,5100.0,5000.0,5020.0,28509,0.0,0.0
2024-06-24 11:00:00+09:00,5020.0,5070.0,5000.0,5030.0,6850,0.0,0.0
2024-06-24 12:00:00+09:00,5050.0,5050.0,5020.0,5030.0,638,0.0,0.0
2024-06-24 13:00:00+09:00,5030.0,5040.0,5020.0,5030.0,1688,0.0,0.0
2024-06-24 14:00:00+09:00,5030.0,5040.0,5000.0,5020.0,12052,0.0,0.0
2024-06-25 09:00:00+09:00,4965.0,5030.0,4965.0,5000.0,7998,0.0,0.0
2024-06-25 10:00:00+09:00,5010.0,5130.0,4995.0,5050.0,7382,0.0,0.0
2024-06-25 11:00:00+09:00,5050.0,5080.0,5030.0,5050.0,1574,0.0,0.0
2024-06-25 12:00:00+09:00,5030.0,5050.0,5010.0,5020.0,1272,0.0,0.0
2024-06-25 13:00:00+09:00,5020.0,5050.0,5020.0,5050.0,847,0.0,0.0
2024-06-25 14:00:00+09:00,5030.0,5070.0,5000.0,5070.0,3225,0.0,0.0
2024-06-26 09:00:00+09:00,5010.0,5050.0,5010.0,5050.0,12977,0.0,0.0
2024-06-26 10:00:00+09:00,5050.0,5050.0,5020.0,5020.0,1286,0.0,0.0
2024-06-26 11:00:00+09:00,5020.0,5050.0,5010.0,5010.0,1218,0.0,0.0
2024-06-26 12:00:00+09:00,5010.0,5020.0,5000.0,5010.0,3423,0.0,0.0
2024-06-26 13:00:00+09:00,5010.0,5020.0,5000.0,5010.0,2909,0.0,0.0
2024-06-26 14:00:00+09:00,5000.0,5010.0,4980.0,5010.0,7774,0.0,0.0
2024-06-27 09:00:00+09:00,4975.0,5010.0,4975.0,4990.0,3334,0.0,0.0
2024-06-27 10:00:00+09:00,5000.0,5000.0,4965.0,4990.0,3318,0.0,0.0
2024-06-27 11:00:00+09:00,4990.0,4990.0,4970.0,4980.0,945,0.0,0.0
2024-06-27 12:00:00+09:00,4985.0,4990.0,4970.0,4970.0,4791,0.0,0.0
2024-06-27 13:00:00+09:00,4970.0,4990.0,4960.0,4990.0,3974,0.0,0.0
2024-06-27 14:00:00+09:00,4990.0,4990.0,4940.0,4960.0,8144,0.0,0.0
2024-06-28 09:00:00+09:00,4920.0,4925.0,4810.0,4850.0,18466,0.0,0.0
2024-06-28 10:00:00+09:00,4850.0,4850.0,4810.0,4830.0,4020,0.0,0.0
2024-06-28 11:00:00+09:00,4825.0,4825.0,4805.0,4825.0,4657,0.0,0.0
2024-06-28 12:00:00+09:00,4820.0,4860.0,4820.0,4850.0,2139,0.0,0.0
2024-06-28 13:00:00+09:00,4850.0,4860.0,4845.0,4860.0,895,0.0,0.0
2024-06-28 14:00:00+09:00,4850.0,4865.0,4830.0,4835.0,4966,0.0,0.0
2024-07-01 09:00:00+09:00,4810.0,4880.0,4810.0,4855.0,0,0.0,0.0
2024-07-01 10:00:00+09:00,4855.0,4940.0,4850.0,4930.0,6014,0.0,0.0
2024-07-01 11:00:00+09:00,4925.0,4950.0,4900.0,4950.0,4225,0.0,0.0
2024-07-01 12:00:00+09:00,4950.0,4960.0,4910.0,4945.0,2841,0.0,0.0
2024-07-01 13:00:00+09:00,4915.0,4950.0,4900.0,4940.0,2173,0.0,0.0
2024-07-01 14:00:00+09:00,4940.0,5010.0,4920.0,5010.0,15132,0.0,0.0
2024-07-02 09:00:00+09:00,4995.0,5020.0,4960.0,4990.0,8356,0.0,0.0
2024-07-02 10:00:00+09:00,4990.0,4995.0,4945.0,4990.0,10990,0.0,0.0
2024-07-02 11:00:00+09:00,4985.0,4995.0,4975.0,4975.0,364,0.0,0.0
2024-07-02 12:00:00+09:00,4975.0,4975.0,4950.0,4970.0,3399,0.0,0.0
2024-07-02 13:00:00+09:00,4950.0,4995.0,4920.0,4990.0,6532,0.0,0.0
2024-07-02 14:00:00+09:00,4990.0,4995.0,4950.0,4965.0,1868,0.0,0.0
2024-07-03 09:00:00+09:00,4970.0,5020.0,4970.0,5010.0,5573,0.0,0.0
2024-07-03 10:00:00+09:00,4985.0,4985.0,4900.0,4910.0,12138,0.0,0.0
2024-07-03 11:00:00+09:00,4915.0,5040.0,4915.0,4960.0,5039,0.0,0.0
2024-07-03 12:00:00+09:00,4960.0,5010.0,4960.0,4990.0,3317,0.0,0.0
2024-07-03 13:00:00+09:00,4990.0,4990.0,4965.0,4970.0,2536,0.0,0.0
2024-07-03 14:00:00+09:00,4980.0,4980.0,4910.0,4915.0,4893,0.0,0.0
2024-07-04 09:00:00+09:00,4885.0,5040.0,4885.0,5030.0,9644,0.0,0.0
2024-07-04 10:00:00+09:00,5000.0,5090.0,4980.0,5080.0,5656,0.0,0.0
2024-07-04 11:00:00+09:00,5080.0,5370.0,5050.0,5100.0,130504,0.0,0.0
2024-07-04 12:00:00+09:00,5080.0,5090.0,5040.0,5050.0,6732,0.0,0.0
2024-07-04 13:00:00+09:00,5060.0,5060.0,5030.0,5030.0,2905,0.0,0.0
2024-07-04 14:00:00+09:00,5060.0,5060.0,5020.0,5040.0,2457,0.0,0.0
2024-07-05 09:00:00+09:00,5030.0,5120.0,5030.0,5090.0,3713,0.0,0.0
2024-07-05 10:00:00+09:00,5090.0,5110.0,5060.0,5090.0,3547,0.0,0.0
2024-07-05 11:00:00+09:00,5090.0,5100.0,5080.0,5090.0,1991,0.0,0.0
2024-07-05 12:00:00+09:00,5090.0,5140.0,5070.0,5120.0,4377,0.0,0.0
2024-07-05 13:00:00+09:00,5100.0,5120.0,5070.0,5070.0,7952,0.0,0.0
2024-07-05 14:00:00+09:00,5070.0,5120.0,5060.0,5120.0,4638,0.0,0.0
2024-07-08 09:00:00+09:00,5050.0,5110.0,5040.0,5090.0,0,0.0,0.0
2024-07-08 10:00:00+09:00,5080.0,5100.0,5070.0,5090.0,2644,0.0,0.0
2024-07-08 11:00:00+09:00,5100.0,5100.0,5060.0,5080.0,3414,0.0,0.0
2024-07-08 12:00:00+09:00,5070.0,5100.0,5070.0,5100.0,1997,0.0,0.0
2024-07-08 13:00:00+09:00,5070.0,5100.0,5070.0,5100.0,0,0.0,0.0
2024-07-08 14:00:00+09:00,5080.0,5080.0,5040.0,5060.0,10783,0.0,0.0
2024-07-09 09:00:00+09:00,5040.0,5090.0,5040.0,5080.0,1675,0.0,0.0
2024-07-09 10:00:00+09:00,5080.0,5150.0,5080.0,5110.0,9326,0.0,0.0
2024-07-09 11:00:00+09:00,5110.0,5130.0,5080.0,5110.0,1850,0.0,0.0
2024-07-09 12:00:00+09:00,5110.0,5110.0,5060.0,5060.0,3906,0.0,0.0
2024-07-09 13:00:00+09:00,5080.0,5100.0,5070.0,5070.0,2314,0.0,0.0
2024-07-09 14:00:00+09:00,5070.0,5080.0,5060.0,5080.0,992,0.0,0.0
2024-07-10 09:00:00+09:00,5080.0,5100.0,4985.0,4985.0,9155,0.0,0.0
2024-07-10 10:00:00+09:00,4990.0,5030.0,4985.0,5000.0,4103,0.0,0.0
2024-07-10 11:00:00+09:00,5030.0,5030.0,4995.0,5000.0,2928,0.0,0.0
2024-07-10 12:00:00+09:00,5000.0,5010.0,4995.0,5010.0,1371,0.0,0.0
2024-07-10 13:00:00+09:00,5010.0,5020.0,4965.0,5000.0,18019,0.0,0.0
2024-07-10 14:00:00+09:00,5000.0,5010.0,4950.0,4985.0,10546,0.0,0.0
2024-07-11 09:00:00+09:00,4975.0,5000.0,4940.0,5000.0,6671,0.0,0.0
2024-07-11 10:00:00+09:00,5000.0,5000.0,4960.0,4960.0,4774,0.0,0.0
2024-07-11 11:00:00+09:00,4970.0,4990.0,4960.0,4990.0,1112,0.0,0.0
2024-07-11 12:00:00+09:00,4965.0,4990.0,4945.0,4950.0,14579,0.0,0.0
2024-07-11 13:00:00+09:00,4950.0,4980.0,4905.0,4920.0,14406,0.0,0.0
2024-07-11 14:00:00+09:00,4920.0,4985.0,4910.0,4960.0,4885,0.0,0.0
2024-07-12 09:00:00+09:00,4985.0,5040.0,4935.0,5030.0,11257,0.0,0.0
2024-07-12 10:00:00+09:00,5030.0,5030.0,4980.0,5000.0,9339,0.0,0.0
2024-07-12 11:00:00+09:00,4990.0,5030.0,4980.0,5020.0,1572,0.0,0.0
2024-07-12 12:00:00+09:00,5010.0,5010.0,4995.0,4995.0,415,0.0,0.0
2024-07-12 13:00:00+09:00,4995.0,5020.0,4985.0,5010.0,515,0.0,0.0
2024-07-12 14:00:00+09:00,5000.0,5010.0,4980.0,5010.0,3017,0.0,0.0
2024-07-15 09:00:00+09:00,4995.0,5020.0,4980.0,5000.0,0,0.0,0.0
2024-07-15 10:00:00+09:00,5000.0,5010.0,4975.0,4980.0,3135,0.0,0.0
2024-07-15 11:00:00+09:00,5000.0,5000.0,4965.0,4990.0,3331,0.0,0.0
2024-07-15 12:00:00+09:00,4990.0,5000.0,4965.0,5000.0,2375,0.0,0.0
2024-07-15 13:00:00+09:00,4990.0,4990.0,4965.0,4980.0,530,0.0,0.0
2024-07-15 14:00:00+09:00,4980.0,4995.0,4965.0,4980.0,1628,0.0,0.0
2024-07-16 09:00:00+09:00,4940.0,4975.0,4900.0,4905.0,12302,0.0,0.0
2024-07-16 10:00:00+09:00,4905.0,4905.0,4805.0,4865.0,23127,0.0,0.0
2024-07-16 11:00:00+09:00,4875.0,4890.0,4850.0,4880.0,1810,0.0,0.0
2024-07-16 12:00:00+09:00,4865.0,4880.0,4855.0,4880.0,437,0.0,0.0
2024-07-16 13:00:00+09:00,4875.0,4875.0,4850.0,4855.0,2523,0.0,0.0
2024-07-16 14:00:00+09:00,4855.0,4910.0,4855.0,4910.0,1284,0.0,0.0
2024-07-17 09:00:00+09:00,4960.0,5000.0,4950.0,4985.0,5303,0.0,0.0
2024-07-17 10:00:00+09:00,4985.0,5000.0,4930.0,4960.0,8882,0.0,0.0
2024-07-17 11:00:00+09:00,4960.0,4965.0,4925.0,4930.0,4380,0.0,0.0
2024-07-17 12:00:00+09:00,4950.0,4950.0,4915.0,4925.0,1859,0.0,0.0
2024-07-17 13:00:00+09:00,4920.0,4950.0,4920.0,4925.0,872,0.0,0.0
2024-07-17 14:00:00+09:00,4925.0,4925.0,4895.0,4900.0,2943,0.0,0.0
2024-07-18 09:00:00+09:00,4835.0,4845.0,4710.0,4785.0,0,0.0,0.0
2024-07-18 10:00:00+09:00,4780.0,4780.0,4740.0,4740.0,27278,0.0,0.0
2024-07-18 11:00:00+09:00,4735.0,4760.0,4735.0,4745.0,3412,0.0,0.0
2024-07-18 12:00:00+09:00,4760.0,4780.0,4745.0,4750.0,906,0.0,0.0
2024-07-18 13:00:00+09:00,4750.0,4755.0,4735.0,4740.0,2480,0.0,0.0
2024-07-18 14:00:00+09:00,4745.0,4755.0,4720.0,4730.0,8028,0.0,0.0
2024-07-19 09:00:00+09:00,4725.0,4780.0,4690.0,4735.0,6396,0.0,0.0
2024-07-19 10:00:00+09:00,4705.0,4740.0,4685.0,4685.0,6681,0.0,0.0
2024-07-19 11:00:00+09:00,4685.0,4700.0,4655.0,4665.0,4262,0.0,0.0
2024-07-19 12:00:00+09:00,4665.0,4670.0,4630.0,4630.0,7106,0.0,0.0
2024-07-19 13:00:00+09:00,4635.0,4670.0,4630.0,4670.0,8657,0.0,0.0
2024-07-19 14:00:00+09:00,4675.0,4710.0,4655.0,4710.0,4535,0.0,0.0
2024-07-22 09:00:00+09:00,4645.0,4755.0,4635.0,4690.0,0,0.0,0.0
2024-07-22 10:00:00+09:00,4690.0,4690.0,4645.0,4665.0,3122,0.0,0.0
2024-07-22 11:00:00+09:00,4665.0,4665.0,4625.0,4640.0,2852,0.0,0.0
2024-07-22 12:00:00+09:00,4640.0,4680.0,4625.0,4670.0,5404,0.0,0.0
2024-07-22 13:00:00+09:00,4675.0,4675.0,4640.0,4665.0,896,0.0,0.0
2024-07-22 14:00:00+09:00,4655.0,4665.0,4640.0,4645.0,1728,0.0,0.0
2024-07-23 09:00:00+09:00,4600.0,4730.0,4600.0,4685.0,10781,0.0,0.0
2024-07-23 10:00:00+09:00,4685.0,4760.0,4680.0,4680.0,5866,0.0,0.0
2024-07-23 11:00:00+09:00,4690.0,4725.0,4690.0,4720.0,1348,0.0,0.0
2024-07-23 12:00:00+09:00,4705.0,4720.0,4660.0,4680.0,1699,0.0,0.0
2024-07-23 13:00:00+09:00,4680.0,4725.0,4680.0,4690.0,1136,0.0,0.0
2024-07-23 14:00:00+09:00,4690.0,4715.0,4675.0,4675.0,2999,0.0,0.0
2024-07-24 09:00:00+09:00,4605.0,4725.0,4605.0,4725.0,8719,0.0,0.0
2024-07-24 10:00:00+09:00,4710.0,4780.0,4710.0,4765.0,5206,0.0,0.0
2024-07-24 11:00:00+09:00,4765.0,4770.0,4725.0,4750.0,3915,0.0,0.0
2024-07-24 12:00:00+09:00,4725.0,4760.0,4725.0,4750.0,0,0.0,0.0
2024-07-24 13:00:00+09:00,4750.0,4750.0,4685.0,4695.0,2473,0.0,0.0
2024-07-24 14:00:00+09:00,4700.0,4740.0,4695.0,4735.0,1967,0.0,0.0
2024-07-25 09:00:00+09:00,4635.0,4770.0,4635.0,4695.0,8978,0.0,0.0
2024-07-25 10:00:00+09:00,4690.0,4705.0,4670.0,4670.0,1793,0.0,0.0
2024-07-25 11:00:00+09:00,4670.0,4735.0,4660.0,4730.0,3486,0.0,0.0
2024-07-25 12:00:00+09:00,4730.0,4730.0,4670.0,4680.0,788,0.0,0.0
2024-07-25 13:00:00+09:00,4680.0,4710.0,4665.0,4690.0,1281,0.0,0.0
2024-07-25 14:00:00+09:00,4695.0,4710.0,4680.0,4700.0,1873,0.0,0.0
2024-07-26 09:00:00+09:00,4620.0,4710.0,4620.0,4675.0,4501,0.0,0.0
2024-07-26 10:00:00+09:00,4670.0,4840.0,4670.0,4810.0,23414,0.0,0.0
2024-07-26 11:00:00+09:00,4780.0,4815.0,4770.0,4775.0,1256,0.0,0.0
2024-07-26 12:00:00+09:00,4785.0,4800.0,4770.0,4790.0,1047,0.0,0.0
2024-07-26 13:00:00+09:00,4795.0,4805.0,4780.0,4795.0,5563,0.0,0.0
2024-07-26 14:00:00+09:00,4795.0,4820.0,4795.0,4815.0,8027,0.0,0.0
2024-07-29 09:00:00+09:00,4790.0,4880.0,4785.0,4835.0,0,0.0,0.0
2024-07-29 10:00:00+09:00,4880.0,4880.0,4820.0,4820.0,5286,0.0,0.0
2024-07-29 11:00:00+09:00,4840.0,4840.0,4805.0,4830.0,1810,0.0,0.0
2024-07-29 12:00:00+09:00,4830.0,4845.0,4810.0,4840.0,545,0.0,0.0
2024-07-29 13:00:00+09:00,4835.0,4840.0,4800.0,4820.0,3458,0.0,0.0
2024-07-29 14:00:00+09:00,4815.0,4820.0,4800.0,4820.0,2255,0.0,0.0
2024-07-30 09:00:00+09:00,4825.0,4865.0,4770.0,4800.0,5100,0.0,0.0
2024-07-30 10:00:00+09:00,4800.0,4800.0,4755.0,4755.0,1654,0.0,0.0
2024-07-30 11:00:00+09:00,4755.0,4800.0,4755.0,4800.0,420,0.0,0.0
2024-07-30 12:00:00+09:00,4770.0,4775.0,4735.0,4740.0,3830,0.0,0.0
2024-07-30 13:00:00+09:00,4740.0,4740.0,4725.0,4730.0,1544,0.0,0.0
2024-07-30 14:00:00+09:00,4735.0,4820.0,4700.0,4735.0,12588,0.0,0.0
2024-07-31 09:00:00+09:00,4670.0,4740.0,4670.0,4700.0,18687,0.0,0.0
2024-07-31 10:00:00+09:00,4720.0,4795.0,4680.0,4710.0,5740,0.0,0.0
2024-07-31 11:00:00+09:00,4700.0,4720.0,4690.0,4705.0,3071,0.0,0.0
2024-07-31 12:00:00+09:00,4705.0,4730.0,4705.0,4730.0,1358,0.0,0.0
2024-07-31 13:00:00+09:00,4730.0,4750.0,4690.0,4720.0,5682,0.0,0.0
2024-07-31 14:00:00+09:00,4720.0,4750.0,4685.0,4745.0,5792,0.0,0.0
2024-08-01 09:00:00+09:00,4725.0,4880.0,4725.0,4860.0,14363,0.0,0.0
2024-08-01 10:00:00+09:00,4860.0,4870.0,4805.0,4850.0,1469,0.0,0.0
2024-08-01 11:00:00+09:00,4845.0,4865.0,4845.0,4860.0,1916,0.0,0.0
2024-08-01 12:00:00+09:00,4865.0,4870.0,4845.0,4850.0,2524,0.0,0.0
2024-08-01 13:00:00+09:00,4860.0,4865.0,4830.0,4860.0,1788,0.0,0.0
2024-08-01 14:00:00+09:00,4860.0,4865.0,4830.0,4860.0,6210,0.0,0.0
2024-08-02 09:00:00+09:00,4825.0,4865.0,4760.0,4775.0,11738,0.0,0.0
2024-08-02 10:00:00+09:00,4775.0,4780.0,4730.0,4740.0,5066,0.0,0.0
2024-08-02 11:00:00+09:00,4740.0,4750.0,4725.0,4725.0,3652,0.0,0.0
2024-08-02 12:00:00+09:00,4725.0,4735.0,4725.0,4735.0,1691,0.0,0.0
2024-08-02 13:00:00+09:00,4735.0,4765.0,4725.0,4725.0,8410,0.0,0.0
2024-08-02 14:00:00+09:00,4725.0,4740.0,4685.0,4700.0,13381,0.0,0.0
2024-08-05 09:00:00+09:00,4615.0,4670.0,4330.0,4440.0,0,0.0,0.0
2024-08-05 10:00:00+09:00,4440.0,4460.0,4385.0,4405.0,12818,0.0,0.0
2024-08-05 11:00:00+09:00,4410.0,4430.0,4360.0,4405.0,8908,0.0,0.0
2024-08-05 12:00:00+09:00,4405.0,4425.0,4340.0,4340.0,14793,0.0,0.0
2024-08-05 13:00:00+09:00,4350.0,4370.0,4250.0,4250.0,25817,0.0,0.0
2024-08-05 14:00:00+09:00,4255.0,4300.0,4015.0,4090.0,19156,0.0,0.0
2024-08-06 09:00:00+09:00,4060.0,4400.0,4060.0,4395.0,53704,0.0,0.0
2024-08-06 10:00:00+09:00,4395.0,4415.0,4300.0,4350.0,34518,0.0,0.0
2024-08-06 11:00:00+09:00,4345.0,4395.0,4315.0,4365.0,2660,0.0,0.0
2024-08-06 12:00:00+09:00,4390.0,4420.0,4360.0,4395.0,6321,0.0,0.0
2024-08-06 13:00:00+09:00,4395.0,4400.0,4330.0,4400.0,4559,0.0,0.0
2024-08-06 14:00:00+09:00,4400.0,4570.0,4255.0,4455.0,28227,0.0,0.0
2024-08-07 09:00:00+09:00,4340.0,4590.0,4340.0,4580.0,24315,0.0,0.0
2024-08-07 10:00:00+09:00,4580.0,4650.0,4540.0,4630.0,21348,0.0,0.0
2024-08-07 11:00:00+09:00,4630.0,4630.0,4605.0,4630.0,2948,0.0,0.0
2024-08-07 12:00:00+09:00,4620.0,4700.0,4605.0,4675.0,9131,0.0,0.0
2024-08-07 13:00:00+09:00,4675.0,4740.0,4675.0,4700.0,7517,0.0,0.0
2024-08-07 14:00:00+09:00,4705.0,4750.0,4695.0,4705.0,0,0.0,0.0
2024-08-08 09:00:00+09:00,4575.0,4845.0,4565.0,4845.0,33579,0.0,0.0
2024-08-08 10:00:00+09:00,4845.0,4900.0,4815.0,4860.0,12686,0.0,0.0
2024-08-08 11:00:00+09:00,4850.0,4925.0,4835.0,4920.0,11210,0.0,0.0
2024-08-08 12:00:00+09:00,4895.0,4945.0,4895.0,4935.0,8506,0.0,0.0
2024-08-08 13:00:00+09:00,4925.0,4930.0,4875.0,4875.0,8864,0.0,0.0
2024-08-08 14:00:00+09:00,4890.0,4905.0,4860.0,4895.0,2913,0.0,0.0
2024-08-09 09:00:00+09:00,4865.0,4950.0,4865.0,4900.0,11426,0.0,0.0
2024-08-09 10:00:00+09:00,4900.0,4930.0,4880.0,4890.0,6966,0.0,0.0
2024-08-09 11:00:00+09:00,4890.0,4920.0,4870.0,4890.0,5128,0.0,0.0
2024-08-09 12:00:00+09:00,4885.0,4905.0,4875.0,4885.0,1732,0.0,0.0
2024-08-09 13:00:00+09:00,4890.0,4925.0,4885.0,4890.0,5424,0.0,0.0
2024-08-09 14:00:00+09:00,4890.0,4950.0,4885.0,4945.0,9323,0.0,0.0
2024-08-12 09:00:00+09:00,4950.0,5160.0,4945.0,5020.0,1944,0.0,0.0
2024-08-12 10:00:00+09:00,5020.0,5140.0,5010.0,5130.0,12005,0.0,0.0
2024-08-12 11:00:00+09:00,5120.0,5130.0,5060.0,5090.0,3156,0.0,0.0
2024-08-12 12:00:00+09:00,5080.0,5100.0,5050.0,5060.0,1425,0.0,0.0
2024-08-12 13:00:00+09:00,5060.0,5070.0,5020.0,5060.0,7693,0.0,0.0
2024-08-12 14:00:00+09:00,5050.0,5080.0,5020.0,5070.0,3626,0.0,0.0
2024-08-13 09:00:00+09:00,5020.0,5080.0,4970.0,5040.0,23765,0.0,0.0
2024-08-13 10:00:00+09:00,5020.0,5030.0,4955.0,4975.0,6092,0.0,0.0
2024-08-13 11:00:00+09:00,4970.0,4975.0,4935.0,4935.0,4504,0.0,0.0
2024-08-13 12:00:00+09:00,4940.0,4970.0,4935.0,4965.0,490,0.0,0.0
2024-08-13 13:00:00+09:00,4965.0,4970.0,4925.0,4950.0,2828,0.0,0.0
2024-08-13 14:00:00+09:00,4940.0,5040.0,4925.0,4970.0,6168,0.0,0.0
2024-08-14 09:00:00+09:00,4960.0,5040.0,4960.0,5020.0,5779,0.0,0.0
2024-08-14 10:00:00+09:00,5020.0,5050.0,5010.0,5030.0,3847,0.0,0.0
2024-08-14 11:00:00+09:00,5010.0,5030.0,5000.0,5020.0,1276,0.0,0.0
2024-08-14 12:00:00+09:00,5020.0,5030.0,5000.0,5020.0,1173,0.0,0.0
2024-08-14 13:00:00+09:00,5030.0,5070.0,5020.0,5020.0,0,0.0,0.0
2024-08-14 14:00:00+09:00,5050.0,5060.0,5020.0,5030.0,26505,0.0,0.0
2024-08-16 09:00:00+09:00,5060.0,5070.0,4975.0,5000.0,0,0.0,0.0
2024-08-16 10:00:00+09:00,5000.0,5010.0,4980.0,4990.0,2915,0.0,0.0
2024-08-16 11:00:00+09:00,4990.0,5030.0,4980.0,5010.0,1130,0.0,0.0
2024-08-16 12:00:00+09:00,5000.0,5020.0,4990.0,5020.0,1325,0.0,0.0
2024-08-16 13:00:00+09:00,5010.0,5030.0,4975.0,5020.0,6092,0.0,0.0
2024-08-16 14:00:00+09:00,5010.0,5020.0,4960.0,5000.0,4304,0.0,0.0
2024-08-19 09:00:00+09:00,4980.0,5070.0,4930.0,5050.0,0,0.0,0.0
2024-08-19 10:00:00+09:00,5040.0,5120.0,5000.0,5050.0,14007,0.0,0.0
2024-08-19 11:00:00+09:00,5050.0,5070.0,5020.0,5050.0,3924,0.0,0.0
2024-08-19 12:00:00+09:00,5040.0,5100.0,5040.0,5080.0,5828,0.0,0.0
2024-08-19 13:00:00+09:00,5080.0,5100.0,5060.0,5090.0,2755,0.0,0.0
2024-08-19 14:00:00+09:00,5090.0,5180.0,5030.0,5140.0,34546,0.0,0.0
2024-08-20 09:00:00+09:00,5140.0,5160.0,5070.0,5080.0,11830,0.0,0.0
2024-08-20 10:00:00+09:00,5080.0,5130.0,5080.0,5080.0,5568,0.0,0.0
2024-08-20 11:00:00+09:00,5090.0,5130.0,5070.0,5090.0,5775,0.0,0.0
2024-08-20 12:00:00+09:00,5090.0,5120.0,5080.0,5080.0,1615,0.0,0.0
2024-08-20 13:00:00+09:00,5100.0,5110.0,5070.0,5090.0,3525,0.0,0.0
2024-08-20 14:00:00+09:00,5080.0,5140.0,5070.0,5130.0,4921,0.0,0.0
2024-08-21 09:00:00+09:00,5160.0,5190.0,5090.0,5110.0,18809,0.0,0.0
2024-08-21 10:00:00+09:00,5100.0,5140.0,5080.0,5130.0,6500,0.0,0.0
2024-08-21 11:00:00+09:00,5090.0,5140.0,5090.0,5100.0,816,0.0,0.0
2024-08-21 12:00:00+09:00,5120.0,5130.0,5100.0,5120.0,364,0.0,0.0
2024-08-21 13:00:00+09:00,5110.0,5110.0,5070.0,5090.0,2808,0.0,0.0
2024-08-21 14:00:00+09:00,5070.0,5140.0,5070.0,5100.0,4149,0.0,0.0
2024-08-22 09:00:00+09:00,5050.0,5150.0,5020.0,5040.0,13126,0.0,0.0
2024-08-22 10:00:00+09:00,5040.0,5060.0,4995.0,5030.0,7494,0.0,0.0
2024-08-22 11:00:00+09:00,5030.0,5050.0,4990.0,5030.0,4033,0.0,0.0
2024-08-22 12:00:00+09:00,4990.0,5030.0,4935.0,4970.0,9489,0.0,0.0
2024-08-22 13:00:00+09:00,4970.0,5040.0,4960.0,4995.0,2123,0.0,0.0
2024-08-22 14:00:00+09:00,5000.0,5030.0,4980.0,4985.0,3067,0.0,0.0
2024-08-23 09:00:00+09:00,4980.0,4980.0,4900.0,4965.0,8607,0.0,0.0
2024-08-23 10:00:00+09:00,4965.0,4975.0,4920.0,4920.0,8804,0.0,0.0
2024-08-23 11:00:00+09:00,4925.0,4960.0,4925.0,4930.0,1197,0.0,0.0
2024-08-23 12:00:00+09:00,4925.0,4950.0,4905.0,4945.0,2012,0.0,0.0
2024-08-23 13:00:00+09:00,4945.0,4955.0,4910.0,4910.0,1042,0.0,0.0
2024-08-23 14:00:00+09:00,4915.0,4975.0,4915.0,4970.0,3965,0.0,0.0
2024-08-26 09:00:00+09:00,4960.0,4970.0,4855.0,4960.0,0,0.0,0.0
2024-08-26 10:00:00+09:00,4960.0,4965.0,4905.0,4905.0,2209,0.0,0.0
2024-08-26 11:00:00+09:00,4905.0,4960.0,4875.0,4875.0,3730,0.0,0.0
2024-08-26 12:00:00+09:00,4875.0,4880.0,4860.0,4865.0,3029,0.0,0.0
2024-08-26 13:00:00+09:00,4865.0,4900.0,4860.0,4900.0,1824,0.0,0.0
2024-08-26 14:00:00+09:00,4895.0,4950.0,4875.0,4905.0,5149,0.0,0.0
2024-08-27 09:00:00+09:00,4880.0,5030.0,4880.0,5000.0,8356,0.0,0.0
2024-08-27 10:00:00+09:00,5000.0,5000.0,4985.0,5000.0,1474,0.0,0.0
2024-08-27 11:00:00+09:00,4990.0,5000.0,4940.0,4940.0,3383,0.0,0.0
2024-08-27 12:00:00+09:00,4950.0,4970.0,4940.0,4950.0,557,0.0,0.0
2024-08-27 13:00:00+09:00,4950.0,4955.0,4915.0,4940.0,2130,0.0,0.0
2024-08-27 14:00:00+09:00,4920.0,5030.0,4915.0,5010.0,8899,0.0,0.0
2024-08-28 09:00:00+09:00,4975.0,5010.0,4935.0,5000.0,3257,0.0,0.0
2024-08-28 10:00:00+09:00,5000.0,5000.0,4960.0,5000.0,2799,0.0,0.0
2024-08-28 11:00:00+09:00,4990.0,5000.0,4975.0,4990.0,2382,0.0,0.0
2024-08-28 12:00:00+09:00,4975.0,4975.0,4935.0,4935.0,5261,0.0,0.0
2024-08-28 13:00:00+09:00,4960.0,4990.0,4945.0,4945.0,1645,0.0,0.0
2024-08-28 14:00:00+09:00,4945.0,5000.0,4945.0,4995.0,5056,0.0,0.0
2024-08-29 09:00:00+09:00,4900.0,4985.0,4900.0,4960.0,4587,0.0,0.0
2024-08-29 10:00:00+09:00,4960.0,4980.0,4895.0,4955.0,7648,0.0,0.0
2024-08-29 11:00:00+09:00,4915.0,4960.0,4695.0,4880.0,7818,0.0,0.0
2024-08-29 12:00:00+09:00,4920.0,4925.0,4850.0,4855.0,1938,0.0,0.0
2024-08-29 13:00:00+09:00,4855.0,4900.0,4820.0,4840.0,3114,0.0,0.0
2024-08-29 14:00:00+09:00,4855.0,4895.0,4810.0,4830.0,9130,0.0,0.0
2024-08-30 09:00:00+09:00,4870.0,4990.0,4870.0,4965.0,7978,0.0,0.0
2024-08-30 10:00:00+09:00,4965.0,4965.0,4945.0,4945.0,831,0.0,0.0
2024-08-30 11:00:00+09:00,4945.0,4965.0,4885.0,4945.0,4555,0.0,0.0
2024-08-30 12:00:00+09:00,4900.0,4945.0,4895.0,4935.0,597,0.0,0.0
2024-08-30 13:00:00+09:00,4920.0,4935.0,4875.0,4915.0,2653,0.0,0.0
2024-08-30 14:00:00+09:00,4915.0,4950.0,4880.0,4945.0,11017,0.0,0.0
2024-09-02 09:00:00+09:00,4905.0,5000.0,4745.0,4795.0,0,0.0,0.0
2024-09-02 10:00:00+09:00,4775.0,4845.0,4750.0,4815.0,11876,0.0,0.0
2024-09-02 11:00:00+09:00,4815.0,4830.0,4760.0,4770.0,1063,0.0,0.0
2024-09-02 12:00:00+09:00,4795.0,4830.0,4795.0,4805.0,1835,0.0,0.0
2024-09-02 13:00:00+09:00,4810.0,4925.0,4795.0,4920.0,5120,0.0,0.0
2024-09-02 14:00:00+09:00,4900.0,4955.0,4865.0,4925.0,6432,0.0,0.0
2024-09-03 09:00:00+09:00,4885.0,4960.0,4885.0,4925.0,12315,0.0,0.0
2024-09-03 10:00:00+09:00,4935.0,4945.0,4905.0,4945.0,7438,0.0,0.0
2024-09-03 11:00:00+09:00,4945.0,4945.0,4910.0,4930.0,1219,0.0,0.0
2024-09-03 12:00:00+09:00,4910.0,4920.0,4875.0,4895.0,3294,0.0,0.0
2024-09-03 13:00:00+09:00,4890.0,4895.0,4860.0,4880.0,1979,0.0,0.0
2024-09-03 14:00:00+09:00,4860.0,4900.0,4835.0,4850.0,6457,0.0,0.0
2024-09-04 09:00:00+09:00,4740.0,4825.0,4660.0,4670.0,13269,0.0,0.0
2024-09-04 10:00:00+09:00,4665.0,4690.0,4640.0,4670.0,6621,0.0,0.0
2024-09-04 11:00:00+09:00,4670.0,4680.0,4640.0,4675.0,2317,0.0,0.0
2024-09-04 12:00:00+09:00,4645.0,4655.0,4625.0,4645.0,3716,0.0,0.0
2024-09-04 13:00:00+09:00,4640.0,4675.0,4625.0,4640.0,2850,0.0,0.0
2024-09-04 14:00:00+09:00,4625.0,4635.0,4580.0,4580.0,6866,0.0,0.0
2024-09-05 09:00:00+09:00,4505.0,4650.0,4505.0,4600.0,10939,0.0,0.0
2024-09-05 10:00:00+09:00,4600.0,4620.0,4510.0,4515.0,1398,0.0,0.0
2024-09-05 11:00:00+09:00,4515.0,4575.0,4480.0,4500.0,10593,0.0,0.0
2024-09-05 12:00:00+09:00,4510.0,4510.0,4470.0,4485.0,6010,0.0,0.0
2024-09-05 13:00:00+09:00,4485.0,4490.0,4450.0,4450.0,0,0.0,0.0
2024-09-05 14:00:00+09:00,4470.0,4540.0,4460.0,4520.0,39201,0.0,0.0
2024-09-06 09:00:00+09:00,4445.0,4510.0,4330.0,4375.0,9127,0.0,0.0
2024-09-06 10:00:00+09:00,4350.0,4365.0,4210.0,4300.0,11824,0.0,0.0
2024-09-06 11:00:00+09:00,4305.0,4380.0,4305.0,4310.0,1860,0.0,0.0
2024-09-06 12:00:00+09:00,4355.0,4355.0,4310.0,4310.0,952,0.0,0.0
2024-09-06 13:00:00+09:00,4310.0,4380.0,4310.0,4380.0,3347,0.0,0.0
2024-09-06 14:00:00+09:00,4385.0,4415.0,4335.0,4415.0,1723,0.0,0.0
2024-09-09 09:00:00+09:00,4250.0,4425.0,4250.0,4340.0,0,0.0,0.0
2024-09-09 10:00:00+09:00,4370.0,4405.0,4300.0,4325.0,4692,0.0,0.0
2024-09-09 11:00:00+09:00,4355.0,4405.0,4300.0,4375.0,4896,0.0,0.0
2024-09-09 12:00:00+09:00,4375.0,4435.0,4350.0,4350.0,5026,0.0,0.0
2024-09-09 13:00:00+09:00,4350.0,4385.0,4350.0,4360.0,2290,0.0,0.0
2024-09-09 14:00:00+09:00,4390.0,4460.0,4380.0,4430.0,6859,0.0,0.0
2024-09-10 09:00:00+09:00,4365.0,4470.0,4360.0,4360.0,3719,0.0,0.0
2024-09-10 10:00:00+09:00,4400.0,4440.0,4340.0,4385.0,5467,0.0,0.0
2024-09-10 11:00:00+09:00,4360.0,4385.0,4335.0,4335.0,2331,0.0,0.0
2024-09-10 12:00:00+09:00,4365.0,4365.0,4330.0,4335.0,2831,0.0,0.0
2024-09-10 13:00:00+09:00,4350.0,4365.0,4340.0,4340.0,824,0.0,0.0
2024-09-10 14:00:00+09:00,4365.0,4375.0,4330.0,4365.0,3041,0.0,0.0
2024-09-11 09:00:00+09:00,4395.0,4470.0,4325.0,4415.0,7688,0.0,0.0
2024-09-11 10:00:00+09:00,4410.0,4450.0,4375.0,4400.0,923,0.0,0.0
2024-09-11 11:00:00+09:00,4375.0,4400.0,4375.0,4375.0,689,0.0,0.0
2024-09-11 12:00:00+09:00,4375.0,4395.0,4375.0,4395.0,356,0.0,0.0
2024-09-11 13:00:00+09:00,4390.0,4395.0,4335.0,4340.0,4743,0.0,0.0
2024-09-11 14:00:00+09:00,4360.0,4360.0,4300.0,4320.0,2473,0.0,0.0
2024-09-12 09:00:00+09:00,4345.0,4430.0,4310.0,4425.0,5517,0.0,0.0
2024-09-12 10:00:00+09:00,4410.0,4420.0,4390.0,4415.0,89,0.0,0.0
2024-09-12 11:00:00+09:00,4395.0,4410.0,4395.0,4400.0,382,0.0,0.0
2024-09-12 12:00:00+09:00,4410.0,4415.0,4395.0,4410.0,418,0.0,0.0
2024-09-12 13:00:00+09:00,4410.0,4440.0,4410.0,4440.0,988,0.0,0.0
2024-09-12 14:00:00+09:00,4435.0,4540.0,4370.0,4495.0,6903,0.0,0.0
2024-09-13 09:00:00+09:00,4420.0,4485.0,4400.0,4435.0,1622,0.0,0.0
2024-09-13 10:00:00+09:00,4415.0,4435.0,4395.0,4425.0,1869,0.0,0.0
2024-09-13 11:00:00+09:00,4425.0,4440.0,4415.0,4415.0,2035,0.0,0.0
2024-09-13 12:00:00+09:00,4445.0,4445.0,4415.0,4415.0,214,0.0,0.0
2024-09-13 13:00:00+09:00,4440.0,4450.0,4410.0,4445.0,2497,0.0,0.0
2024-09-13 14:00:00+09:00,4445.0,4445.0,4400.0,4435.0,1726,0.0,0.0
2024-09-19 09:00:00+09:00,4395.0,4500.0,4395.0,4460.0,0,0.0,0.0
2024-09-19 10:00:00+09:00,4490.0,4490.0,4415.0,4465.0,1490,0.0,0.0
2024-09-19 11:00:00+09:00,4435.0,4470.0,4435.0,4465.0,1013,0.0,0.0
2024-09-19 12:00:00+09:00,4470.0,4470.0,4445.0,4465.0,322,0.0,0.0
2024-09-19 13:00:00+09:00,4455.0,4465.0,4440.0,4460.0,412,0.0,0.0
2024-09-19 14:00:00+09:00,4435.0,4465.0,4435.0,4460.0,285,0.0,0.0
2024-09-20 09:00:00+09:00,4505.0,4550.0,4500.0,4545.0,2868,0.0,0.0
2024-09-20 10:00:00+09:00,4520.0,4530.0,4420.0,4465.0,8603,0.0,0.0
2024-09-20 11:00:00+09:00,4460.0,4480.0,4440.0,4475.0,607,0.0,0.0
2024-09-20 12:00:00+09:00,4455.0,4485.0,4450.0,4460.0,2303,0.0,0.0
2024-09-20 13:00:00+09:00,4460.0,4480.0,4450.0,4480.0,938,0.0,0.0
2024-09-20 14:00:00+09:00,4460.0,4480.0,4370.0,4420.0,14614,0.0,0.0
2024-09-23 09:00:00+09:00,4400.0,4475.0,4395.0,4455.0,0,0.0,0.0
2024-09-23 10:00:00+09:00,4420.0,4460.0,4400.0,4440.0,6154,0.0,0.0
2024-09-23 11:00:00+09:00,4420.0,4450.0,4410.0,4440.0,3861,0.0,0.0
2024-09-23 12:00:00+09:00,4450.0,4465.0,4425.0,4460.0,4602,0.0,0.0
2024-09-23 13:00:00+09:00,4460.0,4460.0,4410.0,4460.0,2421,0.0,0.0
2024-09-23 14:00:00+09:00,4465.0,4465.0,4415.0,4450.0,1453,0.0,0.0
2024-09-24 09:00:00+09:00,4385.0,4430.0,4365.0,4390.0,3970,0.0,0.0
2024-09-24 10:00:00+09:00,4385.0,4395.0,4365.0,4390.0,3111,0.0,0.0
2024-09-24 11:00:00+09:00,4380.0,4385.0,4350.0,4355.0,2388,0.0,0.0
2024-09-24 12:00:00+09:00,4380.0,4380.0,4340.0,4345.0,1777,0.0,0.0
2024-09-24 13:00:00+09:00,4350.0,4375.0,4340.0,4370.0,1435,0.0,0.0
2024-09-24 14:00:00+09:00,4370.0,4375.0,4350.0,4355.0,1810,0.0,0.0
2024-09-25 09:00:00+09:00,4405.0,4405.0,4355.0,4395.0,7887,0.0,0.0
2024-09-25 10:00:00+09:00,4395.0,4395.0,4355.0,4360.0,5003,0.0,0.0
2024-09-25 11:00:00+09:00,4385.0,4385.0,4330.0,4365.0,3506,0.0,0.0
2024-09-25 12:00:00+09:00,4355.0,4370.0,4340.0,4340.0,1475,0.0,0.0
2024-09-25 13:00:00+09:00,4340.0,4355.0,4315.0,4320.0,10040,0.0,0.0
2024-09-25 14:00:00+09:00,4330.0,4365.0,4290.0,4290.0,6182,0.0,0.0
2024-09-26 09:00:00+09:00,4305.0,4315.0,4260.0,4265.0,5949,0.0,0.0
2024-09-26 10:00:00+09:00,4265.0,4295.0,4265.0,4280.0,1112,0.0,0.0
2024-09-26 11:00:00+09:00,4280.0,4295.0,4270.0,4285.0,1697,0.0,0.0
2024-09-26 12:00:00+09:00,4290.0,4310.0,4285.0,4310.0,2731,0.0,0.0
2024-09-26 13:00:00+09:00,4300.0,4350.0,4300.0,4330.0,1595,0.0,0.0
2024-09-26 14:00:00+09:00,4310.0,4330.0,4285.0,4300.0,6139,0.0,0.0
2024-09-27 09:00:00+09:00,4310.0,4320.0,4275.0,4280.0,9606,0.0,0.0
2024-09-27 10:00:00+09:00,4280.0,4300.0,4255.0,4280.0,5366,0.0,0.0
2024-09-27 11:00:00+09:00,4280.0,4290.0,4260.0,4265.0,1362,0.0,0.0
2024-09-27 12:00:00+09:00,4265.0,4280.0,4250.0,4260.0,5595,0.0,0.0
2024-09-27 13:00:00+09:00,4260.0,4275.0,4235.0,4235.0,9049,0.0,0.0
2024-09-27 14:00:00+09:00,4240.0,4260.0,4225.0,4225.0,8922,0.0,0.0
2024-09-30 09:00:00+09:00,4240.0,4240.0,4175.0,4180.0,0,0.0,0.0
2024-09-30 10:00:00+09:00,4190.0,4200.0,4170.0,4175.0,930,0.0,0.0
2024-09-30 11:00:00+09:00,4175.0,4185.0,4135.0,4150.0,7950,0.0,0.0
2024-09-30 12:00:00+09:00,4150.0,4190.0,4145.0,4185.0,5111,0.0,0.0
2024-09-30 13:00:00+09:00,4170.0,4185.0,4165.0,4185.0,813,0.0,0.0
2024-09-30 14:00:00+09:00,4175.0,4185.0,4145.0,4145.0,5690,0.0,0.0
2024-10-02 09:00:00+09:00,4130.0,4130.0,4060.0,4115.0,0,0.0,0.0
2024-10-02 10:00:00+09:00,4110.0,4135.0,4080.0,4115.0,338,0.0,0.0
2024-10-02 11:00:00+09:00,4115.0,4130.0,4105.0,4110.0,3147,0.0,0.0
2024-10-02 12:00:00+09:00,4110.0,4130.0,4110.0,4120.0,3330,0.0,0.0
2024-10-02 13:00:00+09:00,4120.0,4125.0,4115.0,4120.0,427,0.0,0.0
2024-10-02 14:00:00+09:00,4115.0,4120.0,4080.0,4100.0,2447,0.0,0.0
2024-10-04 09:00:00+09:00,4080.0,4095.0,4065.0,4095.0,0,0.0,0.0
2024-10-04 10:00:00+09:00,4100.0,4150.0,4100.0,4150.0,7220,0.0,0.0
2024-10-04 11:00:00+09:00,4150.0,4160.0,4105.0,4120.0,1459,0.0,0.0
2024-10-04 12:00:00+09:00,4120.0,4120.0,4100.0,4100.0,1761,0.0,0.0
2024-10-04 13:00:00+09:00,4100.0,4120.0,4100.0,4120.0,91,0.0,0.0
2024-10-04 14:00:00+09:00,4120.0,4125.0,4090.0,4090.0,514,0.0,0.0
2024-10-07 09:00:00+09:00,4080.0,4105.0,4065.0,4095.0,0,0.0,0.0
2024-10-07 10:00:00+09:00,4090.0,4105.0,4075.0,4075.0,3696,0.0,0.0
2024-10-07 11:00:00+09:00,4100.0,4100.0,4100.0,4100.0,204,0.0,0.0
2024-10-07 12:00:00+09:00,4100.0,4105.0,4085.0,4105.0,2241,0.0,0.0
2024-10-07 13:00:00+09:00,4100.0,4110.0,4085.0,4105.0,557,0.0,0.0
2024-10-07 14:00:00+09:00,4100.0,4100.0,4090.0,4090.0,4359,0.0,0.0
2024-10-08 09:00:00+09:00,4090.0,4125.0,4080.0,4090.0,3966,0.0,0.0
2024-10-08 10:00:00+09:00,4090.0,4100.0,4065.0,4075.0,3788,0.0,0.0
2024-10-08 11:00:00+09:00,4075.0,4080.0,4020.0,4020.0,7099,0.0,0.0
2024-10-08 12:00:00+09:00,4025.0,4030.0,4000.0,4015.0,7554,0.0,0.0
2024-10-08 13:00:00+09:00,4015.0,4070.0,4015.0,4025.0,1896,0.0,0.0
2024-10-08 14:00:00+09:00,4015.0,4045.0,4015.0,4020.0,2079,0.0,0.0
2024-10-10 09:00:00+09:00,4045.0,4820.0,4040.0,4565.0,989564,0.0,0.0
2024-10-10 10:00:00+09:00,4585.0,4695.0,4330.0,4330.0,458494,0.0,0.0
2024-10-10 11:00:00+09:00,4345.0,4385.0,4235.0,4370.0,81780,0.0,0.0
2024-10-10 12:00:00+09:00,4375.0,4450.0,4340.0,4415.0,42626,0.0,0.0
2024-10-10 13:00:00+09:00,4410.0,4550.0,4325.0,4395.0,84799,0.0,0.0
2024-10-10 14:00:00+09:00,4395.0,4440.0,4355.0,4420.0,20848,0.0,0.0
2024-10-11 09:00:00+09:00,4480.0,4485.0,4330.0,4465.0,43303,0.0,0.0
2024-10-11 10:00:00+09:00,4465.0,4625.0,4415.0,4580.0,62096,0.0,0.0
2024-10-11 11:00:00+09:00,4585.0,4605.0,4495.0,4525.0,17476,0.0,0.0
2024-10-11 12:00:00+09:00,4500.0,4515.0,4475.0,4490.0,5802,0.0,0.0
2024-10-11 13:00:00+09:00,4490.0,4505.0,4425.0,4440.0,10996,0.0,0.0
2024-10-11 14:00:00+09:00,4435.0,4460.0,4400.0,4435.0,5271,0.0,0.0
