Datetime,Open,High,Low,Close,Volume,Dividends,Stock Splits
2024-09-13 09:00:00+09:00,7720.0,7740.0,7670.0,7700.0,0,0.0,0.0
2024-09-13 09:05:00+09:00,7700.0,7780.0,7700.0,7780.0,209,0.0,0.0
2024-09-13 09:10:00+09:00,7770.0,7770.0,7760.0,7760.0,243,0.0,0.0
2024-09-13 09:15:00+09:00,7700.0,7750.0,7680.0,7690.0,474,0.0,0.0
2024-09-13 09:20:00+09:00,7730.0,7760.0,7730.0,7760.0,492,0.0,0.0
2024-09-13 09:25:00+09:00,7700.0,7720.0,7700.0,7720.0,119,0.0,0.0
2024-09-13 09:30:00+09:00,7760.0,7760.0,7760.0,7760.0,0,0.0,0.0
2024-09-13 09:35:00+09:00,7720.0,7760.0,7720.0,7760.0,112,0.0,0.0
2024-09-13 09:40:00+09:00,7760.0,7760.0,7760.0,7760.0,54,0.0,0.0
2024-09-13 09:50:00+09:00,7730.0,7750.0,7730.0,7740.0,0,0.0,0.0
2024-09-13 09:55:00+09:00,7730.0,7780.0,7730.0,7780.0,124,0.0,0.0
2024-09-13 10:00:00+09:00,7760.0,7780.0,7760.0,7780.0,404,0.0,0.0
2024-09-13 10:05:00+09:00,7730.0,7770.0,7720.0,7770.0,824,0.0,0.0
2024-09-13 10:10:00+09:00,7770.0,7770.0,7730.0,7730.0,262,0.0,0.0
2024-09-13 10:25:00+09:00,7730.0,7730.0,7730.0,7730.0,0,0.0,0.0
2024-09-13 10:30:00+09:00,7730.0,7730.0,7730.0,7730.0,6,0.0,0.0
2024-09-13 10:35:00+09:00,7730.0,7730.0,7720.0,7720.0,47,0.0,0.0
2024-09-13 10:40:00+09:00,7720.0,7720.0,7720.0,7720.0,95,0.0,0.0
2024-09-13 10:45:00+09:00,7720.0,7720.0,7720.0,7720.0,129,0.0,0.0
2024-09-13 10:50:00+09:00,7750.0,7750.0,7750.0,7750.0,387,0.0,0.0
2024-09-13 10:55:00+09:00,7750.0,7750.0,7750.0,7750.0,0,0.0,0.0
2024-09-13 11:05:00+09:00,7730.0,7770.0,7720.0,7770.0,490,0.0,0.0
2024-09-13 11:15:00+09:00,7770.0,7780.0,7770.0,7780.0,671,0.0,0.0
2024-09-13 11:20:00+09:00,7790.0,7790.0,7760.0,7760.0,761,0.0,0.0
2024-09-13 11:25:00+09:00,7760.0,7760.0,7760.0,7760.0,0,0.0,0.0
2024-09-13 11:35:00+09:00,7740.0,7760.0,7710.0,7760.0,38,0.0,0.0
2024-09-13 11:40:00+09:00,7760.0,7760.0,7760.0,7760.0,2,0.0,0.0
2024-09-13 11:50:00+09:00,7760.0,7760.0,7760.0,7760.0,19,0.0,0.0
2024-09-13 12:00:00+09:00,7760.0,7760.0,7760.0,7760.0,190,0.0,0.0
2024-09-13 12:05:00+09:00,7750.0,7750.0,7750.0,7750.0,0,0.0,0.0
2024-09-13 12:10:00+09:00,7730.0,7760.0,7720.0,7760.0,6846,0.0,0.0
2024-09-13 12:15:00+09:00,7760.0,7760.0,7760.0,7760.0,2,0.0,0.0
2024-09-13 12:30:00+09:00,7760.0,7760.0,7750.0,7750.0,38,0.0,0.0
2024-09-13 12:35:00+09:00,7750.0,7750.0,7750.0,7750.0,6,0.0,0.0
2024-09-13 12:40:00+09:00,7750.0,7750.0,7750.0,7750.0,0,0.0,0.0
2024-09-13 12:50:00+09:00,7740.0,7740.0,7740.0,7740.0,2,0.0,0.0
2024-09-13 12:55:00+09:00,7750.0,7750.0,7730.0,7730.0,38,0.0,0.0
2024-09-13 13:00:00+09:00,7730.0,7730.0,7730.0,7730.0,0,0.0,0.0
2024-09-13 13:05:00+09:00,7740.0,7750.0,7730.0,7750.0,1471,0.0,0.0
2024-09-13 13:10:00+09:00,7740.0,7740.0,7740.0,7740.0,0,0.0,0.0
2024-09-13 13:15:00+09:00,7740.0,7750.0,7740.0,7750.0,1814,0.0,0.0
2024-09-13 13:20:00+09:00,7750.0,7750.0,7750.0,7750.0,43,0.0,0.0
2024-09-13 13:25:00+09:00,7750.0,7750.0,7750.0,7750.0,2,0.0,0.0
2024-09-13 13:30:00+09:00,7750.0,7750.0,7750.0,7750.0,19,0.0,0.0
2024-09-13 13:40:00+09:00,7750.0,7750.0,7750.0,7750.0,196,0.0,0.0
2024-09-13 13:50:00+09:00,7750.0,7750.0,7750.0,7750.0,26,0.0,0.0
2024-09-13 13:55:00+09:00,7750.0,7750.0,7740.0,7740.0,300,0.0,0.0
2024-09-13 14:05:00+09:00,7760.0,7760.0,7740.0,7740.0,38,0.0,0.0
2024-09-13 14:10:00+09:00,7760.0,7770.0,7760.0,7770.0,420,0.0,0.0
2024-09-13 14:20:00+09:00,7770.0,7770.0,7770.0,7770.0,101,0.0,0.0
2024-09-13 14:25:00+09:00,7770.0,7800.0,7770.0,7800.0,1052,0.0,0.0
2024-09-13 14:35:00+09:00,7770.0,7810.0,7770.0,7810.0,233,0.0,0.0
2024-09-13 14:40:00+09:00,7810.0,7820.0,7770.0,7820.0,538,0.0,0.0
2024-09-13 14:45:00+09:00,7800.0,7800.0,7770.0,7780.0,210,0.0,0.0
2024-09-13 14:55:00+09:00,7780.0,7780.0,7780.0,7780.0,0,0.0,0.0
2024-09-19 09:00:00+09:00,7810.0,7840.0,7800.0,7840.0,0,0.0,0.0
2024-09-19 09:05:00+09:00,7840.0,7840.0,7790.0,7790.0,2047,0.0,0.0
2024-09-19 09:10:00+09:00,7780.0,7780.0,7720.0,7720.0,1314,0.0,0.0
2024-09-19 09:15:00+09:00,7730.0,7790.0,7700.0,7710.0,2550,0.0,0.0
2024-09-19 09:20:00+09:00,7730.0,7890.0,7730.0,7800.0,1470,0.0,0.0
2024-09-19 09:25:00+09:00,7800.0,7800.0,7770.0,7770.0,45,0.0,0.0
2024-09-19 09:30:00+09:00,7770.0,7800.0,7750.0,7800.0,1168,0.0,0.0
2024-09-19 09:35:00+09:00,7800.0,7900.0,7750.0,7900.0,2700,0.0,0.0
2024-09-19 09:40:00+09:00,7890.0,7890.0,7800.0,7880.0,220,0.0,0.0
2024-09-19 09:45:00+09:00,7880.0,7900.0,7880.0,7900.0,91,0.0,0.0
2024-09-19 09:50:00+09:00,7820.0,7820.0,7770.0,7780.0,321,0.0,0.0
2024-09-19 09:55:00+09:00,7780.0,7800.0,7770.0,7800.0,2131,0.0,0.0
2024-09-19 10:00:00+09:00,7830.0,7910.0,7830.0,7910.0,195,0.0,0.0
2024-09-19 10:05:00+09:00,7890.0,7900.0,7840.0,7840.0,157,0.0,0.0
2024-09-19 10:10:00+09:00,7820.0,7880.0,7800.0,7800.0,1008,0.0,0.0
2024-09-19 10:15:00+09:00,7780.0,7900.0,7780.0,7860.0,146,0.0,0.0
2024-09-19 10:20:00+09:00,7800.0,7800.0,7750.0,7760.0,1354,0.0,0.0
2024-09-19 10:25:00+09:00,7770.0,7830.0,7760.0,7760.0,1037,0.0,0.0
2024-09-19 10:30:00+09:00,7760.0,7820.0,7730.0,7800.0,1004,0.0,0.0
2024-09-19 10:35:00+09:00,7800.0,7800.0,7800.0,7800.0,203,0.0,0.0
2024-09-19 10:40:00+09:00,7820.0,7820.0,7820.0,7820.0,1,0.0,0.0
2024-09-19 10:45:00+09:00,7780.0,7810.0,7780.0,7810.0,11,0.0,0.0
2024-09-19 10:50:00+09:00,7780.0,7780.0,7780.0,7780.0,25,0.0,0.0
2024-09-19 10:55:00+09:00,7800.0,7810.0,7800.0,7810.0,830,0.0,0.0
2024-09-19 11:00:00+09:00,7820.0,7820.0,7810.0,7810.0,653,0.0,0.0
2024-09-19 11:05:00+09:00,7840.0,7840.0,7790.0,7830.0,96,0.0,0.0
2024-09-19 11:10:00+09:00,7780.0,7830.0,7760.0,7830.0,103,0.0,0.0
2024-09-19 11:20:00+09:00,7830.0,7830.0,7830.0,7830.0,84,0.0,0.0
2024-09-19 11:25:00+09:00,7830.0,7830.0,7830.0,7830.0,2,0.0,0.0
2024-09-19 11:35:00+09:00,7830.0,7830.0,7830.0,7830.0,19,0.0,0.0
2024-09-19 11:40:00+09:00,7810.0,7810.0,7810.0,7810.0,0,0.0,0.0
2024-09-19 11:45:00+09:00,7810.0,7810.0,7810.0,7810.0,0,0.0,0.0
2024-09-19 11:50:00+09:00,7820.0,7820.0,7820.0,7820.0,132,0.0,0.0
2024-09-19 11:55:00+09:00,7810.0,7810.0,7810.0,7810.0,0,0.0,0.0
2024-09-19 12:00:00+09:00,7810.0,7810.0,7810.0,7810.0,106,0.0,0.0
2024-09-19 12:15:00+09:00,7810.0,7810.0,7810.0,7810.0,3,0.0,0.0
2024-09-19 12:20:00+09:00,7810.0,7810.0,7810.0,7810.0,10,0.0,0.0
2024-09-19 12:30:00+09:00,7810.0,7820.0,7800.0,7800.0,655,0.0,0.0
2024-09-19 12:35:00+09:00,7800.0,7800.0,7800.0,7800.0,62,0.0,0.0
2024-09-19 12:40:00+09:00,7800.0,7800.0,7790.0,7790.0,109,0.0,0.0
2024-09-19 12:50:00+09:00,7800.0,7800.0,7800.0,7800.0,12,0.0,0.0
2024-09-19 13:00:00+09:00,7800.0,7800.0,7790.0,7790.0,46,0.0,0.0
2024-09-19 13:05:00+09:00,7800.0,7800.0,7780.0,7790.0,137,0.0,0.0
2024-09-19 13:10:00+09:00,7790.0,7790.0,7790.0,7790.0,0,0.0,0.0
2024-09-19 13:25:00+09:00,7800.0,7810.0,7800.0,7810.0,155,0.0,0.0
2024-09-19 13:30:00+09:00,7810.0,7820.0,7810.0,7820.0,151,0.0,0.0
2024-09-19 13:35:00+09:00,7820.0,7820.0,7820.0,7820.0,140,0.0,0.0
2024-09-19 13:40:00+09:00,7820.0,7820.0,7820.0,7820.0,160,0.0,0.0
2024-09-19 13:45:00+09:00,7830.0,7840.0,7830.0,7840.0,380,0.0,0.0
2024-09-19 13:55:00+09:00,7810.0,7810.0,7810.0,7810.0,260,0.0,0.0
2024-09-19 14:00:00+09:00,7840.0,7840.0,7840.0,7840.0,0,0.0,0.0
2024-09-19 14:15:00+09:00,7810.0,7810.0,7810.0,7810.0,345,0.0,0.0
2024-09-19 14:20:00+09:00,7810.0,7810.0,7800.0,7810.0,52,0.0,0.0
2024-09-19 14:40:00+09:00,7820.0,7820.0,7820.0,7820.0,88,0.0,0.0
2024-09-19 14:50:00+09:00,7820.0,7820.0,7820.0,7820.0,262,0.0,0.0
2024-09-19 14:55:00+09:00,7830.0,7830.0,7800.0,7820.0,267,0.0,0.0
2024-09-20 09:00:00+09:00,7860.0,7940.0,7840.0,7930.0,1056,0.0,0.0
2024-09-20 09:05:00+09:00,7950.0,7990.0,7950.0,7980.0,239,0.0,0.0
2024-09-20 09:10:00+09:00,7950.0,7950.0,7930.0,7930.0,605,0.0,0.0
2024-09-20 09:15:00+09:00,7930.0,7930.0,7830.0,7920.0,4521,0.0,0.0
2024-09-20 09:20:00+09:00,7920.0,7920.0,7880.0,7880.0,207,0.0,0.0
2024-09-20 09:25:00+09:00,7880.0,7880.0,7870.0,7870.0,855,0.0,0.0
2024-09-20 09:30:00+09:00,7890.0,7940.0,7890.0,7940.0,209,0.0,0.0
2024-09-20 09:35:00+09:00,7910.0,7970.0,7910.0,7970.0,19,0.0,0.0
2024-09-20 09:40:00+09:00,7950.0,7960.0,7910.0,7910.0,231,0.0,0.0
2024-09-20 09:45:00+09:00,7910.0,7960.0,7910.0,7950.0,2164,0.0,0.0
2024-09-20 09:50:00+09:00,7950.0,7950.0,7950.0,7950.0,8,0.0,0.0
2024-09-20 09:55:00+09:00,7960.0,8000.0,7960.0,8000.0,526,0.0,0.0
2024-09-20 10:00:00+09:00,7990.0,7990.0,7960.0,7960.0,112,0.0,0.0
2024-09-20 10:05:00+09:00,7960.0,7960.0,7920.0,7920.0,0,0.0,0.0
2024-09-20 10:10:00+09:00,7960.0,7990.0,7920.0,7990.0,89,0.0,0.0
2024-09-20 10:15:00+09:00,7940.0,7990.0,7920.0,7920.0,366,0.0,0.0
2024-09-20 10:20:00+09:00,7930.0,7930.0,7910.0,7910.0,770,0.0,0.0
2024-09-20 10:25:00+09:00,7900.0,7900.0,7880.0,7880.0,0,0.0,0.0
2024-09-20 10:30:00+09:00,7890.0,7900.0,7890.0,7900.0,14,0.0,0.0
2024-09-20 10:35:00+09:00,7900.0,7900.0,7900.0,7900.0,60,0.0,0.0
2024-09-20 10:40:00+09:00,7900.0,7900.0,7900.0,7900.0,0,0.0,0.0
2024-09-20 10:50:00+09:00,7900.0,7900.0,7900.0,7900.0,0,0.0,0.0
2024-09-20 10:55:00+09:00,7900.0,7910.0,7900.0,7910.0,12171,0.0,0.0
2024-09-20 11:00:00+09:00,7900.0,7940.0,7900.0,7940.0,108,0.0,0.0
2024-09-20 11:10:00+09:00,7900.0,7930.0,7890.0,7930.0,32,0.0,0.0
2024-09-20 11:20:00+09:00,7930.0,7930.0,7890.0,7890.0,734,0.0,0.0
2024-09-20 11:25:00+09:00,7890.0,7890.0,7860.0,7860.0,296,0.0,0.0
2024-09-20 11:30:00+09:00,7880.0,7880.0,7880.0,7880.0,0,0.0,0.0
2024-09-20 11:35:00+09:00,7880.0,7880.0,7850.0,7850.0,468,0.0,0.0
2024-09-20 11:40:00+09:00,7900.0,7900.0,7900.0,7900.0,0,0.0,0.0
2024-09-20 11:45:00+09:00,7900.0,7930.0,7880.0,7930.0,381,0.0,0.0
2024-09-20 11:50:00+09:00,7890.0,7890.0,7890.0,7890.0,569,0.0,0.0
2024-09-20 11:55:00+09:00,7870.0,7870.0,7830.0,7830.0,1269,0.0,0.0
2024-09-20 12:00:00+09:00,7830.0,7830.0,7830.0,7830.0,0,0.0,0.0
2024-09-20 12:05:00+09:00,7870.0,7870.0,7870.0,7870.0,121,0.0,0.0
2024-09-20 12:15:00+09:00,7870.0,7870.0,7870.0,7870.0,19,0.0,0.0
2024-09-20 12:20:00+09:00,7860.0,7870.0,7840.0,7840.0,77,0.0,0.0
2024-09-20 12:30:00+09:00,7860.0,7880.0,7860.0,7880.0,61,0.0,0.0
2024-09-20 12:35:00+09:00,7850.0,7850.0,7850.0,7850.0,140,0.0,0.0
2024-09-20 12:40:00+09:00,7850.0,7850.0,7830.0,7830.0,971,0.0,0.0
2024-09-20 12:50:00+09:00,7840.0,7840.0,7830.0,7830.0,0,0.0,0.0
2024-09-20 13:00:00+09:00,7830.0,7830.0,7830.0,7830.0,98,0.0,0.0
2024-09-20 13:05:00+09:00,7840.0,7840.0,7840.0,7840.0,106,0.0,0.0
2024-09-20 13:15:00+09:00,7880.0,7880.0,7880.0,7880.0,0,0.0,0.0
2024-09-20 13:20:00+09:00,7880.0,7880.0,7880.0,7880.0,108,0.0,0.0
2024-09-20 13:30:00+09:00,7880.0,7880.0,7880.0,7880.0,0,0.0,0.0
2024-09-20 13:40:00+09:00,7870.0,7880.0,7860.0,7860.0,10,0.0,0.0
2024-09-20 13:50:00+09:00,7850.0,7850.0,7850.0,7850.0,1,0.0,0.0
2024-09-20 13:55:00+09:00,7840.0,7840.0,7840.0,7840.0,361,0.0,0.0
2024-09-20 14:05:00+09:00,7850.0,7850.0,7810.0,7810.0,2281,0.0,0.0
2024-09-20 14:10:00+09:00,7810.0,7810.0,7790.0,7790.0,819,0.0,0.0
2024-09-20 14:20:00+09:00,7790.0,7790.0,7790.0,7790.0,53,0.0,0.0
2024-09-20 14:25:00+09:00,7790.0,7790.0,7790.0,7790.0,26,0.0,0.0
2024-09-20 14:30:00+09:00,7810.0,7810.0,7810.0,7810.0,124,0.0,0.0
2024-09-20 14:35:00+09:00,7810.0,7810.0,7810.0,7810.0,187,0.0,0.0
2024-09-20 14:40:00+09:00,7830.0,7830.0,7830.0,7830.0,52,0.0,0.0
2024-09-20 14:45:00+09:00,7830.0,7830.0,7810.0,7810.0,226,0.0,0.0
2024-09-20 14:50:00+09:00,7810.0,7810.0,7810.0,7810.0,173,0.0,0.0
2024-09-20 14:55:00+09:00,7810.0,7810.0,7810.0,7810.0,130,0.0,0.0
2024-09-23 09:00:00+09:00,7790.0,7790.0,7770.0,7770.0,0,0.0,0.0
2024-09-23 09:05:00+09:00,7760.0,7760.0,7710.0,7760.0,32,0.0,0.0
2024-09-23 09:10:00+09:00,7760.0,7760.0,7710.0,7750.0,303,0.0,0.0
2024-09-23 09:15:00+09:00,7750.0,7750.0,7710.0,7710.0,442,0.0,0.0
2024-09-23 09:20:00+09:00,7740.0,7740.0,7710.0,7710.0,780,0.0,0.0
2024-09-23 09:25:00+09:00,7740.0,7760.0,7740.0,7760.0,1128,0.0,0.0
2024-09-23 09:30:00+09:00,7770.0,7840.0,7770.0,7840.0,87,0.0,0.0
2024-09-23 09:35:00+09:00,7840.0,7840.0,7800.0,7800.0,398,0.0,0.0
2024-09-23 09:40:00+09:00,7850.0,7850.0,7800.0,7840.0,260,0.0,0.0
2024-09-23 09:45:00+09:00,7840.0,7840.0,7840.0,7840.0,3,0.0,0.0
2024-09-23 09:50:00+09:00,7800.0,7800.0,7790.0,7790.0,129,0.0,0.0
2024-09-23 10:00:00+09:00,7790.0,7800.0,7790.0,7800.0,710,0.0,0.0
2024-09-23 10:05:00+09:00,7840.0,7870.0,7780.0,7780.0,866,0.0,0.0
2024-09-23 10:15:00+09:00,7840.0,7840.0,7840.0,7840.0,0,0.0,0.0
2024-09-23 10:20:00+09:00,7840.0,7840.0,7840.0,7840.0,40,0.0,0.0
2024-09-23 10:25:00+09:00,7840.0,7840.0,7840.0,7840.0,0,0.0,0.0
2024-09-23 10:30:00+09:00,7790.0,7840.0,7780.0,7780.0,202,0.0,0.0
2024-09-23 10:35:00+09:00,7820.0,7820.0,7820.0,7820.0,100,0.0,0.0
2024-09-23 10:50:00+09:00,7830.0,7830.0,7830.0,7830.0,1,0.0,0.0
2024-09-23 10:55:00+09:00,7800.0,7850.0,7800.0,7800.0,980,0.0,0.0
2024-09-23 11:00:00+09:00,7800.0,7850.0,7800.0,7850.0,283,0.0,0.0
2024-09-23 11:05:00+09:00,7800.0,7850.0,7800.0,7850.0,250,0.0,0.0
2024-09-23 11:15:00+09:00,7840.0,7840.0,7840.0,7840.0,15,0.0,0.0
2024-09-23 11:20:00+09:00,7820.0,7820.0,7820.0,7820.0,0,0.0,0.0
2024-09-23 11:30:00+09:00,7840.0,7840.0,7840.0,7840.0,4,0.0,0.0
2024-09-23 11:35:00+09:00,7810.0,7840.0,7810.0,7840.0,1593,0.0,0.0
2024-09-23 11:40:00+09:00,7820.0,7820.0,7820.0,7820.0,3,0.0,0.0
2024-09-23 11:45:00+09:00,7830.0,7830.0,7830.0,7830.0,0,0.0,0.0
2024-09-23 11:50:00+09:00,7830.0,7830.0,7830.0,7830.0,105,0.0,0.0
2024-09-23 11:55:00+09:00,7820.0,7820.0,7820.0,7820.0,13,0.0,0.0
2024-09-23 12:00:00+09:00,7810.0,7810.0,7800.0,7800.0,264,0.0,0.0
2024-09-23 12:05:00+09:00,7800.0,7800.0,7790.0,7800.0,144,0.0,0.0
2024-09-23 12:10:00+09:00,7790.0,7790.0,7790.0,7790.0,20,0.0,0.0
2024-09-23 12:15:00+09:00,7790.0,7790.0,7780.0,7780.0,330,0.0,0.0
2024-09-23 12:20:00+09:00,7790.0,7790.0,7790.0,7790.0,66,0.0,0.0
2024-09-23 12:25:00+09:00,7790.0,7790.0,7790.0,7790.0,131,0.0,0.0
2024-09-23 12:30:00+09:00,7790.0,7790.0,7790.0,7790.0,196,0.0,0.0
2024-09-23 12:55:00+09:00,7800.0,7800.0,7790.0,7790.0,0,0.0,0.0
2024-09-23 13:05:00+09:00,7790.0,7790.0,7790.0,7790.0,178,0.0,0.0
2024-09-23 13:10:00+09:00,7790.0,7790.0,7780.0,7780.0,172,0.0,0.0
2024-09-23 13:15:00+09:00,7780.0,7780.0,7780.0,7780.0,454,0.0,0.0
2024-09-23 13:20:00+09:00,7770.0,7800.0,7770.0,7800.0,770,0.0,0.0
2024-09-23 13:25:00+09:00,7810.0,7880.0,7780.0,7780.0,724,0.0,0.0
2024-09-23 13:45:00+09:00,7780.0,7780.0,7780.0,7780.0,76,0.0,0.0
2024-09-23 13:50:00+09:00,7800.0,7800.0,7790.0,7800.0,24,0.0,0.0
2024-09-23 13:55:00+09:00,7780.0,7780.0,7780.0,7780.0,7,0.0,0.0
2024-09-23 14:05:00+09:00,7780.0,7780.0,7780.0,7780.0,275,0.0,0.0
2024-09-23 14:10:00+09:00,7780.0,7780.0,7780.0,7780.0,2,0.0,0.0
2024-09-23 14:15:00+09:00,7780.0,7830.0,7780.0,7830.0,54,0.0,0.0
2024-09-23 14:20:00+09:00,7830.0,7830.0,7780.0,7780.0,592,0.0,0.0
2024-09-23 14:25:00+09:00,7790.0,7790.0,7790.0,7790.0,0,0.0,0.0
2024-09-23 14:30:00+09:00,7790.0,7790.0,7770.0,7770.0,599,0.0,0.0
2024-09-23 14:35:00+09:00,7780.0,7780.0,7770.0,7770.0,215,0.0,0.0
2024-09-23 14:40:00+09:00,7780.0,7780.0,7770.0,7770.0,51,0.0,0.0
2024-09-23 14:45:00+09:00,7770.0,7770.0,7760.0,7760.0,1100,0.0,0.0
2024-09-23 14:50:00+09:00,7780.0,7780.0,7780.0,7780.0,10,0.0,0.0
2024-09-23 14:55:00+09:00,7780.0,7780.0,7780.0,7780.0,100,0.0,0.0
2024-09-24 09:00:00+09:00,7660.0,7670.0,7660.0,7660.0,9766,0.0,0.0
2024-09-24 09:05:00+09:00,7720.0,7730.0,7720.0,7730.0,0,0.0,0.0
2024-09-24 09:10:00+09:00,7770.0,7770.0,7640.0,7730.0,1301,0.0,0.0
2024-09-24 09:20:00+09:00,7730.0,7730.0,7730.0,7730.0,374,0.0,0.0
2024-09-24 09:25:00+09:00,7740.0,7770.0,7740.0,7770.0,1287,0.0,0.0
2024-09-24 09:30:00+09:00,7760.0,7760.0,7760.0,7760.0,0,0.0,0.0
2024-09-24 09:35:00+09:00,7760.0,7780.0,7760.0,7780.0,103,0.0,0.0
2024-09-24 09:40:00+09:00,7780.0,7780.0,7770.0,7770.0,2,0.0,0.0
2024-09-24 09:45:00+09:00,7740.0,7740.0,7710.0,7710.0,4,0.0,0.0
2024-09-24 09:50:00+09:00,7710.0,7740.0,7710.0,7740.0,100,0.0,0.0
2024-09-24 09:55:00+09:00,7750.0,7770.0,7750.0,7770.0,40,0.0,0.0
2024-09-24 10:05:00+09:00,7760.0,7760.0,7750.0,7750.0,75,0.0,0.0
2024-09-24 10:10:00+09:00,7740.0,7770.0,7740.0,7770.0,0,0.0,0.0
2024-09-24 10:15:00+09:00,7740.0,7740.0,7700.0,7720.0,2044,0.0,0.0
2024-09-24 10:20:00+09:00,7750.0,7750.0,7750.0,7750.0,0,0.0,0.0
2024-09-24 10:25:00+09:00,7730.0,7730.0,7720.0,7720.0,254,0.0,0.0
2024-09-24 10:30:00+09:00,7720.0,7720.0,7710.0,7720.0,328,0.0,0.0
2024-09-24 10:35:00+09:00,7720.0,7770.0,7720.0,7770.0,160,0.0,0.0
2024-09-24 10:40:00+09:00,7770.0,7770.0,7770.0,7770.0,0,0.0,0.0
2024-09-24 10:45:00+09:00,7770.0,7770.0,7770.0,7770.0,137,0.0,0.0
2024-09-24 10:50:00+09:00,7720.0,7720.0,7700.0,7710.0,898,0.0,0.0
2024-09-24 10:55:00+09:00,7710.0,7770.0,7680.0,7770.0,702,0.0,0.0
2024-09-24 11:00:00+09:00,7770.0,7770.0,7770.0,7770.0,63,0.0,0.0
2024-09-24 11:05:00+09:00,7770.0,7770.0,7690.0,7690.0,4,0.0,0.0
2024-09-24 11:15:00+09:00,7690.0,7780.0,7690.0,7690.0,4,0.0,0.0
2024-09-24 11:20:00+09:00,7690.0,7690.0,7690.0,7690.0,69,0.0,0.0
2024-09-24 11:35:00+09:00,7700.0,7700.0,7700.0,7700.0,1,0.0,0.0
2024-09-24 11:40:00+09:00,7700.0,7700.0,7700.0,7700.0,12,0.0,0.0
2024-09-24 11:45:00+09:00,7710.0,7750.0,7710.0,7750.0,0,0.0,0.0
2024-09-24 11:50:00+09:00,7750.0,7750.0,7750.0,7750.0,5,0.0,0.0
2024-09-24 11:55:00+09:00,7730.0,7730.0,7730.0,7730.0,498,0.0,0.0
2024-09-24 12:00:00+09:00,7710.0,7730.0,7710.0,7730.0,0,0.0,0.0
2024-09-24 12:10:00+09:00,7740.0,7770.0,7710.0,7710.0,74,0.0,0.0
2024-09-24 12:20:00+09:00,7710.0,7710.0,7710.0,7710.0,29,0.0,0.0
2024-09-24 12:30:00+09:00,7720.0,7720.0,7720.0,7720.0,54,0.0,0.0
2024-09-24 12:35:00+09:00,7750.0,7750.0,7750.0,7750.0,2,0.0,0.0
2024-09-24 12:40:00+09:00,7720.0,7760.0,7710.0,7760.0,372,0.0,0.0
2024-09-24 12:45:00+09:00,7720.0,7780.0,7720.0,7780.0,392,0.0,0.0
2024-09-24 12:50:00+09:00,7780.0,7780.0,7780.0,7780.0,168,0.0,0.0
2024-09-24 12:55:00+09:00,7720.0,7730.0,7720.0,7730.0,74,0.0,0.0
2024-09-24 13:00:00+09:00,7720.0,7720.0,7720.0,7720.0,0,0.0,0.0
2024-09-24 13:05:00+09:00,7720.0,7720.0,7700.0,7700.0,337,0.0,0.0
2024-09-24 13:10:00+09:00,7710.0,7710.0,7690.0,7700.0,658,0.0,0.0
2024-09-24 13:15:00+09:00,7700.0,7700.0,7690.0,7690.0,0,0.0,0.0
2024-09-24 13:20:00+09:00,7720.0,7720.0,7690.0,7720.0,156,0.0,0.0
2024-09-24 13:25:00+09:00,7730.0,7730.0,7730.0,7730.0,16,0.0,0.0
2024-09-24 13:35:00+09:00,7720.0,7720.0,7720.0,7720.0,10,0.0,0.0
2024-09-24 13:40:00+09:00,7720.0,7720.0,7720.0,7720.0,64,0.0,0.0
2024-09-24 13:45:00+09:00,7710.0,7710.0,7680.0,7680.0,1660,0.0,0.0
2024-09-24 13:50:00+09:00,7680.0,7730.0,7680.0,7730.0,261,0.0,0.0
2024-09-24 13:55:00+09:00,7730.0,7730.0,7730.0,7730.0,333,0.0,0.0
2024-09-24 14:00:00+09:00,7740.0,7740.0,7700.0,7700.0,0,0.0,0.0
2024-09-24 14:05:00+09:00,7710.0,7710.0,7680.0,7690.0,6228,0.0,0.0
2024-09-24 14:10:00+09:00,7720.0,7720.0,7720.0,7720.0,146,0.0,0.0
2024-09-24 14:15:00+09:00,7720.0,7750.0,7720.0,7730.0,346,0.0,0.0
2024-09-24 14:20:00+09:00,7760.0,7760.0,7760.0,7760.0,493,0.0,0.0
2024-09-24 14:25:00+09:00,7760.0,7760.0,7740.0,7740.0,118,0.0,0.0
2024-09-24 14:30:00+09:00,7750.0,7800.0,7740.0,7800.0,2522,0.0,0.0
2024-09-24 14:35:00+09:00,7810.0,7810.0,7810.0,7810.0,175,0.0,0.0
2024-09-24 14:40:00+09:00,7810.0,7840.0,7810.0,7840.0,544,0.0,0.0
2024-09-24 14:45:00+09:00,7840.0,7850.0,7840.0,7850.0,272,0.0,0.0
2024-09-24 14:50:00+09:00,7850.0,7860.0,7840.0,7840.0,174,0.0,0.0
2024-09-24 14:55:00+09:00,7820.0,7840.0,7820.0,7820.0,70,0.0,0.0
2024-09-25 09:00:00+09:00,7870.0,7890.0,7870.0,7890.0,143,0.0,0.0
2024-09-25 09:05:00+09:00,7890.0,7890.0,7850.0,7850.0,215,0.0,0.0
2024-09-25 09:10:00+09:00,7850.0,7910.0,7790.0,7840.0,3403,0.0,0.0
2024-09-25 09:15:00+09:00,7820.0,7870.0,7820.0,7820.0,2284,0.0,0.0
2024-09-25 09:20:00+09:00,7880.0,7890.0,7880.0,7890.0,494,0.0,0.0
2024-09-25 09:25:00+09:00,7880.0,7880.0,7880.0,7880.0,103,0.0,0.0
2024-09-25 09:30:00+09:00,7890.0,7940.0,7890.0,7940.0,188,0.0,0.0
2024-09-25 09:35:00+09:00,7930.0,7930.0,7930.0,7930.0,6,0.0,0.0
2024-09-25 09:40:00+09:00,7930.0,7970.0,7930.0,7940.0,1235,0.0,0.0
2024-09-25 09:45:00+09:00,7940.0,7940.0,7940.0,7940.0,62,0.0,0.0
2024-09-25 09:50:00+09:00,7930.0,7930.0,7930.0,7930.0,0,0.0,0.0
2024-09-25 09:55:00+09:00,7930.0,7940.0,7930.0,7940.0,438,0.0,0.0
2024-09-25 10:00:00+09:00,7940.0,7940.0,7940.0,7940.0,0,0.0,0.0
2024-09-25 10:05:00+09:00,7920.0,7920.0,7920.0,7920.0,3,0.0,0.0
2024-09-25 10:10:00+09:00,7920.0,7920.0,7910.0,7910.0,131,0.0,0.0
2024-09-25 10:15:00+09:00,7900.0,7900.0,7880.0,7880.0,602,0.0,0.0
2024-09-25 10:20:00+09:00,7900.0,7900.0,7890.0,7890.0,2,0.0,0.0
2024-09-25 10:25:00+09:00,7910.0,7920.0,7910.0,7920.0,350,0.0,0.0
2024-09-25 10:30:00+09:00,7920.0,7940.0,7920.0,7940.0,0,0.0,0.0
2024-09-25 10:35:00+09:00,7930.0,7940.0,7930.0,7940.0,134,0.0,0.0
2024-09-25 10:40:00+09:00,7940.0,7940.0,7930.0,7930.0,771,0.0,0.0
2024-09-25 10:45:00+09:00,7930.0,7930.0,7930.0,7930.0,0,0.0,0.0
2024-09-25 10:50:00+09:00,7920.0,7960.0,7910.0,7960.0,951,0.0,0.0
2024-09-25 10:55:00+09:00,7950.0,7980.0,7950.0,7980.0,247,0.0,0.0
2024-09-25 11:00:00+09:00,7950.0,7990.0,7950.0,7990.0,593,0.0,0.0
2024-09-25 11:10:00+09:00,7970.0,7980.0,7940.0,7940.0,168,0.0,0.0
2024-09-25 11:15:00+09:00,7940.0,7940.0,7940.0,7940.0,6,0.0,0.0
2024-09-25 11:20:00+09:00,7940.0,7940.0,7900.0,7900.0,471,0.0,0.0
2024-09-25 11:25:00+09:00,7900.0,7980.0,7890.0,7980.0,197,0.0,0.0
2024-09-25 11:30:00+09:00,7990.0,7990.0,7970.0,7980.0,449,0.0,0.0
2024-09-25 11:45:00+09:00,7970.0,7970.0,7930.0,7930.0,454,0.0,0.0
2024-09-25 11:50:00+09:00,7930.0,7930.0,7920.0,7920.0,210,0.0,0.0
2024-09-25 11:55:00+09:00,7910.0,7910.0,7870.0,7870.0,1162,0.0,0.0
2024-09-25 12:10:00+09:00,7870.0,7870.0,7870.0,7870.0,0,0.0,0.0
2024-09-25 12:25:00+09:00,7910.0,7920.0,7910.0,7920.0,35,0.0,0.0
2024-09-25 12:30:00+09:00,7920.0,7920.0,7920.0,7920.0,0,0.0,0.0
2024-09-25 12:35:00+09:00,7920.0,7920.0,7880.0,7880.0,519,0.0,0.0
2024-09-25 12:40:00+09:00,7930.0,7930.0,7930.0,7930.0,33,0.0,0.0
2024-09-25 12:45:00+09:00,7920.0,7920.0,7920.0,7920.0,0,0.0,0.0
2024-09-25 12:50:00+09:00,7920.0,7920.0,7900.0,7900.0,726,0.0,0.0
2024-09-25 12:55:00+09:00,7900.0,7940.0,7900.0,7940.0,125,0.0,0.0
2024-09-25 13:05:00+09:00,7930.0,7930.0,7930.0,7930.0,1,0.0,0.0
2024-09-25 13:15:00+09:00,7920.0,7950.0,7920.0,7950.0,888,0.0,0.0
2024-09-25 13:20:00+09:00,7950.0,7950.0,7950.0,7950.0,151,0.0,0.0
2024-09-25 13:40:00+09:00,7870.0,7890.0,7870.0,7890.0,1517,0.0,0.0
2024-09-25 13:45:00+09:00,7910.0,7910.0,7910.0,7910.0,6,0.0,0.0
2024-09-25 13:50:00+09:00,7940.0,7950.0,7900.0,7900.0,83,0.0,0.0
2024-09-25 13:55:00+09:00,7900.0,7900.0,7900.0,7900.0,10,0.0,0.0
2024-09-25 14:00:00+09:00,7910.0,7910.0,7900.0,7900.0,200,0.0,0.0
2024-09-25 14:05:00+09:00,7910.0,7930.0,7900.0,7930.0,125,0.0,0.0
2024-09-25 14:10:00+09:00,7890.0,7900.0,7890.0,7900.0,97,0.0,0.0
2024-09-25 14:15:00+09:00,7900.0,7900.0,7860.0,7860.0,960,0.0,0.0
2024-09-25 14:20:00+09:00,7910.0,7910.0,7890.0,7900.0,587,0.0,0.0
2024-09-25 14:25:00+09:00,7900.0,7900.0,7810.0,7880.0,4619,0.0,0.0
2024-09-25 14:35:00+09:00,7820.0,7820.0,7800.0,7810.0,687,0.0,0.0
2024-09-25 14:40:00+09:00,7810.0,7810.0,7810.0,7810.0,280,0.0,0.0
2024-09-25 14:45:00+09:00,7810.0,7810.0,7800.0,7800.0,552,0.0,0.0
2024-09-25 14:50:00+09:00,7790.0,7790.0,7770.0,7770.0,370,0.0,0.0
2024-09-25 14:55:00+09:00,7770.0,7780.0,7760.0,7760.0,623,0.0,0.0
2024-09-26 09:00:00+09:00,7760.0,7830.0,7760.0,7830.0,110,0.0,0.0
2024-09-26 09:05:00+09:00,7830.0,7860.0,7790.0,7860.0,1338,0.0,0.0
2024-09-26 09:10:00+09:00,7860.0,7920.0,7860.0,7910.0,1490,0.0,0.0
2024-09-26 09:15:00+09:00,7900.0,7910.0,7890.0,7910.0,0,0.0,0.0
2024-09-26 09:25:00+09:00,7900.0,7900.0,7870.0,7870.0,193,0.0,0.0
2024-09-26 09:30:00+09:00,7880.0,7900.0,7880.0,7900.0,6,0.0,0.0
2024-09-26 09:35:00+09:00,7900.0,7900.0,7850.0,7890.0,42,0.0,0.0
2024-09-26 09:40:00+09:00,7880.0,7900.0,7880.0,7890.0,12,0.0,0.0
2024-09-26 09:45:00+09:00,7850.0,7850.0,7850.0,7850.0,327,0.0,0.0
2024-09-26 09:50:00+09:00,7850.0,7890.0,7850.0,7890.0,5,0.0,0.0
2024-09-26 09:55:00+09:00,7890.0,7900.0,7890.0,7900.0,238,0.0,0.0
2024-09-26 10:00:00+09:00,7900.0,7910.0,7900.0,7910.0,0,0.0,0.0
2024-09-26 10:05:00+09:00,7910.0,7910.0,7860.0,7910.0,859,0.0,0.0
2024-09-26 10:10:00+09:00,7920.0,7930.0,7920.0,7920.0,183,0.0,0.0
2024-09-26 10:15:00+09:00,7920.0,7930.0,7910.0,7910.0,599,0.0,0.0
2024-09-26 10:20:00+09:00,7920.0,7920.0,7920.0,7920.0,7,0.0,0.0
2024-09-26 10:25:00+09:00,7910.0,7930.0,7910.0,7930.0,39,0.0,0.0
2024-09-26 10:30:00+09:00,7930.0,7940.0,7930.0,7940.0,729,0.0,0.0
2024-09-26 10:35:00+09:00,7940.0,7960.0,7930.0,7950.0,446,0.0,0.0
2024-09-26 10:40:00+09:00,7960.0,7960.0,7950.0,7950.0,72,0.0,0.0
2024-09-26 10:45:00+09:00,7950.0,7950.0,7920.0,7920.0,905,0.0,0.0
2024-09-26 10:55:00+09:00,7920.0,7920.0,7920.0,7920.0,70,0.0,0.0
2024-09-26 11:00:00+09:00,7920.0,7920.0,7840.0,7900.0,1556,0.0,0.0
2024-09-26 11:05:00+09:00,7860.0,7910.0,7850.0,7910.0,397,0.0,0.0
2024-09-26 11:20:00+09:00,7900.0,7910.0,7900.0,7910.0,1473,0.0,0.0
2024-09-26 11:30:00+09:00,7910.0,7910.0,7910.0,7910.0,0,0.0,0.0
2024-09-26 11:35:00+09:00,7910.0,7910.0,7700.0,7830.0,6843,0.0,0.0
2024-09-26 11:40:00+09:00,7840.0,7840.0,7840.0,7840.0,0,0.0,0.0
2024-09-26 11:50:00+09:00,7890.0,7890.0,7890.0,7890.0,183,0.0,0.0
2024-09-26 11:55:00+09:00,7900.0,7900.0,7860.0,7860.0,114,0.0,0.0
2024-09-26 12:00:00+09:00,7860.0,7860.0,7850.0,7860.0,270,0.0,0.0
2024-09-26 12:05:00+09:00,7860.0,7860.0,7860.0,7860.0,0,0.0,0.0
2024-09-26 12:15:00+09:00,7870.0,7870.0,7870.0,7870.0,0,0.0,0.0
2024-09-26 12:20:00+09:00,7870.0,7870.0,7860.0,7860.0,31,0.0,0.0
2024-09-26 12:25:00+09:00,7860.0,7860.0,7860.0,7860.0,0,0.0,0.0
2024-09-26 12:30:00+09:00,7860.0,7860.0,7840.0,7840.0,87,0.0,0.0
2024-09-26 12:55:00+09:00,7840.0,7870.0,7840.0,7870.0,3,0.0,0.0
2024-09-26 13:00:00+09:00,7870.0,7880.0,7870.0,7880.0,100,0.0,0.0
2024-09-26 13:10:00+09:00,7870.0,7870.0,7870.0,7870.0,0,0.0,0.0
2024-09-26 13:15:00+09:00,7880.0,7880.0,7880.0,7880.0,3,0.0,0.0
2024-09-26 13:20:00+09:00,7870.0,7870.0,7870.0,7870.0,1,0.0,0.0
2024-09-26 13:25:00+09:00,7870.0,7870.0,7870.0,7870.0,136,0.0,0.0
2024-09-26 13:30:00+09:00,7880.0,7880.0,7880.0,7880.0,2,0.0,0.0
2024-09-26 13:35:00+09:00,7880.0,7880.0,7880.0,7880.0,2,0.0,0.0
2024-09-26 13:40:00+09:00,7880.0,7880.0,7880.0,7880.0,3,0.0,0.0
2024-09-26 13:55:00+09:00,7880.0,7880.0,7880.0,7880.0,37,0.0,0.0
2024-09-26 14:00:00+09:00,7870.0,7880.0,7870.0,7880.0,68,0.0,0.0
2024-09-26 14:05:00+09:00,7870.0,7870.0,7860.0,7870.0,831,0.0,0.0
2024-09-26 14:10:00+09:00,7850.0,7850.0,7850.0,7850.0,413,0.0,0.0
2024-09-26 14:15:00+09:00,7850.0,7860.0,7850.0,7860.0,0,0.0,0.0
2024-09-26 14:20:00+09:00,7870.0,7870.0,7860.0,7860.0,219,0.0,0.0
2024-09-26 14:25:00+09:00,7870.0,7900.0,7860.0,7900.0,3182,0.0,0.0
2024-09-26 14:30:00+09:00,7900.0,7910.0,7900.0,7910.0,259,0.0,0.0
2024-09-26 14:35:00+09:00,7900.0,7900.0,7880.0,7880.0,20,0.0,0.0
2024-09-26 14:40:00+09:00,7900.0,7900.0,7900.0,7900.0,87,0.0,0.0
2024-09-26 14:50:00+09:00,7860.0,7860.0,7860.0,7860.0,0,0.0,0.0
2024-09-26 14:55:00+09:00,7890.0,7900.0,7890.0,7890.0,0,0.0,0.0
2024-09-27 09:00:00+09:00,7900.0,7910.0,7890.0,7910.0,773,0.0,0.0
2024-09-27 09:05:00+09:00,7900.0,7910.0,7900.0,7910.0,642,0.0,0.0
2024-09-27 09:10:00+09:00,7910.0,7920.0,7900.0,7920.0,93,0.0,0.0
2024-09-27 09:15:00+09:00,7920.0,7990.0,7920.0,7980.0,533,0.0,0.0
2024-09-27 09:20:00+09:00,7980.0,7980.0,7970.0,7970.0,0,0.0,0.0
2024-09-27 09:25:00+09:00,7960.0,7960.0,7940.0,7940.0,490,0.0,0.0
2024-09-27 09:30:00+09:00,7930.0,7950.0,7930.0,7950.0,0,0.0,0.0
2024-09-27 09:35:00+09:00,7950.0,7950.0,7950.0,7950.0,362,0.0,0.0
2024-09-27 09:40:00+09:00,7960.0,7960.0,7950.0,7960.0,0,0.0,0.0
2024-09-27 09:45:00+09:00,7960.0,7960.0,7930.0,7930.0,361,0.0,0.0
2024-09-27 09:50:00+09:00,7920.0,7920.0,7910.0,7910.0,339,0.0,0.0
2024-09-27 09:55:00+09:00,7900.0,7990.0,7890.0,7980.0,3216,0.0,0.0
2024-09-27 10:00:00+09:00,7980.0,8040.0,7880.0,7880.0,5330,0.0,0.0
2024-09-27 10:05:00+09:00,7920.0,8060.0,7920.0,8040.0,1433,0.0,0.0
2024-09-27 10:10:00+09:00,8050.0,8120.0,8050.0,8120.0,1722,0.0,0.0
2024-09-27 10:15:00+09:00,8120.0,8160.0,8040.0,8160.0,2402,0.0,0.0
2024-09-27 10:20:00+09:00,8160.0,8370.0,8160.0,8270.0,22304,0.0,0.0
2024-09-27 10:25:00+09:00,8250.0,8270.0,8190.0,8190.0,7512,0.0,0.0
2024-09-27 10:30:00+09:00,8240.0,8240.0,8200.0,8210.0,2419,0.0,0.0
2024-09-27 10:35:00+09:00,8210.0,8230.0,8120.0,8160.0,5461,0.0,0.0
2024-09-27 10:40:00+09:00,8140.0,8180.0,8130.0,8130.0,947,0.0,0.0
2024-09-27 10:45:00+09:00,8180.0,8180.0,8130.0,8130.0,343,0.0,0.0
2024-09-27 10:50:00+09:00,8140.0,8180.0,8140.0,8180.0,52,0.0,0.0
2024-09-27 10:55:00+09:00,8140.0,8140.0,8130.0,8130.0,305,0.0,0.0
2024-09-27 11:00:00+09:00,8130.0,8180.0,8130.0,8180.0,258,0.0,0.0
2024-09-27 11:05:00+09:00,8180.0,8180.0,8180.0,8180.0,1,0.0,0.0
2024-09-27 11:10:00+09:00,8180.0,8180.0,8140.0,8140.0,117,0.0,0.0
2024-09-27 11:15:00+09:00,8170.0,8170.0,8160.0,8160.0,85,0.0,0.0
2024-09-27 11:20:00+09:00,8150.0,8150.0,8140.0,8140.0,465,0.0,0.0
2024-09-27 11:25:00+09:00,8140.0,8140.0,8140.0,8140.0,306,0.0,0.0
2024-09-27 11:30:00+09:00,8130.0,8130.0,8120.0,8120.0,578,0.0,0.0
2024-09-27 11:35:00+09:00,8120.0,8120.0,8110.0,8110.0,1415,0.0,0.0
2024-09-27 11:40:00+09:00,8110.0,8130.0,8110.0,8130.0,245,0.0,0.0
2024-09-27 11:45:00+09:00,8120.0,8130.0,8110.0,8130.0,543,0.0,0.0
2024-09-27 11:50:00+09:00,8130.0,8130.0,8110.0,8130.0,774,0.0,0.0
2024-09-27 11:55:00+09:00,8130.0,8160.0,8130.0,8160.0,2,0.0,0.0
2024-09-27 12:00:00+09:00,8130.0,8160.0,8130.0,8160.0,222,0.0,0.0
2024-09-27 12:05:00+09:00,8160.0,8160.0,8140.0,8140.0,185,0.0,0.0
2024-09-27 12:10:00+09:00,8130.0,8130.0,8120.0,8120.0,200,0.0,0.0
2024-09-27 12:15:00+09:00,8120.0,8120.0,8120.0,8120.0,83,0.0,0.0
2024-09-27 12:20:00+09:00,8120.0,8120.0,8110.0,8110.0,616,0.0,0.0
2024-09-27 12:25:00+09:00,8110.0,8110.0,8100.0,8100.0,2315,0.0,0.0
2024-09-27 12:30:00+09:00,8100.0,8100.0,8100.0,8100.0,0,0.0,0.0
2024-09-27 12:35:00+09:00,8100.0,8100.0,8080.0,8080.0,1088,0.0,0.0
2024-09-27 12:40:00+09:00,8070.0,8090.0,8070.0,8080.0,206,0.0,0.0
2024-09-27 12:45:00+09:00,8080.0,8090.0,8080.0,8090.0,501,0.0,0.0
2024-09-27 12:50:00+09:00,8080.0,8080.0,8080.0,8080.0,11,0.0,0.0
2024-09-27 12:55:00+09:00,8080.0,8080.0,8080.0,8080.0,16,0.0,0.0
2024-09-27 13:00:00+09:00,8080.0,8090.0,8080.0,8090.0,6,0.0,0.0
2024-09-27 13:05:00+09:00,8090.0,8130.0,8090.0,8100.0,85,0.0,0.0
2024-09-27 13:10:00+09:00,8120.0,8150.0,8120.0,8150.0,3,0.0,0.0
2024-09-27 13:15:00+09:00,8110.0,8140.0,8110.0,8140.0,44,0.0,0.0
2024-09-27 13:20:00+09:00,8110.0,8110.0,8110.0,8110.0,88,0.0,0.0
2024-09-27 13:25:00+09:00,8110.0,8110.0,8090.0,8090.0,348,0.0,0.0
2024-09-27 13:30:00+09:00,8090.0,8090.0,8090.0,8090.0,0,0.0,0.0
2024-09-27 13:35:00+09:00,8090.0,8090.0,8090.0,8090.0,79,0.0,0.0
2024-09-27 13:40:00+09:00,8080.0,8080.0,8080.0,8080.0,255,0.0,0.0
2024-09-27 13:45:00+09:00,8080.0,8080.0,8080.0,8080.0,65,0.0,0.0
2024-09-27 13:55:00+09:00,8080.0,8080.0,8080.0,8080.0,0,0.0,0.0
2024-09-27 14:00:00+09:00,8080.0,8080.0,8050.0,8050.0,1462,0.0,0.0
2024-09-27 14:05:00+09:00,8050.0,8050.0,8040.0,8050.0,743,0.0,0.0
2024-09-27 14:15:00+09:00,8050.0,8050.0,8050.0,8050.0,0,0.0,0.0
2024-09-27 14:20:00+09:00,8060.0,8060.0,8000.0,8000.0,12202,0.0,0.0
2024-09-27 14:25:00+09:00,8010.0,8040.0,7990.0,8040.0,0,0.0,0.0
2024-09-27 14:30:00+09:00,8050.0,8060.0,8050.0,8060.0,153,0.0,0.0
2024-09-27 14:35:00+09:00,8060.0,8080.0,8040.0,8040.0,109,0.0,0.0
2024-09-27 14:40:00+09:00,8070.0,8160.0,8070.0,8160.0,1298,0.0,0.0
2024-09-27 14:45:00+09:00,8160.0,8200.0,8160.0,8200.0,1855,0.0,0.0
2024-09-27 14:50:00+09:00,8200.0,8230.0,8190.0,8200.0,1253,0.0,0.0
2024-09-27 14:55:00+09:00,8210.0,8240.0,8190.0,8240.0,1503,0.0,0.0
2024-09-30 09:00:00+09:00,8380.0,8380.0,8200.0,8220.0,0,0.0,0.0
2024-09-30 09:05:00+09:00,8200.0,8300.0,8130.0,8140.0,403,0.0,0.0
2024-09-30 09:10:00+09:00,8150.0,8160.0,8150.0,8160.0,150,0.0,0.0
2024-09-30 09:15:00+09:00,8160.0,8240.0,8150.0,8170.0,301,0.0,0.0
2024-09-30 09:20:00+09:00,8150.0,8150.0,8090.0,8090.0,1636,0.0,0.0
2024-09-30 09:25:00+09:00,8090.0,8100.0,8070.0,8070.0,285,0.0,0.0
2024-09-30 09:30:00+09:00,8070.0,8070.0,8060.0,8060.0,406,0.0,0.0
2024-09-30 09:35:00+09:00,8070.0,8070.0,8020.0,8020.0,1085,0.0,0.0
2024-09-30 09:40:00+09:00,8030.0,8100.0,8030.0,8100.0,0,0.0,0.0
2024-09-30 09:45:00+09:00,8100.0,8130.0,8100.0,8130.0,35,0.0,0.0
2024-09-30 09:50:00+09:00,8040.0,8040.0,8030.0,8030.0,163,0.0,0.0
2024-09-30 09:55:00+09:00,8060.0,8060.0,8060.0,8060.0,300,0.0,0.0
2024-09-30 10:00:00+09:00,8080.0,8080.0,8010.0,8070.0,372,0.0,0.0
2024-09-30 10:05:00+09:00,8060.0,8060.0,8060.0,8060.0,0,0.0,0.0
2024-09-30 10:10:00+09:00,8020.0,8040.0,8020.0,8040.0,146,0.0,0.0
2024-09-30 10:15:00+09:00,8010.0,8010.0,8000.0,8000.0,1777,0.0,0.0
2024-09-30 10:20:00+09:00,8010.0,8010.0,8000.0,8000.0,102,0.0,0.0
2024-09-30 10:25:00+09:00,8010.0,8010.0,8010.0,8010.0,120,0.0,0.0
2024-09-30 10:30:00+09:00,8010.0,8010.0,8000.0,8000.0,1145,0.0,0.0
2024-09-30 10:35:00+09:00,8020.0,8030.0,8020.0,8030.0,0,0.0,0.0
2024-09-30 10:40:00+09:00,8060.0,8060.0,8010.0,8010.0,580,0.0,0.0
2024-09-30 10:45:00+09:00,8040.0,8040.0,8040.0,8040.0,0,0.0,0.0
2024-09-30 10:50:00+09:00,8010.0,8010.0,8000.0,8000.0,625,0.0,0.0
2024-09-30 10:55:00+09:00,7990.0,7990.0,7970.0,7970.0,1650,0.0,0.0
2024-09-30 11:05:00+09:00,7970.0,7970.0,7970.0,7970.0,11,0.0,0.0
2024-09-30 11:10:00+09:00,7970.0,7970.0,7960.0,7960.0,696,0.0,0.0
2024-09-30 11:15:00+09:00,7960.0,7980.0,7960.0,7980.0,39,0.0,0.0
2024-09-30 11:20:00+09:00,7980.0,7980.0,7980.0,7980.0,57,0.0,0.0
2024-09-30 11:40:00+09:00,7990.0,7990.0,7990.0,7990.0,0,0.0,0.0
2024-09-30 11:50:00+09:00,7990.0,7990.0,7930.0,7970.0,3004,0.0,0.0
2024-09-30 11:55:00+09:00,7970.0,7970.0,7970.0,7970.0,35,0.0,0.0
2024-09-30 12:00:00+09:00,7940.0,7980.0,7940.0,7980.0,16,0.0,0.0
2024-09-30 12:10:00+09:00,7940.0,7940.0,7920.0,7920.0,939,0.0,0.0
2024-09-30 12:15:00+09:00,7930.0,7940.0,7930.0,7940.0,0,0.0,0.0
2024-09-30 12:20:00+09:00,7950.0,7960.0,7950.0,7960.0,2,0.0,0.0
2024-09-30 12:25:00+09:00,7960.0,7960.0,7960.0,7960.0,16,0.0,0.0
2024-09-30 12:30:00+09:00,7970.0,7970.0,7970.0,7970.0,0,0.0,0.0
2024-09-30 12:35:00+09:00,7980.0,7980.0,7960.0,7970.0,303,0.0,0.0
2024-09-30 12:40:00+09:00,7970.0,7990.0,7970.0,7990.0,464,0.0,0.0
2024-09-30 12:45:00+09:00,8000.0,8070.0,8000.0,8070.0,683,0.0,0.0
2024-09-30 12:50:00+09:00,8070.0,8070.0,8070.0,8070.0,53,0.0,0.0
2024-09-30 12:55:00+09:00,8020.0,8020.0,8020.0,8020.0,0,0.0,0.0
2024-09-30 13:20:00+09:00,8020.0,8020.0,8020.0,8020.0,131,0.0,0.0
2024-09-30 13:25:00+09:00,8020.0,8020.0,8010.0,8010.0,692,0.0,0.0
2024-09-30 13:30:00+09:00,8010.0,8010.0,8000.0,8000.0,3149,0.0,0.0
2024-09-30 13:35:00+09:00,8020.0,8020.0,8020.0,8020.0,23,0.0,0.0
2024-09-30 13:45:00+09:00,7990.0,7990.0,7960.0,7960.0,655,0.0,0.0
2024-09-30 13:50:00+09:00,7960.0,7960.0,7960.0,7960.0,363,0.0,0.0
2024-09-30 13:55:00+09:00,7960.0,8000.0,7960.0,8000.0,200,0.0,0.0
2024-09-30 14:05:00+09:00,7990.0,7990.0,7990.0,7990.0,24,0.0,0.0
2024-09-30 14:10:00+09:00,7990.0,7990.0,7990.0,7990.0,6,0.0,0.0
2024-09-30 14:15:00+09:00,7990.0,7990.0,7990.0,7990.0,17,0.0,0.0
2024-09-30 14:20:00+09:00,7960.0,8000.0,7950.0,8000.0,1370,0.0,0.0
2024-09-30 14:25:00+09:00,8000.0,8000.0,7960.0,7960.0,732,0.0,0.0
2024-09-30 14:30:00+09:00,8010.0,8010.0,8010.0,8010.0,263,0.0,0.0
2024-09-30 14:35:00+09:00,8000.0,8010.0,8000.0,8000.0,29,0.0,0.0
2024-09-30 14:40:00+09:00,8000.0,8000.0,7970.0,7980.0,67,0.0,0.0
2024-09-30 14:45:00+09:00,7980.0,7980.0,7940.0,7940.0,971,0.0,0.0
2024-09-30 14:50:00+09:00,7940.0,7940.0,7930.0,7930.0,1169,0.0,0.0
2024-09-30 14:55:00+09:00,7930.0,7950.0,7930.0,7950.0,402,0.0,0.0
2024-10-02 09:00:00+09:00,7910.0,7910.0,7620.0,7690.0,0,0.0,0.0
2024-10-02 09:05:00+09:00,7700.0,7770.0,7690.0,7750.0,2193,0.0,0.0
2024-10-02 09:10:00+09:00,7750.0,7760.0,7710.0,7760.0,821,0.0,0.0
2024-10-02 09:15:00+09:00,7760.0,7760.0,7750.0,7750.0,367,0.0,0.0
2024-10-02 09:20:00+09:00,7760.0,7800.0,7740.0,7740.0,5451,0.0,0.0
2024-10-02 09:25:00+09:00,7740.0,7780.0,7740.0,7780.0,1707,0.0,0.0
2024-10-02 09:30:00+09:00,7740.0,7740.0,7740.0,7740.0,141,0.0,0.0
2024-10-02 09:35:00+09:00,7760.0,7760.0,7740.0,7740.0,208,0.0,0.0
2024-10-02 09:40:00+09:00,7740.0,7740.0,7740.0,7740.0,4,0.0,0.0
2024-10-02 09:45:00+09:00,7770.0,7800.0,7750.0,7790.0,15,0.0,0.0
2024-10-02 09:50:00+09:00,7760.0,7760.0,7720.0,7720.0,352,0.0,0.0
2024-10-02 09:55:00+09:00,7720.0,7740.0,7710.0,7740.0,189,0.0,0.0
2024-10-02 10:00:00+09:00,7740.0,7740.0,7740.0,7740.0,196,0.0,0.0
2024-10-02 10:05:00+09:00,7760.0,7780.0,7760.0,7780.0,0,0.0,0.0
2024-10-02 10:10:00+09:00,7780.0,7780.0,7780.0,7780.0,2,0.0,0.0
2024-10-02 10:15:00+09:00,7740.0,7740.0,7690.0,7730.0,3702,0.0,0.0
2024-10-02 10:25:00+09:00,7740.0,7740.0,7740.0,7740.0,26,0.0,0.0
2024-10-02 10:30:00+09:00,7730.0,7730.0,7730.0,7730.0,328,0.0,0.0
2024-10-02 10:35:00+09:00,7730.0,7730.0,7730.0,7730.0,38,0.0,0.0
2024-10-02 10:40:00+09:00,7740.0,7740.0,7720.0,7720.0,884,0.0,0.0
2024-10-02 10:45:00+09:00,7730.0,7740.0,7720.0,7720.0,340,0.0,0.0
2024-10-02 10:50:00+09:00,7740.0,7750.0,7710.0,7710.0,1376,0.0,0.0
2024-10-02 10:55:00+09:00,7750.0,7750.0,7720.0,7750.0,0,0.0,0.0
2024-10-02 11:00:00+09:00,7760.0,7760.0,7760.0,7760.0,94,0.0,0.0
2024-10-02 11:05:00+09:00,7760.0,7780.0,7760.0,7780.0,102,0.0,0.0
2024-10-02 11:10:00+09:00,7780.0,7780.0,7780.0,7780.0,65,0.0,0.0
2024-10-02 11:20:00+09:00,7770.0,7770.0,7770.0,7770.0,49,0.0,0.0
2024-10-02 11:40:00+09:00,7780.0,7790.0,7780.0,7790.0,507,0.0,0.0
2024-10-02 11:45:00+09:00,7790.0,7810.0,7780.0,7810.0,728,0.0,0.0
2024-10-02 11:50:00+09:00,7800.0,7800.0,7760.0,7790.0,177,0.0,0.0
2024-10-02 11:55:00+09:00,7790.0,7790.0,7790.0,7790.0,1678,0.0,0.0
2024-10-02 12:15:00+09:00,7800.0,7820.0,7800.0,7820.0,0,0.0,0.0
2024-10-02 12:20:00+09:00,7800.0,7800.0,7790.0,7790.0,16,0.0,0.0
2024-10-02 12:25:00+09:00,7790.0,7810.0,7770.0,7810.0,551,0.0,0.0
2024-10-02 12:30:00+09:00,7790.0,7790.0,7790.0,7790.0,0,0.0,0.0
2024-10-02 12:35:00+09:00,7800.0,7800.0,7800.0,7800.0,74,0.0,0.0
2024-10-02 12:40:00+09:00,7780.0,7780.0,7780.0,7780.0,0,0.0,0.0
2024-10-02 12:45:00+09:00,7800.0,7800.0,7800.0,7800.0,0,0.0,0.0
2024-10-02 13:05:00+09:00,7800.0,7820.0,7800.0,7820.0,780,0.0,0.0
2024-10-02 13:10:00+09:00,7820.0,7820.0,7820.0,7820.0,82,0.0,0.0
2024-10-02 13:15:00+09:00,7820.0,7820.0,7820.0,7820.0,15,0.0,0.0
2024-10-02 13:20:00+09:00,7800.0,7800.0,7730.0,7730.0,1602,0.0,0.0
2024-10-02 13:30:00+09:00,7780.0,7780.0,7760.0,7760.0,0,0.0,0.0
2024-10-02 13:35:00+09:00,7730.0,7730.0,7730.0,7730.0,127,0.0,0.0
2024-10-02 13:45:00+09:00,7740.0,7740.0,7740.0,7740.0,1,0.0,0.0
2024-10-02 14:05:00+09:00,7760.0,7760.0,7760.0,7760.0,22,0.0,0.0
2024-10-02 14:10:00+09:00,7780.0,7790.0,7780.0,7790.0,22,0.0,0.0
2024-10-02 14:25:00+09:00,7770.0,7770.0,7770.0,7770.0,20,0.0,0.0
2024-10-02 14:30:00+09:00,7760.0,7760.0,7730.0,7750.0,526,0.0,0.0
2024-10-02 14:35:00+09:00,7720.0,7720.0,7720.0,7720.0,108,0.0,0.0
2024-10-02 14:40:00+09:00,7730.0,7730.0,7730.0,7730.0,7,0.0,0.0
2024-10-02 14:45:00+09:00,7730.0,7730.0,7720.0,7720.0,44,0.0,0.0
2024-10-02 14:50:00+09:00,7720.0,7750.0,7720.0,7720.0,257,0.0,0.0
2024-10-04 09:00:00+09:00,7700.0,7750.0,7700.0,7750.0,0,0.0,0.0
2024-10-04 09:05:00+09:00,7750.0,8010.0,7750.0,7830.0,1776,0.0,0.0
2024-10-04 09:10:00+09:00,7830.0,7920.0,7810.0,7890.0,55,0.0,0.0
2024-10-04 09:15:00+09:00,7820.0,7820.0,7780.0,7780.0,247,0.0,0.0
2024-10-04 09:20:00+09:00,7770.0,7770.0,7760.0,7760.0,164,0.0,0.0
2024-10-04 09:25:00+09:00,7780.0,7780.0,7770.0,7780.0,191,0.0,0.0
2024-10-04 09:30:00+09:00,7820.0,7820.0,7820.0,7820.0,50,0.0,0.0
2024-10-04 09:35:00+09:00,7770.0,7800.0,7770.0,7800.0,69,0.0,0.0
2024-10-04 09:40:00+09:00,7820.0,7820.0,7800.0,7810.0,423,0.0,0.0
2024-10-04 09:45:00+09:00,7800.0,7810.0,7780.0,7810.0,274,0.0,0.0
2024-10-04 09:50:00+09:00,7810.0,7880.0,7810.0,7880.0,157,0.0,0.0
2024-10-04 09:55:00+09:00,7830.0,7830.0,7760.0,7830.0,276,0.0,0.0
2024-10-04 10:00:00+09:00,7820.0,7860.0,7820.0,7860.0,953,0.0,0.0
2024-10-04 10:10:00+09:00,7780.0,7840.0,7780.0,7780.0,142,0.0,0.0
2024-10-04 10:15:00+09:00,7830.0,7830.0,7830.0,7830.0,7,0.0,0.0
2024-10-04 10:20:00+09:00,7820.0,7880.0,7820.0,7830.0,1675,0.0,0.0
2024-10-04 10:30:00+09:00,7870.0,7880.0,7840.0,7840.0,0,0.0,0.0
2024-10-04 10:40:00+09:00,7840.0,7840.0,7840.0,7840.0,161,0.0,0.0
2024-10-04 10:45:00+09:00,7830.0,7830.0,7830.0,7830.0,149,0.0,0.0
2024-10-04 10:55:00+09:00,7830.0,7870.0,7820.0,7820.0,368,0.0,0.0
2024-10-04 11:00:00+09:00,7870.0,7870.0,7870.0,7870.0,220,0.0,0.0
2024-10-04 11:05:00+09:00,7870.0,7870.0,7870.0,7870.0,0,0.0,0.0
2024-10-04 11:20:00+09:00,7830.0,7870.0,7830.0,7870.0,22,0.0,0.0
2024-10-04 11:35:00+09:00,7830.0,7830.0,7830.0,7830.0,1,0.0,0.0
2024-10-04 11:40:00+09:00,7850.0,7850.0,7850.0,7850.0,2,0.0,0.0
2024-10-04 11:55:00+09:00,7830.0,7860.0,7830.0,7860.0,130,0.0,0.0
2024-10-04 12:10:00+09:00,7860.0,7860.0,7860.0,7860.0,0,0.0,0.0
2024-10-04 12:15:00+09:00,7860.0,7860.0,7860.0,7860.0,78,0.0,0.0
2024-10-04 12:25:00+09:00,7860.0,7880.0,7830.0,7880.0,279,0.0,0.0
2024-10-04 12:30:00+09:00,7880.0,7880.0,7880.0,7880.0,290,0.0,0.0
2024-10-04 13:00:00+09:00,7830.0,7830.0,7820.0,7830.0,820,0.0,0.0
2024-10-04 13:05:00+09:00,7860.0,7870.0,7860.0,7870.0,0,0.0,0.0
2024-10-04 13:10:00+09:00,7850.0,7850.0,7850.0,7850.0,12,0.0,0.0
2024-10-04 13:15:00+09:00,7850.0,7860.0,7820.0,7860.0,612,0.0,0.0
2024-10-04 13:20:00+09:00,7860.0,7860.0,7860.0,7860.0,3,0.0,0.0
2024-10-04 13:35:00+09:00,7860.0,7860.0,7860.0,7860.0,12,0.0,0.0
2024-10-04 13:40:00+09:00,7840.0,7850.0,7840.0,7850.0,796,0.0,0.0
2024-10-04 13:45:00+09:00,7850.0,7850.0,7850.0,7850.0,13,0.0,0.0
2024-10-04 13:50:00+09:00,7850.0,7850.0,7850.0,7850.0,9,0.0,0.0
2024-10-04 13:55:00+09:00,7830.0,7830.0,7820.0,7820.0,137,0.0,0.0
2024-10-04 14:00:00+09:00,7820.0,7820.0,7820.0,7820.0,0,0.0,0.0
2024-10-04 14:05:00+09:00,7820.0,7820.0,7820.0,7820.0,21,0.0,0.0
2024-10-04 14:15:00+09:00,7820.0,7820.0,7820.0,7820.0,35,0.0,0.0
2024-10-04 14:20:00+09:00,7820.0,7820.0,7820.0,7820.0,1062,0.0,0.0
2024-10-04 14:25:00+09:00,7820.0,7820.0,7810.0,7810.0,231,0.0,0.0
2024-10-04 14:30:00+09:00,7810.0,7820.0,7810.0,7820.0,0,0.0,0.0
2024-10-04 14:35:00+09:00,7820.0,7850.0,7820.0,7850.0,105,0.0,0.0
2024-10-04 14:40:00+09:00,7840.0,7850.0,7840.0,7850.0,0,0.0,0.0
2024-10-04 14:45:00+09:00,7850.0,7850.0,7850.0,7850.0,1,0.0,0.0
2024-10-04 14:50:00+09:00,7850.0,7850.0,7850.0,7850.0,5,0.0,0.0
2024-10-04 14:55:00+09:00,7850.0,7870.0,7830.0,7830.0,221,0.0,0.0
2024-10-07 09:00:00+09:00,8000.0,8000.0,7870.0,7990.0,0,0.0,0.0
2024-10-07 09:05:00+09:00,7940.0,7940.0,7820.0,7820.0,931,0.0,0.0
2024-10-07 09:10:00+09:00,7820.0,7870.0,7820.0,7870.0,55,0.0,0.0
2024-10-07 09:20:00+09:00,7820.0,7820.0,7810.0,7810.0,193,0.0,0.0
2024-10-07 09:25:00+09:00,7820.0,7870.0,7810.0,7820.0,1332,0.0,0.0
2024-10-07 09:30:00+09:00,7810.0,7810.0,7810.0,7810.0,0,0.0,0.0
2024-10-07 09:40:00+09:00,7860.0,7870.0,7810.0,7870.0,992,0.0,0.0
2024-10-07 09:45:00+09:00,7870.0,7890.0,7870.0,7890.0,27,0.0,0.0
2024-10-07 09:50:00+09:00,7890.0,7890.0,7830.0,7830.0,558,0.0,0.0
2024-10-07 09:55:00+09:00,7840.0,7840.0,7800.0,7800.0,1070,0.0,0.0
2024-10-07 10:00:00+09:00,7800.0,7870.0,7800.0,7870.0,55,0.0,0.0
2024-10-07 10:05:00+09:00,7870.0,7900.0,7870.0,7900.0,260,0.0,0.0
2024-10-07 10:10:00+09:00,7890.0,7940.0,7890.0,7930.0,2228,0.0,0.0
2024-10-07 10:15:00+09:00,7930.0,7940.0,7930.0,7940.0,0,0.0,0.0
2024-10-07 10:20:00+09:00,7920.0,7930.0,7820.0,7820.0,307,0.0,0.0
2024-10-07 10:25:00+09:00,7840.0,7870.0,7810.0,7870.0,929,0.0,0.0
2024-10-07 10:30:00+09:00,7820.0,7900.0,7820.0,7900.0,192,0.0,0.0
2024-10-07 10:35:00+09:00,7900.0,7950.0,7900.0,7950.0,926,0.0,0.0
2024-10-07 10:40:00+09:00,7950.0,7950.0,7950.0,7950.0,124,0.0,0.0
2024-10-07 10:45:00+09:00,7910.0,7940.0,7910.0,7940.0,636,0.0,0.0
2024-10-07 10:50:00+09:00,7910.0,7920.0,7910.0,7920.0,222,0.0,0.0
2024-10-07 10:55:00+09:00,7910.0,7910.0,7910.0,7910.0,299,0.0,0.0
2024-10-07 11:00:00+09:00,7910.0,7920.0,7900.0,7920.0,644,0.0,0.0
2024-10-07 11:05:00+09:00,7870.0,7870.0,7870.0,7870.0,195,0.0,0.0
2024-10-07 11:10:00+09:00,7870.0,7870.0,7870.0,7870.0,406,0.0,0.0
2024-10-07 11:15:00+09:00,7910.0,7930.0,7910.0,7930.0,284,0.0,0.0
2024-10-07 11:20:00+09:00,7890.0,7890.0,7890.0,7890.0,1,0.0,0.0
2024-10-07 11:25:00+09:00,7890.0,7890.0,7890.0,7890.0,200,0.0,0.0
2024-10-07 11:30:00+09:00,7860.0,7860.0,7830.0,7830.0,210,0.0,0.0
2024-10-07 11:40:00+09:00,7850.0,7850.0,7830.0,7830.0,180,0.0,0.0
2024-10-07 11:45:00+09:00,7880.0,7880.0,7880.0,7880.0,0,0.0,0.0
2024-10-07 12:00:00+09:00,7870.0,7870.0,7860.0,7860.0,312,0.0,0.0
2024-10-07 12:05:00+09:00,7860.0,7860.0,7860.0,7860.0,184,0.0,0.0
2024-10-07 12:15:00+09:00,7890.0,7910.0,7890.0,7910.0,102,0.0,0.0
2024-10-07 12:20:00+09:00,7910.0,7910.0,7910.0,7910.0,1,0.0,0.0
2024-10-07 12:25:00+09:00,7900.0,7910.0,7900.0,7910.0,979,0.0,0.0
2024-10-07 12:30:00+09:00,7910.0,7930.0,7910.0,7930.0,125,0.0,0.0
2024-10-07 12:40:00+09:00,7930.0,7930.0,7930.0,7930.0,0,0.0,0.0
2024-10-07 12:50:00+09:00,7930.0,7930.0,7910.0,7910.0,171,0.0,0.0
2024-10-07 12:55:00+09:00,7910.0,7910.0,7910.0,7910.0,217,0.0,0.0
2024-10-07 13:00:00+09:00,7940.0,7940.0,7940.0,7940.0,0,0.0,0.0
2024-10-07 13:15:00+09:00,7910.0,7910.0,7910.0,7910.0,18,0.0,0.0
2024-10-07 13:20:00+09:00,7910.0,7930.0,7900.0,7930.0,247,0.0,0.0
2024-10-07 13:25:00+09:00,7930.0,7930.0,7890.0,7890.0,101,0.0,0.0
2024-10-07 13:45:00+09:00,7890.0,7890.0,7890.0,7890.0,0,0.0,0.0
2024-10-07 13:50:00+09:00,7890.0,7940.0,7890.0,7940.0,270,0.0,0.0
2024-10-07 14:00:00+09:00,7940.0,7940.0,7940.0,7940.0,299,0.0,0.0
2024-10-07 14:10:00+09:00,7890.0,7890.0,7890.0,7890.0,0,0.0,0.0
2024-10-07 14:25:00+09:00,7890.0,7890.0,7890.0,7890.0,143,0.0,0.0
2024-10-07 14:35:00+09:00,7900.0,7930.0,7900.0,7930.0,443,0.0,0.0
2024-10-07 14:40:00+09:00,7920.0,7920.0,7920.0,7920.0,0,0.0,0.0
2024-10-07 14:55:00+09:00,7910.0,7920.0,7910.0,7920.0,177,0.0,0.0
2024-10-08 09:00:00+09:00,7790.0,7850.0,7790.0,7850.0,80,0.0,0.0
2024-10-08 09:05:00+09:00,7900.0,7900.0,7900.0,7900.0,1,0.0,0.0
2024-10-08 09:10:00+09:00,7900.0,7960.0,7900.0,7960.0,12,0.0,0.0
2024-10-08 09:15:00+09:00,7960.0,7960.0,7960.0,7960.0,4,0.0,0.0
2024-10-08 09:20:00+09:00,7940.0,7940.0,7900.0,7900.0,174,0.0,0.0
2024-10-08 09:25:00+09:00,7870.0,7940.0,7810.0,7940.0,958,0.0,0.0
2024-10-08 09:30:00+09:00,7930.0,7930.0,7930.0,7930.0,0,0.0,0.0
2024-10-08 09:35:00+09:00,7860.0,7860.0,7740.0,7810.0,3521,0.0,0.0
2024-10-08 09:40:00+09:00,7810.0,7930.0,7810.0,7920.0,1382,0.0,0.0
2024-10-08 09:45:00+09:00,7900.0,7900.0,7860.0,7900.0,406,0.0,0.0
2024-10-08 09:50:00+09:00,7900.0,7920.0,7900.0,7920.0,141,0.0,0.0
2024-10-08 10:00:00+09:00,7920.0,7930.0,7920.0,7920.0,1871,0.0,0.0
2024-10-08 10:05:00+09:00,7910.0,7930.0,7910.0,7930.0,250,0.0,0.0
2024-10-08 10:15:00+09:00,7910.0,7910.0,7910.0,7910.0,0,0.0,0.0
2024-10-08 10:20:00+09:00,7890.0,7890.0,7800.0,7800.0,676,0.0,0.0
2024-10-08 10:30:00+09:00,7820.0,7820.0,7820.0,7820.0,0,0.0,0.0
2024-10-08 10:40:00+09:00,7860.0,7860.0,7860.0,7860.0,8,0.0,0.0
2024-10-08 10:45:00+09:00,7860.0,7860.0,7860.0,7860.0,496,0.0,0.0
2024-10-08 10:50:00+09:00,7870.0,7900.0,7870.0,7900.0,0,0.0,0.0
2024-10-08 11:00:00+09:00,7890.0,7900.0,7890.0,7900.0,10182,0.0,0.0
2024-10-08 11:15:00+09:00,7880.0,7890.0,7880.0,7890.0,28,0.0,0.0
2024-10-08 11:20:00+09:00,7890.0,7890.0,7890.0,7890.0,1,0.0,0.0
2024-10-08 11:25:00+09:00,7890.0,7890.0,7890.0,7890.0,40,0.0,0.0
2024-10-08 11:35:00+09:00,7890.0,7890.0,7860.0,7860.0,1049,0.0,0.0
2024-10-08 11:40:00+09:00,7870.0,7870.0,7860.0,7860.0,0,0.0,0.0
2024-10-08 11:45:00+09:00,7860.0,7860.0,7860.0,7860.0,2,0.0,0.0
2024-10-08 11:50:00+09:00,7890.0,7890.0,7890.0,7890.0,0,0.0,0.0
2024-10-08 11:55:00+09:00,7830.0,7830.0,7830.0,7830.0,29,0.0,0.0
2024-10-08 12:00:00+09:00,7870.0,7870.0,7870.0,7870.0,25,0.0,0.0
2024-10-08 12:20:00+09:00,7850.0,7850.0,7850.0,7850.0,0,0.0,0.0
2024-10-08 12:25:00+09:00,7840.0,7840.0,7840.0,7840.0,199,0.0,0.0
2024-10-08 12:40:00+09:00,7830.0,7830.0,7830.0,7830.0,0,0.0,0.0
2024-10-08 12:45:00+09:00,7870.0,7870.0,7870.0,7870.0,0,0.0,0.0
2024-10-08 13:00:00+09:00,7860.0,7870.0,7860.0,7870.0,20,0.0,0.0
2024-10-08 13:05:00+09:00,7860.0,7860.0,7840.0,7840.0,700,0.0,0.0
2024-10-08 13:10:00+09:00,7840.0,7840.0,7840.0,7840.0,40,0.0,0.0
2024-10-08 13:15:00+09:00,7880.0,7880.0,7880.0,7880.0,0,0.0,0.0
2024-10-08 13:25:00+09:00,7880.0,7880.0,7880.0,7880.0,174,0.0,0.0
2024-10-08 13:30:00+09:00,7880.0,7890.0,7850.0,7850.0,1708,0.0,0.0
2024-10-08 13:35:00+09:00,7880.0,7880.0,7870.0,7870.0,124,0.0,0.0
2024-10-08 13:40:00+09:00,7870.0,7870.0,7870.0,7870.0,0,0.0,0.0
2024-10-08 13:45:00+09:00,7870.0,7870.0,7870.0,7870.0,0,0.0,0.0
2024-10-08 13:50:00+09:00,7860.0,7860.0,7850.0,7850.0,212,0.0,0.0
2024-10-08 13:55:00+09:00,7850.0,7850.0,7850.0,7850.0,76,0.0,0.0
2024-10-08 14:00:00+09:00,7870.0,7870.0,7870.0,7870.0,0,0.0,0.0
2024-10-08 14:05:00+09:00,7870.0,7890.0,7870.0,7890.0,12,0.0,0.0
2024-10-08 14:10:00+09:00,7890.0,7890.0,7890.0,7890.0,1,0.0,0.0
2024-10-08 14:20:00+09:00,7890.0,7890.0,7890.0,7890.0,42,0.0,0.0
2024-10-08 14:25:00+09:00,7870.0,7870.0,7870.0,7870.0,0,0.0,0.0
2024-10-08 14:35:00+09:00,7870.0,7870.0,7870.0,7870.0,8,0.0,0.0
2024-10-08 14:40:00+09:00,7860.0,7860.0,7860.0,7860.0,2,0.0,0.0
2024-10-08 14:45:00+09:00,7870.0,7870.0,7850.0,7850.0,1863,0.0,0.0
2024-10-08 14:50:00+09:00,7840.0,7840.0,7840.0,7840.0,200,0.0,0.0
2024-10-08 14:55:00+09:00,7840.0,7840.0,7840.0,7840.0,0,0.0,0.0
2024-10-10 09:00:00+09:00,7890.0,7940.0,7820.0,7860.0,0,0.0,0.0
2024-10-10 09:05:00+09:00,7860.0,7870.0,7830.0,7830.0,233,0.0,0.0
2024-10-10 09:10:00+09:00,7830.0,7840.0,7830.0,7840.0,104,0.0,0.0
2024-10-10 09:15:00+09:00,7840.0,7840.0,7830.0,7830.0,1098,0.0,0.0
2024-10-10 09:20:00+09:00,7830.0,7830.0,7820.0,7820.0,0,0.0,0.0
2024-10-10 09:25:00+09:00,7820.0,7840.0,7810.0,7810.0,614,0.0,0.0
2024-10-10 09:30:00+09:00,7800.0,7810.0,7780.0,7780.0,852,0.0,0.0
2024-10-10 09:35:00+09:00,7770.0,7770.0,7740.0,7750.0,344,0.0,0.0
2024-10-10 09:40:00+09:00,7810.0,7810.0,7750.0,7800.0,880,0.0,0.0
2024-10-10 09:45:00+09:00,7770.0,7800.0,7730.0,7740.0,1075,0.0,0.0
2024-10-10 09:55:00+09:00,7740.0,7760.0,7720.0,7720.0,0,0.0,0.0
2024-10-10 10:00:00+09:00,7740.0,7760.0,7730.0,7760.0,14499,0.0,0.0
2024-10-10 10:05:00+09:00,7750.0,7760.0,7750.0,7760.0,81,0.0,0.0
2024-10-10 10:15:00+09:00,7740.0,7740.0,7730.0,7740.0,729,0.0,0.0
2024-10-10 10:20:00+09:00,7740.0,7750.0,7740.0,7750.0,64,0.0,0.0
2024-10-10 10:25:00+09:00,7750.0,7760.0,7750.0,7760.0,60,0.0,0.0
2024-10-10 10:30:00+09:00,7750.0,7750.0,7730.0,7730.0,293,0.0,0.0
2024-10-10 10:35:00+09:00,7730.0,7760.0,7730.0,7760.0,93,0.0,0.0
2024-10-10 10:40:00+09:00,7740.0,7760.0,7740.0,7760.0,160,0.0,0.0
2024-10-10 10:45:00+09:00,7740.0,7740.0,7720.0,7730.0,1570,0.0,0.0
2024-10-10 10:50:00+09:00,7740.0,7740.0,7730.0,7730.0,786,0.0,0.0
2024-10-10 10:55:00+09:00,7720.0,7730.0,7720.0,7730.0,0,0.0,0.0
2024-10-10 11:00:00+09:00,7730.0,7740.0,7720.0,7740.0,439,0.0,0.0
2024-10-10 11:05:00+09:00,7730.0,7760.0,7730.0,7760.0,1416,0.0,0.0
2024-10-10 11:15:00+09:00,7760.0,7780.0,7760.0,7780.0,141,0.0,0.0
2024-10-10 11:20:00+09:00,7740.0,7740.0,7740.0,7740.0,0,0.0,0.0
2024-10-10 11:25:00+09:00,7740.0,7740.0,7740.0,7740.0,1,0.0,0.0
2024-10-10 11:40:00+09:00,7740.0,7740.0,7730.0,7730.0,155,0.0,0.0
2024-10-10 11:45:00+09:00,7730.0,7740.0,7730.0,7740.0,129,0.0,0.0
2024-10-10 11:50:00+09:00,7730.0,7740.0,7710.0,7710.0,857,0.0,0.0
2024-10-10 11:55:00+09:00,7740.0,7740.0,7740.0,7740.0,0,0.0,0.0
2024-10-10 12:00:00+09:00,7740.0,7740.0,7730.0,7730.0,41,0.0,0.0
2024-10-10 12:05:00+09:00,7740.0,7800.0,7740.0,7770.0,1095,0.0,0.0
2024-10-10 12:10:00+09:00,7740.0,7770.0,7740.0,7770.0,175,0.0,0.0
2024-10-10 12:15:00+09:00,7770.0,7770.0,7720.0,7720.0,95,0.0,0.0
2024-10-10 12:20:00+09:00,7720.0,7750.0,7720.0,7750.0,500,0.0,0.0
2024-10-10 12:25:00+09:00,7720.0,7720.0,7710.0,7710.0,711,0.0,0.0
2024-10-10 12:35:00+09:00,7720.0,7740.0,7690.0,7740.0,2077,0.0,0.0
2024-10-10 12:40:00+09:00,7740.0,7740.0,7720.0,7720.0,17,0.0,0.0
2024-10-10 12:45:00+09:00,7720.0,7720.0,7720.0,7720.0,73,0.0,0.0
2024-10-10 12:50:00+09:00,7720.0,7720.0,7720.0,7720.0,199,0.0,0.0
2024-10-10 12:55:00+09:00,7720.0,7720.0,7720.0,7720.0,0,0.0,0.0
2024-10-10 13:00:00+09:00,7720.0,7720.0,7720.0,7720.0,0,0.0,0.0
2024-10-10 13:05:00+09:00,7720.0,7720.0,7720.0,7720.0,51,0.0,0.0
2024-10-10 13:10:00+09:00,7720.0,7720.0,7720.0,7720.0,202,0.0,0.0
2024-10-10 13:15:00+09:00,7740.0,7740.0,7740.0,7740.0,0,0.0,0.0
2024-10-10 13:20:00+09:00,7740.0,7740.0,7740.0,7740.0,3,0.0,0.0
2024-10-10 13:25:00+09:00,7740.0,7740.0,7740.0,7740.0,1,0.0,0.0
2024-10-10 13:30:00+09:00,7720.0,7740.0,7720.0,7740.0,182,0.0,0.0
2024-10-10 13:40:00+09:00,7740.0,7740.0,7720.0,7720.0,48,0.0,0.0
2024-10-10 13:45:00+09:00,7720.0,7720.0,7700.0,7710.0,2266,0.0,0.0
2024-10-10 13:50:00+09:00,7700.0,7700.0,7670.0,7690.0,3928,0.0,0.0
2024-10-10 13:55:00+09:00,7690.0,7690.0,7580.0,7650.0,10988,0.0,0.0
2024-10-10 14:00:00+09:00,7620.0,7650.0,7420.0,7530.0,15798,0.0,0.0
2024-10-10 14:05:00+09:00,7530.0,7530.0,7440.0,7480.0,1921,0.0,0.0
2024-10-10 14:10:00+09:00,7510.0,7510.0,7410.0,7480.0,7443,0.0,0.0
2024-10-10 14:15:00+09:00,7480.0,7480.0,7430.0,7460.0,524,0.0,0.0
2024-10-10 14:20:00+09:00,7450.0,7470.0,7310.0,7450.0,11741,0.0,0.0
2024-10-10 14:25:00+09:00,7450.0,7470.0,7450.0,7460.0,1166,0.0,0.0
2024-10-10 14:30:00+09:00,7460.0,7460.0,7350.0,7370.0,5258,0.0,0.0
2024-10-10 14:35:00+09:00,7380.0,7420.0,7330.0,7420.0,4134,0.0,0.0
2024-10-10 14:40:00+09:00,7420.0,7420.0,7400.0,7420.0,24,0.0,0.0
2024-10-10 14:45:00+09:00,7420.0,7420.0,7400.0,7410.0,144,0.0,0.0
2024-10-10 14:50:00+09:00,7430.0,7430.0,7380.0,7420.0,4901,0.0,0.0
2024-10-10 14:55:00+09:00,7400.0,7420.0,7380.0,7390.0,569,0.0,0.0
2024-10-11 09:00:00+09:00,7460.0,7490.0,7450.0,7490.0,1240,0.0,0.0
2024-10-11 09:05:00+09:00,7450.0,7450.0,7410.0,7440.0,383,0.0,0.0
2024-10-11 09:10:00+09:00,7440.0,7470.0,7400.0,7470.0,556,0.0,0.0
2024-10-11 09:15:00+09:00,7430.0,7460.0,7380.0,7430.0,1514,0.0,0.0
2024-10-11 09:20:00+09:00,7380.0,7410.0,7300.0,7410.0,2121,0.0,0.0
2024-10-11 09:25:00+09:00,7350.0,7420.0,7350.0,7390.0,1005,0.0,0.0
2024-10-11 09:30:00+09:00,7350.0,7370.0,7310.0,7320.0,1140,0.0,0.0
2024-10-11 09:35:00+09:00,7320.0,7350.0,7280.0,7330.0,2537,0.0,0.0
2024-10-11 09:40:00+09:00,7290.0,7320.0,7270.0,7310.0,824,0.0,0.0
2024-10-11 09:45:00+09:00,7300.0,7310.0,7280.0,7290.0,237,0.0,0.0
2024-10-11 09:50:00+09:00,7300.0,7320.0,7270.0,7320.0,1202,0.0,0.0
2024-10-11 09:55:00+09:00,7310.0,7320.0,7270.0,7310.0,1707,0.0,0.0
2024-10-11 10:00:00+09:00,7290.0,7290.0,7230.0,7280.0,2349,0.0,0.0
2024-10-11 10:05:00+09:00,7250.0,7280.0,7240.0,7250.0,566,0.0,0.0
2024-10-11 10:10:00+09:00,7250.0,7280.0,7230.0,7260.0,954,0.0,0.0
2024-10-11 10:15:00+09:00,7250.0,7260.0,7240.0,7250.0,986,0.0,0.0
2024-10-11 10:20:00+09:00,7250.0,7250.0,7210.0,7220.0,3815,0.0,0.0
2024-10-11 10:25:00+09:00,7220.0,7260.0,7200.0,7230.0,231,0.0,0.0
2024-10-11 10:30:00+09:00,7230.0,7260.0,7210.0,7260.0,1152,0.0,0.0
2024-10-11 10:35:00+09:00,7240.0,7240.0,7200.0,7200.0,4423,0.0,0.0
2024-10-11 10:40:00+09:00,7220.0,7250.0,7180.0,7180.0,4242,0.0,0.0
2024-10-11 10:45:00+09:00,7200.0,7230.0,7170.0,7200.0,137,0.0,0.0
2024-10-11 10:50:00+09:00,7190.0,7230.0,7180.0,7230.0,828,0.0,0.0
2024-10-11 10:55:00+09:00,7200.0,7230.0,7180.0,7210.0,693,0.0,0.0
2024-10-11 11:00:00+09:00,7200.0,7220.0,7170.0,7210.0,775,0.0,0.0
2024-10-11 11:05:00+09:00,7200.0,7200.0,7180.0,7180.0,229,0.0,0.0
2024-10-11 11:10:00+09:00,7180.0,7180.0,7170.0,7170.0,2898,0.0,0.0
2024-10-11 11:15:00+09:00,7190.0,7200.0,7170.0,7170.0,1465,0.0,0.0
2024-10-11 11:20:00+09:00,7170.0,7190.0,7160.0,7180.0,1482,0.0,0.0
2024-10-11 11:25:00+09:00,7180.0,7180.0,7160.0,7160.0,623,0.0,0.0
2024-10-11 11:30:00+09:00,7160.0,7160.0,7130.0,7140.0,4533,0.0,0.0
2024-10-11 11:35:00+09:00,7140.0,7140.0,7100.0,7140.0,2535,0.0,0.0
2024-10-11 11:40:00+09:00,7120.0,7170.0,7100.0,7140.0,1323,0.0,0.0
2024-10-11 11:45:00+09:00,7130.0,7170.0,7120.0,7170.0,188,0.0,0.0
2024-10-11 11:50:00+09:00,7130.0,7160.0,7120.0,7120.0,1808,0.0,0.0
2024-10-11 11:55:00+09:00,7130.0,7160.0,7100.0,7160.0,1331,0.0,0.0
2024-10-11 12:00:00+09:00,7120.0,7160.0,7100.0,7100.0,1962,0.0,0.0
2024-10-11 12:05:00+09:00,7100.0,7150.0,7100.0,7150.0,743,0.0,0.0
2024-10-11 12:10:00+09:00,7130.0,7140.0,7110.0,7140.0,1062,0.0,0.0
2024-10-11 12:15:00+09:00,7110.0,7140.0,7110.0,7140.0,556,0.0,0.0
2024-10-11 12:20:00+09:00,7120.0,7120.0,7100.0,7100.0,505,0.0,0.0
2024-10-11 12:25:00+09:00,7120.0,7130.0,7110.0,7130.0,317,0.0,0.0
2024-10-11 12:30:00+09:00,7110.0,7130.0,7090.0,7100.0,683,0.0,0.0
2024-10-11 12:35:00+09:00,7100.0,7130.0,7090.0,7130.0,1921,0.0,0.0
2024-10-11 12:40:00+09:00,7100.0,7130.0,7100.0,7130.0,495,0.0,0.0
2024-10-11 12:45:00+09:00,7100.0,7100.0,7100.0,7100.0,836,0.0,0.0
2024-10-11 12:50:00+09:00,7100.0,7100.0,7080.0,7080.0,3548,0.0,0.0
2024-10-11 12:55:00+09:00,7080.0,7090.0,7080.0,7090.0,707,0.0,0.0
2024-10-11 13:00:00+09:00,7090.0,7090.0,7080.0,7090.0,2475,0.0,0.0
2024-10-11 13:05:00+09:00,7090.0,7100.0,7090.0,7090.0,0,0.0,0.0
2024-10-11 13:10:00+09:00,7090.0,7130.0,7090.0,7130.0,700,0.0,0.0
2024-10-11 13:15:00+09:00,7090.0,7090.0,7080.0,7090.0,4080,0.0,0.0
2024-10-11 13:20:00+09:00,7090.0,7090.0,7070.0,7070.0,1570,0.0,0.0
2024-10-11 13:25:00+09:00,7110.0,7130.0,7070.0,7130.0,194,0.0,0.0
2024-10-11 13:30:00+09:00,7080.0,7130.0,7070.0,7120.0,832,0.0,0.0
2024-10-11 13:35:00+09:00,7100.0,7100.0,7070.0,7070.0,1459,0.0,0.0
2024-10-11 13:40:00+09:00,7060.0,7070.0,7060.0,7060.0,1245,0.0,0.0
2024-10-11 13:45:00+09:00,7070.0,7100.0,7060.0,7060.0,4121,0.0,0.0
2024-10-11 13:50:00+09:00,7070.0,7070.0,7040.0,7070.0,3712,0.0,0.0
2024-10-11 13:55:00+09:00,7040.0,7050.0,7000.0,7010.0,5695,0.0,0.0
2024-10-11 14:00:00+09:00,7010.0,7040.0,7010.0,7020.0,650,0.0,0.0
2024-10-11 14:05:00+09:00,7020.0,7060.0,7010.0,7050.0,1940,0.0,0.0
2024-10-11 14:10:00+09:00,7040.0,7040.0,7000.0,7000.0,9350,0.0,0.0
2024-10-11 14:15:00+09:00,7000.0,7000.0,6970.0,6970.0,2218,0.0,0.0
2024-10-11 14:20:00+09:00,6970.0,7010.0,6950.0,6980.0,2058,0.0,0.0
2024-10-11 14:25:00+09:00,6970.0,7010.0,6960.0,6990.0,582,0.0,0.0
2024-10-11 14:30:00+09:00,6990.0,6990.0,6960.0,6960.0,1469,0.0,0.0
2024-10-11 14:35:00+09:00,6960.0,6960.0,6940.0,6940.0,2272,0.0,0.0
2024-10-11 14:40:00+09:00,6940.0,6940.0,6930.0,6940.0,376,0.0,0.0
2024-10-11 14:45:00+09:00,6940.0,6960.0,6920.0,6920.0,2499,0.0,0.0
2024-10-11 14:50:00+09:00,6930.0,6960.0,6930.0,6950.0,162,0.0,0.0
2024-10-11 14:55:00+09:00,6950.0,6980.0,6950.0,6960.0,1435,0.0,0.0
