Datetime,Open,High,Low,Close,Volume,Dividends,Stock Splits
2024-08-12 09:00:00+09:00,25100.0,25100.0,25100.0,25100.0,0,0.0,0.0
2024-08-12 09:01:00+09:00,25150.0,25200.0,25150.0,25200.0,27,0.0,0.0
2024-08-12 09:02:00+09:00,25150.0,25250.0,25150.0,25150.0,133,0.0,0.0
2024-08-12 09:03:00+09:00,25250.0,25500.0,25250.0,25300.0,505,0.0,0.0
2024-08-12 09:04:00+09:00,25350.0,25350.0,25300.0,25300.0,614,0.0,0.0
2024-08-12 09:07:00+09:00,25600.0,25650.0,25600.0,25650.0,33,0.0,0.0
2024-08-12 09:08:00+09:00,25650.0,25900.0,25650.0,25800.0,104,0.0,0.0
2024-08-12 09:09:00+09:00,25900.0,26150.0,25850.0,25900.0,259,0.0,0.0
2024-08-12 09:10:00+09:00,26150.0,26200.0,25950.0,25950.0,43,0.0,0.0
2024-08-12 09:11:00+09:00,25950.0,26000.0,25950.0,26000.0,229,0.0,0.0
2024-08-12 09:12:00+09:00,26000.0,26000.0,26000.0,26000.0,0,0.0,0.0
2024-08-12 09:13:00+09:00,26050.0,26100.0,26050.0,26100.0,0,0.0,0.0
2024-08-12 09:14:00+09:00,26050.0,26050.0,26050.0,26050.0,16,0.0,0.0
2024-08-12 09:15:00+09:00,26050.0,26400.0,26000.0,26050.0,564,0.0,0.0
2024-08-12 09:16:00+09:00,26300.0,26500.0,26050.0,26200.0,669,0.0,0.0
2024-08-12 09:17:00+09:00,26200.0,26400.0,26200.0,26400.0,32,0.0,0.0
2024-08-12 09:18:00+09:00,26250.0,26400.0,26250.0,26400.0,80,0.0,0.0
2024-08-12 09:19:00+09:00,26300.0,26300.0,26300.0,26300.0,688,0.0,0.0
2024-08-12 09:20:00+09:00,26300.0,26300.0,26250.0,26250.0,139,0.0,0.0
2024-08-12 09:21:00+09:00,26250.0,26600.0,26250.0,26350.0,694,0.0,0.0
2024-08-12 09:22:00+09:00,26350.0,26600.0,26350.0,26600.0,175,0.0,0.0
2024-08-12 09:24:00+09:00,26450.0,26450.0,26300.0,26300.0,516,0.0,0.0
2024-08-12 09:25:00+09:00,26300.0,26300.0,26250.0,26250.0,33,0.0,0.0
2024-08-12 09:26:00+09:00,26250.0,26250.0,26200.0,26200.0,137,0.0,0.0
2024-08-12 09:27:00+09:00,26200.0,26200.0,26000.0,26000.0,358,0.0,0.0
2024-08-12 09:28:00+09:00,26200.0,26200.0,26200.0,26200.0,0,0.0,0.0
2024-08-12 09:29:00+09:00,26250.0,26250.0,26250.0,26250.0,0,0.0,0.0
2024-08-12 09:30:00+09:00,26300.0,26300.0,26300.0,26300.0,0,0.0,0.0
2024-08-12 09:31:00+09:00,26300.0,26300.0,26300.0,26300.0,17,0.0,0.0
2024-08-12 09:32:00+09:00,26300.0,26300.0,26300.0,26300.0,41,0.0,0.0
2024-08-12 09:33:00+09:00,26400.0,26400.0,26300.0,26400.0,183,0.0,0.0
2024-08-12 09:34:00+09:00,26300.0,26300.0,26300.0,26300.0,0,0.0,0.0
2024-08-12 09:35:00+09:00,26350.0,26350.0,26350.0,26350.0,1,0.0,0.0
2024-08-12 09:36:00+09:00,26300.0,26300.0,26250.0,26250.0,236,0.0,0.0
2024-08-12 09:37:00+09:00,26300.0,26300.0,26300.0,26300.0,0,0.0,0.0
2024-08-12 09:39:00+09:00,26300.0,26300.0,26300.0,26300.0,103,0.0,0.0
2024-08-12 09:40:00+09:00,26350.0,26350.0,26350.0,26350.0,7,0.0,0.0
2024-08-12 09:41:00+09:00,26350.0,26400.0,26350.0,26350.0,414,0.0,0.0
2024-08-12 09:43:00+09:00,26450.0,26450.0,26450.0,26450.0,0,0.0,0.0
2024-08-12 09:44:00+09:00,26400.0,26400.0,26400.0,26400.0,7,0.0,0.0
2024-08-12 09:45:00+09:00,26350.0,26350.0,26350.0,26350.0,197,0.0,0.0
2024-08-12 09:46:00+09:00,26450.0,26450.0,26450.0,26450.0,2,0.0,0.0
2024-08-12 09:47:00+09:00,26450.0,26600.0,26450.0,26500.0,727,0.0,0.0
2024-08-12 09:48:00+09:00,26500.0,26600.0,26500.0,26600.0,115,0.0,0.0
2024-08-12 09:49:00+09:00,26600.0,26600.0,26600.0,26600.0,221,0.0,0.0
2024-08-12 09:50:00+09:00,26600.0,26600.0,26550.0,26550.0,704,0.0,0.0
2024-08-12 09:51:00+09:00,26500.0,26500.0,26450.0,26450.0,56,0.0,0.0
2024-08-12 09:52:00+09:00,26450.0,26450.0,26400.0,26450.0,119,0.0,0.0
2024-08-12 09:53:00+09:00,26450.0,26450.0,26450.0,26450.0,2,0.0,0.0
2024-08-12 09:54:00+09:00,26450.0,26450.0,26450.0,26450.0,3,0.0,0.0
2024-08-12 09:55:00+09:00,26400.0,26450.0,26400.0,26450.0,40,0.0,0.0
2024-08-12 09:56:00+09:00,26450.0,26450.0,26450.0,26450.0,25,0.0,0.0
2024-08-12 09:57:00+09:00,26450.0,26450.0,26450.0,26450.0,340,0.0,0.0
2024-08-12 09:58:00+09:00,26450.0,26450.0,26400.0,26400.0,338,0.0,0.0
2024-08-12 09:59:00+09:00,26350.0,26400.0,26350.0,26400.0,179,0.0,0.0
2024-08-12 10:00:00+09:00,26350.0,26350.0,26300.0,26300.0,1505,0.0,0.0
2024-08-12 10:01:00+09:00,26250.0,26300.0,26250.0,26300.0,12,0.0,0.0
2024-08-12 10:02:00+09:00,26300.0,26300.0,26250.0,26300.0,23,0.0,0.0
2024-08-12 10:04:00+09:00,26250.0,26250.0,26100.0,26100.0,69,0.0,0.0
2024-08-12 10:05:00+09:00,26200.0,26200.0,26200.0,26200.0,42,0.0,0.0
2024-08-12 10:06:00+09:00,26100.0,26100.0,26100.0,26100.0,89,0.0,0.0
2024-08-12 10:07:00+09:00,26300.0,26300.0,26200.0,26200.0,0,0.0,0.0
2024-08-12 10:08:00+09:00,26200.0,26200.0,26200.0,26200.0,36,0.0,0.0
2024-08-12 10:09:00+09:00,26200.0,26200.0,26200.0,26200.0,0,0.0,0.0
2024-08-12 10:10:00+09:00,26200.0,26200.0,26200.0,26200.0,27,0.0,0.0
2024-08-12 10:11:00+09:00,26300.0,26300.0,26300.0,26300.0,0,0.0,0.0
2024-08-12 10:12:00+09:00,26250.0,26300.0,26200.0,26300.0,3,0.0,0.0
2024-08-12 10:13:00+09:00,26300.0,26300.0,26300.0,26300.0,118,0.0,0.0
2024-08-12 10:14:00+09:00,26350.0,26350.0,26350.0,26350.0,135,0.0,0.0
2024-08-12 10:15:00+09:00,26400.0,26400.0,26400.0,26400.0,0,0.0,0.0
2024-08-12 10:16:00+09:00,26400.0,26400.0,26350.0,26350.0,18,0.0,0.0
2024-08-12 10:17:00+09:00,26400.0,26400.0,26400.0,26400.0,45,0.0,0.0
2024-08-12 10:18:00+09:00,26400.0,26400.0,26400.0,26400.0,0,0.0,0.0
2024-08-12 10:19:00+09:00,26350.0,26350.0,26350.0,26350.0,141,0.0,0.0
2024-08-12 10:20:00+09:00,26350.0,26350.0,26350.0,26350.0,1,0.0,0.0
2024-08-12 10:21:00+09:00,26300.0,26300.0,26300.0,26300.0,25,0.0,0.0
2024-08-12 10:22:00+09:00,26300.0,26350.0,26300.0,26300.0,58,0.0,0.0
2024-08-12 10:23:00+09:00,26300.0,26300.0,26300.0,26300.0,7,0.0,0.0
2024-08-12 10:24:00+09:00,26300.0,26350.0,26300.0,26350.0,358,0.0,0.0
2024-08-12 10:25:00+09:00,26400.0,26400.0,26400.0,26400.0,58,0.0,0.0
2024-08-12 10:26:00+09:00,26350.0,26350.0,26350.0,26350.0,0,0.0,0.0
2024-08-12 10:27:00+09:00,26350.0,26350.0,26050.0,26050.0,216,0.0,0.0
2024-08-12 10:28:00+09:00,26100.0,26100.0,26100.0,26100.0,3,0.0,0.0
2024-08-12 10:29:00+09:00,26200.0,26200.0,26150.0,26150.0,1,0.0,0.0
2024-08-12 10:30:00+09:00,26150.0,26150.0,26150.0,26150.0,205,0.0,0.0
2024-08-12 10:31:00+09:00,26250.0,26300.0,26250.0,26300.0,138,0.0,0.0
2024-08-12 10:32:00+09:00,26250.0,26250.0,26250.0,26250.0,3,0.0,0.0
2024-08-12 10:33:00+09:00,26300.0,26300.0,26300.0,26300.0,0,0.0,0.0
2024-08-12 10:35:00+09:00,26300.0,26300.0,26300.0,26300.0,1,0.0,0.0
2024-08-12 10:36:00+09:00,26250.0,26250.0,26100.0,26100.0,175,0.0,0.0
2024-08-12 10:40:00+09:00,26300.0,26300.0,26300.0,26300.0,3,0.0,0.0
2024-08-12 10:41:00+09:00,26300.0,26300.0,26300.0,26300.0,0,0.0,0.0
2024-08-12 10:42:00+09:00,26350.0,26350.0,26350.0,26350.0,13354,0.0,0.0
2024-08-12 10:43:00+09:00,26350.0,26350.0,26350.0,26350.0,365,0.0,0.0
2024-08-12 10:44:00+09:00,26350.0,26350.0,26350.0,26350.0,120,0.0,0.0
2024-08-12 10:46:00+09:00,26350.0,26400.0,26350.0,26400.0,104,0.0,0.0
2024-08-12 10:47:00+09:00,26400.0,26400.0,26350.0,26350.0,4,0.0,0.0
2024-08-12 10:48:00+09:00,26350.0,26350.0,26350.0,26350.0,118,0.0,0.0
2024-08-12 10:49:00+09:00,26400.0,26400.0,26400.0,26400.0,4,0.0,0.0
2024-08-12 10:50:00+09:00,26350.0,26350.0,26350.0,26350.0,82,0.0,0.0
2024-08-12 10:51:00+09:00,26300.0,26350.0,26300.0,26350.0,95,0.0,0.0
2024-08-12 10:53:00+09:00,26400.0,26450.0,26400.0,26450.0,517,0.0,0.0
2024-08-12 10:54:00+09:00,26450.0,26600.0,26450.0,26600.0,101,0.0,0.0
2024-08-12 10:55:00+09:00,26450.0,26450.0,26400.0,26400.0,36,0.0,0.0
2024-08-12 10:56:00+09:00,26500.0,26500.0,26500.0,26500.0,13,0.0,0.0
2024-08-12 10:57:00+09:00,26450.0,26450.0,26450.0,26450.0,15,0.0,0.0
2024-08-12 11:00:00+09:00,26500.0,26500.0,26350.0,26350.0,372,0.0,0.0
2024-08-12 11:01:00+09:00,26350.0,26350.0,26350.0,26350.0,60,0.0,0.0
2024-08-12 11:02:00+09:00,26450.0,26450.0,26450.0,26450.0,0,0.0,0.0
2024-08-12 11:03:00+09:00,26350.0,26350.0,26350.0,26350.0,2,0.0,0.0
2024-08-12 11:04:00+09:00,26350.0,26350.0,26350.0,26350.0,57,0.0,0.0
2024-08-12 11:05:00+09:00,26400.0,26400.0,26350.0,26350.0,62,0.0,0.0
2024-08-12 11:07:00+09:00,26350.0,26350.0,26350.0,26350.0,0,0.0,0.0
2024-08-12 11:08:00+09:00,26400.0,26400.0,26400.0,26400.0,4,0.0,0.0
2024-08-12 11:09:00+09:00,26400.0,26400.0,26350.0,26400.0,33,0.0,0.0
2024-08-12 11:10:00+09:00,26350.0,26350.0,26350.0,26350.0,53,0.0,0.0
2024-08-12 11:12:00+09:00,26350.0,26350.0,26350.0,26350.0,82,0.0,0.0
2024-08-12 11:13:00+09:00,26350.0,26350.0,26350.0,26350.0,0,0.0,0.0
2024-08-12 11:16:00+09:00,26350.0,26350.0,26350.0,26350.0,1,0.0,0.0
2024-08-12 11:18:00+09:00,26350.0,26350.0,26300.0,26300.0,219,0.0,0.0
2024-08-12 11:19:00+09:00,26300.0,26300.0,26300.0,26300.0,0,0.0,0.0
2024-08-12 11:20:00+09:00,26350.0,26350.0,26350.0,26350.0,0,0.0,0.0
2024-08-12 11:22:00+09:00,26350.0,26400.0,26350.0,26400.0,49,0.0,0.0
2024-08-12 11:23:00+09:00,26400.0,26400.0,26400.0,26400.0,2,0.0,0.0
2024-08-12 11:24:00+09:00,26400.0,26400.0,26400.0,26400.0,13,0.0,0.0
2024-08-12 11:25:00+09:00,26400.0,26450.0,26400.0,26450.0,40,0.0,0.0
2024-08-12 11:28:00+09:00,26450.0,26450.0,26450.0,26450.0,37,0.0,0.0
2024-08-12 11:29:00+09:00,26450.0,26500.0,26450.0,26500.0,0,0.0,0.0
2024-08-12 11:31:00+09:00,26500.0,26500.0,26500.0,26500.0,2,0.0,0.0
2024-08-12 11:33:00+09:00,26500.0,26550.0,26500.0,26550.0,51,0.0,0.0
2024-08-12 11:34:00+09:00,26550.0,26550.0,26500.0,26550.0,256,0.0,0.0
2024-08-12 11:36:00+09:00,26500.0,26500.0,26500.0,26500.0,1,0.0,0.0
2024-08-12 11:38:00+09:00,26500.0,26500.0,26500.0,26500.0,2,0.0,0.0
2024-08-12 11:40:00+09:00,26550.0,26550.0,26550.0,26550.0,2,0.0,0.0
2024-08-12 11:42:00+09:00,26450.0,26450.0,26450.0,26450.0,145,0.0,0.0
2024-08-12 11:45:00+09:00,26450.0,26450.0,26450.0,26450.0,0,0.0,0.0
2024-08-12 11:47:00+09:00,26450.0,26450.0,26400.0,26400.0,16,0.0,0.0
2024-08-12 11:49:00+09:00,26450.0,26450.0,26450.0,26450.0,0,0.0,0.0
2024-08-12 11:51:00+09:00,26450.0,26450.0,26450.0,26450.0,0,0.0,0.0
2024-08-12 11:54:00+09:00,26450.0,26450.0,26450.0,26450.0,2,0.0,0.0
2024-08-12 11:55:00+09:00,26400.0,26400.0,26400.0,26400.0,1,0.0,0.0
2024-08-12 11:56:00+09:00,26450.0,26450.0,26450.0,26450.0,1,0.0,0.0
2024-08-12 11:58:00+09:00,26450.0,26450.0,26450.0,26450.0,1,0.0,0.0
2024-08-12 12:00:00+09:00,26450.0,26450.0,26450.0,26450.0,1,0.0,0.0
2024-08-12 12:02:00+09:00,26450.0,26450.0,26450.0,26450.0,0,0.0,0.0
2024-08-12 12:05:00+09:00,26450.0,26450.0,26450.0,26450.0,2,0.0,0.0
2024-08-12 12:06:00+09:00,26400.0,26400.0,26400.0,26400.0,247,0.0,0.0
2024-08-12 12:07:00+09:00,26450.0,26450.0,26450.0,26450.0,0,0.0,0.0
2024-08-12 12:08:00+09:00,26450.0,26450.0,26450.0,26450.0,6,0.0,0.0
2024-08-12 12:09:00+09:00,26450.0,26450.0,26450.0,26450.0,0,0.0,0.0
2024-08-12 12:11:00+09:00,26450.0,26450.0,26450.0,26450.0,4,0.0,0.0
2024-08-12 12:12:00+09:00,26450.0,26450.0,26450.0,26450.0,1,0.0,0.0
2024-08-12 12:14:00+09:00,26400.0,26450.0,26400.0,26450.0,84,0.0,0.0
2024-08-12 12:16:00+09:00,26450.0,26450.0,26450.0,26450.0,0,0.0,0.0
2024-08-12 12:18:00+09:00,26400.0,26400.0,26350.0,26350.0,910,0.0,0.0
2024-08-12 12:19:00+09:00,26300.0,26300.0,26300.0,26300.0,39,0.0,0.0
2024-08-12 12:20:00+09:00,26300.0,26300.0,26200.0,26250.0,213,0.0,0.0
2024-08-12 12:22:00+09:00,26200.0,26250.0,26200.0,26250.0,826,0.0,0.0
2024-08-12 12:23:00+09:00,26200.0,26200.0,26200.0,26200.0,2,0.0,0.0
2024-08-12 12:25:00+09:00,26200.0,26200.0,26200.0,26200.0,1,0.0,0.0
2024-08-12 12:27:00+09:00,26200.0,26200.0,26200.0,26200.0,57,0.0,0.0
2024-08-12 12:29:00+09:00,26200.0,26200.0,26200.0,26200.0,0,0.0,0.0
2024-08-12 12:30:00+09:00,26150.0,26150.0,26100.0,26100.0,461,0.0,0.0
2024-08-12 12:31:00+09:00,26150.0,26150.0,26150.0,26150.0,0,0.0,0.0
2024-08-12 12:34:00+09:00,26150.0,26150.0,26100.0,26100.0,51,0.0,0.0
2024-08-12 12:36:00+09:00,26150.0,26150.0,26150.0,26150.0,0,0.0,0.0
2024-08-12 12:37:00+09:00,26150.0,26150.0,26150.0,26150.0,9,0.0,0.0
2024-08-12 12:38:00+09:00,26150.0,26150.0,26000.0,26000.0,1314,0.0,0.0
2024-08-12 12:39:00+09:00,26050.0,26050.0,25950.0,25950.0,123,0.0,0.0
2024-08-12 12:43:00+09:00,26150.0,26150.0,26150.0,26150.0,0,0.0,0.0
2024-08-12 12:45:00+09:00,26150.0,26150.0,26150.0,26150.0,3,0.0,0.0
2024-08-12 12:47:00+09:00,26100.0,26100.0,26000.0,26000.0,31,0.0,0.0
2024-08-12 12:49:00+09:00,26000.0,26000.0,26000.0,26000.0,3,0.0,0.0
2024-08-12 12:50:00+09:00,26000.0,26000.0,26000.0,26000.0,3,0.0,0.0
2024-08-12 12:52:00+09:00,26150.0,26150.0,26150.0,26150.0,1,0.0,0.0
2024-08-12 12:54:00+09:00,26150.0,26150.0,26100.0,26100.0,3,0.0,0.0
2024-08-12 12:55:00+09:00,26150.0,26150.0,26150.0,26150.0,19,0.0,0.0
2024-08-12 12:56:00+09:00,26100.0,26100.0,26100.0,26100.0,0,0.0,0.0
2024-08-12 12:57:00+09:00,26050.0,26050.0,25950.0,25950.0,73,0.0,0.0
2024-08-12 12:58:00+09:00,25900.0,26100.0,25900.0,26100.0,13,0.0,0.0
2024-08-12 13:00:00+09:00,26050.0,26050.0,26050.0,26050.0,0,0.0,0.0
2024-08-12 13:01:00+09:00,26050.0,26050.0,26050.0,26050.0,16,0.0,0.0
2024-08-12 13:03:00+09:00,26050.0,26050.0,25900.0,25900.0,24,0.0,0.0
2024-08-12 13:06:00+09:00,25950.0,25950.0,25900.0,25900.0,321,0.0,0.0
2024-08-12 13:09:00+09:00,26050.0,26050.0,26050.0,26050.0,2,0.0,0.0
2024-08-12 13:10:00+09:00,25950.0,25950.0,25950.0,25950.0,1,0.0,0.0
2024-08-12 13:12:00+09:00,26000.0,26000.0,26000.0,26000.0,1,0.0,0.0
2024-08-12 13:14:00+09:00,26000.0,26000.0,25950.0,25950.0,52,0.0,0.0
2024-08-12 13:17:00+09:00,26000.0,26000.0,26000.0,26000.0,0,0.0,0.0
2024-08-12 13:18:00+09:00,26000.0,26000.0,26000.0,26000.0,2,0.0,0.0
2024-08-12 13:20:00+09:00,26000.0,26000.0,26000.0,26000.0,16,0.0,0.0
2024-08-12 13:21:00+09:00,26050.0,26050.0,26050.0,26050.0,0,0.0,0.0
2024-08-12 13:23:00+09:00,26050.0,26050.0,26050.0,26050.0,2,0.0,0.0
2024-08-12 13:24:00+09:00,26050.0,26050.0,26050.0,26050.0,1,0.0,0.0
2024-08-12 13:25:00+09:00,26050.0,26050.0,26050.0,26050.0,1,0.0,0.0
2024-08-12 13:27:00+09:00,26050.0,26050.0,26050.0,26050.0,4,0.0,0.0
2024-08-12 13:29:00+09:00,26050.0,26050.0,26050.0,26050.0,1,0.0,0.0
2024-08-12 13:32:00+09:00,26050.0,26050.0,26000.0,26050.0,33,0.0,0.0
2024-08-12 13:34:00+09:00,26050.0,26050.0,26050.0,26050.0,196,0.0,0.0
2024-08-12 13:36:00+09:00,26100.0,26100.0,26050.0,26050.0,0,0.0,0.0
2024-08-12 13:38:00+09:00,26100.0,26100.0,26100.0,26100.0,3,0.0,0.0
2024-08-12 13:40:00+09:00,26100.0,26100.0,26100.0,26100.0,20,0.0,0.0
2024-08-12 13:41:00+09:00,26100.0,26150.0,26100.0,26150.0,0,0.0,0.0
2024-08-12 13:43:00+09:00,26050.0,26100.0,26050.0,26100.0,3,0.0,0.0
2024-08-12 13:46:00+09:00,26100.0,26200.0,26100.0,26200.0,420,0.0,0.0
2024-08-12 13:47:00+09:00,26350.0,26350.0,26350.0,26350.0,50,0.0,0.0
2024-08-12 13:48:00+09:00,26350.0,26350.0,26350.0,26350.0,0,0.0,0.0
2024-08-12 13:50:00+09:00,26350.0,26350.0,26350.0,26350.0,2,0.0,0.0
2024-08-12 13:52:00+09:00,26300.0,26300.0,26300.0,26300.0,1,0.0,0.0
2024-08-12 13:54:00+09:00,26200.0,26200.0,26200.0,26200.0,2,0.0,0.0
2024-08-12 13:56:00+09:00,26150.0,26150.0,26150.0,26150.0,109,0.0,0.0
2024-08-12 13:57:00+09:00,26200.0,26200.0,26200.0,26200.0,0,0.0,0.0
2024-08-12 14:01:00+09:00,26300.0,26300.0,26250.0,26300.0,7,0.0,0.0
2024-08-12 14:03:00+09:00,26200.0,26200.0,26200.0,26200.0,29,0.0,0.0
2024-08-12 14:06:00+09:00,26200.0,26200.0,26150.0,26150.0,314,0.0,0.0
2024-08-12 14:08:00+09:00,26200.0,26200.0,26200.0,26200.0,2,0.0,0.0
2024-08-12 14:09:00+09:00,26150.0,26200.0,26150.0,26200.0,2,0.0,0.0
2024-08-12 14:10:00+09:00,26200.0,26200.0,26200.0,26200.0,2,0.0,0.0
2024-08-12 14:11:00+09:00,26200.0,26200.0,26200.0,26200.0,20,0.0,0.0
2024-08-12 14:12:00+09:00,26200.0,26200.0,26200.0,26200.0,1,0.0,0.0
2024-08-12 14:14:00+09:00,26200.0,26200.0,26200.0,26200.0,56,0.0,0.0
2024-08-12 14:16:00+09:00,26150.0,26150.0,26100.0,26100.0,228,0.0,0.0
2024-08-12 14:19:00+09:00,26200.0,26200.0,26200.0,26200.0,2,0.0,0.0
2024-08-12 14:21:00+09:00,26200.0,26200.0,26200.0,26200.0,56,0.0,0.0
2024-08-12 14:22:00+09:00,26200.0,26200.0,26200.0,26200.0,66,0.0,0.0
2024-08-12 14:23:00+09:00,26200.0,26200.0,26200.0,26200.0,2,0.0,0.0
2024-08-12 14:25:00+09:00,26200.0,26200.0,26200.0,26200.0,1,0.0,0.0
2024-08-12 14:27:00+09:00,26200.0,26200.0,26150.0,26150.0,7,0.0,0.0
2024-08-12 14:29:00+09:00,26150.0,26150.0,26150.0,26150.0,171,0.0,0.0
2024-08-12 14:30:00+09:00,26250.0,26250.0,26250.0,26250.0,274,0.0,0.0
2024-08-12 14:31:00+09:00,26300.0,26300.0,26300.0,26300.0,0,0.0,0.0
2024-08-12 14:32:00+09:00,26300.0,26300.0,26300.0,26300.0,0,0.0,0.0
2024-08-12 14:33:00+09:00,26300.0,26300.0,26300.0,26300.0,100,0.0,0.0
2024-08-12 14:34:00+09:00,26300.0,26300.0,26300.0,26300.0,0,0.0,0.0
2024-08-12 14:35:00+09:00,26300.0,26300.0,26300.0,26300.0,23,0.0,0.0
2024-08-12 14:36:00+09:00,26300.0,26300.0,26300.0,26300.0,0,0.0,0.0
2024-08-12 14:37:00+09:00,26300.0,26300.0,26300.0,26300.0,39,0.0,0.0
2024-08-12 14:38:00+09:00,26300.0,26300.0,26300.0,26300.0,62,0.0,0.0
2024-08-12 14:39:00+09:00,26300.0,26300.0,26300.0,26300.0,0,0.0,0.0
2024-08-12 14:41:00+09:00,26300.0,26300.0,26300.0,26300.0,1,0.0,0.0
2024-08-12 14:42:00+09:00,26250.0,26250.0,26250.0,26250.0,151,0.0,0.0
2024-08-12 14:43:00+09:00,26300.0,26300.0,26300.0,26300.0,0,0.0,0.0
2024-08-12 14:44:00+09:00,26300.0,26300.0,26300.0,26300.0,9,0.0,0.0
2024-08-12 14:48:00+09:00,26300.0,26300.0,26300.0,26300.0,0,0.0,0.0
2024-08-12 14:49:00+09:00,26300.0,26300.0,26300.0,26300.0,60,0.0,0.0
2024-08-12 14:50:00+09:00,26300.0,26300.0,26300.0,26300.0,0,0.0,0.0
2024-08-12 14:52:00+09:00,26300.0,26300.0,26250.0,26300.0,50,0.0,0.0
2024-08-12 14:54:00+09:00,26300.0,26300.0,26300.0,26300.0,2,0.0,0.0
2024-08-12 14:56:00+09:00,26300.0,26300.0,26300.0,26300.0,1,0.0,0.0
2024-08-12 14:58:00+09:00,26300.0,26300.0,26300.0,26300.0,56,0.0,0.0
2024-08-12 14:59:00+09:00,26300.0,26300.0,26250.0,26250.0,62,0.0,0.0
2024-08-13 09:00:00+09:00,26050.0,26050.0,26050.0,26050.0,339,0.0,0.0
2024-08-13 09:01:00+09:00,26050.0,26100.0,26050.0,26100.0,54,0.0,0.0
2024-08-13 09:02:00+09:00,26100.0,26350.0,26100.0,26350.0,135,0.0,0.0
2024-08-13 09:04:00+09:00,26250.0,26300.0,26250.0,26300.0,719,0.0,0.0
2024-08-13 09:05:00+09:00,26300.0,26300.0,26300.0,26300.0,22,0.0,0.0
2024-08-13 09:06:00+09:00,26300.0,26400.0,26200.0,26400.0,834,0.0,0.0
2024-08-13 09:07:00+09:00,26300.0,26400.0,26200.0,26400.0,479,0.0,0.0
2024-08-13 09:08:00+09:00,26200.0,26400.0,26200.0,26400.0,0,0.0,0.0
2024-08-13 09:09:00+09:00,26400.0,26400.0,26400.0,26400.0,205,0.0,0.0
2024-08-13 09:10:00+09:00,26400.0,26400.0,26400.0,26400.0,1,0.0,0.0
2024-08-13 09:11:00+09:00,26400.0,26400.0,26300.0,26300.0,296,0.0,0.0
2024-08-13 09:12:00+09:00,26300.0,26450.0,26250.0,26250.0,1,0.0,0.0
2024-08-13 09:13:00+09:00,26300.0,26550.0,26300.0,26450.0,78,0.0,0.0
2024-08-13 09:14:00+09:00,26550.0,26550.0,26450.0,26450.0,13,0.0,0.0
2024-08-13 09:15:00+09:00,26450.0,26450.0,26350.0,26350.0,72,0.0,0.0
2024-08-13 09:16:00+09:00,26350.0,26350.0,26350.0,26350.0,20,0.0,0.0
2024-08-13 09:17:00+09:00,26350.0,26350.0,26350.0,26350.0,0,0.0,0.0
2024-08-13 09:19:00+09:00,26350.0,26350.0,26350.0,26350.0,340,0.0,0.0
2024-08-13 09:20:00+09:00,26450.0,26450.0,26400.0,26400.0,0,0.0,0.0
2024-08-13 09:21:00+09:00,26500.0,26500.0,26450.0,26450.0,0,0.0,0.0
2024-08-13 09:25:00+09:00,26450.0,26500.0,26450.0,26500.0,2,0.0,0.0
2024-08-13 09:26:00+09:00,26550.0,26600.0,26500.0,26600.0,275,0.0,0.0
2024-08-13 09:27:00+09:00,26600.0,26700.0,26500.0,26550.0,0,0.0,0.0
2024-08-13 09:28:00+09:00,26550.0,26550.0,26550.0,26550.0,7,0.0,0.0
2024-08-13 09:29:00+09:00,26550.0,26550.0,26550.0,26550.0,433,0.0,0.0
2024-08-13 09:30:00+09:00,26500.0,26500.0,26500.0,26500.0,0,0.0,0.0
2024-08-13 09:31:00+09:00,26500.0,26500.0,26500.0,26500.0,0,0.0,0.0
2024-08-13 09:32:00+09:00,26500.0,26550.0,26500.0,26500.0,165,0.0,0.0
2024-08-13 09:33:00+09:00,26450.0,26450.0,26400.0,26400.0,496,0.0,0.0
2024-08-13 09:34:00+09:00,26400.0,26400.0,26400.0,26400.0,203,0.0,0.0
2024-08-13 09:35:00+09:00,26450.0,26450.0,26450.0,26450.0,39,0.0,0.0
2024-08-13 09:36:00+09:00,26450.0,26450.0,26450.0,26450.0,268,0.0,0.0
2024-08-13 09:37:00+09:00,26500.0,26500.0,26350.0,26350.0,314,0.0,0.0
2024-08-13 09:40:00+09:00,26350.0,26350.0,26350.0,26350.0,0,0.0,0.0
2024-08-13 09:41:00+09:00,26350.0,26350.0,26300.0,26300.0,1102,0.0,0.0
2024-08-13 09:42:00+09:00,26300.0,26300.0,26300.0,26300.0,78,0.0,0.0
2024-08-13 09:43:00+09:00,26300.0,26300.0,26300.0,26300.0,195,0.0,0.0
2024-08-13 09:47:00+09:00,26350.0,26350.0,26350.0,26350.0,0,0.0,0.0
2024-08-13 09:49:00+09:00,26350.0,26350.0,26350.0,26350.0,32,0.0,0.0
2024-08-13 09:50:00+09:00,26350.0,26350.0,26350.0,26350.0,19,0.0,0.0
2024-08-13 09:51:00+09:00,26350.0,26450.0,26350.0,26450.0,7,0.0,0.0
2024-08-13 09:52:00+09:00,26450.0,26500.0,26450.0,26500.0,146,0.0,0.0
2024-08-13 09:53:00+09:00,26550.0,26550.0,26550.0,26550.0,0,0.0,0.0
2024-08-13 09:54:00+09:00,26500.0,26500.0,26500.0,26500.0,216,0.0,0.0
2024-08-13 09:55:00+09:00,26500.0,26500.0,26500.0,26500.0,19,0.0,0.0
2024-08-13 09:56:00+09:00,26500.0,26500.0,26500.0,26500.0,0,0.0,0.0
2024-08-13 09:57:00+09:00,26500.0,26550.0,26500.0,26500.0,108,0.0,0.0
2024-08-13 09:58:00+09:00,26450.0,26450.0,26450.0,26450.0,125,0.0,0.0
2024-08-13 10:00:00+09:00,26450.0,26450.0,26350.0,26350.0,24,0.0,0.0
2024-08-13 10:04:00+09:00,26350.0,26350.0,26300.0,26300.0,400,0.0,0.0
2024-08-13 10:06:00+09:00,26300.0,26300.0,26300.0,26300.0,74,0.0,0.0
2024-08-13 10:07:00+09:00,26450.0,26450.0,26450.0,26450.0,478,0.0,0.0
2024-08-13 10:10:00+09:00,26400.0,26400.0,26400.0,26400.0,34,0.0,0.0
2024-08-13 10:12:00+09:00,26300.0,26300.0,26300.0,26300.0,587,0.0,0.0
2024-08-13 10:13:00+09:00,26300.0,26300.0,26300.0,26300.0,0,0.0,0.0
2024-08-13 10:14:00+09:00,26300.0,26300.0,26300.0,26300.0,116,0.0,0.0
2024-08-13 10:15:00+09:00,26300.0,26300.0,26300.0,26300.0,0,0.0,0.0
2024-08-13 10:17:00+09:00,26350.0,26350.0,26350.0,26350.0,40,0.0,0.0
2024-08-13 10:21:00+09:00,26350.0,26350.0,26350.0,26350.0,386,0.0,0.0
2024-08-13 10:22:00+09:00,26350.0,26350.0,26350.0,26350.0,0,0.0,0.0
2024-08-13 10:23:00+09:00,26300.0,26300.0,26300.0,26300.0,0,0.0,0.0
2024-08-13 10:26:00+09:00,26350.0,26350.0,26350.0,26350.0,109,0.0,0.0
2024-08-13 10:27:00+09:00,26400.0,26400.0,26400.0,26400.0,5,0.0,0.0
2024-08-13 10:34:00+09:00,26400.0,26500.0,26400.0,26500.0,271,0.0,0.0
2024-08-13 10:35:00+09:00,26500.0,26500.0,26500.0,26500.0,5,0.0,0.0
2024-08-13 10:38:00+09:00,26500.0,26500.0,26400.0,26400.0,59,0.0,0.0
2024-08-13 10:41:00+09:00,26400.0,26400.0,26400.0,26400.0,8,0.0,0.0
2024-08-13 10:44:00+09:00,26300.0,26300.0,26300.0,26300.0,17,0.0,0.0
2024-08-13 10:49:00+09:00,26350.0,26350.0,26250.0,26250.0,174,0.0,0.0
2024-08-13 10:51:00+09:00,26250.0,26250.0,26250.0,26250.0,4,0.0,0.0
2024-08-13 10:52:00+09:00,26250.0,26250.0,26250.0,26250.0,12,0.0,0.0
2024-08-13 10:55:00+09:00,26250.0,26250.0,26250.0,26250.0,2,0.0,0.0
2024-08-13 10:57:00+09:00,26250.0,26250.0,26250.0,26250.0,3,0.0,0.0
2024-08-13 10:59:00+09:00,26250.0,26250.0,26250.0,26250.0,378,0.0,0.0
2024-08-13 11:00:00+09:00,26250.0,26250.0,26250.0,26250.0,0,0.0,0.0
2024-08-13 11:02:00+09:00,26300.0,26300.0,26300.0,26300.0,12,0.0,0.0
2024-08-13 11:03:00+09:00,26250.0,26250.0,26250.0,26250.0,2,0.0,0.0
2024-08-13 11:05:00+09:00,26300.0,26300.0,26300.0,26300.0,13,0.0,0.0
2024-08-13 11:09:00+09:00,26300.0,26300.0,26300.0,26300.0,39,0.0,0.0
2024-08-13 11:12:00+09:00,26250.0,26300.0,26250.0,26300.0,61,0.0,0.0
2024-08-13 11:16:00+09:00,26400.0,26400.0,26400.0,26400.0,0,0.0,0.0
2024-08-13 11:19:00+09:00,26400.0,26400.0,26400.0,26400.0,13,0.0,0.0
2024-08-13 11:22:00+09:00,26400.0,26400.0,26400.0,26400.0,39,0.0,0.0
2024-08-13 11:26:00+09:00,26300.0,26300.0,26250.0,26250.0,162,0.0,0.0
2024-08-13 11:27:00+09:00,26200.0,26400.0,26200.0,26200.0,626,0.0,0.0
2024-08-13 11:29:00+09:00,26200.0,26200.0,26200.0,26200.0,11,0.0,0.0
2024-08-13 11:33:00+09:00,26200.0,26200.0,26200.0,26200.0,26,0.0,0.0
2024-08-13 11:36:00+09:00,26200.0,26200.0,26200.0,26200.0,1,0.0,0.0
2024-08-13 11:38:00+09:00,26200.0,26200.0,26200.0,26200.0,223,0.0,0.0
2024-08-13 11:40:00+09:00,26300.0,26300.0,26300.0,26300.0,0,0.0,0.0
2024-08-13 11:43:00+09:00,26300.0,26300.0,26300.0,26300.0,7,0.0,0.0
2024-08-13 11:44:00+09:00,26250.0,26250.0,26250.0,26250.0,67,0.0,0.0
2024-08-13 11:45:00+09:00,26250.0,26300.0,26250.0,26300.0,76,0.0,0.0
2024-08-13 11:46:00+09:00,26300.0,26350.0,26300.0,26350.0,35,0.0,0.0
2024-08-13 11:49:00+09:00,26350.0,26400.0,26350.0,26400.0,163,0.0,0.0
2024-08-13 11:50:00+09:00,26400.0,26400.0,26400.0,26400.0,0,0.0,0.0
2024-08-13 11:52:00+09:00,26450.0,26450.0,26450.0,26450.0,40,0.0,0.0
2024-08-13 11:53:00+09:00,26450.0,26450.0,26450.0,26450.0,16,0.0,0.0
2024-08-13 11:55:00+09:00,26400.0,26400.0,26400.0,26400.0,0,0.0,0.0
2024-08-13 11:58:00+09:00,26450.0,26450.0,26450.0,26450.0,4,0.0,0.0
2024-08-13 12:00:00+09:00,26450.0,26450.0,26450.0,26450.0,12,0.0,0.0
2024-08-13 12:03:00+09:00,26400.0,26400.0,26400.0,26400.0,42,0.0,0.0
2024-08-13 12:04:00+09:00,26450.0,26450.0,26450.0,26450.0,195,0.0,0.0
2024-08-13 12:06:00+09:00,26450.0,26450.0,26450.0,26450.0,0,0.0,0.0
2024-08-13 12:07:00+09:00,26450.0,26450.0,26450.0,26450.0,142,0.0,0.0
2024-08-13 12:10:00+09:00,26450.0,26450.0,26450.0,26450.0,11,0.0,0.0
2024-08-13 12:11:00+09:00,26400.0,26400.0,26400.0,26400.0,77,0.0,0.0
2024-08-13 12:13:00+09:00,26400.0,26400.0,26350.0,26350.0,111,0.0,0.0
2024-08-13 12:14:00+09:00,26350.0,26350.0,26350.0,26350.0,476,0.0,0.0
2024-08-13 12:24:00+09:00,26450.0,26450.0,26450.0,26450.0,0,0.0,0.0
2024-08-13 12:28:00+09:00,26450.0,26450.0,26450.0,26450.0,18,0.0,0.0
2024-08-13 12:32:00+09:00,26600.0,26600.0,26600.0,26600.0,703,0.0,0.0
2024-08-13 12:33:00+09:00,26550.0,26550.0,26550.0,26550.0,6,0.0,0.0
2024-08-13 12:34:00+09:00,26600.0,26650.0,26600.0,26650.0,329,0.0,0.0
2024-08-13 12:35:00+09:00,26600.0,26600.0,26600.0,26600.0,0,0.0,0.0
2024-08-13 12:36:00+09:00,26600.0,26600.0,26600.0,26600.0,20,0.0,0.0
2024-08-13 12:37:00+09:00,26600.0,26650.0,26600.0,26650.0,197,0.0,0.0
2024-08-13 12:38:00+09:00,26600.0,26650.0,26600.0,26600.0,32,0.0,0.0
2024-08-13 12:39:00+09:00,26600.0,26600.0,26600.0,26600.0,1,0.0,0.0
2024-08-13 12:40:00+09:00,26500.0,26500.0,26500.0,26500.0,399,0.0,0.0
2024-08-13 12:41:00+09:00,26600.0,26650.0,26600.0,26600.0,76,0.0,0.0
2024-08-13 12:42:00+09:00,26700.0,26700.0,26700.0,26700.0,29,0.0,0.0
2024-08-13 12:43:00+09:00,26700.0,26700.0,26700.0,26700.0,120,0.0,0.0
2024-08-13 12:44:00+09:00,26600.0,26750.0,26600.0,26750.0,296,0.0,0.0
2024-08-13 12:45:00+09:00,26700.0,26750.0,26700.0,26750.0,0,0.0,0.0
2024-08-13 12:46:00+09:00,26750.0,26750.0,26700.0,26750.0,77,0.0,0.0
2024-08-13 12:47:00+09:00,26700.0,26700.0,26700.0,26700.0,0,0.0,0.0
2024-08-13 12:48:00+09:00,26700.0,26700.0,26650.0,26650.0,50,0.0,0.0
2024-08-13 12:49:00+09:00,26700.0,26700.0,26700.0,26700.0,28,0.0,0.0
2024-08-13 12:50:00+09:00,26700.0,26700.0,26700.0,26700.0,12,0.0,0.0
2024-08-13 12:51:00+09:00,26700.0,26700.0,26700.0,26700.0,2,0.0,0.0
2024-08-13 12:52:00+09:00,26700.0,26700.0,26650.0,26650.0,15,0.0,0.0
2024-08-13 12:53:00+09:00,26700.0,26700.0,26700.0,26700.0,47,0.0,0.0
2024-08-13 12:54:00+09:00,26700.0,26700.0,26700.0,26700.0,130,0.0,0.0
2024-08-13 12:55:00+09:00,26700.0,26700.0,26700.0,26700.0,0,0.0,0.0
2024-08-13 12:57:00+09:00,26650.0,26650.0,26650.0,26650.0,49,0.0,0.0
2024-08-13 12:59:00+09:00,26650.0,26650.0,26650.0,26650.0,12,0.0,0.0
2024-08-13 13:01:00+09:00,26600.0,26600.0,26600.0,26600.0,0,0.0,0.0
2024-08-13 13:03:00+09:00,26600.0,26600.0,26600.0,26600.0,34,0.0,0.0
2024-08-13 13:07:00+09:00,26650.0,26650.0,26650.0,26650.0,10,0.0,0.0
2024-08-13 13:09:00+09:00,26650.0,26650.0,26600.0,26600.0,109,0.0,0.0
2024-08-13 13:10:00+09:00,26550.0,26550.0,26550.0,26550.0,23,0.0,0.0
2024-08-13 13:17:00+09:00,26600.0,26600.0,26600.0,26600.0,4,0.0,0.0
2024-08-13 13:18:00+09:00,26600.0,26600.0,26600.0,26600.0,0,0.0,0.0
2024-08-13 13:20:00+09:00,26650.0,26650.0,26650.0,26650.0,1,0.0,0.0
2024-08-13 13:22:00+09:00,26600.0,26600.0,26600.0,26600.0,5,0.0,0.0
2024-08-13 13:23:00+09:00,26650.0,26650.0,26650.0,26650.0,24,0.0,0.0
2024-08-13 13:25:00+09:00,26650.0,26650.0,26650.0,26650.0,0,0.0,0.0
2024-08-13 13:26:00+09:00,26650.0,26650.0,26600.0,26600.0,27,0.0,0.0
2024-08-13 13:29:00+09:00,26650.0,26650.0,26600.0,26600.0,98,0.0,0.0
2024-08-13 13:30:00+09:00,26600.0,26600.0,26600.0,26600.0,37,0.0,0.0
2024-08-13 13:31:00+09:00,26600.0,26600.0,26600.0,26600.0,22,0.0,0.0
2024-08-13 13:32:00+09:00,26700.0,26700.0,26700.0,26700.0,0,0.0,0.0
2024-08-13 13:33:00+09:00,26700.0,26700.0,26600.0,26600.0,49,0.0,0.0
2024-08-13 13:34:00+09:00,26600.0,26600.0,26600.0,26600.0,0,0.0,0.0
2024-08-13 13:38:00+09:00,26600.0,26600.0,26600.0,26600.0,275,0.0,0.0
2024-08-13 13:40:00+09:00,26600.0,26600.0,26600.0,26600.0,280,0.0,0.0
2024-08-13 13:43:00+09:00,26600.0,26650.0,26600.0,26650.0,0,0.0,0.0
2024-08-13 13:47:00+09:00,26650.0,26650.0,26650.0,26650.0,13,0.0,0.0
2024-08-13 13:49:00+09:00,26650.0,26650.0,26650.0,26650.0,6,0.0,0.0
2024-08-13 13:51:00+09:00,26600.0,26600.0,26600.0,26600.0,47,0.0,0.0
2024-08-13 13:54:00+09:00,26650.0,26650.0,26650.0,26650.0,26,0.0,0.0
2024-08-13 13:57:00+09:00,26650.0,26650.0,26650.0,26650.0,15,0.0,0.0
2024-08-13 13:58:00+09:00,26650.0,26650.0,26650.0,26650.0,0,0.0,0.0
2024-08-13 13:59:00+09:00,26600.0,26600.0,26600.0,26600.0,475,0.0,0.0
2024-08-13 14:00:00+09:00,26600.0,26600.0,26600.0,26600.0,0,0.0,0.0
2024-08-13 14:01:00+09:00,26600.0,26600.0,26600.0,26600.0,234,0.0,0.0
2024-08-13 14:04:00+09:00,26600.0,26600.0,26600.0,26600.0,26,0.0,0.0
2024-08-13 14:06:00+09:00,26550.0,26550.0,26550.0,26550.0,0,0.0,0.0
2024-08-13 14:07:00+09:00,26550.0,26550.0,26550.0,26550.0,56,0.0,0.0
2024-08-13 14:08:00+09:00,26600.0,26600.0,26600.0,26600.0,0,0.0,0.0
2024-08-13 14:09:00+09:00,26550.0,26550.0,26550.0,26550.0,43,0.0,0.0
2024-08-13 14:10:00+09:00,26550.0,26550.0,26550.0,26550.0,52,0.0,0.0
2024-08-13 14:16:00+09:00,26550.0,26650.0,26550.0,26650.0,2448,0.0,0.0
2024-08-13 14:17:00+09:00,26650.0,26650.0,26650.0,26650.0,0,0.0,0.0
2024-08-13 14:18:00+09:00,26700.0,26700.0,26700.0,26700.0,0,0.0,0.0
2024-08-13 14:21:00+09:00,26650.0,26700.0,26650.0,26700.0,46,0.0,0.0
2024-08-13 14:24:00+09:00,26650.0,26800.0,26650.0,26800.0,2407,0.0,0.0
2024-08-13 14:25:00+09:00,26800.0,26800.0,26800.0,26800.0,22,0.0,0.0
2024-08-13 14:26:00+09:00,26800.0,26850.0,26700.0,26850.0,572,0.0,0.0
2024-08-13 14:27:00+09:00,26850.0,26850.0,26850.0,26850.0,0,0.0,0.0
2024-08-13 14:28:00+09:00,26800.0,26800.0,26800.0,26800.0,16,0.0,0.0
2024-08-13 14:30:00+09:00,26750.0,26850.0,26750.0,26750.0,45,0.0,0.0
2024-08-13 14:31:00+09:00,26800.0,26800.0,26800.0,26800.0,151,0.0,0.0
2024-08-13 14:32:00+09:00,26850.0,26850.0,26800.0,26800.0,0,0.0,0.0
2024-08-13 14:33:00+09:00,26800.0,26800.0,26750.0,26750.0,10,0.0,0.0
2024-08-13 14:35:00+09:00,26750.0,26750.0,26750.0,26750.0,4,0.0,0.0
2024-08-13 14:36:00+09:00,26750.0,26850.0,26750.0,26850.0,34,0.0,0.0
2024-08-13 14:38:00+09:00,26750.0,26750.0,26750.0,26750.0,51,0.0,0.0
2024-08-13 14:39:00+09:00,26750.0,26750.0,26750.0,26750.0,134,0.0,0.0
2024-08-13 14:40:00+09:00,26700.0,26700.0,26700.0,26700.0,0,0.0,0.0
2024-08-13 14:41:00+09:00,26700.0,26700.0,26650.0,26650.0,2011,0.0,0.0
2024-08-13 14:42:00+09:00,26700.0,26700.0,26700.0,26700.0,0,0.0,0.0
2024-08-13 14:43:00+09:00,26650.0,26650.0,26650.0,26650.0,27,0.0,0.0
2024-08-13 14:44:00+09:00,26550.0,26550.0,26550.0,26550.0,54,0.0,0.0
2024-08-13 14:46:00+09:00,26550.0,26550.0,26550.0,26550.0,30,0.0,0.0
2024-08-13 14:47:00+09:00,26550.0,26750.0,26550.0,26750.0,9,0.0,0.0
2024-08-13 14:48:00+09:00,26550.0,26550.0,26550.0,26550.0,11,0.0,0.0
2024-08-13 14:49:00+09:00,26550.0,26750.0,26550.0,26750.0,41,0.0,0.0
2024-08-13 14:50:00+09:00,26550.0,26550.0,26550.0,26550.0,36,0.0,0.0
2024-08-13 14:51:00+09:00,26550.0,26550.0,26550.0,26550.0,64,0.0,0.0
2024-08-13 14:52:00+09:00,26550.0,26550.0,26550.0,26550.0,179,0.0,0.0
2024-08-13 14:53:00+09:00,26550.0,26550.0,26550.0,26550.0,1,0.0,0.0
2024-08-13 14:54:00+09:00,26500.0,26500.0,26500.0,26500.0,327,0.0,0.0
2024-08-13 14:55:00+09:00,26500.0,26500.0,26450.0,26450.0,426,0.0,0.0
2024-08-13 14:56:00+09:00,26450.0,26450.0,26450.0,26450.0,0,0.0,0.0
2024-08-13 14:57:00+09:00,26450.0,26450.0,26450.0,26450.0,49,0.0,0.0
2024-08-13 14:58:00+09:00,26550.0,26550.0,26550.0,26550.0,23,0.0,0.0
2024-08-13 14:59:00+09:00,26550.0,26550.0,26550.0,26550.0,2,0.0,0.0
2024-08-14 09:00:00+09:00,26700.0,26950.0,26700.0,26750.0,1273,0.0,0.0
2024-08-14 09:01:00+09:00,26750.0,26750.0,26750.0,26750.0,121,0.0,0.0
2024-08-14 09:02:00+09:00,26900.0,26900.0,26900.0,26900.0,0,0.0,0.0
2024-08-14 09:03:00+09:00,26850.0,26900.0,26850.0,26900.0,291,0.0,0.0
2024-08-14 09:04:00+09:00,26950.0,27100.0,26900.0,27100.0,0,0.0,0.0
2024-08-14 09:05:00+09:00,26950.0,27100.0,26900.0,26900.0,186,0.0,0.0
2024-08-14 09:06:00+09:00,26850.0,26900.0,26850.0,26850.0,508,0.0,0.0
2024-08-14 09:07:00+09:00,27000.0,27000.0,27000.0,27000.0,68,0.0,0.0
2024-08-14 09:08:00+09:00,27000.0,27050.0,27000.0,27050.0,105,0.0,0.0
2024-08-14 09:09:00+09:00,27050.0,27050.0,27050.0,27050.0,205,0.0,0.0
2024-08-14 09:10:00+09:00,27100.0,27100.0,27000.0,27000.0,317,0.0,0.0
2024-08-14 09:11:00+09:00,26900.0,26900.0,26900.0,26900.0,56,0.0,0.0
2024-08-14 09:12:00+09:00,26900.0,26950.0,26900.0,26950.0,125,0.0,0.0
2024-08-14 09:13:00+09:00,26950.0,26950.0,26900.0,26900.0,0,0.0,0.0
2024-08-14 09:14:00+09:00,26900.0,26900.0,26900.0,26900.0,229,0.0,0.0
2024-08-14 09:15:00+09:00,26950.0,27100.0,26950.0,27100.0,1047,0.0,0.0
2024-08-14 09:17:00+09:00,27100.0,27150.0,27050.0,27050.0,0,0.0,0.0
2024-08-14 09:18:00+09:00,27100.0,27150.0,27100.0,27150.0,83,0.0,0.0
2024-08-14 09:19:00+09:00,27200.0,27200.0,27200.0,27200.0,36,0.0,0.0
2024-08-14 09:20:00+09:00,27100.0,27100.0,27050.0,27050.0,106,0.0,0.0
2024-08-14 09:21:00+09:00,27100.0,27150.0,27050.0,27050.0,193,0.0,0.0
2024-08-14 09:22:00+09:00,27050.0,27050.0,27050.0,27050.0,485,0.0,0.0
2024-08-14 09:23:00+09:00,26950.0,26950.0,26950.0,26950.0,121,0.0,0.0
2024-08-14 09:24:00+09:00,26950.0,26950.0,26950.0,26950.0,102,0.0,0.0
2024-08-14 09:25:00+09:00,26950.0,26950.0,26950.0,26950.0,32,0.0,0.0
2024-08-14 09:26:00+09:00,26950.0,26950.0,26950.0,26950.0,0,0.0,0.0
2024-08-14 09:27:00+09:00,26900.0,26900.0,26900.0,26900.0,175,0.0,0.0
2024-08-14 09:28:00+09:00,26850.0,26850.0,26850.0,26850.0,250,0.0,0.0
2024-08-14 09:29:00+09:00,26850.0,26850.0,26750.0,26750.0,1475,0.0,0.0
2024-08-14 09:30:00+09:00,26750.0,26750.0,26750.0,26750.0,0,0.0,0.0
2024-08-14 09:31:00+09:00,26800.0,26800.0,26750.0,26750.0,79,0.0,0.0
2024-08-14 09:32:00+09:00,26800.0,26800.0,26800.0,26800.0,4,0.0,0.0
2024-08-14 09:34:00+09:00,26850.0,26850.0,26850.0,26850.0,29,0.0,0.0
2024-08-14 09:35:00+09:00,26850.0,26850.0,26750.0,26800.0,108,0.0,0.0
2024-08-14 09:37:00+09:00,26900.0,26900.0,26900.0,26900.0,0,0.0,0.0
2024-08-14 09:38:00+09:00,26900.0,26900.0,26800.0,26800.0,75,0.0,0.0
2024-08-14 09:39:00+09:00,26850.0,26850.0,26800.0,26800.0,2,0.0,0.0
2024-08-14 09:40:00+09:00,26850.0,26850.0,26850.0,26850.0,143,0.0,0.0
2024-08-14 09:43:00+09:00,26850.0,26850.0,26850.0,26850.0,28,0.0,0.0
2024-08-14 09:44:00+09:00,26900.0,26900.0,26900.0,26900.0,0,0.0,0.0
2024-08-14 09:45:00+09:00,26850.0,26900.0,26850.0,26900.0,258,0.0,0.0
2024-08-14 09:46:00+09:00,26900.0,26900.0,26900.0,26900.0,0,0.0,0.0
2024-08-14 09:47:00+09:00,26900.0,26900.0,26900.0,26900.0,0,0.0,0.0
2024-08-14 09:49:00+09:00,26950.0,26950.0,26950.0,26950.0,6,0.0,0.0
2024-08-14 09:50:00+09:00,26900.0,26950.0,26900.0,26900.0,45,0.0,0.0
2024-08-14 09:51:00+09:00,26900.0,26950.0,26900.0,26950.0,239,0.0,0.0
2024-08-14 09:55:00+09:00,26900.0,26900.0,26900.0,26900.0,12,0.0,0.0
2024-08-14 09:56:00+09:00,26900.0,26900.0,26900.0,26900.0,0,0.0,0.0
2024-08-14 09:57:00+09:00,26950.0,26950.0,26950.0,26950.0,32,0.0,0.0
2024-08-14 09:59:00+09:00,26950.0,26950.0,26950.0,26950.0,88,0.0,0.0
2024-08-14 10:01:00+09:00,26950.0,26950.0,26950.0,26950.0,3,0.0,0.0
2024-08-14 10:04:00+09:00,26950.0,26950.0,26950.0,26950.0,120,0.0,0.0
2024-08-14 10:05:00+09:00,26950.0,26950.0,26950.0,26950.0,0,0.0,0.0
2024-08-14 10:07:00+09:00,26950.0,26950.0,26950.0,26950.0,29,0.0,0.0
2024-08-14 10:12:00+09:00,26950.0,26950.0,26950.0,26950.0,219,0.0,0.0
2024-08-14 10:14:00+09:00,27000.0,27100.0,27000.0,27100.0,490,0.0,0.0
2024-08-14 10:15:00+09:00,27150.0,27150.0,27150.0,27150.0,220,0.0,0.0
2024-08-14 10:16:00+09:00,27200.0,27200.0,27150.0,27150.0,0,0.0,0.0
2024-08-14 10:17:00+09:00,27200.0,27300.0,27150.0,27150.0,1022,0.0,0.0
2024-08-14 10:19:00+09:00,27150.0,27200.0,27150.0,27200.0,30,0.0,0.0
2024-08-14 10:20:00+09:00,27150.0,27250.0,27150.0,27250.0,93,0.0,0.0
2024-08-14 10:22:00+09:00,27200.0,27200.0,27200.0,27200.0,0,0.0,0.0
2024-08-14 10:23:00+09:00,27200.0,27200.0,27200.0,27200.0,149,0.0,0.0
2024-08-14 10:24:00+09:00,27200.0,27200.0,27200.0,27200.0,62,0.0,0.0
2024-08-14 10:25:00+09:00,27200.0,27350.0,27200.0,27350.0,1230,0.0,0.0
2024-08-14 10:26:00+09:00,27350.0,27350.0,27350.0,27350.0,83,0.0,0.0
2024-08-14 10:29:00+09:00,27200.0,27200.0,27200.0,27200.0,0,0.0,0.0
2024-08-14 10:30:00+09:00,27300.0,27300.0,27200.0,27200.0,20,0.0,0.0
2024-08-14 10:31:00+09:00,27300.0,27300.0,27300.0,27300.0,29,0.0,0.0
2024-08-14 10:32:00+09:00,27300.0,27350.0,27300.0,27350.0,60,0.0,0.0
2024-08-14 10:35:00+09:00,27200.0,27200.0,27200.0,27200.0,44,0.0,0.0
2024-08-14 10:37:00+09:00,27200.0,27300.0,27200.0,27300.0,0,0.0,0.0
2024-08-14 10:38:00+09:00,27300.0,27350.0,27300.0,27350.0,49,0.0,0.0
2024-08-14 10:39:00+09:00,27350.0,27350.0,27250.0,27250.0,1,0.0,0.0
2024-08-14 10:40:00+09:00,27250.0,27250.0,27250.0,27250.0,1,0.0,0.0
2024-08-14 10:41:00+09:00,27250.0,27250.0,27100.0,27100.0,1578,0.0,0.0
2024-08-14 10:43:00+09:00,27250.0,27250.0,27250.0,27250.0,20,0.0,0.0
2024-08-14 10:44:00+09:00,27300.0,27300.0,27300.0,27300.0,0,0.0,0.0
2024-08-14 10:45:00+09:00,27300.0,27300.0,27300.0,27300.0,3,0.0,0.0
2024-08-14 10:47:00+09:00,27300.0,27300.0,27300.0,27300.0,363,0.0,0.0
2024-08-14 10:48:00+09:00,27300.0,27300.0,27300.0,27300.0,83,0.0,0.0
2024-08-14 10:50:00+09:00,27250.0,27300.0,27250.0,27300.0,62,0.0,0.0
2024-08-14 10:52:00+09:00,27300.0,27300.0,27300.0,27300.0,0,0.0,0.0
2024-08-14 10:53:00+09:00,27300.0,28300.0,27250.0,28000.0,17121,0.0,0.0
2024-08-14 10:54:00+09:00,28050.0,28800.0,27500.0,28450.0,28988,0.0,0.0
2024-08-14 10:55:00+09:00,28450.0,28550.0,27900.0,28200.0,17853,0.0,0.0
2024-08-14 10:56:00+09:00,28200.0,29250.0,28200.0,29200.0,28381,0.0,0.0
2024-08-14 10:57:00+09:00,29150.0,29350.0,28450.0,29350.0,14739,0.0,0.0
2024-08-14 10:59:00+09:00,29800.0,30000.0,29100.0,29550.0,40797,0.0,0.0
2024-08-14 11:00:00+09:00,29600.0,30400.0,29350.0,29750.0,37454,0.0,0.0
2024-08-14 11:01:00+09:00,29550.0,29750.0,28500.0,28750.0,25335,0.0,0.0
2024-08-14 11:02:00+09:00,28750.0,28850.0,28300.0,28700.0,14435,0.0,0.0
2024-08-14 11:03:00+09:00,28750.0,29300.0,28650.0,29150.0,8081,0.0,0.0
2024-08-14 11:04:00+09:00,29150.0,29200.0,28650.0,28750.0,6019,0.0,0.0
2024-08-14 11:05:00+09:00,28800.0,29100.0,28750.0,29000.0,5108,0.0,0.0
2024-08-14 11:06:00+09:00,28850.0,28900.0,28600.0,28850.0,6438,0.0,0.0
2024-08-14 11:07:00+09:00,28850.0,29100.0,28800.0,29100.0,3242,0.0,0.0
2024-08-14 11:08:00+09:00,29050.0,29100.0,28900.0,29000.0,3340,0.0,0.0
2024-08-14 11:09:00+09:00,29000.0,29550.0,29000.0,29450.0,11144,0.0,0.0
2024-08-14 11:10:00+09:00,29500.0,29500.0,29000.0,29050.0,3886,0.0,0.0
2024-08-14 11:11:00+09:00,29050.0,29150.0,28900.0,29050.0,1552,0.0,0.0
2024-08-14 11:12:00+09:00,29050.0,29050.0,28700.0,28850.0,3795,0.0,0.0
2024-08-14 11:13:00+09:00,28850.0,29000.0,28700.0,28750.0,1765,0.0,0.0
2024-08-14 11:14:00+09:00,28800.0,28800.0,28600.0,28750.0,2630,0.0,0.0
2024-08-14 11:15:00+09:00,28650.0,28750.0,28550.0,28550.0,2540,0.0,0.0
2024-08-14 11:16:00+09:00,28550.0,28650.0,28500.0,28650.0,1855,0.0,0.0
2024-08-14 11:17:00+09:00,28700.0,28700.0,28550.0,28550.0,1462,0.0,0.0
2024-08-14 11:18:00+09:00,28550.0,28700.0,28350.0,28400.0,3338,0.0,0.0
2024-08-14 11:19:00+09:00,28400.0,28700.0,28350.0,28650.0,1642,0.0,0.0
2024-08-14 11:20:00+09:00,28500.0,28850.0,28500.0,28600.0,590,0.0,0.0
2024-08-14 11:21:00+09:00,28600.0,28700.0,28550.0,28600.0,397,0.0,0.0
2024-08-14 11:22:00+09:00,28600.0,28900.0,28600.0,28750.0,531,0.0,0.0
2024-08-14 11:23:00+09:00,28850.0,28900.0,28700.0,28700.0,1339,0.0,0.0
2024-08-14 11:24:00+09:00,28700.0,28750.0,28700.0,28700.0,343,0.0,0.0
2024-08-14 11:25:00+09:00,28700.0,28750.0,28700.0,28700.0,158,0.0,0.0
2024-08-14 11:26:00+09:00,28700.0,28800.0,28700.0,28800.0,1165,0.0,0.0
2024-08-14 11:27:00+09:00,28800.0,28800.0,28700.0,28800.0,817,0.0,0.0
2024-08-14 11:28:00+09:00,28800.0,28800.0,28700.0,28800.0,123,0.0,0.0
2024-08-14 11:29:00+09:00,28800.0,28850.0,28750.0,28800.0,271,0.0,0.0
2024-08-14 11:30:00+09:00,28800.0,28900.0,28750.0,28800.0,977,0.0,0.0
2024-08-14 11:31:00+09:00,28900.0,29000.0,28900.0,28950.0,473,0.0,0.0
2024-08-14 11:32:00+09:00,28950.0,29050.0,28950.0,29050.0,1019,0.0,0.0
2024-08-14 11:33:00+09:00,29050.0,29150.0,29000.0,29150.0,1720,0.0,0.0
2024-08-14 11:34:00+09:00,29100.0,29250.0,28950.0,29050.0,2142,0.0,0.0
2024-08-14 11:35:00+09:00,29050.0,29150.0,29050.0,29100.0,1055,0.0,0.0
2024-08-14 11:36:00+09:00,29100.0,29150.0,29100.0,29150.0,510,0.0,0.0
2024-08-14 11:37:00+09:00,29100.0,29150.0,29100.0,29100.0,1377,0.0,0.0
2024-08-14 11:38:00+09:00,29150.0,29150.0,29000.0,29050.0,1904,0.0,0.0
2024-08-14 11:39:00+09:00,29000.0,29050.0,28950.0,28950.0,1569,0.0,0.0
2024-08-14 11:40:00+09:00,28950.0,29150.0,28900.0,29150.0,2140,0.0,0.0
2024-08-14 11:41:00+09:00,29150.0,29150.0,29050.0,29150.0,256,0.0,0.0
2024-08-14 11:42:00+09:00,29150.0,29200.0,29100.0,29150.0,302,0.0,0.0
2024-08-14 11:43:00+09:00,29150.0,29300.0,29150.0,29250.0,868,0.0,0.0
2024-08-14 11:44:00+09:00,29250.0,29300.0,29250.0,29300.0,193,0.0,0.0
2024-08-14 11:45:00+09:00,29300.0,29300.0,29200.0,29200.0,832,0.0,0.0
2024-08-14 11:46:00+09:00,29200.0,29200.0,29150.0,29200.0,615,0.0,0.0
2024-08-14 11:47:00+09:00,29200.0,29300.0,29200.0,29200.0,490,0.0,0.0
2024-08-14 11:48:00+09:00,29200.0,29300.0,29200.0,29300.0,558,0.0,0.0
2024-08-14 11:49:00+09:00,29300.0,29300.0,29200.0,29200.0,892,0.0,0.0
2024-08-14 11:50:00+09:00,29200.0,29200.0,29100.0,29100.0,1171,0.0,0.0
2024-08-14 11:51:00+09:00,29100.0,29300.0,29100.0,29250.0,634,0.0,0.0
2024-08-14 11:52:00+09:00,29250.0,29550.0,29250.0,29550.0,7992,0.0,0.0
2024-08-14 11:53:00+09:00,29500.0,29600.0,29450.0,29550.0,898,0.0,0.0
2024-08-14 11:54:00+09:00,29600.0,29600.0,29500.0,29500.0,1613,0.0,0.0
2024-08-14 11:55:00+09:00,29500.0,29550.0,29450.0,29450.0,675,0.0,0.0
2024-08-14 11:56:00+09:00,29450.0,29500.0,29350.0,29500.0,1047,0.0,0.0
2024-08-14 11:57:00+09:00,29500.0,29700.0,29500.0,29650.0,3205,0.0,0.0
2024-08-14 11:58:00+09:00,29550.0,29650.0,29550.0,29600.0,2081,0.0,0.0
2024-08-14 11:59:00+09:00,29600.0,30200.0,29600.0,30000.0,9343,0.0,0.0
2024-08-14 12:00:00+09:00,30150.0,30300.0,30050.0,30100.0,5121,0.0,0.0
2024-08-14 12:01:00+09:00,30100.0,30250.0,30000.0,30250.0,3185,0.0,0.0
2024-08-14 12:02:00+09:00,30200.0,30250.0,30150.0,30150.0,1759,0.0,0.0
2024-08-14 12:03:00+09:00,30150.0,30200.0,30050.0,30050.0,1082,0.0,0.0
2024-08-14 12:04:00+09:00,30050.0,30250.0,30050.0,30200.0,1424,0.0,0.0
2024-08-14 12:05:00+09:00,30250.0,30250.0,29600.0,29600.0,4164,0.0,0.0
2024-08-14 12:06:00+09:00,29600.0,30000.0,29550.0,29900.0,1178,0.0,0.0
2024-08-14 12:07:00+09:00,29800.0,29800.0,29750.0,29800.0,111,0.0,0.0
2024-08-14 12:08:00+09:00,29750.0,29750.0,29600.0,29600.0,569,0.0,0.0
2024-08-14 12:09:00+09:00,29750.0,29800.0,29650.0,29650.0,105,0.0,0.0
2024-08-14 12:10:00+09:00,29650.0,29800.0,29550.0,29600.0,747,0.0,0.0
2024-08-14 12:11:00+09:00,29550.0,29700.0,29450.0,29650.0,1102,0.0,0.0
2024-08-14 12:12:00+09:00,29600.0,29800.0,29600.0,29750.0,349,0.0,0.0
2024-08-14 12:13:00+09:00,29800.0,29900.0,29700.0,29700.0,738,0.0,0.0
2024-08-14 12:14:00+09:00,29650.0,29850.0,29600.0,29650.0,511,0.0,0.0
2024-08-14 12:15:00+09:00,29800.0,29800.0,29650.0,29650.0,76,0.0,0.0
2024-08-14 12:16:00+09:00,29700.0,29900.0,29650.0,29800.0,198,0.0,0.0
2024-08-14 12:17:00+09:00,29800.0,29900.0,29700.0,29700.0,41,0.0,0.0
2024-08-14 12:18:00+09:00,29700.0,29800.0,29600.0,29800.0,477,0.0,0.0
2024-08-14 12:19:00+09:00,29600.0,29800.0,29600.0,29700.0,159,0.0,0.0
2024-08-14 12:20:00+09:00,29700.0,29750.0,29650.0,29750.0,191,0.0,0.0
2024-08-14 12:21:00+09:00,29750.0,29900.0,29700.0,29750.0,712,0.0,0.0
2024-08-14 12:22:00+09:00,29750.0,29750.0,29700.0,29700.0,340,0.0,0.0
2024-08-14 12:23:00+09:00,29700.0,29950.0,29700.0,29950.0,182,0.0,0.0
2024-08-14 12:24:00+09:00,29900.0,29950.0,29800.0,29800.0,569,0.0,0.0
2024-08-14 12:25:00+09:00,29900.0,29900.0,29900.0,29900.0,65,0.0,0.0
2024-08-14 12:26:00+09:00,29950.0,30150.0,29900.0,30100.0,2322,0.0,0.0
2024-08-14 12:27:00+09:00,30150.0,30250.0,30100.0,30200.0,2340,0.0,0.0
2024-08-14 12:28:00+09:00,30150.0,30300.0,30150.0,30250.0,1889,0.0,0.0
2024-08-14 12:29:00+09:00,30250.0,30300.0,30100.0,30100.0,1353,0.0,0.0
2024-08-14 12:30:00+09:00,30100.0,30100.0,29800.0,29950.0,728,0.0,0.0
2024-08-14 12:31:00+09:00,29950.0,30000.0,29900.0,30000.0,281,0.0,0.0
2024-08-14 12:32:00+09:00,29950.0,30000.0,29900.0,29900.0,915,0.0,0.0
2024-08-14 12:33:00+09:00,29900.0,30050.0,29900.0,30050.0,225,0.0,0.0
2024-08-14 12:34:00+09:00,30050.0,30050.0,29950.0,29950.0,90,0.0,0.0
2024-08-14 12:35:00+09:00,29950.0,30000.0,29950.0,29950.0,185,0.0,0.0
2024-08-14 12:36:00+09:00,29950.0,30150.0,29950.0,30150.0,768,0.0,0.0
2024-08-14 12:37:00+09:00,30200.0,30400.0,30200.0,30350.0,3760,0.0,0.0
2024-08-14 12:38:00+09:00,30300.0,30350.0,30250.0,30250.0,1218,0.0,0.0
2024-08-14 12:39:00+09:00,30250.0,30300.0,30150.0,30150.0,867,0.0,0.0
2024-08-14 12:40:00+09:00,30200.0,30250.0,30150.0,30250.0,368,0.0,0.0
2024-08-14 12:41:00+09:00,30250.0,30250.0,30100.0,30100.0,626,0.0,0.0
2024-08-14 12:42:00+09:00,30100.0,30200.0,30100.0,30100.0,587,0.0,0.0
2024-08-14 12:43:00+09:00,30100.0,30100.0,29800.0,29950.0,1875,0.0,0.0
2024-08-14 12:44:00+09:00,30000.0,30000.0,29850.0,29900.0,492,0.0,0.0
2024-08-14 12:45:00+09:00,29900.0,30000.0,29900.0,30000.0,434,0.0,0.0
2024-08-14 12:46:00+09:00,29900.0,30000.0,29850.0,30000.0,600,0.0,0.0
2024-08-14 12:47:00+09:00,29950.0,30000.0,29900.0,30000.0,229,0.0,0.0
2024-08-14 12:48:00+09:00,30050.0,30150.0,30050.0,30100.0,478,0.0,0.0
2024-08-14 12:49:00+09:00,30100.0,30150.0,30050.0,30100.0,182,0.0,0.0
2024-08-14 12:50:00+09:00,30100.0,30200.0,30100.0,30200.0,271,0.0,0.0
2024-08-14 12:51:00+09:00,30150.0,30150.0,30050.0,30050.0,1372,0.0,0.0
2024-08-14 12:52:00+09:00,30050.0,30100.0,30050.0,30050.0,75,0.0,0.0
2024-08-14 12:53:00+09:00,30100.0,30100.0,30050.0,30050.0,182,0.0,0.0
2024-08-14 12:54:00+09:00,30000.0,30000.0,29900.0,29950.0,152,0.0,0.0
2024-08-14 12:55:00+09:00,29900.0,29950.0,29850.0,29850.0,1127,0.0,0.0
2024-08-14 12:56:00+09:00,29850.0,29900.0,29850.0,29850.0,169,0.0,0.0
2024-08-14 12:57:00+09:00,29850.0,29900.0,29850.0,29900.0,280,0.0,0.0
2024-08-14 12:58:00+09:00,29900.0,29900.0,29850.0,29850.0,107,0.0,0.0
2024-08-14 12:59:00+09:00,29850.0,29850.0,29700.0,29700.0,1179,0.0,0.0
2024-08-14 13:00:00+09:00,29750.0,29950.0,29700.0,29950.0,143,0.0,0.0
2024-08-14 13:01:00+09:00,29850.0,29900.0,29850.0,29900.0,0,0.0,0.0
2024-08-14 13:02:00+09:00,29800.0,29950.0,29800.0,29950.0,232,0.0,0.0
2024-08-14 13:03:00+09:00,29900.0,29950.0,29800.0,29800.0,0,0.0,0.0
2024-08-14 13:04:00+09:00,29800.0,29800.0,29750.0,29800.0,95,0.0,0.0
2024-08-14 13:05:00+09:00,29750.0,30000.0,29750.0,29850.0,149,0.0,0.0
2024-08-14 13:06:00+09:00,29850.0,29950.0,29650.0,29750.0,816,0.0,0.0
2024-08-14 13:07:00+09:00,29700.0,30000.0,29650.0,30000.0,358,0.0,0.0
2024-08-14 13:08:00+09:00,29750.0,29750.0,29650.0,29650.0,182,0.0,0.0
2024-08-14 13:09:00+09:00,29800.0,29800.0,29650.0,29650.0,68,0.0,0.0
2024-08-14 13:10:00+09:00,29700.0,29850.0,29700.0,29850.0,188,0.0,0.0
2024-08-14 13:11:00+09:00,29800.0,29900.0,29800.0,29850.0,71,0.0,0.0
2024-08-14 13:12:00+09:00,29850.0,29900.0,29800.0,29800.0,173,0.0,0.0
2024-08-14 13:13:00+09:00,29800.0,29800.0,29800.0,29800.0,11,0.0,0.0
2024-08-14 13:14:00+09:00,29800.0,29800.0,29800.0,29800.0,111,0.0,0.0
2024-08-14 13:15:00+09:00,29850.0,29950.0,29800.0,29900.0,201,0.0,0.0
2024-08-14 13:16:00+09:00,29900.0,30000.0,29900.0,29950.0,208,0.0,0.0
2024-08-14 13:17:00+09:00,29950.0,30100.0,29900.0,30000.0,232,0.0,0.0
2024-08-14 13:18:00+09:00,30000.0,30000.0,29950.0,30000.0,321,0.0,0.0
2024-08-14 13:19:00+09:00,29950.0,30100.0,29950.0,29950.0,104,0.0,0.0
2024-08-14 13:20:00+09:00,29950.0,30100.0,29950.0,30100.0,941,0.0,0.0
2024-08-14 13:21:00+09:00,30100.0,30100.0,29900.0,29900.0,501,0.0,0.0
2024-08-14 13:22:00+09:00,30000.0,30000.0,29850.0,29850.0,251,0.0,0.0
2024-08-14 13:23:00+09:00,29800.0,29850.0,29800.0,29850.0,22,0.0,0.0
2024-08-14 13:24:00+09:00,29850.0,30000.0,29850.0,30000.0,141,0.0,0.0
2024-08-14 13:25:00+09:00,29850.0,29900.0,29850.0,29850.0,0,0.0,0.0
2024-08-14 13:26:00+09:00,29850.0,29900.0,29800.0,29800.0,283,0.0,0.0
2024-08-14 13:27:00+09:00,29800.0,30000.0,29800.0,30000.0,556,0.0,0.0
2024-08-14 13:28:00+09:00,29900.0,29900.0,29800.0,29850.0,103,0.0,0.0
2024-08-14 13:29:00+09:00,29800.0,29950.0,29700.0,29950.0,1125,0.0,0.0
2024-08-14 13:30:00+09:00,29850.0,29850.0,29800.0,29800.0,0,0.0,0.0
2024-08-14 13:31:00+09:00,29750.0,29750.0,29700.0,29700.0,162,0.0,0.0
2024-08-14 13:32:00+09:00,29750.0,29850.0,29750.0,29850.0,194,0.0,0.0
2024-08-14 13:33:00+09:00,29800.0,29800.0,29700.0,29700.0,106,0.0,0.0
2024-08-14 13:34:00+09:00,29750.0,29850.0,29750.0,29850.0,99,0.0,0.0
2024-08-14 13:35:00+09:00,29750.0,29750.0,29700.0,29750.0,40,0.0,0.0
2024-08-14 13:36:00+09:00,29750.0,29900.0,29700.0,29900.0,333,0.0,0.0
2024-08-14 13:37:00+09:00,29700.0,29850.0,29650.0,29850.0,16,0.0,0.0
2024-08-14 13:38:00+09:00,29700.0,29700.0,29700.0,29700.0,48,0.0,0.0
2024-08-14 13:39:00+09:00,29700.0,29950.0,29700.0,29850.0,83,0.0,0.0
2024-08-14 13:40:00+09:00,29800.0,29800.0,29700.0,29700.0,202,0.0,0.0
2024-08-14 13:41:00+09:00,29700.0,29700.0,29650.0,29650.0,10,0.0,0.0
2024-08-14 13:42:00+09:00,29650.0,29700.0,29650.0,29700.0,559,0.0,0.0
2024-08-14 13:43:00+09:00,29700.0,29700.0,29600.0,29600.0,68,0.0,0.0
2024-08-14 13:44:00+09:00,29600.0,29800.0,29600.0,29700.0,89,0.0,0.0
2024-08-14 13:45:00+09:00,29600.0,29700.0,29600.0,29600.0,160,0.0,0.0
2024-08-14 13:46:00+09:00,29600.0,29800.0,29600.0,29650.0,101,0.0,0.0
2024-08-14 13:47:00+09:00,29650.0,29700.0,29600.0,29600.0,415,0.0,0.0
2024-08-14 13:48:00+09:00,29550.0,29600.0,29550.0,29600.0,1303,0.0,0.0
2024-08-14 13:49:00+09:00,29600.0,29700.0,29600.0,29600.0,112,0.0,0.0
2024-08-14 13:50:00+09:00,29550.0,29600.0,29550.0,29600.0,65,0.0,0.0
2024-08-14 13:51:00+09:00,29600.0,29700.0,29600.0,29700.0,164,0.0,0.0
2024-08-14 13:52:00+09:00,29600.0,29600.0,29550.0,29550.0,0,0.0,0.0
2024-08-14 13:53:00+09:00,29550.0,29550.0,29500.0,29500.0,3509,0.0,0.0
2024-08-14 13:54:00+09:00,29550.0,29700.0,29550.0,29550.0,0,0.0,0.0
2024-08-14 13:55:00+09:00,29600.0,29600.0,29500.0,29550.0,18,0.0,0.0
2024-08-14 13:56:00+09:00,29500.0,29700.0,29500.0,29700.0,128,0.0,0.0
2024-08-14 13:58:00+09:00,29550.0,29700.0,29500.0,29700.0,2404,0.0,0.0
2024-08-14 13:59:00+09:00,29550.0,29550.0,29550.0,29550.0,0,0.0,0.0
2024-08-14 14:00:00+09:00,29500.0,29550.0,29500.0,29550.0,151,0.0,0.0
2024-08-14 14:01:00+09:00,29550.0,29700.0,29550.0,29600.0,94,0.0,0.0
2024-08-14 14:02:00+09:00,29650.0,29650.0,29500.0,29550.0,504,0.0,0.0
2024-08-14 14:03:00+09:00,29500.0,29600.0,29500.0,29550.0,296,0.0,0.0
2024-08-14 14:04:00+09:00,29550.0,29600.0,29550.0,29600.0,21,0.0,0.0
2024-08-14 14:05:00+09:00,29600.0,29650.0,29600.0,29600.0,9,0.0,0.0
2024-08-14 14:06:00+09:00,29600.0,29650.0,29600.0,29650.0,148,0.0,0.0
2024-08-14 14:07:00+09:00,29600.0,29600.0,29600.0,29600.0,67,0.0,0.0
2024-08-14 14:08:00+09:00,29600.0,29700.0,29600.0,29700.0,105,0.0,0.0
2024-08-14 14:09:00+09:00,29650.0,29700.0,29550.0,29550.0,5,0.0,0.0
2024-08-14 14:10:00+09:00,29600.0,29650.0,29550.0,29600.0,46,0.0,0.0
2024-08-14 14:11:00+09:00,29650.0,29750.0,29550.0,29700.0,151,0.0,0.0
2024-08-14 14:12:00+09:00,29700.0,29700.0,29650.0,29650.0,0,0.0,0.0
2024-08-14 14:13:00+09:00,29650.0,29750.0,29650.0,29650.0,92,0.0,0.0
2024-08-14 14:14:00+09:00,29650.0,29700.0,29550.0,29550.0,225,0.0,0.0
2024-08-14 14:15:00+09:00,29650.0,29650.0,29550.0,29650.0,159,0.0,0.0
2024-08-14 14:16:00+09:00,29600.0,29600.0,29600.0,29600.0,0,0.0,0.0
2024-08-14 14:17:00+09:00,29600.0,29600.0,29600.0,29600.0,53,0.0,0.0
2024-08-14 14:18:00+09:00,29600.0,29700.0,29600.0,29650.0,127,0.0,0.0
2024-08-14 14:19:00+09:00,29650.0,29700.0,29600.0,29600.0,177,0.0,0.0
2024-08-14 14:20:00+09:00,29650.0,29800.0,29650.0,29800.0,313,0.0,0.0
2024-08-14 14:21:00+09:00,29750.0,29850.0,29750.0,29800.0,270,0.0,0.0
2024-08-14 14:22:00+09:00,29700.0,29850.0,29700.0,29700.0,274,0.0,0.0
2024-08-14 14:23:00+09:00,29750.0,29900.0,29650.0,29650.0,450,0.0,0.0
2024-08-14 14:24:00+09:00,29650.0,29650.0,29600.0,29600.0,299,0.0,0.0
2024-08-14 14:25:00+09:00,29600.0,29950.0,29550.0,29950.0,1025,0.0,0.0
2024-08-14 14:26:00+09:00,29850.0,29850.0,29700.0,29700.0,35,0.0,0.0
2024-08-14 14:27:00+09:00,29650.0,29650.0,29600.0,29650.0,69,0.0,0.0
2024-08-14 14:28:00+09:00,29650.0,29900.0,29650.0,29750.0,83,0.0,0.0
2024-08-14 14:29:00+09:00,29700.0,29700.0,29550.0,29550.0,524,0.0,0.0
2024-08-14 14:30:00+09:00,29550.0,29750.0,29500.0,29600.0,0,0.0,0.0
2024-08-14 14:31:00+09:00,29600.0,29750.0,29600.0,29600.0,465,0.0,0.0
2024-08-14 14:32:00+09:00,29550.0,29550.0,29500.0,29500.0,470,0.0,0.0
2024-08-14 14:33:00+09:00,29550.0,29700.0,29550.0,29650.0,336,0.0,0.0
2024-08-14 14:34:00+09:00,29600.0,29750.0,29600.0,29700.0,349,0.0,0.0
2024-08-14 14:35:00+09:00,29700.0,29800.0,29650.0,29650.0,1405,0.0,0.0
2024-08-14 14:36:00+09:00,29850.0,29850.0,29750.0,29750.0,73,0.0,0.0
2024-08-14 14:37:00+09:00,29700.0,29750.0,29700.0,29750.0,146,0.0,0.0
2024-08-14 14:38:00+09:00,29750.0,29750.0,29700.0,29700.0,100,0.0,0.0
2024-08-14 14:39:00+09:00,29700.0,29700.0,29650.0,29650.0,344,0.0,0.0
2024-08-14 14:40:00+09:00,29650.0,29750.0,29650.0,29700.0,190,0.0,0.0
2024-08-14 14:41:00+09:00,29700.0,29750.0,29600.0,29600.0,542,0.0,0.0
2024-08-14 14:42:00+09:00,29650.0,29700.0,29650.0,29650.0,20,0.0,0.0
2024-08-14 14:43:00+09:00,29700.0,29700.0,29650.0,29650.0,143,0.0,0.0
2024-08-14 14:44:00+09:00,29650.0,29700.0,29600.0,29700.0,246,0.0,0.0
2024-08-14 14:45:00+09:00,29650.0,29700.0,29600.0,29700.0,200,0.0,0.0
2024-08-14 14:46:00+09:00,29650.0,29900.0,29650.0,29850.0,997,0.0,0.0
2024-08-14 14:47:00+09:00,29800.0,29800.0,29700.0,29700.0,414,0.0,0.0
2024-08-14 14:48:00+09:00,29700.0,29750.0,29650.0,29650.0,362,0.0,0.0
2024-08-14 14:49:00+09:00,29700.0,29800.0,29650.0,29650.0,250,0.0,0.0
2024-08-14 14:50:00+09:00,29750.0,29800.0,29550.0,29550.0,536,0.0,0.0
2024-08-14 14:51:00+09:00,29550.0,29650.0,29500.0,29500.0,274,0.0,0.0
2024-08-14 14:52:00+09:00,29550.0,29650.0,29550.0,29600.0,314,0.0,0.0
2024-08-14 14:53:00+09:00,29550.0,29600.0,29400.0,29600.0,760,0.0,0.0
2024-08-14 14:54:00+09:00,29400.0,29650.0,29400.0,29450.0,403,0.0,0.0
2024-08-14 14:55:00+09:00,29450.0,29500.0,29450.0,29500.0,19,0.0,0.0
2024-08-14 14:56:00+09:00,29500.0,29550.0,29500.0,29500.0,91,0.0,0.0
2024-08-14 14:57:00+09:00,29550.0,29550.0,29500.0,29550.0,137,0.0,0.0
2024-08-14 14:58:00+09:00,29500.0,29500.0,29450.0,29450.0,239,0.0,0.0
2024-08-14 14:59:00+09:00,29400.0,29550.0,29400.0,29450.0,756,0.0,0.0
2024-08-16 09:00:00+09:00,30800.0,30800.0,30300.0,30800.0,8673,0.0,0.0
2024-08-16 09:01:00+09:00,30800.0,30900.0,30600.0,30700.0,3691,0.0,0.0
2024-08-16 09:02:00+09:00,30700.0,30800.0,30550.0,30600.0,1156,0.0,0.0
2024-08-16 09:03:00+09:00,30650.0,31100.0,30600.0,31050.0,3981,0.0,0.0
2024-08-16 09:04:00+09:00,31050.0,31050.0,30600.0,30800.0,3488,0.0,0.0
2024-08-16 09:05:00+09:00,30800.0,30800.0,30600.0,30600.0,545,0.0,0.0
2024-08-16 09:06:00+09:00,30600.0,30750.0,30600.0,30700.0,800,0.0,0.0
2024-08-16 09:07:00+09:00,30700.0,30900.0,30650.0,30900.0,1102,0.0,0.0
2024-08-16 09:08:00+09:00,30900.0,30900.0,30750.0,30750.0,438,0.0,0.0
2024-08-16 09:09:00+09:00,30750.0,30750.0,30700.0,30700.0,794,0.0,0.0
2024-08-16 09:10:00+09:00,30750.0,30750.0,30450.0,30450.0,2674,0.0,0.0
2024-08-16 09:11:00+09:00,30450.0,30500.0,30400.0,30400.0,734,0.0,0.0
2024-08-16 09:12:00+09:00,30450.0,30500.0,30400.0,30400.0,1056,0.0,0.0
2024-08-16 09:13:00+09:00,30400.0,30550.0,30400.0,30450.0,997,0.0,0.0
2024-08-16 09:14:00+09:00,30550.0,30600.0,30550.0,30600.0,263,0.0,0.0
2024-08-16 09:15:00+09:00,30600.0,30700.0,30600.0,30700.0,200,0.0,0.0
2024-08-16 09:16:00+09:00,30700.0,30700.0,30600.0,30600.0,295,0.0,0.0
2024-08-16 09:17:00+09:00,30650.0,30800.0,30650.0,30700.0,1010,0.0,0.0
2024-08-16 09:18:00+09:00,30750.0,30850.0,30750.0,30850.0,207,0.0,0.0
2024-08-16 09:19:00+09:00,30850.0,30850.0,30850.0,30850.0,483,0.0,0.0
2024-08-16 09:20:00+09:00,30850.0,30900.0,30850.0,30900.0,872,0.0,0.0
2024-08-16 09:21:00+09:00,30850.0,30950.0,30850.0,30850.0,1417,0.0,0.0
2024-08-16 09:22:00+09:00,30850.0,30850.0,30800.0,30800.0,289,0.0,0.0
2024-08-16 09:23:00+09:00,30800.0,30900.0,30800.0,30800.0,500,0.0,0.0
2024-08-16 09:24:00+09:00,30800.0,30800.0,30700.0,30700.0,587,0.0,0.0
2024-08-16 09:25:00+09:00,30650.0,30700.0,30600.0,30600.0,253,0.0,0.0
2024-08-16 09:26:00+09:00,30650.0,30750.0,30600.0,30600.0,213,0.0,0.0
2024-08-16 09:27:00+09:00,30650.0,30650.0,30600.0,30600.0,189,0.0,0.0
2024-08-16 09:28:00+09:00,30600.0,30700.0,30600.0,30650.0,738,0.0,0.0
2024-08-16 09:29:00+09:00,30650.0,30650.0,30650.0,30650.0,56,0.0,0.0
2024-08-16 09:30:00+09:00,30700.0,30700.0,30650.0,30700.0,399,0.0,0.0
2024-08-16 09:31:00+09:00,30650.0,30650.0,30650.0,30650.0,214,0.0,0.0
2024-08-16 09:32:00+09:00,30650.0,30650.0,30600.0,30600.0,274,0.0,0.0
2024-08-16 09:33:00+09:00,30600.0,30600.0,30500.0,30500.0,1168,0.0,0.0
2024-08-16 09:34:00+09:00,30500.0,30500.0,30450.0,30500.0,681,0.0,0.0
2024-08-16 09:35:00+09:00,30500.0,30500.0,30450.0,30450.0,609,0.0,0.0
2024-08-16 09:36:00+09:00,30500.0,30550.0,30450.0,30500.0,689,0.0,0.0
2024-08-16 09:37:00+09:00,30500.0,30600.0,30450.0,30600.0,0,0.0,0.0
2024-08-16 09:38:00+09:00,30600.0,30600.0,30500.0,30500.0,447,0.0,0.0
2024-08-16 09:39:00+09:00,30500.0,30600.0,30500.0,30550.0,0,0.0,0.0
2024-08-16 09:40:00+09:00,30550.0,30650.0,30450.0,30500.0,483,0.0,0.0
2024-08-16 09:42:00+09:00,30600.0,30650.0,30550.0,30550.0,80,0.0,0.0
2024-08-16 09:43:00+09:00,30550.0,30550.0,30550.0,30550.0,48,0.0,0.0
2024-08-16 09:44:00+09:00,30600.0,30600.0,30550.0,30600.0,479,0.0,0.0
2024-08-16 09:45:00+09:00,30600.0,30600.0,30550.0,30550.0,198,0.0,0.0
2024-08-16 09:46:00+09:00,30550.0,30550.0,30550.0,30550.0,0,0.0,0.0
2024-08-16 09:47:00+09:00,30500.0,30550.0,30500.0,30550.0,163,0.0,0.0
2024-08-16 09:48:00+09:00,30550.0,30550.0,30500.0,30500.0,119,0.0,0.0
2024-08-16 09:49:00+09:00,30500.0,30500.0,30450.0,30500.0,1401,0.0,0.0
2024-08-16 09:50:00+09:00,30500.0,30500.0,30450.0,30450.0,1437,0.0,0.0
2024-08-16 09:51:00+09:00,30450.0,30500.0,30450.0,30450.0,0,0.0,0.0
2024-08-16 09:52:00+09:00,30500.0,30500.0,30450.0,30450.0,154,0.0,0.0
2024-08-16 09:53:00+09:00,30500.0,30500.0,30500.0,30500.0,47,0.0,0.0
2024-08-16 09:54:00+09:00,30450.0,30450.0,30450.0,30450.0,55,0.0,0.0
2024-08-16 09:55:00+09:00,30450.0,30500.0,30450.0,30500.0,281,0.0,0.0
2024-08-16 09:56:00+09:00,30500.0,30500.0,30450.0,30450.0,130,0.0,0.0
2024-08-16 09:57:00+09:00,30450.0,30450.0,30400.0,30450.0,439,0.0,0.0
2024-08-16 09:58:00+09:00,30450.0,30500.0,30450.0,30500.0,165,0.0,0.0
2024-08-16 09:59:00+09:00,30500.0,30500.0,30450.0,30450.0,53,0.0,0.0
2024-08-16 10:00:00+09:00,30450.0,30450.0,30400.0,30400.0,1045,0.0,0.0
2024-08-16 10:01:00+09:00,30400.0,30450.0,30400.0,30450.0,176,0.0,0.0
2024-08-16 10:03:00+09:00,30450.0,30550.0,30400.0,30400.0,915,0.0,0.0
2024-08-16 10:04:00+09:00,30400.0,30450.0,30400.0,30450.0,55,0.0,0.0
2024-08-16 10:06:00+09:00,30550.0,30550.0,30450.0,30450.0,103,0.0,0.0
2024-08-16 10:07:00+09:00,30450.0,30550.0,30450.0,30500.0,49,0.0,0.0
2024-08-16 10:08:00+09:00,30500.0,30500.0,30500.0,30500.0,16,0.0,0.0
2024-08-16 10:09:00+09:00,30500.0,30550.0,30500.0,30550.0,134,0.0,0.0
2024-08-16 10:10:00+09:00,30500.0,30500.0,30450.0,30450.0,190,0.0,0.0
2024-08-16 10:11:00+09:00,30500.0,30500.0,30500.0,30500.0,0,0.0,0.0
2024-08-16 10:12:00+09:00,30450.0,30450.0,30400.0,30450.0,996,0.0,0.0
2024-08-16 10:13:00+09:00,30450.0,30450.0,30450.0,30450.0,0,0.0,0.0
2024-08-16 10:14:00+09:00,30500.0,30500.0,30300.0,30300.0,3084,0.0,0.0
2024-08-16 10:15:00+09:00,30350.0,30350.0,30050.0,30050.0,2121,0.0,0.0
2024-08-16 10:16:00+09:00,30050.0,30200.0,30050.0,30100.0,2083,0.0,0.0
2024-08-16 10:17:00+09:00,30100.0,30100.0,30000.0,30000.0,1681,0.0,0.0
2024-08-16 10:18:00+09:00,30000.0,30150.0,30000.0,30050.0,0,0.0,0.0
2024-08-16 10:19:00+09:00,30150.0,30250.0,30100.0,30100.0,128,0.0,0.0
2024-08-16 10:20:00+09:00,30100.0,30250.0,30100.0,30250.0,63,0.0,0.0
2024-08-16 10:21:00+09:00,30250.0,30250.0,30100.0,30100.0,85,0.0,0.0
2024-08-16 10:22:00+09:00,30100.0,30150.0,30100.0,30100.0,245,0.0,0.0
2024-08-16 10:23:00+09:00,30100.0,30150.0,30100.0,30150.0,0,0.0,0.0
2024-08-16 10:24:00+09:00,30150.0,30150.0,30100.0,30100.0,23,0.0,0.0
2024-08-16 10:25:00+09:00,30100.0,30100.0,30100.0,30100.0,335,0.0,0.0
2024-08-16 10:26:00+09:00,30150.0,30150.0,30150.0,30150.0,65,0.0,0.0
2024-08-16 10:27:00+09:00,30150.0,30150.0,29950.0,29950.0,1998,0.0,0.0
2024-08-16 10:28:00+09:00,29900.0,29900.0,29850.0,29850.0,628,0.0,0.0
2024-08-16 10:29:00+09:00,29850.0,29900.0,29800.0,29850.0,192,0.0,0.0
2024-08-16 10:30:00+09:00,29850.0,29900.0,29800.0,29900.0,132,0.0,0.0
2024-08-16 10:31:00+09:00,29900.0,30000.0,29900.0,29950.0,792,0.0,0.0
2024-08-16 10:32:00+09:00,29950.0,30100.0,29950.0,30100.0,2683,0.0,0.0
2024-08-16 10:33:00+09:00,30050.0,30250.0,30050.0,30250.0,648,0.0,0.0
2024-08-16 10:34:00+09:00,30250.0,30250.0,30200.0,30250.0,124,0.0,0.0
2024-08-16 10:35:00+09:00,30250.0,30250.0,30250.0,30250.0,9,0.0,0.0
2024-08-16 10:36:00+09:00,30250.0,30250.0,30200.0,30250.0,0,0.0,0.0
2024-08-16 10:37:00+09:00,30200.0,30200.0,30200.0,30200.0,370,0.0,0.0
2024-08-16 10:38:00+09:00,30200.0,30250.0,30200.0,30250.0,306,0.0,0.0
2024-08-16 10:39:00+09:00,30200.0,30200.0,30150.0,30150.0,134,0.0,0.0
2024-08-16 10:40:00+09:00,30250.0,30250.0,30200.0,30200.0,198,0.0,0.0
2024-08-16 10:41:00+09:00,30200.0,30200.0,30150.0,30150.0,251,0.0,0.0
2024-08-16 10:42:00+09:00,30200.0,30200.0,30150.0,30150.0,0,0.0,0.0
2024-08-16 10:43:00+09:00,30100.0,30200.0,30100.0,30150.0,135,0.0,0.0
2024-08-16 10:44:00+09:00,30150.0,30150.0,30150.0,30150.0,31,0.0,0.0
2024-08-16 10:45:00+09:00,30150.0,30150.0,30150.0,30150.0,7,0.0,0.0
2024-08-16 10:46:00+09:00,30150.0,30150.0,30150.0,30150.0,43,0.0,0.0
2024-08-16 10:48:00+09:00,30150.0,30200.0,30150.0,30150.0,99,0.0,0.0
2024-08-16 10:49:00+09:00,30150.0,30150.0,30150.0,30150.0,21,0.0,0.0
2024-08-16 10:50:00+09:00,30200.0,30200.0,30150.0,30150.0,254,0.0,0.0
2024-08-16 10:51:00+09:00,30150.0,30150.0,30150.0,30150.0,18,0.0,0.0
2024-08-16 10:52:00+09:00,30150.0,30150.0,30150.0,30150.0,929,0.0,0.0
2024-08-16 10:53:00+09:00,30200.0,30200.0,30150.0,30150.0,41,0.0,0.0
2024-08-16 10:54:00+09:00,30150.0,30150.0,30150.0,30150.0,59,0.0,0.0
2024-08-16 10:55:00+09:00,30150.0,30150.0,30150.0,30150.0,11,0.0,0.0
2024-08-16 10:56:00+09:00,30200.0,30250.0,30150.0,30150.0,536,0.0,0.0
2024-08-16 10:57:00+09:00,30200.0,30200.0,30150.0,30150.0,99,0.0,0.0
2024-08-16 10:58:00+09:00,30150.0,30150.0,30150.0,30150.0,673,0.0,0.0
2024-08-16 10:59:00+09:00,30100.0,30150.0,30100.0,30150.0,0,0.0,0.0
2024-08-16 11:00:00+09:00,30100.0,30100.0,30100.0,30100.0,0,0.0,0.0
2024-08-16 11:01:00+09:00,30100.0,30100.0,30100.0,30100.0,130,0.0,0.0
2024-08-16 11:02:00+09:00,30100.0,30100.0,30050.0,30050.0,168,0.0,0.0
2024-08-16 11:03:00+09:00,30050.0,30050.0,30050.0,30050.0,0,0.0,0.0
2024-08-16 11:04:00+09:00,30050.0,30050.0,30000.0,30000.0,61,0.0,0.0
2024-08-16 11:05:00+09:00,30000.0,30050.0,29900.0,29900.0,717,0.0,0.0
2024-08-16 11:06:00+09:00,29950.0,29950.0,29900.0,29900.0,0,0.0,0.0
2024-08-16 11:07:00+09:00,30000.0,30050.0,30000.0,30050.0,38,0.0,0.0
2024-08-16 11:08:00+09:00,30000.0,30000.0,30000.0,30000.0,9,0.0,0.0
2024-08-16 11:09:00+09:00,30000.0,30000.0,30000.0,30000.0,7,0.0,0.0
2024-08-16 11:10:00+09:00,30050.0,30050.0,30000.0,30000.0,181,0.0,0.0
2024-08-16 11:11:00+09:00,30050.0,30050.0,30000.0,30000.0,214,0.0,0.0
2024-08-16 11:12:00+09:00,30000.0,30000.0,29950.0,29950.0,0,0.0,0.0
2024-08-16 11:13:00+09:00,29950.0,30000.0,29950.0,30000.0,441,0.0,0.0
2024-08-16 11:14:00+09:00,30000.0,30000.0,30000.0,30000.0,0,0.0,0.0
2024-08-16 11:15:00+09:00,30000.0,30000.0,29950.0,29950.0,56,0.0,0.0
2024-08-16 11:16:00+09:00,30000.0,30000.0,30000.0,30000.0,524,0.0,0.0
2024-08-16 11:18:00+09:00,30050.0,30050.0,30050.0,30050.0,70,0.0,0.0
2024-08-16 11:19:00+09:00,30050.0,30050.0,30050.0,30050.0,77,0.0,0.0
2024-08-16 11:20:00+09:00,30100.0,30100.0,30100.0,30100.0,0,0.0,0.0
2024-08-16 11:22:00+09:00,30050.0,30100.0,30050.0,30100.0,125,0.0,0.0
2024-08-16 11:23:00+09:00,30150.0,30200.0,30150.0,30200.0,235,0.0,0.0
2024-08-16 11:24:00+09:00,30200.0,30250.0,30200.0,30250.0,218,0.0,0.0
2024-08-16 11:25:00+09:00,30200.0,30200.0,30200.0,30200.0,0,0.0,0.0
2024-08-16 11:26:00+09:00,30200.0,30250.0,30200.0,30250.0,46,0.0,0.0
2024-08-16 11:27:00+09:00,30200.0,30250.0,30200.0,30250.0,131,0.0,0.0
2024-08-16 11:28:00+09:00,30200.0,30200.0,30200.0,30200.0,147,0.0,0.0
2024-08-16 11:29:00+09:00,30200.0,30250.0,30200.0,30200.0,28,0.0,0.0
2024-08-16 11:30:00+09:00,30200.0,30250.0,30200.0,30250.0,67,0.0,0.0
2024-08-16 11:31:00+09:00,30250.0,30250.0,30250.0,30250.0,34,0.0,0.0
2024-08-16 11:32:00+09:00,30200.0,30200.0,30200.0,30200.0,48,0.0,0.0
2024-08-16 11:33:00+09:00,30200.0,30200.0,30200.0,30200.0,27,0.0,0.0
2024-08-16 11:34:00+09:00,30250.0,30250.0,30250.0,30250.0,1,0.0,0.0
2024-08-16 11:35:00+09:00,30200.0,30200.0,30200.0,30200.0,34,0.0,0.0
2024-08-16 11:36:00+09:00,30250.0,30250.0,30250.0,30250.0,65,0.0,0.0
2024-08-16 11:37:00+09:00,30200.0,30200.0,30200.0,30200.0,52,0.0,0.0
2024-08-16 11:38:00+09:00,30200.0,30200.0,30200.0,30200.0,69,0.0,0.0
2024-08-16 11:40:00+09:00,30200.0,30200.0,30150.0,30150.0,4,0.0,0.0
2024-08-16 11:41:00+09:00,30150.0,30200.0,30150.0,30200.0,94,0.0,0.0
2024-08-16 11:42:00+09:00,30200.0,30200.0,30150.0,30150.0,50,0.0,0.0
2024-08-16 11:43:00+09:00,30250.0,30250.0,30250.0,30250.0,0,0.0,0.0
2024-08-16 11:44:00+09:00,30200.0,30200.0,30200.0,30200.0,118,0.0,0.0
2024-08-16 11:45:00+09:00,30150.0,30250.0,30150.0,30250.0,18,0.0,0.0
2024-08-16 11:46:00+09:00,30250.0,30250.0,30250.0,30250.0,0,0.0,0.0
2024-08-16 11:47:00+09:00,30250.0,30250.0,30200.0,30200.0,64,0.0,0.0
2024-08-16 11:49:00+09:00,30200.0,30200.0,30200.0,30200.0,135,0.0,0.0
2024-08-16 11:50:00+09:00,30200.0,30200.0,30150.0,30150.0,0,0.0,0.0
2024-08-16 11:51:00+09:00,30150.0,30150.0,30150.0,30150.0,10,0.0,0.0
2024-08-16 11:52:00+09:00,30150.0,30200.0,30150.0,30150.0,143,0.0,0.0
2024-08-16 11:53:00+09:00,30150.0,30200.0,30150.0,30200.0,0,0.0,0.0
2024-08-16 11:54:00+09:00,30150.0,30150.0,30150.0,30150.0,222,0.0,0.0
2024-08-16 11:55:00+09:00,30150.0,30200.0,30150.0,30150.0,242,0.0,0.0
2024-08-16 11:57:00+09:00,30150.0,30150.0,30150.0,30150.0,4,0.0,0.0
2024-08-16 11:58:00+09:00,30150.0,30200.0,30150.0,30150.0,87,0.0,0.0
2024-08-16 12:00:00+09:00,30150.0,30150.0,30100.0,30100.0,105,0.0,0.0
2024-08-16 12:01:00+09:00,30150.0,30150.0,30150.0,30150.0,68,0.0,0.0
2024-08-16 12:02:00+09:00,30100.0,30100.0,30000.0,30000.0,1215,0.0,0.0
2024-08-16 12:03:00+09:00,30050.0,30050.0,30050.0,30050.0,59,0.0,0.0
2024-08-16 12:04:00+09:00,30050.0,30050.0,30000.0,30000.0,67,0.0,0.0
2024-08-16 12:06:00+09:00,30000.0,30000.0,30000.0,30000.0,4,0.0,0.0
2024-08-16 12:07:00+09:00,30050.0,30050.0,30050.0,30050.0,79,0.0,0.0
2024-08-16 12:09:00+09:00,30050.0,30050.0,30050.0,30050.0,119,0.0,0.0
2024-08-16 12:11:00+09:00,30000.0,30000.0,30000.0,30000.0,0,0.0,0.0
2024-08-16 12:12:00+09:00,30050.0,30050.0,30050.0,30050.0,100,0.0,0.0
2024-08-16 12:14:00+09:00,30000.0,30000.0,29950.0,30000.0,384,0.0,0.0
2024-08-16 12:15:00+09:00,29950.0,29950.0,29950.0,29950.0,77,0.0,0.0
2024-08-16 12:16:00+09:00,30000.0,30000.0,30000.0,30000.0,60,0.0,0.0
2024-08-16 12:17:00+09:00,30000.0,30000.0,30000.0,30000.0,104,0.0,0.0
2024-08-16 12:18:00+09:00,30000.0,30000.0,29950.0,29950.0,147,0.0,0.0
2024-08-16 12:19:00+09:00,29900.0,29900.0,29900.0,29900.0,149,0.0,0.0
2024-08-16 12:21:00+09:00,30000.0,30000.0,30000.0,30000.0,0,0.0,0.0
2024-08-16 12:22:00+09:00,30000.0,30050.0,29950.0,29950.0,619,0.0,0.0
2024-08-16 12:23:00+09:00,30050.0,30050.0,30050.0,30050.0,153,0.0,0.0
2024-08-16 12:24:00+09:00,30050.0,30050.0,30050.0,30050.0,0,0.0,0.0
2024-08-16 12:25:00+09:00,30100.0,30100.0,30100.0,30100.0,40,0.0,0.0
2024-08-16 12:26:00+09:00,30100.0,30100.0,30050.0,30050.0,70,0.0,0.0
2024-08-16 12:27:00+09:00,30050.0,30050.0,30050.0,30050.0,65,0.0,0.0
2024-08-16 12:28:00+09:00,30050.0,30050.0,30050.0,30050.0,0,0.0,0.0
2024-08-16 12:29:00+09:00,30050.0,30050.0,30000.0,30000.0,61,0.0,0.0
2024-08-16 12:30:00+09:00,30000.0,30000.0,30000.0,30000.0,1,0.0,0.0
2024-08-16 12:31:00+09:00,30000.0,30050.0,30000.0,30050.0,252,0.0,0.0
2024-08-16 12:32:00+09:00,30050.0,30050.0,30050.0,30050.0,29,0.0,0.0
2024-08-16 12:34:00+09:00,30050.0,30100.0,30050.0,30100.0,128,0.0,0.0
2024-08-16 12:35:00+09:00,30100.0,30100.0,30100.0,30100.0,55,0.0,0.0
2024-08-16 12:36:00+09:00,30100.0,30100.0,30100.0,30100.0,20,0.0,0.0
2024-08-16 12:37:00+09:00,30150.0,30150.0,30150.0,30150.0,108,0.0,0.0
2024-08-16 12:38:00+09:00,30150.0,30150.0,30150.0,30150.0,0,0.0,0.0
2024-08-16 12:39:00+09:00,30100.0,30150.0,30100.0,30150.0,69,0.0,0.0
2024-08-16 12:40:00+09:00,30150.0,30150.0,30100.0,30100.0,109,0.0,0.0
2024-08-16 12:41:00+09:00,30100.0,30100.0,30100.0,30100.0,0,0.0,0.0
2024-08-16 12:42:00+09:00,30150.0,30150.0,30150.0,30150.0,76,0.0,0.0
2024-08-16 12:43:00+09:00,30150.0,30150.0,30050.0,30050.0,38,0.0,0.0
2024-08-16 12:47:00+09:00,30100.0,30100.0,30100.0,30100.0,39,0.0,0.0
2024-08-16 12:48:00+09:00,30150.0,30150.0,30150.0,30150.0,59,0.0,0.0
2024-08-16 12:49:00+09:00,30150.0,30200.0,30150.0,30200.0,621,0.0,0.0
2024-08-16 12:51:00+09:00,30150.0,30200.0,30100.0,30100.0,256,0.0,0.0
2024-08-16 12:52:00+09:00,30100.0,30100.0,30100.0,30100.0,30,0.0,0.0
2024-08-16 12:53:00+09:00,30150.0,30150.0,30100.0,30100.0,71,0.0,0.0
2024-08-16 12:54:00+09:00,30150.0,30150.0,30100.0,30100.0,49,0.0,0.0
2024-08-16 12:55:00+09:00,30200.0,30200.0,30100.0,30100.0,34,0.0,0.0
2024-08-16 12:56:00+09:00,30150.0,30150.0,30150.0,30150.0,2,0.0,0.0
2024-08-16 12:57:00+09:00,30150.0,30150.0,30150.0,30150.0,2,0.0,0.0
2024-08-16 12:58:00+09:00,30200.0,30200.0,30200.0,30200.0,147,0.0,0.0
2024-08-16 12:59:00+09:00,30250.0,30250.0,30200.0,30200.0,93,0.0,0.0
2024-08-16 13:00:00+09:00,30200.0,30200.0,30200.0,30200.0,2,0.0,0.0
2024-08-16 13:01:00+09:00,30200.0,30200.0,30150.0,30150.0,150,0.0,0.0
2024-08-16 13:02:00+09:00,30200.0,30200.0,30150.0,30150.0,81,0.0,0.0
2024-08-16 13:03:00+09:00,30200.0,30200.0,30100.0,30100.0,39,0.0,0.0
2024-08-16 13:04:00+09:00,30100.0,30100.0,30100.0,30100.0,8,0.0,0.0
2024-08-16 13:05:00+09:00,30150.0,30150.0,30150.0,30150.0,12,0.0,0.0
2024-08-16 13:06:00+09:00,30200.0,30200.0,30200.0,30200.0,210,0.0,0.0
2024-08-16 13:07:00+09:00,30150.0,30200.0,30150.0,30200.0,28,0.0,0.0
2024-08-16 13:08:00+09:00,30200.0,30200.0,30200.0,30200.0,34,0.0,0.0
2024-08-16 13:09:00+09:00,30200.0,30200.0,30200.0,30200.0,28,0.0,0.0
2024-08-16 13:10:00+09:00,30200.0,30250.0,30200.0,30200.0,112,0.0,0.0
2024-08-16 13:11:00+09:00,30200.0,30200.0,30150.0,30150.0,443,0.0,0.0
2024-08-16 13:12:00+09:00,30150.0,30150.0,30150.0,30150.0,12,0.0,0.0
2024-08-16 13:13:00+09:00,30150.0,30200.0,30150.0,30200.0,75,0.0,0.0
2024-08-16 13:14:00+09:00,30200.0,30250.0,30200.0,30200.0,191,0.0,0.0
2024-08-16 13:15:00+09:00,30150.0,30150.0,30150.0,30150.0,0,0.0,0.0
2024-08-16 13:16:00+09:00,30250.0,30250.0,30200.0,30200.0,782,0.0,0.0
2024-08-16 13:17:00+09:00,30200.0,30200.0,30200.0,30200.0,0,0.0,0.0
2024-08-16 13:18:00+09:00,30200.0,30300.0,30200.0,30300.0,484,0.0,0.0
2024-08-16 13:19:00+09:00,30300.0,30300.0,30150.0,30150.0,604,0.0,0.0
2024-08-16 13:20:00+09:00,30150.0,30250.0,30150.0,30250.0,0,0.0,0.0
2024-08-16 13:21:00+09:00,30150.0,30200.0,30150.0,30200.0,0,0.0,0.0
2024-08-16 13:22:00+09:00,30200.0,30200.0,30200.0,30200.0,78,0.0,0.0
2024-08-16 13:23:00+09:00,30150.0,30250.0,30150.0,30250.0,0,0.0,0.0
2024-08-16 13:24:00+09:00,30250.0,30250.0,30150.0,30150.0,105,0.0,0.0
2024-08-16 13:26:00+09:00,30150.0,30150.0,30150.0,30150.0,0,0.0,0.0
2024-08-16 13:27:00+09:00,30200.0,30200.0,30200.0,30200.0,117,0.0,0.0
2024-08-16 13:28:00+09:00,30200.0,30200.0,30150.0,30150.0,0,0.0,0.0
2024-08-16 13:29:00+09:00,30100.0,30100.0,30100.0,30100.0,29,0.0,0.0
2024-08-16 13:30:00+09:00,30150.0,30150.0,30100.0,30100.0,148,0.0,0.0
2024-08-16 13:31:00+09:00,30100.0,30100.0,30100.0,30100.0,17,0.0,0.0
2024-08-16 13:32:00+09:00,30150.0,30150.0,30100.0,30100.0,79,0.0,0.0
2024-08-16 13:33:00+09:00,30100.0,30100.0,30100.0,30100.0,0,0.0,0.0
2024-08-16 13:34:00+09:00,30100.0,30100.0,30100.0,30100.0,3,0.0,0.0
2024-08-16 13:35:00+09:00,30150.0,30150.0,30150.0,30150.0,118,0.0,0.0
2024-08-16 13:36:00+09:00,30100.0,30100.0,30000.0,30000.0,113,0.0,0.0
2024-08-16 13:38:00+09:00,30150.0,30150.0,30100.0,30150.0,41,0.0,0.0
2024-08-16 13:39:00+09:00,30150.0,30150.0,30150.0,30150.0,20,0.0,0.0
2024-08-16 13:40:00+09:00,30100.0,30100.0,30100.0,30100.0,53,0.0,0.0
2024-08-16 13:41:00+09:00,30100.0,30100.0,30100.0,30100.0,85,0.0,0.0
2024-08-16 13:42:00+09:00,30050.0,30100.0,30050.0,30100.0,101,0.0,0.0
2024-08-16 13:43:00+09:00,30100.0,30100.0,30050.0,30050.0,290,0.0,0.0
2024-08-16 13:45:00+09:00,30050.0,30050.0,30050.0,30050.0,0,0.0,0.0
2024-08-16 13:46:00+09:00,30100.0,30100.0,30100.0,30100.0,117,0.0,0.0
2024-08-16 13:47:00+09:00,30050.0,30100.0,30050.0,30100.0,5,0.0,0.0
2024-08-16 13:48:00+09:00,30050.0,30050.0,30050.0,30050.0,16,0.0,0.0
2024-08-16 13:49:00+09:00,30050.0,30100.0,30050.0,30100.0,69,0.0,0.0
2024-08-16 13:50:00+09:00,30100.0,30100.0,30050.0,30050.0,22,0.0,0.0
2024-08-16 13:51:00+09:00,30050.0,30100.0,30050.0,30100.0,21,0.0,0.0
2024-08-16 13:52:00+09:00,30100.0,30100.0,30050.0,30050.0,92,0.0,0.0
2024-08-16 13:53:00+09:00,30100.0,30100.0,30050.0,30050.0,47,0.0,0.0
2024-08-16 13:54:00+09:00,30100.0,30100.0,30000.0,30000.0,134,0.0,0.0
2024-08-16 13:55:00+09:00,30050.0,30100.0,30050.0,30100.0,80,0.0,0.0
2024-08-16 13:56:00+09:00,30100.0,30100.0,30100.0,30100.0,11,0.0,0.0
2024-08-16 13:57:00+09:00,30100.0,30100.0,30050.0,30050.0,177,0.0,0.0
2024-08-16 13:59:00+09:00,30050.0,30050.0,30050.0,30050.0,20,0.0,0.0
2024-08-16 14:00:00+09:00,30000.0,30050.0,30000.0,30050.0,125,0.0,0.0
2024-08-16 14:01:00+09:00,30050.0,30100.0,30050.0,30100.0,132,0.0,0.0
2024-08-16 14:02:00+09:00,30100.0,30100.0,30100.0,30100.0,435,0.0,0.0
2024-08-16 14:03:00+09:00,30150.0,30150.0,30150.0,30150.0,82,0.0,0.0
2024-08-16 14:04:00+09:00,30150.0,30150.0,30150.0,30150.0,53,0.0,0.0
2024-08-16 14:05:00+09:00,30150.0,30200.0,30150.0,30200.0,219,0.0,0.0
2024-08-16 14:06:00+09:00,30100.0,30100.0,30100.0,30100.0,0,0.0,0.0
2024-08-16 14:07:00+09:00,30100.0,30150.0,30100.0,30100.0,84,0.0,0.0
2024-08-16 14:08:00+09:00,30150.0,30150.0,30150.0,30150.0,195,0.0,0.0
2024-08-16 14:09:00+09:00,30150.0,30150.0,30100.0,30100.0,15,0.0,0.0
2024-08-16 14:11:00+09:00,30100.0,30200.0,30100.0,30200.0,220,0.0,0.0
2024-08-16 14:12:00+09:00,30200.0,30200.0,30200.0,30200.0,87,0.0,0.0
2024-08-16 14:13:00+09:00,30200.0,30200.0,30200.0,30200.0,31,0.0,0.0
2024-08-16 14:14:00+09:00,30150.0,30200.0,30150.0,30200.0,140,0.0,0.0
2024-08-16 14:15:00+09:00,30200.0,30200.0,30150.0,30150.0,68,0.0,0.0
2024-08-16 14:16:00+09:00,30150.0,30150.0,30100.0,30100.0,0,0.0,0.0
2024-08-16 14:17:00+09:00,30150.0,30150.0,30150.0,30150.0,4,0.0,0.0
2024-08-16 14:18:00+09:00,30150.0,30150.0,30150.0,30150.0,90,0.0,0.0
2024-08-16 14:19:00+09:00,30150.0,30150.0,30100.0,30150.0,42,0.0,0.0
2024-08-16 14:20:00+09:00,30150.0,30150.0,30150.0,30150.0,90,0.0,0.0
2024-08-16 14:21:00+09:00,30150.0,30150.0,30150.0,30150.0,3,0.0,0.0
2024-08-16 14:22:00+09:00,30100.0,30150.0,30100.0,30150.0,131,0.0,0.0
2024-08-16 14:23:00+09:00,30150.0,30150.0,30150.0,30150.0,83,0.0,0.0
2024-08-16 14:24:00+09:00,30200.0,30200.0,30200.0,30200.0,123,0.0,0.0
2024-08-16 14:25:00+09:00,30200.0,30200.0,30200.0,30200.0,254,0.0,0.0
2024-08-16 14:26:00+09:00,30200.0,30200.0,30200.0,30200.0,15,0.0,0.0
2024-08-16 14:28:00+09:00,30250.0,30300.0,30250.0,30300.0,921,0.0,0.0
2024-08-16 14:29:00+09:00,30250.0,30300.0,30250.0,30300.0,244,0.0,0.0
2024-08-16 14:30:00+09:00,30300.0,30350.0,30300.0,30350.0,326,0.0,0.0
2024-08-16 14:31:00+09:00,30350.0,30350.0,30300.0,30300.0,3,0.0,0.0
2024-08-16 14:32:00+09:00,30300.0,30350.0,30300.0,30350.0,122,0.0,0.0
2024-08-16 14:33:00+09:00,30350.0,30350.0,30350.0,30350.0,221,0.0,0.0
2024-08-16 14:34:00+09:00,30350.0,30350.0,30300.0,30300.0,497,0.0,0.0
2024-08-16 14:35:00+09:00,30300.0,30300.0,30300.0,30300.0,188,0.0,0.0
2024-08-16 14:36:00+09:00,30300.0,30400.0,30300.0,30400.0,255,0.0,0.0
2024-08-16 14:37:00+09:00,30350.0,30400.0,30300.0,30350.0,144,0.0,0.0
2024-08-16 14:38:00+09:00,30400.0,30400.0,30350.0,30350.0,23,0.0,0.0
2024-08-16 14:39:00+09:00,30350.0,30400.0,30350.0,30400.0,93,0.0,0.0
2024-08-16 14:40:00+09:00,30400.0,30400.0,30300.0,30300.0,42,0.0,0.0
2024-08-16 14:41:00+09:00,30400.0,30400.0,30400.0,30400.0,65,0.0,0.0
2024-08-16 14:42:00+09:00,30400.0,30400.0,30350.0,30350.0,46,0.0,0.0
2024-08-16 14:43:00+09:00,30350.0,30400.0,30350.0,30400.0,32,0.0,0.0
2024-08-16 14:44:00+09:00,30400.0,30400.0,30400.0,30400.0,213,0.0,0.0
2024-08-16 14:45:00+09:00,30400.0,30400.0,30400.0,30400.0,135,0.0,0.0
2024-08-16 14:46:00+09:00,30400.0,30400.0,30400.0,30400.0,21,0.0,0.0
2024-08-16 14:47:00+09:00,30400.0,30400.0,30400.0,30400.0,77,0.0,0.0
2024-08-16 14:48:00+09:00,30400.0,30400.0,30400.0,30400.0,51,0.0,0.0
2024-08-16 14:49:00+09:00,30400.0,30400.0,30350.0,30350.0,464,0.0,0.0
2024-08-16 14:50:00+09:00,30400.0,30400.0,30400.0,30400.0,67,0.0,0.0
2024-08-16 14:51:00+09:00,30400.0,30400.0,30350.0,30350.0,211,0.0,0.0
2024-08-16 14:52:00+09:00,30350.0,30400.0,30300.0,30300.0,67,0.0,0.0
2024-08-16 14:53:00+09:00,30300.0,30350.0,30300.0,30350.0,61,0.0,0.0
2024-08-16 14:54:00+09:00,30350.0,30350.0,30350.0,30350.0,26,0.0,0.0
2024-08-16 14:55:00+09:00,30350.0,30350.0,30300.0,30300.0,38,0.0,0.0
2024-08-16 14:56:00+09:00,30350.0,30350.0,30350.0,30350.0,272,0.0,0.0
2024-08-16 14:57:00+09:00,30350.0,30350.0,30350.0,30350.0,563,0.0,0.0
2024-08-16 14:58:00+09:00,30350.0,30350.0,30350.0,30350.0,0,0.0,0.0
2024-08-16 14:59:00+09:00,30400.0,30400.0,30300.0,30350.0,384,0.0,0.0
