Datetime,Open,High,Low,Close,Volume,Dividends,Stock Splits
2022-09-01 09:30:00-04:00,42.2400016784668,42.2400016784668,41.349998474121094,42.040000915527344,0,0.0,0.0
2022-09-01 10:30:00-04:00,42.279998779296875,42.279998779296875,41.790000915527344,42.040000915527344,6133,0.0,0.0
2022-09-01 11:30:00-04:00,42.040000915527344,42.195499420166016,41.67499923706055,41.67499923706055,10756,0.0,0.0
2022-09-01 12:30:00-04:00,41.65340042114258,41.86000061035156,41.65340042114258,41.849998474121094,5395,0.0,0.0
2022-09-01 13:30:00-04:00,41.9900016784668,42.02000045776367,41.439998626708984,41.439998626708984,11092,0.0,0.0
2022-09-01 14:30:00-04:00,41.56999969482422,41.790000915527344,41.31999969482422,41.34199905395508,11017,0.0,0.0
2022-09-01 15:30:00-04:00,41.33000183105469,41.720001220703125,41.2599983215332,41.619998931884766,31464,0.0,0.0
2022-09-02 09:30:00-04:00,38.959999084472656,39.43000030517578,35.33000183105469,35.4473991394043,60650,0.0,0.0
2022-09-02 10:30:00-04:00,35.776100158691406,35.970001220703125,33.959999084472656,34.40999984741211,49544,0.0,0.0
2022-09-02 11:30:00-04:00,34.28839874267578,36.005001068115234,34.15999984741211,35.95650100708008,53875,0.0,0.0
2022-09-02 12:30:00-04:00,35.85499954223633,36.599998474121094,35.40999984741211,36.119998931884766,64005,0.0,0.0
2022-09-02 13:30:00-04:00,36.16999816894531,36.290000915527344,35.52000045776367,35.90999984741211,27386,0.0,0.0
2022-09-02 14:30:00-04:00,35.9900016784668,36.37990188598633,35.63999938964844,35.67499923706055,41834,0.0,0.0
2022-09-02 15:30:00-04:00,35.67499923706055,35.790000915527344,34.650001525878906,35.09000015258789,73715,0.0,0.0
2022-09-06 09:30:00-04:00,35.2599983215332,37.369998931884766,34.880001068115234,37.25,39204,0.0,0.0
2022-09-06 10:30:00-04:00,37.474998474121094,37.900001525878906,37.01499938964844,37.029998779296875,32949,0.0,0.0
2022-09-06 11:30:00-04:00,36.95500183105469,37.06999969482422,36.47999954223633,36.56999969482422,12939,0.0,0.0
2022-09-06 12:30:00-04:00,36.69499969482422,37.496700286865234,36.61000061035156,37.0,16181,0.0,0.0
2022-09-06 13:30:00-04:00,37.08000183105469,37.099998474121094,36.80670166015625,36.86000061035156,8642,0.0,0.0
2022-09-06 14:30:00-04:00,36.915000915527344,36.93000030517578,36.63999938964844,36.915000915527344,16607,0.0,0.0
2022-09-06 15:30:00-04:00,36.959999084472656,37.040000915527344,36.790000915527344,36.88999938964844,36892,0.0,0.0
2022-09-07 09:30:00-04:00,36.88999938964844,37.54999923706055,35.70000076293945,35.84000015258789,11988,0.0,0.0
2022-09-07 10:30:00-04:00,35.720001220703125,36.08000183105469,35.45000076293945,35.64500045776367,10933,0.0,0.0
2022-09-07 11:30:00-04:00,35.64500045776367,36.209999084472656,35.58000183105469,36.154998779296875,6982,0.0,0.0
2022-09-07 12:30:00-04:00,36.33000183105469,36.56999969482422,36.20000076293945,36.20000076293945,8430,0.0,0.0
2022-09-07 13:30:00-04:00,36.09000015258789,36.91999816894531,36.09000015258789,36.90999984741211,13032,0.0,0.0
2022-09-07 14:30:00-04:00,36.849998474121094,37.119998931884766,36.65999984741211,36.86000061035156,18971,0.0,0.0
2022-09-07 15:30:00-04:00,36.79999923706055,36.84000015258789,36.61000061035156,36.7400016784668,29386,0.0,0.0
2022-09-08 09:30:00-04:00,36.470001220703125,36.470001220703125,34.61399841308594,34.779998779296875,11547,0.0,0.0
2022-09-08 10:30:00-04:00,34.7599983215332,35.5,34.56999969482422,35.290000915527344,26243,0.0,0.0
2022-09-08 11:30:00-04:00,35.38999938964844,35.73500061035156,35.38999938964844,35.41640090942383,9691,0.0,0.0
2022-09-08 12:30:00-04:00,35.400001525878906,35.599998474121094,35.0,35.119998931884766,19208,0.0,0.0
2022-09-08 13:30:00-04:00,35.2599983215332,35.900001525878906,35.0,35.540000915527344,23781,0.0,0.0
2022-09-08 14:30:00-04:00,35.61000061035156,35.61000061035156,35.040000915527344,35.119998931884766,9525,0.0,0.0
2022-09-08 15:30:00-04:00,35.04999923706055,35.189998626708984,34.959999084472656,35.130001068115234,19937,0.0,0.0
2022-09-09 09:30:00-04:00,35.290000915527344,36.755001068115234,34.89120101928711,36.369998931884766,8821,0.0,0.0
2022-09-09 10:30:00-04:00,36.22999954223633,36.68000030517578,36.0099983215332,36.68000030517578,8008,0.0,0.0
2022-09-09 11:30:00-04:00,36.75,37.09000015258789,36.73500061035156,36.939998626708984,15073,0.0,0.0
2022-09-09 12:30:00-04:00,36.90999984741211,37.130001068115234,36.84000015258789,37.130001068115234,15905,0.0,0.0
2022-09-09 13:30:00-04:00,37.119998931884766,37.369998931884766,37.09000015258789,37.279998779296875,9846,0.0,0.0
2022-09-09 14:30:00-04:00,37.2400016784668,37.459999084472656,37.220001220703125,37.23500061035156,10429,0.0,0.0
2022-09-09 15:30:00-04:00,37.2400016784668,37.36899948120117,37.18000030517578,37.36000061035156,28289,0.0,0.0
2022-09-12 09:30:00-04:00,37.849998474121094,37.849998474121094,36.529998779296875,36.959999084472656,13009,0.0,0.0
2022-09-12 10:30:00-04:00,36.875,37.099998474121094,36.65999984741211,37.04499816894531,8667,0.0,0.0
2022-09-12 11:30:00-04:00,37.07500076293945,37.43000030517578,37.07500076293945,37.415000915527344,9999,0.0,0.0
2022-09-12 12:30:00-04:00,37.459999084472656,37.619998931884766,37.31999969482422,37.369998931884766,13716,0.0,0.0
2022-09-12 13:30:00-04:00,37.40999984741211,37.40999984741211,36.66999816894531,36.66999816894531,13532,0.0,0.0
2022-09-12 14:30:00-04:00,36.6349983215332,36.95000076293945,36.4900016784668,36.88999938964844,13938,0.0,0.0
2022-09-12 15:30:00-04:00,36.900001525878906,37.005001068115234,36.630001068115234,36.84000015258789,25143,0.0,0.0
2022-09-13 09:30:00-04:00,36.540000915527344,36.880001068115234,36.349998474121094,36.5,7716,0.0,0.0
2022-09-13 10:30:00-04:00,36.45000076293945,36.45000076293945,36.0,36.02000045776367,9106,0.0,0.0
2022-09-13 11:30:00-04:00,35.93000030517578,36.26499938964844,35.93000030517578,36.2400016784668,5931,0.0,0.0
2022-09-13 12:30:00-04:00,36.18000030517578,36.34000015258789,36.04999923706055,36.09000015258789,8578,0.0,0.0
2022-09-13 13:30:00-04:00,36.18000030517578,36.209999084472656,35.91999816894531,36.04499816894531,6479,0.0,0.0
2022-09-13 14:30:00-04:00,36.08000183105469,36.084999084472656,35.459999084472656,35.459999084472656,10825,0.0,0.0
2022-09-13 15:30:00-04:00,35.33000183105469,35.45000076293945,35.2400016784668,35.43000030517578,25611,0.0,0.0
2022-09-14 09:30:00-04:00,35.119998931884766,35.54499816894531,34.900001525878906,34.900001525878906,8663,0.0,0.0
2022-09-14 10:30:00-04:00,34.85810089111328,34.880001068115234,34.720001220703125,34.81999969482422,5916,0.0,0.0
2022-09-14 11:30:00-04:00,34.88420104980469,35.244998931884766,34.86000061035156,35.0099983215332,13234,0.0,0.0
2022-09-14 12:30:00-04:00,35.0099983215332,35.31999969482422,34.97999954223633,35.31999969482422,4191,0.0,0.0
2022-09-14 13:30:00-04:00,35.22010040283203,35.22999954223633,34.939998626708984,34.97999954223633,13495,0.0,0.0
2022-09-14 14:30:00-04:00,35.130001068115234,35.130001068115234,34.779998779296875,34.869998931884766,9311,0.0,0.0
2022-09-14 15:30:00-04:00,34.79999923706055,35.040000915527344,34.77000045776367,35.02000045776367,18775,0.0,0.0
2022-09-15 09:30:00-04:00,34.90999984741211,35.02000045776367,34.67499923706055,34.939998626708984,10352,0.0,0.0
2022-09-15 10:30:00-04:00,35.06999969482422,35.83000183105469,34.970001220703125,34.970001220703125,26259,0.0,0.0
2022-09-15 11:30:00-04:00,34.900001525878906,35.02000045776367,34.720001220703125,34.970001220703125,7418,0.0,0.0
2022-09-15 12:30:00-04:00,35.0099983215332,35.20000076293945,34.970001220703125,35.119998931884766,7209,0.0,0.0
2022-09-15 13:30:00-04:00,35.099998474121094,35.099998474121094,34.81999969482422,34.81999969482422,5182,0.0,0.0
2022-09-15 14:30:00-04:00,34.842498779296875,34.959999084472656,34.56999969482422,34.61000061035156,10163,0.0,0.0
2022-09-15 15:30:00-04:00,34.619998931884766,34.790000915527344,34.599998474121094,34.630001068115234,14359,0.0,0.0
2022-09-16 09:30:00-04:00,34.790000915527344,35.45000076293945,34.279998779296875,35.18000030517578,24182,0.0,0.0
2022-09-16 10:30:00-04:00,35.05500030517578,35.279998779296875,35.05500030517578,35.09000015258789,8723,0.0,0.0
2022-09-16 11:30:00-04:00,35.04999923706055,35.29999923706055,34.88999938964844,34.900001525878906,9745,0.0,0.0
2022-09-16 12:30:00-04:00,34.8650016784668,35.40999984741211,34.849998474121094,35.22999954223633,20155,0.0,0.0
2022-09-16 13:30:00-04:00,35.290000915527344,35.290000915527344,34.880001068115234,35.08000183105469,12982,0.0,0.0
2022-09-16 14:30:00-04:00,35.0099983215332,35.20000076293945,34.89500045776367,34.90999984741211,26692,0.0,0.0
2022-09-16 15:30:00-04:00,34.91999816894531,34.970001220703125,34.790000915527344,34.91999816894531,29217,0.0,0.0
2022-09-19 09:30:00-04:00,34.9900016784668,35.189998626708984,34.5,34.709999084472656,8277,0.0,0.0
2022-09-19 10:30:00-04:00,34.630001068115234,35.060001373291016,34.56999969482422,34.775001525878906,7266,0.0,0.0
2022-09-19 11:30:00-04:00,34.810001373291016,34.939998626708984,34.67499923706055,34.67499923706055,7671,0.0,0.0
2022-09-19 12:30:00-04:00,34.709999084472656,34.849998474121094,34.5099983215332,34.52000045776367,10734,0.0,0.0
2022-09-19 13:30:00-04:00,34.540000915527344,34.72999954223633,34.3849983215332,34.4900016784668,13880,0.0,0.0
2022-09-19 14:30:00-04:00,34.54999923706055,34.599998474121094,34.22999954223633,34.38999938964844,16596,0.0,0.0
2022-09-19 15:30:00-04:00,34.32500076293945,34.79999923706055,34.310001373291016,34.619998931884766,25010,0.0,0.0
2022-09-20 09:30:00-04:00,34.45000076293945,34.8650016784668,34.109500885009766,34.52000045776367,4792,0.0,0.0
2022-09-20 10:30:00-04:00,34.31999969482422,34.560001373291016,34.31999969482422,34.38999938964844,3259,0.0,0.0
2022-09-20 11:30:00-04:00,34.30500030517578,34.30500030517578,34.20000076293945,34.2400016784668,2183,0.0,0.0
2022-09-20 12:30:00-04:00,34.15999984741211,34.15999984741211,33.869998931884766,33.939998626708984,6400,0.0,0.0
2022-09-20 13:30:00-04:00,33.994998931884766,34.08000183105469,33.900001525878906,34.06999969482422,2948,0.0,0.0
2022-09-20 14:30:00-04:00,34.025001525878906,34.244998931884766,34.025001525878906,34.2400016784668,7344,0.0,0.0
2022-09-20 15:30:00-04:00,34.209999084472656,34.38999938964844,34.189998626708984,34.31999969482422,14990,0.0,0.0
2022-09-21 09:30:00-04:00,34.88999938964844,34.88999938964844,33.599998474121094,34.09000015258789,11358,0.0,0.0
2022-09-21 10:30:00-04:00,34.19499969482422,34.345001220703125,34.0,34.345001220703125,11580,0.0,0.0
2022-09-21 11:30:00-04:00,34.36819839477539,34.59000015258789,34.36819839477539,34.540000915527344,2864,0.0,0.0
2022-09-21 12:30:00-04:00,34.56999969482422,34.68000030517578,34.56999969482422,34.63999938964844,2686,0.0,0.0
2022-09-21 13:30:00-04:00,34.86000061035156,34.869998931884766,34.19499969482422,34.224998474121094,5004,0.0,0.0
2022-09-21 14:30:00-04:00,34.224998474121094,34.81999969482422,34.209999084472656,34.57500076293945,9298,0.0,0.0
2022-09-21 15:30:00-04:00,34.5099983215332,34.5099983215332,34.064998626708984,34.38999938964844,26195,0.0,0.0
2022-09-22 09:30:00-04:00,34.47999954223633,34.5,34.16999816894531,34.47999954223633,14537,0.0,0.0
2022-09-22 10:30:00-04:00,34.310001373291016,34.408199310302734,34.18000030517578,34.408199310302734,3606,0.0,0.0
2022-09-22 11:30:00-04:00,34.40999984741211,34.630001068115234,34.349998474121094,34.630001068115234,7285,0.0,0.0
2022-09-22 12:30:00-04:00,34.66999816894531,34.84320068359375,34.66999816894531,34.84000015258789,5796,0.0,0.0
2022-09-22 13:30:00-04:00,34.900001525878906,35.0099983215332,34.27000045776367,34.27000045776367,17457,0.0,0.0
2022-09-22 14:30:00-04:00,34.189998626708984,34.209999084472656,34.029998779296875,34.029998779296875,12010,0.0,0.0
2022-09-22 15:30:00-04:00,34.150001525878906,34.459999084472656,34.029998779296875,34.11000061035156,13345,0.0,0.0
2022-09-23 09:30:00-04:00,33.75,34.09000015258789,33.62889862060547,33.63999938964844,4793,0.0,0.0
2022-09-23 10:30:00-04:00,33.67499923706055,33.724998474121094,33.20000076293945,33.2599983215332,7701,0.0,0.0
2022-09-23 11:30:00-04:00,33.060001373291016,33.17499923706055,32.83000183105469,32.97999954223633,6574,0.0,0.0
2022-09-23 12:30:00-04:00,32.86000061035156,32.9900016784668,32.81999969482422,32.880001068115234,8183,0.0,0.0
2022-09-23 13:30:00-04:00,32.83000183105469,32.880001068115234,32.75,32.81999969482422,8760,0.0,0.0
2022-09-23 14:30:00-04:00,32.810001373291016,32.951900482177734,32.599998474121094,32.939998626708984,11363,0.0,0.0
2022-09-23 15:30:00-04:00,32.97999954223633,33.040000915527344,32.88999938964844,32.900001525878906,19697,0.0,0.0
2022-09-26 09:30:00-04:00,32.91999816894531,33.68000030517578,32.91999816894531,33.68000030517578,6443,0.0,0.0
2022-09-26 10:30:00-04:00,33.599998474121094,33.599998474121094,33.15999984741211,33.22999954223633,21950,0.0,0.0
2022-09-26 11:30:00-04:00,33.22999954223633,33.27000045776367,33.130001068115234,33.13999938964844,4892,0.0,0.0
2022-09-26 12:30:00-04:00,32.9900016784668,32.9900016784668,32.66999816894531,32.66999816894531,4989,0.0,0.0
2022-09-26 13:30:00-04:00,32.727500915527344,33.029998779296875,32.58420181274414,32.98500061035156,8130,0.0,0.0
2022-09-26 14:30:00-04:00,32.959999084472656,33.189998626708984,32.8650016784668,32.915000915527344,12974,0.0,0.0
2022-09-26 15:30:00-04:00,32.880001068115234,33.0099983215332,32.79999923706055,32.959999084472656,17125,0.0,0.0
2022-09-27 09:30:00-04:00,33.02000045776367,33.59000015258789,33.02000045776367,33.48500061035156,7687,0.0,0.0
2022-09-27 10:30:00-04:00,33.70000076293945,33.79999923706055,33.15999984741211,33.15999984741211,8393,0.0,0.0
2022-09-27 11:30:00-04:00,33.13999938964844,33.13999938964844,32.790000915527344,32.790000915527344,5704,0.0,0.0
2022-09-27 12:30:00-04:00,32.619998931884766,32.83000183105469,32.61000061035156,32.63999938964844,7133,0.0,0.0
2022-09-27 13:30:00-04:00,32.630001068115234,32.76499938964844,32.459999084472656,32.540000915527344,10853,0.0,0.0
2022-09-27 14:30:00-04:00,32.5,32.58000183105469,32.48500061035156,32.4900016784668,4570,0.0,0.0
2022-09-27 15:30:00-04:00,32.4900016784668,32.49169921875,32.27000045776367,32.279998779296875,20511,0.0,0.0
2022-09-28 09:30:00-04:00,32.560001373291016,32.709999084472656,31.8700008392334,32.42499923706055,14394,0.0,0.0
2022-09-28 10:30:00-04:00,32.529998779296875,33.0,32.529998779296875,32.790000915527344,16148,0.0,0.0
2022-09-28 11:30:00-04:00,32.869998931884766,32.95000076293945,32.79010009765625,32.939998626708984,5444,0.0,0.0
2022-09-28 12:30:00-04:00,32.915000915527344,32.915000915527344,32.75,32.86000061035156,2725,0.0,0.0
2022-09-28 13:30:00-04:00,32.849998474121094,32.88999938964844,32.75,32.834999084472656,5042,0.0,0.0
2022-09-28 14:30:00-04:00,32.869998931884766,32.935001373291016,32.79999923706055,32.88999938964844,7850,0.0,0.0
2022-09-28 15:30:00-04:00,32.95000076293945,32.970001220703125,32.630001068115234,32.65999984741211,21227,0.0,0.0
2022-09-29 09:30:00-04:00,32.290000915527344,32.290000915527344,31.15999984741211,31.635000228881836,14162,0.0,0.0
2022-09-29 10:30:00-04:00,31.440000534057617,31.760000228881836,31.440000534057617,31.600000381469727,5538,0.0,0.0
2022-09-29 11:30:00-04:00,31.469999313354492,31.68000030517578,31.190000534057617,31.19499969482422,9191,0.0,0.0
2022-09-29 12:30:00-04:00,31.260000228881836,31.30500030517578,31.110000610351562,31.30500030517578,6956,0.0,0.0
2022-09-29 13:30:00-04:00,31.28380012512207,32.04999923706055,31.28380012512207,31.979999542236328,32548,0.0,0.0
2022-09-29 14:30:00-04:00,32.0,32.150001525878906,31.829999923706055,32.02000045776367,11081,0.0,0.0
2022-09-29 15:30:00-04:00,32.0,32.2400016784668,32.0,32.16999816894531,18465,0.0,0.0
2022-09-30 09:30:00-04:00,32.029998779296875,33.04999923706055,31.780000686645508,32.279998779296875,13735,0.0,0.0
2022-09-30 10:30:00-04:00,32.459999084472656,32.599998474121094,32.369998931884766,32.47999954223633,9420,0.0,0.0
2022-09-30 11:30:00-04:00,32.529998779296875,32.56999969482422,32.369998931884766,32.499000549316406,5523,0.0,0.0
2022-09-30 12:30:00-04:00,32.52000045776367,32.630001068115234,32.27000045776367,32.369998931884766,12928,0.0,0.0
2022-09-30 13:30:00-04:00,32.36199951171875,32.529998779296875,32.220001220703125,32.290000915527344,9519,0.0,0.0
2022-09-30 14:30:00-04:00,32.369998931884766,32.40999984741211,31.944599151611328,31.965999603271484,13301,0.0,0.0
2022-09-30 15:30:00-04:00,31.950000762939453,32.13999938964844,31.68000030517578,31.770000457763672,24127,0.0,0.0
2022-10-03 09:30:00-04:00,31.8700008392334,32.119998931884766,31.280000686645508,31.774999618530273,23508,0.0,0.0
2022-10-03 10:30:00-04:00,31.6299991607666,31.68000030517578,31.430999755859375,31.44499969482422,11553,0.0,0.0
2022-10-03 11:30:00-04:00,31.489999771118164,31.600000381469727,31.350000381469727,31.350000381469727,7361,0.0,0.0
2022-10-03 12:30:00-04:00,31.364999771118164,31.559999465942383,31.364999771118164,31.510000228881836,5716,0.0,0.0
2022-10-03 13:30:00-04:00,31.469999313354492,31.489999771118164,31.399999618530273,31.43000030517578,4257,0.0,0.0
2022-10-03 14:30:00-04:00,31.399999618530273,31.55500030517578,31.299999237060547,31.55500030517578,10692,0.0,0.0
2022-10-03 15:30:00-04:00,31.55500030517578,31.645000457763672,31.479999542236328,31.540000915527344,17094,0.0,0.0
2022-10-04 09:30:00-04:00,31.81999969482422,32.599998474121094,31.81999969482422,32.54999923706055,6653,0.0,0.0
2022-10-04 10:30:00-04:00,32.65999984741211,32.7400016784668,32.390098571777344,32.4900016784668,9932,0.0,0.0
2022-10-04 11:30:00-04:00,32.59000015258789,32.59000015258789,32.30120086669922,32.30120086669922,7731,0.0,0.0
2022-10-04 12:30:00-04:00,32.27000045776367,32.349998474121094,32.119998931884766,32.27000045776367,7700,0.0,0.0
2022-10-04 13:30:00-04:00,32.2672004699707,32.349998474121094,32.189998626708984,32.27000045776367,8827,0.0,0.0
2022-10-04 14:30:00-04:00,32.33000183105469,32.40999984741211,32.220001220703125,32.279998779296875,5992,0.0,0.0
2022-10-04 15:30:00-04:00,32.290000915527344,32.4900016784668,32.25,32.45000076293945,17447,0.0,0.0
2022-10-05 09:30:00-04:00,32.0,32.06999969482422,31.43000030517578,31.43000030517578,7117,0.0,0.0
2022-10-05 10:30:00-04:00,31.299999237060547,31.545000076293945,31.239999771118164,31.5,10263,0.0,0.0
2022-10-05 11:30:00-04:00,31.479999542236328,31.610000610351562,31.450000762939453,31.579999923706055,6770,0.0,0.0
2022-10-05 12:30:00-04:00,31.520000457763672,31.770000457763672,31.5,31.65999984741211,7321,0.0,0.0
2022-10-05 13:30:00-04:00,31.670000076293945,31.799999237060547,31.520000457763672,31.790000915527344,9401,0.0,0.0
2022-10-05 14:30:00-04:00,31.729999542236328,31.729999542236328,31.639999389648438,31.639999389648438,8894,0.0,0.0
2022-10-05 15:30:00-04:00,31.649999618530273,31.690000534057617,31.469999313354492,31.549999237060547,21971,0.0,0.0
2022-10-06 09:30:00-04:00,31.559999465942383,31.90850067138672,31.040000915527344,31.040000915527344,13620,0.0,0.0
2022-10-06 10:30:00-04:00,30.950000762939453,31.15999984741211,30.940000534057617,30.959999084472656,6299,0.0,0.0
2022-10-06 11:30:00-04:00,30.81999969482422,30.8700008392334,30.729999542236328,30.760000228881836,5027,0.0,0.0
2022-10-06 12:30:00-04:00,30.920000076293945,30.959999084472656,30.850000381469727,30.959999084472656,6257,0.0,0.0
2022-10-06 13:30:00-04:00,30.93000030517578,31.0,30.719999313354492,30.719999313354492,8469,0.0,0.0
2022-10-06 14:30:00-04:00,30.68000030517578,30.809999465942383,30.5,30.639999389648438,9782,0.0,0.0
2022-10-06 15:30:00-04:00,30.68000030517578,30.8700008392334,30.579999923706055,30.68000030517578,26828,0.0,0.0
2022-10-07 09:30:00-04:00,30.559999465942383,30.81999969482422,30.030000686645508,30.209999084472656,9859,0.0,0.0
2022-10-07 10:30:00-04:00,30.170000076293945,30.299999237060547,30.049999237060547,30.190000534057617,9411,0.0,0.0
2022-10-07 11:30:00-04:00,29.979999542236328,29.979999542236328,29.719999313354492,29.834999084472656,9604,0.0,0.0
2022-10-07 12:30:00-04:00,29.8700008392334,29.8700008392334,29.639999389648438,29.719999313354492,10906,0.0,0.0
2022-10-07 13:30:00-04:00,29.649999618530273,29.65999984741211,29.510000228881836,29.510000228881836,8484,0.0,0.0
2022-10-07 14:30:00-04:00,29.625,29.780000686645508,29.56999969482422,29.639999389648438,19230,0.0,0.0
2022-10-07 15:30:00-04:00,29.600000381469727,29.889999389648438,29.56999969482422,29.760000228881836,35650,0.0,0.0
2022-10-10 09:30:00-04:00,30.06999969482422,30.860000610351562,30.06999969482422,30.84000015258789,9621,0.0,0.0
2022-10-10 10:30:00-04:00,30.829999923706055,31.170000076293945,30.729999542236328,30.829999923706055,10553,0.0,0.0
2022-10-10 11:30:00-04:00,30.739999771118164,30.848600387573242,30.6299991607666,30.760000228881836,5132,0.0,0.0
2022-10-10 12:30:00-04:00,30.809999465942383,31.014999389648438,30.78499984741211,31.014999389648438,6904,0.0,0.0
2022-10-10 13:30:00-04:00,31.0,31.329999923706055,30.709999084472656,30.915000915527344,24323,0.0,0.0
2022-10-10 14:30:00-04:00,30.979999542236328,31.06999969482422,30.8700008392334,30.889999389648438,10944,0.0,0.0
2022-10-10 15:30:00-04:00,30.920000076293945,31.045000076293945,30.790000915527344,30.795000076293945,19434,0.0,0.0
2022-10-11 09:30:00-04:00,30.739999771118164,31.15999984741211,30.524999618530273,31.15999984741211,8755,0.0,0.0
2022-10-11 10:30:00-04:00,31.209999084472656,31.209999084472656,30.899999618530273,31.149999618530273,8628,0.0,0.0
2022-10-11 11:30:00-04:00,31.18000030517578,31.18000030517578,30.839399337768555,30.839399337768555,16131,0.0,0.0
2022-10-11 12:30:00-04:00,30.90999984741211,31.104999542236328,30.907499313354492,31.010000228881836,4963,0.0,0.0
2022-10-11 13:30:00-04:00,31.020000457763672,31.209999084472656,30.959999084472656,31.19499969482422,5680,0.0,0.0
2022-10-11 14:30:00-04:00,31.174999237060547,31.229999542236328,30.8799991607666,30.940000534057617,8440,0.0,0.0
2022-10-11 15:30:00-04:00,31.010000228881836,31.420000076293945,31.010000228881836,31.28499984741211,22713,0.0,0.0
2022-10-12 09:30:00-04:00,31.239999771118164,31.239999771118164,30.899999618530273,30.934999465942383,2803,0.0,0.0
2022-10-12 10:30:00-04:00,30.979999542236328,31.139999389648438,30.979999542236328,31.06999969482422,2366,0.0,0.0
2022-10-12 11:30:00-04:00,31.139999389648438,31.440000534057617,31.079999923706055,31.389999389648438,3085,0.0,0.0
2022-10-12 12:30:00-04:00,31.3799991607666,31.450000762939453,31.329999923706055,31.399999618530273,2759,0.0,0.0
2022-10-12 13:30:00-04:00,31.329999923706055,31.329999923706055,31.100000381469727,31.239999771118164,5383,0.0,0.0
2022-10-12 14:30:00-04:00,31.31999969482422,31.510000228881836,31.260000228881836,31.420000076293945,5010,0.0,0.0
2022-10-12 15:30:00-04:00,31.459999084472656,31.459999084472656,31.155000686645508,31.229999542236328,13079,0.0,0.0
2022-10-13 09:30:00-04:00,30.780000686645508,31.280000686645508,30.739999771118164,31.239999771118164,4536,0.0,0.0
2022-10-13 10:30:00-04:00,31.1299991607666,31.59000015258789,31.1299991607666,31.59000015258789,6294,0.0,0.0
2022-10-13 11:30:00-04:00,31.93000030517578,31.940000534057617,31.66010093688965,31.940000534057617,4410,0.0,0.0
2022-10-13 12:30:00-04:00,31.780000686645508,32.005001068115234,31.700000762939453,31.93000030517578,7196,0.0,0.0
2022-10-13 13:30:00-04:00,32.04999923706055,32.2400016784668,31.940000534057617,31.940000534057617,5063,0.0,0.0
2022-10-13 14:30:00-04:00,31.959999084472656,32.279998779296875,31.959999084472656,32.08000183105469,7210,0.0,0.0
2022-10-13 15:30:00-04:00,32.16999816894531,32.209999084472656,32.040000915527344,32.189998626708984,11537,0.0,0.0
2022-10-14 09:30:00-04:00,32.529998779296875,32.529998779296875,31.809999465942383,31.809999465942383,3475,0.0,0.0
2022-10-14 10:30:00-04:00,31.899999618530273,31.90999984741211,31.670000076293945,31.68000030517578,7194,0.0,0.0
2022-10-14 11:30:00-04:00,31.549999237060547,31.600000381469727,31.389999389648438,31.52989959716797,3590,0.0,0.0
2022-10-14 12:30:00-04:00,31.530000686645508,31.600000381469727,31.270000457763672,31.270000457763672,5222,0.0,0.0
2022-10-14 13:30:00-04:00,31.389999389648438,31.610000610351562,31.389999389648438,31.520000457763672,7339,0.0,0.0
2022-10-14 14:30:00-04:00,31.485000610351562,31.549999237060547,31.34000015258789,31.549999237060547,6517,0.0,0.0
2022-10-14 15:30:00-04:00,31.545000076293945,31.559999465942383,31.3700008392334,31.437000274658203,9685,0.0,0.0
2022-10-17 09:30:00-04:00,31.989999771118164,32.47999954223633,31.799999237060547,32.11000061035156,5419,0.0,0.0
2022-10-17 10:30:00-04:00,32.209999084472656,32.255001068115234,31.850000381469727,32.040000915527344,5531,0.0,0.0
2022-10-17 11:30:00-04:00,32.22999954223633,32.38999938964844,32.150001525878906,32.150001525878906,4390,0.0,0.0
2022-10-17 12:30:00-04:00,32.19499969482422,32.19499969482422,31.969999313354492,32.060001373291016,6740,0.0,0.0
2022-10-17 13:30:00-04:00,32.16999816894531,32.310001373291016,32.119998931884766,32.255001068115234,8147,0.0,0.0
2022-10-17 14:30:00-04:00,32.275001525878906,32.41999816894531,32.21200180053711,32.2400016784668,7241,0.0,0.0
2022-10-17 15:30:00-04:00,32.2400016784668,32.404998779296875,32.2400016784668,32.290000915527344,8785,0.0,0.0
2022-10-18 09:30:00-04:00,32.540000915527344,32.869998931884766,32.540000915527344,32.63159942626953,7197,0.0,0.0
2022-10-18 10:30:00-04:00,32.529998779296875,32.900001525878906,32.529998779296875,32.70000076293945,7246,0.0,0.0
2022-10-18 11:30:00-04:00,32.720001220703125,32.875,32.720001220703125,32.875,827,0.0,0.0
2022-10-18 12:30:00-04:00,32.7400016784668,32.7400016784668,32.5099983215332,32.689998626708984,5848,0.0,0.0
2022-10-18 13:30:00-04:00,32.650001525878906,32.650001525878906,32.505001068115234,32.58140182495117,4022,0.0,0.0
2022-10-18 14:30:00-04:00,32.599998474121094,32.6416015625,32.45500183105469,32.59000015258789,4271,0.0,0.0
2022-10-18 15:30:00-04:00,32.5,32.70000076293945,32.47999954223633,32.650001525878906,11194,0.0,0.0
2022-10-19 09:30:00-04:00,32.56999969482422,32.56999969482422,32.13999938964844,32.199100494384766,3634,0.0,0.0
2022-10-19 10:30:00-04:00,32.119998931884766,32.119998931884766,31.834999084472656,31.850000381469727,3694,0.0,0.0
2022-10-19 11:30:00-04:00,31.979999542236328,32.04999923706055,31.950000762939453,31.969999313354492,5425,0.0,0.0
2022-10-19 12:30:00-04:00,31.90999984741211,31.90999984741211,31.670000076293945,31.8799991607666,3975,0.0,0.0
2022-10-19 13:30:00-04:00,31.93000030517578,32.08000183105469,31.889999389648438,31.9950008392334,6334,0.0,0.0
2022-10-19 14:30:00-04:00,31.959999084472656,31.959999084472656,31.799999237060547,31.84000015258789,8009,0.0,0.0
2022-10-19 15:30:00-04:00,31.8799991607666,32.06999969482422,31.850000381469727,32.02000045776367,18675,0.0,0.0
2022-10-20 09:30:00-04:00,31.989999771118164,32.07789993286133,31.8700008392334,31.8700008392334,5010,0.0,0.0
2022-10-20 10:30:00-04:00,31.780000686645508,31.780000686645508,31.510000228881836,31.575000762939453,5425,0.0,0.0
2022-10-20 11:30:00-04:00,31.649999618530273,31.93000030517578,31.649999618530273,31.719999313354492,4393,0.0,0.0
2022-10-20 12:30:00-04:00,31.709999084472656,31.709999084472656,31.350000381469727,31.393199920654297,11683,0.0,0.0
2022-10-20 13:30:00-04:00,31.360000610351562,31.43000030517578,31.18000030517578,31.420000076293945,7619,0.0,0.0
2022-10-20 14:30:00-04:00,31.360000610351562,31.5049991607666,31.34000015258789,31.389999389648438,6686,0.0,0.0
2022-10-20 15:30:00-04:00,31.329999923706055,31.440000534057617,31.3075008392334,31.329999923706055,9563,0.0,0.0
2022-10-21 09:30:00-04:00,31.56999969482422,31.832799911499023,31.40999984741211,31.514999389648438,7512,0.0,0.0
2022-10-21 10:30:00-04:00,31.389999389648438,31.510000228881836,31.299999237060547,31.299999237060547,1524,0.0,0.0
2022-10-21 11:30:00-04:00,31.25,31.6299991607666,31.25,31.489999771118164,8134,0.0,0.0
2022-10-21 12:30:00-04:00,31.420000076293945,31.60689926147461,31.399999618530273,31.55500030517578,6328,0.0,0.0
2022-10-21 13:30:00-04:00,31.549999237060547,31.690000534057617,31.549999237060547,31.690000534057617,4756,0.0,0.0
2022-10-21 14:30:00-04:00,31.684999465942383,31.81999969482422,31.639999389648438,31.81999969482422,3967,0.0,0.0
2022-10-21 15:30:00-04:00,31.895000457763672,31.899999618530273,31.610000610351562,31.6299991607666,9839,0.0,0.0
2022-10-24 09:30:00-04:00,31.68000030517578,31.959999084472656,31.3799991607666,31.579999923706055,5681,0.0,0.0
2022-10-24 10:30:00-04:00,31.68000030517578,31.81999969482422,31.59000015258789,31.81999969482422,3376,0.0,0.0
2022-10-24 11:30:00-04:00,31.81999969482422,31.989999771118164,31.700000762939453,31.799999237060547,3169,0.0,0.0
2022-10-24 12:30:00-04:00,31.780000686645508,31.969999313354492,31.704999923706055,31.80699920654297,6691,0.0,0.0
2022-10-24 13:30:00-04:00,31.764999389648438,31.889999389648438,31.735000610351562,31.889999389648438,4269,0.0,0.0
2022-10-24 14:30:00-04:00,31.920000076293945,32.08000183105469,31.920000076293945,32.040000915527344,7330,0.0,0.0
2022-10-24 15:30:00-04:00,32.040000915527344,32.13999938964844,32.040000915527344,32.08000183105469,10032,0.0,0.0
2022-10-25 09:30:00-04:00,32.279998779296875,32.619998931884766,32.08000183105469,32.60499954223633,6339,0.0,0.0
2022-10-25 10:30:00-04:00,32.650001525878906,32.7599983215332,32.650001525878906,32.7599983215332,4126,0.0,0.0
2022-10-25 11:30:00-04:00,32.86000061035156,33.13999938964844,32.86000061035156,33.08000183105469,5627,0.0,0.0
2022-10-25 12:30:00-04:00,33.119998931884766,33.119998931884766,33.005001068115234,33.005001068115234,5181,0.0,0.0
2022-10-25 13:30:00-04:00,33.11000061035156,33.16999816894531,32.810001373291016,32.81999969482422,8024,0.0,0.0
2022-10-25 14:30:00-04:00,32.880001068115234,33.16999816894531,32.845001220703125,33.130001068115234,7717,0.0,0.0
2022-10-25 15:30:00-04:00,33.099998474121094,33.150001525878906,32.90999984741211,32.95000076293945,16640,0.0,0.0
2022-10-26 09:30:00-04:00,33.18000030517578,33.45000076293945,32.89500045776367,33.45000076293945,6932,0.0,0.0
2022-10-26 10:30:00-04:00,33.56999969482422,33.689998626708984,33.04999923706055,33.04999923706055,11078,0.0,0.0
2022-10-26 11:30:00-04:00,33.060001373291016,33.25,33.04999923706055,33.099998474121094,11306,0.0,0.0
2022-10-26 12:30:00-04:00,33.125,33.125,32.970001220703125,33.060001373291016,4634,0.0,0.0
2022-10-26 13:30:00-04:00,33.040000915527344,33.349998474121094,33.040000915527344,33.349998474121094,11451,0.0,0.0
2022-10-26 14:30:00-04:00,33.2599983215332,33.3849983215332,33.22999954223633,33.334999084472656,6043,0.0,0.0
2022-10-26 15:30:00-04:00,33.34000015258789,33.34000015258789,33.220001220703125,33.27840042114258,21637,0.0,0.0
2022-10-27 09:30:00-04:00,33.56999969482422,33.869998931884766,33.400001525878906,33.869998931884766,3593,0.0,0.0
2022-10-27 10:30:00-04:00,33.84000015258789,34.13999938964844,33.77000045776367,34.13999938964844,7165,0.0,0.0
2022-10-27 11:30:00-04:00,34.2400016784668,34.30670166015625,33.85499954223633,34.119998931884766,7308,0.0,0.0
2022-10-27 12:30:00-04:00,34.20000076293945,34.560001373291016,34.20000076293945,34.560001373291016,5332,0.0,0.0
2022-10-27 13:30:00-04:00,34.33000183105469,34.33000183105469,33.970001220703125,34.150001525878906,7178,0.0,0.0
2022-10-27 14:30:00-04:00,34.150001525878906,34.150001525878906,33.72999954223633,33.80500030517578,5281,0.0,0.0
2022-10-27 15:30:00-04:00,33.75,33.80500030517578,33.540000915527344,33.65999984741211,11746,0.0,0.0
2022-10-28 09:30:00-04:00,33.7599983215332,34.47999954223633,33.7400016784668,34.0,3544,0.0,0.0
2022-10-28 10:30:00-04:00,33.959999084472656,34.06999969482422,33.95000076293945,33.974998474121094,3251,0.0,0.0
2022-10-28 11:30:00-04:00,33.959999084472656,34.1349983215332,33.915000915527344,34.1349983215332,5835,0.0,0.0
2022-10-28 12:30:00-04:00,34.15999984741211,34.38999938964844,34.15999984741211,34.34000015258789,3837,0.0,0.0
2022-10-28 13:30:00-04:00,34.345001220703125,34.43939971923828,34.23830032348633,34.400001525878906,6074,0.0,0.0
2022-10-28 14:30:00-04:00,34.474998474121094,34.59000015258789,34.43090057373047,34.5099983215332,4968,0.0,0.0
2022-10-28 15:30:00-04:00,34.5,34.59000015258789,34.470001220703125,34.470001220703125,5400,0.0,0.0
2022-10-31 09:30:00-04:00,34.4900016784668,34.5,34.349998474121094,34.349998474121094,2816,0.0,0.0
2022-10-31 10:30:00-04:00,34.4900016784668,34.71500015258789,34.437599182128906,34.64500045776367,4454,0.0,0.0
2022-10-31 11:30:00-04:00,34.65119934082031,34.9900016784668,34.650001525878906,34.90999984741211,7154,0.0,0.0
2022-10-31 12:30:00-04:00,34.900001525878906,34.93000030517578,34.869998931884766,34.91999816894531,2938,0.0,0.0
2022-10-31 13:30:00-04:00,34.91600036621094,34.989601135253906,34.69499969482422,34.70000076293945,3691,0.0,0.0
2022-10-31 14:30:00-04:00,34.61000061035156,34.689998626708984,34.560001373291016,34.66999816894531,5157,0.0,0.0
2022-10-31 15:30:00-04:00,34.650001525878906,34.79499816894531,34.59000015258789,34.59000015258789,8591,0.0,0.0
2022-11-01 09:30:00-04:00,34.81999969482422,34.81999969482422,34.08000183105469,34.470001220703125,4848,0.0,0.0
2022-11-01 10:30:00-04:00,34.52000045776367,34.66999816894531,34.435001373291016,34.54499816894531,3624,0.0,0.0
2022-11-01 11:30:00-04:00,34.54999923706055,34.779998779296875,34.54999923706055,34.61000061035156,4180,0.0,0.0
2022-11-01 12:30:00-04:00,34.650001525878906,34.83000183105469,34.650001525878906,34.790000915527344,4622,0.0,0.0
2022-11-01 13:30:00-04:00,34.83000183105469,34.83000183105469,34.66999816894531,34.66999816894531,3875,0.0,0.0
2022-11-01 14:30:00-04:00,34.5099983215332,34.54999923706055,34.474998474121094,34.52389907836914,1876,0.0,0.0
2022-11-01 15:30:00-04:00,34.38999938964844,34.630001068115234,34.38999938964844,34.599998474121094,13943,0.0,0.0
2022-11-02 09:30:00-04:00,34.36000061035156,34.36000061035156,34.0099983215332,34.119998931884766,2989,0.0,0.0
2022-11-02 10:30:00-04:00,33.97999954223633,34.22999954223633,33.97999954223633,34.20000076293945,6848,0.0,0.0
2022-11-02 11:30:00-04:00,34.349998474121094,34.349998474121094,34.28499984741211,34.29999923706055,2314,0.0,0.0
2022-11-02 12:30:00-04:00,34.380001068115234,34.529998779296875,34.380001068115234,34.5,1970,0.0,0.0
2022-11-02 13:30:00-04:00,34.43000030517578,35.09000015258789,34.41999816894531,35.09000015258789,13561,0.0,0.0
2022-11-02 14:30:00-04:00,35.06999969482422,35.06999969482422,34.09000015258789,34.119998931884766,11762,0.0,0.0
2022-11-02 15:30:00-04:00,34.08000183105469,34.439998626708984,34.06999969482422,34.310001373291016,13283,0.0,0.0
2022-11-03 09:30:00-04:00,33.939998626708984,34.2598991394043,33.69499969482422,33.69499969482422,4876,0.0,0.0
2022-11-03 10:30:00-04:00,33.435001373291016,33.70500183105469,33.43000030517578,33.70500183105469,2425,0.0,0.0
2022-11-03 11:30:00-04:00,33.63999938964844,33.72999954223633,33.564998626708984,33.72999954223633,2222,0.0,0.0
2022-11-03 12:30:00-04:00,33.80500030517578,34.029998779296875,33.79999923706055,34.029998779296875,4833,0.0,0.0
2022-11-03 13:30:00-04:00,34.082000732421875,34.099998474121094,34.0,34.099998474121094,3835,0.0,0.0
2022-11-03 14:30:00-04:00,34.130001068115234,34.275001525878906,34.130001068115234,34.275001525878906,4263,0.0,0.0
2022-11-03 15:30:00-04:00,34.34000015258789,34.43000030517578,34.09000015258789,34.290000915527344,21245,0.0,0.0
2022-11-04 09:30:00-04:00,34.400001525878906,34.59000015258789,34.33000183105469,34.59000015258789,3817,0.0,0.0
2022-11-04 10:30:00-04:00,34.64500045776367,34.939998626708984,34.64500045776367,34.79999923706055,5301,0.0,0.0
2022-11-04 11:30:00-04:00,34.65999984741211,34.65999984741211,34.150001525878906,34.2599983215332,5474,0.0,0.0
2022-11-04 12:30:00-04:00,34.2400016784668,34.279998779296875,33.9900016784668,34.02000045776367,6779,0.0,0.0
2022-11-04 13:30:00-04:00,34.144798278808594,34.38999938964844,34.0,34.38999938964844,6226,0.0,0.0
2022-11-04 14:30:00-04:00,34.400001525878906,34.630001068115234,34.349998474121094,34.58000183105469,7098,0.0,0.0
2022-11-04 15:30:00-04:00,34.56999969482422,34.939998626708984,34.5,34.90999984741211,15484,0.0,0.0
2022-11-07 09:30:00-05:00,34.900001525878906,35.72999954223633,34.900001525878906,35.16999816894531,14409,0.0,0.0
2022-11-07 10:30:00-05:00,35.20000076293945,35.4900016784668,35.19499969482422,35.4900016784668,8865,0.0,0.0
2022-11-07 11:30:00-05:00,35.29999923706055,35.65999984741211,35.279998779296875,35.404998779296875,7450,0.0,0.0
2022-11-07 12:30:00-05:00,35.459999084472656,35.625,35.400001525878906,35.625,1761,0.0,0.0
2022-11-07 13:30:00-05:00,35.72999954223633,35.79999923706055,35.63999938964844,35.79999923706055,4078,0.0,0.0
2022-11-07 14:30:00-05:00,35.88999938964844,36.060001373291016,35.86000061035156,36.029998779296875,4888,0.0,0.0
2022-11-07 15:30:00-05:00,36.11000061035156,36.290000915527344,36.060001373291016,36.18000030517578,12096,0.0,0.0
2022-11-08 09:30:00-05:00,36.0,36.0,35.439998626708984,35.580101013183594,5228,0.0,0.0
2022-11-08 10:30:00-05:00,35.66999816894531,35.88999938964844,35.560001373291016,35.67499923706055,12798,0.0,0.0
2022-11-08 11:30:00-05:00,35.67499923706055,35.775001525878906,35.497501373291016,35.564998626708984,13703,0.0,0.0
2022-11-08 12:30:00-05:00,35.540000915527344,35.689998626708984,35.540000915527344,35.61000061035156,2700,0.0,0.0
2022-11-08 13:30:00-05:00,35.54999923706055,35.650001525878906,35.31999969482422,35.31999969482422,6662,0.0,0.0
2022-11-08 14:30:00-05:00,35.19499969482422,35.29999923706055,35.154998779296875,35.154998779296875,7481,0.0,0.0
2022-11-08 15:30:00-05:00,35.20000076293945,35.599998474121094,35.20000076293945,35.459999084472656,22265,0.0,0.0
2022-11-09 09:30:00-05:00,35.099998474121094,35.29999923706055,34.93000030517578,35.29999923706055,3626,0.0,0.0
2022-11-09 10:30:00-05:00,35.08000183105469,35.08000183105469,34.79999923706055,34.95000076293945,2701,0.0,0.0
2022-11-09 11:30:00-05:00,35.040000915527344,35.209999084472656,35.03020095825195,35.11000061035156,2384,0.0,0.0
2022-11-09 12:30:00-05:00,35.11000061035156,35.20000076293945,35.08000183105469,35.08000183105469,1551,0.0,0.0
2022-11-09 13:30:00-05:00,35.0,35.1349983215332,35.0,35.060001373291016,2321,0.0,0.0
2022-11-09 14:30:00-05:00,34.79999923706055,34.959999084472656,34.689998626708984,34.959999084472656,3148,0.0,0.0
2022-11-09 15:30:00-05:00,34.86000061035156,35.0099983215332,34.790000915527344,34.84000015258789,11168,0.0,0.0
2022-11-10 09:30:00-05:00,35.560001373291016,36.16999816894531,34.88999938964844,35.90999984741211,10052,0.0,0.0
2022-11-10 10:30:00-05:00,35.599998474121094,36.11000061035156,35.43000030517578,36.06999969482422,3444,0.0,0.0
2022-11-10 11:30:00-05:00,35.900001525878906,35.900001525878906,35.53499984741211,35.53499984741211,2436,0.0,0.0
2022-11-10 12:30:00-05:00,35.4900016784668,35.4900016784668,35.220001220703125,35.310001373291016,5086,0.0,0.0
2022-11-10 13:30:00-05:00,35.400001525878906,35.9900016784668,35.400001525878906,35.79999923706055,13811,0.0,0.0
2022-11-10 14:30:00-05:00,35.720001220703125,35.79999923706055,35.529998779296875,35.76499938964844,5219,0.0,0.0
2022-11-10 15:30:00-05:00,35.83000183105469,35.97999954223633,35.7400016784668,35.91999816894531,14752,0.0,0.0
2022-11-11 09:30:00-05:00,35.95000076293945,35.95000076293945,35.18000030517578,35.20000076293945,4751,0.0,0.0
2022-11-11 10:30:00-05:00,35.329898834228516,35.329898834228516,34.220001220703125,34.34000015258789,6626,0.0,0.0
2022-11-11 11:30:00-05:00,34.65999984741211,34.81999969482422,34.40999984741211,34.54499816894531,3940,0.0,0.0
2022-11-11 12:30:00-05:00,34.57500076293945,34.59000015258789,34.459999084472656,34.59000015258789,4323,0.0,0.0
2022-11-11 13:30:00-05:00,34.65999984741211,35.220001220703125,34.619998931884766,35.220001220703125,4836,0.0,0.0
2022-11-11 14:30:00-05:00,35.189998626708984,35.2599983215332,35.060001373291016,35.060001373291016,3263,0.0,0.0
2022-11-11 15:30:00-05:00,35.04999923706055,35.28499984741211,34.9900016784668,35.099998474121094,16496,0.0,0.0
2022-11-14 09:30:00-05:00,34.91999816894531,35.4900016784668,34.91999816894531,35.474998474121094,7382,0.0,0.0
2022-11-14 10:30:00-05:00,35.56999969482422,36.119998931884766,35.56999969482422,35.75,11338,0.0,0.0
2022-11-14 11:30:00-05:00,35.75,35.86000061035156,35.689998626708984,35.86000061035156,3742,0.0,0.0
2022-11-14 12:30:00-05:00,35.89950180053711,36.189998626708984,35.89950180053711,36.189998626708984,13426,0.0,0.0
2022-11-14 13:30:00-05:00,36.28499984741211,36.36000061035156,35.91999816894531,36.150001525878906,8787,0.0,0.0
2022-11-14 14:30:00-05:00,36.18579864501953,36.18579864501953,35.904998779296875,35.94499969482422,12859,0.0,0.0
2022-11-14 15:30:00-05:00,36.0,36.0,35.369998931884766,35.369998931884766,29140,0.0,0.0
2022-11-15 09:30:00-05:00,35.529998779296875,36.08000183105469,35.310001373291016,35.959999084472656,7208,0.0,0.0
2022-11-15 10:30:00-05:00,35.82749938964844,36.099998474121094,35.82749938964844,36.099998474121094,3503,0.0,0.0
2022-11-15 11:30:00-05:00,36.11000061035156,36.44499969482422,36.11000061035156,36.36000061035156,7564,0.0,0.0
2022-11-15 12:30:00-05:00,36.40999984741211,36.470001220703125,36.310001373291016,36.375,10554,0.0,0.0
2022-11-15 13:30:00-05:00,36.369998931884766,36.70000076293945,36.310001373291016,36.63999938964844,7394,0.0,0.0
2022-11-15 14:30:00-05:00,36.7400016784668,36.900001525878906,36.630001068115234,36.67499923706055,6542,0.0,0.0
2022-11-15 15:30:00-05:00,36.619998931884766,36.619998931884766,36.474998474121094,36.540000915527344,14098,0.0,0.0
2022-11-16 09:30:00-05:00,36.45000076293945,36.65999984741211,36.332801818847656,36.45000076293945,5207,0.0,0.0
2022-11-16 10:30:00-05:00,36.375,36.540000915527344,36.369998931884766,36.540000915527344,2223,0.0,0.0
2022-11-16 11:30:00-05:00,36.4900016784668,36.540000915527344,36.35499954223633,36.35499954223633,5504,0.0,0.0
2022-11-16 12:30:00-05:00,36.47309875488281,36.77000045776367,36.470001220703125,36.70000076293945,3446,0.0,0.0
2022-11-16 13:30:00-05:00,36.55500030517578,36.61000061035156,36.48500061035156,36.540000915527344,3620,0.0,0.0
2022-11-16 14:30:00-05:00,36.494998931884766,36.61000061035156,36.38999938964844,36.529998779296875,6671,0.0,0.0
2022-11-16 15:30:00-05:00,36.540000915527344,36.61000061035156,36.38999938964844,36.45000076293945,14148,0.0,0.0
2022-11-17 09:30:00-05:00,36.27000045776367,36.43000030517578,35.76350021362305,36.349998474121094,5723,0.0,0.0
2022-11-17 10:30:00-05:00,36.439998626708984,36.70000076293945,36.43000030517578,36.630001068115234,2687,0.0,0.0
2022-11-17 11:30:00-05:00,36.525001525878906,36.709999084472656,36.525001525878906,36.60499954223633,1879,0.0,0.0
2022-11-17 12:30:00-05:00,36.689998626708984,36.90999984741211,36.689998626708984,36.900001525878906,2555,0.0,0.0
2022-11-17 13:30:00-05:00,36.869998931884766,36.869998931884766,36.32500076293945,36.45000076293945,9670,0.0,0.0
2022-11-17 14:30:00-05:00,36.4900016784668,36.689998626708984,36.43000030517578,36.54999923706055,7208,0.0,0.0
2022-11-17 15:30:00-05:00,36.560001373291016,36.88999938964844,36.52000045776367,36.77000045776367,15153,0.0,0.0
2022-11-18 09:30:00-05:00,37.130001068115234,37.40999984741211,37.09000015258789,37.40999984741211,10736,0.0,0.0
2022-11-18 10:30:00-05:00,37.4900016784668,37.869998931884766,37.439998626708984,37.5099983215332,9415,0.0,0.0
2022-11-18 11:30:00-05:00,37.5099983215332,37.5099983215332,37.119998931884766,37.20500183105469,5167,0.0,0.0
2022-11-18 12:30:00-05:00,37.13999938964844,37.23500061035156,37.11000061035156,37.22489929199219,6108,0.0,0.0
2022-11-18 13:30:00-05:00,37.22999954223633,37.239898681640625,37.060001373291016,37.165000915527344,4198,0.0,0.0
2022-11-18 14:30:00-05:00,37.16999816894531,37.349998474121094,37.04999923706055,37.349998474121094,6514,0.0,0.0
2022-11-18 15:30:00-05:00,37.29999923706055,37.349998474121094,37.08000183105469,37.130001068115234,15791,0.0,0.0
2022-11-21 09:30:00-05:00,37.2400016784668,37.369998931884766,36.54999923706055,36.77000045776367,4944,0.0,0.0
2022-11-21 10:30:00-05:00,36.77000045776367,37.09000015258789,36.7599983215332,37.09000015258789,4475,0.0,0.0
2022-11-21 11:30:00-05:00,36.959999084472656,37.41999816894531,36.959999084472656,37.279998779296875,4655,0.0,0.0
2022-11-21 12:30:00-05:00,37.34000015258789,37.470001220703125,37.34000015258789,37.36000061035156,7532,0.0,0.0
2022-11-21 13:30:00-05:00,37.400001525878906,37.5,37.35100173950195,37.40999984741211,6106,0.0,0.0
2022-11-21 14:30:00-05:00,37.47999954223633,37.529998779296875,37.38999938964844,37.4900016784668,7042,0.0,0.0
2022-11-21 15:30:00-05:00,37.529998779296875,37.58000183105469,37.290000915527344,37.40999984741211,20281,0.0,0.0
2022-11-22 09:30:00-05:00,37.54999923706055,37.54999923706055,36.93000030517578,36.97999954223633,3766,0.0,0.0
2022-11-22 10:30:00-05:00,36.845001220703125,36.845001220703125,36.47999954223633,36.520999908447266,3766,0.0,0.0
2022-11-22 11:30:00-05:00,36.5099983215332,36.584999084472656,36.500099182128906,36.52000045776367,2776,0.0,0.0
2022-11-22 12:30:00-05:00,36.470001220703125,36.5099983215332,36.400001525878906,36.400001525878906,4319,0.0,0.0
2022-11-22 13:30:00-05:00,36.369998931884766,36.52000045776367,36.29999923706055,36.52000045776367,6226,0.0,0.0
2022-11-22 14:30:00-05:00,36.61000061035156,36.81999969482422,36.61000061035156,36.779998779296875,6508,0.0,0.0
2022-11-22 15:30:00-05:00,36.849998474121094,36.88999938964844,36.540000915527344,36.58000183105469,18392,0.0,0.0
2022-11-23 09:30:00-05:00,36.65999984741211,36.65999984741211,35.77000045776367,35.900001525878906,10265,0.0,0.0
2022-11-23 10:30:00-05:00,36.060001373291016,36.279998779296875,36.060001373291016,36.150001525878906,7289,0.0,0.0
2022-11-23 11:30:00-05:00,36.07149887084961,36.08000183105469,35.9109992980957,35.917598724365234,3438,0.0,0.0
2022-11-23 12:30:00-05:00,35.900001525878906,35.96500015258789,35.80099868774414,35.880001068115234,3698,0.0,0.0
2022-11-23 13:30:00-05:00,35.9900016784668,36.18000030517578,35.9900016784668,36.18000030517578,4722,0.0,0.0
2022-11-23 14:30:00-05:00,36.11000061035156,36.19990158081055,36.029598236083984,36.17499923706055,6640,0.0,0.0
2022-11-23 15:30:00-05:00,36.209999084472656,36.439998626708984,36.209999084472656,36.439998626708984,10625,0.0,0.0
2022-11-25 09:30:00-05:00,36.470001220703125,36.630001068115234,36.470001220703125,36.630001068115234,4784,0.0,0.0
2022-11-25 10:30:00-05:00,36.540000915527344,36.65999984741211,36.470001220703125,36.65999984741211,3380,0.0,0.0
2022-11-25 11:30:00-05:00,36.709999084472656,36.73500061035156,36.45000076293945,36.52000045776367,7311,0.0,0.0
2022-11-28 09:30:00-05:00,36.150001525878906,36.560001373291016,36.150001525878906,36.560001373291016,5572,0.0,0.0
2022-11-28 10:30:00-05:00,36.33000183105469,36.505001068115234,36.220001220703125,36.220001220703125,4046,0.0,0.0
2022-11-28 11:30:00-05:00,36.29499816894531,36.560001373291016,36.29499816894531,36.522499084472656,5294,0.0,0.0
2022-11-28 12:30:00-05:00,36.6150016784668,36.6150016784668,36.40999984741211,36.53499984741211,3326,0.0,0.0
2022-11-28 13:30:00-05:00,36.55179977416992,36.709999084472656,36.380001068115234,36.470001220703125,8052,0.0,0.0
2022-11-28 14:30:00-05:00,36.380001068115234,36.5099983215332,36.209999084472656,36.209999084472656,7076,0.0,0.0
2022-11-28 15:30:00-05:00,36.130001068115234,36.209999084472656,36.099998474121094,36.125,11612,0.0,0.0
2022-11-29 09:30:00-05:00,36.2599983215332,36.2599983215332,35.95000076293945,36.0099983215332,943,0.0,0.0
2022-11-29 10:30:00-05:00,36.040000915527344,36.040000915527344,35.61000061035156,35.6349983215332,3034,0.0,0.0
2022-11-29 11:30:00-05:00,35.68000030517578,35.68000030517578,35.31999969482422,35.47999954223633,6832,0.0,0.0
2022-11-29 12:30:00-05:00,35.45869827270508,35.540000915527344,35.40999984741211,35.497501373291016,2497,0.0,0.0
2022-11-29 13:30:00-05:00,35.40999984741211,35.41999816894531,34.81999969482422,34.81999969482422,9820,0.0,0.0
2022-11-29 14:30:00-05:00,34.880001068115234,34.93000030517578,34.709999084472656,34.84000015258789,4626,0.0,0.0
2022-11-29 15:30:00-05:00,34.801300048828125,34.849998474121094,34.560001373291016,34.599998474121094,18730,0.0,0.0
2022-11-30 09:30:00-05:00,34.25,34.7400016784668,33.72999954223633,33.72999954223633,5634,0.0,0.0
2022-11-30 10:30:00-05:00,33.74359893798828,33.95500183105469,33.58000183105469,33.88999938964844,3176,0.0,0.0
2022-11-30 11:30:00-05:00,33.900001525878906,34.04999923706055,33.869998931884766,33.95000076293945,7110,0.0,0.0
2022-11-30 12:30:00-05:00,33.904998779296875,34.21500015258789,33.790000915527344,34.130001068115234,4686,0.0,0.0
2022-11-30 13:30:00-05:00,34.06999969482422,34.994998931884766,34.06999969482422,34.779998779296875,8918,0.0,0.0
2022-11-30 14:30:00-05:00,34.849998474121094,35.11000061035156,34.77000045776367,34.81999969482422,8003,0.0,0.0
2022-11-30 15:30:00-05:00,34.875,35.06999969482422,34.7400016784668,34.959999084472656,27494,0.0,0.0
2022-12-01 09:30:00-05:00,35.16999816894531,35.16999816894531,33.790000915527344,34.45000076293945,3981,0.0,0.0
2022-12-01 10:30:00-05:00,34.439998626708984,34.564998626708984,34.22999954223633,34.564998626708984,6508,0.0,0.0
2022-12-01 11:30:00-05:00,34.56999969482422,34.720001220703125,34.459999084472656,34.459999084472656,4418,0.0,0.0
2022-12-01 12:30:00-05:00,34.474998474121094,34.540000915527344,34.439998626708984,34.459999084472656,5588,0.0,0.0
2022-12-01 13:30:00-05:00,34.459999084472656,34.505001068115234,34.34000015258789,34.47999954223633,4427,0.0,0.0
2022-12-01 14:30:00-05:00,34.4630012512207,34.564998626708984,34.43000030517578,34.5,5682,0.0,0.0
2022-12-01 15:30:00-05:00,34.529998779296875,34.709999084472656,34.459999084472656,34.4900016784668,12441,0.0,0.0
2022-12-02 09:30:00-05:00,34.29999923706055,34.54999923706055,33.970001220703125,34.21099853515625,4491,0.0,0.0
2022-12-02 10:30:00-05:00,34.352298736572266,34.52000045776367,34.2599983215332,34.459999084472656,3640,0.0,0.0
2022-12-02 11:30:00-05:00,34.53020095825195,34.570098876953125,34.130001068115234,34.130001068115234,5891,0.0,0.0
2022-12-02 12:30:00-05:00,34.15999984741211,34.2599983215332,34.15999984741211,34.2599983215332,2666,0.0,0.0
2022-12-02 13:30:00-05:00,34.189998626708984,34.35499954223633,34.189998626708984,34.35499954223633,4079,0.0,0.0
2022-12-02 14:30:00-05:00,34.349998474121094,34.720001220703125,34.29999923706055,34.599998474121094,13080,0.0,0.0
2022-12-02 15:30:00-05:00,34.6150016784668,34.86000061035156,34.45500183105469,34.790000915527344,29278,0.0,0.0
2022-12-05 09:30:00-05:00,34.59000015258789,35.02000045776367,34.459999084472656,34.790000915527344,13175,0.0,0.0
2022-12-05 10:30:00-05:00,34.790000915527344,34.849998474121094,34.65999984741211,34.810001373291016,9319,0.0,0.0
2022-12-05 11:30:00-05:00,34.7599983215332,34.83000183105469,34.61000061035156,34.72999954223633,5665,0.0,0.0
2022-12-05 12:30:00-05:00,34.84000015258789,35.130001068115234,34.84000015258789,35.130001068115234,5664,0.0,0.0
2022-12-05 13:30:00-05:00,35.25,35.310001373291016,35.150001525878906,35.290000915527344,7190,0.0,0.0
2022-12-05 14:30:00-05:00,35.309898376464844,35.61000061035156,35.309898376464844,35.4900016784668,14144,0.0,0.0
2022-12-05 15:30:00-05:00,35.494998931884766,35.650001525878906,35.470001220703125,35.470001220703125,20746,0.0,0.0
2022-12-06 09:30:00-05:00,35.41999816894531,35.689998626708984,35.18000030517578,35.650001525878906,7076,0.0,0.0
2022-12-06 10:30:00-05:00,35.91999816894531,35.959999084472656,35.59000015258789,35.689998626708984,8423,0.0,0.0
2022-12-06 11:30:00-05:00,35.68000030517578,35.75,35.509498596191406,35.529998779296875,4467,0.0,0.0
2022-12-06 12:30:00-05:00,35.4900016784668,35.630001068115234,35.4900016784668,35.61000061035156,3886,0.0,0.0
2022-12-06 13:30:00-05:00,35.56999969482422,35.59000015258789,35.41400146484375,35.59000015258789,5487,0.0,0.0
2022-12-06 14:30:00-05:00,35.619998931884766,35.86000061035156,35.61000061035156,35.86000061035156,11547,0.0,0.0
2022-12-06 15:30:00-05:00,35.81999969482422,35.86000061035156,35.619998931884766,35.65999984741211,16290,0.0,0.0
2022-12-07 09:30:00-05:00,35.72999954223633,35.88999938964844,34.095001220703125,34.70000076293945,19501,0.0,0.0
2022-12-07 10:30:00-05:00,34.61000061035156,34.61000061035156,34.0099983215332,34.20500183105469,9589,0.0,0.0
2022-12-07 11:30:00-05:00,34.22999954223633,34.810001373291016,34.22999954223633,34.66999816894531,3959,0.0,0.0
2022-12-07 12:30:00-05:00,34.576499938964844,34.68000030517578,34.400001525878906,34.42499923706055,7710,0.0,0.0
2022-12-07 13:30:00-05:00,34.40999984741211,34.40999984741211,34.16999816894531,34.36000061035156,7444,0.0,0.0
2022-12-07 14:30:00-05:00,34.3849983215332,34.4900016784668,34.27000045776367,34.310001373291016,6440,0.0,0.0
2022-12-07 15:30:00-05:00,34.34000015258789,34.34000015258789,34.060001373291016,34.099998474121094,19315,0.0,0.0
2022-12-08 09:30:00-05:00,34.15999984741211,34.15999984741211,33.619998931884766,34.0,4719,0.0,0.0
2022-12-08 10:30:00-05:00,33.939998626708984,34.279998779296875,33.939998626708984,34.22999954223633,5430,0.0,0.0
2022-12-08 11:30:00-05:00,34.290000915527344,34.290000915527344,34.130001068115234,34.13999938964844,3103,0.0,0.0
2022-12-08 12:30:00-05:00,34.08000183105469,34.130001068115234,34.060001373291016,34.125,3846,0.0,0.0
2022-12-08 13:30:00-05:00,34.189998626708984,34.2599983215332,34.07500076293945,34.07500076293945,3984,0.0,0.0
2022-12-08 14:30:00-05:00,34.03499984741211,34.220001220703125,34.03499984741211,34.20000076293945,7387,0.0,0.0
2022-12-08 15:30:00-05:00,34.18000030517578,34.45000076293945,34.18000030517578,34.45000076293945,13885,0.0,0.0
2022-12-09 09:30:00-05:00,34.33000183105469,34.70000076293945,33.849998474121094,33.98500061035156,9865,0.0,0.0
2022-12-09 10:30:00-05:00,33.9900016784668,34.36000061035156,33.880001068115234,34.189998626708984,5218,0.0,0.0
2022-12-09 11:30:00-05:00,34.255001068115234,34.470001220703125,34.20000076293945,34.255001068115234,5755,0.0,0.0
2022-12-09 12:30:00-05:00,34.2599983215332,34.31999969482422,33.880001068115234,33.939998626708984,5093,0.0,0.0
2022-12-09 13:30:00-05:00,33.974998474121094,33.974998474121094,33.709999084472656,33.7400016784668,7318,0.0,0.0
2022-12-09 14:30:00-05:00,33.7599983215332,33.779998779296875,33.689300537109375,33.709999084472656,5518,0.0,0.0
2022-12-09 15:30:00-05:00,33.7400016784668,33.880001068115234,33.689998626708984,33.790000915527344,15749,0.0,0.0
2022-12-12 09:30:00-05:00,34.02000045776367,34.02000045776367,33.38999938964844,33.71500015258789,8005,0.0,0.0
2022-12-12 10:30:00-05:00,33.63999938964844,34.04999923706055,33.63999938964844,34.04999923706055,5329,0.0,0.0
2022-12-12 11:30:00-05:00,33.99250030517578,34.28499984741211,33.970001220703125,34.28499984741211,8237,0.0,0.0
2022-12-12 12:30:00-05:00,34.28499984741211,34.380001068115234,34.09000015258789,34.099998474121094,4636,0.0,0.0
2022-12-12 13:30:00-05:00,34.10499954223633,34.40999984741211,34.099998474121094,34.310001373291016,7182,0.0,0.0
2022-12-12 14:30:00-05:00,34.29999923706055,34.29999923706055,34.150001525878906,34.16999816894531,10046,0.0,0.0
2022-12-12 15:30:00-05:00,34.154998779296875,34.220001220703125,34.04999923706055,34.18000030517578,7831,0.0,0.0
2022-12-13 09:30:00-05:00,34.61000061035156,35.380001068115234,34.61000061035156,34.95000076293945,21689,0.0,0.0
2022-12-13 10:30:00-05:00,34.9900016784668,35.060001373291016,34.74100112915039,34.849998474121094,9351,0.0,0.0
2022-12-13 11:30:00-05:00,34.900001525878906,35.0099983215332,34.79999923706055,34.86000061035156,19576,0.0,0.0
2022-12-13 12:30:00-05:00,34.86000061035156,34.86000061035156,34.0099983215332,34.560001373291016,25665,0.0,0.0
2022-12-13 13:30:00-05:00,34.529998779296875,34.584999084472656,34.310001373291016,34.400001525878906,9358,0.0,0.0
2022-12-13 14:30:00-05:00,34.400001525878906,34.61000061035156,34.275001525878906,34.369998931884766,10861,0.0,0.0
2022-12-13 15:30:00-05:00,34.36000061035156,34.95899963378906,34.33000183105469,34.38999938964844,45945,0.0,0.0
2022-12-14 09:30:00-05:00,34.33000183105469,34.75,34.0,34.619998931884766,10493,0.0,0.0
2022-12-14 10:30:00-05:00,34.4900016784668,34.869998931884766,34.33000183105469,34.849998474121094,10838,0.0,0.0
2022-12-14 11:30:00-05:00,34.875,34.875,34.63999938964844,34.75,13946,0.0,0.0
2022-12-14 12:30:00-05:00,34.73500061035156,34.810001373291016,34.66999816894531,34.70000076293945,8271,0.0,0.0
2022-12-14 13:30:00-05:00,34.689998626708984,34.845001220703125,34.209999084472656,34.209999084472656,8750,0.0,0.0
2022-12-14 14:30:00-05:00,34.2400016784668,34.38999938964844,34.0099983215332,34.060001373291016,20913,0.0,0.0
2022-12-14 15:30:00-05:00,34.0,34.40999984741211,34.0,34.310001373291016,25030,0.0,0.0
2022-12-15 09:30:00-05:00,34.0099983215332,34.0099983215332,33.52000045776367,33.81999969482422,8288,0.0,0.0
2022-12-15 10:30:00-05:00,33.880001068115234,33.959999084472656,33.75,33.77000045776367,9365,0.0,0.0
2022-12-15 11:30:00-05:00,33.72999954223633,33.93000030517578,33.720001220703125,33.805999755859375,12168,0.0,0.0
2022-12-15 12:30:00-05:00,33.849998474121094,33.86000061035156,33.709999084472656,33.77000045776367,7216,0.0,0.0
2022-12-15 13:30:00-05:00,33.7400016784668,33.810001373291016,33.40999984741211,33.46500015258789,9918,0.0,0.0
2022-12-15 14:30:00-05:00,33.45600128173828,33.56999969482422,33.34000015258789,33.38999938964844,14143,0.0,0.0
2022-12-15 15:30:00-05:00,33.400001525878906,33.70000076293945,33.380001068115234,33.689998626708984,27782,0.0,0.0
2022-12-16 09:30:00-05:00,33.099998474121094,33.36000061035156,33.09000015258789,33.2599983215332,42288,0.0,0.0
2022-12-16 10:30:00-05:00,33.279998779296875,33.349998474121094,32.90999984741211,33.1599006652832,11879,0.0,0.0
2022-12-16 11:30:00-05:00,33.07500076293945,33.33000183105469,32.939998626708984,33.32500076293945,26353,0.0,0.0
2022-12-16 12:30:00-05:00,33.310001373291016,33.34000015258789,32.880001068115234,33.189998626708984,17621,0.0,0.0
2022-12-16 13:30:00-05:00,33.189998626708984,33.20000076293945,33.060001373291016,33.18000030517578,8326,0.0,0.0
2022-12-16 14:30:00-05:00,33.09000015258789,33.150001525878906,32.91999816894531,33.13999938964844,14481,0.0,0.0
2022-12-16 15:30:00-05:00,33.13999938964844,33.279998779296875,32.93000030517578,32.970001220703125,40442,0.0,0.0
2022-12-19 09:30:00-05:00,33.27000045776367,33.84000015258789,32.95000076293945,33.84000015258789,24162,0.0,0.0
2022-12-19 10:30:00-05:00,33.79999923706055,34.72999954223633,33.79999923706055,34.560001373291016,16709,0.0,0.0
2022-12-19 11:30:00-05:00,34.5099983215332,34.529998779296875,34.20000076293945,34.29999923706055,10591,0.0,0.0
2022-12-19 12:30:00-05:00,34.349998474121094,34.349998474121094,34.16999816894531,34.29999923706055,8142,0.0,0.0
2022-12-19 13:30:00-05:00,34.28499984741211,34.33000183105469,34.16999816894531,34.26499938964844,9644,0.0,0.0
2022-12-19 14:30:00-05:00,34.2599983215332,34.29999923706055,33.860599517822266,34.13999938964844,23559,0.0,0.0
2022-12-19 15:30:00-05:00,34.15999984741211,34.310001373291016,34.13999938964844,34.189998626708984,25117,0.0,0.0
2022-12-20 09:30:00-05:00,33.81999969482422,34.189998626708984,33.41999816894531,34.11000061035156,10489,0.0,0.0
2022-12-20 10:30:00-05:00,34.28499984741211,34.3849983215332,33.970001220703125,34.11000061035156,6788,0.0,0.0
2022-12-20 11:30:00-05:00,34.13999938964844,34.67499923706055,34.11000061035156,34.63999938964844,42110,0.0,0.0
2022-12-20 12:30:00-05:00,34.59000015258789,34.67499923706055,34.45000076293945,34.45000076293945,16630,0.0,0.0
2022-12-20 13:30:00-05:00,34.41999816894531,34.59000015258789,33.9900016784668,34.32749938964844,19181,0.0,0.0
2022-12-20 14:30:00-05:00,34.349998474121094,34.369998931884766,33.88999938964844,33.88999938964844,23084,0.0,0.0
2022-12-20 15:30:00-05:00,33.90999984741211,34.02000045776367,33.60599899291992,33.86000061035156,47370,0.0,0.0
2022-12-21 09:30:00-05:00,28.850000381469727,29.71500015258789,27.291000366210938,28.100000381469727,117811,0.0,0.0
2022-12-21 10:30:00-05:00,28.100000381469727,31.0,28.094999313354492,30.270000457763672,120475,0.0,0.0
2022-12-21 11:30:00-05:00,30.229999542236328,30.683000564575195,29.639999389648438,30.06100082397461,48061,0.0,0.0
2022-12-21 12:30:00-05:00,30.090200424194336,30.190000534057617,29.47599983215332,29.565000534057617,35889,0.0,0.0
2022-12-21 13:30:00-05:00,29.565000534057617,30.024999618530273,28.900100708007812,28.989999771118164,81939,0.0,0.0
2022-12-21 14:30:00-05:00,28.93000030517578,29.170000076293945,28.270000457763672,28.80500030517578,103473,0.0,0.0
2022-12-21 15:30:00-05:00,28.860000610351562,29.489999771118164,28.74250030517578,28.889999389648438,198477,0.0,0.0
2022-12-22 09:30:00-05:00,29.0,30.3700008392334,28.8700008392334,29.790000915527344,61072,0.0,0.0
2022-12-22 10:30:00-05:00,29.790000915527344,30.219999313354492,29.67009925842285,30.0,30125,0.0,0.0
2022-12-22 11:30:00-05:00,30.049999237060547,30.3700008392334,29.59000015258789,29.649999618530273,27395,0.0,0.0
2022-12-22 12:30:00-05:00,29.610000610351562,29.809999465942383,29.219999313354492,29.719999313354492,30024,0.0,0.0
2022-12-22 13:30:00-05:00,29.65999984741211,29.93000030517578,29.43000030517578,29.600000381469727,23109,0.0,0.0
2022-12-22 14:30:00-05:00,29.655000686645508,30.110000610351562,29.559999465942383,29.829999923706055,32325,0.0,0.0
2022-12-22 15:30:00-05:00,29.834999084472656,30.190000534057617,29.770000457763672,30.170000076293945,46902,0.0,0.0
2022-12-23 09:30:00-05:00,30.0,30.219999313354492,29.770000457763672,29.81999969482422,21796,0.0,0.0
2022-12-23 10:30:00-05:00,29.850000381469727,30.010000228881836,29.6200008392334,29.65999984741211,12549,0.0,0.0
2022-12-23 11:30:00-05:00,29.68000030517578,29.780000686645508,29.559999465942383,29.56999969482422,9184,0.0,0.0
2022-12-23 12:30:00-05:00,29.479999542236328,29.729999542236328,29.3799991607666,29.559999465942383,18961,0.0,0.0
2022-12-23 13:30:00-05:00,29.485000610351562,29.600000381469727,29.09000015258789,29.31999969482422,25842,0.0,0.0
2022-12-23 14:30:00-05:00,29.3799991607666,29.440000534057617,29.280000686645508,29.280000686645508,12780,0.0,0.0
2022-12-23 15:30:00-05:00,29.344999313354492,29.6299991607666,29.280000686645508,29.6299991607666,27842,0.0,0.0
2022-12-27 09:30:00-05:00,29.610000610351562,29.809999465942383,29.252500534057617,29.809999465942383,6400,0.0,0.0
2022-12-27 10:30:00-05:00,29.75,29.8799991607666,29.709999084472656,29.739999771118164,5524,0.0,0.0
2022-12-27 11:30:00-05:00,29.639999389648438,29.920000076293945,29.639999389648438,29.7450008392334,9832,0.0,0.0
2022-12-27 12:30:00-05:00,29.73200035095215,29.799999237060547,29.665000915527344,29.69499969482422,8573,0.0,0.0
2022-12-27 13:30:00-05:00,29.709999084472656,29.739999771118164,29.420000076293945,29.420000076293945,9333,0.0,0.0
2022-12-27 14:30:00-05:00,29.450000762939453,29.450000762939453,29.200000762939453,29.25,8273,0.0,0.0
2022-12-27 15:30:00-05:00,29.299999237060547,29.389999389648438,28.979999542236328,29.239999771118164,41392,0.0,0.0
2022-12-28 09:30:00-05:00,29.149999618530273,29.329999923706055,28.829999923706055,29.014999389648438,21777,0.0,0.0
2022-12-28 10:30:00-05:00,29.014999389648438,29.100000381469727,28.899999618530273,29.03619956970215,18397,0.0,0.0
2022-12-28 11:30:00-05:00,29.1200008392334,29.1200008392334,28.924999237060547,28.959999084472656,7916,0.0,0.0
2022-12-28 12:30:00-05:00,28.989999771118164,29.364999771118164,28.989999771118164,29.18000030517578,9533,0.0,0.0
2022-12-28 13:30:00-05:00,29.200000762939453,29.200000762939453,28.950000762939453,29.030000686645508,8075,0.0,0.0
2022-12-28 14:30:00-05:00,29.030000686645508,29.209999084472656,29.030000686645508,29.18000030517578,14652,0.0,0.0
2022-12-28 15:30:00-05:00,29.280000686645508,29.309999465942383,28.989999771118164,29.100000381469727,24944,0.0,0.0
2022-12-29 09:30:00-05:00,29.18000030517578,29.6299991607666,29.18000030517578,29.6299991607666,7298,0.0,0.0
2022-12-29 10:30:00-05:00,29.65999984741211,29.770000457763672,29.469999313354492,29.670000076293945,14770,0.0,0.0
2022-12-29 11:30:00-05:00,29.75,29.75,29.610000610351562,29.690000534057617,12606,0.0,0.0
2022-12-29 12:30:00-05:00,29.75,29.76460075378418,29.6200008392334,29.690000534057617,9381,0.0,0.0
2022-12-29 13:30:00-05:00,29.700000762939453,29.850000381469727,29.6299991607666,29.6299991607666,12661,0.0,0.0
2022-12-29 14:30:00-05:00,29.614999771118164,29.6299991607666,29.360000610351562,29.36009979248047,14052,0.0,0.0
2022-12-29 15:30:00-05:00,29.309999465942383,29.459999084472656,29.309999465942383,29.43000030517578,15217,0.0,0.0
2022-12-30 09:30:00-05:00,29.170000076293945,29.46500015258789,29.079999923706055,29.450000762939453,7296,0.0,0.0
2022-12-30 10:30:00-05:00,29.559999465942383,29.56999969482422,29.200000762939453,29.2450008392334,8541,0.0,0.0
2022-12-30 11:30:00-05:00,29.295000076293945,29.3799991607666,29.149999618530273,29.239999771118164,15244,0.0,0.0
2022-12-30 12:30:00-05:00,29.268999099731445,29.31999969482422,29.049999237060547,29.235000610351562,23328,0.0,0.0
2022-12-30 13:30:00-05:00,29.264999389648438,29.360000610351562,29.188400268554688,29.219999313354492,9944,0.0,0.0
2022-12-30 14:30:00-05:00,29.299999237060547,29.34000015258789,29.079999923706055,29.229999542236328,13293,0.0,0.0
2022-12-30 15:30:00-05:00,29.25,29.5049991607666,29.25,29.40999984741211,27989,0.0,0.0
2023-01-03 09:30:00-05:00,29.520000457763672,31.540000915527344,29.520000457763672,31.049999237060547,34042,0.0,0.0
2023-01-03 10:30:00-05:00,31.049999237060547,31.34000015258789,30.81999969482422,30.8700008392334,17131,0.0,0.0
2023-01-03 11:30:00-05:00,30.81999969482422,31.06999969482422,30.729999542236328,31.010000228881836,13406,0.0,0.0
2023-01-03 12:30:00-05:00,31.059999465942383,31.260000228881836,30.889999389648438,31.225000381469727,18354,0.0,0.0
2023-01-03 13:30:00-05:00,31.239999771118164,31.270000457763672,30.860000610351562,30.920000076293945,11613,0.0,0.0
2023-01-03 14:30:00-05:00,30.920000076293945,31.170000076293945,30.8799991607666,31.100000381469727,16852,0.0,0.0
2023-01-03 15:30:00-05:00,31.1299991607666,31.290000915527344,30.969999313354492,31.15999984741211,27838,0.0,0.0
2023-01-04 09:30:00-05:00,31.3799991607666,31.700000762939453,31.18000030517578,31.700000762939453,7862,0.0,0.0
2023-01-04 10:30:00-05:00,31.829999923706055,32.084999084472656,31.739999771118164,31.739999771118164,10303,0.0,0.0
2023-01-04 11:30:00-05:00,31.735000610351562,32.20000076293945,31.735000610351562,32.18000030517578,17777,0.0,0.0
2023-01-04 12:30:00-05:00,32.220001220703125,32.36000061035156,32.064998626708984,32.36000061035156,11130,0.0,0.0
2023-01-04 13:30:00-05:00,32.32500076293945,32.43000030517578,32.1150016784668,32.1150016784668,15157,0.0,0.0
2023-01-04 14:30:00-05:00,32.08000183105469,32.29999923706055,32.060001373291016,32.2599983215332,12749,0.0,0.0
2023-01-04 15:30:00-05:00,32.2400016784668,32.47999954223633,32.22999954223633,32.349998474121094,29019,0.0,0.0
2023-01-05 09:30:00-05:00,32.119998931884766,32.349998474121094,31.454999923706055,31.649999618530273,12958,0.0,0.0
2023-01-05 10:30:00-05:00,31.597700119018555,31.597700119018555,30.979999542236328,31.0,12029,0.0,0.0
2023-01-05 11:30:00-05:00,31.010000228881836,31.040000915527344,30.81999969482422,30.90999984741211,10308,0.0,0.0
2023-01-05 12:30:00-05:00,30.959999084472656,31.280000686645508,30.739999771118164,31.260000228881836,12240,0.0,0.0
2023-01-05 13:30:00-05:00,31.290000915527344,31.329999923706055,31.075000762939453,31.075000762939453,11499,0.0,0.0
2023-01-05 14:30:00-05:00,31.09000015258789,31.315000534057617,30.8700008392334,30.985000610351562,15117,0.0,0.0
2023-01-05 15:30:00-05:00,30.950000762939453,31.075000762939453,30.829999923706055,30.959999084472656,22259,0.0,0.0
2023-01-06 09:30:00-05:00,31.309999465942383,32.15999984741211,31.309999465942383,31.610000610351562,4095,0.0,0.0
2023-01-06 10:30:00-05:00,31.690000534057617,31.780000686645508,31.3700008392334,31.3700008392334,11981,0.0,0.0
2023-01-06 11:30:00-05:00,31.440000534057617,31.540000915527344,31.260000228881836,31.40999984741211,8498,0.0,0.0
2023-01-06 12:30:00-05:00,31.34000015258789,31.34000015258789,31.15999984741211,31.170000076293945,8971,0.0,0.0
2023-01-06 13:30:00-05:00,31.139999389648438,31.34000015258789,31.139999389648438,31.309999465942383,8113,0.0,0.0
2023-01-06 14:30:00-05:00,31.31999969482422,31.43000030517578,31.290000915527344,31.333200454711914,9504,0.0,0.0
2023-01-06 15:30:00-05:00,31.3700008392334,31.440000534057617,31.299999237060547,31.440000534057617,12440,0.0,0.0
2023-01-09 09:30:00-05:00,31.510000228881836,31.860000610351562,31.15999984741211,31.18000030517578,8051,0.0,0.0
2023-01-09 10:30:00-05:00,31.15999984741211,31.510000228881836,31.15999984741211,31.450000762939453,10254,0.0,0.0
2023-01-09 11:30:00-05:00,31.420000076293945,31.420000076293945,31.18000030517578,31.2810001373291,7738,0.0,0.0
2023-01-09 12:30:00-05:00,31.190000534057617,31.190000534057617,31.020000457763672,31.1299991607666,4377,0.0,0.0
2023-01-09 13:30:00-05:00,31.09000015258789,31.110000610351562,31.010000228881836,31.020000457763672,7088,0.0,0.0
2023-01-09 14:30:00-05:00,31.0,31.0,30.844999313354492,30.940000534057617,11742,0.0,0.0
2023-01-09 15:30:00-05:00,30.91790008544922,30.924999237060547,30.65999984741211,30.68000030517578,13951,0.0,0.0
2023-01-10 09:30:00-05:00,30.56999969482422,31.049999237060547,30.479999542236328,30.979999542236328,0,0.0,0.0
2023-01-10 10:30:00-05:00,31.049999237060547,31.049999237060547,30.719999313354492,30.780000686645508,4911,0.0,0.0
2023-01-10 11:30:00-05:00,30.795000076293945,30.795000076293945,30.690000534057617,30.719999313354492,4766,0.0,0.0
2023-01-10 12:30:00-05:00,30.799999237060547,31.099899291992188,30.799999237060547,31.09000015258789,3700,0.0,0.0
2023-01-10 13:30:00-05:00,31.010000228881836,31.049999237060547,30.809999465942383,30.809999465942383,3909,0.0,0.0
2023-01-10 14:30:00-05:00,30.850000381469727,31.030000686645508,30.75,31.0,9799,0.0,0.0
2023-01-10 15:30:00-05:00,31.030000686645508,31.360000610351562,31.030000686645508,31.360000610351562,19795,0.0,0.0
2023-01-11 09:30:00-05:00,31.360000610351562,31.389999389648438,31.225000381469727,31.299999237060547,3207,0.0,0.0
2023-01-11 10:30:00-05:00,31.190000534057617,31.190000534057617,30.760000228881836,30.760000228881836,4043,0.0,0.0
2023-01-11 11:30:00-05:00,30.8700008392334,30.979999542236328,30.81999969482422,30.875,7506,0.0,0.0
2023-01-11 12:30:00-05:00,30.8799991607666,30.889999389648438,30.829999923706055,30.84000015258789,2426,0.0,0.0
2023-01-11 13:30:00-05:00,30.8799991607666,30.920000076293945,30.690000534057617,30.690000534057617,9345,0.0,0.0
2023-01-11 14:30:00-05:00,30.735000610351562,31.09000015258789,30.65999984741211,31.030000686645508,16533,0.0,0.0
2023-01-11 15:30:00-05:00,30.969999313354492,31.170000076293945,30.959999084472656,31.149999618530273,27170,0.0,0.0
2023-01-12 09:30:00-05:00,31.3799991607666,31.799400329589844,30.8700008392334,31.639999389648438,3420,0.0,0.0
2023-01-12 10:30:00-05:00,31.59000015258789,31.59000015258789,31.239999771118164,31.3700008392334,5697,0.0,0.0
2023-01-12 11:30:00-05:00,31.309999465942383,31.5,31.239999771118164,31.3700008392334,4951,0.0,0.0
2023-01-12 12:30:00-05:00,31.290000915527344,31.3700008392334,30.924999237060547,31.170000076293945,20284,0.0,0.0
2023-01-12 13:30:00-05:00,31.114999771118164,31.229999542236328,31.114999771118164,31.15999984741211,4487,0.0,0.0
2023-01-12 14:30:00-05:00,31.15999984741211,31.329999923706055,31.075000762939453,31.219999313354492,10087,0.0,0.0
2023-01-12 15:30:00-05:00,31.209999084472656,31.25,31.100000381469727,31.209999084472656,10814,0.0,0.0
2023-01-13 09:30:00-05:00,31.209999084472656,31.209999084472656,30.94219970703125,31.010000228881836,2914,0.0,0.0
2023-01-13 10:30:00-05:00,31.510000228881836,31.559999465942383,31.31999969482422,31.440000534057617,5024,0.0,0.0
2023-01-13 11:30:00-05:00,31.440000534057617,31.93000030517578,31.3799991607666,31.93000030517578,14089,0.0,0.0
2023-01-13 12:30:00-05:00,31.885000228881836,32.040000915527344,31.850000381469727,32.040000915527344,7951,0.0,0.0
2023-01-13 13:30:00-05:00,32.07500076293945,32.11000061035156,31.709999084472656,31.709999084472656,17306,0.0,0.0
2023-01-13 14:30:00-05:00,31.600000381469727,31.790000915527344,31.600000381469727,31.770000457763672,13163,0.0,0.0
2023-01-13 15:30:00-05:00,31.815000534057617,31.989999771118164,31.799999237060547,31.950000762939453,26835,0.0,0.0
2023-01-17 09:30:00-05:00,31.799999237060547,32.15999984741211,31.700000762939453,31.700000762939453,19953,0.0,0.0
2023-01-17 10:30:00-05:00,31.700000762939453,32.54999923706055,31.700000762939453,32.47999954223633,22652,0.0,0.0
2023-01-17 11:30:00-05:00,32.400001525878906,32.58000183105469,32.18000030517578,32.314998626708984,25031,0.0,0.0
2023-01-17 12:30:00-05:00,32.34000015258789,32.34000015258789,31.979999542236328,32.029998779296875,15643,0.0,0.0
2023-01-17 13:30:00-05:00,32.0,32.16999816894531,32.0,32.029998779296875,13454,0.0,0.0
2023-01-17 14:30:00-05:00,32.08000183105469,32.099998474121094,31.81999969482422,32.06999969482422,14907,0.0,0.0
2023-01-17 15:30:00-05:00,32.05500030517578,32.14500045776367,31.989999771118164,32.099998474121094,18153,0.0,0.0
2023-01-18 09:30:00-05:00,32.04999923706055,32.16999816894531,31.915000915527344,32.154998779296875,8731,0.0,0.0
2023-01-18 10:30:00-05:00,32.150001525878906,32.150001525878906,31.75,31.81999969482422,14255,0.0,0.0
2023-01-18 11:30:00-05:00,31.799999237060547,31.959999084472656,31.700000762939453,31.700000762939453,11807,0.0,0.0
2023-01-18 12:30:00-05:00,31.700000762939453,31.799999237060547,31.600000381469727,31.700000762939453,16027,0.0,0.0
2023-01-18 13:30:00-05:00,31.6299991607666,31.739999771118164,31.5,31.5,8341,0.0,0.0
2023-01-18 14:30:00-05:00,31.600000381469727,31.649999618530273,31.450000762939453,31.450000762939453,18713,0.0,0.0
2023-01-18 15:30:00-05:00,31.450000762939453,31.68000030517578,31.450000762939453,31.65999984741211,34225,0.0,0.0
2023-01-19 09:30:00-05:00,31.40999984741211,31.790000915527344,31.40999984741211,31.55470085144043,7093,0.0,0.0
2023-01-19 10:30:00-05:00,31.5,31.6299991607666,31.41860008239746,31.510000228881836,12556,0.0,0.0
2023-01-19 11:30:00-05:00,31.549999237060547,31.549999237060547,31.399999618530273,31.399999618530273,10220,0.0,0.0
2023-01-19 12:30:00-05:00,31.43000030517578,31.6200008392334,31.399999618530273,31.489999771118164,14842,0.0,0.0
2023-01-19 13:30:00-05:00,31.549999237060547,31.719999313354492,31.540000915527344,31.649999618530273,9535,0.0,0.0
2023-01-19 14:30:00-05:00,31.600000381469727,31.75,31.549999237060547,31.579999923706055,16804,0.0,0.0
2023-01-19 15:30:00-05:00,31.59000015258789,31.829999923706055,31.56999969482422,31.80500030517578,23570,0.0,0.0
2023-01-20 09:30:00-05:00,32.119998931884766,32.119998931884766,30.709999084472656,30.77389907836914,16307,0.0,0.0
2023-01-20 10:30:00-05:00,30.850000381469727,31.25,30.714599609375,30.979999542236328,19573,0.0,0.0
2023-01-20 11:30:00-05:00,30.899999618530273,31.0,30.899999618530273,30.940000534057617,7688,0.0,0.0
2023-01-20 12:30:00-05:00,30.950000762939453,31.1299991607666,30.895000457763672,30.924999237060547,17135,0.0,0.0
2023-01-20 13:30:00-05:00,30.950000762939453,31.350000381469727,30.950000762939453,31.270999908447266,9853,0.0,0.0
2023-01-20 14:30:00-05:00,31.280000686645508,31.875,31.239999771118164,31.729999542236328,35800,0.0,0.0
2023-01-20 15:30:00-05:00,31.729999542236328,32.04499816894531,31.670000076293945,31.989999771118164,55291,0.0,0.0
2023-01-23 09:30:00-05:00,32.04999923706055,32.61000061035156,31.940000534057617,32.439998626708984,8919,0.0,0.0
2023-01-23 10:30:00-05:00,32.505001068115234,32.71500015258789,32.27000045776367,32.71500015258789,14424,0.0,0.0
2023-01-23 11:30:00-05:00,32.724998474121094,32.83000183105469,32.435001373291016,32.810001373291016,15033,0.0,0.0
2023-01-23 12:30:00-05:00,32.78010177612305,32.8650016784668,32.68000030517578,32.79999923706055,12867,0.0,0.0
2023-01-23 13:30:00-05:00,32.869998931884766,32.869998931884766,32.525001525878906,32.59000015258789,12380,0.0,0.0
2023-01-23 14:30:00-05:00,32.59000015258789,32.6150016784668,32.310001373291016,32.31999969482422,13146,0.0,0.0
2023-01-23 15:30:00-05:00,32.29999923706055,32.5099983215332,32.125,32.279998779296875,39154,0.0,0.0
2023-01-24 09:30:00-05:00,32.27000045776367,32.27000045776367,31.739999771118164,31.938199996948242,2051,0.0,0.0
2023-01-24 10:30:00-05:00,31.932199478149414,32.191001892089844,31.932199478149414,32.0,6468,0.0,0.0
2023-01-24 11:30:00-05:00,31.959999084472656,32.00590133666992,31.85610008239746,31.979999542236328,5116,0.0,0.0
2023-01-24 12:30:00-05:00,31.979999542236328,32.14500045776367,31.979999542236328,32.13999938964844,5586,0.0,0.0
2023-01-24 13:30:00-05:00,32.130001068115234,32.380001068115234,32.130001068115234,32.25,12087,0.0,0.0
2023-01-24 14:30:00-05:00,32.275001525878906,32.380001068115234,32.16999816894531,32.220001220703125,10665,0.0,0.0
2023-01-24 15:30:00-05:00,32.16999816894531,32.38999938964844,32.16999816894531,32.26499938964844,24289,0.0,0.0
2023-01-25 09:30:00-05:00,32.189998626708984,32.369998931884766,31.895000457763672,32.209999084472656,3610,0.0,0.0
2023-01-25 10:30:00-05:00,32.130001068115234,32.150001525878906,31.979999542236328,31.989999771118164,3368,0.0,0.0
2023-01-25 11:30:00-05:00,31.959999084472656,32.040000915527344,31.899999618530273,31.899999618530273,4453,0.0,0.0
2023-01-25 12:30:00-05:00,31.90999984741211,32.150001525878906,31.90999984741211,32.150001525878906,5057,0.0,0.0
2023-01-25 13:30:00-05:00,32.08000183105469,32.220001220703125,32.08000183105469,32.15999984741211,3303,0.0,0.0
2023-01-25 14:30:00-05:00,32.154998779296875,32.29499816894531,32.119998931884766,32.29499816894531,6972,0.0,0.0
2023-01-25 15:30:00-05:00,32.33000183105469,32.59000015258789,32.29999923706055,32.58000183105469,13501,0.0,0.0
2023-01-26 09:30:00-05:00,32.61000061035156,32.6609001159668,32.2307014465332,32.2307014465332,1980,0.0,0.0
2023-01-26 10:30:00-05:00,32.22999954223633,32.22999954223633,32.02000045776367,32.02000045776367,1336,0.0,0.0
2023-01-26 11:30:00-05:00,32.005001068115234,32.310001373291016,32.005001068115234,32.18000030517578,9065,0.0,0.0
2023-01-26 12:30:00-05:00,32.21500015258789,32.21500015258789,31.899999618530273,31.899999618530273,1747,0.0,0.0
2023-01-26 13:30:00-05:00,31.954999923706055,32.15999984741211,31.954999923706055,32.060001373291016,3372,0.0,0.0
2023-01-26 14:30:00-05:00,32.13999938964844,32.16999816894531,31.979999542236328,32.04999923706055,4386,0.0,0.0
2023-01-26 15:30:00-05:00,32.0099983215332,32.095001220703125,31.94499969482422,31.989999771118164,12315,0.0,0.0
2023-01-27 09:30:00-05:00,32.060001373291016,32.61000061035156,32.03499984741211,32.13999938964844,0,0.0,0.0
2023-01-27 10:30:00-05:00,31.979999542236328,31.979999542236328,31.860000610351562,31.860000610351562,2502,0.0,0.0
2023-01-27 11:30:00-05:00,31.93000030517578,32.02000045776367,31.889999389648438,32.0,4275,0.0,0.0
2023-01-27 12:30:00-05:00,32.0,32.04999923706055,31.989999771118164,31.989999771118164,3562,0.0,0.0
2023-01-27 13:30:00-05:00,32.02000045776367,32.15999984741211,31.985000610351562,32.15999984741211,17641,0.0,0.0
2023-01-27 14:30:00-05:00,32.14500045776367,32.29999923706055,32.04999923706055,32.04999923706055,10240,0.0,0.0
2023-01-27 15:30:00-05:00,32.119998931884766,32.130001068115234,31.65999984741211,31.690000534057617,29845,0.0,0.0
2023-01-30 09:30:00-05:00,31.6200008392334,32.08000183105469,31.450000762939453,31.985000610351562,18879,0.0,0.0
2023-01-30 10:30:00-05:00,31.959999084472656,31.959999084472656,31.584999084472656,31.584999084472656,5568,0.0,0.0
2023-01-30 11:30:00-05:00,31.6200008392334,31.829999923706055,31.614999771118164,31.719999313354492,4971,0.0,0.0
2023-01-30 12:30:00-05:00,31.770000457763672,32.029998779296875,31.75,31.809999465942383,12875,0.0,0.0
2023-01-30 13:30:00-05:00,31.84000015258789,31.959999084472656,31.68000030517578,31.729999542236328,7187,0.0,0.0
2023-01-30 14:30:00-05:00,31.74250030517578,31.797000885009766,31.579999923706055,31.670000076293945,6462,0.0,0.0
2023-01-30 15:30:00-05:00,31.653200149536133,31.65999984741211,31.579999923706055,31.65999984741211,11402,0.0,0.0
2023-01-31 09:30:00-05:00,31.649999618530273,32.02000045776367,31.639999389648438,31.895000457763672,11001,0.0,0.0
2023-01-31 10:30:00-05:00,31.940000534057617,32.06999969482422,31.864999771118164,31.889999389648438,6692,0.0,0.0
2023-01-31 11:30:00-05:00,31.899999618530273,32.029998779296875,31.8700008392334,32.005001068115234,15224,0.0,0.0
2023-01-31 12:30:00-05:00,31.950000762939453,32.06999969482422,31.950000762939453,31.969999313354492,4788,0.0,0.0
2023-01-31 13:30:00-05:00,32.060001373291016,32.18000030517578,32.040000915527344,32.16999816894531,3876,0.0,0.0
2023-01-31 14:30:00-05:00,32.150001525878906,32.290000915527344,32.150001525878906,32.255001068115234,12905,0.0,0.0
2023-01-31 15:30:00-05:00,32.25,32.25,32.04999923706055,32.04999923706055,27519,0.0,0.0
2023-02-01 09:30:00-05:00,31.920000076293945,32.439998626708984,31.920000076293945,32.310001373291016,6701,0.0,0.0
2023-02-01 10:30:00-05:00,32.32500076293945,32.3849983215332,31.979999542236328,32.380001068115234,5877,0.0,0.0
2023-02-01 11:30:00-05:00,32.310001373291016,32.47999954223633,32.310001373291016,32.41999816894531,5234,0.0,0.0
2023-02-01 12:30:00-05:00,32.4900016784668,32.529998779296875,32.43000030517578,32.47999954223633,4260,0.0,0.0
2023-02-01 13:30:00-05:00,32.540000915527344,32.59000015258789,32.43000030517578,32.439998626708984,5530,0.0,0.0
2023-02-01 14:30:00-05:00,32.439998626708984,33.0,32.310001373291016,32.86000061035156,20080,0.0,0.0
2023-02-01 15:30:00-05:00,32.90999984741211,33.040000915527344,32.720001220703125,32.93000030517578,21119,0.0,0.0
2023-02-02 09:30:00-05:00,33.040000915527344,33.30500030517578,32.20500183105469,33.30500030517578,6972,0.0,0.0
2023-02-02 10:30:00-05:00,33.31999969482422,33.45000076293945,33.14500045776367,33.18000030517578,8977,0.0,0.0
2023-02-02 11:30:00-05:00,33.12009811401367,33.12009811401367,32.880001068115234,32.8849983215332,7825,0.0,0.0
2023-02-02 12:30:00-05:00,32.89500045776367,33.0,32.84000015258789,32.939998626708984,6634,0.0,0.0
2023-02-02 13:30:00-05:00,32.900001525878906,33.0099983215332,32.73500061035156,32.73500061035156,8901,0.0,0.0
2023-02-02 14:30:00-05:00,32.689998626708984,33.040000915527344,32.66999816894531,33.01499938964844,15388,0.0,0.0
2023-02-02 15:30:00-05:00,33.01499938964844,33.02000045776367,32.86000061035156,32.9900016784668,26683,0.0,0.0
2023-02-03 09:30:00-05:00,32.86000061035156,33.150001525878906,32.470001220703125,32.66999816894531,5954,0.0,0.0
2023-02-03 10:30:00-05:00,32.63999938964844,32.650001525878906,32.244998931884766,32.41999816894531,6165,0.0,0.0
2023-02-03 11:30:00-05:00,32.41999816894531,32.58000183105469,32.400001525878906,32.58000183105469,4684,0.0,0.0
2023-02-03 12:30:00-05:00,32.66999816894531,32.72999954223633,32.43000030517578,32.56999969482422,10603,0.0,0.0
2023-02-03 13:30:00-05:00,32.61000061035156,32.65999984741211,32.5,32.540000915527344,5090,0.0,0.0
2023-02-03 14:30:00-05:00,32.5099983215332,32.79999923706055,32.470001220703125,32.720001220703125,11367,0.0,0.0
2023-02-03 15:30:00-05:00,32.790000915527344,32.84000015258789,32.66999816894531,32.70000076293945,18563,0.0,0.0
2023-02-06 09:30:00-05:00,32.72999954223633,32.79999923706055,32.290000915527344,32.290000915527344,11036,0.0,0.0
2023-02-06 10:30:00-05:00,32.30500030517578,32.52000045776367,32.30500030517578,32.459999084472656,3836,0.0,0.0
2023-02-06 11:30:00-05:00,32.5,32.5,32.1693000793457,32.17499923706055,1795,0.0,0.0
2023-02-06 12:30:00-05:00,32.15999984741211,32.189998626708984,32.09000015258789,32.17499923706055,2911,0.0,0.0
2023-02-06 13:30:00-05:00,32.189998626708984,32.560001373291016,32.08000183105469,32.310001373291016,8569,0.0,0.0
2023-02-06 14:30:00-05:00,32.34000015258789,32.34000015258789,32.119998931884766,32.1609992980957,12147,0.0,0.0
2023-02-06 15:30:00-05:00,32.16999816894531,32.5,32.08000183105469,32.5,21501,0.0,0.0
2023-02-07 09:30:00-05:00,32.349998474121094,32.349998474121094,31.700000762939453,31.764999389648438,7826,0.0,0.0
2023-02-07 10:30:00-05:00,31.770000457763672,31.959999084472656,31.690000534057617,31.875,3361,0.0,0.0
2023-02-07 11:30:00-05:00,31.905000686645508,31.950000762939453,31.829999923706055,31.829999923706055,4734,0.0,0.0
2023-02-07 12:30:00-05:00,31.81999969482422,32.21500015258789,31.81999969482422,32.130001068115234,7847,0.0,0.0
2023-02-07 13:30:00-05:00,31.979999542236328,32.255001068115234,31.735000610351562,32.25,8339,0.0,0.0
2023-02-07 14:30:00-05:00,32.189998626708984,32.189998626708984,31.860000610351562,31.934999465942383,9349,0.0,0.0
2023-02-07 15:30:00-05:00,31.924999237060547,32.22999954223633,31.924999237060547,32.130001068115234,21466,0.0,0.0
2023-02-08 09:30:00-05:00,32.029998779296875,32.029998779296875,31.510000228881836,31.985000610351562,4813,0.0,0.0
2023-02-08 10:30:00-05:00,31.985000610351562,32.040000915527344,31.760000228881836,31.76959991455078,9070,0.0,0.0
2023-02-08 11:30:00-05:00,31.760000228881836,31.770000457763672,31.674999237060547,31.770000457763672,4291,0.0,0.0
2023-02-08 12:30:00-05:00,31.760000228881836,31.975000381469727,31.760000228881836,31.830299377441406,5567,0.0,0.0
2023-02-08 13:30:00-05:00,31.829999923706055,31.829999923706055,31.68000030517578,31.75,7184,0.0,0.0
2023-02-08 14:30:00-05:00,31.795000076293945,32.0099983215332,31.780000686645508,31.8700008392334,8492,0.0,0.0
2023-02-08 15:30:00-05:00,31.889999389648438,32.0099983215332,31.8799991607666,31.920000076293945,10658,0.0,0.0
2023-02-09 09:30:00-05:00,32.150001525878906,32.654998779296875,32.02000045776367,32.040000915527344,0,0.0,0.0
2023-02-09 10:30:00-05:00,32.08000183105469,32.08000183105469,31.84160041809082,31.84160041809082,6038,0.0,0.0
2023-02-09 11:30:00-05:00,31.799999237060547,31.799999237060547,31.645200729370117,31.709999084472656,3240,0.0,0.0
2023-02-09 12:30:00-05:00,31.6299991607666,31.690000534057617,31.479999542236328,31.670000076293945,6527,0.0,0.0
2023-02-09 13:30:00-05:00,31.645000457763672,31.709999084472656,31.635000228881836,31.635000228881836,4228,0.0,0.0
2023-02-09 14:30:00-05:00,31.672000885009766,31.780000686645508,31.510000228881836,31.584999084472656,13929,0.0,0.0
2023-02-09 15:30:00-05:00,31.55500030517578,31.579999923706055,31.489999771118164,31.5,12497,0.0,0.0
2023-02-10 09:30:00-05:00,31.600000381469727,32.33000183105469,31.489999771118164,31.90999984741211,23171,0.0,0.0
2023-02-10 10:30:00-05:00,31.8799991607666,31.889999389648438,31.69770050048828,31.809999465942383,5666,0.0,0.0
2023-02-10 11:30:00-05:00,31.780000686645508,31.920000076293945,31.780000686645508,31.829999923706055,3476,0.0,0.0
2023-02-10 12:30:00-05:00,31.84000015258789,31.8799991607666,31.78499984741211,31.8799991607666,3528,0.0,0.0
2023-02-10 13:30:00-05:00,31.899999618530273,31.959999084472656,31.847200393676758,31.915000915527344,5740,0.0,0.0
2023-02-10 14:30:00-05:00,31.90999984741211,31.93000030517578,31.639999389648438,31.639999389648438,6421,0.0,0.0
2023-02-10 15:30:00-05:00,31.65999984741211,31.739999771118164,31.625,31.68000030517578,21966,0.0,0.0
2023-02-13 09:30:00-05:00,31.59000015258789,32.73500061035156,31.59000015258789,31.8799991607666,11868,0.0,0.0
2023-02-13 10:30:00-05:00,31.860000610351562,32.06999969482422,31.790000915527344,31.844999313354492,5667,0.0,0.0
2023-02-13 11:30:00-05:00,31.940000534057617,32.06999969482422,31.895000457763672,31.959999084472656,5767,0.0,0.0
2023-02-13 12:30:00-05:00,31.924999237060547,31.987499237060547,31.889999389648438,31.924999237060547,9823,0.0,0.0
2023-02-13 13:30:00-05:00,32.029998779296875,32.36000061035156,32.029998779296875,32.27000045776367,7964,0.0,0.0
2023-02-13 14:30:00-05:00,32.20000076293945,32.349998474121094,32.130001068115234,32.33000183105469,8159,0.0,0.0
2023-02-13 15:30:00-05:00,32.34000015258789,32.5,32.209999084472656,32.40999984741211,31506,0.0,0.0
2023-02-14 09:30:00-05:00,32.40999984741211,32.435001373291016,32.17499923706055,32.27000045776367,4911,0.0,0.0
2023-02-14 10:30:00-05:00,32.255001068115234,32.32500076293945,31.940000534057617,31.940000534057617,5639,0.0,0.0
2023-02-14 11:30:00-05:00,31.81999969482422,31.950000762939453,31.81999969482422,31.899999618530273,2728,0.0,0.0
2023-02-14 12:30:00-05:00,31.899999618530273,32.17900085449219,31.899999618530273,32.029998779296875,2517,0.0,0.0
2023-02-14 13:30:00-05:00,32.04999923706055,32.150001525878906,32.0099983215332,32.150001525878906,5002,0.0,0.0
2023-02-14 14:30:00-05:00,32.095001220703125,32.2400016784668,32.060001373291016,32.150001525878906,13264,0.0,0.0
2023-02-14 15:30:00-05:00,32.11000061035156,32.279998779296875,32.06999969482422,32.08000183105469,19090,0.0,0.0
2023-02-15 09:30:00-05:00,31.889999389648438,32.209999084472656,31.889999389648438,31.959999084472656,4477,0.0,0.0
2023-02-15 10:30:00-05:00,32.13999938964844,32.13999938964844,32.040000915527344,32.040000915527344,995,0.0,0.0
2023-02-15 11:30:00-05:00,32.060001373291016,32.09000015258789,31.979999542236328,31.979999542236328,2739,0.0,0.0
2023-02-15 12:30:00-05:00,31.889999389648438,31.93000030517578,31.800899505615234,31.93000030517578,3253,0.0,0.0
2023-02-15 13:30:00-05:00,31.979999542236328,32.279998779296875,31.940000534057617,32.27000045776367,5012,0.0,0.0
2023-02-15 14:30:00-05:00,32.29999923706055,32.45000076293945,32.29999923706055,32.45000076293945,5313,0.0,0.0
2023-02-15 15:30:00-05:00,32.45000076293945,32.650001525878906,32.45000076293945,32.650001525878906,11581,0.0,0.0
2023-02-16 09:30:00-05:00,32.31999969482422,32.31999969482422,32.06999969482422,32.06999969482422,3483,0.0,0.0
2023-02-16 10:30:00-05:00,32.099998474121094,32.349998474121094,31.989999771118164,32.290000915527344,4423,0.0,0.0
2023-02-16 11:30:00-05:00,32.314998626708984,32.400001525878906,32.20000076293945,32.400001525878906,3980,0.0,0.0
2023-02-16 12:30:00-05:00,32.3650016784668,32.369998931884766,32.27000045776367,32.29710006713867,3962,0.0,0.0
2023-02-16 13:30:00-05:00,32.33000183105469,32.380001068115234,32.33000183105469,32.34000015258789,2355,0.0,0.0
2023-02-16 14:30:00-05:00,32.33000183105469,32.36000061035156,32.150001525878906,32.150001525878906,7519,0.0,0.0
2023-02-16 15:30:00-05:00,32.130001068115234,32.209999084472656,32.08000183105469,32.13999938964844,12054,0.0,0.0
2023-02-17 09:30:00-05:00,32.349998474121094,32.970001220703125,32.20000076293945,32.91809844970703,13354,0.0,0.0
2023-02-17 10:30:00-05:00,33.119998931884766,33.22999954223633,32.779998779296875,32.779998779296875,4342,0.0,0.0
2023-02-17 11:30:00-05:00,32.71500015258789,33.0,32.71500015258789,33.0,4360,0.0,0.0
2023-02-17 12:30:00-05:00,33.01499938964844,33.06999969482422,32.970001220703125,33.025001525878906,4616,0.0,0.0
2023-02-17 13:30:00-05:00,33.025001525878906,33.189998626708984,33.025001525878906,33.189998626708984,5345,0.0,0.0
2023-02-17 14:30:00-05:00,33.29999923706055,33.369998931884766,33.20000076293945,33.22999954223633,9519,0.0,0.0
2023-02-17 15:30:00-05:00,33.275001525878906,33.439998626708984,33.275001525878906,33.432498931884766,13950,0.0,0.0
2023-02-21 09:30:00-05:00,33.22999954223633,33.349998474121094,33.095001220703125,33.2599983215332,20735,0.0,0.0
2023-02-21 10:30:00-05:00,33.15999984741211,33.2400016784668,33.03499984741211,33.11000061035156,4407,0.0,0.0
2023-02-21 11:30:00-05:00,33.11000061035156,33.15999984741211,33.08000183105469,33.099998474121094,5273,0.0,0.0
2023-02-21 12:30:00-05:00,33.10499954223633,33.42499923706055,33.10499954223633,33.345001220703125,5518,0.0,0.0
2023-02-21 13:30:00-05:00,33.345001220703125,33.345001220703125,33.04999923706055,33.119998931884766,7774,0.0,0.0
2023-02-21 14:30:00-05:00,33.21500015258789,33.27000045776367,33.099998474121094,33.185001373291016,7305,0.0,0.0
2023-02-21 15:30:00-05:00,33.19499969482422,33.19499969482422,33.0,33.150001525878906,15576,0.0,0.0
2023-02-22 09:30:00-05:00,33.209999084472656,33.689998626708984,33.209999084472656,33.52000045776367,14805,0.0,0.0
2023-02-22 10:30:00-05:00,33.5099983215332,33.80500030517578,33.47999954223633,33.80500030517578,3855,0.0,0.0
2023-02-22 11:30:00-05:00,33.77989959716797,33.78499984741211,33.689998626708984,33.689998626708984,2358,0.0,0.0
2023-02-22 12:30:00-05:00,33.775001525878906,33.775001525878906,33.6349983215332,33.6349983215332,3100,0.0,0.0
2023-02-22 13:30:00-05:00,33.650001525878906,33.65999984741211,33.36000061035156,33.45000076293945,6810,0.0,0.0
2023-02-22 14:30:00-05:00,33.349998474121094,33.369998931884766,33.20000076293945,33.250999450683594,8789,0.0,0.0
2023-02-22 15:30:00-05:00,33.2599983215332,33.5,33.2599983215332,33.47999954223633,9562,0.0,0.0
2023-02-23 09:30:00-05:00,33.63999938964844,33.959999084472656,33.36000061035156,33.599998474121094,6831,0.0,0.0
2023-02-23 10:30:00-05:00,33.5099983215332,33.5099983215332,33.43000030517578,33.4900016784668,3473,0.0,0.0
2023-02-23 11:30:00-05:00,33.369998931884766,33.369998931884766,33.189998626708984,33.22999954223633,4702,0.0,0.0
2023-02-23 12:30:00-05:00,33.33000183105469,33.34000015258789,33.2400016784668,33.34000015258789,4061,0.0,0.0
2023-02-23 13:30:00-05:00,33.400001525878906,33.494998931884766,33.310001373291016,33.380001068115234,6801,0.0,0.0
2023-02-23 14:30:00-05:00,33.3650016784668,33.540000915527344,33.349998474121094,33.540000915527344,7645,0.0,0.0
2023-02-23 15:30:00-05:00,33.4900016784668,33.599998474121094,33.43000030517578,33.54999923706055,14380,0.0,0.0
2023-02-24 09:30:00-05:00,33.31999969482422,33.31999969482422,32.97999954223633,32.97999954223633,2653,0.0,0.0
2023-02-24 10:30:00-05:00,32.84000015258789,33.16939926147461,32.79999923706055,33.099998474121094,6568,0.0,0.0
2023-02-24 11:30:00-05:00,33.040000915527344,33.08000183105469,32.849998474121094,32.939998626708984,8050,0.0,0.0
2023-02-24 12:30:00-05:00,32.90999984741211,32.90999984741211,32.709999084472656,32.724998474121094,7052,0.0,0.0
2023-02-24 13:30:00-05:00,32.68000030517578,32.90999984741211,32.65999984741211,32.90999984741211,7785,0.0,0.0
2023-02-24 14:30:00-05:00,32.869998931884766,33.18000030517578,32.849998474121094,32.9900016784668,8608,0.0,0.0
2023-02-24 15:30:00-05:00,33.0,33.02000045776367,32.86000061035156,33.02000045776367,18022,0.0,0.0
2023-02-27 09:30:00-05:00,33.11000061035156,33.36000061035156,33.11000061035156,33.28070068359375,4597,0.0,0.0
2023-02-27 10:30:00-05:00,33.11000061035156,33.11000061035156,32.9900016784668,33.0,2519,0.0,0.0
2023-02-27 11:30:00-05:00,32.849998474121094,32.849998474121094,32.70000076293945,32.77000045776367,1141,0.0,0.0
2023-02-27 12:30:00-05:00,32.75429916381836,32.9010009765625,32.75429916381836,32.900001525878906,4099,0.0,0.0
2023-02-27 13:30:00-05:00,32.86000061035156,32.9099006652832,32.70000076293945,32.86000061035156,10712,0.0,0.0
2023-02-27 14:30:00-05:00,32.8849983215332,32.8849983215332,32.63999938964844,32.70500183105469,9029,0.0,0.0
2023-02-27 15:30:00-05:00,32.70000076293945,32.71500015258789,32.5099983215332,32.54999923706055,18973,0.0,0.0
2023-02-28 09:30:00-05:00,32.5,32.849998474121094,32.1150016784668,32.5,10975,0.0,0.0
2023-02-28 10:30:00-05:00,32.58000183105469,33.040000915527344,32.58000183105469,32.90999984741211,9822,0.0,0.0
2023-02-28 11:30:00-05:00,32.869998931884766,32.869998931884766,32.59000015258789,32.59000015258789,3313,0.0,0.0
2023-02-28 12:30:00-05:00,32.61000061035156,32.630001068115234,32.56999969482422,32.56999969482422,2983,0.0,0.0
2023-02-28 13:30:00-05:00,32.56999969482422,32.56999969482422,32.470001220703125,32.52000045776367,4301,0.0,0.0
2023-02-28 14:30:00-05:00,32.540000915527344,32.540000915527344,32.400001525878906,32.400001525878906,5002,0.0,0.0
2023-02-28 15:30:00-05:00,32.380001068115234,32.52000045776367,32.27000045776367,32.279998779296875,20597,0.0,0.0
2023-03-01 09:30:00-05:00,32.22999954223633,32.5099983215332,31.96500015258789,32.09000015258789,6762,0.0,0.0
2023-03-01 10:30:00-05:00,32.16999816894531,32.16999816894531,31.75,31.764999389648438,6474,0.0,0.0
2023-03-01 11:30:00-05:00,31.809999465942383,32.130001068115234,31.795000076293945,32.04999923706055,6976,0.0,0.0
2023-03-01 12:30:00-05:00,32.064998626708984,32.064998626708984,31.96500015258789,32.0099983215332,2969,0.0,0.0
2023-03-01 13:30:00-05:00,32.01499938964844,32.16400146484375,31.940000534057617,32.150001525878906,6107,0.0,0.0
2023-03-01 14:30:00-05:00,32.150001525878906,32.20500183105469,31.829999923706055,32.20500183105469,26327,0.0,0.0
2023-03-01 15:30:00-05:00,32.25,32.2599983215332,31.940000534057617,32.099998474121094,25858,0.0,0.0
2023-03-02 09:30:00-05:00,32.0,32.77000045776367,31.739999771118164,32.744998931884766,10665,0.0,0.0
2023-03-02 10:30:00-05:00,32.84000015258789,32.95000076293945,32.77000045776367,32.900001525878906,6315,0.0,0.0
2023-03-02 11:30:00-05:00,32.86000061035156,32.86000061035156,32.81999969482422,32.81999969482422,1097,0.0,0.0
2023-03-02 12:30:00-05:00,32.77000045776367,33.08000183105469,32.68000030517578,33.08000183105469,10650,0.0,0.0
2023-03-02 13:30:00-05:00,33.09000015258789,33.220001220703125,33.0099983215332,33.04999923706055,9321,0.0,0.0
2023-03-02 14:30:00-05:00,33.040000915527344,33.099998474121094,32.93000030517578,32.970001220703125,9202,0.0,0.0
2023-03-02 15:30:00-05:00,32.970001220703125,33.130001068115234,32.959999084472656,33.08000183105469,17284,0.0,0.0
2023-03-03 09:30:00-05:00,33.09000015258789,33.09000015258789,32.04999923706055,32.45000076293945,10282,0.0,0.0
2023-03-03 10:30:00-05:00,32.52000045776367,32.584999084472656,32.404998779296875,32.52000045776367,4574,0.0,0.0
2023-03-03 11:30:00-05:00,32.685001373291016,32.83000183105469,32.56999969482422,32.83000183105469,3828,0.0,0.0
2023-03-03 12:30:00-05:00,32.790000915527344,32.80500030517578,32.654998779296875,32.65999984741211,8023,0.0,0.0
2023-03-03 13:30:00-05:00,32.689998626708984,32.77000045776367,32.560001373291016,32.77000045776367,11098,0.0,0.0
2023-03-03 14:30:00-05:00,32.7599983215332,32.90999984741211,32.7599983215332,32.81999969482422,3364,0.0,0.0
2023-03-03 15:30:00-05:00,32.83000183105469,32.880001068115234,32.56999969482422,32.56999969482422,27624,0.0,0.0
2023-03-06 09:30:00-05:00,32.68000030517578,32.68000030517578,31.719999313354492,31.93000030517578,18200,0.0,0.0
2023-03-06 10:30:00-05:00,32.04999923706055,32.04999923706055,31.799999237060547,31.920000076293945,13850,0.0,0.0
2023-03-06 11:30:00-05:00,31.8700008392334,31.899999618530273,31.68000030517578,31.69499969482422,10916,0.0,0.0
2023-03-06 12:30:00-05:00,31.739999771118164,31.739999771118164,31.18000030517578,31.23699951171875,15582,0.0,0.0
2023-03-06 13:30:00-05:00,31.25,31.260000228881836,31.059999465942383,31.15999984741211,13549,0.0,0.0
2023-03-06 14:30:00-05:00,31.219999313354492,31.219999313354492,30.940000534057617,31.0,19110,0.0,0.0
2023-03-06 15:30:00-05:00,30.979999542236328,31.40999984741211,30.959999084472656,31.290000915527344,34971,0.0,0.0
2023-03-07 09:30:00-05:00,26.030000686645508,26.770000457763672,23.360000610351562,23.790000915527344,209262,0.0,0.0
2023-03-07 10:30:00-05:00,23.700000762939453,23.829999923706055,22.639999389648438,23.510000228881836,177872,0.0,0.0
2023-03-07 11:30:00-05:00,23.510000228881836,23.73550033569336,23.11680030822754,23.68000030517578,144303,0.0,0.0
2023-03-07 12:30:00-05:00,23.68000030517578,24.260000228881836,23.140100479125977,24.0226993560791,116415,0.0,0.0
2023-03-07 13:30:00-05:00,24.1200008392334,24.15999984741211,23.200000762939453,23.579999923706055,142764,0.0,0.0
2023-03-07 14:30:00-05:00,23.540000915527344,23.65999984741211,23.049999237060547,23.18000030517578,154565,0.0,0.0
2023-03-07 15:30:00-05:00,23.229999542236328,24.100000381469727,23.070100784301758,23.75,379672,0.0,0.0
2023-03-08 09:30:00-05:00,23.940000534057617,24.610000610351562,23.5,24.399999618530273,111911,0.0,0.0
2023-03-08 10:30:00-05:00,24.395000457763672,24.510000228881836,24.101200103759766,24.15999984741211,29467,0.0,0.0
2023-03-08 11:30:00-05:00,24.110000610351562,24.809999465942383,24.110000610351562,24.688499450683594,25034,0.0,0.0
2023-03-08 12:30:00-05:00,24.68000030517578,24.729999542236328,24.360000610351562,24.655000686645508,50588,0.0,0.0
2023-03-08 13:30:00-05:00,24.639999389648438,24.809999465942383,24.59000015258789,24.59000015258789,24538,0.0,0.0
2023-03-08 14:30:00-05:00,24.58009910583496,24.674999237060547,24.399999618530273,24.405000686645508,66849,0.0,0.0
2023-03-08 15:30:00-05:00,24.3700008392334,24.520000457763672,24.280000686645508,24.40999984741211,79469,0.0,0.0
2023-03-09 09:30:00-05:00,24.18000030517578,24.565000534057617,23.87150001525879,24.260000228881836,74035,0.0,0.0
2023-03-09 10:30:00-05:00,24.2549991607666,24.782499313354492,24.2549991607666,24.600000381469727,25611,0.0,0.0
2023-03-09 11:30:00-05:00,24.594999313354492,24.68000030517578,24.5049991607666,24.6200008392334,22969,0.0,0.0
2023-03-09 12:30:00-05:00,24.604999542236328,24.825000762939453,24.510000228881836,24.735000610351562,16989,0.0,0.0
2023-03-09 13:30:00-05:00,24.674400329589844,24.739999771118164,24.524999618530273,24.55500030517578,17537,0.0,0.0
2023-03-09 14:30:00-05:00,24.530000686645508,24.589599609375,24.18000030517578,24.18000030517578,23007,0.0,0.0
2023-03-09 15:30:00-05:00,24.18000030517578,24.40999984741211,24.170000076293945,24.329999923706055,54970,0.0,0.0
2023-03-10 09:30:00-05:00,24.040000915527344,24.18000030517578,23.700000762939453,23.799999237060547,15156,0.0,0.0
2023-03-10 10:30:00-05:00,23.829999923706055,23.979999542236328,23.6299991607666,23.81999969482422,14662,0.0,0.0
2023-03-10 11:30:00-05:00,23.829999923706055,23.959999084472656,23.75,23.84000015258789,9773,0.0,0.0
2023-03-10 12:30:00-05:00,23.84000015258789,23.90999984741211,23.71500015258789,23.790000915527344,19909,0.0,0.0
2023-03-10 13:30:00-05:00,23.799999237060547,24.040000915527344,23.719999313354492,23.84000015258789,15022,0.0,0.0
2023-03-10 14:30:00-05:00,23.8799991607666,24.059999465942383,23.829999923706055,24.020000457763672,31918,0.0,0.0
2023-03-10 15:30:00-05:00,23.989999771118164,24.459999084472656,23.979999542236328,24.43000030517578,63587,0.0,0.0
2023-03-13 09:30:00-04:00,24.25,24.8700008392334,23.626399993896484,24.604999542236328,20185,0.0,0.0
2023-03-13 10:30:00-04:00,24.594999313354492,25.030000686645508,24.520000457763672,24.670000076293945,15963,0.0,0.0
2023-03-13 11:30:00-04:00,24.68000030517578,24.75,24.375,24.540000915527344,12617,0.0,0.0
2023-03-13 12:30:00-04:00,24.489999771118164,24.600000381469727,24.40999984741211,24.579999923706055,17825,0.0,0.0
2023-03-13 13:30:00-04:00,24.6299991607666,24.635000228881836,23.719999313354492,23.719999313354492,29712,0.0,0.0
2023-03-13 14:30:00-04:00,23.770000457763672,24.071500778198242,23.309999465942383,23.309999465942383,29788,0.0,0.0
2023-03-13 15:30:00-04:00,23.354999542236328,23.530000686645508,23.15999984741211,23.229999542236328,67363,0.0,0.0
2023-03-14 09:30:00-04:00,23.809999465942383,24.286699295043945,23.520000457763672,23.885000228881836,34960,0.0,0.0
2023-03-14 10:30:00-04:00,23.809999465942383,23.860000610351562,23.450000762939453,23.559999465942383,26268,0.0,0.0
2023-03-14 11:30:00-04:00,23.521299362182617,23.790000915527344,23.469999313354492,23.549999237060547,20261,0.0,0.0
2023-03-14 12:30:00-04:00,23.530000686645508,23.59000015258789,23.12070083618164,23.4281005859375,25294,0.0,0.0
2023-03-14 13:30:00-04:00,23.299999237060547,23.53860092163086,23.170000076293945,23.360000610351562,22047,0.0,0.0
2023-03-14 14:30:00-04:00,23.360000610351562,23.3799991607666,23.040000915527344,23.260000228881836,47798,0.0,0.0
2023-03-14 15:30:00-04:00,23.229999542236328,23.399999618530273,23.110000610351562,23.3799991607666,72554,0.0,0.0
2023-03-15 09:30:00-04:00,23.010000228881836,24.10300064086914,22.93000030517578,23.799999237060547,38084,0.0,0.0
2023-03-15 10:30:00-04:00,23.75,23.94300079345703,23.610000610351562,23.649999618530273,23386,0.0,0.0
2023-03-15 11:30:00-04:00,23.649999618530273,23.725000381469727,23.440200805664062,23.610000610351562,21348,0.0,0.0
2023-03-15 12:30:00-04:00,23.639999389648438,23.690000534057617,23.489999771118164,23.600000381469727,20270,0.0,0.0
2023-03-15 13:30:00-04:00,23.6200008392334,23.850000381469727,23.559999465942383,23.739999771118164,14411,0.0,0.0
2023-03-15 14:30:00-04:00,23.719999313354492,23.799999237060547,23.56999969482422,23.575000762939453,22407,0.0,0.0
2023-03-15 15:30:00-04:00,23.545700073242188,23.700000762939453,23.49250030517578,23.68000030517578,45138,0.0,0.0
2023-03-16 09:30:00-04:00,23.549999237060547,23.6200008392334,23.209999084472656,23.59000015258789,13084,0.0,0.0
2023-03-16 10:30:00-04:00,23.6299991607666,23.809999465942383,23.459999084472656,23.670000076293945,17928,0.0,0.0
2023-03-16 11:30:00-04:00,23.65999984741211,23.729999542236328,23.545000076293945,23.65999984741211,13403,0.0,0.0
2023-03-16 12:30:00-04:00,23.6200008392334,23.915000915527344,23.600000381469727,23.850000381469727,14722,0.0,0.0
2023-03-16 13:30:00-04:00,23.8799991607666,23.90999984741211,23.56999969482422,23.59000015258789,12159,0.0,0.0
2023-03-16 14:30:00-04:00,23.600000381469727,23.670000076293945,23.549999237060547,23.65999984741211,15709,0.0,0.0
2023-03-16 15:30:00-04:00,23.6299991607666,23.690000534057617,23.594999313354492,23.65999984741211,26567,0.0,0.0
2023-03-17 09:30:00-04:00,23.3799991607666,23.420000076293945,22.950000762939453,23.059999465942383,62508,0.0,0.0
2023-03-17 10:30:00-04:00,23.030000686645508,23.1200008392334,22.829999923706055,22.8799991607666,28564,0.0,0.0
2023-03-17 11:30:00-04:00,22.899999618530273,23.114999771118164,22.860000610351562,23.0,21380,0.0,0.0
2023-03-17 12:30:00-04:00,23.020000457763672,23.110000610351562,22.959999084472656,23.0,24503,0.0,0.0
2023-03-17 13:30:00-04:00,23.049999237060547,23.115999221801758,22.9950008392334,23.024999618530273,19219,0.0,0.0
2023-03-17 14:30:00-04:00,23.040000915527344,23.094999313354492,22.8700008392334,22.969999313354492,71042,0.0,0.0
2023-03-17 15:30:00-04:00,22.950000762939453,22.950000762939453,22.700000762939453,22.829999923706055,114365,0.0,0.0
2023-03-20 09:30:00-04:00,23.06999969482422,23.8700008392334,23.0,23.469999313354492,12861,0.0,0.0
2023-03-20 10:30:00-04:00,23.454999923706055,23.639999389648438,23.31999969482422,23.600000381469727,18821,0.0,0.0
2023-03-20 11:30:00-04:00,23.530000686645508,23.600000381469727,23.299999237060547,23.420000076293945,19248,0.0,0.0
2023-03-20 12:30:00-04:00,23.459999084472656,23.469999313354492,23.299999237060547,23.309999465942383,13453,0.0,0.0
2023-03-20 13:30:00-04:00,23.290000915527344,23.399999618530273,23.06999969482422,23.260000228881836,20729,0.0,0.0
2023-03-20 14:30:00-04:00,23.290000915527344,23.31999969482422,23.200000762939453,23.21299934387207,30630,0.0,0.0
2023-03-20 15:30:00-04:00,23.209999084472656,23.40999984741211,23.170000076293945,23.299999237060547,42670,0.0,0.0
2023-03-21 09:30:00-04:00,23.75,24.354000091552734,23.71500015258789,24.0,69353,0.0,0.0
2023-03-21 10:30:00-04:00,24.0,24.06999969482422,23.875,24.020000457763672,42988,0.0,0.0
2023-03-21 11:30:00-04:00,24.0049991607666,24.05500030517578,23.950000762939453,24.040000915527344,20047,0.0,0.0
2023-03-21 12:30:00-04:00,24.06999969482422,24.100000381469727,23.854999542236328,24.030000686645508,28176,0.0,0.0
2023-03-21 13:30:00-04:00,24.030000686645508,24.184999465942383,23.950000762939453,24.184999465942383,20785,0.0,0.0
2023-03-21 14:30:00-04:00,24.18000030517578,24.219999313354492,24.059999465942383,24.059999465942383,20888,0.0,0.0
2023-03-21 15:30:00-04:00,24.09000015258789,24.280000686645508,24.09000015258789,24.209999084472656,36754,0.0,0.0
2023-03-22 09:30:00-04:00,24.280000686645508,24.420000076293945,24.15999984741211,24.299999237060547,7586,0.0,0.0
2023-03-22 10:30:00-04:00,24.350000381469727,24.790000915527344,24.290000915527344,24.674999237060547,34056,0.0,0.0
2023-03-22 11:30:00-04:00,24.649999618530273,24.90999984741211,24.649999618530273,24.889999389648438,19805,0.0,0.0
2023-03-22 12:30:00-04:00,24.93000030517578,25.139999389648438,24.84000015258789,25.06999969482422,49753,0.0,0.0
2023-03-22 13:30:00-04:00,25.059999465942383,25.239999771118164,24.979999542236328,25.110000610351562,37607,0.0,0.0
2023-03-22 14:30:00-04:00,25.1200008392334,25.15999984741211,24.799999237060547,25.014999389648438,38121,0.0,0.0
2023-03-22 15:30:00-04:00,25.0,25.059999465942383,24.790000915527344,24.860000610351562,79177,0.0,0.0
2023-03-23 09:30:00-04:00,24.8799991607666,25.25,24.6200008392334,25.049999237060547,18670,0.0,0.0
2023-03-23 10:30:00-04:00,25.0,25.09000015258789,24.979999542236328,24.989999771118164,17313,0.0,0.0
2023-03-23 11:30:00-04:00,25.014999389648438,25.014999389648438,24.940000534057617,24.959999084472656,13921,0.0,0.0
2023-03-23 12:30:00-04:00,24.979999542236328,25.010000228881836,24.860000610351562,24.90999984741211,18549,0.0,0.0
2023-03-23 13:30:00-04:00,24.920000076293945,24.920000076293945,24.65999984741211,24.719999313354492,40508,0.0,0.0
2023-03-23 14:30:00-04:00,24.709999084472656,24.799999237060547,24.579999923706055,24.719999313354492,40304,0.0,0.0
2023-03-23 15:30:00-04:00,24.709999084472656,24.94099998474121,24.709999084472656,24.8700008392334,44493,0.0,0.0
2023-03-24 09:30:00-04:00,25.75,27.01180076599121,25.75,26.899999618530273,62313,0.0,0.0
2023-03-24 10:30:00-04:00,26.920000076293945,27.214500427246094,26.68000030517578,27.1299991607666,34487,0.0,0.0
2023-03-24 11:30:00-04:00,27.1299991607666,27.229999542236328,26.760000228881836,26.809999465942383,34154,0.0,0.0
2023-03-24 12:30:00-04:00,26.770000457763672,26.850000381469727,26.649999618530273,26.770000457763672,17468,0.0,0.0
2023-03-24 13:30:00-04:00,26.790000915527344,26.8700008392334,26.665000915527344,26.790000915527344,18122,0.0,0.0
2023-03-24 14:30:00-04:00,26.799999237060547,26.860000610351562,26.65999984741211,26.660999298095703,28216,0.0,0.0
2023-03-24 15:30:00-04:00,26.670000076293945,26.8700008392334,26.600000381469727,26.735000610351562,64334,0.0,0.0
2023-03-27 09:30:00-04:00,27.059999465942383,27.094999313354492,26.790000915527344,26.90999984741211,11188,0.0,0.0
2023-03-27 10:30:00-04:00,26.889999389648438,27.020000457763672,26.850000381469727,26.90999984741211,15160,0.0,0.0
2023-03-27 11:30:00-04:00,26.915000915527344,27.040000915527344,26.8799991607666,26.940000534057617,17962,0.0,0.0
2023-03-27 12:30:00-04:00,26.940000534057617,27.079999923706055,26.8799991607666,27.030000686645508,17256,0.0,0.0
2023-03-27 13:30:00-04:00,27.010000228881836,27.145000457763672,27.0,27.145000457763672,11619,0.0,0.0
2023-03-27 14:30:00-04:00,27.1200008392334,27.270000457763672,27.1200008392334,27.229999542236328,17541,0.0,0.0
2023-03-27 15:30:00-04:00,27.25,27.260000228881836,27.06999969482422,27.190000534057617,55083,0.0,0.0
2023-03-28 09:30:00-04:00,27.65999984741211,28.540000915527344,27.489999771118164,27.920000076293945,63780,0.0,0.0
2023-03-28 10:30:00-04:00,27.901599884033203,28.010000228881836,27.809999465942383,27.950000762939453,21829,0.0,0.0
2023-03-28 11:30:00-04:00,27.967199325561523,28.0,27.860000610351562,27.8799991607666,14947,0.0,0.0
2023-03-28 12:30:00-04:00,27.93000030517578,28.020000457763672,27.889999389648438,27.950000762939453,21336,0.0,0.0
2023-03-28 13:30:00-04:00,27.950000762939453,27.959999084472656,27.780000686645508,27.93000030517578,32822,0.0,0.0
2023-03-28 14:30:00-04:00,27.90999984741211,27.969999313354492,27.850000381469727,27.850000381469727,55071,0.0,0.0
2023-03-28 15:30:00-04:00,27.850000381469727,28.149999618530273,27.81999969482422,28.1200008392334,74742,0.0,0.0
2023-03-29 09:30:00-04:00,28.190000534057617,28.485000610351562,28.1299991607666,28.350000381469727,17475,0.0,0.0
2023-03-29 10:30:00-04:00,28.350000381469727,28.350000381469727,27.649999618530273,27.899999618530273,16779,0.0,0.0
2023-03-29 11:30:00-04:00,27.75,27.75,27.542699813842773,27.542699813842773,4521,0.0,0.0
2023-03-29 12:30:00-04:00,27.5,27.540000915527344,27.345199584960938,27.3799991607666,14182,0.0,0.0
2023-03-29 13:30:00-04:00,27.350000381469727,27.3799991607666,27.25,27.260000228881836,11214,0.0,0.0
2023-03-29 14:30:00-04:00,27.270000457763672,27.270000457763672,27.1200008392334,27.170000076293945,11523,0.0,0.0
2023-03-29 15:30:00-04:00,27.1200008392334,27.139999389648438,26.899999618530273,26.90999984741211,30504,0.0,0.0
2023-03-30 09:30:00-04:00,27.90999984741211,28.43000030517578,27.704999923706055,27.709999084472656,41299,0.0,0.0
2023-03-30 10:30:00-04:00,27.71500015258789,28.069900512695312,27.71500015258789,27.90999984741211,16292,0.0,0.0
2023-03-30 11:30:00-04:00,27.920000076293945,28.059999465942383,27.684999465942383,27.684999465942383,17089,0.0,0.0
2023-03-30 12:30:00-04:00,27.600000381469727,27.979999542236328,27.600000381469727,27.937599182128906,40412,0.0,0.0
2023-03-30 13:30:00-04:00,27.920000076293945,28.020000457763672,27.899999618530273,27.950000762939453,13224,0.0,0.0
2023-03-30 14:30:00-04:00,27.860000610351562,27.899999618530273,27.719999313354492,27.864999771118164,18032,0.0,0.0
2023-03-30 15:30:00-04:00,27.8799991607666,28.065000534057617,27.729999542236328,28.040000915527344,41721,0.0,0.0
2023-03-31 09:30:00-04:00,28.290000915527344,28.600000381469727,27.9950008392334,28.600000381469727,19475,0.0,0.0
2023-03-31 10:30:00-04:00,28.610000610351562,28.760000228881836,28.440000534057617,28.530000686645508,36445,0.0,0.0
2023-03-31 11:30:00-04:00,28.5049991607666,28.5049991607666,28.3799991607666,28.441099166870117,8937,0.0,0.0
2023-03-31 12:30:00-04:00,28.360000610351562,28.514999389648438,28.30500030517578,28.514999389648438,15573,0.0,0.0
2023-03-31 13:30:00-04:00,28.549999237060547,28.670000076293945,28.450000762939453,28.540000915527344,15727,0.0,0.0
2023-03-31 14:30:00-04:00,28.5,28.59000015258789,28.459999084472656,28.59000015258789,13826,0.0,0.0
2023-03-31 15:30:00-04:00,28.59000015258789,28.809999465942383,28.551000595092773,28.770000457763672,48588,0.0,0.0
2023-04-03 09:30:00-04:00,28.940000534057617,28.940000534057617,28.579999923706055,28.699100494384766,14114,0.0,0.0
2023-04-03 10:30:00-04:00,28.65999984741211,28.65999984741211,28.328500747680664,28.51129913330078,12951,0.0,0.0
2023-04-03 11:30:00-04:00,28.559999465942383,28.690000534057617,28.559999465942383,28.690000534057617,10027,0.0,0.0
2023-04-03 12:30:00-04:00,28.700000762939453,28.729999542236328,28.639999389648438,28.655000686645508,11324,0.0,0.0
2023-04-03 13:30:00-04:00,28.645000457763672,28.809999465942383,28.59000015258789,28.65999984741211,14138,0.0,0.0
2023-04-03 14:30:00-04:00,28.699100494384766,28.81999969482422,28.68000030517578,28.81999969482422,15888,0.0,0.0
2023-04-03 15:30:00-04:00,28.81999969482422,28.850000381469727,28.600000381469727,28.65999984741211,36006,0.0,0.0
2023-04-04 09:30:00-04:00,28.670000076293945,28.670000076293945,28.049999237060547,28.049999237060547,7313,0.0,0.0
2023-04-04 10:30:00-04:00,28.100000381469727,28.385000228881836,28.049999237060547,28.125,16696,0.0,0.0
2023-04-04 11:30:00-04:00,28.149999618530273,28.204999923706055,27.985000610351562,28.0,21103,0.0,0.0
2023-04-04 12:30:00-04:00,28.030000686645508,28.25,27.959999084472656,28.25,20295,0.0,0.0
2023-04-04 13:30:00-04:00,28.209999084472656,28.450000762939453,28.145000457763672,28.43000030517578,27911,0.0,0.0
2023-04-04 14:30:00-04:00,28.399999618530273,28.6299991607666,28.399999618530273,28.59000015258789,21476,0.0,0.0
2023-04-04 15:30:00-04:00,28.59000015258789,28.719999313354492,28.56999969482422,28.635000228881836,23504,0.0,0.0
2023-04-05 09:30:00-04:00,28.700000762939453,28.75,28.430099487304688,28.739999771118164,9350,0.0,0.0
2023-04-05 10:30:00-04:00,28.851999282836914,28.851999282836914,28.65999984741211,28.65999984741211,7161,0.0,0.0
2023-04-05 11:30:00-04:00,28.691499710083008,28.700000762939453,28.610000610351562,28.700000762939453,7167,0.0,0.0
2023-04-05 12:30:00-04:00,28.729999542236328,28.860000610351562,28.719999313354492,28.860000610351562,6044,0.0,0.0
2023-04-05 13:30:00-04:00,28.860000610351562,29.0,28.809999465942383,28.812999725341797,12135,0.0,0.0
2023-04-05 14:30:00-04:00,28.809999465942383,28.81920051574707,28.739999771118164,28.779300689697266,7140,0.0,0.0
2023-04-05 15:30:00-04:00,28.760000228881836,28.81999969482422,28.739999771118164,28.739999771118164,14013,0.0,0.0
2023-04-06 09:30:00-04:00,28.719999313354492,28.899999618530273,28.614999771118164,28.614999771118164,9251,0.0,0.0
2023-04-06 10:30:00-04:00,28.709999084472656,28.809999465942383,28.700000762939453,28.809999465942383,4665,0.0,0.0
2023-04-06 11:30:00-04:00,28.809999465942383,28.940000534057617,28.799999237060547,28.87619972229004,6548,0.0,0.0
2023-04-06 12:30:00-04:00,28.850000381469727,28.920000076293945,28.850000381469727,28.895000457763672,7559,0.0,0.0
2023-04-06 13:30:00-04:00,28.84000015258789,28.94499969482422,28.829999923706055,28.829999923706055,12451,0.0,0.0
2023-04-06 14:30:00-04:00,28.889999389648438,28.889999389648438,28.770000457763672,28.7810001373291,11084,0.0,0.0
2023-04-06 15:30:00-04:00,28.780000686645508,28.90999984741211,28.719999313354492,28.90999984741211,19659,0.0,0.0
2023-04-10 09:30:00-04:00,28.729999542236328,29.239999771118164,28.729999542236328,29.06999969482422,12011,0.0,0.0
2023-04-10 10:30:00-04:00,29.1299991607666,29.1299991607666,28.950000762939453,28.986900329589844,5401,0.0,0.0
2023-04-10 11:30:00-04:00,28.93000030517578,28.93000030517578,28.799999237060547,28.850000381469727,8058,0.0,0.0
2023-04-10 12:30:00-04:00,28.8700008392334,29.09000015258789,28.8700008392334,29.026199340820312,7555,0.0,0.0
2023-04-10 13:30:00-04:00,29.049999237060547,29.049999237060547,28.920000076293945,28.979999542236328,12320,0.0,0.0
2023-04-10 14:30:00-04:00,28.940000534057617,29.0,28.899999618530273,28.959999084472656,8177,0.0,0.0
2023-04-10 15:30:00-04:00,28.959999084472656,28.959999084472656,28.84000015258789,28.889999389648438,14072,0.0,0.0
2023-04-11 09:30:00-04:00,28.899999618530273,29.389999389648438,28.809999465942383,29.229999542236328,6557,0.0,0.0
2023-04-11 10:30:00-04:00,29.139999389648438,29.389999389648438,29.079999923706055,29.329999923706055,12931,0.0,0.0
2023-04-11 11:30:00-04:00,29.360000610351562,29.546899795532227,29.31999969482422,29.5,10356,0.0,0.0
2023-04-11 12:30:00-04:00,29.524999618530273,29.6299991607666,29.5,29.530000686645508,8615,0.0,0.0
2023-04-11 13:30:00-04:00,29.549999237060547,29.559999465942383,29.309999465942383,29.309999465942383,11592,0.0,0.0
2023-04-11 14:30:00-04:00,29.299999237060547,29.299999237060547,29.15999984741211,29.15999984741211,14688,0.0,0.0
2023-04-11 15:30:00-04:00,29.174999237060547,29.219999313354492,29.09000015258789,29.170000076293945,22444,0.0,0.0
2023-04-12 09:30:00-04:00,29.350000381469727,29.350000381469727,29.049999237060547,29.049999237060547,5768,0.0,0.0
2023-04-12 10:30:00-04:00,29.059999465942383,29.100000381469727,28.93000030517578,29.059999465942383,19975,0.0,0.0
2023-04-12 11:30:00-04:00,29.079999923706055,29.200000762939453,29.079999923706055,29.170000076293945,5904,0.0,0.0
2023-04-12 12:30:00-04:00,29.141199111938477,29.190000534057617,29.1200008392334,29.190000534057617,2950,0.0,0.0
2023-04-12 13:30:00-04:00,29.18000030517578,29.280000686645508,29.15999984741211,29.19499969482422,24481,0.0,0.0
2023-04-12 14:30:00-04:00,29.190000534057617,29.299999237060547,29.110000610351562,29.170000076293945,22768,0.0,0.0
2023-04-12 15:30:00-04:00,29.18000030517578,29.270000457763672,29.165000915527344,29.260000228881836,13361,0.0,0.0
2023-04-13 09:30:00-04:00,29.260000228881836,29.643999099731445,29.260000228881836,29.3799991607666,15921,0.0,0.0
2023-04-13 10:30:00-04:00,29.459999084472656,29.469999313354492,29.360000610351562,29.3700008392334,5935,0.0,0.0
2023-04-13 11:30:00-04:00,29.389999389648438,29.579999923706055,29.389999389648438,29.55500030517578,6943,0.0,0.0
2023-04-13 12:30:00-04:00,29.56999969482422,29.56999969482422,29.400100708007812,29.53499984741211,5001,0.0,0.0
2023-04-13 13:30:00-04:00,29.479999542236328,29.5049991607666,29.420000076293945,29.424999237060547,9640,0.0,0.0
2023-04-13 14:30:00-04:00,29.424999237060547,29.489999771118164,29.420000076293945,29.450000762939453,10893,0.0,0.0
2023-04-13 15:30:00-04:00,29.440000534057617,29.479999542236328,29.43000030517578,29.450000762939453,16063,0.0,0.0
2023-04-14 09:30:00-04:00,29.459999084472656,29.700000762939453,29.459999084472656,29.520000457763672,8174,0.0,0.0
2023-04-14 10:30:00-04:00,29.540000915527344,29.549999237060547,29.299999237060547,29.450000762939453,35398,0.0,0.0
2023-04-14 11:30:00-04:00,29.43000030517578,29.565000534057617,29.3700008392334,29.540000915527344,14357,0.0,0.0
2023-04-14 12:30:00-04:00,29.549999237060547,29.549999237060547,29.350000381469727,29.350000381469727,10407,0.0,0.0
2023-04-14 13:30:00-04:00,29.290000915527344,29.389999389648438,29.270000457763672,29.309999465942383,10688,0.0,0.0
2023-04-14 14:30:00-04:00,29.329999923706055,29.34000015258789,29.209999084472656,29.34000015258789,17638,0.0,0.0
2023-04-14 15:30:00-04:00,29.270000457763672,29.399999618530273,29.270000457763672,29.389999389648438,14033,0.0,0.0
2023-04-17 09:30:00-04:00,29.450000762939453,29.549999237060547,29.23940086364746,29.413999557495117,16549,0.0,0.0
2023-04-17 10:30:00-04:00,29.315000534057617,29.607999801635742,29.260000228881836,29.59000015258789,21366,0.0,0.0
2023-04-17 11:30:00-04:00,29.559999465942383,29.610000610351562,29.454999923706055,29.459999084472656,8671,0.0,0.0
2023-04-17 12:30:00-04:00,29.450000762939453,29.469999313354492,29.31999969482422,29.375,8662,0.0,0.0
2023-04-17 13:30:00-04:00,29.405000686645508,29.40999984741211,29.309999465942383,29.309999465942383,9973,0.0,0.0
2023-04-17 14:30:00-04:00,29.280000686645508,29.424999237060547,29.229999542236328,29.40999984741211,8676,0.0,0.0
2023-04-17 15:30:00-04:00,29.399999618530273,29.43000030517578,29.299999237060547,29.329999923706055,31409,0.0,0.0
2023-04-18 09:30:00-04:00,29.329999923706055,29.329999923706055,29.010000228881836,29.049999237060547,24644,0.0,0.0
2023-04-18 10:30:00-04:00,29.014999389648438,29.073999404907227,28.790000915527344,28.790000915527344,19232,0.0,0.0
2023-04-18 11:30:00-04:00,28.780000686645508,28.899999618530273,28.760000228881836,28.899999618530273,6763,0.0,0.0
2023-04-18 12:30:00-04:00,28.8799991607666,28.8799991607666,28.770000457763672,28.770000457763672,4176,0.0,0.0
2023-04-18 13:30:00-04:00,28.790000915527344,28.834999084472656,28.780000686645508,28.81999969482422,6084,0.0,0.0
2023-04-18 14:30:00-04:00,28.81999969482422,28.989999771118164,28.770000457763672,28.989999771118164,11459,0.0,0.0
2023-04-18 15:30:00-04:00,28.989999771118164,29.200000762939453,28.989999771118164,29.15999984741211,22917,0.0,0.0
2023-04-19 09:30:00-04:00,29.209999084472656,29.559900283813477,28.989999771118164,29.500099182128906,17443,0.0,0.0
2023-04-19 10:30:00-04:00,29.5,29.559999465942383,29.489999771118164,29.520000457763672,4470,0.0,0.0
2023-04-19 11:30:00-04:00,29.559999465942383,29.62779998779297,29.520000457763672,29.520000457763672,2794,0.0,0.0
2023-04-19 12:30:00-04:00,29.475000381469727,29.732500076293945,29.475000381469727,29.729999542236328,16560,0.0,0.0
2023-04-19 13:30:00-04:00,29.760000228881836,29.790000915527344,29.616199493408203,29.725000381469727,9196,0.0,0.0
2023-04-19 14:30:00-04:00,29.725000381469727,29.75,29.690000534057617,29.7450008392334,7922,0.0,0.0
2023-04-19 15:30:00-04:00,29.780000686645508,29.790000915527344,29.68000030517578,29.770000457763672,22641,0.0,0.0
2023-04-20 09:30:00-04:00,29.540000915527344,29.950000762939453,29.510000228881836,29.704999923706055,9908,0.0,0.0
2023-04-20 10:30:00-04:00,29.700000762939453,30.1200008392334,29.610000610351562,29.950000762939453,14682,0.0,0.0
2023-04-20 11:30:00-04:00,29.959999084472656,30.229999542236328,29.959999084472656,30.18000030517578,26116,0.0,0.0
2023-04-20 12:30:00-04:00,30.155000686645508,30.18000030517578,30.1299991607666,30.170000076293945,7337,0.0,0.0
2023-04-20 13:30:00-04:00,30.159900665283203,30.31999969482422,30.145000457763672,30.260000228881836,10034,0.0,0.0
2023-04-20 14:30:00-04:00,30.280000686645508,30.3700008392334,30.18000030517578,30.299999237060547,20835,0.0,0.0
2023-04-20 15:30:00-04:00,30.290000915527344,30.40999984741211,30.219999313354492,30.350000381469727,45895,0.0,0.0
2023-04-21 09:30:00-04:00,30.420000076293945,30.75,30.139999389648438,30.395000457763672,38932,0.0,0.0
2023-04-21 10:30:00-04:00,30.329999923706055,30.530000686645508,30.270599365234375,30.3799991607666,11811,0.0,0.0
2023-04-21 11:30:00-04:00,30.420000076293945,30.614999771118164,30.399999618530273,30.530000686645508,10149,0.0,0.0
2023-04-21 12:30:00-04:00,30.489999771118164,30.65999984741211,30.440000534057617,30.610000610351562,15947,0.0,0.0
2023-04-21 13:30:00-04:00,30.639999389648438,30.920000076293945,30.639999389648438,30.90999984741211,13957,0.0,0.0
2023-04-21 14:30:00-04:00,30.909000396728516,30.969999313354492,30.829999923706055,30.93000030517578,19068,0.0,0.0
2023-04-21 15:30:00-04:00,30.889999389648438,30.889999389648438,30.739999771118164,30.739999771118164,24896,0.0,0.0
2023-04-24 09:30:00-04:00,30.713899612426758,30.809999465942383,30.579999923706055,30.59000015258789,6808,0.0,0.0
2023-04-24 10:30:00-04:00,30.59000015258789,30.709999084472656,30.420000076293945,30.420000076293945,11090,0.0,0.0
2023-04-24 11:30:00-04:00,30.40999984741211,30.420000076293945,30.260000228881836,30.389999389648438,6447,0.0,0.0
2023-04-24 12:30:00-04:00,30.40999984741211,30.440000534057617,30.31999969482422,30.360000610351562,16500,0.0,0.0
2023-04-24 13:30:00-04:00,30.3799991607666,30.45800018310547,30.3700008392334,30.45800018310547,9908,0.0,0.0
2023-04-24 14:30:00-04:00,30.389999389648438,30.389999389648438,30.219999313354492,30.219999313354492,14820,0.0,0.0
2023-04-24 15:30:00-04:00,30.219999313354492,30.219999313354492,30.110000610351562,30.1299991607666,26184,0.0,0.0
2023-04-25 09:30:00-04:00,29.90999984741211,30.235000610351562,29.760000228881836,30.190000534057617,0,0.0,0.0
2023-04-25 10:30:00-04:00,30.139999389648438,30.43000030517578,30.100000381469727,30.415000915527344,6274,0.0,0.0
2023-04-25 11:30:00-04:00,30.389999389648438,30.559999465942383,30.290000915527344,30.290000915527344,13260,0.0,0.0
2023-04-25 12:30:00-04:00,30.270000457763672,30.270000457763672,30.139999389648438,30.170000076293945,5005,0.0,0.0
2023-04-25 13:30:00-04:00,30.15999984741211,30.184999465942383,30.09000015258789,30.135000228881836,10901,0.0,0.0
2023-04-25 14:30:00-04:00,30.135000228881836,30.18000030517578,30.014999389648438,30.1200008392334,20033,0.0,0.0
2023-04-25 15:30:00-04:00,30.139999389648438,30.155000686645508,29.93000030517578,29.989999771118164,29926,0.0,0.0
2023-04-26 09:30:00-04:00,29.790000915527344,29.790000915527344,29.479999542236328,29.5,7130,0.0,0.0
2023-04-26 10:30:00-04:00,29.578899383544922,29.690000534057617,29.485000610351562,29.65999984741211,7378,0.0,0.0
2023-04-26 11:30:00-04:00,29.729999542236328,29.770000457763672,29.704999923706055,29.704999923706055,6022,0.0,0.0
2023-04-26 12:30:00-04:00,29.704999923706055,29.79669952392578,29.704999923706055,29.75,6116,0.0,0.0
2023-04-26 13:30:00-04:00,29.7549991607666,29.84000015258789,29.639999389648438,29.71500015258789,9296,0.0,0.0
2023-04-26 14:30:00-04:00,29.690000534057617,29.709999084472656,29.610000610351562,29.6200008392334,11097,0.0,0.0
2023-04-26 15:30:00-04:00,29.6200008392334,29.670000076293945,29.524999618530273,29.6299991607666,18982,0.0,0.0
2023-04-27 09:30:00-04:00,29.639999389648438,30.18000030517578,29.479999542236328,29.950000762939453,9207,0.0,0.0
2023-04-27 10:30:00-04:00,29.94499969482422,30.424999237060547,29.94499969482422,30.424999237060547,19835,0.0,0.0
2023-04-27 11:30:00-04:00,30.440000534057617,30.93000030517578,30.420000076293945,30.850000381469727,16525,0.0,0.0
2023-04-27 12:30:00-04:00,30.8799991607666,31.043399810791016,30.850000381469727,30.950000762939453,24215,0.0,0.0
2023-04-27 13:30:00-04:00,30.950000762939453,31.239999771118164,30.940000534057617,31.040000915527344,21425,0.0,0.0
2023-04-27 14:30:00-04:00,31.040000915527344,31.082599639892578,30.915000915527344,31.059999465942383,16763,0.0,0.0
2023-04-27 15:30:00-04:00,31.09000015258789,31.1299991607666,31.030000686645508,31.1200008392334,21078,0.0,0.0
2023-04-28 09:30:00-04:00,31.15999984741211,31.65999984741211,31.079999923706055,31.459999084472656,9411,0.0,0.0
2023-04-28 10:30:00-04:00,31.3700008392334,31.65999984741211,31.329999923706055,31.65999984741211,17939,0.0,0.0
2023-04-28 11:30:00-04:00,31.690000534057617,31.739999771118164,31.600000381469727,31.690000534057617,11980,0.0,0.0
2023-04-28 12:30:00-04:00,31.729999542236328,31.795000076293945,31.729999542236328,31.78499984741211,11122,0.0,0.0
2023-04-28 13:30:00-04:00,31.760000228881836,31.765300750732422,31.649999618530273,31.69499969482422,10329,0.0,0.0
2023-04-28 14:30:00-04:00,31.709999084472656,31.850000381469727,31.68000030517578,31.80500030517578,11788,0.0,0.0
2023-04-28 15:30:00-04:00,31.799999237060547,32.02000045776367,31.799999237060547,31.940000534057617,30392,0.0,0.0
2023-05-01 09:30:00-04:00,31.770000457763672,32.5,31.559999465942383,32.06999969482422,13643,0.0,0.0
2023-05-01 10:30:00-04:00,32.06999969482422,32.06999969482422,31.81999969482422,31.81999969482422,8617,0.0,0.0
2023-05-01 11:30:00-04:00,31.764999389648438,31.764999389648438,31.489999771118164,31.489999771118164,9830,0.0,0.0
2023-05-01 12:30:00-04:00,31.49799919128418,31.540000915527344,31.399999618530273,31.459999084472656,8835,0.0,0.0
2023-05-01 13:30:00-04:00,31.40999984741211,31.579999923706055,31.3799991607666,31.530000686645508,8167,0.0,0.0
2023-05-01 14:30:00-04:00,31.549999237060547,31.829999923706055,31.549999237060547,31.665000915527344,11509,0.0,0.0
2023-05-01 15:30:00-04:00,31.68000030517578,31.90999984741211,31.670000076293945,31.860000610351562,15483,0.0,0.0
2023-05-02 09:30:00-04:00,31.760000228881836,31.799999237060547,31.559999465942383,31.559999465942383,8028,0.0,0.0
2023-05-02 10:30:00-04:00,31.5,31.5,31.100000381469727,31.100000381469727,9006,0.0,0.0
2023-05-02 11:30:00-04:00,31.117700576782227,31.309999465942383,31.079999923706055,31.309999465942383,7978,0.0,0.0
2023-05-02 12:30:00-04:00,31.3799991607666,31.565000534057617,31.3700008392334,31.565000534057617,7044,0.0,0.0
2023-05-02 13:30:00-04:00,31.520000457763672,31.52899932861328,31.399999618530273,31.399999618530273,7202,0.0,0.0
2023-05-02 14:30:00-04:00,31.400100708007812,31.674999237060547,31.400100708007812,31.639999389648438,8627,0.0,0.0
2023-05-02 15:30:00-04:00,31.6299991607666,31.75,31.6299991607666,31.739999771118164,17006,0.0,0.0
2023-05-03 09:30:00-04:00,31.75,32.22999954223633,31.75,31.889999389648438,8570,0.0,0.0
2023-05-03 10:30:00-04:00,31.84000015258789,31.940000534057617,31.6200008392334,31.6200008392334,8258,0.0,0.0
2023-05-03 11:30:00-04:00,31.735000610351562,31.93000030517578,31.735000610351562,31.915000915527344,4925,0.0,0.0
2023-05-03 12:30:00-04:00,31.940000534057617,31.975000381469727,31.770000457763672,31.795000076293945,6225,0.0,0.0
2023-05-03 13:30:00-04:00,31.75,31.75,31.420000076293945,31.5,13019,0.0,0.0
2023-05-03 14:30:00-04:00,31.479999542236328,31.809999465942383,31.450000762939453,31.559999465942383,19422,0.0,0.0
2023-05-03 15:30:00-04:00,31.582000732421875,31.582000732421875,31.440000534057617,31.440000534057617,20165,0.0,0.0
2023-05-04 09:30:00-04:00,31.299999237060547,31.360000610351562,31.030000686645508,31.135000228881836,3008,0.0,0.0
2023-05-04 10:30:00-04:00,31.104999542236328,31.420000076293945,31.104999542236328,31.31999969482422,8137,0.0,0.0
2023-05-04 11:30:00-04:00,31.239999771118164,31.420000076293945,31.190000534057617,31.420000076293945,10120,0.0,0.0
2023-05-04 12:30:00-04:00,31.389999389648438,31.59000015258789,31.360000610351562,31.59000015258789,6200,0.0,0.0
2023-05-04 13:30:00-04:00,31.530000686645508,31.530000686645508,31.360000610351562,31.360000610351562,3960,0.0,0.0
2023-05-04 14:30:00-04:00,31.309999465942383,31.360000610351562,31.09000015258789,31.104999542236328,12743,0.0,0.0
2023-05-04 15:30:00-04:00,31.139999389648438,31.139999389648438,30.969999313354492,31.049999237060547,27421,0.0,0.0
2023-05-05 09:30:00-04:00,31.399999618530273,31.719999313354492,31.010000228881836,31.530000686645508,5693,0.0,0.0
2023-05-05 10:30:00-04:00,31.399999618530273,31.399999618530273,31.200000762939453,31.200000762939453,3796,0.0,0.0
2023-05-05 11:30:00-04:00,31.2549991607666,31.280000686645508,31.149999618530273,31.149999618530273,5607,0.0,0.0
2023-05-05 12:30:00-04:00,31.190000534057617,31.190000534057617,31.059999465942383,31.094999313354492,7715,0.0,0.0
2023-05-05 13:30:00-04:00,31.1200008392334,31.200000762939453,31.09000015258789,31.200000762939453,5977,0.0,0.0
2023-05-05 14:30:00-04:00,31.2549991607666,31.350000381469727,31.219999313354492,31.229999542236328,8815,0.0,0.0
2023-05-05 15:30:00-04:00,31.2450008392334,31.34000015258789,31.219999313354492,31.239999771118164,22018,0.0,0.0
2023-05-08 09:30:00-04:00,31.170000076293945,31.5,31.040000915527344,31.270000457763672,7694,0.0,0.0
2023-05-08 10:30:00-04:00,31.389999389648438,31.389999389648438,31.049999237060547,31.059999465942383,7909,0.0,0.0
2023-05-08 11:30:00-04:00,30.979999542236328,31.020000457763672,30.829999923706055,30.8700008392334,6442,0.0,0.0
2023-05-08 12:30:00-04:00,30.90999984741211,30.90999984741211,30.81999969482422,30.8799991607666,3481,0.0,0.0
2023-05-08 13:30:00-04:00,30.860000610351562,30.979999542236328,30.81999969482422,30.85420036315918,7235,0.0,0.0
2023-05-08 14:30:00-04:00,30.84000015258789,30.854999542236328,30.739999771118164,30.854999542236328,25750,0.0,0.0
2023-05-08 15:30:00-04:00,30.8799991607666,31.1200008392334,30.8799991607666,31.059999465942383,26527,0.0,0.0
2023-05-09 09:30:00-04:00,31.010000228881836,31.149999618530273,30.84000015258789,31.149999618530273,4291,0.0,0.0
2023-05-09 10:30:00-04:00,31.21500015258789,31.21500015258789,31.1299991607666,31.18000030517578,6295,0.0,0.0
2023-05-09 11:30:00-04:00,31.1200008392334,31.1200008392334,30.850000381469727,30.8700008392334,5569,0.0,0.0
2023-05-09 12:30:00-04:00,30.850000381469727,30.850000381469727,30.719999313354492,30.75,4170,0.0,0.0
2023-05-09 13:30:00-04:00,30.75,30.81999969482422,30.690000534057617,30.739999771118164,5482,0.0,0.0
2023-05-09 14:30:00-04:00,30.709999084472656,30.739999771118164,30.65999984741211,30.719999313354492,7539,0.0,0.0
2023-05-09 15:30:00-04:00,30.690000534057617,30.725000381469727,30.479999542236328,30.510000228881836,19401,0.0,0.0
2023-05-10 09:30:00-04:00,30.649999618530273,30.860000610351562,30.15999984741211,30.15999984741211,5951,0.0,0.0
2023-05-10 10:30:00-04:00,30.139999389648438,30.139999389648438,29.684999465942383,29.739999771118164,11370,0.0,0.0
2023-05-10 11:30:00-04:00,29.75,29.94499969482422,29.604999542236328,29.94499969482422,12448,0.0,0.0
2023-05-10 12:30:00-04:00,29.94499969482422,30.280000686645508,29.94499969482422,30.200000762939453,12450,0.0,0.0
2023-05-10 13:30:00-04:00,30.229999542236328,30.530000686645508,30.21500015258789,30.4950008392334,11554,0.0,0.0
2023-05-10 14:30:00-04:00,30.530000686645508,30.6299991607666,30.389999389648438,30.610000610351562,15634,0.0,0.0
2023-05-10 15:30:00-04:00,30.610000610351562,30.670000076293945,30.540000915527344,30.639999389648438,22467,0.0,0.0
2023-05-11 09:30:00-04:00,30.389999389648438,30.649999618530273,30.15999984741211,30.395000457763672,8873,0.0,0.0
2023-05-11 10:30:00-04:00,30.459999084472656,30.649999618530273,30.415000915527344,30.579999923706055,12079,0.0,0.0
2023-05-11 11:30:00-04:00,30.53499984741211,30.53499984741211,30.34000015258789,30.360000610351562,6276,0.0,0.0
2023-05-11 12:30:00-04:00,30.399999618530273,30.8799991607666,30.334999084472656,30.860000610351562,25704,0.0,0.0
2023-05-11 13:30:00-04:00,30.799999237060547,30.979999542236328,30.65999984741211,30.8799991607666,12630,0.0,0.0
2023-05-11 14:30:00-04:00,30.889999389648438,30.975000381469727,30.850000381469727,30.959999084472656,12451,0.0,0.0
2023-05-11 15:30:00-04:00,30.860000610351562,30.905000686645508,30.75,30.75,20030,0.0,0.0
2023-05-12 09:30:00-04:00,30.760000228881836,30.93000030517578,30.014999389648438,30.530000686645508,9890,0.0,0.0
2023-05-12 10:30:00-04:00,30.469999313354492,30.469999313354492,30.139999389648438,30.260000228881836,13418,0.0,0.0
2023-05-12 11:30:00-04:00,30.25,30.264999389648438,30.06999969482422,30.110000610351562,13418,0.0,0.0
2023-05-12 12:30:00-04:00,30.079999923706055,30.329999923706055,30.079999923706055,30.31999969482422,13954,0.0,0.0
2023-05-12 13:30:00-04:00,30.3700008392334,30.43000030517578,30.299999237060547,30.405000686645508,9439,0.0,0.0
2023-05-12 14:30:00-04:00,30.40999984741211,30.436599731445312,30.225000381469727,30.329999923706055,15990,0.0,0.0
2023-05-12 15:30:00-04:00,30.290000915527344,30.420000076293945,30.260000228881836,30.270000457763672,29745,0.0,0.0
2023-05-15 09:30:00-04:00,30.530000686645508,30.6299991607666,30.31999969482422,30.6299991607666,8018,0.0,0.0
2023-05-15 10:30:00-04:00,30.59000015258789,30.8700008392334,30.540000915527344,30.760000228881836,22706,0.0,0.0
2023-05-15 11:30:00-04:00,30.788000106811523,30.788000106811523,30.545000076293945,30.670000076293945,9041,0.0,0.0
2023-05-15 12:30:00-04:00,30.65410041809082,30.93000030517578,30.65410041809082,30.844999313354492,9154,0.0,0.0
2023-05-15 13:30:00-04:00,30.829999923706055,30.8346004486084,30.667800903320312,30.739999771118164,11446,0.0,0.0
2023-05-15 14:30:00-04:00,30.709999084472656,30.790000915527344,30.600000381469727,30.780000686645508,12881,0.0,0.0
2023-05-15 15:30:00-04:00,30.770000457763672,30.81999969482422,30.649999618530273,30.690000534057617,21894,0.0,0.0
2023-05-16 09:30:00-04:00,30.610000610351562,30.610000610351562,30.34000015258789,30.34000015258789,2515,0.0,0.0
2023-05-16 10:30:00-04:00,30.3700008392334,30.46500015258789,30.350099563598633,30.399999618530273,6118,0.0,0.0
2023-05-16 11:30:00-04:00,30.40999984741211,30.479999542236328,30.40999984741211,30.440000534057617,5208,0.0,0.0
2023-05-16 12:30:00-04:00,30.520000457763672,30.549999237060547,30.479999542236328,30.479999542236328,5740,0.0,0.0
2023-05-16 13:30:00-04:00,30.510000228881836,30.579999923706055,30.469999313354492,30.479999542236328,5778,0.0,0.0
2023-05-16 14:30:00-04:00,30.469999313354492,30.540000915527344,30.469999313354492,30.540000915527344,7382,0.0,0.0
2023-05-16 15:30:00-04:00,30.549999237060547,30.69499969482422,30.531400680541992,30.6200008392334,18547,0.0,0.0
2023-05-17 09:30:00-04:00,30.56999969482422,30.56999969482422,30.18000030517578,30.299999237060547,5309,0.0,0.0
2023-05-17 10:30:00-04:00,30.360000610351562,30.489999771118164,30.290000915527344,30.40999984741211,6080,0.0,0.0
2023-05-17 11:30:00-04:00,30.440000534057617,30.5,30.399999618530273,30.440000534057617,3768,0.0,0.0
2023-05-17 12:30:00-04:00,30.489999771118164,30.690000534057617,30.479999542236328,30.674999237060547,6423,0.0,0.0
2023-05-17 13:30:00-04:00,30.700000762939453,30.729999542236328,30.610000610351562,30.670000076293945,9163,0.0,0.0
2023-05-17 14:30:00-04:00,30.68000030517578,30.84000015258789,30.68000030517578,30.84000015258789,10900,0.0,0.0
2023-05-17 15:30:00-04:00,30.84000015258789,30.8700008392334,30.700000762939453,30.770000457763672,28019,0.0,0.0
2023-05-18 09:30:00-04:00,30.540000915527344,30.899999618530273,30.540000915527344,30.84000015258789,4718,0.0,0.0
2023-05-18 10:30:00-04:00,30.860000610351562,30.989999771118164,30.860000610351562,30.969999313354492,9316,0.0,0.0
2023-05-18 11:30:00-04:00,31.0049991607666,31.110000610351562,30.954999923706055,31.104999542236328,5793,0.0,0.0
2023-05-18 12:30:00-04:00,31.030000686645508,31.260000228881836,30.969999313354492,30.969999313354492,14034,0.0,0.0
2023-05-18 13:30:00-04:00,30.989999771118164,31.110000610351562,30.920000076293945,31.110000610351562,10403,0.0,0.0
2023-05-18 14:30:00-04:00,31.1299991607666,31.34000015258789,31.0,31.299999237060547,32132,0.0,0.0
2023-05-18 15:30:00-04:00,31.280000686645508,31.469999313354492,31.280000686645508,31.389999389648438,25397,0.0,0.0
2023-05-19 09:30:00-04:00,31.68000030517578,31.79599952697754,31.450000762939453,31.79599952697754,16994,0.0,0.0
2023-05-19 10:30:00-04:00,31.739999771118164,31.760000228881836,31.540000915527344,31.540000915527344,9294,0.0,0.0
2023-05-19 11:30:00-04:00,31.479999542236328,31.479999542236328,31.309999465942383,31.3700008392334,9012,0.0,0.0
2023-05-19 12:30:00-04:00,31.350000381469727,31.514999389648438,31.34000015258789,31.510000228881836,8317,0.0,0.0
2023-05-19 13:30:00-04:00,31.540000915527344,31.6200008392334,31.43000030517578,31.5,11407,0.0,0.0
2023-05-19 14:30:00-04:00,31.469999313354492,31.81999969482422,31.459999084472656,31.770000457763672,16396,0.0,0.0
2023-05-19 15:30:00-04:00,31.81999969482422,31.989999771118164,31.81999969482422,31.989999771118164,26233,0.0,0.0
2023-05-22 09:30:00-04:00,32.060001373291016,32.220001220703125,31.899999618530273,32.209999084472656,12302,0.0,0.0
2023-05-22 10:30:00-04:00,32.209999084472656,32.209999084472656,32.02000045776367,32.040000915527344,14998,0.0,0.0
2023-05-22 11:30:00-04:00,32.119998931884766,32.23500061035156,32.095001220703125,32.23500061035156,4658,0.0,0.0
2023-05-22 12:30:00-04:00,32.2400016784668,32.43000030517578,32.2400016784668,32.400001525878906,6070,0.0,0.0
2023-05-22 13:30:00-04:00,32.41999816894531,32.47999954223633,32.290000915527344,32.290000915527344,11142,0.0,0.0
2023-05-22 14:30:00-04:00,32.29999923706055,32.380001068115234,32.13999938964844,32.13999938964844,16386,0.0,0.0
2023-05-22 15:30:00-04:00,32.11000061035156,32.11000061035156,32.0,32.08000183105469,26250,0.0,0.0
2023-05-23 09:30:00-04:00,31.950000762939453,32.810001373291016,31.950000762939453,32.810001373291016,9810,0.0,0.0
2023-05-23 10:30:00-04:00,32.849998474121094,33.012699127197266,32.68000030517578,32.970001220703125,14022,0.0,0.0
2023-05-23 11:30:00-04:00,33.099998474121094,33.2599983215332,32.95500183105469,32.97999954223633,13517,0.0,0.0
2023-05-23 12:30:00-04:00,33.0,33.17499923706055,32.939998626708984,33.17499923706055,10229,0.0,0.0
2023-05-23 13:30:00-04:00,33.15999984741211,33.380001068115234,33.15999984741211,33.27000045776367,21462,0.0,0.0
2023-05-23 14:30:00-04:00,33.22999954223633,33.275001525878906,33.08000183105469,33.08000183105469,12866,0.0,0.0
2023-05-23 15:30:00-04:00,33.08000183105469,33.220001220703125,33.08000183105469,33.220001220703125,24929,0.0,0.0
2023-05-24 09:30:00-04:00,33.0,33.0,32.119998931884766,32.81999969482422,12733,0.0,0.0
2023-05-24 10:30:00-04:00,32.904998779296875,33.2599983215332,32.81340026855469,33.08000183105469,18933,0.0,0.0
2023-05-24 11:30:00-04:00,33.060001373291016,33.244998931884766,32.9900016784668,33.209999084472656,10731,0.0,0.0
2023-05-24 12:30:00-04:00,33.25,33.31999969482422,33.22999954223633,33.29999923706055,10377,0.0,0.0
2023-05-24 13:30:00-04:00,33.29999923706055,33.470001220703125,33.29999923706055,33.369998931884766,12545,0.0,0.0
2023-05-24 14:30:00-04:00,33.38999938964844,33.61000061035156,33.38999938964844,33.599998474121094,17172,0.0,0.0
2023-05-24 15:30:00-04:00,33.611000061035156,33.70000076293945,33.52000045776367,33.52000045776367,29756,0.0,0.0
2023-05-25 09:30:00-04:00,33.29999923706055,33.29999923706055,32.7218017578125,32.7218017578125,6651,0.0,0.0
2023-05-25 10:30:00-04:00,32.689998626708984,32.71500015258789,32.58000183105469,32.69499969482422,5558,0.0,0.0
2023-05-25 11:30:00-04:00,32.685001373291016,32.994998931884766,32.685001373291016,32.959999084472656,6094,0.0,0.0
2023-05-25 12:30:00-04:00,32.959999084472656,33.130001068115234,32.959999084472656,33.08000183105469,7093,0.0,0.0
2023-05-25 13:30:00-04:00,33.11000061035156,33.125,32.939998626708984,32.959999084472656,7320,0.0,0.0
2023-05-25 14:30:00-04:00,32.95000076293945,32.95000076293945,32.755001068115234,32.8650016784668,13714,0.0,0.0
2023-05-25 15:30:00-04:00,32.849998474121094,32.90999984741211,32.660099029541016,32.88999938964844,26334,0.0,0.0
2023-05-26 09:30:00-04:00,32.83000183105469,33.08000183105469,32.689998626708984,33.064998626708984,6896,0.0,0.0
2023-05-26 10:30:00-04:00,32.9900016784668,33.20000076293945,32.91999816894531,33.10499954223633,10526,0.0,0.0
2023-05-26 11:30:00-04:00,33.064998626708984,33.29999923706055,33.064998626708984,33.290000915527344,11868,0.0,0.0
2023-05-26 12:30:00-04:00,33.279998779296875,33.330101013183594,33.11000061035156,33.15999984741211,13068,0.0,0.0
2023-05-26 13:30:00-04:00,33.154998779296875,33.154998779296875,33.0,33.0,6707,0.0,0.0
2023-05-26 14:30:00-04:00,32.90999984741211,32.970001220703125,32.86000061035156,32.959999084472656,12690,0.0,0.0
2023-05-26 15:30:00-04:00,32.970001220703125,33.15999984741211,32.95000076293945,33.11000061035156,21993,0.0,0.0
2023-05-30 09:30:00-04:00,32.88999938964844,33.220001220703125,32.685001373291016,32.895301818847656,9538,0.0,0.0
2023-05-30 10:30:00-04:00,32.79999923706055,32.93000030517578,32.79999923706055,32.93000030517578,5629,0.0,0.0
2023-05-30 11:30:00-04:00,32.900001525878906,33.029998779296875,32.8400993347168,32.9900016784668,8605,0.0,0.0
2023-05-30 12:30:00-04:00,33.040000915527344,33.186500549316406,33.0099983215332,33.11000061035156,7838,0.0,0.0
2023-05-30 13:30:00-04:00,33.02000045776367,33.08000183105469,32.93000030517578,32.935001373291016,7194,0.0,0.0
2023-05-30 14:30:00-04:00,32.974998474121094,33.010101318359375,32.79999923706055,32.869998931884766,17630,0.0,0.0
2023-05-30 15:30:00-04:00,32.900001525878906,32.959999084472656,32.880001068115234,32.91999816894531,15476,0.0,0.0
2023-05-31 09:30:00-04:00,32.849998474121094,33.2400016784668,32.36000061035156,32.36000061035156,6641,0.0,0.0
2023-05-31 10:30:00-04:00,32.22999954223633,32.36000061035156,32.218101501464844,32.27000045776367,5384,0.0,0.0
2023-05-31 11:30:00-04:00,32.29499816894531,32.400001525878906,32.25,32.349998474121094,5687,0.0,0.0
2023-05-31 12:30:00-04:00,32.349998474121094,32.369998931884766,32.189998626708984,32.189998626708984,10384,0.0,0.0
2023-05-31 13:30:00-04:00,32.220001220703125,32.314998626708984,32.119998931884766,32.314998626708984,8002,0.0,0.0
2023-05-31 14:30:00-04:00,32.3650016784668,32.38999938964844,32.20000076293945,32.29999923706055,22335,0.0,0.0
2023-05-31 15:30:00-04:00,32.28499984741211,32.43000030517578,32.22999954223633,32.310001373291016,17061,0.0,0.0
2023-06-01 09:30:00-04:00,32.27000045776367,32.27000045776367,31.920000076293945,32.16999816894531,10484,0.0,0.0
2023-06-01 10:30:00-04:00,32.130001068115234,32.42499923706055,32.130001068115234,32.369998931884766,8213,0.0,0.0
2023-06-01 11:30:00-04:00,32.41999816894531,32.41999816894531,32.18000030517578,32.255001068115234,6826,0.0,0.0
2023-06-01 12:30:00-04:00,32.255001068115234,32.255001068115234,32.07500076293945,32.07500076293945,7071,0.0,0.0
2023-06-01 13:30:00-04:00,32.060001373291016,32.11000061035156,32.025001525878906,32.060001373291016,7999,0.0,0.0
2023-06-01 14:30:00-04:00,32.09000015258789,32.09000015258789,31.8799991607666,31.8799991607666,13977,0.0,0.0
2023-06-01 15:30:00-04:00,31.860000610351562,31.959999084472656,31.80500030517578,31.8799991607666,24711,0.0,0.0
2023-06-02 09:30:00-04:00,31.739999771118164,32.41999816894531,31.540000915527344,32.41999816894531,10605,0.0,0.0
2023-06-02 10:30:00-04:00,32.48789978027344,32.880001068115234,32.40999984741211,32.7599983215332,15415,0.0,0.0
2023-06-02 11:30:00-04:00,32.7400016784668,32.779998779296875,32.63999938964844,32.75,7159,0.0,0.0
2023-06-02 12:30:00-04:00,32.810001373291016,32.86000061035156,32.7599983215332,32.845001220703125,6306,0.0,0.0
2023-06-02 13:30:00-04:00,32.86000061035156,33.03499984741211,32.86000061035156,33.03499984741211,9571,0.0,0.0
2023-06-02 14:30:00-04:00,33.09000015258789,33.25,33.04999923706055,33.25,13209,0.0,0.0
2023-06-02 15:30:00-04:00,33.290000915527344,33.54999923706055,33.2599983215332,33.4900016784668,34536,0.0,0.0
2023-06-05 09:30:00-04:00,33.099998474121094,33.099998474121094,31.5,31.5049991607666,15188,0.0,0.0
2023-06-05 10:30:00-04:00,31.559999465942383,32.7400016784668,31.559999465942383,32.630001068115234,23042,0.0,0.0
2023-06-05 11:30:00-04:00,32.7599983215332,32.80500030517578,32.54999923706055,32.66999816894531,10562,0.0,0.0
2023-06-05 12:30:00-04:00,32.67499923706055,32.790000915527344,32.54999923706055,32.62990188598633,10725,0.0,0.0
2023-06-05 13:30:00-04:00,32.56999969482422,32.72999954223633,32.44499969482422,32.724998474121094,11955,0.0,0.0
2023-06-05 14:30:00-04:00,32.70000076293945,32.72999954223633,32.54999923706055,32.70000076293945,17924,0.0,0.0
2023-06-05 15:30:00-04:00,32.650001525878906,32.72999954223633,32.560001373291016,32.599998474121094,27696,0.0,0.0
2023-06-06 09:30:00-04:00,32.45000076293945,32.91999816894531,32.279998779296875,32.91999816894531,12791,0.0,0.0
2023-06-06 10:30:00-04:00,32.85499954223633,33.060001373291016,32.83000183105469,32.939998626708984,14272,0.0,0.0
2023-06-06 11:30:00-04:00,32.939998626708984,33.04999923706055,32.86000061035156,32.92499923706055,14395,0.0,0.0
2023-06-06 12:30:00-04:00,32.90999984741211,32.970001220703125,32.79999923706055,32.79999923706055,18360,0.0,0.0
2023-06-06 13:30:00-04:00,32.630001068115234,33.119998931884766,32.625,33.09000015258789,21675,0.0,0.0
2023-06-06 14:30:00-04:00,33.125,33.20500183105469,32.8849983215332,33.06999969482422,33059,0.0,0.0
2023-06-06 15:30:00-04:00,33.099998474121094,33.233699798583984,32.90999984741211,33.060001373291016,48422,0.0,0.0
2023-06-07 09:30:00-04:00,28.0,31.200000762939453,28.0,31.100000381469727,137582,0.0,0.0
2023-06-07 10:30:00-04:00,31.09000015258789,31.860000610351562,30.5,31.700000762939453,43462,0.0,0.0
2023-06-07 11:30:00-04:00,31.69499969482422,31.8799991607666,31.149999618530273,31.809999465942383,35551,0.0,0.0
2023-06-07 12:30:00-04:00,31.9950008392334,32.5099983215332,31.899999618530273,32.349998474121094,52262,0.0,0.0
2023-06-07 13:30:00-04:00,32.220001220703125,32.64500045776367,32.130001068115234,32.58000183105469,20558,0.0,0.0
2023-06-07 14:30:00-04:00,32.54999923706055,32.68000030517578,32.400001525878906,32.54499816894531,48087,0.0,0.0
2023-06-07 15:30:00-04:00,32.56999969482422,32.57500076293945,32.209999084472656,32.2599983215332,101915,0.0,0.0
2023-06-08 09:30:00-04:00,32.22999954223633,32.25,31.61009979248047,31.61009979248047,13685,0.0,0.0
2023-06-08 10:30:00-04:00,31.719999313354492,31.950000762939453,31.3799991607666,31.520000457763672,24501,0.0,0.0
2023-06-08 11:30:00-04:00,31.549999237060547,31.905000686645508,31.460100173950195,31.905000686645508,21198,0.0,0.0
2023-06-08 12:30:00-04:00,31.940000534057617,32.005001068115234,31.78499984741211,31.790000915527344,9299,0.0,0.0
2023-06-08 13:30:00-04:00,31.780000686645508,31.790000915527344,31.530000686645508,31.600000381469727,11633,0.0,0.0
2023-06-08 14:30:00-04:00,31.600000381469727,31.920000076293945,31.549999237060547,31.84000015258789,15828,0.0,0.0
2023-06-08 15:30:00-04:00,31.850000381469727,31.93000030517578,31.790000915527344,31.84000015258789,34849,0.0,0.0
2023-06-09 09:30:00-04:00,31.43000030517578,31.799999237060547,31.270000457763672,31.674999237060547,13923,0.0,0.0
2023-06-09 10:30:00-04:00,31.719999313354492,31.959999084472656,31.559999465942383,31.649999618530273,12873,0.0,0.0
2023-06-09 11:30:00-04:00,31.670000076293945,31.709999084472656,31.100000381469727,31.209999084472656,43590,0.0,0.0
2023-06-09 12:30:00-04:00,31.184999465942383,31.2549991607666,31.040000915527344,31.18000030517578,25178,0.0,0.0
2023-06-09 13:30:00-04:00,31.139999389648438,31.280000686645508,30.96500015258789,31.280000686645508,16700,0.0,0.0
2023-06-09 14:30:00-04:00,31.217500686645508,31.329999923706055,31.209999084472656,31.270000457763672,17036,0.0,0.0
2023-06-09 15:30:00-04:00,31.270000457763672,31.43000030517578,31.229999542236328,31.299999237060547,41548,0.0,0.0
2023-06-12 09:30:00-04:00,31.31999969482422,31.8799991607666,31.020000457763672,31.8700008392334,26411,0.0,0.0
2023-06-12 10:30:00-04:00,31.829999923706055,31.90999984741211,31.540000915527344,31.540000915527344,17474,0.0,0.0
2023-06-12 11:30:00-04:00,31.510000228881836,31.729999542236328,31.469999313354492,31.700000762939453,13697,0.0,0.0
2023-06-12 12:30:00-04:00,31.704999923706055,31.739999771118164,31.56999969482422,31.56999969482422,11656,0.0,0.0
2023-06-12 13:30:00-04:00,31.579999923706055,31.889999389648438,31.579999923706055,31.829999923706055,13511,0.0,0.0
2023-06-12 14:30:00-04:00,31.815000534057617,32.06999969482422,31.790000915527344,32.060001373291016,17156,0.0,0.0
2023-06-12 15:30:00-04:00,32.08000183105469,32.08000183105469,31.93000030517578,32.04999923706055,26649,0.0,0.0
2023-06-13 09:30:00-04:00,31.889999389648438,32.150001525878906,31.68000030517578,31.9950008392334,10579,0.0,0.0
2023-06-13 10:30:00-04:00,31.9950008392334,32.094600677490234,31.899999618530273,32.0099983215332,9156,0.0,0.0
2023-06-13 11:30:00-04:00,32.0099983215332,32.0099983215332,31.75,31.809999465942383,6854,0.0,0.0
2023-06-13 12:30:00-04:00,31.770000457763672,31.84000015258789,31.65999984741211,31.81999969482422,8622,0.0,0.0
2023-06-13 13:30:00-04:00,31.790000915527344,31.834999084472656,31.690000534057617,31.834999084472656,8024,0.0,0.0
2023-06-13 14:30:00-04:00,31.829999923706055,31.829999923706055,31.709999084472656,31.7810001373291,13492,0.0,0.0
2023-06-13 15:30:00-04:00,31.790000915527344,31.790000915527344,31.610000610351562,31.6200008392334,30687,0.0,0.0
2023-06-14 09:30:00-04:00,31.34000015258789,31.59000015258789,30.950000762939453,31.264999389648438,40499,0.0,0.0
2023-06-14 10:30:00-04:00,31.209999084472656,31.610000610351562,31.209999084472656,31.360000610351562,46043,0.0,0.0
2023-06-14 11:30:00-04:00,31.3799991607666,31.510000228881836,31.21500015258789,31.21500015258789,14648,0.0,0.0
2023-06-14 12:30:00-04:00,31.209999084472656,31.31999969482422,31.170000076293945,31.260000228881836,13380,0.0,0.0
2023-06-14 13:30:00-04:00,31.239999771118164,31.469999313354492,31.219999313354492,31.350000381469727,32642,0.0,0.0
2023-06-14 14:30:00-04:00,31.350000381469727,31.420000076293945,31.229999542236328,31.340099334716797,20863,0.0,0.0
2023-06-14 15:30:00-04:00,31.350000381469727,31.3700008392334,31.1200008392334,31.25,19262,0.0,0.0
2023-06-15 09:30:00-04:00,31.350000381469727,31.559999465942383,31.104999542236328,31.40999984741211,11874,0.0,0.0
2023-06-15 10:30:00-04:00,31.450000762939453,31.790000915527344,31.2450008392334,31.790000915527344,19047,0.0,0.0
2023-06-15 11:30:00-04:00,31.764999389648438,31.88990020751953,31.59000015258789,31.829999923706055,20623,0.0,0.0
2023-06-15 12:30:00-04:00,31.809999465942383,31.809999465942383,31.690000534057617,31.719999313354492,7109,0.0,0.0
2023-06-15 13:30:00-04:00,31.719999313354492,31.780000686645508,31.700000762939453,31.780000686645508,12920,0.0,0.0
2023-06-15 14:30:00-04:00,31.809999465942383,31.889999389648438,31.639999389648438,31.639999389648438,15135,0.0,0.0
2023-06-15 15:30:00-04:00,31.65999984741211,31.75,31.600000381469727,31.719999313354492,27900,0.0,0.0
2023-06-16 09:30:00-04:00,32.11000061035156,32.11000061035156,31.65999984741211,31.81999969482422,46662,0.0,0.0
2023-06-16 10:30:00-04:00,31.94499969482422,31.950000762939453,31.440000534057617,31.479999542236328,18052,0.0,0.0
2023-06-16 11:30:00-04:00,31.530000686645508,31.549999237060547,31.350000381469727,31.420000076293945,11682,0.0,0.0
2023-06-16 12:30:00-04:00,31.40999984741211,31.510000228881836,31.3799991607666,31.459999084472656,14204,0.0,0.0
2023-06-16 13:30:00-04:00,31.40999984741211,31.40999984741211,31.239999771118164,31.329999923706055,10608,0.0,0.0
2023-06-16 14:30:00-04:00,31.309999465942383,31.3700008392334,31.25,31.299999237060547,23747,0.0,0.0
2023-06-16 15:30:00-04:00,31.329999923706055,31.489999771118164,31.299999237060547,31.350000381469727,48491,0.0,0.0
2023-06-20 09:30:00-04:00,31.360000610351562,31.360000610351562,30.770000457763672,31.03499984741211,8632,0.0,0.0
2023-06-20 10:30:00-04:00,31.065000534057617,31.309999465942383,31.040000915527344,31.079999923706055,12339,0.0,0.0
2023-06-20 11:30:00-04:00,31.09000015258789,31.315000534057617,31.040000915527344,31.309999465942383,7027,0.0,0.0
2023-06-20 12:30:00-04:00,31.299999237060547,31.3435001373291,31.270000457763672,31.290000915527344,4897,0.0,0.0
2023-06-20 13:30:00-04:00,31.299999237060547,31.350000381469727,31.219999313354492,31.219999313354492,12385,0.0,0.0
2023-06-20 14:30:00-04:00,31.200000762939453,31.540000915527344,31.200000762939453,31.5,12627,0.0,0.0
2023-06-20 15:30:00-04:00,31.459999084472656,31.469999313354492,31.34000015258789,31.385000228881836,34227,0.0,0.0
2023-06-21 09:30:00-04:00,31.270000457763672,31.575000762939453,31.020000457763672,31.5,10391,0.0,0.0
2023-06-21 10:30:00-04:00,31.59000015258789,31.729999542236328,31.530000686645508,31.6299991607666,15871,0.0,0.0
2023-06-21 11:30:00-04:00,31.59000015258789,31.760000228881836,31.59000015258789,31.729999542236328,11764,0.0,0.0
2023-06-21 12:30:00-04:00,31.704999923706055,31.704999923706055,31.565000534057617,31.59000015258789,7034,0.0,0.0
2023-06-21 13:30:00-04:00,31.600000381469727,31.920000076293945,31.600000381469727,31.915000915527344,9824,0.0,0.0
2023-06-21 14:30:00-04:00,31.940000534057617,32.03369903564453,31.8799991607666,31.8799991607666,11626,0.0,0.0
2023-06-21 15:30:00-04:00,31.90999984741211,32.18000030517578,31.899999618530273,32.18000030517578,25571,0.0,0.0
2023-06-22 09:30:00-04:00,32.27000045776367,32.880001068115234,32.189998626708984,32.880001068115234,30022,0.0,0.0
2023-06-22 10:30:00-04:00,32.95000076293945,32.970001220703125,32.84000015258789,32.970001220703125,13763,0.0,0.0
2023-06-22 11:30:00-04:00,32.9900016784668,33.04999923706055,32.7599983215332,32.814998626708984,13985,0.0,0.0
2023-06-22 12:30:00-04:00,32.79999923706055,32.880001068115234,32.599998474121094,32.869998931884766,16515,0.0,0.0
2023-06-22 13:30:00-04:00,32.814998626708984,32.900001525878906,32.779998779296875,32.900001525878906,8797,0.0,0.0
2023-06-22 14:30:00-04:00,32.939998626708984,32.970001220703125,32.869998931884766,32.88999938964844,19830,0.0,0.0
2023-06-22 15:30:00-04:00,32.900001525878906,32.91999816894531,32.779998779296875,32.790000915527344,31951,0.0,0.0
2023-06-23 09:30:00-04:00,32.75,32.929901123046875,32.47999954223633,32.75,18195,0.0,0.0
2023-06-23 10:30:00-04:00,32.65999984741211,32.74879837036133,32.27000045776367,32.38999938964844,26308,0.0,0.0
2023-06-23 11:30:00-04:00,32.41999816894531,32.45000076293945,32.060001373291016,32.375,15994,0.0,0.0
2023-06-23 12:30:00-04:00,32.375,32.790000915527344,32.31999969482422,32.689998626708984,33290,0.0,0.0
2023-06-23 13:30:00-04:00,32.66999816894531,32.7599983215332,32.599998474121094,32.61000061035156,26082,0.0,0.0
2023-06-23 14:30:00-04:00,32.619998931884766,32.619998931884766,32.060001373291016,32.08000183105469,24869,0.0,0.0
2023-06-23 15:30:00-04:00,32.07600021362305,32.29999923706055,31.950000762939453,32.08000183105469,47149,0.0,0.0
2023-06-26 09:30:00-04:00,31.799999237060547,32.04999923706055,30.934999465942383,31.139999389648438,14364,0.0,0.0
2023-06-26 10:30:00-04:00,31.104999542236328,31.104999542236328,30.75,30.75,14023,0.0,0.0
2023-06-26 11:30:00-04:00,30.799999237060547,30.969999313354492,30.770000457763672,30.850000381469727,18813,0.0,0.0
2023-06-26 12:30:00-04:00,30.84000015258789,31.155000686645508,30.84000015258789,31.059999465942383,10159,0.0,0.0
2023-06-26 13:30:00-04:00,31.079999923706055,31.104999542236328,30.899999618530273,30.899999618530273,6554,0.0,0.0
2023-06-26 14:30:00-04:00,30.899999618530273,31.010000228881836,30.8799991607666,31.010000228881836,11323,0.0,0.0
2023-06-26 15:30:00-04:00,31.010000228881836,31.010000228881836,30.860000610351562,30.8799991607666,32168,0.0,0.0
2023-06-27 09:30:00-04:00,30.8799991607666,31.024999618530273,30.59000015258789,30.790000915527344,9294,0.0,0.0
2023-06-27 10:30:00-04:00,30.989999771118164,31.200000762939453,30.989999771118164,31.030000686645508,8390,0.0,0.0
2023-06-27 11:30:00-04:00,30.989999771118164,31.010000228881836,30.780000686645508,30.93000030517578,12188,0.0,0.0
2023-06-27 12:30:00-04:00,30.920000076293945,31.049999237060547,30.8700008392334,31.049999237060547,7332,0.0,0.0
2023-06-27 13:30:00-04:00,31.1200008392334,31.1200008392334,30.920000076293945,30.950000762939453,7826,0.0,0.0
2023-06-27 14:30:00-04:00,30.969999313354492,30.969999313354492,30.81999969482422,30.854000091552734,33112,0.0,0.0
2023-06-27 15:30:00-04:00,30.860000610351562,30.860000610351562,30.7450008392334,30.809999465942383,34187,0.0,0.0
2023-06-28 09:30:00-04:00,30.760000228881836,30.760000228881836,30.079999923706055,30.079999923706055,8906,0.0,0.0
2023-06-28 10:30:00-04:00,30.06999969482422,30.209999084472656,30.059999465942383,30.209999084472656,14915,0.0,0.0
2023-06-28 11:30:00-04:00,30.350000381469727,30.479999542236328,30.350000381469727,30.479999542236328,3262,0.0,0.0
2023-06-28 12:30:00-04:00,30.475000381469727,30.475000381469727,30.239999771118164,30.290000915527344,12115,0.0,0.0
2023-06-28 13:30:00-04:00,30.280000686645508,30.3799991607666,30.27989959716797,30.3700008392334,8711,0.0,0.0
2023-06-28 14:30:00-04:00,30.375,30.479999542236328,30.280000686645508,30.454999923706055,10329,0.0,0.0
2023-06-28 15:30:00-04:00,30.46500015258789,30.479999542236328,30.315000534057617,30.399999618530273,18576,0.0,0.0
2023-06-29 09:30:00-04:00,30.329999923706055,30.670000076293945,30.239999771118164,30.459999084472656,20163,0.0,0.0
2023-06-29 10:30:00-04:00,30.545000076293945,30.780000686645508,30.51300048828125,30.520000457763672,11872,0.0,0.0
2023-06-29 11:30:00-04:00,30.59000015258789,30.614999771118164,30.489999771118164,30.540000915527344,6056,0.0,0.0
2023-06-29 12:30:00-04:00,30.530000686645508,30.530000686645508,30.270000457763672,30.329999923706055,14988,0.0,0.0
2023-06-29 13:30:00-04:00,30.329999923706055,30.510000228881836,30.31999969482422,30.399999618530273,12085,0.0,0.0
2023-06-29 14:30:00-04:00,30.479999542236328,30.5,30.389999389648438,30.424999237060547,16792,0.0,0.0
2023-06-29 15:30:00-04:00,30.420000076293945,30.422000885009766,30.280000686645508,30.290000915527344,33395,0.0,0.0
2023-06-30 09:30:00-04:00,30.43000030517578,30.850000381469727,30.280000686645508,30.3700008392334,20333,0.0,0.0
2023-06-30 10:30:00-04:00,30.459999084472656,30.459999084472656,30.18000030517578,30.209999084472656,12200,0.0,0.0
2023-06-30 11:30:00-04:00,30.15999984741211,30.15999984741211,29.799999237060547,29.81999969482422,28718,0.0,0.0
2023-06-30 12:30:00-04:00,29.83370018005371,29.83370018005371,29.350000381469727,29.489999771118164,35234,0.0,0.0
2023-06-30 13:30:00-04:00,29.420000076293945,29.420000076293945,29.121000289916992,29.248699188232422,17479,0.0,0.0
2023-06-30 14:30:00-04:00,29.2450008392334,29.389999389648438,29.18000030517578,29.184999465942383,19001,0.0,0.0
2023-06-30 15:30:00-04:00,29.200000762939453,29.219999313354492,28.979999542236328,28.989999771118164,40881,0.0,0.0
2023-07-03 09:30:00-04:00,29.040000915527344,29.364999771118164,28.735000610351562,29.364999771118164,19669,0.0,0.0
2023-07-03 10:30:00-04:00,29.309999465942383,29.530000686645508,29.25,29.530000686645508,18473,0.0,0.0
2023-07-03 11:30:00-04:00,29.549999237060547,29.549999237060547,29.3799991607666,29.3799991607666,12715,0.0,0.0
2023-07-05 09:30:00-04:00,29.280000686645508,29.43000030517578,28.780000686645508,29.110000610351562,0,0.0,0.0
2023-07-05 10:30:00-04:00,29.09000015258789,29.149999618530273,29.030000686645508,29.059999465942383,10680,0.0,0.0
2023-07-05 11:30:00-04:00,29.059999465942383,29.25,29.059999465942383,29.1200008392334,11143,0.0,0.0
2023-07-05 12:30:00-04:00,29.1200008392334,29.280000686645508,29.06999969482422,29.25,9316,0.0,0.0
2023-07-05 13:30:00-04:00,29.25,29.44499969482422,29.190000534057617,29.44499969482422,12279,0.0,0.0
2023-07-05 14:30:00-04:00,29.450000762939453,29.510000228881836,29.149999618530273,29.15999984741211,23206,0.0,0.0
2023-07-05 15:30:00-04:00,29.18000030517578,29.209999084472656,29.0,29.020000457763672,50406,0.0,0.0
2023-07-06 09:30:00-04:00,28.799999237060547,28.989999771118164,28.530000686645508,28.559999465942383,0,0.0,0.0
2023-07-06 10:30:00-04:00,28.540000915527344,28.799999237060547,28.5,28.770000457763672,28048,0.0,0.0
2023-07-06 11:30:00-04:00,28.780000686645508,28.950000762939453,28.780000686645508,28.790000915527344,8568,0.0,0.0
2023-07-06 12:30:00-04:00,28.809999465942383,29.020000457763672,28.790000915527344,28.979999542236328,10462,0.0,0.0
2023-07-06 13:30:00-04:00,28.979999542236328,29.34000015258789,28.969999313354492,29.209999084472656,19373,0.0,0.0
2023-07-06 14:30:00-04:00,29.21500015258789,29.420000076293945,29.1200008392334,29.329999923706055,25811,0.0,0.0
2023-07-06 15:30:00-04:00,29.315000534057617,29.405000686645508,29.219999313354492,29.280000686645508,38870,0.0,0.0
2023-07-07 09:30:00-04:00,29.229999542236328,29.420000076293945,29.010000228881836,29.280000686645508,10595,0.0,0.0
2023-07-07 10:30:00-04:00,29.200000762939453,29.690000534057617,29.200000762939453,29.690000534057617,11367,0.0,0.0
2023-07-07 11:30:00-04:00,29.67009925842285,29.690000534057617,29.549999237060547,29.579999923706055,12851,0.0,0.0
2023-07-07 12:30:00-04:00,29.549999237060547,29.670000076293945,29.520000457763672,29.670000076293945,8594,0.0,0.0
2023-07-07 13:30:00-04:00,29.670000076293945,29.7549991607666,29.5,29.530000686645508,8107,0.0,0.0
2023-07-07 14:30:00-04:00,29.489999771118164,29.610000610351562,29.469999313354492,29.610000610351562,14247,0.0,0.0
2023-07-07 15:30:00-04:00,29.600000381469727,29.6299991607666,29.34000015258789,29.420000076293945,46388,0.0,0.0
2023-07-10 09:30:00-04:00,29.350000381469727,30.059999465942383,29.350000381469727,29.700000762939453,17375,0.0,0.0
2023-07-10 10:30:00-04:00,29.655000686645508,29.81999969482422,29.5939998626709,29.719999313354492,13327,0.0,0.0
2023-07-10 11:30:00-04:00,29.719999313354492,29.760000228881836,29.549999237060547,29.59000015258789,10602,0.0,0.0
2023-07-10 12:30:00-04:00,29.59000015258789,29.6299991607666,29.520000457763672,29.559999465942383,10308,0.0,0.0
2023-07-10 13:30:00-04:00,29.540000915527344,29.579999923706055,29.440000534057617,29.440000534057617,6384,0.0,0.0
2023-07-10 14:30:00-04:00,29.399999618530273,29.399999618530273,29.15999984741211,29.260000228881836,11449,0.0,0.0
2023-07-10 15:30:00-04:00,29.329999923706055,29.429899215698242,29.299999237060547,29.399999618530273,21882,0.0,0.0
2023-07-11 09:30:00-04:00,29.399999618530273,29.6200008392334,29.295000076293945,29.56999969482422,7920,0.0,0.0
2023-07-11 10:30:00-04:00,29.489999771118164,29.489999771118164,29.09000015258789,29.135000228881836,5166,0.0,0.0
2023-07-11 11:30:00-04:00,29.149999618530273,29.170000076293945,28.922500610351562,29.020000457763672,16437,0.0,0.0
2023-07-11 12:30:00-04:00,29.1299991607666,29.1299991607666,29.006399154663086,29.010000228881836,6610,0.0,0.0
2023-07-11 13:30:00-04:00,28.969999313354492,29.010000228881836,28.860000610351562,28.940000534057617,6668,0.0,0.0
2023-07-11 14:30:00-04:00,28.969999313354492,28.969999313354492,28.84000015258789,28.84000015258789,9402,0.0,0.0
2023-07-11 15:30:00-04:00,28.81999969482422,28.899999618530273,28.790000915527344,28.8439998626709,27260,0.0,0.0
2023-07-12 09:30:00-04:00,29.200000762939453,29.34000015258789,28.959999084472656,29.219999313354492,13516,0.0,0.0
2023-07-12 10:30:00-04:00,29.329999923706055,29.450000762939453,29.219999313354492,29.25,8907,0.0,0.0
2023-07-12 11:30:00-04:00,29.270000457763672,29.729999542236328,29.239999771118164,29.709999084472656,20343,0.0,0.0
2023-07-12 12:30:00-04:00,29.719999313354492,30.03499984741211,29.719999313354492,29.84000015258789,47677,0.0,0.0
2023-07-12 13:30:00-04:00,29.81999969482422,30.0,29.760000228881836,29.940000534057617,49067,0.0,0.0
2023-07-12 14:30:00-04:00,29.964500427246094,30.110000610351562,29.950000762939453,30.049999237060547,19410,0.0,0.0
2023-07-12 15:30:00-04:00,30.1200008392334,30.25,30.06999969482422,30.219999313354492,26329,0.0,0.0
2023-07-13 09:30:00-04:00,30.299999237060547,30.299999237060547,30.25,30.25,2756,0.0,0.0
2023-07-13 10:30:00-04:00,30.15999984741211,30.229999542236328,30.040000915527344,30.229999542236328,7381,0.0,0.0
2023-07-13 11:30:00-04:00,30.190000534057617,30.190000534057617,30.1299991607666,30.17099952697754,4051,0.0,0.0
2023-07-13 12:30:00-04:00,30.200000762939453,30.690000534057617,30.200000762939453,30.625,28686,0.0,0.0
2023-07-13 13:30:00-04:00,30.6200008392334,30.84000015258789,30.5,30.809999465942383,30931,0.0,0.0
2023-07-13 14:30:00-04:00,30.799999237060547,30.920000076293945,30.709999084472656,30.799999237060547,33758,0.0,0.0
2023-07-13 15:30:00-04:00,30.809999465942383,30.809999465942383,30.549999237060547,30.65999984741211,27404,0.0,0.0
2023-07-14 09:30:00-04:00,30.6200008392334,30.6200008392334,30.204999923706055,30.399999618530273,6563,0.0,0.0
2023-07-14 10:30:00-04:00,30.399999618530273,30.719999313354492,30.280000686645508,30.6200008392334,11109,0.0,0.0
2023-07-14 11:30:00-04:00,30.559999465942383,30.649999618530273,30.559999465942383,30.649999618530273,6572,0.0,0.0
2023-07-14 12:30:00-04:00,30.649999618530273,30.868499755859375,30.649999618530273,30.760000228881836,8129,0.0,0.0
2023-07-14 13:30:00-04:00,30.799999237060547,30.8700008392334,30.7450008392334,30.7450008392334,4701,0.0,0.0
2023-07-14 14:30:00-04:00,30.72369956970215,30.90999984741211,30.72369956970215,30.899999618530273,9823,0.0,0.0
2023-07-14 15:30:00-04:00,30.90999984741211,30.969999313354492,30.770000457763672,30.959999084472656,15751,0.0,0.0
2023-07-17 09:30:00-04:00,32.36000061035156,36.290000915527344,32.18000030517578,35.81999969482422,86686,0.0,0.0
2023-07-17 10:30:00-04:00,35.845001220703125,36.33000183105469,35.650001525878906,35.790000915527344,52395,0.0,0.0
2023-07-17 11:30:00-04:00,35.84000015258789,36.349998474121094,35.84000015258789,36.14500045776367,35091,0.0,0.0
2023-07-17 12:30:00-04:00,36.12519836425781,36.13999938964844,35.560001373291016,35.790000915527344,24375,0.0,0.0
2023-07-17 13:30:00-04:00,35.77000045776367,35.95000076293945,35.709999084472656,35.7400016784668,19592,0.0,0.0
2023-07-17 14:30:00-04:00,35.76499938964844,35.810001373291016,35.369998931884766,35.380001068115234,33682,0.0,0.0
2023-07-17 15:30:00-04:00,35.40650177001953,35.66999816894531,35.34659957885742,35.56999969482422,62457,0.0,0.0
2023-07-18 09:30:00-04:00,35.72999954223633,36.04999923706055,35.56999969482422,35.75,22482,0.0,0.0
2023-07-18 10:30:00-04:00,35.75,36.09000015258789,35.459999084472656,35.459999084472656,23109,0.0,0.0
2023-07-18 11:30:00-04:00,35.43000030517578,35.474998474121094,35.05500030517578,35.13999938964844,22082,0.0,0.0
2023-07-18 12:30:00-04:00,35.02000045776367,35.350799560546875,35.0099983215332,35.27000045776367,12970,0.0,0.0
2023-07-18 13:30:00-04:00,35.22999954223633,35.380001068115234,35.15999984741211,35.2599983215332,15943,0.0,0.0
2023-07-18 14:30:00-04:00,35.290000915527344,35.33000183105469,35.16999816894531,35.27000045776367,14446,0.0,0.0
2023-07-18 15:30:00-04:00,35.279998779296875,35.4900016784668,35.2599983215332,35.415000915527344,32225,0.0,0.0
2023-07-19 09:30:00-04:00,35.529998779296875,36.749900817871094,35.529998779296875,36.4900016784668,66989,0.0,0.0
2023-07-19 10:30:00-04:00,36.4817008972168,36.609901428222656,35.8400993347168,35.8400993347168,46192,0.0,0.0
2023-07-19 11:30:00-04:00,35.84000015258789,36.59000015258789,35.83000183105469,36.369998931884766,59444,0.0,0.0
2023-07-19 12:30:00-04:00,36.45000076293945,36.45500183105469,35.54999923706055,35.54999923706055,33286,0.0,0.0
2023-07-19 13:30:00-04:00,35.45000076293945,35.66230010986328,35.310001373291016,35.630001068115234,29509,0.0,0.0
2023-07-19 14:30:00-04:00,35.650001525878906,35.939998626708984,35.630001068115234,35.904998779296875,16675,0.0,0.0
2023-07-19 15:30:00-04:00,35.900001525878906,36.15999984741211,35.84000015258789,36.099998474121094,48780,0.0,0.0
2023-07-20 09:30:00-04:00,36.349998474121094,36.349998474121094,35.435001373291016,35.435001373291016,12551,0.0,0.0
2023-07-20 10:30:00-04:00,35.34000015258789,35.88999938964844,35.22999954223633,35.849998474121094,15463,0.0,0.0
2023-07-20 11:30:00-04:00,35.81999969482422,35.929901123046875,35.529998779296875,35.63999938964844,12511,0.0,0.0
2023-07-20 12:30:00-04:00,35.529998779296875,35.63999938964844,35.4900016784668,35.55500030517578,13318,0.0,0.0
2023-07-20 13:30:00-04:00,35.55500030517578,35.91999816894531,35.52000045776367,35.819698333740234,14296,0.0,0.0
2023-07-20 14:30:00-04:00,35.834999084472656,36.06999969482422,35.834999084472656,35.974998474121094,14254,0.0,0.0
2023-07-20 15:30:00-04:00,35.974998474121094,36.400001525878906,35.95000076293945,36.38999938964844,26322,0.0,0.0
2023-07-21 09:30:00-04:00,36.5099983215332,36.5099983215332,35.790000915527344,36.380001068115234,13752,0.0,0.0
2023-07-21 10:30:00-04:00,36.2400016784668,36.369998931884766,36.13999938964844,36.18000030517578,8615,0.0,0.0
2023-07-21 11:30:00-04:00,36.23809814453125,36.23809814453125,36.13999938964844,36.159400939941406,2483,0.0,0.0
2023-07-21 12:30:00-04:00,36.13999938964844,36.310001373291016,36.130001068115234,36.29999923706055,4577,0.0,0.0
2023-07-21 13:30:00-04:00,36.31999969482422,36.334999084472656,36.060001373291016,36.16999816894531,7260,0.0,0.0
2023-07-21 14:30:00-04:00,36.130001068115234,36.130001068115234,35.95000076293945,35.959999084472656,6507,0.0,0.0
2023-07-21 15:30:00-04:00,35.970001220703125,35.97999954223633,35.72999954223633,35.77000045776367,22096,0.0,0.0
2023-07-24 09:30:00-04:00,35.849998474121094,36.315399169921875,35.849998474121094,35.92499923706055,9563,0.0,0.0
2023-07-24 10:30:00-04:00,36.0099983215332,36.119998931884766,35.849998474121094,36.119998931884766,11747,0.0,0.0
2023-07-24 11:30:00-04:00,36.154998779296875,36.45000076293945,36.154998779296875,36.41999816894531,7376,0.0,0.0
2023-07-24 12:30:00-04:00,36.40999984741211,37.45989990234375,36.38999938964844,37.45989990234375,95980,0.0,0.0
2023-07-24 13:30:00-04:00,37.3849983215332,37.7598991394043,37.3849983215332,37.5,44960,0.0,0.0
2023-07-24 14:30:00-04:00,37.439998626708984,37.839900970458984,37.34000015258789,37.58000183105469,40933,0.0,0.0
2023-07-24 15:30:00-04:00,37.529998779296875,37.75,37.5004997253418,37.619998931884766,45896,0.0,0.0
2023-07-25 09:30:00-04:00,37.81999969482422,37.939998626708984,37.369998931884766,37.650001525878906,22168,0.0,0.0
2023-07-25 10:30:00-04:00,37.720001220703125,38.150001525878906,37.66640090942383,38.09000015258789,22181,0.0,0.0
2023-07-25 11:30:00-04:00,38.15999984741211,38.220001220703125,37.68000030517578,38.02000045776367,22226,0.0,0.0
2023-07-25 12:30:00-04:00,38.0,38.345001220703125,37.970001220703125,38.314998626708984,13188,0.0,0.0
2023-07-25 13:30:00-04:00,38.36000061035156,38.45000076293945,38.29999923706055,38.439998626708984,14109,0.0,0.0
2023-07-25 14:30:00-04:00,38.400001525878906,38.41999816894531,37.880001068115234,37.880001068115234,17018,0.0,0.0
2023-07-25 15:30:00-04:00,37.900001525878906,38.20000076293945,37.7599983215332,38.185001373291016,38461,0.0,0.0
2023-07-26 09:30:00-04:00,38.189998626708984,38.60900115966797,38.040000915527344,38.150001525878906,13678,0.0,0.0
2023-07-26 10:30:00-04:00,38.22999954223633,38.2599983215332,37.560001373291016,37.61040115356445,23320,0.0,0.0
2023-07-26 11:30:00-04:00,37.63669967651367,37.880001068115234,37.560001373291016,37.880001068115234,9358,0.0,0.0
2023-07-26 12:30:00-04:00,37.90019989013672,37.90019989013672,37.709999084472656,37.709999084472656,5244,0.0,0.0
2023-07-26 13:30:00-04:00,37.703399658203125,38.119998931884766,37.650001525878906,38.0099983215332,13155,0.0,0.0
2023-07-26 14:30:00-04:00,38.040000915527344,38.220001220703125,37.959999084472656,38.185001373291016,15282,0.0,0.0
2023-07-26 15:30:00-04:00,38.220001220703125,38.31999969482422,38.099998474121094,38.2599983215332,30938,0.0,0.0
2023-07-27 09:30:00-04:00,38.56999969482422,38.970001220703125,38.25,38.25,18212,0.0,0.0
2023-07-27 10:30:00-04:00,38.290000915527344,38.290000915527344,37.97999954223633,38.150001525878906,10556,0.0,0.0
2023-07-27 11:30:00-04:00,38.04999923706055,38.15999984741211,37.7400016784668,37.7400016784668,17336,0.0,0.0
2023-07-27 12:30:00-04:00,37.7400016784668,37.7400016784668,37.58000183105469,37.66999816894531,9021,0.0,0.0
2023-07-27 13:30:00-04:00,37.66999816894531,37.7599983215332,37.5,37.66999816894531,13385,0.0,0.0
2023-07-27 14:30:00-04:00,37.70000076293945,37.72990036010742,37.400001525878906,37.47999954223633,18363,0.0,0.0
2023-07-27 15:30:00-04:00,37.40999984741211,37.52000045776367,37.369998931884766,37.5,27531,0.0,0.0
2023-07-28 09:30:00-04:00,37.90999984741211,37.96900177001953,37.72999954223633,37.95000076293945,7169,0.0,0.0
2023-07-28 10:30:00-04:00,37.9900016784668,38.244998931884766,37.9900016784668,38.13999938964844,6082,0.0,0.0
2023-07-28 11:30:00-04:00,37.97999954223633,38.0,37.88999938964844,37.900001525878906,5388,0.0,0.0
2023-07-28 12:30:00-04:00,37.87779998779297,38.0099983215332,37.810001373291016,37.810001373291016,4389,0.0,0.0
2023-07-28 13:30:00-04:00,37.630001068115234,37.790000915527344,37.630001068115234,37.790000915527344,4758,0.0,0.0
2023-07-28 14:30:00-04:00,37.81719970703125,37.90999984741211,37.790000915527344,37.880001068115234,8022,0.0,0.0
2023-07-28 15:30:00-04:00,37.849998474121094,37.849998474121094,37.709999084472656,37.790000915527344,20072,0.0,0.0
2023-07-31 09:30:00-04:00,37.7599983215332,38.38999938964844,37.7599983215332,38.310001373291016,13115,0.0,0.0
2023-07-31 10:30:00-04:00,38.130001068115234,38.13999938964844,37.900001525878906,38.10070037841797,6530,0.0,0.0
2023-07-31 11:30:00-04:00,38.16999816894531,38.310001373291016,38.09000015258789,38.1265983581543,10128,0.0,0.0
2023-07-31 12:30:00-04:00,38.060001373291016,38.060001373291016,37.810001373291016,37.880001068115234,4886,0.0,0.0
2023-07-31 13:30:00-04:00,37.95500183105469,37.95500183105469,37.75,37.75,4387,0.0,0.0
2023-07-31 14:30:00-04:00,37.685001373291016,37.77000045776367,37.6349983215332,37.77000045776367,9001,0.0,0.0
2023-07-31 15:30:00-04:00,37.81999969482422,37.81999969482422,37.61000061035156,37.709999084472656,22953,0.0,0.0
2023-08-01 09:30:00-04:00,37.66999816894531,37.95500183105469,37.470001220703125,37.84000015258789,8269,0.0,0.0
2023-08-01 10:30:00-04:00,37.810001373291016,37.900001525878906,37.560001373291016,37.900001525878906,8976,0.0,0.0
2023-08-01 11:30:00-04:00,37.90999984741211,37.92499923706055,37.54999923706055,37.560001373291016,5510,0.0,0.0
2023-08-01 12:30:00-04:00,37.56999969482422,37.6349983215332,37.459999084472656,37.5,6359,0.0,0.0
2023-08-01 13:30:00-04:00,37.59000015258789,37.68000030517578,37.59000015258789,37.68000030517578,2534,0.0,0.0
2023-08-01 14:30:00-04:00,37.689998626708984,37.689998626708984,37.599998474121094,37.65999984741211,4736,0.0,0.0
2023-08-01 15:30:00-04:00,37.68000030517578,37.775001525878906,37.630001068115234,37.775001525878906,10180,0.0,0.0
2023-08-02 09:30:00-04:00,37.81999969482422,37.81999969482422,37.494998931884766,37.54999923706055,6633,0.0,0.0
2023-08-02 10:30:00-04:00,37.7400016784668,38.0,37.625,37.69499969482422,14966,0.0,0.0
2023-08-02 11:30:00-04:00,37.70000076293945,37.86000061035156,37.70000076293945,37.77000045776367,4279,0.0,0.0
2023-08-02 12:30:00-04:00,37.84000015258789,37.97999954223633,37.810001373291016,37.810001373291016,3860,0.0,0.0
2023-08-02 13:30:00-04:00,37.810001373291016,37.810001373291016,37.63999938964844,37.678001403808594,5455,0.0,0.0
2023-08-02 14:30:00-04:00,37.650001525878906,37.65999984741211,37.56999969482422,37.61000061035156,6507,0.0,0.0
2023-08-02 15:30:00-04:00,37.630001068115234,37.79999923706055,37.6150016784668,37.79999923706055,18759,0.0,0.0
2023-08-03 09:30:00-04:00,37.630001068115234,37.91999816894531,37.5,37.72999954223633,9370,0.0,0.0
2023-08-03 10:30:00-04:00,37.90999984741211,38.185001373291016,37.88999938964844,38.130001068115234,18060,0.0,0.0
2023-08-03 11:30:00-04:00,38.04999923706055,38.40999984741211,37.97999954223633,38.380001068115234,22875,0.0,0.0
2023-08-03 12:30:00-04:00,38.38999938964844,38.40869903564453,38.275001525878906,38.28499984741211,5214,0.0,0.0
2023-08-03 13:30:00-04:00,38.351600646972656,38.5,38.11109924316406,38.13119888305664,25002,0.0,0.0
2023-08-03 14:30:00-04:00,38.08000183105469,38.18000030517578,38.0099983215332,38.0099983215332,17681,0.0,0.0
2023-08-03 15:30:00-04:00,38.11000061035156,38.33000183105469,38.084999084472656,38.2599983215332,39130,0.0,0.0
2023-08-04 09:30:00-04:00,38.209999084472656,38.459999084472656,38.209999084472656,38.29999923706055,4075,0.0,0.0
2023-08-04 10:30:00-04:00,38.209999084472656,38.38999938964844,38.09000015258789,38.20000076293945,5121,0.0,0.0
2023-08-04 11:30:00-04:00,38.15999984741211,38.195098876953125,37.84000015258789,38.04999923706055,11461,0.0,0.0
2023-08-04 12:30:00-04:00,38.119998931884766,38.2400016784668,38.04999923706055,38.099998474121094,3538,0.0,0.0
2023-08-04 13:30:00-04:00,38.099998474121094,38.25,37.900001525878906,37.900001525878906,7878,0.0,0.0
2023-08-04 14:30:00-04:00,37.80500030517578,37.849998474121094,37.70000076293945,37.70000076293945,8220,0.0,0.0
2023-08-04 15:30:00-04:00,37.81999969482422,37.81999969482422,37.41999816894531,37.5,31916,0.0,0.0
2023-08-07 09:30:00-04:00,37.63999938964844,37.880001068115234,37.150001525878906,37.43000030517578,10907,0.0,0.0
2023-08-07 10:30:00-04:00,37.510501861572266,37.630001068115234,37.22999954223633,37.54999923706055,15837,0.0,0.0
2023-08-07 11:30:00-04:00,37.58000183105469,37.70000076293945,37.349998474121094,37.540000915527344,19681,0.0,0.0
2023-08-07 12:30:00-04:00,37.56999969482422,37.77000045776367,37.5099983215332,37.61000061035156,17998,0.0,0.0
2023-08-07 13:30:00-04:00,37.6150016784668,37.630001068115234,37.42499923706055,37.55500030517578,11796,0.0,0.0
2023-08-07 14:30:00-04:00,37.619998931884766,37.68000030517578,37.470001220703125,37.529998779296875,7114,0.0,0.0
2023-08-07 15:30:00-04:00,37.470001220703125,37.68000030517578,37.470001220703125,37.619998931884766,27275,0.0,0.0
2023-08-08 09:30:00-04:00,37.5,37.5,36.660099029541016,36.849998474121094,12879,0.0,0.0
2023-08-08 10:30:00-04:00,36.82500076293945,36.95000076293945,36.5,36.724998474121094,26178,0.0,0.0
2023-08-08 11:30:00-04:00,36.619598388671875,36.7599983215332,36.619598388671875,36.7400016784668,4653,0.0,0.0
2023-08-08 12:30:00-04:00,36.84000015258789,37.09000015258789,36.75,36.97999954223633,5812,0.0,0.0
2023-08-08 13:30:00-04:00,37.025001525878906,37.279998779296875,36.970001220703125,37.27000045776367,9319,0.0,0.0
2023-08-08 14:30:00-04:00,37.310001373291016,37.406700134277344,37.220001220703125,37.34000015258789,8725,0.0,0.0
2023-08-08 15:30:00-04:00,37.310001373291016,37.4900016784668,37.29999923706055,37.41999816894531,22354,0.0,0.0
2023-08-09 09:30:00-04:00,37.599998474121094,37.60499954223633,37.09000015258789,37.369998931884766,10001,0.0,0.0
2023-08-09 10:30:00-04:00,37.279998779296875,37.290000915527344,37.13999938964844,37.13999938964844,5853,0.0,0.0
2023-08-09 11:30:00-04:00,37.15999984741211,37.15999984741211,36.970001220703125,37.064998626708984,4923,0.0,0.0
2023-08-09 12:30:00-04:00,37.08000183105469,37.275001525878906,37.08000183105469,37.275001525878906,9272,0.0,0.0
2023-08-09 13:30:00-04:00,37.27000045776367,37.400001525878906,37.04999923706055,37.08000183105469,27091,0.0,0.0
2023-08-09 14:30:00-04:00,37.02000045776367,37.04999923706055,36.779998779296875,36.779998779296875,8964,0.0,0.0
2023-08-09 15:30:00-04:00,36.814998626708984,36.91999816894531,36.79999923706055,36.849998474121094,19106,0.0,0.0
2023-08-10 09:30:00-04:00,37.209999084472656,37.52000045776367,37.095001220703125,37.44499969482422,12301,0.0,0.0
2023-08-10 10:30:00-04:00,37.435001373291016,37.435001373291016,37.11000061035156,37.22999954223633,9297,0.0,0.0
2023-08-10 11:30:00-04:00,37.26679992675781,37.26679992675781,36.880001068115234,37.060001373291016,9435,0.0,0.0
2023-08-10 12:30:00-04:00,37.08000183105469,37.119998931884766,36.89500045776367,36.89500045776367,4165,0.0,0.0
2023-08-10 13:30:00-04:00,36.89500045776367,36.95000076293945,36.779998779296875,36.8849983215332,4855,0.0,0.0
2023-08-10 14:30:00-04:00,36.7599983215332,36.7599983215332,36.560001373291016,36.630001068115234,6976,0.0,0.0
2023-08-10 15:30:00-04:00,36.650001525878906,36.79999923706055,36.5,36.79999923706055,24293,0.0,0.0
2023-08-11 09:30:00-04:00,36.7599983215332,37.22999954223633,36.7599983215332,36.814998626708984,7083,0.0,0.0
2023-08-11 10:30:00-04:00,36.90999984741211,37.0,36.599998474121094,36.630001068115234,7541,0.0,0.0
2023-08-11 11:30:00-04:00,36.599998474121094,36.869998931884766,36.599998474121094,36.849998474121094,4996,0.0,0.0
2023-08-11 12:30:00-04:00,36.744998931884766,36.93000030517578,36.65999984741211,36.93000030517578,17882,0.0,0.0
2023-08-11 13:30:00-04:00,36.900001525878906,37.1150016784668,36.880001068115234,37.029998779296875,11222,0.0,0.0
2023-08-11 14:30:00-04:00,37.029998779296875,37.060001373291016,36.959999084472656,37.0099983215332,8905,0.0,0.0
2023-08-11 15:30:00-04:00,36.9900016784668,37.099998474121094,36.849998474121094,37.02000045776367,30167,0.0,0.0
2023-08-14 09:30:00-04:00,37.04999923706055,37.35499954223633,36.439998626708984,36.58000183105469,19119,0.0,0.0
2023-08-14 10:30:00-04:00,36.7400016784668,36.84000015258789,36.709999084472656,36.80500030517578,7678,0.0,0.0
2023-08-14 11:30:00-04:00,36.849998474121094,36.86000061035156,36.58000183105469,36.6150016784668,8392,0.0,0.0
2023-08-14 12:30:00-04:00,36.599998474121094,36.66999816894531,36.43000030517578,36.43000030517578,10120,0.0,0.0
2023-08-14 13:30:00-04:00,36.38999938964844,36.43000030517578,36.150001525878906,36.2599983215332,14223,0.0,0.0
2023-08-14 14:30:00-04:00,36.25,36.529998779296875,36.25,36.40999984741211,9703,0.0,0.0
2023-08-14 15:30:00-04:00,36.435001373291016,36.45000076293945,36.20000076293945,36.41999816894531,38775,0.0,0.0
2023-08-15 09:30:00-04:00,36.310001373291016,36.6150016784668,36.130001068115234,36.130001068115234,6022,0.0,0.0
2023-08-15 10:30:00-04:00,36.13999938964844,36.38999938964844,36.04999923706055,36.38999938964844,6998,0.0,0.0
2023-08-15 11:30:00-04:00,36.369998931884766,36.369998931884766,36.119998931884766,36.119998931884766,5251,0.0,0.0
2023-08-15 12:30:00-04:00,36.130001068115234,36.22999954223633,36.130001068115234,36.209999084472656,5798,0.0,0.0
2023-08-15 13:30:00-04:00,36.209999084472656,36.48500061035156,36.209999084472656,36.48500061035156,15610,0.0,0.0
2023-08-15 14:30:00-04:00,36.5099983215332,36.625,36.45000076293945,36.529998779296875,13614,0.0,0.0
2023-08-15 15:30:00-04:00,36.540000915527344,36.56999969482422,36.16999816894531,36.2599983215332,33797,0.0,0.0
2023-08-16 09:30:00-04:00,36.400001525878906,36.5,36.130001068115234,36.130001068115234,6877,0.0,0.0
2023-08-16 10:30:00-04:00,36.08000183105469,36.46500015258789,36.08000183105469,36.43000030517578,6648,0.0,0.0
2023-08-16 11:30:00-04:00,36.4827995300293,36.4827995300293,36.20000076293945,36.25,7166,0.0,0.0
2023-08-16 12:30:00-04:00,36.25,36.27000045776367,36.119998931884766,36.17499923706055,3425,0.0,0.0
2023-08-16 13:30:00-04:00,36.130001068115234,36.150001525878906,35.79999923706055,35.96480178833008,7452,0.0,0.0
2023-08-16 14:30:00-04:00,35.880001068115234,35.999900817871094,35.689998626708984,35.689998626708984,8957,0.0,0.0
2023-08-16 15:30:00-04:00,35.68000030517578,35.70000076293945,35.43009948730469,35.529998779296875,23174,0.0,0.0
2023-08-17 09:30:00-04:00,35.599998474121094,35.65999984741211,35.41999816894531,35.41999816894531,2818,0.0,0.0
2023-08-17 10:30:00-04:00,35.36000061035156,35.47999954223633,35.220001220703125,35.31999969482422,5550,0.0,0.0
2023-08-17 11:30:00-04:00,35.31999969482422,35.880001068115234,35.31999969482422,35.83000183105469,13087,0.0,0.0
2023-08-17 12:30:00-04:00,35.810001373291016,35.810001373291016,35.709999084472656,35.72999954223633,5121,0.0,0.0
2023-08-17 13:30:00-04:00,35.66999816894531,35.70000076293945,35.2400016784668,35.38999938964844,21043,0.0,0.0
2023-08-17 14:30:00-04:00,35.345001220703125,35.349998474121094,35.060001373291016,35.15999984741211,7660,0.0,0.0
2023-08-17 15:30:00-04:00,35.130001068115234,35.187400817871094,34.849998474121094,34.91999816894531,27971,0.0,0.0
2023-08-18 09:30:00-04:00,34.619998931884766,35.084999084472656,34.419498443603516,34.869998931884766,11078,0.0,0.0
2023-08-18 10:30:00-04:00,34.90999984741211,35.25,34.90999984741211,35.24250030517578,5045,0.0,0.0
2023-08-18 11:30:00-04:00,35.20000076293945,35.220001220703125,35.029998779296875,35.150001525878906,6009,0.0,0.0
2023-08-18 12:30:00-04:00,35.16999816894531,35.20000076293945,35.130001068115234,35.20000076293945,2522,0.0,0.0
2023-08-18 13:30:00-04:00,35.220001220703125,35.36000061035156,35.08000183105469,35.08000183105469,7112,0.0,0.0
2023-08-18 14:30:00-04:00,35.13999938964844,35.150001525878906,35.0099983215332,35.0099983215332,4809,0.0,0.0
2023-08-18 15:30:00-04:00,34.9900016784668,35.1150016784668,34.790000915527344,34.86000061035156,22936,0.0,0.0
2023-08-21 09:30:00-04:00,34.68000030517578,34.83000183105469,34.47999954223633,34.630001068115234,10708,0.0,0.0
2023-08-21 10:30:00-04:00,34.66999816894531,34.85499954223633,34.57500076293945,34.80500030517578,5568,0.0,0.0
2023-08-21 11:30:00-04:00,34.80500030517578,34.849998474121094,34.49100112915039,34.685001373291016,11214,0.0,0.0
2023-08-21 12:30:00-04:00,34.599998474121094,34.66999816894531,34.54499816894531,34.66999816894531,3179,0.0,0.0
2023-08-21 13:30:00-04:00,34.65999984741211,34.79999923706055,34.65999984741211,34.790000915527344,6185,0.0,0.0
2023-08-21 14:30:00-04:00,34.69499969482422,34.709999084472656,34.4900016784668,34.5,10376,0.0,0.0
2023-08-21 15:30:00-04:00,34.51499938964844,34.54499816894531,34.2400016784668,34.31999969482422,24853,0.0,0.0
2023-08-22 09:30:00-04:00,34.2400016784668,34.31999969482422,33.625,33.625,17231,0.0,0.0
2023-08-22 10:30:00-04:00,33.690799713134766,33.900001525878906,33.689998626708984,33.900001525878906,15973,0.0,0.0
2023-08-22 11:30:00-04:00,34.055198669433594,34.055198669433594,33.73099899291992,33.73099899291992,7781,0.0,0.0
2023-08-22 12:30:00-04:00,33.689998626708984,33.849998474121094,33.685001373291016,33.709999084472656,8251,0.0,0.0
2023-08-22 13:30:00-04:00,33.685001373291016,33.84000015258789,33.65999984741211,33.76499938964844,5940,0.0,0.0
2023-08-22 14:30:00-04:00,33.775001525878906,33.790000915527344,33.61000061035156,33.630001068115234,11605,0.0,0.0
2023-08-22 15:30:00-04:00,33.63999938964844,33.70000076293945,33.400001525878906,33.599998474121094,35494,0.0,0.0
2023-08-23 09:30:00-04:00,33.58000183105469,33.70500183105469,33.380001068115234,33.415000915527344,10454,0.0,0.0
2023-08-23 10:30:00-04:00,33.435001373291016,33.459999084472656,33.18009948730469,33.28499984741211,6418,0.0,0.0
2023-08-23 11:30:00-04:00,33.2400016784668,33.2400016784668,33.0099983215332,33.10499954223633,9048,0.0,0.0
2023-08-23 12:30:00-04:00,33.02000045776367,33.19499969482422,33.02000045776367,33.19499969482422,5480,0.0,0.0
2023-08-23 13:30:00-04:00,33.189998626708984,33.2599983215332,33.16999816894531,33.21500015258789,6855,0.0,0.0
2023-08-23 14:30:00-04:00,33.209999084472656,33.290000915527344,33.09000015258789,33.290000915527344,14635,0.0,0.0
2023-08-23 15:30:00-04:00,33.25,33.279998779296875,33.130001068115234,33.150001525878906,26748,0.0,0.0
2023-08-24 09:30:00-04:00,32.880001068115234,33.09000015258789,32.59000015258789,32.90999984741211,18309,0.0,0.0
2023-08-24 10:30:00-04:00,32.90999984741211,33.060001373291016,32.7599983215332,32.98500061035156,20889,0.0,0.0
2023-08-24 11:30:00-04:00,32.9900016784668,33.0,32.7599983215332,32.90999984741211,19466,0.0,0.0
2023-08-24 12:30:00-04:00,32.86000061035156,32.904998779296875,32.73500061035156,32.76499938964844,9538,0.0,0.0
2023-08-24 13:30:00-04:00,32.72999954223633,32.849998474121094,32.720001220703125,32.834999084472656,9499,0.0,0.0
2023-08-24 14:30:00-04:00,32.834999084472656,32.939998626708984,32.67499923706055,32.939998626708984,20954,0.0,0.0
2023-08-24 15:30:00-04:00,32.93000030517578,33.025001525878906,32.81999969482422,32.88999938964844,34287,0.0,0.0
2023-08-25 09:30:00-04:00,32.91999816894531,33.15729904174805,32.41999816894531,32.470001220703125,14871,0.0,0.0
2023-08-25 10:30:00-04:00,32.46500015258789,32.60499954223633,32.31999969482422,32.60499954223633,11694,0.0,0.0
2023-08-25 11:30:00-04:00,32.560001373291016,32.67499923706055,32.29999923706055,32.369998931884766,11166,0.0,0.0
2023-08-25 12:30:00-04:00,32.439998626708984,32.439998626708984,32.2400016784668,32.2400016784668,7132,0.0,0.0
2023-08-25 13:30:00-04:00,32.235801696777344,32.459999084472656,32.235801696777344,32.41469955444336,8093,0.0,0.0
2023-08-25 14:30:00-04:00,32.380001068115234,32.939998626708984,32.27000045776367,32.90999984741211,74206,0.0,0.0
2023-08-25 15:30:00-04:00,32.88999938964844,33.150001525878906,32.79999923706055,33.060001373291016,50922,0.0,0.0
2023-08-28 09:30:00-04:00,33.09000015258789,33.400001525878906,33.0,33.0,14635,0.0,0.0
2023-08-28 10:30:00-04:00,32.994998931884766,33.08000183105469,32.869998931884766,32.869998931884766,12218,0.0,0.0
2023-08-28 11:30:00-04:00,32.79999923706055,32.97999954223633,32.779998779296875,32.89500045776367,16915,0.0,0.0
2023-08-28 12:30:00-04:00,32.84000015258789,33.08000183105469,32.83000183105469,32.9900016784668,8312,0.0,0.0
2023-08-28 13:30:00-04:00,33.0,33.08000183105469,32.849998474121094,32.915000915527344,12362,0.0,0.0
2023-08-28 14:30:00-04:00,32.91999816894531,32.91999816894531,32.79999923706055,32.86000061035156,9318,0.0,0.0
2023-08-28 15:30:00-04:00,32.84000015258789,32.86000061035156,32.619998931884766,32.66999816894531,34475,0.0,0.0
2023-08-29 09:30:00-04:00,32.689998626708984,32.790000915527344,32.560001373291016,32.6150016784668,12183,0.0,0.0
2023-08-29 10:30:00-04:00,32.60499954223633,32.60499954223633,32.41999816894531,32.59000015258789,10146,0.0,0.0
2023-08-29 11:30:00-04:00,32.59000015258789,32.654998779296875,32.529998779296875,32.529998779296875,13315,0.0,0.0
2023-08-29 12:30:00-04:00,32.529998779296875,32.790000915527344,32.439998626708984,32.724998474121094,11130,0.0,0.0
2023-08-29 13:30:00-04:00,32.720001220703125,32.7400016784668,32.63999938964844,32.71500015258789,19180,0.0,0.0
2023-08-29 14:30:00-04:00,32.70500183105469,32.790000915527344,32.66999816894531,32.72999954223633,17040,0.0,0.0
2023-08-29 15:30:00-04:00,32.744998931884766,32.900001525878906,32.7400016784668,32.900001525878906,29357,0.0,0.0
2023-08-30 09:30:00-04:00,32.84000015258789,33.44499969482422,32.84000015258789,33.282501220703125,11774,0.0,0.0
2023-08-30 10:30:00-04:00,33.257999420166016,33.5099983215332,33.22959899902344,33.47999954223633,9280,0.0,0.0
2023-08-30 11:30:00-04:00,33.470001220703125,33.470001220703125,33.310001373291016,33.38999938964844,9286,0.0,0.0
2023-08-30 12:30:00-04:00,33.380001068115234,33.65999984741211,33.36009979248047,33.650001525878906,15762,0.0,0.0
2023-08-30 13:30:00-04:00,33.689998626708984,34.09000015258789,33.61000061035156,34.0,22016,0.0,0.0
2023-08-30 14:30:00-04:00,34.029998779296875,34.029998779296875,33.470001220703125,33.61000061035156,34321,0.0,0.0
2023-08-30 15:30:00-04:00,33.599998474121094,33.709999084472656,33.560001373291016,33.65999984741211,34280,0.0,0.0
2023-08-31 09:30:00-04:00,33.689998626708984,33.9900016784668,33.439998626708984,33.439998626708984,18539,0.0,0.0
2023-08-31 10:30:00-04:00,33.435001373291016,33.685001373291016,33.415000915527344,33.6349983215332,11966,0.0,0.0
2023-08-31 11:30:00-04:00,33.65999984741211,33.68000030517578,33.51499938964844,33.59000015258789,16900,0.0,0.0
2023-08-31 12:30:00-04:00,33.599998474121094,33.619998931884766,33.279998779296875,33.279998779296875,4768,0.0,0.0
2023-08-31 13:30:00-04:00,33.20000076293945,33.22999954223633,32.84000015258789,33.095001220703125,19324,0.0,0.0
2023-08-31 14:30:00-04:00,33.02000045776367,33.119998931884766,33.02000045776367,33.05500030517578,7399,0.0,0.0
2023-08-31 15:30:00-04:00,33.08000183105469,33.16899871826172,32.93000030517578,32.93000030517578,23228,0.0,0.0
2023-09-01 09:30:00-04:00,33.11000061035156,33.369998931884766,32.88999938964844,33.10499954223633,9898,0.0,0.0
2023-09-01 10:30:00-04:00,33.119998931884766,33.33000183105469,33.099998474121094,33.20000076293945,6960,0.0,0.0
2023-09-01 11:30:00-04:00,33.15999984741211,33.31999969482422,33.0099983215332,33.310001373291016,42337,0.0,0.0
2023-09-01 12:30:00-04:00,33.3650016784668,33.470001220703125,33.150001525878906,33.26839828491211,13794,0.0,0.0
2023-09-01 13:30:00-04:00,33.30500030517578,33.310001373291016,33.119998931884766,33.224998474121094,13598,0.0,0.0
2023-09-01 14:30:00-04:00,33.224998474121094,33.255001068115234,32.98500061035156,33.0099983215332,12122,0.0,0.0
2023-09-01 15:30:00-04:00,33.02000045776367,33.150001525878906,33.0,33.04999923706055,22877,0.0,0.0
2023-09-05 09:30:00-04:00,32.86000061035156,33.099998474121094,32.130001068115234,32.525001525878906,27634,0.0,0.0
2023-09-05 10:30:00-04:00,32.47999954223633,32.52000045776367,32.025001525878906,32.025001525878906,15548,0.0,0.0
2023-09-05 11:30:00-04:00,32.130001068115234,32.345001220703125,32.08000183105469,32.32500076293945,15957,0.0,0.0
2023-09-05 12:30:00-04:00,32.36000061035156,32.4900016784668,32.2400016784668,32.40999984741211,18555,0.0,0.0
2023-09-05 13:30:00-04:00,32.4900016784668,32.599998474121094,32.41999816894531,32.42660140991211,16716,0.0,0.0
2023-09-05 14:30:00-04:00,32.42660140991211,32.77000045776367,32.42660140991211,32.75,26164,0.0,0.0
2023-09-05 15:30:00-04:00,32.7400016784668,32.7400016784668,32.375,32.459999084472656,110239,0.0,0.0
2023-09-06 09:30:00-04:00,32.880001068115234,32.880001068115234,31.93000030517578,32.130001068115234,32835,0.0,0.0
2023-09-06 10:30:00-04:00,32.125,32.2599983215332,31.920000076293945,31.920000076293945,26172,0.0,0.0
2023-09-06 11:30:00-04:00,31.969999313354492,32.0,31.725000381469727,31.860000610351562,11627,0.0,0.0
2023-09-06 12:30:00-04:00,31.81999969482422,31.81999969482422,31.54010009765625,31.579999923706055,29940,0.0,0.0
2023-09-06 13:30:00-04:00,31.559999465942383,31.760000228881836,31.260000228881836,31.6299991607666,22158,0.0,0.0
2023-09-06 14:30:00-04:00,31.559999465942383,31.579999923706055,31.280000686645508,31.44499969482422,37734,0.0,0.0
2023-09-06 15:30:00-04:00,31.43000030517578,31.5,31.25,31.25,72536,0.0,0.0
2023-09-07 09:30:00-04:00,34.849998474121094,36.689998626708984,33.650001525878906,34.14500045776367,114352,0.0,0.0
2023-09-07 10:30:00-04:00,34.2599983215332,34.5,33.153900146484375,33.499900817871094,40255,0.0,0.0
2023-09-07 11:30:00-04:00,33.35499954223633,34.52000045776367,33.2400016784668,34.02000045776367,51353,0.0,0.0
2023-09-07 12:30:00-04:00,33.959999084472656,34.13999938964844,33.86000061035156,33.93000030517578,35999,0.0,0.0
2023-09-07 13:30:00-04:00,33.875,33.90999984741211,33.47999954223633,33.54999923706055,19141,0.0,0.0
2023-09-07 14:30:00-04:00,33.540000915527344,33.709999084472656,33.39500045776367,33.584999084472656,33192,0.0,0.0
2023-09-07 15:30:00-04:00,33.61000061035156,33.665000915527344,32.81999969482422,32.86000061035156,107686,0.0,0.0
2023-09-08 09:30:00-04:00,32.939998626708984,33.233299255371094,29.639999389648438,30.200000762939453,103065,0.0,0.0
2023-09-08 10:30:00-04:00,30.1299991607666,30.274999618530273,28.600000381469727,28.809999465942383,86712,0.0,0.0
2023-09-08 11:30:00-04:00,28.799999237060547,29.09000015258789,27.61009979248047,28.010000228881836,112996,0.0,0.0
2023-09-08 12:30:00-04:00,28.000099182128906,28.270000457763672,27.750099182128906,28.06999969482422,49877,0.0,0.0
2023-09-08 13:30:00-04:00,28.110000610351562,29.139999389648438,28.100000381469727,28.795000076293945,62683,0.0,0.0
2023-09-08 14:30:00-04:00,28.760000228881836,28.875,28.3799991607666,28.420000076293945,53593,0.0,0.0
2023-09-08 15:30:00-04:00,28.41010093688965,28.59000015258789,28.079999923706055,28.09000015258789,108733,0.0,0.0
2023-09-11 09:30:00-04:00,28.1200008392334,28.385000228881836,27.049999237060547,28.15999984741211,41501,0.0,0.0
2023-09-11 10:30:00-04:00,28.059999465942383,28.290000915527344,27.489999771118164,27.554500579833984,30966,0.0,0.0
2023-09-11 11:30:00-04:00,27.520000457763672,27.56999969482422,27.170000076293945,27.290000915527344,53328,0.0,0.0
2023-09-11 12:30:00-04:00,27.26740074157715,27.31999969482422,26.739999771118164,26.764999389648438,52000,0.0,0.0
2023-09-11 13:30:00-04:00,26.66900062561035,26.780000686645508,26.440000534057617,26.540000915527344,42243,0.0,0.0
2023-09-11 14:30:00-04:00,26.530000686645508,26.8700008392334,26.510000228881836,26.780000686645508,40305,0.0,0.0
2023-09-11 15:30:00-04:00,26.799999237060547,26.989999771118164,26.65999984741211,26.979999542236328,80913,0.0,0.0
2023-09-12 09:30:00-04:00,26.93000030517578,27.190000534057617,26.469999313354492,26.549999237060547,26165,0.0,0.0
2023-09-12 10:30:00-04:00,26.600000381469727,26.764999389648438,26.479999542236328,26.530000686645508,34950,0.0,0.0
2023-09-12 11:30:00-04:00,26.530000686645508,26.700000762939453,26.469999313354492,26.549999237060547,28942,0.0,0.0
2023-09-12 12:30:00-04:00,26.584999084472656,26.649999618530273,26.489999771118164,26.568500518798828,21314,0.0,0.0
2023-09-12 13:30:00-04:00,26.586299896240234,26.6200008392334,26.260000228881836,26.290000915527344,55081,0.0,0.0
2023-09-12 14:30:00-04:00,26.309999465942383,26.34000015258789,26.03499984741211,26.049999237060547,41694,0.0,0.0
2023-09-12 15:30:00-04:00,26.075000762939453,26.235000610351562,26.0,26.040000915527344,72997,0.0,0.0
2023-09-13 09:30:00-04:00,26.09000015258789,26.989999771118164,26.010000228881836,26.902799606323242,42580,0.0,0.0
2023-09-13 10:30:00-04:00,26.889999389648438,27.19729995727539,26.80820083618164,27.184999465942383,24245,0.0,0.0
2023-09-13 11:30:00-04:00,27.17259979248047,27.34000015258789,26.950000762939453,27.170000076293945,29283,0.0,0.0
2023-09-13 12:30:00-04:00,27.139999389648438,27.170000076293945,27.030000686645508,27.149999618530273,19527,0.0,0.0
2023-09-13 13:30:00-04:00,27.165000915527344,27.28260040283203,27.110000610351562,27.2549991607666,25005,0.0,0.0
2023-09-13 14:30:00-04:00,27.2549991607666,27.40999984741211,27.200000762939453,27.399999618530273,27947,0.0,0.0
2023-09-13 15:30:00-04:00,27.360000610351562,27.540000915527344,27.25,27.360000610351562,86292,0.0,0.0
2023-09-14 09:30:00-04:00,27.5,28.360000610351562,27.5,28.079999923706055,33209,0.0,0.0
2023-09-14 10:30:00-04:00,28.079999923706055,28.6299991607666,27.979999542236328,28.610000610351562,27814,0.0,0.0
2023-09-14 11:30:00-04:00,28.579999923706055,28.639999389648438,28.310100555419922,28.559999465942383,42585,0.0,0.0
2023-09-14 12:30:00-04:00,28.530000686645508,28.690000534057617,28.5,28.6200008392334,17991,0.0,0.0
2023-09-14 13:30:00-04:00,28.604999542236328,28.81999969482422,28.56999969482422,28.799999237060547,30078,0.0,0.0
2023-09-14 14:30:00-04:00,28.81999969482422,28.84000015258789,28.559999465942383,28.709999084472656,30092,0.0,0.0
2023-09-14 15:30:00-04:00,28.709999084472656,28.760000228881836,28.600000381469727,28.719999313354492,65048,0.0,0.0
2023-09-15 09:30:00-04:00,28.739999771118164,29.100000381469727,28.29010009765625,28.329999923706055,58426,0.0,0.0
2023-09-15 10:30:00-04:00,28.360000610351562,28.415000915527344,28.059999465942383,28.110000610351562,15621,0.0,0.0
2023-09-15 11:30:00-04:00,28.15999984741211,28.309999465942383,28.1200008392334,28.229999542236328,18708,0.0,0.0
2023-09-15 12:30:00-04:00,28.219999313354492,28.299999237060547,27.940000534057617,28.05500030517578,27396,0.0,0.0
2023-09-15 13:30:00-04:00,28.0,28.190000534057617,27.8700008392334,28.170000076293945,24646,0.0,0.0
2023-09-15 14:30:00-04:00,28.170000076293945,28.399999618530273,28.100000381469727,28.270000457763672,32646,0.0,0.0
2023-09-15 15:30:00-04:00,28.290000915527344,28.610000610351562,28.239999771118164,28.549999237060547,80869,0.0,0.0
2023-09-18 09:30:00-04:00,28.559999465942383,28.559999465942383,28.360000610351562,28.489999771118164,22208,0.0,0.0
2023-09-18 10:30:00-04:00,28.420000076293945,28.420000076293945,28.100000381469727,28.219999313354492,8974,0.0,0.0
2023-09-18 11:30:00-04:00,28.229999542236328,28.43000030517578,28.18000030517578,28.389999389648438,20670,0.0,0.0
2023-09-18 12:30:00-04:00,28.3700008392334,28.520000457763672,28.079999923706055,28.107200622558594,33312,0.0,0.0
2023-09-18 13:30:00-04:00,28.138999938964844,28.15999984741211,28.059999465942383,28.09000015258789,7980,0.0,0.0
2023-09-18 14:30:00-04:00,28.139999389648438,28.280000686645508,28.100000381469727,28.1299991607666,14886,0.0,0.0
2023-09-18 15:30:00-04:00,28.1200008392334,28.149999618530273,27.899999618530273,27.90999984741211,31346,0.0,0.0
2023-09-19 09:30:00-04:00,27.809999465942383,28.209999084472656,27.510000228881836,27.510000228881836,13778,0.0,0.0
2023-09-19 10:30:00-04:00,27.459999084472656,27.5,27.31999969482422,27.417800903320312,6340,0.0,0.0
2023-09-19 11:30:00-04:00,27.399999618530273,27.520000457763672,27.3799991607666,27.3799991607666,8206,0.0,0.0
2023-09-19 12:30:00-04:00,27.290000915527344,27.489999771118164,27.260000228881836,27.489999771118164,6324,0.0,0.0
2023-09-19 13:30:00-04:00,27.5,27.600000381469727,27.479999542236328,27.510000228881836,9327,0.0,0.0
2023-09-19 14:30:00-04:00,27.510000228881836,27.559999465942383,27.450000762939453,27.450000762939453,7316,0.0,0.0
2023-09-19 15:30:00-04:00,27.450000762939453,27.450000762939453,27.34000015258789,27.389999389648438,27256,0.0,0.0
2023-09-20 09:30:00-04:00,27.559999465942383,27.700000762939453,27.3700008392334,27.3700008392334,6390,0.0,0.0
2023-09-20 10:30:00-04:00,27.360000610351562,27.459999084472656,27.209999084472656,27.239999771118164,10966,0.0,0.0
2023-09-20 11:30:00-04:00,27.264799118041992,27.299999237060547,27.190000534057617,27.2450008392334,9343,0.0,0.0
2023-09-20 12:30:00-04:00,27.225500106811523,27.270000457763672,27.225500106811523,27.2450008392334,6785,0.0,0.0
2023-09-20 13:30:00-04:00,27.2450008392334,27.36210060119629,27.165000915527344,27.200000762939453,13900,0.0,0.0
2023-09-20 14:30:00-04:00,27.190000534057617,27.239999771118164,27.010000228881836,27.059999465942383,15366,0.0,0.0
2023-09-20 15:30:00-04:00,27.079999923706055,27.09000015258789,26.829999923706055,26.889999389648438,27292,0.0,0.0
2023-09-21 09:30:00-04:00,26.979999542236328,27.674299240112305,26.8799991607666,27.579999923706055,24533,0.0,0.0
2023-09-21 10:30:00-04:00,27.584999084472656,27.6299991607666,27.479999542236328,27.489999771118164,7699,0.0,0.0
2023-09-21 11:30:00-04:00,27.451000213623047,27.594999313354492,27.451000213623047,27.559999465942383,11399,0.0,0.0
2023-09-21 12:30:00-04:00,27.549999237060547,27.709999084472656,27.479999542236328,27.700000762939453,16461,0.0,0.0
2023-09-21 13:30:00-04:00,27.719999313354492,27.844999313354492,27.700000762939453,27.709999084472656,9456,0.0,0.0
2023-09-21 14:30:00-04:00,27.649999618530273,27.84000015258789,27.610000610351562,27.649999618530273,21549,0.0,0.0
2023-09-21 15:30:00-04:00,27.649999618530273,27.684999465942383,27.489999771118164,27.520000457763672,32705,0.0,0.0
2023-09-22 09:30:00-04:00,27.549999237060547,27.549999237060547,27.110000610351562,27.184999465942383,8490,0.0,0.0
2023-09-22 10:30:00-04:00,27.219999313354492,27.219999313354492,26.989999771118164,27.010000228881836,12250,0.0,0.0
2023-09-22 11:30:00-04:00,27.05500030517578,27.139999389648438,26.90999984741211,27.010000228881836,9714,0.0,0.0
2023-09-22 12:30:00-04:00,26.969999313354492,27.049999237060547,26.854999542236328,26.8700008392334,5887,0.0,0.0
2023-09-22 13:30:00-04:00,26.78499984741211,26.950000762939453,26.7549991607666,26.81999969482422,11568,0.0,0.0
2023-09-22 14:30:00-04:00,26.834999084472656,26.834999084472656,26.704999923706055,26.729999542236328,11611,0.0,0.0
2023-09-22 15:30:00-04:00,26.709999084472656,26.739999771118164,26.479999542236328,26.489999771118164,32242,0.0,0.0
2023-09-25 09:30:00-04:00,26.469999313354492,27.85810089111328,26.360000610351562,26.760000228881836,12701,0.0,0.0
2023-09-25 10:30:00-04:00,26.68000030517578,26.709999084472656,26.559999465942383,26.684999465942383,6713,0.0,0.0
2023-09-25 11:30:00-04:00,26.645000457763672,26.649999618530273,26.41469955444336,26.6200008392334,10861,0.0,0.0
2023-09-25 12:30:00-04:00,26.670000076293945,26.68000030517578,26.329999923706055,26.329999923706055,7139,0.0,0.0
2023-09-25 13:30:00-04:00,26.30109977722168,26.459999084472656,26.299999237060547,26.399999618530273,10950,0.0,0.0
2023-09-25 14:30:00-04:00,26.36680030822754,26.450000762939453,26.260000228881836,26.329999923706055,11538,0.0,0.0
2023-09-25 15:30:00-04:00,26.325000762939453,26.450000762939453,26.229999542236328,26.309999465942383,27503,0.0,0.0
2023-09-26 09:30:00-04:00,26.149999618530273,26.34000015258789,26.0,26.041900634765625,13388,0.0,0.0
2023-09-26 10:30:00-04:00,26.0,26.170000076293945,26.0,26.049999237060547,12213,0.0,0.0
2023-09-26 11:30:00-04:00,26.03260040283203,26.155000686645508,26.016300201416016,26.155000686645508,7006,0.0,0.0
2023-09-26 12:30:00-04:00,26.100000381469727,26.1200008392334,25.989999771118164,26.040000915527344,13829,0.0,0.0
2023-09-26 13:30:00-04:00,26.06999969482422,26.06999969482422,26.0,26.010000228881836,9425,0.0,0.0
2023-09-26 14:30:00-04:00,26.030000686645508,26.15999984741211,25.969999313354492,25.989999771118164,13030,0.0,0.0
2023-09-26 15:30:00-04:00,25.950000762939453,26.040000915527344,25.899999618530273,25.950000762939453,34648,0.0,0.0
2023-09-27 09:30:00-04:00,25.93000030517578,26.270000457763672,25.920000076293945,26.135000228881836,11847,0.0,0.0
2023-09-27 10:30:00-04:00,26.1299991607666,26.197900772094727,25.920000076293945,25.938600540161133,7063,0.0,0.0
2023-09-27 11:30:00-04:00,25.959999084472656,25.959999084472656,25.459999084472656,25.459999084472656,9247,0.0,0.0
2023-09-27 12:30:00-04:00,25.51759910583496,25.579999923706055,25.280000686645508,25.280000686645508,6429,0.0,0.0
2023-09-27 13:30:00-04:00,25.25,25.459999084472656,25.25,25.459999084472656,7394,0.0,0.0
2023-09-27 14:30:00-04:00,25.5,25.514999389648438,25.31999969482422,25.3799991607666,15241,0.0,0.0
2023-09-27 15:30:00-04:00,25.3700008392334,25.420000076293945,25.309999465942383,25.360000610351562,29960,0.0,0.0
2023-09-28 09:30:00-04:00,25.420000076293945,25.579999923706055,25.149999618530273,25.424999237060547,16308,0.0,0.0
2023-09-28 10:30:00-04:00,25.479999542236328,25.790000915527344,25.440000534057617,25.747499465942383,25329,0.0,0.0
2023-09-28 11:30:00-04:00,25.670000076293945,25.670000076293945,25.549999237060547,25.56999969482422,15586,0.0,0.0
2023-09-28 12:30:00-04:00,25.56999969482422,25.600000381469727,25.270000457763672,25.299999237060547,7822,0.0,0.0
2023-09-28 13:30:00-04:00,25.299999237060547,25.5,25.299999237060547,25.43000030517578,9229,0.0,0.0
2023-09-28 14:30:00-04:00,25.434999465942383,25.440000534057617,25.31999969482422,25.40999984741211,15181,0.0,0.0
2023-09-28 15:30:00-04:00,25.385000228881836,25.385000228881836,25.040000915527344,25.170000076293945,41956,0.0,0.0
2023-09-29 09:30:00-04:00,25.290000915527344,25.299999237060547,25.09000015258789,25.18000030517578,5715,0.0,0.0
2023-09-29 10:30:00-04:00,25.229999542236328,25.445899963378906,25.17530059814453,25.280000686645508,8820,0.0,0.0
2023-09-29 11:30:00-04:00,25.25,25.45989990234375,25.229999542236328,25.290000915527344,5963,0.0,0.0
2023-09-29 12:30:00-04:00,25.25,25.260000228881836,25.209999084472656,25.209999084472656,3904,0.0,0.0
2023-09-29 13:30:00-04:00,25.270000457763672,25.399999618530273,25.260000228881836,25.34000015258789,6709,0.0,0.0
2023-09-29 14:30:00-04:00,25.350000381469727,25.510000228881836,25.31999969482422,25.469999313354492,17786,0.0,0.0
2023-09-29 15:30:00-04:00,25.40999984741211,25.40999984741211,25.200000762939453,25.219999313354492,21266,0.0,0.0
2023-10-02 09:30:00-04:00,25.040000915527344,25.040000915527344,24.469999313354492,24.655000686645508,17168,0.0,0.0
2023-10-02 10:30:00-04:00,24.670000076293945,24.879899978637695,24.600000381469727,24.849899291992188,8923,0.0,0.0
2023-10-02 11:30:00-04:00,24.81999969482422,24.8799991607666,24.709999084472656,24.809999465942383,7954,0.0,0.0
2023-10-02 12:30:00-04:00,24.78499984741211,25.049999237060547,24.760000228881836,24.90999984741211,11744,0.0,0.0
2023-10-02 13:30:00-04:00,24.895000457763672,25.014999389648438,24.809999465942383,24.93000030517578,14357,0.0,0.0
2023-10-02 14:30:00-04:00,24.93000030517578,24.940000534057617,24.739999771118164,24.739999771118164,15938,0.0,0.0
2023-10-02 15:30:00-04:00,24.7450008392334,25.049999237060547,24.729999542236328,25.049999237060547,37343,0.0,0.0
2023-10-03 09:30:00-04:00,25.010000228881836,25.049999237060547,24.790000915527344,24.834999084472656,9678,0.0,0.0
2023-10-03 10:30:00-04:00,24.816999435424805,24.915000915527344,24.770000457763672,24.8700008392334,5008,0.0,0.0
2023-10-03 11:30:00-04:00,24.8799991607666,24.8799991607666,24.639999389648438,24.639999389648438,7158,0.0,0.0
2023-10-03 12:30:00-04:00,24.6299991607666,24.65999984741211,24.526599884033203,24.65999984741211,8545,0.0,0.0
2023-10-03 13:30:00-04:00,24.68000030517578,24.690000534057617,24.469999313354492,24.6200008392334,16494,0.0,0.0
2023-10-03 14:30:00-04:00,24.594999313354492,24.594999313354492,24.475000381469727,24.530000686645508,11105,0.0,0.0
2023-10-03 15:30:00-04:00,24.479999542236328,24.479999542236328,24.299999237060547,24.40999984741211,33187,0.0,0.0
2023-10-04 09:30:00-04:00,24.530000686645508,24.530000686645508,23.764999389648438,23.8174991607666,20382,0.0,0.0
2023-10-04 10:30:00-04:00,23.8700008392334,23.90999984741211,23.579999923706055,23.84000015258789,17339,0.0,0.0
2023-10-04 11:30:00-04:00,23.790000915527344,24.170000076293945,23.709999084472656,24.094999313354492,14748,0.0,0.0
2023-10-04 12:30:00-04:00,24.094999313354492,24.309999465942383,24.09000015258789,24.264999389648438,14469,0.0,0.0
2023-10-04 13:30:00-04:00,24.264999389648438,24.44499969482422,24.25200080871582,24.44499969482422,12686,0.0,0.0
2023-10-04 14:30:00-04:00,24.450000762939453,24.610000610351562,24.450000762939453,24.600000381469727,15589,0.0,0.0
2023-10-04 15:30:00-04:00,24.6200008392334,24.729999542236328,24.579999923706055,24.610000610351562,35874,0.0,0.0
2023-10-05 09:30:00-04:00,24.690000534057617,24.850000381469727,24.530099868774414,24.6200008392334,9677,0.0,0.0
2023-10-05 10:30:00-04:00,24.5,24.5,24.040000915527344,24.3700008392334,28220,0.0,0.0
2023-10-05 11:30:00-04:00,24.31999969482422,24.510000228881836,24.209999084472656,24.510000228881836,14813,0.0,0.0
2023-10-05 12:30:00-04:00,24.510000228881836,24.510000228881836,24.329999923706055,24.344999313354492,13751,0.0,0.0
2023-10-05 13:30:00-04:00,24.299999237060547,24.520000457763672,24.299999237060547,24.4950008392334,11643,0.0,0.0
2023-10-05 14:30:00-04:00,24.520000457763672,24.8799991607666,24.5049991607666,24.8799991607666,42443,0.0,0.0
2023-10-05 15:30:00-04:00,24.889999389648438,25.010000228881836,24.780000686645508,24.979999542236328,59895,0.0,0.0
2023-10-06 09:30:00-04:00,24.75,24.920000076293945,24.510000228881836,24.920000076293945,10384,0.0,0.0
2023-10-06 10:30:00-04:00,24.915000915527344,25.040000915527344,24.826499938964844,24.920000076293945,11715,0.0,0.0
2023-10-06 11:30:00-04:00,24.979999542236328,25.309999465942383,24.979999542236328,25.219999313354492,8280,0.0,0.0
2023-10-06 12:30:00-04:00,25.1200008392334,25.25,25.09000015258789,25.190000534057617,8073,0.0,0.0
2023-10-06 13:30:00-04:00,25.200000762939453,25.360000610351562,25.190000534057617,25.360000610351562,10454,0.0,0.0
2023-10-06 14:30:00-04:00,25.3700008392334,25.559999465942383,25.1299991607666,25.270000457763672,34207,0.0,0.0
2023-10-06 15:30:00-04:00,25.270000457763672,25.3799991607666,25.239999771118164,25.360000610351562,36097,0.0,0.0
2023-10-09 09:30:00-04:00,25.239999771118164,25.739999771118164,25.239999771118164,25.540000915527344,18280,0.0,0.0
2023-10-09 10:30:00-04:00,25.530000686645508,25.760000228881836,25.329999923706055,25.559999465942383,18729,0.0,0.0
2023-10-09 11:30:00-04:00,25.559999465942383,25.729999542236328,25.528900146484375,25.610000610351562,17016,0.0,0.0
2023-10-09 12:30:00-04:00,25.56999969482422,25.719999313354492,25.549999237060547,25.709999084472656,29611,0.0,0.0
2023-10-09 13:30:00-04:00,25.770000457763672,25.940000534057617,25.65999984741211,25.702499389648438,28418,0.0,0.0
2023-10-09 14:30:00-04:00,25.739999771118164,25.75,25.59000015258789,25.625,27418,0.0,0.0
2023-10-09 15:30:00-04:00,25.610000610351562,25.635000228881836,25.3700008392334,25.420000076293945,41448,0.0,0.0
2023-10-10 09:30:00-04:00,25.6299991607666,26.06999969482422,25.140100479125977,25.739999771118164,26771,0.0,0.0
2023-10-10 10:30:00-04:00,25.75,25.822099685668945,25.639999389648438,25.729999542236328,13020,0.0,0.0
2023-10-10 11:30:00-04:00,25.790000915527344,25.790000915527344,25.479999542236328,25.479999542236328,23258,0.0,0.0
2023-10-10 12:30:00-04:00,25.56999969482422,25.860000610351562,25.450000762939453,25.860000610351562,21622,0.0,0.0
2023-10-10 13:30:00-04:00,25.8700008392334,26.0,25.8700008392334,25.979999542236328,8381,0.0,0.0
2023-10-10 14:30:00-04:00,26.020000457763672,26.110000610351562,25.924999237060547,26.010000228881836,14520,0.0,0.0
2023-10-10 15:30:00-04:00,26.030000686645508,26.229999542236328,26.030000686645508,26.229999542236328,39816,0.0,0.0
2023-10-11 09:30:00-04:00,26.280000686645508,26.530000686645508,26.123699188232422,26.309999465942383,13355,0.0,0.0
2023-10-11 10:30:00-04:00,26.139999389648438,26.260000228881836,26.030000686645508,26.030000686645508,9326,0.0,0.0
2023-10-11 11:30:00-04:00,26.100000381469727,26.15999984741211,25.979999542236328,25.979999542236328,3320,0.0,0.0
2023-10-11 12:30:00-04:00,26.0,26.170000076293945,25.979999542236328,26.135000228881836,8183,0.0,0.0
2023-10-11 13:30:00-04:00,26.135000228881836,26.18000030517578,26.010000228881836,26.075000762939453,8005,0.0,0.0
2023-10-11 14:30:00-04:00,26.100000381469727,26.100000381469727,25.790000915527344,25.799999237060547,8308,0.0,0.0
2023-10-11 15:30:00-04:00,25.809999465942383,26.040000915527344,25.760000228881836,25.93000030517578,29434,0.0,0.0
2023-10-12 09:30:00-04:00,25.739999771118164,26.5,24.81999969482422,24.93000030517578,21691,0.0,0.0
2023-10-12 10:30:00-04:00,24.949899673461914,24.975000381469727,24.80500030517578,24.919200897216797,10181,0.0,0.0
2023-10-12 11:30:00-04:00,25.020000457763672,25.094999313354492,24.84000015258789,25.094999313354492,13912,0.0,0.0
2023-10-12 12:30:00-04:00,25.1200008392334,25.31999969482422,25.06999969482422,25.079999923706055,19915,0.0,0.0
2023-10-12 13:30:00-04:00,25.06999969482422,25.18000030517578,24.719999313354492,24.8799991607666,17363,0.0,0.0
2023-10-12 14:30:00-04:00,24.90999984741211,24.90999984741211,24.690000534057617,24.780000686645508,22689,0.0,0.0
2023-10-12 15:30:00-04:00,24.790000915527344,25.0,24.790000915527344,24.940000534057617,25119,0.0,0.0
2023-10-13 09:30:00-04:00,25.010000228881836,25.010000228881836,24.420000076293945,24.46269989013672,8653,0.0,0.0
2023-10-13 10:30:00-04:00,24.43720054626465,24.56999969482422,24.31999969482422,24.56999969482422,6276,0.0,0.0
2023-10-13 11:30:00-04:00,24.579999923706055,24.690000534057617,24.43000030517578,24.690000534057617,10917,0.0,0.0
2023-10-13 12:30:00-04:00,24.690000534057617,24.739999771118164,24.559999465942383,24.614999771118164,5366,0.0,0.0
2023-10-13 13:30:00-04:00,24.56999969482422,24.739999771118164,24.549999237060547,24.549999237060547,9171,0.0,0.0
2023-10-13 14:30:00-04:00,24.639999389648438,24.670000076293945,24.440000534057617,24.595500946044922,13260,0.0,0.0
2023-10-13 15:30:00-04:00,24.600000381469727,24.690000534057617,24.540000915527344,24.59000015258789,33850,0.0,0.0
2023-10-16 09:30:00-04:00,24.610000610351562,25.149999618530273,24.610000610351562,25.059999465942383,38657,0.0,0.0
2023-10-16 10:30:00-04:00,25.01099967956543,25.434999465942383,25.01099967956543,25.1200008392334,13203,0.0,0.0
2023-10-16 11:30:00-04:00,25.135000228881836,25.440000534057617,25.120100021362305,25.3799991607666,8189,0.0,0.0
2023-10-16 12:30:00-04:00,25.389999389648438,25.59000015258789,25.329999923706055,25.37380027770996,16526,0.0,0.0
2023-10-16 13:30:00-04:00,25.469999313354492,25.600000381469727,25.450000762939453,25.56999969482422,8410,0.0,0.0
2023-10-16 14:30:00-04:00,25.56279945373535,25.579999923706055,25.290000915527344,25.290000915527344,13892,0.0,0.0
2023-10-16 15:30:00-04:00,25.31999969482422,25.549999237060547,25.280000686645508,25.280000686645508,30961,0.0,0.0
2023-10-17 09:30:00-04:00,25.25,26.010000228881836,25.2450008392334,25.829999923706055,14100,0.0,0.0
2023-10-17 10:30:00-04:00,25.811899185180664,25.829999923706055,25.65999984741211,25.81999969482422,11143,0.0,0.0
2023-10-17 11:30:00-04:00,25.868000030517578,26.020000457763672,25.868000030517578,25.940000534057617,5898,0.0,0.0
2023-10-17 12:30:00-04:00,25.954999923706055,25.954999923706055,25.729999542236328,25.8700008392334,15258,0.0,0.0
2023-10-17 13:30:00-04:00,25.799999237060547,25.81999969482422,25.729999542236328,25.795000076293945,7393,0.0,0.0
2023-10-17 14:30:00-04:00,25.84000015258789,25.84000015258789,25.674999237060547,25.709999084472656,14819,0.0,0.0
2023-10-17 15:30:00-04:00,25.72249984741211,25.940000534057617,25.709999084472656,25.940000534057617,26592,0.0,0.0
2023-10-18 09:30:00-04:00,25.920000076293945,26.049999237060547,25.68000030517578,26.030000686645508,11872,0.0,0.0
2023-10-18 10:30:00-04:00,26.1200008392334,26.5,26.1200008392334,26.5,9243,0.0,0.0
2023-10-18 11:30:00-04:00,26.489999771118164,26.639999389648438,26.43000030517578,26.569900512695312,9331,0.0,0.0
2023-10-18 12:30:00-04:00,26.639999389648438,26.809999465942383,26.549999237060547,26.6200008392334,7468,0.0,0.0
2023-10-18 13:30:00-04:00,26.555999755859375,26.729999542236328,26.526599884033203,26.700000762939453,8700,0.0,0.0
2023-10-18 14:30:00-04:00,26.670000076293945,26.93000030517578,26.670000076293945,26.84000015258789,14010,0.0,0.0
2023-10-18 15:30:00-04:00,26.799999237060547,26.93000030517578,26.760000228881836,26.840999603271484,29109,0.0,0.0
2023-10-19 09:30:00-04:00,26.690000534057617,26.989999771118164,26.079999923706055,26.719999313354492,5335,0.0,0.0
2023-10-19 10:30:00-04:00,26.799999237060547,26.889999389648438,26.729999542236328,26.8700008392334,7726,0.0,0.0
2023-10-19 11:30:00-04:00,26.8799991607666,27.1200008392334,26.8799991607666,26.9950008392334,7203,0.0,0.0
2023-10-19 12:30:00-04:00,26.989999771118164,27.15999984741211,26.924999237060547,27.079999923706055,5212,0.0,0.0
2023-10-19 13:30:00-04:00,27.079999923706055,27.079999923706055,26.440000534057617,26.440000534057617,15203,0.0,0.0
2023-10-19 14:30:00-04:00,26.389999389648438,26.579999923706055,26.299999237060547,26.520000457763672,14885,0.0,0.0
2023-10-19 15:30:00-04:00,26.520000457763672,26.579999923706055,26.450000762939453,26.5,21926,0.0,0.0
2023-10-20 09:30:00-04:00,26.600000381469727,26.600000381469727,26.079999923706055,26.15999984741211,9386,0.0,0.0
2023-10-20 10:30:00-04:00,26.184999465942383,26.329999923706055,26.079999923706055,26.1299991607666,5298,0.0,0.0
2023-10-20 11:30:00-04:00,26.06999969482422,26.149999618530273,25.834999084472656,25.889999389648438,7967,0.0,0.0
2023-10-20 12:30:00-04:00,25.940000534057617,26.06999969482422,25.899999618530273,25.920000076293945,3576,0.0,0.0
2023-10-20 13:30:00-04:00,25.8700008392334,25.8799991607666,25.770000457763672,25.790000915527344,6389,0.0,0.0
2023-10-20 14:30:00-04:00,25.81999969482422,25.84000015258789,25.700000762939453,25.709999084472656,3962,0.0,0.0
2023-10-20 15:30:00-04:00,25.719999313354492,25.719999313354492,25.450000762939453,25.459999084472656,17959,0.0,0.0
2023-10-23 09:30:00-04:00,25.280000686645508,25.43000030517578,25.094100952148438,25.385000228881836,4542,0.0,0.0
2023-10-23 10:30:00-04:00,25.329999923706055,25.729900360107422,25.315000534057617,25.729900360107422,5030,0.0,0.0
2023-10-23 11:30:00-04:00,25.610000610351562,25.690000534057617,25.329999923706055,25.43000030517578,13896,0.0,0.0
2023-10-23 12:30:00-04:00,25.385000228881836,25.56999969482422,25.34000015258789,25.520000457763672,9481,0.0,0.0
2023-10-23 13:30:00-04:00,25.489999771118164,25.559999465942383,25.309999465942383,25.399999618530273,7487,0.0,0.0
2023-10-23 14:30:00-04:00,25.34000015258789,25.5,25.09000015258789,25.09000015258789,9716,0.0,0.0
2023-10-23 15:30:00-04:00,25.09000015258789,25.149999618530273,25.0,25.05500030517578,28175,0.0,0.0
2023-10-24 09:30:00-04:00,25.399999618530273,25.469999313354492,25.309999465942383,25.395000457763672,3316,0.0,0.0
2023-10-24 10:30:00-04:00,25.389999389648438,25.389999389648438,25.299999237060547,25.299999237060547,1996,0.0,0.0
2023-10-24 11:30:00-04:00,25.18000030517578,25.280000686645508,25.149999618530273,25.149999618530273,3004,0.0,0.0
2023-10-24 12:30:00-04:00,25.190000534057617,25.270000457763672,25.149999618530273,25.270000457763672,4486,0.0,0.0
2023-10-24 13:30:00-04:00,25.270099639892578,25.350000381469727,25.219999313354492,25.219999313354492,4218,0.0,0.0
2023-10-24 14:30:00-04:00,25.25,25.31999969482422,25.200000762939453,25.219999313354492,6772,0.0,0.0
2023-10-24 15:30:00-04:00,25.239999771118164,25.25,25.100000381469727,25.149999618530273,22235,0.0,0.0
2023-10-25 09:30:00-04:00,25.0,25.030000686645508,24.959999084472656,24.997499465942383,4621,0.0,0.0
2023-10-25 10:30:00-04:00,25.030000686645508,25.3799991607666,25.030000686645508,25.200000762939453,6606,0.0,0.0
2023-10-25 11:30:00-04:00,25.190000534057617,25.350000381469727,25.174999237060547,25.350000381469727,1823,0.0,0.0
2023-10-25 12:30:00-04:00,25.260000228881836,25.260000228881836,25.15999984741211,25.235000610351562,2950,0.0,0.0
2023-10-25 13:30:00-04:00,25.25,25.44499969482422,25.25,25.399999618530273,3467,0.0,0.0
2023-10-25 14:30:00-04:00,25.399999618530273,25.6200008392334,25.34000015258789,25.530000686645508,14405,0.0,0.0
2023-10-25 15:30:00-04:00,25.559999465942383,25.610000610351562,25.520000457763672,25.579999923706055,13868,0.0,0.0
2023-10-26 09:30:00-04:00,25.59000015258789,25.899999618530273,25.56999969482422,25.700000762939453,8481,0.0,0.0
2023-10-26 10:30:00-04:00,25.799999237060547,26.03499984741211,25.780000686645508,25.979999542236328,5114,0.0,0.0
2023-10-26 11:30:00-04:00,25.975000381469727,26.31999969482422,25.950000762939453,26.03499984741211,6684,0.0,0.0
2023-10-26 12:30:00-04:00,26.05739974975586,26.190000534057617,26.0,26.05030059814453,9019,0.0,0.0
2023-10-26 13:30:00-04:00,26.059999465942383,26.170000076293945,25.969999313354492,26.170000076293945,5222,0.0,0.0
2023-10-26 14:30:00-04:00,26.200000762939453,26.309999465942383,26.059999465942383,26.18000030517578,10697,0.0,0.0
2023-10-26 15:30:00-04:00,26.125,26.260000228881836,26.125,26.200000762939453,12284,0.0,0.0
2023-10-27 09:30:00-04:00,26.079999923706055,26.190000534057617,25.889999389648438,26.08009910583496,5599,0.0,0.0
2023-10-27 10:30:00-04:00,26.09000015258789,26.270000457763672,25.975000381469727,25.975000381469727,6242,0.0,0.0
2023-10-27 11:30:00-04:00,26.010000228881836,26.010000228881836,25.770000457763672,25.770000457763672,4315,0.0,0.0
2023-10-27 12:30:00-04:00,25.809999465942383,25.897499084472656,25.709999084472656,25.709999084472656,3363,0.0,0.0
2023-10-27 13:30:00-04:00,25.700000762939453,25.780000686645508,25.65999984741211,25.65999984741211,3423,0.0,0.0
2023-10-27 14:30:00-04:00,25.68000030517578,25.697599411010742,25.579999923706055,25.6200008392334,3822,0.0,0.0
2023-10-27 15:30:00-04:00,25.6200008392334,25.649999618530273,25.56999969482422,25.649999618530273,9067,0.0,0.0
2023-10-30 09:30:00-04:00,25.940000534057617,25.99169921875,25.600000381469727,25.764999389648438,5424,0.0,0.0
2023-10-30 10:30:00-04:00,25.764999389648438,25.764999389648438,25.590099334716797,25.590099334716797,1473,0.0,0.0
2023-10-30 11:30:00-04:00,25.670000076293945,25.670000076293945,25.579999923706055,25.653099060058594,3261,0.0,0.0
2023-10-30 12:30:00-04:00,25.579999923706055,25.584999084472656,25.380800247192383,25.43000030517578,3653,0.0,0.0
2023-10-30 13:30:00-04:00,25.489999771118164,25.600000381469727,25.3700008392334,25.600000381469727,5486,0.0,0.0
2023-10-30 14:30:00-04:00,25.600000381469727,25.825000762939453,25.600000381469727,25.780000686645508,5506,0.0,0.0
2023-10-30 15:30:00-04:00,25.75,25.75,25.610000610351562,25.68000030517578,6166,0.0,0.0
2023-10-31 09:30:00-04:00,25.709999084472656,25.709999084472656,25.239999771118164,25.450000762939453,7917,0.0,0.0
2023-10-31 10:30:00-04:00,25.43000030517578,25.530000686645508,25.299999237060547,25.530000686645508,4620,0.0,0.0
2023-10-31 11:30:00-04:00,25.500900268554688,25.53499984741211,25.18000030517578,25.18000030517578,7140,0.0,0.0
2023-10-31 12:30:00-04:00,25.299999237060547,25.350000381469727,25.200000762939453,25.350000381469727,3733,0.0,0.0
2023-10-31 13:30:00-04:00,25.329999923706055,25.520000457763672,25.329999923706055,25.520000457763672,2436,0.0,0.0
2023-10-31 14:30:00-04:00,25.43000030517578,25.5,25.329999923706055,25.329999923706055,3150,0.0,0.0
2023-10-31 15:30:00-04:00,25.329999923706055,25.3700008392334,25.239999771118164,25.350000381469727,18076,0.0,0.0
2023-11-01 09:30:00-04:00,25.15999984741211,25.15999984741211,24.829999923706055,24.979999542236328,9196,0.0,0.0
2023-11-01 10:30:00-04:00,24.979999542236328,24.979999542236328,24.600000381469727,24.600000381469727,11405,0.0,0.0
2023-11-01 11:30:00-04:00,24.770000457763672,24.809999465942383,24.71109962463379,24.809999465942383,4719,0.0,0.0
2023-11-01 12:30:00-04:00,24.790000915527344,24.815000534057617,24.65999984741211,24.65999984741211,5442,0.0,0.0
2023-11-01 13:30:00-04:00,24.610000610351562,24.6200008392334,24.270000457763672,24.3700008392334,26038,0.0,0.0
2023-11-01 14:30:00-04:00,24.3799991607666,24.40999984741211,24.209999084472656,24.239999771118164,33388,0.0,0.0
2023-11-01 15:30:00-04:00,24.239999771118164,24.510000228881836,24.219999313354492,24.329999923706055,41855,0.0,0.0
2023-11-02 09:30:00-04:00,24.56999969482422,25.14940071105957,24.260000228881836,25.05500030517578,10412,0.0,0.0
2023-11-02 10:30:00-04:00,25.049999237060547,25.05500030517578,24.809999465942383,24.864999771118164,7416,0.0,0.0
2023-11-02 11:30:00-04:00,24.81999969482422,24.81999969482422,24.530000686645508,24.565000534057617,6349,0.0,0.0
2023-11-02 12:30:00-04:00,24.591999053955078,24.969999313354492,24.530000686645508,24.8700008392334,7258,0.0,0.0
2023-11-02 13:30:00-04:00,24.829999923706055,24.940000534057617,24.780000686645508,24.780000686645508,3962,0.0,0.0
2023-11-02 14:30:00-04:00,24.780000686645508,24.790000915527344,24.579999923706055,24.690000534057617,13048,0.0,0.0
2023-11-02 15:30:00-04:00,24.729999542236328,24.829999923706055,24.68000030517578,24.69499969482422,21284,0.0,0.0
2023-11-03 09:30:00-04:00,25.049999237060547,25.530000686645508,24.610000610351562,25.479999542236328,22620,0.0,0.0
2023-11-03 10:30:00-04:00,25.514999389648438,25.514999389648438,25.049999237060547,25.049999237060547,9293,0.0,0.0
2023-11-03 11:30:00-04:00,25.079999923706055,25.3700008392334,25.06999969482422,25.309999465942383,16213,0.0,0.0
2023-11-03 12:30:00-04:00,25.260000228881836,25.31999969482422,25.100000381469727,25.239999771118164,4805,0.0,0.0
2023-11-03 13:30:00-04:00,25.260000228881836,25.280000686645508,25.190000534057617,25.209999084472656,6538,0.0,0.0
2023-11-03 14:30:00-04:00,25.200000762939453,25.295000076293945,25.149999618530273,25.149999618530273,10427,0.0,0.0
2023-11-03 15:30:00-04:00,25.11009979248047,25.15999984741211,25.079999923706055,25.079999923706055,16171,0.0,0.0
2023-11-06 09:30:00-05:00,25.260000228881836,25.579999923706055,24.8799991607666,25.219999313354492,5522,0.0,0.0
2023-11-06 10:30:00-05:00,25.110000610351562,25.270000457763672,25.110000610351562,25.270000457763672,2164,0.0,0.0
2023-11-06 11:30:00-05:00,25.209999084472656,25.239999771118164,25.040000915527344,25.059999465942383,5113,0.0,0.0
2023-11-06 12:30:00-05:00,25.079999923706055,25.290000915527344,25.065000534057617,25.079999923706055,5695,0.0,0.0
2023-11-06 13:30:00-05:00,25.139999389648438,25.31170082092285,25.139999389648438,25.214399337768555,7776,0.0,0.0
2023-11-06 14:30:00-05:00,25.25,25.40999984741211,25.25,25.329999923706055,5619,0.0,0.0
2023-11-06 15:30:00-05:00,25.30500030517578,25.309999465942383,25.1299991607666,25.219999313354492,14376,0.0,0.0
2023-11-07 09:30:00-05:00,25.030000686645508,25.399999618530273,25.030000686645508,25.309999465942383,3199,0.0,0.0
2023-11-07 10:30:00-05:00,25.34000015258789,25.34000015258789,25.104999542236328,25.1299991607666,5637,0.0,0.0
2023-11-07 11:30:00-05:00,25.104999542236328,25.15999984741211,24.930099487304688,24.989999771118164,3332,0.0,0.0
2023-11-07 12:30:00-05:00,24.94499969482422,25.010000228881836,24.81999969482422,24.940000534057617,5122,0.0,0.0
2023-11-07 13:30:00-05:00,24.959999084472656,25.1299991607666,24.927400588989258,25.1299991607666,4569,0.0,0.0
2023-11-07 14:30:00-05:00,25.100000381469727,25.110000610351562,25.06999969482422,25.06999969482422,4246,0.0,0.0
2023-11-07 15:30:00-05:00,25.089799880981445,25.09000015258789,25.0,25.020000457763672,10278,0.0,0.0
2023-11-08 09:30:00-05:00,25.010000228881836,25.010000228881836,24.674999237060547,24.7549991607666,2449,0.0,0.0
2023-11-08 10:30:00-05:00,24.749000549316406,24.749000549316406,24.360000610351562,24.3799991607666,13777,0.0,0.0
2023-11-08 11:30:00-05:00,24.3700008392334,24.459999084472656,24.34000015258789,24.3799991607666,3797,0.0,0.0
2023-11-08 12:30:00-05:00,24.34000015258789,24.36989974975586,24.079999923706055,24.2549991607666,13761,0.0,0.0
2023-11-08 13:30:00-05:00,24.210899353027344,24.485000610351562,24.155000686645508,24.485000610351562,7135,0.0,0.0
2023-11-08 14:30:00-05:00,24.485000610351562,24.670000076293945,24.459999084472656,24.65999984741211,10406,0.0,0.0
2023-11-08 15:30:00-05:00,24.670000076293945,24.709999084472656,24.420000076293945,24.670000076293945,22280,0.0,0.0
2023-11-09 09:30:00-05:00,24.790000915527344,24.790000915527344,24.31999969482422,24.329999923706055,7972,0.0,0.0
2023-11-09 10:30:00-05:00,24.2450008392334,24.479999542236328,24.235000610351562,24.450000762939453,4992,0.0,0.0
2023-11-09 11:30:00-05:00,24.423599243164062,24.725000381469727,24.423599243164062,24.690000534057617,7151,0.0,0.0
2023-11-09 12:30:00-05:00,24.75,24.780000686645508,24.6299991607666,24.6299991607666,5406,0.0,0.0
2023-11-09 13:30:00-05:00,24.520000457763672,24.520000457763672,24.310100555419922,24.310100555419922,4350,0.0,0.0
2023-11-09 14:30:00-05:00,24.309999465942383,24.520000457763672,24.280000686645508,24.520000457763672,6323,0.0,0.0
2023-11-09 15:30:00-05:00,24.5,24.579999923706055,24.450000762939453,24.469999313354492,16544,0.0,0.0
2023-11-10 09:30:00-05:00,24.540000915527344,24.59000015258789,24.114999771118164,24.1200008392334,8583,0.0,0.0
2023-11-10 10:30:00-05:00,24.06999969482422,24.139999389648438,23.90679931640625,24.100000381469727,6590,0.0,0.0
2023-11-10 11:30:00-05:00,24.087299346923828,24.280000686645508,24.079999923706055,24.270000457763672,3914,0.0,0.0
2023-11-10 12:30:00-05:00,24.260000228881836,24.40999984741211,24.225000381469727,24.405000686645508,6756,0.0,0.0
2023-11-10 13:30:00-05:00,24.510000228881836,24.739999771118164,24.5,24.639999389648438,9341,0.0,0.0
2023-11-10 14:30:00-05:00,24.56999969482422,24.670000076293945,24.56999969482422,24.670000076293945,9735,0.0,0.0
2023-11-10 15:30:00-05:00,24.6299991607666,24.6299991607666,24.420000076293945,24.520000457763672,13679,0.0,0.0
2023-11-13 09:30:00-05:00,24.31999969482422,24.520000457763672,24.31999969482422,24.489999771118164,4215,0.0,0.0
2023-11-13 10:30:00-05:00,24.5,24.670000076293945,24.389999389648438,24.559999465942383,6958,0.0,0.0
2023-11-13 11:30:00-05:00,24.700000762939453,24.790000915527344,24.631200790405273,24.719999313354492,4100,0.0,0.0
2023-11-13 12:30:00-05:00,24.709999084472656,24.75,24.639999389648438,24.639999389648438,4852,0.0,0.0
2023-11-13 13:30:00-05:00,24.56999969482422,24.75,24.549999237060547,24.559999465942383,16289,0.0,0.0
2023-11-13 14:30:00-05:00,24.610000610351562,24.639999389648438,24.56999969482422,24.579999923706055,8310,0.0,0.0
2023-11-13 15:30:00-05:00,24.579999923706055,24.639999389648438,24.559999465942383,24.59000015258789,14623,0.0,0.0
2023-11-14 09:30:00-05:00,24.969999313354492,25.600000381469727,24.969999313354492,25.600000381469727,5792,0.0,0.0
2023-11-14 10:30:00-05:00,25.476999282836914,25.75,25.450000762939453,25.635299682617188,15820,0.0,0.0
2023-11-14 11:30:00-05:00,25.59000015258789,25.6299991607666,25.44499969482422,25.469999313354492,11278,0.0,0.0
2023-11-14 12:30:00-05:00,25.41860008239746,25.639999389648438,25.41860008239746,25.489999771118164,13434,0.0,0.0
2023-11-14 13:30:00-05:00,25.559999465942383,25.649999618530273,25.524999618530273,25.610000610351562,11318,0.0,0.0
2023-11-14 14:30:00-05:00,25.6299991607666,25.969999313354492,25.56999969482422,25.969999313354492,14195,0.0,0.0
2023-11-14 15:30:00-05:00,25.959999084472656,25.969999313354492,25.84000015258789,25.850000381469727,25734,0.0,0.0
2023-11-15 09:30:00-05:00,25.860000610351562,26.450000762939453,25.860000610351562,26.450000762939453,7425,0.0,0.0
2023-11-15 10:30:00-05:00,26.469999313354492,26.469999313354492,26.149999618530273,26.15999984741211,4843,0.0,0.0
2023-11-15 11:30:00-05:00,26.030000686645508,26.110000610351562,25.96310043334961,26.06999969482422,5912,0.0,0.0
2023-11-15 12:30:00-05:00,26.07699966430664,26.114999771118164,25.84000015258789,25.865999221801758,4268,0.0,0.0
2023-11-15 13:30:00-05:00,25.899999618530273,25.940000534057617,25.7549991607666,25.8700008392334,8780,0.0,0.0
2023-11-15 14:30:00-05:00,25.84000015258789,25.84000015258789,25.719999313354492,25.809999465942383,6879,0.0,0.0
2023-11-15 15:30:00-05:00,25.84000015258789,25.84000015258789,25.6200008392334,25.68000030517578,19087,0.0,0.0
2023-11-16 09:30:00-05:00,25.610000610351562,25.610000610351562,25.18000030517578,25.229999542236328,3115,0.0,0.0
2023-11-16 10:30:00-05:00,25.235000610351562,25.235000610351562,24.880399703979492,25.059999465942383,5671,0.0,0.0
2023-11-16 11:30:00-05:00,25.170000076293945,25.204999923706055,24.950000762939453,24.950000762939453,4289,0.0,0.0
2023-11-16 12:30:00-05:00,24.969999313354492,25.129100799560547,24.950000762939453,25.129100799560547,6183,0.0,0.0
2023-11-16 13:30:00-05:00,25.139999389648438,25.139999389648438,25.06999969482422,25.06999969482422,3057,0.0,0.0
2023-11-16 14:30:00-05:00,25.06999969482422,25.06999969482422,24.850000381469727,24.899999618530273,10013,0.0,0.0
2023-11-16 15:30:00-05:00,24.885000228881836,24.889999389648438,24.760000228881836,24.760000228881836,16746,0.0,0.0
2023-11-17 09:30:00-05:00,25.030000686645508,25.030000686645508,24.690000534057617,24.90999984741211,12721,0.0,0.0
2023-11-17 10:30:00-05:00,24.8799991607666,24.8799991607666,24.450000762939453,24.5,4819,0.0,0.0
2023-11-17 11:30:00-05:00,24.485000610351562,24.510400772094727,24.444299697875977,24.459999084472656,3415,0.0,0.0
2023-11-17 12:30:00-05:00,24.510000228881836,24.6200008392334,24.5,24.5,3973,0.0,0.0
2023-11-17 13:30:00-05:00,24.6200008392334,24.6200008392334,24.549999237060547,24.6200008392334,5545,0.0,0.0
2023-11-17 14:30:00-05:00,24.625,24.714000701904297,24.616899490356445,24.68000030517578,6338,0.0,0.0
2023-11-17 15:30:00-05:00,24.579999923706055,24.649900436401367,24.540000915527344,24.610000610351562,20063,0.0,0.0
2023-11-20 09:30:00-05:00,24.600000381469727,24.600000381469727,24.350000381469727,24.520000457763672,6478,0.0,0.0
2023-11-20 10:30:00-05:00,24.510000228881836,24.549999237060547,24.350000381469727,24.420000076293945,8565,0.0,0.0
2023-11-20 11:30:00-05:00,24.415000915527344,24.469999313354492,24.290000915527344,24.365100860595703,8090,0.0,0.0
2023-11-20 12:30:00-05:00,24.31599998474121,24.31599998474121,24.145000457763672,24.190000534057617,11416,0.0,0.0
2023-11-20 13:30:00-05:00,24.200000762939453,24.329999923706055,24.06999969482422,24.170000076293945,8459,0.0,0.0
2023-11-20 14:30:00-05:00,24.18000030517578,24.239999771118164,24.016000747680664,24.100000381469727,17085,0.0,0.0
2023-11-20 15:30:00-05:00,24.1299991607666,24.170000076293945,24.059999465942383,24.09000015258789,15770,0.0,0.0
2023-11-21 09:30:00-05:00,23.739999771118164,23.953800201416016,23.709999084472656,23.889999389648438,9051,0.0,0.0
2023-11-21 10:30:00-05:00,23.90999984741211,24.079999923706055,23.75,23.81209945678711,6894,0.0,0.0
2023-11-21 11:30:00-05:00,23.760000228881836,23.882200241088867,23.729999542236328,23.799999237060547,8114,0.0,0.0
2023-11-21 12:30:00-05:00,23.860000610351562,23.899999618530273,23.809999465942383,23.84000015258789,5438,0.0,0.0
2023-11-21 13:30:00-05:00,23.81999969482422,23.81999969482422,23.75,23.799999237060547,4311,0.0,0.0
2023-11-21 14:30:00-05:00,23.770000457763672,23.8341007232666,23.59000015258789,23.59000015258789,17666,0.0,0.0
2023-11-21 15:30:00-05:00,23.594999313354492,23.739999771118164,23.56999969482422,23.690000534057617,25731,0.0,0.0
2023-11-22 09:30:00-05:00,23.950000762939453,24.290000915527344,23.459999084472656,24.200000762939453,8587,0.0,0.0
2023-11-22 10:30:00-05:00,24.271799087524414,24.34000015258789,24.110000610351562,24.110000610351562,7467,0.0,0.0
2023-11-22 11:30:00-05:00,24.040000915527344,24.100000381469727,23.770000457763672,23.800100326538086,21604,0.0,0.0
2023-11-22 12:30:00-05:00,23.770000457763672,24.010000228881836,23.690000534057617,23.979000091552734,10191,0.0,0.0
2023-11-22 13:30:00-05:00,24.024999618530273,24.06999969482422,23.93000030517578,24.040000915527344,10546,0.0,0.0
2023-11-22 14:30:00-05:00,24.049999237060547,24.1299991607666,23.959999084472656,23.989999771118164,11943,0.0,0.0
2023-11-22 15:30:00-05:00,24.030000686645508,24.09000015258789,24.0,24.020000457763672,34101,0.0,0.0
2023-11-24 09:30:00-05:00,23.969999313354492,24.399999618530273,23.93000030517578,24.100000381469727,5968,0.0,0.0
2023-11-24 10:30:00-05:00,24.069000244140625,24.295000076293945,23.920000076293945,24.295000076293945,9574,0.0,0.0
2023-11-24 11:30:00-05:00,24.19499969482422,24.469999313354492,24.06999969482422,24.3700008392334,13556,0.0,0.0
2023-11-27 09:30:00-05:00,24.329999923706055,24.329999923706055,24.020000457763672,24.079999923706055,4691,0.0,0.0
2023-11-27 10:30:00-05:00,24.040000915527344,24.100000381469727,23.719999313354492,23.799999237060547,17286,0.0,0.0
2023-11-27 11:30:00-05:00,23.75,23.809999465942383,23.399999618530273,23.399999618530273,20330,0.0,0.0
2023-11-27 12:30:00-05:00,23.40999984741211,23.440000534057617,23.200000762939453,23.25,23494,0.0,0.0
2023-11-27 13:30:00-05:00,23.309999465942383,23.479999542236328,23.290000915527344,23.479999542236328,27735,0.0,0.0
2023-11-27 14:30:00-05:00,23.440000534057617,23.489999771118164,23.325000762939453,23.360000610351562,25279,0.0,0.0
2023-11-27 15:30:00-05:00,23.299999237060547,23.389999389648438,23.030000686645508,23.079999923706055,51432,0.0,0.0
2023-11-28 09:30:00-05:00,22.93000030517578,23.049999237060547,22.600000381469727,22.649999618530273,14984,0.0,0.0
2023-11-28 10:30:00-05:00,22.66320037841797,22.725000381469727,22.510000228881836,22.540000915527344,18295,0.0,0.0
2023-11-28 11:30:00-05:00,22.594999313354492,22.8700008392334,22.489999771118164,22.860000610351562,20069,0.0,0.0
2023-11-28 12:30:00-05:00,22.809999465942383,22.860000610351562,22.65999984741211,22.700000762939453,12829,0.0,0.0
2023-11-28 13:30:00-05:00,22.69099998474121,23.0,22.579999923706055,22.770000457763672,37840,0.0,0.0
2023-11-28 14:30:00-05:00,22.78499984741211,22.959999084472656,22.78499984741211,22.905000686645508,25470,0.0,0.0
2023-11-28 15:30:00-05:00,22.915000915527344,23.0,22.84000015258789,22.899999618530273,42627,0.0,0.0
2023-11-29 09:30:00-05:00,22.989999771118164,23.299999237060547,22.789499282836914,22.860000610351562,21236,0.0,0.0
2023-11-29 10:30:00-05:00,22.829999923706055,22.8799991607666,22.611000061035156,22.611000061035156,11140,0.0,0.0
2023-11-29 11:30:00-05:00,22.610000610351562,22.65999984741211,22.520000457763672,22.520000457763672,6508,0.0,0.0
2023-11-29 12:30:00-05:00,22.53499984741211,22.59000015258789,22.43000030517578,22.59000015258789,13828,0.0,0.0
2023-11-29 13:30:00-05:00,22.68000030517578,22.729999542236328,22.540000915527344,22.729999542236328,13558,0.0,0.0
2023-11-29 14:30:00-05:00,22.719999313354492,22.719999313354492,22.540000915527344,22.56999969482422,16050,0.0,0.0
2023-11-29 15:30:00-05:00,22.56999969482422,22.649999618530273,22.510000228881836,22.584999084472656,34775,0.0,0.0
2023-11-30 09:30:00-05:00,22.760000228881836,22.760000228881836,22.219999313354492,22.450000762939453,15215,0.0,0.0
2023-11-30 10:30:00-05:00,22.46500015258789,22.5,22.299999237060547,22.299999237060547,12685,0.0,0.0
2023-11-30 11:30:00-05:00,22.239999771118164,22.239999771118164,21.940000534057617,21.940000534057617,31497,0.0,0.0
2023-11-30 12:30:00-05:00,21.979999542236328,22.065000534057617,21.829999923706055,21.899999618530273,34488,0.0,0.0
2023-11-30 13:30:00-05:00,21.899999618530273,21.969999313354492,21.690000534057617,21.829999923706055,33852,0.0,0.0
2023-11-30 14:30:00-05:00,21.864999771118164,21.899999618530273,21.70050048828125,21.735000610351562,54856,0.0,0.0
2023-11-30 15:30:00-05:00,21.739999771118164,21.739999771118164,21.59000015258789,21.719999313354492,62953,0.0,0.0
2023-12-01 09:30:00-05:00,21.75,22.25,21.739999771118164,22.19499969482422,30719,0.0,0.0
2023-12-01 10:30:00-05:00,22.19499969482422,22.735000610351562,22.19499969482422,22.690000534057617,29185,0.0,0.0
2023-12-01 11:30:00-05:00,22.670000076293945,22.969999313354492,22.639999389648438,22.8799991607666,22320,0.0,0.0
2023-12-01 12:30:00-05:00,22.90999984741211,23.100000381469727,22.774999618530273,23.100000381469727,38068,0.0,0.0
2023-12-01 13:30:00-05:00,23.059999465942383,23.204999923706055,23.049999237060547,23.15999984741211,29535,0.0,0.0
2023-12-01 14:30:00-05:00,23.170000076293945,23.170000076293945,22.770000457763672,22.8700008392334,29518,0.0,0.0
2023-12-01 15:30:00-05:00,22.899999618530273,23.06999969482422,22.889999389648438,22.940000534057617,61556,0.0,0.0
2023-12-04 09:30:00-05:00,23.1299991607666,25.729999542236328,23.1299991607666,25.5,78688,0.0,0.0
2023-12-04 10:30:00-05:00,25.540000915527344,25.700000762939453,25.230100631713867,25.479999542236328,35377,0.0,0.0
2023-12-04 11:30:00-05:00,25.440000534057617,26.0,25.334999084472656,25.940000534057617,34574,0.0,0.0
2023-12-04 12:30:00-05:00,25.950000762939453,26.479999542236328,25.920000076293945,26.44499969482422,43929,0.0,0.0
2023-12-04 13:30:00-05:00,26.454999923706055,26.454999923706055,26.040000915527344,26.110000610351562,60094,0.0,0.0
2023-12-04 14:30:00-05:00,26.1299991607666,26.790000915527344,26.1299991607666,26.780000686645508,49398,0.0,0.0
2023-12-04 15:30:00-05:00,26.739999771118164,26.8700008392334,26.610000610351562,26.850000381469727,118493,0.0,0.0
2023-12-05 09:30:00-05:00,26.510000228881836,27.190000534057617,26.350000381469727,26.6200008392334,33491,0.0,0.0
2023-12-05 10:30:00-05:00,26.709999084472656,26.915000915527344,26.344999313354492,26.809999465942383,15964,0.0,0.0
2023-12-05 11:30:00-05:00,26.885000228881836,27.239999771118164,26.790000915527344,26.850000381469727,20190,0.0,0.0
2023-12-05 12:30:00-05:00,26.80270004272461,26.829999923706055,26.540000915527344,26.540000915527344,8863,0.0,0.0
2023-12-05 13:30:00-05:00,26.53689956665039,26.979999542236328,26.489999771118164,26.93829917907715,15447,0.0,0.0
2023-12-05 14:30:00-05:00,26.8799991607666,26.893999099731445,26.59000015258789,26.59000015258789,20352,0.0,0.0
2023-12-05 15:30:00-05:00,26.559999465942383,26.940000534057617,26.559999465942383,26.940000534057617,44294,0.0,0.0
2023-12-06 09:30:00-05:00,26.780000686645508,27.34000015258789,26.670000076293945,26.8799991607666,25131,0.0,0.0
2023-12-06 10:30:00-05:00,26.93000030517578,27.024999618530273,26.829999923706055,26.860000610351562,8182,0.0,0.0
2023-12-06 11:30:00-05:00,26.899999618530273,26.899999618530273,26.719999313354492,26.790000915527344,13067,0.0,0.0
2023-12-06 12:30:00-05:00,26.735000610351562,26.8700008392334,26.719999313354492,26.81999969482422,9707,0.0,0.0
2023-12-06 13:30:00-05:00,26.860000610351562,26.959999084472656,26.815000534057617,26.815000534057617,17661,0.0,0.0
2023-12-06 14:30:00-05:00,26.80500030517578,26.84000015258789,26.510000228881836,26.510000228881836,20329,0.0,0.0
2023-12-06 15:30:00-05:00,26.469999313354492,26.670000076293945,26.469999313354492,26.639999389648438,34555,0.0,0.0
2023-12-07 09:30:00-05:00,26.75,27.229999542236328,26.622600555419922,27.229999542236328,7272,0.0,0.0
2023-12-07 10:30:00-05:00,27.31999969482422,27.56999969482422,27.149999618530273,27.520000457763672,21322,0.0,0.0
2023-12-07 11:30:00-05:00,27.520000457763672,27.700000762939453,27.40999984741211,27.40999984741211,11715,0.0,0.0
2023-12-07 12:30:00-05:00,27.43000030517578,27.530000686645508,27.43000030517578,27.466400146484375,10540,0.0,0.0
2023-12-07 13:30:00-05:00,27.5,27.5,27.354999542236328,27.354999542236328,6958,0.0,0.0
2023-12-07 14:30:00-05:00,27.329999923706055,27.469999313354492,27.309999465942383,27.469999313354492,19065,0.0,0.0
2023-12-07 15:30:00-05:00,27.440000534057617,27.530000686645508,27.350000381469727,27.530000686645508,35693,0.0,0.0
2023-12-08 09:30:00-05:00,27.399999618530273,27.815000534057617,27.25510025024414,27.684999465942383,7504,0.0,0.0
2023-12-08 10:30:00-05:00,27.6299991607666,27.729999542236328,27.565000534057617,27.59000015258789,9447,0.0,0.0
2023-12-08 11:30:00-05:00,27.594999313354492,27.639999389648438,27.510099411010742,27.510099411010742,7943,0.0,0.0
2023-12-08 12:30:00-05:00,27.545000076293945,27.65999984741211,27.530000686645508,27.600000381469727,12918,0.0,0.0
2023-12-08 13:30:00-05:00,27.600000381469727,27.639999389648438,27.559999465942383,27.610000610351562,15022,0.0,0.0
2023-12-08 14:30:00-05:00,27.56999969482422,27.56999969482422,27.299999237060547,27.3799991607666,17823,0.0,0.0
2023-12-08 15:30:00-05:00,27.325000762939453,27.325000762939453,27.139999389648438,27.229999542236328,20872,0.0,0.0
2023-12-11 09:30:00-05:00,27.270000457763672,27.270000457763672,26.799999237060547,27.125,9324,0.0,0.0
2023-12-11 10:30:00-05:00,27.290000915527344,27.479999542236328,27.219999313354492,27.219999313354492,6203,0.0,0.0
2023-12-11 11:30:00-05:00,27.18000030517578,27.260000228881836,27.118499755859375,27.190000534057617,6517,0.0,0.0
2023-12-11 12:30:00-05:00,27.149999618530273,27.31999969482422,27.139999389648438,27.299999237060547,7186,0.0,0.0
2023-12-11 13:30:00-05:00,27.290000915527344,27.290000915527344,27.075000762939453,27.114999771118164,6218,0.0,0.0
2023-12-11 14:30:00-05:00,27.095800399780273,27.095800399780273,26.6200008392334,26.6200008392334,15430,0.0,0.0
2023-12-11 15:30:00-05:00,26.59000015258789,26.625999450683594,26.489999771118164,26.565000534057617,21095,0.0,0.0
2023-12-12 09:30:00-05:00,26.68000030517578,26.700000762939453,26.3799991607666,26.684999465942383,12250,0.0,0.0
2023-12-12 10:30:00-05:00,26.65999984741211,26.739999771118164,26.6299991607666,26.645200729370117,8297,0.0,0.0
2023-12-12 11:30:00-05:00,26.699899673461914,27.020000457763672,26.639999389648438,26.9950008392334,5709,0.0,0.0
2023-12-12 12:30:00-05:00,26.969999313354492,27.010000228881836,26.899999618530273,27.0,6379,0.0,0.0
2023-12-12 13:30:00-05:00,27.020000457763672,27.059999465942383,26.75,26.81999969482422,8003,0.0,0.0
2023-12-12 14:30:00-05:00,26.780000686645508,26.940000534057617,26.780000686645508,26.895000457763672,11049,0.0,0.0
2023-12-12 15:30:00-05:00,26.8700008392334,26.8700008392334,26.6200008392334,26.739999771118164,15241,0.0,0.0
2023-12-13 09:30:00-05:00,26.649999618530273,26.959999084472656,26.110000610351562,26.729999542236328,40492,0.0,0.0
2023-12-13 10:30:00-05:00,26.719999313354492,26.760000228881836,26.510000228881836,26.75,21856,0.0,0.0
2023-12-13 11:30:00-05:00,26.690000534057617,26.874000549316406,26.690000534057617,26.760000228881836,9846,0.0,0.0
2023-12-13 12:30:00-05:00,26.739999771118164,26.850000381469727,26.709999084472656,26.739999771118164,21485,0.0,0.0
2023-12-13 13:30:00-05:00,26.816699981689453,27.110000610351562,26.739999771118164,27.045000076293945,33433,0.0,0.0
2023-12-13 14:30:00-05:00,27.079999923706055,27.670000076293945,27.040000915527344,27.610000610351562,29200,0.0,0.0
2023-12-13 15:30:00-05:00,27.690000534057617,27.81999969482422,27.469999313354492,27.670000076293945,33379,0.0,0.0
2023-12-14 09:30:00-05:00,28.049999237060547,28.690000534057617,27.709999084472656,28.270000457763672,31323,0.0,0.0
2023-12-14 10:30:00-05:00,28.23200035095215,28.450000762939453,28.1299991607666,28.450000762939453,14178,0.0,0.0
2023-12-14 11:30:00-05:00,28.420000076293945,28.6299991607666,28.389999389648438,28.56999969482422,13148,0.0,0.0
2023-12-14 12:30:00-05:00,28.440000534057617,28.489999771118164,27.90999984741211,27.90999984741211,11691,0.0,0.0
2023-12-14 13:30:00-05:00,27.84000015258789,27.920000076293945,27.700000762939453,27.71500015258789,12411,0.0,0.0
2023-12-14 14:30:00-05:00,27.68000030517578,27.934999465942383,27.649999618530273,27.864999771118164,16483,0.0,0.0
2023-12-14 15:30:00-05:00,27.84000015258789,27.969999313354492,27.670000076293945,27.719999313354492,21011,0.0,0.0
2023-12-15 09:30:00-05:00,28.299999237060547,28.299999237060547,27.739999771118164,27.770099639892578,55838,0.0,0.0
2023-12-15 10:30:00-05:00,27.889999389648438,27.969999313354492,27.559999465942383,27.559999465942383,11458,0.0,0.0
2023-12-15 11:30:00-05:00,27.520000457763672,27.520000457763672,27.200000762939453,27.260000228881836,8405,0.0,0.0
2023-12-15 12:30:00-05:00,27.200000762939453,27.200000762939453,27.010000228881836,27.190000534057617,10829,0.0,0.0
2023-12-15 13:30:00-05:00,27.161699295043945,27.56999969482422,27.1299991607666,27.520000457763672,14373,0.0,0.0
2023-12-15 14:30:00-05:00,27.549999237060547,27.549999237060547,27.309999465942383,27.40999984741211,15391,0.0,0.0
2023-12-15 15:30:00-05:00,27.40999984741211,27.690000534057617,27.3700008392334,27.610000610351562,43875,0.0,0.0
2023-12-18 09:30:00-05:00,27.84000015258789,27.920000076293945,27.15999984741211,27.670000076293945,19155,0.0,0.0
2023-12-18 10:30:00-05:00,27.709999084472656,27.709999084472656,27.329999923706055,27.450000762939453,19056,0.0,0.0
2023-12-18 11:30:00-05:00,27.440000534057617,27.514999389648438,27.309999465942383,27.399999618530273,13796,0.0,0.0
2023-12-18 12:30:00-05:00,27.479999542236328,27.520000457763672,27.299999237060547,27.360000610351562,11309,0.0,0.0
2023-12-18 13:30:00-05:00,27.3799991607666,27.459999084472656,27.139999389648438,27.43000030517578,14079,0.0,0.0
2023-12-18 14:30:00-05:00,27.350000381469727,27.479999542236328,27.235000610351562,27.235000610351562,17536,0.0,0.0
2023-12-18 15:30:00-05:00,27.200000762939453,27.610000610351562,27.190000534057617,27.579999923706055,33821,0.0,0.0
2023-12-19 09:30:00-05:00,27.780000686645508,27.815000534057617,27.34000015258789,27.540000915527344,10239,0.0,0.0
2023-12-19 10:30:00-05:00,27.479999542236328,27.959999084472656,27.440000534057617,27.790000915527344,13531,0.0,0.0
2023-12-19 11:30:00-05:00,27.780000686645508,27.8700008392334,27.6299991607666,27.760000228881836,8193,0.0,0.0
2023-12-19 12:30:00-05:00,27.895000457763672,28.100000381469727,27.850000381469727,27.96500015258789,8909,0.0,0.0
2023-12-19 13:30:00-05:00,28.110000610351562,28.1200008392334,27.8799991607666,27.959999084472656,21006,0.0,0.0
2023-12-19 14:30:00-05:00,27.899999618530273,28.100000381469727,27.8700008392334,28.05500030517578,33788,0.0,0.0
2023-12-19 15:30:00-05:00,28.100000381469727,28.270000457763672,28.100000381469727,28.239999771118164,27137,0.0,0.0
2023-12-20 09:30:00-05:00,28.229999542236328,28.360000610351562,27.860000610351562,28.25,11576,0.0,0.0
2023-12-20 10:30:00-05:00,28.25,28.674999237060547,28.25,28.5,19064,0.0,0.0
2023-12-20 11:30:00-05:00,28.469999313354492,28.65999984741211,28.40839958190918,28.65999984741211,13884,0.0,0.0
2023-12-20 12:30:00-05:00,28.65999984741211,28.90999984741211,28.65999984741211,28.68000030517578,13908,0.0,0.0
2023-12-20 13:30:00-05:00,28.729999542236328,28.8799991607666,28.549999237060547,28.770000457763672,15737,0.0,0.0
2023-12-20 14:30:00-05:00,28.729999542236328,28.729999542236328,28.18000030517578,28.18000030517578,31744,0.0,0.0
2023-12-20 15:30:00-05:00,28.110000610351562,28.110000610351562,27.65999984741211,27.65999984741211,36662,0.0,0.0
2023-12-21 09:30:00-05:00,28.030000686645508,28.030000686645508,27.7450008392334,27.875,7290,0.0,0.0
2023-12-21 10:30:00-05:00,27.823999404907227,28.190000534057617,27.823999404907227,28.149999618530273,10270,0.0,0.0
2023-12-21 11:30:00-05:00,28.219999313354492,28.290000915527344,27.940000534057617,28.020000457763672,5693,0.0,0.0
2023-12-21 12:30:00-05:00,28.06999969482422,28.06999969482422,27.829999923706055,27.9950008392334,9023,0.0,0.0
2023-12-21 13:30:00-05:00,28.059999465942383,28.219999313354492,27.969999313354492,28.0049991607666,8140,0.0,0.0
2023-12-21 14:30:00-05:00,27.979999542236328,28.139999389648438,27.93000030517578,28.139999389648438,12175,0.0,0.0
2023-12-21 15:30:00-05:00,28.100000381469727,28.420000076293945,28.06999969482422,28.3799991607666,22415,0.0,0.0
2023-12-22 09:30:00-05:00,28.43000030517578,29.09000015258789,28.290000915527344,29.09000015258789,17409,0.0,0.0
2023-12-22 10:30:00-05:00,29.013999938964844,29.270000457763672,28.93000030517578,29.040000915527344,17207,0.0,0.0
2023-12-22 11:30:00-05:00,28.99850082397461,29.09000015258789,28.729999542236328,28.899999618530273,7936,0.0,0.0
2023-12-22 12:30:00-05:00,28.8700008392334,28.93000030517578,28.764999389648438,28.850000381469727,8561,0.0,0.0
2023-12-22 13:30:00-05:00,28.760000228881836,28.84000015258789,28.600000381469727,28.610000610351562,9541,0.0,0.0
2023-12-22 14:30:00-05:00,28.610000610351562,28.799999237060547,28.610000610351562,28.760000228881836,11710,0.0,0.0
2023-12-22 15:30:00-05:00,28.739999771118164,28.760000228881836,28.65999984741211,28.739999771118164,24577,0.0,0.0
2023-12-26 09:30:00-05:00,28.799999237060547,29.049999237060547,28.600000381469727,28.985000610351562,8558,0.0,0.0
2023-12-26 10:30:00-05:00,28.979999542236328,28.979999542236328,28.81999969482422,28.954999923706055,5719,0.0,0.0
2023-12-26 11:30:00-05:00,28.93000030517578,29.100000381469727,28.850000381469727,29.09000015258789,6668,0.0,0.0
2023-12-26 12:30:00-05:00,29.149999618530273,29.43000030517578,29.100000381469727,29.424999237060547,14232,0.0,0.0
2023-12-26 13:30:00-05:00,29.405399322509766,29.43000030517578,29.290000915527344,29.31999969482422,7038,0.0,0.0
2023-12-26 14:30:00-05:00,29.389999389648438,29.399999618530273,29.280000686645508,29.299999237060547,5709,0.0,0.0
2023-12-26 15:30:00-05:00,29.360000610351562,29.610000610351562,29.350000381469727,29.579999923706055,23667,0.0,0.0
2023-12-27 09:30:00-05:00,29.420000076293945,30.1200008392334,29.420000076293945,30.09000015258789,26219,0.0,0.0
2023-12-27 10:30:00-05:00,29.950300216674805,30.1200008392334,29.950300216674805,30.0,13870,0.0,0.0
2023-12-27 11:30:00-05:00,30.0,30.040000915527344,29.709999084472656,29.709999084472656,15868,0.0,0.0
2023-12-27 12:30:00-05:00,29.739999771118164,30.020000457763672,29.709999084472656,29.950000762939453,21242,0.0,0.0
2023-12-27 13:30:00-05:00,29.923599243164062,30.014999389648438,29.899999618530273,29.9950008392334,15026,0.0,0.0
2023-12-27 14:30:00-05:00,30.010000228881836,30.020000457763672,29.723100662231445,29.829999923706055,13452,0.0,0.0
2023-12-27 15:30:00-05:00,29.729999542236328,29.8799991607666,29.709999084472656,29.809999465942383,23151,0.0,0.0
2023-12-28 09:30:00-05:00,29.600000381469727,29.989999771118164,29.489999771118164,29.989999771118164,3392,0.0,0.0
2023-12-28 10:30:00-05:00,30.020000457763672,30.06999969482422,29.774999618530273,29.774999618530273,4479,0.0,0.0
2023-12-28 11:30:00-05:00,29.760000228881836,30.06999969482422,29.7450008392334,30.06999969482422,4066,0.0,0.0
2023-12-28 12:30:00-05:00,30.027099609375,30.100000381469727,29.770000457763672,29.850000381469727,5429,0.0,0.0
2023-12-28 13:30:00-05:00,29.8700008392334,29.8799991607666,29.690000534057617,29.790000915527344,5694,0.0,0.0
2023-12-28 14:30:00-05:00,29.780000686645508,29.78499984741211,29.699199676513672,29.729999542236328,5553,0.0,0.0
2023-12-28 15:30:00-05:00,29.729999542236328,29.819000244140625,29.65999984741211,29.690000534057617,14772,0.0,0.0
2023-12-29 09:30:00-05:00,29.530000686645508,29.56999969482422,29.389999389648438,29.389999389648438,4950,0.0,0.0
2023-12-29 10:30:00-05:00,29.309999465942383,29.31999969482422,29.229999542236328,29.309999465942383,3120,0.0,0.0
2023-12-29 11:30:00-05:00,29.280000686645508,29.370399475097656,29.268699645996094,29.315000534057617,7184,0.0,0.0
2023-12-29 12:30:00-05:00,29.329999923706055,29.579999923706055,29.329999923706055,29.5,6388,0.0,0.0
2023-12-29 13:30:00-05:00,29.46500015258789,29.46500015258789,29.440000534057617,29.440000534057617,744,0.0,0.0
2023-12-29 14:30:00-05:00,29.4325008392334,29.479999542236328,29.350000381469727,29.389999389648438,6373,0.0,0.0
2023-12-29 15:30:00-05:00,29.43000030517578,29.530000686645508,29.39699935913086,29.40999984741211,24523,0.0,0.0
2024-01-02 09:30:00-05:00,29.329999923706055,29.940000534057617,29.18000030517578,29.674999237060547,8913,0.0,0.0
2024-01-02 10:30:00-05:00,29.6200008392334,29.829999923706055,29.6200008392334,29.65999984741211,7040,0.0,0.0
2024-01-02 11:30:00-05:00,29.649999618530273,29.989999771118164,29.540000915527344,29.989999771118164,10398,0.0,0.0
2024-01-02 12:30:00-05:00,30.049999237060547,30.100000381469727,29.700000762939453,29.740100860595703,8510,0.0,0.0
2024-01-02 13:30:00-05:00,29.649999618530273,29.649999618530273,29.559999465942383,29.559999465942383,2660,0.0,0.0
2024-01-02 14:30:00-05:00,29.559999465942383,29.65999984741211,29.540000915527344,29.600000381469727,9217,0.0,0.0
2024-01-02 15:30:00-05:00,29.6200008392334,29.670000076293945,29.510000228881836,29.65999984741211,20899,0.0,0.0
2024-01-03 09:30:00-05:00,29.530000686645508,29.75,29.053699493408203,29.739999771118164,8307,0.0,0.0
2024-01-03 10:30:00-05:00,29.65999984741211,29.65999984741211,29.40999984741211,29.59000015258789,9483,0.0,0.0
2024-01-03 11:30:00-05:00,29.600000381469727,29.600000381469727,29.459999084472656,29.489999771118164,6679,0.0,0.0
2024-01-03 12:30:00-05:00,29.420000076293945,29.440000534057617,29.290000915527344,29.299999237060547,3564,0.0,0.0
2024-01-03 13:30:00-05:00,29.190000534057617,29.270000457763672,29.040000915527344,29.114999771118164,15374,0.0,0.0
2024-01-03 14:30:00-05:00,29.12689971923828,29.12689971923828,28.520000457763672,28.600000381469727,21181,0.0,0.0
2024-01-03 15:30:00-05:00,28.59000015258789,28.760000228881836,28.540000915527344,28.670000076293945,30887,0.0,0.0
2024-01-04 09:30:00-05:00,28.81999969482422,29.023000717163086,28.780000686645508,28.899999618530273,8377,0.0,0.0
2024-01-04 10:30:00-05:00,28.849000930786133,29.149999618530273,28.849000930786133,29.030000686645508,11635,0.0,0.0
2024-01-04 11:30:00-05:00,28.954999923706055,28.979999542236328,28.725000381469727,28.760000228881836,5824,0.0,0.0
2024-01-04 12:30:00-05:00,28.600000381469727,28.739999771118164,28.549999237060547,28.739999771118164,3694,0.0,0.0
2024-01-04 13:30:00-05:00,28.7549991607666,28.889999389648438,28.735000610351562,28.770000457763672,9622,0.0,0.0
2024-01-04 14:30:00-05:00,28.7450008392334,28.809999465942383,28.579999923706055,28.6200008392334,11787,0.0,0.0
2024-01-04 15:30:00-05:00,28.649999618530273,28.690000534057617,28.59000015258789,28.600000381469727,18885,0.0,0.0
2024-01-05 09:30:00-05:00,28.309999465942383,29.059999465942383,28.309999465942383,28.780000686645508,19920,0.0,0.0
2024-01-05 10:30:00-05:00,28.79199981689453,28.8799991607666,28.719999313354492,28.719999313354492,14581,0.0,0.0
2024-01-05 11:30:00-05:00,28.610000610351562,28.635000228881836,28.389999389648438,28.56999969482422,7094,0.0,0.0
2024-01-05 12:30:00-05:00,28.499900817871094,28.6299991607666,28.459999084472656,28.549999237060547,10095,0.0,0.0
2024-01-05 13:30:00-05:00,28.600000381469727,28.670000076293945,28.549999237060547,28.565000534057617,8951,0.0,0.0
2024-01-05 14:30:00-05:00,28.579999923706055,28.579999923706055,28.34000015258789,28.34000015258789,9802,0.0,0.0
2024-01-05 15:30:00-05:00,28.3700008392334,28.385000228881836,28.059999465942383,28.135000228881836,27375,0.0,0.0
2024-01-08 09:30:00-05:00,28.079999923706055,29.079999923706055,28.030000686645508,28.520000457763672,12611,0.0,0.0
2024-01-08 10:30:00-05:00,28.566999435424805,28.780000686645508,28.566999435424805,28.739999771118164,13946,0.0,0.0
2024-01-08 11:30:00-05:00,28.709999084472656,28.860000610351562,28.639999389648438,28.639999389648438,10555,0.0,0.0
2024-01-08 12:30:00-05:00,28.639999389648438,28.799999237060547,28.639999389648438,28.690000534057617,7250,0.0,0.0
2024-01-08 13:30:00-05:00,28.71500015258789,28.75,28.653799057006836,28.729999542236328,7860,0.0,0.0
2024-01-08 14:30:00-05:00,28.799999237060547,28.854999542236328,28.700000762939453,28.735000610351562,13642,0.0,0.0
2024-01-08 15:30:00-05:00,28.75,28.760000228881836,28.65999984741211,28.700000762939453,18601,0.0,0.0
2024-01-09 09:30:00-05:00,28.280000686645508,28.34000015258789,27.979999542236328,28.040000915527344,11378,0.0,0.0
2024-01-09 10:30:00-05:00,28.06999969482422,28.15999984741211,27.93000030517578,27.940000534057617,17520,0.0,0.0
2024-01-09 11:30:00-05:00,28.049999237060547,28.15999984741211,27.979999542236328,28.014999389648438,9891,0.0,0.0
2024-01-09 12:30:00-05:00,28.0,28.0049991607666,27.934999465942383,27.934999465942383,12343,0.0,0.0
2024-01-09 13:30:00-05:00,27.94499969482422,28.209999084472656,27.94499969482422,28.18000030517578,7811,0.0,0.0
2024-01-09 14:30:00-05:00,28.09000015258789,28.260000228881836,28.09000015258789,28.25,5897,0.0,0.0
2024-01-09 15:30:00-05:00,28.25,28.34000015258789,28.25,28.329999923706055,18416,0.0,0.0
2024-01-10 09:30:00-05:00,28.34000015258789,30.0,28.0,28.31999969482422,11755,0.0,0.0
2024-01-10 10:30:00-05:00,28.299999237060547,28.299999237060547,27.989999771118164,28.229999542236328,7154,0.0,0.0
2024-01-10 11:30:00-05:00,28.200000762939453,28.389999389648438,28.18000030517578,28.389999389648438,4146,0.0,0.0
2024-01-10 12:30:00-05:00,28.391199111938477,28.391199111938477,28.110000610351562,28.299999237060547,6616,0.0,0.0
2024-01-10 13:30:00-05:00,28.325000762939453,28.354000091552734,28.229999542236328,28.30500030517578,2918,0.0,0.0
2024-01-10 14:30:00-05:00,28.399999618530273,28.604999542236328,28.354999542236328,28.549999237060547,19914,0.0,0.0
2024-01-10 15:30:00-05:00,28.540000915527344,28.690000534057617,28.540000915527344,28.690000534057617,22168,0.0,0.0
2024-01-11 09:30:00-05:00,28.459999084472656,28.790000915527344,28.040000915527344,28.125,7273,0.0,0.0
2024-01-11 10:30:00-05:00,28.15999984741211,28.173200607299805,27.760000228881836,28.040000915527344,15361,0.0,0.0
2024-01-11 11:30:00-05:00,28.06999969482422,28.094999313354492,27.90999984741211,27.9950008392334,9736,0.0,0.0
2024-01-11 12:30:00-05:00,27.934999465942383,28.139999389648438,27.934999465942383,28.100000381469727,9452,0.0,0.0
2024-01-11 13:30:00-05:00,28.030000686645508,28.040000915527344,27.920000076293945,27.920000076293945,6082,0.0,0.0
2024-01-11 14:30:00-05:00,28.00950050354004,28.00950050354004,27.809999465942383,27.93000030517578,11407,0.0,0.0
2024-01-11 15:30:00-05:00,27.979999542236328,28.125,27.959999084472656,27.979999542236328,20859,0.0,0.0
2024-01-12 09:30:00-05:00,28.290000915527344,28.524999618530273,27.969999313354492,28.049999237060547,7077,0.0,0.0
2024-01-12 10:30:00-05:00,27.954999923706055,28.09000015258789,27.790000915527344,27.940000534057617,7586,0.0,0.0
2024-01-12 11:30:00-05:00,27.950000762939453,28.149999618530273,27.868099212646484,28.149999618530273,13634,0.0,0.0
2024-01-12 12:30:00-05:00,28.170000076293945,28.170000076293945,28.020000457763672,28.037599563598633,10606,0.0,0.0
2024-01-12 13:30:00-05:00,28.099300384521484,28.34000015258789,28.061100006103516,28.299999237060547,21994,0.0,0.0
2024-01-12 14:30:00-05:00,28.325000762939453,28.325000762939453,27.9950008392334,28.134899139404297,19236,0.0,0.0
2024-01-12 15:30:00-05:00,28.15999984741211,28.360000610351562,28.14349937438965,28.360000610351562,33690,0.0,0.0
2024-01-16 09:30:00-05:00,28.40999984741211,29.540000915527344,28.350000381469727,28.719999313354492,38045,0.0,0.0
2024-01-16 10:30:00-05:00,28.75,28.94849967956543,28.600000381469727,28.780000686645508,12380,0.0,0.0
2024-01-16 11:30:00-05:00,28.739999771118164,28.760000228881836,28.58009910583496,28.600000381469727,12027,0.0,0.0
2024-01-16 12:30:00-05:00,28.600000381469727,28.64780044555664,28.229999542236328,28.229999542236328,16711,0.0,0.0
2024-01-16 13:30:00-05:00,28.25,28.450000762939453,28.225000381469727,28.322500228881836,29159,0.0,0.0
2024-01-16 14:30:00-05:00,28.290000915527344,28.604999542236328,28.280000686645508,28.56999969482422,44122,0.0,0.0
2024-01-16 15:30:00-05:00,28.56999969482422,29.110000610351562,28.549999237060547,29.086299896240234,93837,0.0,0.0
2024-01-17 09:30:00-05:00,26.450000762939453,27.729999542236328,24.71500015258789,24.71500015258789,135294,0.0,0.0
2024-01-17 10:30:00-05:00,24.75,25.559999465942383,24.514999389648438,25.0,61645,0.0,0.0
2024-01-17 11:30:00-05:00,25.0,25.239999771118164,24.415000915527344,24.639999389648438,54959,0.0,0.0
2024-01-17 12:30:00-05:00,24.600000381469727,25.799100875854492,24.5,25.700000762939453,74583,0.0,0.0
2024-01-17 13:30:00-05:00,25.610000610351562,25.709999084472656,25.1299991607666,25.530000686645508,84607,0.0,0.0
2024-01-17 14:30:00-05:00,25.549999237060547,26.170000076293945,25.510000228881836,26.1299991607666,73330,0.0,0.0
2024-01-17 15:30:00-05:00,26.135000228881836,26.90999984741211,26.030000686645508,26.559999465942383,154733,0.0,0.0
2024-01-18 09:30:00-05:00,26.34000015258789,27.059999465942383,26.114999771118164,26.772499084472656,38067,0.0,0.0
2024-01-18 10:30:00-05:00,26.790000915527344,27.489999771118164,26.524999618530273,27.239999771118164,46995,0.0,0.0
2024-01-18 11:30:00-05:00,27.274999618530273,27.549999237060547,27.0,27.040000915527344,33489,0.0,0.0
2024-01-18 12:30:00-05:00,27.079999923706055,27.260000228881836,27.0,27.114999771118164,35266,0.0,0.0
2024-01-18 13:30:00-05:00,27.114999771118164,27.329999923706055,27.0,27.1299991607666,34242,0.0,0.0
2024-01-18 14:30:00-05:00,27.110000610351562,27.1200008392334,26.899999618530273,26.969999313354492,27634,0.0,0.0
2024-01-18 15:30:00-05:00,26.96500015258789,26.989999771118164,26.579999923706055,26.799999237060547,75097,0.0,0.0
2024-01-19 09:30:00-05:00,27.059999465942383,27.059999465942383,25.979999542236328,25.979999542236328,29417,0.0,0.0
2024-01-19 10:30:00-05:00,25.930999755859375,26.389999389648438,25.930999755859375,26.190000534057617,13375,0.0,0.0
2024-01-19 11:30:00-05:00,26.21109962463379,26.450000762939453,25.969999313354492,26.40999984741211,14600,0.0,0.0
2024-01-19 12:30:00-05:00,26.454999923706055,26.479999542236328,26.34000015258789,26.389999389648438,10209,0.0,0.0
2024-01-19 13:30:00-05:00,26.364999771118164,26.450000762939453,26.229999542236328,26.450000762939453,13963,0.0,0.0
2024-01-19 14:30:00-05:00,26.459999084472656,26.610000610351562,26.280000686645508,26.4950008392334,26652,0.0,0.0
2024-01-19 15:30:00-05:00,26.469999313354492,26.84000015258789,26.420000076293945,26.780000686645508,57230,0.0,0.0
2024-01-22 09:30:00-05:00,27.0,27.739999771118164,27.0,27.549999237060547,18111,0.0,0.0
2024-01-22 10:30:00-05:00,27.577999114990234,27.760000228881836,27.427499771118164,27.725000381469727,13635,0.0,0.0
2024-01-22 11:30:00-05:00,27.735000610351562,27.850000381469727,27.594999313354492,27.594999313354492,14714,0.0,0.0
2024-01-22 12:30:00-05:00,27.579999923706055,27.68000030517578,27.510000228881836,27.510000228881836,8317,0.0,0.0
2024-01-22 13:30:00-05:00,27.450000762939453,27.690000534057617,27.450000762939453,27.6299991607666,16505,0.0,0.0
2024-01-22 14:30:00-05:00,27.65999984741211,27.959999084472656,27.65999984741211,27.8799991607666,57875,0.0,0.0
2024-01-22 15:30:00-05:00,27.90999984741211,27.920000076293945,27.709999084472656,27.860000610351562,25179,0.0,0.0
2024-01-23 09:30:00-05:00,28.290000915527344,28.290000915527344,27.43000030517578,27.94499969482422,9754,0.0,0.0
2024-01-23 10:30:00-05:00,27.979999542236328,27.989999771118164,27.56999969482422,27.854999542236328,17875,0.0,0.0
2024-01-23 11:30:00-05:00,27.799999237060547,27.899999618530273,27.729999542236328,27.829999923706055,10195,0.0,0.0
2024-01-23 12:30:00-05:00,27.850000381469727,27.93000030517578,27.764999389648438,27.8700008392334,11139,0.0,0.0
2024-01-23 13:30:00-05:00,27.899999618530273,28.049999237060547,27.8700008392334,27.969999313354492,15875,0.0,0.0
2024-01-23 14:30:00-05:00,27.950000762939453,28.010000228881836,27.829999923706055,27.90999984741211,18554,0.0,0.0
2024-01-23 15:30:00-05:00,27.915000915527344,27.959999084472656,27.790000915527344,27.790000915527344,35859,0.0,0.0
2024-01-24 09:30:00-05:00,28.100000381469727,28.110000610351562,27.559999465942383,27.600000381469727,12502,0.0,0.0
2024-01-24 10:30:00-05:00,27.5,27.854999542236328,27.450000762939453,27.829999923706055,12724,0.0,0.0
2024-01-24 11:30:00-05:00,27.770000457763672,27.84000015258789,27.450000762939453,27.530000686645508,13074,0.0,0.0
2024-01-24 12:30:00-05:00,27.600000381469727,27.68000030517578,27.440000534057617,27.440000534057617,10463,0.0,0.0
2024-01-24 13:30:00-05:00,27.420000076293945,27.420000076293945,27.31999969482422,27.34000015258789,12714,0.0,0.0
2024-01-24 14:30:00-05:00,27.329999923706055,27.3700008392334,27.1200008392334,27.139999389648438,19458,0.0,0.0
2024-01-24 15:30:00-05:00,27.1200008392334,27.174999237060547,26.969999313354492,26.969999313354492,33872,0.0,0.0
2024-01-25 09:30:00-05:00,27.280000686645508,27.530000686645508,27.09000015258789,27.139999389648438,17562,0.0,0.0
2024-01-25 10:30:00-05:00,27.139999389648438,27.18000030517578,26.979999542236328,27.1299991607666,8900,0.0,0.0
2024-01-25 11:30:00-05:00,27.145000457763672,27.149999618530273,26.989999771118164,27.139999389648438,14012,0.0,0.0
2024-01-25 12:30:00-05:00,27.125,27.209999084472656,27.020000457763672,27.09000015258789,12220,0.0,0.0
2024-01-25 13:30:00-05:00,27.09000015258789,27.270000457763672,27.06999969482422,27.270000457763672,14529,0.0,0.0
2024-01-25 14:30:00-05:00,27.270000457763672,27.31999969482422,27.06999969482422,27.100000381469727,34484,0.0,0.0
2024-01-25 15:30:00-05:00,27.09000015258789,27.200000762939453,27.04199981689453,27.200000762939453,33702,0.0,0.0
2024-01-26 09:30:00-05:00,27.540000915527344,27.8799991607666,27.3700008392334,27.565000534057617,10465,0.0,0.0
2024-01-26 10:30:00-05:00,27.510000228881836,27.670000076293945,27.489999771118164,27.489999771118164,4014,0.0,0.0
2024-01-26 11:30:00-05:00,27.469999313354492,27.479999542236328,27.350000381469727,27.479999542236328,9826,0.0,0.0
2024-01-26 12:30:00-05:00,27.489999771118164,27.510000228881836,27.329999923706055,27.469999313354492,10942,0.0,0.0
2024-01-26 13:30:00-05:00,27.450000762939453,27.46500015258789,27.270000457763672,27.270000457763672,7508,0.0,0.0
2024-01-26 14:30:00-05:00,27.25,27.31999969482422,27.139999389648438,27.15999984741211,14473,0.0,0.0
2024-01-26 15:30:00-05:00,27.1299991607666,27.290000915527344,27.1299991607666,27.239999771118164,23621,0.0,0.0
2024-01-29 09:30:00-05:00,27.5,27.639999389648438,27.299999237060547,27.5,14072,0.0,0.0
2024-01-29 10:30:00-05:00,27.610000610351562,27.895000457763672,27.610000610351562,27.809999465942383,9562,0.0,0.0
2024-01-29 11:30:00-05:00,27.885000228881836,28.06999969482422,27.799999237060547,27.94499969482422,17810,0.0,0.0
2024-01-29 12:30:00-05:00,28.010000228881836,28.010000228881836,27.600000381469727,27.6200008392334,10535,0.0,0.0
2024-01-29 13:30:00-05:00,27.604999542236328,27.649999618530273,27.450000762939453,27.649999618530273,17566,0.0,0.0
2024-01-29 14:30:00-05:00,27.626699447631836,27.8799991607666,27.600000381469727,27.780000686645508,21766,0.0,0.0
2024-01-29 15:30:00-05:00,27.75,27.770000457763672,27.5,27.549999237060547,41316,0.0,0.0
2024-01-30 09:30:00-05:00,27.469999313354492,27.735000610351562,27.329999923706055,27.600000381469727,17091,0.0,0.0
2024-01-30 10:30:00-05:00,27.6299991607666,27.649999618530273,27.479999542236328,27.517499923706055,8454,0.0,0.0
2024-01-30 11:30:00-05:00,27.514999389648438,27.709999084472656,27.5,27.530000686645508,6070,0.0,0.0
2024-01-30 12:30:00-05:00,27.540000915527344,27.639999389648438,27.5,27.559999465942383,12689,0.0,0.0
2024-01-30 13:30:00-05:00,27.600000381469727,27.795000076293945,27.565000534057617,27.690000534057617,11073,0.0,0.0
2024-01-30 14:30:00-05:00,27.649999618530273,27.68000030517578,27.479999542236328,27.530000686645508,29753,0.0,0.0
2024-01-30 15:30:00-05:00,27.559999465942383,27.559999465942383,27.489999771118164,27.5,28252,0.0,0.0
2024-01-31 09:30:00-05:00,27.40999984741211,27.549999237060547,27.264999389648438,27.40999984741211,7134,0.0,0.0
2024-01-31 10:30:00-05:00,27.43000030517578,27.690000534057617,27.3799991607666,27.59000015258789,8840,0.0,0.0
2024-01-31 11:30:00-05:00,27.56999969482422,27.579999923706055,27.440000534057617,27.579999923706055,6896,0.0,0.0
2024-01-31 12:30:00-05:00,27.610000610351562,27.610000610351562,27.235000610351562,27.280000686645508,17145,0.0,0.0
2024-01-31 13:30:00-05:00,27.170000076293945,27.200000762939453,26.709999084472656,26.790000915527344,45430,0.0,0.0
2024-01-31 14:30:00-05:00,26.854999542236328,27.200000762939453,26.280099868774414,26.329999923706055,33074,0.0,0.0
2024-01-31 15:30:00-05:00,26.299999237060547,26.329999923706055,26.079999923706055,26.09000015258789,38791,0.0,0.0
2024-02-01 09:30:00-05:00,24.5,24.510000228881836,21.420000076293945,23.829999923706055,198012,0.0,0.0
2024-02-01 10:30:00-05:00,23.8700008392334,24.649999618530273,23.649999618530273,24.479999542236328,75929,0.0,0.0
2024-02-01 11:30:00-05:00,24.475000381469727,24.889999389648438,23.770099639892578,23.790000915527344,58137,0.0,0.0
2024-02-01 12:30:00-05:00,23.790000915527344,24.1299991607666,23.649999618530273,23.809999465942383,74644,0.0,0.0
2024-02-01 13:30:00-05:00,23.860000610351562,24.450000762939453,23.690000534057617,24.354999542236328,45606,0.0,0.0
2024-02-01 14:30:00-05:00,24.325000762939453,24.325000762939453,23.860000610351562,24.229999542236328,90398,0.0,0.0
2024-02-01 15:30:00-05:00,24.200000762939453,24.6200008392334,24.065000534057617,24.489999771118164,92200,0.0,0.0
2024-02-02 09:30:00-05:00,24.600000381469727,26.030000686645508,24.559999465942383,25.8799991607666,46634,0.0,0.0
2024-02-02 10:30:00-05:00,25.8700008392334,26.670000076293945,25.850000381469727,26.6200008392334,41635,0.0,0.0
2024-02-02 11:30:00-05:00,26.670000076293945,26.80299949645996,26.43000030517578,26.59000015258789,29489,0.0,0.0
2024-02-02 12:30:00-05:00,26.65999984741211,26.8700008392334,26.520000457763672,26.81999969482422,37442,0.0,0.0
2024-02-02 13:30:00-05:00,26.75,27.469999313354492,26.75,27.420000076293945,46727,0.0,0.0
2024-02-02 14:30:00-05:00,27.420000076293945,27.479999542236328,27.190000534057617,27.389999389648438,49375,0.0,0.0
2024-02-02 15:30:00-05:00,27.389999389648438,27.559999465942383,27.280000686645508,27.350000381469727,63770,0.0,0.0
2024-02-05 09:30:00-05:00,27.010000228881836,27.360000610351562,25.860000610351562,25.860000610351562,28501,0.0,0.0
2024-02-05 10:30:00-05:00,25.704999923706055,25.979999542236328,25.59000015258789,25.639999389648438,30627,0.0,0.0
2024-02-05 11:30:00-05:00,25.59000015258789,25.850000381469727,25.360000610351562,25.850000381469727,25680,0.0,0.0
2024-02-05 12:30:00-05:00,25.860000610351562,25.920000076293945,25.530000686645508,25.559999465942383,21672,0.0,0.0
2024-02-05 13:30:00-05:00,25.610000610351562,25.84000015258789,25.549999237060547,25.709999084472656,19128,0.0,0.0
2024-02-05 14:30:00-05:00,25.719999313354492,25.729999542236328,25.399999618530273,25.600000381469727,29473,0.0,0.0
2024-02-05 15:30:00-05:00,25.56220054626465,25.649999618530273,25.100000381469727,25.100000381469727,56387,0.0,0.0
2024-02-06 09:30:00-05:00,24.770000457763672,25.829999923706055,24.770000457763672,25.829999923706055,23885,0.0,0.0
2024-02-06 10:30:00-05:00,25.902999877929688,26.600000381469727,25.829999923706055,26.600000381469727,38232,0.0,0.0
2024-02-06 11:30:00-05:00,26.600000381469727,26.719999313354492,26.42009925842285,26.540000915527344,16993,0.0,0.0
2024-02-06 12:30:00-05:00,26.55500030517578,26.940000534057617,26.270000457763672,26.899999618530273,17154,0.0,0.0
2024-02-06 13:30:00-05:00,26.862499237060547,26.989999771118164,26.59000015258789,26.6200008392334,44512,0.0,0.0
2024-02-06 14:30:00-05:00,26.56999969482422,26.68000030517578,26.510000228881836,26.670000076293945,34952,0.0,0.0
2024-02-06 15:30:00-05:00,26.639999389648438,26.940000534057617,26.639999389648438,26.940000534057617,48380,0.0,0.0
2024-02-07 09:30:00-05:00,27.030000686645508,27.239999771118164,26.84000015258789,27.065000534057617,12808,0.0,0.0
2024-02-07 10:30:00-05:00,27.024999618530273,27.270000457763672,26.850000381469727,27.18000030517578,14888,0.0,0.0
2024-02-07 11:30:00-05:00,27.25,27.360000610351562,27.0,27.049999237060547,17140,0.0,0.0
2024-02-07 12:30:00-05:00,27.040000915527344,27.06999969482422,26.850000381469727,26.969999313354492,18437,0.0,0.0
2024-02-07 13:30:00-05:00,27.0049991607666,27.0049991607666,26.790000915527344,26.899999618530273,11765,0.0,0.0
2024-02-07 14:30:00-05:00,26.899999618530273,26.940000534057617,26.610000610351562,26.639999389648438,24824,0.0,0.0
2024-02-07 15:30:00-05:00,26.6299991607666,26.655000686645508,26.420000076293945,26.43000030517578,31887,0.0,0.0
2024-02-08 09:30:00-05:00,26.399999618530273,26.75,26.399999618530273,26.469999313354492,5911,0.0,0.0
2024-02-08 10:30:00-05:00,26.645000457763672,26.75,26.489999771118164,26.68000030517578,26143,0.0,0.0
2024-02-08 11:30:00-05:00,26.655000686645508,26.809999465942383,26.610000610351562,26.610000610351562,19682,0.0,0.0
2024-02-08 12:30:00-05:00,26.625,26.770000457763672,26.520000457763672,26.520000457763672,16857,0.0,0.0
2024-02-08 13:30:00-05:00,26.520000457763672,26.639999389648438,26.5,26.587499618530273,9606,0.0,0.0
2024-02-08 14:30:00-05:00,26.610000610351562,26.690000534057617,26.549999237060547,26.639999389648438,19129,0.0,0.0
2024-02-08 15:30:00-05:00,26.639999389648438,26.899999618530273,26.610000610351562,26.850099563598633,35038,0.0,0.0
2024-02-09 09:30:00-05:00,26.93000030517578,26.93000030517578,26.549999237060547,26.6200008392334,10689,0.0,0.0
2024-02-09 10:30:00-05:00,26.6200008392334,26.834999084472656,26.530000686645508,26.834999084472656,16521,0.0,0.0
2024-02-09 11:30:00-05:00,26.860000610351562,27.045000076293945,26.850000381469727,27.020000457763672,14759,0.0,0.0
2024-02-09 12:30:00-05:00,27.010000228881836,27.09000015258789,26.940000534057617,27.030000686645508,14677,0.0,0.0
2024-02-09 13:30:00-05:00,26.989999771118164,27.15999984741211,26.94499969482422,27.1299991607666,9677,0.0,0.0
2024-02-09 14:30:00-05:00,27.149999618530273,27.219999313354492,27.110000610351562,27.164600372314453,15088,0.0,0.0
2024-02-09 15:30:00-05:00,27.19499969482422,27.25,27.079999923706055,27.229999542236328,29081,0.0,0.0
2024-02-12 09:30:00-05:00,27.219999313354492,27.854999542236328,27.219999313354492,27.854999542236328,30050,0.0,0.0
2024-02-12 10:30:00-05:00,27.860000610351562,28.34000015258789,27.860000610351562,28.329999923706055,12649,0.0,0.0
2024-02-12 11:30:00-05:00,28.315000534057617,28.459999084472656,28.290000915527344,28.459999084472656,5782,0.0,0.0
2024-02-12 12:30:00-05:00,28.469999313354492,28.56999969482422,28.385000228881836,28.56999969482422,8133,0.0,0.0
2024-02-12 13:30:00-05:00,28.600000381469727,28.78499984741211,28.59000015258789,28.78499984741211,10773,0.0,0.0
2024-02-12 14:30:00-05:00,28.760000228881836,28.905000686645508,28.649999618530273,28.780000686645508,17365,0.0,0.0
2024-02-12 15:30:00-05:00,28.799999237060547,28.969999313354492,28.799999237060547,28.969999313354492,23457,0.0,0.0
2024-02-13 09:30:00-05:00,28.139999389648438,28.190000534057617,27.329999923706055,27.6200008392334,18476,0.0,0.0
2024-02-13 10:30:00-05:00,27.610000610351562,28.209999084472656,27.460599899291992,27.829999923706055,27797,0.0,0.0
2024-02-13 11:30:00-05:00,27.809999465942383,27.940000534057617,27.725000381469727,27.75,9662,0.0,0.0
2024-02-13 12:30:00-05:00,27.790000915527344,28.030000686645508,27.729999542236328,28.030000686645508,20439,0.0,0.0
2024-02-13 13:30:00-05:00,28.010000228881836,28.020000457763672,27.815000534057617,27.834999084472656,12406,0.0,0.0
2024-02-13 14:30:00-05:00,27.84000015258789,27.93000030517578,27.530000686645508,27.530000686645508,17525,0.0,0.0
2024-02-13 15:30:00-05:00,27.565000534057617,27.8799991607666,27.565000534057617,27.75,40546,0.0,0.0
2024-02-14 09:30:00-05:00,28.1200008392334,28.174999237060547,27.71500015258789,28.09000015258789,5525,0.0,0.0
2024-02-14 10:30:00-05:00,28.059999465942383,28.149999618530273,27.81999969482422,27.9950008392334,22641,0.0,0.0
2024-02-14 11:30:00-05:00,28.0049991607666,28.0049991607666,27.774999618530273,27.809999465942383,5679,0.0,0.0
2024-02-14 12:30:00-05:00,27.809999465942383,27.913999557495117,27.709999084472656,27.709999084472656,8391,0.0,0.0
2024-02-14 13:30:00-05:00,27.749000549316406,27.825000762939453,27.600000381469727,27.81999969482422,5663,0.0,0.0
2024-02-14 14:30:00-05:00,27.829999923706055,28.030000686645508,27.829999923706055,28.0,10118,0.0,0.0
2024-02-14 15:30:00-05:00,28.020000457763672,28.020000457763672,27.81999969482422,27.81999969482422,31930,0.0,0.0
2024-02-15 09:30:00-05:00,28.049999237060547,28.350000381469727,28.030000686645508,28.290000915527344,21935,0.0,0.0
2024-02-15 10:30:00-05:00,28.264999389648438,28.264999389648438,27.969999313354492,27.975000381469727,4140,0.0,0.0
2024-02-15 11:30:00-05:00,28.030000686645508,28.190000534057617,28.030000686645508,28.180200576782227,9567,0.0,0.0
2024-02-15 12:30:00-05:00,28.2549991607666,28.540000915527344,28.209999084472656,28.489999771118164,7465,0.0,0.0
2024-02-15 13:30:00-05:00,28.510000228881836,28.690000534057617,28.450000762939453,28.6200008392334,13897,0.0,0.0
2024-02-15 14:30:00-05:00,28.65999984741211,28.790000915527344,28.579999923706055,28.716999053955078,21312,0.0,0.0
2024-02-15 15:30:00-05:00,28.690000534057617,28.8700008392334,28.559999465942383,28.770000457763672,32656,0.0,0.0
2024-02-16 09:30:00-05:00,28.65999984741211,28.940000534057617,28.329999923706055,28.69499969482422,17934,0.0,0.0
2024-02-16 10:30:00-05:00,28.700000762939453,28.850000381469727,28.540000915527344,28.649999618530273,22761,0.0,0.0
2024-02-16 11:30:00-05:00,28.75,28.809999465942383,28.530000686645508,28.65999984741211,9936,0.0,0.0
2024-02-16 12:30:00-05:00,28.68000030517578,29.100000381469727,28.65999984741211,29.100000381469727,16457,0.0,0.0
2024-02-16 13:30:00-05:00,29.079999923706055,29.329999923706055,29.06999969482422,29.329999923706055,14437,0.0,0.0
2024-02-16 14:30:00-05:00,29.30500030517578,29.309999465942383,29.0,29.024999618530273,24044,0.0,0.0
2024-02-16 15:30:00-05:00,29.040000915527344,29.1200008392334,28.90999984741211,29.040000915527344,40718,0.0,0.0
2024-02-20 09:30:00-05:00,28.6299991607666,29.06999969482422,28.6299991607666,28.920000076293945,24889,0.0,0.0
2024-02-20 10:30:00-05:00,28.940000534057617,29.248199462890625,28.834999084472656,28.834999084472656,12693,0.0,0.0
2024-02-20 11:30:00-05:00,28.825000762939453,28.825000762939453,28.469999313354492,28.709999084472656,6188,0.0,0.0
2024-02-20 12:30:00-05:00,28.639999389648438,28.760000228881836,28.6299991607666,28.719999313354492,7896,0.0,0.0
2024-02-20 13:30:00-05:00,28.6299991607666,28.65999984741211,28.40999984741211,28.43000030517578,10869,0.0,0.0
2024-02-20 14:30:00-05:00,28.420000076293945,28.540000915527344,28.420000076293945,28.489999771118164,8663,0.0,0.0
2024-02-20 15:30:00-05:00,28.43000030517578,28.479999542236328,28.280000686645508,28.479999542236328,23072,0.0,0.0
2024-02-21 09:30:00-05:00,28.350000381469727,28.639999389648438,28.334999084472656,28.40999984741211,10237,0.0,0.0
2024-02-21 10:30:00-05:00,28.3799991607666,28.3799991607666,27.950000762939453,28.25,11986,0.0,0.0
2024-02-21 11:30:00-05:00,28.280000686645508,28.31999969482422,28.15999984741211,28.15999984741211,8447,0.0,0.0
2024-02-21 12:30:00-05:00,28.079999923706055,28.290000915527344,28.049999237060547,28.229999542236328,10121,0.0,0.0
2024-02-21 13:30:00-05:00,28.270000457763672,28.270000457763672,28.084999084472656,28.190000534057617,7388,0.0,0.0
2024-02-21 14:30:00-05:00,28.190000534057617,28.219999313354492,28.09000015258789,28.139999389648438,11141,0.0,0.0
2024-02-21 15:30:00-05:00,28.18000030517578,28.290000915527344,28.100000381469727,28.170000076293945,25337,0.0,0.0
2024-02-22 09:30:00-05:00,28.18000030517578,28.18000030517578,27.725000381469727,27.850000381469727,13968,0.0,0.0
2024-02-22 10:30:00-05:00,27.729999542236328,27.84000015258789,27.65999984741211,27.75,10620,0.0,0.0
2024-02-22 11:30:00-05:00,27.75,27.889999389648438,27.735000610351562,27.889999389648438,6589,0.0,0.0
2024-02-22 12:30:00-05:00,27.829999923706055,28.079999923706055,27.809999465942383,27.969999313354492,7051,0.0,0.0
2024-02-22 13:30:00-05:00,28.0,28.049999237060547,27.950000762939453,28.020000457763672,8120,0.0,0.0
2024-02-22 14:30:00-05:00,28.059999465942383,28.139999389648438,27.899999618530273,28.110000610351562,18460,0.0,0.0
2024-02-22 15:30:00-05:00,28.100000381469727,28.18000030517578,27.90999984741211,27.979999542236328,31675,0.0,0.0
2024-02-23 09:30:00-05:00,28.0,28.11949920654297,27.700000762939453,27.93000030517578,24612,0.0,0.0
2024-02-23 10:30:00-05:00,27.8700008392334,28.040000915527344,27.725000381469727,27.780000686645508,10151,0.0,0.0
2024-02-23 11:30:00-05:00,27.75,28.06999969482422,27.75,27.920000076293945,12824,0.0,0.0
2024-02-23 12:30:00-05:00,27.950000762939453,28.075000762939453,27.924999237060547,28.020000457763672,10142,0.0,0.0
2024-02-23 13:30:00-05:00,28.040000915527344,28.065000534057617,27.93000030517578,27.93000030517578,16024,0.0,0.0
2024-02-23 14:30:00-05:00,27.959999084472656,28.19499969482422,27.950000762939453,28.149999618530273,19863,0.0,0.0
2024-02-23 15:30:00-05:00,28.125,28.3700008392334,27.9950008392334,28.360000610351562,36252,0.0,0.0
2024-02-26 09:30:00-05:00,28.329999923706055,28.434999465942383,28.010000228881836,28.010000228881836,12064,0.0,0.0
2024-02-26 10:30:00-05:00,27.926000595092773,28.170000076293945,27.926000595092773,28.1299991607666,5874,0.0,0.0
2024-02-26 11:30:00-05:00,28.190000534057617,28.459999084472656,28.170000076293945,28.170000076293945,12042,0.0,0.0
2024-02-26 12:30:00-05:00,28.15999984741211,28.18000030517578,27.950000762939453,27.959999084472656,10973,0.0,0.0
2024-02-26 13:30:00-05:00,27.989999771118164,28.15999984741211,27.989999771118164,28.059999465942383,7093,0.0,0.0
2024-02-26 14:30:00-05:00,28.05500030517578,28.155000686645508,27.934499740600586,28.149999618530273,17863,0.0,0.0
2024-02-26 15:30:00-05:00,28.1299991607666,28.15999984741211,28.010000228881836,28.079999923706055,33867,0.0,0.0
2024-02-27 09:30:00-05:00,28.329999923706055,28.420000076293945,28.170000076293945,28.290000915527344,6295,0.0,0.0
2024-02-27 10:30:00-05:00,28.31999969482422,28.489999771118164,28.229999542236328,28.34000015258789,11392,0.0,0.0
2024-02-27 11:30:00-05:00,28.450000762939453,28.489999771118164,28.360000610351562,28.450000762939453,4913,0.0,0.0
2024-02-27 12:30:00-05:00,28.3799991607666,28.5,28.31999969482422,28.479999542236328,11036,0.0,0.0
2024-02-27 13:30:00-05:00,28.459999084472656,28.459999084472656,28.350000381469727,28.40999984741211,8712,0.0,0.0
2024-02-27 14:30:00-05:00,28.399999618530273,28.454999923706055,28.3700008392334,28.383499145507812,14438,0.0,0.0
2024-02-27 15:30:00-05:00,28.350000381469727,28.6299991607666,28.34000015258789,28.6299991607666,35318,0.0,0.0
2024-02-28 09:30:00-05:00,28.3700008392334,28.479999542236328,28.190000534057617,28.420000076293945,5927,0.0,0.0
2024-02-28 10:30:00-05:00,28.399999618530273,28.799999237060547,28.3799991607666,28.799999237060547,13046,0.0,0.0
2024-02-28 11:30:00-05:00,28.800399780273438,28.815000534057617,28.649999618530273,28.815000534057617,8216,0.0,0.0
2024-02-28 12:30:00-05:00,28.760000228881836,28.809999465942383,28.725000381469727,28.799999237060547,9690,0.0,0.0
2024-02-28 13:30:00-05:00,28.790000915527344,28.889999389648438,28.559999465942383,28.655000686645508,10303,0.0,0.0
2024-02-28 14:30:00-05:00,28.670000076293945,28.729999542236328,28.49970054626465,28.59000015258789,17311,0.0,0.0
2024-02-28 15:30:00-05:00,28.469999313354492,28.59000015258789,28.385000228881836,28.479999542236328,26429,0.0,0.0
2024-02-29 09:30:00-05:00,28.979999542236328,29.399999618530273,28.790000915527344,29.030000686645508,14185,0.0,0.0
2024-02-29 10:30:00-05:00,29.0,29.06999969482422,28.84469985961914,28.84469985961914,14791,0.0,0.0
2024-02-29 11:30:00-05:00,28.774999618530273,28.93000030517578,28.709999084472656,28.709999084472656,9752,0.0,0.0
2024-02-29 12:30:00-05:00,28.700000762939453,28.799999237060547,28.69499969482422,28.7549991607666,12040,0.0,0.0
2024-02-29 13:30:00-05:00,28.79949951171875,28.969999313354492,28.545000076293945,28.559999465942383,13770,0.0,0.0
2024-02-29 14:30:00-05:00,28.541099548339844,28.6200008392334,28.450000762939453,28.59000015258789,24856,0.0,0.0
2024-02-29 15:30:00-05:00,28.639999389648438,28.979999542236328,28.6200008392334,28.8700008392334,27033,0.0,0.0
2024-03-01 09:30:00-05:00,29.020000457763672,29.020000457763672,28.530000686645508,28.940000534057617,3864,0.0,0.0
2024-03-01 10:30:00-05:00,28.860000610351562,29.110000610351562,28.7450008392334,28.899999618530273,24585,0.0,0.0
2024-03-01 11:30:00-05:00,28.8799991607666,28.93000030517578,28.75,28.84000015258789,11520,0.0,0.0
2024-03-01 12:30:00-05:00,28.829999923706055,28.850000381469727,28.59000015258789,28.770000457763672,40415,0.0,0.0
2024-03-01 13:30:00-05:00,28.770000457763672,28.920000076293945,28.709999084472656,28.920000076293945,12517,0.0,0.0
2024-03-01 14:30:00-05:00,28.90999984741211,28.969999313354492,28.579999923706055,28.579999923706055,19217,0.0,0.0
2024-03-01 15:30:00-05:00,28.611000061035156,28.940000534057617,28.610000610351562,28.8799991607666,28693,0.0,0.0
2024-03-04 09:30:00-05:00,29.0,29.165000915527344,28.559999465942383,28.719999313354492,11136,0.0,0.0
2024-03-04 10:30:00-05:00,28.850000381469727,28.90999984741211,28.459999084472656,28.469999313354492,2934,0.0,0.0
2024-03-04 11:30:00-05:00,28.440000534057617,28.56999969482422,28.20199966430664,28.56999969482422,10412,0.0,0.0
2024-03-04 12:30:00-05:00,28.588600158691406,28.709999084472656,28.559999465942383,28.6299991607666,6529,0.0,0.0
2024-03-04 13:30:00-05:00,28.649999618530273,28.850000381469727,28.58930015563965,28.850000381469727,6054,0.0,0.0
2024-03-04 14:30:00-05:00,28.850000381469727,28.850000381469727,28.510000228881836,28.520000457763672,10538,0.0,0.0
2024-03-04 15:30:00-05:00,28.510000228881836,28.670000076293945,28.479999542236328,28.520000457763672,62986,0.0,0.0
2024-03-05 09:30:00-05:00,28.5,29.030000686645508,28.030000686645508,29.020000457763672,38592,0.0,0.0
2024-03-05 10:30:00-05:00,28.979999542236328,29.09000015258789,28.889999389648438,28.920000076293945,16043,0.0,0.0
2024-03-05 11:30:00-05:00,29.030000686645508,29.209999084472656,28.989999771118164,29.040000915527344,0,0.0,0.0
2024-03-05 12:30:00-05:00,29.079999923706055,29.549999237060547,29.059999465942383,29.549999237060547,13169,0.0,0.0
2024-03-05 13:30:00-05:00,29.56999969482422,29.649999618530273,29.260000228881836,29.350000381469727,14595,0.0,0.0
2024-03-05 14:30:00-05:00,29.290000915527344,29.29599952697754,29.06999969482422,29.200000762939453,12995,0.0,0.0
2024-03-05 15:30:00-05:00,29.18000030517578,29.18000030517578,28.969999313354492,29.0,76512,0.0,0.0
2024-03-06 09:30:00-05:00,29.040000915527344,29.549999237060547,28.920000076293945,29.170000076293945,15869,0.0,0.0
2024-03-06 10:30:00-05:00,29.229999542236328,29.829999923706055,29.219999313354492,29.68000030517578,14079,0.0,0.0
2024-03-06 11:30:00-05:00,29.7549991607666,29.790000915527344,29.395000457763672,29.467500686645508,17186,0.0,0.0
2024-03-06 12:30:00-05:00,29.399999618530273,29.565000534057617,29.350000381469727,29.5049991607666,8562,0.0,0.0
2024-03-06 13:30:00-05:00,29.469999313354492,29.5049991607666,29.3799991607666,29.459999084472656,9903,0.0,0.0
2024-03-06 14:30:00-05:00,29.43000030517578,29.510000228881836,29.250099182128906,29.420000076293945,12683,0.0,0.0
2024-03-06 15:30:00-05:00,29.424999237060547,29.459999084472656,29.329999923706055,29.399999618530273,76677,0.0,0.0
2024-03-07 09:30:00-05:00,29.719999313354492,29.885000228881836,29.468299865722656,29.790000915527344,14153,0.0,0.0
2024-03-07 10:30:00-05:00,29.724000930786133,29.780000686645508,29.309999465942383,29.389999389648438,17001,0.0,0.0
2024-03-07 11:30:00-05:00,29.329999923706055,29.34000015258789,29.110000610351562,29.18000030517578,12096,0.0,0.0
2024-03-07 12:30:00-05:00,29.239999771118164,29.56999969482422,29.204999923706055,29.489999771118164,13554,0.0,0.0
2024-03-07 13:30:00-05:00,29.485000610351562,29.655000686645508,29.329999923706055,29.520000457763672,17162,0.0,0.0
2024-03-07 14:30:00-05:00,29.559999465942383,29.665000915527344,29.530000686645508,29.600000381469727,16766,0.0,0.0
2024-03-07 15:30:00-05:00,29.600000381469727,29.700000762939453,29.389999389648438,29.440000534057617,37694,0.0,0.0
2024-03-08 09:30:00-05:00,29.780000686645508,29.885000228881836,29.510000228881836,29.670000076293945,9354,0.0,0.0
2024-03-08 10:30:00-05:00,29.709999084472656,29.950000762939453,29.610000610351562,29.889999389648438,15085,0.0,0.0
2024-03-08 11:30:00-05:00,29.850000381469727,29.8799991607666,29.350000381469727,29.68000030517578,21549,0.0,0.0
2024-03-08 12:30:00-05:00,29.739999771118164,29.75,29.3799991607666,29.524999618530273,11023,0.0,0.0
2024-03-08 13:30:00-05:00,29.479999542236328,29.700000762939453,29.440000534057617,29.565000534057617,21030,0.0,0.0
2024-03-08 14:30:00-05:00,29.59000015258789,29.59000015258789,29.350000381469727,29.350000381469727,14969,0.0,0.0
2024-03-08 15:30:00-05:00,29.290000915527344,29.377500534057617,29.219999313354492,29.31999969482422,36266,0.0,0.0
2024-03-11 09:30:00-04:00,28.71780014038086,29.510000228881836,28.71780014038086,28.834999084472656,17729,0.0,0.0
2024-03-11 10:30:00-04:00,28.780000686645508,28.90999984741211,28.709999084472656,28.809999465942383,24520,0.0,0.0
2024-03-11 11:30:00-04:00,28.860000610351562,29.040000915527344,28.739999771118164,28.739999771118164,102359,0.0,0.0
2024-03-11 12:30:00-04:00,28.799999237060547,29.020000457763672,28.75,28.895000457763672,47857,0.0,0.0
2024-03-11 13:30:00-04:00,28.969999313354492,29.0,28.780000686645508,28.834999084472656,49875,0.0,0.0
2024-03-11 14:30:00-04:00,28.81999969482422,28.81999969482422,28.66010093688965,28.760000228881836,43156,0.0,0.0
2024-03-11 15:30:00-04:00,28.790000915527344,28.790000915527344,28.549999237060547,28.579999923706055,100578,0.0,0.0
2024-03-12 09:30:00-04:00,28.049999237060547,28.709999084472656,27.56999969482422,28.31999969482422,47513,0.0,0.0
2024-03-12 10:30:00-04:00,28.3799991607666,29.59000015258789,28.35099983215332,29.219999313354492,35390,0.0,0.0
2024-03-12 11:30:00-04:00,29.204999923706055,29.270000457763672,28.329999923706055,28.56999969482422,43782,0.0,0.0
2024-03-12 12:30:00-04:00,28.520000457763672,28.860000610351562,28.520000457763672,28.639999389648438,24934,0.0,0.0
2024-03-12 13:30:00-04:00,28.59000015258789,28.6200008392334,28.3799991607666,28.6200008392334,20928,0.0,0.0
2024-03-12 14:30:00-04:00,28.75,29.239999771118164,28.65999984741211,29.19499969482422,81546,0.0,0.0
2024-03-12 15:30:00-04:00,29.200000762939453,29.540000915527344,29.200000762939453,29.5,149669,0.0,0.0
2024-03-13 09:30:00-04:00,29.350000381469727,31.260000228881836,29.350000381469727,31.145000457763672,34842,0.0,0.0
2024-03-13 10:30:00-04:00,31.045000076293945,31.15999984741211,30.690000534057617,30.96500015258789,24819,0.0,0.0
2024-03-13 11:30:00-04:00,30.96500015258789,31.165000915527344,30.6299991607666,30.81999969482422,32630,0.0,0.0
2024-03-13 12:30:00-04:00,30.670000076293945,30.670000076293945,29.969999313354492,29.989999771118164,21353,0.0,0.0
2024-03-13 13:30:00-04:00,29.989999771118164,30.05500030517578,29.56999969482422,29.56999969482422,19809,0.0,0.0
2024-03-13 14:30:00-04:00,29.56999969482422,29.600000381469727,29.195999145507812,29.299999237060547,40683,0.0,0.0
2024-03-13 15:30:00-04:00,29.299999237060547,29.579999923706055,29.239999771118164,29.459999084472656,55124,0.0,0.0
2024-03-14 09:30:00-04:00,29.3700008392334,30.510000228881836,29.2450008392334,29.40999984741211,42549,0.0,0.0
2024-03-14 10:30:00-04:00,29.381999969482422,29.55500030517578,29.381999969482422,29.510000228881836,18592,0.0,0.0
2024-03-14 11:30:00-04:00,29.469999313354492,29.510000228881836,29.174999237060547,29.174999237060547,33291,0.0,0.0
2024-03-14 12:30:00-04:00,29.239999771118164,29.25,28.899999618530273,29.03499984741211,12540,0.0,0.0
2024-03-14 13:30:00-04:00,29.010000228881836,29.209999084472656,28.96500015258789,28.985000610351562,16271,0.0,0.0
2024-03-14 14:30:00-04:00,28.979999542236328,29.09000015258789,28.889999389648438,29.0,22783,0.0,0.0
2024-03-14 15:30:00-04:00,29.024999618530273,29.270000457763672,29.014999389648438,29.270000457763672,40828,0.0,0.0
2024-03-15 09:30:00-04:00,29.1299991607666,29.579999923706055,29.1299991607666,29.280000686645508,35743,0.0,0.0
2024-03-15 10:30:00-04:00,29.260000228881836,29.30500030517578,29.030000686645508,29.110000610351562,7475,0.0,0.0
2024-03-15 11:30:00-04:00,29.040000915527344,29.059999465942383,28.91200065612793,28.91200065612793,3277,0.0,0.0
2024-03-15 12:30:00-04:00,28.8799991607666,28.969999313354492,28.799999237060547,28.799999237060547,7380,0.0,0.0
2024-03-15 13:30:00-04:00,28.829999923706055,28.84000015258789,28.520000457763672,28.700000762939453,13747,0.0,0.0
2024-03-15 14:30:00-04:00,28.700000762939453,28.790000915527344,28.5,28.520000457763672,14744,0.0,0.0
2024-03-15 15:30:00-04:00,28.520000457763672,28.940000534057617,28.510000228881836,28.8799991607666,74821,0.0,0.0
2024-03-18 09:30:00-04:00,28.899999618530273,28.959999084472656,28.020000457763672,28.850000381469727,45330,0.0,0.0
2024-03-18 10:30:00-04:00,28.899999618530273,29.18000030517578,28.857500076293945,29.100000381469727,27122,0.0,0.0
2024-03-18 11:30:00-04:00,29.100000381469727,29.260000228881836,28.940000534057617,29.094999313354492,26620,0.0,0.0
2024-03-18 12:30:00-04:00,29.100000381469727,29.100000381469727,29.010000228881836,29.059999465942383,23882,0.0,0.0
2024-03-18 13:30:00-04:00,29.1299991607666,29.264999389648438,29.1299991607666,29.190000534057617,17905,0.0,0.0
2024-03-18 14:30:00-04:00,29.208999633789062,29.290000915527344,28.969999313354492,29.049999237060547,35438,0.0,0.0
2024-03-18 15:30:00-04:00,28.979999542236328,29.024999618530273,28.670000076293945,28.670000076293945,32502,0.0,0.0
2024-03-19 09:30:00-04:00,28.65999984741211,28.78499984741211,28.530000686645508,28.530000686645508,9089,0.0,0.0
2024-03-19 10:30:00-04:00,28.569000244140625,28.719999313354492,28.569000244140625,28.655000686645508,17077,0.0,0.0
2024-03-19 11:30:00-04:00,28.68000030517578,28.700000762939453,28.639999389648438,28.65999984741211,10843,0.0,0.0
2024-03-19 12:30:00-04:00,28.646900177001953,28.959999084472656,28.646900177001953,28.940000534057617,34270,0.0,0.0
2024-03-19 13:30:00-04:00,28.950000762939453,29.030000686645508,28.8799991607666,28.969999313354492,16102,0.0,0.0
2024-03-19 14:30:00-04:00,28.969999313354492,29.020000457763672,28.860000610351562,28.90999984741211,16262,0.0,0.0
2024-03-19 15:30:00-04:00,28.93000030517578,29.009000778198242,28.809999465942383,28.959999084472656,36789,0.0,0.0
2024-03-20 09:30:00-04:00,28.809999465942383,29.040000915527344,28.69499969482422,28.809999465942383,12203,0.0,0.0
2024-03-20 10:30:00-04:00,28.735000610351562,28.790000915527344,28.510000228881836,28.510000228881836,8305,0.0,0.0
2024-03-20 11:30:00-04:00,28.549999237060547,28.579999923706055,28.489999771118164,28.510000228881836,8901,0.0,0.0
2024-03-20 12:30:00-04:00,28.489999771118164,28.514999389648438,28.25,28.25,11790,0.0,0.0
2024-03-20 13:30:00-04:00,28.21500015258789,28.540000915527344,28.18000030517578,28.350000381469727,16992,0.0,0.0
2024-03-20 14:30:00-04:00,28.301799774169922,28.80500030517578,28.149999618530273,28.80500030517578,17999,0.0,0.0
2024-03-20 15:30:00-04:00,28.809999465942383,28.920000076293945,28.739999771118164,28.8799991607666,34382,0.0,0.0
2024-03-21 09:30:00-04:00,29.110000610351562,29.15999984741211,28.90999984741211,29.0,14300,0.0,0.0
2024-03-21 10:30:00-04:00,28.989999771118164,29.014999389648438,28.510000228881836,28.6200008392334,17795,0.0,0.0
2024-03-21 11:30:00-04:00,28.6299991607666,28.65999984741211,28.450000762939453,28.579999923706055,8916,0.0,0.0
2024-03-21 12:30:00-04:00,28.549999237060547,28.774999618530273,28.5,28.774999618530273,16126,0.0,0.0
2024-03-21 13:30:00-04:00,28.774999618530273,28.959999084472656,28.75,28.799999237060547,14453,0.0,0.0
2024-03-21 14:30:00-04:00,28.799999237060547,28.969999313354492,28.795000076293945,28.934999465942383,22049,0.0,0.0
2024-03-21 15:30:00-04:00,28.940000534057617,28.940000534057617,28.549999237060547,28.559999465942383,32358,0.0,0.0
2024-03-22 09:30:00-04:00,28.610000610351562,28.709999084472656,28.280000686645508,28.38249969482422,11699,0.0,0.0
2024-03-22 10:30:00-04:00,28.40399932861328,28.40399932861328,28.149999618530273,28.31999969482422,9117,0.0,0.0
2024-03-22 11:30:00-04:00,28.299999237060547,28.299999237060547,28.1200008392334,28.1299991607666,8578,0.0,0.0
2024-03-22 12:30:00-04:00,28.1200008392334,28.15959930419922,28.040000915527344,28.15959930419922,4944,0.0,0.0
2024-03-22 13:30:00-04:00,28.139999389648438,28.139999389648438,27.860000610351562,27.899999618530273,14469,0.0,0.0
2024-03-22 14:30:00-04:00,27.860000610351562,27.8700008392334,27.649999618530273,27.649999618530273,26824,0.0,0.0
2024-03-22 15:30:00-04:00,27.639999389648438,27.770000457763672,27.52199935913086,27.75,33592,0.0,0.0
2024-03-25 09:30:00-04:00,27.8700008392334,28.25,27.615999221801758,27.850000381469727,29710,0.0,0.0
2024-03-25 10:30:00-04:00,27.916000366210938,27.916000366210938,27.500999450683594,27.500999450683594,7612,0.0,0.0
2024-03-25 11:30:00-04:00,27.5,27.670000076293945,27.450000762939453,27.450000762939453,9080,0.0,0.0
2024-03-25 12:30:00-04:00,27.454999923706055,27.559999465942383,27.34000015258789,27.34000015258789,12580,0.0,0.0
2024-03-25 13:30:00-04:00,27.36639976501465,27.579999923706055,27.34000015258789,27.38170051574707,14581,0.0,0.0
2024-03-25 14:30:00-04:00,27.399999618530273,27.399999618530273,27.18000030517578,27.18899917602539,13043,0.0,0.0
2024-03-25 15:30:00-04:00,27.170000076293945,27.389999389648438,27.15999984741211,27.163000106811523,28894,0.0,0.0
2024-03-26 09:30:00-04:00,27.40999984741211,27.454999923706055,27.145999908447266,27.149999618530273,17895,0.0,0.0
2024-03-26 10:30:00-04:00,27.25,27.329999923706055,27.06599998474121,27.25,16031,0.0,0.0
2024-03-26 11:30:00-04:00,27.290000915527344,27.479999542236328,27.219999313354492,27.450000762939453,19653,0.0,0.0
2024-03-26 12:30:00-04:00,27.440000534057617,27.500999450683594,27.3799991607666,27.446699142456055,11082,0.0,0.0
2024-03-26 13:30:00-04:00,27.459999084472656,27.5,27.43000030517578,27.469999313354492,9252,0.0,0.0
2024-03-26 14:30:00-04:00,27.469999313354492,27.489999771118164,27.25,27.25,22078,0.0,0.0
2024-03-26 15:30:00-04:00,27.190000534057617,27.31999969482422,27.059999465942383,27.06999969482422,29389,0.0,0.0
2024-03-27 09:30:00-04:00,27.209999084472656,27.5,27.209999084472656,27.260000228881836,11754,0.0,0.0
2024-03-27 10:30:00-04:00,27.34000015258789,27.350000381469727,27.260000228881836,27.270000457763672,7958,0.0,0.0
2024-03-27 11:30:00-04:00,27.200000762939453,27.219999313354492,27.15999984741211,27.170000076293945,6717,0.0,0.0
2024-03-27 12:30:00-04:00,27.1200008392334,27.25,27.094999313354492,27.094999313354492,7599,0.0,0.0
2024-03-27 13:30:00-04:00,27.040000915527344,27.149999618530273,26.915000915527344,27.149999618530273,20591,0.0,0.0
2024-03-27 14:30:00-04:00,27.139999389648438,27.475000381469727,27.1299991607666,27.475000381469727,18087,0.0,0.0
2024-03-27 15:30:00-04:00,27.469999313354492,27.739999771118164,27.469999313354492,27.739999771118164,34714,0.0,0.0
2024-03-28 09:30:00-04:00,27.610000610351562,27.905000686645508,27.610000610351562,27.899999618530273,7865,0.0,0.0
2024-03-28 10:30:00-04:00,27.90999984741211,28.065000534057617,27.81999969482422,28.040000915527344,19531,0.0,0.0
2024-03-28 11:30:00-04:00,28.079999923706055,28.079999923706055,27.760000228881836,27.809999465942383,16512,0.0,0.0
2024-03-28 12:30:00-04:00,27.770000457763672,27.989999771118164,27.746000289916992,27.989999771118164,13668,0.0,0.0
2024-03-28 13:30:00-04:00,27.94499969482422,28.114999771118164,27.94499969482422,28.09600067138672,9952,0.0,0.0
2024-03-28 14:30:00-04:00,28.09000015258789,28.100000381469727,27.65999984741211,27.809999465942383,26762,0.0,0.0
2024-03-28 15:30:00-04:00,27.75,27.905000686645508,27.739999771118164,27.770000457763672,32968,0.0,0.0
2024-04-01 09:30:00-04:00,27.959999084472656,27.959999084472656,27.290000915527344,27.479999542236328,11108,0.0,0.0
2024-04-01 10:30:00-04:00,27.534000396728516,27.860000610351562,27.475000381469727,27.815000534057617,7877,0.0,0.0
2024-04-01 11:30:00-04:00,27.829999923706055,27.8700008392334,27.600000381469727,27.700000762939453,13367,0.0,0.0
2024-04-01 12:30:00-04:00,27.649999618530273,27.81999969482422,27.6200008392334,27.799999237060547,13242,0.0,0.0
2024-04-01 13:30:00-04:00,27.850000381469727,27.850000381469727,27.44499969482422,27.5,13941,0.0,0.0
2024-04-01 14:30:00-04:00,27.4950008392334,27.5049991607666,27.375,27.434999465942383,23521,0.0,0.0
2024-04-01 15:30:00-04:00,27.43000030517578,27.5,27.360000610351562,27.360000610351562,27574,0.0,0.0
2024-04-02 09:30:00-04:00,27.020000457763672,27.020000457763672,26.5,26.7450008392334,14182,0.0,0.0
2024-04-02 10:30:00-04:00,26.690000534057617,27.079999923706055,26.690000534057617,26.989999771118164,10262,0.0,0.0
2024-04-02 11:30:00-04:00,26.940000534057617,27.049999237060547,26.93000030517578,26.940000534057617,9094,0.0,0.0
2024-04-02 12:30:00-04:00,26.889999389648438,27.0,26.850000381469727,26.96500015258789,11525,0.0,0.0
2024-04-02 13:30:00-04:00,26.940000534057617,26.940000534057617,26.860000610351562,26.90999984741211,6740,0.0,0.0
2024-04-02 14:30:00-04:00,26.8799991607666,26.8799991607666,26.6200008392334,26.719999313354492,29390,0.0,0.0
2024-04-02 15:30:00-04:00,26.700000762939453,26.760000228881836,26.610000610351562,26.68000030517578,52615,0.0,0.0
2024-04-03 09:30:00-04:00,26.520000457763672,26.729999542236328,26.3799991607666,26.479999542236328,5206,0.0,0.0
2024-04-03 10:30:00-04:00,26.479999542236328,26.6200008392334,26.459999084472656,26.59000015258789,6707,0.0,0.0
2024-04-03 11:30:00-04:00,26.56999969482422,26.600000381469727,26.290000915527344,26.290000915527344,4701,0.0,0.0
2024-04-03 12:30:00-04:00,26.290000915527344,26.31999969482422,26.229999542236328,26.229999542236328,6707,0.0,0.0
2024-04-03 13:30:00-04:00,26.25,26.25,26.1200008392334,26.170000076293945,10763,0.0,0.0
2024-04-03 14:30:00-04:00,26.18000030517578,26.290000915527344,26.166000366210938,26.239999771118164,7553,0.0,0.0
2024-04-03 15:30:00-04:00,26.170000076293945,26.209999084472656,26.099700927734375,26.100000381469727,20478,0.0,0.0
2024-04-04 09:30:00-04:00,26.15999984741211,26.334999084472656,25.90999984741211,26.08839988708496,15055,0.0,0.0
2024-04-04 10:30:00-04:00,26.079999923706055,26.200000762939453,26.079999923706055,26.161699295043945,5009,0.0,0.0
2024-04-04 11:30:00-04:00,26.11639976501465,26.16990089416504,26.0,26.079999923706055,9309,0.0,0.0
2024-04-04 12:30:00-04:00,26.082300186157227,26.093399047851562,25.940000534057617,25.940000534057617,8825,0.0,0.0
2024-04-04 13:30:00-04:00,25.920000076293945,25.940000534057617,25.65999984741211,25.75,31432,0.0,0.0
2024-04-04 14:30:00-04:00,25.739999771118164,25.770000457763672,25.459999084472656,25.579999923706055,23735,0.0,0.0
2024-04-04 15:30:00-04:00,25.575000762939453,25.610000610351562,25.43000030517578,25.469999313354492,53101,0.0,0.0
2024-04-05 09:30:00-04:00,25.530000686645508,25.530000686645508,25.293800354003906,25.354999542236328,6651,0.0,0.0
2024-04-05 10:30:00-04:00,25.350000381469727,25.507099151611328,25.280000686645508,25.280000686645508,11200,0.0,0.0
2024-04-05 11:30:00-04:00,25.295000076293945,25.579999923706055,25.295000076293945,25.530000686645508,13077,0.0,0.0
2024-04-05 12:30:00-04:00,25.52359962463379,25.625,25.479999542236328,25.530000686645508,9961,0.0,0.0
2024-04-05 13:30:00-04:00,25.485000610351562,25.56999969482422,25.45789909362793,25.549999237060547,6286,0.0,0.0
2024-04-05 14:30:00-04:00,25.559999465942383,25.6299991607666,25.520000457763672,25.523000717163086,10289,0.0,0.0
2024-04-05 15:30:00-04:00,25.520000457763672,25.600000381469727,25.420000076293945,25.59000015258789,17083,0.0,0.0
2024-04-08 09:30:00-04:00,25.790000915527344,26.065000534057617,25.790000915527344,25.889999389648438,4075,0.0,0.0
2024-04-08 10:30:00-04:00,25.8799991607666,26.139999389648438,25.860000610351562,26.114999771118164,8226,0.0,0.0
2024-04-08 11:30:00-04:00,26.06999969482422,26.06999969482422,25.96500015258789,26.065000534057617,5549,0.0,0.0
2024-04-08 12:30:00-04:00,26.09000015258789,26.280000686645508,26.09000015258789,26.209999084472656,12262,0.0,0.0
2024-04-08 13:30:00-04:00,26.15999984741211,26.15999984741211,25.989999771118164,26.059999465942383,9052,0.0,0.0
2024-04-08 14:30:00-04:00,26.020000457763672,26.079999923706055,25.969999313354492,26.0,11501,0.0,0.0
2024-04-08 15:30:00-04:00,25.989999771118164,26.040000915527344,25.969999313354492,26.020000457763672,18136,0.0,0.0
2024-04-09 09:30:00-04:00,26.040000915527344,26.219999313354492,26.040000915527344,26.110000610351562,6572,0.0,0.0
2024-04-09 10:30:00-04:00,26.059999465942383,26.079999923706055,25.979999542236328,26.014999389648438,6504,0.0,0.0
2024-04-09 11:30:00-04:00,26.0,26.0,25.850000381469727,25.889999389648438,9534,0.0,0.0
2024-04-09 12:30:00-04:00,25.8799991607666,25.8799991607666,25.809999465942383,25.816999435424805,3970,0.0,0.0
2024-04-09 13:30:00-04:00,25.885000228881836,25.899999618530273,25.729999542236328,25.799999237060547,14105,0.0,0.0
2024-04-09 14:30:00-04:00,25.760000228881836,25.790000915527344,25.709999084472656,25.790000915527344,7218,0.0,0.0
2024-04-09 15:30:00-04:00,25.795000076293945,25.850000381469727,25.700000762939453,25.850000381469727,16199,0.0,0.0
2024-04-10 09:30:00-04:00,25.399999618530273,25.559999465942383,25.0,25.235000610351562,18741,0.0,0.0
2024-04-10 10:30:00-04:00,25.190000534057617,25.200000762939453,24.899999618530273,24.969999313354492,14211,0.0,0.0
2024-04-10 11:30:00-04:00,24.971200942993164,24.971200942993164,24.770000457763672,24.770000457763672,7964,0.0,0.0
2024-04-10 12:30:00-04:00,24.790000915527344,24.790000915527344,24.549999237060547,24.549999237060547,21255,0.0,0.0
2024-04-10 13:30:00-04:00,24.549299240112305,24.6299991607666,24.424999237060547,24.5049991607666,15452,0.0,0.0
2024-04-10 14:30:00-04:00,24.469999313354492,25.81999969482422,24.360000610351562,24.56999969482422,20556,0.0,0.0
2024-04-10 15:30:00-04:00,24.59000015258789,24.610000610351562,24.459999084472656,24.5,23861,0.0,0.0
2024-04-11 09:30:00-04:00,24.739999771118164,24.739999771118164,24.440000534057617,24.459999084472656,8416,0.0,0.0
2024-04-11 10:30:00-04:00,24.48200035095215,24.547100067138672,24.34469985961914,24.350000381469727,7090,0.0,0.0
2024-04-11 11:30:00-04:00,24.3799991607666,24.6299991607666,24.360000610351562,24.5,8717,0.0,0.0
2024-04-11 12:30:00-04:00,24.5,24.6299991607666,24.43000030517578,24.5,9872,0.0,0.0
2024-04-11 13:30:00-04:00,24.530000686645508,24.690000534057617,24.40999984741211,24.690000534057617,19576,0.0,0.0
2024-04-11 14:30:00-04:00,24.665000915527344,24.760000228881836,24.579999923706055,24.6200008392334,22009,0.0,0.0
2024-04-11 15:30:00-04:00,24.649999618530273,24.81999969482422,24.610000610351562,24.700000762939453,35396,0.0,0.0
2024-04-12 09:30:00-04:00,24.540000915527344,24.739999771118164,24.34000015258789,24.41819953918457,11380,0.0,0.0
2024-04-12 10:30:00-04:00,24.350000381469727,24.559999465942383,24.350000381469727,24.5,9708,0.0,0.0
2024-04-12 11:30:00-04:00,24.479999542236328,24.600000381469727,24.350000381469727,24.350000381469727,7566,0.0,0.0
2024-04-12 12:30:00-04:00,24.350000381469727,24.559999465942383,24.350000381469727,24.40999984741211,12930,0.0,0.0
2024-04-12 13:30:00-04:00,24.350000381469727,24.520000457763672,24.350000381469727,24.5,7808,0.0,0.0
2024-04-12 14:30:00-04:00,24.420000076293945,24.5,24.360000610351562,24.399999618530273,19948,0.0,0.0
2024-04-12 15:30:00-04:00,24.389999389648438,24.479999542236328,24.280000686645508,24.459999084472656,33793,0.0,0.0
2024-04-15 09:30:00-04:00,24.690000534057617,25.082500457763672,24.079999923706055,24.110000610351562,13134,0.0,0.0
2024-04-15 10:30:00-04:00,24.139999389648438,24.319900512695312,24.07069969177246,24.174999237060547,7375,0.0,0.0
2024-04-15 11:30:00-04:00,24.225000381469727,24.299999237060547,24.149999618530273,24.190000534057617,22237,0.0,0.0
2024-04-15 12:30:00-04:00,24.174999237060547,24.469999313354492,24.174999237060547,24.469999313354492,15028,0.0,0.0
2024-04-15 13:30:00-04:00,24.420000076293945,24.68000030517578,24.420000076293945,24.450000762939453,20990,0.0,0.0
2024-04-15 14:30:00-04:00,24.440000534057617,24.5,24.329999923706055,24.470600128173828,11311,0.0,0.0
2024-04-15 15:30:00-04:00,24.489999771118164,24.65999984741211,24.469999313354492,24.65999984741211,17839,0.0,0.0
2024-04-16 09:30:00-04:00,24.600000381469727,24.799999237060547,24.239999771118164,24.739999771118164,6654,0.0,0.0
2024-04-16 10:30:00-04:00,24.739999771118164,24.950000762939453,24.729999542236328,24.93400001525879,10783,0.0,0.0
2024-04-16 11:30:00-04:00,24.889999389648438,25.030000686645508,24.81999969482422,24.81999969482422,11632,0.0,0.0
2024-04-16 12:30:00-04:00,24.829999923706055,24.8799991607666,24.725000381469727,24.75,10200,0.0,0.0
2024-04-16 13:30:00-04:00,24.610000610351562,24.920000076293945,24.559999465942383,24.795000076293945,16150,0.0,0.0
2024-04-16 14:30:00-04:00,24.760000228881836,25.15999984741211,24.729999542236328,25.15999984741211,24321,0.0,0.0
2024-04-16 15:30:00-04:00,25.139999389648438,25.239999771118164,25.110000610351562,25.1200008392334,30884,0.0,0.0
2024-04-17 09:30:00-04:00,25.299999237060547,25.489999771118164,25.280000686645508,25.395000457763672,13173,0.0,0.0
2024-04-17 10:30:00-04:00,25.399999618530273,25.600000381469727,25.3799991607666,25.43000030517578,37911,0.0,0.0
2024-04-17 11:30:00-04:00,25.40999984741211,25.729999542236328,25.40999984741211,25.690000534057617,31208,0.0,0.0
2024-04-17 12:30:00-04:00,25.690000534057617,25.920000076293945,25.600000381469727,25.920000076293945,14837,0.0,0.0
2024-04-17 13:30:00-04:00,25.90999984741211,26.0,25.84000015258789,25.979999542236328,19863,0.0,0.0
2024-04-17 14:30:00-04:00,25.93000030517578,26.1200008392334,25.84000015258789,25.924999237060547,32808,0.0,0.0
2024-04-17 15:30:00-04:00,25.93000030517578,26.059999465942383,25.889999389648438,26.059999465942383,37770,0.0,0.0
2024-04-18 09:30:00-04:00,26.040000915527344,26.295000076293945,25.924999237060547,26.295000076293945,10398,0.0,0.0
2024-04-18 10:30:00-04:00,26.30500030517578,26.450000762939453,26.239999771118164,26.450000762939453,10636,0.0,0.0
2024-04-18 11:30:00-04:00,26.344999313354492,26.84000015258789,26.336000442504883,26.65999984741211,36199,0.0,0.0
2024-04-18 12:30:00-04:00,26.684999465942383,27.0,26.662900924682617,26.985000610351562,22082,0.0,0.0
2024-04-18 13:30:00-04:00,27.024999618530273,27.190000534057617,26.84000015258789,27.149999618530273,32396,0.0,0.0
2024-04-18 14:30:00-04:00,27.06999969482422,27.209999084472656,26.829999923706055,26.90999984741211,44909,0.0,0.0
2024-04-18 15:30:00-04:00,26.93000030517578,26.950000762939453,26.75,26.78499984741211,69118,0.0,0.0
2024-04-19 09:30:00-04:00,26.639999389648438,27.43400001525879,26.639999389648438,27.354999542236328,18476,0.0,0.0
2024-04-19 10:30:00-04:00,27.43000030517578,27.700000762939453,27.25,27.6200008392334,27764,0.0,0.0
2024-04-19 11:30:00-04:00,27.6200008392334,27.823999404907227,27.5,27.69499969482422,31609,0.0,0.0
2024-04-19 12:30:00-04:00,27.65999984741211,28.0,27.594999313354492,27.93000030517578,14714,0.0,0.0
2024-04-19 13:30:00-04:00,27.889999389648438,28.049999237060547,27.889999389648438,27.989999771118164,18030,0.0,0.0
2024-04-19 14:30:00-04:00,27.950000762939453,28.200000762939453,27.93000030517578,28.190000534057617,27508,0.0,0.0
2024-04-19 15:30:00-04:00,28.209999084472656,28.43000030517578,28.139999389648438,28.399999618530273,41101,0.0,0.0
2024-04-22 09:30:00-04:00,28.40999984741211,28.56999969482422,28.0049991607666,28.0049991607666,9472,0.0,0.0
2024-04-22 10:30:00-04:00,27.993999481201172,28.40999984741211,27.920000076293945,27.920000076293945,11316,0.0,0.0
2024-04-22 11:30:00-04:00,27.790000915527344,27.809999465942383,27.6200008392334,27.670000076293945,17049,0.0,0.0
2024-04-22 12:30:00-04:00,27.6299991607666,27.670000076293945,27.399999618530273,27.510000228881836,11902,0.0,0.0
2024-04-22 13:30:00-04:00,27.520000457763672,27.610000610351562,27.459999084472656,27.489999771118164,13319,0.0,0.0
2024-04-22 14:30:00-04:00,27.520000457763672,27.530000686645508,27.1299991607666,27.1299991607666,27883,0.0,0.0
2024-04-22 15:30:00-04:00,27.15999984741211,27.15999984741211,26.709999084472656,26.854999542236328,41822,0.0,0.0
2024-04-23 09:30:00-04:00,26.959999084472656,27.579999923706055,26.959999084472656,27.579999923706055,8655,0.0,0.0
2024-04-23 10:30:00-04:00,27.565000534057617,28.190000534057617,27.554000854492188,28.168100357055664,14899,0.0,0.0
2024-04-23 11:30:00-04:00,28.239999771118164,28.31999969482422,28.094999313354492,28.209999084472656,19021,0.0,0.0
2024-04-23 12:30:00-04:00,28.15999984741211,28.15999984741211,28.059999465942383,28.149999618530273,8135,0.0,0.0
2024-04-23 13:30:00-04:00,28.1299991607666,28.209999084472656,28.040000915527344,28.200000762939453,11992,0.0,0.0
2024-04-23 14:30:00-04:00,28.209999084472656,28.299999237060547,28.100000381469727,28.100000381469727,17030,0.0,0.0
2024-04-23 15:30:00-04:00,28.059999465942383,28.229999542236328,28.049999237060547,28.170000076293945,41471,0.0,0.0
2024-04-24 09:30:00-04:00,27.729999542236328,27.799999237060547,27.264999389648438,27.264999389648438,12394,0.0,0.0
2024-04-24 10:30:00-04:00,27.25,27.524999618530273,27.25,27.260000228881836,10764,0.0,0.0
2024-04-24 11:30:00-04:00,27.2450008392334,27.56999969482422,27.110000610351562,27.4950008392334,15467,0.0,0.0
2024-04-24 12:30:00-04:00,27.440000534057617,27.545000076293945,27.3799991607666,27.389999389648438,27386,0.0,0.0
2024-04-24 13:30:00-04:00,27.344999313354492,27.40999984741211,27.219999313354492,27.260000228881836,11491,0.0,0.0
2024-04-24 14:30:00-04:00,27.28499984741211,27.420000076293945,27.239999771118164,27.329999923706055,18585,0.0,0.0
2024-04-24 15:30:00-04:00,27.309999465942383,27.420000076293945,27.170000076293945,27.3799991607666,36191,0.0,0.0
2024-04-25 09:30:00-04:00,27.709999084472656,28.299999237060547,27.540000915527344,27.729999542236328,47859,0.0,0.0
2024-04-25 10:30:00-04:00,27.780000686645508,28.059999465942383,27.540000915527344,27.549999237060547,13476,0.0,0.0
2024-04-25 11:30:00-04:00,27.56999969482422,27.825000762939453,27.463699340820312,27.690000534057617,17663,0.0,0.0
2024-04-25 12:30:00-04:00,27.6299991607666,27.81999969482422,27.6299991607666,27.760000228881836,12250,0.0,0.0
2024-04-25 13:30:00-04:00,27.760000228881836,27.760000228881836,27.614999771118164,27.655000686645508,13952,0.0,0.0
2024-04-25 14:30:00-04:00,27.56049919128418,27.709999084472656,27.389999389648438,27.510000228881836,26081,0.0,0.0
2024-04-25 15:30:00-04:00,27.5049991607666,27.520000457763672,27.3799991607666,27.3799991607666,30468,0.0,0.0
2024-04-26 09:30:00-04:00,27.270000457763672,27.670000076293945,27.270000457763672,27.530000686645508,20383,0.0,0.0
2024-04-26 10:30:00-04:00,27.490999221801758,27.594999313354492,27.399999618530273,27.479999542236328,14606,0.0,0.0
2024-04-26 11:30:00-04:00,27.524999618530273,27.579999923706055,27.360000610351562,27.420000076293945,8639,0.0,0.0
2024-04-26 12:30:00-04:00,27.399999618530273,27.399999618530273,27.149999618530273,27.170000076293945,12494,0.0,0.0
2024-04-26 13:30:00-04:00,27.159799575805664,27.469999313354492,27.139999389648438,27.40250015258789,24517,0.0,0.0
2024-04-26 14:30:00-04:00,27.3799991607666,27.420000076293945,27.06999969482422,27.06999969482422,51795,0.0,0.0
2024-04-26 15:30:00-04:00,27.030000686645508,27.15999984741211,26.989999771118164,27.040000915527344,24682,0.0,0.0
2024-04-29 09:30:00-04:00,27.100000381469727,27.165000915527344,26.559999465942383,26.579999923706055,31922,0.0,0.0
2024-04-29 10:30:00-04:00,26.540000915527344,26.540000915527344,26.149999618530273,26.209999084472656,29932,0.0,0.0
2024-04-29 11:30:00-04:00,26.209999084472656,26.40999984741211,26.020000457763672,26.170000076293945,15642,0.0,0.0
2024-04-29 12:30:00-04:00,26.19339942932129,26.399999618530273,26.170000076293945,26.299999237060547,17735,0.0,0.0
2024-04-29 13:30:00-04:00,26.299999237060547,26.6299991607666,26.290000915527344,26.61750030517578,29746,0.0,0.0
2024-04-29 14:30:00-04:00,26.670000076293945,26.850000381469727,26.559999465942383,26.700000762939453,40856,0.0,0.0
2024-04-29 15:30:00-04:00,26.739999771118164,26.829999923706055,26.610000610351562,26.6200008392334,44850,0.0,0.0
2024-04-30 09:30:00-04:00,26.5,26.510000228881836,26.30500030517578,26.329999923706055,4449,0.0,0.0
2024-04-30 10:30:00-04:00,26.280000686645508,26.59000015258789,26.190000534057617,26.450000762939453,10548,0.0,0.0
2024-04-30 11:30:00-04:00,26.454999923706055,26.65999984741211,26.350000381469727,26.420000076293945,9029,0.0,0.0
2024-04-30 12:30:00-04:00,26.399999618530273,26.579999923706055,26.3799991607666,26.485000610351562,12765,0.0,0.0
2024-04-30 13:30:00-04:00,26.540000915527344,26.579999923706055,26.479999542236328,26.53499984741211,18385,0.0,0.0
2024-04-30 14:30:00-04:00,26.55500030517578,26.790000915527344,26.520000457763672,26.719999313354492,18215,0.0,0.0
2024-04-30 15:30:00-04:00,26.7450008392334,26.959999084472656,26.709999084472656,26.950000762939453,44423,0.0,0.0
2024-05-01 09:30:00-04:00,26.950000762939453,27.360000610351562,26.950000762939453,27.350000381469727,8637,0.0,0.0
2024-05-01 10:30:00-04:00,27.440000534057617,27.530000686645508,27.3174991607666,27.530000686645508,11808,0.0,0.0
2024-05-01 11:30:00-04:00,27.485000610351562,27.729999542236328,27.415000915527344,27.709999084472656,16813,0.0,0.0
2024-05-01 12:30:00-04:00,27.670000076293945,27.809999465942383,27.59000015258789,27.774999618530273,9540,0.0,0.0
2024-05-01 13:30:00-04:00,27.799999237060547,27.940000534057617,27.709999084472656,27.920000076293945,15070,0.0,0.0
2024-05-01 14:30:00-04:00,27.905000686645508,28.420000076293945,27.770000457763672,28.3700008392334,37338,0.0,0.0
2024-05-01 15:30:00-04:00,28.34000015258789,28.540000915527344,28.34000015258789,28.540000915527344,56583,0.0,0.0
2024-05-02 09:30:00-04:00,28.649999618530273,28.649999618530273,28.040000915527344,28.229999542236328,15666,0.0,0.0
2024-05-02 10:30:00-04:00,28.299999237060547,28.600000381469727,28.299999237060547,28.600000381469727,18781,0.0,0.0
2024-05-02 11:30:00-04:00,28.520000457763672,28.614999771118164,28.350000381469727,28.43000030517578,41569,0.0,0.0
2024-05-02 12:30:00-04:00,28.524999618530273,28.93000030517578,28.524999618530273,28.75,53648,0.0,0.0
2024-05-02 13:30:00-04:00,28.81999969482422,29.059999465942383,28.684999465942383,28.950000762939453,15475,0.0,0.0
2024-05-02 14:30:00-04:00,28.969999313354492,29.079999923706055,28.809999465942383,29.06999969482422,26176,0.0,0.0
2024-05-02 15:30:00-04:00,29.040000915527344,29.049999237060547,28.8700008392334,28.8700008392334,26648,0.0,0.0
2024-05-03 09:30:00-04:00,29.110000610351562,29.200000762939453,28.760000228881836,28.875,8818,0.0,0.0
2024-05-03 10:30:00-04:00,29.020000457763672,29.25,28.920000076293945,29.25,11955,0.0,0.0
2024-05-03 11:30:00-04:00,29.2549991607666,29.2549991607666,28.979999542236328,29.010000228881836,6217,0.0,0.0
2024-05-03 12:30:00-04:00,29.0,29.0939998626709,28.829999923706055,29.059999465942383,9152,0.0,0.0
2024-05-03 13:30:00-04:00,29.059999465942383,29.190000534057617,29.059999465942383,29.090099334716797,9566,0.0,0.0
2024-05-03 14:30:00-04:00,29.030000686645508,29.030000686645508,28.530000686645508,28.56999969482422,12666,0.0,0.0
2024-05-03 15:30:00-04:00,28.53580093383789,28.545000076293945,28.290000915527344,28.295000076293945,27609,0.0,0.0
2024-05-06 09:30:00-04:00,28.549999237060547,28.559999465942383,28.43000030517578,28.520000457763672,6937,0.0,0.0
2024-05-06 10:30:00-04:00,28.389999389648438,28.479999542236328,28.280000686645508,28.350000381469727,11888,0.0,0.0
2024-05-06 11:30:00-04:00,28.280000686645508,28.371200561523438,28.25,28.31999969482422,3959,0.0,0.0
2024-05-06 12:30:00-04:00,28.350000381469727,28.350000381469727,28.209999084472656,28.25,7050,0.0,0.0
2024-05-06 13:30:00-04:00,28.229999542236328,28.469999313354492,28.229999542236328,28.410999298095703,8444,0.0,0.0
2024-05-06 14:30:00-04:00,28.200000762939453,28.360000610351562,28.18000030517578,28.18000030517578,11080,0.0,0.0
2024-05-06 15:30:00-04:00,28.174999237060547,28.239999771118164,27.950000762939453,28.020000457763672,26186,0.0,0.0
2024-05-07 09:30:00-04:00,28.280000686645508,28.690000534057617,28.280000686645508,28.56999969482422,14373,0.0,0.0
2024-05-07 10:30:00-04:00,28.549999237060547,28.700000762939453,28.34000015258789,28.34000015258789,5748,0.0,0.0
2024-05-07 11:30:00-04:00,28.309999465942383,28.3700008392334,28.225000381469727,28.225000381469727,7140,0.0,0.0
2024-05-07 12:30:00-04:00,28.209999084472656,28.209999084472656,28.0,28.0,11230,0.0,0.0
2024-05-07 13:30:00-04:00,28.0,28.31999969482422,27.969999313354492,28.31999969482422,8117,0.0,0.0
2024-05-07 14:30:00-04:00,28.260000228881836,28.440000534057617,28.170000076293945,28.170000076293945,20143,0.0,0.0
2024-05-07 15:30:00-04:00,28.170000076293945,28.700000762939453,28.170000076293945,28.56999969482422,28372,0.0,0.0
2024-05-08 09:30:00-04:00,28.3799991607666,28.399999618530273,28.309999465942383,28.34000015258789,5153,0.0,0.0
2024-05-08 10:30:00-04:00,28.315000534057617,28.332500457763672,28.1299991607666,28.1299991607666,3091,0.0,0.0
2024-05-08 11:30:00-04:00,28.149999618530273,28.229999542236328,27.969999313354492,27.969999313354492,7412,0.0,0.0
2024-05-08 12:30:00-04:00,27.8799991607666,28.0,27.860000610351562,27.90999984741211,8568,0.0,0.0
2024-05-08 13:30:00-04:00,27.84000015258789,27.854999542236328,27.799999237060547,27.81999969482422,2392,0.0,0.0
2024-05-08 14:30:00-04:00,27.790000915527344,27.920000076293945,27.790000915527344,27.920000076293945,9576,0.0,0.0
2024-05-08 15:30:00-04:00,27.920000076293945,27.950000762939453,27.8700008392334,27.940000534057617,13980,0.0,0.0
2024-05-09 09:30:00-04:00,27.829999923706055,28.0,27.780000686645508,27.850000381469727,5586,0.0,0.0
2024-05-09 10:30:00-04:00,27.834999084472656,28.022300720214844,27.770000457763672,27.979999542236328,12147,0.0,0.0
2024-05-09 11:30:00-04:00,28.09000015258789,28.09000015258789,28.09000015258789,28.09000015258789,279,0.0,0.0
2024-05-09 12:30:00-04:00,28.030000686645508,28.295000076293945,27.934999465942383,28.295000076293945,7730,0.0,0.0
2024-05-09 13:30:00-04:00,28.329999923706055,28.3799991607666,28.149999618530273,28.174999237060547,22489,0.0,0.0
2024-05-09 14:30:00-04:00,28.190000534057617,28.219999313354492,28.049999237060547,28.139999389648438,14522,0.0,0.0
2024-05-09 15:30:00-04:00,28.1200008392334,28.5,28.049999237060547,28.485000610351562,25741,0.0,0.0
2024-05-10 09:30:00-04:00,28.68000030517578,28.68000030517578,28.030000686645508,28.040000915527344,3111,0.0,0.0
2024-05-10 10:30:00-04:00,28.030000686645508,28.040000915527344,27.90999984741211,27.989999771118164,7058,0.0,0.0
2024-05-10 11:30:00-04:00,27.958799362182617,28.1299991607666,27.958799362182617,28.1299991607666,3206,0.0,0.0
2024-05-10 12:30:00-04:00,28.1299991607666,28.1299991607666,27.989999771118164,28.0,7148,0.0,0.0
2024-05-10 13:30:00-04:00,28.09000015258789,28.399999618530273,28.09000015258789,28.399999618530273,14257,0.0,0.0
2024-05-10 14:30:00-04:00,28.360000610351562,28.530000686645508,28.329999923706055,28.530000686645508,16420,0.0,0.0
2024-05-10 15:30:00-04:00,28.530000686645508,28.729999542236328,28.489999771118164,28.68000030517578,20487,0.0,0.0
2024-05-13 09:30:00-04:00,28.84000015258789,28.989999771118164,28.389999389648438,28.420000076293945,12103,0.0,0.0
2024-05-13 10:30:00-04:00,28.389999389648438,28.479999542236328,28.3700008392334,28.389999389648438,4143,0.0,0.0
2024-05-13 11:30:00-04:00,28.329999923706055,28.329999923706055,28.190000534057617,28.190000534057617,4934,0.0,0.0
2024-05-13 12:30:00-04:00,28.25,28.40999984741211,28.229999542236328,28.3799991607666,6906,0.0,0.0
2024-05-13 13:30:00-04:00,28.389999389648438,28.5,28.260000228881836,28.34000015258789,11593,0.0,0.0
2024-05-13 14:30:00-04:00,28.350000381469727,28.350000381469727,28.110000610351562,28.219999313354492,10229,0.0,0.0
2024-05-13 15:30:00-04:00,28.25,28.426000595092773,28.06999969482422,28.426000595092773,37996,0.0,0.0
2024-05-14 09:30:00-04:00,28.81999969482422,29.309999465942383,28.540000915527344,28.540000915527344,14034,0.0,0.0
2024-05-14 10:30:00-04:00,28.47100067138672,28.655000686645508,28.450000762939453,28.510000228881836,9151,0.0,0.0
2024-05-14 11:30:00-04:00,28.55500030517578,28.610000610351562,28.420000076293945,28.420000076293945,4540,0.0,0.0
2024-05-14 12:30:00-04:00,28.3700008392334,28.3700008392334,28.0,28.190000534057617,17088,0.0,0.0
2024-05-14 13:30:00-04:00,28.3700008392334,28.3700008392334,28.270000457763672,28.299999237060547,4510,0.0,0.0
2024-05-14 14:30:00-04:00,28.440000534057617,28.522499084472656,28.299999237060547,28.334999084472656,9090,0.0,0.0
2024-05-14 15:30:00-04:00,28.31999969482422,28.489999771118164,28.31100082397461,28.350000381469727,16578,0.0,0.0
2024-05-15 09:30:00-04:00,28.610000610351562,28.614999771118164,28.229999542236328,28.299999237060547,5382,0.0,0.0
2024-05-15 10:30:00-04:00,28.25,28.3700008392334,28.15999984741211,28.30500030517578,5412,0.0,0.0
2024-05-15 11:30:00-04:00,28.389999389648438,28.389999389648438,28.260000228881836,28.3700008392334,3028,0.0,0.0
2024-05-15 12:30:00-04:00,28.3700008392334,28.5,28.329999923706055,28.329999923706055,2490,0.0,0.0
2024-05-15 13:30:00-04:00,28.360000610351562,28.360000610351562,28.0,28.30500030517578,18810,0.0,0.0
2024-05-15 14:30:00-04:00,28.31999969482422,28.31999969482422,28.09000015258789,28.2549991607666,25772,0.0,0.0
2024-05-15 15:30:00-04:00,28.25,28.270000457763672,27.940000534057617,27.950000762939453,16993,0.0,0.0
2024-05-16 09:30:00-04:00,27.854999542236328,27.854999542236328,27.854999542236328,27.854999542236328,2113,0.0,0.0
2024-05-16 10:30:00-04:00,27.8700008392334,27.8799991607666,27.774999618530273,27.774999618530273,3676,0.0,0.0
2024-05-16 11:30:00-04:00,27.81999969482422,27.81999969482422,27.78059959411621,27.78059959411621,2450,0.0,0.0
2024-05-16 12:30:00-04:00,27.92889976501465,27.92889976501465,27.799999237060547,27.799999237060547,3754,0.0,0.0
2024-05-16 13:30:00-04:00,27.834999084472656,28.0,27.834999084472656,27.940000534057617,9403,0.0,0.0
2024-05-16 14:30:00-04:00,28.0,28.0,27.940000534057617,27.940000534057617,4316,0.0,0.0
2024-05-16 15:30:00-04:00,27.940000534057617,28.0,27.729999542236328,27.774999618530273,23134,0.0,0.0
2024-05-17 09:30:00-04:00,27.920000076293945,27.920000076293945,27.520000457763672,27.579999923706055,7841,0.0,0.0
2024-05-17 10:30:00-04:00,27.5,27.704999923706055,27.5,27.65999984741211,6263,0.0,0.0
2024-05-17 11:30:00-04:00,27.709999084472656,27.809999465942383,27.709999084472656,27.71500015258789,5720,0.0,0.0
2024-05-17 12:30:00-04:00,27.639999389648438,27.774999618530273,27.530000686645508,27.774999618530273,6051,0.0,0.0
2024-05-17 13:30:00-04:00,27.729999542236328,27.799999237060547,27.420000076293945,27.4950008392334,11667,0.0,0.0
2024-05-17 14:30:00-04:00,27.4950008392334,27.520000457763672,27.399999618530273,27.469999313354492,9179,0.0,0.0
2024-05-17 15:30:00-04:00,27.469999313354492,27.540000915527344,27.415000915527344,27.469999313354492,15141,0.0,0.0
2024-05-20 09:30:00-04:00,27.3700008392334,27.520000457763672,27.3700008392334,27.520000457763672,2408,0.0,0.0
2024-05-20 10:30:00-04:00,27.5,27.639999389648438,27.420000076293945,27.549999237060547,5794,0.0,0.0
2024-05-20 11:30:00-04:00,27.489999771118164,27.579999923706055,27.290000915527344,27.290000915527344,7525,0.0,0.0
2024-05-20 12:30:00-04:00,27.290000915527344,27.3799991607666,27.15999984741211,27.280000686645508,8556,0.0,0.0
2024-05-20 13:30:00-04:00,27.280000686645508,27.40399932861328,27.079999923706055,27.229999542236328,29291,0.0,0.0
2024-05-20 14:30:00-04:00,27.222999572753906,27.690000534057617,27.18000030517578,27.690000534057617,21082,0.0,0.0
2024-05-20 15:30:00-04:00,27.68000030517578,27.799999237060547,27.3700008392334,27.3799991607666,30391,0.0,0.0
2024-05-21 09:30:00-04:00,27.43000030517578,27.645000457763672,27.030000686645508,27.645000457763672,22504,0.0,0.0
2024-05-21 10:30:00-04:00,27.594999313354492,27.600000381469727,27.309999465942383,27.31999969482422,8428,0.0,0.0
2024-05-21 11:30:00-04:00,27.392499923706055,27.420000076293945,27.049999237060547,27.049999237060547,17838,0.0,0.0
2024-05-21 12:30:00-04:00,27.094999313354492,27.10849952697754,26.790000915527344,26.790000915527344,10518,0.0,0.0
2024-05-21 13:30:00-04:00,26.77359962463379,27.0,26.72599983215332,26.920000076293945,11242,0.0,0.0
2024-05-21 14:30:00-04:00,26.854999542236328,27.0,26.809999465942383,26.94499969482422,13304,0.0,0.0
2024-05-21 15:30:00-04:00,26.950000762939453,27.0,26.690000534057617,26.690000534057617,41792,0.0,0.0
2024-05-22 09:30:00-04:00,26.690000534057617,26.75,26.299999237060547,26.438499450683594,17804,0.0,0.0
2024-05-22 10:30:00-04:00,26.399999618530273,26.469999313354492,26.270000457763672,26.350000381469727,7981,0.0,0.0
2024-05-22 11:30:00-04:00,26.309999465942383,26.59000015258789,26.280000686645508,26.440000534057617,10436,0.0,0.0
2024-05-22 12:30:00-04:00,26.475000381469727,26.475000381469727,26.299999237060547,26.354999542236328,22653,0.0,0.0
2024-05-22 13:30:00-04:00,26.34000015258789,26.40999984741211,26.023000717163086,26.139999389648438,29819,0.0,0.0
2024-05-22 14:30:00-04:00,26.139999389648438,26.5,26.06999969482422,26.31999969482422,26792,0.0,0.0
2024-05-22 15:30:00-04:00,26.315000534057617,26.350000381469727,26.219999313354492,26.239999771118164,46688,0.0,0.0
2024-05-23 09:30:00-04:00,26.350000381469727,26.453699111938477,25.90999984741211,26.299999237060547,18750,0.0,0.0
2024-05-23 10:30:00-04:00,26.344999313354492,26.5,26.260000228881836,26.260000228881836,10446,0.0,0.0
2024-05-23 11:30:00-04:00,26.280000686645508,26.532899856567383,26.280000686645508,26.532899856567383,12719,0.0,0.0
2024-05-23 12:30:00-04:00,26.489999771118164,26.53499984741211,26.3799991607666,26.4950008392334,9660,0.0,0.0
2024-05-23 13:30:00-04:00,26.469999313354492,26.469999313354492,26.252300262451172,26.252300262451172,14738,0.0,0.0
2024-05-23 14:30:00-04:00,26.280000686645508,26.344999313354492,26.139999389648438,26.149999618530273,27701,0.0,0.0
2024-05-23 15:30:00-04:00,26.149999618530273,26.360000610351562,26.1299991607666,26.25,33464,0.0,0.0
2024-05-24 09:30:00-04:00,26.43000030517578,26.510000228881836,25.8700008392334,25.889999389648438,18724,0.0,0.0
2024-05-24 10:30:00-04:00,25.895999908447266,26.065000534057617,25.809999465942383,26.0049991607666,14110,0.0,0.0
2024-05-24 11:30:00-04:00,25.969999313354492,26.125,25.940000534057617,25.986000061035156,11563,0.0,0.0
2024-05-24 12:30:00-04:00,26.0,26.049999237060547,25.860000610351562,25.954999923706055,6686,0.0,0.0
2024-05-24 13:30:00-04:00,25.950000762939453,26.030000686645508,25.829999923706055,25.829999923706055,9362,0.0,0.0
2024-05-24 14:30:00-04:00,25.844999313354492,25.979999542236328,25.809999465942383,25.920000076293945,16375,0.0,0.0
2024-05-24 15:30:00-04:00,25.899999618530273,26.024999618530273,25.889999389648438,26.0,23402,0.0,0.0
2024-05-28 09:30:00-04:00,26.25,26.8700008392334,26.110000610351562,26.43000030517578,26005,0.0,0.0
2024-05-28 10:30:00-04:00,26.399999618530273,26.44499969482422,26.18000030517578,26.420000076293945,10223,0.0,0.0
2024-05-28 11:30:00-04:00,26.469999313354492,26.469999313354492,26.020000457763672,26.229999542236328,34686,0.0,0.0
2024-05-28 12:30:00-04:00,26.200000762939453,26.3799991607666,26.147499084472656,26.25,16046,0.0,0.0
2024-05-28 13:30:00-04:00,26.31999969482422,26.31999969482422,26.06999969482422,26.06999969482422,12318,0.0,0.0
2024-05-28 14:30:00-04:00,26.06999969482422,26.334999084472656,26.030000686645508,26.290000915527344,23516,0.0,0.0
2024-05-28 15:30:00-04:00,26.30500030517578,26.420000076293945,26.170000076293945,26.350000381469727,37092,0.0,0.0
2024-05-29 09:30:00-04:00,26.030000686645508,26.239999771118164,25.940000534057617,26.030000686645508,5434,0.0,0.0
2024-05-29 10:30:00-04:00,25.989999771118164,25.989999771118164,25.834999084472656,25.834999084472656,6178,0.0,0.0
2024-05-29 11:30:00-04:00,25.809999465942383,25.8799991607666,25.725000381469727,25.8799991607666,7759,0.0,0.0
2024-05-29 12:30:00-04:00,25.8799991607666,26.059999465942383,25.860000610351562,25.989999771118164,7251,0.0,0.0
2024-05-29 13:30:00-04:00,26.020000457763672,26.030000686645508,25.789499282836914,25.799999237060547,10336,0.0,0.0
2024-05-29 14:30:00-04:00,25.770000457763672,25.80500030517578,25.670000076293945,25.799999237060547,12351,0.0,0.0
2024-05-29 15:30:00-04:00,25.799999237060547,26.06999969482422,25.780000686645508,25.899999618530273,34800,0.0,0.0
2024-05-30 09:30:00-04:00,26.18000030517578,26.59000015258789,26.1200008392334,26.559999465942383,14600,0.0,0.0
2024-05-30 10:30:00-04:00,26.6200008392334,26.6200008392334,26.3700008392334,26.399999618530273,12130,0.0,0.0
2024-05-30 11:30:00-04:00,26.399999618530273,26.459999084472656,26.360000610351562,26.450000762939453,14209,0.0,0.0
2024-05-30 12:30:00-04:00,26.440000534057617,26.440000534057617,26.170000076293945,26.290000915527344,10586,0.0,0.0
2024-05-30 13:30:00-04:00,26.295000076293945,26.469999313354492,26.295000076293945,26.375,10410,0.0,0.0
2024-05-30 14:30:00-04:00,26.3799991607666,26.547500610351562,26.3799991607666,26.475000381469727,14281,0.0,0.0
2024-05-30 15:30:00-04:00,26.510000228881836,26.510000228881836,26.200000762939453,26.200000762939453,27034,0.0,0.0
2024-05-31 09:30:00-04:00,26.350000381469727,27.05270004272461,26.350000381469727,26.985000610351562,15895,0.0,0.0
2024-05-31 10:30:00-04:00,26.8700008392334,26.8700008392334,26.530000686645508,26.649999618530273,20873,0.0,0.0
2024-05-31 11:30:00-04:00,26.799999237060547,27.0,26.7549991607666,26.992000579833984,15621,0.0,0.0
2024-05-31 12:30:00-04:00,26.93000030517578,26.9950008392334,26.760000228881836,26.8799991607666,11004,0.0,0.0
2024-05-31 13:30:00-04:00,26.8799991607666,26.8799991607666,26.760000228881836,26.81999969482422,7064,0.0,0.0
2024-05-31 14:30:00-04:00,26.809999465942383,26.985000610351562,26.809999465942383,26.8799991607666,14186,0.0,0.0
2024-05-31 15:30:00-04:00,26.850000381469727,27.040000915527344,26.829999923706055,26.93000030517578,28291,0.0,0.0
2024-06-03 09:30:00-04:00,27.139999389648438,27.5,26.610000610351562,26.615999221801758,8503,0.0,0.0
2024-06-03 10:30:00-04:00,26.610000610351562,26.610000610351562,26.209999084472656,26.219999313354492,11298,0.0,0.0
2024-06-03 11:30:00-04:00,26.21500015258789,26.34000015258789,25.989999771118164,26.045000076293945,35980,0.0,0.0
2024-06-03 12:30:00-04:00,26.010000228881836,26.165000915527344,25.829999923706055,25.979999542236328,17437,0.0,0.0
2024-06-03 13:30:00-04:00,25.94499969482422,25.94499969482422,25.719999313354492,25.860000610351562,11781,0.0,0.0
2024-06-03 14:30:00-04:00,25.875,25.950000762939453,25.729999542236328,25.735000610351562,21803,0.0,0.0
2024-06-03 15:30:00-04:00,25.7450008392334,25.93000030517578,25.729999542236328,25.8700008392334,21781,0.0,0.0
2024-06-04 09:30:00-04:00,25.68000030517578,26.2450008392334,25.1299991607666,25.575000762939453,20517,0.0,0.0
2024-06-04 10:30:00-04:00,25.4060001373291,25.510000228881836,25.310100555419922,25.479999542236328,6815,0.0,0.0
2024-06-04 11:30:00-04:00,25.424999237060547,25.424999237060547,25.25,25.260000228881836,8181,0.0,0.0
2024-06-04 12:30:00-04:00,25.25550079345703,25.31999969482422,25.229999542236328,25.274999618530273,5732,0.0,0.0
2024-06-04 13:30:00-04:00,25.236000061035156,25.31999969482422,25.030000686645508,25.125,8152,0.0,0.0
2024-06-04 14:30:00-04:00,25.170000076293945,25.329999923706055,25.079999923706055,25.229999542236328,16344,0.0,0.0
2024-06-04 15:30:00-04:00,25.239999771118164,25.389999389648438,25.200000762939453,25.219999313354492,36339,0.0,0.0
2024-06-05 09:30:00-04:00,25.6200008392334,25.639999389648438,25.200000762939453,25.200000762939453,10022,0.0,0.0
2024-06-05 10:30:00-04:00,25.225000381469727,25.46500015258789,25.0,25.280000686645508,20321,0.0,0.0
2024-06-05 11:30:00-04:00,25.299999237060547,25.315000534057617,25.21500015258789,25.21500015258789,8004,0.0,0.0
2024-06-05 12:30:00-04:00,25.229999542236328,25.299999237060547,25.209999084472656,25.28499984741211,11894,0.0,0.0
2024-06-05 13:30:00-04:00,25.260000228881836,25.559999465942383,25.18790054321289,25.385000228881836,16229,0.0,0.0
2024-06-05 14:30:00-04:00,25.40999984741211,25.469999313354492,25.344999313354492,25.469999313354492,15852,0.0,0.0
2024-06-05 15:30:00-04:00,25.469999313354492,25.510000228881836,25.299999237060547,25.336000442504883,46523,0.0,0.0
2024-06-06 09:30:00-04:00,25.25,25.84749984741211,24.940000534057617,25.115999221801758,12793,0.0,0.0
2024-06-06 10:30:00-04:00,25.110000610351562,25.149999618530273,24.989999771118164,24.989999771118164,13029,0.0,0.0
2024-06-06 11:30:00-04:00,25.020000457763672,25.1200008392334,24.90999984741211,24.90999984741211,10972,0.0,0.0
2024-06-06 12:30:00-04:00,24.829999923706055,25.0,24.829999923706055,24.90999984741211,11219,0.0,0.0
2024-06-06 13:30:00-04:00,24.905000686645508,24.954999923706055,24.860000610351562,24.954999923706055,9790,0.0,0.0
2024-06-06 14:30:00-04:00,24.975000381469727,25.0,24.905000686645508,24.920000076293945,13392,0.0,0.0
2024-06-06 15:30:00-04:00,24.889999389648438,24.989999771118164,24.829999923706055,24.860000610351562,37258,0.0,0.0
2024-06-07 09:30:00-04:00,24.729999542236328,25.649900436401367,24.729999542236328,25.604999542236328,31794,0.0,0.0
2024-06-07 10:30:00-04:00,25.600000381469727,25.600000381469727,25.140100479125977,25.140100479125977,15157,0.0,0.0
2024-06-07 11:30:00-04:00,25.18000030517578,25.34000015258789,25.18000030517578,25.34000015258789,9927,0.0,0.0
2024-06-07 12:30:00-04:00,25.34000015258789,25.38990020751953,25.1299991607666,25.15999984741211,20450,0.0,0.0
2024-06-07 13:30:00-04:00,25.139999389648438,25.190000534057617,24.940000534057617,25.030000686645508,23066,0.0,0.0
2024-06-07 14:30:00-04:00,25.040000915527344,25.329999923706055,25.020000457763672,25.290000915527344,19292,0.0,0.0
2024-06-07 15:30:00-04:00,25.290000915527344,25.450000762939453,25.239999771118164,25.38599967956543,24806,0.0,0.0
2024-06-10 09:30:00-04:00,25.209999084472656,25.219999313354492,24.459999084472656,24.4689998626709,33548,0.0,0.0
2024-06-10 10:30:00-04:00,24.45599937438965,24.780000686645508,24.450000762939453,24.770000457763672,30373,0.0,0.0
2024-06-10 11:30:00-04:00,24.780000686645508,24.860000610351562,24.68000030517578,24.739999771118164,32800,0.0,0.0
2024-06-10 12:30:00-04:00,24.700000762939453,24.889999389648438,24.559999465942383,24.600000381469727,33653,0.0,0.0
2024-06-10 13:30:00-04:00,24.559999465942383,24.950000762939453,24.530000686645508,24.940000534057617,39420,0.0,0.0
2024-06-10 14:30:00-04:00,24.934999465942383,25.110000610351562,24.8700008392334,25.020000457763672,60706,0.0,0.0
2024-06-10 15:30:00-04:00,25.0,25.1200008392334,24.90999984741211,25.020000457763672,90256,0.0,0.0
2024-06-11 09:30:00-04:00,29.479999542236328,30.5,27.530000686645508,27.68000030517578,323564,0.0,0.0
2024-06-11 10:30:00-04:00,27.665000915527344,27.764999389648438,26.75,27.170000076293945,132981,0.0,0.0
2024-06-11 11:30:00-04:00,27.010000228881836,27.729999542236328,27.010000228881836,27.579999923706055,100801,0.0,0.0
2024-06-11 12:30:00-04:00,27.579999923706055,27.59000015258789,26.81999969482422,26.93000030517578,138836,0.0,0.0
2024-06-11 13:30:00-04:00,26.799999237060547,26.93000030517578,26.329999923706055,26.385000228881836,83949,0.0,0.0
2024-06-11 14:30:00-04:00,26.329999923706055,27.24799919128418,26.329999923706055,27.209999084472656,79646,0.0,0.0
2024-06-11 15:30:00-04:00,27.18000030517578,27.350000381469727,26.800600051879883,27.06999969482422,122971,0.0,0.0
2024-06-12 09:30:00-04:00,27.389999389648438,27.549999237060547,26.31999969482422,27.204999923706055,99020,0.0,0.0
2024-06-12 10:30:00-04:00,27.204999923706055,27.5,27.010000228881836,27.1200008392334,70135,0.0,0.0
2024-06-12 11:30:00-04:00,27.100000381469727,27.139999389648438,26.670000076293945,26.764999389648438,34806,0.0,0.0
2024-06-12 12:30:00-04:00,26.8799991607666,26.950000762939453,26.540000915527344,26.649999618530273,27992,0.0,0.0
2024-06-12 13:30:00-04:00,26.700000762939453,26.90999984741211,26.639999389648438,26.84000015258789,25370,0.0,0.0
2024-06-12 14:30:00-04:00,26.875,26.96500015258789,26.336000442504883,26.350000381469727,67608,0.0,0.0
2024-06-12 15:30:00-04:00,26.399999618530273,26.459999084472656,26.077499389648438,26.25,108206,0.0,0.0
2024-06-13 09:30:00-04:00,26.3799991607666,26.3799991607666,25.770000457763672,25.969999313354492,14373,0.0,0.0
2024-06-13 10:30:00-04:00,25.96500015258789,25.974000930786133,25.360000610351562,25.40999984741211,28414,0.0,0.0
2024-06-13 11:30:00-04:00,25.334999084472656,25.524999618530273,25.059999465942383,25.489999771118164,124034,0.0,0.0
2024-06-13 12:30:00-04:00,25.489999771118164,25.674999237060547,25.309999465942383,25.540000915527344,18947,0.0,0.0
2024-06-13 13:30:00-04:00,25.565000534057617,25.69499969482422,25.344999313354492,25.540000915527344,21537,0.0,0.0
2024-06-13 14:30:00-04:00,25.510000228881836,25.639999389648438,25.31999969482422,25.600000381469727,24097,0.0,0.0
2024-06-13 15:30:00-04:00,25.700000762939453,25.829999923706055,25.649999618530273,25.709999084472656,36977,0.0,0.0
2024-06-14 09:30:00-04:00,25.3700008392334,25.43000030517578,25.200000762939453,25.225000381469727,8817,0.0,0.0
2024-06-14 10:30:00-04:00,25.150100708007812,25.184999465942383,24.920000076293945,25.184999465942383,14206,0.0,0.0
2024-06-14 11:30:00-04:00,25.200000762939453,25.360000610351562,25.1200008392334,25.30500030517578,11366,0.0,0.0
2024-06-14 12:30:00-04:00,25.290000915527344,25.43000030517578,25.290000915527344,25.344999313354492,7100,0.0,0.0
2024-06-14 13:30:00-04:00,25.274999618530273,25.31999969482422,25.100000381469727,25.219999313354492,9486,0.0,0.0
2024-06-14 14:30:00-04:00,25.209999084472656,25.3700008392334,25.15999984741211,25.3700008392334,11212,0.0,0.0
2024-06-14 15:30:00-04:00,25.329999923706055,25.354999542236328,25.200000762939453,25.25,32264,0.0,0.0
2024-06-17 09:30:00-04:00,25.149999618530273,25.299999237060547,25.0,25.299999237060547,5789,0.0,0.0
2024-06-17 10:30:00-04:00,25.184999465942383,25.236000061035156,24.885000228881836,24.885000228881836,7531,0.0,0.0
2024-06-17 11:30:00-04:00,24.809999465942383,24.929899215698242,24.639999389648438,24.799999237060547,22272,0.0,0.0
2024-06-17 12:30:00-04:00,24.825000762939453,24.850000381469727,24.7549991607666,24.780000686645508,7547,0.0,0.0
2024-06-17 13:30:00-04:00,24.790000915527344,25.139999389648438,24.709999084472656,25.01799964904785,22629,0.0,0.0
2024-06-17 14:30:00-04:00,24.90999984741211,25.104999542236328,24.860000610351562,25.020000457763672,13174,0.0,0.0
2024-06-17 15:30:00-04:00,25.020000457763672,25.09000015258789,24.950000762939453,25.0,19873,0.0,0.0
2024-06-18 09:30:00-04:00,25.139999389648438,25.219999313354492,24.735000610351562,24.93000030517578,7494,0.0,0.0
2024-06-18 10:30:00-04:00,24.9950008392334,25.040000915527344,24.702999114990234,24.7549991607666,17179,0.0,0.0
2024-06-18 11:30:00-04:00,24.75,24.959999084472656,24.71500015258789,24.885000228881836,17333,0.0,0.0
2024-06-18 12:30:00-04:00,24.860000610351562,24.860000610351562,24.549999237060547,24.625,12941,0.0,0.0
2024-06-18 13:30:00-04:00,24.600000381469727,24.600000381469727,23.989999771118164,24.18000030517578,75783,0.0,0.0
2024-06-18 14:30:00-04:00,24.15999984741211,24.15999984741211,23.75,23.790000915527344,29922,0.0,0.0
2024-06-18 15:30:00-04:00,23.75,23.889999389648438,23.729999542236328,23.790000915527344,46640,0.0,0.0
2024-06-20 09:30:00-04:00,23.809999465942383,24.670000076293945,23.809999465942383,24.489999771118164,27892,0.0,0.0
2024-06-20 10:30:00-04:00,24.459999084472656,24.47800064086914,23.899999618530273,23.924999237060547,11354,0.0,0.0
2024-06-20 11:30:00-04:00,23.924999237060547,23.985000610351562,23.760000228881836,23.979999542236328,12580,0.0,0.0
2024-06-20 12:30:00-04:00,24.084999084472656,24.110000610351562,23.969999313354492,23.9950008392334,9893,0.0,0.0
2024-06-20 13:30:00-04:00,23.9950008392334,24.110000610351562,23.950000762939453,23.999000549316406,11362,0.0,0.0
2024-06-20 14:30:00-04:00,23.982999801635742,23.982999801635742,23.670000076293945,23.790000915527344,33096,0.0,0.0
2024-06-20 15:30:00-04:00,23.780000686645508,23.799999237060547,23.489999771118164,23.559999465942383,67031,0.0,0.0
2024-06-21 09:30:00-04:00,23.579999923706055,23.969999313354492,23.579999923706055,23.84000015258789,37790,0.0,0.0
2024-06-21 10:30:00-04:00,23.834999084472656,24.149999618530273,23.790000915527344,24.030000686645508,20116,0.0,0.0
2024-06-21 11:30:00-04:00,24.059999465942383,24.334999084472656,24.059999465942383,24.309999465942383,11997,0.0,0.0
2024-06-21 12:30:00-04:00,24.31999969482422,24.395000457763672,24.139999389648438,24.3799991607666,10788,0.0,0.0
2024-06-21 13:30:00-04:00,24.3799991607666,24.430500030517578,24.329999923706055,24.3700008392334,11964,0.0,0.0
2024-06-21 14:30:00-04:00,24.3799991607666,24.420000076293945,24.110000610351562,24.170000076293945,27207,0.0,0.0
2024-06-21 15:30:00-04:00,24.1299991607666,24.290000915527344,23.959999084472656,24.0,70131,0.0,0.0
2024-06-24 09:30:00-04:00,23.790000915527344,23.94499969482422,23.40999984741211,23.670000076293945,53826,0.0,0.0
2024-06-24 10:30:00-04:00,23.639999389648438,23.899999618530273,23.532499313354492,23.760000228881836,39301,0.0,0.0
2024-06-24 11:30:00-04:00,23.709999084472656,23.799999237060547,23.6299991607666,23.709999084472656,29161,0.0,0.0
2024-06-24 12:30:00-04:00,23.700000762939453,23.75,23.5,23.520000457763672,19793,0.0,0.0
2024-06-24 13:30:00-04:00,23.540000915527344,23.6299991607666,23.329999923706055,23.6200008392334,40692,0.0,0.0
2024-06-24 14:30:00-04:00,23.559999465942383,23.69499969482422,23.34000015258789,23.3700008392334,33847,0.0,0.0
2024-06-24 15:30:00-04:00,23.3700008392334,23.3799991607666,23.200000762939453,23.25,63142,0.0,0.0
2024-06-25 09:30:00-04:00,23.350000381469727,23.584999084472656,23.18000030517578,23.395000457763672,45026,0.0,0.0
2024-06-25 10:30:00-04:00,23.375,23.375,23.25,23.270000457763672,16644,0.0,0.0
2024-06-25 11:30:00-04:00,23.219999313354492,23.360000610351562,23.190000534057617,23.25,18328,0.0,0.0
2024-06-25 12:30:00-04:00,23.219999313354492,23.34000015258789,23.100000381469727,23.264999389648438,19419,0.0,0.0
2024-06-25 13:30:00-04:00,23.295000076293945,23.395000457763672,23.174999237060547,23.395000457763672,20536,0.0,0.0
2024-06-25 14:30:00-04:00,23.350000381469727,23.700000762939453,23.329999923706055,23.700000762939453,75302,0.0,0.0
2024-06-25 15:30:00-04:00,23.700000762939453,24.0,23.540000915527344,23.639999389648438,87835,0.0,0.0
2024-06-26 09:30:00-04:00,23.459999084472656,23.639999389648438,23.18000030517578,23.18000030517578,11938,0.0,0.0
2024-06-26 10:30:00-04:00,23.16699981689453,23.16699981689453,22.889999389648438,23.020000457763672,18932,0.0,0.0
2024-06-26 11:30:00-04:00,23.040000915527344,23.2549991607666,23.024999618530273,23.184999465942383,15787,0.0,0.0
2024-06-26 12:30:00-04:00,23.174999237060547,23.174999237060547,22.950000762939453,22.950000762939453,18110,0.0,0.0
2024-06-26 13:30:00-04:00,22.975000381469727,22.975000381469727,22.739999771118164,22.899999618530273,21359,0.0,0.0
2024-06-26 14:30:00-04:00,22.899999618530273,22.959999084472656,22.829999923706055,22.899999618530273,26667,0.0,0.0
2024-06-26 15:30:00-04:00,22.928300857543945,23.020000457763672,22.889999389648438,23.0,38568,0.0,0.0
2024-06-27 09:30:00-04:00,23.18000030517578,23.18000030517578,22.770000457763672,22.969999313354492,18335,0.0,0.0
2024-06-27 10:30:00-04:00,23.065000534057617,23.190000534057617,22.96500015258789,22.96500015258789,11360,0.0,0.0
2024-06-27 11:30:00-04:00,22.90999984741211,23.049999237060547,22.81999969482422,22.81999969482422,15133,0.0,0.0
2024-06-27 12:30:00-04:00,22.829999923706055,22.959999084472656,22.809999465942383,22.875,12750,0.0,0.0
2024-06-27 13:30:00-04:00,22.829999923706055,22.84000015258789,22.600000381469727,22.600000381469727,15284,0.0,0.0
2024-06-27 14:30:00-04:00,22.579999923706055,22.6299991607666,22.469999313354492,22.469999313354492,17242,0.0,0.0
2024-06-27 15:30:00-04:00,22.459999084472656,22.59000015258789,22.43000030517578,22.459999084472656,38361,0.0,0.0
2024-06-28 09:30:00-04:00,22.549999237060547,22.850000381469727,22.209999084472656,22.68000030517578,40259,0.0,0.0
2024-06-28 10:30:00-04:00,22.700000762939453,22.879100799560547,22.6200008392334,22.709999084472656,21302,0.0,0.0
2024-06-28 11:30:00-04:00,22.6200008392334,22.6875,22.469999313354492,22.584999084472656,24718,0.0,0.0
2024-06-28 12:30:00-04:00,22.561399459838867,22.700000762939453,22.5049991607666,22.645000457763672,17154,0.0,0.0
2024-06-28 13:30:00-04:00,22.6299991607666,23.030000686645508,22.6299991607666,23.030000686645508,32158,0.0,0.0
2024-06-28 14:30:00-04:00,23.020000457763672,23.03499984741211,22.850000381469727,22.905000686645508,29493,0.0,0.0
2024-06-28 15:30:00-04:00,22.899999618530273,22.940000534057617,22.549999237060547,22.739999771118164,90023,0.0,0.0
2024-07-01 09:30:00-04:00,22.780000686645508,22.979999542236328,22.334999084472656,22.334999084472656,25619,0.0,0.0
2024-07-01 10:30:00-04:00,22.311100006103516,22.510000228881836,22.239999771118164,22.415000915527344,21546,0.0,0.0
2024-07-01 11:30:00-04:00,22.440000534057617,22.469999313354492,22.290000915527344,22.399999618530273,16737,0.0,0.0
2024-07-01 12:30:00-04:00,22.373899459838867,22.469999313354492,22.260000228881836,22.299999237060547,15877,0.0,0.0
2024-07-01 13:30:00-04:00,22.31999969482422,22.3700008392334,22.209999084472656,22.260000228881836,17110,0.0,0.0
2024-07-01 14:30:00-04:00,22.28499984741211,22.469999313354492,22.28499984741211,22.364999771118164,25826,0.0,0.0
2024-07-01 15:30:00-04:00,22.399999618530273,22.540000915527344,22.350000381469727,22.3799991607666,44456,0.0,0.0
2024-07-02 09:30:00-04:00,22.34000015258789,22.469999313354492,22.21500015258789,22.43000030517578,11511,0.0,0.0
2024-07-02 10:30:00-04:00,22.415000915527344,22.440000534057617,22.229999542236328,22.3799991607666,14267,0.0,0.0
2024-07-02 11:30:00-04:00,22.399999618530273,22.600000381469727,22.290000915527344,22.59000015258789,28221,0.0,0.0
2024-07-02 12:30:00-04:00,22.639999389648438,22.719999313354492,22.59000015258789,22.59000015258789,15910,0.0,0.0
2024-07-02 13:30:00-04:00,22.579999923706055,22.6200008392334,22.469999313354492,22.469999313354492,16673,0.0,0.0
2024-07-02 14:30:00-04:00,22.469999313354492,22.600000381469727,22.469999313354492,22.59749984741211,21903,0.0,0.0
2024-07-02 15:30:00-04:00,22.56999969482422,22.709999084472656,22.489999771118164,22.579999923706055,34674,0.0,0.0
2024-07-03 09:30:00-04:00,22.549999237060547,22.565000534057617,22.280000686645508,22.43000030517578,16750,0.0,0.0
2024-07-03 10:30:00-04:00,22.475000381469727,22.530000686645508,22.1200008392334,22.1200008392334,31860,0.0,0.0
2024-07-03 11:30:00-04:00,22.139999389648438,22.170000076293945,21.93000030517578,22.170000076293945,46527,0.0,0.0
2024-07-05 09:30:00-04:00,22.329999923706055,22.33930015563965,22.030000686645508,22.030000686645508,20250,0.0,0.0
2024-07-05 10:30:00-04:00,22.020000457763672,22.170000076293945,21.93000030517578,21.950000762939453,12536,0.0,0.0
2024-07-05 11:30:00-04:00,21.899999618530273,22.075000762939453,21.729999542236328,21.729999542236328,15195,0.0,0.0
2024-07-05 12:30:00-04:00,21.729999542236328,21.920000076293945,21.68000030517578,21.920000076293945,17308,0.0,0.0
2024-07-05 13:30:00-04:00,21.940000534057617,21.950000762939453,21.78499984741211,21.950000762939453,19506,0.0,0.0
2024-07-05 14:30:00-04:00,21.924999237060547,22.007999420166016,21.860000610351562,21.90999984741211,19260,0.0,0.0
2024-07-05 15:30:00-04:00,21.889999389648438,22.170000076293945,21.8799991607666,22.040000915527344,41630,0.0,0.0
2024-07-08 09:30:00-04:00,22.200000762939453,22.299999237060547,22.079999923706055,22.18000030517578,10939,0.0,0.0
2024-07-08 10:30:00-04:00,22.150999069213867,22.264999389648438,22.100099563598633,22.204999923706055,10620,0.0,0.0
2024-07-08 11:30:00-04:00,22.190000534057617,22.440000534057617,22.190000534057617,22.440000534057617,26417,0.0,0.0
2024-07-08 12:30:00-04:00,22.489999771118164,22.510000228881836,22.420000076293945,22.459999084472656,17392,0.0,0.0
2024-07-08 13:30:00-04:00,22.469999313354492,22.530000686645508,22.274999618530273,22.274999618530273,18317,0.0,0.0
2024-07-08 14:30:00-04:00,22.299699783325195,22.425199508666992,22.239999771118164,22.270000457763672,21536,0.0,0.0
2024-07-08 15:30:00-04:00,22.280000686645508,22.440000534057617,22.280000686645508,22.350000381469727,41791,0.0,0.0
2024-07-09 09:30:00-04:00,22.25,22.290000915527344,22.045000076293945,22.09000015258789,49805,0.0,0.0
2024-07-09 10:30:00-04:00,22.094999313354492,22.094999313354492,21.34000015258789,21.440000534057617,37098,0.0,0.0
2024-07-09 11:30:00-04:00,21.469999313354492,21.670000076293945,21.34000015258789,21.56760025024414,137318,0.0,0.0
2024-07-09 12:30:00-04:00,21.530000686645508,21.68000030517578,21.489999771118164,21.610000610351562,22178,0.0,0.0
2024-07-09 13:30:00-04:00,21.59000015258789,21.614999771118164,21.5,21.59000015258789,12803,0.0,0.0
2024-07-09 14:30:00-04:00,21.559999465942383,21.600000381469727,21.479999542236328,21.56999969482422,25147,0.0,0.0
2024-07-09 15:30:00-04:00,21.573999404907227,21.81999969482422,21.5403995513916,21.65999984741211,55462,0.0,0.0
2024-07-10 09:30:00-04:00,21.899999618530273,21.899999618530273,21.63450050354004,21.709999084472656,12034,0.0,0.0
2024-07-10 10:30:00-04:00,21.641000747680664,21.641000747680664,21.229999542236328,21.229999542236328,25933,0.0,0.0
2024-07-10 11:30:00-04:00,21.2549991607666,21.270000457763672,21.100000381469727,21.138999938964844,20032,0.0,0.0
2024-07-10 12:30:00-04:00,21.104999542236328,21.200000762939453,21.100000381469727,21.15999984741211,17480,0.0,0.0
2024-07-10 13:30:00-04:00,21.159099578857422,21.16900062561035,21.049999237060547,21.09000015258789,16897,0.0,0.0
2024-07-10 14:30:00-04:00,21.040000915527344,21.049999237060547,20.899999618530273,21.010000228881836,21025,0.0,0.0
2024-07-10 15:30:00-04:00,21.010000228881836,21.100000381469727,20.90999984741211,21.059999465942383,58769,0.0,0.0
2024-07-11 09:30:00-04:00,21.40999984741211,21.979900360107422,21.219999313354492,21.889999389648438,15028,0.0,0.0
2024-07-11 10:30:00-04:00,21.9375,21.9375,21.68000030517578,21.799999237060547,15791,0.0,0.0
2024-07-11 11:30:00-04:00,21.739999771118164,21.860000610351562,21.579999923706055,21.579999923706055,13907,0.0,0.0
2024-07-11 12:30:00-04:00,21.579999923706055,21.729999542236328,21.559999465942383,21.625,18232,0.0,0.0
2024-07-11 13:30:00-04:00,21.6299991607666,21.670000076293945,21.56999969482422,21.59000015258789,10939,0.0,0.0
2024-07-11 14:30:00-04:00,21.604999542236328,21.65999984741211,21.510000228881836,21.639999389648438,31524,0.0,0.0
2024-07-11 15:30:00-04:00,21.655000686645508,21.96500015258789,21.6299991607666,21.940000534057617,46679,0.0,0.0
2024-07-12 09:30:00-04:00,22.209999084472656,22.5,21.885000228881836,22.389999389648438,11197,0.0,0.0
2024-07-12 10:30:00-04:00,22.405000686645508,22.450000762939453,22.209999084472656,22.334999084472656,16129,0.0,0.0
2024-07-12 11:30:00-04:00,22.31999969482422,22.325000762939453,22.18000030517578,22.18000030517578,16379,0.0,0.0
2024-07-12 12:30:00-04:00,22.18000030517578,22.239999771118164,22.1299991607666,22.239999771118164,23562,0.0,0.0
2024-07-12 13:30:00-04:00,22.270000457763672,22.399999618530273,22.139999389648438,22.389999389648438,19329,0.0,0.0
2024-07-12 14:30:00-04:00,22.3799991607666,22.46929931640625,22.329999923706055,22.329999923706055,20973,0.0,0.0
2024-07-12 15:30:00-04:00,22.329999923706055,22.40999984741211,22.299999237060547,22.323999404907227,34448,0.0,0.0
2024-07-15 09:30:00-04:00,22.5,22.699899673461914,22.40999984741211,22.6299991607666,17912,0.0,0.0
2024-07-15 10:30:00-04:00,22.56999969482422,22.59000015258789,22.454999923706055,22.489999771118164,11606,0.0,0.0
2024-07-15 11:30:00-04:00,22.40999984741211,22.690000534057617,22.3799991607666,22.3799991607666,20347,0.0,0.0
2024-07-15 12:30:00-04:00,22.3700008392334,22.3700008392334,22.079999923706055,22.079999923706055,34185,0.0,0.0
2024-07-15 13:30:00-04:00,22.1299991607666,22.219999313354492,22.049999237060547,22.170000076293945,19231,0.0,0.0
2024-07-15 14:30:00-04:00,22.170000076293945,22.200000762939453,21.920000076293945,22.079999923706055,27762,0.0,0.0
2024-07-15 15:30:00-04:00,22.100000381469727,22.1299991607666,21.989999771118164,22.059999465942383,32454,0.0,0.0
2024-07-16 09:30:00-04:00,22.299999237060547,23.0,22.25,23.0,12145,0.0,0.0
2024-07-16 10:30:00-04:00,22.93000030517578,23.34819984436035,22.829999923706055,23.290000915527344,28483,0.0,0.0
2024-07-16 11:30:00-04:00,23.260000228881836,23.34000015258789,23.040000915527344,23.309499740600586,18122,0.0,0.0
2024-07-16 12:30:00-04:00,23.229999542236328,23.3700008392334,22.969999313354492,23.145000457763672,17413,0.0,0.0
2024-07-16 13:30:00-04:00,23.145000457763672,23.420000076293945,23.145000457763672,23.31999969482422,18972,0.0,0.0
2024-07-16 14:30:00-04:00,23.3700008392334,23.559999465942383,23.3700008392334,23.559999465942383,19690,0.0,0.0
2024-07-16 15:30:00-04:00,23.559999465942383,23.770000457763672,23.49959945678711,23.725000381469727,42890,0.0,0.0
2024-07-17 09:30:00-04:00,23.6200008392334,24.67020034790039,23.6200008392334,24.454999923706055,19563,0.0,0.0
2024-07-17 10:30:00-04:00,24.360000610351562,24.3700008392334,23.840099334716797,23.889999389648438,17088,0.0,0.0
2024-07-17 11:30:00-04:00,23.959999084472656,24.079999923706055,23.8700008392334,24.049999237060547,17641,0.0,0.0
2024-07-17 12:30:00-04:00,24.049999237060547,24.049999237060547,23.795000076293945,23.889999389648438,15168,0.0,0.0
2024-07-17 13:30:00-04:00,23.860000610351562,24.1299991607666,23.860000610351562,24.110000610351562,14109,0.0,0.0
2024-07-17 14:30:00-04:00,24.1200008392334,24.290000915527344,24.06999969482422,24.19499969482422,18630,0.0,0.0
2024-07-17 15:30:00-04:00,24.18000030517578,24.399999618530273,24.170000076293945,24.399999618530273,48541,0.0,0.0
2024-07-18 09:30:00-04:00,24.219999313354492,24.65999984741211,24.219999313354492,24.645000457763672,12871,0.0,0.0
2024-07-18 10:30:00-04:00,24.68000030517578,24.81999969482422,24.635000228881836,24.719999313354492,14867,0.0,0.0
2024-07-18 11:30:00-04:00,24.790000915527344,24.90999984741211,24.691999435424805,24.709999084472656,19025,0.0,0.0
2024-07-18 12:30:00-04:00,24.719999313354492,24.75,24.489999771118164,24.5,12070,0.0,0.0
2024-07-18 13:30:00-04:00,24.469999313354492,24.489999771118164,24.190000534057617,24.190000534057617,12213,0.0,0.0
2024-07-18 14:30:00-04:00,24.2450008392334,24.25,24.0,24.149999618530273,22279,0.0,0.0
2024-07-18 15:30:00-04:00,24.1299991607666,24.354999542236328,24.1299991607666,24.309999465942383,42622,0.0,0.0
2024-07-19 09:30:00-04:00,24.40999984741211,24.559999465942383,24.295000076293945,24.31999969482422,9834,0.0,0.0
2024-07-19 10:30:00-04:00,24.31999969482422,24.34000015258789,23.875,23.93000030517578,14257,0.0,0.0
2024-07-19 11:30:00-04:00,23.920000076293945,24.219999313354492,23.920000076293945,24.200000762939453,12464,0.0,0.0
2024-07-19 12:30:00-04:00,24.184999465942383,24.299999237060547,24.1299991607666,24.149999618530273,15660,0.0,0.0
2024-07-19 13:30:00-04:00,24.139999389648438,24.149999618530273,24.010000228881836,24.010000228881836,8745,0.0,0.0
2024-07-19 14:30:00-04:00,23.969999313354492,24.110000610351562,23.959999084472656,24.0,10496,0.0,0.0
2024-07-19 15:30:00-04:00,24.020000457763672,24.200000762939453,24.020000457763672,24.170000076293945,22230,0.0,0.0
2024-07-22 09:30:00-04:00,24.149999618530273,24.5049991607666,23.780000686645508,24.059999465942383,55511,0.0,0.0
2024-07-22 10:30:00-04:00,23.959999084472656,24.399999618530273,23.92300033569336,24.399999618530273,9945,0.0,0.0
2024-07-22 11:30:00-04:00,24.329999923706055,24.510000228881836,24.325000762939453,24.350000381469727,10769,0.0,0.0
2024-07-22 12:30:00-04:00,24.350000381469727,24.540000915527344,24.25,24.360000610351562,17905,0.0,0.0
2024-07-22 13:30:00-04:00,24.389999389648438,24.424999237060547,24.239999771118164,24.360000610351562,12151,0.0,0.0
2024-07-22 14:30:00-04:00,24.3700008392334,24.81999969482422,24.3700008392334,24.799999237060547,26952,0.0,0.0
2024-07-22 15:30:00-04:00,24.81999969482422,25.040000915527344,24.729999542236328,24.739999771118164,46287,0.0,0.0
2024-07-23 09:30:00-04:00,24.68000030517578,24.90999984741211,24.389999389648438,24.65999984741211,12516,0.0,0.0
2024-07-23 10:30:00-04:00,24.665000915527344,24.729999542236328,24.229999542236328,24.489999771118164,10058,0.0,0.0
2024-07-23 11:30:00-04:00,24.5,24.59000015258789,24.219999313354492,24.219999313354492,13119,0.0,0.0
2024-07-23 12:30:00-04:00,24.21500015258789,24.964000701904297,24.21500015258789,24.950000762939453,30860,0.0,0.0
2024-07-23 13:30:00-04:00,24.920000076293945,25.06999969482422,24.790000915527344,25.06999969482422,49418,0.0,0.0
2024-07-23 14:30:00-04:00,25.030000686645508,25.030000686645508,24.520000457763672,24.530000686645508,33167,0.0,0.0
2024-07-23 15:30:00-04:00,24.530000686645508,24.530000686645508,24.3700008392334,24.5,40273,0.0,0.0
2024-07-24 09:30:00-04:00,24.40999984741211,24.809999465942383,24.309999465942383,24.450000762939453,11669,0.0,0.0
2024-07-24 10:30:00-04:00,24.389999389648438,24.389999389648438,24.11400032043457,24.219999313354492,14120,0.0,0.0
2024-07-24 11:30:00-04:00,24.229999542236328,24.360000610351562,24.209999084472656,24.354999542236328,19590,0.0,0.0
2024-07-24 12:30:00-04:00,24.34000015258789,24.3700008392334,24.260000228881836,24.280000686645508,8351,0.0,0.0
2024-07-24 13:30:00-04:00,24.280000686645508,24.299999237060547,24.09000015258789,24.09000015258789,12267,0.0,0.0
2024-07-24 14:30:00-04:00,24.104999542236328,24.104999542236328,23.8700008392334,23.93000030517578,22507,0.0,0.0
2024-07-24 15:30:00-04:00,23.950000762939453,24.079999923706055,23.8799991607666,23.899999618530273,30081,0.0,0.0
2024-07-25 09:30:00-04:00,23.809999465942383,24.200000762939453,23.78499984741211,24.110000610351562,31623,0.0,0.0
2024-07-25 10:30:00-04:00,24.049999237060547,24.065000534057617,23.860000610351562,23.940000534057617,20193,0.0,0.0
2024-07-25 11:30:00-04:00,23.899999618530273,24.020000457763672,23.799999237060547,23.860000610351562,10626,0.0,0.0
2024-07-25 12:30:00-04:00,23.84000015258789,24.040000915527344,23.790000915527344,23.860000610351562,10987,0.0,0.0
2024-07-25 13:30:00-04:00,23.93000030517578,24.040000915527344,23.93000030517578,23.989999771118164,14251,0.0,0.0
2024-07-25 14:30:00-04:00,24.020000457763672,24.149999618530273,23.930099487304688,24.020000457763672,18183,0.0,0.0
2024-07-25 15:30:00-04:00,24.037099838256836,24.100000381469727,23.899999618530273,23.924999237060547,30843,0.0,0.0
2024-07-26 09:30:00-04:00,24.219999313354492,24.219999313354492,23.600000381469727,23.600000381469727,20449,0.0,0.0
2024-07-26 10:30:00-04:00,23.579999923706055,23.658700942993164,23.329999923706055,23.489999771118164,17405,0.0,0.0
2024-07-26 11:30:00-04:00,23.5,23.5,23.299999237060547,23.299999237060547,15565,0.0,0.0
2024-07-26 12:30:00-04:00,23.290000915527344,23.43000030517578,23.18000030517578,23.31999969482422,24838,0.0,0.0
2024-07-26 13:30:00-04:00,23.350000381469727,23.3700008392334,23.260000228881836,23.3700008392334,12105,0.0,0.0
2024-07-26 14:30:00-04:00,23.350000381469727,23.43000030517578,23.329999923706055,23.34000015258789,21440,0.0,0.0
2024-07-26 15:30:00-04:00,23.360000610351562,23.610000610351562,23.329999923706055,23.610000610351562,52690,0.0,0.0
2024-07-29 09:30:00-04:00,23.729999542236328,23.729999542236328,23.31999969482422,23.3799991607666,22518,0.0,0.0
2024-07-29 10:30:00-04:00,23.420000076293945,23.420000076293945,23.0,23.079999923706055,16528,0.0,0.0
2024-07-29 11:30:00-04:00,23.079999923706055,23.158100128173828,22.889999389648438,22.93000030517578,20505,0.0,0.0
2024-07-29 12:30:00-04:00,22.969999313354492,23.11989974975586,22.90999984741211,23.040000915527344,53415,0.0,0.0
2024-07-29 13:30:00-04:00,23.040000915527344,23.31999969482422,23.020000457763672,23.15999984741211,13874,0.0,0.0
2024-07-29 14:30:00-04:00,23.15999984741211,23.399999618530273,23.15999984741211,23.350000381469727,24554,0.0,0.0
2024-07-29 15:30:00-04:00,23.389999389648438,23.565000534057617,23.389999389648438,23.43000030517578,34575,0.0,0.0
2024-07-30 09:30:00-04:00,23.3700008392334,23.459999084472656,23.170000076293945,23.3799991607666,17631,0.0,0.0
2024-07-30 10:30:00-04:00,23.395000457763672,23.56999969482422,23.3700008392334,23.549999237060547,18967,0.0,0.0
2024-07-30 11:30:00-04:00,23.549999237060547,23.665000915527344,23.420000076293945,23.420000076293945,20330,0.0,0.0
2024-07-30 12:30:00-04:00,23.420000076293945,23.6299991607666,23.364999771118164,23.40999984741211,26275,0.0,0.0
2024-07-30 13:30:00-04:00,23.40999984741211,23.719999313354492,23.399999618530273,23.709999084472656,18257,0.0,0.0
2024-07-30 14:30:00-04:00,23.71500015258789,23.844999313354492,23.649999618530273,23.780000686645508,28245,0.0,0.0
2024-07-30 15:30:00-04:00,23.760000228881836,23.84000015258789,23.575000762939453,23.6299991607666,32121,0.0,0.0
2024-07-31 09:30:00-04:00,23.649999618530273,23.809999465942383,23.475000381469727,23.579999923706055,5221,0.0,0.0
2024-07-31 10:30:00-04:00,23.56999969482422,23.610000610351562,23.56999969482422,23.610000610351562,7447,0.0,0.0
2024-07-31 11:30:00-04:00,23.38010025024414,23.760000228881836,23.38010025024414,23.760000228881836,12650,0.0,0.0
2024-07-31 12:30:00-04:00,23.799999237060547,23.889999389648438,23.75,23.825000762939453,7938,0.0,0.0
2024-07-31 13:30:00-04:00,23.825000762939453,23.969999313354492,23.780000686645508,23.799999237060547,9466,0.0,0.0
2024-07-31 14:30:00-04:00,23.780000686645508,24.270000457763672,23.780000686645508,23.899999618530273,21386,0.0,0.0
2024-07-31 15:30:00-04:00,23.860000610351562,23.860000610351562,23.690000534057617,23.809999465942383,31285,0.0,0.0
2024-08-01 09:30:00-04:00,23.860000610351562,24.15999984741211,23.385000228881836,23.385000228881836,10306,0.0,0.0
2024-08-01 10:30:00-04:00,23.309999465942383,23.360000610351562,22.889999389648438,22.889999389648438,16639,0.0,0.0
2024-08-01 11:30:00-04:00,22.860000610351562,23.09000015258789,22.860000610351562,22.979999542236328,20313,0.0,0.0
2024-08-01 12:30:00-04:00,22.899999618530273,22.93000030517578,22.837499618530273,22.927499771118164,9790,0.0,0.0
2024-08-01 13:30:00-04:00,22.959999084472656,23.0,22.860000610351562,22.915000915527344,10304,0.0,0.0
2024-08-01 14:30:00-04:00,22.899999618530273,23.06999969482422,22.829999923706055,23.059999465942383,9083,0.0,0.0
2024-08-01 15:30:00-04:00,23.059999465942383,23.209999084472656,22.950000762939453,23.139999389648438,28012,0.0,0.0
2024-08-02 09:30:00-04:00,22.700000762939453,23.260000228881836,22.700000762939453,22.979999542236328,18912,0.0,0.0
2024-08-02 10:30:00-04:00,23.020000457763672,23.1200008392334,22.979999542236328,23.040000915527344,11825,0.0,0.0
2024-08-02 11:30:00-04:00,23.020000457763672,23.389999389648438,23.010000228881836,23.3700008392334,10843,0.0,0.0
2024-08-02 12:30:00-04:00,23.399999618530273,23.459999084472656,23.20009994506836,23.364999771118164,18894,0.0,0.0
2024-08-02 13:30:00-04:00,23.329999923706055,23.399999618530273,23.270000457763672,23.33609962463379,8432,0.0,0.0
2024-08-02 14:30:00-04:00,23.309999465942383,23.420000076293945,23.25,23.325000762939453,16386,0.0,0.0
2024-08-02 15:30:00-04:00,23.309999465942383,23.389999389648438,23.200000762939453,23.280000686645508,24352,0.0,0.0
2024-08-05 09:30:00-04:00,22.760000228881836,23.079999923706055,22.135000228881836,22.135000228881836,26035,0.0,0.0
2024-08-05 10:30:00-04:00,22.06999969482422,22.219999313354492,21.817899703979492,21.850000381469727,14383,0.0,0.0
2024-08-05 11:30:00-04:00,21.89419937133789,22.18000030517578,21.89419937133789,22.090099334716797,20813,0.0,0.0
2024-08-05 12:30:00-04:00,22.110000610351562,22.329999923706055,22.079999923706055,22.139999389648438,10441,0.0,0.0
2024-08-05 13:30:00-04:00,22.139999389648438,22.270000457763672,22.110000610351562,22.270000457763672,10959,0.0,0.0
2024-08-05 14:30:00-04:00,22.209999084472656,22.280000686645508,22.1299991607666,22.270000457763672,23295,0.0,0.0
2024-08-05 15:30:00-04:00,22.229999542236328,22.40999984741211,22.200000762939453,22.3799991607666,26686,0.0,0.0
2024-08-06 09:30:00-04:00,22.309999465942383,22.59000015258789,22.170000076293945,22.3799991607666,11683,0.0,0.0
2024-08-06 10:30:00-04:00,22.399999618530273,22.434999465942383,21.854999542236328,21.854999542236328,11790,0.0,0.0
2024-08-06 11:30:00-04:00,21.739999771118164,22.032499313354492,21.649999618530273,21.950000762939453,36335,0.0,0.0
2024-08-06 12:30:00-04:00,21.93000030517578,21.939899444580078,21.799999237060547,21.850000381469727,10549,0.0,0.0
2024-08-06 13:30:00-04:00,21.850000381469727,21.920000076293945,21.790000915527344,21.84000015258789,9311,0.0,0.0
2024-08-06 14:30:00-04:00,21.899999618530273,22.110000610351562,21.84000015258789,22.0,40474,0.0,0.0
2024-08-06 15:30:00-04:00,21.979999542236328,22.024999618530273,21.899999618530273,21.90999984741211,29945,0.0,0.0
2024-08-07 09:30:00-04:00,21.90999984741211,22.065000534057617,21.790000915527344,21.790000915527344,14455,0.0,0.0
2024-08-07 10:30:00-04:00,21.809999465942383,21.899999618530273,21.729999542236328,21.747600555419922,7144,0.0,0.0
2024-08-07 11:30:00-04:00,21.729999542236328,21.84000015258789,21.610000610351562,21.729999542236328,29340,0.0,0.0
2024-08-07 12:30:00-04:00,21.760000228881836,21.760000228881836,21.440900802612305,21.488100051879883,9243,0.0,0.0
2024-08-07 13:30:00-04:00,21.44879913330078,21.44879913330078,21.290000915527344,21.290000915527344,8368,0.0,0.0
2024-08-07 14:30:00-04:00,21.209999084472656,21.270000457763672,21.110000610351562,21.270000457763672,15738,0.0,0.0
2024-08-07 15:30:00-04:00,21.25,21.309999465942383,21.219999313354492,21.309999465942383,18115,0.0,0.0
2024-08-08 09:30:00-04:00,21.43000030517578,21.649999618530273,21.30500030517578,21.6200008392334,21643,0.0,0.0
2024-08-08 10:30:00-04:00,21.6299991607666,21.68000030517578,21.260000228881836,21.280000686645508,10449,0.0,0.0
2024-08-08 11:30:00-04:00,21.34000015258789,21.40999984741211,21.190000534057617,21.200000762939453,16529,0.0,0.0
2024-08-08 12:30:00-04:00,21.190000534057617,21.259899139404297,21.1200008392334,21.1200008392334,11870,0.0,0.0
2024-08-08 13:30:00-04:00,21.15999984741211,21.204999923706055,21.09000015258789,21.110000610351562,15970,0.0,0.0
2024-08-08 14:30:00-04:00,21.149999618530273,21.200000762939453,21.014999389648438,21.1200008392334,25892,0.0,0.0
2024-08-08 15:30:00-04:00,21.1299991607666,21.15999984741211,21.059999465942383,21.127500534057617,24007,0.0,0.0
2024-08-09 09:30:00-04:00,21.1299991607666,21.1299991607666,20.6299991607666,20.649999618530273,6497,0.0,0.0
2024-08-09 10:30:00-04:00,20.739999771118164,20.81999969482422,20.5,20.530000686645508,12471,0.0,0.0
2024-08-09 11:30:00-04:00,20.530000686645508,20.659900665283203,20.499399185180664,20.524999618530273,29322,0.0,0.0
2024-08-09 12:30:00-04:00,20.53499984741211,20.700000762939453,20.53499984741211,20.690000534057617,38223,0.0,0.0
2024-08-09 13:30:00-04:00,20.670000076293945,20.7450008392334,20.56999969482422,20.579999923706055,20335,0.0,0.0
2024-08-09 14:30:00-04:00,20.584999084472656,21.0,20.56999969482422,20.94499969482422,48576,0.0,0.0
2024-08-09 15:30:00-04:00,20.969999313354492,21.010000228881836,20.93000030517578,20.959999084472656,37868,0.0,0.0
2024-08-12 09:30:00-04:00,20.90999984741211,20.985000610351562,20.43000030517578,20.489999771118164,13760,0.0,0.0
2024-08-12 10:30:00-04:00,20.365999221801758,20.6200008392334,20.365999221801758,20.5,13608,0.0,0.0
2024-08-12 11:30:00-04:00,20.360000610351562,20.579999923706055,20.334999084472656,20.510000228881836,14785,0.0,0.0
2024-08-12 12:30:00-04:00,20.420000076293945,20.639999389648438,20.299999237060547,20.5,23433,0.0,0.0
2024-08-12 13:30:00-04:00,20.54990005493164,20.579999923706055,20.389999389648438,20.40999984741211,19050,0.0,0.0
2024-08-12 14:30:00-04:00,20.399999618530273,20.440000534057617,20.329999923706055,20.389999389648438,22177,0.0,0.0
2024-08-12 15:30:00-04:00,20.3799991607666,20.5,20.360000610351562,20.475000381469727,42274,0.0,0.0
2024-08-13 09:30:00-04:00,20.780000686645508,21.05500030517578,20.684999465942383,20.795000076293945,17308,0.0,0.0
2024-08-13 10:30:00-04:00,20.799999237060547,20.829999923706055,20.6299991607666,20.764999389648438,16526,0.0,0.0
2024-08-13 11:30:00-04:00,20.860000610351562,21.075000762939453,20.770099639892578,21.020000457763672,21788,0.0,0.0
2024-08-13 12:30:00-04:00,21.046100616455078,21.2406005859375,20.972200393676758,21.2406005859375,18216,0.0,0.0
2024-08-13 13:30:00-04:00,21.239999771118164,21.5,21.209999084472656,21.399999618530273,24175,0.0,0.0
2024-08-13 14:30:00-04:00,21.40999984741211,22.039199829101562,21.364999771118164,22.039199829101562,38741,0.0,0.0
2024-08-13 15:30:00-04:00,22.049999237060547,22.5,22.014999389648438,22.489999771118164,97455,0.0,0.0
2024-08-14 09:30:00-04:00,22.479999542236328,22.899999618530273,22.260000228881836,22.739999771118164,33792,0.0,0.0
2024-08-14 10:30:00-04:00,22.65999984741211,22.84000015258789,22.559999465942383,22.600000381469727,17999,0.0,0.0
2024-08-14 11:30:00-04:00,22.670799255371094,22.950000762939453,22.6299991607666,22.68000030517578,25005,0.0,0.0
2024-08-14 12:30:00-04:00,22.760000228881836,23.0,22.760000228881836,22.920000076293945,27037,0.0,0.0
2024-08-14 13:30:00-04:00,22.8799991607666,22.979999542236328,22.770000457763672,22.790000915527344,16116,0.0,0.0
2024-08-14 14:30:00-04:00,22.795000076293945,22.95680046081543,22.770000457763672,22.950000762939453,25650,0.0,0.0
2024-08-14 15:30:00-04:00,22.969999313354492,23.208999633789062,22.940000534057617,23.06999969482422,59971,0.0,0.0
2024-08-15 09:30:00-04:00,23.40999984741211,23.639999389648438,23.06999969482422,23.135000228881836,8112,0.0,0.0
2024-08-15 10:30:00-04:00,23.190000534057617,23.469999313354492,23.190000534057617,23.3799991607666,9081,0.0,0.0
2024-08-15 11:30:00-04:00,23.309999465942383,23.3799991607666,23.280000686645508,23.3799991607666,5512,0.0,0.0
2024-08-15 12:30:00-04:00,23.350000381469727,23.540000915527344,23.309999465942383,23.3799991607666,15352,0.0,0.0
2024-08-15 13:30:00-04:00,23.309999465942383,23.530000686645508,23.3085994720459,23.479999542236328,14545,0.0,0.0
2024-08-15 14:30:00-04:00,23.479999542236328,23.6299991607666,23.34000015258789,23.510000228881836,24783,0.0,0.0
2024-08-15 15:30:00-04:00,23.510000228881836,23.549999237060547,23.399999618530273,23.510000228881836,50861,0.0,0.0
2024-08-16 09:30:00-04:00,23.739999771118164,25.350000381469727,23.739999771118164,24.635000228881836,110132,0.0,0.0
2024-08-16 10:30:00-04:00,24.601999282836914,24.770000457763672,24.3700008392334,24.520000457763672,31994,0.0,0.0
2024-08-16 11:30:00-04:00,24.513999938964844,24.549999237060547,24.399999618530273,24.489999771118164,18359,0.0,0.0
2024-08-16 12:30:00-04:00,24.40999984741211,24.53499984741211,24.375,24.440000534057617,30129,0.0,0.0
2024-08-16 13:30:00-04:00,24.479999542236328,24.610000610351562,24.43560028076172,24.5,17221,0.0,0.0
2024-08-16 14:30:00-04:00,24.489999771118164,24.579999923706055,24.389999389648438,24.549999237060547,41018,0.0,0.0
2024-08-16 15:30:00-04:00,24.469999313354492,24.790000915527344,24.469999313354492,24.760000228881836,77011,0.0,0.0
2024-08-19 09:30:00-04:00,24.780000686645508,25.219999313354492,24.614999771118164,24.614999771118164,39238,0.0,0.0
2024-08-19 10:30:00-04:00,24.604999542236328,24.780000686645508,24.43000030517578,24.6825008392334,20173,0.0,0.0
2024-08-19 11:30:00-04:00,24.68000030517578,24.719999313354492,24.610000610351562,24.68000030517578,8938,0.0,0.0
2024-08-19 12:30:00-04:00,24.68000030517578,24.729999542236328,24.6200008392334,24.670000076293945,20012,0.0,0.0
2024-08-19 13:30:00-04:00,24.690000534057617,24.854000091552734,24.56999969482422,24.729999542236328,21628,0.0,0.0
2024-08-19 14:30:00-04:00,24.725000381469727,24.940000534057617,24.6299991607666,24.920000076293945,29192,0.0,0.0
2024-08-19 15:30:00-04:00,24.920000076293945,24.920000076293945,24.719999313354492,24.8700008392334,63084,0.0,0.0
2024-08-20 09:30:00-04:00,24.8799991607666,24.8799991607666,24.229999542236328,24.329999923706055,7426,0.0,0.0
2024-08-20 10:30:00-04:00,24.3799991607666,24.59000015258789,24.3700008392334,24.440000534057617,7945,0.0,0.0
2024-08-20 11:30:00-04:00,24.489999771118164,24.55500030517578,24.3799991607666,24.41320037841797,10993,0.0,0.0
2024-08-20 12:30:00-04:00,24.3799991607666,24.540000915527344,24.329999923706055,24.489999771118164,8704,0.0,0.0
2024-08-20 13:30:00-04:00,24.4950008392334,24.75,24.4950008392334,24.690000534057617,12164,0.0,0.0
2024-08-20 14:30:00-04:00,24.732799530029297,24.809999465942383,24.732799530029297,24.760000228881836,14155,0.0,0.0
2024-08-20 15:30:00-04:00,24.770000457763672,24.93000030517578,24.725000381469727,24.8700008392334,34762,0.0,0.0
2024-08-21 09:30:00-04:00,24.959999084472656,25.0,24.59000015258789,24.860000610351562,9054,0.0,0.0
2024-08-21 10:30:00-04:00,24.899999618530273,24.950000762939453,24.639999389648438,24.940000534057617,18054,0.0,0.0
2024-08-21 11:30:00-04:00,24.979999542236328,25.020000457763672,24.90999984741211,25.0,5394,0.0,0.0
2024-08-21 12:30:00-04:00,24.920000076293945,24.969999313354492,24.84000015258789,24.8700008392334,8329,0.0,0.0
2024-08-21 13:30:00-04:00,24.8700008392334,25.010000228881836,24.8700008392334,24.920000076293945,7146,0.0,0.0
2024-08-21 14:30:00-04:00,24.969999313354492,24.969999313354492,24.81999969482422,24.84000015258789,11431,0.0,0.0
2024-08-21 15:30:00-04:00,24.860000610351562,24.8799991607666,24.600000381469727,24.649999618530273,26942,0.0,0.0
2024-08-22 09:30:00-04:00,24.600000381469727,24.600000381469727,23.984899520874023,23.984899520874023,9021,0.0,0.0
2024-08-22 10:30:00-04:00,23.920400619506836,23.969999313354492,23.735000610351562,23.739999771118164,9435,0.0,0.0
2024-08-22 11:30:00-04:00,23.56999969482422,23.989999771118164,23.56999969482422,23.93000030517578,46396,0.0,0.0
2024-08-22 12:30:00-04:00,23.934999465942383,23.969999313354492,23.895000457763672,23.93000030517578,16183,0.0,0.0
2024-08-22 13:30:00-04:00,23.920000076293945,24.030000686645508,23.889999389648438,24.02989959716797,12553,0.0,0.0
2024-08-22 14:30:00-04:00,24.020000457763672,24.030000686645508,23.8700008392334,23.90999984741211,14147,0.0,0.0
2024-08-22 15:30:00-04:00,23.899999618530273,23.90999984741211,23.485000610351562,23.559999465942383,37585,0.0,0.0
2024-08-23 09:30:00-04:00,23.709999084472656,24.084999084472656,23.709999084472656,24.084999084472656,5502,0.0,0.0
2024-08-23 10:30:00-04:00,24.1299991607666,24.329999923706055,24.100000381469727,24.100000381469727,15549,0.0,0.0
2024-08-23 11:30:00-04:00,24.125,24.18000030517578,23.989999771118164,24.020599365234375,13375,0.0,0.0
2024-08-23 12:30:00-04:00,24.049999237060547,24.049999237060547,23.899999618530273,23.90999984741211,5482,0.0,0.0
2024-08-23 13:30:00-04:00,23.885000228881836,23.885000228881836,23.799999237060547,23.799999237060547,6208,0.0,0.0
2024-08-23 14:30:00-04:00,23.700000762939453,23.770000457763672,23.670000076293945,23.770000457763672,14471,0.0,0.0
2024-08-23 15:30:00-04:00,23.829999923706055,24.110000610351562,23.790000915527344,24.06999969482422,34898,0.0,0.0
2024-08-26 09:30:00-04:00,24.149999618530273,24.469999313354492,24.049999237060547,24.450000762939453,8589,0.0,0.0
2024-08-26 10:30:00-04:00,24.5,24.530000686645508,24.059999465942383,24.059999465942383,8157,0.0,0.0
2024-08-26 11:30:00-04:00,23.969999313354492,24.399999618530273,23.969999313354492,24.239999771118164,15122,0.0,0.0
2024-08-26 12:30:00-04:00,24.25,24.479999542236328,24.209999084472656,24.469999313354492,9328,0.0,0.0
2024-08-26 13:30:00-04:00,24.440000534057617,24.440000534057617,24.200000762939453,24.25,12243,0.0,0.0
2024-08-26 14:30:00-04:00,24.219999313354492,24.334999084472656,24.200000762939453,24.200000762939453,15640,0.0,0.0
2024-08-26 15:30:00-04:00,24.200000762939453,24.200000762939453,24.075000762939453,24.149999618530273,29468,0.0,0.0
2024-08-27 09:30:00-04:00,24.100000381469727,24.135000228881836,23.81999969482422,23.8700008392334,4008,0.0,0.0
2024-08-27 10:30:00-04:00,23.905000686645508,24.110000610351562,23.889999389648438,24.020000457763672,5797,0.0,0.0
2024-08-27 11:30:00-04:00,24.030000686645508,24.065000534057617,23.764999389648438,23.979999542236328,7506,0.0,0.0
2024-08-27 12:30:00-04:00,23.90999984741211,23.975000381469727,23.834999084472656,23.94499969482422,5984,0.0,0.0
2024-08-27 13:30:00-04:00,23.975000381469727,24.030000686645508,23.975000381469727,24.024999618530273,6243,0.0,0.0
2024-08-27 14:30:00-04:00,23.979999542236328,24.03499984741211,23.924999237060547,23.950000762939453,13966,0.0,0.0
2024-08-27 15:30:00-04:00,23.93000030517578,23.979999542236328,23.8799991607666,23.969999313354492,22062,0.0,0.0
2024-08-28 09:30:00-04:00,23.799999237060547,24.0049991607666,23.559999465942383,24.0,7609,0.0,0.0
2024-08-28 10:30:00-04:00,23.9950008392334,23.9950008392334,23.65999984741211,23.75790023803711,7220,0.0,0.0
2024-08-28 11:30:00-04:00,23.540000915527344,23.580299377441406,23.350000381469727,23.350000381469727,7291,0.0,0.0
2024-08-28 12:30:00-04:00,23.329999923706055,23.440000534057617,23.299999237060547,23.334999084472656,9771,0.0,0.0
2024-08-28 13:30:00-04:00,23.270000457763672,23.385000228881836,23.174999237060547,23.209999084472656,9772,0.0,0.0
2024-08-28 14:30:00-04:00,23.18000030517578,23.43000030517578,23.18000030517578,23.43000030517578,17645,0.0,0.0
2024-08-28 15:30:00-04:00,23.469999313354492,23.479999542236328,23.350000381469727,23.3799991607666,23247,0.0,0.0
2024-08-29 09:30:00-04:00,23.489999771118164,23.489999771118164,22.850000381469727,23.190000534057617,10548,0.0,0.0
2024-08-29 10:30:00-04:00,23.219999313354492,23.219999313354492,23.05500030517578,23.190000534057617,8357,0.0,0.0
2024-08-29 11:30:00-04:00,23.235000610351562,23.350000381469727,23.190000534057617,23.25,11694,0.0,0.0
2024-08-29 12:30:00-04:00,23.229999542236328,23.420000076293945,23.190000534057617,23.395000457763672,11200,0.0,0.0
2024-08-29 13:30:00-04:00,23.395000457763672,23.4950008392334,23.34000015258789,23.3700008392334,11673,0.0,0.0
2024-08-29 14:30:00-04:00,23.389999389648438,23.43000030517578,23.34000015258789,23.385000228881836,17831,0.0,0.0
2024-08-29 15:30:00-04:00,23.399999618530273,23.405000686645508,23.219999313354492,23.290000915527344,41362,0.0,0.0
2024-08-30 09:30:00-04:00,23.34000015258789,23.34000015258789,23.030000686645508,23.09000015258789,10999,0.0,0.0
2024-08-30 10:30:00-04:00,23.1299991607666,23.165000915527344,22.81999969482422,22.81999969482422,23949,0.0,0.0
2024-08-30 11:30:00-04:00,22.84000015258789,22.899999618530273,22.770000457763672,22.809999465942383,20685,0.0,0.0
2024-08-30 12:30:00-04:00,22.780000686645508,22.90999984741211,22.69499969482422,22.844999313354492,25184,0.0,0.0
2024-08-30 13:30:00-04:00,22.81999969482422,23.020000457763672,22.774999618530273,22.93000030517578,18810,0.0,0.0
2024-08-30 14:30:00-04:00,22.8799991607666,23.1200008392334,22.834999084472656,23.1200008392334,20360,0.0,0.0
2024-08-30 15:30:00-04:00,23.09000015258789,23.209999084472656,23.020000457763672,23.020000457763672,49821,0.0,0.0
