Datetime,Open,High,Low,Close,Volume,Dividends,Stock Splits
2022-09-01 09:30:00-04:00,21.579999923706055,21.579999923706055,21.280000686645508,21.420000076293945,0,0.0,0.0
2022-09-01 10:30:00-04:00,21.510000228881836,21.56999969482422,21.389999389648438,21.489999771118164,19124,0.0,0.0
2022-09-01 11:30:00-04:00,21.469999313354492,21.540000915527344,21.420000076293945,21.46500015258789,16182,0.0,0.0
2022-09-01 12:30:00-04:00,21.44499969482422,21.479999542236328,21.360000610351562,21.469999313354492,14941,0.0,0.0
2022-09-01 13:30:00-04:00,21.476999282836914,21.479999542236328,21.350000381469727,21.459999084472656,19430,0.0,0.0
2022-09-01 14:30:00-04:00,21.469999313354492,21.5,21.360000610351562,21.3700008392334,43664,0.0,0.0
2022-09-01 15:30:00-04:00,21.3700008392334,21.530000686645508,21.350000381469727,21.510000228881836,53069,0.0,0.0
2022-09-02 09:30:00-04:00,21.760000228881836,21.959999084472656,21.262300491333008,21.770000457763672,17559,0.0,0.0
2022-09-02 10:30:00-04:00,21.770000457763672,21.895000457763672,21.770000457763672,21.889999389648438,30232,0.0,0.0
2022-09-02 11:30:00-04:00,21.8700008392334,21.920000076293945,21.780000686645508,21.780000686645508,17181,0.0,0.0
2022-09-02 12:30:00-04:00,21.760000228881836,21.790000915527344,21.549999237060547,21.549999237060547,15961,0.0,0.0
2022-09-02 13:30:00-04:00,21.540000915527344,21.600000381469727,21.520000457763672,21.59000015258789,16092,0.0,0.0
2022-09-02 14:30:00-04:00,21.579999923706055,21.610000610351562,21.440000534057617,21.440000534057617,20315,0.0,0.0
2022-09-02 15:30:00-04:00,21.440000534057617,21.450000762939453,21.31999969482422,21.440000534057617,37086,0.0,0.0
2022-09-06 09:30:00-04:00,21.489999771118164,21.514999389648438,21.020000457763672,21.09000015258789,31224,0.0,0.0
2022-09-06 10:30:00-04:00,21.079999923706055,21.1200008392334,21.0049991607666,21.030000686645508,26235,0.0,0.0
2022-09-06 11:30:00-04:00,21.020000457763672,21.15999984741211,21.0,21.0,19865,0.0,0.0
2022-09-06 12:30:00-04:00,20.989999771118164,21.06999969482422,20.950000762939453,20.959999084472656,22188,0.0,0.0
2022-09-06 13:30:00-04:00,20.959999084472656,21.024999618530273,20.93000030517578,21.0,19978,0.0,0.0
2022-09-06 14:30:00-04:00,20.989999771118164,20.989999771118164,20.834999084472656,20.899999618530273,24506,0.0,0.0
2022-09-06 15:30:00-04:00,20.8700008392334,21.100000381469727,20.860000610351562,21.100000381469727,65817,0.0,0.0
2022-09-07 09:30:00-04:00,20.989999771118164,21.040000915527344,20.950000762939453,21.030000686645508,30378,0.0,0.0
2022-09-07 10:30:00-04:00,21.06999969482422,21.100000381469727,21.03499984741211,21.059999465942383,20747,0.0,0.0
2022-09-07 11:30:00-04:00,21.049999237060547,21.084999084472656,21.020000457763672,21.06999969482422,15945,0.0,0.0
2022-09-07 12:30:00-04:00,21.059999465942383,21.100000381469727,21.049999237060547,21.049999237060547,18145,0.0,0.0
2022-09-07 13:30:00-04:00,21.059999465942383,21.209999084472656,21.059999465942383,21.184999465942383,21355,0.0,0.0
2022-09-07 14:30:00-04:00,21.184999465942383,21.31999969482422,21.170000076293945,21.295000076293945,71147,0.0,0.0
2022-09-07 15:30:00-04:00,21.295000076293945,21.309999465942383,21.25,21.280000686645508,62784,0.0,0.0
2022-09-08 09:30:00-04:00,21.139999389648438,21.459999084472656,20.920000076293945,21.459999084472656,52906,0.0,0.0
2022-09-08 10:30:00-04:00,21.440000534057617,21.510000228881836,21.420000076293945,21.440000534057617,18320,0.0,0.0
2022-09-08 11:30:00-04:00,21.440000534057617,21.549999237060547,21.40999984741211,21.469999313354492,18404,0.0,0.0
2022-09-08 12:30:00-04:00,21.469999313354492,21.56999969482422,21.469999313354492,21.520000457763672,17791,0.0,0.0
2022-09-08 13:30:00-04:00,21.540000915527344,21.600000381469727,21.530000686645508,21.584999084472656,17632,0.0,0.0
2022-09-08 14:30:00-04:00,21.59000015258789,21.6299991607666,21.5,21.604999542236328,27624,0.0,0.0
2022-09-08 15:30:00-04:00,21.604999542236328,21.604999542236328,21.489999771118164,21.59000015258789,51920,0.0,0.0
2022-09-09 09:30:00-04:00,21.68000030517578,21.90999984741211,21.68000030517578,21.90999984741211,38961,0.0,0.0
2022-09-09 10:30:00-04:00,21.899999618530273,21.979999542236328,21.8700008392334,21.8700008392334,24538,0.0,0.0
2022-09-09 11:30:00-04:00,21.860000610351562,21.8799991607666,21.781999588012695,21.790000915527344,9820,0.0,0.0
2022-09-09 12:30:00-04:00,21.790000915527344,21.81999969482422,21.774999618530273,21.81999969482422,9188,0.0,0.0
2022-09-09 13:30:00-04:00,21.829999923706055,21.860000610351562,21.780000686645508,21.83049964904785,10492,0.0,0.0
2022-09-09 14:30:00-04:00,21.850000381469727,21.915000915527344,21.84000015258789,21.889999389648438,15157,0.0,0.0
2022-09-09 15:30:00-04:00,21.889999389648438,21.889999389648438,21.84000015258789,21.8700008392334,29010,0.0,0.0
2022-09-12 09:30:00-04:00,21.90999984741211,22.09000015258789,21.834999084472656,22.06999969482422,42763,0.0,0.0
2022-09-12 10:30:00-04:00,22.059999465942383,22.09000015258789,21.969999313354492,22.03499984741211,26733,0.0,0.0
2022-09-12 11:30:00-04:00,22.020000457763672,22.030000686645508,21.920000076293945,21.959999084472656,24148,0.0,0.0
2022-09-12 12:30:00-04:00,21.959999084472656,22.0,21.940000534057617,22.0,12578,0.0,0.0
2022-09-12 13:30:00-04:00,21.989999771118164,22.01799964904785,21.96500015258789,21.969999313354492,15552,0.0,0.0
2022-09-12 14:30:00-04:00,21.96500015258789,22.020000457763672,21.924999237060547,22.0049991607666,20972,0.0,0.0
2022-09-12 15:30:00-04:00,22.0,22.135000228881836,21.96500015258789,22.110000610351562,73279,0.0,0.0
2022-09-13 09:30:00-04:00,21.780000686645508,21.829999923706055,21.559999465942383,21.6299991607666,35919,0.0,0.0
2022-09-13 10:30:00-04:00,21.6200008392334,21.690000534057617,21.610000610351562,21.6200008392334,23413,0.0,0.0
2022-09-13 11:30:00-04:00,21.639999389648438,21.739999771118164,21.56999969482422,21.65999984741211,21340,0.0,0.0
2022-09-13 12:30:00-04:00,21.65999984741211,21.700000762939453,21.610000610351562,21.700000762939453,17189,0.0,0.0
2022-09-13 13:30:00-04:00,21.69499969482422,21.700000762939453,21.549999237060547,21.549999237060547,17877,0.0,0.0
2022-09-13 14:30:00-04:00,21.559999465942383,21.559999465942383,21.389999389648438,21.399999618530273,32884,0.0,0.0
2022-09-13 15:30:00-04:00,21.405000686645508,21.530000686645508,21.34000015258789,21.489999771118164,60495,0.0,0.0
2022-09-14 09:30:00-04:00,21.520000457763672,21.6200008392334,21.239999771118164,21.239999771118164,27837,0.0,0.0
2022-09-14 10:30:00-04:00,21.25,21.440000534057617,21.239999771118164,21.395000457763672,20935,0.0,0.0
2022-09-14 11:30:00-04:00,21.389999389648438,21.469999313354492,21.34000015258789,21.34000015258789,17997,0.0,0.0
2022-09-14 12:30:00-04:00,21.360000610351562,21.489999771118164,21.350000381469727,21.459999084472656,13850,0.0,0.0
2022-09-14 13:30:00-04:00,21.479999542236328,21.5,21.40999984741211,21.489999771118164,16233,0.0,0.0
2022-09-14 14:30:00-04:00,21.510000228881836,21.540000915527344,21.360000610351562,21.440000534057617,24361,0.0,0.0
2022-09-14 15:30:00-04:00,21.43000030517578,21.579999923706055,21.3700008392334,21.56999969482422,49984,0.0,0.0
2022-09-15 09:30:00-04:00,21.56999969482422,21.8799991607666,21.530000686645508,21.809999465942383,32457,0.0,0.0
2022-09-15 10:30:00-04:00,21.84000015258789,21.940000534057617,21.799999237060547,21.920000076293945,27263,0.0,0.0
2022-09-15 11:30:00-04:00,21.920000076293945,21.920000076293945,21.799999237060547,21.81999969482422,15503,0.0,0.0
2022-09-15 12:30:00-04:00,21.84000015258789,22.040000915527344,21.84000015258789,22.030000686645508,12441,0.0,0.0
2022-09-15 13:30:00-04:00,22.020000457763672,22.040000915527344,21.850000381469727,21.959999084472656,14333,0.0,0.0
2022-09-15 14:30:00-04:00,21.959999084472656,21.979999542236328,21.739999771118164,21.75,32887,0.0,0.0
2022-09-15 15:30:00-04:00,21.760000228881836,21.8700008392334,21.719999313354492,21.84000015258789,63098,0.0,0.0
2022-09-16 09:30:00-04:00,21.610000610351562,21.645000457763672,21.420000076293945,21.549999237060547,93399,0.0,0.0
2022-09-16 10:30:00-04:00,21.56999969482422,21.6200008392334,21.524999618530273,21.559999465942383,19835,0.0,0.0
2022-09-16 11:30:00-04:00,21.545000076293945,21.6200008392334,21.440000534057617,21.440000534057617,20124,0.0,0.0
2022-09-16 12:30:00-04:00,21.43000030517578,21.5625,21.43000030517578,21.510000228881836,17891,0.0,0.0
2022-09-16 13:30:00-04:00,21.524999618530273,21.700000762939453,21.520000457763672,21.69499969482422,24122,0.0,0.0
2022-09-16 14:30:00-04:00,21.690000534057617,21.790000915527344,21.68000030517578,21.729999542236328,29367,0.0,0.0
2022-09-16 15:30:00-04:00,21.739999771118164,22.059999465942383,21.729999542236328,22.010000228881836,163122,0.0,0.0
2022-09-19 09:30:00-04:00,21.75,22.190000534057617,21.43000030517578,22.170000076293945,32745,0.0,0.0
2022-09-19 10:30:00-04:00,22.190000534057617,22.309999465942383,22.18000030517578,22.200000762939453,18746,0.0,0.0
2022-09-19 11:30:00-04:00,22.219999313354492,22.290000915527344,22.200000762939453,22.219999313354492,13300,0.0,0.0
2022-09-19 12:30:00-04:00,22.235000610351562,22.440000534057617,22.219999313354492,22.440000534057617,16829,0.0,0.0
2022-09-19 13:30:00-04:00,22.440000534057617,22.440000534057617,22.391000747680664,22.399999618530273,14165,0.0,0.0
2022-09-19 14:30:00-04:00,22.43000030517578,22.510000228881836,22.389999389648438,22.479999542236328,21776,0.0,0.0
2022-09-19 15:30:00-04:00,22.489999771118164,22.540000915527344,22.424999237060547,22.450000762939453,47019,0.0,0.0
2022-09-20 09:30:00-04:00,22.3700008392334,22.520000457763672,22.329999923706055,22.350000381469727,23891,0.0,0.0
2022-09-20 10:30:00-04:00,22.3799991607666,22.440000534057617,22.3700008392334,22.3700008392334,15949,0.0,0.0
2022-09-20 11:30:00-04:00,22.3700008392334,22.450000762939453,22.350000381469727,22.420000076293945,8698,0.0,0.0
2022-09-20 12:30:00-04:00,22.40999984741211,22.43000030517578,22.329999923706055,22.329999923706055,9052,0.0,0.0
2022-09-20 13:30:00-04:00,22.31999969482422,22.344600677490234,22.229999542236328,22.299999237060547,15298,0.0,0.0
2022-09-20 14:30:00-04:00,22.290000915527344,22.40999984741211,22.239999771118164,22.399999618530273,31780,0.0,0.0
2022-09-20 15:30:00-04:00,22.3799991607666,22.459999084472656,22.3700008392334,22.3799991607666,49193,0.0,0.0
2022-09-21 09:30:00-04:00,22.5,22.59000015258789,22.43000030517578,22.59000015258789,19534,0.0,0.0
2022-09-21 10:30:00-04:00,22.59000015258789,22.649999618530273,22.520000457763672,22.649999618530273,9037,0.0,0.0
2022-09-21 11:30:00-04:00,22.6299991607666,22.68000030517578,22.610000610351562,22.65999984741211,9436,0.0,0.0
2022-09-21 12:30:00-04:00,22.670000076293945,22.670000076293945,22.600000381469727,22.65999984741211,7452,0.0,0.0
2022-09-21 13:30:00-04:00,22.65999984741211,22.75,22.360000610351562,22.399999618530273,24045,0.0,0.0
2022-09-21 14:30:00-04:00,22.3700008392334,22.75,22.360000610351562,22.43000030517578,43374,0.0,0.0
2022-09-21 15:30:00-04:00,22.399999618530273,22.399999618530273,22.200000762939453,22.239999771118164,52128,0.0,0.0
2022-09-22 09:30:00-04:00,22.360000610351562,22.440000534057617,21.850000381469727,21.959999084472656,37413,0.0,0.0
2022-09-22 10:30:00-04:00,21.950000762939453,22.010000228881836,21.8799991607666,21.93000030517578,29238,0.0,0.0
2022-09-22 11:30:00-04:00,21.940000534057617,22.010000228881836,21.8799991607666,21.950000762939453,18236,0.0,0.0
2022-09-22 12:30:00-04:00,21.90999984741211,21.920000076293945,21.829999923706055,21.860000610351562,12912,0.0,0.0
2022-09-22 13:30:00-04:00,21.860000610351562,21.950000762939453,21.799999237060547,21.850000381469727,23280,0.0,0.0
2022-09-22 14:30:00-04:00,21.84000015258789,22.0,21.799999237060547,21.940000534057617,26665,0.0,0.0
2022-09-22 15:30:00-04:00,21.94499969482422,22.079999923706055,21.940000534057617,21.950000762939453,47681,0.0,0.0
2022-09-23 09:30:00-04:00,21.739999771118164,21.81999969482422,21.479999542236328,21.625,17689,0.0,0.0
2022-09-23 10:30:00-04:00,21.6299991607666,21.799999237060547,21.6200008392334,21.799999237060547,22221,0.0,0.0
2022-09-23 11:30:00-04:00,21.780000686645508,21.780000686645508,21.649999618530273,21.68000030517578,26068,0.0,0.0
2022-09-23 12:30:00-04:00,21.68000030517578,21.760000228881836,21.639999389648438,21.670000076293945,20875,0.0,0.0
2022-09-23 13:30:00-04:00,21.65999984741211,21.709999084472656,21.610000610351562,21.654699325561523,42289,0.0,0.0
2022-09-23 14:30:00-04:00,21.649999618530273,21.72879981994629,21.479999542236328,21.719999313354492,32943,0.0,0.0
2022-09-23 15:30:00-04:00,21.719999313354492,21.850000381469727,21.709999084472656,21.799999237060547,48289,0.0,0.0
2022-09-26 09:30:00-04:00,21.68000030517578,21.950000762939453,21.68000030517578,21.950000762939453,35700,0.0,0.0
2022-09-26 10:30:00-04:00,21.899999618530273,21.950000762939453,21.81999969482422,21.81999969482422,16264,0.0,0.0
2022-09-26 11:30:00-04:00,21.829999923706055,21.899999618530273,21.729999542236328,21.729999542236328,22623,0.0,0.0
2022-09-26 12:30:00-04:00,21.732999801635742,21.732999801635742,21.56999969482422,21.56999969482422,22988,0.0,0.0
2022-09-26 13:30:00-04:00,21.579999923706055,21.780000686645508,21.579999923706055,21.65999984741211,20494,0.0,0.0
2022-09-26 14:30:00-04:00,21.670000076293945,21.780000686645508,21.65999984741211,21.704999923706055,19110,0.0,0.0
2022-09-26 15:30:00-04:00,21.68000030517578,21.860000610351562,21.65999984741211,21.700000762939453,51686,0.0,0.0
2022-09-27 09:30:00-04:00,21.75,21.940000534057617,21.670000076293945,21.75,23909,0.0,0.0
2022-09-27 10:30:00-04:00,21.739999771118164,21.950000762939453,21.68000030517578,21.719999313354492,33255,0.0,0.0
2022-09-27 11:30:00-04:00,21.729999542236328,21.770000457763672,21.450000762939453,21.459999084472656,12702,0.0,0.0
2022-09-27 12:30:00-04:00,21.440000534057617,21.450000762939453,21.270000457763672,21.280000686645508,11691,0.0,0.0
2022-09-27 13:30:00-04:00,21.270000457763672,21.399999618530273,21.25,21.399999618530273,23187,0.0,0.0
2022-09-27 14:30:00-04:00,21.389999389648438,21.540000915527344,21.360000610351562,21.389999389648438,36178,0.0,0.0
2022-09-27 15:30:00-04:00,21.399999618530273,21.4950008392334,21.31999969482422,21.459999084472656,44332,0.0,0.0
2022-09-28 09:30:00-04:00,21.469999313354492,21.549999237060547,21.354999542236328,21.530000686645508,38079,0.0,0.0
2022-09-28 10:30:00-04:00,21.540000915527344,21.719999313354492,21.53860092163086,21.65999984741211,29812,0.0,0.0
2022-09-28 11:30:00-04:00,21.639999389648438,21.809999465942383,21.600000381469727,21.729999542236328,16321,0.0,0.0
2022-09-28 12:30:00-04:00,21.729999542236328,21.860000610351562,21.729999542236328,21.81999969482422,17160,0.0,0.0
2022-09-28 13:30:00-04:00,21.81999969482422,21.84000015258789,21.778499603271484,21.780000686645508,16906,0.0,0.0
2022-09-28 14:30:00-04:00,21.799999237060547,21.92959976196289,21.780000686645508,21.860000610351562,45202,0.0,0.0
2022-09-28 15:30:00-04:00,21.875,21.920000076293945,21.649999618530273,21.65999984741211,102958,0.0,0.0
2022-09-29 09:30:00-04:00,21.59000015258789,22.010000228881836,21.1299991607666,21.2450008392334,54564,0.0,0.0
2022-09-29 10:30:00-04:00,21.25,21.3799991607666,21.239999771118164,21.295000076293945,19799,0.0,0.0
2022-09-29 11:30:00-04:00,21.280000686645508,21.399999618530273,21.280000686645508,21.309999465942383,12212,0.0,0.0
2022-09-29 12:30:00-04:00,21.34000015258789,21.3700008392334,21.280000686645508,21.329999923706055,17383,0.0,0.0
2022-09-29 13:30:00-04:00,21.309999465942383,21.360000610351562,21.21500015258789,21.239999771118164,19888,0.0,0.0
2022-09-29 14:30:00-04:00,21.229999542236328,21.270000457763672,21.154800415039062,21.239999771118164,16388,0.0,0.0
2022-09-29 15:30:00-04:00,21.229999542236328,21.3700008392334,21.219999313354492,21.360000610351562,56983,0.0,0.0
2022-09-30 09:30:00-04:00,21.399999618530273,21.649999618530273,21.219999313354492,21.479999542236328,31164,0.0,0.0
2022-09-30 10:30:00-04:00,21.510000228881836,21.690000534057617,21.510000228881836,21.65999984741211,15747,0.0,0.0
2022-09-30 11:30:00-04:00,21.649999618530273,21.649999618530273,21.479999542236328,21.5,16828,0.0,0.0
2022-09-30 12:30:00-04:00,21.5,21.59000015258789,21.5,21.540000915527344,12386,0.0,0.0
2022-09-30 13:30:00-04:00,21.540000915527344,21.540000915527344,21.31999969482422,21.31999969482422,23879,0.0,0.0
2022-09-30 14:30:00-04:00,21.329999923706055,21.329999923706055,21.149999618530273,21.229999542236328,68863,0.0,0.0
2022-09-30 15:30:00-04:00,21.2450008392334,21.2450008392334,21.049999237060547,21.079999923706055,65833,0.0,0.0
2022-10-03 09:30:00-04:00,21.40999984741211,21.469999313354492,21.1200008392334,21.450000762939453,14106,0.0,0.0
2022-10-03 10:30:00-04:00,21.420000076293945,21.510000228881836,21.3799991607666,21.43000030517578,12548,0.0,0.0
2022-10-03 11:30:00-04:00,21.440000534057617,21.520599365234375,21.399999618530273,21.399999618530273,10922,0.0,0.0
2022-10-03 12:30:00-04:00,21.389999389648438,21.489999771118164,21.3700008392334,21.459999084472656,30707,0.0,0.0
2022-10-03 13:30:00-04:00,21.469999313354492,21.520000457763672,21.40999984741211,21.518999099731445,22248,0.0,0.0
2022-10-03 14:30:00-04:00,21.510000228881836,21.639999389648438,21.5049991607666,21.610000610351562,32850,0.0,0.0
2022-10-03 15:30:00-04:00,21.6200008392334,21.6200008392334,21.540000915527344,21.549999237060547,71044,0.0,0.0
2022-10-04 09:30:00-04:00,21.760000228881836,22.329999923706055,21.760000228881836,22.219999313354492,33850,0.0,0.0
2022-10-04 10:30:00-04:00,22.239999771118164,22.3799991607666,22.229999542236328,22.3700008392334,36615,0.0,0.0
2022-10-04 11:30:00-04:00,22.3799991607666,22.389999389648438,22.290000915527344,22.34000015258789,19366,0.0,0.0
2022-10-04 12:30:00-04:00,22.34000015258789,22.347999572753906,22.19499969482422,22.280000686645508,17526,0.0,0.0
2022-10-04 13:30:00-04:00,22.299999237060547,22.31999969482422,22.229999542236328,22.239999771118164,16980,0.0,0.0
2022-10-04 14:30:00-04:00,22.239999771118164,22.309999465942383,22.229999542236328,22.280000686645508,29857,0.0,0.0
2022-10-04 15:30:00-04:00,22.280000686645508,22.450000762939453,22.280000686645508,22.450000762939453,57645,0.0,0.0
2022-10-05 09:30:00-04:00,22.1200008392334,22.40999984741211,21.950000762939453,22.239999771118164,20722,0.0,0.0
2022-10-05 10:30:00-04:00,22.229999542236328,22.25,22.06999969482422,22.1299991607666,13301,0.0,0.0
2022-10-05 11:30:00-04:00,22.15999984741211,22.200000762939453,21.989999771118164,22.110000610351562,14120,0.0,0.0
2022-10-05 12:30:00-04:00,22.09000015258789,22.190000534057617,22.06999969482422,22.174999237060547,11948,0.0,0.0
2022-10-05 13:30:00-04:00,22.18000030517578,22.2450008392334,22.139999389648438,22.219999313354492,14831,0.0,0.0
2022-10-05 14:30:00-04:00,22.239999771118164,22.290000915527344,22.209999084472656,22.280000686645508,18923,0.0,0.0
2022-10-05 15:30:00-04:00,22.290000915527344,22.31999969482422,22.260000228881836,22.309999465942383,36418,0.0,0.0
2022-10-06 09:30:00-04:00,22.18000030517578,22.280000686645508,22.059999465942383,22.139999389648438,25449,0.0,0.0
2022-10-06 10:30:00-04:00,22.1299991607666,22.270000457763672,22.09000015258789,22.260000228881836,14758,0.0,0.0
2022-10-06 11:30:00-04:00,22.270000457763672,22.299999237060547,22.149999618530273,22.200000762939453,7795,0.0,0.0
2022-10-06 12:30:00-04:00,22.239999771118164,22.309999465942383,22.229999542236328,22.270000457763672,19230,0.0,0.0
2022-10-06 13:30:00-04:00,22.239999771118164,22.299999237060547,22.219999313354492,22.25,14340,0.0,0.0
2022-10-06 14:30:00-04:00,22.239999771118164,22.329999923706055,22.229999542236328,22.31999969482422,17016,0.0,0.0
2022-10-06 15:30:00-04:00,22.350000381469727,22.350000381469727,22.270000457763672,22.280000686645508,50507,0.0,0.0
2022-10-07 09:30:00-04:00,22.219999313354492,22.61549949645996,21.770000457763672,21.969999313354492,0,0.0,0.0
2022-10-07 10:30:00-04:00,21.950000762939453,22.1200008392334,21.950000762939453,22.030000686645508,18157,0.0,0.0
2022-10-07 11:30:00-04:00,22.030000686645508,22.030000686645508,21.899999618530273,21.959999084472656,14440,0.0,0.0
2022-10-07 12:30:00-04:00,21.950000762939453,21.969999313354492,21.889999389648438,21.950000762939453,14052,0.0,0.0
2022-10-07 13:30:00-04:00,21.950000762939453,21.985000610351562,21.84000015258789,21.850000381469727,21293,0.0,0.0
2022-10-07 14:30:00-04:00,21.854999542236328,21.899999618530273,21.790000915527344,21.799999237060547,22447,0.0,0.0
2022-10-07 15:30:00-04:00,21.790000915527344,21.860000610351562,21.7549991607666,21.799999237060547,70719,0.0,0.0
2022-10-10 09:30:00-04:00,21.889999389648438,22.219999313354492,21.809999465942383,22.219999313354492,20806,0.0,0.0
2022-10-10 10:30:00-04:00,22.239999771118164,22.260000228881836,22.1200008392334,22.209999084472656,13031,0.0,0.0
2022-10-10 11:30:00-04:00,22.149999618530273,22.190000534057617,22.030000686645508,22.049999237060547,11416,0.0,0.0
2022-10-10 12:30:00-04:00,22.010000228881836,22.049999237060547,21.969999313354492,22.030000686645508,22757,0.0,0.0
2022-10-10 13:30:00-04:00,22.010000228881836,22.270000457763672,22.010000228881836,22.139999389648438,16397,0.0,0.0
2022-10-10 14:30:00-04:00,22.139999389648438,22.200000762939453,22.100000381469727,22.100000381469727,19137,0.0,0.0
2022-10-10 15:30:00-04:00,22.1200008392334,22.170000076293945,22.059999465942383,22.09000015258789,27930,0.0,0.0
2022-10-11 09:30:00-04:00,21.979999542236328,22.1299991607666,21.959999084472656,22.079999923706055,19705,0.0,0.0
2022-10-11 10:30:00-04:00,22.110000610351562,22.149999618530273,22.030000686645508,22.09000015258789,36501,0.0,0.0
2022-10-11 11:30:00-04:00,22.100000381469727,22.15999984741211,22.030000686645508,22.155000686645508,27825,0.0,0.0
2022-10-11 12:30:00-04:00,22.149999618530273,22.299999237060547,22.149999618530273,22.280000686645508,40887,0.0,0.0
2022-10-11 13:30:00-04:00,22.299999237060547,22.299999237060547,22.219999313354492,22.219999313354492,26303,0.0,0.0
2022-10-11 14:30:00-04:00,22.229999542236328,22.2549991607666,21.860000610351562,21.950000762939453,29878,0.0,0.0
2022-10-11 15:30:00-04:00,21.940000534057617,22.219999313354492,21.899999618530273,22.149999618530273,85444,0.0,0.0
2022-10-12 09:30:00-04:00,22.09000015258789,22.09000015258789,21.829999923706055,22.030000686645508,25406,0.0,0.0
2022-10-12 10:30:00-04:00,22.100000381469727,22.1200008392334,22.0049991607666,22.079999923706055,9042,0.0,0.0
2022-10-12 11:30:00-04:00,22.06999969482422,22.290000915527344,22.059999465942383,22.270000457763672,18213,0.0,0.0
2022-10-12 12:30:00-04:00,22.270000457763672,22.280000686645508,22.19499969482422,22.204999923706055,18854,0.0,0.0
2022-10-12 13:30:00-04:00,22.200000762939453,22.389999389648438,22.184999465942383,22.360000610351562,22346,0.0,0.0
2022-10-12 14:30:00-04:00,22.329999923706055,22.337499618530273,22.200000762939453,22.209999084472656,38729,0.0,0.0
2022-10-12 15:30:00-04:00,22.19499969482422,22.235000610351562,22.079999923706055,22.09000015258789,39883,0.0,0.0
2022-10-13 09:30:00-04:00,21.920000076293945,22.329999923706055,21.847900390625,22.18000030517578,32953,0.0,0.0
2022-10-13 10:30:00-04:00,22.190000534057617,22.670000076293945,22.190000534057617,22.649999618530273,15291,0.0,0.0
2022-10-13 11:30:00-04:00,22.649999618530273,23.020000457763672,22.649999618530273,22.959999084472656,28160,0.0,0.0
2022-10-13 12:30:00-04:00,22.979999542236328,23.280000686645508,22.969999313354492,23.280000686645508,22206,0.0,0.0
2022-10-13 13:30:00-04:00,23.290000915527344,23.3799991607666,23.25,23.25,26737,0.0,0.0
2022-10-13 14:30:00-04:00,23.270000457763672,23.440000534057617,23.270000457763672,23.350000381469727,30890,0.0,0.0
2022-10-13 15:30:00-04:00,23.360000610351562,23.440000534057617,23.309999465942383,23.389999389648438,58566,0.0,0.0
2022-10-14 09:30:00-04:00,23.540000915527344,23.854999542236328,23.350000381469727,23.399999618530273,31734,0.0,0.0
2022-10-14 10:30:00-04:00,23.3799991607666,23.524999618530273,23.31999969482422,23.469999313354492,18060,0.0,0.0
2022-10-14 11:30:00-04:00,23.459999084472656,23.459999084472656,23.25,23.309999465942383,18609,0.0,0.0
2022-10-14 12:30:00-04:00,23.329999923706055,23.38789939880371,23.219999313354492,23.290000915527344,15831,0.0,0.0
2022-10-14 13:30:00-04:00,23.299999237060547,23.329999923706055,23.219999313354492,23.239999771118164,19826,0.0,0.0
2022-10-14 14:30:00-04:00,23.225000381469727,23.309999465942383,23.209999084472656,23.30500030517578,21661,0.0,0.0
2022-10-14 15:30:00-04:00,23.299999237060547,23.350000381469727,23.239999771118164,23.270000457763672,68686,0.0,0.0
2022-10-17 09:30:00-04:00,23.260000228881836,24.010000228881836,23.260000228881836,23.84000015258789,0,0.0,0.0
2022-10-17 10:30:00-04:00,23.829999923706055,23.829999923706055,23.43000030517578,23.610000610351562,22753,0.0,0.0
2022-10-17 11:30:00-04:00,23.600000381469727,23.639999389648438,23.5,23.510000228881836,20677,0.0,0.0
2022-10-17 12:30:00-04:00,23.5,23.625,23.489999771118164,23.579999923706055,24476,0.0,0.0
2022-10-17 13:30:00-04:00,23.579999923706055,23.59000015258789,23.479999542236328,23.540000915527344,17490,0.0,0.0
2022-10-17 14:30:00-04:00,23.540000915527344,23.639999389648438,23.530000686645508,23.600000381469727,31295,0.0,0.0
2022-10-17 15:30:00-04:00,23.610000610351562,23.84000015258789,23.610000610351562,23.809999465942383,72856,0.0,0.0
2022-10-18 09:30:00-04:00,24.059999465942383,24.229999542236328,23.969999313354492,24.020000457763672,37658,0.0,0.0
2022-10-18 10:30:00-04:00,24.020000457763672,24.020000457763672,23.65999984741211,23.68000030517578,26474,0.0,0.0
2022-10-18 11:30:00-04:00,23.65999984741211,23.75,23.6299991607666,23.68000030517578,28136,0.0,0.0
2022-10-18 12:30:00-04:00,23.690000534057617,23.8700008392334,23.690000534057617,23.850000381469727,24663,0.0,0.0
2022-10-18 13:30:00-04:00,23.850000381469727,23.93000030517578,23.809999465942383,23.860000610351562,15502,0.0,0.0
2022-10-18 14:30:00-04:00,23.8700008392334,23.8700008392334,23.639999389648438,23.75,28809,0.0,0.0
2022-10-18 15:30:00-04:00,23.739999771118164,23.850000381469727,23.739999771118164,23.829999923706055,52793,0.0,0.0
2022-10-19 09:30:00-04:00,23.649999618530273,24.05500030517578,23.649999618530273,24.010000228881836,30145,0.0,0.0
2022-10-19 10:30:00-04:00,24.010000228881836,24.040000915527344,23.8799991607666,23.90999984741211,16243,0.0,0.0
2022-10-19 11:30:00-04:00,23.889999389648438,23.90999984741211,23.700000762939453,23.709999084472656,24455,0.0,0.0
2022-10-19 12:30:00-04:00,23.729999542236328,23.770000457763672,23.56999969482422,23.600000381469727,17075,0.0,0.0
2022-10-19 13:30:00-04:00,23.600000381469727,23.639999389648438,23.520000457763672,23.639999389648438,18401,0.0,0.0
2022-10-19 14:30:00-04:00,23.6299991607666,23.739999771118164,23.600000381469727,23.68000030517578,20541,0.0,0.0
2022-10-19 15:30:00-04:00,23.68000030517578,23.899999618530273,23.670000076293945,23.8799991607666,81525,0.0,0.0
2022-10-20 09:30:00-04:00,23.780000686645508,23.860599517822266,23.670000076293945,23.799999237060547,34414,0.0,0.0
2022-10-20 10:30:00-04:00,23.780000686645508,23.790000915527344,23.56999969482422,23.649999618530273,25404,0.0,0.0
2022-10-20 11:30:00-04:00,23.700000762939453,23.725000381469727,23.25,23.290000915527344,27977,0.0,0.0
2022-10-20 12:30:00-04:00,23.280000686645508,23.299999237060547,23.09000015258789,23.110000610351562,24194,0.0,0.0
2022-10-20 13:30:00-04:00,23.09000015258789,23.139999389648438,22.84000015258789,22.864999771118164,23288,0.0,0.0
2022-10-20 14:30:00-04:00,22.860000610351562,23.0,22.850000381469727,22.8700008392334,38136,0.0,0.0
2022-10-20 15:30:00-04:00,22.899999618530273,23.170000076293945,22.84000015258789,23.110000610351562,88011,0.0,0.0
2022-10-21 09:30:00-04:00,24.18000030517578,24.219999313354492,23.06999969482422,23.344999313354492,42581,0.0,0.0
2022-10-21 10:30:00-04:00,23.325000762939453,23.399999618530273,23.190000534057617,23.344999313354492,27186,0.0,0.0
2022-10-21 11:30:00-04:00,23.3700008392334,23.549999237060547,23.239999771118164,23.44499969482422,28226,0.0,0.0
2022-10-21 12:30:00-04:00,23.469999313354492,23.770000457763672,23.469999313354492,23.770000457763672,22714,0.0,0.0
2022-10-21 13:30:00-04:00,23.760000228881836,23.934999465942383,23.75,23.8799991607666,23289,0.0,0.0
2022-10-21 14:30:00-04:00,23.920000076293945,23.959999084472656,23.719999313354492,23.864999771118164,38182,0.0,0.0
2022-10-21 15:30:00-04:00,23.8799991607666,23.934999465942383,23.670000076293945,23.75,94677,0.0,0.0
2022-10-24 09:30:00-04:00,23.979999542236328,24.649200439453125,23.979999542236328,24.329999923706055,51861,0.0,0.0
2022-10-24 10:30:00-04:00,24.325000762939453,24.450000762939453,24.170000076293945,24.239999771118164,33554,0.0,0.0
2022-10-24 11:30:00-04:00,24.209999084472656,24.3700008392334,24.184999465942383,24.350000381469727,19900,0.0,0.0
2022-10-24 12:30:00-04:00,24.325000762939453,24.3799991607666,24.290000915527344,24.30500030517578,20787,0.0,0.0
2022-10-24 13:30:00-04:00,24.31999969482422,24.3799991607666,24.25,24.3799991607666,73144,0.0,0.0
2022-10-24 14:30:00-04:00,24.420000076293945,24.489999771118164,24.360000610351562,24.389999389648438,29864,0.0,0.0
2022-10-24 15:30:00-04:00,24.389999389648438,24.43000030517578,24.34000015258789,24.3700008392334,55164,0.0,0.0
2022-10-25 09:30:00-04:00,24.260000228881836,24.600000381469727,24.235000610351562,24.600000381469727,73419,0.0,0.0
2022-10-25 10:30:00-04:00,24.6200008392334,24.729999542236328,24.530000686645508,24.639999389648438,49948,0.0,0.0
2022-10-25 11:30:00-04:00,24.6200008392334,24.799999237060547,24.6200008392334,24.700000762939453,54562,0.0,0.0
2022-10-25 12:30:00-04:00,24.700000762939453,24.729999542236328,24.520000457763672,24.540000915527344,21615,0.0,0.0
2022-10-25 13:30:00-04:00,24.559999465942383,24.579999923706055,24.475000381469727,24.489999771118164,24424,0.0,0.0
2022-10-25 14:30:00-04:00,24.5,24.540000915527344,24.3700008392334,24.5,49580,0.0,0.0
2022-10-25 15:30:00-04:00,24.510000228881836,24.55500030517578,24.3799991607666,24.520000457763672,79961,0.0,0.0
2022-10-26 09:30:00-04:00,24.43000030517578,24.729999542236328,24.290000915527344,24.510000228881836,0,0.0,0.0
2022-10-26 10:30:00-04:00,24.549999237060547,24.84000015258789,24.459999084472656,24.84000015258789,54780,0.0,0.0
2022-10-26 11:30:00-04:00,24.809999465942383,24.969999313354492,24.799999237060547,24.93000030517578,31610,0.0,0.0
2022-10-26 12:30:00-04:00,24.93000030517578,24.96500015258789,24.809999465942383,24.950000762939453,37691,0.0,0.0
2022-10-26 13:30:00-04:00,24.950000762939453,24.989999771118164,24.93000030517578,24.969999313354492,35223,0.0,0.0
2022-10-26 14:30:00-04:00,24.915000915527344,24.93000030517578,24.739999771118164,24.739999771118164,29034,0.0,0.0
2022-10-26 15:30:00-04:00,24.760000228881836,24.790000915527344,24.56999969482422,24.600000381469727,61955,0.0,0.0
2022-10-27 09:30:00-04:00,24.809999465942383,24.989999771118164,24.649999618530273,24.950000762939453,20564,0.0,0.0
2022-10-27 10:30:00-04:00,24.93000030517578,25.030000686645508,24.8700008392334,25.020000457763672,37543,0.0,0.0
2022-10-27 11:30:00-04:00,25.030000686645508,25.270000457763672,24.920000076293945,25.139999389648438,29013,0.0,0.0
2022-10-27 12:30:00-04:00,25.170000076293945,25.270000457763672,25.110000610351562,25.18000030517578,21288,0.0,0.0
2022-10-27 13:30:00-04:00,25.190000534057617,25.239999771118164,25.079999923706055,25.1200008392334,20774,0.0,0.0
2022-10-27 14:30:00-04:00,25.110000610351562,25.110000610351562,24.895000457763672,24.895000457763672,21222,0.0,0.0
2022-10-27 15:30:00-04:00,24.889999389648438,24.969999313354492,24.84000015258789,24.93000030517578,39518,0.0,0.0
2022-10-28 09:30:00-04:00,25.170000076293945,25.43000030517578,25.020000457763672,25.219999313354492,24230,0.0,0.0
2022-10-28 10:30:00-04:00,25.229999542236328,25.399999618530273,25.165000915527344,25.3799991607666,19735,0.0,0.0
2022-10-28 11:30:00-04:00,25.389999389648438,25.6299991607666,25.389999389648438,25.600000381469727,44860,0.0,0.0
2022-10-28 12:30:00-04:00,25.6200008392334,25.68000030517578,25.5,25.579999923706055,49307,0.0,0.0
2022-10-28 13:30:00-04:00,25.565000534057617,25.565000534057617,25.43000030517578,25.459999084472656,18905,0.0,0.0
2022-10-28 14:30:00-04:00,25.459999084472656,25.75,25.459999084472656,25.65999984741211,34018,0.0,0.0
2022-10-28 15:30:00-04:00,25.670000076293945,25.8799991607666,25.645000457763672,25.850000381469727,124915,0.0,0.0
2022-10-31 09:30:00-04:00,25.6200008392334,25.770000457763672,25.559999465942383,25.700000762939453,29557,0.0,0.0
2022-10-31 10:30:00-04:00,25.69499969482422,25.780000686645508,25.64579963684082,25.65999984741211,25037,0.0,0.0
2022-10-31 11:30:00-04:00,25.6299991607666,25.81999969482422,25.6299991607666,25.739999771118164,20839,0.0,0.0
2022-10-31 12:30:00-04:00,25.719999313354492,25.84000015258789,25.670000076293945,25.829999923706055,28125,0.0,0.0
2022-10-31 13:30:00-04:00,25.829999923706055,26.1299991607666,25.81999969482422,26.049999237060547,49517,0.0,0.0
2022-10-31 14:30:00-04:00,26.049999237060547,26.25,26.049999237060547,26.18000030517578,62838,0.0,0.0
2022-10-31 15:30:00-04:00,26.18000030517578,26.25,26.0,26.079999923706055,96515,0.0,0.0
2022-11-01 09:30:00-04:00,26.09000015258789,26.165000915527344,25.989999771118164,26.100000381469727,36288,0.0,0.0
2022-11-01 10:30:00-04:00,26.1299991607666,26.31999969482422,26.1200008392334,26.229999542236328,18741,0.0,0.0
2022-11-01 11:30:00-04:00,26.25,26.389999389648438,26.174999237060547,26.389999389648438,20799,0.0,0.0
2022-11-01 12:30:00-04:00,26.3799991607666,26.489999771118164,26.3799991607666,26.440000534057617,25592,0.0,0.0
2022-11-01 13:30:00-04:00,26.459999084472656,26.459999084472656,26.219999313354492,26.25,27177,0.0,0.0
2022-11-01 14:30:00-04:00,26.25,26.25,26.045000076293945,26.045000076293945,32710,0.0,0.0
2022-11-01 15:30:00-04:00,26.049999237060547,26.1200008392334,26.020000457763672,26.049999237060547,51324,0.0,0.0
2022-11-02 09:30:00-04:00,25.920000076293945,25.934999465942383,25.6299991607666,25.65999984741211,38103,0.0,0.0
2022-11-02 10:30:00-04:00,25.639999389648438,25.729999542236328,25.56999969482422,25.610000610351562,35035,0.0,0.0
2022-11-02 11:30:00-04:00,25.594999313354492,25.639999389648438,25.405000686645508,25.424999237060547,27483,0.0,0.0
2022-11-02 12:30:00-04:00,25.459999084472656,25.5,25.395000457763672,25.395000457763672,24263,0.0,0.0
2022-11-02 13:30:00-04:00,25.395000457763672,25.989999771118164,25.389999389648438,25.989999771118164,38174,0.0,0.0
2022-11-02 14:30:00-04:00,25.989999771118164,25.9950008392334,25.149999618530273,25.200000762939453,58421,0.0,0.0
2022-11-02 15:30:00-04:00,25.149999618530273,25.399999618530273,25.149999618530273,25.329999923706055,89828,0.0,0.0
2022-11-03 09:30:00-04:00,25.1200008392334,25.1200008392334,24.760000228881836,24.899999618530273,28308,0.0,0.0
2022-11-03 10:30:00-04:00,24.897499084472656,24.950000762939453,24.790000915527344,24.920000076293945,14871,0.0,0.0
2022-11-03 11:30:00-04:00,24.93000030517578,25.110000610351562,24.920000076293945,25.110000610351562,13624,0.0,0.0
2022-11-03 12:30:00-04:00,25.06999969482422,25.165000915527344,25.040000915527344,25.09000015258789,27569,0.0,0.0
2022-11-03 13:30:00-04:00,25.079999923706055,25.18000030517578,25.059999465942383,25.18000030517578,14202,0.0,0.0
2022-11-03 14:30:00-04:00,25.18000030517578,25.229999542236328,25.1200008392334,25.200000762939453,19664,0.0,0.0
2022-11-03 15:30:00-04:00,25.200000762939453,25.239999771118164,25.1299991607666,25.15999984741211,39469,0.0,0.0
2022-11-04 09:30:00-04:00,25.3700008392334,25.729999542236328,25.270000457763672,25.68000030517578,29548,0.0,0.0
2022-11-04 10:30:00-04:00,25.719999313354492,25.770000457763672,25.700000762939453,25.71500015258789,8954,0.0,0.0
2022-11-04 11:30:00-04:00,25.65999984741211,25.65999984741211,25.459999084472656,25.530000686645508,10774,0.0,0.0
2022-11-04 12:30:00-04:00,25.575899124145508,25.59000015258789,25.420000076293945,25.5,45235,0.0,0.0
2022-11-04 13:30:00-04:00,25.489999771118164,25.540000915527344,25.420000076293945,25.540000915527344,19641,0.0,0.0
2022-11-04 14:30:00-04:00,25.530000686645508,25.799999237060547,25.520000457763672,25.709999084472656,25489,0.0,0.0
2022-11-04 15:30:00-04:00,25.68000030517578,25.8700008392334,25.670000076293945,25.81999969482422,54187,0.0,0.0
2022-11-07 09:30:00-05:00,25.790000915527344,26.1299991607666,25.559999465942383,25.84000015258789,33969,0.0,0.0
2022-11-07 10:30:00-05:00,25.8700008392334,25.916900634765625,25.719999313354492,25.916900634765625,26755,0.0,0.0
2022-11-07 11:30:00-05:00,25.905000686645508,25.950000762939453,25.799999237060547,25.8799991607666,18139,0.0,0.0
2022-11-07 12:30:00-05:00,25.889999389648438,25.920000076293945,25.809999465942383,25.889999389648438,34907,0.0,0.0
2022-11-07 13:30:00-05:00,25.899999618530273,25.969999313354492,25.850000381469727,25.969999313354492,18983,0.0,0.0
2022-11-07 14:30:00-05:00,25.979999542236328,26.0,25.90999984741211,25.90999984741211,22340,0.0,0.0
2022-11-07 15:30:00-05:00,25.90999984741211,25.950000762939453,25.860000610351562,25.920000076293945,59190,0.0,0.0
2022-11-08 09:30:00-05:00,25.889999389648438,25.93000030517578,25.729999542236328,25.889999389648438,25031,0.0,0.0
2022-11-08 10:30:00-05:00,25.889999389648438,26.040000915527344,25.889999389648438,26.0,21221,0.0,0.0
2022-11-08 11:30:00-05:00,26.010000228881836,26.079999923706055,25.950000762939453,25.989999771118164,9228,0.0,0.0
2022-11-08 12:30:00-05:00,25.989999771118164,26.010000228881836,25.799999237060547,25.799999237060547,36145,0.0,0.0
2022-11-08 13:30:00-05:00,25.809999465942383,25.81999969482422,25.645000457763672,25.645000457763672,42069,0.0,0.0
2022-11-08 14:30:00-05:00,25.6200008392334,25.815000534057617,25.6200008392334,25.790000915527344,31686,0.0,0.0
2022-11-08 15:30:00-05:00,25.799999237060547,25.8700008392334,25.780000686645508,25.81999969482422,84597,0.0,0.0
2022-11-09 09:30:00-05:00,25.670000076293945,25.780000686645508,25.46500015258789,25.649999618530273,21437,0.0,0.0
2022-11-09 10:30:00-05:00,25.639999389648438,25.65999984741211,25.510000228881836,25.56999969482422,22474,0.0,0.0
2022-11-09 11:30:00-05:00,25.56999969482422,25.735000610351562,25.549999237060547,25.549999237060547,26426,0.0,0.0
2022-11-09 12:30:00-05:00,25.540000915527344,25.56999969482422,25.469999313354492,25.469999313354492,18815,0.0,0.0
2022-11-09 13:30:00-05:00,25.459999084472656,25.475000381469727,25.3799991607666,25.43000030517578,22553,0.0,0.0
2022-11-09 14:30:00-05:00,25.40999984741211,25.43000030517578,25.209999084472656,25.229999542236328,41792,0.0,0.0
2022-11-09 15:30:00-05:00,25.200000762939453,25.280000686645508,25.18000030517578,25.270000457763672,68356,0.0,0.0
2022-11-10 09:30:00-05:00,25.889999389648438,26.170000076293945,25.84000015258789,25.989999771118164,45941,0.0,0.0
2022-11-10 10:30:00-05:00,26.0,26.270000457763672,26.0,26.204999923706055,36089,0.0,0.0
2022-11-10 11:30:00-05:00,26.170000076293945,26.239999771118164,26.059999465942383,26.059999465942383,23780,0.0,0.0
2022-11-10 12:30:00-05:00,26.059999465942383,26.149999618530273,25.979999542236328,26.1200008392334,21557,0.0,0.0
2022-11-10 13:30:00-05:00,26.1299991607666,26.200000762939453,26.110000610351562,26.15999984741211,22419,0.0,0.0
2022-11-10 14:30:00-05:00,26.149999618530273,26.229999542236328,26.110000610351562,26.190000534057617,24421,0.0,0.0
2022-11-10 15:30:00-05:00,26.190000534057617,26.190000534057617,26.079999923706055,26.125,51602,0.0,0.0
2022-11-11 09:30:00-05:00,26.239999771118164,26.43000030517578,26.110000610351562,26.200000762939453,26679,0.0,0.0
2022-11-11 10:30:00-05:00,26.18000030517578,26.18000030517578,25.8700008392334,25.8799991607666,27530,0.0,0.0
2022-11-11 11:30:00-05:00,25.93000030517578,25.975000381469727,25.860000610351562,25.899999618530273,14199,0.0,0.0
2022-11-11 12:30:00-05:00,25.895000457763672,25.895000457763672,25.790000915527344,25.799999237060547,10246,0.0,0.0
2022-11-11 13:30:00-05:00,25.80500030517578,25.90999984741211,25.75200080871582,25.90999984741211,15046,0.0,0.0
2022-11-11 14:30:00-05:00,25.899999618530273,25.90999984741211,25.690000534057617,25.700000762939453,21102,0.0,0.0
2022-11-11 15:30:00-05:00,25.700000762939453,25.719999313354492,25.639999389648438,25.709999084472656,48022,0.0,0.0
2022-11-14 09:30:00-05:00,25.649999618530273,26.170000076293945,25.549999237060547,25.739999771118164,34362,0.0,0.0
2022-11-14 10:30:00-05:00,25.68000030517578,25.760000228881836,25.510000228881836,25.540000915527344,18914,0.0,0.0
2022-11-14 11:30:00-05:00,25.610000610351562,25.68000030517578,25.594999313354492,25.670000076293945,12269,0.0,0.0
2022-11-14 12:30:00-05:00,25.739999771118164,25.889999389648438,25.735000610351562,25.889999389648438,11210,0.0,0.0
2022-11-14 13:30:00-05:00,25.8799991607666,25.899999618530273,25.729999542236328,25.739999771118164,19644,0.0,0.0
2022-11-14 14:30:00-05:00,25.75,25.792499542236328,25.674999237060547,25.739999771118164,16577,0.0,0.0
2022-11-14 15:30:00-05:00,25.729999542236328,25.780000686645508,25.510000228881836,25.530000686645508,66231,0.0,0.0
2022-11-15 09:30:00-05:00,25.6200008392334,25.969999313354492,25.6200008392334,25.969999313354492,17318,0.0,0.0
2022-11-15 10:30:00-05:00,25.950000762939453,26.010000228881836,25.760099411010742,25.84000015258789,15353,0.0,0.0
2022-11-15 11:30:00-05:00,25.8700008392334,25.979999542236328,25.86199951171875,25.885000228881836,12103,0.0,0.0
2022-11-15 12:30:00-05:00,25.8799991607666,25.90999984741211,25.600000381469727,25.610000610351562,19498,0.0,0.0
2022-11-15 13:30:00-05:00,25.604999542236328,25.65999984741211,25.450000762939453,25.6299991607666,26773,0.0,0.0
2022-11-15 14:30:00-05:00,25.6299991607666,25.75,25.579999923706055,25.670000076293945,20182,0.0,0.0
2022-11-15 15:30:00-05:00,25.670000076293945,25.718000411987305,25.610000610351562,25.700000762939453,47639,0.0,0.0
2022-11-16 09:30:00-05:00,25.579999923706055,25.59000015258789,25.3799991607666,25.510000228881836,11857,0.0,0.0
2022-11-16 10:30:00-05:00,25.5,25.559999465942383,25.43000030517578,25.440000534057617,5876,0.0,0.0
2022-11-16 11:30:00-05:00,25.459999084472656,25.540000915527344,25.43000030517578,25.5,9356,0.0,0.0
2022-11-16 12:30:00-05:00,25.510000228881836,25.549999237060547,25.299999237060547,25.299999237060547,12089,0.0,0.0
2022-11-16 13:30:00-05:00,25.309999465942383,25.31999969482422,25.219999313354492,25.300199508666992,15350,0.0,0.0
2022-11-16 14:30:00-05:00,25.30500030517578,25.354999542236328,25.190000534057617,25.200000762939453,22299,0.0,0.0
2022-11-16 15:30:00-05:00,25.209999084472656,25.299999237060547,25.1299991607666,25.190000534057617,73280,0.0,0.0
2022-11-17 09:30:00-05:00,24.90999984741211,25.149999618530273,24.809999465942383,25.040000915527344,15493,0.0,0.0
2022-11-17 10:30:00-05:00,25.030000686645508,25.079999923706055,24.979999542236328,25.05500030517578,8511,0.0,0.0
2022-11-17 11:30:00-05:00,25.010000228881836,25.09000015258789,24.969999313354492,25.049999237060547,9196,0.0,0.0
2022-11-17 12:30:00-05:00,25.030000686645508,25.1299991607666,25.020000457763672,25.059999465942383,9147,0.0,0.0
2022-11-17 13:30:00-05:00,25.05500030517578,25.09000015258789,24.90999984741211,24.920000076293945,12541,0.0,0.0
2022-11-17 14:30:00-05:00,24.959999084472656,24.989999771118164,24.799999237060547,24.850000381469727,18407,0.0,0.0
2022-11-17 15:30:00-05:00,24.8700008392334,25.030000686645508,24.850000381469727,25.030000686645508,37489,0.0,0.0
2022-11-18 09:30:00-05:00,25.559999465942383,25.559999465942383,25.1200008392334,25.280000686645508,67278,0.0,0.0
2022-11-18 10:30:00-05:00,25.30500030517578,25.329999923706055,25.1299991607666,25.239999771118164,14983,0.0,0.0
2022-11-18 11:30:00-05:00,25.270000457763672,25.309999465942383,25.110000610351562,25.219999313354492,26374,0.0,0.0
2022-11-18 12:30:00-05:00,25.219999313354492,25.239999771118164,25.170000076293945,25.239999771118164,15157,0.0,0.0
2022-11-18 13:30:00-05:00,25.209999084472656,25.270000457763672,25.155000686645508,25.239999771118164,6897,0.0,0.0
2022-11-18 14:30:00-05:00,25.260000228881836,25.309999465942383,25.229999542236328,25.280000686645508,26953,0.0,0.0
2022-11-18 15:30:00-05:00,25.290000915527344,25.440000534057617,25.290000915527344,25.420000076293945,84542,0.0,0.0
2022-11-21 09:30:00-05:00,25.399999618530273,25.6299991607666,25.399999618530273,25.584999084472656,9557,0.0,0.0
2022-11-21 10:30:00-05:00,25.59000015258789,25.59000015258789,25.43000030517578,25.454999923706055,9258,0.0,0.0
2022-11-21 11:30:00-05:00,25.43000030517578,25.549999237060547,25.43000030517578,25.510000228881836,13986,0.0,0.0
2022-11-21 12:30:00-05:00,25.510000228881836,25.610000610351562,25.510000228881836,25.579999923706055,14098,0.0,0.0
2022-11-21 13:30:00-05:00,25.579999923706055,25.59000015258789,25.459999084472656,25.5,15431,0.0,0.0
2022-11-21 14:30:00-05:00,25.5,25.520000457763672,25.475000381469727,25.5049991607666,28837,0.0,0.0
2022-11-21 15:30:00-05:00,25.5,25.6200008392334,25.5,25.600000381469727,46319,0.0,0.0
2022-11-22 09:30:00-05:00,25.7549991607666,25.920000076293945,25.56999969482422,25.864999771118164,12043,0.0,0.0
2022-11-22 10:30:00-05:00,25.899999618530273,25.959999084472656,25.75,25.774999618530273,25084,0.0,0.0
2022-11-22 11:30:00-05:00,25.780000686645508,25.809999465942383,25.729999542236328,25.739999771118164,11880,0.0,0.0
2022-11-22 12:30:00-05:00,25.739999771118164,25.829999923706055,25.719999313354492,25.799999237060547,27771,0.0,0.0
2022-11-22 13:30:00-05:00,25.809999465942383,25.979999542236328,25.802900314331055,25.969999313354492,21735,0.0,0.0
2022-11-22 14:30:00-05:00,25.959999084472656,26.010000228881836,25.889999389648438,26.0,23576,0.0,0.0
2022-11-22 15:30:00-05:00,26.0,26.06999969482422,25.989999771118164,26.059999465942383,63158,0.0,0.0
2022-11-23 09:30:00-05:00,25.959999084472656,26.09000015258789,25.90999984741211,25.959999084472656,12949,0.0,0.0
2022-11-23 10:30:00-05:00,25.989999771118164,26.059999465942383,25.940000534057617,26.0,16634,0.0,0.0
2022-11-23 11:30:00-05:00,26.0,26.030000686645508,25.93000030517578,25.959999084472656,18580,0.0,0.0
2022-11-23 12:30:00-05:00,25.920000076293945,25.93000030517578,25.809999465942383,25.90999984741211,15746,0.0,0.0
2022-11-23 13:30:00-05:00,25.940000534057617,26.0,25.84000015258789,25.950000762939453,17782,0.0,0.0
2022-11-23 14:30:00-05:00,25.899999618530273,25.940000534057617,25.8799991607666,25.899999618530273,18653,0.0,0.0
2022-11-23 15:30:00-05:00,25.899999618530273,25.950000762939453,25.860000610351562,25.920000076293945,39115,0.0,0.0
2022-11-25 09:30:00-05:00,26.079999923706055,26.079999923706055,25.815000534057617,25.979999542236328,19717,0.0,0.0
2022-11-25 10:30:00-05:00,26.0049991607666,26.020000457763672,25.940000534057617,25.940000534057617,13785,0.0,0.0
2022-11-25 11:30:00-05:00,25.920000076293945,26.030000686645508,25.920000076293945,26.020000457763672,11720,0.0,0.0
2022-11-28 09:30:00-05:00,25.860000610351562,25.940000534057617,25.139999389648438,25.8799991607666,14386,0.0,0.0
2022-11-28 10:30:00-05:00,25.885000228881836,25.920000076293945,25.709999084472656,25.726200103759766,12624,0.0,0.0
2022-11-28 11:30:00-05:00,25.729999542236328,25.860000610351562,25.729999542236328,25.770000457763672,9898,0.0,0.0
2022-11-28 12:30:00-05:00,25.746200561523438,25.760000228881836,25.670000076293945,25.739999771118164,13166,0.0,0.0
2022-11-28 13:30:00-05:00,25.770000457763672,25.770000457763672,25.68000030517578,25.700000762939453,40499,0.0,0.0
2022-11-28 14:30:00-05:00,25.700000762939453,25.760000228881836,25.65999984741211,25.690000534057617,34535,0.0,0.0
2022-11-28 15:30:00-05:00,25.700000762939453,25.8700008392334,25.649999618530273,25.850000381469727,80144,0.0,0.0
2022-11-29 09:30:00-05:00,25.799999237060547,25.969999313354492,25.75,25.889999389648438,25409,0.0,0.0
2022-11-29 10:30:00-05:00,25.899999618530273,25.899999618530273,25.780000686645508,25.829999923706055,26483,0.0,0.0
2022-11-29 11:30:00-05:00,25.825000762939453,25.940000534057617,25.799999237060547,25.93000030517578,13740,0.0,0.0
2022-11-29 12:30:00-05:00,25.940000534057617,25.969999313354492,25.934999465942383,25.950000762939453,13593,0.0,0.0
2022-11-29 13:30:00-05:00,25.940000534057617,26.010000228881836,25.920000076293945,25.920000076293945,34998,0.0,0.0
2022-11-29 14:30:00-05:00,25.90999984741211,26.040000915527344,25.90999984741211,26.010000228881836,28814,0.0,0.0
2022-11-29 15:30:00-05:00,26.0049991607666,26.079999923706055,26.0,26.020000457763672,45221,0.0,0.0
2022-11-30 09:30:00-05:00,25.81999969482422,25.959999084472656,25.3799991607666,25.450000762939453,39049,0.0,0.0
2022-11-30 10:30:00-05:00,25.479999542236328,25.56999969482422,25.46500015258789,25.540000915527344,18636,0.0,0.0
2022-11-30 11:30:00-05:00,25.540000915527344,25.579999923706055,25.459999084472656,25.479999542236328,33356,0.0,0.0
2022-11-30 12:30:00-05:00,25.489999771118164,25.579999923706055,25.489999771118164,25.559999465942383,51868,0.0,0.0
2022-11-30 13:30:00-05:00,25.559999465942383,26.139999389648438,25.520000457763672,26.079999923706055,44514,0.0,0.0
2022-11-30 14:30:00-05:00,26.084999084472656,26.149999618530273,26.0,26.0,29045,0.0,0.0
2022-11-30 15:30:00-05:00,26.0,26.450000762939453,26.0,26.43000030517578,170976,0.0,0.0
2022-12-01 09:30:00-05:00,26.479999542236328,26.479999542236328,26.1200008392334,26.200000762939453,23470,0.0,0.0
2022-12-01 10:30:00-05:00,26.219999313354492,26.440000534057617,26.219999313354492,26.299999237060547,23206,0.0,0.0
2022-12-01 11:30:00-05:00,26.31999969482422,26.459999084472656,26.31999969482422,26.3799991607666,32710,0.0,0.0
2022-12-01 12:30:00-05:00,26.3700008392334,26.469999313354492,26.299999237060547,26.43000030517578,30305,0.0,0.0
2022-12-01 13:30:00-05:00,26.424999237060547,26.530000686645508,26.40999984741211,26.530000686645508,31522,0.0,0.0
2022-12-01 14:30:00-05:00,26.523399353027344,26.625,26.5,26.600000381469727,41042,0.0,0.0
2022-12-01 15:30:00-05:00,26.600000381469727,26.649999618530273,26.56999969482422,26.59000015258789,71023,0.0,0.0
2022-12-02 09:30:00-05:00,26.31999969482422,26.670000076293945,26.174999237060547,26.479999542236328,23024,0.0,0.0
2022-12-02 10:30:00-05:00,26.510000228881836,26.709999084472656,26.489999771118164,26.510000228881836,15705,0.0,0.0
2022-12-02 11:30:00-05:00,26.600000381469727,26.69499969482422,26.549999237060547,26.559999465942383,10768,0.0,0.0
2022-12-02 12:30:00-05:00,26.56999969482422,26.610000610351562,26.5,26.540000915527344,19974,0.0,0.0
2022-12-02 13:30:00-05:00,26.530000686645508,26.600000381469727,26.530000686645508,26.59000015258789,30730,0.0,0.0
2022-12-02 14:30:00-05:00,26.59000015258789,26.709999084472656,26.565000534057617,26.690000534057617,32140,0.0,0.0
2022-12-02 15:30:00-05:00,26.68000030517578,26.719999313354492,26.579999923706055,26.700000762939453,52874,0.0,0.0
2022-12-05 09:30:00-05:00,26.469999313354492,26.700000762939453,25.84000015258789,25.84000015258789,41055,0.0,0.0
2022-12-05 10:30:00-05:00,25.850000381469727,25.860000610351562,25.579999923706055,25.579999923706055,41693,0.0,0.0
2022-12-05 11:30:00-05:00,25.559999465942383,25.56999969482422,25.229999542236328,25.31999969482422,21827,0.0,0.0
2022-12-05 12:30:00-05:00,25.309999465942383,25.459999084472656,25.25,25.389999389648438,36992,0.0,0.0
2022-12-05 13:30:00-05:00,25.389999389648438,25.420000076293945,25.280000686645508,25.309999465942383,24794,0.0,0.0
2022-12-05 14:30:00-05:00,25.309999465942383,25.329999923706055,25.200000762939453,25.270000457763672,42689,0.0,0.0
2022-12-05 15:30:00-05:00,25.270000457763672,25.389999389648438,25.239999771118164,25.290000915527344,93032,0.0,0.0
2022-12-06 09:30:00-05:00,25.3700008392334,25.434999465942383,25.1200008392334,25.18000030517578,29275,0.0,0.0
2022-12-06 10:30:00-05:00,25.059999465942383,25.09000015258789,24.920000076293945,24.920000076293945,28303,0.0,0.0
2022-12-06 11:30:00-05:00,24.920000076293945,24.950000762939453,24.78499984741211,24.795000076293945,42326,0.0,0.0
2022-12-06 12:30:00-05:00,24.790000915527344,24.799999237060547,24.728200912475586,24.760000228881836,36979,0.0,0.0
2022-12-06 13:30:00-05:00,24.760000228881836,24.84000015258789,24.760000228881836,24.790000915527344,26238,0.0,0.0
2022-12-06 14:30:00-05:00,24.760000228881836,24.850000381469727,24.7450008392334,24.84000015258789,39544,0.0,0.0
2022-12-06 15:30:00-05:00,24.860000610351562,25.100000381469727,24.860000610351562,25.079999923706055,65848,0.0,0.0
2022-12-07 09:30:00-05:00,25.110000610351562,25.280000686645508,24.040000915527344,25.270000457763672,27838,0.0,0.0
2022-12-07 10:30:00-05:00,25.34000015258789,25.450000762939453,25.315000534057617,25.3799991607666,17292,0.0,0.0
2022-12-07 11:30:00-05:00,25.360000610351562,25.360000610351562,25.270000457763672,25.270000457763672,18902,0.0,0.0
2022-12-07 12:30:00-05:00,25.290000915527344,25.360000610351562,25.229999542236328,25.290000915527344,13022,0.0,0.0
2022-12-07 13:30:00-05:00,25.280000686645508,25.299999237060547,25.15999984741211,25.15999984741211,14817,0.0,0.0
2022-12-07 14:30:00-05:00,25.18000030517578,25.270000457763672,25.149999618530273,25.229999542236328,14973,0.0,0.0
2022-12-07 15:30:00-05:00,25.25,25.25,25.079999923706055,25.079999923706055,57617,0.0,0.0
2022-12-08 09:30:00-05:00,25.18000030517578,25.280000686645508,24.90250015258789,25.260000228881836,19414,0.0,0.0
2022-12-08 10:30:00-05:00,25.260000228881836,25.295000076293945,25.1299991607666,25.219999313354492,14694,0.0,0.0
2022-12-08 11:30:00-05:00,25.219999313354492,25.260000228881836,25.1299991607666,25.15999984741211,8760,0.0,0.0
2022-12-08 12:30:00-05:00,25.079999923706055,25.13010025024414,25.040000915527344,25.1299991607666,11605,0.0,0.0
2022-12-08 13:30:00-05:00,25.15999984741211,25.209999084472656,25.049999237060547,25.09000015258789,11598,0.0,0.0
2022-12-08 14:30:00-05:00,25.079999923706055,25.149999618530273,25.072900772094727,25.1299991607666,16342,0.0,0.0
2022-12-08 15:30:00-05:00,25.1299991607666,25.219999313354492,25.079999923706055,25.219999313354492,32617,0.0,0.0
2022-12-09 09:30:00-05:00,25.059999465942383,25.270000457763672,24.979999542236328,25.079999923706055,15275,0.0,0.0
2022-12-09 10:30:00-05:00,25.040000915527344,25.040000915527344,24.920000076293945,25.0,15068,0.0,0.0
2022-12-09 11:30:00-05:00,25.010000228881836,25.100000381469727,24.989999771118164,25.020000457763672,14308,0.0,0.0
2022-12-09 12:30:00-05:00,25.024999618530273,25.1200008392334,25.024999618530273,25.079999923706055,15350,0.0,0.0
2022-12-09 13:30:00-05:00,25.09000015258789,25.110000610351562,24.979999542236328,25.030000686645508,15445,0.0,0.0
2022-12-09 14:30:00-05:00,25.040000915527344,25.05500030517578,24.959999084472656,24.959999084472656,27697,0.0,0.0
2022-12-09 15:30:00-05:00,24.969999313354492,24.969999313354492,24.889999389648438,24.93000030517578,54659,0.0,0.0
2022-12-12 09:30:00-05:00,24.93000030517578,25.010000228881836,24.770000457763672,24.850000381469727,25724,0.0,0.0
2022-12-12 10:30:00-05:00,24.84000015258789,25.049999237060547,24.84000015258789,25.049999237060547,16402,0.0,0.0
2022-12-12 11:30:00-05:00,25.030000686645508,25.059999465942383,25.0049991607666,25.020000457763672,14257,0.0,0.0
2022-12-12 12:30:00-05:00,25.040000915527344,25.150299072265625,25.020000457763672,25.125,18496,0.0,0.0
2022-12-12 13:30:00-05:00,25.1200008392334,25.18000030517578,25.06999969482422,25.079999923706055,17330,0.0,0.0
2022-12-12 14:30:00-05:00,25.079999923706055,25.135000228881836,25.049999237060547,25.079999923706055,31380,0.0,0.0
2022-12-12 15:30:00-05:00,25.100000381469727,25.139999389648438,24.889999389648438,24.959999084472656,58506,0.0,0.0
2022-12-13 09:30:00-05:00,25.309999465942383,25.709999084472656,24.809999465942383,24.899999618530273,58494,0.0,0.0
2022-12-13 10:30:00-05:00,24.889999389648438,25.040000915527344,24.809999465942383,24.829999923706055,38627,0.0,0.0
2022-12-13 11:30:00-05:00,24.842500686645508,24.850000381469727,24.649999618530273,24.670000076293945,59970,0.0,0.0
2022-12-13 12:30:00-05:00,24.639999389648438,24.829999923706055,24.579999923706055,24.815000534057617,31483,0.0,0.0
2022-12-13 13:30:00-05:00,24.809999465942383,24.860000610351562,24.75,24.790000915527344,23069,0.0,0.0
2022-12-13 14:30:00-05:00,24.78499984741211,24.799999237060547,24.6299991607666,24.764999389648438,38540,0.0,0.0
2022-12-13 15:30:00-05:00,24.799999237060547,24.8799991607666,24.700000762939453,24.729999542236328,82214,0.0,0.0
2022-12-14 09:30:00-05:00,24.719999313354492,25.31999969482422,24.559999465942383,24.65999984741211,26776,0.0,0.0
2022-12-14 10:30:00-05:00,24.639999389648438,24.709999084472656,24.610000610351562,24.709999084472656,28237,0.0,0.0
2022-12-14 11:30:00-05:00,24.68000030517578,24.690000534057617,24.549999237060547,24.549999237060547,15284,0.0,0.0
2022-12-14 12:30:00-05:00,24.549999237060547,24.56999969482422,24.5,24.549999237060547,20319,0.0,0.0
2022-12-14 13:30:00-05:00,24.559999465942383,24.579999923706055,24.25,24.3799991607666,26718,0.0,0.0
2022-12-14 14:30:00-05:00,24.350000381469727,24.520000457763672,24.18000030517578,24.18000030517578,89380,0.0,0.0
2022-12-14 15:30:00-05:00,24.15999984741211,24.260000228881836,24.049999237060547,24.1299991607666,68204,0.0,0.0
2022-12-15 09:30:00-05:00,23.989999771118164,24.239999771118164,23.728700637817383,23.94499969482422,42356,0.0,0.0
2022-12-15 10:30:00-05:00,23.93000030517578,24.05500030517578,23.829999923706055,23.84000015258789,30088,0.0,0.0
2022-12-15 11:30:00-05:00,23.84000015258789,23.850000381469727,23.764999389648438,23.81999969482422,18732,0.0,0.0
2022-12-15 12:30:00-05:00,23.829999923706055,23.84000015258789,23.6200008392334,23.65999984741211,25884,0.0,0.0
2022-12-15 13:30:00-05:00,23.649999618530273,23.670000076293945,23.559999465942383,23.59000015258789,27315,0.0,0.0
2022-12-15 14:30:00-05:00,23.594999313354492,23.719999313354492,23.59000015258789,23.709999084472656,29016,0.0,0.0
2022-12-15 15:30:00-05:00,23.700000762939453,23.729999542236328,23.530000686645508,23.604999542236328,62116,0.0,0.0
2022-12-16 09:30:00-05:00,23.5,23.799999237060547,23.469999313354492,23.579999923706055,201554,0.0,0.0
2022-12-16 10:30:00-05:00,23.56999969482422,23.700000762939453,23.55500030517578,23.68000030517578,19146,0.0,0.0
2022-12-16 11:30:00-05:00,23.68000030517578,23.729999542236328,23.6299991607666,23.700000762939453,18751,0.0,0.0
2022-12-16 12:30:00-05:00,23.690000534057617,23.690000534057617,23.565000534057617,23.6200008392334,28603,0.0,0.0
2022-12-16 13:30:00-05:00,23.610000610351562,23.709999084472656,23.610000610351562,23.6299991607666,23500,0.0,0.0
2022-12-16 14:30:00-05:00,23.610000610351562,23.670000076293945,23.549999237060547,23.639999389648438,31464,0.0,0.0
2022-12-16 15:30:00-05:00,23.649999618530273,23.690000534057617,23.56999969482422,23.65999984741211,74338,0.0,0.0
2022-12-19 09:30:00-05:00,23.68000030517578,24.100000381469727,23.68000030517578,24.020000457763672,21759,0.0,0.0
2022-12-19 10:30:00-05:00,24.030000686645508,24.030000686645508,23.889999389648438,23.950000762939453,14264,0.0,0.0
2022-12-19 11:30:00-05:00,23.93000030517578,23.940000534057617,23.899999618530273,23.940000534057617,15949,0.0,0.0
2022-12-19 12:30:00-05:00,23.93000030517578,23.93000030517578,23.799999237060547,23.799999237060547,19059,0.0,0.0
2022-12-19 13:30:00-05:00,23.799999237060547,23.799999237060547,23.579999923706055,23.65999984741211,92049,0.0,0.0
2022-12-19 14:30:00-05:00,23.670000076293945,23.719999313354492,23.649999618530273,23.709999084472656,27911,0.0,0.0
2022-12-19 15:30:00-05:00,23.709999084472656,23.920000076293945,23.700000762939453,23.889999389648438,75477,0.0,0.0
2022-12-20 09:30:00-05:00,23.979999542236328,24.110000610351562,23.889999389648438,24.020000457763672,34735,0.0,0.0
2022-12-20 10:30:00-05:00,24.052000045776367,24.165000915527344,24.020000457763672,24.049999237060547,19243,0.0,0.0
2022-12-20 11:30:00-05:00,24.06999969482422,24.06999969482422,23.820999145507812,23.829999923706055,22413,0.0,0.0
2022-12-20 12:30:00-05:00,23.809999465942383,23.94499969482422,23.790000915527344,23.93000030517578,33234,0.0,0.0
2022-12-20 13:30:00-05:00,23.93000030517578,23.959999084472656,23.854999542236328,23.860000610351562,32844,0.0,0.0
2022-12-20 14:30:00-05:00,23.850000381469727,23.8700008392334,23.7549991607666,23.78499984741211,70865,0.0,0.0
2022-12-20 15:30:00-05:00,23.78499984741211,23.8700008392334,23.739999771118164,23.809999465942383,88341,0.0,0.0
2022-12-21 09:30:00-05:00,24.190000534057617,24.31999969482422,23.889999389648438,24.31999969482422,22523,0.0,0.0
2022-12-21 10:30:00-05:00,24.3700008392334,24.5,24.360000610351562,24.469999313354492,23038,0.0,0.0
2022-12-21 11:30:00-05:00,24.479999542236328,24.479999542236328,24.3799991607666,24.420000076293945,12124,0.0,0.0
2022-12-21 12:30:00-05:00,24.43000030517578,24.489999771118164,24.420000076293945,24.420000076293945,12540,0.0,0.0
2022-12-21 13:30:00-05:00,24.450000762939453,24.5,24.420000076293945,24.43000030517578,15141,0.0,0.0
2022-12-21 14:30:00-05:00,24.420000076293945,24.440000534057617,24.190000534057617,24.211999893188477,128468,0.0,0.0
2022-12-21 15:30:00-05:00,24.219999313354492,24.329999923706055,24.170000076293945,24.280000686645508,81082,0.0,0.0
2022-12-22 09:30:00-05:00,24.229999542236328,24.690000534057617,23.030099868774414,23.850000381469727,71188,0.0,0.0
2022-12-22 10:30:00-05:00,23.829999923706055,23.979999542236328,23.809999465942383,23.920000076293945,8848,0.0,0.0
2022-12-22 11:30:00-05:00,23.9281005859375,23.979999542236328,23.829999923706055,23.829999923706055,15392,0.0,0.0
2022-12-22 12:30:00-05:00,23.84000015258789,23.850000381469727,23.780000686645508,23.829999923706055,11956,0.0,0.0
2022-12-22 13:30:00-05:00,23.809999465942383,23.850000381469727,23.770000457763672,23.81999969482422,13180,0.0,0.0
2022-12-22 14:30:00-05:00,23.8799991607666,24.0049991607666,23.81999969482422,23.989999771118164,15157,0.0,0.0
2022-12-22 15:30:00-05:00,23.979999542236328,24.09000015258789,23.979999542236328,24.06999969482422,41611,0.0,0.0
2022-12-23 09:30:00-05:00,24.079999923706055,24.709999084472656,24.079999923706055,24.350000381469727,19896,0.0,0.0
2022-12-23 10:30:00-05:00,24.360000610351562,24.40999984741211,24.17180061340332,24.18000030517578,11408,0.0,0.0
2022-12-23 11:30:00-05:00,24.229999542236328,24.360000610351562,24.219999313354492,24.329999923706055,7842,0.0,0.0
2022-12-23 12:30:00-05:00,24.34000015258789,24.364999771118164,24.290000915527344,24.360000610351562,7597,0.0,0.0
2022-12-23 13:30:00-05:00,24.3700008392334,24.389999389648438,24.31999969482422,24.350000381469727,27303,0.0,0.0
2022-12-23 14:30:00-05:00,24.357999801635742,24.44499969482422,24.315000534057617,24.31999969482422,15097,0.0,0.0
2022-12-23 15:30:00-05:00,24.31999969482422,24.34000015258789,24.270000457763672,24.290000915527344,29329,0.0,0.0
2022-12-27 09:30:00-05:00,24.399999618530273,24.399999618530273,24.100000381469727,24.3700008392334,9188,0.0,0.0
2022-12-27 10:30:00-05:00,24.3700008392334,24.406700134277344,24.270000457763672,24.28499984741211,10192,0.0,0.0
2022-12-27 11:30:00-05:00,24.31999969482422,24.354999542236328,24.299999237060547,24.309999465942383,7420,0.0,0.0
2022-12-27 12:30:00-05:00,24.290000915527344,24.389999389648438,24.280000686645508,24.389999389648438,8719,0.0,0.0
2022-12-27 13:30:00-05:00,24.3700008392334,24.3700008392334,24.260000228881836,24.260000228881836,11260,0.0,0.0
2022-12-27 14:30:00-05:00,24.229999542236328,24.31999969482422,24.209999084472656,24.299999237060547,13015,0.0,0.0
2022-12-27 15:30:00-05:00,24.2992000579834,24.329999923706055,24.219999313354492,24.270000457763672,38169,0.0,0.0
2022-12-28 09:30:00-05:00,24.299999237060547,24.40999984741211,24.28499984741211,24.28499984741211,0,0.0,0.0
2022-12-28 10:30:00-05:00,24.270000457763672,24.299999237060547,24.149999618530273,24.229999542236328,7713,0.0,0.0
2022-12-28 11:30:00-05:00,24.19499969482422,24.229999542236328,24.079999923706055,24.139999389648438,11327,0.0,0.0
2022-12-28 12:30:00-05:00,24.15999984741211,24.34000015258789,24.15999984741211,24.270000457763672,14624,0.0,0.0
2022-12-28 13:30:00-05:00,24.260000228881836,24.260000228881836,24.142000198364258,24.15999984741211,16506,0.0,0.0
2022-12-28 14:30:00-05:00,24.15999984741211,24.225000381469727,24.030000686645508,24.045000076293945,17129,0.0,0.0
2022-12-28 15:30:00-05:00,24.059999465942383,24.06999969482422,23.969999313354492,24.020000457763672,34503,0.0,0.0
2022-12-29 09:30:00-05:00,24.059999465942383,24.344999313354492,24.059999465942383,24.270000457763672,13951,0.0,0.0
2022-12-29 10:30:00-05:00,24.25,24.270000457763672,24.1299991607666,24.18000030517578,11026,0.0,0.0
2022-12-29 11:30:00-05:00,24.174999237060547,24.31999969482422,24.174999237060547,24.270000457763672,9522,0.0,0.0
2022-12-29 12:30:00-05:00,24.309999465942383,24.350000381469727,24.280000686645508,24.290000915527344,9722,0.0,0.0
2022-12-29 13:30:00-05:00,24.270000457763672,24.329999923706055,24.239999771118164,24.299999237060547,11795,0.0,0.0
2022-12-29 14:30:00-05:00,24.299999237060547,24.34000015258789,24.25,24.264999389648438,19100,0.0,0.0
2022-12-29 15:30:00-05:00,24.280000686645508,24.420000076293945,24.274999618530273,24.350000381469727,39686,0.0,0.0
2022-12-30 09:30:00-05:00,24.239999771118164,24.309999465942383,24.190000534057617,24.309999465942383,9949,0.0,0.0
2022-12-30 10:30:00-05:00,24.31999969482422,24.350000381469727,24.229999542236328,24.229999542236328,10422,0.0,0.0
2022-12-30 11:30:00-05:00,24.200000762939453,24.290000915527344,24.200000762939453,24.280000686645508,9050,0.0,0.0
2022-12-30 12:30:00-05:00,24.290000915527344,24.30500030517578,24.170000076293945,24.190000534057617,10498,0.0,0.0
2022-12-30 13:30:00-05:00,24.200000762939453,24.260000228881836,24.15999984741211,24.18000030517578,11141,0.0,0.0
2022-12-30 14:30:00-05:00,24.200000762939453,24.200000762939453,24.06999969482422,24.139999389648438,21428,0.0,0.0
2022-12-30 15:30:00-05:00,24.139999389648438,24.31999969482422,24.139999389648438,24.219999313354492,60077,0.0,0.0
2023-01-03 09:30:00-05:00,24.360000610351562,24.5,23.260000228881836,24.249900817871094,49093,0.0,0.0
2023-01-03 10:30:00-05:00,24.239999771118164,24.440000534057617,24.225000381469727,24.280000686645508,26211,0.0,0.0
2023-01-03 11:30:00-05:00,24.274999618530273,24.274999618530273,24.18000030517578,24.239999771118164,20367,0.0,0.0
2023-01-03 12:30:00-05:00,24.219999313354492,24.389999389648438,24.1200008392334,24.3799991607666,32441,0.0,0.0
2023-01-03 13:30:00-05:00,24.3799991607666,24.479999542236328,24.25,24.270000457763672,56443,0.0,0.0
2023-01-03 14:30:00-05:00,24.270000457763672,24.530000686645508,24.200000762939453,24.420000076293945,57643,0.0,0.0
2023-01-03 15:30:00-05:00,24.420000076293945,24.520000457763672,24.389999389648438,24.40999984741211,55934,0.0,0.0
2023-01-04 09:30:00-05:00,24.579999923706055,24.84000015258789,24.450000762939453,24.639999389648438,22248,0.0,0.0
2023-01-04 10:30:00-05:00,24.6299991607666,24.739999771118164,24.625,24.674999237060547,19537,0.0,0.0
2023-01-04 11:30:00-05:00,24.690000534057617,24.790000915527344,24.6200008392334,24.670000076293945,17520,0.0,0.0
2023-01-04 12:30:00-05:00,24.68000030517578,24.719999313354492,24.649999618530273,24.65999984741211,34146,0.0,0.0
2023-01-04 13:30:00-05:00,24.670000076293945,24.790000915527344,24.549999237060547,24.625,62723,0.0,0.0
2023-01-04 14:30:00-05:00,24.625,24.679899215698242,24.59000015258789,24.645000457763672,48168,0.0,0.0
2023-01-04 15:30:00-05:00,24.645000457763672,24.690000534057617,24.520000457763672,24.68000030517578,73900,0.0,0.0
2023-01-05 09:30:00-05:00,24.489999771118164,24.530000686645508,24.309999465942383,24.5,23668,0.0,0.0
2023-01-05 10:30:00-05:00,24.5,24.565000534057617,24.3700008392334,24.3799991607666,27103,0.0,0.0
2023-01-05 11:30:00-05:00,24.389999389648438,24.6299991607666,24.389999389648438,24.6200008392334,23630,0.0,0.0
2023-01-05 12:30:00-05:00,24.6200008392334,24.739999771118164,24.540000915527344,24.709999084472656,26766,0.0,0.0
2023-01-05 13:30:00-05:00,24.700000762939453,24.738000869750977,24.65999984741211,24.690000534057617,23129,0.0,0.0
2023-01-05 14:30:00-05:00,24.709999084472656,24.850000381469727,24.709999084472656,24.719999313354492,30358,0.0,0.0
2023-01-05 15:30:00-05:00,24.729999542236328,24.8700008392334,24.719999313354492,24.84000015258789,76491,0.0,0.0
2023-01-06 09:30:00-05:00,25.0,25.139999389648438,24.8799991607666,25.024999618530273,46583,0.0,0.0
2023-01-06 10:30:00-05:00,25.040000915527344,25.290000915527344,25.030000686645508,25.260000228881836,47408,0.0,0.0
2023-01-06 11:30:00-05:00,25.229999542236328,25.350000381469727,25.229999542236328,25.299999237060547,23361,0.0,0.0
2023-01-06 12:30:00-05:00,25.290000915527344,25.329999923706055,25.25,25.329999923706055,12157,0.0,0.0
2023-01-06 13:30:00-05:00,25.34000015258789,25.43000030517578,25.31999969482422,25.399999618530273,34281,0.0,0.0
2023-01-06 14:30:00-05:00,25.399999618530273,25.540000915527344,25.399999618530273,25.454999923706055,42222,0.0,0.0
2023-01-06 15:30:00-05:00,25.466299057006836,25.5,25.420000076293945,25.489999771118164,64854,0.0,0.0
2023-01-09 09:30:00-05:00,25.489999771118164,25.700000762939453,25.219100952148438,25.219100952148438,27982,0.0,0.0
2023-01-09 10:30:00-05:00,25.209999084472656,25.270000457763672,25.190000534057617,25.190000534057617,16509,0.0,0.0
2023-01-09 11:30:00-05:00,25.18000030517578,25.200000762939453,25.094999313354492,25.139999389648438,12060,0.0,0.0
2023-01-09 12:30:00-05:00,25.139999389648438,25.155000686645508,24.969999313354492,24.979999542236328,23949,0.0,0.0
2023-01-09 13:30:00-05:00,24.979999542236328,24.979999542236328,24.7549991607666,24.7549991607666,37187,0.0,0.0
2023-01-09 14:30:00-05:00,24.75,24.780000686645508,24.65999984741211,24.700000762939453,37870,0.0,0.0
2023-01-09 15:30:00-05:00,24.690000534057617,24.739999771118164,24.6299991607666,24.719999313354492,53848,0.0,0.0
2023-01-10 09:30:00-05:00,24.6299991607666,24.854999542236328,24.420000076293945,24.799999237060547,17818,0.0,0.0
2023-01-10 10:30:00-05:00,24.80500030517578,25.1200008392334,24.75,25.084999084472656,19634,0.0,0.0
2023-01-10 11:30:00-05:00,25.084999084472656,25.110000610351562,24.920000076293945,24.969999313354492,17956,0.0,0.0
2023-01-10 12:30:00-05:00,24.950000762939453,25.030000686645508,24.950000762939453,25.0049991607666,12083,0.0,0.0
2023-01-10 13:30:00-05:00,25.0049991607666,25.030000686645508,24.94499969482422,24.950000762939453,15654,0.0,0.0
2023-01-10 14:30:00-05:00,24.959999084472656,24.969999313354492,24.850000381469727,24.850000381469727,19106,0.0,0.0
2023-01-10 15:30:00-05:00,24.84000015258789,24.940000534057617,24.84000015258789,24.93000030517578,39732,0.0,0.0
2023-01-11 09:30:00-05:00,24.959999084472656,25.100000381469727,24.90999984741211,25.010000228881836,20980,0.0,0.0
2023-01-11 10:30:00-05:00,25.020000457763672,25.020000457763672,24.81999969482422,24.860000610351562,11239,0.0,0.0
2023-01-11 11:30:00-05:00,24.8799991607666,25.049999237060547,24.860000610351562,24.954999923706055,14007,0.0,0.0
2023-01-11 12:30:00-05:00,24.954999923706055,24.975000381469727,24.899999618530273,24.920000076293945,12605,0.0,0.0
2023-01-11 13:30:00-05:00,24.924999237060547,24.979999542236328,24.850000381469727,24.940000534057617,14815,0.0,0.0
2023-01-11 14:30:00-05:00,24.950000762939453,25.0,24.899999618530273,24.920000076293945,23659,0.0,0.0
2023-01-11 15:30:00-05:00,24.93000030517578,24.950000762939453,24.8799991607666,24.920000076293945,50246,0.0,0.0
2023-01-12 09:30:00-05:00,25.0,25.329999923706055,24.93000030517578,25.299999237060547,13465,0.0,0.0
2023-01-12 10:30:00-05:00,25.280000686645508,25.290000915527344,25.030000686645508,25.079999923706055,25191,0.0,0.0
2023-01-12 11:30:00-05:00,25.06999969482422,25.1200008392334,25.020000457763672,25.110000610351562,16683,0.0,0.0
2023-01-12 12:30:00-05:00,25.104999542236328,25.15999984741211,25.0,25.0,20413,0.0,0.0
2023-01-12 13:30:00-05:00,25.02899932861328,25.06999969482422,24.989999771118164,25.0,26071,0.0,0.0
2023-01-12 14:30:00-05:00,24.969999313354492,25.020000457763672,24.8700008392334,24.8700008392334,34335,0.0,0.0
2023-01-12 15:30:00-05:00,24.860000610351562,24.8799991607666,24.739999771118164,24.829999923706055,49407,0.0,0.0
2023-01-13 09:30:00-05:00,24.600000381469727,24.649999618530273,24.270000457763672,24.43000030517578,21333,0.0,0.0
2023-01-13 10:30:00-05:00,24.459999084472656,24.617399215698242,24.399999618530273,24.579999923706055,28827,0.0,0.0
2023-01-13 11:30:00-05:00,24.579999923706055,24.65999984741211,24.520000457763672,24.639999389648438,15624,0.0,0.0
2023-01-13 12:30:00-05:00,24.649999618530273,24.690000534057617,24.600000381469727,24.6299991607666,13030,0.0,0.0
2023-01-13 13:30:00-05:00,24.6200008392334,24.780000686645508,24.614999771118164,24.709999084472656,14367,0.0,0.0
2023-01-13 14:30:00-05:00,24.719999313354492,24.729999542236328,24.649999618530273,24.72570037841797,21655,0.0,0.0
2023-01-13 15:30:00-05:00,24.735000610351562,24.790000915527344,24.65999984741211,24.65999984741211,49932,0.0,0.0
2023-01-17 09:30:00-05:00,24.719999313354492,24.719999313354492,24.31999969482422,24.43000030517578,17853,0.0,0.0
2023-01-17 10:30:00-05:00,24.399999618530273,24.399999618530273,24.299999237060547,24.33009910583496,12756,0.0,0.0
2023-01-17 11:30:00-05:00,24.35810089111328,24.35810089111328,24.260000228881836,24.260000228881836,9281,0.0,0.0
2023-01-17 12:30:00-05:00,24.280000686645508,24.3700008392334,24.280000686645508,24.299999237060547,12022,0.0,0.0
2023-01-17 13:30:00-05:00,24.309999465942383,24.3700008392334,24.260000228881836,24.260000228881836,15162,0.0,0.0
2023-01-17 14:30:00-05:00,24.25,24.299999237060547,24.219999313354492,24.270000457763672,18315,0.0,0.0
2023-01-17 15:30:00-05:00,24.270000457763672,24.299999237060547,24.190000534057617,24.260000228881836,41122,0.0,0.0
2023-01-18 09:30:00-05:00,24.06999969482422,24.09000015258789,23.770000457763672,24.040000915527344,21513,0.0,0.0
2023-01-18 10:30:00-05:00,24.0,24.0,23.540000915527344,23.590099334716797,37881,0.0,0.0
2023-01-18 11:30:00-05:00,23.600000381469727,23.6200008392334,23.479999542236328,23.56999969482422,20970,0.0,0.0
2023-01-18 12:30:00-05:00,23.559999465942383,23.579999923706055,23.440000534057617,23.579999923706055,17882,0.0,0.0
2023-01-18 13:30:00-05:00,23.610000610351562,23.68000030517578,23.479999542236328,23.489999771118164,25417,0.0,0.0
2023-01-18 14:30:00-05:00,23.510000228881836,23.520000457763672,23.389999389648438,23.459999084472656,22884,0.0,0.0
2023-01-18 15:30:00-05:00,23.469999313354492,23.520000457763672,23.395000457763672,23.40999984741211,33789,0.0,0.0
2023-01-19 09:30:00-05:00,23.229999542236328,23.459999084472656,23.229999542236328,23.420000076293945,22884,0.0,0.0
2023-01-19 10:30:00-05:00,23.399999618530273,23.399999618530273,23.149999618530273,23.209999084472656,18691,0.0,0.0
2023-01-19 11:30:00-05:00,23.204999923706055,23.3700008392334,23.204999923706055,23.299999237060547,15787,0.0,0.0
2023-01-19 12:30:00-05:00,23.290000915527344,23.34000015258789,23.229999542236328,23.34000015258789,10943,0.0,0.0
2023-01-19 13:30:00-05:00,23.34000015258789,23.440000534057617,23.329999923706055,23.395000457763672,18542,0.0,0.0
2023-01-19 14:30:00-05:00,23.389999389648438,23.389999389648438,23.190000534057617,23.2450008392334,21389,0.0,0.0
2023-01-19 15:30:00-05:00,23.229999542236328,23.329999923706055,23.209999084472656,23.280000686645508,47624,0.0,0.0
2023-01-20 09:30:00-05:00,23.579999923706055,23.645000457763672,23.299999237060547,23.579999923706055,61988,0.0,0.0
2023-01-20 10:30:00-05:00,23.6200008392334,23.6200008392334,23.334999084472656,23.469999313354492,13755,0.0,0.0
2023-01-20 11:30:00-05:00,23.43000030517578,23.459999084472656,23.329999923706055,23.3799991607666,10697,0.0,0.0
2023-01-20 12:30:00-05:00,23.3700008392334,23.3700008392334,23.229999542236328,23.270000457763672,15281,0.0,0.0
2023-01-20 13:30:00-05:00,23.280000686645508,23.399999618530273,23.280000686645508,23.350000381469727,16596,0.0,0.0
2023-01-20 14:30:00-05:00,23.368000030517578,23.479999542236328,23.329999923706055,23.40999984741211,21079,0.0,0.0
2023-01-20 15:30:00-05:00,23.399999618530273,23.56999969482422,23.350000381469727,23.559999465942383,53372,0.0,0.0
2023-01-23 09:30:00-05:00,23.6299991607666,23.700000762939453,23.3799991607666,23.520000457763672,27071,0.0,0.0
2023-01-23 10:30:00-05:00,23.600000381469727,23.637399673461914,23.510000228881836,23.56999969482422,15519,0.0,0.0
2023-01-23 11:30:00-05:00,23.579999923706055,23.600000381469727,23.510000228881836,23.600000381469727,20956,0.0,0.0
2023-01-23 12:30:00-05:00,23.610000610351562,23.670000076293945,23.600000381469727,23.649999618530273,25887,0.0,0.0
2023-01-23 13:30:00-05:00,23.670000076293945,23.697500228881836,23.440000534057617,23.450000762939453,27349,0.0,0.0
2023-01-23 14:30:00-05:00,23.450000762939453,23.549999237060547,23.389999389648438,23.5,40018,0.0,0.0
2023-01-23 15:30:00-05:00,23.510000228881836,23.56999969482422,23.450000762939453,23.540000915527344,47315,0.0,0.0
2023-01-24 09:30:00-05:00,23.56999969482422,23.56999969482422,23.260000228881836,23.309999465942383,27708,0.0,0.0
2023-01-24 10:30:00-05:00,23.309999465942383,23.489999771118164,23.309999465942383,23.399999618530273,12195,0.0,0.0
2023-01-24 11:30:00-05:00,23.40999984741211,23.40999984741211,23.280000686645508,23.349300384521484,15622,0.0,0.0
2023-01-24 12:30:00-05:00,23.360000610351562,23.40999984741211,23.3262996673584,23.40999984741211,10977,0.0,0.0
2023-01-24 13:30:00-05:00,23.450000762939453,23.479999542236328,23.420000076293945,23.479999542236328,13189,0.0,0.0
2023-01-24 14:30:00-05:00,23.479999542236328,23.489999771118164,23.399999618530273,23.399999618530273,14271,0.0,0.0
2023-01-24 15:30:00-05:00,23.399999618530273,23.40999984741211,23.31999969482422,23.344999313354492,44940,0.0,0.0
2023-01-25 09:30:00-05:00,23.260000228881836,23.280000686645508,23.09000015258789,23.110000610351562,15383,0.0,0.0
2023-01-25 10:30:00-05:00,23.059999465942383,23.059999465942383,22.8700008392334,23.0049991607666,12218,0.0,0.0
2023-01-25 11:30:00-05:00,23.0,23.07900047302246,22.959999084472656,23.0,12882,0.0,0.0
2023-01-25 12:30:00-05:00,23.030000686645508,23.040000915527344,22.959999084472656,23.030000686645508,9755,0.0,0.0
2023-01-25 13:30:00-05:00,23.030000686645508,23.18000030517578,23.030000686645508,23.09000015258789,16023,0.0,0.0
2023-01-25 14:30:00-05:00,23.110000610351562,23.1200008392334,23.020000457763672,23.040000915527344,16042,0.0,0.0
2023-01-25 15:30:00-05:00,23.040000915527344,23.1299991607666,23.020000457763672,23.1200008392334,29711,0.0,0.0
2023-01-26 09:30:00-05:00,23.290000915527344,23.3700008392334,23.030000686645508,23.190000534057617,11155,0.0,0.0
2023-01-26 10:30:00-05:00,23.155000686645508,23.209999084472656,22.989999771118164,23.080299377441406,16271,0.0,0.0
2023-01-26 11:30:00-05:00,23.100000381469727,23.25,23.09000015258789,23.219999313354492,12120,0.0,0.0
2023-01-26 12:30:00-05:00,23.219999313354492,23.25,23.170000076293945,23.219999313354492,12486,0.0,0.0
2023-01-26 13:30:00-05:00,23.229999542236328,23.260000228881836,23.1299991607666,23.1299991607666,16431,0.0,0.0
2023-01-26 14:30:00-05:00,23.1200008392334,23.270000457763672,23.110000610351562,23.260000228881836,16794,0.0,0.0
2023-01-26 15:30:00-05:00,23.2549991607666,23.399999618530273,23.225000381469727,23.3700008392334,41407,0.0,0.0
2023-01-27 09:30:00-05:00,23.75,24.709999084472656,23.729999542236328,24.200000762939453,43843,0.0,0.0
2023-01-27 10:30:00-05:00,24.25,24.56999969482422,23.719999313354492,24.170000076293945,69863,0.0,0.0
2023-01-27 11:30:00-05:00,24.18000030517578,24.280000686645508,23.93000030517578,24.010000228881836,70280,0.0,0.0
2023-01-27 12:30:00-05:00,24.014999389648438,24.31999969482422,23.969999313354492,24.219999313354492,56032,0.0,0.0
2023-01-27 13:30:00-05:00,24.229999542236328,24.34000015258789,24.18000030517578,24.2450008392334,47728,0.0,0.0
2023-01-27 14:30:00-05:00,24.229999542236328,24.350000381469727,24.170000076293945,24.309999465942383,53705,0.0,0.0
2023-01-27 15:30:00-05:00,24.329999923706055,24.389999389648438,24.229999542236328,24.25,126283,0.0,0.0
2023-01-30 09:30:00-05:00,24.3799991607666,24.635000228881836,24.299999237060547,24.628999710083008,36856,0.0,0.0
2023-01-30 10:30:00-05:00,24.610000610351562,24.645000457763672,24.309999465942383,24.31999969482422,29008,0.0,0.0
2023-01-30 11:30:00-05:00,24.290000915527344,24.43899917602539,24.21500015258789,24.43899917602539,22020,0.0,0.0
2023-01-30 12:30:00-05:00,24.424999237060547,24.469999313354492,24.350000381469727,24.459999084472656,21311,0.0,0.0
2023-01-30 13:30:00-05:00,24.450000762939453,24.520000457763672,24.40999984741211,24.40999984741211,21853,0.0,0.0
2023-01-30 14:30:00-05:00,24.3700008392334,24.420000076293945,24.299999237060547,24.309999465942383,29096,0.0,0.0
2023-01-30 15:30:00-05:00,24.30579948425293,24.350000381469727,24.239999771118164,24.33799934387207,76500,0.0,0.0
2023-01-31 09:30:00-05:00,24.420000076293945,24.56999969482422,24.3700008392334,24.503700256347656,18558,0.0,0.0
2023-01-31 10:30:00-05:00,24.518699645996094,24.780000686645508,24.518699645996094,24.770000457763672,23863,0.0,0.0
2023-01-31 11:30:00-05:00,24.790000915527344,24.959999084472656,24.790000915527344,24.959999084472656,22381,0.0,0.0
2023-01-31 12:30:00-05:00,24.969999313354492,25.020000457763672,24.917499542236328,24.959999084472656,23714,0.0,0.0
2023-01-31 13:30:00-05:00,24.969999313354492,25.104999542236328,24.96500015258789,25.06999969482422,34640,0.0,0.0
2023-01-31 14:30:00-05:00,25.075000762939453,25.204999923706055,25.059999465942383,25.190000534057617,47020,0.0,0.0
2023-01-31 15:30:00-05:00,25.19499969482422,25.3700008392334,25.190000534057617,25.360000610351562,68264,0.0,0.0
2023-02-01 09:30:00-05:00,25.209999084472656,25.290000915527344,24.079999923706055,25.25,22179,0.0,0.0
2023-02-01 10:30:00-05:00,25.239999771118164,25.385000228881836,25.219999313354492,25.364999771118164,12337,0.0,0.0
2023-02-01 11:30:00-05:00,25.3700008392334,25.454999923706055,25.329999923706055,25.450000762939453,11342,0.0,0.0
2023-02-01 12:30:00-05:00,25.459999084472656,25.559999465942383,25.440000534057617,25.485000610351562,19215,0.0,0.0
2023-02-01 13:30:00-05:00,25.510000228881836,25.665000915527344,25.479999542236328,25.479999542236328,37061,0.0,0.0
2023-02-01 14:30:00-05:00,25.510000228881836,25.850000381469727,25.360000610351562,25.795000076293945,74349,0.0,0.0
2023-02-01 15:30:00-05:00,25.780000686645508,25.950000762939453,25.510000228881836,25.579999923706055,84578,0.0,0.0
2023-02-02 09:30:00-05:00,25.549999237060547,25.709999084472656,25.43000030517578,25.68000030517578,19970,0.0,0.0
2023-02-02 10:30:00-05:00,25.700000762939453,25.954999923706055,25.700000762939453,25.8799991607666,20310,0.0,0.0
2023-02-02 11:30:00-05:00,25.8799991607666,25.920000076293945,25.719999313354492,25.739999771118164,24058,0.0,0.0
2023-02-02 12:30:00-05:00,25.75,25.760000228881836,25.690000534057617,25.690000534057617,18180,0.0,0.0
2023-02-02 13:30:00-05:00,25.69499969482422,25.780000686645508,25.579999923706055,25.6200008392334,18558,0.0,0.0
2023-02-02 14:30:00-05:00,25.6299991607666,25.780000686645508,25.539100646972656,25.770000457763672,47967,0.0,0.0
2023-02-02 15:30:00-05:00,25.790000915527344,26.06999969482422,25.790000915527344,26.059999465942383,65732,0.0,0.0
2023-02-03 09:30:00-05:00,25.889999389648438,26.19499969482422,25.829999923706055,26.190000534057617,23399,0.0,0.0
2023-02-03 10:30:00-05:00,26.209999084472656,26.3700008392334,26.200000762939453,26.34000015258789,19993,0.0,0.0
2023-02-03 11:30:00-05:00,26.360000610351562,26.420000076293945,26.34000015258789,26.399999618530273,23972,0.0,0.0
2023-02-03 12:30:00-05:00,26.420000076293945,26.530000686645508,26.170000076293945,26.18000030517578,22657,0.0,0.0
2023-02-03 13:30:00-05:00,26.165000915527344,26.299999237060547,26.165000915527344,26.219999313354492,16127,0.0,0.0
2023-02-03 14:30:00-05:00,26.229999542236328,26.270000457763672,26.049999237060547,26.209999084472656,32368,0.0,0.0
2023-02-03 15:30:00-05:00,26.209999084472656,26.260000228881836,26.149999618530273,26.25,70920,0.0,0.0
2023-02-06 09:30:00-05:00,26.190000534057617,26.350000381469727,25.889999389648438,25.899999618530273,13762,0.0,0.0
2023-02-06 10:30:00-05:00,25.8700008392334,26.0,25.809999465942383,25.950000762939453,25917,0.0,0.0
2023-02-06 11:30:00-05:00,25.94499969482422,25.979999542236328,25.8799991607666,25.93000030517578,16020,0.0,0.0
2023-02-06 12:30:00-05:00,25.940000534057617,26.0,25.895000457763672,25.940000534057617,17084,0.0,0.0
2023-02-06 13:30:00-05:00,25.90999984741211,26.014999389648438,25.90999984741211,25.94499969482422,17472,0.0,0.0
2023-02-06 14:30:00-05:00,25.94499969482422,25.959999084472656,25.825000762939453,25.8799991607666,18994,0.0,0.0
2023-02-06 15:30:00-05:00,25.860000610351562,25.989999771118164,25.860000610351562,25.969999313354492,37415,0.0,0.0
2023-02-07 09:30:00-05:00,25.8700008392334,25.959999084472656,25.719999313354492,25.959999084472656,7685,0.0,0.0
2023-02-07 10:30:00-05:00,25.979999542236328,26.0,25.920000076293945,25.959999084472656,10037,0.0,0.0
2023-02-07 11:30:00-05:00,25.950000762939453,26.030000686645508,25.915000915527344,25.989999771118164,19442,0.0,0.0
2023-02-07 12:30:00-05:00,25.989999771118164,26.2549991607666,25.985000610351562,26.059999465942383,25610,0.0,0.0
2023-02-07 13:30:00-05:00,26.030000686645508,26.1200008392334,25.81999969482422,26.100000381469727,29824,0.0,0.0
2023-02-07 14:30:00-05:00,26.1200008392334,26.18000030517578,26.06999969482422,26.145000457763672,27139,0.0,0.0
2023-02-07 15:30:00-05:00,26.149999618530273,26.209999084472656,26.06999969482422,26.110000610351562,39859,0.0,0.0
2023-02-08 09:30:00-05:00,25.969999313354492,26.14299964904785,25.84000015258789,26.110000610351562,7617,0.0,0.0
2023-02-08 10:30:00-05:00,26.084999084472656,26.084999084472656,25.899999618530273,25.899999618530273,15416,0.0,0.0
2023-02-08 11:30:00-05:00,25.920000076293945,25.940000534057617,25.81999969482422,25.93000030517578,10145,0.0,0.0
2023-02-08 12:30:00-05:00,25.940000534057617,25.969999313354492,25.895000457763672,25.93000030517578,10698,0.0,0.0
2023-02-08 13:30:00-05:00,25.90999984741211,25.920000076293945,25.81999969482422,25.829999923706055,13517,0.0,0.0
2023-02-08 14:30:00-05:00,25.81999969482422,25.93000030517578,25.790000915527344,25.920000076293945,21346,0.0,0.0
2023-02-08 15:30:00-05:00,25.93000030517578,26.010000228881836,25.8799991607666,25.940000534057617,45477,0.0,0.0
2023-02-09 09:30:00-05:00,26.15999984741211,26.22599983215332,25.915000915527344,25.924999237060547,0,0.0,0.0
2023-02-09 10:30:00-05:00,25.950000762939453,25.950000762939453,25.75,25.780000686645508,8663,0.0,0.0
2023-02-09 11:30:00-05:00,25.780000686645508,25.790000915527344,25.649999618530273,25.739999771118164,10517,0.0,0.0
2023-02-09 12:30:00-05:00,25.735000610351562,25.809999465942383,25.719999313354492,25.770000457763672,14912,0.0,0.0
2023-02-09 13:30:00-05:00,25.75,25.760000228881836,25.649999618530273,25.670000076293945,14313,0.0,0.0
2023-02-09 14:30:00-05:00,25.684999465942383,25.780000686645508,25.59000015258789,25.6299991607666,20578,0.0,0.0
2023-02-09 15:30:00-05:00,25.625,25.729999542236328,25.610000610351562,25.649999618530273,40235,0.0,0.0
2023-02-10 09:30:00-05:00,25.540000915527344,25.7450008392334,25.540000915527344,25.579999923706055,8021,0.0,0.0
2023-02-10 10:30:00-05:00,25.610000610351562,25.6200008392334,25.520000457763672,25.530000686645508,11175,0.0,0.0
2023-02-10 11:30:00-05:00,25.510000228881836,25.559999465942383,25.479999542236328,25.559999465942383,6218,0.0,0.0
2023-02-10 12:30:00-05:00,25.579999923706055,25.68000030517578,25.56999969482422,25.65999984741211,9696,0.0,0.0
2023-02-10 13:30:00-05:00,25.645000457763672,25.670000076293945,25.619800567626953,25.639999389648438,8811,0.0,0.0
2023-02-10 14:30:00-05:00,25.639999389648438,25.709999084472656,25.6200008392334,25.690000534057617,11895,0.0,0.0
2023-02-10 15:30:00-05:00,25.700000762939453,25.739999771118164,25.670000076293945,25.698999404907227,28802,0.0,0.0
2023-02-13 09:30:00-05:00,25.6299991607666,25.799999237060547,25.520000457763672,25.760000228881836,9520,0.0,0.0
2023-02-13 10:30:00-05:00,25.739999771118164,25.790000915527344,25.719999313354492,25.729999542236328,9363,0.0,0.0
2023-02-13 11:30:00-05:00,25.719999313354492,25.75,25.68000030517578,25.68000030517578,6904,0.0,0.0
2023-02-13 12:30:00-05:00,25.65999984741211,25.670000076293945,25.59000015258789,25.639999389648438,11096,0.0,0.0
2023-02-13 13:30:00-05:00,25.670000076293945,25.700000762939453,25.59000015258789,25.59000015258789,7233,0.0,0.0
2023-02-13 14:30:00-05:00,25.579999923706055,25.6299991607666,25.510000228881836,25.510000228881836,24993,0.0,0.0
2023-02-13 15:30:00-05:00,25.510000228881836,25.649999618530273,25.510000228881836,25.649999618530273,48466,0.0,0.0
2023-02-14 09:30:00-05:00,25.6200008392334,25.739999771118164,25.489999771118164,25.59000015258789,8834,0.0,0.0
2023-02-14 10:30:00-05:00,25.540000915527344,25.540000915527344,25.350000381469727,25.3700008392334,12863,0.0,0.0
2023-02-14 11:30:00-05:00,25.329999923706055,25.329999923706055,25.170000076293945,25.28499984741211,10465,0.0,0.0
2023-02-14 12:30:00-05:00,25.290000915527344,25.469999313354492,25.280000686645508,25.389999389648438,12166,0.0,0.0
2023-02-14 13:30:00-05:00,25.3700008392334,25.399999618530273,25.31999969482422,25.350000381469727,10471,0.0,0.0
2023-02-14 14:30:00-05:00,25.3700008392334,25.420000076293945,25.329999923706055,25.329999923706055,11291,0.0,0.0
2023-02-14 15:30:00-05:00,25.31999969482422,25.3799991607666,25.25,25.290000915527344,45530,0.0,0.0
2023-02-15 09:30:00-05:00,25.049999237060547,25.219999313354492,25.049400329589844,25.18000030517578,11238,0.0,0.0
2023-02-15 10:30:00-05:00,25.219999313354492,25.309999465942383,25.209999084472656,25.309999465942383,9171,0.0,0.0
2023-02-15 11:30:00-05:00,25.25,25.290000915527344,25.190000534057617,25.190000534057617,7419,0.0,0.0
2023-02-15 12:30:00-05:00,25.190000534057617,25.2450008392334,25.184999465942383,25.2450008392334,6564,0.0,0.0
2023-02-15 13:30:00-05:00,25.260000228881836,25.360000610351562,25.260000228881836,25.350000381469727,7808,0.0,0.0
2023-02-15 14:30:00-05:00,25.360000610351562,25.360000610351562,25.299999237060547,25.360000610351562,10342,0.0,0.0
2023-02-15 15:30:00-05:00,25.350000381469727,25.389999389648438,25.329999923706055,25.3700008392334,19092,0.0,0.0
2023-02-16 09:30:00-05:00,25.190000534057617,25.2450008392334,25.049999237060547,25.125,11302,0.0,0.0
2023-02-16 10:30:00-05:00,25.1200008392334,25.155000686645508,25.09000015258789,25.110000610351562,8452,0.0,0.0
2023-02-16 11:30:00-05:00,25.1200008392334,25.15999984741211,25.079999923706055,25.110000610351562,9500,0.0,0.0
2023-02-16 12:30:00-05:00,25.18000030517578,25.200000762939453,25.1200008392334,25.155000686645508,8324,0.0,0.0
2023-02-16 13:30:00-05:00,25.149999618530273,25.209999084472656,25.1200008392334,25.209999084472656,8118,0.0,0.0
2023-02-16 14:30:00-05:00,25.219999313354492,25.219999313354492,25.030000686645508,25.030000686645508,15751,0.0,0.0
2023-02-16 15:30:00-05:00,25.030000686645508,25.09000015258789,25.0,25.040000915527344,34412,0.0,0.0
2023-02-17 09:30:00-05:00,25.100000381469727,25.329999923706055,25.030000686645508,25.299999237060547,39365,0.0,0.0
2023-02-17 10:30:00-05:00,25.315000534057617,25.3700008392334,25.264999389648438,25.264999389648438,14930,0.0,0.0
2023-02-17 11:30:00-05:00,25.290000915527344,25.43000030517578,25.290000915527344,25.43000030517578,8238,0.0,0.0
2023-02-17 12:30:00-05:00,25.440000534057617,25.440000534057617,25.329999923706055,25.374000549316406,15284,0.0,0.0
2023-02-17 13:30:00-05:00,25.3799991607666,25.520000457763672,25.3799991607666,25.5,12723,0.0,0.0
2023-02-17 14:30:00-05:00,25.5,25.559999465942383,25.459999084472656,25.459999084472656,20190,0.0,0.0
2023-02-17 15:30:00-05:00,25.489999771118164,25.565000534057617,25.459999084472656,25.530000686645508,32806,0.0,0.0
2023-02-21 09:30:00-05:00,25.3799991607666,25.454999923706055,25.0,25.040000915527344,22957,0.0,0.0
2023-02-21 10:30:00-05:00,25.030000686645508,25.1299991607666,24.979999542236328,25.030000686645508,16018,0.0,0.0
2023-02-21 11:30:00-05:00,25.030000686645508,25.079999923706055,25.010000228881836,25.030000686645508,11617,0.0,0.0
2023-02-21 12:30:00-05:00,25.020000457763672,25.110000610351562,25.020000457763672,25.059999465942383,12821,0.0,0.0
2023-02-21 13:30:00-05:00,25.020000457763672,25.079099655151367,24.989999771118164,25.030000686645508,12380,0.0,0.0
2023-02-21 14:30:00-05:00,25.059999465942383,25.1299991607666,25.059999465942383,25.110000610351562,13547,0.0,0.0
2023-02-21 15:30:00-05:00,25.1200008392334,25.139999389648438,25.05500030517578,25.079999923706055,35241,0.0,0.0
2023-02-22 09:30:00-05:00,25.1299991607666,25.34000015258789,25.079999923706055,25.170000076293945,28117,0.0,0.0
2023-02-22 10:30:00-05:00,25.149999618530273,25.25,25.10460090637207,25.235000610351562,14527,0.0,0.0
2023-02-22 11:30:00-05:00,25.229999542236328,25.280000686645508,25.200000762939453,25.280000686645508,11456,0.0,0.0
2023-02-22 12:30:00-05:00,25.280000686645508,25.34000015258789,25.25,25.34000015258789,13107,0.0,0.0
2023-02-22 13:30:00-05:00,25.31999969482422,25.34000015258789,25.190000534057617,25.190000534057617,22659,0.0,0.0
2023-02-22 14:30:00-05:00,25.190000534057617,25.19499969482422,24.969999313354492,25.030000686645508,38527,0.0,0.0
2023-02-22 15:30:00-05:00,25.010000228881836,25.09000015258789,24.979999542236328,25.09000015258789,45482,0.0,0.0
2023-02-23 09:30:00-05:00,25.139999389648438,25.309999465942383,25.0,25.149999618530273,13136,0.0,0.0
2023-02-23 10:30:00-05:00,25.1387996673584,25.1387996673584,24.979999542236328,25.010000228881836,9722,0.0,0.0
2023-02-23 11:30:00-05:00,25.0049991607666,25.010000228881836,24.8799991607666,24.93000030517578,7613,0.0,0.0
2023-02-23 12:30:00-05:00,24.940000534057617,25.0,24.920000076293945,24.989999771118164,9226,0.0,0.0
2023-02-23 13:30:00-05:00,24.989999771118164,25.100000381469727,24.979999542236328,25.100000381469727,14072,0.0,0.0
2023-02-23 14:30:00-05:00,25.139999389648438,25.200000762939453,25.104999542236328,25.200000762939453,14320,0.0,0.0
2023-02-23 15:30:00-05:00,25.200000762939453,25.229999542236328,25.1299991607666,25.139999389648438,32444,0.0,0.0
2023-02-24 09:30:00-05:00,24.969999313354492,25.020000457763672,24.780000686645508,24.84000015258789,15527,0.0,0.0
2023-02-24 10:30:00-05:00,24.829999923706055,24.931699752807617,24.780000686645508,24.93000030517578,10508,0.0,0.0
2023-02-24 11:30:00-05:00,24.950000762939453,25.020000457763672,24.915000915527344,24.93000030517578,13839,0.0,0.0
2023-02-24 12:30:00-05:00,24.975000381469727,24.975000381469727,24.850000381469727,24.899999618530273,8893,0.0,0.0
2023-02-24 13:30:00-05:00,24.90999984741211,24.989999771118164,24.860000610351562,24.959999084472656,12659,0.0,0.0
2023-02-24 14:30:00-05:00,24.940000534057617,24.989999771118164,24.8799991607666,24.93000030517578,14419,0.0,0.0
2023-02-24 15:30:00-05:00,24.920000076293945,25.079999923706055,24.8700008392334,25.06999969482422,42390,0.0,0.0
2023-02-27 09:30:00-05:00,25.239999771118164,25.40999984741211,25.1200008392334,25.329999923706055,12157,0.0,0.0
2023-02-27 10:30:00-05:00,25.309999465942383,25.309999465942383,25.18000030517578,25.18000030517578,7872,0.0,0.0
2023-02-27 11:30:00-05:00,25.149999618530273,25.15999984741211,25.06999969482422,25.09000015258789,7133,0.0,0.0
2023-02-27 12:30:00-05:00,25.110000610351562,25.1200008392334,25.049999237060547,25.09000015258789,12220,0.0,0.0
2023-02-27 13:30:00-05:00,25.09000015258789,25.15999984741211,25.046499252319336,25.06999969482422,14450,0.0,0.0
2023-02-27 14:30:00-05:00,25.059999465942383,25.075000762939453,24.950000762939453,24.979999542236328,11853,0.0,0.0
2023-02-27 15:30:00-05:00,24.979999542236328,25.0,24.8799991607666,24.889999389648438,66149,0.0,0.0
2023-02-28 09:30:00-05:00,24.6299991607666,24.940000534057617,24.6299991607666,24.860000610351562,21776,0.0,0.0
2023-02-28 10:30:00-05:00,24.829999923706055,24.889999389648438,24.780000686645508,24.860000610351562,13025,0.0,0.0
2023-02-28 11:30:00-05:00,24.84000015258789,24.84000015258789,24.739999771118164,24.809999465942383,9062,0.0,0.0
2023-02-28 12:30:00-05:00,24.81999969482422,24.829999923706055,24.760000228881836,24.799999237060547,20397,0.0,0.0
2023-02-28 13:30:00-05:00,24.799999237060547,24.8799991607666,24.780000686645508,24.796899795532227,36527,0.0,0.0
2023-02-28 14:30:00-05:00,24.809999465942383,24.860000610351562,24.790000915527344,24.809999465942383,23512,0.0,0.0
2023-02-28 15:30:00-05:00,24.809999465942383,24.809999465942383,24.649999618530273,24.65999984741211,49866,0.0,0.0
2023-03-01 09:30:00-05:00,24.450000762939453,24.58209991455078,24.360000610351562,24.554899215698242,16649,0.0,0.0
2023-03-01 10:30:00-05:00,24.540000915527344,24.825000762939453,24.540000915527344,24.610000610351562,29871,0.0,0.0
2023-03-01 11:30:00-05:00,24.6200008392334,24.899999618530273,24.6200008392334,24.875,23732,0.0,0.0
2023-03-01 12:30:00-05:00,24.8700008392334,24.899999618530273,24.809999465942383,24.81999969482422,32444,0.0,0.0
2023-03-01 13:30:00-05:00,24.809999465942383,24.829999923706055,24.790000915527344,24.809999465942383,22493,0.0,0.0
2023-03-01 14:30:00-05:00,24.799999237060547,24.889999389648438,24.799999237060547,24.85650062561035,25118,0.0,0.0
2023-03-01 15:30:00-05:00,24.854999542236328,24.93000030517578,24.854999542236328,24.920000076293945,43717,0.0,0.0
2023-03-02 09:30:00-05:00,24.709999084472656,24.719999313354492,24.354999542236328,24.469999313354492,13006,0.0,0.0
2023-03-02 10:30:00-05:00,24.459999084472656,24.514999389648438,24.450000762939453,24.450000762939453,7476,0.0,0.0
2023-03-02 11:30:00-05:00,24.479999542236328,24.485000610351562,24.360000610351562,24.3700008392334,9745,0.0,0.0
2023-03-02 12:30:00-05:00,24.40999984741211,24.43000030517578,24.190000534057617,24.21500015258789,36717,0.0,0.0
2023-03-02 13:30:00-05:00,24.209999084472656,24.385000228881836,24.200000762939453,24.329999923706055,17819,0.0,0.0
2023-03-02 14:30:00-05:00,24.34000015258789,24.3700008392334,24.290000915527344,24.360000610351562,13370,0.0,0.0
2023-03-02 15:30:00-05:00,24.360000610351562,24.40999984741211,24.344999313354492,24.389999389648438,32688,0.0,0.0
2023-03-03 09:30:00-05:00,24.489999771118164,24.489999771118164,24.200000762939453,24.309999465942383,20044,0.0,0.0
2023-03-03 10:30:00-05:00,24.315000534057617,24.354000091552734,24.260000228881836,24.354000091552734,6916,0.0,0.0
2023-03-03 11:30:00-05:00,24.350000381469727,24.40999984741211,24.329999923706055,24.3700008392334,10535,0.0,0.0
2023-03-03 12:30:00-05:00,24.360000610351562,24.450000762939453,24.360000610351562,24.43000030517578,10939,0.0,0.0
2023-03-03 13:30:00-05:00,24.440000534057617,24.600000381469727,24.440000534057617,24.559999465942383,12924,0.0,0.0
2023-03-03 14:30:00-05:00,24.540000915527344,24.68000030517578,24.530000686645508,24.6299991607666,16386,0.0,0.0
2023-03-03 15:30:00-05:00,24.6200008392334,24.649999618530273,24.540000915527344,24.649999618530273,32657,0.0,0.0
2023-03-06 09:30:00-05:00,24.559999465942383,24.6299991607666,24.465900421142578,24.4950008392334,31338,0.0,0.0
2023-03-06 10:30:00-05:00,24.489999771118164,24.489999771118164,24.280000686645508,24.280000686645508,36985,0.0,0.0
2023-03-06 11:30:00-05:00,24.260000228881836,24.270000457763672,24.125,24.1299991607666,34059,0.0,0.0
2023-03-06 12:30:00-05:00,24.125,24.125,23.93000030517578,23.950000762939453,50683,0.0,0.0
2023-03-06 13:30:00-05:00,23.940000534057617,23.969999313354492,23.889999389648438,23.90999984741211,31490,0.0,0.0
2023-03-06 14:30:00-05:00,23.920000076293945,24.0,23.90999984741211,23.90999984741211,38966,0.0,0.0
2023-03-06 15:30:00-05:00,23.899999618530273,24.049999237060547,23.889999389648438,24.030000686645508,83227,0.0,0.0
2023-03-07 09:30:00-05:00,23.889999389648438,23.889999389648438,23.530000686645508,23.600000381469727,35485,0.0,0.0
2023-03-07 10:30:00-05:00,23.604999542236328,23.639999389648438,23.385000228881836,23.399999618530273,20941,0.0,0.0
2023-03-07 11:30:00-05:00,23.399999618530273,23.520000457763672,23.34000015258789,23.520000457763672,20170,0.0,0.0
2023-03-07 12:30:00-05:00,23.524999618530273,23.524999618530273,23.290000915527344,23.329999923706055,16669,0.0,0.0
2023-03-07 13:30:00-05:00,23.31999969482422,23.360000610351562,23.295000076293945,23.299999237060547,20144,0.0,0.0
2023-03-07 14:30:00-05:00,23.309999465942383,23.3700008392334,23.239999771118164,23.350000381469727,26743,0.0,0.0
2023-03-07 15:30:00-05:00,23.34000015258789,23.40999984741211,23.260000228881836,23.31999969482422,35811,0.0,0.0
2023-03-08 09:30:00-05:00,23.360000610351562,23.459999084472656,23.18000030517578,23.411300659179688,23000,0.0,0.0
2023-03-08 10:30:00-05:00,23.420000076293945,23.440000534057617,23.30900001525879,23.329999923706055,20476,0.0,0.0
2023-03-08 11:30:00-05:00,23.299999237060547,23.420000076293945,23.290000915527344,23.350000381469727,16453,0.0,0.0
2023-03-08 12:30:00-05:00,23.30500030517578,23.34000015258789,23.170000076293945,23.170000076293945,16678,0.0,0.0
2023-03-08 13:30:00-05:00,23.190000534057617,23.270000457763672,23.170000076293945,23.260000228881836,16151,0.0,0.0
2023-03-08 14:30:00-05:00,23.270000457763672,23.309999465942383,23.229999542236328,23.280000686645508,27056,0.0,0.0
2023-03-08 15:30:00-05:00,23.290000915527344,23.360000610351562,23.290000915527344,23.360000610351562,44570,0.0,0.0
2023-03-09 09:30:00-05:00,23.190000534057617,23.190000534057617,22.670000076293945,22.790000915527344,36578,0.0,0.0
2023-03-09 10:30:00-05:00,22.809999465942383,22.81999969482422,22.520999908447266,22.520999908447266,50015,0.0,0.0
2023-03-09 11:30:00-05:00,22.530000686645508,22.600000381469727,22.420000076293945,22.549999237060547,32707,0.0,0.0
2023-03-09 12:30:00-05:00,22.54010009765625,22.54010009765625,22.18000030517578,22.280000686645508,34570,0.0,0.0
2023-03-09 13:30:00-05:00,22.299999237060547,22.454999923706055,22.200000762939453,22.454999923706055,35113,0.0,0.0
2023-03-09 14:30:00-05:00,22.440000534057617,22.440000534057617,22.170000076293945,22.229999542236328,34708,0.0,0.0
2023-03-09 15:30:00-05:00,22.21500015258789,22.31999969482422,22.1299991607666,22.170000076293945,79243,0.0,0.0
2023-03-10 09:30:00-05:00,21.700000762939453,21.959999084472656,21.170000076293945,21.854999542236328,65339,0.0,0.0
2023-03-10 10:30:00-05:00,21.850000381469727,22.399999618530273,21.739999771118164,22.3799991607666,47062,0.0,0.0
2023-03-10 11:30:00-05:00,22.399999618530273,22.489999771118164,21.635000228881836,21.690000534057617,46702,0.0,0.0
2023-03-10 12:30:00-05:00,21.729999542236328,21.850000381469727,21.670000076293945,21.719999313354492,49803,0.0,0.0
2023-03-10 13:30:00-05:00,21.690000534057617,21.924999237060547,21.469999313354492,21.8700008392334,54310,0.0,0.0
2023-03-10 14:30:00-05:00,21.92099952697754,22.1299991607666,21.834999084472656,21.959999084472656,67471,0.0,0.0
2023-03-10 15:30:00-05:00,21.940000534057617,22.18000030517578,21.920000076293945,22.170000076293945,106775,0.0,0.0
2023-03-13 09:30:00-04:00,21.219999313354492,21.219999313354492,19.8700008392334,20.75,141719,0.0,0.0
2023-03-13 10:30:00-04:00,20.690000534057617,22.950000762939453,20.56999969482422,22.950000762939453,293096,0.0,0.0
2023-03-13 11:30:00-04:00,23.0,23.059999465942383,22.084999084472656,22.166000366210938,117753,0.0,0.0
2023-03-13 12:30:00-04:00,22.15999984741211,22.420000076293945,21.895000457763672,22.049999237060547,90484,0.0,0.0
2023-03-13 13:30:00-04:00,22.040000915527344,22.610000610351562,21.8799991607666,22.270000457763672,96292,0.0,0.0
2023-03-13 14:30:00-04:00,22.280000686645508,22.459999084472656,21.829999923706055,21.920000076293945,118330,0.0,0.0
2023-03-13 15:30:00-04:00,21.920000076293945,21.950000762939453,21.35700035095215,21.549999237060547,122472,0.0,0.0
2023-03-14 09:30:00-04:00,22.389999389648438,23.260000228881836,22.389999389648438,22.8799991607666,86962,0.0,0.0
2023-03-14 10:30:00-04:00,22.729999542236328,22.9950008392334,22.3700008392334,22.375,59490,0.0,0.0
2023-03-14 11:30:00-04:00,22.31999969482422,22.3700008392334,22.204999923706055,22.334999084472656,56613,0.0,0.0
2023-03-14 12:30:00-04:00,22.299999237060547,22.43000030517578,21.829999923706055,22.145000457763672,68030,0.0,0.0
2023-03-14 13:30:00-04:00,22.110000610351562,22.25,21.899999618530273,22.05500030517578,52464,0.0,0.0
2023-03-14 14:30:00-04:00,22.079999923706055,22.150100708007812,21.65999984741211,21.7549991607666,93175,0.0,0.0
2023-03-14 15:30:00-04:00,21.729999542236328,22.0,21.575000762939453,21.950000762939453,94017,0.0,0.0
2023-03-15 09:30:00-04:00,21.149999618530273,21.44809913635254,20.81999969482422,21.360000610351562,48762,0.0,0.0
2023-03-15 10:30:00-04:00,21.309999465942383,21.979999542236328,21.280000686645508,21.889999389648438,51815,0.0,0.0
2023-03-15 11:30:00-04:00,21.809999465942383,21.93000030517578,21.420000076293945,21.420000076293945,39036,0.0,0.0
2023-03-15 12:30:00-04:00,21.420000076293945,21.549999237060547,21.299999237060547,21.520000457763672,45111,0.0,0.0
2023-03-15 13:30:00-04:00,21.540000915527344,21.81999969482422,21.3700008392334,21.709999084472656,59820,0.0,0.0
2023-03-15 14:30:00-04:00,21.729999542236328,21.829999923706055,21.450000762939453,21.719999313354492,93159,0.0,0.0
2023-03-15 15:30:00-04:00,21.65999984741211,21.700000762939453,21.420000076293945,21.579999923706055,99227,0.0,0.0
2023-03-16 09:30:00-04:00,21.25,21.420000076293945,21.020000457763672,21.190000534057617,37889,0.0,0.0
2023-03-16 10:30:00-04:00,21.200000762939453,22.139999389648438,21.200000762939453,21.68000030517578,66972,0.0,0.0
2023-03-16 11:30:00-04:00,21.640499114990234,22.1299991607666,21.600000381469727,22.100000381469727,45909,0.0,0.0
2023-03-16 12:30:00-04:00,22.149999618530273,22.93000030517578,21.920000076293945,22.639999389648438,74568,0.0,0.0
2023-03-16 13:30:00-04:00,22.610000610351562,22.75,22.299999237060547,22.34000015258789,43704,0.0,0.0
2023-03-16 14:30:00-04:00,22.299999237060547,22.399999618530273,22.1299991607666,22.334999084472656,49273,0.0,0.0
2023-03-16 15:30:00-04:00,22.34000015258789,22.479999542236328,22.280000686645508,22.3799991607666,73191,0.0,0.0
2023-03-17 09:30:00-04:00,21.90999984741211,21.959999084472656,21.1200008392334,21.329999923706055,214940,0.0,0.0
2023-03-17 10:30:00-04:00,21.3799991607666,21.520000457763672,21.30500030517578,21.30500030517578,37741,0.0,0.0
2023-03-17 11:30:00-04:00,21.299999237060547,21.520000457763672,21.260000228881836,21.5,34137,0.0,0.0
2023-03-17 12:30:00-04:00,21.549999237060547,21.600000381469727,21.263399124145508,21.34000015258789,34083,0.0,0.0
2023-03-17 13:30:00-04:00,21.34000015258789,21.420000076293945,21.010000228881836,21.06999969482422,47186,0.0,0.0
2023-03-17 14:30:00-04:00,21.059999465942383,21.219999313354492,21.059999465942383,21.200000762939453,77069,0.0,0.0
2023-03-17 15:30:00-04:00,21.18000030517578,21.510000228881836,21.030000686645508,21.469999313354492,162897,0.0,0.0
2023-03-20 09:30:00-04:00,21.81999969482422,22.350000381469727,21.81999969482422,22.1200008392334,52671,0.0,0.0
2023-03-20 10:30:00-04:00,22.135000228881836,22.270000457763672,21.760000228881836,21.920000076293945,40033,0.0,0.0
2023-03-20 11:30:00-04:00,21.8799991607666,21.8799991607666,21.239999771118164,21.510000228881836,37450,0.0,0.0
2023-03-20 12:30:00-04:00,21.489999771118164,21.860000610351562,21.43000030517578,21.670000076293945,44311,0.0,0.0
2023-03-20 13:30:00-04:00,21.65999984741211,21.75,21.420000076293945,21.469999313354492,41855,0.0,0.0
2023-03-20 14:30:00-04:00,21.479999542236328,21.5049991607666,21.329999923706055,21.424999237060547,42699,0.0,0.0
2023-03-20 15:30:00-04:00,21.420000076293945,21.469999313354492,21.260000228881836,21.299999237060547,69756,0.0,0.0
2023-03-21 09:30:00-04:00,22.950000762939453,23.389999389648438,22.450000762939453,22.68000030517578,130738,0.0,0.0
2023-03-21 10:30:00-04:00,22.709999084472656,22.780000686645508,22.479999542236328,22.520000457763672,74643,0.0,0.0
2023-03-21 11:30:00-04:00,22.540000915527344,22.8799991607666,22.510000228881836,22.8799991607666,53217,0.0,0.0
2023-03-21 12:30:00-04:00,22.8799991607666,22.969999313354492,22.739999771118164,22.940000534057617,75996,0.0,0.0
2023-03-21 13:30:00-04:00,22.979999542236328,22.979999542236328,22.760000228881836,22.850000381469727,50580,0.0,0.0
2023-03-21 14:30:00-04:00,22.844999313354492,23.135000228881836,22.81999969482422,23.010000228881836,141763,0.0,0.0
2023-03-21 15:30:00-04:00,23.030000686645508,23.209999084472656,22.985000610351562,23.079999923706055,123936,0.0,0.0
2023-03-22 09:30:00-04:00,22.920000076293945,23.139999389648438,22.084999084472656,22.8799991607666,61883,0.0,0.0
2023-03-22 10:30:00-04:00,22.920000076293945,22.920000076293945,22.725000381469727,22.75,63632,0.0,0.0
2023-03-22 11:30:00-04:00,22.7450008392334,22.8799991607666,22.670000076293945,22.850000381469727,81150,0.0,0.0
2023-03-22 12:30:00-04:00,22.84000015258789,22.850000381469727,22.719999313354492,22.790000915527344,34022,0.0,0.0
2023-03-22 13:30:00-04:00,22.780000686645508,23.0049991607666,22.700000762939453,22.780000686645508,54931,0.0,0.0
2023-03-22 14:30:00-04:00,22.774999618530273,22.93000030517578,22.290000915527344,22.30500030517578,105272,0.0,0.0
2023-03-22 15:30:00-04:00,22.290000915527344,22.290000915527344,22.05500030517578,22.079999923706055,229712,0.0,0.0
2023-03-23 09:30:00-04:00,22.299999237060547,22.844999313354492,21.850000381469727,22.204999923706055,52307,0.0,0.0
2023-03-23 10:30:00-04:00,22.15999984741211,22.389999389648438,21.979999542236328,21.979999542236328,151771,0.0,0.0
2023-03-23 11:30:00-04:00,22.0,22.079999923706055,21.56999969482422,21.709999084472656,113668,0.0,0.0
2023-03-23 12:30:00-04:00,21.729999542236328,21.889999389648438,21.690000534057617,21.719999313354492,89830,0.0,0.0
2023-03-23 13:30:00-04:00,21.709999084472656,21.93000030517578,21.649999618530273,21.649999618530273,101597,0.0,0.0
2023-03-23 14:30:00-04:00,21.649999618530273,22.049999237060547,21.510000228881836,21.905000686645508,223713,0.0,0.0
2023-03-23 15:30:00-04:00,21.860000610351562,22.40999984741211,21.84000015258789,22.200000762939453,326037,0.0,0.0
2023-03-24 09:30:00-04:00,21.760000228881836,22.329999923706055,21.520000457763672,22.309999465942383,51310,0.0,0.0
2023-03-24 10:30:00-04:00,22.329999923706055,22.34000015258789,21.975000381469727,22.18000030517578,42071,0.0,0.0
2023-03-24 11:30:00-04:00,22.149999618530273,22.78499984741211,22.149999618530273,22.520000457763672,47695,0.0,0.0
2023-03-24 12:30:00-04:00,22.520000457763672,22.649999618530273,22.459999084472656,22.540000915527344,34899,0.0,0.0
2023-03-24 13:30:00-04:00,22.540000915527344,22.829999923706055,22.524999618530273,22.7549991607666,60873,0.0,0.0
2023-03-24 14:30:00-04:00,22.75,22.959999084472656,22.729999542236328,22.93000030517578,58591,0.0,0.0
2023-03-24 15:30:00-04:00,22.940000534057617,23.020000457763672,22.719999313354492,22.950000762939453,177500,0.0,0.0
2023-03-27 09:30:00-04:00,23.43000030517578,23.450000762939453,23.030000686645508,23.030000686645508,33576,0.0,0.0
2023-03-27 10:30:00-04:00,23.020000457763672,23.1200008392334,22.895000457763672,22.979999542236328,42929,0.0,0.0
2023-03-27 11:30:00-04:00,22.979999542236328,23.094999313354492,22.8799991607666,22.8799991607666,54401,0.0,0.0
2023-03-27 12:30:00-04:00,22.875,23.0,22.809999465942383,22.899999618530273,48926,0.0,0.0
2023-03-27 13:30:00-04:00,22.90999984741211,22.969999313354492,22.760000228881836,22.90999984741211,36975,0.0,0.0
2023-03-27 14:30:00-04:00,22.920000076293945,23.040000915527344,22.8799991607666,22.90999984741211,97099,0.0,0.0
2023-03-27 15:30:00-04:00,22.895000457763672,22.920000076293945,22.5,22.520000457763672,138745,0.0,0.0
2023-03-28 09:30:00-04:00,22.350000381469727,22.6200008392334,22.15999984741211,22.5,50603,0.0,0.0
2023-03-28 10:30:00-04:00,22.5,22.5,22.25,22.350000381469727,142705,0.0,0.0
2023-03-28 11:30:00-04:00,22.31999969482422,22.34000015258789,22.149999618530273,22.149999618530273,26602,0.0,0.0
2023-03-28 12:30:00-04:00,22.149999618530273,22.170000076293945,22.0049991607666,22.0049991607666,49237,0.0,0.0
2023-03-28 13:30:00-04:00,21.979999542236328,22.020000457763672,21.889999389648438,22.020000457763672,40225,0.0,0.0
2023-03-28 14:30:00-04:00,22.0049991607666,22.06999969482422,21.860000610351562,21.860000610351562,50043,0.0,0.0
2023-03-28 15:30:00-04:00,21.860000610351562,22.09000015258789,21.84000015258789,22.040000915527344,83947,0.0,0.0
2023-03-29 09:30:00-04:00,22.299999237060547,22.389999389648438,21.989999771118164,22.059999465942383,19532,0.0,0.0
2023-03-29 10:30:00-04:00,22.010000228881836,22.010000228881836,21.709999084472656,21.8799991607666,34161,0.0,0.0
2023-03-29 11:30:00-04:00,21.861000061035156,21.950000762939453,21.809999465942383,21.864999771118164,28518,0.0,0.0
2023-03-29 12:30:00-04:00,21.889999389648438,21.920000076293945,21.755199432373047,21.795000076293945,18105,0.0,0.0
2023-03-29 13:30:00-04:00,21.780000686645508,21.780000686645508,21.700000762939453,21.719999313354492,18229,0.0,0.0
2023-03-29 14:30:00-04:00,21.729999542236328,21.850000381469727,21.670000076293945,21.81999969482422,27213,0.0,0.0
2023-03-29 15:30:00-04:00,21.809999465942383,21.989999771118164,21.760000228881836,21.959999084472656,46811,0.0,0.0
2023-03-30 09:30:00-04:00,22.18000030517578,22.18000030517578,21.920000076293945,22.020000457763672,13342,0.0,0.0
2023-03-30 10:30:00-04:00,21.979999542236328,21.979999542236328,21.6299991607666,21.788000106811523,49821,0.0,0.0
2023-03-30 11:30:00-04:00,21.790000915527344,21.829999923706055,21.53499984741211,21.53499984741211,19507,0.0,0.0
2023-03-30 12:30:00-04:00,21.5,21.59000015258789,21.40999984741211,21.40999984741211,24673,0.0,0.0
2023-03-30 13:30:00-04:00,21.399999618530273,21.450000762939453,21.34000015258789,21.440000534057617,23842,0.0,0.0
2023-03-30 14:30:00-04:00,21.434999465942383,21.434999465942383,21.290000915527344,21.309999465942383,36681,0.0,0.0
2023-03-30 15:30:00-04:00,21.299999237060547,21.40999984741211,21.299999237060547,21.3700008392334,43957,0.0,0.0
2023-03-31 09:30:00-04:00,21.59000015258789,21.620100021362305,21.329999923706055,21.6200008392334,15003,0.0,0.0
2023-03-31 10:30:00-04:00,21.600000381469727,21.889999389648438,21.559999465942383,21.854999542236328,25015,0.0,0.0
2023-03-31 11:30:00-04:00,21.81999969482422,21.84000015258789,21.67180061340332,21.7549991607666,27650,0.0,0.0
2023-03-31 12:30:00-04:00,21.739999771118164,21.860000610351562,21.690000534057617,21.854999542236328,57746,0.0,0.0
2023-03-31 13:30:00-04:00,21.850000381469727,21.8700008392334,21.700000762939453,21.709999084472656,20572,0.0,0.0
2023-03-31 14:30:00-04:00,21.690000534057617,21.770000457763672,21.565000534057617,21.760000228881836,23296,0.0,0.0
2023-03-31 15:30:00-04:00,21.770000457763672,21.84000015258789,21.639999389648438,21.760000228881836,85781,0.0,0.0
2023-04-03 09:30:00-04:00,21.84000015258789,22.030000686645508,21.770000457763672,21.959999084472656,18789,0.0,0.0
2023-04-03 10:30:00-04:00,21.920000076293945,21.920000076293945,21.46500015258789,21.5,35880,0.0,0.0
2023-04-03 11:30:00-04:00,21.510000228881836,21.639999389648438,21.489999771118164,21.559999465942383,21830,0.0,0.0
2023-04-03 12:30:00-04:00,21.540000915527344,21.610000610351562,21.520000457763672,21.591899871826172,18599,0.0,0.0
2023-04-03 13:30:00-04:00,21.59000015258789,21.59000015258789,21.489999771118164,21.540000915527344,22638,0.0,0.0
2023-04-03 14:30:00-04:00,21.540000915527344,21.6299991607666,21.540000915527344,21.575000762939453,30838,0.0,0.0
2023-04-03 15:30:00-04:00,21.549999237060547,21.600000381469727,21.420000076293945,21.56999969482422,100686,0.0,0.0
2023-04-04 09:30:00-04:00,21.719999313354492,21.719999313354492,21.229999542236328,21.2549991607666,18572,0.0,0.0
2023-04-04 10:30:00-04:00,21.260000228881836,21.260000228881836,20.829999923706055,20.892000198364258,43369,0.0,0.0
2023-04-04 11:30:00-04:00,20.93000030517578,20.979999542236328,20.799999237060547,20.889999389648438,32348,0.0,0.0
2023-04-04 12:30:00-04:00,20.899999618530273,20.912500381469727,20.809999465942383,20.8700008392334,40900,0.0,0.0
2023-04-04 13:30:00-04:00,20.8700008392334,20.969999313354492,20.809999465942383,20.809999465942383,35035,0.0,0.0
2023-04-04 14:30:00-04:00,20.799999237060547,20.954999923706055,20.770000457763672,20.940000534057617,42649,0.0,0.0
2023-04-04 15:30:00-04:00,20.940000534057617,21.174999237060547,20.920000076293945,21.15999984741211,111486,0.0,0.0
2023-04-05 09:30:00-04:00,20.8799991607666,21.149999618530273,20.760000228881836,20.93000030517578,34390,0.0,0.0
2023-04-05 10:30:00-04:00,20.950000762939453,21.148000717163086,20.934999465942383,21.079999923706055,31553,0.0,0.0
2023-04-05 11:30:00-04:00,21.067100524902344,21.110000610351562,21.030000686645508,21.059999465942383,22618,0.0,0.0
2023-04-05 12:30:00-04:00,21.049999237060547,21.190000534057617,20.979999542236328,21.1299991607666,30335,0.0,0.0
2023-04-05 13:30:00-04:00,21.079999923706055,21.25,21.0,21.196399688720703,27244,0.0,0.0
2023-04-05 14:30:00-04:00,21.18000030517578,21.25,21.1200008392334,21.121000289916992,38327,0.0,0.0
2023-04-05 15:30:00-04:00,21.1299991607666,21.15999984741211,21.079999923706055,21.139999389648438,43557,0.0,0.0
2023-04-06 09:30:00-04:00,20.979999542236328,21.389999389648438,20.979999542236328,21.280000686645508,41006,0.0,0.0
2023-04-06 10:30:00-04:00,21.200000762939453,21.229999542236328,21.06999969482422,21.09000015258789,17493,0.0,0.0
2023-04-06 11:30:00-04:00,21.110000610351562,21.125,21.040000915527344,21.040000915527344,21264,0.0,0.0
2023-04-06 12:30:00-04:00,21.079999923706055,21.15999984741211,21.020000457763672,21.079999923706055,36825,0.0,0.0
2023-04-06 13:30:00-04:00,21.079999923706055,21.079999923706055,20.969999313354492,21.06999969482422,22646,0.0,0.0
2023-04-06 14:30:00-04:00,21.059999465942383,21.094999313354492,20.979999542236328,21.010000228881836,14403,0.0,0.0
2023-04-06 15:30:00-04:00,21.0,21.06999969482422,20.969999313354492,21.049999237060547,26435,0.0,0.0
2023-04-10 09:30:00-04:00,20.950000762939453,21.350000381469727,20.950000762939453,21.34000015258789,23754,0.0,0.0
2023-04-10 10:30:00-04:00,21.329999923706055,21.389999389648438,21.149999618530273,21.18000030517578,21228,0.0,0.0
2023-04-10 11:30:00-04:00,21.170000076293945,21.170000076293945,21.020000457763672,21.030000686645508,18759,0.0,0.0
2023-04-10 12:30:00-04:00,21.014999389648438,21.18000030517578,20.989999771118164,21.139999389648438,20369,0.0,0.0
2023-04-10 13:30:00-04:00,21.149999618530273,21.209999084472656,21.06999969482422,21.149999618530273,21916,0.0,0.0
2023-04-10 14:30:00-04:00,21.149999618530273,21.190000534057617,21.100000381469727,21.110000610351562,26465,0.0,0.0
2023-04-10 15:30:00-04:00,21.1299991607666,21.239999771118164,21.1299991607666,21.200000762939453,62947,0.0,0.0
2023-04-11 09:30:00-04:00,21.209999084472656,21.209999084472656,21.049999237060547,21.079999923706055,16764,0.0,0.0
2023-04-11 10:30:00-04:00,21.079999923706055,21.114999771118164,20.889999389648438,20.950000762939453,31129,0.0,0.0
2023-04-11 11:30:00-04:00,20.940000534057617,21.09000015258789,20.899999618530273,21.06999969482422,27841,0.0,0.0
2023-04-11 12:30:00-04:00,21.059999465942383,21.09000015258789,20.969999313354492,21.020000457763672,26666,0.0,0.0
2023-04-11 13:30:00-04:00,21.010000228881836,21.049999237060547,20.96500015258789,21.010000228881836,29874,0.0,0.0
2023-04-11 14:30:00-04:00,21.014999389648438,21.079999923706055,20.979999542236328,21.024999618530273,51448,0.0,0.0
2023-04-11 15:30:00-04:00,21.030000686645508,21.045000076293945,20.81999969482422,20.8799991607666,112984,0.0,0.0
2023-04-12 09:30:00-04:00,21.0,21.049999237060547,20.670000076293945,20.780000686645508,34084,0.0,0.0
2023-04-12 10:30:00-04:00,20.790000915527344,20.809999465942383,20.5,20.549999237060547,17587,0.0,0.0
2023-04-12 11:30:00-04:00,20.559999465942383,20.610000610351562,20.540000915527344,20.579999923706055,19438,0.0,0.0
2023-04-12 12:30:00-04:00,20.56999969482422,20.639999389648438,20.5,20.639999389648438,13449,0.0,0.0
2023-04-12 13:30:00-04:00,20.649999618530273,20.670000076293945,20.510000228881836,20.510000228881836,16724,0.0,0.0
2023-04-12 14:30:00-04:00,20.5049991607666,20.549999237060547,20.459999084472656,20.510000228881836,27312,0.0,0.0
2023-04-12 15:30:00-04:00,20.5,20.579999923706055,20.489999771118164,20.540000915527344,60023,0.0,0.0
2023-04-13 09:30:00-04:00,20.520000457763672,20.709999084472656,20.25,20.65999984741211,25446,0.0,0.0
2023-04-13 10:30:00-04:00,20.667999267578125,20.84000015258789,20.604999542236328,20.770000457763672,30940,0.0,0.0
2023-04-13 11:30:00-04:00,20.770000457763672,20.8799991607666,20.770000457763672,20.828899383544922,24141,0.0,0.0
2023-04-13 12:30:00-04:00,20.84000015258789,20.90999984741211,20.84000015258789,20.889999389648438,19615,0.0,0.0
2023-04-13 13:30:00-04:00,20.8700008392334,20.899999618530273,20.739999771118164,20.829999923706055,15942,0.0,0.0
2023-04-13 14:30:00-04:00,20.84000015258789,20.989999771118164,20.81999969482422,20.90999984741211,32048,0.0,0.0
2023-04-13 15:30:00-04:00,20.915000915527344,20.920000076293945,20.829999923706055,20.84000015258789,59417,0.0,0.0
2023-04-14 09:30:00-04:00,21.09000015258789,21.309999465942383,20.850000381469727,20.90999984741211,35066,0.0,0.0
2023-04-14 10:30:00-04:00,20.920000076293945,20.93000030517578,20.6200008392334,20.639999389648438,39287,0.0,0.0
2023-04-14 11:30:00-04:00,20.6299991607666,20.649999618530273,20.454999923706055,20.514999389648438,23410,0.0,0.0
2023-04-14 12:30:00-04:00,20.510000228881836,20.600000381469727,20.459999084472656,20.489999771118164,22339,0.0,0.0
2023-04-14 13:30:00-04:00,20.469999313354492,20.469999313354492,20.354999542236328,20.43000030517578,21178,0.0,0.0
2023-04-14 14:30:00-04:00,20.459999084472656,20.4950008392334,20.360000610351562,20.399999618530273,29631,0.0,0.0
2023-04-14 15:30:00-04:00,20.420000076293945,20.489999771118164,20.34000015258789,20.469999313354492,55700,0.0,0.0
2023-04-17 09:30:00-04:00,20.360000610351562,20.780000686645508,20.280000686645508,20.399999618530273,16242,0.0,0.0
2023-04-17 10:30:00-04:00,20.43000030517578,20.59000015258789,20.3799991607666,20.540000915527344,18958,0.0,0.0
2023-04-17 11:30:00-04:00,20.579999923706055,20.59000015258789,20.479999542236328,20.549999237060547,21033,0.0,0.0
2023-04-17 12:30:00-04:00,20.579999923706055,20.709999084472656,20.579999923706055,20.625,33125,0.0,0.0
2023-04-17 13:30:00-04:00,20.625,20.739999771118164,20.610000610351562,20.690000534057617,31458,0.0,0.0
2023-04-17 14:30:00-04:00,20.709999084472656,20.860000610351562,20.700000762939453,20.84000015258789,39732,0.0,0.0
2023-04-17 15:30:00-04:00,20.834999084472656,20.8799991607666,20.739999771118164,20.850000381469727,71037,0.0,0.0
2023-04-18 09:30:00-04:00,20.850000381469727,20.850000381469727,20.329999923706055,20.3700008392334,23863,0.0,0.0
2023-04-18 10:30:00-04:00,20.329999923706055,20.420000076293945,20.25,20.354999542236328,36628,0.0,0.0
2023-04-18 11:30:00-04:00,20.329999923706055,20.40999984741211,20.31999969482422,20.389999389648438,22906,0.0,0.0
2023-04-18 12:30:00-04:00,20.3799991607666,20.46500015258789,20.364999771118164,20.3799991607666,21867,0.0,0.0
2023-04-18 13:30:00-04:00,20.3799991607666,20.459999084472656,20.3700008392334,20.44930076599121,27087,0.0,0.0
2023-04-18 14:30:00-04:00,20.43000030517578,20.43000030517578,20.329999923706055,20.3799991607666,26018,0.0,0.0
2023-04-18 15:30:00-04:00,20.3700008392334,20.469999313354492,20.360000610351562,20.43000030517578,51457,0.0,0.0
2023-04-19 09:30:00-04:00,20.530000686645508,20.782499313354492,20.360000610351562,20.711999893188477,18015,0.0,0.0
2023-04-19 10:30:00-04:00,20.65999984741211,20.790000915527344,20.639999389648438,20.67930030822754,15174,0.0,0.0
2023-04-19 11:30:00-04:00,20.600000381469727,20.700000762939453,20.600000381469727,20.670000076293945,15836,0.0,0.0
2023-04-19 12:30:00-04:00,20.649999618530273,20.81999969482422,20.639999389648438,20.790000915527344,15309,0.0,0.0
2023-04-19 13:30:00-04:00,20.790000915527344,21.010000228881836,20.770000457763672,20.979999542236328,37661,0.0,0.0
2023-04-19 14:30:00-04:00,20.979999542236328,20.989999771118164,20.8799991607666,20.979999542236328,21161,0.0,0.0
2023-04-19 15:30:00-04:00,20.975000381469727,20.975000381469727,20.850000381469727,20.8799991607666,38375,0.0,0.0
2023-04-20 09:30:00-04:00,20.65999984741211,20.90290069580078,20.549999237060547,20.739999771118164,30858,0.0,0.0
2023-04-20 10:30:00-04:00,20.75,20.75,20.5,20.5,20160,0.0,0.0
2023-04-20 11:30:00-04:00,20.469999313354492,20.530000686645508,20.350000381469727,20.469999313354492,25238,0.0,0.0
2023-04-20 12:30:00-04:00,20.459999084472656,20.56999969482422,20.3799991607666,20.489999771118164,20986,0.0,0.0
2023-04-20 13:30:00-04:00,20.524999618530273,20.6200008392334,20.5,20.604999542236328,18720,0.0,0.0
2023-04-20 14:30:00-04:00,20.579999923706055,20.6200008392334,20.540000915527344,20.59000015258789,25810,0.0,0.0
2023-04-20 15:30:00-04:00,20.59000015258789,20.690000534057617,20.59000015258789,20.670000076293945,55955,0.0,0.0
2023-04-21 09:30:00-04:00,20.3799991607666,20.860000610351562,20.112600326538086,20.799999237060547,63729,0.0,0.0
2023-04-21 10:30:00-04:00,20.829999923706055,20.860000610351562,20.6200008392334,20.6200008392334,19715,0.0,0.0
2023-04-21 11:30:00-04:00,20.65999984741211,20.729999542236328,20.639999389648438,20.649999618530273,15077,0.0,0.0
2023-04-21 12:30:00-04:00,20.649999618530273,20.670000076293945,20.59000015258789,20.59000015258789,10525,0.0,0.0
2023-04-21 13:30:00-04:00,20.59000015258789,20.690000534057617,20.520000457763672,20.520000457763672,43101,0.0,0.0
2023-04-21 14:30:00-04:00,20.520000457763672,20.540000915527344,20.454999923706055,20.489999771118164,40446,0.0,0.0
2023-04-21 15:30:00-04:00,20.469999313354492,20.719999313354492,20.459999084472656,20.690000534057617,69337,0.0,0.0
2023-04-24 09:30:00-04:00,20.700000762939453,20.885000228881836,20.700000762939453,20.81999969482422,28283,0.0,0.0
2023-04-24 10:30:00-04:00,20.8700008392334,20.8700008392334,20.59000015258789,20.6299991607666,27700,0.0,0.0
2023-04-24 11:30:00-04:00,20.649999618530273,20.649999618530273,20.510000228881836,20.610000610351562,21642,0.0,0.0
2023-04-24 12:30:00-04:00,20.56999969482422,20.610000610351562,20.5,20.520000457763672,21623,0.0,0.0
2023-04-24 13:30:00-04:00,20.520000457763672,20.549999237060547,20.389999389648438,20.420000076293945,41006,0.0,0.0
2023-04-24 14:30:00-04:00,20.40999984741211,20.530000686645508,20.40999984741211,20.530000686645508,25886,0.0,0.0
2023-04-24 15:30:00-04:00,20.524999618530273,20.59000015258789,20.485000610351562,20.56999969482422,60885,0.0,0.0
2023-04-25 09:30:00-04:00,20.34000015258789,20.43000030517578,20.149999618530273,20.209999084472656,23951,0.0,0.0
2023-04-25 10:30:00-04:00,20.19499969482422,20.239999771118164,20.100000381469727,20.209999084472656,20793,0.0,0.0
2023-04-25 11:30:00-04:00,20.209999084472656,20.270000457763672,20.209999084472656,20.270000457763672,8159,0.0,0.0
2023-04-25 12:30:00-04:00,20.22800064086914,20.22800064086914,20.030000686645508,20.190000534057617,46461,0.0,0.0
2023-04-25 13:30:00-04:00,20.18000030517578,20.219900131225586,20.040000915527344,20.190000534057617,28578,0.0,0.0
2023-04-25 14:30:00-04:00,20.21500015258789,20.219999313354492,19.950000762939453,19.950000762939453,24023,0.0,0.0
2023-04-25 15:30:00-04:00,19.936599731445312,19.979999542236328,19.850000381469727,19.969999313354492,59471,0.0,0.0
2023-04-26 09:30:00-04:00,19.950000762939453,20.260000228881836,19.8799991607666,19.892499923706055,20481,0.0,0.0
2023-04-26 10:30:00-04:00,19.920000076293945,20.100000381469727,19.920000076293945,20.049999237060547,20127,0.0,0.0
2023-04-26 11:30:00-04:00,20.049999237060547,20.219999313354492,20.010000228881836,20.09000015258789,12409,0.0,0.0
2023-04-26 12:30:00-04:00,20.066299438476562,20.09000015258789,19.989999771118164,20.010000228881836,12750,0.0,0.0
2023-04-26 13:30:00-04:00,20.049999237060547,20.059999465942383,19.8799991607666,19.959999084472656,20082,0.0,0.0
2023-04-26 14:30:00-04:00,19.959999084472656,19.959999084472656,19.719999313354492,19.829999923706055,57031,0.0,0.0
2023-04-26 15:30:00-04:00,19.850000381469727,19.989999771118164,19.809999465942383,19.950000762939453,50845,0.0,0.0
2023-04-27 09:30:00-04:00,20.06999969482422,20.350000381469727,20.06999969482422,20.209999084472656,31258,0.0,0.0
2023-04-27 10:30:00-04:00,20.239999771118164,20.260000228881836,20.09000015258789,20.260000228881836,20009,0.0,0.0
2023-04-27 11:30:00-04:00,20.274999618530273,20.479999542236328,20.25,20.395000457763672,20331,0.0,0.0
2023-04-27 12:30:00-04:00,20.40250015258789,20.40250015258789,20.31999969482422,20.3700008392334,15426,0.0,0.0
2023-04-27 13:30:00-04:00,20.350000381469727,20.479999542236328,20.34000015258789,20.475000381469727,21688,0.0,0.0
2023-04-27 14:30:00-04:00,20.489999771118164,20.5,20.420000076293945,20.46500015258789,35159,0.0,0.0
2023-04-27 15:30:00-04:00,20.454999923706055,20.479999542236328,20.41200065612793,20.475000381469727,49963,0.0,0.0
2023-04-28 09:30:00-04:00,20.40999984741211,20.75,20.40999984741211,20.709999084472656,20900,0.0,0.0
2023-04-28 10:30:00-04:00,20.65999984741211,20.829999923706055,20.579999923706055,20.790000915527344,36183,0.0,0.0
2023-04-28 11:30:00-04:00,20.760000228881836,20.850000381469727,20.719999313354492,20.7450008392334,36604,0.0,0.0
2023-04-28 12:30:00-04:00,20.7549991607666,20.780000686645508,20.709999084472656,20.729999542236328,21077,0.0,0.0
2023-04-28 13:30:00-04:00,20.729999542236328,20.729999542236328,20.6200008392334,20.6200008392334,33540,0.0,0.0
2023-04-28 14:30:00-04:00,20.6200008392334,20.670000076293945,20.579999923706055,20.639999389648438,36030,0.0,0.0
2023-04-28 15:30:00-04:00,20.639999389648438,20.719999313354492,20.59000015258789,20.700000762939453,94863,0.0,0.0
2023-05-01 09:30:00-04:00,20.639999389648438,20.920000076293945,20.420000076293945,20.75,36815,0.0,0.0
2023-05-01 10:30:00-04:00,20.770000457763672,20.889999389648438,20.56999969482422,20.56999969482422,18987,0.0,0.0
2023-05-01 11:30:00-04:00,20.56999969482422,20.729999542236328,20.489999771118164,20.719999313354492,12709,0.0,0.0
2023-05-01 12:30:00-04:00,20.719999313354492,20.739999771118164,20.46500015258789,20.46500015258789,10416,0.0,0.0
2023-05-01 13:30:00-04:00,20.440000534057617,20.59000015258789,20.3700008392334,20.469999313354492,17395,0.0,0.0
2023-05-01 14:30:00-04:00,20.475000381469727,20.530000686645508,20.31999969482422,20.34000015258789,28018,0.0,0.0
2023-05-01 15:30:00-04:00,20.350000381469727,20.459999084472656,20.299999237060547,20.420000076293945,46471,0.0,0.0
2023-05-02 09:30:00-04:00,20.34000015258789,20.34000015258789,19.6299991607666,19.68000030517578,38981,0.0,0.0
2023-05-02 10:30:00-04:00,19.59000015258789,19.68000030517578,19.270000457763672,19.469999313354492,52660,0.0,0.0
2023-05-02 11:30:00-04:00,19.450000762939453,19.610000610351562,19.3700008392334,19.5,30097,0.0,0.0
2023-05-02 12:30:00-04:00,19.510000228881836,19.530000686645508,19.364999771118164,19.459999084472656,28083,0.0,0.0
2023-05-02 13:30:00-04:00,19.459999084472656,19.700000762939453,19.459999084472656,19.584999084472656,20800,0.0,0.0
2023-05-02 14:30:00-04:00,19.56999969482422,19.68000030517578,19.489999771118164,19.579999923706055,31861,0.0,0.0
2023-05-02 15:30:00-04:00,19.575000762939453,19.575000762939453,19.420000076293945,19.5,52238,0.0,0.0
2023-05-03 09:30:00-04:00,19.479999542236328,20.044300079345703,19.479999542236328,19.950000762939453,31390,0.0,0.0
2023-05-03 10:30:00-04:00,19.899999618530273,19.934999465942383,19.579999923706055,19.719999313354492,15977,0.0,0.0
2023-05-03 11:30:00-04:00,19.739999771118164,19.889999389648438,19.690000534057617,19.875,15007,0.0,0.0
2023-05-03 12:30:00-04:00,19.8799991607666,20.010000228881836,19.84000015258789,20.010000228881836,19153,0.0,0.0
2023-05-03 13:30:00-04:00,19.989999771118164,20.15999984741211,19.8799991607666,19.940000534057617,20826,0.0,0.0
2023-05-03 14:30:00-04:00,19.920000076293945,20.110000610351562,19.59000015258789,19.6299991607666,48595,0.0,0.0
2023-05-03 15:30:00-04:00,19.6299991607666,19.68000030517578,19.350000381469727,19.415000915527344,86688,0.0,0.0
2023-05-04 09:30:00-04:00,19.219999313354492,19.3700008392334,18.399999618530273,18.530000686645508,47538,0.0,0.0
2023-05-04 10:30:00-04:00,18.450000762939453,19.239999771118164,18.3799991607666,18.829999923706055,57996,0.0,0.0
2023-05-04 11:30:00-04:00,18.90999984741211,19.139999389648438,18.66010093688965,19.06999969482422,30854,0.0,0.0
2023-05-04 12:30:00-04:00,19.030000686645508,19.06999969482422,18.799999237060547,18.979999542236328,24205,0.0,0.0
2023-05-04 13:30:00-04:00,19.010000228881836,19.06999969482422,18.899999618530273,18.993200302124023,19249,0.0,0.0
2023-05-04 14:30:00-04:00,18.959999084472656,19.139999389648438,18.902000427246094,19.059999465942383,26054,0.0,0.0
2023-05-04 15:30:00-04:00,19.010000228881836,19.110000610351562,18.8700008392334,18.959999084472656,33437,0.0,0.0
2023-05-05 09:30:00-04:00,19.700000762939453,19.90999984741211,19.270000457763672,19.530000686645508,28411,0.0,0.0
2023-05-05 10:30:00-04:00,19.549999237060547,19.65999984741211,19.3799991607666,19.540000915527344,25578,0.0,0.0
2023-05-05 11:30:00-04:00,19.58989906311035,19.739999771118164,19.53499984741211,19.6200008392334,20492,0.0,0.0
2023-05-05 12:30:00-04:00,19.59000015258789,19.6200008392334,19.3799991607666,19.420000076293945,26897,0.0,0.0
2023-05-05 13:30:00-04:00,19.415000915527344,19.459999084472656,19.31999969482422,19.389999389648438,22946,0.0,0.0
2023-05-05 14:30:00-04:00,19.350000381469727,19.690000534057617,19.350000381469727,19.53499984741211,33161,0.0,0.0
2023-05-05 15:30:00-04:00,19.549999237060547,19.690000534057617,19.540000915527344,19.6299991607666,69333,0.0,0.0
2023-05-08 09:30:00-04:00,19.889999389648438,19.889999389648438,19.18000030517578,19.18000030517578,31849,0.0,0.0
2023-05-08 10:30:00-04:00,19.239999771118164,19.389999389648438,19.190000534057617,19.200000762939453,19698,0.0,0.0
2023-05-08 11:30:00-04:00,19.163000106811523,19.25,19.104999542236328,19.149999618530273,19347,0.0,0.0
2023-05-08 12:30:00-04:00,19.160999298095703,19.160999298095703,18.984500885009766,18.989999771118164,19483,0.0,0.0
2023-05-08 13:30:00-04:00,19.0,19.190000534057617,18.989999771118164,19.165000915527344,21434,0.0,0.0
2023-05-08 14:30:00-04:00,19.165000915527344,19.165000915527344,18.989999771118164,18.989999771118164,27176,0.0,0.0
2023-05-08 15:30:00-04:00,18.979999542236328,19.020000457763672,18.8799991607666,18.90999984741211,66599,0.0,0.0
2023-05-09 09:30:00-04:00,18.829999923706055,19.079999923706055,18.579999923706055,18.719999313354492,16231,0.0,0.0
2023-05-09 10:30:00-04:00,18.68000030517578,18.78499984741211,18.639999389648438,18.65999984741211,16885,0.0,0.0
2023-05-09 11:30:00-04:00,18.655000686645508,18.655000686645508,18.5,18.594999313354492,12607,0.0,0.0
2023-05-09 12:30:00-04:00,18.610000610351562,18.700000762939453,18.540000915527344,18.600000381469727,14805,0.0,0.0
2023-05-09 13:30:00-04:00,18.649999618530273,18.8799991607666,18.649999618530273,18.780000686645508,11494,0.0,0.0
2023-05-09 14:30:00-04:00,18.80500030517578,18.860000610351562,18.75,18.760000228881836,16088,0.0,0.0
2023-05-09 15:30:00-04:00,18.790000915527344,18.790000915527344,18.684999465942383,18.739999771118164,31545,0.0,0.0
2023-05-10 09:30:00-04:00,19.049999237060547,19.049999237060547,18.6200008392334,18.649999618530273,38789,0.0,0.0
2023-05-10 10:30:00-04:00,18.625,18.709999084472656,18.540000915527344,18.649999618530273,11577,0.0,0.0
2023-05-10 11:30:00-04:00,18.639999389648438,18.690000534057617,18.59000015258789,18.639999389648438,10683,0.0,0.0
2023-05-10 12:30:00-04:00,18.6200008392334,18.6200008392334,18.469999313354492,18.479999542236328,11450,0.0,0.0
2023-05-10 13:30:00-04:00,18.510000228881836,18.579999923706055,18.469999313354492,18.56999969482422,12759,0.0,0.0
2023-05-10 14:30:00-04:00,18.579999923706055,18.639999389648438,18.510000228881836,18.610000610351562,11593,0.0,0.0
2023-05-10 15:30:00-04:00,18.6200008392334,18.739999771118164,18.6200008392334,18.690000534057617,30667,0.0,0.0
2023-05-11 09:30:00-04:00,18.399999618530273,18.64900016784668,18.288700103759766,18.288700103759766,8544,0.0,0.0
2023-05-11 10:30:00-04:00,18.309999465942383,18.399999618530273,18.170000076293945,18.34000015258789,13072,0.0,0.0
2023-05-11 11:30:00-04:00,18.3799991607666,18.518999099731445,18.3799991607666,18.415000915527344,18209,0.0,0.0
2023-05-11 12:30:00-04:00,18.391000747680664,18.399999618530273,18.209999084472656,18.290000915527344,26237,0.0,0.0
2023-05-11 13:30:00-04:00,18.295000076293945,18.31999969482422,18.18000030517578,18.25,21480,0.0,0.0
2023-05-11 14:30:00-04:00,18.260000228881836,18.274999618530273,18.18000030517578,18.18000030517578,21262,0.0,0.0
2023-05-11 15:30:00-04:00,18.18000030517578,18.209999084472656,18.1299991607666,18.170000076293945,46652,0.0,0.0
2023-05-12 09:30:00-04:00,18.290000915527344,18.3700008392334,18.079999923706055,18.079999923706055,18261,0.0,0.0
2023-05-12 10:30:00-04:00,18.079999923706055,18.184999465942383,18.040000915527344,18.1200008392334,16943,0.0,0.0
2023-05-12 11:30:00-04:00,18.1200008392334,18.1299991607666,18.0,18.0,11989,0.0,0.0
2023-05-12 12:30:00-04:00,17.994600296020508,18.079999923706055,17.989999771118164,18.06089973449707,10480,0.0,0.0
2023-05-12 13:30:00-04:00,18.1200008392334,18.149999618530273,18.020000457763672,18.07900047302246,13113,0.0,0.0
2023-05-12 14:30:00-04:00,18.06999969482422,18.170000076293945,18.010000228881836,18.170000076293945,14224,0.0,0.0
2023-05-12 15:30:00-04:00,18.170000076293945,18.309999465942383,18.139999389648438,18.290000915527344,36744,0.0,0.0
2023-05-15 09:30:00-04:00,18.280000686645508,18.690000534057617,18.280000686645508,18.514999389648438,14388,0.0,0.0
2023-05-15 10:30:00-04:00,18.55500030517578,18.75,18.55500030517578,18.709999084472656,10273,0.0,0.0
2023-05-15 11:30:00-04:00,18.709999084472656,18.709999084472656,18.520000457763672,18.610000610351562,9958,0.0,0.0
2023-05-15 12:30:00-04:00,18.579999923706055,18.799999237060547,18.540000915527344,18.700000762939453,11770,0.0,0.0
2023-05-15 13:30:00-04:00,18.690000534057617,18.719999313354492,18.55970001220703,18.565000534057617,8795,0.0,0.0
2023-05-15 14:30:00-04:00,18.579999923706055,18.690000534057617,18.559999465942383,18.6200008392334,19164,0.0,0.0
2023-05-15 15:30:00-04:00,18.6200008392334,18.649999618530273,18.56999969482422,18.6200008392334,29013,0.0,0.0
2023-05-16 09:30:00-04:00,18.510000228881836,18.760000228881836,18.420000076293945,18.56999969482422,20787,0.0,0.0
2023-05-16 10:30:00-04:00,18.610000610351562,18.719999313354492,18.530000686645508,18.530000686645508,19338,0.0,0.0
2023-05-16 11:30:00-04:00,18.549999237060547,18.6200008392334,18.5,18.56999969482422,19498,0.0,0.0
2023-05-16 12:30:00-04:00,18.59000015258789,18.64699935913086,18.540000915527344,18.540000915527344,9409,0.0,0.0
2023-05-16 13:30:00-04:00,18.520000457763672,18.579999923706055,18.479999542236328,18.56999969482422,12939,0.0,0.0
2023-05-16 14:30:00-04:00,18.530000686645508,18.56999969482422,18.489999771118164,18.5,21941,0.0,0.0
2023-05-16 15:30:00-04:00,18.479999542236328,18.479999542236328,18.270000457763672,18.280000686645508,33817,0.0,0.0
2023-05-17 09:30:00-04:00,18.6200008392334,18.860000610351562,18.43000030517578,18.860000610351562,21114,0.0,0.0
2023-05-17 10:30:00-04:00,18.860000610351562,19.21500015258789,18.829999923706055,19.15999984741211,26651,0.0,0.0
2023-05-17 11:30:00-04:00,19.149999618530273,19.34000015258789,19.149999618530273,19.34000015258789,31994,0.0,0.0
2023-05-17 12:30:00-04:00,19.389999389648438,19.639999389648438,19.360000610351562,19.530000686645508,30121,0.0,0.0
2023-05-17 13:30:00-04:00,19.49489974975586,19.639999389648438,19.432100296020508,19.459999084472656,41217,0.0,0.0
2023-05-17 14:30:00-04:00,19.46500015258789,19.610000610351562,19.40999984741211,19.56999969482422,37453,0.0,0.0
2023-05-17 15:30:00-04:00,19.56999969482422,19.690000534057617,19.540000915527344,19.549999237060547,81273,0.0,0.0
2023-05-18 09:30:00-04:00,19.530000686645508,19.679100036621094,19.3700008392334,19.665000915527344,25343,0.0,0.0
2023-05-18 10:30:00-04:00,19.65999984741211,19.65999984741211,19.401399612426758,19.469999313354492,19183,0.0,0.0
2023-05-18 11:30:00-04:00,19.5,19.530000686645508,19.30500030517578,19.329999923706055,42240,0.0,0.0
2023-05-18 12:30:00-04:00,19.350000381469727,19.469999313354492,19.329999923706055,19.344999313354492,23116,0.0,0.0
2023-05-18 13:30:00-04:00,19.329999923706055,19.446800231933594,19.290000915527344,19.446800231933594,21468,0.0,0.0
2023-05-18 14:30:00-04:00,19.450000762939453,19.450000762939453,19.350000381469727,19.3700008392334,32939,0.0,0.0
2023-05-18 15:30:00-04:00,19.389999389648438,19.56999969482422,19.389999389648438,19.5,45929,0.0,0.0
2023-05-19 09:30:00-04:00,19.770000457763672,19.770000457763672,19.450000762939453,19.4950008392334,49453,0.0,0.0
2023-05-19 10:30:00-04:00,19.5049991607666,19.539899826049805,19.030000686645508,19.1200008392334,13395,0.0,0.0
2023-05-19 11:30:00-04:00,19.100000381469727,19.100000381469727,18.889999389648438,19.0,20635,0.0,0.0
2023-05-19 12:30:00-04:00,19.010000228881836,19.010000228881836,18.889999389648438,18.940000534057617,25092,0.0,0.0
2023-05-19 13:30:00-04:00,18.969999313354492,18.989999771118164,18.850000381469727,18.93000030517578,23277,0.0,0.0
2023-05-19 14:30:00-04:00,18.850000381469727,18.940000534057617,18.829999923706055,18.860000610351562,18087,0.0,0.0
2023-05-19 15:30:00-04:00,18.8700008392334,19.030000686645508,18.8700008392334,19.010000228881836,29329,0.0,0.0
2023-05-22 09:30:00-04:00,19.170000076293945,19.790000915527344,18.899999618530273,19.18000030517578,22430,0.0,0.0
2023-05-22 10:30:00-04:00,19.225000381469727,19.34000015258789,19.190000534057617,19.34000015258789,16260,0.0,0.0
2023-05-22 11:30:00-04:00,19.360000610351562,19.645200729370117,19.33009910583496,19.600000381469727,21309,0.0,0.0
2023-05-22 12:30:00-04:00,19.6299991607666,19.6299991607666,19.5049991607666,19.559999465942383,23265,0.0,0.0
2023-05-22 13:30:00-04:00,19.559999465942383,19.670000076293945,19.530000686645508,19.649999618530273,20187,0.0,0.0
2023-05-22 14:30:00-04:00,19.65999984741211,19.739999771118164,19.649999618530273,19.68000030517578,23463,0.0,0.0
2023-05-22 15:30:00-04:00,19.690000534057617,19.690000534057617,19.59000015258789,19.649999618530273,37228,0.0,0.0
2023-05-23 09:30:00-04:00,19.65999984741211,19.920000076293945,19.520000457763672,19.90999984741211,29613,0.0,0.0
2023-05-23 10:30:00-04:00,19.940000534057617,20.239999771118164,19.920000076293945,20.219999313354492,30560,0.0,0.0
2023-05-23 11:30:00-04:00,20.25,20.368900299072266,20.1200008392334,20.149999618530273,26573,0.0,0.0
2023-05-23 12:30:00-04:00,20.149999618530273,20.241100311279297,20.06999969482422,20.155000686645508,18632,0.0,0.0
2023-05-23 13:30:00-04:00,20.06999969482422,20.229999542236328,20.010000228881836,20.040000915527344,16942,0.0,0.0
2023-05-23 14:30:00-04:00,20.045000076293945,20.149999618530273,20.020000457763672,20.079999923706055,23060,0.0,0.0
2023-05-23 15:30:00-04:00,20.06999969482422,20.079999923706055,19.84000015258789,19.860000610351562,37375,0.0,0.0
2023-05-24 09:30:00-04:00,19.75,19.829999923706055,19.549999237060547,19.600000381469727,13702,0.0,0.0
2023-05-24 10:30:00-04:00,19.649999618530273,19.709999084472656,19.520000457763672,19.700000762939453,11935,0.0,0.0
2023-05-24 11:30:00-04:00,19.594999313354492,19.6200008392334,19.53499984741211,19.610000610351562,7935,0.0,0.0
2023-05-24 12:30:00-04:00,19.607999801635742,19.690000534057617,19.450000762939453,19.670000076293945,20838,0.0,0.0
2023-05-24 13:30:00-04:00,19.670000076293945,19.700000762939453,19.649999618530273,19.670000076293945,14038,0.0,0.0
2023-05-24 14:30:00-04:00,19.690000534057617,19.760000228881836,19.674999237060547,19.729999542236328,17471,0.0,0.0
2023-05-24 15:30:00-04:00,19.739999771118164,19.899999618530273,19.739999771118164,19.8700008392334,80446,0.0,0.0
2023-05-25 09:30:00-04:00,19.719999313354492,19.90999984741211,19.709999084472656,19.850000381469727,26851,0.0,0.0
2023-05-25 10:30:00-04:00,19.829999923706055,19.829999923706055,19.469999313354492,19.510000228881836,25404,0.0,0.0
2023-05-25 11:30:00-04:00,19.530000686645508,19.600000381469727,19.389999389648438,19.545000076293945,23517,0.0,0.0
2023-05-25 12:30:00-04:00,19.549999237060547,19.559999465942383,19.454999923706055,19.549999237060547,11027,0.0,0.0
2023-05-25 13:30:00-04:00,19.575000762939453,19.6200008392334,19.515399932861328,19.600000381469727,10983,0.0,0.0
2023-05-25 14:30:00-04:00,19.549999237060547,19.559999465942383,19.489999771118164,19.559999465942383,14931,0.0,0.0
2023-05-25 15:30:00-04:00,19.549999237060547,19.600000381469727,19.5,19.549999237060547,28713,0.0,0.0
2023-05-26 09:30:00-04:00,19.540000915527344,19.540000915527344,19.190000534057617,19.469999313354492,17197,0.0,0.0
2023-05-26 10:30:00-04:00,19.510000228881836,19.56999969482422,19.434999465942383,19.434999465942383,8029,0.0,0.0
2023-05-26 11:30:00-04:00,19.440000534057617,19.665000915527344,19.433900833129883,19.65999984741211,15236,0.0,0.0
2023-05-26 12:30:00-04:00,19.649999618530273,19.649999618530273,19.420000076293945,19.479999542236328,12789,0.0,0.0
2023-05-26 13:30:00-04:00,19.5,19.538999557495117,19.450000762939453,19.5049991607666,10498,0.0,0.0
2023-05-26 14:30:00-04:00,19.5049991607666,19.575000762939453,19.5049991607666,19.540000915527344,16445,0.0,0.0
2023-05-26 15:30:00-04:00,19.540000915527344,19.700000762939453,19.540000915527344,19.65999984741211,26764,0.0,0.0
2023-05-30 09:30:00-04:00,19.639999389648438,19.75,19.280000686645508,19.5,22439,0.0,0.0
2023-05-30 10:30:00-04:00,19.530000686645508,19.56999969482422,19.34000015258789,19.36750030517578,20694,0.0,0.0
2023-05-30 11:30:00-04:00,19.34000015258789,19.5,19.34000015258789,19.5,13152,0.0,0.0
2023-05-30 12:30:00-04:00,19.514999389648438,19.530000686645508,19.40999984741211,19.469999313354492,20050,0.0,0.0
2023-05-30 13:30:00-04:00,19.479999542236328,19.53499984741211,19.440000534057617,19.53499984741211,17517,0.0,0.0
2023-05-30 14:30:00-04:00,19.53499984741211,19.610000610351562,19.524999618530273,19.600000381469727,18852,0.0,0.0
2023-05-30 15:30:00-04:00,19.6200008392334,19.719999313354492,19.610000610351562,19.719999313354492,31240,0.0,0.0
2023-05-31 09:30:00-04:00,19.360000610351562,19.364999771118164,19.020000457763672,19.020000457763672,18029,0.0,0.0
2023-05-31 10:30:00-04:00,18.959999084472656,18.959999084472656,18.65999984741211,18.899999618530273,57974,0.0,0.0
2023-05-31 11:30:00-04:00,18.8799991607666,18.93000030517578,18.815000534057617,18.8700008392334,13524,0.0,0.0
2023-05-31 12:30:00-04:00,18.8700008392334,18.959999084472656,18.799999237060547,18.8799991607666,13550,0.0,0.0
2023-05-31 13:30:00-04:00,18.899999618530273,19.010000228881836,18.860000610351562,18.989999771118164,11495,0.0,0.0
2023-05-31 14:30:00-04:00,18.979999542236328,19.031999588012695,18.889999389648438,18.979999542236328,21254,0.0,0.0
2023-05-31 15:30:00-04:00,18.979999542236328,19.049999237060547,18.940000534057617,18.950000762939453,41189,0.0,0.0
2023-06-01 09:30:00-04:00,19.059999465942383,19.260000228881836,18.8799991607666,19.260000228881836,14119,0.0,0.0
2023-06-01 10:30:00-04:00,19.270000457763672,19.5,19.219999313354492,19.489999771118164,25109,0.0,0.0
2023-06-01 11:30:00-04:00,19.5,19.6299991607666,19.485000610351562,19.59000015258789,13615,0.0,0.0
2023-06-01 12:30:00-04:00,19.604999542236328,19.6200008392334,19.489999771118164,19.540000915527344,16825,0.0,0.0
2023-06-01 13:30:00-04:00,19.559999465942383,19.65999984741211,19.510000228881836,19.614999771118164,21139,0.0,0.0
2023-06-01 14:30:00-04:00,19.610000610351562,19.610000610351562,19.540000915527344,19.56999969482422,14319,0.0,0.0
2023-06-01 15:30:00-04:00,19.565000534057617,19.56999969482422,19.43000030517578,19.489999771118164,53490,0.0,0.0
2023-06-02 09:30:00-04:00,19.84000015258789,19.985000610351562,19.700000762939453,19.985000610351562,22846,0.0,0.0
2023-06-02 10:30:00-04:00,20.059999465942383,20.31999969482422,20.049999237060547,20.309999465942383,29936,0.0,0.0
2023-06-02 11:30:00-04:00,20.315000534057617,20.329999923706055,20.19499969482422,20.325000762939453,16450,0.0,0.0
2023-06-02 12:30:00-04:00,20.299999237060547,20.56999969482422,20.299999237060547,20.56999969482422,36974,0.0,0.0
2023-06-02 13:30:00-04:00,20.56999969482422,20.68000030517578,20.530000686645508,20.639999389648438,26983,0.0,0.0
2023-06-02 14:30:00-04:00,20.6299991607666,20.889999389648438,20.625,20.860000610351562,31504,0.0,0.0
2023-06-02 15:30:00-04:00,20.864999771118164,20.979999542236328,20.850000381469727,20.8700008392334,82806,0.0,0.0
2023-06-05 09:30:00-04:00,20.729999542236328,20.790000915527344,19.899999618530273,20.0,57550,0.0,0.0
2023-06-05 10:30:00-04:00,20.020000457763672,20.334999084472656,20.020000457763672,20.309999465942383,23680,0.0,0.0
2023-06-05 11:30:00-04:00,20.299999237060547,20.40999984741211,20.299999237060547,20.389999389648438,19081,0.0,0.0
2023-06-05 12:30:00-04:00,20.389999389648438,20.420000076293945,20.299999237060547,20.329999923706055,24500,0.0,0.0
2023-06-05 13:30:00-04:00,20.329999923706055,20.34000015258789,20.18000030517578,20.239999771118164,22548,0.0,0.0
2023-06-05 14:30:00-04:00,20.209999084472656,20.239999771118164,20.1299991607666,20.18000030517578,28118,0.0,0.0
2023-06-05 15:30:00-04:00,20.165000915527344,20.270000457763672,20.1200008392334,20.170000076293945,51933,0.0,0.0
2023-06-06 09:30:00-04:00,20.200000762939453,21.100000381469727,20.010000228881836,21.05500030517578,45050,0.0,0.0
2023-06-06 10:30:00-04:00,21.065000534057617,21.540000915527344,21.010000228881836,21.389999389648438,37564,0.0,0.0
2023-06-06 11:30:00-04:00,21.3700008392334,21.690000534057617,21.360000610351562,21.46500015258789,38583,0.0,0.0
2023-06-06 12:30:00-04:00,21.469999313354492,21.530000686645508,21.219999313354492,21.290000915527344,21636,0.0,0.0
2023-06-06 13:30:00-04:00,21.315000534057617,21.34000015258789,21.170000076293945,21.34000015258789,26094,0.0,0.0
2023-06-06 14:30:00-04:00,21.31999969482422,21.389999389648438,21.25,21.34000015258789,43256,0.0,0.0
2023-06-06 15:30:00-04:00,21.3799991607666,21.5,21.31999969482422,21.360000610351562,85927,0.0,0.0
2023-06-07 09:30:00-04:00,21.670000076293945,22.040000915527344,21.43000030517578,21.90999984741211,51030,0.0,0.0
2023-06-07 10:30:00-04:00,21.959999084472656,22.280000686645508,21.8700008392334,22.219999313354492,49374,0.0,0.0
2023-06-07 11:30:00-04:00,22.25,22.290000915527344,22.079999923706055,22.260000228881836,30576,0.0,0.0
2023-06-07 12:30:00-04:00,22.280000686645508,22.389999389648438,22.190000534057617,22.360000610351562,22853,0.0,0.0
2023-06-07 13:30:00-04:00,22.3700008392334,22.5,22.290000915527344,22.479999542236328,32871,0.0,0.0
2023-06-07 14:30:00-04:00,22.510000228881836,22.68000030517578,22.459999084472656,22.5,57006,0.0,0.0
2023-06-07 15:30:00-04:00,22.510000228881836,22.579999923706055,22.239999771118164,22.299999237060547,119177,0.0,0.0
2023-06-08 09:30:00-04:00,22.18000030517578,22.309999465942383,21.649999618530273,21.799999237060547,24301,0.0,0.0
2023-06-08 10:30:00-04:00,21.760000228881836,21.84000015258789,21.670000076293945,21.829999923706055,21316,0.0,0.0
2023-06-08 11:30:00-04:00,21.889999389648438,21.969999313354492,21.809999465942383,21.969999313354492,19236,0.0,0.0
2023-06-08 12:30:00-04:00,21.950000762939453,22.09000015258789,21.889999389648438,22.09000015258789,15558,0.0,0.0
2023-06-08 13:30:00-04:00,22.114999771118164,22.170000076293945,22.079999923706055,22.170000076293945,13281,0.0,0.0
2023-06-08 14:30:00-04:00,22.190000534057617,22.219999313354492,22.100000381469727,22.110000610351562,23062,0.0,0.0
2023-06-08 15:30:00-04:00,22.100000381469727,22.117000579833984,22.020000457763672,22.059999465942383,44794,0.0,0.0
2023-06-09 09:30:00-04:00,22.010000228881836,22.049999237060547,21.739999771118164,22.0,14680,0.0,0.0
2023-06-09 10:30:00-04:00,21.989999771118164,22.059999465942383,21.864999771118164,21.864999771118164,23932,0.0,0.0
2023-06-09 11:30:00-04:00,21.829999923706055,21.8700008392334,21.770000457763672,21.860000610351562,15074,0.0,0.0
2023-06-09 12:30:00-04:00,21.8799991607666,21.8799991607666,21.760000228881836,21.81999969482422,11778,0.0,0.0
2023-06-09 13:30:00-04:00,21.81999969482422,21.84000015258789,21.739999771118164,21.799999237060547,21026,0.0,0.0
2023-06-09 14:30:00-04:00,21.75,21.81999969482422,21.700000762939453,21.719999313354492,24798,0.0,0.0
2023-06-09 15:30:00-04:00,21.719999313354492,21.780000686645508,21.670000076293945,21.780000686645508,47332,0.0,0.0
2023-06-12 09:30:00-04:00,21.790000915527344,22.049999237060547,21.600000381469727,21.889999389648438,42189,0.0,0.0
2023-06-12 10:30:00-04:00,21.75,21.81999969482422,21.59000015258789,21.604999542236328,28405,0.0,0.0
2023-06-12 11:30:00-04:00,21.5,21.55500030517578,21.350000381469727,21.5,24773,0.0,0.0
2023-06-12 12:30:00-04:00,21.469999313354492,21.489999771118164,21.309999465942383,21.34000015258789,15409,0.0,0.0
2023-06-12 13:30:00-04:00,21.309999465942383,21.51259994506836,21.280000686645508,21.51259994506836,19333,0.0,0.0
2023-06-12 14:30:00-04:00,21.514999389648438,21.559999465942383,21.424999237060547,21.530000686645508,27962,0.0,0.0
2023-06-12 15:30:00-04:00,21.530000686645508,21.566699981689453,21.399999618530273,21.489999771118164,44027,0.0,0.0
2023-06-13 09:30:00-04:00,21.540000915527344,22.190000534057617,21.422399520874023,22.1299991607666,28465,0.0,0.0
2023-06-13 10:30:00-04:00,22.190000534057617,22.200000762939453,21.82390022277832,21.90999984741211,28976,0.0,0.0
2023-06-13 11:30:00-04:00,21.969999313354492,22.100000381469727,21.875,22.065000534057617,21929,0.0,0.0
2023-06-13 12:30:00-04:00,22.059999465942383,22.06999969482422,21.989999771118164,22.020000457763672,20087,0.0,0.0
2023-06-13 13:30:00-04:00,22.020000457763672,22.100000381469727,21.969999313354492,22.079999923706055,21578,0.0,0.0
2023-06-13 14:30:00-04:00,22.072799682617188,22.200000762939453,22.040000915527344,22.110000610351562,26611,0.0,0.0
2023-06-13 15:30:00-04:00,22.1299991607666,22.190000534057617,22.06999969482422,22.1299991607666,52094,0.0,0.0
2023-06-14 09:30:00-04:00,22.06999969482422,22.2450008392334,21.8700008392334,21.924999237060547,19822,0.0,0.0
2023-06-14 10:30:00-04:00,22.0,22.040000915527344,21.850000381469727,21.969999313354492,19383,0.0,0.0
2023-06-14 11:30:00-04:00,21.940000534057617,22.239999771118164,21.940000534057617,22.09000015258789,24186,0.0,0.0
2023-06-14 12:30:00-04:00,22.079999923706055,22.079999923706055,21.950000762939453,21.975000381469727,12526,0.0,0.0
2023-06-14 13:30:00-04:00,21.979999542236328,22.099000930786133,21.450000762939453,21.5049991607666,36196,0.0,0.0
2023-06-14 14:30:00-04:00,21.559999465942383,21.799999237060547,21.55500030517578,21.68000030517578,42396,0.0,0.0
2023-06-14 15:30:00-04:00,21.700000762939453,21.72249984741211,21.469999313354492,21.56999969482422,74476,0.0,0.0
2023-06-15 09:30:00-04:00,21.469999313354492,21.969999313354492,21.469999313354492,21.809999465942383,38387,0.0,0.0
2023-06-15 10:30:00-04:00,21.809999465942383,21.860000610351562,21.639999389648438,21.860000610351562,23081,0.0,0.0
2023-06-15 11:30:00-04:00,21.850000381469727,21.889999389648438,21.639999389648438,21.649999618530273,19122,0.0,0.0
2023-06-15 12:30:00-04:00,21.649999618530273,21.729999542236328,21.579999923706055,21.610000610351562,18174,0.0,0.0
2023-06-15 13:30:00-04:00,21.610000610351562,21.75,21.584999084472656,21.690000534057617,22149,0.0,0.0
2023-06-15 14:30:00-04:00,21.719999313354492,21.8700008392334,21.71500015258789,21.799999237060547,21084,0.0,0.0
2023-06-15 15:30:00-04:00,21.809999465942383,21.920000076293945,21.780000686645508,21.860000610351562,58008,0.0,0.0
2023-06-16 09:30:00-04:00,21.969999313354492,21.969999313354492,21.43000030517578,21.56999969482422,160499,0.0,0.0
2023-06-16 10:30:00-04:00,21.520000457763672,21.690000534057617,21.440000534057617,21.575000762939453,38487,0.0,0.0
2023-06-16 11:30:00-04:00,21.6200008392334,21.68000030517578,21.510000228881836,21.649999618530273,33901,0.0,0.0
2023-06-16 12:30:00-04:00,21.645000457763672,21.719999313354492,21.645000457763672,21.68000030517578,29738,0.0,0.0
2023-06-16 13:30:00-04:00,21.65999984741211,21.65999984741211,21.579999923706055,21.639999389648438,32269,0.0,0.0
2023-06-16 14:30:00-04:00,21.635000228881836,21.719999313354492,21.610000610351562,21.649999618530273,53993,0.0,0.0
2023-06-16 15:30:00-04:00,21.649999618530273,21.809999465942383,21.6299991607666,21.739999771118164,70807,0.0,0.0
2023-06-20 09:30:00-04:00,21.649999618530273,21.7450008392334,21.440000534057617,21.6200008392334,33976,0.0,0.0
2023-06-20 10:30:00-04:00,21.604999542236328,21.739999771118164,21.56999969482422,21.56999969482422,23480,0.0,0.0
2023-06-20 11:30:00-04:00,21.559999465942383,21.649999618530273,21.510000228881836,21.530000686645508,19747,0.0,0.0
2023-06-20 12:30:00-04:00,21.510000228881836,21.674999237060547,21.493000030517578,21.610000610351562,22196,0.0,0.0
2023-06-20 13:30:00-04:00,21.584999084472656,21.625,21.559999465942383,21.579999923706055,19220,0.0,0.0
2023-06-20 14:30:00-04:00,21.579999923706055,21.719999313354492,21.549999237060547,21.719999313354492,37752,0.0,0.0
2023-06-20 15:30:00-04:00,21.719999313354492,21.809999465942383,21.670000076293945,21.809999465942383,62238,0.0,0.0
2023-06-21 09:30:00-04:00,21.690000534057617,21.84000015258789,21.51099967956543,21.71500015258789,51951,0.0,0.0
2023-06-21 10:30:00-04:00,21.75,21.8700008392334,21.690000534057617,21.739999771118164,33150,0.0,0.0
2023-06-21 11:30:00-04:00,21.780000686645508,21.780000686645508,21.709999084472656,21.760000228881836,28527,0.0,0.0
2023-06-21 12:30:00-04:00,21.75,21.7549991607666,21.450000762939453,21.649999618530273,42593,0.0,0.0
2023-06-21 13:30:00-04:00,21.665000915527344,21.764999389648438,21.65999984741211,21.760000228881836,22627,0.0,0.0
2023-06-21 14:30:00-04:00,21.760000228881836,21.770000457763672,21.610000610351562,21.614999771118164,24752,0.0,0.0
2023-06-21 15:30:00-04:00,21.6299991607666,21.6299991607666,21.360000610351562,21.389999389648438,64793,0.0,0.0
2023-06-22 09:30:00-04:00,21.25,21.25,20.729999542236328,20.950000762939453,36779,0.0,0.0
2023-06-22 10:30:00-04:00,20.93000030517578,20.93000030517578,20.469999313354492,20.540000915527344,31906,0.0,0.0
2023-06-22 11:30:00-04:00,20.56999969482422,20.700000762939453,20.56999969482422,20.670000076293945,12918,0.0,0.0
2023-06-22 12:30:00-04:00,20.68000030517578,20.780000686645508,20.6299991607666,20.780000686645508,13834,0.0,0.0
2023-06-22 13:30:00-04:00,20.719999313354492,20.809999465942383,20.65999984741211,20.809999465942383,17851,0.0,0.0
2023-06-22 14:30:00-04:00,20.790000915527344,20.81999969482422,20.6200008392334,20.6299991607666,28003,0.0,0.0
2023-06-22 15:30:00-04:00,20.639999389648438,20.65999984741211,20.59000015258789,20.649999618530273,45755,0.0,0.0
2023-06-23 09:30:00-04:00,20.34000015258789,20.719999313354492,20.09469985961914,20.479999542236328,16628,0.0,0.0
2023-06-23 10:30:00-04:00,20.510000228881836,20.530000686645508,20.389999389648438,20.43000030517578,30253,0.0,0.0
2023-06-23 11:30:00-04:00,20.420000076293945,20.440000534057617,20.329999923706055,20.440000534057617,23640,0.0,0.0
2023-06-23 12:30:00-04:00,20.459999084472656,20.469999313354492,20.3700008392334,20.469999313354492,15959,0.0,0.0
2023-06-23 13:30:00-04:00,20.450000762939453,20.469999313354492,20.290000915527344,20.290000915527344,31756,0.0,0.0
2023-06-23 14:30:00-04:00,20.290000915527344,20.299999237060547,20.1200008392334,20.170000076293945,51193,0.0,0.0
2023-06-23 15:30:00-04:00,20.15999984741211,20.459999084472656,20.079999923706055,20.3700008392334,153152,0.0,0.0
2023-06-26 09:30:00-04:00,20.459999084472656,20.950000762939453,20.459999084472656,20.579999923706055,26321,0.0,0.0
2023-06-26 10:30:00-04:00,20.520000457763672,20.700000762939453,20.42300033569336,20.68000030517578,21016,0.0,0.0
2023-06-26 11:30:00-04:00,20.670000076293945,20.780000686645508,20.614999771118164,20.6299991607666,16367,0.0,0.0
2023-06-26 12:30:00-04:00,20.639999389648438,20.68000030517578,20.610000610351562,20.649999618530273,13343,0.0,0.0
2023-06-26 13:30:00-04:00,20.639999389648438,20.709999084472656,20.610000610351562,20.639999389648438,15106,0.0,0.0
2023-06-26 14:30:00-04:00,20.65999984741211,20.65999984741211,20.59000015258789,20.600000381469727,16819,0.0,0.0
2023-06-26 15:30:00-04:00,20.594999313354492,20.610000610351562,20.43000030517578,20.469999313354492,37671,0.0,0.0
2023-06-27 09:30:00-04:00,20.459999084472656,20.6299991607666,20.209999084472656,20.6299991607666,17852,0.0,0.0
2023-06-27 10:30:00-04:00,20.68000030517578,20.760000228881836,20.610000610351562,20.639999389648438,24011,0.0,0.0
2023-06-27 11:30:00-04:00,20.610000610351562,20.690000534057617,20.56999969482422,20.649999618530273,13432,0.0,0.0
2023-06-27 12:30:00-04:00,20.6200008392334,20.795000076293945,20.600000381469727,20.780000686645508,19381,0.0,0.0
2023-06-27 13:30:00-04:00,20.770000457763672,20.799999237060547,20.719999313354492,20.75,14297,0.0,0.0
2023-06-27 14:30:00-04:00,20.75,20.75,20.610000610351562,20.639999389648438,19573,0.0,0.0
2023-06-27 15:30:00-04:00,20.635000228881836,20.704999923706055,20.530000686645508,20.559999465942383,53234,0.0,0.0
2023-06-28 09:30:00-04:00,20.489999771118164,20.489999771118164,20.229999542236328,20.360000610351562,22043,0.0,0.0
2023-06-28 10:30:00-04:00,20.309999465942383,20.43000030517578,20.2450008392334,20.43000030517578,16184,0.0,0.0
2023-06-28 11:30:00-04:00,20.469999313354492,20.549999237060547,20.459999084472656,20.489999771118164,12695,0.0,0.0
2023-06-28 12:30:00-04:00,20.489999771118164,20.53499984741211,20.399999618530273,20.43000030517578,19976,0.0,0.0
2023-06-28 13:30:00-04:00,20.440000534057617,20.520000457763672,20.415000915527344,20.514999389648438,15631,0.0,0.0
2023-06-28 14:30:00-04:00,20.514999389648438,20.600000381469727,20.489999771118164,20.600000381469727,19795,0.0,0.0
2023-06-28 15:30:00-04:00,20.594999313354492,20.635000228881836,20.549999237060547,20.59000015258789,60977,0.0,0.0
2023-06-29 09:30:00-04:00,20.780000686645508,21.1200008392334,20.670000076293945,20.950000762939453,20502,0.0,0.0
2023-06-29 10:30:00-04:00,20.997499465942383,21.010000228881836,20.809999465942383,20.829999923706055,15712,0.0,0.0
2023-06-29 11:30:00-04:00,20.84000015258789,20.950000762939453,20.792999267578125,20.93000030517578,10122,0.0,0.0
2023-06-29 12:30:00-04:00,20.93000030517578,20.959999084472656,20.84000015258789,20.8799991607666,10932,0.0,0.0
2023-06-29 13:30:00-04:00,20.93000030517578,20.950000762939453,20.770000457763672,20.899999618530273,9678,0.0,0.0
2023-06-29 14:30:00-04:00,20.889999389648438,20.889999389648438,20.825000762939453,20.84000015258789,18619,0.0,0.0
2023-06-29 15:30:00-04:00,20.834999084472656,20.889999389648438,20.809999465942383,20.850000381469727,28973,0.0,0.0
2023-06-30 09:30:00-04:00,21.059999465942383,21.389999389648438,20.670000076293945,20.81999969482422,24636,0.0,0.0
2023-06-30 10:30:00-04:00,20.799999237060547,20.799999237060547,20.56999969482422,20.670000076293945,12856,0.0,0.0
2023-06-30 11:30:00-04:00,20.649999618530273,20.704999923706055,20.639999389648438,20.700000762939453,10072,0.0,0.0
2023-06-30 12:30:00-04:00,20.690000534057617,20.75,20.6200008392334,20.6200008392334,9637,0.0,0.0
2023-06-30 13:30:00-04:00,20.6299991607666,20.68000030517578,20.6299991607666,20.670000076293945,8959,0.0,0.0
2023-06-30 14:30:00-04:00,20.670000076293945,20.704999923706055,20.559999465942383,20.594999313354492,16029,0.0,0.0
2023-06-30 15:30:00-04:00,20.610000610351562,20.610000610351562,20.43000030517578,20.43000030517578,50193,0.0,0.0
2023-07-03 09:30:00-04:00,20.420000076293945,20.950000762939453,20.40999984741211,20.850000381469727,14424,0.0,0.0
2023-07-03 10:30:00-04:00,20.850000381469727,20.854000091552734,20.649999618530273,20.729999542236328,17546,0.0,0.0
2023-07-03 11:30:00-04:00,20.729999542236328,20.799999237060547,20.700000762939453,20.704999923706055,16321,0.0,0.0
2023-07-05 09:30:00-04:00,20.510000228881836,20.600000381469727,20.31999969482422,20.40999984741211,17521,0.0,0.0
2023-07-05 10:30:00-04:00,20.43000030517578,20.549999237060547,20.34000015258789,20.549999237060547,17752,0.0,0.0
2023-07-05 11:30:00-04:00,20.549999237060547,20.639999389648438,20.549999237060547,20.549999237060547,12505,0.0,0.0
2023-07-05 12:30:00-04:00,20.540000915527344,20.56999969482422,20.4950008392334,20.530000686645508,11508,0.0,0.0
2023-07-05 13:30:00-04:00,20.524999618530273,20.610000610351562,20.5,20.56999969482422,17658,0.0,0.0
2023-07-05 14:30:00-04:00,20.59000015258789,20.61370086669922,20.489999771118164,20.520000457763672,23456,0.0,0.0
2023-07-05 15:30:00-04:00,20.510000228881836,20.510000228881836,20.3799991607666,20.389999389648438,29716,0.0,0.0
2023-07-06 09:30:00-04:00,20.1200008392334,20.190000534057617,19.81999969482422,19.8700008392334,51982,0.0,0.0
2023-07-06 10:30:00-04:00,19.799999237060547,19.889999389648438,19.78499984741211,19.850000381469727,28710,0.0,0.0
2023-07-06 11:30:00-04:00,19.844999313354492,19.959999084472656,19.844999313354492,19.8700008392334,12033,0.0,0.0
2023-07-06 12:30:00-04:00,19.889999389648438,20.010000228881836,19.889999389648438,20.010000228881836,11426,0.0,0.0
2023-07-06 13:30:00-04:00,20.010000228881836,20.079999923706055,19.9950008392334,20.049999237060547,12378,0.0,0.0
2023-07-06 14:30:00-04:00,20.049999237060547,20.110000610351562,20.030000686645508,20.049999237060547,17089,0.0,0.0
2023-07-06 15:30:00-04:00,20.030000686645508,20.1200008392334,19.979999542236328,20.09000015258789,47482,0.0,0.0
2023-07-07 09:30:00-04:00,20.100000381469727,20.479999542236328,20.100000381469727,20.3700008392334,17200,0.0,0.0
2023-07-07 10:30:00-04:00,20.354999542236328,20.65999984741211,20.329999923706055,20.649999618530273,26677,0.0,0.0
2023-07-07 11:30:00-04:00,20.649999618530273,20.670000076293945,20.469999313354492,20.510000228881836,19230,0.0,0.0
2023-07-07 12:30:00-04:00,20.551799774169922,20.75,20.520000457763672,20.719999313354492,22888,0.0,0.0
2023-07-07 13:30:00-04:00,20.700000762939453,20.729999542236328,20.59000015258789,20.71500015258789,23639,0.0,0.0
2023-07-07 14:30:00-04:00,20.709999084472656,20.709999084472656,20.6200008392334,20.645000457763672,17670,0.0,0.0
2023-07-07 15:30:00-04:00,20.645000457763672,20.670000076293945,20.540000915527344,20.559999465942383,41193,0.0,0.0
2023-07-10 09:30:00-04:00,21.459999084472656,22.040000915527344,21.31999969482422,21.655000686645508,124052,0.0,0.0
2023-07-10 10:30:00-04:00,21.655000686645508,21.934999465942383,21.479999542236328,21.56999969482422,54050,0.0,0.0
2023-07-10 11:30:00-04:00,21.549999237060547,21.65999984741211,21.540000915527344,21.540000915527344,21017,0.0,0.0
2023-07-10 12:30:00-04:00,21.55500030517578,21.55500030517578,21.43000030517578,21.459999084472656,24270,0.0,0.0
2023-07-10 13:30:00-04:00,21.459999084472656,21.5,21.400100708007812,21.48699951171875,17906,0.0,0.0
2023-07-10 14:30:00-04:00,21.489999771118164,21.489999771118164,21.3799991607666,21.3799991607666,34703,0.0,0.0
2023-07-10 15:30:00-04:00,21.3700008392334,21.540000915527344,21.329999923706055,21.520000457763672,76390,0.0,0.0
2023-07-11 09:30:00-04:00,21.579999923706055,21.69499969482422,21.2632999420166,21.678300857543945,22369,0.0,0.0
2023-07-11 10:30:00-04:00,21.56999969482422,21.56999969482422,21.3700008392334,21.43000030517578,17982,0.0,0.0
2023-07-11 11:30:00-04:00,21.399999618530273,21.485000610351562,21.299999237060547,21.402999877929688,23585,0.0,0.0
2023-07-11 12:30:00-04:00,21.399999618530273,21.43000030517578,21.350000381469727,21.40999984741211,14976,0.0,0.0
2023-07-11 13:30:00-04:00,21.399999618530273,21.40999984741211,21.34000015258789,21.40999984741211,35146,0.0,0.0
2023-07-11 14:30:00-04:00,21.43000030517578,21.450000762939453,21.360000610351562,21.42099952697754,29880,0.0,0.0
2023-07-11 15:30:00-04:00,21.40999984741211,21.489999771118164,21.389999389648438,21.459999084472656,68257,0.0,0.0
2023-07-12 09:30:00-04:00,21.950000762939453,22.18000030517578,21.65999984741211,21.770000457763672,53131,0.0,0.0
2023-07-12 10:30:00-04:00,21.84000015258789,22.020000457763672,21.84000015258789,21.959999084472656,18491,0.0,0.0
2023-07-12 11:30:00-04:00,21.989999771118164,22.0,21.81999969482422,21.875,16176,0.0,0.0
2023-07-12 12:30:00-04:00,21.8700008392334,21.950000762939453,21.8700008392334,21.920000076293945,15276,0.0,0.0
2023-07-12 13:30:00-04:00,21.905000686645508,21.969999313354492,21.875,21.915000915527344,23760,0.0,0.0
2023-07-12 14:30:00-04:00,21.899999618530273,21.969999313354492,21.780000686645508,21.790000915527344,31751,0.0,0.0
2023-07-12 15:30:00-04:00,21.790000915527344,21.8799991607666,21.739999771118164,21.809999465942383,74874,0.0,0.0
2023-07-13 09:30:00-04:00,21.8700008392334,22.190000534057617,21.829999923706055,22.15999984741211,19321,0.0,0.0
2023-07-13 10:30:00-04:00,22.219999313354492,22.255300521850586,22.040000915527344,22.04800033569336,13299,0.0,0.0
2023-07-13 11:30:00-04:00,22.038400650024414,22.040000915527344,21.950000762939453,21.969999313354492,9538,0.0,0.0
2023-07-13 12:30:00-04:00,21.950000762939453,21.969999313354492,21.887500762939453,21.887500762939453,7868,0.0,0.0
2023-07-13 13:30:00-04:00,21.90999984741211,21.989999771118164,21.860000610351562,21.969999313354492,10619,0.0,0.0
2023-07-13 14:30:00-04:00,21.969999313354492,22.04990005493164,21.950000762939453,22.014999389648438,16102,0.0,0.0
2023-07-13 15:30:00-04:00,22.040000915527344,22.100000381469727,22.010000228881836,22.059999465942383,41933,0.0,0.0
2023-07-14 09:30:00-04:00,22.190000534057617,22.270000457763672,21.68000030517578,21.719999313354492,29608,0.0,0.0
2023-07-14 10:30:00-04:00,21.735000610351562,21.760000228881836,21.56999969482422,21.729999542236328,18841,0.0,0.0
2023-07-14 11:30:00-04:00,21.7549991607666,21.760000228881836,21.665000915527344,21.700000762939453,11284,0.0,0.0
2023-07-14 12:30:00-04:00,21.700000762939453,21.850000381469727,21.700000762939453,21.829999923706055,21648,0.0,0.0
2023-07-14 13:30:00-04:00,21.850000381469727,21.8700008392334,21.809999465942383,21.8700008392334,11067,0.0,0.0
2023-07-14 14:30:00-04:00,21.8700008392334,21.950000762939453,21.850000381469727,21.93000030517578,14006,0.0,0.0
2023-07-14 15:30:00-04:00,21.93000030517578,21.93000030517578,21.854999542236328,21.899999618530273,36708,0.0,0.0
2023-07-17 09:30:00-04:00,21.799999237060547,22.108999252319336,21.799999237060547,22.075000762939453,17400,0.0,0.0
2023-07-17 10:30:00-04:00,22.09000015258789,22.280000686645508,22.06999969482422,22.235000610351562,12179,0.0,0.0
2023-07-17 11:30:00-04:00,22.239999771118164,22.399999618530273,22.229999542236328,22.360000610351562,19614,0.0,0.0
2023-07-17 12:30:00-04:00,22.34000015258789,22.3799991607666,22.31999969482422,22.3799991607666,8915,0.0,0.0
2023-07-17 13:30:00-04:00,22.3700008392334,22.540000915527344,22.36829948425293,22.520000457763672,16280,0.0,0.0
2023-07-17 14:30:00-04:00,22.51650047302246,22.530000686645508,22.360000610351562,22.3700008392334,19848,0.0,0.0
2023-07-17 15:30:00-04:00,22.3700008392334,22.40999984741211,22.290000915527344,22.34000015258789,59236,0.0,0.0
2023-07-18 09:30:00-04:00,22.34000015258789,23.079999923706055,22.34000015258789,22.959999084472656,54083,0.0,0.0
2023-07-18 10:30:00-04:00,22.920000076293945,23.170000076293945,22.7947998046875,23.170000076293945,34948,0.0,0.0
2023-07-18 11:30:00-04:00,23.1200008392334,23.190000534057617,23.010000228881836,23.170000076293945,17576,0.0,0.0
2023-07-18 12:30:00-04:00,23.170000076293945,23.209999084472656,23.100000381469727,23.100000381469727,16800,0.0,0.0
2023-07-18 13:30:00-04:00,23.09000015258789,23.09000015258789,22.979999542236328,23.040000915527344,37045,0.0,0.0
2023-07-18 14:30:00-04:00,23.049999237060547,23.1299991607666,23.014999389648438,23.094999313354492,45291,0.0,0.0
2023-07-18 15:30:00-04:00,23.09000015258789,23.127700805664062,23.020000457763672,23.040000915527344,80482,0.0,0.0
2023-07-19 09:30:00-04:00,23.15999984741211,23.530000686645508,23.010000228881836,23.485000610351562,25082,0.0,0.0
2023-07-19 10:30:00-04:00,23.450000762939453,23.479999542236328,23.299999237060547,23.3700008392334,27297,0.0,0.0
2023-07-19 11:30:00-04:00,23.40999984741211,23.670000076293945,23.399999618530273,23.620100021362305,37855,0.0,0.0
2023-07-19 12:30:00-04:00,23.59000015258789,23.719999313354492,23.489999771118164,23.719999313354492,30442,0.0,0.0
2023-07-19 13:30:00-04:00,23.709999084472656,23.829999923706055,23.68000030517578,23.81999969482422,55133,0.0,0.0
2023-07-19 14:30:00-04:00,23.860000610351562,23.989999771118164,23.829999923706055,23.959999084472656,60021,0.0,0.0
2023-07-19 15:30:00-04:00,23.940000534057617,24.040000915527344,23.915000915527344,24.020000457763672,110534,0.0,0.0
2023-07-20 09:30:00-04:00,23.979999542236328,24.0,23.34000015258789,23.385000228881836,45506,0.0,0.0
2023-07-20 10:30:00-04:00,23.43000030517578,23.729999542236328,23.420000076293945,23.6299991607666,34767,0.0,0.0
2023-07-20 11:30:00-04:00,23.655000686645508,23.889999389648438,23.655000686645508,23.834999084472656,26125,0.0,0.0
2023-07-20 12:30:00-04:00,23.84000015258789,23.84000015258789,23.68000030517578,23.68000030517578,32480,0.0,0.0
2023-07-20 13:30:00-04:00,23.709999084472656,23.90999984741211,23.692100524902344,23.850000381469727,34073,0.0,0.0
2023-07-20 14:30:00-04:00,23.858200073242188,23.959999084472656,23.780000686645508,23.790000915527344,32747,0.0,0.0
2023-07-20 15:30:00-04:00,23.790000915527344,23.889999389648438,23.690000534057617,23.8700008392334,77932,0.0,0.0
2023-07-21 09:30:00-04:00,24.989999771118164,24.989999771118164,22.649999618530273,22.690000534057617,106748,0.0,0.0
2023-07-21 10:30:00-04:00,22.670000076293945,22.760000228881836,22.510000228881836,22.709999084472656,29544,0.0,0.0
2023-07-21 11:30:00-04:00,22.739999771118164,22.989999771118164,22.540000915527344,22.600000381469727,25859,0.0,0.0
2023-07-21 12:30:00-04:00,22.600000381469727,22.65999984741211,22.530000686645508,22.610000610351562,17461,0.0,0.0
2023-07-21 13:30:00-04:00,22.610000610351562,22.809999465942383,22.600000381469727,22.700000762939453,19351,0.0,0.0
2023-07-21 14:30:00-04:00,22.700000762939453,22.81999969482422,22.510000228881836,22.645000457763672,48490,0.0,0.0
2023-07-21 15:30:00-04:00,22.65999984741211,22.7450008392334,22.611000061035156,22.719999313354492,88463,0.0,0.0
2023-07-24 09:30:00-04:00,22.6200008392334,23.1200008392334,22.616500854492188,22.760000228881836,24476,0.0,0.0
2023-07-24 10:30:00-04:00,22.760000228881836,22.989999771118164,22.75,22.969999313354492,27350,0.0,0.0
2023-07-24 11:30:00-04:00,22.93000030517578,23.059999465942383,22.780000686645508,23.040000915527344,25569,0.0,0.0
2023-07-24 12:30:00-04:00,23.05500030517578,23.100000381469727,23.0049991607666,23.049999237060547,19716,0.0,0.0
2023-07-24 13:30:00-04:00,23.079999923706055,23.105899810791016,22.959999084472656,22.959999084472656,22481,0.0,0.0
2023-07-24 14:30:00-04:00,22.959999084472656,22.959999084472656,22.81999969482422,22.850000381469727,30027,0.0,0.0
2023-07-24 15:30:00-04:00,22.860000610351562,22.979999542236328,22.829999923706055,22.969999313354492,49990,0.0,0.0
2023-07-25 09:30:00-04:00,22.719999313354492,23.059999465942383,22.719999313354492,23.059999465942383,38910,0.0,0.0
2023-07-25 10:30:00-04:00,23.040000915527344,23.15999984741211,22.976600646972656,23.079999923706055,28685,0.0,0.0
2023-07-25 11:30:00-04:00,23.06999969482422,23.09000015258789,22.924999237060547,22.924999237060547,19237,0.0,0.0
2023-07-25 12:30:00-04:00,22.950000762939453,23.139999389648438,22.950000762939453,23.100000381469727,14088,0.0,0.0
2023-07-25 13:30:00-04:00,23.139999389648438,23.260000228881836,23.110000610351562,23.260000228881836,10230,0.0,0.0
2023-07-25 14:30:00-04:00,23.260000228881836,23.309999465942383,22.790000915527344,22.8700008392334,42697,0.0,0.0
2023-07-25 15:30:00-04:00,22.899999618530273,22.959999084472656,22.780000686645508,22.809999465942383,43679,0.0,0.0
2023-07-26 09:30:00-04:00,23.1299991607666,23.510000228881836,23.1299991607666,23.3799991607666,19712,0.0,0.0
2023-07-26 10:30:00-04:00,23.309999465942383,23.450000762939453,23.229999542236328,23.31999969482422,14179,0.0,0.0
2023-07-26 11:30:00-04:00,23.315000534057617,23.540000915527344,23.308700561523438,23.5,13017,0.0,0.0
2023-07-26 12:30:00-04:00,23.537500381469727,23.579999923706055,23.510000228881836,23.579999923706055,12047,0.0,0.0
2023-07-26 13:30:00-04:00,23.56999969482422,23.56999969482422,23.469999313354492,23.510000228881836,12702,0.0,0.0
2023-07-26 14:30:00-04:00,23.489999771118164,23.790000915527344,23.459999084472656,23.600000381469727,31558,0.0,0.0
2023-07-26 15:30:00-04:00,23.579999923706055,23.582700729370117,23.485000610351562,23.520000457763672,44396,0.0,0.0
2023-07-27 09:30:00-04:00,23.649999618530273,23.649999618530273,23.350000381469727,23.434999465942383,18656,0.0,0.0
2023-07-27 10:30:00-04:00,23.420000076293945,23.514999389648438,23.170000076293945,23.239999771118164,43890,0.0,0.0
2023-07-27 11:30:00-04:00,23.235000610351562,23.235000610351562,22.969999313354492,23.1200008392334,37095,0.0,0.0
2023-07-27 12:30:00-04:00,23.09000015258789,23.18000030517578,22.934999465942383,22.979999542236328,32327,0.0,0.0
2023-07-27 13:30:00-04:00,23.0,23.059999465942383,22.899999618530273,22.940000534057617,58790,0.0,0.0
2023-07-27 14:30:00-04:00,22.959999084472656,23.020000457763672,22.81999969482422,22.81999969482422,43159,0.0,0.0
2023-07-27 15:30:00-04:00,22.815000534057617,23.0,22.815000534057617,22.979999542236328,108564,0.0,0.0
2023-07-28 09:30:00-04:00,23.260000228881836,23.420000076293945,23.010000228881836,23.25,56484,0.0,0.0
2023-07-28 10:30:00-04:00,23.2549991607666,23.295000076293945,23.149999618530273,23.200000762939453,20960,0.0,0.0
2023-07-28 11:30:00-04:00,23.149999618530273,23.18000030517578,23.020000457763672,23.15999984741211,17346,0.0,0.0
2023-07-28 12:30:00-04:00,23.15999984741211,23.184999465942383,23.020000457763672,23.049999237060547,14276,0.0,0.0
2023-07-28 13:30:00-04:00,23.030000686645508,23.040000915527344,22.940000534057617,23.0,18799,0.0,0.0
2023-07-28 14:30:00-04:00,23.0,23.049999237060547,22.959999084472656,22.959999084472656,31831,0.0,0.0
2023-07-28 15:30:00-04:00,22.959999084472656,23.049999237060547,22.950000762939453,23.049999237060547,50369,0.0,0.0
2023-07-31 09:30:00-04:00,23.100000381469727,23.239999771118164,23.072999954223633,23.174999237060547,16734,0.0,0.0
2023-07-31 10:30:00-04:00,23.100000381469727,23.100000381469727,22.905000686645508,23.0,22509,0.0,0.0
2023-07-31 11:30:00-04:00,23.020000457763672,23.030000686645508,22.889999389648438,22.94499969482422,11195,0.0,0.0
2023-07-31 12:30:00-04:00,22.94499969482422,22.98699951171875,22.8700008392334,22.899999618530273,11160,0.0,0.0
2023-07-31 13:30:00-04:00,22.90999984741211,22.934999465942383,22.829999923706055,22.84000015258789,23060,0.0,0.0
2023-07-31 14:30:00-04:00,22.860000610351562,22.959999084472656,22.760000228881836,22.94499969482422,75090,0.0,0.0
2023-07-31 15:30:00-04:00,22.94499969482422,23.09000015258789,22.93000030517578,23.06999969482422,68077,0.0,0.0
2023-08-01 09:30:00-04:00,23.049999237060547,23.049999237060547,22.420000076293945,22.420000076293945,24160,0.0,0.0
2023-08-01 10:30:00-04:00,22.420000076293945,22.639999389648438,22.389999389648438,22.540000915527344,17512,0.0,0.0
2023-08-01 11:30:00-04:00,22.549999237060547,22.649999618530273,22.549999237060547,22.610000610351562,12359,0.0,0.0
2023-08-01 12:30:00-04:00,22.59000015258789,22.729999542236328,22.59000015258789,22.725000381469727,22469,0.0,0.0
2023-08-01 13:30:00-04:00,22.691999435424805,22.809999465942383,22.649999618530273,22.78499984741211,35996,0.0,0.0
2023-08-01 14:30:00-04:00,22.780000686645508,22.889999389648438,22.770000457763672,22.860000610351562,17147,0.0,0.0
2023-08-01 15:30:00-04:00,22.850000381469727,22.959999084472656,22.815000534057617,22.90999984741211,45840,0.0,0.0
2023-08-02 09:30:00-04:00,22.489999771118164,22.729999542236328,22.479999542236328,22.649999618530273,32450,0.0,0.0
2023-08-02 10:30:00-04:00,22.704999923706055,22.860000610351562,22.540000915527344,22.704999923706055,18399,0.0,0.0
2023-08-02 11:30:00-04:00,22.68000030517578,22.84000015258789,22.649999618530273,22.829999923706055,17959,0.0,0.0
2023-08-02 12:30:00-04:00,22.885000228881836,22.899999618530273,22.75,22.780000686645508,22540,0.0,0.0
2023-08-02 13:30:00-04:00,22.780000686645508,22.790000915527344,22.709999084472656,22.739999771118164,9903,0.0,0.0
2023-08-02 14:30:00-04:00,22.790000915527344,22.889999389648438,22.790000915527344,22.799999237060547,26054,0.0,0.0
2023-08-02 15:30:00-04:00,22.80500030517578,22.920000076293945,22.799999237060547,22.8799991607666,36256,0.0,0.0
2023-08-03 09:30:00-04:00,22.84000015258789,22.875,22.700000762939453,22.829999923706055,12076,0.0,0.0
2023-08-03 10:30:00-04:00,22.809999465942383,23.1299991607666,22.790000915527344,23.1299991607666,12355,0.0,0.0
2023-08-03 11:30:00-04:00,23.170000076293945,23.3700008392334,23.094999313354492,23.329999923706055,35659,0.0,0.0
2023-08-03 12:30:00-04:00,23.350000381469727,23.420000076293945,23.270000457763672,23.360000610351562,17128,0.0,0.0
2023-08-03 13:30:00-04:00,23.3799991607666,23.3799991607666,23.270000457763672,23.299999237060547,12475,0.0,0.0
2023-08-03 14:30:00-04:00,23.290000915527344,23.290000915527344,23.18000030517578,23.219999313354492,17712,0.0,0.0
2023-08-03 15:30:00-04:00,23.219999313354492,23.219999313354492,23.09000015258789,23.1299991607666,51765,0.0,0.0
2023-08-04 09:30:00-04:00,23.049999237060547,23.360000610351562,23.049999237060547,23.329999923706055,13252,0.0,0.0
2023-08-04 10:30:00-04:00,23.3799991607666,23.479999542236328,23.25,23.315000534057617,19310,0.0,0.0
2023-08-04 11:30:00-04:00,23.290000915527344,23.360000610351562,23.165000915527344,23.25,24901,0.0,0.0
2023-08-04 12:30:00-04:00,23.280000686645508,23.360000610351562,23.25,23.260000228881836,11472,0.0,0.0
2023-08-04 13:30:00-04:00,23.270000457763672,23.290000915527344,23.1299991607666,23.149999618530273,13886,0.0,0.0
2023-08-04 14:30:00-04:00,23.15999984741211,23.179000854492188,23.100000381469727,23.179000854492188,19961,0.0,0.0
2023-08-04 15:30:00-04:00,23.18000030517578,23.229999542236328,23.139999389648438,23.219999313354492,29633,0.0,0.0
2023-08-07 09:30:00-04:00,23.209999084472656,23.329999923706055,23.079999923706055,23.190000534057617,22404,0.0,0.0
2023-08-07 10:30:00-04:00,23.200000762939453,23.209999084472656,23.139999389648438,23.209999084472656,15822,0.0,0.0
2023-08-07 11:30:00-04:00,23.2450008392334,23.40999984741211,23.239999771118164,23.350000381469727,15003,0.0,0.0
2023-08-07 12:30:00-04:00,23.360000610351562,23.40999984741211,23.350000381469727,23.399999618530273,9419,0.0,0.0
2023-08-07 13:30:00-04:00,23.389999389648438,23.405000686645508,23.309999465942383,23.325000762939453,8729,0.0,0.0
2023-08-07 14:30:00-04:00,23.34000015258789,23.360000610351562,23.280000686645508,23.309999465942383,20861,0.0,0.0
2023-08-07 15:30:00-04:00,23.30500030517578,23.40999984741211,23.280000686645508,23.360000610351562,43297,0.0,0.0
2023-08-08 09:30:00-04:00,22.829999923706055,22.979999542236328,22.3700008392334,22.3700008392334,24236,0.0,0.0
2023-08-08 10:30:00-04:00,22.450000762939453,22.6200008392334,22.290000915527344,22.6200008392334,13428,0.0,0.0
2023-08-08 11:30:00-04:00,22.6299991607666,22.739999771118164,22.6200008392334,22.700000762939453,10664,0.0,0.0
2023-08-08 12:30:00-04:00,22.739999771118164,22.84000015258789,22.709999084472656,22.809999465942383,8457,0.0,0.0
2023-08-08 13:30:00-04:00,22.809999465942383,22.90999984741211,22.8085994720459,22.889999389648438,9336,0.0,0.0
2023-08-08 14:30:00-04:00,22.89940071105957,23.09000015258789,22.889999389648438,23.065000534057617,12458,0.0,0.0
2023-08-08 15:30:00-04:00,23.06999969482422,23.125,23.030000686645508,23.100000381469727,32507,0.0,0.0
2023-08-09 09:30:00-04:00,22.93000030517578,22.93000030517578,22.665000915527344,22.8700008392334,17841,0.0,0.0
2023-08-09 10:30:00-04:00,22.8700008392334,22.875,22.729999542236328,22.780000686645508,22618,0.0,0.0
2023-08-09 11:30:00-04:00,22.770000457763672,22.850000381469727,22.690000534057617,22.850000381469727,13063,0.0,0.0
2023-08-09 12:30:00-04:00,22.81999969482422,22.8700008392334,22.81999969482422,22.8700008392334,10120,0.0,0.0
2023-08-09 13:30:00-04:00,22.889999389648438,23.040000915527344,22.889999389648438,23.0,19177,0.0,0.0
2023-08-09 14:30:00-04:00,23.040000915527344,23.049999237060547,22.940000534057617,22.969999313354492,21922,0.0,0.0
2023-08-09 15:30:00-04:00,22.975000381469727,22.989999771118164,22.860000610351562,22.899999618530273,32610,0.0,0.0
2023-08-10 09:30:00-04:00,22.950000762939453,23.200000762939453,22.950000762939453,23.049999237060547,9437,0.0,0.0
2023-08-10 10:30:00-04:00,23.040000915527344,23.049999237060547,22.84000015258789,22.889999389648438,7400,0.0,0.0
2023-08-10 11:30:00-04:00,22.860000610351562,22.8887996673584,22.700000762939453,22.725000381469727,10862,0.0,0.0
2023-08-10 12:30:00-04:00,22.709999084472656,22.809999465942383,22.639999389648438,22.65999984741211,10173,0.0,0.0
2023-08-10 13:30:00-04:00,22.649999618530273,22.790000915527344,22.639999389648438,22.735000610351562,13216,0.0,0.0
2023-08-10 14:30:00-04:00,22.729999542236328,22.760000228881836,22.65999984741211,22.65999984741211,46949,0.0,0.0
2023-08-10 15:30:00-04:00,22.65999984741211,22.690000534057617,22.559999465942383,22.6200008392334,226598,0.0,0.0
2023-08-11 09:30:00-04:00,22.510000228881836,22.600000381469727,22.103099822998047,22.530000686645508,21196,0.0,0.0
2023-08-11 10:30:00-04:00,22.549999237060547,22.55500030517578,22.34000015258789,22.360000610351562,23546,0.0,0.0
2023-08-11 11:30:00-04:00,22.389999389648438,22.510000228881836,22.37660026550293,22.440000534057617,17141,0.0,0.0
2023-08-11 12:30:00-04:00,22.415000915527344,22.44499969482422,22.389999389648438,22.399999618530273,19342,0.0,0.0
2023-08-11 13:30:00-04:00,22.399999618530273,22.40999984741211,22.299999237060547,22.329999923706055,36631,0.0,0.0
2023-08-11 14:30:00-04:00,22.31999969482422,22.329999923706055,22.272499084472656,22.309999465942383,26485,0.0,0.0
2023-08-11 15:30:00-04:00,22.309999465942383,22.399999618530273,22.299999237060547,22.389999389648438,50851,0.0,0.0
2023-08-14 09:30:00-04:00,22.229999542236328,22.610000610351562,21.81999969482422,21.8700008392334,27011,0.0,0.0
2023-08-14 10:30:00-04:00,21.829999923706055,21.979999542236328,21.799999237060547,21.979999542236328,21616,0.0,0.0
2023-08-14 11:30:00-04:00,21.979999542236328,22.06999969482422,21.950000762939453,21.989999771118164,18474,0.0,0.0
2023-08-14 12:30:00-04:00,22.0,22.030000686645508,21.950000762939453,21.979999542236328,18572,0.0,0.0
2023-08-14 13:30:00-04:00,22.0,22.0,21.920000076293945,21.93000030517578,20127,0.0,0.0
2023-08-14 14:30:00-04:00,21.93000030517578,21.979999542236328,21.895000457763672,21.975000381469727,22817,0.0,0.0
2023-08-14 15:30:00-04:00,21.969999313354492,22.020000457763672,21.920000076293945,22.020000457763672,48447,0.0,0.0
2023-08-15 09:30:00-04:00,21.68000030517578,21.81999969482422,21.530000686645508,21.540000915527344,22158,0.0,0.0
2023-08-15 10:30:00-04:00,21.559999465942383,21.75,21.559999465942383,21.68000030517578,14902,0.0,0.0
2023-08-15 11:30:00-04:00,21.670000076293945,21.68000030517578,21.5,21.510000228881836,19863,0.0,0.0
2023-08-15 12:30:00-04:00,21.510000228881836,21.520000457763672,21.4375,21.469999313354492,18074,0.0,0.0
2023-08-15 13:30:00-04:00,21.469999313354492,21.469999313354492,21.329999923706055,21.3700008392334,24861,0.0,0.0
2023-08-15 14:30:00-04:00,21.360000610351562,21.399999618530273,21.260000228881836,21.260000228881836,39119,0.0,0.0
2023-08-15 15:30:00-04:00,21.260000228881836,21.40999984741211,21.2549991607666,21.329999923706055,89374,0.0,0.0
2023-08-16 09:30:00-04:00,21.270000457763672,21.700000762939453,21.18000030517578,21.200000762939453,16794,0.0,0.0
2023-08-16 10:30:00-04:00,21.219999313354492,21.290000915527344,21.200000762939453,21.280000686645508,9631,0.0,0.0
2023-08-16 11:30:00-04:00,21.280000686645508,21.299999237060547,21.190000534057617,21.290000915527344,8106,0.0,0.0
2023-08-16 12:30:00-04:00,21.315000534057617,21.360000610351562,21.290000915527344,21.34000015258789,13445,0.0,0.0
2023-08-16 13:30:00-04:00,21.334999084472656,21.395000457763672,21.26300048828125,21.309999465942383,15100,0.0,0.0
2023-08-16 14:30:00-04:00,21.30500030517578,21.350000381469727,21.25,21.309999465942383,15811,0.0,0.0
2023-08-16 15:30:00-04:00,21.309999465942383,21.389999389648438,21.25,21.280000686645508,33631,0.0,0.0
2023-08-17 09:30:00-04:00,21.329999923706055,21.540000915527344,21.299999237060547,21.520000457763672,11263,0.0,0.0
2023-08-17 10:30:00-04:00,21.520000457763672,21.520000457763672,21.3799991607666,21.3799991607666,10568,0.0,0.0
2023-08-17 11:30:00-04:00,21.3700008392334,21.389999389648438,21.329999923706055,21.389999389648438,11494,0.0,0.0
2023-08-17 12:30:00-04:00,21.440000534057617,21.440000534057617,21.389999389648438,21.434999465942383,8248,0.0,0.0
2023-08-17 13:30:00-04:00,21.440000534057617,21.440000534057617,21.360000610351562,21.399999618530273,10103,0.0,0.0
2023-08-17 14:30:00-04:00,21.385000228881836,21.420000076293945,21.350000381469727,21.390100479125977,18294,0.0,0.0
2023-08-17 15:30:00-04:00,21.405000686645508,21.43000030517578,21.350000381469727,21.360000610351562,34512,0.0,0.0
2023-08-18 09:30:00-04:00,21.170000076293945,21.5,21.170000076293945,21.399999618530273,31149,0.0,0.0
2023-08-18 10:30:00-04:00,21.420000076293945,21.670000076293945,21.420000076293945,21.6299991607666,15081,0.0,0.0
2023-08-18 11:30:00-04:00,21.639999389648438,21.709999084472656,21.489999771118164,21.5,12947,0.0,0.0
2023-08-18 12:30:00-04:00,21.5049991607666,21.510000228881836,21.440000534057617,21.479999542236328,15082,0.0,0.0
2023-08-18 13:30:00-04:00,21.5,21.56999969482422,21.5,21.549999237060547,17222,0.0,0.0
2023-08-18 14:30:00-04:00,21.549999237060547,21.579999923706055,21.510000228881836,21.559999465942383,23283,0.0,0.0
2023-08-18 15:30:00-04:00,21.565000534057617,21.639999389648438,21.479999542236328,21.520000457763672,37257,0.0,0.0
2023-08-21 09:30:00-04:00,21.559999465942383,21.709999084472656,21.3799991607666,21.450000762939453,20009,0.0,0.0
2023-08-21 10:30:00-04:00,21.450000762939453,21.559999465942383,21.31999969482422,21.31999969482422,23956,0.0,0.0
2023-08-21 11:30:00-04:00,21.34000015258789,21.469999313354492,21.309999465942383,21.459999084472656,27938,0.0,0.0
2023-08-21 12:30:00-04:00,21.459999084472656,21.5,21.389999389648438,21.475000381469727,21643,0.0,0.0
2023-08-21 13:30:00-04:00,21.5,21.5,21.40999984741211,21.43000030517578,29600,0.0,0.0
2023-08-21 14:30:00-04:00,21.43000030517578,21.450000762939453,21.3799991607666,21.399999618530273,23846,0.0,0.0
2023-08-21 15:30:00-04:00,21.3799991607666,21.440000534057617,21.309999465942383,21.3700008392334,50566,0.0,0.0
2023-08-22 09:30:00-04:00,21.299999237060547,21.3700008392334,21.030000686645508,21.049999237060547,13901,0.0,0.0
2023-08-22 10:30:00-04:00,21.040000915527344,21.040000915527344,20.799999237060547,20.889999389648438,15041,0.0,0.0
2023-08-22 11:30:00-04:00,20.989999771118164,20.989999771118164,20.809999465942383,20.829999923706055,13559,0.0,0.0
2023-08-22 12:30:00-04:00,20.81999969482422,20.81999969482422,20.700000762939453,20.760000228881836,13979,0.0,0.0
2023-08-22 13:30:00-04:00,20.760000228881836,20.809999465942383,20.729999542236328,20.809999465942383,8839,0.0,0.0
2023-08-22 14:30:00-04:00,20.809999465942383,20.850000381469727,20.760000228881836,20.770000457763672,16507,0.0,0.0
2023-08-22 15:30:00-04:00,20.774999618530273,20.780000686645508,20.719999313354492,20.739999771118164,49253,0.0,0.0
2023-08-23 09:30:00-04:00,20.709999084472656,20.799999237060547,20.709999084472656,20.760000228881836,14622,0.0,0.0
2023-08-23 10:30:00-04:00,20.760000228881836,20.979999542236328,20.690000534057617,20.959999084472656,14745,0.0,0.0
2023-08-23 11:30:00-04:00,20.959999084472656,20.979999542236328,20.829999923706055,20.829999923706055,13933,0.0,0.0
2023-08-23 12:30:00-04:00,20.799999237060547,20.854999542236328,20.790000915527344,20.84000015258789,7870,0.0,0.0
2023-08-23 13:30:00-04:00,20.829999923706055,20.829999923706055,20.75,20.75,15155,0.0,0.0
2023-08-23 14:30:00-04:00,20.739999771118164,20.799999237060547,20.729999542236328,20.770000457763672,17025,0.0,0.0
2023-08-23 15:30:00-04:00,20.760000228881836,20.799999237060547,20.719999313354492,20.780000686645508,45551,0.0,0.0
2023-08-24 09:30:00-04:00,20.65999984741211,21.149999618530273,20.614999771118164,21.100000381469727,20336,0.0,0.0
2023-08-24 10:30:00-04:00,21.06999969482422,21.145000457763672,20.860000610351562,20.889999389648438,12805,0.0,0.0
2023-08-24 11:30:00-04:00,20.8700008392334,20.90999984741211,20.81999969482422,20.889999389648438,9662,0.0,0.0
2023-08-24 12:30:00-04:00,20.8799991607666,20.899999618530273,20.780000686645508,20.790000915527344,8779,0.0,0.0
2023-08-24 13:30:00-04:00,20.809999465942383,20.860000610351562,20.709999084472656,20.739999771118164,11902,0.0,0.0
2023-08-24 14:30:00-04:00,20.780000686645508,20.93000030517578,20.7549991607666,20.93000030517578,17560,0.0,0.0
2023-08-24 15:30:00-04:00,20.93000030517578,20.959999084472656,20.85099983215332,20.93000030517578,48348,0.0,0.0
2023-08-25 09:30:00-04:00,21.010000228881836,21.260000228881836,20.825000762939453,20.959999084472656,9448,0.0,0.0
2023-08-25 10:30:00-04:00,20.84000015258789,20.860599517822266,20.59000015258789,20.780000686645508,17310,0.0,0.0
2023-08-25 11:30:00-04:00,20.799999237060547,20.979999542236328,20.799999237060547,20.979999542236328,12375,0.0,0.0
2023-08-25 12:30:00-04:00,21.020000457763672,21.020000457763672,20.860000610351562,20.8700008392334,7835,0.0,0.0
2023-08-25 13:30:00-04:00,20.8700008392334,20.989999771118164,20.829999923706055,20.989999771118164,7705,0.0,0.0
2023-08-25 14:30:00-04:00,20.989999771118164,21.010000228881836,20.93000030517578,20.96500015258789,12847,0.0,0.0
2023-08-25 15:30:00-04:00,20.959999084472656,20.969999313354492,20.860000610351562,20.889999389648438,24375,0.0,0.0
2023-08-28 09:30:00-04:00,21.020000457763672,21.270000457763672,20.989999771118164,21.18000030517578,8605,0.0,0.0
2023-08-28 10:30:00-04:00,21.149999618530273,21.215900421142578,21.149999618530273,21.190000534057617,6777,0.0,0.0
2023-08-28 11:30:00-04:00,21.209999084472656,21.274999618530273,21.200000762939453,21.219999313354492,8237,0.0,0.0
2023-08-28 12:30:00-04:00,21.229999542236328,21.285499572753906,21.193500518798828,21.219999313354492,8522,0.0,0.0
2023-08-28 13:30:00-04:00,21.200000762939453,21.219999313354492,21.149999618530273,21.204999923706055,9534,0.0,0.0
2023-08-28 14:30:00-04:00,21.204999923706055,21.239999771118164,21.18000030517578,21.204999923706055,14042,0.0,0.0
2023-08-28 15:30:00-04:00,21.204999923706055,21.25,21.1299991607666,21.18000030517578,41976,0.0,0.0
2023-08-29 09:30:00-04:00,21.18000030517578,21.290000915527344,21.100000381469727,21.260000228881836,7660,0.0,0.0
2023-08-29 10:30:00-04:00,21.290000915527344,21.31999969482422,21.15999984741211,21.280000686645508,9813,0.0,0.0
2023-08-29 11:30:00-04:00,21.239999771118164,21.309999465942383,21.235000610351562,21.270000457763672,8798,0.0,0.0
2023-08-29 12:30:00-04:00,21.25,21.315000534057617,21.209999084472656,21.315000534057617,9251,0.0,0.0
2023-08-29 13:30:00-04:00,21.364999771118164,21.364999771118164,21.290000915527344,21.295000076293945,10056,0.0,0.0
2023-08-29 14:30:00-04:00,21.290000915527344,21.299999237060547,21.170000076293945,21.219999313354492,15905,0.0,0.0
2023-08-29 15:30:00-04:00,21.219999313354492,21.229999542236328,21.15999984741211,21.170000076293945,31742,0.0,0.0
2023-08-30 09:30:00-04:00,21.1200008392334,21.260000228881836,20.899999618530273,20.925800323486328,11006,0.0,0.0
2023-08-30 10:30:00-04:00,20.934999465942383,21.010000228881836,20.90999984741211,21.0049991607666,10981,0.0,0.0
2023-08-30 11:30:00-04:00,21.0049991607666,21.040000915527344,20.915000915527344,21.040000915527344,11939,0.0,0.0
2023-08-30 12:30:00-04:00,21.030000686645508,21.040000915527344,20.899999618530273,20.93000030517578,12041,0.0,0.0
2023-08-30 13:30:00-04:00,20.93000030517578,20.950000762939453,20.8700008392334,20.90999984741211,14303,0.0,0.0
2023-08-30 14:30:00-04:00,20.889999389648438,20.954999923706055,20.889999389648438,20.915000915527344,17718,0.0,0.0
2023-08-30 15:30:00-04:00,20.924999237060547,20.924999237060547,20.8700008392334,20.90999984741211,35934,0.0,0.0
2023-08-31 09:30:00-04:00,20.690000534057617,20.915000915527344,20.690000534057617,20.790000915527344,8582,0.0,0.0
2023-08-31 10:30:00-04:00,20.80500030517578,20.8799991607666,20.760000228881836,20.850000381469727,9269,0.0,0.0
2023-08-31 11:30:00-04:00,20.799999237060547,20.809999465942383,20.739999771118164,20.790000915527344,8858,0.0,0.0
2023-08-31 12:30:00-04:00,20.790000915527344,20.790000915527344,20.700000762939453,20.739999771118164,6103,0.0,0.0
2023-08-31 13:30:00-04:00,20.795000076293945,20.799999237060547,20.709999084472656,20.760000228881836,14860,0.0,0.0
2023-08-31 14:30:00-04:00,20.75,20.75,20.670000076293945,20.700000762939453,17404,0.0,0.0
2023-08-31 15:30:00-04:00,20.709999084472656,20.84000015258789,20.690000534057617,20.75,83339,0.0,0.0
2023-09-01 09:30:00-04:00,20.959999084472656,21.299999237060547,20.959999084472656,21.299999237060547,18052,0.0,0.0
2023-09-01 10:30:00-04:00,21.31999969482422,21.389999389648438,21.299999237060547,21.3700008392334,14425,0.0,0.0
2023-09-01 11:30:00-04:00,21.3799991607666,21.40999984741211,21.280000686645508,21.40999984741211,11008,0.0,0.0
2023-09-01 12:30:00-04:00,21.450000762939453,21.479999542236328,21.420000076293945,21.440000534057617,8860,0.0,0.0
2023-09-01 13:30:00-04:00,21.440000534057617,21.520000457763672,21.40999984741211,21.5,23296,0.0,0.0
2023-09-01 14:30:00-04:00,21.5,21.559999465942383,21.485000610351562,21.559999465942383,43839,0.0,0.0
2023-09-01 15:30:00-04:00,21.559999465942383,21.6299991607666,21.540000915527344,21.600000381469727,69097,0.0,0.0
2023-09-05 09:30:00-04:00,21.3799991607666,21.3799991607666,20.979999542236328,20.9950008392334,66602,0.0,0.0
2023-09-05 10:30:00-04:00,20.989999771118164,21.079999923706055,20.940000534057617,20.959999084472656,31766,0.0,0.0
2023-09-05 11:30:00-04:00,20.940000534057617,20.940000534057617,20.829999923706055,20.90999984741211,23225,0.0,0.0
2023-09-05 12:30:00-04:00,20.905000686645508,20.905000686645508,20.809999465942383,20.81999969482422,22449,0.0,0.0
2023-09-05 13:30:00-04:00,20.829999923706055,20.84000015258789,20.709999084472656,20.709999084472656,24958,0.0,0.0
2023-09-05 14:30:00-04:00,20.719999313354492,20.799999237060547,20.69499969482422,20.739999771118164,40625,0.0,0.0
2023-09-05 15:30:00-04:00,20.739999771118164,20.760000228881836,20.649999618530273,20.649999618530273,68897,0.0,0.0
2023-09-06 09:30:00-04:00,20.65999984741211,20.8125,20.489999771118164,20.530000686645508,25103,0.0,0.0
2023-09-06 10:30:00-04:00,20.510000228881836,20.59000015258789,20.469999313354492,20.4950008392334,18815,0.0,0.0
2023-09-06 11:30:00-04:00,20.469999313354492,20.469999313354492,20.329999923706055,20.34000015258789,15029,0.0,0.0
2023-09-06 12:30:00-04:00,20.34000015258789,20.360000610351562,20.260000228881836,20.309999465942383,12628,0.0,0.0
2023-09-06 13:30:00-04:00,20.299999237060547,20.309999465942383,20.25,20.299999237060547,15817,0.0,0.0
2023-09-06 14:30:00-04:00,20.309999465942383,20.334999084472656,20.25,20.31999969482422,22751,0.0,0.0
2023-09-06 15:30:00-04:00,20.329999923706055,20.389999389648438,20.329999923706055,20.389999389648438,43187,0.0,0.0
2023-09-07 09:30:00-04:00,20.350000381469727,20.530000686645508,20.010000228881836,20.280000686645508,29912,0.0,0.0
2023-09-07 10:30:00-04:00,20.309999465942383,20.389999389648438,20.280000686645508,20.325000762939453,17359,0.0,0.0
2023-09-07 11:30:00-04:00,20.34000015258789,20.34000015258789,20.239999771118164,20.299999237060547,17836,0.0,0.0
2023-09-07 12:30:00-04:00,20.31999969482422,20.3700008392334,20.25,20.3700008392334,15163,0.0,0.0
2023-09-07 13:30:00-04:00,20.360000610351562,20.375,20.270000457763672,20.270000457763672,13829,0.0,0.0
2023-09-07 14:30:00-04:00,20.25,20.350000381469727,20.2450008392334,20.344999313354492,26556,0.0,0.0
2023-09-07 15:30:00-04:00,20.34000015258789,20.479999542236328,20.34000015258789,20.459999084472656,64502,0.0,0.0
2023-09-08 09:30:00-04:00,20.469999313354492,20.549999237060547,20.290000915527344,20.489999771118164,29241,0.0,0.0
2023-09-08 10:30:00-04:00,20.450000762939453,20.614999771118164,20.399999618530273,20.530000686645508,26299,0.0,0.0
2023-09-08 11:30:00-04:00,20.520000457763672,20.56999969482422,20.450000762939453,20.490999221801758,33423,0.0,0.0
2023-09-08 12:30:00-04:00,20.490999221801758,20.579999923706055,20.479999542236328,20.545000076293945,57277,0.0,0.0
2023-09-08 13:30:00-04:00,20.540000915527344,20.540000915527344,20.40999984741211,20.420000076293945,25750,0.0,0.0
2023-09-08 14:30:00-04:00,20.40999984741211,20.450000762939453,20.3700008392334,20.375,52505,0.0,0.0
2023-09-08 15:30:00-04:00,20.375,20.420000076293945,20.34000015258789,20.40999984741211,70293,0.0,0.0
2023-09-11 09:30:00-04:00,20.489999771118164,20.670000076293945,20.31999969482422,20.459999084472656,23198,0.0,0.0
2023-09-11 10:30:00-04:00,20.459999084472656,20.479999542236328,20.360000610351562,20.3700008392334,21985,0.0,0.0
2023-09-11 11:30:00-04:00,20.354999542236328,20.360000610351562,20.264999389648438,20.33049964904785,19893,0.0,0.0
2023-09-11 12:30:00-04:00,20.329999923706055,20.389999389648438,20.309999465942383,20.3700008392334,14471,0.0,0.0
2023-09-11 13:30:00-04:00,20.350000381469727,20.350000381469727,20.200000762939453,20.209999084472656,15029,0.0,0.0
2023-09-11 14:30:00-04:00,20.209999084472656,20.270000457763672,20.204999923706055,20.260000228881836,24345,0.0,0.0
2023-09-11 15:30:00-04:00,20.260000228881836,20.309999465942383,20.260000228881836,20.280000686645508,46868,0.0,0.0
2023-09-12 09:30:00-04:00,20.309999465942383,20.5,20.270000457763672,20.270000457763672,33278,0.0,0.0
2023-09-12 10:30:00-04:00,20.270000457763672,20.309999465942383,20.229999542236328,20.290000915527344,17489,0.0,0.0
2023-09-12 11:30:00-04:00,20.299999237060547,20.43000030517578,20.270000457763672,20.3799991607666,15355,0.0,0.0
2023-09-12 12:30:00-04:00,20.389999389648438,20.489999771118164,20.364999771118164,20.489999771118164,16259,0.0,0.0
2023-09-12 13:30:00-04:00,20.469999313354492,20.479999542236328,20.399999618530273,20.399999618530273,15611,0.0,0.0
2023-09-12 14:30:00-04:00,20.395000457763672,20.399999618530273,20.280000686645508,20.280000686645508,23846,0.0,0.0
2023-09-12 15:30:00-04:00,20.280000686645508,20.350000381469727,20.23080062866211,20.329999923706055,55263,0.0,0.0
2023-09-13 09:30:00-04:00,20.440000534057617,20.440000534057617,20.010000228881836,20.200000762939453,22892,0.0,0.0
2023-09-13 10:30:00-04:00,20.204999923706055,20.329999923706055,20.204999923706055,20.239999771118164,19154,0.0,0.0
2023-09-13 11:30:00-04:00,20.25,20.290000915527344,20.229999542236328,20.280000686645508,19004,0.0,0.0
2023-09-13 12:30:00-04:00,20.290000915527344,20.290000915527344,20.209999084472656,20.260000228881836,20102,0.0,0.0
2023-09-13 13:30:00-04:00,20.270000457763672,20.309999465942383,20.209999084472656,20.239999771118164,16579,0.0,0.0
2023-09-13 14:30:00-04:00,20.235000610351562,20.235000610351562,20.139999389648438,20.18000030517578,25708,0.0,0.0
2023-09-13 15:30:00-04:00,20.18000030517578,20.260000228881836,20.18000030517578,20.260000228881836,54410,0.0,0.0
2023-09-14 09:30:00-04:00,20.43000030517578,20.6200008392334,20.399999618530273,20.440000534057617,25754,0.0,0.0
2023-09-14 10:30:00-04:00,20.440000534057617,20.649999618530273,20.43000030517578,20.5,33544,0.0,0.0
2023-09-14 11:30:00-04:00,20.514999389648438,20.6200008392334,20.46500015258789,20.604999542236328,20115,0.0,0.0
2023-09-14 12:30:00-04:00,20.604999542236328,20.625,20.559999465942383,20.610000610351562,20066,0.0,0.0
2023-09-14 13:30:00-04:00,20.610000610351562,20.6299991607666,20.540000915527344,20.579999923706055,14161,0.0,0.0
2023-09-14 14:30:00-04:00,20.56999969482422,20.6200008392334,20.56999969482422,20.579999923706055,24321,0.0,0.0
2023-09-14 15:30:00-04:00,20.56999969482422,20.6299991607666,20.549999237060547,20.610000610351562,52687,0.0,0.0
2023-09-15 09:30:00-04:00,20.56999969482422,20.690000534057617,20.514999389648438,20.569000244140625,148956,0.0,0.0
2023-09-15 10:30:00-04:00,20.56999969482422,20.56999969482422,20.299999237060547,20.31999969482422,32654,0.0,0.0
2023-09-15 11:30:00-04:00,20.309999465942383,20.34000015258789,20.239999771118164,20.239999771118164,29634,0.0,0.0
2023-09-15 12:30:00-04:00,20.229999542236328,20.229999542236328,20.18000030517578,20.190000534057617,25474,0.0,0.0
2023-09-15 13:30:00-04:00,20.190000534057617,20.239999771118164,20.15999984741211,20.235000610351562,40256,0.0,0.0
2023-09-15 14:30:00-04:00,20.229999542236328,20.291500091552734,20.229999542236328,20.260000228881836,46045,0.0,0.0
2023-09-15 15:30:00-04:00,20.264999389648438,20.280000686645508,20.139999389648438,20.280000686645508,113563,0.0,0.0
2023-09-18 09:30:00-04:00,20.239999771118164,20.239999771118164,19.8799991607666,20.049999237060547,28623,0.0,0.0
2023-09-18 10:30:00-04:00,20.06529998779297,20.1200008392334,20.000099182128906,20.059999465942383,10636,0.0,0.0
2023-09-18 11:30:00-04:00,20.065000534057617,20.09000015258789,20.014999389648438,20.014999389648438,11737,0.0,0.0
2023-09-18 12:30:00-04:00,20.020000457763672,20.049999237060547,19.989999771118164,20.007999420166016,11066,0.0,0.0
2023-09-18 13:30:00-04:00,20.0049991607666,20.01140022277832,19.941600799560547,20.0,10311,0.0,0.0
2023-09-18 14:30:00-04:00,20.0,20.024999618530273,19.969999313354492,20.0,18556,0.0,0.0
2023-09-18 15:30:00-04:00,20.0,20.020000457763672,19.889999389648438,19.940000534057617,71215,0.0,0.0
2023-09-19 09:30:00-04:00,19.989999771118164,20.059999465942383,19.770000457763672,19.850000381469727,28838,0.0,0.0
2023-09-19 10:30:00-04:00,19.84000015258789,19.860000610351562,19.729999542236328,19.81999969482422,24575,0.0,0.0
2023-09-19 11:30:00-04:00,19.809999465942383,19.889999389648438,19.809999465942383,19.889999389648438,13442,0.0,0.0
2023-09-19 12:30:00-04:00,19.889999389648438,19.899999618530273,19.860000610351562,19.889999389648438,7328,0.0,0.0
2023-09-19 13:30:00-04:00,19.889999389648438,19.94499969482422,19.889999389648438,19.899999618530273,12943,0.0,0.0
2023-09-19 14:30:00-04:00,19.90999984741211,19.974599838256836,19.899999618530273,19.950000762939453,16635,0.0,0.0
2023-09-19 15:30:00-04:00,19.940000534057617,19.96769905090332,19.8799991607666,19.899999618530273,59035,0.0,0.0
2023-09-20 09:30:00-04:00,19.989999771118164,20.170000076293945,19.950000762939453,19.979999542236328,15767,0.0,0.0
2023-09-20 10:30:00-04:00,20.0,20.0049991607666,19.959999084472656,19.979999542236328,9362,0.0,0.0
2023-09-20 11:30:00-04:00,19.979999542236328,19.979999542236328,19.8700008392334,19.8700008392334,7974,0.0,0.0
2023-09-20 12:30:00-04:00,19.860000610351562,19.860000610351562,19.770000457763672,19.780000686645508,13624,0.0,0.0
2023-09-20 13:30:00-04:00,19.780000686645508,19.780000686645508,19.65999984741211,19.709999084472656,13872,0.0,0.0
2023-09-20 14:30:00-04:00,19.690000534057617,19.729999542236328,19.610000610351562,19.68000030517578,21743,0.0,0.0
2023-09-20 15:30:00-04:00,19.684999465942383,19.690000534057617,19.600000381469727,19.600000381469727,32986,0.0,0.0
2023-09-21 09:30:00-04:00,19.489999771118164,19.610000610351562,19.290000915527344,19.510000228881836,14788,0.0,0.0
2023-09-21 10:30:00-04:00,19.51409912109375,19.579999923706055,19.510000228881836,19.579999923706055,16602,0.0,0.0
2023-09-21 11:30:00-04:00,19.59000015258789,19.709999084472656,19.59000015258789,19.59000015258789,15537,0.0,0.0
2023-09-21 12:30:00-04:00,19.600000381469727,19.600000381469727,19.540000915527344,19.579999923706055,6951,0.0,0.0
2023-09-21 13:30:00-04:00,19.565000534057617,19.565000534057617,19.520000457763672,19.54010009765625,8821,0.0,0.0
2023-09-21 14:30:00-04:00,19.540000915527344,19.579999923706055,19.510000228881836,19.579999923706055,20847,0.0,0.0
2023-09-21 15:30:00-04:00,19.579999923706055,19.594999313354492,19.479999542236328,19.485000610351562,53736,0.0,0.0
2023-09-22 09:30:00-04:00,19.510000228881836,19.625,19.309999465942383,19.360000610351562,14767,0.0,0.0
2023-09-22 10:30:00-04:00,19.309999465942383,19.368900299072266,19.25,19.329999923706055,19904,0.0,0.0
2023-09-22 11:30:00-04:00,19.329999923706055,19.329999923706055,19.219999313354492,19.280000686645508,10954,0.0,0.0
2023-09-22 12:30:00-04:00,19.270000457763672,19.305999755859375,19.260000228881836,19.290000915527344,8305,0.0,0.0
2023-09-22 13:30:00-04:00,19.280000686645508,19.31800079345703,19.260000228881836,19.309999465942383,9771,0.0,0.0
2023-09-22 14:30:00-04:00,19.30500030517578,19.420000076293945,19.30120086669922,19.399999618530273,13807,0.0,0.0
2023-09-22 15:30:00-04:00,19.399999618530273,19.399999618530273,19.299999237060547,19.309999465942383,26774,0.0,0.0
2023-09-25 09:30:00-04:00,19.280000686645508,19.479999542236328,19.219999313354492,19.440000534057617,15674,0.0,0.0
2023-09-25 10:30:00-04:00,19.459999084472656,19.479999542236328,19.3799991607666,19.450000762939453,10049,0.0,0.0
2023-09-25 11:30:00-04:00,19.459999084472656,19.510000228881836,19.43000030517578,19.5,8686,0.0,0.0
2023-09-25 12:30:00-04:00,19.510000228881836,19.530000686645508,19.459999084472656,19.510000228881836,11292,0.0,0.0
2023-09-25 13:30:00-04:00,19.479999542236328,19.540000915527344,19.479999542236328,19.530000686645508,5625,0.0,0.0
2023-09-25 14:30:00-04:00,19.549999237060547,19.584999084472656,19.5,19.56999969482422,13864,0.0,0.0
2023-09-25 15:30:00-04:00,19.559999465942383,19.579999923706055,19.524999618530273,19.579999923706055,50050,0.0,0.0
2023-09-26 09:30:00-04:00,19.3700008392334,19.639999389648438,19.3700008392334,19.639999389648438,18175,0.0,0.0
2023-09-26 10:30:00-04:00,19.6299991607666,19.729999542236328,19.599000930786133,19.599000930786133,21932,0.0,0.0
2023-09-26 11:30:00-04:00,19.540000915527344,19.579999923706055,19.4950008392334,19.530000686645508,14241,0.0,0.0
2023-09-26 12:30:00-04:00,19.530000686645508,19.530000686645508,19.3799991607666,19.3799991607666,24897,0.0,0.0
2023-09-26 13:30:00-04:00,19.389999389648438,19.399999618530273,19.360000610351562,19.3700008392334,13389,0.0,0.0
2023-09-26 14:30:00-04:00,19.375,19.440000534057617,19.350000381469727,19.3799991607666,26476,0.0,0.0
2023-09-26 15:30:00-04:00,19.375,19.399999618530273,19.209999084472656,19.239999771118164,115874,0.0,0.0
2023-09-27 09:30:00-04:00,19.350000381469727,19.479999542236328,19.200000762939453,19.34000015258789,26558,0.0,0.0
2023-09-27 10:30:00-04:00,19.31999969482422,19.3700008392334,19.280000686645508,19.31999969482422,20264,0.0,0.0
2023-09-27 11:30:00-04:00,19.31999969482422,19.325000762939453,19.1200008392334,19.1299991607666,15583,0.0,0.0
2023-09-27 12:30:00-04:00,19.139999389648438,19.2450008392334,19.1200008392334,19.139999389648438,18616,0.0,0.0
2023-09-27 13:30:00-04:00,19.165000915527344,19.299999237060547,19.149999618530273,19.299999237060547,12581,0.0,0.0
2023-09-27 14:30:00-04:00,19.290000915527344,19.309999465942383,19.260000228881836,19.264999389648438,27970,0.0,0.0
2023-09-27 15:30:00-04:00,19.260000228881836,19.264999389648438,19.18000030517578,19.190000534057617,52551,0.0,0.0
2023-09-28 09:30:00-04:00,19.239999771118164,19.475000381469727,19.239999771118164,19.3700008392334,22300,0.0,0.0
2023-09-28 10:30:00-04:00,19.34000015258789,19.545000076293945,19.325000762939453,19.540000915527344,13178,0.0,0.0
2023-09-28 11:30:00-04:00,19.548999786376953,19.649999618530273,19.489999771118164,19.518999099731445,15627,0.0,0.0
2023-09-28 12:30:00-04:00,19.530000686645508,19.530000686645508,19.420000076293945,19.450000762939453,14069,0.0,0.0
2023-09-28 13:30:00-04:00,19.440000534057617,19.524999618530273,19.43000030517578,19.510000228881836,18814,0.0,0.0
2023-09-28 14:30:00-04:00,19.5,19.559999465942383,19.440000534057617,19.549999237060547,25835,0.0,0.0
2023-09-28 15:30:00-04:00,19.549999237060547,19.549999237060547,19.40999984741211,19.40999984741211,90374,0.0,0.0
2023-09-29 09:30:00-04:00,19.549999237060547,19.670000076293945,19.510000228881836,19.545000076293945,21819,0.0,0.0
2023-09-29 10:30:00-04:00,19.551000595092773,19.670000076293945,19.514999389648438,19.610000610351562,17917,0.0,0.0
2023-09-29 11:30:00-04:00,19.6200008392334,19.829999923706055,19.559999465942383,19.790000915527344,21278,0.0,0.0
2023-09-29 12:30:00-04:00,19.80500030517578,19.829999923706055,19.56999969482422,19.67099952697754,25257,0.0,0.0
2023-09-29 13:30:00-04:00,19.649999618530273,19.649999618530273,19.5049991607666,19.5049991607666,17024,0.0,0.0
2023-09-29 14:30:00-04:00,19.510000228881836,19.59000015258789,19.5,19.5,24492,0.0,0.0
2023-09-29 15:30:00-04:00,19.5,19.6200008392334,19.43000030517578,19.59000015258789,107959,0.0,0.0
2023-10-02 09:30:00-04:00,19.540000915527344,19.600000381469727,19.3799991607666,19.4950008392334,23130,0.0,0.0
2023-10-02 10:30:00-04:00,19.479999542236328,19.524999618530273,19.43000030517578,19.510000228881836,29638,0.0,0.0
2023-10-02 11:30:00-04:00,19.520000457763672,19.540000915527344,19.299999237060547,19.31999969482422,17562,0.0,0.0
2023-10-02 12:30:00-04:00,19.325000762939453,19.34000015258789,19.25,19.34000015258789,11488,0.0,0.0
2023-10-02 13:30:00-04:00,19.34000015258789,19.389999389648438,19.295000076293945,19.342500686645508,18207,0.0,0.0
2023-10-02 14:30:00-04:00,19.354999542236328,19.3799991607666,19.299999237060547,19.315000534057617,34916,0.0,0.0
2023-10-02 15:30:00-04:00,19.309999465942383,19.469999313354492,19.280000686645508,19.459999084472656,79114,0.0,0.0
2023-10-03 09:30:00-04:00,19.399999618530273,19.764999389648438,19.200000762939453,19.389999389648438,33891,0.0,0.0
2023-10-03 10:30:00-04:00,19.389999389648438,19.40999984741211,19.229999542236328,19.30500030517578,25685,0.0,0.0
2023-10-03 11:30:00-04:00,19.30500030517578,19.440000534057617,19.260000228881836,19.40999984741211,24258,0.0,0.0
2023-10-03 12:30:00-04:00,19.43000030517578,19.43000030517578,19.354999542236328,19.3700008392334,21096,0.0,0.0
2023-10-03 13:30:00-04:00,19.3799991607666,19.40999984741211,19.350000381469727,19.388900756835938,21502,0.0,0.0
2023-10-03 14:30:00-04:00,19.395000457763672,19.40999984741211,19.350000381469727,19.360000610351562,51272,0.0,0.0
2023-10-03 15:30:00-04:00,19.360000610351562,19.375,19.290000915527344,19.329999923706055,80593,0.0,0.0
2023-10-04 09:30:00-04:00,19.350000381469727,19.43000030517578,19.170000076293945,19.280000686645508,24743,0.0,0.0
2023-10-04 10:30:00-04:00,19.280000686645508,19.350000381469727,19.219999313354492,19.31999969482422,15349,0.0,0.0
2023-10-04 11:30:00-04:00,19.3700008392334,19.514999389648438,19.31999969482422,19.5,13394,0.0,0.0
2023-10-04 12:30:00-04:00,19.5,19.540000915527344,19.43000030517578,19.43000030517578,17403,0.0,0.0
2023-10-04 13:30:00-04:00,19.399999618530273,19.420000076293945,19.31999969482422,19.350000381469727,14529,0.0,0.0
2023-10-04 14:30:00-04:00,19.360000610351562,19.43000030517578,19.325000762939453,19.420000076293945,32613,0.0,0.0
2023-10-04 15:30:00-04:00,19.43000030517578,19.489999771118164,19.3799991607666,19.399999618530273,67130,0.0,0.0
2023-10-05 09:30:00-04:00,19.40999984741211,19.729999542236328,19.40999984741211,19.594999313354492,40334,0.0,0.0
2023-10-05 10:30:00-04:00,19.59000015258789,19.600000381469727,19.459999084472656,19.530000686645508,40352,0.0,0.0
2023-10-05 11:30:00-04:00,19.5,19.649999618530273,19.479999542236328,19.649999618530273,39950,0.0,0.0
2023-10-05 12:30:00-04:00,19.65999984741211,19.68000030517578,19.600000381469727,19.6200008392334,33206,0.0,0.0
2023-10-05 13:30:00-04:00,19.6299991607666,19.770000457763672,19.6200008392334,19.690000534057617,53217,0.0,0.0
2023-10-05 14:30:00-04:00,19.700000762939453,19.719999313354492,19.65999984741211,19.719999313354492,48331,0.0,0.0
2023-10-05 15:30:00-04:00,19.719999313354492,19.829999923706055,19.709999084472656,19.799999237060547,102181,0.0,0.0
2023-10-06 09:30:00-04:00,19.610000610351562,19.729999542236328,19.450000762939453,19.530000686645508,23089,0.0,0.0
2023-10-06 10:30:00-04:00,19.549999237060547,19.709999084472656,19.47100067138672,19.670000076293945,35280,0.0,0.0
2023-10-06 11:30:00-04:00,19.65999984741211,20.040000915527344,19.649999618530273,19.84000015258789,38684,0.0,0.0
2023-10-06 12:30:00-04:00,19.81999969482422,19.81999969482422,19.729999542236328,19.80500030517578,8327,0.0,0.0
2023-10-06 13:30:00-04:00,19.799999237060547,19.829999923706055,19.729999542236328,19.81999969482422,38254,0.0,0.0
2023-10-06 14:30:00-04:00,19.82200050354004,19.84000015258789,19.719999313354492,19.764999389648438,36960,0.0,0.0
2023-10-06 15:30:00-04:00,19.75,19.770000457763672,19.68000030517578,19.700000762939453,50297,0.0,0.0
2023-10-09 09:30:00-04:00,19.540000915527344,19.790000915527344,19.309999465942383,19.690000534057617,20861,0.0,0.0
2023-10-09 10:30:00-04:00,19.690000534057617,19.8700008392334,19.65999984741211,19.8700008392334,12417,0.0,0.0
2023-10-09 11:30:00-04:00,19.860000610351562,19.860000610351562,19.69099998474121,19.700000762939453,11679,0.0,0.0
2023-10-09 12:30:00-04:00,19.709999084472656,19.75,19.68000030517578,19.75,7643,0.0,0.0
2023-10-09 13:30:00-04:00,19.770000457763672,19.84000015258789,19.75,19.80229949951172,15345,0.0,0.0
2023-10-09 14:30:00-04:00,19.799999237060547,19.799999237060547,19.709999084472656,19.709999084472656,17875,0.0,0.0
2023-10-09 15:30:00-04:00,19.709999084472656,19.719999313354492,19.6299991607666,19.68000030517578,50086,0.0,0.0
2023-10-10 09:30:00-04:00,19.719999313354492,19.940000534057617,19.6299991607666,19.8799991607666,25625,0.0,0.0
2023-10-10 10:30:00-04:00,19.860000610351562,19.90999984741211,19.75,19.75,14032,0.0,0.0
2023-10-10 11:30:00-04:00,19.760000228881836,19.899999618530273,19.760000228881836,19.889999389648438,10349,0.0,0.0
2023-10-10 12:30:00-04:00,19.90999984741211,19.90999984741211,19.829999923706055,19.860000610351562,7447,0.0,0.0
2023-10-10 13:30:00-04:00,19.850000381469727,19.8700008392334,19.799999237060547,19.809999465942383,8368,0.0,0.0
2023-10-10 14:30:00-04:00,19.84000015258789,19.861499786376953,19.75,19.75,12797,0.0,0.0
2023-10-10 15:30:00-04:00,19.75,19.81999969482422,19.71500015258789,19.729999542236328,38570,0.0,0.0
2023-10-11 09:30:00-04:00,19.780000686645508,19.959999084472656,19.719999313354492,19.84000015258789,16581,0.0,0.0
2023-10-11 10:30:00-04:00,19.860000610351562,19.8799991607666,19.700000762939453,19.709999084472656,7553,0.0,0.0
2023-10-11 11:30:00-04:00,19.770000457763672,19.799999237060547,19.68000030517578,19.68000030517578,7557,0.0,0.0
2023-10-11 12:30:00-04:00,19.65999984741211,19.760000228881836,19.649999618530273,19.760000228881836,10710,0.0,0.0
2023-10-11 13:30:00-04:00,19.75,19.84000015258789,19.739999771118164,19.790000915527344,9634,0.0,0.0
2023-10-11 14:30:00-04:00,19.790000915527344,19.799999237060547,19.729999542236328,19.760000228881836,19185,0.0,0.0
2023-10-11 15:30:00-04:00,19.75,19.795000076293945,19.739999771118164,19.780000686645508,31741,0.0,0.0
2023-10-12 09:30:00-04:00,19.809999465942383,19.809999465942383,19.489999771118164,19.579999923706055,14755,0.0,0.0
2023-10-12 10:30:00-04:00,19.610000610351562,19.6299991607666,19.545000076293945,19.611000061035156,9059,0.0,0.0
2023-10-12 11:30:00-04:00,19.59000015258789,19.670000076293945,19.510000228881836,19.639999389648438,9990,0.0,0.0
2023-10-12 12:30:00-04:00,19.610000610351562,19.639999389648438,19.559999465942383,19.56999969482422,6377,0.0,0.0
2023-10-12 13:30:00-04:00,19.559999465942383,19.579999923706055,19.479999542236328,19.5,38328,0.0,0.0
2023-10-12 14:30:00-04:00,19.530000686645508,19.600000381469727,19.530000686645508,19.600000381469727,13119,0.0,0.0
2023-10-12 15:30:00-04:00,19.600000381469727,19.65999984741211,19.594999313354492,19.6200008392334,25383,0.0,0.0
2023-10-13 09:30:00-04:00,19.649999618530273,20.06999969482422,19.43000030517578,19.434999465942383,20296,0.0,0.0
2023-10-13 10:30:00-04:00,19.434999465942383,19.545000076293945,19.434999465942383,19.5,11055,0.0,0.0
2023-10-13 11:30:00-04:00,19.510000228881836,19.520000457763672,19.43000030517578,19.450000762939453,7512,0.0,0.0
2023-10-13 12:30:00-04:00,19.440000534057617,19.450000762939453,19.260000228881836,19.260000228881836,10506,0.0,0.0
2023-10-13 13:30:00-04:00,19.260000228881836,19.329999923706055,19.25,19.290000915527344,11803,0.0,0.0
2023-10-13 14:30:00-04:00,19.309999465942383,19.31999969482422,19.25,19.260000228881836,14200,0.0,0.0
2023-10-13 15:30:00-04:00,19.260000228881836,19.280000686645508,19.200000762939453,19.209999084472656,29826,0.0,0.0
2023-10-16 09:30:00-04:00,19.43000030517578,19.717500686645508,19.43000030517578,19.614999771118164,31665,0.0,0.0
2023-10-16 10:30:00-04:00,19.649999618530273,19.757400512695312,19.610000610351562,19.670000076293945,16439,0.0,0.0
2023-10-16 11:30:00-04:00,19.639999389648438,19.690000534057617,19.610000610351562,19.6299991607666,12394,0.0,0.0
2023-10-16 12:30:00-04:00,19.639999389648438,19.655000686645508,19.514999389648438,19.559999465942383,16489,0.0,0.0
2023-10-16 13:30:00-04:00,19.549999237060547,19.579999923706055,19.549999237060547,19.559999465942383,11772,0.0,0.0
2023-10-16 14:30:00-04:00,19.559999465942383,19.655000686645508,19.540000915527344,19.655000686645508,24190,0.0,0.0
2023-10-16 15:30:00-04:00,19.655000686645508,19.790000915527344,19.639999389648438,19.770000457763672,88163,0.0,0.0
2023-10-17 09:30:00-04:00,19.65999984741211,20.06999969482422,19.65999984741211,20.010000228881836,25125,0.0,0.0
2023-10-17 10:30:00-04:00,19.989999771118164,20.209999084472656,19.989999771118164,20.200000762939453,13897,0.0,0.0
2023-10-17 11:30:00-04:00,20.19499969482422,20.424999237060547,20.19499969482422,20.424999237060547,16592,0.0,0.0
2023-10-17 12:30:00-04:00,20.420000076293945,20.440000534057617,20.299999237060547,20.299999237060547,13715,0.0,0.0
2023-10-17 13:30:00-04:00,20.290000915527344,20.290000915527344,20.190000534057617,20.219999313354492,14196,0.0,0.0
2023-10-17 14:30:00-04:00,20.219999313354492,20.325000762939453,20.200000762939453,20.270000457763672,27234,0.0,0.0
2023-10-17 15:30:00-04:00,20.280000686645508,20.31999969482422,20.260000228881836,20.290000915527344,64159,0.0,0.0
2023-10-18 09:30:00-04:00,20.09000015258789,20.09000015258789,19.889999389648438,20.030000686645508,17922,0.0,0.0
2023-10-18 10:30:00-04:00,20.0,20.0,19.81999969482422,19.864999771118164,12890,0.0,0.0
2023-10-18 11:30:00-04:00,19.864999771118164,19.93000030517578,19.84000015258789,19.93000030517578,21042,0.0,0.0
2023-10-18 12:30:00-04:00,19.90999984741211,20.06999969482422,19.899999618530273,19.941999435424805,11021,0.0,0.0
2023-10-18 13:30:00-04:00,19.920000076293945,20.020000457763672,19.920000076293945,19.93000030517578,11271,0.0,0.0
2023-10-18 14:30:00-04:00,19.950000762939453,19.950000762939453,19.709999084472656,19.709999084472656,19286,0.0,0.0
2023-10-18 15:30:00-04:00,19.739999771118164,19.780000686645508,19.700000762939453,19.709999084472656,39092,0.0,0.0
2023-10-19 09:30:00-04:00,19.760000228881836,19.924999237060547,19.709999084472656,19.829999923706055,17250,0.0,0.0
2023-10-19 10:30:00-04:00,19.799999237060547,19.799999237060547,19.719999313354492,19.770000457763672,9347,0.0,0.0
2023-10-19 11:30:00-04:00,19.790000915527344,19.899999618530273,19.760000228881836,19.790000915527344,13513,0.0,0.0
2023-10-19 12:30:00-04:00,19.81999969482422,19.84000015258789,19.690000534057617,19.81999969482422,11642,0.0,0.0
2023-10-19 13:30:00-04:00,19.81999969482422,19.81999969482422,19.670000076293945,19.690000534057617,15101,0.0,0.0
2023-10-19 14:30:00-04:00,19.670000076293945,19.670000076293945,19.479999542236328,19.510000228881836,33599,0.0,0.0
2023-10-19 15:30:00-04:00,19.510000228881836,19.530000686645508,19.43000030517578,19.4950008392334,45570,0.0,0.0
2023-10-20 09:30:00-04:00,19.59000015258789,19.59000015258789,19.059999465942383,19.125,67968,0.0,0.0
2023-10-20 10:30:00-04:00,19.140100479125977,19.299999237060547,19.140100479125977,19.219999313354492,22169,0.0,0.0
2023-10-20 11:30:00-04:00,19.209999084472656,19.34000015258789,19.190000534057617,19.299999237060547,16627,0.0,0.0
2023-10-20 12:30:00-04:00,19.28499984741211,19.420000076293945,19.28499984741211,19.40999984741211,13207,0.0,0.0
2023-10-20 13:30:00-04:00,19.389999389648438,19.43000030517578,19.18000030517578,19.209999084472656,25942,0.0,0.0
2023-10-20 14:30:00-04:00,19.209999084472656,19.229999542236328,19.1200008392334,19.139999389648438,38167,0.0,0.0
2023-10-20 15:30:00-04:00,19.139999389648438,19.15999984741211,19.079999923706055,19.110000610351562,51318,0.0,0.0
2023-10-23 09:30:00-04:00,19.010000228881836,19.379100799560547,19.010000228881836,19.290000915527344,21059,0.0,0.0
2023-10-23 10:30:00-04:00,19.219999313354492,19.329999923706055,19.200000762939453,19.270000457763672,14883,0.0,0.0
2023-10-23 11:30:00-04:00,19.280000686645508,19.395000457763672,19.280000686645508,19.3700008392334,18102,0.0,0.0
2023-10-23 12:30:00-04:00,19.350000381469727,19.440000534057617,19.329999923706055,19.360000610351562,15809,0.0,0.0
2023-10-23 13:30:00-04:00,19.3700008392334,19.399999618530273,19.18000030517578,19.190000534057617,22752,0.0,0.0
2023-10-23 14:30:00-04:00,19.200000762939453,19.21500015258789,19.020000457763672,19.040000915527344,65002,0.0,0.0
2023-10-23 15:30:00-04:00,19.020000457763672,19.049999237060547,18.90999984741211,18.959999084472656,75985,0.0,0.0
2023-10-24 09:30:00-04:00,19.0,19.0,18.829999923706055,18.90999984741211,28254,0.0,0.0
2023-10-24 10:30:00-04:00,18.8700008392334,18.899999618530273,18.59000015258789,18.65999984741211,18130,0.0,0.0
2023-10-24 11:30:00-04:00,18.649999618530273,18.684999465942383,18.520000457763672,18.530000686645508,13936,0.0,0.0
2023-10-24 12:30:00-04:00,18.510000228881836,18.59000015258789,18.510000228881836,18.59000015258789,16071,0.0,0.0
2023-10-24 13:30:00-04:00,18.610000610351562,18.639999389648438,18.56999969482422,18.610300064086914,20156,0.0,0.0
2023-10-24 14:30:00-04:00,18.625,18.68000030517578,18.545000076293945,18.59000015258789,105840,0.0,0.0
2023-10-24 15:30:00-04:00,18.56999969482422,18.649999618530273,18.540000915527344,18.59000015258789,78543,0.0,0.0
2023-10-25 09:30:00-04:00,18.459999084472656,19.05500030517578,17.485000610351562,17.579999923706055,51986,0.0,0.0
2023-10-25 10:30:00-04:00,17.549999237060547,17.610000610351562,17.309999465942383,17.3700008392334,55640,0.0,0.0
2023-10-25 11:30:00-04:00,17.344999313354492,17.56999969482422,17.329999923706055,17.344999313354492,44537,0.0,0.0
2023-10-25 12:30:00-04:00,17.350000381469727,17.440000534057617,17.229999542236328,17.299999237060547,34878,0.0,0.0
2023-10-25 13:30:00-04:00,17.295000076293945,17.429899215698242,17.295000076293945,17.360000610351562,23308,0.0,0.0
2023-10-25 14:30:00-04:00,17.3700008392334,17.540000915527344,17.34000015258789,17.479999542236328,100574,0.0,0.0
2023-10-25 15:30:00-04:00,17.479999542236328,17.514999389648438,17.34000015258789,17.350000381469727,175380,0.0,0.0
2023-10-26 09:30:00-04:00,17.549999237060547,18.905000686645508,17.34000015258789,17.614999771118164,69755,0.0,0.0
2023-10-26 10:30:00-04:00,17.614999771118164,17.950000762939453,17.579999923706055,17.812000274658203,48785,0.0,0.0
2023-10-26 11:30:00-04:00,17.81999969482422,17.934999465942383,17.639999389648438,17.639999389648438,21699,0.0,0.0
2023-10-26 12:30:00-04:00,17.649999618530273,17.815000534057617,17.614999771118164,17.75,21720,0.0,0.0
2023-10-26 13:30:00-04:00,17.764999389648438,17.985000610351562,17.725000381469727,17.94499969482422,36722,0.0,0.0
2023-10-26 14:30:00-04:00,17.94499969482422,18.139999389648438,17.934999465942383,18.049999237060547,69497,0.0,0.0
2023-10-26 15:30:00-04:00,18.040000915527344,18.139999389648438,18.0,18.1299991607666,96090,0.0,0.0
2023-10-27 09:30:00-04:00,18.100000381469727,18.3799991607666,17.989999771118164,18.368000030517578,25396,0.0,0.0
2023-10-27 10:30:00-04:00,18.3700008392334,18.389999389648438,18.229999542236328,18.309999465942383,14788,0.0,0.0
2023-10-27 11:30:00-04:00,18.280000686645508,18.280000686645508,18.100000381469727,18.100000381469727,18564,0.0,0.0
2023-10-27 12:30:00-04:00,18.1200008392334,18.139999389648438,17.90999984741211,17.979999542236328,23506,0.0,0.0
2023-10-27 13:30:00-04:00,17.989999771118164,18.1200008392334,17.969999313354492,18.1200008392334,19910,0.0,0.0
2023-10-27 14:30:00-04:00,18.114999771118164,18.190000534057617,18.059999465942383,18.184999465942383,44826,0.0,0.0
2023-10-27 15:30:00-04:00,18.170000076293945,18.190000534057617,18.079999923706055,18.18000030517578,98191,0.0,0.0
2023-10-30 09:30:00-04:00,18.3700008392334,18.489999771118164,18.239999771118164,18.260000228881836,23970,0.0,0.0
2023-10-30 10:30:00-04:00,18.299999237060547,18.459999084472656,18.290000915527344,18.454999923706055,19059,0.0,0.0
2023-10-30 11:30:00-04:00,18.454999923706055,18.459999084472656,18.360000610351562,18.36009979248047,15027,0.0,0.0
2023-10-30 12:30:00-04:00,18.360000610351562,18.449899673461914,18.290000915527344,18.449899673461914,20260,0.0,0.0
2023-10-30 13:30:00-04:00,18.43000030517578,18.459999084472656,18.3799991607666,18.43000030517578,24250,0.0,0.0
2023-10-30 14:30:00-04:00,18.440000534057617,18.540000915527344,18.43000030517578,18.520000457763672,37995,0.0,0.0
2023-10-30 15:30:00-04:00,18.514999389648438,18.514999389648438,18.420000076293945,18.440000534057617,41533,0.0,0.0
2023-10-31 09:30:00-04:00,18.440000534057617,18.610000610351562,18.270000457763672,18.389999389648438,15824,0.0,0.0
2023-10-31 10:30:00-04:00,18.40999984741211,18.59000015258789,18.3700008392334,18.559999465942383,10417,0.0,0.0
2023-10-31 11:30:00-04:00,18.549999237060547,18.56999969482422,18.40999984741211,18.420000076293945,6994,0.0,0.0
2023-10-31 12:30:00-04:00,18.44499969482422,18.44499969482422,18.3700008392334,18.389999389648438,7131,0.0,0.0
2023-10-31 13:30:00-04:00,18.389999389648438,18.459999084472656,18.389999389648438,18.441999435424805,18554,0.0,0.0
2023-10-31 14:30:00-04:00,18.440000534057617,18.549999237060547,18.420000076293945,18.540000915527344,20532,0.0,0.0
2023-10-31 15:30:00-04:00,18.53499984741211,18.559999465942383,18.489999771118164,18.5,53375,0.0,0.0
2023-11-01 09:30:00-04:00,18.469999313354492,18.969999313354492,18.350000381469727,18.565000534057617,21847,0.0,0.0
2023-11-01 10:30:00-04:00,18.559999465942383,18.670000076293945,18.329999923706055,18.360000610351562,17948,0.0,0.0
2023-11-01 11:30:00-04:00,18.360000610351562,18.399999618530273,18.290000915527344,18.309999465942383,12705,0.0,0.0
2023-11-01 12:30:00-04:00,18.290000915527344,18.290000915527344,18.149999618530273,18.18000030517578,16863,0.0,0.0
2023-11-01 13:30:00-04:00,18.15999984741211,18.329999923706055,18.15999984741211,18.299999237060547,23187,0.0,0.0
2023-11-01 14:30:00-04:00,18.309999465942383,18.440000534057617,18.18000030517578,18.43000030517578,44875,0.0,0.0
2023-11-01 15:30:00-04:00,18.420000076293945,18.489999771118164,18.389999389648438,18.479999542236328,57651,0.0,0.0
2023-11-02 09:30:00-04:00,18.649999618530273,19.378999710083008,18.649999618530273,18.959999084472656,13547,0.0,0.0
2023-11-02 10:30:00-04:00,19.0,19.25,18.985000610351562,19.219999313354492,43393,0.0,0.0
2023-11-02 11:30:00-04:00,19.200000762939453,19.329999923706055,19.190000534057617,19.229999542236328,24620,0.0,0.0
2023-11-02 12:30:00-04:00,19.25,19.31999969482422,19.209999084472656,19.260000228881836,21835,0.0,0.0
2023-11-02 13:30:00-04:00,19.27989959716797,19.35700035095215,19.270000457763672,19.354999542236328,12368,0.0,0.0
2023-11-02 14:30:00-04:00,19.3700008392334,19.540000915527344,19.329999923706055,19.530000686645508,40060,0.0,0.0
2023-11-02 15:30:00-04:00,19.540000915527344,19.670000076293945,19.514999389648438,19.670000076293945,137826,0.0,0.0
2023-11-03 09:30:00-04:00,20.25,20.719999313354492,19.889999389648438,20.27400016784668,82426,0.0,0.0
2023-11-03 10:30:00-04:00,20.25,20.299999237060547,20.190000534057617,20.299999237060547,22202,0.0,0.0
2023-11-03 11:30:00-04:00,20.290000915527344,20.329999923706055,20.239999771118164,20.290000915527344,11444,0.0,0.0
2023-11-03 12:30:00-04:00,20.31999969482422,20.399999618530273,20.290000915527344,20.299999237060547,13207,0.0,0.0
2023-11-03 13:30:00-04:00,20.30900001525879,20.31999969482422,20.25,20.309999465942383,19153,0.0,0.0
2023-11-03 14:30:00-04:00,20.319400787353516,20.34000015258789,20.190000534057617,20.200000762939453,56585,0.0,0.0
2023-11-03 15:30:00-04:00,20.190000534057617,20.190000534057617,20.06999969482422,20.06999969482422,54752,0.0,0.0
2023-11-06 09:30:00-05:00,20.09000015258789,20.538000106811523,19.84000015258789,19.84000015258789,23107,0.0,0.0
2023-11-06 10:30:00-05:00,19.858999252319336,19.96500015258789,19.829999923706055,19.93000030517578,28452,0.0,0.0
2023-11-06 11:30:00-05:00,19.920000076293945,20.010000228881836,19.799999237060547,19.84000015258789,27098,0.0,0.0
2023-11-06 12:30:00-05:00,19.850000381469727,19.8799991607666,19.729999542236328,19.795000076293945,34917,0.0,0.0
2023-11-06 13:30:00-05:00,19.790000915527344,19.860000610351562,19.780000686645508,19.84000015258789,20055,0.0,0.0
2023-11-06 14:30:00-05:00,19.850000381469727,19.950000762939453,19.829999923706055,19.950000762939453,30524,0.0,0.0
2023-11-06 15:30:00-05:00,19.950000762939453,19.950000762939453,19.809999465942383,19.899999618530273,66683,0.0,0.0
2023-11-07 09:30:00-05:00,19.780000686645508,19.889999389648438,19.639999389648438,19.889999389648438,12607,0.0,0.0
2023-11-07 10:30:00-05:00,19.885000228881836,19.93000030517578,19.724000930786133,19.785600662231445,6702,0.0,0.0
2023-11-07 11:30:00-05:00,19.790000915527344,19.889999389648438,19.760000228881836,19.790000915527344,18905,0.0,0.0
2023-11-07 12:30:00-05:00,19.790000915527344,19.829999923706055,19.700000762939453,19.790000915527344,9502,0.0,0.0
2023-11-07 13:30:00-05:00,19.78499984741211,19.844999313354492,19.78499984741211,19.80030059814453,5596,0.0,0.0
2023-11-07 14:30:00-05:00,19.80500030517578,19.889999389648438,19.780000686645508,19.860000610351562,14957,0.0,0.0
2023-11-07 15:30:00-05:00,19.850000381469727,19.860000610351562,19.700000762939453,19.719999313354492,63846,0.0,0.0
2023-11-08 09:30:00-05:00,19.809999465942383,19.809999465942383,19.440000534057617,19.450000762939453,6968,0.0,0.0
2023-11-08 10:30:00-05:00,19.469999313354492,19.489999771118164,19.399999618530273,19.43000030517578,10758,0.0,0.0
2023-11-08 11:30:00-05:00,19.420000076293945,19.450000762939453,19.36199951171875,19.3700008392334,7123,0.0,0.0
2023-11-08 12:30:00-05:00,19.350000381469727,19.420000076293945,19.329999923706055,19.399999618530273,9810,0.0,0.0
2023-11-08 13:30:00-05:00,19.40999984741211,19.440000534057617,19.391000747680664,19.43000030517578,7932,0.0,0.0
2023-11-08 14:30:00-05:00,19.420000076293945,19.43000030517578,19.350000381469727,19.3700008392334,16094,0.0,0.0
2023-11-08 15:30:00-05:00,19.3700008392334,19.469999313354492,19.350000381469727,19.459999084472656,35351,0.0,0.0
2023-11-09 09:30:00-05:00,19.510000228881836,19.510000228881836,19.219999313354492,19.219999313354492,10713,0.0,0.0
2023-11-09 10:30:00-05:00,19.209999084472656,19.3799991607666,19.18000030517578,19.34000015258789,11595,0.0,0.0
2023-11-09 11:30:00-05:00,19.34000015258789,19.454700469970703,19.31999969482422,19.420000076293945,13371,0.0,0.0
2023-11-09 12:30:00-05:00,19.440000534057617,19.479999542236328,19.270000457763672,19.27589988708496,14099,0.0,0.0
2023-11-09 13:30:00-05:00,19.270000457763672,19.270000457763672,19.010000228881836,19.012500762939453,26793,0.0,0.0
2023-11-09 14:30:00-05:00,19.0,19.18000030517578,19.0,19.110000610351562,28058,0.0,0.0
2023-11-09 15:30:00-05:00,19.114999771118164,19.219999313354492,19.06999969482422,19.190000534057617,75609,0.0,0.0
2023-11-10 09:30:00-05:00,19.270000457763672,19.309999465942383,19.06999969482422,19.219999313354492,11904,0.0,0.0
2023-11-10 10:30:00-05:00,19.174999237060547,19.174999237060547,19.090599060058594,19.1299991607666,8543,0.0,0.0
2023-11-10 11:30:00-05:00,19.09000015258789,19.139999389648438,19.06719970703125,19.13290023803711,8839,0.0,0.0
2023-11-10 12:30:00-05:00,19.139999389648438,19.31999969482422,19.139999389648438,19.309999465942383,10332,0.0,0.0
2023-11-10 13:30:00-05:00,19.290000915527344,19.360000610351562,19.280000686645508,19.309999465942383,14939,0.0,0.0
2023-11-10 14:30:00-05:00,19.309999465942383,19.329999923706055,19.209999084472656,19.239999771118164,33309,0.0,0.0
2023-11-10 15:30:00-05:00,19.25,19.270000457763672,19.209999084472656,19.239999771118164,32052,0.0,0.0
2023-11-13 09:30:00-05:00,19.110000610351562,19.125,19.0,19.09000015258789,8241,0.0,0.0
2023-11-13 10:30:00-05:00,19.06999969482422,19.270000457763672,19.06170082092285,19.270000457763672,10352,0.0,0.0
2023-11-13 11:30:00-05:00,19.309999465942383,19.360000610351562,19.270000457763672,19.31999969482422,8630,0.0,0.0
2023-11-13 12:30:00-05:00,19.329999923706055,19.329999923706055,19.239999771118164,19.239999771118164,5542,0.0,0.0
2023-11-13 13:30:00-05:00,19.229999542236328,19.25,19.200000762939453,19.229999542236328,6919,0.0,0.0
2023-11-13 14:30:00-05:00,19.229999542236328,19.280000686645508,19.229999542236328,19.229999542236328,19102,0.0,0.0
2023-11-13 15:30:00-05:00,19.219999313354492,19.280000686645508,19.209999084472656,19.219999313354492,38459,0.0,0.0
2023-11-14 09:30:00-05:00,20.0,20.649999618530273,20.0,20.610000610351562,27470,0.0,0.0
2023-11-14 10:30:00-05:00,20.579999923706055,20.90999984741211,20.559999465942383,20.8799991607666,26801,0.0,0.0
2023-11-14 11:30:00-05:00,20.860000610351562,20.93000030517578,20.670000076293945,20.690000534057617,23795,0.0,0.0
2023-11-14 12:30:00-05:00,20.700000762939453,20.739999771118164,20.6299991607666,20.635000228881836,25682,0.0,0.0
2023-11-14 13:30:00-05:00,20.639999389648438,20.649999618530273,20.469999313354492,20.510000228881836,28277,0.0,0.0
2023-11-14 14:30:00-05:00,20.5049991607666,20.639999389648438,20.5049991607666,20.59000015258789,45985,0.0,0.0
2023-11-14 15:30:00-05:00,20.59000015258789,20.639999389648438,20.575000762939453,20.6200008392334,75737,0.0,0.0
2023-11-15 09:30:00-05:00,20.540000915527344,20.786800384521484,20.540000915527344,20.739999771118164,17075,0.0,0.0
2023-11-15 10:30:00-05:00,20.799999237060547,21.0,20.790000915527344,20.96500015258789,21112,0.0,0.0
2023-11-15 11:30:00-05:00,20.979999542236328,20.979999542236328,20.81999969482422,20.889999389648438,8610,0.0,0.0
2023-11-15 12:30:00-05:00,20.90999984741211,20.93000030517578,20.75,20.799999237060547,9499,0.0,0.0
2023-11-15 13:30:00-05:00,20.809999465942383,20.899999618530273,20.780000686645508,20.795700073242188,12100,0.0,0.0
2023-11-15 14:30:00-05:00,20.799999237060547,20.81999969482422,20.683000564575195,20.81999969482422,21544,0.0,0.0
2023-11-15 15:30:00-05:00,20.799999237060547,20.829999923706055,20.739999771118164,20.81999969482422,43850,0.0,0.0
2023-11-16 09:30:00-05:00,20.829999923706055,21.0,20.3700008392334,20.43000030517578,12565,0.0,0.0
2023-11-16 10:30:00-05:00,20.440000534057617,20.489999771118164,20.385000228881836,20.440000534057617,8630,0.0,0.0
2023-11-16 11:30:00-05:00,20.459999084472656,20.56999969482422,20.459999084472656,20.540000915527344,12731,0.0,0.0
2023-11-16 12:30:00-05:00,20.559999465942383,20.600000381469727,20.549999237060547,20.579999923706055,4820,0.0,0.0
2023-11-16 13:30:00-05:00,20.579999923706055,20.600000381469727,20.549999237060547,20.579999923706055,5900,0.0,0.0
2023-11-16 14:30:00-05:00,20.59000015258789,20.625,20.510000228881836,20.6200008392334,31664,0.0,0.0
2023-11-16 15:30:00-05:00,20.610000610351562,20.6299991607666,20.514999389648438,20.520000457763672,38805,0.0,0.0
2023-11-17 09:30:00-05:00,20.799999237060547,20.84000015258789,20.639999389648438,20.84000015258789,58523,0.0,0.0
2023-11-17 10:30:00-05:00,20.8799991607666,21.06999969482422,20.809999465942383,20.975000381469727,12606,0.0,0.0
2023-11-17 11:30:00-05:00,20.969999313354492,20.985000610351562,20.920000076293945,20.920000076293945,9967,0.0,0.0
2023-11-17 12:30:00-05:00,20.959999084472656,20.985000610351562,20.920000076293945,20.940000534057617,7726,0.0,0.0
2023-11-17 13:30:00-05:00,20.940000534057617,20.940000534057617,20.860000610351562,20.860000610351562,12220,0.0,0.0
2023-11-17 14:30:00-05:00,20.8700008392334,21.0,20.799999237060547,20.969999313354492,68224,0.0,0.0
2023-11-17 15:30:00-05:00,20.989999771118164,20.989999771118164,20.90999984741211,20.940000534057617,75123,0.0,0.0
2023-11-20 09:30:00-05:00,20.8700008392334,20.8700008392334,20.709999084472656,20.760000228881836,18597,0.0,0.0
2023-11-20 10:30:00-05:00,20.729999542236328,20.84000015258789,20.709999084472656,20.81999969482422,8737,0.0,0.0
2023-11-20 11:30:00-05:00,20.790000915527344,20.80500030517578,20.719999313354492,20.79330062866211,10045,0.0,0.0
2023-11-20 12:30:00-05:00,20.760000228881836,20.829999923706055,20.719999313354492,20.809999465942383,5501,0.0,0.0
2023-11-20 13:30:00-05:00,20.799999237060547,20.799999237060547,20.75,20.75,7423,0.0,0.0
2023-11-20 14:30:00-05:00,20.770000457763672,20.809999465942383,20.760000228881836,20.809999465942383,12800,0.0,0.0
2023-11-20 15:30:00-05:00,20.799999237060547,20.80500030517578,20.719999313354492,20.760000228881836,30671,0.0,0.0
2023-11-21 09:30:00-05:00,20.739999771118164,20.739999771118164,20.010000228881836,20.559999465942383,14295,0.0,0.0
2023-11-21 10:30:00-05:00,20.549999237060547,20.6200008392334,20.530000686645508,20.530000686645508,7212,0.0,0.0
2023-11-21 11:30:00-05:00,20.52750015258789,20.549999237060547,20.440000534057617,20.440000534057617,12218,0.0,0.0
2023-11-21 12:30:00-05:00,20.43000030517578,20.45989990234375,20.34000015258789,20.350000381469727,9996,0.0,0.0
2023-11-21 13:30:00-05:00,20.360000610351562,20.3700008392334,20.31999969482422,20.331499099731445,11286,0.0,0.0
2023-11-21 14:30:00-05:00,20.299999237060547,20.315000534057617,20.25,20.270000457763672,11163,0.0,0.0
2023-11-21 15:30:00-05:00,20.280000686645508,20.290000915527344,20.200000762939453,20.219999313354492,45609,0.0,0.0
2023-11-22 09:30:00-05:00,20.489999771118164,20.547500610351562,20.295000076293945,20.479999542236328,21790,0.0,0.0
2023-11-22 10:30:00-05:00,20.5,20.549999237060547,20.43000030517578,20.43000030517578,9412,0.0,0.0
2023-11-22 11:30:00-05:00,20.420000076293945,20.510000228881836,20.4064998626709,20.40999984741211,9140,0.0,0.0
2023-11-22 12:30:00-05:00,20.40999984741211,20.40999984741211,20.309999465942383,20.329999923706055,5924,0.0,0.0
2023-11-22 13:30:00-05:00,20.309999465942383,20.3799991607666,20.309999465942383,20.329999923706055,9927,0.0,0.0
2023-11-22 14:30:00-05:00,20.34000015258789,20.420000076293945,20.280000686645508,20.420000076293945,17559,0.0,0.0
2023-11-22 15:30:00-05:00,20.43000030517578,20.43000030517578,20.3799991607666,20.3799991607666,40981,0.0,0.0
2023-11-24 09:30:00-05:00,20.420000076293945,20.53499984741211,20.299999237060547,20.510000228881836,21436,0.0,0.0
2023-11-24 10:30:00-05:00,20.520000457763672,20.530000686645508,20.399999618530273,20.399999618530273,12195,0.0,0.0
2023-11-24 11:30:00-05:00,20.43000030517578,20.434999465942383,20.3799991607666,20.43000030517578,9455,0.0,0.0
2023-11-27 09:30:00-05:00,20.280000686645508,20.280000686645508,19.920000076293945,20.264999389648438,14914,0.0,0.0
2023-11-27 10:30:00-05:00,20.274999618530273,20.389999389648438,20.259000778198242,20.350000381469727,22714,0.0,0.0
2023-11-27 11:30:00-05:00,20.35099983215332,20.37420082092285,20.280000686645508,20.280000686645508,6233,0.0,0.0
2023-11-27 12:30:00-05:00,20.290000915527344,20.30500030517578,20.190000534057617,20.209999084472656,16846,0.0,0.0
2023-11-27 13:30:00-05:00,20.21500015258789,20.290000915527344,20.209999084472656,20.270000457763672,13274,0.0,0.0
2023-11-27 14:30:00-05:00,20.270000457763672,20.360000610351562,20.270000457763672,20.34000015258789,13605,0.0,0.0
2023-11-27 15:30:00-05:00,20.339000701904297,20.364999771118164,20.31999969482422,20.31999969482422,34705,0.0,0.0
2023-11-28 09:30:00-05:00,20.25,20.389999389648438,20.052499771118164,20.18000030517578,9951,0.0,0.0
2023-11-28 10:30:00-05:00,20.174999237060547,20.312000274658203,20.15999984741211,20.25,10706,0.0,0.0
2023-11-28 11:30:00-05:00,20.329999923706055,20.329999923706055,20.290000915527344,20.30069923400879,3482,0.0,0.0
2023-11-28 12:30:00-05:00,20.309999465942383,20.309999465942383,20.170000076293945,20.190000534057617,4780,0.0,0.0
2023-11-28 13:30:00-05:00,20.190000534057617,20.260000228881836,20.190000534057617,20.25,15326,0.0,0.0
2023-11-28 14:30:00-05:00,20.229999542236328,20.28499984741211,20.229999542236328,20.270000457763672,10860,0.0,0.0
2023-11-28 15:30:00-05:00,20.280000686645508,20.350000381469727,20.2549991607666,20.290000915527344,101651,0.0,0.0
2023-11-29 09:30:00-05:00,20.450000762939453,20.809999465942383,20.450000762939453,20.809999465942383,13834,0.0,0.0
2023-11-29 10:30:00-05:00,20.819000244140625,20.829999923706055,20.670000076293945,20.719999313354492,19271,0.0,0.0
2023-11-29 11:30:00-05:00,20.700000762939453,20.770000457763672,20.68000030517578,20.709999084472656,12067,0.0,0.0
2023-11-29 12:30:00-05:00,20.709999084472656,20.729999542236328,20.6200008392334,20.6299991607666,10788,0.0,0.0
2023-11-29 13:30:00-05:00,20.6200008392334,20.68000030517578,20.59000015258789,20.625,13701,0.0,0.0
2023-11-29 14:30:00-05:00,20.6200008392334,20.6200008392334,20.520000457763672,20.530000686645508,19757,0.0,0.0
2023-11-29 15:30:00-05:00,20.520000457763672,20.559999465942383,20.489999771118164,20.540000915527344,59856,0.0,0.0
2023-11-30 09:30:00-05:00,20.34000015258789,20.440000534057617,20.165000915527344,20.3700008392334,19378,0.0,0.0
2023-11-30 10:30:00-05:00,20.360000610351562,20.389999389648438,20.260000228881836,20.309999465942383,7601,0.0,0.0
2023-11-30 11:30:00-05:00,20.31999969482422,20.34000015258789,20.280000686645508,20.290000915527344,10185,0.0,0.0
2023-11-30 12:30:00-05:00,20.260000228881836,20.329999923706055,20.2549991607666,20.31999969482422,6635,0.0,0.0
2023-11-30 13:30:00-05:00,20.309999465942383,20.329999923706055,20.280000686645508,20.290000915527344,14771,0.0,0.0
2023-11-30 14:30:00-05:00,20.299999237060547,20.329999923706055,20.260000228881836,20.264999389648438,14985,0.0,0.0
2023-11-30 15:30:00-05:00,20.270000457763672,20.270000457763672,20.06999969482422,20.209999084472656,50373,0.0,0.0
2023-12-01 09:30:00-05:00,20.09000015258789,20.530000686645508,20.084999084472656,20.5,16384,0.0,0.0
2023-12-01 10:30:00-05:00,20.489999771118164,20.940000534057617,20.479999542236328,20.93000030517578,30968,0.0,0.0
2023-12-01 11:30:00-05:00,20.93000030517578,21.204999923706055,20.90999984741211,21.170000076293945,20475,0.0,0.0
2023-12-01 12:30:00-05:00,21.165000915527344,21.420000076293945,21.079999923706055,21.079999923706055,41052,0.0,0.0
2023-12-01 13:30:00-05:00,21.059999465942383,21.229999542236328,21.049999237060547,21.1299991607666,19170,0.0,0.0
2023-12-01 14:30:00-05:00,21.161699295043945,21.190000534057617,21.100000381469727,21.139999389648438,18591,0.0,0.0
2023-12-01 15:30:00-05:00,21.165000915527344,21.329999923706055,21.165000915527344,21.270000457763672,47822,0.0,0.0
2023-12-04 09:30:00-05:00,21.049999237060547,21.459999084472656,21.049999237060547,21.3799991607666,30525,0.0,0.0
2023-12-04 10:30:00-05:00,21.415000915527344,21.559999465942383,21.378999710083008,21.510000228881836,17591,0.0,0.0
2023-12-04 11:30:00-05:00,21.5,21.6299991607666,21.40999984741211,21.59000015258789,17529,0.0,0.0
2023-12-04 12:30:00-05:00,21.600000381469727,21.75,21.600000381469727,21.65999984741211,25930,0.0,0.0
2023-12-04 13:30:00-05:00,21.662599563598633,21.719999313354492,21.6299991607666,21.65999984741211,19967,0.0,0.0
2023-12-04 14:30:00-05:00,21.670000076293945,21.75,21.66900062561035,21.670000076293945,49216,0.0,0.0
2023-12-04 15:30:00-05:00,21.65999984741211,21.739999771118164,21.6299991607666,21.700000762939453,70783,0.0,0.0
2023-12-05 09:30:00-05:00,21.670000076293945,21.915000915527344,21.485000610351562,21.607500076293945,16463,0.0,0.0
2023-12-05 10:30:00-05:00,21.635000228881836,21.770000457763672,21.549999237060547,21.739999771118164,17219,0.0,0.0
2023-12-05 11:30:00-05:00,21.7450008392334,21.829999923706055,21.552499771118164,21.56999969482422,15319,0.0,0.0
2023-12-05 12:30:00-05:00,21.559999465942383,21.600000381469727,21.469999313354492,21.559999465942383,19574,0.0,0.0
2023-12-05 13:30:00-05:00,21.549999237060547,21.649999618530273,21.549999237060547,21.601699829101562,13937,0.0,0.0
2023-12-05 14:30:00-05:00,21.6200008392334,21.65999984741211,21.540000915527344,21.549999237060547,24219,0.0,0.0
2023-12-05 15:30:00-05:00,21.549999237060547,21.6200008392334,21.520000457763672,21.6200008392334,47251,0.0,0.0
2023-12-06 09:30:00-05:00,21.989999771118164,22.719999313354492,21.979999542236328,22.510000228881836,59989,0.0,0.0
2023-12-06 10:30:00-05:00,22.510000228881836,22.545000076293945,22.299999237060547,22.360000610351562,30310,0.0,0.0
2023-12-06 11:30:00-05:00,22.350000381469727,22.350000381469727,22.18000030517578,22.229999542236328,16539,0.0,0.0
2023-12-06 12:30:00-05:00,22.219999313354492,22.239999771118164,22.1200008392334,22.209999084472656,21970,0.0,0.0
2023-12-06 13:30:00-05:00,22.229999542236328,22.260000228881836,22.100000381469727,22.100000381469727,24181,0.0,0.0
2023-12-06 14:30:00-05:00,22.1200008392334,22.1200008392334,21.93000030517578,21.940000534057617,33120,0.0,0.0
2023-12-06 15:30:00-05:00,21.940000534057617,21.979999542236328,21.885000228881836,21.917999267578125,83604,0.0,0.0
2023-12-07 09:30:00-05:00,21.950000762939453,22.3700008392334,21.799999237060547,22.290000915527344,16092,0.0,0.0
2023-12-07 10:30:00-05:00,22.290000915527344,22.290000915527344,22.174999237060547,22.260000228881836,16127,0.0,0.0
2023-12-07 11:30:00-05:00,22.239999771118164,22.309999465942383,22.1299991607666,22.18000030517578,23594,0.0,0.0
2023-12-07 12:30:00-05:00,22.200000762939453,22.360000610351562,22.190000534057617,22.309999465942383,11523,0.0,0.0
2023-12-07 13:30:00-05:00,22.31999969482422,22.424999237060547,22.31999969482422,22.40999984741211,16622,0.0,0.0
2023-12-07 14:30:00-05:00,22.395000457763672,22.450000762939453,22.239999771118164,22.344999313354492,29020,0.0,0.0
2023-12-07 15:30:00-05:00,22.350000381469727,22.43000030517578,22.280000686645508,22.43000030517578,62747,0.0,0.0
2023-12-08 09:30:00-05:00,22.440000534057617,22.770000457763672,22.21430015563965,22.770000457763672,40514,0.0,0.0
2023-12-08 10:30:00-05:00,22.790000915527344,22.80500030517578,22.600000381469727,22.614999771118164,24774,0.0,0.0
2023-12-08 11:30:00-05:00,22.639999389648438,22.709999084472656,22.610000610351562,22.65999984741211,20081,0.0,0.0
2023-12-08 12:30:00-05:00,22.68000030517578,22.81999969482422,22.649999618530273,22.75,13676,0.0,0.0
2023-12-08 13:30:00-05:00,22.739999771118164,22.760000228881836,22.700000762939453,22.75,16722,0.0,0.0
2023-12-08 14:30:00-05:00,22.760000228881836,22.770000457763672,22.674999237060547,22.760000228881836,43477,0.0,0.0
2023-12-08 15:30:00-05:00,22.7549991607666,22.790000915527344,22.6200008392334,22.649999618530273,59646,0.0,0.0
2023-12-11 09:30:00-05:00,22.56999969482422,22.74959945678711,22.489999771118164,22.600000381469727,26571,0.0,0.0
2023-12-11 10:30:00-05:00,22.6299991607666,22.6299991607666,22.459999084472656,22.540000915527344,16018,0.0,0.0
2023-12-11 11:30:00-05:00,22.530000686645508,22.6299991607666,22.479999542236328,22.56999969482422,16925,0.0,0.0
2023-12-11 12:30:00-05:00,22.57040023803711,22.75,22.57040023803711,22.75,14443,0.0,0.0
2023-12-11 13:30:00-05:00,22.709999084472656,22.770000457763672,22.68000030517578,22.739999771118164,12284,0.0,0.0
2023-12-11 14:30:00-05:00,22.729999542236328,22.75,22.639999389648438,22.649999618530273,20075,0.0,0.0
2023-12-11 15:30:00-05:00,22.649999618530273,22.739999771118164,22.639999389648438,22.709999084472656,44849,0.0,0.0
2023-12-12 09:30:00-05:00,22.690000534057617,22.709999084472656,22.530000686645508,22.65999984741211,27978,0.0,0.0
2023-12-12 10:30:00-05:00,22.6299991607666,22.780000686645508,22.600000381469727,22.600000381469727,22585,0.0,0.0
2023-12-12 11:30:00-05:00,22.559999465942383,22.604999542236328,22.559999465942383,22.579999923706055,10132,0.0,0.0
2023-12-12 12:30:00-05:00,22.59000015258789,22.670000076293945,22.56999969482422,22.6299991607666,17394,0.0,0.0
2023-12-12 13:30:00-05:00,22.639999389648438,22.639999389648438,22.5,22.54159927368164,19081,0.0,0.0
2023-12-12 14:30:00-05:00,22.559999465942383,22.6200008392334,22.540000915527344,22.56999969482422,26686,0.0,0.0
2023-12-12 15:30:00-05:00,22.549999237060547,22.559999465942383,22.399999618530273,22.43000030517578,65476,0.0,0.0
2023-12-13 09:30:00-05:00,22.56999969482422,22.700000762939453,22.459999084472656,22.700000762939453,15588,0.0,0.0
2023-12-13 10:30:00-05:00,22.690000534057617,22.709999084472656,22.600000381469727,22.709999084472656,11039,0.0,0.0
2023-12-13 11:30:00-05:00,22.68000030517578,22.68000030517578,22.559999465942383,22.559999465942383,9784,0.0,0.0
2023-12-13 12:30:00-05:00,22.579999923706055,22.610000610351562,22.489999771118164,22.530000686645508,11297,0.0,0.0
2023-12-13 13:30:00-05:00,22.530000686645508,23.09000015258789,22.520000457763672,23.040000915527344,63136,0.0,0.0
2023-12-13 14:30:00-05:00,23.045000076293945,23.68000030517578,23.030000686645508,23.55500030517578,102353,0.0,0.0
2023-12-13 15:30:00-05:00,23.540000915527344,23.690000534057617,23.5,23.559999465942383,132600,0.0,0.0
2023-12-14 09:30:00-05:00,24.049999237060547,24.604999542236328,23.790000915527344,23.860000610351562,59494,0.0,0.0
2023-12-14 10:30:00-05:00,23.84000015258789,23.915000915527344,23.6200008392334,23.885000228881836,23944,0.0,0.0
2023-12-14 11:30:00-05:00,23.860000610351562,23.975000381469727,23.860000610351562,23.940000534057617,31750,0.0,0.0
2023-12-14 12:30:00-05:00,23.950000762939453,24.0,23.700000762939453,23.700000762939453,27359,0.0,0.0
2023-12-14 13:30:00-05:00,23.690000534057617,23.899999618530273,23.690000534057617,23.889999389648438,28686,0.0,0.0
2023-12-14 14:30:00-05:00,23.889999389648438,24.1200008392334,23.8700008392334,24.09000015258789,45687,0.0,0.0
2023-12-14 15:30:00-05:00,24.09000015258789,24.15999984741211,23.979999542236328,24.030000686645508,67659,0.0,0.0
2023-12-15 09:30:00-05:00,24.18000030517578,24.219900131225586,23.8700008392334,23.940000534057617,239545,0.0,0.0
2023-12-15 10:30:00-05:00,23.899999618530273,24.045000076293945,23.850000381469727,23.889999389648438,25481,0.0,0.0
2023-12-15 11:30:00-05:00,23.8799991607666,23.989999771118164,23.864999771118164,23.889999389648438,22654,0.0,0.0
2023-12-15 12:30:00-05:00,23.889999389648438,23.959999084472656,23.735000610351562,23.799999237060547,65455,0.0,0.0
2023-12-15 13:30:00-05:00,23.80500030517578,23.80500030517578,23.6299991607666,23.780000686645508,19721,0.0,0.0
2023-12-15 14:30:00-05:00,23.799999237060547,23.81999969482422,23.700000762939453,23.780000686645508,34478,0.0,0.0
2023-12-15 15:30:00-05:00,23.780000686645508,23.84000015258789,23.59000015258789,23.610000610351562,114770,0.0,0.0
2023-12-18 09:30:00-05:00,23.8700008392334,23.8700008392334,23.485000610351562,23.71500015258789,41347,0.0,0.0
2023-12-18 10:30:00-05:00,23.71500015258789,23.75,23.510000228881836,23.559999465942383,69200,0.0,0.0
2023-12-18 11:30:00-05:00,23.559999465942383,23.65999984741211,23.510000228881836,23.545000076293945,22260,0.0,0.0
2023-12-18 12:30:00-05:00,23.559999465942383,23.579999923706055,23.459999084472656,23.5,12706,0.0,0.0
2023-12-18 13:30:00-05:00,23.479999542236328,23.540000915527344,23.41699981689453,23.450000762939453,23354,0.0,0.0
2023-12-18 14:30:00-05:00,23.440000534057617,23.6299991607666,23.43000030517578,23.600000381469727,22335,0.0,0.0
2023-12-18 15:30:00-05:00,23.600000381469727,23.649999618530273,23.559999465942383,23.59000015258789,60605,0.0,0.0
2023-12-19 09:30:00-05:00,23.639999389648438,24.079999923706055,23.639999389648438,23.979999542236328,44051,0.0,0.0
2023-12-19 10:30:00-05:00,23.920000076293945,24.219999313354492,23.920000076293945,24.170000076293945,25870,0.0,0.0
2023-12-19 11:30:00-05:00,24.149999618530273,24.219999313354492,23.90999984741211,24.0,41265,0.0,0.0
2023-12-19 12:30:00-05:00,23.989999771118164,24.09000015258789,23.959999084472656,24.049999237060547,19302,0.0,0.0
2023-12-19 13:30:00-05:00,24.06999969482422,24.1200008392334,24.065000534057617,24.100000381469727,17575,0.0,0.0
2023-12-19 14:30:00-05:00,24.079999923706055,24.110000610351562,24.020000457763672,24.100000381469727,27562,0.0,0.0
2023-12-19 15:30:00-05:00,24.09000015258789,24.09000015258789,23.950000762939453,24.010000228881836,113329,0.0,0.0
2023-12-20 09:30:00-05:00,24.010000228881836,24.219999313354492,23.850299835205078,24.170000076293945,31317,0.0,0.0
2023-12-20 10:30:00-05:00,24.170000076293945,24.329999923706055,24.149999618530273,24.280000686645508,42078,0.0,0.0
2023-12-20 11:30:00-05:00,24.295000076293945,24.3799991607666,24.260000228881836,24.3799991607666,19652,0.0,0.0
2023-12-20 12:30:00-05:00,24.389999389648438,24.469999313354492,24.350000381469727,24.360000610351562,23877,0.0,0.0
2023-12-20 13:30:00-05:00,24.3799991607666,24.469999313354492,24.350000381469727,24.405000686645508,41639,0.0,0.0
2023-12-20 14:30:00-05:00,24.40999984741211,24.40999984741211,23.809999465942383,23.809999465942383,55144,0.0,0.0
2023-12-20 15:30:00-05:00,23.81999969482422,23.860000610351562,23.540000915527344,23.559999465942383,126126,0.0,0.0
2023-12-21 09:30:00-05:00,23.690000534057617,23.75,23.40999984741211,23.450000762939453,25164,0.0,0.0
2023-12-21 10:30:00-05:00,23.469999313354492,23.520000457763672,23.34000015258789,23.440000534057617,19387,0.0,0.0
2023-12-21 11:30:00-05:00,23.43000030517578,23.530000686645508,23.3700008392334,23.5,14931,0.0,0.0
2023-12-21 12:30:00-05:00,23.540000915527344,23.579999923706055,23.459999084472656,23.530000686645508,11244,0.0,0.0
2023-12-21 13:30:00-05:00,23.559999465942383,23.59000015258789,23.479999542236328,23.559999465942383,19903,0.0,0.0
2023-12-21 14:30:00-05:00,23.549999237060547,23.649999618530273,23.549999237060547,23.639999389648438,24796,0.0,0.0
2023-12-21 15:30:00-05:00,23.65999984741211,23.780000686645508,23.621999740600586,23.719999313354492,62638,0.0,0.0
2023-12-22 09:30:00-05:00,23.899999618530273,24.09000015258789,23.829999923706055,24.045000076293945,40278,0.0,0.0
2023-12-22 10:30:00-05:00,24.045000076293945,24.049999237060547,23.899999618530273,24.020000457763672,27039,0.0,0.0
2023-12-22 11:30:00-05:00,24.030000686645508,24.065000534057617,23.920000076293945,24.010000228881836,33868,0.0,0.0
2023-12-22 12:30:00-05:00,24.0,24.1200008392334,23.969999313354492,24.030000686645508,37569,0.0,0.0
2023-12-22 13:30:00-05:00,24.020000457763672,24.059999465942383,23.940000534057617,23.950000762939453,27883,0.0,0.0
2023-12-22 14:30:00-05:00,23.905000686645508,24.0,23.899999618530273,23.950000762939453,19878,0.0,0.0
2023-12-22 15:30:00-05:00,23.950000762939453,23.950000762939453,23.834999084472656,23.860000610351562,52469,0.0,0.0
2023-12-26 09:30:00-05:00,24.030000686645508,24.059999465942383,23.940000534057617,24.020000457763672,10750,0.0,0.0
2023-12-26 10:30:00-05:00,24.045000076293945,24.165000915527344,24.030000686645508,24.139999389648438,8368,0.0,0.0
2023-12-26 11:30:00-05:00,24.18000030517578,24.239999771118164,24.149999618530273,24.229999542236328,17134,0.0,0.0
2023-12-26 12:30:00-05:00,24.219999313354492,24.31999969482422,24.200000762939453,24.280000686645508,9337,0.0,0.0
2023-12-26 13:30:00-05:00,24.299999237060547,24.3799991607666,24.280000686645508,24.360000610351562,13034,0.0,0.0
2023-12-26 14:30:00-05:00,24.3700008392334,24.399999618530273,24.280000686645508,24.31999969482422,27847,0.0,0.0
2023-12-26 15:30:00-05:00,24.34000015258789,24.360000610351562,24.170000076293945,24.200000762939453,48329,0.0,0.0
2023-12-27 09:30:00-05:00,24.270000457763672,24.34000015258789,24.165000915527344,24.270000457763672,8526,0.0,0.0
2023-12-27 10:30:00-05:00,24.2549991607666,24.2549991607666,24.110000610351562,24.18000030517578,8999,0.0,0.0
2023-12-27 11:30:00-05:00,24.170000076293945,24.27899932861328,24.170000076293945,24.239999771118164,11219,0.0,0.0
2023-12-27 12:30:00-05:00,24.260000228881836,24.3799991607666,24.190000534057617,24.309999465942383,13829,0.0,0.0
2023-12-27 13:30:00-05:00,24.329999923706055,24.440000534057617,24.239999771118164,24.360000610351562,19670,0.0,0.0
2023-12-27 14:30:00-05:00,24.375,24.3799991607666,24.309999465942383,24.31999969482422,23155,0.0,0.0
2023-12-27 15:30:00-05:00,24.299999237060547,24.31999969482422,24.229999542236328,24.299999237060547,48928,0.0,0.0
2023-12-28 09:30:00-05:00,24.280000686645508,24.350000381469727,24.25,24.280000686645508,13304,0.0,0.0
2023-12-28 10:30:00-05:00,24.264999389648438,24.264999389648438,24.149999618530273,24.17169952392578,10862,0.0,0.0
2023-12-28 11:30:00-05:00,24.18790054321289,24.290000915527344,24.170000076293945,24.260000228881836,12125,0.0,0.0
2023-12-28 12:30:00-05:00,24.260000228881836,24.299999237060547,24.15999984741211,24.209999084472656,13065,0.0,0.0
2023-12-28 13:30:00-05:00,24.229999542236328,24.280000686645508,24.209999084472656,24.25,15766,0.0,0.0
2023-12-28 14:30:00-05:00,24.299999237060547,24.299999237060547,24.190000534057617,24.190000534057617,23916,0.0,0.0
2023-12-28 15:30:00-05:00,24.200000762939453,24.235000610351562,24.18000030517578,24.229999542236328,50074,0.0,0.0
2023-12-29 09:30:00-05:00,24.1299991607666,24.199399948120117,23.969999313354492,23.969999313354492,10783,0.0,0.0
2023-12-29 10:30:00-05:00,23.979999542236328,23.9950008392334,23.760000228881836,23.829999923706055,15432,0.0,0.0
2023-12-29 11:30:00-05:00,23.829999923706055,23.8700008392334,23.799999237060547,23.81999969482422,8004,0.0,0.0
2023-12-29 12:30:00-05:00,23.799999237060547,23.889999389648438,23.799999237060547,23.850000381469727,10250,0.0,0.0
2023-12-29 13:30:00-05:00,23.850000381469727,23.920000076293945,23.829999923706055,23.899999618530273,9351,0.0,0.0
2023-12-29 14:30:00-05:00,23.899999618530273,23.920000076293945,23.8700008392334,23.90999984741211,15095,0.0,0.0
2023-12-29 15:30:00-05:00,23.90999984741211,23.93000030517578,23.68000030517578,23.75,56381,0.0,0.0
2024-01-02 09:30:00-05:00,23.43000030517578,23.8700008392334,23.43000030517578,23.780000686645508,27521,0.0,0.0
2024-01-02 10:30:00-05:00,23.760000228881836,23.969999313354492,23.68000030517578,23.889999389648438,18747,0.0,0.0
2024-01-02 11:30:00-05:00,23.90999984741211,24.09000015258789,23.905000686645508,24.030000686645508,31293,0.0,0.0
2024-01-02 12:30:00-05:00,23.989999771118164,24.040000915527344,23.920000076293945,23.93000030517578,11639,0.0,0.0
2024-01-02 13:30:00-05:00,23.920000076293945,23.979999542236328,23.81999969482422,23.81999969482422,16100,0.0,0.0
2024-01-02 14:30:00-05:00,23.809999465942383,23.809999465942383,23.559999465942383,23.639999389648438,35363,0.0,0.0
2024-01-02 15:30:00-05:00,23.6299991607666,23.729999542236328,23.579999923706055,23.690000534057617,49578,0.0,0.0
2024-01-03 09:30:00-05:00,23.56999969482422,23.56999969482422,23.209999084472656,23.420000076293945,28641,0.0,0.0
2024-01-03 10:30:00-05:00,23.3799991607666,23.459999084472656,23.25,23.440000534057617,17085,0.0,0.0
2024-01-03 11:30:00-05:00,23.479999542236328,23.530000686645508,23.34000015258789,23.395000457763672,19098,0.0,0.0
2024-01-03 12:30:00-05:00,23.3799991607666,23.40999984741211,23.309999465942383,23.3700008392334,12851,0.0,0.0
2024-01-03 13:30:00-05:00,23.3799991607666,23.469999313354492,23.31999969482422,23.469999313354492,28077,0.0,0.0
2024-01-03 14:30:00-05:00,23.489999771118164,23.510000228881836,22.940000534057617,22.979999542236328,33842,0.0,0.0
2024-01-03 15:30:00-05:00,22.975000381469727,23.100000381469727,22.8799991607666,22.915000915527344,49233,0.0,0.0
2024-01-04 09:30:00-05:00,22.989999771118164,23.25,22.979999542236328,23.135000228881836,20942,0.0,0.0
2024-01-04 10:30:00-05:00,23.141000747680664,23.280000686645508,23.1200008392334,23.209999084472656,14222,0.0,0.0
2024-01-04 11:30:00-05:00,23.190000534057617,23.274999618530273,23.110000610351562,23.190000534057617,11864,0.0,0.0
2024-01-04 12:30:00-05:00,23.190000534057617,23.190000534057617,23.059999465942383,23.09000015258789,9304,0.0,0.0
2024-01-04 13:30:00-05:00,23.079999923706055,23.1299991607666,23.059999465942383,23.100000381469727,15103,0.0,0.0
2024-01-04 14:30:00-05:00,23.06999969482422,23.1200008392334,23.040000915527344,23.079999923706055,20724,0.0,0.0
2024-01-04 15:30:00-05:00,23.09000015258789,23.110000610351562,23.0,23.020000457763672,40093,0.0,0.0
2024-01-05 09:30:00-05:00,22.799999237060547,23.260000228881836,22.719999313354492,23.18000030517578,33146,0.0,0.0
2024-01-05 10:30:00-05:00,23.190000534057617,23.270000457763672,23.1200008392334,23.1299991607666,24080,0.0,0.0
2024-01-05 11:30:00-05:00,23.139999389648438,23.18000030517578,23.020000457763672,23.1299991607666,23680,0.0,0.0
2024-01-05 12:30:00-05:00,23.100000381469727,23.100000381469727,23.010000228881836,23.079999923706055,17236,0.0,0.0
2024-01-05 13:30:00-05:00,23.1200008392334,23.1299991607666,23.084999084472656,23.094999313354492,21533,0.0,0.0
2024-01-05 14:30:00-05:00,23.100000381469727,23.110000610351562,22.959999084472656,23.0,29507,0.0,0.0
2024-01-05 15:30:00-05:00,22.989999771118164,23.07900047302246,22.969999313354492,23.020000457763672,57780,0.0,0.0
2024-01-08 09:30:00-05:00,23.010000228881836,23.200000762939453,22.950000762939453,23.139999389648438,18465,0.0,0.0
2024-01-08 10:30:00-05:00,23.15999984741211,23.15999984741211,23.06999969482422,23.100000381469727,18308,0.0,0.0
2024-01-08 11:30:00-05:00,23.079999923706055,23.110000610351562,22.93000030517578,22.940000534057617,10584,0.0,0.0
2024-01-08 12:30:00-05:00,22.952499389648438,22.96500015258789,22.8799991607666,22.8799991607666,7113,0.0,0.0
2024-01-08 13:30:00-05:00,22.885000228881836,23.100000381469727,22.885000228881836,23.097999572753906,15210,0.0,0.0
2024-01-08 14:30:00-05:00,23.1200008392334,23.200000762939453,23.1200008392334,23.200000762939453,26698,0.0,0.0
2024-01-08 15:30:00-05:00,23.219999313354492,23.40999984741211,23.21500015258789,23.399999618530273,80732,0.0,0.0
2024-01-09 09:30:00-05:00,23.059999465942383,23.15999984741211,22.8799991607666,23.010000228881836,34026,0.0,0.0
2024-01-09 10:30:00-05:00,23.0,23.139999389648438,23.0,23.139999389648438,13474,0.0,0.0
2024-01-09 11:30:00-05:00,23.149999618530273,23.274999618530273,23.1299991607666,23.25,23814,0.0,0.0
2024-01-09 12:30:00-05:00,23.260000228881836,23.270000457763672,23.139999389648438,23.139999389648438,16486,0.0,0.0
2024-01-09 13:30:00-05:00,23.1200008392334,23.219999313354492,23.110000610351562,23.17099952697754,19530,0.0,0.0
2024-01-09 14:30:00-05:00,23.174999237060547,23.190000534057617,23.100000381469727,23.1299991607666,24027,0.0,0.0
2024-01-09 15:30:00-05:00,23.1299991607666,23.209999084472656,23.1299991607666,23.149999618530273,32450,0.0,0.0
2024-01-10 09:30:00-05:00,23.100000381469727,23.15999984741211,22.979999542236328,23.139999389648438,24311,0.0,0.0
2024-01-10 10:30:00-05:00,23.15999984741211,23.18000030517578,23.079999923706055,23.149999618530273,10498,0.0,0.0
2024-01-10 11:30:00-05:00,23.1299991607666,23.170000076293945,23.12310028076172,23.165000915527344,6596,0.0,0.0
2024-01-10 12:30:00-05:00,23.165000915527344,23.25,23.149999618530273,23.25,24727,0.0,0.0
2024-01-10 13:30:00-05:00,23.239999771118164,23.239999771118164,23.153200149536133,23.201000213623047,11004,0.0,0.0
2024-01-10 14:30:00-05:00,23.209999084472656,23.25,23.079999923706055,23.1299991607666,34750,0.0,0.0
2024-01-10 15:30:00-05:00,23.1299991607666,23.290000915527344,23.1299991607666,23.270000457763672,50321,0.0,0.0
2024-01-11 09:30:00-05:00,23.110000610351562,23.15519905090332,22.670000076293945,22.834999084472656,24131,0.0,0.0
2024-01-11 10:30:00-05:00,22.8799991607666,22.920000076293945,22.690000534057617,22.7450008392334,22272,0.0,0.0
2024-01-11 11:30:00-05:00,22.739999771118164,22.760000228881836,22.670000076293945,22.739999771118164,24551,0.0,0.0
2024-01-11 12:30:00-05:00,22.729999542236328,22.90999984741211,22.719999313354492,22.860000610351562,23698,0.0,0.0
2024-01-11 13:30:00-05:00,22.860000610351562,23.0,22.860000610351562,22.940000534057617,24202,0.0,0.0
2024-01-11 14:30:00-05:00,22.950000762939453,23.079999923706055,22.920000076293945,23.045000076293945,33337,0.0,0.0
2024-01-11 15:30:00-05:00,23.045000076293945,23.110000610351562,22.979999542236328,23.100000381469727,69140,0.0,0.0
2024-01-12 09:30:00-05:00,23.40999984741211,23.540000915527344,23.1200008392334,23.139999389648438,33399,0.0,0.0
2024-01-12 10:30:00-05:00,23.15999984741211,23.15999984741211,22.850000381469727,22.8700008392334,47937,0.0,0.0
2024-01-12 11:30:00-05:00,22.8700008392334,22.899999618530273,22.709999084472656,22.899999618530273,45149,0.0,0.0
2024-01-12 12:30:00-05:00,22.885000228881836,22.899999618530273,22.84000015258789,22.889999389648438,16239,0.0,0.0
2024-01-12 13:30:00-05:00,22.895000457763672,23.010000228881836,22.895000457763672,23.0,18973,0.0,0.0
2024-01-12 14:30:00-05:00,23.0,23.0,22.829999923706055,22.8700008392334,43877,0.0,0.0
2024-01-12 15:30:00-05:00,22.8700008392334,22.940000534057617,22.854999542236328,22.920000076293945,38656,0.0,0.0
2024-01-16 09:30:00-05:00,22.540000915527344,22.729999542236328,22.5049991607666,22.719999313354492,35445,0.0,0.0
2024-01-16 10:30:00-05:00,22.69499969482422,22.739999771118164,22.459999084472656,22.530000686645508,24530,0.0,0.0
2024-01-16 11:30:00-05:00,22.549999237060547,22.56999969482422,22.459999084472656,22.479999542236328,22258,0.0,0.0
2024-01-16 12:30:00-05:00,22.450000762939453,22.479999542236328,22.43000030517578,22.450000762939453,10951,0.0,0.0
2024-01-16 13:30:00-05:00,22.469999313354492,22.469999313354492,22.260000228881836,22.290000915527344,34056,0.0,0.0
2024-01-16 14:30:00-05:00,22.280000686645508,22.280000686645508,22.149999618530273,22.17099952697754,35574,0.0,0.0
2024-01-16 15:30:00-05:00,22.18000030517578,22.2549991607666,22.18000030517578,22.219999313354492,59328,0.0,0.0
2024-01-17 09:30:00-05:00,21.809999465942383,22.309999465942383,21.809999465942383,22.110000610351562,35198,0.0,0.0
2024-01-17 10:30:00-05:00,22.09000015258789,22.19499969482422,22.09000015258789,22.170000076293945,16697,0.0,0.0
2024-01-17 11:30:00-05:00,22.15999984741211,22.190000534057617,22.06999969482422,22.06999969482422,13482,0.0,0.0
2024-01-17 12:30:00-05:00,22.09000015258789,22.125,21.989999771118164,22.020000457763672,25115,0.0,0.0
2024-01-17 13:30:00-05:00,22.020000457763672,22.139999389648438,21.950000762939453,22.100000381469727,38165,0.0,0.0
2024-01-17 14:30:00-05:00,22.1200008392334,22.149999618530273,22.059999465942383,22.149999618530273,35536,0.0,0.0
2024-01-17 15:30:00-05:00,22.149999618530273,22.3700008392334,22.149999618530273,22.34000015258789,72472,0.0,0.0
2024-01-18 09:30:00-05:00,22.43000030517578,22.489999771118164,22.25,22.329999923706055,16098,0.0,0.0
2024-01-18 10:30:00-05:00,22.3700008392334,22.399999618530273,22.209999084472656,22.239999771118164,13796,0.0,0.0
2024-01-18 11:30:00-05:00,22.219999313354492,22.260000228881836,22.100000381469727,22.18000030517578,15821,0.0,0.0
2024-01-18 12:30:00-05:00,22.190000534057617,22.239999771118164,22.139999389648438,22.18000030517578,10872,0.0,0.0
2024-01-18 13:30:00-05:00,22.18000030517578,22.290000915527344,22.170000076293945,22.280000686645508,13058,0.0,0.0
2024-01-18 14:30:00-05:00,22.329999923706055,22.34000015258789,22.229999542236328,22.31999969482422,14753,0.0,0.0
2024-01-18 15:30:00-05:00,22.32900047302246,22.375,22.309999465942383,22.31999969482422,37248,0.0,0.0
2024-01-19 09:30:00-05:00,22.450000762939453,22.450000762939453,22.1299991607666,22.229999542236328,42352,0.0,0.0
2024-01-19 10:30:00-05:00,22.229999542236328,22.31999969482422,22.170000076293945,22.299999237060547,25356,0.0,0.0
2024-01-19 11:30:00-05:00,22.309999465942383,22.440000534057617,22.235000610351562,22.440000534057617,32035,0.0,0.0
2024-01-19 12:30:00-05:00,22.454999923706055,22.6200008392334,22.454999923706055,22.6200008392334,19978,0.0,0.0
2024-01-19 13:30:00-05:00,22.6200008392334,22.829999923706055,22.6200008392334,22.809999465942383,20280,0.0,0.0
2024-01-19 14:30:00-05:00,22.780000686645508,22.815000534057617,22.739999771118164,22.790000915527344,39813,0.0,0.0
2024-01-19 15:30:00-05:00,22.799999237060547,22.93000030517578,22.799999237060547,22.93000030517578,76755,0.0,0.0
2024-01-22 09:30:00-05:00,23.170000076293945,23.5,22.989999771118164,23.450000762939453,38831,0.0,0.0
2024-01-22 10:30:00-05:00,23.459999084472656,23.469999313354492,23.34000015258789,23.469999313354492,26145,0.0,0.0
2024-01-22 11:30:00-05:00,23.479999542236328,23.549999237060547,23.43000030517578,23.5049991607666,22650,0.0,0.0
2024-01-22 12:30:00-05:00,23.5,23.5,23.360000610351562,23.3700008392334,25326,0.0,0.0
2024-01-22 13:30:00-05:00,23.3799991607666,23.459999084472656,23.3700008392334,23.43000030517578,28766,0.0,0.0
2024-01-22 14:30:00-05:00,23.440000534057617,23.600000381469727,23.440000534057617,23.600000381469727,46371,0.0,0.0
2024-01-22 15:30:00-05:00,23.610000610351562,23.709999084472656,23.610000610351562,23.690000534057617,77113,0.0,0.0
2024-01-23 09:30:00-05:00,23.8799991607666,23.8799991607666,23.579999923706055,23.670000076293945,36976,0.0,0.0
2024-01-23 10:30:00-05:00,23.6200008392334,23.6299991607666,23.360000610351562,23.360000610351562,25868,0.0,0.0
2024-01-23 11:30:00-05:00,23.3700008392334,23.459999084472656,23.299999237060547,23.399999618530273,21707,0.0,0.0
2024-01-23 12:30:00-05:00,23.40999984741211,23.530000686645508,23.390100479125977,23.459999084472656,23441,0.0,0.0
2024-01-23 13:30:00-05:00,23.440000534057617,23.540000915527344,23.440000534057617,23.459999084472656,21815,0.0,0.0
2024-01-23 14:30:00-05:00,23.475000381469727,23.520000457763672,23.31999969482422,23.31999969482422,52493,0.0,0.0
2024-01-23 15:30:00-05:00,23.329999923706055,23.3700008392334,23.270000457763672,23.325000762939453,80275,0.0,0.0
2024-01-24 09:30:00-05:00,23.510000228881836,23.690000534057617,23.360000610351562,23.3799991607666,24174,0.0,0.0
2024-01-24 10:30:00-05:00,23.360000610351562,23.68000030517578,23.360000610351562,23.639999389648438,40992,0.0,0.0
2024-01-24 11:30:00-05:00,23.649999618530273,23.65999984741211,23.520000457763672,23.59000015258789,22451,0.0,0.0
2024-01-24 12:30:00-05:00,23.589000701904297,23.635400772094727,23.440000534057617,23.479999542236328,32557,0.0,0.0
2024-01-24 13:30:00-05:00,23.46500015258789,23.46500015258789,23.354999542236328,23.360000610351562,23787,0.0,0.0
2024-01-24 14:30:00-05:00,23.3700008392334,23.450000762939453,23.329999923706055,23.347700119018555,37475,0.0,0.0
2024-01-24 15:30:00-05:00,23.344999313354492,23.469999313354492,23.334999084472656,23.43000030517578,69275,0.0,0.0
2024-01-25 09:30:00-05:00,23.719999313354492,23.770000457763672,23.350000381469727,23.479999542236328,33421,0.0,0.0
2024-01-25 10:30:00-05:00,23.395000457763672,23.395000457763672,23.15999984741211,23.280000686645508,10563,0.0,0.0
2024-01-25 11:30:00-05:00,23.290000915527344,23.290000915527344,23.020000457763672,23.049999237060547,20397,0.0,0.0
2024-01-25 12:30:00-05:00,23.05299949645996,23.11079978942871,22.940000534057617,23.030000686645508,28902,0.0,0.0
2024-01-25 13:30:00-05:00,23.030000686645508,23.079999923706055,22.950000762939453,23.079999923706055,44627,0.0,0.0
2024-01-25 14:30:00-05:00,23.079999923706055,23.190000534057617,23.020000457763672,23.190000534057617,43615,0.0,0.0
2024-01-25 15:30:00-05:00,23.190000534057617,23.270000457763672,23.149999618530273,23.270000457763672,74752,0.0,0.0
2024-01-26 09:30:00-05:00,23.010000228881836,23.139999389648438,22.260000228881836,22.299999237060547,44569,0.0,0.0
2024-01-26 10:30:00-05:00,22.299999237060547,22.579999923706055,22.260000228881836,22.565000534057617,26797,0.0,0.0
2024-01-26 11:30:00-05:00,22.530000686645508,22.829999923706055,22.450000762939453,22.729999542236328,25818,0.0,0.0
2024-01-26 12:30:00-05:00,22.729999542236328,22.75,22.56999969482422,22.75,18317,0.0,0.0
2024-01-26 13:30:00-05:00,22.75,22.809999465942383,22.649999618530273,22.795000076293945,22709,0.0,0.0
2024-01-26 14:30:00-05:00,22.78499984741211,22.829999923706055,22.700000762939453,22.780000686645508,39246,0.0,0.0
2024-01-26 15:30:00-05:00,22.780000686645508,22.899999618530273,22.780000686645508,22.84000015258789,85089,0.0,0.0
2024-01-29 09:30:00-05:00,22.959999084472656,23.309999465942383,22.93000030517578,23.309999465942383,19529,0.0,0.0
2024-01-29 10:30:00-05:00,23.329999923706055,23.360000610351562,23.25,23.329999923706055,23321,0.0,0.0
2024-01-29 11:30:00-05:00,23.309999465942383,23.329999923706055,23.174999237060547,23.25,19432,0.0,0.0
2024-01-29 12:30:00-05:00,23.260000228881836,23.350000381469727,23.260000228881836,23.299999237060547,28907,0.0,0.0
2024-01-29 13:30:00-05:00,23.309999465942383,23.309999465942383,23.239999771118164,23.280000686645508,21761,0.0,0.0
2024-01-29 14:30:00-05:00,23.280000686645508,23.559999465942383,23.25,23.489999771118164,61284,0.0,0.0
2024-01-29 15:30:00-05:00,23.489999771118164,23.559999465942383,23.40999984741211,23.559999465942383,81169,0.0,0.0
2024-01-30 09:30:00-05:00,23.420000076293945,23.584999084472656,23.209999084472656,23.270000457763672,19789,0.0,0.0
2024-01-30 10:30:00-05:00,23.270000457763672,23.44499969482422,23.239999771118164,23.44499969482422,29613,0.0,0.0
2024-01-30 11:30:00-05:00,23.440000534057617,23.510000228881836,23.399999618530273,23.420000076293945,49482,0.0,0.0
2024-01-30 12:30:00-05:00,23.43000030517578,23.485000610351562,23.375,23.479999542236328,31157,0.0,0.0
2024-01-30 13:30:00-05:00,23.479999542236328,23.485000610351562,23.399999618530273,23.43899917602539,30915,0.0,0.0
2024-01-30 14:30:00-05:00,23.420000076293945,23.44499969482422,23.354999542236328,23.44499969482422,42933,0.0,0.0
2024-01-30 15:30:00-05:00,23.450000762939453,23.450000762939453,23.375,23.389999389648438,49313,0.0,0.0
2024-01-31 09:30:00-05:00,23.030000686645508,23.030000686645508,22.690000534057617,22.8799991607666,27743,0.0,0.0
2024-01-31 10:30:00-05:00,22.95400047302246,22.979999542236328,22.719999313354492,22.889999389648438,29930,0.0,0.0
2024-01-31 11:30:00-05:00,22.899999618530273,22.989999771118164,22.809999465942383,22.979999542236328,24061,0.0,0.0
2024-01-31 12:30:00-05:00,23.010000228881836,23.114999771118164,22.954999923706055,23.06999969482422,14593,0.0,0.0
2024-01-31 13:30:00-05:00,23.061899185180664,23.1200008392334,22.90999984741211,22.959999084472656,19801,0.0,0.0
2024-01-31 14:30:00-05:00,22.940000534057617,23.40999984741211,22.6200008392334,22.709999084472656,39356,0.0,0.0
2024-01-31 15:30:00-05:00,22.68000030517578,22.690000534057617,22.399999618530273,22.40999984741211,110871,0.0,0.0
2024-02-01 09:30:00-05:00,22.6299991607666,22.8799991607666,21.950000762939453,22.139999389648438,70586,0.0,0.0
2024-02-01 10:30:00-05:00,22.170000076293945,22.200000762939453,21.850000381469727,21.959999084472656,47608,0.0,0.0
2024-02-01 11:30:00-05:00,21.989999771118164,22.0049991607666,21.829999923706055,21.989999771118164,41162,0.0,0.0
2024-02-01 12:30:00-05:00,22.0,22.200000762939453,21.90999984741211,22.200000762939453,146178,0.0,0.0
2024-02-01 13:30:00-05:00,22.260000228881836,22.440000534057617,22.219999313354492,22.3700008392334,23841,0.0,0.0
2024-02-01 14:30:00-05:00,22.34000015258789,22.489999771118164,22.270000457763672,22.360000610351562,40547,0.0,0.0
2024-02-01 15:30:00-05:00,22.3799991607666,22.420000076293945,22.260000228881836,22.34000015258789,64303,0.0,0.0
2024-02-02 09:30:00-05:00,21.899999618530273,22.15999984741211,21.809999465942383,22.110000610351562,29506,0.0,0.0
2024-02-02 10:30:00-05:00,22.110000610351562,22.329999923706055,22.100000381469727,22.229999542236328,22413,0.0,0.0
2024-02-02 11:30:00-05:00,22.270000457763672,22.309999465942383,22.09000015258789,22.190000534057617,24388,0.0,0.0
2024-02-02 12:30:00-05:00,22.239999771118164,22.25,22.079999923706055,22.149999618530273,24509,0.0,0.0
2024-02-02 13:30:00-05:00,22.1200008392334,22.229999542236328,22.049999237060547,22.139999389648438,41983,0.0,0.0
2024-02-02 14:30:00-05:00,22.139999389648438,22.239999771118164,22.079999923706055,22.239999771118164,35171,0.0,0.0
2024-02-02 15:30:00-05:00,22.200000762939453,22.208999633789062,22.1200008392334,22.1200008392334,68092,0.0,0.0
2024-02-05 09:30:00-05:00,21.90999984741211,22.0,21.68000030517578,21.74519920349121,19045,0.0,0.0
2024-02-05 10:30:00-05:00,21.739999771118164,21.829999923706055,21.610000610351562,21.81999969482422,26802,0.0,0.0
2024-02-05 11:30:00-05:00,21.829999923706055,21.899999618530273,21.780000686645508,21.889999389648438,15830,0.0,0.0
2024-02-05 12:30:00-05:00,21.915000915527344,21.940000534057617,21.850000381469727,21.850000381469727,12441,0.0,0.0
2024-02-05 13:30:00-05:00,21.8700008392334,22.0,21.8700008392334,22.0,15577,0.0,0.0
2024-02-05 14:30:00-05:00,22.010000228881836,22.049999237060547,21.899999618530273,21.959999084472656,24328,0.0,0.0
2024-02-05 15:30:00-05:00,21.950000762939453,21.969999313354492,21.829999923706055,21.84000015258789,57032,0.0,0.0
2024-02-06 09:30:00-05:00,21.850000381469727,22.18000030517578,21.850000381469727,22.1200008392334,19937,0.0,0.0
2024-02-06 10:30:00-05:00,22.110000610351562,22.1200008392334,21.860000610351562,22.014999389648438,20769,0.0,0.0
2024-02-06 11:30:00-05:00,22.010000228881836,22.059999465942383,21.93000030517578,22.059999465942383,14723,0.0,0.0
2024-02-06 12:30:00-05:00,22.030000686645508,22.030000686645508,21.780000686645508,21.8799991607666,21397,0.0,0.0
2024-02-06 13:30:00-05:00,21.8700008392334,21.940000534057617,21.790000915527344,21.809999465942383,35928,0.0,0.0
2024-02-06 14:30:00-05:00,21.780000686645508,21.8799991607666,21.770000457763672,21.809999465942383,25257,0.0,0.0
2024-02-06 15:30:00-05:00,21.809999465942383,21.889999389648438,21.760000228881836,21.860000610351562,55574,0.0,0.0
2024-02-07 09:30:00-05:00,21.889999389648438,21.889999389648438,21.360000610351562,21.709999084472656,21389,0.0,0.0
2024-02-07 10:30:00-05:00,21.65999984741211,21.65999984741211,21.469999313354492,21.520000457763672,12237,0.0,0.0
2024-02-07 11:30:00-05:00,21.530000686645508,21.690000534057617,21.510000228881836,21.690000534057617,15432,0.0,0.0
2024-02-07 12:30:00-05:00,21.709999084472656,21.81999969482422,21.649999618530273,21.81999969482422,18285,0.0,0.0
2024-02-07 13:30:00-05:00,21.829999923706055,21.860000610351562,21.729999542236328,21.760000228881836,13881,0.0,0.0
2024-02-07 14:30:00-05:00,21.75,21.760000228881836,21.56999969482422,21.59000015258789,44855,0.0,0.0
2024-02-07 15:30:00-05:00,21.599000930786133,21.68000030517578,21.560199737548828,21.649999618530273,44950,0.0,0.0
2024-02-08 09:30:00-05:00,21.559999465942383,21.8799991607666,21.559999465942383,21.790000915527344,24757,0.0,0.0
2024-02-08 10:30:00-05:00,21.81999969482422,21.860000610351562,21.770000457763672,21.799999237060547,31138,0.0,0.0
2024-02-08 11:30:00-05:00,21.760000228881836,21.769899368286133,21.68000030517578,21.68000030517578,19488,0.0,0.0
2024-02-08 12:30:00-05:00,21.65999984741211,21.700000762939453,21.549999237060547,21.690000534057617,18219,0.0,0.0
2024-02-08 13:30:00-05:00,21.709999084472656,21.84000015258789,21.709999084472656,21.787399291992188,23427,0.0,0.0
2024-02-08 14:30:00-05:00,21.790000915527344,21.809999465942383,21.75,21.788999557495117,20741,0.0,0.0
2024-02-08 15:30:00-05:00,21.790000915527344,21.84000015258789,21.75,21.84000015258789,48928,0.0,0.0
2024-02-09 09:30:00-05:00,21.84000015258789,21.979999542236328,21.559999465942383,21.559999465942383,13467,0.0,0.0
2024-02-09 10:30:00-05:00,21.625,21.709999084472656,21.614999771118164,21.653200149536133,24452,0.0,0.0
2024-02-09 11:30:00-05:00,21.649999618530273,21.899999618530273,21.649999618530273,21.899999618530273,13230,0.0,0.0
2024-02-09 12:30:00-05:00,21.93000030517578,22.139999389648438,21.889999389648438,22.139999389648438,14391,0.0,0.0
2024-02-09 13:30:00-05:00,22.149999618530273,22.15999984741211,22.079999923706055,22.1299991607666,17024,0.0,0.0
2024-02-09 14:30:00-05:00,22.1299991607666,22.15999984741211,21.979999542236328,22.114999771118164,22284,0.0,0.0
2024-02-09 15:30:00-05:00,22.100000381469727,22.200000762939453,22.09000015258789,22.190000534057617,61445,0.0,0.0
2024-02-12 09:30:00-05:00,22.219999313354492,22.559999465942383,22.219999313354492,22.559999465942383,20814,0.0,0.0
2024-02-12 10:30:00-05:00,22.56999969482422,22.709999084472656,22.56999969482422,22.670000076293945,15561,0.0,0.0
2024-02-12 11:30:00-05:00,22.69499969482422,22.760000228881836,22.649999618530273,22.670000076293945,22000,0.0,0.0
2024-02-12 12:30:00-05:00,22.670000076293945,22.760000228881836,22.670000076293945,22.735000610351562,9682,0.0,0.0
2024-02-12 13:30:00-05:00,22.75,22.959999084472656,22.739999771118164,22.8700008392334,28091,0.0,0.0
2024-02-12 14:30:00-05:00,22.889999389648438,22.920000076293945,22.780000686645508,22.8700008392334,35318,0.0,0.0
2024-02-12 15:30:00-05:00,22.860000610351562,22.899999618530273,22.6299991607666,22.649999618530273,115046,0.0,0.0
2024-02-13 09:30:00-05:00,21.90999984741211,21.989999771118164,21.56999969482422,21.739999771118164,35257,0.0,0.0
2024-02-13 10:30:00-05:00,21.739999771118164,21.979999542236328,21.649999618530273,21.920000076293945,48390,0.0,0.0
2024-02-13 11:30:00-05:00,21.8700008392334,21.940000534057617,21.709999084472656,21.729999542236328,24025,0.0,0.0
2024-02-13 12:30:00-05:00,21.719999313354492,21.799999237060547,21.682199478149414,21.690000534057617,18229,0.0,0.0
2024-02-13 13:30:00-05:00,21.649999618530273,21.700000762939453,21.5,21.510000228881836,21595,0.0,0.0
2024-02-13 14:30:00-05:00,21.530000686645508,21.559999465942383,21.190000534057617,21.28499984741211,35800,0.0,0.0
2024-02-13 15:30:00-05:00,21.290000915527344,21.59000015258789,21.270000457763672,21.540000915527344,88230,0.0,0.0
2024-02-14 09:30:00-05:00,21.860000610351562,21.940000534057617,21.5,21.56999969482422,35930,0.0,0.0
2024-02-14 10:30:00-05:00,21.540000915527344,21.540000915527344,21.3700008392334,21.479999542236328,9921,0.0,0.0
2024-02-14 11:30:00-05:00,21.469999313354492,21.575000762939453,21.40999984741211,21.56999969482422,14305,0.0,0.0
2024-02-14 12:30:00-05:00,21.56999969482422,21.679000854492188,21.514999389648438,21.679000854492188,13885,0.0,0.0
2024-02-14 13:30:00-05:00,21.68000030517578,21.760000228881836,21.610000610351562,21.760000228881836,19222,0.0,0.0
2024-02-14 14:30:00-05:00,21.758399963378906,21.950000762939453,21.719999313354492,21.940000534057617,36078,0.0,0.0
2024-02-14 15:30:00-05:00,21.93000030517578,21.94499969482422,21.850000381469727,21.8700008392334,78213,0.0,0.0
2024-02-15 09:30:00-05:00,22.059999465942383,22.450000762939453,22.030000686645508,22.195600509643555,22786,0.0,0.0
2024-02-15 10:30:00-05:00,22.209999084472656,22.239999771118164,22.09000015258789,22.239999771118164,13734,0.0,0.0
2024-02-15 11:30:00-05:00,22.219999313354492,22.420000076293945,22.200000762939453,22.344999313354492,15723,0.0,0.0
2024-02-15 12:30:00-05:00,22.329999923706055,22.489999771118164,22.309999465942383,22.486299514770508,16859,0.0,0.0
2024-02-15 13:30:00-05:00,22.5,22.739999771118164,22.479999542236328,22.739999771118164,32036,0.0,0.0
2024-02-15 14:30:00-05:00,22.75,22.814599990844727,22.639999389648438,22.80500030517578,31487,0.0,0.0
2024-02-15 15:30:00-05:00,22.80500030517578,22.80500030517578,22.700000762939453,22.709999084472656,54767,0.0,0.0
2024-02-16 09:30:00-05:00,22.450000762939453,22.639999389648438,22.34000015258789,22.479999542236328,51515,0.0,0.0
2024-02-16 10:30:00-05:00,22.450000762939453,22.5,22.290000915527344,22.46500015258789,15775,0.0,0.0
2024-02-16 11:30:00-05:00,22.489999771118164,22.5132999420166,22.329999923706055,22.3700008392334,39449,0.0,0.0
2024-02-16 12:30:00-05:00,22.360000610351562,22.389999389648438,22.270000457763672,22.34000015258789,27189,0.0,0.0
2024-02-16 13:30:00-05:00,22.364999771118164,22.43000030517578,22.299999237060547,22.3799991607666,39518,0.0,0.0
2024-02-16 14:30:00-05:00,22.399999618530273,22.399999618530273,22.260000228881836,22.329999923706055,42605,0.0,0.0
2024-02-16 15:30:00-05:00,22.34000015258789,22.399999618530273,22.260000228881836,22.260000228881836,57002,0.0,0.0
2024-02-20 09:30:00-05:00,21.959999084472656,22.31999969482422,21.959999084472656,22.309999465942383,11733,0.0,0.0
2024-02-20 10:30:00-05:00,22.31999969482422,22.399999618530273,22.25,22.299999237060547,14260,0.0,0.0
2024-02-20 11:30:00-05:00,22.309999465942383,22.309999465942383,22.219999313354492,22.235000610351562,11984,0.0,0.0
2024-02-20 12:30:00-05:00,22.229999542236328,22.280000686645508,22.209999084472656,22.25,8557,0.0,0.0
2024-02-20 13:30:00-05:00,22.246299743652344,22.295000076293945,22.200000762939453,22.2549991607666,9454,0.0,0.0
2024-02-20 14:30:00-05:00,22.274999618530273,22.31999969482422,22.219999313354492,22.260000228881836,13491,0.0,0.0
2024-02-20 15:30:00-05:00,22.25,22.25,22.059999465942383,22.139999389648438,47286,0.0,0.0
2024-02-21 09:30:00-05:00,22.09000015258789,22.139999389648438,21.93000030517578,22.104999542236328,13199,0.0,0.0
2024-02-21 10:30:00-05:00,22.104999542236328,22.170000076293945,22.09000015258789,22.139999389648438,18785,0.0,0.0
2024-02-21 11:30:00-05:00,22.1200008392334,22.1200008392334,21.959999084472656,22.014999389648438,23503,0.0,0.0
2024-02-21 12:30:00-05:00,22.040000915527344,22.059999465942383,21.959999084472656,22.059999465942383,17566,0.0,0.0
2024-02-21 13:30:00-05:00,22.040000915527344,22.139999389648438,22.010000228881836,22.016700744628906,20193,0.0,0.0
2024-02-21 14:30:00-05:00,22.040000915527344,22.079999923706055,21.979999542236328,22.010000228881836,16351,0.0,0.0
2024-02-21 15:30:00-05:00,22.040000915527344,22.112499237060547,22.040000915527344,22.09000015258789,57029,0.0,0.0
2024-02-22 09:30:00-05:00,21.940000534057617,22.06999969482422,21.709999084472656,21.764999389648438,37659,0.0,0.0
2024-02-22 10:30:00-05:00,21.729999542236328,21.854999542236328,21.709999084472656,21.829999923706055,13305,0.0,0.0
2024-02-22 11:30:00-05:00,21.850000381469727,21.93000030517578,21.799999237060547,21.93000030517578,11750,0.0,0.0
2024-02-22 12:30:00-05:00,21.93000030517578,21.93000030517578,21.734100341796875,21.829999923706055,16708,0.0,0.0
2024-02-22 13:30:00-05:00,21.814599990844727,21.8799991607666,21.814599990844727,21.8799991607666,16172,0.0,0.0
2024-02-22 14:30:00-05:00,21.8799991607666,21.8799991607666,21.719999313354492,21.850000381469727,27993,0.0,0.0
2024-02-22 15:30:00-05:00,21.850000381469727,21.959999084472656,21.829999923706055,21.8799991607666,56490,0.0,0.0
2024-02-23 09:30:00-05:00,22.0,22.0,21.68000030517578,21.84000015258789,32291,0.0,0.0
2024-02-23 10:30:00-05:00,21.809999465942383,21.950000762939453,21.760000228881836,21.885000228881836,47954,0.0,0.0
2024-02-23 11:30:00-05:00,21.889999389648438,22.040000915527344,21.8799991607666,21.940000534057617,108286,0.0,0.0
2024-02-23 12:30:00-05:00,21.93000030517578,21.969999313354492,21.8700008392334,21.899999618530273,22011,0.0,0.0
2024-02-23 13:30:00-05:00,21.920000076293945,21.959999084472656,21.850000381469727,21.860700607299805,24082,0.0,0.0
2024-02-23 14:30:00-05:00,21.889999389648438,21.899999618530273,21.84000015258789,21.8799991607666,21185,0.0,0.0
2024-02-23 15:30:00-05:00,21.860000610351562,21.864999771118164,21.799999237060547,21.829999923706055,45192,0.0,0.0
2024-02-26 09:30:00-05:00,21.75,21.920000076293945,21.639999389648438,21.81999969482422,35280,0.0,0.0
2024-02-26 10:30:00-05:00,21.80500030517578,21.8700008392334,21.780000686645508,21.809999465942383,16484,0.0,0.0
2024-02-26 11:30:00-05:00,21.809999465942383,21.809999465942383,21.700000762939453,21.739999771118164,12833,0.0,0.0
2024-02-26 12:30:00-05:00,21.75,21.75,21.549999237060547,21.549999237060547,19439,0.0,0.0
2024-02-26 13:30:00-05:00,21.559999465942383,21.65999984741211,21.559999465942383,21.65999984741211,14761,0.0,0.0
2024-02-26 14:30:00-05:00,21.684999465942383,21.764999389648438,21.655000686645508,21.73859977722168,26160,0.0,0.0
2024-02-26 15:30:00-05:00,21.75,21.780000686645508,21.709999084472656,21.729999542236328,43128,0.0,0.0
2024-02-27 09:30:00-05:00,21.809999465942383,22.04990005493164,21.760000228881836,21.850000381469727,10644,0.0,0.0
2024-02-27 10:30:00-05:00,21.8700008392334,21.950000762939453,21.860000610351562,21.93000030517578,10825,0.0,0.0
2024-02-27 11:30:00-05:00,21.934999465942383,21.940000534057617,21.840200424194336,21.8799991607666,24445,0.0,0.0
2024-02-27 12:30:00-05:00,21.8799991607666,21.920000076293945,21.809999465942383,21.809999465942383,15342,0.0,0.0
2024-02-27 13:30:00-05:00,21.790000915527344,21.809999465942383,21.75,21.760000228881836,10486,0.0,0.0
2024-02-27 14:30:00-05:00,21.780000686645508,21.780000686645508,21.690000534057617,21.729999542236328,17482,0.0,0.0
2024-02-27 15:30:00-05:00,21.760000228881836,21.860000610351562,21.75,21.850000381469727,33974,0.0,0.0
2024-02-28 09:30:00-05:00,21.649999618530273,21.81999969482422,21.56999969482422,21.770000457763672,24185,0.0,0.0
2024-02-28 10:30:00-05:00,21.84000015258789,21.8700008392334,21.75,21.770000457763672,12249,0.0,0.0
2024-02-28 11:30:00-05:00,21.760000228881836,21.780000686645508,21.719999313354492,21.719999313354492,16314,0.0,0.0
2024-02-28 12:30:00-05:00,21.719999313354492,21.809999465942383,21.719999313354492,21.809999465942383,16185,0.0,0.0
2024-02-28 13:30:00-05:00,21.799999237060547,21.809999465942383,21.649999618530273,21.719999313354492,17499,0.0,0.0
2024-02-28 14:30:00-05:00,21.709999084472656,21.799999237060547,21.690000534057617,21.774999618530273,32562,0.0,0.0
2024-02-28 15:30:00-05:00,21.780000686645508,21.84000015258789,21.670000076293945,21.68000030517578,46057,0.0,0.0
2024-02-29 09:30:00-05:00,21.772499084472656,22.079999923706055,21.65999984741211,22.0,42821,0.0,0.0
2024-02-29 10:30:00-05:00,22.030000686645508,22.04560089111328,21.829999923706055,21.84000015258789,21320,0.0,0.0
2024-02-29 11:30:00-05:00,21.719999313354492,21.719999313354492,21.610000610351562,21.610000610351562,10053,0.0,0.0
2024-02-29 12:30:00-05:00,21.59000015258789,21.65999984741211,21.59000015258789,21.65999984741211,13257,0.0,0.0
2024-02-29 13:30:00-05:00,21.65999984741211,21.709999084472656,21.639999389648438,21.65999984741211,13551,0.0,0.0
2024-02-29 14:30:00-05:00,21.670000076293945,21.690000534057617,21.600000381469727,21.670000076293945,18722,0.0,0.0
2024-02-29 15:30:00-05:00,21.68000030517578,21.770000457763672,21.649999618530273,21.700000762939453,76749,0.0,0.0
2024-03-01 09:30:00-05:00,21.540000915527344,21.739999771118164,21.200000762939453,21.670000076293945,15366,0.0,0.0
2024-03-01 10:30:00-05:00,21.649999618530273,21.709999084472656,21.5,21.5,64495,0.0,0.0
2024-03-01 11:30:00-05:00,21.459999084472656,21.549999237060547,21.424999237060547,21.5049991607666,12417,0.0,0.0
2024-03-01 12:30:00-05:00,21.540000915527344,21.540000915527344,21.438800811767578,21.450000762939453,9857,0.0,0.0
2024-03-01 13:30:00-05:00,21.440000534057617,21.59000015258789,21.440000534057617,21.56999969482422,11817,0.0,0.0
2024-03-01 14:30:00-05:00,21.59000015258789,21.59000015258789,21.510000228881836,21.549999237060547,22940,0.0,0.0
2024-03-01 15:30:00-05:00,21.549999237060547,21.635000228881836,21.5,21.6200008392334,47852,0.0,0.0
2024-03-04 09:30:00-05:00,21.71500015258789,22.010000228881836,21.6200008392334,21.719999313354492,36544,0.0,0.0
2024-03-04 10:30:00-05:00,21.729999542236328,21.770000457763672,21.625,21.75,826,0.0,0.0
2024-03-04 11:30:00-05:00,21.760000228881836,21.850000381469727,21.729999542236328,21.739999771118164,13928,0.0,0.0
2024-03-04 12:30:00-05:00,21.719999313354492,21.760000228881836,21.670000076293945,21.75,14690,0.0,0.0
2024-03-04 13:30:00-05:00,21.739999771118164,21.739999771118164,21.590499877929688,21.649999618530273,16584,0.0,0.0
2024-03-04 14:30:00-05:00,21.65999984741211,21.709999084472656,21.559999465942383,21.575000762939453,19969,0.0,0.0
2024-03-04 15:30:00-05:00,21.549999237060547,21.610000610351562,21.510000228881836,21.610000610351562,146801,0.0,0.0
2024-03-05 09:30:00-05:00,21.5,21.979999542236328,21.5,21.979999542236328,38620,0.0,0.0
2024-03-05 10:30:00-05:00,21.969999313354492,22.114999771118164,21.940000534057617,21.979999542236328,20511,0.0,0.0
2024-03-05 11:30:00-05:00,22.113000869750977,22.2450008392334,22.020000457763672,22.2450008392334,2883,0.0,0.0
2024-03-05 12:30:00-05:00,22.25,22.28499984741211,22.18000030517578,22.235000610351562,22555,0.0,0.0
2024-03-05 13:30:00-05:00,22.219999313354492,22.260000228881836,22.15999984741211,22.25,23176,0.0,0.0
2024-03-05 14:30:00-05:00,22.229999542236328,22.270000457763672,22.030000686645508,22.075000762939453,20768,0.0,0.0
2024-03-05 15:30:00-05:00,22.079999923706055,22.209999084472656,22.06999969482422,22.200000762939453,128562,0.0,0.0
2024-03-06 09:30:00-05:00,22.200000762939453,22.225000381469727,21.860000610351562,21.940000534057617,27657,0.0,0.0
2024-03-06 10:30:00-05:00,21.924999237060547,22.15999984741211,21.899999618530273,22.15999984741211,1832,0.0,0.0
2024-03-06 11:30:00-05:00,22.149999618530273,22.149999618530273,21.639999389648438,21.81999969482422,13999,0.0,0.0
2024-03-06 12:30:00-05:00,21.81999969482422,21.889999389648438,21.809999465942383,21.8799991607666,12061,0.0,0.0
2024-03-06 13:30:00-05:00,21.8799991607666,22.40999984741211,21.799999237060547,22.40999984741211,21247,0.0,0.0
2024-03-06 14:30:00-05:00,22.405000686645508,22.549999237060547,22.110000610351562,22.190000534057617,31765,0.0,0.0
2024-03-06 15:30:00-05:00,22.200000762939453,22.200000762939453,21.969999313354492,22.139999389648438,128536,0.0,0.0
2024-03-07 09:30:00-05:00,22.360000610351562,22.549999237060547,22.280000686645508,22.399999618530273,19016,0.0,0.0
2024-03-07 10:30:00-05:00,22.399999618530273,22.420000076293945,22.18000030517578,22.25,11965,0.0,0.0
2024-03-07 11:30:00-05:00,22.190000534057617,22.219999313354492,22.100000381469727,22.110000610351562,14633,0.0,0.0
2024-03-07 12:30:00-05:00,22.100000381469727,22.170000076293945,22.075000762939453,22.135000228881836,18416,0.0,0.0
2024-03-07 13:30:00-05:00,22.149999618530273,22.149999618530273,22.020000457763672,22.040000915527344,18773,0.0,0.0
2024-03-07 14:30:00-05:00,22.010000228881836,22.059999465942383,22.006999969482422,22.010000228881836,22167,0.0,0.0
2024-03-07 15:30:00-05:00,22.010000228881836,22.15999984741211,22.010000228881836,22.15999984741211,48518,0.0,0.0
2024-03-08 09:30:00-05:00,22.459999084472656,22.489999771118164,22.040000915527344,22.329999923706055,27232,0.0,0.0
2024-03-08 10:30:00-05:00,22.309999465942383,22.43000030517578,22.239999771118164,22.239999771118164,17562,0.0,0.0
2024-03-08 11:30:00-05:00,22.270000457763672,22.31999969482422,22.174999237060547,22.229999542236328,21379,0.0,0.0
2024-03-08 12:30:00-05:00,22.229999542236328,22.25,22.09000015258789,22.15999984741211,14995,0.0,0.0
2024-03-08 13:30:00-05:00,22.149999618530273,22.209999084472656,22.1200008392334,22.204999923706055,18841,0.0,0.0
2024-03-08 14:30:00-05:00,22.200000762939453,22.236499786376953,22.110000610351562,22.1200008392334,27039,0.0,0.0
2024-03-08 15:30:00-05:00,22.110000610351562,22.229999542236328,22.110000610351562,22.149999618530273,53878,0.0,0.0
2024-03-11 09:30:00-04:00,22.149999618530273,22.19860076904297,22.030000686645508,22.100000381469727,23792,0.0,0.0
2024-03-11 10:30:00-04:00,22.06999969482422,22.1200008392334,22.014999389648438,22.079999923706055,13854,0.0,0.0
2024-03-11 11:30:00-04:00,22.06999969482422,22.1200008392334,22.06999969482422,22.110000610351562,12747,0.0,0.0
2024-03-11 12:30:00-04:00,22.06999969482422,22.1299991607666,22.049999237060547,22.1299991607666,13587,0.0,0.0
2024-03-11 13:30:00-04:00,22.1299991607666,22.1299991607666,22.010000228881836,22.045000076293945,14355,0.0,0.0
2024-03-11 14:30:00-04:00,22.049999237060547,22.145000457763672,22.049999237060547,22.070999145507812,19202,0.0,0.0
2024-03-11 15:30:00-04:00,22.059999465942383,22.079999923706055,22.009000778198242,22.040000915527344,52710,0.0,0.0
2024-03-12 09:30:00-04:00,22.0,22.0049991607666,21.680999755859375,21.790000915527344,31820,0.0,0.0
2024-03-12 10:30:00-04:00,21.790000915527344,21.834999084472656,21.760000228881836,21.780000686645508,16589,0.0,0.0
2024-03-12 11:30:00-04:00,21.760000228881836,21.809999465942383,21.639999389648438,21.68000030517578,20348,0.0,0.0
2024-03-12 12:30:00-04:00,21.68000030517578,21.719999313354492,21.510000228881836,21.610000610351562,19025,0.0,0.0
2024-03-12 13:30:00-04:00,21.614999771118164,21.65999984741211,21.610000610351562,21.65999984741211,10150,0.0,0.0
2024-03-12 14:30:00-04:00,21.65999984741211,21.719999313354492,21.6299991607666,21.68000030517578,17079,0.0,0.0
2024-03-12 15:30:00-04:00,21.68000030517578,21.749000549316406,21.610000610351562,21.610000610351562,55203,0.0,0.0
2024-03-13 09:30:00-04:00,21.510000228881836,21.93000030517578,21.510000228881836,21.829999923706055,27740,0.0,0.0
2024-03-13 10:30:00-04:00,21.829999923706055,21.850000381469727,21.690000534057617,21.75,15902,0.0,0.0
2024-03-13 11:30:00-04:00,21.739999771118164,21.781600952148438,21.690000534057617,21.690000534057617,12872,0.0,0.0
2024-03-13 12:30:00-04:00,21.709999084472656,21.770000457763672,21.709999084472656,21.739999771118164,15961,0.0,0.0
2024-03-13 13:30:00-04:00,21.729999542236328,21.729999542236328,21.639999389648438,21.639999389648438,13454,0.0,0.0
2024-03-13 14:30:00-04:00,21.65999984741211,21.65999984741211,21.5,21.520000457763672,23882,0.0,0.0
2024-03-13 15:30:00-04:00,21.530000686645508,21.670000076293945,21.520000457763672,21.65999984741211,42755,0.0,0.0
2024-03-14 09:30:00-04:00,21.540000915527344,21.59000015258789,21.170000076293945,21.200000762939453,24997,0.0,0.0
2024-03-14 10:30:00-04:00,21.190000534057617,21.34000015258789,21.165000915527344,21.18000030517578,30984,0.0,0.0
2024-03-14 11:30:00-04:00,21.190000534057617,21.219999313354492,21.049999237060547,21.110000610351562,29222,0.0,0.0
2024-03-14 12:30:00-04:00,21.09000015258789,21.15999984741211,21.09000015258789,21.09000015258789,18061,0.0,0.0
2024-03-14 13:30:00-04:00,21.09000015258789,21.149999618530273,21.05500030517578,21.06999969482422,19897,0.0,0.0
2024-03-14 14:30:00-04:00,21.049999237060547,21.110000610351562,20.920000076293945,20.969999313354492,31757,0.0,0.0
2024-03-14 15:30:00-04:00,20.969999313354492,21.079999923706055,20.895000457763672,21.079999923706055,61337,0.0,0.0
2024-03-15 09:30:00-04:00,21.010000228881836,21.549999237060547,21.010000228881836,21.375,171520,0.0,0.0
2024-03-15 10:30:00-04:00,21.365999221801758,21.389999389648438,21.260000228881836,21.360000610351562,9584,0.0,0.0
2024-03-15 11:30:00-04:00,21.3700008392334,21.399999618530273,21.299999237060547,21.325000762939453,20511,0.0,0.0
2024-03-15 12:30:00-04:00,21.309999465942383,21.309999465942383,21.209999084472656,21.209999084472656,12680,0.0,0.0
2024-03-15 13:30:00-04:00,21.204999923706055,21.329999923706055,21.190000534057617,21.31999969482422,11882,0.0,0.0
2024-03-15 14:30:00-04:00,21.31999969482422,21.40999984741211,21.299999237060547,21.3799991607666,26612,0.0,0.0
2024-03-15 15:30:00-04:00,21.381999969482422,21.469999313354492,21.329999923706055,21.3700008392334,139380,0.0,0.0
2024-03-18 09:30:00-04:00,21.299999237060547,21.34000015258789,21.049999237060547,21.219999313354492,32265,0.0,0.0
2024-03-18 10:30:00-04:00,21.209199905395508,21.290000915527344,21.190000534057617,21.225000381469727,18978,0.0,0.0
2024-03-18 11:30:00-04:00,21.209999084472656,21.274999618530273,21.15999984741211,21.18000030517578,14529,0.0,0.0
2024-03-18 12:30:00-04:00,21.18000030517578,21.219999313354492,21.15999984741211,21.200000762939453,14122,0.0,0.0
2024-03-18 13:30:00-04:00,21.200000762939453,21.200000762939453,21.110000610351562,21.139999389648438,18152,0.0,0.0
2024-03-18 14:30:00-04:00,21.149999618530273,21.170000076293945,21.024999618530273,21.094999313354492,48049,0.0,0.0
2024-03-18 15:30:00-04:00,21.065000534057617,21.149999618530273,20.979999542236328,21.020000457763672,96145,0.0,0.0
2024-03-19 09:30:00-04:00,20.969999313354492,21.21500015258789,20.969999313354492,20.989999771118164,55640,0.0,0.0
2024-03-19 10:30:00-04:00,21.019699096679688,21.209999084472656,21.010000228881836,21.19499969482422,40833,0.0,0.0
2024-03-19 11:30:00-04:00,21.209999084472656,21.229999542236328,21.18000030517578,21.19499969482422,12645,0.0,0.0
2024-03-19 12:30:00-04:00,21.200000762939453,21.220199584960938,21.135000228881836,21.145000457763672,15851,0.0,0.0
2024-03-19 13:30:00-04:00,21.190000534057617,21.200000762939453,21.09000015258789,21.1200008392334,27633,0.0,0.0
2024-03-19 14:30:00-04:00,21.1200008392334,21.2549991607666,21.100000381469727,21.229999542236328,37365,0.0,0.0
2024-03-19 15:30:00-04:00,21.229999542236328,21.239999771118164,21.1200008392334,21.139999389648438,38268,0.0,0.0
2024-03-20 09:30:00-04:00,21.040000915527344,21.1200008392334,20.979999542236328,21.059999465942383,16770,0.0,0.0
2024-03-20 10:30:00-04:00,21.06999969482422,21.200000762939453,21.020000457763672,21.149999618530273,15190,0.0,0.0
2024-03-20 11:30:00-04:00,21.15999984741211,21.15999984741211,21.09000015258789,21.104999542236328,10552,0.0,0.0
2024-03-20 12:30:00-04:00,21.100000381469727,21.112499237060547,21.079999923706055,21.079999923706055,7893,0.0,0.0
2024-03-20 13:30:00-04:00,21.079999923706055,21.56999969482422,21.06999969482422,21.420000076293945,31010,0.0,0.0
2024-03-20 14:30:00-04:00,21.399999618530273,22.010000228881836,21.31999969482422,21.989999771118164,78600,0.0,0.0
2024-03-20 15:30:00-04:00,22.0,22.100000381469727,21.899999618530273,21.93000030517578,106464,0.0,0.0
2024-03-21 09:30:00-04:00,22.0,22.270000457763672,21.950000762939453,22.079999923706055,44741,0.0,0.0
2024-03-21 10:30:00-04:00,22.05500030517578,22.15999984741211,22.05500030517578,22.1200008392334,13701,0.0,0.0
2024-03-21 11:30:00-04:00,22.079999923706055,22.1200008392334,21.950000762939453,21.950000762939453,14553,0.0,0.0
2024-03-21 12:30:00-04:00,21.860000610351562,21.940000534057617,21.860000610351562,21.920000076293945,13911,0.0,0.0
2024-03-21 13:30:00-04:00,21.899999618530273,21.969999313354492,21.860000610351562,21.950000762939453,15659,0.0,0.0
2024-03-21 14:30:00-04:00,21.954999923706055,22.100000381469727,21.93000030517578,22.09000015258789,29615,0.0,0.0
2024-03-21 15:30:00-04:00,22.07200050354004,22.100000381469727,21.920000076293945,21.92099952697754,63154,0.0,0.0
2024-03-22 09:30:00-04:00,22.0,22.0,21.701099395751953,21.760000228881836,23072,0.0,0.0
2024-03-22 10:30:00-04:00,21.697999954223633,21.697999954223633,21.56999969482422,21.635000228881836,14366,0.0,0.0
2024-03-22 11:30:00-04:00,21.6299991607666,21.6299991607666,21.479999542236328,21.530000686645508,13193,0.0,0.0
2024-03-22 12:30:00-04:00,21.540000915527344,21.610000610351562,21.520000457763672,21.594999313354492,12785,0.0,0.0
2024-03-22 13:30:00-04:00,21.59000015258789,21.59000015258789,21.530000686645508,21.56999969482422,10652,0.0,0.0
2024-03-22 14:30:00-04:00,21.56999969482422,21.6299991607666,21.530000686645508,21.604999542236328,47161,0.0,0.0
2024-03-22 15:30:00-04:00,21.604999542236328,21.610000610351562,21.540000915527344,21.540000915527344,43180,0.0,0.0
2024-03-25 09:30:00-04:00,21.610000610351562,21.809999465942383,21.610000610351562,21.719999313354492,12215,0.0,0.0
2024-03-25 10:30:00-04:00,21.68000030517578,21.729999542236328,21.670000076293945,21.670000076293945,6566,0.0,0.0
2024-03-25 11:30:00-04:00,21.6200008392334,21.649999618530273,21.59000015258789,21.639999389648438,9023,0.0,0.0
2024-03-25 12:30:00-04:00,21.65999984741211,21.65999984741211,21.600000381469727,21.6299991607666,6156,0.0,0.0
2024-03-25 13:30:00-04:00,21.639999389648438,21.64150047302246,21.604999542236328,21.64150047302246,11791,0.0,0.0
2024-03-25 14:30:00-04:00,21.65999984741211,21.670000076293945,21.520000457763672,21.549999237060547,16550,0.0,0.0
2024-03-25 15:30:00-04:00,21.559999465942383,21.579999923706055,21.510000228881836,21.530000686645508,43239,0.0,0.0
2024-03-26 09:30:00-04:00,21.540000915527344,21.649999618530273,21.399999618530273,21.405000686645508,30278,0.0,0.0
2024-03-26 10:30:00-04:00,21.389999389648438,21.469999313354492,21.309999465942383,21.31999969482422,20360,0.0,0.0
2024-03-26 11:30:00-04:00,21.329999923706055,21.3700008392334,21.290000915527344,21.3700008392334,20231,0.0,0.0
2024-03-26 12:30:00-04:00,21.364999771118164,21.461700439453125,21.360000610351562,21.461700439453125,13675,0.0,0.0
2024-03-26 13:30:00-04:00,21.459999084472656,21.5,21.450000762939453,21.4950008392334,20270,0.0,0.0
2024-03-26 14:30:00-04:00,21.4950008392334,21.510000228881836,21.46500015258789,21.5,15800,0.0,0.0
2024-03-26 15:30:00-04:00,21.479999542236328,21.5,21.31999969482422,21.360000610351562,57233,0.0,0.0
2024-03-27 09:30:00-04:00,21.479999542236328,21.770000457763672,21.479999542236328,21.75,36266,0.0,0.0
2024-03-27 10:30:00-04:00,21.770000457763672,21.969999313354492,21.770000457763672,21.969999313354492,20423,0.0,0.0
2024-03-27 11:30:00-04:00,21.969999313354492,21.979999542236328,21.899999618530273,21.940000534057617,15976,0.0,0.0
2024-03-27 12:30:00-04:00,21.950000762939453,22.0,21.899999618530273,21.899999618530273,8816,0.0,0.0
2024-03-27 13:30:00-04:00,21.8700008392334,21.920000076293945,21.850000381469727,21.899999618530273,7462,0.0,0.0
2024-03-27 14:30:00-04:00,21.93000030517578,22.040000915527344,21.920000076293945,22.030000686645508,19951,0.0,0.0
2024-03-27 15:30:00-04:00,22.020000457763672,22.25,22.01110076904297,22.25,47426,0.0,0.0
2024-03-28 09:30:00-04:00,22.219999313354492,22.299999237060547,22.05500030517578,22.200000762939453,18058,0.0,0.0
2024-03-28 10:30:00-04:00,22.21500015258789,22.489999771118164,22.21500015258789,22.469999313354492,30201,0.0,0.0
2024-03-28 11:30:00-04:00,22.485000610351562,22.65999984741211,22.485000610351562,22.520000457763672,28592,0.0,0.0
2024-03-28 12:30:00-04:00,22.510000228881836,22.510000228881836,22.43000030517578,22.440000534057617,15910,0.0,0.0
2024-03-28 13:30:00-04:00,22.440000534057617,22.469999313354492,22.40999984741211,22.46500015258789,17782,0.0,0.0
2024-03-28 14:30:00-04:00,22.450000762939453,22.520000457763672,22.36199951171875,22.3700008392334,27316,0.0,0.0
2024-03-28 15:30:00-04:00,22.368999481201172,22.46500015258789,22.360000610351562,22.40999984741211,75971,0.0,0.0
2024-04-01 09:30:00-04:00,22.56999969482422,22.56999969482422,21.989999771118164,22.010000228881836,21603,0.0,0.0
2024-04-01 10:30:00-04:00,22.010000228881836,22.094999313354492,21.969999313354492,22.0,17211,0.0,0.0
2024-04-01 11:30:00-04:00,22.010000228881836,22.010000228881836,21.90999984741211,22.010000228881836,22398,0.0,0.0
2024-04-01 12:30:00-04:00,21.979999542236328,21.989999771118164,21.920000076293945,21.979999542236328,11745,0.0,0.0
2024-04-01 13:30:00-04:00,21.950000762939453,21.989999771118164,21.950000762939453,21.969999313354492,13709,0.0,0.0
2024-04-01 14:30:00-04:00,21.96500015258789,22.0,21.899999618530273,21.940000534057617,33130,0.0,0.0
2024-04-01 15:30:00-04:00,21.940000534057617,21.94499969482422,21.8799991607666,21.920000076293945,53919,0.0,0.0
2024-04-02 09:30:00-04:00,21.59000015258789,21.739900588989258,21.56999969482422,21.56999969482422,25122,0.0,0.0
2024-04-02 10:30:00-04:00,21.55500030517578,21.55500030517578,21.485000610351562,21.520000457763672,18830,0.0,0.0
2024-04-02 11:30:00-04:00,21.4950008392334,21.5,21.39299964904785,21.43000030517578,32815,0.0,0.0
2024-04-02 12:30:00-04:00,21.40999984741211,21.549999237060547,21.3799991607666,21.510000228881836,45113,0.0,0.0
2024-04-02 13:30:00-04:00,21.5,21.510000228881836,21.459999084472656,21.479999542236328,22154,0.0,0.0
2024-04-02 14:30:00-04:00,21.454999923706055,21.479999542236328,21.399999618530273,21.454999923706055,22986,0.0,0.0
2024-04-02 15:30:00-04:00,21.454999923706055,21.600000381469727,21.454999923706055,21.59000015258789,67770,0.0,0.0
2024-04-03 09:30:00-04:00,21.59000015258789,21.729999542236328,21.56999969482422,21.700000762939453,24455,0.0,0.0
2024-04-03 10:30:00-04:00,21.649999618530273,21.719999313354492,21.6200008392334,21.6200008392334,9336,0.0,0.0
2024-04-03 11:30:00-04:00,21.6299991607666,21.670000076293945,21.549999237060547,21.670000076293945,14892,0.0,0.0
2024-04-03 12:30:00-04:00,21.670700073242188,21.68000030517578,21.600000381469727,21.639999389648438,9793,0.0,0.0
2024-04-03 13:30:00-04:00,21.639999389648438,21.639999389648438,21.579999923706055,21.639999389648438,11420,0.0,0.0
2024-04-03 14:30:00-04:00,21.639999389648438,21.639999389648438,21.450000762939453,21.5,31580,0.0,0.0
2024-04-03 15:30:00-04:00,21.510000228881836,21.56999969482422,21.5,21.565000534057617,32921,0.0,0.0
2024-04-04 09:30:00-04:00,21.809999465942383,22.010000228881836,21.549999237060547,21.940000534057617,26568,0.0,0.0
2024-04-04 10:30:00-04:00,21.93199920654297,21.979999542236328,21.889999389648438,21.90999984741211,9452,0.0,0.0
2024-04-04 11:30:00-04:00,21.924999237060547,21.985000610351562,21.920000076293945,21.940000534057617,12061,0.0,0.0
2024-04-04 12:30:00-04:00,21.93000030517578,22.0,21.920000076293945,21.969999313354492,15351,0.0,0.0
2024-04-04 13:30:00-04:00,21.959999084472656,21.959999084472656,21.84000015258789,21.8700008392334,18956,0.0,0.0
2024-04-04 14:30:00-04:00,21.850000381469727,21.8700008392334,21.739999771118164,21.790000915527344,145630,0.0,0.0
2024-04-04 15:30:00-04:00,21.78499984741211,21.829999923706055,21.709999084472656,21.739999771118164,70371,0.0,0.0
2024-04-05 09:30:00-04:00,21.579999923706055,21.709999084472656,21.579999923706055,21.600000381469727,15313,0.0,0.0
2024-04-05 10:30:00-04:00,21.6299991607666,21.670000076293945,21.59000015258789,21.59000015258789,7021,0.0,0.0
2024-04-05 11:30:00-04:00,21.65999984741211,21.780000686645508,21.65999984741211,21.760000228881836,12757,0.0,0.0
2024-04-05 12:30:00-04:00,21.75,21.760000228881836,21.6299991607666,21.6299991607666,12558,0.0,0.0
2024-04-05 13:30:00-04:00,21.645000457763672,21.649999618530273,21.59000015258789,21.645000457763672,12058,0.0,0.0
2024-04-05 14:30:00-04:00,21.600000381469727,21.709999084472656,21.59000015258789,21.645000457763672,28164,0.0,0.0
2024-04-05 15:30:00-04:00,21.639999389648438,21.690000534057617,21.604999542236328,21.6200008392334,25758,0.0,0.0
2024-04-08 09:30:00-04:00,21.700000762939453,21.8799991607666,21.690000534057617,21.790000915527344,8330,0.0,0.0
2024-04-08 10:30:00-04:00,21.799999237060547,21.899999618530273,21.799999237060547,21.850000381469727,9069,0.0,0.0
2024-04-08 11:30:00-04:00,21.829999923706055,21.850000381469727,21.799999237060547,21.850000381469727,6792,0.0,0.0
2024-04-08 12:30:00-04:00,21.889999389648438,21.959999084472656,21.8799991607666,21.920000076293945,15803,0.0,0.0
2024-04-08 13:30:00-04:00,21.899999618530273,21.905000686645508,21.860000610351562,21.889999389648438,11711,0.0,0.0
2024-04-08 14:30:00-04:00,21.8700008392334,21.920000076293945,21.84000015258789,21.920000076293945,11935,0.0,0.0
2024-04-08 15:30:00-04:00,21.90999984741211,21.90999984741211,21.875,21.892000198364258,34211,0.0,0.0
2024-04-09 09:30:00-04:00,22.010000228881836,22.100000381469727,21.920000076293945,22.049999237060547,13175,0.0,0.0
2024-04-09 10:30:00-04:00,22.030000686645508,22.1299991607666,21.989999771118164,22.1200008392334,16734,0.0,0.0
2024-04-09 11:30:00-04:00,22.100000381469727,22.139999389648438,22.06999969482422,22.139999389648438,10448,0.0,0.0
2024-04-09 12:30:00-04:00,22.170000076293945,22.18000030517578,22.1200008392334,22.155000686645508,10733,0.0,0.0
2024-04-09 13:30:00-04:00,22.155000686645508,22.174999237060547,22.110000610351562,22.1200008392334,14770,0.0,0.0
2024-04-09 14:30:00-04:00,22.100000381469727,22.1200008392334,22.0,22.100000381469727,16184,0.0,0.0
2024-04-09 15:30:00-04:00,22.1200008392334,22.170000076293945,22.09000015258789,22.149999618530273,40328,0.0,0.0
2024-04-10 09:30:00-04:00,21.649999618530273,21.649999618530273,21.209999084472656,21.350000381469727,49168,0.0,0.0
2024-04-10 10:30:00-04:00,21.354999542236328,21.469999313354492,21.100000381469727,21.139999389648438,25510,0.0,0.0
2024-04-10 11:30:00-04:00,21.139999389648438,21.139999389648438,21.020000457763672,21.100000381469727,21775,0.0,0.0
2024-04-10 12:30:00-04:00,21.100000381469727,21.100000381469727,20.8700008392334,20.920000076293945,33806,0.0,0.0
2024-04-10 13:30:00-04:00,20.924999237060547,21.040000915527344,20.899999618530273,20.957799911499023,32573,0.0,0.0
2024-04-10 14:30:00-04:00,20.959999084472656,22.1200008392334,20.90999984741211,21.110000610351562,35644,0.0,0.0
2024-04-10 15:30:00-04:00,21.110000610351562,21.184999465942383,21.040000915527344,21.1299991607666,83120,0.0,0.0
2024-04-11 09:30:00-04:00,21.260000228881836,21.290000915527344,20.989999771118164,21.020000457763672,34705,0.0,0.0
2024-04-11 10:30:00-04:00,20.969999313354492,21.139999389648438,20.959999084472656,21.06999969482422,24925,0.0,0.0
2024-04-11 11:30:00-04:00,21.079999923706055,21.229999542236328,21.079999923706055,21.18000030517578,17333,0.0,0.0
2024-04-11 12:30:00-04:00,21.15999984741211,21.309999465942383,21.15999984741211,21.280000686645508,10340,0.0,0.0
2024-04-11 13:30:00-04:00,21.260000228881836,21.309999465942383,21.18000030517578,21.264699935913086,21476,0.0,0.0
2024-04-11 14:30:00-04:00,21.24049949645996,21.24049949645996,21.15999984741211,21.200000762939453,16033,0.0,0.0
2024-04-11 15:30:00-04:00,21.200000762939453,21.239999771118164,21.170000076293945,21.200000762939453,38571,0.0,0.0
2024-04-12 09:30:00-04:00,21.010000228881836,21.15999984741211,20.940000534057617,21.059999465942383,19830,0.0,0.0
2024-04-12 10:30:00-04:00,21.059999465942383,21.110000610351562,21.030000686645508,21.110000610351562,15619,0.0,0.0
2024-04-12 11:30:00-04:00,21.1200008392334,21.190000534057617,21.1200008392334,21.149999618530273,7562,0.0,0.0
2024-04-12 12:30:00-04:00,21.149999618530273,21.190000534057617,21.1200008392334,21.149999618530273,9648,0.0,0.0
2024-04-12 13:30:00-04:00,21.1299991607666,21.200000762939453,21.1200008392334,21.1200008392334,15992,0.0,0.0
2024-04-12 14:30:00-04:00,21.110000610351562,21.200000762939453,21.110000610351562,21.18000030517578,29309,0.0,0.0
2024-04-12 15:30:00-04:00,21.190000534057617,21.229999542236328,21.170000076293945,21.209999084472656,43838,0.0,0.0
2024-04-15 09:30:00-04:00,21.309999465942383,21.43000030517578,21.030000686645508,21.03499984741211,28728,0.0,0.0
2024-04-15 10:30:00-04:00,21.040000915527344,21.1299991607666,20.989999771118164,21.020000457763672,18802,0.0,0.0
2024-04-15 11:30:00-04:00,21.040000915527344,21.079999923706055,20.989999771118164,21.010000228881836,26412,0.0,0.0
2024-04-15 12:30:00-04:00,21.0,21.0,20.889999389648438,20.889999389648438,23219,0.0,0.0
2024-04-15 13:30:00-04:00,20.8700008392334,20.959999084472656,20.81999969482422,20.889999389648438,30709,0.0,0.0
2024-04-15 14:30:00-04:00,20.8799991607666,20.989999771118164,20.84000015258789,20.989999771118164,28552,0.0,0.0
2024-04-15 15:30:00-04:00,21.010000228881836,21.09000015258789,20.989999771118164,21.059999465942383,44149,0.0,0.0
2024-04-16 09:30:00-04:00,20.850000381469727,20.850000381469727,20.68000030517578,20.809999465942383,16601,0.0,0.0
2024-04-16 10:30:00-04:00,20.770000457763672,20.829999923706055,20.68000030517578,20.809999465942383,16955,0.0,0.0
2024-04-16 11:30:00-04:00,20.799999237060547,20.93000030517578,20.760000228881836,20.93000030517578,23954,0.0,0.0
2024-04-16 12:30:00-04:00,20.90999984741211,20.910600662231445,20.86009979248047,20.8700008392334,10839,0.0,0.0
2024-04-16 13:30:00-04:00,20.829999923706055,20.93000030517578,20.75,20.780000686645508,20429,0.0,0.0
2024-04-16 14:30:00-04:00,20.790000915527344,20.8799991607666,20.780000686645508,20.8700008392334,15711,0.0,0.0
2024-04-16 15:30:00-04:00,20.860000610351562,20.90999984741211,20.780000686645508,20.780000686645508,43131,0.0,0.0
2024-04-17 09:30:00-04:00,21.020000457763672,21.149999618530273,21.020000457763672,21.030000686645508,23253,0.0,0.0
2024-04-17 10:30:00-04:00,20.959999084472656,21.0,20.889999389648438,20.889999389648438,14828,0.0,0.0
2024-04-17 11:30:00-04:00,20.8799991607666,20.954999923706055,20.8700008392334,20.93000030517578,15008,0.0,0.0
2024-04-17 12:30:00-04:00,20.959999084472656,21.110000610351562,20.950000762939453,21.110000610351562,11506,0.0,0.0
2024-04-17 13:30:00-04:00,21.1200008392334,21.1200008392334,20.969999313354492,21.0,16231,0.0,0.0
2024-04-17 14:30:00-04:00,21.0,21.059999465942383,20.889999389648438,20.91990089416504,25367,0.0,0.0
2024-04-17 15:30:00-04:00,20.959999084472656,20.969999313354492,20.81999969482422,20.860000610351562,41836,0.0,0.0
2024-04-18 09:30:00-04:00,20.860000610351562,21.1299991607666,20.860000610351562,21.1299991607666,23996,0.0,0.0
2024-04-18 10:30:00-04:00,21.18000030517578,21.219999313354492,21.149999618530273,21.149999618530273,15752,0.0,0.0
2024-04-18 11:30:00-04:00,21.139999389648438,21.219999313354492,21.139999389648438,21.155000686645508,19552,0.0,0.0
2024-04-18 12:30:00-04:00,21.1200008392334,21.1200008392334,21.06999969482422,21.1200008392334,15866,0.0,0.0
2024-04-18 13:30:00-04:00,21.149999618530273,21.170000076293945,21.06999969482422,21.06999969482422,21475,0.0,0.0
2024-04-18 14:30:00-04:00,21.040000915527344,21.200000762939453,21.0,21.200000762939453,30594,0.0,0.0
2024-04-18 15:30:00-04:00,21.209999084472656,21.239999771118164,21.049999237060547,21.06999969482422,60004,0.0,0.0
2024-04-19 09:30:00-04:00,20.959999084472656,21.530000686645508,20.959999084472656,21.530000686645508,56323,0.0,0.0
2024-04-19 10:30:00-04:00,21.549999237060547,21.639999389648438,21.5,21.610000610351562,26186,0.0,0.0
2024-04-19 11:30:00-04:00,21.610000610351562,21.72010040283203,21.600000381469727,21.6200008392334,24689,0.0,0.0
2024-04-19 12:30:00-04:00,21.6200008392334,21.760000228881836,21.6200008392334,21.719999313354492,16866,0.0,0.0
2024-04-19 13:30:00-04:00,21.719999313354492,21.790000915527344,21.639999389648438,21.639999389648438,16984,0.0,0.0
2024-04-19 14:30:00-04:00,21.6200008392334,21.75,21.59000015258789,21.719999313354492,20733,0.0,0.0
2024-04-19 15:30:00-04:00,21.709999084472656,21.920000076293945,21.68000030517578,21.889999389648438,60631,0.0,0.0
2024-04-22 09:30:00-04:00,21.989999771118164,22.0,21.829999923706055,21.93950080871582,14179,0.0,0.0
2024-04-22 10:30:00-04:00,21.920000076293945,22.110000610351562,21.889999389648438,22.06999969482422,16234,0.0,0.0
2024-04-22 11:30:00-04:00,22.079999923706055,22.100000381469727,22.0,22.079999923706055,21197,0.0,0.0
2024-04-22 12:30:00-04:00,22.079999923706055,22.229999542236328,22.079999923706055,22.219999313354492,23342,0.0,0.0
2024-04-22 13:30:00-04:00,22.229999542236328,22.239999771118164,22.139999389648438,22.219999313354492,13854,0.0,0.0
2024-04-22 14:30:00-04:00,22.209999084472656,22.229999542236328,22.030000686645508,22.059999465942383,31808,0.0,0.0
2024-04-22 15:30:00-04:00,22.049999237060547,22.100000381469727,21.93000030517578,21.969999313354492,84331,0.0,0.0
2024-04-23 09:30:00-04:00,21.84000015258789,22.3700008392334,21.84000015258789,22.350000381469727,36161,0.0,0.0
2024-04-23 10:30:00-04:00,22.330799102783203,22.579999923706055,22.31999969482422,22.559999465942383,49936,0.0,0.0
2024-04-23 11:30:00-04:00,22.565000534057617,22.600000381469727,22.530000686645508,22.530000686645508,22443,0.0,0.0
2024-04-23 12:30:00-04:00,22.524999618530273,22.625,22.510000228881836,22.625,18065,0.0,0.0
2024-04-23 13:30:00-04:00,22.6299991607666,22.709999084472656,22.610000610351562,22.704999923706055,43260,0.0,0.0
2024-04-23 14:30:00-04:00,22.690000534057617,22.735000610351562,22.59000015258789,22.68000030517578,30082,0.0,0.0
2024-04-23 15:30:00-04:00,22.670000076293945,22.700000762939453,22.530000686645508,22.6299991607666,77169,0.0,0.0
2024-04-24 09:30:00-04:00,22.31999969482422,22.520000457763672,22.280000686645508,22.399999618530273,28307,0.0,0.0
2024-04-24 10:30:00-04:00,22.360000610351562,22.440000534057617,22.270000457763672,22.40999984741211,36822,0.0,0.0
2024-04-24 11:30:00-04:00,22.3799991607666,22.40999984741211,22.25,22.40999984741211,17048,0.0,0.0
2024-04-24 12:30:00-04:00,22.399999618530273,22.459999084472656,22.381000518798828,22.440000534057617,12705,0.0,0.0
2024-04-24 13:30:00-04:00,22.441999435424805,22.450000762939453,22.360000610351562,22.399999618530273,21946,0.0,0.0
2024-04-24 14:30:00-04:00,22.420000076293945,22.469999313354492,22.389999389648438,22.459999084472656,31761,0.0,0.0
2024-04-24 15:30:00-04:00,22.466100692749023,22.579999923706055,22.450000762939453,22.549999237060547,68407,0.0,0.0
2024-04-25 09:30:00-04:00,22.420000076293945,22.475000381469727,22.1200008392334,22.315000534057617,23709,0.0,0.0
2024-04-25 10:30:00-04:00,22.360000610351562,22.469999313354492,22.190000534057617,22.25,26495,0.0,0.0
2024-04-25 11:30:00-04:00,22.280000686645508,22.30500030517578,22.229999542236328,22.260000228881836,23669,0.0,0.0
2024-04-25 12:30:00-04:00,22.270000457763672,22.290000915527344,22.219999313354492,22.225000381469727,18084,0.0,0.0
2024-04-25 13:30:00-04:00,22.280000686645508,22.290000915527344,22.139999389648438,22.139999389648438,18475,0.0,0.0
2024-04-25 14:30:00-04:00,22.1299991607666,22.43000030517578,22.1299991607666,22.389999389648438,54268,0.0,0.0
2024-04-25 15:30:00-04:00,22.389999389648438,22.420000076293945,22.309999465942383,22.364999771118164,65454,0.0,0.0
2024-04-26 09:30:00-04:00,22.799999237060547,22.799999237060547,22.06999969482422,22.200000762939453,45918,0.0,0.0
2024-04-26 10:30:00-04:00,22.219999313354492,22.485000610351562,22.219999313354492,22.31999969482422,67420,0.0,0.0
2024-04-26 11:30:00-04:00,22.309999465942383,22.579999923706055,22.280000686645508,22.579999923706055,41604,0.0,0.0
2024-04-26 12:30:00-04:00,22.579999923706055,22.600000381469727,22.450000762939453,22.530000686645508,33012,0.0,0.0
2024-04-26 13:30:00-04:00,22.530000686645508,22.600000381469727,22.489999771118164,22.4950008392334,32887,0.0,0.0
2024-04-26 14:30:00-04:00,22.469999313354492,22.6200008392334,22.43000030517578,22.59000015258789,57587,0.0,0.0
2024-04-26 15:30:00-04:00,22.594999313354492,22.665000915527344,22.540000915527344,22.559999465942383,92858,0.0,0.0
2024-04-29 09:30:00-04:00,22.559999465942383,22.735000610351562,22.559999465942383,22.655000686645508,18012,0.0,0.0
2024-04-29 10:30:00-04:00,22.639999389648438,22.71500015258789,22.6299991607666,22.639999389648438,15047,0.0,0.0
2024-04-29 11:30:00-04:00,22.6200008392334,22.6200008392334,22.469999313354492,22.530000686645508,17598,0.0,0.0
2024-04-29 12:30:00-04:00,22.530000686645508,22.579999923706055,22.3799991607666,22.3799991607666,16740,0.0,0.0
2024-04-29 13:30:00-04:00,22.389999389648438,22.549999237060547,22.389999389648438,22.440000534057617,23706,0.0,0.0
2024-04-29 14:30:00-04:00,22.43000030517578,22.489999771118164,22.315000534057617,22.3799991607666,38618,0.0,0.0
2024-04-29 15:30:00-04:00,22.378999710083008,22.40999984741211,22.25,22.25,85242,0.0,0.0
2024-04-30 09:30:00-04:00,22.059999465942383,22.309999465942383,21.959999084472656,22.270000457763672,19538,0.0,0.0
2024-04-30 10:30:00-04:00,22.229999542236328,22.31999969482422,22.18000030517578,22.280000686645508,17802,0.0,0.0
2024-04-30 11:30:00-04:00,22.270000457763672,22.299999237060547,22.15999984741211,22.190000534057617,14260,0.0,0.0
2024-04-30 12:30:00-04:00,22.15999984741211,22.190000534057617,22.1200008392334,22.190000534057617,12897,0.0,0.0
2024-04-30 13:30:00-04:00,22.209999084472656,22.239999771118164,22.155000686645508,22.15999984741211,12407,0.0,0.0
2024-04-30 14:30:00-04:00,22.18000030517578,22.229999542236328,22.139999389648438,22.190000534057617,26086,0.0,0.0
2024-04-30 15:30:00-04:00,22.204999923706055,22.260000228881836,22.110000610351562,22.110000610351562,63104,0.0,0.0
2024-05-01 09:30:00-04:00,22.309999465942383,22.549999237060547,22.209999084472656,22.479999542236328,23865,0.0,0.0
2024-05-01 10:30:00-04:00,22.485000610351562,22.56999969482422,22.459999084472656,22.5492000579834,13453,0.0,0.0
2024-05-01 11:30:00-04:00,22.540000915527344,22.559999465942383,22.475000381469727,22.530000686645508,21036,0.0,0.0
2024-05-01 12:30:00-04:00,22.520000457763672,22.670000076293945,22.4950008392334,22.6200008392334,20660,0.0,0.0
2024-05-01 13:30:00-04:00,22.625,22.670000076293945,22.469999313354492,22.56999969482422,19214,0.0,0.0
2024-05-01 14:30:00-04:00,22.59000015258789,22.959999084472656,22.459999084472656,22.799999237060547,53421,0.0,0.0
2024-05-01 15:30:00-04:00,22.790000915527344,22.790000915527344,22.6200008392334,22.670000076293945,124229,0.0,0.0
2024-05-02 09:30:00-04:00,22.799999237060547,23.040000915527344,22.799999237060547,22.93000030517578,25177,0.0,0.0
2024-05-02 10:30:00-04:00,22.92099952697754,23.030000686645508,22.81999969482422,23.010000228881836,13331,0.0,0.0
2024-05-02 11:30:00-04:00,22.989999771118164,23.014999389648438,22.940099716186523,23.0,13757,0.0,0.0
2024-05-02 12:30:00-04:00,22.969999313354492,23.030000686645508,22.953500747680664,23.010000228881836,12832,0.0,0.0
2024-05-02 13:30:00-04:00,23.010000228881836,23.06999969482422,22.975000381469727,23.06999969482422,13838,0.0,0.0
2024-05-02 14:30:00-04:00,23.079999923706055,23.190000534057617,23.079999923706055,23.110000610351562,22915,0.0,0.0
2024-05-02 15:30:00-04:00,23.110000610351562,23.149999618530273,23.030000686645508,23.110000610351562,75227,0.0,0.0
2024-05-03 09:30:00-04:00,23.5,23.530000686645508,23.25,23.25,34405,0.0,0.0
2024-05-03 10:30:00-04:00,23.31999969482422,23.31999969482422,23.200000762939453,23.25,25023,0.0,0.0
2024-05-03 11:30:00-04:00,23.25,23.299999237060547,23.139999389648438,23.260000228881836,17899,0.0,0.0
2024-05-03 12:30:00-04:00,23.25,23.30500030517578,23.219999313354492,23.25,17269,0.0,0.0
2024-05-03 13:30:00-04:00,23.209999084472656,23.329999923706055,23.209999084472656,23.31999969482422,9919,0.0,0.0
2024-05-03 14:30:00-04:00,23.329999923706055,23.329999923706055,23.229999542236328,23.319900512695312,37161,0.0,0.0
2024-05-03 15:30:00-04:00,23.290000915527344,23.34000015258789,23.270000457763672,23.274999618530273,33408,0.0,0.0
2024-05-06 09:30:00-04:00,23.31999969482422,23.5,23.31999969482422,23.459999084472656,29473,0.0,0.0
2024-05-06 10:30:00-04:00,23.434999465942383,23.434999465942383,23.290000915527344,23.290000915527344,18138,0.0,0.0
2024-05-06 11:30:00-04:00,23.260000228881836,23.39189910888672,23.260000228881836,23.350000381469727,14351,0.0,0.0
2024-05-06 12:30:00-04:00,23.34000015258789,23.368999481201172,23.315000534057617,23.36009979248047,12102,0.0,0.0
2024-05-06 13:30:00-04:00,23.389999389648438,23.40999984741211,23.34000015258789,23.389999389648438,14167,0.0,0.0
2024-05-06 14:30:00-04:00,23.389999389648438,23.389999389648438,23.30389976501465,23.350000381469727,19268,0.0,0.0
2024-05-06 15:30:00-04:00,23.350000381469727,23.389999389648438,23.334999084472656,23.3700008392334,59100,0.0,0.0
2024-05-07 09:30:00-04:00,23.399999618530273,23.5,23.399999618530273,23.5,24672,0.0,0.0
2024-05-07 10:30:00-04:00,23.510000228881836,23.540000915527344,23.469999313354492,23.479999542236328,15612,0.0,0.0
2024-05-07 11:30:00-04:00,23.475000381469727,23.514999389648438,23.475000381469727,23.479999542236328,10747,0.0,0.0
2024-05-07 12:30:00-04:00,23.479999542236328,23.520000457763672,23.43000030517578,23.459999084472656,14446,0.0,0.0
2024-05-07 13:30:00-04:00,23.440000534057617,23.440000534057617,23.3439998626709,23.3799991607666,17400,0.0,0.0
2024-05-07 14:30:00-04:00,23.370899200439453,23.389999389648438,23.31999969482422,23.3700008392334,23235,0.0,0.0
2024-05-07 15:30:00-04:00,23.3700008392334,23.420000076293945,23.309999465942383,23.329999923706055,60675,0.0,0.0
2024-05-08 09:30:00-04:00,23.100000381469727,23.25,23.100000381469727,23.219999313354492,16074,0.0,0.0
2024-05-08 10:30:00-04:00,23.19499969482422,23.31999969482422,23.190000534057617,23.31999969482422,5824,0.0,0.0
2024-05-08 11:30:00-04:00,23.309999465942383,23.309999465942383,23.229999542236328,23.239999771118164,11023,0.0,0.0
2024-05-08 12:30:00-04:00,23.25,23.299999237060547,23.229999542236328,23.299999237060547,7976,0.0,0.0
2024-05-08 13:30:00-04:00,23.299999237060547,23.3700008392334,23.284000396728516,23.3700008392334,11223,0.0,0.0
2024-05-08 14:30:00-04:00,23.389999389648438,23.420000076293945,23.3799991607666,23.389999389648438,12236,0.0,0.0
2024-05-08 15:30:00-04:00,23.3799991607666,23.399999618530273,23.329999923706055,23.329999923706055,43737,0.0,0.0
2024-05-09 09:30:00-04:00,23.360000610351562,23.530000686645508,23.31999969482422,23.514999389648438,12991,0.0,0.0
2024-05-09 10:30:00-04:00,23.510000228881836,23.510000228881836,23.459999084472656,23.459999084472656,11055,0.0,0.0
2024-05-09 11:30:00-04:00,23.469999313354492,23.469999313354492,23.40999984741211,23.43000030517578,11306,0.0,0.0
2024-05-09 12:30:00-04:00,23.420000076293945,23.43000030517578,23.360000610351562,23.399999618530273,16044,0.0,0.0
2024-05-09 13:30:00-04:00,23.389999389648438,23.420000076293945,23.385000228881836,23.40999984741211,12383,0.0,0.0
2024-05-09 14:30:00-04:00,23.40999984741211,23.469999313354492,23.375,23.469999313354492,27955,0.0,0.0
2024-05-09 15:30:00-04:00,23.459999084472656,23.59000015258789,23.440000534057617,23.549999237060547,62319,0.0,0.0
2024-05-10 09:30:00-04:00,23.530000686645508,23.610000610351562,23.530000686645508,23.549999237060547,22041,0.0,0.0
2024-05-10 10:30:00-04:00,23.559999465942383,23.610000610351562,23.43000030517578,23.530000686645508,20351,0.0,0.0
2024-05-10 11:30:00-04:00,23.53499984741211,23.645000457763672,23.520000457763672,23.639999389648438,26337,0.0,0.0
2024-05-10 12:30:00-04:00,23.6200008392334,23.625,23.559999465942383,23.604999542236328,21351,0.0,0.0
2024-05-10 13:30:00-04:00,23.6299991607666,23.639999389648438,23.610000610351562,23.625,7536,0.0,0.0
2024-05-10 14:30:00-04:00,23.6200008392334,23.65999984741211,23.600000381469727,23.649999618530273,14900,0.0,0.0
2024-05-10 15:30:00-04:00,23.639999389648438,23.780000686645508,23.635000228881836,23.709999084472656,68028,0.0,0.0
2024-05-13 09:30:00-04:00,23.84000015258789,23.860000610351562,23.739999771118164,23.739999771118164,8669,0.0,0.0
2024-05-13 10:30:00-04:00,23.749000549316406,23.8799991607666,23.749000549316406,23.860000610351562,18142,0.0,0.0
2024-05-13 11:30:00-04:00,23.834999084472656,23.84000015258789,23.739999771118164,23.739999771118164,17286,0.0,0.0
2024-05-13 12:30:00-04:00,23.75,23.790000915527344,23.726900100708008,23.790000915527344,18323,0.0,0.0
2024-05-13 13:30:00-04:00,23.78499984741211,23.829999923706055,23.7549991607666,23.81999969482422,17970,0.0,0.0
2024-05-13 14:30:00-04:00,23.825000762939453,23.885000228881836,23.78499984741211,23.78499984741211,31674,0.0,0.0
2024-05-13 15:30:00-04:00,23.774999618530273,23.780000686645508,23.6299991607666,23.649999618530273,89058,0.0,0.0
2024-05-14 09:30:00-04:00,23.940000534057617,23.989999771118164,23.739999771118164,23.739999771118164,16557,0.0,0.0
2024-05-14 10:30:00-04:00,23.770000457763672,23.770000457763672,23.69499969482422,23.725000381469727,10519,0.0,0.0
2024-05-14 11:30:00-04:00,23.719999313354492,23.735000610351562,23.649999618530273,23.65999984741211,10680,0.0,0.0
2024-05-14 12:30:00-04:00,23.649999618530273,23.649999618530273,23.59000015258789,23.59000015258789,9273,0.0,0.0
2024-05-14 13:30:00-04:00,23.59000015258789,23.639999389648438,23.56999969482422,23.639999389648438,25775,0.0,0.0
2024-05-14 14:30:00-04:00,23.639999389648438,23.700000762939453,23.579999923706055,23.600000381469727,27740,0.0,0.0
2024-05-14 15:30:00-04:00,23.611000061035156,23.809999465942383,23.611000061035156,23.780000686645508,68997,0.0,0.0
2024-05-15 09:30:00-04:00,24.0,24.049999237060547,23.68000030517578,23.68000030517578,49556,0.0,0.0
2024-05-15 10:30:00-04:00,23.68000030517578,23.700000762939453,23.53499984741211,23.600000381469727,36442,0.0,0.0
2024-05-15 11:30:00-04:00,23.6200008392334,23.6299991607666,23.510000228881836,23.530000686645508,20385,0.0,0.0
2024-05-15 12:30:00-04:00,23.530000686645508,23.639999389648438,23.520000457763672,23.6299991607666,25956,0.0,0.0
2024-05-15 13:30:00-04:00,23.6299991607666,23.6299991607666,23.549999237060547,23.559999465942383,21695,0.0,0.0
2024-05-15 14:30:00-04:00,23.559999465942383,23.700000762939453,23.549999237060547,23.639999389648438,28821,0.0,0.0
2024-05-15 15:30:00-04:00,23.639999389648438,23.739999771118164,23.6299991607666,23.729999542236328,60497,0.0,0.0
2024-05-16 09:30:00-04:00,23.6200008392334,23.719999313354492,23.55500030517578,23.56999969482422,18278,0.0,0.0
2024-05-16 10:30:00-04:00,23.549999237060547,23.670000076293945,23.549999237060547,23.670000076293945,16211,0.0,0.0
2024-05-16 11:30:00-04:00,23.674999237060547,23.674999237060547,23.6299991607666,23.641700744628906,10398,0.0,0.0
2024-05-16 12:30:00-04:00,23.649999618530273,23.700000762939453,23.639999389648438,23.65999984741211,10348,0.0,0.0
2024-05-16 13:30:00-04:00,23.65999984741211,23.674999237060547,23.600000381469727,23.670000076293945,13691,0.0,0.0
2024-05-16 14:30:00-04:00,23.690000534057617,23.690000534057617,23.610000610351562,23.670000076293945,36132,0.0,0.0
2024-05-16 15:30:00-04:00,23.649999618530273,23.700000762939453,23.579999923706055,23.610000610351562,49679,0.0,0.0
2024-05-17 09:30:00-04:00,23.739999771118164,23.75,23.639999389648438,23.75,25001,0.0,0.0
2024-05-17 10:30:00-04:00,23.753999710083008,23.790800094604492,23.739999771118164,23.780000686645508,8949,0.0,0.0
2024-05-17 11:30:00-04:00,23.799999237060547,23.924999237060547,23.799999237060547,23.81999969482422,22822,0.0,0.0
2024-05-17 12:30:00-04:00,23.829999923706055,23.850000381469727,23.790000915527344,23.844999313354492,14841,0.0,0.0
2024-05-17 13:30:00-04:00,23.850000381469727,23.850000381469727,23.729999542236328,23.7450008392334,13157,0.0,0.0
2024-05-17 14:30:00-04:00,23.729999542236328,23.770000457763672,23.690000534057617,23.690000534057617,19674,0.0,0.0
2024-05-17 15:30:00-04:00,23.725000381469727,23.725000381469727,23.6200008392334,23.68000030517578,49556,0.0,0.0
2024-05-20 09:30:00-04:00,23.610000610351562,23.635000228881836,23.510000228881836,23.53499984741211,9331,0.0,0.0
2024-05-20 10:30:00-04:00,23.540000915527344,23.690000534057617,23.540000915527344,23.670000076293945,8946,0.0,0.0
2024-05-20 11:30:00-04:00,23.662700653076172,23.68899917602539,23.579999923706055,23.600000381469727,26168,0.0,0.0
2024-05-20 12:30:00-04:00,23.59000015258789,23.59000015258789,23.540000915527344,23.55500030517578,12068,0.0,0.0
2024-05-20 13:30:00-04:00,23.549999237060547,23.575000762939453,23.440000534057617,23.440000534057617,16676,0.0,0.0
2024-05-20 14:30:00-04:00,23.420000076293945,23.43000030517578,23.280000686645508,23.290000915527344,48019,0.0,0.0
2024-05-20 15:30:00-04:00,23.280000686645508,23.325000762939453,23.15999984741211,23.15999984741211,64950,0.0,0.0
2024-05-21 09:30:00-04:00,23.049999237060547,23.280000686645508,23.049999237060547,23.280000686645508,18278,0.0,0.0
2024-05-21 10:30:00-04:00,23.280000686645508,23.350000381469727,23.219999313354492,23.25,15528,0.0,0.0
2024-05-21 11:30:00-04:00,23.239999771118164,23.270000457763672,23.209999084472656,23.270000457763672,12219,0.0,0.0
2024-05-21 12:30:00-04:00,23.290000915527344,23.350000381469727,23.280000686645508,23.31999969482422,12622,0.0,0.0
2024-05-21 13:30:00-04:00,23.31999969482422,23.329999923706055,23.25,23.290000915527344,15276,0.0,0.0
2024-05-21 14:30:00-04:00,23.290000915527344,23.299999237060547,23.25,23.25,19906,0.0,0.0
2024-05-21 15:30:00-04:00,23.239999771118164,23.354999542236328,23.239999771118164,23.31999969482422,46912,0.0,0.0
2024-05-22 09:30:00-04:00,23.280000686645508,23.350000381469727,23.219999313354492,23.280000686645508,9403,0.0,0.0
2024-05-22 10:30:00-04:00,23.29400062561035,23.315000534057617,23.17300033569336,23.18000030517578,6433,0.0,0.0
2024-05-22 11:30:00-04:00,23.15399932861328,23.170000076293945,23.1200008392334,23.15999984741211,9398,0.0,0.0
2024-05-22 12:30:00-04:00,23.170000076293945,23.190000534057617,23.149999618530273,23.170000076293945,10168,0.0,0.0
2024-05-22 13:30:00-04:00,23.15999984741211,23.239999771118164,22.959999084472656,22.959999084472656,32021,0.0,0.0
2024-05-22 14:30:00-04:00,22.989999771118164,23.010000228881836,22.905000686645508,22.969999313354492,22875,0.0,0.0
2024-05-22 15:30:00-04:00,22.969999313354492,23.110000610351562,22.969999313354492,23.040000915527344,51105,0.0,0.0
2024-05-23 09:30:00-04:00,23.149999618530273,23.18000030517578,22.81999969482422,22.8799991607666,12471,0.0,0.0
2024-05-23 10:30:00-04:00,22.899999618530273,23.010000228881836,22.8700008392334,22.8700008392334,13744,0.0,0.0
2024-05-23 11:30:00-04:00,22.860000610351562,22.9148006439209,22.81999969482422,22.850000381469727,12808,0.0,0.0
2024-05-23 12:30:00-04:00,22.850000381469727,22.864999771118164,22.670000076293945,22.700000762939453,23457,0.0,0.0
2024-05-23 13:30:00-04:00,22.709999084472656,22.709999084472656,22.479999542236328,22.530000686645508,20907,0.0,0.0
2024-05-23 14:30:00-04:00,22.510000228881836,22.614999771118164,22.510000228881836,22.59000015258789,25685,0.0,0.0
2024-05-23 15:30:00-04:00,22.610000610351562,22.6200008392334,22.549999237060547,22.565000534057617,53810,0.0,0.0
2024-05-24 09:30:00-04:00,22.709999084472656,22.719999313354492,22.559999465942383,22.600000381469727,10852,0.0,0.0
2024-05-24 10:30:00-04:00,22.579999923706055,22.579999923706055,22.520000457763672,22.520000457763672,18630,0.0,0.0
2024-05-24 11:30:00-04:00,22.489999771118164,22.545000076293945,22.479999542236328,22.540000915527344,9739,0.0,0.0
2024-05-24 12:30:00-04:00,22.479999542236328,22.489999771118164,22.4601993560791,22.479999542236328,4134,0.0,0.0
2024-05-24 13:30:00-04:00,22.450000762939453,22.520000457763672,22.309999465942383,22.350000381469727,143250,0.0,0.0
2024-05-24 14:30:00-04:00,22.350000381469727,22.43000030517578,22.25,22.3700008392334,123228,0.0,0.0
2024-05-24 15:30:00-04:00,22.354999542236328,22.600000381469727,22.299999237060547,22.59000015258789,88822,0.0,0.0
2024-05-28 09:30:00-04:00,22.690000534057617,22.739999771118164,22.40999984741211,22.43000030517578,33623,0.0,0.0
2024-05-28 10:30:00-04:00,22.391000747680664,22.489999771118164,22.360000610351562,22.489999771118164,12125,0.0,0.0
2024-05-28 11:30:00-04:00,22.479999542236328,22.4950008392334,22.299999237060547,22.309999465942383,199856,0.0,0.0
2024-05-28 12:30:00-04:00,22.329999923706055,22.360000610351562,22.149999618530273,22.229999542236328,68419,0.0,0.0
2024-05-28 13:30:00-04:00,22.219999313354492,22.229999542236328,22.030000686645508,22.059999465942383,24843,0.0,0.0
2024-05-28 14:30:00-04:00,22.059999465942383,22.15999984741211,22.049999237060547,22.110000610351562,40967,0.0,0.0
2024-05-28 15:30:00-04:00,22.110000610351562,22.25,22.110000610351562,22.239999771118164,68085,0.0,0.0
2024-05-29 09:30:00-04:00,21.989999771118164,22.010000228881836,21.747499465942383,22.0,28059,0.0,0.0
2024-05-29 10:30:00-04:00,22.0,22.010000228881836,21.855100631713867,21.8700008392334,22002,0.0,0.0
2024-05-29 11:30:00-04:00,21.860000610351562,21.950000762939453,21.850000381469727,21.950000762939453,16523,0.0,0.0
2024-05-29 12:30:00-04:00,21.94499969482422,21.975000381469727,21.899999618530273,21.975000381469727,17375,0.0,0.0
2024-05-29 13:30:00-04:00,21.989900588989258,22.049999237060547,21.950000762939453,22.014999389648438,16438,0.0,0.0
2024-05-29 14:30:00-04:00,22.010000228881836,22.049999237060547,21.969999313354492,22.020000457763672,39367,0.0,0.0
2024-05-29 15:30:00-04:00,22.020000457763672,22.048999786376953,21.93000030517578,21.941999435424805,106863,0.0,0.0
2024-05-30 09:30:00-04:00,22.239999771118164,22.3700008392334,22.100000381469727,22.190000534057617,21484,0.0,0.0
2024-05-30 10:30:00-04:00,22.20599937438965,22.364999771118164,22.200000762939453,22.364999771118164,26009,0.0,0.0
2024-05-30 11:30:00-04:00,22.34000015258789,22.34000015258789,22.170000076293945,22.18000030517578,61208,0.0,0.0
2024-05-30 12:30:00-04:00,22.170000076293945,22.18000030517578,22.079999923706055,22.079999923706055,27554,0.0,0.0
2024-05-30 13:30:00-04:00,22.09000015258789,22.209999084472656,22.06999969482422,22.209999084472656,28064,0.0,0.0
2024-05-30 14:30:00-04:00,22.229999542236328,22.2450008392334,22.079999923706055,22.139999389648438,79803,0.0,0.0
2024-05-30 15:30:00-04:00,22.149999618530273,22.149999618530273,22.014999389648438,22.079999923706055,72185,0.0,0.0
2024-05-31 09:30:00-04:00,22.139999389648438,22.299999237060547,22.139999389648438,22.290000915527344,25489,0.0,0.0
2024-05-31 10:30:00-04:00,22.290000915527344,22.3700008392334,22.25,22.329999923706055,41839,0.0,0.0
2024-05-31 11:30:00-04:00,22.329999923706055,22.329999923706055,22.200000762939453,22.239999771118164,37000,0.0,0.0
2024-05-31 12:30:00-04:00,22.270000457763672,22.290000915527344,22.219999313354492,22.290000915527344,16725,0.0,0.0
2024-05-31 13:30:00-04:00,22.299999237060547,22.329999923706055,22.239999771118164,22.274999618530273,35041,0.0,0.0
2024-05-31 14:30:00-04:00,22.280000686645508,22.290000915527344,22.200000762939453,22.239999771118164,28576,0.0,0.0
2024-05-31 15:30:00-04:00,22.25,22.329999923706055,22.229999542236328,22.299999237060547,93906,0.0,0.0
2024-06-03 09:30:00-04:00,22.329999923706055,22.354999542236328,21.969999313354492,21.979999542236328,21569,0.0,0.0
2024-06-03 10:30:00-04:00,21.97800064086914,21.97800064086914,21.780000686645508,21.790000915527344,18420,0.0,0.0
2024-06-03 11:30:00-04:00,21.790000915527344,21.790000915527344,21.600000381469727,21.649999618530273,20020,0.0,0.0
2024-06-03 12:30:00-04:00,21.649999618530273,21.704999923706055,21.625,21.65999984741211,24785,0.0,0.0
2024-06-03 13:30:00-04:00,21.670000076293945,21.700000762939453,21.649999618530273,21.684999465942383,29962,0.0,0.0
2024-06-03 14:30:00-04:00,21.67180061340332,21.725000381469727,21.639999389648438,21.670000076293945,36226,0.0,0.0
2024-06-03 15:30:00-04:00,21.670000076293945,21.719999313354492,21.670000076293945,21.68000030517578,50958,0.0,0.0
2024-06-04 09:30:00-04:00,21.5,21.600000381469727,21.479999542236328,21.579999923706055,13924,0.0,0.0
2024-06-04 10:30:00-04:00,21.586999893188477,21.649999618530273,21.479999542236328,21.479999542236328,15495,0.0,0.0
2024-06-04 11:30:00-04:00,21.479999542236328,21.4950008392334,21.399999618530273,21.420000076293945,12585,0.0,0.0
2024-06-04 12:30:00-04:00,21.389999389648438,21.459999084472656,21.3799991607666,21.440000534057617,12976,0.0,0.0
2024-06-04 13:30:00-04:00,21.440000534057617,21.549999237060547,21.43000030517578,21.53499984741211,17593,0.0,0.0
2024-06-04 14:30:00-04:00,21.510000228881836,21.540000915527344,21.469999313354492,21.520000457763672,15114,0.0,0.0
2024-06-04 15:30:00-04:00,21.520000457763672,21.530000686645508,21.40999984741211,21.40999984741211,56701,0.0,0.0
2024-06-05 09:30:00-04:00,21.510000228881836,21.56999969482422,21.34000015258789,21.489999771118164,36459,0.0,0.0
2024-06-05 10:30:00-04:00,21.479999542236328,21.56999969482422,21.479999542236328,21.549999237060547,14449,0.0,0.0
2024-06-05 11:30:00-04:00,21.528499603271484,21.570999145507812,21.469999313354492,21.540000915527344,14900,0.0,0.0
2024-06-05 12:30:00-04:00,21.549999237060547,21.549999237060547,21.434999465942383,21.450199127197266,9120,0.0,0.0
2024-06-05 13:30:00-04:00,21.479999542236328,21.520000457763672,21.469999313354492,21.520000457763672,13037,0.0,0.0
2024-06-05 14:30:00-04:00,21.530000686645508,21.559999465942383,21.489999771118164,21.49049949645996,16500,0.0,0.0
2024-06-05 15:30:00-04:00,21.489999771118164,21.489999771118164,21.43000030517578,21.450000762939453,38182,0.0,0.0
2024-06-06 09:30:00-04:00,21.5,21.59000015258789,21.46500015258789,21.469999313354492,12882,0.0,0.0
2024-06-06 10:30:00-04:00,21.479999542236328,21.559999465942383,21.469999313354492,21.520000457763672,13836,0.0,0.0
2024-06-06 11:30:00-04:00,21.530000686645508,21.576499938964844,21.450000762939453,21.469999313354492,14364,0.0,0.0
2024-06-06 12:30:00-04:00,21.459999084472656,21.549999237060547,21.450000762939453,21.549999237060547,11841,0.0,0.0
2024-06-06 13:30:00-04:00,21.56999969482422,21.610000610351562,21.540000915527344,21.600000381469727,16120,0.0,0.0
2024-06-06 14:30:00-04:00,21.6200008392334,21.68000030517578,21.610000610351562,21.68000030517578,25097,0.0,0.0
2024-06-06 15:30:00-04:00,21.68000030517578,21.68000030517578,21.610000610351562,21.6299991607666,57876,0.0,0.0
2024-06-07 09:30:00-04:00,21.479999542236328,21.559999465942383,21.290000915527344,21.559999465942383,27369,0.0,0.0
2024-06-07 10:30:00-04:00,21.55500030517578,21.55500030517578,21.31999969482422,21.389999389648438,16803,0.0,0.0
2024-06-07 11:30:00-04:00,21.3700008392334,21.420000076293945,21.329999923706055,21.399999618530273,18050,0.0,0.0
2024-06-07 12:30:00-04:00,21.405000686645508,21.420000076293945,21.350000381469727,21.420000076293945,12580,0.0,0.0
2024-06-07 13:30:00-04:00,21.40999984741211,21.40999984741211,21.34000015258789,21.385000228881836,18785,0.0,0.0
2024-06-07 14:30:00-04:00,21.3799991607666,21.399999618530273,21.34000015258789,21.3700008392334,28508,0.0,0.0
2024-06-07 15:30:00-04:00,21.3700008392334,21.450000762939453,21.350000381469727,21.450000762939453,72586,0.0,0.0
2024-06-10 09:30:00-04:00,21.18000030517578,21.260000228881836,20.969999313354492,21.059999465942383,49304,0.0,0.0
2024-06-10 10:30:00-04:00,21.010000228881836,21.059999465942383,20.975000381469727,21.030000686645508,30978,0.0,0.0
2024-06-10 11:30:00-04:00,21.010000228881836,21.049999237060547,20.989999771118164,21.0,31484,0.0,0.0
2024-06-10 12:30:00-04:00,21.0,21.045400619506836,20.969999313354492,21.020000457763672,21661,0.0,0.0
2024-06-10 13:30:00-04:00,21.010000228881836,21.059999465942383,20.959999084472656,21.0,38953,0.0,0.0
2024-06-10 14:30:00-04:00,21.010000228881836,21.020000457763672,20.940000534057617,20.950000762939453,38121,0.0,0.0
2024-06-10 15:30:00-04:00,20.950000762939453,20.969999313354492,20.850000381469727,20.969999313354492,89083,0.0,0.0
2024-06-11 09:30:00-04:00,20.809999465942383,20.809999465942383,20.59000015258789,20.665000915527344,22046,0.0,0.0
2024-06-11 10:30:00-04:00,20.65999984741211,20.729999542236328,20.59000015258789,20.719999313354492,26763,0.0,0.0
2024-06-11 11:30:00-04:00,20.739999771118164,20.780000686645508,20.700000762939453,20.739999771118164,22932,0.0,0.0
2024-06-11 12:30:00-04:00,20.739999771118164,20.809999465942383,20.709999084472656,20.7450008392334,28647,0.0,0.0
2024-06-11 13:30:00-04:00,20.7549991607666,20.8700008392334,20.739999771118164,20.8700008392334,21641,0.0,0.0
2024-06-11 14:30:00-04:00,20.860000610351562,20.905000686645508,20.829999923706055,20.8700008392334,33101,0.0,0.0
2024-06-11 15:30:00-04:00,20.860000610351562,20.90999984741211,20.790000915527344,20.809999465942383,95993,0.0,0.0
2024-06-12 09:30:00-04:00,21.420000076293945,21.6200008392334,21.31999969482422,21.559999465942383,61656,0.0,0.0
2024-06-12 10:30:00-04:00,21.559999465942383,21.81999969482422,21.520000457763672,21.530000686645508,41519,0.0,0.0
2024-06-12 11:30:00-04:00,21.510000228881836,21.540000915527344,21.389999389648438,21.440000534057617,18125,0.0,0.0
2024-06-12 12:30:00-04:00,21.440000534057617,21.549999237060547,21.40999984741211,21.549999237060547,22010,0.0,0.0
2024-06-12 13:30:00-04:00,21.55500030517578,21.58180046081543,21.329999923706055,21.329999923706055,49231,0.0,0.0
2024-06-12 14:30:00-04:00,21.350000381469727,21.399999618530273,21.104999542236328,21.1200008392334,47337,0.0,0.0
2024-06-12 15:30:00-04:00,21.100000381469727,21.309999465942383,21.100000381469727,21.309999465942383,100517,0.0,0.0
2024-06-13 09:30:00-04:00,21.209999084472656,21.209999084472656,20.989999771118164,20.989999771118164,21736,0.0,0.0
2024-06-13 10:30:00-04:00,20.979000091552734,21.049999237060547,20.90999984741211,20.93000030517578,22576,0.0,0.0
2024-06-13 11:30:00-04:00,20.940000534057617,20.959999084472656,20.90999984741211,20.920000076293945,22845,0.0,0.0
2024-06-13 12:30:00-04:00,20.93000030517578,21.059999465942383,20.924999237060547,20.979999542236328,42266,0.0,0.0
2024-06-13 13:30:00-04:00,20.979999542236328,21.030000686645508,20.969999313354492,21.014999389648438,17650,0.0,0.0
2024-06-13 14:30:00-04:00,21.0,21.049999237060547,20.986900329589844,21.040000915527344,25454,0.0,0.0
2024-06-13 15:30:00-04:00,21.040000915527344,21.1200008392334,21.020000457763672,21.020000457763672,72176,0.0,0.0
2024-06-14 09:30:00-04:00,20.790000915527344,20.922399520874023,20.729999542236328,20.8700008392334,29031,0.0,0.0
2024-06-14 10:30:00-04:00,20.850000381469727,20.90999984741211,20.829999923706055,20.864999771118164,21212,0.0,0.0
2024-06-14 11:30:00-04:00,20.8700008392334,20.8700008392334,20.790000915527344,20.790000915527344,19155,0.0,0.0
2024-06-14 12:30:00-04:00,20.799999237060547,20.875,20.790000915527344,20.81999969482422,32749,0.0,0.0
2024-06-14 13:30:00-04:00,20.81999969482422,20.860000610351562,20.7810001373291,20.81999969482422,26908,0.0,0.0
2024-06-14 14:30:00-04:00,20.829999923706055,20.8700008392334,20.790000915527344,20.850000381469727,51287,0.0,0.0
2024-06-14 15:30:00-04:00,20.84000015258789,20.924999237060547,20.790000915527344,20.899999618530273,81601,0.0,0.0
2024-06-17 09:30:00-04:00,20.899999618530273,20.979999542236328,20.78499984741211,20.799999237060547,47136,0.0,0.0
2024-06-17 10:30:00-04:00,20.770000457763672,20.780000686645508,20.690000534057617,20.780000686645508,26418,0.0,0.0
2024-06-17 11:30:00-04:00,20.780000686645508,20.8700008392334,20.729999542236328,20.8700008392334,14713,0.0,0.0
2024-06-17 12:30:00-04:00,20.860000610351562,20.90999984741211,20.829999923706055,20.8799991607666,24175,0.0,0.0
2024-06-17 13:30:00-04:00,20.8799991607666,21.079999923706055,20.8799991607666,21.020000457763672,22524,0.0,0.0
2024-06-17 14:30:00-04:00,21.030000686645508,21.06999969482422,20.959999084472656,21.020000457763672,58902,0.0,0.0
2024-06-17 15:30:00-04:00,21.010000228881836,21.18000030517578,21.010000228881836,21.15999984741211,51537,0.0,0.0
2024-06-18 09:30:00-04:00,21.170000076293945,21.25,21.104999542236328,21.15999984741211,14019,0.0,0.0
2024-06-18 10:30:00-04:00,21.149999618530273,21.20050048828125,21.09000015258789,21.174999237060547,11702,0.0,0.0
2024-06-18 11:30:00-04:00,21.170000076293945,21.290000915527344,21.170000076293945,21.229999542236328,13187,0.0,0.0
2024-06-18 12:30:00-04:00,21.204999923706055,21.209999084472656,21.15999984741211,21.170000076293945,12603,0.0,0.0
2024-06-18 13:30:00-04:00,21.170000076293945,21.239999771118164,21.170000076293945,21.219999313354492,11721,0.0,0.0
2024-06-18 14:30:00-04:00,21.229999542236328,21.280000686645508,21.170000076293945,21.200000762939453,18516,0.0,0.0
2024-06-18 15:30:00-04:00,21.200000762939453,21.219999313354492,21.145000457763672,21.190000534057617,32805,0.0,0.0
2024-06-20 09:30:00-04:00,21.149999618530273,21.239999771118164,21.1299991607666,21.239999771118164,18238,0.0,0.0
2024-06-20 10:30:00-04:00,21.239999771118164,21.241300582885742,21.139999389648438,21.139999389648438,14698,0.0,0.0
2024-06-20 11:30:00-04:00,21.149999618530273,21.190000534057617,21.110000610351562,21.15999984741211,13221,0.0,0.0
2024-06-20 12:30:00-04:00,21.149999618530273,21.190900802612305,21.149999618530273,21.170000076293945,12550,0.0,0.0
2024-06-20 13:30:00-04:00,21.17009925842285,21.239999771118164,21.170000076293945,21.219999313354492,15604,0.0,0.0
2024-06-20 14:30:00-04:00,21.21500015258789,21.21500015258789,21.1200008392334,21.139999389648438,27964,0.0,0.0
2024-06-20 15:30:00-04:00,21.139999389648438,21.200000762939453,21.1200008392334,21.18899917602539,56211,0.0,0.0
2024-06-21 09:30:00-04:00,21.219999313354492,21.360000610351562,20.989999771118164,21.079999923706055,184883,0.0,0.0
2024-06-21 10:30:00-04:00,21.071800231933594,21.09000015258789,20.969999313354492,21.0,20672,0.0,0.0
2024-06-21 11:30:00-04:00,21.010000228881836,21.040000915527344,20.891000747680664,20.93000030517578,36484,0.0,0.0
2024-06-21 12:30:00-04:00,20.930999755859375,21.0,20.930999755859375,20.940000534057617,41888,0.0,0.0
2024-06-21 13:30:00-04:00,20.940000534057617,21.045000076293945,20.920000076293945,21.030000686645508,64317,0.0,0.0
2024-06-21 14:30:00-04:00,21.030000686645508,21.030000686645508,20.950000762939453,21.0,73680,0.0,0.0
2024-06-21 15:30:00-04:00,20.989999771118164,21.079999923706055,20.950000762939453,21.06999969482422,122273,0.0,0.0
2024-06-24 09:30:00-04:00,21.15999984741211,21.360000610351562,21.049999237060547,21.309999465942383,28794,0.0,0.0
2024-06-24 10:30:00-04:00,21.309999465942383,21.510000228881836,21.309999465942383,21.5,22816,0.0,0.0
2024-06-24 11:30:00-04:00,21.5,21.5,21.40999984741211,21.479999542236328,13302,0.0,0.0
2024-06-24 12:30:00-04:00,21.479999542236328,21.510000228881836,21.450000762939453,21.459999084472656,18545,0.0,0.0
2024-06-24 13:30:00-04:00,21.459999084472656,21.540000915527344,21.450000762939453,21.540000915527344,29874,0.0,0.0
2024-06-24 14:30:00-04:00,21.530000686645508,21.570100784301758,21.440000534057617,21.440000534057617,48602,0.0,0.0
2024-06-24 15:30:00-04:00,21.459999084472656,21.479999542236328,21.40999984741211,21.450000762939453,69136,0.0,0.0
2024-06-25 09:30:00-04:00,21.3799991607666,21.43000030517578,21.325000762939453,21.389999389648438,29232,0.0,0.0
2024-06-25 10:30:00-04:00,21.360000610351562,21.3799991607666,21.280000686645508,21.34000015258789,19784,0.0,0.0
2024-06-25 11:30:00-04:00,21.309999465942383,21.360000610351562,21.280000686645508,21.31999969482422,15527,0.0,0.0
2024-06-25 12:30:00-04:00,21.299999237060547,21.41900062561035,21.280000686645508,21.41900062561035,18963,0.0,0.0
2024-06-25 13:30:00-04:00,21.420000076293945,21.420000076293945,21.3799991607666,21.40999984741211,17179,0.0,0.0
2024-06-25 14:30:00-04:00,21.399999618530273,21.399999618530273,21.31999969482422,21.389999389648438,21502,0.0,0.0
2024-06-25 15:30:00-04:00,21.385000228881836,21.40999984741211,21.31999969482422,21.31999969482422,64275,0.0,0.0
2024-06-26 09:30:00-04:00,21.18000030517578,21.2450008392334,21.18000030517578,21.190000534057617,9423,0.0,0.0
2024-06-26 10:30:00-04:00,21.229999542236328,21.329999923706055,21.219999313354492,21.309999465942383,24675,0.0,0.0
2024-06-26 11:30:00-04:00,21.334999084472656,21.420000076293945,21.329999923706055,21.389999389648438,13116,0.0,0.0
2024-06-26 12:30:00-04:00,21.360000610351562,21.399999618530273,21.360000610351562,21.360000610351562,13347,0.0,0.0
2024-06-26 13:30:00-04:00,21.354999542236328,21.450000762939453,21.344999313354492,21.450000762939453,16344,0.0,0.0
2024-06-26 14:30:00-04:00,21.459999084472656,21.6299991607666,21.459999084472656,21.604999542236328,35613,0.0,0.0
2024-06-26 15:30:00-04:00,21.610000610351562,21.639999389648438,21.579999923706055,21.579999923706055,55111,0.0,0.0
2024-06-27 09:30:00-04:00,21.610000610351562,21.739900588989258,21.510000228881836,21.719999313354492,16693,0.0,0.0
2024-06-27 10:30:00-04:00,21.725000381469727,21.7549991607666,21.65999984741211,21.68000030517578,10377,0.0,0.0
2024-06-27 11:30:00-04:00,21.700000762939453,21.709999084472656,21.639999389648438,21.649999618530273,10431,0.0,0.0
2024-06-27 12:30:00-04:00,21.6299991607666,21.709999084472656,21.6299991607666,21.709999084472656,5890,0.0,0.0
2024-06-27 13:30:00-04:00,21.700000762939453,21.729999542236328,21.649999618530273,21.65999984741211,13325,0.0,0.0
2024-06-27 14:30:00-04:00,21.65999984741211,21.725000381469727,21.639999389648438,21.700000762939453,32267,0.0,0.0
2024-06-27 15:30:00-04:00,21.690000534057617,21.790000915527344,21.690000534057617,21.790000915527344,61689,0.0,0.0
2024-06-28 09:30:00-04:00,22.0,22.239999771118164,21.989999771118164,22.239999771118164,30168,0.0,0.0
2024-06-28 10:30:00-04:00,22.239999771118164,22.389999389648438,22.239999771118164,22.309999465942383,31011,0.0,0.0
2024-06-28 11:30:00-04:00,22.350000381469727,22.350000381469727,22.200000762939453,22.290000915527344,29215,0.0,0.0
2024-06-28 12:30:00-04:00,22.290000915527344,22.309999465942383,22.190000534057617,22.225000381469727,23952,0.0,0.0
2024-06-28 13:30:00-04:00,22.219999313354492,22.260000228881836,22.184999465942383,22.200000762939453,27466,0.0,0.0
2024-06-28 14:30:00-04:00,22.200000762939453,22.219999313354492,22.079999923706055,22.165000915527344,39871,0.0,0.0
2024-06-28 15:30:00-04:00,22.15999984741211,22.299999237060547,22.020000457763672,22.229999542236328,185413,0.0,0.0
2024-07-01 09:30:00-04:00,22.110000610351562,22.459999084472656,22.110000610351562,22.1299991607666,33384,0.0,0.0
2024-07-01 10:30:00-04:00,22.100000381469727,22.15999984741211,21.9950008392334,22.0,19769,0.0,0.0
2024-07-01 11:30:00-04:00,22.030000686645508,22.139999389648438,21.979999542236328,22.1299991607666,17544,0.0,0.0
2024-07-01 12:30:00-04:00,22.139999389648438,22.229999542236328,22.1299991607666,22.219999313354492,12575,0.0,0.0
2024-07-01 13:30:00-04:00,22.18000030517578,22.18000030517578,22.079999923706055,22.09000015258789,21090,0.0,0.0
2024-07-01 14:30:00-04:00,22.100000381469727,22.155000686645508,22.049999237060547,22.1299991607666,43308,0.0,0.0
2024-07-01 15:30:00-04:00,22.149799346923828,22.190000534057617,22.110000610351562,22.1200008392334,83597,0.0,0.0
2024-07-02 09:30:00-04:00,22.1299991607666,22.309999465942383,22.1299991607666,22.25,17205,0.0,0.0
2024-07-02 10:30:00-04:00,22.198999404907227,22.239999771118164,22.149999618530273,22.200000762939453,8378,0.0,0.0
2024-07-02 11:30:00-04:00,22.200000762939453,22.280000686645508,22.190000534057617,22.270000457763672,11564,0.0,0.0
2024-07-02 12:30:00-04:00,22.260000228881836,22.329999923706055,22.25,22.31999969482422,10981,0.0,0.0
2024-07-02 13:30:00-04:00,22.31999969482422,22.364999771118164,22.280000686645508,22.360000610351562,16509,0.0,0.0
2024-07-02 14:30:00-04:00,22.360000610351562,22.392499923706055,22.34000015258789,22.392499923706055,17940,0.0,0.0
2024-07-02 15:30:00-04:00,22.399999618530273,22.420000076293945,22.309999465942383,22.31999969482422,54432,0.0,0.0
2024-07-03 09:30:00-04:00,22.329999923706055,22.329999923706055,22.110000610351562,22.179899215698242,25054,0.0,0.0
2024-07-03 10:30:00-04:00,22.1299991607666,22.170000076293945,21.93000030517578,22.010000228881836,27641,0.0,0.0
2024-07-03 11:30:00-04:00,22.0,22.0,21.90999984741211,21.90999984741211,17527,0.0,0.0
2024-07-05 09:30:00-04:00,21.81999969482422,21.854999542236328,21.690000534057617,21.690000534057617,13662,0.0,0.0
2024-07-05 10:30:00-04:00,21.709999084472656,21.790000915527344,21.6200008392334,21.649999618530273,12533,0.0,0.0
2024-07-05 11:30:00-04:00,21.639999389648438,21.65999984741211,21.6200008392334,21.6200008392334,15259,0.0,0.0
2024-07-05 12:30:00-04:00,21.6299991607666,21.63990020751953,21.59000015258789,21.610000610351562,10306,0.0,0.0
2024-07-05 13:30:00-04:00,21.610000610351562,21.719999313354492,21.604999542236328,21.719999313354492,18019,0.0,0.0
2024-07-05 14:30:00-04:00,21.719999313354492,21.719999313354492,21.670000076293945,21.674999237060547,24406,0.0,0.0
2024-07-05 15:30:00-04:00,21.674999237060547,21.780000686645508,21.670000076293945,21.690000534057617,43885,0.0,0.0
2024-07-08 09:30:00-04:00,21.860000610351562,21.989999771118164,21.860000610351562,21.899999618530273,30909,0.0,0.0
2024-07-08 10:30:00-04:00,21.860000610351562,21.90999984741211,21.780000686645508,21.780000686645508,19875,0.0,0.0
2024-07-08 11:30:00-04:00,21.770000457763672,21.81999969482422,21.739999771118164,21.799999237060547,15015,0.0,0.0
2024-07-08 12:30:00-04:00,21.81999969482422,21.84000015258789,21.68000030517578,21.68000030517578,18713,0.0,0.0
2024-07-08 13:30:00-04:00,21.690000534057617,21.739999771118164,21.690000534057617,21.719999313354492,16406,0.0,0.0
2024-07-08 14:30:00-04:00,21.729999542236328,21.790000915527344,21.719999313354492,21.729999542236328,36902,0.0,0.0
2024-07-08 15:30:00-04:00,21.719999313354492,21.760000228881836,21.65999984741211,21.729999542236328,87340,0.0,0.0
2024-07-09 09:30:00-04:00,21.709999084472656,21.81999969482422,21.6299991607666,21.700000762939453,58709,0.0,0.0
2024-07-09 10:30:00-04:00,21.690000534057617,21.760000228881836,21.649999618530273,21.739999771118164,24379,0.0,0.0
2024-07-09 11:30:00-04:00,21.739999771118164,21.940000534057617,21.739999771118164,21.90999984741211,14906,0.0,0.0
2024-07-09 12:30:00-04:00,21.93000030517578,22.030000686645508,21.93000030517578,22.020000457763672,15541,0.0,0.0
2024-07-09 13:30:00-04:00,22.010000228881836,22.06999969482422,21.989999771118164,21.989999771118164,20510,0.0,0.0
2024-07-09 14:30:00-04:00,21.989999771118164,22.030000686645508,21.950000762939453,22.030000686645508,17321,0.0,0.0
2024-07-09 15:30:00-04:00,22.020000457763672,22.1299991607666,22.020000457763672,22.104999542236328,65207,0.0,0.0
2024-07-10 09:30:00-04:00,22.15999984741211,22.280000686645508,22.094999313354492,22.122600555419922,12275,0.0,0.0
2024-07-10 10:30:00-04:00,22.100000381469727,22.260000228881836,22.100000381469727,22.260000228881836,12021,0.0,0.0
2024-07-10 11:30:00-04:00,22.219999313354492,22.360000610351562,22.219999313354492,22.31999969482422,19349,0.0,0.0
2024-07-10 12:30:00-04:00,22.290000915527344,22.34000015258789,22.280000686645508,22.329999923706055,27794,0.0,0.0
2024-07-10 13:30:00-04:00,22.31999969482422,22.389799118041992,22.309999465942383,22.37820053100586,23972,0.0,0.0
2024-07-10 14:30:00-04:00,22.389999389648438,22.40999984741211,22.34000015258789,22.35099983215332,34647,0.0,0.0
2024-07-10 15:30:00-04:00,22.35099983215332,22.475000381469727,22.33099937438965,22.434999465942383,65306,0.0,0.0
2024-07-11 09:30:00-04:00,22.950000762939453,23.2549991607666,22.709999084472656,23.219999313354492,47118,0.0,0.0
2024-07-11 10:30:00-04:00,23.21500015258789,23.399999618530273,23.209999084472656,23.299999237060547,47697,0.0,0.0
2024-07-11 11:30:00-04:00,23.34000015258789,23.34000015258789,23.1200008392334,23.139999389648438,34980,0.0,0.0
2024-07-11 12:30:00-04:00,23.139999389648438,23.309999465942383,23.1299991607666,23.309999465942383,24199,0.0,0.0
2024-07-11 13:30:00-04:00,23.329999923706055,23.3700008392334,23.260000228881836,23.360000610351562,44617,0.0,0.0
2024-07-11 14:30:00-04:00,23.360000610351562,23.43000030517578,23.31999969482422,23.43000030517578,45567,0.0,0.0
2024-07-11 15:30:00-04:00,23.440000534057617,23.459999084472656,23.34000015258789,23.349000930786133,95440,0.0,0.0
2024-07-12 09:30:00-04:00,23.65999984741211,23.719999313354492,23.354999542236328,23.719999313354492,58816,0.0,0.0
2024-07-12 10:30:00-04:00,23.709999084472656,23.709999084472656,23.524999618530273,23.610000610351562,28117,0.0,0.0
2024-07-12 11:30:00-04:00,23.59000015258789,23.600000381469727,23.510000228881836,23.549999237060547,13703,0.0,0.0
2024-07-12 12:30:00-04:00,23.540000915527344,23.540000915527344,23.43000030517578,23.450000762939453,52873,0.0,0.0
2024-07-12 13:30:00-04:00,23.450000762939453,23.479999542236328,23.40999984741211,23.469999313354492,24045,0.0,0.0
2024-07-12 14:30:00-04:00,23.459999084472656,23.579999923706055,23.43000030517578,23.559999465942383,34767,0.0,0.0
2024-07-12 15:30:00-04:00,23.56999969482422,23.600000381469727,23.489999771118164,23.5,77392,0.0,0.0
2024-07-15 09:30:00-04:00,23.90999984741211,24.229999542236328,23.829999923706055,24.209999084472656,35276,0.0,0.0
2024-07-15 10:30:00-04:00,24.190000534057617,24.479999542236328,24.18000030517578,24.440000534057617,31645,0.0,0.0
2024-07-15 11:30:00-04:00,24.440000534057617,24.540000915527344,24.440000534057617,24.45009994506836,20898,0.0,0.0
2024-07-15 12:30:00-04:00,24.423999786376953,24.469999313354492,24.31999969482422,24.459999084472656,32084,0.0,0.0
2024-07-15 13:30:00-04:00,24.469999313354492,24.610000610351562,24.450000762939453,24.540000915527344,101209,0.0,0.0
2024-07-15 14:30:00-04:00,24.549999237060547,24.59000015258789,24.3700008392334,24.399999618530273,58624,0.0,0.0
2024-07-15 15:30:00-04:00,24.399999618530273,24.489999771118164,24.329999923706055,24.481000900268555,91951,0.0,0.0
2024-07-16 09:30:00-04:00,24.709999084472656,25.450000762939453,24.670000076293945,25.40999984741211,87440,0.0,0.0
2024-07-16 10:30:00-04:00,25.36400032043457,25.549999237060547,25.31999969482422,25.5,42645,0.0,0.0
2024-07-16 11:30:00-04:00,25.44860076904297,25.5,25.329999923706055,25.374000549316406,37028,0.0,0.0
2024-07-16 12:30:00-04:00,25.399999618530273,25.510000228881836,25.399999618530273,25.43000030517578,30470,0.0,0.0
2024-07-16 13:30:00-04:00,25.440000534057617,25.59000015258789,25.440000534057617,25.549999237060547,38784,0.0,0.0
2024-07-16 14:30:00-04:00,25.559999465942383,25.8799991607666,25.559999465942383,25.700000762939453,83348,0.0,0.0
2024-07-16 15:30:00-04:00,25.700000762939453,25.709999084472656,25.540000915527344,25.559999465942383,177285,0.0,0.0
2024-07-17 09:30:00-04:00,25.40999984741211,26.21500015258789,25.40999984741211,26.170000076293945,127151,0.0,0.0
2024-07-17 10:30:00-04:00,26.170000076293945,26.309999465942383,26.010000228881836,26.200000762939453,58984,0.0,0.0
2024-07-17 11:30:00-04:00,26.190000534057617,26.389999389648438,26.149999618530273,26.389999389648438,48831,0.0,0.0
2024-07-17 12:30:00-04:00,26.389999389648438,26.5,26.229999542236328,26.270000457763672,28877,0.0,0.0
2024-07-17 13:30:00-04:00,26.260000228881836,26.31999969482422,26.18000030517578,26.280000686645508,38198,0.0,0.0
2024-07-17 14:30:00-04:00,26.270000457763672,26.459999084472656,26.270000457763672,26.389999389648438,67827,0.0,0.0
2024-07-17 15:30:00-04:00,26.3700008392334,26.415000915527344,26.309999465942383,26.350000381469727,80884,0.0,0.0
2024-07-18 09:30:00-04:00,26.15999984741211,26.700000762939453,26.15999984741211,26.610000610351562,66685,0.0,0.0
2024-07-18 10:30:00-04:00,26.600000381469727,26.690000534057617,26.489999771118164,26.559999465942383,47832,0.0,0.0
2024-07-18 11:30:00-04:00,26.547800064086914,26.579999923706055,26.2549991607666,26.290000915527344,44911,0.0,0.0
2024-07-18 12:30:00-04:00,26.280000686645508,26.34000015258789,26.170000076293945,26.219999313354492,35801,0.0,0.0
2024-07-18 13:30:00-04:00,26.209999084472656,26.280000686645508,26.030000686645508,26.030000686645508,85375,0.0,0.0
2024-07-18 14:30:00-04:00,26.059999465942383,26.100000381469727,25.850000381469727,25.920000076293945,187845,0.0,0.0
2024-07-18 15:30:00-04:00,25.93000030517578,26.174999237060547,25.93000030517578,26.100000381469727,109898,0.0,0.0
2024-07-19 09:30:00-04:00,26.020000457763672,26.690000534057617,26.0,26.34000015258789,60030,0.0,0.0
2024-07-19 10:30:00-04:00,26.334999084472656,26.334999084472656,26.020000457763672,26.165000915527344,26353,0.0,0.0
2024-07-19 11:30:00-04:00,26.15999984741211,26.3799991607666,26.139999389648438,26.33009910583496,22732,0.0,0.0
2024-07-19 12:30:00-04:00,26.31999969482422,26.395000457763672,26.149999618530273,26.209999084472656,20423,0.0,0.0
2024-07-19 13:30:00-04:00,26.200000762939453,26.31999969482422,26.190000534057617,26.25,25239,0.0,0.0
2024-07-19 14:30:00-04:00,26.290000915527344,26.290000915527344,26.165000915527344,26.165000915527344,30577,0.0,0.0
2024-07-19 15:30:00-04:00,26.139999389648438,26.15999984741211,26.0,26.020000457763672,76711,0.0,0.0
2024-07-22 09:30:00-04:00,25.770000457763672,25.920000076293945,25.489999771118164,25.719999313354492,58509,0.0,0.0
2024-07-22 10:30:00-04:00,25.72100067138672,26.024999618530273,25.72100067138672,25.985000610351562,34769,0.0,0.0
2024-07-22 11:30:00-04:00,25.969999313354492,26.1299991607666,25.950000762939453,26.059999465942383,20405,0.0,0.0
2024-07-22 12:30:00-04:00,26.010000228881836,26.079999923706055,25.93000030517578,26.030000686645508,38174,0.0,0.0
2024-07-22 13:30:00-04:00,26.040000915527344,26.149999618530273,26.03499984741211,26.135000228881836,25250,0.0,0.0
2024-07-22 14:30:00-04:00,26.139999389648438,26.360000610351562,26.139999389648438,26.290000915527344,37757,0.0,0.0
2024-07-22 15:30:00-04:00,26.309999465942383,26.3799991607666,26.229999542236328,26.239999771118164,70162,0.0,0.0
2024-07-23 09:30:00-04:00,25.979999542236328,26.770000457763672,25.979999542236328,26.610000610351562,38765,0.0,0.0
2024-07-23 10:30:00-04:00,26.6200008392334,26.81999969482422,26.43000030517578,26.780000686645508,52248,0.0,0.0
2024-07-23 11:30:00-04:00,26.799999237060547,26.889999389648438,26.68000030517578,26.700000762939453,27642,0.0,0.0
2024-07-23 12:30:00-04:00,26.670000076293945,26.729999542236328,26.610000610351562,26.690000534057617,21340,0.0,0.0
2024-07-23 13:30:00-04:00,26.690000534057617,26.860000610351562,26.690000534057617,26.850000381469727,57243,0.0,0.0
2024-07-23 14:30:00-04:00,26.8799991607666,26.950000762939453,26.83060073852539,26.889999389648438,50442,0.0,0.0
2024-07-23 15:30:00-04:00,26.850000381469727,26.850000381469727,26.68000030517578,26.690000534057617,82797,0.0,0.0
2024-07-24 09:30:00-04:00,26.610000610351562,26.940000534057617,26.450000762939453,26.690000534057617,32025,0.0,0.0
2024-07-24 10:30:00-04:00,26.672000885009766,26.84000015258789,26.6299991607666,26.829999923706055,24801,0.0,0.0
2024-07-24 11:30:00-04:00,26.829999923706055,27.079999923706055,26.81999969482422,27.059999465942383,31159,0.0,0.0
2024-07-24 12:30:00-04:00,27.049999237060547,27.06999969482422,26.829999923706055,26.829999923706055,21415,0.0,0.0
2024-07-24 13:30:00-04:00,26.790000915527344,26.8700008392334,26.549999237060547,26.600000381469727,25651,0.0,0.0
2024-07-24 14:30:00-04:00,26.610000610351562,26.6299991607666,26.43000030517578,26.43000030517578,36743,0.0,0.0
2024-07-24 15:30:00-04:00,26.450000762939453,26.530000686645508,26.270000457763672,26.299999237060547,101123,0.0,0.0
2024-07-25 09:30:00-04:00,26.670000076293945,27.010000228881836,26.364999771118164,27.0,48996,0.0,0.0
2024-07-25 10:30:00-04:00,26.979999542236328,27.170000076293945,26.815000534057617,27.09000015258789,48852,0.0,0.0
2024-07-25 11:30:00-04:00,27.100000381469727,27.21500015258789,27.09000015258789,27.209999084472656,30426,0.0,0.0
2024-07-25 12:30:00-04:00,27.200000762939453,27.3799991607666,27.196300506591797,27.21500015258789,55454,0.0,0.0
2024-07-25 13:30:00-04:00,27.190000534057617,27.209999084472656,26.981000900268555,27.014999389648438,43104,0.0,0.0
2024-07-25 14:30:00-04:00,27.030000686645508,27.079999923706055,26.950000762939453,27.05500030517578,83923,0.0,0.0
2024-07-25 15:30:00-04:00,27.06999969482422,27.1200008392334,27.0049991607666,27.030000686645508,75625,0.0,0.0
2024-07-26 09:30:00-04:00,27.760000228881836,28.165000915527344,26.69499969482422,27.700000762939453,103575,0.0,0.0
2024-07-26 10:30:00-04:00,27.75,27.780000686645508,27.420000076293945,27.729999542236328,75138,0.0,0.0
2024-07-26 11:30:00-04:00,27.75,28.03499984741211,27.719999313354492,27.84000015258789,42202,0.0,0.0
2024-07-26 12:30:00-04:00,27.84000015258789,27.950000762939453,27.799999237060547,27.920000076293945,41754,0.0,0.0
2024-07-26 13:30:00-04:00,27.899999618530273,27.950000762939453,27.700000762939453,27.75,52736,0.0,0.0
2024-07-26 14:30:00-04:00,27.770000457763672,27.834999084472656,27.690000534057617,27.770000457763672,63060,0.0,0.0
2024-07-26 15:30:00-04:00,27.7549991607666,28.219999313354492,27.729999542236328,28.100000381469727,138172,0.0,0.0
2024-07-29 09:30:00-04:00,28.229999542236328,28.229999542236328,27.670000076293945,27.690000534057617,39204,0.0,0.0
2024-07-29 10:30:00-04:00,27.700000762939453,27.889999389648438,27.520000457763672,27.7450008392334,37809,0.0,0.0
2024-07-29 11:30:00-04:00,27.739999771118164,27.75,27.610000610351562,27.614999771118164,26175,0.0,0.0
2024-07-29 12:30:00-04:00,27.639999389648438,27.639999389648438,27.489999771118164,27.520000457763672,35937,0.0,0.0
2024-07-29 13:30:00-04:00,27.520000457763672,27.549999237060547,27.450000762939453,27.450000762939453,20937,0.0,0.0
2024-07-29 14:30:00-04:00,27.469999313354492,27.56999969482422,27.440000534057617,27.479999542236328,40870,0.0,0.0
2024-07-29 15:30:00-04:00,27.469999313354492,27.530000686645508,27.270000457763672,27.309999465942383,102359,0.0,0.0
2024-07-30 09:30:00-04:00,27.299999237060547,27.56999969482422,27.190000534057617,27.31999969482422,61855,0.0,0.0
2024-07-30 10:30:00-04:00,27.290000915527344,27.485000610351562,27.270999908447266,27.3700008392334,34954,0.0,0.0
2024-07-30 11:30:00-04:00,27.361000061035156,27.489999771118164,27.361000061035156,27.440000534057617,23613,0.0,0.0
2024-07-30 12:30:00-04:00,27.450000762939453,27.520000457763672,27.420000076293945,27.469999313354492,38165,0.0,0.0
2024-07-30 13:30:00-04:00,27.475000381469727,27.579999923706055,27.430999755859375,27.469999313354492,19134,0.0,0.0
2024-07-30 14:30:00-04:00,27.469999313354492,27.520000457763672,27.43000030517578,27.48900032043457,32754,0.0,0.0
2024-07-30 15:30:00-04:00,27.479999542236328,27.600000381469727,27.454999923706055,27.469999313354492,70528,0.0,0.0
2024-07-31 09:30:00-04:00,27.56999969482422,27.600000381469727,27.34000015258789,27.489999771118164,32921,0.0,0.0
2024-07-31 10:30:00-04:00,27.469999313354492,27.635000228881836,27.459999084472656,27.549999237060547,27087,0.0,0.0
2024-07-31 11:30:00-04:00,27.510000228881836,27.780000686645508,27.510000228881836,27.780000686645508,17706,0.0,0.0
2024-07-31 12:30:00-04:00,27.790000915527344,27.81999969482422,27.639999389648438,27.68000030517578,24424,0.0,0.0
2024-07-31 13:30:00-04:00,27.65999984741211,27.684999465942383,27.549999237060547,27.55500030517578,28440,0.0,0.0
2024-07-31 14:30:00-04:00,27.56999969482422,28.219999313354492,27.56999969482422,27.665000915527344,92367,0.0,0.0
2024-07-31 15:30:00-04:00,27.649999618530273,27.65999984741211,27.34000015258789,27.360000610351562,112342,0.0,0.0
2024-08-01 09:30:00-04:00,27.360000610351562,27.360000610351562,26.405000686645508,26.40999984741211,65890,0.0,0.0
2024-08-01 10:30:00-04:00,26.405000686645508,26.420000076293945,25.940000534057617,26.049999237060547,71154,0.0,0.0
2024-08-01 11:30:00-04:00,26.024999618530273,26.1200008392334,25.979999542236328,26.079999923706055,37956,0.0,0.0
2024-08-01 12:30:00-04:00,26.09000015258789,26.204999923706055,25.860000610351562,26.170000076293945,40022,0.0,0.0
2024-08-01 13:30:00-04:00,26.200000762939453,26.329999923706055,26.184999465942383,26.299999237060547,38195,0.0,0.0
2024-08-01 14:30:00-04:00,26.290000915527344,26.290000915527344,26.149999618530273,26.229999542236328,44730,0.0,0.0
2024-08-01 15:30:00-04:00,26.25,26.309999465942383,26.1299991607666,26.15999984741211,118703,0.0,0.0
2024-08-02 09:30:00-04:00,25.200000762939453,25.59000015258789,24.90999984741211,24.979999542236328,124954,0.0,0.0
2024-08-02 10:30:00-04:00,24.969999313354492,25.209999084472656,24.770000457763672,24.920000076293945,157887,0.0,0.0
2024-08-02 11:30:00-04:00,24.899999618530273,25.299999237060547,24.899999618530273,25.299999237060547,76436,0.0,0.0
2024-08-02 12:30:00-04:00,25.290000915527344,25.31999969482422,25.1299991607666,25.18000030517578,43085,0.0,0.0
2024-08-02 13:30:00-04:00,25.18000030517578,25.290000915527344,25.100000381469727,25.209999084472656,30823,0.0,0.0
2024-08-02 14:30:00-04:00,25.200000762939453,25.290000915527344,25.084999084472656,25.200000762939453,45318,0.0,0.0
2024-08-02 15:30:00-04:00,25.190000534057617,25.31999969482422,25.170000076293945,25.208999633789062,126850,0.0,0.0
2024-08-05 09:30:00-04:00,24.389999389648438,24.459999084472656,23.450000762939453,24.209999084472656,73645,0.0,0.0
2024-08-05 10:30:00-04:00,24.209999084472656,24.424999237060547,24.139999389648438,24.3799991607666,47751,0.0,0.0
2024-08-05 11:30:00-04:00,24.34000015258789,24.68000030517578,24.34000015258789,24.65999984741211,28885,0.0,0.0
2024-08-05 12:30:00-04:00,24.684999465942383,24.731599807739258,24.309999465942383,24.360000610351562,35107,0.0,0.0
2024-08-05 13:30:00-04:00,24.34000015258789,24.43000030517578,24.274999618530273,24.315000534057617,31485,0.0,0.0
2024-08-05 14:30:00-04:00,24.299999237060547,24.299999237060547,24.1200008392334,24.219999313354492,43450,0.0,0.0
2024-08-05 15:30:00-04:00,24.25,24.34000015258789,24.15999984741211,24.31999969482422,91341,0.0,0.0
2024-08-06 09:30:00-04:00,24.299999237060547,24.389999389648438,24.06999969482422,24.3799991607666,38911,0.0,0.0
2024-08-06 10:30:00-04:00,24.389999389648438,24.540000915527344,24.135000228881836,24.135000228881836,23473,0.0,0.0
2024-08-06 11:30:00-04:00,24.1200008392334,24.3700008392334,24.049999237060547,24.3700008392334,16889,0.0,0.0
2024-08-06 12:30:00-04:00,24.360000610351562,24.389999389648438,24.209999084472656,24.385000228881836,18543,0.0,0.0
2024-08-06 13:30:00-04:00,24.399999618530273,24.479999542236328,24.3799991607666,24.424999237060547,20390,0.0,0.0
2024-08-06 14:30:00-04:00,24.40999984741211,24.510000228881836,24.31999969482422,24.440000534057617,59828,0.0,0.0
2024-08-06 15:30:00-04:00,24.450000762939453,24.489999771118164,24.18000030517578,24.25,98387,0.0,0.0
2024-08-07 09:30:00-04:00,24.649999618530273,24.649999618530273,24.334999084472656,24.334999084472656,17437,0.0,0.0
2024-08-07 10:30:00-04:00,24.32900047302246,24.489999771118164,24.315000534057617,24.315000534057617,16626,0.0,0.0
2024-08-07 11:30:00-04:00,24.334999084472656,24.360000610351562,24.25,24.329999923706055,12704,0.0,0.0
2024-08-07 12:30:00-04:00,24.325000762939453,24.325000762939453,24.020000457763672,24.100000381469727,11094,0.0,0.0
2024-08-07 13:30:00-04:00,24.1200008392334,24.139999389648438,23.959999084472656,24.010000228881836,16462,0.0,0.0
2024-08-07 14:30:00-04:00,23.989999771118164,24.110000610351562,23.975000381469727,24.059999465942383,17286,0.0,0.0
2024-08-07 15:30:00-04:00,24.100000381469727,24.18000030517578,23.979999542236328,24.030000686645508,36465,0.0,0.0
2024-08-08 09:30:00-04:00,24.34000015258789,24.344999313354492,24.209999084472656,24.270000457763672,13232,0.0,0.0
2024-08-08 10:30:00-04:00,24.260000228881836,24.264999389648438,24.170000076293945,24.170000076293945,9313,0.0,0.0
2024-08-08 11:30:00-04:00,24.15999984741211,24.219999313354492,24.059999465942383,24.06999969482422,8560,0.0,0.0
2024-08-08 12:30:00-04:00,24.059999465942383,24.170000076293945,24.0,24.15999984741211,9782,0.0,0.0
2024-08-08 13:30:00-04:00,24.200000762939453,24.219999313354492,24.149999618530273,24.15999984741211,9994,0.0,0.0
2024-08-08 14:30:00-04:00,24.200000762939453,24.31999969482422,24.184999465942383,24.290000915527344,13799,0.0,0.0
2024-08-08 15:30:00-04:00,24.31999969482422,24.40999984741211,24.239999771118164,24.399999618530273,74467,0.0,0.0
2024-08-09 09:30:00-04:00,24.309999465942383,24.325000762939453,24.1299991607666,24.1299991607666,13034,0.0,0.0
2024-08-09 10:30:00-04:00,24.136999130249023,24.149999618530273,24.014999389648438,24.045000076293945,12956,0.0,0.0
2024-08-09 11:30:00-04:00,24.040000915527344,24.079999923706055,23.940000534057617,24.079999923706055,13541,0.0,0.0
2024-08-09 12:30:00-04:00,24.110000610351562,24.15999984741211,24.079999923706055,24.15999984741211,10235,0.0,0.0
2024-08-09 13:30:00-04:00,24.219999313354492,24.219999313354492,24.09000015258789,24.149999618530273,5374,0.0,0.0
2024-08-09 14:30:00-04:00,24.15999984741211,24.219999313354492,24.110000610351562,24.219999313354492,16317,0.0,0.0
2024-08-09 15:30:00-04:00,24.239999771118164,24.260000228881836,24.139999389648438,24.209999084472656,58309,0.0,0.0
2024-08-12 09:30:00-04:00,24.530000686645508,24.6299991607666,24.270000457763672,24.350000381469727,32126,0.0,0.0
2024-08-12 10:30:00-04:00,24.360000610351562,24.3700008392334,24.030000686645508,24.040000915527344,18553,0.0,0.0
2024-08-12 11:30:00-04:00,24.0,24.0,23.81999969482422,23.829999923706055,10580,0.0,0.0
2024-08-12 12:30:00-04:00,23.84000015258789,23.84000015258789,23.739999771118164,23.799999237060547,8101,0.0,0.0
2024-08-12 13:30:00-04:00,23.7893009185791,23.864999771118164,23.7893009185791,23.850000381469727,17500,0.0,0.0
2024-08-12 14:30:00-04:00,23.8700008392334,24.0,23.84000015258789,23.979999542236328,16780,0.0,0.0
2024-08-12 15:30:00-04:00,23.979999542236328,24.010000228881836,23.8700008392334,24.0,63572,0.0,0.0
2024-08-13 09:30:00-04:00,24.270000457763672,24.280000686645508,23.780000686645508,23.979999542236328,16651,0.0,0.0
2024-08-13 10:30:00-04:00,23.959999084472656,24.040000915527344,23.940000534057617,24.020000457763672,17332,0.0,0.0
2024-08-13 11:30:00-04:00,24.010000228881836,24.139999389648438,23.969999313354492,24.079999923706055,10333,0.0,0.0
2024-08-13 12:30:00-04:00,24.079999923706055,24.1299991607666,24.049999237060547,24.09000015258789,10975,0.0,0.0
2024-08-13 13:30:00-04:00,24.079999923706055,24.209999084472656,24.049999237060547,24.149999618530273,14282,0.0,0.0
2024-08-13 14:30:00-04:00,24.149999618530273,24.25,24.149999618530273,24.219999313354492,19649,0.0,0.0
2024-08-13 15:30:00-04:00,24.200000762939453,24.354999542236328,24.199100494384766,24.299999237060547,62155,0.0,0.0
2024-08-14 09:30:00-04:00,24.350000381469727,24.350000381469727,24.040000915527344,24.049999237060547,17414,0.0,0.0
2024-08-14 10:30:00-04:00,24.051000595092773,24.051000595092773,23.90999984741211,24.030000686645508,10582,0.0,0.0
2024-08-14 11:30:00-04:00,24.059999465942383,24.114999771118164,24.0,24.010000228881836,20693,0.0,0.0
2024-08-14 12:30:00-04:00,23.989999771118164,24.040000915527344,23.959999084472656,24.000999450683594,10934,0.0,0.0
2024-08-14 13:30:00-04:00,23.969999313354492,24.06999969482422,23.940000534057617,23.96500015258789,10885,0.0,0.0
2024-08-14 14:30:00-04:00,23.969999313354492,24.010000228881836,23.934999465942383,23.969999313354492,22598,0.0,0.0
2024-08-14 15:30:00-04:00,23.969999313354492,24.1200008392334,23.959999084472656,24.100000381469727,65091,0.0,0.0
2024-08-15 09:30:00-04:00,24.690000534057617,24.93000030517578,24.639999389648438,24.68000030517578,29221,0.0,0.0
2024-08-15 10:30:00-04:00,24.690000534057617,25.0,24.690000534057617,24.889999389648438,18324,0.0,0.0
2024-08-15 11:30:00-04:00,24.940000534057617,25.030000686645508,24.8799991607666,25.010000228881836,15612,0.0,0.0
2024-08-15 12:30:00-04:00,25.010000228881836,25.030000686645508,24.860000610351562,24.889999389648438,15570,0.0,0.0
2024-08-15 13:30:00-04:00,24.920000076293945,24.93000030517578,24.8799991607666,24.920000076293945,16440,0.0,0.0
2024-08-15 14:30:00-04:00,24.899999618530273,24.969999313354492,24.799999237060547,24.799999237060547,28066,0.0,0.0
2024-08-15 15:30:00-04:00,24.795000076293945,24.81999969482422,24.540000915527344,24.600000381469727,57803,0.0,0.0
2024-08-16 09:30:00-04:00,24.530000686645508,25.239999771118164,24.530000686645508,24.979999542236328,22525,0.0,0.0
2024-08-16 10:30:00-04:00,24.992000579833984,25.009899139404297,24.81999969482422,24.81999969482422,12609,0.0,0.0
2024-08-16 11:30:00-04:00,24.90999984741211,25.079999923706055,24.889999389648438,25.040000915527344,31437,0.0,0.0
2024-08-16 12:30:00-04:00,25.045000076293945,25.149999618530273,25.040000915527344,25.06999969482422,21694,0.0,0.0
2024-08-16 13:30:00-04:00,25.06999969482422,25.112499237060547,25.049999237060547,25.09000015258789,29239,0.0,0.0
2024-08-16 14:30:00-04:00,25.095800399780273,25.190000534057617,25.09000015258789,25.114999771118164,30249,0.0,0.0
2024-08-16 15:30:00-04:00,25.110000610351562,25.15999984741211,24.989999771118164,25.049999237060547,90308,0.0,0.0
2024-08-19 09:30:00-04:00,25.079999923706055,25.209999084472656,24.975000381469727,25.18000030517578,20536,0.0,0.0
2024-08-19 10:30:00-04:00,25.204999923706055,25.270000457763672,25.18000030517578,25.25,19110,0.0,0.0
2024-08-19 11:30:00-04:00,25.25,25.360000610351562,25.25,25.350000381469727,13929,0.0,0.0
2024-08-19 12:30:00-04:00,25.34000015258789,25.3700008392334,25.309999465942383,25.350000381469727,13768,0.0,0.0
2024-08-19 13:30:00-04:00,25.329999923706055,25.43000030517578,25.329999923706055,25.43000030517578,29083,0.0,0.0
2024-08-19 14:30:00-04:00,25.43000030517578,25.469999313354492,25.420000076293945,25.43000030517578,30795,0.0,0.0
2024-08-19 15:30:00-04:00,25.424999237060547,25.510000228881836,25.34000015258789,25.459999084472656,59540,0.0,0.0
2024-08-20 09:30:00-04:00,25.440000534057617,25.469999313354492,25.1299991607666,25.25,49441,0.0,0.0
2024-08-20 10:30:00-04:00,25.270000457763672,25.329999923706055,25.139999389648438,25.200000762939453,27085,0.0,0.0
2024-08-20 11:30:00-04:00,25.170000076293945,25.299999237060547,25.155000686645508,25.290000915527344,14421,0.0,0.0
2024-08-20 12:30:00-04:00,25.266399383544922,25.329999923706055,25.260000228881836,25.299999237060547,13501,0.0,0.0
2024-08-20 13:30:00-04:00,25.280000686645508,25.360000610351562,25.280000686645508,25.34000015258789,11989,0.0,0.0
2024-08-20 14:30:00-04:00,25.329999923706055,25.360000610351562,25.290000915527344,25.299999237060547,16943,0.0,0.0
2024-08-20 15:30:00-04:00,25.299999237060547,25.299999237060547,25.149999618530273,25.170000076293945,80557,0.0,0.0
2024-08-21 09:30:00-04:00,25.280000686645508,25.3700008392334,25.079999923706055,25.219999313354492,34374,0.0,0.0
2024-08-21 10:30:00-04:00,25.211700439453125,25.260000228881836,25.079999923706055,25.1299991607666,20495,0.0,0.0
2024-08-21 11:30:00-04:00,25.149999618530273,25.18000030517578,25.09000015258789,25.1200008392334,8430,0.0,0.0
2024-08-21 12:30:00-04:00,25.1200008392334,25.170000076293945,25.09000015258789,25.170000076293945,9786,0.0,0.0
2024-08-21 13:30:00-04:00,25.155000686645508,25.260000228881836,25.135000228881836,25.18000030517578,16101,0.0,0.0
2024-08-21 14:30:00-04:00,25.18000030517578,25.200000762939453,25.09000015258789,25.155000686645508,21280,0.0,0.0
2024-08-21 15:30:00-04:00,25.15999984741211,25.31999969482422,25.1299991607666,25.31999969482422,59946,0.0,0.0
2024-08-22 09:30:00-04:00,25.239999771118164,25.420000076293945,25.139999389648438,25.204999923706055,11689,0.0,0.0
2024-08-22 10:30:00-04:00,25.170000076293945,25.360000610351562,25.170000076293945,25.34000015258789,10599,0.0,0.0
2024-08-22 11:30:00-04:00,25.34000015258789,25.420000076293945,25.329999923706055,25.395000457763672,6397,0.0,0.0
2024-08-22 12:30:00-04:00,25.389999389648438,25.40999984741211,25.350000381469727,25.350000381469727,8391,0.0,0.0
2024-08-22 13:30:00-04:00,25.31999969482422,25.459999084472656,25.299999237060547,25.450000762939453,11417,0.0,0.0
2024-08-22 14:30:00-04:00,25.450000762939453,25.5,25.41069984436035,25.41069984436035,13423,0.0,0.0
2024-08-22 15:30:00-04:00,25.40999984741211,25.5049991607666,25.3700008392334,25.469999313354492,53708,0.0,0.0
2024-08-23 09:30:00-04:00,25.700000762939453,26.549999237060547,25.549999237060547,26.549999237060547,63105,0.0,0.0
2024-08-23 10:30:00-04:00,26.56999969482422,26.969999313354492,26.350000381469727,26.940000534057617,89475,0.0,0.0
2024-08-23 11:30:00-04:00,26.94499969482422,27.030000686645508,26.479999542236328,26.6200008392334,42444,0.0,0.0
2024-08-23 12:30:00-04:00,26.639999389648438,26.729999542236328,26.559999465942383,26.709999084472656,26295,0.0,0.0
2024-08-23 13:30:00-04:00,26.700000762939453,26.81999969482422,26.670000076293945,26.799999237060547,22664,0.0,0.0
2024-08-23 14:30:00-04:00,26.799999237060547,26.829999923706055,26.610000610351562,26.649999618530273,49774,0.0,0.0
2024-08-23 15:30:00-04:00,26.659000396728516,26.780000686645508,26.587499618530273,26.780000686645508,64387,0.0,0.0
2024-08-26 09:30:00-04:00,27.030000686645508,27.18000030517578,26.834999084472656,26.8700008392334,29823,0.0,0.0
2024-08-26 10:30:00-04:00,26.850000381469727,26.934999465942383,26.610000610351562,26.65999984741211,21277,0.0,0.0
2024-08-26 11:30:00-04:00,26.68000030517578,26.790000915527344,26.68000030517578,26.760000228881836,12198,0.0,0.0
2024-08-26 12:30:00-04:00,26.770000457763672,26.84000015258789,26.770000457763672,26.825000762939453,14288,0.0,0.0
2024-08-26 13:30:00-04:00,26.780000686645508,26.780000686645508,26.700000762939453,26.760000228881836,16945,0.0,0.0
2024-08-26 14:30:00-04:00,26.760000228881836,26.770000457763672,26.6299991607666,26.6299991607666,22202,0.0,0.0
2024-08-26 15:30:00-04:00,26.584999084472656,26.700000762939453,26.520000457763672,26.579999923706055,104208,0.0,0.0
2024-08-27 09:30:00-04:00,26.479999542236328,26.479999542236328,26.114999771118164,26.28499984741211,15571,0.0,0.0
2024-08-27 10:30:00-04:00,26.315000534057617,26.40999984741211,26.309999465942383,26.3700008392334,12280,0.0,0.0
2024-08-27 11:30:00-04:00,26.364999771118164,26.405000686645508,26.34000015258789,26.3700008392334,14673,0.0,0.0
2024-08-27 12:30:00-04:00,26.3700008392334,26.420000076293945,26.309999465942383,26.415000915527344,10588,0.0,0.0
2024-08-27 13:30:00-04:00,26.415000915527344,26.415000915527344,26.280000686645508,26.295000076293945,18704,0.0,0.0
2024-08-27 14:30:00-04:00,26.290000915527344,26.3799991607666,26.28499984741211,26.329999923706055,24154,0.0,0.0
2024-08-27 15:30:00-04:00,26.329999923706055,26.329999923706055,26.18000030517578,26.18000030517578,81007,0.0,0.0
2024-08-28 09:30:00-04:00,26.079999923706055,26.559999465942383,26.079999923706055,26.5,28664,0.0,0.0
2024-08-28 10:30:00-04:00,26.525999069213867,26.81399917602539,26.525999069213867,26.56999969482422,31139,0.0,0.0
2024-08-28 11:30:00-04:00,26.545000076293945,26.59000015258789,26.415000915527344,26.415000915527344,23123,0.0,0.0
2024-08-28 12:30:00-04:00,26.420000076293945,26.459999084472656,26.399999618530273,26.420000076293945,21354,0.0,0.0
2024-08-28 13:30:00-04:00,26.43000030517578,26.459999084472656,26.25,26.25,23889,0.0,0.0
2024-08-28 14:30:00-04:00,26.260000228881836,26.549999237060547,26.260000228881836,26.549999237060547,45491,0.0,0.0
2024-08-28 15:30:00-04:00,26.538999557495117,26.600000381469727,26.475000381469727,26.579999923706055,81839,0.0,0.0
2024-08-29 09:30:00-04:00,26.780000686645508,26.780000686645508,26.399999618530273,26.700000762939453,15672,0.0,0.0
2024-08-29 10:30:00-04:00,26.614999771118164,26.6200008392334,26.389999389648438,26.489999771118164,13222,0.0,0.0
2024-08-29 11:30:00-04:00,26.579999923706055,26.709999084472656,26.575000762939453,26.639999389648438,19452,0.0,0.0
2024-08-29 12:30:00-04:00,26.65999984741211,26.65999984741211,26.59000015258789,26.655399322509766,17886,0.0,0.0
2024-08-29 13:30:00-04:00,26.649999618530273,26.760000228881836,26.639999389648438,26.670000076293945,34835,0.0,0.0
2024-08-29 14:30:00-04:00,26.649999618530273,26.670000076293945,26.549999237060547,26.6200008392334,56585,0.0,0.0
2024-08-29 15:30:00-04:00,26.6299991607666,26.68000030517578,26.459999084472656,26.520000457763672,95941,0.0,0.0
2024-08-30 09:30:00-04:00,26.270000457763672,26.459999084472656,26.270000457763672,26.360000610351562,15856,0.0,0.0
2024-08-30 10:30:00-04:00,26.360000610351562,26.360000610351562,26.204999923706055,26.219999313354492,9010,0.0,0.0
2024-08-30 11:30:00-04:00,26.229999542236328,26.229999542236328,26.100000381469727,26.100000381469727,8197,0.0,0.0
2024-08-30 12:30:00-04:00,26.09000015258789,26.155000686645508,26.040000915527344,26.110000610351562,17714,0.0,0.0
2024-08-30 13:30:00-04:00,26.06999969482422,26.139999389648438,26.06100082397461,26.110000610351562,13811,0.0,0.0
2024-08-30 14:30:00-04:00,26.155000686645508,26.309999465942383,26.135000228881836,26.25,39132,0.0,0.0
2024-08-30 15:30:00-04:00,26.25,26.520000457763672,26.25,26.5,63458,0.0,0.0
