Datetime,Open,High,Low,Close,Volume,Dividends,Stock Splits
2023-06-07 09:30:00-04:00,115.5,115.5,113.56999969482422,113.7300033569336,376232,0.0,0.0
2023-06-07 10:30:00-04:00,113.7300033569336,114.83999633789062,113.61000061035156,114.82499694824219,287800,0.0,0.0
2023-06-07 11:30:00-04:00,114.81999969482422,115.16000366210938,114.26000213623047,114.68000030517578,248477,0.0,0.0
2023-06-07 12:30:00-04:00,114.66000366210938,114.95999908447266,114.33999633789062,114.87999725341797,254235,0.0,0.0
2023-06-07 13:30:00-04:00,114.87000274658203,115.25,114.73999786376953,115.1050033569336,250852,0.0,0.0
2023-06-07 14:30:00-04:00,115.1050033569336,115.41000366210938,115.06999969482422,115.37999725341797,389872,0.0,0.0
2023-06-07 15:30:00-04:00,115.37999725341797,116.0,115.3499984741211,115.80999755859375,703651,0.0,0.0
2023-06-08 09:30:00-04:00,115.87000274658203,116.29000091552734,115.11000061035156,115.93499755859375,495187,0.0,0.0
2023-06-08 10:30:00-04:00,115.95999908447266,116.06999969482422,115.16000366210938,115.4000015258789,348171,0.0,0.0
2023-06-08 11:30:00-04:00,115.38999938964844,115.61000061035156,115.05999755859375,115.5,321760,0.0,0.0
2023-06-08 12:30:00-04:00,115.5,115.63999938964844,115.41000366210938,115.47000122070312,192516,0.0,0.0
2023-06-08 13:30:00-04:00,115.47000122070312,115.68000030517578,115.32499694824219,115.55000305175781,207499,0.0,0.0
2023-06-08 14:30:00-04:00,115.55000305175781,115.81999969482422,115.4916000366211,115.52999877929688,265358,0.0,0.0
2023-06-08 15:30:00-04:00,115.52999877929688,115.63999938964844,115.23999786376953,115.30000305175781,409903,0.0,0.0
2023-06-09 09:30:00-04:00,115.80999755859375,116.16000366210938,115.0199966430664,116.0250015258789,261483,0.0,0.0
2023-06-09 10:30:00-04:00,116.0250015258789,116.5,115.94000244140625,116.33000183105469,296276,0.0,0.0
2023-06-09 11:30:00-04:00,116.3634033203125,116.55999755859375,116.05000305175781,116.43160247802734,250661,0.0,0.0
2023-06-09 12:30:00-04:00,116.44999694824219,116.69999694824219,116.36470031738281,116.69000244140625,220974,0.0,0.0
2023-06-09 13:30:00-04:00,116.68000030517578,117.01000213623047,116.63999938964844,116.88500213623047,301586,0.0,0.0
2023-06-09 14:30:00-04:00,116.88500213623047,117.25,116.84500122070312,117.05999755859375,368592,0.0,0.0
2023-06-09 15:30:00-04:00,117.04000091552734,117.11000061035156,116.7699966430664,116.83999633789062,452284,0.0,0.0
2023-06-12 09:30:00-04:00,117.05000305175781,117.69000244140625,116.81999969482422,117.1449966430664,359578,0.0,0.0
2023-06-12 10:30:00-04:00,117.1449966430664,117.23999786376953,116.63999938964844,116.7699966430664,338144,0.0,0.0
2023-06-12 11:30:00-04:00,116.77999877929688,117.0,116.73999786376953,116.93000030517578,303270,0.0,0.0
2023-06-12 12:30:00-04:00,116.94000244140625,117.08000183105469,116.84500122070312,116.8550033569336,200671,0.0,0.0
2023-06-12 13:30:00-04:00,116.86000061035156,117.19999694824219,116.80999755859375,117.13500213623047,251047,0.0,0.0
2023-06-12 14:30:00-04:00,117.13999938964844,117.58999633789062,117.02999877929688,117.53500366210938,315482,0.0,0.0
2023-06-12 15:30:00-04:00,117.52999877929688,117.7699966430664,117.43499755859375,117.62999725341797,737210,0.0,0.0
2023-06-13 09:30:00-04:00,117.91000366210938,118.63999938964844,117.66999816894531,118.63500213623047,482514,0.0,0.0
2023-06-13 10:30:00-04:00,118.63500213623047,119.01000213623047,118.45999908447266,118.87999725341797,466577,0.0,0.0
2023-06-13 11:30:00-04:00,118.91000366210938,118.91999816894531,118.54000091552734,118.62000274658203,200969,0.0,0.0
2023-06-13 12:30:00-04:00,118.5999984741211,118.7925033569336,118.48999786376953,118.77999877929688,215549,0.0,0.0
2023-06-13 13:30:00-04:00,118.77999877929688,118.77999877929688,118.40499877929688,118.48999786376953,246902,0.0,0.0
2023-06-13 14:30:00-04:00,118.49500274658203,118.70999908447266,118.31999969482422,118.70500183105469,289372,0.0,0.0
2023-06-13 15:30:00-04:00,118.72000122070312,118.81340026855469,118.51000213623047,118.79000091552734,461466,0.0,0.0
2023-06-14 09:30:00-04:00,119.44999694824219,121.27999877929688,119.33000183105469,120.93499755859375,532872,0.0,0.0
2023-06-14 10:30:00-04:00,120.93499755859375,121.46499633789062,120.90499877929688,121.16999816894531,497662,0.0,0.0
2023-06-14 11:30:00-04:00,121.18000030517578,121.48999786376953,120.95999908447266,121.01000213623047,373474,0.0,0.0
2023-06-14 12:30:00-04:00,121.0199966430664,121.05000305175781,120.84500122070312,120.9885025024414,318310,0.0,0.0
2023-06-14 13:30:00-04:00,120.9800033569336,121.13999938964844,120.12000274658203,120.44000244140625,716260,0.0,0.0
2023-06-14 14:30:00-04:00,120.43499755859375,121.12999725341797,120.08000183105469,120.08000183105469,593177,0.0,0.0
2023-06-14 15:30:00-04:00,120.08000183105469,120.08000183105469,119.63999938964844,120.01000213623047,762410,0.0,0.0
2023-06-15 09:30:00-04:00,118.86000061035156,119.2699966430664,118.47000122070312,118.98999786376953,481602,0.0,0.0
2023-06-15 10:30:00-04:00,118.94999694824219,119.7699966430664,118.44999694824219,119.66000366210938,313716,0.0,0.0
2023-06-15 11:30:00-04:00,119.69000244140625,119.91000366210938,119.38999938964844,119.81999969482422,239332,0.0,0.0
2023-06-15 12:30:00-04:00,119.81999969482422,119.87999725341797,119.55000305175781,119.6500015258789,137163,0.0,0.0
2023-06-15 13:30:00-04:00,119.63999938964844,120.11000061035156,119.45999908447266,120.06999969482422,259728,0.0,0.0
2023-06-15 14:30:00-04:00,120.0999984741211,120.94000244140625,120.08000183105469,120.7750015258789,319686,0.0,0.0
2023-06-15 15:30:00-04:00,120.79000091552734,120.83000183105469,120.29000091552734,120.3499984741211,487417,0.0,0.0
2023-06-16 09:30:00-04:00,120.7300033569336,120.86000061035156,119.4000015258789,120.73999786376953,858936,0.0,0.0
2023-06-16 10:30:00-04:00,120.73999786376953,120.80999755859375,119.993896484375,120.11000061035156,217264,0.0,0.0
2023-06-16 11:30:00-04:00,120.13999938964844,120.4800033569336,119.87999725341797,120.45500183105469,212796,0.0,0.0
2023-06-16 12:30:00-04:00,120.44999694824219,120.61000061035156,120.34510040283203,120.37999725341797,148048,0.0,0.0
2023-06-16 13:30:00-04:00,120.37999725341797,120.47000122070312,120.23999786376953,120.29000091552734,187922,0.0,0.0
2023-06-16 14:30:00-04:00,120.27999877929688,120.29000091552734,119.9000015258789,119.94000244140625,293935,0.0,0.0
2023-06-16 15:30:00-04:00,119.94000244140625,120.0999984741211,119.77999877929688,119.9000015258789,607043,0.0,0.0
2023-06-20 09:30:00-04:00,118.91000366210938,119.97000122070312,118.9000015258789,119.30999755859375,225473,0.0,0.0
2023-06-20 10:30:00-04:00,119.31999969482422,119.66999816894531,119.02999877929688,119.5199966430664,235728,0.0,0.0
2023-06-20 11:30:00-04:00,119.52999877929688,119.81999969482422,119.41000366210938,119.73999786376953,140836,0.0,0.0
2023-06-20 12:30:00-04:00,119.75,120.29000091552734,119.69999694824219,120.26000213623047,171879,0.0,0.0
2023-06-20 13:30:00-04:00,120.2300033569336,120.25,119.9000015258789,119.9749984741211,119775,0.0,0.0
2023-06-20 14:30:00-04:00,119.95999908447266,119.9800033569336,119.33000183105469,119.38999938964844,174130,0.0,0.0
2023-06-20 15:30:00-04:00,119.4000015258789,119.88999938964844,119.25,119.56999969482422,357835,0.0,0.0
2023-06-21 09:30:00-04:00,119.01000213623047,119.2300033569336,118.51000213623047,118.87999725341797,199777,0.0,0.0
2023-06-21 10:30:00-04:00,118.9000015258789,119.8550033569336,118.9000015258789,119.85240173339844,277085,0.0,0.0
2023-06-21 11:30:00-04:00,119.8550033569336,120.20999908447266,119.7300033569336,120.05500030517578,156504,0.0,0.0
2023-06-21 12:30:00-04:00,120.06999969482422,120.26000213623047,119.9000015258789,120.09500122070312,171347,0.0,0.0
2023-06-21 13:30:00-04:00,120.08000183105469,120.47000122070312,120.05000305175781,120.38999938964844,171069,0.0,0.0
2023-06-21 14:30:00-04:00,120.4000015258789,120.43499755859375,120.20500183105469,120.23999786376953,241016,0.0,0.0
2023-06-21 15:30:00-04:00,120.23999786376953,120.52999877929688,120.0199966430664,120.04000091552734,432077,0.0,0.0
2023-06-22 09:30:00-04:00,119.80000305175781,119.94000244140625,119.1500015258789,119.8949966430664,313885,0.0,0.0
2023-06-22 10:30:00-04:00,119.9000015258789,120.0,119.3499984741211,119.73999786376953,172208,0.0,0.0
2023-06-22 11:30:00-04:00,119.71499633789062,119.95500183105469,119.68000030517578,119.875,189598,0.0,0.0
2023-06-22 12:30:00-04:00,119.875,119.97000122070312,119.79000091552734,119.86000061035156,170741,0.0,0.0
2023-06-22 13:30:00-04:00,119.88999938964844,120.29000091552734,119.80000305175781,120.26000213623047,148020,0.0,0.0
2023-06-22 14:30:00-04:00,120.25,120.33999633789062,120.08100128173828,120.2699966430664,174896,0.0,0.0
2023-06-22 15:30:00-04:00,120.25,120.55000305175781,120.24500274658203,120.54000091552734,244263,0.0,0.0
2023-06-23 09:30:00-04:00,120.01000213623047,120.06500244140625,119.0,119.63999938964844,268857,0.0,0.0
2023-06-23 10:30:00-04:00,119.69000244140625,120.16000366210938,119.26000213623047,120.0,325463,0.0,0.0
2023-06-23 11:30:00-04:00,120.01000213623047,120.37999725341797,119.83000183105469,120.37999725341797,155109,0.0,0.0
2023-06-23 12:30:00-04:00,120.37999725341797,120.77999877929688,120.37519836425781,120.76000213623047,181314,0.0,0.0
2023-06-23 13:30:00-04:00,120.7699966430664,120.9000015258789,120.4749984741211,120.76000213623047,323048,0.0,0.0
2023-06-23 14:30:00-04:00,120.76499938964844,120.88999938964844,120.58999633789062,120.76000213623047,266632,0.0,0.0
2023-06-23 15:30:00-04:00,120.7699966430664,120.9000015258789,120.43000030517578,120.5,438915,0.0,0.0
2023-06-26 09:30:00-04:00,120.02999877929688,121.71499633789062,119.69000244140625,120.61129760742188,272662,0.0,0.0
2023-06-26 10:30:00-04:00,120.6050033569336,120.83999633789062,120.26000213623047,120.6500015258789,246008,0.0,0.0
2023-06-26 11:30:00-04:00,120.5999984741211,121.09989929199219,120.5,120.93499755859375,165647,0.0,0.0
2023-06-26 12:30:00-04:00,120.97000122070312,121.0199966430664,120.6708984375,120.83999633789062,169815,0.0,0.0
2023-06-26 13:30:00-04:00,120.80999755859375,120.91999816894531,120.38999938964844,120.48999786376953,152001,0.0,0.0
2023-06-26 14:30:00-04:00,120.49500274658203,120.93000030517578,120.47000122070312,120.69000244140625,255979,0.0,0.0
2023-06-26 15:30:00-04:00,120.68000030517578,120.75,120.13999938964844,120.16999816894531,486996,0.0,0.0
2023-06-27 09:30:00-04:00,120.51000213623047,121.41000366210938,120.1500015258789,121.30999755859375,264878,0.0,0.0
2023-06-27 10:30:00-04:00,121.31999969482422,121.98660278320312,121.20999908447266,121.83999633789062,302228,0.0,0.0
2023-06-27 11:30:00-04:00,121.84500122070312,122.12999725341797,121.7699966430664,121.98500061035156,258236,0.0,0.0
2023-06-27 12:30:00-04:00,121.97149658203125,122.38999938964844,121.93000030517578,122.0999984741211,234096,0.0,0.0
2023-06-27 13:30:00-04:00,122.11000061035156,122.33000183105469,122.05999755859375,122.18499755859375,182541,0.0,0.0
2023-06-27 14:30:00-04:00,122.18499755859375,122.41999816894531,122.16000366210938,122.30000305175781,337806,0.0,0.0
2023-06-27 15:30:00-04:00,122.30000305175781,122.43000030517578,122.05000305175781,122.38999938964844,477672,0.0,0.0
2023-06-28 09:30:00-04:00,122.72000122070312,123.80999755859375,122.5,123.16999816894531,520681,0.0,0.0
2023-06-28 10:30:00-04:00,123.11000061035156,123.2300033569336,122.66000366210938,122.80999755859375,312274,0.0,0.0
2023-06-28 11:30:00-04:00,122.80999755859375,123.12999725341797,122.5999984741211,123.05000305175781,188613,0.0,0.0
2023-06-28 12:30:00-04:00,123.05999755859375,123.19000244140625,122.7300033569336,123.01000213623047,193292,0.0,0.0
2023-06-28 13:30:00-04:00,123.01499938964844,123.24800109863281,122.88749694824219,123.11000061035156,196601,0.0,0.0
2023-06-28 14:30:00-04:00,123.12999725341797,123.29000091552734,122.66999816894531,122.8499984741211,379698,0.0,0.0
2023-06-28 15:30:00-04:00,122.86000061035156,123.01899719238281,122.66999816894531,123.01000213623047,623215,0.0,0.0
2023-06-29 09:30:00-04:00,123.01000213623047,124.08000183105469,123.01000213623047,123.87999725341797,379465,0.0,0.0
2023-06-29 10:30:00-04:00,123.86000061035156,124.12999725341797,123.29000091552734,123.54499816894531,227274,0.0,0.0
2023-06-29 11:30:00-04:00,123.56999969482422,123.77999877929688,123.44850158691406,123.66999816894531,236711,0.0,0.0
2023-06-29 12:30:00-04:00,123.6500015258789,123.91000366210938,123.47000122070312,123.54000091552734,160595,0.0,0.0
2023-06-29 13:30:00-04:00,123.55500030517578,123.5999984741211,123.20999908447266,123.44999694824219,320972,0.0,0.0
2023-06-29 14:30:00-04:00,123.44000244140625,124.1500015258789,123.33000183105469,124.12000274658203,432567,0.0,0.0
2023-06-29 15:30:00-04:00,124.12999725341797,124.1500015258789,123.73999786376953,124.08000183105469,416866,0.0,0.0
2023-06-30 09:30:00-04:00,124.91000366210938,126.37000274658203,124.67500305175781,125.9800033569336,358650,0.0,0.0
2023-06-30 10:30:00-04:00,125.98650360107422,126.04000091552734,125.19999694824219,125.5,361465,0.0,0.0
2023-06-30 11:30:00-04:00,125.5199966430664,125.66000366210938,125.16000366210938,125.63500213623047,273066,0.0,0.0
2023-06-30 12:30:00-04:00,125.6500015258789,126.04499816894531,125.63999938964844,126.0199966430664,98954,0.0,0.0
2023-06-30 13:30:00-04:00,126.0103988647461,126.12000274658203,125.68000030517578,126.01000213623047,247532,0.0,0.0
2023-06-30 14:30:00-04:00,126.01000213623047,126.43000030517578,125.875,126.31999969482422,381496,0.0,0.0
2023-06-30 15:30:00-04:00,126.32150268554688,126.55000305175781,126.08999633789062,126.11000061035156,507054,0.0,0.0
2023-07-03 09:30:00-04:00,125.69000244140625,126.13990020751953,125.41000366210938,125.45999908447266,399064,0.0,0.0
2023-07-03 10:30:00-04:00,125.5,125.75,125.27999877929688,125.6500015258789,339552,0.0,0.0
2023-07-03 11:30:00-04:00,125.6500015258789,126.08000183105469,125.56999969482422,126.01000213623047,269391,0.0,0.0
2023-07-05 09:30:00-04:00,125.27999877929688,125.27999877929688,124.16000366210938,124.97000122070312,525986,0.0,0.0
2023-07-05 10:30:00-04:00,124.9749984741211,125.61000061035156,124.86000061035156,125.47000122070312,450677,0.0,0.0
2023-07-05 11:30:00-04:00,125.47000122070312,125.91000366210938,125.44999694824219,125.7699966430664,245494,0.0,0.0
2023-07-05 12:30:00-04:00,125.72000122070312,125.83000183105469,125.43000030517578,125.58000183105469,178328,0.0,0.0
2023-07-05 13:30:00-04:00,125.58000183105469,125.94000244140625,125.29000091552734,125.48500061035156,330111,0.0,0.0
2023-07-05 14:30:00-04:00,125.5,125.73999786376953,125.4800033569336,125.61000061035156,340319,0.0,0.0
2023-07-05 15:30:00-04:00,125.5999984741211,125.66999816894531,124.83000183105469,124.9000015258789,712238,0.0,0.0
2023-07-06 09:30:00-04:00,123.98999786376953,124.56999969482422,123.44000244140625,123.95999908447266,379298,0.0,0.0
2023-07-06 10:30:00-04:00,123.94999694824219,124.30000305175781,123.89610290527344,124.05780029296875,224906,0.0,0.0
2023-07-06 11:30:00-04:00,124.05999755859375,124.62999725341797,124.00499725341797,124.5250015258789,193850,0.0,0.0
2023-07-06 12:30:00-04:00,124.55000305175781,125.05999755859375,124.43000030517578,125.0,137548,0.0,0.0
2023-07-06 13:30:00-04:00,124.99500274658203,125.19000244140625,124.75,125.1500015258789,177035,0.0,0.0
2023-07-06 14:30:00-04:00,125.16000366210938,125.75,125.16000366210938,125.53500366210938,277358,0.0,0.0
2023-07-06 15:30:00-04:00,125.54000091552734,125.55000305175781,125.22000122070312,125.4000015258789,283883,0.0,0.0
2023-07-07 09:30:00-04:00,124.66000366210938,125.66999816894531,124.5199966430664,125.11499786376953,220107,0.0,0.0
2023-07-07 10:30:00-04:00,125.11000061035156,125.33999633789062,124.87999725341797,125.01000213623047,169524,0.0,0.0
2023-07-07 11:30:00-04:00,125.05999755859375,125.26000213623047,124.69000244140625,124.97000122070312,221351,0.0,0.0
2023-07-07 12:30:00-04:00,124.98999786376953,125.44999694824219,124.9800033569336,125.41000366210938,132235,0.0,0.0
2023-07-07 13:30:00-04:00,125.43000030517578,125.44999694824219,125.16010284423828,125.29499816894531,168208,0.0,0.0
2023-07-07 14:30:00-04:00,125.31999969482422,125.82499694824219,125.30999755859375,125.70999908447266,281128,0.0,0.0
2023-07-07 15:30:00-04:00,125.68000030517578,125.76499938964844,125.12000274658203,125.22000122070312,385911,0.0,0.0
2023-07-10 09:30:00-04:00,125.51000213623047,127.08999633789062,125.11000061035156,126.4800033569336,325401,0.0,0.0
2023-07-10 10:30:00-04:00,126.4800033569336,126.56999969482422,125.87000274658203,126.23999786376953,356224,0.0,0.0
2023-07-10 11:30:00-04:00,126.2300033569336,126.38999938964844,126.01000213623047,126.2300033569336,262036,0.0,0.0
2023-07-10 12:30:00-04:00,126.25,126.87000274658203,126.2300033569336,126.83000183105469,185162,0.0,0.0
2023-07-10 13:30:00-04:00,126.83000183105469,126.9000015258789,126.26000213623047,126.51000213623047,196535,0.0,0.0
2023-07-10 14:30:00-04:00,126.4800033569336,126.61000061035156,126.30000305175781,126.56999969482422,257224,0.0,0.0
2023-07-10 15:30:00-04:00,126.56999969482422,126.91000366210938,126.45999908447266,126.9000015258789,509291,0.0,0.0
2023-07-11 09:30:00-04:00,126.93000030517578,127.66000366210938,126.93000030517578,127.44000244140625,243290,0.0,0.0
2023-07-11 10:30:00-04:00,127.41010284423828,127.53500366210938,127.12999725341797,127.2699966430664,133931,0.0,0.0
2023-07-11 11:30:00-04:00,127.23999786376953,127.2699966430664,126.95999908447266,127.04450225830078,227039,0.0,0.0
2023-07-11 12:30:00-04:00,127.04499816894531,127.19000244140625,126.9800033569336,127.05249786376953,104219,0.0,0.0
2023-07-11 13:30:00-04:00,127.08000183105469,127.08000183105469,126.52999877929688,126.68499755859375,183319,0.0,0.0
2023-07-11 14:30:00-04:00,126.69750213623047,126.8499984741211,126.55010223388672,126.75,183714,0.0,0.0
2023-07-11 15:30:00-04:00,126.7300033569336,127.30999755859375,126.66459655761719,126.98999786376953,412602,0.0,0.0
2023-07-12 09:30:00-04:00,128.0,128.0,126.98999786376953,127.7300033569336,315732,0.0,0.0
2023-07-12 10:30:00-04:00,127.7699966430664,128.02999877929688,127.66000366210938,127.875,221909,0.0,0.0
2023-07-12 11:30:00-04:00,127.88999938964844,128.0,127.37999725341797,127.41300201416016,141004,0.0,0.0
2023-07-12 12:30:00-04:00,127.45500183105469,127.79000091552734,127.43000030517578,127.75499725341797,125812,0.0,0.0
2023-07-12 13:30:00-04:00,127.73999786376953,127.83999633789062,127.63999938964844,127.69149780273438,157756,0.0,0.0
2023-07-12 14:30:00-04:00,127.69000244140625,127.72000122070312,127.16000366210938,127.32499694824219,216077,0.0,0.0
2023-07-12 15:30:00-04:00,127.33999633789062,127.58999633789062,127.20999908447266,127.58000183105469,297545,0.0,0.0
2023-07-13 09:30:00-04:00,127.3949966430664,128.1300048828125,127.3949966430664,128.02499389648438,279639,0.0,0.0
2023-07-13 10:30:00-04:00,128.02000427246094,128.33999633789062,127.80000305175781,128.25,287923,0.0,0.0
2023-07-13 11:30:00-04:00,128.27000427246094,128.44000244140625,128.15879821777344,128.36000061035156,213006,0.0,0.0
2023-07-13 12:30:00-04:00,128.3699951171875,128.52999877929688,128.3404998779297,128.4600067138672,156778,0.0,0.0
2023-07-13 13:30:00-04:00,128.46969604492188,128.61000061035156,128.39039611816406,128.4499969482422,135026,0.0,0.0
2023-07-13 14:30:00-04:00,128.4499969482422,128.6999969482422,128.4199981689453,128.6699981689453,194240,0.0,0.0
2023-07-13 15:30:00-04:00,128.66000366210938,128.85000610351562,128.5,128.66000366210938,374511,0.0,0.0
2023-07-14 09:30:00-04:00,128.47999572753906,128.69000244140625,128.00999450683594,128.05999755859375,182083,0.0,0.0
2023-07-14 10:30:00-04:00,128.0,128.32000732421875,127.87000274658203,128.11000061035156,117696,0.0,0.0
2023-07-14 11:30:00-04:00,128.11000061035156,128.13999938964844,127.52999877929688,127.63500213623047,250386,0.0,0.0
2023-07-14 12:30:00-04:00,127.6500015258789,127.79499816894531,127.54000091552734,127.67500305175781,254038,0.0,0.0
2023-07-14 13:30:00-04:00,127.67500305175781,127.9000015258789,127.5999984741211,127.89610290527344,142841,0.0,0.0
2023-07-14 14:30:00-04:00,127.9000015258789,128.11000061035156,127.86000061035156,127.97000122070312,168996,0.0,0.0
2023-07-14 15:30:00-04:00,127.9800033569336,128.00999450683594,127.73999786376953,128.0,331006,0.0,0.0
2023-07-17 09:30:00-04:00,127.9000015258789,129.0449981689453,127.27999877929688,128.89999389648438,368889,0.0,0.0
2023-07-17 10:30:00-04:00,128.88999938964844,129.08999633789062,128.80999755859375,129.02000427246094,178927,0.0,0.0
2023-07-17 11:30:00-04:00,129.0399932861328,129.14999389648438,128.77999877929688,128.89999389648438,179742,0.0,0.0
2023-07-17 12:30:00-04:00,128.88999938964844,129.0399932861328,128.8000030517578,128.90499877929688,112941,0.0,0.0
2023-07-17 13:30:00-04:00,128.90499877929688,128.92999267578125,128.64999389648438,128.8699951171875,148184,0.0,0.0
2023-07-17 14:30:00-04:00,128.8699951171875,128.91000366210938,128.6300048828125,128.75,256984,0.0,0.0
2023-07-17 15:30:00-04:00,128.74000549316406,128.75,128.4499969482422,128.50999450683594,317361,0.0,0.0
2023-07-18 09:30:00-04:00,128.22000122070312,128.6999969482422,127.0260009765625,128.6699981689453,479094,0.0,0.0
2023-07-18 10:30:00-04:00,128.6999969482422,129.05999755859375,128.47000122070312,128.8000030517578,179427,0.0,0.0
2023-07-18 11:30:00-04:00,128.77999877929688,129.1199951171875,128.58999633789062,129.00999450683594,181110,0.0,0.0
2023-07-18 12:30:00-04:00,129.00999450683594,129.05999755859375,128.77999877929688,129.05999755859375,135771,0.0,0.0
2023-07-18 13:30:00-04:00,129.0800018310547,129.41000366210938,129.02999877929688,129.27999877929688,152303,0.0,0.0
2023-07-18 14:30:00-04:00,129.2899932861328,129.30999755859375,128.94000244140625,129.24000549316406,240531,0.0,0.0
2023-07-18 15:30:00-04:00,129.2100067138672,129.5,129.1490020751953,129.3300018310547,316909,0.0,0.0
2023-07-19 09:30:00-04:00,129.23500061035156,129.38999938964844,128.25999450683594,128.91000366210938,599334,0.0,0.0
2023-07-19 10:30:00-04:00,128.91000366210938,129.02999877929688,128.63999938964844,128.8800048828125,312186,0.0,0.0
2023-07-19 11:30:00-04:00,128.91000366210938,128.99000549316406,128.25999450683594,128.32000732421875,333888,0.0,0.0
2023-07-19 12:30:00-04:00,128.3000030517578,128.36000061035156,127.9000015258789,128.36000061035156,308700,0.0,0.0
2023-07-19 13:30:00-04:00,128.35000610351562,128.4499969482422,127.75,127.9000015258789,246409,0.0,0.0
2023-07-19 14:30:00-04:00,127.9000015258789,128.25,127.79000091552734,128.19000244140625,388439,0.0,0.0
2023-07-19 15:30:00-04:00,128.17999267578125,128.1876983642578,127.5999984741211,127.62999725341797,522395,0.0,0.0
2023-07-20 09:30:00-04:00,128.11000061035156,128.9600067138672,127.5999984741211,128.4949951171875,358650,0.0,0.0
2023-07-20 10:30:00-04:00,128.5,128.93499755859375,128.35000610351562,128.82000732421875,447919,0.0,0.0
2023-07-20 11:30:00-04:00,128.7899932861328,129.55999755859375,128.75999450683594,129.3699951171875,208921,0.0,0.0
2023-07-20 12:30:00-04:00,129.38999938964844,129.52000427246094,129.07000732421875,129.48500061035156,162310,0.0,0.0
2023-07-20 13:30:00-04:00,129.47000122070312,129.47000122070312,128.88499450683594,128.91000366210938,252139,0.0,0.0
2023-07-20 14:30:00-04:00,128.94000244140625,129.24000549316406,128.89999389648438,128.94000244140625,275617,0.0,0.0
2023-07-20 15:30:00-04:00,128.93499755859375,129.44000244140625,128.8300018310547,129.3800048828125,456751,0.0,0.0
2023-07-21 09:30:00-04:00,129.74000549316406,130.25,129.04049682617188,129.72999572753906,497005,0.0,0.0
2023-07-21 10:30:00-04:00,129.6999969482422,129.92999267578125,129.50999450683594,129.6699981689453,338232,0.0,0.0
2023-07-21 11:30:00-04:00,129.69000244140625,129.72999572753906,129.33999633789062,129.38999938964844,132624,0.0,0.0
2023-07-21 12:30:00-04:00,129.3800048828125,129.52000427246094,129.13999938964844,129.4499969482422,141811,0.0,0.0
2023-07-21 13:30:00-04:00,129.4499969482422,129.61000061035156,129.0850067138672,129.2100067138672,164072,0.0,0.0
2023-07-21 14:30:00-04:00,129.1999969482422,129.3699951171875,128.94000244140625,128.97000122070312,193093,0.0,0.0
2023-07-21 15:30:00-04:00,128.97999572753906,128.98500061035156,128.5,128.5500030517578,454162,0.0,0.0
2023-07-24 09:30:00-04:00,129.36000061035156,130.05999755859375,128.9949951171875,129.86500549316406,353920,0.0,0.0
2023-07-24 10:30:00-04:00,129.8800048828125,130.16000366210938,129.4600067138672,129.47999572753906,456973,0.0,0.0
2023-07-24 11:30:00-04:00,129.4600067138672,129.56500244140625,129.2100067138672,129.47000122070312,202157,0.0,0.0
2023-07-24 12:30:00-04:00,129.49000549316406,129.49000549316406,129.1300048828125,129.32000732421875,151961,0.0,0.0
2023-07-24 13:30:00-04:00,129.32000732421875,129.5,129.22999572753906,129.39999389648438,167961,0.0,0.0
2023-07-24 14:30:00-04:00,129.39999389648438,129.60499572753906,128.91000366210938,129.39999389648438,353011,0.0,0.0
2023-07-24 15:30:00-04:00,129.42999267578125,129.75999450683594,129.39500427246094,129.75999450683594,571631,0.0,0.0
2023-07-25 09:30:00-04:00,129.4199981689453,130.1699981689453,128.82000732421875,129.69000244140625,471839,0.0,0.0
2023-07-25 10:30:00-04:00,129.69000244140625,129.97000122070312,129.4600067138672,129.9600067138672,264337,0.0,0.0
2023-07-25 11:30:00-04:00,129.97000122070312,130.22000122070312,129.75999450683594,130.21499633789062,243324,0.0,0.0
2023-07-25 12:30:00-04:00,130.22999572753906,130.72500610351562,130.1750030517578,130.50999450683594,292325,0.0,0.0
2023-07-25 13:30:00-04:00,130.52000427246094,130.64999389648438,130.28500366210938,130.64500427246094,274152,0.0,0.0
2023-07-25 14:30:00-04:00,130.66000366210938,130.74000549316406,130.41000366210938,130.5,361205,0.0,0.0
2023-07-25 15:30:00-04:00,130.5,130.58999633789062,130.00999450683594,130.08999633789062,660396,0.0,0.0
2023-07-26 09:30:00-04:00,124.73999786376953,127.33000183105469,122.5999984741211,124.77999877929688,1090754,0.0,0.0
2023-07-26 10:30:00-04:00,124.75,126.4800033569336,124.68000030517578,126.0,589595,0.0,0.0
2023-07-26 11:30:00-04:00,126.0,127.54000091552734,125.94999694824219,127.54000091552734,582945,0.0,0.0
2023-07-26 12:30:00-04:00,127.55000305175781,127.8550033569336,126.98500061035156,127.51000213623047,267458,0.0,0.0
2023-07-26 13:30:00-04:00,127.49500274658203,128.02000427246094,127.44000244140625,127.6458969116211,272098,0.0,0.0
2023-07-26 14:30:00-04:00,127.63500213623047,128.38999938964844,126.55000305175781,127.00990295410156,543423,0.0,0.0
2023-07-26 15:30:00-04:00,126.98999786376953,127.43000030517578,126.79299926757812,127.3499984741211,856372,0.0,0.0
2023-07-27 09:30:00-04:00,128.07000732421875,128.07000732421875,124.69000244140625,124.72000122070312,547124,0.0,0.0
2023-07-27 10:30:00-04:00,124.72000122070312,125.05000305175781,123.80999755859375,124.31999969482422,505874,0.0,0.0
2023-07-27 11:30:00-04:00,124.33000183105469,124.56999969482422,123.12999725341797,124.26000213623047,414609,0.0,0.0
2023-07-27 12:30:00-04:00,124.26000213623047,124.30999755859375,123.58000183105469,123.6500015258789,198788,0.0,0.0
2023-07-27 13:30:00-04:00,123.62999725341797,123.83000183105469,122.93000030517578,123.06999969482422,491930,0.0,0.0
2023-07-27 14:30:00-04:00,123.07499694824219,123.38690185546875,122.93000030517578,123.1449966430664,315114,0.0,0.0
2023-07-27 15:30:00-04:00,123.1449966430664,123.55999755859375,123.0199966430664,123.51000213623047,646365,0.0,0.0
2023-07-28 09:30:00-04:00,124.66999816894531,125.05000305175781,123.74500274658203,124.75,419793,0.0,0.0
2023-07-28 10:30:00-04:00,124.70999908447266,124.72000122070312,124.01499938964844,124.44149780273438,252439,0.0,0.0
2023-07-28 11:30:00-04:00,124.45999908447266,124.9749984741211,124.45999908447266,124.88999938964844,401534,0.0,0.0
2023-07-28 12:30:00-04:00,124.88999938964844,125.12989807128906,124.80500030517578,124.88680267333984,305751,0.0,0.0
2023-07-28 13:30:00-04:00,124.86000061035156,125.02999877929688,124.56999969482422,124.93000030517578,348564,0.0,0.0
2023-07-28 14:30:00-04:00,124.93000030517578,124.94000244140625,124.6050033569336,124.7699966430664,487194,0.0,0.0
2023-07-28 15:30:00-04:00,124.76000213623047,125.08999633789062,124.66000366210938,124.9800033569336,702798,0.0,0.0
2023-07-31 09:30:00-04:00,125.66000366210938,126.54000091552734,125.66000366210938,126.05999755859375,293996,0.0,0.0
2023-07-31 10:30:00-04:00,126.05999755859375,126.12999725341797,125.3550033569336,125.8499984741211,307324,0.0,0.0
2023-07-31 11:30:00-04:00,125.8499984741211,125.93000030517578,125.52999877929688,125.80000305175781,229167,0.0,0.0
2023-07-31 12:30:00-04:00,125.80000305175781,125.95999908447266,125.55000305175781,125.5999984741211,185394,0.0,0.0
2023-07-31 13:30:00-04:00,125.62999725341797,125.81500244140625,125.5,125.70999908447266,203705,0.0,0.0
2023-07-31 14:30:00-04:00,125.69999694824219,126.04499816894531,125.68000030517578,125.81999969482422,317514,0.0,0.0
2023-07-31 15:30:00-04:00,125.80999755859375,126.26000213623047,125.76000213623047,126.2300033569336,552007,0.0,0.0
2023-08-01 09:30:00-04:00,125.95999908447266,127.2300033569336,125.30000305175781,126.55000305175781,328502,0.0,0.0
2023-08-01 10:30:00-04:00,126.52999877929688,127.0,126.37000274658203,126.42500305175781,213231,0.0,0.0
2023-08-01 11:30:00-04:00,126.41500091552734,126.44999694824219,126.12000274658203,126.2300033569336,189503,0.0,0.0
2023-08-01 12:30:00-04:00,126.19999694824219,126.48999786376953,126.11000061035156,126.30999755859375,144771,0.0,0.0
2023-08-01 13:30:00-04:00,126.30999755859375,126.86000061035156,126.19999694824219,126.66999816894531,156650,0.0,0.0
2023-08-01 14:30:00-04:00,126.68000030517578,127.1500015258789,126.63999938964844,127.13999938964844,253648,0.0,0.0
2023-08-01 15:30:00-04:00,127.12999725341797,127.13500213623047,126.8499984741211,126.95999908447266,375262,0.0,0.0
2023-08-02 09:30:00-04:00,126.19999694824219,126.88999938964844,125.93000030517578,126.08000183105469,300682,0.0,0.0
2023-08-02 10:30:00-04:00,126.04000091552734,126.08999633789062,125.1500015258789,125.31999969482422,271651,0.0,0.0
2023-08-02 11:30:00-04:00,125.33999633789062,125.47000122070312,124.87999725341797,125.0199966430664,277626,0.0,0.0
2023-08-02 12:30:00-04:00,125.08000183105469,125.27999877929688,125.01000213623047,125.11000061035156,165909,0.0,0.0
2023-08-02 13:30:00-04:00,125.125,125.30000305175781,124.99500274658203,125.12999725341797,169561,0.0,0.0
2023-08-02 14:30:00-04:00,125.12999725341797,125.16000366210938,124.56999969482422,124.56999969482422,250579,0.0,0.0
2023-08-02 15:30:00-04:00,124.56999969482422,124.73999786376953,124.43000030517578,124.52999877929688,414016,0.0,0.0
2023-08-03 09:30:00-04:00,124.25,125.27999877929688,123.94999694824219,124.94999694824219,244290,0.0,0.0
2023-08-03 10:30:00-04:00,124.93000030517578,125.12999725341797,124.72000122070312,125.02999877929688,182610,0.0,0.0
2023-08-03 11:30:00-04:00,125.01000213623047,125.02999877929688,124.38500213623047,124.45999908447266,143410,0.0,0.0
2023-08-03 12:30:00-04:00,124.48500061035156,125.45999908447266,124.45999908447266,125.31999969482422,115277,0.0,0.0
2023-08-03 13:30:00-04:00,125.33999633789062,125.55500030517578,125.15049743652344,125.4800033569336,136958,0.0,0.0
2023-08-03 14:30:00-04:00,125.45999908447266,125.4749984741211,124.91999816894531,125.14009857177734,173653,0.0,0.0
2023-08-03 15:30:00-04:00,125.16000366210938,125.38999938964844,125.09500122070312,125.18000030517578,270896,0.0,0.0
2023-08-04 09:30:00-04:00,124.9800033569336,125.38999938964844,124.0999984741211,124.90290069580078,305842,0.0,0.0
2023-08-04 10:30:00-04:00,124.91000366210938,125.19000244140625,124.79000091552734,124.90499877929688,250302,0.0,0.0
2023-08-04 11:30:00-04:00,124.91999816894531,125.55999755859375,124.91000366210938,125.55999755859375,127824,0.0,0.0
2023-08-04 12:30:00-04:00,125.55999755859375,125.69499969482422,125.26000213623047,125.30000305175781,104404,0.0,0.0
2023-08-04 13:30:00-04:00,125.26000213623047,125.55999755859375,124.88999938964844,125.02999877929688,218602,0.0,0.0
2023-08-04 14:30:00-04:00,124.98999786376953,125.08999633789062,124.51010131835938,124.66999816894531,178493,0.0,0.0
2023-08-04 15:30:00-04:00,124.66999816894531,124.8499984741211,124.55999755859375,124.83999633789062,274855,0.0,0.0
2023-08-07 09:30:00-04:00,125.58000183105469,125.98999786376953,125.08000183105469,125.42500305175781,217242,0.0,0.0
2023-08-07 10:30:00-04:00,125.45500183105469,125.5,125.12000274658203,125.22000122070312,136568,0.0,0.0
2023-08-07 11:30:00-04:00,125.25,125.74500274658203,125.25,125.625,96718,0.0,0.0
2023-08-07 12:30:00-04:00,125.63999938964844,125.81999969482422,125.50499725341797,125.7300033569336,100341,0.0,0.0
2023-08-07 13:30:00-04:00,125.7300033569336,126.13999938964844,125.69999694824219,126.04000091552734,101692,0.0,0.0
2023-08-07 14:30:00-04:00,126.04000091552734,126.17960357666016,125.91000366210938,125.93000030517578,154463,0.0,0.0
2023-08-07 15:30:00-04:00,125.94000244140625,125.98999786376953,125.75,125.9000015258789,271761,0.0,0.0
2023-08-08 09:30:00-04:00,124.81999969482422,125.48999786376953,124.33499908447266,124.3499984741211,288116,0.0,0.0
2023-08-08 10:30:00-04:00,124.3499984741211,124.80999755859375,124.30999755859375,124.72000122070312,151649,0.0,0.0
2023-08-08 11:30:00-04:00,124.71499633789062,124.88999938964844,124.62999725341797,124.73999786376953,116423,0.0,0.0
2023-08-08 12:30:00-04:00,124.75,125.0094985961914,124.7300033569336,124.81999969482422,109822,0.0,0.0
2023-08-08 13:30:00-04:00,124.87999725341797,125.06999969482422,124.80999755859375,124.95999908447266,106752,0.0,0.0
2023-08-08 14:30:00-04:00,124.94999694824219,125.3949966430664,124.87999725341797,125.26000213623047,163708,0.0,0.0
2023-08-08 15:30:00-04:00,125.2699966430664,125.41999816894531,125.16000366210938,125.18000030517578,245590,0.0,0.0
2023-08-09 09:30:00-04:00,125.58499908447266,126.15499877929688,125.16000366210938,126.12999725341797,190579,0.0,0.0
2023-08-09 10:30:00-04:00,126.16999816894531,126.31999969482422,125.63999938964844,125.6500015258789,139524,0.0,0.0
2023-08-09 11:30:00-04:00,125.62000274658203,125.66000366210938,125.27999877929688,125.48999786376953,146040,0.0,0.0
2023-08-09 12:30:00-04:00,125.4800033569336,125.66999816894531,125.4000015258789,125.54000091552734,98112,0.0,0.0
2023-08-09 13:30:00-04:00,125.54000091552734,125.69000244140625,125.43499755859375,125.58000183105469,104100,0.0,0.0
2023-08-09 14:30:00-04:00,125.5999984741211,125.875,125.4800033569336,125.63999938964844,161470,0.0,0.0
2023-08-09 15:30:00-04:00,125.62000274658203,125.6500015258789,124.94999694824219,125.05999755859375,476816,0.0,0.0
2023-08-10 09:30:00-04:00,126.01000213623047,126.80000305175781,125.76000213623047,126.58999633789062,199707,0.0,0.0
2023-08-10 10:30:00-04:00,126.61000061035156,126.88999938964844,126.30999755859375,126.875,133858,0.0,0.0
2023-08-10 11:30:00-04:00,126.87000274658203,126.94999694824219,126.08000183105469,126.25,101312,0.0,0.0
2023-08-10 12:30:00-04:00,126.2300033569336,126.44999694824219,125.9800033569336,126.02999877929688,78447,0.0,0.0
2023-08-10 13:30:00-04:00,126.0199966430664,126.19999694824219,125.79000091552734,125.98500061035156,161240,0.0,0.0
2023-08-10 14:30:00-04:00,126.0,126.30999755859375,125.8499984741211,125.93000030517578,157011,0.0,0.0
2023-08-10 15:30:00-04:00,125.90499877929688,126.02999877929688,125.72000122070312,126.0,379609,0.0,0.0
2023-08-11 09:30:00-04:00,126.01000213623047,126.08000183105469,124.9800033569336,125.95999908447266,135983,0.0,0.0
2023-08-11 10:30:00-04:00,125.95999908447266,126.01499938964844,125.62999725341797,125.80999755859375,121563,0.0,0.0
2023-08-11 11:30:00-04:00,125.82499694824219,126.17500305175781,125.76499938964844,125.80999755859375,115564,0.0,0.0
2023-08-11 12:30:00-04:00,125.83000183105469,125.9800033569336,125.69999694824219,125.93499755859375,90417,0.0,0.0
2023-08-11 13:30:00-04:00,125.94999694824219,126.0999984741211,125.75,126.0199966430664,97360,0.0,0.0
2023-08-11 14:30:00-04:00,126.04000091552734,126.16960144042969,125.91999816894531,126.0199966430664,143704,0.0,0.0
2023-08-11 15:30:00-04:00,126.01000213623047,126.02999877929688,125.41000366210938,125.62000274658203,379739,0.0,0.0
2023-08-14 09:30:00-04:00,125.5,126.30000305175781,124.87999725341797,125.04499816894531,238693,0.0,0.0
2023-08-14 10:30:00-04:00,125.08999633789062,125.5999984741211,125.08999633789062,125.36000061035156,140318,0.0,0.0
2023-08-14 11:30:00-04:00,125.37999725341797,125.41500091552734,124.875,124.88500213623047,186242,0.0,0.0
2023-08-14 12:30:00-04:00,124.875,125.0199966430664,124.79000091552734,124.83999633789062,175530,0.0,0.0
2023-08-14 13:30:00-04:00,124.83000183105469,124.87000274658203,124.20999908447266,124.41500091552734,164365,0.0,0.0
2023-08-14 14:30:00-04:00,124.37999725341797,124.51000213623047,124.24500274658203,124.48999786376953,210698,0.0,0.0
2023-08-14 15:30:00-04:00,124.48999786376953,124.66999816894531,124.4000015258789,124.48999786376953,389106,0.0,0.0
2023-08-15 09:30:00-04:00,123.88999938964844,124.55000305175781,123.69000244140625,123.7249984741211,145402,0.0,0.0
2023-08-15 10:30:00-04:00,123.70999908447266,123.83999633789062,123.48999786376953,123.63999938964844,135711,0.0,0.0
2023-08-15 11:30:00-04:00,123.68000030517578,124.09500122070312,123.62999725341797,123.87999725341797,170536,0.0,0.0
2023-08-15 12:30:00-04:00,123.9000015258789,124.51000213623047,123.9000015258789,124.01499938964844,136806,0.0,0.0
2023-08-15 13:30:00-04:00,124.01000213623047,124.02999877929688,123.51000213623047,123.55999755859375,114837,0.0,0.0
2023-08-15 14:30:00-04:00,123.56999969482422,123.72000122070312,123.1500015258789,123.16500091552734,195807,0.0,0.0
2023-08-15 15:30:00-04:00,123.1500015258789,123.26000213623047,122.94499969482422,123.16999816894531,322979,0.0,0.0
2023-08-16 09:30:00-04:00,123.4800033569336,123.4800033569336,122.23999786376953,122.4000015258789,156266,0.0,0.0
2023-08-16 10:30:00-04:00,122.38999938964844,122.62999725341797,122.22000122070312,122.51000213623047,129150,0.0,0.0
2023-08-16 11:30:00-04:00,122.51000213623047,122.58000183105469,122.08999633789062,122.12999725341797,143867,0.0,0.0
2023-08-16 12:30:00-04:00,122.12000274658203,122.23999786376953,121.73999786376953,121.9000015258789,150890,0.0,0.0
2023-08-16 13:30:00-04:00,121.91000366210938,122.44000244140625,121.88999938964844,122.20999908447266,222686,0.0,0.0
2023-08-16 14:30:00-04:00,122.2300033569336,122.41000366210938,121.68000030517578,121.7300033569336,175528,0.0,0.0
2023-08-16 15:30:00-04:00,121.7300033569336,122.02999877929688,121.61000061035156,121.7699966430664,380858,0.0,0.0
2023-08-17 09:30:00-04:00,122.12999725341797,122.29000091552734,120.9800033569336,121.73999786376953,402407,0.0,0.0
2023-08-17 10:30:00-04:00,121.73650360107422,121.76499938964844,120.95999908447266,121.23999786376953,287479,0.0,0.0
2023-08-17 11:30:00-04:00,121.23999786376953,121.37000274658203,120.87000274658203,121.2300033569336,84813,0.0,0.0
2023-08-17 12:30:00-04:00,121.23999786376953,121.2699966430664,120.68499755859375,120.77999877929688,116552,0.0,0.0
2023-08-17 13:30:00-04:00,120.8052978515625,120.94000244140625,120.69999694824219,120.88999938964844,114618,0.0,0.0
2023-08-17 14:30:00-04:00,120.87000274658203,120.97000122070312,120.19999694824219,120.47000122070312,228562,0.0,0.0
2023-08-17 15:30:00-04:00,120.5,120.59500122070312,120.18000030517578,120.29000091552734,351582,0.0,0.0
2023-08-18 09:30:00-04:00,119.31999969482422,120.80000305175781,119.31999969482422,120.33999633789062,334446,0.0,0.0
2023-08-18 10:30:00-04:00,120.38999938964844,120.55000305175781,120.06500244140625,120.33999633789062,323817,0.0,0.0
2023-08-18 11:30:00-04:00,120.36000061035156,120.43000030517578,120.0199966430664,120.03500366210938,150651,0.0,0.0
2023-08-18 12:30:00-04:00,120.03500366210938,120.20989990234375,119.73999786376953,119.91999816894531,157095,0.0,0.0
2023-08-18 13:30:00-04:00,119.93000030517578,120.19000244140625,119.77999877929688,119.95999908447266,136323,0.0,0.0
2023-08-18 14:30:00-04:00,119.97000122070312,120.25,119.83999633789062,120.06999969482422,208437,0.0,0.0
2023-08-18 15:30:00-04:00,120.08000183105469,120.25,119.9000015258789,120.12000274658203,366573,0.0,0.0
2023-08-21 09:30:00-04:00,120.08999633789062,120.44000244140625,119.49500274658203,119.5,198344,0.0,0.0
2023-08-21 10:30:00-04:00,119.43000030517578,119.76000213623047,119.18499755859375,119.2300033569336,130850,0.0,0.0
2023-08-21 11:30:00-04:00,119.2300033569336,119.23999786376953,118.56999969482422,118.94999694824219,179717,0.0,0.0
2023-08-21 12:30:00-04:00,118.95999908447266,119.0999984741211,118.83000183105469,119.08999633789062,94547,0.0,0.0
2023-08-21 13:30:00-04:00,119.08000183105469,119.25,119.05999755859375,119.16000366210938,111206,0.0,0.0
2023-08-21 14:30:00-04:00,119.16999816894531,119.47000122070312,119.16500091552734,119.37000274658203,176935,0.0,0.0
2023-08-21 15:30:00-04:00,119.36499786376953,119.68000030517578,119.03500366210938,119.08999633789062,465568,0.0,0.0
2023-08-22 09:30:00-04:00,119.5999984741211,119.6500015258789,118.9000015258789,119.58000183105469,236187,0.0,0.0
2023-08-22 10:30:00-04:00,119.55999755859375,119.55999755859375,119.2300033569336,119.5199966430664,124164,0.0,0.0
2023-08-22 11:30:00-04:00,119.54000091552734,119.59500122070312,119.29000091552734,119.53500366210938,102136,0.0,0.0
2023-08-22 12:30:00-04:00,119.52999877929688,119.62000274658203,119.19999694824219,119.33999633789062,97083,0.0,0.0
2023-08-22 13:30:00-04:00,119.32499694824219,119.32499694824219,119.02999877929688,119.29000091552734,98801,0.0,0.0
2023-08-22 14:30:00-04:00,119.29000091552734,119.69999694824219,119.20999908447266,119.23999786376953,166401,0.0,0.0
2023-08-22 15:30:00-04:00,119.23999786376953,119.33999633789062,118.91999816894531,119.26000213623047,397206,0.0,0.0
2023-08-23 09:30:00-04:00,119.80000305175781,120.1050033569336,119.08999633789062,119.8499984741211,228332,0.0,0.0
2023-08-23 10:30:00-04:00,119.87000274658203,120.30999755859375,119.80999755859375,120.22000122070312,174474,0.0,0.0
2023-08-23 11:30:00-04:00,120.23999786376953,120.56500244140625,120.05999755859375,120.4000015258789,152795,0.0,0.0
2023-08-23 12:30:00-04:00,120.41000366210938,120.80000305175781,120.37999725341797,120.76499938964844,89055,0.0,0.0
2023-08-23 13:30:00-04:00,120.79000091552734,121.0199966430664,120.66600036621094,120.70999908447266,101728,0.0,0.0
2023-08-23 14:30:00-04:00,120.70500183105469,120.88999938964844,120.5,120.87999725341797,137160,0.0,0.0
2023-08-23 15:30:00-04:00,120.87000274658203,120.87999725341797,120.27999877929688,120.41999816894531,404591,0.0,0.0
2023-08-24 09:30:00-04:00,120.41999816894531,121.30000305175781,120.20999908447266,121.04000091552734,206881,0.0,0.0
2023-08-24 10:30:00-04:00,121.0199966430664,121.05999755859375,120.52999877929688,120.58000183105469,189785,0.0,0.0
2023-08-24 11:30:00-04:00,120.58000183105469,120.88999938964844,120.41000366210938,120.77999877929688,156052,0.0,0.0
2023-08-24 12:30:00-04:00,120.80999755859375,120.9749984741211,120.6500015258789,120.6500015258789,234298,0.0,0.0
2023-08-24 13:30:00-04:00,120.65499877929688,120.8499984741211,120.65499877929688,120.73999786376953,197107,0.0,0.0
2023-08-24 14:30:00-04:00,120.73999786376953,121.0,120.58000183105469,120.97000122070312,321946,0.0,0.0
2023-08-24 15:30:00-04:00,120.97000122070312,121.05999755859375,120.62999725341797,120.62999725341797,461713,0.0,0.0
2023-08-25 09:30:00-04:00,121.33999633789062,121.94000244140625,120.77999877929688,121.31999969482422,372734,0.0,0.0
2023-08-25 10:30:00-04:00,121.30999755859375,121.37000274658203,120.55000305175781,121.16000366210938,274016,0.0,0.0
2023-08-25 11:30:00-04:00,121.15499877929688,121.56999969482422,121.08999633789062,121.44000244140625,134234,0.0,0.0
2023-08-25 12:30:00-04:00,121.44999694824219,121.70999908447266,121.4000015258789,121.51000213623047,129447,0.0,0.0
2023-08-25 13:30:00-04:00,121.52999877929688,121.81999969482422,121.12000274658203,121.80000305175781,128690,0.0,0.0
2023-08-25 14:30:00-04:00,121.81999969482422,122.01000213623047,121.61000061035156,121.8550033569336,169775,0.0,0.0
2023-08-25 15:30:00-04:00,121.86000061035156,121.88899993896484,121.41000366210938,121.51000213623047,346551,0.0,0.0
2023-08-28 09:30:00-04:00,122.05999755859375,122.68000030517578,122.01000213623047,122.44000244140625,149964,0.0,0.0
2023-08-28 10:30:00-04:00,122.4800033569336,122.5199966430664,121.9800033569336,122.0199966430664,109905,0.0,0.0
2023-08-28 11:30:00-04:00,122.02999877929688,122.30999755859375,121.98999786376953,122.23999786376953,123493,0.0,0.0
2023-08-28 12:30:00-04:00,122.23999786376953,122.48999786376953,122.08100128173828,122.32499694824219,89358,0.0,0.0
2023-08-28 13:30:00-04:00,122.3499984741211,122.38500213623047,121.87000274658203,121.88500213623047,89425,0.0,0.0
2023-08-28 14:30:00-04:00,121.86000061035156,122.31999969482422,121.79000091552734,122.31999969482422,142786,0.0,0.0
2023-08-28 15:30:00-04:00,122.27999877929688,122.83000183105469,122.26000213623047,122.74700164794922,320659,0.0,0.0
2023-08-29 09:30:00-04:00,122.62999725341797,123.23999786376953,122.43499755859375,122.56999969482422,206662,0.0,0.0
2023-08-29 10:30:00-04:00,122.56999969482422,122.67500305175781,122.12000274658203,122.51000213623047,185517,0.0,0.0
2023-08-29 11:30:00-04:00,122.52999877929688,123.01000213623047,122.51000213623047,122.98999786376953,98718,0.0,0.0
2023-08-29 12:30:00-04:00,123.01000213623047,123.1500015258789,122.94999694824219,123.0,83713,0.0,0.0
2023-08-29 13:30:00-04:00,122.98999786376953,123.05999755859375,122.62000274658203,122.66999816894531,118788,0.0,0.0
2023-08-29 14:30:00-04:00,122.69999694824219,122.88999938964844,122.5999984741211,122.7665023803711,156529,0.0,0.0
2023-08-29 15:30:00-04:00,122.79000091552734,122.91999816894531,122.62000274658203,122.68000030517578,278706,0.0,0.0
2023-08-30 09:30:00-04:00,122.51000213623047,122.97000122070312,121.875,121.88500213623047,331571,0.0,0.0
2023-08-30 10:30:00-04:00,121.90499877929688,122.44999694824219,121.9000015258789,122.44999694824219,200667,0.0,0.0
2023-08-30 11:30:00-04:00,122.44499969482422,122.58000183105469,122.3499984741211,122.55999755859375,167924,0.0,0.0
2023-08-30 12:30:00-04:00,122.56999969482422,122.69000244140625,122.45999908447266,122.58999633789062,123319,0.0,0.0
2023-08-30 13:30:00-04:00,122.5999984741211,122.78500366210938,122.44999694824219,122.44999694824219,117613,0.0,0.0
2023-08-30 14:30:00-04:00,122.44999694824219,122.75499725341797,122.41000366210938,122.58000183105469,184546,0.0,0.0
2023-08-30 15:30:00-04:00,122.58499908447266,122.7699966430664,122.45999908447266,122.5989990234375,318023,0.0,0.0
2023-08-31 09:30:00-04:00,122.75,122.97000122070312,122.05999755859375,122.19000244140625,244063,0.0,0.0
2023-08-31 10:30:00-04:00,122.13999938964844,122.33999633789062,121.9800033569336,122.11000061035156,189760,0.0,0.0
2023-08-31 11:30:00-04:00,122.1050033569336,122.18000030517578,121.77999877929688,121.93000030517578,146264,0.0,0.0
2023-08-31 12:30:00-04:00,121.91999816894531,121.9800033569336,121.76000213623047,121.91000366210938,124603,0.0,0.0
2023-08-31 13:30:00-04:00,121.93000030517578,121.94000244140625,121.5199966430664,121.53500366210938,166296,0.0,0.0
2023-08-31 14:30:00-04:00,121.51000213623047,121.54000091552734,120.9800033569336,121.2699966430664,212390,0.0,0.0
2023-08-31 15:30:00-04:00,121.27999877929688,121.68000030517578,121.22000122070312,121.33999633789062,395082,0.0,0.0
2023-09-01 09:30:00-04:00,122.22000122070312,122.68499755859375,121.51000213623047,122.54000091552734,216131,0.0,0.0
2023-09-01 10:30:00-04:00,122.58000183105469,122.77749633789062,122.38999938964844,122.56999969482422,268794,0.0,0.0
2023-09-01 11:30:00-04:00,122.58999633789062,122.5999984741211,122.16000366210938,122.38999938964844,141401,0.0,0.0
2023-09-01 12:30:00-04:00,122.38999938964844,122.52999877929688,122.2874984741211,122.38999938964844,156838,0.0,0.0
2023-09-01 13:30:00-04:00,122.41999816894531,122.75499725341797,122.37000274658203,122.66000366210938,146043,0.0,0.0
2023-09-01 14:30:00-04:00,122.67500305175781,123.0,122.58000183105469,122.98999786376953,174335,0.0,0.0
2023-09-01 15:30:00-04:00,122.98999786376953,123.02999877929688,122.66500091552734,122.80999755859375,315005,0.0,0.0
2023-09-05 09:30:00-04:00,122.77999877929688,123.62999725341797,121.62000274658203,122.0199966430664,338878,0.0,0.0
2023-09-05 10:30:00-04:00,122.0250015258789,122.20999908447266,121.88999938964844,122.00499725341797,187258,0.0,0.0
2023-09-05 11:30:00-04:00,122.0199966430664,122.06999969482422,121.6500015258789,122.01499938964844,156466,0.0,0.0
2023-09-05 12:30:00-04:00,122.02999877929688,122.08000183105469,121.69000244140625,121.88999938964844,158552,0.0,0.0
2023-09-05 13:30:00-04:00,121.9000015258789,122.0,121.7699966430664,121.9800033569336,163871,0.0,0.0
2023-09-05 14:30:00-04:00,121.98500061035156,122.12999725341797,121.82499694824219,121.91960144042969,217466,0.0,0.0
2023-09-05 15:30:00-04:00,121.93000030517578,122.1500015258789,121.79000091552734,121.79000091552734,324322,0.0,0.0
2023-09-06 09:30:00-04:00,121.9000015258789,122.9749984741211,121.71499633789062,122.45050048828125,292450,0.0,0.0
2023-09-06 10:30:00-04:00,122.45999908447266,122.5999984741211,122.05999755859375,122.19000244140625,175385,0.0,0.0
2023-09-06 11:30:00-04:00,122.18000030517578,122.30999755859375,121.97109985351562,122.06999969482422,117923,0.0,0.0
2023-09-06 12:30:00-04:00,122.06500244140625,122.0999984741211,121.83999633789062,121.9800033569336,108387,0.0,0.0
2023-09-06 13:30:00-04:00,121.9800033569336,122.31999969482422,121.94999694824219,122.26000213623047,131210,0.0,0.0
2023-09-06 14:30:00-04:00,122.29000091552734,122.67500305175781,122.25,122.6500015258789,177285,0.0,0.0
2023-09-06 15:30:00-04:00,122.6500015258789,122.7300033569336,122.38999938964844,122.51000213623047,420557,0.0,0.0
2023-09-07 09:30:00-04:00,122.57499694824219,123.3499984741211,122.1500015258789,122.31500244140625,293837,0.0,0.0
2023-09-07 10:30:00-04:00,122.31500244140625,123.0999984741211,122.23999786376953,122.625,205286,0.0,0.0
2023-09-07 11:30:00-04:00,122.55500030517578,123.26000213623047,122.5,123.23999786376953,188809,0.0,0.0
2023-09-07 12:30:00-04:00,123.26000213623047,123.26850128173828,122.87000274658203,122.96499633789062,178597,0.0,0.0
2023-09-07 13:30:00-04:00,122.94999694824219,122.9800033569336,122.7750015258789,122.78199768066406,130105,0.0,0.0
2023-09-07 14:30:00-04:00,122.7699966430664,122.94999694824219,122.69000244140625,122.94000244140625,215262,0.0,0.0
2023-09-07 15:30:00-04:00,122.94000244140625,123.2300033569336,122.83000183105469,123.08999633789062,451987,0.0,0.0
2023-09-08 09:30:00-04:00,123.26000213623047,123.73999786376953,122.36499786376953,122.48999786376953,234939,0.0,0.0
2023-09-08 10:30:00-04:00,122.51000213623047,122.92500305175781,122.51000213623047,122.61000061035156,144283,0.0,0.0
2023-09-08 11:30:00-04:00,122.58999633789062,122.73999786376953,122.41500091552734,122.59500122070312,145478,0.0,0.0
2023-09-08 12:30:00-04:00,122.58000183105469,122.58000183105469,122.0,122.05000305175781,156440,0.0,0.0
2023-09-08 13:30:00-04:00,122.05000305175781,122.19999694824219,121.7750015258789,121.7750015258789,199475,0.0,0.0
2023-09-08 14:30:00-04:00,121.76000213623047,121.79000091552734,121.2750015258789,121.30500030517578,365664,0.0,0.0
2023-09-08 15:30:00-04:00,121.30999755859375,121.6500015258789,121.25499725341797,121.61499786376953,529736,0.0,0.0
2023-09-11 09:30:00-04:00,121.73999786376953,122.44999694824219,121.61000061035156,122.08999633789062,260990,0.0,0.0
2023-09-11 10:30:00-04:00,122.06999969482422,122.08000183105469,121.4800033569336,121.70999908447266,180222,0.0,0.0
2023-09-11 11:30:00-04:00,121.69000244140625,121.69000244140625,121.3499984741211,121.5199966430664,164130,0.0,0.0
2023-09-11 12:30:00-04:00,121.5199966430664,121.58999633789062,121.37000274658203,121.58000183105469,146389,0.0,0.0
2023-09-11 13:30:00-04:00,121.58499908447266,121.77999877929688,121.5199966430664,121.7699966430664,150026,0.0,0.0
2023-09-11 14:30:00-04:00,121.77999877929688,121.83999633789062,121.66999816894531,121.7699966430664,261104,0.0,0.0
2023-09-11 15:30:00-04:00,121.77999877929688,121.86000061035156,121.4800033569336,121.69999694824219,517583,0.0,0.0
2023-09-12 09:30:00-04:00,121.51000213623047,122.36000061035156,120.94999694824219,121.52999877929688,353892,0.0,0.0
2023-09-12 10:30:00-04:00,121.5,121.87000274658203,121.38999938964844,121.86499786376953,195757,0.0,0.0
2023-09-12 11:30:00-04:00,121.86000061035156,122.19499969482422,121.79660034179688,121.94000244140625,173888,0.0,0.0
2023-09-12 12:30:00-04:00,121.91999816894531,121.9800033569336,121.80000305175781,121.8499984741211,196620,0.0,0.0
2023-09-12 13:30:00-04:00,121.86000061035156,121.94499969482422,121.6500015258789,121.68710327148438,247294,0.0,0.0
2023-09-12 14:30:00-04:00,121.68000030517578,121.79000091552734,121.19999694824219,121.26000213623047,289825,0.0,0.0
2023-09-12 15:30:00-04:00,121.26499938964844,121.66000366210938,121.26499938964844,121.6500015258789,465024,0.0,0.0
2023-09-13 09:30:00-04:00,121.41000366210938,121.68000030517578,120.76000213623047,121.54000091552734,195251,0.0,0.0
2023-09-13 10:30:00-04:00,121.54000091552734,121.61000061035156,121.26000213623047,121.3550033569336,189964,0.0,0.0
2023-09-13 11:30:00-04:00,121.33999633789062,121.37000274658203,120.91999816894531,121.01570129394531,293512,0.0,0.0
2023-09-13 12:30:00-04:00,121.00499725341797,121.1863021850586,120.93000030517578,121.06999969482422,199873,0.0,0.0
2023-09-13 13:30:00-04:00,121.08000183105469,121.16000366210938,120.88999938964844,121.08999633789062,199407,0.0,0.0
2023-09-13 14:30:00-04:00,121.0999984741211,121.0999984741211,120.4800033569336,120.88999938964844,275932,0.0,0.0
2023-09-13 15:30:00-04:00,120.9000015258789,121.36000061035156,120.88999938964844,121.30999755859375,527508,0.0,0.0
2023-09-14 09:30:00-04:00,121.95999908447266,122.16999816894531,121.26000213623047,121.45449829101562,207549,0.0,0.0
2023-09-14 10:30:00-04:00,121.45999908447266,121.76000213623047,121.33999633789062,121.69499969482422,173720,0.0,0.0
2023-09-14 11:30:00-04:00,121.69499969482422,121.94999694824219,121.55049896240234,121.93000030517578,123663,0.0,0.0
2023-09-14 12:30:00-04:00,121.94000244140625,122.11000061035156,121.91000366210938,121.9800033569336,98249,0.0,0.0
2023-09-14 13:30:00-04:00,121.9833984375,122.22000122070312,121.9833984375,122.1449966430664,93936,0.0,0.0
2023-09-14 14:30:00-04:00,122.16000366210938,122.59500122070312,122.01499938964844,122.05000305175781,246213,0.0,0.0
2023-09-14 15:30:00-04:00,122.02999877929688,122.3499984741211,122.0199966430664,122.22000122070312,391545,0.0,0.0
2023-09-15 09:30:00-04:00,121.31999969482422,122.61499786376953,120.91999816894531,122.58000183105469,658685,0.0,0.0
2023-09-15 10:30:00-04:00,122.51000213623047,122.57990264892578,121.7699966430664,122.11000061035156,223893,0.0,0.0
2023-09-15 11:30:00-04:00,122.08000183105469,122.25,121.94049835205078,122.12999725341797,112553,0.0,0.0
2023-09-15 12:30:00-04:00,122.13999938964844,122.16500091552734,121.45500183105469,121.5,127285,0.0,0.0
2023-09-15 13:30:00-04:00,121.46499633789062,122.01000213623047,121.37000274658203,121.4000015258789,193472,0.0,0.0
2023-09-15 14:30:00-04:00,121.4000015258789,121.6500015258789,121.20999908447266,121.21499633789062,352458,0.0,0.0
2023-09-15 15:30:00-04:00,121.2300033569336,121.2699966430664,120.91999816894531,121.06999969482422,969170,0.0,0.0
2023-09-18 09:30:00-04:00,121.05000305175781,121.12000274658203,120.16999816894531,120.58999633789062,216737,0.0,0.0
2023-09-18 10:30:00-04:00,120.56999969482422,121.03070068359375,120.56500244140625,120.88999938964844,188256,0.0,0.0
2023-09-18 11:30:00-04:00,120.90499877929688,121.02999877929688,120.86499786376953,120.95999908447266,147936,0.0,0.0
2023-09-18 12:30:00-04:00,120.95999908447266,121.01000213623047,120.87000274658203,120.95999908447266,118912,0.0,0.0
2023-09-18 13:30:00-04:00,120.9749984741211,121.36499786376953,120.9749984741211,121.08000183105469,183432,0.0,0.0
2023-09-18 14:30:00-04:00,121.08000183105469,121.2699966430664,121.05000305175781,121.10929870605469,179591,0.0,0.0
2023-09-18 15:30:00-04:00,121.08999633789062,121.27999877929688,120.95010375976562,121.19999694824219,320199,0.0,0.0
2023-09-19 09:30:00-04:00,121.13999938964844,121.33999633789062,120.72000122070312,120.91999816894531,173479,0.0,0.0
2023-09-19 10:30:00-04:00,120.94000244140625,120.94999694824219,120.29000091552734,120.43000030517578,115780,0.0,0.0
2023-09-19 11:30:00-04:00,120.41999816894531,120.5199966430664,120.31999969482422,120.37000274658203,112657,0.0,0.0
2023-09-19 12:30:00-04:00,120.37000274658203,120.4000015258789,120.12999725341797,120.38999938964844,116243,0.0,0.0
2023-09-19 13:30:00-04:00,120.43000030517578,120.51000213623047,120.33999633789062,120.44000244140625,113331,0.0,0.0
2023-09-19 14:30:00-04:00,120.44000244140625,120.80999755859375,120.44000244140625,120.75,163263,0.0,0.0
2023-09-19 15:30:00-04:00,120.75499725341797,120.8499984741211,120.61000061035156,120.70999908447266,319061,0.0,0.0
2023-09-20 09:30:00-04:00,120.76000213623047,121.08000183105469,120.44999694824219,120.86499786376953,136362,0.0,0.0
2023-09-20 10:30:00-04:00,120.83999633789062,121.26000213623047,120.80999755859375,121.19999694824219,190386,0.0,0.0
2023-09-20 11:30:00-04:00,121.19499969482422,121.22000122070312,120.94100189208984,121.11499786376953,128257,0.0,0.0
2023-09-20 12:30:00-04:00,121.12999725341797,121.2300033569336,121.07949829101562,121.12999725341797,72046,0.0,0.0
2023-09-20 13:30:00-04:00,121.1500015258789,121.18000030517578,120.55999755859375,120.6050033569336,89395,0.0,0.0
2023-09-20 14:30:00-04:00,120.58000183105469,120.81999969482422,119.87000274658203,120.02999877929688,174945,0.0,0.0
2023-09-20 15:30:00-04:00,120.00499725341797,120.00499725341797,119.56999969482422,119.69000244140625,318867,0.0,0.0
2023-09-21 09:30:00-04:00,119.04000091552734,119.12999725341797,118.01000213623047,118.02999877929688,362833,0.0,0.0
2023-09-21 10:30:00-04:00,118.0199966430664,118.05999755859375,117.58999633789062,117.625,276127,0.0,0.0
2023-09-21 11:30:00-04:00,117.63999938964844,117.9000015258789,117.1050033569336,117.19229888916016,228811,0.0,0.0
2023-09-21 12:30:00-04:00,117.1500015258789,117.87999725341797,117.08000183105469,117.8499984741211,368881,0.0,0.0
2023-09-21 13:30:00-04:00,117.86000061035156,117.91000366210938,117.44010162353516,117.44010162353516,209595,0.0,0.0
2023-09-21 14:30:00-04:00,117.44999694824219,117.52999877929688,117.18000030517578,117.25,275431,0.0,0.0
2023-09-21 15:30:00-04:00,117.25,117.27999877929688,116.66000366210938,116.69999694824219,899326,0.0,0.0
2023-09-22 09:30:00-04:00,116.73999786376953,116.94999694824219,115.63999938964844,116.33499908447266,382511,0.0,0.0
2023-09-22 10:30:00-04:00,116.33499908447266,116.63999938964844,116.31500244140625,116.51200103759766,262941,0.0,0.0
2023-09-22 11:30:00-04:00,116.5,116.83000183105469,116.3499984741211,116.43000030517578,151670,0.0,0.0
2023-09-22 12:30:00-04:00,116.44999694824219,116.55989837646484,116.2300033569336,116.30999755859375,147657,0.0,0.0
2023-09-22 13:30:00-04:00,116.30000305175781,116.62999725341797,116.22000122070312,116.3499984741211,174089,0.0,0.0
2023-09-22 14:30:00-04:00,116.33999633789062,116.91000366210938,116.30000305175781,116.83000183105469,260152,0.0,0.0
2023-09-22 15:30:00-04:00,116.8499984741211,116.87000274658203,116.04000091552734,116.08000183105469,422184,0.0,0.0
2023-09-25 09:30:00-04:00,115.63999938964844,116.22000122070312,115.62000274658203,115.7699966430664,160333,0.0,0.0
2023-09-25 10:30:00-04:00,115.72000122070312,115.95999908447266,115.45999908447266,115.91000366210938,167152,0.0,0.0
2023-09-25 11:30:00-04:00,115.91000366210938,116.37999725341797,115.87999725341797,116.25,165748,0.0,0.0
2023-09-25 12:30:00-04:00,116.26499938964844,116.29000091552734,115.81999969482422,115.93000030517578,115072,0.0,0.0
2023-09-25 13:30:00-04:00,115.9000015258789,116.30000305175781,115.9000015258789,116.0199966430664,161401,0.0,0.0
2023-09-25 14:30:00-04:00,116.0,116.2300033569336,115.88999938964844,116.08000183105469,189829,0.0,0.0
2023-09-25 15:30:00-04:00,116.06999969482422,116.2300033569336,115.9800033569336,116.08999633789062,256432,0.0,0.0
2023-09-26 09:30:00-04:00,115.27999877929688,115.95999908447266,114.86000061035156,115.19999694824219,196341,0.0,0.0
2023-09-26 10:30:00-04:00,115.19999694824219,115.19999694824219,114.5,114.58000183105469,203672,0.0,0.0
2023-09-26 11:30:00-04:00,114.58000183105469,114.76000213623047,114.55000305175781,114.6500015258789,230255,0.0,0.0
2023-09-26 12:30:00-04:00,114.69999694824219,115.08499908447266,114.5999984741211,114.72000122070312,194425,0.0,0.0
2023-09-26 13:30:00-04:00,114.69999694824219,114.79499816894531,114.51000213623047,114.75,167445,0.0,0.0
2023-09-26 14:30:00-04:00,114.73999786376953,114.86000061035156,114.66999816894531,114.73999786376953,213595,0.0,0.0
2023-09-26 15:30:00-04:00,114.75,114.94000244140625,114.54000091552734,114.55999755859375,503059,0.0,0.0
2023-09-27 09:30:00-04:00,114.86000061035156,115.40499877929688,114.30000305175781,114.37000274658203,204501,0.0,0.0
2023-09-27 10:30:00-04:00,114.3949966430664,114.3949966430664,113.33999633789062,113.38999938964844,272866,0.0,0.0
2023-09-27 11:30:00-04:00,113.4000015258789,113.61000061035156,112.7699966430664,113.08499908447266,432919,0.0,0.0
2023-09-27 12:30:00-04:00,113.0999984741211,113.2699966430664,112.58999633789062,112.6406021118164,334206,0.0,0.0
2023-09-27 13:30:00-04:00,112.63999938964844,112.87000274658203,112.4000015258789,112.75,273809,0.0,0.0
2023-09-27 14:30:00-04:00,112.76000213623047,113.45999908447266,112.76000213623047,113.19999694824219,472686,0.0,0.0
2023-09-27 15:30:00-04:00,113.19999694824219,113.25,112.73989868164062,113.19000244140625,609427,0.0,0.0
2023-09-28 09:30:00-04:00,113.25,113.90499877929688,113.01000213623047,113.24500274658203,284851,0.0,0.0
2023-09-28 10:30:00-04:00,113.24500274658203,113.51000213623047,113.01000213623047,113.38500213623047,393003,0.0,0.0
2023-09-28 11:30:00-04:00,113.41000366210938,113.9000015258789,113.37999725341797,113.83000183105469,393352,0.0,0.0
2023-09-28 12:30:00-04:00,113.83999633789062,113.9000015258789,113.37999725341797,113.38500213623047,247962,0.0,0.0
2023-09-28 13:30:00-04:00,113.38999938964844,113.5999984741211,113.22000122070312,113.48999786376953,210734,0.0,0.0
2023-09-28 14:30:00-04:00,113.45500183105469,113.7249984741211,113.16000366210938,113.68000030517578,253584,0.0,0.0
2023-09-28 15:30:00-04:00,113.68000030517578,113.71499633789062,113.33999633789062,113.55000305175781,391957,0.0,0.0
2023-09-29 09:30:00-04:00,114.0,114.31999969482422,112.93000030517578,113.02999877929688,373224,0.0,0.0
2023-09-29 10:30:00-04:00,113.01000213623047,113.66000366210938,112.98999786376953,113.47100067138672,302754,0.0,0.0
2023-09-29 11:30:00-04:00,113.45459747314453,113.54499816894531,113.0,113.13500213623047,130399,0.0,0.0
2023-09-29 12:30:00-04:00,113.13500213623047,113.22000122070312,112.69999694824219,112.87000274658203,172944,0.0,0.0
2023-09-29 13:30:00-04:00,112.87000274658203,113.01000213623047,112.55000305175781,112.55999755859375,151269,0.0,0.0
2023-09-29 14:30:00-04:00,112.58999633789062,113.13999938964844,112.52999877929688,112.90750122070312,171224,0.0,0.0
2023-09-29 15:30:00-04:00,112.9000015258789,113.19000244140625,112.73999786376953,112.9800033569336,415446,0.0,0.0
2023-10-02 09:30:00-04:00,112.08999633789062,113.3499984741211,111.79000091552734,112.93000030517578,395835,0.0,0.0
2023-10-02 10:30:00-04:00,112.96499633789062,113.36000061035156,112.5199966430664,113.29000091552734,199382,0.0,0.0
2023-10-02 11:30:00-04:00,113.32499694824219,113.33499908447266,112.51000213623047,112.64779663085938,196583,0.0,0.0
2023-10-02 12:30:00-04:00,112.65499877929688,112.9800033569336,112.4800033569336,112.94000244140625,220376,0.0,0.0
2023-10-02 13:30:00-04:00,112.94999694824219,113.30000305175781,112.77999877929688,112.94000244140625,217905,0.0,0.0
2023-10-02 14:30:00-04:00,112.92500305175781,112.98999786376953,112.72000122070312,112.8499984741211,212205,0.0,0.0
2023-10-02 15:30:00-04:00,112.8499984741211,112.91500091552734,112.6449966430664,112.8499984741211,433586,0.0,0.0
2023-10-03 09:30:00-04:00,111.94000244140625,112.16500091552734,110.87000274658203,110.91000366210938,303849,0.0,0.0
2023-10-03 10:30:00-04:00,110.9000015258789,111.08999633789062,110.4800033569336,110.55500030517578,274235,0.0,0.0
2023-10-03 11:30:00-04:00,110.5199966430664,110.70999908447266,110.26000213623047,110.68000030517578,192615,0.0,0.0
2023-10-03 12:30:00-04:00,110.69499969482422,111.16999816894531,110.55999755859375,111.06999969482422,172611,0.0,0.0
2023-10-03 13:30:00-04:00,111.05500030517578,111.19000244140625,110.16000366210938,110.41999816894531,198152,0.0,0.0
2023-10-03 14:30:00-04:00,110.43000030517578,110.80500030517578,110.22000122070312,110.37000274658203,357388,0.0,0.0
2023-10-03 15:30:00-04:00,110.37000274658203,111.12000274658203,110.25,111.08000183105469,732560,0.0,0.0
2023-10-04 09:30:00-04:00,111.27999877929688,112.26000213623047,110.41999816894531,111.29000091552734,317157,0.0,0.0
2023-10-04 10:30:00-04:00,111.26000213623047,112.19000244140625,111.23999786376953,112.04000091552734,410648,0.0,0.0
2023-10-04 11:30:00-04:00,112.04000091552734,112.38500213623047,111.8499984741211,112.33499908447266,259246,0.0,0.0
2023-10-04 12:30:00-04:00,112.33000183105469,112.55999755859375,112.02999877929688,112.08000183105469,234494,0.0,0.0
2023-10-04 13:30:00-04:00,112.11000061035156,112.19999694824219,111.79000091552734,111.98999786376953,189273,0.0,0.0
2023-10-04 14:30:00-04:00,112.01000213623047,112.62000274658203,111.87999725341797,112.55000305175781,303757,0.0,0.0
2023-10-04 15:30:00-04:00,112.55999755859375,113.08999633789062,112.54000091552734,112.91999816894531,600721,0.0,0.0
2023-10-05 09:30:00-04:00,112.7300033569336,113.2300033569336,112.23500061035156,112.36000061035156,229250,0.0,0.0
2023-10-05 10:30:00-04:00,112.34500122070312,112.3949966430664,111.77999877929688,112.05000305175781,208954,0.0,0.0
2023-10-05 11:30:00-04:00,112.02999877929688,112.93000030517578,111.9000015258789,112.88999938964844,333116,0.0,0.0
2023-10-05 12:30:00-04:00,112.8949966430664,113.0199966430664,112.41999816894531,112.69499969482422,194551,0.0,0.0
2023-10-05 13:30:00-04:00,112.70999908447266,113.02999877929688,112.61000061035156,112.97000122070312,283170,0.0,0.0
2023-10-05 14:30:00-04:00,112.9800033569336,113.33999633789062,112.84500122070312,113.08000183105469,427485,0.0,0.0
2023-10-05 15:30:00-04:00,113.08000183105469,113.22000122070312,112.94000244140625,113.1500015258789,433462,0.0,0.0
2023-10-06 09:30:00-04:00,113.25,113.5,112.76000213623047,113.27999877929688,240393,0.0,0.0
2023-10-06 10:30:00-04:00,113.33000183105469,114.11000061035156,113.25,114.11000061035156,165296,0.0,0.0
2023-10-06 11:30:00-04:00,114.16999816894531,114.94999694824219,114.16000366210938,114.33999633789062,183173,0.0,0.0
2023-10-06 12:30:00-04:00,114.33499908447266,114.44000244140625,114.0999984741211,114.33999633789062,193649,0.0,0.0
2023-10-06 13:30:00-04:00,114.36499786376953,114.62000274658203,114.2300033569336,114.57499694824219,154501,0.0,0.0
2023-10-06 14:30:00-04:00,114.58000183105469,114.91999816894531,114.51000213623047,114.62000274658203,244247,0.0,0.0
2023-10-06 15:30:00-04:00,114.62000274658203,114.66999816894531,113.97000122070312,114.04000091552734,420853,0.0,0.0
2023-10-09 09:30:00-04:00,112.63999938964844,114.11000061035156,112.63999938964844,113.66500091552734,273174,0.0,0.0
2023-10-09 10:30:00-04:00,113.69000244140625,114.12999725341797,113.19000244140625,114.08000183105469,194696,0.0,0.0
2023-10-09 11:30:00-04:00,114.0999984741211,114.2750015258789,113.91500091552734,114.01000213623047,159780,0.0,0.0
2023-10-09 12:30:00-04:00,114.01000213623047,114.15499877929688,113.93000030517578,114.13999938964844,154598,0.0,0.0
2023-10-09 13:30:00-04:00,114.16999816894531,114.7240982055664,114.16000366210938,114.61000061035156,209811,0.0,0.0
2023-10-09 14:30:00-04:00,114.62000274658203,114.83000183105469,114.4000015258789,114.43000030517578,231066,0.0,0.0
2023-10-09 15:30:00-04:00,114.43000030517578,114.43000030517578,114.12999725341797,114.37000274658203,378738,0.0,0.0
2023-10-10 09:30:00-04:00,114.5199966430664,115.18000030517578,113.91999816894531,115.06999969482422,171875,0.0,0.0
2023-10-10 10:30:00-04:00,115.05000305175781,115.13999938964844,114.7699966430664,114.93499755859375,122674,0.0,0.0
2023-10-10 11:30:00-04:00,114.93000030517578,115.0199966430664,114.82499694824219,114.94000244140625,175122,0.0,0.0
2023-10-10 12:30:00-04:00,114.94999694824219,114.97000122070312,114.48999786376953,114.68000030517578,150501,0.0,0.0
2023-10-10 13:30:00-04:00,114.69999694824219,115.0,114.58999633789062,114.6854019165039,145968,0.0,0.0
2023-10-10 14:30:00-04:00,114.66000366210938,114.87999725341797,114.45999908447266,114.54499816894531,186154,0.0,0.0
2023-10-10 15:30:00-04:00,114.54000091552734,114.81999969482422,114.54000091552734,114.66999816894531,304872,0.0,0.0
2023-10-11 09:30:00-04:00,114.87000274658203,115.4800033569336,113.99500274658203,114.7300033569336,160151,0.0,0.0
2023-10-11 10:30:00-04:00,114.76000213623047,114.76000213623047,113.88999938964844,114.05999755859375,200574,0.0,0.0
2023-10-11 11:30:00-04:00,114.0250015258789,114.17500305175781,113.56999969482422,113.61000061035156,139648,0.0,0.0
2023-10-11 12:30:00-04:00,113.58999633789062,113.69999694824219,112.85399627685547,112.86000061035156,311690,0.0,0.0
2023-10-11 13:30:00-04:00,112.8499984741211,113.04000091552734,112.67500305175781,112.95999908447266,325754,0.0,0.0
2023-10-11 14:30:00-04:00,112.97000122070312,113.37000274658203,112.95999908447266,113.35009765625,291211,0.0,0.0
2023-10-11 15:30:00-04:00,113.36000061035156,113.73999786376953,113.23999786376953,113.54499816894531,334469,0.0,0.0
2023-10-12 09:30:00-04:00,113.27999877929688,113.95999908447266,112.93000030517578,113.5,209530,0.0,0.0
2023-10-12 10:30:00-04:00,113.5199966430664,113.83999633789062,113.47000122070312,113.7699966430664,136233,0.0,0.0
2023-10-12 11:30:00-04:00,113.75,113.95999908447266,113.47000122070312,113.8499984741211,164706,0.0,0.0
2023-10-12 12:30:00-04:00,113.86499786376953,113.86499786376953,112.68000030517578,112.68000030517578,162626,0.0,0.0
2023-10-12 13:30:00-04:00,112.66000366210938,112.73999786376953,111.94999694824219,112.41000366210938,134998,0.0,0.0
2023-10-12 14:30:00-04:00,112.38999938964844,112.79000091552734,112.3550033569336,112.76100158691406,193667,0.0,0.0
2023-10-12 15:30:00-04:00,112.80000305175781,112.9000015258789,112.56999969482422,112.66999816894531,356950,0.0,0.0
2023-10-13 09:30:00-04:00,112.47000122070312,113.3499984741211,112.44000244140625,112.7249984741211,237573,0.0,0.0
2023-10-13 10:30:00-04:00,112.74500274658203,112.88849639892578,111.88500213623047,112.16000366210938,289205,0.0,0.0
2023-10-13 11:30:00-04:00,112.16000366210938,112.77999877929688,112.12999725341797,112.75,239978,0.0,0.0
2023-10-13 12:30:00-04:00,112.7699966430664,112.80000305175781,112.19999694824219,112.22000122070312,176314,0.0,0.0
2023-10-13 13:30:00-04:00,112.20999908447266,112.58000183105469,112.0199966430664,112.36009979248047,188772,0.0,0.0
2023-10-13 14:30:00-04:00,112.37999725341797,112.87000274658203,112.2699966430664,112.43000030517578,278005,0.0,0.0
2023-10-13 15:30:00-04:00,112.44999694824219,112.5999984741211,112.29000091552734,112.5199966430664,340940,0.0,0.0
2023-10-16 09:30:00-04:00,113.91999816894531,113.97000122070312,112.8499984741211,113.61000061035156,252888,0.0,0.0
2023-10-16 10:30:00-04:00,113.61000061035156,114.02999877929688,113.61000061035156,113.87000274658203,205754,0.0,0.0
2023-10-16 11:30:00-04:00,113.8499984741211,113.85990142822266,113.66000366210938,113.80000305175781,130059,0.0,0.0
2023-10-16 12:30:00-04:00,113.80000305175781,114.06999969482422,113.45999908447266,113.7699966430664,226962,0.0,0.0
2023-10-16 13:30:00-04:00,113.78500366210938,114.01000213623047,113.66999816894531,113.81999969482422,142380,0.0,0.0
2023-10-16 14:30:00-04:00,113.80000305175781,113.87000274658203,113.66500091552734,113.80000305175781,303134,0.0,0.0
2023-10-16 15:30:00-04:00,113.80000305175781,113.87999725341797,113.52999877929688,113.55999755859375,512002,0.0,0.0
2023-10-17 09:30:00-04:00,113.05999755859375,114.7750015258789,112.80999755859375,114.625,341362,0.0,0.0
2023-10-17 10:30:00-04:00,114.63300323486328,114.87999725341797,114.38999938964844,114.76000213623047,355706,0.0,0.0
2023-10-17 11:30:00-04:00,114.7750015258789,115.37999725341797,114.70999908447266,115.30000305175781,337609,0.0,0.0
2023-10-17 12:30:00-04:00,115.30000305175781,115.31999969482422,114.81999969482422,115.12999725341797,327069,0.0,0.0
2023-10-17 13:30:00-04:00,115.12999725341797,115.13999938964844,114.79000091552734,114.95999908447266,214391,0.0,0.0
2023-10-17 14:30:00-04:00,114.94000244140625,115.12999725341797,114.6449966430664,115.11499786376953,274088,0.0,0.0
2023-10-17 15:30:00-04:00,115.12000274658203,115.18000030517578,114.91000366210938,114.99500274658203,812161,0.0,0.0
2023-10-18 09:30:00-04:00,114.8499984741211,114.87999725341797,113.05999755859375,113.72000122070312,288210,0.0,0.0
2023-10-18 10:30:00-04:00,113.66000366210938,113.94999694824219,113.61499786376953,113.7300033569336,193174,0.0,0.0
2023-10-18 11:30:00-04:00,113.69999694824219,113.87999725341797,113.5,113.61000061035156,133565,0.0,0.0
2023-10-18 12:30:00-04:00,113.62000274658203,114.12000274658203,113.33999633789062,113.86000061035156,156606,0.0,0.0
2023-10-18 13:30:00-04:00,113.8499984741211,114.02999877929688,113.47000122070312,113.5999984741211,172569,0.0,0.0
2023-10-18 14:30:00-04:00,113.58000183105469,113.70999908447266,113.16999816894531,113.23500061035156,210661,0.0,0.0
2023-10-18 15:30:00-04:00,113.23500061035156,113.3499984741211,112.9000015258789,113.11000061035156,451719,0.0,0.0
2023-10-19 09:30:00-04:00,112.9000015258789,113.83000183105469,112.43000030517578,112.55000305175781,237588,0.0,0.0
2023-10-19 10:30:00-04:00,112.46499633789062,112.68000030517578,112.27999877929688,112.6050033569336,270569,0.0,0.0
2023-10-19 11:30:00-04:00,112.62000274658203,113.16999816894531,112.43000030517578,112.66000366210938,270174,0.0,0.0
2023-10-19 12:30:00-04:00,112.66000366210938,113.4800033569336,112.02999877929688,113.0999984741211,177203,0.0,0.0
2023-10-19 13:30:00-04:00,113.02999877929688,113.05999755859375,112.08000183105469,112.23999786376953,330102,0.0,0.0
2023-10-19 14:30:00-04:00,112.22000122070312,112.22000122070312,111.58999633789062,111.66999816894531,296349,0.0,0.0
2023-10-19 15:30:00-04:00,111.69000244140625,112.16999816894531,111.58200073242188,111.95999908447266,784547,0.0,0.0
2023-10-20 09:30:00-04:00,112.86000061035156,113.2300033569336,111.12999725341797,111.25499725341797,553088,0.0,0.0
2023-10-20 10:30:00-04:00,111.25,111.62999725341797,111.16000366210938,111.30000305175781,358156,0.0,0.0
2023-10-20 11:30:00-04:00,111.31999969482422,111.75,111.16000366210938,111.5199966430664,179849,0.0,0.0
2023-10-20 12:30:00-04:00,111.54000091552734,111.66899871826172,111.25,111.55000305175781,231460,0.0,0.0
2023-10-20 13:30:00-04:00,111.56999969482422,111.77899932861328,110.9800033569336,110.98999786376953,264099,0.0,0.0
2023-10-20 14:30:00-04:00,110.9800033569336,111.19499969482422,110.5,110.68499755859375,404559,0.0,0.0
2023-10-20 15:30:00-04:00,110.68499755859375,110.77999877929688,110.26000213623047,110.5,781859,0.0,0.0
2023-10-23 09:30:00-04:00,109.66999816894531,110.5999984741211,109.11499786376953,110.30000305175781,736475,0.0,0.0
2023-10-23 10:30:00-04:00,110.29000091552734,110.76000213623047,110.19999694824219,110.72000122070312,458533,0.0,0.0
2023-10-23 11:30:00-04:00,110.70999908447266,110.9800033569336,110.37000274658203,110.62999725341797,331144,0.0,0.0
2023-10-23 12:30:00-04:00,110.62000274658203,110.88500213623047,110.19000244140625,110.2699966430664,552460,0.0,0.0
2023-10-23 13:30:00-04:00,110.26499938964844,110.55000305175781,109.83000183105469,109.9000015258789,409252,0.0,0.0
2023-10-23 14:30:00-04:00,109.9000015258789,110.30999755859375,109.72000122070312,109.81999969482422,735983,0.0,0.0
2023-10-23 15:30:00-04:00,109.80999755859375,110.2300033569336,109.55000305175781,109.58999633789062,749595,0.0,0.0
2023-10-24 09:30:00-04:00,113.13999938964844,115.5,112.41000366210938,114.69999694824219,1372966,0.0,0.0
2023-10-24 10:30:00-04:00,114.72000122070312,114.76000213623047,114.05000305175781,114.46499633789062,779513,0.0,0.0
2023-10-24 11:30:00-04:00,114.4625015258789,116.79000091552734,114.0999984741211,114.18000030517578,598638,0.0,0.0
2023-10-24 12:30:00-04:00,114.18000030517578,114.45500183105469,113.61000061035156,114.15499877929688,492599,0.0,0.0
2023-10-24 13:30:00-04:00,114.16000366210938,115.01000213623047,114.05999755859375,114.98999786376953,495014,0.0,0.0
2023-10-24 14:30:00-04:00,115.0,115.5,114.86000061035156,115.45999908447266,686956,0.0,0.0
2023-10-24 15:30:00-04:00,115.4800033569336,115.69999694824219,115.21499633789062,115.44000244140625,967912,0.0,0.0
2023-10-25 09:30:00-04:00,114.8499984741211,116.31999969482422,114.69999694824219,116.17500305175781,901645,0.0,0.0
2023-10-25 10:30:00-04:00,116.19999694824219,117.13999938964844,116.04000091552734,117.04000091552734,507870,0.0,0.0
2023-10-25 11:30:00-04:00,117.02999877929688,117.03500366210938,115.69000244140625,116.05249786376953,430492,0.0,0.0
2023-10-25 12:30:00-04:00,116.02999877929688,116.16000366210938,115.16999816894531,115.33999633789062,466880,0.0,0.0
2023-10-25 13:30:00-04:00,115.31999969482422,115.31999969482422,114.55000305175781,115.06999969482422,419268,0.0,0.0
2023-10-25 14:30:00-04:00,115.05999755859375,115.4000015258789,114.79000091552734,115.0199966430664,752675,0.0,0.0
2023-10-25 15:30:00-04:00,115.02999877929688,115.02999877929688,113.91999816894531,114.11000061035156,956737,0.0,0.0
2023-10-26 09:30:00-04:00,114.08999633789062,114.76000213623047,113.0,114.62000274658203,450283,0.0,0.0
2023-10-26 10:30:00-04:00,114.61499786376953,115.30000305175781,114.21499633789062,114.23999786376953,467545,0.0,0.0
2023-10-26 11:30:00-04:00,114.23500061035156,114.48999786376953,113.93000030517578,114.22000122070312,378179,0.0,0.0
2023-10-26 12:30:00-04:00,114.22000122070312,114.37000274658203,113.94999694824219,114.25499725341797,332958,0.0,0.0
2023-10-26 13:30:00-04:00,114.25,114.7300033569336,114.08000183105469,114.47000122070312,322481,0.0,0.0
2023-10-26 14:30:00-04:00,114.46499633789062,114.5999984741211,113.97000122070312,113.97000122070312,555671,0.0,0.0
2023-10-26 15:30:00-04:00,113.97000122070312,114.52999877929688,113.80000305175781,114.27999877929688,841888,0.0,0.0
2023-10-27 09:30:00-04:00,114.13999938964844,114.9000015258789,112.91999816894531,113.69000244140625,405443,0.0,0.0
2023-10-27 10:30:00-04:00,113.66000366210938,114.08000183105469,113.3499984741211,113.55999755859375,298744,0.0,0.0
2023-10-27 11:30:00-04:00,113.55999755859375,113.68000030517578,113.30999755859375,113.66999816894531,262365,0.0,0.0
2023-10-27 12:30:00-04:00,113.6500015258789,113.6500015258789,112.58000183105469,112.80000305175781,217935,0.0,0.0
2023-10-27 13:30:00-04:00,112.79000091552734,112.88999938964844,112.19999694824219,112.23999786376953,269725,0.0,0.0
2023-10-27 14:30:00-04:00,112.23999786376953,112.71499633789062,112.16999816894531,112.69000244140625,402764,0.0,0.0
2023-10-27 15:30:00-04:00,112.69000244140625,112.76000213623047,112.27999877929688,112.48500061035156,527796,0.0,0.0
2023-10-30 09:30:00-04:00,113.2699966430664,113.61000061035156,111.52999877929688,111.66000366210938,305658,0.0,0.0
2023-10-30 10:30:00-04:00,111.67500305175781,112.3499984741211,111.61000061035156,112.0999984741211,219914,0.0,0.0
2023-10-30 11:30:00-04:00,112.08999633789062,112.44000244140625,112.08000183105469,112.2300033569336,253798,0.0,0.0
2023-10-30 12:30:00-04:00,112.2300033569336,112.80999755859375,112.0,112.80999755859375,309589,0.0,0.0
2023-10-30 13:30:00-04:00,112.80999755859375,112.87999725341797,112.43000030517578,112.45500183105469,235236,0.0,0.0
2023-10-30 14:30:00-04:00,112.45999908447266,113.1050033569336,112.44999694824219,113.05999755859375,403029,0.0,0.0
2023-10-30 15:30:00-04:00,113.07499694824219,113.19000244140625,112.75,112.94000244140625,490129,0.0,0.0
2023-10-31 09:30:00-04:00,113.63999938964844,114.91999816894531,113.62999725341797,114.3499984741211,398972,0.0,0.0
2023-10-31 10:30:00-04:00,114.31999969482422,114.43000030517578,113.56999969482422,113.61000061035156,306510,0.0,0.0
2023-10-31 11:30:00-04:00,113.5999984741211,113.86000061035156,113.29000091552734,113.41999816894531,208815,0.0,0.0
2023-10-31 12:30:00-04:00,113.45999908447266,113.61000061035156,113.11000061035156,113.33499908447266,310567,0.0,0.0
2023-10-31 13:30:00-04:00,113.34500122070312,113.4800033569336,113.19000244140625,113.23999786376953,254454,0.0,0.0
2023-10-31 14:30:00-04:00,113.25,113.93000030517578,113.20999908447266,113.9000015258789,264696,0.0,0.0
2023-10-31 15:30:00-04:00,113.9000015258789,113.94000244140625,113.62999725341797,113.75,449725,0.0,0.0
2023-11-01 09:30:00-04:00,114.08000183105469,114.95999908447266,113.58999633789062,114.83499908447266,261996,0.0,0.0
2023-11-01 10:30:00-04:00,114.81999969482422,115.0,114.44999694824219,114.5,172113,0.0,0.0
2023-11-01 11:30:00-04:00,114.49500274658203,114.80000305175781,114.25499725341797,114.25499725341797,193752,0.0,0.0
2023-11-01 12:30:00-04:00,114.25,114.37999725341797,113.9800033569336,114.30000305175781,183966,0.0,0.0
2023-11-01 13:30:00-04:00,114.29000091552734,114.66999816894531,114.0250015258789,114.51000213623047,278579,0.0,0.0
2023-11-01 14:30:00-04:00,114.55999755859375,115.22000122070312,114.44999694824219,115.12999725341797,376588,0.0,0.0
2023-11-01 15:30:00-04:00,115.11000061035156,115.21499633789062,114.63999938964844,114.93000030517578,402281,0.0,0.0
2023-11-02 09:30:00-04:00,115.87999725341797,116.7699966430664,114.31999969482422,116.71499633789062,337612,0.0,0.0
2023-11-02 10:30:00-04:00,116.72000122070312,117.66999816894531,116.69000244140625,117.30999755859375,497068,0.0,0.0
2023-11-02 11:30:00-04:00,117.29000091552734,117.6500015258789,116.75,116.7699966430664,222844,0.0,0.0
2023-11-02 12:30:00-04:00,116.79000091552734,117.19999694824219,116.7300033569336,117.1500015258789,213018,0.0,0.0
2023-11-02 13:30:00-04:00,117.16000366210938,117.43000030517578,117.0999984741211,117.1500015258789,236886,0.0,0.0
2023-11-02 14:30:00-04:00,117.1500015258789,117.59500122070312,117.08000183105469,117.52999877929688,319822,0.0,0.0
2023-11-02 15:30:00-04:00,117.55000305175781,117.87000274658203,117.52999877929688,117.80000305175781,523464,0.0,0.0
2023-11-03 09:30:00-04:00,119.30999755859375,119.6500015258789,118.77249908447266,119.44999694824219,280715,0.0,0.0
2023-11-03 10:30:00-04:00,119.44000244140625,119.45999908447266,119.04000091552734,119.31999969482422,468971,0.0,0.0
2023-11-03 11:30:00-04:00,119.36499786376953,119.56999969482422,119.22000122070312,119.44000244140625,329778,0.0,0.0
2023-11-03 12:30:00-04:00,119.44999694824219,119.72000122070312,119.30000305175781,119.63999938964844,262624,0.0,0.0
2023-11-03 13:30:00-04:00,119.66000366210938,120.1050033569336,119.6500015258789,119.94000244140625,337225,0.0,0.0
2023-11-03 14:30:00-04:00,119.95999908447266,120.05999755859375,119.81999969482422,119.86000061035156,261877,0.0,0.0
2023-11-03 15:30:00-04:00,119.8499984741211,119.9000015258789,119.5,119.5199966430664,389207,0.0,0.0
2023-11-06 09:30:00-05:00,119.41999816894531,119.9800033569336,119.11499786376953,119.30000305175781,207733,0.0,0.0
2023-11-06 10:30:00-05:00,119.29000091552734,119.63999938964844,119.16999816894531,119.45999908447266,171413,0.0,0.0
2023-11-06 11:30:00-05:00,119.47000122070312,119.51000213623047,119.12999725341797,119.16999816894531,177317,0.0,0.0
2023-11-06 12:30:00-05:00,119.16000366210938,119.18000030517578,118.77999877929688,119.11000061035156,174778,0.0,0.0
2023-11-06 13:30:00-05:00,119.11000061035156,119.16000366210938,118.87999725341797,118.94499969482422,174615,0.0,0.0
2023-11-06 14:30:00-05:00,118.95999908447266,119.43000030517578,118.91999816894531,119.43000030517578,270673,0.0,0.0
2023-11-06 15:30:00-05:00,119.43000030517578,119.68000030517578,119.26000213623047,119.63999938964844,372074,0.0,0.0
2023-11-07 09:30:00-05:00,119.77999877929688,119.87999725341797,119.26000213623047,119.87999725341797,336531,0.0,0.0
2023-11-07 10:30:00-05:00,119.91999816894531,119.93499755859375,119.41999816894531,119.51499938964844,223720,0.0,0.0
2023-11-07 11:30:00-05:00,119.5199966430664,119.68000030517578,119.37999725341797,119.4000015258789,225895,0.0,0.0
2023-11-07 12:30:00-05:00,119.38999938964844,119.43000030517578,119.13999938964844,119.19499969482422,272108,0.0,0.0
2023-11-07 13:30:00-05:00,119.19999694824219,119.41500091552734,119.16999816894531,119.25,215629,0.0,0.0
2023-11-07 14:30:00-05:00,119.2699966430664,119.41999816894531,119.20999908447266,119.26000213623047,281742,0.0,0.0
2023-11-07 15:30:00-05:00,119.26499938964844,119.48999786376953,118.98500061035156,119.22000122070312,405691,0.0,0.0
2023-11-08 09:30:00-05:00,119.2300033569336,119.91000366210938,118.66000366210938,119.6050033569336,287542,0.0,0.0
2023-11-08 10:30:00-05:00,119.61000061035156,120.05999755859375,119.51499938964844,120.05000305175781,225415,0.0,0.0
2023-11-08 11:30:00-05:00,120.02999877929688,120.19999694824219,119.6500015258789,119.8949966430664,313653,0.0,0.0
2023-11-08 12:30:00-05:00,119.86000061035156,120.44000244140625,119.51000213623047,120.43000030517578,471390,0.0,0.0
2023-11-08 13:30:00-05:00,120.44499969482422,120.72000122070312,120.09500122070312,120.15499877929688,218839,0.0,0.0
2023-11-08 14:30:00-05:00,120.1500015258789,120.27999877929688,119.91000366210938,120.05999755859375,393108,0.0,0.0
2023-11-08 15:30:00-05:00,120.05999755859375,120.37999725341797,119.9800033569336,120.16000366210938,406677,0.0,0.0
2023-11-09 09:30:00-05:00,119.66000366210938,119.91999816894531,118.58000183105469,118.83999633789062,262458,0.0,0.0
2023-11-09 10:30:00-05:00,118.8550033569336,119.53500366210938,118.41999816894531,119.28500366210938,272184,0.0,0.0
2023-11-09 11:30:00-05:00,119.29000091552734,119.62969970703125,119.26499938964844,119.43499755859375,217093,0.0,0.0
2023-11-09 12:30:00-05:00,119.43000030517578,119.73999786376953,119.08999633789062,119.3499984741211,297108,0.0,0.0
2023-11-09 13:30:00-05:00,119.33999633789062,119.42500305175781,118.9800033569336,119.30999755859375,202388,0.0,0.0
2023-11-09 14:30:00-05:00,119.3499984741211,119.66000366210938,119.25,119.30000305175781,374077,0.0,0.0
2023-11-09 15:30:00-05:00,119.30999755859375,119.5199966430664,119.16000366210938,119.4800033569336,566421,0.0,0.0
2023-11-10 09:30:00-05:00,119.94999694824219,120.77999877929688,119.51000213623047,120.42500305175781,249492,0.0,0.0
2023-11-10 10:30:00-05:00,120.38999938964844,120.87999725341797,120.1500015258789,120.79499816894531,183647,0.0,0.0
2023-11-10 11:30:00-05:00,120.79000091552734,120.83000183105469,120.57499694824219,120.69999694824219,152755,0.0,0.0
2023-11-10 12:30:00-05:00,120.7249984741211,121.45999908447266,120.72000122070312,121.43000030517578,174578,0.0,0.0
2023-11-10 13:30:00-05:00,121.44999694824219,121.55500030517578,121.20999908447266,121.2750015258789,216246,0.0,0.0
2023-11-10 14:30:00-05:00,121.29000091552734,121.63999938964844,121.08499908447266,121.62999725341797,214125,0.0,0.0
2023-11-10 15:30:00-05:00,121.63999938964844,121.83999633789062,121.47000122070312,121.51000213623047,359841,0.0,0.0
2023-11-13 09:30:00-05:00,121.33999633789062,121.73999786376953,121.06999969482422,121.45970153808594,268569,0.0,0.0
2023-11-13 10:30:00-05:00,121.43009948730469,121.87999725341797,121.30000305175781,121.87999725341797,194211,0.0,0.0
2023-11-13 11:30:00-05:00,121.8499984741211,122.19999694824219,121.83000183105469,122.01000213623047,237822,0.0,0.0
2023-11-13 12:30:00-05:00,122.02999877929688,122.05999755859375,121.38999938964844,121.38999938964844,174492,0.0,0.0
2023-11-13 13:30:00-05:00,121.41000366210938,121.72000122070312,121.2300033569336,121.71499633789062,189139,0.0,0.0
2023-11-13 14:30:00-05:00,121.7300033569336,121.91999816894531,121.58499908447266,121.80500030517578,229163,0.0,0.0
2023-11-13 15:30:00-05:00,121.80000305175781,121.80000305175781,121.5199966430664,121.5199966430664,484942,0.0,0.0
2023-11-14 09:30:00-05:00,122.40499877929688,122.88999938964844,122.04000091552734,122.88500213623047,242242,0.0,0.0
2023-11-14 10:30:00-05:00,122.91999816894531,123.12000274658203,122.66000366210938,123.01000213623047,305854,0.0,0.0
2023-11-14 11:30:00-05:00,123.0199966430664,123.04000091552734,122.37999725341797,122.4561996459961,219339,0.0,0.0
2023-11-14 12:30:00-05:00,122.47000122070312,122.69000244140625,122.32499694824219,122.45999908447266,157180,0.0,0.0
2023-11-14 13:30:00-05:00,122.45999908447266,122.58999633789062,122.12000274658203,122.37000274658203,265929,0.0,0.0
2023-11-14 14:30:00-05:00,122.3949966430664,122.5199966430664,122.08999633789062,122.41000366210938,387868,0.0,0.0
2023-11-14 15:30:00-05:00,122.41999816894531,122.5,122.0,122.16000366210938,639589,0.0,0.0
2023-11-15 09:30:00-05:00,123.18000030517578,125.08000183105469,122.1500015258789,124.95999908447266,773345,0.0,0.0
2023-11-15 10:30:00-05:00,124.96499633789062,125.2699966430664,124.41000366210938,125.20999908447266,495960,0.0,0.0
2023-11-15 11:30:00-05:00,125.20999908447266,125.29000091552734,124.69000244140625,125.12999725341797,365043,0.0,0.0
2023-11-15 12:30:00-05:00,125.11499786376953,125.18000030517578,124.83000183105469,124.98999786376953,228030,0.0,0.0
2023-11-15 13:30:00-05:00,124.98999786376953,125.51000213623047,124.94999694824219,125.20999908447266,323729,0.0,0.0
2023-11-15 14:30:00-05:00,125.19999694824219,125.64779663085938,125.16000366210938,125.58999633789062,415457,0.0,0.0
2023-11-15 15:30:00-05:00,125.58999633789062,125.67500305175781,125.18499755859375,125.25,857792,0.0,0.0
2023-11-16 09:30:00-05:00,126.63999938964844,127.94000244140625,125.83000183105469,126.31999969482422,742540,0.0,0.0
2023-11-16 10:30:00-05:00,126.30999755859375,126.43000030517578,124.9800033569336,125.1500015258789,752933,0.0,0.0
2023-11-16 11:30:00-05:00,125.16000366210938,125.2699966430664,124.79000091552734,125.0,437414,0.0,0.0
2023-11-16 12:30:00-05:00,124.98999786376953,125.01000213623047,124.31999969482422,124.77999877929688,466379,0.0,0.0
2023-11-16 13:30:00-05:00,124.79000091552734,124.81999969482422,124.11499786376953,124.18000030517578,384039,0.0,0.0
2023-11-16 14:30:00-05:00,124.18000030517578,124.7750015258789,124.18000030517578,124.62999725341797,515619,0.0,0.0
2023-11-16 15:30:00-05:00,124.62000274658203,124.83000183105469,124.48999786376953,124.81999969482422,636532,0.0,0.0
2023-11-17 09:30:00-05:00,125.2699966430664,125.51000213623047,123.85299682617188,125.22000122070312,562376,0.0,0.0
2023-11-17 10:30:00-05:00,125.23999786376953,125.2699966430664,124.37159729003906,124.44999694824219,352073,0.0,0.0
2023-11-17 11:30:00-05:00,124.46260070800781,124.5199966430664,124.16999816894531,124.19999694824219,344678,0.0,0.0
2023-11-17 12:30:00-05:00,124.19999694824219,124.33999633789062,124.01000213623047,124.0199966430664,422108,0.0,0.0
2023-11-17 13:30:00-05:00,124.0199966430664,124.2300033569336,124.01000213623047,124.05000305175781,490888,0.0,0.0
2023-11-17 14:30:00-05:00,124.04000091552734,124.13500213623047,123.86000061035156,124.0,657253,0.0,0.0
2023-11-17 15:30:00-05:00,124.0,124.11000061035156,123.68000030517578,124.0999984741211,827233,0.0,0.0
2023-11-20 09:30:00-05:00,123.9800033569336,124.2300033569336,121.86499786376953,122.44999694824219,590437,0.0,0.0
2023-11-20 10:30:00-05:00,122.42500305175781,122.70999908447266,122.11499786376953,122.58000183105469,328425,0.0,0.0
2023-11-20 11:30:00-05:00,122.61499786376953,123.13999938964844,122.5999984741211,123.08000183105469,324776,0.0,0.0
2023-11-20 12:30:00-05:00,123.08000183105469,123.56999969482422,123.02999877929688,123.44999694824219,295432,0.0,0.0
2023-11-20 13:30:00-05:00,123.44999694824219,123.56500244140625,123.30000305175781,123.47000122070312,253880,0.0,0.0
2023-11-20 14:30:00-05:00,123.47000122070312,124.15499877929688,123.47000122070312,124.13999938964844,353569,0.0,0.0
2023-11-20 15:30:00-05:00,124.1500015258789,124.44000244140625,123.8499984741211,124.05999755859375,637471,0.0,0.0
2023-11-21 09:30:00-05:00,124.5,125.33000183105469,124.5,124.625,358090,0.0,0.0
2023-11-21 10:30:00-05:00,124.63999938964844,124.66999816894531,124.21499633789062,124.30000305175781,247676,0.0,0.0
2023-11-21 11:30:00-05:00,124.29019927978516,124.8499984741211,124.11009979248047,124.66000366210938,225541,0.0,0.0
2023-11-21 12:30:00-05:00,124.66000366210938,125.07499694824219,124.63999938964844,124.91000366210938,235873,0.0,0.0
2023-11-21 13:30:00-05:00,124.91999816894531,125.18499755859375,124.75,124.81999969482422,225774,0.0,0.0
2023-11-21 14:30:00-05:00,124.83000183105469,124.90499877929688,124.58000183105469,124.9000015258789,238521,0.0,0.0
2023-11-21 15:30:00-05:00,124.8949966430664,125.27999877929688,124.79000091552734,125.11000061035156,626877,0.0,0.0
2023-11-22 09:30:00-05:00,125.52999877929688,125.79000091552734,125.05000305175781,125.47000122070312,178256,0.0,0.0
2023-11-22 10:30:00-05:00,125.47000122070312,125.72000122070312,125.26499938964844,125.58999633789062,158430,0.0,0.0
2023-11-22 11:30:00-05:00,125.58999633789062,125.86000061035156,125.54000091552734,125.5999984741211,195950,0.0,0.0
2023-11-22 12:30:00-05:00,125.58000183105469,125.68000030517578,125.33499908447266,125.65499877929688,138793,0.0,0.0
2023-11-22 13:30:00-05:00,125.66000366210938,125.8499984741211,125.58000183105469,125.7750015258789,177715,0.0,0.0
2023-11-22 14:30:00-05:00,125.77999877929688,125.81099700927734,125.48999786376953,125.81099700927734,228836,0.0,0.0
2023-11-22 15:30:00-05:00,125.80999755859375,125.88999938964844,125.41000366210938,125.43000030517578,335241,0.0,0.0
2023-11-24 09:30:00-05:00,125.5,126.2699966430664,125.4800033569336,126.125,281904,0.0,0.0
2023-11-24 10:30:00-05:00,126.12999725341797,126.18000030517578,125.91000366210938,126.01000213623047,262240,0.0,0.0
2023-11-24 11:30:00-05:00,126.0199966430664,126.12000274658203,125.91999816894531,125.91999816894531,238489,0.0,0.0
2023-11-27 09:30:00-05:00,125.41999816894531,126.62999725341797,125.41999816894531,126.17500305175781,338601,0.0,0.0
2023-11-27 10:30:00-05:00,126.19000244140625,126.37999725341797,125.98500061035156,126.13999938964844,221811,0.0,0.0
2023-11-27 11:30:00-05:00,126.13999938964844,126.16000366210938,125.9000015258789,126.03500366210938,184058,0.0,0.0
2023-11-27 12:30:00-05:00,126.02999877929688,126.20999908447266,125.93000030517578,126.18499755859375,172075,0.0,0.0
2023-11-27 13:30:00-05:00,126.18000030517578,126.2300033569336,125.9905014038086,126.08499908447266,165080,0.0,0.0
2023-11-27 14:30:00-05:00,126.08000183105469,126.37999725341797,125.8949966430664,126.37999725341797,220974,0.0,0.0
2023-11-27 15:30:00-05:00,126.38999938964844,126.55000305175781,126.18000030517578,126.5,408196,0.0,0.0
2023-11-28 09:30:00-05:00,127.0199966430664,127.97000122070312,126.68000030517578,127.2699966430664,436360,0.0,0.0
2023-11-28 10:30:00-05:00,127.26499938964844,127.68000030517578,127.19999694824219,127.56500244140625,296319,0.0,0.0
2023-11-28 11:30:00-05:00,127.55500030517578,127.76000213623047,127.31999969482422,127.45999908447266,234156,0.0,0.0
2023-11-28 12:30:00-05:00,127.45999908447266,127.54499816894531,127.20999908447266,127.53500366210938,192990,0.0,0.0
2023-11-28 13:30:00-05:00,127.53500366210938,127.61699676513672,127.38999938964844,127.41999816894531,207596,0.0,0.0
2023-11-28 14:30:00-05:00,127.42500305175781,127.55999755859375,127.19999694824219,127.30000305175781,284191,0.0,0.0
2023-11-28 15:30:00-05:00,127.30000305175781,127.59500122070312,127.25,127.48999786376953,449354,0.0,0.0
2023-11-29 09:30:00-05:00,127.97000122070312,128.7449951171875,127.80000305175781,128.74000549316406,319169,0.0,0.0
2023-11-29 10:30:00-05:00,128.72999572753906,129.22500610351562,128.52999877929688,129.05999755859375,429878,0.0,0.0
2023-11-29 11:30:00-05:00,129.05999755859375,129.42999267578125,128.90499877929688,129.39500427246094,295979,0.0,0.0
2023-11-29 12:30:00-05:00,129.39999389648438,129.75999450683594,129.3350067138672,129.64999389648438,254456,0.0,0.0
2023-11-29 13:30:00-05:00,129.63999938964844,129.69000244140625,129.38999938964844,129.61000061035156,410119,0.0,0.0
2023-11-29 14:30:00-05:00,129.60000610351562,129.69000244140625,129.3699951171875,129.3699951171875,391711,0.0,0.0
2023-11-29 15:30:00-05:00,129.3300018310547,129.38499450683594,129.13999938964844,129.36000061035156,546604,0.0,0.0
2023-11-30 09:30:00-05:00,129.22000122070312,130.4600067138672,128.43089294433594,130.22000122070312,343005,0.0,0.0
2023-11-30 10:30:00-05:00,130.22999572753906,130.6999969482422,130.22000122070312,130.60000610351562,443487,0.0,0.0
2023-11-30 11:30:00-05:00,130.5800018310547,130.58999633789062,130.02999877929688,130.11000061035156,244000,0.0,0.0
2023-11-30 12:30:00-05:00,130.1199951171875,130.32000732421875,129.9949951171875,130.27999877929688,222439,0.0,0.0
2023-11-30 13:30:00-05:00,130.27999877929688,130.40020751953125,130.14999389648438,130.30999755859375,239831,0.0,0.0
2023-11-30 14:30:00-05:00,130.32000732421875,130.36000061035156,129.9550018310547,130.0,358522,0.0,0.0
2023-11-30 15:30:00-05:00,129.99000549316406,130.63999938964844,129.94000244140625,130.55999755859375,629440,0.0,0.0
2023-12-01 09:30:00-05:00,129.97000122070312,131.19000244140625,129.63999938964844,130.6300048828125,356397,0.0,0.0
2023-12-01 10:30:00-05:00,130.6199951171875,130.94000244140625,130.50999450683594,130.94000244140625,229128,0.0,0.0
2023-12-01 11:30:00-05:00,130.91000366210938,131.22999572753906,130.672607421875,131.2100067138672,180054,0.0,0.0
2023-12-01 12:30:00-05:00,131.19000244140625,131.25,130.6649932861328,130.7884979248047,231298,0.0,0.0
2023-12-01 13:30:00-05:00,130.7899932861328,131.14169311523438,130.57749938964844,130.9949951171875,231746,0.0,0.0
2023-12-01 14:30:00-05:00,131.0,131.11000061035156,130.75999450683594,130.97500610351562,236609,0.0,0.0
2023-12-01 15:30:00-05:00,130.97000122070312,131.02999877929688,130.55999755859375,130.61000061035156,442625,0.0,0.0
2023-12-04 09:30:00-05:00,130.11000061035156,131.4600067138672,129.8300018310547,130.47000122070312,265107,0.0,0.0
2023-12-04 10:30:00-05:00,130.4499969482422,130.50999450683594,130.00999450683594,130.4499969482422,173368,0.0,0.0
2023-12-04 11:30:00-05:00,130.44500732421875,130.4600067138672,130.19500732421875,130.4199981689453,233161,0.0,0.0
2023-12-04 12:30:00-05:00,130.4199981689453,130.57000732421875,130.27999877929688,130.3800048828125,232271,0.0,0.0
2023-12-04 13:30:00-05:00,130.36000061035156,130.5500030517578,130.30999755859375,130.4199981689453,216691,0.0,0.0
2023-12-04 14:30:00-05:00,130.4250030517578,130.50999450683594,130.21099853515625,130.2899932861328,310936,0.0,0.0
2023-12-04 15:30:00-05:00,130.2899932861328,130.44000244140625,130.1300048828125,130.36000061035156,516184,0.0,0.0
2023-12-05 09:30:00-05:00,130.75999450683594,130.99000549316406,129.7100067138672,129.92999267578125,265631,0.0,0.0
2023-12-05 10:30:00-05:00,129.94500732421875,130.53500366210938,129.8699951171875,130.3000030517578,238032,0.0,0.0
2023-12-05 11:30:00-05:00,130.30499267578125,130.41000366210938,129.66000366210938,129.85000610351562,352524,0.0,0.0
2023-12-05 12:30:00-05:00,129.85000610351562,130.2100067138672,129.60000610351562,130.09500122070312,208742,0.0,0.0
2023-12-05 13:30:00-05:00,130.10000610351562,130.19000244140625,129.92999267578125,130.11000061035156,194887,0.0,0.0
2023-12-05 14:30:00-05:00,130.1300048828125,130.4250030517578,130.05999755859375,130.32000732421875,246602,0.0,0.0
2023-12-05 15:30:00-05:00,130.32000732421875,130.4600067138672,129.97000122070312,130.4600067138672,341376,0.0,0.0
2023-12-06 09:30:00-05:00,131.0,131.7165069580078,130.25,130.46499633789062,219075,0.0,0.0
2023-12-06 10:30:00-05:00,130.49000549316406,131.27000427246094,130.0850067138672,130.94000244140625,380983,0.0,0.0
2023-12-06 11:30:00-05:00,130.91000366210938,131.0399932861328,130.5749969482422,130.77000427246094,207270,0.0,0.0
2023-12-06 12:30:00-05:00,130.77000427246094,131.13999938964844,130.65499877929688,131.13499450683594,158029,0.0,0.0
2023-12-06 13:30:00-05:00,131.1300048828125,131.39500427246094,131.0,131.22999572753906,205706,0.0,0.0
2023-12-06 14:30:00-05:00,131.25,131.35000610351562,130.77000427246094,130.94500732421875,240046,0.0,0.0
2023-12-06 15:30:00-05:00,130.94500732421875,131.1300048828125,130.64999389648438,131.1199951171875,441732,0.0,0.0
2023-12-07 09:30:00-05:00,131.5,131.5,130.61000061035156,130.6699981689453,205695,0.0,0.0
2023-12-07 10:30:00-05:00,130.7100067138672,130.83999633789062,130.27000427246094,130.32000732421875,222128,0.0,0.0
2023-12-07 11:30:00-05:00,130.3350067138672,130.77999877929688,130.27000427246094,130.69000244140625,194043,0.0,0.0
2023-12-07 12:30:00-05:00,130.6999969482422,131.18980407714844,130.66000366210938,131.02000427246094,316414,0.0,0.0
2023-12-07 13:30:00-05:00,131.0500030517578,131.24000549316406,130.94500732421875,131.24000549316406,257962,0.0,0.0
2023-12-07 14:30:00-05:00,131.24000549316406,131.5500030517578,131.1699981689453,131.38499450683594,336876,0.0,0.0
2023-12-07 15:30:00-05:00,131.3699951171875,131.53500366210938,131.27000427246094,131.41000366210938,514393,0.0,0.0
2023-12-08 09:30:00-05:00,131.5,132.27999877929688,131.4600067138672,131.99000549316406,260187,0.0,0.0
2023-12-08 10:30:00-05:00,131.9949951171875,132.36000061035156,131.64999389648438,131.99000549316406,277640,0.0,0.0
2023-12-08 11:30:00-05:00,132.0,132.3625030517578,131.7449951171875,132.3625030517578,184068,0.0,0.0
2023-12-08 12:30:00-05:00,132.3699951171875,132.3990020751953,132.13999938964844,132.19000244140625,162197,0.0,0.0
2023-12-08 13:30:00-05:00,132.1999969482422,132.3300018310547,131.97000122070312,132.2899932861328,362569,0.0,0.0
2023-12-08 14:30:00-05:00,132.2899932861328,132.5800018310547,132.1999969482422,132.30499267578125,212574,0.0,0.0
2023-12-08 15:30:00-05:00,132.3000030517578,132.52999877929688,132.22999572753906,132.36000061035156,302467,0.0,0.0
2023-12-11 09:30:00-05:00,133.0,134.66000366210938,132.4499969482422,133.9550018310547,670183,0.0,0.0
2023-12-11 10:30:00-05:00,133.9600067138672,134.47999572753906,133.89999389648438,134.00999450683594,525619,0.0,0.0
2023-12-11 11:30:00-05:00,133.99000549316406,134.02499389648438,133.72000122070312,133.8800048828125,181268,0.0,0.0
2023-12-11 12:30:00-05:00,133.9199981689453,134.0500030517578,133.72000122070312,133.99000549316406,215550,0.0,0.0
2023-12-11 13:30:00-05:00,134.0,134.0449981689453,133.80999755859375,133.86000061035156,322494,0.0,0.0
2023-12-11 14:30:00-05:00,133.8699951171875,134.22999572753906,133.8699951171875,134.1300048828125,280301,0.0,0.0
2023-12-11 15:30:00-05:00,134.1199951171875,134.22000122070312,133.8800048828125,133.9199981689453,424482,0.0,0.0
2023-12-12 09:30:00-05:00,134.00999450683594,134.38999938964844,133.57000732421875,134.3300018310547,414856,0.0,0.0
2023-12-12 10:30:00-05:00,134.32000732421875,134.67999267578125,134.0,134.0800018310547,249980,0.0,0.0
2023-12-12 11:30:00-05:00,134.10000610351562,134.10989379882812,133.8000030517578,133.94000244140625,251405,0.0,0.0
2023-12-12 12:30:00-05:00,133.9499969482422,134.23500061035156,133.9499969482422,134.02999877929688,376633,0.0,0.0
2023-12-12 13:30:00-05:00,134.02499389648438,134.14999389648438,133.94500732421875,134.02650451660156,200307,0.0,0.0
2023-12-12 14:30:00-05:00,134.02999877929688,134.59500122070312,133.97000122070312,134.59500122070312,351371,0.0,0.0
2023-12-12 15:30:00-05:00,134.61000061035156,134.6199951171875,134.36500549316406,134.5,471097,0.0,0.0
2023-12-13 09:30:00-05:00,134.14999389648438,134.4499969482422,133.38499450683594,134.22999572753906,392094,0.0,0.0
2023-12-13 10:30:00-05:00,134.2050018310547,134.47000122070312,134.05999755859375,134.27999877929688,250397,0.0,0.0
2023-12-13 11:30:00-05:00,134.2899932861328,134.36000061035156,133.83999633789062,133.9199981689453,181663,0.0,0.0
2023-12-13 12:30:00-05:00,133.8699951171875,134.24000549316406,133.8699951171875,134.1199951171875,145691,0.0,0.0
2023-12-13 13:30:00-05:00,134.1199951171875,134.88999938964844,134.06500244140625,134.72000122070312,303942,0.0,0.0
2023-12-13 14:30:00-05:00,134.8000030517578,135.3300018310547,134.64999389648438,134.7899932861328,477181,0.0,0.0
2023-12-13 15:30:00-05:00,134.8000030517578,135.36000061035156,134.7100067138672,135.22000122070312,561748,0.0,0.0
2023-12-14 09:30:00-05:00,135.2899932861328,136.4600067138672,135.02000427246094,136.4499969482422,553284,0.0,0.0
2023-12-14 10:30:00-05:00,136.4550018310547,136.49000549316406,135.6699981689453,135.97999572753906,559741,0.0,0.0
2023-12-14 11:30:00-05:00,135.97999572753906,136.27999877929688,135.7899932861328,135.88999938964844,396433,0.0,0.0
2023-12-14 12:30:00-05:00,135.88999938964844,135.88999938964844,135.27000427246094,135.6699981689453,761171,0.0,0.0
2023-12-14 13:30:00-05:00,135.68499755859375,135.72500610351562,134.25999450683594,134.75999450683594,474288,0.0,0.0
2023-12-14 14:30:00-05:00,134.74000549316406,135.38499450683594,134.52999877929688,135.2100067138672,694792,0.0,0.0
2023-12-14 15:30:00-05:00,135.1999969482422,135.3699951171875,134.8300018310547,135.00999450683594,800793,0.0,0.0
2023-12-15 09:30:00-05:00,133.64999389648438,134.3300018310547,132.60000610351562,133.94000244140625,945350,0.0,0.0
2023-12-15 10:30:00-05:00,133.9199981689453,134.27999877929688,133.22000122070312,133.39999389648438,350190,0.0,0.0
2023-12-15 11:30:00-05:00,133.38499450683594,133.5500030517578,133.08999633789062,133.22000122070312,262287,0.0,0.0
2023-12-15 12:30:00-05:00,133.22999572753906,133.39999389648438,132.9499969482422,133.25999450683594,322607,0.0,0.0
2023-12-15 13:30:00-05:00,133.25,133.42999267578125,132.5500030517578,132.67999267578125,263021,0.0,0.0
2023-12-15 14:30:00-05:00,132.69000244140625,132.92999267578125,132.61000061035156,132.83999633789062,248999,0.0,0.0
2023-12-15 15:30:00-05:00,132.85000610351562,133.33999633789062,132.35000610351562,132.85000610351562,742326,0.0,0.0
2023-12-18 09:30:00-05:00,133.60000610351562,133.69000244140625,132.5850067138672,133.375,305456,0.0,0.0
2023-12-18 10:30:00-05:00,133.3800048828125,133.78500366210938,133.27000427246094,133.35499572753906,402461,0.0,0.0
2023-12-18 11:30:00-05:00,133.35000610351562,133.75999450683594,133.05999755859375,133.75999450683594,352585,0.0,0.0
2023-12-18 12:30:00-05:00,133.77000427246094,134.38999938964844,133.7100067138672,134.33999633789062,410874,0.0,0.0
2023-12-18 13:30:00-05:00,134.3350067138672,134.82000732421875,134.17999267578125,134.74000549316406,470344,0.0,0.0
2023-12-18 14:30:00-05:00,134.75,135.2747039794922,134.60000610351562,135.1699981689453,523137,0.0,0.0
2023-12-18 15:30:00-05:00,135.1699981689453,135.1999969482422,134.4499969482422,134.47999572753906,473494,0.0,0.0
2023-12-19 09:30:00-05:00,134.0800018310547,134.27000427246094,133.55999755859375,134.14999389648438,297053,0.0,0.0
2023-12-19 10:30:00-05:00,134.16000366210938,134.6199951171875,134.14999389648438,134.6199951171875,218750,0.0,0.0
2023-12-19 11:30:00-05:00,134.6199951171875,134.77000427246094,134.4199981689453,134.5800018310547,189054,0.0,0.0
2023-12-19 12:30:00-05:00,134.5800018310547,134.66000366210938,134.27000427246094,134.3800048828125,206511,0.0,0.0
2023-12-19 13:30:00-05:00,134.39500427246094,134.60000610351562,134.17999267578125,134.22999572753906,198581,0.0,0.0
2023-12-19 14:30:00-05:00,134.25,134.30999755859375,133.94000244140625,134.0500030517578,396515,0.0,0.0
2023-12-19 15:30:00-05:00,134.05999755859375,134.2100067138672,133.84500122070312,134.19000244140625,632910,0.0,0.0
2023-12-20 09:30:00-05:00,133.3300018310547,134.14500427246094,133.10000610351562,133.97000122070312,357028,0.0,0.0
2023-12-20 10:30:00-05:00,133.9250030517578,134.35000610351562,133.9149932861328,134.32000732421875,321672,0.0,0.0
2023-12-20 11:30:00-05:00,134.30499267578125,134.72000122070312,134.27499389648438,134.55999755859375,335555,0.0,0.0
2023-12-20 12:30:00-05:00,134.5500030517578,134.8000030517578,134.35000610351562,134.40499877929688,265885,0.0,0.0
2023-12-20 13:30:00-05:00,134.4102020263672,134.52999877929688,134.32000732421875,134.52000427246094,299626,0.0,0.0
2023-12-20 14:30:00-05:00,134.52000427246094,134.5500030517578,133.13999938964844,133.36000061035156,401041,0.0,0.0
2023-12-20 15:30:00-05:00,133.36000061035156,133.47000122070312,132.6750030517578,132.77000427246094,329198,0.0,0.0
2023-12-21 09:30:00-05:00,133.13999938964844,134.11000061035156,133.0800018310547,133.6199951171875,189769,0.0,0.0
2023-12-21 10:30:00-05:00,133.67999267578125,133.77000427246094,133.25,133.5399932861328,177642,0.0,0.0
2023-12-21 11:30:00-05:00,133.55999755859375,133.55999755859375,132.91000366210938,133.07000732421875,215616,0.0,0.0
2023-12-21 12:30:00-05:00,133.0800018310547,133.17999267578125,132.75,133.01499938964844,351721,0.0,0.0
2023-12-21 13:30:00-05:00,133.0500030517578,133.22000122070312,132.82000732421875,132.99000549316406,219534,0.0,0.0
2023-12-21 14:30:00-05:00,132.9949951171875,133.11500549316406,132.77000427246094,133.05999755859375,205019,0.0,0.0
2023-12-21 15:30:00-05:00,133.10499572753906,133.36000061035156,133.0,133.22000122070312,349074,0.0,0.0
2023-12-22 09:30:00-05:00,134.0,134.19529724121094,133.61000061035156,134.03900146484375,194275,0.0,0.0
2023-12-22 10:30:00-05:00,134.0399932861328,134.18499755859375,133.6999969482422,133.8074951171875,231509,0.0,0.0
2023-12-22 11:30:00-05:00,133.82000732421875,133.9600067138672,133.6999969482422,133.88999938964844,277025,0.0,0.0
2023-12-22 12:30:00-05:00,133.89999389648438,134.0800018310547,133.77000427246094,133.99000549316406,160677,0.0,0.0
2023-12-22 13:30:00-05:00,133.99000549316406,134.02000427246094,133.1699981689453,133.22000122070312,307550,0.0,0.0
2023-12-22 14:30:00-05:00,133.2100067138672,133.75059509277344,133.1199951171875,133.5050048828125,328431,0.0,0.0
2023-12-22 15:30:00-05:00,133.5,133.6199951171875,133.27000427246094,133.61000061035156,298437,0.0,0.0
2023-12-26 09:30:00-05:00,133.42999267578125,133.5800018310547,132.71499633789062,133.13999938964844,216373,0.0,0.0
2023-12-26 10:30:00-05:00,133.17999267578125,133.25,132.77999877929688,132.83999633789062,155781,0.0,0.0
2023-12-26 11:30:00-05:00,132.83999633789062,132.8800048828125,132.6699981689453,132.75999450683594,162932,0.0,0.0
2023-12-26 12:30:00-05:00,132.77000427246094,132.85000610351562,132.47000122070312,132.50999450683594,224167,0.0,0.0
2023-12-26 13:30:00-05:00,132.52999877929688,132.60000610351562,132.36000061035156,132.50999450683594,323554,0.0,0.0
2023-12-26 14:30:00-05:00,132.50999450683594,133.10000610351562,132.49000549316406,132.9600067138672,281914,0.0,0.0
2023-12-26 15:30:00-05:00,132.9600067138672,133.02000427246094,132.47000122070312,132.57000732421875,383267,0.0,0.0
2023-12-27 09:30:00-05:00,132.47000122070312,133.2050018310547,132.47000122070312,132.9499969482422,211781,0.0,0.0
2023-12-27 10:30:00-05:00,132.94500732421875,133.10000610351562,132.72000122070312,133.02999877929688,202636,0.0,0.0
2023-12-27 11:30:00-05:00,133.02999877929688,133.11000061035156,132.8300018310547,133.0399932861328,151323,0.0,0.0
2023-12-27 12:30:00-05:00,133.0500030517578,133.25,132.9199981689453,133.14999389648438,162263,0.0,0.0
2023-12-27 13:30:00-05:00,133.16000366210938,133.2100067138672,132.7100067138672,132.89999389648438,196904,0.0,0.0
2023-12-27 14:30:00-05:00,132.91000366210938,132.92999267578125,132.64999389648438,132.8800048828125,224396,0.0,0.0
2023-12-27 15:30:00-05:00,132.8699951171875,133.02999877929688,132.67999267578125,133.00999450683594,268310,0.0,0.0
2023-12-28 09:30:00-05:00,132.64999389648438,133.47999572753906,132.64999389648438,133.32000732421875,186669,0.0,0.0
2023-12-28 10:30:00-05:00,133.3300018310547,133.47000122070312,133.17999267578125,133.41000366210938,166056,0.0,0.0
2023-12-28 11:30:00-05:00,133.4149932861328,133.5399932861328,133.33999633789062,133.38999938964844,143631,0.0,0.0
2023-12-28 12:30:00-05:00,133.3699951171875,133.67999267578125,133.35499572753906,133.60000610351562,150457,0.0,0.0
2023-12-28 13:30:00-05:00,133.61000061035156,133.83999633789062,133.58999633789062,133.75999450683594,169905,0.0,0.0
2023-12-28 14:30:00-05:00,133.75999450683594,133.83999633789062,133.66000366210938,133.7100067138672,228703,0.0,0.0
2023-12-28 15:30:00-05:00,133.67999267578125,133.77000427246094,133.22999572753906,133.39999389648438,369084,0.0,0.0
2023-12-29 09:30:00-05:00,133.41000366210938,133.80999755859375,133.14010620117188,133.3350067138672,121173,0.0,0.0
2023-12-29 10:30:00-05:00,133.3300018310547,133.35000610351562,132.625,132.66000366210938,104041,0.0,0.0
2023-12-29 11:30:00-05:00,132.63499450683594,132.74000549316406,132.22000122070312,132.2899932861328,131359,0.0,0.0
2023-12-29 12:30:00-05:00,132.28500366210938,132.6699981689453,132.27499389648438,132.57000732421875,95696,0.0,0.0
2023-12-29 13:30:00-05:00,132.56500244140625,132.7899932861328,132.56500244140625,132.67999267578125,100761,0.0,0.0
2023-12-29 14:30:00-05:00,132.6750030517578,132.9499969482422,132.6750030517578,132.88999938964844,123683,0.0,0.0
2023-12-29 15:30:00-05:00,132.89999389648438,133.02000427246094,132.63999938964844,132.85000610351562,341252,0.0,0.0
2024-01-02 09:30:00-05:00,132.17599487304688,133.11000061035156,131.94000244140625,132.58999633789062,373573,0.0,0.0
2024-01-02 10:30:00-05:00,132.60000610351562,133.44000244140625,132.52000427246094,133.43499755859375,389958,0.0,0.0
2024-01-02 11:30:00-05:00,133.4199981689453,133.6699981689453,133.24000549316406,133.5399932861328,234734,0.0,0.0
2024-01-02 12:30:00-05:00,133.5500030517578,133.57000732421875,133.24000549316406,133.50999450683594,303529,0.0,0.0
2024-01-02 13:30:00-05:00,133.47799682617188,133.50999450683594,133.08999633789062,133.13999938964844,303917,0.0,0.0
2024-01-02 14:30:00-05:00,133.13999938964844,133.17999267578125,132.91000366210938,132.99099731445312,370770,0.0,0.0
2024-01-02 15:30:00-05:00,132.97999572753906,133.21499633789062,132.86000061035156,133.08999633789062,690077,0.0,0.0
2024-01-03 09:30:00-05:00,132.88499450683594,132.97999572753906,131.7100067138672,131.72000122070312,583316,0.0,0.0
2024-01-03 10:30:00-05:00,131.7100067138672,131.94000244140625,131.58999633789062,131.8800048828125,556039,0.0,0.0
2024-01-03 11:30:00-05:00,131.8699951171875,131.92999267578125,131.4149932861328,131.52000427246094,327484,0.0,0.0
2024-01-03 12:30:00-05:00,131.57000732421875,131.64830017089844,131.4199981689453,131.4499969482422,290006,0.0,0.0
2024-01-03 13:30:00-05:00,131.4600067138672,132.14999389648438,131.4499969482422,131.9810028076172,353459,0.0,0.0
2024-01-03 14:30:00-05:00,132.00999450683594,132.02000427246094,131.66000366210938,131.72999572753906,371466,0.0,0.0
2024-01-03 15:30:00-05:00,131.7100067138672,131.83999633789062,131.41000366210938,131.75,516733,0.0,0.0
2024-01-04 09:30:00-05:00,132.16000366210938,133.13999938964844,131.9499969482422,132.4600067138672,219352,0.0,0.0
2024-01-04 10:30:00-05:00,132.47000122070312,133.02000427246094,132.4199981689453,132.89999389648438,249123,0.0,0.0
2024-01-04 11:30:00-05:00,132.9199981689453,133.00999450683594,132.77000427246094,132.89999389648438,236412,0.0,0.0
2024-01-04 12:30:00-05:00,132.9199981689453,133.07000732421875,132.77000427246094,132.9499969482422,262023,0.0,0.0
2024-01-04 13:30:00-05:00,132.97000122070312,133.27999877929688,132.94000244140625,133.14999389648438,298400,0.0,0.0
2024-01-04 14:30:00-05:00,133.1300048828125,133.2050018310547,132.9499969482422,132.9949951171875,424125,0.0,0.0
2024-01-04 15:30:00-05:00,133.0,133.19000244140625,132.80999755859375,133.0,536585,0.0,0.0
2024-01-05 09:30:00-05:00,133.2100067138672,133.6999969482422,133.14999389648438,133.3300018310547,267544,0.0,0.0
2024-01-05 10:30:00-05:00,133.33999633789062,133.5800018310547,132.89999389648438,132.9600067138672,241784,0.0,0.0
2024-01-05 11:30:00-05:00,132.97000122070312,133.17999267578125,132.82000732421875,132.89500427246094,212999,0.0,0.0
2024-01-05 12:30:00-05:00,132.88999938964844,132.9499969482422,132.32000732421875,132.61000061035156,187541,0.0,0.0
2024-01-05 13:30:00-05:00,132.6199951171875,132.94000244140625,132.55999755859375,132.875,294569,0.0,0.0
2024-01-05 14:30:00-05:00,132.8699951171875,132.9199981689453,132.15089416503906,132.30999755859375,383509,0.0,0.0
2024-01-05 15:30:00-05:00,132.3000030517578,132.66000366210938,132.15020751953125,132.57000732421875,478531,0.0,0.0
2024-01-08 09:30:00-05:00,134.3000030517578,134.6300048828125,133.6649932861328,134.1300048828125,380866,0.0,0.0
2024-01-08 10:30:00-05:00,134.14999389648438,134.24000549316406,133.9199981689453,134.0749969482422,229402,0.0,0.0
2024-01-08 11:30:00-05:00,134.08999633789062,134.1300048828125,133.6649932861328,133.9250030517578,171737,0.0,0.0
2024-01-08 12:30:00-05:00,133.92999267578125,134.31500244140625,133.92999267578125,134.25999450683594,174727,0.0,0.0
2024-01-08 13:30:00-05:00,134.27999877929688,134.40499877929688,134.07000732421875,134.1875,197941,0.0,0.0
2024-01-08 14:30:00-05:00,134.1999969482422,134.9073944091797,134.19000244140625,134.86500549316406,281807,0.0,0.0
2024-01-08 15:30:00-05:00,134.86500549316406,135.27000427246094,134.8000030517578,135.22999572753906,418235,0.0,0.0
2024-01-09 09:30:00-05:00,134.33999633789062,135.0399932861328,134.33999633789062,134.89500427246094,196107,0.0,0.0
2024-01-09 10:30:00-05:00,134.9199981689453,134.97999572753906,134.55999755859375,134.89999389648438,167410,0.0,0.0
2024-01-09 11:30:00-05:00,134.91000366210938,134.9600067138672,134.6649932861328,134.67999267578125,171685,0.0,0.0
2024-01-09 12:30:00-05:00,134.69000244140625,134.8249969482422,134.60000610351562,134.67999267578125,168478,0.0,0.0
2024-01-09 13:30:00-05:00,134.6699981689453,135.0399932861328,134.5399932861328,134.9600067138672,153330,0.0,0.0
2024-01-09 14:30:00-05:00,134.9550018310547,135.27999877929688,134.8699951171875,135.1300048828125,269117,0.0,0.0
2024-01-09 15:30:00-05:00,135.1300048828125,135.24530029296875,134.98500061035156,135.07000732421875,360503,0.0,0.0
2024-01-10 09:30:00-05:00,136.0,136.47999572753906,135.31500244140625,135.4499969482422,183656,0.0,0.0
2024-01-10 10:30:00-05:00,135.47999572753906,135.58999633789062,134.94000244140625,135.14999389648438,184687,0.0,0.0
2024-01-10 11:30:00-05:00,135.15499877929688,135.3699951171875,135.10000610351562,135.25999450683594,204059,0.0,0.0
2024-01-10 12:30:00-05:00,135.25,135.3699951171875,135.05999755859375,135.1300048828125,202788,0.0,0.0
2024-01-10 13:30:00-05:00,135.13999938964844,135.75,135.11000061035156,135.74000549316406,227838,0.0,0.0
2024-01-10 14:30:00-05:00,135.7550048828125,136.1199951171875,135.61000061035156,135.6334991455078,233811,0.0,0.0
2024-01-10 15:30:00-05:00,135.63499450683594,135.63999938964844,135.14999389648438,135.38999938964844,375199,0.0,0.0
2024-01-11 09:30:00-05:00,136.5,136.5,135.1699981689453,135.5850067138672,219748,0.0,0.0
2024-01-11 10:30:00-05:00,135.60000610351562,135.74000549316406,135.1300048828125,135.3000030517578,255077,0.0,0.0
2024-01-11 11:30:00-05:00,135.32000732421875,135.5800018310547,135.21499633789062,135.3699951171875,234777,0.0,0.0
2024-01-11 12:30:00-05:00,135.36000061035156,135.88999938964844,135.36000061035156,135.8300018310547,164990,0.0,0.0
2024-01-11 13:30:00-05:00,135.85000610351562,136.27999877929688,135.8300018310547,136.27999877929688,204573,0.0,0.0
2024-01-11 14:30:00-05:00,136.28500366210938,136.38999938964844,136.0500030517578,136.22999572753906,270713,0.0,0.0
2024-01-11 15:30:00-05:00,136.25,136.4499969482422,136.1199951171875,136.3699951171875,378801,0.0,0.0
2024-01-12 09:30:00-05:00,136.99000549316406,137.08999633789062,136.4199981689453,137.0399932861328,261703,0.0,0.0
2024-01-12 10:30:00-05:00,137.07000732421875,137.1300048828125,136.25,136.5800018310547,215214,0.0,0.0
2024-01-12 11:30:00-05:00,136.63999938964844,136.71499633789062,136.25,136.44000244140625,178099,0.0,0.0
2024-01-12 12:30:00-05:00,136.42999267578125,136.8000030517578,136.34500122070312,136.7100067138672,206539,0.0,0.0
2024-01-12 13:30:00-05:00,136.71499633789062,136.99000549316406,136.71499633789062,136.9600067138672,175236,0.0,0.0
2024-01-12 14:30:00-05:00,136.94000244140625,136.99000549316406,136.77000427246094,136.86000061035156,206206,0.0,0.0
2024-01-12 15:30:00-05:00,136.83999633789062,137.14999389648438,136.8000030517578,136.9199981689453,337155,0.0,0.0
2024-01-16 09:30:00-05:00,136.7899932861328,136.91000366210938,135.97000122070312,136.6699981689453,278884,0.0,0.0
2024-01-16 10:30:00-05:00,136.69000244140625,137.1199951171875,136.55999755859375,136.94500732421875,321507,0.0,0.0
2024-01-16 11:30:00-05:00,136.96499633789062,137.25,136.96499633789062,137.19000244140625,309172,0.0,0.0
2024-01-16 12:30:00-05:00,137.1999969482422,137.25,136.72000122070312,136.8699951171875,213463,0.0,0.0
2024-01-16 13:30:00-05:00,136.89999389648438,136.92999267578125,136.39999389648438,136.6199951171875,212718,0.0,0.0
2024-01-16 14:30:00-05:00,136.63999938964844,137.05999755859375,136.58999633789062,136.9499969482422,363704,0.0,0.0
2024-01-16 15:30:00-05:00,136.9550018310547,137.07000732421875,136.8350067138672,137.00999450683594,537404,0.0,0.0
2024-01-17 09:30:00-05:00,137.0,137.99000549316406,136.9600067138672,137.5,417872,0.0,0.0
2024-01-17 10:30:00-05:00,137.49000549316406,137.75,137.30999755859375,137.47999572753906,264968,0.0,0.0
2024-01-17 11:30:00-05:00,137.47500610351562,137.47999572753906,136.52000427246094,136.58999633789062,298199,0.0,0.0
2024-01-17 12:30:00-05:00,136.58999633789062,136.8699951171875,136.47999572753906,136.66000366210938,334076,0.0,0.0
2024-01-17 13:30:00-05:00,136.64999389648438,137.1199951171875,136.5800018310547,137.05499267578125,442641,0.0,0.0
2024-01-17 14:30:00-05:00,137.0800018310547,137.11500549316406,136.58999633789062,136.83999633789062,461990,0.0,0.0
2024-01-17 15:30:00-05:00,136.85000610351562,137.5399932861328,136.84500122070312,137.4499969482422,494649,0.0,0.0
2024-01-18 09:30:00-05:00,138.0,138.7100067138672,136.92999267578125,137.6300048828125,334468,0.0,0.0
2024-01-18 10:30:00-05:00,137.64010620117188,137.77000427246094,137.02000427246094,137.52000427246094,227531,0.0,0.0
2024-01-18 11:30:00-05:00,137.52999877929688,137.73500061035156,137.2100067138672,137.4199981689453,180225,0.0,0.0
2024-01-18 12:30:00-05:00,137.39999389648438,137.47000122070312,137.1199951171875,137.24000549316406,197954,0.0,0.0
2024-01-18 13:30:00-05:00,137.24000549316406,137.49000549316406,137.15499877929688,137.44000244140625,196647,0.0,0.0
2024-01-18 14:30:00-05:00,137.4499969482422,137.92999267578125,137.41000366210938,137.91000366210938,259016,0.0,0.0
2024-01-18 15:30:00-05:00,137.9199981689453,137.9600067138672,137.67999267578125,137.8000030517578,392163,0.0,0.0
2024-01-19 09:30:00-05:00,138.2100067138672,138.33999633789062,137.64999389648438,138.17999267578125,345927,0.0,0.0
2024-01-19 10:30:00-05:00,138.17999267578125,138.26699829101562,137.7812957763672,137.8249969482422,425092,0.0,0.0
2024-01-19 11:30:00-05:00,137.77999877929688,138.11000061035156,137.6699981689453,138.02000427246094,229121,0.0,0.0
2024-01-19 12:30:00-05:00,138.02999877929688,138.8699951171875,138.02000427246094,138.8699951171875,347140,0.0,0.0
2024-01-19 13:30:00-05:00,138.8800048828125,139.3300018310547,138.85000610351562,139.14999389648438,310450,0.0,0.0
2024-01-19 14:30:00-05:00,139.14999389648438,139.35000610351562,138.97500610351562,139.0749969482422,329463,0.0,0.0
2024-01-19 15:30:00-05:00,139.0749969482422,139.19500732421875,138.91000366210938,139.02000427246094,502584,0.0,0.0
2024-01-22 09:30:00-05:00,139.52499389648438,140.40499877929688,139.52499389648438,140.13999938964844,223555,0.0,0.0
2024-01-22 10:30:00-05:00,140.1739959716797,140.56500244140625,139.89999389648438,140.4600067138672,169278,0.0,0.0
2024-01-22 11:30:00-05:00,140.49000549316406,140.5800018310547,140.30999755859375,140.48500061035156,183736,0.0,0.0
2024-01-22 12:30:00-05:00,140.5,140.50999450683594,140.27000427246094,140.27499389648438,180534,0.0,0.0
2024-01-22 13:30:00-05:00,140.3000030517578,140.47000122070312,140.25,140.4600067138672,164013,0.0,0.0
2024-01-22 14:30:00-05:00,140.4499969482422,140.58999633789062,140.30999755859375,140.5800018310547,217608,0.0,0.0
2024-01-22 15:30:00-05:00,140.57000732421875,140.63999938964844,140.41270446777344,140.52999877929688,266850,0.0,0.0
2024-01-23 09:30:00-05:00,140.77999877929688,141.00999450683594,140.25,140.30999755859375,249355,0.0,0.0
2024-01-23 10:30:00-05:00,140.30999755859375,140.85000610351562,140.2100067138672,140.7899932861328,277035,0.0,0.0
2024-01-23 11:30:00-05:00,140.81500244140625,140.8699951171875,140.51499938964844,140.52000427246094,160524,0.0,0.0
2024-01-23 12:30:00-05:00,140.5,140.72000122070312,140.47000122070312,140.64999389648438,210426,0.0,0.0
2024-01-23 13:30:00-05:00,140.63499450683594,140.89999389648438,140.610107421875,140.67999267578125,186067,0.0,0.0
2024-01-23 14:30:00-05:00,140.63999938964844,140.9199981689453,140.60000610351562,140.77000427246094,340194,0.0,0.0
2024-01-23 15:30:00-05:00,140.75999450683594,140.75999450683594,140.5399932861328,140.5800018310547,342743,0.0,0.0
2024-01-24 09:30:00-05:00,141.05999755859375,141.68499755859375,140.5800018310547,140.6699981689453,446105,0.0,0.0
2024-01-24 10:30:00-05:00,140.6750030517578,140.83999633789062,140.49000549316406,140.6999969482422,276478,0.0,0.0
2024-01-24 11:30:00-05:00,140.69500732421875,140.71499633789062,140.24000549316406,140.27999877929688,217209,0.0,0.0
2024-01-24 12:30:00-05:00,140.2899932861328,140.41000366210938,139.86000061035156,139.92999267578125,274650,0.0,0.0
2024-01-24 13:30:00-05:00,139.94000244140625,140.19500732421875,139.8699951171875,140.05999755859375,247260,0.0,0.0
2024-01-24 14:30:00-05:00,140.0500030517578,140.47999572753906,140.0399932861328,140.2550048828125,373047,0.0,0.0
2024-01-24 15:30:00-05:00,140.25,140.35000610351562,139.74000549316406,140.0,277184,0.0,0.0
2024-01-25 09:30:00-05:00,140.85440063476562,141.0850067138672,139.91000366210938,140.02999877929688,306149,0.0,0.0
2024-01-25 10:30:00-05:00,140.07000732421875,140.38999938964844,139.93499755859375,140.3699951171875,215643,0.0,0.0
2024-01-25 11:30:00-05:00,140.36000061035156,140.42999267578125,140.1199951171875,140.19000244140625,170775,0.0,0.0
2024-01-25 12:30:00-05:00,140.2100067138672,140.23500061035156,139.7899932861328,139.94000244140625,182285,0.0,0.0
2024-01-25 13:30:00-05:00,139.9499969482422,140.02999877929688,139.82000732421875,139.9250030517578,213891,0.0,0.0
2024-01-25 14:30:00-05:00,139.92999267578125,140.10000610351562,139.80999755859375,140.05999755859375,232118,0.0,0.0
2024-01-25 15:30:00-05:00,140.06500244140625,140.66769409179688,140.0500030517578,140.66000366210938,326457,0.0,0.0
2024-01-26 09:30:00-05:00,140.55999755859375,141.08999633789062,140.1699981689453,141.05999755859375,227440,0.0,0.0
2024-01-26 10:30:00-05:00,141.08999633789062,141.44500732421875,141.08999633789062,141.4010009765625,198624,0.0,0.0
2024-01-26 11:30:00-05:00,141.43499755859375,141.4600067138672,141.16000366210938,141.36000061035156,162232,0.0,0.0
2024-01-26 12:30:00-05:00,141.3699951171875,141.6230926513672,141.0800018310547,141.4499969482422,267643,0.0,0.0
2024-01-26 13:30:00-05:00,141.47000122070312,141.64500427246094,141.3800048828125,141.6300048828125,200230,0.0,0.0
2024-01-26 14:30:00-05:00,141.64999389648438,141.75,141.4949951171875,141.4949951171875,219955,0.0,0.0
2024-01-26 15:30:00-05:00,141.5,141.57000732421875,141.2899932861328,141.33999633789062,312392,0.0,0.0
2024-01-29 09:30:00-05:00,140.69000244140625,142.1999969482422,140.69000244140625,142.03500366210938,256605,0.0,0.0
2024-01-29 10:30:00-05:00,142.0449981689453,142.11000061035156,141.89999389648438,142.0500030517578,269999,0.0,0.0
2024-01-29 11:30:00-05:00,142.06500244140625,142.3000030517578,142.0399932861328,142.07000732421875,167718,0.0,0.0
2024-01-29 12:30:00-05:00,142.08999633789062,142.27999877929688,141.9499969482422,142.26100158691406,183935,0.0,0.0
2024-01-29 13:30:00-05:00,142.27000427246094,142.39999389648438,142.17999267578125,142.38999938964844,222178,0.0,0.0
2024-01-29 14:30:00-05:00,142.38999938964844,143.10499572753906,142.35000610351562,142.9499969482422,234199,0.0,0.0
2024-01-29 15:30:00-05:00,142.9600067138672,143.1199951171875,142.77000427246094,142.94000244140625,367133,0.0,0.0
2024-01-30 09:30:00-05:00,143.35000610351562,143.49000549316406,142.6199951171875,142.9499969482422,316847,0.0,0.0
2024-01-30 10:30:00-05:00,142.97999572753906,143.27000427246094,142.89999389648438,143.27000427246094,211212,0.0,0.0
2024-01-30 11:30:00-05:00,143.27000427246094,143.42999267578125,143.19000244140625,143.1999969482422,152304,0.0,0.0
2024-01-30 12:30:00-05:00,143.17999267578125,143.61000061035156,143.07000732421875,143.5800018310547,193818,0.0,0.0
2024-01-30 13:30:00-05:00,143.5749969482422,143.9199981689453,143.55999755859375,143.85499572753906,204005,0.0,0.0
2024-01-30 14:30:00-05:00,143.85000610351562,144.0800018310547,143.85000610351562,144.07000732421875,276460,0.0,0.0
2024-01-30 15:30:00-05:00,144.05999755859375,144.1999969482422,143.89999389648438,144.11000061035156,505273,0.0,0.0
2024-01-31 09:30:00-05:00,144.41000366210938,144.82000732421875,142.9499969482422,143.6199951171875,459118,0.0,0.0
2024-01-31 10:30:00-05:00,143.6199951171875,143.67999267578125,143.11000061035156,143.39999389648438,280214,0.0,0.0
2024-01-31 11:30:00-05:00,143.38999938964844,143.9199981689453,143.14999389648438,143.80499267578125,244986,0.0,0.0
2024-01-31 12:30:00-05:00,143.8000030517578,143.89999389648438,143.58999633789062,143.68499755859375,201726,0.0,0.0
2024-01-31 13:30:00-05:00,143.67999267578125,143.85000610351562,143.14999389648438,143.36000061035156,212450,0.0,0.0
2024-01-31 14:30:00-05:00,143.3699951171875,143.6750030517578,141.9499969482422,142.6199951171875,269735,0.0,0.0
2024-01-31 15:30:00-05:00,142.60000610351562,142.6199951171875,141.85000610351562,141.86000061035156,460194,0.0,0.0
2024-02-01 09:30:00-05:00,142.1699981689453,142.91000366210938,141.8300018310547,142.88999938964844,299621,0.0,0.0
2024-02-01 10:30:00-05:00,142.83999633789062,143.07000732421875,141.9499969482422,142.24000549316406,213543,0.0,0.0
2024-02-01 11:30:00-05:00,142.25999450683594,142.8800048828125,142.19000244140625,142.61000061035156,227884,0.0,0.0
2024-02-01 12:30:00-05:00,142.59359741210938,143.32000732421875,142.47000122070312,143.22999572753906,284131,0.0,0.0
2024-02-01 13:30:00-05:00,143.22000122070312,143.5399932861328,143.16000366210938,143.4499969482422,216306,0.0,0.0
2024-02-01 14:30:00-05:00,143.4499969482422,143.75,143.33999633789062,143.69000244140625,255688,0.0,0.0
2024-02-01 15:30:00-05:00,143.69500732421875,143.97999572753906,143.60000610351562,143.97000122070312,395124,0.0,0.0
2024-02-02 09:30:00-05:00,144.27000427246094,145.27999877929688,143.48500061035156,143.57000732421875,373450,0.0,0.0
2024-02-02 10:30:00-05:00,143.57000732421875,144.6999969482422,143.57000732421875,144.66000366210938,192776,0.0,0.0
2024-02-02 11:30:00-05:00,144.6699981689453,145.3300018310547,144.6699981689453,145.17999267578125,223739,0.0,0.0
2024-02-02 12:30:00-05:00,145.17999267578125,145.38999938964844,144.71499633789062,145.08999633789062,395557,0.0,0.0
2024-02-02 13:30:00-05:00,145.10330200195312,145.81149291992188,145.0,145.63999938964844,202748,0.0,0.0
2024-02-02 14:30:00-05:00,145.63999938964844,145.8699951171875,145.30999755859375,145.4499969482422,355398,0.0,0.0
2024-02-02 15:30:00-05:00,145.4600067138672,145.50999450683594,144.8800048828125,144.88999938964844,416018,0.0,0.0
2024-02-05 09:30:00-05:00,144.4600067138672,145.27999877929688,143.60000610351562,144.3300018310547,703111,0.0,0.0
2024-02-05 10:30:00-05:00,144.3350067138672,144.5800018310547,144.10000610351562,144.2899932861328,295224,0.0,0.0
2024-02-05 11:30:00-05:00,144.2899932861328,144.4550018310547,144.13999938964844,144.3000030517578,229159,0.0,0.0
2024-02-05 12:30:00-05:00,144.30999755859375,144.5,143.99000549316406,144.0,231346,0.0,0.0
2024-02-05 13:30:00-05:00,143.99000549316406,144.33999633789062,143.9600067138672,144.33999633789062,300770,0.0,0.0
2024-02-05 14:30:00-05:00,144.36000061035156,144.7100067138672,144.30499267578125,144.64999389648438,359156,0.0,0.0
2024-02-05 15:30:00-05:00,144.66000366210938,144.8000030517578,144.1199951171875,144.1699981689453,577453,0.0,0.0
2024-02-06 09:30:00-05:00,141.6199951171875,141.6199951171875,137.1300048828125,137.3300018310547,1306197,0.0,0.0
2024-02-06 10:30:00-05:00,137.34500122070312,139.07000732421875,137.21539306640625,139.0500030517578,658301,0.0,0.0
2024-02-06 11:30:00-05:00,139.05999755859375,139.7100067138672,138.52999877929688,139.64999389648438,581602,0.0,0.0
2024-02-06 12:30:00-05:00,139.66000366210938,140.44500732421875,139.5399932861328,140.22000122070312,407228,0.0,0.0
2024-02-06 13:30:00-05:00,140.21670532226562,141.08999633789062,140.21499633789062,140.4600067138672,420668,0.0,0.0
2024-02-06 14:30:00-05:00,140.44000244140625,141.8800048828125,140.39999389648438,141.4949951171875,564239,0.0,0.0
2024-02-06 15:30:00-05:00,141.52000427246094,141.88999938964844,140.89999389648438,141.00999450683594,686662,0.0,0.0
2024-02-07 09:30:00-05:00,141.11000061035156,142.47999572753906,140.25999450683594,141.80499267578125,357219,0.0,0.0
2024-02-07 10:30:00-05:00,141.8000030517578,142.6699981689453,141.60000610351562,142.30999755859375,312003,0.0,0.0
2024-02-07 11:30:00-05:00,142.27999877929688,143.11000061035156,142.2100067138672,143.06500244140625,211932,0.0,0.0
2024-02-07 12:30:00-05:00,143.02000427246094,143.5500030517578,142.99000549316406,143.4499969482422,201599,0.0,0.0
2024-02-07 13:30:00-05:00,143.42999267578125,143.5500030517578,142.89999389648438,143.2899932861328,216151,0.0,0.0
2024-02-07 14:30:00-05:00,143.3000030517578,143.7698974609375,143.11000061035156,143.1199951171875,318187,0.0,0.0
2024-02-07 15:30:00-05:00,143.125,143.24000549316406,142.4499969482422,142.7100067138672,540836,0.0,0.0
2024-02-08 09:30:00-05:00,142.25,143.3699951171875,142.13999938964844,142.9600067138672,175056,0.0,0.0
2024-02-08 10:30:00-05:00,142.97999572753906,142.97999572753906,142.5399932861328,142.8350067138672,206291,0.0,0.0
2024-02-08 11:30:00-05:00,142.86000061035156,143.52000427246094,142.83999633789062,143.4499969482422,244944,0.0,0.0
2024-02-08 12:30:00-05:00,143.44900512695312,143.57000732421875,143.19940185546875,143.41000366210938,176399,0.0,0.0
2024-02-08 13:30:00-05:00,143.42999267578125,143.56590270996094,143.32000732421875,143.3699951171875,189740,0.0,0.0
2024-02-08 14:30:00-05:00,143.3699951171875,143.625,143.27000427246094,143.51950073242188,205472,0.0,0.0
2024-02-08 15:30:00-05:00,143.52000427246094,143.6649932861328,143.4409942626953,143.52000427246094,357149,0.0,0.0
2024-02-09 09:30:00-05:00,143.39500427246094,144.1199951171875,143.39500427246094,143.639892578125,225537,0.0,0.0
2024-02-09 10:30:00-05:00,143.6300048828125,143.6699981689453,142.74000549316406,143.1199951171875,282095,0.0,0.0
2024-02-09 11:30:00-05:00,143.1300048828125,143.6300048828125,142.94000244140625,143.49000549316406,207376,0.0,0.0
2024-02-09 12:30:00-05:00,143.4600067138672,143.52999877929688,143.1300048828125,143.39999389648438,258282,0.0,0.0
2024-02-09 13:30:00-05:00,143.42999267578125,143.84559631347656,143.42999267578125,143.81500244140625,142266,0.0,0.0
2024-02-09 14:30:00-05:00,143.82000732421875,144.1199951171875,143.75999450683594,143.97999572753906,241123,0.0,0.0
2024-02-09 15:30:00-05:00,143.97500610351562,144.33999633789062,143.9499969482422,144.2100067138672,371890,0.0,0.0
2024-02-12 09:30:00-05:00,144.30999755859375,144.36929321289062,143.6999969482422,144.07000732421875,154219,0.0,0.0
2024-02-12 10:30:00-05:00,144.0399932861328,144.39999389648438,143.82000732421875,144.3699951171875,172990,0.0,0.0
2024-02-12 11:30:00-05:00,144.3800048828125,144.86000061035156,144.35000610351562,144.80999755859375,180559,0.0,0.0
2024-02-12 12:30:00-05:00,144.8300018310547,144.8300018310547,144.47999572753906,144.5449981689453,168272,0.0,0.0
2024-02-12 13:30:00-05:00,144.50999450683594,144.6999969482422,144.13999938964844,144.16000366210938,200126,0.0,0.0
2024-02-12 14:30:00-05:00,144.14999389648438,144.2899932861328,144.02000427246094,144.14999389648438,206731,0.0,0.0
2024-02-12 15:30:00-05:00,144.1531982421875,144.30999755859375,144.10000610351562,144.3000030517578,315049,0.0,0.0
2024-02-13 09:30:00-05:00,143.6999969482422,144.3000030517578,143.0,144.19000244140625,373602,0.0,0.0
2024-02-13 10:30:00-05:00,144.19000244140625,144.25999450683594,143.8800048828125,143.9600067138672,223089,0.0,0.0
2024-02-13 11:30:00-05:00,144.0,144.35000610351562,143.92999267578125,143.9600067138672,194540,0.0,0.0
2024-02-13 12:30:00-05:00,143.97999572753906,144.02000427246094,143.25999450683594,143.3699951171875,149542,0.0,0.0
2024-02-13 13:30:00-05:00,143.33999633789062,143.50999450683594,142.9949951171875,143.10000610351562,156182,0.0,0.0
2024-02-13 14:30:00-05:00,143.08999633789062,143.27000427246094,142.47000122070312,142.63999938964844,235318,0.0,0.0
2024-02-13 15:30:00-05:00,142.63999938964844,143.58999633789062,142.5500030517578,143.5500030517578,346649,0.0,0.0
2024-02-14 09:30:00-05:00,144.16000366210938,144.7100067138672,142.97999572753906,144.60000610351562,195987,0.0,0.0
2024-02-14 10:30:00-05:00,144.64999389648438,145.0,144.27999877929688,144.85499572753906,256070,0.0,0.0
2024-02-14 11:30:00-05:00,144.8699951171875,144.97000122070312,144.50999450683594,144.86000061035156,186629,0.0,0.0
2024-02-14 12:30:00-05:00,144.86000061035156,145.00999450683594,144.72999572753906,144.99000549316406,209760,0.0,0.0
2024-02-14 13:30:00-05:00,145.0,145.2100067138672,144.03489685058594,144.5800018310547,321890,0.0,0.0
2024-02-14 14:30:00-05:00,144.60000610351562,145.0500030517578,144.47999572753906,144.97999572753906,212865,0.0,0.0
2024-02-14 15:30:00-05:00,145.0,145.11000061035156,144.80999755859375,144.97000122070312,463264,0.0,0.0
2024-02-15 09:30:00-05:00,145.72999572753906,147.0500030517578,145.43890380859375,146.6999969482422,290156,0.0,0.0
2024-02-15 10:30:00-05:00,146.64999389648438,147.0800018310547,146.41000366210938,146.7449951171875,248797,0.0,0.0
2024-02-15 11:30:00-05:00,146.72999572753906,147.22000122070312,146.42999267578125,146.6699981689453,166924,0.0,0.0
2024-02-15 12:30:00-05:00,146.6750030517578,147.25,146.55999755859375,147.07000732421875,194540,0.0,0.0
2024-02-15 13:30:00-05:00,147.11000061035156,147.72000122070312,147.00999450683594,147.60000610351562,193998,0.0,0.0
2024-02-15 14:30:00-05:00,147.60000610351562,147.75999450683594,147.5,147.67999267578125,271052,0.0,0.0
2024-02-15 15:30:00-05:00,147.67999267578125,148.07000732421875,147.55999755859375,147.97000122070312,430018,0.0,0.0
2024-02-16 09:30:00-05:00,148.32000732421875,148.58999633789062,147.30999755859375,147.77999877929688,324433,0.0,0.0
2024-02-16 10:30:00-05:00,147.80999755859375,148.1999969482422,147.6199951171875,147.89999389648438,212624,0.0,0.0
2024-02-16 11:30:00-05:00,147.9499969482422,148.55999755859375,147.8800048828125,148.5,194717,0.0,0.0
2024-02-16 12:30:00-05:00,148.50999450683594,148.63999938964844,148.1300048828125,148.44000244140625,139055,0.0,0.0
2024-02-16 13:30:00-05:00,148.44000244140625,148.64500427246094,148.38999938964844,148.5500030517578,155818,0.0,0.0
2024-02-16 14:30:00-05:00,148.5500030517578,148.55999755859375,147.77000427246094,148.02999877929688,223981,0.0,0.0
2024-02-16 15:30:00-05:00,148.02999877929688,148.1699981689453,147.67999267578125,148.05999755859375,378321,0.0,0.0
2024-02-20 09:30:00-05:00,147.9499969482422,149.0,147.58999633789062,148.9199981689453,312064,0.0,0.0
2024-02-20 10:30:00-05:00,148.93499755859375,149.16000366210938,148.5,148.82000732421875,246900,0.0,0.0
2024-02-20 11:30:00-05:00,148.82000732421875,148.86000061035156,148.32000732421875,148.38999938964844,178115,0.0,0.0
2024-02-20 12:30:00-05:00,148.375,148.74000549316406,148.17999267578125,148.52000427246094,197547,0.0,0.0
2024-02-20 13:30:00-05:00,148.52000427246094,148.8509979248047,148.39999389648438,148.85000610351562,192395,0.0,0.0
2024-02-20 14:30:00-05:00,148.8300018310547,149.0500030517578,148.5749969482422,148.6199951171875,296073,0.0,0.0
2024-02-20 15:30:00-05:00,148.6199951171875,148.6300048828125,147.85000610351562,147.94000244140625,625178,0.0,0.0
2024-02-21 09:30:00-05:00,147.6300048828125,147.8800048828125,146.8800048828125,147.22999572753906,177155,0.0,0.0
2024-02-21 10:30:00-05:00,147.21499633789062,147.2550048828125,146.81500244140625,147.2050018310547,151368,0.0,0.0
2024-02-21 11:30:00-05:00,147.17999267578125,147.25,146.8800048828125,146.88999938964844,116623,0.0,0.0
2024-02-21 12:30:00-05:00,146.86000061035156,146.86000061035156,146.4199981689453,146.60000610351562,147768,0.0,0.0
2024-02-21 13:30:00-05:00,146.61500549316406,146.77499389648438,146.38999938964844,146.64500427246094,192688,0.0,0.0
2024-02-21 14:30:00-05:00,146.6300048828125,146.63999938964844,146.3350067138672,146.57000732421875,223525,0.0,0.0
2024-02-21 15:30:00-05:00,146.5749969482422,147.74000549316406,146.5399932861328,147.63999938964844,451793,0.0,0.0
2024-02-22 09:30:00-05:00,148.9499969482422,149.60000610351562,148.57000732421875,149.35000610351562,203605,0.0,0.0
2024-02-22 10:30:00-05:00,149.3300018310547,149.40499877929688,148.7100067138672,149.3300018310547,134204,0.0,0.0
2024-02-22 11:30:00-05:00,149.3699951171875,149.5,149.19000244140625,149.30999755859375,112550,0.0,0.0
2024-02-22 12:30:00-05:00,149.34500122070312,149.6699981689453,149.2100067138672,149.64999389648438,184426,0.0,0.0
2024-02-22 13:30:00-05:00,149.64999389648438,150.43499755859375,149.64999389648438,150.23500061035156,186772,0.0,0.0
2024-02-22 14:30:00-05:00,150.24000549316406,150.30999755859375,149.8800048828125,150.21499633789062,253247,0.0,0.0
2024-02-22 15:30:00-05:00,150.22999572753906,150.30999755859375,150.07000732421875,150.10000610351562,450204,0.0,0.0
2024-02-23 09:30:00-05:00,150.19000244140625,151.33999633789062,149.60000610351562,151.13999938964844,329494,0.0,0.0
2024-02-23 10:30:00-05:00,151.14999389648438,151.19000244140625,150.80999755859375,151.1199951171875,182639,0.0,0.0
2024-02-23 11:30:00-05:00,151.1199951171875,151.2899932861328,150.97999572753906,151.26499938964844,167523,0.0,0.0
2024-02-23 12:30:00-05:00,151.2550048828125,151.5500030517578,151.19000244140625,151.4499969482422,133773,0.0,0.0
2024-02-23 13:30:00-05:00,151.4600067138672,151.55999755859375,151.0500030517578,151.07000732421875,164750,0.0,0.0
2024-02-23 14:30:00-05:00,151.0850067138672,151.37139892578125,151.05999755859375,151.27000427246094,198316,0.0,0.0
2024-02-23 15:30:00-05:00,151.2550048828125,151.2550048828125,150.72000122070312,150.75999450683594,392087,0.0,0.0
2024-02-26 09:30:00-05:00,150.0,151.72000122070312,149.97999572753906,150.60000610351562,359306,0.0,0.0
2024-02-26 10:30:00-05:00,150.63999938964844,150.89999389648438,150.50999450683594,150.69000244140625,212216,0.0,0.0
2024-02-26 11:30:00-05:00,150.67999267578125,150.91000366210938,150.5399932861328,150.88499450683594,181102,0.0,0.0
2024-02-26 12:30:00-05:00,150.91000366210938,150.92999267578125,150.55999755859375,150.65499877929688,147533,0.0,0.0
2024-02-26 13:30:00-05:00,150.64999389648438,151.08999633789062,150.52999877929688,151.08999633789062,161586,0.0,0.0
2024-02-26 14:30:00-05:00,151.08999633789062,151.40260314941406,151.0,151.35000610351562,191316,0.0,0.0
2024-02-26 15:30:00-05:00,151.3699951171875,151.41000366210938,150.89999389648438,150.9600067138672,335122,0.0,0.0
2024-02-27 09:30:00-05:00,150.44000244140625,151.0800018310547,149.9949951171875,150.1199951171875,228032,0.0,0.0
2024-02-27 10:30:00-05:00,150.1300048828125,150.27000427246094,149.7803955078125,150.07000732421875,205209,0.0,0.0
2024-02-27 11:30:00-05:00,150.0500030517578,150.4600067138672,149.9499969482422,150.4600067138672,137351,0.0,0.0
2024-02-27 12:30:00-05:00,150.44000244140625,150.44000244140625,149.92999267578125,150.02999877929688,177491,0.0,0.0
2024-02-27 13:30:00-05:00,150.0399932861328,150.0800018310547,149.6699981689453,149.91250610351562,306494,0.0,0.0
2024-02-27 14:30:00-05:00,149.90499877929688,150.38999938964844,149.8699951171875,150.38999938964844,256272,0.0,0.0
2024-02-27 15:30:00-05:00,150.39999389648438,150.72999572753906,150.35499572753906,150.5800018310547,258889,0.0,0.0
2024-02-28 09:30:00-05:00,150.7899932861328,151.19500732421875,150.60000610351562,150.92999267578125,387230,0.0,0.0
2024-02-28 10:30:00-05:00,150.97799682617188,151.49000549316406,150.8000030517578,151.22999572753906,490876,0.0,0.0
2024-02-28 11:30:00-05:00,151.1999969482422,151.5,151.02000427246094,151.10499572753906,209403,0.0,0.0
2024-02-28 12:30:00-05:00,151.10000610351562,151.4199981689453,151.0800018310547,151.39999389648438,177065,0.0,0.0
2024-02-28 13:30:00-05:00,151.4199981689453,151.97000122070312,146.00999450683594,148.4250030517578,2290806,0.0,0.0
2024-02-28 14:30:00-05:00,148.360107421875,149.17999267578125,148.07870483398438,148.58999633789062,771374,0.0,0.0
2024-02-28 15:30:00-05:00,148.5800018310547,148.5800018310547,147.85000610351562,147.97999572753906,879058,0.0,0.0
2024-02-29 09:30:00-05:00,148.58999633789062,148.6999969482422,147.47000122070312,148.6199951171875,511567,0.0,0.0
2024-02-29 10:30:00-05:00,148.60000610351562,149.2100067138672,148.33399963378906,149.08999633789062,451427,0.0,0.0
2024-02-29 11:30:00-05:00,149.0800018310547,149.10000610351562,148.50999450683594,148.82000732421875,466635,0.0,0.0
2024-02-29 12:30:00-05:00,148.83999633789062,149.97000122070312,148.8300018310547,149.5,550713,0.0,0.0
2024-02-29 13:30:00-05:00,149.5,149.8925018310547,149.39500427246094,149.4149932861328,314898,0.0,0.0
2024-02-29 14:30:00-05:00,149.41000366210938,149.47000122070312,149.2100067138672,149.3699951171875,347925,0.0,0.0
2024-02-29 15:30:00-05:00,149.4199981689453,149.60499572753906,149.22000122070312,149.25999450683594,535611,0.0,0.0
2024-03-01 09:30:00-05:00,149.60000610351562,151.13999938964844,149.3800048828125,150.49000549316406,320743,0.0,0.0
2024-03-01 10:30:00-05:00,150.52439880371094,150.77000427246094,150.30999755859375,150.34500122070312,215798,0.0,0.0
2024-03-01 11:30:00-05:00,150.3300018310547,150.7899932861328,150.1300048828125,150.72999572753906,170083,0.0,0.0
2024-03-01 12:30:00-05:00,150.72999572753906,150.94000244140625,150.69000244140625,150.72000122070312,193251,0.0,0.0
2024-03-01 13:30:00-05:00,150.6999969482422,150.73500061035156,150.33999633789062,150.6199951171875,223751,0.0,0.0
2024-03-01 14:30:00-05:00,150.63499450683594,151.05999755859375,150.4600067138672,151.03500366210938,295488,0.0,0.0
2024-03-01 15:30:00-05:00,151.03500366210938,151.06500244140625,150.3300018310547,150.35000610351562,362743,0.0,0.0
2024-03-04 09:30:00-05:00,150.1300048828125,150.88999938964844,149.6199951171875,150.0449981689453,233658,0.0,0.0
2024-03-04 10:30:00-05:00,150.0399932861328,150.0399932861328,149.11000061035156,149.3000030517578,170162,0.0,0.0
2024-03-04 11:30:00-05:00,149.2899932861328,149.8000030517578,149.13999938964844,149.77000427246094,176762,0.0,0.0
2024-03-04 12:30:00-05:00,149.7899932861328,149.99000549316406,149.52999877929688,149.6199951171875,148799,0.0,0.0
2024-03-04 13:30:00-05:00,149.61500549316406,150.38999938964844,149.52499389648438,150.22999572753906,259802,0.0,0.0
2024-03-04 14:30:00-05:00,150.24000549316406,150.8061065673828,150.24000549316406,150.55999755859375,303690,0.0,0.0
2024-03-04 15:30:00-05:00,150.55999755859375,150.55999755859375,149.88999938964844,150.00999450683594,422294,0.0,0.0
2024-03-05 09:30:00-05:00,150.2100067138672,151.36000061035156,149.8249969482422,150.9199981689453,215823,0.0,0.0
2024-03-05 10:30:00-05:00,150.91000366210938,150.92999267578125,150.44000244140625,150.56500244140625,197131,0.0,0.0
2024-03-05 11:30:00-05:00,150.52000427246094,150.61500549316406,149.83999633789062,150.10009765625,188787,0.0,0.0
2024-03-05 12:30:00-05:00,150.07000732421875,150.22000122070312,149.91000366210938,150.13999938964844,171946,0.0,0.0
2024-03-05 13:30:00-05:00,150.10000610351562,150.25999450683594,149.8800048828125,150.18499755859375,178118,0.0,0.0
2024-03-05 14:30:00-05:00,150.19500732421875,150.19500732421875,149.6999969482422,149.73899841308594,233086,0.0,0.0
2024-03-05 15:30:00-05:00,149.73500061035156,150.156005859375,149.66000366210938,149.9499969482422,419496,0.0,0.0
2024-03-06 09:30:00-05:00,150.50999450683594,151.25999450683594,149.99000549316406,151.10000610351562,216018,0.0,0.0
2024-03-06 10:30:00-05:00,151.08999633789062,151.41000366210938,150.8000030517578,151.41000366210938,201085,0.0,0.0
2024-03-06 11:30:00-05:00,151.40499877929688,151.5,151.1699981689453,151.2899932861328,175515,0.0,0.0
2024-03-06 12:30:00-05:00,151.3000030517578,151.30999755859375,150.75999450683594,151.01499938964844,191295,0.0,0.0
2024-03-06 13:30:00-05:00,151.0,151.0050048828125,150.2100067138672,150.55499267578125,285968,0.0,0.0
2024-03-06 14:30:00-05:00,150.5800018310547,150.61500549316406,149.9149932861328,150.14999389648438,229263,0.0,0.0
2024-03-06 15:30:00-05:00,150.16000366210938,150.80999755859375,150.15499877929688,150.66000366210938,242857,0.0,0.0
2024-03-07 09:30:00-05:00,151.3699951171875,152.19000244140625,151.11000061035156,151.6199951171875,197539,0.0,0.0
2024-03-07 10:30:00-05:00,151.60499572753906,151.69000244140625,150.3800048828125,150.5399932861328,239777,0.0,0.0
2024-03-07 11:30:00-05:00,150.4600067138672,150.75759887695312,150.19500732421875,150.42559814453125,223851,0.0,0.0
2024-03-07 12:30:00-05:00,150.36000061035156,150.3800048828125,149.9550018310547,150.06500244140625,206586,0.0,0.0
2024-03-07 13:30:00-05:00,150.0800018310547,150.50999450683594,150.02000427246094,150.47000122070312,236097,0.0,0.0
2024-03-07 14:30:00-05:00,150.44000244140625,150.49000549316406,149.86000061035156,150.31500244140625,261667,0.0,0.0
2024-03-07 15:30:00-05:00,150.32000732421875,150.60000610351562,150.15499877929688,150.25,344127,0.0,0.0
2024-03-08 09:30:00-05:00,150.2100067138672,151.53500366210938,149.9499969482422,150.97000122070312,196380,0.0,0.0
2024-03-08 10:30:00-05:00,150.92999267578125,151.0399932861328,150.63999938964844,150.97000122070312,243325,0.0,0.0
2024-03-08 11:30:00-05:00,150.97500610351562,151.32000732421875,150.85000610351562,151.2899932861328,213580,0.0,0.0
2024-03-08 12:30:00-05:00,151.32000732421875,151.57000732421875,151.27999877929688,151.4600067138672,148883,0.0,0.0
2024-03-08 13:30:00-05:00,151.4250030517578,151.5659942626953,151.02999877929688,151.5399932861328,172280,0.0,0.0
2024-03-08 14:30:00-05:00,151.5449981689453,151.8000030517578,151.0399932861328,151.08990478515625,261152,0.0,0.0
2024-03-08 15:30:00-05:00,151.10000610351562,151.49000549316406,151.08999633789062,151.24000549316406,245865,0.0,0.0
2024-03-11 09:30:00-04:00,151.4499969482422,151.82000732421875,149.32000732421875,149.36000061035156,368356,0.0,0.0
2024-03-11 10:30:00-04:00,149.41000366210938,150.0,149.13499450683594,149.47500610351562,189705,0.0,0.0
2024-03-11 11:30:00-04:00,149.4499969482422,149.7949981689453,149.2899932861328,149.5449981689453,207483,0.0,0.0
2024-03-11 12:30:00-04:00,149.5449981689453,149.7899932861328,149.36000061035156,149.67999267578125,176598,0.0,0.0
2024-03-11 13:30:00-04:00,149.69000244140625,150.02000427246094,149.50999450683594,150.00999450683594,256024,0.0,0.0
2024-03-11 14:30:00-04:00,150.00999450683594,150.07000732421875,149.7100067138672,149.89999389648438,326166,0.0,0.0
2024-03-11 15:30:00-04:00,149.88999938964844,149.99000549316406,149.5399932861328,149.7899932861328,349033,0.0,0.0
2024-03-12 09:30:00-04:00,150.0800018310547,151.24000549316406,149.77999877929688,151.24000549316406,205847,0.0,0.0
2024-03-12 10:30:00-04:00,151.22999572753906,151.25999450683594,150.8300018310547,151.0,156152,0.0,0.0
2024-03-12 11:30:00-04:00,150.9949951171875,151.1699981689453,150.7855987548828,150.8699951171875,256458,0.0,0.0
2024-03-12 12:30:00-04:00,150.90499877929688,150.9199981689453,150.41000366210938,150.4199981689453,181532,0.0,0.0
2024-03-12 13:30:00-04:00,150.43499755859375,150.8218994140625,150.36000061035156,150.69000244140625,188966,0.0,0.0
2024-03-12 14:30:00-04:00,150.7100067138672,151.1300048828125,150.27999877929688,151.08999633789062,263341,0.0,0.0
2024-03-12 15:30:00-04:00,151.11000061035156,151.11000061035156,150.49000549316406,150.64999389648438,342664,0.0,0.0
2024-03-13 09:30:00-04:00,150.3000030517578,151.02999877929688,149.75,150.98500061035156,255029,0.0,0.0
2024-03-13 10:30:00-04:00,150.9949951171875,151.38999938964844,150.9499969482422,151.2100067138672,189058,0.0,0.0
2024-03-13 11:30:00-04:00,151.19000244140625,151.65159606933594,151.19000244140625,151.42999267578125,175372,0.0,0.0
2024-03-13 12:30:00-04:00,151.42999267578125,151.72000122070312,150.99000549316406,151.0050048828125,148222,0.0,0.0
2024-03-13 13:30:00-04:00,150.99000549316406,151.3800048828125,150.77000427246094,151.3300018310547,147824,0.0,0.0
2024-03-13 14:30:00-04:00,151.32000732421875,151.38999938964844,150.81500244140625,150.99000549316406,256609,0.0,0.0
2024-03-13 15:30:00-04:00,150.97000122070312,151.30999755859375,150.91000366210938,151.05999755859375,426740,0.0,0.0
2024-03-14 09:30:00-04:00,151.66000366210938,151.97000122070312,150.14999389648438,150.3350067138672,234332,0.0,0.0
2024-03-14 10:30:00-04:00,150.34939575195312,150.77999877929688,150.00999450683594,150.05999755859375,313816,0.0,0.0
2024-03-14 11:30:00-04:00,150.02999877929688,150.3800048828125,149.66000366210938,150.32000732421875,320553,0.0,0.0
2024-03-14 12:30:00-04:00,150.33999633789062,150.39999389648438,149.83999633789062,149.85000610351562,189840,0.0,0.0
2024-03-14 13:30:00-04:00,149.83999633789062,150.16000366210938,149.7100067138672,149.97999572753906,183247,0.0,0.0
2024-03-14 14:30:00-04:00,149.94000244140625,150.1259002685547,149.27999877929688,149.4600067138672,334838,0.0,0.0
2024-03-14 15:30:00-04:00,149.44000244140625,150.00999450683594,149.25999450683594,149.97999572753906,444118,0.0,0.0
2024-03-15 09:30:00-04:00,148.3000030517578,150.4499969482422,148.19000244140625,150.3000030517578,599578,0.0,0.0
2024-03-15 10:30:00-04:00,150.2949981689453,150.75999450683594,150.17999267578125,150.52999877929688,135367,0.0,0.0
2024-03-15 11:30:00-04:00,150.57000732421875,150.63999938964844,150.1999969482422,150.22000122070312,139683,0.0,0.0
2024-03-15 12:30:00-04:00,150.22999572753906,150.5500030517578,150.0800018310547,150.35000610351562,157799,0.0,0.0
2024-03-15 13:30:00-04:00,150.3300018310547,150.52999877929688,149.89999389648438,150.19000244140625,187554,0.0,0.0
2024-03-15 14:30:00-04:00,150.13999938964844,150.5399932861328,150.1199951171875,150.25999450683594,208127,0.0,0.0
2024-03-15 15:30:00-04:00,150.25999450683594,150.25999450683594,148.7899932861328,149.67999267578125,480134,0.0,0.0
2024-03-18 09:30:00-04:00,150.07000732421875,151.72999572753906,150.07000732421875,151.32000732421875,290611,0.0,0.0
2024-03-18 10:30:00-04:00,151.30499267578125,151.6999969482422,151.2100067138672,151.66000366210938,186624,0.0,0.0
2024-03-18 11:30:00-04:00,151.6699981689453,151.84249877929688,151.52999877929688,151.8000030517578,175777,0.0,0.0
2024-03-18 12:30:00-04:00,151.77000427246094,152.4199981689453,151.72999572753906,152.0800018310547,204691,0.0,0.0
2024-03-18 13:30:00-04:00,152.11000061035156,152.11000061035156,151.77000427246094,152.0399932861328,195426,0.0,0.0
2024-03-18 14:30:00-04:00,152.02000427246094,152.1999969482422,151.85000610351562,152.0,256971,0.0,0.0
2024-03-18 15:30:00-04:00,151.99000549316406,152.24000549316406,151.9199981689453,152.16000366210938,389943,0.0,0.0
2024-03-19 09:30:00-04:00,152.3800048828125,152.82000732421875,152.0,152.4499969482422,240090,0.0,0.0
2024-03-19 10:30:00-04:00,152.47999572753906,153.05999755859375,152.42999267578125,153.05999755859375,246818,0.0,0.0
2024-03-19 11:30:00-04:00,153.10000610351562,153.22999572753906,152.9499969482422,153.16200256347656,213376,0.0,0.0
2024-03-19 12:30:00-04:00,153.17999267578125,153.5500030517578,153.17999267578125,153.49000549316406,223398,0.0,0.0
2024-03-19 13:30:00-04:00,153.47999572753906,153.67250061035156,153.38600158691406,153.64999389648438,240234,0.0,0.0
2024-03-19 14:30:00-04:00,153.64999389648438,153.91000366210938,153.5449981689453,153.80999755859375,333007,0.0,0.0
2024-03-19 15:30:00-04:00,153.80999755859375,154.52000427246094,153.77000427246094,154.33999633789062,553688,0.0,0.0
2024-03-20 09:30:00-04:00,154.0,154.72000122070312,153.42999267578125,154.2100067138672,325129,0.0,0.0
2024-03-20 10:30:00-04:00,154.22500610351562,154.40499877929688,153.9199981689453,154.3800048828125,193698,0.0,0.0
2024-03-20 11:30:00-04:00,154.36000061035156,154.42999267578125,154.11000061035156,154.26870727539062,152100,0.0,0.0
2024-03-20 12:30:00-04:00,154.25999450683594,154.39999389648438,154.11000061035156,154.3300018310547,155251,0.0,0.0
2024-03-20 13:30:00-04:00,154.3300018310547,154.80999755859375,154.14999389648438,154.75999450683594,234506,0.0,0.0
2024-03-20 14:30:00-04:00,154.8000030517578,155.47000122070312,154.4550018310547,155.39999389648438,334540,0.0,0.0
2024-03-20 15:30:00-04:00,155.39500427246094,155.61500549316406,155.08999633789062,155.49000549316406,421873,0.0,0.0
2024-03-21 09:30:00-04:00,155.97999572753906,156.5399932861328,155.47999572753906,156.33999633789062,256687,0.0,0.0
2024-03-21 10:30:00-04:00,156.3699951171875,156.3800048828125,155.83999633789062,156.27000427246094,548777,0.0,0.0
2024-03-21 11:30:00-04:00,156.2899932861328,156.86000061035156,156.2899932861328,156.35000610351562,310296,0.0,0.0
2024-03-21 12:30:00-04:00,156.3699951171875,156.4600067138672,155.75999450683594,155.83999633789062,316841,0.0,0.0
2024-03-21 13:30:00-04:00,155.8300018310547,156.31500244140625,155.6699981689453,156.27999877929688,220921,0.0,0.0
2024-03-21 14:30:00-04:00,156.28500366210938,156.5800018310547,156.16000366210938,156.52999877929688,341263,0.0,0.0
2024-03-21 15:30:00-04:00,156.5449981689453,156.61500549316406,156.0800018310547,156.32000732421875,513067,0.0,0.0
2024-03-22 09:30:00-04:00,156.5,157.3300018310547,156.1501007080078,156.6699981689453,330121,0.0,0.0
2024-03-22 10:30:00-04:00,156.6199951171875,156.77999877929688,156.0500030517578,156.17999267578125,272015,0.0,0.0
2024-03-22 11:30:00-04:00,156.17999267578125,156.35000610351562,156.07000732421875,156.25999450683594,306113,0.0,0.0
2024-03-22 12:30:00-04:00,156.24000549316406,156.25999450683594,155.9600067138672,156.22000122070312,204061,0.0,0.0
2024-03-22 13:30:00-04:00,156.24989318847656,156.69000244140625,156.23500061035156,156.69000244140625,133777,0.0,0.0
2024-03-22 14:30:00-04:00,156.69000244140625,156.69000244140625,156.35000610351562,156.63999938964844,254814,0.0,0.0
2024-03-22 15:30:00-04:00,156.64500427246094,156.66000366210938,156.19000244140625,156.1999969482422,526603,0.0,0.0
2024-03-25 09:30:00-04:00,156.24000549316406,156.5800018310547,155.66000366210938,155.93499755859375,272926,0.0,0.0
2024-03-25 10:30:00-04:00,155.91000366210938,156.22000122070312,155.85000610351562,156.21499633789062,227820,0.0,0.0
2024-03-25 11:30:00-04:00,156.24000549316406,156.3300018310547,156.0749969482422,156.25,152428,0.0,0.0
2024-03-25 12:30:00-04:00,156.25,156.52000427246094,156.11000061035156,156.39999389648438,127648,0.0,0.0
2024-03-25 13:30:00-04:00,156.39999389648438,156.6699981689453,156.34500122070312,156.6199951171875,159413,0.0,0.0
2024-03-25 14:30:00-04:00,156.6300048828125,156.83999633789062,156.41900634765625,156.75,235817,0.0,0.0
2024-03-25 15:30:00-04:00,156.74000549316406,156.91000366210938,156.41099548339844,156.78500366210938,423078,0.0,0.0
2024-03-26 09:30:00-04:00,157.25999450683594,158.63499450683594,157.10000610351562,158.4199981689453,461078,0.0,0.0
2024-03-26 10:30:00-04:00,158.4199981689453,158.5500030517578,157.97999572753906,158.39999389648438,457881,0.0,0.0
2024-03-26 11:30:00-04:00,158.39500427246094,158.66000366210938,158.2899932861328,158.5500030517578,210384,0.0,0.0
2024-03-26 12:30:00-04:00,158.57000732421875,158.58999633789062,158.125,158.35000610351562,283144,0.0,0.0
2024-03-26 13:30:00-04:00,158.35000610351562,158.77999877929688,158.19000244140625,158.52000427246094,297665,0.0,0.0
2024-03-26 14:30:00-04:00,158.52000427246094,158.63999938964844,158.38999938964844,158.55999755859375,379202,0.0,0.0
2024-03-26 15:30:00-04:00,158.5399932861328,158.69000244140625,158.17999267578125,158.6699981689453,555786,0.0,0.0
2024-03-27 09:30:00-04:00,159.25,159.89999389648438,157.91000366210938,157.94000244140625,243812,0.0,0.0
2024-03-27 10:30:00-04:00,157.88999938964844,158.5,157.8000030517578,158.22999572753906,246168,0.0,0.0
2024-03-27 11:30:00-04:00,158.2100067138672,158.3699951171875,157.8000030517578,158.0749969482422,223943,0.0,0.0
2024-03-27 12:30:00-04:00,158.08999633789062,158.4199981689453,157.89999389648438,158.375,271138,0.0,0.0
2024-03-27 13:30:00-04:00,158.3699951171875,158.47000122070312,157.9499969482422,158.47000122070312,159462,0.0,0.0
2024-03-27 14:30:00-04:00,158.49000549316406,158.82000732421875,158.4199981689453,158.77999877929688,251942,0.0,0.0
2024-03-27 15:30:00-04:00,158.77999877929688,159.44000244140625,158.70750427246094,159.41000366210938,490076,0.0,0.0
2024-03-28 09:30:00-04:00,159.6699981689453,159.91000366210938,159.19000244140625,159.4199981689453,180079,0.0,0.0
2024-03-28 10:30:00-04:00,159.4499969482422,159.6999969482422,159.1199951171875,159.14999389648438,154391,0.0,0.0
2024-03-28 11:30:00-04:00,159.17999267578125,159.99000549316406,159.10000610351562,159.86500549316406,230240,0.0,0.0
2024-03-28 12:30:00-04:00,159.82000732421875,159.82000732421875,159.3636016845703,159.4600067138672,207108,0.0,0.0
2024-03-28 13:30:00-04:00,159.4600067138672,159.5,158.875,159.0500030517578,278125,0.0,0.0
2024-03-28 14:30:00-04:00,159.0500030517578,159.4499969482422,158.9499969482422,159.30999755859375,238140,0.0,0.0
2024-03-28 15:30:00-04:00,159.32000732421875,159.97999572753906,159.19000244140625,159.75,617775,0.0,0.0
2024-04-01 09:30:00-04:00,159.74000549316406,159.9199981689453,159.08999633789062,159.1699981689453,236465,0.0,0.0
2024-04-01 10:30:00-04:00,159.1699981689453,159.64500427246094,159.08999633789062,159.3679962158203,372890,0.0,0.0
2024-04-01 11:30:00-04:00,159.3300018310547,159.4499969482422,159.0,159.02999877929688,143714,0.0,0.0
2024-04-01 12:30:00-04:00,159.02999877929688,159.1199951171875,158.59190368652344,158.69000244140625,175997,0.0,0.0
2024-04-01 13:30:00-04:00,158.69000244140625,158.91000366210938,158.47000122070312,158.88999938964844,137384,0.0,0.0
2024-04-01 14:30:00-04:00,158.88999938964844,158.9499969482422,158.5800018310547,158.6999969482422,229821,0.0,0.0
2024-04-01 15:30:00-04:00,158.69000244140625,158.82000732421875,158.41000366210938,158.5500030517578,309902,0.0,0.0
2024-04-02 09:30:00-04:00,158.57000732421875,159.75,157.5399932861328,157.55499267578125,240269,0.0,0.0
2024-04-02 10:30:00-04:00,157.55999755859375,157.99000549316406,157.52999877929688,157.6300048828125,159247,0.0,0.0
2024-04-02 11:30:00-04:00,157.625,158.0,157.625,157.86000061035156,179296,0.0,0.0
2024-04-02 12:30:00-04:00,157.8699951171875,158.2100067138672,157.8300018310547,157.88999938964844,114010,0.0,0.0
2024-04-02 13:30:00-04:00,157.88499450683594,158.0399932861328,157.77999877929688,157.97000122070312,163357,0.0,0.0
2024-04-02 14:30:00-04:00,157.96499633789062,158.49000549316406,157.96499633789062,158.47000122070312,185485,0.0,0.0
2024-04-02 15:30:00-04:00,158.47999572753906,158.5,158.0500030517578,158.30999755859375,411697,0.0,0.0
2024-04-03 09:30:00-04:00,158.47999572753906,159.35000610351562,158.38999938964844,158.41000366210938,208356,0.0,0.0
2024-04-03 10:30:00-04:00,158.39999389648438,158.57000732421875,158.1699981689453,158.5500030517578,189048,0.0,0.0
2024-04-03 11:30:00-04:00,158.57000732421875,158.72000122070312,158.47000122070312,158.6699981689453,136134,0.0,0.0
2024-04-03 12:30:00-04:00,158.64999389648438,158.97000122070312,158.24000549316406,158.97000122070312,179374,0.0,0.0
2024-04-03 13:30:00-04:00,158.97500610351562,159.1999969482422,158.77999877929688,158.80999755859375,167729,0.0,0.0
2024-04-03 14:30:00-04:00,158.80999755859375,158.85000610351562,157.97999572753906,158.1199951171875,240565,0.0,0.0
2024-04-03 15:30:00-04:00,158.11000061035156,158.1999969482422,157.67999267578125,157.69000244140625,438872,0.0,0.0
2024-04-04 09:30:00-04:00,158.60000610351562,159.1300048828125,158.44000244140625,158.4949951171875,172090,0.0,0.0
2024-04-04 10:30:00-04:00,158.48199462890625,158.7720947265625,158.3800048828125,158.52999877929688,147375,0.0,0.0
2024-04-04 11:30:00-04:00,158.5500030517578,158.7100067138672,158.32000732421875,158.33999633789062,117405,0.0,0.0
2024-04-04 12:30:00-04:00,158.32000732421875,158.6999969482422,158.13999938964844,158.47999572753906,179744,0.0,0.0
2024-04-04 13:30:00-04:00,158.5,158.52999877929688,156.8251953125,156.88999938964844,236698,0.0,0.0
2024-04-04 14:30:00-04:00,156.7449951171875,156.8000030517578,155.36000061035156,155.41000366210938,407897,0.0,0.0
2024-04-04 15:30:00-04:00,155.4250030517578,155.52000427246094,154.77000427246094,154.94000244140625,567733,0.0,0.0
2024-04-05 09:30:00-04:00,155.86000061035156,156.42999267578125,155.1300048828125,156.3300018310547,202430,0.0,0.0
2024-04-05 10:30:00-04:00,156.32000732421875,157.55499267578125,156.25,157.55499267578125,182321,0.0,0.0
2024-04-05 11:30:00-04:00,157.50999450683594,157.83999633789062,157.1699981689453,157.72999572753906,160190,0.0,0.0
2024-04-05 12:30:00-04:00,157.72500610351562,157.81500244140625,157.1699981689453,157.35000610351562,183327,0.0,0.0
2024-04-05 13:30:00-04:00,157.3800048828125,157.7550048828125,157.22999572753906,157.24000549316406,207578,0.0,0.0
2024-04-05 14:30:00-04:00,157.1999969482422,157.44000244140625,157.0800018310547,157.35000610351562,185301,0.0,0.0
2024-04-05 15:30:00-04:00,157.35000610351562,157.58999633789062,157.22999572753906,157.35000610351562,282026,0.0,0.0
2024-04-08 09:30:00-04:00,157.33999633789062,157.52999877929688,156.99000549316406,157.44000244140625,272790,0.0,0.0
2024-04-08 10:30:00-04:00,157.42999267578125,157.99000549316406,157.42999267578125,157.8699951171875,224396,0.0,0.0
2024-04-08 11:30:00-04:00,157.8699951171875,157.8699951171875,157.41000366210938,157.5399932861328,230060,0.0,0.0
2024-04-08 12:30:00-04:00,157.57000732421875,158.27000427246094,157.44000244140625,158.13999938964844,216160,0.0,0.0
2024-04-08 13:30:00-04:00,158.1300048828125,158.25999450683594,157.97999572753906,158.16000366210938,147362,0.0,0.0
2024-04-08 14:30:00-04:00,158.1300048828125,158.14999389648438,157.72000122070312,157.7899932861328,199651,0.0,0.0
2024-04-08 15:30:00-04:00,157.7899932861328,157.9080047607422,157.38499450683594,157.88999938964844,357540,0.0,0.0
2024-04-09 09:30:00-04:00,158.22999572753906,158.38999938964844,155.52000427246094,155.5800018310547,235320,0.0,0.0
2024-04-09 10:30:00-04:00,155.47999572753906,155.49000549316406,154.7100067138672,155.3300018310547,156116,0.0,0.0
2024-04-09 11:30:00-04:00,155.3699951171875,155.72000122070312,155.19000244140625,155.27999877929688,163236,0.0,0.0
2024-04-09 12:30:00-04:00,155.27999877929688,155.5850067138672,155.25999450683594,155.2899932861328,121838,0.0,0.0
2024-04-09 13:30:00-04:00,155.25999450683594,155.3300018310547,154.66000366210938,154.6999969482422,172413,0.0,0.0
2024-04-09 14:30:00-04:00,154.69430541992188,155.35000610351562,154.36000061035156,155.35000610351562,267131,0.0,0.0
2024-04-09 15:30:00-04:00,155.35000610351562,155.51499938964844,154.77999877929688,155.3699951171875,501778,0.0,0.0
2024-04-10 09:30:00-04:00,153.7100067138672,154.8300018310547,153.5063018798828,154.8300018310547,197835,0.0,0.0
2024-04-10 10:30:00-04:00,154.80999755859375,155.12570190429688,154.5034942626953,154.74000549316406,108807,0.0,0.0
2024-04-10 11:30:00-04:00,154.74000549316406,154.74000549316406,153.9700927734375,154.3800048828125,133217,0.0,0.0
2024-04-10 12:30:00-04:00,154.3699951171875,154.58999633789062,153.75,154.3000030517578,123592,0.0,0.0
2024-04-10 13:30:00-04:00,154.2899932861328,154.47999572753906,153.66000366210938,154.13999938964844,192416,0.0,0.0
2024-04-10 14:30:00-04:00,154.14999389648438,154.375,153.6199951171875,154.1999969482422,186904,0.0,0.0
2024-04-10 15:30:00-04:00,154.22999572753906,154.22999572753906,153.7100067138672,153.72000122070312,356352,0.0,0.0
2024-04-11 09:30:00-04:00,153.60000610351562,154.41000366210938,152.10000610351562,152.3350067138672,177501,0.0,0.0
2024-04-11 10:30:00-04:00,152.30499267578125,152.5050048828125,152.00999450683594,152.32000732421875,170844,0.0,0.0
2024-04-11 11:30:00-04:00,152.36000061035156,153.17250061035156,152.2899932861328,153.0,155154,0.0,0.0
2024-04-11 12:30:00-04:00,153.0,153.85000610351562,152.97999572753906,153.72999572753906,137938,0.0,0.0
2024-04-11 13:30:00-04:00,153.75,154.33999633789062,153.66000366210938,154.08999633789062,204390,0.0,0.0
2024-04-11 14:30:00-04:00,154.11000061035156,154.4499969482422,154.0500030517578,154.22999572753906,229663,0.0,0.0
2024-04-11 15:30:00-04:00,154.22500610351562,154.22500610351562,153.5399932861328,153.57000732421875,360088,0.0,0.0
2024-04-12 09:30:00-04:00,152.44000244140625,153.35000610351562,151.26480102539062,152.88999938964844,217925,0.0,0.0
2024-04-12 10:30:00-04:00,152.8800048828125,152.99000549316406,151.82000732421875,152.39999389648438,132103,0.0,0.0
2024-04-12 11:30:00-04:00,152.42999267578125,152.6199951171875,152.08999633789062,152.22000122070312,120319,0.0,0.0
2024-04-12 12:30:00-04:00,152.22000122070312,152.24000549316406,151.3249969482422,151.3300018310547,136483,0.0,0.0
2024-04-12 13:30:00-04:00,151.3000030517578,151.83999633789062,151.10000610351562,151.2899932861328,265745,0.0,0.0
2024-04-12 14:30:00-04:00,151.32000732421875,151.3300018310547,150.6699981689453,150.7899932861328,249041,0.0,0.0
2024-04-12 15:30:00-04:00,150.8000030517578,151.27999877929688,150.65499877929688,151.1999969482422,361138,0.0,0.0
2024-04-15 09:30:00-04:00,152.72000122070312,153.01499938964844,150.91000366210938,151.0500030517578,192423,0.0,0.0
2024-04-15 10:30:00-04:00,151.02999877929688,151.14999389648438,150.27000427246094,150.47000122070312,314514,0.0,0.0
2024-04-15 11:30:00-04:00,150.47500610351562,150.875,150.25999450683594,150.3350067138672,213046,0.0,0.0
2024-04-15 12:30:00-04:00,150.3350067138672,150.3350067138672,149.1999969482422,149.1999969482422,216829,0.0,0.0
2024-04-15 13:30:00-04:00,149.11000061035156,149.14999389648438,148.3699951171875,148.4949951171875,264978,0.0,0.0
2024-04-15 14:30:00-04:00,148.4600067138672,149.02000427246094,148.22999572753906,148.39999389648438,273909,0.0,0.0
2024-04-15 15:30:00-04:00,148.39999389648438,148.7899932861328,148.16000366210938,148.17999267578125,403806,0.0,0.0
2024-04-16 09:30:00-04:00,148.61000061035156,149.16000366210938,147.39999389648438,147.39999389648438,258919,0.0,0.0
2024-04-16 10:30:00-04:00,147.39999389648438,147.8800048828125,146.9199981689453,147.74000549316406,331115,0.0,0.0
2024-04-16 11:30:00-04:00,147.7100067138672,148.11000061035156,147.42999267578125,147.73500061035156,195004,0.0,0.0
2024-04-16 12:30:00-04:00,147.72000122070312,147.85000610351562,147.05999755859375,147.05999755859375,224365,0.0,0.0
2024-04-16 13:30:00-04:00,147.0800018310547,147.71910095214844,146.58999633789062,146.8800048828125,239055,0.0,0.0
2024-04-16 14:30:00-04:00,146.86000061035156,147.69000244140625,146.85000610351562,147.67999267578125,249206,0.0,0.0
2024-04-16 15:30:00-04:00,147.66000366210938,147.66000366210938,146.05999755859375,146.39999389648438,875158,0.0,0.0
2024-04-17 09:30:00-04:00,147.60000610351562,148.74000549316406,147.50999450683594,148.05999755859375,328039,0.0,0.0
2024-04-17 10:30:00-04:00,148.0449981689453,148.0800018310547,147.32000732421875,147.6300048828125,275035,0.0,0.0
2024-04-17 11:30:00-04:00,147.6199951171875,147.6999969482422,146.9499969482422,147.38999938964844,265712,0.0,0.0
2024-04-17 12:30:00-04:00,147.35000610351562,147.44900512695312,146.92999267578125,147.33999633789062,194715,0.0,0.0
2024-04-17 13:30:00-04:00,147.33999633789062,147.77999877929688,147.11000061035156,147.55999755859375,218175,0.0,0.0
2024-04-17 14:30:00-04:00,147.55999755859375,148.3800048828125,147.55999755859375,147.94000244140625,225923,0.0,0.0
2024-04-17 15:30:00-04:00,148.02000427246094,148.13999938964844,147.0,147.1300048828125,593503,0.0,0.0
2024-04-18 09:30:00-04:00,146.5,147.58999633789062,146.5,147.41000366210938,229216,0.0,0.0
2024-04-18 10:30:00-04:00,147.40499877929688,147.8800048828125,147.33999633789062,147.6699981689453,170951,0.0,0.0
2024-04-18 11:30:00-04:00,147.67999267578125,147.77999877929688,147.3800048828125,147.4600067138672,118317,0.0,0.0
2024-04-18 12:30:00-04:00,147.4600067138672,147.4600067138672,146.47999572753906,147.0399932861328,121014,0.0,0.0
2024-04-18 13:30:00-04:00,147.0,147.0,146.53500366210938,146.5399932861328,240362,0.0,0.0
2024-04-18 14:30:00-04:00,146.5800018310547,146.7899932861328,146.30499267578125,146.660400390625,235122,0.0,0.0
2024-04-18 15:30:00-04:00,146.67999267578125,147.0,146.52499389648438,146.91000366210938,457477,0.0,0.0
2024-04-19 09:30:00-04:00,147.00999450683594,147.83999633789062,145.97999572753906,147.52499389648438,483852,0.0,0.0
2024-04-19 10:30:00-04:00,147.49000549316406,147.72500610351562,147.25,147.3800048828125,311907,0.0,0.0
2024-04-19 11:30:00-04:00,147.375,147.83999633789062,147.2100067138672,147.32000732421875,232808,0.0,0.0
2024-04-19 12:30:00-04:00,147.33999633789062,148.10000610351562,147.27000427246094,147.82000732421875,139574,0.0,0.0
2024-04-19 13:30:00-04:00,147.82000732421875,148.47999572753906,147.82000732421875,147.8800048828125,154949,0.0,0.0
2024-04-19 14:30:00-04:00,147.89999389648438,148.47000122070312,147.6999969482422,148.3800048828125,263170,0.0,0.0
2024-04-19 15:30:00-04:00,148.38999938964844,148.66000366210938,147.99000549316406,148.61000061035156,391934,0.0,0.0
2024-04-22 09:30:00-04:00,149.27999877929688,149.27999877929688,148.11000061035156,148.6199951171875,351860,0.0,0.0
2024-04-22 10:30:00-04:00,148.61000061035156,148.8300018310547,148.0,148.1699981689453,255429,0.0,0.0
2024-04-22 11:30:00-04:00,148.18499755859375,148.80999755859375,148.1699981689453,148.63499450683594,211925,0.0,0.0
2024-04-22 12:30:00-04:00,148.6199951171875,149.39999389648438,148.5800018310547,149.39999389648438,293827,0.0,0.0
2024-04-22 13:30:00-04:00,149.38999938964844,149.7449951171875,149.1300048828125,149.74000549316406,317815,0.0,0.0
2024-04-22 14:30:00-04:00,149.75999450683594,149.77000427246094,148.88999938964844,148.94000244140625,336857,0.0,0.0
2024-04-22 15:30:00-04:00,148.9600067138672,148.97000122070312,148.4600067138672,148.82000732421875,513451,0.0,0.0
2024-04-23 09:30:00-04:00,159.22999572753906,159.55999755859375,153.5800018310547,157.65499877929688,1388572,0.0,0.0
2024-04-23 10:30:00-04:00,157.66000366210938,158.13999938964844,154.55999755859375,154.6199951171875,711446,0.0,0.0
2024-04-23 11:30:00-04:00,154.6199951171875,154.9698944091797,154.00999450683594,154.86000061035156,291474,0.0,0.0
2024-04-23 12:30:00-04:00,154.86000061035156,155.0,154.09629821777344,154.82000732421875,219923,0.0,0.0
2024-04-23 13:30:00-04:00,154.80999755859375,156.0399932861328,154.72999572753906,155.52999877929688,487824,0.0,0.0
2024-04-23 14:30:00-04:00,155.52999877929688,156.32000732421875,155.2100067138672,155.7100067138672,564893,0.0,0.0
2024-04-23 15:30:00-04:00,155.7100067138672,155.97999572753906,155.32000732421875,155.42999267578125,574448,0.0,0.0
2024-04-24 09:30:00-04:00,155.44000244140625,155.8800048828125,152.25,152.4199981689453,365202,0.0,0.0
2024-04-24 10:30:00-04:00,152.43499755859375,152.80499267578125,151.89999389648438,152.39999389648438,325444,0.0,0.0
2024-04-24 11:30:00-04:00,152.3800048828125,152.66000366210938,152.08999633789062,152.38999938964844,212739,0.0,0.0
2024-04-24 12:30:00-04:00,152.3699951171875,152.80999755859375,152.27999877929688,152.60000610351562,192978,0.0,0.0
2024-04-24 13:30:00-04:00,152.60000610351562,153.2100067138672,152.52000427246094,152.77499389648438,207067,0.0,0.0
2024-04-24 14:30:00-04:00,152.74000549316406,152.89999389648438,152.3699951171875,152.63999938964844,206583,0.0,0.0
2024-04-24 15:30:00-04:00,152.6199951171875,152.75999450683594,152.22999572753906,152.25,495029,0.0,0.0
2024-04-25 09:30:00-04:00,151.63999938964844,151.9199981689453,150.35000610351562,150.41000366210938,241002,0.0,0.0
2024-04-25 10:30:00-04:00,150.4149932861328,151.35000610351562,150.32000732421875,151.22999572753906,249620,0.0,0.0
2024-04-25 11:30:00-04:00,151.25999450683594,152.42999267578125,151.1199951171875,152.375,197201,0.0,0.0
2024-04-25 12:30:00-04:00,152.38999938964844,152.80999755859375,152.05999755859375,152.3300018310547,278974,0.0,0.0
2024-04-25 13:30:00-04:00,152.3249969482422,153.24000549316406,152.25999450683594,152.89999389648438,239562,0.0,0.0
2024-04-25 14:30:00-04:00,152.8699951171875,153.4600067138672,152.75999450683594,153.38999938964844,336964,0.0,0.0
2024-04-25 15:30:00-04:00,153.42999267578125,153.52000427246094,153.02000427246094,153.2899932861328,686332,0.0,0.0
2024-04-26 09:30:00-04:00,153.10000610351562,156.52999877929688,152.72000122070312,156.4250030517578,393937,0.0,0.0
2024-04-26 10:30:00-04:00,156.4250030517578,156.9199981689453,155.1999969482422,155.6199951171875,531937,0.0,0.0
2024-04-26 11:30:00-04:00,155.57000732421875,156.25999450683594,155.52000427246094,156.25,284276,0.0,0.0
2024-04-26 12:30:00-04:00,156.25,156.5399932861328,155.77999877929688,156.26499938964844,220967,0.0,0.0
2024-04-26 13:30:00-04:00,156.2550048828125,156.44000244140625,155.97999572753906,156.0800018310547,225220,0.0,0.0
2024-04-26 14:30:00-04:00,156.10000610351562,156.42999267578125,155.99000549316406,156.22999572753906,297059,0.0,0.0
2024-04-26 15:30:00-04:00,156.19000244140625,156.35000610351562,155.74000549316406,155.8300018310547,606257,0.0,0.0
2024-04-29 09:30:00-04:00,156.0,156.3800048828125,155.13499450683594,155.51499938964844,274232,0.0,0.0
2024-04-29 10:30:00-04:00,155.53250122070312,155.75999450683594,154.4600067138672,154.5800018310547,216540,0.0,0.0
2024-04-29 11:30:00-04:00,154.5399932861328,154.92999267578125,154.36000061035156,154.72000122070312,132168,0.0,0.0
2024-04-29 12:30:00-04:00,154.74000549316406,155.02000427246094,154.47500610351562,154.47500610351562,127701,0.0,0.0
2024-04-29 13:30:00-04:00,154.5,154.72999572753906,154.19000244140625,154.22000122070312,132510,0.0,0.0
2024-04-29 14:30:00-04:00,154.22000122070312,154.27999877929688,153.43499755859375,153.91000366210938,202494,0.0,0.0
2024-04-29 15:30:00-04:00,153.9199981689453,154.35000610351562,153.75,154.3300018310547,382777,0.0,0.0
2024-04-30 09:30:00-04:00,153.36000061035156,153.9499969482422,153.11000061035156,153.3300018310547,139734,0.0,0.0
2024-04-30 10:30:00-04:00,153.3000030517578,153.39999389648438,152.69000244140625,152.86000061035156,188354,0.0,0.0
2024-04-30 11:30:00-04:00,152.86000061035156,153.00999450683594,152.5500030517578,152.89999389648438,122527,0.0,0.0
2024-04-30 12:30:00-04:00,152.89999389648438,152.89999389648438,152.38999938964844,152.5800018310547,114178,0.0,0.0
2024-04-30 13:30:00-04:00,152.5749969482422,153.07000732421875,152.5399932861328,152.63999938964844,119444,0.0,0.0
2024-04-30 14:30:00-04:00,152.61000061035156,152.76600646972656,152.17999267578125,152.36500549316406,168548,0.0,0.0
2024-04-30 15:30:00-04:00,152.36500549316406,152.91000366210938,152.27999877929688,152.6699981689453,647325,0.0,0.0
2024-05-01 09:30:00-04:00,152.10000610351562,152.66000366210938,151.0449981689453,151.27000427246094,384453,0.0,0.0
2024-05-01 10:30:00-04:00,151.27000427246094,151.58999633789062,150.75,150.82000732421875,293142,0.0,0.0
2024-05-01 11:30:00-04:00,150.81500244140625,151.52999877929688,150.81500244140625,150.9499969482422,237695,0.0,0.0
2024-05-01 12:30:00-04:00,150.94000244140625,150.94000244140625,149.875,150.33999633789062,201439,0.0,0.0
2024-05-01 13:30:00-04:00,150.2899932861328,150.52999877929688,149.83999633789062,150.27999877929688,446745,0.0,0.0
2024-05-01 14:30:00-04:00,150.2949981689453,151.36000061035156,149.6999969482422,150.3000030517578,782557,0.0,0.0
2024-05-01 15:30:00-04:00,150.27000427246094,150.31500244140625,148.7550048828125,148.80999755859375,479226,0.0,0.0
2024-05-02 09:30:00-04:00,149.85000610351562,149.85000610351562,148.58999633789062,149.1300048828125,427221,0.0,0.0
2024-05-02 10:30:00-04:00,149.11000061035156,149.74000549316406,148.42999267578125,149.34500122070312,459695,0.0,0.0
2024-05-02 11:30:00-04:00,149.3699951171875,149.44000244140625,148.97999572753906,149.02999877929688,172373,0.0,0.0
2024-05-02 12:30:00-04:00,149.02999877929688,149.14999389648438,148.66000366210938,149.00999450683594,164951,0.0,0.0
2024-05-02 13:30:00-04:00,149.05999755859375,149.3300018310547,148.97000122070312,149.2100067138672,263226,0.0,0.0
2024-05-02 14:30:00-04:00,149.2449951171875,149.55499267578125,149.14999389648438,149.3699951171875,314053,0.0,0.0
2024-05-02 15:30:00-04:00,149.36000061035156,149.3800048828125,148.9499969482422,149.19000244140625,364146,0.0,0.0
2024-05-03 09:30:00-04:00,149.00999450683594,149.50999450683594,147.72500610351562,148.36000061035156,411064,0.0,0.0
2024-05-03 10:30:00-04:00,148.3800048828125,149.08999633789062,148.35000610351562,149.0399932861328,340566,0.0,0.0
2024-05-03 11:30:00-04:00,149.0749969482422,149.44000244140625,148.99000549316406,149.1999969482422,409365,0.0,0.0
2024-05-03 12:30:00-04:00,149.2100067138672,149.31500244140625,148.9600067138672,149.1649932861328,285148,0.0,0.0
2024-05-03 13:30:00-04:00,149.1649932861328,149.4600067138672,149.05160522460938,149.1999969482422,376005,0.0,0.0
2024-05-03 14:30:00-04:00,149.2100067138672,149.39999389648438,149.07000732421875,149.3000030517578,256650,0.0,0.0
2024-05-03 15:30:00-04:00,149.27000427246094,149.3699951171875,149.07000732421875,149.22000122070312,432800,0.0,0.0
2024-05-06 09:30:00-04:00,149.60000610351562,150.14500427246094,149.35000610351562,150.0,338136,0.0,0.0
2024-05-06 10:30:00-04:00,149.97500610351562,150.1999969482422,149.64999389648438,149.77999877929688,214782,0.0,0.0
2024-05-06 11:30:00-04:00,149.77999877929688,149.9324951171875,149.60000610351562,149.9250030517578,143015,0.0,0.0
2024-05-06 12:30:00-04:00,149.9250030517578,150.07000732421875,149.82000732421875,150.00999450683594,201607,0.0,0.0
2024-05-06 13:30:00-04:00,149.99000549316406,150.27999877929688,149.9199981689453,150.26499938964844,170746,0.0,0.0
2024-05-06 14:30:00-04:00,150.27000427246094,150.40499877929688,149.9499969482422,149.99000549316406,181552,0.0,0.0
2024-05-06 15:30:00-04:00,149.9949951171875,150.66000366210938,149.97000122070312,150.58999633789062,466103,0.0,0.0
2024-05-07 09:30:00-04:00,150.7100067138672,152.0850067138672,150.61000061035156,151.91000366210938,199673,0.0,0.0
2024-05-07 10:30:00-04:00,151.82000732421875,152.1999969482422,151.50999450683594,152.10000610351562,186838,0.0,0.0
2024-05-07 11:30:00-04:00,152.0800018310547,152.6699981689453,151.88999938964844,152.52000427246094,175047,0.0,0.0
2024-05-07 12:30:00-04:00,152.50689697265625,152.74000549316406,152.1999969482422,152.69000244140625,181556,0.0,0.0
2024-05-07 13:30:00-04:00,152.6699981689453,152.8800048828125,152.2899932861328,152.3300018310547,196505,0.0,0.0
2024-05-07 14:30:00-04:00,152.2899932861328,152.8184051513672,152.25999450683594,152.77999877929688,200174,0.0,0.0
2024-05-07 15:30:00-04:00,152.7899932861328,153.13999938964844,152.74000549316406,153.02999877929688,398689,0.0,0.0
2024-05-08 09:30:00-04:00,152.89999389648438,153.61000061035156,152.02999877929688,152.47999572753906,308094,0.0,0.0
2024-05-08 10:30:00-04:00,152.4250030517578,152.85000610351562,152.10000610351562,152.3000030517578,190002,0.0,0.0
2024-05-08 11:30:00-04:00,152.30999755859375,152.58999633789062,152.24200439453125,152.36000061035156,119375,0.0,0.0
2024-05-08 12:30:00-04:00,152.32000732421875,152.50999450683594,152.1833953857422,152.35000610351562,131469,0.0,0.0
2024-05-08 13:30:00-04:00,152.32000732421875,153.19000244140625,152.30999755859375,153.19000244140625,216553,0.0,0.0
2024-05-08 14:30:00-04:00,153.1699981689453,153.25999450683594,152.8300018310547,152.91000366210938,300794,0.0,0.0
2024-05-08 15:30:00-04:00,152.89999389648438,153.5,152.85499572753906,153.27999877929688,477458,0.0,0.0
2024-05-09 09:30:00-04:00,153.19000244140625,153.97000122070312,153.13499450683594,153.6999969482422,175686,0.0,0.0
2024-05-09 10:30:00-04:00,153.77999877929688,154.6199951171875,153.7429962158203,154.07000732421875,372907,0.0,0.0
2024-05-09 11:30:00-04:00,154.0850067138672,154.35000610351562,153.77999877929688,153.86000061035156,242819,0.0,0.0
2024-05-09 12:30:00-04:00,153.83999633789062,154.02000427246094,153.24000549316406,153.61000061035156,441241,0.0,0.0
2024-05-09 13:30:00-04:00,153.6199951171875,153.9600067138672,153.1699981689453,153.9600067138672,267958,0.0,0.0
2024-05-09 14:30:00-04:00,153.97000122070312,154.47999572753906,153.83999633789062,154.4250030517578,217453,0.0,0.0
2024-05-09 15:30:00-04:00,154.41000366210938,154.77999877929688,154.3509979248047,154.67999267578125,382494,0.0,0.0
2024-05-10 09:30:00-04:00,155.3800048828125,155.52999877929688,154.27499389648438,154.39999389648438,322311,0.0,0.0
2024-05-10 10:30:00-04:00,154.39500427246094,155.0399932861328,154.35499572753906,154.67999267578125,233696,0.0,0.0
2024-05-10 11:30:00-04:00,154.6699981689453,154.97999572753906,154.44000244140625,154.5050048828125,180517,0.0,0.0
2024-05-10 12:30:00-04:00,154.50999450683594,154.75999450683594,154.3000030517578,154.39500427246094,157533,0.0,0.0
2024-05-10 13:30:00-04:00,154.41000366210938,154.97000122070312,154.39500427246094,154.77999877929688,269708,0.0,0.0
2024-05-10 14:30:00-04:00,154.75999450683594,154.77000427246094,154.5,154.63999938964844,186438,0.0,0.0
2024-05-10 15:30:00-04:00,154.64999389648438,154.64999389648438,154.1999969482422,154.1999969482422,366704,0.0,0.0
2024-05-13 09:30:00-04:00,154.85000610351562,155.22999572753906,154.02000427246094,154.1999969482422,163699,0.0,0.0
2024-05-13 10:30:00-04:00,154.25999450683594,154.25999450683594,152.89999389648438,153.38499450683594,299416,0.0,0.0
2024-05-13 11:30:00-04:00,153.3800048828125,153.63999938964844,152.8699951171875,152.89999389648438,270702,0.0,0.0
2024-05-13 12:30:00-04:00,152.89999389648438,153.0500030517578,152.39999389648438,152.52000427246094,155457,0.0,0.0
2024-05-13 13:30:00-04:00,152.5050048828125,152.9600067138672,152.44000244140625,152.6199951171875,143199,0.0,0.0
2024-05-13 14:30:00-04:00,152.61000061035156,153.4949951171875,152.61000061035156,153.35000610351562,222069,0.0,0.0
2024-05-13 15:30:00-04:00,153.36000061035156,153.55999755859375,153.11000061035156,153.2100067138672,305796,0.0,0.0
2024-05-14 09:30:00-04:00,153.47999572753906,154.22999572753906,152.60000610351562,153.81500244140625,199357,0.0,0.0
2024-05-14 10:30:00-04:00,153.8300018310547,154.19000244140625,153.72999572753906,154.0800018310547,130704,0.0,0.0
2024-05-14 11:30:00-04:00,154.0247039794922,154.0402069091797,153.39999389648438,153.39999389648438,292524,0.0,0.0
2024-05-14 12:30:00-04:00,153.3800048828125,153.72999572753906,153.25999450683594,153.35000610351562,109571,0.0,0.0
2024-05-14 13:30:00-04:00,153.35000610351562,153.97999572753906,153.27999877929688,153.88999938964844,252763,0.0,0.0
2024-05-14 14:30:00-04:00,153.8800048828125,154.25,153.8800048828125,153.9499969482422,211531,0.0,0.0
2024-05-14 15:30:00-04:00,153.9499969482422,154.23500061035156,153.6300048828125,153.64999389648438,373502,0.0,0.0
2024-05-15 09:30:00-04:00,153.72999572753906,155.53500366210938,153.72999572753906,155.39999389648438,191976,0.0,0.0
2024-05-15 10:30:00-04:00,155.3800048828125,155.66000366210938,155.30499267578125,155.4550018310547,131629,0.0,0.0
2024-05-15 11:30:00-04:00,155.47000122070312,155.64999389648438,155.1999969482422,155.60000610351562,94933,0.0,0.0
2024-05-15 12:30:00-04:00,155.58999633789062,155.59500122070312,155.10000610351562,155.19000244140625,109792,0.0,0.0
2024-05-15 13:30:00-04:00,155.2100067138672,155.3350067138672,154.99000549316406,155.1199951171875,118766,0.0,0.0
2024-05-15 14:30:00-04:00,155.15499877929688,155.15499877929688,154.63999938964844,154.63999938964844,157170,0.0,0.0
2024-05-15 15:30:00-04:00,154.63999938964844,155.36000061035156,154.63999938964844,155.02000427246094,373768,0.0,0.0
2024-05-16 09:30:00-04:00,155.0,155.75,154.2899932861328,154.51499938964844,227987,0.0,0.0
2024-05-16 10:30:00-04:00,154.57000732421875,155.23699951171875,154.39999389648438,155.05999755859375,190528,0.0,0.0
2024-05-16 11:30:00-04:00,155.03500366210938,155.0800018310547,154.44000244140625,154.55999755859375,244644,0.0,0.0
2024-05-16 12:30:00-04:00,154.57000732421875,154.60499572753906,154.0924072265625,154.0924072265625,154581,0.0,0.0
2024-05-16 13:30:00-04:00,154.1199951171875,154.1699981689453,153.3699951171875,153.60000610351562,298554,0.0,0.0
2024-05-16 14:30:00-04:00,153.6199951171875,153.82000732421875,153.47000122070312,153.47000122070312,459802,0.0,0.0
2024-05-16 15:30:00-04:00,153.47000122070312,153.58999633789062,152.7100067138672,152.8699951171875,588026,0.0,0.0
2024-05-17 09:30:00-04:00,153.5,153.5,152.59060668945312,153.1300048828125,416885,0.0,0.0
2024-05-17 10:30:00-04:00,153.1199951171875,153.13499450683594,152.63999938964844,152.75,168476,0.0,0.0
2024-05-17 11:30:00-04:00,152.77000427246094,153.0500030517578,152.6300048828125,152.875,221002,0.0,0.0
2024-05-17 12:30:00-04:00,152.86000061035156,152.91000366210938,152.63429260253906,152.6999969482422,182813,0.0,0.0
2024-05-17 13:30:00-04:00,152.6999969482422,152.6999969482422,152.1999969482422,152.52000427246094,169998,0.0,0.0
2024-05-17 14:30:00-04:00,152.52000427246094,152.5500030517578,151.9250030517578,152.00999450683594,291267,0.0,0.0
2024-05-17 15:30:00-04:00,152.07899475097656,152.7899932861328,152.0500030517578,152.75900268554688,449362,0.0,0.0
2024-05-20 09:30:00-04:00,152.72000122070312,153.0500030517578,151.30999755859375,151.32000732421875,292343,0.0,0.0
2024-05-20 10:30:00-04:00,151.3300018310547,152.36000061035156,151.25,152.02749633789062,255208,0.0,0.0
2024-05-20 11:30:00-04:00,152.01499938964844,152.19000244140625,151.58999633789062,151.625,129187,0.0,0.0
2024-05-20 12:30:00-04:00,151.6269989013672,151.69500732421875,151.33999633789062,151.41400146484375,130714,0.0,0.0
2024-05-20 13:30:00-04:00,151.39999389648438,151.41000366210938,150.75999450683594,150.85000610351562,194867,0.0,0.0
2024-05-20 14:30:00-04:00,150.83999633789062,151.35000610351562,150.8249969482422,151.32000732421875,194356,0.0,0.0
2024-05-20 15:30:00-04:00,151.3300018310547,151.4499969482422,151.0800018310547,151.44000244140625,274901,0.0,0.0
2024-05-21 09:30:00-04:00,151.0800018310547,152.0449981689453,150.27000427246094,151.89999389648438,249687,0.0,0.0
2024-05-21 10:30:00-04:00,151.9199981689453,152.4600067138672,151.8699951171875,151.99000549316406,217839,0.0,0.0
2024-05-21 11:30:00-04:00,151.97000122070312,152.04660034179688,151.50999450683594,152.04660034179688,156824,0.0,0.0
2024-05-21 12:30:00-04:00,152.07000732421875,152.28500366210938,151.97500610351562,152.02999877929688,123827,0.0,0.0
2024-05-21 13:30:00-04:00,152.0399932861328,152.49000549316406,152.0399932861328,152.4600067138672,116886,0.0,0.0
2024-05-21 14:30:00-04:00,152.4600067138672,153.0850067138672,152.44000244140625,153.0399932861328,223244,0.0,0.0
2024-05-21 15:30:00-04:00,153.02999877929688,153.25999450683594,152.5800018310547,152.8000030517578,495704,0.0,0.0
2024-05-22 09:30:00-04:00,152.8800048828125,153.2050018310547,152.5800018310547,152.9199981689453,171201,0.0,0.0
2024-05-22 10:30:00-04:00,152.93589782714844,153.0590057373047,152.19009399414062,152.22000122070312,133058,0.0,0.0
2024-05-22 11:30:00-04:00,152.22000122070312,152.3800048828125,152.02999877929688,152.3800048828125,124107,0.0,0.0
2024-05-22 12:30:00-04:00,152.42999267578125,152.8300018310547,152.3800048828125,152.47000122070312,106151,0.0,0.0
2024-05-22 13:30:00-04:00,152.4600067138672,152.47000122070312,151.94000244140625,151.94000244140625,152062,0.0,0.0
2024-05-22 14:30:00-04:00,151.9149932861328,152.3699951171875,151.8699951171875,152.2899932861328,197275,0.0,0.0
2024-05-22 15:30:00-04:00,152.30499267578125,152.6300048828125,152.11000061035156,152.61000061035156,281860,0.0,0.0
2024-05-23 09:30:00-04:00,152.8300018310547,152.9199981689453,151.22999572753906,151.60000610351562,185612,0.0,0.0
2024-05-23 10:30:00-04:00,151.5500030517578,151.77999877929688,151.17999267578125,151.27499389648438,116416,0.0,0.0
2024-05-23 11:30:00-04:00,151.27499389648438,151.41000366210938,150.8699951171875,151.09010314941406,110661,0.0,0.0
2024-05-23 12:30:00-04:00,151.11000061035156,151.17999267578125,150.63999938964844,150.77000427246094,112652,0.0,0.0
2024-05-23 13:30:00-04:00,150.7550048828125,150.75999450683594,149.9199981689453,150.00999450683594,160759,0.0,0.0
2024-05-23 14:30:00-04:00,150.0,150.4600067138672,149.89999389648438,150.17999267578125,269539,0.0,0.0
2024-05-23 15:30:00-04:00,150.1999969482422,150.3612060546875,149.97500610351562,150.16000366210938,264825,0.0,0.0
2024-05-24 09:30:00-04:00,150.88999938964844,151.25999450683594,150.17999267578125,150.61000061035156,179821,0.0,0.0
2024-05-24 10:30:00-04:00,150.61000061035156,150.6699981689453,150.02000427246094,150.30999755859375,156573,0.0,0.0
2024-05-24 11:30:00-04:00,150.3300018310547,150.6199951171875,150.19000244140625,150.49000549316406,191863,0.0,0.0
2024-05-24 12:30:00-04:00,150.52000427246094,150.5399932861328,150.10499572753906,150.19000244140625,167582,0.0,0.0
2024-05-24 13:30:00-04:00,150.16000366210938,150.5050048828125,150.05999755859375,150.24000549316406,138955,0.0,0.0
2024-05-24 14:30:00-04:00,150.2449951171875,150.41000366210938,149.8300018310547,150.22999572753906,173091,0.0,0.0
2024-05-24 15:30:00-04:00,150.24000549316406,150.41000366210938,150.11000061035156,150.3300018310547,268353,0.0,0.0
2024-05-28 09:30:00-04:00,149.77000427246094,150.76499938964844,148.47999572753906,149.5800018310547,238333,0.0,0.0
2024-05-28 10:30:00-04:00,149.58999633789062,149.6649932861328,148.89999389648438,148.97999572753906,219333,0.0,0.0
2024-05-28 11:30:00-04:00,148.9949951171875,149.08999633789062,148.16000366210938,148.30499267578125,227492,0.0,0.0
2024-05-28 12:30:00-04:00,148.3000030517578,148.32000732421875,147.60000610351562,147.63499450683594,169048,0.0,0.0
2024-05-28 13:30:00-04:00,147.6199951171875,147.89999389648438,147.57000732421875,147.71499633789062,189915,0.0,0.0
2024-05-28 14:30:00-04:00,147.7100067138672,148.0399932861328,147.57000732421875,147.91000366210938,244860,0.0,0.0
2024-05-28 15:30:00-04:00,147.91000366210938,148.4499969482422,147.91000366210938,148.4199981689453,427179,0.0,0.0
2024-05-29 09:30:00-04:00,147.11000061035156,147.6999969482422,146.7100067138672,147.1300048828125,245311,0.0,0.0
2024-05-29 10:30:00-04:00,147.11000061035156,147.6300048828125,147.07000732421875,147.3300018310547,204077,0.0,0.0
2024-05-29 11:30:00-04:00,147.33999633789062,147.83999633789062,147.3300018310547,147.8000030517578,197604,0.0,0.0
2024-05-29 12:30:00-04:00,147.7899932861328,148.0800018310547,147.6699981689453,148.05999755859375,161525,0.0,0.0
2024-05-29 13:30:00-04:00,148.0500030517578,148.26499938964844,147.97999572753906,148.1699981689453,185831,0.0,0.0
2024-05-29 14:30:00-04:00,148.1699981689453,148.22999572753906,147.8249969482422,148.1199951171875,227468,0.0,0.0
2024-05-29 15:30:00-04:00,148.10000610351562,148.3000030517578,147.74000549316406,147.8800048828125,457728,0.0,0.0
2024-05-30 09:30:00-04:00,147.97999572753906,148.08999633789062,146.8000030517578,147.7899932861328,270985,0.0,0.0
2024-05-30 10:30:00-04:00,147.7899932861328,148.19000244140625,147.72999572753906,148.0500030517578,179732,0.0,0.0
2024-05-30 11:30:00-04:00,148.07000732421875,148.36000061035156,148.02000427246094,148.2550048828125,142860,0.0,0.0
2024-05-30 12:30:00-04:00,148.27000427246094,148.67999267578125,148.17999267578125,148.38999938964844,201962,0.0,0.0
2024-05-30 13:30:00-04:00,148.39500427246094,148.51499938964844,148.10000610351562,148.2572021484375,174953,0.0,0.0
2024-05-30 14:30:00-04:00,148.27000427246094,148.35000610351562,147.72999572753906,147.86099243164062,208193,0.0,0.0
2024-05-30 15:30:00-04:00,147.86500549316406,148.02999877929688,147.61000061035156,147.88499450683594,285595,0.0,0.0
2024-05-31 09:30:00-04:00,147.8000030517578,148.55999755859375,146.7899932861328,147.4600067138672,266987,0.0,0.0
2024-05-31 10:30:00-04:00,147.4499969482422,148.22000122070312,147.33999633789062,147.99000549316406,208102,0.0,0.0
2024-05-31 11:30:00-04:00,147.97000122070312,148.1199951171875,147.7100067138672,148.07000732421875,132179,0.0,0.0
2024-05-31 12:30:00-04:00,148.0800018310547,148.4499969482422,147.94000244140625,148.4499969482422,150671,0.0,0.0
2024-05-31 13:30:00-04:00,148.47000122070312,148.67999267578125,148.33999633789062,148.47999572753906,127094,0.0,0.0
2024-05-31 14:30:00-04:00,148.47000122070312,148.58999633789062,148.25999450683594,148.2899932861328,220313,0.0,0.0
2024-05-31 15:30:00-04:00,148.2899932861328,149.86000061035156,148.19000244140625,149.75999450683594,599138,0.0,0.0
2024-06-03 09:30:00-04:00,149.47999572753906,150.0500030517578,148.47999572753906,148.88999938964844,253918,0.0,0.0
2024-06-03 10:30:00-04:00,148.8699951171875,148.89999389648438,147.6699981689453,147.9600067138672,215231,0.0,0.0
2024-06-03 11:30:00-04:00,147.93499755859375,148.13999938964844,146.98500061035156,147.10000610351562,172957,0.0,0.0
2024-06-03 12:30:00-04:00,147.07000732421875,147.39500427246094,146.75999450683594,147.35000610351562,209302,0.0,0.0
2024-06-03 13:30:00-04:00,147.35499572753906,147.9199981689453,147.30999755859375,147.75999450683594,208267,0.0,0.0
2024-06-03 14:30:00-04:00,147.77999877929688,148.39500427246094,147.77000427246094,148.11000061035156,232000,0.0,0.0
2024-06-03 15:30:00-04:00,148.07000732421875,148.52000427246094,147.99000549316406,148.52000427246094,281032,0.0,0.0
2024-06-04 09:30:00-04:00,147.66000366210938,148.4499969482422,147.52000427246094,148.27999877929688,322711,0.0,0.0
2024-06-04 10:30:00-04:00,148.2899932861328,148.38499450683594,147.6699981689453,147.80999755859375,206325,0.0,0.0
2024-06-04 11:30:00-04:00,147.7899932861328,147.97999572753906,147.57000732421875,147.97999572753906,147033,0.0,0.0
2024-06-04 12:30:00-04:00,147.97999572753906,148.35000610351562,147.91000366210938,148.35000610351562,135171,0.0,0.0
2024-06-04 13:30:00-04:00,148.36000061035156,148.8000030517578,148.23500061035156,148.7100067138672,197860,0.0,0.0
2024-06-04 14:30:00-04:00,148.6999969482422,148.7100067138672,148.19000244140625,148.5500030517578,227351,0.0,0.0
2024-06-04 15:30:00-04:00,148.5399932861328,148.6136932373047,147.8800048828125,147.97999572753906,392904,0.0,0.0
2024-06-05 09:30:00-04:00,148.74000549316406,149.3000030517578,147.83999633789062,148.2899932861328,214705,0.0,0.0
2024-06-05 10:30:00-04:00,148.28500366210938,149.3350067138672,148.28500366210938,149.24000549316406,210407,0.0,0.0
2024-06-05 11:30:00-04:00,149.25999450683594,149.25999450683594,148.96640014648438,149.22000122070312,178712,0.0,0.0
2024-06-05 12:30:00-04:00,149.21499633789062,149.30499267578125,149.01499938964844,149.27000427246094,136669,0.0,0.0
2024-06-05 13:30:00-04:00,149.2550048828125,149.63999938964844,149.2550048828125,149.63999938964844,178238,0.0,0.0
2024-06-05 14:30:00-04:00,149.625,150.02999877929688,149.61000061035156,149.69000244140625,234342,0.0,0.0
2024-06-05 15:30:00-04:00,149.67999267578125,149.8800048828125,149.22000122070312,149.3300018310547,369500,0.0,0.0
2024-06-06 09:30:00-04:00,149.36000061035156,151.36000061035156,148.8800048828125,150.72000122070312,274042,0.0,0.0
2024-06-06 10:30:00-04:00,150.72000122070312,150.72000122070312,149.91000366210938,150.0500030517578,188871,0.0,0.0
2024-06-06 11:30:00-04:00,150.0500030517578,150.18499755859375,149.88999938964844,149.94500732421875,145649,0.0,0.0
2024-06-06 12:30:00-04:00,149.94000244140625,150.24000549316406,149.85000610351562,150.21499633789062,129998,0.0,0.0
2024-06-06 13:30:00-04:00,150.21499633789062,150.5399932861328,150.02920532226562,150.49940490722656,199223,0.0,0.0
2024-06-06 14:30:00-04:00,150.5,150.58999633789062,150.2899932861328,150.47000122070312,217889,0.0,0.0
2024-06-06 15:30:00-04:00,150.47000122070312,150.63999938964844,150.3699951171875,150.6199951171875,329621,0.0,0.0
2024-06-07 09:30:00-04:00,150.7899932861328,152.00999450683594,150.41650390625,151.9199981689453,192165,0.0,0.0
2024-06-07 10:30:00-04:00,151.8699951171875,152.17999267578125,151.47999572753906,151.50999450683594,205639,0.0,0.0
2024-06-07 11:30:00-04:00,151.50999450683594,151.60000610351562,151.00999450683594,151.22000122070312,137670,0.0,0.0
2024-06-07 12:30:00-04:00,151.2449951171875,151.41000366210938,150.91000366210938,151.3699951171875,153701,0.0,0.0
2024-06-07 13:30:00-04:00,151.3699951171875,151.52499389648438,151.00999450683594,151.27499389648438,133023,0.0,0.0
2024-06-07 14:30:00-04:00,151.27999877929688,151.4600067138672,151.00999450683594,151.25999450683594,191846,0.0,0.0
2024-06-07 15:30:00-04:00,151.25999450683594,151.63999938964844,150.97000122070312,151.4199981689453,426511,0.0,0.0
2024-06-10 09:30:00-04:00,150.33999633789062,150.39999389648438,148.63999938964844,149.11000061035156,303596,0.0,0.0
2024-06-10 10:30:00-04:00,149.10000610351562,149.1199951171875,148.10000610351562,148.6300048828125,294265,0.0,0.0
2024-06-10 11:30:00-04:00,148.64999389648438,149.02999877929688,148.57000732421875,148.6199951171875,158274,0.0,0.0
2024-06-10 12:30:00-04:00,148.60000610351562,148.92999267578125,148.52999877929688,148.72999572753906,138440,0.0,0.0
2024-06-10 13:30:00-04:00,148.72999572753906,149.8800048828125,148.69000244140625,149.85000610351562,208045,0.0,0.0
2024-06-10 14:30:00-04:00,149.83999633789062,150.08999633789062,149.64999389648438,149.8699951171875,281788,0.0,0.0
2024-06-10 15:30:00-04:00,149.875,149.97000122070312,149.34500122070312,149.60000610351562,452991,0.0,0.0
2024-06-11 09:30:00-04:00,149.0800018310547,149.14999389648438,147.5399932861328,147.82000732421875,318787,0.0,0.0
2024-06-11 10:30:00-04:00,147.7899932861328,148.99000549316406,147.7100067138672,148.24000549316406,385278,0.0,0.0
2024-06-11 11:30:00-04:00,148.27999877929688,148.52000427246094,147.92999267578125,147.98500061035156,144136,0.0,0.0
2024-06-11 12:30:00-04:00,148.0,148.2899932861328,147.3800048828125,147.60000610351562,214423,0.0,0.0
2024-06-11 13:30:00-04:00,147.60000610351562,148.50999450683594,147.5800018310547,148.31149291992188,331824,0.0,0.0
2024-06-11 14:30:00-04:00,148.30999755859375,148.4250030517578,148.1300048828125,148.1999969482422,274453,0.0,0.0
2024-06-11 15:30:00-04:00,148.2050018310547,148.25999450683594,147.7899932861328,147.97999572753906,476153,0.0,0.0
2024-06-12 09:30:00-04:00,150.6199951171875,150.6750030517578,149.33999633789062,149.77999877929688,328842,0.0,0.0
2024-06-12 10:30:00-04:00,149.76499938964844,149.8000030517578,148.96499633789062,149.10499572753906,258519,0.0,0.0
2024-06-12 11:30:00-04:00,149.08999633789062,149.08999633789062,148.42999267578125,148.42999267578125,309426,0.0,0.0
2024-06-12 12:30:00-04:00,148.42999267578125,148.8300018310547,148.35000610351562,148.5554962158203,185056,0.0,0.0
2024-06-12 13:30:00-04:00,148.5399932861328,148.66000366210938,147.97999572753906,148.27000427246094,228007,0.0,0.0
2024-06-12 14:30:00-04:00,148.3000030517578,148.7899932861328,147.86000061035156,147.9499969482422,336089,0.0,0.0
2024-06-12 15:30:00-04:00,147.94000244140625,148.24000549316406,147.67999267578125,147.97999572753906,481764,0.0,0.0
2024-06-13 09:30:00-04:00,147.66000366210938,147.86000061035156,146.25,147.1999969482422,208879,0.0,0.0
2024-06-13 10:30:00-04:00,147.25999450683594,147.3800048828125,146.57000732421875,146.88999938964844,167449,0.0,0.0
2024-06-13 11:30:00-04:00,146.9600067138672,147.39939880371094,146.92999267578125,147.25999450683594,126276,0.0,0.0
2024-06-13 12:30:00-04:00,147.2100067138672,147.6699981689453,147.19000244140625,147.49000549316406,119534,0.0,0.0
2024-06-13 13:30:00-04:00,147.52000427246094,148.1699981689453,147.4499969482422,147.9600067138672,154655,0.0,0.0
2024-06-13 14:30:00-04:00,147.9600067138672,148.13999938964844,147.6699981689453,147.7899932861328,240038,0.0,0.0
2024-06-13 15:30:00-04:00,147.7899932861328,148.30999755859375,147.75,148.22999572753906,360508,0.0,0.0
2024-06-14 09:30:00-04:00,147.4499969482422,147.9499969482422,146.97000122070312,147.39500427246094,351033,0.0,0.0
2024-06-14 10:30:00-04:00,147.41000366210938,147.7550048828125,147.1300048828125,147.58999633789062,201269,0.0,0.0
2024-06-14 11:30:00-04:00,147.61000061035156,147.75999450683594,147.4199981689453,147.64999389648438,274463,0.0,0.0
2024-06-14 12:30:00-04:00,147.6649932861328,147.8000030517578,147.61000061035156,147.6699981689453,252114,0.0,0.0
2024-06-14 13:30:00-04:00,147.6649932861328,148.5050048828125,147.61000061035156,148.32000732421875,202746,0.0,0.0
2024-06-14 14:30:00-04:00,148.2949981689453,149.19000244140625,148.1300048828125,149.17999267578125,239310,0.0,0.0
2024-06-14 15:30:00-04:00,149.1699981689453,149.25,148.6199951171875,148.9600067138672,333744,0.0,0.0
2024-06-17 09:30:00-04:00,148.27000427246094,149.4199981689453,147.6999969482422,147.7100067138672,294099,0.0,0.0
2024-06-17 10:30:00-04:00,147.7100067138672,148.89999389648438,147.4600067138672,148.89999389648438,157793,0.0,0.0
2024-06-17 11:30:00-04:00,148.86000061035156,149.36000061035156,148.72000122070312,149.17999267578125,170514,0.0,0.0
2024-06-17 12:30:00-04:00,149.17999267578125,149.34669494628906,148.9499969482422,149.19000244140625,176826,0.0,0.0
2024-06-17 13:30:00-04:00,149.19000244140625,149.97999572753906,148.99000549316406,149.8699951171875,223632,0.0,0.0
2024-06-17 14:30:00-04:00,149.8699951171875,150.05999755859375,149.44000244140625,150.02499389648438,294564,0.0,0.0
2024-06-17 15:30:00-04:00,150.00999450683594,150.0800018310547,149.6699981689453,149.8000030517578,381936,0.0,0.0
2024-06-18 09:30:00-04:00,150.0800018310547,150.5800018310547,148.5500030517578,148.6699981689453,353762,0.0,0.0
2024-06-18 10:30:00-04:00,148.58999633789062,148.9499969482422,148.17999267578125,148.23500061035156,305716,0.0,0.0
2024-06-18 11:30:00-04:00,148.22000122070312,150.00999450683594,148.2100067138672,149.63999938964844,265583,0.0,0.0
2024-06-18 12:30:00-04:00,149.63999938964844,149.7949981689453,149.18800354003906,149.2550048828125,228535,0.0,0.0
2024-06-18 13:30:00-04:00,149.26499938964844,149.7100067138672,149.02999877929688,149.58999633789062,220541,0.0,0.0
2024-06-18 14:30:00-04:00,149.58999633789062,149.60850524902344,149.1999969482422,149.55499267578125,265269,0.0,0.0
2024-06-18 15:30:00-04:00,149.5449981689453,149.6300048828125,149.2949981689453,149.52999877929688,357913,0.0,0.0
2024-06-20 09:30:00-04:00,148.99000549316406,149.82000732421875,148.46499633789062,149.67999267578125,325126,0.0,0.0
2024-06-20 10:30:00-04:00,149.63999938964844,149.6699981689453,148.42999267578125,148.52499389648438,298162,0.0,0.0
2024-06-20 11:30:00-04:00,148.50999450683594,149.30999755859375,148.4199981689453,149.22999572753906,195447,0.0,0.0
2024-06-20 12:30:00-04:00,149.22500610351562,149.69000244140625,149.14999389648438,149.69000244140625,162381,0.0,0.0
2024-06-20 13:30:00-04:00,149.69000244140625,150.55999755859375,149.6750030517578,150.32899475097656,184313,0.0,0.0
2024-06-20 14:30:00-04:00,150.32989501953125,150.4600067138672,149.9499969482422,150.1999969482422,256370,0.0,0.0
2024-06-20 15:30:00-04:00,150.21499633789062,150.2550048828125,149.77000427246094,149.9600067138672,472204,0.0,0.0
2024-06-21 09:30:00-04:00,150.41000366210938,151.1199951171875,149.85000610351562,149.9199981689453,817010,0.0,0.0
2024-06-21 10:30:00-04:00,149.91000366210938,150.0800018310547,149.3300018310547,149.3300018310547,287796,0.0,0.0
2024-06-21 11:30:00-04:00,149.3350067138672,149.6999969482422,148.9499969482422,149.00999450683594,260465,0.0,0.0
2024-06-21 12:30:00-04:00,149.0500030517578,149.24000549316406,148.99000549316406,149.02000427246094,227743,0.0,0.0
2024-06-21 13:30:00-04:00,149.00999450683594,149.13999938964844,148.8300018310547,149.02499389648438,295368,0.0,0.0
2024-06-21 14:30:00-04:00,149.02499389648438,149.05999755859375,148.67999267578125,148.9199981689453,344468,0.0,0.0
2024-06-21 15:30:00-04:00,148.94000244140625,149.85000610351562,148.88999938964844,149.66000366210938,673532,0.0,0.0
2024-06-24 09:30:00-04:00,149.6999969482422,151.47999572753906,149.10000610351562,151.47999572753906,237673,0.0,0.0
2024-06-24 10:30:00-04:00,151.49000549316406,151.82000732421875,151.1199951171875,151.27999877929688,167639,0.0,0.0
2024-06-24 11:30:00-04:00,151.3000030517578,151.72999572753906,151.27000427246094,151.61000061035156,121662,0.0,0.0
2024-06-24 12:30:00-04:00,151.6199951171875,151.72999572753906,150.97000122070312,151.11900329589844,145832,0.0,0.0
2024-06-24 13:30:00-04:00,151.0800018310547,151.10000610351562,150.6199951171875,150.88999938964844,161357,0.0,0.0
2024-06-24 14:30:00-04:00,150.8800048828125,150.9499969482422,150.5800018310547,150.69000244140625,166584,0.0,0.0
2024-06-24 15:30:00-04:00,150.7100067138672,150.86000061035156,150.22000122070312,150.2899932861328,471282,0.0,0.0
2024-06-25 09:30:00-04:00,150.39999389648438,150.69000244140625,149.27000427246094,149.52499389648438,301406,0.0,0.0
2024-06-25 10:30:00-04:00,149.5500030517578,150.11000061035156,149.36000061035156,149.44000244140625,185389,0.0,0.0
2024-06-25 11:30:00-04:00,149.4600067138672,149.63999938964844,149.25,149.4499969482422,138071,0.0,0.0
2024-06-25 12:30:00-04:00,149.42999267578125,149.42999267578125,148.99000549316406,149.2100067138672,134645,0.0,0.0
2024-06-25 13:30:00-04:00,149.23500061035156,149.23500061035156,148.55999755859375,148.83999633789062,213222,0.0,0.0
2024-06-25 14:30:00-04:00,148.83999633789062,149.08999633789062,148.6300048828125,149.00900268554688,229914,0.0,0.0
2024-06-25 15:30:00-04:00,149.0,149.0,148.53500366210938,148.83999633789062,413428,0.0,0.0
2024-06-26 09:30:00-04:00,147.74000549316406,149.3699951171875,147.74000549316406,148.55999755859375,295451,0.0,0.0
2024-06-26 10:30:00-04:00,148.52000427246094,148.8300018310547,148.02999877929688,148.5500030517578,203233,0.0,0.0
2024-06-26 11:30:00-04:00,148.55499267578125,149.02000427246094,148.4600067138672,148.86000061035156,177143,0.0,0.0
2024-06-26 12:30:00-04:00,148.8699951171875,148.97999572753906,148.63499450683594,148.75999450683594,156138,0.0,0.0
2024-06-26 13:30:00-04:00,148.75999450683594,149.39999389648438,148.55999755859375,149.28250122070312,218592,0.0,0.0
2024-06-26 14:30:00-04:00,149.28500366210938,149.6999969482422,149.27000427246094,149.6199951171875,289552,0.0,0.0
2024-06-26 15:30:00-04:00,149.60000610351562,150.0500030517578,149.57000732421875,149.75,427659,0.0,0.0
2024-06-27 09:30:00-04:00,150.02000427246094,150.22999572753906,148.80999755859375,149.31500244140625,266221,0.0,0.0
2024-06-27 10:30:00-04:00,149.32000732421875,149.35000610351562,148.5449981689453,148.93499755859375,197470,0.0,0.0
2024-06-27 11:30:00-04:00,148.9550018310547,149.42999267578125,148.92999267578125,149.22500610351562,236106,0.0,0.0
2024-06-27 12:30:00-04:00,149.2799072265625,149.35000610351562,149.1199951171875,149.1649932861328,150327,0.0,0.0
2024-06-27 13:30:00-04:00,149.14999389648438,149.2100067138672,148.36000061035156,148.43499755859375,301906,0.0,0.0
2024-06-27 14:30:00-04:00,148.41000366210938,149.25999450683594,148.39329528808594,149.25999450683594,185433,0.0,0.0
2024-06-27 15:30:00-04:00,149.3000030517578,149.31500244140625,148.83999633789062,149.08999633789062,362382,0.0,0.0
2024-06-28 09:30:00-04:00,149.63999938964844,149.63999938964844,148.35000610351562,148.77000427246094,203617,0.0,0.0
2024-06-28 10:30:00-04:00,148.8000030517578,149.08929443359375,148.4499969482422,148.50999450683594,175970,0.0,0.0
2024-06-28 11:30:00-04:00,148.5500030517578,148.5500030517578,147.94000244140625,148.1699981689453,126773,0.0,0.0
2024-06-28 12:30:00-04:00,148.14500427246094,148.4600067138672,148.0500030517578,148.36000061035156,151456,0.0,0.0
2024-06-28 13:30:00-04:00,148.32000732421875,148.50999450683594,148.19000244140625,148.19000244140625,171619,0.0,0.0
2024-06-28 14:30:00-04:00,148.19500732421875,148.58999633789062,148.07000732421875,148.5850067138672,272202,0.0,0.0
2024-06-28 15:30:00-04:00,148.58999633789062,149.1199951171875,148.2899932861328,149.0,580248,0.0,0.0
2024-07-01 09:30:00-04:00,149.5500030517578,150.07000732421875,148.25,148.47000122070312,242720,0.0,0.0
2024-07-01 10:30:00-04:00,148.42080688476562,148.4499969482422,147.39999389648438,147.72999572753906,162991,0.0,0.0
2024-07-01 11:30:00-04:00,147.77000427246094,148.05499267578125,147.69000244140625,147.97000122070312,105914,0.0,0.0
2024-07-01 12:30:00-04:00,147.97000122070312,148.07000732421875,147.6300048828125,147.83999633789062,101507,0.0,0.0
2024-07-01 13:30:00-04:00,147.8300018310547,147.94000244140625,147.50999450683594,147.63999938964844,112458,0.0,0.0
2024-07-01 14:30:00-04:00,147.63999938964844,147.63999938964844,147.1199951171875,147.1199951171875,215067,0.0,0.0
2024-07-01 15:30:00-04:00,147.11000061035156,147.4499969482422,147.0500030517578,147.1300048828125,303500,0.0,0.0
2024-07-02 09:30:00-04:00,146.77000427246094,148.41000366210938,146.77000427246094,148.41000366210938,154612,0.0,0.0
2024-07-02 10:30:00-04:00,148.4149932861328,148.4149932861328,147.89759826660156,148.25999450683594,103895,0.0,0.0
2024-07-02 11:30:00-04:00,148.2899932861328,148.34500122070312,148.05999755859375,148.3000030517578,90743,0.0,0.0
2024-07-02 12:30:00-04:00,148.3000030517578,148.4149932861328,148.1300048828125,148.30999755859375,89940,0.0,0.0
2024-07-02 13:30:00-04:00,148.2899932861328,148.53500366210938,148.1199951171875,148.49000549316406,138907,0.0,0.0
2024-07-02 14:30:00-04:00,148.47999572753906,148.8800048828125,148.2899932861328,148.6999969482422,260900,0.0,0.0
2024-07-02 15:30:00-04:00,148.6699981689453,149.4600067138672,148.66000366210938,149.42999267578125,238125,0.0,0.0
2024-07-03 09:30:00-04:00,149.4199981689453,149.97000122070312,148.94000244140625,149.22999572753906,237487,0.0,0.0
2024-07-03 10:30:00-04:00,149.22000122070312,149.36000061035156,148.25,148.38999938964844,202368,0.0,0.0
2024-07-03 11:30:00-04:00,148.36000061035156,149.1699981689453,148.16000366210938,148.8300018310547,197504,0.0,0.0
2024-07-05 09:30:00-04:00,149.0800018310547,149.25,148.1300048828125,148.8699951171875,243393,0.0,0.0
2024-07-05 10:30:00-04:00,148.8800048828125,149.44000244140625,148.8699951171875,149.0500030517578,148878,0.0,0.0
2024-07-05 11:30:00-04:00,149.06500244140625,149.3000030517578,149.0,149.1699981689453,110590,0.0,0.0
2024-07-05 12:30:00-04:00,149.17999267578125,149.60000610351562,149.16000366210938,149.58999633789062,93000,0.0,0.0
2024-07-05 13:30:00-04:00,149.5742950439453,150.0500030517578,149.57000732421875,150.00999450683594,159220,0.0,0.0
2024-07-05 14:30:00-04:00,150.01499938964844,150.1699981689453,149.92999267578125,150.11000061035156,136762,0.0,0.0
2024-07-05 15:30:00-04:00,150.11000061035156,150.57000732421875,150.08999633789062,150.50999450683594,308420,0.0,0.0
2024-07-08 09:30:00-04:00,150.0,150.99000549316406,149.7100067138672,150.61500549316406,350673,0.0,0.0
2024-07-08 10:30:00-04:00,150.61000061035156,150.87989807128906,150.25,150.4199981689453,281301,0.0,0.0
2024-07-08 11:30:00-04:00,150.4499969482422,150.5,149.9499969482422,150.47000122070312,179981,0.0,0.0
2024-07-08 12:30:00-04:00,150.47999572753906,150.80990600585938,150.3800048828125,150.39999389648438,212518,0.0,0.0
2024-07-08 13:30:00-04:00,150.40499877929688,150.85000610351562,150.40499877929688,150.83999633789062,211661,0.0,0.0
2024-07-08 14:30:00-04:00,150.83999633789062,151.05999755859375,150.4600067138672,151.0,258895,0.0,0.0
2024-07-08 15:30:00-04:00,151.0050048828125,151.2799072265625,150.89500427246094,150.99000549316406,434969,0.0,0.0
2024-07-09 09:30:00-04:00,150.9600067138672,151.7100067138672,150.17999267578125,150.35000610351562,183610,0.0,0.0
2024-07-09 10:30:00-04:00,150.30999755859375,151.13999938964844,150.3000030517578,150.94000244140625,177794,0.0,0.0
2024-07-09 11:30:00-04:00,150.9199981689453,151.49000549316406,150.7550048828125,151.49000549316406,149783,0.0,0.0
2024-07-09 12:30:00-04:00,151.49000549316406,151.92999267578125,151.22999572753906,151.6699981689453,168515,0.0,0.0
2024-07-09 13:30:00-04:00,151.6300048828125,151.97000122070312,151.47000122070312,151.47500610351562,177652,0.0,0.0
2024-07-09 14:30:00-04:00,151.47000122070312,151.47999572753906,150.94500732421875,151.1699981689453,247849,0.0,0.0
2024-07-09 15:30:00-04:00,151.1699981689453,151.4149932861328,151.02200317382812,151.14999389648438,346516,0.0,0.0
2024-07-10 09:30:00-04:00,150.86000061035156,150.94000244140625,147.47000122070312,147.5850067138672,341508,0.0,0.0
2024-07-10 10:30:00-04:00,147.5850067138672,147.97000122070312,147.18499755859375,147.64500427246094,276225,0.0,0.0
2024-07-10 11:30:00-04:00,147.64999389648438,147.72999572753906,146.4600067138672,147.125,251857,0.0,0.0
2024-07-10 12:30:00-04:00,147.0800018310547,147.35000610351562,146.69000244140625,147.18499755859375,229171,0.0,0.0
2024-07-10 13:30:00-04:00,147.18499755859375,147.5500030517578,147.14999389648438,147.47000122070312,210811,0.0,0.0
2024-07-10 14:30:00-04:00,147.47500610351562,148.0,147.0500030517578,147.97000122070312,258713,0.0,0.0
2024-07-10 15:30:00-04:00,147.97000122070312,148.97999572753906,147.88999938964844,148.8300018310547,449490,0.0,0.0
2024-07-11 09:30:00-04:00,149.24000549316406,150.8300018310547,148.5800018310547,150.22999572753906,238834,0.0,0.0
2024-07-11 10:30:00-04:00,150.22000122070312,150.32000732421875,149.6699981689453,150.27000427246094,201266,0.0,0.0
2024-07-11 11:30:00-04:00,150.27000427246094,150.5399932861328,149.9250030517578,150.1999969482422,179381,0.0,0.0
2024-07-11 12:30:00-04:00,150.1999969482422,150.52999877929688,149.9499969482422,150.52499389648438,200683,0.0,0.0
2024-07-11 13:30:00-04:00,150.52000427246094,151.17999267578125,150.52000427246094,150.75,208924,0.0,0.0
2024-07-11 14:30:00-04:00,150.75,150.97999572753906,150.7100067138672,150.92999267578125,217627,0.0,0.0
2024-07-11 15:30:00-04:00,150.92999267578125,151.4600067138672,150.85499572753906,151.2100067138672,423072,0.0,0.0
2024-07-12 09:30:00-04:00,151.8800048828125,153.5399932861328,151.5850067138672,153.5,297938,0.0,0.0
2024-07-12 10:30:00-04:00,153.5,154.36000061035156,153.3699951171875,154.21499633789062,312718,0.0,0.0
2024-07-12 11:30:00-04:00,154.24000549316406,154.27000427246094,153.6199951171875,153.78500366210938,238645,0.0,0.0
2024-07-12 12:30:00-04:00,153.80999755859375,154.44000244140625,153.6199951171875,154.28469848632812,180992,0.0,0.0
2024-07-12 13:30:00-04:00,154.27000427246094,154.2899932861328,153.86500549316406,154.08999633789062,204631,0.0,0.0
2024-07-12 14:30:00-04:00,154.0800018310547,154.14500427246094,153.86000061035156,154.0800018310547,270709,0.0,0.0
2024-07-12 15:30:00-04:00,154.0800018310547,154.19000244140625,153.07000732421875,153.2899932861328,487119,0.0,0.0
2024-07-15 09:30:00-04:00,154.19000244140625,155.53390502929688,153.77000427246094,155.110107421875,268660,0.0,0.0
2024-07-15 10:30:00-04:00,155.15499877929688,155.60000610351562,155.05999755859375,155.3800048828125,179733,0.0,0.0
2024-07-15 11:30:00-04:00,155.3699951171875,155.7617950439453,155.16000366210938,155.32000732421875,224943,0.0,0.0
2024-07-15 12:30:00-04:00,155.30999755859375,155.6999969482422,155.0399932861328,155.41000366210938,184966,0.0,0.0
2024-07-15 13:30:00-04:00,155.3800048828125,155.39500427246094,154.77999877929688,155.3699951171875,188908,0.0,0.0
2024-07-15 14:30:00-04:00,155.3699951171875,155.5446014404297,155.33999633789062,155.41000366210938,245049,0.0,0.0
2024-07-15 15:30:00-04:00,155.4199981689453,155.5500030517578,155.0399932861328,155.41000366210938,340549,0.0,0.0
2024-07-16 09:30:00-04:00,155.80999755859375,156.80999755859375,155.2949981689453,156.1074981689453,183888,0.0,0.0
2024-07-16 10:30:00-04:00,156.10499572753906,156.43080139160156,155.9600067138672,156.15499877929688,228448,0.0,0.0
2024-07-16 11:30:00-04:00,156.15499877929688,156.6300048828125,155.6999969482422,156.52999877929688,207791,0.0,0.0
2024-07-16 12:30:00-04:00,156.50999450683594,156.83999633789062,156.2899932861328,156.32000732421875,227901,0.0,0.0
2024-07-16 13:30:00-04:00,156.3300018310547,156.92999267578125,156.3000030517578,156.55999755859375,154399,0.0,0.0
2024-07-16 14:30:00-04:00,156.55999755859375,156.92999267578125,156.3800048828125,156.83999633789062,213810,0.0,0.0
2024-07-16 15:30:00-04:00,156.8699951171875,157.44000244140625,156.69000244140625,157.16000366210938,462483,0.0,0.0
2024-07-17 09:30:00-04:00,157.05999755859375,158.6199951171875,157.0399932861328,158.22999572753906,318783,0.0,0.0
2024-07-17 10:30:00-04:00,158.16000366210938,158.2541961669922,157.33999633789062,157.625,428026,0.0,0.0
2024-07-17 11:30:00-04:00,157.61000061035156,158.0,157.3249969482422,157.66000366210938,324902,0.0,0.0
2024-07-17 12:30:00-04:00,157.63499450683594,157.88999938964844,157.23500061035156,157.4600067138672,332665,0.0,0.0
2024-07-17 13:30:00-04:00,157.44000244140625,158.0850067138672,157.38499450683594,158.0,260225,0.0,0.0
2024-07-17 14:30:00-04:00,158.00999450683594,158.00999450683594,157.0399932861328,157.61500549316406,445518,0.0,0.0
2024-07-17 15:30:00-04:00,157.6300048828125,158.1300048828125,157.3300018310547,158.02999877929688,597781,0.0,0.0
2024-07-18 09:30:00-04:00,157.74000549316406,159.72000122070312,157.44000244140625,159.3800048828125,356099,0.0,0.0
2024-07-18 10:30:00-04:00,159.360107421875,159.9499969482422,159.0500946044922,159.57000732421875,340513,0.0,0.0
2024-07-18 11:30:00-04:00,159.60000610351562,159.7100067138672,158.41000366210938,158.66000366210938,238263,0.0,0.0
2024-07-18 12:30:00-04:00,158.67999267578125,158.8800048828125,158.44000244140625,158.57989501953125,195023,0.0,0.0
2024-07-18 13:30:00-04:00,158.5500030517578,158.99000549316406,158.00999450683594,158.07000732421875,303862,0.0,0.0
2024-07-18 14:30:00-04:00,158.05999755859375,158.17999267578125,157.0500030517578,157.20689392089844,370016,0.0,0.0
2024-07-18 15:30:00-04:00,157.2100067138672,157.8800048828125,157.14999389648438,157.6300048828125,591656,0.0,0.0
2024-07-19 09:30:00-04:00,158.38999938964844,158.80999755859375,156.55099487304688,156.6199951171875,334781,0.0,0.0
2024-07-19 10:30:00-04:00,156.58999633789062,156.75,156.02999877929688,156.02999877929688,218340,0.0,0.0
2024-07-19 11:30:00-04:00,156.05999755859375,156.62989807128906,155.80999755859375,156.2100067138672,197252,0.0,0.0
2024-07-19 12:30:00-04:00,156.24000549316406,156.25999450683594,155.5500030517578,155.75,228632,0.0,0.0
2024-07-19 13:30:00-04:00,155.75,156.2100067138672,155.67999267578125,156.02999877929688,203144,0.0,0.0
2024-07-19 14:30:00-04:00,156.0399932861328,156.5800018310547,155.80999755859375,156.55999755859375,315615,0.0,0.0
2024-07-19 15:30:00-04:00,156.5399932861328,156.57000732421875,155.8300018310547,156.1199951171875,555782,0.0,0.0
2024-07-22 09:30:00-04:00,157.0399932861328,158.5500030517578,156.35000610351562,156.8300018310547,340623,0.0,0.0
2024-07-22 10:30:00-04:00,156.83999633789062,157.97000122070312,156.83999633789062,157.19000244140625,224463,0.0,0.0
2024-07-22 11:30:00-04:00,157.19000244140625,157.39990234375,156.8699951171875,157.05499267578125,149140,0.0,0.0
2024-07-22 12:30:00-04:00,157.02000427246094,157.97500610351562,156.9250030517578,157.74000549316406,154122,0.0,0.0
2024-07-22 13:30:00-04:00,157.75999450683594,157.94000244140625,157.59010314941406,157.72999572753906,159825,0.0,0.0
2024-07-22 14:30:00-04:00,157.73500061035156,158.05999755859375,157.72000122070312,157.9595947265625,199337,0.0,0.0
2024-07-22 15:30:00-04:00,157.9600067138672,158.75999450683594,157.9600067138672,158.6300048828125,345084,0.0,0.0
2024-07-23 09:30:00-04:00,158.1300048828125,159.1649932861328,157.83999633789062,159.10000610351562,542465,0.0,0.0
2024-07-23 10:30:00-04:00,159.11000061035156,159.2100067138672,158.25999450683594,158.38999938964844,467015,0.0,0.0
2024-07-23 11:30:00-04:00,158.38999938964844,158.75999450683594,158.10000610351562,158.36000061035156,296847,0.0,0.0
2024-07-23 12:30:00-04:00,158.3800048828125,158.4199981689453,157.97000122070312,158.19000244140625,244040,0.0,0.0
2024-07-23 13:30:00-04:00,158.19000244140625,158.7550048828125,157.86000061035156,158.52999877929688,345907,0.0,0.0
2024-07-23 14:30:00-04:00,158.52999877929688,158.64999389648438,157.97000122070312,158.1699981689453,335153,0.0,0.0
2024-07-23 15:30:00-04:00,158.17999267578125,158.25,157.1230010986328,157.25,629808,0.0,0.0
2024-07-24 09:30:00-04:00,160.0,161.7259063720703,159.16000366210938,159.4149932861328,1236152,0.0,0.0
2024-07-24 10:30:00-04:00,159.34500122070312,160.4199981689453,158.75999450683594,159.80499267578125,654294,0.0,0.0
2024-07-24 11:30:00-04:00,159.80499267578125,160.85000610351562,159.58999633789062,160.74000549316406,497682,0.0,0.0
2024-07-24 12:30:00-04:00,160.73500061035156,161.1199951171875,160.07000732421875,160.08999633789062,367447,0.0,0.0
2024-07-24 13:30:00-04:00,160.1199951171875,160.68499755859375,159.99000549316406,160.44000244140625,355571,0.0,0.0
2024-07-24 14:30:00-04:00,160.4199981689453,161.52999877929688,160.39999389648438,161.13999938964844,573297,0.0,0.0
2024-07-24 15:30:00-04:00,161.14500427246094,161.5399932861328,160.6699981689453,161.22000122070312,798374,0.0,0.0
2024-07-25 09:30:00-04:00,161.60000610351562,162.47000122070312,160.72000122070312,161.63999938964844,572432,0.0,0.0
2024-07-25 10:30:00-04:00,161.55999755859375,161.6699981689453,160.69000244140625,160.8300018310547,435442,0.0,0.0
2024-07-25 11:30:00-04:00,160.82000732421875,161.25999450683594,160.25,160.82000732421875,313153,0.0,0.0
2024-07-25 12:30:00-04:00,160.8300018310547,161.10499572753906,159.56500244140625,159.6699981689453,493498,0.0,0.0
2024-07-25 13:30:00-04:00,159.6699981689453,159.72999572753906,155.9600067138672,156.88499450683594,1185754,0.0,0.0
2024-07-25 14:30:00-04:00,156.88499450683594,157.46499633789062,156.2100067138672,157.46499633789062,517926,0.0,0.0
2024-07-25 15:30:00-04:00,157.52999877929688,157.6699981689453,156.0800018310547,156.14999389648438,829023,0.0,0.0
2024-07-26 09:30:00-04:00,156.99000549316406,159.8699951171875,156.88999938964844,159.83999633789062,676228,0.0,0.0
2024-07-26 10:30:00-04:00,159.85000610351562,160.00999450683594,159.00999450683594,159.24000549316406,353120,0.0,0.0
2024-07-26 11:30:00-04:00,159.24000549316406,160.02000427246094,158.77999877929688,159.66000366210938,293080,0.0,0.0
2024-07-26 12:30:00-04:00,159.66000366210938,160.16000366210938,159.60000610351562,160.0500030517578,214523,0.0,0.0
2024-07-26 13:30:00-04:00,160.02000427246094,160.0749969482422,159.3000030517578,159.5312042236328,259774,0.0,0.0
2024-07-26 14:30:00-04:00,159.5500030517578,159.99000549316406,159.4600067138672,159.9600067138672,256727,0.0,0.0
2024-07-26 15:30:00-04:00,159.9600067138672,160.03500366210938,159.44000244140625,159.97999572753906,459801,0.0,0.0
2024-07-29 09:30:00-04:00,160.5,162.39999389648438,160.2050018310547,161.85000610351562,335162,0.0,0.0
2024-07-29 10:30:00-04:00,161.83999633789062,162.72999572753906,161.4149932861328,162.6300048828125,239403,0.0,0.0
2024-07-29 11:30:00-04:00,162.67999267578125,163.1199951171875,162.46749877929688,162.86000061035156,219484,0.0,0.0
2024-07-29 12:30:00-04:00,162.8300018310547,163.91000366210938,162.80999755859375,163.28500366210938,240410,0.0,0.0
2024-07-29 13:30:00-04:00,163.22999572753906,163.42999267578125,162.82000732421875,163.3000030517578,175771,0.0,0.0
2024-07-29 14:30:00-04:00,163.2899932861328,163.6699981689453,163.14500427246094,163.52999877929688,243696,0.0,0.0
2024-07-29 15:30:00-04:00,163.52499389648438,163.5800018310547,162.63999938964844,162.72000122070312,352106,0.0,0.0
2024-07-30 09:30:00-04:00,163.74000549316406,164.4499969482422,163.17999267578125,164.2949981689453,194402,0.0,0.0
2024-07-30 10:30:00-04:00,164.2899932861328,164.46499633789062,163.68499755859375,163.9499969482422,145724,0.0,0.0
2024-07-30 11:30:00-04:00,163.92999267578125,163.98500061035156,163.4499969482422,163.67999267578125,127222,0.0,0.0
2024-07-30 12:30:00-04:00,163.67999267578125,163.94000244140625,162.89999389648438,163.0449981689453,179199,0.0,0.0
2024-07-30 13:30:00-04:00,163.0399932861328,163.17999267578125,162.6300048828125,162.7899932861328,165477,0.0,0.0
2024-07-30 14:30:00-04:00,162.80499267578125,163.3800048828125,162.50999450683594,163.27999877929688,173032,0.0,0.0
2024-07-30 15:30:00-04:00,163.23500061035156,163.63499450683594,163.02000427246094,163.1199951171875,315308,0.0,0.0
2024-07-31 09:30:00-04:00,163.5800018310547,164.44000244140625,163.1199951171875,164.3000030517578,179691,0.0,0.0
2024-07-31 10:30:00-04:00,164.27000427246094,164.35000610351562,163.72999572753906,164.13999938964844,191073,0.0,0.0
2024-07-31 11:30:00-04:00,164.13999938964844,164.44000244140625,163.89999389648438,163.9250030517578,140771,0.0,0.0
2024-07-31 12:30:00-04:00,163.9250030517578,164.19000244140625,163.1199951171875,163.2100067138672,175536,0.0,0.0
2024-07-31 13:30:00-04:00,163.1999969482422,164.0,162.9803009033203,163.8300018310547,266699,0.0,0.0
2024-07-31 14:30:00-04:00,163.8000030517578,164.5399932861328,163.16000366210938,163.32000732421875,309071,0.0,0.0
2024-07-31 15:30:00-04:00,163.32000732421875,163.89999389648438,163.23500061035156,163.5800018310547,304437,0.0,0.0
2024-08-01 09:30:00-04:00,164.1699981689453,165.5565948486328,163.50999450683594,164.01499938964844,380116,0.0,0.0
2024-08-01 10:30:00-04:00,163.97000122070312,163.97500610351562,162.8300018310547,163.10000610351562,209720,0.0,0.0
2024-08-01 11:30:00-04:00,163.07000732421875,163.77499389648438,163.0,163.5399932861328,193333,0.0,0.0
2024-08-01 12:30:00-04:00,163.54100036621094,163.5500030517578,162.63999938964844,162.86000061035156,399972,0.0,0.0
2024-08-01 13:30:00-04:00,162.7899932861328,162.8699951171875,162.2550048828125,162.38999938964844,183474,0.0,0.0
2024-08-01 14:30:00-04:00,162.35000610351562,162.52999877929688,161.8699951171875,162.0500030517578,255527,0.0,0.0
2024-08-01 15:30:00-04:00,162.07000732421875,162.27999877929688,161.11000061035156,161.39999389648438,743317,0.0,0.0
2024-08-02 09:30:00-04:00,160.07000732421875,161.00999450683594,157.5,157.91000366210938,441052,0.0,0.0
2024-08-02 10:30:00-04:00,157.8800048828125,158.6699981689453,157.52499389648438,157.88999938964844,322640,0.0,0.0
2024-08-02 11:30:00-04:00,157.91000366210938,159.27000427246094,157.8800048828125,159.25,447830,0.0,0.0
2024-08-02 12:30:00-04:00,159.21749877929688,159.5500030517578,158.72999572753906,158.92999267578125,274462,0.0,0.0
2024-08-02 13:30:00-04:00,158.9250030517578,159.0800018310547,158.36500549316406,159.0800018310547,193420,0.0,0.0
2024-08-02 14:30:00-04:00,159.11000061035156,159.1999969482422,158.4199981689453,158.6999969482422,372597,0.0,0.0
2024-08-02 15:30:00-04:00,158.72999572753906,159.05499267578125,158.4600067138672,158.86000061035156,536203,0.0,0.0
2024-08-05 09:30:00-04:00,158.5,159.6699981689453,156.52999877929688,157.22000122070312,872797,0.0,0.0
2024-08-05 10:30:00-04:00,157.33999633789062,158.25,156.97999572753906,158.11000061035156,266638,0.0,0.0
2024-08-05 11:30:00-04:00,158.0800018310547,158.58999633789062,157.85000610351562,158.16000366210938,254316,0.0,0.0
2024-08-05 12:30:00-04:00,158.1300048828125,158.1663055419922,156.1699981689453,156.8000030517578,241227,0.0,0.0
2024-08-05 13:30:00-04:00,156.8000030517578,156.83999633789062,155.41000366210938,156.27000427246094,473018,0.0,0.0
2024-08-05 14:30:00-04:00,156.22000122070312,156.39999389648438,155.0399932861328,155.0800018310547,422278,0.0,0.0
2024-08-05 15:30:00-04:00,155.11000061035156,155.17999267578125,154.1699981689453,154.77999877929688,595633,0.0,0.0
2024-08-06 09:30:00-04:00,155.49000549316406,158.5399932861328,154.63499450683594,158.14999389648438,376757,0.0,0.0
2024-08-06 10:30:00-04:00,158.14999389648438,158.24000549316406,157.4600067138672,157.50999450683594,264477,0.0,0.0
2024-08-06 11:30:00-04:00,157.52000427246094,158.5,157.2899932861328,158.35000610351562,235512,0.0,0.0
2024-08-06 12:30:00-04:00,158.35000610351562,158.57339477539062,157.83999633789062,158.49000549316406,337996,0.0,0.0
2024-08-06 13:30:00-04:00,158.52000427246094,158.80999755859375,158.25999450683594,158.74000549316406,202122,0.0,0.0
2024-08-06 14:30:00-04:00,158.8000030517578,159.38999938964844,158.39999389648438,158.88999938964844,356526,0.0,0.0
2024-08-06 15:30:00-04:00,158.91000366210938,158.9199981689453,157.33999633789062,157.33999633789062,388555,0.0,0.0
2024-08-07 09:30:00-04:00,159.00999450683594,160.83999633789062,158.83999633789062,159.42999267578125,347968,0.0,0.0
2024-08-07 10:30:00-04:00,159.43699645996094,160.05999755859375,158.92999267578125,159.3300018310547,203616,0.0,0.0
2024-08-07 11:30:00-04:00,159.3300018310547,159.65249633789062,158.6999969482422,159.08999633789062,152596,0.0,0.0
2024-08-07 12:30:00-04:00,159.08999633789062,159.08999633789062,158.07000732421875,158.3300018310547,131656,0.0,0.0
2024-08-07 13:30:00-04:00,158.30999755859375,158.5749969482422,156.86000061035156,157.11000061035156,185918,0.0,0.0
2024-08-07 14:30:00-04:00,157.1199951171875,157.1699981689453,156.60000610351562,156.9199981689453,250642,0.0,0.0
2024-08-07 15:30:00-04:00,156.89999389648438,157.0399932861328,155.9600067138672,156.27000427246094,489419,0.0,0.0
2024-08-08 09:30:00-04:00,156.88999938964844,158.75,156.41000366210938,158.72000122070312,225429,0.0,0.0
2024-08-08 10:30:00-04:00,158.6699981689453,159.39500427246094,158.19000244140625,159.25,189560,0.0,0.0
2024-08-08 11:30:00-04:00,159.25,159.2949981689453,158.66000366210938,158.97999572753906,138279,0.0,0.0
2024-08-08 12:30:00-04:00,159.00999450683594,159.38499450683594,158.47000122070312,159.3699951171875,130959,0.0,0.0
2024-08-08 13:30:00-04:00,159.38999938964844,159.7050018310547,159.22999572753906,159.52000427246094,145667,0.0,0.0
2024-08-08 14:30:00-04:00,159.52999877929688,160.02000427246094,159.375,159.8000030517578,195026,0.0,0.0
2024-08-08 15:30:00-04:00,159.77000427246094,160.44000244140625,159.4600067138672,160.24000549316406,391133,0.0,0.0
2024-08-09 09:30:00-04:00,159.9499969482422,160.48500061035156,159.33999633789062,160.44500732421875,142667,0.0,0.0
2024-08-09 10:30:00-04:00,160.3800048828125,160.89999389648438,160.0500030517578,160.4199981689453,97298,0.0,0.0
2024-08-09 11:30:00-04:00,160.4199981689453,161.21499633789062,160.4199981689453,160.82000732421875,100723,0.0,0.0
2024-08-09 12:30:00-04:00,160.80999755859375,161.77000427246094,160.6750030517578,161.69500732421875,172908,0.0,0.0
2024-08-09 13:30:00-04:00,161.6999969482422,161.6999969482422,160.55999755859375,160.55999755859375,120227,0.0,0.0
2024-08-09 14:30:00-04:00,160.5800018310547,161.69000244140625,160.57000732421875,161.64999389648438,270603,0.0,0.0
2024-08-09 15:30:00-04:00,161.6300048828125,161.69000244140625,161.31500244140625,161.58999633789062,371746,0.0,0.0
2024-08-12 09:30:00-04:00,162.0,162.9199981689453,160.49000549316406,161.4499969482422,249915,0.0,0.0
2024-08-12 10:30:00-04:00,161.46499633789062,161.9600067138672,160.9499969482422,161.25999450683594,171101,0.0,0.0
2024-08-12 11:30:00-04:00,161.2100067138672,161.8800048828125,161.0850067138672,161.4600067138672,150727,0.0,0.0
2024-08-12 12:30:00-04:00,161.4600067138672,161.66000366210938,161.0,161.27999877929688,131447,0.0,0.0
2024-08-12 13:30:00-04:00,161.3300018310547,161.3699951171875,160.5399932861328,160.90499877929688,150819,0.0,0.0
2024-08-12 14:30:00-04:00,160.89999389648438,161.13999938964844,160.8800048828125,160.93499755859375,153006,0.0,0.0
2024-08-12 15:30:00-04:00,160.9499969482422,161.22000122070312,160.52499389648438,161.22000122070312,307787,0.0,0.0
2024-08-13 09:30:00-04:00,161.25,161.88999938964844,160.85000610351562,161.05999755859375,210513,0.0,0.0
2024-08-13 10:30:00-04:00,161.09500122070312,161.7550048828125,160.88400268554688,161.60000610351562,141199,0.0,0.0
2024-08-13 11:30:00-04:00,161.55499267578125,161.8000030517578,161.39999389648438,161.5500030517578,118000,0.0,0.0
2024-08-13 12:30:00-04:00,161.5500030517578,161.77000427246094,161.35000610351562,161.5399932861328,138895,0.0,0.0
2024-08-13 13:30:00-04:00,161.50999450683594,161.86500549316406,161.32000732421875,161.86000061035156,126969,0.0,0.0
2024-08-13 14:30:00-04:00,161.86000061035156,162.11500549316406,161.75,162.0500030517578,334300,0.0,0.0
2024-08-13 15:30:00-04:00,162.0500030517578,162.5749969482422,161.85499572753906,162.47000122070312,289904,0.0,0.0
2024-08-14 09:30:00-04:00,162.25,163.5500030517578,162.02000427246094,163.41000366210938,205691,0.0,0.0
2024-08-14 10:30:00-04:00,163.41000366210938,163.7100067138672,162.86000061035156,163.61000061035156,140272,0.0,0.0
2024-08-14 11:30:00-04:00,163.61000061035156,163.7949981689453,163.08999633789062,163.08999633789062,108396,0.0,0.0
2024-08-14 12:30:00-04:00,163.08999633789062,163.8000030517578,163.08999633789062,163.7949981689453,164710,0.0,0.0
2024-08-14 13:30:00-04:00,163.7899932861328,164.1199951171875,163.72999572753906,163.9499969482422,108434,0.0,0.0
2024-08-14 14:30:00-04:00,163.9499969482422,164.0800018310547,163.75999450683594,163.875,117262,0.0,0.0
2024-08-14 15:30:00-04:00,163.8699951171875,164.35000610351562,163.75999450683594,163.99000549316406,281383,0.0,0.0
2024-08-15 09:30:00-04:00,165.0,165.25,164.16000366210938,165.17999267578125,279604,0.0,0.0
2024-08-15 10:30:00-04:00,165.19000244140625,165.27999877929688,164.89999389648438,164.91000366210938,216604,0.0,0.0
2024-08-15 11:30:00-04:00,164.9499969482422,165.25,164.86000061035156,165.1999969482422,132015,0.0,0.0
2024-08-15 12:30:00-04:00,165.1999969482422,165.2899932861328,164.94000244140625,165.17999267578125,150536,0.0,0.0
2024-08-15 13:30:00-04:00,165.17999267578125,165.47999572753906,165.02040100097656,165.47000122070312,191790,0.0,0.0
2024-08-15 14:30:00-04:00,165.47039794921875,165.97999572753906,165.38999938964844,165.9499969482422,195948,0.0,0.0
2024-08-15 15:30:00-04:00,165.9499969482422,165.9499969482422,165.48500061035156,165.77000427246094,334113,0.0,0.0
2024-08-16 09:30:00-04:00,165.47000122070312,166.25,165.0500030517578,165.60000610351562,665193,0.0,0.0
2024-08-16 10:30:00-04:00,165.60000610351562,165.8000030517578,165.24000549316406,165.72999572753906,178338,0.0,0.0
2024-08-16 11:30:00-04:00,165.73500061035156,166.26499938964844,165.72000122070312,166.11500549316406,833857,0.0,0.0
2024-08-16 12:30:00-04:00,166.11500549316406,166.75999450683594,166.08999633789062,166.42999267578125,702906,0.0,0.0
2024-08-16 13:30:00-04:00,166.42999267578125,166.97000122070312,166.42999267578125,166.66000366210938,208720,0.0,0.0
2024-08-16 14:30:00-04:00,166.66000366210938,166.98500061035156,166.64999389648438,166.91000366210938,171961,0.0,0.0
2024-08-16 15:30:00-04:00,166.8800048828125,167.42999267578125,166.531005859375,167.32000732421875,522773,0.0,0.0
2024-08-19 09:30:00-04:00,167.6300048828125,168.41000366210938,167.1300048828125,167.4600067138672,164065,0.0,0.0
2024-08-19 10:30:00-04:00,167.4600067138672,167.8300018310547,167.3699951171875,167.4600067138672,107988,0.0,0.0
2024-08-19 11:30:00-04:00,167.5,167.72000122070312,167.27999877929688,167.67999267578125,97525,0.0,0.0
2024-08-19 12:30:00-04:00,167.6699981689453,167.91000366210938,167.64999389648438,167.67999267578125,83243,0.0,0.0
2024-08-19 13:30:00-04:00,167.67999267578125,167.74000549316406,167.3800048828125,167.52999877929688,85949,0.0,0.0
2024-08-19 14:30:00-04:00,167.5399932861328,167.7899932861328,167.47500610351562,167.67999267578125,156639,0.0,0.0
2024-08-19 15:30:00-04:00,167.66000366210938,168.07000732421875,167.58999633789062,167.9199981689453,315537,0.0,0.0
2024-08-20 09:30:00-04:00,169.75,169.77000427246094,167.67999267578125,168.07000732421875,232968,0.0,0.0
2024-08-20 10:30:00-04:00,168.10000610351562,168.14999389648438,167.38999938964844,167.46200561523438,153207,0.0,0.0
2024-08-20 11:30:00-04:00,167.4600067138672,167.875,167.44000244140625,167.60000610351562,152417,0.0,0.0
2024-08-20 12:30:00-04:00,167.5800018310547,167.61000061035156,167.13999938964844,167.13999938964844,115599,0.0,0.0
2024-08-20 13:30:00-04:00,167.1649932861328,167.52000427246094,167.02999877929688,167.4499969482422,128386,0.0,0.0
2024-08-20 14:30:00-04:00,167.4499969482422,167.63999938964844,167.2949981689453,167.57000732421875,211336,0.0,0.0
2024-08-20 15:30:00-04:00,167.5800018310547,168.13999938964844,167.42999267578125,168.02000427246094,353633,0.0,0.0
2024-08-21 09:30:00-04:00,167.41000366210938,168.0399932861328,166.86000061035156,167.33999633789062,184687,0.0,0.0
2024-08-21 10:30:00-04:00,167.33999633789062,167.52000427246094,166.6999969482422,167.2100067138672,151059,0.0,0.0
2024-08-21 11:30:00-04:00,167.2100067138672,167.64999389648438,167.1999969482422,167.52000427246094,159346,0.0,0.0
2024-08-21 12:30:00-04:00,167.52999877929688,167.8249969482422,167.52000427246094,167.6699981689453,123678,0.0,0.0
2024-08-21 13:30:00-04:00,167.67999267578125,167.83999633789062,167.57000732421875,167.77999877929688,242344,0.0,0.0
2024-08-21 14:30:00-04:00,167.77999877929688,168.02000427246094,167.72000122070312,167.8300018310547,218624,0.0,0.0
2024-08-21 15:30:00-04:00,167.8300018310547,168.41000366210938,167.66000366210938,168.27999877929688,371714,0.0,0.0
2024-08-22 09:30:00-04:00,168.3800048828125,169.2100067138672,168.33999633789062,168.75999450683594,553127,0.0,0.0
2024-08-22 10:30:00-04:00,168.6699981689453,168.97999572753906,168.28500366210938,168.36000061035156,105822,0.0,0.0
2024-08-22 11:30:00-04:00,168.41000366210938,168.85000610351562,168.41000366210938,168.72999572753906,138393,0.0,0.0
2024-08-22 12:30:00-04:00,168.72000122070312,168.83999633789062,168.32000732421875,168.39500427246094,95180,0.0,0.0
2024-08-22 13:30:00-04:00,168.36000061035156,168.8300018310547,168.05999755859375,168.77000427246094,145298,0.0,0.0
2024-08-22 14:30:00-04:00,168.77000427246094,168.8699951171875,168.52000427246094,168.72000122070312,180012,0.0,0.0
2024-08-22 15:30:00-04:00,168.72999572753906,168.86000061035156,168.5,168.80999755859375,379051,0.0,0.0
2024-08-23 09:30:00-04:00,169.36000061035156,169.63999938964844,168.8249969482422,169.13999938964844,508452,0.0,0.0
2024-08-23 10:30:00-04:00,169.11000061035156,169.51499938964844,168.52000427246094,169.27999877929688,156250,0.0,0.0
2024-08-23 11:30:00-04:00,169.27999877929688,169.41000366210938,168.44000244140625,168.64999389648438,115227,0.0,0.0
2024-08-23 12:30:00-04:00,168.63999938964844,169.27000427246094,168.52000427246094,169.17999267578125,135646,0.0,0.0
2024-08-23 13:30:00-04:00,169.17999267578125,169.49000549316406,169.0449981689453,169.47000122070312,154062,0.0,0.0
2024-08-23 14:30:00-04:00,169.4550018310547,169.8350067138672,169.27999877929688,169.81640625,200784,0.0,0.0
2024-08-23 15:30:00-04:00,169.7899932861328,169.97000122070312,169.5,169.7899932861328,423869,0.0,0.0
2024-08-26 09:30:00-04:00,170.0500030517578,171.1199951171875,169.92999267578125,171.0,159295,0.0,0.0
2024-08-26 10:30:00-04:00,170.98500061035156,171.05999755859375,170.27999877929688,170.3699951171875,121377,0.0,0.0
2024-08-26 11:30:00-04:00,170.33999633789062,170.47999572753906,170.02499389648438,170.4499969482422,103148,0.0,0.0
2024-08-26 12:30:00-04:00,170.4499969482422,170.5800018310547,170.16000366210938,170.25,126489,0.0,0.0
2024-08-26 13:30:00-04:00,170.26499938964844,170.27000427246094,169.57000732421875,169.80499267578125,163837,0.0,0.0
2024-08-26 14:30:00-04:00,169.80499267578125,170.02999877929688,169.67999267578125,169.75,235592,0.0,0.0
2024-08-26 15:30:00-04:00,169.72999572753906,170.00999450683594,169.6699981689453,169.92999267578125,269564,0.0,0.0
2024-08-27 09:30:00-04:00,169.8300018310547,170.5399932861328,169.0,170.16000366210938,269189,0.0,0.0
2024-08-27 10:30:00-04:00,170.13999938964844,170.35499572753906,169.85000610351562,170.1300048828125,194153,0.0,0.0
2024-08-27 11:30:00-04:00,170.03500366210938,170.4250030517578,169.83999633789062,170.25999450683594,197844,0.0,0.0
2024-08-27 12:30:00-04:00,170.25,170.42999267578125,170.16000366210938,170.3699951171875,137133,0.0,0.0
2024-08-27 13:30:00-04:00,170.36000061035156,170.61500549316406,170.25999450683594,170.3800048828125,174186,0.0,0.0
2024-08-27 14:30:00-04:00,170.38999938964844,170.65499877929688,170.36000061035156,170.5,277583,0.0,0.0
2024-08-27 15:30:00-04:00,170.5,170.57000732421875,170.02000427246094,170.2100067138672,394085,0.0,0.0
2024-08-28 09:30:00-04:00,170.39999389648438,172.27999877929688,169.8800048828125,171.61500549316406,229014,0.0,0.0
2024-08-28 10:30:00-04:00,171.61000061035156,172.60000610351562,171.56500244140625,172.22000122070312,167549,0.0,0.0
2024-08-28 11:30:00-04:00,172.22000122070312,172.24000549316406,171.5,171.8300018310547,190870,0.0,0.0
2024-08-28 12:30:00-04:00,171.8699951171875,172.36619567871094,171.8300018310547,172.20899963378906,135426,0.0,0.0
2024-08-28 13:30:00-04:00,172.1999969482422,172.24000549316406,171.1999969482422,171.25999450683594,258993,0.0,0.0
2024-08-28 14:30:00-04:00,171.25999450683594,171.89999389648438,171.14999389648438,171.86500549316406,183372,0.0,0.0
2024-08-28 15:30:00-04:00,171.8350067138672,172.35000610351562,171.52499389648438,171.83999633789062,385042,0.0,0.0
2024-08-29 09:30:00-04:00,172.44000244140625,173.07000732421875,171.7100067138672,172.60000610351562,218134,0.0,0.0
2024-08-29 10:30:00-04:00,172.66000366210938,173.19000244140625,172.4801025390625,173.13299560546875,146495,0.0,0.0
2024-08-29 11:30:00-04:00,173.16000366210938,173.3000030517578,172.8209991455078,172.97999572753906,179703,0.0,0.0
2024-08-29 12:30:00-04:00,173.00999450683594,173.44000244140625,172.8699951171875,173.44000244140625,172528,0.0,0.0
2024-08-29 13:30:00-04:00,173.42999267578125,173.49000549316406,173.0500030517578,173.1699981689453,176204,0.0,0.0
2024-08-29 14:30:00-04:00,173.1999969482422,173.27000427246094,172.46499633789062,173.19000244140625,188358,0.0,0.0
2024-08-29 15:30:00-04:00,173.1750030517578,173.25999450683594,172.64999389648438,172.9499969482422,322245,0.0,0.0
2024-08-30 09:30:00-04:00,173.30999755859375,174.21499633789062,173.1750030517578,173.61000061035156,134460,0.0,0.0
2024-08-30 10:30:00-04:00,173.61000061035156,173.85000610351562,173.25999450683594,173.36000061035156,121749,0.0,0.0
2024-08-30 11:30:00-04:00,173.35000610351562,173.4499969482422,173.00999450683594,173.11000061035156,146542,0.0,0.0
2024-08-30 12:30:00-04:00,173.1199951171875,173.33999633789062,172.7899932861328,173.02000427246094,138312,0.0,0.0
2024-08-30 13:30:00-04:00,173.0500030517578,173.55999755859375,172.86099243164062,173.38999938964844,117661,0.0,0.0
2024-08-30 14:30:00-04:00,173.39999389648438,174.00999450683594,173.3800048828125,173.9199981689453,169755,0.0,0.0
2024-08-30 15:30:00-04:00,173.9600067138672,174.80999755859375,173.8699951171875,174.58999633789062,361668,0.0,0.0
