Datetime,Open,High,Low,Close,Volume,Dividends,Stock Splits,Capital Gains
2022-09-01 09:30:00-04:00,53.29999923706055,53.720001220703125,52.95349884033203,52.95349884033203,0,0.0,0.0,0.0
2022-09-01 10:30:00-04:00,52.7599983215332,52.7599983215332,52.7599983215332,52.7599983215332,162,0.0,0.0,0.0
2022-09-01 11:30:00-04:00,52.64120101928711,52.650001525878906,52.64120101928711,52.650001525878906,481,0.0,0.0,0.0
2022-09-01 12:30:00-04:00,52.8484001159668,52.8484001159668,52.8484001159668,52.8484001159668,550,0.0,0.0,0.0
2022-09-01 13:30:00-04:00,53.0099983215332,53.0099983215332,53.0099983215332,53.0099983215332,261,0.0,0.0,0.0
2022-09-01 14:30:00-04:00,53.209999084472656,53.209999084472656,53.209999084472656,53.209999084472656,102,0.0,0.0,0.0
2022-09-01 15:30:00-04:00,53.31999969482422,53.31999969482422,53.290000915527344,53.290000915527344,127,0.0,0.0,0.0
2022-09-02 09:30:00-04:00,53.720001220703125,53.720001220703125,53.4900016784668,53.5099983215332,0,0.0,0.0,0.0
2022-09-02 10:30:00-04:00,53.849998474121094,53.86399841308594,53.849998474121094,53.86399841308594,241,0.0,0.0,0.0
2022-09-02 11:30:00-04:00,53.81529998779297,53.81529998779297,53.779998779296875,53.779998779296875,1692,0.0,0.0,0.0
2022-09-02 12:30:00-04:00,53.29880142211914,53.29880142211914,53.29880142211914,53.29880142211914,130,0.0,0.0,0.0
2022-09-02 13:30:00-04:00,52.849998474121094,52.85200119018555,52.79999923706055,52.79999923706055,1796,0.0,0.0,0.0
2022-09-02 15:30:00-04:00,52.720001220703125,52.742801666259766,52.720001220703125,52.742801666259766,204,0.0,0.0,0.0
2022-09-06 09:30:00-04:00,52.91999816894531,52.91999816894531,52.099998474121094,52.22370147705078,0,0.0,0.0,0.0
2022-09-06 10:30:00-04:00,52.58000183105469,52.58000183105469,52.58000183105469,52.58000183105469,108,0.0,0.0,0.0
2022-09-06 11:30:00-04:00,52.790000915527344,52.790000915527344,52.61000061035156,52.61000061035156,391,0.0,0.0,0.0
2022-09-06 12:30:00-04:00,52.501399993896484,52.5359001159668,52.396400451660156,52.396400451660156,1019,0.0,0.0,0.0
2022-09-06 15:30:00-04:00,52.540000915527344,52.560001373291016,52.439998626708984,52.47420120239258,774,0.0,0.0,0.0
2022-09-07 09:30:00-04:00,52.68000030517578,52.790000915527344,52.5099983215332,52.5099983215332,0,0.0,0.0,0.0
2022-09-07 10:30:00-04:00,52.91999816894531,52.91999816894531,52.91999816894531,52.91999816894531,103,0.0,0.0,0.0
2022-09-07 11:30:00-04:00,52.93949890136719,52.93949890136719,52.79999923706055,52.79999923706055,867,0.0,0.0,0.0
2022-09-07 12:30:00-04:00,52.97999954223633,52.97999954223633,52.97999954223633,52.97999954223633,504,0.0,0.0,0.0
2022-09-07 13:30:00-04:00,53.209999084472656,53.28459930419922,53.209999084472656,53.28459930419922,743,0.0,0.0,0.0
2022-09-07 14:30:00-04:00,53.381900787353516,53.56650161743164,53.381900787353516,53.56650161743164,489,0.0,0.0,0.0
2022-09-07 15:30:00-04:00,53.540000915527344,53.63999938964844,53.52000045776367,53.63999938964844,807,0.0,0.0,0.0
2022-09-08 09:30:00-04:00,53.06999969482422,53.669898986816406,53.06999969482422,53.669898986816406,0,0.0,0.0,0.0
2022-09-08 10:30:00-04:00,53.4900016784668,53.540000915527344,53.4900016784668,53.540000915527344,916,0.0,0.0,0.0
2022-09-08 11:30:00-04:00,53.529998779296875,53.529998779296875,53.529998779296875,53.529998779296875,859,0.0,0.0,0.0
2022-09-08 14:30:00-04:00,53.805301666259766,53.89500045776367,53.805301666259766,53.880001068115234,1446,0.0,0.0,0.0
2022-09-08 15:30:00-04:00,54.02000045776367,54.15620040893555,54.02000045776367,54.02000045776367,867,0.0,0.0,0.0
2022-09-09 09:30:00-04:00,54.61000061035156,55.0,54.61000061035156,54.968299865722656,0,0.0,0.0,0.0
2022-09-09 11:30:00-04:00,54.88999938964844,54.900001525878906,54.88999938964844,54.900001525878906,1704,0.0,0.0,0.0
2022-09-09 12:30:00-04:00,55.09389877319336,55.09389877319336,55.09389877319336,55.09389877319336,176,0.0,0.0,0.0
2022-09-09 13:30:00-04:00,55.0099983215332,55.071998596191406,54.97999954223633,54.97999954223633,2208,0.0,0.0,0.0
2022-09-09 14:30:00-04:00,55.01499938964844,55.127498626708984,55.01499938964844,55.127498626708984,400,0.0,0.0,0.0
2022-09-09 15:30:00-04:00,55.040000915527344,55.060001373291016,55.040000915527344,55.060001373291016,242,0.0,0.0,0.0
2022-09-12 09:30:00-04:00,55.40999984741211,55.77000045776367,55.40999984741211,55.65890121459961,0,0.0,0.0,0.0
2022-09-12 10:30:00-04:00,55.68000030517578,55.723201751708984,55.36050033569336,55.36050033569336,1759,0.0,0.0,0.0
2022-09-12 11:30:00-04:00,55.47999954223633,55.47999954223633,55.290000915527344,55.29999923706055,2327,0.0,0.0,0.0
2022-09-12 12:30:00-04:00,55.540000915527344,55.540000915527344,55.540000915527344,55.540000915527344,370,0.0,0.0,0.0
2022-09-12 13:30:00-04:00,55.42539978027344,55.467098236083984,55.41999816894531,55.43000030517578,1903,0.0,0.0,0.0
2022-09-12 14:30:00-04:00,55.38999938964844,55.459999084472656,55.31840133666992,55.450401306152344,6655,0.0,0.0,0.0
2022-09-12 15:30:00-04:00,55.43000030517578,55.497798919677734,55.43000030517578,55.497798919677734,223,0.0,0.0,0.0
2022-09-13 09:30:00-04:00,54.150001525878906,54.36000061035156,53.9900016784668,54.36000061035156,0,0.0,0.0,0.0
2022-09-13 10:30:00-04:00,53.76259994506836,53.76259994506836,53.76259994506836,53.76259994506836,899,0.0,0.0,0.0
2022-09-13 11:30:00-04:00,53.709999084472656,53.880001068115234,53.709999084472656,53.77000045776367,2564,0.0,0.0,0.0
2022-09-13 12:30:00-04:00,53.79999923706055,53.84000015258789,53.75,53.79999923706055,2537,0.0,0.0,0.0
2022-09-13 13:30:00-04:00,53.763999938964844,53.763999938964844,53.66170120239258,53.66170120239258,1550,0.0,0.0,0.0
2022-09-13 14:30:00-04:00,53.53129959106445,53.53129959106445,53.11000061035156,53.11000061035156,521,0.0,0.0,0.0
2022-09-14 09:30:00-04:00,53.09000015258789,53.13999938964844,52.810001373291016,52.810001373291016,0,0.0,0.0,0.0
2022-09-14 10:30:00-04:00,52.84000015258789,53.227699279785156,52.84000015258789,53.11000061035156,3343,0.0,0.0,0.0
2022-09-14 11:30:00-04:00,53.08000183105469,53.279998779296875,53.08000183105469,53.189998626708984,4840,0.0,0.0,0.0
2022-09-14 12:30:00-04:00,53.09000015258789,53.09000015258789,53.09000015258789,53.09000015258789,858,0.0,0.0,0.0
2022-09-14 13:30:00-04:00,52.97999954223633,52.97999954223633,52.93510055541992,52.93510055541992,575,0.0,0.0,0.0
2022-09-14 14:30:00-04:00,52.86119842529297,52.86119842529297,52.68000030517578,52.68000030517578,467,0.0,0.0,0.0
2022-09-14 15:30:00-04:00,52.95000076293945,53.15999984741211,52.95000076293945,53.10449981689453,1271,0.0,0.0,0.0
2022-09-15 09:30:00-04:00,52.68000030517578,53.560001373291016,52.68000030517578,53.5099983215332,0,0.0,0.0,0.0
2022-09-15 10:30:00-04:00,53.2400016784668,53.2400016784668,52.7400016784668,52.77000045776367,3202,0.0,0.0,0.0
2022-09-15 11:30:00-04:00,52.970001220703125,52.970001220703125,52.79999923706055,52.880001068115234,3718,0.0,0.0,0.0
2022-09-15 12:30:00-04:00,52.9900016784668,53.2400016784668,52.9900016784668,53.2400016784668,2222,0.0,0.0,0.0
2022-09-15 13:30:00-04:00,53.22999954223633,53.22999954223633,52.93000030517578,52.9900016784668,3131,0.0,0.0,0.0
2022-09-15 14:30:00-04:00,53.02000045776367,53.02000045776367,52.52009963989258,52.52009963989258,4136,0.0,0.0,0.0
2022-09-15 15:30:00-04:00,52.70000076293945,52.70000076293945,52.689998626708984,52.689998626708984,284,0.0,0.0,0.0
2022-09-16 09:30:00-04:00,51.90999984741211,52.02000045776367,51.90999984741211,52.02000045776367,0,0.0,0.0,0.0
2022-09-16 10:30:00-04:00,52.07640075683594,52.125,52.07640075683594,52.125,2027,0.0,0.0,0.0
2022-09-16 11:30:00-04:00,52.0093994140625,52.040000915527344,51.70000076293945,51.72999954223633,1787,0.0,0.0,0.0
2022-09-16 12:30:00-04:00,51.65999984741211,51.88010025024414,51.65999984741211,51.88010025024414,800,0.0,0.0,0.0
2022-09-16 13:30:00-04:00,51.7400016784668,51.7400016784668,51.7400016784668,51.7400016784668,193,0.0,0.0,0.0
2022-09-16 14:30:00-04:00,51.93000030517578,52.0099983215332,51.93000030517578,51.93000030517578,3097,0.0,0.0,0.0
2022-09-16 15:30:00-04:00,52.06999969482422,52.12200164794922,52.06999969482422,52.12200164794922,361,0.0,0.0,0.0
2022-09-19 09:30:00-04:00,52.11000061035156,52.14820098876953,52.0,52.0,0,0.0,0.0,0.0
2022-09-19 10:30:00-04:00,52.13600158691406,52.38999938964844,52.13600158691406,52.15999984741211,5494,0.0,0.0,0.0
2022-09-19 11:30:00-04:00,51.970001220703125,52.06999969482422,51.970001220703125,52.06999969482422,2236,0.0,0.0,0.0
2022-09-19 12:30:00-04:00,51.97999954223633,52.17789840698242,51.97999954223633,52.13999938964844,1557,0.0,0.0,0.0
2022-09-19 13:30:00-04:00,52.1254997253418,52.20000076293945,52.1254997253418,52.18000030517578,3669,0.0,0.0,0.0
2022-09-19 14:30:00-04:00,52.150001525878906,52.504398345947266,52.150001525878906,52.504398345947266,1448,0.0,0.0,0.0
2022-09-20 09:30:00-04:00,51.89500045776367,51.92499923706055,51.7400016784668,51.7400016784668,0,0.0,0.0,0.0
2022-09-20 10:30:00-04:00,51.61199951171875,51.709999084472656,51.59000015258789,51.70000076293945,2372,0.0,0.0,0.0
2022-09-20 11:30:00-04:00,51.70000076293945,51.70000076293945,51.70000076293945,51.70000076293945,885,0.0,0.0,0.0
2022-09-20 12:30:00-04:00,51.65999984741211,51.65999984741211,51.5099983215332,51.5099983215332,2506,0.0,0.0,0.0
2022-09-20 13:30:00-04:00,51.36000061035156,51.58000183105469,51.36000061035156,51.473899841308594,2171,0.0,0.0,0.0
2022-09-20 14:30:00-04:00,51.632999420166016,51.632999420166016,51.632999420166016,51.632999420166016,282,0.0,0.0,0.0
2022-09-20 15:30:00-04:00,51.690799713134766,51.91999816894531,51.690799713134766,51.73540115356445,0,0.0,0.0,0.0
2022-09-21 09:30:00-04:00,52.212398529052734,52.29999923706055,52.212398529052734,52.29999923706055,1199,0.0,0.0,0.0
2022-09-21 10:30:00-04:00,52.2400016784668,52.33000183105469,52.20909881591797,52.33000183105469,1934,0.0,0.0,0.0
2022-09-21 12:30:00-04:00,52.20000076293945,52.20000076293945,52.15999984741211,52.171199798583984,2363,0.0,0.0,0.0
2022-09-21 13:30:00-04:00,52.28739929199219,52.31019973754883,51.45000076293945,51.63999938964844,6118,0.0,0.0,0.0
2022-09-21 14:30:00-04:00,52.08000183105469,52.68000030517578,51.97999954223633,51.9900016784668,7146,0.0,0.0,0.0
2022-09-21 15:30:00-04:00,51.25,51.2599983215332,51.119998931884766,51.119998931884766,3486,0.0,0.0,0.0
2022-09-22 09:30:00-04:00,51.2400016784668,51.2400016784668,50.3390998840332,50.3739013671875,0,0.0,0.0,0.0
2022-09-22 10:30:00-04:00,50.38999938964844,50.38999938964844,50.16740036010742,50.16740036010742,1473,0.0,0.0,0.0
2022-09-22 11:30:00-04:00,50.25,50.349998474121094,50.070701599121094,50.070701599121094,3735,0.0,0.0,0.0
2022-09-22 12:30:00-04:00,50.095001220703125,50.095001220703125,50.0,50.0,1162,0.0,0.0,0.0
2022-09-22 13:30:00-04:00,49.93000030517578,49.93000030517578,49.869998931884766,49.869998931884766,2358,0.0,0.0,0.0
2022-09-22 14:30:00-04:00,49.95209884643555,50.224998474121094,49.95209884643555,50.18769836425781,2128,0.0,0.0,0.0
2022-09-22 15:30:00-04:00,50.220001220703125,50.220001220703125,50.029998779296875,50.029998779296875,2436,0.0,0.0,0.0
2022-09-23 09:30:00-04:00,49.310001373291016,49.36840057373047,49.00899887084961,49.00899887084961,698,0.0,0.0,0.0
2022-09-23 10:30:00-04:00,48.904998779296875,48.904998779296875,48.869998931884766,48.869998931884766,5934,0.0,0.0,0.0
2022-09-23 11:30:00-04:00,48.95000076293945,48.95000076293945,48.6682014465332,48.6682014465332,1942,0.0,0.0,0.0
2022-09-23 12:30:00-04:00,48.77389907836914,48.77389907836914,48.77389907836914,48.77389907836914,344,0.0,0.0,0.0
2022-09-23 13:30:00-04:00,48.801300048828125,48.801300048828125,48.801300048828125,48.801300048828125,232,0.0,0.0,0.0
2022-09-23 14:30:00-04:00,48.709999084472656,48.99829864501953,48.709999084472656,48.99829864501953,1393,0.0,0.0,0.0
2022-09-23 15:30:00-04:00,49.029998779296875,49.15999984741211,49.029998779296875,49.15999984741211,1062,0.0,0.0,0.0
2022-09-26 09:30:00-04:00,49.630001068115234,49.630001068115234,49.37919998168945,49.37919998168945,0,0.0,0.0,0.0
2022-09-26 10:30:00-04:00,49.65800094604492,49.65800094604492,49.4359016418457,49.4359016418457,317,0.0,0.0,0.0
2022-09-26 11:30:00-04:00,49.029998779296875,49.10860061645508,48.792701721191406,48.792701721191406,826,0.0,0.0,0.0
2022-09-26 12:30:00-04:00,48.83000183105469,48.84000015258789,48.55500030517578,48.55500030517578,14307,0.0,0.0,0.0
2022-09-26 13:30:00-04:00,48.65999984741211,48.77690124511719,48.57059860229492,48.77690124511719,1183,0.0,0.0,0.0
2022-09-26 14:30:00-04:00,48.62900161743164,48.854801177978516,48.62900161743164,48.79999923706055,5393,0.0,0.0,0.0
2022-09-26 15:30:00-04:00,48.66999816894531,48.779998779296875,48.5,48.529998779296875,0,0.0,0.0,0.0
2022-09-27 09:30:00-04:00,49.279998779296875,49.279998779296875,49.279998779296875,49.279998779296875,883,0.0,0.0,0.0
2022-09-27 10:30:00-04:00,49.22570037841797,49.22570037841797,49.22570037841797,49.22570037841797,256,0.0,0.0,0.0
2022-09-27 11:30:00-04:00,48.97999954223633,48.97999954223633,48.38999938964844,48.38999938964844,2133,0.0,0.0,0.0
2022-09-27 12:30:00-04:00,48.59000015258789,48.599998474121094,48.43000030517578,48.459999084472656,10465,0.0,0.0,0.0
2022-09-27 13:30:00-04:00,48.54999923706055,48.54999923706055,48.54999923706055,48.54999923706055,263,0.0,0.0,0.0
2022-09-27 14:30:00-04:00,48.72999954223633,48.810001373291016,48.72999954223633,48.77000045776367,1144,0.0,0.0,0.0
2022-09-27 15:30:00-04:00,48.709999084472656,48.86000061035156,48.5973014831543,48.86000061035156,5829,0.0,0.0,0.0
2022-09-28 09:30:00-04:00,49.071800231933594,49.43000030517578,49.071800231933594,49.279998779296875,0,0.0,0.0,0.0
2022-09-28 10:30:00-04:00,49.63100051879883,49.77000045776367,49.63100051879883,49.77000045776367,0,0.0,0.0,0.0
2022-09-28 11:30:00-04:00,49.709999084472656,50.06999969482422,49.709999084472656,50.06999969482422,5426,0.0,0.0,0.0
2022-09-28 12:30:00-04:00,50.0005989074707,50.0005989074707,50.0005989074707,50.0005989074707,411,0.0,0.0,0.0
2022-09-28 13:30:00-04:00,50.04999923706055,50.04999923706055,50.04999923706055,50.04999923706055,3149,0.0,0.0,0.0
2022-09-28 14:30:00-04:00,50.22999954223633,50.2859001159668,50.17499923706055,50.2859001159668,1987,0.0,0.0,0.0
2022-09-28 15:30:00-04:00,50.59000015258789,50.61000061035156,50.36069869995117,50.38999938964844,812,0.0,0.0,0.0
2022-09-29 09:30:00-04:00,49.22999954223633,49.22999954223633,49.02000045776367,49.119998931884766,17198,0.0,0.0,0.0
2022-09-29 10:30:00-04:00,49.1077995300293,49.1077995300293,49.06999969482422,49.06999969482422,927,0.0,0.0,0.0
2022-09-29 11:30:00-04:00,49.189998626708984,49.34000015258789,49.189998626708984,49.34000015258789,1202,0.0,0.0,0.0
2022-09-29 12:30:00-04:00,49.349998474121094,49.349998474121094,49.189998626708984,49.189998626708984,605,0.0,0.0,0.0
2022-09-29 13:30:00-04:00,49.029998779296875,49.029998779296875,48.87369918823242,48.959999084472656,696,0.0,0.0,0.0
2022-09-29 15:30:00-04:00,49.258399963378906,49.93000030517578,49.258399963378906,49.40959930419922,9819,0.0,0.0,0.0
2022-09-30 09:30:00-04:00,52.537498474121094,52.537498474121094,48.98500061035156,49.560001373291016,0,0.0,0.0,0.0
2022-09-30 10:30:00-04:00,49.65409851074219,50.06999969482422,49.65409851074219,50.06999969482422,4267,0.0,0.0,0.0
2022-09-30 11:30:00-04:00,49.709999084472656,49.75,49.599998474121094,49.68000030517578,2940,0.0,0.0,0.0
2022-09-30 12:30:00-04:00,49.856998443603516,49.856998443603516,49.79999923706055,49.79999923706055,1014,0.0,0.0,0.0
2022-09-30 13:30:00-04:00,49.39849853515625,49.489898681640625,49.39849853515625,49.432498931884766,773,0.0,0.0,0.0
2022-09-30 14:30:00-04:00,49.25,49.25,49.189998626708984,49.189998626708984,1016,0.0,0.0,0.0
2022-09-30 15:30:00-04:00,49.220001220703125,49.220001220703125,48.849998474121094,48.95000076293945,2670,0.0,0.0,0.0
2022-10-03 09:30:00-04:00,49.790000915527344,49.790000915527344,49.790000915527344,49.790000915527344,0,0.0,0.0,0.0
2022-10-03 10:30:00-04:00,50.0099983215332,50.0099983215332,50.0099983215332,50.0099983215332,353,0.0,0.0,0.0
2022-10-03 11:30:00-04:00,50.099998474121094,50.099998474121094,49.869998931884766,49.869998931884766,1029,0.0,0.0,0.0
2022-10-03 12:30:00-04:00,49.955501556396484,50.08539962768555,49.955501556396484,50.08539962768555,345,0.0,0.0,0.0
2022-10-03 13:30:00-04:00,50.28499984741211,50.400001525878906,50.28499984741211,50.400001525878906,496,0.0,0.0,0.0
2022-10-04 09:30:00-04:00,51.459999084472656,52.02000045776367,51.459999084472656,51.78229904174805,0,0.0,0.0,0.0
2022-10-04 10:30:00-04:00,51.800201416015625,51.800201416015625,51.800201416015625,51.800201416015625,616,0.0,0.0,0.0
2022-10-04 12:30:00-04:00,51.79999923706055,51.79999923706055,51.63999938964844,51.63999938964844,1394,0.0,0.0,0.0
2022-10-04 13:30:00-04:00,51.95309829711914,51.95309829711914,51.90169906616211,51.90169906616211,747,0.0,0.0,0.0
2022-10-04 14:30:00-04:00,51.88999938964844,51.88999938964844,51.887298583984375,51.887298583984375,430,0.0,0.0,0.0
2022-10-04 15:30:00-04:00,52.05720138549805,52.150001525878906,51.974998474121094,52.150001525878906,299,0.0,0.0,0.0
2022-10-05 09:30:00-04:00,51.90999984741211,51.90999984741211,51.30509948730469,51.30509948730469,0,0.0,0.0,0.0
2022-10-05 10:30:00-04:00,51.22800064086914,51.22800064086914,51.10319900512695,51.189998626708984,1025,0.0,0.0,0.0
2022-10-05 11:30:00-04:00,51.47999954223633,51.63999938964844,51.47999954223633,51.63999938964844,1957,0.0,0.0,0.0
2022-10-05 13:30:00-04:00,51.91999816894531,51.9734001159668,51.91999816894531,51.9734001159668,1760,0.0,0.0,0.0
2022-10-05 14:30:00-04:00,51.970001220703125,52.24449920654297,51.880001068115234,52.20000076293945,2585,0.0,0.0,0.0
2022-10-05 15:30:00-04:00,52.13999938964844,52.13999938964844,52.061100006103516,52.08000183105469,956,0.0,0.0,0.0
2022-10-06 09:30:00-04:00,55.330299377441406,55.330299377441406,51.65999984741211,51.65999984741211,0,0.0,0.0,0.0
2022-10-06 10:30:00-04:00,51.826900482177734,51.843299865722656,51.826900482177734,51.843299865722656,632,0.0,0.0,0.0
2022-10-06 11:30:00-04:00,52.070499420166016,52.070499420166016,52.070499420166016,52.070499420166016,184,0.0,0.0,0.0
2022-10-06 12:30:00-04:00,52.039798736572266,52.039798736572266,52.039798736572266,52.039798736572266,139,0.0,0.0,0.0
2022-10-06 13:30:00-04:00,52.005001068115234,52.005001068115234,51.84199905395508,51.84199905395508,906,0.0,0.0,0.0
2022-10-06 14:30:00-04:00,51.862998962402344,51.862998962402344,51.862998962402344,51.862998962402344,557,0.0,0.0,0.0
2022-10-06 15:30:00-04:00,51.91999816894531,51.91999816894531,51.83150100708008,51.900001525878906,200,0.0,0.0,0.0
2022-10-07 09:30:00-04:00,51.470001220703125,51.470001220703125,51.470001220703125,51.470001220703125,0,0.0,0.0,0.0
2022-10-07 10:30:00-04:00,50.79610061645508,50.79759979248047,50.79610061645508,50.79759979248047,939,0.0,0.0,0.0
2022-10-07 11:30:00-04:00,50.56999969482422,50.56999969482422,50.56999969482422,50.56999969482422,301,0.0,0.0,0.0
2022-10-07 13:30:00-04:00,50.39970016479492,50.40999984741211,50.29499816894531,50.29499816894531,1351,0.0,0.0,0.0
2022-10-07 14:30:00-04:00,50.33000183105469,50.33000183105469,50.33000183105469,50.33000183105469,153,0.0,0.0,0.0
2022-10-07 15:30:00-04:00,50.2400016784668,50.34000015258789,50.2400016784668,50.34000015258789,911,0.0,0.0,0.0
2022-10-10 09:30:00-04:00,50.900001525878906,50.900001525878906,50.060001373291016,50.16109848022461,0,0.0,0.0,0.0
2022-10-10 12:30:00-04:00,49.72100067138672,49.75,49.72100067138672,49.75,1501,0.0,0.0,0.0
2022-10-10 13:30:00-04:00,50.15999984741211,50.15999984741211,50.15999984741211,50.15999984741211,174,0.0,0.0,0.0
2022-10-10 14:30:00-04:00,50.09000015258789,50.102699279785156,49.98500061035156,50.102699279785156,3207,0.0,0.0,0.0
2022-10-10 15:30:00-04:00,50.080501556396484,50.119998931884766,50.02399826049805,50.040000915527344,1573,0.0,0.0,0.0
2022-10-11 09:30:00-04:00,49.709999084472656,49.709999084472656,49.15999984741211,49.2400016784668,0,0.0,0.0,0.0
2022-10-11 10:30:00-04:00,49.650001525878906,49.93000030517578,49.650001525878906,49.93000030517578,4162,0.0,0.0,0.0
2022-10-11 11:30:00-04:00,50.29999923706055,50.29999923706055,50.29999923706055,50.29999923706055,231,0.0,0.0,0.0
2022-10-11 12:30:00-04:00,50.38999938964844,50.400001525878906,50.194000244140625,50.194000244140625,2478,0.0,0.0,0.0
2022-10-11 13:30:00-04:00,50.2599983215332,50.2599983215332,50.2599983215332,50.2599983215332,381,0.0,0.0,0.0
2022-10-11 14:30:00-04:00,50.029998779296875,50.029998779296875,49.540000915527344,49.56999969482422,1443,0.0,0.0,0.0
2022-10-11 15:30:00-04:00,49.75,49.939998626708984,49.72999954223633,49.900001525878906,537,0.0,0.0,0.0
2022-10-12 09:30:00-04:00,49.86000061035156,49.86000061035156,49.47909927368164,49.47909927368164,0,0.0,0.0,0.0
2022-10-12 10:30:00-04:00,49.428001403808594,49.47200012207031,49.42599868774414,49.47200012207031,1263,0.0,0.0,0.0
2022-10-12 12:30:00-04:00,49.58000183105469,49.630001068115234,49.576499938964844,49.62300109863281,688,0.0,0.0,0.0
2022-10-12 13:30:00-04:00,49.60609817504883,49.60609817504883,49.540000915527344,49.540000915527344,1499,0.0,0.0,0.0
2022-10-12 14:30:00-04:00,49.625,49.625,49.41999816894531,49.41999816894531,180,0.0,0.0,0.0
2022-10-13 09:30:00-04:00,48.310001373291016,48.810298919677734,48.01100158691406,48.810298919677734,0,0.0,0.0,0.0
2022-10-13 10:30:00-04:00,48.55580139160156,49.54999923706055,48.55580139160156,49.54999923706055,5574,0.0,0.0,0.0
2022-10-13 13:30:00-04:00,50.50410079956055,50.50410079956055,50.30419921875,50.35580062866211,2675,0.0,0.0,0.0
2022-10-13 15:30:00-04:00,50.41999816894531,50.439998626708984,50.27000045776367,50.33000183105469,1075,0.0,0.0,0.0
2022-10-14 09:30:00-04:00,50.209999084472656,50.209999084472656,49.869998931884766,49.869998931884766,0,0.0,0.0,0.0
2022-10-14 11:30:00-04:00,49.560001373291016,49.560001373291016,49.24549865722656,49.375,1293,0.0,0.0,0.0
2022-10-14 12:30:00-04:00,49.49610137939453,49.49610137939453,49.35499954223633,49.35499954223633,1044,0.0,0.0,0.0
2022-10-14 14:30:00-04:00,49.220001220703125,49.220001220703125,49.220001220703125,49.220001220703125,246,0.0,0.0,0.0
2022-10-14 15:30:00-04:00,49.290000915527344,49.290000915527344,48.99509811401367,48.99509811401367,203,0.0,0.0,0.0
2022-10-17 09:30:00-04:00,50.099998474121094,50.56999969482422,50.099998474121094,50.409000396728516,0,0.0,0.0,0.0
2022-10-17 10:30:00-04:00,50.12200164794922,50.31999969482422,50.12200164794922,50.2599983215332,1325,0.0,0.0,0.0
2022-10-17 11:30:00-04:00,50.36009979248047,50.5,50.36009979248047,50.47010040283203,6695,0.0,0.0,0.0
2022-10-17 12:30:00-04:00,50.31999969482422,50.344398498535156,50.279998779296875,50.279998779296875,1854,0.0,0.0,0.0
2022-10-17 13:30:00-04:00,50.405399322509766,50.41450119018555,50.308799743652344,50.308799743652344,1336,0.0,0.0,0.0
2022-10-17 14:30:00-04:00,50.275001525878906,50.38999938964844,50.18130111694336,50.2400016784668,2442,0.0,0.0,0.0
2022-10-17 15:30:00-04:00,50.279998779296875,50.529998779296875,50.279998779296875,50.439998626708984,0,0.0,0.0,0.0
2022-10-18 09:30:00-04:00,51.70000076293945,51.70000076293945,51.70000076293945,51.70000076293945,109,0.0,0.0,0.0
2022-10-18 10:30:00-04:00,51.194801330566406,51.2776985168457,50.97999954223633,50.97999954223633,620,0.0,0.0,0.0
2022-10-18 11:30:00-04:00,50.900001525878906,50.90610122680664,50.900001525878906,50.90610122680664,743,0.0,0.0,0.0
2022-10-18 12:30:00-04:00,50.95069885253906,51.08000183105469,50.95069885253906,51.08000183105469,981,0.0,0.0,0.0
2022-10-18 13:30:00-04:00,51.150001525878906,51.150001525878906,51.150001525878906,51.150001525878906,1000,0.0,0.0,0.0
2022-10-18 14:30:00-04:00,51.162899017333984,51.162899017333984,50.79999923706055,50.79999923706055,1699,0.0,0.0,0.0
2022-10-18 15:30:00-04:00,50.996498107910156,51.02429962158203,50.996498107910156,51.0099983215332,792,0.0,0.0,0.0
2022-10-19 09:30:00-04:00,50.400001525878906,50.400001525878906,50.02000045776367,50.255401611328125,0,0.0,0.0,0.0
2022-10-19 10:30:00-04:00,50.150001525878906,50.150001525878906,49.81760025024414,49.81760025024414,960,0.0,0.0,0.0
2022-10-19 12:30:00-04:00,49.35660171508789,49.36000061035156,49.33000183105469,49.36000061035156,3136,0.0,0.0,0.0
2022-10-19 13:30:00-04:00,49.2963981628418,49.2963981628418,49.2963981628418,49.2963981628418,237,0.0,0.0,0.0
2022-10-19 14:30:00-04:00,49.504600524902344,49.52000045776367,49.504600524902344,49.52000045776367,656,0.0,0.0,0.0
2022-10-19 15:30:00-04:00,49.59000015258789,49.617000579833984,49.59000015258789,49.617000579833984,271,0.0,0.0,0.0
2022-10-20 09:30:00-04:00,50.166500091552734,50.275001525878906,50.166500091552734,50.275001525878906,0,0.0,0.0,0.0
2022-10-20 10:30:00-04:00,50.03089904785156,50.22209930419922,50.03089904785156,50.22209930419922,570,0.0,0.0,0.0
2022-10-20 11:30:00-04:00,50.10279846191406,50.1338005065918,49.599998474121094,49.599998474121094,1313,0.0,0.0,0.0
2022-10-20 12:30:00-04:00,49.3468017578125,49.3468017578125,49.029998779296875,49.151798248291016,4127,0.0,0.0,0.0
2022-10-20 13:30:00-04:00,49.02000045776367,49.02000045776367,48.86000061035156,48.86000061035156,1158,0.0,0.0,0.0
2022-10-20 14:30:00-04:00,48.849998474121094,49.1088981628418,48.849998474121094,49.02000045776367,682,0.0,0.0,0.0
2022-10-20 15:30:00-04:00,49.06999969482422,49.06999969482422,49.02000045776367,49.04309844970703,0,0.0,0.0,0.0
2022-10-21 10:30:00-04:00,48.959999084472656,49.140201568603516,48.959999084472656,49.119998931884766,738,0.0,0.0,0.0
2022-10-21 11:30:00-04:00,49.27000045776367,49.58000183105469,49.27000045776367,49.58000183105469,6049,0.0,0.0,0.0
2022-10-21 13:30:00-04:00,49.779998779296875,49.96500015258789,49.779998779296875,49.887699127197266,3467,0.0,0.0,0.0
2022-10-21 14:30:00-04:00,49.95000076293945,50.14350128173828,49.86000061035156,50.14350128173828,657,0.0,0.0,0.0
2022-10-21 15:30:00-04:00,50.20500183105469,50.2599983215332,50.150001525878906,50.2599983215332,461,0.0,0.0,0.0
2022-10-24 09:30:00-04:00,50.29499816894531,50.29499816894531,50.29499816894531,50.29499816894531,0,0.0,0.0,0.0
2022-10-24 10:30:00-04:00,50.117698669433594,50.30270004272461,50.117698669433594,50.30270004272461,637,0.0,0.0,0.0
2022-10-24 11:30:00-04:00,50.56650161743164,50.625999450683594,50.56650161743164,50.625999450683594,665,0.0,0.0,0.0
2022-10-24 12:30:00-04:00,50.55400085449219,50.55400085449219,50.4281005859375,50.4281005859375,2070,0.0,0.0,0.0
2022-10-24 13:30:00-04:00,50.390098571777344,50.390098571777344,50.390098571777344,50.390098571777344,109,0.0,0.0,0.0
2022-10-24 14:30:00-04:00,50.400001525878906,50.64030075073242,50.400001525878906,50.64030075073242,1248,0.0,0.0,0.0
2022-10-24 15:30:00-04:00,50.599998474121094,50.619998931884766,50.599998474121094,50.619998931884766,100,0.0,0.0,0.0
2022-10-25 09:30:00-04:00,51.564998626708984,51.564998626708984,51.564998626708984,51.564998626708984,0,0.0,0.0,0.0
2022-10-25 10:30:00-04:00,51.812198638916016,51.812198638916016,51.812198638916016,51.812198638916016,558,0.0,0.0,0.0
2022-10-25 12:30:00-04:00,52.05500030517578,52.05500030517578,51.88019943237305,51.88019943237305,938,0.0,0.0,0.0
2022-10-25 13:30:00-04:00,51.98939895629883,52.0,51.98939895629883,52.0,300,0.0,0.0,0.0
2022-10-25 14:30:00-04:00,52.125999450683594,52.29999923706055,52.125999450683594,52.29999923706055,356,0.0,0.0,0.0
2022-10-26 09:30:00-04:00,52.099998474121094,52.87289810180664,52.099998474121094,52.87289810180664,0,0.0,0.0,0.0
2022-10-26 10:30:00-04:00,53.04499816894531,53.04499816894531,53.04499816894531,53.04499816894531,2271,0.0,0.0,0.0
2022-10-26 12:30:00-04:00,52.939998626708984,52.939998626708984,52.939998626708984,52.939998626708984,105,0.0,0.0,0.0
2022-10-26 13:30:00-04:00,53.130001068115234,53.130001068115234,52.77000045776367,52.77000045776367,43228,0.0,0.0,0.0
2022-10-26 14:30:00-04:00,52.810001373291016,52.810001373291016,52.623600006103516,52.63999938964844,898,0.0,0.0,0.0
2022-10-27 09:30:00-04:00,52.849998474121094,52.849998474121094,52.75,52.75,0,0.0,0.0,0.0
2022-10-27 10:30:00-04:00,52.83000183105469,52.83000183105469,52.83000183105469,52.83000183105469,527,0.0,0.0,0.0
2022-10-27 12:30:00-04:00,52.86040115356445,53.0099983215332,52.86040115356445,53.0099983215332,743,0.0,0.0,0.0
2022-10-27 13:30:00-04:00,52.915000915527344,52.915000915527344,52.915000915527344,52.915000915527344,418,0.0,0.0,0.0
2022-10-27 14:30:00-04:00,52.634700775146484,52.634700775146484,52.45240020751953,52.45240020751953,1345,0.0,0.0,0.0
2022-10-27 15:30:00-04:00,52.599998474121094,52.599998474121094,52.4900016784668,52.599998474121094,120,0.0,0.0,0.0
2022-10-28 10:30:00-04:00,52.29999923706055,52.60499954223633,52.29999923706055,52.60499954223633,818,0.0,0.0,0.0
2022-10-28 11:30:00-04:00,52.755001068115234,52.755001068115234,52.755001068115234,52.755001068115234,152,0.0,0.0,0.0
2022-10-28 12:30:00-04:00,53.01499938964844,53.08000183105469,53.01499938964844,53.06999969482422,1587,0.0,0.0,0.0
2022-10-28 14:30:00-04:00,53.06999969482422,53.269901275634766,53.03450012207031,53.10810089111328,3143,0.0,0.0,0.0
2022-10-28 15:30:00-04:00,53.152400970458984,53.31999969482422,53.152400970458984,53.31999969482422,501,0.0,0.0,0.0
2022-10-31 09:30:00-04:00,52.880001068115234,52.983699798583984,52.880001068115234,52.945899963378906,0,0.0,0.0,0.0
2022-10-31 10:30:00-04:00,52.922000885009766,53.08369827270508,52.922000885009766,53.08369827270508,1042,0.0,0.0,0.0
2022-10-31 11:30:00-04:00,53.122398376464844,53.122398376464844,53.122398376464844,53.122398376464844,328,0.0,0.0,0.0
2022-10-31 13:30:00-04:00,53.18000030517578,53.18000030517578,53.048500061035156,53.048500061035156,752,0.0,0.0,0.0
2022-10-31 14:30:00-04:00,53.10200119018555,53.10200119018555,52.880001068115234,52.880001068115234,1912,0.0,0.0,0.0
2022-11-01 09:30:00-04:00,53.437801361083984,53.437801361083984,53.11000061035156,53.11000061035156,5330,0.0,0.0,0.0
2022-11-01 10:30:00-04:00,52.79999923706055,52.954898834228516,52.790000915527344,52.90999984741211,1723,0.0,0.0,0.0
2022-11-01 11:30:00-04:00,53.13249969482422,53.165000915527344,53.08000183105469,53.150001525878906,4400,0.0,0.0,0.0
2022-11-01 12:30:00-04:00,53.13999938964844,53.2599983215332,53.09000015258789,53.2599983215332,3329,0.0,0.0,0.0
2022-11-01 13:30:00-04:00,53.32659912109375,53.459999084472656,53.31999969482422,53.400001525878906,9375,0.0,0.0,0.0
2022-11-01 14:30:00-04:00,53.279998779296875,53.40999984741211,53.15999984741211,53.15999984741211,1855,0.0,0.0,0.0
2022-11-01 15:30:00-04:00,53.22269821166992,53.27000045776367,53.183799743652344,53.183799743652344,0,0.0,0.0,0.0
2022-11-02 09:30:00-04:00,52.721900939941406,52.721900939941406,52.535701751708984,52.540000915527344,2775,0.0,0.0,0.0
2022-11-02 10:30:00-04:00,52.7692985534668,52.7692985534668,52.7692985534668,52.7692985534668,701,0.0,0.0,0.0
2022-11-02 11:30:00-04:00,52.630001068115234,52.630001068115234,52.630001068115234,52.630001068115234,275,0.0,0.0,0.0
2022-11-02 12:30:00-04:00,52.31999969482422,52.45000076293945,52.31999969482422,52.45000076293945,1502,0.0,0.0,0.0
2022-11-02 13:30:00-04:00,52.536399841308594,53.334999084472656,52.536399841308594,53.334999084472656,2171,0.0,0.0,0.0
2022-11-02 14:30:00-04:00,53.08000183105469,53.290000915527344,52.170799255371094,52.290000915527344,5622,0.0,0.0,0.0
2022-11-02 15:30:00-04:00,51.58000183105469,51.61000061035156,51.470001220703125,51.470001220703125,1402,0.0,0.0,0.0
2022-11-03 09:30:00-04:00,50.540000915527344,50.66999816894531,50.279998779296875,50.66999816894531,0,0.0,0.0,0.0
2022-11-03 10:30:00-04:00,50.951698303222656,50.951698303222656,50.951698303222656,50.951698303222656,442,0.0,0.0,0.0
2022-11-03 12:30:00-04:00,51.22090148925781,51.22090148925781,51.22090148925781,51.22090148925781,142,0.0,0.0,0.0
2022-11-03 13:30:00-04:00,50.964599609375,50.97380065917969,50.869998931884766,50.97380065917969,5254,0.0,0.0,0.0
2022-11-03 14:30:00-04:00,51.03799819946289,51.064701080322266,50.58000183105469,50.58000183105469,3466,0.0,0.0,0.0
2022-11-04 09:30:00-04:00,51.56999969482422,51.56999969482422,51.179298400878906,51.179298400878906,0,0.0,0.0,0.0
2022-11-04 10:30:00-04:00,51.33000183105469,51.33000183105469,51.310001373291016,51.310001373291016,813,0.0,0.0,0.0
2022-11-04 11:30:00-04:00,50.93830108642578,50.93830108642578,50.41999816894531,50.630001068115234,2838,0.0,0.0,0.0
2022-11-04 12:30:00-04:00,50.540000915527344,50.540000915527344,50.279998779296875,50.41999816894531,6201,0.0,0.0,0.0
2022-11-04 13:30:00-04:00,50.39500045776367,50.525001525878906,50.2599983215332,50.297000885009766,1435,0.0,0.0,0.0
2022-11-04 14:30:00-04:00,50.54999923706055,51.0,50.54999923706055,51.0,1952,0.0,0.0,0.0
2022-11-04 15:30:00-04:00,50.90999984741211,51.07500076293945,50.81999969482422,50.988399505615234,1878,0.0,0.0,0.0
2022-11-07 09:30:00-05:00,51.189998626708984,51.189998626708984,50.93989944458008,50.93989944458008,0,0.0,0.0,0.0
2022-11-07 13:30:00-05:00,51.06999969482422,51.25,51.06999969482422,51.25,4846,0.0,0.0,0.0
2022-11-07 14:30:00-05:00,51.32929992675781,51.439998626708984,51.32929992675781,51.369998931884766,3553,0.0,0.0,0.0
2022-11-07 15:30:00-05:00,51.38999938964844,51.38999938964844,51.11000061035156,51.11000061035156,0,0.0,0.0,0.0
2022-11-08 09:30:00-05:00,51.45000076293945,51.81999969482422,51.349998474121094,51.81999969482422,10894,0.0,0.0,0.0
2022-11-08 10:30:00-05:00,51.84600067138672,52.13800048828125,51.84600067138672,52.13800048828125,919,0.0,0.0,0.0
2022-11-08 11:30:00-05:00,52.275001525878906,52.275001525878906,52.189998626708984,52.189998626708984,407,0.0,0.0,0.0
2022-11-08 12:30:00-05:00,52.209999084472656,52.30329895019531,51.84669876098633,51.84669876098633,3307,0.0,0.0,0.0
2022-11-08 13:30:00-05:00,51.70000076293945,51.70000076293945,51.28010177612305,51.28010177612305,1512,0.0,0.0,0.0
2022-11-08 14:30:00-05:00,51.15999984741211,51.63999938964844,51.11000061035156,51.63999938964844,2990,0.0,0.0,0.0
2022-11-08 15:30:00-05:00,51.813899993896484,51.93000030517578,51.779998779296875,51.779998779296875,400,0.0,0.0,0.0
2022-11-09 09:30:00-05:00,51.619998931884766,51.619998931884766,51.619998931884766,51.619998931884766,0,0.0,0.0,0.0
2022-11-09 10:30:00-05:00,51.11989974975586,51.11989974975586,51.11989974975586,51.11989974975586,101,0.0,0.0,0.0
2022-11-09 11:30:00-05:00,51.20650100708008,51.20650100708008,51.09000015258789,51.09000015258789,474,0.0,0.0,0.0
2022-11-09 14:30:00-05:00,50.61000061035156,50.66709899902344,50.4900016784668,50.66709899902344,3081,0.0,0.0,0.0
2022-11-09 15:30:00-05:00,50.5900993347168,50.630001068115234,50.5099983215332,50.529998779296875,801,0.0,0.0,0.0
2022-11-10 09:30:00-05:00,53.059898376464844,53.540000915527344,53.059898376464844,53.540000915527344,0,0.0,0.0,0.0
2022-11-10 11:30:00-05:00,53.91699981689453,53.91999816894531,53.875,53.91999816894531,429,0.0,0.0,0.0
2022-11-10 12:30:00-05:00,53.644901275634766,53.644901275634766,53.400001525878906,53.400001525878906,551,0.0,0.0,0.0
2022-11-10 13:30:00-05:00,53.650001525878906,53.970001220703125,53.650001525878906,53.970001220703125,847,0.0,0.0,0.0
2022-11-10 15:30:00-05:00,54.2400016784668,54.25,54.13999938964844,54.13999938964844,0,0.0,0.0,0.0
2022-11-11 09:30:00-05:00,53.939998626708984,55.525001525878906,53.91999816894531,55.525001525878906,5347,0.0,0.0,0.0
2022-11-11 10:30:00-05:00,55.540000915527344,55.540000915527344,55.0099983215332,55.0099983215332,373,0.0,0.0,0.0
2022-11-11 11:30:00-05:00,55.11000061035156,55.2400016784668,55.02000045776367,55.029998779296875,3000,0.0,0.0,0.0
2022-11-11 12:30:00-05:00,54.9900016784668,55.130001068115234,54.93000030517578,54.970001220703125,4124,0.0,0.0,0.0
2022-11-11 13:30:00-05:00,55.310001373291016,55.43000030517578,55.20009994506836,55.33000183105469,6164,0.0,0.0,0.0
2022-11-11 14:30:00-05:00,55.560001373291016,55.560001373291016,55.16999816894531,55.22999954223633,4260,0.0,0.0,0.0
2022-11-11 15:30:00-05:00,55.320098876953125,55.369998931884766,55.189998626708984,55.21139907836914,1937,0.0,0.0,0.0
2022-11-14 09:30:00-05:00,54.93000030517578,55.163299560546875,54.93000030517578,55.163299560546875,0,0.0,0.0,0.0
2022-11-14 10:30:00-05:00,55.084999084472656,55.130001068115234,54.650001525878906,54.650001525878906,2623,0.0,0.0,0.0
2022-11-14 11:30:00-05:00,54.790000915527344,55.04499816894531,54.77000045776367,55.04499816894531,837,0.0,0.0,0.0
2022-11-14 12:30:00-05:00,54.95000076293945,55.119998931884766,54.95000076293945,55.119998931884766,1661,0.0,0.0,0.0
2022-11-14 13:30:00-05:00,55.2400016784668,55.38999938964844,55.099998474121094,55.38999938964844,2902,0.0,0.0,0.0
2022-11-14 14:30:00-05:00,55.38999938964844,55.5,55.13999938964844,55.45000076293945,7532,0.0,0.0,0.0
2022-11-14 15:30:00-05:00,55.2400016784668,55.329898834228516,54.75,54.760101318359375,2434,0.0,0.0,0.0
2022-11-15 09:30:00-05:00,55.61000061035156,56.029998779296875,55.405601501464844,56.029998779296875,0,0.0,0.0,0.0
2022-11-15 10:30:00-05:00,56.130001068115234,56.310001373291016,55.869998931884766,55.92499923706055,1848,0.0,0.0,0.0
2022-11-15 11:30:00-05:00,56.08000183105469,56.09000015258789,55.97999954223633,56.0099983215332,1057,0.0,0.0,0.0
2022-11-15 12:30:00-05:00,56.0099983215332,56.040000915527344,55.540000915527344,55.540000915527344,1057,0.0,0.0,0.0
2022-11-15 13:30:00-05:00,55.2599983215332,55.76499938964844,55.2599983215332,55.76499938964844,1405,0.0,0.0,0.0
2022-11-15 14:30:00-05:00,55.779998779296875,55.86000061035156,55.59000015258789,55.630001068115234,13861,0.0,0.0,0.0
2022-11-15 15:30:00-05:00,55.5,55.630001068115234,55.400001525878906,55.46419906616211,0,0.0,0.0,0.0
2022-11-16 09:30:00-05:00,55.13999938964844,55.13999938964844,54.600101470947266,54.742000579833984,2186,0.0,0.0,0.0
2022-11-16 13:30:00-05:00,54.79999923706055,54.79999923706055,54.690101623535156,54.690101623535156,633,0.0,0.0,0.0
2022-11-16 14:30:00-05:00,54.690101623535156,54.79990005493164,54.690101623535156,54.79990005493164,1088,0.0,0.0,0.0
2022-11-16 15:30:00-05:00,54.75,54.75,54.59000015258789,54.59000015258789,0,0.0,0.0,0.0
2022-11-17 09:30:00-05:00,54.5,54.5,53.41999816894531,53.77000045776367,912,0.0,0.0,0.0
2022-11-17 10:30:00-05:00,53.849998474121094,53.90999984741211,53.630001068115234,53.720001220703125,1809,0.0,0.0,0.0
2022-11-17 11:30:00-05:00,53.810001373291016,54.16999816894531,53.650001525878906,53.65999984741211,5497,0.0,0.0,0.0
2022-11-17 12:30:00-05:00,53.54130172729492,54.0,53.54130172729492,53.95000076293945,3144,0.0,0.0,0.0
2022-11-17 13:30:00-05:00,54.02000045776367,54.02000045776367,53.60319900512695,53.70000076293945,2142,0.0,0.0,0.0
2022-11-17 14:30:00-05:00,53.72999954223633,53.84000015258789,53.53010177612305,53.53010177612305,3273,0.0,0.0,0.0
2022-11-17 15:30:00-05:00,53.689998626708984,53.970001220703125,53.689998626708984,53.93000030517578,1224,0.0,0.0,0.0
2022-11-18 09:30:00-05:00,54.290000915527344,54.31999969482422,54.067501068115234,54.11009979248047,0,0.0,0.0,0.0
2022-11-18 10:30:00-05:00,54.20000076293945,54.20000076293945,54.20000076293945,54.20000076293945,2833,0.0,0.0,0.0
2022-11-18 11:30:00-05:00,53.654998779296875,53.654998779296875,53.654998779296875,53.654998779296875,117,0.0,0.0,0.0
2022-11-18 12:30:00-05:00,53.810001373291016,53.810001373291016,53.68000030517578,53.68000030517578,2074,0.0,0.0,0.0
2022-11-18 14:30:00-05:00,53.81999969482422,53.98500061035156,53.81999969482422,53.98500061035156,364,0.0,0.0,0.0
2022-11-18 15:30:00-05:00,54.04999923706055,54.080101013183594,53.970001220703125,53.970001220703125,2950,0.0,0.0,0.0
2022-11-21 09:30:00-05:00,54.025001525878906,54.025001525878906,53.72249984741211,53.72249984741211,0,0.0,0.0,0.0
2022-11-21 10:30:00-05:00,53.690101623535156,53.76499938964844,53.690101623535156,53.76499938964844,1988,0.0,0.0,0.0
2022-11-21 11:30:00-05:00,53.69900131225586,53.69900131225586,53.6431999206543,53.6431999206543,1627,0.0,0.0,0.0
2022-11-21 12:30:00-05:00,53.779998779296875,53.88999938964844,53.779998779296875,53.88999938964844,1450,0.0,0.0,0.0
2022-11-21 14:30:00-05:00,53.72999954223633,53.78860092163086,53.59000015258789,53.72999954223633,18064,0.0,0.0,0.0
2022-11-21 15:30:00-05:00,53.67380142211914,53.74489974975586,53.67380142211914,53.74489974975586,745,0.0,0.0,0.0
2022-11-22 10:30:00-05:00,54.0099983215332,54.0099983215332,53.970001220703125,53.970001220703125,270,0.0,0.0,0.0
2022-11-22 11:30:00-05:00,53.90999984741211,53.9900016784668,53.90999984741211,53.9900016784668,381,0.0,0.0,0.0
2022-11-22 12:30:00-05:00,53.98429870605469,54.000099182128906,53.95989990234375,54.000099182128906,3646,0.0,0.0,0.0
2022-11-22 13:30:00-05:00,54.084999084472656,54.11000061035156,54.084999084472656,54.11000061035156,412,0.0,0.0,0.0
2022-11-22 14:30:00-05:00,53.997398376464844,54.41310119628906,53.997398376464844,54.21110153198242,650,0.0,0.0,0.0
2022-11-23 09:30:00-05:00,54.70000076293945,54.70000076293945,54.70000076293945,54.70000076293945,0,0.0,0.0,0.0
2022-11-23 10:30:00-05:00,54.900001525878906,54.900001525878906,54.900001525878906,54.900001525878906,784,0.0,0.0,0.0
2022-11-23 11:30:00-05:00,54.88999938964844,54.900001525878906,54.57550048828125,54.610198974609375,1483,0.0,0.0,0.0
2022-11-23 12:30:00-05:00,54.47999954223633,54.47999954223633,54.415000915527344,54.47999954223633,1560,0.0,0.0,0.0
2022-11-23 14:30:00-05:00,54.9286003112793,54.9286003112793,54.9286003112793,54.9286003112793,396,0.0,0.0,0.0
2022-11-23 15:30:00-05:00,54.78580093383789,54.78580093383789,54.630001068115234,54.77000045776367,940,0.0,0.0,0.0
2022-11-25 09:30:00-05:00,54.959999084472656,54.959999084472656,54.959999084472656,54.959999084472656,0,0.0,0.0,0.0
2022-11-25 10:30:00-05:00,54.805599212646484,54.805599212646484,54.80500030517578,54.80500030517578,395,0.0,0.0,0.0
2022-11-25 12:30:00-05:00,54.852500915527344,54.939998626708984,54.852500915527344,54.852500915527344,193,0.0,0.0,0.0
2022-11-28 09:30:00-05:00,54.49470138549805,54.70000076293945,54.49470138549805,54.56010055541992,1554,0.0,0.0,0.0
2022-11-28 10:30:00-05:00,54.459999084472656,54.459999084472656,54.459999084472656,54.459999084472656,305,0.0,0.0,0.0
2022-11-28 11:30:00-05:00,54.33000183105469,54.589900970458984,54.33000183105469,54.459999084472656,1142,0.0,0.0,0.0
2022-11-28 12:30:00-05:00,54.540000915527344,54.540000915527344,54.35070037841797,54.35070037841797,1204,0.0,0.0,0.0
2022-11-28 13:30:00-05:00,54.23320007324219,54.23320007324219,54.23320007324219,54.23320007324219,326,0.0,0.0,0.0
2022-11-28 14:30:00-05:00,54.04199981689453,54.04199981689453,53.80009841918945,53.80009841918945,1303,0.0,0.0,0.0
2022-11-28 15:30:00-05:00,53.900001525878906,53.93450164794922,53.900001525878906,53.900001525878906,404,0.0,0.0,0.0
2022-11-29 09:30:00-05:00,54.18000030517578,54.37620162963867,54.18000030517578,54.37620162963867,0,0.0,0.0,0.0
2022-11-29 10:30:00-05:00,54.3849983215332,54.3849983215332,54.3849983215332,54.3849983215332,254,0.0,0.0,0.0
2022-11-29 11:30:00-05:00,54.032100677490234,54.18009948730469,54.032100677490234,54.18009948730469,1004,0.0,0.0,0.0
2022-11-29 12:30:00-05:00,54.21799850463867,54.21799850463867,54.190101623535156,54.190101623535156,418,0.0,0.0,0.0
2022-11-29 13:30:00-05:00,54.275001525878906,54.3484992980957,54.275001525878906,54.3484992980957,1723,0.0,0.0,0.0
2022-11-29 14:30:00-05:00,54.084999084472656,54.11000061035156,54.0099983215332,54.050498962402344,5717,0.0,0.0,0.0
2022-11-29 15:30:00-05:00,54.13019943237305,54.13999938964844,54.050899505615234,54.13999938964844,323,0.0,0.0,0.0
2022-11-30 09:30:00-05:00,54.27000045776367,54.27000045776367,53.93000030517578,53.98500061035156,0,0.0,0.0,0.0
2022-11-30 12:30:00-05:00,53.79499816894531,53.86399841308594,53.79499816894531,53.86399841308594,311,0.0,0.0,0.0
2022-11-30 13:30:00-05:00,54.22999954223633,55.165000915527344,54.22999954223633,55.165000915527344,731,0.0,0.0,0.0
2022-11-30 14:30:00-05:00,55.1078987121582,55.22999954223633,54.970001220703125,54.970001220703125,878,0.0,0.0,0.0
2022-11-30 15:30:00-05:00,55.65999984741211,55.81999969482422,55.65999984741211,55.81999969482422,335,0.0,0.0,0.0
2022-12-01 09:30:00-05:00,55.59000015258789,56.04999923706055,55.59000015258789,55.63999938964844,0,0.0,0.0,0.0
2022-12-01 10:30:00-05:00,55.540000915527344,55.72999954223633,55.540000915527344,55.72999954223633,1309,0.0,0.0,0.0
2022-12-01 11:30:00-05:00,55.810001373291016,55.810001373291016,55.72200012207031,55.72200012207031,784,0.0,0.0,0.0
2022-12-01 12:30:00-05:00,55.68899917602539,55.68899917602539,55.68899917602539,55.68899917602539,251,0.0,0.0,0.0
2022-12-01 13:30:00-05:00,55.72829818725586,55.7400016784668,55.59000015258789,55.7400016784668,2327,0.0,0.0,0.0
2022-12-02 09:30:00-05:00,55.0099983215332,58.7400016784668,55.0099983215332,55.804100036621094,0,0.0,0.0,0.0
2022-12-02 11:30:00-05:00,55.584598541259766,55.68040084838867,55.584598541259766,55.68040084838867,1045,0.0,0.0,0.0
2022-12-02 12:30:00-05:00,55.73500061035156,55.73500061035156,55.464298248291016,55.464298248291016,774,0.0,0.0,0.0
2022-12-02 13:30:00-05:00,55.5099983215332,55.5099983215332,55.5,55.505001068115234,507,0.0,0.0,0.0
2022-12-02 14:30:00-05:00,55.91999816894531,55.92499923706055,55.91999816894531,55.92499923706055,1168,0.0,0.0,0.0
2022-12-02 15:30:00-05:00,55.815399169921875,55.83000183105469,55.71799850463867,55.810001373291016,4243,0.0,0.0,0.0
2022-12-05 09:30:00-05:00,55.16999816894531,55.16999816894531,54.7400016784668,54.7400016784668,0,0.0,0.0,0.0
2022-12-05 10:30:00-05:00,54.70000076293945,54.83000183105469,54.70000076293945,54.83000183105469,1416,0.0,0.0,0.0
2022-12-05 11:30:00-05:00,54.63999938964844,54.689998626708984,54.63999938964844,54.689998626708984,1034,0.0,0.0,0.0
2022-12-05 12:30:00-05:00,54.69499969482422,54.69499969482422,54.40999984741211,54.430999755859375,2808,0.0,0.0,0.0
2022-12-05 13:30:00-05:00,54.25,54.25,54.22999954223633,54.22999954223633,862,0.0,0.0,0.0
2022-12-05 14:30:00-05:00,54.21760177612305,54.21760177612305,54.21760177612305,54.21760177612305,285,0.0,0.0,0.0
2022-12-05 15:30:00-05:00,54.167301177978516,54.35490036010742,54.167301177978516,54.35490036010742,550,0.0,0.0,0.0
2022-12-06 09:30:00-05:00,54.27000045776367,55.16999816894531,54.0,54.0,0,0.0,0.0,0.0
2022-12-06 11:30:00-05:00,53.86000061035156,53.86000061035156,53.57509994506836,53.57509994506836,1088,0.0,0.0,0.0
2022-12-06 12:30:00-05:00,53.37820053100586,53.37820053100586,53.37820053100586,53.37820053100586,448,0.0,0.0,0.0
2022-12-06 13:30:00-05:00,53.390899658203125,53.390899658203125,53.390899658203125,53.390899658203125,982,0.0,0.0,0.0
2022-12-06 14:30:00-05:00,53.14099884033203,53.14099884033203,53.14099884033203,53.14099884033203,503,0.0,0.0,0.0
2022-12-06 15:30:00-05:00,53.459999084472656,53.459999084472656,53.459999084472656,53.459999084472656,0,0.0,0.0,0.0
2022-12-07 09:30:00-05:00,53.45000076293945,53.900001525878906,53.45000076293945,53.59000015258789,2858,0.0,0.0,0.0
2022-12-07 10:30:00-05:00,53.63999938964844,53.9900016784668,53.63999938964844,53.97600173950195,2810,0.0,0.0,0.0
2022-12-07 11:30:00-05:00,53.75,53.814998626708984,53.650001525878906,53.709999084472656,5345,0.0,0.0,0.0
2022-12-07 13:30:00-05:00,53.684200286865234,53.790000915527344,53.54999923706055,53.54999923706055,2298,0.0,0.0,0.0
2022-12-07 14:30:00-05:00,53.59619903564453,53.59619903564453,53.59619903564453,53.59619903564453,335,0.0,0.0,0.0
2022-12-07 15:30:00-05:00,53.709999084472656,53.73040008544922,53.70000076293945,53.73040008544922,1283,0.0,0.0,0.0
2022-12-08 09:30:00-05:00,54.15010070800781,54.81999969482422,54.15010070800781,54.81999969482422,0,0.0,0.0,0.0
2022-12-08 10:30:00-05:00,54.84000015258789,54.84000015258789,54.599998474121094,54.599998474121094,3640,0.0,0.0,0.0
2022-12-08 11:30:00-05:00,54.619998931884766,54.709999084472656,54.52000045776367,54.54499816894531,2068,0.0,0.0,0.0
2022-12-08 12:30:00-05:00,54.480098724365234,54.650001525878906,54.439998626708984,54.650001525878906,860,0.0,0.0,0.0
2022-12-08 13:30:00-05:00,54.939998626708984,54.939998626708984,54.7400016784668,54.869998931884766,1935,0.0,0.0,0.0
2022-12-08 14:30:00-05:00,54.84000015258789,55.15999984741211,54.54999923706055,54.54999923706055,3043,0.0,0.0,0.0
2022-12-08 15:30:00-05:00,54.34000015258789,54.4900016784668,54.339599609375,54.4900016784668,1791,0.0,0.0,0.0
2022-12-09 09:30:00-05:00,54.0099983215332,54.20349884033203,54.0099983215332,54.20349884033203,606,0.0,0.0,0.0
2022-12-09 10:30:00-05:00,54.369998931884766,54.464500427246094,54.212100982666016,54.212100982666016,841,0.0,0.0,0.0
2022-12-09 11:30:00-05:00,54.499900817871094,54.499900817871094,54.39500045776367,54.39500045776367,1166,0.0,0.0,0.0
2022-12-09 12:30:00-05:00,54.52000045776367,54.52000045776367,54.23500061035156,54.23500061035156,732,0.0,0.0,0.0
2022-12-09 13:30:00-05:00,54.20000076293945,54.279998779296875,54.20000076293945,54.279998779296875,3376,0.0,0.0,0.0
2022-12-09 14:30:00-05:00,54.12009811401367,54.130001068115234,54.099998474121094,54.099998474121094,2012,0.0,0.0,0.0
2022-12-09 15:30:00-05:00,53.621700286865234,53.621700286865234,53.58000183105469,53.58000183105469,875,0.0,0.0,0.0
2022-12-12 09:30:00-05:00,53.7400016784668,55.05500030517578,53.58000183105469,53.900001525878906,0,0.0,0.0,0.0
2022-12-12 10:30:00-05:00,54.05950164794922,54.2599983215332,54.05950164794922,54.2599983215332,1295,0.0,0.0,0.0
2022-12-12 11:30:00-05:00,54.0,54.0,54.0,54.0,873,0.0,0.0,0.0
2022-12-12 12:30:00-05:00,54.04499816894531,54.04499816894531,53.929500579833984,53.929500579833984,431,0.0,0.0,0.0
2022-12-12 13:30:00-05:00,53.900001525878906,53.900001525878906,53.900001525878906,53.900001525878906,404,0.0,0.0,0.0
2022-12-12 14:30:00-05:00,54.00199890136719,54.20000076293945,54.00199890136719,54.20000076293945,2083,0.0,0.0,0.0
2022-12-12 15:30:00-05:00,54.300498962402344,54.300498962402344,54.281700134277344,54.281700134277344,240,0.0,0.0,0.0
2022-12-13 09:30:00-05:00,55.880001068115234,56.31159973144531,55.79999923706055,56.029998779296875,0,0.0,0.0,0.0
2022-12-13 10:30:00-05:00,55.375,55.599998474121094,55.375,55.45000076293945,747,0.0,0.0,0.0
2022-12-13 11:30:00-05:00,55.5099983215332,55.61000061035156,55.18299865722656,55.18299865722656,2072,0.0,0.0,0.0
2022-12-13 12:30:00-05:00,55.01839828491211,55.20000076293945,55.01839828491211,55.20000076293945,1330,0.0,0.0,0.0
2022-12-13 13:30:00-05:00,55.40999984741211,55.40999984741211,55.08000183105469,55.31999969482422,832,0.0,0.0,0.0
2022-12-13 14:30:00-05:00,55.400001525878906,55.5,55.244998931884766,55.263999938964844,1882,0.0,0.0,0.0
2022-12-13 15:30:00-05:00,55.25080108642578,55.25080108642578,54.619998931884766,54.619998931884766,1504,0.0,0.0,0.0
2022-12-14 09:30:00-05:00,54.70000076293945,54.72999954223633,54.70000076293945,54.72999954223633,3886,0.0,0.0,0.0
2022-12-14 12:30:00-05:00,54.697200775146484,54.7400016784668,54.697200775146484,54.7400016784668,944,0.0,0.0,0.0
2022-12-14 13:30:00-05:00,54.959999084472656,54.959999084472656,54.959999084472656,54.959999084472656,3563,0.0,0.0,0.0
2022-12-14 14:30:00-05:00,54.577301025390625,54.577301025390625,54.50600051879883,54.50600051879883,391,0.0,0.0,0.0
2022-12-14 15:30:00-05:00,54.125,54.277198791503906,54.125,54.277198791503906,1025,0.0,0.0,0.0
2022-12-15 09:30:00-05:00,53.400001525878906,53.400001525878906,53.23139953613281,53.23139953613281,0,0.0,0.0,0.0
2022-12-15 10:30:00-05:00,53.11410140991211,53.11410140991211,52.8755989074707,52.8755989074707,1204,0.0,0.0,0.0
2022-12-15 11:30:00-05:00,53.09590148925781,53.09590148925781,53.09590148925781,53.09590148925781,678,0.0,0.0,0.0
2022-12-15 12:30:00-05:00,53.02000045776367,53.02000045776367,52.790000915527344,52.790000915527344,1004,0.0,0.0,0.0
2022-12-15 13:30:00-05:00,52.65549850463867,52.71220016479492,52.65549850463867,52.71220016479492,669,0.0,0.0,0.0
2022-12-15 14:30:00-05:00,52.88999938964844,52.897300720214844,52.85530090332031,52.85530090332031,1900,0.0,0.0,0.0
2022-12-15 15:30:00-05:00,52.665000915527344,52.726200103759766,52.665000915527344,52.726200103759766,0,0.0,0.0,0.0
2022-12-16 09:30:00-05:00,52.18000030517578,52.18000030517578,52.18000030517578,52.18000030517578,260,0.0,0.0,0.0
2022-12-16 10:30:00-05:00,52.08399963378906,52.209999084472656,52.08399963378906,52.209999084472656,678,0.0,0.0,0.0
2022-12-16 11:30:00-05:00,52.07160186767578,52.07160186767578,51.83789825439453,51.8838005065918,1701,0.0,0.0,0.0
2022-12-16 12:30:00-05:00,51.845001220703125,51.845001220703125,51.845001220703125,51.845001220703125,526,0.0,0.0,0.0
2022-12-16 13:30:00-05:00,51.9379997253418,51.9379997253418,51.79999923706055,51.79999923706055,2431,0.0,0.0,0.0
2022-12-16 15:30:00-05:00,52.26539993286133,52.26539993286133,52.209999084472656,52.209999084472656,158,0.0,0.0,0.0
2022-12-19 09:30:00-05:00,52.25,52.25,51.7400016784668,51.790000915527344,0,0.0,0.0,0.0
2022-12-19 10:30:00-05:00,51.9546012878418,51.9546012878418,51.630001068115234,51.76110076904297,6302,0.0,0.0,0.0
2022-12-19 11:30:00-05:00,51.59000015258789,51.654998779296875,51.540000915527344,51.540000915527344,3096,0.0,0.0,0.0
2022-12-19 12:30:00-05:00,51.61629867553711,51.74399948120117,51.61629867553711,51.67499923706055,1185,0.0,0.0,0.0
2022-12-19 13:30:00-05:00,51.5,51.5,51.33000183105469,51.3484992980957,7792,0.0,0.0,0.0
2022-12-19 14:30:00-05:00,51.325801849365234,51.420799255371094,51.2400016784668,51.2400016784668,2761,0.0,0.0,0.0
2022-12-19 15:30:00-05:00,51.43550109863281,51.43550109863281,51.349998474121094,51.349998474121094,0,0.0,0.0,0.0
2022-12-20 09:30:00-05:00,51.50960159301758,51.779998779296875,51.50960159301758,51.709999084472656,1995,0.0,0.0,0.0
2022-12-20 10:30:00-05:00,51.72560119628906,51.88930130004883,51.72560119628906,51.76900100708008,1142,0.0,0.0,0.0
2022-12-20 11:30:00-05:00,51.595001220703125,51.78089904785156,51.54069900512695,51.78089904785156,1200,0.0,0.0,0.0
2022-12-20 12:30:00-05:00,51.744998931884766,51.744998931884766,51.744998931884766,51.744998931884766,222,0.0,0.0,0.0
2022-12-20 13:30:00-05:00,51.71870040893555,51.775001525878906,51.71870040893555,51.775001525878906,1589,0.0,0.0,0.0
2022-12-20 14:30:00-05:00,51.70249938964844,51.70249938964844,51.60960006713867,51.60960006713867,2694,0.0,0.0,0.0
2022-12-20 15:30:00-05:00,51.570098876953125,51.68000030517578,51.560001373291016,51.57590103149414,5327,0.0,0.0,0.0
2022-12-21 09:30:00-05:00,51.900001525878906,52.20500183105469,51.900001525878906,52.20500183105469,0,0.0,0.0,0.0
2022-12-21 10:30:00-05:00,52.43000030517578,52.650001525878906,52.43000030517578,52.650001525878906,2137,0.0,0.0,0.0
2022-12-21 11:30:00-05:00,52.48509979248047,52.48509979248047,52.48509979248047,52.48509979248047,385,0.0,0.0,0.0
2022-12-21 12:30:00-05:00,52.54999923706055,52.54999923706055,52.5099983215332,52.5099983215332,5863,0.0,0.0,0.0
2022-12-21 13:30:00-05:00,52.518001556396484,52.599998474121094,52.502601623535156,52.502601623535156,1204,0.0,0.0,0.0
2022-12-21 14:30:00-05:00,52.62009811401367,52.62009811401367,52.349998474121094,52.44860076904297,4090,0.0,0.0,0.0
2022-12-21 15:30:00-05:00,52.419898986816406,52.45000076293945,52.419898986816406,52.45000076293945,335,0.0,0.0,0.0
2022-12-22 09:30:00-05:00,52.029998779296875,52.029998779296875,51.58000183105469,51.58000183105469,0,0.0,0.0,0.0
2022-12-22 10:30:00-05:00,51.604801177978516,51.604801177978516,51.54010009765625,51.54010009765625,910,0.0,0.0,0.0
2022-12-22 11:30:00-05:00,51.560001373291016,51.560001373291016,51.434200286865234,51.5265007019043,1457,0.0,0.0,0.0
2022-12-22 12:30:00-05:00,51.040000915527344,51.150001525878906,51.040000915527344,51.048301696777344,1786,0.0,0.0,0.0
2022-12-22 13:30:00-05:00,51.12739944458008,51.290000915527344,51.08000183105469,51.290000915527344,28571,0.0,0.0,0.0
2022-12-22 14:30:00-05:00,51.630001068115234,51.630001068115234,51.630001068115234,51.630001068115234,700,0.0,0.0,0.0
2022-12-22 15:30:00-05:00,51.86069869995117,52.0,51.86069869995117,51.915000915527344,801,0.0,0.0,0.0
2022-12-23 09:30:00-05:00,52.09000015258789,52.09000015258789,51.71500015258789,51.81999969482422,0,0.0,0.0,0.0
2022-12-23 10:30:00-05:00,51.939998626708984,52.029998779296875,51.939998626708984,52.029998779296875,1365,0.0,0.0,0.0
2022-12-23 12:30:00-05:00,51.79999923706055,51.79999923706055,51.79999923706055,51.79999923706055,102,0.0,0.0,0.0
2022-12-23 13:30:00-05:00,51.922000885009766,51.922000885009766,51.84000015258789,51.84000015258789,593,0.0,0.0,0.0
2022-12-23 14:30:00-05:00,51.94620132446289,51.94620132446289,51.94620132446289,51.94620132446289,567,0.0,0.0,0.0
2022-12-23 15:30:00-05:00,52.08000183105469,52.15999984741211,52.08000183105469,52.08000183105469,351,0.0,0.0,0.0
2022-12-27 09:30:00-05:00,52.0099983215332,52.150001525878906,51.63999938964844,52.150001525878906,0,0.0,0.0,0.0
2022-12-27 10:30:00-05:00,52.150001525878906,52.380001068115234,51.9900016784668,52.00170135498047,5832,0.0,0.0,0.0
2022-12-27 11:30:00-05:00,52.064998626708984,52.11000061035156,52.02980041503906,52.02980041503906,2873,0.0,0.0,0.0
2022-12-27 12:30:00-05:00,52.03919982910156,52.03919982910156,51.962799072265625,51.962799072265625,1239,0.0,0.0,0.0
2022-12-27 13:30:00-05:00,51.810001373291016,51.970001220703125,51.7599983215332,51.810001373291016,108047,0.0,0.0,0.0
2022-12-27 14:30:00-05:00,51.790000915527344,52.0,51.75,52.0,41431,0.0,0.0,0.0
2022-12-27 15:30:00-05:00,52.064998626708984,52.064998626708984,51.81999969482422,51.81999969482422,1348,0.0,0.0,0.0
2022-12-28 09:30:00-05:00,52.0,52.439998626708984,52.0,52.03900146484375,3292,0.0,0.0,0.0
2022-12-28 10:30:00-05:00,51.75,51.75,51.459999084472656,51.459999084472656,619,0.0,0.0,0.0
2022-12-28 11:30:00-05:00,51.560001373291016,51.560001373291016,51.2400016784668,51.31999969482422,2910,0.0,0.0,0.0
2022-12-28 12:30:00-05:00,51.27859878540039,51.619998931884766,51.27859878540039,51.56999969482422,2638,0.0,0.0,0.0
2022-12-28 13:30:00-05:00,51.36000061035156,51.41999816894531,51.34000015258789,51.349998474121094,2470,0.0,0.0,0.0
2022-12-28 14:30:00-05:00,51.356300354003906,51.356300354003906,51.02000045776367,51.150001525878906,4329,0.0,0.0,0.0
2022-12-28 15:30:00-05:00,51.20000076293945,51.20000076293945,51.13999938964844,51.13999938964844,673,0.0,0.0,0.0
2022-12-29 09:30:00-05:00,51.650001525878906,51.75,51.650001525878906,51.75,0,0.0,0.0,0.0
2022-12-29 10:30:00-05:00,52.2599983215332,52.2599983215332,52.2599983215332,52.2599983215332,204,0.0,0.0,0.0
2022-12-29 11:30:00-05:00,52.23929977416992,52.400001525878906,52.23929977416992,52.400001525878906,2382,0.0,0.0,0.0
2022-12-29 12:30:00-05:00,52.31840133666992,52.4900016784668,52.31840133666992,52.4203987121582,2403,0.0,0.0,0.0
2022-12-29 13:30:00-05:00,52.404998779296875,52.404998779296875,52.404998779296875,52.404998779296875,1602,0.0,0.0,0.0
2022-12-29 14:30:00-05:00,52.31999969482422,52.334999084472656,52.31999969482422,52.334999084472656,577,0.0,0.0,0.0
2022-12-29 15:30:00-05:00,52.26060104370117,52.38999938964844,52.26060104370117,52.38999938964844,3473,0.0,0.0,0.0
2022-12-30 09:30:00-05:00,52.279998779296875,52.279998779296875,51.680599212646484,51.79999923706055,2530,0.0,0.0,0.0
2022-12-30 10:30:00-05:00,51.96440124511719,51.96440124511719,51.900001525878906,51.900001525878906,3108,0.0,0.0,0.0
2022-12-30 11:30:00-05:00,51.810001373291016,51.8911018371582,51.810001373291016,51.8911018371582,845,0.0,0.0,0.0
2022-12-30 12:30:00-05:00,51.93000030517578,51.97999954223633,51.62860107421875,51.62860107421875,3590,0.0,0.0,0.0
2022-12-30 13:30:00-05:00,51.68360137939453,51.68360137939453,51.66400146484375,51.67499923706055,919,0.0,0.0,0.0
2022-12-30 14:30:00-05:00,51.739898681640625,51.9109992980957,51.739898681640625,51.88290023803711,1590,0.0,0.0,0.0
2022-12-30 15:30:00-05:00,51.900001525878906,52.09000015258789,51.849998474121094,52.09000015258789,741,0.0,0.0,0.0
2023-01-03 09:30:00-05:00,52.47999954223633,52.83000183105469,52.02000045776367,52.02000045776367,2388,0.0,0.0,0.0
2023-01-03 10:30:00-05:00,52.09000015258789,52.09000015258789,52.02000045776367,52.02000045776367,1025,0.0,0.0,0.0
2023-01-03 11:30:00-05:00,51.86009979248047,51.86009979248047,51.86009979248047,51.86009979248047,264,0.0,0.0,0.0
2023-01-03 13:30:00-05:00,51.824100494384766,51.83000183105469,51.824100494384766,51.83000183105469,674,0.0,0.0,0.0
2023-01-03 14:30:00-05:00,51.649898529052734,51.957298278808594,51.649898529052734,51.89789962768555,1541,0.0,0.0,0.0
2023-01-03 15:30:00-05:00,51.89459991455078,51.92660140991211,51.89459991455078,51.904998779296875,0,0.0,0.0,0.0
2023-01-04 09:30:00-05:00,52.540000915527344,52.540000915527344,52.290000915527344,52.290000915527344,559,0.0,0.0,0.0
2023-01-04 10:30:00-05:00,52.380001068115234,52.65999984741211,52.380001068115234,52.65999984741211,2285,0.0,0.0,0.0
2023-01-04 11:30:00-05:00,52.970001220703125,52.970001220703125,52.94499969482422,52.94499969482422,884,0.0,0.0,0.0
2023-01-04 12:30:00-05:00,52.88999938964844,52.88999938964844,52.88999938964844,52.88999938964844,779,0.0,0.0,0.0
2023-01-04 13:30:00-05:00,52.91999816894531,52.91999816894531,52.91999816894531,52.91999816894531,834,0.0,0.0,0.0
2023-01-04 14:30:00-05:00,52.61000061035156,52.86000061035156,52.61000061035156,52.65999984741211,4341,0.0,0.0,0.0
2023-01-04 15:30:00-05:00,52.400001525878906,52.7156982421875,52.400001525878906,52.7156982421875,0,0.0,0.0,0.0
2023-01-05 11:30:00-05:00,52.0099983215332,52.0099983215332,52.0099983215332,52.0099983215332,286,0.0,0.0,0.0
2023-01-05 12:30:00-05:00,51.89500045776367,52.118099212646484,51.89500045776367,52.118099212646484,464,0.0,0.0,0.0
2023-01-05 13:30:00-05:00,52.290000915527344,52.290000915527344,52.119998931884766,52.2599983215332,4696,0.0,0.0,0.0
2023-01-05 14:30:00-05:00,52.14030075073242,52.369998931884766,51.9900016784668,51.9901008605957,7406,0.0,0.0,0.0
2023-01-05 15:30:00-05:00,52.09000015258789,52.11000061035156,51.88999938964844,51.88999938964844,2200,0.0,0.0,0.0
2023-01-06 09:30:00-05:00,52.20000076293945,52.23500061035156,52.20000076293945,52.23500061035156,0,0.0,0.0,0.0
2023-01-06 10:30:00-05:00,53.04999923706055,53.19499969482422,53.0099983215332,53.0099983215332,3058,0.0,0.0,0.0
2023-01-06 11:30:00-05:00,53.11000061035156,53.119998931884766,53.11000061035156,53.119998931884766,1813,0.0,0.0,0.0
2023-01-06 14:30:00-05:00,53.330101013183594,53.330101013183594,53.330101013183594,53.330101013183594,411,0.0,0.0,0.0
2023-01-06 15:30:00-05:00,53.394100189208984,53.439998626708984,53.394100189208984,53.439998626708984,104,0.0,0.0,0.0
2023-01-09 09:30:00-05:00,53.95000076293945,54.074100494384766,53.81010055541992,54.0275993347168,0,0.0,0.0,0.0
2023-01-09 10:30:00-05:00,54.28770065307617,54.54999923706055,54.28770065307617,54.53499984741211,3368,0.0,0.0,0.0
2023-01-09 11:30:00-05:00,54.400001525878906,54.45500183105469,54.400001525878906,54.45500183105469,270,0.0,0.0,0.0
2023-01-09 12:30:00-05:00,54.349998474121094,54.492000579833984,54.349998474121094,54.492000579833984,893,0.0,0.0,0.0
2023-01-09 13:30:00-05:00,54.2599983215332,54.349998474121094,54.150001525878906,54.200801849365234,3392,0.0,0.0,0.0
2023-01-09 14:30:00-05:00,54.119998931884766,54.119998931884766,53.938899993896484,53.95000076293945,2702,0.0,0.0,0.0
2023-01-09 15:30:00-05:00,53.93000030517578,53.95000076293945,53.869998931884766,53.869998931884766,3033,0.0,0.0,0.0
2023-01-10 09:30:00-05:00,53.81999969482422,54.06589889526367,53.81999969482422,54.06589889526367,0,0.0,0.0,0.0
2023-01-10 11:30:00-05:00,54.0099983215332,54.0099983215332,53.98379898071289,53.98379898071289,1357,0.0,0.0,0.0
2023-01-10 13:30:00-05:00,54.150001525878906,54.29999923706055,54.119998931884766,54.29999923706055,2368,0.0,0.0,0.0
2023-01-10 14:30:00-05:00,54.28779983520508,54.28779983520508,54.2599983215332,54.279998779296875,634,0.0,0.0,0.0
2023-01-11 09:30:00-05:00,54.540000915527344,55.02000045776367,54.540000915527344,55.02000045776367,0,0.0,0.0,0.0
2023-01-11 10:30:00-05:00,54.88100051879883,54.88100051879883,54.64820098876953,54.64820098876953,853,0.0,0.0,0.0
2023-01-11 11:30:00-05:00,54.72639846801758,54.72639846801758,54.72639846801758,54.72639846801758,412,0.0,0.0,0.0
2023-01-11 12:30:00-05:00,54.900001525878906,55.02000045776367,54.900001525878906,55.02000045776367,1231,0.0,0.0,0.0
2023-01-11 13:30:00-05:00,55.04999923706055,55.04999923706055,54.970001220703125,55.005001068115234,1205,0.0,0.0,0.0
2023-01-11 14:30:00-05:00,55.040000915527344,55.2599983215332,55.040000915527344,55.2599983215332,3258,0.0,0.0,0.0
2023-01-11 15:30:00-05:00,55.15999984741211,55.255001068115234,55.09000015258789,55.255001068115234,2509,0.0,0.0,0.0
2023-01-12 09:30:00-05:00,55.240501403808594,55.240501403808594,55.240501403808594,55.240501403808594,0,0.0,0.0,0.0
2023-01-12 10:30:00-05:00,55.30379867553711,55.30379867553711,55.30379867553711,55.30379867553711,1559,0.0,0.0,0.0
2023-01-12 11:30:00-05:00,55.3400993347168,55.619998931884766,55.3400993347168,55.619998931884766,1479,0.0,0.0,0.0
2023-01-12 12:30:00-05:00,55.709999084472656,55.709999084472656,55.54999923706055,55.54999923706055,1405,0.0,0.0,0.0
2023-01-12 13:30:00-05:00,55.650001525878906,55.79999923706055,55.5629997253418,55.764801025390625,7089,0.0,0.0,0.0
2023-01-12 14:30:00-05:00,55.67499923706055,55.67499923706055,55.58000183105469,55.58000183105469,1803,0.0,0.0,0.0
2023-01-12 15:30:00-05:00,55.599998474121094,55.61000061035156,55.56999969482422,55.56999969482422,900,0.0,0.0,0.0
2023-01-13 09:30:00-05:00,55.365299224853516,55.365299224853516,55.365299224853516,55.365299224853516,0,0.0,0.0,0.0
2023-01-13 10:30:00-05:00,55.720001220703125,55.8849983215332,55.720001220703125,55.8849983215332,4015,0.0,0.0,0.0
2023-01-13 12:30:00-05:00,55.81480026245117,55.8224983215332,55.81480026245117,55.8224983215332,405,0.0,0.0,0.0
2023-01-13 13:30:00-05:00,55.970001220703125,55.970001220703125,55.970001220703125,55.970001220703125,717,0.0,0.0,0.0
2023-01-13 14:30:00-05:00,55.850101470947266,55.900001525878906,55.849998474121094,55.900001525878906,1700,0.0,0.0,0.0
2023-01-13 15:30:00-05:00,55.93000030517578,56.060001373291016,55.88999938964844,55.93000030517578,2930,0.0,0.0,0.0
2023-01-17 09:30:00-05:00,55.90999984741211,56.2599983215332,55.90999984741211,56.08430099487305,2008,0.0,0.0,0.0
2023-01-17 10:30:00-05:00,56.11000061035156,56.11000061035156,55.90999984741211,55.90999984741211,5702,0.0,0.0,0.0
2023-01-17 11:30:00-05:00,55.90999984741211,56.0010986328125,55.8494987487793,55.94559860229492,1938,0.0,0.0,0.0
2023-01-17 12:30:00-05:00,56.05759811401367,56.05759811401367,56.05759811401367,56.05759811401367,152,0.0,0.0,0.0
2023-01-17 13:30:00-05:00,56.040000915527344,56.040000915527344,55.97930145263672,55.97930145263672,5076,0.0,0.0,0.0
2023-01-17 14:30:00-05:00,55.939998626708984,56.11000061035156,55.939998626708984,56.11000061035156,3456,0.0,0.0,0.0
2023-01-17 15:30:00-05:00,55.959999084472656,55.959999084472656,55.95000076293945,55.95000076293945,0,0.0,0.0,0.0
2023-01-18 09:30:00-05:00,56.310001373291016,56.83000183105469,56.310001373291016,56.83000183105469,841,0.0,0.0,0.0
2023-01-18 10:30:00-05:00,56.52009963989258,56.52009963989258,56.02000045776367,56.02000045776367,3913,0.0,0.0,0.0
2023-01-18 11:30:00-05:00,56.02199935913086,56.02199935913086,56.0,56.0,427,0.0,0.0,0.0
2023-01-18 12:30:00-05:00,55.70000076293945,55.70000076293945,55.58440017700195,55.58440017700195,2315,0.0,0.0,0.0
2023-01-18 13:30:00-05:00,55.88999938964844,55.9989013671875,55.720001220703125,55.7401008605957,4315,0.0,0.0,0.0
2023-01-18 14:30:00-05:00,55.8297004699707,55.88999938964844,55.56999969482422,55.56999969482422,3428,0.0,0.0,0.0
2023-01-18 15:30:00-05:00,55.71620178222656,55.71620178222656,55.5099983215332,55.529998779296875,0,0.0,0.0,0.0
2023-01-19 09:30:00-05:00,54.7150993347168,54.9900016784668,54.689998626708984,54.720001220703125,4030,0.0,0.0,0.0
2023-01-19 10:30:00-05:00,54.709999084472656,54.709999084472656,54.5099983215332,54.67499923706055,1139,0.0,0.0,0.0
2023-01-19 12:30:00-05:00,54.779998779296875,54.790000915527344,54.779998779296875,54.790000915527344,1303,0.0,0.0,0.0
2023-01-19 13:30:00-05:00,54.77000045776367,54.90999984741211,54.77000045776367,54.90999984741211,3700,0.0,0.0,0.0
2023-01-19 14:30:00-05:00,55.08940124511719,55.08940124511719,55.0,55.0,3056,0.0,0.0,0.0
2023-01-19 15:30:00-05:00,54.900001525878906,54.939998626708984,54.70000076293945,54.70000076293945,1436,0.0,0.0,0.0
2023-01-20 09:30:00-05:00,55.095001220703125,55.20000076293945,55.095001220703125,55.20000076293945,0,0.0,0.0,0.0
2023-01-20 10:30:00-05:00,55.0005989074707,55.18669891357422,55.0005989074707,55.18669891357422,1066,0.0,0.0,0.0
2023-01-20 11:30:00-05:00,55.23759841918945,55.29999923706055,55.20000076293945,55.25,2392,0.0,0.0,0.0
2023-01-20 12:30:00-05:00,55.209999084472656,55.339900970458984,55.209999084472656,55.209999084472656,1604,0.0,0.0,0.0
2023-01-20 13:30:00-05:00,55.33000183105469,55.48500061035156,55.33000183105469,55.48500061035156,969,0.0,0.0,0.0
2023-01-20 14:30:00-05:00,55.599998474121094,55.779998779296875,55.47520065307617,55.779998779296875,7787,0.0,0.0,0.0
2023-01-20 15:30:00-05:00,55.78850173950195,55.849998474121094,55.779998779296875,55.779998779296875,1228,0.0,0.0,0.0
2023-01-23 09:30:00-05:00,56.36790084838867,56.36790084838867,56.36790084838867,56.36790084838867,151,0.0,0.0,0.0
2023-01-23 10:30:00-05:00,56.37120056152344,56.37120056152344,56.37120056152344,56.37120056152344,3462,0.0,0.0,0.0
2023-01-23 11:30:00-05:00,56.630001068115234,56.665000915527344,56.54059982299805,56.665000915527344,742,0.0,0.0,0.0
2023-01-23 12:30:00-05:00,56.79990005493164,56.8916015625,56.79990005493164,56.8916015625,603,0.0,0.0,0.0
2023-01-23 14:30:00-05:00,56.68000030517578,56.78310012817383,56.53499984741211,56.687400817871094,5108,0.0,0.0,0.0
2023-01-23 15:30:00-05:00,56.79069900512695,56.900001525878906,56.79069900512695,56.79069900512695,449,0.0,0.0,0.0
2023-01-24 09:30:00-05:00,56.45000076293945,56.45000076293945,56.45000076293945,56.45000076293945,0,0.0,0.0,0.0
2023-01-24 10:30:00-05:00,56.584999084472656,56.6531982421875,56.52000045776367,56.619998931884766,2156,0.0,0.0,0.0
2023-01-24 11:30:00-05:00,56.58000183105469,56.58000183105469,56.5,56.5,369,0.0,0.0,0.0
2023-01-24 12:30:00-05:00,56.560001373291016,56.560001373291016,56.560001373291016,56.560001373291016,173,0.0,0.0,0.0
2023-01-24 13:30:00-05:00,56.540000915527344,56.54999923706055,55.970001220703125,56.5099983215332,20501,0.0,0.0,0.0
2023-01-24 14:30:00-05:00,56.47999954223633,56.47999954223633,56.470001220703125,56.470001220703125,1074,0.0,0.0,0.0
2023-01-24 15:30:00-05:00,56.27199935913086,56.279998779296875,56.27199935913086,56.279998779296875,0,0.0,0.0,0.0
2023-01-25 09:30:00-05:00,55.6150016784668,55.68000030517578,55.459999084472656,55.459999084472656,2408,0.0,0.0,0.0
2023-01-25 10:30:00-05:00,55.59000015258789,55.82500076293945,55.59000015258789,55.82500076293945,4765,0.0,0.0,0.0
2023-01-25 11:30:00-05:00,55.952701568603516,56.05500030517578,55.93989944458008,55.939998626708984,858,0.0,0.0,0.0
2023-01-25 12:30:00-05:00,56.02000045776367,56.02000045776367,55.93000030517578,55.93000030517578,33190,0.0,0.0,0.0
2023-01-25 13:30:00-05:00,56.310001373291016,56.459999084472656,56.27000045776367,56.349998474121094,5817,0.0,0.0,0.0
2023-01-25 14:30:00-05:00,56.20000076293945,56.599998474121094,56.20000076293945,56.4900016784668,1776,0.0,0.0,0.0
2023-01-26 09:30:00-05:00,57.689998626708984,57.689998626708984,56.54999923706055,56.54999923706055,0,0.0,0.0,0.0
2023-01-26 10:30:00-05:00,56.72999954223633,56.72999954223633,56.689998626708984,56.69020080566406,2353,0.0,0.0,0.0
2023-01-26 11:30:00-05:00,56.560001373291016,56.650001525878906,56.029998779296875,56.57809829711914,4911,0.0,0.0,0.0
2023-01-26 12:30:00-05:00,56.688899993896484,56.688899993896484,56.66999816894531,56.66999816894531,18397,0.0,0.0,0.0
2023-01-26 13:30:00-05:00,56.810001373291016,56.869998931884766,56.810001373291016,56.869998931884766,211,0.0,0.0,0.0
2023-01-26 14:30:00-05:00,56.959999084472656,57.0098991394043,56.935001373291016,57.0098991394043,4227,0.0,0.0,0.0
2023-01-26 15:30:00-05:00,56.970001220703125,57.2400016784668,56.96189880371094,57.2400016784668,4041,0.0,0.0,0.0
2023-01-27 09:30:00-05:00,57.18000030517578,57.42649841308594,57.099998474121094,57.29999923706055,0,0.0,0.0,0.0
2023-01-27 10:30:00-05:00,57.20000076293945,57.20000076293945,56.850101470947266,56.88999938964844,10351,0.0,0.0,0.0
2023-01-27 11:30:00-05:00,57.16999816894531,57.22999954223633,57.16999816894531,57.22999954223633,908,0.0,0.0,0.0
2023-01-27 12:30:00-05:00,57.36000061035156,57.36000061035156,57.36000061035156,57.36000061035156,990,0.0,0.0,0.0
2023-01-27 13:30:00-05:00,57.46989822387695,57.48649978637695,57.349998474121094,57.410099029541016,802,0.0,0.0,0.0
2023-01-27 14:30:00-05:00,57.455501556396484,57.7150993347168,57.369998931884766,57.529998779296875,7191,0.0,0.0,0.0
2023-01-27 15:30:00-05:00,57.6349983215332,57.6349983215332,57.369998931884766,57.369998931884766,807,0.0,0.0,0.0
2023-01-30 09:30:00-05:00,57.02000045776367,57.400001525878906,57.02000045776367,57.29999923706055,0,0.0,0.0,0.0
2023-01-30 10:30:00-05:00,56.869998931884766,57.11000061035156,56.718101501464844,56.939998626708984,3899,0.0,0.0,0.0
2023-01-30 11:30:00-05:00,57.040000915527344,57.04999923706055,57.0,57.0,36203,0.0,0.0,0.0
2023-01-30 12:30:00-05:00,57.029998779296875,57.053199768066406,56.91999816894531,57.053199768066406,1567,0.0,0.0,0.0
2023-01-30 13:30:00-05:00,56.900001525878906,56.900001525878906,56.83000183105469,56.87990188598633,1764,0.0,0.0,0.0
2023-01-30 14:30:00-05:00,56.779998779296875,56.779998779296875,56.630001068115234,56.654998779296875,5009,0.0,0.0,0.0
2023-01-30 15:30:00-05:00,56.68000030517578,56.762901306152344,56.560001373291016,56.689998626708984,1706,0.0,0.0,0.0
2023-01-31 09:30:00-05:00,56.619998931884766,57.13999938964844,56.619998931884766,57.06999969482422,0,0.0,0.0,0.0
2023-01-31 10:30:00-05:00,57.290000915527344,57.290000915527344,57.290000915527344,57.290000915527344,22527,0.0,0.0,0.0
2023-01-31 11:30:00-05:00,57.33000183105469,57.33000183105469,57.33000183105469,57.33000183105469,974,0.0,0.0,0.0
2023-01-31 12:30:00-05:00,57.41999816894531,57.44499969482422,57.29330062866211,57.44499969482422,2160,0.0,0.0,0.0
2023-01-31 13:30:00-05:00,57.40999984741211,57.57419967651367,57.40010070800781,57.572601318359375,2373,0.0,0.0,0.0
2023-01-31 14:30:00-05:00,57.529998779296875,57.599998474121094,57.18000030517578,57.599998474121094,6470,0.0,0.0,0.0
2023-01-31 15:30:00-05:00,57.68000030517578,57.88999938964844,57.66999816894531,57.810001373291016,0,0.0,0.0,0.0
2023-02-01 09:30:00-05:00,57.90999984741211,58.040000915527344,57.9025993347168,58.040000915527344,1952,0.0,0.0,0.0
2023-02-01 10:30:00-05:00,58.130001068115234,58.130001068115234,57.62009811401367,58.0,4665,0.0,0.0,0.0
2023-02-01 11:30:00-05:00,57.994998931884766,57.994998931884766,57.84000015258789,57.880001068115234,2975,0.0,0.0,0.0
2023-02-01 12:30:00-05:00,57.90999984741211,57.90999984741211,57.900001525878906,57.900001525878906,4102,0.0,0.0,0.0
2023-02-01 13:30:00-05:00,57.89500045776367,57.90999984741211,57.79999923706055,57.79999923706055,1546,0.0,0.0,0.0
2023-02-01 14:30:00-05:00,57.93000030517578,59.27000045776367,57.93000030517578,59.27000045776367,5566,0.0,0.0,0.0
2023-02-01 15:30:00-05:00,59.5099983215332,59.5099983215332,59.209999084472656,59.400001525878906,0,0.0,0.0,0.0
2023-02-02 09:30:00-05:00,59.959999084472656,60.060001373291016,59.959999084472656,59.98400115966797,928,0.0,0.0,0.0
2023-02-02 10:30:00-05:00,60.185001373291016,60.45000076293945,60.185001373291016,60.37009811401367,1319,0.0,0.0,0.0
2023-02-02 12:30:00-05:00,60.4900016784668,60.53559875488281,60.4900016784668,60.53559875488281,1559,0.0,0.0,0.0
2023-02-02 13:30:00-05:00,60.47740173339844,60.75,60.310001373291016,60.310001373291016,4754,0.0,0.0,0.0
2023-02-02 14:30:00-05:00,60.290000915527344,60.290000915527344,59.959999084472656,60.04999923706055,3101,0.0,0.0,0.0
2023-02-02 15:30:00-05:00,60.130001068115234,60.2599983215332,60.08000183105469,60.2599983215332,1410,0.0,0.0,0.0
2023-02-03 09:30:00-05:00,59.932701110839844,60.209999084472656,59.7599983215332,60.209999084472656,0,0.0,0.0,0.0
2023-02-03 10:30:00-05:00,60.349998474121094,60.400001525878906,60.34000015258789,60.34000015258789,2497,0.0,0.0,0.0
2023-02-03 11:30:00-05:00,60.459999084472656,60.459999084472656,60.2599983215332,60.2599983215332,1856,0.0,0.0,0.0
2023-02-03 12:30:00-05:00,60.32590103149414,60.32590103149414,59.810001373291016,59.880001068115234,2650,0.0,0.0,0.0
2023-02-03 13:30:00-05:00,59.7599983215332,59.810001373291016,59.72999954223633,59.75630187988281,4052,0.0,0.0,0.0
2023-02-03 14:30:00-05:00,59.68000030517578,59.79990005493164,59.61000061035156,59.61000061035156,3086,0.0,0.0,0.0
2023-02-03 15:30:00-05:00,59.65999984741211,59.65999984741211,59.560001373291016,59.59000015258789,1500,0.0,0.0,0.0
2023-02-06 09:30:00-05:00,59.34000015258789,59.34000015258789,58.7036018371582,58.7036018371582,2292,0.0,0.0,0.0
2023-02-06 10:30:00-05:00,58.650001525878906,59.09600067138672,58.650001525878906,59.09600067138672,4142,0.0,0.0,0.0
2023-02-06 11:30:00-05:00,58.9900016784668,58.9900016784668,58.81999969482422,58.912601470947266,6452,0.0,0.0,0.0
2023-02-06 12:30:00-05:00,58.7599983215332,58.959999084472656,58.7599983215332,58.959999084472656,7017,0.0,0.0,0.0
2023-02-06 13:30:00-05:00,58.790000915527344,58.935001373291016,58.66999816894531,58.90999984741211,6606,0.0,0.0,0.0
2023-02-06 14:30:00-05:00,58.72140121459961,58.72140121459961,58.59859848022461,58.59859848022461,735,0.0,0.0,0.0
2023-02-06 15:30:00-05:00,58.58000183105469,58.900001525878906,58.5099983215332,58.76259994506836,7284,0.0,0.0,0.0
2023-02-07 09:30:00-05:00,58.349998474121094,58.5,58.349998474121094,58.5,0,0.0,0.0,0.0
2023-02-07 10:30:00-05:00,58.26029968261719,58.37889862060547,58.22209930419922,58.37889862060547,5727,0.0,0.0,0.0
2023-02-07 12:30:00-05:00,58.439998626708984,59.08000183105469,58.439998626708984,58.88639831542969,3671,0.0,0.0,0.0
2023-02-07 13:30:00-05:00,58.45000076293945,58.45000076293945,58.45000076293945,58.45000076293945,892,0.0,0.0,0.0
2023-02-07 14:30:00-05:00,59.025001525878906,59.025001525878906,58.900001525878906,59.0,2069,0.0,0.0,0.0
2023-02-07 15:30:00-05:00,59.14830017089844,59.380001068115234,59.14830017089844,59.14830017089844,648,0.0,0.0,0.0
2023-02-08 09:30:00-05:00,59.099998474121094,59.31399917602539,59.029998779296875,59.31399917602539,0,0.0,0.0,0.0
2023-02-08 10:30:00-05:00,58.830101013183594,58.830101013183594,58.7593994140625,58.790000915527344,624,0.0,0.0,0.0
2023-02-08 11:30:00-05:00,58.650001525878906,58.720001220703125,58.650001525878906,58.720001220703125,903,0.0,0.0,0.0
2023-02-08 13:30:00-05:00,58.540000915527344,58.694400787353516,58.540000915527344,58.61370086669922,1225,0.0,0.0,0.0
2023-02-08 14:30:00-05:00,58.53499984741211,58.53499984741211,58.43000030517578,58.524200439453125,1239,0.0,0.0,0.0
2023-02-08 15:30:00-05:00,58.57529830932617,58.602500915527344,58.57529830932617,58.59000015258789,1288,0.0,0.0,0.0
2023-02-09 09:30:00-05:00,59.09700012207031,59.224998474121094,59.060001373291016,59.060001373291016,0,0.0,0.0,0.0
2023-02-09 10:30:00-05:00,58.7599983215332,58.7599983215332,58.7599983215332,58.7599983215332,1401,0.0,0.0,0.0
2023-02-09 11:30:00-05:00,58.6150016784668,58.70000076293945,58.529998779296875,58.60049819946289,2524,0.0,0.0,0.0
2023-02-09 12:30:00-05:00,58.48310089111328,58.48310089111328,58.279998779296875,58.47999954223633,5852,0.0,0.0,0.0
2023-02-09 13:30:00-05:00,58.300899505615234,58.400001525878906,58.140899658203125,58.140899658203125,2042,0.0,0.0,0.0
2023-02-09 14:30:00-05:00,58.192501068115234,58.192501068115234,57.849998474121094,57.849998474121094,2178,0.0,0.0,0.0
2023-02-09 15:30:00-05:00,57.79499816894531,57.91569900512695,57.79499816894531,57.91569900512695,424,0.0,0.0,0.0
2023-02-10 09:30:00-05:00,57.755001068115234,57.80500030517578,57.56999969482422,57.619998931884766,0,0.0,0.0,0.0
2023-02-10 10:30:00-05:00,57.635501861572266,57.79499816894531,57.599998474121094,57.68000030517578,2635,0.0,0.0,0.0
2023-02-10 11:30:00-05:00,57.63999938964844,57.63999938964844,57.540000915527344,57.56999969482422,2121,0.0,0.0,0.0
2023-02-10 12:30:00-05:00,57.54999923706055,57.599998474121094,57.54999923706055,57.599998474121094,2116,0.0,0.0,0.0
2023-02-10 13:30:00-05:00,57.7599983215332,57.7599983215332,57.66999816894531,57.66999816894531,1332,0.0,0.0,0.0
2023-02-10 14:30:00-05:00,57.650001525878906,57.810001373291016,57.650001525878906,57.810001373291016,2589,0.0,0.0,0.0
2023-02-10 15:30:00-05:00,57.79990005493164,57.90999984741211,57.79990005493164,57.90999984741211,1964,0.0,0.0,0.0
2023-02-13 09:30:00-05:00,57.71870040893555,58.16899871826172,57.71870040893555,58.02000045776367,0,0.0,0.0,0.0
2023-02-13 11:30:00-05:00,58.29999923706055,58.29999923706055,58.29999923706055,58.29999923706055,820,0.0,0.0,0.0
2023-02-13 13:30:00-05:00,58.540000915527344,58.540000915527344,58.439998626708984,58.439998626708984,2251,0.0,0.0,0.0
2023-02-13 14:30:00-05:00,58.400001525878906,58.41170120239258,58.38999938964844,58.38999938964844,2795,0.0,0.0,0.0
2023-02-13 15:30:00-05:00,58.56549835205078,58.58409881591797,58.538299560546875,58.54999923706055,2205,0.0,0.0,0.0
2023-02-14 09:30:00-05:00,58.064998626708984,58.849998474121094,58.064998626708984,58.58000183105469,0,0.0,0.0,0.0
2023-02-14 10:30:00-05:00,58.54999923706055,58.54999923706055,57.869998931884766,58.14609909057617,5583,0.0,0.0,0.0
2023-02-14 11:30:00-05:00,57.88999938964844,58.334999084472656,57.88999938964844,58.2599983215332,2061,0.0,0.0,0.0
2023-02-14 12:30:00-05:00,58.279998779296875,58.689998626708984,58.189998626708984,58.529998779296875,3086,0.0,0.0,0.0
2023-02-14 13:30:00-05:00,58.5099983215332,58.5099983215332,58.35499954223633,58.5,2238,0.0,0.0,0.0
2023-02-14 14:30:00-05:00,58.599998474121094,58.599998474121094,58.53239822387695,58.599998474121094,2160,0.0,0.0,0.0
2023-02-14 15:30:00-05:00,58.630001068115234,58.70000076293945,58.5099983215332,58.5099983215332,2109,0.0,0.0,0.0
2023-02-15 09:30:00-05:00,58.540000915527344,58.540000915527344,58.29999923706055,58.5098991394043,0,0.0,0.0,0.0
2023-02-15 10:30:00-05:00,58.70000076293945,58.70000076293945,58.70000076293945,58.70000076293945,1239,0.0,0.0,0.0
2023-02-15 11:30:00-05:00,58.689701080322266,58.689701080322266,58.599998474121094,58.599998474121094,1111,0.0,0.0,0.0
2023-02-15 12:30:00-05:00,58.61000061035156,58.61000061035156,58.61000061035156,58.61000061035156,771,0.0,0.0,0.0
2023-02-15 13:30:00-05:00,59.08000183105469,59.08000183105469,59.08000183105469,59.08000183105469,488,0.0,0.0,0.0
2023-02-15 14:30:00-05:00,59.01359939575195,59.01359939575195,59.01359939575195,59.01359939575195,158,0.0,0.0,0.0
2023-02-15 15:30:00-05:00,59.029998779296875,59.18000030517578,59.0,59.18000030517578,2577,0.0,0.0,0.0
2023-02-16 09:30:00-05:00,58.47999954223633,58.95500183105469,58.47999954223633,58.919898986816406,0,0.0,0.0,0.0
2023-02-16 10:30:00-05:00,58.814998626708984,59.12990188598633,58.814998626708984,59.071998596191406,2068,0.0,0.0,0.0
2023-02-16 11:30:00-05:00,59.02000045776367,59.130001068115234,59.02000045776367,59.130001068115234,2070,0.0,0.0,0.0
2023-02-16 12:30:00-05:00,59.02000045776367,59.150001525878906,59.02000045776367,59.130001068115234,2046,0.0,0.0,0.0
2023-02-16 13:30:00-05:00,59.04999923706055,59.04999923706055,59.04999923706055,59.04999923706055,721,0.0,0.0,0.0
2023-02-16 14:30:00-05:00,59.12969970703125,59.150299072265625,59.12969970703125,59.150299072265625,375,0.0,0.0,0.0
2023-02-16 15:30:00-05:00,58.674400329589844,58.674400329589844,58.61000061035156,58.61000061035156,0,0.0,0.0,0.0
2023-02-17 09:30:00-05:00,58.040000915527344,58.040000915527344,58.040000915527344,58.040000915527344,367,0.0,0.0,0.0
2023-02-17 10:30:00-05:00,58.38990020751953,58.38990020751953,58.0099983215332,58.060001373291016,2405,0.0,0.0,0.0
2023-02-17 11:30:00-05:00,57.900001525878906,58.04999923706055,57.88999938964844,58.04999923706055,3052,0.0,0.0,0.0
2023-02-17 12:30:00-05:00,58.01539993286133,58.01539993286133,57.862998962402344,57.97959899902344,1186,0.0,0.0,0.0
2023-02-17 13:30:00-05:00,58.130001068115234,58.130001068115234,58.130001068115234,58.130001068115234,857,0.0,0.0,0.0
2023-02-17 14:30:00-05:00,58.33000183105469,58.36800003051758,58.31999969482422,58.33000183105469,1860,0.0,0.0,0.0
2023-02-17 15:30:00-05:00,58.31999969482422,58.38779830932617,58.25,58.25,2182,0.0,0.0,0.0
2023-02-21 09:30:00-05:00,57.72999954223633,58.02000045776367,57.6713981628418,57.77000045776367,0,0.0,0.0,0.0
2023-02-21 10:30:00-05:00,57.5099983215332,57.5099983215332,57.27000045776367,57.294498443603516,4481,0.0,0.0,0.0
2023-02-21 11:30:00-05:00,56.940101623535156,56.940101623535156,56.880001068115234,56.880001068115234,407,0.0,0.0,0.0
2023-02-21 12:30:00-05:00,57.04840087890625,57.11989974975586,56.97999954223633,56.98350143432617,1792,0.0,0.0,0.0
2023-02-21 13:30:00-05:00,56.670101165771484,56.670101165771484,56.670101165771484,56.670101165771484,159,0.0,0.0,0.0
2023-02-21 14:30:00-05:00,56.87689971923828,56.87689971923828,56.81909942626953,56.835899353027344,737,0.0,0.0,0.0
2023-02-21 15:30:00-05:00,56.886600494384766,56.886600494384766,56.68000030517578,56.779998779296875,1529,0.0,0.0,0.0
2023-02-22 09:30:00-05:00,56.970001220703125,57.310001373291016,56.689998626708984,56.7599983215332,0,0.0,0.0,0.0
2023-02-22 10:30:00-05:00,56.709999084472656,56.709999084472656,56.709999084472656,56.709999084472656,202,0.0,0.0,0.0
2023-02-22 12:30:00-05:00,56.970001220703125,57.15999984741211,56.87269973754883,57.15999984741211,2276,0.0,0.0,0.0
2023-02-22 13:30:00-05:00,57.029998779296875,57.029998779296875,57.029998779296875,57.029998779296875,1035,0.0,0.0,0.0
2023-02-22 14:30:00-05:00,56.66999816894531,56.75,56.66999816894531,56.75,0,0.0,0.0,0.0
2023-02-23 09:30:00-05:00,57.3849983215332,57.53010177612305,57.15999984741211,57.15999984741211,3794,0.0,0.0,0.0
2023-02-23 10:30:00-05:00,57.11000061035156,57.11000061035156,57.11000061035156,57.11000061035156,366,0.0,0.0,0.0
2023-02-23 13:30:00-05:00,56.76599884033203,56.85020065307617,56.76599884033203,56.797698974609375,889,0.0,0.0,0.0
2023-02-23 14:30:00-05:00,57.329898834228516,57.329898834228516,57.329898834228516,57.329898834228516,390,0.0,0.0,0.0
2023-02-23 15:30:00-05:00,57.45560073852539,57.45560073852539,57.39039993286133,57.39039993286133,1199,0.0,0.0,0.0
2023-02-24 09:30:00-05:00,56.66999816894531,56.79999923706055,56.529998779296875,56.529998779296875,0,0.0,0.0,0.0
2023-02-24 10:30:00-05:00,56.540000915527344,56.65039825439453,56.540000915527344,56.65039825439453,1384,0.0,0.0,0.0
2023-02-24 11:30:00-05:00,56.790000915527344,56.790000915527344,56.70000076293945,56.70000076293945,699,0.0,0.0,0.0
2023-02-24 13:30:00-05:00,56.68000030517578,56.68000030517578,56.68000030517578,56.68000030517578,847,0.0,0.0,0.0
2023-02-24 14:30:00-05:00,56.650001525878906,56.880001068115234,56.650001525878906,56.880001068115234,1746,0.0,0.0,0.0
2023-02-24 15:30:00-05:00,56.75,56.77000045776367,56.68000030517578,56.77000045776367,893,0.0,0.0,0.0
2023-02-27 09:30:00-05:00,57.619998931884766,57.66999816894531,57.45000076293945,57.58000183105469,0,0.0,0.0,0.0
2023-02-27 10:30:00-05:00,57.486900329589844,57.486900329589844,57.3406982421875,57.3406982421875,2989,0.0,0.0,0.0
2023-02-27 11:30:00-05:00,57.22999954223633,57.22999954223633,57.21500015258789,57.21500015258789,1132,0.0,0.0,0.0
2023-02-27 12:30:00-05:00,57.30780029296875,57.429901123046875,57.27000045776367,57.42789840698242,2680,0.0,0.0,0.0
2023-02-27 13:30:00-05:00,57.27579879760742,57.352298736572266,57.220001220703125,57.2666015625,1269,0.0,0.0,0.0
2023-02-27 14:30:00-05:00,57.02000045776367,57.02000045776367,56.97999954223633,56.97999954223633,1408,0.0,0.0,0.0
2023-02-27 15:30:00-05:00,56.9900016784668,57.150001525878906,56.9900016784668,57.150001525878906,2993,0.0,0.0,0.0
2023-02-28 09:30:00-05:00,56.90999984741211,57.595001220703125,56.90999984741211,57.31999969482422,0,0.0,0.0,0.0
2023-02-28 10:30:00-05:00,57.22999954223633,57.36000061035156,57.029998779296875,57.36000061035156,3784,0.0,0.0,0.0
2023-02-28 11:30:00-05:00,57.244998931884766,57.329898834228516,57.244998931884766,57.29100036621094,974,0.0,0.0,0.0
2023-02-28 12:30:00-05:00,57.22890090942383,57.380001068115234,57.22890090942383,57.380001068115234,474,0.0,0.0,0.0
2023-02-28 13:30:00-05:00,57.349998474121094,57.41630172729492,57.334999084472656,57.334999084472656,827,0.0,0.0,0.0
2023-02-28 14:30:00-05:00,57.2400016784668,57.3120002746582,57.154598236083984,57.21739959716797,655,0.0,0.0,0.0
2023-02-28 15:30:00-05:00,57.04999923706055,57.11000061035156,57.019798278808594,57.019798278808594,0,0.0,0.0,0.0
2023-03-01 09:30:00-05:00,57.0,57.44499969482422,56.9900016784668,56.9900016784668,1452,0.0,0.0,0.0
2023-03-01 10:30:00-05:00,57.0099983215332,57.0099983215332,56.970001220703125,56.970001220703125,2349,0.0,0.0,0.0
2023-03-01 11:30:00-05:00,56.72999954223633,57.09000015258789,56.72999954223633,56.9900016784668,3018,0.0,0.0,0.0
2023-03-01 12:30:00-05:00,56.959999084472656,57.09000015258789,56.919898986816406,56.919898986816406,3019,0.0,0.0,0.0
2023-03-01 13:30:00-05:00,56.84000015258789,56.88999938964844,56.77000045776367,56.849998474121094,3635,0.0,0.0,0.0
2023-03-01 14:30:00-05:00,56.790000915527344,56.939998626708984,56.790000915527344,56.86000061035156,3904,0.0,0.0,0.0
2023-03-01 15:30:00-05:00,56.83000183105469,57.0099983215332,56.83000183105469,57.0099983215332,2905,0.0,0.0,0.0
2023-03-02 09:30:00-05:00,56.349998474121094,56.529998779296875,56.349998474121094,56.439998626708984,0,0.0,0.0,0.0
2023-03-02 11:30:00-05:00,56.654998779296875,56.7421989440918,56.6234016418457,56.6234016418457,1686,0.0,0.0,0.0
2023-03-02 12:30:00-05:00,56.67660140991211,56.81999969482422,56.67660140991211,56.721500396728516,427,0.0,0.0,0.0
2023-03-02 13:30:00-05:00,56.7599983215332,57.17290115356445,56.7599983215332,57.17290115356445,1810,0.0,0.0,0.0
2023-03-02 14:30:00-05:00,57.099998474121094,57.209999084472656,57.099998474121094,57.209999084472656,157,0.0,0.0,0.0
2023-03-03 09:30:00-05:00,57.540000915527344,57.540000915527344,57.540000915527344,57.540000915527344,0,0.0,0.0,0.0
2023-03-03 13:30:00-05:00,57.9900016784668,57.9900016784668,57.96770095825195,57.96770095825195,1656,0.0,0.0,0.0
2023-03-03 14:30:00-05:00,58.0630989074707,58.0630989074707,57.9385986328125,57.981300354003906,2006,0.0,0.0,0.0
2023-03-03 15:30:00-05:00,57.91999816894531,57.983001708984375,57.91999816894531,57.983001708984375,743,0.0,0.0,0.0
2023-03-06 09:30:00-05:00,58.209999084472656,58.25,57.86000061035156,57.91910171508789,5673,0.0,0.0,0.0
2023-03-06 10:30:00-05:00,57.91999816894531,58.019901275634766,57.79999923706055,57.79999923706055,1997,0.0,0.0,0.0
2023-03-06 11:30:00-05:00,57.80339813232422,57.832298278808594,57.70000076293945,57.70000076293945,1486,0.0,0.0,0.0
2023-03-06 12:30:00-05:00,57.29999923706055,57.29999923706055,57.29999923706055,57.29999923706055,324,0.0,0.0,0.0
2023-03-06 13:30:00-05:00,57.209999084472656,57.27000045776367,57.209999084472656,57.27000045776367,858,0.0,0.0,0.0
2023-03-06 14:30:00-05:00,57.2401008605957,57.26259994506836,57.060001373291016,57.060001373291016,976,0.0,0.0,0.0
2023-03-06 15:30:00-05:00,57.1599006652832,57.1599006652832,57.127601623535156,57.150001525878906,250,0.0,0.0,0.0
2023-03-07 09:30:00-05:00,57.286800384521484,57.286800384521484,56.89540100097656,57.019100189208984,0,0.0,0.0,0.0
2023-03-07 10:30:00-05:00,56.9182014465332,56.9182014465332,56.76259994506836,56.76259994506836,2053,0.0,0.0,0.0
2023-03-07 11:30:00-05:00,56.97380065917969,57.04990005493164,56.810001373291016,57.04990005493164,1317,0.0,0.0,0.0
2023-03-07 12:30:00-05:00,56.869998931884766,56.869998931884766,56.81999969482422,56.81999969482422,1485,0.0,0.0,0.0
2023-03-07 13:30:00-05:00,56.50859832763672,56.50859832763672,56.40999984741211,56.47549819946289,3512,0.0,0.0,0.0
2023-03-07 14:30:00-05:00,56.459999084472656,56.459999084472656,56.459999084472656,56.459999084472656,411,0.0,0.0,0.0
2023-03-07 15:30:00-05:00,56.364498138427734,56.364498138427734,56.36000061035156,56.36000061035156,252,0.0,0.0,0.0
2023-03-08 09:30:00-05:00,56.599998474121094,56.7400016784668,56.52000045776367,56.630001068115234,0,0.0,0.0,0.0
2023-03-08 10:30:00-05:00,56.90999984741211,56.90999984741211,56.66999816894531,56.747398376464844,54117,0.0,0.0,0.0
2023-03-08 11:30:00-05:00,56.56999969482422,56.56999969482422,56.56999969482422,56.56999969482422,801,0.0,0.0,0.0
2023-03-08 13:30:00-05:00,56.349998474121094,56.349998474121094,56.349998474121094,56.349998474121094,298,0.0,0.0,0.0
2023-03-08 14:30:00-05:00,56.39759826660156,56.48590087890625,56.290000915527344,56.29999923706055,1582,0.0,0.0,0.0
2023-03-09 09:30:00-05:00,56.60100173950195,56.650001525878906,56.60100173950195,56.650001525878906,0,0.0,0.0,0.0
2023-03-09 12:30:00-05:00,56.48649978637695,56.48649978637695,56.399898529052734,56.399898529052734,2278,0.0,0.0,0.0
2023-03-09 13:30:00-05:00,56.11000061035156,56.11000061035156,56.09989929199219,56.09989929199219,321,0.0,0.0,0.0
2023-03-09 14:30:00-05:00,56.119998931884766,56.119998931884766,56.02080154418945,56.02080154418945,854,0.0,0.0,0.0
2023-03-09 15:30:00-05:00,55.654998779296875,55.654998779296875,55.509700775146484,55.509700775146484,257,0.0,0.0,0.0
2023-03-10 09:30:00-05:00,55.65999984741211,55.65999984741211,54.7400016784668,54.7400016784668,0,0.0,0.0,0.0
2023-03-10 10:30:00-05:00,54.715599060058594,55.13990020751953,54.715599060058594,55.04130172729492,1706,0.0,0.0,0.0
2023-03-10 11:30:00-05:00,55.05160140991211,55.09880065917969,54.809898376464844,54.809898376464844,971,0.0,0.0,0.0
2023-03-10 12:30:00-05:00,54.595001220703125,54.595001220703125,54.48440170288086,54.48440170288086,426,0.0,0.0,0.0
2023-03-10 14:30:00-05:00,53.88999938964844,54.0989990234375,53.88999938964844,54.0989990234375,1917,0.0,0.0,0.0
2023-03-13 09:30:00-04:00,53.19860076904297,53.19860076904297,52.9286003112793,52.9286003112793,0,0.0,0.0,0.0
2023-03-13 10:30:00-04:00,53.95000076293945,53.95000076293945,53.95000076293945,53.95000076293945,221,0.0,0.0,0.0
2023-03-13 11:30:00-04:00,54.18000030517578,54.18000030517578,53.82210159301758,53.849998474121094,985,0.0,0.0,0.0
2023-03-13 12:30:00-04:00,53.81999969482422,53.81999969482422,53.625,53.625,973,0.0,0.0,0.0
2023-03-13 13:30:00-04:00,53.939998626708984,53.939998626708984,53.939998626708984,53.939998626708984,630,0.0,0.0,0.0
2023-03-13 14:30:00-04:00,53.61000061035156,53.61000061035156,53.61000061035156,53.61000061035156,229,0.0,0.0,0.0
2023-03-13 15:30:00-04:00,53.72700119018555,53.72700119018555,53.52870178222656,53.52870178222656,155,0.0,0.0,0.0
2023-03-14 09:30:00-04:00,54.7599983215332,54.7599983215332,54.7599983215332,54.7599983215332,0,0.0,0.0,0.0
2023-03-14 12:30:00-04:00,54.72999954223633,54.72999954223633,54.560001373291016,54.560001373291016,7684,0.0,0.0,0.0
2023-03-14 14:30:00-04:00,54.2599983215332,54.400001525878906,53.849998474121094,54.400001525878906,76709,0.0,0.0,0.0
2023-03-15 09:30:00-04:00,53.314998626708984,53.33000183105469,53.061100006103516,53.13019943237305,0,0.0,0.0,0.0
2023-03-15 10:30:00-04:00,53.047000885009766,53.323699951171875,53.047000885009766,53.29999923706055,1304,0.0,0.0,0.0
2023-03-15 11:30:00-04:00,52.84410095214844,52.939998626708984,52.84410095214844,52.939998626708984,536,0.0,0.0,0.0
2023-03-15 12:30:00-04:00,52.84769821166992,52.97999954223633,52.84769821166992,52.97999954223633,540,0.0,0.0,0.0
2023-03-15 13:30:00-04:00,53.000301361083984,53.000301361083984,53.000301361083984,53.000301361083984,183,0.0,0.0,0.0
2023-03-15 14:30:00-04:00,53.54100036621094,53.54100036621094,53.54100036621094,53.54100036621094,166,0.0,0.0,0.0
2023-03-15 15:30:00-04:00,53.250701904296875,53.61000061035156,53.250701904296875,53.61000061035156,0,0.0,0.0,0.0
2023-03-16 09:30:00-04:00,53.0,53.0,52.89500045776367,52.89500045776367,989,0.0,0.0,0.0
2023-03-16 10:30:00-04:00,53.33000183105469,53.90999984741211,53.33000183105469,53.70140075683594,3147,0.0,0.0,0.0
2023-03-16 11:30:00-04:00,53.95000076293945,53.95000076293945,53.95000076293945,53.95000076293945,700,0.0,0.0,0.0
2023-03-16 12:30:00-04:00,54.08000183105469,54.380001068115234,54.08000183105469,54.2400016784668,4065,0.0,0.0,0.0
2023-03-16 13:30:00-04:00,54.31999969482422,54.369998931884766,54.099998474121094,54.13999938964844,37856,0.0,0.0,0.0
2023-03-16 14:30:00-04:00,54.347999572753906,54.41999816894531,54.347999572753906,54.41999816894531,1352,0.0,0.0,0.0
2023-03-16 15:30:00-04:00,54.400001525878906,54.459999084472656,54.38999938964844,54.459999084472656,212,0.0,0.0,0.0
2023-03-17 09:30:00-04:00,54.03099822998047,54.03099822998047,53.63999938964844,53.63999938964844,0,0.0,0.0,0.0
2023-03-17 10:30:00-04:00,53.61000061035156,53.61000061035156,53.61000061035156,53.61000061035156,266,0.0,0.0,0.0
2023-03-17 11:30:00-04:00,53.2400016784668,53.369998931884766,53.2400016784668,53.29650115966797,727,0.0,0.0,0.0
2023-03-17 13:30:00-04:00,53.5,53.5,53.34000015258789,53.34000015258789,457,0.0,0.0,0.0
2023-03-17 14:30:00-04:00,53.2224006652832,53.23550033569336,53.2224006652832,53.23550033569336,184,0.0,0.0,0.0
2023-03-20 09:30:00-04:00,53.41999816894531,53.97999954223633,53.41999816894531,53.79499816894531,0,0.0,0.0,0.0
2023-03-20 10:30:00-04:00,54.06999969482422,54.342098236083984,54.06999969482422,54.13999938964844,4692,0.0,0.0,0.0
2023-03-20 11:30:00-04:00,54.2400016784668,54.2400016784668,53.869998931884766,53.869998931884766,1324,0.0,0.0,0.0
2023-03-20 12:30:00-04:00,53.849998474121094,54.23139953613281,53.849998474121094,54.23139953613281,5476,0.0,0.0,0.0
2023-03-20 13:30:00-04:00,54.087799072265625,54.087799072265625,54.087799072265625,54.087799072265625,197,0.0,0.0,0.0
2023-03-20 14:30:00-04:00,53.97999954223633,53.97999954223633,53.869998931884766,53.869998931884766,1662,0.0,0.0,0.0
2023-03-20 15:30:00-04:00,54.05500030517578,54.05500030517578,54.0099983215332,54.05500030517578,350,0.0,0.0,0.0
2023-03-21 09:30:00-04:00,55.0,55.20000076293945,55.0,55.19990158081055,0,0.0,0.0,0.0
2023-03-21 10:30:00-04:00,54.92499923706055,55.13460159301758,54.86000061035156,55.13460159301758,1565,0.0,0.0,0.0
2023-03-21 11:30:00-04:00,54.91960144042969,54.91960144042969,54.8849983215332,54.8849983215332,592,0.0,0.0,0.0
2023-03-21 13:30:00-04:00,55.02000045776367,55.02000045776367,55.01689910888672,55.01689910888672,831,0.0,0.0,0.0
2023-03-21 14:30:00-04:00,55.154998779296875,55.154998779296875,55.154998779296875,55.154998779296875,500,0.0,0.0,0.0
2023-03-21 15:30:00-04:00,55.1349983215332,55.16849899291992,55.1349983215332,55.16849899291992,300,0.0,0.0,0.0
2023-03-22 09:30:00-04:00,55.0099983215332,55.11000061035156,55.0099983215332,55.11000061035156,0,0.0,0.0,0.0
2023-03-22 10:30:00-04:00,55.36989974975586,55.36989974975586,55.189998626708984,55.209999084472656,2517,0.0,0.0,0.0
2023-03-22 11:30:00-04:00,55.03200149536133,55.059898376464844,54.970001220703125,54.974700927734375,849,0.0,0.0,0.0
2023-03-22 12:30:00-04:00,55.09000015258789,55.09000015258789,54.9900016784668,54.9900016784668,743,0.0,0.0,0.0
2023-03-22 13:30:00-04:00,55.09000015258789,55.529998779296875,55.0,55.529998779296875,39266,0.0,0.0,0.0
2023-03-22 14:30:00-04:00,54.939998626708984,54.970001220703125,54.82229995727539,54.82229995727539,5535,0.0,0.0,0.0
2023-03-22 15:30:00-04:00,54.69599914550781,54.69599914550781,53.970001220703125,53.970001220703125,1528,0.0,0.0,0.0
2023-03-23 09:30:00-04:00,54.657501220703125,54.95000076293945,54.657501220703125,54.95000076293945,0,0.0,0.0,0.0
2023-03-23 10:30:00-04:00,54.86800003051758,55.27989959716797,54.86800003051758,55.150001525878906,1698,0.0,0.0,0.0
2023-03-23 11:30:00-04:00,55.11000061035156,55.11000061035156,54.97489929199219,54.97489929199219,379,0.0,0.0,0.0
2023-03-23 12:30:00-04:00,54.720001220703125,54.720001220703125,54.720001220703125,54.720001220703125,489,0.0,0.0,0.0
2023-03-23 14:30:00-04:00,53.939998626708984,54.16999816894531,53.84000015258789,53.869998931884766,1459,0.0,0.0,0.0
2023-03-23 15:30:00-04:00,54.029998779296875,54.2504997253418,54.0099983215332,54.2504997253418,200,0.0,0.0,0.0
2023-03-24 09:30:00-04:00,53.91999816894531,53.91999816894531,53.564998626708984,53.81999969482422,0,0.0,0.0,0.0
2023-03-24 10:30:00-04:00,53.52000045776367,53.58000183105469,53.429901123046875,53.429901123046875,2300,0.0,0.0,0.0
2023-03-24 11:30:00-04:00,53.493900299072266,53.849998474121094,53.493900299072266,53.720001220703125,3648,0.0,0.0,0.0
2023-03-24 12:30:00-04:00,53.83000183105469,53.939998626708984,53.83000183105469,53.869998931884766,3257,0.0,0.0,0.0
2023-03-24 13:30:00-04:00,54.06589889526367,54.06589889526367,54.0,54.0,1314,0.0,0.0,0.0
2023-03-24 14:30:00-04:00,54.13999938964844,54.13999938964844,54.13999938964844,54.13999938964844,240,0.0,0.0,0.0
2023-03-24 15:30:00-04:00,54.266998291015625,54.266998291015625,54.22959899902344,54.22959899902344,700,0.0,0.0,0.0
2023-03-27 09:30:00-04:00,54.95669937133789,54.95669937133789,54.849998474121094,54.849998474121094,0,0.0,0.0,0.0
2023-03-27 11:30:00-04:00,54.540000915527344,54.540000915527344,54.540000915527344,54.540000915527344,361,0.0,0.0,0.0
2023-03-27 12:30:00-04:00,54.8380012512207,54.8380012512207,54.8380012512207,54.8380012512207,147,0.0,0.0,0.0
2023-03-27 13:30:00-04:00,54.902099609375,54.902099609375,54.900001525878906,54.900001525878906,1858,0.0,0.0,0.0
2023-03-27 14:30:00-04:00,55.13999938964844,55.13999938964844,55.13999938964844,55.13999938964844,265,0.0,0.0,0.0
2023-03-27 15:30:00-04:00,55.179901123046875,55.179901123046875,54.959999084472656,54.959999084472656,118,0.0,0.0,0.0
2023-03-28 09:30:00-04:00,54.70000076293945,55.01129913330078,54.70000076293945,54.86040115356445,598,0.0,0.0,0.0
2023-03-28 10:30:00-04:00,54.72999954223633,54.72999954223633,54.52000045776367,54.650001525878906,3928,0.0,0.0,0.0
2023-03-28 11:30:00-04:00,54.650001525878906,54.68000030517578,54.505001068115234,54.54999923706055,4721,0.0,0.0,0.0
2023-03-28 12:30:00-04:00,54.599998474121094,54.68000030517578,54.22999954223633,54.22999954223633,70469,0.0,0.0,0.0
2023-03-28 13:30:00-04:00,54.16999816894531,54.5,54.16999816894531,54.38999938964844,72415,0.0,0.0,0.0
2023-03-28 14:30:00-04:00,54.470001220703125,54.56999969482422,54.470001220703125,54.56999969482422,3091,0.0,0.0,0.0
2023-03-28 15:30:00-04:00,54.494998931884766,54.70000076293945,54.494998931884766,54.70000076293945,0,0.0,0.0,0.0
2023-03-29 09:30:00-04:00,55.529998779296875,55.529998779296875,55.09370040893555,55.09370040893555,896,0.0,0.0,0.0
2023-03-29 10:30:00-04:00,55.08000183105469,55.08000183105469,54.840999603271484,54.840999603271484,10062,0.0,0.0,0.0
2023-03-29 12:30:00-04:00,54.900001525878906,54.900001525878906,54.900001525878906,54.900001525878906,313,0.0,0.0,0.0
2023-03-29 13:30:00-04:00,55.025001525878906,55.025001525878906,55.025001525878906,55.025001525878906,275,0.0,0.0,0.0
2023-03-29 14:30:00-04:00,55.130001068115234,55.130001068115234,55.130001068115234,55.130001068115234,822,0.0,0.0,0.0
2023-03-29 15:30:00-04:00,55.285400390625,55.290000915527344,55.285400390625,55.290000915527344,431,0.0,0.0,0.0
2023-03-30 09:30:00-04:00,55.95000076293945,55.95000076293945,55.540000915527344,55.540000915527344,0,0.0,0.0,0.0
2023-03-30 10:30:00-04:00,55.709999084472656,55.709999084472656,55.46500015258789,55.46500015258789,7815,0.0,0.0,0.0
2023-03-30 11:30:00-04:00,55.41999816894531,55.47990036010742,55.33000183105469,55.339900970458984,3532,0.0,0.0,0.0
2023-03-30 12:30:00-04:00,55.2599983215332,55.2599983215332,55.13999938964844,55.13999938964844,1441,0.0,0.0,0.0
2023-03-30 13:30:00-04:00,55.20000076293945,55.20000076293945,55.20000076293945,55.20000076293945,1051,0.0,0.0,0.0
2023-03-30 14:30:00-04:00,55.26900100708008,55.36000061035156,55.18009948730469,55.36000061035156,0,0.0,0.0,0.0
2023-03-31 10:30:00-04:00,55.72999954223633,55.90999984741211,55.72999954223633,55.90999984741211,451,0.0,0.0,0.0
2023-03-31 11:30:00-04:00,56.10089874267578,56.10089874267578,56.10089874267578,56.10089874267578,182,0.0,0.0,0.0
2023-03-31 12:30:00-04:00,55.939998626708984,55.939998626708984,55.86009979248047,55.93349838256836,1072,0.0,0.0,0.0
2023-03-31 13:30:00-04:00,55.8114013671875,55.85499954223633,55.8114013671875,55.85499954223633,1085,0.0,0.0,0.0
2023-03-31 14:30:00-04:00,55.834999084472656,56.15999984741211,55.834999084472656,56.15999984741211,810,0.0,0.0,0.0
2023-04-03 09:30:00-04:00,55.880001068115234,55.880001068115234,55.880001068115234,55.880001068115234,0,0.0,0.0,0.0
2023-04-03 10:30:00-04:00,55.84000015258789,55.84000015258789,55.33000183105469,55.33000183105469,2085,0.0,0.0,0.0
2023-04-03 11:30:00-04:00,55.560001373291016,55.689998626708984,55.560001373291016,55.63999938964844,1571,0.0,0.0,0.0
2023-04-03 12:30:00-04:00,55.73189926147461,55.73189926147461,55.675498962402344,55.675498962402344,499,0.0,0.0,0.0
2023-04-03 13:30:00-04:00,55.61000061035156,55.619998931884766,55.61000061035156,55.619998931884766,422,0.0,0.0,0.0
2023-04-03 14:30:00-04:00,55.91299819946289,55.91299819946289,55.91299819946289,55.91299819946289,230,0.0,0.0,0.0
2023-04-03 15:30:00-04:00,55.97999954223633,56.209999084472656,55.97999954223633,55.97999954223633,754,0.0,0.0,0.0
2023-04-04 09:30:00-04:00,55.84159851074219,55.86000061035156,55.50450134277344,55.50450134277344,0,0.0,0.0,0.0
2023-04-04 10:30:00-04:00,55.42399978637695,55.42399978637695,55.095001220703125,55.12189865112305,2546,0.0,0.0,0.0
2023-04-04 11:30:00-04:00,55.15999984741211,55.16999816894531,55.011600494384766,55.05149841308594,3838,0.0,0.0,0.0
2023-04-04 12:30:00-04:00,55.119998931884766,55.225101470947266,55.119998931884766,55.225101470947266,910,0.0,0.0,0.0
2023-04-04 13:30:00-04:00,55.29499816894531,55.29499816894531,55.29499816894531,55.29499816894531,129,0.0,0.0,0.0
2023-04-04 14:30:00-04:00,55.02320098876953,55.079898834228516,55.02320098876953,55.079898834228516,896,0.0,0.0,0.0
2023-04-04 15:30:00-04:00,55.150001525878906,55.209999084472656,55.150001525878906,55.209999084472656,197,0.0,0.0,0.0
2023-04-05 09:30:00-04:00,54.849998474121094,54.849998474121094,54.45000076293945,54.470001220703125,0,0.0,0.0,0.0
2023-04-05 10:30:00-04:00,54.58000183105469,54.58000183105469,54.22999954223633,54.29999923706055,5887,0.0,0.0,0.0
2023-04-05 11:30:00-04:00,54.310001373291016,54.44599914550781,54.13999938964844,54.13999938964844,5158,0.0,0.0,0.0
2023-04-05 12:30:00-04:00,54.189998626708984,54.189998626708984,54.189998626708984,54.189998626708984,821,0.0,0.0,0.0
2023-04-05 13:30:00-04:00,54.189998626708984,54.189998626708984,54.189998626708984,54.189998626708984,774,0.0,0.0,0.0
2023-04-05 14:30:00-04:00,54.47090148925781,54.5443000793457,54.349998474121094,54.349998474121094,2621,0.0,0.0,0.0
2023-04-05 15:30:00-04:00,54.5099983215332,54.63999938964844,54.4900016784668,54.4900016784668,1412,0.0,0.0,0.0
2023-04-06 09:30:00-04:00,54.13990020751953,54.29999923706055,54.13990020751953,54.29999923706055,0,0.0,0.0,0.0
2023-04-06 11:30:00-04:00,54.36000061035156,54.439998626708984,54.36000061035156,54.439998626708984,1538,0.0,0.0,0.0
2023-04-06 12:30:00-04:00,54.560001373291016,54.59000015258789,54.439998626708984,54.5099983215332,2005,0.0,0.0,0.0
2023-04-06 13:30:00-04:00,54.5,54.5,54.380001068115234,54.439998626708984,6502,0.0,0.0,0.0
2023-04-06 14:30:00-04:00,54.400001525878906,54.529998779296875,54.290000915527344,54.310001373291016,5662,0.0,0.0,0.0
2023-04-06 15:30:00-04:00,54.380001068115234,54.5099983215332,54.33000183105469,54.5099983215332,1339,0.0,0.0,0.0
2023-04-10 09:30:00-04:00,54.02000045776367,54.65999984741211,54.02000045776367,54.65999984741211,0,0.0,0.0,0.0
2023-04-10 10:30:00-04:00,54.755001068115234,54.810001373291016,54.755001068115234,54.810001373291016,1425,0.0,0.0,0.0
2023-04-10 11:30:00-04:00,54.869998931884766,54.869998931884766,54.6151008605957,54.6151008605957,2663,0.0,0.0,0.0
2023-04-10 12:30:00-04:00,54.790000915527344,55.029998779296875,54.790000915527344,54.959999084472656,2368,0.0,0.0,0.0
2023-04-10 13:30:00-04:00,54.880001068115234,54.880001068115234,54.880001068115234,54.880001068115234,4748,0.0,0.0,0.0
2023-04-10 14:30:00-04:00,55.017601013183594,55.017601013183594,55.017601013183594,55.017601013183594,380,0.0,0.0,0.0
2023-04-10 15:30:00-04:00,55.2943000793457,55.2943000793457,55.189998626708984,55.22999954223633,1631,0.0,0.0,0.0
2023-04-11 09:30:00-04:00,55.58000183105469,55.81999969482422,55.58000183105469,55.744998931884766,0,0.0,0.0,0.0
2023-04-11 10:30:00-04:00,55.619998931884766,55.70819854736328,55.55509948730469,55.650001525878906,3264,0.0,0.0,0.0
2023-04-11 11:30:00-04:00,55.7307014465332,55.83000183105469,55.7307014465332,55.83000183105469,899,0.0,0.0,0.0
2023-04-11 12:30:00-04:00,55.689701080322266,55.82939910888672,55.66999816894531,55.82939910888672,1175,0.0,0.0,0.0
2023-04-11 13:30:00-04:00,55.90610122680664,55.90610122680664,55.869998931884766,55.869998931884766,568,0.0,0.0,0.0
2023-04-11 14:30:00-04:00,56.0099983215332,56.099998474121094,55.939998626708984,55.939998626708984,757,0.0,0.0,0.0
2023-04-11 15:30:00-04:00,56.0099983215332,56.02360153198242,55.849998474121094,55.9900016784668,1120,0.0,0.0,0.0
2023-04-12 09:30:00-04:00,56.540000915527344,56.540000915527344,56.0,56.16999816894531,0,0.0,0.0,0.0
2023-04-12 10:30:00-04:00,56.02989959716797,56.02989959716797,55.77790069580078,55.93989944458008,3895,0.0,0.0,0.0
2023-04-12 11:30:00-04:00,56.11000061035156,56.11000061035156,56.040000915527344,56.040000915527344,1152,0.0,0.0,0.0
2023-04-12 13:30:00-04:00,56.20000076293945,56.20000076293945,56.20000076293945,56.20000076293945,124,0.0,0.0,0.0
2023-04-12 14:30:00-04:00,55.880001068115234,55.880001068115234,55.578800201416016,55.578800201416016,4359,0.0,0.0,0.0
2023-04-12 15:30:00-04:00,55.689998626708984,55.7599983215332,55.650001525878906,55.75,1647,0.0,0.0,0.0
2023-04-13 09:30:00-04:00,55.720001220703125,56.00809860229492,55.720001220703125,56.00809860229492,0,0.0,0.0,0.0
2023-04-13 10:30:00-04:00,55.875099182128906,55.9995002746582,55.875099182128906,55.95000076293945,1395,0.0,0.0,0.0
2023-04-13 11:30:00-04:00,56.119998931884766,56.220001220703125,56.119998931884766,56.189998626708984,2425,0.0,0.0,0.0
2023-04-13 12:30:00-04:00,56.22999954223633,56.310001373291016,56.22999954223633,56.310001373291016,1440,0.0,0.0,0.0
2023-04-13 13:30:00-04:00,56.36000061035156,56.40999984741211,56.36000061035156,56.40999984741211,1006,0.0,0.0,0.0
2023-04-13 15:30:00-04:00,56.38999938964844,56.529998779296875,56.36000061035156,56.529998779296875,1376,0.0,0.0,0.0
2023-04-14 09:30:00-04:00,56.290000915527344,56.564998626708984,56.290000915527344,56.564998626708984,0,0.0,0.0,0.0
2023-04-14 10:30:00-04:00,56.26679992675781,56.26679992675781,56.26679992675781,56.26679992675781,349,0.0,0.0,0.0
2023-04-14 11:30:00-04:00,56.147499084472656,56.147499084472656,56.04999923706055,56.04999923706055,1610,0.0,0.0,0.0
2023-04-14 13:30:00-04:00,55.97819900512695,56.00699996948242,55.97819900512695,56.00699996948242,442,0.0,0.0,0.0
2023-04-14 14:30:00-04:00,56.07720184326172,56.12990188598633,56.02939987182617,56.12990188598633,877,0.0,0.0,0.0
2023-04-14 15:30:00-04:00,56.13999938964844,56.2599983215332,56.1245002746582,56.2599983215332,1415,0.0,0.0,0.0
2023-04-17 09:30:00-04:00,56.130001068115234,56.27000045776367,56.130001068115234,56.27000045776367,0,0.0,0.0,0.0
2023-04-17 10:30:00-04:00,56.43000030517578,56.43000030517578,56.209999084472656,56.209999084472656,2760,0.0,0.0,0.0
2023-04-17 11:30:00-04:00,56.18000030517578,56.20000076293945,56.150001525878906,56.20000076293945,2613,0.0,0.0,0.0
2023-04-17 12:30:00-04:00,56.24380111694336,56.24380111694336,56.24380111694336,56.24380111694336,1317,0.0,0.0,0.0
2023-04-17 14:30:00-04:00,56.04710006713867,56.470001220703125,56.04710006713867,56.470001220703125,3879,0.0,0.0,0.0
2023-04-17 15:30:00-04:00,56.41999816894531,56.599998474121094,56.41999816894531,56.599998474121094,0,0.0,0.0,0.0
2023-04-18 09:30:00-04:00,56.58449935913086,56.77000045776367,56.58449935913086,56.77000045776367,812,0.0,0.0,0.0
2023-04-18 10:30:00-04:00,56.605499267578125,56.619998931884766,56.44810104370117,56.44810104370117,1469,0.0,0.0,0.0
2023-04-18 11:30:00-04:00,56.46910095214844,56.599998474121094,56.46910095214844,56.599998474121094,2629,0.0,0.0,0.0
2023-04-18 12:30:00-04:00,56.412601470947266,56.412601470947266,56.412601470947266,56.412601470947266,269,0.0,0.0,0.0
2023-04-18 13:30:00-04:00,56.47629928588867,56.48429870605469,56.389198303222656,56.389198303222656,779,0.0,0.0,0.0
2023-04-18 14:30:00-04:00,56.5,56.540000915527344,56.48780059814453,56.540000915527344,1102,0.0,0.0,0.0
2023-04-18 15:30:00-04:00,56.619998931884766,56.66999816894531,56.619998931884766,56.65999984741211,1090,0.0,0.0,0.0
2023-04-19 09:30:00-04:00,56.189998626708984,56.349998474121094,56.060001373291016,56.119998931884766,0,0.0,0.0,0.0
2023-04-19 10:30:00-04:00,56.150001525878906,56.279998779296875,56.025001525878906,56.025001525878906,4086,0.0,0.0,0.0
2023-04-19 11:30:00-04:00,56.150001525878906,56.150001525878906,56.150001525878906,56.150001525878906,1575,0.0,0.0,0.0
2023-04-19 12:30:00-04:00,56.380001068115234,56.380001068115234,56.37990188598633,56.380001068115234,1267,0.0,0.0,0.0
2023-04-19 13:30:00-04:00,56.439998626708984,56.439998626708984,56.439998626708984,56.439998626708984,363,0.0,0.0,0.0
2023-04-19 14:30:00-04:00,56.4900016784668,56.4900016784668,56.4900016784668,56.4900016784668,858,0.0,0.0,0.0
2023-04-19 15:30:00-04:00,56.52000045776367,56.61000061035156,56.400001525878906,56.599998474121094,3762,0.0,0.0,0.0
2023-04-20 09:30:00-04:00,56.06570053100586,56.06570053100586,56.06570053100586,56.06570053100586,0,0.0,0.0,0.0
2023-04-20 10:30:00-04:00,56.540000915527344,56.54999923706055,56.349998474121094,56.349998474121094,1122,0.0,0.0,0.0
2023-04-20 11:30:00-04:00,56.27000045776367,56.46989822387695,56.27000045776367,56.41999816894531,10653,0.0,0.0,0.0
2023-04-20 12:30:00-04:00,56.45000076293945,56.540000915527344,56.42380142211914,56.540000915527344,2425,0.0,0.0,0.0
2023-04-20 13:30:00-04:00,56.519901275634766,56.519901275634766,56.50640106201172,56.50640106201172,5803,0.0,0.0,0.0
2023-04-20 14:30:00-04:00,56.309898376464844,56.309898376464844,56.130001068115234,56.206199645996094,11837,0.0,0.0,0.0
2023-04-20 15:30:00-04:00,56.150001525878906,56.43000030517578,56.150001525878906,56.43000030517578,2139,0.0,0.0,0.0
2023-04-21 09:30:00-04:00,56.305198669433594,56.305198669433594,56.150001525878906,56.150001525878906,0,0.0,0.0,0.0
2023-04-21 10:30:00-04:00,56.169898986816406,56.170501708984375,56.139198303222656,56.170501708984375,1130,0.0,0.0,0.0
2023-04-21 11:30:00-04:00,56.31999969482422,56.375,56.290000915527344,56.290000915527344,2481,0.0,0.0,0.0
2023-04-21 12:30:00-04:00,56.43989944458008,56.43989944458008,56.41910171508789,56.41910171508789,1064,0.0,0.0,0.0
2023-04-21 13:30:00-04:00,56.47999954223633,56.72999954223633,56.47999954223633,56.72999954223633,2276,0.0,0.0,0.0
2023-04-21 14:30:00-04:00,56.720001220703125,56.720001220703125,56.31999969482422,56.33000183105469,5034,0.0,0.0,0.0
2023-04-21 15:30:00-04:00,56.41999816894531,56.59000015258789,56.400001525878906,56.59000015258789,0,0.0,0.0,0.0
2023-04-24 09:30:00-04:00,56.44309997558594,56.540000915527344,56.38890075683594,56.52000045776367,0,0.0,0.0,0.0
2023-04-24 10:30:00-04:00,56.55220031738281,56.577999114990234,56.06999969482422,56.06999969482422,6985,0.0,0.0,0.0
2023-04-24 11:30:00-04:00,56.2599983215332,56.2599983215332,56.0099983215332,56.12990188598633,5388,0.0,0.0,0.0
2023-04-24 12:30:00-04:00,56.22999954223633,56.22999954223633,56.22999954223633,56.22999954223633,1224,0.0,0.0,0.0
2023-04-24 13:30:00-04:00,56.38370132446289,56.38370132446289,56.30550003051758,56.30550003051758,640,0.0,0.0,0.0
2023-04-24 14:30:00-04:00,56.339500427246094,56.45989990234375,56.29999923706055,56.369998931884766,2774,0.0,0.0,0.0
2023-04-24 15:30:00-04:00,56.38999938964844,56.4900016784668,56.38999938964844,56.4900016784668,0,0.0,0.0,0.0
2023-04-25 09:30:00-04:00,55.9640998840332,55.9900016784668,55.810001373291016,55.810001373291016,4190,0.0,0.0,0.0
2023-04-25 10:30:00-04:00,55.70100021362305,55.81990051269531,55.70100021362305,55.81990051269531,1548,0.0,0.0,0.0
2023-04-25 11:30:00-04:00,55.560001373291016,55.619998931884766,55.529998779296875,55.619998931884766,1625,0.0,0.0,0.0
2023-04-25 12:30:00-04:00,55.47999954223633,55.5,55.22999954223633,55.27190017700195,4287,0.0,0.0,0.0
2023-04-25 13:30:00-04:00,55.220001220703125,55.220001220703125,55.16999816894531,55.16999816894531,0,0.0,0.0,0.0
2023-04-25 14:30:00-04:00,55.13610076904297,55.2156982421875,54.95009994506836,55.20000076293945,19862,0.0,0.0,0.0
2023-04-25 15:30:00-04:00,54.97999954223633,55.02000045776367,54.97999954223633,55.02000045776367,718,0.0,0.0,0.0
2023-04-26 09:30:00-04:00,54.78150177001953,54.78150177001953,54.78150177001953,54.78150177001953,0,0.0,0.0,0.0
2023-04-26 10:30:00-04:00,54.75,54.970001220703125,54.75,54.869998931884766,3894,0.0,0.0,0.0
2023-04-26 11:30:00-04:00,54.85390090942383,54.85390090942383,54.85390090942383,54.85390090942383,329,0.0,0.0,0.0
2023-04-26 12:30:00-04:00,54.869998931884766,54.87779998779297,54.869998931884766,54.87779998779297,1741,0.0,0.0,0.0
2023-04-26 13:30:00-04:00,54.81999969482422,54.83000183105469,54.61000061035156,54.61000061035156,4495,0.0,0.0,0.0
2023-04-26 14:30:00-04:00,54.5458984375,54.58000183105469,54.5,54.5,2056,0.0,0.0,0.0
2023-04-26 15:30:00-04:00,54.310001373291016,54.589900970458984,54.310001373291016,54.56999969482422,1714,0.0,0.0,0.0
2023-04-27 09:30:00-04:00,54.57600021362305,54.57600021362305,54.57600021362305,54.57600021362305,0,0.0,0.0,0.0
2023-04-27 10:30:00-04:00,54.75,54.75,54.459999084472656,54.459999084472656,3723,0.0,0.0,0.0
2023-04-27 12:30:00-04:00,54.95249938964844,55.034400939941406,54.95249938964844,55.034400939941406,423,0.0,0.0,0.0
2023-04-27 13:30:00-04:00,55.104698181152344,55.27000045776367,55.079898834228516,55.22919845581055,3239,0.0,0.0,0.0
2023-04-27 14:30:00-04:00,55.2599983215332,55.34000015258789,55.209999084472656,55.34000015258789,1361,0.0,0.0,0.0
2023-04-28 09:30:00-04:00,55.849998474121094,55.849998474121094,55.7244987487793,55.834999084472656,0,0.0,0.0,0.0
2023-04-28 10:30:00-04:00,55.84000015258789,55.84000015258789,55.70000076293945,55.83000183105469,1960,0.0,0.0,0.0
2023-04-28 11:30:00-04:00,55.83000183105469,55.869998931884766,55.83000183105469,55.83000183105469,3461,0.0,0.0,0.0
2023-04-28 12:30:00-04:00,55.959999084472656,55.959999084472656,55.959999084472656,55.959999084472656,780,0.0,0.0,0.0
2023-04-28 13:30:00-04:00,55.959999084472656,55.98500061035156,55.959999084472656,55.98500061035156,835,0.0,0.0,0.0
2023-04-28 14:30:00-04:00,55.810001373291016,55.90999984741211,55.74869918823242,55.790000915527344,3417,0.0,0.0,0.0
2023-04-28 15:30:00-04:00,55.83000183105469,55.90999984741211,55.80009841918945,55.90999984741211,1662,0.0,0.0,0.0
2023-05-01 09:30:00-04:00,55.720001220703125,56.130001068115234,55.720001220703125,56.130001068115234,0,0.0,0.0,0.0
2023-05-01 10:30:00-04:00,56.128700256347656,56.31999969482422,56.08110046386719,56.31999969482422,1435,0.0,0.0,0.0
2023-05-01 11:30:00-04:00,56.00379943847656,56.154998779296875,56.00379943847656,56.154998779296875,493,0.0,0.0,0.0
2023-05-01 12:30:00-04:00,56.20000076293945,56.20000076293945,56.20000076293945,56.20000076293945,170,0.0,0.0,0.0
2023-05-01 13:30:00-04:00,56.13909912109375,56.13909912109375,56.13349914550781,56.13349914550781,892,0.0,0.0,0.0
2023-05-01 14:30:00-04:00,56.029998779296875,56.079898834228516,55.970001220703125,56.079898834228516,490,0.0,0.0,0.0
2023-05-01 15:30:00-04:00,56.09000015258789,56.189998626708984,56.09000015258789,56.09000015258789,589,0.0,0.0,0.0
2023-05-02 09:30:00-04:00,55.51750183105469,55.51750183105469,55.51750183105469,55.51750183105469,0,0.0,0.0,0.0
2023-05-02 10:30:00-04:00,55.06999969482422,55.06999969482422,54.81560134887695,54.81560134887695,1100,0.0,0.0,0.0
2023-05-02 11:30:00-04:00,55.040000915527344,55.040000915527344,55.040000915527344,55.040000915527344,242,0.0,0.0,0.0
2023-05-02 12:30:00-04:00,55.34000015258789,55.34000015258789,55.34000015258789,55.34000015258789,847,0.0,0.0,0.0
2023-05-02 13:30:00-04:00,55.20000076293945,55.20000076293945,55.20000076293945,55.20000076293945,287,0.0,0.0,0.0
2023-05-02 14:30:00-04:00,55.41999816894531,55.45000076293945,55.37229919433594,55.42210006713867,1481,0.0,0.0,0.0
2023-05-02 15:30:00-04:00,55.37990188598633,55.45000076293945,55.349998474121094,55.45000076293945,4009,0.0,0.0,0.0
2023-05-03 09:30:00-04:00,55.4900016784668,56.30870056152344,55.4900016784668,56.30870056152344,0,0.0,0.0,0.0
2023-05-03 10:30:00-04:00,56.189998626708984,56.222599029541016,56.189998626708984,56.222599029541016,327,0.0,0.0,0.0
2023-05-03 11:30:00-04:00,56.231201171875,56.369998931884766,56.231201171875,56.369998931884766,756,0.0,0.0,0.0
2023-05-03 12:30:00-04:00,56.369598388671875,56.4900016784668,56.33039855957031,56.4900016784668,12095,0.0,0.0,0.0
2023-05-03 13:30:00-04:00,56.540000915527344,56.540000915527344,56.43000030517578,56.47999954223633,3971,0.0,0.0,0.0
2023-05-03 14:30:00-04:00,56.560001373291016,56.79999923706055,56.130001068115234,56.130001068115234,1960,0.0,0.0,0.0
2023-05-03 15:30:00-04:00,55.97999954223633,56.099998474121094,55.880001068115234,55.880001068115234,3305,0.0,0.0,0.0
2023-05-04 09:30:00-04:00,55.655799865722656,55.655799865722656,55.655799865722656,55.655799865722656,0,0.0,0.0,0.0
2023-05-04 10:30:00-04:00,55.29999923706055,55.29999923706055,55.15999984741211,55.15999984741211,1697,0.0,0.0,0.0
2023-05-04 11:30:00-04:00,55.19889831542969,55.19889831542969,55.02000045776367,55.02000045776367,495,0.0,0.0,0.0
2023-05-04 12:30:00-04:00,55.2504997253418,55.2504997253418,55.2504997253418,55.2504997253418,738,0.0,0.0,0.0
2023-05-04 14:30:00-04:00,55.03499984741211,55.03499984741211,55.03499984741211,55.03499984741211,304,0.0,0.0,0.0
2023-05-04 15:30:00-04:00,55.1693000793457,55.1693000793457,55.084999084472656,55.11000061035156,0,0.0,0.0,0.0
2023-05-05 09:30:00-04:00,56.09629821777344,56.09629821777344,55.86000061035156,55.88999938964844,0,0.0,0.0,0.0
2023-05-05 10:30:00-04:00,55.82500076293945,55.82500076293945,55.82500076293945,55.82500076293945,0,0.0,0.0,0.0
2023-05-05 11:30:00-04:00,55.902801513671875,55.994998931884766,55.88999938964844,55.88999938964844,3959,0.0,0.0,0.0
2023-05-05 12:30:00-04:00,56.099998474121094,56.1328010559082,56.099998474121094,56.1328010559082,0,0.0,0.0,0.0
2023-05-05 13:30:00-04:00,56.268001556396484,56.268001556396484,56.19449996948242,56.209999084472656,8242,0.0,0.0,0.0
2023-05-05 14:30:00-04:00,56.337398529052734,56.47330093383789,56.337398529052734,56.47330093383789,1539,0.0,0.0,0.0
2023-05-05 15:30:00-04:00,56.40999984741211,56.40999984741211,56.2599983215332,56.2599983215332,0,0.0,0.0,0.0
2023-05-08 09:30:00-04:00,56.12540054321289,56.12540054321289,56.12540054321289,56.12540054321289,309,0.0,0.0,0.0
2023-05-08 10:30:00-04:00,56.06930160522461,56.1796989440918,56.06930160522461,56.10300064086914,1252,0.0,0.0,0.0
2023-05-08 11:30:00-04:00,56.14229965209961,56.210899353027344,56.14229965209961,56.210899353027344,0,0.0,0.0,0.0
2023-05-08 12:30:00-04:00,56.14099884033203,56.14099884033203,56.14099884033203,56.14099884033203,2375,0.0,0.0,0.0
2023-05-08 13:30:00-04:00,56.24850082397461,56.24850082397461,56.24850082397461,56.24850082397461,457,0.0,0.0,0.0
2023-05-08 14:30:00-04:00,56.2599983215332,56.31760025024414,56.2599983215332,56.31760025024414,2157,0.0,0.0,0.0
2023-05-08 15:30:00-04:00,56.310001373291016,56.400001525878906,56.310001373291016,56.369998931884766,0,0.0,0.0,0.0
2023-05-09 09:30:00-04:00,56.20500183105469,56.20500183105469,56.20500183105469,56.20500183105469,636,0.0,0.0,0.0
2023-05-09 10:30:00-04:00,56.25279998779297,56.337501525878906,56.25279998779297,56.337501525878906,1528,0.0,0.0,0.0
2023-05-09 13:30:00-04:00,56.314998626708984,56.43000030517578,56.29499816894531,56.43000030517578,972,0.0,0.0,0.0
2023-05-09 14:30:00-04:00,56.369998931884766,56.4474983215332,56.29499816894531,56.40039825439453,2059,0.0,0.0,0.0
2023-05-09 15:30:00-04:00,56.2932014465332,56.380001068115234,56.2400016784668,56.2400016784668,0,0.0,0.0,0.0
2023-05-10 09:30:00-04:00,56.189998626708984,56.189998626708984,56.189998626708984,56.189998626708984,1286,0.0,0.0,0.0
2023-05-10 10:30:00-04:00,56.56999969482422,56.56999969482422,56.50870132446289,56.55929946899414,709,0.0,0.0,0.0
2023-05-10 12:30:00-04:00,56.68000030517578,56.68000030517578,56.68000030517578,56.68000030517578,753,0.0,0.0,0.0
2023-05-10 13:30:00-04:00,56.34989929199219,56.354000091552734,56.34989929199219,56.354000091552734,1973,0.0,0.0,0.0
2023-05-10 15:30:00-04:00,56.72999954223633,56.72999954223633,56.59000015258789,56.59000015258789,12475,0.0,0.0,0.0
2023-05-11 09:30:00-04:00,56.21659851074219,56.21659851074219,56.21659851074219,56.21659851074219,0,0.0,0.0,0.0
2023-05-11 10:30:00-04:00,56.029998779296875,56.130001068115234,56.029998779296875,56.0968017578125,3385,0.0,0.0,0.0
2023-05-11 11:30:00-04:00,56.130001068115234,56.20690155029297,56.130001068115234,56.20690155029297,554,0.0,0.0,0.0
2023-05-11 13:30:00-04:00,56.25,56.25,56.25,56.25,599,0.0,0.0,0.0
2023-05-11 14:30:00-04:00,56.315799713134766,56.34000015258789,56.27539825439453,56.27579879760742,4524,0.0,0.0,0.0
2023-05-11 15:30:00-04:00,56.29629898071289,56.317901611328125,56.29629898071289,56.317901611328125,144,0.0,0.0,0.0
2023-05-12 09:30:00-04:00,56.61000061035156,56.61000061035156,56.350101470947266,56.36000061035156,0,0.0,0.0,0.0
2023-05-12 10:30:00-04:00,56.369998931884766,56.369998931884766,56.18000030517578,56.2952995300293,1256,0.0,0.0,0.0
2023-05-12 11:30:00-04:00,56.189998626708984,56.189998626708984,56.189998626708984,56.189998626708984,200,0.0,0.0,0.0
2023-05-12 13:30:00-04:00,56.0880012512207,56.0880012512207,56.0,56.0,1133,0.0,0.0,0.0
2023-05-12 14:30:00-04:00,56.00429916381836,56.02000045776367,55.99100112915039,56.02000045776367,724,0.0,0.0,0.0
2023-05-12 15:30:00-04:00,56.16910171508789,56.22090148925781,56.16910171508789,56.220001220703125,984,0.0,0.0,0.0
2023-05-15 09:30:00-04:00,56.17499923706055,56.374900817871094,56.17499923706055,56.29999923706055,2755,0.0,0.0,0.0
2023-05-15 10:30:00-04:00,56.25,56.439998626708984,56.25,56.41999816894531,2423,0.0,0.0,0.0
2023-05-15 12:30:00-04:00,56.739601135253906,56.880001068115234,56.739601135253906,56.880001068115234,867,0.0,0.0,0.0
2023-05-15 13:30:00-04:00,56.810001373291016,56.814998626708984,56.730098724365234,56.730098724365234,1942,0.0,0.0,0.0
2023-05-15 14:30:00-04:00,56.77009963989258,56.88999938964844,56.77009963989258,56.779998779296875,0,0.0,0.0,0.0
2023-05-16 09:30:00-04:00,56.47999954223633,56.56999969482422,56.27000045776367,56.439998626708984,3458,0.0,0.0,0.0
2023-05-16 10:30:00-04:00,56.638999938964844,56.77000045776367,56.50899887084961,56.5099983215332,3613,0.0,0.0,0.0
2023-05-16 11:30:00-04:00,56.630001068115234,56.790000915527344,56.619998931884766,56.790000915527344,781,0.0,0.0,0.0
2023-05-16 12:30:00-04:00,56.72999954223633,56.81999969482422,56.650001525878906,56.650001525878906,1075,0.0,0.0,0.0
2023-05-16 13:30:00-04:00,56.68899917602539,56.7599983215332,56.52000045776367,56.68899917602539,2064,0.0,0.0,0.0
2023-05-16 14:30:00-04:00,56.69900131225586,56.880001068115234,56.33000183105469,56.459999084472656,21816,0.0,0.0,0.0
2023-05-16 15:30:00-04:00,56.380001068115234,56.44200134277344,56.20000076293945,56.26639938354492,0,0.0,0.0,0.0
2023-05-17 09:30:00-04:00,56.099998474121094,56.22999954223633,56.099998474121094,56.22999954223633,1719,0.0,0.0,0.0
2023-05-17 10:30:00-04:00,56.380001068115234,56.5,56.36000061035156,56.5,2245,0.0,0.0,0.0
2023-05-17 11:30:00-04:00,56.58000183105469,56.66999816894531,56.58000183105469,56.6599006652832,2017,0.0,0.0,0.0
2023-05-17 12:30:00-04:00,56.939998626708984,57.13999938964844,56.93000030517578,57.00960159301758,4975,0.0,0.0,0.0
2023-05-17 13:30:00-04:00,57.130001068115234,57.130001068115234,56.970001220703125,56.970001220703125,399,0.0,0.0,0.0
2023-05-17 14:30:00-04:00,56.95000076293945,57.02000045776367,56.869998931884766,57.02000045776367,5501,0.0,0.0,0.0
2023-05-17 15:30:00-04:00,56.880001068115234,57.099998474121094,56.880001068115234,57.099998474121094,380,0.0,0.0,0.0
2023-05-18 09:30:00-04:00,56.97999954223633,57.029998779296875,56.97999954223633,57.029998779296875,0,0.0,0.0,0.0
2023-05-18 10:30:00-04:00,57.52280044555664,57.52280044555664,57.52280044555664,57.52280044555664,528,0.0,0.0,0.0
2023-05-18 11:30:00-04:00,57.42610168457031,57.42610168457031,57.25,57.25,2554,0.0,0.0,0.0
2023-05-18 12:30:00-04:00,57.11000061035156,57.48749923706055,57.11000061035156,57.3557014465332,4594,0.0,0.0,0.0
2023-05-18 13:30:00-04:00,57.220001220703125,57.220001220703125,57.09000015258789,57.20130157470703,4217,0.0,0.0,0.0
2023-05-18 14:30:00-04:00,57.54999923706055,57.664798736572266,57.50120162963867,57.50120162963867,1324,0.0,0.0,0.0
2023-05-18 15:30:00-04:00,57.72999954223633,57.73630142211914,57.72999954223633,57.73630142211914,0,0.0,0.0,0.0
2023-05-19 09:30:00-04:00,57.71500015258789,57.71500015258789,57.71500015258789,57.71500015258789,589,0.0,0.0,0.0
2023-05-19 10:30:00-04:00,57.56370162963867,57.56370162963867,57.461299896240234,57.461299896240234,456,0.0,0.0,0.0
2023-05-19 11:30:00-04:00,57.14250183105469,57.41999816894531,57.14250183105469,57.365299224853516,2201,0.0,0.0,0.0
2023-05-19 12:30:00-04:00,57.56999969482422,57.56999969482422,57.380001068115234,57.380001068115234,1737,0.0,0.0,0.0
2023-05-19 13:30:00-04:00,57.43000030517578,57.529998779296875,57.36009979248047,57.36009979248047,2383,0.0,0.0,0.0
2023-05-19 14:30:00-04:00,57.2599983215332,57.47600173950195,57.25,57.38999938964844,4074,0.0,0.0,0.0
2023-05-19 15:30:00-04:00,57.40999984741211,57.40999984741211,57.40999984741211,57.40999984741211,0,0.0,0.0,0.0
2023-05-22 09:30:00-04:00,57.70000076293945,57.946998596191406,57.70000076293945,57.946998596191406,1852,0.0,0.0,0.0
2023-05-22 10:30:00-04:00,57.91999816894531,58.059898376464844,57.88999938964844,57.93000030517578,1838,0.0,0.0,0.0
2023-05-22 11:30:00-04:00,58.060001373291016,58.060001373291016,57.970001220703125,57.970001220703125,929,0.0,0.0,0.0
2023-05-22 12:30:00-04:00,58.06999969482422,58.119998931884766,57.93000030517578,57.970001220703125,4113,0.0,0.0,0.0
2023-05-22 13:30:00-04:00,58.16999816894531,58.16999816894531,58.16999816894531,58.16999816894531,798,0.0,0.0,0.0
2023-05-22 14:30:00-04:00,58.279998779296875,58.279998779296875,58.18000030517578,58.189998626708984,1579,0.0,0.0,0.0
2023-05-22 15:30:00-04:00,58.1172981262207,58.15999984741211,58.1172981262207,58.15999984741211,530,0.0,0.0,0.0
2023-05-23 09:30:00-04:00,57.7599983215332,58.06999969482422,57.68000030517578,58.06999969482422,0,0.0,0.0,0.0
2023-05-23 10:30:00-04:00,58.0,58.27000045776367,58.0,58.16999816894531,1912,0.0,0.0,0.0
2023-05-23 11:30:00-04:00,58.07630157470703,58.099998474121094,58.07630157470703,58.099998474121094,656,0.0,0.0,0.0
2023-05-23 12:30:00-04:00,57.67129898071289,57.7859992980957,57.67129898071289,57.689998626708984,858,0.0,0.0,0.0
2023-05-23 13:30:00-04:00,57.619998931884766,57.619998931884766,57.310001373291016,57.369998931884766,4987,0.0,0.0,0.0
2023-05-23 14:30:00-04:00,57.42919921875,57.88999938964844,57.349998474121094,57.43989944458008,16589,0.0,0.0,0.0
2023-05-23 15:30:00-04:00,57.34000015258789,57.50790023803711,57.34000015258789,57.50790023803711,370,0.0,0.0,0.0
2023-05-24 09:30:00-04:00,56.5099983215332,56.61000061035156,56.5099983215332,56.61000061035156,0,0.0,0.0,0.0
2023-05-24 10:30:00-04:00,56.5099983215332,56.86000061035156,56.5099983215332,56.86000061035156,5236,0.0,0.0,0.0
2023-05-24 11:30:00-04:00,56.86000061035156,56.86000061035156,56.540000915527344,56.643699645996094,9790,0.0,0.0,0.0
2023-05-24 12:30:00-04:00,56.681400299072266,56.70000076293945,56.58940124511719,56.61040115356445,4316,0.0,0.0,0.0
2023-05-24 13:30:00-04:00,56.7599983215332,56.81999969482422,56.58369827270508,56.58369827270508,1601,0.0,0.0,0.0
2023-05-24 14:30:00-04:00,56.65999984741211,57.1083984375,56.65999984741211,57.1083984375,997,0.0,0.0,0.0
2023-05-24 15:30:00-04:00,57.08000183105469,57.08000183105469,56.880001068115234,56.92060089111328,0,0.0,0.0,0.0
2023-05-25 09:30:00-04:00,57.02170181274414,57.02170181274414,56.93899917602539,56.93899917602539,0,0.0,0.0,0.0
2023-05-25 10:30:00-04:00,56.91279983520508,56.950599670410156,56.88010025024414,56.88010025024414,4206,0.0,0.0,0.0
2023-05-25 12:30:00-04:00,57.07789993286133,57.07789993286133,57.07789993286133,57.07789993286133,236,0.0,0.0,0.0
2023-05-25 13:30:00-04:00,57.20000076293945,57.319400787353516,57.20000076293945,57.319400787353516,1984,0.0,0.0,0.0
2023-05-25 15:30:00-04:00,57.25,57.314998626708984,57.25,57.25,293,0.0,0.0,0.0
2023-05-26 09:30:00-04:00,57.459999084472656,57.5099983215332,57.29499816894531,57.470001220703125,0,0.0,0.0,0.0
2023-05-26 11:30:00-04:00,57.72999954223633,57.90359878540039,57.72999954223633,57.90359878540039,1787,0.0,0.0,0.0
2023-05-26 12:30:00-04:00,57.93000030517578,58.060001373291016,57.93000030517578,57.93000030517578,0,0.0,0.0,0.0
2023-05-26 13:30:00-04:00,57.7599983215332,57.7599983215332,57.7599983215332,57.7599983215332,8797,0.0,0.0,0.0
2023-05-26 14:30:00-04:00,58.035499572753906,58.09000015258789,58.035499572753906,58.09000015258789,1472,0.0,0.0,0.0
2023-05-26 15:30:00-04:00,58.08000183105469,58.11000061035156,57.90290069580078,58.0099983215332,910,0.0,0.0,0.0
2023-05-30 09:30:00-04:00,58.20000076293945,58.388999938964844,58.20000076293945,58.388999938964844,0,0.0,0.0,0.0
2023-05-30 10:30:00-04:00,58.00899887084961,58.099998474121094,57.82120132446289,57.95000076293945,1555,0.0,0.0,0.0
2023-05-30 11:30:00-04:00,58.150001525878906,58.20000076293945,58.13999938964844,58.13999938964844,304,0.0,0.0,0.0
2023-05-30 12:30:00-04:00,58.04999923706055,58.099998474121094,58.04999923706055,58.060001373291016,434,0.0,0.0,0.0
2023-05-30 13:30:00-04:00,57.8849983215332,58.0099983215332,57.8849983215332,58.0099983215332,595,0.0,0.0,0.0
2023-05-30 14:30:00-04:00,58.17900085449219,58.22990036010742,57.900001525878906,57.90010070800781,1277,0.0,0.0,0.0
2023-05-30 15:30:00-04:00,58.06520080566406,58.06520080566406,57.90800094604492,57.90800094604492,553,0.0,0.0,0.0
2023-05-31 09:30:00-04:00,57.939998626708984,57.939998626708984,56.84000015258789,56.84000015258789,0,0.0,0.0,0.0
2023-05-31 10:30:00-04:00,56.698299407958984,56.864200592041016,56.650001525878906,56.650001525878906,3797,0.0,0.0,0.0
2023-05-31 11:30:00-04:00,56.5099983215332,56.7953987121582,56.5099983215332,56.650001525878906,1624,0.0,0.0,0.0
2023-05-31 12:30:00-04:00,56.75,56.81999969482422,56.720001220703125,56.720001220703125,2293,0.0,0.0,0.0
2023-05-31 13:30:00-04:00,56.939998626708984,57.07469940185547,56.900001525878906,56.97999954223633,2979,0.0,0.0,0.0
2023-05-31 14:30:00-04:00,57.029998779296875,57.029998779296875,56.70000076293945,56.70000076293945,1635,0.0,0.0,0.0
2023-05-31 15:30:00-04:00,56.84000015258789,56.91999816894531,56.7599983215332,56.869998931884766,0,0.0,0.0,0.0
2023-06-01 09:30:00-04:00,57.060001373291016,57.060001373291016,56.650001525878906,56.650001525878906,3001,0.0,0.0,0.0
2023-06-01 10:30:00-04:00,56.900001525878906,57.18000030517578,56.900001525878906,57.18000030517578,4509,0.0,0.0,0.0
2023-06-01 11:30:00-04:00,57.27000045776367,57.70000076293945,57.22999954223633,57.33769989013672,49023,0.0,0.0,0.0
2023-06-01 12:30:00-04:00,57.400001525878906,57.400001525878906,57.19929885864258,57.19929885864258,986,0.0,0.0,0.0
2023-06-01 14:30:00-04:00,57.4906005859375,57.4906005859375,57.47999954223633,57.47999954223633,600,0.0,0.0,0.0
2023-06-01 15:30:00-04:00,57.30649948120117,57.369998931884766,57.279998779296875,57.369998931884766,0,0.0,0.0,0.0
2023-06-02 09:30:00-04:00,57.79999923706055,58.04999923706055,57.79999923706055,58.04999923706055,5621,0.0,0.0,0.0
2023-06-02 10:30:00-04:00,58.20000076293945,58.436798095703125,58.20000076293945,58.40570068359375,12374,0.0,0.0,0.0
2023-06-02 11:30:00-04:00,58.56999969482422,58.56999969482422,58.34000015258789,58.41400146484375,18400,0.0,0.0,0.0
2023-06-02 14:30:00-04:00,58.7400016784668,58.83810043334961,58.67259979248047,58.67259979248047,18083,0.0,0.0,0.0
2023-06-02 15:30:00-04:00,58.70000076293945,58.83000183105469,58.650001525878906,58.650001525878906,1782,0.0,0.0,0.0
2023-06-05 09:30:00-04:00,58.33000183105469,58.33000183105469,57.880001068115234,57.880001068115234,5347,0.0,0.0,0.0
2023-06-05 10:30:00-04:00,57.93000030517578,58.400001525878906,57.93000030517578,58.400001525878906,6992,0.0,0.0,0.0
2023-06-05 11:30:00-04:00,58.439998626708984,58.499900817871094,58.43000030517578,58.499900817871094,2484,0.0,0.0,0.0
2023-06-05 12:30:00-04:00,58.65999984741211,58.65999984741211,58.470001220703125,58.470001220703125,1149,0.0,0.0,0.0
2023-06-05 13:30:00-04:00,58.380001068115234,58.453800201416016,58.334999084472656,58.334999084472656,1755,0.0,0.0,0.0
2023-06-05 14:30:00-04:00,58.2599983215332,58.37990188598633,58.21009826660156,58.21009826660156,3763,0.0,0.0,0.0
2023-06-05 15:30:00-04:00,58.43130111694336,58.4900016784668,58.374698638916016,58.374698638916016,1522,0.0,0.0,0.0
2023-06-06 09:30:00-04:00,58.38999938964844,59.209999084472656,58.38999938964844,59.18000030517578,0,0.0,0.0,0.0
2023-06-06 10:30:00-04:00,59.15230178833008,59.72999954223633,59.15230178833008,59.560001373291016,4573,0.0,0.0,0.0
2023-06-06 11:30:00-04:00,59.599998474121094,59.72809982299805,59.54999923706055,59.54999923706055,2757,0.0,0.0,0.0
2023-06-06 12:30:00-04:00,59.529998779296875,59.529998779296875,59.41999816894531,59.41999816894531,1540,0.0,0.0,0.0
2023-06-06 13:30:00-04:00,59.400001525878906,59.43000030517578,59.400001525878906,59.41999816894531,2104,0.0,0.0,0.0
2023-06-06 14:30:00-04:00,59.54999923706055,59.68000030517578,59.52000045776367,59.68000030517578,1882,0.0,0.0,0.0
2023-06-06 15:30:00-04:00,59.45309829711914,59.75640106201172,59.45309829711914,59.68000030517578,0,0.0,0.0,0.0
2023-06-07 09:30:00-04:00,60.32500076293945,60.41999816894531,60.32500076293945,60.41999816894531,1028,0.0,0.0,0.0
2023-06-07 10:30:00-04:00,60.27000045776367,60.41999816894531,60.119998931884766,60.41999816894531,5930,0.0,0.0,0.0
2023-06-07 11:30:00-04:00,60.400001525878906,60.50510025024414,60.209999084472656,60.209999084472656,1534,0.0,0.0,0.0
2023-06-07 12:30:00-04:00,60.119998931884766,60.290000915527344,60.119998931884766,60.290000915527344,2325,0.0,0.0,0.0
2023-06-07 13:30:00-04:00,60.02000045776367,60.06999969482422,59.90999984741211,60.06999969482422,2262,0.0,0.0,0.0
2023-06-07 14:30:00-04:00,60.209999084472656,60.28129959106445,60.11000061035156,60.20000076293945,2968,0.0,0.0,0.0
2023-06-07 15:30:00-04:00,60.189300537109375,60.189300537109375,60.069698333740234,60.069698333740234,967,0.0,0.0,0.0
2023-06-08 09:30:00-04:00,60.130001068115234,60.130001068115234,59.7599983215332,59.7599983215332,0,0.0,0.0,0.0
2023-06-08 10:30:00-04:00,59.810001373291016,59.810001373291016,59.74509811401367,59.74509811401367,3671,0.0,0.0,0.0
2023-06-08 11:30:00-04:00,59.88999938964844,59.88999938964844,59.81919860839844,59.86000061035156,1791,0.0,0.0,0.0
2023-06-08 13:30:00-04:00,59.869998931884766,59.869998931884766,59.75,59.849998474121094,4042,0.0,0.0,0.0
2023-06-08 14:30:00-04:00,60.13840103149414,60.13840103149414,59.97999954223633,60.040000915527344,2129,0.0,0.0,0.0
2023-06-08 15:30:00-04:00,59.95000076293945,60.130001068115234,59.900001525878906,60.03850173950195,0,0.0,0.0,0.0
2023-06-09 09:30:00-04:00,59.93000030517578,60.11000061035156,59.89070129394531,60.099998474121094,3923,0.0,0.0,0.0
2023-06-09 10:30:00-04:00,59.897701263427734,60.01350021362305,59.59960174560547,59.655799865722656,5878,0.0,0.0,0.0
2023-06-09 11:30:00-04:00,59.650001525878906,59.689998626708984,59.5,59.54999923706055,4985,0.0,0.0,0.0
2023-06-09 12:30:00-04:00,59.439998626708984,59.540000915527344,59.439998626708984,59.540000915527344,2383,0.0,0.0,0.0
2023-06-09 13:30:00-04:00,59.599998474121094,59.769901275634766,59.529998779296875,59.54059982299805,6071,0.0,0.0,0.0
2023-06-09 14:30:00-04:00,59.61000061035156,59.61000061035156,59.440101623535156,59.440101623535156,5723,0.0,0.0,0.0
2023-06-09 15:30:00-04:00,59.4900016784668,59.5,59.369998931884766,59.470401763916016,1500,0.0,0.0,0.0
2023-06-12 09:30:00-04:00,59.742801666259766,59.810001373291016,59.65660095214844,59.7599983215332,0,0.0,0.0,0.0
2023-06-12 10:30:00-04:00,59.70399856567383,60.012901306152344,59.6156005859375,59.86000061035156,7386,0.0,0.0,0.0
2023-06-12 11:30:00-04:00,60.02000045776367,60.029998779296875,60.02000045776367,60.029998779296875,1415,0.0,0.0,0.0
2023-06-12 12:30:00-04:00,60.040000915527344,60.08000183105469,59.939998626708984,59.959999084472656,4718,0.0,0.0,0.0
2023-06-12 13:30:00-04:00,60.0099983215332,60.06999969482422,60.0099983215332,60.06999969482422,1751,0.0,0.0,0.0
2023-06-12 14:30:00-04:00,60.119998931884766,60.369598388671875,60.11000061035156,60.220001220703125,7842,0.0,0.0,0.0
2023-06-12 15:30:00-04:00,60.290000915527344,60.380001068115234,60.209999084472656,60.349998474121094,0,0.0,0.0,0.0
2023-06-13 09:30:00-04:00,60.849998474121094,60.95000076293945,60.70180130004883,60.939998626708984,10119,0.0,0.0,0.0
2023-06-13 10:30:00-04:00,60.880001068115234,60.90999984741211,60.79999923706055,60.79999923706055,5389,0.0,0.0,0.0
2023-06-13 11:30:00-04:00,60.869998931884766,60.869998931884766,60.70000076293945,60.7599983215332,1761,0.0,0.0,0.0
2023-06-13 12:30:00-04:00,60.88050079345703,61.00389862060547,60.88050079345703,61.00389862060547,1705,0.0,0.0,0.0
2023-06-13 13:30:00-04:00,61.02000045776367,61.02000045776367,60.850101470947266,60.850101470947266,1363,0.0,0.0,0.0
2023-06-13 15:30:00-04:00,60.829200744628906,60.959999084472656,60.829200744628906,60.939998626708984,0,0.0,0.0,0.0
2023-06-14 09:30:00-04:00,61.13999938964844,61.470001220703125,60.936500549316406,60.939998626708984,9576,0.0,0.0,0.0
2023-06-14 10:30:00-04:00,60.84000015258789,60.939998626708984,60.84000015258789,60.939998626708984,1936,0.0,0.0,0.0
2023-06-14 11:30:00-04:00,61.01129913330078,61.01129913330078,60.97999954223633,60.97999954223633,747,0.0,0.0,0.0
2023-06-14 12:30:00-04:00,60.94990158081055,60.94990158081055,60.61009979248047,60.61009979248047,819,0.0,0.0,0.0
2023-06-14 13:30:00-04:00,60.65800094604492,60.709999084472656,60.51139831542969,60.51139831542969,3765,0.0,0.0,0.0
2023-06-14 14:30:00-04:00,60.60900115966797,60.63999938964844,60.56010055541992,60.56010055541992,26700,0.0,0.0,0.0
2023-06-14 15:30:00-04:00,60.630001068115234,60.630001068115234,60.18009948730469,60.455501556396484,0,0.0,0.0,0.0
2023-06-15 09:30:00-04:00,60.119998931884766,60.779998779296875,60.119998931884766,60.52000045776367,3886,0.0,0.0,0.0
2023-06-15 10:30:00-04:00,60.369998931884766,60.5,60.369998931884766,60.5,1790,0.0,0.0,0.0
2023-06-15 11:30:00-04:00,60.692100524902344,60.692100524902344,60.4734992980957,60.4734992980957,4049,0.0,0.0,0.0
2023-06-15 12:30:00-04:00,60.540000915527344,60.56999969482422,60.540000915527344,60.56999969482422,2948,0.0,0.0,0.0
2023-06-15 13:30:00-04:00,60.716800689697266,60.840599060058594,60.50659942626953,60.50659942626953,2648,0.0,0.0,0.0
2023-06-15 14:30:00-04:00,60.749000549316406,60.967098236083984,60.749000549316406,60.967098236083984,2281,0.0,0.0,0.0
2023-06-15 15:30:00-04:00,61.0,61.11000061035156,60.849998474121094,60.849998474121094,9835,0.0,0.0,0.0
2023-06-16 09:30:00-04:00,60.79999923706055,61.16999816894531,60.79999923706055,61.16999816894531,1908,0.0,0.0,0.0
2023-06-16 10:30:00-04:00,60.70000076293945,60.70000076293945,60.400001525878906,60.51639938354492,2668,0.0,0.0,0.0
2023-06-16 11:30:00-04:00,60.380001068115234,60.56999969482422,60.380001068115234,60.56999969482422,4143,0.0,0.0,0.0
2023-06-16 12:30:00-04:00,60.68000030517578,60.72999954223633,60.61000061035156,60.61000061035156,1583,0.0,0.0,0.0
2023-06-16 13:30:00-04:00,60.47999954223633,60.54999923706055,60.45000076293945,60.45000076293945,3369,0.0,0.0,0.0
2023-06-16 14:30:00-04:00,60.380001068115234,60.44860076904297,60.31999969482422,60.3650016784668,3837,0.0,0.0,0.0
2023-06-16 15:30:00-04:00,60.279998779296875,60.650001525878906,60.279998779296875,60.619998931884766,2751,0.0,0.0,0.0
2023-06-20 09:30:00-04:00,60.18000030517578,60.5099983215332,60.18000030517578,60.209999084472656,0,0.0,0.0,0.0
2023-06-20 10:30:00-04:00,60.249000549316406,60.32899856567383,60.010101318359375,60.010101318359375,1153,0.0,0.0,0.0
2023-06-20 11:30:00-04:00,60.220001220703125,60.31999969482422,60.21900177001953,60.22010040283203,674,0.0,0.0,0.0
2023-06-20 12:30:00-04:00,60.43000030517578,60.43000030517578,60.220001220703125,60.28129959106445,2866,0.0,0.0,0.0
2023-06-20 13:30:00-04:00,60.317501068115234,60.4900016784668,60.317501068115234,60.4900016784668,1903,0.0,0.0,0.0
2023-06-20 14:30:00-04:00,60.45000076293945,60.72999954223633,60.41999816894531,60.540000915527344,1440,0.0,0.0,0.0
2023-06-20 15:30:00-04:00,60.65119934082031,60.65119934082031,60.5,60.5,970,0.0,0.0,0.0
2023-06-21 09:30:00-04:00,60.13999938964844,60.42499923706055,60.13999938964844,60.42499923706055,0,0.0,0.0,0.0
2023-06-21 10:30:00-04:00,60.188499450683594,60.400001525878906,60.188499450683594,60.400001525878906,3036,0.0,0.0,0.0
2023-06-21 11:30:00-04:00,60.369998931884766,60.369998931884766,60.18000030517578,60.189998626708984,4087,0.0,0.0,0.0
2023-06-21 12:30:00-04:00,60.25,60.25,60.109901428222656,60.214698791503906,4407,0.0,0.0,0.0
2023-06-21 13:30:00-04:00,60.34000015258789,60.52000045776367,60.308799743652344,60.52000045776367,1469,0.0,0.0,0.0
2023-06-21 14:30:00-04:00,60.560001373291016,60.560001373291016,60.369998931884766,60.42789840698242,2697,0.0,0.0,0.0
2023-06-21 15:30:00-04:00,60.31999969482422,60.34629821777344,60.0,60.220001220703125,2492,0.0,0.0,0.0
2023-06-22 09:30:00-04:00,59.83000183105469,60.16999816894531,59.83000183105469,60.16999816894531,0,0.0,0.0,0.0
2023-06-22 10:30:00-04:00,60.08000183105469,60.150001525878906,59.97999954223633,60.119998931884766,1807,0.0,0.0,0.0
2023-06-22 11:30:00-04:00,60.130001068115234,60.2599983215332,60.119998931884766,60.209999084472656,3334,0.0,0.0,0.0
2023-06-22 13:30:00-04:00,60.16999816894531,60.339900970458984,60.16999816894531,60.339900970458984,1493,0.0,0.0,0.0
2023-06-22 14:30:00-04:00,60.27000045776367,60.382198333740234,60.138099670410156,60.138099670410156,1751,0.0,0.0,0.0
2023-06-22 15:30:00-04:00,60.290000915527344,60.290000915527344,60.02000045776367,60.02000045776367,0,0.0,0.0,0.0
2023-06-23 09:30:00-04:00,59.43000030517578,59.939998626708984,59.43000030517578,59.93000030517578,4903,0.0,0.0,0.0
2023-06-23 10:30:00-04:00,59.935001373291016,59.959999084472656,59.733001708984375,59.733001708984375,1924,0.0,0.0,0.0
2023-06-23 11:30:00-04:00,59.72999954223633,59.9817008972168,59.72999954223633,59.9817008972168,2146,0.0,0.0,0.0
2023-06-23 12:30:00-04:00,60.040000915527344,60.040000915527344,59.93000030517578,59.93000030517578,1106,0.0,0.0,0.0
2023-06-23 13:30:00-04:00,59.9900016784668,60.0181999206543,59.9900016784668,60.0181999206543,2336,0.0,0.0,0.0
2023-06-23 14:30:00-04:00,59.790000915527344,59.790000915527344,59.59000015258789,59.59149932861328,703,0.0,0.0,0.0
2023-06-23 15:30:00-04:00,59.61000061035156,59.61000061035156,59.44919967651367,59.44919967651367,738,0.0,0.0,0.0
2023-06-26 09:30:00-04:00,60.27000045776367,60.314998626708984,60.189998626708984,60.189998626708984,0,0.0,0.0,0.0
2023-06-26 10:30:00-04:00,60.02000045776367,60.130001068115234,59.97999954223633,59.97999954223633,2292,0.0,0.0,0.0
2023-06-26 11:30:00-04:00,60.01449966430664,60.040000915527344,59.93000030517578,60.040000915527344,1749,0.0,0.0,0.0
2023-06-26 12:30:00-04:00,59.78499984741211,59.91999816894531,59.689998626708984,59.91999816894531,2358,0.0,0.0,0.0
2023-06-26 13:30:00-04:00,60.040000915527344,60.09000015258789,59.959999084472656,60.09000015258789,2314,0.0,0.0,0.0
2023-06-26 14:30:00-04:00,60.029998779296875,60.147701263427734,59.970001220703125,60.04629898071289,2817,0.0,0.0,0.0
2023-06-26 15:30:00-04:00,60.031898498535156,60.099998474121094,59.72999954223633,59.880001068115234,0,0.0,0.0,0.0
2023-06-27 09:30:00-04:00,60.15999984741211,60.15999984741211,60.0099983215332,60.04999923706055,1727,0.0,0.0,0.0
2023-06-27 10:30:00-04:00,60.31990051269531,60.46989822387695,60.27000045776367,60.46989822387695,4030,0.0,0.0,0.0
2023-06-27 11:30:00-04:00,60.3849983215332,60.64149856567383,60.369998931884766,60.540000915527344,6102,0.0,0.0,0.0
2023-06-27 12:30:00-04:00,60.83000183105469,60.83000183105469,60.65399932861328,60.65399932861328,1968,0.0,0.0,0.0
2023-06-27 13:30:00-04:00,60.75490188598633,60.75490188598633,60.75490188598633,60.75490188598633,1565,0.0,0.0,0.0
2023-06-27 14:30:00-04:00,60.775699615478516,60.775699615478516,60.70690155029297,60.72010040283203,1197,0.0,0.0,0.0
2023-06-27 15:30:00-04:00,60.83000183105469,60.83000183105469,60.560001373291016,60.560001373291016,4932,0.0,0.0,0.0
2023-06-28 09:30:00-04:00,60.805198669433594,60.805198669433594,60.805198669433594,60.805198669433594,0,0.0,0.0,0.0
2023-06-28 10:30:00-04:00,60.79999923706055,60.869998931884766,60.779998779296875,60.849998474121094,3407,0.0,0.0,0.0
2023-06-28 11:30:00-04:00,61.109798431396484,61.169898986816406,60.959999084472656,61.169898986816406,1591,0.0,0.0,0.0
2023-06-28 12:30:00-04:00,60.93000030517578,60.95000076293945,60.83000183105469,60.900001525878906,3570,0.0,0.0,0.0
2023-06-28 13:30:00-04:00,61.13999938964844,61.13999938964844,60.849998474121094,61.08000183105469,15340,0.0,0.0,0.0
2023-06-28 14:30:00-04:00,61.03919982910156,61.03919982910156,61.03919982910156,61.03919982910156,366,0.0,0.0,0.0
2023-06-28 15:30:00-04:00,61.05009841918945,61.2599983215332,61.05009841918945,61.2599983215332,735,0.0,0.0,0.0
2023-06-29 09:30:00-04:00,61.571998596191406,61.88999938964844,61.571998596191406,61.88999938964844,0,0.0,0.0,0.0
2023-06-29 10:30:00-04:00,61.720001220703125,61.782901763916016,61.665000915527344,61.782901763916016,1237,0.0,0.0,0.0
2023-06-29 11:30:00-04:00,61.685001373291016,61.83000183105469,61.66999816894531,61.790000915527344,5309,0.0,0.0,0.0
2023-06-29 12:30:00-04:00,61.88999938964844,62.022499084472656,61.79999923706055,61.87009811401367,2620,0.0,0.0,0.0
2023-06-29 13:30:00-04:00,61.869998931884766,61.869998931884766,61.63999938964844,61.72999954223633,5291,0.0,0.0,0.0
2023-06-29 14:30:00-04:00,61.75,61.8650016784668,61.65999984741211,61.779998779296875,2516,0.0,0.0,0.0
2023-06-29 15:30:00-04:00,61.869998931884766,61.880001068115234,61.869998931884766,61.880001068115234,0,0.0,0.0,0.0
2023-06-30 09:30:00-04:00,62.47990036010742,62.47990036010742,62.2599983215332,62.2599983215332,1751,0.0,0.0,0.0
2023-06-30 10:30:00-04:00,62.380001068115234,62.400001525878906,62.119998931884766,62.400001525878906,1971,0.0,0.0,0.0
2023-06-30 11:30:00-04:00,62.310001373291016,62.95000076293945,62.310001373291016,62.591800689697266,3185,0.0,0.0,0.0
2023-06-30 12:30:00-04:00,62.650699615478516,62.779998779296875,62.54999923706055,62.58000183105469,3087,0.0,0.0,0.0
2023-06-30 13:30:00-04:00,62.529998779296875,62.70000076293945,62.4900016784668,62.66999816894531,4366,0.0,0.0,0.0
2023-06-30 14:30:00-04:00,62.55009841918945,62.65999984741211,62.5,62.637901306152344,3748,0.0,0.0,0.0
2023-06-30 15:30:00-04:00,62.54499816894531,62.54499816894531,62.15999984741211,62.15999984741211,2159,0.0,0.0,0.0
2023-07-03 09:30:00-04:00,62.439998626708984,62.54999923706055,62.380001068115234,62.38999938964844,0,0.0,0.0,0.0
2023-07-03 10:30:00-04:00,62.410099029541016,62.410099029541016,62.060001373291016,62.119998931884766,2474,0.0,0.0,0.0
2023-07-03 11:30:00-04:00,62.11000061035156,62.19499969482422,62.11000061035156,62.19499969482422,3416,0.0,0.0,0.0
2023-07-03 12:30:00-04:00,62.31999969482422,62.31999969482422,62.279998779296875,62.279998779296875,364,0.0,0.0,0.0
2023-07-05 09:30:00-04:00,61.95000076293945,62.2400016784668,61.70000076293945,62.09000015258789,0,0.0,0.0,0.0
2023-07-05 10:30:00-04:00,62.119998931884766,62.16999816894531,61.94499969482422,62.05500030517578,4467,0.0,0.0,0.0
2023-07-05 11:30:00-04:00,62.20000076293945,62.20000076293945,61.97010040283203,62.159000396728516,1541,0.0,0.0,0.0
2023-07-05 12:30:00-04:00,62.159000396728516,62.17900085449219,61.95500183105469,62.17900085449219,21729,0.0,0.0,0.0
2023-07-05 13:30:00-04:00,62.17900085449219,62.22999954223633,62.060001373291016,62.060001373291016,1959,0.0,0.0,0.0
2023-07-05 14:30:00-04:00,62.16999816894531,62.43000030517578,61.9900016784668,62.212100982666016,7149,0.0,0.0,0.0
2023-07-05 15:30:00-04:00,62.06999969482422,62.06999969482422,61.630001068115234,61.630001068115234,1198,0.0,0.0,0.0
2023-07-06 09:30:00-04:00,61.13999938964844,61.25,60.77899932861328,60.77899932861328,0,0.0,0.0,0.0
2023-07-06 10:30:00-04:00,60.650001525878906,60.769901275634766,60.54999923706055,60.630001068115234,3544,0.0,0.0,0.0
2023-07-06 11:30:00-04:00,60.709999084472656,60.93000030517578,60.709999084472656,60.84700012207031,1116,0.0,0.0,0.0
2023-07-06 12:30:00-04:00,60.93000030517578,61.165000915527344,60.93000030517578,61.165000915527344,779,0.0,0.0,0.0
2023-07-06 13:30:00-04:00,61.220001220703125,61.2755012512207,61.11000061035156,61.119998931884766,1412,0.0,0.0,0.0
2023-07-06 14:30:00-04:00,61.20000076293945,61.47999954223633,61.080101013183594,61.080101013183594,2437,0.0,0.0,0.0
2023-07-06 15:30:00-04:00,61.130001068115234,61.13990020751953,61.130001068115234,61.13309860229492,0,0.0,0.0,0.0
2023-07-07 09:30:00-04:00,61.22999954223633,61.58489990234375,61.22999954223633,61.470001220703125,2112,0.0,0.0,0.0
2023-07-07 10:30:00-04:00,61.689998626708984,61.91999816894531,61.53120040893555,61.77000045776367,2632,0.0,0.0,0.0
2023-07-07 11:30:00-04:00,62.059898376464844,62.220001220703125,61.97999954223633,62.220001220703125,986,0.0,0.0,0.0
2023-07-07 12:30:00-04:00,62.25,62.459999084472656,61.8745002746582,61.89500045776367,8097,0.0,0.0,0.0
2023-07-07 13:30:00-04:00,61.7599983215332,61.900001525878906,61.74129867553711,61.89899826049805,1983,0.0,0.0,0.0
2023-07-07 14:30:00-04:00,61.849998474121094,61.849998474121094,61.56999969482422,61.627601623535156,1355,0.0,0.0,0.0
2023-07-07 15:30:00-04:00,61.619998931884766,61.619998931884766,61.2400016784668,61.2400016784668,891,0.0,0.0,0.0
2023-07-10 09:30:00-04:00,61.63999938964844,62.20000076293945,61.63999938964844,62.13999938964844,0,0.0,0.0,0.0
2023-07-10 10:30:00-04:00,62.16999816894531,62.16999816894531,62.04010009765625,62.04999923706055,2490,0.0,0.0,0.0
2023-07-10 11:30:00-04:00,61.92610168457031,62.150001525878906,61.90999984741211,62.150001525878906,1260,0.0,0.0,0.0
2023-07-10 12:30:00-04:00,62.08440017700195,62.16999816894531,61.939998626708984,61.939998626708984,3214,0.0,0.0,0.0
2023-07-10 13:30:00-04:00,62.06999969482422,62.10129928588867,62.04999923706055,62.10129928588867,2995,0.0,0.0,0.0
2023-07-10 14:30:00-04:00,62.21590042114258,62.349998474121094,62.18000030517578,62.349998474121094,0,0.0,0.0,0.0
2023-07-11 09:30:00-04:00,62.709999084472656,62.7400016784668,62.63999938964844,62.680198669433594,7672,0.0,0.0,0.0
2023-07-11 10:30:00-04:00,62.709999084472656,62.9900016784668,62.60459899902344,62.60459899902344,144192,0.0,0.0,0.0
2023-07-11 11:30:00-04:00,62.62189865112305,62.790000915527344,62.5099983215332,62.59000015258789,4246,0.0,0.0,0.0
2023-07-11 12:30:00-04:00,62.665000915527344,62.790000915527344,62.63669967651367,62.63669967651367,3363,0.0,0.0,0.0
2023-07-11 13:30:00-04:00,62.64500045776367,62.64500045776367,62.64500045776367,62.64500045776367,437,0.0,0.0,0.0
2023-07-11 14:30:00-04:00,62.826900482177734,62.8911018371582,62.62969970703125,62.8911018371582,1128,0.0,0.0,0.0
2023-07-11 15:30:00-04:00,62.89500045776367,63.08000183105469,62.89500045776367,63.08000183105469,0,0.0,0.0,0.0
2023-07-12 09:30:00-04:00,63.7599983215332,63.7599983215332,63.41999816894531,63.45000076293945,7274,0.0,0.0,0.0
2023-07-12 10:30:00-04:00,63.630001068115234,63.72999954223633,63.630001068115234,63.66379928588867,2785,0.0,0.0,0.0
2023-07-12 11:30:00-04:00,63.56999969482422,63.59000015258789,63.41419982910156,63.423500061035156,3725,0.0,0.0,0.0
2023-07-12 12:30:00-04:00,63.619998931884766,63.66999816894531,63.529998779296875,63.529998779296875,2827,0.0,0.0,0.0
2023-07-12 13:30:00-04:00,63.60129928588867,63.939998626708984,63.60129928588867,63.790000915527344,6809,0.0,0.0,0.0
2023-07-12 14:30:00-04:00,63.790000915527344,63.790000915527344,63.63999938964844,63.689998626708984,2125,0.0,0.0,0.0
2023-07-12 15:30:00-04:00,63.619998931884766,63.68000030517578,63.369998931884766,63.369998931884766,0,0.0,0.0,0.0
2023-07-13 09:30:00-04:00,63.869998931884766,64.0199966430664,63.689998626708984,63.79999923706055,12904,0.0,0.0,0.0
2023-07-13 10:30:00-04:00,63.91279983520508,63.91279983520508,63.70000076293945,63.85770034790039,2915,0.0,0.0,0.0
2023-07-13 11:30:00-04:00,63.86000061035156,64.10579681396484,63.86000061035156,64.09459686279297,2355,0.0,0.0,0.0
2023-07-13 12:30:00-04:00,64.03279876708984,64.16100311279297,64.03279876708984,64.08000183105469,3755,0.0,0.0,0.0
2023-07-13 13:30:00-04:00,64.20240020751953,64.27999877929688,64.12999725341797,64.12999725341797,6670,0.0,0.0,0.0
2023-07-13 14:30:00-04:00,64.13999938964844,64.28990173339844,64.10320281982422,64.1812973022461,4160,0.0,0.0,0.0
2023-07-13 15:30:00-04:00,64.25499725341797,64.25499725341797,63.939998626708984,64.16999816894531,2762,0.0,0.0,0.0
2023-07-14 09:30:00-04:00,64.81999969482422,64.81999969482422,63.689998626708984,63.689998626708984,0,0.0,0.0,0.0
2023-07-14 10:30:00-04:00,63.65999984741211,63.68000030517578,63.45000076293945,63.68000030517578,2337,0.0,0.0,0.0
2023-07-14 11:30:00-04:00,63.66999816894531,63.66999816894531,63.563201904296875,63.563201904296875,1969,0.0,0.0,0.0
2023-07-14 12:30:00-04:00,63.560001373291016,63.739898681640625,63.560001373291016,63.72999954223633,3345,0.0,0.0,0.0
2023-07-14 13:30:00-04:00,63.72999954223633,63.899898529052734,63.72999954223633,63.7599983215332,5528,0.0,0.0,0.0
2023-07-14 14:30:00-04:00,63.66389846801758,63.77989959716797,63.59000015258789,63.68130111694336,8087,0.0,0.0,0.0
2023-07-14 15:30:00-04:00,63.711299896240234,63.7400016784668,63.61000061035156,63.7400016784668,1742,0.0,0.0,0.0
2023-07-17 09:30:00-04:00,63.779998779296875,64.06379699707031,63.650001525878906,64.06379699707031,0,0.0,0.0,0.0
2023-07-17 10:30:00-04:00,64.02439880371094,64.17310333251953,63.970001220703125,64.16210174560547,1724,0.0,0.0,0.0
2023-07-17 11:30:00-04:00,64.22000122070312,64.43000030517578,64.22000122070312,64.31999969482422,5111,0.0,0.0,0.0
2023-07-17 12:30:00-04:00,64.33000183105469,64.37000274658203,64.30000305175781,64.34719848632812,7212,0.0,0.0,0.0
2023-07-17 13:30:00-04:00,64.38999938964844,64.38999938964844,64.36000061035156,64.37000274658203,3988,0.0,0.0,0.0
2023-07-17 14:30:00-04:00,64.38999938964844,64.4800033569336,64.37000274658203,64.46710205078125,4083,0.0,0.0,0.0
2023-07-17 15:30:00-04:00,64.45999908447266,64.55000305175781,64.30000305175781,64.44999694824219,0,0.0,0.0,0.0
2023-07-18 09:30:00-04:00,64.76000213623047,65.0199966430664,64.41000366210938,64.94000244140625,4746,0.0,0.0,0.0
2023-07-18 10:30:00-04:00,64.97000122070312,65.08999633789062,64.82340240478516,65.02999877929688,7325,0.0,0.0,0.0
2023-07-18 11:30:00-04:00,64.88999938964844,64.95999908447266,64.83070373535156,64.83070373535156,3235,0.0,0.0,0.0
2023-07-18 12:30:00-04:00,64.88469696044922,64.91999816894531,64.88469696044922,64.91999816894531,2244,0.0,0.0,0.0
2023-07-18 13:30:00-04:00,64.86009979248047,65.05999755859375,64.85009765625,64.91179656982422,2125,0.0,0.0,0.0
2023-07-18 14:30:00-04:00,64.97010040283203,65.2300033569336,64.97010040283203,65.08000183105469,50495,0.0,0.0,0.0
2023-07-18 15:30:00-04:00,65.05999755859375,65.0999984741211,65.05000305175781,65.0779037475586,1005,0.0,0.0,0.0
2023-07-19 09:30:00-04:00,65.75,65.75,64.98999786376953,65.25,0,0.0,0.0,0.0
2023-07-19 10:30:00-04:00,65.23989868164062,65.23989868164062,64.98320007324219,65.1135025024414,8942,0.0,0.0,0.0
2023-07-19 11:30:00-04:00,65.04000091552734,65.04000091552734,65.0199966430664,65.0199966430664,579,0.0,0.0,0.0
2023-07-19 12:30:00-04:00,64.89739990234375,64.94000244140625,64.77999877929688,64.77999877929688,3768,0.0,0.0,0.0
2023-07-19 13:30:00-04:00,64.88999938964844,64.93689727783203,64.79000091552734,64.79000091552734,3997,0.0,0.0,0.0
2023-07-19 14:30:00-04:00,64.81999969482422,65.02999877929688,64.72049713134766,64.97000122070312,3681,0.0,0.0,0.0
2023-07-19 15:30:00-04:00,64.98500061035156,65.11000061035156,64.98500061035156,65.0,1960,0.0,0.0,0.0
2023-07-20 09:30:00-04:00,65.0199966430664,65.0199966430664,64.19120025634766,64.19120025634766,0,0.0,0.0,0.0
2023-07-20 10:30:00-04:00,64.2300033569336,64.45999908447266,64.2300033569336,64.45999908447266,2753,0.0,0.0,0.0
2023-07-20 11:30:00-04:00,64.4990005493164,64.61949920654297,64.46499633789062,64.47000122070312,4222,0.0,0.0,0.0
2023-07-20 12:30:00-04:00,64.43000030517578,64.5,64.3499984741211,64.49600219726562,3674,0.0,0.0,0.0
2023-07-20 13:30:00-04:00,64.4800033569336,64.4800033569336,64.43000030517578,64.43000030517578,1592,0.0,0.0,0.0
2023-07-20 14:30:00-04:00,64.43000030517578,64.52799987792969,64.38939666748047,64.42849731445312,2776,0.0,0.0,0.0
2023-07-20 15:30:00-04:00,64.4800033569336,64.62000274658203,64.30000305175781,64.62000274658203,3670,0.0,0.0,0.0
2023-07-21 09:30:00-04:00,64.88999938964844,64.88999938964844,64.43000030517578,64.54000091552734,4184,0.0,0.0,0.0
2023-07-21 10:30:00-04:00,64.58999633789062,64.80000305175781,64.58999633789062,64.80000305175781,5962,0.0,0.0,0.0
2023-07-21 11:30:00-04:00,64.7699966430664,64.79000091552734,64.58209991455078,64.68699645996094,4058,0.0,0.0,0.0
2023-07-21 12:30:00-04:00,64.66999816894531,64.73999786376953,64.55259704589844,64.73999786376953,3134,0.0,0.0,0.0
2023-07-21 13:30:00-04:00,64.94989776611328,64.94989776611328,64.70999908447266,64.72820281982422,2621,0.0,0.0,0.0
2023-07-21 14:30:00-04:00,64.76499938964844,64.86000061035156,64.52999877929688,64.56999969482422,4602,0.0,0.0,0.0
2023-07-21 15:30:00-04:00,64.73999786376953,64.73999786376953,64.51000213623047,64.51000213623047,2563,0.0,0.0,0.0
2023-07-24 09:30:00-04:00,64.43000030517578,64.91000366210938,64.43000030517578,64.5199966430664,0,0.0,0.0,0.0
2023-07-24 10:30:00-04:00,64.31999969482422,64.48999786376953,64.31999969482422,64.31999969482422,5463,0.0,0.0,0.0
2023-07-24 11:30:00-04:00,64.41000366210938,64.76119995117188,64.41000366210938,64.56999969482422,1783,0.0,0.0,0.0
2023-07-24 12:30:00-04:00,64.54000091552734,64.7031021118164,64.5199966430664,64.65879821777344,5413,0.0,0.0,0.0
2023-07-24 13:30:00-04:00,64.6500015258789,64.6500015258789,64.6500015258789,64.6500015258789,1449,0.0,0.0,0.0
2023-07-24 14:30:00-04:00,64.60980224609375,64.66000366210938,64.60980224609375,64.66000366210938,1368,0.0,0.0,0.0
2023-07-24 15:30:00-04:00,64.66999816894531,64.66999816894531,64.61000061035156,64.6500015258789,1922,0.0,0.0,0.0
2023-07-25 09:30:00-04:00,64.44000244140625,65.19999694824219,64.44000244140625,65.1500015258789,7678,0.0,0.0,0.0
2023-07-25 10:30:00-04:00,65.08999633789062,65.0999984741211,65.0,65.0,5263,0.0,0.0,0.0
2023-07-25 11:30:00-04:00,64.94000244140625,65.15709686279297,64.94000244140625,65.0199966430664,2686,0.0,0.0,0.0
2023-07-25 12:30:00-04:00,65.00499725341797,65.17990112304688,65.00499725341797,65.17990112304688,528,0.0,0.0,0.0
2023-07-25 13:30:00-04:00,64.99949645996094,65.23799896240234,64.99949645996094,65.23799896240234,842,0.0,0.0,0.0
2023-07-25 14:30:00-04:00,65.18000030517578,65.18000030517578,64.82009887695312,64.95809936523438,6797,0.0,0.0,0.0
2023-07-25 15:30:00-04:00,64.95549774169922,64.9719009399414,64.69000244140625,64.80999755859375,7469,0.0,0.0,0.0
2023-07-26 09:30:00-04:00,64.68000030517578,65.15029907226562,64.68000030517578,64.98999786376953,0,0.0,0.0,0.0
2023-07-26 10:30:00-04:00,65.0,65.0,64.86000061035156,64.86000061035156,993,0.0,0.0,0.0
2023-07-26 11:30:00-04:00,64.7300033569336,64.80760192871094,64.7300033569336,64.80760192871094,888,0.0,0.0,0.0
2023-07-26 12:30:00-04:00,64.98560333251953,64.98560333251953,64.98560333251953,64.98560333251953,612,0.0,0.0,0.0
2023-07-26 13:30:00-04:00,64.68720245361328,64.80000305175781,64.68720245361328,64.80000305175781,1624,0.0,0.0,0.0
2023-07-26 14:30:00-04:00,64.79000091552734,65.1500015258789,64.72000122070312,64.83920288085938,9349,0.0,0.0,0.0
2023-07-26 15:30:00-04:00,64.86000061035156,65.13009643554688,64.8499984741211,64.93000030517578,5452,0.0,0.0,0.0
2023-07-27 09:30:00-04:00,65.44999694824219,65.44999694824219,65.0,65.0,4345,0.0,0.0,0.0
2023-07-27 10:30:00-04:00,65.04759979248047,65.07710266113281,64.96150207519531,65.07710266113281,1340,0.0,0.0,0.0
2023-07-27 11:30:00-04:00,64.9280014038086,65.05000305175781,64.68000030517578,65.04000091552734,4285,0.0,0.0,0.0
2023-07-27 12:30:00-04:00,65.10449981689453,65.10449981689453,64.76010131835938,64.77999877929688,4887,0.0,0.0,0.0
2023-07-27 13:30:00-04:00,64.68000030517578,64.75,64.5,64.5,3239,0.0,0.0,0.0
2023-07-27 14:30:00-04:00,64.2699966430664,64.2699966430664,64.04000091552734,64.12999725341797,6761,0.0,0.0,0.0
2023-07-27 15:30:00-04:00,64.1500015258789,64.2300033569336,64.0,64.1500015258789,3974,0.0,0.0,0.0
2023-07-28 09:30:00-04:00,64.70999908447266,64.9749984741211,64.62000274658203,64.66500091552734,0,0.0,0.0,0.0
2023-07-28 10:30:00-04:00,64.66000366210938,64.7249984741211,64.55000305175781,64.7249984741211,6933,0.0,0.0,0.0
2023-07-28 11:30:00-04:00,64.68499755859375,64.69000244140625,64.63999938964844,64.69000244140625,257961,0.0,0.0,0.0
2023-07-28 12:30:00-04:00,64.70999908447266,64.83000183105469,64.6500015258789,64.69000244140625,4547,0.0,0.0,0.0
2023-07-28 13:30:00-04:00,64.5999984741211,64.79000091552734,64.5199966430664,64.79000091552734,6824,0.0,0.0,0.0
2023-07-28 14:30:00-04:00,64.73999786376953,64.73999786376953,64.73999786376953,64.73999786376953,292,0.0,0.0,0.0
2023-07-28 15:30:00-04:00,64.8156967163086,64.86470031738281,64.75469970703125,64.81999969482422,3553,0.0,0.0,0.0
2023-07-31 09:30:00-04:00,64.97000122070312,65.19580078125,64.97000122070312,65.12999725341797,0,0.0,0.0,0.0
2023-07-31 10:30:00-04:00,65.06999969482422,65.19000244140625,64.94000244140625,64.94000244140625,7009,0.0,0.0,0.0
2023-07-31 11:30:00-04:00,65.05999755859375,65.20069885253906,65.04000091552734,65.06999969482422,91538,0.0,0.0,0.0
2023-07-31 12:30:00-04:00,65.07730102539062,65.0999984741211,64.87000274658203,64.95999908447266,5430,0.0,0.0,0.0
2023-07-31 13:30:00-04:00,64.9800033569336,65.06999969482422,64.9800033569336,65.04910278320312,4934,0.0,0.0,0.0
2023-07-31 14:30:00-04:00,65.125,65.125,65.08999633789062,65.11000061035156,3192,0.0,0.0,0.0
2023-07-31 15:30:00-04:00,65.04000091552734,65.26000213623047,64.9800033569336,65.13999938964844,5737,0.0,0.0,0.0
2023-08-01 09:30:00-04:00,64.94000244140625,64.94000244140625,64.27999877929688,64.3499984741211,0,0.0,0.0,0.0
2023-08-01 10:30:00-04:00,64.30000305175781,64.53810119628906,64.26499938964844,64.37000274658203,7213,0.0,0.0,0.0
2023-08-01 11:30:00-04:00,64.46720123291016,64.49500274658203,64.44740295410156,64.44740295410156,3218,0.0,0.0,0.0
2023-08-01 12:30:00-04:00,64.50879669189453,64.58000183105469,64.44999694824219,64.58000183105469,3906,0.0,0.0,0.0
2023-08-01 14:30:00-04:00,64.6500015258789,64.66999816894531,64.6500015258789,64.66999816894531,848,0.0,0.0,0.0
2023-08-01 15:30:00-04:00,64.66000366210938,64.67160034179688,64.62999725341797,64.62999725341797,0,0.0,0.0,0.0
2023-08-02 09:30:00-04:00,63.63999938964844,63.84859848022461,63.22999954223633,63.59000015258789,15204,0.0,0.0,0.0
2023-08-02 10:30:00-04:00,63.650001525878906,63.650001525878906,63.310001373291016,63.41999816894531,7707,0.0,0.0,0.0
2023-08-02 11:30:00-04:00,63.380001068115234,63.589900970458984,63.220001220703125,63.22999954223633,7732,0.0,0.0,0.0
2023-08-02 12:30:00-04:00,63.369998931884766,63.540000915527344,63.36000061035156,63.4900016784668,7199,0.0,0.0,0.0
2023-08-02 13:30:00-04:00,63.5099983215332,63.61000061035156,63.5099983215332,63.529998779296875,4214,0.0,0.0,0.0
2023-08-02 14:30:00-04:00,63.611900329589844,63.611900329589844,63.29999923706055,63.29999923706055,19577,0.0,0.0,0.0
2023-08-02 15:30:00-04:00,63.4010009765625,63.505001068115234,63.349998474121094,63.43000030517578,4694,0.0,0.0,0.0
2023-08-03 09:30:00-04:00,62.83000183105469,63.03990173339844,62.56829833984375,62.849998474121094,8973,0.0,0.0,0.0
2023-08-03 10:30:00-04:00,62.670101165771484,63.2400016784668,62.670101165771484,63.189998626708984,8759,0.0,0.0,0.0
2023-08-03 11:30:00-04:00,63.130001068115234,63.279998779296875,63.08000183105469,63.220001220703125,6176,0.0,0.0,0.0
2023-08-03 12:30:00-04:00,63.279998779296875,63.43000030517578,63.279998779296875,63.380001068115234,10228,0.0,0.0,0.0
2023-08-03 13:30:00-04:00,63.290000915527344,63.33000183105469,63.13999938964844,63.2599983215332,11490,0.0,0.0,0.0
2023-08-03 14:30:00-04:00,63.2599983215332,63.27000045776367,63.08000183105469,63.249900817871094,8035,0.0,0.0,0.0
2023-08-03 15:30:00-04:00,63.220001220703125,63.275001525878906,63.09000015258789,63.09000015258789,0,0.0,0.0,0.0
2023-08-04 09:30:00-04:00,63.38999938964844,63.4900016784668,62.91999816894531,63.290000915527344,16550,0.0,0.0,0.0
2023-08-04 10:30:00-04:00,63.31999969482422,63.56169891357422,63.310001373291016,63.529998779296875,9010,0.0,0.0,0.0
2023-08-04 11:30:00-04:00,63.66999816894531,63.86000061035156,63.54999923706055,63.86000061035156,5500,0.0,0.0,0.0
2023-08-04 12:30:00-04:00,63.90999984741211,63.90999984741211,63.7400016784668,63.849998474121094,5408,0.0,0.0,0.0
2023-08-04 13:30:00-04:00,63.810001373291016,63.849998474121094,63.38999938964844,63.400001525878906,10899,0.0,0.0,0.0
2023-08-04 14:30:00-04:00,63.33000183105469,63.33000183105469,63.22999954223633,63.2400016784668,2496,0.0,0.0,0.0
2023-08-04 15:30:00-04:00,63.25,63.45000076293945,63.09000015258789,63.17250061035156,10607,0.0,0.0,0.0
2023-08-07 09:30:00-04:00,63.54999923706055,63.58000183105469,63.060001373291016,63.34000015258789,4818,0.0,0.0,0.0
2023-08-07 10:30:00-04:00,63.439998626708984,63.52000045776367,63.282100677490234,63.349998474121094,8136,0.0,0.0,0.0
2023-08-07 11:30:00-04:00,63.36000061035156,63.44139862060547,63.36000061035156,63.44139862060547,1317,0.0,0.0,0.0
2023-08-07 12:30:00-04:00,63.32979965209961,63.630001068115234,63.32979965209961,63.4900016784668,4536,0.0,0.0,0.0
2023-08-07 13:30:00-04:00,63.4900016784668,63.619998931884766,63.40999984741211,63.4900016784668,10969,0.0,0.0,0.0
2023-08-07 14:30:00-04:00,63.400001525878906,63.5723991394043,63.400001525878906,63.51499938964844,3085,0.0,0.0,0.0
2023-08-07 15:30:00-04:00,63.47999954223633,63.630001068115234,63.47999954223633,63.57870101928711,2242,0.0,0.0,0.0
2023-08-08 09:30:00-04:00,62.709999084472656,62.720001220703125,62.33000183105469,62.334999084472656,0,0.0,0.0,0.0
2023-08-08 10:30:00-04:00,62.560001373291016,62.70000076293945,62.41999816894531,62.505001068115234,8909,0.0,0.0,0.0
2023-08-08 11:30:00-04:00,62.619998931884766,62.619998931884766,62.619998931884766,62.619998931884766,156,0.0,0.0,0.0
2023-08-08 12:30:00-04:00,62.7400016784668,62.93040084838867,62.7400016784668,62.93040084838867,733,0.0,0.0,0.0
2023-08-08 13:30:00-04:00,62.94929885864258,63.04999923706055,62.94929885864258,63.04999923706055,1731,0.0,0.0,0.0
2023-08-08 14:30:00-04:00,63.1150016784668,63.15999984741211,62.900001525878906,63.13999938964844,8955,0.0,0.0,0.0
2023-08-08 15:30:00-04:00,63.13990020751953,63.13990020751953,62.970001220703125,63.08599853515625,0,0.0,0.0,0.0
2023-08-09 09:30:00-04:00,62.7400016784668,62.7400016784668,61.83000183105469,61.93000030517578,12779,0.0,0.0,0.0
2023-08-09 10:30:00-04:00,61.9900016784668,62.060001373291016,61.88999938964844,62.04999923706055,7194,0.0,0.0,0.0
2023-08-09 11:30:00-04:00,61.988800048828125,61.988800048828125,61.65999984741211,61.8202018737793,1968,0.0,0.0,0.0
2023-08-09 12:30:00-04:00,61.720001220703125,62.04199981689453,61.720001220703125,62.040000915527344,1043,0.0,0.0,0.0
2023-08-09 13:30:00-04:00,62.029998779296875,62.1599006652832,61.98899841308594,62.08000183105469,1660,0.0,0.0,0.0
2023-08-09 14:30:00-04:00,62.01179885864258,62.01179885864258,62.01179885864258,62.01179885864258,242,0.0,0.0,0.0
2023-08-09 15:30:00-04:00,62.120601654052734,62.13999938964844,61.790000915527344,61.790000915527344,0,0.0,0.0,0.0
2023-08-10 09:30:00-04:00,62.11000061035156,62.54999923706055,61.959999084472656,62.349998474121094,4590,0.0,0.0,0.0
2023-08-10 10:30:00-04:00,62.33879852294922,62.33879852294922,61.959999084472656,62.040000915527344,4011,0.0,0.0,0.0
2023-08-10 11:30:00-04:00,61.83000183105469,61.83000183105469,61.619998931884766,61.72999954223633,3010,0.0,0.0,0.0
2023-08-10 12:30:00-04:00,61.689998626708984,61.72999954223633,61.40999984741211,61.40999984741211,4316,0.0,0.0,0.0
2023-08-10 13:30:00-04:00,61.369998931884766,61.619998931884766,61.310001373291016,61.54999923706055,5770,0.0,0.0,0.0
2023-08-10 14:30:00-04:00,61.599998474121094,61.65999984741211,61.53499984741211,61.65999984741211,2353,0.0,0.0,0.0
2023-08-10 15:30:00-04:00,61.650001525878906,61.689998626708984,61.560001373291016,61.66999816894531,2594,0.0,0.0,0.0
2023-08-11 09:30:00-04:00,61.5,61.69499969482422,61.41999816894531,61.61000061035156,0,0.0,0.0,0.0
2023-08-11 10:30:00-04:00,61.63600158691406,61.7400016784668,61.40999984741211,61.470001220703125,3384,0.0,0.0,0.0
2023-08-11 11:30:00-04:00,61.5,61.70000076293945,61.5,61.58580017089844,2816,0.0,0.0,0.0
2023-08-11 12:30:00-04:00,61.560001373291016,61.56999969482422,61.5,61.5,3813,0.0,0.0,0.0
2023-08-11 13:30:00-04:00,61.5099983215332,61.630001068115234,61.5,61.619998931884766,4809,0.0,0.0,0.0
2023-08-11 14:30:00-04:00,61.599998474121094,61.63999938964844,61.58000183105469,61.59000015258789,4467,0.0,0.0,0.0
2023-08-11 15:30:00-04:00,61.619998931884766,61.619998931884766,61.38999938964844,61.47999954223633,2095,0.0,0.0,0.0
2023-08-14 09:30:00-04:00,61.5078010559082,61.5078010559082,61.18000030517578,61.31999969482422,0,0.0,0.0,0.0
2023-08-14 10:30:00-04:00,61.349998474121094,61.58000183105469,61.21620178222656,61.58000183105469,3489,0.0,0.0,0.0
2023-08-14 11:30:00-04:00,61.61000061035156,61.765499114990234,61.61000061035156,61.76539993286133,721,0.0,0.0,0.0
2023-08-14 12:30:00-04:00,61.70000076293945,61.877498626708984,61.6349983215332,61.77000045776367,3853,0.0,0.0,0.0
2023-08-14 13:30:00-04:00,61.74129867553711,61.869998931884766,61.72639846801758,61.72639846801758,2539,0.0,0.0,0.0
2023-08-14 14:30:00-04:00,61.779998779296875,61.8650016784668,61.779998779296875,61.8650016784668,2642,0.0,0.0,0.0
2023-08-14 15:30:00-04:00,61.83000183105469,61.89080047607422,61.83000183105469,61.89080047607422,954,0.0,0.0,0.0
2023-08-15 09:30:00-04:00,61.4900016784668,61.60449981689453,61.33789825439453,61.43000030517578,1183,0.0,0.0,0.0
2023-08-15 10:30:00-04:00,61.260101318359375,61.619998931884766,61.260101318359375,61.5099983215332,1061,0.0,0.0,0.0
2023-08-15 11:30:00-04:00,61.56999969482422,61.59000015258789,61.43000030517578,61.470001220703125,994,0.0,0.0,0.0
2023-08-15 12:30:00-04:00,61.470001220703125,61.470001220703125,61.380001068115234,61.470001220703125,885,0.0,0.0,0.0
2023-08-15 13:30:00-04:00,61.470001220703125,61.4900016784668,61.39500045776367,61.4900016784668,1124,0.0,0.0,0.0
2023-08-15 14:30:00-04:00,61.529998779296875,61.540000915527344,61.400001525878906,61.400001525878906,1151,0.0,0.0,0.0
2023-08-15 15:30:00-04:00,61.369998931884766,61.369998931884766,61.280601501464844,61.280601501464844,0,0.0,0.0,0.0
2023-08-16 09:30:00-04:00,61.529998779296875,61.59040069580078,61.27000045776367,61.27000045776367,592,0.0,0.0,0.0
2023-08-16 10:30:00-04:00,61.2400016784668,61.29999923706055,61.11050033569336,61.25,0,0.0,0.0,0.0
2023-08-16 11:30:00-04:00,61.22999954223633,61.22999954223633,61.08000183105469,61.08000183105469,1716,0.0,0.0,0.0
2023-08-16 12:30:00-04:00,61.0,61.0,60.757301330566406,60.85900115966797,2171,0.0,0.0,0.0
2023-08-16 13:30:00-04:00,60.93000030517578,60.970001220703125,60.93000030517578,60.970001220703125,1181,0.0,0.0,0.0
2023-08-16 14:30:00-04:00,61.029998779296875,61.029998779296875,60.56999969482422,60.68000030517578,4102,0.0,0.0,0.0
2023-08-16 15:30:00-04:00,60.70000076293945,60.70000076293945,60.55059814453125,60.55059814453125,0,0.0,0.0,0.0
2023-08-17 09:30:00-04:00,60.689998626708984,60.689998626708984,60.25170135498047,60.25170135498047,2634,0.0,0.0,0.0
2023-08-17 10:30:00-04:00,60.17879867553711,60.37900161743164,60.17879867553711,60.17900085449219,814,0.0,0.0,0.0
2023-08-17 11:30:00-04:00,60.16899871826172,60.19900131225586,60.12900161743164,60.13999938964844,524,0.0,0.0,0.0
2023-08-17 12:30:00-04:00,60.28900146484375,60.290000915527344,60.189998626708984,60.220001220703125,785,0.0,0.0,0.0
2023-08-17 13:30:00-04:00,60.150001525878906,60.150001525878906,59.970001220703125,59.970001220703125,803,0.0,0.0,0.0
2023-08-17 14:30:00-04:00,59.869998931884766,59.869998931884766,59.63010025024414,59.72999954223633,3862,0.0,0.0,0.0
2023-08-17 15:30:00-04:00,59.630001068115234,59.630001068115234,59.470001220703125,59.470001220703125,968,0.0,0.0,0.0
2023-08-18 09:30:00-04:00,59.0,59.689998626708984,59.0,59.540000915527344,0,0.0,0.0,0.0
2023-08-18 10:30:00-04:00,59.630001068115234,59.810001373291016,59.630001068115234,59.650001525878906,525,0.0,0.0,0.0
2023-08-18 11:30:00-04:00,59.595001220703125,59.614498138427734,59.595001220703125,59.614498138427734,865,0.0,0.0,0.0
2023-08-18 12:30:00-04:00,59.689998626708984,59.810001373291016,59.53010177612305,59.53010177612305,2380,0.0,0.0,0.0
2023-08-18 13:30:00-04:00,59.611698150634766,59.772098541259766,59.611698150634766,59.72999954223633,3115,0.0,0.0,0.0
2023-08-18 14:30:00-04:00,59.79999923706055,59.90409851074219,59.66999816894531,59.69499969482422,2171,0.0,0.0,0.0
2023-08-18 15:30:00-04:00,59.790000915527344,59.869998931884766,59.599998474121094,59.680301666259766,4272,0.0,0.0,0.0
2023-08-21 09:30:00-04:00,59.900001525878906,59.970001220703125,59.54999923706055,59.54999923706055,0,0.0,0.0,0.0
2023-08-21 10:30:00-04:00,59.650001525878906,59.66999816894531,59.540000915527344,59.540000915527344,3356,0.0,0.0,0.0
2023-08-21 11:30:00-04:00,59.459999084472656,59.529998779296875,59.459999084472656,59.529998779296875,1120,0.0,0.0,0.0
2023-08-21 12:30:00-04:00,59.54330062866211,59.54330062866211,59.400001525878906,59.400001525878906,620,0.0,0.0,0.0
2023-08-21 13:30:00-04:00,59.720001220703125,59.720001220703125,59.66550064086914,59.66550064086914,888,0.0,0.0,0.0
2023-08-21 14:30:00-04:00,59.75,59.849998474121094,59.75,59.849998474121094,822,0.0,0.0,0.0
2023-08-21 15:30:00-04:00,60.0,60.027000427246094,59.88679885864258,59.88679885864258,701,0.0,0.0,0.0
2023-08-22 09:30:00-04:00,60.31489944458008,60.31489944458008,59.90999984741211,60.040000915527344,0,0.0,0.0,0.0
2023-08-22 10:30:00-04:00,60.029998779296875,60.189998626708984,60.029998779296875,60.06999969482422,0,0.0,0.0,0.0
2023-08-22 11:30:00-04:00,60.150001525878906,60.150001525878906,59.86000061035156,60.0099983215332,10105,0.0,0.0,0.0
2023-08-22 12:30:00-04:00,59.900001525878906,60.029998779296875,59.810001373291016,59.900001525878906,2752,0.0,0.0,0.0
2023-08-22 13:30:00-04:00,59.84000015258789,59.96500015258789,59.82500076293945,59.96500015258789,616,0.0,0.0,0.0
2023-08-22 14:30:00-04:00,59.9724006652832,60.13999938964844,59.937599182128906,60.130001068115234,1886,0.0,0.0,0.0
2023-08-22 15:30:00-04:00,60.0,60.0359001159668,59.88999938964844,59.939998626708984,0,0.0,0.0,0.0
2023-08-23 09:30:00-04:00,60.11000061035156,60.2599983215332,60.08000183105469,60.25,1345,0.0,0.0,0.0
2023-08-23 10:30:00-04:00,60.41999816894531,60.45000076293945,60.38869857788086,60.43000030517578,463,0.0,0.0,0.0
2023-08-23 11:30:00-04:00,60.66999816894531,60.7599983215332,60.650001525878906,60.7599983215332,2007,0.0,0.0,0.0
2023-08-23 12:30:00-04:00,60.790000915527344,60.900001525878906,60.790000915527344,60.900001525878906,475,0.0,0.0,0.0
2023-08-23 13:30:00-04:00,60.93000030517578,60.93000030517578,60.8849983215332,60.8849983215332,924,0.0,0.0,0.0
2023-08-23 14:30:00-04:00,60.880001068115234,61.08000183105469,60.76900100708008,60.84809875488281,4848,0.0,0.0,0.0
2023-08-23 15:30:00-04:00,60.875,60.880001068115234,60.75,60.821800231933594,0,0.0,0.0,0.0
2023-08-24 09:30:00-04:00,61.029998779296875,61.029998779296875,60.577301025390625,60.709999084472656,3817,0.0,0.0,0.0
2023-08-24 10:30:00-04:00,60.61000061035156,60.61000061035156,60.22999954223633,60.279998779296875,1724,0.0,0.0,0.0
2023-08-24 11:30:00-04:00,60.220001220703125,60.35499954223633,60.150001525878906,60.35499954223633,1217,0.0,0.0,0.0
2023-08-24 12:30:00-04:00,60.439998626708984,60.439998626708984,60.15999984741211,60.16999816894531,2704,0.0,0.0,0.0
2023-08-24 13:30:00-04:00,60.150001525878906,60.21770095825195,60.125,60.20899963378906,1810,0.0,0.0,0.0
2023-08-24 14:30:00-04:00,60.040000915527344,60.10599899291992,60.040000915527344,60.10599899291992,316,0.0,0.0,0.0
2023-08-24 15:30:00-04:00,60.02009963989258,60.02009963989258,59.91550064086914,59.91550064086914,0,0.0,0.0,0.0
2023-08-25 09:30:00-04:00,60.06999969482422,60.22999954223633,59.810001373291016,59.880001068115234,8498,0.0,0.0,0.0
2023-08-25 10:30:00-04:00,59.75,59.779998779296875,59.33000183105469,59.619998931884766,8822,0.0,0.0,0.0
2023-08-25 11:30:00-04:00,59.54999923706055,59.77000045776367,59.470001220703125,59.77000045776367,4767,0.0,0.0,0.0
2023-08-25 12:30:00-04:00,59.779998779296875,59.779998779296875,59.72999954223633,59.72999954223633,989,0.0,0.0,0.0
2023-08-25 13:30:00-04:00,59.7599983215332,60.103599548339844,59.67499923706055,60.09000015258789,3767,0.0,0.0,0.0
2023-08-25 14:30:00-04:00,60.119998931884766,60.16999816894531,60.0099983215332,60.124000549316406,4744,0.0,0.0,0.0
2023-08-25 15:30:00-04:00,60.189998626708984,60.189998626708984,59.97999954223633,60.04209899902344,4255,0.0,0.0,0.0
2023-08-28 09:30:00-04:00,60.540000915527344,60.90850067138672,60.47999954223633,60.79999923706055,0,0.0,0.0,0.0
2023-08-28 10:30:00-04:00,60.779998779296875,60.779998779296875,60.68000030517578,60.7599983215332,1055,0.0,0.0,0.0
2023-08-28 11:30:00-04:00,60.72050094604492,60.74549865722656,60.59280014038086,60.74549865722656,1722,0.0,0.0,0.0
2023-08-28 12:30:00-04:00,60.71500015258789,60.71500015258789,60.71500015258789,60.71500015258789,114,0.0,0.0,0.0
2023-08-28 13:30:00-04:00,60.59000015258789,60.59000015258789,60.45000076293945,60.45000076293945,705,0.0,0.0,0.0
2023-08-28 14:30:00-04:00,60.56999969482422,60.57899856567383,60.5,60.57899856567383,1179,0.0,0.0,0.0
2023-08-28 15:30:00-04:00,60.57720184326172,60.57720184326172,60.560001373291016,60.57720184326172,213,0.0,0.0,0.0
2023-08-29 09:30:00-04:00,60.43000030517578,61.029998779296875,60.40999984741211,61.029998779296875,0,0.0,0.0,0.0
2023-08-29 10:30:00-04:00,61.060001373291016,61.290000915527344,61.04249954223633,61.290000915527344,1946,0.0,0.0,0.0
2023-08-29 11:30:00-04:00,61.46009826660156,61.46009826660156,61.39500045776367,61.439998626708984,804,0.0,0.0,0.0
2023-08-29 12:30:00-04:00,61.560001373291016,61.560001373291016,61.560001373291016,61.560001373291016,1004,0.0,0.0,0.0
2023-08-29 13:30:00-04:00,61.64500045776367,61.64500045776367,61.64500045776367,61.64500045776367,117,0.0,0.0,0.0
2023-08-29 14:30:00-04:00,61.709999084472656,61.739898681640625,61.58000183105469,61.650001525878906,1854,0.0,0.0,0.0
2023-08-29 15:30:00-04:00,61.630001068115234,61.66999816894531,61.630001068115234,61.654598236083984,0,0.0,0.0,0.0
2023-08-30 09:30:00-04:00,61.7599983215332,62.0099983215332,61.61000061035156,61.71500015258789,2047,0.0,0.0,0.0
2023-08-30 10:30:00-04:00,61.790000915527344,62.22999954223633,61.790000915527344,62.22999954223633,1665,0.0,0.0,0.0
2023-08-30 11:30:00-04:00,62.08530044555664,62.220001220703125,62.08530044555664,62.220001220703125,4350,0.0,0.0,0.0
2023-08-30 12:30:00-04:00,62.21500015258789,62.2599983215332,62.14550018310547,62.14550018310547,1454,0.0,0.0,0.0
2023-08-30 13:30:00-04:00,62.150001525878906,62.150001525878906,62.0,62.0,2201,0.0,0.0,0.0
2023-08-30 14:30:00-04:00,62.20000076293945,62.20000076293945,62.161399841308594,62.1775016784668,1402,0.0,0.0,0.0
2023-08-30 15:30:00-04:00,62.08000183105469,62.10860061645508,61.900001525878906,62.03340148925781,0,0.0,0.0,0.0
2023-08-31 09:30:00-04:00,62.08000183105469,62.439998626708984,62.060001373291016,62.439998626708984,3415,0.0,0.0,0.0
2023-08-31 10:30:00-04:00,62.439998626708984,62.459999084472656,62.310001373291016,62.310001373291016,573,0.0,0.0,0.0
2023-08-31 11:30:00-04:00,62.4375,62.4375,62.15999984741211,62.15999984741211,24130,0.0,0.0,0.0
2023-08-31 12:30:00-04:00,62.130001068115234,62.251399993896484,62.060001373291016,62.150001525878906,2503,0.0,0.0,0.0
2023-08-31 13:30:00-04:00,62.2400016784668,62.32379913330078,62.06999969482422,62.06999969482422,1978,0.0,0.0,0.0
2023-08-31 14:30:00-04:00,62.2130012512207,62.2130012512207,62.06999969482422,62.150001525878906,6960,0.0,0.0,0.0
2023-08-31 15:30:00-04:00,62.10850143432617,62.130001068115234,62.0099983215332,62.0442008972168,0,0.0,0.0,0.0
2023-09-01 09:30:00-04:00,62.70500183105469,63.04690170288086,62.70500183105469,63.0099983215332,1756,0.0,0.0,0.0
2023-09-01 10:30:00-04:00,62.915401458740234,62.915401458740234,62.915401458740234,62.915401458740234,231,0.0,0.0,0.0
2023-09-01 11:30:00-04:00,62.849998474121094,62.90999984741211,62.83000183105469,62.87099838256836,1422,0.0,0.0,0.0
2023-09-01 12:30:00-04:00,62.94049835205078,62.96820068359375,62.820098876953125,62.96820068359375,2108,0.0,0.0,0.0
2023-09-01 13:30:00-04:00,62.858001708984375,63.06999969482422,62.858001708984375,62.88999938964844,6041,0.0,0.0,0.0
2023-09-01 14:30:00-04:00,62.77000045776367,62.99290084838867,62.77000045776367,62.93939971923828,1066,0.0,0.0,0.0
2023-09-01 15:30:00-04:00,62.84450149536133,62.970001220703125,62.81999969482422,62.970001220703125,725,0.0,0.0,0.0
2023-09-05 09:30:00-04:00,62.25,62.27000045776367,61.548301696777344,61.61199951171875,0,0.0,0.0,0.0
2023-09-05 10:30:00-04:00,61.65999984741211,62.00320053100586,61.65999984741211,61.849998474121094,3969,0.0,0.0,0.0
2023-09-05 11:30:00-04:00,61.77000045776367,61.77000045776367,61.64630126953125,61.64630126953125,1109,0.0,0.0,0.0
2023-09-05 12:30:00-04:00,61.7400016784668,61.77479934692383,61.70000076293945,61.70000076293945,2755,0.0,0.0,0.0
2023-09-05 13:30:00-04:00,61.779998779296875,61.779998779296875,61.779998779296875,61.779998779296875,163,0.0,0.0,0.0
2023-09-05 14:30:00-04:00,61.69499969482422,61.69499969482422,61.52000045776367,61.59000015258789,3448,0.0,0.0,0.0
2023-09-05 15:30:00-04:00,61.63359832763672,61.63359832763672,61.38999938964844,61.38999938964844,1106,0.0,0.0,0.0
2023-09-06 09:30:00-04:00,61.470001220703125,61.81999969482422,61.310001373291016,61.349998474121094,4533,0.0,0.0,0.0
2023-09-06 10:30:00-04:00,61.400001525878906,61.400001525878906,61.150001525878906,61.195499420166016,2711,0.0,0.0,0.0
2023-09-06 11:30:00-04:00,61.23820114135742,61.23820114135742,61.132301330566406,61.132301330566406,1476,0.0,0.0,0.0
2023-09-06 13:30:00-04:00,61.05009841918945,61.1968994140625,61.05009841918945,61.141300201416016,2994,0.0,0.0,0.0
2023-09-06 14:30:00-04:00,61.27000045776367,61.27000045776367,61.13999938964844,61.1593017578125,4084,0.0,0.0,0.0
2023-09-06 15:30:00-04:00,61.19179916381836,61.2338981628418,61.16999816894531,61.20000076293945,2015,0.0,0.0,0.0
2023-09-07 09:30:00-04:00,60.68000030517578,60.68000030517578,60.060001373291016,60.060001373291016,0,0.0,0.0,0.0
2023-09-07 10:30:00-04:00,60.130001068115234,60.25,60.11989974975586,60.11989974975586,18151,0.0,0.0,0.0
2023-09-07 11:30:00-04:00,60.1416015625,60.15999984741211,60.09000015258789,60.15010070800781,1009,0.0,0.0,0.0
2023-09-07 12:30:00-04:00,60.394798278808594,60.394798278808594,60.394798278808594,60.394798278808594,662,0.0,0.0,0.0
2023-09-07 13:30:00-04:00,60.41529846191406,60.41529846191406,60.27000045776367,60.27000045776367,328,0.0,0.0,0.0
2023-09-07 14:30:00-04:00,60.330101013183594,60.478599548339844,60.31999969482422,60.31999969482422,2153,0.0,0.0,0.0
2023-09-08 09:30:00-04:00,60.70000076293945,60.70000076293945,60.119998931884766,60.18000030517578,0,0.0,0.0,0.0
2023-09-08 10:30:00-04:00,60.33150100708008,60.37049865722656,60.33150100708008,60.370201110839844,877,0.0,0.0,0.0
2023-09-08 11:30:00-04:00,60.36000061035156,60.36000061035156,60.290000915527344,60.33940124511719,631,0.0,0.0,0.0
2023-09-08 12:30:00-04:00,60.296600341796875,60.40589904785156,60.290000915527344,60.34809875488281,1834,0.0,0.0,0.0
2023-09-08 13:30:00-04:00,60.30759811401367,60.30759811401367,60.211299896240234,60.290000915527344,1487,0.0,0.0,0.0
2023-09-08 14:30:00-04:00,60.209999084472656,60.209999084472656,60.14149856567383,60.14149856567383,895,0.0,0.0,0.0
2023-09-08 15:30:00-04:00,60.14860153198242,60.18000030517578,60.119998931884766,60.18000030517578,669,0.0,0.0,0.0
2023-09-11 09:30:00-04:00,60.65999984741211,60.65999984741211,60.459999084472656,60.459999084472656,0,0.0,0.0,0.0
2023-09-11 10:30:00-04:00,60.48809814453125,60.48809814453125,60.34640121459961,60.459999084472656,845,0.0,0.0,0.0
2023-09-11 11:30:00-04:00,60.34000015258789,60.43190002441406,60.282901763916016,60.43190002441406,1324,0.0,0.0,0.0
2023-09-11 12:30:00-04:00,60.2599983215332,60.37080001831055,60.2599983215332,60.37080001831055,518,0.0,0.0,0.0
2023-09-11 13:30:00-04:00,60.380001068115234,60.43000030517578,60.380001068115234,60.43000030517578,484,0.0,0.0,0.0
2023-09-11 14:30:00-04:00,60.33639907836914,60.42020034790039,60.29990005493164,60.389198303222656,2165,0.0,0.0,0.0
2023-09-11 15:30:00-04:00,60.380001068115234,60.380001068115234,60.279998779296875,60.310001373291016,0,0.0,0.0,0.0
2023-09-12 09:30:00-04:00,60.220001220703125,60.380001068115234,60.16999816894531,60.279998779296875,5640,0.0,0.0,0.0
2023-09-12 10:30:00-04:00,60.189998626708984,60.189998626708984,60.04499816894531,60.130001068115234,3099,0.0,0.0,0.0
2023-09-12 11:30:00-04:00,60.20000076293945,60.3046989440918,60.20000076293945,60.3046989440918,781,0.0,0.0,0.0
2023-09-12 12:30:00-04:00,60.220001220703125,60.25,60.18000030517578,60.18000030517578,1381,0.0,0.0,0.0
2023-09-12 14:30:00-04:00,59.957298278808594,60.011199951171875,59.83639907836914,59.83639907836914,1455,0.0,0.0,0.0
2023-09-12 15:30:00-04:00,59.82310104370117,59.87009811401367,59.81999969482422,59.81999969482422,1736,0.0,0.0,0.0
2023-09-13 09:30:00-04:00,60.02000045776367,60.02000045776367,60.02000045776367,60.02000045776367,0,0.0,0.0,0.0
2023-09-13 10:30:00-04:00,59.923500061035156,59.923500061035156,59.923500061035156,59.923500061035156,430,0.0,0.0,0.0
2023-09-13 11:30:00-04:00,59.95000076293945,59.95000076293945,59.75,59.75,784,0.0,0.0,0.0
2023-09-13 13:30:00-04:00,59.939998626708984,60.0099983215332,59.869998931884766,59.869998931884766,1185,0.0,0.0,0.0
2023-09-13 14:30:00-04:00,59.610198974609375,59.709999084472656,59.59339904785156,59.59339904785156,791,0.0,0.0,0.0
2023-09-13 15:30:00-04:00,59.79610061645508,59.849998474121094,59.70000076293945,59.849998474121094,1192,0.0,0.0,0.0
2023-09-14 09:30:00-04:00,60.13999938964844,60.13999938964844,59.90039825439453,59.90039825439453,0,0.0,0.0,0.0
2023-09-14 10:30:00-04:00,60.3557014465332,60.3557014465332,60.25,60.25,283,0.0,0.0,0.0
2023-09-14 11:30:00-04:00,60.24610137939453,60.25,60.15999984741211,60.2400016784668,4213,0.0,0.0,0.0
2023-09-14 12:30:00-04:00,60.209999084472656,60.39500045776367,60.209999084472656,60.31119918823242,2517,0.0,0.0,0.0
2023-09-14 13:30:00-04:00,60.470001220703125,60.470001220703125,60.312599182128906,60.31700134277344,2285,0.0,0.0,0.0
2023-09-14 14:30:00-04:00,60.45000076293945,60.46009826660156,60.41790008544922,60.41790008544922,2519,0.0,0.0,0.0
2023-09-14 15:30:00-04:00,60.45000076293945,60.45000076293945,60.34000015258789,60.34000015258789,0,0.0,0.0,0.0
2023-09-15 09:30:00-04:00,60.310001373291016,60.31999969482422,59.85200119018555,59.889400482177734,7908,0.0,0.0,0.0
2023-09-15 10:30:00-04:00,59.685001373291016,59.685001373291016,59.685001373291016,59.685001373291016,615,0.0,0.0,0.0
2023-09-15 11:30:00-04:00,59.61000061035156,59.685001373291016,59.61000061035156,59.67940139770508,2222,0.0,0.0,0.0
2023-09-15 12:30:00-04:00,59.599998474121094,59.65760040283203,59.43709945678711,59.43709945678711,20885,0.0,0.0,0.0
2023-09-15 13:30:00-04:00,59.49729919433594,59.53820037841797,59.49729919433594,59.53820037841797,694,0.0,0.0,0.0
2023-09-15 14:30:00-04:00,59.5,59.560001373291016,59.5,59.560001373291016,1119,0.0,0.0,0.0
2023-09-15 15:30:00-04:00,59.584999084472656,59.650001525878906,59.49369812011719,59.650001525878906,896,0.0,0.0,0.0
2023-09-18 09:30:00-04:00,59.52000045776367,59.59600067138672,59.46009826660156,59.59600067138672,0,0.0,0.0,0.0
2023-09-18 10:30:00-04:00,59.439998626708984,59.59270095825195,59.439998626708984,59.59270095825195,2450,0.0,0.0,0.0
2023-09-18 12:30:00-04:00,59.59000015258789,59.59000015258789,59.59000015258789,59.59000015258789,1815,0.0,0.0,0.0
2023-09-18 13:30:00-04:00,59.52750015258789,59.52750015258789,59.43840026855469,59.43840026855469,2101,0.0,0.0,0.0
2023-09-18 14:30:00-04:00,59.39099884033203,59.45000076293945,59.3849983215332,59.45000076293945,2144,0.0,0.0,0.0
2023-09-18 15:30:00-04:00,59.29999923706055,59.29999923706055,59.29999923706055,59.29999923706055,171,0.0,0.0,0.0
2023-09-19 09:30:00-04:00,59.380001068115234,59.459999084472656,59.19300079345703,59.19300079345703,0,0.0,0.0,0.0
2023-09-19 10:30:00-04:00,59.074100494384766,59.074100494384766,59.034400939941406,59.034400939941406,997,0.0,0.0,0.0
2023-09-19 11:30:00-04:00,59.0099983215332,59.0099983215332,59.0,59.0099983215332,2565,0.0,0.0,0.0
2023-09-19 12:30:00-04:00,58.93000030517578,58.969398498535156,58.93000030517578,58.95000076293945,904,0.0,0.0,0.0
2023-09-19 13:30:00-04:00,59.142398834228516,59.142398834228516,59.125,59.125,1031,0.0,0.0,0.0
2023-09-19 14:30:00-04:00,59.19169998168945,59.220001220703125,59.124298095703125,59.124298095703125,2389,0.0,0.0,0.0
2023-09-19 15:30:00-04:00,59.1505012512207,59.27000045776367,59.060001373291016,59.189998626708984,3083,0.0,0.0,0.0
2023-09-20 09:30:00-04:00,59.25,59.72489929199219,59.25,59.599998474121094,0,0.0,0.0,0.0
2023-09-20 10:30:00-04:00,59.43989944458008,59.52330017089844,59.43989944458008,59.5,1174,0.0,0.0,0.0
2023-09-20 11:30:00-04:00,59.4900016784668,59.525001525878906,59.4900016784668,59.525001525878906,1036,0.0,0.0,0.0
2023-09-20 12:30:00-04:00,59.540000915527344,59.61330032348633,59.40999984741211,59.58000183105469,6837,0.0,0.0,0.0
2023-09-20 13:30:00-04:00,59.27000045776367,59.342498779296875,59.27000045776367,59.27000045776367,1815,0.0,0.0,0.0
2023-09-20 14:30:00-04:00,59.52199935913086,59.52199935913086,59.17259979248047,59.17259979248047,603,0.0,0.0,0.0
2023-09-20 15:30:00-04:00,58.97999954223633,58.97999954223633,58.599998474121094,58.599998474121094,0,0.0,0.0,0.0
2023-09-21 09:30:00-04:00,58.290000915527344,58.290000915527344,57.760101318359375,58.0099983215332,2964,0.0,0.0,0.0
2023-09-21 10:30:00-04:00,57.761199951171875,57.76559829711914,57.64509963989258,57.64659881591797,15121,0.0,0.0,0.0
2023-09-21 11:30:00-04:00,57.86000061035156,57.88999938964844,57.724998474121094,57.724998474121094,1308,0.0,0.0,0.0
2023-09-21 12:30:00-04:00,57.781700134277344,57.883399963378906,57.781700134277344,57.883399963378906,828,0.0,0.0,0.0
2023-09-21 13:30:00-04:00,57.95000076293945,57.95000076293945,57.7599983215332,57.7599983215332,2707,0.0,0.0,0.0
2023-09-21 14:30:00-04:00,57.74700164794922,57.75,57.560001373291016,57.560001373291016,3838,0.0,0.0,0.0
2023-09-21 15:30:00-04:00,57.560001373291016,57.58000183105469,57.439998626708984,57.58000183105469,0,0.0,0.0,0.0
2023-09-22 09:30:00-04:00,57.81999969482422,57.8650016784668,57.71860122680664,57.71860122680664,1620,0.0,0.0,0.0
2023-09-22 11:30:00-04:00,57.77000045776367,57.77000045776367,57.68579864501953,57.68579864501953,632,0.0,0.0,0.0
2023-09-22 12:30:00-04:00,57.7953987121582,57.91999816894531,57.75,57.81999969482422,3412,0.0,0.0,0.0
2023-09-22 13:30:00-04:00,57.67649841308594,57.75320053100586,57.56549835205078,57.56549835205078,2728,0.0,0.0,0.0
2023-09-22 14:30:00-04:00,57.582698822021484,57.582698822021484,57.529998779296875,57.529998779296875,0,0.0,0.0,0.0
2023-09-22 15:30:00-04:00,57.80759811401367,57.80759811401367,57.58409881591797,57.58409881591797,9755,0.0,0.0,0.0
2023-09-25 10:30:00-04:00,57.829498291015625,57.96799850463867,57.744998931884766,57.96799850463867,844,0.0,0.0,0.0
2023-09-25 11:30:00-04:00,58.017799377441406,58.102901458740234,58.017799377441406,58.102901458740234,613,0.0,0.0,0.0
2023-09-25 12:30:00-04:00,58.07080078125,58.07080078125,57.974998474121094,57.974998474121094,518,0.0,0.0,0.0
2023-09-25 13:30:00-04:00,58.00529861450195,58.119998931884766,58.00529861450195,58.04290008544922,2449,0.0,0.0,0.0
2023-09-25 15:30:00-04:00,58.0099983215332,58.0099983215332,57.959999084472656,57.959999084472656,0,0.0,0.0,0.0
2023-09-26 09:30:00-04:00,57.79999923706055,57.79999923706055,57.790401458740234,57.790401458740234,453,0.0,0.0,0.0
2023-09-26 10:30:00-04:00,57.81800079345703,57.81800079345703,57.689998626708984,57.75740051269531,722,0.0,0.0,0.0
2023-09-26 11:30:00-04:00,57.57529830932617,57.749900817871094,57.57529830932617,57.60940170288086,4026,0.0,0.0,0.0
2023-09-26 12:30:00-04:00,57.595001220703125,57.595001220703125,57.595001220703125,57.595001220703125,469,0.0,0.0,0.0
2023-09-26 13:30:00-04:00,57.59000015258789,57.59000015258789,57.3656005859375,57.38399887084961,1378,0.0,0.0,0.0
2023-09-26 14:30:00-04:00,57.32899856567383,57.47999954223633,57.32899856567383,57.47999954223633,2213,0.0,0.0,0.0
2023-09-26 15:30:00-04:00,57.331298828125,57.40999984741211,57.331298828125,57.40999984741211,0,0.0,0.0,0.0
2023-09-27 09:30:00-04:00,57.78450012207031,57.78450012207031,57.78450012207031,57.78450012207031,348,0.0,0.0,0.0
2023-09-27 10:30:00-04:00,57.99259948730469,57.99259948730469,57.99259948730469,57.99259948730469,202,0.0,0.0,0.0
2023-09-27 11:30:00-04:00,57.94609832763672,57.94609832763672,57.56999969482422,57.56999969482422,714,0.0,0.0,0.0
2023-09-27 12:30:00-04:00,57.6786994934082,57.6786994934082,57.540000915527344,57.540000915527344,694,0.0,0.0,0.0
2023-09-27 13:30:00-04:00,57.65999984741211,57.83000183105469,57.65999984741211,57.83000183105469,2691,0.0,0.0,0.0
2023-09-27 14:30:00-04:00,58.209999084472656,58.32500076293945,58.209999084472656,58.32500076293945,2396,0.0,0.0,0.0
2023-09-27 15:30:00-04:00,58.18000030517578,58.18000030517578,58.029998779296875,58.05500030517578,2563,0.0,0.0,0.0
2023-09-28 09:30:00-04:00,58.25,58.57500076293945,57.95000076293945,58.440101623535156,1971,0.0,0.0,0.0
2023-09-28 10:30:00-04:00,58.34000015258789,58.34000015258789,58.34000015258789,58.34000015258789,1131,0.0,0.0,0.0
2023-09-28 11:30:00-04:00,58.91999816894531,58.91999816894531,58.91999816894531,58.91999816894531,528,0.0,0.0,0.0
2023-09-28 12:30:00-04:00,59.17380142211914,59.17380142211914,59.029998779296875,59.029998779296875,668,0.0,0.0,0.0
2023-09-28 14:30:00-04:00,58.959999084472656,58.959999084472656,58.959999084472656,58.959999084472656,306,0.0,0.0,0.0
2023-09-28 15:30:00-04:00,58.980098724365234,58.980098724365234,58.7599983215332,58.88999938964844,0,0.0,0.0,0.0
2023-09-29 09:30:00-04:00,59.34000015258789,59.54999923706055,59.040000915527344,59.040000915527344,1232,0.0,0.0,0.0
2023-09-29 10:30:00-04:00,59.040000915527344,59.040000915527344,59.040000915527344,59.040000915527344,241,0.0,0.0,0.0
2023-09-29 11:30:00-04:00,59.10499954223633,59.10499954223633,58.93629837036133,58.959999084472656,941,0.0,0.0,0.0
2023-09-29 12:30:00-04:00,58.93000030517578,58.971500396728516,58.87739944458008,58.87739944458008,546,0.0,0.0,0.0
2023-09-29 13:30:00-04:00,58.74620056152344,58.74620056152344,58.545101165771484,58.5994987487793,3211,0.0,0.0,0.0
2023-09-29 14:30:00-04:00,58.54499816894531,58.54499816894531,58.54499816894531,58.54499816894531,426,0.0,0.0,0.0
2023-09-29 15:30:00-04:00,58.70000076293945,58.70000076293945,58.439998626708984,58.439998626708984,641,0.0,0.0,0.0
2023-10-02 09:30:00-04:00,58.162601470947266,58.279998779296875,58.162601470947266,58.279998779296875,0,0.0,0.0,0.0
2023-10-02 10:30:00-04:00,58.09000015258789,58.22359848022461,58.09000015258789,58.154998779296875,13766,0.0,0.0,0.0
2023-10-02 11:30:00-04:00,58.16270065307617,58.16270065307617,57.97919845581055,57.97919845581055,1337,0.0,0.0,0.0
2023-10-02 12:30:00-04:00,57.900001525878906,57.900001525878906,57.77000045776367,57.83000183105469,1464,0.0,0.0,0.0
2023-10-02 13:30:00-04:00,57.83000183105469,57.95000076293945,57.77000045776367,57.849998474121094,6057,0.0,0.0,0.0
2023-10-02 14:30:00-04:00,57.7400016784668,57.84159851074219,57.66999816894531,57.75,4752,0.0,0.0,0.0
2023-10-02 15:30:00-04:00,57.7599983215332,58.08000183105469,57.7599983215332,57.939998626708984,0,0.0,0.0,0.0
2023-10-03 09:30:00-04:00,57.9900016784668,58.0,57.7400016784668,57.7400016784668,726,0.0,0.0,0.0
2023-10-03 10:30:00-04:00,57.6349983215332,57.6349983215332,57.40409851074219,57.47999954223633,1075,0.0,0.0,0.0
2023-10-03 11:30:00-04:00,57.400001525878906,57.59000015258789,57.257598876953125,57.540000915527344,1897,0.0,0.0,0.0
2023-10-03 12:30:00-04:00,57.599998474121094,57.599998474121094,57.439998626708984,57.439998626708984,1147,0.0,0.0,0.0
2023-10-03 13:30:00-04:00,57.380001068115234,57.380001068115234,57.10609817504883,57.1349983215332,3193,0.0,0.0,0.0
2023-10-03 14:30:00-04:00,57.269901275634766,57.40999984741211,57.15650177001953,57.17060089111328,2771,0.0,0.0,0.0
2023-10-03 15:30:00-04:00,57.27989959716797,57.27989959716797,57.20000076293945,57.20000076293945,166,0.0,0.0,0.0
2023-10-04 09:30:00-04:00,57.41999816894531,57.47999954223633,56.93000030517578,57.04159927368164,72355,0.0,0.0,0.0
2023-10-04 10:30:00-04:00,57.189998626708984,57.290000915527344,57.01250076293945,57.290000915527344,722,0.0,0.0,0.0
2023-10-04 11:30:00-04:00,57.439998626708984,57.439998626708984,57.439998626708984,57.439998626708984,219,0.0,0.0,0.0
2023-10-04 13:30:00-04:00,57.579200744628906,57.579200744628906,57.48759841918945,57.48759841918945,2157,0.0,0.0,0.0
2023-10-04 14:30:00-04:00,57.459598541259766,57.65999984741211,57.459598541259766,57.65999984741211,1269,0.0,0.0,0.0
2023-10-04 15:30:00-04:00,57.81999969482422,57.91999816894531,57.81999969482422,57.91999816894531,1693,0.0,0.0,0.0
2023-10-05 09:30:00-04:00,57.709999084472656,57.83000183105469,57.69820022583008,57.83000183105469,0,0.0,0.0,0.0
2023-10-05 10:30:00-04:00,57.709999084472656,57.709999084472656,57.31010055541992,57.31010055541992,2503,0.0,0.0,0.0
2023-10-05 11:30:00-04:00,57.4536018371582,57.4536018371582,57.4536018371582,57.4536018371582,326,0.0,0.0,0.0
2023-10-05 12:30:00-04:00,57.46220016479492,57.46220016479492,57.3473014831543,57.42839813232422,920,0.0,0.0,0.0
2023-10-05 13:30:00-04:00,57.42940139770508,57.689998626708984,57.42940139770508,57.689998626708984,3238,0.0,0.0,0.0
2023-10-05 14:30:00-04:00,57.81990051269531,57.81999969482422,57.739498138427734,57.745201110839844,2726,0.0,0.0,0.0
2023-10-05 15:30:00-04:00,57.74829864501953,57.790000915527344,57.619998931884766,57.619998931884766,0,0.0,0.0,0.0
2023-10-06 09:30:00-04:00,57.130001068115234,57.540000915527344,57.130001068115234,57.38589859008789,1774,0.0,0.0,0.0
2023-10-06 10:30:00-04:00,57.619998931884766,57.619998931884766,57.59000015258789,57.59000015258789,783,0.0,0.0,0.0
2023-10-06 11:30:00-04:00,57.98099899291992,58.45069885253906,57.98099899291992,58.45069885253906,1225,0.0,0.0,0.0
2023-10-06 12:30:00-04:00,58.34400177001953,58.34400177001953,58.34400177001953,58.34400177001953,311,0.0,0.0,0.0
2023-10-06 13:30:00-04:00,58.38029861450195,58.38029861450195,58.244998931884766,58.319801330566406,1617,0.0,0.0,0.0
2023-10-06 14:30:00-04:00,58.470001220703125,58.470001220703125,58.3297004699707,58.342201232910156,3282,0.0,0.0,0.0
2023-10-06 15:30:00-04:00,58.3213996887207,58.3213996887207,58.099998474121094,58.099998474121094,492,0.0,0.0,0.0
2023-10-09 09:30:00-04:00,57.81999969482422,57.81999969482422,57.81999969482422,57.81999969482422,0,0.0,0.0,0.0
2023-10-09 10:30:00-04:00,57.97919845581055,58.1150016784668,57.97919845581055,58.1150016784668,547,0.0,0.0,0.0
2023-10-09 11:30:00-04:00,58.290000915527344,58.290000915527344,58.2223014831543,58.2223014831543,3300,0.0,0.0,0.0
2023-10-09 12:30:00-04:00,58.25,58.25,58.25,58.25,285,0.0,0.0,0.0
2023-10-09 13:30:00-04:00,58.605499267578125,58.6239013671875,58.605499267578125,58.6239013671875,330,0.0,0.0,0.0
2023-10-09 14:30:00-04:00,58.67599868774414,58.67599868774414,58.67599868774414,58.67599868774414,255,0.0,0.0,0.0
2023-10-09 15:30:00-04:00,58.63999938964844,58.650001525878906,58.63999938964844,58.650001525878906,0,0.0,0.0,0.0
2023-10-10 09:30:00-04:00,58.959999084472656,59.08000183105469,58.959999084472656,59.060001373291016,996,0.0,0.0,0.0
2023-10-10 10:30:00-04:00,59.599998474121094,59.599998474121094,59.551998138427734,59.556800842285156,757,0.0,0.0,0.0
2023-10-10 11:30:00-04:00,59.660099029541016,59.717098236083984,59.660099029541016,59.717098236083984,1272,0.0,0.0,0.0
2023-10-10 13:30:00-04:00,59.56850051879883,59.65660095214844,59.56850051879883,59.65660095214844,407,0.0,0.0,0.0
2023-10-10 14:30:00-04:00,59.53160095214844,59.58549880981445,59.4900016784668,59.53499984741211,1711,0.0,0.0,0.0
2023-10-10 15:30:00-04:00,59.529998779296875,59.529998779296875,59.349998474121094,59.432701110839844,282,0.0,0.0,0.0
2023-10-11 09:30:00-04:00,59.70000076293945,59.75,59.58000183105469,59.58000183105469,42007,0.0,0.0,0.0
2023-10-11 10:30:00-04:00,59.213401794433594,59.23160171508789,59.07500076293945,59.16999816894531,1198,0.0,0.0,0.0
2023-10-11 11:30:00-04:00,59.209999084472656,59.209999084472656,58.93230056762695,58.93230056762695,1636,0.0,0.0,0.0
2023-10-11 12:30:00-04:00,59.0,59.0099983215332,58.868900299072266,58.927101135253906,897,0.0,0.0,0.0
2023-10-11 13:30:00-04:00,58.8911018371582,59.060001373291016,58.87310028076172,59.060001373291016,1800,0.0,0.0,0.0
2023-10-11 14:30:00-04:00,59.18000030517578,59.24100112915039,59.18000030517578,59.24100112915039,967,0.0,0.0,0.0
2023-10-11 15:30:00-04:00,59.2400016784668,59.470001220703125,59.235599517822266,59.470001220703125,0,0.0,0.0,0.0
2023-10-12 09:30:00-04:00,59.34000015258789,59.34000015258789,58.91999816894531,58.91999816894531,678,0.0,0.0,0.0
2023-10-12 10:30:00-04:00,58.79999923706055,58.79999923706055,58.75469970703125,58.75469970703125,802,0.0,0.0,0.0
2023-10-12 11:30:00-04:00,58.6870002746582,58.6870002746582,58.57849884033203,58.57849884033203,2630,0.0,0.0,0.0
2023-10-12 12:30:00-04:00,58.57059860229492,58.57059860229492,58.06999969482422,58.06999969482422,855,0.0,0.0,0.0
2023-10-12 13:30:00-04:00,57.88710021972656,57.940399169921875,57.88710021972656,57.940399169921875,1945,0.0,0.0,0.0
2023-10-12 14:30:00-04:00,57.83290100097656,58.02619934082031,57.83290100097656,57.939998626708984,2643,0.0,0.0,0.0
2023-10-12 15:30:00-04:00,57.88330078125,57.91170120239258,57.790000915527344,57.790000915527344,0,0.0,0.0,0.0
2023-10-13 09:30:00-04:00,57.970001220703125,57.97990036010742,57.928001403808594,57.970001220703125,2537,0.0,0.0,0.0
2023-10-13 11:30:00-04:00,57.55590057373047,57.55590057373047,57.46440124511719,57.46440124511719,1107,0.0,0.0,0.0
2023-10-13 12:30:00-04:00,57.45949935913086,57.45949935913086,57.310001373291016,57.310001373291016,861,0.0,0.0,0.0
2023-10-13 13:30:00-04:00,57.424198150634766,57.424198150634766,57.424198150634766,57.424198150634766,241,0.0,0.0,0.0
2023-10-13 14:30:00-04:00,57.470001220703125,57.470001220703125,57.470001220703125,57.470001220703125,1050,0.0,0.0,0.0
2023-10-13 15:30:00-04:00,57.34159851074219,57.45000076293945,57.29999923706055,57.45000076293945,1599,0.0,0.0,0.0
2023-10-16 09:30:00-04:00,57.81999969482422,58.18000030517578,57.81999969482422,58.18000030517578,0,0.0,0.0,0.0
2023-10-16 10:30:00-04:00,58.14469909667969,58.349998474121094,58.14469909667969,58.349998474121094,679,0.0,0.0,0.0
2023-10-16 11:30:00-04:00,58.091800689697266,58.34000015258789,58.091800689697266,58.34000015258789,20946,0.0,0.0,0.0
2023-10-16 12:30:00-04:00,58.26190185546875,58.26190185546875,58.19990158081055,58.25,1750,0.0,0.0,0.0
2023-10-16 13:30:00-04:00,58.217498779296875,58.27289962768555,58.217498779296875,58.27289962768555,651,0.0,0.0,0.0
2023-10-16 14:30:00-04:00,58.29999923706055,58.3297004699707,58.29999923706055,58.3297004699707,374,0.0,0.0,0.0
2023-10-16 15:30:00-04:00,58.313899993896484,58.313899993896484,58.15999984741211,58.25,695,0.0,0.0,0.0
2023-10-17 09:30:00-04:00,57.93000030517578,58.38999938964844,57.93000030517578,58.380001068115234,0,0.0,0.0,0.0
2023-10-17 10:30:00-04:00,58.7411003112793,58.7411003112793,58.7411003112793,58.7411003112793,325,0.0,0.0,0.0
2023-10-17 11:30:00-04:00,58.995399475097656,59.08689880371094,58.995399475097656,59.08689880371094,1696,0.0,0.0,0.0
2023-10-17 12:30:00-04:00,58.987701416015625,58.987701416015625,58.938499450683594,58.938499450683594,1553,0.0,0.0,0.0
2023-10-17 13:30:00-04:00,58.90999984741211,58.90999984741211,58.90999984741211,58.90999984741211,447,0.0,0.0,0.0
2023-10-17 14:30:00-04:00,58.84000015258789,58.928001403808594,58.77130126953125,58.900001525878906,1193,0.0,0.0,0.0
2023-10-17 15:30:00-04:00,58.82500076293945,58.82500076293945,58.698001861572266,58.712501525878906,2401,0.0,0.0,0.0
2023-10-18 09:30:00-04:00,58.189998626708984,58.189998626708984,57.86000061035156,57.970001220703125,0,0.0,0.0,0.0
2023-10-18 10:30:00-04:00,57.83000183105469,57.83000183105469,57.709999084472656,57.709999084472656,261,0.0,0.0,0.0
2023-10-18 11:30:00-04:00,57.78990173339844,57.78990173339844,57.78990173339844,57.78990173339844,370,0.0,0.0,0.0
2023-10-18 12:30:00-04:00,57.63999938964844,57.88999938964844,57.63999938964844,57.87120056152344,1272,0.0,0.0,0.0
2023-10-18 13:30:00-04:00,57.63079833984375,57.918800354003906,57.63079833984375,57.74549865722656,1023,0.0,0.0,0.0
2023-10-18 14:30:00-04:00,57.736698150634766,57.736698150634766,57.45009994506836,57.45009994506836,3075,0.0,0.0,0.0
2023-10-18 15:30:00-04:00,57.40010070800781,57.5,57.3400993347168,57.380001068115234,1471,0.0,0.0,0.0
2023-10-19 09:30:00-04:00,57.369998931884766,57.75,57.068199157714844,57.220001220703125,0,0.0,0.0,0.0
2023-10-19 10:30:00-04:00,57.08000183105469,57.08000183105469,56.95000076293945,56.95000076293945,945,0.0,0.0,0.0
2023-10-19 11:30:00-04:00,57.099998474121094,57.38999938964844,57.02000045776367,57.36000061035156,1469,0.0,0.0,0.0
2023-10-19 12:30:00-04:00,56.93000030517578,57.40999984741211,56.93000030517578,57.290000915527344,1574,0.0,0.0,0.0
2023-10-19 13:30:00-04:00,57.029998779296875,57.029998779296875,56.72999954223633,56.7781982421875,2081,0.0,0.0,0.0
2023-10-19 14:30:00-04:00,56.599998474121094,56.599998474121094,56.40999984741211,56.4900016784668,1675,0.0,0.0,0.0
2023-10-19 15:30:00-04:00,56.185001373291016,56.290000915527344,56.185001373291016,56.209999084472656,0,0.0,0.0,0.0
2023-10-20 09:30:00-04:00,56.095699310302734,56.150001525878906,55.91999816894531,55.91999816894531,2152,0.0,0.0,0.0
2023-10-20 10:30:00-04:00,55.65999984741211,55.65999984741211,55.65999984741211,55.65999984741211,214,0.0,0.0,0.0
2023-10-20 12:30:00-04:00,55.84659957885742,55.93090057373047,55.82929992675781,55.93090057373047,915,0.0,0.0,0.0
2023-10-20 13:30:00-04:00,55.84370040893555,55.84370040893555,55.7599983215332,55.7599983215332,300,0.0,0.0,0.0
2023-10-20 14:30:00-04:00,55.77000045776367,55.77000045776367,55.63999938964844,55.63999938964844,3062,0.0,0.0,0.0
2023-10-20 15:30:00-04:00,55.564998626708984,55.564998626708984,55.369998931884766,55.369998931884766,588,0.0,0.0,0.0
2023-10-23 09:30:00-04:00,55.48849868774414,55.689998626708984,55.48849868774414,55.58409881591797,0,0.0,0.0,0.0
2023-10-23 10:30:00-04:00,55.59049987792969,55.720001220703125,55.45000076293945,55.720001220703125,985,0.0,0.0,0.0
2023-10-23 11:30:00-04:00,55.709999084472656,55.739898681640625,55.50849914550781,55.53269958496094,1877,0.0,0.0,0.0
2023-10-23 12:30:00-04:00,55.650001525878906,55.810001373291016,55.62369918823242,55.779998779296875,569,0.0,0.0,0.0
2023-10-23 13:30:00-04:00,55.66999816894531,55.720001220703125,55.435001373291016,55.435001373291016,808,0.0,0.0,0.0
2023-10-23 14:30:00-04:00,55.54999923706055,55.61000061035156,55.0,55.0,0,0.0,0.0,0.0
2023-10-24 09:30:00-04:00,55.779998779296875,56.09000015258789,55.779998779296875,56.08000183105469,7373,0.0,0.0,0.0
2023-10-24 10:30:00-04:00,56.08000183105469,56.18000030517578,55.84000015258789,55.84000015258789,5027,0.0,0.0,0.0
2023-10-24 11:30:00-04:00,55.779998779296875,55.84000015258789,55.47999954223633,55.47999954223633,4502,0.0,0.0,0.0
2023-10-24 12:30:00-04:00,55.51499938964844,55.689998626708984,55.41999816894531,55.625,3162,0.0,0.0,0.0
2023-10-24 13:30:00-04:00,55.689998626708984,55.77000045776367,55.6161994934082,55.7599983215332,4386,0.0,0.0,0.0
2023-10-24 14:30:00-04:00,55.70000076293945,55.93000030517578,55.70000076293945,55.93000030517578,4804,0.0,0.0,0.0
2023-10-24 15:30:00-04:00,55.95000076293945,55.95000076293945,55.70000076293945,55.70000076293945,0,0.0,0.0,0.0
2023-10-25 09:30:00-04:00,55.0885009765625,55.0885009765625,54.78260040283203,54.790000915527344,2442,0.0,0.0,0.0
2023-10-25 10:30:00-04:00,54.79999923706055,55.150001525878906,54.79999923706055,55.13359832763672,1528,0.0,0.0,0.0
2023-10-25 11:30:00-04:00,55.06999969482422,55.06999969482422,54.95669937133789,54.95669937133789,1535,0.0,0.0,0.0
2023-10-25 12:30:00-04:00,54.97999954223633,54.99020004272461,54.75,54.75,2320,0.0,0.0,0.0
2023-10-25 13:30:00-04:00,54.63750076293945,54.760101318359375,54.63750076293945,54.760101318359375,720,0.0,0.0,0.0
2023-10-25 14:30:00-04:00,54.611900329589844,54.611900329589844,54.588600158691406,54.588600158691406,642,0.0,0.0,0.0
2023-10-25 15:30:00-04:00,54.650001525878906,54.65359878540039,54.59000015258789,54.65359878540039,0,0.0,0.0,0.0
2023-10-26 09:30:00-04:00,54.959999084472656,54.970001220703125,54.7599983215332,54.970001220703125,1899,0.0,0.0,0.0
2023-10-26 10:30:00-04:00,54.95000076293945,55.18000030517578,54.75270080566406,55.0099983215332,11861,0.0,0.0,0.0
2023-10-26 11:30:00-04:00,54.939998626708984,54.939998626708984,54.720001220703125,54.720001220703125,957,0.0,0.0,0.0
2023-10-26 12:30:00-04:00,54.36000061035156,54.599998474121094,54.36000061035156,54.479801177978516,2970,0.0,0.0,0.0
2023-10-26 13:30:00-04:00,54.38999938964844,54.66999816894531,54.38759994506836,54.61000061035156,9011,0.0,0.0,0.0
2023-10-26 14:30:00-04:00,54.75,54.95000076293945,54.75,54.76599884033203,1067,0.0,0.0,0.0
2023-10-26 15:30:00-04:00,54.738399505615234,54.738399505615234,54.5,54.5,0,0.0,0.0,0.0
2023-10-27 09:30:00-04:00,54.31850051879883,54.40999984741211,54.18000030517578,54.40999984741211,2674,0.0,0.0,0.0
2023-10-27 10:30:00-04:00,54.40999984741211,54.5,54.29999923706055,54.5,1852,0.0,0.0,0.0
2023-10-27 11:30:00-04:00,54.493900299072266,54.493900299072266,54.493900299072266,54.493900299072266,247,0.0,0.0,0.0
2023-10-27 12:30:00-04:00,54.349998474121094,54.40999984741211,54.290000915527344,54.290000915527344,1543,0.0,0.0,0.0
2023-10-27 13:30:00-04:00,54.21500015258789,54.21500015258789,54.040000915527344,54.18000030517578,910,0.0,0.0,0.0
2023-10-27 14:30:00-04:00,54.17070007324219,54.17070007324219,54.04999923706055,54.060001373291016,2503,0.0,0.0,0.0
2023-10-27 15:30:00-04:00,54.11000061035156,54.25,54.02000045776367,54.25,18493,0.0,0.0,0.0
2023-10-30 09:30:00-04:00,54.5099983215332,54.5099983215332,54.06230163574219,54.06230163574219,0,0.0,0.0,0.0
2023-10-30 10:30:00-04:00,54.04499816894531,54.22370147705078,54.028499603271484,54.22370147705078,1964,0.0,0.0,0.0
2023-10-30 11:30:00-04:00,54.32500076293945,54.34939956665039,54.279998779296875,54.34939956665039,2096,0.0,0.0,0.0
2023-10-30 12:30:00-04:00,54.34560012817383,54.41939926147461,54.23379898071289,54.41939926147461,2572,0.0,0.0,0.0
2023-10-30 13:30:00-04:00,54.50979995727539,54.53730010986328,54.459999084472656,54.459999084472656,2538,0.0,0.0,0.0
2023-10-30 14:30:00-04:00,54.437198638916016,54.53730010986328,54.25,54.25,0,0.0,0.0,0.0
2023-10-31 09:30:00-04:00,54.689998626708984,54.900001525878906,54.52560043334961,54.900001525878906,7222,0.0,0.0,0.0
2023-10-31 10:30:00-04:00,54.883399963378906,54.883399963378906,54.883399963378906,54.883399963378906,374,0.0,0.0,0.0
2023-10-31 11:30:00-04:00,55.01430130004883,55.01430130004883,54.875701904296875,54.875701904296875,918,0.0,0.0,0.0
2023-10-31 12:30:00-04:00,54.81999969482422,54.98440170288086,54.81999969482422,54.96670150756836,2826,0.0,0.0,0.0
2023-10-31 13:30:00-04:00,55.09000015258789,55.130001068115234,55.09000015258789,55.130001068115234,6384,0.0,0.0,0.0
2023-10-31 14:30:00-04:00,54.917701721191406,55.02989959716797,54.917701721191406,55.02000045776367,6721,0.0,0.0,0.0
2023-10-31 15:30:00-04:00,55.000701904296875,55.000701904296875,54.92900085449219,54.92900085449219,4332,0.0,0.0,0.0
2023-11-01 09:30:00-04:00,54.81999969482422,54.81999969482422,54.670101165771484,54.7400016784668,0,0.0,0.0,0.0
2023-11-01 10:30:00-04:00,54.790000915527344,55.04999923706055,54.790000915527344,54.89739990234375,2032,0.0,0.0,0.0
2023-11-01 11:30:00-04:00,54.90250015258789,54.939998626708984,54.88999938964844,54.88999938964844,2324,0.0,0.0,0.0
2023-11-01 12:30:00-04:00,54.790000915527344,54.79999923706055,54.7599983215332,54.7599983215332,2970,0.0,0.0,0.0
2023-11-01 13:30:00-04:00,54.721500396728516,54.721500396728516,54.59000015258789,54.659698486328125,0,0.0,0.0,0.0
2023-11-01 14:30:00-04:00,54.74800109863281,55.098201751708984,54.61000061035156,55.098201751708984,13751,0.0,0.0,0.0
2023-11-01 15:30:00-04:00,55.21289825439453,55.38990020751953,55.18130111694336,55.2599983215332,0,0.0,0.0,0.0
2023-11-02 09:30:00-04:00,56.310001373291016,56.310001373291016,55.869998931884766,55.869998931884766,762,0.0,0.0,0.0
2023-11-02 10:30:00-04:00,55.88999938964844,56.095001220703125,55.88999938964844,55.98500061035156,5177,0.0,0.0,0.0
2023-11-02 11:30:00-04:00,56.054500579833984,56.054500579833984,55.8130989074707,55.8130989074707,984,0.0,0.0,0.0
2023-11-02 12:30:00-04:00,55.900001525878906,55.900001525878906,55.74700164794922,55.900001525878906,496,0.0,0.0,0.0
2023-11-02 13:30:00-04:00,56.029998779296875,56.09870147705078,55.974700927734375,56.042999267578125,2963,0.0,0.0,0.0
2023-11-02 14:30:00-04:00,56.16999816894531,56.16999816894531,56.16999816894531,56.16999816894531,350,0.0,0.0,0.0
2023-11-02 15:30:00-04:00,56.150001525878906,56.18000030517578,56.130001068115234,56.130001068115234,0,0.0,0.0,0.0
2023-11-03 09:30:00-04:00,56.79999923706055,57.60369873046875,56.79999923706055,57.4900016784668,5848,0.0,0.0,0.0
2023-11-03 10:30:00-04:00,57.32939910888672,57.41999816894531,57.27000045776367,57.41999816894531,8676,0.0,0.0,0.0
2023-11-03 11:30:00-04:00,57.43600082397461,57.65999984741211,57.43600082397461,57.57870101928711,1824,0.0,0.0,0.0
2023-11-03 12:30:00-04:00,57.679500579833984,57.738800048828125,57.65039825439453,57.65039825439453,677,0.0,0.0,0.0
2023-11-03 13:30:00-04:00,57.609500885009766,57.70000076293945,57.609500885009766,57.61000061035156,2716,0.0,0.0,0.0
2023-11-03 14:30:00-04:00,57.80509948730469,57.87990188598633,57.690101623535156,57.87990188598633,2525,0.0,0.0,0.0
2023-11-03 15:30:00-04:00,57.6349983215332,57.6349983215332,57.56760025024414,57.56760025024414,316,0.0,0.0,0.0
2023-11-06 09:30:00-05:00,57.9900016784668,57.9900016784668,57.9900016784668,57.9900016784668,0,0.0,0.0,0.0
2023-11-06 10:30:00-05:00,57.15439987182617,57.18600082397461,57.119998931884766,57.18600082397461,1635,0.0,0.0,0.0
2023-11-06 11:30:00-05:00,57.084999084472656,57.20000076293945,57.04439926147461,57.20000076293945,628,0.0,0.0,0.0
2023-11-06 12:30:00-05:00,57.0099983215332,57.0099983215332,56.76900100708008,56.76900100708008,1217,0.0,0.0,0.0
2023-11-06 13:30:00-05:00,56.95750045776367,56.95750045776367,56.762298583984375,56.762298583984375,716,0.0,0.0,0.0
2023-11-06 14:30:00-05:00,56.89310073852539,56.89310073852539,56.89310073852539,56.89310073852539,381,0.0,0.0,0.0
2023-11-06 15:30:00-05:00,56.8916015625,56.97999954223633,56.8916015625,56.90999984741211,0,0.0,0.0,0.0
2023-11-07 09:30:00-05:00,56.7599983215332,56.7599983215332,56.7599983215332,56.7599983215332,283,0.0,0.0,0.0
2023-11-07 10:30:00-05:00,56.93280029296875,56.93280029296875,56.77920150756836,56.77920150756836,1124,0.0,0.0,0.0
2023-11-07 11:30:00-05:00,56.82830047607422,56.82830047607422,56.7848014831543,56.79499816894531,1146,0.0,0.0,0.0
2023-11-07 12:30:00-05:00,56.845298767089844,56.86000061035156,56.845298767089844,56.86000061035156,1408,0.0,0.0,0.0
2023-11-07 13:30:00-05:00,56.78499984741211,56.865699768066406,56.78499984741211,56.865699768066406,357,0.0,0.0,0.0
2023-11-07 14:30:00-05:00,56.79010009765625,56.82550048828125,56.79010009765625,56.82550048828125,446,0.0,0.0,0.0
2023-11-07 15:30:00-05:00,56.81999969482422,56.970001220703125,56.75,56.75,1142,0.0,0.0,0.0
2023-11-08 09:30:00-05:00,56.849998474121094,56.86000061035156,56.849998474121094,56.86000061035156,0,0.0,0.0,0.0
2023-11-08 10:30:00-05:00,56.56290054321289,56.57469940185547,56.31999969482422,56.332698822021484,1839,0.0,0.0,0.0
2023-11-08 11:30:00-05:00,56.39039993286133,56.39039993286133,56.1349983215332,56.150001525878906,856,0.0,0.0,0.0
2023-11-08 12:30:00-05:00,56.22420120239258,56.22999954223633,56.1781005859375,56.1781005859375,1222,0.0,0.0,0.0
2023-11-08 13:30:00-05:00,56.22549819946289,56.22549819946289,56.22549819946289,56.22549819946289,362,0.0,0.0,0.0
2023-11-08 14:30:00-05:00,56.29999923706055,56.400001525878906,56.25,56.25,2480,0.0,0.0,0.0
2023-11-08 15:30:00-05:00,56.31999969482422,56.31999969482422,56.220001220703125,56.220001220703125,777,0.0,0.0,0.0
2023-11-09 09:30:00-05:00,56.34000015258789,56.34000015258789,56.22999954223633,56.22999954223633,0,0.0,0.0,0.0
2023-11-09 10:30:00-05:00,56.292301177978516,56.448299407958984,56.28459930419922,56.34709930419922,1332,0.0,0.0,0.0
2023-11-09 11:30:00-05:00,56.40999984741211,56.45790100097656,56.40999984741211,56.45790100097656,376,0.0,0.0,0.0
2023-11-09 12:30:00-05:00,56.41889953613281,56.41889953613281,56.08000183105469,56.3026008605957,2650,0.0,0.0,0.0
2023-11-09 13:30:00-05:00,55.900001525878906,55.900001525878906,55.900001525878906,55.900001525878906,1025,0.0,0.0,0.0
2023-11-09 14:30:00-05:00,55.875,55.875,55.68000030517578,55.68000030517578,2408,0.0,0.0,0.0
2023-11-09 15:30:00-05:00,55.62950134277344,55.62950134277344,55.58000183105469,55.58000183105469,0,0.0,0.0,0.0
2023-11-10 09:30:00-05:00,55.99980163574219,55.99980163574219,55.99980163574219,55.99980163574219,294,0.0,0.0,0.0
2023-11-10 10:30:00-05:00,55.793800354003906,55.87649917602539,55.793800354003906,55.79890060424805,659,0.0,0.0,0.0
2023-11-10 11:30:00-05:00,56.040000915527344,56.089900970458984,55.83000183105469,56.089900970458984,4555,0.0,0.0,0.0
2023-11-10 13:30:00-05:00,56.412601470947266,56.489898681640625,56.412601470947266,56.489898681640625,361,0.0,0.0,0.0
2023-11-10 14:30:00-05:00,56.58000183105469,56.61000061035156,56.54999923706055,56.57929992675781,2335,0.0,0.0,0.0
2023-11-10 15:30:00-05:00,56.584999084472656,56.65999984741211,56.584999084472656,56.65999984741211,779,0.0,0.0,0.0
2023-11-13 09:30:00-05:00,56.5099983215332,56.5099983215332,56.220298767089844,56.33000183105469,0,0.0,0.0,0.0
2023-11-13 10:30:00-05:00,56.38999938964844,56.47090148925781,56.38999938964844,56.47090148925781,727,0.0,0.0,0.0
2023-11-13 11:30:00-05:00,56.619998931884766,56.68159866333008,56.56999969482422,56.56999969482422,1798,0.0,0.0,0.0
2023-11-13 12:30:00-05:00,56.7400016784668,56.7400016784668,56.651798248291016,56.661800384521484,588,0.0,0.0,0.0
2023-11-13 13:30:00-05:00,56.62710189819336,56.72999954223633,56.62710189819336,56.66999816894531,2196,0.0,0.0,0.0
2023-11-13 14:30:00-05:00,56.77000045776367,56.77000045776367,56.682098388671875,56.682098388671875,1059,0.0,0.0,0.0
2023-11-13 15:30:00-05:00,56.720001220703125,56.720001220703125,56.560001373291016,56.560001373291016,0,0.0,0.0,0.0
2023-11-14 09:30:00-05:00,57.779998779296875,58.63999938964844,57.779998779296875,58.63999938964844,1664,0.0,0.0,0.0
2023-11-14 10:30:00-05:00,58.86989974975586,58.9900016784668,58.86989974975586,58.9286994934082,1810,0.0,0.0,0.0
2023-11-14 11:30:00-05:00,59.040000915527344,59.19990158081055,58.857200622558594,58.857200622558594,2419,0.0,0.0,0.0
2023-11-14 12:30:00-05:00,59.0098991394043,59.0098991394043,58.9734992980957,58.9734992980957,1058,0.0,0.0,0.0
2023-11-14 13:30:00-05:00,59.22999954223633,59.22999954223633,59.063201904296875,59.08340072631836,820,0.0,0.0,0.0
2023-11-14 14:30:00-05:00,59.150001525878906,59.18989944458008,59.0,59.185001373291016,2412,0.0,0.0,0.0
2023-11-14 15:30:00-05:00,59.099998474121094,59.15420150756836,59.099998474121094,59.150001525878906,534,0.0,0.0,0.0
2023-11-15 09:30:00-05:00,59.54999923706055,59.7599983215332,59.43190002441406,59.74089813232422,2144,0.0,0.0,0.0
2023-11-15 10:30:00-05:00,60.119998931884766,60.119998931884766,60.0099983215332,60.0099983215332,12722,0.0,0.0,0.0
2023-11-15 11:30:00-05:00,60.09000015258789,60.09000015258789,59.650001525878906,59.84000015258789,9103,0.0,0.0,0.0
2023-11-15 12:30:00-05:00,59.764801025390625,59.869998931884766,59.380001068115234,59.5099983215332,3094,0.0,0.0,0.0
2023-11-15 13:30:00-05:00,59.560001373291016,59.782901763916016,59.43000030517578,59.56999969482422,3545,0.0,0.0,0.0
2023-11-15 14:30:00-05:00,59.61000061035156,59.61790084838867,59.41999816894531,59.43000030517578,2577,0.0,0.0,0.0
2023-11-15 15:30:00-05:00,59.400001525878906,59.47999954223633,59.29999923706055,59.439998626708984,0,0.0,0.0,0.0
2023-11-16 09:30:00-05:00,59.306400299072266,59.349998474121094,58.81449890136719,58.81449890136719,2503,0.0,0.0,0.0
2023-11-16 10:30:00-05:00,58.8849983215332,58.8849983215332,58.650001525878906,58.7400016784668,6482,0.0,0.0,0.0
2023-11-16 11:30:00-05:00,58.711700439453125,58.790000915527344,58.55659866333008,58.724998474121094,4205,0.0,0.0,0.0
2023-11-16 12:30:00-05:00,58.58000183105469,58.58000183105469,58.58000183105469,58.58000183105469,306,0.0,0.0,0.0
2023-11-16 13:30:00-05:00,58.76219940185547,58.76219940185547,58.76219940185547,58.76219940185547,341,0.0,0.0,0.0
2023-11-16 14:30:00-05:00,58.86000061035156,58.87139892578125,58.86000061035156,58.87139892578125,505,0.0,0.0,0.0
2023-11-16 15:30:00-05:00,58.869998931884766,58.869998931884766,58.72999954223633,58.83000183105469,0,0.0,0.0,0.0
2023-11-17 09:30:00-05:00,59.064998626708984,59.22140121459961,58.980098724365234,59.22140121459961,2456,0.0,0.0,0.0
2023-11-17 10:30:00-05:00,59.130699157714844,59.303001403808594,59.130699157714844,59.20709991455078,2134,0.0,0.0,0.0
2023-11-17 11:30:00-05:00,59.029998779296875,59.290000915527344,59.029998779296875,59.290000915527344,594,0.0,0.0,0.0
2023-11-17 12:30:00-05:00,59.188899993896484,59.20000076293945,59.095699310302734,59.20000076293945,1728,0.0,0.0,0.0
2023-11-17 13:30:00-05:00,59.293701171875,59.293701171875,59.130001068115234,59.171600341796875,924,0.0,0.0,0.0
2023-11-17 14:30:00-05:00,59.269901275634766,59.269901275634766,59.18519973754883,59.25,678,0.0,0.0,0.0
2023-11-17 15:30:00-05:00,59.05149841308594,59.16999816894531,59.05149841308594,59.16999816894531,5340,0.0,0.0,0.0
2023-11-20 09:30:00-05:00,59.400001525878906,59.470001220703125,59.26129913330078,59.3385009765625,19742,0.0,0.0,0.0
2023-11-20 10:30:00-05:00,59.5099983215332,59.56999969482422,59.402801513671875,59.45429992675781,1683,0.0,0.0,0.0
2023-11-20 11:30:00-05:00,59.46699905395508,59.55929946899414,59.42729949951172,59.50210189819336,3304,0.0,0.0,0.0
2023-11-20 12:30:00-05:00,59.47090148925781,59.709999084472656,59.40999984741211,59.709999084472656,1025,0.0,0.0,0.0
2023-11-20 13:30:00-05:00,59.69150161743164,59.69150161743164,59.573699951171875,59.66999816894531,1056,0.0,0.0,0.0
2023-11-20 14:30:00-05:00,59.689998626708984,59.71030044555664,59.54999923706055,59.71030044555664,1618,0.0,0.0,0.0
2023-11-20 15:30:00-05:00,59.78960037231445,59.78960037231445,59.599998474121094,59.599998474121094,3649,0.0,0.0,0.0
2023-11-21 09:30:00-05:00,59.47999954223633,59.80730056762695,59.429500579833984,59.5099983215332,0,0.0,0.0,0.0
2023-11-21 10:30:00-05:00,59.349998474121094,59.519901275634766,59.349998474121094,59.41999816894531,854,0.0,0.0,0.0
2023-11-21 11:30:00-05:00,59.39099884033203,59.4900016784668,59.375,59.4900016784668,2351,0.0,0.0,0.0
2023-11-21 12:30:00-05:00,59.470001220703125,59.54499816894531,59.40399932861328,59.45920181274414,2358,0.0,0.0,0.0
2023-11-21 13:30:00-05:00,59.453800201416016,59.470001220703125,59.41400146484375,59.41400146484375,2617,0.0,0.0,0.0
2023-11-21 14:30:00-05:00,59.41019821166992,59.4900016784668,59.380001068115234,59.47200012207031,1940,0.0,0.0,0.0
2023-11-21 15:30:00-05:00,59.38999938964844,59.43000030517578,59.310001373291016,59.310001373291016,0,0.0,0.0,0.0
2023-11-22 09:30:00-05:00,59.97999954223633,59.97999954223633,59.650001525878906,59.6880989074707,1607,0.0,0.0,0.0
2023-11-22 10:30:00-05:00,59.869998931884766,59.87990188598633,59.68000030517578,59.68000030517578,2408,0.0,0.0,0.0
2023-11-22 11:30:00-05:00,59.74100112915039,59.93000030517578,59.73030090332031,59.93000030517578,6355,0.0,0.0,0.0
2023-11-22 12:30:00-05:00,59.779998779296875,59.82870101928711,59.740299224853516,59.762901306152344,2506,0.0,0.0,0.0
2023-11-22 13:30:00-05:00,59.760101318359375,59.790000915527344,59.711299896240234,59.790000915527344,975,0.0,0.0,0.0
2023-11-22 14:30:00-05:00,59.68000030517578,59.709999084472656,59.62260055541992,59.709999084472656,56773,0.0,0.0,0.0
2023-11-22 15:30:00-05:00,59.81999969482422,59.81999969482422,59.630001068115234,59.630001068115234,681,0.0,0.0,0.0
2023-11-24 09:30:00-05:00,59.7599983215332,59.900001525878906,59.7599983215332,59.900001525878906,0,0.0,0.0,0.0
2023-11-24 10:30:00-05:00,59.966800689697266,60.02000045776367,59.966800689697266,60.02000045776367,749,0.0,0.0,0.0
2023-11-24 11:30:00-05:00,59.950801849365234,60.060001373291016,59.85430145263672,60.060001373291016,345,0.0,0.0,0.0
2023-11-27 09:30:00-05:00,59.650001525878906,59.7598991394043,59.63999938964844,59.7598991394043,105,0.0,0.0,0.0
2023-11-27 10:30:00-05:00,59.77280044555664,59.83000183105469,59.719200134277344,59.78499984741211,4904,0.0,0.0,0.0
2023-11-27 11:30:00-05:00,59.73500061035156,59.880001068115234,59.73500061035156,59.80889892578125,1146,0.0,0.0,0.0
2023-11-27 12:30:00-05:00,59.86320114135742,59.86320114135742,59.79669952392578,59.86000061035156,6864,0.0,0.0,0.0
2023-11-27 13:30:00-05:00,59.779998779296875,59.8927001953125,59.76539993286133,59.89229965209961,5665,0.0,0.0,0.0
2023-11-27 15:30:00-05:00,59.939998626708984,59.939998626708984,59.650001525878906,59.650001525878906,0,0.0,0.0,0.0
2023-11-28 09:30:00-05:00,59.7599983215332,59.7599983215332,59.189998626708984,59.38010025024414,5860,0.0,0.0,0.0
2023-11-28 10:30:00-05:00,59.38999938964844,59.77000045776367,59.38999938964844,59.7244987487793,5737,0.0,0.0,0.0
2023-11-28 11:30:00-05:00,59.66999816894531,59.81840133666992,59.66999816894531,59.81840133666992,927,0.0,0.0,0.0
2023-11-28 12:30:00-05:00,59.4213981628418,59.4213981628418,59.1442985534668,59.1442985534668,1475,0.0,0.0,0.0
2023-11-28 13:30:00-05:00,59.23189926147461,59.23189926147461,59.220001220703125,59.22999954223633,5829,0.0,0.0,0.0
2023-11-28 14:30:00-05:00,59.18159866333008,59.31039810180664,59.18159866333008,59.2599983215332,5696,0.0,0.0,0.0
2023-11-28 15:30:00-05:00,59.18159866333008,59.24250030517578,59.13999938964844,59.2400016784668,1556,0.0,0.0,0.0
2023-11-29 09:30:00-05:00,59.4900016784668,59.9900016784668,59.4900016784668,59.7400016784668,5314,0.0,0.0,0.0
2023-11-29 10:30:00-05:00,59.68000030517578,59.68000030517578,59.383399963378906,59.383399963378906,2059,0.0,0.0,0.0
2023-11-29 11:30:00-05:00,59.540000915527344,59.63990020751953,59.459999084472656,59.63990020751953,3390,0.0,0.0,0.0
2023-11-29 12:30:00-05:00,59.54050064086914,59.54050064086914,59.54050064086914,59.54050064086914,745,0.0,0.0,0.0
2023-11-29 13:30:00-05:00,59.56890106201172,59.6327018737793,59.540000915527344,59.540000915527344,3633,0.0,0.0,0.0
2023-11-29 14:30:00-05:00,59.540000915527344,59.540000915527344,59.34000015258789,59.39870071411133,2803,0.0,0.0,0.0
2023-11-29 15:30:00-05:00,59.32360076904297,59.3474006652832,59.25,59.25,0,0.0,0.0,0.0
2023-11-30 09:30:00-05:00,59.599998474121094,59.599998474121094,59.185001373291016,59.31999969482422,4271,0.0,0.0,0.0
2023-11-30 10:30:00-05:00,59.380001068115234,59.506500244140625,59.380001068115234,59.3849983215332,2951,0.0,0.0,0.0
2023-11-30 11:30:00-05:00,59.310001373291016,59.36750030517578,59.1161994934082,59.1161994934082,1732,0.0,0.0,0.0
2023-11-30 12:30:00-05:00,59.31039810180664,59.362998962402344,59.17530059814453,59.220001220703125,2770,0.0,0.0,0.0
2023-11-30 13:30:00-05:00,59.25559997558594,59.470001220703125,59.25469970703125,59.470001220703125,1964,0.0,0.0,0.0
2023-11-30 14:30:00-05:00,59.3650016784668,59.44329833984375,59.24150085449219,59.24150085449219,1765,0.0,0.0,0.0
2023-11-30 15:30:00-05:00,59.284400939941406,59.47999954223633,59.284400939941406,59.47999954223633,1723,0.0,0.0,0.0
2023-12-01 09:30:00-05:00,59.36000061035156,59.569400787353516,59.22999954223633,59.569400787353516,0,0.0,0.0,0.0
2023-12-01 10:30:00-05:00,59.529998779296875,60.040000915527344,59.529998779296875,60.029998779296875,3028,0.0,0.0,0.0
2023-12-01 11:30:00-05:00,60.27989959716797,60.2953987121582,60.27989959716797,60.29499816894531,580,0.0,0.0,0.0
2023-12-01 12:30:00-05:00,60.689998626708984,60.689998626708984,60.51499938964844,60.51499938964844,420,0.0,0.0,0.0
2023-12-01 13:30:00-05:00,60.51559829711914,60.51559829711914,60.400699615478516,60.400699615478516,1458,0.0,0.0,0.0
2023-12-01 14:30:00-05:00,60.403099060058594,60.6150016784668,60.400001525878906,60.6150016784668,2762,0.0,0.0,0.0
2023-12-01 15:30:00-05:00,60.599998474121094,60.83000183105469,60.599998474121094,60.83000183105469,1140,0.0,0.0,0.0
2023-12-04 09:30:00-05:00,61.880001068115234,61.880001068115234,60.98550033569336,60.98550033569336,0,0.0,0.0,0.0
2023-12-04 10:30:00-05:00,60.88010025024414,61.06999969482422,60.43000030517578,60.6151008605957,4850,0.0,0.0,0.0
2023-12-04 11:30:00-05:00,60.65999984741211,60.92470169067383,60.650001525878906,60.92470169067383,4942,0.0,0.0,0.0
2023-12-04 12:30:00-05:00,60.939998626708984,61.10649871826172,60.939998626708984,60.939998626708984,3924,0.0,0.0,0.0
2023-12-04 13:30:00-05:00,60.849998474121094,60.900001525878906,60.7599983215332,60.900001525878906,846,0.0,0.0,0.0
2023-12-04 14:30:00-05:00,60.900001525878906,61.040000915527344,60.81010055541992,60.9900016784668,33376,0.0,0.0,0.0
2023-12-04 15:30:00-05:00,60.9900016784668,61.15999984741211,60.810001373291016,61.15999984741211,21996,0.0,0.0,0.0
2023-12-05 09:30:00-05:00,60.9900016784668,60.9900016784668,60.25,60.32550048828125,13357,0.0,0.0,0.0
2023-12-05 10:30:00-05:00,60.220001220703125,60.429100036621094,60.19599914550781,60.26499938964844,2810,0.0,0.0,0.0
2023-12-05 11:30:00-05:00,60.26250076293945,60.26250076293945,60.135501861572266,60.135501861572266,1168,0.0,0.0,0.0
2023-12-05 12:30:00-05:00,60.0099983215332,60.14179992675781,59.97999954223633,60.14179992675781,1129,0.0,0.0,0.0
2023-12-05 13:30:00-05:00,60.1349983215332,60.1349983215332,60.1349983215332,60.1349983215332,247,0.0,0.0,0.0
2023-12-05 14:30:00-05:00,60.2599983215332,60.2599983215332,60.125,60.23249816894531,1119,0.0,0.0,0.0
2023-12-05 15:30:00-05:00,60.1265983581543,60.16999816894531,60.0724983215332,60.150001525878906,0,0.0,0.0,0.0
2023-12-06 09:30:00-05:00,60.849998474121094,60.880001068115234,60.849998474121094,60.880001068115234,474,0.0,0.0,0.0
2023-12-06 10:30:00-05:00,60.56999969482422,60.56999969482422,60.56999969482422,60.56999969482422,299,0.0,0.0,0.0
2023-12-06 11:30:00-05:00,60.5463981628418,60.5463981628418,60.45650100708008,60.45650100708008,1499,0.0,0.0,0.0
2023-12-06 12:30:00-05:00,60.46500015258789,60.5,60.18009948730469,60.18009948730469,1386,0.0,0.0,0.0
2023-12-06 13:30:00-05:00,60.42499923706055,60.42499923706055,60.42499923706055,60.42499923706055,947,0.0,0.0,0.0
2023-12-06 14:30:00-05:00,60.279998779296875,60.279998779296875,60.0,60.0,428,0.0,0.0,0.0
2023-12-06 15:30:00-05:00,60.06589889526367,60.06589889526367,60.060001373291016,60.060001373291016,100,0.0,0.0,0.0
2023-12-07 09:30:00-05:00,60.0,60.060001373291016,60.0,60.0099983215332,0,0.0,0.0,0.0
2023-12-07 10:30:00-05:00,60.11000061035156,60.11909866333008,60.11000061035156,60.11909866333008,1333,0.0,0.0,0.0
2023-12-07 11:30:00-05:00,60.0984001159668,60.0984001159668,60.0984001159668,60.0984001159668,118,0.0,0.0,0.0
2023-12-07 12:30:00-05:00,60.08509826660156,60.15999984741211,60.08509826660156,60.15999984741211,910,0.0,0.0,0.0
2023-12-07 13:30:00-05:00,60.250099182128906,60.34709930419922,60.250099182128906,60.278499603271484,2565,0.0,0.0,0.0
2023-12-07 14:30:00-05:00,60.38999938964844,60.40999984741211,60.250099182128906,60.339900970458984,2747,0.0,0.0,0.0
2023-12-07 15:30:00-05:00,60.25,60.36000061035156,60.25,60.349998474121094,1209,0.0,0.0,0.0
2023-12-08 09:30:00-05:00,60.16999816894531,61.29999923706055,60.16999816894531,61.22999954223633,0,0.0,0.0,0.0
2023-12-08 10:30:00-05:00,61.220001220703125,61.220001220703125,60.72999954223633,60.779998779296875,2850,0.0,0.0,0.0
2023-12-08 11:30:00-05:00,60.880001068115234,60.90999984741211,60.7400016784668,60.75,2182,0.0,0.0,0.0
2023-12-08 12:30:00-05:00,60.779998779296875,60.959999084472656,60.734500885009766,60.959999084472656,2565,0.0,0.0,0.0
2023-12-08 13:30:00-05:00,60.970001220703125,61.040000915527344,60.88990020751953,61.040000915527344,2271,0.0,0.0,0.0
2023-12-08 14:30:00-05:00,61.060001373291016,61.08000183105469,60.939998626708984,61.040000915527344,4602,0.0,0.0,0.0
2023-12-08 15:30:00-05:00,61.0,61.06990051269531,60.8849983215332,60.8849983215332,1417,0.0,0.0,0.0
2023-12-11 09:30:00-05:00,60.63999938964844,60.96849822998047,60.63999938964844,60.93000030517578,0,0.0,0.0,0.0
2023-12-11 10:30:00-05:00,60.939998626708984,61.040000915527344,60.7947998046875,60.7947998046875,2262,0.0,0.0,0.0
2023-12-11 11:30:00-05:00,60.869998931884766,60.869998931884766,60.869998931884766,60.869998931884766,379,0.0,0.0,0.0
2023-12-11 12:30:00-05:00,60.92110061645508,61.02370071411133,60.92110061645508,61.02370071411133,712,0.0,0.0,0.0
2023-12-11 13:30:00-05:00,60.9911003112793,61.16999816894531,60.9911003112793,61.115501403808594,2266,0.0,0.0,0.0
2023-12-11 14:30:00-05:00,61.10770034790039,61.11000061035156,61.04999923706055,61.095001220703125,1929,0.0,0.0,0.0
2023-12-11 15:30:00-05:00,61.04999923706055,61.13999938964844,61.0265007019043,61.13999938964844,1491,0.0,0.0,0.0
2023-12-12 09:30:00-05:00,61.15999984741211,61.15999984741211,60.81990051269531,60.84040069580078,0,0.0,0.0,0.0
2023-12-12 10:30:00-05:00,60.9822998046875,60.9822998046875,60.970001220703125,60.970001220703125,1444,0.0,0.0,0.0
2023-12-12 11:30:00-05:00,60.87139892578125,61.00859832763672,60.87139892578125,60.969600677490234,1901,0.0,0.0,0.0
2023-12-12 12:30:00-05:00,60.994598388671875,61.08000183105469,60.942100524902344,61.08000183105469,1102,0.0,0.0,0.0
2023-12-12 13:30:00-05:00,61.198299407958984,61.267398834228516,61.198299407958984,61.267398834228516,1335,0.0,0.0,0.0
2023-12-12 14:30:00-05:00,61.29859924316406,61.35060119628906,61.29859924316406,61.35060119628906,1830,0.0,0.0,0.0
2023-12-12 15:30:00-05:00,61.29999923706055,61.29999923706055,61.220001220703125,61.2400016784668,1073,0.0,0.0,0.0
2023-12-13 09:30:00-05:00,61.18000030517578,61.36690139770508,61.18000030517578,61.29999923706055,0,0.0,0.0,0.0
2023-12-13 10:30:00-05:00,61.310001373291016,61.34000015258789,61.11000061035156,61.11000061035156,3736,0.0,0.0,0.0
2023-12-13 11:30:00-05:00,61.10820007324219,61.10820007324219,60.9817008972168,60.9817008972168,507,0.0,0.0,0.0
2023-12-13 12:30:00-05:00,60.893699645996094,60.893699645996094,60.87540054321289,60.87540054321289,426,0.0,0.0,0.0
2023-12-13 13:30:00-05:00,60.84000015258789,61.79010009765625,60.84000015258789,61.79010009765625,849,0.0,0.0,0.0
2023-12-13 14:30:00-05:00,62.00490188598633,62.68000030517578,61.986900329589844,62.37770080566406,1332,0.0,0.0,0.0
2023-12-13 15:30:00-05:00,62.767601013183594,63.0,62.767601013183594,63.0,0,0.0,0.0,0.0
2023-12-14 09:30:00-05:00,63.75,64.63999938964844,63.75,64.41000366210938,1487,0.0,0.0,0.0
2023-12-14 10:30:00-05:00,64.62999725341797,64.67769622802734,64.55999755859375,64.67769622802734,1241,0.0,0.0,0.0
2023-12-14 11:30:00-05:00,64.87020111083984,65.0,64.87020111083984,65.0,686,0.0,0.0,0.0
2023-12-14 12:30:00-05:00,65.14600372314453,65.14600372314453,64.68710327148438,64.68710327148438,979,0.0,0.0,0.0
2023-12-14 13:30:00-05:00,64.6405029296875,64.83930206298828,64.58180236816406,64.83930206298828,6402,0.0,0.0,0.0
2023-12-14 14:30:00-05:00,64.82630157470703,64.99629974365234,64.73519897460938,64.99629974365234,1640,0.0,0.0,0.0
2023-12-14 15:30:00-05:00,65.02999877929688,65.06999969482422,64.99359893798828,64.99359893798828,0,0.0,0.0,0.0
2023-12-15 09:30:00-05:00,65.55999755859375,65.55999755859375,64.55000305175781,65.01000213623047,12017,0.0,0.0,0.0
2023-12-15 10:30:00-05:00,64.98899841308594,65.27989959716797,64.84490203857422,64.84490203857422,952,0.0,0.0,0.0
2023-12-15 11:30:00-05:00,64.80049896240234,64.80049896240234,64.79000091552734,64.79000091552734,597,0.0,0.0,0.0
2023-12-15 12:30:00-05:00,64.7750015258789,64.7750015258789,64.45999908447266,64.45999908447266,2742,0.0,0.0,0.0
2023-12-15 13:30:00-05:00,64.5199966430664,64.5199966430664,64.25,64.36280059814453,1152,0.0,0.0,0.0
2023-12-15 14:30:00-05:00,64.44190216064453,64.52760314941406,64.44190216064453,64.52760314941406,332,0.0,0.0,0.0
2023-12-15 15:30:00-05:00,64.49009704589844,64.58999633789062,64.4447021484375,64.58999633789062,1065,0.0,0.0,0.0
2023-12-18 09:30:00-05:00,64.93000030517578,64.93000030517578,64.47309875488281,64.61000061035156,6749,0.0,0.0,0.0
2023-12-18 10:30:00-05:00,64.48500061035156,64.48500061035156,64.33999633789062,64.33999633789062,1170,0.0,0.0,0.0
2023-12-18 11:30:00-05:00,64.5,64.65299987792969,64.37999725341797,64.64250183105469,3115,0.0,0.0,0.0
2023-12-18 12:30:00-05:00,64.61000061035156,64.61000061035156,64.58000183105469,64.58000183105469,2196,0.0,0.0,0.0
2023-12-18 13:30:00-05:00,64.41999816894531,64.51679992675781,64.41999816894531,64.51679992675781,341,0.0,0.0,0.0
2023-12-18 14:30:00-05:00,64.47789764404297,64.72000122070312,64.38999938964844,64.72000122070312,2358,0.0,0.0,0.0
2023-12-18 15:30:00-05:00,64.58650207519531,64.58650207519531,64.44999694824219,64.44999694824219,0,0.0,0.0,0.0
2023-12-19 09:30:00-05:00,64.97000122070312,65.41000366210938,64.97000122070312,65.41000366210938,912,0.0,0.0,0.0
2023-12-19 10:30:00-05:00,65.5,65.5354995727539,65.5,65.5354995727539,868,0.0,0.0,0.0
2023-12-19 11:30:00-05:00,65.34619903564453,65.43000030517578,65.34619903564453,65.43000030517578,413,0.0,0.0,0.0
2023-12-19 12:30:00-05:00,65.49559783935547,65.63990020751953,65.4906005859375,65.4906005859375,1631,0.0,0.0,0.0
2023-12-19 14:30:00-05:00,65.65049743652344,65.68209838867188,65.56079864501953,65.68209838867188,1246,0.0,0.0,0.0
2023-12-19 15:30:00-05:00,65.654296875,65.83999633789062,65.654296875,65.83999633789062,0,0.0,0.0,0.0
2023-12-20 09:30:00-05:00,65.4833984375,65.91439819335938,65.4833984375,65.91439819335938,570,0.0,0.0,0.0
2023-12-20 10:30:00-05:00,66.08200073242188,66.08200073242188,65.99430084228516,65.99430084228516,2701,0.0,0.0,0.0
2023-12-20 11:30:00-05:00,66.05000305175781,66.12409973144531,65.95159912109375,66.12409973144531,4579,0.0,0.0,0.0
2023-12-20 12:30:00-05:00,66.26200103759766,66.26200103759766,66.12999725341797,66.12999725341797,3094,0.0,0.0,0.0
2023-12-20 13:30:00-05:00,66.08999633789062,66.15989685058594,66.01000213623047,66.0260009765625,982,0.0,0.0,0.0
2023-12-20 14:30:00-05:00,65.80950164794922,65.80950164794922,64.94000244140625,65.16000366210938,3531,0.0,0.0,0.0
2023-12-20 15:30:00-05:00,64.8853988647461,64.8853988647461,64.66999816894531,64.66999816894531,629,0.0,0.0,0.0
2023-12-21 09:30:00-05:00,65.76000213623047,65.76000213623047,65.30010223388672,65.55999755859375,0,0.0,0.0,0.0
2023-12-21 10:30:00-05:00,65.39009857177734,65.39009857177734,65.38999938964844,65.38999938964844,281,0.0,0.0,0.0
2023-12-21 11:30:00-05:00,65.58999633789062,65.58999633789062,65.14630126953125,65.14630126953125,550,0.0,0.0,0.0
2023-12-21 12:30:00-05:00,65.23650360107422,65.29000091552734,65.22000122070312,65.22000122070312,1636,0.0,0.0,0.0
2023-12-21 13:30:00-05:00,65.19000244140625,65.42839813232422,65.19000244140625,65.42839813232422,5164,0.0,0.0,0.0
2023-12-21 14:30:00-05:00,65.44999694824219,65.44999694824219,65.30000305175781,65.43900299072266,2341,0.0,0.0,0.0
2023-12-21 15:30:00-05:00,65.61309814453125,65.69000244140625,65.59829711914062,65.68119812011719,0,0.0,0.0,0.0
2023-12-22 09:30:00-05:00,66.06999969482422,66.31999969482422,66.06999969482422,66.08999633789062,1048,0.0,0.0,0.0
2023-12-22 10:30:00-05:00,66.17289733886719,66.27989959716797,66.00440216064453,66.00440216064453,2931,0.0,0.0,0.0
2023-12-22 11:30:00-05:00,66.25499725341797,66.26000213623047,66.02439880371094,66.02999877929688,3035,0.0,0.0,0.0
2023-12-22 12:30:00-05:00,66.13999938964844,66.26309967041016,66.13999938964844,66.26000213623047,1709,0.0,0.0,0.0
2023-12-22 13:30:00-05:00,66.19869995117188,66.19869995117188,65.87259674072266,65.87259674072266,2649,0.0,0.0,0.0
2023-12-22 15:30:00-05:00,66.06549835205078,66.12999725341797,66.04209899902344,66.12999725341797,227,0.0,0.0,0.0
2023-12-26 09:30:00-05:00,66.22000122070312,66.41909790039062,66.22000122070312,66.41909790039062,0,0.0,0.0,0.0
2023-12-26 10:30:00-05:00,66.36489868164062,66.37000274658203,66.36489868164062,66.37000274658203,1209,0.0,0.0,0.0
2023-12-26 11:30:00-05:00,66.48899841308594,66.62629699707031,66.48899841308594,66.62629699707031,988,0.0,0.0,0.0
2023-12-26 12:30:00-05:00,66.66000366210938,66.66940307617188,66.57009887695312,66.62010192871094,1958,0.0,0.0,0.0
2023-12-26 13:30:00-05:00,66.7300033569336,66.90989685058594,66.7300033569336,66.90989685058594,3930,0.0,0.0,0.0
2023-12-26 14:30:00-05:00,66.84819793701172,66.84819793701172,66.84819793701172,66.84819793701172,515,0.0,0.0,0.0
2023-12-26 15:30:00-05:00,66.81999969482422,66.83000183105469,66.80999755859375,66.83000183105469,530,0.0,0.0,0.0
2023-12-27 09:30:00-05:00,66.98999786376953,67.04000091552734,66.78500366210938,67.00499725341797,0,0.0,0.0,0.0
2023-12-27 11:30:00-05:00,66.73539733886719,66.73539733886719,66.73539733886719,66.73539733886719,438,0.0,0.0,0.0
2023-12-27 12:30:00-05:00,66.72139739990234,66.72139739990234,66.72139739990234,66.72139739990234,298,0.0,0.0,0.0
2023-12-27 13:30:00-05:00,66.91500091552734,66.91500091552734,66.6759033203125,66.76370239257812,2585,0.0,0.0,0.0
2023-12-27 14:30:00-05:00,66.83499908447266,66.83499908447266,66.70870208740234,66.70870208740234,1356,0.0,0.0,0.0
2023-12-27 15:30:00-05:00,66.72010040283203,66.9000015258789,66.72010040283203,66.9000015258789,3885,0.0,0.0,0.0
2023-12-28 09:30:00-05:00,66.76000213623047,66.80039978027344,66.73500061035156,66.80039978027344,0,0.0,0.0,0.0
2023-12-28 10:30:00-05:00,66.84149932861328,66.875,66.7061996459961,66.72319793701172,2325,0.0,0.0,0.0
2023-12-28 11:30:00-05:00,66.60549926757812,66.71520233154297,66.57009887695312,66.681396484375,1651,0.0,0.0,0.0
2023-12-28 12:30:00-05:00,66.71189880371094,66.71189880371094,66.58999633789062,66.58999633789062,344,0.0,0.0,0.0
2023-12-28 13:30:00-05:00,66.49440002441406,66.61000061035156,66.47640228271484,66.61000061035156,1307,0.0,0.0,0.0
2023-12-28 14:30:00-05:00,66.56500244140625,66.56500244140625,66.56500244140625,66.56500244140625,763,0.0,0.0,0.0
2023-12-28 15:30:00-05:00,66.54830169677734,66.6592025756836,66.52420043945312,66.63999938964844,15065,0.0,0.0,0.0
2023-12-29 09:30:00-05:00,66.55000305175781,66.55000305175781,66.16000366210938,66.25779724121094,0,0.0,0.0,0.0
2023-12-29 10:30:00-05:00,66.21499633789062,66.30989837646484,65.96990203857422,65.96990203857422,970,0.0,0.0,0.0
2023-12-29 11:30:00-05:00,65.81400299072266,65.83999633789062,65.75959777832031,65.75959777832031,762,0.0,0.0,0.0
2023-12-29 12:30:00-05:00,65.83709716796875,65.91200256347656,65.75,65.86289978027344,6186,0.0,0.0,0.0
2023-12-29 13:30:00-05:00,65.84880065917969,65.84880065917969,65.84880065917969,65.84880065917969,450,0.0,0.0,0.0
2023-12-29 14:30:00-05:00,65.95999908447266,65.96009826660156,65.95999908447266,65.96009826660156,676,0.0,0.0,0.0
2023-12-29 15:30:00-05:00,65.80000305175781,65.80000305175781,65.74019622802734,65.74019622802734,111,0.0,0.0,0.0
2024-01-02 09:30:00-05:00,65.13999938964844,65.4800033569336,65.13999938964844,65.4800033569336,0,0.0,0.0,0.0
2024-01-02 10:30:00-05:00,65.2300033569336,65.53880310058594,65.16010284423828,65.53880310058594,1705,0.0,0.0,0.0
2024-01-02 11:30:00-05:00,65.52999877929688,65.73999786376953,65.48390197753906,65.73999786376953,1191,0.0,0.0,0.0
2024-01-02 12:30:00-05:00,65.74520111083984,65.80000305175781,65.5967025756836,65.63999938964844,1904,0.0,0.0,0.0
2024-01-02 13:30:00-05:00,65.5199966430664,65.5199966430664,65.25530242919922,65.25530242919922,703,0.0,0.0,0.0
2024-01-02 14:30:00-05:00,65.25,65.2699966430664,65.01000213623047,65.01000213623047,2501,0.0,0.0,0.0
2024-01-02 15:30:00-05:00,65.1500015258789,65.37000274658203,65.04730224609375,65.2300033569336,0,0.0,0.0,0.0
2024-01-03 09:30:00-05:00,64.58000183105469,64.58000183105469,63.92150115966797,64.13500213623047,1817,0.0,0.0,0.0
2024-01-03 10:30:00-05:00,64.1500015258789,64.1500015258789,63.880001068115234,63.969398498535156,10439,0.0,0.0,0.0
2024-01-03 11:30:00-05:00,64.22000122070312,64.22599792480469,64.0886001586914,64.0886001586914,3904,0.0,0.0,0.0
2024-01-03 12:30:00-05:00,64.125,64.25499725341797,64.125,64.25499725341797,1029,0.0,0.0,0.0
2024-01-03 13:30:00-05:00,63.98680114746094,64.089599609375,63.88359832763672,63.88359832763672,809,0.0,0.0,0.0
2024-01-03 14:30:00-05:00,64.05500030517578,64.05500030517578,63.55889892578125,63.55889892578125,1449,0.0,0.0,0.0
2024-01-03 15:30:00-05:00,63.55500030517578,63.630001068115234,63.5099983215332,63.630001068115234,0,0.0,0.0,0.0
2024-01-04 09:30:00-05:00,63.505001068115234,63.77299880981445,63.505001068115234,63.73030090332031,968,0.0,0.0,0.0
2024-01-04 10:30:00-05:00,63.780399322509766,63.900001525878906,63.689998626708984,63.900001525878906,1411,0.0,0.0,0.0
2024-01-04 11:30:00-05:00,63.670101165771484,63.670101165771484,63.549400329589844,63.63249969482422,758,0.0,0.0,0.0
2024-01-04 12:30:00-05:00,63.65299987792969,63.66999816894531,63.65299987792969,63.66999816894531,603,0.0,0.0,0.0
2024-01-04 13:30:00-05:00,63.77180099487305,63.77180099487305,63.71390151977539,63.71390151977539,810,0.0,0.0,0.0
2024-01-04 14:30:00-05:00,63.61130142211914,63.68470001220703,63.61130142211914,63.67490005493164,813,0.0,0.0,0.0
2024-01-04 15:30:00-05:00,63.58000183105469,63.58000183105469,63.5,63.5,421,0.0,0.0,0.0
2024-01-05 09:30:00-05:00,63.040000915527344,63.7599983215332,63.040000915527344,63.63999938964844,8170,0.0,0.0,0.0
2024-01-05 10:30:00-05:00,63.630001068115234,63.79999923706055,63.599998474121094,63.65999984741211,5785,0.0,0.0,0.0
2024-01-05 11:30:00-05:00,63.65999984741211,63.65999984741211,63.53219985961914,63.53219985961914,1066,0.0,0.0,0.0
2024-01-05 12:30:00-05:00,63.33570098876953,63.345401763916016,63.2322998046875,63.345401763916016,1252,0.0,0.0,0.0
2024-01-05 13:30:00-05:00,63.34000015258789,63.577701568603516,63.34000015258789,63.54999923706055,1995,0.0,0.0,0.0
2024-01-05 14:30:00-05:00,63.41999816894531,63.43429946899414,63.267799377441406,63.267799377441406,886,0.0,0.0,0.0
2024-01-05 15:30:00-05:00,63.2400016784668,63.38999938964844,63.18000030517578,63.18000030517578,688,0.0,0.0,0.0
2024-01-08 09:30:00-05:00,63.22650146484375,63.53820037841797,63.15999984741211,63.53820037841797,0,0.0,0.0,0.0
2024-01-08 10:30:00-05:00,63.60350036621094,63.60350036621094,63.60350036621094,63.60350036621094,470,0.0,0.0,0.0
2024-01-08 11:30:00-05:00,63.7515983581543,63.82740020751953,63.7515983581543,63.82740020751953,1048,0.0,0.0,0.0
2024-01-08 13:30:00-05:00,63.89500045776367,63.98500061035156,63.89500045776367,63.98500061035156,841,0.0,0.0,0.0
2024-01-08 14:30:00-05:00,64.16339874267578,64.16339874267578,64.16339874267578,64.16339874267578,614,0.0,0.0,0.0
2024-01-08 15:30:00-05:00,64.23999786376953,64.36000061035156,64.23999786376953,64.36000061035156,0,0.0,0.0,0.0
2024-01-09 09:30:00-05:00,63.76499938964844,63.76499938964844,63.76499938964844,63.76499938964844,306,0.0,0.0,0.0
2024-01-09 10:30:00-05:00,63.9838981628418,63.9838981628418,63.8849983215332,63.8849983215332,1190,0.0,0.0,0.0
2024-01-09 12:30:00-05:00,64.22000122070312,64.22000122070312,63.92559814453125,63.92559814453125,579,0.0,0.0,0.0
2024-01-09 13:30:00-05:00,63.875,63.9900016784668,63.790000915527344,63.97990036010742,1827,0.0,0.0,0.0
2024-01-09 14:30:00-05:00,63.790000915527344,63.84980010986328,63.790000915527344,63.84980010986328,1416,0.0,0.0,0.0
2024-01-09 15:30:00-05:00,63.77069854736328,63.83409881591797,63.75,63.83409881591797,1117,0.0,0.0,0.0
2024-01-10 09:30:00-05:00,63.7599983215332,63.7599983215332,63.43000030517578,63.43000030517578,0,0.0,0.0,0.0
2024-01-10 10:30:00-05:00,63.45500183105469,63.45500183105469,63.29999923706055,63.310001373291016,2573,0.0,0.0,0.0
2024-01-10 11:30:00-05:00,63.68989944458008,63.68989944458008,63.68000030517578,63.68000030517578,475,0.0,0.0,0.0
2024-01-10 12:30:00-05:00,63.66999816894531,63.863800048828125,63.66999816894531,63.74399948120117,2120,0.0,0.0,0.0
2024-01-10 13:30:00-05:00,63.779300689697266,63.80659866333008,63.75910186767578,63.80659866333008,709,0.0,0.0,0.0
2024-01-10 14:30:00-05:00,63.869998931884766,63.95800018310547,63.68220138549805,63.708099365234375,1865,0.0,0.0,0.0
2024-01-10 15:30:00-05:00,63.78990173339844,63.84000015258789,63.76729965209961,63.84000015258789,589,0.0,0.0,0.0
2024-01-11 09:30:00-05:00,63.75,63.83000183105469,63.18000030517578,63.18000030517578,0,0.0,0.0,0.0
2024-01-11 10:30:00-05:00,63.33000183105469,63.33000183105469,63.12009811401367,63.12009811401367,1702,0.0,0.0,0.0
2024-01-11 11:30:00-05:00,63.0,63.09080123901367,63.0,63.09080123901367,2494,0.0,0.0,0.0
2024-01-11 12:30:00-05:00,63.494598388671875,63.669898986816406,63.494598388671875,63.669898986816406,535,0.0,0.0,0.0
2024-01-11 13:30:00-05:00,63.60810089111328,63.790000915527344,63.59000015258789,63.59000015258789,10368,0.0,0.0,0.0
2024-01-11 14:30:00-05:00,63.75699996948242,63.84000015258789,63.69129943847656,63.70029830932617,4677,0.0,0.0,0.0
2024-01-11 15:30:00-05:00,63.86000061035156,63.86199951171875,63.847900390625,63.847900390625,0,0.0,0.0,0.0
2024-01-12 09:30:00-05:00,64.44999694824219,64.44999694824219,63.91669845581055,63.91669845581055,2739,0.0,0.0,0.0
2024-01-12 10:30:00-05:00,63.775001525878906,63.775001525878906,63.68880081176758,63.72959899902344,640,0.0,0.0,0.0
2024-01-12 11:30:00-05:00,63.7599983215332,63.78300094604492,63.588401794433594,63.78300094604492,4008,0.0,0.0,0.0
2024-01-12 14:30:00-05:00,63.69499969482422,63.779998779296875,63.61000061035156,63.72999954223633,16829,0.0,0.0,0.0
2024-01-12 15:30:00-05:00,63.67499923706055,63.80799865722656,63.67499923706055,63.80799865722656,300,0.0,0.0,0.0
2024-01-16 09:30:00-05:00,63.310001373291016,63.310001373291016,63.099998474121094,63.30950164794922,0,0.0,0.0,0.0
2024-01-16 10:30:00-05:00,63.58000183105469,63.59109878540039,63.380001068115234,63.41600036621094,7327,0.0,0.0,0.0
2024-01-16 11:30:00-05:00,63.51459884643555,63.51459884643555,63.38999938964844,63.38999938964844,1056,0.0,0.0,0.0
2024-01-16 12:30:00-05:00,63.2328987121582,63.46989822387695,63.2328987121582,63.459999084472656,2299,0.0,0.0,0.0
2024-01-16 13:30:00-05:00,63.49340057373047,63.49340057373047,63.2599983215332,63.2599983215332,1347,0.0,0.0,0.0
2024-01-16 14:30:00-05:00,63.290000915527344,63.439998626708984,63.290000915527344,63.40999984741211,2470,0.0,0.0,0.0
2024-01-16 15:30:00-05:00,63.43000030517578,63.5099983215332,63.279998779296875,63.4119987487793,3640,0.0,0.0,0.0
2024-01-17 09:30:00-05:00,62.880001068115234,63.022701263427734,62.595001220703125,62.85499954223633,0,0.0,0.0,0.0
2024-01-17 10:30:00-05:00,62.970001220703125,63.073001861572266,62.773101806640625,63.073001861572266,756,0.0,0.0,0.0
2024-01-17 11:30:00-05:00,63.00519943237305,63.00519943237305,63.00519943237305,63.00519943237305,439,0.0,0.0,0.0
2024-01-17 12:30:00-05:00,62.97999954223633,62.97999954223633,62.8400993347168,62.87350082397461,1206,0.0,0.0,0.0
2024-01-17 13:30:00-05:00,62.81809997558594,62.81809997558594,62.81809997558594,62.81809997558594,460,0.0,0.0,0.0
2024-01-17 14:30:00-05:00,62.94499969482422,62.94499969482422,62.91999816894531,62.91999816894531,1354,0.0,0.0,0.0
2024-01-17 15:30:00-05:00,62.98139953613281,63.20000076293945,62.98139953613281,63.20000076293945,0,0.0,0.0,0.0
2024-01-18 09:30:00-05:00,63.40999984741211,63.685001373291016,63.40999984741211,63.619998931884766,5114,0.0,0.0,0.0
2024-01-18 10:30:00-05:00,63.58000183105469,63.689998626708984,63.470001220703125,63.535099029541016,5788,0.0,0.0,0.0
2024-01-18 11:30:00-05:00,63.4640007019043,63.4640007019043,63.22919845581055,63.22919845581055,882,0.0,0.0,0.0
2024-01-18 12:30:00-05:00,63.1797981262207,63.1797981262207,63.1797981262207,63.1797981262207,877,0.0,0.0,0.0
2024-01-18 13:30:00-05:00,63.55500030517578,63.55500030517578,63.55500030517578,63.55500030517578,323,0.0,0.0,0.0
2024-01-18 14:30:00-05:00,63.779598236083984,63.87269973754883,63.56999969482422,63.87269973754883,31413,0.0,0.0,0.0
2024-01-18 15:30:00-05:00,63.80630111694336,63.93000030517578,63.80630111694336,63.867698669433594,3898,0.0,0.0,0.0
2024-01-19 09:30:00-05:00,64.25,64.25,63.43000030517578,63.58190155029297,0,0.0,0.0,0.0
2024-01-19 10:30:00-05:00,63.72140121459961,63.77320098876953,63.72140121459961,63.77320098876953,1204,0.0,0.0,0.0
2024-01-19 11:30:00-05:00,63.6349983215332,63.86000061035156,63.560001373291016,63.86000061035156,920,0.0,0.0,0.0
2024-01-19 12:30:00-05:00,63.709999084472656,64.00890350341797,63.709999084472656,64.00890350341797,2008,0.0,0.0,0.0
2024-01-19 13:30:00-05:00,64.16999816894531,64.55000305175781,64.1510009765625,64.55000305175781,2587,0.0,0.0,0.0
2024-01-19 14:30:00-05:00,64.50499725341797,64.55000305175781,64.36000061035156,64.39689636230469,2152,0.0,0.0,0.0
2024-01-19 15:30:00-05:00,64.5199966430664,64.62999725341797,64.4000015258789,64.62999725341797,1279,0.0,0.0,0.0
2024-01-22 09:30:00-05:00,64.88999938964844,65.72660064697266,64.88999938964844,65.72660064697266,0,0.0,0.0,0.0
2024-01-22 10:30:00-05:00,65.38610076904297,65.47000122070312,65.38610076904297,65.47000122070312,523,0.0,0.0,0.0
2024-01-22 11:30:00-05:00,65.5426025390625,65.5426025390625,65.41000366210938,65.42019653320312,1259,0.0,0.0,0.0
2024-01-22 12:30:00-05:00,65.44960021972656,65.44960021972656,65.30000305175781,65.30000305175781,1408,0.0,0.0,0.0
2024-01-22 13:30:00-05:00,65.4198989868164,65.4198989868164,65.4198989868164,65.4198989868164,119,0.0,0.0,0.0
2024-01-22 14:30:00-05:00,65.41500091552734,65.68000030517578,65.32009887695312,65.61869812011719,4304,0.0,0.0,0.0
2024-01-22 15:30:00-05:00,65.70500183105469,65.7699966430664,65.5999984741211,65.5999984741211,0,0.0,0.0,0.0
2024-01-23 09:30:00-05:00,65.9800033569336,65.9800033569336,65.77999877929688,65.79000091552734,1755,0.0,0.0,0.0
2024-01-23 10:30:00-05:00,65.41000366210938,65.41000366210938,65.41000366210938,65.41000366210938,359,0.0,0.0,0.0
2024-01-23 11:30:00-05:00,65.30120086669922,65.30120086669922,65.30120086669922,65.30120086669922,1751,0.0,0.0,0.0
2024-01-23 12:30:00-05:00,65.20649719238281,65.25990295410156,65.20649719238281,65.25990295410156,1368,0.0,0.0,0.0
2024-01-23 13:30:00-05:00,65.18009948730469,65.32379913330078,65.18009948730469,65.32379913330078,0,0.0,0.0,0.0
2024-01-23 14:30:00-05:00,65.32499694824219,65.55999755859375,65.32009887695312,65.32009887695312,7282,0.0,0.0,0.0
2024-01-23 15:30:00-05:00,65.35199737548828,65.37689971923828,65.2699966430664,65.2699966430664,1158,0.0,0.0,0.0
2024-01-24 09:30:00-05:00,66.08999633789062,66.08999633789062,65.16000366210938,65.2249984741211,0,0.0,0.0,0.0
2024-01-24 10:30:00-05:00,65.4030990600586,65.4030990600586,65.4030990600586,65.4030990600586,359,0.0,0.0,0.0
2024-01-24 11:30:00-05:00,65.47000122070312,65.47000122070312,65.1447982788086,65.31999969482422,2203,0.0,0.0,0.0
2024-01-24 12:30:00-05:00,65.37999725341797,65.38990020751953,65.04000091552734,65.04000091552734,12761,0.0,0.0,0.0
2024-01-24 13:30:00-05:00,64.9000015258789,64.9000015258789,64.86070251464844,64.86070251464844,439,0.0,0.0,0.0
2024-01-24 14:30:00-05:00,64.87359619140625,64.9800033569336,64.87359619140625,64.9800033569336,284,0.0,0.0,0.0
2024-01-24 15:30:00-05:00,64.6449966430664,64.80000305175781,64.62999725341797,64.62999725341797,1078,0.0,0.0,0.0
2024-01-25 09:30:00-05:00,65.66999816894531,65.66999816894531,64.80999755859375,65.02999877929688,6759,0.0,0.0,0.0
2024-01-25 10:30:00-05:00,65.0199966430664,65.0199966430664,64.68000030517578,64.91000366210938,5000,0.0,0.0,0.0
2024-01-25 11:30:00-05:00,64.91000366210938,64.91000366210938,64.56999969482422,64.7300033569336,2609,0.0,0.0,0.0
2024-01-25 12:30:00-05:00,64.51000213623047,64.7699966430664,64.5,64.66179656982422,2216,0.0,0.0,0.0
2024-01-25 13:30:00-05:00,64.5199966430664,64.68000030517578,64.38999938964844,64.68000030517578,2507,0.0,0.0,0.0
2024-01-25 14:30:00-05:00,64.70999908447266,64.7300033569336,64.5199966430664,64.52999877929688,17271,0.0,0.0,0.0
2024-01-25 15:30:00-05:00,64.62000274658203,64.88999938964844,64.61000061035156,64.88999938964844,0,0.0,0.0,0.0
2024-01-26 09:30:00-05:00,65.08000183105469,65.48999786376953,65.06999969482422,65.13999938964844,14413,0.0,0.0,0.0
2024-01-26 10:30:00-05:00,65.19999694824219,65.27999877929688,65.19999694824219,65.19999694824219,3302,0.0,0.0,0.0
2024-01-26 11:30:00-05:00,65.14759826660156,65.14759826660156,65.14759826660156,65.14759826660156,353,0.0,0.0,0.0
2024-01-26 12:30:00-05:00,64.94490051269531,64.94490051269531,64.94490051269531,64.94490051269531,574,0.0,0.0,0.0
2024-01-26 13:30:00-05:00,64.8948974609375,64.8948974609375,64.8948974609375,64.8948974609375,1058,0.0,0.0,0.0
2024-01-26 14:30:00-05:00,65.0199966430664,65.08000183105469,64.91999816894531,64.91999816894531,3388,0.0,0.0,0.0
2024-01-26 15:30:00-05:00,64.8947982788086,65.01000213623047,64.81999969482422,65.0,1554,0.0,0.0,0.0
2024-01-29 09:30:00-05:00,64.91999816894531,64.91999816894531,64.81500244140625,64.8499984741211,0,0.0,0.0,0.0
2024-01-29 10:30:00-05:00,65.027099609375,65.027099609375,65.027099609375,65.027099609375,1090,0.0,0.0,0.0
2024-01-29 11:30:00-05:00,65.05999755859375,65.05999755859375,65.0115966796875,65.0115966796875,414,0.0,0.0,0.0
2024-01-29 12:30:00-05:00,65.0978012084961,65.12899780273438,65.0427017211914,65.12899780273438,1606,0.0,0.0,0.0
2024-01-29 13:30:00-05:00,65.23999786376953,65.23999786376953,65.12999725341797,65.12999725341797,580,0.0,0.0,0.0
2024-01-29 14:30:00-05:00,65.23999786376953,65.53610229492188,65.23999786376953,65.53610229492188,1256,0.0,0.0,0.0
2024-01-29 15:30:00-05:00,65.69000244140625,65.8499984741211,65.69000244140625,65.8499984741211,1186,0.0,0.0,0.0
2024-01-30 09:30:00-05:00,65.5999984741211,65.66619873046875,65.43000030517578,65.43000030517578,0,0.0,0.0,0.0
2024-01-30 10:30:00-05:00,65.55999755859375,65.55999755859375,65.55999755859375,65.55999755859375,242,0.0,0.0,0.0
2024-01-30 11:30:00-05:00,65.7947998046875,65.7947998046875,65.69519805908203,65.69519805908203,593,0.0,0.0,0.0
2024-01-30 12:30:00-05:00,65.61000061035156,65.73750305175781,65.61000061035156,65.65499877929688,739,0.0,0.0,0.0
2024-01-30 13:30:00-05:00,65.8156967163086,65.8156967163086,65.8156967163086,65.8156967163086,248,0.0,0.0,0.0
2024-01-30 14:30:00-05:00,65.66000366210938,65.66000366210938,65.66000366210938,65.66000366210938,468,0.0,0.0,0.0
2024-01-30 15:30:00-05:00,65.70999908447266,65.81990051269531,65.66000366210938,65.80000305175781,3519,0.0,0.0,0.0
2024-01-31 09:30:00-05:00,65.55999755859375,65.55999755859375,65.25420379638672,65.25420379638672,0,0.0,0.0,0.0
2024-01-31 10:30:00-05:00,65.29010009765625,65.43910217285156,65.29010009765625,65.40339660644531,773,0.0,0.0,0.0
2024-01-31 11:30:00-05:00,65.27999877929688,65.43000030517578,65.19529724121094,65.43000030517578,2354,0.0,0.0,0.0
2024-01-31 12:30:00-05:00,65.4480972290039,65.4480972290039,65.41899871826172,65.41899871826172,433,0.0,0.0,0.0
2024-01-31 13:30:00-05:00,65.41349792480469,65.53990173339844,65.11540222167969,65.1260986328125,3003,0.0,0.0,0.0
2024-01-31 14:30:00-05:00,65.1946029663086,65.69999694824219,64.83070373535156,64.83070373535156,4898,0.0,0.0,0.0
2024-01-31 15:30:00-05:00,64.4749984741211,64.48999786376953,64.31500244140625,64.36000061035156,0,0.0,0.0,0.0
2024-02-01 09:30:00-05:00,64.55999755859375,64.67549896240234,64.08789825439453,64.16999816894531,2399,0.0,0.0,0.0
2024-02-01 10:30:00-05:00,64.22709655761719,64.22709655761719,63.75,63.88999938964844,2146,0.0,0.0,0.0
2024-02-01 11:30:00-05:00,63.903099060058594,64.1686019897461,63.903099060058594,64.09819793701172,1088,0.0,0.0,0.0
2024-02-01 12:30:00-05:00,64.45690155029297,64.56999969482422,64.45690155029297,64.56999969482422,1171,0.0,0.0,0.0
2024-02-01 13:30:00-05:00,64.943603515625,64.943603515625,64.943603515625,64.943603515625,165,0.0,0.0,0.0
2024-02-01 14:30:00-05:00,64.73690032958984,64.92330169677734,64.73690032958984,64.92330169677734,954,0.0,0.0,0.0
2024-02-01 15:30:00-05:00,65.18000030517578,65.19000244140625,64.95999908447266,65.1500015258789,0,0.0,0.0,0.0
2024-02-02 09:30:00-05:00,64.55999755859375,64.68099975585938,64.3407974243164,64.46759796142578,1476,0.0,0.0,0.0
2024-02-02 10:30:00-05:00,64.97219848632812,64.97219848632812,64.8427963256836,64.93000030517578,504,0.0,0.0,0.0
2024-02-02 11:30:00-05:00,64.94999694824219,65.06999969482422,64.94999694824219,65.06999969482422,1231,0.0,0.0,0.0
2024-02-02 12:30:00-05:00,64.91999816894531,65.0822982788086,64.91999816894531,65.0822982788086,1535,0.0,0.0,0.0
2024-02-02 13:30:00-05:00,65.08999633789062,65.38790130615234,65.08999633789062,65.38790130615234,1271,0.0,0.0,0.0
2024-02-02 14:30:00-05:00,65.45999908447266,65.52519989013672,65.45999908447266,65.4760971069336,1612,0.0,0.0,0.0
2024-02-02 15:30:00-05:00,65.43000030517578,65.43000030517578,65.37000274658203,65.37000274658203,512,0.0,0.0,0.0
2024-02-05 09:30:00-05:00,64.33999633789062,64.64600372314453,64.01260375976562,64.01260375976562,0,0.0,0.0,0.0
2024-02-05 10:30:00-05:00,64.22810363769531,64.25379943847656,64.22810363769531,64.25379943847656,451,0.0,0.0,0.0
2024-02-05 11:30:00-05:00,64.17829895019531,64.17829895019531,64.08000183105469,64.16000366210938,2579,0.0,0.0,0.0
2024-02-05 12:30:00-05:00,64.47000122070312,64.51499938964844,64.47000122070312,64.51499938964844,736,0.0,0.0,0.0
2024-02-05 13:30:00-05:00,64.48419952392578,64.59049987792969,64.39530181884766,64.5,22047,0.0,0.0,0.0
2024-02-05 14:30:00-05:00,64.69000244140625,64.78990173339844,64.5,64.5,1079,0.0,0.0,0.0
2024-02-05 15:30:00-05:00,64.69999694824219,64.69999694824219,64.54000091552734,64.54000091552734,1626,0.0,0.0,0.0
2024-02-06 09:30:00-05:00,64.31999969482422,64.58000183105469,64.31999969482422,64.58000183105469,0,0.0,0.0,0.0
2024-02-06 10:30:00-05:00,64.54499816894531,64.66000366210938,64.43009948730469,64.43009948730469,2261,0.0,0.0,0.0
2024-02-06 11:30:00-05:00,64.46189880371094,64.69000244140625,64.46189880371094,64.63999938964844,3564,0.0,0.0,0.0
2024-02-06 12:30:00-05:00,64.62999725341797,64.68000030517578,64.48899841308594,64.63500213623047,1658,0.0,0.0,0.0
2024-02-06 13:30:00-05:00,64.70999908447266,64.97000122070312,64.57330322265625,64.69000244140625,1888,0.0,0.0,0.0
2024-02-06 14:30:00-05:00,64.70999908447266,64.94509887695312,64.64299774169922,64.73999786376953,19954,0.0,0.0,0.0
2024-02-06 15:30:00-05:00,64.8499984741211,64.9000015258789,64.66010284423828,64.9000015258789,618,0.0,0.0,0.0
2024-02-07 09:30:00-05:00,64.97000122070312,65.03900146484375,64.69200134277344,64.79499816894531,0,0.0,0.0,0.0
2024-02-07 10:30:00-05:00,65.0,65.0,65.0,65.0,266,0.0,0.0,0.0
2024-02-07 11:30:00-05:00,64.9000015258789,64.9000015258789,64.84190368652344,64.85330200195312,1396,0.0,0.0,0.0
2024-02-07 12:30:00-05:00,64.81999969482422,65.11389923095703,64.81999969482422,64.9800033569336,3714,0.0,0.0,0.0
2024-02-07 13:30:00-05:00,65.23999786376953,65.29000091552734,65.12000274658203,65.12000274658203,6790,0.0,0.0,0.0
2024-02-07 14:30:00-05:00,65.27999877929688,65.28569793701172,65.1500015258789,65.28569793701172,1981,0.0,0.0,0.0
2024-02-07 15:30:00-05:00,65.06999969482422,65.18000030517578,64.87999725341797,64.87999725341797,0,0.0,0.0,0.0
2024-02-08 10:30:00-05:00,65.48999786376953,65.65630340576172,65.48999786376953,65.65630340576172,1069,0.0,0.0,0.0
2024-02-08 11:30:00-05:00,65.5199966430664,65.5199966430664,65.5199966430664,65.5199966430664,400,0.0,0.0,0.0
2024-02-08 12:30:00-05:00,65.66239929199219,65.72270202636719,65.60330200195312,65.72270202636719,700,0.0,0.0,0.0
2024-02-08 13:30:00-05:00,65.74330139160156,65.93910217285156,65.74330139160156,65.92510223388672,1346,0.0,0.0,0.0
2024-02-08 15:30:00-05:00,65.77999877929688,65.88999938964844,65.66999816894531,65.88999938964844,2154,0.0,0.0,0.0
2024-02-09 09:30:00-05:00,66.11000061035156,66.3855972290039,66.11000061035156,66.37000274658203,0,0.0,0.0,0.0
2024-02-09 10:30:00-05:00,66.55000305175781,66.5999984741211,66.55000305175781,66.57019805908203,2119,0.0,0.0,0.0
2024-02-09 11:30:00-05:00,66.48500061035156,66.66079711914062,66.45999908447266,66.63999938964844,6980,0.0,0.0,0.0
2024-02-09 12:30:00-05:00,66.83999633789062,67.22119903564453,66.79000091552734,67.22119903564453,11892,0.0,0.0,0.0
2024-02-09 13:30:00-05:00,67.07330322265625,67.15509796142578,66.82099914550781,66.82099914550781,2385,0.0,0.0,0.0
2024-02-09 14:30:00-05:00,67.16649627685547,67.16649627685547,66.9260025024414,67.05439758300781,790,0.0,0.0,0.0
2024-02-09 15:30:00-05:00,67.03890228271484,67.11380004882812,66.7699966430664,66.7699966430664,5552,0.0,0.0,0.0
2024-02-12 09:30:00-05:00,67.05000305175781,67.31990051269531,66.80999755859375,67.06999969482422,0,0.0,0.0,0.0
2024-02-12 10:30:00-05:00,67.37999725341797,67.48999786376953,67.37999725341797,67.48999786376953,1503,0.0,0.0,0.0
2024-02-12 12:30:00-05:00,67.80799865722656,67.80799865722656,67.69999694824219,67.69999694824219,1185,0.0,0.0,0.0
2024-02-12 13:30:00-05:00,67.5999984741211,67.5999984741211,67.55000305175781,67.55000305175781,923,0.0,0.0,0.0
2024-02-12 14:30:00-05:00,67.5199966430664,67.71959686279297,67.5199966430664,67.55999755859375,4703,0.0,0.0,0.0
2024-02-12 15:30:00-05:00,67.5199966430664,67.76000213623047,67.41999816894531,67.41999816894531,5951,0.0,0.0,0.0
2024-02-13 09:30:00-05:00,65.5199966430664,66.02999877929688,65.5199966430664,65.63999938964844,0,0.0,0.0,0.0
2024-02-13 10:30:00-05:00,65.97730255126953,66.47000122070312,65.97730255126953,66.47000122070312,515,0.0,0.0,0.0
2024-02-13 11:30:00-05:00,66.3499984741211,66.47000122070312,66.16999816894531,66.25,5470,0.0,0.0,0.0
2024-02-13 12:30:00-05:00,66.26000213623047,66.31999969482422,66.18609619140625,66.31999969482422,3125,0.0,0.0,0.0
2024-02-13 13:30:00-05:00,66.37999725341797,66.62999725341797,66.0,66.0,3176,0.0,0.0,0.0
2024-02-13 14:30:00-05:00,65.90370178222656,66.0,65.61000061035156,65.61000061035156,3881,0.0,0.0,0.0
2024-02-13 15:30:00-05:00,65.65499877929688,66.0,65.52999877929688,65.52999877929688,12628,0.0,0.0,0.0
2024-02-14 09:30:00-05:00,66.37000274658203,66.6050033569336,66.00499725341797,66.00499725341797,0,0.0,0.0,0.0
2024-02-14 10:30:00-05:00,66.06999969482422,66.15499877929688,65.8102035522461,65.8102035522461,3415,0.0,0.0,0.0
2024-02-14 11:30:00-05:00,65.9800033569336,66.08499908447266,65.9800033569336,66.04219818115234,394,0.0,0.0,0.0
2024-02-14 12:30:00-05:00,66.36930084228516,66.45919799804688,66.33000183105469,66.45919799804688,3619,0.0,0.0,0.0
2024-02-14 13:30:00-05:00,66.38829803466797,66.55860137939453,66.38829803466797,66.51969909667969,1794,0.0,0.0,0.0
2024-02-14 14:30:00-05:00,66.66000366210938,66.9000015258789,66.66000366210938,66.8550033569336,4152,0.0,0.0,0.0
2024-02-14 15:30:00-05:00,66.79499816894531,66.83000183105469,66.69999694824219,66.80000305175781,0,0.0,0.0,0.0
2024-02-15 09:30:00-05:00,67.16000366210938,67.27189636230469,66.9469985961914,67.27189636230469,1092,0.0,0.0,0.0
2024-02-15 10:30:00-05:00,67.02200317382812,67.02200317382812,67.02200317382812,67.02200317382812,234,0.0,0.0,0.0
2024-02-15 11:30:00-05:00,67.07610321044922,67.07610321044922,66.94999694824219,66.97000122070312,758,0.0,0.0,0.0
2024-02-15 12:30:00-05:00,67.2029037475586,67.38919830322266,67.02999877929688,67.38919830322266,1695,0.0,0.0,0.0
2024-02-15 13:30:00-05:00,67.4000015258789,67.77989959716797,67.39810180664062,67.77989959716797,1031,0.0,0.0,0.0
2024-02-15 14:30:00-05:00,67.73809814453125,67.87000274658203,67.54000091552734,67.54000091552734,4687,0.0,0.0,0.0
2024-02-15 15:30:00-05:00,67.4800033569336,67.61000061035156,67.47000122070312,67.48999786376953,0,0.0,0.0,0.0
2024-02-16 09:30:00-05:00,67.24009704589844,67.7759017944336,67.07499694824219,67.54000091552734,2745,0.0,0.0,0.0
2024-02-16 10:30:00-05:00,67.51000213623047,67.83989715576172,67.51000213623047,67.80000305175781,3080,0.0,0.0,0.0
2024-02-16 11:30:00-05:00,67.93949890136719,67.96499633789062,67.68000030517578,67.68000030517578,1138,0.0,0.0,0.0
2024-02-16 12:30:00-05:00,67.8499984741211,67.91999816894531,67.79049682617188,67.79049682617188,1334,0.0,0.0,0.0
2024-02-16 13:30:00-05:00,68.0199966430664,68.02999877929688,67.84480285644531,67.98999786376953,1615,0.0,0.0,0.0
2024-02-16 14:30:00-05:00,67.76000213623047,67.7699966430664,67.44999694824219,67.6187973022461,3120,0.0,0.0,0.0
2024-02-16 15:30:00-05:00,67.38980102539062,67.45999908447266,67.25550079345703,67.25550079345703,561,0.0,0.0,0.0
2024-02-20 09:30:00-05:00,66.87999725341797,66.87999725341797,66.16999816894531,66.31999969482422,0,0.0,0.0,0.0
2024-02-20 10:30:00-05:00,66.2300033569336,66.23670196533203,66.19000244140625,66.19000244140625,2407,0.0,0.0,0.0
2024-02-20 11:30:00-05:00,66.20999908447266,66.20999908447266,65.98999786376953,65.98999786376953,1243,0.0,0.0,0.0
2024-02-20 12:30:00-05:00,65.95490264892578,65.95490264892578,65.87000274658203,65.87000274658203,668,0.0,0.0,0.0
2024-02-20 13:30:00-05:00,66.13500213623047,66.13999938964844,66.125,66.13999938964844,519,0.0,0.0,0.0
2024-02-20 14:30:00-05:00,65.99559783935547,66.17880249023438,65.99559783935547,66.05149841308594,2578,0.0,0.0,0.0
2024-02-20 15:30:00-05:00,65.88999938964844,66.08999633789062,65.88999938964844,66.04170227050781,0,0.0,0.0,0.0
2024-02-21 09:30:00-05:00,65.76000213623047,65.79070281982422,65.63009643554688,65.79070281982422,2286,0.0,0.0,0.0
2024-02-21 10:30:00-05:00,65.72000122070312,65.86499786376953,65.72000122070312,65.79010009765625,1021,0.0,0.0,0.0
2024-02-21 11:30:00-05:00,65.80999755859375,65.80999755859375,65.76000213623047,65.77999877929688,2508,0.0,0.0,0.0
2024-02-21 12:30:00-05:00,65.69059753417969,65.76570129394531,65.66999816894531,65.76570129394531,1603,0.0,0.0,0.0
2024-02-21 13:30:00-05:00,65.8949966430664,65.8949966430664,65.58999633789062,65.58999633789062,2395,0.0,0.0,0.0
2024-02-21 14:30:00-05:00,65.69000244140625,65.72000122070312,65.52159881591797,65.52159881591797,2579,0.0,0.0,0.0
2024-02-21 15:30:00-05:00,65.62999725341797,65.94000244140625,65.62999725341797,65.8499984741211,0,0.0,0.0,0.0
2024-02-22 09:30:00-05:00,66.44000244140625,66.68000030517578,66.44000244140625,66.68000030517578,964,0.0,0.0,0.0
2024-02-22 10:30:00-05:00,66.5999984741211,66.77999877929688,66.5199966430664,66.68000030517578,7452,0.0,0.0,0.0
2024-02-22 11:30:00-05:00,66.76000213623047,66.83999633789062,66.67009735107422,66.67009735107422,859,0.0,0.0,0.0
2024-02-22 13:30:00-05:00,66.80010223388672,66.91999816894531,66.80000305175781,66.82759857177734,2464,0.0,0.0,0.0
2024-02-22 14:30:00-05:00,66.80000305175781,66.82219696044922,66.5999984741211,66.5999984741211,2626,0.0,0.0,0.0
2024-02-22 15:30:00-05:00,66.81999969482422,67.31400299072266,66.70179748535156,66.8208999633789,0,0.0,0.0,0.0
2024-02-23 09:30:00-05:00,67.1449966430664,67.1449966430664,66.7677993774414,66.7677993774414,2748,0.0,0.0,0.0
2024-02-23 10:30:00-05:00,66.98500061035156,66.98500061035156,66.87999725341797,66.90809631347656,1370,0.0,0.0,0.0
2024-02-23 11:30:00-05:00,66.93000030517578,67.30000305175781,66.93000030517578,67.30000305175781,2379,0.0,0.0,0.0
2024-02-23 12:30:00-05:00,67.16079711914062,67.37000274658203,67.16079711914062,67.37000274658203,13346,0.0,0.0,0.0
2024-02-23 13:30:00-05:00,67.37000274658203,67.56999969482422,67.17250061035156,67.17250061035156,13172,0.0,0.0,0.0
2024-02-23 14:30:00-05:00,67.17849731445312,67.17849731445312,67.09249877929688,67.09500122070312,459,0.0,0.0,0.0
2024-02-23 15:30:00-05:00,66.99349975585938,67.23999786376953,66.99349975585938,67.23999786376953,3120,0.0,0.0,0.0
2024-02-26 09:30:00-05:00,67.06999969482422,67.356201171875,67.06999969482422,67.356201171875,0,0.0,0.0,0.0
2024-02-26 10:30:00-05:00,67.43499755859375,67.43499755859375,67.37999725341797,67.37999725341797,1413,0.0,0.0,0.0
2024-02-26 11:30:00-05:00,67.44080352783203,67.54869842529297,67.24009704589844,67.54000091552734,2152,0.0,0.0,0.0
2024-02-26 12:30:00-05:00,67.44300079345703,67.54000091552734,67.44300079345703,67.49099731445312,797,0.0,0.0,0.0
2024-02-26 13:30:00-05:00,67.20999908447266,67.46499633789062,67.20999908447266,67.35009765625,4535,0.0,0.0,0.0
2024-02-26 14:30:00-05:00,67.4000015258789,67.52989959716797,67.4000015258789,67.50340270996094,6405,0.0,0.0,0.0
2024-02-26 15:30:00-05:00,67.41000366210938,67.5,67.26000213623047,67.26000213623047,0,0.0,0.0,0.0
2024-02-27 09:30:00-05:00,68.19000244140625,68.19000244140625,67.69010162353516,67.91999816894531,1738,0.0,0.0,0.0
2024-02-27 10:30:00-05:00,67.9800033569336,68.01000213623047,67.80000305175781,67.9800033569336,1685,0.0,0.0,0.0
2024-02-27 11:30:00-05:00,68.0,68.16999816894531,67.83000183105469,67.98999786376953,4904,0.0,0.0,0.0
2024-02-27 12:30:00-05:00,67.87000274658203,67.94999694824219,67.79000091552734,67.80000305175781,5143,0.0,0.0,0.0
2024-02-27 13:30:00-05:00,67.73780059814453,67.93000030517578,67.73780059814453,67.74949645996094,1752,0.0,0.0,0.0
2024-02-27 14:30:00-05:00,67.76329803466797,67.76329803466797,67.73739624023438,67.73739624023438,768,0.0,0.0,0.0
2024-02-27 15:30:00-05:00,67.76000213623047,67.91780090332031,67.76000213623047,67.8583984375,0,0.0,0.0,0.0
2024-02-28 09:30:00-05:00,67.33219909667969,67.7699966430664,67.23169708251953,67.63999938964844,4566,0.0,0.0,0.0
2024-02-28 10:30:00-05:00,67.78199768066406,67.78199768066406,67.6500015258789,67.6500015258789,1081,0.0,0.0,0.0
2024-02-28 11:30:00-05:00,67.64839935302734,67.81999969482422,67.64839935302734,67.73500061035156,2023,0.0,0.0,0.0
2024-02-28 12:30:00-05:00,67.77999877929688,67.80989837646484,67.6500015258789,67.80750274658203,966,0.0,0.0,0.0
2024-02-28 13:30:00-05:00,67.76000213623047,67.9375,67.51329803466797,67.67520141601562,4852,0.0,0.0,0.0
2024-02-28 14:30:00-05:00,67.61309814453125,67.70999908447266,67.61309814453125,67.70999908447266,718,0.0,0.0,0.0
2024-02-28 15:30:00-05:00,67.76000213623047,67.83999633789062,67.5,67.55439758300781,1788,0.0,0.0,0.0
2024-02-29 09:30:00-05:00,68.15139770507812,68.3949966430664,67.95919799804688,67.99240112304688,0,0.0,0.0,0.0
2024-02-29 11:30:00-05:00,67.87999725341797,68.0199966430664,67.87999725341797,68.0199966430664,640,0.0,0.0,0.0
2024-02-29 12:30:00-05:00,67.86380004882812,67.90119934082031,67.80010223388672,67.90119934082031,4866,0.0,0.0,0.0
2024-02-29 13:30:00-05:00,67.972900390625,67.99040222167969,67.94190216064453,67.9800033569336,782,0.0,0.0,0.0
2024-02-29 14:30:00-05:00,68.02999877929688,68.16000366210938,67.91999816894531,68.16000366210938,3124,0.0,0.0,0.0
2024-02-29 15:30:00-05:00,67.99009704589844,68.1500015258789,67.93589782714844,68.1500015258789,1145,0.0,0.0,0.0
2024-03-01 09:30:00-05:00,68.12999725341797,68.23999786376953,67.86000061035156,68.23999786376953,0,0.0,0.0,0.0
2024-03-01 10:30:00-05:00,68.47000122070312,68.66609954833984,68.41999816894531,68.58499908447266,1873,0.0,0.0,0.0
2024-03-01 11:30:00-05:00,68.63580322265625,68.70999908447266,68.62000274658203,68.70999908447266,2928,0.0,0.0,0.0
2024-03-01 12:30:00-05:00,68.69999694824219,68.69999694824219,68.6135025024414,68.6135025024414,1231,0.0,0.0,0.0
2024-03-01 13:30:00-05:00,68.67559814453125,68.67559814453125,68.67559814453125,68.67559814453125,375,0.0,0.0,0.0
2024-03-01 14:30:00-05:00,68.7300033569336,68.75,68.48429870605469,68.48429870605469,1553,0.0,0.0,0.0
2024-03-01 15:30:00-05:00,68.5999984741211,68.5999984741211,68.56999969482422,68.56999969482422,728,0.0,0.0,0.0
2024-03-04 09:30:00-05:00,68.83000183105469,68.83000183105469,68.69000244140625,68.69000244140625,1705,0.0,0.0,0.0
2024-03-04 10:30:00-05:00,68.91000366210938,68.91000366210938,68.84200286865234,68.84200286865234,526,0.0,0.0,0.0
2024-03-04 11:30:00-05:00,68.93270111083984,69.08999633789062,68.93270111083984,69.08999633789062,1208,0.0,0.0,0.0
2024-03-04 12:30:00-05:00,68.98539733886719,69.0322036743164,68.93000030517578,68.95809936523438,7935,0.0,0.0,0.0
2024-03-04 13:30:00-05:00,68.95999908447266,69.06999969482422,68.81999969482422,68.99759674072266,19898,0.0,0.0,0.0
2024-03-04 14:30:00-05:00,69.0072021484375,69.0072021484375,68.88999938964844,68.88999938964844,1808,0.0,0.0,0.0
2024-03-04 15:30:00-05:00,68.76000213623047,68.8646011352539,68.58999633789062,68.66000366210938,19781,0.0,0.0,0.0
2024-03-05 09:30:00-05:00,68.36000061035156,68.51000213623047,67.98999786376953,68.36000061035156,0,0.0,0.0,0.0
2024-03-05 10:30:00-05:00,68.1500015258789,68.20999908447266,67.99009704589844,68.20989990234375,3378,0.0,0.0,0.0
2024-03-05 11:30:00-05:00,67.98979949951172,68.3488998413086,67.98979949951172,68.3488998413086,1279,0.0,0.0,0.0
2024-03-05 12:30:00-05:00,68.11000061035156,68.11000061035156,68.11000061035156,68.11000061035156,889,0.0,0.0,0.0
2024-03-05 13:30:00-05:00,68.29000091552734,68.29000091552734,68.06999969482422,68.12999725341797,609,0.0,0.0,0.0
2024-03-05 14:30:00-05:00,67.8499984741211,67.8499984741211,67.6500015258789,67.76000213623047,517,0.0,0.0,0.0
2024-03-05 15:30:00-05:00,67.54000091552734,67.8311996459961,67.54000091552734,67.8311996459961,0,0.0,0.0,0.0
2024-03-06 09:30:00-05:00,68.2249984741211,68.32820129394531,68.20500183105469,68.30770111083984,1351,0.0,0.0,0.0
2024-03-06 10:30:00-05:00,68.25420379638672,68.47740173339844,68.25420379638672,68.47740173339844,1734,0.0,0.0,0.0
2024-03-06 11:30:00-05:00,68.36209869384766,68.68170166015625,68.36209869384766,68.68000030517578,1463,0.0,0.0,0.0
2024-03-06 13:30:00-05:00,68.37999725341797,68.4800033569336,68.25,68.4800033569336,2105,0.0,0.0,0.0
2024-03-06 14:30:00-05:00,68.37999725341797,68.5999984741211,68.36319732666016,68.36319732666016,2641,0.0,0.0,0.0
2024-03-06 15:30:00-05:00,68.36979675292969,68.60169982910156,68.30000305175781,68.30000305175781,0,0.0,0.0,0.0
2024-03-07 09:30:00-05:00,69.08999633789062,69.2300033569336,69.08999633789062,69.2300033569336,11145,0.0,0.0,0.0
2024-03-07 11:30:00-05:00,69.12000274658203,69.2145004272461,69.12000274658203,69.2145004272461,1174,0.0,0.0,0.0
2024-03-07 12:30:00-05:00,69.13099670410156,69.13099670410156,69.13099670410156,69.13099670410156,448,0.0,0.0,0.0
2024-03-07 13:30:00-05:00,69.2344970703125,69.3499984741211,69.19000244140625,69.19000244140625,2714,0.0,0.0,0.0
2024-03-07 14:30:00-05:00,69.29730224609375,69.29730224609375,69.27999877929688,69.27999877929688,1084,0.0,0.0,0.0
2024-03-07 15:30:00-05:00,69.15809631347656,69.22000122070312,69.15809631347656,69.22000122070312,312,0.0,0.0,0.0
2024-03-08 09:30:00-05:00,69.5199966430664,70.03990173339844,69.5199966430664,69.86000061035156,0,0.0,0.0,0.0
2024-03-08 10:30:00-05:00,69.64360046386719,69.64360046386719,69.57990264892578,69.57990264892578,570,0.0,0.0,0.0
2024-03-08 11:30:00-05:00,69.09500122070312,69.15869903564453,68.94000244140625,68.94000244140625,5419,0.0,0.0,0.0
2024-03-08 12:30:00-05:00,69.01000213623047,69.01000213623047,68.81790161132812,68.81790161132812,2816,0.0,0.0,0.0
2024-03-08 13:30:00-05:00,68.50189971923828,68.50189971923828,68.50189971923828,68.50189971923828,156,0.0,0.0,0.0
2024-03-08 14:30:00-05:00,68.83999633789062,68.83999633789062,68.75830078125,68.76490020751953,1148,0.0,0.0,0.0
2024-03-08 15:30:00-05:00,68.61000061035156,68.61000061035156,68.41000366210938,68.41000366210938,1184,0.0,0.0,0.0
2024-03-11 09:30:00-04:00,68.1050033569336,68.1050033569336,67.64969635009766,67.64969635009766,0,0.0,0.0,0.0
2024-03-11 10:30:00-04:00,67.79149627685547,67.8499984741211,67.79149627685547,67.8499984741211,1545,0.0,0.0,0.0
2024-03-11 11:30:00-04:00,67.89089965820312,67.89089965820312,67.89089965820312,67.89089965820312,415,0.0,0.0,0.0
2024-03-11 12:30:00-04:00,67.98999786376953,68.04000091552734,67.98999786376953,68.04000091552734,2034,0.0,0.0,0.0
2024-03-11 13:30:00-04:00,68.0999984741211,68.0999984741211,68.0999984741211,68.0999984741211,306,0.0,0.0,0.0
2024-03-11 14:30:00-04:00,68.04000091552734,68.04000091552734,68.02130126953125,68.02130126953125,931,0.0,0.0,0.0
2024-03-11 15:30:00-04:00,68.01000213623047,68.12000274658203,68.00499725341797,68.08000183105469,1614,0.0,0.0,0.0
2024-03-12 09:30:00-04:00,68.1500015258789,68.30000305175781,67.99500274658203,68.23880004882812,0,0.0,0.0,0.0
2024-03-12 10:30:00-04:00,68.19999694824219,68.54000091552734,68.15769958496094,68.40499877929688,47287,0.0,0.0,0.0
2024-03-12 11:30:00-04:00,68.29000091552734,68.41000366210938,68.06999969482422,68.20989990234375,4083,0.0,0.0,0.0
2024-03-12 12:30:00-04:00,68.04000091552734,68.25,67.97000122070312,68.25,9950,0.0,0.0,0.0
2024-03-12 13:30:00-04:00,68.18000030517578,68.18000030517578,68.05000305175781,68.17449951171875,1998,0.0,0.0,0.0
2024-03-12 14:30:00-04:00,68.19000244140625,68.4000015258789,68.0999984741211,68.37000274658203,18274,0.0,0.0,0.0
2024-03-12 15:30:00-04:00,68.44999694824219,68.45999908447266,68.18000030517578,68.318603515625,0,0.0,0.0,0.0
2024-03-13 09:30:00-04:00,68.31999969482422,68.72000122070312,68.30999755859375,68.5199966430664,2789,0.0,0.0,0.0
2024-03-13 10:30:00-04:00,68.6500015258789,68.6500015258789,68.3196029663086,68.52999877929688,978,0.0,0.0,0.0
2024-03-13 11:30:00-04:00,68.52999877929688,68.68000030517578,68.32009887695312,68.66000366210938,3076,0.0,0.0,0.0
2024-03-13 12:30:00-04:00,68.45010375976562,68.7300033569336,68.45010375976562,68.7300033569336,9439,0.0,0.0,0.0
2024-03-13 13:30:00-04:00,68.70999908447266,68.73999786376953,68.51010131835938,68.7300033569336,30352,0.0,0.0,0.0
2024-03-13 14:30:00-04:00,68.68199920654297,68.76000213623047,68.27999877929688,68.43000030517578,12555,0.0,0.0,0.0
2024-03-14 09:30:00-04:00,68.5199966430664,68.5199966430664,67.62229919433594,67.62229919433594,0,0.0,0.0,0.0
2024-03-14 10:30:00-04:00,67.72000122070312,67.96990203857422,67.58999633789062,67.58999633789062,6141,0.0,0.0,0.0
2024-03-14 11:30:00-04:00,67.44640350341797,67.62000274658203,67.44640350341797,67.55000305175781,2739,0.0,0.0,0.0
2024-03-14 12:30:00-04:00,67.50260162353516,67.55000305175781,67.32009887695312,67.32009887695312,842,0.0,0.0,0.0
2024-03-14 13:30:00-04:00,67.41670227050781,67.41670227050781,67.41670227050781,67.41670227050781,516,0.0,0.0,0.0
2024-03-14 15:30:00-04:00,66.93000030517578,67.47000122070312,66.93000030517578,67.47000122070312,1698,0.0,0.0,0.0
2024-03-15 09:30:00-04:00,67.58999633789062,67.58999633789062,67.48999786376953,67.56999969482422,1057,0.0,0.0,0.0
2024-03-15 10:30:00-04:00,67.38410186767578,67.51000213623047,67.38410186767578,67.5,4742,0.0,0.0,0.0
2024-03-15 11:30:00-04:00,67.3998031616211,67.3998031616211,67.2936019897461,67.37470245361328,1593,0.0,0.0,0.0
2024-03-15 12:30:00-04:00,67.4000015258789,67.4000015258789,67.3051986694336,67.3051986694336,617,0.0,0.0,0.0
2024-03-15 13:30:00-04:00,67.51360321044922,67.59159851074219,67.44000244140625,67.59159851074219,1337,0.0,0.0,0.0
2024-03-15 14:30:00-04:00,67.54060363769531,67.5781021118164,67.5,67.5,3016,0.0,0.0,0.0
2024-03-15 15:30:00-04:00,67.5,67.54000091552734,67.47000122070312,67.49500274658203,16036,0.0,0.0,0.0
2024-03-18 09:30:00-04:00,67.7300033569336,67.81999969482422,67.5,67.69000244140625,0,0.0,0.0,0.0
2024-03-18 10:30:00-04:00,67.69999694824219,67.81999969482422,67.6781005859375,67.76000213623047,4298,0.0,0.0,0.0
2024-03-18 11:30:00-04:00,67.79499816894531,67.82839965820312,67.66000366210938,67.66000366210938,2928,0.0,0.0,0.0
2024-03-18 13:30:00-04:00,67.87000274658203,67.87000274658203,67.86000061035156,67.86000061035156,576,0.0,0.0,0.0
2024-03-18 14:30:00-04:00,67.83000183105469,67.83000183105469,67.83000183105469,67.83000183105469,695,0.0,0.0,0.0
2024-03-18 15:30:00-04:00,67.66110229492188,67.66110229492188,67.51840209960938,67.51840209960938,1470,0.0,0.0,0.0
2024-03-19 09:30:00-04:00,67.23999786376953,67.5530014038086,67.23999786376953,67.5530014038086,477,0.0,0.0,0.0
2024-03-19 10:30:00-04:00,67.39360046386719,67.43499755859375,67.36000061035156,67.39360046386719,1858,0.0,0.0,0.0
2024-03-19 11:30:00-04:00,67.63009643554688,67.63009643554688,67.63009643554688,67.63009643554688,1051,0.0,0.0,0.0
2024-03-19 13:30:00-04:00,68.13030242919922,68.13030242919922,68.08000183105469,68.08000183105469,1083,0.0,0.0,0.0
2024-03-19 14:30:00-04:00,68.15599822998047,68.17389678955078,67.94719696044922,67.94719696044922,2088,0.0,0.0,0.0
2024-03-19 15:30:00-04:00,67.97000122070312,68.02999877929688,67.97000122070312,68.02999877929688,409,0.0,0.0,0.0
2024-03-20 09:30:00-04:00,68.12999725341797,68.2300033569336,68.12999725341797,68.17639923095703,4977,0.0,0.0,0.0
2024-03-20 10:30:00-04:00,68.1760025024414,68.24500274658203,68.14720153808594,68.23860168457031,2001,0.0,0.0,0.0
2024-03-20 11:30:00-04:00,68.11409759521484,68.11409759521484,68.11409759521484,68.11409759521484,820,0.0,0.0,0.0
2024-03-20 12:30:00-04:00,68.22989654541016,68.22989654541016,68.05000305175781,68.06849670410156,994,0.0,0.0,0.0
2024-03-20 13:30:00-04:00,68.08999633789062,68.70999908447266,68.08999633789062,68.39129638671875,17621,0.0,0.0,0.0
2024-03-20 14:30:00-04:00,68.25,68.86129760742188,68.25,68.80000305175781,10354,0.0,0.0,0.0
2024-03-20 15:30:00-04:00,68.91059875488281,68.91059875488281,68.86499786376953,68.86499786376953,385,0.0,0.0,0.0
2024-03-21 09:30:00-04:00,69.4800033569336,69.9113998413086,69.4800033569336,69.77020263671875,3196,0.0,0.0,0.0
2024-03-21 10:30:00-04:00,69.97100067138672,70.02940368652344,69.86009979248047,70.02940368652344,970,0.0,0.0,0.0
2024-03-21 11:30:00-04:00,69.85590362548828,69.95880126953125,69.85590362548828,69.95880126953125,1184,0.0,0.0,0.0
2024-03-21 12:30:00-04:00,69.88500213623047,69.9800033569336,69.88500213623047,69.88500213623047,3202,0.0,0.0,0.0
2024-03-21 13:30:00-04:00,69.91000366210938,70.04989624023438,69.82170104980469,69.95989990234375,10293,0.0,0.0,0.0
2024-03-21 14:30:00-04:00,69.88140106201172,70.0199966430664,69.88140106201172,69.95040130615234,3967,0.0,0.0,0.0
2024-03-21 15:30:00-04:00,70.02999877929688,70.02999877929688,69.81500244140625,69.82869720458984,11487,0.0,0.0,0.0
2024-03-22 09:30:00-04:00,69.93000030517578,69.93000030517578,69.55000305175781,69.55000305175781,1889,0.0,0.0,0.0
2024-03-22 10:30:00-04:00,69.2853012084961,69.2853012084961,69.18840026855469,69.28500366210938,847,0.0,0.0,0.0
2024-03-22 11:30:00-04:00,69.28150177001953,69.28150177001953,69.16500091552734,69.16500091552734,949,0.0,0.0,0.0
2024-03-22 12:30:00-04:00,69.1177978515625,69.31120300292969,69.1177978515625,69.31120300292969,1536,0.0,0.0,0.0
2024-03-22 13:30:00-04:00,69.293701171875,69.30370330810547,69.293701171875,69.30370330810547,1091,0.0,0.0,0.0
2024-03-22 14:30:00-04:00,69.19000244140625,69.22000122070312,69.19000244140625,69.22000122070312,1121,0.0,0.0,0.0
2024-03-22 15:30:00-04:00,69.13999938964844,69.3499984741211,69.13999938964844,69.3499984741211,1207,0.0,0.0,0.0
2024-03-25 09:30:00-04:00,69.08000183105469,69.3499984741211,69.08000183105469,69.2698974609375,10063,0.0,0.0,0.0
2024-03-25 10:30:00-04:00,69.16400146484375,69.16400146484375,69.16400146484375,69.16400146484375,201,0.0,0.0,0.0
2024-03-25 11:30:00-04:00,69.0833969116211,69.14219665527344,69.0199966430664,69.0199966430664,2285,0.0,0.0,0.0
2024-03-25 12:30:00-04:00,69.05000305175781,69.05000305175781,69.04000091552734,69.04000091552734,941,0.0,0.0,0.0
2024-03-25 13:30:00-04:00,69.04000091552734,69.14990234375,69.0094985961914,69.08999633789062,3868,0.0,0.0,0.0
2024-03-25 14:30:00-04:00,69.06739807128906,69.06739807128906,68.95999908447266,68.95999908447266,1762,0.0,0.0,0.0
2024-03-25 15:30:00-04:00,68.90010070800781,68.96170043945312,68.90010070800781,68.96170043945312,3656,0.0,0.0,0.0
2024-03-26 09:30:00-04:00,69.0999984741211,69.0999984741211,68.97959899902344,68.97959899902344,2978,0.0,0.0,0.0
2024-03-26 10:30:00-04:00,68.84700012207031,68.85769653320312,68.84700012207031,68.85769653320312,4009,0.0,0.0,0.0
2024-03-26 11:30:00-04:00,68.83000183105469,68.83000183105469,68.80819702148438,68.80819702148438,676,0.0,0.0,0.0
2024-03-26 12:30:00-04:00,68.806396484375,68.8499984741211,68.806396484375,68.83360290527344,2620,0.0,0.0,0.0
2024-03-26 13:30:00-04:00,68.83999633789062,69.16000366210938,68.83999633789062,69.16000366210938,6620,0.0,0.0,0.0
2024-03-26 15:30:00-04:00,69.00489807128906,69.04019927978516,68.80000305175781,68.80000305175781,7501,0.0,0.0,0.0
2024-03-27 09:30:00-04:00,69.5,69.5,69.3499984741211,69.4000015258789,8167,0.0,0.0,0.0
2024-03-27 10:30:00-04:00,69.51000213623047,69.5302963256836,69.51000213623047,69.5302963256836,6184,0.0,0.0,0.0
2024-03-27 11:30:00-04:00,69.47049713134766,69.51570129394531,69.33999633789062,69.42859649658203,1173,0.0,0.0,0.0
2024-03-27 12:30:00-04:00,69.44000244140625,69.45469665527344,69.44000244140625,69.44280242919922,762,0.0,0.0,0.0
2024-03-27 13:30:00-04:00,69.41719818115234,69.4800033569336,69.41719818115234,69.4800033569336,1764,0.0,0.0,0.0
2024-03-27 14:30:00-04:00,69.47029876708984,69.47029876708984,69.47029876708984,69.47029876708984,547,0.0,0.0,0.0
2024-03-27 15:30:00-04:00,69.7699966430664,69.7699966430664,69.7699966430664,69.7699966430664,574,0.0,0.0,0.0
2024-03-28 09:30:00-04:00,69.6500015258789,70.04989624023438,69.6500015258789,69.95429992675781,10346,0.0,0.0,0.0
2024-03-28 10:30:00-04:00,70.12429809570312,70.12429809570312,70.06500244140625,70.06500244140625,1884,0.0,0.0,0.0
2024-03-28 11:30:00-04:00,70.28800201416016,70.31559753417969,70.28800201416016,70.29000091552734,714,0.0,0.0,0.0
2024-03-28 12:30:00-04:00,70.23699951171875,70.23699951171875,69.98999786376953,70.0863037109375,3484,0.0,0.0,0.0
2024-03-28 13:30:00-04:00,70.0250015258789,70.05989837646484,70.0250015258789,70.05989837646484,576,0.0,0.0,0.0
2024-03-28 14:30:00-04:00,69.95179748535156,70.0250015258789,69.93049621582031,70.0250015258789,3232,0.0,0.0,0.0
2024-03-28 15:30:00-04:00,70.0,70.0999984741211,69.94999694824219,70.0999984741211,1033,0.0,0.0,0.0
2024-04-01 09:30:00-04:00,70.02999877929688,70.02999877929688,69.60320281982422,69.60320281982422,0,0.0,0.0,0.0
2024-04-01 10:30:00-04:00,69.4800033569336,69.70999908447266,69.39849853515625,69.54000091552734,3557,0.0,0.0,0.0
2024-04-01 11:30:00-04:00,69.43000030517578,69.50520324707031,69.41000366210938,69.50520324707031,2947,0.0,0.0,0.0
2024-04-01 12:30:00-04:00,69.45600128173828,69.58000183105469,69.30999755859375,69.30999755859375,2721,0.0,0.0,0.0
2024-04-01 13:30:00-04:00,69.38500213623047,69.44000244140625,69.38500213623047,69.44000244140625,1544,0.0,0.0,0.0
2024-04-01 14:30:00-04:00,69.38490295410156,69.51000213623047,69.38490295410156,69.51000213623047,2813,0.0,0.0,0.0
2024-04-01 15:30:00-04:00,69.44000244140625,69.51000213623047,69.4000015258789,69.43000030517578,2734,0.0,0.0,0.0
2024-04-02 09:30:00-04:00,68.29000091552734,68.29000091552734,68.17500305175781,68.17500305175781,3878,0.0,0.0,0.0
2024-04-02 10:30:00-04:00,68.29000091552734,68.29000091552734,68.13999938964844,68.18000030517578,3398,0.0,0.0,0.0
2024-04-02 11:30:00-04:00,68.13999938964844,68.13999938964844,68.01000213623047,68.0199966430664,3055,0.0,0.0,0.0
2024-04-02 12:30:00-04:00,68.12000274658203,68.12000274658203,68.0,68.0,804,0.0,0.0,0.0
2024-04-02 13:30:00-04:00,67.93000030517578,67.9800033569336,67.93000030517578,67.9800033569336,3280,0.0,0.0,0.0
2024-04-02 14:30:00-04:00,68.02870178222656,68.08999633789062,67.9312973022461,68.08999633789062,2916,0.0,0.0,0.0
2024-04-02 15:30:00-04:00,68.0822982788086,68.19999694824219,68.0822982788086,68.19999694824219,1220,0.0,0.0,0.0
2024-04-03 09:30:00-04:00,68.12760162353516,68.48490142822266,68.12760162353516,68.4542007446289,7387,0.0,0.0,0.0
2024-04-03 10:30:00-04:00,68.54499816894531,68.69000244140625,68.4845962524414,68.69000244140625,2473,0.0,0.0,0.0
2024-04-03 11:30:00-04:00,68.4751968383789,68.4751968383789,68.44000244140625,68.44000244140625,2019,0.0,0.0,0.0
2024-04-03 12:30:00-04:00,68.5999984741211,68.62000274658203,68.43000030517578,68.55780029296875,4034,0.0,0.0,0.0
2024-04-03 13:30:00-04:00,68.58000183105469,68.58000183105469,68.48999786376953,68.54000091552734,2268,0.0,0.0,0.0
2024-04-03 14:30:00-04:00,68.5250015258789,68.58989715576172,68.27320098876953,68.27320098876953,5294,0.0,0.0,0.0
2024-04-03 15:30:00-04:00,68.3550033569336,68.3550033569336,68.3550033569336,68.3550033569336,3040,0.0,0.0,0.0
2024-04-04 09:30:00-04:00,69.0541000366211,69.0541000366211,68.9000015258789,68.9000015258789,3507,0.0,0.0,0.0
2024-04-04 10:30:00-04:00,68.8949966430664,68.8949966430664,68.8949966430664,68.8949966430664,719,0.0,0.0,0.0
2024-04-04 11:30:00-04:00,68.95500183105469,69.1050033569336,68.90540313720703,69.0999984741211,1446,0.0,0.0,0.0
2024-04-04 12:30:00-04:00,69.07440185546875,69.07640075683594,69.04850006103516,69.06449890136719,1140,0.0,0.0,0.0
2024-04-04 13:30:00-04:00,69.0999984741211,69.0999984741211,68.29000091552734,68.29000091552734,7404,0.0,0.0,0.0
2024-04-04 14:30:00-04:00,67.89469909667969,67.89469909667969,67.89469909667969,67.89469909667969,459,0.0,0.0,0.0
2024-04-04 15:30:00-04:00,67.68000030517578,67.86589813232422,67.68000030517578,67.86589813232422,1331,0.0,0.0,0.0
2024-04-05 09:30:00-04:00,67.88999938964844,68.01920318603516,67.88999938964844,68.01920318603516,9581,0.0,0.0,0.0
2024-04-05 10:30:00-04:00,68.19999694824219,68.19999694824219,68.08000183105469,68.08000183105469,2682,0.0,0.0,0.0
2024-04-05 11:30:00-04:00,68.37999725341797,68.44450378417969,68.37999725341797,68.44450378417969,1634,0.0,0.0,0.0
2024-04-05 12:30:00-04:00,68.35009765625,68.44270324707031,68.35009765625,68.44270324707031,1410,0.0,0.0,0.0
2024-04-05 14:30:00-04:00,68.3582992553711,68.41349792480469,68.3582992553711,68.41349792480469,741,0.0,0.0,0.0
2024-04-05 15:30:00-04:00,68.39600372314453,68.47480010986328,68.33879852294922,68.47480010986328,3892,0.0,0.0,0.0
2024-04-08 09:30:00-04:00,68.3499984741211,68.75,68.3499984741211,68.54000091552734,12161,0.0,0.0,0.0
2024-04-08 10:30:00-04:00,68.73999786376953,68.73999786376953,68.52999877929688,68.6500015258789,2989,0.0,0.0,0.0
2024-04-08 11:30:00-04:00,68.58309936523438,68.58309936523438,68.58309936523438,68.58309936523438,1385,0.0,0.0,0.0
2024-04-08 12:30:00-04:00,68.68009948730469,68.75,68.68009948730469,68.75,761,0.0,0.0,0.0
2024-04-08 13:30:00-04:00,68.75,68.83580017089844,68.6500015258789,68.83580017089844,6892,0.0,0.0,0.0
2024-04-08 14:30:00-04:00,68.76000213623047,68.76000213623047,68.76000213623047,68.76000213623047,1340,0.0,0.0,0.0
2024-04-08 15:30:00-04:00,68.66510009765625,68.66999816894531,68.52999877929688,68.61000061035156,2156,0.0,0.0,0.0
2024-04-09 09:30:00-04:00,68.80999755859375,68.94190216064453,68.7300033569336,68.7300033569336,3001,0.0,0.0,0.0
2024-04-09 10:30:00-04:00,68.36000061035156,68.36000061035156,68.36000061035156,68.36000061035156,219,0.0,0.0,0.0
2024-04-09 11:30:00-04:00,68.31430053710938,68.55000305175781,68.31430053710938,68.55000305175781,1283,0.0,0.0,0.0
2024-04-09 12:30:00-04:00,68.66000366210938,68.69000244140625,68.66000366210938,68.69000244140625,8644,0.0,0.0,0.0
2024-04-09 13:30:00-04:00,68.60289764404297,68.60289764404297,68.55000305175781,68.55000305175781,3546,0.0,0.0,0.0
2024-04-09 14:30:00-04:00,68.5177001953125,68.56919860839844,68.36000061035156,68.41999816894531,1750,0.0,0.0,0.0
2024-04-09 15:30:00-04:00,68.68789672851562,68.68789672851562,68.68789672851562,68.68789672851562,833,0.0,0.0,0.0
2024-04-10 09:30:00-04:00,67.12999725341797,67.64430236816406,67.12999725341797,67.64430236816406,4905,0.0,0.0,0.0
2024-04-10 10:30:00-04:00,67.6792984008789,67.6792984008789,67.56700134277344,67.56700134277344,1301,0.0,0.0,0.0
2024-04-10 11:30:00-04:00,67.55509948730469,67.55509948730469,67.55509948730469,67.55509948730469,602,0.0,0.0,0.0
2024-04-10 12:30:00-04:00,67.45500183105469,67.5199966430664,67.23500061035156,67.5199966430664,5037,0.0,0.0,0.0
2024-04-10 13:30:00-04:00,67.25039672851562,67.4103012084961,67.25039672851562,67.33000183105469,1035,0.0,0.0,0.0
2024-04-10 14:30:00-04:00,67.19670104980469,68.66999816894531,67.19670104980469,67.4000015258789,3435,0.0,0.0,0.0
2024-04-10 15:30:00-04:00,67.41000366210938,67.41000366210938,67.41000366210938,67.41000366210938,207,0.0,0.0,0.0
2024-04-11 09:30:00-04:00,67.75,67.75,67.16000366210938,67.16000366210938,6546,0.0,0.0,0.0
2024-04-11 10:30:00-04:00,67.23079681396484,67.23079681396484,67.20999908447266,67.20999908447266,1095,0.0,0.0,0.0
2024-04-11 11:30:00-04:00,67.4000015258789,67.50980377197266,67.4000015258789,67.50980377197266,704,0.0,0.0,0.0
2024-04-11 12:30:00-04:00,67.40499877929688,67.48919677734375,67.4000015258789,67.48919677734375,5415,0.0,0.0,0.0
2024-04-11 13:30:00-04:00,67.56109619140625,67.7699966430664,67.56109619140625,67.73999786376953,1721,0.0,0.0,0.0
2024-04-11 14:30:00-04:00,67.72100067138672,67.76909637451172,67.71499633789062,67.71499633789062,1202,0.0,0.0,0.0
2024-04-11 15:30:00-04:00,67.55000305175781,67.64530181884766,67.55000305175781,67.64530181884766,1313,0.0,0.0,0.0
2024-04-12 09:30:00-04:00,67.26000213623047,67.26000213623047,66.93000030517578,67.01750183105469,4097,0.0,0.0,0.0
2024-04-12 10:30:00-04:00,66.94000244140625,66.94000244140625,66.80000305175781,66.80000305175781,599,0.0,0.0,0.0
2024-04-12 11:30:00-04:00,66.97579956054688,66.97579956054688,66.9166030883789,66.9166030883789,515,0.0,0.0,0.0
2024-04-12 12:30:00-04:00,66.73410034179688,66.73410034179688,66.5999984741211,66.5999984741211,1901,0.0,0.0,0.0
2024-04-12 13:30:00-04:00,66.62349700927734,66.62349700927734,66.55000305175781,66.55000305175781,1409,0.0,0.0,0.0
2024-04-12 14:30:00-04:00,66.5020980834961,66.5020980834961,66.5020980834961,66.5020980834961,718,0.0,0.0,0.0
2024-04-15 09:30:00-04:00,67.29679870605469,67.29679870605469,66.52999877929688,66.6050033569336,2003,0.0,0.0,0.0
2024-04-15 10:30:00-04:00,66.5197982788086,66.5197982788086,66.29000091552734,66.29000091552734,748,0.0,0.0,0.0
2024-04-15 11:30:00-04:00,66.52999877929688,66.73999786376953,66.52999877929688,66.73999786376953,850,0.0,0.0,0.0
2024-04-15 12:30:00-04:00,66.3594970703125,66.3594970703125,66.08999633789062,66.08999633789062,366,0.0,0.0,0.0
2024-04-15 13:30:00-04:00,66.0,66.0,65.87000274658203,65.98999786376953,3967,0.0,0.0,0.0
2024-04-15 15:30:00-04:00,65.80500030517578,65.80500030517578,65.80500030517578,65.80500030517578,519,0.0,0.0,0.0
2024-04-16 09:30:00-04:00,65.36000061035156,65.41500091552734,65.31900024414062,65.41500091552734,909,0.0,0.0,0.0
2024-04-16 10:30:00-04:00,65.3489990234375,65.3489990234375,65.3489990234375,65.3489990234375,523,0.0,0.0,0.0
2024-04-16 11:30:00-04:00,65.7249984741211,65.7750015258789,65.7249984741211,65.7750015258789,380,0.0,0.0,0.0
2024-04-16 12:30:00-04:00,65.88839721679688,65.88839721679688,65.80619812011719,65.80619812011719,2797,0.0,0.0,0.0
2024-04-16 13:30:00-04:00,65.84989929199219,65.84989929199219,65.55999755859375,65.55999755859375,31638,0.0,0.0,0.0
2024-04-16 14:30:00-04:00,65.4800033569336,65.4800033569336,65.4800033569336,65.4800033569336,0,0.0,0.0,0.0
2024-04-17 09:30:00-04:00,65.84459686279297,65.84459686279297,65.84459686279297,65.84459686279297,454,0.0,0.0,0.0
2024-04-17 10:30:00-04:00,65.61000061035156,65.76110076904297,65.51000213623047,65.76110076904297,6757,0.0,0.0,0.0
2024-04-17 11:30:00-04:00,65.3905029296875,65.41999816894531,65.3905029296875,65.41999816894531,1147,0.0,0.0,0.0
2024-04-17 12:30:00-04:00,65.22959899902344,65.22959899902344,65.22959899902344,65.22959899902344,531,0.0,0.0,0.0
2024-04-17 13:30:00-04:00,65.54409790039062,65.54409790039062,65.34230041503906,65.34230041503906,2102,0.0,0.0,0.0
2024-04-17 14:30:00-04:00,65.32230377197266,65.32230377197266,65.32230377197266,65.32230377197266,585,0.0,0.0,0.0
2024-04-17 15:30:00-04:00,65.27989959716797,65.27989959716797,65.27989959716797,65.27989959716797,1310,0.0,0.0,0.0
2024-04-18 09:30:00-04:00,65.41000366210938,65.41000366210938,65.08000183105469,65.31069946289062,3738,0.0,0.0,0.0
2024-04-18 10:30:00-04:00,65.4645004272461,65.4645004272461,65.4645004272461,65.4645004272461,427,0.0,0.0,0.0
2024-04-18 11:30:00-04:00,65.39710235595703,65.54540252685547,65.39710235595703,65.54540252685547,1095,0.0,0.0,0.0
2024-04-18 12:30:00-04:00,65.28829956054688,65.28829956054688,65.0801010131836,65.091796875,1478,0.0,0.0,0.0
2024-04-18 13:30:00-04:00,65.08000183105469,65.08000183105469,65.00910186767578,65.00910186767578,916,0.0,0.0,0.0
2024-04-18 14:30:00-04:00,64.86000061035156,64.99079895019531,64.80999755859375,64.80999755859375,2189,0.0,0.0,0.0
2024-04-18 15:30:00-04:00,64.91500091552734,64.91500091552734,64.91500091552734,64.91500091552734,399,0.0,0.0,0.0
2024-04-19 09:30:00-04:00,65.25,65.25,65.25,65.25,333,0.0,0.0,0.0
2024-04-19 10:30:00-04:00,64.8646011352539,64.96549987792969,64.8646011352539,64.96549987792969,837,0.0,0.0,0.0
2024-04-19 11:30:00-04:00,65.00050354003906,65.00050354003906,65.00050354003906,65.00050354003906,372,0.0,0.0,0.0
2024-04-19 12:30:00-04:00,64.9354019165039,64.9354019165039,64.9354019165039,64.9354019165039,374,0.0,0.0,0.0
2024-04-19 13:30:00-04:00,64.8832015991211,64.8832015991211,64.69010162353516,64.75499725341797,3674,0.0,0.0,0.0
2024-04-19 14:30:00-04:00,64.63999938964844,64.68000030517578,64.53209686279297,64.68000030517578,1804,0.0,0.0,0.0
2024-04-19 15:30:00-04:00,64.72000122070312,64.72000122070312,64.70700073242188,64.70700073242188,946,0.0,0.0,0.0
2024-04-22 09:30:00-04:00,65.21499633789062,65.44000244140625,64.79000091552734,64.79000091552734,522,0.0,0.0,0.0
2024-04-22 10:30:00-04:00,65.32109832763672,65.32109832763672,65.18499755859375,65.18499755859375,719,0.0,0.0,0.0
2024-04-22 11:30:00-04:00,65.06099700927734,65.20929718017578,65.06099700927734,65.20929718017578,799,0.0,0.0,0.0
2024-04-22 12:30:00-04:00,65.26090240478516,65.58219909667969,65.26090240478516,65.58219909667969,895,0.0,0.0,0.0
2024-04-22 13:30:00-04:00,65.77860260009766,65.77860260009766,65.70909881591797,65.70909881591797,1271,0.0,0.0,0.0
2024-04-22 14:30:00-04:00,65.76480102539062,65.83209991455078,65.76480102539062,65.83209991455078,797,0.0,0.0,0.0
2024-04-22 15:30:00-04:00,65.5697021484375,65.5697021484375,65.41999816894531,65.41999816894531,1754,0.0,0.0,0.0
2024-04-23 09:30:00-04:00,65.88999938964844,65.88999938964844,65.88999938964844,65.88999938964844,1792,0.0,0.0,0.0
2024-04-23 10:30:00-04:00,66.73100280761719,66.73100280761719,66.73100280761719,66.73100280761719,455,0.0,0.0,0.0
2024-04-23 11:30:00-04:00,66.87000274658203,66.87000274658203,66.643798828125,66.68000030517578,2065,0.0,0.0,0.0
2024-04-23 12:30:00-04:00,66.79000091552734,66.86289978027344,66.67759704589844,66.86289978027344,1343,0.0,0.0,0.0
2024-04-23 13:30:00-04:00,66.92649841308594,66.98989868164062,66.83000183105469,66.98989868164062,939,0.0,0.0,0.0
2024-04-23 14:30:00-04:00,67.05999755859375,67.05999755859375,67.05999755859375,67.05999755859375,412,0.0,0.0,0.0
2024-04-23 15:30:00-04:00,66.69999694824219,66.77059936523438,66.69999694824219,66.69999694824219,795,0.0,0.0,0.0
2024-04-24 09:30:00-04:00,67.0999984741211,67.0999984741211,67.0999984741211,67.0999984741211,519,0.0,0.0,0.0
2024-04-24 10:30:00-04:00,66.72000122070312,66.7699966430664,66.5166015625,66.5166015625,2418,0.0,0.0,0.0
2024-04-24 11:30:00-04:00,66.43000030517578,66.46369934082031,66.43000030517578,66.46369934082031,696,0.0,0.0,0.0
2024-04-24 12:30:00-04:00,66.59390258789062,66.59390258789062,66.59390258789062,66.59390258789062,608,0.0,0.0,0.0
2024-04-24 13:30:00-04:00,66.6697006225586,66.81999969482422,66.6697006225586,66.81999969482422,1407,0.0,0.0,0.0
2024-04-24 14:30:00-04:00,66.66780090332031,66.69499969482422,66.63999938964844,66.69499969482422,2567,0.0,0.0,0.0
2024-04-24 15:30:00-04:00,66.68499755859375,66.84230041503906,66.68499755859375,66.84230041503906,1132,0.0,0.0,0.0
2024-04-25 09:30:00-04:00,66.72000122070312,66.72000122070312,66.72000122070312,66.72000122070312,516,0.0,0.0,0.0
2024-04-25 10:30:00-04:00,66.12999725341797,66.12999725341797,65.82119750976562,65.99500274658203,6743,0.0,0.0,0.0
2024-04-25 11:30:00-04:00,66.05000305175781,66.23999786376953,66.05000305175781,66.22000122070312,3927,0.0,0.0,0.0
2024-04-25 12:30:00-04:00,66.38999938964844,66.38999938964844,66.375,66.375,1548,0.0,0.0,0.0
2024-04-25 13:30:00-04:00,66.63999938964844,66.66000366210938,66.52999877929688,66.6500015258789,64391,0.0,0.0,0.0
2024-04-25 14:30:00-04:00,66.43000030517578,66.59500122070312,66.43000030517578,66.59500122070312,1128,0.0,0.0,0.0
2024-04-26 10:30:00-04:00,66.64450073242188,66.77999877929688,66.64450073242188,66.77999877929688,728,0.0,0.0,0.0
2024-04-26 11:30:00-04:00,66.5302963256836,66.63159942626953,66.5302963256836,66.63159942626953,520,0.0,0.0,0.0
2024-04-26 12:30:00-04:00,66.76000213623047,66.76000213623047,66.73500061035156,66.73500061035156,1201,0.0,0.0,0.0
2024-04-26 13:30:00-04:00,66.83000183105469,66.83000183105469,66.74500274658203,66.74500274658203,698,0.0,0.0,0.0
2024-04-26 15:30:00-04:00,66.63569641113281,66.68000030517578,66.60199737548828,66.60199737548828,718,0.0,0.0,0.0
2024-04-29 09:30:00-04:00,66.77999877929688,66.77999877929688,66.77999877929688,66.77999877929688,1005,0.0,0.0,0.0
2024-04-29 10:30:00-04:00,67.09989929199219,67.09989929199219,67.09989929199219,67.09989929199219,432,0.0,0.0,0.0
2024-04-29 11:30:00-04:00,67.0199966430664,67.16999816894531,67.00559997558594,67.11000061035156,1729,0.0,0.0,0.0
2024-04-29 12:30:00-04:00,67.19010162353516,67.19010162353516,67.19010162353516,67.19010162353516,472,0.0,0.0,0.0
2024-04-29 13:30:00-04:00,67.2394027709961,67.2394027709961,67.08000183105469,67.17530059814453,1214,0.0,0.0,0.0
2024-04-29 14:30:00-04:00,67.0634994506836,67.1500015258789,66.81179809570312,66.81179809570312,4990,0.0,0.0,0.0
2024-04-29 15:30:00-04:00,66.8915023803711,66.91799926757812,66.8915023803711,66.91799926757812,1063,0.0,0.0,0.0
2024-04-30 09:30:00-04:00,66.63999938964844,66.69740295410156,66.63999938964844,66.69740295410156,855,0.0,0.0,0.0
2024-04-30 11:30:00-04:00,66.42970275878906,66.42970275878906,66.33329772949219,66.33329772949219,917,0.0,0.0,0.0
2024-04-30 12:30:00-04:00,66.25550079345703,66.25550079345703,66.25550079345703,66.25550079345703,581,0.0,0.0,0.0
2024-04-30 13:30:00-04:00,66.05999755859375,66.1803970336914,66.05999755859375,66.15619659423828,932,0.0,0.0,0.0
2024-04-30 14:30:00-04:00,66.052001953125,66.07520294189453,65.94000244140625,66.01689910888672,12618,0.0,0.0,0.0
2024-04-30 15:30:00-04:00,65.98500061035156,66.00250244140625,65.97740173339844,65.99559783935547,2938,0.0,0.0,0.0
2024-05-01 09:30:00-04:00,65.61000061035156,65.94999694824219,65.61000061035156,65.62999725341797,2087,0.0,0.0,0.0
2024-05-01 10:30:00-04:00,65.63420104980469,65.7072982788086,65.63420104980469,65.7072982788086,1107,0.0,0.0,0.0
2024-05-01 12:30:00-04:00,65.7822036743164,65.8499984741211,65.7822036743164,65.83000183105469,1654,0.0,0.0,0.0
2024-05-01 13:30:00-04:00,65.87000274658203,66.12999725341797,65.87000274658203,66.12999725341797,2108,0.0,0.0,0.0
2024-05-01 14:30:00-04:00,65.98999786376953,66.85820007324219,65.98999786376953,66.85820007324219,13977,0.0,0.0,0.0
2024-05-01 15:30:00-04:00,66.63999938964844,66.63999938964844,66.0199966430664,66.0199966430664,442,0.0,0.0,0.0
2024-05-02 09:30:00-04:00,66.5999984741211,66.5999984741211,65.5,65.55999755859375,3190,0.0,0.0,0.0
2024-05-02 10:30:00-04:00,65.83000183105469,66.12989807128906,65.75,66.04000091552734,3670,0.0,0.0,0.0
2024-05-02 11:30:00-04:00,66.10710144042969,66.25,66.04000091552734,66.04000091552734,5251,0.0,0.0,0.0
2024-05-02 12:30:00-04:00,66.13999938964844,66.2699966430664,66.13999938964844,66.2699966430664,2518,0.0,0.0,0.0
2024-05-02 13:30:00-04:00,66.33999633789062,66.33999633789062,66.2699966430664,66.2699966430664,1312,0.0,0.0,0.0
2024-05-02 14:30:00-04:00,66.44999694824219,66.58000183105469,66.44120025634766,66.44120025634766,1359,0.0,0.0,0.0
2024-05-02 15:30:00-04:00,66.44000244140625,66.44000244140625,66.22000122070312,66.22000122070312,962,0.0,0.0,0.0
2024-05-03 09:30:00-04:00,67.43000030517578,67.43000030517578,67.06999969482422,67.06999969482422,1208,0.0,0.0,0.0
2024-05-03 10:30:00-04:00,67.01000213623047,67.08999633789062,67.01000213623047,67.07540130615234,944,0.0,0.0,0.0
2024-05-03 12:30:00-04:00,67.09940338134766,67.09940338134766,67.01959991455078,67.01959991455078,1108,0.0,0.0,0.0
2024-05-03 13:30:00-04:00,67.14360046386719,67.14360046386719,67.14360046386719,67.14360046386719,830,0.0,0.0,0.0
2024-05-03 14:30:00-04:00,67.1698989868164,67.1698989868164,67.03500366210938,67.03500366210938,1101,0.0,0.0,0.0
2024-05-03 15:30:00-04:00,66.97000122070312,66.97000122070312,66.97000122070312,66.97000122070312,214,0.0,0.0,0.0
2024-05-06 09:30:00-04:00,67.98999786376953,68.03500366210938,67.71620178222656,67.94000244140625,4584,0.0,0.0,0.0
2024-05-06 10:30:00-04:00,67.98860168457031,68.06800079345703,67.05000305175781,67.93000030517578,7794,0.0,0.0,0.0
2024-05-06 11:30:00-04:00,67.93009948730469,67.94450378417969,67.92839813232422,67.92839813232422,1150,0.0,0.0,0.0
2024-05-06 12:30:00-04:00,68.12000274658203,68.12000274658203,68.03520202636719,68.03520202636719,1728,0.0,0.0,0.0
2024-05-06 13:30:00-04:00,68.01069641113281,68.2300033569336,68.01069641113281,68.2300033569336,3363,0.0,0.0,0.0
2024-05-06 14:30:00-04:00,68.16000366210938,68.16000366210938,68.00160217285156,68.03500366210938,3861,0.0,0.0,0.0
2024-05-06 15:30:00-04:00,68.01000213623047,68.0999984741211,68.01000213623047,68.03500366210938,1341,0.0,0.0,0.0
2024-05-07 09:30:00-04:00,68.05000305175781,68.79000091552734,68.05000305175781,68.72969818115234,4622,0.0,0.0,0.0
2024-05-07 10:30:00-04:00,68.70970153808594,68.76609802246094,68.70970153808594,68.76609802246094,2349,0.0,0.0,0.0
2024-05-07 11:30:00-04:00,68.83300018310547,68.93800354003906,68.80000305175781,68.80000305175781,1029,0.0,0.0,0.0
2024-05-07 12:30:00-04:00,68.86000061035156,68.94950103759766,68.80000305175781,68.91000366210938,3112,0.0,0.0,0.0
2024-05-07 13:30:00-04:00,68.82389831542969,68.8949966430664,68.82389831542969,68.83499908447266,926,0.0,0.0,0.0
2024-05-07 14:30:00-04:00,68.76010131835938,68.80500030517578,68.76000213623047,68.80000305175781,2185,0.0,0.0,0.0
2024-05-07 15:30:00-04:00,68.70110321044922,68.70110321044922,68.69999694824219,68.69999694824219,367,0.0,0.0,0.0
2024-05-08 09:30:00-04:00,67.80000305175781,67.91670227050781,67.70999908447266,67.91670227050781,1054,0.0,0.0,0.0
2024-05-08 10:30:00-04:00,67.80349731445312,67.88259887695312,67.65059661865234,67.65059661865234,742,0.0,0.0,0.0
2024-05-08 11:30:00-04:00,67.66799926757812,67.72000122070312,67.5823974609375,67.58499908447266,1816,0.0,0.0,0.0
2024-05-08 12:30:00-04:00,67.5999984741211,67.61000061035156,67.53170013427734,67.58769989013672,1881,0.0,0.0,0.0
2024-05-08 13:30:00-04:00,67.49440002441406,67.55799865722656,67.49440002441406,67.55799865722656,726,0.0,0.0,0.0
2024-05-08 14:30:00-04:00,67.52369689941406,67.60340118408203,67.51029968261719,67.5250015258789,1689,0.0,0.0,0.0
2024-05-08 15:30:00-04:00,67.63999938964844,67.69000244140625,67.63999938964844,67.65750122070312,2729,0.0,0.0,0.0
2024-05-09 09:30:00-04:00,67.79499816894531,67.79499816894531,67.79499816894531,67.79499816894531,116,0.0,0.0,0.0
2024-05-09 10:30:00-04:00,67.87999725341797,67.93190002441406,67.79000091552734,67.81009674072266,2748,0.0,0.0,0.0
2024-05-09 11:30:00-04:00,67.875,68.02999877929688,67.875,68.02999877929688,1287,0.0,0.0,0.0
2024-05-09 12:30:00-04:00,67.98799896240234,68.05979919433594,67.98799896240234,68.00489807128906,754,0.0,0.0,0.0
2024-05-09 13:30:00-04:00,68.0,68.03970336914062,68.0,68.03970336914062,4415,0.0,0.0,0.0
2024-05-09 14:30:00-04:00,68.07039642333984,68.17379760742188,68.07039642333984,68.17379760742188,925,0.0,0.0,0.0
2024-05-09 15:30:00-04:00,68.23480224609375,68.23989868164062,68.23480224609375,68.23989868164062,1962,0.0,0.0,0.0
2024-05-10 09:30:00-04:00,68.24340057373047,68.24340057373047,68.12999725341797,68.1449966430664,12574,0.0,0.0,0.0
2024-05-10 10:30:00-04:00,67.96189880371094,67.96189880371094,67.96189880371094,67.96189880371094,613,0.0,0.0,0.0
2024-05-10 12:30:00-04:00,68.05500030517578,68.05500030517578,68.05500030517578,68.05500030517578,165,0.0,0.0,0.0
2024-05-10 13:30:00-04:00,68.02359771728516,68.02359771728516,67.87149810791016,67.87149810791016,3597,0.0,0.0,0.0
2024-05-10 14:30:00-04:00,67.94850158691406,68.0365982055664,67.94850158691406,68.0093994140625,1289,0.0,0.0,0.0
2024-05-10 15:30:00-04:00,68.00389862060547,68.04900360107422,68.00389862060547,68.04900360107422,525,0.0,0.0,0.0
2024-05-13 09:30:00-04:00,68.42829895019531,68.51000213623047,68.23999786376953,68.385498046875,4267,0.0,0.0,0.0
2024-05-13 11:30:00-04:00,68.12750244140625,68.13500213623047,68.12750244140625,68.13500213623047,1206,0.0,0.0,0.0
2024-05-13 12:30:00-04:00,68.14459991455078,68.14459991455078,68.06999969482422,68.06999969482422,413,0.0,0.0,0.0
2024-05-13 13:30:00-04:00,67.99479675292969,67.99479675292969,67.84320068359375,67.84320068359375,2112,0.0,0.0,0.0
2024-05-13 14:30:00-04:00,68.01000213623047,68.01000213623047,67.87999725341797,67.87999725341797,1363,0.0,0.0,0.0
2024-05-13 15:30:00-04:00,67.92680358886719,67.92680358886719,67.92680358886719,67.92680358886719,400,0.0,0.0,0.0
2024-05-14 09:30:00-04:00,68.3499984741211,68.3499984741211,68.1050033569336,68.26000213623047,1787,0.0,0.0,0.0
2024-05-14 10:30:00-04:00,68.27439880371094,68.2969970703125,68.26239776611328,68.2969970703125,1142,0.0,0.0,0.0
2024-05-14 11:30:00-04:00,68.30500030517578,68.30500030517578,68.30500030517578,68.30500030517578,1045,0.0,0.0,0.0
2024-05-14 12:30:00-04:00,68.20939636230469,68.26830291748047,68.20500183105469,68.20500183105469,2285,0.0,0.0,0.0
2024-05-14 13:30:00-04:00,68.24140167236328,68.33660125732422,68.24140167236328,68.28250122070312,520,0.0,0.0,0.0
2024-05-14 14:30:00-04:00,68.2654037475586,68.42990112304688,68.2654037475586,68.40249633789062,2036,0.0,0.0,0.0
2024-05-15 09:30:00-04:00,68.86070251464844,69.4000015258789,68.80999755859375,68.8550033569336,12264,0.0,0.0,0.0
2024-05-15 10:30:00-04:00,68.94999694824219,69.11119842529297,68.94999694824219,69.11119842529297,831,0.0,0.0,0.0
2024-05-15 11:30:00-04:00,69.08670043945312,69.17510223388672,69.08670043945312,69.10220336914062,830,0.0,0.0,0.0
2024-05-15 13:30:00-04:00,69.12650299072266,69.12650299072266,69.05000305175781,69.05000305175781,4842,0.0,0.0,0.0
2024-05-15 14:30:00-04:00,69.05999755859375,69.14469909667969,69.05999755859375,69.14469909667969,721,0.0,0.0,0.0
2024-05-15 15:30:00-04:00,69.1261978149414,69.1261978149414,68.9800033569336,68.9800033569336,514,0.0,0.0,0.0
2024-05-16 09:30:00-04:00,69.11000061035156,69.11000061035156,68.72000122070312,68.72000122070312,1449,0.0,0.0,0.0
2024-05-16 11:30:00-04:00,68.78359985351562,68.78359985351562,68.75,68.75,762,0.0,0.0,0.0
2024-05-16 12:30:00-04:00,68.69499969482422,68.80000305175781,68.5999984741211,68.5999984741211,3268,0.0,0.0,0.0
2024-05-16 13:30:00-04:00,68.5199966430664,68.62000274658203,68.45999908447266,68.54000091552734,1878,0.0,0.0,0.0
2024-05-16 14:30:00-04:00,68.447998046875,68.63580322265625,68.447998046875,68.63580322265625,2251,0.0,0.0,0.0
2024-05-17 09:30:00-04:00,68.56999969482422,68.68000030517578,68.33999633789062,68.39790344238281,1872,0.0,0.0,0.0
2024-05-17 10:30:00-04:00,68.33999633789062,68.45030212402344,68.33999633789062,68.38500213623047,2792,0.0,0.0,0.0
2024-05-17 11:30:00-04:00,68.38490295410156,68.38490295410156,68.38490295410156,68.38490295410156,240,0.0,0.0,0.0
2024-05-17 12:30:00-04:00,68.36000061035156,68.36000061035156,68.36000061035156,68.36000061035156,486,0.0,0.0,0.0
2024-05-17 13:30:00-04:00,68.39579772949219,68.39579772949219,68.31050109863281,68.31050109863281,1532,0.0,0.0,0.0
2024-05-17 14:30:00-04:00,68.37840270996094,68.37840270996094,68.37840270996094,68.37840270996094,852,0.0,0.0,0.0
2024-05-17 15:30:00-04:00,68.43180084228516,68.43180084228516,68.43180084228516,68.43180084228516,208,0.0,0.0,0.0
2024-05-20 09:30:00-04:00,68.58999633789062,68.82469940185547,68.3499984741211,68.69999694824219,3490,0.0,0.0,0.0
2024-05-20 10:30:00-04:00,68.56590270996094,68.76429748535156,68.56590270996094,68.76429748535156,957,0.0,0.0,0.0
2024-05-20 11:30:00-04:00,68.80500030517578,68.8499984741211,68.72650146484375,68.72650146484375,1017,0.0,0.0,0.0
2024-05-20 12:30:00-04:00,68.79499816894531,68.79499816894531,68.79499816894531,68.79499816894531,380,0.0,0.0,0.0
2024-05-20 13:30:00-04:00,68.58000183105469,68.58000183105469,68.58000183105469,68.58000183105469,120,0.0,0.0,0.0
2024-05-20 14:30:00-04:00,68.61000061035156,68.87000274658203,68.61000061035156,68.87000274658203,1601,0.0,0.0,0.0
2024-05-20 15:30:00-04:00,68.69499969482422,68.76000213623047,68.69499969482422,68.76000213623047,347,0.0,0.0,0.0
2024-05-21 09:30:00-04:00,68.66999816894531,68.66999816894531,68.41000366210938,68.4800033569336,2374,0.0,0.0,0.0
2024-05-21 10:30:00-04:00,68.48500061035156,68.48500061035156,68.48500061035156,68.48500061035156,862,0.0,0.0,0.0
2024-05-21 11:30:00-04:00,68.52999877929688,68.52999877929688,68.306396484375,68.306396484375,2380,0.0,0.0,0.0
2024-05-21 12:30:00-04:00,68.36820220947266,68.5,68.36820220947266,68.5,1596,0.0,0.0,0.0
2024-05-21 13:30:00-04:00,68.36109924316406,68.50990295410156,68.36109924316406,68.41539764404297,2147,0.0,0.0,0.0
2024-05-21 14:30:00-04:00,68.41329956054688,68.41329956054688,68.41329956054688,68.41329956054688,521,0.0,0.0,0.0
2024-05-21 15:30:00-04:00,68.44760131835938,68.48889923095703,68.38009643554688,68.48889923095703,553,0.0,0.0,0.0
2024-05-22 09:30:00-04:00,68.66999816894531,68.66999816894531,68.26000213623047,68.260498046875,1266,0.0,0.0,0.0
2024-05-22 10:30:00-04:00,68.2300033569336,68.38999938964844,68.20500183105469,68.20500183105469,2226,0.0,0.0,0.0
2024-05-22 11:30:00-04:00,68.25180053710938,68.31999969482422,68.23999786376953,68.31999969482422,584,0.0,0.0,0.0
2024-05-22 12:30:00-04:00,68.4448013305664,68.56990051269531,68.41999816894531,68.43499755859375,2415,0.0,0.0,0.0
2024-05-22 13:30:00-04:00,68.33000183105469,68.33000183105469,68.08999633789062,68.08999633789062,1442,0.0,0.0,0.0
2024-05-22 14:30:00-04:00,67.97260284423828,68.09519958496094,67.97260284423828,68.09519958496094,1067,0.0,0.0,0.0
2024-05-22 15:30:00-04:00,68.2249984741211,68.2249984741211,68.2249984741211,68.2249984741211,758,0.0,0.0,0.0
2024-05-23 09:30:00-04:00,68.13999938964844,68.13999938964844,67.87000274658203,68.0199966430664,1465,0.0,0.0,0.0
2024-05-23 10:30:00-04:00,67.95999908447266,67.97000122070312,67.80999755859375,67.97000122070312,61230,0.0,0.0,0.0
2024-05-23 11:30:00-04:00,68.05999755859375,68.20999908447266,68.05999755859375,68.2052001953125,3564,0.0,0.0,0.0
2024-05-23 12:30:00-04:00,68.1500015258789,68.4749984741211,67.94000244140625,67.98500061035156,5117,0.0,0.0,0.0
2024-05-23 13:30:00-04:00,67.87999725341797,67.87999725341797,67.37000274658203,67.53130340576172,2395,0.0,0.0,0.0
2024-05-23 14:30:00-04:00,67.37000274658203,67.54000091552734,67.37000274658203,67.47000122070312,1992,0.0,0.0,0.0
2024-05-23 15:30:00-04:00,67.54989624023438,67.66000366210938,67.5333023071289,67.66000366210938,3474,0.0,0.0,0.0
2024-05-24 09:30:00-04:00,67.79000091552734,67.87789916992188,67.7699966430664,67.7699966430664,3084,0.0,0.0,0.0
2024-05-24 10:30:00-04:00,68.0199966430664,68.15499877929688,68.0199966430664,68.15499877929688,722,0.0,0.0,0.0
2024-05-24 11:30:00-04:00,68.13009643554688,68.2300033569336,68.13009643554688,68.2300033569336,1167,0.0,0.0,0.0
2024-05-24 12:30:00-04:00,68.16210174560547,68.181396484375,68.16210174560547,68.181396484375,591,0.0,0.0,0.0
2024-05-24 13:30:00-04:00,68.19249725341797,68.19249725341797,68.19249725341797,68.19249725341797,487,0.0,0.0,0.0
2024-05-24 14:30:00-04:00,68.16010284423828,68.16010284423828,68.06999969482422,68.15499877929688,1449,0.0,0.0,0.0
2024-05-24 15:30:00-04:00,68.12999725341797,68.17379760742188,68.06999969482422,68.16500091552734,2704,0.0,0.0,0.0
2024-05-28 09:30:00-04:00,68.2300033569336,68.36499786376953,67.97000122070312,68.14990234375,5081,0.0,0.0,0.0
2024-05-28 10:30:00-04:00,68.11000061035156,68.18000030517578,68.02200317382812,68.17539978027344,1645,0.0,0.0,0.0
2024-05-28 11:30:00-04:00,68.02459716796875,68.02459716796875,67.95010375976562,68.02040100097656,1183,0.0,0.0,0.0
2024-05-28 12:30:00-04:00,68.0250015258789,68.0250015258789,67.91500091552734,67.91500091552734,1418,0.0,0.0,0.0
2024-05-28 13:30:00-04:00,67.78209686279297,67.8021011352539,67.66100311279297,67.8021011352539,654,0.0,0.0,0.0
2024-05-28 14:30:00-04:00,67.52999877929688,67.73989868164062,67.52999877929688,67.73989868164062,1292,0.0,0.0,0.0
2024-05-28 15:30:00-04:00,67.73639678955078,67.73639678955078,67.73639678955078,67.73639678955078,545,0.0,0.0,0.0
2024-05-29 09:30:00-04:00,66.94000244140625,67.05000305175781,66.93000030517578,67.05000305175781,1689,0.0,0.0,0.0
2024-05-29 10:30:00-04:00,66.89009857177734,67.00599670410156,66.89009857177734,66.93990325927734,7558,0.0,0.0,0.0
2024-05-29 11:30:00-04:00,66.81099700927734,67.00640106201172,66.81099700927734,67.00640106201172,840,0.0,0.0,0.0
2024-05-29 13:30:00-04:00,66.75499725341797,66.81710052490234,66.72000122070312,66.81710052490234,3654,0.0,0.0,0.0
2024-05-29 14:30:00-04:00,66.87999725341797,66.87999725341797,66.87999725341797,66.87999725341797,617,0.0,0.0,0.0
2024-05-29 15:30:00-04:00,66.79109954833984,66.9800033569336,66.7699966430664,66.7699966430664,3166,0.0,0.0,0.0
2024-05-30 09:30:00-04:00,66.81999969482422,66.87699890136719,66.54000091552734,66.87699890136719,863,0.0,0.0,0.0
2024-05-30 10:30:00-04:00,67.11799621582031,67.13500213623047,67.01000213623047,67.13500213623047,3422,0.0,0.0,0.0
2024-05-30 11:30:00-04:00,67.19999694824219,67.28829956054688,67.19999694824219,67.28829956054688,1644,0.0,0.0,0.0
2024-05-30 12:30:00-04:00,67.25,67.33999633789062,67.25,67.33999633789062,518,0.0,0.0,0.0
2024-05-30 13:30:00-04:00,67.1500015258789,67.1500015258789,67.0199966430664,67.02010345458984,772,0.0,0.0,0.0
2024-05-30 14:30:00-04:00,66.97000122070312,67.09829711914062,66.93000030517578,66.93000030517578,1328,0.0,0.0,0.0
2024-05-30 15:30:00-04:00,66.88999938964844,66.94999694824219,66.81999969482422,66.94999694824219,2114,0.0,0.0,0.0
2024-05-31 09:30:00-04:00,67.2699966430664,67.31999969482422,66.80619812011719,66.80619812011719,3605,0.0,0.0,0.0
2024-05-31 10:30:00-04:00,66.61000061035156,66.76629638671875,66.61000061035156,66.76629638671875,9470,0.0,0.0,0.0
2024-05-31 11:30:00-04:00,66.55999755859375,66.57730102539062,66.39140319824219,66.39140319824219,3414,0.0,0.0,0.0
2024-05-31 12:30:00-04:00,66.40010070800781,66.6895980834961,66.40010070800781,66.6895980834961,1185,0.0,0.0,0.0
2024-05-31 14:30:00-04:00,66.64510345458984,66.81500244140625,66.64510345458984,66.81500244140625,1418,0.0,0.0,0.0
2024-05-31 15:30:00-04:00,66.7300033569336,67.36000061035156,66.7300033569336,67.36000061035156,570,0.0,0.0,0.0
2024-06-03 09:30:00-04:00,67.63999938964844,67.63999938964844,67.12999725341797,67.21759796142578,4823,0.0,0.0,0.0
2024-06-03 10:30:00-04:00,67.05999755859375,67.05999755859375,66.8988037109375,66.8988037109375,2485,0.0,0.0,0.0
2024-06-03 11:30:00-04:00,66.80999755859375,66.80999755859375,66.63500213623047,66.63500213623047,1521,0.0,0.0,0.0
2024-06-03 12:30:00-04:00,66.31300354003906,66.58999633789062,66.31300354003906,66.58999633789062,1442,0.0,0.0,0.0
2024-06-03 13:30:00-04:00,66.41999816894531,66.6843032836914,66.41999816894531,66.6843032836914,1259,0.0,0.0,0.0
2024-06-03 14:30:00-04:00,66.57369995117188,66.69000244140625,66.57369995117188,66.69000244140625,1296,0.0,0.0,0.0
2024-06-03 15:30:00-04:00,66.58000183105469,66.58000183105469,66.58000183105469,66.58000183105469,218,0.0,0.0,0.0
2024-06-04 09:30:00-04:00,66.01000213623047,66.41999816894531,66.01000213623047,66.22450256347656,4859,0.0,0.0,0.0
2024-06-04 10:30:00-04:00,66.05000305175781,66.05000305175781,66.05000305175781,66.05000305175781,1336,0.0,0.0,0.0
2024-06-04 11:30:00-04:00,66.06999969482422,66.0999984741211,65.85130310058594,65.9000015258789,9508,0.0,0.0,0.0
2024-06-04 12:30:00-04:00,65.80000305175781,65.80000305175781,65.80000305175781,65.80000305175781,860,0.0,0.0,0.0
2024-06-04 13:30:00-04:00,65.87999725341797,65.91000366210938,65.81379699707031,65.91000366210938,1243,0.0,0.0,0.0
2024-06-04 14:30:00-04:00,66.05909729003906,66.05909729003906,65.75679779052734,65.75679779052734,5406,0.0,0.0,0.0
2024-06-04 15:30:00-04:00,65.83999633789062,65.8499984741211,65.83999633789062,65.8499984741211,838,0.0,0.0,0.0
2024-06-05 09:30:00-04:00,66.0864028930664,66.26499938964844,66.0864028930664,66.26499938964844,1763,0.0,0.0,0.0
2024-06-05 10:30:00-04:00,66.30999755859375,66.65969848632812,66.30999755859375,66.65969848632812,2674,0.0,0.0,0.0
2024-06-05 11:30:00-04:00,66.52159881591797,66.75520324707031,66.52159881591797,66.67289733886719,1178,0.0,0.0,0.0
2024-06-05 12:30:00-04:00,66.81120300292969,66.8499984741211,66.68000030517578,66.81079864501953,3810,0.0,0.0,0.0
2024-06-05 13:30:00-04:00,66.83499908447266,66.97239685058594,66.83499908447266,66.97239685058594,2663,0.0,0.0,0.0
2024-06-05 14:30:00-04:00,66.8949966430664,66.9800033569336,66.81999969482422,66.9800033569336,4545,0.0,0.0,0.0
2024-06-05 15:30:00-04:00,66.80000305175781,66.86499786376953,66.77069854736328,66.86499786376953,3907,0.0,0.0,0.0
2024-06-06 10:30:00-04:00,66.64009857177734,66.87999725341797,66.64009857177734,66.87999725341797,737,0.0,0.0,0.0
2024-06-06 11:30:00-04:00,66.7699966430664,66.7699966430664,66.7699966430664,66.7699966430664,850,0.0,0.0,0.0
2024-06-06 13:30:00-04:00,66.7699966430664,66.7699966430664,66.62789916992188,66.62789916992188,1080,0.0,0.0,0.0
2024-06-06 14:30:00-04:00,66.61309814453125,66.6500015258789,66.58499908447266,66.58499908447266,1885,0.0,0.0,0.0
2024-06-06 15:30:00-04:00,66.5728988647461,66.5728988647461,66.45999908447266,66.45999908447266,1035,0.0,0.0,0.0
2024-06-07 09:30:00-04:00,66.38999938964844,66.47969818115234,66.38999938964844,66.47969818115234,495,0.0,0.0,0.0
2024-06-07 10:30:00-04:00,66.56999969482422,66.56999969482422,66.30000305175781,66.30000305175781,2537,0.0,0.0,0.0
2024-06-07 11:30:00-04:00,66.25749969482422,66.4000015258789,66.25749969482422,66.4000015258789,539,0.0,0.0,0.0
2024-06-07 12:30:00-04:00,66.33529663085938,66.33529663085938,66.33529663085938,66.33529663085938,475,0.0,0.0,0.0
2024-06-07 13:30:00-04:00,66.06529998779297,66.06529998779297,66.0199966430664,66.0199966430664,799,0.0,0.0,0.0
2024-06-07 14:30:00-04:00,66.16429901123047,66.2925033569336,66.12000274658203,66.12000274658203,411,0.0,0.0,0.0
2024-06-07 15:30:00-04:00,66.13500213623047,66.13500213623047,66.12999725341797,66.12999725341797,1283,0.0,0.0,0.0
2024-06-10 09:30:00-04:00,65.80000305175781,65.88500213623047,65.76000213623047,65.81839752197266,1648,0.0,0.0,0.0
2024-06-10 10:30:00-04:00,65.68070220947266,65.7300033569336,65.68070220947266,65.7300033569336,903,0.0,0.0,0.0
2024-06-10 11:30:00-04:00,65.79499816894531,65.88899993896484,65.79499816894531,65.84609985351562,1278,0.0,0.0,0.0
2024-06-10 13:30:00-04:00,65.95999908447266,66.05000305175781,65.94760131835938,66.03800201416016,1574,0.0,0.0,0.0
2024-06-10 14:30:00-04:00,65.99140167236328,66.23999786376953,65.99140167236328,66.23999786376953,2384,0.0,0.0,0.0
2024-06-10 15:30:00-04:00,66.2699966430664,66.2699966430664,66.2699966430664,66.2699966430664,800,0.0,0.0,0.0
2024-06-11 10:30:00-04:00,65.57610321044922,65.57610321044922,65.57610321044922,65.57610321044922,377,0.0,0.0,0.0
2024-06-11 12:30:00-04:00,65.6500015258789,65.83999633789062,65.6500015258789,65.83999633789062,813,0.0,0.0,0.0
2024-06-11 13:30:00-04:00,65.94889831542969,65.94999694824219,65.91999816894531,65.91999816894531,2269,0.0,0.0,0.0
2024-06-11 14:30:00-04:00,65.98999786376953,66.07959747314453,65.84010314941406,65.84010314941406,1168,0.0,0.0,0.0
2024-06-11 15:30:00-04:00,65.92279815673828,65.93419647216797,65.90499877929688,65.90499877929688,533,0.0,0.0,0.0
2024-06-12 09:30:00-04:00,67.69000244140625,67.91000366210938,67.69000244140625,67.91000366210938,3497,0.0,0.0,0.0
2024-06-12 10:30:00-04:00,67.72000122070312,67.72000122070312,67.59400177001953,67.6626968383789,3166,0.0,0.0,0.0
2024-06-12 11:30:00-04:00,67.5999984741211,67.6364974975586,67.53720092773438,67.53720092773438,531,0.0,0.0,0.0
2024-06-12 12:30:00-04:00,67.69000244140625,67.69000244140625,67.63500213623047,67.63500213623047,999,0.0,0.0,0.0
2024-06-12 13:30:00-04:00,67.71990203857422,67.71990203857422,67.27010345458984,67.27010345458984,5250,0.0,0.0,0.0
2024-06-12 14:30:00-04:00,67.29000091552734,67.36990356445312,67.01020050048828,67.01020050048828,3851,0.0,0.0,0.0
2024-06-12 15:30:00-04:00,67.00180053710938,67.00180053710938,66.93379974365234,66.93379974365234,2066,0.0,0.0,0.0
2024-06-13 10:30:00-04:00,66.56999969482422,66.56999969482422,66.56999969482422,66.56999969482422,326,0.0,0.0,0.0
2024-06-13 11:30:00-04:00,66.51000213623047,66.61990356445312,66.30000305175781,66.30000305175781,4294,0.0,0.0,0.0
2024-06-13 12:30:00-04:00,66.5999984741211,66.5999984741211,66.58159637451172,66.58159637451172,1106,0.0,0.0,0.0
2024-06-13 13:30:00-04:00,66.55000305175781,66.55000305175781,66.47000122070312,66.55000305175781,1224,0.0,0.0,0.0
2024-06-13 14:30:00-04:00,66.61000061035156,66.80000305175781,66.61000061035156,66.70330047607422,2973,0.0,0.0,0.0
2024-06-13 15:30:00-04:00,66.77989959716797,66.83999633789062,66.77159881591797,66.77159881591797,1653,0.0,0.0,0.0
2024-06-14 09:30:00-04:00,66.0999984741211,66.41999816894531,65.63500213623047,65.65119934082031,2303,0.0,0.0,0.0
2024-06-14 10:30:00-04:00,65.79000091552734,65.80999755859375,65.79000091552734,65.80999755859375,2872,0.0,0.0,0.0
2024-06-14 11:30:00-04:00,65.77999877929688,65.88999938964844,65.77999877929688,65.88999938964844,1915,0.0,0.0,0.0
2024-06-14 12:30:00-04:00,65.87000274658203,65.9738998413086,65.80400085449219,65.9738998413086,3578,0.0,0.0,0.0
2024-06-14 13:30:00-04:00,65.96009826660156,65.98999786376953,65.96009826660156,65.98999786376953,572,0.0,0.0,0.0
2024-06-14 14:30:00-04:00,65.93440246582031,65.95500183105469,65.81999969482422,65.95500183105469,4123,0.0,0.0,0.0
2024-06-14 15:30:00-04:00,65.94499969482422,65.94499969482422,65.94499969482422,65.94499969482422,798,0.0,0.0,0.0
2024-06-17 09:30:00-04:00,65.83000183105469,65.95999908447266,65.80999755859375,65.88999938964844,679,0.0,0.0,0.0
2024-06-17 10:30:00-04:00,65.70999908447266,65.90540313720703,65.70999908447266,65.80000305175781,1572,0.0,0.0,0.0
2024-06-17 11:30:00-04:00,65.76000213623047,66.05339813232422,65.76000213623047,66.05339813232422,676,0.0,0.0,0.0
2024-06-17 12:30:00-04:00,66.22039794921875,66.31999969482422,66.21260070800781,66.23999786376953,1603,0.0,0.0,0.0
2024-06-17 13:30:00-04:00,66.40879821777344,66.654296875,66.40879821777344,66.654296875,1414,0.0,0.0,0.0
2024-06-17 14:30:00-04:00,66.53150177001953,66.61000061035156,66.53150177001953,66.61000061035156,2758,0.0,0.0,0.0
2024-06-17 15:30:00-04:00,66.4000015258789,66.4739990234375,66.4000015258789,66.4739990234375,742,0.0,0.0,0.0
2024-06-18 09:30:00-04:00,66.55740356445312,66.62779998779297,66.55000305175781,66.62779998779297,1458,0.0,0.0,0.0
2024-06-18 10:30:00-04:00,66.51000213623047,66.51000213623047,66.43599700927734,66.48999786376953,1001,0.0,0.0,0.0
2024-06-18 11:30:00-04:00,66.6812973022461,66.78559875488281,66.6812973022461,66.78559875488281,1762,0.0,0.0,0.0
2024-06-18 12:30:00-04:00,66.72000122070312,66.72000122070312,66.68879699707031,66.69000244140625,2423,0.0,0.0,0.0
2024-06-18 14:30:00-04:00,66.72000122070312,66.73999786376953,66.65249633789062,66.65249633789062,1430,0.0,0.0,0.0
2024-06-18 15:30:00-04:00,66.6229019165039,66.76000213623047,66.6229019165039,66.73999786376953,1711,0.0,0.0,0.0
2024-06-20 09:30:00-04:00,66.63999938964844,66.63999938964844,66.63999938964844,66.63999938964844,0,0.0,0.0,0.0
2024-06-20 10:30:00-04:00,66.80500030517578,66.80500030517578,66.59269714355469,66.59269714355469,915,0.0,0.0,0.0
2024-06-20 11:30:00-04:00,66.62999725341797,66.70429992675781,66.46330261230469,66.46330261230469,1527,0.0,0.0,0.0
2024-06-20 12:30:00-04:00,66.38130187988281,66.38130187988281,66.31939697265625,66.36499786376953,767,0.0,0.0,0.0
2024-06-20 13:30:00-04:00,66.3499984741211,66.41500091552734,66.3499984741211,66.41500091552734,872,0.0,0.0,0.0
2024-06-20 14:30:00-04:00,66.56999969482422,66.56999969482422,66.25499725341797,66.25499725341797,3106,0.0,0.0,0.0
2024-06-21 09:30:00-04:00,66.16000366210938,66.16000366210938,65.83999633789062,66.0958023071289,2272,0.0,0.0,0.0
2024-06-21 12:30:00-04:00,66.25,66.25,66.25,66.25,301,0.0,0.0,0.0
2024-06-21 13:30:00-04:00,66.2833023071289,66.2833023071289,66.18599700927734,66.26000213623047,2790,0.0,0.0,0.0
2024-06-21 14:30:00-04:00,66.2699966430664,66.30000305175781,66.1500015258789,66.20040130615234,2127,0.0,0.0,0.0
2024-06-21 15:30:00-04:00,66.44999694824219,66.61000061035156,66.44999694824219,66.58999633789062,400,0.0,0.0,0.0
2024-06-24 09:30:00-04:00,66.5999984741211,66.92130279541016,66.5999984741211,66.83999633789062,1349,0.0,0.0,0.0
2024-06-24 10:30:00-04:00,66.85199737548828,66.85199737548828,66.85199737548828,66.85199737548828,364,0.0,0.0,0.0
2024-06-24 11:30:00-04:00,67.00550079345703,67.00550079345703,66.99590301513672,66.99590301513672,551,0.0,0.0,0.0
2024-06-24 12:30:00-04:00,66.90899658203125,66.90899658203125,66.79000091552734,66.79029846191406,665,0.0,0.0,0.0
2024-06-24 13:30:00-04:00,66.7699966430664,66.78309631347656,66.7699966430664,66.78309631347656,376,0.0,0.0,0.0
2024-06-24 14:30:00-04:00,66.91000366210938,66.91999816894531,66.75520324707031,66.75520324707031,2511,0.0,0.0,0.0
2024-06-24 15:30:00-04:00,66.7750015258789,66.7750015258789,66.7750015258789,66.7750015258789,745,0.0,0.0,0.0
2024-06-25 09:30:00-04:00,66.2699966430664,66.60990142822266,66.2699966430664,66.60990142822266,547,0.0,0.0,0.0
2024-06-25 10:30:00-04:00,66.31439971923828,66.38999938964844,66.31439971923828,66.31999969482422,5424,0.0,0.0,0.0
2024-06-25 11:30:00-04:00,66.30000305175781,66.36640167236328,66.19629669189453,66.27230072021484,3871,0.0,0.0,0.0
2024-06-25 13:30:00-04:00,66.42790222167969,66.42790222167969,66.38999938964844,66.38999938964844,1069,0.0,0.0,0.0
2024-06-25 14:30:00-04:00,66.43000030517578,66.49690246582031,66.43000030517578,66.49690246582031,1025,0.0,0.0,0.0
2024-06-25 15:30:00-04:00,66.40029907226562,66.40029907226562,66.37000274658203,66.37000274658203,765,0.0,0.0,0.0
2024-06-26 09:30:00-04:00,66.1050033569336,66.20549774169922,66.09459686279297,66.12999725341797,1597,0.0,0.0,0.0
2024-06-26 10:30:00-04:00,66.13009643554688,66.2249984741211,66.12999725341797,66.12999725341797,1239,0.0,0.0,0.0
2024-06-26 11:30:00-04:00,66.23999786376953,66.29000091552734,66.23999786376953,66.26499938964844,535,0.0,0.0,0.0
2024-06-26 12:30:00-04:00,66.19000244140625,66.24199676513672,66.19000244140625,66.24199676513672,827,0.0,0.0,0.0
2024-06-26 13:30:00-04:00,66.19989776611328,66.19989776611328,66.07499694824219,66.07499694824219,1416,0.0,0.0,0.0
2024-06-26 14:30:00-04:00,66.08000183105469,66.08000183105469,66.06310272216797,66.06310272216797,2818,0.0,0.0,0.0
2024-06-27 09:30:00-04:00,66.06999969482422,66.36499786376953,66.05000305175781,66.29000091552734,1882,0.0,0.0,0.0
2024-06-27 10:30:00-04:00,66.38059997558594,66.38059997558594,66.30999755859375,66.37940216064453,2463,0.0,0.0,0.0
2024-06-27 11:30:00-04:00,66.44740295410156,66.44740295410156,66.44740295410156,66.44740295410156,1535,0.0,0.0,0.0
2024-06-27 12:30:00-04:00,66.46050262451172,66.46050262451172,66.46050262451172,66.46050262451172,252,0.0,0.0,0.0
2024-06-27 13:30:00-04:00,66.40280151367188,66.46299743652344,66.40280151367188,66.45989990234375,1684,0.0,0.0,0.0
2024-06-27 14:30:00-04:00,66.37249755859375,66.38500213623047,66.30999755859375,66.36000061035156,1763,0.0,0.0,0.0
2024-06-27 15:30:00-04:00,66.55999755859375,66.55999755859375,66.44599914550781,66.55999755859375,2134,0.0,0.0,0.0
2024-06-28 09:30:00-04:00,66.41000366210938,67.30999755859375,66.41000366210938,67.05999755859375,8031,0.0,0.0,0.0
2024-06-28 10:30:00-04:00,67.08000183105469,67.11000061035156,67.08000183105469,67.11000061035156,1531,0.0,0.0,0.0
2024-06-28 11:30:00-04:00,66.91239929199219,66.91809844970703,66.81400299072266,66.81400299072266,873,0.0,0.0,0.0
2024-06-28 12:30:00-04:00,66.8499984741211,66.8499984741211,66.59500122070312,66.74030303955078,3068,0.0,0.0,0.0
2024-06-28 13:30:00-04:00,66.43789672851562,66.49500274658203,66.43789672851562,66.49500274658203,899,0.0,0.0,0.0
2024-06-28 14:30:00-04:00,66.32009887695312,66.33100128173828,66.32009887695312,66.33100128173828,615,0.0,0.0,0.0
2024-06-28 15:30:00-04:00,66.1675033569336,66.56800079345703,66.13999938964844,66.51000213623047,1252,0.0,0.0,0.0
2024-07-01 09:30:00-04:00,66.83000183105469,66.83000183105469,66.7074966430664,66.7074966430664,763,0.0,0.0,0.0
2024-07-01 10:30:00-04:00,66.30290222167969,66.38999938964844,66.25199890136719,66.38999938964844,940,0.0,0.0,0.0
2024-07-01 11:30:00-04:00,66.11509704589844,66.22039794921875,65.98999786376953,66.19499969482422,34187,0.0,0.0,0.0
2024-07-01 12:30:00-04:00,66.05999755859375,66.154296875,66.05000305175781,66.154296875,1997,0.0,0.0,0.0
2024-07-01 13:30:00-04:00,66.0999984741211,66.24960327148438,66.0999984741211,66.24960327148438,665,0.0,0.0,0.0
2024-07-01 14:30:00-04:00,66.1500015258789,66.18340301513672,66.06929779052734,66.06929779052734,10747,0.0,0.0,0.0
2024-07-02 09:30:00-04:00,66.0250015258789,66.19000244140625,66.0250015258789,66.19000244140625,1077,0.0,0.0,0.0
2024-07-02 10:30:00-04:00,66.2300033569336,66.2300033569336,66.11499786376953,66.11499786376953,2732,0.0,0.0,0.0
2024-07-02 11:30:00-04:00,66.12999725341797,66.2061996459961,66.12999725341797,66.16739654541016,1952,0.0,0.0,0.0
2024-07-02 12:30:00-04:00,66.09500122070312,66.10330200195312,65.94000244140625,65.99259948730469,8938,0.0,0.0,0.0
2024-07-02 13:30:00-04:00,66.0,66.19000244140625,66.0,66.19000244140625,888,0.0,0.0,0.0
2024-07-02 14:30:00-04:00,66.08000183105469,66.25,66.08000183105469,66.19989776611328,1471,0.0,0.0,0.0
2024-07-02 15:30:00-04:00,66.16010284423828,66.16010284423828,66.14869689941406,66.14869689941406,773,0.0,0.0,0.0
2024-07-03 09:30:00-04:00,66.4000015258789,66.72850036621094,66.36479949951172,66.72850036621094,4659,0.0,0.0,0.0
2024-07-03 10:30:00-04:00,66.54170227050781,66.56099700927734,66.4800033569336,66.51529693603516,1767,0.0,0.0,0.0
2024-07-03 11:30:00-04:00,66.55000305175781,66.55000305175781,66.38009643554688,66.48690032958984,1649,0.0,0.0,0.0
2024-07-03 12:30:00-04:00,66.43000030517578,66.55000305175781,66.43000030517578,66.47810363769531,761,0.0,0.0,0.0
2024-07-05 09:30:00-04:00,66.5199966430664,66.5199966430664,66.14620208740234,66.14620208740234,0,0.0,0.0,0.0
2024-07-05 10:30:00-04:00,66.04299926757812,66.1355972290039,66.04299926757812,66.09500122070312,786,0.0,0.0,0.0
2024-07-05 11:30:00-04:00,65.95999908447266,66.12920379638672,65.95999908447266,66.08999633789062,2060,0.0,0.0,0.0
2024-07-05 12:30:00-04:00,65.97560119628906,65.97560119628906,65.97560119628906,65.97560119628906,342,0.0,0.0,0.0
2024-07-05 13:30:00-04:00,66.02999877929688,66.02999877929688,66.02749633789062,66.02860260009766,765,0.0,0.0,0.0
2024-07-05 14:30:00-04:00,66.05000305175781,66.05000305175781,66.05000305175781,66.05000305175781,748,0.0,0.0,0.0
2024-07-05 15:30:00-04:00,66.01599884033203,66.25990295410156,66.01599884033203,66.25990295410156,1507,0.0,0.0,0.0
2024-07-08 09:30:00-04:00,66.08000183105469,66.5999984741211,66.08000183105469,66.4800033569336,2212,0.0,0.0,0.0
2024-07-08 10:30:00-04:00,66.4000015258789,66.55120086669922,66.4000015258789,66.44000244140625,630,0.0,0.0,0.0
2024-07-08 11:30:00-04:00,66.37999725341797,66.37999725341797,66.2300033569336,66.2300033569336,2137,0.0,0.0,0.0
2024-07-08 12:30:00-04:00,66.43900299072266,66.43900299072266,66.43900299072266,66.43900299072266,183,0.0,0.0,0.0
2024-07-08 13:30:00-04:00,66.41799926757812,66.4646987915039,66.29879760742188,66.29879760742188,2332,0.0,0.0,0.0
2024-07-08 14:30:00-04:00,66.2699966430664,66.41000366210938,66.2699966430664,66.31999969482422,2258,0.0,0.0,0.0
2024-07-08 15:30:00-04:00,66.37999725341797,66.4000015258789,66.2738037109375,66.3499984741211,3961,0.0,0.0,0.0
2024-07-09 09:30:00-04:00,66.1500015258789,66.1500015258789,66.08999633789062,66.08999633789062,786,0.0,0.0,0.0
2024-07-09 10:30:00-04:00,65.8499984741211,65.88899993896484,65.8499984741211,65.88899993896484,658,0.0,0.0,0.0
2024-07-09 11:30:00-04:00,65.9000015258789,66.13529968261719,65.9000015258789,66.13529968261719,4532,0.0,0.0,0.0
2024-07-09 12:30:00-04:00,65.97000122070312,66.25350189208984,65.97000122070312,66.05000305175781,1027,0.0,0.0,0.0
2024-07-09 13:30:00-04:00,66.09490203857422,66.14700317382812,66.09490203857422,66.14700317382812,954,0.0,0.0,0.0
2024-07-09 14:30:00-04:00,65.99569702148438,66.05999755859375,65.92009735107422,66.05999755859375,1857,0.0,0.0,0.0
2024-07-09 15:30:00-04:00,66.02999877929688,66.04000091552734,65.88999938964844,65.96659851074219,4593,0.0,0.0,0.0
2024-07-10 09:30:00-04:00,65.9800033569336,66.33999633789062,65.9800033569336,66.33999633789062,2456,0.0,0.0,0.0
2024-07-10 10:30:00-04:00,66.26090240478516,66.26090240478516,66.19999694824219,66.20999908447266,2498,0.0,0.0,0.0
2024-07-10 11:30:00-04:00,66.43180084228516,66.52999877929688,66.4000015258789,66.52999877929688,55862,0.0,0.0,0.0
2024-07-10 12:30:00-04:00,66.48999786376953,66.589599609375,66.48999786376953,66.55460357666016,0,0.0,0.0,0.0
2024-07-10 13:30:00-04:00,66.53230285644531,66.53230285644531,66.5248031616211,66.5248031616211,433,0.0,0.0,0.0
2024-07-10 14:30:00-04:00,66.55059814453125,66.66999816894531,66.55059814453125,66.61499786376953,1974,0.0,0.0,0.0
2024-07-10 15:30:00-04:00,66.68000030517578,66.77999877929688,66.66010284423828,66.77999877929688,1523,0.0,0.0,0.0
2024-07-11 09:30:00-04:00,67.27999877929688,68.26000213623047,67.27999877929688,68.26000213623047,1038,0.0,0.0,0.0
2024-07-11 10:30:00-04:00,68.37920379638672,68.63999938964844,68.37920379638672,68.63999938964844,7075,0.0,0.0,0.0
2024-07-11 11:30:00-04:00,68.42140197753906,68.55110168457031,68.20999908447266,68.26190185546875,10628,0.0,0.0,0.0
2024-07-11 12:30:00-04:00,68.33000183105469,68.46369934082031,68.33000183105469,68.46369934082031,769,0.0,0.0,0.0
2024-07-11 13:30:00-04:00,68.53510284423828,68.60980224609375,68.45040130615234,68.54499816894531,1377,0.0,0.0,0.0
2024-07-11 14:30:00-04:00,68.58989715576172,68.58999633789062,68.41000366210938,68.42350006103516,1409,0.0,0.0,0.0
2024-07-11 15:30:00-04:00,68.61000061035156,68.65129852294922,68.56500244140625,68.63999938964844,2278,0.0,0.0,0.0
2024-07-12 09:30:00-04:00,69.11479949951172,69.57499694824219,69.06500244140625,69.57499694824219,5133,0.0,0.0,0.0
2024-07-12 10:30:00-04:00,69.68000030517578,69.72989654541016,69.58200073242188,69.72989654541016,1356,0.0,0.0,0.0
2024-07-12 11:30:00-04:00,69.56999969482422,69.70999908447266,69.5,69.52320098876953,8737,0.0,0.0,0.0
2024-07-12 12:30:00-04:00,69.44999694824219,69.61000061035156,69.44999694824219,69.61000061035156,6,0.0,0.0,0.0
2024-07-12 13:30:00-04:00,69.70809936523438,69.70809936523438,69.70809936523438,69.70809936523438,350,0.0,0.0,0.0
2024-07-12 14:30:00-04:00,69.63009643554688,69.69989776611328,69.56999969482422,69.67150115966797,550,0.0,0.0,0.0
2024-07-12 15:30:00-04:00,69.58000183105469,69.59870147705078,69.56109619140625,69.59870147705078,1228,0.0,0.0,0.0
2024-07-15 10:30:00-04:00,70.05249786376953,70.0792007446289,70.04499816894531,70.0792007446289,649,0.0,0.0,0.0
2024-07-15 11:30:00-04:00,70.34989929199219,70.34989929199219,70.34989929199219,70.34989929199219,1133,0.0,0.0,0.0
2024-07-15 12:30:00-04:00,70.08000183105469,70.08000183105469,69.92960357666016,69.92960357666016,1081,0.0,0.0,0.0
2024-07-15 13:30:00-04:00,70.05000305175781,70.05000305175781,70.05000305175781,70.05000305175781,398,0.0,0.0,0.0
2024-07-15 14:30:00-04:00,70.25499725341797,70.25499725341797,70.25499725341797,70.25499725341797,280,0.0,0.0,0.0
2024-07-15 15:30:00-04:00,70.16010284423828,70.16010284423828,69.88500213623047,69.88500213623047,1187,0.0,0.0,0.0
2024-07-16 09:30:00-04:00,70.44000244140625,70.80039978027344,70.44000244140625,70.80039978027344,2077,0.0,0.0,0.0
2024-07-16 10:30:00-04:00,70.95989990234375,71.29060363769531,70.95989990234375,71.2750015258789,1171,0.0,0.0,0.0
2024-07-16 11:30:00-04:00,71.33930206298828,71.33930206298828,71.19499969482422,71.30999755859375,2401,0.0,0.0,0.0
2024-07-16 12:30:00-04:00,71.34230041503906,71.4198989868164,71.33999633789062,71.36000061035156,3696,0.0,0.0,0.0
2024-07-16 13:30:00-04:00,71.38999938964844,71.4301986694336,71.38999938964844,71.4301986694336,445,0.0,0.0,0.0
2024-07-16 14:30:00-04:00,71.44000244140625,71.79499816894531,71.44000244140625,71.79499816894531,1556,0.0,0.0,0.0
2024-07-16 15:30:00-04:00,71.91000366210938,71.93000030517578,71.84960174560547,71.93000030517578,957,0.0,0.0,0.0
2024-07-17 09:30:00-04:00,70.83000183105469,71.69709777832031,70.83000183105469,71.69709777832031,2471,0.0,0.0,0.0
2024-07-17 10:30:00-04:00,71.06420135498047,71.22000122070312,71.06420135498047,71.11000061035156,1562,0.0,0.0,0.0
2024-07-17 11:30:00-04:00,71.19999694824219,71.19999694824219,70.92389678955078,70.92389678955078,2128,0.0,0.0,0.0
2024-07-17 12:30:00-04:00,70.86969757080078,70.8772964477539,70.8499984741211,70.8772964477539,5632,0.0,0.0,0.0
2024-07-17 13:30:00-04:00,70.89450073242188,70.89450073242188,70.72000122070312,70.7686996459961,1724,0.0,0.0,0.0
2024-07-17 14:30:00-04:00,70.82589721679688,70.82589721679688,70.7948989868164,70.8010025024414,3238,0.0,0.0,0.0
2024-07-17 15:30:00-04:00,70.7699966430664,70.7699966430664,70.60009765625,70.76709747314453,751,0.0,0.0,0.0
2024-07-18 09:30:00-04:00,70.20999908447266,71.20999908447266,70.20999908447266,71.19000244140625,2584,0.0,0.0,0.0
2024-07-18 10:30:00-04:00,71.08110046386719,71.08110046386719,70.37200164794922,70.37200164794922,14877,0.0,0.0,0.0
2024-07-18 11:30:00-04:00,70.23999786376953,70.38999938964844,70.0199966430664,70.0199966430664,1585,0.0,0.0,0.0
2024-07-18 12:30:00-04:00,70.24530029296875,70.24530029296875,70.24530029296875,70.24530029296875,366,0.0,0.0,0.0
2024-07-18 13:30:00-04:00,69.80000305175781,69.80000305175781,69.66000366210938,69.6875,1573,0.0,0.0,0.0
2024-07-18 14:30:00-04:00,69.54000091552734,69.66000366210938,69.48100280761719,69.58999633789062,12334,0.0,0.0,0.0
2024-07-18 15:30:00-04:00,69.5,69.7249984741211,69.5,69.7249984741211,2341,0.0,0.0,0.0
2024-07-19 09:30:00-04:00,69.66999816894531,69.66999816894531,69.66999816894531,69.66999816894531,1171,0.0,0.0,0.0
2024-07-19 10:30:00-04:00,69.42500305175781,69.42500305175781,69.31680297851562,69.31680297851562,3749,0.0,0.0,0.0
2024-07-19 13:30:00-04:00,69.53990173339844,69.53990173339844,69.53990173339844,69.53990173339844,298,0.0,0.0,0.0
2024-07-19 14:30:00-04:00,69.4800033569336,69.4800033569336,69.43280029296875,69.43280029296875,596,0.0,0.0,0.0
2024-07-19 15:30:00-04:00,69.44010162353516,69.44010162353516,69.4375,69.4375,841,0.0,0.0,0.0
2024-07-22 09:30:00-04:00,69.68000030517578,69.9186019897461,69.3499984741211,69.3499984741211,0,0.0,0.0,0.0
2024-07-22 10:30:00-04:00,69.41999816894531,69.80999755859375,69.41999816894531,69.79910278320312,4988,0.0,0.0,0.0
2024-07-22 11:30:00-04:00,69.7166976928711,69.85919952392578,69.7166976928711,69.85919952392578,2848,0.0,0.0,0.0
2024-07-22 12:30:00-04:00,70.05470275878906,70.05470275878906,70.05470275878906,70.05470275878906,170,0.0,0.0,0.0
2024-07-22 13:30:00-04:00,70.05000305175781,70.05000305175781,70.05000305175781,70.05000305175781,1155,0.0,0.0,0.0
2024-07-22 14:30:00-04:00,70.25450134277344,70.38819885253906,70.25450134277344,70.38819885253906,2801,0.0,0.0,0.0
2024-07-22 15:30:00-04:00,70.41999816894531,70.41999816894531,70.41999816894531,70.41999816894531,331,0.0,0.0,0.0
2024-07-23 09:30:00-04:00,70.05999755859375,70.39939880371094,70.05999755859375,70.39939880371094,666,0.0,0.0,0.0
2024-07-23 10:30:00-04:00,70.56999969482422,70.56999969482422,70.31079864501953,70.55010223388672,766,0.0,0.0,0.0
2024-07-23 11:30:00-04:00,70.55439758300781,70.63349914550781,70.5199966430664,70.63349914550781,2591,0.0,0.0,0.0
2024-07-23 12:30:00-04:00,70.44920349121094,70.44920349121094,70.44920349121094,70.44920349121094,406,0.0,0.0,0.0
2024-07-23 13:30:00-04:00,70.48580169677734,70.76080322265625,70.48580169677734,70.76080322265625,6786,0.0,0.0,0.0
2024-07-23 14:30:00-04:00,70.68000030517578,70.70439910888672,70.68000030517578,70.70439910888672,0,0.0,0.0,0.0
2024-07-23 15:30:00-04:00,70.7300033569336,70.7300033569336,70.41500091552734,70.4989013671875,63738,0.0,0.0,0.0
2024-07-24 09:30:00-04:00,70.0199966430664,70.125,69.7300033569336,70.08000183105469,6553,0.0,0.0,0.0
2024-07-24 10:30:00-04:00,70.30999755859375,70.30999755859375,70.1980972290039,70.1980972290039,1006,0.0,0.0,0.0
2024-07-24 11:30:00-04:00,70.375,70.375,70.29669952392578,70.29669952392578,1842,0.0,0.0,0.0
2024-07-24 12:30:00-04:00,70.25509643554688,70.25509643554688,70.07939910888672,70.13500213623047,1735,0.0,0.0,0.0
2024-07-24 13:30:00-04:00,70.18470001220703,70.18470001220703,69.97000122070312,69.97000122070312,1248,0.0,0.0,0.0
2024-07-24 14:30:00-04:00,69.6449966430664,69.70939636230469,69.55000305175781,69.70939636230469,2045,0.0,0.0,0.0
2024-07-24 15:30:00-04:00,69.47830200195312,69.47830200195312,69.47830200195312,69.47830200195312,224,0.0,0.0,0.0
2024-07-25 09:30:00-04:00,69.4749984741211,69.86000061035156,69.4749984741211,69.7699966430664,586,0.0,0.0,0.0
2024-07-25 10:30:00-04:00,70.22000122070312,70.22000122070312,70.22000122070312,70.22000122070312,987,0.0,0.0,0.0
2024-07-25 11:30:00-04:00,70.19999694824219,70.19999694824219,70.19999694824219,70.19999694824219,4103,0.0,0.0,0.0
2024-07-25 12:30:00-04:00,70.56999969482422,70.7957992553711,70.56999969482422,70.7957992553711,1346,0.0,0.0,0.0
2024-07-25 13:30:00-04:00,70.5510025024414,70.62370300292969,70.3280029296875,70.3280029296875,1127,0.0,0.0,0.0
2024-07-25 14:30:00-04:00,70.3593978881836,70.3593978881836,69.90010070800781,70.12370300292969,36938,0.0,0.0,0.0
2024-07-25 15:30:00-04:00,70.06999969482422,70.06999969482422,69.62999725341797,69.68000030517578,8437,0.0,0.0,0.0
2024-07-26 09:30:00-04:00,70.51000213623047,71.1500015258789,70.20999908447266,70.97630310058594,2165,0.0,0.0,0.0
2024-07-26 10:30:00-04:00,70.53510284423828,70.8113021850586,70.53510284423828,70.75920104980469,4008,0.0,0.0,0.0
2024-07-26 11:30:00-04:00,70.66000366210938,71.19999694824219,70.66000366210938,71.19999694824219,1360,0.0,0.0,0.0
2024-07-26 12:30:00-04:00,71.12000274658203,71.1500015258789,70.97699737548828,71.12999725341797,3332,0.0,0.0,0.0
2024-07-26 13:30:00-04:00,70.92320251464844,71.05000305175781,70.8499984741211,70.8499984741211,1790,0.0,0.0,0.0
2024-07-26 14:30:00-04:00,70.9800033569336,71.06999969482422,70.89540100097656,71.06999969482422,710,0.0,0.0,0.0
2024-07-26 15:30:00-04:00,71.05999755859375,71.12999725341797,71.04000091552734,71.04000091552734,1028,0.0,0.0,0.0
2024-07-29 09:30:00-04:00,71.45059967041016,71.45059967041016,71.25,71.3364028930664,2266,0.0,0.0,0.0
2024-07-29 10:30:00-04:00,70.97000122070312,71.10990142822266,70.90380096435547,70.90380096435547,1101,0.0,0.0,0.0
2024-07-29 11:30:00-04:00,71.12030029296875,71.15299987792969,71.12030029296875,71.15299987792969,650,0.0,0.0,0.0
2024-07-29 13:30:00-04:00,70.8499984741211,70.8499984741211,70.8499984741211,70.8499984741211,442,0.0,0.0,0.0
2024-07-29 14:30:00-04:00,70.83999633789062,71.07990264892578,70.78600311279297,71.07990264892578,31533,0.0,0.0,0.0
2024-07-29 15:30:00-04:00,71.0999984741211,71.0999984741211,71.09049987792969,71.09049987792969,732,0.0,0.0,0.0
2024-07-30 09:30:00-04:00,71.16000366210938,71.43920135498047,71.16000366210938,71.3949966430664,726,0.0,0.0,0.0
2024-07-30 10:30:00-04:00,71.09500122070312,71.09500122070312,71.03600311279297,71.03600311279297,810,0.0,0.0,0.0
2024-07-30 11:30:00-04:00,70.92500305175781,70.92500305175781,70.5999984741211,70.5999984741211,1325,0.0,0.0,0.0
2024-07-30 12:30:00-04:00,70.74500274658203,70.74500274658203,70.55999755859375,70.55999755859375,902,0.0,0.0,0.0
2024-07-30 14:30:00-04:00,70.8949966430664,70.9800033569336,70.80999755859375,70.9800033569336,895,0.0,0.0,0.0
2024-07-30 15:30:00-04:00,71.19190216064453,71.19190216064453,71.19190216064453,71.19190216064453,759,0.0,0.0,0.0
2024-07-31 09:30:00-04:00,71.94000244140625,71.94000244140625,71.16000366210938,71.41439819335938,6436,0.0,0.0,0.0
2024-07-31 10:30:00-04:00,71.68499755859375,71.69000244140625,71.5999984741211,71.69000244140625,7109,0.0,0.0,0.0
2024-07-31 11:30:00-04:00,71.8499984741211,71.94000244140625,71.8499984741211,71.94000244140625,4138,0.0,0.0,0.0
2024-07-31 12:30:00-04:00,72.01190185546875,72.01190185546875,72.01190185546875,72.01190185546875,271,0.0,0.0,0.0
2024-07-31 13:30:00-04:00,71.7927017211914,71.86209869384766,71.56999969482422,71.56999969482422,4854,0.0,0.0,0.0
2024-07-31 14:30:00-04:00,72.5250015258789,72.5250015258789,72.5250015258789,72.5250015258789,364,0.0,0.0,0.0
2024-08-01 09:30:00-04:00,71.83000183105469,72.06500244140625,71.44000244140625,71.4800033569336,1667,0.0,0.0,0.0
2024-08-01 10:30:00-04:00,70.79209899902344,70.79209899902344,70.66500091552734,70.66500091552734,2339,0.0,0.0,0.0
2024-08-01 11:30:00-04:00,70.09500122070312,70.20999908447266,70.09500122070312,70.20999908447266,1372,0.0,0.0,0.0
2024-08-01 12:30:00-04:00,70.12000274658203,70.12000274658203,69.71499633789062,69.71499633789062,6639,0.0,0.0,0.0
2024-08-01 13:30:00-04:00,69.87449645996094,70.04000091552734,69.68499755859375,69.9000015258789,2198,0.0,0.0,0.0
2024-08-01 14:30:00-04:00,69.59010314941406,69.88999938964844,69.59010314941406,69.80000305175781,1757,0.0,0.0,0.0
2024-08-01 15:30:00-04:00,69.94020080566406,70.36499786376953,69.94020080566406,70.36499786376953,229,0.0,0.0,0.0
2024-08-02 09:30:00-04:00,68.58999633789062,68.58999633789062,67.7083969116211,67.7083969116211,2455,0.0,0.0,0.0
2024-08-02 10:30:00-04:00,67.55999755859375,67.689697265625,67.37470245361328,67.37470245361328,6429,0.0,0.0,0.0
2024-08-02 11:30:00-04:00,67.63529968261719,67.83999633789062,67.51329803466797,67.83999633789062,1683,0.0,0.0,0.0
2024-08-02 12:30:00-04:00,67.94999694824219,68.11000061035156,67.94999694824219,67.9926986694336,10310,0.0,0.0,0.0
2024-08-02 13:30:00-04:00,67.79989624023438,67.84950256347656,67.78890228271484,67.78890228271484,796,0.0,0.0,0.0
2024-08-02 14:30:00-04:00,67.97000122070312,67.97000122070312,67.97000122070312,67.97000122070312,351,0.0,0.0,0.0
2024-08-02 15:30:00-04:00,68.08499908447266,68.08499908447266,68.08499908447266,68.08499908447266,184,0.0,0.0,0.0
2024-08-05 09:30:00-04:00,65.0199966430664,65.81999969482422,65.0199966430664,65.69999694824219,11723,0.0,0.0,0.0
2024-08-05 10:30:00-04:00,65.52999877929688,66.09040069580078,65.52999877929688,66.09040069580078,3179,0.0,0.0,0.0
2024-08-05 11:30:00-04:00,66.53849792480469,66.53849792480469,66.53849792480469,66.53849792480469,354,0.0,0.0,0.0
2024-08-05 12:30:00-04:00,66.5906982421875,66.5906982421875,66.46499633789062,66.46499633789062,628,0.0,0.0,0.0
2024-08-05 13:30:00-04:00,66.55039978027344,66.55039978027344,66.30919647216797,66.42369842529297,1925,0.0,0.0,0.0
2024-08-05 14:30:00-04:00,66.08499908447266,66.23819732666016,66.08499908447266,66.0990982055664,1958,0.0,0.0,0.0
2024-08-05 15:30:00-04:00,66.19999694824219,66.30000305175781,66.19999694824219,66.29000091552734,1344,0.0,0.0,0.0
2024-08-06 09:30:00-04:00,66.62000274658203,67.2699966430664,66.4000015258789,67.12000274658203,4607,0.0,0.0,0.0
2024-08-06 10:30:00-04:00,66.93939971923828,67.05999755859375,66.93939971923828,67.05999755859375,791,0.0,0.0,0.0
2024-08-06 11:30:00-04:00,67.18370056152344,67.30000305175781,67.12999725341797,67.30000305175781,1584,0.0,0.0,0.0
2024-08-06 12:30:00-04:00,67.16000366210938,67.3499984741211,67.16000366210938,67.19000244140625,3012,0.0,0.0,0.0
2024-08-06 13:30:00-04:00,67.33830261230469,67.41000366210938,67.33830261230469,67.41000366210938,544,0.0,0.0,0.0
2024-08-06 14:30:00-04:00,67.66000366210938,67.66000366210938,67.2957992553711,67.2957992553711,3549,0.0,0.0,0.0
2024-08-06 15:30:00-04:00,67.11000061035156,67.11000061035156,66.76930236816406,66.80999755859375,8357,0.0,0.0,0.0
2024-08-07 10:30:00-04:00,67.02899932861328,67.02999877929688,67.02899932861328,67.02999877929688,881,0.0,0.0,0.0
2024-08-07 11:30:00-04:00,66.62000274658203,66.62000274658203,66.62000274658203,66.62000274658203,496,0.0,0.0,0.0
2024-08-07 12:30:00-04:00,66.22000122070312,66.22000122070312,66.22000122070312,66.22000122070312,151,0.0,0.0,0.0
2024-08-07 13:30:00-04:00,66.16000366210938,66.19499969482422,66.16000366210938,66.19499969482422,712,0.0,0.0,0.0
2024-08-07 14:30:00-04:00,65.61209869384766,65.61209869384766,65.61209869384766,65.61209869384766,416,0.0,0.0,0.0
2024-08-07 15:30:00-04:00,65.62870025634766,65.62870025634766,65.32099914550781,65.32099914550781,1111,0.0,0.0,0.0
2024-08-08 09:30:00-04:00,66.31999969482422,66.88999938964844,66.03500366210938,66.88999938964844,3288,0.0,0.0,0.0
2024-08-08 10:30:00-04:00,66.91999816894531,67.0199966430664,66.80999755859375,66.86689758300781,3782,0.0,0.0,0.0
2024-08-08 11:30:00-04:00,66.91000366210938,67.02999877929688,66.83999633789062,66.9800033569336,1933,0.0,0.0,0.0
2024-08-08 12:30:00-04:00,66.90499877929688,67.16000366210938,66.75,67.16000366210938,6365,0.0,0.0,0.0
2024-08-08 13:30:00-04:00,67.26000213623047,67.33999633789062,67.19000244140625,67.27999877929688,3956,0.0,0.0,0.0
2024-08-08 14:30:00-04:00,67.37000274658203,67.37999725341797,67.20770263671875,67.33000183105469,1437,0.0,0.0,0.0
2024-08-08 15:30:00-04:00,67.29000091552734,67.30000305175781,67.29000091552734,67.30000305175781,300,0.0,0.0,0.0
2024-08-09 09:30:00-04:00,67.58000183105469,67.58000183105469,66.9800033569336,67.30000305175781,2825,0.0,0.0,0.0
2024-08-09 10:30:00-04:00,67.49099731445312,67.49099731445312,67.32009887695312,67.32009887695312,368,0.0,0.0,0.0
2024-08-09 11:30:00-04:00,67.29139709472656,67.29139709472656,67.29139709472656,67.29139709472656,200,0.0,0.0,0.0
2024-08-09 12:30:00-04:00,67.1449966430664,67.22000122070312,67.1449966430664,67.22000122070312,1911,0.0,0.0,0.0
2024-08-09 13:30:00-04:00,67.25050354003906,67.29499816894531,67.23999786376953,67.23999786376953,1653,0.0,0.0,0.0
2024-08-09 14:30:00-04:00,67.22509765625,67.22509765625,67.22509765625,67.22509765625,392,0.0,0.0,0.0
2024-08-09 15:30:00-04:00,67.26000213623047,67.26000213623047,67.19200134277344,67.19200134277344,1609,0.0,0.0,0.0
2024-08-12 09:30:00-04:00,67.0199966430664,67.0199966430664,67.0199966430664,67.0199966430664,691,0.0,0.0,0.0
2024-08-12 10:30:00-04:00,67.10240173339844,67.23539733886719,67.10240173339844,67.23539733886719,534,0.0,0.0,0.0
2024-08-12 11:30:00-04:00,66.72000122070312,67.0,66.72000122070312,67.0,853,0.0,0.0,0.0
2024-08-12 12:30:00-04:00,66.68499755859375,66.68499755859375,66.68499755859375,66.68499755859375,350,0.0,0.0,0.0
2024-08-12 14:30:00-04:00,66.71499633789062,66.7750015258789,66.71499633789062,66.7750015258789,1272,0.0,0.0,0.0
2024-08-12 15:30:00-04:00,66.70999908447266,66.70999908447266,66.70999908447266,66.70999908447266,550,0.0,0.0,0.0
2024-08-13 09:30:00-04:00,67.30999755859375,67.30999755859375,67.08999633789062,67.13999938964844,7554,0.0,0.0,0.0
2024-08-13 10:30:00-04:00,67.14579772949219,67.3197021484375,67.14579772949219,67.3197021484375,1367,0.0,0.0,0.0
2024-08-13 11:30:00-04:00,67.4208984375,67.67070007324219,67.4208984375,67.67070007324219,1586,0.0,0.0,0.0
2024-08-13 12:30:00-04:00,67.76499938964844,67.76499938964844,67.63999938964844,67.6801986694336,1630,0.0,0.0,0.0
2024-08-13 13:30:00-04:00,67.58999633789062,67.68419647216797,67.58999633789062,67.68419647216797,1096,0.0,0.0,0.0
2024-08-13 14:30:00-04:00,67.74500274658203,67.74500274658203,67.68099975585938,67.7301025390625,1396,0.0,0.0,0.0
2024-08-13 15:30:00-04:00,67.69000244140625,67.74330139160156,67.69000244140625,67.74330139160156,328,0.0,0.0,0.0
2024-08-14 09:30:00-04:00,68.23999786376953,68.23999786376953,68.08999633789062,68.08999633789062,473,0.0,0.0,0.0
2024-08-14 10:30:00-04:00,67.7300033569336,67.7300033569336,67.69000244140625,67.69000244140625,742,0.0,0.0,0.0
2024-08-14 11:30:00-04:00,67.84500122070312,67.84500122070312,67.84500122070312,67.84500122070312,418,0.0,0.0,0.0
2024-08-14 13:30:00-04:00,67.62640380859375,67.71920013427734,67.52999877929688,67.71920013427734,1208,0.0,0.0,0.0
2024-08-14 14:30:00-04:00,67.63590240478516,67.70999908447266,67.63590240478516,67.70999908447266,1072,0.0,0.0,0.0
2024-08-14 15:30:00-04:00,67.64800262451172,67.64800262451172,67.64800262451172,67.64800262451172,0,0.0,0.0,0.0
2024-08-15 09:30:00-04:00,68.7300033569336,69.02999877929688,68.7300033569336,69.02999877929688,812,0.0,0.0,0.0
2024-08-15 10:30:00-04:00,68.84500122070312,69.09950256347656,68.84500122070312,69.05370330810547,2282,0.0,0.0,0.0
2024-08-15 12:30:00-04:00,69.11799621582031,69.11799621582031,69.11799621582031,69.11799621582031,249,0.0,0.0,0.0
2024-08-15 13:30:00-04:00,69.29000091552734,69.29000091552734,69.18460083007812,69.18460083007812,836,0.0,0.0,0.0
2024-08-15 14:30:00-04:00,69.2699966430664,69.2699966430664,69.2699966430664,69.2699966430664,519,0.0,0.0,0.0
2024-08-15 15:30:00-04:00,69.13009643554688,69.13009643554688,69.05999755859375,69.09880065917969,804,0.0,0.0,0.0
2024-08-16 09:30:00-04:00,68.76000213623047,69.4000015258789,68.76000213623047,69.13999938964844,3657,0.0,0.0,0.0
2024-08-16 10:30:00-04:00,68.97720336914062,68.97720336914062,68.9312973022461,68.9312973022461,1885,0.0,0.0,0.0
2024-08-16 11:30:00-04:00,68.97000122070312,68.97000122070312,68.97000122070312,68.97000122070312,1902,0.0,0.0,0.0
2024-08-16 12:30:00-04:00,69.21649932861328,69.21649932861328,69.21649932861328,69.21649932861328,374,0.0,0.0,0.0
2024-08-16 13:30:00-04:00,69.1449966430664,69.19999694824219,69.0884017944336,69.0884017944336,1303,0.0,0.0,0.0
2024-08-16 15:30:00-04:00,69.14530181884766,69.14530181884766,69.1404037475586,69.1404037475586,560,0.0,0.0,0.0
2024-08-19 09:30:00-04:00,69.27010345458984,69.27010345458984,69.27010345458984,69.27010345458984,609,0.0,0.0,0.0
2024-08-19 10:30:00-04:00,69.35079956054688,69.55000305175781,69.35079956054688,69.39080047607422,1675,0.0,0.0,0.0
2024-08-19 11:30:00-04:00,69.55599975585938,69.58999633789062,69.45230102539062,69.50499725341797,4349,0.0,0.0,0.0
2024-08-19 12:30:00-04:00,69.47219848632812,69.47219848632812,69.47219848632812,69.47219848632812,235,0.0,0.0,0.0
2024-08-19 13:30:00-04:00,69.61250305175781,69.61250305175781,69.61250305175781,69.61250305175781,349,0.0,0.0,0.0
2024-08-19 15:30:00-04:00,69.62519836425781,69.80590057373047,69.56009674072266,69.80590057373047,1280,0.0,0.0,0.0
2024-08-20 09:30:00-04:00,69.87999725341797,70.0,69.5698013305664,69.5698013305664,4387,0.0,0.0,0.0
2024-08-20 10:30:00-04:00,69.54499816894531,69.54499816894531,69.43499755859375,69.43499755859375,661,0.0,0.0,0.0
2024-08-20 11:30:00-04:00,69.55909729003906,69.55909729003906,69.55909729003906,69.55909729003906,1310,0.0,0.0,0.0
2024-08-20 14:30:00-04:00,69.55509948730469,69.64029693603516,69.55509948730469,69.59439849853516,1112,0.0,0.0,0.0
2024-08-20 15:30:00-04:00,69.58000183105469,69.66999816894531,69.43009948730469,69.56759643554688,974,0.0,0.0,0.0
2024-08-21 09:30:00-04:00,69.80329895019531,69.82099914550781,69.63610076904297,69.68000030517578,959,0.0,0.0,0.0
2024-08-21 10:30:00-04:00,69.73500061035156,70.00060272216797,69.73500061035156,69.89340209960938,984,0.0,0.0,0.0
2024-08-21 11:30:00-04:00,69.99500274658203,69.99500274658203,69.87010192871094,69.87010192871094,413,0.0,0.0,0.0
2024-08-21 12:30:00-04:00,70.05000305175781,70.05000305175781,70.05000305175781,70.05000305175781,517,0.0,0.0,0.0
2024-08-21 13:30:00-04:00,70.33999633789062,70.4000015258789,70.27999877929688,70.4000015258789,3199,0.0,0.0,0.0
2024-08-21 14:30:00-04:00,70.26580047607422,70.26580047607422,70.26580047607422,70.26580047607422,115,0.0,0.0,0.0
2024-08-21 15:30:00-04:00,70.3301010131836,70.41999816894531,70.3301010131836,70.41999816894531,1098,0.0,0.0,0.0
2024-08-22 09:30:00-04:00,70.80000305175781,70.80000305175781,70.41999816894531,70.41999816894531,1168,0.0,0.0,0.0
2024-08-22 10:30:00-04:00,70.21099853515625,70.2300033569336,70.08999633789062,70.12999725341797,1258,0.0,0.0,0.0
2024-08-22 11:30:00-04:00,70.16000366210938,70.28240203857422,70.01000213623047,70.28240203857422,1927,0.0,0.0,0.0
2024-08-22 12:30:00-04:00,69.98999786376953,70.15499877929688,69.98999786376953,70.15499877929688,2783,0.0,0.0,0.0
2024-08-22 13:30:00-04:00,70.0468978881836,70.0468978881836,70.0468978881836,70.0468978881836,797,0.0,0.0,0.0
2024-08-22 14:30:00-04:00,70.1240005493164,70.1240005493164,69.94000244140625,69.94000244140625,3120,0.0,0.0,0.0
2024-08-22 15:30:00-04:00,70.07510375976562,70.07510375976562,69.86689758300781,69.86689758300781,3034,0.0,0.0,0.0
2024-08-23 09:30:00-04:00,70.58499908447266,70.58499908447266,70.41999816894531,70.58000183105469,1914,0.0,0.0,0.0
2024-08-23 10:30:00-04:00,70.8375015258789,71.32890319824219,70.8375015258789,71.32890319824219,442,0.0,0.0,0.0
2024-08-23 11:30:00-04:00,71.45010375976562,71.45010375976562,71.24400329589844,71.2520980834961,1161,0.0,0.0,0.0
2024-08-23 12:30:00-04:00,71.35990142822266,71.35990142822266,71.35990142822266,71.35990142822266,809,0.0,0.0,0.0
2024-08-23 13:30:00-04:00,71.29499816894531,71.33589935302734,71.23809814453125,71.23809814453125,1301,0.0,0.0,0.0
2024-08-23 14:30:00-04:00,71.30909729003906,71.30909729003906,71.30909729003906,71.30909729003906,960,0.0,0.0,0.0
2024-08-26 09:30:00-04:00,71.73999786376953,71.77030181884766,71.720703125,71.77030181884766,1104,0.0,0.0,0.0
2024-08-26 10:30:00-04:00,71.66000366210938,71.66000366210938,71.38999938964844,71.38999938964844,1497,0.0,0.0,0.0
2024-08-26 11:30:00-04:00,71.2699966430664,71.38310241699219,71.2699966430664,71.38310241699219,411,0.0,0.0,0.0
2024-08-26 12:30:00-04:00,71.49220275878906,71.49220275878906,71.49220275878906,71.49220275878906,218,0.0,0.0,0.0
2024-08-26 13:30:00-04:00,71.4719009399414,71.4719009399414,71.21499633789062,71.27120208740234,1562,0.0,0.0,0.0
2024-08-26 14:30:00-04:00,71.3573989868164,71.4000015258789,71.3573989868164,71.4000015258789,2605,0.0,0.0,0.0
2024-08-26 15:30:00-04:00,71.29499816894531,71.29499816894531,71.29499816894531,71.29499816894531,426,0.0,0.0,0.0
2024-08-27 09:30:00-04:00,70.59400177001953,70.68000030517578,70.51000213623047,70.68000030517578,1705,0.0,0.0,0.0
2024-08-27 10:30:00-04:00,70.7645034790039,70.88999938964844,70.61799621582031,70.61799621582031,2092,0.0,0.0,0.0
2024-08-27 11:30:00-04:00,70.54000091552734,70.55500030517578,70.54000091552734,70.55500030517578,602,0.0,0.0,0.0
2024-08-27 12:30:00-04:00,70.6500015258789,70.6500015258789,70.6500015258789,70.6500015258789,105,0.0,0.0,0.0
2024-08-27 13:30:00-04:00,70.92990112304688,70.92990112304688,70.92990112304688,70.92990112304688,746,0.0,0.0,0.0
2024-08-27 14:30:00-04:00,70.93000030517578,70.96739959716797,70.93000030517578,70.96739959716797,698,0.0,0.0,0.0
2024-08-27 15:30:00-04:00,70.99739837646484,71.01000213623047,70.94999694824219,70.99939727783203,5465,0.0,0.0,0.0
2024-08-28 09:30:00-04:00,70.45999908447266,70.45999908447266,70.38500213623047,70.45850372314453,901,0.0,0.0,0.0
2024-08-28 10:30:00-04:00,70.37000274658203,70.53990173339844,70.18209838867188,70.23999786376953,8081,0.0,0.0,0.0
2024-08-28 11:30:00-04:00,70.22689819335938,70.38999938964844,70.16000366210938,70.16000366210938,2503,0.0,0.0,0.0
2024-08-28 12:30:00-04:00,70.22940063476562,70.22940063476562,70.22940063476562,70.22940063476562,345,0.0,0.0,0.0
2024-08-28 13:30:00-04:00,70.15899658203125,70.15899658203125,69.98179626464844,70.05000305175781,1567,0.0,0.0,0.0
2024-08-28 14:30:00-04:00,70.01309967041016,70.38500213623047,70.01309967041016,70.37999725341797,3072,0.0,0.0,0.0
2024-08-29 09:30:00-04:00,70.48999786376953,71.18669891357422,70.48999786376953,71.18669891357422,1222,0.0,0.0,0.0
2024-08-29 10:30:00-04:00,71.0770034790039,71.0770034790039,71.0770034790039,71.0770034790039,466,0.0,0.0,0.0
2024-08-29 11:30:00-04:00,71.31800079345703,71.33000183105469,71.31800079345703,71.33000183105469,633,0.0,0.0,0.0
2024-08-29 12:30:00-04:00,71.33999633789062,71.33999633789062,71.25160217285156,71.25160217285156,391,0.0,0.0,0.0
2024-08-29 13:30:00-04:00,71.47989654541016,71.47989654541016,71.31739807128906,71.4198989868164,577,0.0,0.0,0.0
2024-08-29 14:30:00-04:00,71.05000305175781,71.05000305175781,70.90989685058594,70.95339965820312,1029,0.0,0.0,0.0
2024-08-29 15:30:00-04:00,71.06999969482422,71.06999969482422,70.72010040283203,70.72010040283203,713,0.0,0.0,0.0
2024-08-30 09:30:00-04:00,71.12000274658203,71.12300109863281,71.0,71.12300109863281,1660,0.0,0.0,0.0
2024-08-30 10:30:00-04:00,71.08000183105469,71.08000183105469,70.94999694824219,70.94999694824219,3238,0.0,0.0,0.0
2024-08-30 11:30:00-04:00,70.48999786376953,70.67859649658203,70.43000030517578,70.6261978149414,3561,0.0,0.0,0.0
2024-08-30 13:30:00-04:00,70.52999877929688,70.63009643554688,70.52999877929688,70.63009643554688,445,0.0,0.0,0.0
2024-08-30 14:30:00-04:00,70.87200164794922,70.91200256347656,70.87200164794922,70.91200256347656,485,0.0,0.0,0.0
2024-08-30 15:30:00-04:00,70.9800033569336,70.9800033569336,70.9800033569336,70.9800033569336,432,0.0,0.0,0.0
