Datetime,Open,High,Low,Close,Volume,Dividends,Stock Splits
2022-09-01 09:30:00-04:00,19.700000762939453,19.700000762939453,19.600000381469727,19.600000381469727,0,0.0,0.0
2022-09-01 11:30:00-04:00,19.59000015258789,19.59000015258789,19.59000015258789,19.59000015258789,100,0.0,0.0
2022-09-01 12:30:00-04:00,19.549999237060547,19.549999237060547,19.549999237060547,19.549999237060547,342,0.0,0.0
2022-09-01 13:30:00-04:00,19.079999923706055,19.079999923706055,19.079999923706055,19.079999923706055,108,0.0,0.0
2022-09-01 14:30:00-04:00,19.040000915527344,19.040000915527344,19.040000915527344,19.040000915527344,350,0.0,0.0
2022-09-02 09:30:00-04:00,19.139999389648438,19.850000381469727,19.139999389648438,19.749099731445312,0,0.0,0.0
2022-09-02 10:30:00-04:00,18.8799991607666,18.8799991607666,18.62779998779297,18.62779998779297,618,0.0,0.0
2022-09-02 11:30:00-04:00,19.030000686645508,19.270000457763672,18.760000228881836,19.270000457763672,2513,0.0,0.0
2022-09-02 14:30:00-04:00,19.06999969482422,19.06999969482422,19.06999969482422,19.06999969482422,414,0.0,0.0
2022-09-02 15:30:00-04:00,19.260000228881836,19.260000228881836,19.260000228881836,19.260000228881836,107,0.0,0.0
2022-09-06 10:30:00-04:00,18.959999084472656,19.149900436401367,18.959999084472656,19.149900436401367,437,0.0,0.0
2022-09-06 13:30:00-04:00,18.75,18.75,18.75,18.75,351,0.0,0.0
2022-09-06 14:30:00-04:00,19.110000610351562,19.1299991607666,18.969999313354492,19.129899978637695,614,0.0,0.0
2022-09-06 15:30:00-04:00,18.700000762939453,18.899999618530273,18.700000762939453,18.899999618530273,431,0.0,0.0
2022-09-07 09:30:00-04:00,18.450000762939453,19.149900436401367,18.450000762939453,19.149900436401367,575,0.0,0.0
2022-09-07 10:30:00-04:00,19.149900436401367,19.149900436401367,19.149900436401367,19.149900436401367,267,0.0,0.0
2022-09-07 13:30:00-04:00,18.923999786376953,18.923999786376953,18.923999786376953,18.923999786376953,539,0.0,0.0
2022-09-07 14:30:00-04:00,19.020000457763672,19.020000457763672,19.020000457763672,19.020000457763672,0,0.0,0.0
2022-09-08 09:30:00-04:00,18.43000030517578,18.43000030517578,18.43000030517578,18.43000030517578,921,0.0,0.0
2022-09-08 10:30:00-04:00,19.04990005493164,19.04990005493164,19.04990005493164,19.04990005493164,276,0.0,0.0
2022-09-08 13:30:00-04:00,18.459999084472656,18.510000228881836,18.459999084472656,18.510000228881836,748,0.0,0.0
2022-09-08 14:30:00-04:00,19.04990005493164,19.04990005493164,18.670000076293945,18.670000076293945,694,0.0,0.0
2022-09-08 15:30:00-04:00,18.479999542236328,18.479999542236328,18.479999542236328,18.479999542236328,253,0.0,0.0
2022-09-09 09:30:00-04:00,17.350000381469727,18.440000534057617,16.5,18.440000534057617,11931,0.0,0.0
2022-09-09 10:30:00-04:00,18.139999389648438,18.139999389648438,17.70009994506836,17.70009994506836,4412,0.0,0.0
2022-09-09 11:30:00-04:00,18.06999969482422,18.322099685668945,18.06999969482422,18.299999237060547,1975,0.0,0.0
2022-09-09 12:30:00-04:00,17.899999618530273,18.299999237060547,17.899999618530273,18.299999237060547,1148,0.0,0.0
2022-09-09 14:30:00-04:00,18.290000915527344,18.290000915527344,18.290000915527344,18.290000915527344,500,0.0,0.0
2022-09-09 15:30:00-04:00,18.280000686645508,18.309999465942383,18.280000686645508,18.299999237060547,957,0.0,0.0
2022-09-12 09:30:00-04:00,18.100000381469727,18.100000381469727,18.100000381469727,18.100000381469727,0,0.0,0.0
2022-09-12 10:30:00-04:00,18.100099563598633,18.15999984741211,18.100099563598633,18.15999984741211,496,0.0,0.0
2022-09-12 11:30:00-04:00,18.13990020751953,18.13990020751953,18.13990020751953,18.13990020751953,209,0.0,0.0
2022-09-12 12:30:00-04:00,18.249900817871094,18.249900817871094,18.249900817871094,18.249900817871094,236,0.0,0.0
2022-09-12 13:30:00-04:00,18.25,18.25,18.200000762939453,18.25,735,0.0,0.0
2022-09-12 15:30:00-04:00,18.0,18.0,18.0,18.0,235,0.0,0.0
2022-09-13 09:30:00-04:00,17.3799991607666,17.940000534057617,17.3799991607666,17.899999618530273,0,0.0,0.0
2022-09-13 10:30:00-04:00,17.6299991607666,17.6299991607666,17.350000381469727,17.350000381469727,1553,0.0,0.0
2022-09-13 11:30:00-04:00,17.899999618530273,17.899999618530273,17.579999923706055,17.579999923706055,599,0.0,0.0
2022-09-13 12:30:00-04:00,18.439899444580078,18.439899444580078,17.899999618530273,17.899999618530273,1064,0.0,0.0
2022-09-13 14:30:00-04:00,17.799999237060547,17.799999237060547,17.700000762939453,17.700000762939453,929,0.0,0.0
2022-09-13 15:30:00-04:00,17.700000762939453,18.0,17.700000762939453,18.0,368,0.0,0.0
2022-09-14 09:30:00-04:00,18.0,18.75,18.0,18.0,0,0.0,0.0
2022-09-14 10:30:00-04:00,18.055500030517578,18.055500030517578,18.055500030517578,18.055500030517578,126,0.0,0.0
2022-09-14 11:30:00-04:00,18.25,18.25,18.0,18.0,980,0.0,0.0
2022-09-14 12:30:00-04:00,17.600000381469727,17.999900817871094,17.600000381469727,17.999900817871094,343,0.0,0.0
2022-09-14 13:30:00-04:00,17.75,18.229999542236328,17.75,18.229999542236328,1210,0.0,0.0
2022-09-14 14:30:00-04:00,17.979999542236328,18.299999237060547,17.979999542236328,18.299999237060547,1647,0.0,0.0
2022-09-14 15:30:00-04:00,18.36680030822754,18.597700119018555,18.299999237060547,18.597700119018555,1153,0.0,0.0
2022-09-15 09:30:00-04:00,17.899999618530273,17.899999618530273,17.39459991455078,17.39459991455078,0,0.0,0.0
2022-09-15 10:30:00-04:00,17.809999465942383,17.809999465942383,17.809999465942383,17.809999465942383,213,0.0,0.0
2022-09-15 12:30:00-04:00,17.999900817871094,17.999900817871094,17.999900817871094,17.999900817871094,103,0.0,0.0
2022-09-15 13:30:00-04:00,17.899499893188477,18.0,17.799999237060547,18.0,2457,0.0,0.0
2022-09-15 14:30:00-04:00,17.8700008392334,17.8700008392334,17.850000381469727,17.850000381469727,616,0.0,0.0
2022-09-15 15:30:00-04:00,17.889999389648438,17.889999389648438,17.850000381469727,17.850000381469727,1073,0.0,0.0
2022-09-16 09:30:00-04:00,17.68000030517578,17.68000030517578,17.68000030517578,17.68000030517578,0,0.0,0.0
2022-09-16 10:30:00-04:00,17.3799991607666,17.3799991607666,17.3799991607666,17.3799991607666,112,0.0,0.0
2022-09-16 12:30:00-04:00,17.639999389648438,17.639999389648438,17.639999389648438,17.639999389648438,449,0.0,0.0
2022-09-16 14:30:00-04:00,17.950000762939453,18.489900588989258,17.950000762939453,18.110000610351562,2069,0.0,0.0
2022-09-16 15:30:00-04:00,18.46500015258789,18.489999771118164,18.46500015258789,18.489999771118164,511,0.0,0.0
2022-09-19 09:30:00-04:00,18.34000015258789,18.34000015258789,17.510000228881836,17.850000381469727,0,0.0,0.0
2022-09-19 10:30:00-04:00,18.519899368286133,18.519899368286133,18.519899368286133,18.519899368286133,102,0.0,0.0
2022-09-19 11:30:00-04:00,17.90999984741211,17.90999984741211,17.90999984741211,17.90999984741211,288,0.0,0.0
2022-09-19 14:30:00-04:00,17.93000030517578,17.93000030517578,17.93000030517578,17.93000030517578,440,0.0,0.0
2022-09-20 12:30:00-04:00,17.799999237060547,17.799999237060547,17.799999237060547,17.799999237060547,0,0.0,0.0
2022-09-20 13:30:00-04:00,17.649999618530273,17.649999618530273,17.649999618530273,17.649999618530273,102,0.0,0.0
2022-09-20 14:30:00-04:00,17.649999618530273,17.799999237060547,17.549999237060547,17.549999237060547,906,0.0,0.0
2022-09-20 15:30:00-04:00,17.75,17.75,17.720600128173828,17.75,1103,0.0,0.0
2022-09-21 09:30:00-04:00,17.8700008392334,19.149900436401367,17.8700008392334,19.149900436401367,0,0.0,0.0
2022-09-21 13:30:00-04:00,18.079999923706055,18.079999923706055,18.050600051879883,18.050600051879883,263,0.0,0.0
2022-09-22 10:30:00-04:00,17.398300170898438,17.719999313354492,17.398300170898438,17.719999313354492,104,0.0,0.0
2022-09-22 11:30:00-04:00,17.632400512695312,17.780000686645508,17.632400512695312,17.780000686645508,1164,0.0,0.0
2022-09-22 12:30:00-04:00,18.999900817871094,19.0,18.999900817871094,19.0,402,0.0,0.0
2022-09-22 13:30:00-04:00,17.84000015258789,17.84000015258789,17.84000015258789,17.84000015258789,649,0.0,0.0
2022-09-22 14:30:00-04:00,17.799999237060547,18.149999618530273,17.799999237060547,17.899999618530273,0,0.0,0.0
2022-09-23 12:30:00-04:00,17.6200008392334,17.65999984741211,17.5,17.65999984741211,1276,0.0,0.0
2022-09-23 14:30:00-04:00,17.649999618530273,17.649999618530273,17.639999389648438,17.639999389648438,2158,0.0,0.0
2022-09-26 12:30:00-04:00,17.739999771118164,17.809999465942383,17.559999465942383,17.56999969482422,1066,0.0,0.0
2022-09-26 13:30:00-04:00,17.684999465942383,17.809900283813477,17.684999465942383,17.809900283813477,204,0.0,0.0
2022-09-26 14:30:00-04:00,17.550100326538086,18.239999771118164,17.550100326538086,18.149999618530273,1920,0.0,0.0
2022-09-27 09:30:00-04:00,18.899900436401367,18.899900436401367,18.5,18.5,0,0.0,0.0
2022-09-27 11:30:00-04:00,18.019899368286133,18.019899368286133,18.019899368286133,18.019899368286133,1056,0.0,0.0
2022-09-27 12:30:00-04:00,18.23859977722168,18.389999389648438,18.23859977722168,18.350000381469727,860,0.0,0.0
2022-09-27 15:30:00-04:00,18.200000762939453,18.310100555419922,18.200000762939453,18.310100555419922,420,0.0,0.0
2022-09-28 09:30:00-04:00,18.309900283813477,18.309900283813477,18.309900283813477,18.309900283813477,0,0.0,0.0
2022-09-28 10:30:00-04:00,18.309900283813477,18.309999465942383,18.309900283813477,18.309999465942383,604,0.0,0.0
2022-09-28 11:30:00-04:00,18.25,18.610000610351562,18.25,18.600000381469727,2509,0.0,0.0
2022-09-28 13:30:00-04:00,18.75,18.75,18.309999465942383,18.309999465942383,821,0.0,0.0
2022-09-28 14:30:00-04:00,18.309999465942383,18.309999465942383,18.309999465942383,18.309999465942383,110,0.0,0.0
2022-09-28 15:30:00-04:00,18.474300384521484,18.474300384521484,18.309999465942383,18.309999465942383,567,0.0,0.0
2022-09-29 09:30:00-04:00,18.25,18.25,18.25,18.25,0,0.0,0.0
2022-09-30 10:30:00-04:00,18.865400314331055,18.865400314331055,18.865400314331055,18.865400314331055,0,0.0,0.0
2022-09-30 11:30:00-04:00,17.700000762939453,17.700000762939453,17.700000762939453,17.700000762939453,126,0.0,0.0
2022-09-30 13:30:00-04:00,18.100000381469727,18.100000381469727,17.850000381469727,17.850000381469727,425,0.0,0.0
2022-09-30 14:30:00-04:00,18.799999237060547,18.799999237060547,18.153600692749023,18.153600692749023,263,0.0,0.0
2022-10-03 10:30:00-04:00,17.350000381469727,19.0,17.350000381469727,19.0,774,0.0,0.0
2022-10-03 13:30:00-04:00,18.399999618530273,18.399999618530273,18.399999618530273,18.399999618530273,481,0.0,0.0
2022-10-03 14:30:00-04:00,18.389999389648438,18.989900588989258,18.389999389648438,18.91160011291504,0,0.0,0.0
2022-10-04 09:30:00-04:00,18.889999389648438,18.889999389648438,18.889999389648438,18.889999389648438,352,0.0,0.0
2022-10-04 14:30:00-04:00,18.799999237060547,18.799999237060547,18.799999237060547,18.799999237060547,193,0.0,0.0
2022-10-04 15:30:00-04:00,18.610000610351562,18.610000610351562,18.610000610351562,18.610000610351562,136,0.0,0.0
2022-10-05 12:30:00-04:00,18.010000228881836,18.010000228881836,18.010000228881836,18.010000228881836,558,0.0,0.0
2022-10-05 13:30:00-04:00,18.252700805664062,18.252700805664062,18.252700805664062,18.252700805664062,206,0.0,0.0
2022-10-05 14:30:00-04:00,18.260000228881836,18.260000228881836,18.260000228881836,18.260000228881836,108,0.0,0.0
2022-10-05 15:30:00-04:00,18.450000762939453,18.450000762939453,18.260000228881836,18.260000228881836,209,0.0,0.0
2022-10-06 13:30:00-04:00,17.799999237060547,17.799999237060547,17.799999237060547,17.799999237060547,42,0.0,0.0
2022-10-06 15:30:00-04:00,17.853099822998047,17.91390037536621,17.853099822998047,17.91390037536621,0,0.0,0.0
2022-10-07 09:30:00-04:00,17.5,17.5,17.5,17.5,195,0.0,0.0
2022-10-07 13:30:00-04:00,17.75,17.75,17.719999313354492,17.719999313354492,800,0.0,0.0
2022-10-10 11:30:00-04:00,17.770000457763672,17.770000457763672,17.770000457763672,17.770000457763672,200,0.0,0.0
2022-10-10 12:30:00-04:00,17.799999237060547,17.799999237060547,17.270000457763672,17.270000457763672,412,0.0,0.0
2022-10-10 13:30:00-04:00,17.20009994506836,17.549999237060547,17.20009994506836,17.549999237060547,2310,0.0,0.0
2022-10-10 15:30:00-04:00,17.399999618530273,17.399999618530273,17.399999618530273,17.399999618530273,610,0.0,0.0
2022-10-11 10:30:00-04:00,17.725000381469727,17.725000381469727,17.049999237060547,17.239999771118164,4376,0.0,0.0
2022-10-11 11:30:00-04:00,17.25,17.494699478149414,17.110000610351562,17.200000762939453,2397,0.0,0.0
2022-10-11 12:30:00-04:00,17.350000381469727,17.949899673461914,17.350000381469727,17.949899673461914,908,0.0,0.0
2022-10-11 14:30:00-04:00,17.350000381469727,17.350000381469727,17.350000381469727,17.350000381469727,128,0.0,0.0
2022-10-12 09:30:00-04:00,17.89699935913086,17.89699935913086,17.549999237060547,17.549999237060547,0,0.0,0.0
2022-10-12 15:30:00-04:00,17.500099182128906,17.511199951171875,17.5,17.511199951171875,0,0.0,0.0
2022-10-13 10:30:00-04:00,17.575000762939453,17.949899673461914,17.575000762939453,17.949899673461914,307,0.0,0.0
2022-10-13 13:30:00-04:00,17.309999465942383,17.309999465942383,17.309999465942383,17.309999465942383,106,0.0,0.0
2022-10-13 14:30:00-04:00,17.200000762939453,17.200000762939453,17.200000762939453,17.200000762939453,209,0.0,0.0
2022-10-14 09:30:00-04:00,17.839000701904297,17.839000701904297,17.839000701904297,17.839000701904297,0,0.0,0.0
2022-10-17 15:30:00-04:00,17.899999618530273,17.899999618530273,17.899999618530273,17.899999618530273,159,0.0,0.0
2022-10-19 09:30:00-04:00,17.260000228881836,17.260000228881836,17.260000228881836,17.260000228881836,101,0.0,0.0
2022-10-19 12:30:00-04:00,17.883100509643555,17.883100509643555,17.260099411010742,17.309999465942383,326,0.0,0.0
2022-10-19 14:30:00-04:00,17.350000381469727,17.350000381469727,17.350000381469727,17.350000381469727,176,0.0,0.0
2022-10-19 15:30:00-04:00,17.350000381469727,17.350000381469727,17.350000381469727,17.350000381469727,260,0.0,0.0
2022-10-20 09:30:00-04:00,17.34000015258789,17.497400283813477,17.34000015258789,17.497400283813477,1247,0.0,0.0
2022-10-20 10:30:00-04:00,17.479999542236328,17.479999542236328,17.469999313354492,17.479999542236328,443,0.0,0.0
2022-10-20 11:30:00-04:00,17.31999969482422,17.5,17.31999969482422,17.5,3573,0.0,0.0
2022-10-20 12:30:00-04:00,17.600000381469727,17.600000381469727,17.600000381469727,17.600000381469727,130,0.0,0.0
2022-10-20 13:30:00-04:00,17.5,17.5,17.5,17.5,110,0.0,0.0
2022-10-20 14:30:00-04:00,17.625,17.625,17.625,17.625,100,0.0,0.0
2022-10-20 15:30:00-04:00,17.700000762939453,17.749900817871094,17.625,17.749900817871094,912,0.0,0.0
2022-10-21 11:30:00-04:00,17.459999084472656,17.459999084472656,17.459999084472656,17.459999084472656,0,0.0,0.0
2022-10-21 13:30:00-04:00,17.650100708007812,17.672500610351562,17.260000228881836,17.309999465942383,5520,0.0,0.0
2022-10-21 15:30:00-04:00,17.5,17.5,17.5,17.5,104,0.0,0.0
2022-10-24 12:30:00-04:00,17.31999969482422,17.329999923706055,17.299999237060547,17.299999237060547,779,0.0,0.0
2022-10-25 09:30:00-04:00,17.200000762939453,17.200000762939453,17.200000762939453,17.200000762939453,0,0.0,0.0
2022-10-25 10:30:00-04:00,17.200000762939453,17.200000762939453,17.200000762939453,17.200000762939453,271,0.0,0.0
2022-10-25 11:30:00-04:00,17.200000762939453,17.200000762939453,17.200000762939453,17.200000762939453,679,0.0,0.0
2022-10-26 13:30:00-04:00,16.899999618530273,16.899999618530273,16.899999618530273,16.899999618530273,0,0.0,0.0
2022-10-26 14:30:00-04:00,17.190000534057617,17.190000534057617,17.190000534057617,17.190000534057617,7,0.0,0.0
2022-10-27 15:30:00-04:00,17.170000076293945,17.18000030517578,17.170000076293945,17.17799949645996,0,0.0,0.0
2022-10-28 12:30:00-04:00,17.105499267578125,17.105499267578125,17.105499267578125,17.105499267578125,307,0.0,0.0
2022-10-31 09:30:00-04:00,16.950000762939453,16.950000762939453,16.899999618530273,16.899999618530273,605,0.0,0.0
2022-10-31 12:30:00-04:00,17.110000610351562,17.110000610351562,17.045000076293945,17.045000076293945,911,0.0,0.0
2022-10-31 13:30:00-04:00,16.920000076293945,16.920000076293945,16.920000076293945,16.920000076293945,110,0.0,0.0
2022-10-31 14:30:00-04:00,17.06999969482422,17.06999969482422,17.06999969482422,17.06999969482422,222,0.0,0.0
2022-10-31 15:30:00-04:00,17.0,17.0,17.0,17.0,334,0.0,0.0
2022-11-01 09:30:00-04:00,16.899999618530273,17.0,16.899999618530273,17.0,2276,0.0,0.0
2022-11-01 10:30:00-04:00,17.050800323486328,17.050800323486328,17.050800323486328,17.050800323486328,120,0.0,0.0
2022-11-01 12:30:00-04:00,17.110000610351562,17.110000610351562,17.110000610351562,17.110000610351562,100,0.0,0.0
2022-11-01 15:30:00-04:00,17.049999237060547,17.049999237060547,17.049999237060547,17.049999237060547,0,0.0,0.0
2022-11-02 13:30:00-04:00,17.10849952697754,17.10849952697754,17.059999465942383,17.059999465942383,388,0.0,0.0
2022-11-02 14:30:00-04:00,17.566600799560547,17.566600799560547,17.0,17.0,0,0.0,0.0
2022-11-03 09:30:00-04:00,17.000099182128906,17.040000915527344,17.000099182128906,17.040000915527344,410,0.0,0.0
2022-11-03 12:30:00-04:00,17.042699813842773,17.042699813842773,17.042699813842773,17.042699813842773,0,0.0,0.0
2022-11-04 13:30:00-04:00,17.100000381469727,17.100000381469727,17.100000381469727,17.100000381469727,262,0.0,0.0
2022-11-04 15:30:00-04:00,17.0,17.0,16.950000762939453,16.950000762939453,458,0.0,0.0
2022-11-07 10:30:00-05:00,16.760000228881836,16.760000228881836,16.760000228881836,16.760000228881836,323,0.0,0.0
2022-11-07 13:30:00-05:00,17.0,17.0,17.0,17.0,969,0.0,0.0
2022-11-07 15:30:00-05:00,16.809999465942383,16.809999465942383,16.700000762939453,16.700000762939453,0,0.0,0.0
2022-11-08 15:30:00-05:00,16.610000610351562,16.610000610351562,16.549999237060547,16.549999237060547,3,0.0,0.0
2022-11-10 13:30:00-05:00,16.860000610351562,16.860000610351562,16.860000610351562,16.860000610351562,193,0.0,0.0
2022-11-10 14:30:00-05:00,16.850000381469727,16.850000381469727,16.75,16.75,604,0.0,0.0
2022-11-10 15:30:00-05:00,16.75,16.75,16.75,16.75,0,0.0,0.0
2022-11-11 10:30:00-05:00,16.59000015258789,16.59000015258789,16.59000015258789,16.59000015258789,208,0.0,0.0
2022-11-11 11:30:00-05:00,16.799999237060547,16.799999237060547,16.799999237060547,16.799999237060547,303,0.0,0.0
2022-11-11 14:30:00-05:00,16.639999389648438,16.639999389648438,16.600000381469727,16.600000381469727,295,0.0,0.0
2022-11-11 15:30:00-05:00,16.559999465942383,16.559999465942383,16.559999465942383,16.559999465942383,100,0.0,0.0
2022-11-14 13:30:00-05:00,16.799999237060547,16.799999237060547,16.799999237060547,16.799999237060547,102,0.0,0.0
2022-11-15 13:30:00-05:00,16.6200008392334,16.6200008392334,16.6200008392334,16.6200008392334,12,0.0,0.0
2022-11-15 14:30:00-05:00,16.6200008392334,16.6200008392334,16.6200008392334,16.6200008392334,108,0.0,0.0
2022-11-16 09:30:00-05:00,16.600000381469727,16.600000381469727,16.600000381469727,16.600000381469727,886,0.0,0.0
2022-11-16 11:30:00-05:00,16.900800704956055,16.901500701904297,16.5,16.799999237060547,1052,0.0,0.0
2022-11-17 09:30:00-05:00,16.690000534057617,16.690000534057617,16.690000534057617,16.690000534057617,107,0.0,0.0
2022-11-17 11:30:00-05:00,16.469999313354492,16.469999313354492,16.469999313354492,16.469999313354492,0,0.0,0.0
2022-11-18 09:30:00-05:00,16.829599380493164,16.829599380493164,16.829599380493164,16.829599380493164,730,0.0,0.0
2022-11-18 10:30:00-05:00,16.350000381469727,16.3700008392334,16.350000381469727,16.3700008392334,454,0.0,0.0
2022-11-18 13:30:00-05:00,16.510000228881836,16.510000228881836,16.4783992767334,16.4783992767334,243,0.0,0.0
2022-11-18 14:30:00-05:00,16.350000381469727,16.3700008392334,16.350000381469727,16.350000381469727,1200,0.0,0.0
2022-11-21 09:30:00-05:00,16.770000457763672,16.770000457763672,16.770000457763672,16.770000457763672,0,0.0,0.0
2022-11-21 12:30:00-05:00,16.309999465942383,16.309999465942383,16.309999465942383,16.309999465942383,100,0.0,0.0
2022-11-21 13:30:00-05:00,16.309999465942383,16.309999465942383,16.309999465942383,16.309999465942383,156,0.0,0.0
2022-11-22 09:30:00-05:00,16.31999969482422,16.5,15.5,16.5,5036,0.0,0.0
2022-11-22 10:30:00-05:00,16.64929962158203,16.649999618530273,16.575000762939453,16.649999618530273,1103,0.0,0.0
2022-11-22 12:30:00-05:00,16.700000762939453,16.700000762939453,16.700000762939453,16.700000762939453,320,0.0,0.0
2022-11-22 15:30:00-05:00,16.969999313354492,16.969999313354492,16.969999313354492,16.969999313354492,323,0.0,0.0
2022-11-23 09:30:00-05:00,16.700000762939453,16.700000762939453,16.700000762939453,16.700000762939453,0,0.0,0.0
2022-11-25 09:30:00-05:00,16.290000915527344,16.290000915527344,16.290000915527344,16.290000915527344,862,0.0,0.0
2022-11-29 09:30:00-05:00,16.5,16.5,16.5,16.5,0,0.0,0.0
2022-11-29 11:30:00-05:00,16.5,16.5,16.5,16.5,108,0.0,0.0
2022-11-30 09:30:00-05:00,16.700000762939453,16.700000762939453,16.700000762939453,16.700000762939453,359,0.0,0.0
2022-11-30 11:30:00-05:00,16.700000762939453,16.700000762939453,16.700000762939453,16.700000762939453,229,0.0,0.0
2022-12-01 13:30:00-05:00,16.564899444580078,16.564899444580078,16.564899444580078,16.564899444580078,0,0.0,0.0
2022-12-01 14:30:00-05:00,16.950000762939453,16.950000762939453,16.7362003326416,16.7362003326416,309,0.0,0.0
2022-12-02 12:30:00-05:00,16.729999542236328,16.729999542236328,16.729999542236328,16.729999542236328,0,0.0,0.0
2022-12-02 13:30:00-05:00,16.860000610351562,16.860000610351562,16.667400360107422,16.667400360107422,662,0.0,0.0
2022-12-05 11:30:00-05:00,16.420000076293945,16.420000076293945,16.420000076293945,16.420000076293945,0,0.0,0.0
2022-12-05 14:30:00-05:00,16.399999618530273,16.399999618530273,16.399999618530273,16.399999618530273,108,0.0,0.0
2022-12-05 15:30:00-05:00,16.399999618530273,16.399999618530273,16.399999618530273,16.399999618530273,104,0.0,0.0
2022-12-06 13:30:00-05:00,16.300100326538086,16.300100326538086,16.300100326538086,16.300100326538086,18,0.0,0.0
2022-12-08 10:30:00-05:00,16.3700008392334,16.3700008392334,16.3700008392334,16.3700008392334,102,0.0,0.0
2022-12-08 11:30:00-05:00,16.3700008392334,16.469999313354492,16.3700008392334,16.459999084472656,1508,0.0,0.0
2022-12-08 12:30:00-05:00,16.420000076293945,16.42009925842285,16.3700008392334,16.3700008392334,589,0.0,0.0
2022-12-08 13:30:00-05:00,16.46540069580078,16.46540069580078,16.46540069580078,16.46540069580078,122,0.0,0.0
2022-12-09 13:30:00-05:00,16.3700008392334,16.3700008392334,16.3700008392334,16.3700008392334,0,0.0,0.0
2022-12-09 14:30:00-05:00,16.3700008392334,16.3799991607666,16.3700008392334,16.3700008392334,1432,0.0,0.0
2022-12-12 09:30:00-05:00,16.40999984741211,16.440000534057617,16.3700008392334,16.3700008392334,0,0.0,0.0
2022-12-13 09:30:00-05:00,16.139999389648438,16.139999389648438,16.139999389648438,16.139999389648438,362,0.0,0.0
2022-12-13 15:30:00-05:00,16.200000762939453,16.200000762939453,16.200000762939453,16.200000762939453,200,0.0,0.0
2022-12-14 10:30:00-05:00,16.235000610351562,16.235000610351562,16.235000610351562,16.235000610351562,0,0.0,0.0
2022-12-14 11:30:00-05:00,16.149999618530273,16.149999618530273,16.010000228881836,16.010000228881836,2005,0.0,0.0
2022-12-14 14:30:00-05:00,16.010000228881836,16.010000228881836,16.010000228881836,16.010000228881836,107,0.0,0.0
2022-12-15 09:30:00-05:00,16.0,16.0,15.699999809265137,15.699999809265137,0,0.0,0.0
2022-12-15 15:30:00-05:00,15.770000457763672,15.770000457763672,15.770000457763672,15.770000457763672,211,0.0,0.0
2022-12-16 09:30:00-05:00,15.594200134277344,15.594200134277344,15.594200134277344,15.594200134277344,0,0.0,0.0
2022-12-16 11:30:00-05:00,15.550000190734863,15.579999923706055,15.550000190734863,15.550000190734863,1174,0.0,0.0
2022-12-16 14:30:00-05:00,15.5600004196167,15.5600004196167,15.5600004196167,15.5600004196167,112,0.0,0.0
2022-12-16 15:30:00-05:00,15.574999809265137,15.600000381469727,15.550000190734863,15.550000190734863,410,0.0,0.0
2022-12-19 09:30:00-05:00,16.209999084472656,16.209999084472656,16.209999084472656,16.209999084472656,0,0.0,0.0
2022-12-19 11:30:00-05:00,16.259899139404297,16.259899139404297,15.904999732971191,15.904999732971191,766,0.0,0.0
2022-12-20 12:30:00-05:00,15.865699768066406,15.865699768066406,15.865699768066406,15.865699768066406,169,0.0,0.0
2022-12-21 14:30:00-05:00,15.64109992980957,15.64109992980957,15.64109992980957,15.64109992980957,255,0.0,0.0
2022-12-22 14:30:00-05:00,15.550000190734863,15.550000190734863,15.550000190734863,15.550000190734863,392,0.0,0.0
2022-12-23 10:30:00-05:00,15.75,15.760000228881836,15.75,15.760000228881836,43959,0.0,0.0
2022-12-23 11:30:00-05:00,15.729999542236328,15.75,15.729999542236328,15.75,2292,0.0,0.0
2022-12-27 15:30:00-05:00,15.5,15.5,15.5,15.5,296,0.0,0.0
2022-12-29 10:30:00-05:00,15.60319995880127,15.60319995880127,15.60319995880127,15.60319995880127,0,0.0,0.0
2022-12-29 11:30:00-05:00,15.949999809265137,15.949999809265137,15.949999809265137,15.949999809265137,244,0.0,0.0
2023-01-03 09:30:00-05:00,15.989999771118164,15.989999771118164,15.989999771118164,15.989999771118164,241,0.0,0.0
2023-01-03 14:30:00-05:00,15.979999542236328,15.979999542236328,15.75,15.75,1560,0.0,0.0
2023-01-04 09:30:00-05:00,15.70930004119873,15.70930004119873,15.70930004119873,15.70930004119873,0,0.0,0.0
2023-01-05 11:30:00-05:00,15.999899864196777,16.376399993896484,15.979999542236328,16.0,1854,0.0,0.0
2023-01-05 12:30:00-05:00,16.010000228881836,16.010000228881836,16.0,16.010000228881836,507,0.0,0.0
2023-01-05 13:30:00-05:00,16.0,16.0,16.0,16.0,1388,0.0,0.0
2023-01-05 15:30:00-05:00,15.850000381469727,16.13360023498535,15.8100004196167,15.899999618530273,0,0.0,0.0
2023-01-06 12:30:00-05:00,15.630000114440918,15.630000114440918,15.630000114440918,15.630000114440918,916,0.0,0.0
2023-01-09 13:30:00-05:00,15.658499717712402,15.658499717712402,15.658499717712402,15.658499717712402,271,0.0,0.0
2023-01-10 09:30:00-05:00,15.710000038146973,15.710000038146973,15.649999618530273,15.680000305175781,134,0.0,0.0
2023-01-10 15:30:00-05:00,15.710000038146973,15.710000038146973,15.65999984741211,15.65999984741211,900,0.0,0.0
2023-01-11 09:30:00-05:00,15.75,15.75,15.75,15.75,0,0.0,0.0
2023-01-11 14:30:00-05:00,15.890000343322754,15.890000343322754,15.75,15.75,552,0.0,0.0
2023-01-11 15:30:00-05:00,15.750100135803223,15.750100135803223,15.750100135803223,15.750100135803223,800,0.0,0.0
2023-01-12 14:30:00-05:00,16.321800231933594,16.499300003051758,16.299999237060547,16.299999237060547,100,0.0,0.0
2023-01-17 12:30:00-05:00,15.949999809265137,15.949999809265137,15.949999809265137,15.949999809265137,0,0.0,0.0
2023-01-18 09:30:00-05:00,16.209999084472656,16.209999084472656,16.209999084472656,16.209999084472656,0,0.0,0.0
2023-01-18 11:30:00-05:00,16.25,16.25,16.25,16.25,100,0.0,0.0
2023-01-18 12:30:00-05:00,16.25,16.25,16.0,16.0,1000,0.0,0.0
2023-01-18 14:30:00-05:00,16.350000381469727,16.5,16.350000381469727,16.5,1100,0.0,0.0
2023-01-18 15:30:00-05:00,16.5,16.5,16.3799991607666,16.479999542236328,2369,0.0,0.0
2023-01-19 10:30:00-05:00,16.210500717163086,16.210500717163086,16.210500717163086,16.210500717163086,0,0.0,0.0
2023-01-19 11:30:00-05:00,16.200000762939453,16.200000762939453,16.200000762939453,16.200000762939453,100,0.0,0.0
2023-01-19 12:30:00-05:00,16.17340087890625,16.17340087890625,16.17340087890625,16.17340087890625,120,0.0,0.0
2023-01-19 13:30:00-05:00,16.020000457763672,16.43000030517578,16.020000457763672,16.43000030517578,1000,0.0,0.0
2023-01-19 15:30:00-05:00,16.43000030517578,16.43000030517578,16.43000030517578,16.43000030517578,100,0.0,0.0
2023-01-20 09:30:00-05:00,16.770000457763672,16.770000457763672,16.770000457763672,16.770000457763672,0,0.0,0.0
2023-01-20 12:30:00-05:00,16.5,16.600000381469727,16.5,16.600000381469727,2425,0.0,0.0
2023-01-20 13:30:00-05:00,16.5,16.5,16.5,16.5,307,0.0,0.0
2023-01-20 15:30:00-05:00,16.809900283813477,16.809900283813477,16.809900283813477,16.809900283813477,100,0.0,0.0
2023-01-23 09:30:00-05:00,16.902700424194336,16.902700424194336,16.5,16.5,0,0.0,0.0
2023-01-23 12:30:00-05:00,16.360000610351562,17.0,16.360000610351562,16.75,4922,0.0,0.0
2023-01-23 13:30:00-05:00,16.799999237060547,17.170000076293945,16.709999084472656,16.84000015258789,5306,0.0,0.0
2023-01-26 13:30:00-05:00,16.010000228881836,16.5,16.010000228881836,16.479999542236328,820,0.0,0.0
2023-01-30 14:30:00-05:00,16.516700744628906,16.516700744628906,16.5,16.5,918,0.0,0.0
2023-01-31 11:30:00-05:00,16.489999771118164,16.5,16.489999771118164,16.5,0,0.0,0.0
2023-02-01 09:30:00-05:00,16.1200008392334,16.1200008392334,16.1200008392334,16.1200008392334,428,0.0,0.0
2023-02-01 10:30:00-05:00,16.209999084472656,16.209999084472656,16.200000762939453,16.200000762939453,250,0.0,0.0
2023-02-01 13:30:00-05:00,16.089500427246094,16.089500427246094,16.089500427246094,16.089500427246094,357,0.0,0.0
2023-02-02 09:30:00-05:00,15.699999809265137,16.09000015258789,15.699999809265137,15.894200325012207,2424,0.0,0.0
2023-02-02 12:30:00-05:00,16.399999618530273,16.399999618530273,16.399999618530273,16.399999618530273,360,0.0,0.0
2023-02-02 15:30:00-05:00,16.139999389648438,16.139999389648438,16.139999389648438,16.139999389648438,161,0.0,0.0
2023-02-06 11:30:00-05:00,16.290000915527344,16.290000915527344,16.290000915527344,16.290000915527344,415,0.0,0.0
2023-02-06 14:30:00-05:00,16.290000915527344,16.290000915527344,16.290000915527344,16.290000915527344,104,0.0,0.0
2023-02-06 15:30:00-05:00,16.219999313354492,16.219999313354492,16.219999313354492,16.219999313354492,246,0.0,0.0
2023-02-07 14:30:00-05:00,15.729999542236328,16.18000030517578,15.729999542236328,15.729999542236328,0,0.0,0.0
2023-02-07 15:30:00-05:00,15.824600219726562,15.824600219726562,15.824600219726562,15.824600219726562,0,0.0,0.0
2023-02-10 10:30:00-05:00,15.774200439453125,15.774200439453125,15.774200439453125,15.774200439453125,0,0.0,0.0
2023-02-13 09:30:00-05:00,15.770000457763672,15.770000457763672,15.600000381469727,15.600000381469727,4039,0.0,0.0
2023-02-13 13:30:00-05:00,15.65999984741211,15.65999984741211,15.649999618530273,15.649999618530273,319,0.0,0.0
2023-02-13 14:30:00-05:00,15.649999618530273,15.649999618530273,15.600000381469727,15.600000381469727,2319,0.0,0.0
2023-02-14 11:30:00-05:00,15.800000190734863,15.800000190734863,15.800000190734863,15.800000190734863,400,0.0,0.0
2023-02-14 14:30:00-05:00,15.59000015258789,15.649999618530273,15.59000015258789,15.609999656677246,1452,0.0,0.0
2023-02-15 09:30:00-05:00,15.619999885559082,15.619999885559082,15.619999885559082,15.619999885559082,0,0.0,0.0
2023-02-15 10:30:00-05:00,15.5600004196167,15.5600004196167,15.5,15.5,1296,0.0,0.0
2023-02-15 11:30:00-05:00,15.609999656677246,15.649999618530273,15.609999656677246,15.649999618530273,0,0.0,0.0
2023-02-16 11:30:00-05:00,15.510000228881836,15.630000114440918,15.510000228881836,15.630000114440918,966,0.0,0.0
2023-02-21 13:30:00-05:00,15.550000190734863,15.550000190734863,15.520000457763672,15.520000457763672,1170,0.0,0.0
2023-02-22 09:30:00-05:00,15.500100135803223,15.500100135803223,15.5,15.5,0,0.0,0.0
2023-02-22 15:30:00-05:00,15.649999618530273,15.649999618530273,15.649999618530273,15.649999618530273,148,0.0,0.0
2023-02-27 10:30:00-05:00,15.649999618530273,15.649999618530273,15.530400276184082,15.530400276184082,850,0.0,0.0
2023-02-27 12:30:00-05:00,15.550000190734863,15.649999618530273,15.539999961853027,15.550000190734863,7090,0.0,0.0
2023-02-27 14:30:00-05:00,15.529999732971191,16.6299991607666,15.5,15.649999618530273,0,0.0,0.0
2023-02-28 13:30:00-05:00,15.510000228881836,15.510000228881836,15.5,15.5,1588,0.0,0.0
2023-02-28 14:30:00-05:00,15.460000038146973,15.460000038146973,15.25,15.25,0,0.0,0.0
2023-03-02 11:30:00-05:00,15.020000457763672,15.640000343322754,15.020000457763672,15.25,550,0.0,0.0
2023-03-02 14:30:00-05:00,15.25,15.25,15.25,15.25,504,0.0,0.0
2023-03-02 15:30:00-05:00,15.25,15.25,15.25,15.25,0,0.0,0.0
2023-03-03 11:30:00-05:00,15.260000228881836,15.260000228881836,15.260000228881836,15.260000228881836,136,0.0,0.0
2023-03-06 09:30:00-05:00,15.069999694824219,15.069999694824219,15.069999694824219,15.069999694824219,82,0.0,0.0
2023-03-06 10:30:00-05:00,15.104000091552734,15.149999618530273,15.100000381469727,15.100000381469727,621,0.0,0.0
2023-03-06 13:30:00-05:00,15.199999809265137,15.199999809265137,15.199999809265137,15.199999809265137,433,0.0,0.0
2023-03-06 15:30:00-05:00,15.199999809265137,15.199999809265137,15.199999809265137,15.199999809265137,120,0.0,0.0
2023-03-07 14:30:00-05:00,15.220000267028809,15.725000381469727,15.220000267028809,15.725000381469727,0,0.0,0.0
2023-03-08 12:30:00-05:00,15.5,15.5,15.5,15.5,8017,0.0,0.0
2023-03-08 14:30:00-05:00,15.5,15.6899995803833,15.5,15.6899995803833,16680,0.0,0.0
2023-03-08 15:30:00-05:00,15.4399995803833,15.4399995803833,15.4399995803833,15.4399995803833,109,0.0,0.0
2023-03-09 09:30:00-05:00,16.489999771118164,16.860000610351562,16.375,16.809999465942383,0,0.0,0.0
2023-03-09 15:30:00-05:00,17.479999542236328,17.479999542236328,16.880599975585938,16.880599975585938,0,0.0,0.0
2023-03-10 09:30:00-05:00,17.389999389648438,17.389999389648438,17.389999389648438,17.389999389648438,603,0.0,0.0
2023-03-10 12:30:00-05:00,16.551799774169922,16.551799774169922,16.551799774169922,16.551799774169922,663,0.0,0.0
2023-03-10 15:30:00-05:00,16.56999969482422,16.56999969482422,16.5,16.5,365,0.0,0.0
2023-03-13 09:30:00-04:00,15.010000228881836,15.010000228881836,15.010000228881836,15.010000228881836,0,0.0,0.0
2023-03-13 11:30:00-04:00,16.40880012512207,16.40880012512207,16.40880012512207,16.40880012512207,923,0.0,0.0
2023-03-13 12:30:00-04:00,15.890000343322754,15.890000343322754,15.890000343322754,15.890000343322754,756,0.0,0.0
2023-03-13 15:30:00-04:00,15.989999771118164,15.989999771118164,15.989999771118164,15.989999771118164,100,0.0,0.0
2023-03-14 09:30:00-04:00,16.0,16.489999771118164,16.0,16.110000610351562,0,0.0,0.0
2023-03-14 10:30:00-04:00,16.0,16.0,16.0,16.0,1759,0.0,0.0
2023-03-14 11:30:00-04:00,16.010000228881836,16.020000457763672,15.609999656677246,15.630000114440918,2068,0.0,0.0
2023-03-14 14:30:00-04:00,15.649999618530273,15.649999618530273,15.649999618530273,15.649999618530273,160,0.0,0.0
2023-03-14 15:30:00-04:00,15.65999984741211,15.65999984741211,15.65999984741211,15.65999984741211,199,0.0,0.0
2023-03-15 09:30:00-04:00,15.649999618530273,15.649999618530273,15.649999618530273,15.649999618530273,0,0.0,0.0
2023-03-15 10:30:00-04:00,16.0,16.0,16.0,16.0,200,0.0,0.0
2023-03-15 11:30:00-04:00,16.1200008392334,16.5,16.1200008392334,16.5,3905,0.0,0.0
2023-03-15 12:30:00-04:00,16.440000534057617,16.5,16.000099182128906,16.000099182128906,2230,0.0,0.0
2023-03-15 14:30:00-04:00,16.187999725341797,16.187999725341797,16.187999725341797,16.187999725341797,452,0.0,0.0
2023-03-16 10:30:00-04:00,16.882200241088867,16.882200241088867,16.882200241088867,16.882200241088867,0,0.0,0.0
2023-03-16 15:30:00-04:00,16.809999465942383,16.809999465942383,16.809999465942383,16.809999465942383,0,0.0,0.0
2023-03-17 09:30:00-04:00,16.010000228881836,16.040000915527344,16.010000228881836,16.040000915527344,360,0.0,0.0
2023-03-17 10:30:00-04:00,16.1200008392334,16.1200008392334,16.0,16.000200271606445,1900,0.0,0.0
2023-03-17 11:30:00-04:00,16.049999237060547,16.049999237060547,16.049999237060547,16.049999237060547,100,0.0,0.0
2023-03-17 14:30:00-04:00,16.0,16.600000381469727,16.0,16.600000381469727,2302,0.0,0.0
2023-03-21 11:30:00-04:00,16.0,16.0,16.0,16.0,452,0.0,0.0
2023-03-21 13:30:00-04:00,15.75,15.75,15.75,15.75,602,0.0,0.0
2023-03-21 15:30:00-04:00,16.0,16.0,16.0,16.0,364,0.0,0.0
2023-03-22 09:30:00-04:00,15.130000114440918,15.489999771118164,15.130000114440918,15.489999771118164,0,0.0,0.0
2023-03-22 14:30:00-04:00,15.5,15.500100135803223,15.300000190734863,15.300000190734863,2491,0.0,0.0
2023-03-23 11:30:00-04:00,15.399999618530273,15.399999618530273,15.15999984741211,15.15999984741211,1826,0.0,0.0
2023-03-23 12:30:00-04:00,15.149999618530273,15.300000190734863,15.149999618530273,15.300000190734863,2060,0.0,0.0
2023-03-28 13:30:00-04:00,15.369999885559082,15.369999885559082,15.369999885559082,15.369999885559082,66,0.0,0.0
2023-03-30 10:30:00-04:00,15.373600006103516,15.373600006103516,15.373600006103516,15.373600006103516,385,0.0,0.0
2023-03-30 13:30:00-04:00,15.150099754333496,15.574999809265137,15.149999618530273,15.574999809265137,1020,0.0,0.0
2023-03-30 14:30:00-04:00,15.15999984741211,15.15999984741211,15.15999984741211,15.15999984741211,276,0.0,0.0
2023-03-31 13:30:00-04:00,15.149999618530273,15.331999778747559,15.149999618530273,15.331999778747559,0,0.0,0.0
2023-03-31 15:30:00-04:00,15.199999809265137,15.400699615478516,15.199999809265137,15.400699615478516,1025,0.0,0.0
2023-04-04 10:30:00-04:00,15.199999809265137,15.199999809265137,15.199999809265137,15.199999809265137,620,0.0,0.0
2023-04-04 13:30:00-04:00,15.300000190734863,15.300000190734863,15.300000190734863,15.300000190734863,316,0.0,0.0
2023-04-04 14:30:00-04:00,15.199999809265137,15.199999809265137,15.199999809265137,15.199999809265137,0,0.0,0.0
2023-04-05 13:30:00-04:00,15.149999618530273,15.149999618530273,15.149999618530273,15.149999618530273,3330,0.0,0.0
2023-04-05 14:30:00-04:00,15.220000267028809,15.25,15.199999809265137,15.220000267028809,3615,0.0,0.0
2023-04-05 15:30:00-04:00,15.25,15.5,15.25,15.399999618530273,1974,0.0,0.0
2023-04-06 11:30:00-04:00,15.399999618530273,15.399999618530273,15.399999618530273,15.399999618530273,288,0.0,0.0
2023-04-06 12:30:00-04:00,15.350000381469727,15.350000381469727,15.350000381469727,15.350000381469727,2705,0.0,0.0
2023-04-06 13:30:00-04:00,15.5,15.5,15.350000381469727,15.5,1180,0.0,0.0
2023-04-06 14:30:00-04:00,15.5,15.5,15.489999771118164,15.5,2538,0.0,0.0
2023-04-06 15:30:00-04:00,15.5,15.520000457763672,15.5,15.5,405,0.0,0.0
2023-04-11 09:30:00-04:00,15.545599937438965,15.545599937438965,15.545599937438965,15.545599937438965,548,0.0,0.0
2023-04-11 12:30:00-04:00,15.949999809265137,15.949999809265137,15.949999809265137,15.949999809265137,162,0.0,0.0
2023-04-11 14:30:00-04:00,16.06999969482422,16.06999969482422,16.06999969482422,16.06999969482422,310,0.0,0.0
2023-04-11 15:30:00-04:00,16.0,16.0,16.0,16.0,0,0.0,0.0
2023-04-12 14:30:00-04:00,15.53849983215332,15.609999656677246,15.53849983215332,15.609999656677246,141,0.0,0.0
2023-04-14 15:30:00-04:00,15.5,15.5,15.5,15.5,238,0.0,0.0
2023-04-19 11:30:00-04:00,15.419899940490723,15.460000038146973,15.419899940490723,15.460000038146973,1743,0.0,0.0
2023-04-19 13:30:00-04:00,15.5,15.5,15.5,15.5,430,0.0,0.0
2023-04-19 15:30:00-04:00,15.420000076293945,15.420000076293945,15.420000076293945,15.420000076293945,574,0.0,0.0
2023-04-21 14:30:00-04:00,15.649999618530273,15.949999809265137,15.494999885559082,15.494999885559082,4244,0.0,0.0
2023-04-21 15:30:00-04:00,15.494999885559082,15.880000114440918,15.494999885559082,15.609999656677246,0,0.0,0.0
2023-04-25 15:30:00-04:00,16.0,16.0,15.699999809265137,16.0,2829,0.0,0.0
2023-04-27 13:30:00-04:00,16.200000762939453,16.25,16.200000762939453,16.25,403,0.0,0.0
2023-04-28 09:30:00-04:00,15.970000267028809,15.970000267028809,15.970000267028809,15.970000267028809,0,0.0,0.0
2023-04-28 15:30:00-04:00,16.25,16.25,16.25,16.25,123,0.0,0.0
2023-05-01 09:30:00-04:00,15.920000076293945,16.0,15.920000076293945,16.0,0,0.0,0.0
2023-05-01 10:30:00-04:00,16.0,16.0,16.0,16.0,1000,0.0,0.0
2023-05-01 11:30:00-04:00,15.604999542236328,15.604999542236328,15.604999542236328,15.604999542236328,0,0.0,0.0
2023-05-02 13:30:00-04:00,15.079999923706055,15.079999923706055,15.079999923706055,15.079999923706055,10,0.0,0.0
2023-05-03 15:30:00-04:00,15.850000381469727,15.850000381469727,15.850000381469727,15.850000381469727,238,0.0,0.0
2023-05-05 09:30:00-04:00,15.569999694824219,15.569999694824219,15.569999694824219,15.569999694824219,35,0.0,0.0
2023-05-05 15:30:00-04:00,16.0,16.0,16.0,16.0,135,0.0,0.0
2023-05-08 09:30:00-04:00,16.049999237060547,16.049999237060547,16.049999237060547,16.049999237060547,0,0.0,0.0
2023-05-08 11:30:00-04:00,16.0,16.0,16.0,16.0,577,0.0,0.0
2023-05-08 13:30:00-04:00,16.0,16.0,16.0,16.0,0,0.0,0.0
2023-05-09 09:30:00-04:00,16.049999237060547,16.049999237060547,16.049999237060547,16.049999237060547,19,0.0,0.0
2023-05-10 14:30:00-04:00,16.450000762939453,16.450000762939453,16.450000762939453,16.450000762939453,0,0.0,0.0
2023-05-11 12:30:00-04:00,16.489999771118164,16.489999771118164,16.450000762939453,16.450000762939453,1075,0.0,0.0
2023-05-16 09:30:00-04:00,16.5,16.5,16.5,16.5,1261,0.0,0.0
2023-05-16 12:30:00-04:00,16.049999237060547,16.049999237060547,16.049999237060547,16.049999237060547,105,0.0,0.0
2023-05-18 12:30:00-04:00,16.579999923706055,16.579999923706055,16.579999923706055,16.579999923706055,0,0.0,0.0
2023-05-18 14:30:00-04:00,16.670000076293945,16.700000762939453,16.650299072265625,16.650299072265625,0,0.0,0.0
2023-05-19 15:30:00-04:00,17.191499710083008,17.191499710083008,17.191499710083008,17.191499710083008,0,0.0,0.0
2023-05-22 14:30:00-04:00,16.65999984741211,16.65999984741211,16.65999984741211,16.65999984741211,110,0.0,0.0
2023-05-23 14:30:00-04:00,16.65999984741211,16.65999984741211,16.65999984741211,16.65999984741211,20,0.0,0.0
2023-05-24 09:30:00-04:00,17.0,17.0,16.709999084472656,16.724300384521484,603,0.0,0.0
2023-05-25 09:30:00-04:00,16.989999771118164,16.989999771118164,16.989999771118164,16.989999771118164,0,0.0,0.0
2023-05-26 15:30:00-04:00,16.65999984741211,16.65999984741211,16.65999984741211,16.65999984741211,418,0.0,0.0
2023-05-30 11:30:00-04:00,16.65999984741211,16.65999984741211,16.65999984741211,16.65999984741211,0,0.0,0.0
2023-05-30 12:30:00-04:00,16.65999984741211,16.65999984741211,16.65999984741211,16.65999984741211,853,0.0,0.0
2023-06-01 11:30:00-04:00,15.619999885559082,15.619999885559082,15.130000114440918,15.3100004196167,0,0.0,0.0
2023-06-01 12:30:00-04:00,15.5,15.59000015258789,15.5,15.59000015258789,832,0.0,0.0
2023-06-01 13:30:00-04:00,15.40999984741211,15.40999984741211,15.40999984741211,15.40999984741211,100,0.0,0.0
2023-06-01 15:30:00-04:00,15.5,15.600000381469727,15.5,15.600000381469727,324,0.0,0.0
2023-06-05 13:30:00-04:00,15.859999656677246,15.859999656677246,15.850000381469727,15.850000381469727,271,0.0,0.0
2023-06-05 14:30:00-04:00,15.979999542236328,16.010000228881836,15.979999542236328,16.0,549,0.0,0.0
2023-06-12 11:30:00-04:00,15.999899864196777,15.999899864196777,15.999899864196777,15.999899864196777,297,0.0,0.0
2023-06-12 14:30:00-04:00,15.999899864196777,15.999899864196777,15.670000076293945,15.670000076293945,4305,0.0,0.0
2023-06-13 09:30:00-04:00,16.409799575805664,16.409799575805664,16.409799575805664,16.409799575805664,0,0.0,0.0
2023-06-13 12:30:00-04:00,15.710000038146973,16.318099975585938,15.710000038146973,16.318099975585938,949,0.0,0.0
2023-06-13 14:30:00-04:00,15.609999656677246,15.999899864196777,15.609999656677246,15.999899864196777,0,0.0,0.0
2023-06-14 09:30:00-04:00,15.600000381469727,15.600000381469727,15.600000381469727,15.600000381469727,367,0.0,0.0
2023-06-14 12:30:00-04:00,15.600099563598633,15.600099563598633,15.600099563598633,15.600099563598633,214,0.0,0.0
2023-06-14 15:30:00-04:00,15.5,15.5,15.5,15.5,1107,0.0,0.0
2023-06-15 15:30:00-04:00,15.899999618530273,15.949999809265137,15.899999618530273,15.899999618530273,594,0.0,0.0
2023-06-21 13:30:00-04:00,15.944999694824219,15.944999694824219,15.600099563598633,15.600099563598633,1038,0.0,0.0
2023-06-22 11:30:00-04:00,15.699999809265137,15.699999809265137,15.5,15.5,0,0.0,0.0
2023-06-22 12:30:00-04:00,16.0,16.0,16.0,16.0,74,0.0,0.0
2023-06-23 10:30:00-04:00,16.0,16.0,16.0,16.0,141,0.0,0.0
2023-06-23 12:30:00-04:00,16.0,16.0,16.0,16.0,222,0.0,0.0
2023-06-26 15:30:00-04:00,15.720000267028809,15.720000267028809,15.720000267028809,15.720000267028809,799,0.0,0.0
2023-06-27 10:30:00-04:00,15.640000343322754,15.640000343322754,15.640000343322754,15.640000343322754,224,0.0,0.0
2023-06-28 12:30:00-04:00,15.760000228881836,16.172199249267578,15.760000228881836,16.172199249267578,509,0.0,0.0
2023-06-29 09:30:00-04:00,16.25,16.40519905090332,16.0,16.0,1416,0.0,0.0
2023-06-29 14:30:00-04:00,16.048900604248047,16.048900604248047,16.048900604248047,16.048900604248047,799,0.0,0.0
2023-06-29 15:30:00-04:00,16.299999237060547,16.299999237060547,16.299999237060547,16.299999237060547,0,0.0,0.0
2023-06-30 09:30:00-04:00,16.649999618530273,16.649999618530273,16.649999618530273,16.649999618530273,420,0.0,0.0
2023-06-30 10:30:00-04:00,16.010000228881836,16.010000228881836,16.010000228881836,16.010000228881836,117,0.0,0.0
2023-06-30 11:30:00-04:00,16.0,16.14620018005371,15.710000038146973,15.710000038146973,725,0.0,0.0
2023-06-30 14:30:00-04:00,15.800000190734863,15.800000190734863,15.600000381469727,15.609999656677246,608,0.0,0.0
2023-06-30 15:30:00-04:00,15.630000114440918,15.649999618530273,15.149999618530273,15.149999618530273,6977,0.0,0.0
2023-07-03 10:30:00-04:00,15.399999618530273,15.399999618530273,15.220000267028809,15.220000267028809,286,0.0,0.0
2023-07-03 11:30:00-04:00,15.75,15.75,15.75,15.75,179,0.0,0.0
2023-07-05 12:30:00-04:00,15.460000038146973,15.460100173950195,15.460000038146973,15.460100173950195,287,0.0,0.0
2023-07-05 15:30:00-04:00,15.449999809265137,15.449999809265137,15.449999809265137,15.449999809265137,312,0.0,0.0
2023-07-06 15:30:00-04:00,15.010000228881836,15.25,14.994999885559082,15.25,890,0.0,0.0
2023-07-07 09:30:00-04:00,15.899999618530273,15.90999984741211,15.65999984741211,15.65999984741211,518,0.0,0.0
2023-07-07 10:30:00-04:00,15.329999923706055,15.329999923706055,15.329999923706055,15.329999923706055,125,0.0,0.0
2023-07-07 12:30:00-04:00,14.989999771118164,15.039999961853027,14.989999771118164,15.039999961853027,776,0.0,0.0
2023-07-07 13:30:00-04:00,15.199999809265137,15.600000381469727,15.199999809265137,15.600000381469727,1884,0.0,0.0
2023-07-07 14:30:00-04:00,15.380000114440918,15.489999771118164,15.34749984741211,15.34749984741211,1007,0.0,0.0
2023-07-07 15:30:00-04:00,15.180000305175781,15.210000038146973,15.180000305175781,15.210000038146973,222,0.0,0.0
2023-07-10 09:30:00-04:00,15.510000228881836,15.510000228881836,15.510000228881836,15.510000228881836,301,0.0,0.0
2023-07-10 10:30:00-04:00,15.573599815368652,15.573599815368652,15.399999618530273,15.399999618530273,942,0.0,0.0
2023-07-10 11:30:00-04:00,15.149999618530273,15.149999618530273,15.149999618530273,15.149999618530273,981,0.0,0.0
2023-07-11 11:30:00-04:00,14.770000457763672,14.770000457763672,14.770000457763672,14.770000457763672,0,0.0,0.0
2023-07-11 14:30:00-04:00,14.6072998046875,14.9350004196167,14.6072998046875,14.9350004196167,1395,0.0,0.0
2023-07-11 15:30:00-04:00,14.750100135803223,14.979999542236328,14.750100135803223,14.979999542236328,1027,0.0,0.0
2023-07-12 09:30:00-04:00,14.979999542236328,14.979999542236328,14.979999542236328,14.979999542236328,1105,0.0,0.0
2023-07-12 10:30:00-04:00,14.949999809265137,14.949999809265137,14.949999809265137,14.949999809265137,313,0.0,0.0
2023-07-12 11:30:00-04:00,14.880000114440918,14.899999618530273,14.800000190734863,14.899999618530273,3552,0.0,0.0
2023-07-12 15:30:00-04:00,15.043600082397461,15.043600082397461,15.0,15.0,764,0.0,0.0
2023-07-13 09:30:00-04:00,15.859999656677246,16.299999237060547,15.470000267028809,15.470000267028809,2615,0.0,0.0
2023-07-13 11:30:00-04:00,15.479999542236328,15.48900032043457,15.479999542236328,15.48900032043457,204,0.0,0.0
2023-07-13 13:30:00-04:00,15.149999618530273,15.149999618530273,15.029999732971191,15.050000190734863,1268,0.0,0.0
2023-07-13 14:30:00-04:00,15.0600004196167,15.0600004196167,15.0600004196167,15.0600004196167,213,0.0,0.0
2023-07-13 15:30:00-04:00,15.25,15.25,15.100000381469727,15.100000381469727,341,0.0,0.0
2023-07-14 09:30:00-04:00,15.0,15.239999771118164,15.0,15.239999771118164,2414,0.0,0.0
2023-07-14 14:30:00-04:00,15.0,15.0,15.0,15.0,170,0.0,0.0
2023-07-14 15:30:00-04:00,14.880000114440918,14.880000114440918,14.880000114440918,14.880000114440918,383,0.0,0.0
2023-07-17 09:30:00-04:00,14.899999618530273,14.899999618530273,14.899999618530273,14.899999618530273,0,0.0,0.0
2023-07-17 14:30:00-04:00,14.670000076293945,14.670000076293945,14.670000076293945,14.670000076293945,0,0.0,0.0
2023-07-18 11:30:00-04:00,14.619999885559082,14.619999885559082,14.619999885559082,14.619999885559082,213,0.0,0.0
2023-07-18 12:30:00-04:00,14.5600004196167,14.5600004196167,14.5600004196167,14.5600004196167,645,0.0,0.0
2023-07-18 15:30:00-04:00,14.710000038146973,14.859999656677246,14.710000038146973,14.729999542236328,1529,0.0,0.0
2023-07-19 09:30:00-04:00,14.869999885559082,14.989999771118164,14.869999885559082,14.890000343322754,506,0.0,0.0
2023-07-19 10:30:00-04:00,14.899999618530273,14.899999618530273,14.899999618530273,14.899999618530273,1138,0.0,0.0
2023-07-19 14:30:00-04:00,14.899999618530273,14.899999618530273,14.899999618530273,14.899999618530273,200,0.0,0.0
2023-07-19 15:30:00-04:00,15.0,15.0,14.75,14.75,0,0.0,0.0
2023-07-20 11:30:00-04:00,14.880000114440918,14.90999984741211,14.880000114440918,14.90999984741211,323,0.0,0.0
2023-07-20 15:30:00-04:00,14.920000076293945,14.920000076293945,14.920000076293945,14.920000076293945,0,0.0,0.0
2023-07-24 09:30:00-04:00,14.65999984741211,14.65999984741211,14.65999984741211,14.65999984741211,715,0.0,0.0
2023-07-24 13:30:00-04:00,14.720000267028809,14.859999656677246,14.720000267028809,14.859999656677246,0,0.0,0.0
2023-07-25 09:30:00-04:00,14.949999809265137,14.949999809265137,14.949999809265137,14.949999809265137,101,0.0,0.0
2023-07-25 10:30:00-04:00,15.09000015258789,15.09000015258789,15.09000015258789,15.09000015258789,103,0.0,0.0
2023-07-25 12:30:00-04:00,15.100000381469727,15.100000381469727,15.100000381469727,15.100000381469727,203,0.0,0.0
2023-07-25 14:30:00-04:00,15.100000381469727,15.100000381469727,15.100000381469727,15.100000381469727,204,0.0,0.0
2023-07-27 10:30:00-04:00,15.029999732971191,15.029999732971191,15.029999732971191,15.029999732971191,265,0.0,0.0
2023-07-27 12:30:00-04:00,15.0,15.0,15.0,15.0,0,0.0,0.0
2023-07-27 13:30:00-04:00,15.0,15.0,15.0,15.0,473,0.0,0.0
2023-07-27 15:30:00-04:00,14.949999809265137,14.949999809265137,14.949999809265137,14.949999809265137,0,0.0,0.0
2023-07-28 10:30:00-04:00,15.553999900817871,15.639900207519531,15.399999618530273,15.399999618530273,932,0.0,0.0
2023-07-28 11:30:00-04:00,15.300000190734863,15.300000190734863,15.300000190734863,15.300000190734863,782,0.0,0.0
2023-07-28 15:30:00-04:00,15.289899826049805,15.65999984741211,15.279999732971191,15.65999984741211,810,0.0,0.0
2023-08-01 09:30:00-04:00,15.0,15.0,15.0,15.0,2053,0.0,0.0
2023-08-01 10:30:00-04:00,15.050000190734863,15.050000190734863,15.050000190734863,15.050000190734863,0,0.0,0.0
2023-08-02 10:30:00-04:00,15.300000190734863,15.300000190734863,15.300000190734863,15.300000190734863,344,0.0,0.0
2023-08-02 13:30:00-04:00,15.489999771118164,15.489999771118164,15.34000015258789,15.34000015258789,206,0.0,0.0
2023-08-02 14:30:00-04:00,15.109999656677246,15.25,15.109999656677246,15.25,841,0.0,0.0
2023-08-03 09:30:00-04:00,15.258600234985352,15.258600234985352,15.258600234985352,15.258600234985352,351,0.0,0.0
2023-08-03 11:30:00-04:00,15.149999618530273,15.5,15.149999618530273,15.5,1675,0.0,0.0
2023-08-03 15:30:00-04:00,15.430000305175781,15.430000305175781,15.430000305175781,15.430000305175781,0,0.0,0.0
2023-08-04 09:30:00-04:00,15.399999618530273,15.399999618530273,15.399999618530273,15.399999618530273,188,0.0,0.0
2023-08-04 10:30:00-04:00,15.40999984741211,15.449999809265137,15.40999984741211,15.40999984741211,515,0.0,0.0
2023-08-04 12:30:00-04:00,15.40999984741211,15.40999984741211,15.25,15.270000457763672,1271,0.0,0.0
2023-08-04 13:30:00-04:00,15.399999618530273,15.399999618530273,15.109999656677246,15.109999656677246,892,0.0,0.0
2023-08-07 14:30:00-04:00,15.119999885559082,15.119999885559082,15.119999885559082,15.119999885559082,297,0.0,0.0
2023-08-10 09:30:00-04:00,15.0600004196167,15.0600004196167,15.0600004196167,15.0600004196167,104,0.0,0.0
2023-08-10 10:30:00-04:00,15.079999923706055,15.079999923706055,15.079999923706055,15.079999923706055,0,0.0,0.0
2023-08-11 15:30:00-04:00,15.279999732971191,15.369999885559082,15.25,15.369999885559082,3182,0.0,0.0
2023-08-14 09:30:00-04:00,15.329999923706055,15.329999923706055,15.329999923706055,15.329999923706055,2,0.0,0.0
2023-08-15 09:30:00-04:00,15.3100004196167,15.3100004196167,15.180000305175781,15.292400360107422,744,0.0,0.0
2023-08-15 10:30:00-04:00,15.149999618530273,15.149999618530273,15.149999618530273,15.149999618530273,227,0.0,0.0
2023-08-15 14:30:00-04:00,15.204999923706055,15.204999923706055,15.204999923706055,15.204999923706055,208,0.0,0.0
2023-08-16 09:30:00-04:00,15.319999694824219,15.34000015258789,15.319999694824219,15.34000015258789,0,0.0,0.0
2023-08-16 10:30:00-04:00,15.350000381469727,15.5,15.350000381469727,15.45009994506836,0,0.0,0.0
2023-08-16 12:30:00-04:00,15.449999809265137,15.449999809265137,15.449999809265137,15.449999809265137,100,0.0,0.0
2023-08-17 10:30:00-04:00,15.322799682617188,15.322799682617188,15.322799682617188,15.322799682617188,371,0.0,0.0
2023-08-17 12:30:00-04:00,15.350000381469727,15.350000381469727,15.25,15.25,409,0.0,0.0
2023-08-17 15:30:00-04:00,15.349900245666504,15.349900245666504,15.349900245666504,15.349900245666504,0,0.0,0.0
2023-08-18 14:30:00-04:00,15.120100021362305,15.120100021362305,15.120100021362305,15.120100021362305,351,0.0,0.0
2023-08-24 14:30:00-04:00,15.399999618530273,15.399999618530273,15.399999618530273,15.399999618530273,0,0.0,0.0
2023-08-25 12:30:00-04:00,15.399999618530273,15.399999618530273,15.399999618530273,15.399999618530273,101,0.0,0.0
2023-08-30 09:30:00-04:00,15.5,15.500100135803223,15.5,15.5,5230,0.0,0.0
2023-08-30 13:30:00-04:00,15.5,15.5,15.5,15.5,0,0.0,0.0
2023-08-31 11:30:00-04:00,15.489999771118164,15.5,15.470000267028809,15.499899864196777,3544,0.0,0.0
2023-08-31 12:30:00-04:00,15.5,15.510000228881836,15.5,15.510000228881836,79,0.0,0.0
2023-09-01 09:30:00-04:00,17.010000228881836,17.299999237060547,17.010000228881836,17.25,8639,0.0,0.0
2023-09-01 10:30:00-04:00,17.5,17.5,17.260000228881836,17.260000228881836,1155,0.0,0.0
2023-09-01 11:30:00-04:00,17.309999465942383,17.309999465942383,17.309999465942383,17.309999465942383,290,0.0,0.0
2023-09-01 12:30:00-04:00,17.600000381469727,17.600000381469727,17.600000381469727,17.600000381469727,2351,0.0,0.0
2023-09-01 13:30:00-04:00,17.56369972229004,17.75,17.299999237060547,17.75,3919,0.0,0.0
2023-09-01 14:30:00-04:00,17.88089942932129,18.399999618530273,17.88089942932129,18.389999389648438,1512,0.0,0.0
2023-09-01 15:30:00-04:00,18.086999893188477,18.086999893188477,17.51059913635254,17.610000610351562,904,0.0,0.0
2023-09-05 09:30:00-04:00,17.639999389648438,18.399900436401367,17.639999389648438,18.399700164794922,2446,0.0,0.0
2023-09-05 10:30:00-04:00,18.399999618530273,19.040000915527344,18.0,18.399999618530273,5019,0.0,0.0
2023-09-05 11:30:00-04:00,18.299999237060547,18.5,18.299999237060547,18.5,518,0.0,0.0
2023-09-05 12:30:00-04:00,18.5,18.5,18.0,18.0,1463,0.0,0.0
2023-09-05 13:30:00-04:00,17.649999618530273,18.19499969482422,17.649999618530273,18.19499969482422,638,0.0,0.0
2023-09-05 14:30:00-04:00,17.709999084472656,18.8799991607666,17.700000762939453,18.224899291992188,2381,0.0,0.0
2023-09-06 11:30:00-04:00,17.899999618530273,17.899999618530273,17.899999618530273,17.899999618530273,498,0.0,0.0
2023-09-06 14:30:00-04:00,18.299999237060547,18.299999237060547,18.299999237060547,18.299999237060547,1039,0.0,0.0
2023-09-06 15:30:00-04:00,17.799999237060547,17.799999237060547,17.799999237060547,17.799999237060547,0,0.0,0.0
2023-09-07 10:30:00-04:00,17.799999237060547,17.799999237060547,17.799999237060547,17.799999237060547,893,0.0,0.0
2023-09-07 14:30:00-04:00,17.969999313354492,18.079999923706055,17.969999313354492,18.05500030517578,490,0.0,0.0
2023-09-07 15:30:00-04:00,17.920000076293945,17.920000076293945,17.920000076293945,17.920000076293945,0,0.0,0.0
2023-09-08 09:30:00-04:00,17.92009925842285,17.92009925842285,17.920000076293945,17.920000076293945,524,0.0,0.0
2023-09-08 15:30:00-04:00,17.899999618530273,17.899999618530273,17.899999618530273,17.899999618530273,428,0.0,0.0
2023-09-11 09:30:00-04:00,17.899999618530273,18.0,17.899999618530273,17.90999984741211,0,0.0,0.0
2023-09-11 11:30:00-04:00,17.899999618530273,17.899999618530273,17.899999618530273,17.899999618530273,552,0.0,0.0
2023-09-11 12:30:00-04:00,17.8799991607666,17.979999542236328,17.8799991607666,17.979999542236328,0,0.0,0.0
2023-09-12 09:30:00-04:00,17.493499755859375,17.493499755859375,17.493499755859375,17.493499755859375,501,0.0,0.0
2023-09-12 11:30:00-04:00,17.90999984741211,17.90999984741211,17.90999984741211,17.90999984741211,204,0.0,0.0
2023-09-12 13:30:00-04:00,17.90999984741211,18.299999237060547,17.899999618530273,18.0575008392334,6554,0.0,0.0
2023-09-12 14:30:00-04:00,17.989999771118164,17.989999771118164,17.989999771118164,17.989999771118164,451,0.0,0.0
2023-09-12 15:30:00-04:00,17.969999313354492,17.969999313354492,17.969999313354492,17.969999313354492,103,0.0,0.0
2023-09-13 09:30:00-04:00,18.09000015258789,18.09000015258789,18.01059913635254,18.01059913635254,413,0.0,0.0
2023-09-13 15:30:00-04:00,18.6200008392334,18.6200008392334,18.6200008392334,18.6200008392334,104,0.0,0.0
2023-09-14 09:30:00-04:00,17.350000381469727,18.763200759887695,17.260900497436523,18.763200759887695,914,0.0,0.0
2023-09-14 13:30:00-04:00,17.709999084472656,18.440000534057617,17.709999084472656,18.440000534057617,212,0.0,0.0
2023-09-14 15:30:00-04:00,18.43000030517578,18.440000534057617,17.97800064086914,17.97800064086914,613,0.0,0.0
2023-09-18 10:30:00-04:00,17.31999969482422,18.139999389648438,17.31999969482422,18.03499984741211,2990,0.0,0.0
2023-09-18 11:30:00-04:00,17.950000762939453,18.239999771118164,17.950000762939453,18.239999771118164,2986,0.0,0.0
2023-09-18 12:30:00-04:00,18.139999389648438,18.139999389648438,18.110599517822266,18.110599517822266,738,0.0,0.0
2023-09-18 14:30:00-04:00,18.149999618530273,18.149999618530273,17.799999237060547,17.799999237060547,849,0.0,0.0
2023-09-19 09:30:00-04:00,17.924999237060547,17.924999237060547,17.924999237060547,17.924999237060547,0,0.0,0.0
2023-09-20 09:30:00-04:00,17.510000228881836,17.510000228881836,17.510000228881836,17.510000228881836,123,0.0,0.0
2023-09-20 10:30:00-04:00,17.66010093688965,17.66010093688965,17.66010093688965,17.66010093688965,225,0.0,0.0
2023-09-20 11:30:00-04:00,17.399999618530273,17.450000762939453,17.399999618530273,17.450000762939453,0,0.0,0.0
2023-09-27 09:30:00-04:00,16.989999771118164,16.989999771118164,16.5,16.5,4719,0.0,0.0
2023-09-27 10:30:00-04:00,16.649999618530273,16.999900817871094,16.649999618530273,16.989900588989258,655,0.0,0.0
2023-09-27 11:30:00-04:00,16.675899505615234,16.851200103759766,16.675899505615234,16.851200103759766,751,0.0,0.0
2023-09-27 12:30:00-04:00,16.773099899291992,16.972999572753906,16.75,16.899999618530273,2091,0.0,0.0
2023-09-27 13:30:00-04:00,16.900800704956055,16.900800704956055,16.81999969482422,16.81999969482422,383,0.0,0.0
2023-09-27 14:30:00-04:00,16.90999984741211,17.030000686645508,16.90999984741211,17.030000686645508,1792,0.0,0.0
2023-09-28 09:30:00-04:00,17.219999313354492,17.219999313354492,17.219999313354492,17.219999313354492,1094,0.0,0.0
2023-09-29 09:30:00-04:00,17.5,17.600000381469727,17.5,17.600000381469727,1073,0.0,0.0
2023-09-29 10:30:00-04:00,17.299400329589844,17.299400329589844,17.211000442504883,17.25,666,0.0,0.0
2023-10-02 09:30:00-04:00,17.309999465942383,17.898000717163086,17.309999465942383,17.799999237060547,0,0.0,0.0
2023-10-02 10:30:00-04:00,17.950000762939453,17.989999771118164,17.950000762939453,17.959999084472656,1494,0.0,0.0
2023-10-02 14:30:00-04:00,17.959999084472656,17.959999084472656,17.959999084472656,17.959999084472656,0,0.0,0.0
2023-10-03 09:30:00-04:00,17.799999237060547,18.0,17.799999237060547,18.0,2091,0.0,0.0
2023-10-03 12:30:00-04:00,18.0,18.0,18.0,18.0,168,0.0,0.0
2023-10-03 13:30:00-04:00,18.0,18.0,17.829999923706055,17.829999923706055,1115,0.0,0.0
2023-10-03 14:30:00-04:00,17.399999618530273,17.68000030517578,17.399999618530273,17.6299991607666,1754,0.0,0.0
2023-10-05 09:30:00-04:00,18.27989959716797,18.27989959716797,18.27989959716797,18.27989959716797,1400,0.0,0.0
2023-10-05 11:30:00-04:00,17.799999237060547,17.989999771118164,17.799999237060547,17.959400177001953,1102,0.0,0.0
2023-10-05 15:30:00-04:00,18.239999771118164,18.239999771118164,18.239999771118164,18.239999771118164,110,0.0,0.0
2023-10-06 13:30:00-04:00,18.239900588989258,18.239900588989258,18.239900588989258,18.239900588989258,100,0.0,0.0
2023-10-09 15:30:00-04:00,17.979000091552734,17.989999771118164,17.979000091552734,17.989999771118164,157,0.0,0.0
2023-10-11 10:30:00-04:00,18.239999771118164,18.239999771118164,18.239999771118164,18.239999771118164,225,0.0,0.0
2023-10-16 10:30:00-04:00,18.350000381469727,18.3799991607666,18.350000381469727,18.3799991607666,770,0.0,0.0
2023-10-16 11:30:00-04:00,18.25,18.399999618530273,18.25,18.399999618530273,560,0.0,0.0
2023-10-16 12:30:00-04:00,17.916400909423828,17.916400909423828,17.916400909423828,17.916400909423828,276,0.0,0.0
2023-10-19 09:30:00-04:00,17.809999465942383,17.809999465942383,17.809999465942383,17.809999465942383,0,0.0,0.0
2023-10-23 11:30:00-04:00,17.79010009765625,17.79010009765625,17.79010009765625,17.79010009765625,26,0.0,0.0
2023-10-24 15:30:00-04:00,18.110000610351562,18.1299991607666,18.100200653076172,18.100299835205078,0,0.0,0.0
2023-10-25 09:30:00-04:00,18.219999313354492,18.219999313354492,18.219999313354492,18.219999313354492,122,0.0,0.0
2023-10-25 10:30:00-04:00,18.25,18.25,18.25,18.25,275,0.0,0.0
2023-10-25 11:30:00-04:00,18.25,18.25,18.25,18.25,0,0.0,0.0
2023-11-06 09:30:00-05:00,18.25,18.25,18.25,18.25,337,0.0,0.0
2023-11-06 15:30:00-05:00,18.350000381469727,18.350000381469727,18.350000381469727,18.350000381469727,0,0.0,0.0
2023-11-09 09:30:00-05:00,18.010000228881836,18.010000228881836,18.010000228881836,18.010000228881836,136,0.0,0.0
2023-11-10 14:30:00-05:00,18.010099411010742,18.010099411010742,18.010000228881836,18.010000228881836,627,0.0,0.0
2023-11-14 15:30:00-05:00,18.010000228881836,18.010000228881836,18.010000228881836,18.010000228881836,0,0.0,0.0
2023-11-16 10:30:00-05:00,18.795000076293945,18.795000076293945,18.795000076293945,18.795000076293945,282,0.0,0.0
2023-11-17 15:30:00-05:00,18.462400436401367,18.462400436401367,18.462400436401367,18.462400436401367,500,0.0,0.0
2023-11-20 11:30:00-05:00,18.049999237060547,18.049999237060547,18.01020050048828,18.01020050048828,0,0.0,0.0
2023-11-21 11:30:00-05:00,18.010000228881836,18.010000228881836,17.760000228881836,17.760099411010742,0,0.0,0.0
2023-11-27 15:30:00-05:00,18.5049991607666,19.104999542236328,17.895000457763672,19.104999542236328,2153,0.0,0.0
2023-11-28 09:30:00-05:00,18.0,18.20490074157715,18.0,18.20490074157715,0,0.0,0.0
2023-11-28 10:30:00-05:00,18.0,18.0,18.0,18.0,0,0.0,0.0
2023-11-29 09:30:00-05:00,17.75,17.75,17.75,17.75,367,0.0,0.0
2023-11-29 10:30:00-05:00,17.1200008392334,17.1200008392334,16.510000228881836,16.510000228881836,1052,0.0,0.0
2023-11-29 14:30:00-05:00,17.0,17.040000915527344,17.0,17.0,650,0.0,0.0
2023-11-29 15:30:00-05:00,17.0,17.0,17.0,17.0,1071,0.0,0.0
2023-11-30 09:30:00-05:00,17.40690040588379,17.40690040588379,17.40690040588379,17.40690040588379,0,0.0,0.0
2023-12-01 15:30:00-05:00,17.625,17.625,17.625,17.625,674,0.0,0.0
2023-12-04 10:30:00-05:00,17.00749969482422,17.00749969482422,17.00749969482422,17.00749969482422,21,0.0,0.0
2023-12-05 12:30:00-05:00,17.1200008392334,17.1200008392334,17.1200008392334,17.1200008392334,0,0.0,0.0
2023-12-06 12:30:00-05:00,17.849899291992188,17.850000381469727,17.849899291992188,17.850000381469727,633,0.0,0.0
2023-12-06 13:30:00-05:00,17.844200134277344,17.850000381469727,17.81999969482422,17.850000381469727,915,0.0,0.0
2023-12-06 15:30:00-05:00,17.6299991607666,17.6299991607666,17.6299991607666,17.6299991607666,0,0.0,0.0
2023-12-07 09:30:00-05:00,21.0,24.0,21.0,23.950000762939453,13061,0.0,0.0
2023-12-07 10:30:00-05:00,23.375,23.749900817871094,23.0,23.0,3296,0.0,0.0
2023-12-07 11:30:00-05:00,22.605100631713867,23.609600067138672,22.530000686645508,22.899999618530273,1750,0.0,0.0
2023-12-07 12:30:00-05:00,22.520099639892578,22.549999237060547,22.520000457763672,22.549999237060547,386,0.0,0.0
2023-12-07 13:30:00-05:00,22.899999618530273,22.899999618530273,22.549999237060547,22.631099700927734,895,0.0,0.0
2023-12-07 14:30:00-05:00,22.915300369262695,22.915300369262695,22.75,22.75,686,0.0,0.0
2023-12-07 15:30:00-05:00,22.770000457763672,22.979999542236328,21.899999618530273,22.979999542236328,3846,0.0,0.0
2023-12-08 09:30:00-05:00,23.1299991607666,23.1299991607666,22.0,22.25,5153,0.0,0.0
2023-12-08 10:30:00-05:00,22.25,22.719999313354492,22.0,22.200000762939453,4962,0.0,0.0
2023-12-08 11:30:00-05:00,22.6299991607666,22.6299991607666,22.6299991607666,22.6299991607666,486,0.0,0.0
2023-12-08 12:30:00-05:00,22.625,22.693099975585938,22.625,22.693099975585938,1030,0.0,0.0
2023-12-08 15:30:00-05:00,22.100099563598633,22.100099563598633,22.100099563598633,22.100099563598633,219,0.0,0.0
2023-12-11 09:30:00-05:00,22.100000381469727,22.100000381469727,22.100000381469727,22.100000381469727,1426,0.0,0.0
2023-12-11 10:30:00-05:00,23.741500854492188,23.741500854492188,22.799999237060547,22.799999237060547,2860,0.0,0.0
2023-12-11 13:30:00-05:00,22.510000228881836,23.05500030517578,22.510000228881836,23.05500030517578,1081,0.0,0.0
2023-12-11 15:30:00-05:00,23.099899291992188,23.099899291992188,23.099899291992188,23.099899291992188,0,0.0,0.0
2023-12-12 09:30:00-05:00,22.953899383544922,22.953899383544922,22.953899383544922,22.953899383544922,336,0.0,0.0
2023-12-12 10:30:00-05:00,22.895000457763672,23.260000228881836,22.844999313354492,23.15999984741211,1566,0.0,0.0
2023-12-12 13:30:00-05:00,23.219999313354492,23.219999313354492,22.510099411010742,23.219999313354492,634,0.0,0.0
2023-12-12 15:30:00-05:00,22.995800018310547,22.995800018310547,22.995800018310547,22.995800018310547,239,0.0,0.0
2023-12-13 10:30:00-05:00,22.84000015258789,23.020000457763672,22.5,22.700000762939453,12433,0.0,0.0
2023-12-13 11:30:00-05:00,22.916500091552734,23.149799346923828,22.916500091552734,23.149799346923828,1341,0.0,0.0
2023-12-13 12:30:00-05:00,23.149999618530273,23.5,23.000099182128906,23.000099182128906,3921,0.0,0.0
2023-12-13 14:30:00-05:00,23.0,23.040000915527344,23.0,23.0,1493,0.0,0.0
2023-12-13 15:30:00-05:00,23.600000381469727,23.600000381469727,23.510000228881836,23.510000228881836,708,0.0,0.0
2023-12-14 09:30:00-05:00,23.0,23.5,23.0,23.499900817871094,1989,0.0,0.0
2023-12-14 12:30:00-05:00,23.75,23.75,23.75,23.75,1104,0.0,0.0
2023-12-14 13:30:00-05:00,23.350000381469727,23.350000381469727,23.350000381469727,23.350000381469727,308,0.0,0.0
2023-12-14 14:30:00-05:00,23.417999267578125,23.450000762939453,23.350000381469727,23.450000762939453,813,0.0,0.0
2023-12-14 15:30:00-05:00,23.440000534057617,23.63800048828125,23.440000534057617,23.63800048828125,646,0.0,0.0
2023-12-15 09:30:00-05:00,23.75,23.979999542236328,23.25,23.65999984741211,2632,0.0,0.0
2023-12-15 10:30:00-05:00,23.642000198364258,23.642000198364258,23.596799850463867,23.642000198364258,927,0.0,0.0
2023-12-15 11:30:00-05:00,23.739999771118164,23.739999771118164,23.739999771118164,23.739999771118164,216,0.0,0.0
2023-12-15 14:30:00-05:00,23.350000381469727,23.350000381469727,23.0,23.0,2709,0.0,0.0
2023-12-15 15:30:00-05:00,22.774999618530273,23.849899291992188,22.59000015258789,23.5,1314,0.0,0.0
2023-12-18 09:30:00-05:00,23.440000534057617,23.500099182128906,23.440000534057617,23.500099182128906,2654,0.0,0.0
2023-12-18 10:30:00-05:00,23.520000457763672,23.520000457763672,23.520000457763672,23.520000457763672,101,0.0,0.0
2023-12-18 11:30:00-05:00,23.65999984741211,23.65999984741211,23.65999984741211,23.65999984741211,562,0.0,0.0
2023-12-18 12:30:00-05:00,23.75,24.0,23.75,24.0,4016,0.0,0.0
2023-12-18 13:30:00-05:00,24.0,24.3612003326416,24.0,24.1200008392334,688,0.0,0.0
2023-12-18 14:30:00-05:00,24.68269920349121,24.68269920349121,24.25,24.25,612,0.0,0.0
2023-12-19 09:30:00-05:00,24.489999771118164,26.302000045776367,24.489999771118164,26.0,0,0.0,0.0
2023-12-19 10:30:00-05:00,26.003599166870117,27.110000610351562,25.300100326538086,27.110000610351562,2514,0.0,0.0
2023-12-19 11:30:00-05:00,26.100000381469727,26.110000610351562,25.43000030517578,25.75,2918,0.0,0.0
2023-12-19 12:30:00-05:00,25.3169002532959,25.3169002532959,25.3169002532959,25.3169002532959,580,0.0,0.0
2023-12-19 13:30:00-05:00,26.989900588989258,26.989900588989258,26.989900588989258,26.989900588989258,278,0.0,0.0
2023-12-19 15:30:00-05:00,26.299999237060547,26.829999923706055,26.299999237060547,26.829999923706055,807,0.0,0.0
2023-12-20 09:30:00-05:00,26.600000381469727,26.600000381469727,25.799999237060547,25.799999237060547,731,0.0,0.0
2023-12-20 10:30:00-05:00,25.6299991607666,26.6299991607666,25.6299991607666,26.6299991607666,1324,0.0,0.0
2023-12-20 11:30:00-05:00,26.469999313354492,26.469999313354492,26.0,26.0,884,0.0,0.0
2023-12-20 15:30:00-05:00,25.860000610351562,26.129899978637695,24.8799991607666,25.899999618530273,2045,0.0,0.0
2023-12-21 09:30:00-05:00,25.540000915527344,25.540000915527344,25.5,25.5,1530,0.0,0.0
2023-12-21 10:30:00-05:00,24.889999389648438,24.889999389648438,24.889999389648438,24.889999389648438,232,0.0,0.0
2023-12-21 11:30:00-05:00,25.480600357055664,25.5,24.700000762939453,24.75,1842,0.0,0.0
2023-12-21 12:30:00-05:00,24.75,24.75,24.75,24.75,912,0.0,0.0
2023-12-21 13:30:00-05:00,24.799999237060547,24.799999237060547,24.799999237060547,24.799999237060547,1564,0.0,0.0
2023-12-21 14:30:00-05:00,24.75,24.75,24.700000762939453,24.700000762939453,1132,0.0,0.0
2023-12-21 15:30:00-05:00,24.700000762939453,24.709999084472656,24.670000076293945,24.709999084472656,0,0.0,0.0
2023-12-22 09:30:00-05:00,25.354999542236328,25.813199996948242,25.104999542236328,25.5,2521,0.0,0.0
2023-12-22 10:30:00-05:00,25.000099182128906,25.049999237060547,25.0,25.0,888,0.0,0.0
2023-12-22 12:30:00-05:00,25.34000015258789,25.34000015258789,25.280000686645508,25.280000686645508,865,0.0,0.0
2023-12-22 13:30:00-05:00,25.34000015258789,25.350000381469727,25.34000015258789,25.349899291992188,1020,0.0,0.0
2023-12-26 09:30:00-05:00,25.079999923706055,25.5,25.079999923706055,25.5,2168,0.0,0.0
2023-12-26 10:30:00-05:00,25.709999084472656,25.959999084472656,25.709999084472656,25.959999084472656,831,0.0,0.0
2023-12-26 12:30:00-05:00,25.889999389648438,26.959999084472656,25.889999389648438,26.59000015258789,2048,0.0,0.0
2023-12-26 13:30:00-05:00,26.6299991607666,26.729999542236328,26.3700008392334,26.3700008392334,1959,0.0,0.0
2023-12-26 14:30:00-05:00,26.3700008392334,26.790000915527344,26.03499984741211,26.03499984741211,818,0.0,0.0
2023-12-26 15:30:00-05:00,26.68000030517578,26.969999313354492,26.68000030517578,26.969999313354492,927,0.0,0.0
2023-12-27 09:30:00-05:00,26.40999984741211,26.40999984741211,26.40999984741211,26.40999984741211,601,0.0,0.0
2023-12-27 10:30:00-05:00,26.950000762939453,27.010000228881836,26.950000762939453,27.010000228881836,725,0.0,0.0
2023-12-27 11:30:00-05:00,27.469999313354492,28.0,27.469999313354492,27.90999984741211,2859,0.0,0.0
2023-12-27 12:30:00-05:00,28.239999771118164,28.5,28.239999771118164,28.499900817871094,2895,0.0,0.0
2023-12-27 13:30:00-05:00,27.559999465942383,27.559999465942383,27.559999465942383,27.559999465942383,303,0.0,0.0
2023-12-27 14:30:00-05:00,28.0,28.0,27.829999923706055,27.829999923706055,826,0.0,0.0
2023-12-27 15:30:00-05:00,28.25,28.25,28.249900817871094,28.25,772,0.0,0.0
2023-12-28 09:30:00-05:00,28.75,29.092599868774414,28.75,29.030000686645508,2973,0.0,0.0
2023-12-28 10:30:00-05:00,29.442699432373047,29.5,29.442699432373047,29.5,1385,0.0,0.0
2023-12-28 11:30:00-05:00,29.09779930114746,29.09779930114746,29.040000915527344,29.07309913635254,2174,0.0,0.0
2023-12-28 12:30:00-05:00,29.200000762939453,29.200000762939453,29.200000762939453,29.200000762939453,120,0.0,0.0
2023-12-28 13:30:00-05:00,29.399999618530273,29.799999237060547,29.389999389648438,29.690000534057617,1864,0.0,0.0
2023-12-28 14:30:00-05:00,29.350000381469727,29.5,28.75,28.75,1772,0.0,0.0
2023-12-28 15:30:00-05:00,28.790000915527344,28.790000915527344,28.75,28.75,210,0.0,0.0
2023-12-29 09:30:00-05:00,28.90999984741211,28.965599060058594,28.90999984741211,28.93000030517578,0,0.0,0.0
2023-12-29 11:30:00-05:00,29.299999237060547,29.604999542236328,29.290000915527344,29.604999542236328,1111,0.0,0.0
2023-12-29 12:30:00-05:00,29.639999389648438,29.639999389648438,29.489999771118164,29.489999771118164,1138,0.0,0.0
2023-12-29 13:30:00-05:00,29.540000915527344,29.540000915527344,28.700000762939453,28.989999771118164,3783,0.0,0.0
2023-12-29 15:30:00-05:00,28.815000534057617,28.815000534057617,28.700599670410156,28.700599670410156,576,0.0,0.0
2024-01-02 09:30:00-05:00,29.1299991607666,29.1299991607666,28.860000610351562,28.860000610351562,1161,0.0,0.0
2024-01-02 10:30:00-05:00,29.489999771118164,30.299999237060547,29.440000534057617,29.520000457763672,6660,0.0,0.0
2024-01-02 13:30:00-05:00,30.0,30.09000015258789,29.80299949645996,30.09000015258789,961,0.0,0.0
2024-01-02 14:30:00-05:00,29.770000457763672,30.249900817871094,29.770000457763672,29.959999084472656,1311,0.0,0.0
2024-01-03 09:30:00-05:00,30.0,30.0,28.709999084472656,28.775999069213867,0,0.0,0.0
2024-01-03 10:30:00-05:00,29.020000457763672,29.020000457763672,28.25,28.25,1481,0.0,0.0
2024-01-03 13:30:00-05:00,28.782100677490234,28.782100677490234,28.782100677490234,28.782100677490234,283,0.0,0.0
2024-01-03 14:30:00-05:00,28.395000457763672,28.395000457763672,28.372499465942383,28.372499465942383,1159,0.0,0.0
2024-01-03 15:30:00-05:00,28.489999771118164,28.59000015258789,28.489999771118164,28.59000015258789,818,0.0,0.0
2024-01-04 09:30:00-05:00,28.520000457763672,29.949899673461914,28.350000381469727,29.949899673461914,0,0.0,0.0
2024-01-04 10:30:00-05:00,29.375,29.375,29.375,29.375,304,0.0,0.0
2024-01-04 11:30:00-05:00,28.850099563598633,28.850099563598633,28.850099563598633,28.850099563598633,127,0.0,0.0
2024-01-04 12:30:00-05:00,29.25,29.282499313354492,29.25,29.282499313354492,471,0.0,0.0
2024-01-04 13:30:00-05:00,29.389999389648438,29.489999771118164,29.389999389648438,29.489999771118164,811,0.0,0.0
2024-01-04 14:30:00-05:00,29.489999771118164,29.489999771118164,29.200000762939453,29.20009994506836,1220,0.0,0.0
2024-01-05 09:30:00-05:00,29.110000610351562,29.110000610351562,29.110000610351562,29.110000610351562,980,0.0,0.0
2024-01-05 13:30:00-05:00,29.545000076293945,29.760000228881836,29.38599967956543,29.38599967956543,1974,0.0,0.0
2024-01-05 14:30:00-05:00,29.452499389648438,29.452499389648438,29.452499389648438,29.452499389648438,243,0.0,0.0
2024-01-08 09:30:00-05:00,29.34000015258789,29.34000015258789,28.959999084472656,28.959999084472656,1099,0.0,0.0
2024-01-08 10:30:00-05:00,28.709999084472656,28.709999084472656,28.709999084472656,28.709999084472656,405,0.0,0.0
2024-01-08 12:30:00-05:00,29.149999618530273,29.149999618530273,28.799999237060547,28.950000762939453,2139,0.0,0.0
2024-01-08 14:30:00-05:00,28.5,28.530000686645508,28.479999542236328,28.530000686645508,763,0.0,0.0
2024-01-08 15:30:00-05:00,28.479999542236328,28.479999542236328,27.840099334716797,27.97100067138672,1472,0.0,0.0
2024-01-09 09:30:00-05:00,28.5,28.5,28.5,28.5,0,0.0,0.0
2024-01-09 11:30:00-05:00,28.45840072631836,28.45840072631836,28.45840072631836,28.45840072631836,233,0.0,0.0
2024-01-09 15:30:00-05:00,29.15959930419922,29.15959930419922,28.5,28.5,1055,0.0,0.0
2024-01-10 09:30:00-05:00,29.170000076293945,29.170000076293945,29.114999771118164,29.114999771118164,0,0.0,0.0
2024-01-10 11:30:00-05:00,29.0,29.0,29.0,29.0,1512,0.0,0.0
2024-01-10 12:30:00-05:00,28.850000381469727,28.989900588989258,28.850000381469727,28.989900588989258,510,0.0,0.0
2024-01-10 14:30:00-05:00,28.989900588989258,28.989900588989258,28.950000762939453,28.950000762939453,1457,0.0,0.0
2024-01-10 15:30:00-05:00,28.34000015258789,29.0,27.81999969482422,29.0,1916,0.0,0.0
2024-01-11 09:30:00-05:00,28.739999771118164,28.739999771118164,28.5,28.5,893,0.0,0.0
2024-01-11 15:30:00-05:00,28.520000457763672,28.520000457763672,28.520000457763672,28.520000457763672,0,0.0,0.0
2024-01-12 13:30:00-05:00,28.079999923706055,28.210500717163086,28.059999465942383,28.210500717163086,1547,0.0,0.0
2024-01-16 09:30:00-05:00,27.790000915527344,28.289400100708008,27.790000915527344,28.289400100708008,0,0.0,0.0
2024-01-16 11:30:00-05:00,28.326099395751953,28.326099395751953,28.326099395751953,28.326099395751953,127,0.0,0.0
2024-01-17 09:30:00-05:00,28.329999923706055,28.350000381469727,27.750099182128906,28.350000381469727,0,0.0,0.0
2024-01-17 12:30:00-05:00,28.360000610351562,28.360000610351562,28.350000381469727,28.350000381469727,259,0.0,0.0
2024-01-17 13:30:00-05:00,28.299999237060547,28.299999237060547,28.25,28.25,318,0.0,0.0
2024-01-18 09:30:00-05:00,28.25,28.25,28.25,28.25,521,0.0,0.0
2024-01-18 14:30:00-05:00,28.950000762939453,28.950000762939453,28.950000762939453,28.950000762939453,601,0.0,0.0
2024-01-19 09:30:00-05:00,28.0,28.0,28.0,28.0,0,0.0,0.0
2024-01-19 12:30:00-05:00,28.0,28.200000762939453,27.76409912109375,27.76409912109375,1239,0.0,0.0
2024-01-19 13:30:00-05:00,27.770000457763672,27.799999237060547,27.770000457763672,27.770000457763672,947,0.0,0.0
2024-01-22 09:30:00-05:00,27.989999771118164,28.0,27.989999771118164,28.0,571,0.0,0.0
2024-01-22 10:30:00-05:00,28.329999923706055,28.729999542236328,28.329999923706055,28.729999542236328,460,0.0,0.0
2024-01-22 11:30:00-05:00,28.399999618530273,28.399999618530273,28.399999618530273,28.399999618530273,362,0.0,0.0
2024-01-23 09:30:00-05:00,28.25,28.5,28.25,28.5,0,0.0,0.0
2024-01-23 10:30:00-05:00,28.5,28.59939956665039,28.5,28.59000015258789,1079,0.0,0.0
2024-01-23 11:30:00-05:00,28.59000015258789,29.489999771118164,28.59000015258789,28.899999618530273,2557,0.0,0.0
2024-01-23 12:30:00-05:00,28.899999618530273,28.899999618530273,28.899999618530273,28.899999618530273,626,0.0,0.0
2024-01-23 13:30:00-05:00,28.700000762939453,28.700000762939453,28.700000762939453,28.700000762939453,1336,0.0,0.0
2024-01-24 15:30:00-05:00,28.280000686645508,29.290000915527344,28.260000228881836,29.290000915527344,977,0.0,0.0
2024-01-25 09:30:00-05:00,28.280000686645508,28.280000686645508,28.280000686645508,28.280000686645508,465,0.0,0.0
2024-01-25 10:30:00-05:00,29.449899673461914,29.449899673461914,28.185199737548828,28.450000762939453,624,0.0,0.0
2024-01-25 14:30:00-05:00,28.400100708007812,28.400100708007812,28.400100708007812,28.400100708007812,999,0.0,0.0
2024-01-26 09:30:00-05:00,29.030000686645508,29.030000686645508,29.030000686645508,29.030000686645508,456,0.0,0.0
2024-01-26 11:30:00-05:00,29.224599838256836,29.224599838256836,29.100000381469727,29.100000381469727,345,0.0,0.0
2024-01-26 12:30:00-05:00,29.09000015258789,29.100000381469727,29.09000015258789,29.100000381469727,637,0.0,0.0
2024-01-26 15:30:00-05:00,29.049999237060547,29.049999237060547,29.049999237060547,29.049999237060547,256,0.0,0.0
2024-01-29 11:30:00-05:00,29.110000610351562,29.110000610351562,28.979999542236328,28.979999542236328,1605,0.0,0.0
2024-01-29 13:30:00-05:00,29.149999618530273,29.209999084472656,29.149999618530273,29.209999084472656,945,0.0,0.0
2024-01-29 14:30:00-05:00,29.290000915527344,29.399999618530273,29.270000457763672,29.270000457763672,1258,0.0,0.0
2024-01-29 15:30:00-05:00,29.149999618530273,29.3799991607666,29.149999618530273,29.3799991607666,680,0.0,0.0
2024-01-30 09:30:00-05:00,28.5,28.700000762939453,28.5,28.700000762939453,755,0.0,0.0
2024-01-30 10:30:00-05:00,28.790000915527344,28.790000915527344,28.790000915527344,28.790000915527344,323,0.0,0.0
2024-01-30 13:30:00-05:00,28.5,28.5,28.5,28.5,138,0.0,0.0
2024-01-30 15:30:00-05:00,28.700000762939453,28.700000762939453,28.700000762939453,28.700000762939453,265,0.0,0.0
2024-01-31 09:30:00-05:00,28.850000381469727,29.399999618530273,28.850000381469727,29.399999618530273,0,0.0,0.0
2024-01-31 13:30:00-05:00,28.979999542236328,28.989500045776367,28.979999542236328,28.989500045776367,220,0.0,0.0
2024-01-31 15:30:00-05:00,28.139999389648438,28.139999389648438,28.139999389648438,28.139999389648438,251,0.0,0.0
2024-02-01 09:30:00-05:00,28.530000686645508,28.530000686645508,28.500099182128906,28.500099182128906,1019,0.0,0.0
2024-02-01 10:30:00-05:00,29.236900329589844,29.236900329589844,29.200000762939453,29.200000762939453,815,0.0,0.0
2024-02-01 11:30:00-05:00,29.399999618530273,29.399999618530273,29.280000686645508,29.299999237060547,473,0.0,0.0
2024-02-01 12:30:00-05:00,29.270000457763672,29.270000457763672,29.270000457763672,29.270000457763672,618,0.0,0.0
2024-02-01 14:30:00-05:00,29.270000457763672,29.270000457763672,29.270000457763672,29.270000457763672,0,0.0,0.0
2024-02-02 09:30:00-05:00,29.200000762939453,29.200000762939453,29.100000381469727,29.110000610351562,984,0.0,0.0
2024-02-02 10:30:00-05:00,29.190000534057617,29.190000534057617,29.190000534057617,29.190000534057617,407,0.0,0.0
2024-02-02 11:30:00-05:00,29.399999618530273,29.5,29.399999618530273,29.5,1145,0.0,0.0
2024-02-02 12:30:00-05:00,29.600000381469727,29.600000381469727,29.540000915527344,29.540000915527344,1426,0.0,0.0
2024-02-02 14:30:00-05:00,29.949899673461914,29.949899673461914,29.940000534057617,29.940000534057617,311,0.0,0.0
2024-02-05 09:30:00-05:00,29.370100021362305,29.370100021362305,29.370100021362305,29.370100021362305,1148,0.0,0.0
2024-02-05 10:30:00-05:00,29.520000457763672,29.520000457763672,29.3700008392334,29.3700008392334,1541,0.0,0.0
2024-02-05 11:30:00-05:00,28.510000228881836,28.510000228881836,28.510000228881836,28.510000228881836,552,0.0,0.0
2024-02-05 12:30:00-05:00,29.600000381469727,29.600000381469727,29.079999923706055,29.079999923706055,0,0.0,0.0
2024-02-06 10:30:00-05:00,29.100000381469727,29.100000381469727,29.100000381469727,29.100000381469727,365,0.0,0.0
2024-02-06 12:30:00-05:00,28.920000076293945,28.920000076293945,28.920000076293945,28.920000076293945,0,0.0,0.0
2024-02-07 14:30:00-05:00,28.309999465942383,28.59000015258789,28.020000457763672,28.410600662231445,673,0.0,0.0
2024-02-08 10:30:00-05:00,28.000099182128906,29.6299991607666,28.000099182128906,29.6200008392334,851,0.0,0.0
2024-02-08 11:30:00-05:00,29.049999237060547,29.549999237060547,29.049999237060547,29.06999969482422,642,0.0,0.0
2024-02-08 12:30:00-05:00,28.706199645996094,28.706199645996094,28.706199645996094,28.706199645996094,0,0.0,0.0
2024-02-09 13:30:00-05:00,28.700000762939453,28.700000762939453,28.700000762939453,28.700000762939453,175,0.0,0.0
2024-02-09 15:30:00-05:00,28.75,28.75,28.75,28.75,100,0.0,0.0
2024-02-12 09:30:00-05:00,28.5,28.5,28.5,28.5,0,0.0,0.0
2024-02-12 15:30:00-05:00,29.309999465942383,29.309999465942383,29.309999465942383,29.309999465942383,282,0.0,0.0
2024-02-13 09:30:00-05:00,28.020000457763672,28.020000457763672,28.020000457763672,28.020000457763672,260,0.0,0.0
2024-02-13 10:30:00-05:00,28.920000076293945,28.920000076293945,28.920000076293945,28.920000076293945,306,0.0,0.0
2024-02-13 13:30:00-05:00,29.168399810791016,29.168399810791016,29.100000381469727,29.155000686645508,610,0.0,0.0
2024-02-13 14:30:00-05:00,29.110000610351562,29.3799991607666,29.110000610351562,29.3799991607666,1011,0.0,0.0
2024-02-14 09:30:00-05:00,29.770000457763672,29.770000457763672,29.700000762939453,29.700000762939453,0,0.0,0.0
2024-02-14 10:30:00-05:00,29.700000762939453,29.700000762939453,29.690000534057617,29.700000762939453,1239,0.0,0.0
2024-02-14 11:30:00-05:00,29.700000762939453,29.950000762939453,29.68000030517578,29.950000762939453,1000,0.0,0.0
2024-02-14 12:30:00-05:00,29.713699340820312,29.713699340820312,29.713699340820312,29.713699340820312,576,0.0,0.0
2024-02-14 14:30:00-05:00,29.700000762939453,29.700000762939453,29.049999237060547,29.049999237060547,2019,0.0,0.0
2024-02-14 15:30:00-05:00,29.100000381469727,29.100000381469727,28.90999984741211,28.90999984741211,493,0.0,0.0
2024-02-15 09:30:00-05:00,29.4606990814209,29.4606990814209,29.4606990814209,29.4606990814209,638,0.0,0.0
2024-02-15 11:30:00-05:00,28.829999923706055,29.000099182128906,28.829999923706055,29.000099182128906,845,0.0,0.0
2024-02-15 12:30:00-05:00,28.799999237060547,28.799999237060547,28.799999237060547,28.799999237060547,101,0.0,0.0
2024-02-15 13:30:00-05:00,29.375,29.375,29.375,29.375,1111,0.0,0.0
2024-02-15 14:30:00-05:00,28.864999771118164,28.979999542236328,28.760000228881836,28.860000610351562,1130,0.0,0.0
2024-02-15 15:30:00-05:00,28.520000457763672,28.799999237060547,28.440000534057617,28.799999237060547,0,0.0,0.0
2024-02-16 11:30:00-05:00,28.440000534057617,28.440000534057617,28.440000534057617,28.440000534057617,255,0.0,0.0
2024-02-16 12:30:00-05:00,28.940000534057617,28.940000534057617,28.799999237060547,28.799999237060547,301,0.0,0.0
2024-02-20 10:30:00-05:00,28.530000686645508,28.81999969482422,28.530000686645508,28.81999969482422,557,0.0,0.0
2024-02-20 11:30:00-05:00,29.020000457763672,29.020000457763672,29.020000457763672,29.020000457763672,549,0.0,0.0
2024-02-20 13:30:00-05:00,29.0,29.0,29.0,29.0,581,0.0,0.0
2024-02-21 09:30:00-05:00,28.979999542236328,28.979999542236328,28.850000381469727,28.889999389648438,1089,0.0,0.0
2024-02-21 11:30:00-05:00,28.56999969482422,28.56999969482422,28.56999969482422,28.56999969482422,251,0.0,0.0
2024-02-21 12:30:00-05:00,28.560100555419922,28.560100555419922,28.560100555419922,28.560100555419922,0,0.0,0.0
2024-02-22 11:30:00-05:00,28.84510040283203,28.84510040283203,28.84510040283203,28.84510040283203,462,0.0,0.0
2024-02-22 12:30:00-05:00,28.479999542236328,28.479999542236328,28.479999542236328,28.479999542236328,414,0.0,0.0
2024-02-22 14:30:00-05:00,28.270000457763672,28.270000457763672,28.270000457763672,28.270000457763672,254,0.0,0.0
2024-02-22 15:30:00-05:00,28.270000457763672,29.149999618530273,28.270000457763672,28.270000457763672,1411,0.0,0.0
2024-02-23 12:30:00-05:00,28.56999969482422,28.56999969482422,28.56999969482422,28.56999969482422,519,0.0,0.0
2024-02-26 09:30:00-05:00,28.260000228881836,28.260000228881836,28.260000228881836,28.260000228881836,93,0.0,0.0
2024-02-26 13:30:00-05:00,28.309999465942383,28.309999465942383,28.25,28.25,1353,0.0,0.0
2024-02-26 15:30:00-05:00,28.200000762939453,28.200000762939453,28.200000762939453,28.200000762939453,0,0.0,0.0
2024-02-27 14:30:00-05:00,28.549999237060547,28.549999237060547,28.399999618530273,28.399999618530273,738,0.0,0.0
2024-02-27 15:30:00-05:00,28.575000762939453,28.799999237060547,28.575000762939453,28.799999237060547,0,0.0,0.0
2024-02-28 13:30:00-05:00,28.677000045776367,28.677000045776367,28.677000045776367,28.677000045776367,338,0.0,0.0
2024-02-28 14:30:00-05:00,28.600000381469727,28.600000381469727,28.600000381469727,28.600000381469727,0,0.0,0.0
2024-03-01 11:30:00-05:00,29.149900436401367,29.149900436401367,28.950000762939453,29.149900436401367,3562,0.0,0.0
2024-03-04 09:30:00-05:00,29.170000076293945,29.170000076293945,28.93000030517578,28.93000030517578,0,0.0,0.0
2024-03-04 10:30:00-05:00,29.170000076293945,29.170000076293945,29.170000076293945,29.170000076293945,297,0.0,0.0
2024-03-04 11:30:00-05:00,29.549999237060547,29.549999237060547,29.549999237060547,29.549999237060547,152,0.0,0.0
2024-03-04 12:30:00-05:00,29.742399215698242,29.742399215698242,29.742399215698242,29.742399215698242,349,0.0,0.0
2024-03-04 15:30:00-05:00,29.489999771118164,29.850000381469727,29.489999771118164,29.850000381469727,3076,0.0,0.0
2024-03-05 09:30:00-05:00,29.325000762939453,30.790000915527344,29.325000762939453,30.510000228881836,4147,0.0,0.0
2024-03-05 10:30:00-05:00,30.700000762939453,30.700000762939453,30.479999542236328,30.479999542236328,0,0.0,0.0
2024-03-05 12:30:00-05:00,30.200000762939453,30.200000762939453,30.200000762939453,30.200000762939453,116,0.0,0.0
2024-03-05 13:30:00-05:00,30.200000762939453,30.200000762939453,30.149999618530273,30.200000762939453,843,0.0,0.0
2024-03-05 14:30:00-05:00,29.900100708007812,29.900100708007812,29.900100708007812,29.900100708007812,220,0.0,0.0
2024-03-05 15:30:00-05:00,30.354999542236328,30.354999542236328,30.020000457763672,30.020000457763672,272,0.0,0.0
2024-03-06 09:30:00-05:00,29.90999984741211,30.799999237060547,29.90999984741211,30.799999237060547,1856,0.0,0.0
2024-03-06 10:30:00-05:00,30.450000762939453,30.799999237060547,30.39620018005371,30.799999237060547,2510,0.0,0.0
2024-03-06 11:30:00-05:00,30.739999771118164,31.200000762939453,30.600000381469727,31.18000030517578,1266,0.0,0.0
2024-03-06 12:30:00-05:00,31.100000381469727,31.100000381469727,30.700000762939453,30.700000762939453,913,0.0,0.0
2024-03-06 13:30:00-05:00,30.989999771118164,31.100000381469727,30.989999771118164,31.010000228881836,1860,0.0,0.0
2024-03-06 14:30:00-05:00,30.790000915527344,30.790000915527344,30.790000915527344,30.790000915527344,192,0.0,0.0
2024-03-06 15:30:00-05:00,30.969999313354492,30.969999313354492,30.969999313354492,30.969999313354492,0,0.0,0.0
2024-03-07 09:30:00-05:00,30.0,30.0,27.000099182128906,27.799999237060547,12151,0.0,0.0
2024-03-07 10:30:00-05:00,28.809999465942383,28.868999481201172,28.288000106811523,28.393199920654297,1136,0.0,0.0
2024-03-07 11:30:00-05:00,27.900100708007812,28.500200271606445,27.900100708007812,28.500200271606445,560,0.0,0.0
2024-03-07 12:30:00-05:00,28.662399291992188,28.8700008392334,28.615999221801758,28.8700008392334,2120,0.0,0.0
2024-03-07 13:30:00-05:00,28.860000610351562,29.989999771118164,28.68470001220703,29.299999237060547,1554,0.0,0.0
2024-03-07 14:30:00-05:00,28.899999618530273,28.899999618530273,28.899999618530273,28.899999618530273,324,0.0,0.0
2024-03-07 15:30:00-05:00,30.876800537109375,30.876800537109375,29.020000457763672,29.709999084472656,1072,0.0,0.0
2024-03-08 09:30:00-05:00,29.81999969482422,29.81999969482422,29.75,29.75,0,0.0,0.0
2024-03-08 10:30:00-05:00,29.75,29.75,28.799999237060547,28.799999237060547,950,0.0,0.0
2024-03-08 14:30:00-05:00,28.940000534057617,29.010000228881836,28.940000534057617,29.010000228881836,395,0.0,0.0
2024-03-08 15:30:00-05:00,29.700000762939453,29.700000762939453,28.850000381469727,29.020000457763672,311,0.0,0.0
2024-03-11 09:30:00-04:00,28.809999465942383,28.8700008392334,28.399999618530273,28.46500015258789,2602,0.0,0.0
2024-03-11 10:30:00-04:00,28.6200008392334,28.6200008392334,28.6200008392334,28.6200008392334,201,0.0,0.0
2024-03-11 12:30:00-04:00,28.940000534057617,28.950000762939453,28.940000534057617,28.940000534057617,872,0.0,0.0
2024-03-11 13:30:00-04:00,28.850000381469727,28.850000381469727,28.809999465942383,28.850000381469727,1218,0.0,0.0
2024-03-11 14:30:00-04:00,28.989999771118164,29.739999771118164,28.969999313354492,29.3700008392334,7354,0.0,0.0
2024-03-11 15:30:00-04:00,30.049999237060547,30.049999237060547,30.049999237060547,30.049999237060547,0,0.0,0.0
2024-03-12 09:30:00-04:00,30.6200008392334,30.875,30.149999618530273,30.75,4259,0.0,0.0
2024-03-12 11:30:00-04:00,31.190000534057617,31.59000015258789,31.190000534057617,31.475000381469727,980,0.0,0.0
2024-03-12 12:30:00-04:00,31.399999618530273,31.399999618530273,31.049999237060547,31.111299514770508,2482,0.0,0.0
2024-03-12 15:30:00-04:00,31.440000534057617,31.739999771118164,31.350000381469727,31.649999618530273,1759,0.0,0.0
2024-03-13 09:30:00-04:00,31.1200008392334,31.1200008392334,30.309999465942383,30.309999465942383,706,0.0,0.0
2024-03-13 10:30:00-04:00,30.739999771118164,30.739999771118164,30.739999771118164,30.739999771118164,120,0.0,0.0
2024-03-13 11:30:00-04:00,30.850000381469727,30.899999618530273,30.850000381469727,30.899999618530273,563,0.0,0.0
2024-03-13 15:30:00-04:00,31.939899444580078,31.939899444580078,30.8799991607666,30.8799991607666,1991,0.0,0.0
2024-03-14 09:30:00-04:00,30.149999618530273,30.149999618530273,30.149999618530273,30.149999618530273,279,0.0,0.0
2024-03-14 10:30:00-04:00,30.686199188232422,30.686199188232422,29.950000762939453,30.1299991607666,786,0.0,0.0
2024-03-14 11:30:00-04:00,30.75,31.399999618530273,30.75,31.099899291992188,3148,0.0,0.0
2024-03-14 12:30:00-04:00,31.31999969482422,31.459999084472656,31.31999969482422,31.389999389648438,907,0.0,0.0
2024-03-14 14:30:00-04:00,31.25,31.399999618530273,31.014299392700195,31.25,2023,0.0,0.0
2024-03-14 15:30:00-04:00,31.059999465942383,31.059999465942383,30.760000228881836,30.760000228881836,5566,0.0,0.0
2024-03-15 09:30:00-04:00,30.739999771118164,30.739999771118164,30.739999771118164,30.739999771118164,107,0.0,0.0
2024-03-15 10:30:00-04:00,31.18000030517578,31.18000030517578,31.18000030517578,31.18000030517578,350,0.0,0.0
2024-03-15 11:30:00-04:00,31.260000228881836,31.329999923706055,31.260000228881836,31.329999923706055,791,0.0,0.0
2024-03-15 13:30:00-04:00,31.309999465942383,31.350000381469727,31.309999465942383,31.350000381469727,272,0.0,0.0
2024-03-15 14:30:00-04:00,31.350000381469727,31.350000381469727,30.924999237060547,31.21619987487793,855,0.0,0.0
2024-03-15 15:30:00-04:00,30.959999084472656,31.350000381469727,30.920000076293945,31.34000015258789,5947,0.0,0.0
2024-03-18 09:30:00-04:00,31.81999969482422,32.5,31.81999969482422,32.5,6707,0.0,0.0
2024-03-18 10:30:00-04:00,32.595001220703125,32.595001220703125,32.59000015258789,32.59000015258789,2046,0.0,0.0
2024-03-18 11:30:00-04:00,32.5099983215332,32.529998779296875,32.5,32.5,1122,0.0,0.0
2024-03-18 12:30:00-04:00,32.29999923706055,32.29999923706055,32.125,32.22999954223633,1331,0.0,0.0
2024-03-18 13:30:00-04:00,32.224998474121094,32.224998474121094,32.224998474121094,32.224998474121094,734,0.0,0.0
2024-03-18 14:30:00-04:00,32.224998474121094,32.224998474121094,32.224998474121094,32.224998474121094,622,0.0,0.0
2024-03-18 15:30:00-04:00,32.18000030517578,32.18000030517578,32.18000030517578,32.18000030517578,571,0.0,0.0
2024-03-19 09:30:00-04:00,32.25,32.25,32.25,32.25,1230,0.0,0.0
2024-03-19 10:30:00-04:00,32.5,32.5,32.4900016784668,32.5,1854,0.0,0.0
2024-03-19 11:30:00-04:00,32.599998474121094,32.599998474121094,32.400001525878906,32.400001525878906,1243,0.0,0.0
2024-03-19 12:30:00-04:00,32.099998474121094,32.099998474121094,32.099998474121094,32.099998474121094,496,0.0,0.0
2024-03-19 13:30:00-04:00,32.045501708984375,32.25,31.88520050048828,32.25,3284,0.0,0.0
2024-03-19 14:30:00-04:00,32.25,32.25,32.150001525878906,32.150001525878906,479,0.0,0.0
2024-03-19 15:30:00-04:00,32.099998474121094,32.33000183105469,31.889999389648438,31.889999389648438,1192,0.0,0.0
2024-03-20 11:30:00-04:00,32.09989929199219,32.249900817871094,32.09000015258789,32.249900817871094,601,0.0,0.0
2024-03-20 12:30:00-04:00,32.25,32.25,32.25,32.25,743,0.0,0.0
2024-03-20 13:30:00-04:00,32.58000183105469,32.58000183105469,31.809999465942383,31.809999465942383,1245,0.0,0.0
2024-03-20 14:30:00-04:00,32.47999954223633,32.5,32.380001068115234,32.380001068115234,3202,0.0,0.0
2024-03-20 15:30:00-04:00,32.5,32.5,32.45000076293945,32.45000076293945,958,0.0,0.0
2024-03-21 09:30:00-04:00,32.5,32.5,32.5,32.5,0,0.0,0.0
2024-03-21 10:30:00-04:00,32.150001525878906,32.150001525878906,32.150001525878906,32.150001525878906,326,0.0,0.0
2024-03-21 11:30:00-04:00,32.20000076293945,32.20000076293945,32.20000076293945,32.20000076293945,357,0.0,0.0
2024-03-21 12:30:00-04:00,32.13610076904297,32.25,32.10179901123047,32.15999984741211,2410,0.0,0.0
2024-03-21 13:30:00-04:00,32.16999816894531,32.20000076293945,31.850000381469727,31.850000381469727,4064,0.0,0.0
2024-03-21 14:30:00-04:00,32.04999923706055,32.09000015258789,32.029998779296875,32.029998779296875,1382,0.0,0.0
2024-03-21 15:30:00-04:00,32.099998474121094,32.099998474121094,31.850000381469727,31.850000381469727,1360,0.0,0.0
2024-03-22 09:30:00-04:00,31.899999618530273,32.209999084472656,31.899999618530273,32.209999084472656,492,0.0,0.0
2024-03-22 10:30:00-04:00,32.34000015258789,32.34000015258789,32.34000015258789,32.34000015258789,1724,0.0,0.0
2024-03-22 11:30:00-04:00,32.29999923706055,32.34000015258789,32.099998474121094,32.099998474121094,1079,0.0,0.0
2024-03-22 12:30:00-04:00,32.2599983215332,32.2599983215332,31.760000228881836,31.760000228881836,3282,0.0,0.0
2024-03-22 13:30:00-04:00,31.479999542236328,31.989999771118164,31.479999542236328,31.989999771118164,848,0.0,0.0
2024-03-22 14:30:00-04:00,31.950000762939453,31.950000762939453,31.950000762939453,31.950000762939453,1195,0.0,0.0
2024-03-25 09:30:00-04:00,32.43000030517578,33.77000045776367,32.41999816894531,33.70000076293945,5215,0.0,0.0
2024-03-25 10:30:00-04:00,33.7599983215332,33.900001525878906,33.13999938964844,33.13999938964844,3610,0.0,0.0
2024-03-25 11:30:00-04:00,33.59000015258789,33.59000015258789,33.59000015258789,33.59000015258789,1046,0.0,0.0
2024-03-25 12:30:00-04:00,33.2599983215332,33.2599983215332,33.2599983215332,33.2599983215332,608,0.0,0.0
2024-03-25 15:30:00-04:00,33.095001220703125,33.400001525878906,33.095001220703125,33.29999923706055,3065,0.0,0.0
2024-03-26 09:30:00-04:00,32.5,33.209999084472656,32.5,33.209999084472656,4369,0.0,0.0
2024-03-26 11:30:00-04:00,33.0,33.0,33.0,33.0,1244,0.0,0.0
2024-03-26 12:30:00-04:00,33.0099983215332,33.0099983215332,33.0099983215332,33.0099983215332,835,0.0,0.0
2024-03-26 13:30:00-04:00,33.0,33.0,32.5099983215332,32.5099983215332,768,0.0,0.0
2024-03-26 15:30:00-04:00,32.77000045776367,32.77000045776367,32.77000045776367,32.77000045776367,336,0.0,0.0
2024-03-27 09:30:00-04:00,33.0,33.47999954223633,32.9900016784668,33.47999954223633,4823,0.0,0.0
2024-03-27 10:30:00-04:00,33.47999954223633,33.790000915527344,32.750099182128906,33.67499923706055,5722,0.0,0.0
2024-03-27 11:30:00-04:00,33.68000030517578,33.68000030517578,33.10499954223633,33.45000076293945,1795,0.0,0.0
2024-03-27 12:30:00-04:00,33.22890090942383,33.5,33.04999923706055,33.45000076293945,6144,0.0,0.0
2024-03-27 13:30:00-04:00,33.45000076293945,33.479000091552734,33.1702995300293,33.479000091552734,800,0.0,0.0
2024-03-27 14:30:00-04:00,33.470001220703125,33.5,33.470001220703125,33.5,601,0.0,0.0
2024-03-27 15:30:00-04:00,33.5,33.5,33.369998931884766,33.3849983215332,1138,0.0,0.0
2024-03-28 09:30:00-04:00,33.4900016784668,34.439998626708984,33.45000076293945,34.279998779296875,11595,0.0,0.0
2024-03-28 11:30:00-04:00,34.060001373291016,34.125,34.05500030517578,34.125,696,0.0,0.0
2024-03-28 12:30:00-04:00,34.060001373291016,34.16999816894531,34.0099983215332,34.150001525878906,1704,0.0,0.0
2024-03-28 13:30:00-04:00,34.44990158081055,34.44990158081055,34.44990158081055,34.44990158081055,231,0.0,0.0
2024-03-28 14:30:00-04:00,34.25,34.25,34.25,34.25,711,0.0,0.0
2024-03-28 15:30:00-04:00,34.130001068115234,34.42499923706055,34.130001068115234,34.400001525878906,1396,0.0,0.0
2024-04-01 09:30:00-04:00,34.369998931884766,34.5099983215332,34.349998474121094,34.5099983215332,0,0.0,0.0
2024-04-01 10:30:00-04:00,34.2599983215332,35.209999084472656,34.25,35.209999084472656,8242,0.0,0.0
2024-04-01 11:30:00-04:00,35.4900016784668,35.4900016784668,35.45000076293945,35.45000076293945,1238,0.0,0.0
2024-04-01 12:30:00-04:00,35.25,35.25,35.25,35.25,121,0.0,0.0
2024-04-01 13:30:00-04:00,35.099998474121094,35.25,34.849998474121094,34.849998474121094,2222,0.0,0.0
2024-04-01 14:30:00-04:00,34.84989929199219,34.84989929199219,34.5,34.58940124511719,1110,0.0,0.0
2024-04-01 15:30:00-04:00,34.56999969482422,34.84000015258789,34.56999969482422,34.84000015258789,1116,0.0,0.0
2024-04-02 09:30:00-04:00,34.03499984741211,34.040000915527344,33.98500061035156,34.040000915527344,2237,0.0,0.0
2024-04-02 10:30:00-04:00,33.95000076293945,33.95000076293945,33.95000076293945,33.95000076293945,436,0.0,0.0
2024-04-02 11:30:00-04:00,34.02000045776367,34.02000045776367,34.0,34.0,1474,0.0,0.0
2024-04-02 13:30:00-04:00,34.79999923706055,34.810001373291016,34.76060104370117,34.79990005493164,3532,0.0,0.0
2024-04-02 15:30:00-04:00,34.584999084472656,34.790000915527344,34.584999084472656,34.790000915527344,1501,0.0,0.0
2024-04-03 09:30:00-04:00,34.90999984741211,34.90999984741211,34.90999984741211,34.90999984741211,499,0.0,0.0
2024-04-03 10:30:00-04:00,34.80329895019531,35.5099983215332,34.80329895019531,35.40999984741211,7013,0.0,0.0
2024-04-03 11:30:00-04:00,34.4900016784668,34.4900016784668,34.4900016784668,34.4900016784668,382,0.0,0.0
2024-04-03 13:30:00-04:00,35.190399169921875,35.2400016784668,35.13999938964844,35.22999954223633,2576,0.0,0.0
2024-04-03 14:30:00-04:00,35.25,35.749900817871094,35.11980056762695,35.275299072265625,6658,0.0,0.0
2024-04-03 15:30:00-04:00,35.25,35.25,35.25,35.25,1249,0.0,0.0
2024-04-04 09:30:00-04:00,34.776100158691406,34.776100158691406,34.776100158691406,34.776100158691406,589,0.0,0.0
2024-04-04 11:30:00-04:00,35.2400016784668,36.2599983215332,35.209999084472656,36.209999084472656,5611,0.0,0.0
2024-04-04 12:30:00-04:00,36.02000045776367,36.13999938964844,35.59000015258789,36.040000915527344,1921,0.0,0.0
2024-04-04 14:30:00-04:00,36.32500076293945,36.32500076293945,36.20000076293945,36.20000076293945,2139,0.0,0.0
2024-04-04 15:30:00-04:00,36.0,36.38999938964844,36.0,36.02000045776367,2661,0.0,0.0
2024-04-05 09:30:00-04:00,36.34000015258789,36.43000030517578,35.90909957885742,36.42169952392578,2533,0.0,0.0
2024-04-05 10:30:00-04:00,36.25,36.25,36.209999084472656,36.209999084472656,1124,0.0,0.0
2024-04-05 13:30:00-04:00,36.439998626708984,36.439998626708984,35.20009994506836,36.400001525878906,467,0.0,0.0
2024-04-05 14:30:00-04:00,36.399898529052734,36.399898529052734,35.540000915527344,36.04999923706055,4295,0.0,0.0
2024-04-05 15:30:00-04:00,36.09000015258789,36.11000061035156,35.875,36.11000061035156,2319,0.0,0.0
2024-04-08 09:30:00-04:00,36.86000061035156,36.86000061035156,33.119998931884766,34.584999084472656,5313,0.0,0.0
2024-04-08 11:30:00-04:00,34.75,34.75,34.06999969482422,34.06999969482422,918,0.0,0.0
2024-04-08 12:30:00-04:00,34.75,34.969398498535156,34.46500015258789,34.79999923706055,2975,0.0,0.0
2024-04-08 13:30:00-04:00,34.18000030517578,34.18000030517578,34.18000030517578,34.18000030517578,201,0.0,0.0
2024-04-08 14:30:00-04:00,34.584999084472656,34.584999084472656,34.13010025024414,34.13010025024414,535,0.0,0.0
2024-04-08 15:30:00-04:00,34.79999923706055,36.34000015258789,34.79999923706055,36.34000015258789,2431,0.0,0.0
2024-04-09 13:30:00-04:00,34.93000030517578,35.63999938964844,34.93000030517578,35.47999954223633,4783,0.0,0.0
2024-04-09 14:30:00-04:00,35.11000061035156,35.11000061035156,34.150001525878906,34.400001525878906,2155,0.0,0.0
2024-04-09 15:30:00-04:00,35.0099983215332,35.0099983215332,35.0099983215332,35.0099983215332,147,0.0,0.0
2024-04-10 09:30:00-04:00,35.0099983215332,35.5,35.0099983215332,35.5,2573,0.0,0.0
2024-04-10 10:30:00-04:00,35.08000183105469,35.08000183105469,33.4900016784668,33.4900016784668,518,0.0,0.0
2024-04-10 11:30:00-04:00,34.900001525878906,35.04999923706055,34.900001525878906,35.04999923706055,401,0.0,0.0
2024-04-10 13:30:00-04:00,34.66999816894531,35.04999923706055,34.66999816894531,34.900001525878906,2060,0.0,0.0
2024-04-11 09:30:00-04:00,34.86000061035156,34.97999954223633,34.86000061035156,34.97999954223633,443,0.0,0.0
2024-04-11 10:30:00-04:00,33.12009811401367,34.810001373291016,33.119998931884766,34.810001373291016,1566,0.0,0.0
2024-04-11 11:30:00-04:00,34.7400016784668,34.7599983215332,34.7400016784668,34.7599983215332,546,0.0,0.0
2024-04-11 12:30:00-04:00,34.560001373291016,34.845001220703125,34.560001373291016,34.845001220703125,1124,0.0,0.0
2024-04-11 14:30:00-04:00,34.849998474121094,34.849998474121094,34.849998474121094,34.849998474121094,141,0.0,0.0
2024-04-12 09:30:00-04:00,34.4900016784668,34.4900016784668,34.4900016784668,34.4900016784668,893,0.0,0.0
2024-04-12 10:30:00-04:00,35.1078987121582,35.1078987121582,35.1078987121582,35.1078987121582,461,0.0,0.0
2024-04-12 11:30:00-04:00,34.310001373291016,34.310001373291016,34.310001373291016,34.310001373291016,135,0.0,0.0
2024-04-12 12:30:00-04:00,34.10499954223633,34.10499954223633,34.029998779296875,34.029998779296875,919,0.0,0.0
2024-04-12 14:30:00-04:00,34.650001525878906,34.650001525878906,34.650001525878906,34.650001525878906,274,0.0,0.0
2024-04-12 15:30:00-04:00,33.950401306152344,33.950401306152344,33.720001220703125,33.72999954223633,628,0.0,0.0
2024-04-15 09:30:00-04:00,34.209999084472656,34.27000045776367,34.130001068115234,34.130001068115234,953,0.0,0.0
2024-04-15 10:30:00-04:00,34.87990188598633,34.87990188598633,34.43000030517578,34.43000030517578,569,0.0,0.0
2024-04-15 11:30:00-04:00,34.56999969482422,34.64500045776367,34.55009841918945,34.64500045776367,1269,0.0,0.0
2024-04-15 12:30:00-04:00,34.61000061035156,34.61000061035156,34.61000061035156,34.61000061035156,396,0.0,0.0
2024-04-15 13:30:00-04:00,35.189998626708984,35.279998779296875,34.71500015258789,34.71500015258789,2576,0.0,0.0
2024-04-15 14:30:00-04:00,34.899898529052734,34.899898529052734,34.899898529052734,34.899898529052734,230,0.0,0.0
2024-04-15 15:30:00-04:00,34.650001525878906,34.79999923706055,34.5,34.5,1956,0.0,0.0
2024-04-16 09:30:00-04:00,34.5099983215332,34.677101135253906,34.5099983215332,34.677101135253906,1453,0.0,0.0
2024-04-16 10:30:00-04:00,34.150001525878906,34.29999923706055,34.150001525878906,34.29999923706055,446,0.0,0.0
2024-04-16 11:30:00-04:00,34.529998779296875,34.56010055541992,34.529998779296875,34.56010055541992,1620,0.0,0.0
2024-04-16 12:30:00-04:00,34.71630096435547,35.380001068115234,34.650001525878906,35.380001068115234,7324,0.0,0.0
2024-04-16 13:30:00-04:00,35.400001525878906,35.470001220703125,35.400001525878906,35.470001220703125,2279,0.0,0.0
2024-04-16 14:30:00-04:00,35.630001068115234,35.630001068115234,34.780799865722656,34.869998931884766,2181,0.0,0.0
2024-04-16 15:30:00-04:00,35.03559875488281,35.03559875488281,35.029998779296875,35.029998779296875,919,0.0,0.0
2024-04-17 09:30:00-04:00,34.61000061035156,34.900001525878906,34.61000061035156,34.900001525878906,936,0.0,0.0
2024-04-17 10:30:00-04:00,34.63999938964844,34.63999938964844,34.400001525878906,34.400001525878906,2537,0.0,0.0
2024-04-17 11:30:00-04:00,35.36000061035156,35.36000061035156,35.36000061035156,35.36000061035156,177,0.0,0.0
2024-04-17 12:30:00-04:00,35.15999984741211,35.15999984741211,34.65999984741211,34.65999984741211,1011,0.0,0.0
2024-04-17 13:30:00-04:00,34.709999084472656,34.75,34.709999084472656,34.75,799,0.0,0.0
2024-04-17 14:30:00-04:00,34.7400016784668,35.165000915527344,34.7400016784668,35.165000915527344,245,0.0,0.0
2024-04-18 09:30:00-04:00,34.02000045776367,34.029998779296875,34.02000045776367,34.029998779296875,751,0.0,0.0
2024-04-18 10:30:00-04:00,34.79999923706055,34.79999923706055,34.79999923706055,34.79999923706055,838,0.0,0.0
2024-04-18 12:30:00-04:00,35.119998931884766,35.58000183105469,35.0,35.58000183105469,1075,0.0,0.0
2024-04-18 15:30:00-04:00,35.25,35.25,35.25,35.25,366,0.0,0.0
2024-04-19 12:30:00-04:00,35.209999084472656,35.77000045776367,35.209999084472656,35.21500015258789,1346,0.0,0.0
2024-04-22 09:30:00-04:00,34.95000076293945,35.359100341796875,34.93000030517578,35.19499969482422,1961,0.0,0.0
2024-04-22 10:30:00-04:00,34.84000015258789,34.84000015258789,34.84000015258789,34.84000015258789,256,0.0,0.0
2024-04-22 11:30:00-04:00,34.81999969482422,34.90999984741211,34.81999969482422,34.90999984741211,1291,0.0,0.0
2024-04-22 12:30:00-04:00,35.20000076293945,35.20000076293945,35.20000076293945,35.20000076293945,107,0.0,0.0
2024-04-22 13:30:00-04:00,35.20000076293945,36.20000076293945,35.20000076293945,36.20000076293945,6567,0.0,0.0
2024-04-22 14:30:00-04:00,36.20000076293945,36.20000076293945,36.189998626708984,36.189998626708984,2683,0.0,0.0
2024-04-23 09:30:00-04:00,35.150001525878906,35.97999954223633,34.709999084472656,34.709999084472656,971,0.0,0.0
2024-04-23 10:30:00-04:00,35.599998474121094,36.02000045776367,35.599998474121094,36.02000045776367,1099,0.0,0.0
2024-04-23 11:30:00-04:00,36.0,36.0,36.0,36.0,282,0.0,0.0
2024-04-23 12:30:00-04:00,36.099998474121094,36.099998474121094,35.75,36.020599365234375,6400,0.0,0.0
2024-04-23 13:30:00-04:00,36.899898529052734,36.899898529052734,36.449798583984375,36.449798583984375,1188,0.0,0.0
2024-04-23 14:30:00-04:00,36.400001525878906,36.819698333740234,36.400001525878906,36.819698333740234,789,0.0,0.0
2024-04-23 15:30:00-04:00,36.400001525878906,36.400001525878906,36.400001525878906,36.400001525878906,676,0.0,0.0
2024-04-24 09:30:00-04:00,36.779998779296875,36.779998779296875,36.779998779296875,36.779998779296875,286,0.0,0.0
2024-04-24 10:30:00-04:00,36.7599983215332,36.7599983215332,36.224998474121094,36.224998474121094,1287,0.0,0.0
2024-04-24 11:30:00-04:00,35.54999923706055,35.54999923706055,35.54999923706055,35.54999923706055,1009,0.0,0.0
2024-04-24 15:30:00-04:00,36.150001525878906,36.189998626708984,36.150001525878906,36.189998626708984,737,0.0,0.0
2024-04-25 09:30:00-04:00,35.65999984741211,35.97999954223633,35.56999969482422,35.650001525878906,2442,0.0,0.0
2024-04-25 13:30:00-04:00,35.900001525878906,36.09000015258789,35.84000015258789,36.09000015258789,1524,0.0,0.0
2024-04-25 14:30:00-04:00,36.20000076293945,36.20000076293945,35.79999923706055,35.79999923706055,1320,0.0,0.0
2024-04-25 15:30:00-04:00,35.5099983215332,35.970001220703125,35.5099983215332,35.970001220703125,450,0.0,0.0
2024-04-26 09:30:00-04:00,36.0,36.0,34.60060119628906,35.0,1709,0.0,0.0
2024-04-26 10:30:00-04:00,35.150001525878906,35.150001525878906,35.150001525878906,35.150001525878906,996,0.0,0.0
2024-04-26 12:30:00-04:00,36.20000076293945,36.20000076293945,36.20000076293945,36.20000076293945,235,0.0,0.0
2024-04-26 13:30:00-04:00,36.20000076293945,36.20000076293945,35.38999938964844,35.38999938964844,907,0.0,0.0
2024-04-26 14:30:00-04:00,35.66999816894531,35.66999816894531,35.66999816894531,35.66999816894531,391,0.0,0.0
2024-04-26 15:30:00-04:00,34.900001525878906,34.900001525878906,34.900001525878906,34.900001525878906,200,0.0,0.0
2024-04-29 09:30:00-04:00,35.0,35.599998474121094,34.900001525878906,34.970001220703125,5262,0.0,0.0
2024-04-29 10:30:00-04:00,34.9900016784668,35.349998474121094,34.9900016784668,35.31999969482422,1571,0.0,0.0
2024-04-29 11:30:00-04:00,35.0,35.0,35.0,35.0,421,0.0,0.0
2024-04-29 12:30:00-04:00,34.77000045776367,35.310001373291016,34.77000045776367,35.310001373291016,531,0.0,0.0
2024-04-29 13:30:00-04:00,35.290000915527344,35.290000915527344,35.290000915527344,35.290000915527344,348,0.0,0.0
2024-04-29 14:30:00-04:00,34.97999954223633,35.29999923706055,33.790000915527344,34.6349983215332,2230,0.0,0.0
2024-04-29 15:30:00-04:00,34.849998474121094,34.849998474121094,34.849998474121094,34.849998474121094,306,0.0,0.0
2024-04-30 11:30:00-04:00,33.812198638916016,34.5,33.812198638916016,34.5,2812,0.0,0.0
2024-04-30 12:30:00-04:00,34.57500076293945,34.95000076293945,34.57500076293945,34.95000076293945,1262,0.0,0.0
2024-04-30 13:30:00-04:00,34.67499923706055,34.67499923706055,34.67499923706055,34.67499923706055,572,0.0,0.0
2024-04-30 14:30:00-04:00,34.869998931884766,34.869998931884766,34.790000915527344,34.869998931884766,597,0.0,0.0
2024-04-30 15:30:00-04:00,34.7400016784668,35.94499969482422,34.7400016784668,35.94499969482422,3191,0.0,0.0
2024-05-01 09:30:00-04:00,35.68000030517578,35.68000030517578,35.68000030517578,35.68000030517578,913,0.0,0.0
2024-05-01 11:30:00-04:00,35.79999923706055,35.79999923706055,35.79999923706055,35.79999923706055,600,0.0,0.0
2024-05-01 12:30:00-04:00,35.83000183105469,35.83000183105469,35.83000183105469,35.83000183105469,238,0.0,0.0
2024-05-01 13:30:00-04:00,35.849998474121094,36.380001068115234,35.849998474121094,36.31999969482422,1623,0.0,0.0
2024-05-01 14:30:00-04:00,36.349998474121094,36.349998474121094,36.2599983215332,36.2599983215332,315,0.0,0.0
2024-05-01 15:30:00-04:00,36.13999938964844,36.13999938964844,36.02000045776367,36.099998474121094,581,0.0,0.0
2024-05-02 09:30:00-04:00,36.16999816894531,36.16999816894531,36.16999816894531,36.16999816894531,338,0.0,0.0
2024-05-02 11:30:00-04:00,36.20000076293945,36.20000076293945,35.70000076293945,35.70000076293945,1435,0.0,0.0
2024-05-02 12:30:00-04:00,35.79999923706055,35.79999923706055,35.79999923706055,35.79999923706055,314,0.0,0.0
2024-05-02 13:30:00-04:00,36.20000076293945,36.20000076293945,34.65999984741211,34.65999984741211,967,0.0,0.0
2024-05-03 09:30:00-04:00,35.43000030517578,35.43000030517578,35.43000030517578,35.43000030517578,333,0.0,0.0
2024-05-03 10:30:00-04:00,35.5099983215332,35.5099983215332,35.25,35.25,838,0.0,0.0
2024-05-03 12:30:00-04:00,35.625,35.625,35.599998474121094,35.599998474121094,821,0.0,0.0
2024-05-03 14:30:00-04:00,35.189998626708984,35.189998626708984,35.18000030517578,35.18000030517578,505,0.0,0.0
2024-05-06 09:30:00-04:00,35.18000030517578,35.18000030517578,35.18000030517578,35.18000030517578,1378,0.0,0.0
2024-05-06 11:30:00-04:00,36.02000045776367,36.02000045776367,35.814998626708984,35.814998626708984,1176,0.0,0.0
2024-05-06 12:30:00-04:00,36.400001525878906,36.400001525878906,36.400001525878906,36.400001525878906,712,0.0,0.0
2024-05-06 13:30:00-04:00,35.73500061035156,35.73500061035156,35.73500061035156,35.73500061035156,607,0.0,0.0
2024-05-06 15:30:00-04:00,35.970001220703125,35.970001220703125,35.55839920043945,35.55839920043945,924,0.0,0.0
2024-05-07 09:30:00-04:00,33.56999969482422,33.56999969482422,33.56999969482422,33.56999969482422,554,0.0,0.0
2024-05-07 11:30:00-04:00,35.35499954223633,35.35499954223633,35.35499954223633,35.35499954223633,425,0.0,0.0
2024-05-08 09:30:00-04:00,35.459999084472656,35.68000030517578,35.459999084472656,35.65999984741211,1522,0.0,0.0
2024-05-08 12:30:00-04:00,35.23099899291992,36.01570129394531,35.23099899291992,36.01570129394531,806,0.0,0.0
2024-05-08 14:30:00-04:00,35.380001068115234,35.380001068115234,35.349998474121094,35.349998474121094,1377,0.0,0.0
2024-05-08 15:30:00-04:00,34.709999084472656,34.79999923706055,34.709999084472656,34.79999923706055,477,0.0,0.0
2024-05-09 11:30:00-04:00,35.5,35.5,35.5,35.5,742,0.0,0.0
2024-05-09 12:30:00-04:00,35.2400016784668,36.05500030517578,35.2400016784668,35.90999984741211,534,0.0,0.0
2024-05-09 13:30:00-04:00,35.630001068115234,35.630001068115234,35.599998474121094,35.599998474121094,960,0.0,0.0
2024-05-09 14:30:00-04:00,36.19499969482422,36.19499969482422,36.04999923706055,36.04999923706055,572,0.0,0.0
2024-05-09 15:30:00-04:00,36.15999984741211,36.15999984741211,35.9900016784668,36.150001525878906,769,0.0,0.0
2024-05-10 09:30:00-04:00,36.18000030517578,36.18000030517578,35.70000076293945,36.13999938964844,0,0.0,0.0
2024-05-10 10:30:00-04:00,36.119998931884766,36.29999923706055,35.869998931884766,35.869998931884766,794,0.0,0.0
2024-05-10 11:30:00-04:00,36.08599853515625,36.08599853515625,36.08599853515625,36.08599853515625,352,0.0,0.0
2024-05-10 12:30:00-04:00,36.0,36.0,36.0,36.0,1928,0.0,0.0
2024-05-10 14:30:00-04:00,36.04999923706055,36.04999923706055,36.0015983581543,36.04999923706055,1803,0.0,0.0
2024-05-13 09:30:00-04:00,36.32500076293945,37.41999816894531,36.32500076293945,37.41999816894531,8978,0.0,0.0
2024-05-13 10:30:00-04:00,37.099998474121094,37.33000183105469,37.099998474121094,37.27000045776367,6664,0.0,0.0
2024-05-13 11:30:00-04:00,37.31010055541992,38.95000076293945,37.31010055541992,38.220001220703125,6391,0.0,0.0
2024-05-13 12:30:00-04:00,38.130001068115234,38.130001068115234,38.0,38.04999923706055,2147,0.0,0.0
2024-05-13 13:30:00-04:00,37.79999923706055,37.79999923706055,37.79999923706055,37.79999923706055,976,0.0,0.0
2024-05-13 14:30:00-04:00,37.70000076293945,37.70000076293945,37.70000076293945,37.70000076293945,918,0.0,0.0
2024-05-13 15:30:00-04:00,37.58000183105469,38.0,37.58000183105469,38.0,1642,0.0,0.0
2024-05-14 09:30:00-04:00,38.5,38.61000061035156,38.45000076293945,38.49300003051758,0,0.0,0.0
2024-05-14 10:30:00-04:00,38.599998474121094,39.525001525878906,38.599998474121094,39.29999923706055,8021,0.0,0.0
2024-05-14 11:30:00-04:00,39.79990005493164,39.79990005493164,39.20000076293945,39.29999923706055,2363,0.0,0.0
2024-05-14 12:30:00-04:00,39.165000915527344,39.7599983215332,39.099998474121094,39.44499969482422,6335,0.0,0.0
2024-05-14 13:30:00-04:00,40.529998779296875,42.040000915527344,40.20000076293945,41.230098724365234,7192,0.0,0.0
2024-05-14 14:30:00-04:00,41.29999923706055,41.939998626708984,41.0,41.04999923706055,1582,0.0,0.0
2024-05-14 15:30:00-04:00,41.650001525878906,43.36000061035156,41.5,42.0,10740,0.0,0.0
2024-05-15 09:30:00-04:00,41.9900016784668,42.0,41.51499938964844,42.0,5044,0.0,0.0
2024-05-15 10:30:00-04:00,42.100101470947266,42.22560119628906,42.099998474121094,42.099998474121094,1414,0.0,0.0
2024-05-15 11:30:00-04:00,41.900699615478516,41.900699615478516,41.900001525878906,41.900001525878906,1291,0.0,0.0
2024-05-15 12:30:00-04:00,41.75,41.97169876098633,41.75,41.97169876098633,798,0.0,0.0
2024-05-15 13:30:00-04:00,42.0,42.0,41.54999923706055,41.54999923706055,1347,0.0,0.0
2024-05-15 15:30:00-04:00,41.17499923706055,41.54999923706055,41.17499923706055,41.498600006103516,2023,0.0,0.0
2024-05-16 09:30:00-04:00,41.900001525878906,42.09000015258789,41.83000183105469,41.849998474121094,3513,0.0,0.0
2024-05-16 11:30:00-04:00,40.38999938964844,40.93000030517578,40.18000030517578,40.93000030517578,3483,0.0,0.0
2024-05-16 12:30:00-04:00,40.810001373291016,41.25,40.72999954223633,40.72999954223633,2351,0.0,0.0
2024-05-16 15:30:00-04:00,40.25,40.679901123046875,40.25,40.29999923706055,1354,0.0,0.0
2024-05-17 09:30:00-04:00,39.900001525878906,39.90999984741211,39.82500076293945,39.82500076293945,2622,0.0,0.0
2024-05-17 10:30:00-04:00,37.472599029541016,38.099998474121094,37.09000015258789,38.099998474121094,2953,0.0,0.0
2024-05-17 11:30:00-04:00,38.25,40.66960144042969,38.25,40.66960144042969,8162,0.0,0.0
2024-05-17 15:30:00-04:00,39.86000061035156,39.86000061035156,38.88999938964844,39.20000076293945,2265,0.0,0.0
2024-05-20 09:30:00-04:00,39.599998474121094,41.310001373291016,39.599998474121094,40.70000076293945,0,0.0,0.0
2024-05-20 10:30:00-04:00,40.4900016784668,41.9900016784668,40.369998931884766,41.939998626708984,4490,0.0,0.0
2024-05-20 11:30:00-04:00,41.974998474121094,45.0,41.95000076293945,43.0,9331,0.0,0.0
2024-05-20 12:30:00-04:00,42.5,42.5,42.38180160522461,42.5,678,0.0,0.0
2024-05-20 13:30:00-04:00,41.850101470947266,42.525001525878906,41.850101470947266,41.850101470947266,1335,0.0,0.0
2024-05-20 14:30:00-04:00,42.40999984741211,43.58000183105469,42.38999938964844,43.58000183105469,4977,0.0,0.0
2024-05-20 15:30:00-04:00,42.474998474121094,43.0,42.119998931884766,42.73500061035156,3118,0.0,0.0
2024-05-21 09:30:00-04:00,42.873600006103516,42.873600006103516,42.119998931884766,42.119998931884766,792,0.0,0.0
2024-05-21 10:30:00-04:00,42.787899017333984,42.787899017333984,42.787899017333984,42.787899017333984,822,0.0,0.0
2024-05-21 11:30:00-04:00,42.95000076293945,43.0,42.95000076293945,43.0,1087,0.0,0.0
2024-05-21 12:30:00-04:00,43.0,43.249900817871094,43.0,43.249900817871094,1238,0.0,0.0
2024-05-21 13:30:00-04:00,43.0,43.0,43.0,43.0,710,0.0,0.0
2024-05-21 14:30:00-04:00,42.810001373291016,43.0,42.60499954223633,43.0,1759,0.0,0.0
2024-05-21 15:30:00-04:00,42.209999084472656,42.209999084472656,42.15999984741211,42.15999984741211,940,0.0,0.0
2024-05-22 09:30:00-04:00,42.140098571777344,42.140098571777344,42.140098571777344,42.140098571777344,135,0.0,0.0
2024-05-22 10:30:00-04:00,43.04499816894531,43.939998626708984,43.04499816894531,43.939998626708984,1043,0.0,0.0
2024-05-22 11:30:00-04:00,43.3588981628418,43.900001525878906,42.63999938964844,42.640098571777344,3388,0.0,0.0
2024-05-22 12:30:00-04:00,42.150001525878906,42.150001525878906,41.599998474121094,41.599998474121094,1348,0.0,0.0
2024-05-22 14:30:00-04:00,41.38999938964844,41.38999938964844,41.19390106201172,41.19390106201172,3365,0.0,0.0
2024-05-23 09:30:00-04:00,41.290000915527344,41.70000076293945,41.290000915527344,41.70000076293945,1611,0.0,0.0
2024-05-23 10:30:00-04:00,41.599998474121094,41.79999923706055,39.525001525878906,40.91999816894531,6862,0.0,0.0
2024-05-23 11:30:00-04:00,41.5,41.70000076293945,41.099998474121094,41.70000076293945,886,0.0,0.0
2024-05-23 12:30:00-04:00,41.70000076293945,41.70000076293945,40.65999984741211,40.70000076293945,1595,0.0,0.0
2024-05-23 13:30:00-04:00,41.162200927734375,41.79999923706055,41.162200927734375,41.79999923706055,3219,0.0,0.0
2024-05-23 14:30:00-04:00,42.400001525878906,42.400001525878906,42.400001525878906,42.400001525878906,700,0.0,0.0
2024-05-23 15:30:00-04:00,42.70000076293945,42.79999923706055,42.70000076293945,42.79999923706055,973,0.0,0.0
2024-05-24 09:30:00-04:00,42.27000045776367,42.27000045776367,38.86000061035156,40.66999816894531,0,0.0,0.0
2024-05-24 10:30:00-04:00,42.0,42.0,42.0,42.0,934,0.0,0.0
2024-05-24 11:30:00-04:00,41.02000045776367,41.02000045776367,40.0099983215332,40.060001373291016,6869,0.0,0.0
2024-05-24 12:30:00-04:00,40.2400016784668,40.2400016784668,40.2400016784668,40.2400016784668,1721,0.0,0.0
2024-05-24 13:30:00-04:00,40.060001373291016,40.060001373291016,40.060001373291016,40.060001373291016,919,0.0,0.0
2024-05-24 14:30:00-04:00,40.61000061035156,40.61000061035156,40.61000061035156,40.61000061035156,414,0.0,0.0
2024-05-24 15:30:00-04:00,40.57229995727539,41.150001525878906,40.0,40.0,2724,0.0,0.0
2024-05-28 09:30:00-04:00,40.29999923706055,40.29999923706055,40.140098571777344,40.140098571777344,0,0.0,0.0
2024-05-28 10:30:00-04:00,39.439998626708984,40.150001525878906,39.27000045776367,39.27000045776367,2240,0.0,0.0
2024-05-28 11:30:00-04:00,39.06999969482422,39.349998474121094,38.880001068115234,39.0,5192,0.0,0.0
2024-05-28 13:30:00-04:00,39.459999084472656,39.599998474121094,39.459999084472656,39.599998474121094,606,0.0,0.0
2024-05-28 14:30:00-04:00,39.314998626708984,39.314998626708984,39.314998626708984,39.314998626708984,336,0.0,0.0
2024-05-28 15:30:00-04:00,39.63999938964844,39.650001525878906,39.63999938964844,39.650001525878906,1127,0.0,0.0
2024-05-29 09:30:00-04:00,38.810001373291016,39.79999923706055,38.810001373291016,39.45000076293945,1515,0.0,0.0
2024-05-29 10:30:00-04:00,39.70000076293945,41.239898681640625,39.70000076293945,40.500099182128906,3605,0.0,0.0
2024-05-29 11:30:00-04:00,40.150001525878906,40.654998779296875,40.150001525878906,40.650001525878906,676,0.0,0.0
2024-05-29 12:30:00-04:00,41.650001525878906,41.650001525878906,41.650001525878906,41.650001525878906,372,0.0,0.0
2024-05-29 14:30:00-04:00,41.650001525878906,41.650001525878906,40.36000061035156,40.36000061035156,1445,0.0,0.0
2024-05-29 15:30:00-04:00,40.040000915527344,40.40999984741211,40.040000915527344,40.40999984741211,310,0.0,0.0
2024-05-30 09:30:00-04:00,40.91999816894531,41.7400016784668,40.79999923706055,40.79999923706055,645,0.0,0.0
2024-05-30 10:30:00-04:00,41.380001068115234,41.720001220703125,40.61000061035156,41.70000076293945,3128,0.0,0.0
2024-05-30 11:30:00-04:00,42.040000915527344,42.119998931884766,42.040000915527344,42.119998931884766,1617,0.0,0.0
2024-05-30 13:30:00-04:00,41.959999084472656,42.119998931884766,41.599998474121094,42.119998931884766,957,0.0,0.0
2024-05-30 14:30:00-04:00,42.47999954223633,42.899898529052734,41.900001525878906,42.899898529052734,1573,0.0,0.0
2024-05-30 15:30:00-04:00,42.25,42.474998474121094,41.79999923706055,42.130001068115234,3079,0.0,0.0
2024-05-31 11:30:00-04:00,41.599998474121094,42.0,41.599998474121094,42.0,1470,0.0,0.0
2024-05-31 12:30:00-04:00,42.5,42.59000015258789,42.5,42.59000015258789,1375,0.0,0.0
2024-05-31 14:30:00-04:00,42.2400016784668,42.2400016784668,42.2400016784668,42.2400016784668,455,0.0,0.0
2024-05-31 15:30:00-04:00,42.11000061035156,42.11000061035156,42.10200119018555,42.10200119018555,395,0.0,0.0
2024-06-03 09:30:00-04:00,41.96110153198242,41.96110153198242,41.96110153198242,41.96110153198242,718,0.0,0.0
2024-06-03 10:30:00-04:00,42.0,42.0,42.0,42.0,2803,0.0,0.0
2024-06-03 12:30:00-04:00,39.36800003051758,42.01499938964844,39.29650115966797,40.90999984741211,21942,0.0,0.0
2024-06-03 13:30:00-04:00,40.90999984741211,41.0,40.90999984741211,41.0,1664,0.0,0.0
2024-06-03 14:30:00-04:00,39.630001068115234,40.43989944458008,39.250099182128906,39.250099182128906,2625,0.0,0.0
2024-06-03 15:30:00-04:00,41.084999084472656,41.084999084472656,40.689998626708984,40.689998626708984,893,0.0,0.0
2024-06-04 09:30:00-04:00,40.900001525878906,41.5989990234375,39.900001525878906,41.25,8575,0.0,0.0
2024-06-04 10:30:00-04:00,42.59989929199219,42.59989929199219,41.400001525878906,41.54499816894531,1273,0.0,0.0
2024-06-04 11:30:00-04:00,41.49769973754883,41.49769973754883,41.49769973754883,41.49769973754883,407,0.0,0.0
2024-06-04 13:30:00-04:00,41.47999954223633,41.4900016784668,41.47999954223633,41.4900016784668,673,0.0,0.0
2024-06-04 15:30:00-04:00,41.5,41.83000183105469,41.5,41.83000183105469,974,0.0,0.0
2024-06-05 09:30:00-04:00,40.9900016784668,42.099998474121094,40.9900016784668,42.099998474121094,536,0.0,0.0
2024-06-05 10:30:00-04:00,41.40999984741211,42.224998474121094,41.02949905395508,41.86750030517578,14502,0.0,0.0
2024-06-05 11:30:00-04:00,41.73500061035156,41.73500061035156,41.619998931884766,41.619998931884766,688,0.0,0.0
2024-06-05 12:30:00-04:00,41.75,41.75,41.07500076293945,41.07500076293945,988,0.0,0.0
2024-06-05 13:30:00-04:00,41.04029846191406,41.59000015258789,41.04029846191406,41.25400161743164,1460,0.0,0.0
2024-06-05 14:30:00-04:00,41.25,41.5,41.25,41.5,566,0.0,0.0
2024-06-05 15:30:00-04:00,41.0,41.7150993347168,40.4900016784668,41.7150993347168,2958,0.0,0.0
2024-06-06 09:30:00-04:00,40.720001220703125,40.720001220703125,40.15999984741211,40.15999984741211,1785,0.0,0.0
2024-06-06 10:30:00-04:00,40.0098991394043,40.20000076293945,40.00120162963867,40.16999816894531,1909,0.0,0.0
2024-06-06 11:30:00-04:00,40.16999816894531,40.20000076293945,40.16999816894531,40.179901123046875,947,0.0,0.0
2024-06-06 12:30:00-04:00,40.5,40.5,40.05619812011719,40.05619812011719,611,0.0,0.0
2024-06-06 13:30:00-04:00,39.86000061035156,39.86000061035156,39.849998474121094,39.849998474121094,1557,0.0,0.0
2024-06-06 14:30:00-04:00,39.349998474121094,39.7400016784668,39.0,39.0,2038,0.0,0.0
2024-06-06 15:30:00-04:00,38.62099838256836,38.62099838256836,38.62099838256836,38.62099838256836,1136,0.0,0.0
2024-06-07 09:30:00-04:00,38.97999954223633,39.279998779296875,38.97999954223633,39.279998779296875,467,0.0,0.0
2024-06-07 10:30:00-04:00,39.279998779296875,39.279998779296875,39.279998779296875,39.279998779296875,606,0.0,0.0
2024-06-07 11:30:00-04:00,39.25,39.494998931884766,38.75,38.75,1537,0.0,0.0
2024-06-07 12:30:00-04:00,39.29499816894531,39.29499816894531,38.599998474121094,38.9900016784668,1521,0.0,0.0
2024-06-07 13:30:00-04:00,38.70029830932617,38.70029830932617,38.70029830932617,38.70029830932617,647,0.0,0.0
2024-06-07 14:30:00-04:00,38.900001525878906,39.489898681640625,38.900001525878906,39.099998474121094,5061,0.0,0.0
2024-06-07 15:30:00-04:00,39.16999816894531,39.16999816894531,39.16999816894531,39.16999816894531,182,0.0,0.0
2024-06-10 09:30:00-04:00,39.0099983215332,39.130001068115234,39.0099983215332,39.130001068115234,709,0.0,0.0
2024-06-10 10:30:00-04:00,39.709999084472656,40.95000076293945,39.70500183105469,40.5,13010,0.0,0.0
2024-06-10 11:30:00-04:00,41.07500076293945,41.07500076293945,40.29999923706055,40.962501525878906,1650,0.0,0.0
2024-06-10 12:30:00-04:00,40.54999923706055,40.54999923706055,40.15999984741211,40.15999984741211,1862,0.0,0.0
2024-06-10 14:30:00-04:00,40.400001525878906,40.41999816894531,40.400001525878906,40.41999816894531,2647,0.0,0.0
2024-06-10 15:30:00-04:00,40.749900817871094,40.869998931884766,40.749900817871094,40.869998931884766,3922,0.0,0.0
2024-06-11 09:30:00-04:00,40.939998626708984,41.75,40.939998626708984,41.75,1782,0.0,0.0
2024-06-11 11:30:00-04:00,41.34000015258789,41.34000015258789,41.34000015258789,41.34000015258789,101,0.0,0.0
2024-06-11 12:30:00-04:00,41.41999816894531,41.41999816894531,40.79999923706055,40.79999923706055,1725,0.0,0.0
2024-06-11 13:30:00-04:00,41.439998626708984,41.439998626708984,41.02000045776367,41.119998931884766,1389,0.0,0.0
2024-06-11 14:30:00-04:00,41.849998474121094,41.849998474121094,41.400001525878906,41.400001525878906,1416,0.0,0.0
2024-06-12 09:30:00-04:00,40.849998474121094,41.599998474121094,40.849998474121094,40.965999603271484,2236,0.0,0.0
2024-06-12 10:30:00-04:00,40.869998931884766,40.869998931884766,40.869998931884766,40.869998931884766,551,0.0,0.0
2024-06-12 11:30:00-04:00,41.459999084472656,41.459999084472656,41.459999084472656,41.459999084472656,536,0.0,0.0
2024-06-12 13:30:00-04:00,41.625,41.625,41.25,41.25,1215,0.0,0.0
2024-06-12 15:30:00-04:00,41.064998626708984,41.064998626708984,41.064998626708984,41.064998626708984,286,0.0,0.0
2024-06-13 09:30:00-04:00,41.119998931884766,41.119998931884766,40.279998779296875,40.279998779296875,2021,0.0,0.0
2024-06-13 12:30:00-04:00,40.75,40.75,39.97999954223633,40.40999984741211,2012,0.0,0.0
2024-06-13 13:30:00-04:00,40.04999923706055,40.999900817871094,40.04999923706055,40.999900817871094,1513,0.0,0.0
2024-06-13 14:30:00-04:00,41.0,41.0,41.0,41.0,1116,0.0,0.0
2024-06-13 15:30:00-04:00,41.0,41.0,41.0,41.0,184,0.0,0.0
2024-06-14 09:30:00-04:00,39.17359924316406,39.17359924316406,39.17359924316406,39.17359924316406,3116,0.0,0.0
2024-06-14 10:30:00-04:00,40.0099983215332,40.02000045776367,40.0,40.0,806,0.0,0.0
2024-06-14 11:30:00-04:00,40.099998474121094,40.099998474121094,40.0,40.0,891,0.0,0.0
2024-06-14 12:30:00-04:00,40.0,40.005001068115234,40.0,40.0,1634,0.0,0.0
2024-06-14 14:30:00-04:00,39.959999084472656,39.959999084472656,39.959999084472656,39.959999084472656,252,0.0,0.0
2024-06-14 15:30:00-04:00,40.43000030517578,40.43000030517578,39.440101623535156,39.440101623535156,1484,0.0,0.0
2024-06-17 09:30:00-04:00,39.63999938964844,39.810001373291016,39.25,39.25,2317,0.0,0.0
2024-06-17 10:30:00-04:00,39.472599029541016,40.119998931884766,39.25,40.09989929199219,9926,0.0,0.0
2024-06-17 11:30:00-04:00,40.040000915527344,40.52000045776367,38.972198486328125,39.77410125732422,25148,0.0,0.0
2024-06-17 14:30:00-04:00,39.900001525878906,39.900001525878906,39.900001525878906,39.900001525878906,801,0.0,0.0
2024-06-17 15:30:00-04:00,38.54999923706055,39.26499938964844,38.54999923706055,38.619998931884766,1356,0.0,0.0
2024-06-18 10:30:00-04:00,39.0099983215332,39.0099983215332,37.28010177612305,38.13999938964844,3992,0.0,0.0
2024-06-18 11:30:00-04:00,38.14500045776367,38.14500045776367,37.4900016784668,37.492000579833984,2380,0.0,0.0
2024-06-18 12:30:00-04:00,38.18000030517578,38.18000030517578,38.18000030517578,38.18000030517578,883,0.0,0.0
2024-06-18 13:30:00-04:00,37.70000076293945,37.70000076293945,37.220001220703125,37.220001220703125,1967,0.0,0.0
2024-06-18 14:30:00-04:00,37.1349983215332,37.53990173339844,36.95000076293945,36.989898681640625,3507,0.0,0.0
2024-06-18 15:30:00-04:00,36.599998474121094,37.59000015258789,36.599998474121094,37.59000015258789,2357,0.0,0.0
2024-06-20 09:30:00-04:00,36.310001373291016,36.310001373291016,36.310001373291016,36.310001373291016,693,0.0,0.0
2024-06-20 10:30:00-04:00,37.36000061035156,37.36000061035156,37.36000061035156,37.36000061035156,375,0.0,0.0
2024-06-20 11:30:00-04:00,36.61000061035156,36.69499969482422,35.15999984741211,35.15999984741211,3954,0.0,0.0
2024-06-20 12:30:00-04:00,34.86000061035156,35.185001373291016,33.37009811401367,34.97999954223633,4033,0.0,0.0
2024-06-20 13:30:00-04:00,34.970001220703125,35.58000183105469,34.970001220703125,35.58000183105469,438,0.0,0.0
2024-06-20 14:30:00-04:00,34.83000183105469,35.21500015258789,34.525001525878906,35.13010025024414,8351,0.0,0.0
2024-06-20 15:30:00-04:00,34.470001220703125,35.849998474121094,34.400001525878906,35.689998626708984,11316,0.0,0.0
2024-06-21 09:30:00-04:00,34.65999984741211,34.65999984741211,33.41999816894531,33.459999084472656,1703,0.0,0.0
2024-06-21 10:30:00-04:00,34.69990158081055,34.69990158081055,34.69990158081055,34.69990158081055,1529,0.0,0.0
2024-06-21 12:30:00-04:00,34.099998474121094,35.58000183105469,33.75899887084961,35.04010009765625,11676,0.0,0.0
2024-06-21 13:30:00-04:00,35.0,35.5,34.900001525878906,35.0,19972,0.0,0.0
2024-06-21 14:30:00-04:00,35.44020080566406,35.44020080566406,35.44020080566406,35.44020080566406,1421,0.0,0.0
2024-06-24 09:30:00-04:00,36.54999923706055,36.54999923706055,34.814998626708984,35.5099983215332,28117,0.0,0.0
2024-06-24 12:30:00-04:00,35.93009948730469,36.63999938964844,35.93009948730469,36.63999938964844,1968,0.0,0.0
2024-06-24 14:30:00-04:00,35.93000030517578,35.93000030517578,35.93000030517578,35.93000030517578,1579,0.0,0.0
2024-06-24 15:30:00-04:00,36.15999984741211,36.15999984741211,35.720001220703125,35.720001220703125,2231,0.0,0.0
2024-06-25 09:30:00-04:00,35.83000183105469,37.029701232910156,35.83000183105469,37.029701232910156,2322,0.0,0.0
2024-06-25 11:30:00-04:00,35.26300048828125,35.26300048828125,35.26300048828125,35.26300048828125,1033,0.0,0.0
2024-06-25 12:30:00-04:00,35.53499984741211,35.999900817871094,35.53499984741211,35.999900817871094,3958,0.0,0.0
2024-06-25 14:30:00-04:00,34.650001525878906,35.74769973754883,33.90999984741211,33.90999984741211,12374,0.0,0.0
2024-06-26 10:30:00-04:00,36.22420120239258,36.5099983215332,36.15999984741211,36.5099983215332,5109,0.0,0.0
2024-06-26 11:30:00-04:00,36.93000030517578,37.999900817871094,36.93000030517578,37.999900817871094,5902,0.0,0.0
2024-06-26 12:30:00-04:00,37.2599983215332,37.31019973754883,37.2400016784668,37.31019973754883,2278,0.0,0.0
2024-06-26 13:30:00-04:00,37.5,37.5,37.290000915527344,37.290000915527344,768,0.0,0.0
2024-06-26 14:30:00-04:00,37.09000015258789,37.79999923706055,37.09000015258789,37.79999923706055,2016,0.0,0.0
2024-06-26 15:30:00-04:00,37.79999923706055,38.75299835205078,37.79999923706055,38.75299835205078,4176,0.0,0.0
2024-06-27 09:30:00-04:00,44.0,45.95000076293945,41.06999969482422,43.25,30057,0.0,0.0
2024-06-27 10:30:00-04:00,42.74250030517578,43.5,42.02009963989258,42.7400016784668,8116,0.0,0.0
2024-06-27 11:30:00-04:00,42.76499938964844,43.29999923706055,42.02000045776367,42.220001220703125,2821,0.0,0.0
2024-06-27 12:30:00-04:00,42.775001525878906,43.4900016784668,42.7599983215332,43.4900016784668,4307,0.0,0.0
2024-06-27 13:30:00-04:00,43.4900016784668,43.5,42.5099983215332,43.0,4966,0.0,0.0
2024-06-27 14:30:00-04:00,43.4900016784668,43.4900016784668,42.2599983215332,42.2599983215332,2182,0.0,0.0
2024-06-27 15:30:00-04:00,43.13999938964844,43.13999938964844,42.29999923706055,42.79999923706055,4193,0.0,0.0
2024-06-28 09:30:00-04:00,43.654998779296875,43.654998779296875,41.650001525878906,42.4900016784668,2494,0.0,0.0
2024-06-28 10:30:00-04:00,42.4900016784668,44.5099983215332,42.4900016784668,44.47999954223633,4733,0.0,0.0
2024-06-28 11:30:00-04:00,44.47999954223633,44.47999954223633,43.994998931884766,44.439998626708984,4184,0.0,0.0
2024-06-28 12:30:00-04:00,44.47999954223633,44.5099983215332,44.47999954223633,44.5099983215332,2308,0.0,0.0
2024-06-28 13:30:00-04:00,44.97999954223633,46.0,44.97999954223633,46.0,2004,0.0,0.0
2024-06-28 14:30:00-04:00,45.999900817871094,46.5,45.999900817871094,46.5,1715,0.0,0.0
2024-06-28 15:30:00-04:00,46.95000076293945,47.35499954223633,46.26499938964844,47.35499954223633,3610,0.0,0.0
2024-07-01 09:30:00-04:00,47.20000076293945,47.20000076293945,45.68000030517578,45.68000030517578,2165,0.0,0.0
2024-07-01 10:30:00-04:00,46.500099182128906,46.94499969482422,45.36000061035156,45.720001220703125,14414,0.0,0.0
2024-07-01 11:30:00-04:00,45.98569869995117,46.65999984741211,45.060001373291016,45.209999084472656,35914,0.0,0.0
2024-07-01 12:30:00-04:00,45.35150146484375,45.900001525878906,45.35150146484375,45.849998474121094,5431,0.0,0.0
2024-07-01 13:30:00-04:00,45.72999954223633,45.75,45.72999954223633,45.75,1322,0.0,0.0
2024-07-01 14:30:00-04:00,46.11000061035156,46.43000030517578,45.849998474121094,46.43000030517578,1556,0.0,0.0
2024-07-01 15:30:00-04:00,46.15140151977539,46.209999084472656,42.52000045776367,43.439998626708984,13638,0.0,0.0
2024-07-02 09:30:00-04:00,45.0,45.30500030517578,44.9900016784668,45.30500030517578,0,0.0,0.0
2024-07-02 10:30:00-04:00,45.275001525878906,46.0,45.275001525878906,46.0,1362,0.0,0.0
2024-07-02 11:30:00-04:00,46.66999816894531,47.0,45.724998474121094,45.82500076293945,10341,0.0,0.0
2024-07-02 12:30:00-04:00,45.97999954223633,48.43000030517578,45.400001525878906,45.400001525878906,20541,0.0,0.0
2024-07-02 13:30:00-04:00,46.05500030517578,46.85060119628906,46.05500030517578,46.05500030517578,1158,0.0,0.0
2024-07-02 14:30:00-04:00,46.79999923706055,46.9275016784668,46.05500030517578,46.20000076293945,2891,0.0,0.0
2024-07-02 15:30:00-04:00,45.79999923706055,46.20000076293945,45.400001525878906,45.81999969482422,2049,0.0,0.0
2024-07-03 09:30:00-04:00,45.65999984741211,47.19990158081055,45.47800064086914,47.0989990234375,3815,0.0,0.0
2024-07-03 10:30:00-04:00,46.37080001831055,47.19990158081055,46.11000061035156,46.11000061035156,3107,0.0,0.0
2024-07-03 12:30:00-04:00,47.0,47.0,46.560001373291016,46.560001373291016,788,0.0,0.0
2024-07-05 09:30:00-04:00,45.709999084472656,46.099998474121094,44.380001068115234,45.814998626708984,0,0.0,0.0
2024-07-05 10:30:00-04:00,46.57500076293945,46.57500076293945,46.57500076293945,46.57500076293945,127,0.0,0.0
2024-07-05 11:30:00-04:00,46.64500045776367,46.64500045776367,46.64500045776367,46.64500045776367,316,0.0,0.0
2024-07-05 12:30:00-04:00,45.36000061035156,45.36000061035156,44.90999984741211,45.1349983215332,629,0.0,0.0
2024-07-05 13:30:00-04:00,44.981201171875,45.27000045776367,44.189998626708984,44.189998626708984,1564,0.0,0.0
2024-07-05 14:30:00-04:00,44.150001525878906,44.90999984741211,43.010101318359375,44.33000183105469,3083,0.0,0.0
2024-07-05 15:30:00-04:00,44.46500015258789,45.18000030517578,43.88999938964844,43.959999084472656,1387,0.0,0.0
2024-07-08 09:30:00-04:00,45.20000076293945,45.20000076293945,45.20000076293945,45.20000076293945,3018,0.0,0.0
2024-07-08 10:30:00-04:00,43.2400016784668,44.0,43.2400016784668,44.0,2357,0.0,0.0
2024-07-08 11:30:00-04:00,44.0,44.0,44.0,44.0,1345,0.0,0.0
2024-07-08 12:30:00-04:00,44.592201232910156,44.592201232910156,44.592201232910156,44.592201232910156,631,0.0,0.0
2024-07-08 13:30:00-04:00,43.95000076293945,43.95000076293945,43.95000076293945,43.95000076293945,431,0.0,0.0
2024-07-08 14:30:00-04:00,43.29999923706055,43.72990036010742,42.367000579833984,43.150001525878906,25545,0.0,0.0
2024-07-08 15:30:00-04:00,43.20000076293945,43.369998931884766,43.08000183105469,43.119998931884766,1395,0.0,0.0
2024-07-09 09:30:00-04:00,44.11000061035156,44.45500183105469,43.0099983215332,43.63999938964844,28860,0.0,0.0
2024-07-09 10:30:00-04:00,43.59000015258789,43.59000015258789,43.0099983215332,43.0099983215332,2180,0.0,0.0
2024-07-09 11:30:00-04:00,43.40999984741211,43.40999984741211,43.40999984741211,43.40999984741211,799,0.0,0.0
2024-07-09 12:30:00-04:00,43.400001525878906,43.400001525878906,43.400001525878906,43.400001525878906,406,0.0,0.0
2024-07-09 13:30:00-04:00,43.900001525878906,43.900001525878906,43.900001525878906,43.900001525878906,189,0.0,0.0
2024-07-09 14:30:00-04:00,43.630001068115234,43.86000061035156,43.630001068115234,43.86000061035156,2275,0.0,0.0
2024-07-09 15:30:00-04:00,44.08000183105469,44.08000183105469,44.08000183105469,44.08000183105469,1386,0.0,0.0
2024-07-10 09:30:00-04:00,41.54999923706055,43.869998931884766,41.54999923706055,43.869998931884766,0,0.0,0.0
2024-07-10 10:30:00-04:00,42.959999084472656,43.0,42.83000183105469,42.83000183105469,4664,0.0,0.0
2024-07-10 11:30:00-04:00,42.81999969482422,42.81999969482422,42.56399917602539,42.58000183105469,1623,0.0,0.0
2024-07-10 12:30:00-04:00,42.70000076293945,43.619998931884766,42.70000076293945,43.619998931884766,3935,0.0,0.0
2024-07-10 13:30:00-04:00,44.02000045776367,44.25,44.02000045776367,44.25,2027,0.0,0.0
2024-07-10 14:30:00-04:00,43.268798828125,44.56999969482422,43.12110137939453,44.56999969482422,1818,0.0,0.0
2024-07-10 15:30:00-04:00,43.7599983215332,44.02000045776367,42.790000915527344,43.31999969482422,2172,0.0,0.0
2024-07-11 09:30:00-04:00,43.2599983215332,44.22999954223633,42.45500183105469,43.959999084472656,0,0.0,0.0
2024-07-11 10:30:00-04:00,43.96500015258789,43.96500015258789,43.96500015258789,43.96500015258789,869,0.0,0.0
2024-07-11 12:30:00-04:00,43.55500030517578,43.55500030517578,43.55500030517578,43.55500030517578,705,0.0,0.0
2024-07-11 13:30:00-04:00,43.290000915527344,43.4900016784668,43.099998474121094,43.4900016784668,5419,0.0,0.0
2024-07-11 15:30:00-04:00,43.34000015258789,43.34000015258789,42.8744010925293,42.8744010925293,1303,0.0,0.0
2024-07-12 09:30:00-04:00,43.900001525878906,44.90480041503906,43.52000045776367,44.099998474121094,24581,0.0,0.0
2024-07-12 11:30:00-04:00,44.2599983215332,45.0,44.2599983215332,45.0,3392,0.0,0.0
2024-07-12 12:30:00-04:00,45.3650016784668,45.790000915527344,45.0099983215332,45.0099983215332,1611,0.0,0.0
2024-07-12 13:30:00-04:00,45.07500076293945,45.994998931884766,45.07500076293945,45.40999984741211,1364,0.0,0.0
2024-07-12 14:30:00-04:00,45.7400016784668,45.7400016784668,45.7400016784668,45.7400016784668,505,0.0,0.0
2024-07-12 15:30:00-04:00,45.209999084472656,45.40999984741211,45.209999084472656,45.40999984741211,1331,0.0,0.0
2024-07-15 09:30:00-04:00,46.66999816894531,48.47999954223633,46.650001525878906,48.45000076293945,0,0.0,0.0
2024-07-15 10:30:00-04:00,48.792999267578125,49.59000015258789,48.415000915527344,49.29999923706055,8968,0.0,0.0
2024-07-15 11:30:00-04:00,49.400001525878906,52.79990005493164,49.400001525878906,51.669700622558594,23650,0.0,0.0
2024-07-15 12:30:00-04:00,51.5,51.5099983215332,49.02009963989258,49.6349983215332,9817,0.0,0.0
2024-07-15 13:30:00-04:00,49.75,50.95000076293945,48.40999984741211,50.95000076293945,6418,0.0,0.0
2024-07-15 14:30:00-04:00,50.625,51.93000030517578,50.584999084472656,51.93000030517578,7296,0.0,0.0
2024-07-15 15:30:00-04:00,51.91999816894531,52.060001373291016,50.983299255371094,51.86000061035156,9171,0.0,0.0
2024-07-16 09:30:00-04:00,52.0,52.0,50.0099983215332,50.91999816894531,3198,0.0,0.0
2024-07-16 11:30:00-04:00,51.29990005493164,51.29990005493164,51.29990005493164,51.29990005493164,199,0.0,0.0
2024-07-16 12:30:00-04:00,50.349998474121094,52.060001373291016,50.349998474121094,52.060001373291016,3997,0.0,0.0
2024-07-16 13:30:00-04:00,52.47999954223633,52.4900016784668,51.66999816894531,52.16999816894531,2564,0.0,0.0
2024-07-16 15:30:00-04:00,51.470001220703125,52.04999923706055,51.43000030517578,52.04999923706055,2495,0.0,0.0
2024-07-17 09:30:00-04:00,51.099998474121094,52.102298736572266,49.94499969482422,51.180198669433594,36302,0.0,0.0
2024-07-17 10:30:00-04:00,50.20009994506836,52.099998474121094,50.20009994506836,51.17499923706055,435,0.0,0.0
2024-07-17 11:30:00-04:00,51.0,51.0,51.0,51.0,339,0.0,0.0
2024-07-17 12:30:00-04:00,50.779998779296875,50.779998779296875,49.069400787353516,49.069400787353516,3021,0.0,0.0
2024-07-17 14:30:00-04:00,49.03860092163086,49.03860092163086,49.03860092163086,49.03860092163086,880,0.0,0.0
2024-07-17 15:30:00-04:00,50.06999969482422,50.400001525878906,49.9900016784668,50.400001525878906,2458,0.0,0.0
2024-07-18 09:30:00-04:00,52.25,52.25,50.349998474121094,51.25,0,0.0,0.0
2024-07-18 12:30:00-04:00,49.79999923706055,51.400001525878906,49.79999923706055,51.400001525878906,518,0.0,0.0
2024-07-18 13:30:00-04:00,50.349998474121094,50.880001068115234,50.349998474121094,50.86000061035156,4516,0.0,0.0
2024-07-18 14:30:00-04:00,50.95000076293945,51.064998626708984,49.95000076293945,50.4900016784668,13973,0.0,0.0
2024-07-19 09:30:00-04:00,50.4900016784668,50.4900016784668,50.4900016784668,50.4900016784668,486,0.0,0.0
2024-07-19 10:30:00-04:00,49.38079833984375,50.75,49.3577995300293,50.36000061035156,18642,0.0,0.0
2024-07-19 11:30:00-04:00,50.005001068115234,50.005001068115234,50.005001068115234,50.005001068115234,524,0.0,0.0
2024-07-19 13:30:00-04:00,50.44369888305664,50.44369888305664,50.36000061035156,50.36000061035156,1377,0.0,0.0
2024-07-19 15:30:00-04:00,50.25,50.810001373291016,50.25,50.810001373291016,3154,0.0,0.0
2024-07-22 09:30:00-04:00,51.689998626708984,53.95000076293945,51.310001373291016,53.38999938964844,16094,0.0,0.0
2024-07-22 10:30:00-04:00,53.1349983215332,53.749900817871094,52.5099983215332,52.5099983215332,628,0.0,0.0
2024-07-22 11:30:00-04:00,52.97669982910156,53.369998931884766,52.97669982910156,52.9901008605957,3466,0.0,0.0
2024-07-22 12:30:00-04:00,53.34000015258789,53.34000015258789,53.279998779296875,53.279998779296875,230,0.0,0.0
2024-07-22 13:30:00-04:00,53.649898529052734,53.650001525878906,52.7400016784668,52.7400016784668,11452,0.0,0.0
2024-07-22 14:30:00-04:00,53.75,53.97999954223633,52.70000076293945,53.33000183105469,11856,0.0,0.0
2024-07-22 15:30:00-04:00,53.310001373291016,54.02000045776367,53.310001373291016,54.02000045776367,5369,0.0,0.0
2024-07-23 09:30:00-04:00,53.099998474121094,53.9900016784668,53.099998474121094,53.47480010986328,2582,0.0,0.0
2024-07-23 10:30:00-04:00,52.64670181274414,53.345001220703125,52.64670181274414,53.09000015258789,927,0.0,0.0
2024-07-23 11:30:00-04:00,52.875,53.65399932861328,52.349998474121094,52.35499954223633,31944,0.0,0.0
2024-07-23 12:30:00-04:00,52.380001068115234,53.380001068115234,51.33000183105469,51.33000183105469,14237,0.0,0.0
2024-07-23 13:30:00-04:00,51.0,51.0,51.0,51.0,2634,0.0,0.0
2024-07-23 14:30:00-04:00,52.15999984741211,52.15999984741211,51.90999984741211,51.90999984741211,2919,0.0,0.0
2024-07-23 15:30:00-04:00,52.0099983215332,52.18000030517578,52.0099983215332,52.18000030517578,919,0.0,0.0
2024-07-24 09:30:00-04:00,52.349998474121094,54.0,52.138999938964844,52.25,3638,0.0,0.0
2024-07-24 10:30:00-04:00,52.68299865722656,52.70000076293945,52.529998779296875,52.529998779296875,1003,0.0,0.0
2024-07-24 11:30:00-04:00,51.97999954223633,53.95000076293945,51.875,53.5,18777,0.0,0.0
2024-07-24 12:30:00-04:00,53.21200180053711,53.21200180053711,53.21200180053711,53.21200180053711,2220,0.0,0.0
2024-07-24 15:30:00-04:00,53.220001220703125,53.220001220703125,53.220001220703125,53.220001220703125,203,0.0,0.0
2024-07-25 09:30:00-04:00,52.58000183105469,53.2400016784668,51.81999969482422,51.81999969482422,2259,0.0,0.0
2024-07-25 11:30:00-04:00,52.91999816894531,52.974998474121094,52.91999816894531,52.974998474121094,862,0.0,0.0
2024-07-25 12:30:00-04:00,53.415000915527344,53.599998474121094,53.415000915527344,53.599998474121094,1442,0.0,0.0
2024-07-25 13:30:00-04:00,53.97999954223633,54.0,53.97999954223633,54.0,1713,0.0,0.0
2024-07-25 14:30:00-04:00,53.599998474121094,53.625,53.599998474121094,53.625,1931,0.0,0.0
2024-07-25 15:30:00-04:00,54.25,54.25,54.25,54.25,457,0.0,0.0
2024-07-26 09:30:00-04:00,54.5,54.709999084472656,53.47999954223633,54.25,3010,0.0,0.0
2024-07-26 11:30:00-04:00,53.279998779296875,53.279998779296875,53.279998779296875,53.279998779296875,103,0.0,0.0
2024-07-26 12:30:00-04:00,54.4900016784668,54.4900016784668,53.5,53.5,1191,0.0,0.0
2024-07-26 13:30:00-04:00,53.9900016784668,54.209999084472656,53.012001037597656,53.91999816894531,13189,0.0,0.0
2024-07-26 14:30:00-04:00,53.84000015258789,53.84000015258789,53.84000015258789,53.84000015258789,291,0.0,0.0
2024-07-29 09:30:00-04:00,53.29999923706055,53.29999923706055,52.650001525878906,52.650001525878906,2398,0.0,0.0
2024-07-29 10:30:00-04:00,52.0099983215332,53.13999938964844,52.0099983215332,53.13999938964844,2971,0.0,0.0
2024-07-29 13:30:00-04:00,53.45000076293945,53.45000076293945,53.45000076293945,53.45000076293945,829,0.0,0.0
2024-07-29 14:30:00-04:00,53.75,54.150001525878906,53.75,54.13999938964844,1739,0.0,0.0
2024-07-29 15:30:00-04:00,53.68000030517578,53.68000030517578,53.68000030517578,53.68000030517578,1439,0.0,0.0
2024-07-30 09:30:00-04:00,53.97999954223633,53.97999954223633,53.150001525878906,53.380001068115234,1485,0.0,0.0
2024-07-30 11:30:00-04:00,53.77000045776367,53.77000045776367,53.77000045776367,53.77000045776367,244,0.0,0.0
2024-07-30 12:30:00-04:00,53.875999450683594,53.875999450683594,53.875999450683594,53.875999450683594,719,0.0,0.0
2024-07-30 14:30:00-04:00,53.899898529052734,54.50320053100586,53.599998474121094,53.999900817871094,22704,0.0,0.0
2024-07-31 13:30:00-04:00,54.720001220703125,54.720001220703125,54.599998474121094,54.599998474121094,1679,0.0,0.0
2024-07-31 14:30:00-04:00,54.5,55.56999969482422,54.04999923706055,54.04999923706055,8680,0.0,0.0
2024-08-01 09:30:00-04:00,54.875,54.875,54.875,54.875,1272,0.0,0.0
2024-08-01 10:30:00-04:00,55.2400016784668,55.2400016784668,54.0,54.79779815673828,9597,0.0,0.0
2024-08-01 11:30:00-04:00,54.599998474121094,54.70000076293945,54.599998474121094,54.70000076293945,3223,0.0,0.0
2024-08-01 12:30:00-04:00,53.77000045776367,53.77000045776367,53.77000045776367,53.77000045776367,777,0.0,0.0
2024-08-01 13:30:00-04:00,54.68000030517578,54.68000030517578,53.83000183105469,53.83000183105469,804,0.0,0.0
2024-08-01 14:30:00-04:00,54.55500030517578,54.55500030517578,53.34000015258789,54.060001373291016,7620,0.0,0.0
2024-08-01 15:30:00-04:00,53.79999923706055,54.45000076293945,53.79999923706055,54.29999923706055,3289,0.0,0.0
2024-08-02 09:30:00-04:00,53.96500015258789,53.970001220703125,50.720001220703125,52.400001525878906,11619,0.0,0.0
2024-08-02 10:30:00-04:00,51.58000183105469,51.59000015258789,49.619998931884766,50.150001525878906,18329,0.0,0.0
2024-08-02 11:30:00-04:00,50.34000015258789,51.20000076293945,49.34410095214844,50.38999938964844,12706,0.0,0.0
2024-08-02 12:30:00-04:00,50.25,50.59600067138672,50.150001525878906,50.4900016784668,11372,0.0,0.0
2024-08-02 13:30:00-04:00,50.400001525878906,50.42499923706055,49.02009963989258,50.382198333740234,5666,0.0,0.0
2024-08-02 14:30:00-04:00,49.61000061035156,50.470001220703125,49.61000061035156,50.470001220703125,2674,0.0,0.0
2024-08-02 15:30:00-04:00,50.099998474121094,51.529998779296875,50.099998474121094,51.220001220703125,5079,0.0,0.0
2024-08-05 09:30:00-04:00,50.310001373291016,50.400001525878906,47.310001373291016,47.310001373291016,0,0.0,0.0
2024-08-05 10:30:00-04:00,47.29999923706055,49.880001068115234,46.16999816894531,48.91999816894531,18799,0.0,0.0
2024-08-05 11:30:00-04:00,49.5,49.900001525878906,49.400001525878906,49.900001525878906,18575,0.0,0.0
2024-08-05 13:30:00-04:00,50.08000183105469,50.400001525878906,49.320098876953125,50.04999923706055,6861,0.0,0.0
2024-08-05 14:30:00-04:00,50.35499954223633,50.35499954223633,50.35499954223633,50.35499954223633,202,0.0,0.0
2024-08-05 15:30:00-04:00,50.40999984741211,50.40999984741211,50.29999923706055,50.29999923706055,1158,0.0,0.0
2024-08-06 09:30:00-04:00,50.290000915527344,52.0,50.290000915527344,51.0,9079,0.0,0.0
2024-08-06 10:30:00-04:00,51.04999923706055,51.150001525878906,50.30500030517578,50.349998474121094,10421,0.0,0.0
2024-08-06 11:30:00-04:00,50.5,50.849998474121094,50.400001525878906,50.400001525878906,5158,0.0,0.0
2024-08-06 12:30:00-04:00,50.29999923706055,50.97999954223633,48.480098724365234,50.689998626708984,12535,0.0,0.0
2024-08-06 13:30:00-04:00,50.75,51.0364990234375,50.400001525878906,51.0364990234375,7847,0.0,0.0
2024-08-06 14:30:00-04:00,50.150001525878906,50.150001525878906,50.150001525878906,50.150001525878906,2005,0.0,0.0
2024-08-06 15:30:00-04:00,49.75,49.75,49.474998474121094,49.474998474121094,891,0.0,0.0
2024-08-07 09:30:00-04:00,49.939998626708984,49.9900016784668,49.630001068115234,49.630001068115234,6206,0.0,0.0
2024-08-07 10:30:00-04:00,49.7869987487793,49.7869987487793,49.709999084472656,49.709999084472656,903,0.0,0.0
2024-08-07 11:30:00-04:00,47.83140182495117,48.630001068115234,47.63999938964844,48.5,22151,0.0,0.0
2024-08-07 12:30:00-04:00,47.7400016784668,47.88999938964844,47.7400016784668,47.880001068115234,17204,0.0,0.0
2024-08-07 13:30:00-04:00,47.9900016784668,48.34000015258789,46.5,46.52000045776367,42668,0.0,0.0
2024-08-07 14:30:00-04:00,46.189998626708984,46.189998626708984,46.189998626708984,46.189998626708984,1608,0.0,0.0
2024-08-07 15:30:00-04:00,45.91400146484375,45.91400146484375,45.91400146484375,45.91400146484375,1381,0.0,0.0
2024-08-08 09:30:00-04:00,48.11000061035156,48.11000061035156,46.224998474121094,46.224998474121094,1074,0.0,0.0
2024-08-08 10:30:00-04:00,47.59299850463867,47.59299850463867,47.59299850463867,47.59299850463867,359,0.0,0.0
2024-08-08 11:30:00-04:00,47.029998779296875,47.029998779296875,47.029998779296875,47.029998779296875,592,0.0,0.0
2024-08-08 12:30:00-04:00,46.3650016784668,47.93000030517578,46.3650016784668,47.93000030517578,9321,0.0,0.0
2024-08-08 13:30:00-04:00,46.904998779296875,47.845001220703125,46.834999084472656,47.33000183105469,18223,0.0,0.0
2024-08-08 14:30:00-04:00,47.749900817871094,47.749900817871094,47.749900817871094,47.749900817871094,1188,0.0,0.0
2024-08-08 15:30:00-04:00,46.709999084472656,46.709999084472656,46.54999923706055,46.54999923706055,1270,0.0,0.0
2024-08-09 09:30:00-04:00,46.63999938964844,46.63999938964844,46.187599182128906,46.187599182128906,2007,0.0,0.0
2024-08-09 10:30:00-04:00,46.0,47.18989944458008,46.0,47.18989944458008,1211,0.0,0.0
2024-08-09 11:30:00-04:00,46.834999084472656,46.834999084472656,46.834999084472656,46.834999084472656,726,0.0,0.0
2024-08-09 12:30:00-04:00,46.15999984741211,46.65999984741211,46.130001068115234,46.13999938964844,1852,0.0,0.0
2024-08-09 13:30:00-04:00,46.29999923706055,46.625,46.29999923706055,46.625,963,0.0,0.0
2024-08-09 14:30:00-04:00,46.970001220703125,46.970001220703125,46.11000061035156,46.11000061035156,2171,0.0,0.0
2024-08-09 15:30:00-04:00,46.11000061035156,46.31999969482422,45.709999084472656,45.709999084472656,3655,0.0,0.0
2024-08-12 09:30:00-04:00,45.41999816894531,45.41999816894531,45.04999923706055,45.060001373291016,2900,0.0,0.0
2024-08-12 10:30:00-04:00,44.540000915527344,46.95000076293945,44.540000915527344,46.95000076293945,4591,0.0,0.0
2024-08-12 11:30:00-04:00,45.900001525878906,45.90999984741211,45.900001525878906,45.90999984741211,1118,0.0,0.0
2024-08-12 12:30:00-04:00,46.0,46.0,44.91999816894531,45.689998626708984,2091,0.0,0.0
2024-08-12 13:30:00-04:00,45.7400016784668,45.75,45.7400016784668,45.75,1306,0.0,0.0
2024-08-12 14:30:00-04:00,46.189998626708984,46.689998626708984,46.099998474121094,46.099998474121094,3080,0.0,0.0
2024-08-12 15:30:00-04:00,45.88999938964844,46.54999923706055,45.83000183105469,45.83000183105469,3709,0.0,0.0
2024-08-13 09:30:00-04:00,45.959999084472656,47.25,45.959999084472656,46.560001373291016,2855,0.0,0.0
2024-08-13 10:30:00-04:00,46.59000015258789,47.18000030517578,46.58000183105469,47.18000030517578,1506,0.0,0.0
2024-08-13 11:30:00-04:00,47.20000076293945,48.400001525878906,47.20000076293945,48.400001525878906,4100,0.0,0.0
2024-08-13 12:30:00-04:00,48.334999084472656,48.334999084472656,47.90999984741211,47.90999984741211,1446,0.0,0.0
2024-08-13 14:30:00-04:00,47.38999938964844,48.0,47.38999938964844,47.96500015258789,4662,0.0,0.0
2024-08-14 10:30:00-04:00,46.939998626708984,46.939998626708984,46.79999923706055,46.79999923706055,1527,0.0,0.0
2024-08-14 11:30:00-04:00,46.56999969482422,48.060001373291016,46.56999969482422,47.290000915527344,1604,0.0,0.0
2024-08-14 12:30:00-04:00,46.79999923706055,46.79999923706055,46.470001220703125,46.470001220703125,882,0.0,0.0
2024-08-14 13:30:00-04:00,47.05590057373047,47.20000076293945,47.05590057373047,47.20000076293945,1595,0.0,0.0
2024-08-14 15:30:00-04:00,46.880001068115234,46.880001068115234,46.880001068115234,46.880001068115234,102,0.0,0.0
2024-08-15 09:30:00-04:00,46.75,47.20000076293945,46.75,47.20000076293945,1023,0.0,0.0
2024-08-15 11:30:00-04:00,47.04999923706055,48.290000915527344,46.61000061035156,47.400001525878906,2333,0.0,0.0
2024-08-15 12:30:00-04:00,47.599998474121094,47.599998474121094,47.04999923706055,47.2400016784668,5310,0.0,0.0
2024-08-16 09:30:00-04:00,46.97999954223633,47.88090133666992,46.97999954223633,47.399898529052734,13669,0.0,0.0
2024-08-16 10:30:00-04:00,46.980098724365234,47.029998779296875,46.099998474121094,46.099998474121094,6790,0.0,0.0
2024-08-16 11:30:00-04:00,47.29999923706055,47.29999923706055,47.29999923706055,47.29999923706055,1217,0.0,0.0
2024-08-16 14:30:00-04:00,46.91999816894531,47.25,46.91999816894531,47.25,6086,0.0,0.0
2024-08-16 15:30:00-04:00,48.25,48.88999938964844,48.25,48.2599983215332,2172,0.0,0.0
2024-08-19 09:30:00-04:00,48.59000015258789,48.59000015258789,48.59000015258789,48.59000015258789,0,0.0,0.0
2024-08-19 10:30:00-04:00,48.19499969482422,49.989898681640625,48.19499969482422,49.989898681640625,1197,0.0,0.0
2024-08-19 11:30:00-04:00,48.83000183105469,49.31999969482422,48.81999969482422,48.81999969482422,1353,0.0,0.0
2024-08-19 12:30:00-04:00,49.029998779296875,49.86000061035156,49.029998779296875,49.689998626708984,3817,0.0,0.0
2024-08-19 14:30:00-04:00,49.91999816894531,49.91999816894531,49.85240173339844,49.85240173339844,1532,0.0,0.0
2024-08-19 15:30:00-04:00,49.599998474121094,49.94499969482422,49.599998474121094,49.94499969482422,907,0.0,0.0
2024-08-20 10:30:00-04:00,50.689998626708984,51.058101654052734,50.02000045776367,50.02000045776367,9773,0.0,0.0
2024-08-20 11:30:00-04:00,49.83000183105469,49.83000183105469,49.83000183105469,49.83000183105469,218,0.0,0.0
2024-08-20 12:30:00-04:00,50.124298095703125,50.124298095703125,50.124298095703125,50.124298095703125,340,0.0,0.0
2024-08-20 13:30:00-04:00,49.91999816894531,49.91999816894531,49.91999816894531,49.91999816894531,678,0.0,0.0
2024-08-20 14:30:00-04:00,50.399898529052734,50.399898529052734,50.399898529052734,50.399898529052734,1012,0.0,0.0
2024-08-21 09:30:00-04:00,50.959999084472656,50.959999084472656,50.959999084472656,50.959999084472656,0,0.0,0.0
2024-08-21 10:30:00-04:00,50.90999984741211,50.970001220703125,50.90999984741211,50.96500015258789,2137,0.0,0.0
2024-08-21 11:30:00-04:00,51.4900016784668,51.599998474121094,50.58000183105469,50.58000183105469,3503,0.0,0.0
2024-08-21 12:30:00-04:00,51.119998931884766,52.0,51.119998931884766,52.0,3191,0.0,0.0
2024-08-21 13:30:00-04:00,51.54999923706055,51.95000076293945,51.54999923706055,51.86000061035156,2224,0.0,0.0
2024-08-21 14:30:00-04:00,52.0,52.0,52.0,52.0,555,0.0,0.0
2024-08-21 15:30:00-04:00,52.349998474121094,52.349998474121094,52.349998474121094,52.349998474121094,439,0.0,0.0
2024-08-22 09:30:00-04:00,54.41999816894531,54.41999816894531,52.91999816894531,52.91999816894531,5036,0.0,0.0
2024-08-22 10:30:00-04:00,52.81999969482422,52.81999969482422,52.7400016784668,52.7400016784668,1649,0.0,0.0
2024-08-22 11:30:00-04:00,52.849998474121094,52.849998474121094,52.34000015258789,52.34000015258789,1463,0.0,0.0
2024-08-22 13:30:00-04:00,51.91999816894531,51.91999816894531,51.91999816894531,51.91999816894531,633,0.0,0.0
2024-08-22 14:30:00-04:00,51.849998474121094,52.41999816894531,51.849998474121094,52.41999816894531,4880,0.0,0.0
2024-08-22 15:30:00-04:00,52.5099983215332,52.5099983215332,52.4900016784668,52.4900016784668,1720,0.0,0.0
2024-08-23 09:30:00-04:00,52.709999084472656,53.13999938964844,52.40999984741211,53.13999938964844,0,0.0,0.0
2024-08-23 10:30:00-04:00,52.400001525878906,52.400001525878906,52.08000183105469,52.08000183105469,772,0.0,0.0
2024-08-23 11:30:00-04:00,52.349998474121094,52.349998474121094,51.900001525878906,51.91999816894531,3321,0.0,0.0
2024-08-23 13:30:00-04:00,52.970001220703125,52.970001220703125,52.970001220703125,52.970001220703125,1388,0.0,0.0
2024-08-23 15:30:00-04:00,52.380001068115234,52.380001068115234,52.380001068115234,52.380001068115234,414,0.0,0.0
2024-08-26 09:30:00-04:00,52.599998474121094,52.599998474121094,52.349998474121094,52.349998474121094,0,0.0,0.0
2024-08-26 10:30:00-04:00,51.86000061035156,52.790000915527344,51.70109939575195,52.28990173339844,28341,0.0,0.0
2024-08-26 11:30:00-04:00,52.67499923706055,52.67499923706055,52.67499923706055,52.67499923706055,756,0.0,0.0
2024-08-26 12:30:00-04:00,53.06999969482422,53.099998474121094,52.79999923706055,52.810001373291016,3375,0.0,0.0
2024-08-26 13:30:00-04:00,52.939998626708984,53.13959884643555,52.939998626708984,53.13959884643555,1410,0.0,0.0
2024-08-26 14:30:00-04:00,53.099998474121094,53.470001220703125,53.099998474121094,53.2599983215332,4039,0.0,0.0
2024-08-26 15:30:00-04:00,53.40999984741211,53.40999984741211,53.279998779296875,53.279998779296875,1247,0.0,0.0
2024-08-27 09:30:00-04:00,53.5,53.86000061035156,53.084999084472656,53.084999084472656,0,0.0,0.0
2024-08-27 11:30:00-04:00,52.44710159301758,54.15010070800781,52.26499938964844,53.61000061035156,23945,0.0,0.0
2024-08-27 13:30:00-04:00,53.65999984741211,53.65999984741211,53.600101470947266,53.600101470947266,1778,0.0,0.0
2024-08-27 14:30:00-04:00,53.599998474121094,54.20000076293945,53.599998474121094,54.20000076293945,2445,0.0,0.0
2024-08-27 15:30:00-04:00,54.70000076293945,54.709999084472656,53.61000061035156,54.439998626708984,5218,0.0,0.0
2024-08-28 09:30:00-04:00,53.93000030517578,54.0,53.70000076293945,53.70000076293945,2611,0.0,0.0
2024-08-28 10:30:00-04:00,54.32350158691406,54.32350158691406,54.32350158691406,54.32350158691406,399,0.0,0.0
2024-08-28 11:30:00-04:00,54.44990158081055,54.44990158081055,52.959999084472656,52.959999084472656,492,0.0,0.0
2024-08-28 12:30:00-04:00,53.2760009765625,53.2760009765625,53.2760009765625,53.2760009765625,1109,0.0,0.0
2024-08-28 13:30:00-04:00,53.849998474121094,54.18000030517578,53.849998474121094,54.04999923706055,4713,0.0,0.0
2024-08-28 14:30:00-04:00,54.060001373291016,54.45000076293945,53.529998779296875,53.560001373291016,4211,0.0,0.0
2024-08-28 15:30:00-04:00,54.04999923706055,55.04999923706055,54.04999923706055,55.04999923706055,7514,0.0,0.0
2024-08-29 09:30:00-04:00,54.599998474121094,54.599998474121094,51.8400993347168,51.8400993347168,2082,0.0,0.0
2024-08-29 14:30:00-04:00,53.599998474121094,53.599998474121094,53.400001525878906,53.400001525878906,2360,0.0,0.0
2024-08-29 15:30:00-04:00,52.97999954223633,53.900001525878906,52.97999954223633,53.900001525878906,3894,0.0,0.0
2024-08-30 09:30:00-04:00,54.59000015258789,54.59000015258789,53.875,53.875,3715,0.0,0.0
2024-08-30 10:30:00-04:00,53.52000045776367,53.52000045776367,53.18000030517578,53.18000030517578,1823,0.0,0.0
2024-08-30 11:30:00-04:00,53.63999938964844,53.63999938964844,53.63999938964844,53.63999938964844,1273,0.0,0.0
2024-08-30 14:30:00-04:00,53.33000183105469,53.720001220703125,53.33000183105469,53.720001220703125,452,0.0,0.0
2024-08-30 15:30:00-04:00,53.595001220703125,53.689998626708984,53.54999923706055,53.54999923706055,2536,0.0,0.0
