Datetime,Open,High,Low,Close,Volume,Dividends,Stock Splits
2024-08-28 09:30:00-04:00,0.5899999737739563,0.5899999737739563,0.5874999761581421,0.5874999761581421,674,0.0,0.0
2024-08-28 09:55:00-04:00,0.5759999752044678,0.5759999752044678,0.5759999752044678,0.5759999752044678,5331,0.0,0.0
2024-08-28 10:20:00-04:00,0.5630000233650208,0.5630000233650208,0.5609999895095825,0.5609999895095825,5201,0.0,0.0
2024-08-28 10:40:00-04:00,0.5684999823570251,0.5684999823570251,0.5684999823570251,0.5684999823570251,112,0.0,0.0
2024-08-28 10:50:00-04:00,0.5612000226974487,0.5759999752044678,0.5612000226974487,0.5759999752044678,2932,0.0,0.0
2024-08-28 11:10:00-04:00,0.5609999895095825,0.5609999895095825,0.5609999895095825,0.5609999895095825,2705,0.0,0.0
2024-08-28 11:15:00-04:00,0.5611000061035156,0.5673999786376953,0.550000011920929,0.550000011920929,8953,0.0,0.0
2024-08-28 11:25:00-04:00,0.5630000233650208,0.574999988079071,0.5630000233650208,0.574999988079071,456,0.0,0.0
2024-08-28 12:05:00-04:00,0.5559999942779541,0.5559999942779541,0.550000011920929,0.550000011920929,2267,0.0,0.0
2024-08-28 12:15:00-04:00,0.546500027179718,0.546500027179718,0.5414000153541565,0.5414000153541565,1336,0.0,0.0
2024-08-28 12:20:00-04:00,0.539900004863739,0.539900004863739,0.539900004863739,0.539900004863739,3719,0.0,0.0
2024-08-28 12:25:00-04:00,0.5396999716758728,0.5396999716758728,0.5396999716758728,0.5396999716758728,3994,0.0,0.0
2024-08-28 12:30:00-04:00,0.5396999716758728,0.5396999716758728,0.5396999716758728,0.5396999716758728,459,0.0,0.0
2024-08-28 12:35:00-04:00,0.5475000143051147,0.5475000143051147,0.5475000143051147,0.5475000143051147,600,0.0,0.0
2024-08-28 12:40:00-04:00,0.5497999787330627,0.5497999787330627,0.5475000143051147,0.5497999787330627,2437,0.0,0.0
2024-08-28 13:10:00-04:00,0.5498999953269958,0.5498999953269958,0.5498999953269958,0.5498999953269958,2003,0.0,0.0
2024-08-28 13:25:00-04:00,0.5479999780654907,0.5479999780654907,0.5479999780654907,0.5479999780654907,900,0.0,0.0
2024-08-28 13:30:00-04:00,0.5475999712944031,0.5475999712944031,0.5396999716758728,0.5396999716758728,22718,0.0,0.0
2024-08-28 13:50:00-04:00,0.5404000282287598,0.5404000282287598,0.5404000282287598,0.5404000282287598,12320,0.0,0.0
2024-08-28 13:55:00-04:00,0.5799000263214111,0.5799000263214111,0.5799000263214111,0.5799000263214111,0,0.0,0.0
2024-08-28 14:20:00-04:00,0.5598000288009644,0.5598000288009644,0.5598000288009644,0.5598000288009644,5001,0.0,0.0
2024-08-28 14:30:00-04:00,0.5479000210762024,0.5479000210762024,0.5479000210762024,0.5479000210762024,472,0.0,0.0
2024-08-28 15:45:00-04:00,0.5450999736785889,0.545199990272522,0.5450999736785889,0.5450999736785889,2245,0.0,0.0
2024-08-28 15:50:00-04:00,0.5623999834060669,0.5623999834060669,0.5623999834060669,0.5623999834060669,335,0.0,0.0
2024-08-28 15:55:00-04:00,0.550000011920929,0.550000011920929,0.5404999852180481,0.5404999852180481,1005,0.0,0.0
2024-08-29 09:35:00-04:00,0.5400000214576721,0.5400000214576721,0.5400000214576721,0.5400000214576721,1044,0.0,0.0
2024-08-29 10:05:00-04:00,0.550000011920929,0.5600000023841858,0.550000011920929,0.5600000023841858,2060,0.0,0.0
2024-08-29 10:10:00-04:00,0.5600000023841858,0.5600000023841858,0.5600000023841858,0.5600000023841858,2840,0.0,0.0
2024-08-29 10:15:00-04:00,0.5404999852180481,0.5404999852180481,0.5404999852180481,0.5404999852180481,96,0.0,0.0
2024-08-29 10:45:00-04:00,0.5401999950408936,0.5401999950408936,0.5401999950408936,0.5401999950408936,210,0.0,0.0
2024-08-29 11:45:00-04:00,0.5443999767303467,0.5443999767303467,0.5404999852180481,0.5404999852180481,4464,0.0,0.0
2024-08-29 11:50:00-04:00,0.5436999797821045,0.5436999797821045,0.5404999852180481,0.5404999852180481,4683,0.0,0.0
2024-08-29 12:55:00-04:00,0.5454000234603882,0.5454000234603882,0.5454000234603882,0.5454000234603882,2897,0.0,0.0
2024-08-29 13:05:00-04:00,0.5400000214576721,0.5400000214576721,0.5400000214576721,0.5400000214576721,1153,0.0,0.0
2024-08-29 13:25:00-04:00,0.5299999713897705,0.5299999713897705,0.5299999713897705,0.5299999713897705,2278,0.0,0.0
2024-08-29 15:05:00-04:00,0.5099999904632568,0.5099999904632568,0.5099999904632568,0.5099999904632568,1244,0.0,0.0
2024-08-29 15:15:00-04:00,0.5195000171661377,0.5195000171661377,0.5195000171661377,0.5195000171661377,377,0.0,0.0
2024-08-29 15:25:00-04:00,0.5185999870300293,0.5185999870300293,0.5185999870300293,0.5185999870300293,672,0.0,0.0
2024-08-29 15:35:00-04:00,0.5148000121116638,0.5148000121116638,0.5148000121116638,0.5148000121116638,346,0.0,0.0
2024-08-29 15:50:00-04:00,0.5099999904632568,0.5099999904632568,0.5099999904632568,0.5099999904632568,246,0.0,0.0
2024-08-30 10:45:00-04:00,0.5113000273704529,0.5113000273704529,0.5113000273704529,0.5113000273704529,1322,0.0,0.0
2024-08-30 11:20:00-04:00,0.5370000004768372,0.5370000004768372,0.5370000004768372,0.5370000004768372,450,0.0,0.0
2024-08-30 11:25:00-04:00,0.5494999885559082,0.5494999885559082,0.5494999885559082,0.5494999885559082,520,0.0,0.0
2024-08-30 11:30:00-04:00,0.5120000243186951,0.5120000243186951,0.5120000243186951,0.5120000243186951,100,0.0,0.0
2024-08-30 11:50:00-04:00,0.5490000247955322,0.5490000247955322,0.5490000247955322,0.5490000247955322,350,0.0,0.0
2024-08-30 11:55:00-04:00,0.5130000114440918,0.5307999849319458,0.5130000114440918,0.5307999849319458,647,0.0,0.0
2024-08-30 13:00:00-04:00,0.5113000273704529,0.5113000273704529,0.5113000273704529,0.5113000273704529,291,0.0,0.0
2024-08-30 13:15:00-04:00,0.5202000141143799,0.5202000141143799,0.5202000141143799,0.5202000141143799,489,0.0,0.0
2024-08-30 15:00:00-04:00,0.5300999879837036,0.5300999879837036,0.5300999879837036,0.5300999879837036,1613,0.0,0.0
2024-08-30 15:30:00-04:00,0.5299999713897705,0.5299999713897705,0.5200999975204468,0.5200999975204468,706,0.0,0.0
2024-08-30 15:45:00-04:00,0.5241000056266785,0.5347999930381775,0.5199999809265137,0.5199999809265137,660,0.0,0.0
2024-09-03 09:30:00-04:00,0.5299999713897705,0.5299999713897705,0.5299999713897705,0.5299999713897705,7365,0.0,0.0
2024-09-03 09:35:00-04:00,0.5351999998092651,0.5351999998092651,0.5351999998092651,0.5351999998092651,261,0.0,0.0
2024-09-03 09:50:00-04:00,0.5361999869346619,0.5361999869346619,0.5361999869346619,0.5361999869346619,1024,0.0,0.0
2024-09-03 10:00:00-04:00,0.536300003528595,0.536300003528595,0.536300003528595,0.536300003528595,5474,0.0,0.0
2024-09-03 10:35:00-04:00,0.536300003528595,0.536300003528595,0.5350000262260437,0.5350000262260437,5698,0.0,0.0
2024-09-03 11:20:00-04:00,0.5199999809265137,0.5199999809265137,0.5199999809265137,0.5199999809265137,1203,0.0,0.0
2024-09-03 11:25:00-04:00,0.5116999745368958,0.5116999745368958,0.5116999745368958,0.5116999745368958,2284,0.0,0.0
2024-09-03 11:45:00-04:00,0.5116999745368958,0.5116999745368958,0.5116999745368958,0.5116999745368958,1055,0.0,0.0
2024-09-03 13:55:00-04:00,0.5117999911308289,0.5117999911308289,0.5117999911308289,0.5117999911308289,376,0.0,0.0
2024-09-03 15:30:00-04:00,0.5120000243186951,0.5120000243186951,0.5120000243186951,0.5120000243186951,418,0.0,0.0
2024-09-04 09:35:00-04:00,0.5202000141143799,0.5202000141143799,0.5202000141143799,0.5202000141143799,5975,0.0,0.0
2024-09-04 09:40:00-04:00,0.5202000141143799,0.5202000141143799,0.5202000141143799,0.5202000141143799,2559,0.0,0.0
2024-09-04 09:50:00-04:00,0.5202000141143799,0.5202000141143799,0.5202000141143799,0.5202000141143799,6039,0.0,0.0
2024-09-04 11:55:00-04:00,0.5012000203132629,0.5012000203132629,0.5012000203132629,0.5012000203132629,360,0.0,0.0
2024-09-04 12:30:00-04:00,0.5199999809265137,0.5199999809265137,0.5199999809265137,0.5199999809265137,15001,0.0,0.0
2024-09-04 12:35:00-04:00,0.5012000203132629,0.5199999809265137,0.5012000203132629,0.5199999809265137,1211,0.0,0.0
2024-09-04 14:10:00-04:00,0.501800000667572,0.501800000667572,0.501800000667572,0.501800000667572,580,0.0,0.0
2024-09-04 14:20:00-04:00,0.5019000172615051,0.5019000172615051,0.5019000172615051,0.5019000172615051,610,0.0,0.0
2024-09-04 14:25:00-04:00,0.5019000172615051,0.5019000172615051,0.5019000172615051,0.5019000172615051,1145,0.0,0.0
2024-09-04 15:40:00-04:00,0.5005000233650208,0.5005000233650208,0.5005000233650208,0.5005000233650208,1348,0.0,0.0
2024-09-05 09:30:00-04:00,0.5152999758720398,0.5152999758720398,0.5005000233650208,0.5040000081062317,5908,0.0,0.0
2024-09-05 09:35:00-04:00,0.5040000081062317,0.5040000081062317,0.5040000081062317,0.5040000081062317,1898,0.0,0.0
2024-09-05 10:00:00-04:00,0.5067999958992004,0.5067999958992004,0.5067999958992004,0.5067999958992004,406,0.0,0.0
2024-09-05 10:40:00-04:00,0.5011000037193298,0.5011000037193298,0.5011000037193298,0.5011000037193298,1266,0.0,0.0
2024-09-05 10:45:00-04:00,0.5012000203132629,0.5012000203132629,0.5012000203132629,0.5012000203132629,71,0.0,0.0
2024-09-05 11:00:00-04:00,0.5267000198364258,0.5267000198364258,0.5267000198364258,0.5267000198364258,0,0.0,0.0
2024-09-05 11:20:00-04:00,0.5009999871253967,0.5009999871253967,0.5009999871253967,0.5009999871253967,4325,0.0,0.0
2024-09-05 11:45:00-04:00,0.5254999995231628,0.5260999798774719,0.5134999752044678,0.5260999798774719,2264,0.0,0.0
2024-09-05 14:15:00-04:00,0.5134000182151794,0.517300009727478,0.5134000182151794,0.517300009727478,1500,0.0,0.0
2024-09-05 14:20:00-04:00,0.5259000062942505,0.5259000062942505,0.5259000062942505,0.5259000062942505,2015,0.0,0.0
2024-09-05 14:30:00-04:00,0.5008999705314636,0.5008999705314636,0.5008999705314636,0.5008999705314636,2649,0.0,0.0
2024-09-05 15:05:00-04:00,0.5019999742507935,0.5019999742507935,0.5019999742507935,0.5019999742507935,215,0.0,0.0
2024-09-05 15:10:00-04:00,0.5019999742507935,0.5019999742507935,0.5019999742507935,0.5019999742507935,115,0.0,0.0
2024-09-05 15:15:00-04:00,0.5019999742507935,0.5019999742507935,0.5009999871253967,0.5009999871253967,4875,0.0,0.0
2024-09-05 15:25:00-04:00,0.504800021648407,0.5080000162124634,0.504800021648407,0.5080000162124634,1937,0.0,0.0
2024-09-05 15:30:00-04:00,0.508899986743927,0.508899986743927,0.5080000162124634,0.5080000162124634,3038,0.0,0.0
2024-09-06 09:30:00-04:00,0.5200999975204468,0.5200999975204468,0.5200999975204468,0.5200999975204468,1826,0.0,0.0
2024-09-06 09:45:00-04:00,0.5084999799728394,0.5379999876022339,0.5080000162124634,0.5379999876022339,1929,0.0,0.0
2024-09-06 09:50:00-04:00,0.5101000070571899,0.5101000070571899,0.5099999904632568,0.5101000070571899,2156,0.0,0.0
2024-09-06 10:00:00-04:00,0.5099999904632568,0.5245000123977661,0.5099999904632568,0.5245000123977661,1100,0.0,0.0
2024-09-06 10:05:00-04:00,0.5299999713897705,0.5299999713897705,0.5299999713897705,0.5299999713897705,848,0.0,0.0
2024-09-06 10:20:00-04:00,0.5105000138282776,0.5105000138282776,0.5105000138282776,0.5105000138282776,3275,0.0,0.0
2024-09-06 10:25:00-04:00,0.510200023651123,0.5199000239372253,0.510200023651123,0.5199000239372253,6316,0.0,0.0
2024-09-06 10:30:00-04:00,0.512499988079071,0.512499988079071,0.5051000118255615,0.5051000118255615,6002,0.0,0.0
2024-09-06 10:35:00-04:00,0.5199000239372253,0.5199000239372253,0.5199000239372253,0.5199000239372253,2987,0.0,0.0
2024-09-06 10:55:00-04:00,0.5195000171661377,0.5195000171661377,0.5049999952316284,0.5049999952316284,1703,0.0,0.0
2024-09-06 11:05:00-04:00,0.5097000002861023,0.5097000002861023,0.5097000002861023,0.5097000002861023,333,0.0,0.0
2024-09-06 11:15:00-04:00,0.5,0.5,0.5,0.5,797,0.0,0.0
2024-09-06 11:25:00-04:00,0.5001000165939331,0.5001000165939331,0.5001000165939331,0.5001000165939331,102,0.0,0.0
2024-09-06 11:35:00-04:00,0.5001000165939331,0.5001000165939331,0.5001000165939331,0.5001000165939331,202,0.0,0.0
2024-09-06 11:55:00-04:00,0.5120000243186951,0.5120000243186951,0.5120000243186951,0.5120000243186951,199,0.0,0.0
2024-09-06 12:00:00-04:00,0.5019999742507935,0.5019999742507935,0.5019999742507935,0.5019999742507935,260,0.0,0.0
2024-09-06 12:05:00-04:00,0.5019999742507935,0.5019999742507935,0.5019999742507935,0.5019999742507935,2562,0.0,0.0
2024-09-06 12:20:00-04:00,0.5019999742507935,0.5019999742507935,0.5019999742507935,0.5019999742507935,218,0.0,0.0
2024-09-06 13:00:00-04:00,0.5037999749183655,0.5037999749183655,0.5037999749183655,0.5037999749183655,2100,0.0,0.0
2024-09-06 13:30:00-04:00,0.5,0.5,0.5,0.5,163,0.0,0.0
2024-09-06 13:40:00-04:00,0.5,0.5,0.5,0.5,700,0.0,0.0
2024-09-06 13:45:00-04:00,0.5,0.5,0.5,0.5,600,0.0,0.0
2024-09-06 14:20:00-04:00,0.5095000267028809,0.5095000267028809,0.5095000267028809,0.5095000267028809,718,0.0,0.0
2024-09-06 15:25:00-04:00,0.5001999735832214,0.5001999735832214,0.49000000953674316,0.49000000953674316,9746,0.0,0.0
2024-09-06 15:35:00-04:00,0.4900999963283539,0.5188000202178955,0.4900999963283539,0.5188000202178955,2361,0.0,0.0
2024-09-06 15:40:00-04:00,0.4900999963283539,0.4900999963283539,0.4900999963283539,0.4900999963283539,0,0.0,0.0
2024-09-06 15:45:00-04:00,0.4900999963283539,0.5044999718666077,0.4900999963283539,0.5044999718666077,591,0.0,0.0
2024-09-09 09:30:00-04:00,0.49000000953674316,0.49000000953674316,0.49000000953674316,0.49000000953674316,6748,0.0,0.0
2024-09-09 09:35:00-04:00,0.4900999963283539,0.4900999963283539,0.4900999963283539,0.4900999963283539,498,0.0,0.0
2024-09-09 09:40:00-04:00,0.4999000132083893,0.4999000132083893,0.4900999963283539,0.49889999628067017,4700,0.0,0.0
2024-09-09 09:45:00-04:00,0.4984000027179718,0.5,0.4975000023841858,0.5,7929,0.0,0.0
2024-09-09 09:50:00-04:00,0.5029000043869019,0.5149999856948853,0.5029000043869019,0.5149999856948853,6360,0.0,0.0
2024-09-09 10:50:00-04:00,0.4909999966621399,0.4909999966621399,0.4909999966621399,0.4909999966621399,418,0.0,0.0
2024-09-09 11:00:00-04:00,0.5019000172615051,0.5019000172615051,0.5019000172615051,0.5019000172615051,901,0.0,0.0
2024-09-09 11:10:00-04:00,0.5099999904632568,0.5149999856948853,0.49959999322891235,0.5149999856948853,12668,0.0,0.0
2024-09-09 11:45:00-04:00,0.4909000098705292,0.4909999966621399,0.4909000098705292,0.4909000098705292,4156,0.0,0.0
2024-09-09 12:15:00-04:00,0.492900013923645,0.492900013923645,0.492900013923645,0.492900013923645,2670,0.0,0.0
2024-09-09 12:20:00-04:00,0.492900013923645,0.492900013923645,0.492900013923645,0.492900013923645,0,0.0,0.0
2024-09-09 12:25:00-04:00,0.492900013923645,0.492900013923645,0.492900013923645,0.492900013923645,701,0.0,0.0
2024-09-09 12:30:00-04:00,0.5138999819755554,0.5138999819755554,0.5138999819755554,0.5138999819755554,2615,0.0,0.0
2024-09-09 14:25:00-04:00,0.49300000071525574,0.49300000071525574,0.4909999966621399,0.4909999966621399,2007,0.0,0.0
2024-09-09 14:35:00-04:00,0.49549999833106995,0.49549999833106995,0.49549999833106995,0.49549999833106995,4186,0.0,0.0
2024-09-09 14:40:00-04:00,0.49540001153945923,0.49540001153945923,0.49540001153945923,0.49540001153945923,598,0.0,0.0
2024-09-09 14:45:00-04:00,0.5,0.5,0.49540001153945923,0.5,598,0.0,0.0
2024-09-09 15:05:00-04:00,0.47999998927116394,0.47999998927116394,0.47999998927116394,0.47999998927116394,158,0.0,0.0
2024-09-09 15:10:00-04:00,0.4828000068664551,0.4828000068664551,0.4828000068664551,0.4828000068664551,542,0.0,0.0
2024-09-09 15:30:00-04:00,0.4828000068664551,0.48420000076293945,0.4828000068664551,0.48420000076293945,900,0.0,0.0
2024-09-09 15:35:00-04:00,0.48559999465942383,0.48559999465942383,0.48559999465942383,0.48559999465942383,567,0.0,0.0
2024-09-09 15:55:00-04:00,0.47999998927116394,0.47999998927116394,0.47999998927116394,0.47999998927116394,111,0.0,0.0
2024-09-10 10:05:00-04:00,0.4700999855995178,0.4700999855995178,0.4699999988079071,0.4699999988079071,7368,0.0,0.0
2024-09-10 10:15:00-04:00,0.4702000021934509,0.4702000021934509,0.4702000021934509,0.4702000021934509,3822,0.0,0.0
2024-09-10 11:40:00-04:00,0.48399999737739563,0.48500001430511475,0.4781000018119812,0.4781000018119812,8115,0.0,0.0
2024-09-10 11:50:00-04:00,0.4745999872684479,0.4745999872684479,0.4745999872684479,0.4745999872684479,211,0.0,0.0
2024-09-10 12:35:00-04:00,0.48399999737739563,0.48399999737739563,0.48399999737739563,0.48399999737739563,172,0.0,0.0
2024-09-10 12:50:00-04:00,0.48399999737739563,0.48399999737739563,0.48399999737739563,0.48399999737739563,2127,0.0,0.0
2024-09-10 13:45:00-04:00,0.47519999742507935,0.47519999742507935,0.47510001063346863,0.47510001063346863,474,0.0,0.0
2024-09-10 14:00:00-04:00,0.47510001063346863,0.47510001063346863,0.47510001063346863,0.47510001063346863,431,0.0,0.0
2024-09-10 14:15:00-04:00,0.4796000123023987,0.4796000123023987,0.4796000123023987,0.4796000123023987,214,0.0,0.0
2024-09-10 14:25:00-04:00,0.47510001063346863,0.47510001063346863,0.47510001063346863,0.47510001063346863,313,0.0,0.0
2024-09-10 14:40:00-04:00,0.47510001063346863,0.47510001063346863,0.47510001063346863,0.47510001063346863,1047,0.0,0.0
2024-09-10 14:45:00-04:00,0.47929999232292175,0.47929999232292175,0.47929999232292175,0.47929999232292175,476,0.0,0.0
2024-09-10 15:45:00-04:00,0.47510001063346863,0.47510001063346863,0.47510001063346863,0.47510001063346863,341,0.0,0.0
2024-09-10 15:55:00-04:00,0.47519999742507935,0.47519999742507935,0.47510001063346863,0.47510001063346863,0,0.0,0.0
2024-09-11 09:30:00-04:00,0.5099999904632568,0.5295000076293945,0.5099999904632568,0.5295000076293945,358817,0.0,0.0
2024-09-11 09:35:00-04:00,0.5235999822616577,0.5360000133514404,0.5230000019073486,0.531499981880188,49094,0.0,0.0
2024-09-11 09:40:00-04:00,0.5393000245094299,0.5393999814987183,0.5099999904632568,0.5101000070571899,46186,0.0,0.0
2024-09-11 09:45:00-04:00,0.5286999940872192,0.5286999940872192,0.5281000137329102,0.5281000137329102,4804,0.0,0.0
2024-09-11 09:50:00-04:00,0.5392000079154968,0.5789999961853027,0.5346999764442444,0.5600000023841858,80007,0.0,0.0
2024-09-11 09:55:00-04:00,0.5613999962806702,0.5699999928474426,0.5400000214576721,0.5400000214576721,15568,0.0,0.0
2024-09-11 10:00:00-04:00,0.5400000214576721,0.550000011920929,0.5,0.5400000214576721,24231,0.0,0.0
2024-09-11 10:05:00-04:00,0.5250999927520752,0.5353000164031982,0.5249999761581421,0.5311999917030334,35980,0.0,0.0
2024-09-11 10:10:00-04:00,0.5260000228881836,0.5260000228881836,0.5249999761581421,0.5249999761581421,6150,0.0,0.0
2024-09-11 10:15:00-04:00,0.5449000000953674,0.5449000000953674,0.5289999842643738,0.52920001745224,6083,0.0,0.0
2024-09-11 10:20:00-04:00,0.5289999842643738,0.5429999828338623,0.5210000276565552,0.5336999893188477,5137,0.0,0.0
2024-09-11 10:30:00-04:00,0.527400016784668,0.550000011920929,0.5210000276565552,0.5498999953269958,19056,0.0,0.0
2024-09-11 10:35:00-04:00,0.5350000262260437,0.5400000214576721,0.5300999879837036,0.5300999879837036,2703,0.0,0.0
2024-09-11 10:40:00-04:00,0.5397999882698059,0.5397999882698059,0.5300999879837036,0.5300999879837036,3603,0.0,0.0
2024-09-11 10:50:00-04:00,0.5297999978065491,0.5297999978065491,0.529699981212616,0.529699981212616,1959,0.0,0.0
2024-09-11 10:55:00-04:00,0.5297999978065491,0.5297999978065491,0.5275999903678894,0.5295000076293945,16486,0.0,0.0
2024-09-11 11:00:00-04:00,0.5385000109672546,0.5385000109672546,0.5199999809265137,0.5199999809265137,9841,0.0,0.0
2024-09-11 11:20:00-04:00,0.5199999809265137,0.5199999809265137,0.5199999809265137,0.5199999809265137,1864,0.0,0.0
2024-09-11 11:25:00-04:00,0.5249999761581421,0.5299000144004822,0.5249999761581421,0.5299000144004822,68,0.0,0.0
2024-09-11 11:30:00-04:00,0.539900004863739,0.539900004863739,0.539900004863739,0.539900004863739,9791,0.0,0.0
2024-09-11 11:35:00-04:00,0.5393000245094299,0.5393000245094299,0.5393000245094299,0.5393000245094299,1400,0.0,0.0
2024-09-11 11:40:00-04:00,0.5393999814987183,0.5799999833106995,0.5393999814987183,0.5400000214576721,48115,0.0,0.0
2024-09-11 11:45:00-04:00,0.5799000263214111,0.5799000263214111,0.5600000023841858,0.5600000023841858,26430,0.0,0.0
2024-09-11 11:50:00-04:00,0.5699999928474426,0.5799999833106995,0.5600000023841858,0.579800009727478,10921,0.0,0.0
2024-09-11 11:55:00-04:00,0.574999988079071,0.6100000143051147,0.5640000104904175,0.5699999928474426,125910,0.0,0.0
2024-09-11 12:00:00-04:00,0.5837000012397766,0.6071000099182129,0.5702000260353088,0.5848000049591064,40540,0.0,0.0
2024-09-11 12:05:00-04:00,0.5846999883651733,0.5996000170707703,0.5770000219345093,0.5799000263214111,46043,0.0,0.0
2024-09-11 12:10:00-04:00,0.5773000121116638,0.5968999862670898,0.5699999928474426,0.5968999862670898,9817,0.0,0.0
2024-09-11 12:15:00-04:00,0.5795000195503235,0.5996000170707703,0.5794000029563904,0.5795000195503235,70274,0.0,0.0
2024-09-11 12:20:00-04:00,0.5724999904632568,0.5817999839782715,0.5724999904632568,0.5817999839782715,14328,0.0,0.0
2024-09-11 12:25:00-04:00,0.5817999839782715,0.5817999839782715,0.5600000023841858,0.5600000023841858,4596,0.0,0.0
2024-09-11 12:30:00-04:00,0.5587000250816345,0.5598999857902527,0.5540000200271606,0.5540000200271606,13494,0.0,0.0
2024-09-11 12:35:00-04:00,0.5540000200271606,0.5716000199317932,0.5540000200271606,0.571399986743927,54694,0.0,0.0
2024-09-11 12:40:00-04:00,0.5493999719619751,0.5648000240325928,0.5400999784469604,0.5400999784469604,44202,0.0,0.0
2024-09-11 12:45:00-04:00,0.5400999784469604,0.5400999784469604,0.5400000214576721,0.5400000214576721,454,0.0,0.0
2024-09-11 12:55:00-04:00,0.5598999857902527,0.5598999857902527,0.5598999857902527,0.5598999857902527,200,0.0,0.0
2024-09-11 13:00:00-04:00,0.5544999837875366,0.5544999837875366,0.5544999837875366,0.5544999837875366,1180,0.0,0.0
2024-09-11 13:10:00-04:00,0.5600000023841858,0.5698999762535095,0.5550000071525574,0.5698999762535095,26584,0.0,0.0
2024-09-11 13:15:00-04:00,0.5698000192642212,0.5698999762535095,0.5598999857902527,0.569100022315979,1159,0.0,0.0
2024-09-11 13:20:00-04:00,0.5698000192642212,0.5698000192642212,0.5698000192642212,0.5698000192642212,1200,0.0,0.0
2024-09-11 13:40:00-04:00,0.5550000071525574,0.5550000071525574,0.5400999784469604,0.5400999784469604,3264,0.0,0.0
2024-09-11 13:45:00-04:00,0.550000011920929,0.550000011920929,0.550000011920929,0.550000011920929,256,0.0,0.0
2024-09-11 14:05:00-04:00,0.5498999953269958,0.5498999953269958,0.5419999957084656,0.5419999957084656,2854,0.0,0.0
2024-09-11 14:20:00-04:00,0.5450000166893005,0.5450999736785889,0.5450000166893005,0.5450999736785889,3864,0.0,0.0
2024-09-11 14:25:00-04:00,0.5698999762535095,0.5698999762535095,0.5681999921798706,0.5698999762535095,13132,0.0,0.0
2024-09-11 14:30:00-04:00,0.5450000166893005,0.5450000166893005,0.5450000166893005,0.5450000166893005,263,0.0,0.0
2024-09-11 14:35:00-04:00,0.550000011920929,0.550000011920929,0.550000011920929,0.550000011920929,820,0.0,0.0
2024-09-11 14:55:00-04:00,0.5580000281333923,0.5580000281333923,0.5580000281333923,0.5580000281333923,8043,0.0,0.0
2024-09-11 15:15:00-04:00,0.5577999949455261,0.5577999949455261,0.5577999949455261,0.5577999949455261,309,0.0,0.0
2024-09-11 15:25:00-04:00,0.5577999949455261,0.5577999949455261,0.5462999939918518,0.5462999939918518,360,0.0,0.0
2024-09-11 15:30:00-04:00,0.5462999939918518,0.5989999771118164,0.5462999939918518,0.5989999771118164,23135,0.0,0.0
2024-09-11 15:35:00-04:00,0.5734999775886536,0.5985999703407288,0.5641999840736389,0.5641999840736389,2073,0.0,0.0
2024-09-11 15:50:00-04:00,0.5799999833106995,0.5960000157356262,0.5799999833106995,0.5799999833106995,12416,0.0,0.0
2024-09-11 15:55:00-04:00,0.5799000263214111,0.5799999833106995,0.5638999938964844,0.5799000263214111,5784,0.0,0.0
2024-09-12 09:30:00-04:00,0.6000000238418579,0.6000000238418579,0.5509999990463257,0.5583999752998352,30128,0.0,0.0
2024-09-12 09:35:00-04:00,0.5584999918937683,0.5584999918937683,0.5584999918937683,0.5584999918937683,6500,0.0,0.0
2024-09-12 09:40:00-04:00,0.5584999918937683,0.5584999918937683,0.5511000156402588,0.5511000156402588,7945,0.0,0.0
2024-09-12 09:45:00-04:00,0.5601999759674072,0.5601999759674072,0.5601999759674072,0.5601999759674072,6613,0.0,0.0
2024-09-12 10:05:00-04:00,0.5605000257492065,0.5605000257492065,0.5605000257492065,0.5605000257492065,6649,0.0,0.0
2024-09-12 10:15:00-04:00,0.550000011920929,0.550000011920929,0.550000011920929,0.550000011920929,4874,0.0,0.0
2024-09-12 10:25:00-04:00,0.5501000285148621,0.5501000285148621,0.5501000285148621,0.5501000285148621,1691,0.0,0.0
2024-09-12 10:35:00-04:00,0.5501000285148621,0.5501000285148621,0.550000011920929,0.5501000285148621,10264,0.0,0.0
2024-09-12 10:40:00-04:00,0.550000011920929,0.550000011920929,0.550000011920929,0.550000011920929,107,0.0,0.0
2024-09-12 10:45:00-04:00,0.5504000186920166,0.5504000186920166,0.550000011920929,0.550000011920929,10100,0.0,0.0
2024-09-12 11:10:00-04:00,0.5695000290870667,0.5882999897003174,0.5695000290870667,0.5882999897003174,30362,0.0,0.0
2024-09-12 11:20:00-04:00,0.5511000156402588,0.5511000156402588,0.5501000285148621,0.5501000285148621,6380,0.0,0.0
2024-09-12 11:25:00-04:00,0.5504000186920166,0.5504000186920166,0.5504000186920166,0.5504000186920166,10682,0.0,0.0
2024-09-12 11:30:00-04:00,0.5878999829292297,0.5878999829292297,0.5878000259399414,0.5878999829292297,4501,0.0,0.0
2024-09-12 11:50:00-04:00,0.5795000195503235,0.5878000259399414,0.5795000195503235,0.5878000259399414,2989,0.0,0.0
2024-09-12 11:55:00-04:00,0.5879999995231628,0.5879999995231628,0.5879999995231628,0.5879999995231628,163,0.0,0.0
2024-09-12 12:00:00-04:00,0.5916000008583069,0.5916000008583069,0.5916000008583069,0.5916000008583069,4413,0.0,0.0
2024-09-12 12:30:00-04:00,0.5950000286102295,0.5950000286102295,0.5950000286102295,0.5950000286102295,2022,0.0,0.0
2024-09-12 12:40:00-04:00,0.5503000020980835,0.5503000020980835,0.5503000020980835,0.5503000020980835,1859,0.0,0.0
2024-09-12 12:55:00-04:00,0.5939000248908997,0.5950000286102295,0.5504999756813049,0.5950000286102295,1990,0.0,0.0
2024-09-12 13:00:00-04:00,0.5950000286102295,0.5950000286102295,0.5950000286102295,0.5950000286102295,998,0.0,0.0
2024-09-12 13:25:00-04:00,0.5950000286102295,0.5950000286102295,0.5950000286102295,0.5950000286102295,12341,0.0,0.0
2024-09-12 13:30:00-04:00,0.5950000286102295,0.5950000286102295,0.5950000286102295,0.5950000286102295,1269,0.0,0.0
2024-09-12 13:50:00-04:00,0.5950000286102295,0.5950000286102295,0.5950000286102295,0.5950000286102295,1322,0.0,0.0
2024-09-12 14:05:00-04:00,0.6000000238418579,0.6189000010490417,0.6000000238418579,0.6189000010490417,20669,0.0,0.0
2024-09-12 14:10:00-04:00,0.6389999985694885,0.6528000235557556,0.6389999985694885,0.6528000235557556,20045,0.0,0.0
2024-09-12 14:15:00-04:00,0.6389999985694885,0.6389999985694885,0.6389999985694885,0.6389999985694885,160,0.0,0.0
2024-09-12 14:25:00-04:00,0.6378999948501587,0.6378999948501587,0.6378999948501587,0.6378999948501587,547,0.0,0.0
2024-09-12 14:35:00-04:00,0.6378999948501587,0.6378999948501587,0.6378999948501587,0.6378999948501587,214,0.0,0.0
2024-09-12 14:40:00-04:00,0.6378999948501587,0.6575000286102295,0.6378999948501587,0.6575000286102295,8199,0.0,0.0
2024-09-12 14:45:00-04:00,0.661899983882904,0.6650999784469604,0.661899983882904,0.664900004863739,10519,0.0,0.0
2024-09-12 14:50:00-04:00,0.6639999747276306,0.6639999747276306,0.6639999747276306,0.6639999747276306,1502,0.0,0.0
2024-09-12 14:55:00-04:00,0.6299999952316284,0.6299999952316284,0.6299999952316284,0.6299999952316284,810,0.0,0.0
2024-09-12 15:00:00-04:00,0.6449999809265137,0.6449999809265137,0.6449999809265137,0.6449999809265137,3184,0.0,0.0
2024-09-12 15:10:00-04:00,0.6349999904632568,0.6349999904632568,0.6349999904632568,0.6349999904632568,566,0.0,0.0
2024-09-12 15:15:00-04:00,0.6582000255584717,0.6639999747276306,0.6582000255584717,0.6639999747276306,11799,0.0,0.0
2024-09-12 15:20:00-04:00,0.6740999817848206,0.7106999754905701,0.6740999817848206,0.7099000215530396,31570,0.0,0.0
2024-09-12 15:25:00-04:00,0.7001000046730042,0.7089999914169312,0.652400016784668,0.6711999773979187,8114,0.0,0.0
2024-09-12 15:30:00-04:00,0.7089999914169312,0.7089999914169312,0.6899999976158142,0.6899999976158142,3164,0.0,0.0
2024-09-12 15:35:00-04:00,0.6899999976158142,0.75,0.6899999976158142,0.7498999834060669,38638,0.0,0.0
2024-09-12 15:40:00-04:00,0.7246000170707703,0.739799976348877,0.6899999976158142,0.6899999976158142,21334,0.0,0.0
2024-09-12 15:45:00-04:00,0.7299000024795532,0.7299000024795532,0.7200000286102295,0.7200000286102295,1664,0.0,0.0
2024-09-12 15:50:00-04:00,0.7141000032424927,0.7300000190734863,0.7141000032424927,0.7200000286102295,4543,0.0,0.0
2024-09-12 15:55:00-04:00,0.7200000286102295,0.7300000190734863,0.7099999785423279,0.7299000024795532,4553,0.0,0.0
2024-09-13 09:30:00-04:00,0.7400000095367432,0.7789000272750854,0.7400000095367432,0.7789000272750854,42712,0.0,0.0
2024-09-13 09:35:00-04:00,0.7789999842643738,0.7799999713897705,0.7599999904632568,0.7799999713897705,4364,0.0,0.0
2024-09-13 09:40:00-04:00,0.789900004863739,0.8072999715805054,0.789900004863739,0.7950000166893005,37389,0.0,0.0
2024-09-13 09:45:00-04:00,0.7919999957084656,0.8169999718666077,0.7919999957084656,0.800000011920929,14901,0.0,0.0
2024-09-13 09:50:00-04:00,0.800000011920929,0.8140000104904175,0.7699999809265137,0.7710000276565552,11608,0.0,0.0
2024-09-13 09:55:00-04:00,0.7700999975204468,0.7710000276565552,0.7700999975204468,0.7710000276565552,248,0.0,0.0
2024-09-13 10:00:00-04:00,0.7720000147819519,0.7720000147819519,0.7200000286102295,0.7200000286102295,22900,0.0,0.0
2024-09-13 10:05:00-04:00,0.762499988079071,0.7627999782562256,0.7379999756813049,0.7379999756813049,10973,0.0,0.0
2024-09-13 10:10:00-04:00,0.7409999966621399,0.7409999966621399,0.7409999966621399,0.7409999966621399,176,0.0,0.0
2024-09-13 10:15:00-04:00,0.7599999904632568,0.7599999904632568,0.7450000047683716,0.7450000047683716,1870,0.0,0.0
2024-09-13 10:25:00-04:00,0.7509999871253967,0.7509999871253967,0.75,0.75,1160,0.0,0.0
2024-09-13 10:30:00-04:00,0.7531999945640564,0.7531999945640564,0.7450000047683716,0.7450000047683716,4989,0.0,0.0
2024-09-13 10:45:00-04:00,0.7570000290870667,0.7570000290870667,0.75,0.75,1968,0.0,0.0
2024-09-13 11:00:00-04:00,0.7400000095367432,0.7400000095367432,0.7102000117301941,0.7400000095367432,24073,0.0,0.0
2024-09-13 11:05:00-04:00,0.7121000289916992,0.7121000289916992,0.7121000289916992,0.7121000289916992,567,0.0,0.0
2024-09-13 11:15:00-04:00,0.7121999859809875,0.7121999859809875,0.7121999859809875,0.7121999859809875,7034,0.0,0.0
2024-09-13 11:25:00-04:00,0.699999988079071,0.699999988079071,0.6898000240325928,0.6899999976158142,3150,0.0,0.0
2024-09-13 11:30:00-04:00,0.6901000142097473,0.6901000142097473,0.6901000142097473,0.6901000142097473,1584,0.0,0.0
2024-09-13 11:45:00-04:00,0.7088000178337097,0.7088000178337097,0.7088000178337097,0.7088000178337097,586,0.0,0.0
2024-09-13 11:50:00-04:00,0.7099999785423279,0.7099999785423279,0.7099999785423279,0.7099999785423279,4806,0.0,0.0
2024-09-13 12:05:00-04:00,0.7379999756813049,0.7379999756813049,0.7379999756813049,0.7379999756813049,5831,0.0,0.0
2024-09-13 12:15:00-04:00,0.6959999799728394,0.6959999799728394,0.695900022983551,0.6959999799728394,574,0.0,0.0
2024-09-13 12:20:00-04:00,0.6959999799728394,0.6959999799728394,0.6959999799728394,0.6959999799728394,200,0.0,0.0
2024-09-13 12:25:00-04:00,0.7099999785423279,0.7099999785423279,0.7099999785423279,0.7099999785423279,100,0.0,0.0
2024-09-13 12:30:00-04:00,0.7379999756813049,0.7379999756813049,0.7170000076293945,0.7379999756813049,19480,0.0,0.0
2024-09-13 12:35:00-04:00,0.734000027179718,0.734000027179718,0.734000027179718,0.734000027179718,20000,0.0,0.0
2024-09-13 12:50:00-04:00,0.6899999976158142,0.7024999856948853,0.6899999976158142,0.7024999856948853,0,0.0,0.0
2024-09-13 12:55:00-04:00,0.7024999856948853,0.703000009059906,0.6909999847412109,0.703000009059906,886,0.0,0.0
2024-09-13 13:10:00-04:00,0.703499972820282,0.703499972820282,0.703499972820282,0.703499972820282,1151,0.0,0.0
2024-09-13 13:20:00-04:00,0.6919999718666077,0.703499972820282,0.6919999718666077,0.703499972820282,933,0.0,0.0
2024-09-13 13:25:00-04:00,0.6922000050544739,0.6922000050544739,0.6922000050544739,0.6922000050544739,1090,0.0,0.0
2024-09-13 13:35:00-04:00,0.7149999737739563,0.7178000211715698,0.7024999856948853,0.7139999866485596,8404,0.0,0.0
2024-09-13 14:10:00-04:00,0.6919999718666077,0.6919999718666077,0.6919999718666077,0.6919999718666077,0,0.0,0.0
2024-09-13 14:35:00-04:00,0.6930000185966492,0.6930000185966492,0.6930000185966492,0.6930000185966492,247673,0.0,0.0
2024-09-13 15:05:00-04:00,0.6919999718666077,0.6919999718666077,0.6919999718666077,0.6919999718666077,731,0.0,0.0
2024-09-13 15:15:00-04:00,0.699999988079071,0.699999988079071,0.699999988079071,0.699999988079071,480,0.0,0.0
2024-09-13 15:30:00-04:00,0.7099999785423279,0.7099999785423279,0.6859999895095825,0.6859999895095825,4350,0.0,0.0
2024-09-13 15:40:00-04:00,0.6859999895095825,0.6859999895095825,0.6859999895095825,0.6859999895095825,645,0.0,0.0
2024-09-13 15:55:00-04:00,0.6899999976158142,0.6899999976158142,0.6899999976158142,0.6899999976158142,3461,0.0,0.0
2024-09-16 09:30:00-04:00,0.7089999914169312,0.7350000143051147,0.699999988079071,0.7062000036239624,29081,0.0,0.0
2024-09-16 09:40:00-04:00,0.7088000178337097,0.7099999785423279,0.7088000178337097,0.7099999785423279,21056,0.0,0.0
2024-09-16 09:55:00-04:00,0.699999988079071,0.699999988079071,0.6510000228881836,0.6510000228881836,16400,0.0,0.0
2024-09-16 10:10:00-04:00,0.6834999918937683,0.6834999918937683,0.6834999918937683,0.6834999918937683,202,0.0,0.0
2024-09-16 10:15:00-04:00,0.6834999918937683,0.6834999918937683,0.6834999918937683,0.6834999918937683,4871,0.0,0.0
2024-09-16 10:20:00-04:00,0.6510999798774719,0.6660000085830688,0.6510000228881836,0.6660000085830688,5503,0.0,0.0
2024-09-16 10:25:00-04:00,0.6510000228881836,0.6510999798774719,0.6510000228881836,0.6510000228881836,1727,0.0,0.0
2024-09-16 10:35:00-04:00,0.6431999802589417,0.6431999802589417,0.6431999802589417,0.6431999802589417,221,0.0,0.0
2024-09-16 10:40:00-04:00,0.6507999897003174,0.6510000228881836,0.6507999897003174,0.6510000228881836,2449,0.0,0.0
2024-09-16 10:50:00-04:00,0.6420000195503235,0.6420000195503235,0.6420000195503235,0.6420000195503235,755,0.0,0.0
2024-09-16 10:55:00-04:00,0.6499999761581421,0.6499999761581421,0.6499999761581421,0.6499999761581421,6199,0.0,0.0
2024-09-16 11:00:00-04:00,0.6499000191688538,0.6499000191688538,0.6499000191688538,0.6499000191688538,4011,0.0,0.0
2024-09-16 11:05:00-04:00,0.6822999715805054,0.6822999715805054,0.6822999715805054,0.6822999715805054,200,0.0,0.0
2024-09-16 11:10:00-04:00,0.6850000023841858,0.6850000023841858,0.6850000023841858,0.6850000023841858,10341,0.0,0.0
2024-09-16 12:05:00-04:00,0.6848999857902527,0.6848999857902527,0.6848999857902527,0.6848999857902527,0,0.0,0.0
2024-09-16 12:45:00-04:00,0.6693000197410583,0.6848000288009644,0.6693000197410583,0.6848000288009644,112448,0.0,0.0
2024-09-16 13:05:00-04:00,0.6758000254631042,0.6809999942779541,0.6758000254631042,0.6809999942779541,432,0.0,0.0
2024-09-16 13:25:00-04:00,0.6848000288009644,0.6848000288009644,0.6800000071525574,0.6800000071525574,794,0.0,0.0
2024-09-16 13:55:00-04:00,0.6769000291824341,0.6798999905586243,0.6769000291824341,0.6796000003814697,2015,0.0,0.0
2024-09-16 14:05:00-04:00,0.6600000262260437,0.6600000262260437,0.6600000262260437,0.6600000262260437,900,0.0,0.0
2024-09-16 14:10:00-04:00,0.6800000071525574,0.6800000071525574,0.6800000071525574,0.6800000071525574,2790,0.0,0.0
2024-09-16 15:05:00-04:00,0.666100025177002,0.666100025177002,0.666100025177002,0.666100025177002,1886,0.0,0.0
2024-09-16 15:30:00-04:00,0.6502000093460083,0.6502000093460083,0.6502000093460083,0.6502000093460083,1085,0.0,0.0
2024-09-16 15:45:00-04:00,0.6532999873161316,0.6532999873161316,0.6532999873161316,0.6532999873161316,258,0.0,0.0
2024-09-16 15:55:00-04:00,0.6532999873161316,0.6532999873161316,0.6532999873161316,0.6532999873161316,9923,0.0,0.0
2024-09-17 09:30:00-04:00,0.6202999949455261,0.6299999952316284,0.6202999949455261,0.6299999952316284,12125,0.0,0.0
2024-09-17 09:45:00-04:00,0.6298999786376953,0.6298999786376953,0.6298999786376953,0.6298999786376953,2620,0.0,0.0
2024-09-17 09:50:00-04:00,0.6299999952316284,0.6499999761581421,0.6299999952316284,0.6499999761581421,2058,0.0,0.0
2024-09-17 10:15:00-04:00,0.6495000123977661,0.6495000123977661,0.6495000123977661,0.6495000123977661,2751,0.0,0.0
2024-09-17 10:35:00-04:00,0.6262999773025513,0.6262999773025513,0.6262999773025513,0.6262999773025513,1225,0.0,0.0
2024-09-17 10:40:00-04:00,0.625,0.625,0.625,0.625,147,0.0,0.0
2024-09-17 10:45:00-04:00,0.6205000281333923,0.635200023651123,0.6204000115394592,0.6204000115394592,1521,0.0,0.0
2024-09-17 10:50:00-04:00,0.635200023651123,0.635200023651123,0.635200023651123,0.635200023651123,0,0.0,0.0
2024-09-17 11:15:00-04:00,0.635200023651123,0.635200023651123,0.6205000281333923,0.635200023651123,39061,0.0,0.0
2024-09-17 11:35:00-04:00,0.635200023651123,0.635200023651123,0.6204000115394592,0.6204000115394592,1403,0.0,0.0
2024-09-17 12:00:00-04:00,0.6205999851226807,0.6205999851226807,0.6205999851226807,0.6205999851226807,673,0.0,0.0
2024-09-17 12:25:00-04:00,0.6499999761581421,0.6499999761581421,0.6499999761581421,0.6499999761581421,3244,0.0,0.0
2024-09-17 12:55:00-04:00,0.6215999722480774,0.6215999722480774,0.6215999722480774,0.6215999722480774,318,0.0,0.0
2024-09-17 13:15:00-04:00,0.6255999803543091,0.6255999803543091,0.6255999803543091,0.6255999803543091,0,0.0,0.0
2024-09-17 13:25:00-04:00,0.6236000061035156,0.6236000061035156,0.6236000061035156,0.6236000061035156,49772,0.0,0.0
2024-09-17 14:15:00-04:00,0.6251000165939331,0.6251000165939331,0.6251000165939331,0.6251000165939331,1500,0.0,0.0
2024-09-17 14:20:00-04:00,0.6399999856948853,0.6399999856948853,0.6399999856948853,0.6399999856948853,666,0.0,0.0
2024-09-17 14:40:00-04:00,0.625,0.625,0.625,0.625,0,0.0,0.0
2024-09-17 15:20:00-04:00,0.6254000067710876,0.6254000067710876,0.6251999735832214,0.6251999735832214,55479,0.0,0.0
2024-09-17 15:35:00-04:00,0.6276000142097473,0.6718999743461609,0.6276000142097473,0.6718999743461609,7395,0.0,0.0
2024-09-17 15:50:00-04:00,0.6259999871253967,0.6259999871253967,0.6259999871253967,0.6259999871253967,12000,0.0,0.0
2024-09-18 09:30:00-04:00,0.6399999856948853,0.6399999856948853,0.6399999856948853,0.6399999856948853,2769,0.0,0.0
2024-09-18 09:40:00-04:00,0.6499000191688538,0.6499000191688538,0.6349999904632568,0.6349999904632568,4156,0.0,0.0
2024-09-18 09:55:00-04:00,0.6202999949455261,0.6202999949455261,0.6202999949455261,0.6202999949455261,3325,0.0,0.0
2024-09-18 10:40:00-04:00,0.6349999904632568,0.6349999904632568,0.6349999904632568,0.6349999904632568,5888,0.0,0.0
2024-09-18 11:10:00-04:00,0.6205000281333923,0.6205000281333923,0.6205000281333923,0.6205000281333923,2899,0.0,0.0
2024-09-18 11:15:00-04:00,0.6495000123977661,0.6495000123977661,0.6495000123977661,0.6495000123977661,0,0.0,0.0
2024-09-18 11:20:00-04:00,0.6205999851226807,0.6205999851226807,0.6205000281333923,0.6205000281333923,926,0.0,0.0
2024-09-18 11:30:00-04:00,0.6209999918937683,0.6209999918937683,0.6209999918937683,0.6209999918937683,12547,0.0,0.0
2024-09-18 12:00:00-04:00,0.6200000047683716,0.6201000213623047,0.6200000047683716,0.6201000213623047,8314,0.0,0.0
2024-09-18 12:35:00-04:00,0.6299999952316284,0.6489999890327454,0.6299999952316284,0.6399999856948853,9000,0.0,0.0
2024-09-18 12:40:00-04:00,0.6301000118255615,0.6301000118255615,0.6301000118255615,0.6301000118255615,850,0.0,0.0
2024-09-18 13:15:00-04:00,0.6301000118255615,0.6399999856948853,0.6301000118255615,0.6399999856948853,5007,0.0,0.0
2024-09-18 13:35:00-04:00,0.6399999856948853,0.6399999856948853,0.6399999856948853,0.6399999856948853,1249,0.0,0.0
2024-09-18 14:10:00-04:00,0.625,0.6299999952316284,0.625,0.6299999952316284,4345,0.0,0.0
2024-09-18 14:15:00-04:00,0.6299999952316284,0.6399000287055969,0.6200000047683716,0.6200000047683716,13998,0.0,0.0
2024-09-18 14:25:00-04:00,0.6201000213623047,0.6201000213623047,0.6201000213623047,0.6201000213623047,1000,0.0,0.0
2024-09-18 14:40:00-04:00,0.6220999956130981,0.6220999956130981,0.6220999956130981,0.6220999956130981,1505,0.0,0.0
2024-09-18 15:20:00-04:00,0.6201000213623047,0.6201000213623047,0.6201000213623047,0.6201000213623047,1005,0.0,0.0
2024-09-18 15:40:00-04:00,0.6200000047683716,0.6200000047683716,0.5861999988555908,0.5861999988555908,31709,0.0,0.0
2024-09-19 09:40:00-04:00,0.6159999966621399,0.6159999966621399,0.6159999966621399,0.6159999966621399,1385,0.0,0.0
2024-09-19 10:10:00-04:00,0.6025999784469604,0.6025999784469604,0.6025999784469604,0.6025999784469604,1896,0.0,0.0
2024-09-19 10:15:00-04:00,0.6025999784469604,0.6025999784469604,0.6025999784469604,0.6025999784469604,103,0.0,0.0
2024-09-19 10:30:00-04:00,0.6010000109672546,0.6010000109672546,0.6010000109672546,0.6010000109672546,449,0.0,0.0
2024-09-19 10:50:00-04:00,0.5903000235557556,0.5903000235557556,0.5899999737739563,0.5899999737739563,4496,0.0,0.0
2024-09-19 10:55:00-04:00,0.5929999947547913,0.5929999947547913,0.5929999947547913,0.5929999947547913,714,0.0,0.0
2024-09-19 11:10:00-04:00,0.5928999781608582,0.5928999781608582,0.5889000296592712,0.5889000296592712,2663,0.0,0.0
2024-09-19 11:15:00-04:00,0.5889999866485596,0.5889999866485596,0.5889999866485596,0.5889999866485596,100,0.0,0.0
2024-09-19 11:20:00-04:00,0.5910000205039978,0.5910000205039978,0.5889999866485596,0.5910000205039978,2100,0.0,0.0
2024-09-19 11:30:00-04:00,0.5928999781608582,0.5928999781608582,0.5928999781608582,0.5928999781608582,233,0.0,0.0
2024-09-19 11:40:00-04:00,0.5889999866485596,0.5889999866485596,0.5889999866485596,0.5889999866485596,200,0.0,0.0
2024-09-19 11:50:00-04:00,0.5889999866485596,0.5889999866485596,0.5889999866485596,0.5889999866485596,2210,0.0,0.0
2024-09-19 12:00:00-04:00,0.5889999866485596,0.5889999866485596,0.5889999866485596,0.5889999866485596,1508,0.0,0.0
2024-09-19 12:15:00-04:00,0.5916000008583069,0.5916000008583069,0.5888000130653381,0.5888000130653381,1335,0.0,0.0
2024-09-19 12:20:00-04:00,0.5889000296592712,0.5889000296592712,0.5889000296592712,0.5889000296592712,1276,0.0,0.0
2024-09-19 12:25:00-04:00,0.5888000130653381,0.5888000130653381,0.5888000130653381,0.5888000130653381,0,0.0,0.0
2024-09-19 12:55:00-04:00,0.5910000205039978,0.5910000205039978,0.5910000205039978,0.5910000205039978,1063,0.0,0.0
2024-09-19 13:05:00-04:00,0.5928999781608582,0.5928999781608582,0.5928999781608582,0.5928999781608582,238,0.0,0.0
2024-09-19 13:10:00-04:00,0.5889000296592712,0.5889000296592712,0.5889000296592712,0.5889000296592712,310,0.0,0.0
2024-09-19 15:20:00-04:00,0.5889000296592712,0.5889000296592712,0.5889000296592712,0.5889000296592712,105,0.0,0.0
2024-09-19 15:25:00-04:00,0.5928999781608582,0.6183000206947327,0.5888000130653381,0.607699990272522,90498,0.0,0.0
2024-09-19 15:30:00-04:00,0.6182000041007996,0.6183000206947327,0.6123999953269958,0.6183000206947327,1450,0.0,0.0
2024-09-19 15:35:00-04:00,0.6183000206947327,0.6183000206947327,0.6150000095367432,0.6150000095367432,3914,0.0,0.0
2024-09-19 15:40:00-04:00,0.6176000237464905,0.6176000237464905,0.6092000007629395,0.6092000007629395,3958,0.0,0.0
2024-09-19 15:45:00-04:00,0.6092000007629395,0.6183000206947327,0.6000000238418579,0.6183000206947327,457,0.0,0.0
2024-09-19 15:50:00-04:00,0.6000999808311462,0.6089000105857849,0.6000999808311462,0.6050999760627747,8608,0.0,0.0
2024-09-20 09:35:00-04:00,0.5900999903678894,0.5900999903678894,0.5900999903678894,0.5900999903678894,5288,0.0,0.0
2024-09-20 10:00:00-04:00,0.597599983215332,0.597599983215332,0.597599983215332,0.597599983215332,731,0.0,0.0
2024-09-20 10:10:00-04:00,0.597000002861023,0.597000002861023,0.597000002861023,0.597000002861023,500,0.0,0.0
2024-09-20 10:15:00-04:00,0.5996999740600586,0.5996999740600586,0.5920000076293945,0.5921000242233276,20967,0.0,0.0
2024-09-20 10:20:00-04:00,0.5799999833106995,0.5875999927520752,0.5799999833106995,0.5875999927520752,57458,0.0,0.0
2024-09-20 10:25:00-04:00,0.5800999999046326,0.5800999999046326,0.5800999999046326,0.5800999999046326,0,0.0,0.0
2024-09-20 10:30:00-04:00,0.5799999833106995,0.5799999833106995,0.5710999965667725,0.5710999965667725,8971,0.0,0.0
2024-09-20 11:05:00-04:00,0.5900999903678894,0.5902000069618225,0.5900999903678894,0.5900999903678894,1977,0.0,0.0
2024-09-20 11:15:00-04:00,0.5777000188827515,0.5777000188827515,0.5777000188827515,0.5777000188827515,200,0.0,0.0
2024-09-20 11:25:00-04:00,0.5777000188827515,0.5777000188827515,0.5777000188827515,0.5777000188827515,106,0.0,0.0
2024-09-20 11:30:00-04:00,0.5777000188827515,0.5777000188827515,0.5777000188827515,0.5777000188827515,1135,0.0,0.0
2024-09-20 11:45:00-04:00,0.5800999999046326,0.5800999999046326,0.5800999999046326,0.5800999999046326,869,0.0,0.0
2024-09-20 12:00:00-04:00,0.5800999999046326,0.5800999999046326,0.5800999999046326,0.5800999999046326,1487,0.0,0.0
2024-09-20 13:35:00-04:00,0.5799999833106995,0.5799999833106995,0.5799999833106995,0.5799999833106995,1848,0.0,0.0
2024-09-20 14:10:00-04:00,0.5776000022888184,0.5776000022888184,0.5776000022888184,0.5776000022888184,370,0.0,0.0
2024-09-20 14:35:00-04:00,0.5745999813079834,0.5745999813079834,0.5745999813079834,0.5745999813079834,280,0.0,0.0
2024-09-20 14:40:00-04:00,0.5713000297546387,0.5713000297546387,0.5713000297546387,0.5713000297546387,60,0.0,0.0
2024-09-20 14:50:00-04:00,0.5778999924659729,0.5778999924659729,0.5778999924659729,0.5778999924659729,1444,0.0,0.0
2024-09-20 14:55:00-04:00,0.5713000297546387,0.5713000297546387,0.5605000257492065,0.5605000257492065,17103,0.0,0.0
2024-09-20 15:00:00-04:00,0.574999988079071,0.574999988079071,0.574999988079071,0.574999988079071,22195,0.0,0.0
2024-09-20 15:05:00-04:00,0.5605000257492065,0.5605000257492065,0.5600000023841858,0.5600000023841858,0,0.0,0.0
2024-09-20 15:20:00-04:00,0.5600000023841858,0.5600000023841858,0.5600000023841858,0.5600000023841858,2610,0.0,0.0
2024-09-20 15:30:00-04:00,0.5600000023841858,0.5600000023841858,0.5600000023841858,0.5600000023841858,234,0.0,0.0
2024-09-20 15:55:00-04:00,0.5594000220298767,0.5600000023841858,0.5501999855041504,0.5501999855041504,1293,0.0,0.0
2024-09-23 09:30:00-04:00,0.5501999855041504,0.5501999855041504,0.5501999855041504,0.5501999855041504,12741,0.0,0.0
2024-09-23 09:50:00-04:00,0.5651999711990356,0.5651999711990356,0.5651999711990356,0.5651999711990356,166,0.0,0.0
2024-09-23 10:00:00-04:00,0.5564000010490417,0.5564000010490417,0.5564000010490417,0.5564000010490417,0,0.0,0.0
2024-09-23 10:25:00-04:00,0.5699999928474426,0.5699999928474426,0.5699999928474426,0.5699999928474426,18748,0.0,0.0
2024-09-23 10:50:00-04:00,0.5509999990463257,0.5509999990463257,0.5509999990463257,0.5509999990463257,1376,0.0,0.0
2024-09-23 11:05:00-04:00,0.5690000057220459,0.5690000057220459,0.5690000057220459,0.5690000057220459,4472,0.0,0.0
2024-09-23 11:30:00-04:00,0.5519999861717224,0.5519999861717224,0.5519999861717224,0.5519999861717224,0,0.0,0.0
2024-09-23 14:40:00-04:00,0.5379999876022339,0.5590000152587891,0.5379999876022339,0.5590000152587891,28228,0.0,0.0
2024-09-23 14:45:00-04:00,0.5212000012397766,0.5299999713897705,0.501800000667572,0.501800000667572,47634,0.0,0.0
2024-09-23 14:55:00-04:00,0.5679000020027161,0.5679000020027161,0.5679000020027161,0.5679000020027161,0,0.0,0.0
2024-09-23 15:25:00-04:00,0.5135999917984009,0.531000018119812,0.5019999742507935,0.5019999742507935,84652,0.0,0.0
2024-09-23 15:30:00-04:00,0.5361999869346619,0.5361999869346619,0.5361999869346619,0.5361999869346619,4020,0.0,0.0
2024-09-23 15:50:00-04:00,0.5005000233650208,0.5005000233650208,0.5005000233650208,0.5005000233650208,1167,0.0,0.0
2024-09-23 15:55:00-04:00,0.5101000070571899,0.5199999809265137,0.5099999904632568,0.5199000239372253,17683,0.0,0.0
2024-09-24 09:30:00-04:00,0.5432000160217285,0.5432000160217285,0.5432000160217285,0.5432000160217285,2022,0.0,0.0
2024-09-24 09:35:00-04:00,0.5400000214576721,0.5400000214576721,0.539900004863739,0.5400000214576721,11190,0.0,0.0
2024-09-24 10:00:00-04:00,0.5494999885559082,0.5494999885559082,0.5494999885559082,0.5494999885559082,0,0.0,0.0
2024-09-24 10:15:00-04:00,0.5400999784469604,0.5403000116348267,0.5400999784469604,0.5400999784469604,0,0.0,0.0
2024-09-24 11:25:00-04:00,0.5242000222206116,0.5321000218391418,0.5242000222206116,0.5321000218391418,23658,0.0,0.0
2024-09-24 12:10:00-04:00,0.5322999954223633,0.5322999954223633,0.5322999954223633,0.5322999954223633,200,0.0,0.0
2024-09-24 12:25:00-04:00,0.5403000116348267,0.5403000116348267,0.5322999954223633,0.5322999954223633,3220,0.0,0.0
2024-09-24 12:30:00-04:00,0.5324000120162964,0.5324000120162964,0.5324000120162964,0.5324000120162964,163,0.0,0.0
2024-09-24 13:20:00-04:00,0.5324000120162964,0.5325000286102295,0.5324000120162964,0.5325000286102295,11109,0.0,0.0
2024-09-24 13:25:00-04:00,0.5324000120162964,0.5325000286102295,0.5241000056266785,0.5241000056266785,7162,0.0,0.0
2024-09-24 13:45:00-04:00,0.5299999713897705,0.5299999713897705,0.5299999713897705,0.5299999713897705,3770,0.0,0.0
2024-09-24 15:05:00-04:00,0.5230000019073486,0.5230000019073486,0.5230000019073486,0.5230000019073486,1336,0.0,0.0
2024-09-24 15:10:00-04:00,0.5400000214576721,0.5400000214576721,0.5400000214576721,0.5400000214576721,1124,0.0,0.0
2024-09-25 09:40:00-04:00,0.5349000096321106,0.5349000096321106,0.5349000096321106,0.5349000096321106,1764,0.0,0.0
2024-09-25 09:45:00-04:00,0.5349000096321106,0.5349000096321106,0.5349000096321106,0.5349000096321106,0,0.0,0.0
2024-09-25 10:05:00-04:00,0.5396000146865845,0.5396000146865845,0.5396000146865845,0.5396000146865845,116,0.0,0.0
2024-09-25 10:30:00-04:00,0.5394999980926514,0.5394999980926514,0.5302000045776367,0.5302000045776367,3251,0.0,0.0
2024-09-25 10:40:00-04:00,0.5389999747276306,0.5396000146865845,0.535099983215332,0.535099983215332,9949,0.0,0.0
2024-09-25 10:50:00-04:00,0.5400999784469604,0.5400999784469604,0.5400999784469604,0.5400999784469604,0,0.0,0.0
2024-09-25 10:55:00-04:00,0.5400999784469604,0.5400999784469604,0.5400999784469604,0.5400999784469604,1000,0.0,0.0
2024-09-25 11:00:00-04:00,0.5422999858856201,0.5422999858856201,0.5422999858856201,0.5422999858856201,2150,0.0,0.0
2024-09-25 11:10:00-04:00,0.5540000200271606,0.5540000200271606,0.5540000200271606,0.5540000200271606,2000,0.0,0.0
2024-09-25 11:15:00-04:00,0.5501000285148621,0.5501000285148621,0.5501000285148621,0.5501000285148621,0,0.0,0.0
2024-09-25 11:20:00-04:00,0.5540000200271606,0.5540000200271606,0.5501999855041504,0.5501999855041504,800,0.0,0.0
2024-09-25 11:25:00-04:00,0.5522000193595886,0.5522000193595886,0.5522000193595886,0.5522000193595886,3340,0.0,0.0
2024-09-25 11:50:00-04:00,0.5666999816894531,0.5799000263214111,0.5666000247001648,0.5799000263214111,20073,0.0,0.0
2024-09-25 11:55:00-04:00,0.5789999961853027,0.5799999833106995,0.5699999928474426,0.5748999714851379,2848,0.0,0.0
2024-09-25 12:00:00-04:00,0.5748999714851379,0.5748999714851379,0.5748999714851379,0.5748999714851379,255,0.0,0.0
2024-09-25 12:10:00-04:00,0.5748999714851379,0.5748999714851379,0.5748999714851379,0.5748999714851379,2400,0.0,0.0
2024-09-25 12:15:00-04:00,0.5748999714851379,0.5748999714851379,0.5748999714851379,0.5748999714851379,0,0.0,0.0
2024-09-25 12:25:00-04:00,0.5770000219345093,0.5770000219345093,0.5735999941825867,0.5735999941825867,2010,0.0,0.0
2024-09-25 12:30:00-04:00,0.5770999789237976,0.5794000029563904,0.5770999789237976,0.5794000029563904,1519,0.0,0.0
2024-09-25 12:35:00-04:00,0.5748000144958496,0.5748000144958496,0.5748000144958496,0.5748000144958496,1000,0.0,0.0
2024-09-25 12:50:00-04:00,0.5748999714851379,0.5748999714851379,0.5748999714851379,0.5748999714851379,732,0.0,0.0
2024-09-25 12:55:00-04:00,0.5748999714851379,0.5748999714851379,0.5748999714851379,0.5748999714851379,0,0.0,0.0
2024-09-25 13:10:00-04:00,0.574999988079071,0.574999988079071,0.5748999714851379,0.5748999714851379,1400,0.0,0.0
2024-09-25 13:15:00-04:00,0.5748000144958496,0.5748000144958496,0.5748000144958496,0.5748000144958496,1826,0.0,0.0
2024-09-25 13:50:00-04:00,0.5748000144958496,0.5748000144958496,0.5701000094413757,0.5701000094413757,4538,0.0,0.0
2024-09-25 13:55:00-04:00,0.5605999827384949,0.569599986076355,0.5600000023841858,0.569599986076355,1761,0.0,0.0
2024-09-25 14:00:00-04:00,0.5611000061035156,0.5611000061035156,0.5609999895095825,0.5611000061035156,2313,0.0,0.0
2024-09-25 14:20:00-04:00,0.574999988079071,0.574999988079071,0.574999988079071,0.574999988079071,1119,0.0,0.0
2024-09-25 14:30:00-04:00,0.5680000185966492,0.574999988079071,0.5680000185966492,0.574999988079071,3400,0.0,0.0
2024-09-25 14:40:00-04:00,0.5680000185966492,0.5680000185966492,0.5680000185966492,0.5680000185966492,1843,0.0,0.0
2024-09-25 14:45:00-04:00,0.5680999755859375,0.5680999755859375,0.5680999755859375,0.5680999755859375,500,0.0,0.0
2024-09-25 14:50:00-04:00,0.5684999823570251,0.5684999823570251,0.5684999823570251,0.5684999823570251,114,0.0,0.0
2024-09-25 15:00:00-04:00,0.5716999769210815,0.5716999769210815,0.5716999769210815,0.5716999769210815,200,0.0,0.0
2024-09-25 15:05:00-04:00,0.5745000243186951,0.5745000243186951,0.5745000243186951,0.5745000243186951,275,0.0,0.0
2024-09-25 15:20:00-04:00,0.5748000144958496,0.5748000144958496,0.5746999979019165,0.5746999979019165,2375,0.0,0.0
2024-09-25 15:25:00-04:00,0.5745000243186951,0.5748000144958496,0.5745000243186951,0.5748000144958496,1200,0.0,0.0
2024-09-25 15:30:00-04:00,0.5746999979019165,0.6018000245094299,0.5745000243186951,0.6008999943733215,28503,0.0,0.0
2024-09-25 15:35:00-04:00,0.5849999785423279,0.6017000079154968,0.5849999785423279,0.6017000079154968,706,0.0,0.0
2024-09-25 15:40:00-04:00,0.5601000189781189,0.5802000164985657,0.5600000023841858,0.5601000189781189,13581,0.0,0.0
2024-09-25 15:50:00-04:00,0.5849999785423279,0.5849999785423279,0.5849999785423279,0.5849999785423279,1954,0.0,0.0
2024-09-25 15:55:00-04:00,0.6003999710083008,0.6003999710083008,0.6001999974250793,0.6001999974250793,20032,0.0,0.0
2024-09-26 09:30:00-04:00,0.6000000238418579,0.6100000143051147,0.5899999737739563,0.6000000238418579,46830,0.0,0.0
2024-09-26 09:35:00-04:00,0.6100000143051147,0.6100000143051147,0.6100000143051147,0.6100000143051147,3888,0.0,0.0
2024-09-26 09:40:00-04:00,0.6100000143051147,0.6100000143051147,0.6100000143051147,0.6100000143051147,230,0.0,0.0
2024-09-26 09:55:00-04:00,0.6100000143051147,0.6100000143051147,0.6100000143051147,0.6100000143051147,102,0.0,0.0
2024-09-26 10:15:00-04:00,0.6201000213623047,0.6201000213623047,0.6200000047683716,0.6200000047683716,4252,0.0,0.0
2024-09-26 10:20:00-04:00,0.6200000047683716,0.6200000047683716,0.6200000047683716,0.6200000047683716,0,0.0,0.0
2024-09-26 10:25:00-04:00,0.6388999819755554,0.6388999819755554,0.6388999819755554,0.6388999819755554,1145,0.0,0.0
2024-09-26 10:30:00-04:00,0.6389999985694885,0.6389999985694885,0.6360999941825867,0.6360999941825867,4012,0.0,0.0
2024-09-26 10:35:00-04:00,0.6252999901771545,0.6252999901771545,0.6247000098228455,0.6247000098228455,3319,0.0,0.0
2024-09-26 10:40:00-04:00,0.6388000249862671,0.6499999761581421,0.6200000047683716,0.6200000047683716,14759,0.0,0.0
2024-09-26 10:55:00-04:00,0.6583999991416931,0.6583999991416931,0.6583999991416931,0.6583999991416931,3096,0.0,0.0
2024-09-26 11:10:00-04:00,0.6498000025749207,0.6498000025749207,0.6498000025749207,0.6498000025749207,201,0.0,0.0
2024-09-26 11:20:00-04:00,0.6349999904632568,0.6349999904632568,0.6299999952316284,0.6301000118255615,6522,0.0,0.0
2024-09-26 12:05:00-04:00,0.6460000276565552,0.6460000276565552,0.6460000276565552,0.6460000276565552,5560,0.0,0.0
2024-09-26 12:30:00-04:00,0.6499999761581421,0.6499999761581421,0.6499999761581421,0.6499999761581421,2324,0.0,0.0
2024-09-26 12:50:00-04:00,0.6302000284194946,0.6351000070571899,0.6302000284194946,0.6351000070571899,5261,0.0,0.0
2024-09-26 13:50:00-04:00,0.6312000155448914,0.6312000155448914,0.6310999989509583,0.6310999989509583,2064,0.0,0.0
2024-09-26 13:55:00-04:00,0.6399999856948853,0.6399999856948853,0.6399999856948853,0.6399999856948853,620,0.0,0.0
2024-09-26 14:00:00-04:00,0.6399999856948853,0.6399999856948853,0.6399999856948853,0.6399999856948853,1690,0.0,0.0
2024-09-26 14:05:00-04:00,0.6315000057220459,0.6315000057220459,0.6037999987602234,0.6037999987602234,7829,0.0,0.0
2024-09-26 15:45:00-04:00,0.6100999712944031,0.6100999712944031,0.6100999712944031,0.6100999712944031,1033,0.0,0.0
2024-09-27 09:30:00-04:00,0.6200000047683716,0.6200000047683716,0.6200000047683716,0.6200000047683716,390,0.0,0.0
2024-09-27 09:35:00-04:00,0.6489999890327454,0.6790000200271606,0.6444000005722046,0.6790000200271606,10395,0.0,0.0
2024-09-27 09:40:00-04:00,0.6790000200271606,0.6949999928474426,0.6743999719619751,0.6800000071525574,19924,0.0,0.0
2024-09-27 09:45:00-04:00,0.6549999713897705,0.6575000286102295,0.6399999856948853,0.6575000286102295,4208,0.0,0.0
2024-09-27 09:50:00-04:00,0.6549999713897705,0.6700000166893005,0.6549999713897705,0.6699000000953674,9579,0.0,0.0
2024-09-27 10:00:00-04:00,0.652999997138977,0.6800000071525574,0.652999997138977,0.6800000071525574,4088,0.0,0.0
2024-09-27 10:05:00-04:00,0.6800000071525574,0.6800000071525574,0.6789000034332275,0.6789000034332275,1750,0.0,0.0
2024-09-27 10:10:00-04:00,0.6790000200271606,0.6790000200271606,0.6499999761581421,0.6499999761581421,3522,0.0,0.0
2024-09-27 10:15:00-04:00,0.6499999761581421,0.6499999761581421,0.6499999761581421,0.6499999761581421,0,0.0,0.0
2024-09-27 10:20:00-04:00,0.6499999761581421,0.6789000034332275,0.6499999761581421,0.6758999824523926,4205,0.0,0.0
2024-09-27 10:25:00-04:00,0.6758999824523926,0.6759999990463257,0.6499999761581421,0.6499999761581421,4291,0.0,0.0
2024-09-27 10:30:00-04:00,0.6549999713897705,0.6549999713897705,0.6549999713897705,0.6549999713897705,0,0.0,0.0
2024-09-27 10:35:00-04:00,0.6550999879837036,0.6550999879837036,0.6500999927520752,0.6500999927520752,3050,0.0,0.0
2024-09-27 10:40:00-04:00,0.6599000096321106,0.6599000096321106,0.6599000096321106,0.6599000096321106,1816,0.0,0.0
2024-09-27 10:45:00-04:00,0.6700000166893005,0.6700000166893005,0.6700000166893005,0.6700000166893005,602,0.0,0.0
2024-09-27 10:50:00-04:00,0.6699000000953674,0.6700000166893005,0.6699000000953674,0.6700000166893005,3771,0.0,0.0
2024-09-27 10:55:00-04:00,0.6700000166893005,0.6700000166893005,0.6700000166893005,0.6700000166893005,3474,0.0,0.0
2024-09-27 11:00:00-04:00,0.6779999732971191,0.6779999732971191,0.6779999732971191,0.6779999732971191,200,0.0,0.0
2024-09-27 11:05:00-04:00,0.6779999732971191,0.6779999732971191,0.6779999732971191,0.6779999732971191,315,0.0,0.0
2024-09-27 11:10:00-04:00,0.670199990272522,0.670199990272522,0.670199990272522,0.670199990272522,1914,0.0,0.0
2024-09-27 11:25:00-04:00,0.6700999736785889,0.6704999804496765,0.6700999736785889,0.6704999804496765,2432,0.0,0.0
2024-09-27 11:30:00-04:00,0.6700999736785889,0.6700999736785889,0.6700999736785889,0.6700999736785889,0,0.0,0.0
2024-09-27 12:00:00-04:00,0.6789000034332275,0.6790000200271606,0.6789000034332275,0.6790000200271606,1382,0.0,0.0
2024-09-27 12:05:00-04:00,0.6789000034332275,0.6789000034332275,0.6620000004768372,0.6789000034332275,6561,0.0,0.0
2024-09-27 12:15:00-04:00,0.6583999991416931,0.6583999991416931,0.65829998254776,0.6583999991416931,1199,0.0,0.0
2024-09-27 12:20:00-04:00,0.6748999953269958,0.6748999953269958,0.6748999953269958,0.6748999953269958,267,0.0,0.0
2024-09-27 12:25:00-04:00,0.6748999953269958,0.6748999953269958,0.6748999953269958,0.6748999953269958,201,0.0,0.0
2024-09-27 12:30:00-04:00,0.6748999953269958,0.6748999953269958,0.6748999953269958,0.6748999953269958,200,0.0,0.0
2024-09-27 12:35:00-04:00,0.6510000228881836,0.6740000247955322,0.6499999761581421,0.6499999761581421,202,0.0,0.0
2024-09-27 12:40:00-04:00,0.6740000247955322,0.6747000217437744,0.6500999927520752,0.6500999927520752,2750,0.0,0.0
2024-09-27 12:45:00-04:00,0.6747000217437744,0.6747000217437744,0.6736999750137329,0.6747000217437744,600,0.0,0.0
2024-09-27 12:50:00-04:00,0.6747000217437744,0.6747000217437744,0.6500999927520752,0.6747000217437744,600,0.0,0.0
2024-09-27 12:55:00-04:00,0.6625000238418579,0.6747000217437744,0.6625000238418579,0.6747000217437744,2541,0.0,0.0
2024-09-27 13:00:00-04:00,0.6747000217437744,0.6747000217437744,0.6747000217437744,0.6747000217437744,9,0.0,0.0
2024-09-27 13:20:00-04:00,0.6500999927520752,0.6500999927520752,0.6500999927520752,0.6500999927520752,240,0.0,0.0
2024-09-27 13:30:00-04:00,0.6510000228881836,0.6510000228881836,0.6499999761581421,0.6499999761581421,488,0.0,0.0
2024-09-27 13:35:00-04:00,0.6513000130653381,0.6513000130653381,0.6513000130653381,0.6513000130653381,1456,0.0,0.0
2024-09-27 13:40:00-04:00,0.669700026512146,0.669700026512146,0.669700026512146,0.669700026512146,1998,0.0,0.0
2024-09-27 13:45:00-04:00,0.6499999761581421,0.6499999761581421,0.6499999761581421,0.6499999761581421,3959,0.0,0.0
2024-09-27 14:20:00-04:00,0.6531999707221985,0.6579999923706055,0.6531999707221985,0.6579999923706055,5700,0.0,0.0
2024-09-27 14:25:00-04:00,0.6578999757766724,0.6579999923706055,0.6500999927520752,0.6579999923706055,3120,0.0,0.0
2024-09-27 14:35:00-04:00,0.6606000065803528,0.6606000065803528,0.6606000065803528,0.6606000065803528,400,0.0,0.0
2024-09-27 14:40:00-04:00,0.6632000207901001,0.6632000207901001,0.6632000207901001,0.6632000207901001,2106,0.0,0.0
2024-09-27 15:05:00-04:00,0.6589999794960022,0.6589999794960022,0.6589999794960022,0.6589999794960022,610,0.0,0.0
2024-09-27 15:50:00-04:00,0.6452999711036682,0.6600000262260437,0.6402999758720398,0.6600000262260437,4818,0.0,0.0
2024-09-27 15:55:00-04:00,0.6589999794960022,0.6600000262260437,0.6589999794960022,0.6600000262260437,400,0.0,0.0
